[{"text": "\n                    美国继续按实体清单管理对华为出口，任总回应！美国工业与安全局(BIS)的出口执法办公室副主任John Sonderman在周一发给执法人员的电子邮件中，“应该根据第744章规定的评估政策进行审批，”包含实体清单、以及适用于黑名单企业许可政策的“否决推定”的规定。而白宫贸易事务顾问纳瓦罗周二指出，政府 ​  展开全文c \n                    美国继续按实体清单管理对华为出口，任总回应！美国工业与安全局(BIS)的出口执法办公室副主任John Sonderman在周一发给执法人员的电子邮件中，“应该根据第744章规定的评估政策进行审批，”包含实体清单、以及适用于黑名单企业许可政策的“否决推定”的规定。而白宫贸易事务顾问纳瓦罗周二指出，政府将允许向华为出售“技术含量较低”的芯片，这不会影响国家安全。任总也回应对华为无影响，具体： O美国继续按实体清单管理对华为出口，任总回应 收起全文d\n", "author": "HW前HR", "time": "HW前HR2019年07月03日18:25 来自HUAWEIP30Pro", "transmit": " 转发 23", "comment": "评论 79", "zan": " 344"}, {"text": "\n                    针对放宽华为限制一事，纳瓦罗2日表示，“销售技术含量低的少量半导体产品并无坏处”，从而透露美国放宽供货限制的对象将仅限于不会影响国家安全的部分半导体产品。另外，在新一代通讯标准5G的问题上，纳瓦罗强调美国针对华为的措施没有改变，将继续把华为列在禁止交易的实体清单上。预计美方今后将 ​  展开全文c \n                    针对放宽华为限制一事，纳瓦罗2日表示，“销售技术含量低的少量半导体产品并无坏处”，从而透露美国放宽供货限制的对象将仅限于不会影响国家安全的部分半导体产品。另外，在新一代通讯标准5G的问题上，纳瓦罗强调美国针对华为的措施没有改变，将继续把华为列在禁止交易的实体清单上。预计美方今后将公布解除供货限制的具体产品列表。由于针对华为的限制也影响到包括日本在内的许多半导体行业的企业等，因此，今后美中之间的经贸谈判将备受各方关注。 收起全文d\n", "author": "George-瓜瓜", "time": "George-瓜瓜2019年07月03日15:33 来自iPhone7Plus", "transmit": " 转发 26", "comment": "评论 55", "zan": " 95"}]