[{"text": "\n                    【联邦快递又道歉了！拒绝投递华为手机，是错误操作】美国联邦快递最近又被曝出一起拒绝投递华为手机事件。21日，美国一家科技杂志报道称，该社一名记者寄出的一部华为手机被联邦快递退回。联邦快递表示，由于华为公司被美国政府列入限制交易的“实体清单”，联邦快递目前不接受任何该品牌产品的快递业 ​  展开全文c \n                    【联邦快递又道歉了！拒绝投递华为手机，是错误操作】美国联邦快递最近又被曝出一起拒绝投递华为手机事件。21日，美国一家科技杂志报道称，该社一名记者寄出的一部华为手机被联邦快递退回。联邦快递表示，由于华为公司被美国政府列入限制交易的“实体清单”，联邦快递目前不接受任何该品牌产品的快递业务。不过，就在媒体曝光了这件事之后，联邦快递公司迅速发表了一份“不一样”的声明，声明中写道，“有关包裹被错误地退回了发货人，我们为这一操作错误道歉。”联邦快递在声明中还重申，联邦快递可以接受和运输 除美国实体清单上列出的华为上市实体的任何货物以外的所有华为产品。对于拒收华为手机一事，华为公司的一名发言人在社交媒体上回应称，这一拒收事件是对实体清单的完全误解。  L央视财经的酷燃视频 收起全文d\n", "author": "央视财经", "time": "央视财经2019年06月23日21:34 来自酷燃视频", "transmit": " 转发 29", "comment": "评论 56", "zan": " 136"}, {"text": "\n                    【忧虑中国超算，美国又“拉黑”5家中国企业机构！华为起诉美商务部】美国商务部当地时间21日以国家安全关切为由，将中科曙光和江南计算技术研究所等5家中国实体列入出口管制「实体清单」，禁止它们从美国供应商采购零部件。相关决定于6月24日生效。这是继将华为公司列入「实体清单」后，美国对中国企 ​  展开全文c \n                    【忧虑中国超算，美国又“拉黑”5家中国企业机构！华为起诉美商务部】美国商务部当地时间21日以国家安全关切为由，将中科曙光和江南计算技术研究所等5家中国实体列入出口管制「实体清单」，禁止它们从美国供应商采购零部件。相关决定于6月24日生效。这是继将华为公司列入「实体清单」后，美国对中国企业采取的又一起单边制裁行动。据悉，此次被列入「实体清单」的中国企业，主要业务与开发超级计算机有关。O忧虑中国超算，美国又“拉黑”5家中国企业机构！华为起诉美商务部 收起全文d\n", "author": "香港商報網", "time": "香港商報網2019年06月23日11:05 来自微博weibo.com", "transmit": " 转发 23", "comment": "评论 15", "zan": " 27"}, {"text": "\n                    【联邦快递又道歉了！拒绝投递华为手机，是错误操作】美国联邦快递最近又被曝出一起拒绝投递华为手机事件。21日，美国一家科技杂志报道称，该社一名记者寄出的一部华为手机被联邦快递退回。联邦快递表示，由于华为公司被美国政府列入限制交易的“实体清单”，联邦快递目前不接受任何该品牌产品的快递业 ​  展开全文c \n                    【联邦快递又道歉了！拒绝投递华为手机，是错误操作】美国联邦快递最近又被曝出一起拒绝投递华为手机事件。21日，美国一家科技杂志报道称，该社一名记者寄出的一部华为手机被联邦快递退回。联邦快递表示，由于华为公司被美国政府列入限制交易的“实体清单”，联邦快递目前不接受任何该品牌产品的快递业务。不过，就在媒体曝光了这件事之后，联邦快递公司迅速发表了一份“不一样”的声明，声明中写道，“有关包裹被错误地退回了发货人，我们为这一操作错误道歉。”联邦快递在声明中还重申，联邦快递可以接受和运输 除美国实体清单上列出的华为上市实体的任何货物以外的所有华为产品。对于拒收华为手机一事，华为公司的一名发言人在社交媒体上回应称，这一拒收事件是对实体清单的完全误解。  L央视财经的酷燃视频 收起全文d\n", "author": "新财富杂志", "time": "新财富杂志2019年06月23日21:59 来自iPhone8Plus", "transmit": " 转发 8", "comment": "评论 12", "zan": " 48"}, {"text": "\n                    这是继将华为公司列入“实体清单”后，美国对中国企业采取的又一起单边制裁行动。此次被列入“实体清单”的中国企业，主要业务与开发超级计算机有关。在近日公布的最新一期全球超级计算机500强榜单上，中国的“神威太湖之光”和“天河二号”分列第三、四名，总体上榜的超级计算机数量达219台，居全球第 ​  展开全文c \n                    这是继将华为公司列入“实体清单”后，美国对中国企业采取的又一起单边制裁行动。此次被列入“实体清单”的中国企业，主要业务与开发超级计算机有关。在近日公布的最新一期全球超级计算机500强榜单上，中国的“神威太湖之光”和“天河二号”分列第三、四名，总体上榜的超级计算机数量达219台，居全球第一;美国超级计算机“Summit”排在榜首，但总体上榜的超级计算机数量只有116台。可以看出，在推动产业发展、催生一系列高端技术的超级计算机领域，中美竞争态势日趋明显。在此背景下，美国以所谓安全关切为由，将5家从事超算业务的中国公司列入出口管制“实体清单”，正如其遏制华为5G技术一样，目的是切断中国企业的供应链，从而削弱中国科技与经济发展实力。一周后，中美两国元首将在二十国集国领导人大阪峰会期间再次会晤。美方此时推出此举，也有进一步施压中国、获取经贸磋商更多筹码的意图。 收起全文d\n", "author": "皇甫子桐", "time": "皇甫子桐2019年06月23日21:12 来自iPhone客户端", "transmit": " 转发 3", "comment": "评论 4", "zan": " 39"}]