[{"text": "\n                    【任正非：华为完全有能力摆脱对美国核心产品依赖，特朗普G20言论对华为无实质影响】任正非在7月20日雅虎财经的采访中表示，华为被列入实体清单后确实有所影响，但公司发现完全有能力摆脱对美国核心产品的依赖，正在削减非核心产品的依赖性。而特朗普在G20峰会上的言论并没有对华为产生实质性影响。 ​  展开全文c \n                    【任正非：华为完全有能力摆脱对美国核心产品依赖，特朗普G20言论对华为无实质影响】任正非在7月20日雅虎财经的采访中表示，华为被列入实体清单后确实有所影响，但公司发现完全有能力摆脱对美国核心产品的依赖，正在削减非核心产品的依赖性。而特朗普在G20峰会上的言论并没有对华为产生实质性影响。L老板联播的秒拍视频 收起全文d\n", "author": "福布斯中文网", "time": "福布斯中文网2019年07月22日07:32 来自iPhone客户端", "transmit": " 转发 10", "comment": "评论 15", "zan": " 36"}, {"text": "\n                    【任正非：华为完全有能力摆脱对美国核心产品依赖，特朗普G20言论对华为无实质影响】任正非在7月20日雅虎财经的采访中表示，华为被列入实体清单后确实有所影响，但公司发现完全有能力摆脱对美国核心产品的依赖，正在削减非核心产品的依赖性。而特朗普在G20峰会上的言论并没有对华为产生实质性影响。 ​  展开全文c \n                    【任正非：华为完全有能力摆脱对美国核心产品依赖，特朗普G20言论对华为无实质影响】任正非在7月20日雅虎财经的采访中表示，华为被列入实体清单后确实有所影响，但公司发现完全有能力摆脱对美国核心产品的依赖，正在削减非核心产品的依赖性。而特朗普在G20峰会上的言论并没有对华为产生实质性影响。L老板联播的秒拍视频 收起全文d\n", "author": "电商经理人联盟", "time": "电商经理人联盟2019年07月22日14:33 来自微博weibo.com", "transmit": " 转发 26", "comment": "评论 ", "zan": " 3"}]