[{"text": "\n                    【5G提速之苦练内功】贸易战打到今天，在老美第一波凌厉攻势下，一直只有跟随加征关税这样的被动防守，中国较少主动出牌。「稀土王炸」的牌只是亮了一下，「不可靠实体清单」的牌也是亮了一下，还没有真正出牌。尤其是在山姆大叔对华为进行精准打击后，这让华为的粉丝们，心里那个急呀。但有一点是肯定 ​  展开全文c \n                    【5G提速之苦练内功】贸易战打到今天，在老美第一波凌厉攻势下，一直只有跟随加征关税这样的被动防守，中国较少主动出牌。「稀土王炸」的牌只是亮了一下，「不可靠实体清单」的牌也是亮了一下，还没有真正出牌。尤其是在山姆大叔对华为进行精准打击后，这让华为的粉丝们，心里那个急呀。但有一点是肯定的，不可能中国不出牌。究竟啥好牌呢？日前，谜底揭晓。O网页链接 收起全文d\n", "author": "香港商報網", "time": "香港商報網2019年06月10日12:32 来自微博weibo.com", "transmit": " 转发 15", "comment": "评论 1", "zan": " 31"}, {"text": "\n                    【美国白宫官员“希望”华为禁令延期】据环球时报相关报道，近日美国白宫“管理和预算办公室”代理主管沃特写信给美国国会，要求将限制中国华为的措施延期执行，以给那些与华为有业务往来的美国政府供应商更多时间进行调整。不过值得注意的是，沃特所指的禁令并非近期的“实体清单”，而是美国《国防授 ​  展开全文c \n                    【美国白宫官员“希望”华为禁令延期】据环球时报相关报道，近日美国白宫“管理和预算办公室”代理主管沃特写信给美国国会，要求将限制中国华为的措施延期执行，以给那些与华为有业务往来的美国政府供应商更多时间进行调整。不过值得注意的是，沃特所指的禁令并非近期的“实体清单”，而是美国《国防授权法案》中对华为的限制措施。O美国白宫官员“希望”华为禁令延期 收起全文d\n", "author": "21世纪经济报道", "time": "21世纪经济报道2019年06月10日19:19 来自360安全浏览器", "transmit": " 转发 8", "comment": "评论 1", "zan": " 11"}]