[{"text": "\n                    【伟创力私扣华为7亿物料被踢出供应链】华为被列入“实体清单”后，作为华为手机代工厂之一的伟创力立即停工拒绝生产华为产品，并扣留华为7亿物料。华为已经把伟创力踢出供应链，而伟创力专门为华为手机代工的长沙工厂可能被迫停工。2018年伟创力从华为获取了24亿营收。建议其他手机厂商一起封杀！ ​                ", "author": "C科技", "time": "C科技2019年07月26日07:41 来自iPhone客户端", "transmit": " 转发 82", "comment": "评论 425", "zan": " 1460"}, {"text": "\n                    【伟创力跑步进入“不可靠实体清单” 对华为两肋插刀自绝中国市场】全面停止合作，扣押华为亿元物资，如同其“过度解读”对华为的禁售政策一样，伟创力正用实际行动僵硬地跑步进入中国即将出台的“不可靠实体清单”。 在华为断供事件中，伟创力堪称一家“耿直”的企业，停止了与华为的一切合作。   ​  展开全文c \n                    【伟创力跑步进入“不可靠实体清单” 对华为两肋插刀自绝中国市场】全面停止合作，扣押华为亿元物资，如同其“过度解读”对华为的禁售政策一样，伟创力正用实际行动僵硬地跑步进入中国即将出台的“不可靠实体清单”。 在华为断供事件中，伟创力堪称一家“耿直”的企业，停止了与华为的一切合作。  O伟创力跑步进入“不可靠实体清单” 对华为两肋插刀自绝中国市场 收起全文d\n", "author": "集微网官网", "time": "集微网官网2019年07月26日07:01 来自搜狗高速浏览器", "transmit": " 转发 21", "comment": "评论 9", "zan": " 37"}]