[{"text": "\n                    【#华为回应美国子公司裁员#：受实体清单影响，裁员600余人】7月24日，针对“华为美国子公司裁员”一说，华为方面确认并表示，因华为及其下属的68家子公司纳入“实体清单”对子公司业务产生限制，因此不得不对Futurewei业务范围作出调整，并于7月22日起，裁员600余人。任正非在接受雅虎财经采访时表示 ​  展开全文c \n                    【#华为回应美国子公司裁员#：受实体清单影响，裁员600余人】7月24日，针对“华为美国子公司裁员”一说，华为方面确认并表示，因华为及其下属的68家子公司纳入“实体清单”对子公司业务产生限制，因此不得不对Futurewei业务范围作出调整，并于7月22日起，裁员600余人。任正非在接受雅虎财经采访时表示，受“实体名单”影响，使得华为难以管理与这家子公司的合作，并且未来华为与这家公司的联系要取决于美国政府对华为的态度。@老板联播 L老板联播的秒拍视频 收起全文d\n", "author": "梨视频", "time": "梨视频2019年07月24日23:51 来自微博weibo.com", "transmit": " 转发 50", "comment": "评论 118", "zan": " 1530"}, {"text": "\n                    【华为回应美国子公司裁员：被列入实体清单后带来很大限制】针对美国子公司裁员一事，7月24日华为方面回应称，2019年5月16日，美国商务部工业与安全局（BIS）将华为公司及其下属的68家子公司纳入“实体清单”，直接对Futurewei Techologies, Inc.(the “Futurewei”) 的业务运营带来很大的限制。因此 ​  展开全文c \n                    【华为回应美国子公司裁员：被列入实体清单后带来很大限制】针对美国子公司裁员一事，7月24日华为方面回应称，2019年5月16日，美国商务部工业与安全局（BIS）将华为公司及其下属的68家子公司纳入“实体清单”，直接对Futurewei Techologies, Inc.(the “Futurewei”) 的业务运营带来很大的限制。因此，Futurewei不得不对业务范围作出调整，并于2019年7月22日起，裁员600余人。Futurewei是华为公司于2001年在美国德克萨斯州注册成立的子公司，2018年研发投入为5.1亿美金。这是一个困难的决定，对于受影响的员工，华为将给予包括工资和福利等在内的离职补偿。Futurewei将继续严格遵守美国本地法律法规运作业务。@第一财经 收起全文d\n", "author": "中国商界网", "time": "中国商界网2019年07月24日18:04 来自微博weibo.com", "transmit": " 转发 220", "comment": "评论 610", "zan": " 19754"}, {"text": "\n                    【#华为回应美国子公司裁员#：受实体清单影响裁员600余人】7月24日，针对“华为美国子公司裁员”一说，华为方面确认了这一事实，并表示，这是由于华为及其下属的68家子公司纳入“实体清单”对子公司业务产生限制，因此裁员600余人。O华为回应美国子公司裁员:受实体清单影响裁员600余人 ​                ", "author": "新浪财经", "time": "新浪财经2019年07月24日18:23 来自微博weibo.com", "transmit": " 转发 30", "comment": "评论 72", "zan": " 737"}, {"text": "\n                    【美国子公司正式大幅裁员 华为回应】针对华为在美国的研发子公司“未来为”科技公司裁员一事，华为称，美国商务部工业与安全局（BIS）将华为及其下属68家子公司纳入“实体清单”，直接对“未来为”的运营带来很大的限制。因此，“未来为”不得不对业务作出调整，并于2019年7月22日起，裁员600余人。 ​  展开全文c \n                    【美国子公司正式大幅裁员 华为回应】针对华为在美国的研发子公司“未来为”科技公司裁员一事，华为称，美国商务部工业与安全局（BIS）将华为及其下属68家子公司纳入“实体清单”，直接对“未来为”的运营带来很大的限制。因此，“未来为”不得不对业务作出调整，并于2019年7月22日起，裁员600余人。O美国子公司正式大幅裁员 华为回应 收起全文d\n", "author": "新浪科技", "time": "新浪科技2019年07月24日06:29 来自微博weibo.com", "transmit": " 转发 25", "comment": "评论 16", "zan": " 174"}, {"text": "\n                    【#华为回应美国子公司裁员#：被列实体清单后受很大限制】针对美国公司裁员一事，华为方面回应称，5月16日美国将华为公司及其下属的68家子公司纳入“实体清单”，直接对the“Futurewei”业务运营带来很大限制。因此，不得不对该业务范围作出调整，并于7月22日起，裁员600余人。O华为回应美国子公司裁员：被列实体清单后受很大限制 ​                ", "author": "新浪科技", "time": "新浪科技2019年07月24日16:13 来自微博weibo.com", "transmit": " 转发 17", "comment": "评论 79", "zan": " 312"}, {"text": "\n                    【#华为回应美国子公司裁员#：受实体清单影响裁员600余人】7月24日，针对“华为美国子公司裁员”一说，华为方面确认并表示，这是由于华为及其下属的68家子公司纳入“实体清单”对子公司业务产生限制，因此不得不对Futurewei业务范围作出调整，并于7月22日起，裁员600余人。华为创始人任正非在接受雅虎 ​  展开全文c \n                    【#华为回应美国子公司裁员#：受实体清单影响裁员600余人】7月24日，针对“华为美国子公司裁员”一说，华为方面确认并表示，这是由于华为及其下属的68家子公司纳入“实体清单”对子公司业务产生限制，因此不得不对Futurewei业务范围作出调整，并于7月22日起，裁员600余人。华为创始人任正非在接受雅虎财经采访时表示，原本华为计划在今年为Futurewei再投资6亿美元用于产品研发，但是受“实体名单”影响，华为难以管理与这家公司的合作。L老板联播的秒拍视频 收起全文d\n", "author": "老板联播", "time": "老板联播2019年07月24日23:34 来自专业版微博", "transmit": " 转发 12", "comment": "评论 14", "zan": " 35"}, {"text": "\n                    【#华为美国子公司裁员600人# 华为：美国政府的行动导致业务缩减】7月23日，路透社称华为在美国的一项裁员计划已正式生效，其在美研发子公司Futurewei拥有850名员工，其中超过600人被解雇。华为方面表示，子公司被美国纳入“实体清单”直接对Futurewei的业务运营带来很大的限制。L新京报我们视频的秒拍视频 ​                ", "author": "新京报我们视频", "time": "新京报我们视频2019年07月24日17:02 来自微博weibo.com", "transmit": " 转发 5", "comment": "评论 19", "zan": " 64"}, {"text": "\n                    【#华为回应美国子公司裁员#：被列实体清单后受很大限制】针对美国公司裁员一事，华为方面回应称，5月16日美国将华为公司及其下属的68家子公司纳入“实体清单”，直接对the“Futurewei”业务运营带来很大限制。因此，不得不对该业务范围作出调整，并于7月22日起，裁员600余人。 ​                ", "author": "科工力量", "time": "科工力量2019年07月24日18:00 来自微博weibo.com", "transmit": " 转发 6", "comment": "评论 8", "zan": " 118"}]