[{"text": "\n                    【外媒：美国企业可能在2-4周内重新获准向华为供货】路透社15日报道，美国一名高级官员透露，美国政府可能在2-4周内批准向美国公司颁发重新开始向华为供货的许可证。报道评论称，这一迹象表明，美国总统特朗普最近放松对华为限制的决定可能迅速推进。今年5月，美国商务部将华为列入“实体清单”，禁止 ​  展开全文c \n                    【外媒：美国企业可能在2-4周内重新获准向华为供货】路透社15日报道，美国一名高级官员透露，美国政府可能在2-4周内批准向美国公司颁发重新开始向华为供货的许可证。报道评论称，这一迹象表明，美国总统特朗普最近放松对华为限制的决定可能迅速推进。今年5月，美国商务部将华为列入“实体清单”，禁止美国公司在未获得许可证的情况下向华为提供产品和服务。O外媒：美国企业可能在2-4周内重新获准向华为供货 收起全文d\n", "author": "新浪证券", "time": "新浪证券2019年07月15日12:00 来自微博weibo.com", "transmit": " 转发 8", "comment": "评论 5", "zan": " 12"}, {"text": "\n                    【中国网友呼吁制裁该银行，设局坑华为拿到美国“免死金牌”】虽然不可靠实体清单还没最终出炉，广大网友已经帮着一些企业“对号入座”了，呼声最高的是两家外企——联邦快递和汇丰银行。 O中国网友呼吁制裁该银行，设局坑华为拿到美国“免死金牌” ​                ", "author": "长安街知事", "time": "长安街知事2019年07月15日09:35 来自微博weibo.com", "transmit": " 转发 17", "comment": "评论 13", "zan": " 40"}]