[{"text": "\n                    【过度响应美方“禁令”扣押华为物资，伟创力或被索赔数亿元 】近日据外国媒体曝料，华为正在向其合同制造商伟创力寻求赔偿，原因是在美国政府把华为列入所谓的“实体清单”后，伟创力非法扣留了华为价值约4亿元人民币的物资。华为发言人郭福林没有就赔偿金额置评，但一名直接知情人士称，华为已于周一 ​  展开全文c \n                    【过度响应美方“禁令”扣押华为物资，伟创力或被索赔数亿元 】近日据外国媒体曝料，华为正在向其合同制造商伟创力寻求赔偿，原因是在美国政府把华为列入所谓的“实体清单”后，伟创力非法扣留了华为价值约4亿元人民币的物资。华为发言人郭福林没有就赔偿金额置评，但一名直接知情人士称，华为已于周一，向伟创力发去律师函，要求其赔偿“数亿元人民币”，涉及收入误工、材料浪费、设备更换等方面的损失。伟创力本财年第一季度的净利润为4487.2万美元，换算成人民币不到3.2亿元，如果“数亿元人民币的赔偿”属实，这对伟创力来说绝对不是一个小数目。（观察者网）O伟创力过度响应美\"禁令\"扣押华为物资 或被索赔数亿元 收起全文d\n", "author": "新财富杂志", "time": "新财富杂志2019年08月07日09:30 来自微博weibo.com", "transmit": " 转发 38", "comment": "评论 79", "zan": " 615"}, {"text": "\n                    【过度响应美方“禁令”扣押华为物资，伟创力或被索赔数亿元】还记得在美方对华为“禁令”一出当即撕破脸、中断与华为的合作的伟创力（Flex Ltd.）吗？现在，华为要开始索赔了。据路透社6日曝料，华为正在向其合同制造商伟创力寻求赔偿，原因是在美国政府把华为列入所谓的“实体清单”后，伟创力非法扣 ​  展开全文c \n                    【过度响应美方“禁令”扣押华为物资，伟创力或被索赔数亿元】还记得在美方对华为“禁令”一出当即撕破脸、中断与华为的合作的伟创力（Flex Ltd.）吗？现在，华为要开始索赔了。据路透社6日曝料，华为正在向其合同制造商伟创力寻求赔偿，原因是在美国政府把华为列入所谓的“实体清单”后，伟创力非法扣留了华为价值约4亿元人民币（约合5700万美元）的物资。华为发言人郭福林没有就赔偿金额置评，但一名直接知情人士称，华为已于周一（5日）向伟创力发去律师函，要求其赔偿“数亿元人民币”，涉及收入误工、材料浪费、设备更换等方面的损失。 收起全文d\n", "author": "香港商報網", "time": "香港商報網2019年08月07日20:40 来自微博weibo.com", "transmit": " 转发 20", "comment": "评论 33", "zan": " 273"}, {"text": "\n                    【伟创力内部人士称扣留华为物资因1亿应付款 或关闭华为事业部】有消息称华为正在向其合同制造商伟创力寻求赔偿，原因是在美国政府把华为列入所谓的“实体清单”后，伟创力非法扣留了华为价值约4 亿元人民币（约合5700 万美元）的物资。伟创力内部人士表示，对华为部分设备扣留是因为华为欠一个多亿应 ​  展开全文c \n                    【伟创力内部人士称扣留华为物资因1亿应付款 或关闭华为事业部】有消息称华为正在向其合同制造商伟创力寻求赔偿，原因是在美国政府把华为列入所谓的“实体清单”后，伟创力非法扣留了华为价值约4 亿元人民币（约合5700 万美元）的物资。伟创力内部人士表示，对华为部分设备扣留是因为华为欠一个多亿应付账款没有付。他表示：“珠海工厂不会关，但华为业务的事业部可能关闭。”O伟创力内部人士称扣留华为物资因1亿应付款 或关闭华为事业部 收起全文d\n", "author": "凤凰网财经", "time": "凤凰网财经2019年08月07日13:35 来自微博weibo.com", "transmit": " 转发 17", "comment": "评论 87", "zan": " 247"}, {"text": "\n                    美企过度响应“禁令”，华为被曝祭出数亿索赔【文/观察者网 谷智轩】还记得在美方对华为“禁令”一出当即撕破脸、中断与华为的合作的伟创力（Flex Ltd.）吗？现在，华为要开始索赔了。据路透社6日曝料，华为正在向其合同制造商伟创力寻求赔偿，原因是在美国政府把华为列入所谓的“实体清单”后，伟 ​  展开全文c \n                    美企过度响应“禁令”，华为被曝祭出数亿索赔【文/观察者网 谷智轩】还记得在美方对华为“禁令”一出当即撕破脸、中断与华为的合作的伟创力（Flex Ltd.）吗？现在，华为要开始索赔了。据路透社6日曝料，华为正在向其合同制造商伟创力寻求赔偿，原因是在美国政府把华为列入所谓的“实体清单”后，伟创力非法扣留了华为价值约4亿元人民币（约合5700万美元）的物资。华为发言人郭福林没有就赔偿金额置评，但一名直接知情人士称，华为已于周一（5日）向伟创力发去律师函，要求其赔偿“数亿元人民币”，涉及收入误工、材料浪费、设备更换等方面的损失。观察者网注意到，伟创力本财年第一季度的净利润为4487.2万美元，换算成人民币不到3.2亿元，如果“数亿元人民币的赔偿”属实，这对伟创力来说绝对不是一个小数目。（消息来源：O过度响应美方“禁令”扣押华为物资，伟创力或被索赔数亿元 ） 收起全文d\n", "author": "后湾老施", "time": "后湾老施2019年08月07日07:07 来自观网App", "transmit": " 转发 32", "comment": "评论 12", "zan": " 113"}, {"text": "\n                    【伟创力过度响应“禁令”，华为被曝祭出数亿索赔】华为要对美“禁令”一出当即撕破脸、中断与华为的合作的伟创力进行索赔了。据路透社曝料，华为正在向其合同制造商伟创力寻求赔偿，原因是在美国政府把华为列入所谓的“实体清单”后，伟创力非法扣留了华为价值约4亿元人民币（约合5700万美元）的物资 ​  展开全文c \n                    【伟创力过度响应“禁令”，华为被曝祭出数亿索赔】华为要对美“禁令”一出当即撕破脸、中断与华为的合作的伟创力进行索赔了。据路透社曝料，华为正在向其合同制造商伟创力寻求赔偿，原因是在美国政府把华为列入所谓的“实体清单”后，伟创力非法扣留了华为价值约4亿元人民币（约合5700万美元）的物资。一名知情人士称，华为已于周一（5日）向伟创力发去律师函，要求其赔偿“数亿元人民币”，涉及收入误工、材料浪费、设备更换等方面的损失。 收起全文d\n", "author": "电脑报", "time": "电脑报2019年08月07日09:22", "transmit": " 转发 13", "comment": "评论 17", "zan": " 72"}, {"text": "\n#华为被曝祭出数亿索赔#还记得在美方对华为“禁令”一出当即撕破脸、中断与华为的合作的伟创力（Flex Ltd.）吗？现在，华为要开始索赔了。据路透社6日曝料，华为正在向其合同制造商伟创力寻求赔偿，原因是在美国政府把华为列入所谓的“实体清单”后，伟创力非法扣留了华为价值约4亿元人民币（约合5700 ​  展开全文c \n#华为被曝祭出数亿索赔#还记得在美方对华为“禁令”一出当即撕破脸、中断与华为的合作的伟创力（Flex Ltd.）吗？现在，华为要开始索赔了。据路透社6日曝料，华为正在向其合同制造商伟创力寻求赔偿，原因是在美国政府把华为列入所谓的“实体清单”后，伟创力非法扣留了华为价值约4亿元人民币（约合5700万美元）的物资。华为发言人郭福林没有就赔偿金额置评，但一名直接知情人士称，华为已于周一（5日）向伟创力发去律师函，要求其赔偿“数亿元人民币”，涉及收入误工、材料浪费、设备更换等方面的损失。观察者网注意到，伟创力本财年第一季度的净利润为4487.2万美元，换算成人民币不到3.2亿元，如果“数亿元人民币的赔偿”属实，这对伟创力来说绝对不是一个小数目。这个是应该的。目前看，华为解禁基本没有希望了，就应该拿起法律武器进行索赔。关键在于这种索赔怎么落实下去。华为今后或更加困难了，要有这个思想准备。中国所有企业都应该有应对困难的长期意识，未雨绸缪，寻求发展！ 收起全文d\n", "author": "余丰慧", "time": "余丰慧2019年08月07日15:06 来自iPhone8Plus", "transmit": " 转发 17", "comment": "评论 7", "zan": " 42"}]