[{"text": "\n                    【李光满|最强反击！哪些美企会“优先”进入中国版“不可靠实体清单】O网页链接 华为联手EE在英国首秀5G，BBC使用5G进行直播，在当前美国在全球追杀华为5G的形势下具有非常重大的意义，一是英国是“五眼联盟”成员，英国首先抛弃美国，标志着“五眼联盟”围剿华为破产。二是由于英国是欧洲 ​  展开全文c \n                    【李光满|最强反击！哪些美企会“优先”进入中国版“不可靠实体清单】O网页链接 华为联手EE在英国首秀5G，BBC使用5G进行直播，在当前美国在全球追杀华为5G的形势下具有非常重大的意义，一是英国是“五眼联盟”成员，英国首先抛弃美国，标志着“五眼联盟”围剿华为破产。二是由于英国是欧洲国家，作为全球第一家使用华为技术和产品的欧洲国家对欧洲其它国家使用华为5G产品具有示范效应，更标志着美国在全球围剿华为破产。在特朗普以“国家紧急状态”将华为纳入实体名单，对华为进行全面禁运的情况下，英国在全球首个使用华为5G产品，对华为的气士是一个巨大的鼓舞，验证了任正非的那句话：华为是“不死的华为”。 O李光满|最强反击！哪些美企会“优先”进入中国版“不可靠实体清单 收起全文d\n", "author": "察网中国", "time": "察网中国2019年06月01日09:47 来自微博weibo.com", "transmit": " 转发 108", "comment": "评论 56", "zan": " 309"}, {"text": "\n                    【“中国不可靠实体清单”威慑谷歌？ #谷歌把华为加回安卓名单#】数日前，华为Mate 20 Pro被谷歌Android Q Beta项目移除，曾被广泛报道；5月31日，谷歌悄悄把华为Mate 20 Pro加回Android Q 名单。商务部研究院研究员梅新育31日对长江日报记者说：中国将设立“不可靠实体清单”，此举可能对谷歌起威慑作 ​  展开全文c \n                    【“中国不可靠实体清单”威慑谷歌？ #谷歌把华为加回安卓名单#】数日前，华为Mate 20 Pro被谷歌Android Q Beta项目移除，曾被广泛报道；5月31日，谷歌悄悄把华为Mate 20 Pro加回Android Q 名单。商务部研究院研究员梅新育31日对长江日报记者说：中国将设立“不可靠实体清单”，此举可能对谷歌起威慑作用。（长江日报） 收起全文d\n", "author": "美东侨报", "time": "美东侨报2019年06月01日00:36 来自微博weibo.com", "transmit": " 转发 36", "comment": "评论 79", "zan": " 324"}, {"text": "\n                    【中国昨日宣布的“超级重磅消息” 外媒反应来了】英国路透社报道称，中方此举并没有针对某个具体国家或公司，但这正值中美紧张关系升级之际。此前，美国政府将华为列入黑名单，禁止美国公司与其做生意。《纽约时报》则表示，中国政府宣布建立“不可靠实体清单”的行为，是反制美国“很明确的一步”。 ​  展开全文c \n                    【中国昨日宣布的“超级重磅消息” 外媒反应来了】英国路透社报道称，中方此举并没有针对某个具体国家或公司，但这正值中美紧张关系升级之际。此前，美国政府将华为列入黑名单，禁止美国公司与其做生意。《纽约时报》则表示，中国政府宣布建立“不可靠实体清单”的行为，是反制美国“很明确的一步”。日本时事通信社也称，中国政府建立“不可靠实体清单”的举动，可能是对美国制裁华为的一种反制措施。《日本经济新闻》则评价称，一旦某个企业被列入这份清单，则将很难再与中国企业做生意。但如果这些外国企业将客户从中国转移到其他国家的话，也可能会对中国造成一定影响，所以预计中方会慎重选择列入清单的企业。 收起全文d\n", "author": "国资小新", "time": "国资小新2019年06月01日10:37", "transmit": " 转发 168", "comment": "评论 376", "zan": " 3417"}]