[{"text": "\n                    【担忧华为自给自足，谷歌搬出“国安风险”要美取消禁令】在美国政府将华为列入“实体清单”后，谷歌宣布中止华为更新安卓，但华为强调有能力继续发展和使用安卓生态 。而随着“鸿蒙”、“方舟”接连现身，华为方面也表示，最快今年秋天，最晚明年春天，华为自己的操作系统将可能面市，届时将兼容全部 ​  展开全文c \n                    【担忧华为自给自足，谷歌搬出“国安风险”要美取消禁令】在美国政府将华为列入“实体清单”后，谷歌宣布中止华为更新安卓，但华为强调有能力继续发展和使用安卓生态 。而随着“鸿蒙”、“方舟”接连现身，华为方面也表示，最快今年秋天，最晚明年春天，华为自己的操作系统将可能面市，届时将兼容全部的安卓应用。美国的“封杀”，反而加快了华为自给自足的脚步，这让谷歌有些着急了。英国《金融时报》6月7日报道，谷歌已就“华为禁令”向特朗普政府发出警告，他们编织出的理由是，若由华为开发自己版本的安卓操作系统，将“更容易受黑客攻击”，“损害美国国家安全”。报道援引三名消息人士的话说，谷歌的高管们正在敦促美国政府免除对华为的出口禁令。对谷歌而言，他们尤其担心的是，若华为手机无法更新安卓操作系统，将促使华为自行开发自己的软件版本。消息人士透露，谷歌一直在辩称，美国阻止该公司与华为打交道，可能会产生两种安卓操作系统：正版和混合型操作系统。后者“可能会有更多的漏洞”，从而使华为手机“面临更多被黑客攻击的风险，尤其是来自中国的黑客”。谷歌声称，其关注点是“保护现有的全球百万使用华为手机的谷歌用户”。O担忧华为自给自足，谷歌搬出“国安风险”要美取消禁令 收起全文d\n", "author": "观察者网TMT", "time": "观察者网TMT2019年06月08日09:00 来自微博weibo.com", "transmit": " 转发 21", "comment": "评论 23", "zan": " 200"}]