[{"text": "\n                    【美将5家中方实体列入管制清单剑指中国超算 国际锐评：继续施压只会适得其反】美国商务部当地时间21日以国家安全关切为由，将中科曙光和江南计算技术研究所等5家中国实体列入出口管制“实体清单”，禁止它们从美国供应商采购零部件。相关决定于6月24日生效。这是继将华为公司列入“实体清单”后，美 ​  展开全文c \n                    【美将5家中方实体列入管制清单剑指中国超算 国际锐评：继续施压只会适得其反】美国商务部当地时间21日以国家安全关切为由，将中科曙光和江南计算技术研究所等5家中国实体列入出口管制“实体清单”，禁止它们从美国供应商采购零部件。相关决定于6月24日生效。这是继将华为公司列入“实体清单”后，美国对中国企业采取的又一起单边制裁行动。此次被列入“实体清单”的中国企业，主要业务与开发超级计算机有关。在近日公布的最新一期全球超级计算机500强榜单上，中国的“神威·太湖之光”和“天河二号”分列第三、四名，总体上榜的超级计算机数量达219台，居全球第一；美国超级计算机“Summit”排在榜首，但总体上榜的超级计算机数量只有116台。可以看出，在推动产业发展、催生一系列高端技术的超级计算机领域，中美竞争态势日趋明显。在此背景下，美国以所谓安全关切为由，将5家从事超算业务的中国公司列入出口管制“实体清单”，正如其遏制华为5G技术一样，目的是切断中国企业的供应链，从而削弱中国科技与经济发展实力。一周后，中美两国元首将在二十国集国领导人大阪峰会期间再次会晤。美方此时推出此举，也有进一步施压中国、获取经贸磋商更多筹码的意图。O美将5家中方实体列入管制清单剑指中国超算 国际锐评：继续施压只... 收起全文d\n", "author": "中国之声", "time": "中国之声2019年06月22日20:00 来自微博weibo.com", "transmit": " 转发 19", "comment": "评论 44", "zan": " 42"}, {"text": "\n                    “拉黑”华为后，美国政府近日又拉黑了5家以开发芯片和超级计算机为主的中国企业和机构！受此消息影响，美国半导体股票大跌。此外消息称，5月已被列入美国商务部的“实体清单”的华为，已于21日起诉美国商务部，要求放行被没收设备。O突发！美国政府又“拉黑”5家中国企业机构，半导体股应声大跌！ ​                ", "author": "证券时报网", "time": "证券时报网2019年06月22日17:21 来自iPhone7Plus", "transmit": " 转发 31", "comment": "评论 45", "zan": " 54"}]