[{"text": "\n                    【任正非接受加拿大媒体采访：若没有孟晚舟事件，加拿大可能成华为全球理论研究中心】6月29日，华为心声社区发布了日前任正非在接受加拿大《环球邮报》采访时的纪要，在采访中，任正非就联邦快递、实体清单、华为专利费、5G、孟晚舟事件、加拿大投资等众多问题进行了解答。任正非提到，如果不发生这次 ​  展开全文c \n                    【任正非接受加拿大媒体采访：若没有孟晚舟事件，加拿大可能成华为全球理论研究中心】6月29日，华为心声社区发布了日前任正非在接受加拿大《环球邮报》采访时的纪要，在采访中，任正非就联邦快递、实体清单、华为专利费、5G、孟晚舟事件、加拿大投资等众多问题进行了解答。任正非提到，如果不发生这次和美国的冲突，也不发生和加拿大的冲突，可能加拿大会成为我们的世界理论科研中心。O任正非接受加拿大《环球邮报》采访实录：华为不怕实体清单的打击，财务报表比预测要好 收起全文d\n", "author": "每日经济新闻", "time": "每日经济新闻2019年06月29日22:43 来自搜狗高速浏览器", "transmit": " 转发 145", "comment": "评论 93", "zan": " 682"}, {"text": "\n                    【任正非接受《环球邮报》采访：华为不怕实体清单打击 财务报表比预测要好】6月29日，华为心声社区发布了日前任正非在接受加拿大《环球邮报》采访时的纪要，在采访中，任正非就联邦快递、实体清单、华为专利费、5G、孟晚舟事件、加拿大投资等众多问题进行了解答。在采访中，任正非谈到，华为不怕美国实 ​  展开全文c \n                    【任正非接受《环球邮报》采访：华为不怕实体清单打击 财务报表比预测要好】6月29日，华为心声社区发布了日前任正非在接受加拿大《环球邮报》采访时的纪要，在采访中，任正非就联邦快递、实体清单、华为专利费、5G、孟晚舟事件、加拿大投资等众多问题进行了解答。在采访中，任正非谈到，华为不怕美国实体清单的打击，所有核心的尖端芯片，我们都可以完全自己供给；少量的部件更替需要更换版本，在版本切换期间，产能上不来，这对发展有一些影响...O任正非接受《环球邮报》采访：华为不怕实体清单打击 财务报表比预测要好 收起全文d\n", "author": "凤凰网财经", "time": "凤凰网财经2019年06月29日22:30 来自微博weibo.com", "transmit": " 转发 66", "comment": "评论 57", "zan": " 266"}, {"text": "\n                    【任正非：华为员工从18.8万扩展到19.4万人 热火朝天】据华为心声社区，任正非27日对加拿大《环球邮报》表示，目前的根本问题，是美国要取消实体清单。华为照样热火朝天地生产，员工人数从18.8万人扩展到19.4万人。但是美国公司不能供应器件之后，会对它们的财务报表产生影响，痛苦比华为大，很同情它 ​  展开全文c \n                    【任正非：华为员工从18.8万扩展到19.4万人 热火朝天】据华为心声社区，任正非27日对加拿大《环球邮报》表示，目前的根本问题，是美国要取消实体清单。华为照样热火朝天地生产，员工人数从18.8万人扩展到19.4万人。但是美国公司不能供应器件之后，会对它们的财务报表产生影响，痛苦比华为大，很同情它们。 收起全文d\n", "author": "新民周刊", "time": "新民周刊2019年06月29日23:30 来自微博weibo.com", "transmit": " 转发 19", "comment": "评论 23", "zan": " 95"}, {"text": "\n                    实时播报：★★【任正非：华为员工从18.8万扩展到19.4万人 热火朝天】据华为心声社区，任正非27日对加拿大《环球邮报》表示，目前的根本问题，是美国要取消实体清单。华为照样热火朝天地生产，员工人数从18.8万人扩展到19.4万人。但是美国公司不能供应器件之后，会对它们的财务报表产生影响，痛苦比华 ​  展开全文c \n                    实时播报：★★【任正非：华为员工从18.8万扩展到19.4万人 热火朝天】据华为心声社区，任正非27日对加拿大《环球邮报》表示，目前的根本问题，是美国要取消实体清单。华为照样热火朝天地生产，员工人数从18.8万人扩展到19.4万人。但是美国公司不能供应器件之后，会对它们的财务报表产生影响，痛苦比华为大，很同情它们。 收起全文d\n", "author": "快兰斯24小时财经直播", "time": "快兰斯24小时财经直播2019年06月29日22:17 来自微博Win8客户端", "transmit": " 转发 117", "comment": "评论 117", "zan": " 1196"}, {"text": "\n                    【任正非：华为员工从18.8万扩展到19.4万人 热火朝天】6月29日讯，据华为心声社区，任正非27日对加拿大《环球邮报》表示，目前的根本问题，是美国要取消实体清单。华为照样热火朝天地生产，员工人数从18.8万人扩展到19.4万人。但是美国公司不能供应器件之后，会对它们的财务报表产生影响，痛苦比华为大 ​  展开全文c \n                    【任正非：华为员工从18.8万扩展到19.4万人 热火朝天】6月29日讯，据华为心声社区，任正非27日对加拿大《环球邮报》表示，目前的根本问题，是美国要取消实体清单。华为照样热火朝天地生产，员工人数从18.8万人扩展到19.4万人。但是美国公司不能供应器件之后，会对它们的财务报表产生影响，痛苦比华为大，很同情它们。 收起全文d\n", "author": "薛利峰七维看盘", "time": "薛利峰七维看盘2019年06月29日22:28 来自iPhone客户端", "transmit": " 转发 45", "comment": "评论 24", "zan": " 67"}, {"text": "\n                    【任正非：华为员工从18.8万扩展到19.4万人 热火朝天】据华为心声社区，任正非27日对加拿大《环球邮报》表示，目前的根本问题，是美国要取消实体清单。华为照样热火朝天地生产，员工人数从18.8万人扩展到19.4万人。但是美国公司不能供应器件之后，会对它们的财务报表产生影响，痛苦比华为大，很同情它 ​  展开全文c \n                    【任正非：华为员工从18.8万扩展到19.4万人 热火朝天】据华为心声社区，任正非27日对加拿大《环球邮报》表示，目前的根本问题，是美国要取消实体清单。华为照样热火朝天地生产，员工人数从18.8万人扩展到19.4万人。但是美国公司不能供应器件之后，会对它们的财务报表产生影响，痛苦比华为大，很同情它们。 收起全文d\n", "author": "雪球", "time": "雪球2019年06月29日22:29 来自微博weibo.com", "transmit": " 转发 23", "comment": "评论 25", "zan": " 147"}, {"text": "\n                    【任正非接受《环球邮报》采访：华为不怕实体清单打击，财务报表比预测要好】6月29日，华为心声社区发布了日前任正非在接受加拿大《环球邮报》采访时的纪要，在采访中，任正非就联邦快递、实体清单、华为专利费、5G、孟晚舟事件、加拿大投资等众多问题进行了解答。在采访中，任正非谈到，华为不怕美国 ​  展开全文c \n                    【任正非接受《环球邮报》采访：华为不怕实体清单打击，财务报表比预测要好】6月29日，华为心声社区发布了日前任正非在接受加拿大《环球邮报》采访时的纪要，在采访中，任正非就联邦快递、实体清单、华为专利费、5G、孟晚舟事件、加拿大投资等众多问题进行了解答。在采访中，任正非谈到，华为不怕美国实体清单的打击，所有核心的尖端芯片，我们都可以完全自己供给；少量的部件更替需要更换版本，在版本切换期间，产能上不来，这对发展有一些影响...O任正非接受《环球邮报》采访：华为不怕实体清单打击 财务报表比预测要好 收起全文d\n", "author": "老板联播", "time": "老板联播2019年06月29日23:33", "transmit": " 转发 22", "comment": "评论 11", "zan": " 71"}, {"text": "\n                    川普：没有把华为移出实体清单，允许美国企业出售设备给华为 L史海钩沉的微博视频 ​                ", "author": "史海钩沉", "time": "史海钩沉2019年06月29日23:50 来自搜狗高速浏览器", "transmit": " 转发 37", "comment": "评论 9", "zan": " 14"}, {"text": "\n                    【重磅！#特朗普允许美国公司向华为出售零件#】在G20闭幕后的记者会上，特朗普表示，美国企业可以继续向华为出售零部件。特朗普表示，每年美国企业从向#华为#出售商品中获益数百亿美元。当被问及会否将华为移出美国出口管制的“实体清单”时，特朗普表示，近日将讨论这个问题。O特朗普：美国企业可以继续向华为出售零部件 ​                ", "author": "21世纪经济报道", "time": "21世纪经济报道2019年06月29日16:04 来自21财经", "transmit": " 转发 16", "comment": "评论 ", "zan": " 33"}, {"text": "\n                    【任正非：美国实体清单对我们没有死亡威胁】任正非也对加拿大投资首次做了介绍，华为准备在多伦多、渥太华、蒙特利尔、温哥华买土地，建新的研发中心。华为坚持在加拿大投资发展不变，至少有几十亿美元的投资。O任正非：美国实体清单对我们没有死亡威胁 ​                ", "author": "21世纪经济报道", "time": "21世纪经济报道2019年06月29日21:06 来自21财经", "transmit": " 转发 71", "comment": "评论 1", "zan": " 253"}]