[{"text": "\n#华为被曝祭出数亿索赔# 还记得在美方对华为“禁令”一出当即撕破脸、中断与华为的合作的伟创力（Flex Ltd.）吗？现在，华为要开始索赔了。据路透社6日曝料，华为正在向其合同制造商伟创力寻求赔偿，原因是在美国政府把华为列入所谓的“实体清单”后，伟创力非法扣留了华为价值约4亿元人民币（约合5700 ​  展开全文c \n#华为被曝祭出数亿索赔# 还记得在美方对华为“禁令”一出当即撕破脸、中断与华为的合作的伟创力（Flex Ltd.）吗？现在，华为要开始索赔了。据路透社6日曝料，华为正在向其合同制造商伟创力寻求赔偿，原因是在美国政府把华为列入所谓的“实体清单”后，伟创力非法扣留了华为价值约4亿元人民币（约合5700万美元）的物资。华为发言人郭福林没有就赔偿金额置评，但一名直接知情人士称，华为已于周一（5日）向伟创力发去律师函，要求其赔偿“数亿元人民币”，涉及收入误工、材料浪费、设备更换等方面的损失。观察者网注意到，伟创力本财年第一季度的净利润为4487.2万美元，换算成人民币不到3.2亿元，如果“数亿元人民币的赔偿”属实，这对伟创力来说绝对不是一个小数目。这个是应该的。目前看，华为解禁基本没有希望了，就应该拿起法律武器进行索赔。关键在于这种索赔怎么落实下去。华为今后或更加困难了，要有这个思想准备。中国所有企业都应该有应对困难的长期意识，未雨绸缪，寻求发展！ 收起全文d\n", "author": "互小姐看世界", "time": "互小姐看世界2019年08月08日17:29 来自微博weibo.com", "transmit": " 转发 18", "comment": "评论 18", "zan": " 47"}]