[{"text": "\n                    【终于有人把华为“备胎计划”说清楚了：一个大格局的良好思考，没有备胎，就称不上战略】世界上没有最佳战略，这个世界上只有最柔性的战略、最韧性的战略。在美国BIS将华为列入所谓“实体清单”后，华为的备胎战略引起了广泛关注，众多美国企业都不得不停止给华为供货，华为海思总裁何庭波立即 ​  展开全文c \n                    【终于有人把华为“备胎计划”说清楚了：一个大格局的良好思考，没有备胎，就称不上战略】世界上没有最佳战略，这个世界上只有最柔性的战略、最韧性的战略。在美国BIS将华为列入所谓“实体清单”后，华为的备胎战略引起了广泛关注，众多美国企业都不得不停止给华为供货，华为海思总裁何庭波立即宣布启用备胎计划，鸿蒙操作系统也早已箭在弦上。    但在网络上，方舟子质疑备胎计划：“备胎如果好用，何必等到破胎了再用？怕美国公司赚不到钱？”     为此，任正非专门回答：“动用备胎，体现了自主创新，但不想孤家寡人，我们的朋友遍天下，不能伤害朋友，方舟子可能不理解我们的战略。”     什么是备胎战略？如何理解华为的备胎战略？如何向华为学习策划与执行备胎战略？本文特别邀请到了洛威尔麻省大学创新创业教授孙黎老师与你分享他的研究洞见。   备胎战略背后的孙子兵法。备胎战略的本质而言，就是蓝军战略，在《蓝军战略》一书中，我把它定义为奇正相生中“奇”的战略部队，不仅可以激励红军的战术磨炼、加强“料敌机先”的竞争能力，也可以奇正转化，成为歼敌的主要力量。    《孙子兵法·势篇》论道：“奇正之变，不可胜穷也。奇正相生，如环之无端。”     正是指正面战场的主力，奇意指奇数、偶数的奇，是指多余的队伍（例如后备队），在关键的时候上阵取胜。 华为是一家非常有危机感的企业，早在20多年前华为就有了“蓝军部门”，主要任务是唱出对立面，虚拟化各种对抗性声音，甚至提出一些危言耸听的警告。    这种蓝军思维不仅体现在战略层面，战略层面的蓝军作战，让华为在企业绩效高飞猛进的时候，仍然能保持谦卑，从高层到各级组织，就开展蓝军的作战模式，让备胎成为一种普遍的战略执行力量。    这个世界上没有所谓的最佳战略，只有最柔性的战略、最韧性的战略，或者说，最能生生不息的战略。从这个角度看，Plan B、备胎、蓝军是从大型企业领导者到中小创业者都要仔细思考策划的。     一个大格局的良好思考，没有备胎，就称不上战略。为此，请记住古罗马诗人贺拉斯所说的：  “现在已然衰朽的，将来可重放异彩；现在备受青睐的，将来可日渐衰朽。”  …………全文见后附： O终于有人把华为“备胎计划”说清楚了 收起全文d\n", "author": "人才76116", "time": "人才761162019年07月14日19:19 来自HUAWEIP20", "transmit": " 转发 18", "comment": "评论 66", "zan": " 123"}]