[{"text": "\n                    【得道多助、失道寡助：得知美国供应商努力备货，华为任正非感动流泪】美国特朗普政府悍然开启中美贸易战，宣布将华为列入所谓“实体清单”，妄图逆全球化历史发展的潮流，不得人心，结果注定惨败。近日，任正非接受采访时告诉记者：      前几天半夜得知美国供应商努力备货的情况，“我流泪了 ​  展开全文c \n                    【得道多助、失道寡助：得知美国供应商努力备货，华为任正非感动流泪】美国特朗普政府悍然开启中美贸易战，宣布将华为列入所谓“实体清单”，妄图逆全球化历史发展的潮流，不得人心，结果注定惨败。近日，任正非接受采访时告诉记者：      前几天半夜得知美国供应商努力备货的情况，“我流泪了，感到得道多助、失道寡助。今天，美国的企业还在和美国政府沟通审批这个事情。”     同时，任正非对“实体名单”回应称，这对华为不会产生太大影响，华为在全球的竞标仍在前进。华为一季度销售收入同比增长39%，4月份同比增长25%。预计今年增长速度会减慢，但不会造成公司负增长或对产业发展带来伤害，华为的量产能力仍然很大。 O任正非：被打成筛子 “烂飞机”照样飞 收起全文d\n", "author": "人才76116", "time": "人才761162019年05月24日09:15 来自HUAWEIP20", "transmit": " 转发 27", "comment": "评论 127", "zan": " 280"}, {"text": "\n                    【美国施压，多国“围剿”？#回顾华为风口浪尖的一周# 】当地时间5月15日，特朗普签署行政令，要求美国进入紧急状态，并允许美国商务部禁止美企购买“外国敌人”生产的电信设备、技术，而美国商务部也计划将华为及其70个分支机构列入“实体清单”，即禁止华为向美国公司供应商进行采购。在接下来 ​  展开全文c \n                    【美国施压，多国“围剿”？#回顾华为风口浪尖的一周# 】当地时间5月15日，特朗普签署行政令，要求美国进入紧急状态，并允许美国商务部禁止美企购买“外国敌人”生产的电信设备、技术，而美国商务部也计划将华为及其70个分支机构列入“实体清单”，即禁止华为向美国公司供应商进行采购。在接下来的一周，华为究竟遭遇了什么？视频回顾：L界面Vnews的秒拍视频 收起全文d\n", "author": "界面新闻", "time": "界面新闻2019年05月24日20:26 来自微博weibo.com", "transmit": " 转发 11", "comment": "评论 8", "zan": " 18"}]