[{"text": "\n                    【任正非：美国一旦翻身，它的战略手段是很厉害的】《最好的防御就是进攻》是任正非极具战略思想的一篇讲话。今天华为之所以能取得5G、鸿蒙等技术成就，之所以能抗住美国“实体清单”的碾压，都与当年任正非战略眼光和战略布局有关。任正非认为美国是一个伟大的国家，是因为其保护创新，宽容个性， ​  展开全文c \n                    【任正非：美国一旦翻身，它的战略手段是很厉害的】《最好的防御就是进攻》是任正非极具战略思想的一篇讲话。今天华为之所以能取得5G、鸿蒙等技术成就，之所以能抗住美国“实体清单”的碾压，都与当年任正非战略眼光和战略布局有关。任正非认为美国是一个伟大的国家，是因为其保护创新，宽容个性，而因此具有良好的创新精神、创新机制和创新能力。任正非鼓励向美国学习，多参加国际会议，多“喝咖啡”，“一杯咖啡吸收宇宙能量”的名句也由此产生。不要守成，要敢于打破既有的优势，形成新的优势。在技术上，美国不会甘于失败，要敢于投入，用最先进的工具做最先进的产品，继续抢占制高点。学会给盟友分蛋糕，用开阔的心胸看世界，不舍得拿出地盘来的人不是战略家。不要在乎一城一地的得失，走向开放，拥有的就是整个世界。 收起全文d\n", "author": "价值投资日志", "time": "价值投资日志2019年08月16日23:52 来自iPhoneX", "transmit": " 转发 295", "comment": "评论 31", "zan": " 262"}]