[{"text": "\n                    【美国又变卦了！推迟美企对华为销售许可】事实上，美国对华为的态度已经多次变卦。在将华为列入实体清单后，5月21日，美国官员决定，将对华为的禁令延迟90天实施，直到8月中旬才会生效，理由是华为及其商业伙伴需要时间来升级软件以及处理一些合同义务问题。O美国又变卦了！推迟美企对华为销售许可 ​                ", "author": "和讯网", "time": "和讯网2019年08月10日10:38 来自微博weibo.com", "transmit": " 转发 13", "comment": "评论 13", "zan": " 19"}]