[{"text": "\n                    【华为遭限制后，半导体巨头博通很“受伤”】 半导体巨头博通，随着其最大客户之一华为被美国列入“实体清单”，也成为了受影响最大的半导体公司之一。据路透社当地时间6月14日报道，周五（14日），美国股市收低，美国半导体巨头博通急跌5.6%。13日，博通警告称全球需求普遍放缓，报道认为，这给芯片 ​  展开全文c \n                    【华为遭限制后，半导体巨头博通很“受伤”】 半导体巨头博通，随着其最大客户之一华为被美国列入“实体清单”，也成为了受影响最大的半导体公司之一。据路透社当地时间6月14日报道，周五（14日），美国股市收低，美国半导体巨头博通急跌5.6%。13日，博通警告称全球需求普遍放缓，报道认为，这给芯片股造成压力。也是在同一天，博通在公告中表示，将2019财年的营收预期下调至225亿美元。这一营收预期，相比3个月前预计的245亿美元下降了8%，减少约20亿美元。英国《金融时报》此前报道中称，博通此番下调营收指引，部分原因是美国方面对华为的销售禁令。博通此前曾表示，华为去年为其贡献了约9亿美元的收入，约占其总营收的4% 收起全文d\n", "author": "科工力量", "time": "科工力量2019年06月15日12:07 来自微博weibo.com", "transmit": " 转发 10", "comment": "评论 16", "zan": " 101"}]