[{"text": "\n                    【学术组织IEEE排斥华为，北大清华学者当即抗议】5月29日，网络上曝光的邮件显示，由于美国政府将华为列入“实体清单”，全球顶级学术组织IEEE（电气电子工程师学会）向旗下刊物的主编提出这样的要求：禁止来自华为的同僚担任审稿人或编辑，否则将产生严重的“法律牵连观察者网向IEEE旗下某期刊的一 ​  展开全文c \n                    【学术组织IEEE排斥华为，北大清华学者当即抗议】5月29日，网络上曝光的邮件显示，由于美国政府将华为列入“实体清单”，全球顶级学术组织IEEE（电气电子工程师学会）向旗下刊物的主编提出这样的要求：禁止来自华为的同僚担任审稿人或编辑，否则将产生严重的“法律牵连观察者网向IEEE旗下某期刊的一名编委求证，得到了“可信度很高”的回答。此事在学术圈引起轩然大波，接连有北大、清华的教职人员表态称，将与IEEE“断交”。不过，有关此事对华为的影响，一位不愿意透露姓名的美国大学教授向观察者网指出，“物质层面的影响是不大，因为跟华为有关系的编辑审稿人、以及来自华为的文章只占非常小的比例”、华为依旧可以看IEEE的文章、“它作为一家公司，发不发表文章，多一篇少一篇也不是很重要。”但他进一步表示，IEEE这种操作，突破了学术期刊和专业协会（原来大家以为有）的一个底线。“不好的影响主要在于学术的自由性受到了干预。华为如果能够参与IEEE这个工作，对它的形象和学术影响力是有帮助的，但目前这一方面遭受了阻力。”实际上，这个底线也不是第一次被突破了。2003年，IEEE颁布了一项禁令，禁止古巴、伊朗、利比亚和苏丹的居民在IEEE的任何出版物上发表文献、或是对其任何标准做出贡献，而上述四个国家都在美国的“禁运清单”上。 O知名学术组织IEEE排斥华为，北大清华学者当即抗议 收起全文d\n", "author": "观察者网", "time": "观察者网2019年05月29日23:46 来自微博weibo.com", "transmit": " 转发 131", "comment": "评论 157", "zan": " 332"}, {"text": "\n                    再说一下联邦快递把华为包裹递到美国这事，包裹事小，违法事大。很多网友关注的是联邦快递是否有受到美国政府实体清单的管控影响。但无论是否受到影响，联邦快递的信用已经破产。它受美国政府实体清单影响这是帮助美国政府控制和调查客户，侵犯隐私。它未受影响，这是违背商业契约，侵犯客户，并且回应 ​  展开全文c \n                    再说一下联邦快递把华为包裹递到美国这事，包裹事小，违法事大。很多网友关注的是联邦快递是否有受到美国政府实体清单的管控影响。但无论是否受到影响，联邦快递的信用已经破产。它受美国政府实体清单影响这是帮助美国政府控制和调查客户，侵犯隐私。它未受影响，这是违背商业契约，侵犯客户，并且回应满口谎言。联邦快递的行为严重侵犯了我国的司法主权，破坏了中国正常的邮政管理秩序，也侵犯了我国企业的商业秘密和隐私。违反了《中华人民共和国国际刑事司法协助法》《关于从国外调取民事或商事证据的公约》《中美关于刑事司法协助的协定》《中华人民共和国邮政法》《快递暂行条例》《中华人民共和国刑法》。无论怎么说，这事都有巨大问题。我真是很难相信，一个美国企业不顾信用，这以后靠什么生存，用户怎么敢把包裹交给你递送？ 收起全文d\n", "author": "媒体人石良", "time": "媒体人石良2019年05月29日03:01 来自荣耀8X", "transmit": " 转发 7", "comment": "评论 3", "zan": " 27"}]