[{"text": "\n                    【陶氏对华为部分断供，会影响中国的电子制造产业吗？】继5月16日，美国商务部正式将华为列入“实体清单”，禁止美企向华为出售相关技术和产品后，美国陶氏也发函宣布对华为断供。陶氏发函称受美国商务部裁定华为及其在全球68家非美国关联公司列入“实体清单”的影响，陶氏及其关联公司或子公司生产 ​  展开全文c \n                    【陶氏对华为部分断供，会影响中国的电子制造产业吗？】继5月16日，美国商务部正式将华为列入“实体清单”，禁止美企向华为出售相关技术和产品后，美国陶氏也发函宣布对华为断供。陶氏发函称受美国商务部裁定华为及其在全球68家非美国关联公司列入“实体清单”的影响，陶氏及其关联公司或子公司生产的所有受美国《出口管理条例》约束的产品，将不再向华为或其任何被列入清单的关联公司出售。O陶氏对华为部分断供，会影响中国的电子制造产业吗？ 收起全文d\n", "author": "集微网官网", "time": "集微网官网2019年06月04日21:10 来自微博weibo.com", "transmit": " 转发 5", "comment": "评论 5", "zan": " 4"}]