[{"text": "\n                    【华为遭美打压后：6家美国供应商股价狂泻，逾500亿市值蒸发】#华为6家美国供应商500亿市值蒸发# 近日美国商务部正式将华为列入“实体清单”，禁止美企向华为出售相关技术和产品。#华为库存准备至少够缓冲一年# 商务部发言人高峰表示，坚决反对任何国家根据自己的国内法对中国的实体实施单边制裁，敦促 ​  展开全文c \n                    【华为遭美打压后：6家美国供应商股价狂泻，逾500亿市值蒸发】#华为6家美国供应商500亿市值蒸发# 近日美国商务部正式将华为列入“实体清单”，禁止美企向华为出售相关技术和产品。#华为库存准备至少够缓冲一年# 商务部发言人高峰表示，坚决反对任何国家根据自己的国内法对中国的实体实施单边制裁，敦促美方停止错误做法。而在华为遭美打压后，6家美国供应商股价暴跌，逾500亿市值蒸发。#华为海思总裁深夜发文# #华为保密柜的备胎芯片全部转正# O华为遭美打压后：6家美国供应商股价狂泻，逾500亿市值蒸发 收起全文d\n", "author": "每日经济新闻", "time": "每日经济新闻2019年05月17日19:01 来自搜狗高速浏览器", "transmit": " 转发 513", "comment": "评论 1321", "zan": " 4087"}, {"text": "\n#华为备胎转正# 【华为轮值董事长胡厚崑：能够保障在极端情况下，公司经营不受大的影响】5月16日，美国商务部工业与安全局（BIS）将华为列入所谓“实体清单”，这意味着，没有美国政府的许可下，美国企业不得给华为供货。华为轮值董事长胡厚崑在内部发布的《致员工的一封信》中表示，这是美国政府 ​  展开全文c \n#华为备胎转正# 【华为轮值董事长胡厚崑：能够保障在极端情况下，公司经营不受大的影响】5月16日，美国商务部工业与安全局（BIS）将华为列入所谓“实体清单”，这意味着，没有美国政府的许可下，美国企业不得给华为供货。华为轮值董事长胡厚崑在内部发布的《致员工的一封信》中表示，这是美国政府处于政治目的持续打压华为的最新一步。“对此，公司在多年前就有所预计，并在研究开发、业务连续性等方面进行了大量投入和充分准备，能够保障在极端情况下，公司经营不受大的影响。”#华为海思总裁凌晨致信员工#同时，5月17日凌晨，《海思总裁致员工的一封信》中提及了华为的“备胎”策略。文中写道：“多年前，还是云淡风轻的季节，公司做出了极限生存的假设，预计有一天，所有美国的先进芯片和技术将不可获得，华为仍将持续为客户服务。为了这个以为永远不会发生的假设，数千海思儿女，走上了科技史上最为悲壮的长征，为公司的生存打造’备胎’。”华为的备胎策略浮出水面，海思总裁还表示：“今天是历史的选择，所有我们曾经打造的备胎，一夜之间全部转正’。”O华为轮值董事长胡厚崑：能够保障在极端情况下，公司经营不受大的影响 收起全文d\n", "author": "21世纪经济报道", "time": "21世纪经济报道2019年05月17日08:27 来自微博weibo.com", "transmit": " 转发 2573", "comment": "评论 2", "zan": " 10464"}, {"text": "\n                    【#华为公司致信员工#：多年前已预计美国打压，困难挡不住前进步伐】刚刚，环球网编辑部收到华为公司总裁办致员工的一封信。以下是信件全文： 致员工的一封信 美国商务部工业与安全局（BIS）将华为列入所谓“实体清单”的决定，是美国政府出于政治目的持续打压华为的最新一步。对此，公司在多年前 ​  展开全文c \n                    【#华为公司致信员工#：多年前已预计美国打压，困难挡不住前进步伐】刚刚，环球网编辑部收到华为公司总裁办致员工的一封信。以下是信件全文： 致员工的一封信 美国商务部工业与安全局（BIS）将华为列入所谓“实体清单”的决定，是美国政府出于政治目的持续打压华为的最新一步。对此，公司在多年前就有所预计，并在研究开发、业务连续性等方面进行了大量投入和充分准备，能够保障在极端情况下，公司经营不受大的影响。 时间将会揭开虚伪的面具，阴霾过后阳光必然普照。请大家坚定信心，踏踏实实做好本职工作，持续奋斗。任何艰难困苦，都不能阻挡我们前进的步伐。 附华为媒体声明： 华为反对美国商务部工业与安全局（BIS）的决定。 这不符合任何一方的利益，会对与华为合作的美国公司造成巨大的经济损失，影响美国数以万计的就业岗位，也破坏了全球供应链的合作和互信。 华为将尽快就此事寻求救济和解决方案，采取积极措施，降低此事件的影响。 二〇一九年五月十六日 #华为海思总裁凌晨致信员工# 收起全文d\n", "author": "环球网", "time": "环球网2019年05月17日08:10", "transmit": " 转发 571", "comment": "评论 432", "zan": " 5029"}, {"text": "\n                    【华为公司致信员工：多年前已预计美国打压，困难挡不住前进步伐】据@环球网  环球网编辑部收到华为公司总裁办致员工的一封信。以下是信件全文：致员工的一封信美国商务部工业与安全局（BIS）将华为列入所谓“实体清单”的决定，是美国政府出于政治目的持续打压华为的最新一步。对此，公司在多年前 ​  展开全文c \n                    【华为公司致信员工：多年前已预计美国打压，困难挡不住前进步伐】据@环球网  环球网编辑部收到华为公司总裁办致员工的一封信。以下是信件全文：致员工的一封信美国商务部工业与安全局（BIS）将华为列入所谓“实体清单”的决定，是美国政府出于政治目的持续打压华为的最新一步。对此，公司在多年前就有所预计，并在研究开发、业务连续性等方面进行了大量投入和充分准备，能够保障在极端情况下，公司经营不受大的影响。时间将会揭开虚伪的面具，阴霾过后阳光必然普照。请大家坚定信心，踏踏实实做好本职工作，持续奋斗。任何艰难困苦，都不能阻挡我们前进的步伐。附华为媒体声明：华为反对美国商务部工业与安全局（BIS）的决定。这不符合任何一方的利益，会对与华为合作的美国公司造成巨大的经济损失，影响美国数以万计的就业岗位，也破坏了全球供应链的合作和互信。华为将尽快就此事寻求救济和解决方案，采取积极措施，降低此事件的影响。二〇一九年五月十六日 收起全文d\n", "author": "头条新闻", "time": "头条新闻2019年05月17日09:00 来自微博weibo.com", "transmit": " 转发 322", "comment": "评论 547", "zan": " 1763"}, {"text": "\n                    【美国对华为下手 英法德加荷比：我们不跟！】 当地时间5月16日，美国商务部将华为列入“实体清单”，禁止美企向华为出售相关技术和产品。特朗普还签署了总统令，宣布美国进入“国家紧急状态”。美国盟友们的反应怎样呢？法国总统马克龙16日表示，自己不打算屈服于美国的压力而禁止华为的5G设备。 ​  展开全文c \n                    【美国对华为下手 英法德加荷比：我们不跟！】 当地时间5月16日，美国商务部将华为列入“实体清单”，禁止美企向华为出售相关技术和产品。特朗普还签署了总统令，宣布美国进入“国家紧急状态”。美国盟友们的反应怎样呢？法国总统马克龙16日表示，自己不打算屈服于美国的压力而禁止华为的5G设备。默克尔16日重申，只要是符合既定安全标准的企业，就可以参与到德国的5G建设当中。德国网络管理局局长霍曼当日也表示，反对将华为排除在德国的5G建设之外。英国上月底就给华为“开了绿灯”，允许该公司“有限制地”参与英国的5G网络建设。荷兰首相吕特16日称，该国不会在5G网络竞标前，提前排除任何公司参与。报道同时指出，荷兰情报和安全部门正在就华为是否存在所谓“间谍活动”展开调查。比利时情报机构则称，该国未发现华为有间谍风险的证据，不可能封杀华为。 加总理特鲁多对此表示，他的政府不会因为特朗普签署了封杀华为的总统令就会也跟着封杀华为，而是会有条不紊地、耐心地对华为能否参与该国5G项目做出评估。(观察者网) 收起全文d\n", "author": "新浪军事", "time": "新浪军事2019年05月17日15:35 来自微博weibo.com", "transmit": " 转发 108", "comment": "评论 69", "zan": " 416"}, {"text": "\n                    【#华为海思致信员工#：多年前已预计美国打压，困难挡不住前进步伐】昨日，华为海思总裁致信员工：美国商务部工业与安全局（BIS）将华为列入所谓“实体清单”的决定，是美国政府出于政治目的持续打压华为的最新一步。对此，公司在多年前就有所预计，并在研究开发、业务连续性等方面进行了大量投入和充 ​  展开全文c \n                    【#华为海思致信员工#：多年前已预计美国打压，困难挡不住前进步伐】昨日，华为海思总裁致信员工：美国商务部工业与安全局（BIS）将华为列入所谓“实体清单”的决定，是美国政府出于政治目的持续打压华为的最新一步。对此，公司在多年前就有所预计，并在研究开发、业务连续性等方面进行了大量投入和充分准备，能够保障在极端情况下，公司经营不受大的影响。时间将会揭开虚伪的面具，阴霾过后阳光必然普照。请大家坚定信心，踏踏实实做好本职工作，持续奋斗。任何艰难困苦，都不能阻挡我们前进的步伐。 收起全文d\n", "author": "新京报", "time": "新京报2019年05月17日10:55 来自微博weibo.com", "transmit": " 转发 62", "comment": "评论 325", "zan": " 375"}, {"text": "\n                    【#华为海思备胎芯片全面转正# 国产芯片股大涨】5月17日凌晨，华为海思总裁何庭波发表致员工信，称公司多年前曾假设有一天不可获得美国芯片和技术，数千员工为此开始打造“备胎”。信件宣布“转正”全部“备胎”。这封信针对的是美国将华为列入实体清单这一行为。L新京报我们视频的秒拍视频 ​                ", "author": "新京报我们视频", "time": "新京报我们视频2019年05月17日13:49 来自微博weibo.com", "transmit": " 转发 17", "comment": "评论 32", "zan": " 106"}, {"text": "\n                    【#华为致信员工#:早已预计美国打压 困难挡不住前进步伐】华为总裁办昨日发信致信员工：多年前已预计美国打压，困难挡不住前进步伐。华为称，美国商务部工业与安全局(BIS)将华为列入所谓“实体清单”的决定，是美国政府出于政治目的持续打压华为的最新一步。对此，公司在多年前就有所预计，并在研究开 ​  展开全文c \n                    【#华为致信员工#:早已预计美国打压 困难挡不住前进步伐】华为总裁办昨日发信致信员工：多年前已预计美国打压，困难挡不住前进步伐。华为称，美国商务部工业与安全局(BIS)将华为列入所谓“实体清单”的决定，是美国政府出于政治目的持续打压华为的最新一步。对此，公司在多年前就有所预计，并在研究开发、业务连续性等方面进行了大量投入和充分准备，能够保障在极端情况下，公司经营不受大的影响。O华为致信员工:早已预计美国打压 困难挡不住前进步伐 收起全文d\n", "author": "新浪科技", "time": "新浪科技2019年05月17日08:40 来自微博weibo.com", "transmit": " 转发 48", "comment": "评论 53", "zan": " 174"}, {"text": "\n                    美国商务部长罗斯表示，华为被列入美国贸易黑名单，将于17日生效。罗斯在接受记者采访时做出了上表述。较早前，特朗普签署行政命令，禁止美国企业使用被认为有国家安全风险公司所制造的电信设备。美国商务部随后将华为及70家附属企业，列入出口管制实体清单，禁止华为在未经许可下，向美国企业采购 ​  展开全文c \n                    美国商务部长罗斯表示，华为被列入美国贸易黑名单，将于17日生效。罗斯在接受记者采访时做出了上表述。较早前，特朗普签署行政命令，禁止美国企业使用被认为有国家安全风险公司所制造的电信设备。美国商务部随后将华为及70家附属企业，列入出口管制实体清单，禁止华为在未经许可下，向美国企业采购零组件和技术。去年华为一共花费700亿美元采购零部件，其中110亿美元是向高通、英特尔和美光等美国企业采购。 收起全文d\n", "author": "寰亚SYHP", "time": "寰亚SYHP2019年05月17日06:24", "transmit": " 转发 243", "comment": "评论 90", "zan": " 231"}, {"text": "\n                    【#华为海思总裁凌晨致信员工#：多年备胎一夜转“正”，今后要科技自立！】5月17日凌晨，华为海思总裁在致员工的一封信中表示，超级大国不留情地中断全球合作的技术与产业体系，做出了疯狂的决定。在毫无理由的情况下，华为被列入了美国商务部工业和安全局的实体名单。海思总裁表示，为了兑现 ​  展开全文c \n                    【#华为海思总裁凌晨致信员工#：多年备胎一夜转“正”，今后要科技自立！】5月17日凌晨，华为海思总裁在致员工的一封信中表示，超级大国不留情地中断全球合作的技术与产业体系，做出了疯狂的决定。在毫无理由的情况下，华为被列入了美国商务部工业和安全局的实体名单。海思总裁表示，为了兑现公司对于客户持续服务的承诺，华为保密柜里的备胎芯片“全部转正”，是历史的选择。这确保了公司大部分产品的战略安全，大部分产品的连续供应。#华为备胎芯片全部转正##华为保密柜的备胎芯片全部转正##华为被列入实体清单#O华为海思总裁深夜发文：保密柜里的备胎芯片“全部转正” 收起全文d\n", "author": "凤凰网科技", "time": "凤凰网科技2019年05月17日08:41 来自微博weibo.com", "transmit": " 转发 38", "comment": "评论 59", "zan": " 185"}, {"text": "\n                    【#华为海思总裁凌晨致信员工#：多年备胎一夜转“正”，今后要科技自立！】17日凌晨，华为海思总裁致信员工：多年备胎一夜转“正”，今后要科技自立！美国商务部工业与安全局（BIS）将华为列入所谓“实体清单”的决定，是美国政府出于政治目的持续打压华为的最新一步。对此，公司在多年前就有所预计， ​  展开全文c \n                    【#华为海思总裁凌晨致信员工#：多年备胎一夜转“正”，今后要科技自立！】17日凌晨，华为海思总裁致信员工：多年备胎一夜转“正”，今后要科技自立！美国商务部工业与安全局（BIS）将华为列入所谓“实体清单”的决定，是美国政府出于政治目的持续打压华为的最新一步。对此，公司在多年前就有所预计，并在研究开发、业务连续性等方面进行了大量投入和充分准备，能够保障在极端情况下，公司经营不受大的影响。时间将会揭开虚伪的面具，阴霾过后阳光必然普照。请大家坚定信心，踏踏实实做好本职工作，持续奋斗。任何艰难困苦，都不能阻挡我们前进的步伐。（央视） 收起全文d\n", "author": "封面新闻", "time": "封面新闻2019年05月17日10:10 来自360安全浏览器", "transmit": " 转发 45", "comment": "评论 46", "zan": " 190"}, {"text": "\n                    【#华为海思总裁致员工信#：多年前已做出极限生存假设，一夜之间“备胎”全部转“正”】5月16日，美国商务部工业与安全局（BIS）将华为列入所谓“实体清单”，这意味着，没有美国政府的许可下，美国企业不得给华为供货。华为轮值董事长胡厚崑在内部发布的《致员工的一封信》中表示，这是美国政府处 ​  展开全文c \n                    【#华为海思总裁致员工信#：多年前已做出极限生存假设，一夜之间“备胎”全部转“正”】5月16日，美国商务部工业与安全局（BIS）将华为列入所谓“实体清单”，这意味着，没有美国政府的许可下，美国企业不得给华为供货。华为轮值董事长胡厚崑在内部发布的《致员工的一封信》中表示，这是美国政府处于政治目的持续打压华为的最新一步。“对此，公司在多年前就有所预计，并在研究开发、业务连续性等方面进行了大量投入和充分准备，能够保障在极端情况下，公司经营不受大的影响。”同时，《海思总裁致员工的一封信》中提及了华为的“备胎”策略。文中写道：“多年前，还是云淡风轻的季节，公司做出了极限生存的假设，预计有一天，所有美国的先进芯片和技术将不可获得，华为仍将持续为客户服务。为了这个以为永远不会发生的假设，数千海思儿女，走上了科技史上最为悲壮的长征，为公司的生存打造’备胎’。”华为的备胎策略浮出水面，海思总裁还表示：“今天是历史的选择，所有我们曾经打造的备胎，一夜之间全部转正’。” 收起全文d\n", "author": "界面新闻", "time": "界面新闻2019年05月17日09:20 来自微博weibo.com", "transmit": " 转发 52", "comment": "评论 34", "zan": " 102"}, {"text": "\n                    【华为备胎能否顶住美国大棒】5月15日美国总统特朗普签署行政令，宣布“国家紧急状况”，授予美国政府机构禁止他国通信网络设备和服务的权力。紧接着，美国商务部发公告，称华为公司参与了有违美国利益的行为，该部已将其华为公司及其70家附属公司纳入实体清单。危机迫近之际，华为海思作为多年前未雨 ​  展开全文c \n                    【华为备胎能否顶住美国大棒】5月15日美国总统特朗普签署行政令，宣布“国家紧急状况”，授予美国政府机构禁止他国通信网络设备和服务的权力。紧接着，美国商务部发公告，称华为公司参与了有违美国利益的行为，该部已将其华为公司及其70家附属公司纳入实体清单。危机迫近之际，华为海思作为多年前未雨绸缪的“备胎”作用凸显，但海思是芯片设计企业，芯片制造还依赖台积电这样芯片代工厂，因此，最大的隐患可能是占据芯片代工市场半壁江山的台积电。O网页链接 收起全文d\n", "author": "财经杂志", "time": "财经杂志2019年05月17日21:32 来自微博weibo.com", "transmit": " 转发 164", "comment": "评论 1043", "zan": " 493"}, {"text": "\n                    【#华为海思致信员工#：多年前已预计美国打压，困难挡不住前进步伐】昨日，华为海思总裁致信员工：美国商务部工业与安全局（BIS）将华为列入所谓“实体清单”的决定，是美国政府出于政治目的持续打压华为的最新一步。对此，公司在多年前就有所预计，并在研究开发、业务连续性等方面进行了大量投入和充 ​  展开全文c \n                    【#华为海思致信员工#：多年前已预计美国打压，困难挡不住前进步伐】昨日，华为海思总裁致信员工：美国商务部工业与安全局（BIS）将华为列入所谓“实体清单”的决定，是美国政府出于政治目的持续打压华为的最新一步。对此，公司在多年前就有所预计，并在研究开发、业务连续性等方面进行了大量投入和充分准备，能够保障在极端情况下，公司经营不受大的影响。时间将会揭开虚伪的面具，阴霾过后阳光必然普照。请大家坚定信心，踏踏实实做好本职工作，持续奋斗。任何艰难困苦，都不能阻挡我们前进的步伐。 收起全文d\n", "author": "央视网", "time": "央视网2019年05月17日10:00 来自微博weibo.com", "transmit": " 转发 27", "comment": "评论 43", "zan": " 214"}, {"text": "\n                    【#华为海思总裁凌晨致信员工#：所有的芯片备胎，一夜之间全部转“正”】5月16日，美国商务部工业与安全局（BIS）将华为列入所谓“实体清单”，这意味着，没有美国政府的许可下，美国企业不得给华为供货。对此，华为轮值董事长胡厚崑在内部发布的《致员工的一封信》中表示，这是美国政府处于政治目的 ​  展开全文c \n                    【#华为海思总裁凌晨致信员工#：所有的芯片备胎，一夜之间全部转“正”】5月16日，美国商务部工业与安全局（BIS）将华为列入所谓“实体清单”，这意味着，没有美国政府的许可下，美国企业不得给华为供货。对此，华为轮值董事长胡厚崑在内部发布的《致员工的一封信》中表示，这是美国政府处于政治目的持续打压华为的最新一步。“对此，公司在多年前就有所预计，并在研究开发、业务连续性等方面进行了大量投入和充分准备，能够保障在极端情况下，公司经营不受大的影响。”同时，《海思总裁致员工的一封信》中提及了华为的“备胎”策略。文中写道：“多年前，还是云淡风轻的季节，公司做出了极限生存的假设，预计有一天，所有美国的先进芯片和技术将不可获得，华为仍将持续为客户服务。为了这个以为永远不会发生的假设，数千海思儿女，走上了科技史上最为悲壮的长征，为公司的生存打造’备胎’。”华为的备胎策略浮出水面，海思总裁还表示：“今天是历史的选择，所有我们曾经打造的备胎，一夜之间全部转正’。” 收起全文d\n", "author": "虎嗅APP", "time": "虎嗅APP2019年05月17日09:14 来自微博weibo.com", "transmit": " 转发 45", "comment": "评论 131", "zan": " 109"}, {"text": "\n                    【#华为海思致信员工#：多年前已预计美国打压，困难挡不住前进步伐】昨日，华为海思总裁致信员工：美国商务部工业与安全局（BIS）将华为列入所谓“实体清单”的决定，是美国政府出于政治目的持续打压华为的最新一步。对此，公司在多年前就有所预计，并在研究开发、业务连续性等方面进行了大量投入和充 ​  展开全文c \n                    【#华为海思致信员工#：多年前已预计美国打压，困难挡不住前进步伐】昨日，华为海思总裁致信员工：美国商务部工业与安全局（BIS）将华为列入所谓“实体清单”的决定，是美国政府出于政治目的持续打压华为的最新一步。对此，公司在多年前就有所预计，并在研究开发、业务连续性等方面进行了大量投入和充分准备，能够保障在极端情况下，公司经营不受大的影响。时间将会揭开虚伪的面具，阴霾过后阳光必然普照。请大家坚定信心，踏踏实实做好本职工作，持续奋斗。任何艰难困苦，都不能阻挡我们前进的步伐。 收起全文d\n", "author": "中国反邪教", "time": "中国反邪教2019年05月17日10:18 来自微博weibo.com", "transmit": " 转发 96", "comment": "评论 35", "zan": " 106"}, {"text": "\n                    【#华为海思总裁凌晨致信员工#：保密柜里的备胎芯片“全部转正”】5月16日，美国商务部工业与安全局（BIS）将华为列入所谓“实体清单”，这意味着，美国企业未经许可不得给华为供货。华为轮值董事长胡厚崑、海思总裁何庭波先后致信员工表示，公司在多年前就在研究开发、业务连续性等方面进行了大量投入 ​  展开全文c \n                    【#华为海思总裁凌晨致信员工#：保密柜里的备胎芯片“全部转正”】5月16日，美国商务部工业与安全局（BIS）将华为列入所谓“实体清单”，这意味着，美国企业未经许可不得给华为供货。华为轮值董事长胡厚崑、海思总裁何庭波先后致信员工表示，公司在多年前就在研究开发、业务连续性等方面进行了大量投入和充分准备。“为公司的生存打造’备胎’。”“所有我们曾经打造的备胎，一夜之间全部转正’。” #小巴看天下# 收起全文d\n", "author": "吴晓波频道", "time": "吴晓波频道2019年05月17日12:46 来自微博weibo.com", "transmit": " 转发 32", "comment": "评论 18", "zan": " 49"}, {"text": "\n                    15日，特朗普签署紧急行政令，禁美企业购买或使用威胁美安全的公司的产品。美商务部立即把华为及其70家关联企业列入“实体清单”，不可从美企业购买零部件和技术。问题：1、中美关系是共赢还是零和？2、1941年的太平洋容不下美日，2019年的太平洋比1941年大了还是小了？3、为何技术成为中美竞争焦点？ ​                ", "author": "阎学通", "time": "阎学通2019年05月17日11:09 来自微博weibo.com", "transmit": " 转发 69", "comment": "评论 200", "zan": " 113"}]