[{"text": "\n#英特尔未断供华为#【英特尔：我没断供过华为】英特尔CEO鲍勃•斯旺7月31日对CNBC透露，即便是在华为被特朗普政府列入所谓的“实体清单”的第二季度，其公司也一直在向华为供应一些产品，而且这些产品经确认“符合相关法律法规”。他还透露，已经为其产品提交了相当多的申请，以获得向华为销售 ​  展开全文c \n#英特尔未断供华为#【英特尔：我没断供过华为】英特尔CEO鲍勃•斯旺7月31日对CNBC透露，即便是在华为被特朗普政府列入所谓的“实体清单”的第二季度，其公司也一直在向华为供应一些产品，而且这些产品经确认“符合相关法律法规”。他还透露，已经为其产品提交了相当多的申请，以获得向华为销售的许可，但并不清楚申请需要多长时间。这些产品主要是“一般用途的计算芯片”，他认为卖这些芯片给华为不会构成任何“国家安全风险”。O英特尔CEO：二季度一直给华为供货，已向美政府申请许可 收起全文d\n", "author": "观察者网", "time": "观察者网2019年08月01日14:58 来自微博weibo.com", "transmit": " 转发 72", "comment": "评论 91", "zan": " 1517"}, {"text": "\n#互联网资讯##华为# 今年，华为等多家高科技企业被列入“实体清单”，再次凸显自主可控的重要意义。大国博弈时代背景下，没有核心自主技术就没有主动权,就要处处受制于人。在越来越受关注的数据存储领域， 国内光存储行业领军企业紫晶存储已经率先一步实现了自主可控的技术优势，是目前国内唯一一家具 ​  展开全文c \n#互联网资讯##华为# 今年，华为等多家高科技企业被列入“实体清单”，再次凸显自主可控的重要意义。大国博弈时代背景下，没有核心自主技术就没有主动权,就要处处受制于人。在越来越受关注的数据存储领域， 国内光存储行业领军企业紫晶存储已经率先一步实现了自主可控的技术优势，是目前国内唯一一家具有自主知识产权、能产业化生产应用于商业大数据存储、档案级光存储介质的企业，也是唯一入选工信部“2018年工业强基工程存储器一条龙”的光存储制造企业。可以说，紫晶存储为我国信息存储安全的自主可控提供了强大助力和保障。那么在IT产业链上，还有哪些企业拥有自主可控的产品呢？点击下方长图，跟我一起来一探究竟吧！ 收起全文d\n", "author": "赵文芹", "time": "赵文芹2019年08月01日14:15", "transmit": " 转发 29", "comment": "评论 42", "zan": " 60"}]