[{"text": "\n                    【环时：联邦快递或被列入中国“不可靠实体清单”】中国官方媒体《环球时报》周日在其推特账号上称，受华为包裹事件影响，联邦快递（FedEx）可能会被列入中国的“不可靠实体清单”，并表示：“中国网民不接受联邦快递的再次道歉”。O《环球时报》：联邦快递或被列入中国“不可靠实体清单” ​                ", "author": "早报网", "time": "早报网2019年06月24日15:19 来自微博weibo.com", "transmit": " 转发 44", "comment": "评论 17", "zan": " 147"}, {"text": "\n                    【联邦快递将被列入“不可靠实体清单”？外交部回应】 问：据媒体报道，美国《个人电脑》杂志英国编辑部寄给美国编辑部一部用于评测的华为P30，被美联邦快递公司以违反美政府对华为禁令为由退回。有评论称，由于这一事件，联邦快递很可能被中国政府列入“不可靠实体清单”中方对此有何评论?耿爽：如 ​  展开全文c \n                    【联邦快递将被列入“不可靠实体清单”？外交部回应】 问：据媒体报道，美国《个人电脑》杂志英国编辑部寄给美国编辑部一部用于评测的华为P30，被美联邦快递公司以违反美政府对华为禁令为由退回。有评论称，由于这一事件，联邦快递很可能被中国政府列入“不可靠实体清单”中方对此有何评论?耿爽：如果我没记错的话，这已经不是联邦快递第一次出现与华为有关的“失误”了。一个月前就曾发生过联邦快递未按名址投递华为包裹的事情。这么短的时间内，一再发生与华为有关的“失误”，一再成为舆论关注的焦点，我不知道联邦快递方面作何感想。但我想，联邦快递作为这么大一家公司，理应有个合理的解释，理应为自身的行为负责。至于联邦快递是否会被列入“不可靠实体清单”，我不了解，建议你向主管部门去询问。作为外交部发言人，我想指出的是，美国滥用安全名义以莫须有的罪名，动用国家力量来打压一家中国企业，是问题的根源所在和混乱的始作俑者。美方的霸凌行径不仅伤害中国企业，也伤害美国企业。不仅影响企业日常运作，也干扰企业间正常合作。我们敦促美方立即停止并纠正错误做法，为各国企业开展正常的往来与合作创造条件。 收起全文d\n", "author": "新浪军事", "time": "新浪军事2019年06月24日19:25 来自微博weibo.com", "transmit": " 转发 12", "comment": "评论 16", "zan": " 196"}]