[{"text": "\n                    【谷歌后悔了，发布警告！制裁华为，将会迫使华为自力更生】上个月，美国商务部把华为等关联企业列入出口管制“实体清单”，禁止华为从美国企业购买技术或配件。近日，美国白宫官员写信给国会，呼吁推迟执行限制政府机关及其承包商向华为等中国公司购买设备的禁令，理由是美国企业吃不消了，华为设备很 ​  展开全文c \n                    【谷歌后悔了，发布警告！制裁华为，将会迫使华为自力更生】上个月，美国商务部把华为等关联企业列入出口管制“实体清单”，禁止华为从美国企业购买技术或配件。近日，美国白宫官员写信给国会，呼吁推迟执行限制政府机关及其承包商向华为等中国公司购买设备的禁令，理由是美国企业吃不消了，华为设备很受欢迎，禁令会让使用华为技术的美国公司负担过重，也会影响到美国政府采购。此外，美国科技巨头谷歌也在积极游说，寻求美国政府豁免其针对华为的安卓操作系统禁令，让谷歌能继续与华为进行业务往来。有新加坡媒体报道说，谷歌已经发出了警告：尽管制裁预计会在短期内伤害到华为，但这可能迫使华为以及其他中国公司变得自力更生。美国的制裁不仅会伤害到华为，最终可能还会伤害到美国公司的统治地位。谷歌目前担心，自己将不被允许更新华为智能手机上的安卓操作系统，谷歌称华为最终将会研发出自己的软件。据外媒10日消息，华为已经向全球几乎所有可能的知识产权组织提交了华为操作系统“鸿蒙”的商标申请，涉及的国家包括：加拿大、墨西哥、西班牙、韩国、澳大利亚、新西兰、秘鲁、菲律宾等等。  L央视财经的酷燃视频 收起全文d\n", "author": "央视财经", "time": "央视财经2019年06月11日13:35 来自微博weibo.com", "transmit": " 转发 119", "comment": "评论 131", "zan": " 615"}, {"text": "\n                    【谷歌发布警告：制裁华为，将会迫使华为自力更生】近期，美国商务部把华为等关联企业列入出口管制“实体清单”，禁止华为从美国企业购买技术或配件。美国科技巨头谷歌积极游说，寻求美国政府豁免其针对华为的安卓操作系统禁令，让谷歌能继续与华为进行业务往来。有新加坡媒体报道说，谷歌已经发出了警 ​  展开全文c \n                    【谷歌发布警告：制裁华为，将会迫使华为自力更生】近期，美国商务部把华为等关联企业列入出口管制“实体清单”，禁止华为从美国企业购买技术或配件。美国科技巨头谷歌积极游说，寻求美国政府豁免其针对华为的安卓操作系统禁令，让谷歌能继续与华为进行业务往来。有新加坡媒体报道说，谷歌已经发出了警告：尽管制裁预计会在短期内伤害到华为，但这可能迫使华为以及其他中国公司变得自力更生。美国的制裁不仅会伤害到华为，最终可能还会伤害到美国公司的统治地位。谷歌目前担心，自己将不被允许更新华为智能手机上的安卓操作系统，谷歌称华为最终将会研发出自己的软件。@央视财经 O谷歌发布警告：制裁华为将迫使华为自力更生 L央视财经的酷燃视频 收起全文d\n", "author": "新浪财经", "time": "新浪财经2019年06月11日14:07 来自微博weibo.com", "transmit": " 转发 115", "comment": "评论 14", "zan": " 352"}, {"text": "\n                    【谷歌后悔了，发布警告！制裁华为，将会迫使华为自力更生】上个月，美国商务部把华为等关联企业列入出口管制“实体清单”，禁止华为从美国企业购买技术或配件。近日，美国白宫官员写信给国会，呼吁推迟执行限制政府机关及其承包商向华为等中国公司购买设备的禁令，理由是美国企业吃不消了，华为设备很 ​  展开全文c \n                    【谷歌后悔了，发布警告！制裁华为，将会迫使华为自力更生】上个月，美国商务部把华为等关联企业列入出口管制“实体清单”，禁止华为从美国企业购买技术或配件。近日，美国白宫官员写信给国会，呼吁推迟执行限制政府机关及其承包商向华为等中国公司购买设备的禁令，理由是美国企业吃不消了，华为设备很受欢迎，禁令会让使用华为技术的美国公司负担过重，也会影响到美国政府采购。此外，美国科技巨头谷歌也在积极游说，寻求美国政府豁免其针对华为的安卓操作系统禁令，让谷歌能继续与华为进行业务往来。有新加坡媒体报道说，谷歌已经发出了警告：尽管制裁预计会在短期内伤害到华为，但这可能迫使华为以及其他中国公司变得自力更生。美国的制裁不仅会伤害到华为，最终可能还会伤害到美国公司的统治地位。谷歌目前担心，自己将不被允许更新华为智能手机上的安卓操作系统，谷歌称华为最终将会研发出自己的软件。据外媒10日消息，华为已经向全球几乎所有可能的知识产权组织提交了华为操作系统“鸿蒙”的商标申请，涉及的国家包括：加拿大、墨西哥、西班牙、韩国、澳大利亚、新西兰、秘鲁、菲律宾等等。（央视财经）L央视财经的酷燃视频 收起全文d\n", "author": "中国经济网", "time": "中国经济网2019年06月11日14:33 来自微博weibo.com", "transmit": " 转发 25", "comment": "评论 31", "zan": " 158"}]