[{"text": "\n                    【任正非：不能拿中国人的利益换华为的利益，即使女儿受更多苦】8月20日，任正非在接受采访时表示，即使将\"实体清单\"延期了，华为估计美国也不会取消制裁。如果要让中国作出让步，才能取消制裁，他宁可不要，即使这样会让女儿受更多苦。不能拿广大中国人的利益来换取华为的利益。@老板联播  ​  展开全文c \n                    【任正非：不能拿中国人的利益换华为的利益，即使女儿受更多苦】8月20日，任正非在接受采访时表示，即使将\"实体清单\"延期了，华为估计美国也不会取消制裁。如果要让中国作出让步，才能取消制裁，他宁可不要，即使这样会让女儿受更多苦。不能拿广大中国人的利益来换取华为的利益。@老板联播 L老板联播的秒拍视频 收起全文d\n", "author": "梨视频", "time": "梨视频2019年08月21日14:51 来自微博weibo.com", "transmit": " 转发 81", "comment": "评论 212", "zan": " 1234"}, {"text": "\n                    【任正非：不能拿中国人的利益换华为的利益，即使女儿受更多苦】8月20日，任正非在接受采访时表示，即使将华为\"实体清单\"延期了，估计美国也不会取消制裁。如果要让中国作出让步，才能取消制裁，他宁可不要，即使这样会让女儿受更多苦。不能拿广大中国人的利益来换取华为的利益。L老板联播的秒拍视频 ​                ", "author": "老板联播", "time": "老板联播2019年08月21日14:35 来自微博weibo.com", "transmit": " 转发 27", "comment": "评论 86", "zan": " 452"}, {"text": "\n                    【任正非：不能拿中国人的利益换华为的利益，即使女儿受更多苦】8月20日，任正非在接受采访时表示，即使将华为\"实体清单\"延期了，估计美国也不会取消制裁。如果要让中国作出让步，才能取消制裁，他宁可不要，即使这样会让女儿受更多苦。不能拿广大中国人的利益来换取华为的利益。L老板联播的秒拍视频 ​                ", "author": "福布斯中文网", "time": "福布斯中文网2019年08月21日14:55 来自专业版微博", "transmit": " 转发 23", "comment": "评论 34", "zan": " 114"}, {"text": "\n                    【任正非：不能拿中国人的利益换华为的利益，即使女儿受更多苦】8月20日，任正非在接受采访时表示，即使将\"实体清单\"延期了，华为估计美国也不会取消制裁。如果要让中国作出让步，才能取消制裁，他宁可不要，即使这样会让女儿受更多苦。不能拿广大中国人的利益来换取华为的利益。@老板联播  ​  展开全文c \n                    【任正非：不能拿中国人的利益换华为的利益，即使女儿受更多苦】8月20日，任正非在接受采访时表示，即使将\"实体清单\"延期了，华为估计美国也不会取消制裁。如果要让中国作出让步，才能取消制裁，他宁可不要，即使这样会让女儿受更多苦。不能拿广大中国人的利益来换取华为的利益。@老板联播 L老板联播的秒拍视频 收起全文d\n", "author": "凤凰网财经", "time": "凤凰网财经2019年08月21日14:41", "transmit": " 转发 70", "comment": "评论 141", "zan": " 694"}, {"text": "\n                    【任正非：不能拿中国人的利益换华为的利益，即使女儿受更多苦】8月20日，任正非在接受采访时表示，即使将华为\"实体清单\"延期了，估计美国也不会取消制裁。如果要让中国作出让步，才能取消制裁，他宁可不要，即使这样会让女儿受更多苦。不能拿广大中国人的利益来换取华为的利益。L老板联播的秒拍视频 ​                ", "author": "电脑报", "time": "电脑报2019年08月21日18:46", "transmit": " 转发 18", "comment": "评论 46", "zan": " 156"}, {"text": "\n                    【任正非：不能拿中国人的利益换华为的利益】任正非表示，即使将华为\"实体清单\"延期了，估计美国也不会取消制裁。如果要让中国作出让步，才能取消制裁，他宁可不要，即使这样会让女儿受更多苦， 不能拿广大中国人的利益来换取华为的利益。L老板联播的秒拍视频 ​                ", "author": "电商头条", "time": "电商头条2019年08月21日18:48 来自微博weibo.com", "transmit": " 转发 105", "comment": "评论 38", "zan": " 161"}, {"text": "\n                    【任正非：不能拿中国人的利益换华为的利益，即使女儿受更多苦】8月20日，任正非在接受采访时表示，即使将\"实体清单\"延期了，华为估计美国也不会取消制裁。如果要让中国作出让步，才能取消制裁，他宁可不要，即使这样会让女儿受更多苦。不能拿广大中国人的利益来换取华为的利益。L老板联播的秒拍视频 ​                ", "author": "科工力量", "time": "科工力量2019年08月21日15:25 来自微博weibo.com", "transmit": " 转发 26", "comment": "评论 33", "zan": " 359"}, {"text": "\n                    【任正非：不能拿中国人的利益换华为的利益，即使女儿受更多苦】8月20日，任正非在接受采访时表示，即使将\"实体清单\"延期了，华为估计美国也不会取消制裁。如果要让中国作出让步，才能取消制裁，他宁可不要，即使这样会让女儿受更多苦。不能拿广大中国人的利益来换取华为的利益。@老板联播  ​  展开全文c \n                    【任正非：不能拿中国人的利益换华为的利益，即使女儿受更多苦】8月20日，任正非在接受采访时表示，即使将\"实体清单\"延期了，华为估计美国也不会取消制裁。如果要让中国作出让步，才能取消制裁，他宁可不要，即使这样会让女儿受更多苦。不能拿广大中国人的利益来换取华为的利益。@老板联播 L老板联播的秒拍视频 收起全文d\n", "author": "中国企业家杂志", "time": "中国企业家杂志2019年08月21日17:10 来自微博weibo.com", "transmit": " 转发 20", "comment": "评论 14", "zan": " 91"}, {"text": "\n                    【任正非：不能拿中国人的利益换华为的利益，即使女儿受更多苦】8月20日，任正非在接受采访时表示，即使将\"实体清单\"延期了，华为估计美国也不会取消制裁。如果要让中国作出让步，才能取消制裁，他宁可不要，即使这样会让女儿受更多苦。不能拿广大中国人的利益来换取华为的利益。@老板联播  ​  展开全文c \n                    【任正非：不能拿中国人的利益换华为的利益，即使女儿受更多苦】8月20日，任正非在接受采访时表示，即使将\"实体清单\"延期了，华为估计美国也不会取消制裁。如果要让中国作出让步，才能取消制裁，他宁可不要，即使这样会让女儿受更多苦。不能拿广大中国人的利益来换取华为的利益。@老板联播 L老板联播的秒拍视频 收起全文d\n", "author": "半月谈", "time": "半月谈2019年08月21日15:21", "transmit": " 转发 34", "comment": "评论 16", "zan": " 112"}, {"text": "\n#思想微评#【#意识形态要闻# 任正非：不能拿中国人的利益换华为的利益，即使女儿受更多苦】8月20日，任正非在接受采访时表示，即使将\"实体清单\"延期了，华为估计美国也不会取消制裁。如果要让中国作出让步，才能取消制裁，他宁可不要，即使这样会让女儿受更多苦。不能拿广大中国人的利益来换 ​  展开全文c \n#思想微评#【#意识形态要闻# 任正非：不能拿中国人的利益换华为的利益，即使女儿受更多苦】8月20日，任正非在接受采访时表示，即使将\"实体清单\"延期了，华为估计美国也不会取消制裁。如果要让中国作出让步，才能取消制裁，他宁可不要，即使这样会让女儿受更多苦。不能拿广大中国人的利益来换取华为的利益。 L老板联播的秒拍视频 收起全文d\n", "author": "朱继东", "time": "朱继东2019年08月21日17:54 来自思想火炬超话", "transmit": " 转发 38", "comment": "评论 21", "zan": " 112"}, {"text": "\n                    【任正非：若要中国在贸易上让步，那我宁可不要美国放宽制裁】继19日美国商务部宣布延长华为「临时通用许可证」90天，并决定把46家华为附属公司加入「实体清单」后，美国国务卿蓬佩奥20日就华为问题作出最新表态。蓬佩奥20日接受美国消费者新闻与商业频道（CNBC）采访时称，美国在华为问题上没有发送 ​  展开全文c \n                    【任正非：若要中国在贸易上让步，那我宁可不要美国放宽制裁】继19日美国商务部宣布延长华为「临时通用许可证」90天，并决定把46家华为附属公司加入「实体清单」后，美国国务卿蓬佩奥20日就华为问题作出最新表态。蓬佩奥20日接受美国消费者新闻与商业频道（CNBC）采访时称，美国在华为问题上没有发送含混的信号，美国认为华为对其所谓国家安全构成「威胁」。同样是在当天（20日），华为创始人任正非接受美联社采访时称，他预计美国不会松绑出口管制，但华为依靠自身技术仍然可以蓬勃发展。而对于之前特朗普提出的将华为纳入中美贸易磋商中，任正非坦言，如果减轻对华为的制裁需要中国在贸易摩擦中让步，那他宁可不要美国放宽制裁。O网页链接 收起全文d\n", "author": "香港商報網", "time": "香港商報網2019年08月21日16:27 来自微博weibo.com", "transmit": " 转发 37", "comment": "评论 2", "zan": " 252"}, {"text": "\n                    【任正非：若要中国在贸易上让步，那我宁可不要美国放宽制裁】继19日美国商务部宣布延长华为「临时通用许可证」90天，并决定把46家华为附属公司加入「实体清单」后，美国国务卿蓬佩奥20日就华为问题作出最新表态。蓬佩奥20日接受美国消费者新闻与商业频道（CNBC）采访时称，美国在华为问题上没有发送 ​  展开全文c \n                    【任正非：若要中国在贸易上让步，那我宁可不要美国放宽制裁】继19日美国商务部宣布延长华为「临时通用许可证」90天，并决定把46家华为附属公司加入「实体清单」后，美国国务卿蓬佩奥20日就华为问题作出最新表态。蓬佩奥20日接受美国消费者新闻与商业频道（CNBC）采访时称，美国在华为问题上没有发送含混的信号，美国认为华为对其所谓国家安全构成「威胁」。同样是在当天（20日），华为创始人任正非接受美联社采访时称，他预计美国不会松绑出口管制，但华为依靠自身技术仍然可以蓬勃发展。而对于之前特朗普提出的将华为纳入中美贸易磋商中，任正非坦言，如果减轻对华为的制裁需要中国在贸易摩擦中让步，那他宁可不要美国放宽制裁。资讯点评：民族脊梁，越多越好啊！O网页链接 收起全文d\n", "author": "本元禅师", "time": "本元禅师2019年08月21日18:56 来自HUAWEIMate20", "transmit": " 转发 17", "comment": "评论 32", "zan": " 234"}, {"text": "\n                    【任正非接受英国天空电视台采访：美国零部件换成我们的零部件后，设备效率比原来用美国零部件时还提升了30%】Tom Cheshire：您刚才提到了美国针对华为的打击力度，这方面最有代表性的可能就是把华为纳入到美国的实体清单。关于实体清单这件事，对华为业务的影响是什么？任正非：首先，实体清单是 ​  展开全文c \n                    【任正非接受英国天空电视台采访：美国零部件换成我们的零部件后，设备效率比原来用美国零部件时还提升了30%】Tom Cheshire：您刚才提到了美国针对华为的打击力度，这方面最有代表性的可能就是把华为纳入到美国的实体清单。关于实体清单这件事，对华为业务的影响是什么？任正非：首先，实体清单是个不太公平的决定，因为华为公司没有在世界上做什么错事，美国就把我们纳入了实体清单。当然，纳入实体清单对我们没有什么大的影响，昨天你在展厅也看到，我们大多数最先进的设备没有美国零部件，以前这些设备是有美国零部件的，但是换成我们的零部件以后，设备效率比原来用美国零部件时还提升了30%。8、9月份是批量生产的磨合期，大概每月生产5000个基站，完成这个磨合期以后，今年可以提升到60万个左右，明年至少可以生产150万个5G基站。在这个领域，其实我们已经基本上不靠美国供应商能够活下来。#华为##美国制造##中国制造# 收起全文d\n", "author": "价值投资日志", "time": "价值投资日志2019年08月21日12:42 来自iPhoneX", "transmit": " 转发 35", "comment": "评论 55", "zan": " 325"}, {"text": "\n                    【任正非：不能拿中国人的利益换华为的利益，即使女儿受更多苦】8月20日，任正非在接受采访时表示，即使将“实体清单”延期了，估计美国也不会取消制裁。如果要让中国作出让步才能取消制裁，他宁可不要，即使这样会让女儿受更多苦。不能拿广大中国人的利益来换取华为的利益。 ​  展开全文c \n                    【任正非：不能拿中国人的利益换华为的利益，即使女儿受更多苦】8月20日，任正非在接受采访时表示，即使将“实体清单”延期了，估计美国也不会取消制裁。如果要让中国作出让步才能取消制裁，他宁可不要，即使这样会让女儿受更多苦。不能拿广大中国人的利益来换取华为的利益。L老板联播的秒拍视频 收起全文d\n", "author": "中金在线", "time": "中金在线2019年08月21日16:17 来自微博weibo.com", "transmit": " 转发 11", "comment": "评论 30", "zan": " 124"}, {"text": "\n                    【任正非：不能拿中国人的利益换华为的利益，即使女儿受更多苦】8月20日，任正非在接受采访时表示，即使将“实体清单”延期了，估计美国也不会取消制裁。如果要让中国作出让步才能取消制裁，他宁可不要，即使这样会让女儿受更多苦。不能拿广大中国人的利益来换取华为的利益。@老板联播  ​  展开全文c \n                    【任正非：不能拿中国人的利益换华为的利益，即使女儿受更多苦】8月20日，任正非在接受采访时表示，即使将“实体清单”延期了，估计美国也不会取消制裁。如果要让中国作出让步才能取消制裁，他宁可不要，即使这样会让女儿受更多苦。不能拿广大中国人的利益来换取华为的利益。@老板联播 L老板联播的秒拍视频 收起全文d\n", "author": "虎嗅APP", "time": "虎嗅APP2019年08月21日15:55 来自iPhone客户端", "transmit": " 转发 22", "comment": "评论 81", "zan": " 428"}]