[{"text": "\n                    【华为董事长：美国应取消将华为列入“实体清单”这一禁令】华为董事长梁华12日在深圳表示，美国将华为放入“实体清单”，对此我们是表示反对的，因为做出这一决定没有任何事实和依据，这样的决定对任何一方包括美国很多企业都是不利的。我们在全球服务了30多亿人口，这样的决定是非常不公正、不合适的 ​  展开全文c \n                    【华为董事长：美国应取消将华为列入“实体清单”这一禁令】华为董事长梁华12日在深圳表示，美国将华为放入“实体清单”，对此我们是表示反对的，因为做出这一决定没有任何事实和依据，这样的决定对任何一方包括美国很多企业都是不利的。我们在全球服务了30多亿人口，这样的决定是非常不公正、不合适的。我们认为不应该仅是放松管制，而是取消“实体清单”这一禁令。他同时表示，华为目前业务运作正常，上半年业绩是增长的，收入是增长的，月底正式发布业绩。@国是直通车 O华为董事长：美国应取消将华为列入实体清单这一禁令 L国是直通车的微博视频 收起全文d\n", "author": "新浪财经", "time": "新浪财经2019年07月12日11:28 来自微博weibo.com", "transmit": " 转发 16", "comment": "评论 36", "zan": " 154"}, {"text": "\n                    【华为董事长：上半年业绩仍保持增长 #美国应将华为剔除实体清单#】7月12日，华为董事长梁华在《2018年可持续发展报告》发布会上表示：华为将遵循法律的确定性来应对国际问题的不确定性。美国不是应该放松对华为的管制，而是应该取消这个禁令。如果美国企业获得政府的许可，我们还是会坚持和他们合作， ​  展开全文c \n                    【华为董事长：上半年业绩仍保持增长 #美国应将华为剔除实体清单#】7月12日，华为董事长梁华在《2018年可持续发展报告》发布会上表示：华为将遵循法律的确定性来应对国际问题的不确定性。美国不是应该放松对华为的管制，而是应该取消这个禁令。如果美国企业获得政府的许可，我们还是会坚持和他们合作，但希望这个许可是有确定性的。上半年华为的业务保持了增长。（记者 马思） 收起全文d\n", "author": "中国日报", "time": "中国日报2019年07月12日14:45 来自微博weibo.com", "transmit": " 转发 10", "comment": "评论 10", "zan": " 54"}, {"text": "\n                    【华为董事长：应取消将华为列入“实体清单”这一禁令】华为董事长梁华12日在深圳表示，美国将华为放入“实体清单”，对此我们是表示反对的，因为做出这一决定没有任何事实和依据，这样的决定对任何一方包括美国很多企业都是不利的。我们在全球服务了30多亿人口，这样的决定是非常不公正、不合适的。我 ​  展开全文c \n                    【华为董事长：应取消将华为列入“实体清单”这一禁令】华为董事长梁华12日在深圳表示，美国将华为放入“实体清单”，对此我们是表示反对的，因为做出这一决定没有任何事实和依据，这样的决定对任何一方包括美国很多企业都是不利的。我们在全球服务了30多亿人口，这样的决定是非常不公正、不合适的。我们认为不应该仅是放松管制，而是取消“实体清单”这一禁令。O华为董事长：应取消将华为列入“实体清单”这一禁令 收起全文d\n", "author": "每日经济新闻", "time": "每日经济新闻2019年07月12日11:38 来自搜狗高速浏览器", "transmit": " 转发 5", "comment": "评论 7", "zan": " 39"}, {"text": "\n                    【华为董事长梁华：美国不应该放松管制，而是应该取消禁令】7月12日，华为在总部深圳坂田基地召开了可持续发展发布会，发布了《2018年可持续发展报告》。期间，华为公司董事长梁华表示，从美国将华为列入实体清单开始，我们就是反对的，因为这没有任何法律依据。“我们认为美国不应该放松管制，而是应 ​  展开全文c \n                    【华为董事长梁华：美国不应该放松管制，而是应该取消禁令】7月12日，华为在总部深圳坂田基地召开了可持续发展发布会，发布了《2018年可持续发展报告》。期间，华为公司董事长梁华表示，从美国将华为列入实体清单开始，我们就是反对的，因为这没有任何法律依据。“我们认为美国不应该放松管制，而是应该取消实体清单这个禁令。” LNBD视频的微博视频（来源：@NBD视频 ） 收起全文d\n", "author": "每日经济新闻", "time": "每日经济新闻2019年07月12日17:06 来自微博weibo.com", "transmit": " 转发 4", "comment": "评论 5", "zan": " 24"}, {"text": "\n                    【华为董事长：美国应取消将华为列入“实体清单”这一禁令】O华为董事长：上半年业绩仍保持增长 美国应将华为剔除“实体清单” 华为董事长梁华12日在深圳表示，美国将华为放入“实体清单”，对此我们是表示反对的，因为做出这一决定没有任何事实和依据，这样的决定对任何一方包括美国很多企业都是不利的。我们在全球服务了30多亿人口，这样的决定 ​  展开全文c \n                    【华为董事长：美国应取消将华为列入“实体清单”这一禁令】O华为董事长：上半年业绩仍保持增长 美国应将华为剔除“实体清单” 华为董事长梁华12日在深圳表示，美国将华为放入“实体清单”，对此我们是表示反对的，因为做出这一决定没有任何事实和依据，这样的决定对任何一方包括美国很多企业都是不利的。我们在全球服务了30多亿人口，这样的决定是非常不公正、不合适的。我们认为不应该仅是放松管制，而是取消“实体清单”这一禁令。他同时表示，华为目前业务运作正常，上半年业绩是增长的，收入是增长的，月底正式发布业绩。@国是直通车 L国是直通车的微博视频 收起全文d\n", "author": "凤凰网财经", "time": "凤凰网财经2019年07月12日12:06", "transmit": " 转发 12", "comment": "评论 16", "zan": " 41"}, {"text": "\n                    【华为董事长：应取消将华为列入“实体清单”这一禁令】华为董事长梁华12日在深圳表示，美国将华为放入“实体清单”，对此我们是表示反对的，因为做出这一决定没有任何事实和依据，这样的决定对任何一方包括美国很多企业都是不利的。我们在全球服务了30多亿人口，这样的决定是非常不公正、不合适的。我 ​  展开全文c \n                    【华为董事长：应取消将华为列入“实体清单”这一禁令】华为董事长梁华12日在深圳表示，美国将华为放入“实体清单”，对此我们是表示反对的，因为做出这一决定没有任何事实和依据，这样的决定对任何一方包括美国很多企业都是不利的。我们在全球服务了30多亿人口，这样的决定是非常不公正、不合适的。我们认为不应该仅是放松管制，而是取消“实体清单”这一禁令。他同时表示，华为目前业务运作正常，上半年业绩是增长的，收入是增长的，月底正式发布业绩。（国是直通车）L国是直通车的微博视频 收起全文d\n", "author": "新财富杂志", "time": "新财富杂志2019年07月12日11:24 来自iPhone8Plus", "transmit": " 转发 24", "comment": "评论 4", "zan": " 22"}, {"text": "\n                    【华为董事长：应取消将华为列入“实体清单”这一禁令】华为董事长梁华12日在深圳表示，美国将华为放入“实体清单”，对此我们是表示反对的，因为做出这一决定没有任何事实和依据，这样的决定对任何一方包括美国很多企业都是不利的。我们在全球服务了30多亿人口，这样的决定是非常不公正、不合适的。我 ​  展开全文c \n                    【华为董事长：应取消将华为列入“实体清单”这一禁令】华为董事长梁华12日在深圳表示，美国将华为放入“实体清单”，对此我们是表示反对的，因为做出这一决定没有任何事实和依据，这样的决定对任何一方包括美国很多企业都是不利的。我们在全球服务了30多亿人口，这样的决定是非常不公正、不合适的。我们认为不应该仅是放松管制，而是取消“实体清单”这一禁令。他同时表示，华为目前业务运作正常，上半年业绩是增长的，收入是增长的，月底正式发布业绩。（国是直通车）L国是直通车的微博视频 收起全文d\n", "author": "财联社APP", "time": "财联社APP2019年07月12日11:23 来自微博weibo.com", "transmit": " 转发 37", "comment": "评论 10", "zan": " 28"}, {"text": "\n华为董事长谈美国封杀影响：上半年营收保持了增长！在今日的华为《2018年可持续发展报告》发布会上，华为董事长梁华在谈及美国封杀的影响时表示，华为上半年的营收实现了同比增长。对于美国的封杀，梁华表示，华为的观点不是放松管制，而是应该取消实体清单禁令。华为理解美国供应商出于自身利益要 ​  展开全文c \n华为董事长谈美国封杀影响：上半年营收保持了增长！在今日的华为《2018年可持续发展报告》发布会上，华为董事长梁华在谈及美国封杀的影响时表示，华为上半年的营收实现了同比增长。对于美国的封杀，梁华表示，华为的观点不是放松管制，而是应该取消实体清单禁令。华为理解美国供应商出于自身利益要求美国取消对华为管制的做法。他表示，目前华为够保证主力产品的供货，在芯片设计和供应上没有问题。同时华为也会坚持全球采购，如果美国供应商获得美国许可，也会继续与他们合作，但这需要一定的确定性。梁华还透露，这个月底华为将发布2019年半年报，而上半年华为的收入是保持同比增长的。O网页链接 收起全文d\n", "author": "HW前HR", "time": "HW前HR2019年07月12日16:10 来自HUAWEIP30Pro", "transmit": " 转发 9", "comment": "评论 24", "zan": " 147"}, {"text": "\n                    【华为董事长：应取消将华为列入“实体清单”这一禁令】华为董事长梁华12日在深圳表示，美国将华为放入“实体清单”，对此我们是表示反对的，因为做出这一决定没有任何事实和依据，这样的决定对任何一方包括美国很多企业都是不利的。我们在全球服务了30多亿人口，这样的决定是非常不公正、不合适的。我 ​  展开全文c \n                    【华为董事长：应取消将华为列入“实体清单”这一禁令】华为董事长梁华12日在深圳表示，美国将华为放入“实体清单”，对此我们是表示反对的，因为做出这一决定没有任何事实和依据，这样的决定对任何一方包括美国很多企业都是不利的。我们在全球服务了30多亿人口，这样的决定是非常不公正、不合适的。我们认为不应该仅是放松管制，而是取消“实体清单”这一禁令。（国事直通车）L国是直通车的微博视频 收起全文d\n", "author": "科工力量", "time": "科工力量2019年07月12日17:40 来自微博weibo.com", "transmit": " 转发 6", "comment": "评论 5", "zan": " 49"}, {"text": "\n                    【华为董事长梁华：应取消将华为列入“实体清单”这一禁令】华为董事长梁华7月12日在深圳表示，美国将华为放入“实体清单”，对此我们是表示反对的，因为做出这一决定没有任何事实和依据，这样的决定对任何一方包括美国很多企业都是不利的。我们在全球服务了30多亿人口，这样的决定是非常不公正、不合 ​  展开全文c \n                    【华为董事长梁华：应取消将华为列入“实体清单”这一禁令】华为董事长梁华7月12日在深圳表示，美国将华为放入“实体清单”，对此我们是表示反对的，因为做出这一决定没有任何事实和依据，这样的决定对任何一方包括美国很多企业都是不利的。我们在全球服务了30多亿人口，这样的决定是非常不公正、不合适的。我们认为不应该仅是放松管制，而是取消“实体清单”这一禁令。他同时表示，华为目前业务运作正常，上半年业绩是增长的，收入是增长的，月底正式发布业绩。（国是直通车） L国是直通车的微博视频 收起全文d\n", "author": "老板联播", "time": "老板联播2019年07月12日11:24", "transmit": " 转发 6", "comment": "评论 3", "zan": " 12"}, {"text": "\n                    【华为董事长谈美国封杀影响：上半年营收保持了增长】在今日的华为《2018年可持续发展报告》发布会上，华为董事长梁华在谈及美国封杀的影响时表示，华为上半年的营收实现了同比增长。对于美国的封杀，梁华表示，华为的观点不是放松管制，而是应该取消实体清单禁令。 ​                ", "author": "科工力量", "time": "科工力量2019年07月12日12:00 来自微博weibo.com", "transmit": " 转发 8", "comment": "评论 9", "zan": " 77"}]