[{"text": "\n                    【美释放“松绑”华为新信号 外界反应意味深长】美国终于扛不住了，对华为打压继续松动，不过华为依然被美国留在实体清单。特朗普再这么折腾下去，以后中国甩开美国搞出一个自主的ICT产业链也未必。继G20大阪峰会上美国总统特朗普对于华为表态后，美国方面释出新信号。这次最新的声音来自美 ​  展开全文c \n                    【美释放“松绑”华为新信号 外界反应意味深长】美国终于扛不住了，对华为打压继续松动，不过华为依然被美国留在实体清单。特朗普再这么折腾下去，以后中国甩开美国搞出一个自主的ICT产业链也未必。继G20大阪峰会上美国总统特朗普对于华为表态后，美国方面释出新信号。这次最新的声音来自美国商务部。       据路透社7月9日报道，美国商务部长罗斯当天发表谈话称，美国政府将在不会对国家安全构成威胁的情况下，向寻求对中国华为销售产品的公司发放许可证。         罗斯在华盛顿举行的一次年度会议上确认，华为仍将继续留在实体清单上，这意味着许可证申请可能会被拒绝，他表示需要申请许可证的产品项目范围不会改变。不过，他也为一些申请获批打开了大门。    美国商务部并没有改变华为被列入实体清单的现实，但是在具体操作上增加了一些空间。此前，在美国商务部将华为列入清单后，美国企业并不清楚商务部的评判标准，如今商务部给了比较明确的标准，不是一刀切——让企业主动向商务部提交申请，由商务部来评判。    对此，有分析认为，美国企业的游说发挥了一定作用，但是主要还是美国决策层在重新思考做法的效果和成本，给美国企业更明确的指引，也避免美国企业转移产业链。    对于美国商务部的表态，行业人士及有关企业的反应意味深长。华为方面对此暂无回应。此前，对于特朗普宣布“松绑”华为，华为亦仅用一句话作为回应，即“对特朗普总统的表态我们表示理解”。    路透社则表示，对于罗斯的表态，美国行业人士依然存在疑惑。有华盛顿贸易律师表示，在不危及美国国家安全的前提下，这一具体政策提法不清楚。业界能够搞清楚这一界限的唯一方法就是提交（许可）申请，然后才知道哪些类型的申请将被批准，哪些将被拒绝。 O美释放“松绑”华为新信号 外界反应意味深长 收起全文d\n", "author": "人才76116", "time": "人才761162019年07月10日20:26 来自HUAWEIP20", "transmit": " 转发 20", "comment": "评论 68", "zan": " 135"}, {"text": "\n                    【美商务部长：对华为放宽部分供货限制 仍未移出“实体清单”】美东时间7月9日，美国商务部长罗斯（Wilbur Ross）宣布，将落实美国总统特朗普6月底于G20峰会上的承诺，允许美国企业在不损害“国家安全”的前提下向华为供货。但华为仍将留在美商务部的出口管制实体清单（Entity List）上。至于许可证申 ​  展开全文c \n                    【美商务部长：对华为放宽部分供货限制 仍未移出“实体清单”】美东时间7月9日，美国商务部长罗斯（Wilbur Ross）宣布，将落实美国总统特朗普6月底于G20峰会上的承诺，允许美国企业在不损害“国家安全”的前提下向华为供货。但华为仍将留在美商务部的出口管制实体清单（Entity List）上。至于许可证申请的审批时间、哪些出口产品将落入“无害于美国国家安全”的范畴，罗斯并未具体阐明 O美商务部长：对华为放宽部分供货限制 仍未移出“实体清单” 收起全文d\n", "author": "财新网", "time": "财新网2019年07月10日12:01 来自财新网", "transmit": " 转发 30", "comment": "评论 15", "zan": " 69"}]