[{"text": "\n                    【#美国芯片生产商恢复向华为供货# CEO称因禁令损失2亿美元】外媒称，美光科技表示已部分恢复向华为供货。美光科技CEO表示，部分芯片不受实体清单限制，所以这些产品可以合法的向华为供货。美国禁令使芯片商损失2亿美元，美光科技2019财年第三季度财报显示，其净利润同比下降78%。L新京报我们视频的秒拍视频 ​                ", "author": "凤凰网财经", "time": "凤凰网财经2019年06月27日08:54 来自微博weibo.com", "transmit": " 转发 36", "comment": "评论 40", "zan": " 87"}, {"text": "\n                    【#美国芯片生产商恢复向华为供货# CEO称因禁令损失2亿美元】外媒称，美光科技表示已部分恢复向华为供货。美光科技CEO表示，部分芯片不受实体清单限制，所以这些产品可以合法的向华为供货。美国禁令使芯片商损失2亿美元，美光科技2019财年第三季度财报显示，其净利润同比下降78%。O美国芯片企业美光恢复向华为发货，股价飙升 ​  展开全文c \n                    【#美国芯片生产商恢复向华为供货# CEO称因禁令损失2亿美元】外媒称，美光科技表示已部分恢复向华为供货。美光科技CEO表示，部分芯片不受实体清单限制，所以这些产品可以合法的向华为供货。美国禁令使芯片商损失2亿美元，美光科技2019财年第三季度财报显示，其净利润同比下降78%。O美国芯片企业美光恢复向华为发货，股价飙升 L新京报我们视频的秒拍视频 ​​​ 收起全文d\n", "author": "第一财经日报", "time": "第一财经日报2019年06月27日11:13 来自iPhone客户端", "transmit": " 转发 17", "comment": "评论 15", "zan": " 32"}, {"text": "\n                    【#美国芯片生产商恢复向华为供货# CEO称因禁令损失2亿美元】外媒称，美光科技表示已部分恢复向华为供货。美光科技CEO表示，部分芯片不受实体清单限制，所以这些产品可以合法的向华为供货。美国禁令使芯片商损失2亿美元，美光科技2019财年第三季度财报显示，其净利润同比下降78%。L新京报我们视频的秒拍视频 ​                ", "author": "投中网", "time": "投中网2019年06月27日11:30 来自微博weibo.com", "transmit": " 转发 14", "comment": "评论 27", "zan": " 64"}, {"text": "\n                    【#美国芯片生产商恢复向华为供货# CEO称因禁令损失2亿美元】有媒体称，美光科技表示已部分恢复向华为供货。美光科技CEO表示，部分芯片不受实体清单限制，所以这些产品可以合法的向华为供货。美国禁令使芯片商损失2亿美元，美光科技2019财年第三季度财报显示，其净利润同比下降78%。 ​  展开全文c \n                    【#美国芯片生产商恢复向华为供货# CEO称因禁令损失2亿美元】有媒体称，美光科技表示已部分恢复向华为供货。美光科技CEO表示，部分芯片不受实体清单限制，所以这些产品可以合法的向华为供货。美国禁令使芯片商损失2亿美元，美光科技2019财年第三季度财报显示，其净利润同比下降78%。L新京报我们视频的秒拍视频 收起全文d\n", "author": "全景网", "time": "全景网2019年06月27日09:50 来自微博weibo.com", "transmit": " 转发 11", "comment": "评论 8", "zan": " 34"}, {"text": "\n                    【#美国芯片生产商恢复向华为供货# CEO称因禁令损失2亿美元】外媒称，美光科技表示已部分恢复向华为供货。美光科技CEO表示，部分芯片不受实体清单限制，所以这些产品可以合法的向华为供货。美国禁令使芯片商损失2亿美元，美光科技2019财年第三季度财报显示，其净利润同比下降78%。L新京报我们视频的秒拍视频 ​  展开全文c \n                    【#美国芯片生产商恢复向华为供货# CEO称因禁令损失2亿美元】外媒称，美光科技表示已部分恢复向华为供货。美光科技CEO表示，部分芯片不受实体清单限制，所以这些产品可以合法的向华为供货。美国禁令使芯片商损失2亿美元，美光科技2019财年第三季度财报显示，其净利润同比下降78%。L新京报我们视频的秒拍视频 ​​​ 收起全文d\n", "author": "创业家传媒", "time": "创业家传媒2019年06月27日08:09 来自iPhone客户端", "transmit": " 转发 76", "comment": "评论 29", "zan": " 21"}]