[{"text": "\n                    看来伟创力在中国是没戏了5月16日美国政府宣布将华为纳入“实体清单”，伟创力要求其在全球的所有工厂停止与华为的一切合作，其中伟创力设立于长沙的代工厂不仅停止生产和拒绝发货，而且拒绝归还华为所有权的设备和物料。华为公司于5月17日晚派出了数十辆货车前往伟创力的珠海工厂，准备将那4亿多 ​  展开全文c \n                    看来伟创力在中国是没戏了5月16日美国政府宣布将华为纳入“实体清单”，伟创力要求其在全球的所有工厂停止与华为的一切合作，其中伟创力设立于长沙的代工厂不仅停止生产和拒绝发货，而且拒绝归还华为所有权的设备和物料。华为公司于5月17日晚派出了数十辆货车前往伟创力的珠海工厂，准备将那4亿多人民币的华为物料和设备运出来的时候，伟创力的珠海工厂突然接到了来自其公司高管的指令，称根据美国出口管制的相关法律法规，伟创力不能将这些华为拥有物权的设备和物料放行。在双方进行的多达10多轮的谈判中，伟创力还多次变卦。华为不得不发出律师函，指出伟创力方面的行为性质严重并且超出了正常合同纠纷的范畴，并要求伟创力必须归还华为拥有全部物权的物料和设备，否则将要求伟创力承担一切损失。直到今年6月中旬，伟创力方面才终于同意将华为的物料和设备陆续归还，但开出的条件是将这些设备和物料转运给一个不属于美国“实体清单”所列华为及其68个关联企业的“第三方”，而且这一切的费用还得华为自掏腰包。 收起全文d\n", "author": "机工战略", "time": "机工战略2019年07月25日16:14 来自iPhone客户端", "transmit": " 转发 133", "comment": "评论 135", "zan": " 567"}, {"text": "\n                    【#华为回应美国子公司裁员#：受实体清单影响，裁员600余人】7月24日，针对“华为美国子公司裁员”一说，华为方面确认并表示，因华为及其下属的68家子公司纳入“实体清单”对子公司业务产生限制，因此不得不对Futurewei业务范围作出调整，并于7月22日起，裁员600余人。任正非在接受雅虎财经采访时表示 ​  展开全文c \n                    【#华为回应美国子公司裁员#：受实体清单影响，裁员600余人】7月24日，针对“华为美国子公司裁员”一说，华为方面确认并表示，因华为及其下属的68家子公司纳入“实体清单”对子公司业务产生限制，因此不得不对Futurewei业务范围作出调整，并于7月22日起，裁员600余人。任正非在接受雅虎财经采访时表示，受“实体名单”影响，使得华为难以管理与这家子公司的合作，并且未来华为与这家公司的联系要取决于美国政府对华为的态度。@老板联播 L老板联播的秒拍视频 收起全文d\n", "author": "每日经济新闻", "time": "每日经济新闻2019年07月25日00:19", "transmit": " 转发 48", "comment": "评论 23", "zan": " 238"}, {"text": "\n                    【#华为回应美国子公司裁员#：受实体清单影响裁员600余人】7月24日，针对“华为美国子公司裁员”一说，华为方面确认并表示，这是由于华为及其下属的68家子公司纳入“实体清单”对子公司业务产生限制，因此不得不对Futurewei业务范围作出调整，并于7月22日起，裁员600余人。华为创始人任正非在接受雅虎 ​  展开全文c \n                    【#华为回应美国子公司裁员#：受实体清单影响裁员600余人】7月24日，针对“华为美国子公司裁员”一说，华为方面确认并表示，这是由于华为及其下属的68家子公司纳入“实体清单”对子公司业务产生限制，因此不得不对Futurewei业务范围作出调整，并于7月22日起，裁员600余人。华为创始人任正非在接受雅虎财经采访时表示，原本华为计划在今年为Futurewei再投资6亿美元用于产品研发，但是受“实体名单”影响，华为难以管理与这家公司的合作。L老板联播的秒拍视频 收起全文d\n", "author": "凤凰网财经", "time": "凤凰网财经2019年07月25日07:39 来自专业版微博", "transmit": " 转发 28", "comment": "评论 ", "zan": " 74"}, {"text": "\n                    【#华为回应美国子公司裁员#：受实体清单影响裁员600余人】7月24日，针对“华为美国子公司裁员”一说，华为方面确认并表示，这是由于华为及其下属的68家子公司纳入“实体清单”对子公司业务产生限制，因此不得不对Futurewei业务范围作出调整，并于7月22日起，裁员600余人。华为创始人任正非在接受雅虎 ​  展开全文c \n                    【#华为回应美国子公司裁员#：受实体清单影响裁员600余人】7月24日，针对“华为美国子公司裁员”一说，华为方面确认并表示，这是由于华为及其下属的68家子公司纳入“实体清单”对子公司业务产生限制，因此不得不对Futurewei业务范围作出调整，并于7月22日起，裁员600余人。华为创始人任正非在接受雅虎财经采访时表示，原本华为计划在今年为Futurewei再投资6亿美元用于产品研发，但是受“实体名单”影响，华为难以管理与这家公司的合作。L老板联播的秒拍视频 收起全文d\n", "author": "创业家传媒", "time": "创业家传媒2019年07月25日08:09 来自iPhone客户端", "transmit": " 转发 113", "comment": "评论 21", "zan": " 81"}, {"text": "\n                    【#华为回应美国子公司裁员#】7月24日，华为针对“华为美国子公司裁员”回答：由于纳入“实体清单”对子公司业务产生限制，因此不得不作出调整，并于22日起，裁员600余人。安哥：合则两利，斗则俱损。深化合作，良性互动才有利于提高两国人民福祉。L老板联播的秒拍视频 ​                ", "author": "中国长安网", "time": "中国长安网2019年07月25日10:44 来自360安全浏览器", "transmit": " 转发 49", "comment": "评论 22", "zan": " 86"}, {"text": "\n                    【#华为回应美国子公司裁员#：受实体清单影响，裁员600余人】7月24日，针对“华为美国子公司裁员”一说，华为方面确认并表示，因华为及其下属的68家子公司纳入“实体清单”对子公司业务产生限制，因此不得不对Futurewei业务范围作出调整，并于7月22日起，裁员600余人。任正非在接受雅虎财经采访时表示 ​  展开全文c \n                    【#华为回应美国子公司裁员#：受实体清单影响，裁员600余人】7月24日，针对“华为美国子公司裁员”一说，华为方面确认并表示，因华为及其下属的68家子公司纳入“实体清单”对子公司业务产生限制，因此不得不对Futurewei业务范围作出调整，并于7月22日起，裁员600余人。任正非在接受雅虎财经采访时表示，受“实体名单”影响，使得华为难以管理与这家子公司的合作，并且未来华为与这家公司的联系要取决于美国政府对华为的态度。@老板联播 L老板联播的秒拍视频 收起全文d\n", "author": "法制日报", "time": "法制日报2019年07月25日08:53 来自Android", "transmit": " 转发 23", "comment": "评论 10", "zan": " 17"}, {"text": "\n                    【#华为回应美国子公司裁员#：受实体清单影响，裁员600余人】7月24日，针对“华为美国子公司裁员”一说，华为方面确认并表示，因华为及其下属的68家子公司纳入“实体清单”对子公司业务产生限制，因此不得不对Futurewei业务范围作出调整，并于7月22日起，裁员600余人。任正非在接受雅虎财经采访时表示 ​  展开全文c \n                    【#华为回应美国子公司裁员#：受实体清单影响，裁员600余人】7月24日，针对“华为美国子公司裁员”一说，华为方面确认并表示，因华为及其下属的68家子公司纳入“实体清单”对子公司业务产生限制，因此不得不对Futurewei业务范围作出调整，并于7月22日起，裁员600余人。任正非在接受雅虎财经采访时表示，受“实体名单”影响，使得华为难以管理与这家子公司的合作，并且未来华为与这家公司的联系要取决于美国政府对华为的态度。@老板联播L老板联播的秒拍视频 收起全文d\n", "author": "保定检察", "time": "保定检察2019年07月25日15:28 来自搜狗高速浏览器", "transmit": " 转发 10", "comment": "评论 6", "zan": " 4"}, {"text": "\n                    针对美国公司裁员一事，华为方面回应称，5月16日美国将华为公司及其下属的68家子公司纳入“实体清单”，直接对the“Futurewei”业务运营带来很大限制。因此，不得不对该业务范围作出调整，并于7月22日起，裁员600余人。#互联网资讯##互联网##华为美国公司将大裁员# ​                ", "author": "娜可秀", "time": "娜可秀2019年07月25日09:44", "transmit": " 转发 35", "comment": "评论 226", "zan": " 228"}]