[{"text": "\n                    【#美国芯片生产商恢复向华为供货# CEO称因禁令损失2亿美元】外媒称，美光科技表示已部分恢复向华为供货。美光科技CEO表示，部分芯片不受实体清单限制，所以这些产品可以合法的向华为供货。美国禁令使芯片商损失2亿美元，美光科技2019财年第三季度财报显示，其净利润同比下降78%。L新京报我们视频的秒拍视频 ​                ", "author": "新浪科技", "time": "新浪科技2019年06月26日22:13 来自微博weibo.com", "transmit": " 转发 32", "comment": "评论 39", "zan": " 82"}, {"text": "\n                    【#美光恢复对华为部分供货# CEO称因禁令损失2亿元】6月26日，外媒称美光科技表示已部分恢复向华为供货。美光科技CEO Sanjay Mehrotra表示，部分芯片不受实体清单限制，所以这些产品可以合法的向华为供货。#美国禁令使芯片商损失2亿#美元，美光科技2019财年第三季度财报显示，其净利润同比下降78%。 ​  展开全文c \n                    【#美光恢复对华为部分供货# CEO称因禁令损失2亿元】6月26日，外媒称美光科技表示已部分恢复向华为供货。美光科技CEO Sanjay Mehrotra表示，部分芯片不受实体清单限制，所以这些产品可以合法的向华为供货。#美国禁令使芯片商损失2亿#美元，美光科技2019财年第三季度财报显示，其净利润同比下降78%。L新京报我们视频的秒拍视频 收起全文d\n", "author": "新京报我们视频", "time": "新京报我们视频2019年06月26日19:30 来自微博weibo.com", "transmit": " 转发 14", "comment": "评论 29", "zan": " 51"}, {"text": "\n                    【#美国芯片生产商恢复向华为供货# CEO称因禁令损失2亿元】6月26日，外媒称美光科技表示已部分恢复向华为供货。美光科技CEO Sanjay Mehrotra表示，部分芯片不受实体清单限制，所以这些产品可以合法的向华为供货。#美国禁令使芯片商损失2亿#美元，美光科技2019财年第三季度财报显示，其净利润同比下降78 ​  展开全文c \n                    【#美国芯片生产商恢复向华为供货# CEO称因禁令损失2亿元】6月26日，外媒称美光科技表示已部分恢复向华为供货。美光科技CEO Sanjay Mehrotra表示，部分芯片不受实体清单限制，所以这些产品可以合法的向华为供货。#美国禁令使芯片商损失2亿#美元，美光科技2019财年第三季度财报显示，其净利润同比下降78%。L新京报我们视频的秒拍视频 收起全文d\n", "author": "凤凰网财经", "time": "凤凰网财经2019年06月26日21:54 来自微博weibo.com", "transmit": " 转发 32", "comment": "评论 22", "zan": " 49"}, {"text": "\n                    【#美国芯片生产商恢复向华为供货#，CEO称因禁令损失2亿美元】6月26日，外媒称，美光科技表示已部分恢复向华为供货。美光科技CEO Sanjay Mehrotra表示，部分芯片不受实体清单限制，所以这些产品可以合法的向华为供货。#美国禁令使芯片商损失2亿#美元，美光科技2019财年第三季度财报显示，其净利润同 ​  展开全文c \n                    【#美国芯片生产商恢复向华为供货#，CEO称因禁令损失2亿美元】6月26日，外媒称，美光科技表示已部分恢复向华为供货。美光科技CEO Sanjay Mehrotra表示，部分芯片不受实体清单限制，所以这些产品可以合法的向华为供货。#美国禁令使芯片商损失2亿#美元，美光科技2019财年第三季度财报显示，其净利润同比下降78%。L新京报我们视频的秒拍视频 收起全文d\n", "author": "虎嗅APP", "time": "虎嗅APP2019年06月26日20:24 来自iPhone客户端", "transmit": " 转发 8", "comment": "评论 13", "zan": " 28"}, {"text": "\n                    【华为轮值董事长：华为5G技术方案完全不受制裁影响】6月26日，华为轮值董事长@胡厚崑 26日在上海表示，对华为的指控是不公平、没有依据的。华为已采取各种行动使经营活动不受影响或少受影响。也在积极采取措施，使供应少受实体清单影响。受到影响的器件，已逐步找到替代方案——使用华为的自己的方案 ​  展开全文c \n                    【华为轮值董事长：华为5G技术方案完全不受制裁影响】6月26日，华为轮值董事长@胡厚崑 26日在上海表示，对华为的指控是不公平、没有依据的。华为已采取各种行动使经营活动不受影响或少受影响。也在积极采取措施，使供应少受实体清单影响。受到影响的器件，已逐步找到替代方案——使用华为的自己的方案或找到其他供应商，目前供应情况没有受大的影响。他还强调，华为5G技术方案完全不受制裁影响。O华为轮值董事长：华为5G技术方案完全不受制裁影响 收起全文d\n", "author": "新浪财经", "time": "新浪财经2019年06月26日15:04 来自微博weibo.com", "transmit": " 转发 28", "comment": "评论 50", "zan": " 224"}]