[{"text": "\n                    【伟创力扣押华为4亿物料设备 华为索赔数亿】美国将华为列入“实体清单以后”，伟创力在中国扣押了华为4亿物料和设备，给华为造成了巨大损失。之后华为把伟创力拉入黑名单，伟创力关闭了部分工厂，裁员一万。现在华为向伟创力发去律师函，索赔数亿！ ​                ", "author": "C科技", "time": "C科技2019年08月06日22:21 来自OnePlus7Pro", "transmit": " 转发 60", "comment": "评论 105", "zan": " 913"}, {"text": "\n                    林毅夫认为，最糟糕的情况是，将来美国可能像对华为那样，把中国列入实体清单，阻止美国企业与中国进行maoyi。美国用举国之力，甚至还加上盟友，来打压中国一间公司——华为。如果这样都无法将华为打压下去，那能把中国打压下去吗？ ​                ", "author": "陈九霖", "time": "陈九霖2019年08月06日23:27 来自HUAWEIMate20Pro", "transmit": " 转发 97", "comment": "评论 52", "zan": " 123"}]