[{"text": "\n                    【#华为回应美国延长实体清单# 再次证明该决定与美国国家安全毫无关系】针对美国商务部延期“临时通用许可证”，华为公司回应：华为反对美国商务部将另外46家华为实体列入实体清单。美国选择在这个时间点做出这个决定，再次证明该决定是政治驱动的结果，与美国国家安全毫无关系。（央视记者孙蓟潍） ​                ", "author": "央视新闻", "time": "央视新闻2019年08月20日08:30 来自微博weibo.com", "transmit": " 转发 415", "comment": "评论 515", "zan": " 6960"}, {"text": "\n#华为回应美国延长实体清单##华为针对临时通用许可证发布声明#你换手机打算买哪个品牌？ 为什么？你下一个手机打算买哪个品牌？ ​                ", "author": "制杖妹", "time": "制杖妹2019年08月20日07:36", "transmit": " 转发 134", "comment": "评论 1278", "zan": " 50069"}, {"text": "\n#华为回应美国延长实体清单#【华为回应美国将“临时通用许可证”延期90天】8月19日晚间，华为发布关于美国商务部延期“临时通用许可证”的媒体声明称，美国政府发布的延期临时许可，没有改变华为被不公正对待的事实。华为反对美国商务部将另外46家华为实体列入实体清单。美国选择在这个时间点做出这个 ​  展开全文c \n#华为回应美国延长实体清单#【华为回应美国将“临时通用许可证”延期90天】8月19日晚间，华为发布关于美国商务部延期“临时通用许可证”的媒体声明称，美国政府发布的延期临时许可，没有改变华为被不公正对待的事实。华为反对美国商务部将另外46家华为实体列入实体清单。美国选择在这个时间点做出这个决定，再次证明该决定是政治驱动的结果，与美国国家安全毫无关系，这种做法违反市场经济的自由竞争原则，不会使任何一方从中受益，包括美国公司在内。我们呼吁美国政府停止对华为的不公正对待，将华为移出实体清单。O美国商务部将“临时通用许可证”延期90天 华为回应 收起全文d\n", "author": "中国新闻网", "time": "中国新闻网2019年08月20日08:48 来自专业版微博", "transmit": " 转发 75", "comment": "评论 140", "zan": " 2020"}, {"text": "\n                    【#华为回应美国延长实体清单# 再次证明该决定与美国国家安全毫无关系】针对美国商务部延期“临时通用许可证”，华为公司回应：华为反对美国商务部将另外46家华为实体列入实体清单。美国选择在这个时间点做出这个决定，再次证明该决定是政治驱动的结果，与美国国家安全毫无关系。@央视新闻  ​  展开全文c \n                    【#华为回应美国延长实体清单# 再次证明该决定与美国国家安全毫无关系】针对美国商务部延期“临时通用许可证”，华为公司回应：华为反对美国商务部将另外46家华为实体列入实体清单。美国选择在这个时间点做出这个决定，再次证明该决定是政治驱动的结果，与美国国家安全毫无关系。@央视新闻 #华为针对临时通用许可证发布声明# O华为回应美延长实体清单 再次证明与美国家安全无关 收起全文d\n", "author": "新浪财经", "time": "新浪财经2019年08月20日08:40 来自微博weibo.com", "transmit": " 转发 42", "comment": "评论 19", "zan": " 1551"}, {"text": "\n                    【#华为回应美延长实体清单# 再次证明该决定与美国国家安全毫无关系】针对美国商务部延期“临时通用许可证”，华为公司回应：华为反对美国商务部将另外46家华为实体列入实体清单。美国选择在这个时间点做出这个决定，再次证明该决定是政治驱动的结果，与美国国家安全毫无关系。（央视） ​                ", "author": "人民网", "time": "人民网2019年08月20日08:45 来自人民网微博", "transmit": " 转发 58", "comment": "评论 70", "zan": " 549"}, {"text": "\n                    【#华为回应美国延长实体清单# 再次证明该决定与美国国家安全毫无关系】针对美国商务部延期“临时通用许可证”，华为公司回应：华为反对美国商务部将另外46家华为实体列入实体清单。美国选择在这个时间点做出这个决定，再次证明该决定是政治驱动的结果，与美国国家安全毫无关系。@央视新闻 ​                ", "author": "头条新闻", "time": "头条新闻2019年08月20日08:34 来自微博weibo.com", "transmit": " 转发 57", "comment": "评论 119", "zan": " 553"}, {"text": "\n                    【华为： 延期临时许可没有改变其被不公正对待的事实】 8月19日晚间，华为针对#美国商务部延期“临时通用许可证”#做出声明，表示反对美国商务部将另外46家华为实体列入实体清单。“美国选择在这个时间点做出这个决定，再次证明该决定是政治驱动的结果，与美国国家安全毫无关系。”华为呼吁美国政府停 ​  展开全文c \n                    【华为： 延期临时许可没有改变其被不公正对待的事实】 8月19日晚间，华为针对#美国商务部延期“临时通用许可证”#做出声明，表示反对美国商务部将另外46家华为实体列入实体清单。“美国选择在这个时间点做出这个决定，再次证明该决定是政治驱动的结果，与美国国家安全毫无关系。”华为呼吁美国政府停止对华为的不公正对待，将华为移出实体清单。同时华为表示美国政府发布的延期临时许可没有改变其被不公正对待的事实。不管临时许可延期与否，华为经营受到的实质性影响有限，将继续聚焦做好自己的产品，服务于全球客户。（记者 马思） 收起全文d\n", "author": "中国日报", "time": "中国日报2019年08月20日07:55 来自微博weibo.com", "transmit": " 转发 25", "comment": "评论 38", "zan": " 269"}, {"text": "\n#华为回应美国延期临时许可#【华为回应美国商务部延期“临时许可”：没有改变不公正对待事实】华为称：反对美国商务部将另外46家华为实体列入实体清单。美国选择在这个时间点做出这个决定，再次证明该决定是政治驱动的结果，与美国国家安全毫无关系，这种做法违反市场经济的自由竞争原则，不会使任何一 ​  展开全文c \n#华为回应美国延期临时许可#【华为回应美国商务部延期“临时许可”：没有改变不公正对待事实】华为称：反对美国商务部将另外46家华为实体列入实体清单。美国选择在这个时间点做出这个决定，再次证明该决定是政治驱动的结果，与美国国家安全毫无关系，这种做法违反市场经济的自由竞争原则，不会使任何一方从中受益，包括美国公司在内。美国也不会通过打压华为获得技术领先的地位。我们呼吁美国政府停止对华为的不公正对待，将华为移出实体清单。 华为认为，美国政府今天（19日）发布的延期临时许可，没有改变华为被不公正对待的事实。不管临时许可延期与否，华为经营受到的实质性影响有限，我们会继续聚焦做好自己的产品，服务于全球客户。O华为回应美国商务部延期“临时许可”：没有改变不公正对待事实 #美或将华为临时许可延期90天# 收起全文d\n", "author": "每日经济新闻", "time": "每日经济新闻2019年08月20日05:25 来自微博weibo.com", "transmit": " 转发 31", "comment": "评论 16", "zan": " 126"}, {"text": "\n                    【#华为回应美国延长实体清单# 再次证明该决定与美国国家安全毫无关系】针对美国商务部延期“临时通用许可证”，华为公司回应：华为反对美国商务部将另外46家华为实体列入实体清单。美国选择在这个时间点做出这个决定，再次证明该决定是政治驱动的结果，与美国国家安全毫无关系。（@央视新闻 ） ​​​                ", "author": "Vista看天下", "time": "Vista看天下2019年08月20日08:36 来自iPhone客户端", "transmit": " 转发 9", "comment": "评论 27", "zan": " 171"}, {"text": "\n                    【华为回应美商务部再度延期90天：呼吁停止不公平对待】#美将华为临时采购许可证延长90天# 华为表示，美国不会通过打压华为获得技术领先的地位，呼吁美国政府停止对华为的不公正对待，将华为移出实体清单。华为表示，不管临时许可延期与否，华为经营受到的实质性影响有限。O华为回应美商务部再度延期90天：呼吁停止不公平对待 ​                ", "author": "新浪科技", "time": "新浪科技2019年08月20日00:18 来自微博weibo.com", "transmit": " 转发 15", "comment": "评论 17", "zan": " 69"}, {"text": "\n#华为回应美国延长实体清单# 感谢特朗普让世界知道了中国有个华为。 L金箍棒看天下的微博视频 ​                ", "author": "金箍棒看天下", "time": "金箍棒看天下2019年08月20日08:38", "transmit": " 转发 59", "comment": "评论 48", "zan": " 1042"}, {"text": "\n#华为针对临时通用许可证发布声明# #华为回应美国延长实体清单# 美国为何打击华为？观众投票：因为政治！就连CNN的主播都夸“观众真聪明”。  L全球IT数码排行榜的微博视频 ​                ", "author": "全球IT数码排行榜", "time": "全球IT数码排行榜2019年08月20日09:35 来自360安全浏览器", "transmit": " 转发 186", "comment": "评论 140", "zan": " 295"}, {"text": "\n                    美国商务部最近决定将对华为等68家附属公司的“临时通用许可”延长90天。同时决定，将另外46家华为附属公司列入实体清单。这说明什么问题？首先，美国延长“临时通用许可”并非是出于对华为的仁慈，美国商务部的声明说得很明白，延长“临时通用许可”是为了让美国消费者有更多的适应时间，美国商务部长 ​  展开全文c \n                    美国商务部最近决定将对华为等68家附属公司的“临时通用许可”延长90天。同时决定，将另外46家华为附属公司列入实体清单。这说明什么问题？首先，美国延长“临时通用许可”并非是出于对华为的仁慈，美国商务部的声明说得很明白，延长“临时通用许可”是为了让美国消费者有更多的适应时间，美国商务部长更是直白地表示：“我们认识到有必要给予更多时间以避免混乱。”也就是说，如果掐断华为的供应链不会对美国的消费者带来负面冲击的话，美国会毫不犹豫地终止与华为的交易。其次，美国不与华为做生意，并不是由于华为做错了什么，而是因为华为挑战了美国的技术优势。这里没有法理和道德意义上的正确与错误，而是未来谁做科技革命引领者的地位之争，对此，美国会不惜一切代价，甚至部分牺牲本国消费者的利益（以不引起混乱为底线），也要将华为打压下去。可以肯定，如果我们的反击不足以触动其的中枢神经，美国就会在手段上无所不用其极。对此，华为和中国的所有应对策略，都不能建立在美国会适可而止的假定上。不仅华为的备胎系统要启动全面“转正”计划，还要向美国高科技企业的核心阵地发动主动进攻。美国这种具有海盗基因的国家，只认实力，不讲道理，只有被打痛了，才会收手。 收起全文d\n", "author": "陶永谊", "time": "陶永谊2019年08月20日17:08 来自HUAWEIP30Pro", "transmit": " 转发 211", "comment": "评论 85", "zan": " 530"}, {"text": "\n                    【#华为回应美国延长实体清单#：没有改变华为被不公正对待的事实】当地时间19日，美国商务部决定将一项“临时通用许可”延长90天，再次推迟针对华为及其附属公司现有在美产品和服务所实施的交易禁令，以避免禁令对美国消费者造成不利影响。针对美国商务部的延期“临时通用许可证”，华为发表媒体声明 ​  展开全文c \n                    【#华为回应美国延长实体清单#：没有改变华为被不公正对待的事实】当地时间19日，美国商务部决定将一项“临时通用许可”延长90天，再次推迟针对华为及其附属公司现有在美产品和服务所实施的交易禁令，以避免禁令对美国消费者造成不利影响。针对美国商务部的延期“临时通用许可证”，华为发表媒体声明表示，反对美国商务部将另外46家华为附属公司列入实体清单。美国政府发布的延期临时许可，没有改变华为被不公正对待的事实。不管临时许可延期与否，华为经营受到的实质性影响有限。华为在媒体声明中表示，美国选择在这个时间点做出这个决定，再次证明该决定是政治驱动的结果，与美国国家安全毫无关系，这种做法违反市场经济的自由竞争原则，不会使任何一方从中受益，包括美国公司在内。美国也不会通过打压华为获得技术领先的地位，并呼吁美国政府停止对华为的不公正对待，将华为移出实体清单。 L央视财经的微博视频 收起全文d\n", "author": "央视财经", "time": "央视财经2019年08月20日14:27 来自微博weibo.com", "transmit": " 转发 32", "comment": "评论 17", "zan": " 52"}, {"text": "\n#金参考#【美国的对华技术封锁教会了我们什么？】在美国企业的强烈要求声中，美国商务部8月19日决定将一项针对华为及其附属公司的“临时通用许可”再延长90天。然而正如华为自己的声明所说，此举没有改变华为被不公正对待的事实，也没有将华为移出实体清单。对中国公司而言，在美国企图遏制中国崛起的 ​  展开全文c \n#金参考#【美国的对华技术封锁教会了我们什么？】在美国企业的强烈要求声中，美国商务部8月19日决定将一项针对华为及其附属公司的“临时通用许可”再延长90天。然而正如华为自己的声明所说，此举没有改变华为被不公正对待的事实，也没有将华为移出实体清单。对中国公司而言，在美国企图遏制中国崛起的大环境下，爱国不仅仅是一种情怀或觉悟。中国公司想做大做强，在世界立足，唯有同祖国风雨同舟，一起成长。 O金参考｜美国的对华技术封锁教会了我们什么？ 收起全文d\n", "author": "参考消息", "time": "参考消息2019年08月20日17:08 来自微博weibo.com", "transmit": " 转发 23", "comment": "评论 17", "zan": " 94"}, {"text": "\n                    【#华为回应美国延长实体清单#：没有改变华为被不公正对待的事实】当地时间19日，美国商务部决定将一项“临时通用许可”延长90天，再次推迟针对华为及其附属公司现有在美产品和服务所实施的交易禁令，以避免禁令对美国消费者造成不利影响。针对美国商务部的延期“临时通用许可证”，华为发表媒体声明 ​  展开全文c \n                    【#华为回应美国延长实体清单#：没有改变华为被不公正对待的事实】当地时间19日，美国商务部决定将一项“临时通用许可”延长90天，再次推迟针对华为及其附属公司现有在美产品和服务所实施的交易禁令，以避免禁令对美国消费者造成不利影响。针对美国商务部的延期“临时通用许可证”，华为发表媒体声明表示，反对美国商务部将另外46家华为附属公司列入实体清单。美国政府发布的延期临时许可，没有改变华为被不公正对待的事实。不管临时许可延期与否，华为经营受到的实质性影响有限。华为在媒体声明中表示，美国选择在这个时间点做出这个决定，再次证明该决定是政治驱动的结果，与美国国家安全毫无关系，这种做法违反市场经济的自由竞争原则，不会使任何一方从中受益，包括美国公司在内。美国也不会通过打压华为获得技术领先的地位，并呼吁美国政府停止对华为的不公正对待，将华为移出实体清单。 L央视财经的微博视频 收起全文d\n", "author": "新浪科技", "time": "新浪科技2019年08月20日17:33 来自专业版微博", "transmit": " 转发 15", "comment": "评论 9", "zan": " 46"}, {"text": "\n                    【#华为回应美国延长实体清单# 再次证明该决定与美国国家安全毫无关系】针对美国商务部延期“临时通用许可证”，华为公司回应：华为反对美国商务部将另外46家华为实体列入实体清单。美国选择在这个时间点做出这个决定，再次证明该决定是政治驱动的结果，与美国国家安全毫无关系。（央视记者孙蓟潍） ​  展开全文c \n                    【#华为回应美国延长实体清单# 再次证明该决定与美国国家安全毫无关系】针对美国商务部延期“临时通用许可证”，华为公司回应：华为反对美国商务部将另外46家华为实体列入实体清单。美国选择在这个时间点做出这个决定，再次证明该决定是政治驱动的结果，与美国国家安全毫无关系。（央视记者孙蓟潍） ​​​​（@央视新闻 ） 收起全文d\n", "author": "参考消息", "time": "参考消息2019年08月20日08:32 来自微博weibo.com", "transmit": " 转发 15", "comment": "评论 14", "zan": " 84"}, {"text": "\n                    【#华为回应美国延长实体清单# ，#任正非最新电邮#：危亡关头，心静如水】8月19日，美国商务部宣布延长华为的\"临时许可证\"90天，并将46家华为关联企业列入实体名单。#华为针对临时通用许可证发布声明#：再次证明该决定是政治驱动的结果，与美国国家安全毫无关系。任正非签发最新电邮，称公司处在危亡关 ​  展开全文c \n                    【#华为回应美国延长实体清单# ，#任正非最新电邮#：危亡关头，心静如水】8月19日，美国商务部宣布延长华为的\"临时许可证\"90天，并将46家华为关联企业列入实体名单。#华为针对临时通用许可证发布声明#：再次证明该决定是政治驱动的结果，与美国国家安全毫无关系。任正非签发最新电邮，称公司处在危亡关头，绝大多数员工应心静如水，做好本职工作就是参战。@老板联播 L老板联播的秒拍视频 收起全文d\n", "author": "新浪证券", "time": "新浪证券2019年08月20日12:30 来自社会热点·视频社区", "transmit": " 转发 16", "comment": "评论 2", "zan": " 37"}, {"text": "\n                    【华为发布声明：“临时通用许可证”没有改变华为被不公正对待的事实 经营受到的实质性影响有限】8月19日晚间，华为针对美国商务部延期“临时通用许可证”做出声明，表示反对美国商务部将另外46家华为实体列入实体清单，美国选择在这个时间点做出这个决定，再次证明该决定是政治驱动的结果，与美国国家 ​  展开全文c \n                    【华为发布声明：“临时通用许可证”没有改变华为被不公正对待的事实 经营受到的实质性影响有限】8月19日晚间，华为针对美国商务部延期“临时通用许可证”做出声明，表示反对美国商务部将另外46家华为实体列入实体清单，美国选择在这个时间点做出这个决定，再次证明该决定是政治驱动的结果，与美国国家安全毫无关系。华为呼吁美国政府停止对华为的不公正对待，将华为移出实体清单。称此举没有改变华为被不公正对待的事实。不管临时许可延期与否，华为经营受到的实质性影响有限，将继续聚焦做好自己的产品，服务于全球客户。 收起全文d\n", "author": "证券时报网", "time": "证券时报网2019年08月20日00:22", "transmit": " 转发 12", "comment": "评论 11", "zan": " 35"}, {"text": "\n#华为回应美国延长实体清单#一个国家来为难一个民企，真是荒唐得令人喷饭支持华为！支持国产！模仿到了精髓！美版公知【坑了自己人！美国人实力吐槽特朗普的 “贸易”策略】模仿特朗普这段太好笑了！（来源 华闻周刊） L华闻周刊的秒拍视频 ​ ​​​                ", "author": "快报财经", "time": "快报财经2019年08月20日09:15 来自vivo智能手机", "transmit": " 转发 17", "comment": "评论 28", "zan": " 75"}, {"text": "\n#华为回应美国延长实体清单#你会买华为手机支持华为吗？ ​                ", "author": "饭圈长腿叔叔", "time": "饭圈长腿叔叔2019年08月20日09:26", "transmit": " 转发 8", "comment": "评论 13", "zan": " 550"}, {"text": "\n                    【华为回击美国“临时通用许可证”：该决定是政治驱动的结果】8月19日晚间，华为对美国商务部延期“临时通用许可证”做出回应，反对美国商务部将另外46家华为实体列入实体清单。华为在声明中表示，美国选择在这个时间点做出这个决定，再次证明该决定是政治驱动的结果，与美国国家安全毫无关系，这种 ​  展开全文c \n                    【华为回击美国“临时通用许可证”：该决定是政治驱动的结果】8月19日晚间，华为对美国商务部延期“临时通用许可证”做出回应，反对美国商务部将另外46家华为实体列入实体清单。华为在声明中表示，美国选择在这个时间点做出这个决定，再次证明该决定是政治驱动的结果，与美国国家安全毫无关系，这种做法违反市场经济的自由竞争原则，不会使任何一方从中受益，包括美国公司在内。美国也不会通过打压华为获得技术领先的地位。我们呼吁美国政府停止对华为的不公正对待，将华为移出实体清单。华为强调，美国政府今天发布的延期临时许可，没有改变华为被不公正对待的事实。不管临时许可延期与否，华为经营受到的实质性影响有限，我们会继续聚焦做好自己的产品，服务于全球客户。 收起全文d\n", "author": "科工力量", "time": "科工力量2019年08月20日07:58 来自微博weibo.com", "transmit": " 转发 8", "comment": "评论 5", "zan": " 68"}, {"text": "\n                    【将46家华为分公司纳入“实体清单” 美股做好准备了吗？】8月19日晚间，美国商务部宣布将对华为的临时采购许可证延长90天，并决定将会把46家华为附属公司加入“实体清单”。目前在“实体清单”中已经有超过100家华为分公司。针对这一表态，华为公司发布声明称，华为反对美国商务部将另外46家华为实体 ​  展开全文c \n                    【将46家华为分公司纳入“实体清单” 美股做好准备了吗？】8月19日晚间，美国商务部宣布将对华为的临时采购许可证延长90天，并决定将会把46家华为附属公司加入“实体清单”。目前在“实体清单”中已经有超过100家华为分公司。针对这一表态，华为公司发布声明称，华为反对美国商务部将另外46家华为实体列入“实体清单，美国在这个时间点作出的决定是政治利益驱动的结果，与美国国家安全毫无关系。英国广播公司则分析指出，美国多次在涉及华为的问题上出现前后矛盾的做法，与其国内股市和经济下行压力有关。华为表示，美国政府发布的临时延期许可，没有改变华为被不公正对待的事实。不管临时许可延期与否，华为经营受到实质性影响有限，华为会继续聚焦做好自己的产品，服务全球客户。美国商务部部长罗斯称，延长许可时间是为了华为的美国客户有更充分时间脱离华为设备，转投其他公司。O将46家华为分公司纳入“实体清单” 美股做好准备了吗？ 收起全文d\n", "author": "科工力量", "time": "科工力量2019年08月20日11:30 来自微博weibo.com", "transmit": " 转发 8", "comment": "评论 7", "zan": " 43"}, {"text": "\n                    【#华为回应美国延长实体清单# ，#任正非最新电邮#：危亡关头，心静如水】8月19日，美国商务部宣布延长华为的\"临时许可证\"90天，并将46家华为关联企业列入实体名单。#华为针对临时通用许可证发布声明#：再次证明该决定是政治驱动的结果，与美国国家安全毫无关系。任正非签发最新电邮，称公司处在危亡关 ​  展开全文c \n                    【#华为回应美国延长实体清单# ，#任正非最新电邮#：危亡关头，心静如水】8月19日，美国商务部宣布延长华为的\"临时许可证\"90天，并将46家华为关联企业列入实体名单。#华为针对临时通用许可证发布声明#：再次证明该决定是政治驱动的结果，与美国国家安全毫无关系。任正非签发最新电邮，称公司处在危亡关头，绝大多数员工应心静如水，做好本职工作就是参战。L老板联播的秒拍视频 收起全文d\n", "author": "老板联播", "time": "老板联播2019年08月20日10:06 来自社会热点·视频社区", "transmit": " 转发 8", "comment": "评论 14", "zan": " 65"}]