[{"text": "\n                    转：华为确实牛🐮 ，从孟晚舟事件，到华为被列入美国“实体清单”，再到美国及其盟友的公司对华为不约而同的抵制，我们可以看到，华为受到的打压越来越沉重，也越来越致命。这些事件，随便拎一个放到其他任何一家公司身上，下场可能不会比中兴乐观多少！但华为不一样，不夸张的说，从这一系列事件爆 ​  展开全文c \n                    转：华为确实牛🐮 ，从孟晚舟事件，到华为被列入美国“实体清单”，再到美国及其盟友的公司对华为不约而同的抵制，我们可以看到，华为受到的打压越来越沉重，也越来越致命。这些事件，随便拎一个放到其他任何一家公司身上，下场可能不会比中兴乐观多少！但华为不一样，不夸张的说，从这一系列事件爆发以来华为的表现来看，华为甚至已经超过了企业的范畴，未雨绸缪、坚持自主研发、拒绝资本入场等，以及公司内部自上而下的团结和坚强和领导人的广阔心胸，这一切让华为看起来甚至不像一家公司。当然，华为确实是一家公司，只是认为华为的精神已经超乎了公司的范畴，就如同《流浪地球》横空出世一样：中国人的未来永远都是以星辰大海为征途。一系列的危机处理堪称教科书了，孟晚舟被捕并没有造成任正非和华为的恐慌，实体清单并没有对干扰华为的运营，外界公司的抵制也仅仅逼得低调的任正非出山，公开接受采访，向美国亮出华为的态度。美国不让华为在国内做生意，华为直接表示自己对美国市场的不屑，因为华为早就预见了跟美国的摩擦，心思没有放在美国市场上，直奔欧洲中东和亚洲了；外企断供芯片，大家又都以为华为混不下去了，结果华为十多年前就准备了芯片“备胎”，并且性能指标与外企芯片相当；​前阵子，谷歌安卓系统停止对华为的授权，这一招不可谓不狠，有网友就担心华为芯片会无用武之地，因为没有自己的生态系统。结果，华为又亮出了“鸿蒙系统”，并且现在华为除了已经在国内注册了“鸿蒙”商标外，在国外30个国家也已经申请注册了“HongMeng”；这两天又有人唱衰鸿蒙系统，称该系统没有对应的生态系统，一如之前中国做的操作系统一样，想做起来难如登天。但有年销量2亿台的用户终端做保障，华为何愁安卓开发者们不转战鸿蒙系统？何况鸿蒙系统兼容所有安卓应用，安卓开发者并不需要重新开发APP，直接将代码移植到鸿蒙系统平台，就能在华为手机上流畅运行。更令人拍案叫绝的是，这些软件搬到华为鸿蒙系统后，会更好用：系统操作流畅度将提升24%，系统响应能力提升44%，三方应用操作流畅度提升60%！所以说，​进攻才是最好的防御！（转载） 收起全文d\n", "author": "温榆河杯南北英雄操盘联赛", "time": "温榆河杯南北英雄操盘联赛2019年06月14日12:49 来自HUAWEIP20", "transmit": " 转发 6", "comment": "评论 ", "zan": " 15"}]