[{"text": "\n                    【消息称微软Windows暂停接受华为新订单】据《南华早报》报道，微软已停止接受华为的新订单。在华为被列入美国黑名单后，微软遵守美国政府的限制，对华为的笔记本电脑Windows操作系统和其他内容相关服务进行了暂停。上周，美国商务部工业与安全局（BIS）宣布将华为列入所谓“实体清单”(entity list)。 ​  展开全文c \n                    【消息称微软Windows暂停接受华为新订单】据《南华早报》报道，微软已停止接受华为的新订单。在华为被列入美国黑名单后，微软遵守美国政府的限制，对华为的笔记本电脑Windows操作系统和其他内容相关服务进行了暂停。上周，美国商务部工业与安全局（BIS）宣布将华为列入所谓“实体清单”(entity list)。随后，美国商务部周一宣布，将对华为的禁令推迟90天实施，直到8月中旬才会生效。 收起全文d\n", "author": "TechWeb", "time": "TechWeb2019年05月26日17:17 来自360安全浏览器", "transmit": " 转发 9", "comment": "评论 18", "zan": " 21"}]