[{"text": "\n                    【任正非接受美媒采访：牺牲贫穷百姓利益来救华为 我良心上过不去】8月20日，任正非在华为总部接受了美联社采访。他说，“至于‘临时许可’延长或不延长，对华为公司没有太大影响了。我们可以不依赖美国就能生存很好。”任正非继续说：美国‘实体清单’对华为是有帮助的，因为战略清晰地砍掉边缘不重要 ​  展开全文c \n                    【任正非接受美媒采访：牺牲贫穷百姓利益来救华为 我良心上过不去】8月20日，任正非在华为总部接受了美联社采访。他说，“至于‘临时许可’延长或不延长，对华为公司没有太大影响了。我们可以不依赖美国就能生存很好。”任正非继续说：美国‘实体清单’对华为是有帮助的，因为战略清晰地砍掉边缘不重要的产品，把这些力量汇聚到主航道上来。”他还称：“整个公司可以更聚焦最具竞争力的产品。让贫穷的老百姓让一些利益给美国，救一个有钱的华为，我良心上过不去。也许我女儿会多受罪，但我宁愿这样，也不愿让中国的穷人为华为的生存和发展做牺牲。O任正非接受美媒采访：牺牲贫穷百姓利益来救华为 我良心上过不去 收起全文d\n", "author": "凤凰网财经", "time": "凤凰网财经2019年08月23日09:05", "transmit": " 转发 65", "comment": "评论 192", "zan": " 746"}, {"text": "\n                    【任正非：若要中国在贸易上让步，那我宁可不要美国放宽制裁】继19日美国商务部宣布延长华为“临时通用许可证”90天，并决定把46家华为附属公司加入“实体清单”后，美国国务卿蓬佩奥20日就华为问题作出最新表态。同样是在当天（20日），华为创始人任正非接受美联社采访时称，他预计美国不会松绑出口管 ​  展开全文c \n                    【任正非：若要中国在贸易上让步，那我宁可不要美国放宽制裁】继19日美国商务部宣布延长华为“临时通用许可证”90天，并决定把46家华为附属公司加入“实体清单”后，美国国务卿蓬佩奥20日就华为问题作出最新表态。同样是在当天（20日），华为创始人任正非接受美联社采访时称，他预计美国不会松绑出口管制，但华为依靠自身技术仍然可以蓬勃发展。而对于之前特朗普提出的将华为纳入中美贸易磋商中，任正非坦言，如果减轻对华为的制裁需要中国在贸易摩擦中让步，那他宁可不要美国放宽制裁。O任正非：若要中国在贸易上让步，那我宁可不要美国放宽制裁 收起全文d\n", "author": "凤凰网财经", "time": "凤凰网财经2019年08月23日15:17", "transmit": " 转发 43", "comment": "评论 54", "zan": " 336"}, {"text": "\n                    【#华为回应美国实体清单延期#：90天延期没价值，华为已经习惯在清单下生活】8月23日，华为AI芯片与全新开源计算框架发布会上，华为轮值董事长徐直军表示，美国实体清单90天延期没有价值，华为公司和员工已经做好长期在这种情况下工作和生活的准备，并表示要常见面，看看华为怎么生活工作。@老板联播  ​  展开全文c \n                    【#华为回应美国实体清单延期#：90天延期没价值，华为已经习惯在清单下生活】8月23日，华为AI芯片与全新开源计算框架发布会上，华为轮值董事长徐直军表示，美国实体清单90天延期没有价值，华为公司和员工已经做好长期在这种情况下工作和生活的准备，并表示要常见面，看看华为怎么生活工作。@老板联播 L老板联播的秒拍视频 收起全文d\n", "author": "凤凰网财经", "time": "凤凰网财经2019年08月23日17:05", "transmit": " 转发 13", "comment": "评论 36", "zan": " 130"}, {"text": "\n                    【华为发布晟腾910芯片】8月23日，华为发布晟腾910芯片，华为轮值董事长徐直军谈到美国实体清单影响表示，美国做出临时许可通行证90天延期对华为没有价值，华为已经习惯了在实体清单下工作和生活，也相信在这种工作和生活中出来是不太可能的，所有华为公司和员工已经做好了长期在这种状态下工作和生活 ​  展开全文c \n                    【华为发布晟腾910芯片】8月23日，华为发布晟腾910芯片，华为轮值董事长徐直军谈到美国实体清单影响表示，美国做出临时许可通行证90天延期对华为没有价值，华为已经习惯了在实体清单下工作和生活，也相信在这种工作和生活中出来是不太可能的，所有华为公司和员工已经做好了长期在这种状态下工作和生活的准备。美国的实体清单制度对晟腾芯片的推出不会有任何影响，也不会造成任何的延期。(新浪)更多干货点击O万得互联移动产品-万得股票 收起全文d\n", "author": "Wind资讯", "time": "Wind资讯2019年08月23日17:10 来自微博weibo.com", "transmit": " 转发 7", "comment": "评论 ", "zan": " 26"}, {"text": "\n                    【徐直军：外部环境变化对华为AI战略没有影响，按期完成计划】8月23日，华为在深圳总部正式推出AI处理器Ascend 910（昇腾910），同时推出全场景AI计算框架MindSpore。华为轮值董事长徐直军在发布会上表示，华为被美国列入实体清单，对AI战略推进以及AI相关产品研发没有任何影响，“尽管外部环境发生了 ​  展开全文c \n                    【徐直军：外部环境变化对华为AI战略没有影响，按期完成计划】8月23日，华为在深圳总部正式推出AI处理器Ascend 910（昇腾910），同时推出全场景AI计算框架MindSpore。华为轮值董事长徐直军在发布会上表示，华为被美国列入实体清单，对AI战略推进以及AI相关产品研发没有任何影响，“尽管外部环境发生了很大变化，但我们的AI开发稳步推进，达到了预期结果，也按期完成了我们的计划。” 收起全文d\n", "author": "科工力量", "time": "科工力量2019年08月23日19:00 来自微博weibo.com", "transmit": " 转发 4", "comment": "评论 5", "zan": " 57"}, {"text": "\n#郎摘新闻# 【#华为美女高管犀利喊话#：美国若禁止华为5G，GDP将6年缩水2400亿美元】8月19日，RCR无线新闻发布了对华为公共事务高级副总裁Joy Tan的专访。对于实体清单，Joy表示，美国政府影响到美国企业，不光是英特尔、高通，还包括很多中小企业。她还援引美国咨询公司的测算称，如果美国禁止华为5G ​  展开全文c \n#郎摘新闻# 【#华为美女高管犀利喊话#：美国若禁止华为5G，GDP将6年缩水2400亿美元】8月19日，RCR无线新闻发布了对华为公共事务高级副总裁Joy Tan的专访。对于实体清单，Joy表示，美国政府影响到美国企业，不光是英特尔、高通，还包括很多中小企业。她还援引美国咨询公司的测算称，如果美国禁止华为5G进入，会导致美国GDP未来六年缩水2410亿美元。值得注意是，美国商务部近期宣布，针对华为禁令的宽限期将再次延长90天。 L老板联播的微博视频 收起全文d\n", "author": "段郎说事", "time": "段郎说事2019年08月23日08:49 来自三星GalaxyS10+", "transmit": " 转发 35", "comment": "评论 63", "zan": " 256"}, {"text": "\n                    任正非：美国技术封锁不会打垮华为！华为创始人任正非于2019年8月20日（星期二）在深圳华为园区接受美联社采访。任总表示，考虑到美国的政治形势，他预计美国不会降低出口限制，美国实体清单会长期存在，但他也很有信心公司会凭借自己的技术继续蓬勃发展。同时，他反对牺牲中国利益为华为做让步，认 ​  展开全文c \n                    任正非：美国技术封锁不会打垮华为！华为创始人任正非于2019年8月20日（星期二）在深圳华为园区接受美联社采访。任总表示，考虑到美国的政治形势，他预计美国不会降低出口限制，美国实体清单会长期存在，但他也很有信心公司会凭借自己的技术继续蓬勃发展。同时，他反对牺牲中国利益为华为做让步，认为没必要。 O任正非：美国的技术封锁不会打垮华为 收起全文d\n", "author": "HW前HR", "time": "HW前HR2019年08月23日20:20 来自HUAWEIP30Pro", "transmit": " 转发 43", "comment": "评论 52", "zan": " 425"}]