[{"text": "\n                    汇丰银行第一大股东是中国平安，75%利润来自香港和大陆，却对华为放冷枪，第一批实体清单必须有它。 ​                ", "author": "洱海弥", "time": "洱海弥2019年07月09日09:28 来自Weibo.intl", "transmit": " 转发 8", "comment": "评论 5", "zan": " 24"}, {"text": "\n                    【重磅！华为再次向美帝宣战！！！】       最近，华为断供迎来大逆转，美国“实体清单”名存实亡，不少国人因此松了一口气。然而，华为对此却没有丝毫松懈，仍然居安思危，厉兵秣马，枕戈待旦。刚刚，任正非在接受英国《金融时报》采访时预测：美国打击华为的下一个领域，将是物联网。美国或将在物 ​  展开全文c \n                    【重磅！华为再次向美帝宣战！！！】       最近，华为断供迎来大逆转，美国“实体清单”名存实亡，不少国人因此松了一口气。然而，华为对此却没有丝毫松懈，仍然居安思危，厉兵秣马，枕戈待旦。刚刚，任正非在接受英国《金融时报》采访时预测：美国打击华为的下一个领域，将是物联网。美国或将在物联网上对华为开战。任正非说得很明白：如果让大家投票表决物联网标准，那么华为势必物联网领袖。一旦华为成为物联网行业的领导者，特朗普政府将就会把注意力转向这个领域。任正非直言：华为已经适应了遭美国敌视的新时代，这些封锁对华为没有影响，“让他们打！”『十里薯条』O重磅！华为再次向美帝宣战！！！ 收起全文d\n", "author": "咸阳刘某", "time": "咸阳刘某2019年07月09日02:28 来自nova4自拍极点全面屏", "transmit": " 转发 11", "comment": "评论 8", "zan": " 49"}]