[{"text": "\n                    【任正非：特朗普对华为一无所知 还想把华为作为谈判筹码】任正非在雅虎财经采访中表示，特朗普对华为一无所知，他想将华为作为谈判筹码，中国不会买账。任正非称，美国众议院已经通过了一项提案，华为在五年内不会被移出实体清单，但是华为不会等这五年。@老板联播 L老板联播的秒拍视频 ​                ", "author": "新浪科技", "time": "新浪科技2019年07月23日12:30 来自微博weibo.com", "transmit": " 转发 31", "comment": "评论 68", "zan": " 220"}, {"text": "\n#财经V峰会# 【任正非：特朗普对华为一无所知，还想把华为作为谈判筹码】任正非在7月20日雅虎财经的采访中表示，特朗普对华为一无所知，他想将华为作为谈判筹码，中国不会买账。任正非称，美国众议院已经通过了一项提案，华为在五年内不会被移出实体清单，但是华为不会等这五年。L老板联播的秒拍视频 ​                ", "author": "微博股票", "time": "微博股票2019年07月23日11:47 来自微博weibo.com", "transmit": " 转发 15", "comment": "评论 7", "zan": " 49"}, {"text": "\n                    【任正非：特朗普对华为一无所知 还想把华为作为谈判筹码】任正非在雅虎财经采访中表示，特朗普对华为一无所知，他想将华为作为谈判筹码，中国不会买账。任正非称，美国众议院已经通过了一项提案，华为在五年内不会被移出实体清单，但是华为不会等这五年..L老板联播的秒拍视频 ​                ", "author": "电脑报", "time": "电脑报2019年07月23日13:53 来自微博weibo.com", "transmit": " 转发 20", "comment": "评论 6", "zan": " 22"}, {"text": "\n                    【任正非：特朗普对华为一无所知，还想把华为作为谈判筹码】任正非在7月20日雅虎财经的采访中表示，特朗普对华为一无所知，他想将华为作为谈判筹码，中国不会买账。任正非称，美国众议院已经通过了一项提案，华为在五年内不会被移出实体清单，但是华为不会等这五年。L老板联播的秒拍视频 ​                ", "author": "正和岛标准", "time": "正和岛标准2019年07月23日10:51 来自搜狗高速浏览器", "transmit": " 转发 12", "comment": "评论 3", "zan": " 14"}, {"text": "\n                    【任正非：特朗普对华为一无所知，还想把华为作为谈判筹码】任正非在7月20日雅虎财经的采访中表示，特朗普对华为一无所知，他想将华为作为谈判筹码，但中国不会买账。任正非称，美国众议院已经通过了一项提案，华为在五年内不会被移出实体清单，但是华为不会等这五年。L老板联播的秒拍视频 ​​​                ", "author": "深蓝财经", "time": "深蓝财经2019年07月23日10:46 来自vivoX23全息幻彩", "transmit": " 转发 7", "comment": "评论 9", "zan": " 19"}]