[{"text": "\n                    发布了头条文章：《华为被纳入美国实体清单后的冷静思考》  O华为被纳入美国实体清单后的冷静思考 ​                ", "author": "机工情报", "time": "机工情报2019年05月20日21:45 来自微博weibo.com", "transmit": " 转发 1223", "comment": "评论 73", "zan": " 617"}, {"text": "\n                    【美国禁令与华为极限生存简析】2019年5月15日，美国商务部在其官方网站上发布了一则新闻。美国商务部的工业和安全局（BIS）把华为公司加入其Entity List（实体清单）。这条新闻还说，把华为加入实体清单的举动，是因为商务部获得了相关信息，该信息为确定华为从事的活动违反美国国家安全或外交政策利 ​  展开全文c \n                    【美国禁令与华为极限生存简析】2019年5月15日，美国商务部在其官方网站上发布了一则新闻。美国商务部的工业和安全局（BIS）把华为公司加入其Entity List（实体清单）。这条新闻还说，把华为加入实体清单的举动，是因为商务部获得了相关信息，该信息为确定华为从事的活动违反美国国家安全或外交政策利益提供了合理依据。 O美国禁令与华为极限生存简析 收起全文d\n", "author": "正和岛标准", "time": "正和岛标准2019年05月20日11:11 来自微博weibo.com", "transmit": " 转发 34", "comment": "评论 10", "zan": " 35"}, {"text": "\n                    【华为核心供应商美国有33家：包括英特尔、高通、博通等在内】2018年底，华为公布的92家核心供应商名单，其中美国有33家，占比最高，包括耳熟能详的英特尔、高通、博通、美光、思佳讯、科尔沃、西林克斯和新飞通等公司。被美国列入“实体清单”当日，华为的美国供应商应声而跌，甚至有营收高度依 ​  展开全文c \n                    【华为核心供应商美国有33家：包括英特尔、高通、博通等在内】2018年底，华为公布的92家核心供应商名单，其中美国有33家，占比最高，包括耳熟能详的英特尔、高通、博通、美光、思佳讯、科尔沃、西林克斯和新飞通等公司。被美国列入“实体清单”当日，华为的美国供应商应声而跌，甚至有营收高度依赖华为的公司股价跌逾两成，元气大损。O网页链接 收起全文d\n", "author": "新浪证券", "time": "新浪证券2019年05月20日12:22 来自微博weibo.com", "transmit": " 转发 34", "comment": "评论 18", "zan": " 47"}]