[{"text": "\n                    【美国议员提交涉华为议案　耿爽：立即停止对中国企业的无理打压和制裁】“外交部发言人办公室”消息，在7月17日外交部例行记者会上，有记者问：美国参众两院多位议员提交法案要求维持对华为实施严格限制措施，包括未经批准商务部不能将华为移出出口管制实体清单。中方对此有何回应？　　耿爽：中方已 ​  展开全文c \n                    【美国议员提交涉华为议案　耿爽：立即停止对中国企业的无理打压和制裁】“外交部发言人办公室”消息，在7月17日外交部例行记者会上，有记者问：美国参众两院多位议员提交法案要求维持对华为实施严格限制措施，包括未经批准商务部不能将华为移出出口管制实体清单。中方对此有何回应？　　耿爽：中方已经多次就美方无理打压中国企业表明了严正立场。美国有关议员固守冷战零和思维，长期戴着“有色眼镜”看待中国，提出各种涉华消极议案，他们遏制中国发展、破坏中美关系的险恶用心暴露无遗。　　美方动用国家力量无端制裁、打压中国企业，严重损害美国国家形象，严重损害美国企业自身利益，更严重破坏全球产业链和供应链，已经并将继续遭到世界各国的广泛反对和抵制。　　中美企业开展经贸合作是互利共赢的。特朗普总统在大阪同习近平主席会晤时表示，将允许美国公司继续向华为供货。美方如何兑现承诺、何时兑现承诺，事关美方自身的信誉和公信力，国际社会都看在眼里。　　我们希望美方立即停止对华为等中国企业的无理打压和制裁，以公平、公正、非歧视的方式对待中国企业，多做有利于促进中美经贸合作健康稳定发展的事情，而不是设置障碍。#跟我看外交##与发言人相约蓝厅# L外交部发言人办公室的微博视频 收起全文d\n", "author": "外交部发言人办公室", "time": "外交部发言人办公室2019年07月17日18:14 来自微博视频", "transmit": " 转发 70", "comment": "评论 65", "zan": " 1591"}, {"text": "\n宽窄观察 美国推动立法禁止将华为从实体清单中除名，这是多大的深仇大恨啊…#美国制裁华为# ​                ", "author": "布道宽窄", "time": "布道宽窄2019年07月17日10:31 来自宽窄观察超话", "transmit": " 转发 14", "comment": "评论 36", "zan": " 129"}, {"text": "\n                    【美国会推出立法 禁止将华为从实体清单除名】星期二（7月16日），美国国会由六名跨党派参议员和四名两党众议员共同推出新法案名为《捍卫美国5G未来法案》（Defending America’s 5G Future Act），将把特朗普总统之前颁布的可禁止威胁国家安全的外国企业参与美国5G系统的行政命令法律化，并将禁止在没 ​  展开全文c \n                    【美国会推出立法 禁止将华为从实体清单除名】星期二（7月16日），美国国会由六名跨党派参议员和四名两党众议员共同推出新法案名为《捍卫美国5G未来法案》（Defending America’s 5G Future Act），将把特朗普总统之前颁布的可禁止威胁国家安全的外国企业参与美国5G系统的行政命令法律化，并将禁止在没有国会行动参与下将华为从商务部实体清单中撤除，同时还规定，如果行政当局向美国企业颁发与华为做生意的豁免许可，国会将有机会将其废除。尽管国会对于华为所带来的潜在风险具高度警惕，但目前还不确定法案何时能进入投票程序，而且法案即使在国会获得两党支持，还必须面临是否能获得总统同意签字的风险。国会参众两院都需要获得三分之二的支持票数才能推翻总统的否决权。《捍卫美国5G未来法案》由科顿、鲁比奥和罗姆尼（Sen. Mitt Romney, R-UT）等3名共和党参议员以及沃纳、范.荷伦（Sen. Chris Van Hollen, D-MD）和布鲁门萨尔（Sen. Richard Blumenthal, D-CT）3名民主党参议员共同推出。同名法案在众议院方面则由共和党的加拉格（Rep. Mike Gallagher, R-WI）、钱尼（Rep. Liz Cheney, R-WY）以及民主党的帕内塔（Rep. Jimmy Panetta, D-CA）和加耶戈（Rep. Ruben Gallego, D-AZ）等四名众议员提出。 收起全文d\n", "author": "XConstructor", "time": "XConstructor2019年07月17日08:42 来自微博weibo.com", "transmit": " 转发 20", "comment": "评论 3", "zan": " 6"}, {"text": "\n                    【美国会推出立法 禁止将华为从实体清单除名】美国国会参众两院两党议员星期二（7月16日）推出新法案，试图正式为华为出口禁令制定立法，此举预计将进一步打击华为在全球5G开发的计划。 ​                ", "author": "宋忠平", "time": "宋忠平2019年07月17日09:55 来自华为手机", "transmit": " 转发 11", "comment": "评论 22", "zan": " 87"}]