[{"text": "\n                    【#联邦快递#】这都什么行为啊，是是真的强盗吧据路透社消息，华为正在审查与联邦快递公司的关系。此前华为声称，联邦快递将从日本寄来的两个包裹转送至美国！此前，华为被特朗普政府列入出口管制“实体清单”名单中。 分析人士认为，这种行为如果核实，希望有关部门按照相关法律给予严重处罚。 ​  展开全文c \n                    【#联邦快递#】这都什么行为啊，是是真的强盗吧据路透社消息，华为正在审查与联邦快递公司的关系。此前华为声称，联邦快递将从日本寄来的两个包裹转送至美国！此前，华为被特朗普政府列入出口管制“实体清单”名单中。 分析人士认为，这种行为如果核实，希望有关部门按照相关法律给予严重处罚。#华为称包裹被联邦快递转移美国# 收起全文d\n", "author": "金融投资报", "time": "金融投资报2019年05月28日10:29 来自微博weibo.com", "transmit": " 转发 18", "comment": "评论 41", "zan": " 179"}, {"text": "\n                    再说一下联邦快递把华为包裹递到美国这事，包裹事小，违法事大。很多网友关注的是联邦快递是否有受到美国政府实体清单的管控影响。但无论是否受到影响，联邦快递的信用已经破产。它受美国政府实体清单影响这是帮助美国政府控制和调查客户，侵犯隐私。它未受影响，这是违背商业契约，侵犯客户，并且回应 ​  展开全文c \n                    再说一下联邦快递把华为包裹递到美国这事，包裹事小，违法事大。很多网友关注的是联邦快递是否有受到美国政府实体清单的管控影响。但无论是否受到影响，联邦快递的信用已经破产。它受美国政府实体清单影响这是帮助美国政府控制和调查客户，侵犯隐私。它未受影响，这是违背商业契约，侵犯客户，并且回应满口谎言。联邦快递的行为严重侵犯了我国的司法主权，破坏了中国正常的邮政管理秩序，也侵犯了我国企业的商业秘密和隐私。违反了《中华人民共和国国际刑事司法协助法》《关于从国外调取民事或商事证据的公约》《中美关于刑事司法协助的协定》《中华人民共和国邮政法》《快递暂行条例》《中华人民共和国刑法》。无论怎么说，这事都有巨大问题。我真是很难相信，一个美国企业不顾信用，这以后靠什么生存，用户怎么敢把包裹交给你递送？ 收起全文d\n", "author": "飞象网项立刚", "time": "飞象网项立刚2019年05月28日14:56 来自360安全浏览器", "transmit": " 转发 267", "comment": "评论 219", "zan": " 840"}]