[{"text": "\n                    【央视热评：华为这半年 赢得尊敬、肩负期待】数据印证了市场的韧性与纵深。今年5月美国将华为加入“实体清单”，虽给其经营带来困扰，但从7月30日华为公布的2019上半年成绩单来看，外部举动影响有限，风险可控。作为中国的一家优秀企业，我们在报以尊敬的同时，也报以更大期待。O央视热评：华为这半年 赢得尊敬、肩负期待 ​                ", "author": "新浪科技", "time": "新浪科技2019年07月30日23:56 来自微博weibo.com", "transmit": " 转发 28", "comment": "评论 28", "zan": " 163"}, {"text": "\n                    【#华为海外手机销量已恢复八成# 华为董事长：美国禁令影响不大】7月30日，华为召开2019上半年业绩发布会。华为实现销售收入4013亿元，同比增长 23.2%。华为董事长梁华表示，在“516”实体清单禁令之后，华为海外手机销量确实有所下降，但目前已经恢复到禁令之前80%的水平。L新京报我们视频的秒拍视频 ​                ", "author": "新京报我们视频", "time": "新京报我们视频2019年07月30日19:54 来自微博weibo.com", "transmit": " 转发 7", "comment": "评论 8", "zan": " 46"}, {"text": "\n                    【华为2019年上半年收入4013亿元 董事长梁华称面临的困难依然很大】“五月份之前，华为收入增长较快，‘实体清单’之后，因为存在市场惯性，也取得了增长。” 7月30日，华为公司董事长梁华公布了2019年上半年成绩单：实现销售收入4013亿元，同比增长23.2%，净利润率8.7%。在美国政府持续的打压之下，华 ​  展开全文c \n                    【华为2019年上半年收入4013亿元 董事长梁华称面临的困难依然很大】“五月份之前，华为收入增长较快，‘实体清单’之后，因为存在市场惯性，也取得了增长。” 7月30日，华为公司董事长梁华公布了2019年上半年成绩单：实现销售收入4013亿元，同比增长23.2%，净利润率8.7%。在美国政府持续的打压之下，华为2019年上半年保持增长。董事长梁华透露，在关键的供应链环节，美国供应商并未恢复合作 O华为2019年上半年收入4013亿元 董事长梁华称面临的困难依然很大 收起全文d\n", "author": "财新网", "time": "财新网2019年07月30日16:57 来自财新网", "transmit": " 转发 39", "comment": "评论 62", "zan": " 628"}, {"text": "\n#华为上半年财报# 【华为董事长演讲实录：困难不会改变我们前进方向】华为2019年上半年业绩发布会上，梁华表示：“五月份之前，华为收入增长较快，‘实体清单’之后，因为存在市场惯性，也取得了增长。华为面临的困难依然很大，这些困难，可能会暂时影响我们的前进节奏，但不会改变前进方向，我们对未 ​  展开全文c \n#华为上半年财报# 【华为董事长演讲实录：困难不会改变我们前进方向】华为2019年上半年业绩发布会上，梁华表示：“五月份之前，华为收入增长较快，‘实体清单’之后，因为存在市场惯性，也取得了增长。华为面临的困难依然很大，这些困难，可能会暂时影响我们的前进节奏，但不会改变前进方向，我们对未来充满信心。” O华为董事长梁华：困难不会改变我们前进方向 收起全文d\n", "author": "21世纪经济报道", "time": "21世纪经济报道2019年07月30日16:14 来自微博weibo.com", "transmit": " 转发 16", "comment": "评论 ", "zan": " 19"}, {"text": "\n                    【任正非：“实体清单”刚发布时，墨西哥的麦当劳都不卖给我们】 7月17日，华为创始人任正非接受雅虎财经采访。在被问及“美国公司重新向华为发货”一事时，他表示，“美国刚发布‘实体清单’时，连墨西哥的麦当劳都不卖给我们，说明实体清单刚发布时，它没有分清楚哪些是不重要的。”至于重启供货的 ​  展开全文c \n                    【任正非：“实体清单”刚发布时，墨西哥的麦当劳都不卖给我们】 7月17日，华为创始人任正非接受雅虎财经采访。在被问及“美国公司重新向华为发货”一事时，他表示，“美国刚发布‘实体清单’时，连墨西哥的麦当劳都不卖给我们，说明实体清单刚发布时，它没有分清楚哪些是不重要的。”至于重启供货的企业，任正非称不是很清楚。他表示，在重要的供应方面，美国还没有做出决定。如果他们不做出决定，我们就要做出决定了。 任正非提到，美国来看一看就会认识到华为到底是怎样的公司，但是但美国有些政府人员经过我们公司时，也不肯进我们的大门；与他们有一部分人座谈时，另外的一部分人他们宁可在外面等着，也不肯进来，我们也没办法。采访中途，雅虎记者设法暗示甚至明示华为今日的地位靠的是窃取，任正非对此予以坚决否认：“从创业第一天开始，我们就非常尊重知识产权，很痛恨偷窃知识产权，因为我们自己就是受害者，因为也有很多偷我们知识产权的人。与美国的所有诉讼，自始至终都没有指出华为恶意窃取了知识产权。”他在谈及女儿孟晚舟时透露，有时候会给她打电话，“他们说在涮火锅，有时候在包饺子，有时候在擀面条。她说‘忙了几十年，难得休息这几个月’。”任正非同时强调，“我女儿不是不引渡到美国，而是应该无罪释放。她本来就没有罪，抓她本身就是一个错误，但是要等到法庭最后的判决。” O任正非：“实体清单”刚发布时，墨西哥的麦当劳都不卖给我们 收起全文d\n", "author": "观察者网", "time": "观察者网2019年07月30日15:06 来自微博weibo.com", "transmit": " 转发 115", "comment": "评论 66", "zan": " 1323"}, {"text": "\n                    【任正非：“实体清单”刚发布时，墨西哥的麦当劳都不卖给我们】 7月17日，华为创始人任正非接受雅虎财经采访。在被问及“美国公司重新向华为发货”一事时，他表示，“美国刚发布‘实体清单’时，连墨西哥的麦当劳都不卖给我们，说明实体清单刚发布时，它没有分清楚哪些是不重要的。”至于重启供货的 ​  展开全文c \n                    【任正非：“实体清单”刚发布时，墨西哥的麦当劳都不卖给我们】 7月17日，华为创始人任正非接受雅虎财经采访。在被问及“美国公司重新向华为发货”一事时，他表示，“美国刚发布‘实体清单’时，连墨西哥的麦当劳都不卖给我们，说明实体清单刚发布时，它没有分清楚哪些是不重要的。”至于重启供货的企业，任正非称不是很清楚。他表示，在重要的供应方面，美国还没有做出决定。如果他们不做出决定，我们就要做出决定了。 任正非提到，美国来看一看就会认识到华为到底是怎样的公司，但是但美国有些政府人员经过我们公司时，也不肯进我们的大门；与他们有一部分人座谈时，另外的一部分人他们宁可在外面等着，也不肯进来，我们也没办法。采访中途，雅虎记者设法暗示甚至明示华为今日的地位靠的是窃取，任正非对此予以坚决否认：“从创业第一天开始，我们就非常尊重知识产权，很痛恨偷窃知识产权，因为我们自己就是受害者，因为也有很多偷我们知识产权的人。与美国的所有诉讼，自始至终都没有指出华为恶意窃取了知识产权。”他在谈及女儿孟晚舟时透露，有时候会给她打电话，“他们说在涮火锅，有时候在包饺子，有时候在擀面条。她说‘忙了几十年，难得休息这几个月’。”任正非同时强调，“我女儿不是不引渡到美国，而是应该无罪释放。她本来就没有罪，抓她本身就是一个错误，但是要等到法庭最后的判决。” O任正非：“实体清单”刚发布时，墨西哥的麦当劳都不卖给我们 收起全文d\n", "author": "科工力量", "time": "科工力量2019年07月30日20:40 来自微博weibo.com", "transmit": " 转发 21", "comment": "评论 22", "zan": " 197"}]