[{"text": "\n                    【华为徐直军：美禁令对华为布局自动驾驶没有任何影响】8月23日，华为在深圳坂田总部宣布推出AI处理器Ascend (昇腾)910及全场景的AI计算框架MindSpore。华为轮值董事长徐直军表示，5月16日被美国政府列入“实体清单”，对华为在自动驾驶领域的布局没有任何影响，尽管外部环境发生很多变化，但华为在A ​  展开全文c \n                    【华为徐直军：美禁令对华为布局自动驾驶没有任何影响】8月23日，华为在深圳坂田总部宣布推出AI处理器Ascend (昇腾)910及全场景的AI计算框架MindSpore。华为轮值董事长徐直军表示，5月16日被美国政府列入“实体清单”，对华为在自动驾驶领域的布局没有任何影响，尽管外部环境发生很多变化，但华为在AI领域的研发稳步有序开展，也达到预期的结果。徐直军表示，去年与奥迪达成战略合作后，华为在自动驾驶的投资有所加大，华为正支持和帮助车企研发自动驾驶解决方案。他认为，走向完全的自动驾驶还要很长的路程，但可以一步一步实现。 收起全文d\n", "author": "科工力量", "time": "科工力量2019年08月24日09:00 来自微博weibo.com", "transmit": " 转发 14", "comment": "评论 4", "zan": " 85"}, {"text": "\n                    徐直军：90天延期对华为没有价值（文/观察者网 陈兴华）鉴于华为通信技术的强大和相关影响，美国商务部在“周一见”中将其在美交易临时许可证延长90天，以及再将华为46家附属公司加入“实体清单”。在“周五见”中，华为副董事长、轮值董事长徐直军在深圳正式商用发布AI芯片昇腾910和全场景计算框 ​  展开全文c \n                    徐直军：90天延期对华为没有价值（文/观察者网 陈兴华）鉴于华为通信技术的强大和相关影响，美国商务部在“周一见”中将其在美交易临时许可证延长90天，以及再将华为46家附属公司加入“实体清单”。在“周五见”中，华为副董事长、轮值董事长徐直军在深圳正式商用发布AI芯片昇腾910和全场景计算框架MindSpore时表示，“90天延期对华为没有价值。“我们已经逐步习惯了在‘实体清单’下工作和生活，华为公司和员工也充分认识到并准备好了长期在这种状态下生存。外部的因素对华为的AI战略和研发没有任何影响。”近日，任正非在内部讲话中表示，5G只是小儿科，人工智能才是华为发展的战略要地。“人类社会未来二三十年最大的推动是人工智能，如果科技是一顶皇冠，那么人工智能将是这顶皇冠上的明珠。”如果说鸿蒙操作系统标志着华为技术高度的提升，人工智能则代表着华为对未来关键领域的志在必得。徐直军在发布昇腾910和MindSpore时强调，“这只是一个开始”。（图文来源：O华为徐直军：90天延期对华为没有价值 ） 收起全文d\n", "author": "后湾老施", "time": "后湾老施2019年08月24日11:32 来自观网App", "transmit": " 转发 4", "comment": "评论 5", "zan": " 20"}, {"text": "\n                    【任正非：打击华为在美国是政治正确 实体清单不可能撤销】8月23日，华为心声社区公布了任正非在本周二接受美联社采访的内容。任正非清晰地释放出几个核心观点。O任正非：打击华为在美国是政治正确 实体清单不可能撤销 ​                ", "author": "集微网官网", "time": "集微网官网2019年08月24日05:40 来自iPhone客户端", "transmit": " 转发 6", "comment": "评论 2", "zan": " 9"}]