[{"text": "\n                    【软件厂商ANSYS因美禁令停止合作，华为及海思或受严重冲击】5月份美国商务部把华为及其子公司列入实体清单之后，美系厂商陆续开始向华为停止供货，除了芯片厂商高通、英特尔之外，谷歌也已遵循命令，终止与华为的部分业务。O软件厂商ANSYS因美禁令停止合作，华为及海思或受严重冲击 ​                ", "author": "集微网官网", "time": "集微网官网2019年06月20日18:36 来自iPhone客户端", "transmit": " 转发 7", "comment": "评论 9", "zan": " 6"}]