[{"text": "\n                    【华为百日自救】华为面对的危机可能远超过了大家的想象，甚至包括华为自己人在内。如果要为这场危机寻找一个起点，大约100天前的5月16日是恰当的，那天，美国将华为列入了“实体清单”。外界在等待，华为这架弹痕累累的中国战机，何时补完漏洞、完成自救并成功返航。O华为百日自救 ​                ", "author": "新浪科技", "time": "新浪科技2019年08月26日13:01 来自微博weibo.com", "transmit": " 转发 17", "comment": "评论 65", "zan": " 224"}, {"text": "\n                    【任正非：美国没人敢出来替华为喊话 因为容易遭受攻击】任正非在接受采访时表示，实体清单是否延长不会对华为产生影响，其实华为的供货商损失会更大。他还称，在美国打击华为是一件政治正确的事，出来踩一脚华为没问题，但美国人帮华为可能被攻击。O任正非全球媒体采访纪要 L老板联播的秒拍视频 ​                ", "author": "新浪科技", "time": "新浪科技2019年08月26日11:39 来自微博weibo.com", "transmit": " 转发 23", "comment": "评论 49", "zan": " 114"}, {"text": "\n                    【任正非：美国没人敢出来替华为喊话，容易遭受攻击】8月20日，华为创始人任正非在接受采访时表示，实体清单是否延长不会对华为产生影响，华为的供货商受到的损失会更大，因为突然中断几十亿美元的订单。在美国打击华为是一件政治正确的事，美国人帮华为可能被攻击。L老板联播的秒拍视频 ​                ", "author": "中国经营报", "time": "中国经营报2019年08月26日10:11 来自微博weibo.com", "transmit": " 转发 23", "comment": "评论 13", "zan": " 44"}, {"text": "\n                    【任正非：#美国没人敢出来替华为喊话#，因为容易遭受攻击】8月20日，华为创始人任正非在接受采访时表示，实体清单是否延长不会对华为产生影响，华为的供货商受到的损失会更大，因为突然中断几十亿美元的订单。在美国打击华为是一件政治正确的事，出来踩一脚华为没问题，但美国人帮华为可能被攻击。（ ​  展开全文c \n                    【任正非：#美国没人敢出来替华为喊话#，因为容易遭受攻击】8月20日，华为创始人任正非在接受采访时表示，实体清单是否延长不会对华为产生影响，华为的供货商受到的损失会更大，因为突然中断几十亿美元的订单。在美国打击华为是一件政治正确的事，出来踩一脚华为没问题，但美国人帮华为可能被攻击。（梨视频）L老板联播的秒拍视频 收起全文d\n", "author": "科工力量", "time": "科工力量2019年08月26日12:00 来自微博weibo.com", "transmit": " 转发 18", "comment": "评论 21", "zan": " 97"}, {"text": "\n                    【华为百日自救】华为面对的危机可能远超过了大家的想象，甚至包括华为自己人在内。如果要为这场危机寻找一个起点，大约100天前的5月16日是恰当的，那天，美国将华为列入了“实体清单”……O华为百日自救 ​                ", "author": "中国企业家杂志", "time": "中国企业家杂志2019年08月26日14:06 来自微博weibo.com", "transmit": " 转发 18", "comment": "评论 11", "zan": " 58"}, {"text": "\n                    【任正非：美国没人敢出来替华为喊话 因为容易遭受攻击】任正非在接受采访时表示，实体清单是否延长不会对华为产生影响，其实华为的供货商损失会更大。他还称，在美国打击华为是一件政治正确的事，出来踩一脚华为没问题，但美国人帮华为可能被攻击。O任正非全球媒体采访纪要 L老板联播的秒拍视频 ​​​                ", "author": "宋城价值投资人", "time": "宋城价值投资人2019年08月26日11:41 来自证监会送的iPhoneX", "transmit": " 转发 66", "comment": "评论 6", "zan": " 33"}, {"text": "\n华为面对的危机可能远超过了大家的想象，甚至包括华为自己人在内。如果要为这场危机寻找一个起点，大约100天前的5月16日是恰当的，那天，美国将华为列入了“实体清单”。 O华为百日自救 ​                ", "author": "老杳", "time": "老杳2019年08月26日22:27 来自爱集微", "transmit": " 转发 12", "comment": "评论 21", "zan": " 63"}, {"text": "\n                    【任正非：#美国没人敢出来替华为喊话#，因为容易遭受攻击】8月20日，华为创始人任正非在接受采访时表示，实体清单是否延长不会对华为产生影响，华为的供货商受到的损失会更大，因为突然中断几十亿美元的订单。在美国打击华为是一件政治正确的事，出来踩一脚华为没问题，但美国人帮华为可能被攻击。你 ​  展开全文c \n                    【任正非：#美国没人敢出来替华为喊话#，因为容易遭受攻击】8月20日，华为创始人任正非在接受采访时表示，实体清单是否延长不会对华为产生影响，华为的供货商受到的损失会更大，因为突然中断几十亿美元的订单。在美国打击华为是一件政治正确的事，出来踩一脚华为没问题，但美国人帮华为可能被攻击。你认为美国会有勇敢的人站出来说公道的话吗？@老板联播 L老板联播的秒拍视频 收起全文d\n", "author": "工业科技迷", "time": "工业科技迷2019年08月26日10:17", "transmit": " 转发 33", "comment": "评论 49", "zan": " 77"}]