[{"text": "\n                    【#华为发布上半年业绩# ：半年超4000亿业绩 欣喜背后还有隐忧】华为发布了被美国列入“实体清单”后的半年报，这是一份喜远大于忧的业绩。虽然因安卓系统断供，智能手机业务在海外受到影响，但其在中国的智能手机业务取得突破性增长，带动消费者业务在上半年营收占比首次超50%。O华为「补洞」：江湖半年超4000亿业绩 欣喜背后还有隐忧 ​                ", "author": "新浪科技", "time": "新浪科技2019年07月31日09:34 来自微博weibo.com", "transmit": " 转发 11", "comment": "评论 20", "zan": " 58"}, {"text": "\n#华为5G产品不受美国禁令影响# 华为董事长梁华表示，华为5G产品和供应没有受到美国禁令的影响，实体清单之后，华为依然获得了11个5G商用合同。他称华为有信心在5G技术和产品上保持领先，为客户提供更好的服务。 ​                ", "author": "互小姐看世界", "time": "互小姐看世界2019年07月31日19:30 来自微博weibo.com", "transmit": " 转发 20", "comment": "评论 18", "zan": " 51"}, {"text": "\n                    今年，华为等多家高科技企业被列入“实体清单”，再次凸显自主可控的重要意义。大国博弈时代背景下，没有核心自主技术就没有主动权,就要处处受制于人。在越来越受关注的数据存储领域， 国内光存储行业领军企业紫晶存储已经率先一步实现了自主可控的技术优势，是目前国内唯一一家具有自主知识产权、能产 ​  展开全文c \n                    今年，华为等多家高科技企业被列入“实体清单”，再次凸显自主可控的重要意义。大国博弈时代背景下，没有核心自主技术就没有主动权,就要处处受制于人。在越来越受关注的数据存储领域， 国内光存储行业领军企业紫晶存储已经率先一步实现了自主可控的技术优势，是目前国内唯一一家具有自主知识产权、能产业化生产应用于商业大数据存储、档案级光存储介质的企业，也是唯一入选工信部“2018年工业强基工程存储器一条龙”的光存储制造企业。可以说，紫晶存储为我国信息存储安全的自主可控提供了强大助力和保障。那么在IT产业链上，还有哪些企业拥有自主可控的产品呢？点击下方长图，跟我一起来一探究竟吧！ 收起全文d\n", "author": "互联网分析沙龙", "time": "互联网分析沙龙2019年07月31日19:00 来自微博weibo.com", "transmit": " 转发 111", "comment": "评论 35", "zan": " 138"}]