[{"text": "\n                    【任正非：美国肯定建不成先进的信息网络】近日，华为创始人、CEO任正非接受加拿大《环球邮报》采访。任正非判断，美国不会取消实体清单。任正非还表示，现在美国建不成先进的信息网络，落后是注定的，因为华为不会卖5G设备给美国。 ​​​                ", "author": "深蓝财经", "time": "深蓝财经2019年07月02日15:24 来自vivoNEX双屏版", "transmit": " 转发 19", "comment": "评论 26", "zan": " 61"}]