[{"text": "\n                    【任正非：美国不可能撤销实体清单，但不会对华为产生实质影响】华为创始人任正非近日在接受采访时表示，实体清单会长期存在，但不会对华为有实质性影响，不依靠美国公司，华为也能很好的生产产品。他还表示，在美国不会有一个人为华为发声，因为在美国打击华为可能是政治正确。L老板联播的秒拍视频 ​                ", "author": "老板联播", "time": "老板联播2019年08月22日12:30 来自微博weibo.com", "transmit": " 转发 16", "comment": "评论 14", "zan": " 64"}, {"text": "\n                    【任正非：不能拿中国人的利益换华为的利益，即使女儿受更多苦】8月20日，任正非在接受采访时表示，即使将\"实体清单\"延期了，华为估计美国也不会取消制裁。如果要让中国作出让步，才能取消制裁，他宁可不要，即使这样会让女儿受更多苦。不能拿广大中国人的利益来换取华为的利益。 L姑凉木子李的微博视频 ​                ", "author": "姑凉木子李", "time": "姑凉木子李2019年08月22日19:02 来自Android", "transmit": " 转发 25", "comment": "评论 17", "zan": " 141"}, {"text": "\n                    【#华为美女高管犀利喊话#：美国若禁止华为5G，GDP将6年缩水2400亿美元】8月19日，RCR无线新闻发布了对华为公共事务高级副总裁Joy Tan的专访。对于实体清单，Joy表示，美国政府影响到美国企业，不光是英特尔、高通，还包括很多中小企业。她还援引美国咨询公司的测算称，如果美国禁止华为5G进入，会导致 ​  展开全文c \n                    【#华为美女高管犀利喊话#：美国若禁止华为5G，GDP将6年缩水2400亿美元】8月19日，RCR无线新闻发布了对华为公共事务高级副总裁Joy Tan的专访。对于实体清单，Joy表示，美国政府影响到美国企业，不光是英特尔、高通，还包括很多中小企业。她还援引美国咨询公司的测算称，如果美国禁止华为5G进入，会导致美国GDP未来六年缩水2410亿美元。值得注意是，美国商务部近期宣布，针对华为禁令的宽限期将再次延长90天。 L老板联播的微博视频 收起全文d\n", "author": "新浪科技", "time": "新浪科技2019年08月22日20:20 来自微博weibo.com", "transmit": " 转发 112", "comment": "评论 145", "zan": " 635"}, {"text": "\n                    【#华为美女高管犀利喊话#：美国若禁止华为5G，GDP将6年缩水2400亿美元】8月19日，RCR无线新闻发布了对华为公共事务高级副总裁Joy Tan的专访。对于实体清单，Joy表示，美国政府影响到美国企业，不光是英特尔、高通，还包括很多中小企业。她还援引美国咨询公司的测算称，如果美国禁止华为5G进入，会导致 ​  展开全文c \n                    【#华为美女高管犀利喊话#：美国若禁止华为5G，GDP将6年缩水2400亿美元】8月19日，RCR无线新闻发布了对华为公共事务高级副总裁Joy Tan的专访。对于实体清单，Joy表示，美国政府影响到美国企业，不光是英特尔、高通，还包括很多中小企业。她还援引美国咨询公司的测算称，如果美国禁止华为5G进入，会导致美国GDP未来六年缩水2410亿美元。值得注意是，美国商务部近期宣布，针对华为禁令的宽限期将再次延长90天。 L老板联播的微博视频 收起全文d\n", "author": "福布斯中文网", "time": "福布斯中文网2019年08月22日20:20 来自iPhone客户端", "transmit": " 转发 136", "comment": "评论 234", "zan": " 1345"}, {"text": "\n                    【#华为美女高管犀利喊话#：美国若禁止华为5G，GDP将6年缩水2400亿美元】8月19日，RCR无线新闻发布了对华为公共事务高级副总裁Joy Tan的专访。对于实体清单，Joy表示，美国政府影响到美国企业，不光是英特尔、高通，还包括很多中小企业。她还援引美国咨询公司的测算称，如果美国禁止华为5G进入，会导致 ​  展开全文c \n                    【#华为美女高管犀利喊话#：美国若禁止华为5G，GDP将6年缩水2400亿美元】8月19日，RCR无线新闻发布了对华为公共事务高级副总裁Joy Tan的专访。对于实体清单，Joy表示，美国政府影响到美国企业，不光是英特尔、高通，还包括很多中小企业。她还援引美国咨询公司的测算称，如果美国禁止华为5G进入，会导致美国GDP未来六年缩水2410亿美元。值得注意是，美国商务部近期宣布，针对华为禁令的宽限期将再次延长90天。@老板联播 L老板联播的微博视频 收起全文d\n", "author": "证券时报网", "time": "证券时报网2019年08月22日19:05", "transmit": " 转发 69", "comment": "评论 70", "zan": " 254"}, {"text": "\n                    【华为女高管：美国若禁止华为5G，GDP未来6年将缩水2400亿】 8月19日，RCR无线新闻发布了对华为公共事务高级副总裁Joy Tan的专访。对于实体清单，Joy表示，美国政府影响到美国企业，不光是英特尔、高通。她还援引美国咨询公司的测算称，如果美国禁止华为5G进入，会导致美国GDP未来六年缩水2410亿美元 ​  展开全文c \n                    【华为女高管：美国若禁止华为5G，GDP未来6年将缩水2400亿】 8月19日，RCR无线新闻发布了对华为公共事务高级副总裁Joy Tan的专访。对于实体清单，Joy表示，美国政府影响到美国企业，不光是英特尔、高通。她还援引美国咨询公司的测算称，如果美国禁止华为5G进入，会导致美国GDP未来六年缩水2410亿美元。Joy在采访中指出，美政府的做法的确伤害了美国企业的利益，不仅伤害到了像英特尔、高通这样的大公司，也伤害到了中小规模企业。价值链上的许多产业都会受到直接或间接的影响。“华为每年在美国花费110亿美元来采购产品和服务，这是许多公司的重要收入来源。自从实体清单发布以来，我们许多供应商都下调了今年的财务预期，今天上午高通的业绩您也看到了，这是一个很好的例子。全球很多股东都收到了影响，而且也影响了华为正在进行的研究项目和我们供应商的研究项目”，Joy说道。此外，Joy表示，一家总部位于波士顿的咨询公司的预计，禁止华为进入美国5G市场，会导致美国GDP未来六年缩水2410亿美元；这家公司还表示，没有华为的美国手机基站和无线接入设备市场，其成本已经比有华为时贵了15%。#华为##美国##5G# 收起全文d\n", "author": "价值投资日志", "time": "价值投资日志2019年08月22日20:28 来自iPhoneX", "transmit": " 转发 10", "comment": "评论 23", "zan": " 76"}]