[{"text": "\n                    任总接受加拿大《环球邮报》采访纪要：1、华为不裁员还加人，员工人数从18.8万人扩展到19.4万人，因为要做版本切换磨合，需要增加工程师。2、对Verizon收10亿美元是5年的总量，不包括5G，以后5G还会再谈。很公平、不贵，不信问高通。3、我们不只是5G领先世界，光传输、光交换、接入网和核心 ​  展开全文c \n                    任总接受加拿大《环球邮报》采访纪要：1、华为不裁员还加人，员工人数从18.8万人扩展到19.4万人，因为要做版本切换磨合，需要增加工程师。2、对Verizon收10亿美元是5年的总量，不包括5G，以后5G还会再谈。很公平、不贵，不信问高通。3、我们不只是5G领先世界，光传输、光交换、接入网和核心网也是远远领先世界的。这个产业依靠我们自己的芯片和软件，完全可以独立存在，不受美国影响。4、芯片难度不大，受限的3个芯片，一个芯片在这两个月我们已做出来L老板联播的秒拍视频 收起全文d\n", "author": "环球老虎财经", "time": "环球老虎财经2019年07月01日14:47 来自专业版微博", "transmit": " 转发 10", "comment": "评论 10", "zan": " 20"}, {"text": "\n                    【#任正非称华为芯片比美国先进#：美国实体清单不是死亡威胁】近期，任正非接受加拿大《环球邮报》采访，根据华为心声社区公布的采访纪要，任正非称他最关注的不是芯片，而是过去忽略的没有太大技术含量的某些零部件，在版本切换期间，产能上不来，这对发展有一些影响。华为的芯片其实比美国的先进 ​  展开全文c \n                    【#任正非称华为芯片比美国先进#：美国实体清单不是死亡威胁】近期，任正非接受加拿大《环球邮报》采访，根据华为心声社区公布的采访纪要，任正非称他最关注的不是芯片，而是过去忽略的没有太大技术含量的某些零部件，在版本切换期间，产能上不来，这对发展有一些影响。华为的芯片其实比美国的先进，所有核心的尖端芯片，都可以完全自己供给。目前的根本问题，是美国要取消实体清单，而不是延缓。延缓实体清单最痛苦的是美国公司，而不是我们。我们照样热火朝天地生产，员工人数从18.8万人扩展到19.4万人。所以美国的实体清单对华为没有死亡威胁。L老板联播的秒拍视频 收起全文d\n", "author": "商界智库", "time": "商界智库2019年07月01日08:06 来自iPhone客户端", "transmit": " 转发 41", "comment": "评论 6", "zan": " 67"}, {"text": "\n                    【#任正非称华为芯片比美国先进#：美国实体清单不是死亡威胁】近期，任正非接受加拿大《环球邮报》采访，根据华为心声社区公布的采访纪要，任正非称他最关注的不是芯片，而是过去忽略的没有太大技术含量的某些零部件，更换它们会对产能有些影响。华为的芯片其实比美国的先进，所有核心的尖端芯片，都可 ​  展开全文c \n                    【#任正非称华为芯片比美国先进#：美国实体清单不是死亡威胁】近期，任正非接受加拿大《环球邮报》采访，根据华为心声社区公布的采访纪要，任正非称他最关注的不是芯片，而是过去忽略的没有太大技术含量的某些零部件，更换它们会对产能有些影响。华为的芯片其实比美国的先进，所有核心的尖端芯片，都可以完全自己供给，所以美国的实体清单对华为没有死亡威胁。L老板联播的秒拍视频 收起全文d\n", "author": "电商经理人联盟", "time": "电商经理人联盟2019年07月01日11:01 来自微博weibo.com", "transmit": " 转发 48", "comment": "评论 3", "zan": " 14"}, {"text": "\n                    【美官方解释“解禁华为”一事 即将生效但有限制条件】“美国公司可以向华为公司出售设备”，美国总统特朗普6月29日在大阪G20峰会期间“走出的这一大步”引发各方关注，国际舆论对此多持欢迎态度。不过报道称，尽管数次被问到是否会将华为公司从美国商务部“实体清单”的黑名单上撤除，特朗普都拒绝 ​  展开全文c \n                    【美官方解释“解禁华为”一事 即将生效但有限制条件】“美国公司可以向华为公司出售设备”，美国总统特朗普6月29日在大阪G20峰会期间“走出的这一大步”引发各方关注，国际舆论对此多持欢迎态度。不过报道称，尽管数次被问到是否会将华为公司从美国商务部“实体清单”的黑名单上撤除，特朗普都拒绝直接回应。他表示，现在不想谈论此事，政府会谨慎处理。美国参议院民主党领袖舒默29日发推文说，“华为是我们能够让中国公平贸易的少数有效杠杆之一。如果特朗普像他似乎正在做的那样退却，将极大削弱我们改变中国不公平贸易行径的能力”。美国白宫国家经济委员会主任库德洛30日接受福克斯新闻采访时称，特朗普针对华为的决定“不是大赦”，华为将继续被列在“实体清单”上，但美国商务部将向更多美国公司发放执照，允许其销售更多设备给华为。@环球网 O美官方解释解禁华为一事 即将生效但有限制条件 收起全文d\n", "author": "凤凰网科技", "time": "凤凰网科技2019年07月01日09:35 来自微博weibo.com", "transmit": " 转发 13", "comment": "评论 22", "zan": " 56"}, {"text": "\n                    【任正非：美国肯定建不成先进的信息网络】近日，华为创始人、CEO任正非接受加拿大《环球邮报》采访。任正非判断，美国不会取消实体清单。任正非还表示，现在美国建不成先进的信息网络，落后是注定的，因为华为不会卖5G设备给美国。O任正非：美国肯定建不成先进的信息网络 ​                ", "author": "凤凰网科技", "time": "凤凰网科技2019年07月01日14:32 来自微博weibo.com", "transmit": " 转发 12", "comment": "评论 34", "zan": " 78"}, {"text": "\n                    【任正非：美国实体清单对我们没有死亡威胁】外界最关注芯片，任正非最关注的却不是芯片。他表示，“因为我们自己的芯片其实比美国的先进。所以，美国的实体清单对我们没有死亡威胁。” 此外，任正非也对加拿大投资首次做了介绍，华为准备在多伦多、渥太华、蒙特利尔、温哥华买土地，建新的研发中心。 ​  展开全文c \n                    【任正非：美国实体清单对我们没有死亡威胁】外界最关注芯片，任正非最关注的却不是芯片。他表示，“因为我们自己的芯片其实比美国的先进。所以，美国的实体清单对我们没有死亡威胁。” 此外，任正非也对加拿大投资首次做了介绍，华为准备在多伦多、渥太华、蒙特利尔、温哥华买土地，建新的研发中心。华为坚持在加拿大投资发展不变，至少有几十亿美元的投资。 收起全文d\n", "author": "IT互联网狂人", "time": "IT互联网狂人2019年07月01日09:38 来自微博weibo.com", "transmit": " 转发 130", "comment": "评论 87", "zan": " 219"}]