[{"text": "\n                    【美中贸易委员会主席批特朗普：这不是限制华为 是谋杀】据美媒报道，美中贸易全国委员会主席艾伦表示，特朗普明明可以直接禁止华为进入美国市场，然却将华为列入出口管制实体名单、中断供应链、迫使美国公司停止合作，这种做法远不是“限制”，更像是蓄意“谋杀”。艾伦做了个比喻，“如果有陌生人敲 ​  展开全文c \n                    【美中贸易委员会主席批特朗普：这不是限制华为 是谋杀】据美媒报道，美中贸易全国委员会主席艾伦表示，特朗普明明可以直接禁止华为进入美国市场，然却将华为列入出口管制实体名单、中断供应链、迫使美国公司停止合作，这种做法远不是“限制”，更像是蓄意“谋杀”。艾伦做了个比喻，“如果有陌生人敲你的门，你可以不让他们进门，但你有权利拿枪射杀他们吗？”#华为要求Verizon支付专利费#@微丢 L微丢的秒拍视频 收起全文d\n", "author": "新浪军事", "time": "新浪军事2019年06月13日13:40 来自微博weibo.com", "transmit": " 转发 119", "comment": "评论 89", "zan": " 1850"}, {"text": "\n                    【美中贸易全国委员会会长： 将华为列入实体清单就是\"谋杀\"】11日，美中贸易全国委员会会长克雷格•艾伦在华盛顿一场投资者峰会上表示，美国政府将华为列入“实体清单”、禁止美国公司与华为做生意的做法，就相当于一场“谋杀”，试图将华为“赶尽杀绝”。他还打了个比方：“如果有陌生人敲门，你可以 ​  展开全文c \n                    【美中贸易全国委员会会长： 将华为列入实体清单就是\"谋杀\"】11日，美中贸易全国委员会会长克雷格•艾伦在华盛顿一场投资者峰会上表示，美国政府将华为列入“实体清单”、禁止美国公司与华为做生意的做法，就相当于一场“谋杀”，试图将华为“赶尽杀绝”。他还打了个比方：“如果有陌生人敲门，你可以不让他进来，可是你有权直接开枪打死人家吗？”L微丢的秒拍视频 收起全文d\n", "author": "科工力量", "time": "科工力量2019年06月13日08:40 来自微博weibo.com", "transmit": " 转发 32", "comment": "评论 36", "zan": " 119"}, {"text": "\n                    【美中贸易全国委员会会长： 将华为列入实体清单就是\"谋杀\"！】除了莫须有的所谓国家安全接口，连个像样的证据都找不到，美国作为堂堂超级大国，竟然悍然无理封杀华为，连遮羞布都不需要。11日，美中贸易全国委员会会长克雷格•艾伦在华盛顿一场投资者峰会上表示：        美国政府将华为列入“实 ​  展开全文c \n                    【美中贸易全国委员会会长： 将华为列入实体清单就是\"谋杀\"！】除了莫须有的所谓国家安全接口，连个像样的证据都找不到，美国作为堂堂超级大国，竟然悍然无理封杀华为，连遮羞布都不需要。11日，美中贸易全国委员会会长克雷格•艾伦在华盛顿一场投资者峰会上表示：        美国政府将华为列入“实体清单”、禁止美国公司与华为做生意的做法，就相当于一场“谋杀”，试图将华为“赶尽杀绝”。         他还打了个比方：“如果有陌生人敲门，你可以不让他进来，可是你有权直接开枪打死人家吗？” L视频-美中贸易全国委员会会长： 将华为列入实体清单就是\"谋杀\" 收起全文d\n", "author": "人才76116", "time": "人才761162019年06月13日11:57 来自HUAWEIP20", "transmit": " 转发 25", "comment": "评论 55", "zan": " 157"}]