[{"text": "\n                    早前因美国实体清单问题，有谣言称联想率先断供华为受到广泛讨论。而历史作家张忆安爆料表示，#惠普戴尔断供华为#，而非联想。环球时报编辑paingod也称惠普和戴尔趁联想被舆论攻击时疯狂抢单但目前也依然只有一张聊天截图应证，所以不妨静下心后再做判断。 ​                ", "author": "锋潮科技", "time": "锋潮科技2019年07月16日12:30", "transmit": " 转发 32", "comment": "评论 37", "zan": " 104"}, {"text": "\n#美企业或将恢复向华为供货# 据路透社15日独家报道，美国一名高级官员透露，美国政府可能在2-4周内批准向美国公司颁发重新开始向华为供货的许可证。报道评论称，这一迹象表明，美国总统特朗普最近放松对华为限制的决定可能迅速推进。今年5月，美国商务部将华为列入“实体清单”，禁止美国公司在未获得 ​  展开全文c \n#美企业或将恢复向华为供货# 据路透社15日独家报道，美国一名高级官员透露，美国政府可能在2-4周内批准向美国公司颁发重新开始向华为供货的许可证。报道评论称，这一迹象表明，美国总统特朗普最近放松对华为限制的决定可能迅速推进。今年5月，美国商务部将华为列入“实体清单”，禁止美国公司在未获得许可证的情况下向华为提供产品和服务。 收起全文d\n", "author": "互小姐看世界", "time": "互小姐看世界2019年07月16日12:30 来自微博weibo.com", "transmit": " 转发 17", "comment": "评论 10", "zan": " 46"}]