[{"text": "\n                    【与华为交恶 伟创力在中国裁员超万人】华为被美国列入实体清单之后，美资代工巨头伟创力缩减华为业务，其长沙、珠海的华为产线全面停产，两大工厂裁员超万人 O与华为交恶 伟创力在中国裁员超万人 ​                ", "author": "财新网", "time": "财新网2019年08月05日08:03 来自财新网", "transmit": " 转发 120", "comment": "评论 209", "zan": " 729"}, {"text": "\n                    【与华为交恶 伟创力在中国裁员超万人】华为被美国列入实体清单之后，美资代工巨头伟创力缩减华为业务，其长沙、珠海的华为产线全面停产，两大工厂裁员超万人O与华为交恶 伟创力在中国裁员超万人（来自财新客户端） ​                ", "author": "胡舒立", "time": "胡舒立2019年08月05日10:37 来自财新App", "transmit": " 转发 28", "comment": "评论 43", "zan": " 185"}, {"text": "\n                    林毅夫认为，最糟糕的情况是，将来美国可能像对华为那样，把中国列入实体清单，阻止美国企业与中国进行贸易。美国用举国之力，甚至还加上盟友，来打压华为。如果这样都无法将华为打压下去，那能把中国打压下去吗？ ​                ", "author": "价值投资日志", "time": "价值投资日志2019年08月05日22:39 来自iPhoneX", "transmit": " 转发 7", "comment": "评论 16", "zan": " 37"}]