[{"text": "\n朋友圈分享华为董事长梁华7月12日谈到，虽然美国总统特朗普曾表示将允许美国公司向华为销售产品，但到目前为止，尚未见到美国的政策有实质性的改变。因此，他呼吁#美国将华为移出实体清单# L秦岭二月的秒拍视频 ​                ", "author": "秦岭二月", "time": "秦岭二月2019年07月13日19:34 来自朋友圈分享超话", "transmit": " 转发 5", "comment": "评论 6", "zan": " 16"}, {"text": "\n                    今日汇总：1.太火爆！集微峰会网上报名提前一周关闭;2.华为董事长：美国不应是放松管制，而是应该取消实体清单禁令；3.华为梁华：鸿蒙系统是为物联网开发的，不确定是否用于手机；4.数码论：珠海小厂魅族的口碑危机；5.全球PC第二季度销量排名：联想重新登顶第一，苹果第四；6.第三方数据：荣耀线 ​  展开全文c \n                    今日汇总：1.太火爆！集微峰会网上报名提前一周关闭;2.华为董事长：美国不应是放松管制，而是应该取消实体清单禁令；3.华为梁华：鸿蒙系统是为物联网开发的，不确定是否用于手机；4.数码论：珠海小厂魅族的口碑危机；5.全球PC第二季度销量排名：联想重新登顶第一，苹果第四；6.第三方数据：荣耀线上销量第一，小米第二；7.【集微拆评】一加7 Pro拆解：除了升降镜头和最昂贵的90Hz流体屏，还有防水隐藏属性O【头条】华为董事长：美国应该取消实体清单； 收起全文d\n", "author": "老杳", "time": "老杳2019年07月13日08:31 来自iPhone客户端", "transmit": " 转发 8", "comment": "评论 6", "zan": " 8"}]