[{"text": "\n                    【找到安卓“替代品”？外媒：华为在俄或将搭载它】外媒称，华为已开始与俄罗斯展开商谈，将在36万部华为平板电脑上安装俄罗斯Aurora操作系统，用于俄国明年的人口普查。在美国将华为列入所谓的实体清单后，华为一直在寻找替代OS，以取代谷歌安卓。报道称，这是一个试点项目。O找到安卓“替代品”？外媒：华为在俄或将搭载它 ​                ", "author": "新浪科技", "time": "新浪科技2019年08月28日03:18 来自微博weibo.com", "transmit": " 转发 18", "comment": "评论 22", "zan": " 104"}]