[{"text": "\n手机#鸿蒙将比安卓速度快60%# 任正非在接受采访的时候表示鸿蒙系统，在延时性和启动速度等方面都优于安卓系统。鸿蒙本身并不是面向手机来开发的操作系统，而是面向于嵌入式系统和人工智能系统的。当美国将华为公司纳入实体清单之后。华为才不得不讲鸿蒙延伸到手机系统。鸿蒙系统和安卓系统最 ​  展开全文c \n手机#鸿蒙将比安卓速度快60%# 任正非在接受采访的时候表示鸿蒙系统，在延时性和启动速度等方面都优于安卓系统。鸿蒙本身并不是面向手机来开发的操作系统，而是面向于嵌入式系统和人工智能系统的。当美国将华为公司纳入实体清单之后。华为才不得不讲鸿蒙延伸到手机系统。鸿蒙系统和安卓系统最大的不同就是鸿蒙的实验性更低，启动速度更快。数码 收起全文d\n", "author": "天使数码说", "time": "天使数码说2019年07月05日22:39 来自手机超话", "transmit": " 转发 6", "comment": "评论 62", "zan": " 86"}, {"text": "\n                    3000亿美元本来就是5月后的事情，华为上实体清单也是5月后的事情.....为毛都说特朗普让步了，这不是扯淡吗？这些东西本来就不应该出现，他们整出来了，收回去就算让步？ ​                ", "author": "方再言", "time": "方再言2019年07月05日19:01", "transmit": " 转发 4", "comment": "评论 13", "zan": " 18"}]