[{"text": "\n                    【任正非“猛夸”特朗普：没有他宣传 全世界不会知道华为这么厉害】8月16日，英国天空新闻台播出了华为创始人兼CEO任正非的专访。任正非谈及英国新首相约翰逊，认为英国不会拒绝华为5G。当谈及华为被美国列为实体清单后，任正非笑称：#没有特朗普宣传，全世界人民不会知道华为这么厉害#，这么好。此外 ​  展开全文c \n                    【任正非“猛夸”特朗普：没有他宣传 全世界不会知道华为这么厉害】8月16日，英国天空新闻台播出了华为创始人兼CEO任正非的专访。任正非谈及英国新首相约翰逊，认为英国不会拒绝华为5G。当谈及华为被美国列为实体清单后，任正非笑称：#没有特朗普宣传，全世界人民不会知道华为这么厉害#，这么好。此外，他还提到了女儿孟晚舟。L燃新闻的秒拍视频 收起全文d\n", "author": "环球时报", "time": "环球时报2019年08月17日10:11 来自微博weibo.com", "transmit": " 转发 1698", "comment": "评论 943", "zan": " 19630"}, {"text": "\n                    【任正非“猛夸”特朗普：没有他宣传 全世界不会知道华为这么厉害】8月16日，英国天空新闻台播出了华为创始人兼CEO任正非的专访。任正非谈及英国新首相约翰逊，认为英国不会拒绝华为5G。当谈及华为被美国列为实体清单后，任正非笑称：没有特朗普宣传，全世界人民不会知道华为这么厉害，这么好。此外， ​  展开全文c \n                    【任正非“猛夸”特朗普：没有他宣传 全世界不会知道华为这么厉害】8月16日，英国天空新闻台播出了华为创始人兼CEO任正非的专访。任正非谈及英国新首相约翰逊，认为英国不会拒绝华为5G。当谈及华为被美国列为实体清单后，任正非笑称：没有特朗普宣传，全世界人民不会知道华为这么厉害，这么好。此外，他还提到了女儿孟晚舟。L燃新闻的秒拍视频 收起全文d\n", "author": "新浪财经", "time": "新浪财经2019年08月17日10:00 来自微博weibo.com", "transmit": " 转发 231", "comment": "评论 222", "zan": " 1626"}, {"text": "\n                    【任正非“猛夸”特朗普：没有他宣传 全世界不会知道华为这么厉害】英国天空新闻台播出了华为创始人兼CEO任正非的专访。提到英国新首相约翰逊，他认为英国不会拒绝华为5G。谈及华为被美国列为实体清单后，任正非笑称：没有特朗普宣传，全世界人民不会知道华为这么厉害，这么好。L燃新闻的秒拍视频 ​                ", "author": "新浪科技", "time": "新浪科技2019年08月17日08:40 来自微博weibo.com", "transmit": " 转发 135", "comment": "评论 103", "zan": " 833"}, {"text": "\n                    【任正非“猛夸”特朗普：没有他宣传 全世界不会知道华为这么厉害】8月16日，英国天空新闻台播出了华为创始人兼CEO任正非的专访。任正非谈及英国新首相约翰逊，认为英国不会拒绝华为5G。当谈及华为被美国列为实体清单后，任正非笑称：没有特朗普宣传，全世界人民不会知道华为这么厉害，这么好。此外， ​  展开全文c \n                    【任正非“猛夸”特朗普：没有他宣传 全世界不会知道华为这么厉害】8月16日，英国天空新闻台播出了华为创始人兼CEO任正非的专访。任正非谈及英国新首相约翰逊，认为英国不会拒绝华为5G。当谈及华为被美国列为实体清单后，任正非笑称：没有特朗普宣传，全世界人民不会知道华为这么厉害，这么好。此外，他还提到了女儿孟晚舟。L燃新闻的秒拍视频 收起全文d\n", "author": "新浪视频", "time": "新浪视频2019年08月17日07:41 来自微博weibo.com", "transmit": " 转发 299", "comment": "评论 225", "zan": " 1560"}, {"text": "\n                    【任正非“猛夸“特朗普：没有他宣传，全世界不会知道华为这么厉害】英国天空新闻台播出了华为创始人兼CEO任正非的专访。提到英国新首相约翰逊，他认为英国不会拒绝华为5G。谈及华为被美国列为实体清单后，任正非笑称：没有特朗普宣传，全世界人民不会知道华为这么厉害，这么好。L燃新闻的秒拍视频  ​  展开全文c \n                    【任正非“猛夸“特朗普：没有他宣传，全世界不会知道华为这么厉害】英国天空新闻台播出了华为创始人兼CEO任正非的专访。提到英国新首相约翰逊，他认为英国不会拒绝华为5G。谈及华为被美国列为实体清单后，任正非笑称：没有特朗普宣传，全世界人民不会知道华为这么厉害，这么好。L燃新闻的秒拍视频 ​​​ 收起全文d\n", "author": "中国企业家杂志", "time": "中国企业家杂志2019年08月17日09:32 来自iPhone客户端", "transmit": " 转发 177", "comment": "评论 31", "zan": " 250"}, {"text": "\n                    【任正非：如不让华为用安卓，世界出现第三种系统，对美国不利】8月16日，华为创始人兼首席执行官任正非接受了英国天空电视台的专访。谈到被美国列为“实体清单”对华为的业务有什么影响，任正非回应称：“如果美国封锁，不让谷歌提供安卓系统给我们的话，世界上出现第三种系统，对美国称霸世界也是不 ​  展开全文c \n                    【任正非：如不让华为用安卓，世界出现第三种系统，对美国不利】8月16日，华为创始人兼首席执行官任正非接受了英国天空电视台的专访。谈到被美国列为“实体清单”对华为的业务有什么影响，任正非回应称：“如果美国封锁，不让谷歌提供安卓系统给我们的话，世界上出现第三种系统，对美国称霸世界也是不利的。”任正非打比方补充称：“增加了一个‘小兄弟’，‘小兄弟’说不定要比‘老大哥’干劲大。如果‘小兄弟’跑到‘老大哥’前面去，这是有一定风险的。”O任正非：如不让华为用安卓，世界出现第三种系统，对美国不利 收起全文d\n", "author": "澎湃新闻", "time": "澎湃新闻2019年08月17日18:31 来自微博weibo.com", "transmit": " 转发 346", "comment": "评论 1140", "zan": " 5417"}, {"text": "\n                    【任正非“猛夸”特朗普：没有他宣传 全世界不会知道，华为这么厉害】英国天空新闻台播出了华为创始人兼CEO任正非的专访。提到英国新首相约翰逊，他认为英国不会拒绝华为5G。谈及华为被美国列为实体清单后，任正非笑称：没有特朗普宣传，全世界人民不会知道华为这么厉害，这么好。L燃新闻的秒拍视频 ​                ", "author": "老板联播", "time": "老板联播2019年08月17日08:58 来自微博weibo.com", "transmit": " 转发 56", "comment": "评论 29", "zan": " 198"}, {"text": "\n                    【任正非“夸”特朗普：没有他宣传，全世界不会知道华为这么厉害】8月16日，英国天空新闻台播出了华为创始人兼CEO任正非的专访。任正非谈及英国新首相约翰逊，认为英国不会拒绝华为5G。当谈及华为被美国列为实体清单后，任正非笑称：没有特朗普宣传，全世界人民不会知道华为这么厉害，这么好。 ​  展开全文c \n                    【任正非“夸”特朗普：没有他宣传，全世界不会知道华为这么厉害】8月16日，英国天空新闻台播出了华为创始人兼CEO任正非的专访。任正非谈及英国新首相约翰逊，认为英国不会拒绝华为5G。当谈及华为被美国列为实体清单后，任正非笑称：没有特朗普宣传，全世界人民不会知道华为这么厉害，这么好。此外，他还提到了女儿孟晚舟。L燃新闻的秒拍视频 收起全文d\n", "author": "商界BUSINESS", "time": "商界BUSINESS2019年08月17日09:14 来自HUAWEIP30", "transmit": " 转发 122", "comment": "评论 8", "zan": " 82"}, {"text": "\n                    【任正非“猛夸”特朗普：没有他宣传 全世界不会知道华为这么厉害】8月16日，英国天空新闻台播出了华为创始人兼CEO任正非的专访。任正非谈及英国新首相约翰逊，认为英国不会拒绝华为5G。当谈及华为被美国列为实体清单后，任正非笑称：#没有特朗普宣传，全世界人民不会知道华为这么厉害#，这么好。此外 ​  展开全文c \n                    【任正非“猛夸”特朗普：没有他宣传 全世界不会知道华为这么厉害】8月16日，英国天空新闻台播出了华为创始人兼CEO任正非的专访。任正非谈及英国新首相约翰逊，认为英国不会拒绝华为5G。当谈及华为被美国列为实体清单后，任正非笑称：#没有特朗普宣传，全世界人民不会知道华为这么厉害#，这么好。此外，他还提到了女儿孟晚舟。L燃新闻的秒拍视频 收起全文d\n", "author": "凤凰网科技", "time": "凤凰网科技2019年08月17日09:27 来自专业版微博", "transmit": " 转发 25", "comment": "评论 31", "zan": " 140"}, {"text": "\n                    【任正非“猛夸”特朗普：没有他宣传 全世界不会知道华为这么厉害】8月16日，英国天空新闻台播出了华为创始人兼CEO任正非的专访。任正非谈及英国新首相约翰逊，认为英国不会拒绝华为5G。当谈及华为被美国列为实体清单后，任正非笑称：没有特朗普宣传，全世界人民不会知道华为这么厉害，这么好。此外， ​  展开全文c \n                    【任正非“猛夸”特朗普：没有他宣传 全世界不会知道华为这么厉害】8月16日，英国天空新闻台播出了华为创始人兼CEO任正非的专访。任正非谈及英国新首相约翰逊，认为英国不会拒绝华为5G。当谈及华为被美国列为实体清单后，任正非笑称：没有特朗普宣传，全世界人民不会知道华为这么厉害，这么好。此外，他还提到了女儿孟晚舟。L燃新闻的秒拍视频 收起全文d\n", "author": "电脑报", "time": "电脑报2019年08月17日10:53 来自搜狗高速浏览器", "transmit": " 转发 20", "comment": "评论 45", "zan": " 98"}, {"text": "\n                    【任正非“猛夸”特朗普：没有他宣传 全世界不会知道华为这么厉害】8月16日，英国天空新闻台播出了华为创始人兼CEO任正非的专访。任正非谈及英国新首相约翰逊，认为英国不会拒绝华为5G。当谈及华为被美国列为实体清单后，任正非笑称：#没有特朗普宣传，全世界人民不会知道华为这么厉害#，这么好。此外 ​  展开全文c \n                    【任正非“猛夸”特朗普：没有他宣传 全世界不会知道华为这么厉害】8月16日，英国天空新闻台播出了华为创始人兼CEO任正非的专访。任正非谈及英国新首相约翰逊，认为英国不会拒绝华为5G。当谈及华为被美国列为实体清单后，任正非笑称：#没有特朗普宣传，全世界人民不会知道华为这么厉害#，这么好。此外，他还提到了女儿孟晚舟。L燃新闻的秒拍视频 收起全文d\n", "author": "环球人物杂志", "time": "环球人物杂志2019年08月17日10:30 来自微博weibo.com", "transmit": " 转发 37", "comment": "评论 15", "zan": " 165"}, {"text": "\n                    【任正非“猛夸”特朗普：没有他宣传 全世界不会知道，华为这么厉害】英国天空新闻台播出了华为创始人兼CEO任正非的专访。提到英国新首相约翰逊，他认为英国不会拒绝华为5G。谈及华为被美国列为实体清单后，任正非笑称：没有特朗普宣传，全世界人民不会知道华为这么厉害，这么好。L燃新闻的秒拍视频 ​  展开全文c \n                    【任正非“猛夸”特朗普：没有他宣传 全世界不会知道，华为这么厉害】英国天空新闻台播出了华为创始人兼CEO任正非的专访。提到英国新首相约翰逊，他认为英国不会拒绝华为5G。谈及华为被美国列为实体清单后，任正非笑称：没有特朗普宣传，全世界人民不会知道华为这么厉害，这么好。L燃新闻的秒拍视频 ​​​ 收起全文d\n", "author": "福布斯中文网", "time": "福布斯中文网2019年08月17日09:52 来自iPhone客户端", "transmit": " 转发 21", "comment": "评论 13", "zan": " 58"}, {"text": "\n                    【任正非“猛夸“特朗普：没有他宣传，全世界不会知道华为这么厉害】英国天空新闻台播出了华为创始人兼CEO任正非的专访。提到英国新首相约翰逊，他认为英国不会拒绝华为5G。谈及华为被美国列为实体清单后，任正非笑称：没有特朗普宣传，全世界人民不会知道华为这么厉害，这么好。L燃新闻的秒拍视频 ​                ", "author": "文汇报", "time": "文汇报2019年08月17日09:36 来自微博weibo.com", "transmit": " 转发 15", "comment": "评论 5", "zan": " 22"}, {"text": "\n#意识形态要闻#【#思想微评# 任正非“猛夸”特朗普：没有他宣传  全世界不会知道华为这么厉害】8月16日，英国天空新闻台播出了华为创始人兼CEO任正非的专访。任正非谈及英国新首相约翰逊，认为英国不会拒绝华为5G。当谈及华为被美国列为实体清单后，任正非笑称：#没有特朗普宣传，全世界人民不会知道华 ​  展开全文c \n#意识形态要闻#【#思想微评# 任正非“猛夸”特朗普：没有他宣传  全世界不会知道华为这么厉害】8月16日，英国天空新闻台播出了华为创始人兼CEO任正非的专访。任正非谈及英国新首相约翰逊，认为英国不会拒绝华为5G。当谈及华为被美国列为实体清单后，任正非笑称：#没有特朗普宣传，全世界人民不会知道华为这么厉害#，这么好。此外，他还提到了女儿孟晚舟。L燃新闻的秒拍视频 #历史真相#：感谢川普好同志，助力中华民族伟大复兴！ 收起全文d\n", "author": "朱继东", "time": "朱继东2019年08月17日11:16 来自思想火炬超话", "transmit": " 转发 29", "comment": "评论 9", "zan": " 41"}, {"text": "\n#环球见闻#【任正非\"猛夸\"川普：没他 世界就不知道华为多牛】8月16日，英国天空新闻台播出了华为创始人兼CEO任正非的专访。任正非谈及英国新首相约翰逊，认为英国不会拒绝华为5G。当谈及华为被美国列为实体清单后，任正非笑称：没有川普宣传，全世界人民不会知道华为这么厉害，这么好。此外，他还提到 ​  展开全文c \n#环球见闻#【任正非\"猛夸\"川普：没他 世界就不知道华为多牛】8月16日，英国天空新闻台播出了华为创始人兼CEO任正非的专访。任正非谈及英国新首相约翰逊，认为英国不会拒绝华为5G。当谈及华为被美国列为实体清单后，任正非笑称：没有川普宣传，全世界人民不会知道华为这么厉害，这么好。此外，他还提到了女儿孟晚舟。O网页链接 收起全文d\n", "author": "北美新浪", "time": "北美新浪2019年08月17日08:03 来自微博weibo.com", "transmit": " 转发 6", "comment": "评论 8", "zan": " 29"}, {"text": "\n#中欧关系#【华为任正非接受英国天空新闻台采访】8月16日，英国天空新闻台播出了华为创始人兼CEO任正非的专访。任正非谈及英国新首相约翰逊，认为英国不会拒绝华为5G。当谈及华为被美国列为实体清单后，任正非笑称：没有特朗普宣传，全世界人民不会知道华为这么厉害，这么好。你觉得呢_______@燃新闻  ​  展开全文c \n#中欧关系#【华为任正非接受英国天空新闻台采访】8月16日，英国天空新闻台播出了华为创始人兼CEO任正非的专访。任正非谈及英国新首相约翰逊，认为英国不会拒绝华为5G。当谈及华为被美国列为实体清单后，任正非笑称：没有特朗普宣传，全世界人民不会知道华为这么厉害，这么好。你觉得呢_______@燃新闻 L燃新闻的秒拍视频 收起全文d\n", "author": "中欧信使", "time": "中欧信使2019年08月17日12:29 来自微博weibo.com", "transmit": " 转发 5", "comment": "评论 7", "zan": " 52"}, {"text": "\n                    【英国天空新闻台播：任正非“猛夸”特朗普：没有他宣传 全世界不会知道华为这么厉害】8月16日，英国天空新闻台播出了华为创始人兼CEO任正非的专访。任正非谈及英国新首相约翰逊，认为英国不会拒绝华为5G。当谈及华为被美国列为实体清单后，任正非笑称：没有特朗普宣传，全世界人民不会知道华为这么 ​  展开全文c \n                    【英国天空新闻台播：任正非“猛夸”特朗普：没有他宣传 全世界不会知道华为这么厉害】8月16日，英国天空新闻台播出了华为创始人兼CEO任正非的专访。任正非谈及英国新首相约翰逊，认为英国不会拒绝华为5G。当谈及华为被美国列为实体清单后，任正非笑称：没有特朗普宣传，全世界人民不会知道华为这么厉害，这么好。此外，他还提到了女儿孟晚舟。 收起全文d\n", "author": "价值投资日志", "time": "价值投资日志2019年08月17日09:53 来自iPhoneX", "transmit": " 转发 4", "comment": "评论 14", "zan": " 48"}, {"text": "\n                    【任正非“猛夸”特朗普：没有他宣传 全世界不会知道华为这么厉害】8月16日，英国天空新闻台播出了华为创始人兼CEO任正非的专访。任正非谈及英国新首相约翰逊，认为英国不会拒绝华为5G。当谈及华为被美国列为实体清单后，任正非笑称：没有特朗普宣传，全世界人民不会知道华为这么厉害，这么好。此外， ​  展开全文c \n                    【任正非“猛夸”特朗普：没有他宣传 全世界不会知道华为这么厉害】8月16日，英国天空新闻台播出了华为创始人兼CEO任正非的专访。任正非谈及英国新首相约翰逊，认为英国不会拒绝华为5G。当谈及华为被美国列为实体清单后，任正非笑称：没有特朗普宣传，全世界人民不会知道华为这么厉害，这么好。此外，他还提到了女儿孟晚舟。L燃新闻的秒拍视频 2潍坊 收起全文d\n", "author": "高密普法", "time": "高密普法2019年08月17日07:49 来自HUAWEIP30", "transmit": " 转发 8", "comment": "评论 3", "zan": " 11"}, {"text": "\n                    8月16日，英国天空新闻台播出了华为创始人兼CEO任正非的专访。任正非谈及英国新首相约翰逊，认为英国不会拒绝华为5G。当谈及华为被美国列为实体清单后，任正非笑称：没有特朗普宣传，全世界人民不会知道华为这么厉害，这么好。此外，他还提到了女儿孟晚舟。O任正非\"猛夸\"特朗普：没他 世界就不知道华为多牛 ​                ", "author": "月光博客", "time": "月光博客2019年08月17日10:42 来自微博weibo.com", "transmit": " 转发 5", "comment": "评论 8", "zan": " 24"}, {"text": "\n                    【任正非：如不让华为用安卓 出现第三种系统对美国不利】谈到被美国列为“实体清单”对华为的业务有什么影响，任正非回应称：“如果美国封锁，不让谷歌提供安卓系统给我们的话，世界上出现第三种系统，对美国称霸世界也是不利的。”（新浪科技） ​                ", "author": "福布斯中文网", "time": "福布斯中文网2019年08月17日21:14 来自iPhone客户端", "transmit": " 转发 109", "comment": "评论 120", "zan": " 577"}, {"text": "\n                    【任正非：如不让华为用安卓，#世界出现第三种系统对美国不利#】8月16日，华为创始人兼首席执行官任正非接受了英国天空电视台的专访。谈到被美国列为“实体清单”对华为的业务有什么影响，任正非回应称：“如果美国封锁，不让谷歌提供安卓系统给我们的话，世界上出现第三种系统，对美国称霸世界也是不 ​  展开全文c \n                    【任正非：如不让华为用安卓，#世界出现第三种系统对美国不利#】8月16日，华为创始人兼首席执行官任正非接受了英国天空电视台的专访。谈到被美国列为“实体清单”对华为的业务有什么影响，任正非回应称：“如果美国封锁，不让谷歌提供安卓系统给我们的话，世界上出现第三种系统，对美国称霸世界也是不利的。”任正非打比方补充称：“增加了一个‘小兄弟’，‘小兄弟’说不定要比‘老大哥’干劲大。如果‘小兄弟’跑到‘老大哥’前面去，这是有一定风险的。”O任正非：如不让华为用安卓，世界出现第三种系统，对美国不利 收起全文d\n", "author": "全景网", "time": "全景网2019年08月17日18:40", "transmit": " 转发 101", "comment": "评论 115", "zan": " 516"}, {"text": "\n                    任总说的也是大实话，哪有比特朗普这张“社交”大嘴还好的广告效应？哈哈！【任正非“猛夸”特朗普：没有他宣传 全世界不会知道华为这么厉害】8月16日，英国天空新闻台播出了华为创始人兼CEO任正非的专访。任正非谈及英国新首相约翰逊，认为英国不会拒绝华为5G。当谈及华为被美国列为实体清单 ​  展开全文c \n                    任总说的也是大实话，哪有比特朗普这张“社交”大嘴还好的广告效应？哈哈！【任正非“猛夸”特朗普：没有他宣传 全世界不会知道华为这么厉害】8月16日，英国天空新闻台播出了华为创始人兼CEO任正非的专访。任正非谈及英国新首相约翰逊，认为英国不会拒绝华为5G。当谈及华为被美国列为实体清单后，任正非笑称：没有特朗普宣传，全世界人民不会知道华为这么厉害，这么好。此外，他还提到了女儿孟晚舟。L燃新闻的秒拍视频 收起全文d\n", "author": "深度思考与分析", "time": "深度思考与分析2019年08月17日10:57", "transmit": " 转发 5", "comment": "评论 1", "zan": " 13"}, {"text": "\n                    【任正非“猛夸”特朗普：没有他宣传 全世界不会知道华为这么厉害】英国天空新闻台播出了对华为创始人兼CEO任正非的专访。提到英国新首相约翰逊，他认为英国不会拒绝华为5G。谈及华为被美国列为实体清单后，任正非笑称：没有特朗普宣传，全世界人民不会知道华为这么厉害，这么好。L燃新闻的秒拍视频 ​  展开全文c \n                    【任正非“猛夸”特朗普：没有他宣传 全世界不会知道华为这么厉害】英国天空新闻台播出了对华为创始人兼CEO任正非的专访。提到英国新首相约翰逊，他认为英国不会拒绝华为5G。谈及华为被美国列为实体清单后，任正非笑称：没有特朗普宣传，全世界人民不会知道华为这么厉害，这么好。L燃新闻的秒拍视频 ​ 收起全文d\n", "author": "微博科技", "time": "微博科技2019年08月17日18:00", "transmit": " 转发 6", "comment": "评论 7", "zan": " 34"}, {"text": "\n                    ●极力推荐｜华为总裁任正非最新战略讲话——最好的防御就是进攻！这是任总极具战略思想的一篇讲话。今天华为之所以能取得5G、鸿蒙等技术成就，之所以能抗住美国“实体清单”的碾压，都与当年任总战略眼光和战略布局有关。任总讲到，不要守成，要敢于打破既有的优势，形成新的优势。在技术上，美国 ​  展开全文c \n                    ●极力推荐｜华为总裁任正非最新战略讲话——最好的防御就是进攻！这是任总极具战略思想的一篇讲话。今天华为之所以能取得5G、鸿蒙等技术成就，之所以能抗住美国“实体清单”的碾压，都与当年任总战略眼光和战略布局有关。任总讲到，不要守成，要敢于打破既有的优势，形成新的优势。在技术上，美国不会甘于失败，要敢于投入，用最先进的工具做最先进的产品，继续抢占制高点。学会给盟友分蛋糕，用开阔的心怀看世界，不舍得拿出地盘来的人不是战略家。不要在乎一城一地的得失，走向开放，拥有的就是整个世界。#华为##任正非# 收起全文d\n", "author": "建华Wei业", "time": "建华Wei业2019年08月17日09:20 来自HUAWEIMate20Pro", "transmit": " 转发 54", "comment": "评论 19", "zan": " 97"}]