[{"text": "\n                    美国企业伟创力在年初美政府将华为列入实体清单后，，拒绝同华为合作，并扣留了其华为7亿美元物资一个月，随后华为将代工转交给富士康和比亚迪，伟创力大量员工放假，其长沙工厂直接转让给了比亚迪，珠海伟创力员工说6月开始裁员，赔偿方案是N+1，一般底薪是2000元。 ​                ", "author": "卢克文", "time": "卢克文2019年08月03日09:40 来自iPhone客户端", "transmit": " 转发 20", "comment": "评论 124", "zan": " 571"}]