[{"text": "\n华为拟制定连接器标准、全力推进自主可控----------------自被美国政府列入“实体清单”后，华为高度重视核心技术和基础器件的可控性和安全性，不断加快产品软硬件的国产替代速度。据业内人士透露，华为正计划制定连接器标准，实现连接器的自主可控。点评：连接器可以形象地理解为一座传输信号和能 ​  展开全文c \n华为拟制定连接器标准、全力推进自主可控----------------自被美国政府列入“实体清单”后，华为高度重视核心技术和基础器件的可控性和安全性，不断加快产品软硬件的国产替代速度。据业内人士透露，华为正计划制定连接器标准，实现连接器的自主可控。点评：连接器可以形象地理解为一座传输信号和能量的桥梁，在通讯、军工、汽车等行业有重要应用。从华为海思芯片的“转正”，到鸿蒙系统的即将面世，再到即将推出的连接器标准，华为自主可控一直在路上，追求核心技术和重要元件国产化的步伐从未停止。业内人士预计，华为将逐步减弱对外国供应商的依赖程度，选择拥抱拥有技术优势的国产连接器龙头企业，如立讯精密（002475）、得润电子（002055）、太辰光（300570）等。 收起全文d\n", "author": "二狗子炒股", "time": "二狗子炒股2019年07月11日22:38 来自360安全浏览器", "transmit": " 转发 7", "comment": "评论 8", "zan": " 46"}, {"text": "\n                    【商务部回应华为仍在美管制清单：停止打压中国企业】在商务部今日举行的例行发布会上，新闻发言人高峰表示：我们注意到华为公司等有关中国市场实体仍然在美国出口管制清单上，我们敦促美方真正落实承诺，尽快停止动用国家力量打压中国企业的错误做法……详情点击：O商务部回应华为仍在美管制清单：停止打压中国企业 ​                ", "author": "IT之家", "time": "IT之家2019年07月11日17:02 来自IT之家", "transmit": " 转发 4", "comment": "评论 6", "zan": " 10"}]