[{"text": "\n                    【独家|Arm总裁：希望全球供应链能继续存在下去】华为被美国政府纳入实体清单以来，英国芯片架构企业Arm的高管首度对外发声，称非常重视与华为和海思的关系，正在评估各种可行的解决方案 O独家|Arm总裁：希望全球供应链能继续存在下去 ​                ", "author": "财新网", "time": "财新网2019年06月19日11:40 来自财新网", "transmit": " 转发 10", "comment": "评论 11", "zan": " 25"}, {"text": "\n                    【继高通、英特尔之后！ARM总裁首次表态:非常重视与华为和海思的关系】据财新网报道，华为被美国当局纳入实体清单以来，英国芯片架构企业ARM的高管首度对外发声，称非常重视与华为和海思的关系，正在评估各种可行的解决方案，希望尽快解决。看来离开华为这个庞大客户，欧美很多企业都受不了！#华为# ​                ", "author": "建华Wei业", "time": "建华Wei业2019年06月19日14:12 来自手机超话", "transmit": " 转发 38", "comment": "评论 36", "zan": " 152"}, {"text": "\n                    【Arm总裁：希望全球供应链能继续存在下去】据财新报道，华为被美国政府纳入实体清单以来，英国芯片架构企业Arm的高管首度对外发声，称非常重视与华为和海思的关系，正在评估各种可行的解决方案。#华为回应ARM暂停合作# ​                ", "author": "价值投资日志", "time": "价值投资日志2019年06月19日11:52 来自iPhone客户端", "transmit": " 转发 19", "comment": "评论 8", "zan": " 18"}]