[{"text": "\n                    【任正非：华为一年前就受实体清单管制】#任正非接受采访# 时表示，华为在一年前就受实体清单管制了。在美国生产的零部件已经不能供给华为。“美国企业不能不遵守美国法律。媒体要为美国企业说话，美国企业和我们是同呼吸共命运的。”O任正非：华为一年前就受到美国实体清单管制 ​                ", "author": "新浪科技", "time": "新浪科技2019年05月21日09:14 来自专业版微博", "transmit": " 转发 4416", "comment": "评论 732", "zan": " 12414"}, {"text": "\n                    【美国制裁华为令多少美企受伤？33家脸都绿了：至少110亿美元没了】5月21日，美国决定对华为的禁令延迟90天实施，理由是华为及其商业伙伴需时间处理一些合同义务问题。此前美方宣布将华为列入“实体清单”后，华为美方的供应商股价闻讯大跌，此外仅2018年华为在美采购就达110亿美元，制裁华为意 ​  展开全文c \n                    【美国制裁华为令多少美企受伤？33家脸都绿了：至少110亿美元没了】5月21日，美国决定对华为的禁令延迟90天实施，理由是华为及其商业伙伴需时间处理一些合同义务问题。此前美方宣布将华为列入“实体清单”后，华为美方的供应商股价闻讯大跌，此外仅2018年华为在美采购就达110亿美元，制裁华为意味着它们将损失至少百亿订单。L时间财经的秒拍视频 收起全文d\n", "author": "新浪财经", "time": "新浪财经2019年05月21日15:45 来自微博weibo.com", "transmit": " 转发 111", "comment": "评论 288", "zan": " 342"}, {"text": "\n                    【任正非：华为不会轻易排除美国芯片，不能孤立于世界】5月21日，华为创始人任正非在深圳华为总部接受中国媒体采访。这是美国商务部工业与安全局(BIS)15日宣布将华为列入所谓“实体清单”，要求任何向华为出售产品的美国公司必须获得许可特批后，任正非首次接受国内媒体采访。采访开始前数小时，美国商 ​  展开全文c \n                    【任正非：华为不会轻易排除美国芯片，不能孤立于世界】5月21日，华为创始人任正非在深圳华为总部接受中国媒体采访。这是美国商务部工业与安全局(BIS)15日宣布将华为列入所谓“实体清单”，要求任何向华为出售产品的美国公司必须获得许可特批后，任正非首次接受国内媒体采访。采访开始前数小时，美国商务部宣布对华为禁令推迟90天实施。 任正非在回答记者提问时表示，我们不会轻易狭隘地排除美国芯片，要共同成长，但是如果出现供应困难的时候，我们有备份。我们在“和平时期”都是一半来自美国芯片，一半来自华为，我们不能孤立于世界。#任正非 华为不会轻易排除美国芯片# 收起全文d\n", "author": "环球时报", "time": "环球时报2019年05月21日09:26", "transmit": " 转发 91", "comment": "评论 99", "zan": " 559"}, {"text": "\n#任正非回应美宣布对华为禁令推迟90天实施#【美宣布对华为禁令推迟90天实施，任正非：这不是很重要，我们已准备好】5月21日，华为创始人任正非中国媒体圆桌会在深圳华为总部举行。这是美国商务部工业与安全局(BIS)15日宣布将华为列入所谓“实体清单”，要求任何向华为出售产品的美国公司必须获得许可特 ​  展开全文c \n#任正非回应美宣布对华为禁令推迟90天实施#【美宣布对华为禁令推迟90天实施，任正非：这不是很重要，我们已准备好】5月21日，华为创始人任正非中国媒体圆桌会在深圳华为总部举行。这是美国商务部工业与安全局(BIS)15日宣布将华为列入所谓“实体清单”，要求任何向华为出售产品的美国公司必须获得许可特批后，任正非首次接受国内媒体采访。　　在采访开始前数小时，美国商务部宣布对华为的禁令推迟90天实施，给华为及其合作伙伴90天的临时许可。对此，任正非表示，这不是很重要，我们已准备好。#任正非回应热点# #任正非回应美国禁令# #任正非回应90天临时执照# O美宣布对华为禁令推迟90天实施，任正非：这不是很重要，我们已准备好 收起全文d\n", "author": "环球网", "time": "环球网2019年05月21日09:10 来自微博weibo.com", "transmit": " 转发 157", "comment": "评论 209", "zan": " 669"}, {"text": "\n                    【任正非：在最高点上我们和美国有冲突】美国商务部工业与安全局宣布将华为列入所谓“实体清单”后，#任正非接受采访# 时表示，我们牺牲了个人、家庭，是我们为了一个理想，在最高点上，我们和美国有冲突，但最终还是要一起为人类做贡献。@环球网 O任正非：在最高点上我们和美国有冲突 ​                ", "author": "新浪科技", "time": "新浪科技2019年05月21日09:44 来自专业版微博", "transmit": " 转发 13", "comment": "评论 12", "zan": " 65"}, {"text": "\n                    【制裁华为令多少美企受伤？33家美企脸绿了：至少110亿美元没了】5月21日，美国决定对华为的禁令延迟90天实施，理由是华为及其商业伙伴需时间处理一些合同义务问题。此前美方宣布将华为列入“实体清单”后，华为美方的供应商股价闻讯大跌，此外仅2018年华为在美采购就达110亿美元，制裁华为意味着它们 ​  展开全文c \n                    【制裁华为令多少美企受伤？33家美企脸绿了：至少110亿美元没了】5月21日，美国决定对华为的禁令延迟90天实施，理由是华为及其商业伙伴需时间处理一些合同义务问题。此前美方宣布将华为列入“实体清单”后，华为美方的供应商股价闻讯大跌，此外仅2018年华为在美采购就达110亿美元，制裁华为意味着它们将损失至少百亿订单。@时间财经 L时间财经的秒拍视频 收起全文d\n", "author": "检察日报", "time": "检察日报2019年05月21日15:40 来自微博weibo.com", "transmit": " 转发 51", "comment": "评论 10", "zan": " 10"}, {"text": "\n#任正非回应热点问题#  【任正非：美国企业还是很帮助我们的 要骂就骂美国政府】21日任正非称，得道多助失道寡助，美国企业还是很帮助我们的。（华为）在一年前就受实体清单管制了。在美国生产的零部件已经不能供给华为了。“美国企业不能不遵守美国法律。媒体要为美国企业说话，美国企业和我们是同呼 ​  展开全文c \n#任正非回应热点问题#  【任正非：美国企业还是很帮助我们的 要骂就骂美国政府】21日任正非称，得道多助失道寡助，美国企业还是很帮助我们的。（华为）在一年前就受实体清单管制了。在美国生产的零部件已经不能供给华为了。“美国企业不能不遵守美国法律。媒体要为美国企业说话，美国企业和我们是同呼吸共命运的。要骂就骂美国政府。” 收起全文d\n", "author": "雪球", "time": "雪球2019年05月21日10:07 来自专业版微博", "transmit": " 转发 39", "comment": "评论 7", "zan": " 55"}, {"text": "\n                    【任正非：华为要拥抱世界 依靠全球创新】从被美国商务部列入出口管制“实体清单”，到谷歌暂停部分业务往来，华为公司在过去一周再次成为世界关注的焦点。华为公司创始人、CEO任正非21日在深圳华为总部接受媒体采访时说，“要拥抱世界，依靠全球创新”，包括海思芯片在内的华为技术创新，始终建立在积 ​  展开全文c \n                    【任正非：华为要拥抱世界 依靠全球创新】从被美国商务部列入出口管制“实体清单”，到谷歌暂停部分业务往来，华为公司在过去一周再次成为世界关注的焦点。华为公司创始人、CEO任正非21日在深圳华为总部接受媒体采访时说，“要拥抱世界，依靠全球创新”，包括海思芯片在内的华为技术创新，始终建立在积极吸纳全球科技创新的成果之上。美国科技的深度和广度，仍然值得华为学习，华为高度尊重知识产权。详情>>>O网页链接 收起全文d\n", "author": "新华社中国网事", "time": "新华社中国网事2019年05月21日22:08 来自微博weibo.com", "transmit": " 转发 14", "comment": "评论 ", "zan": " 60"}, {"text": "\n                    【#起底美国出口管制“黑名单”#：261家中企被纳入，连续打压中国5G，华为是否会断供？】美国出口管制“实体清单”是什么？对科技界有何影响？清单纳入了多少中国企业？中企占多大比例？近年为何连续打压中国5G？实体清单有哪些措施？一文看懂>>>>O起底美国出口管制“黑名单”：261家中企被纳入，连续打压中国5G，华为是否会断供？ ​                ", "author": "21世纪经济报道", "time": "21世纪经济报道2019年05月21日16:38 来自21财经", "transmit": " 转发 25", "comment": "评论 ", "zan": " 26"}, {"text": "\n#华为芯片可以不依赖美国供应链#【为华为芯片发声燃爆全国的何庭波是谁？她曾在湖南师大附中学习生活6年】现任华为董事会成员的何庭波曾在湖南师大附中学习生活了6年，她在给员工的信中写道，多年前，华为打造了无数 \" 备胎 \" 芯片。在华为被列入美国商务部工业和安全局 \" 实体清单 \" 这样的极端情况下 ​  展开全文c \n#华为芯片可以不依赖美国供应链#【为华为芯片发声燃爆全国的何庭波是谁？她曾在湖南师大附中学习生活6年】现任华为董事会成员的何庭波曾在湖南师大附中学习生活了6年，她在给员工的信中写道，多年前，华为打造了无数 \" 备胎 \" 芯片。在华为被列入美国商务部工业和安全局 \" 实体清单 \" 这样的极端情况下，确保了大部分产品的连续供应 \"。成功终结华为 \" 无芯之痛 \"，有网友直呼 \" 燃 \"！。 收起全文d\n", "author": "潇湘晨报", "time": "潇湘晨报2019年05月21日15:06 来自九亿少女的iPhone8Plus（银色）", "transmit": " 转发 7", "comment": "评论 23", "zan": " 65"}]