[{"text": "\n                    【ARM 创始人谈华为被列入实体清单：长期将伤害 ARM、谷歌及美国工业】因为 ARM 部分技术是在美国研发的，同样也要遵守美国法律，所以断绝与华为业务也是不得已的。对此 ARM 发言人在一份最新声明中表示：“ARM 正在遵守美国提出的最新限制，并正在与相关机构进行持续对话，以确保我们合规。ARM 重视与 ​  展开全文c \n                    【ARM 创始人谈华为被列入实体清单：长期将伤害 ARM、谷歌及美国工业】因为 ARM 部分技术是在美国研发的，同样也要遵守美国法律，所以断绝与华为业务也是不得已的。对此 ARM 发言人在一份最新声明中表示：“ARM 正在遵守美国提出的最新限制，并正在与相关机构进行持续对话，以确保我们合规。ARM 重视与我们的长期合作伙伴海思的关系，我们希望迅速解决这个问题。”华为发言人表示：“我们重视与合作伙伴的密切关系，但也认识到，其中一些合作伙伴因为某些决策而面临压力。我们相信这一令人遗憾的局面能够得到解决，我们的首要任务仍然是继续向全球客户提供世界级的技术和产品。” 收起全文d\n", "author": "爱否科技官方", "time": "爱否科技官方2019年06月05日17:34 来自微博weibo.com", "transmit": " 转发 11", "comment": "评论 59", "zan": " 277"}]