[{"text": "\n                    【禁运逼出中国的世界第一！美国为什么突然将5家中国实体列入管制清单？】美国商务部当地时间21日以国家安全关切为由，将中科曙光和江南计算技术研究所等5家中国实体列入出口管制“实体清单”，禁止它们从美国供应商采购零部件。相关决定于6月24日生效。这是继将华为公司列入“实体清单”后，美国对中 ​  展开全文c \n                    【禁运逼出中国的世界第一！美国为什么突然将5家中国实体列入管制清单？】美国商务部当地时间21日以国家安全关切为由，将中科曙光和江南计算技术研究所等5家中国实体列入出口管制“实体清单”，禁止它们从美国供应商采购零部件。相关决定于6月24日生效。这是继将华为公司列入“实体清单”后，美国对中国企业采取的又一起单边制裁行动。此次被列入“实体清单”的中国企业，主要业务与开发超级计算机有关。超级计算机为何备受国际关注？我国的超算进展如何？本文将一一解答。此外，针对中美超算博弈的几个战略性问题，库叔分享中国工程院院士李国杰的一篇文章，库友们可以点击二条进行详细的了解。（来源:瞭望智库 作者:易芳）O网页链接 收起全文d\n", "author": "新财富杂志", "time": "新财富杂志2019年06月25日19:35 来自微博weibo.com", "transmit": " 转发 17", "comment": "评论 7", "zan": " 27"}]