[{"text": "\n                    【#任正非称华为芯片比美国先进#：美国实体清单不是死亡威胁】近期，任正非接受加拿大《环球邮报》采访，根据华为心声社区公布的采访纪要，任正非称他最关注的不是芯片，而是过去忽略的没有太大技术含量的某些零部件，更换它们会对产能有些影响。华为的芯片其实比美国的先进，所有核心的尖端芯片，都可 ​  展开全文c \n                    【#任正非称华为芯片比美国先进#：美国实体清单不是死亡威胁】近期，任正非接受加拿大《环球邮报》采访，根据华为心声社区公布的采访纪要，任正非称他最关注的不是芯片，而是过去忽略的没有太大技术含量的某些零部件，更换它们会对产能有些影响。华为的芯片其实比美国的先进，所有核心的尖端芯片，都可以完全自己供给，所以美国的实体清单对华为没有死亡威胁。@老板联播 L老板联播的秒拍视频 收起全文d\n", "author": "梨视频", "time": "梨视频2019年06月30日19:57", "transmit": " 转发 53", "comment": "评论 137", "zan": " 621"}, {"text": "\n                    【任正非最新采访，联邦快递、实体清单、孟晚舟事件、征收专利费、加拿大投资等都谈了】6月29日下午，华为心声社区发布了日前任正非在接受加拿大《环球邮报》采访时的纪要。在采访中，任正非就联邦快递、实体清单、华为专利费、5G、孟晚舟事件、加拿大投资等众多问题进行了解答。O任正非最新采访，联邦快递、实体清单、孟晚舟事件、征收专利费、加拿大投资等都谈了  ​  展开全文c \n                    【任正非最新采访，联邦快递、实体清单、孟晚舟事件、征收专利费、加拿大投资等都谈了】6月29日下午，华为心声社区发布了日前任正非在接受加拿大《环球邮报》采访时的纪要。在采访中，任正非就联邦快递、实体清单、华为专利费、5G、孟晚舟事件、加拿大投资等众多问题进行了解答。O任正非最新采访，联邦快递、实体清单、孟晚舟事件、征收专利费、加拿大投资等都谈了 O任正非最新采访，联邦快递、实体清单、孟晚舟事件等都谈了 收起全文d\n", "author": "每日经济新闻", "time": "每日经济新闻2019年06月30日08:15 来自微博weibo.com", "transmit": " 转发 54", "comment": "评论 12", "zan": " 135"}, {"text": "\n                    【#任正非称华为芯片比美国先进#：美国实体清单不是死亡威胁】近期，任正非接受加拿大《环球邮报》采访，根据华为心声社区公布的采访纪要，任正非称他最关注的不是芯片，而是过去忽略的没有太大技术含量的某些零部件，更换它们会对产能有些影响。华为的芯片其实比美国的先进，所有核心的尖端芯片，都可 ​  展开全文c \n                    【#任正非称华为芯片比美国先进#：美国实体清单不是死亡威胁】近期，任正非接受加拿大《环球邮报》采访，根据华为心声社区公布的采访纪要，任正非称他最关注的不是芯片，而是过去忽略的没有太大技术含量的某些零部件，更换它们会对产能有些影响。华为的芯片其实比美国的先进，所有核心的尖端芯片，都可以完全自己供给，所以美国的实体清单对华为没有死亡威胁。L老板联播的秒拍视频 收起全文d\n", "author": "老板联播", "time": "老板联播2019年06月30日18:52 来自微博weibo.com", "transmit": " 转发 111", "comment": "评论 124", "zan": " 667"}, {"text": "\n                    【#任正非称华为芯片比美国先进#：美国实体清单不是死亡威胁】近期，任正非接受加拿大《环球邮报》采访，根据华为心声社区公布的采访纪要，任正非称他最关注的不是芯片，而是过去忽略的没有太大技术含量的某些零部件，更换它们会对产能有些影响。华为的芯片其实比美国的先进，所有核心的尖端芯片，都 ​  展开全文c \n                    【#任正非称华为芯片比美国先进#：美国实体清单不是死亡威胁】近期，任正非接受加拿大《环球邮报》采访，根据华为心声社区公布的采访纪要，任正非称他最关注的不是芯片，而是过去忽略的没有太大技术含量的某些零部件，更换它们会对产能有些影响。华为的芯片其实比美国的先进，所有核心的尖端芯片，都可以完全自己供给，所以美国的实体清单对华为没有死亡威胁。L老板联播的秒拍视频 收起全文d\n", "author": "雪球", "time": "雪球2019年06月30日22:17", "transmit": " 转发 80", "comment": "评论 67", "zan": " 311"}, {"text": "\n                    【#任正非称华为芯片比美国先进#：美国实体清单不是死亡威胁】近期，任正非接受加拿大《环球邮报》采访，根据华为心声社区公布的采访纪要，任正非称他最关注的不是芯片，而是过去忽略的没有太大技术含量的某些零部件，更换它们会对产能有些影响。华为的芯片其实比美国的先进，所有核心的尖端芯 ​  展开全文c \n                    【#任正非称华为芯片比美国先进#：美国实体清单不是死亡威胁】近期，任正非接受加拿大《环球邮报》采访，根据华为心声社区公布的采访纪要，任正非称他最关注的不是芯片，而是过去忽略的没有太大技术含量的某些零部件，更换它们会对产能有些影响。华为的芯片其实比美国的先进，所有核心的尖端芯片，都可以完全自己供给，所以美国的实体清单对华为没有死亡威胁。L老板联播的秒拍视频 收起全文d\n", "author": "虎嗅APP", "time": "虎嗅APP2019年06月30日19:36", "transmit": " 转发 68", "comment": "评论 93", "zan": " 620"}, {"text": "\n                    【任正非最新采访，联邦快递、征收专利费、加拿大投资等都谈了】6月29日下午，华为心声社区发布了日前任正非在接受加拿大《环球邮报》采访时的纪要。在采访中，任正非就联邦快递、实体清单、华为专利费、5G、孟晚舟事件、加拿大投资等众多问题进行了解答。O网页链接 ​                ", "author": "香港商報網", "time": "香港商報網2019年06月30日11:55 来自微博weibo.com", "transmit": " 转发 59", "comment": "评论 8", "zan": " 170"}, {"text": "\n                    【任正非:没孟晚舟事件 加拿大或成华为理论研究中心】6月29日，华为心声社区发布了日前任正非在接受加拿大《环球邮报》采访时的纪要，在采访中，任正非就联邦快递、实体清单、华为专利费、5G、孟晚舟事件、加拿大投资等众多问题进行了解答。在采访中任正非表示，“如果不发生这次和美国的冲突，也不发 ​  展开全文c \n                    【任正非:没孟晚舟事件 加拿大或成华为理论研究中心】6月29日，华为心声社区发布了日前任正非在接受加拿大《环球邮报》采访时的纪要，在采访中，任正非就联邦快递、实体清单、华为专利费、5G、孟晚舟事件、加拿大投资等众多问题进行了解答。在采访中任正非表示，“如果不发生这次和美国的冲突，也不发生和加拿大的冲突，可能加拿大会成为我们的世界理论科研中心。”“（现在）方向没有改变，但是步伐改变了，我们还是坚持在加拿大投资发展不变。”任正非还称，加拿大司法部长终止引渡程序是积极的、明智的、合法的，大家不要纠结在孟晚舟问题上，挫伤了两国关系、挫伤了两国人民的关系、挫伤了发展机会。我个人心胸还是比较宽广的，不因为我的家人受难了，就对加拿大有不同的看法。今年我们在加拿大还是增加了许多研究人员，还是在继续投资，没有干预改变他们的步伐。我只是认为，孟晚舟问题遵循加拿大法律来解决，当前应该是一个解决的最好时机，双方应该把这个套子解开，解开的方法可以讨论很多种，当前司法部长是可以有作为的。（每日经济新闻）O任正非接受加拿大《环球邮报》采访实录：华为不怕实体清单的打击，财务报表比预测要好 收起全文d\n", "author": "习五一", "time": "习五一2019年06月30日10:12 来自iPhone8Plus", "transmit": " 转发 24", "comment": "评论 79", "zan": " 374"}, {"text": "\n                    6月27日任正非接受了加拿大《环球邮报》采访时的纪要，在采访中，任正非谈到，华为不怕美国实体清单的打击，所有核心的尖端芯片，都可以完全自己供给。 ​                ", "author": "刹那数码", "time": "刹那数码2019年06月30日09:48", "transmit": " 转发 27", "comment": "评论 128", "zan": " 541"}, {"text": "\n                    據說很多人又説中或贏。這其實很容易量化。5月破裂後發生了什麼？1，2000億加25%稅，2，華為列入實體名單，3，要脅如果不見面就加其餘3000億的稅。4，中斷談判。今天的結果是，1，已加的25%稅維持，2，可以出口給華為（下周二才會知道是退出實體清單，還是維持實體清單，只給出口許可證），3，既然見 ​  展开全文c \n                    據說很多人又説中或贏。這其實很容易量化。5月破裂後發生了什麼？1，2000億加25%稅，2，華為列入實體名單，3，要脅如果不見面就加其餘3000億的稅。4，中斷談判。今天的結果是，1，已加的25%稅維持，2，可以出口給華為（下周二才會知道是退出實體清單，還是維持實體清單，只給出口許可證），3，既然見面了就不加其餘3000億。4，重啟談判。所以，究竟具體贏了什麼？贏了時間這些預設立場說法沒意義。如果，已加的25%被撤銷，把華為退出禁制實體清單，那事情才算打平回到5月破裂前，也就是説，到了美國作出讓步的今天，他還是賺了個2000億的25%稅做籌碼。不過週一市場的第一反應應該還是會比較歡欣鼓舞的，市場不管你誰贏，關鍵要局勢穩定。但歡呼過後的市場走向還是會受制於各種變數和對變數的擔憂。我相信不論是中美雙方還是市場在接下來的談判過程中都會對對方多了戒心，少了信任。遇上一個不按牌理出牌的對手，吃過幾次被極限施壓打個措手不及的虧，很明顯，這次吸取了教訓，甚至還會以其人之道還治其人之身了，例如這次臨門突然甩出的虛虛實實三張牌，撤銷全部關稅和撤銷華為是一半成功率的，不強制買買買其實是沒所謂的。最後結果是實現了最關鍵的那張，就是可能暫時放過華為。以後雙方的玩法會更精彩的。 收起全文d\n", "author": "GZ澤澤在HK", "time": "GZ澤澤在HK2019年06月30日01:15 来自小米MIX概念手机", "transmit": " 转发 272", "comment": "评论 195", "zan": " 1425"}, {"text": "\n                    【任正非：美国实体清单对我们没有死亡威胁】外界最关注芯片，任正非最关注的却不是芯片。他表示，“因为我们自己的芯片其实比美国的先进。所以，美国的实体清单对我们没有死亡威胁。” 此外，任正非也对加拿大投资首次做了介绍，华为准备在多伦多、渥太华、蒙特利尔、温哥华买土地，建新的研发中心。 ​  展开全文c \n                    【任正非：美国实体清单对我们没有死亡威胁】外界最关注芯片，任正非最关注的却不是芯片。他表示，“因为我们自己的芯片其实比美国的先进。所以，美国的实体清单对我们没有死亡威胁。” 此外，任正非也对加拿大投资首次做了介绍，华为准备在多伦多、渥太华、蒙特利尔、温哥华买土地，建新的研发中心。华为坚持在加拿大投资发展不变，至少有几十亿美元的投资。 收起全文d\n", "author": "IT互联网资讯", "time": "IT互联网资讯2019年06月30日12:26", "transmit": " 转发 815", "comment": "评论 867", "zan": " 1860"}, {"text": "\n                    【任正非接受加拿大《环球邮报》采访：美国肯定建不成先进的信息网络，因为我们不会在美国销售5G，您同意吗？】6月27日，华为创始人、CEO任正非接受加拿大《环球邮报》采访。任正非判断，美国不会取消实体清单。他说：“并不是因为我们犯了什么错误惩罚我们，而是美国想要消灭我们，才把我们放入实体 ​  展开全文c \n                    【任正非接受加拿大《环球邮报》采访：美国肯定建不成先进的信息网络，因为我们不会在美国销售5G，您同意吗？】6月27日，华为创始人、CEO任正非接受加拿大《环球邮报》采访。任正非判断，美国不会取消实体清单。他说：“并不是因为我们犯了什么错误惩罚我们，而是美国想要消灭我们，才把我们放入实体清单。我认为，美国是‘欲加之罪，何患无辞’，所以美国短期内应该不会处理这个问题的。” 在孟晚舟问题上，任正非认为，当前应该是解决问题的最好时机，解决的方法也有很多种，关键看司法部长是否愿意作为。 任正非还表示，现在美国建不成先进的信息网络，落后是注定的，因为华为不会卖5G设备给美国。 收起全文d\n", "author": "价值投资日志", "time": "价值投资日志2019年06月30日10:55 来自iPhone客户端", "transmit": " 转发 39", "comment": "评论 159", "zan": " 501"}]