[{"text": "\n                    【台积电凭啥力挺华为？或与这一数字有关】华为芯片的制造商，台湾晶圆代工龙头台积电一周来二度表态对华为出货不变，台《中时电子报》认为，这是台积电力挺华为 “无惧老美！”为什么台积电可以继续出货给华为？台湾《天下杂志》指出，因为在华为被列入美国“实体清单”后，海外制造品，只要其源自 ​  展开全文c \n                    【台积电凭啥力挺华为？或与这一数字有关】华为芯片的制造商，台湾晶圆代工龙头台积电一周来二度表态对华为出货不变，台《中时电子报》认为，这是台积电力挺华为 “无惧老美！”为什么台积电可以继续出货给华为？台湾《天下杂志》指出，因为在华为被列入美国“实体清单”后，海外制造品，只要其源自美国的内容不超过上限就仍可以继续出售，对大陆，这一上限值是25%。虽然台积电蚀刻、CMP制程多半来自美国设备大厂，但考虑到台积电研发团队、主要管理人力全数在台湾，那最后算起来，“美国成分”的确很可能低于25%。台积电还称，“（出口贸易管制）不只这个25%规则，还有其他规则，我们有内部外销管理系统追踪与监测所有出货，来确保我们符合规则。” 一名台湾科技产业分析师说，今年上半年海思狂下台积16纳米订单，几乎救了台积今年第一、第二季业绩。分析师圈都在讨论华为这是要干什么，现在突然一切豁然开朗。“备货是有原因的，就像珍珠港事件之前一样。” O台积电为何能供货华为？台媒：或与这一数字有关 收起全文d\n", "author": "观察者网", "time": "观察者网2019年05月23日23:20 来自微博weibo.com", "transmit": " 转发 136", "comment": "评论 311", "zan": " 487"}, {"text": "\n                    【美科技公司InterDigital称可向华为授权其5G网络技术】InterDigital公司发言人对外媒表示，华为被加入“实体清单”并不妨碍该公司与华为签订专利许可协议，因为他们的专利涉及公开的技术，因此超出了美国出口管制法的范围。另外，美国一些专利律师表示，高通可能也可以这样做。O美科技公司InterDigital称可向华为授权其5G网络技术 ​                ", "author": "新浪科技", "time": "新浪科技2019年05月23日11:19 来自微博weibo.com", "transmit": " 转发 17", "comment": "评论 41", "zan": " 62"}, {"text": "\n#东芝声明 未停止与华为合作#【东芝声明：未停止与华为合作，正按“实体清单”确认部分产品是否不符合要求】刚刚，东芝中国在官网发表声明，否认停止与华为合作，强调东芝将为中国社会可持续发展贡献绵薄之力。以下为东芝声明全文：5月22日-23日,有部分媒体刊登报道,声称上海东芝公司已在内部宣布,停 ​  展开全文c \n#东芝声明 未停止与华为合作#【东芝声明：未停止与华为合作，正按“实体清单”确认部分产品是否不符合要求】刚刚，东芝中国在官网发表声明，否认停止与华为合作，强调东芝将为中国社会可持续发展贡献绵薄之力。以下为东芝声明全文：5月22日-23日,有部分媒体刊登报道,声称上海东芝公司已在内部宣布,停止与华为的合作。报道中所说的“上海东芝公司”并不存在。东芝集团按照美国实体名单(Entity List),正在确认部分产品是否不符合其要求,但并未停止与华为的合作。东芝一直严格遵守所在国家和地区的法律法规开展各项业务,今后东芝还将继续以科技为导向,为中国社会的可持续发展贡献绵薄之力!O东芝声明：未停止与华为合作，正按“实体清单”确认部分产品是否不... http://mapi/6486a91aly1g3bfa6b6z4j20wf0mltsg 收起全文d\n", "author": "环球网", "time": "环球网2019年05月23日18:23", "transmit": " 转发 31", "comment": "评论 44", "zan": " 145"}, {"text": "\n                    【台积电：对华为海思的出货不变】美国商务部将华为列入出口管制实体清单中，许多半导体厂已表达恐怕无法对华为出货，不过，晶圆代工龙头台积电昨日重申，对华为海思的出货不变。据台湾中时电子报报道，台积电表示，台积电内部有严格的尽职控管（Due Diligence）流程，经过评估后认为，出货给华为海思 ​  展开全文c \n                    【台积电：对华为海思的出货不变】美国商务部将华为列入出口管制实体清单中，许多半导体厂已表达恐怕无法对华为出货，不过，晶圆代工龙头台积电昨日重申，对华为海思的出货不变。据台湾中时电子报报道，台积电表示，台积电内部有严格的尽职控管（Due Diligence）流程，经过评估后认为，出货给华为海思并没有违返国际贸易法规，所以将会持续出货给华为海思。 收起全文d\n", "author": "时事-辩论", "time": "时事-辩论2019年05月23日13:52 来自专业版微博", "transmit": " 转发 4", "comment": "评论 6", "zan": " 36"}, {"text": "\n                    暂停向华为供货？ 东芝最新回应来了！东芝声明回击谣言：未停止与华为合作，正按“实体清单”确认部分产品是否不符合要求！刚刚，东芝中国在官网发表声明，否认停止与华为合作，强调东芝将为中国社会可持续发展贡献绵薄之力。以下为东芝声明全文：5月22日-23日,有部分媒体刊登报道,声称上海东芝公 ​  展开全文c \n                    暂停向华为供货？ 东芝最新回应来了！东芝声明回击谣言：未停止与华为合作，正按“实体清单”确认部分产品是否不符合要求！刚刚，东芝中国在官网发表声明，否认停止与华为合作，强调东芝将为中国社会可持续发展贡献绵薄之力。以下为东芝声明全文：5月22日-23日,有部分媒体刊登报道,声称上海东芝公司已在内部宣布,停止与华为的合作。报道中所说的“上海东芝公司”并不存在。东芝集团按照美国实体名单(Entity List),正在确认部分产品是否不符合其要求,但并未停止与华为的合作。东芝一直严格遵守所在国家和地区的法律法规开展各项业务,今后东芝还将继续以科技为导向,为中国社会的可持续发展贡献绵薄之力!O东芝声明：未停止与华为合作，正按“实体清单”确认部分产品是否不符合要求 收起全文d\n", "author": "HW前HR", "time": "HW前HR2019年05月23日19:05 来自HUAWEIP30Pro", "transmit": " 转发 18", "comment": "评论 58", "zan": " 96"}, {"text": "\n                    【不惧美国，松下、台积电对华为不断供！外交部：“心胸有多大，天地就有多大” 】此前，美国商务部正式将华为列入“实体清单”，禁止美企向华为出售相关技术和产品，意图切断华为供应链，令其“无货可卖”。在美国特朗普政府的强压下，对华为的“禁令”进一步蔓延，全球越来越多的公司暂停了与华为的 ​  展开全文c \n                    【不惧美国，松下、台积电对华为不断供！外交部：“心胸有多大，天地就有多大” 】此前，美国商务部正式将华为列入“实体清单”，禁止美企向华为出售相关技术和产品，意图切断华为供应链，令其“无货可卖”。在美国特朗普政府的强压下，对华为的“禁令”进一步蔓延，全球越来越多的公司暂停了与华为的部分业务。5月23日，市场传出更多暂停和华为合作的厂商信息，比如总部位于英国的芯片设计公司ARM，日本三大电信商宣布暂停发售华为手机等。来看看最新进展，看华为如何应对。O不惧美国，松下、台积电对华为不断供！外交部：“心胸有多大，天地就有多大” 收起全文d\n", "author": "和讯网", "time": "和讯网2019年05月23日20:04 来自微博weibo.com", "transmit": " 转发 10", "comment": "评论 18", "zan": " 28"}, {"text": "\n                    【#华为内部员工信##华为# EDA和IP不会是华为保卫战的“缺口”】深藏功与名的华为，可能一直要处于“事难了难拂衣”的境地了。自5月16日华为被列入所谓“实体清单”以来，美国一意孤行发动对华为的全面攻击，在气急败坏背后藏着路人皆知的野心，使得华为成为美国对中国全面打压和遏制的一个“高点” ​  展开全文c \n                    【#华为内部员工信##华为# EDA和IP不会是华为保卫战的“缺口”】深藏功与名的华为，可能一直要处于“事难了难拂衣”的境地了。自5月16日华为被列入所谓“实体清单”以来，美国一意孤行发动对华为的全面攻击，在气急败坏背后藏着路人皆知的野心，使得华为成为美国对中国全面打压和遏制的一个“高点”。OEDA和IP不会是华为保卫战的“缺口” 收起全文d\n", "author": "集微网官网", "time": "集微网官网2019年05月23日21:16 来自iPhone客户端", "transmit": " 转发 28", "comment": "评论 ", "zan": " 16"}]