[{"text": "\n                    【华为发布声明：“临时通用许可证”没有改变华为被不公正对待的事实 经营受到的实质性影响有限】8月19日晚间，华为针对美国商务部延期“临时通用许可证”做出声明，表示反对美国商务部将另外46家华为实体列入实体清单，美国选择在这个时间点做出这个决定，再次证明该决定是政治驱动的结果，与美国国家 ​  展开全文c \n                    【华为发布声明：“临时通用许可证”没有改变华为被不公正对待的事实 经营受到的实质性影响有限】8月19日晚间，华为针对美国商务部延期“临时通用许可证”做出声明，表示反对美国商务部将另外46家华为实体列入实体清单，美国选择在这个时间点做出这个决定，再次证明该决定是政治驱动的结果，与美国国家安全毫无关系。华为呼吁美国政府停止对华为的不公正对待，将华为移出实体清单。称此举没有改变华为被不公正对待的事实。不管临时许可延期与否，华为经营受到的实质性影响有限，将继续聚焦做好自己的产品，服务于全球客户。 收起全文d\n", "author": "头条新闻", "time": "头条新闻2019年08月19日23:59 来自微博weibo.com", "transmit": " 转发 168", "comment": "评论 327", "zan": " 1828"}, {"text": "\n                    【美将46家华为实体列入“实体清单”，华为回应：再次证明是政治驱动结果】据俄罗斯卫星通讯社报道，美国商务部长威尔伯·罗斯表示，该部将允许华为从美国企业购买产品的期限延长90天。他在接受福克斯财经频道采访时还表示，美国将对国家安全构成威胁的40余家华为子公司列入\"实体清单\"。刚刚，华为向环 ​  展开全文c \n                    【美将46家华为实体列入“实体清单”，华为回应：再次证明是政治驱动结果】据俄罗斯卫星通讯社报道，美国商务部长威尔伯·罗斯表示，该部将允许华为从美国企业购买产品的期限延长90天。他在接受福克斯财经频道采访时还表示，美国将对国家安全构成威胁的40余家华为子公司列入\"实体清单\"。刚刚，华为向环球网编辑部发来声明，回应美方。以下是华为声明全文： 华为反对美国商务部将另外46家华为实体列入实体清单。美国选择在这个时间点做出这个决定，再次证明该决定是政治驱动的结果，与美国国家安全毫无关系，这种做法违反市场经济的自由竞争原则，不会使任何一方从中受益，包括美国公司在内。美国也不会通过打压华为获得技术领先的地位。我们呼吁美国政府停止对华为的不公正对待，将华为移出实体清单。　　美国政府今天发布的延期临时许可，没有改变华为被不公正对待的事实。不管临时许可延期与否，华为经营受到的实质性影响有限，我们会继续聚焦做好自己的产品，服务于全球客户。#华为回 应被列入实体清单# #美延长华为临时采购许可证# #华为针对临时通用许可证发布声明# 收起全文d\n", "author": "环球网", "time": "环球网2019年08月19日23:55 来自微博weibo.com", "transmit": " 转发 80", "comment": "评论 114", "zan": " 875"}, {"text": "\n                    【华为发声明：“临时通用许可证”没有改变华为被不公正对待的事实，经营受到的实质性影响有限】8月19日晚间，华为针对美国商务部延期“临时通用许可证”做出声明，表示反对美国商务部将另外46家华为实体列入实体清单，美国选择在这个时间点做出这个决定，再次证明该决定是政治驱动的结果，与 ​  展开全文c \n                    【华为发声明：“临时通用许可证”没有改变华为被不公正对待的事实，经营受到的实质性影响有限】8月19日晚间，华为针对美国商务部延期“临时通用许可证”做出声明，表示反对美国商务部将另外46家华为实体列入实体清单，美国选择在这个时间点做出这个决定，再次证明该决定是政治驱动的结果，与美国国家安全毫无关系。华为呼吁美国政府停止对华为的不公正对待，将华为移出实体清单。称此举没有改变华为被不公正对待的事实。不管临时许可延期与否，华为经营受到的实质性影响有限，将继续聚焦做好自己的产品，服务于全球客户。 #华为针对临时通用许可证发布声明# 收起全文d\n", "author": "虎嗅APP", "time": "虎嗅APP2019年08月19日23:38 来自iPhone客户端", "transmit": " 转发 147", "comment": "评论 230", "zan": " 10490"}, {"text": "\n                    【任正非：如果不让华为用安卓，对美国“称霸”不利】8月15日，任正非接受英国天空新闻台专访。谈到被美国列为“实体清单”对华为的业务有什么影响，任正非回应，如果美国不让谷歌提供安卓系统给华为，世界上出现第三种系统，对美国称霸世界是不利的。L老板联播的秒拍视频 ​​​                ", "author": "凤凰网财经", "time": "凤凰网财经2019年08月19日14:32", "transmit": " 转发 42", "comment": "评论 131", "zan": " 417"}, {"text": "\n                    【任正非：如果不让华为用安卓，对美国“称霸”不利】8月15日，任正非接受英国天空新闻台专访。谈到被美国列为“实体清单”对华为的业务有什么影响，任正非回应，如果美国不让谷歌提供安卓系统给华为，世界上出现第三种系统，对美国称霸世界是不利的。L老板联播的秒拍视频 ​                ", "author": "老板联播", "time": "老板联播2019年08月19日14:00 来自微博weibo.com", "transmit": " 转发 9", "comment": "评论 32", "zan": " 99"}, {"text": "\n                    【新京报：再获90天临时牌照 华为如何走出\"毒圈\"？】美国商务部部长宣布，美国政府将对华为的临时通用许可证延长90天。虽然再次获得90天延期，但对于华为来说，只要不被移出“实体清单”，影响将一直持续。7月任正非透露美国众议院已经通过决议，5年之内在实体清单内不撤销华为。O新京报：再获90天临时牌照 华为如何走出\"毒圈\"？ ​                ", "author": "新浪科技", "time": "新浪科技2019年08月19日22:47 来自专业版微博", "transmit": " 转发 15", "comment": "评论 19", "zan": " 69"}, {"text": "\n                    【华为发布声明：“临时通用许可证”没有改变华为被不公正对待的事实 经营受到的实质性影响有限】8月19日晚间，华为针对美国商务部延期“临时通用许可证”做出声明，表示反对美国商务部将另外46家华为实体列入实体清单，美国选择在这个时间点做出这个决定，再次证明该决定是政治驱动的结果，与美国国家 ​  展开全文c \n                    【华为发布声明：“临时通用许可证”没有改变华为被不公正对待的事实 经营受到的实质性影响有限】8月19日晚间，华为针对美国商务部延期“临时通用许可证”做出声明，表示反对美国商务部将另外46家华为实体列入实体清单，美国选择在这个时间点做出这个决定，再次证明该决定是政治驱动的结果，与美国国家安全毫无关系。华为呼吁美国政府停止对华为的不公正对待，将华为移出实体清单。称此举没有改变华为被不公正对待的事实。不管临时许可延期与否，华为经营受到的实质性影响有限，将继续聚焦做好自己的产品，服务于全球客户。（证券时报） 收起全文d\n", "author": "第一财经日报", "time": "第一财经日报2019年08月19日23:58 来自iPhone客户端", "transmit": " 转发 11", "comment": "评论 5", "zan": " 30"}, {"text": "\n                    【华为发布声明：“临时通用许可证”没有改变华为被不公正对待的事实】8月19日晚间，华为针对美国商务部延期“临时通用许可证”做出声明，表示反对美国商务部将另外46家华为实体列入实体清单，美国选择在这个时间点做出这个决定，再次证明该决定是政治驱动的结果，与美国国家安全毫无关系。华为呼吁美 ​  展开全文c \n                    【华为发布声明：“临时通用许可证”没有改变华为被不公正对待的事实】8月19日晚间，华为针对美国商务部延期“临时通用许可证”做出声明，表示反对美国商务部将另外46家华为实体列入实体清单，美国选择在这个时间点做出这个决定，再次证明该决定是政治驱动的结果，与美国国家安全毫无关系。华为呼吁美国政府停止对华为的不公正对待，将华为移出实体清单。称此举没有改变华为被不公正对待的事实。不管临时许可延期与否，华为经营受到的实质性影响有限，将继续聚焦做好自己的产品，服务于全球客户。（e公司）O华为发布声明：“临时通用许可证”没有改变华为被不公正对待的事实 收起全文d\n", "author": "东方财富网", "time": "东方财富网2019年08月19日23:44 来自360安全浏览器", "transmit": " 转发 18", "comment": "评论 5", "zan": " 29"}, {"text": "\n                    【华为发布声明：“临时通用许可证”没有改变华为被不公正对待的事实 经营受到的实质性影响有限】财联社8月19日讯，8月19日晚间，华为针对美国商务部延期“临时通用许可证”做出声明，表示反对美国商务部将另外46家华为实体列入实体清单，美国选择在这个时间点做出这个决定，再次证明该决定是政治驱动 ​  展开全文c \n                    【华为发布声明：“临时通用许可证”没有改变华为被不公正对待的事实 经营受到的实质性影响有限】财联社8月19日讯，8月19日晚间，华为针对美国商务部延期“临时通用许可证”做出声明，表示反对美国商务部将另外46家华为实体列入实体清单，美国选择在这个时间点做出这个决定，再次证明该决定是政治驱动的结果，与美国国家安全毫无关系。华为呼吁美国政府停止对华为的不公正对待，将华为移出实体清单。称此举没有改变华为被不公正对待的事实。不管临时许可延期与否，华为经营受到的实质性影响有限，将继续聚焦做好自己的产品，服务于全球客户。（证券时报） 收起全文d\n", "author": "财联社APP", "time": "财联社APP2019年08月19日23:39 来自微博weibo.com", "transmit": " 转发 18", "comment": "评论 11", "zan": " 42"}]