[{"text": "\n                    【美中贸易全国委员会会长狠批特朗普“谋杀华为”:你有权力开枪吗？！】#特朗普谋杀华为# “特朗普正试图‘谋杀’华为”,美国CNBC新闻网11日用这句话简短总结美中贸易全国委员会会长克雷格·艾伦当天在CNBC资本交易峰会上有关华为的发言,他点名批评特朗普政府针对华为的做法。艾伦表示,“如果我们希望把 ​  展开全文c \n                    【美中贸易全国委员会会长狠批特朗普“谋杀华为”:你有权力开枪吗？！】#特朗普谋杀华为# “特朗普正试图‘谋杀’华为”,美国CNBC新闻网11日用这句话简短总结美中贸易全国委员会会长克雷格·艾伦当天在CNBC资本交易峰会上有关华为的发言,他点名批评特朗普政府针对华为的做法。艾伦表示,“如果我们希望把华为排除出我们的网络,很简单,下令禁用华为即可。但把华为列入实体清单并禁止美国公司与它做生意,这更像是谋杀,是要将他们(华为)赶尽杀绝”。为此,他还举例发问:“如果有陌生人敲门,你不让他进来就行了,可是你有权直接开枪打死人家吗?”L微丢的秒拍视频（视频来源：微丢） 收起全文d\n", "author": "环球网", "time": "环球网2019年06月12日22:03", "transmit": " 转发 312", "comment": "评论 169", "zan": " 1575"}, {"text": "\n                    【美中贸易全国委员会会长： 将华为列入实体清单就是\"谋杀\"】11日，美中贸易全国委员会会长克雷格•艾伦：美国政府将华为列入“实体清单”、禁止美国公司与华为做生意的做法，就相当于一场“谋杀”，试图将华为“赶尽杀绝”。他还打了个比方：“如果有陌生人敲门，你可以不让他进来，可是你有权直接开 ​  展开全文c \n                    【美中贸易全国委员会会长： 将华为列入实体清单就是\"谋杀\"】11日，美中贸易全国委员会会长克雷格•艾伦：美国政府将华为列入“实体清单”、禁止美国公司与华为做生意的做法，就相当于一场“谋杀”，试图将华为“赶尽杀绝”。他还打了个比方：“如果有陌生人敲门，你可以不让他进来，可是你有权直接开枪打死人家吗？”L微丢的秒拍视频 @微丢 收起全文d\n", "author": "观察者网", "time": "观察者网2019年06月12日19:00 来自微博weibo.com", "transmit": " 转发 158", "comment": "评论 165", "zan": " 1241"}, {"text": "\n                    【美中贸易全国委员会会长： 将华为列入实体清单就是\"谋杀\"】11日，美中贸易全国委员会会长克雷格•艾伦：美国政府将华为列入“实体清单”、禁止美国公司与华为做生意的做法，就相当于一场“谋杀”，试图将华为“赶尽杀绝”。他还打了个比方：“如果有陌生人敲门，你可以不让他进来，可是你有权直接开 ​  展开全文c \n                    【美中贸易全国委员会会长： 将华为列入实体清单就是\"谋杀\"】11日，美中贸易全国委员会会长克雷格•艾伦：美国政府将华为列入“实体清单”、禁止美国公司与华为做生意的做法，就相当于一场“谋杀”，试图将华为“赶尽杀绝”。他还打了个比方：“如果有陌生人敲门，你可以不让他进来，可是你有权直接开枪打死人家吗？”L微丢的秒拍视频 收起全文d\n", "author": "新浪视频", "time": "新浪视频2019年06月12日20:53 来自微博weibo.com", "transmit": " 转发 58", "comment": "评论 36", "zan": " 167"}, {"text": "\n                    【美中贸易全国委员会会长： 将华为列入实体清单就是\"谋杀\"】美中贸易全国委员会会长克雷格•艾伦：美国政府将华为列入“实体清单”、禁止美国公司与华为做生意的做法就相当于一场“谋杀”，试图将华为“赶尽杀绝”。他还打了个比方：“如果有陌生人敲门，你可以不让他进来，可是你有权直接开枪打死 ​  展开全文c \n                    【美中贸易全国委员会会长： 将华为列入实体清单就是\"谋杀\"】美中贸易全国委员会会长克雷格•艾伦：美国政府将华为列入“实体清单”、禁止美国公司与华为做生意的做法就相当于一场“谋杀”，试图将华为“赶尽杀绝”。他还打了个比方：“如果有陌生人敲门，你可以不让他进来，可是你有权直接开枪打死人家吗？”L微丢的秒拍视频 收起全文d\n", "author": "虎嗅APP", "time": "虎嗅APP2019年06月12日20:48", "transmit": " 转发 195", "comment": "评论 57", "zan": " 519"}, {"text": "\n                    【美中贸易全国委员会会长： 将华为列入实体清单就是“谋杀”】6月11日，美中贸易全国委员会会长克雷格•艾伦在华盛顿一场投资者峰会上表示，美国政府将华为列入“实体清单”、禁止美国公司与华为做生意的做法，就相当于一场“谋杀”，试图将华为“赶尽杀绝”。他还打了个比方：“如果有陌生人敲门，你 ​  展开全文c \n                    【美中贸易全国委员会会长： 将华为列入实体清单就是“谋杀”】6月11日，美中贸易全国委员会会长克雷格•艾伦在华盛顿一场投资者峰会上表示，美国政府将华为列入“实体清单”、禁止美国公司与华为做生意的做法，就相当于一场“谋杀”，试图将华为“赶尽杀绝”。他还打了个比方：“如果有陌生人敲门，你可以不让他进来，可是你有权直接开枪打死人家吗？”（观察者网）L美中贸易全国委员会会长： 将华为列入实体清单就是\"谋杀\" 收起全文d\n", "author": "中国企业家杂志", "time": "中国企业家杂志2019年06月12日22:30 来自微博weibo.com", "transmit": " 转发 80", "comment": "评论 28", "zan": " 94"}, {"text": "\n                    【美中贸易全国委员会会长： 将华为列入实体清单就是\"谋杀\"】6月11日，美中贸易全国委员会会长克雷格•艾伦在华盛顿一场投资者峰会上表示，美国政府将华为列入“实体清单”、禁止美国公司与华为做生意的做法，就相当于一场“谋杀”，试图将华为“赶尽杀绝”。他还打了个比方：“如果有陌生人敲门，你可 ​  展开全文c \n                    【美中贸易全国委员会会长： 将华为列入实体清单就是\"谋杀\"】6月11日，美中贸易全国委员会会长克雷格•艾伦在华盛顿一场投资者峰会上表示，美国政府将华为列入“实体清单”、禁止美国公司与华为做生意的做法，就相当于一场“谋杀”，试图将华为“赶尽杀绝”。他还打了个比方：“如果有陌生人敲门，你可以不让他进来，可是你有权直接开枪打死人家吗？”@观察者网 L微丢的秒拍视频 收起全文d\n", "author": "平民王小石", "time": "平民王小石2019年06月12日20:11 来自魅族16旗舰手机", "transmit": " 转发 34", "comment": "评论 29", "zan": " 178"}, {"text": "\n                    美国有人讲真话了 L微丢的秒拍视频 ​                ", "author": "义勇军--鬼谷子", "time": "义勇军--鬼谷子2019年06月12日20:34 来自专业版微博", "transmit": " 转发 42", "comment": "评论 24", "zan": " 162"}]