[{"text": "\n                    【一名日本市民致信华为：称孟晚舟是恩人，对她被拘非常悲伤】近日，网络上流传一封日本市民写给华为公司的声援信。信中称，对于华为公司首席财务官孟晚舟遭到加拿大警方拘捕一事，其感到“非常悲伤”——2011年日本大地震期间，华为曾在其他公司都忙着撤离时，进入灾区抢修被地震损坏的通信设施，“对 ​  展开全文c \n                    【一名日本市民致信华为：称孟晚舟是恩人，对她被拘非常悲伤】近日，网络上流传一封日本市民写给华为公司的声援信。信中称，对于华为公司首席财务官孟晚舟遭到加拿大警方拘捕一事，其感到“非常悲伤”——2011年日本大地震期间，华为曾在其他公司都忙着撤离时，进入灾区抢修被地震损坏的通信设施，“对这样一家为我们伸出援手的公司，无论有什么理由，这种不采取任何措施就直接动用国家力量单方面进行排除的做法，是背离做人常理的，让人感到非常悲哀、难受。作为一个日本人我感到羞愧。”O一名日本市民致信华为：称孟晚舟是恩人，对她被扣非常悲伤 收起全文d\n", "author": "澎湃新闻", "time": "澎湃新闻2018年12月20日20:56 来自微博weibo.com", "transmit": " 转发 222", "comment": "评论 221", "zan": " 760"}, {"text": "\n                    過兩天給交代？等你過兩天找個替死鬼替你頂罪嗎？#许静##广州十三行杀人#  DG辱华，我们发声了，抵制了！加拿大拘捕华为孟晚舟，我们发声了，抵制了！因为我们热爱这个国家并且忠于祖国，今天，我们为这个男孩发声，同样是因为我们热爱这个国家，相信这个国家，会为每一位百姓的生命安全做主，攘外，必 ​  展开全文c \n                    過兩天給交代？等你過兩天找個替死鬼替你頂罪嗎？#许静##广州十三行杀人#  DG辱华，我们发声了，抵制了！加拿大拘捕华为孟晚舟，我们发声了，抵制了！因为我们热爱这个国家并且忠于祖国，今天，我们为这个男孩发声，同样是因为我们热爱这个国家，相信这个国家，会为每一位百姓的生命安全做主，攘外，必先安內！ 收起全文d\n", "author": "99nine__", "time": "99nine__2018年12月20日00:04 来自iPhone客户端", "transmit": " 转发 20", "comment": "评论 25", "zan": " 205"}, {"text": "\n                    袁立你自己精美，攻击孟晚舟精加？呵呵呵呵呵#华为cfo孟晚舟被捕# 袁立 ​                ", "author": "上帝之鹰_5zn", "time": "上帝之鹰_5zn2018年12月20日09:46 来自微博weibo.com", "transmit": " 转发 35", "comment": "评论 211", "zan": " 377"}, {"text": "\n                    【传探望孟晚舟 华为“小公主”姚安娜疑现身温哥华】据报道，任正非与第二任妻子姚玲育有一名女儿姚安娜，后者近日在社交平台“instagram”上传照片，被发现疑似已身在加拿大温哥华。O传探望孟晚舟 华为“小公主”姚安娜疑现身温哥华 ​                ", "author": "早报网", "time": "早报网2018年12月20日09:26 来自微博weibo.com", "transmit": " 转发 49", "comment": "评论 ", "zan": " 150"}, {"text": "\n                    就在此间，一封日本市民写给华为公司的声援信在网络上流传，他将孟晚舟称为“恩人”，对2011年东日本大地震时，华为员工在灾区坚守岗位大加赞赏。此外，他还对针对华为的不公做法连用三个词：悲哀、难受、羞愧。 O“孟晚舟是我的恩人”，一个日本人致信华为 ​                ", "author": "长安街知事", "time": "长安街知事2018年12月20日13:44 来自微博weibo.com", "transmit": " 转发 21", "comment": "评论 21", "zan": " 94"}]