[{"text": "\n华为孟晚舟被加拿大拘留事件，建议政府必须强硬对应。 ​                ", "author": "郎咸平", "time": "郎咸平2018年12月07日09:17 来自iPhone7", "transmit": " 转发 552", "comment": "评论 ", "zan": " 7185"}, {"text": "\n                    【华为致供应商一封信：不会因美国无理改变合作关系】华为CFO孟晚舟被暂扣一事轰动市场。华为在致全球供应商伙伴公开信中表示，美国政府通过各种手段对一家商业公司施压，是背离自由经济和公平竞争精神的做法。但华为不会因为美国政府的无理，而改变与全球供应链伙伴的合作关系。O华为致供应商一封信：不会因美国无理改变合作关系 ​                ", "author": "新浪科技", "time": "新浪科技2018年12月07日07:26 来自专业版微博", "transmit": " 转发 2171", "comment": "评论 1605", "zan": " 9730"}, {"text": "\n                    【深圳市政府就#华为CFO孟晚舟被捕#一事发表声明：强烈要求加方立即放人】深圳市政府相关负责人6日就华为公司首席财务官孟晚舟在加拿大被拘押一事发表声明：我们密切关注此事，强烈要求加拿大方面立即澄清事实，解除无理拘押，切实保障当事人的合法、正当权益，立即释放被拘押人员。我们将继续关注事态 ​  展开全文c \n                    【深圳市政府就#华为CFO孟晚舟被捕#一事发表声明：强烈要求加方立即放人】深圳市政府相关负责人6日就华为公司首席财务官孟晚舟在加拿大被拘押一事发表声明：我们密切关注此事，强烈要求加拿大方面立即澄清事实，解除无理拘押，切实保障当事人的合法、正当权益，立即释放被拘押人员。我们将继续关注事态进展，协助华为等在深企业维护在境内外正当权益。 收起全文d\n", "author": "央视新闻", "time": "央视新闻2018年12月07日07:05 来自微博weibo.com", "transmit": " 转发 1392", "comment": "评论 2365", "zan": " 6208"}, {"text": "\n#华为CFO孟晚舟被捕#【中国外交部：孟晚舟是中国公民】针对有媒体猜测，孟晚舟不是中国公民，外交部发言人耿爽今天表示：“我在这里无法讨论关于此案的具体细节。但有一点我可以明确告诉你，根据《中华人民共和国国籍法》，孟晚舟是中国公民。”对于孟晚舟被拘押，耿爽还指出，迄今为止，不论加方还是 ​  展开全文c \n#华为CFO孟晚舟被捕#【中国外交部：孟晚舟是中国公民】针对有媒体猜测，孟晚舟不是中国公民，外交部发言人耿爽今天表示：“我在这里无法讨论关于此案的具体细节。但有一点我可以明确告诉你，根据《中华人民共和国国籍法》，孟晚舟是中国公民。”对于孟晚舟被拘押，耿爽还指出，迄今为止，不论加方还是美方，都未向中方提供任何当事人违反两国法律的证据。（央视记者黄惠馨） 收起全文d\n", "author": "央视新闻", "time": "央视新闻2018年12月07日19:02 来自微博weibo.com", "transmit": " 转发 500", "comment": "评论 1862", "zan": " 2544"}, {"text": "\n                    【外交部：孟晚舟是中国公民】在12月7日的外交部例行记者会上，有记者问及华为CFO孟晚舟的国籍问题。新闻发言人耿爽表示，案件细节无法提供，但有一点可以明确的是，按照《中华人民共和国国籍法》，孟晚舟是中国公民。（北青报）#任正非之女被逮捕# ​                ", "author": "头条新闻", "time": "头条新闻2018年12月07日15:48 来自微博weibo.com", "transmit": " 转发 486", "comment": "评论 2035", "zan": " 1391"}, {"text": "\n#早安#【一觉醒来世界发生了什么】1、#华为CFO孟晚舟被捕# 中国外交部：立即对拘押的理由作出澄清 要求立即释放被拘押人员2、著名华裔科学家张首晟12月1日去世，曾发现“天使粒子”3、#2019年放假时间表#出炉，五一劳动节只放假1天！4、四川乐山公交爆炸案 警方悬赏10万通缉嫌疑人5、中华田 ​  展开全文c \n#早安#【一觉醒来世界发生了什么】1、#华为CFO孟晚舟被捕# 中国外交部：立即对拘押的理由作出澄清 要求立即释放被拘押人员2、著名华裔科学家张首晟12月1日去世，曾发现“天使粒子”3、#2019年放假时间表#出炉，五一劳动节只放假1天！4、四川乐山公交爆炸案 警方悬赏10万通缉嫌疑人5、中华田园犬更名为唐犬？主办方辟谣：唐犬是单独犬种，不能划等号6、成都一高校开了门“爬树课”——攀树运动课程，有学分、学时要求！ 收起全文d\n", "author": "成都商报", "time": "成都商报2018年12月07日07:30 来自微博weibo.com", "transmit": " 转发 738", "comment": "评论 670", "zan": " 2963"}, {"text": "\n                    【深圳市政府就华为首席财务官被拘押一事发表声明：强烈要求加方立即放人】深圳市政府相关负责人6日就华为公司首席财务官孟晚舟在加拿大被拘押一事发表声明：我们密切关注此事，强烈要求加拿大方面立即澄清事实，解除无理拘押，切实保障当事人的合法、正当权益，立即释放被拘押人员。我们将继续关注事 ​  展开全文c \n                    【深圳市政府就华为首席财务官被拘押一事发表声明：强烈要求加方立即放人】深圳市政府相关负责人6日就华为公司首席财务官孟晚舟在加拿大被拘押一事发表声明：我们密切关注此事，强烈要求加拿大方面立即澄清事实，解除无理拘押，切实保障当事人的合法、正当权益，立即释放被拘押人员。我们将继续关注事态进展，协助华为等在深企业维护在境内外正当权益。 收起全文d\n", "author": "深圳微博发布厅", "time": "深圳微博发布厅2018年12月07日00:13 来自微博weibo.com", "transmit": " 转发 53129", "comment": "评论 33058", "zan": " 175437"}, {"text": "\n                    【外交部辟谣：孟晚舟是中国公民】在12月7日的外交部例行记者会上，有记者问及华为CFO孟晚舟的国籍问题。新闻发言人耿爽表示，案件细节无法提供，但有一点可以明确的是，按照《中华人民共和国国籍法》，孟晚舟是中国公民。此前，在12月6日的记者会上，有记者提问称：据报道，孟晚舟持有加拿大和中国 ​  展开全文c \n                    【外交部辟谣：孟晚舟是中国公民】在12月7日的外交部例行记者会上，有记者问及华为CFO孟晚舟的国籍问题。新闻发言人耿爽表示，案件细节无法提供，但有一点可以明确的是，按照《中华人民共和国国籍法》，孟晚舟是中国公民。此前，在12月6日的记者会上，有记者提问称：据报道，孟晚舟持有加拿大和中国两国护照。孟晚舟入境加拿大时是持中国护照吗？这是否会影响此案作为领事案件的处理方式？外交部发言人耿爽表示：我刚才说了，我无法在此讨论关于此案的细节。（环球网） 收起全文d\n", "author": "环球时报", "time": "环球时报2018年12月07日16:10 来自微博weibo.com", "transmit": " 转发 176", "comment": "评论 695", "zan": " 790"}, {"text": "\n                    【港媒：张首晟家人否认其去世与中美关系有关】著名华裔物理学家、斯坦福大学教授张首晟1日在美国去世，该消息5日被媒体报道后引发各界哀悼。但与此同时，社交媒体上也出现猜测，认为张首晟去世与当前中美关系或华为CFO孟晚舟在加拿大被捕有关。香港《南华早报》7日援引张首晟家人的话否认上述猜测，并 ​  展开全文c \n                    【港媒：张首晟家人否认其去世与中美关系有关】著名华裔物理学家、斯坦福大学教授张首晟1日在美国去世，该消息5日被媒体报道后引发各界哀悼。但与此同时，社交媒体上也出现猜测，认为张首晟去世与当前中美关系或华为CFO孟晚舟在加拿大被捕有关。香港《南华早报》7日援引张首晟家人的话否认上述猜测，并称“这种无知的猜测是没有依据的”。对于种种猜测，张首晟家人的一名代表对《南华早报》表示，“这种无知的猜测是没有依据的”。该代表称，“我想借此机会驳斥将张教授的去世与中美关系趋紧或其他事件联系起来的种种猜测。丹华资本确实在美国的‘301报告’中被提及，但并没有接受调查或其他任何行动。”《南华早报》称，张首晟的家人在早些时候的一封电子邮件中称，“当我们面对这一毁灭性的新闻时，我们非常感谢我们所获得的支持和哀悼”。“但当我们为这一巨大损失感到悲伤时，我们会要求公众尊重我们的隐私。”O港媒：张首晟家人否认其去世与中美关系有关 收起全文d\n", "author": "环球时报", "time": "环球时报2018年12月07日12:10 来自微博weibo.com", "transmit": " 转发 176", "comment": "评论 385", "zan": " 415"}, {"text": "\n                    【特鲁多甩锅：拘押华为高管，加政府知情但未参与】华为首席财务官孟晚舟在加拿大被拘押事件曝光后，引起各方关注。据加拿大环球新闻网6日消息，当地时间周四，加拿大总理特鲁多首次公开回应这一事件。特鲁多在蒙特利尔的电视讲话中对记者表示，加拿大政府未参与华为高管在温哥华机场被拘留一事。特鲁 ​  展开全文c \n                    【特鲁多甩锅：拘押华为高管，加政府知情但未参与】华为首席财务官孟晚舟在加拿大被拘押事件曝光后，引起各方关注。据加拿大环球新闻网6日消息，当地时间周四，加拿大总理特鲁多首次公开回应这一事件。特鲁多在蒙特利尔的电视讲话中对记者表示，加拿大政府未参与华为高管在温哥华机场被拘留一事。特鲁多说，渥太华在事件发生前几天得到通知，知道将要拘押孟晚舟，且美方已要求进行引渡。鉴于孟晚舟周五将面临保释听证会，他拒绝透露更多细节。“有关机构在没有任何政治介入或干涉的情况下做出了这一决定……我们提前几天被告知，相关工作已经在进行当中，”特鲁多说，“不过，这项决定当然没有涉及政治层面的参与，因为我们尊重司法程序的独立性。”当被问及是否与中方通过话时，特鲁多表示，他从未与国际同行就此案进行过对话。O特鲁多甩锅：拘押华为高管，加政府知情但未参与 收起全文d\n", "author": "环球时报", "time": "环球时报2018年12月07日08:50 来自微博weibo.com", "transmit": " 转发 541", "comment": "评论 1383", "zan": " 733"}, {"text": "\n                    【特鲁多甩锅：拘押华为高管，加政府知情但未参与】华为首席财务官孟晚舟在加拿大被拘押事件曝光后，引起各方关注。据加拿大环球新闻网6日消息，当地时间周四，加拿大总理特鲁多首次公开回应这一事件。特鲁多在蒙特利尔的电视讲话中对记者表示，他的政府没有卷入华为高管在温哥华被拘押一事。特鲁多 ​  展开全文c \n                    【特鲁多甩锅：拘押华为高管，加政府知情但未参与】华为首席财务官孟晚舟在加拿大被拘押事件曝光后，引起各方关注。据加拿大环球新闻网6日消息，当地时间周四，加拿大总理特鲁多首次公开回应这一事件。特鲁多在蒙特利尔的电视讲话中对记者表示，他的政府没有卷入华为高管在温哥华被拘押一事。特鲁多说，渥太华在事件发生前几天得到通知，知道将要拘押孟晚舟，且美方已要求进行引渡。鉴于孟晚舟周五将面临保释听证会，他拒绝透露更多细节。“有关机构在没有任何政治介入或干涉的情况下做出了这一决定……我们提前几天被告知，相关工作已经在进行当中，”特鲁多说，“不过，这项决定当然没有涉及政治层面的参与，因为我们尊重司法程序的独立性。”当被问及是否与中方通过话时，特鲁多表示，他从未与国际同行就此案进行过对话。O特鲁多甩锅：拘押华为高管，加政府知情但未参与 收起全文d\n", "author": "环球网", "time": "环球网2018年12月07日08:48", "transmit": " 转发 614", "comment": "评论 ", "zan": " 937"}, {"text": "\n                    【外交部回应华为CFO孟晚舟国籍问题：她是中国公民】在12月7日的外交部例行记者会上，有记者问及华为CFO孟晚舟的国籍问题。新闻发言人耿爽表示，案件细节无法提供，但有一点可以明确的是，按照《中华人民共和国国籍法》，孟晚舟是中国公民。（北京青年报）O外交部回应华为CFO孟晚舟国籍问题：她是中国公民 ​                ", "author": "新浪财经", "time": "新浪财经2018年12月07日15:54 来自专业版微博", "transmit": " 转发 203", "comment": "评论 122", "zan": " 304"}, {"text": "\n#华为接受英国5G网络要求##抵制美货从我做起# 日本酒店辱华，apa立刻被下架杜嘉班纳辱华，门市店立刻冷清乐天摆萨德，整个韩国的经济都受到了影响偏偏美国人不管干啥我们都一点反应都没有…华为CFO孟晚舟女士在加当地时间7号开启保释。从今起——抵制美货从我做起 ​                ", "author": "碉宝先森丶", "time": "碉宝先森丶2018年12月07日20:55 来自vivoAI智慧拍照X21", "transmit": " 转发 93", "comment": "评论 682", "zan": " 1016"}, {"text": "\n                    【外交部辟谣：孟晚舟是中国公民】在12月7日的外交部例行记者会上，有记者问及华为CFO孟晚舟的国籍问题。新闻发言人耿爽表示，案件细节无法提供，但有一点可以明确的是，按照《中华人民共和国国籍法》，孟晚舟是中国公民。此前，在12月6日的记者会上，有记者提问称：据报道，孟晚舟持有加拿大和中国 ​  展开全文c \n                    【外交部辟谣：孟晚舟是中国公民】在12月7日的外交部例行记者会上，有记者问及华为CFO孟晚舟的国籍问题。新闻发言人耿爽表示，案件细节无法提供，但有一点可以明确的是，按照《中华人民共和国国籍法》，孟晚舟是中国公民。此前，在12月6日的记者会上，有记者提问称：据报道，孟晚舟持有加拿大和中国两国护照。孟晚舟入境加拿大时是持中国护照吗？这是否会影响此案作为领事案件的处理方式？外交部发言人耿爽表示：我刚才说了，我无法在此讨论关于此案的细节。 收起全文d\n", "author": "环球网", "time": "环球网2018年12月07日16:10", "transmit": " 转发 114", "comment": "评论 24", "zan": " 241"}, {"text": "\n                    【深圳市政府就#华为CFO孟晚舟被捕#一事发表声明：强烈要求加方立即放人】深圳市政府相关负责人6日就华为公司首席财务官孟晚舟在加拿大被拘押一事发表声明：我们密切关注此事，强烈要求加拿大方面立即澄清事实，解除无理拘押，切实保障当事人的合法、正当权益，立即释放被拘押人员。我们将继续关注事态 ​  展开全文c \n                    【深圳市政府就#华为CFO孟晚舟被捕#一事发表声明：强烈要求加方立即放人】深圳市政府相关负责人6日就华为公司首席财务官孟晚舟在加拿大被拘押一事发表声明：我们密切关注此事，强烈要求加拿大方面立即澄清事实，解除无理拘押，切实保障当事人的合法、正当权益，立即释放被拘押人员。我们将继续关注事态进展，协助华为等在深企业维护在境内外正当权益。（央视） 收起全文d\n", "author": "环球网", "time": "环球网2018年12月07日07:14", "transmit": " 转发 49", "comment": "评论 2", "zan": " 285"}, {"text": "\n                    【深圳市政府就#华为CFO孟晚舟被捕#一事发表声明：强烈要求加方立即放人】深圳市政府相关负责人6日就华为公司首席财务官孟晚舟在加拿大被拘押一事发表声明：我们密切关注此事，强烈要求加拿大方面立即澄清事实，解除无理拘押，切实保障当事人的合法、正当权益，立即释放被拘押人员。我们将继续关注事态 ​  展开全文c \n                    【深圳市政府就#华为CFO孟晚舟被捕#一事发表声明：强烈要求加方立即放人】深圳市政府相关负责人6日就华为公司首席财务官孟晚舟在加拿大被拘押一事发表声明：我们密切关注此事，强烈要求加拿大方面立即澄清事实，解除无理拘押，切实保障当事人的合法、正当权益，立即释放被拘押人员。我们将继续关注事态进展，协助华为等在深企业维护在境内外正当权益。（央视新闻）O深圳市政府就华为首席财务官被拘押一事发表声明：强烈要求加方立... 收起全文d\n", "author": "封面新闻", "time": "封面新闻2018年12月07日08:20 来自微博weibo.com", "transmit": " 转发 288", "comment": "评论 231", "zan": " 118"}, {"text": "\n                    【深圳市政府就华为CFO孟晚舟被捕一事发表声明：强烈要求加方立即放人】深圳市政府相关负责人6日发表声明：我们密切关注此事，强烈要求加拿大方面立即澄清事实，解除无理拘押，切实保障当事人的合法、正当权益，立即释放被拘押人员。将继续关注事态进展，协助华为等在深企业维护境内外正当权益！ ​                ", "author": "紫光阁", "time": "紫光阁2018年12月07日09:41 来自紫宝宝的Android", "transmit": " 转发 160", "comment": "评论 425", "zan": " 810"}, {"text": "\n                    【外交部：加拿大美国均未提供华为首席财务官违法证据】新华社北京12月7日电（记者朱超）外交部发言人耿爽7日就华为公司首席财务官孟晚舟被拘押答记者问时说，加拿大和美国方面均未向中方提供当事人违反两国法律的证据。　　耿爽在当日例行记者会上表示，中方在第一时间向加方和美方提出严正交涉，表 ​  展开全文c \n                    【外交部：加拿大美国均未提供华为首席财务官违法证据】新华社北京12月7日电（记者朱超）外交部发言人耿爽7日就华为公司首席财务官孟晚舟被拘押答记者问时说，加拿大和美国方面均未向中方提供当事人违反两国法律的证据。　　耿爽在当日例行记者会上表示，中方在第一时间向加方和美方提出严正交涉，表明中方的严正立场。“迄今为止，不论加方还是美方，都未向中方提供任何当事人违反两国法律的证据。”　　针对有关孟晚舟国籍的提问，耿爽表示，根据《中华人民共和国国籍法》，孟晚舟是中国公民。　　耿爽重申中方立场，要求对方立即对拘押理由作出澄清，立即释放被拘押人员，切实保障当事人的合法、正当权益。（新华视点） 收起全文d\n", "author": "环球时报", "time": "环球时报2018年12月07日21:07 来自微博weibo.com", "transmit": " 转发 144", "comment": "评论 143", "zan": " 424"}, {"text": "\n                    【华为有难，八方支援，合力打赢美国王八蛋！】美国加拿大非法拘留华为孟晚舟引国人愤怒，国内现企业自发支持采购华为系列产品。有网友爆料称，陕西利安发展集团发布通知称，集团所有数据中心业务新增设备（包括升级更新），除不可替代设备外只允许采购华为产品；集团中层以上管理人员必须使用华为 ​  展开全文c \n                    【华为有难，八方支援，合力打赢美国王八蛋！】美国加拿大非法拘留华为孟晚舟引国人愤怒，国内现企业自发支持采购华为系列产品。有网友爆料称，陕西利安发展集团发布通知称，集团所有数据中心业务新增设备（包括升级更新），除不可替代设备外只允许采购华为产品；集团中层以上管理人员必须使用华为终端；集团所有技术人员软硬件开发全面使用华为产品。    成都软易达信息技术有限公司也发布了支持全面使用华为产品的通知，通知中称公司所有相关设备只允许采购华为产品；公司已有软件应用系统全面搬迁至华为云；公司所有项目，所有技术人员全面使用华为软件开发云；员工个人购买华为产品，公司给子发票票面价15%的补贴。希望更多的国内企业与国人站起来支持华为！ 收起全文d\n", "author": "华夏-军团", "time": "华夏-军团2018年12月07日20:27 来自HUAWEIMate10Pro", "transmit": " 转发 472", "comment": "评论 13", "zan": " 334"}, {"text": "\n                    据财经记者报道，华为首席财务官孟晚舟事件引全球市场关注。市场担忧情绪浓厚，供应商态度谨慎，华为供应链股票全线下跌。据香港媒体估算，6日大中华的华为供应链厂商市值蒸发600亿港元。我们今天几个朋友也在讨论，我们可以看到几个比较明确的结论：第一，中美贸易战已经逐渐演化为中美经贸战，未来 ​  展开全文c \n                    据财经记者报道，华为首席财务官孟晚舟事件引全球市场关注。市场担忧情绪浓厚，供应商态度谨慎，华为供应链股票全线下跌。据香港媒体估算，6日大中华的华为供应链厂商市值蒸发600亿港元。我们今天几个朋友也在讨论，我们可以看到几个比较明确的结论：第一，中美贸易战已经逐渐演化为中美经贸战，未来我们的战线会涉及到经济、贸易、科技、文化多个方面，战争时间也很长。第二，美国为了对付中国，做了很多，他们的商务系统、贸易系统、情报系统都在发挥作用，这件事情已经不能从特朗普的推特上简单推断出美国下一步要做什么。第三，我们应该有自己的战略，制定出自己的目标，不能亦步亦趋，不能做简单反应式作战，在必要时，我们也也可以主动出手。 收起全文d\n", "author": "机工战略", "time": "机工战略2018年12月07日14:38 来自微博weibo.com", "transmit": " 转发 182", "comment": "评论 135", "zan": " 163"}, {"text": "\n#华为cfo孟晚舟被捕#美国安全顾问博尔顿接受采访说，饭局前已知抓捕。时间线很清楚了。对于美国本质上是个什么国家，很多人有误解。美国从来都是一直凶狠打击对手，军事思维至上，而且不择手段，用国内法搞流氓逻辑，国际法国际组织说扔就扔，本质是个流氓国家。美国在香港领事馆有上千人，在干什么 ​  展开全文c \n#华为cfo孟晚舟被捕#美国安全顾问博尔顿接受采访说，饭局前已知抓捕。时间线很清楚了。对于美国本质上是个什么国家，很多人有误解。美国从来都是一直凶狠打击对手，军事思维至上，而且不择手段，用国内法搞流氓逻辑，国际法国际组织说扔就扔，本质是个流氓国家。美国在香港领事馆有上千人，在干什么可想而知。美国高科技产品有军方后门，美国公司都受影响大搞保密。中国还没有学会对付流氓国家，还处于一本正经常规应对的阶段。以前光说没用，需要血的教训才明白。 收起全文d\n", "author": "风云学会陈经", "time": "风云学会陈经2018年12月07日08:58 来自HUAWEIMate9", "transmit": " 转发 279", "comment": "评论 426", "zan": " 501"}, {"text": "\n                    【特鲁多甩锅：拘押华为高管 加政府知情但未参与】华为首席财务官孟晚舟在加拿大被拘押事件曝光后，引起各方关注。特鲁多在蒙特利尔的电视讲话中对记者表示，渥太华在事件发生前几天得到通知，知道将要拘押孟晚舟，且美方已要求进行引渡。但加拿大政府未参与此事。O特鲁多甩锅：拘押华为高管 加政府知情但未参与 ​                ", "author": "新浪科技", "time": "新浪科技2018年12月07日08:39 来自专业版微博", "transmit": " 转发 325", "comment": "评论 227", "zan": " 301"}, {"text": "\n                    美国开始做贼心虚了！在美国非法扣留华为孟晚舟女士后，美国思科（华为主要对手）向员工发送邮件，大致意思:思科禁止美国员工非必要情况下到中国出差或旅行，如已有计划近期前往中国的，请更改行程！美国知道自己做了坏事儿了，无耻至极！你们在害怕什么？心虚什么？#华为##华为cfo孟晚舟被捕# ​                ", "author": "建华Wei业", "time": "建华Wei业2018年12月07日20:14 来自华为超话", "transmit": " 转发 120", "comment": "评论 180", "zan": " 463"}, {"text": "\n                    早间看盘：12月7日，晴天。昨天大盘受“”华为孟晚舟事件“”影响，出现低开低走回补去缺口走势。中美关系，因此事件再次蒙上阴影！此事件不是孤立的事件，与之前的中兴通讯事件类似，都是美国找借口想抑制打压我国领先的通讯行业巨头，来实现争夺5G新一代技术的话语权，美国继续拿中国当做未来几十年 ​  展开全文c \n                    早间看盘：12月7日，晴天。昨天大盘受“”华为孟晚舟事件“”影响，出现低开低走回补去缺口走势。中美关系，因此事件再次蒙上阴影！此事件不是孤立的事件，与之前的中兴通讯事件类似，都是美国找借口想抑制打压我国领先的通讯行业巨头，来实现争夺5G新一代技术的话语权，美国继续拿中国当做未来几十年最强的竞争对手，因此，各种幺蛾子事件不断发生。昨晚，我们领导“更大力度推进科技创新 聚焦突破关键核心技术“应该是有所针对性的回击。昨天的大跌基本回补了周一的缺口，一周行情受消息面左右，再次走出冲高回落的过山车走势，今日周五，应该低开探底彻底封闭分时缺口有一个小反抽的IPO红走势。技术面，日线到周月线，依旧没有啥改观和改变，上方的5月均线和20周均线，依然牢牢的压制大盘的反弹空间。游资炒作的题材股再次遭受政策面监管打压，操作难度极大，每日都有天地版和强势股的突然杀跌，防不胜防的游资退场行情，很难操作！目前情况下，即使有个小反抽也仅仅是盘中资金的自救和减亏解套行情，没有增量资金，再没有政策面支持下，很难走出像样的走势。操作上，今日周五，还是多看少动为主，补回缺口后，空仓的可用小仓位（最多2成仓，不能再多了）试探性买进操作，目标是科技股，主要是5G和芯片软件类个股，但这也需要低吸和超短线看待，没把握的，继续空仓休息，等更好的时机再战。以上观点，个人日志，仅供交流，据此操作，后果自负！ 收起全文d\n", "author": "天津股侠", "time": "天津股侠2018年12月07日08:59 来自微博weibo.com", "transmit": " 转发 75", "comment": "评论 11", "zan": " 1261"}, {"text": "\n                    【深圳市政府就#华为CFO孟晚舟被捕#一事发表声明：强烈要求加方立即放人】深圳市政府相关负责人6日就华为公司首席财务官孟晚舟在加拿大被拘押一事发表声明：我们密切关注此事，强烈要求加拿大方面立即澄清事实，解除无理拘押，切实保障当事人的合法、正当权益，立即释放被拘押人员。我们将继续关注事态 ​  展开全文c \n                    【深圳市政府就#华为CFO孟晚舟被捕#一事发表声明：强烈要求加方立即放人】深圳市政府相关负责人6日就华为公司首席财务官孟晚舟在加拿大被拘押一事发表声明：我们密切关注此事，强烈要求加拿大方面立即澄清事实，解除无理拘押，切实保障当事人的合法、正当权益，立即释放被拘押人员。我们将继续关注事态进展，协助华为等在深企业维护在境内外正当权益。 收起全文d\n", "author": "中国新闻周刊", "time": "中国新闻周刊2018年12月07日08:03 来自iPhone客户端", "transmit": " 转发 28", "comment": "评论 100", "zan": " 128"}, {"text": "\nO德国新闻| 任正非女儿被捕，德媒发声：“全是指控，从无证据！”德国新闻| 任正非女儿被捕，德媒发声：“全是指控，从无证据！”欧洲时报德文版  德国工业智库  今天近日，华为公司创始人任正非的女儿、华为首席财务官孟晚舟在加拿大温哥华被捕，加拿大司法部表示，她可能被引渡至美国。孟晚舟被捕的具体原因尚不清楚。德媒《明镜》针对此事 ​  展开全文c \nO德国新闻| 任正非女儿被捕，德媒发声：“全是指控，从无证据！”德国新闻| 任正非女儿被捕，德媒发声：“全是指控，从无证据！”欧洲时报德文版  德国工业智库  今天近日，华为公司创始人任正非的女儿、华为首席财务官孟晚舟在加拿大温哥华被捕，加拿大司法部表示，她可能被引渡至美国。孟晚舟被捕的具体原因尚不清楚。德媒《明镜》针对此事刊文《全是指控，从无证据》进行报道，现全文编译如下：多年以来，美国不断地对华为和中兴的通讯产品发出警告。然而，美国却从未公布过这些中国厂商在西方从事间谍活动的证据。早在2012年10月，美国就有议员表示，中国的华为和中兴“不能得到信任”。有关中国情报机构在通讯网络中留“后门”的谣言时日已久，尤其针对华为负责的通讯工程。因此多年以来，美国及其盟友也多次对该公司采取“对策”。华为首席财务官孟晚舟在加拿大被捕，是这场糅杂了经济和安全政策的冲突的顶峰。让我们来回顾一下，仅仅在过去几个月之中：美国和澳大利亚敦促德国拒绝华为参与5G网络基建招标；新西兰政府通信安全局GCSB禁止本国电信运营商使用华为的5G技术；美国国会以及总统特朗普决定，禁止政府机构和政府项目承包商使用华为、中兴以及其他中国通讯公司的技术；特朗普叫停博通公司对芯片制造商高通的收购；显然是出于政治压力，美国零售商停售华为智能手机；《彭博商业周刊》发表了一篇有关中国“间谍芯片”的轰动性报道，其中援引的消息来源是美国政府。然而，从来没有人拿出过中国产品中秘密安装了监控设备的证据。这种种行动，尤其是来自美国政府的这些行动，很大程度上像是纯粹出于商业动机：华为是全球主要的网络设备供应商之一，也是思科等美国公司的直接竞争对手。德国的电信运营商还站在华为这边。德国电信（Telekom）11月接受《明镜》的采访时曾表示，他们使用包括爱立信、诺基亚、思科和华为在内的多家制造商的设备，“很难将强大的供应商拒之门外。”在正式投入使用之前，德国电信会对设备的所有零件进行密集测试，以进行隐私和安全评估，还会对设备运行期间的行为进行分析，如数据流、数据处理方式等。德国电信还指出，即使是德国联邦信息安全办公室、德国经济事务部和德国宪法保护部，也没有靠得住的证据证明“某个制造商的设备具有对安全不利的属性”。另一家德国电信运营商O2对这一问题的答案也很相近。今年11月，华为在德国波恩开设了一间信息安全实验室，德国联邦信息安全办公室主席Arne Schönbohm还为此表示祝贺：“这使华为与BSI之间能够进行更深入的技术交流。”不过，德国当然也存在不信任的声音，绿党政治家Konstantin von Notz就是其中一名代表。他认为至少存在一个“潜在的危险趋势”，是德国政府目前完全未曾关注的。到目前为止，华为的路由器中只发现过一个后门，代号为Headwater，大约在10年前投入使用。但这个入侵后门是美国特勤局NSA开发和使用的，它能够监控华为路由器的完整数据流量。根据斯诺登曾经披露的文件，Headwater只是美国针对华为的大规模黑客攻击的一部分，这些黑客攻击一直渗透到过华为的最高层。来源：欧洲时报德国版编译：关梦觉 收起全文d\n", "author": "中科大胡不归", "time": "中科大胡不归2018年12月07日21:53 来自微博weibo.com", "transmit": " 转发 207", "comment": "评论 21", "zan": " 1291"}, {"text": "\n#外交部回应孟晚舟被捕#【外交部：孟晚舟是中国公民】在12月7日的外交部例行记者会上，有记者问及华为CFO孟晚舟的国籍问题。新闻发言人耿爽表示，案件细节无法提供，但有一点可以明确的是，按照《中华人民共和国国籍法》，孟晚舟是中国公民。O外交部：孟晚舟是中国公民 ​                ", "author": "新浪科技", "time": "新浪科技2018年12月07日15:53 来自微博weibo.com", "transmit": " 转发 33", "comment": "评论 21", "zan": " 109"}, {"text": "\n                    【深圳市政府就#华为CFO孟晚舟被捕#一事发表声明：强烈要求加方立即放人】深圳市政府相关负责人6日就华为公司首席财务官孟晚舟在加拿大被拘押一事发表声明：我们密切关注此事，强烈要求加拿大方面立即澄清事实，解除无理拘押，切实保障当事人的合法、正当权益，立即释放被拘押人员。我们将继续关注事态 ​  展开全文c \n                    【深圳市政府就#华为CFO孟晚舟被捕#一事发表声明：强烈要求加方立即放人】深圳市政府相关负责人6日就华为公司首席财务官孟晚舟在加拿大被拘押一事发表声明：我们密切关注此事，强烈要求加拿大方面立即澄清事实，解除无理拘押，切实保障当事人的合法、正当权益，立即释放被拘押人员。我们将继续关注事态进展，协助华为等在深企业维护在境内外正当权益。（来源：中央广播电视总台央视新闻） 收起全文d\n", "author": "中国之声", "time": "中国之声2018年12月07日07:40", "transmit": " 转发 25", "comment": "评论 56", "zan": " 89"}, {"text": "\n                    【深圳市政府就华为CFO被拘发表声明：强烈要求立即放人】深圳市政府相关负责人6日就华为公司首席财务官孟晚舟在加拿大被拘押一事发表声明：我们密切关注此事，强烈要求加拿大方面立即澄清事实，解除无理拘押，切实保障当事人的合法、正当权益，立即释放被拘押人员。我们将继续关注事态进展，协助华为等 ​  展开全文c \n                    【深圳市政府就华为CFO被拘发表声明：强烈要求立即放人】深圳市政府相关负责人6日就华为公司首席财务官孟晚舟在加拿大被拘押一事发表声明：我们密切关注此事，强烈要求加拿大方面立即澄清事实，解除无理拘押，切实保障当事人的合法、正当权益，立即释放被拘押人员。我们将继续关注事态进展，协助华为等在深企业维护在境内外正当权益。 收起全文d\n", "author": "新浪财经", "time": "新浪财经2018年12月07日07:19 来自专业版微博", "transmit": " 转发 102", "comment": "评论 116", "zan": " 344"}, {"text": "\n                    【外交部：加拿大美国均未提供华为首席财务官违法证据】新华社北京12月7日电（记者朱超）外交部发言人耿爽7日就华为公司首席财务官孟晚舟被拘押答记者问时说，加拿大和美国方面均未向中方提供当事人违反两国法律的证据。　　耿爽在当日例行记者会上表示，中方在第一时间向加方和美方提出严正交涉，表 ​  展开全文c \n                    【外交部：加拿大美国均未提供华为首席财务官违法证据】新华社北京12月7日电（记者朱超）外交部发言人耿爽7日就华为公司首席财务官孟晚舟被拘押答记者问时说，加拿大和美国方面均未向中方提供当事人违反两国法律的证据。　　耿爽在当日例行记者会上表示，中方在第一时间向加方和美方提出严正交涉，表明中方的严正立场。“迄今为止，不论加方还是美方，都未向中方提供任何当事人违反两国法律的证据。”　　针对有关孟晚舟国籍的提问，耿爽表示，根据《中华人民共和国国籍法》，孟晚舟是中国公民。　　耿爽重申中方立场，要求对方立即对拘押理由作出澄清，立即释放被拘押人员，切实保障当事人的合法、正当权益。 收起全文d\n", "author": "新华视点", "time": "新华视点2018年12月07日21:04 来自微博weibo.com", "transmit": " 转发 160", "comment": "评论 188", "zan": " 271"}]