[{"text": "\n                    【华为任正非首度接受美媒专访：华为从不参与间谍行为，美国加拿大扣押孟晚舟纯粹是出于政治动机】华为任正非继接受英国广播公司BBC专访后，接受美国哥伦比亚广播公司专访再曝光。任正非强调，华为从不参与间谍行为；针对美国指使加拿大扣押美国扣押孟晚舟一案，任总明确表示纯粹是出于政治动机。     ​  展开全文c \n                    【华为任正非首度接受美媒专访：华为从不参与间谍行为，美国加拿大扣押孟晚舟纯粹是出于政治动机】华为任正非继接受英国广播公司BBC专访后，接受美国哥伦比亚广播公司专访再曝光。任正非强调，华为从不参与间谍行为；针对美国指使加拿大扣押美国扣押孟晚舟一案，任总明确表示纯粹是出于政治动机。     此外，近日CNN在一次节目中发起网络投票，让大家就“美国打击华为”的原因进行投票。19日，该节目的官方推特账号发布了这次投票的最终结果。最终，24%的人选择“安全因素”，61%的人选择“政治因素”，13%的人选择“商业因素”，2%的人选择“其他原因”。 L视频-任正非首度接受美媒采访：华为从不参与间谍行为 收起全文d\n", "author": "人才76116", "time": "人才761162019年02月22日08:34 来自HUAWEIP20", "transmit": " 转发 28", "comment": "评论 36", "zan": " 62"}, {"text": "\n                    【中国专家：贸易谈判进展顺利 孟晚舟将会获释】中国国家创新与发展战略研究会秘书长助理谢茂松预计，随着中国和美国的紧张关系降温，华为副董事长孟晚舟可望于4或5月获释。O网页链接 ​                ", "author": "加拿大网络电视", "time": "加拿大网络电视2019年02月22日00:42 来自专业版微博", "transmit": " 转发 6", "comment": "评论 8", "zan": " 6"}]