[{"text": "\n                    【加拿大政府：不是3人，是13人】加拿大《环球邮报》3日发布独家消息称,加拿大外交部在给该报的声明中证实,华为高管孟晚舟去年12月1日在温哥华被拘押后,有13名加拿大公民在中国被拘捕。《环球邮报》称,加拿大外交部发言人在声明中说,“加拿大外交部了解到,去年12月1日之后,有13名加拿大公民在中国内地 ​  展开全文c \n                    【加拿大政府：不是3人，是13人】加拿大《环球邮报》3日发布独家消息称,加拿大外交部在给该报的声明中证实,华为高管孟晚舟去年12月1日在温哥华被拘押后,有13名加拿大公民在中国被拘捕。《环球邮报》称,加拿大外交部发言人在声明中说,“加拿大外交部了解到,去年12月1日之后,有13名加拿大公民在中国内地(不包括香港)被拘捕,当然其中8人已经获释”。O加政府：孟晚舟事件后，有13名加拿大人在华被拘，8人已释放 收起全文d\n", "author": "环球网", "time": "环球网2019年01月04日08:45", "transmit": " 转发 1102", "comment": "评论 1112", "zan": " 3241"}, {"text": "\n                    【加方：孟晚舟事件后 13名加拿大人在华被拘8人已释放】据加拿大《环球邮报》华为高管孟晚舟去年12月1日在温哥华被拘押后，“有13名加拿大公民在中国被拘捕。当然其中8人已经获释”。针对两位加拿大公民在中国被依法采取强制措施，最高检检察长张军3日表示，按照中国法律，他们处在被调查阶段。毫无疑 ​  展开全文c \n                    【加方：孟晚舟事件后 13名加拿大人在华被拘8人已释放】据加拿大《环球邮报》华为高管孟晚舟去年12月1日在温哥华被拘押后，“有13名加拿大公民在中国被拘捕。当然其中8人已经获释”。针对两位加拿大公民在中国被依法采取强制措施，最高检检察长张军3日表示，按照中国法律，他们处在被调查阶段。毫无疑问，两位加拿大公民在中国违反了我国的法律规定，现在接受调查是符合程序的，相信会按照程序向前推进。（环球时报） 收起全文d\n", "author": "头条新闻", "time": "头条新闻2019年01月04日09:14 来自微博weibo.com", "transmit": " 转发 314", "comment": "评论 352", "zan": " 502"}, {"text": "\n                    【加政府：孟晚舟事件后，有13名加拿大人在华被拘】加拿大《环球邮报》3日发布独家消息称,加拿大外交部在给该报的声明中证实,华为高管孟晚舟去年12月1日在温哥华被拘押后,有13名加拿大公民在中国被拘捕。其中8人已经获释。O加政府：孟晚舟事件后13名加拿大人在华被拘 8人已释放 ​                ", "author": "凤凰网", "time": "凤凰网2019年01月04日09:10 来自微博weibo.com", "transmit": " 转发 38", "comment": "评论 197", "zan": " 186"}, {"text": "\n                    【加政府：孟晚舟事件后 有#13名加拿大人在华被拘#】日前加拿大外交部证实，华为高管孟晚舟去年12月1日在温哥华被拘押后,有13名加拿大公民在中国被拘捕。加拿大外交部发言人在声明中说”去年12月1日之后,有13名加拿大公民在中国内地(不包括香港)被拘捕,当然其中8人已经获释”。O加方:孟晚舟事件后13名加拿大人在华被拘 8人获释 ​                ", "author": "新浪新闻客户端", "time": "新浪新闻客户端2019年01月04日08:59 来自专业版微博平台", "transmit": " 转发 13", "comment": "评论 55", "zan": " 119"}, {"text": "\n                    【加政府：孟晚舟事件后，有13名加拿大人在华被拘】加拿大《环球邮报》3日称，加拿大外交部证实，华为高管去年12月1日在温哥华被拘押后，有13名加拿大公民在中国内地被拘捕，其中8人已经获释。报道称，此前，公众只知道有3名加拿大公民在中国被拘留，分别是康明凯、迈克尔·斯帕弗、莎拉·麦克弗。 ​                ", "author": "新浪军事", "time": "新浪军事2019年01月04日09:18 来自微博weibo.com", "transmit": " 转发 45", "comment": "评论 77", "zan": " 232"}]