[{"text": "\n#华为CFO孟晚舟被捕#【外交部召见加拿大驻华大使就加方无理拘押华为公司负责人提出严正交涉】今天，中国外交部副部长乐玉成紧急召见加拿大驻华大使麦家廉，就加方拘押华为公司负责人提出严正交涉和强烈抗议。乐玉成指出，加方以应美方要求为由，将在加拿大温哥华转机的中国公民拘押，严重侵犯中国公民 ​  展开全文c \n#华为CFO孟晚舟被捕#【外交部召见加拿大驻华大使就加方无理拘押华为公司负责人提出严正交涉】今天，中国外交部副部长乐玉成紧急召见加拿大驻华大使麦家廉，就加方拘押华为公司负责人提出严正交涉和强烈抗议。乐玉成指出，加方以应美方要求为由，将在加拿大温哥华转机的中国公民拘押，严重侵犯中国公民的合法、正当权益，于法不顾，于理不合，于情不容，性质极其恶劣。中方强烈敦促加方立即释放被拘押人员，切实保障当事人的合法、正当权益。否则必将造成严重后果，加方要为此承担全部责任。（央视记者申杨） 收起全文d\n", "author": "央视新闻", "time": "央视新闻2018年12月08日22:34 来自微博weibo.com", "transmit": " 转发 4880", "comment": "评论 6068", "zan": " 27399"}, {"text": "\n                    【建议政府制裁加拿大】华为孟晚舟事件持续发酵，美国高官和加拿大总理相继发表谈话，指出美加两国均系司法独立国家，司法单位并未通知政府逮捕孟晚舟的行动。我呼吁政府不要相信他们的鬼话。首先我必须承认美加两国的宪法确实规定了三权分立的原则，司法必须独立于行政和立法。可是特朗普的行为一再玷 ​  展开全文c \n                    【建议政府制裁加拿大】华为孟晚舟事件持续发酵，美国高官和加拿大总理相继发表谈话，指出美加两国均系司法独立国家，司法单位并未通知政府逮捕孟晚舟的行动。我呼吁政府不要相信他们的鬼话。首先我必须承认美加两国的宪法确实规定了三权分立的原则，司法必须独立于行政和立法。可是特朗普的行为一再玷污了美国的宪法。举例而言，他为了一己之私，逃避通俄门的调查，他明目张胆的干预司法炒掉了司法部长。而且我已经在微博中数度提到特朗普玷污美国宪法的行为，包括任命遭到性侵指控的卡瓦诺大法官，以及公开批评法官的独立审判挑衅美国的司法制度。我怀疑逮捕孟晚舟行动就出自于特朗普的授意。特朗普此举就是明目张胆的挑衅中国。因为过去被控破坏对伊制裁的公司都受到了重罚，但是没有高管被捕。我呼吁政府持续对加拿大施压，甚至可以考虑上升到制裁的高度，否则将来还会面临美国更多的挑衅，包括联合其他国家抵制华为的5G。我想提醒读者，中国目前最大的谈判本钱就是庞大的消费市场。今年中国的消费市场将和美国并驾齐驱高达40万亿人民币，明年将超过美国成为全球最大的单一消费市场。我个人非常反感加拿大两头讨好的恶劣行为，因为加拿大和美国签订自贸协定时同意了美国提出的毒药条款（禁止与中国签订自贸协定），但是面对媒体的质问，却又闪烁其词不敢正面表态。建议政府趁此机会对加拿大进行严厉制裁，禁止加拿大部分产品进入中国市场。 收起全文d\n", "author": "郎咸平", "time": "郎咸平2018年12月08日09:46 来自iPhone7", "transmit": " 转发 3012", "comment": "评论 ", "zan": " 6287"}, {"text": "\n#华为CFO孟晚舟被捕#【加拿大：孟晚舟保释听证将在10日继续举行】当地时间7日下午，加拿大不列颠哥伦比亚省高等法院对中国公民孟晚舟女士的保释申请未做出裁决，听证将在当地时间10日下午1点继续进行。在此之前，孟女士继续处于拘押状态。（央视记者张森） ​                ", "author": "央视新闻", "time": "央视新闻2018年12月08日09:00 来自微博weibo.com", "transmit": " 转发 1202", "comment": "评论 2875", "zan": " 5918"}, {"text": "\n                    这个主意不错......市场策略分析公司 CMR主任在推特上警告：“如果美国以华为违反伊朗制裁令为由逮捕孟晚舟，中国可能也以军售台湾违反中国法律逮捕波音或国防承包商雷神的执行官！在中国的美国公司各高管需留神事态发展”#华为cfo孟晚舟被捕# ​                ", "author": "彩云香江", "time": "彩云香江2018年12月08日22:48 来自HUAWEIMate10Pro", "transmit": " 转发 154", "comment": "评论 290", "zan": " 327"}, {"text": "\n                    【社评：孟晚舟被扣后遭粗暴且有辱人格对待，这就是加国的人权法治？】加拿大不列颠哥伦比亚省高等法院当地时间星期五举行华为高管孟晚舟保释听证会,在未作出裁决的情况下宣布休庭,星期一继续开庭。据外媒援引法庭记者的报道说,孟晚舟在法庭上身穿绿色上衣,未戴手铐,她似乎受到了人道的对待。然而这些 ​  展开全文c \n                    【社评：孟晚舟被扣后遭粗暴且有辱人格对待，这就是加国的人权法治？】加拿大不列颠哥伦比亚省高等法院当地时间星期五举行华为高管孟晚舟保释听证会,在未作出裁决的情况下宣布休庭,星期一继续开庭。据外媒援引法庭记者的报道说,孟晚舟在法庭上身穿绿色上衣,未戴手铐,她似乎受到了人道的对待。然而这些不过是假象。O社评：孟晚舟被扣后遭粗暴且有辱人格对待，这就是加国的人权法治？ 收起全文d\n", "author": "环球网", "time": "环球网2018年12月08日23:36", "transmit": " 转发 470", "comment": "评论 494", "zan": " 552"}, {"text": "\n#主页君讲新闻# 这两天同学们可能都被华为刷屏了，除了孟女士在加拿大被抓，英国这边， #英国电信禁用华为# 然后紧接着...昨天（周四）英国几千万手机用户集体断网，同学们哀嚎一片....加拿大那个，主页君不了解情况，但是英国信这边，其实这件事情主页君还是能解释一下的...懒得看视频的人可以看 ​  展开全文c \n#主页君讲新闻# 这两天同学们可能都被华为刷屏了，除了孟女士在加拿大被抓，英国这边， #英国电信禁用华为# 然后紧接着...昨天（周四）英国几千万手机用户集体断网，同学们哀嚎一片....加拿大那个，主页君不了解情况，但是英国信这边，其实这件事情主页君还是能解释一下的...懒得看视频的人可以看这个review：Q.英国昨天断网，是因为华为被移除英国电信的核心网络吗？A.不是，昨天集体断网是因为爱立信崩了，而爱立信是O2在内的英国几个电信巨头的网络服务提供商，所以英国（包括日本）的移动网络就崩了，但是华为和其他几个公司提供服务的都没事，EE的主页君昨天信号就特别好....Q.英国电信把华为移除出电信网络是要和美国一起制裁我们吗A.其实这件事情是06年BT就定好的，华为不会参与BT的核心网络（机房和骨干网络）体系，只不过因为2016年BT收购了EE，而华为之前是EE的核心网络提供商，所以收购的时候顺便把华为的设备也给买了，在收购的尘埃落定后，这两年还是需要根据之前的协议把华为移除掉，华为自己也是知道的。Q.所以华为在英国不能做生意了吗？A.不是，核心网络（Core Network）其实只是整个电信工程的一部分（还有基站和其他配套），甚至一般来说，核心网络的造价在整个电信项目里只是小小一个部分（1%），华为只是不参与英国电信的核心网络，基站还是会参与的。另外华为也给沃达丰提供服务，英国不是只有一家英国电信（这个名字听着好像是国家垄断公司，实际上BT也是一家公司而已）....Q.英国电信为什么不许华为参与5g的核心网络啊A.因为5G属于国家基础设施，华为作为一个中国公司，在英国政府 “有的选”的前提下，是不太可能参与太深入的，这一点也不是昨天才提的，实际上17年18年英国安全局和议会都高论过这个问题，考虑到英国政府是“五眼情报联盟”的一员，基于国家安全考虑，实际上也是正常的。（就好像我们国家也不会允许Cisoc参与到中国的核心基础设施建设里一样）Q.对留学生来说，是一个坏消息吗？A.很难说，但是我个人认为是个好事情，中国企业在海外引起更多的社会讨论，发挥更大的社会影响力，会让你们的 “中国人”的标签被更加重视，不管怎么说，都是个好事情。#华为cfo孟晚舟被捕# #华为# L工作在英国的秒拍视频 收起全文d\n", "author": "工作在英国", "time": "工作在英国2018年12月08日01:28 来自秒拍网页版", "transmit": " 转发 659", "comment": "评论 215", "zan": " 882"}, {"text": "\n                    【华为回应孟晚舟保释听证会：相信会有公正结论】加拿大温哥华当地时间7日下午，不列颠——哥伦比亚省高等法院对中国公民孟晚舟女士的保释申请未作出裁决，听证将在当地时间10日下午1点继续进行。在此之前，孟女士继续处于拘押状态。对此，华为8日回应如下：我们将继续关注下周的保释听证会。我们相信 ​  展开全文c \n                    【华为回应孟晚舟保释听证会：相信会有公正结论】加拿大温哥华当地时间7日下午，不列颠——哥伦比亚省高等法院对中国公民孟晚舟女士的保释申请未作出裁决，听证将在当地时间10日下午1点继续进行。在此之前，孟女士继续处于拘押状态。对此，华为8日回应如下：我们将继续关注下周的保释听证会。我们相信加拿大和美国的法律体系后续会给出公正的结论。O华为回应孟晚舟保释听证会：相信会有公正结论 收起全文d\n", "author": "环球网", "time": "环球网2018年12月08日12:08 来自微博weibo.com", "transmit": " 转发 46", "comment": "评论 79", "zan": " 300"}, {"text": "\n#华为# 华为CFO孟晚舟案信息已解禁，预期周末期间会有详细报道。现在已知的是美国控称孟就伊朗问题涉嫌欺诈多家国际金融机构，如果罪名成立可判30年。美国的国家安全建立在情报安全基础之上。由于不可能与NSA、CIA合作，华为损害了美国的情报搜集能力，是对美国确定性的安全威胁。 ​                ", "author": "青青虫的微博", "time": "青青虫的微博2018年12月08日03:53 来自微博weibo.com", "transmit": " 转发 160", "comment": "评论 392", "zan": " 346"}, {"text": "\n#孟晚舟就是中国籍#《支持华为，支持中国籍任正非之女孟晚舟》 支持华为！支持孟晚舟！支持任正非！ 孟晚舟需要你的支持！ O支持华为，支持中国籍任正非之女孟晚舟 ​                ", "author": "思多金", "time": "思多金2018年12月08日22:56 来自微博weibo.com", "transmit": " 转发 108", "comment": "评论 426", "zan": " 954"}, {"text": "\n                    【孟晚舟保释听证会结束，没有裁决】当地时间12月7日上午，针对华为CFO孟晚舟的保释听证会在温哥华法庭举行。听证会上，控方指控孟晚舟欺诈，认为她在多年前曾刻意隐瞒“华为与其子公司SkyCom”间的关系，后者曾与伊朗交易，违反美国对伊朗的制裁措施。控方还拒绝给予孟晚舟保释。辨方律师则强调，孟 ​  展开全文c \n                    【孟晚舟保释听证会结束，没有裁决】当地时间12月7日上午，针对华为CFO孟晚舟的保释听证会在温哥华法庭举行。听证会上，控方指控孟晚舟欺诈，认为她在多年前曾刻意隐瞒“华为与其子公司SkyCom”间的关系，后者曾与伊朗交易，违反美国对伊朗的制裁措施。控方还拒绝给予孟晚舟保释。辨方律师则强调，孟晚舟在中国的知名度和高尚品格不允许她做任何违反保释规定的事情，他的当事人“不会用这种行为让华为及其18万员工还有她所深爱的父亲蒙羞”。长达五个小时的孟晚舟保释听证会现已结束，案件被推迟至周一继续举行。（环球网） 收起全文d\n", "author": "习五一", "time": "习五一2018年12月08日09:27 来自iPhone8Plus", "transmit": " 转发 62", "comment": "评论 533", "zan": " 341"}, {"text": "\n#法律知识#中兴违规事件是美國商业部管轄，属于行政案，特朗普总统可以界入，放生；华为CFO孟晚舟涉嫌金融欺诈属于刑事案，美國司法部直接拿人，总统无权界入或干涉，否則妨碍司法，后果严重。记住，司法部放人无异于认錯，可能吗？当然，如果加拿大拒絕引渡孟晚舟到美國，直接放人，不遵守加美引渡 ​  展开全文c \n#法律知识#中兴违规事件是美國商业部管轄，属于行政案，特朗普总统可以界入，放生；华为CFO孟晚舟涉嫌金融欺诈属于刑事案，美國司法部直接拿人，总统无权界入或干涉，否則妨碍司法，后果严重。记住，司法部放人无异于认錯，可能吗？当然，如果加拿大拒絕引渡孟晚舟到美國，直接放人，不遵守加美引渡条约，你觉得可能吗？ 2美国·圣克拉拉 收起全文d\n", "author": "克里斯托夫-金", "time": "克里斯托夫-金2018年12月08日16:17 来自iPhone7Plus", "transmit": " 转发 330", "comment": "评论 703", "zan": " 302"}, {"text": "\n                    【华盛顿可能低估了引渡孟晚舟的后果】华为与中兴在中国人的心目中的地位是不同的，如果说搞中兴还只是扫了国家的面子，作为中国人自己的世界企业，搞华为那就是与中国人民为敌。华为在中国人心中有着特殊地位，代表着清廉、自强与奋斗、创新，甚至比阿里巴巴还重要。 ​                ", "author": "周锦虹", "time": "周锦虹2018年12月08日16:27 来自iPhone8", "transmit": " 转发 55", "comment": "评论 402", "zan": " 683"}, {"text": "\n                    想当初联想不给华为投票，遇到国内民众谴责的时候，国内数上的大佬们纷纷出来力挺联想。现在华为副总孟晚舟被加拿大人以美国要求绑架，这些大佬却缩着脑袋不敢出声了。去滚操tmd。 ​                ", "author": "者观围", "time": "者观围2018年12月08日06:15 来自荣耀V10我AI的快", "transmit": " 转发 59", "comment": "评论 116", "zan": " 223"}, {"text": "\n                    俄罗斯外长就中国华为CFO孟晚舟被拘押一事发布讲话。俄罗斯外长拉夫罗夫表示，华盛顿将其自己的刑法扩展到其他国家领土，“令人反感”的政策必须结束。 ​                ", "author": "寰亚SYHP", "time": "寰亚SYHP2018年12月08日00:48", "transmit": " 转发 89", "comment": "评论 277", "zan": " 545"}, {"text": "\n#华为CFO孟晚舟被捕#【加拿大：孟晚舟保释听证将在10日继续举行】当地时间7日下午，加拿大不列颠哥伦比亚省高等法院对中国公民孟晚舟女士的保释申请未做出裁决，听证将在当地时间10日下午1点继续进行。在此之前，孟女士继续处于拘押状态。（央视新闻） ​                ", "author": "环球网", "time": "环球网2018年12月08日09:03 来自微博weibo.com", "transmit": " 转发 20", "comment": "评论 113", "zan": " 86"}, {"text": "\n                    【俄外长：美国法律禁止的事，与中国何干？】据俄罗斯卫星通讯社12月7日报道，俄罗斯外长拉夫罗夫表示，中国华为公司高管孟晚舟在加拿大被扣留一事是美国强权政治的又一例证。拉夫罗夫在新闻发布会上说：“据我所知，加拿大方面应美国的要求将她拘押是因为华为公司在伊朗开展业务。这为美国法律所禁止 ​  展开全文c \n                    【俄外长：美国法律禁止的事，与中国何干？】据俄罗斯卫星通讯社12月7日报道，俄罗斯外长拉夫罗夫表示，中国华为公司高管孟晚舟在加拿大被扣留一事是美国强权政治的又一例证。拉夫罗夫在新闻发布会上说：“据我所知，加拿大方面应美国的要求将她拘押是因为华为公司在伊朗开展业务。这为美国法律所禁止，但与中国何干？与华为何干？这是非常傲慢的强权政治，没有人会接受。 收起全文d\n", "author": "习五一", "time": "习五一2018年12月08日09:31 来自iPhone8Plus", "transmit": " 转发 111", "comment": "评论 355", "zan": " 304"}, {"text": "\n                    发布了头条文章：《美国司法称 华为CFO 孟晚舟 至少有7本护照。加拿大CBC新闻报道》  O美国司法称 华为CFO 孟晚舟 至少有7本护照。加拿大CBC新闻报道 ​                ", "author": "加拿大国际广播-中文", "time": "加拿大国际广播-中文2018年12月08日22:28 来自微博weibo.com", "transmit": " 转发 512", "comment": "评论 754", "zan": " 117"}, {"text": "\n                    【环球时报总编辑胡锡进：我为何用iPhone发博挺华为】就在这周，华为CFO、任正非的女儿孟晚舟女士在加拿大被扣留。一时间中国社会群情激愤。我又用苹果手机发微博挺华为，结果又有人挑我的矛盾，要求我换手机。这时我的感受是，骂美国归骂美国，但iPhone老胡还是要用。为什么？（环球时报） ​  展开全文c \n                    【环球时报总编辑胡锡进：我为何用iPhone发博挺华为】就在这周，华为CFO、任正非的女儿孟晚舟女士在加拿大被扣留。一时间中国社会群情激愤。我又用苹果手机发微博挺华为，结果又有人挑我的矛盾，要求我换手机。这时我的感受是，骂美国归骂美国，但iPhone老胡还是要用。为什么？（环球时报）O环球时报总编辑胡锡进：我为何用iPhone发博挺华为 收起全文d\n", "author": "新浪财经", "time": "新浪财经2018年12月08日18:57 来自微博weibo.com", "transmit": " 转发 196", "comment": "评论 375", "zan": " 248"}, {"text": "\n#华为CFO孟晚舟被捕#【加拿大：孟晚舟保释听证将在10日继续举行】当地时间7日下午，加拿大不列颠哥伦比亚省高等法院对中国公民孟晚舟女士的保释申请未做出裁决，听证将在当地时间10日下午1点继续进行。在此之前，孟女士继续处于拘押状态。（@央视新闻） ​                ", "author": "参考消息", "time": "参考消息2018年12月08日09:22 来自微博weibo.com", "transmit": " 转发 63", "comment": "评论 58", "zan": " 47"}, {"text": "\n#华为CFO孟晚舟被捕#【加拿大：孟晚舟保释听证将在10日继续举行】当地时间7日下午，加拿大不列颠哥伦比亚省高等法院对中国公民孟晚舟女士的保释申请未做出裁决，听证将在当地时间10日下午1点继续进行。在此之前，孟女士继续处于拘押状态。 ​                ", "author": "凤凰网视频", "time": "凤凰网视频2018年12月08日10:04", "transmit": " 转发 20", "comment": "评论 83", "zan": " 63"}, {"text": "\n华为任正非女儿孟晚舟被绑架事件，中国政府要保护好孟晚舟，要维护好华为持续发展。孟晚舟事件结局不好，会让中国民营企业家胆寒，华为企业维护不好，会让中国创新型企业看不到曙光。维护华为企业最直接办法是，政府煽动爱国口号‘’中国人只用华为手机‘’。虽然这么做不恰当，但短期效果明显。… ​  展开全文c \n华为任正非女儿孟晚舟被绑架事件，中国政府要保护好孟晚舟，要维护好华为持续发展。孟晚舟事件结局不好，会让中国民营企业家胆寒，华为企业维护不好，会让中国创新型企业看不到曙光。维护华为企业最直接办法是，政府煽动爱国口号‘’中国人只用华为手机‘’。虽然这么做不恰当，但短期效果明显。……华为孟晚舟被绑架事件，有些人还在想着仇富心理，还在想着人生境遇不公呢！都醒醒吧！如果孟晚舟被引渡美国，首当其冲是巨额敲诈。绑架事件说明中美冷战已公开化。……保护孟晚舟及维护华为可持续发展最为重要。 此类政治绑架事件，中国动作要快，要在引渡美国前放人。建议政府应该一天一个应对计划。政府非常手段要快，要是等事态发展就歇菜了。 L无差别社会的微博视频 收起全文d\n", "author": "无差别社会", "time": "无差别社会2018年12月08日14:25 来自微博视频", "transmit": " 转发 49", "comment": "评论 137", "zan": " 480"}, {"text": "\n                    昨天，中国对外澄清了，说明了华为CFO孟晚舟是中国公民。其实，这两天很多人造谣孟晚舟是外籍人，这种造谣明显是别有用心，让人愤怒，对于华为这样的民族脊梁，总是免不了被人中伤。誉满天下，必谤满天下，越是优秀，越容易招人嫉妒，这是人性的问题，华为这些企业，还有很多优秀的人士，成功的背后是 ​  展开全文c \n                    昨天，中国对外澄清了，说明了华为CFO孟晚舟是中国公民。其实，这两天很多人造谣孟晚舟是外籍人，这种造谣明显是别有用心，让人愤怒，对于华为这样的民族脊梁，总是免不了被人中伤。誉满天下，必谤满天下，越是优秀，越容易招人嫉妒，这是人性的问题，华为这些企业，还有很多优秀的人士，成功的背后是无比的勤奋和孤独，而非其它。 收起全文d\n", "author": "黄生看金融", "time": "黄生看金融2018年12月08日16:50 来自微博weibo.com", "transmit": " 转发 89", "comment": "评论 113", "zan": " 209"}, {"text": "\n                    半年前，柳青大小姐引发联想公关危机，百名企业家力挺总部设在美国的良心企业，称弘扬正气，声讨网友前赴后继；如今，民企标杆华为的孟晚舟大小姐被羁加拿大，企业家们却一个个噤若寒蝉，不愿发声，为何?想了半天，总结不好，一为东林，二怕美帝，三网民算个P? (冷静地说句:相信华为遵守业务所在国 ​  展开全文c \n                    半年前，柳青大小姐引发联想公关危机，百名企业家力挺总部设在美国的良心企业，称弘扬正气，声讨网友前赴后继；如今，民企标杆华为的孟晚舟大小姐被羁加拿大，企业家们却一个个噤若寒蝉，不愿发声，为何?想了半天，总结不好，一为东林，二怕美帝，三网民算个P? (冷静地说句:相信华为遵守业务所在国法律！充个场面这么难?) 收起全文d\n", "author": "醒来的大鸦", "time": "醒来的大鸦2018年12月08日22:31 来自HUAWEIMate8", "transmit": " 转发 57", "comment": "评论 76", "zan": " 106"}, {"text": "\n                    所有阴损缺德，在这个时候讽刺华为和孟晚舟的畜牲们，你们看看这篇文章！『华为有难，八方支援！』O华为有难，八方支援！ ​                ", "author": "洪国荃", "time": "洪国荃2018年12月08日18:52 来自HUAWEIMate10", "transmit": " 转发 66", "comment": "评论 39", "zan": " 97"}, {"text": "\n#华为cfo孟晚舟被捕# 汉奸们说，美国代表正义依法办事，谁来求情也没用！我只想说，上次特朗普总统让中国放了在中国盗窃被捕的NBA球星，这个人情还没有还呢。 ​​​                ", "author": "加大拿大教大授", "time": "加大拿大教大授2018年12月08日10:01 来自iPad客户端", "transmit": " 转发 60", "comment": "评论 39", "zan": " 67"}, {"text": "\n                    这就是冷战，而且恐怖在于：8月已经发出孟的刑事逮捕令，最大刑期30年【直播】华为CFO孟晚舟被控欺诈 更多案件细节流出 | 美国新闻速递 - US News Express O网页链接 ​                ", "author": "何新老家伙", "time": "何新老家伙2018年12月08日07:36 来自分享按钮", "transmit": " 转发 61", "comment": "评论 ", "zan": " 92"}, {"text": "\n                    通过华为事件我发现 当时看的这篇有关与马航的文章已经是真相了！为了四个中国芯片领域的科学家绑架了一架飞机！现在直接明目张胆的绑了华为副总裁孟晚舟，伪造芯片科学家跳楼自杀的状况，美国制裁中国经济从马航到华为已经丧心病狂的从幕后到台前了！终于撕破脸真面目暴露了！马航MH370早晚有一天会真 ​  展开全文c \n                    通过华为事件我发现 当时看的这篇有关与马航的文章已经是真相了！为了四个中国芯片领域的科学家绑架了一架飞机！现在直接明目张胆的绑了华为副总裁孟晚舟，伪造芯片科学家跳楼自杀的状况，美国制裁中国经济从马航到华为已经丧心病狂的从幕后到台前了！终于撕破脸真面目暴露了！马航MH370早晚有一天会真相大白于天下『【一点资讯】马航MH370调查：失联乘客曾发出神秘自拍照和求救信』O马航MH370调查：失联乘客曾发出神秘自拍照和求救信 收起全文d\n", "author": "桃源朵朵", "time": "桃源朵朵2018年12月08日19:57 来自iPhone客户端", "transmit": " 转发 97", "comment": "评论 11", "zan": " 65"}, {"text": "\n                    昨天还有人质问孟晚舟也是女人，田园大V们为何把她给遗忘了？今天一看真有女拳大V关注了这事，不过关注点很奇特，不是声讨美国无理扣押中国女性公民，也不是声援孟本人，而是死盯着百度来的所谓任正非的家事。果然，什么民族情感国家利益，在田园大V眼中都比不上挑动性别矛盾来得重要。 ​  展开全文c \n                    昨天还有人质问孟晚舟也是女人，田园大V们为何把她给遗忘了？今天一看真有女拳大V关注了这事，不过关注点很奇特，不是声讨美国无理扣押中国女性公民，也不是声援孟本人，而是死盯着百度来的所谓任正非的家事。果然，什么民族情感国家利益，在田园大V眼中都比不上挑动性别矛盾来得重要。#华为cfo孟晚舟被捕# 收起全文d\n", "author": "上帝之鹰_5zn", "time": "上帝之鹰_5zn2018年12月08日10:06 来自微博weibo.com", "transmit": " 转发 53", "comment": "评论 73", "zan": " 157"}, {"text": "\n#华为cfo孟晚舟被捕# 《今后，我只会买华为手机》 事已至此，已经不是华为的事了，国与国之间的对决。毫不犹豫支持华为支持国货！团结就是力量，这13亿人如铁似钢的力量就是孟晚舟的坚强后盾。 O今后，我只会买华为手机 ​                ", "author": "赢赢说财", "time": "赢赢说财2018年12月08日23:04 来自微博weibo.com", "transmit": " 转发 18", "comment": "评论 17", "zan": " 124"}]