[{"text": "\n                    【任正非：孟晚舟被捕前计划离职，她觉得华为上班不开心】近日，华为创始人任正非在接受媒体采访时表示，他现在经常跟孟晚舟打电话聊天。并透漏：本来在事件之前一个月，孟晚舟就打算离开华为去其他公司工作了，有人让我劝劝她。那对公司肯定是充满着不舒服不高兴的。L见闻企业家的微博视频 ​​​                ", "author": "新财富杂志", "time": "新财富杂志2019年03月15日18:37 来自iPhone8Plus", "transmit": " 转发 38", "comment": "评论 59", "zan": " 60"}, {"text": "\n                    【任正非：孟晚舟被捕前原本想辞职，她在华为并不开心】任正非在3月14日播出的加拿大CTV采访时表示，孟晚舟被捕一个月前原本想辞职，她在华为工作得并不开心。这次的事情让他和女儿关系更紧密了。孟晚舟擅长处理各种管理问题，但是没有技术背景，所以不会接管华为。 @老板联播 L老板联播的微博视频 ​                ", "author": "凤凰网财经", "time": "凤凰网财经2019年03月15日16:02", "transmit": " 转发 77", "comment": "评论 143", "zan": " 154"}, {"text": "\n                    【任正非：孟晚舟被捕前计划离职，她觉得华为上班不开心】近日，华为创始人任正非在接受媒体采访时表示，他现在经常跟孟晚舟打电话聊天。并透漏：本来在事件之前一个月，孟晚舟就打算离开华为去其他公司工作了，有人让我劝劝她。那对公司肯定是充满着不舒服不高兴的 L见闻企业家的微博视频 ​                ", "author": "见闻企业家", "time": "见闻企业家2019年03月15日18:08 来自微博视频", "transmit": " 转发 19", "comment": "评论 2", "zan": " 54"}, {"text": "\n                    【任正非：孟晚舟被捕前原本想辞职，她在华为并不开心】任正非在3月14日播出的加拿大CTV采访时表示，孟晚舟被捕一个月前原本想辞职，她在华为工作得并不开心。这次的事情让他和女儿关系更紧密了。孟晚舟擅长处理各种管理问题，但是没有技术背景，所以不会接管华为。L老板联播的微博视频 ​                ", "author": "微博股票", "time": "微博股票2019年03月15日19:17 来自微博weibo.com", "transmit": " 转发 87", "comment": "评论 86", "zan": " 69"}, {"text": "\n                    【任正非：#孟晚舟被扣前正想换工作#，加拿大事件让父女感情更深】任正非又接受外媒专访了。这次他面对的是加拿大电视台的镜头，一谈就是2小时。在专访中，任正非透露与女儿孟晚舟的感情因后者被加拿大扣留反而变得比过去更深，他还透露，孟晚舟出事前一个月已想从华为辞职，原因是干得不开心。路透社 ​  展开全文c \n                    【任正非：#孟晚舟被扣前正想换工作#，加拿大事件让父女感情更深】任正非又接受外媒专访了。这次他面对的是加拿大电视台的镜头，一谈就是2小时。在专访中，任正非透露与女儿孟晚舟的感情因后者被加拿大扣留反而变得比过去更深，他还透露，孟晚舟出事前一个月已想从华为辞职，原因是干得不开心。路透社等多家外媒都转发了CTV的专访，但这次采访是CTV的“独家”。采访在华为深圳总部进行，CTV于14日播出。CTV采访内容节选请点击链接：O任正非：孟晚舟被扣前正想换工作，加拿大事件让父女感情更深 L环球网的微博视频 收起全文d\n", "author": "环球网", "time": "环球网2019年03月15日22:29", "transmit": " 转发 40", "comment": "评论 22", "zan": " 193"}, {"text": "\n                    【任正非：孟晚舟被捕前原本想辞职，她在华为并不开心】任正非在3月14日播出的加拿大CTV采访时表示，孟晚舟被捕一个月前原本想辞职，她在华为工作得并不开心。这次的事情让他和女儿关系更紧密了。孟晚舟擅长处理各种管理问题，但是没有技术背景，所以不会接管华为。 L老板联播的微博视频 ​                ", "author": "第一财经日报", "time": "第一财经日报2019年03月15日18:12 来自iPhone客户端", "transmit": " 转发 36", "comment": "评论 12", "zan": " 87"}, {"text": "\n                    【任正非：孟晚舟被捕前原本想辞职，她在华为并不开心】任正非在3月14日播出的加拿大CTV采访时表示，孟晚舟被捕一个月前原本想辞职，她在华为工作得并不开心。这次的事情让他和女儿关系更紧密了。孟晚舟擅长处理各种管理问题，但是没有技术背景，所以不会接管华为。 L老板联播的微博视频 ​                ", "author": "老板联播", "time": "老板联播2019年03月15日15:47 来自微博视频", "transmit": " 转发 53", "comment": "评论 61", "zan": " 105"}, {"text": "\n                    【任正非：孟晚舟在华为工作不开心 被捕后父女关系改善】华为创始人任正非向加拿大媒体透露，女儿孟晚舟去年底被捕前一个月已经想要离职，到其他公司工作。他也称，女儿被捕后，父女感情变得更深。CTV是在昨天（14日）播出任正非的独家专访。任正非在专访中说，孟晚舟在过去过得轻松，无法很好地承受 ​  展开全文c \n                    【任正非：孟晚舟在华为工作不开心 被捕后父女关系改善】华为创始人任正非向加拿大媒体透露，女儿孟晚舟去年底被捕前一个月已经想要离职，到其他公司工作。他也称，女儿被捕后，父女感情变得更深。CTV是在昨天（14日）播出任正非的独家专访。任正非在专访中说，孟晚舟在过去过得轻松，无法很好地承受挫折。他也透露，父女俩过去因生活忙碌，不常沟通，现在每隔一天就会通过电话联系，两人会闲聊说笑话，任正非也会将互联网上读到的一些轶事告诉给孟晚舟。他认为，孟晚舟事件加深了两人的关系。任正非也重申，孟晚舟没有犯法，也没有触犯加拿大法律。他认为，加拿大和华为在这起事件中都是受害者，因为事件已经伤害到中国和加拿大人民，两国关系也受到影响。 收起全文d\n", "author": "科工力量", "time": "科工力量2019年03月15日18:45 来自微博weibo.com", "transmit": " 转发 22", "comment": "评论 33", "zan": " 98"}]