[{"text": "\n                    【#英闻解码#今日破译：Extradition Treaty】美国司法部早前召开记者会,宣布正式起诉中国通讯制造商华为及其副董事长孟晚舟13项罪名。美国司法部表示,根据与加拿大之间的Extradition Treaty,要求加方将孟晚舟引渡至美国接受审讯。什么是Extradition Treaty?英闻解码,为你破译。 L凤凰卫视的微博视频 ​                ", "author": "凤凰卫视", "time": "凤凰卫视2019年02月18日15:00 来自微博weibo.com", "transmit": " 转发 21", "comment": "评论 13", "zan": " 43"}]