[{"text": "\n                    【孟晚舟：勇敢不是因为不害怕，而是心中坚守的信念】21日，华为心声社区发表一篇华为CFO孟晚舟的日记，这也是孟女士在加拿大事件后首次发声。她从此次事件谈起，感谢了许多陌生人的信任，同时谈到17日日本市民的来信，她回顾了当年的事件，感慨自己的分内工作在八年之后得到这份回报，心里充满了无比 ​  展开全文c \n                    【孟晚舟：勇敢不是因为不害怕，而是心中坚守的信念】21日，华为心声社区发表一篇华为CFO孟晚舟的日记，这也是孟女士在加拿大事件后首次发声。她从此次事件谈起，感谢了许多陌生人的信任，同时谈到17日日本市民的来信，她回顾了当年的事件，感慨自己的分内工作在八年之后得到这份回报，心里充满了无比的自豪与宽慰。详情↓ O孟晚舟：勇敢不是因为不害怕，而是心中坚守的信念 收起全文d\n", "author": "央视新闻", "time": "央视新闻2018年12月21日17:43 来自微博weibo.com", "transmit": " 转发 697", "comment": "评论 718", "zan": " 3811"}, {"text": "\n                    【获保释后，孟晚舟写下日记：人间自有真情在】据华为，孟晚舟有写日记的习惯，且长年坚持。这是一篇她写于2018年12月19日的日记（当地时间12月1日被加拿大拘押，12日获得保释），以下为全文。人间自有真情在——#孟晚舟日记#一则 昨天晚上，一封日本人的来信，在朋友圈内小小地刷屏，着实让我温 ​  展开全文c \n                    【获保释后，孟晚舟写下日记：人间自有真情在】据华为，孟晚舟有写日记的习惯，且长年坚持。这是一篇她写于2018年12月19日的日记（当地时间12月1日被加拿大拘押，12日获得保释），以下为全文。人间自有真情在——#孟晚舟日记#一则 昨天晚上，一封日本人的来信，在朋友圈内小小地刷屏，着实让我温暖了一把! 还是那句说过无数遍的话，人间自有真情在，当自己遇到危难的时候，才知道曾经被这么多的陌生人关爱着。保释的那天，在法庭等着办手续，律师跟我聊天说，有不少陌生人打电话到律师事务所，说愿意用自己的财产为我担保，既使他们根本不认识我，甚至他们不知道我，但是他们知道华为，他们认可华为，所以他们也愿意相信我。我的律师说，他从业四十几年，还从来没见过，这样愿意为陌生人担保的事。听着律师的这番话，我禁不住泪流满面，泣不成声，不是为自己，而是为这么多人愿意相信我，愿意信任我的陌生人。日本福岛地震的时候，我正好在美国IBM总部，参加为期一周的 Workshop，正为是否启动IFS变革，以及IFS变革的范围，与IBM资深财务专家进行最后一轮详细沟通。 那个时候，公司刚刚决定将所有的应急预案交给财经来负责，包括战争、瘟疫、动乱、地震什么的，由财经与业务团队共同制定各种场景下的应急预案，平日里组织演练，以便灾难发生时能够迅速启动预案，公司各个部门也能按照预案的设计快速集结、快速响应。因为我在美国确实走不开，让孙总一个人去了趟日本。 从美国回来后，把我们在美国 Workshop的收获，组织财务的同事们进行分享和讨论，大家达成基本共识，形成可以与IBM沟通的财经变革的思路后，我就定机票去了东京，到日本代表处去跟大家开会，讨论灾后重建的工作安排，包括客户网络的抢修，以及我们自己的日常运行。在我去日本之前，公司的应急工作组已经成立，孙总也刚从日本回来，也没有什么太多需要我做的事情，我就是跟日本代表处把震后两周的工作再次梳理了一下，跟大家在一起把工作顺序核对了一下，自己也记了很多笔记。 日本地震，是财经组织第一次接触危机预案的设计及实施，虽然，在那次日本地震的灾后重建工作中，我们的不少环节在协作上存在这样或那样的障碍，但帮我们积累了非常宝贵的经验。几年之后的尼泊尔地震，我们的危机预案完全能够及时和充分地支撑着灾后严建工作，也得到了尼泊尔客户的高度赞扬。 这次经历，我很少提起，也没什么可自豪的，只是我的份内工作而己。好人终有好报，没想到，八年之后，这份回报以一个普通日本人的来信展现在我面前，让我的心里充满了无比的自豪与宽慰。自豪，是因为在那份不确定下，我踏上了去日本的航班，勇敢不是因为不害怕，而是心中坚守的信念；宽慰，是因为上苍始终能看到我们的努力，也从不忽略我们付出的努力。 收起全文d\n", "author": "环球时报", "time": "环球时报2018年12月21日10:53 来自微博weibo.com", "transmit": " 转发 208", "comment": "评论 185", "zan": " 1401"}, {"text": "\n                    【#孟晚舟日记全文#】据央视，华为心声社区今天（21日）发表了一篇华为CFO孟晚舟的日记，这也是孟女士在加拿大事件后首次发声。 O孟晚舟日记全文 ​                ", "author": "新京报", "time": "新京报2018年12月21日14:06 来自微博weibo.com", "transmit": " 转发 190", "comment": "评论 327", "zan": " 513"}, {"text": "\n                    【庭审为何落泪？孟晚舟日记首次回应】#孟晚舟回应庭审落泪#记者21日从华为公司拿到一份孟晚舟女士近日写的日记，是她看到日本居民来信后的首次个人回应。她在日记中写道：保释那天律师说，不少陌生人打电话表示愿意用自己的财产为我担保。他们根本不认识我，但他们知道华为，认可华为，愿意相信我。听 ​  展开全文c \n                    【庭审为何落泪？孟晚舟日记首次回应】#孟晚舟回应庭审落泪#记者21日从华为公司拿到一份孟晚舟女士近日写的日记，是她看到日本居民来信后的首次个人回应。她在日记中写道：保释那天律师说，不少陌生人打电话表示愿意用自己的财产为我担保。他们根本不认识我，但他们知道华为，认可华为，愿意相信我。听着律师这番话，我禁不住泪流满面——不是为自己，而是为这么多人愿意相信我，愿意信任我的陌生人。（北京日报） 收起全文d\n", "author": "中国新闻网", "time": "中国新闻网2018年12月21日11:47 来自微博weibo.com", "transmit": " 转发 160", "comment": "评论 1226", "zan": " 2274"}, {"text": "\n                    【华为发孟晚舟日记：当遇危难时才知被这么多人关爱】华为官方发布了孟晚舟近期日记，该日记写于今年12月19日。孟晚舟提到，当自己遇到危难的时候，才知道曾经被这么多的陌生人关爱着。孟晚舟保释当天，律师聊天说，有不少陌生人打电话到律师事务所，说愿意用自己的财产为其担保：O华为发孟晚舟日记：当遇危难时才知被这么多人关爱 ​                ", "author": "新浪科技", "time": "新浪科技2018年12月21日11:33 来自专业版微博", "transmit": " 转发 26", "comment": "评论 37", "zan": " 223"}, {"text": "\n                    【华为CFO孟晚舟保释后日记曝光：勇敢不是因为不害怕，而是心中坚守的信念】这是一篇孟写于2018年12月19日的日记：我踏上了去日本的航班，勇敢不是因为不害怕，而是心中坚守的信念；宽慰，是因为上苍始终能看到我们的努力，也从不忽略我们付出的努力...O华为CFO孟晚舟保释后日记曝光：勇敢不是因为不害怕，而是心中坚守的信念 ​                ", "author": "第一财经日报", "time": "第一财经日报2018年12月21日11:20 来自360安全浏览器", "transmit": " 转发 305", "comment": "评论 184", "zan": " 152"}, {"text": "\n                    【获保释后，孟晚舟日记一则：人间自有真情在】21日，华为心声社区发表了一篇孟晚舟的日记，这也是孟女士在加拿大事件后首次发声。她从此次事件谈起，感谢了许多陌生人的信任，同时谈到17日日本市民的来信，回顾了当年的事件，感慨自己的分内工作在八年之后得到这份回报，心里充满了无比的自豪与宽慰。 ​  展开全文c \n                    【获保释后，孟晚舟日记一则：人间自有真情在】21日，华为心声社区发表了一篇孟晚舟的日记，这也是孟女士在加拿大事件后首次发声。她从此次事件谈起，感谢了许多陌生人的信任，同时谈到17日日本市民的来信，回顾了当年的事件，感慨自己的分内工作在八年之后得到这份回报，心里充满了无比的自豪与宽慰。 O孟晚舟：勇敢不是因为不害怕，而是心中坚守的信念 收起全文d\n", "author": "头条新闻", "time": "头条新闻2018年12月21日16:08 来自微博weibo.com", "transmit": " 转发 217", "comment": "评论 545", "zan": " 832"}, {"text": "\n                    【孟晚舟保释后日记曝光：一封日本人的来信，着实让我温暖了一把】12月21日，华为心声社区公布了一则#孟晚舟日记#，日记写于12月19日晚间，孟晚舟在日记中回应了一封日本人的来信。日本人在信中对孟晚舟在加拿大的遭遇表示“感到非常悲伤”，还说，之所以对此次孟晚舟的事不能袖手旁观，是因为2011年东 ​  展开全文c \n                    【孟晚舟保释后日记曝光：一封日本人的来信，着实让我温暖了一把】12月21日，华为心声社区公布了一则#孟晚舟日记#，日记写于12月19日晚间，孟晚舟在日记中回应了一封日本人的来信。日本人在信中对孟晚舟在加拿大的遭遇表示“感到非常悲伤”，还说，之所以对此次孟晚舟的事不能袖手旁观，是因为2011年东日本大地震时，其他公司都在撤退、逃离，只有华为，在危险还没有消除的情况下，毅然进入灾区，抓紧抢修被地震损坏的通信设施。O华为CFO孟晚舟保释后日记曝光：勇敢不是因为不害怕，而是心中坚守的信念 收起全文d\n", "author": "每日经济新闻", "time": "每日经济新闻2018年12月21日12:26", "transmit": " 转发 61", "comment": "评论 99", "zan": " 602"}, {"text": "\n                    【当美国要和你谈法律，就先忘了正义和道德吧……】#科技袁人# 这一期科技袁人，袁老师和我们聊一聊一个和科技看上去不那么有关，但最近又对中国科技影响特别大的东西——美国法律。实际上，由于华为的原因，尤其是孟晚舟的被捕，使得许多中国人才第一次意识到美国的“恶法”——就是常常用国内法去 ​  展开全文c \n                    【当美国要和你谈法律，就先忘了正义和道德吧……】#科技袁人# 这一期科技袁人，袁老师和我们聊一聊一个和科技看上去不那么有关，但最近又对中国科技影响特别大的东西——美国法律。实际上，由于华为的原因，尤其是孟晚舟的被捕，使得许多中国人才第一次意识到美国的“恶法”——就是常常用国内法去干预别国的公司甚至国家的行为。然而这种做法，许多美国之外的大公司，早就已经屡见不鲜了，甚至在多年的“斗智斗勇”之后，已经摸索出一套专门规避美国这种霸道针对的套路。但在那之前，首先要明确一点，当你和美国谈论这些的时候，这有关规则、有关技术更有关政治，但唯独和正义、道德没有太大关系。L观视频工作室的秒拍视频 收起全文d\n", "author": "观视频工作室", "time": "观视频工作室2018年12月21日21:01 来自专业版微博", "transmit": " 转发 150", "comment": "评论 89", "zan": " 207"}, {"text": "\n                    【孟晚舟日记曝光——为了他们不禁泪流满面】北京日报记者21日从华为公司拿到一份孟晚舟女士近日写的日记，是她看到日本居民来信后的首次个人回应。她在日记中写道：保释那天律师说，不少陌生人打电话表示愿意用自己的财产为我担保。他们根本不认识我，但他们知道华为，认可华为，愿意相信我。听着律师 ​  展开全文c \n                    【孟晚舟日记曝光——为了他们不禁泪流满面】北京日报记者21日从华为公司拿到一份孟晚舟女士近日写的日记，是她看到日本居民来信后的首次个人回应。她在日记中写道：保释那天律师说，不少陌生人打电话表示愿意用自己的财产为我担保。他们根本不认识我，但他们知道华为，认可华为，愿意相信我。听着律师这番话，我禁不住泪流满面——不是为自己，而是为这么多人愿意相信我，愿意信任我的陌生人。全文戳链接——O孟晚舟日记首次回应日本来信,披露庭审落泪原因 O日本市民给华为写声援信 内容暖心 #孟晚舟日记回应为何落泪# 收起全文d\n", "author": "北京日报", "time": "北京日报2018年12月21日11:04 来自360安全浏览器", "transmit": " 转发 51", "comment": "评论 28", "zan": " 224"}, {"text": "\n                    【加拿大为报复中国竟一次驱逐160名中国人？真相令人很无语……】今天，一直也\"碰瓷\"华为高管孟晚舟被抓事件的台湾省媒体，又一惊一乍地抛出了一个耸人听闻的消息，称加拿大为了报复3名该国公民被抓一事，竟一次性从该国驱逐了160名中国人。然而事情的真相，却令人非常无语……原来，这所谓的160名中国 ​  展开全文c \n                    【加拿大为报复中国竟一次驱逐160名中国人？真相令人很无语……】今天，一直也\"碰瓷\"华为高管孟晚舟被抓事件的台湾省媒体，又一惊一乍地抛出了一个耸人听闻的消息，称加拿大为了报复3名该国公民被抓一事，竟一次性从该国驱逐了160名中国人。然而事情的真相，却令人非常无语……原来，这所谓的160名中国人被驱逐的事情，根本与孟晚舟事件没有任何关系，而是今年8月时加拿大媒体在报道该国政府打击非法移民和移民欺诈案时，曝光出的一组案情。（环球时报）O加拿大为报复中国竟一次驱逐160名中国人？真相令人很无语…… 收起全文d\n", "author": "全景网", "time": "全景网2018年12月21日22:59 来自微博weibo.com", "transmit": " 转发 33", "comment": "评论 51", "zan": " 88"}, {"text": "\n                    【华为发孟晚舟日记：当遇危难时才知被这么多人关爱】华为官方发布了孟晚舟近期日记，该日记写于今年12月19日。孟晚舟提到，当自己遇到危难的时候，才知道曾经被这么多的陌生人关爱着。孟晚舟保释当天，律师聊天说，有不少陌生人打电话到律师事务所，说愿意用自己的财产为其担保。O孟晚舟获保释后日记曝光：人间自有真情在 ​                ", "author": "中国经济网", "time": "中国经济网2018年12月21日11:39 来自微博weibo.com", "transmit": " 转发 16", "comment": "评论 25", "zan": " 64"}, {"text": "\n                    【保释时为何泪洒现场？孟晚舟日记首次回应】北京日报记者21日从华为公司拿到一份孟晚舟女士近日写的日记，是她看到日本居民来信后的首次个人回应。她在日记中写道：保释那天律师说，不少陌生人打电话表示愿意用自己的财产为我担保。他们根本不认识我，但他们知道华为，认可华为，愿意相信我。听着律师 ​  展开全文c \n                    【保释时为何泪洒现场？孟晚舟日记首次回应】北京日报记者21日从华为公司拿到一份孟晚舟女士近日写的日记，是她看到日本居民来信后的首次个人回应。她在日记中写道：保释那天律师说，不少陌生人打电话表示愿意用自己的财产为我担保。他们根本不认识我，但他们知道华为，认可华为，愿意相信我。听着律师这番话，我禁不住泪流满面——不是为自己，而是为这么多人愿意相信我，愿意信任我的陌生人。全文戳链接——O孟晚舟日记首次回应日本来信,披露庭审落泪原因 收起全文d\n", "author": "北京晚报", "time": "北京晚报2018年12月21日11:38 来自专业版微博", "transmit": " 转发 27", "comment": "评论 25", "zan": " 53"}, {"text": "\n                    【为这样对“恩人”羞愧！日本人声援华为：大地震时是他们帮忙救灾】一封日本市民写给华为的声援信走红。寄信人是日本“一家小公司的小老板”，信中他将孟晚舟称为“恩人”，因为“2011年东日本大地震时，其他公司都在撤退、逃离，华为却进入灾区抢修通信设施”。        对于华为及孟晚舟的遭 ​  展开全文c \n                    【为这样对“恩人”羞愧！日本人声援华为：大地震时是他们帮忙救灾】一封日本市民写给华为的声援信走红。寄信人是日本“一家小公司的小老板”，信中他将孟晚舟称为“恩人”，因为“2011年东日本大地震时，其他公司都在撤退、逃离，华为却进入灾区抢修通信设施”。        对于华为及孟晚舟的遭遇，他表示悲哀、难受又羞愧。而在此前几天，日本恩将仇报，已将华为和中兴通讯排除在政府采购清单之外。       据悉，12月17日，华为日本代表处大手町办公室收到了东京都内一名普通市民的来信，信中写道，2011年东日本大地震，其他公司都在撤退、逃离时，只有华为冒险进入灾区抢修通信设施。       在笔者看来，除了感恩，这封信更大的价值在于，点出了一个可能已经被某些国家遗忘的基本事实：在海外经营的中国企业，对当地发展作出了不少贡献。华为如是，其他许许多多公司同样如此。      这也是为什么，仍有大部分国家不愿与“五眼联盟”（美国、英国、澳大利亚、加拿大和新西兰）为伍，以莫须有“罪名”封杀华为。     明眼人都能看出，华为等企业的努力对自己国家的贡献；可在睁眼说瞎话的人看来，只要和“中”字沾边，正常经营投资也是“危害国家安全”。两相对比，一些国家单边主义、保护主义、利己主义的丑陋嘴脸显而易见。       当今形势下，“感谢、声援”实在不可多求。漂洋过海的一封信带来些许慰藉与暖意，但你我都应明白，某些国家的狭隘心态与肆意行事同样难有转变。       事实很明白，哪有什么“危害国家安全”，分明就是一些西方国家不愿看到“华为们”苦心经营、闯出一片天，更不愿看到中国日益强大。可越是这样，我们越要坚定地走自己的路，攻克核心技术，提升综合实力，把命运牢牢掌握在自己手里。      “伟大的背后都是苦难”，只要你我团结一心、共同奋斗，“风在前，无惧”！ 收起全文d\n", "author": "人才76116", "time": "人才761162018年12月21日07:53", "transmit": " 转发 23", "comment": "评论 64", "zan": " 80"}, {"text": "\n                    【禁不住泪流满面 孟晚舟日记首次回应】#孟晚舟回应庭审落泪#记者21日从华为公司拿到一份孟晚舟女士近日写的日记，是她看到日本居民来信后的首次个人回应。她在日记中写道：保释那天律师说，不少陌生人打电话表示愿意用自己的财产为我担保。他们根本不认识我，但他们知道华为，认可华为，愿意相信我。 ​  展开全文c \n                    【禁不住泪流满面 孟晚舟日记首次回应】#孟晚舟回应庭审落泪#记者21日从华为公司拿到一份孟晚舟女士近日写的日记，是她看到日本居民来信后的首次个人回应。她在日记中写道：保释那天律师说，不少陌生人打电话表示愿意用自己的财产为我担保。他们根本不认识我，但他们知道华为，认可华为，愿意相信我。听着律师这番话，我禁不住泪流满面——不是为自己，而是为这么多人愿意相信我，愿意信任我的陌生人。（北京日报） 收起全文d\n", "author": "今晚报", "time": "今晚报2018年12月21日13:00 来自微博weibo.com", "transmit": " 转发 16", "comment": "评论 19", "zan": " 66"}, {"text": "\n                    【庭审为何落泪？孟晚舟日记首次回应】记者21日从华为公司拿到一份孟晚舟女士近日写的日记，是她看到日本居民来信后的首次个人回应。她在日记中写道：保释那天律师说，不少陌生人打电话表示愿意用自己的财产为我担保。他们根本不认识我，但他们知道华为，认可华为，愿意相信我。听着律师这番话，我禁不 ​  展开全文c \n                    【庭审为何落泪？孟晚舟日记首次回应】记者21日从华为公司拿到一份孟晚舟女士近日写的日记，是她看到日本居民来信后的首次个人回应。她在日记中写道：保释那天律师说，不少陌生人打电话表示愿意用自己的财产为我担保。他们根本不认识我，但他们知道华为，认可华为，愿意相信我。听着律师这番话，我禁不住泪流满面——不是为自己，而是为这么多人愿意相信我，愿意信任我的陌生人。（北京日报） 收起全文d\n", "author": "习五一", "time": "习五一2018年12月21日13:31 来自iPhone8Plus", "transmit": " 转发 17", "comment": "评论 19", "zan": " 130"}, {"text": "\n                    【获保释后首次公开日记，孟晚舟因他而感动——】近日，一封日本普通市民应援华为的信在社交网络走红。这位市民在信中写道，这次“孟晚舟被扣”事件，对他来说并不是一件可以袖手旁观的事情。因为华为曾经在日本地震时伸出过援手。而今天，华为公司向参考消息网记者公开了首席财务官孟晚舟有关此信的相 ​  展开全文c \n                    【获保释后首次公开日记，孟晚舟因他而感动——】近日，一封日本普通市民应援华为的信在社交网络走红。这位市民在信中写道，这次“孟晚舟被扣”事件，对他来说并不是一件可以袖手旁观的事情。因为华为曾经在日本地震时伸出过援手。而今天，华为公司向参考消息网记者公开了首席财务官孟晚舟有关此信的相关日记—— O获保释后首次公开日记，孟晚舟因他而感动—— 收起全文d\n", "author": "参考消息", "time": "参考消息2018年12月21日15:11 来自微博weibo.com", "transmit": " 转发 40", "comment": "评论 18", "zan": " 127"}, {"text": "\n                    【孟晚舟获保释后的日记首次曝光】#孟晚舟日记# ：“保释的那天，在法庭等着办手续，律师跟我聊天说，有不少陌生人打电话到律师事务所，说愿意用自己的财产为我担保，既使他们根本不认识我，甚至他们不知道我，但是他们知道华为，他们认可华为，所以他们也愿意相信我。” 这篇日记是孟晚舟回 ​  展开全文c \n                    【孟晚舟获保释后的日记首次曝光】#孟晚舟日记# ：“保释的那天，在法庭等着办手续，律师跟我聊天说，有不少陌生人打电话到律师事务所，说愿意用自己的财产为我担保，既使他们根本不认识我，甚至他们不知道我，但是他们知道华为，他们认可华为，所以他们也愿意相信我。” 这篇日记是孟晚舟回应12月17日日本东京都一名普通市民的来信。那封信表达了对孟晚舟遭遇的悲伤以及对华为公司在日本所作出贡献的感激。 而在孟晚舟这篇日记中，她回应了这位东京都市民的关切。同时，孟晚舟提到在温哥华等待保释时，为陌生人愿意用自己财产为自己担保，感动得泣不成声。 收起全文d\n", "author": "虎嗅APP", "time": "虎嗅APP2018年12月21日11:33 来自微博weibo.com", "transmit": " 转发 23", "comment": "评论 27", "zan": " 30"}, {"text": "\n                    【刚刚！孟晚舟日记曝光：“我泪流满面，泣不成声”】以下日记，是孟晚舟保释后对日本居民声援来信的首次回应：“保释那天律师说，不少陌生人打电话表示愿意用自己的财产为我担保。他们根本不认识我，但是他们知道华为，认可华为。我禁不住泪流满面，不是为自己，而是为这么多愿意相信我的陌生人……” ​  展开全文c \n                    【刚刚！孟晚舟日记曝光：“我泪流满面，泣不成声”】以下日记，是孟晚舟保释后对日本居民声援来信的首次回应：“保释那天律师说，不少陌生人打电话表示愿意用自己的财产为我担保。他们根本不认识我，但是他们知道华为，认可华为。我禁不住泪流满面，不是为自己，而是为这么多愿意相信我的陌生人……”#孟晚舟回应庭审落泪#O孟晚舟保释后日记曝光！“我禁不住泪流满面，泣不成声” 收起全文d\n", "author": "中国长安网", "time": "中国长安网2018年12月21日13:29 来自微博weibo.com", "transmit": " 转发 100", "comment": "评论 37", "zan": " 167"}]