[{"text": "\n                    这两天，李嘉诚干了一件大事：以市场环境变化为理由，叫停了在加拿大400亿的投资。这笔资金本来是用来收购加拿大的MEG油砂能源公司。谁都知道，这跟华为孟晚舟事件有关，李嘉诚必须站队。不久之前，英国最大的通讯公司之一THREE UK，跟华为签订了200亿的订单。其实，这家公司也是李嘉诚的。 ​                ", "author": "总裁课堂", "time": "总裁课堂2019年03月10日16:40 来自iPhone客户端", "transmit": " 转发 7", "comment": "评论 5", "zan": " 17"}]