[{"text": "\n华为心声社区公布了华为董事陈黎芳接受加拿大广播公司专访全文，谈到孟晚舟，陈丽芳表示她是个勤奋好学的同事，为华为内部变革做出了巨大贡献。希望加拿大司法系统能够公开、透明、公平、公正地处理该案件。同时，对于美国政府采取的一系列行动，陈黎芳表示美国可能有点低估了华为的团结意志，也高估了 ​  展开全文c \n华为心声社区公布了华为董事陈黎芳接受加拿大广播公司专访全文，谈到孟晚舟，陈丽芳表示她是个勤奋好学的同事，为华为内部变革做出了巨大贡献。希望加拿大司法系统能够公开、透明、公平、公正地处理该案件。同时，对于美国政府采取的一系列行动，陈黎芳表示美国可能有点低估了华为的团结意志，也高估了自己影响力。 收起全文d\n", "author": "环球互联网连线", "time": "环球互联网连线2019年03月11日21:54 来自微博weibo.com", "transmit": " 转发 11", "comment": "评论 4", "zan": " 10"}]