[{"text": "\n                    【加拿大媒体：加议员团访华 寻求中方释放两名加拿大人】据加拿大通讯社5日报道，由多名联邦议员组成的加拿大议会代表团当天开始对中国进行访问，在华行程安排中包括上海、深圳和香港。他们称将“谨慎行事”，向中方解释加拿大逮捕华为高管孟晚舟一事，并寻求中方释放逮捕的两名加拿大人。 ​                ", "author": "新浪军事", "time": "新浪军事2019年01月07日15:50 来自微博weibo.com", "transmit": " 转发 46", "comment": "评论 144", "zan": " 104"}, {"text": "\n                    不用这么麻烦，答案就在眼前！加拿大议员团展开访华行程 媒体猜测会寻求中国放人。加拿大通讯社5日报道，由多名联邦议员组成的加拿大议会代表团当天开始对中国进行访问，在华行程安排中包括上海、深圳和香港。他们称将“谨慎行事”，向中方解释加拿大逮捕华为高管孟晚舟一事，并寻求中方释放逮捕的两名 ​  展开全文c \n                    不用这么麻烦，答案就在眼前！加拿大议员团展开访华行程 媒体猜测会寻求中国放人。加拿大通讯社5日报道，由多名联邦议员组成的加拿大议会代表团当天开始对中国进行访问，在华行程安排中包括上海、深圳和香港。他们称将“谨慎行事”，向中方解释加拿大逮捕华为高管孟晚舟一事，并寻求中方释放逮捕的两名加拿大人。解释很苍白，行动很关键！ 收起全文d\n", "author": "杜文龙", "time": "杜文龙2019年01月07日09:52 来自HUAWEIMate9Pro", "transmit": " 转发 58", "comment": "评论 221", "zan": " 261"}, {"text": "\n                    【加拿大议员团展开访华行程 媒体猜测会寻求中国放人】这个没戏，先把华为孟晚舟放了再说，否则没门。更虚伪的是意图“寻求向中方解释加拿大逮捕华为高管孟晚舟一事”，真是虚伪。据加拿大通讯社5日报道，由多名联邦议员组成的加拿大议会代表团当天开始对中国进行访问，在华行程安排中包括上 ​  展开全文c \n                    【加拿大议员团展开访华行程 媒体猜测会寻求中国放人】这个没戏，先把华为孟晚舟放了再说，否则没门。更虚伪的是意图“寻求向中方解释加拿大逮捕华为高管孟晚舟一事”，真是虚伪。据加拿大通讯社5日报道，由多名联邦议员组成的加拿大议会代表团当天开始对中国进行访问，在华行程安排中包括上海、深圳和香港。他们称将“谨慎行事”，向中方解释加拿大逮捕华为高管孟晚舟一事，并寻求中方释放逮捕的两名加拿大人。 收起全文d\n", "author": "人才76116", "time": "人才761162019年01月07日14:07", "transmit": " 转发 11", "comment": "评论 48", "zan": " 37"}, {"text": "\n                    美国。政府关门。加拿大。引渡请求。特朗普。小特鲁多。华为。孟晚舟。一月九号。等消息。#孟晚舟获得保释##孟晚舟保释后发朋友圈# 2美国·贝尔维尤 ​                ", "author": "北美崔哥", "time": "北美崔哥2019年01月07日03:55 来自HUAWEIMate20X", "transmit": " 转发 7", "comment": "评论 30", "zan": " 56"}]