[{"text": "\n                    【同是华为人 王伟晶、孟晚舟命运天壤之别】华为在波兰分公司高管王伟晶因涉嫌间谍活动在波兰被捕的消息刚刚公布一天，华为和中国方面的态度就出现大逆转，王伟晶立即就被炒了鱿鱼。而与此同时，中国官方和华为方面营救假释中的华为公主孟晚舟的千方百计却是可圈可点。O网页链接 ​                ", "author": "加拿大网络电视", "time": "加拿大网络电视2019年01月14日04:34 来自专业版微博", "transmit": " 转发 11", "comment": "评论 63", "zan": " 34"}, {"text": "\n#华为终止与被捕员工的雇佣关系#华为这样做让一线员工寒心和失望，美日西方公司绝对不会在第一时间与自己的出事員工公开切割，或落井下石，何況还是为华为打拼多年的大陆同胞，何況华为一直在为同样监禁在加拿大的CFO孟晚舟全力营救，这种区別对待完全说不过去，通常要等待案件判决后決定员工去留，輿 ​  展开全文c \n#华为终止与被捕员工的雇佣关系#华为这样做让一线员工寒心和失望，美日西方公司绝对不会在第一时间与自己的出事員工公开切割，或落井下石，何況还是为华为打拼多年的大陆同胞，何況华为一直在为同样监禁在加拿大的CFO孟晚舟全力营救，这种区別对待完全说不过去，通常要等待案件判决后決定员工去留，輿论也会大反转，一葉知秋凉。 O华为回应波兰员工事件：个人原因涉嫌违反波兰法律，终止雇佣 收起全文d\n", "author": "克里斯托夫-金", "time": "克里斯托夫-金2019年01月14日12:01 来自iPhone7Plus", "transmit": " 转发 75", "comment": "评论 149", "zan": " 99"}, {"text": "\n                    【李光满 | 华为解聘遭波兰逮捕员工，事件愈加扑朔迷离，到底怎么回事？】O网页链接  从加拿大到波兰，从孟晚舟到王伟晶，可以看出中美围绕5G的竞争已经白热化，中美科技竞争也已进入白热化状态，我们必须咬紧牙关，不仅华为要保持定力，迎难而上，继续保持在5G领域的技术领先，而且国家要作 ​  展开全文c \n                    【李光满 | 华为解聘遭波兰逮捕员工，事件愈加扑朔迷离，到底怎么回事？】O网页链接  从加拿大到波兰，从孟晚舟到王伟晶，可以看出中美围绕5G的竞争已经白热化，中美科技竞争也已进入白热化状态，我们必须咬紧牙关，不仅华为要保持定力，迎难而上，继续保持在5G领域的技术领先，而且国家要作为中国企业出海的坚强后盾，为华为这样的企业营造良好安全的国际营商环境，中国公司走向世界离不开国家和政府，政府必须为中国公司走向世界提供强大保护。以前政府经常说要保卫国家领土和主权，现在则提出要保卫国家领土、主权和发展利益，保卫国家发展利益，确保国家发展利益不被某些大国掠夺，这是大国的担当，也是大国政府的责任。 O华为解聘遭波兰逮捕员工，事件愈加扑朔迷离，到底怎么回事？ 收起全文d\n", "author": "察网中国", "time": "察网中国2019年01月14日18:14 来自微博weibo.com", "transmit": " 转发 23", "comment": "评论 13", "zan": " 17"}]