[{"text": "\n                    我在西安加拿大领事馆门口呼吁：要求美国、加拿大政府立即恢复华为CFO孟晚舟（任正非女儿）的人身自由。作为中国一位民营企业主，我要说，美国在市场上打不垮华为，请不要采取卑劣的流氓手段。 ​                ", "author": "浙商卢献星", "time": "浙商卢献星2018年12月30日19:54 来自浙商會iPhone客户端", "transmit": " 转发 36", "comment": "评论 38", "zan": " 229"}, {"text": "\n                    情何以堪啊！加拿大鹅北京三里屯店开业，不但没有门可罗雀，还人流火爆，甚至一度需要排队30分钟才能进去！我们的爱国民族企业华为大公主孟晚舟还在加拿大取保候审呢，国人怎么就没有记性呢？怎么就没有爱国情操呢？怎么就不抵制加拿大了呢？情何以堪呐！ ​                ", "author": "谦卑侯爷", "time": "谦卑侯爷2018年12月30日12:18 来自HUAWEIMate10Pro", "transmit": " 转发 20", "comment": "评论 17", "zan": " 11"}]