[{"text": "\n                    【突发！#孟晚舟反诉加拿大政府#！】#孟晚舟律师起诉加拿大政府# 加拿大《环球邮报》3日消息，目前正被加拿大政府拘押的华为高管孟晚舟已经提起对加拿大政府的民事诉讼，指控其“严重侵犯”自己的宪法权利。孟晚舟的诉讼对象还包括加拿大边境服务局以及加拿大皇家骑警。孟晚舟的律师在诉讼中称，加拿大 ​  展开全文c \n                    【突发！#孟晚舟反诉加拿大政府#！】#孟晚舟律师起诉加拿大政府# 加拿大《环球邮报》3日消息，目前正被加拿大政府拘押的华为高管孟晚舟已经提起对加拿大政府的民事诉讼，指控其“严重侵犯”自己的宪法权利。孟晚舟的诉讼对象还包括加拿大边境服务局以及加拿大皇家骑警。孟晚舟的律师在诉讼中称，加拿大当局不是立即逮捕她，而是在海关常规检查的幌子下，对孟晚舟进行审讯，并利用这个机会强迫她提供证据及信息。对于孟晚舟的控告，加拿大边境服务局，皇家骑警和联邦政府尚未作出反应。 O突发！孟晚舟反诉加拿大政府 （环球网） 收起全文d\n", "author": "中国新闻周刊", "time": "中国新闻周刊2019年03月04日10:44", "transmit": " 转发 476", "comment": "评论 523", "zan": " 4894"}, {"text": "\n#孟晚舟律师起诉加拿大政府#【突发！#孟晚舟反诉加拿大政府#！】加拿大《环球邮报》3日消息，目前正被加拿大政府拘押的华为高管孟晚舟已经提起对加拿大政府的民事诉讼，指控其“严重侵犯”自己的宪法权利。孟晚舟的诉讼对象还包括加拿大边境服务局以及加拿大皇家骑警。孟晚舟的律师在诉讼中称，加拿大 ​  展开全文c \n#孟晚舟律师起诉加拿大政府#【突发！#孟晚舟反诉加拿大政府#！】加拿大《环球邮报》3日消息，目前正被加拿大政府拘押的华为高管孟晚舟已经提起对加拿大政府的民事诉讼，指控其“严重侵犯”自己的宪法权利。孟晚舟的诉讼对象还包括加拿大边境服务局以及加拿大皇家骑警。孟晚舟的律师在诉讼中称，加拿大当局不是立即逮捕她，而是在海关常规检查的幌子下，对孟晚舟进行审讯，并利用这个机会强迫她提供证据及信息。对于孟晚舟的控告，加拿大边境服务局，皇家骑警和联邦政府尚未作出反应。 O突发！孟晚舟反诉加拿大政府 收起全文d\n", "author": "环球网", "time": "环球网2019年03月04日07:27", "transmit": " 转发 970", "comment": "评论 1015", "zan": " 8513"}, {"text": "\n                    【孟晚舟的律师对加拿大政府提起诉讼】据当地媒体报道，华为公司首席财务官孟晚舟女士的律师团已对加拿大政府、加拿大边境服务局和皇家骑警（即联邦警察）提起诉讼，指控他们在未告知她的情况下，就对她进行逮捕、搜查和审讯，这些做法都侵犯了她的宪法权利。（央视记者张森） ​                ", "author": "央视新闻", "time": "央视新闻2019年03月04日09:53 来自微博weibo.com", "transmit": " 转发 684", "comment": "评论 590", "zan": " 4056"}, {"text": "\n                    【多家外媒称华为准备起诉美国政府】今天，华为决定就孟晚舟案起诉加拿大政府一事，引起了国内外很多人的关注。但这似乎并不是华为公司为了维护自己权益而准备采取的唯一一个法律行动。就在刚才，美国《纽约时报》和英国路透社等多家外媒就宣称，华为还准备起诉美国政府!O多家外媒：华为准备起诉美国政府 称美国政府违宪 ​                ", "author": "新浪科技", "time": "新浪科技2019年03月04日20:57 来自微博weibo.com", "transmit": " 转发 236", "comment": "评论 61", "zan": " 205"}, {"text": "\n                    【外交部：敦促加方立即释放孟晚舟 让她平安回到中国】外交部发言人陆慷4日表示，我们再次敦促美方立即撤销对孟晚舟女士的逮捕令和引渡请求，敦促加方立即释放孟晚舟女士，让她平安回到中国并切实保障她的合法正当权益，避免错上加错。针对记者提问：华为公司孟晚舟女士的律师已对加拿大政府、警方等部 ​  展开全文c \n                    【外交部：敦促加方立即释放孟晚舟 让她平安回到中国】外交部发言人陆慷4日表示，我们再次敦促美方立即撤销对孟晚舟女士的逮捕令和引渡请求，敦促加方立即释放孟晚舟女士，让她平安回到中国并切实保障她的合法正当权益，避免错上加错。针对记者提问：华为公司孟晚舟女士的律师已对加拿大政府、警方等部门提起诉讼，中方是否支持？　　陆慷表示，关于孟晚舟女士和华为公司所采取的法律行动，建议你直接向华为公司去了解。　　陆慷强调，中国政府在孟晚舟事件上的立场非常明确。美国和加拿大两国滥用其双边引渡条约对中国公民采取强制措施，这是对中国公民合法权益的严重侵犯，也是一起严重的政治事件。O网页链接 收起全文d\n", "author": "中国新闻网", "time": "中国新闻网2019年03月04日19:37 来自微博weibo.com", "transmit": " 转发 44", "comment": "评论 34", "zan": " 288"}, {"text": "\n                    【突发！#孟晚舟反诉加拿大政府#！】加拿大《环球邮报》3日消息，目前正被加拿大政府拘押的华为高管孟晚舟已经提起对加拿大政府的民事诉讼，指控其“严重侵犯”自己的宪法权利。孟晚舟的诉讼对象还包括加拿大边境服务局以及加拿大皇家骑警。孟晚舟的律师在诉讼中称，加拿大当局不是立即逮捕她，而是在 ​  展开全文c \n                    【突发！#孟晚舟反诉加拿大政府#！】加拿大《环球邮报》3日消息，目前正被加拿大政府拘押的华为高管孟晚舟已经提起对加拿大政府的民事诉讼，指控其“严重侵犯”自己的宪法权利。孟晚舟的诉讼对象还包括加拿大边境服务局以及加拿大皇家骑警。孟晚舟的律师在诉讼中称，加拿大当局不是立即逮捕她，而是在海关常规检查的幌子下，对孟晚舟进行审讯，并利用这个机会强迫她提供证据及信息。对于孟晚舟的控告，加拿大边境服务局，皇家骑警和联邦政府尚未作出反应。@环球网 O突发！孟晚舟反诉加拿大政府 收起全文d\n", "author": "中国日报", "time": "中国日报2019年03月04日08:03 来自微博weibo.com", "transmit": " 转发 83", "comment": "评论 143", "zan": " 349"}, {"text": "\n                    【孟晚舟的律师对加拿大政府提起诉讼】根据当地媒体报道，华为公司首席财务官孟晚舟女士的律师团已经对加拿大政府、加拿大边境服务局和皇家骑警（即联邦警察）提起诉讼，指控他们在未告知她的情况下，就对她进行逮捕、搜查和审讯，这些做法都侵犯了她的宪法权利。 ​                ", "author": "头条新闻", "time": "头条新闻2019年03月04日07:18 来自微博weibo.com", "transmit": " 转发 258", "comment": "评论 460", "zan": " 1099"}, {"text": "\n                    【孟晚舟的律师对加拿大政府提起诉讼】据当地媒体报道，华为公司首席财务官孟晚舟女士的律师团已对加拿大政府、加拿大边境服务局和皇家骑警（即联邦警察）提起诉讼，指控他们在未告知她的情况下，就对她进行逮捕、搜查和审讯，这些做法都侵犯了她的宪法权利。@央视新闻 ​                ", "author": "环球时报", "time": "环球时报2019年03月04日10:07 来自微博weibo.com", "transmit": " 转发 91", "comment": "评论 267", "zan": " 749"}, {"text": "\n                    【孟晚舟律师对加拿大政府提起诉讼】据当地媒体报道，华为公司首席财务官孟晚舟女士的律师团已经对加拿大政府、加拿大边境服务局和皇家骑警（即联邦警察）提起诉讼，指控他们在未告知她的情况下，就对她进行逮捕、搜查和审讯，这些做法都侵犯了她的宪法权利。孟晚舟女士是2018年12月1日在乘飞机过境温 ​  展开全文c \n                    【孟晚舟律师对加拿大政府提起诉讼】据当地媒体报道，华为公司首席财务官孟晚舟女士的律师团已经对加拿大政府、加拿大边境服务局和皇家骑警（即联邦警察）提起诉讼，指控他们在未告知她的情况下，就对她进行逮捕、搜查和审讯，这些做法都侵犯了她的宪法权利。孟晚舟女士是2018年12月1日在乘飞机过境温哥华的时候被加拿大警方逮捕的，加方是按照美国的要求和加美引渡协议实施逮捕的，她目前已经获得保释，将于3月6日出庭，加方法庭将对是否允许美国引渡她进行听证和裁决。央视新闻+客户端 O孟晚舟律师对加拿大政府提起诉讼 收起全文d\n", "author": "澎湃新闻", "time": "澎湃新闻2019年03月04日08:22 来自360安全浏览器", "transmit": " 转发 132", "comment": "评论 196", "zan": " 333"}, {"text": "\n                    【孟晚舟的律师对加拿大政府提起诉讼】据央视新闻消息，根据当地媒体报道，华为公司首席财务官孟晚舟女士的律师团已经对加拿大政府、加拿大边境服务局和皇家骑警（即联邦警察）提起诉讼，指控他们在未告知她的情况下，就对她进行逮捕、搜查和审讯，这些做法都侵犯了她的宪法权利。O孟晚舟的律师对加拿大政府提起诉讼 ​                ", "author": "新浪财经", "time": "新浪财经2019年03月04日07:32 来自专业版微博", "transmit": " 转发 131", "comment": "评论 110", "zan": " 521"}, {"text": "\n                    【#孟晚舟律师对加拿大政府提起诉讼#】据当地媒体报道，华为公司首席财务官孟晚舟女士的律师团已对加拿大政府、加拿大边境服务局和皇家骑警（即联邦警察）提起诉讼，指控他们在未告知她的情况下，就对她进行逮捕、搜查和审讯，这些做法都侵犯了她的宪法权利。@央视新闻 ​​​​                ", "author": "新京报", "time": "新京报2019年03月04日10:08 来自微博weibo.com", "transmit": " 转发 107", "comment": "评论 217", "zan": " 247"}, {"text": "\n#孟晚舟反诉加拿大政府# 【反击！孟晚舟起诉加拿大多个政府部门涉嫌违宪！】我早就说过，法律才是拯救华为公主最有力的武器。加拿大检察官不怕外交官，怕律师。国际交往，得懂人家的国情。看看华为公主强大律师团的操作手法！据环球邮报消息，华为公司CFO孟晚舟将加拿大联邦政府、加拿大边境事务局、 ​  展开全文c \n#孟晚舟反诉加拿大政府# 【反击！孟晚舟起诉加拿大多个政府部门涉嫌违宪！】我早就说过，法律才是拯救华为公主最有力的武器。加拿大检察官不怕外交官，怕律师。国际交往，得懂人家的国情。看看华为公主强大律师团的操作手法！据环球邮报消息，华为公司CFO孟晚舟将加拿大联邦政府、加拿大边境事务局、以及加拿大皇家骑警告上法庭，指控他们在12月1日温哥华国际机场对其实施拘留时“严重违反”她的宪法权利。代表孟晚舟的律师事务所Gudmundseth Mickelson LLP周日发表声明称，已于3月1日将一份民事索赔通知提交给卑诗省最高法院。指控称，加拿大政府官员严重侵犯了孟女士的宪法权利。加拿大边境事务局官员在例行边境检查的幌子下，在孟晚舟被捕前对其非法搜身、拘禁、询问、以及搜查证据，非法侵犯了她的合法权益。并要求对“公职人员的不当行为和非法监禁”进行赔偿。孟晚舟去年12月在温哥华停留时遭到拘留，美国检察官指控孟和华为欺诈，以规避美国对伊朗的制裁。她的这起案件也造成了中国与加拿大之间的外交争端。指控尚未在法庭上得到证实。联邦政府、加拿大边境事务局官员和加拿大皇家骑警尚未提交辩护声明。#必知法律常识# 启动引渡程序不等于决定引渡。根据1999年加拿大引渡法规定的程序：加政府如果认为美方提交的材料在形式上已满足启动引渡申请程序的证据要求，就通过司法部发出授权指令，向法院申请启动引渡程序。所以司法部的决定，只是启动了司法程序而已。加法院如果同意受理，则在规定期限内开庭审理。如果法官裁定不可引渡，则加政府必须立即放人并结束引渡程序。如果法官裁定可以引渡，则加政府再根据自己的行政决策，选择是否向美方引渡。也就是说，加法院可以决定不予引渡，但不能要求加政府引渡。所以华为公主是否会引渡给美方，还有两道截然不同的关卡，仍然存在很多可努力的空间。遇事要冷静分析，独立思考，然后针锋相对地提出应对、反击方案。千万不要以己度人、被@戴旭 这样只会胡乱叫嚣的法盲和喷子们误导了。 2黔西南布依族苗族自治州·兴义富康国际酒店 收起全文d\n", "author": "邓学平律师", "time": "邓学平律师2019年03月04日08:48 来自iPhoneX", "transmit": " 转发 453", "comment": "评论 468", "zan": " 1362"}, {"text": "\n孟晚舟案司法大战拉开帷幕，华为加油（社评） 孟晚舟1日控告加拿大多个政府部门在她遭羁押期间以不实名义对她进行逼供、搜查，严重侵犯她的宪法权益。 同一天，加拿大政府启动了将孟晚舟引渡到美国的法律程序，孟晚舟的反击意味着这场通过司法体系实施的政治迫害与反迫害的斗争全面拉开帷幕。在美国 ​  展开全文c \n孟晚舟案司法大战拉开帷幕，华为加油（社评） 孟晚舟1日控告加拿大多个政府部门在她遭羁押期间以不实名义对她进行逼供、搜查，严重侵犯她的宪法权益。 同一天，加拿大政府启动了将孟晚舟引渡到美国的法律程序，孟晚舟的反击意味着这场通过司法体系实施的政治迫害与反迫害的斗争全面拉开帷幕。在美国和加拿大的司法体系中，这可能成为一场旷日持久的法律消耗战。 由于被迫害的对象是中国一家重要民营公司和它的高管，这还可以看成美加通过司法体系对中国公司的一场特殊洗劫。这将是一场昂贵的官司，但是华为无路可退，只能把官司打下去，守护孟晚舟和公司的清白，避免或推迟美方政治迫害的最坏结果。 这是美方发起针对华为的一眼就能看穿的政治闹剧，但是它能够在美加之间做成一个装腔作势、看似逼真的法律官司，这显示了美加司法体系的强势，以及它服务于政治的工具化能力。美加舆论总体上没有勇气捅破这层窗户纸，一语道出真相的加拿大驻华大使因此丢了官，对国家利益的狭隘认识显然绑架了大多数美加媒体。 看来华为只有把这场官司当成真的司法诉讼全力应对这一条路，费时、耗力、破财，这些看来都是它走到行业领军位置，成为美国盯上的“出头鸟”而不得不付的代价。 一场纯法律官司不可能引发孟晚舟案如此大规模且持续的轰动，即便乔布斯在世因为非政治原因吃官司，恐怕也只会轰动一时。美国国会议员现在说起华为，哪个不是带着政治怨愤的咬牙切齿？但这也正是最让人担忧的：美国政治迫害华为是否会成为对今后国家竞争有引导作用的示范？ 我们希望孟晚舟案最终会出现转机，或者在漫长的司法程序中某一个环节被良知和真正的法治精神主导，打破美加政治巧妙操弄法律而推动的体系性的随波逐流。或者美加从顶层意识到这一游戏的肮脏，那样的话他们是不难找到撤销此案的法律理由的。 对华为公司我们想说，美国发起的诉讼对华为肯定是很大的冲击，但华为一定要挺住。该公司既要努力打赢官司，又不能被它牵制，将科研和市场的努力分心。进一步强大是它应对当前各种挑战的最大资本。美国封它的市场，它就要让自己的产品不可取代。美国不卖它零件，它就要能自己生产出来。美国抓它的人，它就要表现意志的坚强。它要证明自己被压不倒，挤不垮，它是美国和西方必须坦然接受的高科技存在。 在5G网络建设中保持领先，市场销售顶着美国的压力继续扩大，再打一场在西方也堪称高水平的法律官司，这样的华为才不负众望。天将降大任于斯人，必先给其以种种磨难，一个人是这样，一个公司亦是如此。  收起全文d\n", "author": "胡锡进", "time": "胡锡进2019年03月04日14:41 来自iPhone7Plus", "transmit": " 转发 428", "comment": "评论 1275", "zan": " 1348"}, {"text": "\n                    【#孟晚舟律师起诉加拿大政府#】3月3日据央视新闻消息，根据当地媒体报道，华为公司首席财务官孟晚舟女士的律师团已经对加拿大政府、加拿大边境服务局和皇家骑警（即联邦警察）提起诉讼，指控他们在未告知她的情况下，就对她进行逮捕、搜查和审讯，这些做法都侵犯了她的宪法权利。O孟晚舟的律师对加拿大政府提起诉讼 ​                ", "author": "凤凰网财经", "time": "凤凰网财经2019年03月04日07:50 来自专业版微博", "transmit": " 转发 196", "comment": "评论 875", "zan": " 1744"}, {"text": "\n                    【孟晚舟的律师对加拿大政府提起诉讼】据当地媒体报道，华为公司首席财务官孟晚舟女士的律师团已对加拿大政府、加拿大边境服务局和皇家骑警（即联邦警察）提起诉讼，指控他们在未告知她的情况下，就对她进行逮捕、搜查和审讯，这些做法都侵犯了她的宪法权利。@央视新闻 ​                ", "author": "中国新闻网", "time": "中国新闻网2019年03月04日10:01 来自微博weibo.com", "transmit": " 转发 47", "comment": "评论 132", "zan": " 264"}, {"text": "\n                    【#孟晚舟反诉加拿大政府#：侵犯宪法权利】据加媒3月3日报道，华为公司首席财务官孟晚舟女士的律师团已经对加拿大政府、加拿大边境服务局和皇家骑警提起诉讼，指控他们在未告知她的情况下，就对她进行逮捕、搜查和审讯，这些做法都侵犯了她的宪法权利。@中宏网新闻  L中宏网新闻的微博视频 ​                ", "author": "新浪视频", "time": "新浪视频2019年03月04日11:26 来自专业版微博", "transmit": " 转发 52", "comment": "评论 74", "zan": " 118"}, {"text": "\n                    【孟晚舟的律师对加拿大政府提起诉讼】据当地媒体报道，华为公司首席财务官孟晚舟女士的律师团已对加拿大政府、加拿大边境服务局和皇家骑警（即联邦警察）提起诉讼，指控他们在未告知她的情况下，就对她进行逮捕、搜查和审讯，这些做法都侵犯了她的宪法权利。O孟晚舟的律师对加拿大政府提起诉讼 ​                ", "author": "每日经济新闻", "time": "每日经济新闻2019年03月04日07:33 来自HUAWEIMate20", "transmit": " 转发 49", "comment": "评论 23", "zan": " 255"}, {"text": "\n                    【#孟晚舟对加拿大政府提起诉讼#】据央视新闻消息，根据当地媒体报道，华为公司首席财务官孟晚舟女士的律师团已经对加拿大政府、加拿大边境服务局和皇家骑警提起诉讼，指控他们在未告知她的情况下，就对她进行逮捕、搜查和审讯，这些做法都侵犯了她的宪法权利。O孟晚舟的律师对加拿大政府提起诉讼 ​                ", "author": "新浪科技", "time": "新浪科技2019年03月04日07:30 来自微博weibo.com", "transmit": " 转发 68", "comment": "评论 27", "zan": " 119"}, {"text": "\n                    【#孟晚舟律师起诉加拿大政府# 华为：暂无评论】《环球邮报》消息，目前正被加拿大政府拘押的华为高管孟晚舟已经提起对加拿大政府的民事诉讼，指控其“严重侵犯”自己的宪法权利。对此，华为方面回应称：起诉书中已说明了相关情况，案件正在法院审理中，目前没有进一步评论。O孟晚舟反诉加拿大政府，华为：暂无评论 ​                ", "author": "新浪科技", "time": "新浪科技2019年03月04日11:20 来自微博weibo.com", "transmit": " 转发 6", "comment": "评论 6", "zan": " 79"}, {"text": "\n#多家外媒称华为准备起诉美国政府# 今天，华为决定就孟晚舟案起诉加拿大政府一事，受到广泛关注。但这似乎不是华为唯一的法律行动。美国纽约时报、英国路透社等多家外媒就宣称，华为似乎还准备起诉美国政府。事情变得更严重了？ ​                ", "author": "锋潮科技", "time": "锋潮科技2019年03月04日21:18", "transmit": " 转发 23", "comment": "评论 77", "zan": " 104"}, {"text": "\n                    【突发！孟晚舟起诉加拿大政府！】据最新消息，华为公司CFO孟晚舟将加拿大联邦政府、加拿大边境事务局、以及加拿大皇家骑警告上法庭，称他们在12月1日对其实施逮捕时严重违反了孟晚舟的宪法权利！孟晚舟的律师事务所表示，他们已经向BC最高法院提出民事诉讼。该诉讼称，当局不是立即逮捕她，而是在海关 ​  展开全文c \n                    【突发！孟晚舟起诉加拿大政府！】据最新消息，华为公司CFO孟晚舟将加拿大联邦政府、加拿大边境事务局、以及加拿大皇家骑警告上法庭，称他们在12月1日对其实施逮捕时严重违反了孟晚舟的宪法权利！孟晚舟的律师事务所表示，他们已经向BC最高法院提出民事诉讼。该诉讼称，当局不是立即逮捕她，而是在海关常规检查的幌子下，对孟晚舟进行审讯，并利用这个机会强迫她提供证据及信息（被捕前对其非法搜身、拘禁、询问、以及搜查证据）。上诉内容同时表示，孟在机场被突然逮捕后，不得不遭受“精神压力，焦虑，并且失去自由”（mental distress, anxiety, and loss of liberty）。#加拿大生活# #加拿大新鲜事# 收起全文d\n", "author": "城市知道-温哥华", "time": "城市知道-温哥华2019年03月04日05:56 来自微博weibo.com", "transmit": " 转发 52", "comment": "评论 24", "zan": " 91"}, {"text": "\n                    【旷日持久的诉讼】据央视新闻消息，根据当地媒体报道，华为公司首席财务官孟晚舟女士的律师团已经对加拿大政府、加拿大边境服务局和皇家骑警（即联邦警察）提起诉讼，指控他们在未告知她的情况下，就对她进行逮捕、搜查和审讯，这些做法都侵犯了她的宪法权利。律师的办法是进行一场长期诉讼，对华为 ​  展开全文c \n                    【旷日持久的诉讼】据央视新闻消息，根据当地媒体报道，华为公司首席财务官孟晚舟女士的律师团已经对加拿大政府、加拿大边境服务局和皇家骑警（即联邦警察）提起诉讼，指控他们在未告知她的情况下，就对她进行逮捕、搜查和审讯，这些做法都侵犯了她的宪法权利。律师的办法是进行一场长期诉讼，对华为没有孟晚舟不影响发展，她的生命和安全不受影响，形象还是很正面。这事华为是强权政治势力的受害者。时间拉长，政治解决的手段就会更多。加拿大政府被长期陷入此事，政治形象，外交局势和经济都要受影响。关键是无所得，美国要政治解决，就会政治解决，司法独立，那是不可能的。加拿大民众却要付出代价。 收起全文d\n", "author": "飞象网项立刚", "time": "飞象网项立刚2019年03月04日08:40 来自华为Mate10保时捷设计", "transmit": " 转发 69", "comment": "评论 68", "zan": " 294"}, {"text": "\n                    【孟晚舟的律师对加拿大政府提起诉讼】据当地媒体报道，华为公司首席财务官孟晚舟女士的律师团已对加拿大政府、加拿大边境服务局和皇家骑警（即联邦警察）提起诉讼，指控他们在未告知她的情况下，就对她进行逮捕、搜查和审讯，这些做法都侵犯了她的宪法权利。（@央视新闻） ​                ", "author": "中国之声", "time": "中国之声2019年03月04日10:20 来自微博weibo.com", "transmit": " 转发 14", "comment": "评论 12", "zan": " 83"}, {"text": "\n                    【孟晚舟的律师对加拿大政府提起诉讼】华为公司首席财务官孟晚舟女士的律师团已经对加拿大政府、加拿大边境服务局和皇家骑警（即联邦警察）提起诉讼，指控他们在未告知她的情况下，就对她进行逮捕、搜查和审讯，这些做法都侵犯了她的宪法权利。#孟晚舟律师起诉加拿大政府# ​                ", "author": "中国长安网", "time": "中国长安网2019年03月04日09:11 来自微博weibo.com", "transmit": " 转发 99", "comment": "评论 82", "zan": " 161"}, {"text": "\n                    【#孟晚舟律师起诉加拿大政府#】3月3日据央视新闻消息，根据当地媒体报道，华为公司首席财务官孟晚舟女士的律师团已经对加拿大政府、加拿大边境服务局和皇家骑警（即联邦警察）提起诉讼，指控他们在未告知她的情况下，就对她进行逮捕、搜查和审讯，这些做法都侵犯了她的宪法权利。via.新京报网  ​  展开全文c \n                    【#孟晚舟律师起诉加拿大政府#】3月3日据央视新闻消息，根据当地媒体报道，华为公司首席财务官孟晚舟女士的律师团已经对加拿大政府、加拿大边境服务局和皇家骑警（即联邦警察）提起诉讼，指控他们在未告知她的情况下，就对她进行逮捕、搜查和审讯，这些做法都侵犯了她的宪法权利。via.新京报网 O孟晚舟的律师对加拿大政府提起诉讼 收起全文d\n", "author": "凤凰周刊", "time": "凤凰周刊2019年03月04日10:29 来自专业版微博", "transmit": " 转发 24", "comment": "评论 71", "zan": " 76"}, {"text": "\n孟晚舟起诉加拿大当局！华为为什么不起诉美国政府？难道动用政权，以举国之力抵制一家商业企业不违法吗？公知说它们都是法治社会，法制国家 ​                ", "author": "后沙月光本尊", "time": "后沙月光本尊2019年03月04日18:42 来自HUAWEIMate8", "transmit": " 转发 24", "comment": "评论 33", "zan": " 238"}, {"text": "\n                    【#孟晚舟正式起诉加拿大政府#，指控严重侵犯自身宪法权利】3月4日消息，目前，正被加拿大政府拘押的华为高管孟晚舟已经提起对加拿大政府的民事诉讼，指控其“严重侵犯”自己的宪法权利。孟晚舟的诉讼对象还包括加拿大边境服务局以及加拿大皇家骑警。据《环球邮报》称，孟晚舟的律师团队周日（3日）发 ​  展开全文c \n                    【#孟晚舟正式起诉加拿大政府#，指控严重侵犯自身宪法权利】3月4日消息，目前，正被加拿大政府拘押的华为高管孟晚舟已经提起对加拿大政府的民事诉讼，指控其“严重侵犯”自己的宪法权利。孟晚舟的诉讼对象还包括加拿大边境服务局以及加拿大皇家骑警。据《环球邮报》称，孟晚舟的律师团队周日（3日）发出一份声明，称已于3月1日向加拿大不列颠哥伦比亚省高等法院提起民事诉讼。声明说，诉讼指控孟女士被严重侵犯宪法权利，并就“加拿大政府官员多次未能遵守法治而造成的公职失职和非法监禁”要求赔偿。（CBC、蓝血研究） 收起全文d\n", "author": "中国企业家杂志", "time": "中国企业家杂志2019年03月04日09:19 来自微博weibo.com", "transmit": " 转发 10", "comment": "评论 15", "zan": " 36"}, {"text": "\n#孟晚舟律师起诉加拿大政府#【突发！#孟晚舟反诉加拿大政府#！】加拿大《环球邮报》3日消息，目前正被加拿大政府拘押的华为高管孟晚舟已经提起对加拿大政府的民事诉讼，指控其“严重侵犯”自己的宪法权利。孟晚舟的诉讼对象还包括加拿大边境服务局以及加拿大皇家骑警。孟晚舟的律师在诉讼中称，加拿大 ​  展开全文c \n#孟晚舟律师起诉加拿大政府#【突发！#孟晚舟反诉加拿大政府#！】加拿大《环球邮报》3日消息，目前正被加拿大政府拘押的华为高管孟晚舟已经提起对加拿大政府的民事诉讼，指控其“严重侵犯”自己的宪法权利。孟晚舟的诉讼对象还包括加拿大边境服务局以及加拿大皇家骑警。孟晚舟的律师在诉讼中称，加拿大当局不是立即逮捕她，而是在海关常规检查的幌子下，对孟晚舟进行审讯，并利用这个机会强迫她提供证据及信息。对于孟晚舟的控告，加拿大边境服务局，皇家骑警和联邦政府尚未作出反应。（环球网）O突发！孟晚舟反诉加拿大政府 收起全文d\n", "author": "今晚报", "time": "今晚报2019年03月04日10:38 来自360安全浏览器", "transmit": " 转发 13", "comment": "评论 17", "zan": " 38"}, {"text": "\n                    【长安网：加拿大人康明凯窃取刺探国家秘密等取得重要进展】在加拿大司法部启动引渡华为首席财务官孟晚舟到美国受审程序的三天后，中国官方媒体放出消息，指加拿大前驻华外交官康明凯窃取和刺探情报案的侦办工作取得重要进展。O加拿大人康明凯涉嫌窃取刺探国家秘密等已取得重要进展 ​                ", "author": "早报网", "time": "早报网2019年03月04日21:21 来自微博weibo.com", "transmit": " 转发 35", "comment": "评论 114", "zan": " 65"}, {"text": "\n#孟晚舟律师起诉加拿大政府#【孟晚舟反击 指控加拿大政府未捕先审】中国电讯设备制造商华为副董事长孟晚舟在加拿大的律师，向卑诗省最高法院提出民事诉讼，指控加拿大政府、警方及边防部门，在拘捕孟晚舟前对她进行扣留、搜查及问话，假装例行海关检查，强迫孟晚舟提供证据及资料。入禀状指，边防人员 ​  展开全文c \n#孟晚舟律师起诉加拿大政府#【孟晚舟反击 指控加拿大政府未捕先审】中国电讯设备制造商华为副董事长孟晚舟在加拿大的律师，向卑诗省最高法院提出民事诉讼，指控加拿大政府、警方及边防部门，在拘捕孟晚舟前对她进行扣留、搜查及问话，假装例行海关检查，强迫孟晚舟提供证据及资料。入禀状指，边防人员要求孟晚舟提供电子装置的密码，并取走装置非法阅览内容，又故意拖延，直至三小时后才知会她被捕。O孟晚舟反擊 告加國政府未捕先審 收起全文d\n", "author": "大公報-大公網", "time": "大公報-大公網2019年03月04日12:00 来自微博weibo.com", "transmit": " 转发 8", "comment": "评论 21", "zan": " 59"}]