[{"text": "\n                    【“加拿大鹅”暴跌】加拿大因拘押华为首席财务官孟晚舟掀起的巨浪已波及本国企业。12月6日一天，加拿大羽绒服制造商、纽约股票交易所上市公司加拿大鹅的股价暴跌8.44%，上周五收盘股价进一步下挫6.64%，报收每股58.45美元，10日早盘则继续维持跌势。与加拿大鹅的颓势形成鲜明对比的是，中国本土知名羽 ​  展开全文c \n                    【“加拿大鹅”暴跌】加拿大因拘押华为首席财务官孟晚舟掀起的巨浪已波及本国企业。12月6日一天，加拿大羽绒服制造商、纽约股票交易所上市公司加拿大鹅的股价暴跌8.44%，上周五收盘股价进一步下挫6.64%，报收每股58.45美元，10日早盘则继续维持跌势。与加拿大鹅的颓势形成鲜明对比的是，中国本土知名羽绒服品牌波司登的港股股价却表现抢眼，过去一周涨幅已接近14%。股价创出五年来新高。 #加拿大鹅暴跌# 收起全文d\n", "author": "环球网", "time": "环球网2018年12月11日12:25", "transmit": " 转发 1592", "comment": "评论 4483", "zan": " 8514"}, {"text": "\n                    【“加拿大鹅”暴跌】加拿大因拘押华为首席财务官孟晚舟掀起的巨浪已波及本国企业。12月6日一天，加拿大羽绒服制造商、纽约股票交易所上市公司加拿大鹅的股价暴跌8.44%，上周五收盘股价进一步下挫6.64%，报收每股58.45美元，10日早盘则继续维持跌势。与加拿大鹅的颓势形成鲜明对比的是，中国本土知名羽 ​  展开全文c \n                    【“加拿大鹅”暴跌】加拿大因拘押华为首席财务官孟晚舟掀起的巨浪已波及本国企业。12月6日一天，加拿大羽绒服制造商、纽约股票交易所上市公司加拿大鹅的股价暴跌8.44%，上周五收盘股价进一步下挫6.64%，报收每股58.45美元，10日早盘则继续维持跌势。与加拿大鹅的颓势形成鲜明对比的是，中国本土知名羽绒服品牌波司登的港股股价却表现抢眼，过去一周涨幅已接近14%。股价创出五年来新高。 收起全文d\n", "author": "新浪财经", "time": "新浪财经2018年12月11日14:12 来自专业版微博", "transmit": " 转发 1562", "comment": "评论 1296", "zan": " 5498"}, {"text": "\n#华为CFO孟晚舟被捕#【孟晚舟保释听证未得出结论 明天继续举行】当地时间10日上午10点，加拿大不列颠哥伦比亚省高等法院对孟晚舟女士的保释听证重新举行。当天的听证在该法院警戒等级最高的20厅进行。此次保释听证没有得出结论，法官表示当地时间11日继续举行。（央视记者张森） ​                ", "author": "央视新闻", "time": "央视新闻2018年12月11日08:24 来自微博weibo.com", "transmit": " 转发 432", "comment": "评论 1213", "zan": " 2272"}, {"text": "\n#华为CFO孟晚舟被捕#【林郑月娥：孟晚舟在任何时候只持有一本有效特区护照】针对华为集团副董事长孟晚舟持有香港特区护照，行政长官林郑月娥指出：有关签发情况与入境政策完全一致，孟晚舟在任何时候只持有一本有效特区护照。（央视记者朱丹） ​                ", "author": "央视新闻", "time": "央视新闻2018年12月11日15:37 来自微博weibo.com", "transmit": " 转发 263", "comment": "评论 798", "zan": " 2122"}, {"text": "\n                    【#孟晚舟第二次保释听证#，大量华人在庭外抗议，高举“放人”标语】当地时间10日上午10点，加拿大不列颠哥伦比亚省高等法院对孟晚舟女士的保释听证重新举行。在听证会前，大批华人在庭外举起“FREE MS.MENG”、“WE LOVE YOU, HUAWEI”等标语声援孟晚舟，力挺华为。此次保释听证没有得出结论，法官表 ​  展开全文c \n                    【#孟晚舟第二次保释听证#，大量华人在庭外抗议，高举“放人”标语】当地时间10日上午10点，加拿大不列颠哥伦比亚省高等法院对孟晚舟女士的保释听证重新举行。在听证会前，大批华人在庭外举起“FREE MS.MENG”、“WE LOVE YOU, HUAWEI”等标语声援孟晚舟，力挺华为。此次保释听证没有得出结论，法官表示11日继续举行。  L中报视频的秒拍视频 @中报视频 收起全文d\n", "author": "中国日报", "time": "中国日报2018年12月11日12:31 来自微博weibo.com", "transmit": " 转发 195", "comment": "评论 395", "zan": " 1021"}, {"text": "\n                    路透社星期二晚上报道说，加拿大前外交官、国际预防危机组织中国分析师康明凯（Michael Kovrig）已在中国被扣押。路透社的这一报道是根据康明凯所在上述组织的消息发出的，其准确性不得而知，中国和加拿大官方都还没有回应此事。路透社称，康明凯被拘押发生在华为高管孟晚舟12月1日在加拿大被扣押之后 ​  展开全文c \n                    路透社星期二晚上报道说，加拿大前外交官、国际预防危机组织中国分析师康明凯（Michael Kovrig）已在中国被扣押。路透社的这一报道是根据康明凯所在上述组织的消息发出的，其准确性不得而知，中国和加拿大官方都还没有回应此事。路透社称，康明凯被拘押发生在华为高管孟晚舟12月1日在加拿大被扣押之后，而孟晚舟事件引发了中国可能采取报复的恐惧。老胡要在第一时间就这个消息说，如果此事为真，现在没有任何证据可以说明它是中国政府对孟晚舟事件的报复。而如果外界产生这种联想，那是因为扣押孟晚舟的确是很过分的事件，人们天然地认为中国会采取报复行动。另外两件事不同的是，孟晚舟是商界人士，她是在第三国加拿大被拘捕的，而她并没有触犯加拿大的任何法律。而康明凯则是在中国境内活动，他是因在这里的行为被采取法律行动的，如果他的确被拘捕了的话。最后我想说，目前的局势高度敏感，而这种敏感的来源是美国对华为不公正的打压和美加串谋对孟晚舟采取突袭式拘捕。 收起全文d\n", "author": "胡锡进", "time": "胡锡进2018年12月11日22:29 来自iPhone7Plus", "transmit": " 转发 928", "comment": "评论 2418", "zan": " 2587"}, {"text": "\n                    【“加拿大鹅”暴跌，波司登大涨】加拿大因拘押华为首席财务官孟晚舟掀起的巨浪已波及本国企业。12月6日一天，加拿大羽绒服制造商、纽约股票交易所上市公司加拿大鹅的股价暴跌8.44%，上周五收盘股价进一步下挫6.64%，报收每股58.45美元，10日早盘则继续维持跌势。与加拿大鹅的颓势形成鲜明对比 ​  展开全文c \n                    【“加拿大鹅”暴跌，波司登大涨】加拿大因拘押华为首席财务官孟晚舟掀起的巨浪已波及本国企业。12月6日一天，加拿大羽绒服制造商、纽约股票交易所上市公司加拿大鹅的股价暴跌8.44%，上周五收盘股价进一步下挫6.64%，报收每股58.45美元，10日早盘则继续维持跌势。与加拿大鹅的颓势形成鲜明对比的是，中国本土知名羽绒服品牌波司登的港股股价却表现抢眼，过去一周涨幅已接近14%。股价创出五年来新高。与加拿大鹅的颓势形成鲜明对比的是，中国本土知名羽绒服品牌波司登的港股股价却表现抢眼，过去一周涨幅已接近14%。股价创出五年来新高 #波司登暴涨# #加拿大鹅暴跌# 收起全文d\n", "author": "创业邦杂志", "time": "创业邦杂志2018年12月11日14:35", "transmit": " 转发 365", "comment": "评论 931", "zan": " 3402"}, {"text": "\n                    【加拿大：孟晚舟保释听证10日没有得出结论，11日继续举行】当地时间10日，加拿大温哥华BC高等法庭继续召开对华为CFO孟晚舟的保释听证会。当天的庭审没有得出结论，法官表示，明天（11日）继续举行。在当天的聆讯中，主要由孟晚舟方面邀请安保公司和GPS公司介绍如果孟晚舟获得保释，将采取何种措施保证 ​  展开全文c \n                    【加拿大：孟晚舟保释听证10日没有得出结论，11日继续举行】当地时间10日，加拿大温哥华BC高等法庭继续召开对华为CFO孟晚舟的保释听证会。当天的庭审没有得出结论，法官表示，明天（11日）继续举行。在当天的聆讯中，主要由孟晚舟方面邀请安保公司和GPS公司介绍如果孟晚舟获得保释，将采取何种措施保证她不会潜逃。孟晚舟女士的丈夫也出现在法庭的听众席上，与他的妻子被一道防护玻璃隔开。在法庭外面，有华人群众举起标语，要求释放孟晚舟女士。O孟晚舟保释听证会未得出结论 法官称11日继续 收起全文d\n", "author": "人民日报海外版-海外网", "time": "人民日报海外版-海外网2018年12月11日08:20 来自微博weibo.com", "transmit": " 转发 180", "comment": "评论 334", "zan": " 1356"}, {"text": "\n#任正非之女被逮捕#【林郑月娥：孟晚舟在任何时候只持有一本有效特区护照】针对华为集团副董事长孟晚舟持有香港特区护照，行政长官林郑月娥指出：有关签发情况与入境政策完全一致，孟晚舟在任何时候只持有一本有效特区护照。@央视新闻 ​                ", "author": "头条新闻", "time": "头条新闻2018年12月11日16:06 来自微博weibo.com", "transmit": " 转发 198", "comment": "评论 380", "zan": " 805"}, {"text": "\n孟晚舟保释听证二审最新进展不少华人前去声援孟女士打出“释放孟女士”的标语鲜红的字迹是对西方野蛮粗暴的无声的抗议孟女士加油大洋彼岸14亿同胞是你的坚强后盾#华为##孟晚舟保释听证# ​                ", "author": "建华Wei业", "time": "建华Wei业2018年12月11日02:21 来自HUAWEIMate20Pro", "transmit": " 转发 166", "comment": "评论 2083", "zan": " 1638"}, {"text": "\n                    【华为CFO孟晚舟保释听证未得出结论 明天继续举行】当地时间10日上午10点，加拿大不列颠哥伦比亚省高等法院对孟晚舟女士的保释听证重新举行。当天的听证在该法院警戒等级最高的20厅进行。此次保释听证没有得出结论，法官表示当地时间11日继续举行。（@央视新闻  央视记者张森） ​                ", "author": "中国青年报", "time": "中国青年报2018年12月11日09:19 来自微博weibo.com", "transmit": " 转发 31", "comment": "评论 202", "zan": " 306"}, {"text": "\n                    【“加拿大鹅”暴跌】加拿大因拘押华为首席财务官孟晚舟掀起的巨浪已波及本国企业。12月6日一天，加拿大羽绒服制造商、纽约股票交易所上市公司加拿大鹅的股价暴跌8.44%，上周五收盘股价进一步下挫6.64%，报收每股58.45美元，10日早盘则继续维持跌势。与加拿大鹅的颓势形成鲜明对比的是，中国本土知名羽 ​  展开全文c \n                    【“加拿大鹅”暴跌】加拿大因拘押华为首席财务官孟晚舟掀起的巨浪已波及本国企业。12月6日一天，加拿大羽绒服制造商、纽约股票交易所上市公司加拿大鹅的股价暴跌8.44%，上周五收盘股价进一步下挫6.64%，报收每股58.45美元，10日早盘则继续维持跌势。与加拿大鹅的颓势形成鲜明对比的是，中国本土知名羽绒服品牌波司登的港股股价却表现抢眼，过去一周涨幅已接近14%。股价创出五年来新高。#加拿大鹅暴跌#（环球网） 收起全文d\n", "author": "中国日报", "time": "中国日报2018年12月11日14:03 来自微博weibo.com", "transmit": " 转发 65", "comment": "评论 137", "zan": " 273"}, {"text": "\n                    【孟晚舟保释听证会仍无结果，法官称“引渡可能发生也可能不发生”】当地时间12月10日上午，针对华为公司高管孟晚舟的第二场保释听证会在加拿大不列颠哥伦比亚省高等法院举行。在10日这一场听证会上，法官引述他过往经验及案件，指出引渡聆讯需时数月甚至数年。他还表示，“美国政府可以在60天内向加拿 ​  展开全文c \n                    【孟晚舟保释听证会仍无结果，法官称“引渡可能发生也可能不发生”】当地时间12月10日上午，针对华为公司高管孟晚舟的第二场保释听证会在加拿大不列颠哥伦比亚省高等法院举行。在10日这一场听证会上，法官引述他过往经验及案件，指出引渡聆讯需时数月甚至数年。他还表示，“美国政府可以在60天内向加拿大方面提出引渡要求，因此理论上引渡可能发生，也可能不会发生。” #任正非之女被逮捕# O孟晚舟保释听证会仍无结果，法官称“引渡可能发生也可能不发生” 收起全文d\n", "author": "头条新闻", "time": "头条新闻2018年12月11日14:33 来自微博weibo.com", "transmit": " 转发 122", "comment": "评论 510", "zan": " 319"}, {"text": "\n孟晚舟保释听证二审最新进展加国还标榜司法独立法官偏向性很明显有个很倾向性的问题法官问监视团队，他们华为通信技术那么好你们团队有没有设备能干扰想说，华为生产的是通讯设备不是监听设备想知道这些问你美国爸爸他很专业五眼联盟和棱镜门了解一下！#华为##孟晚舟保释听证# ​                ", "author": "建华Wei业", "time": "建华Wei业2018年12月11日03:21 来自HUAWEIMate20Pro", "transmit": " 转发 145", "comment": "评论 675", "zan": " 788"}, {"text": "\n                    【#加拿大鹅暴跌#，#波司登暴涨#】加拿大因拘华为CFO孟晚舟掀起的巨浪已波及本国企业。12月6日，加拿大羽绒服制造商、纽约股票交易所上市公司加拿大鹅的股价暴跌8.44%。中国知名羽绒服品牌波司登的港股股价却表现抢眼，过去一周涨幅接近14%。股价创5年新高！你会支持国货吗→O遭抵制？加拿大鹅暴跌16%，波司登创5年新高！ ​                ", "author": "大河报", "time": "大河报2018年12月11日16:49 来自360安全浏览器", "transmit": " 转发 13", "comment": "评论 31", "zan": " 92"}, {"text": "\n孟晚舟女士二次保释听证会应该是北京时间凌晨2:00开始加拿大法院新贴的内容“我国司法独立，敬请尊重”但愿如此吧  加国肯定没听过“此地无银三百两”的故事持续关注中………#华为##孟晚舟保释听证# ​                ", "author": "建华Wei业", "time": "建华Wei业2018年12月11日01:46 来自华为超话", "transmit": " 转发 239", "comment": "评论 651", "zan": " 656"}, {"text": "\n孟晚舟听证会场外，支持者向媒体记者表示:支持华为，要求释放孟晚舟，谴责加拿大替美国干脏活 ​                ", "author": "寰亚SYHP", "time": "寰亚SYHP2018年12月11日05:28", "transmit": " 转发 75", "comment": "评论 221", "zan": " 673"}, {"text": "\n#孟晚舟在加被捕#【林郑月娥：孟晚舟在任何时候只持有一本有效特区护照】针对华为集团副董事长孟晚舟持有香港特区护照，行政长官林郑月娥指出：有关签发情况与入境政策完全一致，孟晚舟在任何时候只持有一本有效特区护照。（央视新闻） ​                ", "author": "中国日报", "time": "中国日报2018年12月11日15:54 来自微博weibo.com", "transmit": " 转发 48", "comment": "评论 135", "zan": " 287"}, {"text": "\n为两位华夏儿女点赞，好样的！温哥华有很多华人，希望更华人去现场声援，展现国人团结一致，共同对抗挑衅！12月10日，加拿大法庭继续召开对孟晚舟的听证会，对孟晚舟的保释资格进行控辩！庭外有华人抗议要求释放孟晚舟！#华为cfo孟晚舟被捕##加拿大司法部将对孟晚舟保释听证# ​                ", "author": "彩云香江", "time": "彩云香江2018年12月11日13:50 来自HUAWEIMate10Pro", "transmit": " 转发 30", "comment": "评论 67", "zan": " 239"}, {"text": "\n                    【全球华人一条心！不少华人在孟晚舟女士庭外抗议美加卑劣行径】当地时间上午10时，大批华人举起“FREE MS.MENG”、“WE LOVE YOU, HUAWEI”等标语声援孟晚舟女士，力挺华为 ，在遥远的大洋彼岸，发出中华儿女最掷地有声的声音L中报视频的秒拍视频 #华为##孟晚舟保释听证# ​                ", "author": "建华Wei业", "time": "建华Wei业2018年12月11日18:15 来自华为超话", "transmit": " 转发 45", "comment": "评论 67", "zan": " 215"}, {"text": "\n                    【华为与20多国签5G合约】中国外交部发言人陆慷10日称，加方未有第一时间就对#孟晚舟#实施拘押向中国驻加拿大使领馆通报，有违中加领事条约规定。陆慷表示，中方迄今未闻哪个国家因跟华为合作产生安全问题，现已有二十多个国家与华为签署5G商用合约，#华为#值得信赖，其越加得到国际伙伴信任的例子不胜 ​  展开全文c \n                    【华为与20多国签5G合约】中国外交部发言人陆慷10日称，加方未有第一时间就对#孟晚舟#实施拘押向中国驻加拿大使领馆通报，有违中加领事条约规定。陆慷表示，中方迄今未闻哪个国家因跟华为合作产生安全问题，现已有二十多个国家与华为签署5G商用合约，#华为#值得信赖，其越加得到国际伙伴信任的例子不胜枚举。O网页链接 收起全文d\n", "author": "香港文匯網", "time": "香港文匯網2018年12月11日09:51 来自微博weibo.com", "transmit": " 转发 76", "comment": "评论 252", "zan": " 427"}, {"text": "\n                    【“加拿大鹅”暴跌】加拿大因拘押华为首席财务官孟晚舟掀起的巨浪已波及本国企业。12月6日一天，加拿大羽绒服制造商、纽约股票交易所上市公司加拿大鹅的股价暴跌8.44%，上周五收盘股价进一步下挫6.64%，报收每股58.45美元，10日早盘则继续维持跌势。与加拿大鹅的颓势形成鲜明对比的是，中国本土知名羽 ​  展开全文c \n                    【“加拿大鹅”暴跌】加拿大因拘押华为首席财务官孟晚舟掀起的巨浪已波及本国企业。12月6日一天，加拿大羽绒服制造商、纽约股票交易所上市公司加拿大鹅的股价暴跌8.44%，上周五收盘股价进一步下挫6.64%，报收每股58.45美元，10日早盘则继续维持跌势。与加拿大鹅的颓势形成鲜明对比的是，中国本土知名羽绒服品牌波司登的港股股价却表现抢眼，过去一周涨幅已接近14%。股价创出五年来新高。 收起全文d\n", "author": "这里是美国", "time": "这里是美国2018年12月11日12:43 来自搜狗高速浏览器", "transmit": " 转发 116", "comment": "评论 439", "zan": " 412"}, {"text": "\n                    【法官无决定 孟晚舟聆讯后仍被关押】在加拿大被捕的华为公司首席财务官孟晚舟，当地时间10号结束在温哥华法院的保释聆讯，到当地时间周二早上十点再继续。辩方提出总值达到1500万加元，折合约7810万人民币的担保，更可以聘请保安公司监控孟晚舟的行踪。不过法官没有做出决定，孟晚舟仍要继续被关押。 ​  展开全文c \n                    【法官无决定 孟晚舟聆讯后仍被关押】在加拿大被捕的华为公司首席财务官孟晚舟，当地时间10号结束在温哥华法院的保释聆讯，到当地时间周二早上十点再继续。辩方提出总值达到1500万加元，折合约7810万人民币的担保，更可以聘请保安公司监控孟晚舟的行踪。不过法官没有做出决定，孟晚舟仍要继续被关押。而华为也发表声明，表示继续关注听证会，相信美加法律体系会做出公正结论。（凤凰卫视 余影澄 综合报道） 收起全文d\n", "author": "凤凰卫视", "time": "凤凰卫视2018年12月11日10:30 来自微博weibo.com", "transmit": " 转发 68", "comment": "评论 322", "zan": " 144"}, {"text": "\n                    【加拿大前外交官据报在中国被拘留】加拿大一名前外交官被爆被中国拘留，原因不明，外界担忧这也许和华为副董事长孟晚舟被捕事件有关，意味着中国和加拿大外交关系的进一步恶化，被拘的是目前任职非政府组织“国际危机组织（International Crisis Group）”东北亚高级顾问的康明凯（Michael Kovrig）。 ​  展开全文c \n                    【加拿大前外交官据报在中国被拘留】加拿大一名前外交官被爆被中国拘留，原因不明，外界担忧这也许和华为副董事长孟晚舟被捕事件有关，意味着中国和加拿大外交关系的进一步恶化，被拘的是目前任职非政府组织“国际危机组织（International Crisis Group）”东北亚高级顾问的康明凯（Michael Kovrig）。路透社今晚（11日）引述两名消息人士，透露康明凯已被中方拘留的消息。O加拿大前外交官据报在中国被拘留 收起全文d\n", "author": "早报网", "time": "早报网2018年12月11日23:27 来自微博weibo.com", "transmit": " 转发 213", "comment": "评论 922", "zan": " 417"}, {"text": "\n                    【#孟晚舟第二次保释听证#，华人庭外高举“放人”标语】当地时间10日上午10点，加拿大不列颠哥伦比亚省高等法院对孟晚舟女士的保释听证重新举行。在听证会前，大批华人在庭外举起“FREE MS.MENG”、“WE LOVE YOU, HUAWEI”等标语声援孟晚舟，力挺华为。此次保释听证没有得出结论，法官表示11日继续举 ​  展开全文c \n                    【#孟晚舟第二次保释听证#，华人庭外高举“放人”标语】当地时间10日上午10点，加拿大不列颠哥伦比亚省高等法院对孟晚舟女士的保释听证重新举行。在听证会前，大批华人在庭外举起“FREE MS.MENG”、“WE LOVE YOU, HUAWEI”等标语声援孟晚舟，力挺华为。此次保释听证没有得出结论，法官表示11日继续举行。#华为cfo孟晚舟被捕##孟晚舟保释听证# L中报视频的秒拍视频 收起全文d\n", "author": "创业家传媒", "time": "创业家传媒2018年12月11日13:09 来自微博weibo.com", "transmit": " 转发 105", "comment": "评论 83", "zan": " 120"}, {"text": "\n                    【林郑月娥：孟晚舟在任何时候只持有一本有效特区护照】针对华为集团副董事长孟晚舟持有香港特区护照，行政长官林郑月娥指出：有关签发情况与入境政策完全一致，孟晚舟在任何时候只持有一本有效特区护照。（央视）#华为CFO孟晚舟被捕#O林郑月娥：孟晚舟在任何时候只持有一本有效特区护照 ​                ", "author": "第一财经日报", "time": "第一财经日报2018年12月11日17:48 来自微博weibo.com", "transmit": " 转发 21", "comment": "评论 49", "zan": " 66"}, {"text": "\n#华为CFO孟晚舟被捕#【林郑月娥：孟晚舟在任何时候只持有一本有效特区护照】据@央视新闻 ，针对华为集团副董事长孟晚舟持有香港特区护照，行政长官林郑月娥指出：有关签发情况与入境政策完全一致，孟晚舟在任何时候只持有一本有效特区护照。 ​                ", "author": "南方周末", "time": "南方周末2018年12月11日16:05 来自微博weibo.com", "transmit": " 转发 16", "comment": "评论 26", "zan": " 66"}, {"text": "\n#亥时点评# #华为CFO孟晚舟被捕#【今天，华为震惊世界，致敬华为，致敬任正非】支持华为，支持民族企业，祝愿祖国繁荣昌盛！O今天，华为震惊世界，致敬华为，致敬任正非 ​                ", "author": "亥时热评", "time": "亥时热评2018年12月11日23:03 来自微博weibo.com", "transmit": " 转发 13", "comment": "评论 19", "zan": " 150"}, {"text": "\n                    北京时间12月6日，加拿大警方应美国当局要求扣押了华为CFO孟晚舟的消息引发了政商各界高度关注。我认为这是一种国际商业恐怖主义行为。如果两国企业是进行公平竞争，美国方面完全不应该动用这样的手段。从表面上来看，美国的依据是因为华为触犯了美方制裁伊朗的法案，但是伊朗问题应该遵循国际法框架 ​  展开全文c \n                    北京时间12月6日，加拿大警方应美国当局要求扣押了华为CFO孟晚舟的消息引发了政商各界高度关注。我认为这是一种国际商业恐怖主义行为。如果两国企业是进行公平竞争，美国方面完全不应该动用这样的手段。从表面上来看，美国的依据是因为华为触犯了美方制裁伊朗的法案，但是伊朗问题应该遵循国际法框架下的联合国决议。在国际商业竞争领域中，所有国家和企业都应该遵守同一种国际商业的竞争规则，而美国现在已经无所不用其极。我认为美方要求扣留孟晚舟并不是针对她个人，更大的可能是像中兴事件一样，想要通过这件事获得某些更大的谈判筹码。毫无疑问这是一种破坏商业规则的打法，是一种进攻性的非关税贸易壁垒。我在《孟晚舟被扣押中国应坚决回击，杀鸡儆猴维护自身利益》一文中详细分析了这一事件，关注公众号【宋鸿兵观天下】，后台回复“扣押”即可阅读原文，回复“历史”可查看往期内容，回复“9”免费参与《中国历代政治得失》领取。 收起全文d\n", "author": "宋鸿兵", "time": "宋鸿兵2018年12月11日10:56 来自微博weibo.com", "transmit": " 转发 66", "comment": "评论 171", "zan": " 173"}, {"text": "\n                    【孟晚舟保释听证会现场 有人手机铃声响起中国国歌】当地时间10日，加拿大温哥华BC高等法院继续召开对华为CFO孟晚舟的保释听证会。当天的庭审没有得出结论，法官表示明天（11日）继续。当天的听证会期间，有人手机铃声响起中国国歌。在法庭外面，有不少华人群众高举标语，要求立即释放孟晚舟。当地华人 ​  展开全文c \n                    【孟晚舟保释听证会现场 有人手机铃声响起中国国歌】当地时间10日，加拿大温哥华BC高等法院继续召开对华为CFO孟晚舟的保释听证会。当天的庭审没有得出结论，法官表示明天（11日）继续。当天的听证会期间，有人手机铃声响起中国国歌。在法庭外面，有不少华人群众高举标语，要求立即释放孟晚舟。当地华人表示，加拿大应该立即释放孟晚舟，她应该受到人道对待。O孟晚舟保释听证会现场 有人手机铃声响起中国国歌 收起全文d\n", "author": "人民日报海外版-海外网", "time": "人民日报海外版-海外网2018年12月11日12:30 来自微博weibo.com", "transmit": " 转发 14", "comment": "评论 53", "zan": " 120"}]