[{"text": "\n                    【新加坡国大法学院副教授王江雨：美以金融欺诈案包装对华为政治打压】新加坡国立大学法学院副教授王江雨认为，美国政府以华为公司违反对伊朗的经济制裁，要求加拿大协助逮捕并引渡华为副董事长孟晚舟，其实是用金融欺诈案来包装对华为的政治打压。O新加坡国大法学院副教授王江雨： 美以金融欺诈案包装对华为政治打压 ​                ", "author": "早报网", "time": "早报网2019年03月18日08:09 来自微博weibo.com", "transmit": " 转发 31", "comment": "评论 91", "zan": " 75"}, {"text": "\n                    针对孟晚舟一案，新加坡国立大学法学院副教授王江雨表示，美国以华为公司违反其对伊朗的经济制裁，要求加拿大逮捕并引渡华为副董事长孟晚舟，其实是用“金融欺诈案”来包装对华为的政治打压。王江雨副教授特别指出：“企业犯法不能抓高管。如果凡事抓高管，世界上就没有公司了。”这是因为 “企业本身 ​  展开全文c \n                    针对孟晚舟一案，新加坡国立大学法学院副教授王江雨表示，美国以华为公司违反其对伊朗的经济制裁，要求加拿大逮捕并引渡华为副董事长孟晚舟，其实是用“金融欺诈案”来包装对华为的政治打压。王江雨副教授特别指出：“企业犯法不能抓高管。如果凡事抓高管，世界上就没有公司了。”这是因为 “企业本身有独立人格。公司法把企业当作有自主性的个人来处理，是为了保护有限责任。另外，在技术上也很难区分个人责任，是谁做的决定（例如：偷税漏税）。”“除非高管真的去行贿或攻击别人，直接抓高管在法律上站不住脚。” 新加坡、加拿大和美国同属英美法系国家，王教授有发言权。 收起全文d\n", "author": "孙敬书", "time": "孙敬书2019年03月18日16:22", "transmit": " 转发 7", "comment": "评论 3", "zan": " 12"}]