[{"text": "\n                    【韬光养晦只是手段，中国的目标一直是有所作为】#这就是中国张维为# 张维为老师表示，中国现在这批领导人，很多都是从大风大浪里历练过来的，难道还怕和流氓打交道？很多人为美国对华为孟晚舟出手的事情气愤不已，但其实相对当年的轰炸大使馆事件、撞机事件，美国其实都已经很“低调”了。我们中国 ​  展开全文c \n                    【韬光养晦只是手段，中国的目标一直是有所作为】#这就是中国张维为# 张维为老师表示，中国现在这批领导人，很多都是从大风大浪里历练过来的，难道还怕和流氓打交道？很多人为美国对华为孟晚舟出手的事情气愤不已，但其实相对当年的轰炸大使馆事件、撞机事件，美国其实都已经很“低调”了。我们中国人这些年一直说“韬光养晦”，但这只是一种手段，我们的目标始终都是要“有所作为”，这一点美国人其实明白了。L观视频工作室的秒拍视频 收起全文d\n", "author": "观视频工作室", "time": "观视频工作室2019年01月09日16:14 来自专业版微博", "transmit": " 转发 56", "comment": "评论 36", "zan": " 159"}, {"text": "\n                    美国前联邦检察官尼尔森说，特朗普在华为孟晚舟的案件中拥有最终决定权，白宫可以否决美国司法部的决定。 ​                ", "author": "寰亚SYHP", "time": "寰亚SYHP2019年01月09日15:27", "transmit": " 转发 62", "comment": "评论 149", "zan": " 102"}, {"text": "\n                    【美国引渡孟晚舟最后期限将至 美加领导人通了电话】加媒《环球邮报》报道称，在当地时间1月7日，加拿大总理特鲁多主动致电美国总统特朗普，敦促其向中方“施压”释放两名被拘的加拿大公民，以及催促美方将引渡华为CFO孟晚舟的申请交给法院。而此刻，美国政府还处于部分停摆状态，“开张”时间未定，其 ​  展开全文c \n                    【美国引渡孟晚舟最后期限将至 美加领导人通了电话】加媒《环球邮报》报道称，在当地时间1月7日，加拿大总理特鲁多主动致电美国总统特朗普，敦促其向中方“施压”释放两名被拘的加拿大公民，以及催促美方将引渡华为CFO孟晚舟的申请交给法院。而此刻，美国政府还处于部分停摆状态，“开张”时间未定，其中受影响部门就包括美司法部。 收起全文d\n", "author": "紫荆树", "time": "紫荆树2019年01月09日05:48", "transmit": " 转发 101", "comment": "评论 247", "zan": " 272"}]