[{"text": "\n                    【外交部：孟晚舟事件是极为恶劣的政治事件】美国总统国家安全事务助理博尔顿近日表示，美司法部起诉和引渡华为首席财务官孟晚舟并非政治行为。今天，中国外交部发言人陆慷回应：世人都看得很清楚，这是一起通过不正当手段威胁他国企业、打压竞争对手、干扰市场环境、阻挠科技产业合作的极为恶劣的政治 ​  展开全文c \n                    【外交部：孟晚舟事件是极为恶劣的政治事件】美国总统国家安全事务助理博尔顿近日表示，美司法部起诉和引渡华为首席财务官孟晚舟并非政治行为。今天，中国外交部发言人陆慷回应：世人都看得很清楚，这是一起通过不正当手段威胁他国企业、打压竞争对手、干扰市场环境、阻挠科技产业合作的极为恶劣的政治事件，中方已经多次就此表明严正立场。我们再次敦促美方立即撤销对孟晚舟女士的逮捕令和引渡请求，敦促加拿大方面立即释放孟晚舟女士，确保她平安回到中国。（央视记者申杨）L央视新闻的秒拍视频 收起全文d\n", "author": "央视新闻", "time": "央视新闻2019年03月12日18:15 来自微博weibo.com", "transmit": " 转发 804", "comment": "评论 468", "zan": " 3053"}, {"text": "\n                    【外交部：孟晚舟事件是极为恶劣的政治事件】美国总统国家安全事务助理博尔顿近日表示，美司法部起诉和引渡华为首席财务官孟晚舟并非政治行为。今天，中国外交部发言人陆慷回应：世人都看得很清楚，这是一起通过不正当手段威胁他国企业、打压竞争对手、干扰市场环境、阻挠科技产业合作的极为恶劣的政治 ​  展开全文c \n                    【外交部：孟晚舟事件是极为恶劣的政治事件】美国总统国家安全事务助理博尔顿近日表示，美司法部起诉和引渡华为首席财务官孟晚舟并非政治行为。今天，中国外交部发言人陆慷回应：世人都看得很清楚，这是一起通过不正当手段威胁他国企业、打压竞争对手、干扰市场环境、阻挠科技产业合作的极为恶劣的政治事件，中方已经多次就此表明严正立场。我们再次敦促美方立即撤销对孟晚舟女士的逮捕令和引渡请求，敦促加拿大方面立即释放孟晚舟女士，确保她平安回到中国。（央视新闻）L央视新闻的秒拍视频 收起全文d\n", "author": "中国日报", "time": "中国日报2019年03月12日19:15 来自微博weibo.com", "transmit": " 转发 23", "comment": "评论 21", "zan": " 144"}, {"text": "\n                    【中国外交部：孟晚舟事件是极为恶劣的政治事件】美国总统国家安全事务助理博尔顿近日表示，美司法部起诉和引渡华为首席财务官孟晚舟并非政治行为。今天，中国外交部发言人陆慷回应：世人都看得很清楚，这是一起通过不正当手段威胁他国企业、打压竞争对手、干扰市场环境、阻挠科技产业合作的极为恶劣的 ​  展开全文c \n                    【中国外交部：孟晚舟事件是极为恶劣的政治事件】美国总统国家安全事务助理博尔顿近日表示，美司法部起诉和引渡华为首席财务官孟晚舟并非政治行为。今天，中国外交部发言人陆慷回应：世人都看得很清楚，这是一起通过不正当手段威胁他国企业、打压竞争对手、干扰市场环境、阻挠科技产业合作的极为恶劣的政治事件，中方已经多次就此表明严正立场。我们再次敦促美方立即撤销对孟晚舟女士的逮捕令和引渡请求，敦促加拿大方面立即释放孟晚舟女士，确保她平安回到中国。L中国外交部：孟晚舟事件是极为恶劣的政治事件 收起全文d\n", "author": "新浪军事", "time": "新浪军事2019年03月12日19:24 来自微博weibo.com", "transmit": " 转发 50", "comment": "评论 59", "zan": " 220"}, {"text": "\n                    【外交部：孟晚舟事件是极为恶劣的政治事件】美国总统国家安全事务助理博尔顿近日表示，美司法部起诉和引渡华为首席财务官孟晚舟并非政治行为。今天，中国外交部发言人陆慷回应：世人都看得很清楚，这是一起通过不正当手段威胁他国企业、打压竞争对手、干扰市场环境、阻挠科技产业合作的极为恶劣的政治 ​  展开全文c \n                    【外交部：孟晚舟事件是极为恶劣的政治事件】美国总统国家安全事务助理博尔顿近日表示，美司法部起诉和引渡华为首席财务官孟晚舟并非政治行为。今天，中国外交部发言人陆慷回应：世人都看得很清楚，这是一起通过不正当手段威胁他国企业、打压竞争对手、干扰市场环境、阻挠科技产业合作的极为恶劣的政治事件，中方已经多次就此表明严正立场。我们再次敦促美方立即撤销对孟晚舟女士的逮捕令和引渡请求，敦促加拿大方面立即释放孟晚舟女士，确保她平安回到中国。（@央视新闻 ）L央视新闻的秒拍视频 收起全文d\n", "author": "中国之声", "time": "中国之声2019年03月12日18:40", "transmit": " 转发 20", "comment": "评论 12", "zan": " 61"}, {"text": "\n                    【华为副总裁陈黎芳谈孟晚舟：她是最优秀的CFO之一】3月5日下午，华为董事、高级副总裁陈黎芳接受了加拿大广播公司记者的专访。在谈到“孟晚舟”案件时，陈黎芳称孟晚舟是一个勤奋好学的同事，她为华为内部一系列变革做出了巨大贡献。事件发生后，她十分乐观坚强。希望加拿大司法系统能够公开、透明、 ​  展开全文c \n                    【华为副总裁陈黎芳谈孟晚舟：她是最优秀的CFO之一】3月5日下午，华为董事、高级副总裁陈黎芳接受了加拿大广播公司记者的专访。在谈到“孟晚舟”案件时，陈黎芳称孟晚舟是一个勤奋好学的同事，她为华为内部一系列变革做出了巨大贡献。事件发生后，她十分乐观坚强。希望加拿大司法系统能够公开、透明、公平、公正地处理该案件。O华为副总裁陈黎芳谈孟晚舟：她是最优秀的CFO之一 收起全文d\n", "author": "新浪财经", "time": "新浪财经2019年03月12日07:30 来自专业版微博", "transmit": " 转发 31", "comment": "评论 50", "zan": " 214"}, {"text": "\n                    【中方回应美方言论：孟晚舟事件是极其恶劣政治事件】近来，美国国家安全事务助理博尔顿接受媒体采访时发表一些涉华言论，声称“美国司法部起诉和引渡华为首席财务官孟晚舟并非政治行为。”       对此，陆慷回应表示，孟晚舟事件世人都看的很清楚，这是一起通过不正当手段威胁他国企业、打压竞争对手 ​  展开全文c \n                    【中方回应美方言论：孟晚舟事件是极其恶劣政治事件】近来，美国国家安全事务助理博尔顿接受媒体采访时发表一些涉华言论，声称“美国司法部起诉和引渡华为首席财务官孟晚舟并非政治行为。”       对此，陆慷回应表示，孟晚舟事件世人都看的很清楚，这是一起通过不正当手段威胁他国企业、打压竞争对手、干扰市场环境、阻挠科技产业合作的极为恶劣的政治事件。中方已经多次就此表明严正立场。我们再次敦促美方立即撤销对孟晚舟女士的逮捕令和引渡请求，敦促加拿大方面立即释放孟晚舟女士，确保她平安回到中国。 收起全文d\n", "author": "新浪军事", "time": "新浪军事2019年03月12日17:35 来自微博weibo.com", "transmit": " 转发 31", "comment": "评论 44", "zan": " 113"}, {"text": "\n                    【外交部：孟晚舟事件是极为恶劣的政治事件】据报道，美国总统国家安全事务助理博尔顿表示，美司法部起诉和引渡华为首席财务官孟晚舟并非政治行为。对此，中国外交部发言人陆慷在例行记者会上表示，孟晚舟事件是一起极为恶劣的政治事件，中方已经多次就此表明严正立场。O外交部：孟晚舟事件是极为恶劣的政治事件  ​  展开全文c \n                    【外交部：孟晚舟事件是极为恶劣的政治事件】据报道，美国总统国家安全事务助理博尔顿表示，美司法部起诉和引渡华为首席财务官孟晚舟并非政治行为。对此，中国外交部发言人陆慷在例行记者会上表示，孟晚舟事件是一起极为恶劣的政治事件，中方已经多次就此表明严正立场。O外交部：孟晚舟事件是极为恶劣的政治事件 L新浪科技的微博视频 收起全文d\n", "author": "新浪科技", "time": "新浪科技2019年03月12日18:00 来自微博视频", "transmit": " 转发 20", "comment": "评论 12", "zan": " 49"}, {"text": "\n                    【外交部：孟晚舟事件是极为恶劣的政治事件】美国总统国家安全事务助理博尔顿近日表示，美司法部起诉和引渡华为首席财务官孟晚舟并非政治行为。今天，中国外交部发言人陆慷回应：世人都看得很清楚，这是一起通过不正当手段威胁他国企业、打压竞争对手、干扰市场环境、阻挠科技产业合作的极为恶劣的政治 ​  展开全文c \n                    【外交部：孟晚舟事件是极为恶劣的政治事件】美国总统国家安全事务助理博尔顿近日表示，美司法部起诉和引渡华为首席财务官孟晚舟并非政治行为。今天，中国外交部发言人陆慷回应：世人都看得很清楚，这是一起通过不正当手段威胁他国企业、打压竞争对手、干扰市场环境、阻挠科技产业合作的极为恶劣的政治事件，中方已经多次就此表明严正立场。我们再次敦促美方立即撤销对孟晚舟女士的逮捕令和引渡请求，敦促加拿大方面立即释放孟晚舟女士，确保她平安回到中国。（央视记者申杨）@央视新闻 L央视新闻的秒拍视频 收起全文d\n", "author": "大公報-大公網", "time": "大公報-大公網2019年03月12日22:51 来自专业版微博", "transmit": " 转发 24", "comment": "评论 49", "zan": " 53"}, {"text": "\n                    【外交部：孟晚舟事件是极为恶劣的政治事件】美国总统国家安全事务助理博尔顿近日表示，美司法部起诉和引渡华为首席财务官孟晚舟并非政治行为。今天，中国外交部发言人陆慷回应：世人都看得很清楚，这是一起通过不正当手段威胁他国企业、打压竞争对手、干扰市场环境、阻挠科技产业合作的极为恶劣的政治 ​  展开全文c \n                    【外交部：孟晚舟事件是极为恶劣的政治事件】美国总统国家安全事务助理博尔顿近日表示，美司法部起诉和引渡华为首席财务官孟晚舟并非政治行为。今天，中国外交部发言人陆慷回应：世人都看得很清楚，这是一起通过不正当手段威胁他国企业、打压竞争对手、干扰市场环境、阻挠科技产业合作的极为恶劣的政治事件，中方已经多次就此表明严正立场。我们再次敦促美方立即撤销对孟晚舟女士的逮捕令和引渡请求，敦促加拿大方面立即释放孟晚舟女士，确保她平安回到中国。（央视记者申杨）L央视新闻的秒拍视频 收起全文d\n", "author": "中国维和警察", "time": "中国维和警察2019年03月12日18:35 来自小米MIX3故宫特别版", "transmit": " 转发 12", "comment": "评论 10", "zan": " 92"}, {"text": "\n                    【京衡律师接受《中外管理》采访，谈华为诉美国案】《中外管理》：继孟晚舟提起对加拿大政府的民事诉讼后，华为又决定起诉美国政府。无论是华为公司，或是孟晚舟个人，您觉得此举战略意义更大还是实际意义更大？输赢对华为来说真的很重要吗？邓学平：就起诉美国政府来看，这件事对华为来说，战略意 ​  展开全文c \n                    【京衡律师接受《中外管理》采访，谈华为诉美国案】《中外管理》：继孟晚舟提起对加拿大政府的民事诉讼后，华为又决定起诉美国政府。无论是华为公司，或是孟晚舟个人，您觉得此举战略意义更大还是实际意义更大？输赢对华为来说真的很重要吗？邓学平：就起诉美国政府来看，这件事对华为来说，战略意义和实际意义同样重要。华为维权就是依法维权，现在起诉美国可能只是一个开始，如果这次顺利的话，其他国家以后再有类似的行为，华为就可以通过诉讼的方式去解决。在遭遇不公正对待的时候诉诸法律是一种巨大的进步与担当。华为起诉美国政府不能理解为仅仅是一场公关秀，它如果打赢了，就有机会重返美国市场。不可否认，美国仍然是全球最大的电信市场之一。华为如果能重返美国市场，对它的全球化战略意义不言而喻。当然，如果打输了，最多还是维持目前这种状态，也没有变得更糟。O第224期：《华为起诉美国政府的背后，是一套怎样的“战法”？》 收起全文d\n", "author": "陈有西", "time": "陈有西2019年03月12日16:59 来自iPhone客户端", "transmit": " 转发 42", "comment": "评论 41", "zan": " 86"}, {"text": "\n                    【外交部：孟晚舟事件是极为恶劣的政治事件】美国总统国家安全事务助理博尔顿近日表示，美司法部起诉和引渡华为首席财务官孟晚舟并非政治行为。今天，中国外交部发言人陆慷回应：世人都看得很清楚，这是一起通过不正当手段威胁他国企业、打压竞争对手、干扰市场环境、阻挠科技产业合作的极为恶劣的政治 ​  展开全文c \n                    【外交部：孟晚舟事件是极为恶劣的政治事件】美国总统国家安全事务助理博尔顿近日表示，美司法部起诉和引渡华为首席财务官孟晚舟并非政治行为。今天，中国外交部发言人陆慷回应：世人都看得很清楚，这是一起通过不正当手段威胁他国企业、打压竞争对手、干扰市场环境、阻挠科技产业合作的极为恶劣的政治事件，中方已经多次就此表明严正立场。我们再次敦促美方立即撤销对孟晚舟女士的逮捕令和引渡请求，敦促加拿大方面立即释放孟晚舟女士，确保她平安回到中国。（央视新闻）L央视新闻的秒拍视频 收起全文d\n", "author": "今晚报", "time": "今晚报2019年03月12日18:46 来自360安全浏览器", "transmit": " 转发 9", "comment": "评论 3", "zan": " 32"}, {"text": "\n华为陈黎芳接受CBC采访实录：美国低估华为的团结！2019年3月5日下午，华为董事、高级副总裁陈黎芳接受了加拿大广播公司（CBC）记者的专访。要点：关于“孟晚舟”案件：孟晚舟是一个勤奋好学的同事，她为华为内部一系列变革做出了巨大贡献。事件发生后，她十分乐观坚强。希望加拿大司法系统能够公开、 ​  展开全文c \n华为陈黎芳接受CBC采访实录：美国低估华为的团结！2019年3月5日下午，华为董事、高级副总裁陈黎芳接受了加拿大广播公司（CBC）记者的专访。要点：关于“孟晚舟”案件：孟晚舟是一个勤奋好学的同事，她为华为内部一系列变革做出了巨大贡献。事件发生后，她十分乐观坚强。希望加拿大司法系统能够公开、透明、公平、公正地处理该案件。关于5G：华为研发5G时间长，投入多，且技术领先。华为的5G技术与加拿大颇有渊源，不少加拿大同事称之为加拿大homemade 5G。关于美国：美国并没有事实基础，只是试图用舆论去影响其他国家的政府和民众，它低估了华为内部的团结意志，高估了自己的影响力。关于网络安全：华为过去没有收到过中国政府提出的这样的要求，未来即使收到无论是来自中国政府还是其他国家政府的要求，华为都会拒绝。网络安全就像冰球比赛，并不仅仅是某个公司或某一个角色的事情，它需要政府、设备商、运营商以及使用者全生态的协作。关于开放透明：华为欢迎媒体参观访问华为，华为所有的高管都愿意回答媒体的任何问题，也会开放研发实验室、技术发布会给大家看。O华为陈黎芳接受CBC采访实录：美国低估华为的团结 收起全文d\n", "author": "HW前HR", "time": "HW前HR2019年03月12日11:40 来自HUAWEIMate20Pro", "transmit": " 转发 22", "comment": "评论 28", "zan": " 110"}, {"text": "\n                    【华为陈黎芳：不知道美国为什么会怕华为这个小公司】3月6日，华为高级副总裁陈黎芳接受了CBC记者的专访表示，不知道美国政府为什么会怕华为这么一个小小的公司。在任何情况下华为都会拒绝任何安装后门、收集情报的要求。对孟晚舟突然被捕表示特别心疼，但相信加大司法系统。@大佬时间  ​  展开全文c \n                    【华为陈黎芳：不知道美国为什么会怕华为这个小公司】3月6日，华为高级副总裁陈黎芳接受了CBC记者的专访表示，不知道美国政府为什么会怕华为这么一个小小的公司。在任何情况下华为都会拒绝任何安装后门、收集情报的要求。对孟晚舟突然被捕表示特别心疼，但相信加大司法系统。@大佬时间 L大佬时间的秒拍视频 ​​​ 收起全文d\n", "author": "凤凰网财经", "time": "凤凰网财经2019年03月12日11:03", "transmit": " 转发 35", "comment": "评论 155", "zan": " 101"}, {"text": "\n                    【华为陈黎芳：不知道美国为什么会怕华为这个小公司】3月6日，华为高级副总裁陈黎芳接受了CBC记者的专访表示，不知道美国政府为什么会怕华为这么一个小小的公司。在任何情况下华为都会拒绝任何安装后门、收集情报的要求。对孟晚舟突然被捕表示特别心疼，但相信加拿大司法系统。@大佬时间 ​  展开全文c \n                    【华为陈黎芳：不知道美国为什么会怕华为这个小公司】3月6日，华为高级副总裁陈黎芳接受了CBC记者的专访表示，不知道美国政府为什么会怕华为这么一个小小的公司。在任何情况下华为都会拒绝任何安装后门、收集情报的要求。对孟晚舟突然被捕表示特别心疼，但相信加拿大司法系统。@大佬时间L大佬时间的秒拍视频 收起全文d\n", "author": "时间视频", "time": "时间视频2019年03月12日11:50 来自微博weibo.com", "transmit": " 转发 4", "comment": "评论 19", "zan": " 36"}, {"text": "\n                    【华为陈黎芳：不知道美国为什么会怕华为这个小公司】3月6日，华为高级副总裁陈黎芳接受了CBC记者的专访表示，不知道美国政府为什么会怕华为这么一个小小的公司。在任何情况下华为都会拒绝任何安装后门、收集情报的要求。对孟晚舟突然被捕表示特别心疼，但相信加拿大司法系统。L大佬时间的秒拍视频 ​                ", "author": "大佬时间", "time": "大佬时间2019年03月12日10:57 来自微博weibo.com", "transmit": " 转发 10", "comment": "评论 15", "zan": " 41"}, {"text": "\n                    【华为陈黎芳：不知道美国为什么会怕华为这个小公司】3月6日，华为高级副总裁陈黎芳在接受CBC记者的专访时表示，不知道美国政府为什么会怕华为这么一个小小的公司。在任何情况下华为都会拒绝任何安装后门、收集情报的要求。对孟晚舟突然被捕表示特别心疼，但相信加大司法系统。@大佬时间  ​  展开全文c \n                    【华为陈黎芳：不知道美国为什么会怕华为这个小公司】3月6日，华为高级副总裁陈黎芳在接受CBC记者的专访时表示，不知道美国政府为什么会怕华为这么一个小小的公司。在任何情况下华为都会拒绝任何安装后门、收集情报的要求。对孟晚舟突然被捕表示特别心疼，但相信加大司法系统。@大佬时间 L大佬时间的秒拍视频 ​​​ 收起全文d\n", "author": "虎嗅APP", "time": "虎嗅APP2019年03月12日12:15", "transmit": " 转发 11", "comment": "评论 60", "zan": " 17"}, {"text": "\n                    “孟晚舟很坚强、也很乐观1、记者：想问一个加拿大人都非常关心的案子，也就是孟晚舟的案件。她被逮捕时您觉得吃惊吗？陈黎芳：我非常震惊，当时甚至不敢相信。我跟晚舟已经在华为共事25年，既是同事也是朋友，对她非常熟悉和了解。我们刚来公司的时候都是才20多岁的姑娘。晚舟在工作上特别刻苦、 ​  展开全文c \n                    “孟晚舟很坚强、也很乐观1、记者：想问一个加拿大人都非常关心的案子，也就是孟晚舟的案件。她被逮捕时您觉得吃惊吗？陈黎芳：我非常震惊，当时甚至不敢相信。我跟晚舟已经在华为共事25年，既是同事也是朋友，对她非常熟悉和了解。我们刚来公司的时候都是才20多岁的姑娘。晚舟在工作上特别刻苦、特别勤奋，而且特别爱读书。有时候在一起开会，她会利用各种时间修改她的文件，休息时还抓紧背几个英语单词。孟晚舟出事以后，我儿子也跟我说了一件事。他说去年申请大学时有一个财经的问题想要请教她一下，自己没有想到晚舟阿姨会秒回他。可见，晚舟是一个充满善意的人，一点点小事都乐意帮忙。她个人的专业才能我也非常佩服。她领导了华为的财经管理变革，使得华为在资源配置、流程优化、运营效率、内控建设方面都有了比较优秀的管理实践。我相信，晚舟无论在是哪家世界100强公司工作，绝对都会是最优秀的CFO之一。她突然遭遇这样的事情，我特别心疼她。她在温哥华机场被扣留时，个人权利遭到了非法的侵害。但是孟晚舟自己特别坚强也特别乐观。这也感染了我和我的同事们，不会让自己陷到情绪当中去，会客观地去面对。一方面，我们反对美国政府这么做，基于对企业的指控就逮捕企业高管，这样的事情太罕见了。但另一方面，我们又必须客观理性地对待，依靠法律来解决这个问题。美国政府这样的行为是对司法程序的滥用。我们仍然相信加拿大政府是自信的、公正的、独立的，也相信加拿大司法系统一定能够公开、透明、公平、公正地处理。”我分享了 @华为心声社区 的头条文章 O陈黎芳接受加拿大广播公司（CBC）采访全文实录 收起全文d\n", "author": "后湾老施", "time": "后湾老施2019年03月12日12:02 来自华为手机", "transmit": " 转发 10", "comment": "评论 5", "zan": " 31"}]