[{"text": "\n                    【美媒突发：华为准备起诉美国政府！】华为决定就孟晚舟案起诉加拿大政府一事，引起了国内外很多人的关注。但这似乎并不是华为公司为了维护自己权益而准备采取的唯一一个法律行动。《纽约时报》和英国路透社等多家外媒就宣称，华为还准备起诉美国政府。O美媒突发：华为准备起诉美国政府！ ​                ", "author": "界面新闻", "time": "界面新闻2019年03月05日08:31", "transmit": " 转发 19", "comment": "评论 31", "zan": " 56"}, {"text": "\n中国海军奋进新时代【华为要起诉美国政府，你支持吗？】继华为决定就孟晚舟案起诉加拿大政府之后，《纽约时报》报道称，华为方面准备在美国其美国总部所在得克萨斯州将美国政府告上法庭，起诉的对象则是去年美国国会通过、并由白宫签署的“国防授权法案”中的一项条款。该条款禁止美国联邦政府 ​  展开全文c \n中国海军奋进新时代【华为要起诉美国政府，你支持吗？】继华为决定就孟晚舟案起诉加拿大政府之后，《纽约时报》报道称，华为方面准备在美国其美国总部所在得克萨斯州将美国政府告上法庭，起诉的对象则是去年美国国会通过、并由白宫签署的“国防授权法案”中的一项条款。该条款禁止美国联邦政府机构使用华为和中国另一家中国通讯企业中兴的技术。对于华为的这个决定，你支持吗？ 收起全文d\n", "author": "67号喜羊羊", "time": "67号喜羊羊2019年03月05日07:17 来自中国海军奋进新时代超话", "transmit": " 转发 51", "comment": "评论 59", "zan": " 101"}, {"text": "\n                    【香港市民抗议加国无理扣押#孟晚舟# 促立即释放】香港继续有民间团体抗议加拿大当局无理扣押华为副董事长兼首席财务官孟晚舟，一批由市民组成的团体“珍惜群组”今日(5日)前往在加拿大驻港总领事馆抗议，强烈谴责加拿大无理扣押孟晚舟，批评该国此举是赤裸裸地献媚美国，侵犯中国公民权利，要求加拿大 ​  展开全文c \n                    【香港市民抗议加国无理扣押#孟晚舟# 促立即释放】香港继续有民间团体抗议加拿大当局无理扣押华为副董事长兼首席财务官孟晚舟，一批由市民组成的团体“珍惜群组”今日(5日)前往在加拿大驻港总领事馆抗议，强烈谴责加拿大无理扣押孟晚舟，批评该国此举是赤裸裸地献媚美国，侵犯中国公民权利，要求加拿大立即无条件释放孟晚舟。O网页链接 收起全文d\n", "author": "香港文匯網", "time": "香港文匯網2019年03月05日16:55 来自微博weibo.com", "transmit": " 转发 19", "comment": "评论 49", "zan": " 71"}, {"text": "\n                    【指逮捕严重侵犯宪法权利 孟晚舟律师团队状告加政府】另据美国《纽约时报》和英国路透社等媒体昨天报道，华为公司还准备就去年美国国会通过、并由白宫签署的“国防授权法案”中的一项条款起诉美国政府。O指逮捕严重侵犯宪法权利 孟晚舟律师团队状告加政府 ​                ", "author": "早报网", "time": "早报网2019年03月05日10:21 来自微博weibo.com", "transmit": " 转发 22", "comment": "评论 79", "zan": " 59"}]