[{"text": "\n                    【辟谣！华为孟晚舟全部用的苹果产品？并不是如此！】有别有用心外媒说，华为孟晚舟随身携带很多苹果产品，因孟晚舟还有任正非老总女儿身份，在国外引起对华为产品很大非议和质疑，国内一些人拿标题截图断章取义说全是苹果，并不是只有苹果，他们故意不提还有部华为Mate 20 RS，这些人坏的很！#华为# ​                ", "author": "建华Wei业", "time": "建华Wei业2019年03月24日08:47 来自华为超话", "transmit": " 转发 49", "comment": "评论 209", "zan": " 98"}, {"text": "\n                    去年底，华为CFO孟女士被加拿大警方非法拘留，加拿大警方感到有点意外，因为尽管孟是华为的高管，但她的私人的电子产品中有很多苹果公司的产品。根据彭博社的一份报告，孟晚舟携带有四款苹果公司的产品，分别是iPhone 7 Plus，MacBook Air和iPad Pro，另外还有台保时捷设计版的华为Mate 20手机。在 ​  展开全文c \n                    去年底，华为CFO孟女士被加拿大警方非法拘留，加拿大警方感到有点意外，因为尽管孟是华为的高管，但她的私人的电子产品中有很多苹果公司的产品。根据彭博社的一份报告，孟晚舟携带有四款苹果公司的产品，分别是iPhone 7 Plus，MacBook Air和iPad Pro，另外还有台保时捷设计版的华为Mate 20手机。在此前，负责运营华为海外官方社交账户的员工，因为使用iPhone 发布了新年致辞而被华为降职。 收起全文d\n", "author": "释不归", "time": "释不归2019年03月24日20:35 来自iPhoneXSMax(金色)", "transmit": " 转发 72", "comment": "评论 123", "zan": " 88"}, {"text": "\n                    美国彭博社3月23日报道，加拿大法庭文件显示，孟晚舟在温哥华国际机场被捕时携带有一部苹果7加手机、一台MacBook Air笔记本电脑、和一部iPad Pro平板电脑，除一部华为 Mate 20 RS手机之外，其余为苹果产品。. ​                ", "author": "Kevin在纽约", "time": "Kevin在纽约2019年03月24日23:41 来自微博weibo.com", "transmit": " 转发 523", "comment": "评论 570", "zan": " 464"}]