[{"text": "\n                    【德国总理默克尔发话：美国还是做好自己吧，德国不会因为一家企业来自某个特定国家就将其排除在德国5G建设外】立个Flag，美国围堵华为5G的霸权主义最终必然失败！美国继指使加拿大非法扣押华为CFO孟晚舟之后，一直不遗余力指使欧洲国家限制华为5G。那么华为能否参与德国5G建设呢？        ​  展开全文c \n                    【德国总理默克尔发话：美国还是做好自己吧，德国不会因为一家企业来自某个特定国家就将其排除在德国5G建设外】立个Flag，美国围堵华为5G的霸权主义最终必然失败！美国继指使加拿大非法扣押华为CFO孟晚舟之后，一直不遗余力指使欧洲国家限制华为5G。那么华为能否参与德国5G建设呢？       备受关注的德国5G频谱竞标19日正式启动。针对是否乐见中国企业华为参与德国5G建设的问题，德国总理默克尔当天表示，不会因为一家企业来自某个特定国家就将其排除在外。        默克尔当天在柏林出席一场智库峰会时回答了相关提问。主持人向默克尔问道，美方警告称如果德国使用华为技术，将限制同德国的情报共享，“你会乐见华为参与到竞标德国5G的联合体当中吗”？      默克尔回应称，目前已有非常多的国家使用了华为的技术。她表示，5G是一种高度复杂的技术，因此也带来了新的问题。但她强调，德国联邦政府已经决定，不会“简单地将某一企业或是行为主体排除在外”，而是对这些参与5G竞标的企业提出要求，并将相关的要求写入到电信法规之中。     默克尔强调，她完全不认同的是两种做法：一是把高度敏感的安全问题放到公开市场上去解决；二是对于一家参与5G竞标的企业，仅仅因为其来自特定国家就将其排除在外。     默克尔表示，应该给予所有各方参与的机会，但同时德国也将评估与此相关的不同的法律条件，并与盟国进行研究。 收起全文d\n", "author": "人才76116", "time": "人才761162019年03月21日07:54 来自HUAWEIP20", "transmit": " 转发 9", "comment": "评论 43", "zan": " 48"}, {"text": "\n                    任正非多次提到(也被问到)，孟晚舟不会接班，华为的负责人将从华为的技术干部中产生。但这种做法，有非常大的弊端，是管理学上的“近亲结婚”。华为要想进一步发展，必须尽快优化决策层队伍和/或外部智囊团队，在企业管理、人力资源管理、财务运作支撑上，弥补短板。否则公共关系难关度过后，这些问题 ​  展开全文c \n                    任正非多次提到(也被问到)，孟晚舟不会接班，华为的负责人将从华为的技术干部中产生。但这种做法，有非常大的弊端，是管理学上的“近亲结婚”。华为要想进一步发展，必须尽快优化决策层队伍和/或外部智囊团队，在企业管理、人力资源管理、财务运作支撑上，弥补短板。否则公共关系难关度过后，这些问题会陆续出现。市场很难再给像华为手机那样三年的摸索期。#流程审计# 收起全文d\n", "author": "付亮的竞争情报应用", "time": "付亮的竞争情报应用2019年03月21日10:30 来自流程审计@Android", "transmit": " 转发 25", "comment": "评论 21", "zan": " 46"}]