[{"text": "\n                    【#任正非谈华为接班人标准#，曾称孟晚舟绝不可能接班】5月5日，华为心声社区公布最新总裁办电子邮件，这是一篇任正非十几年前的谈话。在接班人要求方面，任正非提炼了四点：1、具备对价值的高瞻远瞩，和驾驭商业生态环境的能力；2、有全球市场格局的视野，交易、服务目标执行的能力；3、对新技术与客 ​  展开全文c \n                    【#任正非谈华为接班人标准#，曾称孟晚舟绝不可能接班】5月5日，华为心声社区公布最新总裁办电子邮件，这是一篇任正非十几年前的谈话。在接班人要求方面，任正非提炼了四点：1、具备对价值的高瞻远瞩，和驾驭商业生态环境的能力；2、有全球市场格局的视野，交易、服务目标执行的能力；3、对新技术与客户需求的深刻理解，而且具有不固步自封的能力；4、有端到端对公司巨大数量的业务流、物流、资金流等，简化管理的能力。此前，任正非明确表示女儿孟晚舟不会接班。L老板联播的秒拍视频 收起全文d\n", "author": "36氪", "time": "36氪2019年05月07日14:07 来自微博weibo.com", "transmit": " 转发 23", "comment": "评论 36", "zan": " 105"}, {"text": "\n                    【#任正非谈华为接班人标准#，曾称孟晚舟绝不可能接班】5月5日，华为心声社区公布最新总裁办电子邮件，这是一篇任正非十几年前的谈话。在接班人要求方面，任正非提炼了四点：1、具备对价值的高瞻远瞩，和驾驭商业生态环境的能力；2、有全球市场格局的视野，交易、服务目标执行的能力；3、对新技术与客 ​  展开全文c \n                    【#任正非谈华为接班人标准#，曾称孟晚舟绝不可能接班】5月5日，华为心声社区公布最新总裁办电子邮件，这是一篇任正非十几年前的谈话。在接班人要求方面，任正非提炼了四点：1、具备对价值的高瞻远瞩，和驾驭商业生态环境的能力；2、有全球市场格局的视野，交易、服务目标执行的能力；3、对新技术与客户需求的深刻理解，而且具有不固步自封的能力；4、有端到端对公司巨大数量的业务流、物流、资金流等，简化管理的能力。此前，任正非明确表示女儿孟晚舟不会接班。L老板联播的秒拍视频 收起全文d\n", "author": "凤凰网科技", "time": "凤凰网科技2019年05月07日13:14 来自专业版微博", "transmit": " 转发 19", "comment": "评论 34", "zan": " 82"}, {"text": "\n                    【#任正非谈华为接班人标准#，曾称孟晚舟绝不可能接班】5月5日，华为心声社区公布最新总裁办电子邮件，这是一篇任正非十几年前的谈话。在接班人要求方面，任正非提炼了四点：1、具备对价值的高瞻远瞩，和驾驭商业生态环境的能力；2、有全球市场格局的视野，交易、服务目标执行的能力；3、对新技术与客 ​  展开全文c \n                    【#任正非谈华为接班人标准#，曾称孟晚舟绝不可能接班】5月5日，华为心声社区公布最新总裁办电子邮件，这是一篇任正非十几年前的谈话。在接班人要求方面，任正非提炼了四点：1、具备对价值的高瞻远瞩，和驾驭商业生态环境的能力；2、有全球市场格局的视野，交易、服务目标执行的能力；3、对新技术与客户需求的深刻理解，而且具有不固步自封的能力；4、有端到端对公司巨大数量的业务流、物流、资金流等，简化管理的能力。此前，任正非明确表示女儿孟晚舟不会接班。L老板联播的秒拍视频 收起全文d\n", "author": "凤凰网财经", "time": "凤凰网财经2019年05月07日15:06 来自专业版微博", "transmit": " 转发 28", "comment": "评论 36", "zan": " 40"}, {"text": "\n                    【#任正非谈华为接班人标准#，曾称孟晚舟绝不可能接班】5月5日，华为心声社区公布最新总裁办电子邮件，这是一篇任正非十几年前的谈话。在接班人要求方面，任正非提炼了四点，包括对新技术与客户需求的深刻理解等。此前，任正非明确表示女儿孟晚舟不会接班。 L老板联播的秒拍视频 ​​​                ", "author": "第一财经日报", "time": "第一财经日报2019年05月07日13:03 来自iPhone客户端", "transmit": " 转发 8", "comment": "评论 12", "zan": " 19"}, {"text": "\n                    【#任正非谈华为接班人标准#，曾称孟晚舟绝不可能接班】5月5日，华为心声社区公布最新总裁办电子邮件，这是一篇任正非十几年前的谈话。在接班人要求方面，任正非提炼了四点：1、除了以前我们讲过的视野、品格、意志要求以外，还要具备对价值的高瞻远瞩和驾驭商业生态环境的能力；2、有全球市场格局的 ​  展开全文c \n                    【#任正非谈华为接班人标准#，曾称孟晚舟绝不可能接班】5月5日，华为心声社区公布最新总裁办电子邮件，这是一篇任正非十几年前的谈话。在接班人要求方面，任正非提炼了四点：1、除了以前我们讲过的视野、品格、意志要求以外，还要具备对价值的高瞻远瞩和驾驭商业生态环境的能力；2、有全球市场格局的视野，交易、服务目标执行的能力；3、对新技术与客户需求的深刻理解，而且具有不固步自封的能力；4、有端到端对公司巨大数量的业务流、物流、资金流等，简化管理的能力。此前，任正非明确表示女儿孟晚舟不会接班。L老板联播的秒拍视频 收起全文d\n", "author": "老板联播", "time": "老板联播2019年05月07日12:32 来自微博weibo.com", "transmit": " 转发 27", "comment": "评论 47", "zan": " 96"}, {"text": "\n                    【#任正非谈华为接班人标准#，曾称孟晚舟绝不可能接班】5月5日，华为心声社区公布最新总裁办电子邮件，这是一篇任正非十几年前的谈话。在接班人要求方面，任正非提炼了四点：1、除了以前我们讲过的视野、品格、意志要求以外，还要具备对价值的高瞻远瞩和驾驭商业生态环境的能力；2、有全球市场格局的 ​  展开全文c \n                    【#任正非谈华为接班人标准#，曾称孟晚舟绝不可能接班】5月5日，华为心声社区公布最新总裁办电子邮件，这是一篇任正非十几年前的谈话。在接班人要求方面，任正非提炼了四点：1、除了以前我们讲过的视野、品格、意志要求以外，还要具备对价值的高瞻远瞩和驾驭商业生态环境的能力；2、有全球市场格局的视野，交易、服务目标执行的能力；3、对新技术与客户需求的深刻理解，而且具有不固步自封的能力；4、有端到端对公司巨大数量的业务流、物流、资金流等，简化管理的能力。此前，任正非明确表示女儿孟晚舟不会接班。L老板联播的秒拍视频 收起全文d\n", "author": "经济观察报", "time": "经济观察报2019年05月07日17:30 来自微博weibo.com", "transmit": " 转发 15", "comment": "评论 12", "zan": " 13"}, {"text": "\n                    【#任正非谈华为接班人标准#，曾称孟晚舟绝不可能接班】5月5日，华为心声社区公布最新总裁办电子邮件，这是一篇任正非十几年前的谈话。在接班人要求方面，任正非提炼了四点，包括对新技术与客户需求的深刻理解等。此前，任正非明确表示女儿孟晚舟不会接班。你们觉得谁会接班？L老板联播的秒拍视频 ​                ", "author": "IT观察猿", "time": "IT观察猿2019年05月07日15:26 来自微博weibo.com", "transmit": " 转发 176", "comment": "评论 117", "zan": " 552"}, {"text": "\n                    5月5日，华为心声社区公布最新总裁办电子邮件，里面是#任正非谈华为接班人标准#。同时，任正非明确表示女儿孟晚舟不会接班。按任总的标准，你觉得华为哪位高管会是接班人呢？L老板联播的秒拍视频 ​                ", "author": "锋潮科技", "time": "锋潮科技2019年05月07日14:11", "transmit": " 转发 135", "comment": "评论 94", "zan": " 313"}, {"text": "\n                    【#任正非谈华为接班人标准#，曾称孟晚舟绝不可能接班】华为心声社区公布2019年048号总裁办电子邮件，该邮件为一篇华为创始人任正非十几年前的谈话。在接班人要求方面，任正非提炼了四点：1、具备对价值的高瞻远瞩，和驾驭商业生态环境的能力；2、有全球市场格局的视野，交易、服务目标执行的能力；3 ​  展开全文c \n                    【#任正非谈华为接班人标准#，曾称孟晚舟绝不可能接班】华为心声社区公布2019年048号总裁办电子邮件，该邮件为一篇华为创始人任正非十几年前的谈话。在接班人要求方面，任正非提炼了四点：1、具备对价值的高瞻远瞩，和驾驭商业生态环境的能力；2、有全球市场格局的视野，交易、服务目标执行的能力；3、对新技术与客户需求的深刻理解，而且具有不固步自封的能力；4、有端到端对公司巨大数量的业务流、物流、资金流等，简化管理的能力。O网页链接 收起全文d\n", "author": "虎嗅APP", "time": "虎嗅APP2019年05月07日11:59 来自微博weibo.com", "transmit": " 转发 8", "comment": "评论 25", "zan": " 23"}, {"text": "\n                    【#任正非谈华为接班人标准#，曾称孟晚舟绝不可能接班】5月5日，华为心声社区公布最新总裁办电子邮件，这是一篇任正非十几年前的谈话。在接班人要求方面，任正非提炼了四点，包括对新技术与客户需求的深刻理解等。此前，任正非明确表示女儿孟晚舟不会接班。 L老板联播的秒拍视频 ​                ", "author": "微博股票", "time": "微博股票2019年05月07日12:40 来自iPhone客户端", "transmit": " 转发 4", "comment": "评论 6", "zan": " 18"}, {"text": "\n                    【#任正非谈华为接班人标准# 家人子女不接班 女儿孟晚舟亦也不例外】关于接班人，华为 2019 年第 48 号总裁办邮件来了个 \" 大透底 \"。这份邮件转发了摘自《管理新视野》上的一篇任正非十几年前的谈话，其中不仅涉及正职、副职的能力与要求，对于干部提拔、能力的看法等，还包含了对华为接 ​  展开全文c \n                    【#任正非谈华为接班人标准# 家人子女不接班 女儿孟晚舟亦也不例外】关于接班人，华为 2019 年第 48 号总裁办邮件来了个 \" 大透底 \"。这份邮件转发了摘自《管理新视野》上的一篇任正非十几年前的谈话，其中不仅涉及正职、副职的能力与要求，对于干部提拔、能力的看法等，还包含了对华为接班人的要求，看样子最近华为有大规划了吧，会不会是以此激励下属们呢。其中，对华为接班人的要求主要有四点:1、华为的接班人，除了视野、品格、意志要求以外，还要具备对价值的高瞻远瞩，和驾驭商业生态环境的能力;2、华为的接班人，要具有全球市场格局的视野，交易、服务目标执行的能力;3、以及对新技术与客户需求的深刻理解，而且具有不固步自封的能力;4、华为的接班人还必须有端到端对公司巨大数量的业务流、物流、资金流等，简化管理的能力。L老板联播的秒拍视频 收起全文d\n", "author": "互联网说", "time": "互联网说2019年05月07日19:26 来自微博weibo.com", "transmit": " 转发 72", "comment": "评论 126", "zan": " 186"}]