[{"text": "\n                    《刚刚，李嘉诚出手！孟晚舟引渡才2天，华为反击震撼世界》，老板刚在群里分享的好文。 ​                ", "author": "IT大智", "time": "IT大智2019年01月28日21:38 来自vivoNEXAI智慧旗舰", "transmit": " 转发 11", "comment": "评论 13", "zan": " 13"}, {"text": "\n#连线人民邮电报# 本周大事带您回顾：5G第三阶段测试结果公布；美国将向加拿大正式提出引渡孟晚舟，我国外交部和华为回应；联通5G率先走进两会； 中国移动“一号双终端”来了；江西联通用大数据、AI搞定骚扰电话；四部门发公告，专治App违法违规收集使用个人信息！《新闻面孔》让我们一起聊聊华为创始 ​  展开全文c \n#连线人民邮电报# 本周大事带您回顾：5G第三阶段测试结果公布；美国将向加拿大正式提出引渡孟晚舟，我国外交部和华为回应；联通5G率先走进两会； 中国移动“一号双终端”来了；江西联通用大数据、AI搞定骚扰电话；四部门发公告，专治App违法违规收集使用个人信息！《新闻面孔》让我们一起聊聊华为创始人任正非。《新品来啦》魔性呆萌，带您了解有趣的机械狗快递员。详情请点开视频，关注我们的新栏目吧！ 收起全文d\n", "author": "天津联通", "time": "天津联通2019年01月28日07:33 来自HUAWEIMate10", "transmit": " 转发 6", "comment": "评论 5", "zan": " 6"}]