[{"text": "\n#何超盈未婚夫# 吃了个大瓜，搜了Thomas Xin，哈佛大学不假。然后在他的一条FB下，有一条来自Annabel的留言，自然也是他哈佛中国校友。但是这个Annabel越看越眼熟，这？不是华为任正非二女儿，孟晚舟她妹吗？？？ 这就是教育改变人生啊，可教育的基础是什么呢？是财富和阶级。 ​                ", "author": "臭疍ル", "time": "臭疍ル2019年03月09日12:13 来自iPhone", "transmit": " 转发 15", "comment": "评论 17", "zan": " 139"}]