[{"text": "\n                    【#华为董事长首谈孟晚舟事件#：公司运转正常 会更坚强】12月25日上午，华为董事长梁华就孟晚舟事件、5G业务发展等热点话题做出回应。他表示，今年华为业绩情况很好，孟晚舟事件发生后，公司一切运转正常。梁华还提到了员工自发制作的印有“灯塔在守候、晚舟早归航”的杯子，表达了对孟晚舟的挂念。从 ​  展开全文c \n                    【#华为董事长首谈孟晚舟事件#：公司运转正常 会更坚强】12月25日上午，华为董事长梁华就孟晚舟事件、5G业务发展等热点话题做出回应。他表示，今年华为业绩情况很好，孟晚舟事件发生后，公司一切运转正常。梁华还提到了员工自发制作的印有“灯塔在守候、晚舟早归航”的杯子，表达了对孟晚舟的挂念。从公司运作来看，华为目前的主要工作仍然是聚焦业务、服务好客户。他还强调，华为供应链体系、市场体系、研发体系、财务体系等各环节运作都正常。供应商、合作伙伴也感受到了华为在应对复杂环境和突发事件时的响应机制，更能够坚定地与华为开展良好合作。梁华认为，“困难和挑战只会使我们更坚强。”（人民日报海外网）O华为董事长首谈孟晚舟事件：公司运转正常 会更坚强 收起全文d\n", "author": "中国日报", "time": "中国日报2018年12月26日10:50 来自微博weibo.com", "transmit": " 转发 27", "comment": "评论 23", "zan": " 193"}, {"text": "\n                    【华为董事长谈加拿大事件，表示挂念孟晚舟。】 ​                ", "author": "法官爱民", "time": "法官爱民2018年12月26日21:18 来自法官说法超话", "transmit": " 转发 106", "comment": "评论 1", "zan": " 3"}, {"text": "\n                    【华为大约在冬季】海外业务已枝繁叶茂的华为仍在大力开疆拓土，但2018年的冬天远未过去。对华为而言，这个冬天比创业31年来的任何一个或许都要更为严酷。与对孟晚舟境况的关切正相关，全球无数双眼睛仍在注视着现在的华为以及它接下来的应对。事实上，面对围堵，华为已在反击。O华为大约在冬季：或为创业31年来最严酷环境 ​                ", "author": "新浪科技", "time": "新浪科技2018年12月26日10:28 来自微博weibo.com", "transmit": " 转发 12", "comment": "评论 41", "zan": " 66"}]