[{"text": "\n                    最近加拿大的帅哥总理特鲁多有点烦。本来，在拘捕华为高管孟晚舟的问题上，小特和老特演了一出双簧戏，“司法独立”的调门拔得挺高，由于入戏太深，搞得自己都觉得自己有点“伟大”。没想到“兰万灵”案一出，“司法独立”的咏叹调顿时卡壳，唱不下去了。这是怎么回事儿呢？原来，加拿大魁北克省有一个 ​  展开全文c \n                    最近加拿大的帅哥总理特鲁多有点烦。本来，在拘捕华为高管孟晚舟的问题上，小特和老特演了一出双簧戏，“司法独立”的调门拔得挺高，由于入戏太深，搞得自己都觉得自己有点“伟大”。没想到“兰万灵”案一出，“司法独立”的咏叹调顿时卡壳，唱不下去了。这是怎么回事儿呢？原来，加拿大魁北克省有一个叫“SNC—兰万灵”的工程公司，去年全球同类企业排名第七，也算是实力不俗。前些日子这家公司被指控在2001—2011这十年期间，向利比亚政府官员行贿4800万加元。美国的此类案件通常是以民事诉讼处理，缴纳罚款了结，这也是兰万灵公司希望得到的结果。没想到加拿大的监察官不信邪，非要走司法程序。据《环球邮报》透露，加拿大政府总理办公室向当时的司法部长威尔森.雷布尔德施压，希望她运用司法部长的权限，推翻监察官的决定。结果被这位部长拒绝了。既然不听话，那就不好意思了，请挪挪位子，降格去退伍军人事务部当个闲差部长吧。此事在媒体上引起轩然大波。特鲁多立马矢口否认，并以雷布尔德还是内阁成员作为证明。没想到话音未落，这位女部长立刻递交辞呈。正当小特被这一记耳光打得眼冒金星的时候，3月4号，加拿大国库委员兼数字政府部长费普特也提出辞职，她直言，兰万灵公司事件让自己对加拿大政府“失去了信心”。特鲁多的尴尬处境说明，在这个世界，还是实在点好，“装”出来的范，总是不能长久的。 收起全文d\n", "author": "陶永谊", "time": "陶永谊2019年03月07日09:12 来自荣耀V10我AI的快", "transmit": " 转发 70", "comment": "评论 54", "zan": " 159"}, {"text": "\n                    【#华为决定起诉美国政府# ，#美国政府涉嫌入侵华为服务器# 】华为在深圳总部发布会上向外界透露，华为有证据表明美国政府涉嫌入侵华为服务器，决定起诉美国政府。 此前（3月4日），美国《纽约时报》和英国路透社等多家外媒就宣称，华为除了准备就孟晚舟案起诉加拿大政府外，还准备起诉美国政 ​  展开全文c \n                    【#华为决定起诉美国政府# ，#美国政府涉嫌入侵华为服务器# 】华为在深圳总部发布会上向外界透露，华为有证据表明美国政府涉嫌入侵华为服务器，决定起诉美国政府。 此前（3月4日），美国《纽约时报》和英国路透社等多家外媒就宣称，华为除了准备就孟晚舟案起诉加拿大政府外，还准备起诉美国政府。O网页链接 收起全文d\n", "author": "虎嗅APP", "time": "虎嗅APP2019年03月07日10:17", "transmit": " 转发 13", "comment": "评论 23", "zan": " 67"}, {"text": "\n                    本博主认为#华为宣布决定起诉美国政府#，理论上华为会胜出，因为美国三权分立。支持祖国、支持华为任正非、支持孟晚舟。(华为接待媒体用的一次性纸杯。 ） ​                ", "author": "浙商卢献星", "time": "浙商卢献星2019年03月07日22:06 来自浙商會iPhone客户端", "transmit": " 转发 9", "comment": "评论 12", "zan": " 110"}, {"text": "\n                    若干年后回头看，没多少人知道，孟晚舟被捕，华为孤独对抗美国政府，在这些事件背后，中国的国运转了一个多艰险的弯。这个弯之后，中国人才真正全力全心建设自己的国家，因为人种竞争里，国族没有退路。 ​                ", "author": "梅花冷人", "time": "梅花冷人2019年03月07日13:25 来自iPhone6s", "transmit": " 转发 20", "comment": "评论 20", "zan": " 88"}, {"text": "\n                    在华为宣布正式起诉美国之前，孟晚舟女士在加拿大温哥华再次出庭，她始终面带微笑，神态非常镇定轻松，真看不出是卷入了全球瞩目的政治漩涡之中，经过17分钟的庭审，多方协商后此案将延期至5月8日，这将是一个漫长的过程。#华为# ​                ", "author": "建华Wei业", "time": "建华Wei业2019年03月07日19:34 来自华为超话", "transmit": " 转发 17", "comment": "评论 37", "zan": " 87"}, {"text": "\n#华为决定起诉美国政府#据媒体报道，华为在深圳总部发布重要声明：决定起诉美国政府。华为在深圳总部发布会上向外界透露，华为有证据表明美国政府涉嫌入侵华为服务器。一，如果真的能以法律问题解决，恐怕就没有孟晚舟事件了。不认为这是法律问题，更不认为是经济贸易问题，而是根本无解的政治问题。 ​  展开全文c \n#华为决定起诉美国政府#据媒体报道，华为在深圳总部发布重要声明：决定起诉美国政府。华为在深圳总部发布会上向外界透露，华为有证据表明美国政府涉嫌入侵华为服务器。一，如果真的能以法律问题解决，恐怕就没有孟晚舟事件了。不认为这是法律问题，更不认为是经济贸易问题，而是根本无解的政治问题。也许华为也不想起诉的，但实力不允许啊。二，美国以安全为由打压华为，但又拿不出什么真凭实据，目前华为为全世界170多个国家提供设备，至今还没有哪个国家针对设备提出过安全问题。现在华为以安全问题起诉美国，反击居然如此美丽。无论如何都要坚决支持华为。三，当年三一重工起诉奥巴马和美国外资投资委员会，关键因素是决心。打官司是漫长的，在长时间的交锋中输赢已经不重要，而是通过这场诉讼，展示顽强不屈的精神，让所有人知道华为不可辱。 收起全文d\n", "author": "巍岳钦禹", "time": "巍岳钦禹2019年03月07日11:07 来自HUAWEIMate20", "transmit": " 转发 195", "comment": "评论 78", "zan": " 304"}]