[{"text": "\n                    【外交部：孟晚舟事件是引渡条约滥用 敦促美方立即纠正错误 】加拿大《环球邮报》援引加拿大驻美国大使麦克诺顿的话称，美国已经通知加拿大政府，美方计划正式提出引渡华为首席财务官孟晚舟到美国受审的要求。对此，中国外交部发言人华春莹22日回应称，孟晚舟事件是美加两国对引渡条约的滥用，中方敦促 ​  展开全文c \n                    【外交部：孟晚舟事件是引渡条约滥用 敦促美方立即纠正错误 】加拿大《环球邮报》援引加拿大驻美国大使麦克诺顿的话称，美国已经通知加拿大政府，美方计划正式提出引渡华为首席财务官孟晚舟到美国受审的要求。对此，中国外交部发言人华春莹22日回应称，孟晚舟事件是美加两国对引渡条约的滥用，中方敦促美方纠正错误，不向加方提出正式引渡要求。华春莹在当天举行的中国外交部例行记者会上表示，中方已多次就孟晚舟事件表明严正立场，孟晚舟事件从一开始就是一个严重错误，它不是一个普通的司法案件，而是美加对引渡条约的滥用，对中国公民的人身安全和合法权益构成侵犯。中方要求加方立即释放孟晚舟女士，敦促美方纠正错误，不向加方提出正式引渡要求。华春莹还称，美加的行为是“赤裸裸的对中国高科技企业打压的行为”，历史将证明它的错误。据《环球邮报》称，麦克诺顿没有说明美国将何时提出引渡孟晚舟的要求，提交申请的截止日期是1月30日。O外交部：孟晚舟事件是引渡条约滥用 敦促美方立即纠正错误 收起全文d\n", "author": "环球网", "time": "环球网2019年01月22日15:22 来自360安全浏览器", "transmit": " 转发 3180", "comment": "评论 4246", "zan": " 7794"}, {"text": "\n                    【华为回应美正计划引渡孟晚舟：望美加政府早日还孟晚舟以自由】有媒体1月22日报道说，美国已通知加拿大政府，美方计划正式提出引渡华为首席财务官孟晚舟。加拿大驻美国大使大卫·麦克纳顿周一在接受采访时作出上述表态，但并未提及美国何时会正式提出引渡要求。华为22日当天对此作出回应称，已注意到相 ​  展开全文c \n                    【华为回应美正计划引渡孟晚舟：望美加政府早日还孟晚舟以自由】有媒体1月22日报道说，美国已通知加拿大政府，美方计划正式提出引渡华为首席财务官孟晚舟。加拿大驻美国大使大卫·麦克纳顿周一在接受采访时作出上述表态，但并未提及美国何时会正式提出引渡要求。华为22日当天对此作出回应称，已注意到相关报道，正密切关注进展。以下是华为回应全文：O华为回应美正计划引渡孟晚舟：望美加政府早日还孟晚舟以自由 收起全文d\n", "author": "环球网", "time": "环球网2019年01月22日16:08 来自微博weibo.com", "transmit": " 转发 506", "comment": "评论 532", "zan": " 1409"}, {"text": "\n#胡侃# 华为低调回应美国准备引渡孟晚舟，一个公司策略性这样做值得理解。但中国舆论一定要谴责美国加拿大这种对法律精神的玷污，我们也相信中国政府届时的强有力反制绝不会缺位。 L胡锡进的微博视频 ​                ", "author": "胡锡进", "time": "胡锡进2019年01月22日20:46 来自微博weibo.com", "transmit": " 转发 732", "comment": "评论 2243", "zan": " 2993"}, {"text": "\n                    【华为回应美引渡华为孟晚舟：望美加政府早日还以自由】据加拿大媒体报道，美国将向加拿大正式提出引渡华为孟晚舟。华为官方今日发表声明称，已注意到相关报道，密切关注进展。华为希望美国和加拿大能早日还孟女士以自由，并相信加拿大和美国的法律体系后续会给出公正的结论。O华为回应美引渡华为孟晚舟：望美加政府早日还以自由 ​                ", "author": "新浪财经", "time": "新浪财经2019年01月22日16:11 来自微博weibo.com", "transmit": " 转发 40", "comment": "评论 64", "zan": " 120"}, {"text": "\n                    【外交部：孟晚舟事件是引渡条约滥用 敦促美方立即纠正错误 】加拿大《环球邮报》援引加拿大驻美国大使麦克诺顿的话称，美国已经通知加拿大政府，美方计划正式提出引渡华为首席财务官孟晚舟到美国受审的要求。对此，中国外交部发言人华春莹22日回应称，孟晚舟事件是美加两国对引渡条约的滥用，中方敦促 ​  展开全文c \n                    【外交部：孟晚舟事件是引渡条约滥用 敦促美方立即纠正错误 】加拿大《环球邮报》援引加拿大驻美国大使麦克诺顿的话称，美国已经通知加拿大政府，美方计划正式提出引渡华为首席财务官孟晚舟到美国受审的要求。对此，中国外交部发言人华春莹22日回应称，孟晚舟事件是美加两国对引渡条约的滥用，中方敦促美方纠正错误，不向加方提出正式引渡要求。华春莹在当天举行的中国外交部例行记者会上表示，中方已多次就孟晚舟事件表明严正立场，孟晚舟事件从一开始就是一个严重错误，它不是一个普通的司法案件，而是美加对引渡条约的滥用，对中国公民的人身安全和合法权益构成侵犯。中方要求加方立即释放孟晚舟女士，敦促美方纠正错误，不向加方提出正式引渡要求。华春莹还称，美加的行为是“赤裸裸的对中国高科技企业打压的行为”，历史将证明它的错误。据《环球邮报》称，麦克诺顿没有说明美国将何时提出引渡孟晚舟的要求，提交申请的截止日期是1月30日。 收起全文d\n", "author": "环球时报", "time": "环球时报2019年01月22日16:00 来自iPhoneX", "transmit": " 转发 187", "comment": "评论 517", "zan": " 233"}, {"text": "\n#锐参考#【“放人！”华春莹回应孟晚舟事件后，外国网友集体力挺中国——】今天（22日），有关华为的“大消息”再度传来：加媒称，美国方面将正式提出引渡华为高管孟晚舟女士。随即，中国方面严正表明态度：“立即放人！”历史如果记住今天，那么，上述被重复率最高的四个字，将会成为这一时刻的最好注 ​  展开全文c \n#锐参考#【“放人！”华春莹回应孟晚舟事件后，外国网友集体力挺中国——】今天（22日），有关华为的“大消息”再度传来：加媒称，美国方面将正式提出引渡华为高管孟晚舟女士。随即，中国方面严正表明态度：“立即放人！”历史如果记住今天，那么，上述被重复率最高的四个字，将会成为这一时刻的最好注解。 O“放人！”华春莹回应孟晚舟事件后，外国网友集体力挺中国—— 收起全文d\n", "author": "参考消息", "time": "参考消息2019年01月22日21:33 来自微博weibo.com", "transmit": " 转发 120", "comment": "评论 138", "zan": " 345"}, {"text": "\n                    上午大盘回调，回踩60日线，大盘这波反弹的性质，目前看就是个创新低后，沪港通资金和部分游资在年初相对宽松环境下做个超跌反弹，并不具备反转的条件，更谈不上什么牛市。中午又传来华为孟晚舟女士的事件进展，美国要求引渡孟女士，将给中美谈判以及5G等带来不确定性。下午大盘将考验60日线的支撑，继 ​  展开全文c \n                    上午大盘回调，回踩60日线，大盘这波反弹的性质，目前看就是个创新低后，沪港通资金和部分游资在年初相对宽松环境下做个超跌反弹，并不具备反转的条件，更谈不上什么牛市。中午又传来华为孟晚舟女士的事件进展，美国要求引渡孟女士，将给中美谈判以及5G等带来不确定性。下午大盘将考验60日线的支撑，继续静观其变为好！ 收起全文d\n", "author": "天津股侠", "time": "天津股侠2019年01月22日12:53 来自微博weibo.com", "transmit": " 转发 25", "comment": "评论 185", "zan": " 1069"}, {"text": "\n                    【华为回应美国要求引渡孟晚舟的报道：密切关注进展】华为向记者发来的声明中表示：我们已经注意到相关报道，并将密切关注事件进展。华为遵守业务所在国的所有适用法律法规，包括联合国、美国和欧盟适用的出口管制和制裁法律法规。华为希望美国和加拿大政府能早日还孟女士以自由，并相信加拿大和美国的 ​  展开全文c \n                    【华为回应美国要求引渡孟晚舟的报道：密切关注进展】华为向记者发来的声明中表示：我们已经注意到相关报道，并将密切关注事件进展。华为遵守业务所在国的所有适用法律法规，包括联合国、美国和欧盟适用的出口管制和制裁法律法规。华为希望美国和加拿大政府能早日还孟女士以自由，并相信加拿大和美国的法律体系后续会给出公正的结论。（程春雨） 收起全文d\n", "author": "中国新闻网", "time": "中国新闻网2019年01月22日16:39 来自专业版微博", "transmit": " 转发 39", "comment": "评论 118", "zan": " 128"}, {"text": "\n                    【华为回应美引渡华为孟晚舟：望美加政府早日还以自由】据加拿大媒体报道，美国将向加拿大正式提出引渡华为孟晚舟。华为官方今日发表声明称，已注意到相关报道，密切关注进展。华为希望美国和加拿大能早日还孟女士以自由，并相信加拿大和美国的法律体系后续会给出公正的结论。O华为回应美引渡孟晚舟：密切关注 希望早日还以自由 ​                ", "author": "新浪科技", "time": "新浪科技2019年01月22日16:09 来自专业版微博", "transmit": " 转发 16", "comment": "评论 1", "zan": " 54"}, {"text": "\n                    「最新： 加媒称，美国将正式引渡孟晚秋」加拿大「环球邮报」引述加拿大驻美大使报导，美国政府已通知加拿大政府，仍打算按原计划，将华为财务长孟晚舟引渡至美国审讯。    但加拿大驻美大使麦诺顿 (David Macnaughton )受访时，未透露美何时会正式提出引渡要求。 ​                ", "author": "Kevin在纽约", "time": "Kevin在纽约2019年01月22日17:28 来自微博weibo.com", "transmit": " 转发 161", "comment": "评论 607", "zan": " 315"}, {"text": "\n                    【美国将正式提出引渡孟晚舟 华为回应：希望早日还孟女士以自由】加拿大《环球邮报》：美国已告知加拿大政府，其计划推进正式要求引渡华为首席财务官孟晚舟。对此，华为回应称，华为遵守业务所在国的所有适用法律法规，包括联合国、美国和欧盟适用的出口管制和制裁法律法规。华为希望美国和加拿大政府 ​  展开全文c \n                    【美国将正式提出引渡孟晚舟 华为回应：希望早日还孟女士以自由】加拿大《环球邮报》：美国已告知加拿大政府，其计划推进正式要求引渡华为首席财务官孟晚舟。对此，华为回应称，华为遵守业务所在国的所有适用法律法规，包括联合国、美国和欧盟适用的出口管制和制裁法律法规。华为希望美国和加拿大政府能早日还孟女士以自由，并相信加拿大和美国的法律体系后续会给出公正的结论。O网页链接 收起全文d\n", "author": "参考消息", "time": "参考消息2019年01月22日17:05 来自微博weibo.com", "transmit": " 转发 64", "comment": "评论 63", "zan": " 77"}, {"text": "\n                    【华为回应美引渡孟晚舟：望美加政府早日还以自由】据加拿大媒体报道，美国将向加拿大正式提出引渡华为孟晚舟。华为官方今日发表声明称，已注意到相关报道，密切关注进展。华为希望美国和加拿大能早日还孟女士以自由，并相信加拿大和美国的法律体系后续会给出公正的结论。（北京青年报记者 温婧） ​                ", "author": "北京青年报", "time": "北京青年报2019年01月22日16:30 来自微博weibo.com", "transmit": " 转发 23", "comment": "评论 66", "zan": " 59"}, {"text": "\n                    【外国人知道华为吗？他们怎么看孟晚舟事件？】近日，加媒称美国将向加拿大提出引渡孟晚舟，外交部回应表示，孟晚舟事件是美加两国对引渡条约的滥用，中方敦促美方纠正错误。外国人怎么看孟晚舟事件？在街访中，一名美国人表示，美国采取的方式让人感到震惊。@环球时报英文北京版 L环球时报英文北京版的微博视频 ​                ", "author": "新浪科技", "time": "新浪科技2019年01月22日22:36 来自微博weibo.com", "transmit": " 转发 46", "comment": "评论 104", "zan": " 146"}, {"text": "\n#凤凰正点播报# 【美国将向加拿大正式提出引渡孟晚舟，中方回应】据加拿大环球邮报周一报道，美国已经知会加拿大政府，美国计划正式向加方提出要求，引渡华为副董事长孟晚舟。中国外交部发言人华春莹今天在例行记者会上表示，中方已多次就此事件表示严正立场。任何具有正常判断力的人都可以看出，孟晚 ​  展开全文c \n#凤凰正点播报# 【美国将向加拿大正式提出引渡孟晚舟，中方回应】据加拿大环球邮报周一报道，美国已经知会加拿大政府，美国计划正式向加方提出要求，引渡华为副董事长孟晚舟。中国外交部发言人华春莹今天在例行记者会上表示，中方已多次就此事件表示严正立场。任何具有正常判断力的人都可以看出，孟晚舟案不是普通司法案件，加方任意滥用加美之间的双边引渡条约，对中国公民的安全和合法权益构成严重侵犯。中方敦促加方立即释放孟晚舟，切实保障她的合法权益。中方也强烈敦促美方立即纠正错误，撤销对孟晚舟的逮捕令，不向加方提出正式引渡要求。 收起全文d\n", "author": "凤凰卫视", "time": "凤凰卫视2019年01月22日16:14 来自微博weibo.com", "transmit": " 转发 33", "comment": "评论 79", "zan": " 45"}, {"text": "\n                    【港媒称美国设“陷阱”引加拿大入局：加方现在两面不是人】香港《南华早报》：美国对设下的最大陷阱就是要求加拿大拘捕华为高管孟晚舟。类似这样的攻击，会引起中国的强烈反应，加拿大无疑成了最受伤的那一个。加拿大一直试图成为中美两个大国的朋友，结果却惹怒了两者，被夹在中国与美国之间左右为难 ​  展开全文c \n                    【港媒称美国设“陷阱”引加拿大入局：加方现在两面不是人】香港《南华早报》：美国对设下的最大陷阱就是要求加拿大拘捕华为高管孟晚舟。类似这样的攻击，会引起中国的强烈反应，加拿大无疑成了最受伤的那一个。加拿大一直试图成为中美两个大国的朋友，结果却惹怒了两者，被夹在中国与美国之间左右为难。 O港媒称美国设“陷阱”引加拿大入局：加方现在两面不是人 收起全文d\n", "author": "参考消息", "time": "参考消息2019年01月22日19:25 来自微博weibo.com", "transmit": " 转发 41", "comment": "评论 55", "zan": " 76"}, {"text": "\n                    【美国将向加拿大正式提出引渡孟晚舟】据加拿大《环球邮报》，美国已经通知加拿大政府，将正式提出引渡华为副董事长孟晚舟。 ​                ", "author": "虎嗅APP", "time": "虎嗅APP2019年01月22日12:11", "transmit": " 转发 47", "comment": "评论 60", "zan": " 47"}, {"text": "\n                    【华为回应美国要求引渡孟晚舟的报道：密切关注进展】华为向记者发来的声明中表示：我们已经注意到相关报道，并将密切关注事件进展。华为遵守业务所在国的所有适用法律法规，包括联合国、美国和欧盟适用的出口管制和制裁法律法规。华为希望美国和加拿大政府能早日还孟女士以自由，并相信加拿大和美国的 ​  展开全文c \n                    【华为回应美国要求引渡孟晚舟的报道：密切关注进展】华为向记者发来的声明中表示：我们已经注意到相关报道，并将密切关注事件进展。华为遵守业务所在国的所有适用法律法规，包括联合国、美国和欧盟适用的出口管制和制裁法律法规。华为希望美国和加拿大政府能早日还孟女士以自由，并相信加拿大和美国的法律体系后续会给出公正的结论。 收起全文d\n", "author": "中国新闻周刊", "time": "中国新闻周刊2019年01月22日17:42", "transmit": " 转发 11", "comment": "评论 33", "zan": " 48"}, {"text": "\n                    1月22日消息，加媒称美国将向加拿大提出引渡孟晚舟，外交部回应表示，孟晚舟事件是美加两国对引渡条约的滥用，中方敦促美方纠正错误。——外国人知道华为吗？他们怎么看孟晚舟事件？在环球时报英文版街访中，一名美国采访对象表示“美国采取如此极端的方式实在让我感到震惊。” L环球时报英文北京版的微博视频 ​                ", "author": "环球时报-Get中国", "time": "环球时报-Get中国2019年01月22日16:11 来自微博视频", "transmit": " 转发 131", "comment": "评论 79", "zan": " 121"}, {"text": "\n                    【#华为回应美国引渡孟晚舟#：希望美加政府早日还孟女士以自由】1月22日，华为就美国将向加拿大正式提出引渡孟晚舟一事回应：“我们已经注意到相关报道，并将密切关注事件进展。华为遵守业务所在国的所有适用法律法规，包括联合国、美国和欧盟适用的出口管制和制裁法律法规。华为希望美国和加拿大政府 ​  展开全文c \n                    【#华为回应美国引渡孟晚舟#：希望美加政府早日还孟女士以自由】1月22日，华为就美国将向加拿大正式提出引渡孟晚舟一事回应：“我们已经注意到相关报道，并将密切关注事件进展。华为遵守业务所在国的所有适用法律法规，包括联合国、美国和欧盟适用的出口管制和制裁法律法规。华为希望美国和加拿大政府能早日还孟女士以自由，并相信加拿大和美国的法律体系后续会给出公正的结论。”O华为回应美国引渡孟晚舟：希望美加政府早日还孟女士以自由 收起全文d\n", "author": "凤凰网财经", "time": "凤凰网财经2019年01月22日16:16 来自专业版微博", "transmit": " 转发 20", "comment": "评论 81", "zan": " 38"}, {"text": "\n#胡侃# 华为低调回应美国准备引渡孟晚舟，一个公司策略性这样做值得理解。但中国舆论一定要谴责美国加拿大这种对法律精神的玷污，我们也相信中国政府届时的强有力反制绝不会缺位。 L胡锡进的微博视频 ​                ", "author": "观视频工作室", "time": "观视频工作室2019年01月22日21:31 来自iPhone客户端", "transmit": " 转发 13", "comment": "评论 47", "zan": " 96"}, {"text": "\n                    【美国正式通知加拿大启动递解华为CFO孟晚舟。】 ​                ", "author": "本元禅师", "time": "本元禅师2019年01月22日13:01 来自HUAWEIMate20", "transmit": " 转发 20", "comment": "评论 47", "zan": " 54"}, {"text": "\n                    【华为回应#美将正式提出引渡孟晚舟#的报道：密切关注进展】据@中国新闻网 ，华为发声明表示：我们已经注意到相关报道，并将密切关注事件进展。华为遵守业务所在国的所有适用法律法规，包括联合国、美国和欧盟适用的出口管制和制裁法律法规。华为希望美国和加拿大政府能早日还孟女士以自由，并相信加拿 ​  展开全文c \n                    【华为回应#美将正式提出引渡孟晚舟#的报道：密切关注进展】据@中国新闻网 ，华为发声明表示：我们已经注意到相关报道，并将密切关注事件进展。华为遵守业务所在国的所有适用法律法规，包括联合国、美国和欧盟适用的出口管制和制裁法律法规。华为希望美国和加拿大政府能早日还孟女士以自由，并相信加拿大和美国的法律体系后续会给出公正的结论。 收起全文d\n", "author": "中国日报", "time": "中国日报2019年01月22日16:47 来自微博weibo.com", "transmit": " 转发 8", "comment": "评论 39", "zan": " 67"}, {"text": "\n                    【美方计划正式提出引渡华为首席财务官孟晚舟到美国受审的要求】 ​                ", "author": "习五一", "time": "习五一2019年01月22日15:35 来自iPhone8Plus", "transmit": " 转发 33", "comment": "评论 191", "zan": " 127"}, {"text": "\n                    【孟晚舟会被引渡至美国吗？外交部、华为接连回应】外交部发言人华春莹表示，孟晚舟事件是美加两国对引渡条约的滥用，中方敦促美方纠正错误，不向加方提出正式引渡要求。华为方面则表示，希望美国和加拿大政府能早日还孟女士以自由，并相信加拿大和美国的法律体系后续会给出公正的结论。  ​  展开全文c \n                    【孟晚舟会被引渡至美国吗？外交部、华为接连回应】外交部发言人华春莹表示，孟晚舟事件是美加两国对引渡条约的滥用，中方敦促美方纠正错误，不向加方提出正式引渡要求。华为方面则表示，希望美国和加拿大政府能早日还孟女士以自由，并相信加拿大和美国的法律体系后续会给出公正的结论。 O孟晚舟会被引渡至美国吗？外交部、华为接连回应 收起全文d\n", "author": "长安街知事", "time": "长安街知事2019年01月22日16:50 来自微博weibo.com", "transmit": " 转发 14", "comment": "评论 40", "zan": " 36"}, {"text": "\n                    【任正非谈女儿孟晚舟：不应该有多大的担心，有信心能解决】1月17日，华为创始人任正非在接受央视采访时说，很久没有见到过大女儿孟晚舟了，感谢党和国家对公民权利的保护，但我们能做的还是要靠法律的力量。我觉得不应该有多大的担心，她需要很长的时间解决这个问题。L老板联播的秒拍视频 ​                ", "author": "新浪财经", "time": "新浪财经2019年01月22日16:41 来自微博weibo.com", "transmit": " 转发 59", "comment": "评论 68", "zan": " 199"}, {"text": "\n                    #孟晚舟#不想看到的事情发生了，或许对于我们看来孟晚舟这件事看出了美国嘴脸，很多人都在黑华为小菌觉得作为我们在华为遇到困难应该支持或者你看不上华为但是华为公司走到今天全靠的是自己努力，这样的企业应该值得尊敬 你们说呢 ​                ", "author": "士兵菌", "time": "士兵菌2019年01月22日13:45", "transmit": " 转发 13", "comment": "评论 16", "zan": " 51"}, {"text": "\n                    【任正非谈女儿孟晚舟：不应该有多大的担心，有信心能解决】1月17日，华为创始人任正非在接受央视采访时说，很久没有见到过大女儿孟晚舟了，感谢党和国家对公民权利的保护，但我们能做的还是要靠法律的力量。我觉得不应该有多大的担心，她需要很长的时间解决这个问题。L老板联播的秒拍视频 ​                ", "author": "老板联播", "time": "老板联播2019年01月22日16:40 来自微博weibo.com", "transmit": " 转发 27", "comment": "评论 16", "zan": " 99"}, {"text": "\n孟晚舟事件是政治幼稚的体现。退一万步讲，即使孟晚舟被判罪了，甚至是达成认罪协议，美国也得不到什么。他并不能因此打垮华为。纠缠局部细节，是战略大忌。美国犯的就是这样的错误。孟晚舟是加拿大吞下的一颗雷。美国如果引渡过去，也就将雷引入了美国。这个事件走法律程序可能要走好几年。这颗雷会变 ​  展开全文c \n孟晚舟事件是政治幼稚的体现。退一万步讲，即使孟晚舟被判罪了，甚至是达成认罪协议，美国也得不到什么。他并不能因此打垮华为。纠缠局部细节，是战略大忌。美国犯的就是这样的错误。孟晚舟是加拿大吞下的一颗雷。美国如果引渡过去，也就将雷引入了美国。这个事件走法律程序可能要走好几年。这颗雷会变得越来越大，美国将消耗越来越多的政治资源和舆论、道义资源。单纯从事理出发，达成引渡反而是战略上最有利的结果。华为事实上是受益方。当然，孟晚舟女士个人很不幸，会承受可怕的折磨。 收起全文d\n", "author": "沈亢sk", "time": "沈亢sk2019年01月22日19:35 来自微博weibo.com", "transmit": " 转发 44", "comment": "评论 44", "zan": " 40"}]