[{"text": "\n                    刚拿到的截图，推特，那个人说支持逮捕华为孟晚舟，有个人叫kai-fu lee 点了个赞，该艾特谁呢？ ​                ", "author": "椒江叶Sir", "time": "椒江叶Sir2019年01月10日23:22", "transmit": " 转发 1524", "comment": "评论 1106", "zan": " 284"}, {"text": "\n                    【中国驻加大使评孟晚舟被捕：“白人优越论”作祟】据中国驻加拿大使馆网站消息，针对近日中国逮捕加拿大人以及华为现任副董事长兼首席财务官孟晚舟被捕事件，中国驻加拿大大使卢沙野9日加拿大时间做出了回应，批评西方国家以双重标准对待中国。O中国驻加大使评孟晚舟被捕：“白人优越论”作祟 ​                ", "author": "早报网", "time": "早报网2019年01月10日09:02 来自微博weibo.com", "transmit": " 转发 50", "comment": "评论 6", "zan": " 119"}, {"text": "\n                    【美政府停摆 孟晚舟或获释】美国总统特朗普因修建美墨围墙得不到拨款，令联邦政府停摆，包括司法部日常运作也受到直接影响。近日有分析认为，被加拿大扣押的华为副董事长兼财务总监孟晚舟或因美国政府停摆，无法及时引渡美国受审而被释放。O网页链接 ​                ", "author": "香港文匯網", "time": "香港文匯網2019年01月10日10:30 来自微博weibo.com", "transmit": " 转发 19", "comment": "评论 46", "zan": " 37"}]