[{"text": "\n                    偶然听到轮回乐队这首新歌K英雄赋 简直太燃了，就是硬核啊！！！现场应该会很炸！歌里听到了为自己的加油鼓劲，也有为家国梦的呐喊和态度！从中美贸易战到华为及孟晚舟的事情，音乐人用音乐本身来发声！ ​                ", "author": "传媒第三只眼", "time": "传媒第三只眼2019年05月17日20:09 来自iPhone6sPlus", "transmit": " 转发 533", "comment": "评论 417", "zan": " 700"}, {"text": "\n                    燃🔥华为海思总裁深夜发文：科技自立，保密柜里的备胎芯片“全部转正”！ ​​​支持华为、支持任正非、支持孟晚舟、支持中国制造业升级🇨🇳 ​​​                ", "author": "浙商卢献星", "time": "浙商卢献星2019年05月17日11:11 来自浙商會iPhone客户端", "transmit": " 转发 18", "comment": "评论 12", "zan": " 88"}]