[{"text": "\n                    【任正非：感谢社会各界对孟晚舟的支持】17日，华为创始人任正非接受媒体采访。回应关于女儿孟晚舟、网络安全、5G等热点话题。他感谢社会各界人士对孟晚舟所表达的支持、关心和关注。同时表示，外面的变化对我们没有这么大的影响。因为我们有信心，我们的产品做得比别人都好。详↓（张意轩）  ​  展开全文c \n                    【任正非：感谢社会各界对孟晚舟的支持】17日，华为创始人任正非接受媒体采访。回应关于女儿孟晚舟、网络安全、5G等热点话题。他感谢社会各界人士对孟晚舟所表达的支持、关心和关注。同时表示，外面的变化对我们没有这么大的影响。因为我们有信心，我们的产品做得比别人都好。详↓（张意轩） O任正非：感谢社会各界对孟晚舟的支持 收起全文d\n", "author": "人民日报", "time": "人民日报2019年01月17日23:47 来自微博weibo.com", "transmit": " 转发 704", "comment": "评论 958", "zan": " 4323"}, {"text": "\n                    【转发赠书】#任正非：除了胜利，我们已无路可走#贸易战下美国攻势更加紧锣密鼓，华为CFO孟晚舟被捕后华为讲何去何从？首次全面解析华为任正非30年企业制胜之道，被誉为教父级企业家的他，重新定义了中国企业家精神。“惶恐才能生存，偏执才能成功。”绝处制胜的华为精神，向死而生的商业哲学—— ​  展开全文c \n                    【转发赠书】#任正非：除了胜利，我们已无路可走#贸易战下美国攻势更加紧锣密鼓，华为CFO孟晚舟被捕后华为讲何去何从？首次全面解析华为任正非30年企业制胜之道，被誉为教父级企业家的他，重新定义了中国企业家精神。“惶恐才能生存，偏执才能成功。”绝处制胜的华为精神，向死而生的商业哲学——#除了胜利，我们已无路可走。#转发并关注@我的读书小马甲，送热转第1+平台抽2本，1月20日截止！ 收起全文d\n", "author": "我的读书小马甲", "time": "我的读书小马甲2019年01月17日13:39 来自小米Note3拍人更美", "transmit": " 转发 2112", "comment": "评论 141", "zan": " 212"}, {"text": "\n                    【转发赠书】#任正非：除了胜利，我们已无路可走#贸易战下美国攻势更加紧锣密鼓，华为CFO孟晚舟被捕后华为讲何去何从？首次全面解析华为任正非30年企业制胜之道，被誉为教父级企业家的他，重新定义了中国企业家精神。“惶恐才能生存，偏执才能成功。”绝处制胜的华为精神，向死而生的商业哲学—— ​  展开全文c \n                    【转发赠书】#任正非：除了胜利，我们已无路可走#贸易战下美国攻势更加紧锣密鼓，华为CFO孟晚舟被捕后华为讲何去何从？首次全面解析华为任正非30年企业制胜之道，被誉为教父级企业家的他，重新定义了中国企业家精神。“惶恐才能生存，偏执才能成功。”绝处制胜的华为精神，向死而生的商业哲学——#除了胜利，我们已无路可走。#转发并关注@读书邮箱，送热转第1+平台抽2本，1月20日截止！ 收起全文d\n", "author": "读书邮箱", "time": "读书邮箱2019年01月17日12:31 来自小米Note3拍人更美", "transmit": " 转发 2068", "comment": "评论 76", "zan": " 168"}, {"text": "\n                    【华为创始人任正非：与女儿孟晚舟会打打电话，讲讲笑话】17日下午，围绕近期受外界关注的加拿大事件、5G等话题，华为创始人任正非在深圳华为总部与包括《环球时报》在内的多家国内媒体进行了约一个半小时的圆桌会，这样与国内媒体深度沟通，对向来低调的任正非来说并不多见。在被《环球时报》记者问到 ​  展开全文c \n                    【华为创始人任正非：与女儿孟晚舟会打打电话，讲讲笑话】17日下午，围绕近期受外界关注的加拿大事件、5G等话题，华为创始人任正非在深圳华为总部与包括《环球时报》在内的多家国内媒体进行了约一个半小时的圆桌会，这样与国内媒体深度沟通，对向来低调的任正非来说并不多见。在被《环球时报》记者问到女儿孟晚舟近况时，任正非说，自己与女儿会“打打电话，讲讲笑话。”任正非表示很感谢中国政府维护孟晚舟作为中国公民的权益，也感谢社会各界的关心。而对长期以来西方对包括华为在内的中国企业“盗窃知识产权”的指责，任正非则明确地回应，华为绝对尊重他人的知识产权。（范凌志） 以下为采访全文↓O任正非罕见接受中国媒体群采：女儿坚强，会给她打电话，但只讲讲笑话 收起全文d\n", "author": "环球时报", "time": "环球时报2019年01月17日22:17", "transmit": " 转发 92", "comment": "评论 188", "zan": " 606"}, {"text": "\n                    【华为创始人任正非：与女儿孟晚舟会打打电话，讲讲笑话】任正非说，自己与女儿会“打打电话，讲讲笑话。”任正非表示很感谢中国政府维护孟晚舟作为中国公民的权益，也感谢社会各界的关心。而对近期美国方面关于华为“窃取商业秘密”的指责，任正非则明确地回应，华为绝对尊重他人的知识产权。 ​  展开全文c \n                    【华为创始人任正非：与女儿孟晚舟会打打电话，讲讲笑话】任正非说，自己与女儿会“打打电话，讲讲笑话。”任正非表示很感谢中国政府维护孟晚舟作为中国公民的权益，也感谢社会各界的关心。而对近期美国方面关于华为“窃取商业秘密”的指责，任正非则明确地回应，华为绝对尊重他人的知识产权。O任正非：与女儿孟晚舟会打打电话讲讲笑话 收起全文d\n", "author": "新浪财经", "time": "新浪财经2019年01月17日22:26 来自微博weibo.com", "transmit": " 转发 64", "comment": "评论 55", "zan": " 182"}, {"text": "\n                    【任正非：与女儿孟晚舟会打打电话讲讲笑话】华为创始人任正非在深圳华为总部与多家国内媒体进行圆桌会，在被问到女儿孟晚舟近况时，任正非说，自己与女儿会“打打电话，讲讲笑话。”任正非表示很感谢中国政府维护孟晚舟作为中国公民的权益，也感谢社会各界的关心。O任正非：与女儿孟晚舟会打打电话讲讲笑话 ​                ", "author": "新浪新闻客户端", "time": "新浪新闻客户端2019年01月17日22:39 来自专业版微博平台", "transmit": " 转发 23", "comment": "评论 25", "zan": " 179"}, {"text": "\n                    【任正非罕见接受采访：很想念女儿孟晚舟，2019将是华为最困难的一年】任正非表示，2019年对华为来说可能是艰难的一年，营收增幅将低于20%。他说，华为全年的收入目标是1250亿美元。华为尚未公布2018年的总收入，但轮值CEO徐直军在去年11月曾表示，公司2018年销售额将超过1000亿美元。针对其女儿、华为 ​  展开全文c \n                    【任正非罕见接受采访：很想念女儿孟晚舟，2019将是华为最困难的一年】任正非表示，2019年对华为来说可能是艰难的一年，营收增幅将低于20%。他说，华为全年的收入目标是1250亿美元。华为尚未公布2018年的总收入，但轮值CEO徐直军在去年11月曾表示，公司2018年销售额将超过1000亿美元。针对其女儿、华为首席财务官孟晚舟最近应美国的要求在加拿大被捕一事，在采访中，任正非多次被要求发表评论，他说很想念女儿，同时表示，他“相信”美国和加拿大的法律体系是开放的，正义会得到伸张。（创业财经汇）O任正非罕见接受采访：很想念女儿孟晚舟，2019将是华为最困难的一年 收起全文d\n", "author": "全景网", "time": "全景网2019年01月17日20:30 来自微博weibo.com", "transmit": " 转发 17", "comment": "评论 5", "zan": " 35"}, {"text": "\n                    【任正非：与女儿孟晚舟会打打电话讲讲笑话】华为创始人任正非在深圳华为总部与多家国内媒体进行圆桌会，在被问到女儿孟晚舟近况时，任正非说，自己与女儿会“打打电话，讲讲笑话。”任正非表示很感谢中国政府维护孟晚舟作为中国公民的权益，也感谢社会各界的关心。O任正非：与女儿孟晚舟会打打电话讲讲笑话 ​                ", "author": "新浪科技", "time": "新浪科技2019年01月17日22:27 来自微博weibo.com", "transmit": " 转发 6", "comment": "评论 27", "zan": " 95"}, {"text": "\n                    【华为创始人任正非：与女儿孟晚舟会打打电话 讲讲笑话】 17日下午，围绕近期受外界关注的加拿大事件、5G等话题，华为创始人任正非在深圳华为总部与多家国内媒体进行了约一个半小时的圆桌会。在被媒体问到女儿孟晚舟近况时，任正非说，自己与女儿会“打打电话，讲讲笑话。”任正非表示很感谢中国政府维 ​  展开全文c \n                    【华为创始人任正非：与女儿孟晚舟会打打电话 讲讲笑话】 17日下午，围绕近期受外界关注的加拿大事件、5G等话题，华为创始人任正非在深圳华为总部与多家国内媒体进行了约一个半小时的圆桌会。在被媒体问到女儿孟晚舟近况时，任正非说，自己与女儿会“打打电话，讲讲笑话。”任正非表示很感谢中国政府维护孟晚舟作为中国公民的权益，也感谢社会各界的关心。而对近期美国方面关于华为“窃取商业秘密”的指责，任正非则明确地回应，华为绝对尊重他人的知识产权。#任正非 采访# （环球网）O华为创始人任正非：与女儿孟晚舟会打打电话 讲讲笑话 收起全文d\n", "author": "凤凰网财经", "time": "凤凰网财经2019年01月17日22:39", "transmit": " 转发 15", "comment": "评论 59", "zan": " 94"}, {"text": "\n                    【任正非谈华为近况: 今天碰到的问题，十年前已想到】2018年年底的孟晚舟事件，加之外媒不断曝出海外国家禁用华为5G设备、技术的消息，令业界对华为倍加关注。华为公司创始人任正非1月17日在华为深圳总部接受深圳商报等国内媒体采访。他说，华为今天可能碰到的问题，十多年前已经意识到，“可以说我们 ​  展开全文c \n                    【任正非谈华为近况: 今天碰到的问题，十年前已想到】2018年年底的孟晚舟事件，加之外媒不断曝出海外国家禁用华为5G设备、技术的消息，令业界对华为倍加关注。华为公司创始人任正非1月17日在华为深圳总部接受深圳商报等国内媒体采访。他说，华为今天可能碰到的问题，十多年前已经意识到，“可以说我们准备已经十多年了”。他坦言最近的事情对华为“一定会有影响，但影响不会很大”。@华为中国 O任正非谈华为近况: 今天碰到的问题，十年前已想到 收起全文d\n", "author": "深圳商报", "time": "深圳商报2019年01月17日23:02 来自iPhoneXS", "transmit": " 转发 6", "comment": "评论 9", "zan": " 73"}]