[{"text": "\n                    【任正非谈华为CFO孟晚舟被捕：感谢党和国家对一个公民权利的保护】#央视专访任正非#1月20日晚，央视新闻频道《面对面》播出1月17日下午在深圳总部专访华为创始人兼CEO任正非访谈节目，在访谈中，针对女儿孟晚舟被加拿大扣押、华为遭一些国家“打压”等问题，任正非一一作出了回应。这也是任正非首次接 ​  展开全文c \n                    【任正非谈华为CFO孟晚舟被捕：感谢党和国家对一个公民权利的保护】#央视专访任正非#1月20日晚，央视新闻频道《面对面》播出1月17日下午在深圳总部专访华为创始人兼CEO任正非访谈节目，在访谈中，针对女儿孟晚舟被加拿大扣押、华为遭一些国家“打压”等问题，任正非一一作出了回应。这也是任正非首次接受电视媒体专访。针对女儿孟晚舟被加拿大扣押一事，任正非表示，我们要靠法律的力量，我们有信心能够解决。儿女最重要是翅膀要硬，他们要自由去飞翔。期望儿女来照顾父母，不是我们的期望。@央视新闻 L央视新闻的秒拍视频 收起全文d\n", "author": "新浪财经", "time": "新浪财经2019年01月21日07:35 来自专业版微博", "transmit": " 转发 94", "comment": "评论 229", "zan": " 271"}, {"text": "\n                    【任正非谈华为CFO孟晚舟被捕：感谢党和国家对一个公民权利的保护】1月17日华为创始人兼CEO任正非接受专访，针对女儿孟晚舟被加拿大扣押、华为遭一些国家“打压”等问题，任正非一一作出了回应。这也是任正非首次接受电视媒体专访。针对女儿孟晚舟被加拿大扣押一事，任正非表示，我们要靠法律的力量， ​  展开全文c \n                    【任正非谈华为CFO孟晚舟被捕：感谢党和国家对一个公民权利的保护】1月17日华为创始人兼CEO任正非接受专访，针对女儿孟晚舟被加拿大扣押、华为遭一些国家“打压”等问题，任正非一一作出了回应。这也是任正非首次接受电视媒体专访。针对女儿孟晚舟被加拿大扣押一事，任正非表示，我们要靠法律的力量，我们有信心能够解决。儿女最重要是翅膀要硬，他们要自由去飞翔。期望儿女来照顾父母，不是我们的期望。O任正非打破沉默回应一切：今天碰到的问题，华为已经准备了十几年 @央视新闻 L央视新闻的秒拍视频 收起全文d\n", "author": "第一财经日报", "time": "第一财经日报2019年01月21日08:12 来自iPhone客户端", "transmit": " 转发 29", "comment": "评论 30", "zan": " 155"}, {"text": "\n                    【任正非霸气回应：华为有些产品欧美非买不可 不和他们计较（全文）】20日晚间，#央视专访任正非#节目《面对面》播出，在节目里，针对此前女儿孟晚舟被加拿大扣押、华为遭一些国家“打压”、华为的未来发展等问题，任正非一一作出了回应。O任正非霸气回应：华为有些产品欧美非买不可 不和他们计较（全文） ​                ", "author": "凤凰网财经", "time": "凤凰网财经2019年01月21日00:04 来自专业版微博", "transmit": " 转发 119", "comment": "评论 239", "zan": " 273"}, {"text": "\n                    【最后期限将至 加拿大司法部：美国尚未正式申请引渡孟晚舟】 美国政府刷新“停摆”最长记录之际，华为高管孟晚舟案的一个重要期限也要到了。据加拿大广播公司（CBC）当地时间1月19日报道，本月底，美国当局将迎来“正式请求将孟晚舟从加拿大引渡至美国”的最后期限。而加拿大司法部首次透露，美国尚 ​  展开全文c \n                    【最后期限将至 加拿大司法部：美国尚未正式申请引渡孟晚舟】 美国政府刷新“停摆”最长记录之际，华为高管孟晚舟案的一个重要期限也要到了。据加拿大广播公司（CBC）当地时间1月19日报道，本月底，美国当局将迎来“正式请求将孟晚舟从加拿大引渡至美国”的最后期限。而加拿大司法部首次透露，美国尚未提交孟晚舟案所需的文件，并提醒美方必须在1月30日前完成这一步骤。熟悉引渡案的律师表示，如果美国错过了最后期限，孟晚舟可能最终获释。 美国CNBC则在一篇更新于15日的报道中称，目前还不清楚美国司法部是否会推进引渡事宜，也不清楚加拿大是否有意在加国境内终结此案。(观察者网 ）O最后期限将至 加司法部：美尚未正式申请引渡孟晚舟 收起全文d\n", "author": "凤凰网视频", "time": "凤凰网视频2019年01月21日16:00 来自微博weibo.com", "transmit": " 转发 15", "comment": "评论 32", "zan": " 42"}, {"text": "\n                    【任正非谈华为CFO孟晚舟被捕：感谢党和国家对一个公民权利的保护】#央视专访任正非#1月20日晚，央视新闻频道《面对面》播出1月17日下午在深圳总部专访华为创始人兼CEO任正非访谈节目，在访谈中，针对女儿孟晚舟被加拿大扣押、华为遭一些国家“打压”等问题，任正非一一作出了回应。这也是任正非首次接 ​  展开全文c \n                    【任正非谈华为CFO孟晚舟被捕：感谢党和国家对一个公民权利的保护】#央视专访任正非#1月20日晚，央视新闻频道《面对面》播出1月17日下午在深圳总部专访华为创始人兼CEO任正非访谈节目，在访谈中，针对女儿孟晚舟被加拿大扣押、华为遭一些国家“打压”等问题，任正非一一作出了回应。这也是任正非首次接受电视媒体专访。针对女儿孟晚舟被加拿大扣押一事，任正非表示，我们要靠法律的力量，我们有信心能够解决。儿女最重要是翅膀要硬，他们要自由去飞翔。期望儿女来照顾父母，不是我们的期望。L央视新闻的秒拍视频 收起全文d\n", "author": "中国经济网", "time": "中国经济网2019年01月21日08:10 来自微博weibo.com", "transmit": " 转发 12", "comment": "评论 12", "zan": " 43"}, {"text": "\n                    【任正非谈华为CFO孟晚舟被捕：感谢党和国家对一个公民权利的保护】#央视专访任正非#1月20日晚，央视新闻频道《面对面》播出1月17日下午在深圳总部专访华为创始人兼CEO任正非访谈节目，在访谈中，针对女儿孟晚舟被加拿大扣押、华为遭一些国家“打压”等问题，任正非一一作出了回应。这也是任正非首次接 ​  展开全文c \n                    【任正非谈华为CFO孟晚舟被捕：感谢党和国家对一个公民权利的保护】#央视专访任正非#1月20日晚，央视新闻频道《面对面》播出1月17日下午在深圳总部专访华为创始人兼CEO任正非访谈节目，在访谈中，针对女儿孟晚舟被加拿大扣押、华为遭一些国家“打压”等问题，任正非一一作出了回应。这也是任正非首次接受电视媒体专访。针对女儿孟晚舟被加拿大扣押一事，任正非表示，我们要靠法律的力量，我们有信心能够解决。儿女最重要是翅膀要硬，他们要自由去飞翔。期望儿女来照顾父母，不是我们的期望。L央视新闻的秒拍视频 收起全文d\n", "author": "法制网", "time": "法制网2019年01月21日08:41 来自Android客户端", "transmit": " 转发 29", "comment": "评论 14", "zan": " 35"}, {"text": "\n#转发赠书#“孟晚舟被扣押”事件后，真正详解华为哲学思想、任正非精神的首部作品《#苦难英雄任正非#》正式上市！管理专家@王育琨 研究华为近20年，秒回应“孟晚舟被扣押”事件，探知任正非的 “灰度管理哲学”，预测5G竞争中的华为走向，向读者呈现一个历经30年变迁的华为思想史，了解华为一步步走向 ​  展开全文c \n#转发赠书#“孟晚舟被扣押”事件后，真正详解华为哲学思想、任正非精神的首部作品《#苦难英雄任正非#》正式上市！管理专家@王育琨 研究华为近20年，秒回应“孟晚舟被扣押”事件，探知任正非的 “灰度管理哲学”，预测5G竞争中的华为走向，向读者呈现一个历经30年变迁的华为思想史，了解华为一步步走向全世界的原因。详见：苦难英雄任正非-王育琨 老规矩，关注 @杭州图书馆 转发本条微博并@三位好友 ，截止2019年1月27日24点，由@微博抽奖平台 抽取3位网友赠送图书一本！ 收起全文d\n", "author": "杭州图书馆", "time": "杭州图书馆2019年01月21日21:35 来自微博weibo.com", "transmit": " 转发 125", "comment": "评论 78", "zan": " 18"}, {"text": "\n                    《华为危险？任正非：西方实际上是大农村，很多东西他们非买不可》在访谈中，针对女儿孟晚舟被加拿大扣押、华为遭一些国家“打压”等问题，任正非一一回应。西方实际上就是大农村，就是高等的大农村，因为是别墅群，大规模的别墅群，他们每家每户铺光纤进去，成本很高。这个时候他想看8K的电视，他拿什 ​  展开全文c \n                    《华为危险？任正非：西方实际上是大农村，很多东西他们非买不可》在访谈中，针对女儿孟晚舟被加拿大扣押、华为遭一些国家“打压”等问题，任正非一一回应。西方实际上就是大农村，就是高等的大农村，因为是别墅群，大规模的别墅群，他们每家每户铺光纤进去，成本很高。这个时候他想看8K的电视，他拿什么看？我们小基站一装，方圆这一片就看了。这个全世界只有华为能做到。O网页链接 收起全文d\n", "author": "奔六", "time": "奔六2019年01月21日05:22 来自百度App", "transmit": " 转发 24", "comment": "评论 7", "zan": " 26"}, {"text": "\n#深圳身边事# 【任正非谈华为CFO孟晚舟被捕：感谢党和国家对一个公民权利的保护】1月20日晚，央视新闻频道《面对面》播出1月17日下午在深圳总部专访华为创始人兼CEO任正非访谈节目，在访谈中，针对女儿孟晚舟被加拿大扣押、华为遭一些国家“打压”等问题，任正非一一作出了回应。这也是任正非首次接受 ​  展开全文c \n#深圳身边事# 【任正非谈华为CFO孟晚舟被捕：感谢党和国家对一个公民权利的保护】1月20日晚，央视新闻频道《面对面》播出1月17日下午在深圳总部专访华为创始人兼CEO任正非访谈节目，在访谈中，针对女儿孟晚舟被加拿大扣押、华为遭一些国家“打压”等问题，任正非一一作出了回应。这也是任正非首次接受电视媒体专访。针对女儿孟晚舟被加拿大扣押一事，任正非表示，我们要靠法律的力量，我们有信心能够解决。儿女最重要是翅膀要硬，他们要自由去飞翔。期望儿女来照顾父母，不是我们的期望。L央视新闻的秒拍视频 收起全文d\n", "author": "浪眼看深圳", "time": "浪眼看深圳2019年01月21日10:28 来自微博weibo.com", "transmit": " 转发 11", "comment": "评论 5", "zan": " 30"}, {"text": "\n                    【任正非霸气回应：华为有些产品欧美非买不可 不和他们计较（全文）】20日晚间，#央视专访任正非#节目《面对面》播出，在节目里，针对此前女儿孟晚舟被加拿大扣押、华为遭一些国家“打压”、华为的未来发展等问题，任正非一一作出了回应。O任正非霸气回应：华为有些产品欧美非买不可 不和他们计较（全文） ​                ", "author": "赵子龙之云看盘", "time": "赵子龙之云看盘2019年01月21日07:46 来自华为AscendMate7", "transmit": " 转发 3", "comment": "评论 9", "zan": " 33"}, {"text": "\n                    1月15日，华为创始人、总裁任正非针对华为网络安全、孟晚舟事件、5G发展等22个问题接受国际媒体采访，以下是采访纪要。 O1月15日任正非接受国际媒体的采访纪要 ​                ", "author": "人民邮电报", "time": "人民邮电报2019年01月21日20:31 来自小米8周年旗舰手机", "transmit": " 转发 15", "comment": "评论 1", "zan": " 7"}, {"text": "\n                    【华为风暴】杜鲁多寻盟友支持 京批加拿大「虚张声势」加拿大扣押华为副董事长孟晚舟，令中加关系持续紧张。加拿大传媒报道，加拿大总理杜鲁多同德国总理默克尔通话，感谢德方公开支持，杜鲁多又在同新加坡总理李显龙通话，谈及中加争议事件。中国外交部今天作出响应，指称加方「虚张声势」。中国 ​  展开全文c \n                    【华为风暴】杜鲁多寻盟友支持 京批加拿大「虚张声势」加拿大扣押华为副董事长孟晚舟，令中加关系持续紧张。加拿大传媒报道，加拿大总理杜鲁多同德国总理默克尔通话，感谢德方公开支持，杜鲁多又在同新加坡总理李显龙通话，谈及中加争议事件。中国外交部今天作出响应，指称加方「虚张声势」。中国外交部发言人华春莹今天在记者会上答问称，已注意到有关报道，加方有关做法让人想到一个中国成语——「虚张声势」。华春莹称，首先，加方搞「麦克风外交」，试图拉拢一些国家给自己帮腔，这无法改变事件的本质，而且也无助于问题的解决。其次，加方称感谢一些所谓「盟国」对它的公开支持，但中方注意到，加方提到的德方并未发布相关消息，所以她不知道加方所说「德方公开支持」是从何而来。她重申，中方是秉持法治精神，处理涉及加拿大公民的案件，希望加方亦能如此，尊重中国司法主权，停止发表不负责任言论。 收起全文d\n", "author": "香港經濟日報", "time": "香港經濟日報2019年01月21日21:24 来自微博weibo.com", "transmit": " 转发 8", "comment": "评论 51", "zan": " 21"}, {"text": "\n                    任正非接受央视面对面访谈完全版：任总回答了华为在5G和微波都是世界最好的，不怕别人不买。谈孟晚舟需要很长时间解决。不上改革开放一百人精英的原因。华为还有很多问题。华为没有出现经营问题等。值得收藏： LHW前HR的微博视频 ​                ", "author": "HW前HR", "time": "HW前HR2019年01月21日08:25 来自HUAWEIMate20Pro", "transmit": " 转发 2205", "comment": "评论 634", "zan": " 3003"}, {"text": "\n                    【美国拼命围堵华为，或引爆中美科技“新冷战”】从指挥加拿大非法拘捕孟晚舟开始，美国便开始了新一轮围堵华为：17日，美联邦检察官就华为涉嫌从美企窃取商业机密行为进行刑事调查，这项调查起源于T-Mobile公司在2014年针对华为的诉讼。众所周知华为是家未上市的民营企业，与T-Mobile的纠纷也被认定为 ​  展开全文c \n                    【美国拼命围堵华为，或引爆中美科技“新冷战”】从指挥加拿大非法拘捕孟晚舟开始，美国便开始了新一轮围堵华为：17日，美联邦检察官就华为涉嫌从美企窃取商业机密行为进行刑事调查，这项调查起源于T-Mobile公司在2014年针对华为的诉讼。众所周知华为是家未上市的民营企业，与T-Mobile的纠纷也被认定为民事纠纷，双方当事人已通过法律途径妥善解决，那这次启动刑事调查背后真实意图路人皆知。      另外据近日德国Handelsblatt报道，德国政府正在积极考虑通过制定更严格的安全要求和其他方法，将中国华为排除在5G移动网络建设之外。综合来看，很可能与之前日本软银子公司Sprint同德国电信公司T-Mobile的合并案有关。        这次合并对德国来说是至关重要的，T-Mobile是德国最重要的电信公司，德国电信近一半的利润都来自于它，而此次T-Mobile和Sprint的合并项目价值高达260亿美元（人民币近1800亿），可以说是非常诱人。         但怎么又与华为扯上关系了呢？主要是因为软银子公司Sprint是在美国运营，所以他们的合并案必须要美国审核通过才行。于是美国给德国开了一个条件，要求他们该电信公司一起禁用华为才予以审批通过。 收起全文d\n", "author": "人才76116", "time": "人才761162019年01月21日07:42", "transmit": " 转发 12", "comment": "评论 52", "zan": " 41"}, {"text": "\n                    央视面对面专访华为创始人兼CEO任正非视频！1月20日晚，CCTV央视新闻频道《面对面》播出1月17日下午在深圳总部专访华为创始人兼CEO任正非访谈节目，在访谈中，针对女儿孟晚舟被加拿大扣押等问题，任正非一一作出了回应。这也是任正非首次接受电视媒体专访。针对女儿孟晚舟被加拿大扣押一事，任正非表示 ​  展开全文c \n                    央视面对面专访华为创始人兼CEO任正非视频！1月20日晚，CCTV央视新闻频道《面对面》播出1月17日下午在深圳总部专访华为创始人兼CEO任正非访谈节目，在访谈中，针对女儿孟晚舟被加拿大扣押等问题，任正非一一作出了回应。这也是任正非首次接受电视媒体专访。针对女儿孟晚舟被加拿大扣押一事，任正非表示，我们要靠法律的力量，我们有信心能够解决。儿女最重要是翅膀要硬，他们要自由去飞翔。期望儿女来照顾父母，不是我们的期望。 L闪电站小猪的秒拍视频 收起全文d\n", "author": "闪电站小猪", "time": "闪电站小猪2019年01月21日06:15 来自秒拍网页版", "transmit": " 转发 23", "comment": "评论 6", "zan": " 23"}, {"text": "\n                    【任正非接受央视面对面访谈完全版】任总回答了华为在5G和微波都是世界最好的，不怕别人不买。谈孟晚舟需要很长时间解决。不上改革开放一百人精英的原因。华为还有很多问题。华为没有出现经营问题等。值得收藏： via @HW前HR LHW前HR的微博视频 ​                ", "author": "成都高新", "time": "成都高新2019年01月21日11:45 来自微博weibo.com", "transmit": " 转发 17", "comment": "评论 5", "zan": " 15"}, {"text": "\n                    【任正非接受采访霸气回应：将来欧美非买华为不可(全文)】1月17日华为创始人兼CEO任正非接受@央视新闻 《面对面》访问，针对最近华为遇到的问题，任正非进行了一 一解读：L凌晨两点的刺猬的微博视频 。此外他谈到了基础教育、基础科研、人才招聘、孟晚舟事件、点名“批评”徐直军：你浪费了我2000亿！华为未 ​  展开全文c \n                    【任正非接受采访霸气回应：将来欧美非买华为不可(全文)】1月17日华为创始人兼CEO任正非接受@央视新闻 《面对面》访问，针对最近华为遇到的问题，任正非进行了一 一解读：L凌晨两点的刺猬的微博视频 。此外他谈到了基础教育、基础科研、人才招聘、孟晚舟事件、点名“批评”徐直军：你浪费了我2000亿！华为未来等：O任正非超23次媒体对话全纪录 （via@新浪财经 @凤凰网财经 @每日经济新闻 @头条新闻） 收起全文d\n", "author": "时尚时事品牌-张辛可", "time": "时尚时事品牌-张辛可2019年01月21日03:59 来自微博weibo.com", "transmit": " 转发 21", "comment": "评论 6", "zan": " 9"}]