[{"text": "\n                    【华为回应孟晚舟事件：公司业务不受个案影响，今年收入将首超1000亿美元】距离孟晚舟获释已过去十多天，但该事件的影响仍未消散。一些国家对华为的网络安全提出质疑和担忧，甚至一些美国的联盟国家对华为直接开出禁入令。而部分国内外媒体针对5G的不实报道，也让公司内部受到舆论煎熬。在庭审期间一 ​  展开全文c \n                    【华为回应孟晚舟事件：公司业务不受个案影响，今年收入将首超1000亿美元】距离孟晚舟获释已过去十多天，但该事件的影响仍未消散。一些国家对华为的网络安全提出质疑和担忧，甚至一些美国的联盟国家对华为直接开出禁入令。而部分国内外媒体针对5G的不实报道，也让公司内部受到舆论煎熬。在庭审期间一直保持克制的华为，最近开始主动发声，对内安抚，对外回应。 O华为回应孟晚舟事件：公司业务不受个案影响，今年收入将超1000亿美元 收起全文d\n", "author": "中国新闻周刊", "time": "中国新闻周刊2018年12月24日16:02", "transmit": " 转发 24", "comment": "评论 57", "zan": " 151"}, {"text": "\n                    【加拿大要求中国\"放人\" 媒体：哪来的底气玩双标】加拿大应美方要求拘押华为公司高管孟晚舟事件给中加关系造成不小的冲击。以“依法行事”自我辩解的加拿大政府在外界眼中一直小心谨慎，但这两天加政府对华态度突然趋向强硬，外长弗里兰连续两天喊话要求中国释放两名在华被拘的加拿大公民，她还指控中 ​  展开全文c \n                    【加拿大要求中国\"放人\" 媒体：哪来的底气玩双标】加拿大应美方要求拘押华为公司高管孟晚舟事件给中加关系造成不小的冲击。以“依法行事”自我辩解的加拿大政府在外界眼中一直小心谨慎，但这两天加政府对华态度突然趋向强硬，外长弗里兰连续两天喊话要求中国释放两名在华被拘的加拿大公民，她还指控中国的做法是“任意拘押”，加方正在世界范围内寻求盟友的支持，要中国放人。加拿大给美国的长臂管辖开道，随意拘押转机的第三国公民是“依法行事”，中方逮捕涉嫌从事危害中国国家安全活动的加拿大人就成了“任意拘押”，加拿大的这套双重标准还能更赤裸吗？（环球网）O加拿大要求中国\"放人\" 媒体：哪来的底气玩双标 收起全文d\n", "author": "中国经济网", "time": "中国经济网2018年12月24日08:08 来自微博weibo.com", "transmit": " 转发 53", "comment": "评论 59", "zan": " 66"}, {"text": "\n                    【加拿大要求中国“放人”媒体：哪来的底气玩双标】加拿大应美方要求拘押华为公司高管孟晚舟事件给中加关系造成不小的冲击。以“依法行事”自我辩解的加拿大政府在外界眼中一直小心谨慎，但这两天加政府对华态度突然趋向强硬，外长弗里兰连续两天喊话要求中国释放两名在华被拘的加拿大公民，她还指控中 ​  展开全文c \n                    【加拿大要求中国“放人”媒体：哪来的底气玩双标】加拿大应美方要求拘押华为公司高管孟晚舟事件给中加关系造成不小的冲击。以“依法行事”自我辩解的加拿大政府在外界眼中一直小心谨慎，但这两天加政府对华态度突然趋向强硬，外长弗里兰连续两天喊话要求中国释放两名在华被拘的加拿大公民，她还指控中国的做法是“任意拘押”，加方正在世界范围内寻求盟友的支持，要中国放人。O网页链接 收起全文d\n", "author": "香港文匯網", "time": "香港文匯網2018年12月24日19:02 来自微博weibo.com", "transmit": " 转发 33", "comment": "评论 82", "zan": " 63"}]