[{"text": "\n                    【#任正非谈论女儿孟晚舟# ：受点苦对他们有好处】华为公司创始人任正非在接受CNBC采访时称，这一经历会让他的女儿更强大。“我的孩子在成长过程中没有受过苦。受点苦对他们有好处。割伤和擦伤会让她变得坚韧。自古以来，英雄都生于苦难中。我认为这一苦难对于我女儿有好处。”O华为创始人任正非：对向苹果销售5G芯片持开放态度 ​                ", "author": "凤凰网科技", "time": "凤凰网科技2019年04月15日08:40 来自微博weibo.com", "transmit": " 转发 10", "comment": "评论 27", "zan": " 33"}]