[{"text": "\n#华为CFO孟晚舟被捕#【外交部召见美国驻华大使就美方要求加拿大拘押华为公司负责人提出严正交涉】今天，中国外交部副部长乐玉成紧急召见美国驻华大使布兰斯塔德，就美方无理要求加方拘押在加拿大温哥华转机的华为公司负责人提出严正交涉和强烈抗议。乐玉成指出，美方所作所为严重侵犯中国公民的合法、 ​  展开全文c \n#华为CFO孟晚舟被捕#【外交部召见美国驻华大使就美方要求加拿大拘押华为公司负责人提出严正交涉】今天，中国外交部副部长乐玉成紧急召见美国驻华大使布兰斯塔德，就美方无理要求加方拘押在加拿大温哥华转机的华为公司负责人提出严正交涉和强烈抗议。乐玉成指出，美方所作所为严重侵犯中国公民的合法、正当权益，性质极其恶劣。中方对此坚决反对，强烈敦促美方务必高度重视中方严正立场，立即采取措施纠正错误做法，撤销对中国公民的逮捕令。中方将视美方行动作出进一步反应。 收起全文d\n", "author": "央视新闻", "time": "央视新闻2018年12月09日21:58 来自微博weibo.com", "transmit": " 转发 973", "comment": "评论 2149", "zan": " 3096"}, {"text": "\n#华为cfo孟晚舟被捕# 【德国媒体发文力挺华为，谴责美国违反自由贸易精神！】德国媒体（明镜周刊，主流媒体）表示，美国等国家一直在说华为不安全，证据呢？喊了这么久的几个国家，一直在强烈要求别的国家禁止使用华为设备，但是从来没有拿出过任何实际证据来证明华为真的不安全。相反，德国则是做过 ​  展开全文c \n#华为cfo孟晚舟被捕# 【德国媒体发文力挺华为，谴责美国违反自由贸易精神！】德国媒体（明镜周刊，主流媒体）表示，美国等国家一直在说华为不安全，证据呢？喊了这么久的几个国家，一直在强烈要求别的国家禁止使用华为设备，但是从来没有拿出过任何实际证据来证明华为真的不安全。相反，德国则是做过了严格的研究与对比，以德国人严谨的工作态度来证明华为一点问题也没有。德国媒体还指出，美国这种铺天盖地的策划只是对准一个商业公司，其用意也很明显。那就是华为与美国的思科与诺基亚形成了竞争关系，而且华为在这场竞争关系中占有极大的优势。这已经极大的违反了美国的自由贸易精神。附部分原文报道截图。图文材料由我在德国做眼科医生的大学叶同学提供。 收起全文d\n", "author": "白衣山猫", "time": "白衣山猫2018年12月09日20:49 来自iPhoneX", "transmit": " 转发 997", "comment": "评论 2343", "zan": " 3348"}, {"text": "\n#华为CFO孟晚舟被捕#【国际锐评：加拿大在当谁的“人权卫士”？】一向以法律完备、公平正义自居的美国、加拿大将因此事件使其司法公正变成“皇帝的新衣”，其霸权和无赖的内核赤裸裸地暴露在世人面前。 O国际锐评：加拿大在当谁的“人权卫士”？ ​                ", "author": "央视新闻", "time": "央视新闻2018年12月09日21:10 来自微博weibo.com", "transmit": " 转发 637", "comment": "评论 742", "zan": " 2140"}, {"text": "\n                    【人民日报钟声：中国公民合法、正当权益不容侵犯】在加拿大温哥华转机的中国公民、华为公司首席财务官孟晚舟，竟然被加拿大方面以应美方要求为由而拘押。这是严重侵犯中国公民的合法、正当权益，于法不顾，于理不合，于情不容，性质极其恶劣。立即停止侵犯中国公民合法、正当权益，给中国人民一个应有 ​  展开全文c \n                    【人民日报钟声：中国公民合法、正当权益不容侵犯】在加拿大温哥华转机的中国公民、华为公司首席财务官孟晚舟，竟然被加拿大方面以应美方要求为由而拘押。这是严重侵犯中国公民的合法、正当权益，于法不顾，于理不合，于情不容，性质极其恶劣。立即停止侵犯中国公民合法、正当权益，给中国人民一个应有的交代，才能避免为此付出沉重的代价。 O人民日报钟声：中国公民合法、正当权益不容侵犯 收起全文d\n", "author": "人民日报", "time": "人民日报2018年12月09日08:57 来自微博weibo.com", "transmit": " 转发 5505", "comment": "评论 3839", "zan": " 15859"}, {"text": "\n                    【人民日报、新华社同声谴责加拿大！】加拿大方面只有纠正错误，给中国人民一个应有的交代，才能避免为此付出沉重的代价。针对华为CFO孟晚舟被加拿大应美方要求扣押事件，人民日报钟声和新华时评9日同时发声，谴责加拿大侵犯中国公民合法权益。O人民日报、新华社同声谴责加拿大！ ​                ", "author": "新浪财经", "time": "新浪财经2018年12月09日10:20 来自专业版微博", "transmit": " 转发 680", "comment": "评论 66", "zan": " 706"}, {"text": "\n                    【人民日报、新华社同声谴责加拿大：中国公民合法权益不容侵犯！】针对华为CFO孟晚舟被加拿大应美方要求扣押事件，人民日报钟声和新华时评9日同时发声，谴责加拿大侵犯中国公民合法权益。O人民日报、新华社同声谴责加拿大：中国公民合法权益不容侵犯！ ​                ", "author": "环球网", "time": "环球网2018年12月09日08:44", "transmit": " 转发 522", "comment": "评论 131", "zan": " 1430"}, {"text": "\n                    【环球网：如此粗暴对待孟晚舟，这就是加拿大人权法治？】加拿大不列颠哥伦比亚省高等法院当地时间星期五举行华为高管孟晚舟保释听证会,在未作出裁决的情况下宣布休庭,星期一继续开庭。据外媒援引法庭记者的报道说,孟晚舟在法庭上身穿绿色上衣,未戴手铐,她似乎受到了人道的对待。然而这些不过是假象。 ​  展开全文c \n                    【环球网：如此粗暴对待孟晚舟，这就是加拿大人权法治？】加拿大不列颠哥伦比亚省高等法院当地时间星期五举行华为高管孟晚舟保释听证会,在未作出裁决的情况下宣布休庭,星期一继续开庭。据外媒援引法庭记者的报道说,孟晚舟在法庭上身穿绿色上衣,未戴手铐,她似乎受到了人道的对待。然而这些不过是假象。@环球网 O环球网：如此粗暴对待孟晚舟，这就是加拿大人权法治？ 收起全文d\n", "author": "头条新闻", "time": "头条新闻2018年12月09日00:15 来自微博weibo.com", "transmit": " 转发 1005", "comment": "评论 2545", "zan": " 1684"}, {"text": "\n                    【人民日报钟声：中国公民合法、正当权益不容侵犯】加拿大方面，做出了一件足以令国际社会深感震惊的事情。在加拿大温哥华转机的中国公民、华为公司首席财务官孟晚舟，竟然被加拿大方面以应美方要求为由而拘押。这是严重侵犯中国公民的合法、正当权益，于法不顾，于理不合，于情不容，性质极其恶劣。 ​  展开全文c \n                    【人民日报钟声：中国公民合法、正当权益不容侵犯】加拿大方面，做出了一件足以令国际社会深感震惊的事情。在加拿大温哥华转机的中国公民、华为公司首席财务官孟晚舟，竟然被加拿大方面以应美方要求为由而拘押。这是严重侵犯中国公民的合法、正当权益，于法不顾，于理不合，于情不容，性质极其恶劣。中方不会惹事，但是也决不怕事，谁也不要小看中国的信心、意志和实力。中方获悉相关情况后，第一时间提出严正交涉、表明严正立场，并第一时间向当事人提供领事协助。12月8日，中方紧急召见加拿大驻华大使麦家廉，就加方拘押华为公司负责人提出严正交涉和强烈抗议。中方强烈敦促加方立即释放被拘押人员，切实保障当事人的合法、正当权益。否则必将造成严重后果，加方要为此承担全部责任。加拿大方面必须想清楚，在公理正义与肆意妄为之间，根本不存在模糊地带。加拿大方面只有纠正错误，立即停止侵犯中国公民合法、正当权益，给中国人民一个应有的交代，才能避免为此付出沉重的代价。O中国公民合法、正当权益不容侵犯（钟声） 收起全文d\n", "author": "环球时报", "time": "环球时报2018年12月09日08:30 来自微博weibo.com", "transmit": " 转发 681", "comment": "评论 698", "zan": " 2374"}, {"text": "\n                    【人民日报钟声：中国公民合法、正当权益不容侵犯】在加拿大温哥华转机的中国公民、华为公司首席财务官孟晚舟，被加拿大方面以应美方要求为由而拘押。这是严重侵犯中国公民的合法、正当权益，于法不顾，于理不合，于情不容，性质极其恶劣。立即停止侵犯中国公民合法、正当权益，给中国人民一个应有的交 ​  展开全文c \n                    【人民日报钟声：中国公民合法、正当权益不容侵犯】在加拿大温哥华转机的中国公民、华为公司首席财务官孟晚舟，被加拿大方面以应美方要求为由而拘押。这是严重侵犯中国公民的合法、正当权益，于法不顾，于理不合，于情不容，性质极其恶劣。立即停止侵犯中国公民合法、正当权益，给中国人民一个应有的交代，才能避免为此付出沉重的代价。 O人民日报钟声：中国公民合法、正当权益不容侵犯 收起全文d\n", "author": "人民网", "time": "人民网2018年12月09日11:36 来自专业版微博", "transmit": " 转发 617", "comment": "评论 472", "zan": " 1530"}, {"text": "\n#华为CFO孟晚舟被捕#【社论：加拿大的司法，是给美国科技霸权服务的】加拿大警方拘捕孟晚舟女士，据说是因为美方指控华为违反美国制裁措施。且不说这一指控本身毫无依据，加拿大警方拘押的是中国公民，是美国不少政客视为眼中钉的华为高管，要说背后没有政治交易，怕是自己都不信。长期以来，美国等国 ​  展开全文c \n#华为CFO孟晚舟被捕#【社论：加拿大的司法，是给美国科技霸权服务的】加拿大警方拘捕孟晚舟女士，据说是因为美方指控华为违反美国制裁措施。且不说这一指控本身毫无依据，加拿大警方拘押的是中国公民，是美国不少政客视为眼中钉的华为高管，要说背后没有政治交易，怕是自己都不信。长期以来，美国等国打压华为可以称得上是不遗余力，花样不断翻新，就因为华为在5G通信等领域挑战了美国科技霸权。这次，为维护美国科技霸权，加拿大竟然不惜拿出“司法独立”的幌子，代价未免过于高昂吧。 收起全文d\n", "author": "中国日报", "time": "中国日报2018年12月09日16:02 来自微博weibo.com", "transmit": " 转发 104", "comment": "评论 354", "zan": " 378"}, {"text": "\n#华为CFO孟晚舟被捕#【外交部召见美国驻华大使就美方要求加拿大拘押华为公司负责人提出严正交涉】2018年12月9日，中国外交部副部长乐玉成紧急召见美国驻华大使布兰斯塔德，就美方无理要求加方拘押在加拿大温哥华转机的华为公司负责人提出严正交涉和强烈抗议。　　乐玉成指出，美方所作所为严重侵犯中 ​  展开全文c \n#华为CFO孟晚舟被捕#【外交部召见美国驻华大使就美方要求加拿大拘押华为公司负责人提出严正交涉】2018年12月9日，中国外交部副部长乐玉成紧急召见美国驻华大使布兰斯塔德，就美方无理要求加方拘押在加拿大温哥华转机的华为公司负责人提出严正交涉和强烈抗议。　　乐玉成指出，美方所作所为严重侵犯中国公民的合法、正当权益，性质极其恶劣。中方对此坚决反对，强烈敦促美方务必高度重视中方严正立场，立即采取措施纠正错误做法，撤销对中国公民的逮捕令。中方将视美方行动作出进一步反应。（人民日报） 收起全文d\n", "author": "中国日报", "time": "中国日报2018年12月09日22:01 来自微博weibo.com", "transmit": " 转发 35", "comment": "评论 136", "zan": " 221"}, {"text": "\n#华为cfo孟晚舟被捕# 这信息太强大了#腾讯视频##头条新闻# 2北京·小红门地区 ​                ", "author": "FU一然先生", "time": "FU一然先生2018年12月09日10:05 来自iPhone客户端", "transmit": " 转发 364", "comment": "评论 517", "zan": " 163"}, {"text": "\n                    【新华国际时评：中国公民合法权益不容侵犯】新华社北京12月8日电题：中国公民合法权益不容侵犯　　新华社记者吴黎明 陈勇　　连日来，华为公司首席财务官孟晚舟被加拿大当局拘押一事引发舆论高度关注，受到中方严正交涉、强烈抗议。　　从法律上讲，孟晚舟并未违反加拿大法律，加方却偏听偏信美国 ​  展开全文c \n                    【新华国际时评：中国公民合法权益不容侵犯】新华社北京12月8日电题：中国公民合法权益不容侵犯　　新华社记者吴黎明 陈勇　　连日来，华为公司首席财务官孟晚舟被加拿大当局拘押一事引发舆论高度关注，受到中方严正交涉、强烈抗议。　　从法律上讲，孟晚舟并未违反加拿大法律，加方却偏听偏信美国一面之词，在孟晚舟转机之时抓人，于法于理于情不容。华为公司通报，“关于具体指控提供给华为的信息非常少，华为并不知晓孟女士有任何不当行为。”中国外交部发言人也指出，“加拿大和美国方面均未向中方提供当事人违反两国法律的证据。”而且，无论是按属地还是属人原则，加拿大当局都无权过问。　　众所周知，美方一贯让其国内法凌驾于国际法之上，“长臂管辖”的霸道行径早已为国际社会所诟病。但加拿大却置国际规则于不顾，唯美国马首是瞻，为美国的霸道做法埋单。　　加拿大是常把人权放在嘴边的国家，但在孟晚舟事件中，不分青红皂白就抓人，将过境转机的中国公民拘押，严重侵犯中国公民的合法、正当权益。拘押之后在未经审判定罪的情况下，就把当事人作为重刑犯对待，是对当事人极大的羞辱和人格的不尊重。孟晚舟有高血压和睡眠问题，今年5月刚做了颈部手术，加方也无相应的人道主义安排。可以说，加拿大的做法开了一个危险的先例。　　加拿大的做法于法不顾，于理不合，于情不容，性质极其恶劣，是对中加关系的严重损害。按照加拿大领导人自己的说法，他是提前知晓有关行动的，但他并没有跟中方通气，而是放任这种恶劣事件发生，助长美国单边霸权行径，伤害了中国人民感情。奉劝加方不要执迷不悟，立即释放被拘押人员，切实保障当事人的合法、正当权益。否则，必将造成严重后果，加方要为此承担全部责任。 收起全文d\n", "author": "新华视点", "time": "新华视点2018年12月09日08:10 来自微博weibo.com", "transmit": " 转发 451", "comment": "评论 4233", "zan": " 738"}, {"text": "\n                    【香港工联会到美国领事馆前抗议 要求立即释放孟晚舟】华为集团副董事长孟晚舟在加拿大被捕，香港工联会大约30人今天沿花园道游行到美国领事馆，游行人士认为加拿大无理拘留孟晚舟，沿途高叫口号，抗议美方打压中方发展，要求立即释放孟晚舟。 O网页链接 ​                ", "author": "台湾那点事儿", "time": "台湾那点事儿2018年12月09日20:12 来自岛主的Android", "transmit": " 转发 140", "comment": "评论 159", "zan": " 781"}, {"text": "\n                    【华为孟晚舟被绑票，特朗普和纳瓦罗为何敢做不敢当？】O网页链接 特朗普、纳瓦罗一边绑票华为孟晚舟，一边在谈判桌上大肆勒索敲诈中国的绑匪流氓做法，昭然若揭。这些绑匪一边在谈判桌上要高价，另一边还声称此“人”被绑我不知情，是我手下小弟干的，发生在谈判的同一天纯属巧合，是孤立事 ​  展开全文c \n                    【华为孟晚舟被绑票，特朗普和纳瓦罗为何敢做不敢当？】O网页链接 特朗普、纳瓦罗一边绑票华为孟晚舟，一边在谈判桌上大肆勒索敲诈中国的绑匪流氓做法，昭然若揭。这些绑匪一边在谈判桌上要高价，另一边还声称此“人”被绑我不知情，是我手下小弟干的，发生在谈判的同一天纯属巧合，是孤立事件，根本缘由就是害怕受害者抛开说客（亲美的新自由主义势力）奋起反抗。因为中国国内存在一定的坚持社会主义道路的“鹰派”力量，这些绑匪也非常害怕对手真正的对等还击。 O华为孟晚舟被绑票，特朗普和纳瓦罗为何敢做不敢当？ 收起全文d\n", "author": "察网中国", "time": "察网中国2018年12月09日21:25 来自微博weibo.com", "transmit": " 转发 692", "comment": "评论 267", "zan": " 452"}, {"text": "\n#华为CFO孟晚舟被捕#【外交部召见美国驻华大使就美方要求加拿大拘押华为公司负责人提出严正交涉】今天，中国外交部副部长乐玉成紧急召见美国驻华大使布兰斯塔德，就美方无理要求加方拘押在加拿大温哥华转机的华为公司负责人提出严正交涉和强烈抗议。乐玉成指出，美方所作所为严重侵犯中国公民的合法、 ​  展开全文c \n#华为CFO孟晚舟被捕#【外交部召见美国驻华大使就美方要求加拿大拘押华为公司负责人提出严正交涉】今天，中国外交部副部长乐玉成紧急召见美国驻华大使布兰斯塔德，就美方无理要求加方拘押在加拿大温哥华转机的华为公司负责人提出严正交涉和强烈抗议。乐玉成指出，美方所作所为严重侵犯中国公民的合法、正当权益，性质极其恶劣。中方对此坚决反对，强烈敦促美方务必高度重视中方严正立场，立即采取措施纠正错误做法，撤销对中国公民的逮捕令。中方将视美方行动作出进一步反应。（@央视新闻 ） 收起全文d\n", "author": "中国之声", "time": "中国之声2018年12月09日22:18", "transmit": " 转发 22", "comment": "评论 23", "zan": " 111"}, {"text": "\n                    【六个问题带你了解华为孟晚舟加拿大保释听证会】加拿大法院开庭受理华为副总裁孟晚舟保释一案，在经过近6个小时的聆讯后，法庭没有做出任何决定，听证会推迟到温哥华当地时间12月10日上午10点继续进行。孟晚舟能否被保释备受关注。那么，在加拿大，保释听证会是怎么一回事？O六个问题带你了解华为孟晚舟加拿大保释听证会 ​                ", "author": "新浪科技", "time": "新浪科技2018年12月09日12:26 来自专业版微博", "transmit": " 转发 26", "comment": "评论 14", "zan": " 105"}, {"text": "\n                    香港新民党立法会议员叶刘淑仪回应孟晚舟被捕：将改用华为手机华为集团CFO孟晚舟12月1 在加拿大转机时被捕。香港新民党立法会议员叶刘淑仪今天表示，不会因此呼吁香港市民多用国货，但自己会改用华为手机。她又说，华为的手机出口已超越苹果公司，又正在5G流动通讯网络市场上争取领导地位，明白华 ​  展开全文c \n                    香港新民党立法会议员叶刘淑仪回应孟晚舟被捕：将改用华为手机华为集团CFO孟晚舟12月1 在加拿大转机时被捕。香港新民党立法会议员叶刘淑仪今天表示，不会因此呼吁香港市民多用国货，但自己会改用华为手机。她又说，华为的手机出口已超越苹果公司，又正在5G流动通讯网络市场上争取领导地位，明白华为高层的一举一动，受美国政府高度关注。 收起全文d\n", "author": "寰亚SYHP", "time": "寰亚SYHP2018年12月09日19:17", "transmit": " 转发 224", "comment": "评论 287", "zan": " 545"}, {"text": "\n华为集团副董事长孟晚舟在加拿大被捕。香港工联会游行至美国总领事馆抗议，要求立即释放孟晚舟。大约30人沿花园道游行到美国领事馆，游行人士认为加拿大无理拘留孟晚舟，沿途高叫口号，抗议美方打压中方发展。 ​                ", "author": "台湾那点事儿", "time": "台湾那点事儿2018年12月09日20:02 来自岛主的Android", "transmit": " 转发 182", "comment": "评论 419", "zan": " 2191"}, {"text": "\n                    【手铐加脚镣，孟晚舟被戴上了重刑犯人刑具……】加拿大不列颠哥伦比亚省高等法院星期六举行华为高管孟晚舟保释听证会，在未作出裁决的情况下宣布休庭，星期一继续开庭。据知情人士了解，孟晚舟自12月1日被拘留，一直受到粗暴且有辱人格的对待。加警方将她在机场扣留带到拘留所的路上，就给她戴了手铐 ​  展开全文c \n                    【手铐加脚镣，孟晚舟被戴上了重刑犯人刑具……】加拿大不列颠哥伦比亚省高等法院星期六举行华为高管孟晚舟保释听证会，在未作出裁决的情况下宣布休庭，星期一继续开庭。据知情人士了解，孟晚舟自12月1日被拘留，一直受到粗暴且有辱人格的对待。加警方将她在机场扣留带到拘留所的路上，就给她戴了手铐，而带她从拘留所到法庭，以及庭审结束后去矫正中心途中，不仅给她戴了手铐，还对她上了脚镣。在未经审判定罪的情况下，给孟晚舟女士戴上适用于重刑犯人的刑具，直接将她作为重刑犯人对待，是对其基本人权的践踏和对其人格的侮辱。据了解，孟晚舟今年5月份做过去除甲状腺的手术，且有高血压，需要每天按时服药。然而加拿大的拘留所没有给予她目前身体状况所需要的照顾。加拿大如果以不公正对待孟晚舟女士的方式表达其对美国的效忠，不符合加拿大的国家利益。加若把孟引渡到美国，而且连保释都不允许，它所能获得的美方好感将是有限的。但渥太华这样做，是中国社会绝对接受不了的。中加关系面临严重倒退的风险，这也是对加拿大公众利益的侵害。(环球时报）O孟晚舟未经审判定罪就被戴上手铐脚镣？中国不能接受！ 收起全文d\n", "author": "人民日报海外版-海外网", "time": "人民日报海外版-海外网2018年12月09日14:30 来自微博weibo.com", "transmit": " 转发 206", "comment": "评论 464", "zan": " 200"}, {"text": "\n                    【#安哥锐评#国际通行规则应是法治，不是强权】#华为CFO孟晚舟被捕# 我国外交部紧急召见加拿大大使，敦促立即放人，否则将造成严重后果。法治应是所有现代国家的底色，更是底线，无论在哪，中国公民合法权益都不容侵犯！另一方面，安哥想引用华为任正非的一句话：“我们要正视差距，坚定地向美国学习， ​  展开全文c \n                    【#安哥锐评#国际通行规则应是法治，不是强权】#华为CFO孟晚舟被捕# 我国外交部紧急召见加拿大大使，敦促立即放人，否则将造成严重后果。法治应是所有现代国家的底色，更是底线，无论在哪，中国公民合法权益都不容侵犯！另一方面，安哥想引用华为任正非的一句话：“我们要正视差距，坚定地向美国学习，永远不要让反美情绪主导工作。”国家和个人都可能遭遇成长的烦恼、不公的对待，而我们要做的是坚持做对的事，永远保持定力，永不投降放弃，永远奔流向前！ 收起全文d\n", "author": "中国长安网", "time": "中国长安网2018年12月09日19:30 来自微博weibo.com", "transmit": " 转发 59", "comment": "评论 40", "zan": " 135"}, {"text": "\n                    【国际锐评 | 加拿大在当谁的“人权卫士”？】中国著名民营企业华为CFO孟晚舟女士本月1日在加拿大转机时被加拿大应美方要求逮捕。当地时间星期五（7日），针对孟晚舟被拘押一事的保释听证会在温哥华法庭举行，长达五小时的听证会没有做出裁决，被推迟到下周一（10日）继续举行。孟女士被捕并被拘押,在 ​  展开全文c \n                    【国际锐评 | 加拿大在当谁的“人权卫士”？】中国著名民营企业华为CFO孟晚舟女士本月1日在加拿大转机时被加拿大应美方要求逮捕。当地时间星期五（7日），针对孟晚舟被拘押一事的保释听证会在温哥华法庭举行，长达五小时的听证会没有做出裁决，被推迟到下周一（10日）继续举行。孟女士被捕并被拘押,在国际社会掀起一场龙卷风，引发了华为公司、中国民众和中国政府的震惊和愤慨，也引起国际舆论的哗然和指责。这场龙卷风带来的飞沙走石让这么几个真相更加清晰地暴露在世界面前。它们会让加拿大付出意想不到的沉重代价。O【国际锐评】加拿大在当谁的“人权卫士”？（来源：中央广播电视总台国际锐评） 收起全文d\n", "author": "中国之声", "time": "中国之声2018年12月09日12:28 来自iPhone7Plus", "transmit": " 转发 19", "comment": "评论 23", "zan": " 74"}, {"text": "\n                    中兴事件硝烟未散，现在轮到华为了。美国醉翁之意不在酒，威逼在先利诱在后，抓捕华为孟晚舟女士的真正目的，是打压中国高科技领域领军企业，进而遏制中华民族之崛起，中国必须给予同样的回击，国际竞争场从来就是个角斗场，所谓的公平贸易只能在同样的威慑下才可能出现。你强他就弱，你怂他就强！国人 ​  展开全文c \n                    中兴事件硝烟未散，现在轮到华为了。美国醉翁之意不在酒，威逼在先利诱在后，抓捕华为孟晚舟女士的真正目的，是打压中国高科技领域领军企业，进而遏制中华民族之崛起，中国必须给予同样的回击，国际竞争场从来就是个角斗场，所谓的公平贸易只能在同样的威慑下才可能出现。你强他就弱，你怂他就强！国人不能再对美国抱有任何幻想，中国在哪个领域出头美国就在哪个领域打压你，中华民族已然到了最危险的时候，我们被迫着发出同声的怒吼：放人！放人！放人！ 收起全文d\n", "author": "刘毅然", "time": "刘毅然2018年12月09日22:52 来自三星GALAXYS6edge+", "transmit": " 转发 223", "comment": "评论 94", "zan": " 341"}, {"text": "\n                    【中方强烈抗议孟晚舟被拘押 加拿大面临进退两难窘境】12月8日，也就是华为副董事长、CFO孟晚舟保释听证会之后，中国外交部副部长乐玉成紧急召见加拿大驻华大使麦家廉，就加方拘押华为公司负责人提出严正交涉和强烈抗议。O中方强烈抗议孟晚舟被拘押 加拿大面临进退两难窘境 ​                ", "author": "新浪财经", "time": "新浪财经2018年12月09日17:49 来自微博weibo.com", "transmit": " 转发 160", "comment": "评论 167", "zan": " 381"}, {"text": "\n                    【胡锡进：用这方式打击华为的人 良心或脑子让狗吃了】中国外交部此前确认，被加拿大拘押的华为CFO孟晚舟是中国公民。此前有关其国籍的谣言不攻自破。近日，环球时报总编辑胡锡进在微博上抨击有人炒作孟晚舟国籍噱头，以挑动民粹的方式打击华为的行为，称特别在她是中国籍已经得到官方证实情况下继续炒 ​  展开全文c \n                    【胡锡进：用这方式打击华为的人 良心或脑子让狗吃了】中国外交部此前确认，被加拿大拘押的华为CFO孟晚舟是中国公民。此前有关其国籍的谣言不攻自破。近日，环球时报总编辑胡锡进在微博上抨击有人炒作孟晚舟国籍噱头，以挑动民粹的方式打击华为的行为，称特别在她是中国籍已经得到官方证实情况下继续炒作这个噱头的人，是很下作的。用这种挑动民粹的方式打击华为，如果他们是中国大陆人，那一定是良心或者脑子被狗吃了。（环球网） 收起全文d\n", "author": "中国经济网", "time": "中国经济网2018年12月09日13:07 来自微博weibo.com", "transmit": " 转发 38", "comment": "评论 163", "zan": " 310"}, {"text": "\n                    【中方就孟晚舟被拘押提出强烈抗议，加拿大政府面临进退两难窘境】12月8日，也就是华为副董事长、CFO孟晚舟保释听证会之后，中国外交部副部长乐玉成紧急召见加拿大驻华大使麦家廉，就加方拘押华为公司负责人提出严正交涉和强烈抗议。特鲁多政府也面临着另一项压力，即是否要拒绝华为在加拿大的下一代5G ​  展开全文c \n                    【中方就孟晚舟被拘押提出强烈抗议，加拿大政府面临进退两难窘境】12月8日，也就是华为副董事长、CFO孟晚舟保释听证会之后，中国外交部副部长乐玉成紧急召见加拿大驻华大使麦家廉，就加方拘押华为公司负责人提出严正交涉和强烈抗议。特鲁多政府也面临着另一项压力，即是否要拒绝华为在加拿大的下一代5G电信网络中提供产品。 O中方就孟晚舟被拘押提出强烈抗议，加拿大政府面临进退两难窘境 收起全文d\n", "author": "中国新闻周刊", "time": "中国新闻周刊2018年12月09日18:53 来自iPhone客户端", "transmit": " 转发 58", "comment": "评论 165", "zan": " 174"}, {"text": "\n                    这是#华为cfo孟晚舟被捕# 事件爆发以来，我所读到的最让人心服的帖子。网上太多的评论不着边际，而事情的本质就是酱紫的。那些到现在还以为美国会在国家与国家之间的竞争中会跟你讲法制的人，是犯了幼稚病。by@深圳宁南山 ​                ", "author": "嘉善老顾", "time": "嘉善老顾2018年12月09日17:49 来自资深老玩客Android", "transmit": " 转发 101", "comment": "评论 14", "zan": " 82"}, {"text": "\n#华为CFO孟晚舟被捕#【外交部召见美国驻华大使就美方要求加拿大拘押华为公司负责人提出严正交涉】今天，中国外交部副部长乐玉成紧急召见美国驻华大使布兰斯塔德，就美方无理要求加方拘押在加拿大温哥华转机的华为公司负责人提出严正交涉和强烈抗议。乐玉成指出，美方所作所为严重侵犯中国公民的合法、 ​  展开全文c \n#华为CFO孟晚舟被捕#【外交部召见美国驻华大使就美方要求加拿大拘押华为公司负责人提出严正交涉】今天，中国外交部副部长乐玉成紧急召见美国驻华大使布兰斯塔德，就美方无理要求加方拘押在加拿大温哥华转机的华为公司负责人提出严正交涉和强烈抗议。乐玉成指出，美方所作所为严重侵犯中国公民的合法、正当权益，性质极其恶劣。中方对此坚决反对，强烈敦促美方务必高度重视中方严正立场，立即采取措施纠正错误做法，撤销对中国公民的逮捕令。中方将视美方行动作出进一步反应。 收起全文d\n", "author": "新闻晨报", "time": "新闻晨报2018年12月09日22:05 来自微博weibo.com", "transmit": " 转发 16", "comment": "评论 17", "zan": " 53"}, {"text": "\n                    【人民日报钟声：中国公民合法、正当权益不容侵犯】加拿大方面，做出了一件足以令国际社会深感震惊的事情。在加拿大温哥华转机的中国公民、华为公司首席财务官孟晚舟，竟然被加拿大方面以应美方要求为由而拘押。这是严重侵犯中国公民的合法、正当权益，于法不顾，于理不合，于情不容，性质极其恶劣。 ​  展开全文c \n                    【人民日报钟声：中国公民合法、正当权益不容侵犯】加拿大方面，做出了一件足以令国际社会深感震惊的事情。在加拿大温哥华转机的中国公民、华为公司首席财务官孟晚舟，竟然被加拿大方面以应美方要求为由而拘押。这是严重侵犯中国公民的合法、正当权益，于法不顾，于理不合，于情不容，性质极其恶劣。中方不会惹事，但是也决不怕事，谁也不要小看中国的信心、意志和实力。中方获悉相关情况后，第一时间提出严正交涉、表明严正立场，并第一时间向当事人提供领事协助。12月8日，中方紧急召见加拿大驻华大使麦家廉，就加方拘押华为公司负责人提出严正交涉和强烈抗议。中方强烈敦促加方立即释放被拘押人员，切实保障当事人的合法、正当权益。否则必将造成严重后果，加方要为此承担全部责任。加拿大方面必须想清楚，在公理正义与肆意妄为之间，根本不存在模糊地带。加拿大方面只有纠正错误，立即停止侵犯中国公民合法、正当权益，给中国人民一个应有的交代，才能避免为此付出沉重的代价。O中国公民合法、正当权益不容侵犯（钟声） 收起全文d\n", "author": "凤凰网视频", "time": "凤凰网视频2018年12月09日11:38", "transmit": " 转发 49", "comment": "评论 240", "zan": " 170"}, {"text": "\n#华为CFO孟晚舟被捕#【外交部召见加拿大驻华大使就加方无理拘押华为公司负责人提出严正交涉】昨日，中国外交部副部长乐玉成紧急召见加拿大驻华大使麦家廉，就加方拘押华为公司负责人提出严正交涉和强烈抗议。乐玉成指出，加方以应美方要求为由，将在加拿大温哥华转机的中国公民拘押，严重侵犯中国公民 ​  展开全文c \n#华为CFO孟晚舟被捕#【外交部召见加拿大驻华大使就加方无理拘押华为公司负责人提出严正交涉】昨日，中国外交部副部长乐玉成紧急召见加拿大驻华大使麦家廉，就加方拘押华为公司负责人提出严正交涉和强烈抗议。乐玉成指出，加方以应美方要求为由，将在加拿大温哥华转机的中国公民拘押，严重侵犯中国公民的合法、正当权益，于法不顾，于理不合，于情不容，性质极其恶劣。中方强烈敦促加方立即释放被拘押人员，切实保障当事人的合法、正当权益。否则必将造成严重后果，加方要为此承担全部责任。 收起全文d\n", "author": "央视网", "time": "央视网2018年12月09日08:59 来自360安全浏览器", "transmit": " 转发 22", "comment": "评论 16", "zan": " 91"}]