[{"text": "\n                    加拿大严重侵犯孟晚舟人权，这是华为和中国的奇耻大辱啊！ ​                ", "author": "沿海观察汇总者", "time": "沿海观察汇总者2019年05月10日10:33 来自HUAWEIMate10Pro", "transmit": " 转发 884", "comment": "评论 5489", "zan": " 10246"}, {"text": "\n                    【第1043期】#墨香伴读书# 孟晚舟事件绝非个例，美国用司法手段打击商业对手的套路，已引全球非议！“法国版孟晚舟事件”受害者——阿尔斯通前高管皮耶鲁齐出狱后出版《美国陷阱》，揭秘美国通过“长臂管辖”、《反海外腐败法》肢解500强的惊人内幕！孟晚舟会不会成为下一个皮耶鲁齐？华为会不会变成下 ​  展开全文c \n                    【第1043期】#墨香伴读书# 孟晚舟事件绝非个例，美国用司法手段打击商业对手的套路，已引全球非议！“法国版孟晚舟事件”受害者——阿尔斯通前高管皮耶鲁齐出狱后出版《美国陷阱》，揭秘美国通过“长臂管辖”、《反海外腐败法》肢解500强的惊人内幕！孟晚舟会不会成为下一个皮耶鲁齐？华为会不会变成下一家阿尔斯通？对于了解华为事件的本质，这本书胜于千言。关注+转发@墨香书坊，5本抽送，5月17日截止！ 收起全文d\n", "author": "墨香书坊", "time": "墨香书坊2019年05月10日12:00 来自微博weibo.com", "transmit": " 转发 556", "comment": "评论 167", "zan": " 62"}]