[{"text": "\n                    【任正非：十分想念女儿 相信正义会得到伸张】谈及女儿、华为CFO孟晚舟时，任正非不愿发表过多评论。他说，十分想念女儿，也相信正义会得到伸张。任正非说，相信美国和加拿大的法律体系是开放的，他将等待法院的判决。O任正非罕见受外媒采访：很想念女儿 相信正义会伸张 ​                ", "author": "新浪财经", "time": "新浪财经2019年01月16日07:01 来自专业版微博", "transmit": " 转发 135", "comment": "评论 85", "zan": " 315"}, {"text": "\n                    【转发赠书 】#任正非：除了胜利，我们已无路可走# 贸易战下美国攻势更加紧锣密鼓，华为CFO孟晚舟被捕后华为将何去何从？ 首次全面解析华为任正非30年企业制胜之道，被誉为教父级企业家的他，重新定义了中国企业家精神。“惶恐才能生存，偏执才能成功。” 绝处制胜的华为精神，向死而生的商 ​  展开全文c \n                    【转发赠书 】#任正非：除了胜利，我们已无路可走# 贸易战下美国攻势更加紧锣密鼓，华为CFO孟晚舟被捕后华为将何去何从？ 首次全面解析华为任正非30年企业制胜之道，被誉为教父级企业家的他，重新定义了中国企业家精神。“惶恐才能生存，偏执才能成功。” 绝处制胜的华为精神，向死而生的商业哲学——#除了胜利，我们已无路可走。#转发＋关注@小说天天荐 随机抽2人+热转第一赠送图书，截止1月24日。 收起全文d\n", "author": "读书派", "time": "读书派2019年01月16日11:05 来自iPhone7", "transmit": " 转发 641", "comment": "评论 50", "zan": " 33"}, {"text": "\n                    【一个预言：输掉这场争夺，美国会后悔100年】在5G这个大生态圈里，谁也离不开谁，合作开放才是唯一的出路。但私底下的竞争，不会比4G时代更轻松。“如果不能阻击中国，我们会后悔100年。”美国福克斯网站上的一篇文章写道。就在文章发表后不久，华为CFO孟晚舟在加拿大被警方逮捕。按照各国的计划，202 ​  展开全文c \n                    【一个预言：输掉这场争夺，美国会后悔100年】在5G这个大生态圈里，谁也离不开谁，合作开放才是唯一的出路。但私底下的竞争，不会比4G时代更轻松。“如果不能阻击中国，我们会后悔100年。”美国福克斯网站上的一篇文章写道。就在文章发表后不久，华为CFO孟晚舟在加拿大被警方逮捕。按照各国的计划，2020年是一个重要的时间点，届时会有很多国家推出5G，全球80万亿产业战将迎来高潮。而今，真正的较量，才刚刚开始。O一个预言：输掉这场争夺，美国会后悔100年 收起全文d\n", "author": "新财富杂志", "time": "新财富杂志2019年01月16日22:56 来自iPhone8Plus", "transmit": " 转发 44", "comment": "评论 23", "zan": " 43"}, {"text": "\n                    任正非罕见发声：很想念女儿孟晚舟，2019或是华为艰难的一年 ​                ", "author": "电商行业", "time": "电商行业2019年01月16日22:40 来自微博weibo.com", "transmit": " 转发 11", "comment": "评论 18", "zan": " 76"}, {"text": "\n                    #任正非回应孟晚舟事件#【十分想念女儿】华为公司创始人兼CEO任正非昨日在公司深圳总部罕见地接受了国外媒体的采访。他在采访中称，企业应以客户为中心，必须遵守商业规则。谈及女儿、华为CFO孟晚舟时，任正非不愿发表过多评论。他说，十分想念女儿，也相信正义会得到伸张。任正非说，相信美国和加拿 ​  展开全文c \n                    #任正非回应孟晚舟事件#【十分想念女儿】华为公司创始人兼CEO任正非昨日在公司深圳总部罕见地接受了国外媒体的采访。他在采访中称，企业应以客户为中心，必须遵守商业规则。谈及女儿、华为CFO孟晚舟时，任正非不愿发表过多评论。他说，十分想念女儿，也相信正义会得到伸张。任正非说，相信美国和加拿大的法律体系是开放的，他将等待法院的判决。 收起全文d\n", "author": "余丰慧", "time": "余丰慧2019年01月16日07:17 来自iPhone8Plus", "transmit": " 转发 9", "comment": "评论 32", "zan": " 48"}, {"text": "\n                    【任正非：绝不会做有损任何国家的事，继续减少自己在华为持股】在此次同6位外媒记者进行的两个多小时的座谈会中，任正非表示非常想念女儿孟晚舟。目前，华为已经在世界的几个市场被封锁。美国、澳大利亚和新西兰已经禁止华为用于本国的下一代移动互联网。任正非此前只进行过两次公开采访，每次都是为 ​  展开全文c \n                    【任正非：绝不会做有损任何国家的事，继续减少自己在华为持股】在此次同6位外媒记者进行的两个多小时的座谈会中，任正非表示非常想念女儿孟晚舟。目前，华为已经在世界的几个市场被封锁。美国、澳大利亚和新西兰已经禁止华为用于本国的下一代移动互联网。任正非此前只进行过两次公开采访，每次都是为了消除外界对华为的担忧。“我依然爱我的祖国，我拥护中国共产党，我绝不会做任何有损世界上任何国家的事情。”任正非对外媒记者说。他还补充道，华为在保护隐私方面参照了苹果的模型，并表示自己计划减少公司的股份。O任正非要继续减少在华为持股 并赞扬特朗普\"伟大\" 收起全文d\n", "author": "中国经济网", "time": "中国经济网2019年01月16日09:00 来自微博weibo.com", "transmit": " 转发 18", "comment": "评论 37", "zan": " 57"}, {"text": "\n                    1月16日，星期三；#互联网早报，众览天下事#关心今天第4条：#任正非回应孟晚舟事件# 华为公司创始人兼CEO任正非在采访中表示：十分想念女儿 相信正义会得到伸张。微博置顶送100箱俊明说定制新年大礼盒=================欢迎点击右上方关注每天一分钟众览天下事，互联网早报值得拥有 ​                ", "author": "互联网俊明说", "time": "互联网俊明说2019年01月16日08:53 来自微博weibo.com", "transmit": " 转发 94", "comment": "评论 131", "zan": " 255"}, {"text": "\n                    【极力推荐｜华为老总任正非罕见外媒采访实录——想念女儿，相信正义会得到伸张】作为70多老父亲，他十分想念自己大女儿，作为老板他说，华为完全是由员工所有，股东数量近9.7万人，没任何外部持股，我们不是上市公司，不在意漂亮数据，只要满足员工就行，我相信华为就有未来#华为# ​  展开全文c \n                    【极力推荐｜华为老总任正非罕见外媒采访实录——想念女儿，相信正义会得到伸张】作为70多老父亲，他十分想念自己大女儿，作为老板他说，华为完全是由员工所有，股东数量近9.7万人，没任何外部持股，我们不是上市公司，不在意漂亮数据，只要满足员工就行，我相信华为就有未来#华为##任正非回应孟晚舟事件# 收起全文d\n", "author": "建华Wei业", "time": "建华Wei业2019年01月16日07:35 来自华为超话", "transmit": " 转发 37", "comment": "评论 59", "zan": " 262"}, {"text": "\n                    【任正非：绝不会做有损任何国家的事，继续减少自己在华为持股】在此次同6位外媒记者进行的两个多小时的座谈会中，任正非表示非常想念女儿孟晚舟。目前，华为已经在世界的几个市场被封锁。美国、澳大利亚和新西兰已经禁止华为用于本国的下一代移动互联网。任正非此前只进行过两次公开采访，每次都是为 ​  展开全文c \n                    【任正非：绝不会做有损任何国家的事，继续减少自己在华为持股】在此次同6位外媒记者进行的两个多小时的座谈会中，任正非表示非常想念女儿孟晚舟。目前，华为已经在世界的几个市场被封锁。美国、澳大利亚和新西兰已经禁止华为用于本国的下一代移动互联网。任正非此前只进行过两次公开采访，每次都是为了消除外界对华为的担忧。“我依然爱我的祖国，我拥护中国共产党，我绝不会做任何有损世界上任何国家的事情。”任正非对外媒记者说。他还补充道，华为在保护隐私方面参照了苹果的模型，并表示自己计划减少公司的股份。O任正非要继续减少在华为持股 并赞扬特朗普\"伟大\" 收起全文d\n", "author": "中国妇女报", "time": "中国妇女报2019年01月16日10:35 来自英妹的iPhone客户端", "transmit": " 转发 7", "comment": "评论 7", "zan": " 24"}, {"text": "\n                    【#任正非回应孟晚舟事件#：十分想念女儿，相信正义会得到伸张】华为公司创始人兼CEO任正非在采访中表示，华为完全是由公司员工所有，股东数量近9.7万人，“没有外部机构拥有我们的股票。”谈及女儿、华为CFO孟晚舟时，他说，十分想念女儿，也相信正义会得到伸张。O任正非：华为完全由员工持有 股东近9.7万人 ​​​                ", "author": "老板联播", "time": "老板联播2019年01月16日07:32", "transmit": " 转发 8", "comment": "评论 15", "zan": " 39"}, {"text": "\n                    任正非：很想念女儿孟晚舟，华为不是上市公司，不需要漂亮的财报，如果某些市场容不下华为，华为也可以缩减规模，只要活下来就有未来。他还强调，华为多年来在研发上大量投入，中兴遭遇的事情不会在华为身上发生！O任正非昨日罕见接受外媒采访：今年营收增速将低于20%，很想念女儿孟晚舟 ​                ", "author": "韩复龄", "time": "韩复龄2019年01月16日09:01 来自iPhone7Plus", "transmit": " 转发 7", "comment": "评论 5", "zan": " 88"}, {"text": "\n                    【任正非：十分想念女儿 相信正义会得到伸张】华为公司创始人兼CEO任正非15日在公司深圳总部罕见地接受了国外媒体的采访。他在采访中称，企业应以客户为中心，必须遵守商业规则。谈及女儿、华为CFO孟晚舟时，任正非不愿发表过多评论。他说，十分想念女儿，也相信正义会得到伸张。任正非说，相信美国和 ​  展开全文c \n                    【任正非：十分想念女儿 相信正义会得到伸张】华为公司创始人兼CEO任正非15日在公司深圳总部罕见地接受了国外媒体的采访。他在采访中称，企业应以客户为中心，必须遵守商业规则。谈及女儿、华为CFO孟晚舟时，任正非不愿发表过多评论。他说，十分想念女儿，也相信正义会得到伸张。任正非说，相信美国和加拿大的法律体系是开放的，他将等待法院的判决。 收起全文d\n", "author": "香港商報網", "time": "香港商報網2019年01月16日01:30 来自微博weibo.com", "transmit": " 转发 7", "comment": "评论 15", "zan": " 22"}, {"text": "\n                    【#任正非回应孟晚舟事件#：十分想念女儿 相信正义会得到伸张】华为公司创始人兼CEO任正非在采访中表示，华为完全是由公司员工所有，股东数量近9.7万人，“没有外部机构拥有我们的股票。”谈及女儿、华为CFO孟晚舟时，他说，十分想念女儿，也相信正义会得到伸张。O任正非：华为完全由员工持有 股东近9.7万人 ​                ", "author": "辽沈晚报", "time": "辽沈晚报2019年01月16日08:43 来自iPhoneX", "transmit": " 转发 4", "comment": "评论 1", "zan": " 17"}, {"text": "\n                    【视频｜华为任正非驳斥华为间谍指控，思念女儿】任正非:华为只是中美贸易摩擦里的一颗芝麻！   L凤凰网的秒拍视频 #华为##任正非##任正非回应孟晚舟事件# ​                ", "author": "建华Wei业", "time": "建华Wei业2019年01月16日08:26 来自HUAWEIMate20Pro", "transmit": " 转发 16", "comment": "评论 14", "zan": " 227"}, {"text": "\n                    【华为之痒：正在经历其历史上最为严峻时刻，三十年未有之大变局？】历经30年高速发展，华为终于成为全球电信技术的引领者。然而结合2018年12月初华为公司首席财务官孟晚舟被加拿大当局暂时扣留，以及由美国、加拿大等五国组成的“五眼联盟”为将华为排除出5G采购名单而采取的一系列行动，美国伙 ​  展开全文c \n                    【华为之痒：正在经历其历史上最为严峻时刻，三十年未有之大变局？】历经30年高速发展，华为终于成为全球电信技术的引领者。然而结合2018年12月初华为公司首席财务官孟晚舟被加拿大当局暂时扣留，以及由美国、加拿大等五国组成的“五眼联盟”为将华为排除出5G采购名单而采取的一系列行动，美国伙同其盟友抵制华为之势正愈演愈烈，现已彻底蔓延至欧洲大陆。华为正在经历其历史上最为严峻的时刻。 华为成立于1987年，30年来发展迅猛。根据华为2017年年报，目前华为业务遍及全球170多个国家和地区，服务全世界1/3以上的人口。2017年，华为销售收入实现6036.21亿元，位列世界500强第72位，中国500强第16位，中国民营企业第1位。      此外，华为不断走向国际，分支机构遍布世界。根据华为官网消息，目前，华为在全球有60个分支机构，其中非洲4个，亚太地区14个，欧洲24个，拉丁美洲8个，中东8个，北美2个。       而最让竞争对手担心的是华为5G技术的发展。早在2009年，华为就一马当先正式宣布开始5G技术的研发，并成为全球首个跟5G签收的设备商。据欧洲电信标准化协会（ETSI）官方网站的近期检索结果，截止2018年6月14日，在5G新空口领域，华为以1481项声明专利（占比28.90%）占据排名第一，爱立信以1134项声明专利（占比22.13%）据次席、三星以1038项标声明专利（占比20.26%）排名第三；而在5G新核心网领域，华为以214项（占比77.26%）声明专利排名榜首，LG以49项（占比17.69%）声明专利排名第二，ETRI以14项（占比5.05%）声明专利排名第三。    当前，随着中美竞争加剧，“五眼联盟”及其他西方国家联合抵制华为，已经对华为拓展海外市场的计划产生不利影响，华为正遭遇企业发展史上前所未有的危机。此外，中国技术升级和中美关系也会受到不同程度的负面影响。     未来华为是否能够继续保持技术领先和高速发展呢？大家对华为是否依然保持信心？我认为这个毫无疑问，美帝不可能遏制得了中国，也不可能遏制华为继续发展。当然发展速度可能会有一定影响了，这个没法避免。 收起全文d\n", "author": "人才76116", "time": "人才761162019年01月16日20:09", "transmit": " 转发 13", "comment": "评论 59", "zan": " 54"}, {"text": "\n                    【#任正非回应孟晚舟事件#：十分想念女儿 相信正义会得到伸张】华为公司创始人兼CEO任正非在采访中表示，华为完全是由公司员工所有，股东数量近9.7万人，“没有外部机构拥有我们的股票。”谈及女儿、华为CFO孟晚舟时，他说，十分想念女儿，也相信正义会得到伸张。 ​​​                ", "author": "商界BUSINESS", "time": "商界BUSINESS2019年01月16日08:26 来自iPhone8Plus", "transmit": " 转发 6", "comment": "评论 13", "zan": " 11"}, {"text": "\n                    【#任正非回应孟晚舟事件#：十分想念女儿 相信正义会得到伸张】华为公司创始人兼CEO任正非在采访中表示，华为完全是由公司员工所有，股东数量近9.7万人，“没有外部机构拥有我们的股票。”谈及女儿、华为CFO孟晚舟时，他说，十分想念女儿，也相信正义会得到伸张。 ​                ", "author": "中国商界网", "time": "中国商界网2019年01月16日08:21 来自iPhone客户端", "transmit": " 转发 36", "comment": "评论 6", "zan": " 14"}, {"text": "\n                    【任正非：很想念女儿孟晚舟 相信正义会得到伸张】华为创始人任正非罕见接受国际媒体采访。他表示，很想念女儿孟晚舟，相信正义会得到伸张。任正非还称，“在涉及网络安全以及隐私保护问题时，我们致力于和客户站在一起，绝对不会伤害任何国家以及任何个人的利益。”O任正非:很想念女儿孟晚舟 相信正义会得到伸张 ​                ", "author": "网易新闻客户端", "time": "网易新闻客户端2019年01月16日10:04 来自微博weibo.com", "transmit": " 转发 13", "comment": "评论 96", "zan": " 34"}, {"text": "\n                    【任正非：十分想念女儿 相信正义会得到伸张】谈及女儿、华为CFO孟晚舟时，任正非不愿发表过多评论。他说，十分想念女儿，也相信正义会得到伸张。任正非说，相信美国和加拿大的法律体系是开放的，他将等待法院的判决。O任正非罕见受外媒采访：很想念女儿 相信正义会伸张 ​                ", "author": "香港商報網", "time": "香港商報網2019年01月16日08:40 来自微博weibo.com", "transmit": " 转发 8", "comment": "评论 30", "zan": " 14"}, {"text": "\n                    【任正非罕见受外媒采访：很想念女儿，相信正义会伸张】任正非在华为深圳总部接受采访时表示，他很想念女儿孟晚舟，相信正义会得到伸张。他还称，华为始终坚持客户第一，与客户的利益站在一起，绝不会损害任何个人以及任何国家的利益。他表示：在涉及网络安全以及隐私保护问题时，我们致力于和客户站在 ​  展开全文c \n                    【任正非罕见受外媒采访：很想念女儿，相信正义会伸张】任正非在华为深圳总部接受采访时表示，他很想念女儿孟晚舟，相信正义会得到伸张。他还称，华为始终坚持客户第一，与客户的利益站在一起，绝不会损害任何个人以及任何国家的利益。他表示：在涉及网络安全以及隐私保护问题时，我们致力于和客户站在一起，绝对不会伤害任何国家以及任何个人的利益。O网页链接 收起全文d\n", "author": "新财富杂志", "time": "新财富杂志2019年01月16日10:28 来自iPhone8Plus", "transmit": " 转发 16", "comment": "评论 26", "zan": " 31"}, {"text": "\n                    【#任正非回应孟晚舟事件# 相信美加法律 吃瓜群众不敢乐观】华为任正非罕见接受国外媒体采访。对于女儿孟晚舟的被捕，他说，相信美国和加拿大的法律体系是开放的，他将等待法院的判决。大兵简评 孟晚舟事件，全球瞩目，任正非相信美加法律，可吃瓜群众不敢乐观。愿国家能够保护好每一位 ​  展开全文c \n                    【#任正非回应孟晚舟事件# 相信美加法律 吃瓜群众不敢乐观】华为任正非罕见接受国外媒体采访。对于女儿孟晚舟的被捕，他说，相信美国和加拿大的法律体系是开放的，他将等待法院的判决。大兵简评 孟晚舟事件，全球瞩目，任正非相信美加法律，可吃瓜群众不敢乐观。愿国家能够保护好每一位公民。 收起全文d\n", "author": "至诚大兵", "time": "至诚大兵2019年01月16日07:32 来自大兵简评超话", "transmit": " 转发 9", "comment": "评论 42", "zan": " 49"}, {"text": "\n                    【#任正非回应孟晚舟事件# 】任正非15日接受外媒采访，否认有关华为替中国政府从事间谍活动的指控，指华为从未收到任何政府要求提供不正当信息的请求。而关于孟晚舟被扣押一事，任正非表示非常思念女儿，称华为只是中美贸易摩擦里的一颗芝麻，美国要善待企业和其他国家才能吸引他们在美投资。  ​  展开全文c \n                    【#任正非回应孟晚舟事件# 】任正非15日接受外媒采访，否认有关华为替中国政府从事间谍活动的指控，指华为从未收到任何政府要求提供不正当信息的请求。而关于孟晚舟被扣押一事，任正非表示非常思念女儿，称华为只是中美贸易摩擦里的一颗芝麻，美国要善待企业和其他国家才能吸引他们在美投资。 L凤凰网的秒拍视频 收起全文d\n", "author": "新财富杂志", "time": "新财富杂志2019年01月16日10:47 来自iPhone8Plus", "transmit": " 转发 9", "comment": "评论 16", "zan": " 28"}, {"text": "\n                    【#任正非首次回应孟晚舟被扣押# 】任正非15日接受外媒采访，否认有关华为替中国政府从事间谍活动的指控，指华为从未收到任何政府要求提供不正当信息的请求。而关于孟晚舟被扣押一事，任正非表示非常思念女儿，称华为只是中美贸易摩擦里的一颗芝麻，美国要善待企业和其他国家才能吸引他们在美投资。 ​  展开全文c \n                    【#任正非首次回应孟晚舟被扣押# 】任正非15日接受外媒采访，否认有关华为替中国政府从事间谍活动的指控，指华为从未收到任何政府要求提供不正当信息的请求。而关于孟晚舟被扣押一事，任正非表示非常思念女儿，称华为只是中美贸易摩擦里的一颗芝麻，美国要善待企业和其他国家才能吸引他们在美投资。L凤凰网的秒拍视频 收起全文d\n", "author": "经济观察报", "time": "经济观察报2019年01月16日21:00 来自微博weibo.com", "transmit": " 转发 10", "comment": "评论 13", "zan": " 16"}, {"text": "\n                    #任正非回应孟晚舟事件#【任正非罕见媒体采访：很想念女儿孟晚舟 相信正义会得到伸张】据《华尔街日报》及CNBC等多家媒体报道，任正非在华为深圳总部接受采访时表示，他很想念女儿孟晚舟，相信正义会得到伸张。他还称，华为始终坚持客户第一，与客户的利益站在一起，绝不会损害任何个人以及任何国家的 ​  展开全文c \n                    #任正非回应孟晚舟事件#【任正非罕见媒体采访：很想念女儿孟晚舟 相信正义会得到伸张】据《华尔街日报》及CNBC等多家媒体报道，任正非在华为深圳总部接受采访时表示，他很想念女儿孟晚舟，相信正义会得到伸张。他还称，华为始终坚持客户第一，与客户的利益站在一起，绝不会损害任何个人以及任何国家的利益。(华尔街见闻)O网页链接 收起全文d\n", "author": "创业家传媒", "time": "创业家传媒2019年01月16日08:01 来自HUAWEIP10", "transmit": " 转发 81", "comment": "评论 49", "zan": " 48"}, {"text": "\n                    【任正非：十分想念女儿 相信正义会得到伸张】谈及女儿、华为CFO孟晚舟时，任正非不愿发表过多评论。他说，十分想念女儿，也相信正义会得到伸张。任正非说，相信美国和加拿大的法律体系是开放的，他将等待法院的判决。O任正非罕见受外媒采访：很想念女儿 相信正义会伸张 ​​​                ", "author": "深圳县令", "time": "深圳县令2019年01月16日07:59", "transmit": " 转发 4", "comment": "评论 15", "zan": " 9"}, {"text": "\n                    【#任正非首次回应孟晚舟被扣押# 】任正非15日接受外媒采访，否认有关华为替中国政府从事间谍活动的指控，指华为从未收到任何政府要求提供不正当信息的请求。而关于孟晚舟被扣押一事，任正非表示非常思念女儿，称华为只是中美贸易摩擦里的一颗芝麻，美国要善待企业和其他国家才能吸引他们在美投资。 ​  展开全文c \n                    【#任正非首次回应孟晚舟被扣押# 】任正非15日接受外媒采访，否认有关华为替中国政府从事间谍活动的指控，指华为从未收到任何政府要求提供不正当信息的请求。而关于孟晚舟被扣押一事，任正非表示非常思念女儿，称华为只是中美贸易摩擦里的一颗芝麻，美国要善待企业和其他国家才能吸引他们在美投资。L凤凰网的秒拍视频 收起全文d\n", "author": "中国经营报", "time": "中国经营报2019年01月16日11:00 来自微博weibo.com", "transmit": " 转发 9", "comment": "评论 17", "zan": " 27"}, {"text": "\n                    【#任正非回应孟晚舟事件# 很想念女儿 】任正非接受外媒采访，他表示很想念女儿孟晚舟，相信正义会得到伸张；并表示，华为绝不会损害任何个人及国家的利益，华为不是上市公司，不需要漂亮的财报，如果某些市场容不下华为，华为也可以缩减规模，只要活下来就有未来。O网页链接 ​                ", "author": "腾讯新闻", "time": "腾讯新闻2019年01月16日07:46 来自微博weibo.com", "transmit": " 转发 19", "comment": "评论 30", "zan": " 40"}, {"text": "\n                    【任正非：非常想念孟晚舟】 1月15日晚间消息，华为公司创始人兼CEO任正非深圳总部罕见地接受了国外媒体采访。他在受访时表示，自己“非常想念”女儿孟晚舟。对于女儿孟晚舟的被捕，任正非表示，应美方要求被加拿大无理扣押的自家女儿孟晚舟是当天无法回避的话题，他被数次要求对此做出评论。任正非承 ​  展开全文c \n                    【任正非：非常想念孟晚舟】 1月15日晚间消息，华为公司创始人兼CEO任正非深圳总部罕见地接受了国外媒体采访。他在受访时表示，自己“非常想念”女儿孟晚舟。对于女儿孟晚舟的被捕，任正非表示，应美方要求被加拿大无理扣押的自家女儿孟晚舟是当天无法回避的话题，他被数次要求对此做出评论。任正非承认自己“非常想念”她，但他拒绝评论更多，相信自己女儿的案子将以正义的胜利告终。 收起全文d\n", "author": "科工力量", "time": "科工力量2019年01月16日09:28 来自微博weibo.com", "transmit": " 转发 5", "comment": "评论 12", "zan": " 58"}, {"text": "\n                    【#任正非回应孟晚舟事件#：相信美加法律体系是开放的，十分想念女儿】华为公司创始人兼CEO任正非罕见地接受了国外媒体的采访。他表示，企业应以客户为中心，必须遵守商业规则。对于女儿孟晚舟的被捕，他说，十分想念女儿，相信美国和加拿大的法律体系是开放的，他将等待法院的判决。 ​                ", "author": "虎嗅APP", "time": "虎嗅APP2019年01月16日07:56 来自iPhone客户端", "transmit": " 转发 11", "comment": "评论 40", "zan": " 15"}, {"text": "\n                    任正非谈华为和苹果的差距，这才是一个企业家该有的风范。#任正非回应孟晚舟事件# L笑神来啦的微博视频 ​                ", "author": "笑神来啦", "time": "笑神来啦2019年01月16日07:38", "transmit": " 转发 19", "comment": "评论 4", "zan": " 28"}]