[{"text": "\n                    浙商集体支持任正非、支持华为、支持孟晚舟！5G、6G时代属于我们大中国！互联网科技时代，5G就和17世纪富兰克林让人们通电一样重要！ ​                ", "author": "浙商卢献星", "time": "浙商卢献星2019年04月16日10:46 来自微博weibo.com", "transmit": " 转发 27", "comment": "评论 101", "zan": " 525"}, {"text": "\n                    我发表了头条文章:《任正非CNBC专访：美国封锁没影响华为，孟晚舟将来可能会当英雄》 O任正非CNBC专访：美国封锁没影响华为，孟晚舟将来可能会当英雄 ​                ", "author": "价值投资日志", "time": "价值投资日志2019年04月16日08:02 来自iPhoneX", "transmit": " 转发 10", "comment": "评论 2", "zan": " 6"}, {"text": "\n                    【任正非答美媒37问：美国压力没影响华为 一季度营收涨了】4月13日华为创始人任正非接受CNBC专访说，起诉美国是希望获得公平对待。他谈孟晚舟：“她就像二战的一架伊尔2轰炸机，被地面炮火、空中炮火打得破破烂烂的，还在飞行。她现在的处境就是这样的，如果返航了，她可能就是英雄了。” ​  展开全文c \n                    【任正非答美媒37问：美国压力没影响华为 一季度营收涨了】4月13日华为创始人任正非接受CNBC专访说，起诉美国是希望获得公平对待。他谈孟晚舟：“她就像二战的一架伊尔2轰炸机，被地面炮火、空中炮火打得破破烂烂的，还在飞行。她现在的处境就是这样的，如果返航了，她可能就是英雄了。”O任正非连答美媒37问：孟晚舟将来可能会当英雄 L中国长安网的秒拍视频 收起全文d\n", "author": "中国长安网", "time": "中国长安网2019年04月16日14:54 来自360安全浏览器", "transmit": " 转发 74", "comment": "评论 39", "zan": " 74"}, {"text": "\n                    【任正非：孟晚舟受点磨难是好的，英雄自古多磨难】4月13日，华为创始人任正非接受美国CNBC采访，记者一共问了37个问题。谈到孟晚舟时，任正非表示：“她就像第二次世界大战的一架伊尔2轰炸机，被地面炮火、空中炮火打得破破烂烂的，还在飞行。她现在的处境就是这样的，如果返航了，她可能就是英雄了。 ​  展开全文c \n                    【任正非：孟晚舟受点磨难是好的，英雄自古多磨难】4月13日，华为创始人任正非接受美国CNBC采访，记者一共问了37个问题。谈到孟晚舟时，任正非表示：“她就像第二次世界大战的一架伊尔2轰炸机，被地面炮火、空中炮火打得破破烂烂的，还在飞行。她现在的处境就是这样的，如果返航了，她可能就是英雄了。我估计有可能她将来会当英雄。”访谈纪要如下O任正非：孟晚舟受点磨难是好的 英雄自古多磨难 收起全文d\n", "author": "老板联播", "time": "老板联播2019年04月16日16:55 来自微博weibo.com", "transmit": " 转发 18", "comment": "评论 13", "zan": " 28"}]