[{"text": "\n                    【华为5G已经完成闭环建设：未来威力即将发挥】目前全球5G实力能和华为一拼的只要美国高通，美国担心华为会领先高通太多，所以采取指使加拿大非法扣押华为CFO孟晚舟、联合五眼联盟限制华为5G设备等手段，意图限制华为发展。所幸华为无论5G建设、还是核心技术研发，已经努力准备了十多年了。 ​  展开全文c \n                    【华为5G已经完成闭环建设：未来威力即将发挥】目前全球5G实力能和华为一拼的只要美国高通，美国担心华为会领先高通太多，所以采取指使加拿大非法扣押华为CFO孟晚舟、联合五眼联盟限制华为5G设备等手段，意图限制华为发展。所幸华为无论5G建设、还是核心技术研发，已经努力准备了十多年了。 华为比高通方面具备的优势在于，华为除了是通讯研发厂商之外，还是终端制造商，比如智能手机和一些智能设备。从5G网络的技术和设备来看，华为已经涵盖了从5G网络建设、5G芯片制造和5G终端生产的完整生产链，比如消费者可以用华为5G手机来登陆华为5G网络设备连上5G网络，目前华为也已经完成了这个封闭的生产链。 华为5G的成熟不仅体现在华为从技术标准、设备、工程和售后服务等一整套解决方案上面，更体现在合作伙伴的高度认可上。截止目前，华为在全球已经获得30个5G商用合同，累计发出了2.5万个5G基站，稳居全球第一。 华为目前在国内测试5G网络峰值达到了13.4Gbps，同时支持5G网络的芯片Balong5000也已经发布，并且就在2月份华为首款支持5G网络的折叠手机即将发布。大家期待不？ 收起全文d\n", "author": "人才76116", "time": "人才761162019年02月07日10:36 来自HUAWEIP20", "transmit": " 转发 14", "comment": "评论 65", "zan": " 60"}, {"text": "\n                    【任正非：西方现在封锁华为 最终他们发现只能买华为的产品 因为有些东西只有我们能做】#央视专访任正非# 全世界把5G、微波做得最好的都是华为，有很多东西，欧美非买不可。支持华为、支持任正非之女孟晚舟！ L全程视频：任正非接受央视专访 首次回应未进“改革开放杰出贡献人物”名单 ​                ", "author": "浙商卢献星", "time": "浙商卢献星2019年02月07日17:03 来自浙商會iPhone客户端", "transmit": " 转发 125", "comment": "评论 35", "zan": " 65"}, {"text": "\n#华为##孟晚舟# 这二天美国佬媒体爆料：说#华为# 与美国前总统克林顿家族有十几年的生意关系克林顿的基金会最大贡献者佩里买了一家中国汽车公司，然后转到美国生产电动汽车。华为投了大量资金给佩里🤓事情越来越复杂了，我们老百姓看到的只是表象 ​                ", "author": "勇顯堂", "time": "勇顯堂2019年02月07日15:14 来自iPhone客户端", "transmit": " 转发 5", "comment": "评论 5", "zan": " 7"}, {"text": "\n                    转：从另一方面看，拼命打击华为也正是因为美国科技公司已经没有了技术领先的信心，只能用超经济手段，但是如果超经济手段管用，GE肢解了阿尔斯通后也不会濒临倒闭。霸权这东西是以前经济强势的产物，失去了经济强势就变成了遗产，撑不了几天。所以一旦扣住孟晚舟也挡不住华为势如破竹的市场进攻，这件 ​  展开全文c \n                    转：从另一方面看，拼命打击华为也正是因为美国科技公司已经没有了技术领先的信心，只能用超经济手段，但是如果超经济手段管用，GE肢解了阿尔斯通后也不会濒临倒闭。霸权这东西是以前经济强势的产物，失去了经济强势就变成了遗产，撑不了几天。所以一旦扣住孟晚舟也挡不住华为势如破竹的市场进攻，这件事本身就失去了意义。晓宁常说国际斗争的一个重要规律是打不过对方就加入对方，我很信这个说法。我看到目前这一步美国金融科技资本败局已定，孟事件柳暗花明就在眼前了。 收起全文d\n", "author": "王德培", "time": "王德培2019年02月07日15:30 来自iPhone客户端", "transmit": " 转发 6", "comment": "评论 3", "zan": " 11"}]