[{"text": "\n                    【任正非：孟晚舟在华为工作不开心，被捕前一个月已想要离职】任正非向加拿大媒体透露，孟晚舟去年底被捕前一个月已想要离职，到其他公司工作。自从女儿去年12月在温哥华被捕后，两人关系获得改善，她现在能理解生活的艰苦。任正非称，他现阶段没有打算让孟晚舟成为华为继承人。O任正非：孟晚舟在华为工作不开心 被捕后父女关系改善 ​                ", "author": "凤凰网", "time": "凤凰网2019年03月16日08:23 来自微博weibo.com", "transmit": " 转发 38", "comment": "评论 98", "zan": " 146"}, {"text": "\n                    【任正非：孟晚舟在华为工作不开心，被捕前一个月已想要离职】任正非向加拿大媒体透露，孟晚舟去年底被捕前一个月已想要离职，到其他公司工作。自从女儿去年12月在温哥华被捕后，两人关系获得改善，她现在能理解生活的艰苦。任正非称，他现阶段没有打算让孟晚舟成为华为继承人。O任正非：孟晚舟在华为工作不开心 被捕后父女关系改善 ​                ", "author": "凤凰网视频", "time": "凤凰网视频2019年03月16日09:54", "transmit": " 转发 31", "comment": "评论 88", "zan": " 108"}, {"text": "\n                    任正非：孟晚舟被扣前正想换工作，加拿大事件让父女感情更深任正非又接受外媒专访了。这次他面对的是加拿大电视台的镜头，一谈就是2小时。在专访中，任正非透露与女儿孟晚舟的感情因后者被加拿大扣留反而变得比过去更深，他还透露，孟晚舟出事前一个月已想从华为辞职，原因是干得不开心。路透社等多 ​  展开全文c \n                    任正非：孟晚舟被扣前正想换工作，加拿大事件让父女感情更深任正非又接受外媒专访了。这次他面对的是加拿大电视台的镜头，一谈就是2小时。在专访中，任正非透露与女儿孟晚舟的感情因后者被加拿大扣留反而变得比过去更深，他还透露，孟晚舟出事前一个月已想从华为辞职，原因是干得不开心。路透社等多家外媒都转发了CTV的专访，但这次采访是CTV的“独家”。采访在华为深圳总部进行，CTV于14日播出。任正非说，自从女儿去年在温哥华被扣留以来，两人的关系变得更加亲密：“被捕前一个月，她(孟晚舟)想要辞职到别处工作。她在这里工作不开心。但被捕后，我们的父女关系有了改善。现在她明白了生活可以有多艰难。”任正非说，他之前很少与女儿沟通，因为两人都很忙。“现在，我们每隔几天就会通电话，我们闲聊，讲笑话，我给她讲一些我在网上读到的轶事。加拿大的这件事让我和女儿的关系更紧密。”即便如此，任正非还是表示，女儿无法成为华为接班人：“她一直是一名管理者，管理者要擅长处理各种各样的问题。但作为一个领导者，你需要能看到10年或20年后发生的事情。这种观察未来的能力必须有技术背景——没有技术背景，你就无法预测未来会发生什么。她不会成为继任者，因为她没有这样的背景。”任正非说：“在成为英雄之前，你必须经历很多痛苦。如果你没有伤疤，就不会有坚硬的皮肤。”O任正非：孟晚舟被扣前正想换工作，加拿大事件让父女感情更深 收起全文d\n", "author": "HW前HR", "time": "HW前HR2019年03月16日08:04 来自HUAWEIMate20Pro", "transmit": " 转发 74", "comment": "评论 97", "zan": " 169"}]