[{"text": "\n                    【任正非BBC采访：他们抓孟晚舟 可能是抓错人了】任正非表示，孟晚舟事件“对华为的生意没有影响，事实上我们发展的更快了”，他说，“所以他们抓了孟晚舟，可能是抓错人了。他们可能是想抓了她，华为就会衰落，但我们没有衰落，仍然在继续前进。我们公司已经建立程序规章，再也不用依靠某个人。就算我 ​  展开全文c \n                    【任正非BBC采访：他们抓孟晚舟 可能是抓错人了】任正非表示，孟晚舟事件“对华为的生意没有影响，事实上我们发展的更快了”，他说，“所以他们抓了孟晚舟，可能是抓错人了。他们可能是想抓了她，华为就会衰落，但我们没有衰落，仍然在继续前进。我们公司已经建立程序规章，再也不用依靠某个人。就算我自己哪天不在了，公司也不会改变前进轨道。”O任正非BBC采访：他们抓孟晚舟 可能是抓错人了 收起全文d\n", "author": "新浪财经", "time": "新浪财经2019年02月19日09:57 来自专业版微博", "transmit": " 转发 161", "comment": "评论 173", "zan": " 529"}, {"text": "\n                    【#任正非BBC采访#：他们搞错了，抓谁华为也不会倒】BBC 18日晚播出对任正非的采访，在被问到女儿孟晚舟时，任正非说，他们可能以为抓了孟晚舟，华为会倒，但没有，华为仍在继续前进，他们抓错了人。任正非还警告称，美国不会摧毁华为。世界需要华为，因为我们更先进。L的秒拍视频 ​                ", "author": "新浪科技", "time": "新浪科技2019年02月19日13:10 来自微博weibo.com", "transmit": " 转发 54", "comment": "评论 79", "zan": " 156"}, {"text": "\n                    【#任正非BBC采访#：他们可能是抓错人了 华为没有衰落仍在前进】当地时间2月18日晚，英国广播公司（BBC）播出对华为创始人任正非的采访，在被问到女儿孟晚舟时，任正非说，他们可能以为抓了孟晚舟，华为就会衰落，但华为没有衰落，仍然在继续前进。“对华为的生意没有影响，事实上我们发展的更快了。” ​  展开全文c \n                    【#任正非BBC采访#：他们可能是抓错人了 华为没有衰落仍在前进】当地时间2月18日晚，英国广播公司（BBC）播出对华为创始人任正非的采访，在被问到女儿孟晚舟时，任正非说，他们可能以为抓了孟晚舟，华为就会衰落，但华为没有衰落，仍然在继续前进。“对华为的生意没有影响，事实上我们发展的更快了。”#任正非 美国不会摧毁华为# @大佬时间 L大佬时间的秒拍视频 收起全文d\n", "author": "凤凰网财经", "time": "凤凰网财经2019年02月19日12:53", "transmit": " 转发 69", "comment": "评论 101", "zan": " 239"}, {"text": "\n                    【任正非BBC采访：他们可能是抓错人了 华为没有衰落仍在前进】当地时间2月18日晚，英国广播公司（BBC）播出对华为创始人任正非的采访，在被问到女儿孟晚舟时，任正非说，他们可能以为抓了孟晚舟，华为就会衰落，但华为没有衰落，仍然在继续前进。“对华为的生意没有影响，事实上我们发展的更快了。”  ​  展开全文c \n                    【任正非BBC采访：他们可能是抓错人了 华为没有衰落仍在前进】当地时间2月18日晚，英国广播公司（BBC）播出对华为创始人任正非的采访，在被问到女儿孟晚舟时，任正非说，他们可能以为抓了孟晚舟，华为就会衰落，但华为没有衰落，仍然在继续前进。“对华为的生意没有影响，事实上我们发展的更快了。” L大佬时间的秒拍视频 收起全文d\n", "author": "第一财经日报", "time": "第一财经日报2019年02月19日16:48 来自iPhone客户端", "transmit": " 转发 44", "comment": "评论 31", "zan": " 105"}, {"text": "\n                    【任正非BBC采访：他们抓孟晚舟，可能是抓错人了】任正非近日接受BBC采访，当聊到他的女儿孟晚舟时，任正非明确反对美方的指控。任正非表示，孟晚舟事件对华为没有影响，“他们抓了孟晚舟，可能是抓错人了。他们可能是想抓了她，华为就会衰落，但我们没有衰落，仍然在继续前进。”O网页链接 ​                ", "author": "新浪科技", "time": "新浪科技2019年02月19日09:52 来自专业版微博", "transmit": " 转发 17", "comment": "评论 63", "zan": " 81"}, {"text": "\n                    【#任正非BBC采访#：他们搞错了，抓谁华为也不会倒】在被问到女儿孟晚舟时，任正非说，他们可能以为抓了孟晚舟，华为会倒，但没有，华为仍在继续前进，他们抓错了人。任正非还警告称，美国不会摧毁华为。世界需要华为，因为我们更先进。（via中新经纬）L的秒拍视频 ​                ", "author": "经济之声", "time": "经济之声2019年02月19日15:00 来自微博weibo.com", "transmit": " 转发 13", "comment": "评论 ", "zan": " 45"}, {"text": "\n                    【任正非：他们搞错了，抓谁华为也不会倒】当地时间2月18日晚，英国广播公司（BBC）播出对华为创始人任正非的采访，在被问到女儿孟晚舟时，任正非说，他们可能以为抓了孟晚舟，华为会倒，但是没有，华为仍在继续前进，他们抓错了人。任正非还警告称，美国不会摧毁华为。世界需要华为，因为我 ​  展开全文c \n                    【任正非：他们搞错了，抓谁华为也不会倒】当地时间2月18日晚，英国广播公司（BBC）播出对华为创始人任正非的采访，在被问到女儿孟晚舟时，任正非说，他们可能以为抓了孟晚舟，华为会倒，但是没有，华为仍在继续前进，他们抓错了人。任正非还警告称，美国不会摧毁华为。世界需要华为，因为我们更先进。L的秒拍视频 收起全文d\n", "author": "老板联播", "time": "老板联播2019年02月19日11:15 来自微博weibo.com", "transmit": " 转发 26", "comment": "评论 35", "zan": " 109"}, {"text": "\n                    【任正非BBC采访：美国以为抓了孟晚舟华为会衰落 错了；西方不亮东方亮 美国不能代表全世界】美国近来不断渲染华为的“威胁”，并施压其盟友抵制。美国国务卿蓬佩奥此次的中东欧之行，每到一站也都不忘抹黑华为。但是，就在2月17日，英国方面突然传来消息，称5G网络使用华为通讯设备所产生的风险是 ​  展开全文c \n                    【任正非BBC采访：美国以为抓了孟晚舟华为会衰落 错了；西方不亮东方亮 美国不能代表全世界】美国近来不断渲染华为的“威胁”，并施压其盟友抵制。美国国务卿蓬佩奥此次的中东欧之行，每到一站也都不忘抹黑华为。但是，就在2月17日，英国方面突然传来消息，称5G网络使用华为通讯设备所产生的风险是可控的，一下打击了美国劝说盟友的努力。　　紧接着，当地时间2月18日晚，英国广播公司（BBC）网站播出了对华为公司创始人兼首席执行官任正非的独家采访。采访中，任正非警告称“美国不会摧毁华为……美国不能代表世界”。如果英国信任华为而美国不，那么“我们将更大规模地把投资从美国转移到英国”。　　他坚决反对美国出于“政治动机”的指控。他还说，加拿大抓孟晚舟，是“抓错人了”。      对于美国近来不断施压别国，渲染华为“威胁”的做法，任正非警告称“美国不可能摧毁我们。世界需要华为，因为我们更先进。即使他们说服更多的国家暂时不要使用华为，我们也只是把规模缩小一点。”　　他表示，就算美国施压，也“只会让我们提升我们的产品和服务”。　　BBC记者问道，如果美国成功施压其他国家，让他们抵制华为，那会有什么影响？　　任正非说：“西方不亮还有东方亮啊。北方不亮还有南方亮。美国不能代表世界。美国只代表世界的一部分。”　　此前17日，《金融时报》称英国政府已经得出结论，认为5G网络使用华为的通讯设备所产生的风险可以得到有效的控制，这一结论打击了美国对其盟国施压的努力，也使华为参与英国5G浮现生机。关于华为在英国，BBC记者问：“考虑到投资和就业，华为在英国的未来有多重要？你能保证华为不会撤出英国，不会把就业机会带出英国吗？”　　任正非说，华为“不会因此撤出我们的投资，我们会继续在英国投资”。　　“我们仍然相信英国，也希望英国更加信任我们，我们将在英国进行更多投资。因为如果美国不信任我们，那么我们将更大规模地把投资从美国转移到英国。”     当采访聊到任正非女儿孟晚舟事件时，任正非明确反对美方的指控。“首先，我反对美国的所作所为。这种出于政治动机的行为是不可接受的。美国喜欢制裁他人，一有问题，他们就会使用这种好斗的方法。我们对此表示反对，但现在我们已经走上了这条路，我们将通过法院来解决。”　　任正非还表示，孟晚舟事件“对华为的生意没有影响，事实上我们发展的更快了”，他说，“所以他们抓了孟晚舟，可能是抓错人了。他们可能是想抓了她，华为就会衰落，但我们没有衰落，仍然在继续前进。我们公司已经建立程序规章，再也不用依靠某个人。就算我自己哪天不在了，公司也不会改变前进轨道。” L人才76116的微博视频 收起全文d\n", "author": "人才76116", "time": "人才761162019年02月19日21:54 来自微博视频", "transmit": " 转发 41", "comment": "评论 57", "zan": " 62"}, {"text": "\n                    【任正非BBC采访：他们可能是抓错人了 华为没有衰落仍在前进】18日晚，英国广播公司（BBC）播出对任正非的采访，在被问到女儿孟晚舟时，任正非说，他们可能以为抓了孟晚舟，华为就会衰落，但华为没有衰落，仍然在继续前进。“对华为的生意没有影响，事实上我们发展的更快了。” L大佬时间的秒拍视频 ​                ", "author": "证券时报网", "time": "证券时报网2019年02月19日17:47", "transmit": " 转发 9", "comment": "评论 8", "zan": " 38"}, {"text": "\n                    【任正非BBC采访：他们可能是抓错人了 华为没有衰落仍在前进】当地时间2月18日晚，英国广播公司（BBC）播出对华为创始人任正非的采访，在被问到女儿孟晚舟时，任正非说，他们可能以为抓了孟晚舟，华为就会衰落，但华为没有衰落，仍然在继续前进。“对华为的生意没有影响，事实上我们发展的更快了。”  ​  展开全文c \n                    【任正非BBC采访：他们可能是抓错人了 华为没有衰落仍在前进】当地时间2月18日晚，英国广播公司（BBC）播出对华为创始人任正非的采访，在被问到女儿孟晚舟时，任正非说，他们可能以为抓了孟晚舟，华为就会衰落，但华为没有衰落，仍然在继续前进。“对华为的生意没有影响，事实上我们发展的更快了。” L大佬时间的秒拍视频 收起全文d\n", "author": "云财经", "time": "云财经2019年02月19日14:31 来自微博weibo.com", "transmit": " 转发 15", "comment": "评论 7", "zan": " 45"}, {"text": "\n                    【#任正非BBC采访#：他们可能是抓错人了 华为没有衰落仍在前进】当地时间2月18日晚，英国广播公司（BBC）播出对华为创始人任正非的采访，在被问到女儿孟晚舟时，任正非说，他们可能以为抓了孟晚舟，华为就会衰落，但华为没有衰落，仍然在继续前进。“对华为的生意没有影响，事实上我们发展的更快了。” ​  展开全文c \n                    【#任正非BBC采访#：他们可能是抓错人了 华为没有衰落仍在前进】当地时间2月18日晚，英国广播公司（BBC）播出对华为创始人任正非的采访，在被问到女儿孟晚舟时，任正非说，他们可能以为抓了孟晚舟，华为就会衰落，但华为没有衰落，仍然在继续前进。“对华为的生意没有影响，事实上我们发展的更快了。”#任正非 美国不会摧毁华为# @大佬时间 L大佬时间的秒拍视频 收起全文d\n", "author": "香港商報網", "time": "香港商報網2019年02月19日13:10 来自微博weibo.com", "transmit": " 转发 57", "comment": "评论 48", "zan": " 28"}, {"text": "\n                    【#任正非BBC采访#：他们可能是抓错人了 华为没有衰落仍在前进】当地时间2月18日晚，英国广播公司（BBC）播出对华为创始人任正非的采访，在被问到女儿孟晚舟时，任正非说，他们可能以为抓了孟晚舟，华为就会衰落，但华为没有衰落，仍然在继续前进。“对华为的生意没有影响，事实上我们发展的更快了。” ​  展开全文c \n                    【#任正非BBC采访#：他们可能是抓错人了 华为没有衰落仍在前进】当地时间2月18日晚，英国广播公司（BBC）播出对华为创始人任正非的采访，在被问到女儿孟晚舟时，任正非说，他们可能以为抓了孟晚舟，华为就会衰落，但华为没有衰落，仍然在继续前进。“对华为的生意没有影响，事实上我们发展的更快了。”#任正非 美国不会摧毁华为# @大佬时间 L大佬时间的秒拍视频 收起全文d\n", "author": "创业家传媒", "time": "创业家传媒2019年02月19日12:56 来自360安全浏览器", "transmit": " 转发 82", "comment": "评论 27", "zan": " 36"}, {"text": "\n                    【任正非BBC采访：他们可能是抓错人了 华为没有衰落仍在前进】当地时间2月18日晚，英国广播公司（BBC）播出对华为创始人任正非的采访，在被问到女儿孟晚舟时，任正非说，他们可能以为抓了孟晚舟，华为就会衰落，但华为没有衰落，仍然在继续前进。“对华为的生意没有影响，事实上我们发展的更快了。”  ​  展开全文c \n                    【任正非BBC采访：他们可能是抓错人了 华为没有衰落仍在前进】当地时间2月18日晚，英国广播公司（BBC）播出对华为创始人任正非的采访，在被问到女儿孟晚舟时，任正非说，他们可能以为抓了孟晚舟，华为就会衰落，但华为没有衰落，仍然在继续前进。“对华为的生意没有影响，事实上我们发展的更快了。” L大佬时间的秒拍视频 收起全文d\n", "author": "大佬时间", "time": "大佬时间2019年02月19日12:45 来自微博weibo.com", "transmit": " 转发 8", "comment": "评论 2", "zan": " 33"}, {"text": "\n                    任正非接受BBC采访时表示，孟晚舟事件“对华为的生意没有影响，事实上我们发展的更快了”，他说，“所以他们抓了孟晚舟，可能是抓错人了。他们可能是想抓了她，华为就会衰落，但我们没有衰落，仍然在继续前进。我们公司已经建立程序规章，再也不用依靠某个人。就算我自己哪天不在了，公司也不会改变前 ​  展开全文c \n                    任正非接受BBC采访时表示，孟晚舟事件“对华为的生意没有影响，事实上我们发展的更快了”，他说，“所以他们抓了孟晚舟，可能是抓错人了。他们可能是想抓了她，华为就会衰落，但我们没有衰落，仍然在继续前进。我们公司已经建立程序规章，再也不用依靠某个人。就算我自己哪天不在了，公司也不会改变前进轨道。” #流程审计# 收起全文d\n", "author": "付亮的竞争情报应用", "time": "付亮的竞争情报应用2019年02月19日09:53 来自微博weibo.com", "transmit": " 转发 63", "comment": "评论 37", "zan": " 71"}, {"text": "\n                    【任正非BBC采访：他们抓孟晚舟 可能是抓错人了】任正非表示，孟晚舟事件“对华为的生意没有影响，事实上我们发展的更快了”，他说，“所以他们抓了孟晚舟，可能是抓错人了。他们可能是想抓了她，华为就会衰落，但我们没有衰落，仍然在继续前进。我们公司已经建立程序规章，再也不用依靠某个人。就算我 ​  展开全文c \n                    【任正非BBC采访：他们抓孟晚舟 可能是抓错人了】任正非表示，孟晚舟事件“对华为的生意没有影响，事实上我们发展的更快了”，他说，“所以他们抓了孟晚舟，可能是抓错人了。他们可能是想抓了她，华为就会衰落，但我们没有衰落，仍然在继续前进。我们公司已经建立程序规章，再也不用依靠某个人。就算我自己哪天不在了，公司也不会改变前进轨道。”O任正非BBC采访：他们抓孟晚舟 可能是抓错人了 收起全文d\n", "author": "新财富杂志", "time": "新财富杂志2019年02月19日12:43 来自iPhone8Plus", "transmit": " 转发 20", "comment": "评论 19", "zan": " 58"}, {"text": "\n                    【任正非表示加拿大抓孟晚舟是“抓错人了”，对华为生意没影响】#任正非BBC采访# 当地时间2月18日晚，英国广播公司（BBC）网站播出了对任正非的独家采访。任正非：西方不亮东方亮，北方不亮南方亮，美国不可能来杀掉我们”。“如果美国不信任我们，那么我们将更大规模地把投资从美国转移到英国。”  ​  展开全文c \n                    【任正非表示加拿大抓孟晚舟是“抓错人了”，对华为生意没影响】#任正非BBC采访# 当地时间2月18日晚，英国广播公司（BBC）网站播出了对任正非的独家采访。任正非：西方不亮东方亮，北方不亮南方亮，美国不可能来杀掉我们”。“如果美国不信任我们，那么我们将更大规模地把投资从美国转移到英国。” L福布斯中文网的微博视频 收起全文d\n", "author": "福布斯中文网", "time": "福布斯中文网2019年02月19日11:00 来自微博视频", "transmit": " 转发 21", "comment": "评论 21", "zan": " 41"}, {"text": "\n                    BBC：如果美国成功施压其他国家，让他们抵制华为，那会有什么影响？任正非：西方不亮还有东方亮啊。北方不亮还有南方亮。美国不能代表世界。美国只代表世界的一部分。当采访聊到任正非女儿孟晚舟事件时，任正非表示，孟晚舟事件“对华为的生意没有影响，事实上我们发展的更快了”，他说，“所以他 ​  展开全文c \n                    BBC：如果美国成功施压其他国家，让他们抵制华为，那会有什么影响？任正非：西方不亮还有东方亮啊。北方不亮还有南方亮。美国不能代表世界。美国只代表世界的一部分。当采访聊到任正非女儿孟晚舟事件时，任正非表示，孟晚舟事件“对华为的生意没有影响，事实上我们发展的更快了”，他说，“所以他们抓了孟晚舟，可能是抓错人了。他们可能是想抓了她，华为就会衰落，但我们没有衰落，仍然在继续前进。我们公司已经建立程序规章，再也不用依靠某个人。就算我自己哪天不在了，公司也不会改变前进轨道。” 收起全文d\n", "author": "互联网见闻录", "time": "互联网见闻录2019年02月19日09:51 来自微博weibo.com", "transmit": " 转发 5", "comment": "评论 21", "zan": " 29"}, {"text": "\n                    【任正非：美国无法扼杀华为】在接受BBC专访时，任正非批评美国司法部起诉孟晚舟“具有政治动机”，表示不惧来自美国的压力，但承认华为的全球市场扩张可能因此放缓，并使华为从美国转移至其他市场。 O任正非：美国无法扼杀华为 ​                ", "author": "财新网", "time": "财新网2019年02月19日16:08 来自财新网", "transmit": " 转发 23", "comment": "评论 125", "zan": " 65"}, {"text": "\n                    【任正非：美国抓孟晚舟可能是抓错人了】#任正非 美国不会摧毁华为# 当地时间2月18日晚，BBC播出了对华为公司创始人兼首席执行官任正非的独家采访。采访中BBC记者问道，如果美国成功施压其他国家，让他们抵制华为，那会有什么影响？任正非答道，“西方不亮还有东方亮啊。北方不亮还有南方亮。美国不 ​  展开全文c \n                    【任正非：美国抓孟晚舟可能是抓错人了】#任正非 美国不会摧毁华为# 当地时间2月18日晚，BBC播出了对华为公司创始人兼首席执行官任正非的独家采访。采访中BBC记者问道，如果美国成功施压其他国家，让他们抵制华为，那会有什么影响？任正非答道，“西方不亮还有东方亮啊。北方不亮还有南方亮。美国不能代表世界。” 对于孟晚舟事件，任正非表示，“他们抓了孟晚舟，可能是抓错人了。他们可能是想抓了她，华为就会衰落，但我们没有衰落，仍然在继续前进。我们公司已经建立程序规章，再也不用依靠某个人。就算我自己哪天不在了，公司也不会改变前进轨道。”O© 虎嗅网 m.huxiu.com 收起全文d\n", "author": "虎嗅APP", "time": "虎嗅APP2019年02月19日09:49 来自微博weibo.com", "transmit": " 转发 17", "comment": "评论 52", "zan": " 52"}, {"text": "\n                    ●华为的任正非老总何时能团圆？父亲是灯塔，晚舟早归航！——元宵夜有感今天是元宵节，全国一片团圆祥和的气氛，已是年过70的华为任正非老总， 他可能度过了第一个没有大女儿孟晚舟陪伴的中国农历新年，他会不想念自己远在大洋彼岸饱受冤屈的大女儿吗？在昨天任老总接受BBC采访中，他罕见强硬回击 ​  展开全文c \n                    ●华为的任正非老总何时能团圆？父亲是灯塔，晚舟早归航！——元宵夜有感今天是元宵节，全国一片团圆祥和的气氛，已是年过70的华为任正非老总， 他可能度过了第一个没有大女儿孟晚舟陪伴的中国农历新年，他会不想念自己远在大洋彼岸饱受冤屈的大女儿吗？在昨天任老总接受BBC采访中，他罕见强硬回击美国对华为的莫须有打压和指控，在谈到大女儿孟晚舟，他不想说的过多，不想触景生情，徒添过多的思念和悲伤，只说了一句加拿大抓错人了！任老总强硬回击是有底气的，华为有技术底气，有他们西方不得不买，西方不亮东方亮的霸气！美国至今没有实质的证据，失道者寡助，连最坚定盟友都众叛亲离，美国霸权不得人心！在这个元宵团圆夜，希望任老总和他的大女儿能早日团聚，父亲是他永远的灯塔，晚舟早归航！#华为##任正非##元宵节晚会##故宫灯会# 收起全文d\n", "author": "建华Wei业", "time": "建华Wei业2019年02月19日20:06 来自华为超话", "transmit": " 转发 15", "comment": "评论 17", "zan": " 76"}, {"text": "\n                    【任正非：美国抓孟晚舟可能是抓错人了】当地时间2月18日晚，BBC播出了对华为公司创始人兼首席执行官任正非的独家采访。采访中BBC记者问道，如果美国成功施压其他国家，让他们抵制华为，那会有什么影响？任正非答道，“西方不亮还有东方亮啊。北方不亮还有南方亮。美国不能代表世界。” 对于孟晚舟事件 ​  展开全文c \n                    【任正非：美国抓孟晚舟可能是抓错人了】当地时间2月18日晚，BBC播出了对华为公司创始人兼首席执行官任正非的独家采访。采访中BBC记者问道，如果美国成功施压其他国家，让他们抵制华为，那会有什么影响？任正非答道，“西方不亮还有东方亮啊。北方不亮还有南方亮。美国不能代表世界。” 对于孟晚舟事件，任正非表示，“他们抓了孟晚舟，可能是抓错人了。他们可能是想抓了她，华为就会衰落，但我们没有衰落，仍然在继续前进。我们公司已经建立程序规章，再也不用依靠某个人。就算我自己哪天不在了，公司也不会改变前进轨道。”（虎嗅APP） 收起全文d\n", "author": "中国企业家杂志", "time": "中国企业家杂志2019年02月19日12:00 来自微博weibo.com", "transmit": " 转发 12", "comment": "评论 14", "zan": " 40"}, {"text": "\n                    【任正非BBC采访：西方不亮东方亮，美国不能代表全世界】当地时间18日晚，BBC播出了对华为公司创始人兼首席执行官任正非的采访。采访中，任正非警告称“美国不会摧毁华为…美国不能代表世界”。他坚决反对美国出于“政治动机”的指控。他还说，加拿大抓孟晚舟，是“抓错人了”。L大佬时间的秒拍视频  ​  展开全文c \n                    【任正非BBC采访：西方不亮东方亮，美国不能代表全世界】当地时间18日晚，BBC播出了对华为公司创始人兼首席执行官任正非的采访。采访中，任正非警告称“美国不会摧毁华为…美国不能代表世界”。他坚决反对美国出于“政治动机”的指控。他还说，加拿大抓孟晚舟，是“抓错人了”。L大佬时间的秒拍视频 O任正非BBC采访：西方不亮东方亮，美国不能代表全世界 收起全文d\n", "author": "头条新闻", "time": "头条新闻2019年02月19日10:19 来自微博weibo.com", "transmit": " 转发 429", "comment": "评论 1263", "zan": " 2015"}, {"text": "\n                    【任正非：他们抓孟晚舟，可能是抓错人了】#任正非BBC采访# 当地时间2月18日晚，英国广播公司（BBC）网站播出了对华为公司创始人兼首席执行官任正非的独家采访。采访中，任正非警告称“美国不会摧毁华为……西方不亮还有东方亮，美国不能代表世界”。他坚决反对美国出于“政治动机”的指控，表示加拿大 ​  展开全文c \n                    【任正非：他们抓孟晚舟，可能是抓错人了】#任正非BBC采访# 当地时间2月18日晚，英国广播公司（BBC）网站播出了对华为公司创始人兼首席执行官任正非的独家采访。采访中，任正非警告称“美国不会摧毁华为……西方不亮还有东方亮，美国不能代表世界”。他坚决反对美国出于“政治动机”的指控，表示加拿大抓孟晚舟，是“抓错人了”。O任正非BBC采访：他们抓孟晚舟，可能是抓错人了 收起全文d\n", "author": "凤凰网", "time": "凤凰网2019年02月19日10:19 来自微博weibo.com", "transmit": " 转发 38", "comment": "评论 151", "zan": " 170"}]