[{"text": "\n                    【任正非谈华为CFO孟晚舟被捕：感谢党和国家对一个公民权利的保护】#央视专访任正非#1月20日晚，央视新闻频道《面对面》播出1月17日下午在深圳总部专访华为创始人兼CEO任正非访谈节目，在访谈中，针对女儿孟晚舟被加拿大扣押、华为遭一些国家“打压”等问题，任正非一一作出了回应。这也是任正非首次接 ​  展开全文c \n                    【任正非谈华为CFO孟晚舟被捕：感谢党和国家对一个公民权利的保护】#央视专访任正非#1月20日晚，央视新闻频道《面对面》播出1月17日下午在深圳总部专访华为创始人兼CEO任正非访谈节目，在访谈中，针对女儿孟晚舟被加拿大扣押、华为遭一些国家“打压”等问题，任正非一一作出了回应。这也是任正非首次接受电视媒体专访。针对女儿孟晚舟被加拿大扣押一事，任正非表示，我们要靠法律的力量，我们有信心能够解决。儿女最重要是翅膀要硬，他们要自由去飞翔。期望儿女来照顾父母，不是我们的期望。L央视新闻的秒拍视频（来源：@央视新闻 ） 收起全文d\n", "author": "每日经济新闻", "time": "每日经济新闻2019年01月20日22:30", "transmit": " 转发 644", "comment": "评论 383", "zan": " 3415"}, {"text": "\n                    【央视专访任正非：很长时间没见女儿 对她不会太担心】华为创始人兼CEO任正非在深圳罕见接受央视专访；访谈中，针对女儿孟晚舟被加拿大扣押、华为遭一些国家“打压”等问题，任正非一一作出了回应。敬请关注今晚21点30分央视新闻频道《面对面》栏目，凤凰网财经全程同步直播。O网页链接 ​                ", "author": "凤凰网财经", "time": "凤凰网财经2019年01月20日21:12 来自微博weibo.com", "transmit": " 转发 88", "comment": "评论 174", "zan": " 424"}, {"text": "\n                    【最后期限将至 加拿大司法部：美国尚未正式申请引渡孟晚舟】 美国政府刷新“停摆”最长记录之际，华为高管孟晚舟案的一个重要期限也要到了。据加拿大广播公司（CBC）当地时间1月19日报道，本月底，美国当局将迎来“正式请求将孟晚舟从加拿大引渡至美国”的最后期限。而加拿大司法部首次透露，美国尚 ​  展开全文c \n                    【最后期限将至 加拿大司法部：美国尚未正式申请引渡孟晚舟】 美国政府刷新“停摆”最长记录之际，华为高管孟晚舟案的一个重要期限也要到了。据加拿大广播公司（CBC）当地时间1月19日报道，本月底，美国当局将迎来“正式请求将孟晚舟从加拿大引渡至美国”的最后期限。而加拿大司法部首次透露，美国尚未提交孟晚舟案所需的文件，并提醒美方必须在1月30日前完成这一步骤。熟悉引渡案的律师表示，如果美国错过了最后期限，孟晚舟可能最终获释。 美国CNBC则在一篇更新于15日的报道中称，目前还不清楚美国司法部是否会推进引渡事宜，也不清楚加拿大是否有意在加国境内终结此案。 O最后期限将至 加拿大司法部：美国尚未正式申请引渡孟晚舟 收起全文d\n", "author": "观察者网", "time": "观察者网2019年01月20日22:00 来自微博weibo.com", "transmit": " 转发 87", "comment": "评论 162", "zan": " 222"}, {"text": "\n                    【任正非:儿女最重要的是翅膀硬 不太期望儿女照顾父母】华为公司总裁任正非在央视面对面节目称，不会因为孟晚舟事件特别担心大女儿，“这个事要通过法律解决，我们是有信心能解决的。”“她总比我的小女儿好一点，我的小女儿回国到我家住一晚上第二天就飞走了，大女儿还好一点，还能看一看我。” ​  展开全文c \n                    【任正非:儿女最重要的是翅膀硬 不太期望儿女照顾父母】华为公司总裁任正非在央视面对面节目称，不会因为孟晚舟事件特别担心大女儿，“这个事要通过法律解决，我们是有信心能解决的。”“她总比我的小女儿好一点，我的小女儿回国到我家住一晚上第二天就飞走了，大女儿还好一点，还能看一看我。”O任正非:儿女最重要的是翅膀硬 不太期望儿女照顾父母 收起全文d\n", "author": "新浪财经", "time": "新浪财经2019年01月20日21:56 来自专业版微博", "transmit": " 转发 32", "comment": "评论 16", "zan": " 147"}]