[{"text": "\n                    【孟晚舟律师团拟以美方有政治动机抗辩】美国上周正式向加拿大提出引渡华为副董事长孟晚舟，据加拿大《环球邮报》（Globe and Mail）昨天（4日）报道，孟晚舟律师团打算以美方有政治动机、滥用加拿大法律程序为由，替孟晚舟引渡案辩护。O孟晚舟律师团拟以美方有政治动机抗辩 ​                ", "author": "早报网", "time": "早报网2019年02月05日09:45 来自微博weibo.com", "transmit": " 转发 107", "comment": "评论 3", "zan": " 147"}]