[{"text": "\n                    美国彭博社3月23日报道，加拿大法庭文件显示，加拿大警方发现，华为CFO孟晚舟在温哥华国际机场时，携带有一部苹果iphone7 plus手机（没有用最新款）、一台MacBook Air笔记本电脑、和一部iPad Pro平板电脑，除一部华为 Mate 20 RS手机之外，其余均为苹果产品。#苹果春季发布会# ​                ", "author": "鳄鱼十三", "time": "鳄鱼十三2019年03月26日17:59 来自鳄大户专用Android", "transmit": " 转发 22", "comment": "评论 105", "zan": " 75"}]