[{"text": "\n                    【彭博社：孟晚舟喜欢苹果产品，iPhone、MBA 被扣】据彭博社报道，根据一份庭审文件，加拿大警方去年 12 月 1 日在温哥华国际机场逮捕华为 CFO 孟晚舟时没收了后者正在使用的一部 iPhone 7 Plus、一部 MacBook Air 和一部 iPad Pro。孟晚舟的辩护律师提交了申请，要求获取这些设备上存储数据的副本并 ​  展开全文c \n                    【彭博社：孟晚舟喜欢苹果产品，iPhone、MBA 被扣】据彭博社报道，根据一份庭审文件，加拿大警方去年 12 月 1 日在温哥华国际机场逮捕华为 CFO 孟晚舟时没收了后者正在使用的一部 iPhone 7 Plus、一部 MacBook Air 和一部 iPad Pro。孟晚舟的辩护律师提交了申请，要求获取这些设备上存储数据的副本并要求这些设备随后被密封。加拿大司法部门在邮件中表示，检察机关同意，这些设备将移交给不列颠哥伦比亚最高法院登记处，等待律师-客户特权评估。此外，根据设备清单，孟晚舟当时还携带了一部华为手机——Mate 20 RS 保时捷设计、一枚闪迪的闪存盘和多张 SIM 卡。苹果是华为在智能手机等领域的最重要对手，两家公司间的竞争关系比较紧张。今年元旦期间发生的「华为员工 iPhone 发推文事件」就是最好的例子，涉事员工被降一级职级，月薪降低 5000 元。O网页链接 收起全文d\n", "author": "麦克叉", "time": "麦克叉2019年03月23日07:09 来自微博weibo.com", "transmit": " 转发 133", "comment": "评论 154", "zan": " 67"}, {"text": "\n华为孟晚舟去年被抓的时候，身上携带的电子设备分别是 iPhone 7p，iPad Pro，MacBook Air   ，华为手机的确优秀，有时候只针对爵士人生商务人士吧，可能年轻人更喜欢青睐苹果手机 2深圳·华强商业圈 ​                ", "author": "闪电三号威哥", "time": "闪电三号威哥2019年03月23日12:44 来自iPhone7Plus", "transmit": " 转发 20", "comment": "评论 75", "zan": " 36"}, {"text": "\n                    日前加拿大温哥华法院披露了在2018年12月1日被捕的华为首席财务官、华为创始人的女儿孟晚舟当时携带的数码产品列表，包括Apple MacBook Air、Apple iPad Pro、Apple iPhone 7 Plus、Huawei Mate 20 RS，此外还包括多张SIM卡、SanDisk品牌大容量U盘。详：O网页链接 ​                ", "author": "数码窝", "time": "数码窝2019年03月23日14:15 来自微博weibo.com", "transmit": " 转发 21", "comment": "评论 12", "zan": " 17"}]