[{"text": "\n#华为 孟晚舟 # 2019年快要到来了，我们的晚舟还被扣押在万里冰封的加拿大。她不能回来陪伴老父亲一起跨年，老父亲已经75岁了。她因为高血压和睡眠问题，今年5月才做过手术。她手上必须24小时佩戴GPS手镯。晚舟，您好吗？今天开始，希望上微博的中国人，都说一句：晚舟，新年好！ ​                ", "author": "深万林", "time": "深万林2018年12月29日20:33 来自微博weibo.com", "transmit": " 转发 191", "comment": "评论 103", "zan": " 116"}, {"text": "\n                    【齐鲁宫 | 美国为何选择在加拿大“绑架”华为高管？】O网页链接  ​孟晚舟事件既然是一次有预谋的政治行动，是美国动用国家权力对华为这家中国高科技企业和企业高管的政治追杀，那么，美国为何不选择在自己的境内抓人，却让加拿大在其境内执行呢？因为，一是，把加拿大当成中美博弈中的美国 ​  展开全文c \n                    【齐鲁宫 | 美国为何选择在加拿大“绑架”华为高管？】O网页链接  ​孟晚舟事件既然是一次有预谋的政治行动，是美国动用国家权力对华为这家中国高科技企业和企业高管的政治追杀，那么，美国为何不选择在自己的境内抓人，却让加拿大在其境内执行呢？因为，一是，把加拿大当成中美博弈中的美国的棋子，这是美国的迫切需要和最佳选择。二是，美国刻意整治特鲁多，使其俯首帖耳，心甘情愿地继续跟班下去。三是，打压中加贸易交往，企图抢占加拿大对华贸易的部分份额。 O齐鲁宫 | 美国为何选择在加拿大“绑架”华为高管？ 收起全文d\n", "author": "察网中国", "time": "察网中国2018年12月29日22:18 来自微博weibo.com", "transmit": " 转发 33", "comment": "评论 11", "zan": " 22"}]