[{"text": "\n#2019两会#【王毅回应华为孟晚舟案：支持企业用法律武器维权 不当沉默羔羊】“只要秉持客观公正立场都不难看出，最近针对中国特定企业和个人的行为根本不是什么单纯的司法案件，而是蓄意的政治打压。对此，我们已经并将继续采取一切必要措施，坚决维护中国企业和公民的正当合法权益，这是中国政府义不 ​  展开全文c \n#2019两会#【王毅回应华为孟晚舟案：支持企业用法律武器维权 不当沉默羔羊】“只要秉持客观公正立场都不难看出，最近针对中国特定企业和个人的行为根本不是什么单纯的司法案件，而是蓄意的政治打压。对此，我们已经并将继续采取一切必要措施，坚决维护中国企业和公民的正当合法权益，这是中国政府义不容辞的职责。同时，我们也支持相关企业和个人拿起法律武器来维护自身权益，不当沉默的羔羊。”（中国青年报·中青在线 中国青年网见习记者 李雪静 制作：李茜） #两会青年说# L中国青年报的秒拍视频 收起全文d\n", "author": "中国青年报", "time": "中国青年报2019年03月08日11:46 来自秒拍网页版", "transmit": " 转发 22", "comment": "评论 15", "zan": " 149"}, {"text": "\n#两会新闻汇#【王毅谈华为孟晚舟案：企业应拿起法律武器维权 不当沉默的羔羊】在3月8日的两会外长记者会上，有记者提问称，孟晚舟案有了新的进展，很多分析称，这是美国对中国科技企业进行政治打压。国务委员兼外交部长王毅对此表示，只要秉持客观公正立场不难看出，针对中国特定企业的行动，根本不是 ​  展开全文c \n#两会新闻汇#【王毅谈华为孟晚舟案：企业应拿起法律武器维权 不当沉默的羔羊】在3月8日的两会外长记者会上，有记者提问称，孟晚舟案有了新的进展，很多分析称，这是美国对中国科技企业进行政治打压。国务委员兼外交部长王毅对此表示，只要秉持客观公正立场不难看出，针对中国特定企业的行动，根本不是单纯的司法案件，而是政治打压。坚决维护中国企业公平正当权益，这是中国政府义不容辞的职责，企业应拿起法律武器维护自己的权益，不当沉默的羔羊。公道自在人心，正义终将到来。我们今天要维护的不仅仅是一个企业的权益，而是一个国家一个民族的正当发展权，更是世界上所有希望提高自身发展水平的国家应有的权利。我们共同来为各国企业营造一个公平竞争的市场环境，为各国人士提供安全可靠的交往环境。(文/北青报记者 赵萌）L王毅谈孟晚舟案：是蓄意的政治打压 支持企业不当沉默的羔羊 收起全文d\n", "author": "北京头条", "time": "北京头条2019年03月08日10:35 来自搜狗高速浏览器", "transmit": " 转发 13", "comment": "评论 7", "zan": " 32"}, {"text": "\n#两会新闻汇#【王毅谈华为孟晚舟案：企业应拿起法律武器维权 不当沉默的羔羊】在3月8日的两会外长记者会上，有记者提问称，孟晚舟案有了新的进展，很多分析称，这是美国对中国科技企业进行政治打压。国务委员兼外交部长王毅对此表示，只要秉持客观公正立场不难看出，针对中国特定企业的行动，根本不是 ​  展开全文c \n#两会新闻汇#【王毅谈华为孟晚舟案：企业应拿起法律武器维权 不当沉默的羔羊】在3月8日的两会外长记者会上，有记者提问称，孟晚舟案有了新的进展，很多分析称，这是美国对中国科技企业进行政治打压。国务委员兼外交部长王毅对此表示，只要秉持客观公正立场不难看出，针对中国特定企业的行动，根本不是单纯的司法案件，而是政治打压。坚决维护中国企业公平正当权益，这是中国政府义不容辞的职责，企业应拿起法律武器维护自己的权益，不当沉默的羔羊。公道自在人心，正义终将到来。我们今天要维护的不仅仅是一个企业的权益，而是一个国家一个民族的正当发展权，更是世界上所有希望提高自身发展水平的国家应有的权利。我们共同来为各国企业营造一个公平竞争的市场环境，为各国人士提供安全可靠的交往环境。(文/北青报记者 赵萌）L王毅谈孟晚舟案：是蓄意的政治打压 支持企业不当沉默的羔羊 收起全文d\n", "author": "北京青年报", "time": "北京青年报2019年03月08日10:33 来自微博weibo.com", "transmit": " 转发 6", "comment": "评论 7", "zan": " 39"}, {"text": "\n                    三八妇女节#听她说#，互联网科技公司女高管精彩讲话混剪。华为孟晚舟、京东章泽天、阿里彭蕾、头条柳甄、滴滴柳青、格力董明珠、蜜芽刘楠、携程孙洁、百度李昕晢、小红书翟芳、，她们不仅仅只是半边天！ L王随机的微博视频 ​                ", "author": "王随机", "time": "王随机2019年03月08日18:29 来自微博视频", "transmit": " 转发 50", "comment": "评论 3", "zan": " 47"}, {"text": "\n                    支持孟晚舟起诉加拿大政府。支持华为起诉美国政府。不管胜诉与否，这种案例是一个教程，让世人见证民主法制的力量。如果在北朝，你是断然不会有起诉小鑫政权的勇气。 ​                ", "author": "猎人瓦西里", "time": "猎人瓦西里2019年03月08日07:47", "transmit": " 转发 104", "comment": "评论 98", "zan": " 238"}, {"text": "\n#华为宣布起诉美国政府# 【华为起诉美国政府，胜算几何?】继3月4日孟晚舟起诉加拿大政府后，7日华为正式宣布起诉美国政府，这起诉讼涉及美国国防授权法案（NDAA）中的条款，该条款禁止美国联邦政府机构使用华为以及中兴的技术。 L新浪理财师的微博视频 ​                ", "author": "乐天凌", "time": "乐天凌2019年03月08日07:38 来自微博云剪", "transmit": " 转发 43", "comment": "评论 53", "zan": " 286"}, {"text": "\n                    【孟晚舟出庭仅17分钟，律师全程支配法官，法官累了……】大家期待的3月6日，终于来了！今天，华为公司CFO孟晚舟，来到了温哥华的BC省最高法院，接受引渡听证的第一次聆讯……O逗死了！孟晚舟出庭仅17分钟，律师全程支配法官！法官累了... ​                ", "author": "米家那个山", "time": "米家那个山2019年03月08日14:22 来自HUAWEIMate10Pro", "transmit": " 转发 14", "comment": "评论 1", "zan": " 18"}, {"text": "\n                    【#王毅谈孟晚舟案#：蓄意的政治打压】国务委员兼外交部长王毅就“中国外交政策和对外关系”相关问题回答中外记者提问。凤凰卫视记者提到孟晚舟案昨天又有新的进展，加拿大法院决定将延后引渡聆讯，而华为则宣布控告美国政府。王毅回应：只要秉持客观公正立场都不难看出，最近针对中国特定企业和个人的 ​  展开全文c \n                    【#王毅谈孟晚舟案#：蓄意的政治打压】国务委员兼外交部长王毅就“中国外交政策和对外关系”相关问题回答中外记者提问。凤凰卫视记者提到孟晚舟案昨天又有新的进展，加拿大法院决定将延后引渡聆讯，而华为则宣布控告美国政府。王毅回应：只要秉持客观公正立场都不难看出，最近针对中国特定企业和个人的行为根本不是什么单纯的司法案件，而是蓄意的政治打压。O王毅谈孟晚舟案：蓄意的政治打压 收起全文d\n", "author": "凤凰网", "time": "凤凰网2019年03月08日10:36 来自微博weibo.com", "transmit": " 转发 26", "comment": "评论 44", "zan": " 126"}]