[{"text": "\n                    任正非说孟晚舟可能会成为英雄，但是把她比喻成一架战火中的轰炸机，就太悲壮了，令人动容。13日，华为创始人兼CEO任正非先生接受美国CNBC独家专访。谈到孟晚舟时，任正非表示：“她就像第二次世界大战的一架伊尔2轰炸机，被地面炮火、空中炮火打得破破烂烂的，还在飞行。她现在的处境就是这样的，如果 ​  展开全文c \n                    任正非说孟晚舟可能会成为英雄，但是把她比喻成一架战火中的轰炸机，就太悲壮了，令人动容。13日，华为创始人兼CEO任正非先生接受美国CNBC独家专访。谈到孟晚舟时，任正非表示：“她就像第二次世界大战的一架伊尔2轰炸机，被地面炮火、空中炮火打得破破烂烂的，还在飞行。她现在的处境就是这样的，如果返航了，她可能就是英雄了。我估计有可能她将来会当英雄。” 收起全文d\n", "author": "戴旭", "time": "戴旭2019年04月18日16:31 来自HUAWEIMate10Pro", "transmit": " 转发 119", "comment": "评论 12", "zan": " 391"}, {"text": "\n                    【任正非：儿女受点磨难是好事，自古英雄都是伤痕累累】 4月13日，华为创始人兼CEO任正非接受美国CNBC独家专访，一共回答了37个问题，回应了诸多热点话题。谈到还在加拿大被监视的孟晚舟时，作为父亲的任正非表达了舐犊情深，会经常和她打电话，说一些家长里短；但他说的一番话可谓对女儿足够狠：儿女 ​  展开全文c \n                    【任正非：儿女受点磨难是好事，自古英雄都是伤痕累累】 4月13日，华为创始人兼CEO任正非接受美国CNBC独家专访，一共回答了37个问题，回应了诸多热点话题。谈到还在加拿大被监视的孟晚舟时，作为父亲的任正非表达了舐犊情深，会经常和她打电话，说一些家长里短；但他说的一番话可谓对女儿足够狠：儿女大了，他们成长太顺利了，受点磨难应该是好的。“没有伤痕累累，哪能皮糙肉厚，英雄自古多磨难”，我认为这个磨难对她本人也是巨大的财富。经过这些困难，有利于让她意志更加坚强，成长更加有利，就让她继续煎熬吧。她就像第二次世界大战的一架伊尔2轰炸机，被地面炮火、空中炮火打得破破烂烂的，还在飞行。她现在的处境就是这样的，如果返航了，她可能就是英雄了。我估计她将来有可能会当英雄。（凤凰网财经） 收起全文d\n", "author": "中国经营报", "time": "中国经营报2019年04月18日10:40 来自微博weibo.com", "transmit": " 转发 35", "comment": "评论 106", "zan": " 116"}, {"text": "\n                    【任正非：儿女受点磨难是好事，自古英雄都是伤痕累累】 4月13日，华为创始人兼CEO任正非接受美国CNBC独家专访，一共回答了37个问题，回应了诸多热点话题。谈到还在加拿大被监视的孟晚舟时，作为父亲的任正非表达了舐犊情深，会经常和她打电话，说一些家长里短；但他说的一番话可谓对女儿足够狠：儿女 ​  展开全文c \n                    【任正非：儿女受点磨难是好事，自古英雄都是伤痕累累】 4月13日，华为创始人兼CEO任正非接受美国CNBC独家专访，一共回答了37个问题，回应了诸多热点话题。谈到还在加拿大被监视的孟晚舟时，作为父亲的任正非表达了舐犊情深，会经常和她打电话，说一些家长里短；但他说的一番话可谓对女儿足够狠：儿女大了，他们成长太顺利了，受点磨难应该是好的。“没有伤痕累累，哪能皮糙肉厚，英雄自古多磨难”，我认为这个磨难对她本人也是巨大的财富。经过这些困难，有利于让她意志更加坚强，成长更加有利，就让她继续煎熬吧。她就像第二次世界大战的一架伊尔2轰炸机，被地面炮火、空中炮火打得破破烂烂的，还在飞行。她现在的处境就是这样的，如果返航了，她可能就是英雄了。我估计她将来有可能会当英雄。 O任正非：儿女受点磨难是好事，自古英雄都是伤痕累累 收起全文d\n", "author": "凤凰网财经", "time": "凤凰网财经2019年04月18日10:18 来自专业版微博", "transmit": " 转发 63", "comment": "评论 70", "zan": " 185"}]