[{"text": "\n                    【任正非明确表示：孟晚舟永生永世不可能做接班人 】这些话出自任正非2月18日接受英国广播公司BBC的那次专访。在采访中，任正非谈到了华为接班人问题，他明确表示：“孟晚舟永生永世不可能做接班人，因为她没有技术背景。”他同时称自己不能完全从父亲的角度去决定儿女发展的轨迹，希望看到儿女自由飞 ​  展开全文c \n                    【任正非明确表示：孟晚舟永生永世不可能做接班人 】这些话出自任正非2月18日接受英国广播公司BBC的那次专访。在采访中，任正非谈到了华为接班人问题，他明确表示：“孟晚舟永生永世不可能做接班人，因为她没有技术背景。”他同时称自己不能完全从父亲的角度去决定儿女发展的轨迹，希望看到儿女自由飞翔，“每个小孩都要有个性”。不过，他也欣慰地说：“我的小孩个性都很强，都很努力，都想自己变优秀。”O追踪 | 任正非明确表示：孟晚舟永生永世不可能做接班人 收起全文d\n", "author": "中国青年报", "time": "中国青年报2019年02月27日13:00 来自微博weibo.com", "transmit": " 转发 35", "comment": "评论 19", "zan": " 175"}, {"text": "\n                    任正非说女儿孟晚舟永生永世不可能做华为接班人，因为她没有技术背景。还感谢美国政府给孟晚舟插上了坚强的翅膀。面对困难的态度依然是坚毅坚强的。这个格局和胸襟真是不一样。大企业家，大智慧，大胸襟，大格局。 ​                ", "author": "科技圣斗士", "time": "科技圣斗士2019年02月27日14:55 来自HUAWEIMate20Pro", "transmit": " 转发 6", "comment": "评论 34", "zan": " 717"}, {"text": "\n                    任正非接受BBC采访第二部分：谈女儿孟晚舟。当被问到“孟晚舟是否有可能成为华为接班人”时，任正非的回答格局高远，并具有人文关怀——“她永生永世不可能做接班人，因为他没有技术背景。”“我不能完全从父亲的角度看儿女的发展轨迹，我也要看到他们自由，坚强飞翔。”“作为父母，我们不能要 ​  展开全文c \n                    任正非接受BBC采访第二部分：谈女儿孟晚舟。当被问到“孟晚舟是否有可能成为华为接班人”时，任正非的回答格局高远，并具有人文关怀——“她永生永世不可能做接班人，因为他没有技术背景。”“我不能完全从父亲的角度看儿女的发展轨迹，我也要看到他们自由，坚强飞翔。”“作为父母，我们不能要求儿女都在我们身边跟我们和谐相处。我们觉得，个人成长对他们很重要。 ”L这视频的秒拍视频 收起全文d\n", "author": "中国商界网", "time": "中国商界网2019年02月27日07:37 来自iPhone客户端", "transmit": " 转发 58", "comment": "评论 4", "zan": " 17"}, {"text": "\n#孟晚舟不可能做接班人#【任正非：孟晚舟没有技术背景，不可能做接班人】2月25日，华为公共及政府事务部在心声社区发布了BBC纪录片《华为背后的男人》。采访中，任正非提到孟晚舟永生永世不可能做接班人，因为她没有技术背景。任正非谈到，孟晚舟被关起来以后，作为父亲很心疼，但是已经发生了，就安安 ​  展开全文c \n#孟晚舟不可能做接班人#【任正非：孟晚舟没有技术背景，不可能做接班人】2月25日，华为公共及政府事务部在心声社区发布了BBC纪录片《华为背后的男人》。采访中，任正非提到孟晚舟永生永世不可能做接班人，因为她没有技术背景。任正非谈到，孟晚舟被关起来以后，作为父亲很心疼，但是已经发生了，就安安心心去走法律道路解决问题。\"虽然孟晚舟个人现在没有自由，但对公司的业务没有任何影响。\"（新京报）O任正非：孟晚舟没有技术背景，不可能做接班人 收起全文d\n", "author": "中国日报", "time": "中国日报2019年02月27日09:46 来自微博weibo.com", "transmit": " 转发 24", "comment": "评论 50", "zan": " 128"}, {"text": "\n                    发布了头条文章：《BBC专访：华为背后的男人（完整版）》 孟晚舟被关起来以后，我作为父亲是很心疼的。这次的磨难应该对她来说也是人生难得的机会，而且这么大一件事我相信对她未来成长一定是插上了翅膀。要感谢美国政府给孟晚舟插了一个坚强的翅膀，她将来会飞翔得更好，我相信。  ​  展开全文c \n                    发布了头条文章：《BBC专访：华为背后的男人（完整版）》 孟晚舟被关起来以后，我作为父亲是很心疼的。这次的磨难应该对她来说也是人生难得的机会，而且这么大一件事我相信对她未来成长一定是插上了翅膀。要感谢美国政府给孟晚舟插了一个坚强的翅膀，她将来会飞翔得更好，我相信。 OBBC专访：华为背后的男人（完整版） 收起全文d\n", "author": "王育琨", "time": "王育琨2019年02月27日06:45 来自微博weibo.com", "transmit": " 转发 88", "comment": "评论 18", "zan": " 43"}, {"text": "\n                    【任正非：孟晚舟没技术背景 她永生永世不可能做接班人】2月18日，华为创始人、CEO任正非接受英国广播公司BBC的专访。在采访中，任正非谈到了华为接班人问题，任正非表示，“孟晚舟永生永世不可能做接班人，因为她没有技术背景，我不能完全从父亲的角度看儿女的发展轨迹。”此外，任正非还表示，“这次 ​  展开全文c \n                    【任正非：孟晚舟没技术背景 她永生永世不可能做接班人】2月18日，华为创始人、CEO任正非接受英国广播公司BBC的专访。在采访中，任正非谈到了华为接班人问题，任正非表示，“孟晚舟永生永世不可能做接班人，因为她没有技术背景，我不能完全从父亲的角度看儿女的发展轨迹。”此外，任正非还表示，“这次的磨难应该对她来说也是人生难得的机会。这么大一件事对她未来成长一定是插上了翅膀，要感谢美国政府给孟晚舟插了一个坚强的翅膀。”（这视频）L这视频的秒拍视频 收起全文d\n", "author": "创新二哥", "time": "创新二哥2019年02月27日08:17 来自三星GalaxyS9+", "transmit": " 转发 18", "comment": "评论 4", "zan": " 33"}, {"text": "\n                    蔡福顺图片微博任正非：孟晚舟永生永世不可能做接班人2月18日，华为创始人、CEO任正非接受英国广播公司BBC的专访。在采访中，任正非谈到了华为接班人问题，任正非表示，“孟晚舟永生永世不可能做接班人，因为她没有技术背景，我不能完全从父亲的角度看儿女的发展轨迹。”此外，任正非还表示，“这 ​  展开全文c \n                    蔡福顺图片微博任正非：孟晚舟永生永世不可能做接班人2月18日，华为创始人、CEO任正非接受英国广播公司BBC的专访。在采访中，任正非谈到了华为接班人问题，任正非表示，“孟晚舟永生永世不可能做接班人，因为她没有技术背景，我不能完全从父亲的角度看儿女的发展轨迹。”此外，任正非还表示，“这次的磨难应该对她来说也是人生难得的机会。这么大一件事对她未来成长一定是插上了翅膀，要感谢美国政府给孟晚舟插了一个坚强的翅膀。” 收起全文d\n", "author": "蔡福顺微博", "time": "蔡福顺微博2019年02月27日08:30 来自HUAWEIMate20X", "transmit": " 转发 99", "comment": "评论 49", "zan": " 34"}, {"text": "\n                    【任正非：感谢美国给了孟晚舟一双高飞的翅膀】2月18日，华为创始人、CEO任正非接受英国广播公司BBC的专访。在采访中，任正非谈到了华为接班人问题，任正非表示，“孟晚舟永生永世不可能做接班人，因为她没有技术背景，我不能完全从父亲的角度看儿女的发展轨迹。”此外，任正非还表示，“这次的磨难应 ​  展开全文c \n                    【任正非：感谢美国给了孟晚舟一双高飞的翅膀】2月18日，华为创始人、CEO任正非接受英国广播公司BBC的专访。在采访中，任正非谈到了华为接班人问题，任正非表示，“孟晚舟永生永世不可能做接班人，因为她没有技术背景，我不能完全从父亲的角度看儿女的发展轨迹。”此外，任正非还表示，“这次的磨难应该对她来说也是人生难得的机会。这么大一件事对她未来成长一定是插上了翅膀，要感谢美国政府给孟晚舟插了一个坚强的翅膀。”L这视频的秒拍视频 收起全文d\n", "author": "大漠鱼", "time": "大漠鱼2019年02月27日18:04 来自iPhone客户端", "transmit": " 转发 33", "comment": "评论 35", "zan": " 13"}, {"text": "\n                    可任正非在此时公开宣布“孟晚舟不可能成为接班人”一事，除了有保护孟晚舟的目的外，还有出于实际公司利益的考量。由于孟晚舟在被保释后仍需长期滞留加拿大，虽然没有坏消息就是好事，对孟晚舟本人来说，目前事情正朝着好的方向发展。但作为一家全球性的大公司，华为CFO的职位必须要有人，孟晚舟身处 ​  展开全文c \n                    可任正非在此时公开宣布“孟晚舟不可能成为接班人”一事，除了有保护孟晚舟的目的外，还有出于实际公司利益的考量。由于孟晚舟在被保释后仍需长期滞留加拿大，虽然没有坏消息就是好事，对孟晚舟本人来说，目前事情正朝着好的方向发展。但作为一家全球性的大公司，华为CFO的职位必须要有人，孟晚舟身处异国且有可能面对长期的法律诉讼程序，恐怕无法继续担任。 O易会满今日上任首秀，孟晚舟并非华为接班人 | 财经日日评 收起全文d\n", "author": "吴晓波频道", "time": "吴晓波频道2019年02月27日11:06 来自微博weibo.com", "transmit": " 转发 9", "comment": "评论 1", "zan": " 29"}, {"text": "\n                    【美國又要禁華為？ 這次盯上的是......】美國一個由兩黨參議員組成的團體25日敦促美國政府阻止華為公司向美國市場供應太陽能發電機，就如把該公司屏蔽在美國電信網絡市場之外一樣。據參考消息網2月27日報道，這11名議員敦促美國國土安全部和能源部阻止華為向美國市場提供太陽能逆變器。這種逆變器能 ​  展开全文c \n                    【美國又要禁華為？ 這次盯上的是......】美國一個由兩黨參議員組成的團體25日敦促美國政府阻止華為公司向美國市場供應太陽能發電機，就如把該公司屏蔽在美國電信網絡市場之外一樣。據參考消息網2月27日報道，這11名議員敦促美國國土安全部和能源部阻止華為向美國市場提供太陽能逆變器。這種逆變器能將太陽能轉化為可傳輸到美國能源公司電網上的電能。他們在信函中說：“無論是大型光伏系統，還是家庭、校區和企業使用的光伏系統，都很容易遭受網絡攻擊。我們的聯邦政府應該考慮在美國禁止使用華為的逆變器。”報道稱，華為進入美國電力市場相對較晚，但已開發出新一代低成本太陽能逆變器，可以轉換、管理和監控家用太陽能電池板產生的能源。#美国# 华为 #孟晚舟# 任正非 中国 #太陽能發電機# 收起全文d\n", "author": "香港中通社", "time": "香港中通社2019年02月27日17:12 来自专业版微博", "transmit": " 转发 9", "comment": "评论 3", "zan": " 8"}]