[{"text": "\n                    加拿大驻华大使约翰.麦卡勒姆表示:如果美国放弃对华为孟晚舟的引渡请求，对加拿大来说将是“伟大的”。从加拿大的角度来看，如果（美国）放弃引渡请求，这对加拿大来说会很好。 ​​​                ", "author": "寰亚SYHP", "time": "寰亚SYHP2019年01月26日14:04", "transmit": " 转发 35", "comment": "评论 78", "zan": " 92"}, {"text": "\n                    我发表了头条文章:《引渡孟晚舟才2天，华为反击震撼世界》 O引渡孟晚舟才2天，华为反击震撼世界 ​                ", "author": "淡定水月无声", "time": "淡定水月无声2019年01月26日23:17 来自iPhone客户端", "transmit": " 转发 43", "comment": "评论 29", "zan": " 180"}]