[{"text": "\n                    【王孟源 | 哈佛博士谈美国域外管辖权与华为事件的解套】O网页链接  中方的对策，只能是主动反击（但不是蛮干），而法国人Pierucci的遭遇和经验，正是解决此事的关键。首先在孟晚舟一案，必须赶快绕过美国来的法律团队（最好是只用这些律师来处理与美国司法部的直接交涉，策略讨论不应该让他 ​  展开全文c \n                    【王孟源 | 哈佛博士谈美国域外管辖权与华为事件的解套】O网页链接  中方的对策，只能是主动反击（但不是蛮干），而法国人Pierucci的遭遇和经验，正是解决此事的关键。首先在孟晚舟一案，必须赶快绕过美国来的法律团队（最好是只用这些律师来处理与美国司法部的直接交涉，策略讨论不应该让他们参与），把《经济学人》的两篇文章交给法官。如果可能，可以请Pierucci亲自出马来当证人，说明美国法律系统会以不人道的手段来对待人质。 O王孟源 | 哈佛博士谈美国域外管辖权与华为事件的解套 收起全文d\n", "author": "察网中国", "time": "察网中国2019年02月15日11:12 来自微博weibo.com", "transmit": " 转发 107", "comment": "评论 28", "zan": " 105"}]