[{"text": "\n                    【任正非谈#华为CFO孟晚舟被捕#：感谢党和国家对一个公民权利的保护】17日，华为创始人兼CEO任正非在深圳接受央视记者专访。针对女儿孟晚舟被加拿大扣押一事，任正非表示，我们要靠法律的力量，我们有信心能够解决。儿女最重要是翅膀要硬，他们要自由去飞翔。期望儿女来照顾父母，不是我们的期望。看央 ​  展开全文c \n                    【任正非谈#华为CFO孟晚舟被捕#：感谢党和国家对一个公民权利的保护】17日，华为创始人兼CEO任正非在深圳接受央视记者专访。针对女儿孟晚舟被加拿大扣押一事，任正非表示，我们要靠法律的力量，我们有信心能够解决。儿女最重要是翅膀要硬，他们要自由去飞翔。期望儿女来照顾父母，不是我们的期望。看央视专访↓↓ L央视新闻的秒拍视频 收起全文d\n", "author": "央视新闻", "time": "央视新闻2019年01月18日16:40 来自微博weibo.com", "transmit": " 转发 593", "comment": "评论 412", "zan": " 3123"}, {"text": "\n                    【任正非谈华为CFO孟晚舟被捕：感谢党和国家对一个公民权利的保护】17日，华为创始人兼CEO任正非在深圳接受专访。针对女儿孟晚舟被加拿大扣押一事，任正非表示，我们要靠法律的力量，我们有信心能够解决。儿女最重要是翅膀要硬，他们要自由去飞翔。期望儿女来照顾父母，不是我们的期望。@央视新闻  ​  展开全文c \n                    【任正非谈华为CFO孟晚舟被捕：感谢党和国家对一个公民权利的保护】17日，华为创始人兼CEO任正非在深圳接受专访。针对女儿孟晚舟被加拿大扣押一事，任正非表示，我们要靠法律的力量，我们有信心能够解决。儿女最重要是翅膀要硬，他们要自由去飞翔。期望儿女来照顾父母，不是我们的期望。@央视新闻 L央视新闻的秒拍视频 收起全文d\n", "author": "人民网", "time": "人民网2019年01月18日16:46 来自微博weibo.com", "transmit": " 转发 284", "comment": "评论 155", "zan": " 694"}, {"text": "\n                    【任正非谈#华为CFO孟晚舟被捕#：感谢党和国家对一个公民权利的保护】17日，华为创始人兼CEO任正非在深圳接受央视记者专访。针对女儿孟晚舟被加拿大扣押一事，任正非表示，我们要靠法律的力量，我们有信心能够解决。儿女最重要是翅膀要硬，他们要自由去飞翔。期望儿女来照顾父母，不是我们的期望。 ​  展开全文c \n                    【任正非谈#华为CFO孟晚舟被捕#：感谢党和国家对一个公民权利的保护】17日，华为创始人兼CEO任正非在深圳接受央视记者专访。针对女儿孟晚舟被加拿大扣押一事，任正非表示，我们要靠法律的力量，我们有信心能够解决。儿女最重要是翅膀要硬，他们要自由去飞翔。期望儿女来照顾父母，不是我们的期望。L央视新闻的秒拍视频 @央视新闻 收起全文d\n", "author": "头条新闻", "time": "头条新闻2019年01月18日17:13 来自微博weibo.com", "transmit": " 转发 173", "comment": "评论 459", "zan": " 657"}, {"text": "\n                    【任正非谈华为CFO孟晚舟被捕：感谢党和国家对一个公民权利的保护】17日，华为创始人兼CEO任正非在深圳接受专访。针对女儿孟晚舟被加拿大扣押一事，任正非表示，我们要靠法律的力量，我们有信心能够解决。儿女最重要是翅膀要硬，他们要自由去飞翔。期望儿女来照顾父母，不是我们的期望。 ​  展开全文c \n                    【任正非谈华为CFO孟晚舟被捕：感谢党和国家对一个公民权利的保护】17日，华为创始人兼CEO任正非在深圳接受专访。针对女儿孟晚舟被加拿大扣押一事，任正非表示，我们要靠法律的力量，我们有信心能够解决。儿女最重要是翅膀要硬，他们要自由去飞翔。期望儿女来照顾父母，不是我们的期望。L央视新闻的秒拍视频 @央视新闻 收起全文d\n", "author": "环球时报", "time": "环球时报2019年01月18日17:29 来自微博weibo.com", "transmit": " 转发 84", "comment": "评论 116", "zan": " 533"}, {"text": "\n                    【任正非谈华为CFO孟晚舟被捕：感谢党和国家对一个公民权利的保护】17日，华为创始人兼CEO任正非在深圳接受专访。针对女儿孟晚舟被加拿大扣押一事，任正非表示，我们要靠法律的力量，我们有信心能够解决。儿女最重要是翅膀要硬，他们要自由去飞翔。期望儿女来照顾父母，不是我们的期望。 ​  展开全文c \n                    【任正非谈华为CFO孟晚舟被捕：感谢党和国家对一个公民权利的保护】17日，华为创始人兼CEO任正非在深圳接受专访。针对女儿孟晚舟被加拿大扣押一事，任正非表示，我们要靠法律的力量，我们有信心能够解决。儿女最重要是翅膀要硬，他们要自由去飞翔。期望儿女来照顾父母，不是我们的期望。L央视新闻的秒拍视频 收起全文d\n", "author": "新浪财经", "time": "新浪财经2019年01月18日16:46 来自微博weibo.com", "transmit": " 转发 72", "comment": "评论 79", "zan": " 183"}, {"text": "\n                    【任正非谈华为CFO孟晚舟：感谢党和国家对一个公民权利的保护】针对女儿孟晚舟被加拿大扣押一事，17日，华为创始人兼CEO任正非接受专访时表示，我们要靠法律的力量，我们有信心能够解决。儿女最重要是翅膀要硬，他们要自由去飞翔。期望儿女来照顾父母，不是我们的期望！L央视新闻的秒拍视频 ​                ", "author": "紫光阁", "time": "紫光阁2019年01月18日17:04 来自紫宝宝的Android", "transmit": " 转发 193", "comment": "评论 205", "zan": " 1024"}, {"text": "\n                    【任正非谈华为CFO孟晚舟被捕：感谢党和国家对一个公民权利的保护】17日，华为创始人兼CEO任正非在深圳接受专访。针对女儿孟晚舟被加拿大扣押一事，任正非表示，我们要靠法律的力量，我们有信心能够解决。儿女最重要是翅膀要硬，他们要自由去飞翔。期望儿女来照顾父母，不是我们的期望。 ​  展开全文c \n                    【任正非谈华为CFO孟晚舟被捕：感谢党和国家对一个公民权利的保护】17日，华为创始人兼CEO任正非在深圳接受专访。针对女儿孟晚舟被加拿大扣押一事，任正非表示，我们要靠法律的力量，我们有信心能够解决。儿女最重要是翅膀要硬，他们要自由去飞翔。期望儿女来照顾父母，不是我们的期望。L央视新闻的秒拍视频 收起全文d\n", "author": "Vista看天下", "time": "Vista看天下2019年01月18日17:32 来自微博weibo.com", "transmit": " 转发 32", "comment": "评论 59", "zan": " 126"}, {"text": "\n                    【任正非谈#华为CFO孟晚舟被捕#：感谢党和国家对一个公民权利的保护】17日，华为创始人兼CEO任正非在深圳接受央视记者专访。针对女儿孟晚舟被加拿大扣押一事，任正非表示，我们要靠法律的力量，我们有信心能够解决。儿女最重要是翅膀要硬，他们要自由去飞翔。期望儿女来照顾父母，不是我们的期望。看央 ​  展开全文c \n                    【任正非谈#华为CFO孟晚舟被捕#：感谢党和国家对一个公民权利的保护】17日，华为创始人兼CEO任正非在深圳接受央视记者专访。针对女儿孟晚舟被加拿大扣押一事，任正非表示，我们要靠法律的力量，我们有信心能够解决。儿女最重要是翅膀要硬，他们要自由去飞翔。期望儿女来照顾父母，不是我们的期望。看央视专访↓↓ L央视新闻的秒拍视频 @央视新闻 收起全文d\n", "author": "环球网", "time": "环球网2019年01月18日16:50", "transmit": " 转发 47", "comment": "评论 38", "zan": " 263"}, {"text": "\n                    【任正非谈#华为CFO孟晚舟被捕#：感谢党和国家对一个公民权利的保护】17日，华为创始人兼CEO任正非在深圳接受央视记者专访。针对女儿孟晚舟被加拿大扣押一事，任正非表示，我们要靠法律的力量，我们有信心能够解决。儿女最重要是翅膀要硬，他们要自由去飞翔。期望儿女来照顾父母，不是我们的期望。 ​  展开全文c \n                    【任正非谈#华为CFO孟晚舟被捕#：感谢党和国家对一个公民权利的保护】17日，华为创始人兼CEO任正非在深圳接受央视记者专访。针对女儿孟晚舟被加拿大扣押一事，任正非表示，我们要靠法律的力量，我们有信心能够解决。儿女最重要是翅膀要硬，他们要自由去飞翔。期望儿女来照顾父母，不是我们的期望。L央视新闻的秒拍视频 via@央视新闻 收起全文d\n", "author": "凤凰网视频", "time": "凤凰网视频2019年01月18日21:00", "transmit": " 转发 39", "comment": "评论 76", "zan": " 150"}, {"text": "\n                    【任正非：感谢社会各界对孟晚舟的支持】17日，华为创始人任正非接受媒体采访。回应关于女儿孟晚舟、网络安全、5G等热点话题。他感谢社会各界人士对孟晚舟所表达的支持、关心和关注。同时表示，外面的变化对我们没有这么大的影响。因为我们有信心，我们的产品做得比别人都好。(人民日报)  ​  展开全文c \n                    【任正非：感谢社会各界对孟晚舟的支持】17日，华为创始人任正非接受媒体采访。回应关于女儿孟晚舟、网络安全、5G等热点话题。他感谢社会各界人士对孟晚舟所表达的支持、关心和关注。同时表示，外面的变化对我们没有这么大的影响。因为我们有信心，我们的产品做得比别人都好。(人民日报) O任正非：感谢社会各界对孟晚舟的支持 收起全文d\n", "author": "头条新闻", "time": "头条新闻2019年01月18日00:26 来自微博weibo.com", "transmit": " 转发 135", "comment": "评论 257", "zan": " 727"}, {"text": "\n                    【任正非谈#华为CFO孟晚舟被捕#：感谢党和国家对一个公民权利的保护】17日，华为创始人兼CEO任正非在深圳接受央视记者专访。针对女儿孟晚舟被加拿大扣押一事，任正非表示，我们要靠法律的力量，我们有信心能够解决。儿女最重要是翅膀要硬，他们要自由去飞翔。期望儿女来照顾父母，不是我们的期望。看央 ​  展开全文c \n                    【任正非谈#华为CFO孟晚舟被捕#：感谢党和国家对一个公民权利的保护】17日，华为创始人兼CEO任正非在深圳接受央视记者专访。针对女儿孟晚舟被加拿大扣押一事，任正非表示，我们要靠法律的力量，我们有信心能够解决。儿女最重要是翅膀要硬，他们要自由去飞翔。期望儿女来照顾父母，不是我们的期望。看央视专访↓↓ @央视新闻 L央视新闻的秒拍视频 收起全文d\n", "author": "中国之声", "time": "中国之声2019年01月18日17:01 来自Android", "transmit": " 转发 26", "comment": "评论 21", "zan": " 88"}, {"text": "\n                    【任正非谈#华为CFO孟晚舟被捕#：感谢党和国家对一个公民权利的保护】17日，华为创始人兼CEO任正非在深圳接受央视记者专访。针对女儿孟晚舟被加拿大扣押一事，任正非表示，我们要靠法律的力量，我们有信心能够解决。儿女最重要是翅膀要硬，他们要自由去飞翔。期望儿女来照顾父母，不是我们的期望。 ​  展开全文c \n                    【任正非谈#华为CFO孟晚舟被捕#：感谢党和国家对一个公民权利的保护】17日，华为创始人兼CEO任正非在深圳接受央视记者专访。针对女儿孟晚舟被加拿大扣押一事，任正非表示，我们要靠法律的力量，我们有信心能够解决。儿女最重要是翅膀要硬，他们要自由去飞翔。期望儿女来照顾父母，不是我们的期望。L视频-任正非：会和女儿电话里说说笑话 收起全文d\n", "author": "新浪视频", "time": "新浪视频2019年01月18日16:55 来自微博weibo.com", "transmit": " 转发 16", "comment": "评论 4", "zan": " 68"}, {"text": "\n#任正非回应一切# 【任正非谈华为CFO孟晚舟被捕：感谢党和国家对一个公民权利的保护】17日，华为创始人兼CEO任正非在深圳接受专访。针对女儿孟晚舟被加拿大扣押一事，任正非表示，我们要靠法律的力量，我们有信心能够解决。儿女最重要是翅膀要硬，他们要自由去飞翔。期望儿女来照顾父母，不是我们的期 ​  展开全文c \n#任正非回应一切# 【任正非谈华为CFO孟晚舟被捕：感谢党和国家对一个公民权利的保护】17日，华为创始人兼CEO任正非在深圳接受专访。针对女儿孟晚舟被加拿大扣押一事，任正非表示，我们要靠法律的力量，我们有信心能够解决。儿女最重要是翅膀要硬，他们要自由去飞翔。期望儿女来照顾父母，不是我们的期望。 L央视新闻的秒拍视频 收起全文d\n", "author": "凤凰网财经", "time": "凤凰网财经2019年01月18日19:10 来自专业版微博", "transmit": " 转发 54", "comment": "评论 54", "zan": " 89"}, {"text": "\n                    【任正非：感谢社会各界对孟晚舟的支持，女儿很坚强】17日，华为创始人任正非接受媒体采访。他感谢社会各界人士对孟晚舟所表达的支持、关心和关注。“我与女儿现在就是打打电话，电话上也仅仅是讲讲笑话，晚舟也很坚强。”同时表示，外面的变化对我们没有这么大的影响。因为我们有信心，我们的产品做得 ​  展开全文c \n                    【任正非：感谢社会各界对孟晚舟的支持，女儿很坚强】17日，华为创始人任正非接受媒体采访。他感谢社会各界人士对孟晚舟所表达的支持、关心和关注。“我与女儿现在就是打打电话，电话上也仅仅是讲讲笑话，晚舟也很坚强。”同时表示，外面的变化对我们没有这么大的影响。因为我们有信心，我们的产品做得比别人都好。O任正非：感谢社会各界对孟晚舟的支持，女儿很坚强 收起全文d\n", "author": "中国新闻网", "time": "中国新闻网2019年01月18日07:00 来自微博weibo.com", "transmit": " 转发 501", "comment": "评论 2581", "zan": " 4683"}, {"text": "\n                    【任正非谈华为CFO孟晚舟被捕：感谢党和国家对一个公民权利的保护】17日，华为创始人兼CEO任正非在深圳接受央视记者专访。针对女儿孟晚舟被加拿大扣押一事，任正非表示，我们要靠法律的力量，我们有信心能够解决。儿女最重要是翅膀要硬，他们要自由去飞翔。期望儿女来照顾父母，不是我们的期望。 ​  展开全文c \n                    【任正非谈华为CFO孟晚舟被捕：感谢党和国家对一个公民权利的保护】17日，华为创始人兼CEO任正非在深圳接受央视记者专访。针对女儿孟晚舟被加拿大扣押一事，任正非表示，我们要靠法律的力量，我们有信心能够解决。儿女最重要是翅膀要硬，他们要自由去飞翔。期望儿女来照顾父母，不是我们的期望。L央视新闻的秒拍视频 收起全文d\n", "author": "北京青年报", "time": "北京青年报2019年01月18日17:20 来自微博weibo.com", "transmit": " 转发 17", "comment": "评论 21", "zan": " 66"}, {"text": "\n                    【任正非谈#华为CFO孟晚舟被捕#：感谢党和国家对一个公民权利的保护】17日，华为创始人兼CEO任正非在深圳接受央视记者专访。针对女儿孟晚舟被加拿大扣押一事，任正非表示，我们要靠法律的力量，我们有信心能够解决。儿女最重要是翅膀要硬，他们要自由去飞翔。期望儿女来照顾父母，不是我们的期望。 ​  展开全文c \n                    【任正非谈#华为CFO孟晚舟被捕#：感谢党和国家对一个公民权利的保护】17日，华为创始人兼CEO任正非在深圳接受央视记者专访。针对女儿孟晚舟被加拿大扣押一事，任正非表示，我们要靠法律的力量，我们有信心能够解决。儿女最重要是翅膀要硬，他们要自由去飞翔。期望儿女来照顾父母，不是我们的期望。L央视新闻的秒拍视频 收起全文d\n", "author": "界面新闻", "time": "界面新闻2019年01月18日17:45 来自微博weibo.com", "transmit": " 转发 19", "comment": "评论 24", "zan": " 45"}, {"text": "\n                    【任正非：孟晚舟最近生活愉快 难得轻松】华为创始人任正非在深圳华为总部接受媒体采访。任正非表示，孟晚舟现在生活挺愉快的，每天都在做饺子、饼，难得这么轻松。作为孟晚舟的父亲，他感谢中国政府维护孟晚舟作为中国公民的权益，为她提供领事保护，也感谢社会各界人士对孟晚舟所表达的支持、关心和 ​  展开全文c \n                    【任正非：孟晚舟最近生活愉快 难得轻松】华为创始人任正非在深圳华为总部接受媒体采访。任正非表示，孟晚舟现在生活挺愉快的，每天都在做饺子、饼，难得这么轻松。作为孟晚舟的父亲，他感谢中国政府维护孟晚舟作为中国公民的权益，为她提供领事保护，也感谢社会各界人士对孟晚舟所表达的支持、关心和关注。#任正非 采访# L视频-专访任正非：孟晚舟最近生活愉快 难得轻松 收起全文d\n", "author": "新浪视频", "time": "新浪视频2019年01月18日07:36 来自专业版微博", "transmit": " 转发 31", "comment": "评论 52", "zan": " 179"}, {"text": "\n                    【任正非谈#华为CFO孟晚舟被捕#：感谢党和国家对一个公民权利的保护】17日，华为创始人兼CEO任正非在深圳接受央视记者专访。针对女儿孟晚舟被加拿大扣押一事，任正非表示，我们要靠法律的力量，我们有信心能够解决。儿女最重要是翅膀要硬，他们要自由去飞翔。期望儿女来照顾父母，不是我们的期望。 ​  展开全文c \n                    【任正非谈#华为CFO孟晚舟被捕#：感谢党和国家对一个公民权利的保护】17日，华为创始人兼CEO任正非在深圳接受央视记者专访。针对女儿孟晚舟被加拿大扣押一事，任正非表示，我们要靠法律的力量，我们有信心能够解决。儿女最重要是翅膀要硬，他们要自由去飞翔。期望儿女来照顾父母，不是我们的期望。L央视新闻的秒拍视频 收起全文d\n", "author": "蓝鲸财经记者工作平台", "time": "蓝鲸财经记者工作平台2019年01月18日16:50 来自专业版微博", "transmit": " 转发 26", "comment": "评论 41", "zan": " 28"}, {"text": "\n                    【任正非谈华为CFO孟晚舟被捕：感谢党和国家对一个公民权利的保护】1月17日，华为创始人兼CEO任正非在深圳接受专访。针对女儿孟晚舟被加拿大扣押一事，任正非表示，我们要靠法律的力量，我们有信心能够解决。儿女最重要是翅膀要硬，他们要自由去飞翔。期望儿女来照顾父母，不是我们的期望。 ​  展开全文c \n                    【任正非谈华为CFO孟晚舟被捕：感谢党和国家对一个公民权利的保护】1月17日，华为创始人兼CEO任正非在深圳接受专访。针对女儿孟晚舟被加拿大扣押一事，任正非表示，我们要靠法律的力量，我们有信心能够解决。儿女最重要是翅膀要硬，他们要自由去飞翔。期望儿女来照顾父母，不是我们的期望。#央视专访任正非# L央视新闻的秒拍视频 收起全文d\n", "author": "老板联播", "time": "老板联播2019年01月18日20:08 来自iPhoneX", "transmit": " 转发 22", "comment": "评论 11", "zan": " 54"}, {"text": "\n                    【央视专访任正非】1月17日，华为创始人兼CEO任正非在深圳接受央视记者专访。在访谈中，针对女儿孟晚舟被加拿大扣押、华为遭一些国家“打压”等问题，任正非一一回应。采访中，任正非表示最关心的问题是基础科学研究和教育。在他看来，把教育做好，国家就有未来。（来源：央视新闻） ​  展开全文c \n                    【央视专访任正非】1月17日，华为创始人兼CEO任正非在深圳接受央视记者专访。在访谈中，针对女儿孟晚舟被加拿大扣押、华为遭一些国家“打压”等问题，任正非一一回应。采访中，任正非表示最关心的问题是基础科学研究和教育。在他看来，把教育做好，国家就有未来。（来源：央视新闻）O央视专访任正非 收起全文d\n", "author": "知识分子", "time": "知识分子2019年01月18日17:40 来自iPhoneXS", "transmit": " 转发 72", "comment": "评论 18", "zan": " 68"}, {"text": "\n                    【任正非谈华为CFO孟晚舟被捕：感谢党和国家对一个公民权利的保护】17日，华为创始人兼CEO任正非在深圳接受专访。针对女儿孟晚舟被加拿大扣押一事，任正非表示，我们要靠法律的力量，我们有信心能够解决。儿女最重要是翅膀要硬，他们要自由去飞翔。期望儿女来照顾父母，不是我们的期望。（央视新闻） ​  展开全文c \n                    【任正非谈华为CFO孟晚舟被捕：感谢党和国家对一个公民权利的保护】17日，华为创始人兼CEO任正非在深圳接受专访。针对女儿孟晚舟被加拿大扣押一事，任正非表示，我们要靠法律的力量，我们有信心能够解决。儿女最重要是翅膀要硬，他们要自由去飞翔。期望儿女来照顾父母，不是我们的期望。（央视新闻）L央视新闻的秒拍视频 收起全文d\n", "author": "科工力量", "time": "科工力量2019年01月18日19:00 来自微博weibo.com", "transmit": " 转发 10", "comment": "评论 7", "zan": " 56"}, {"text": "\n                    【深圳卫视专访任正非：孟晚舟最近生活愉快 难得轻松】#任正非回应一切#华为创始人任正非在深圳华为总部接受多家国内媒体采访。任正非表示，作为孟晚舟的父亲，首先感谢中国政府维护孟晚舟作为中国公民的权益，为她提供了领事保护。我也感谢社会各界人士对孟晚舟所表达的支持、关心和关注。 ​  展开全文c \n                    【深圳卫视专访任正非：孟晚舟最近生活愉快 难得轻松】#任正非回应一切#华为创始人任正非在深圳华为总部接受多家国内媒体采访。任正非表示，作为孟晚舟的父亲，首先感谢中国政府维护孟晚舟作为中国公民的权益，为她提供了领事保护。我也感谢社会各界人士对孟晚舟所表达的支持、关心和关注。L深圳卫视专访任正非：孟晚舟最近生活愉快 难得轻松 收起全文d\n", "author": "新浪科技", "time": "新浪科技2019年01月18日00:39 来自微博weibo.com", "transmit": " 转发 514", "comment": "评论 265", "zan": " 1337"}, {"text": "\n                    【任正非：感谢社会各界对孟晚舟的支持，女儿很坚强】17日，华为创始人任正非接受媒体采访。他感谢社会各界人士对孟晚舟所表达的支持、关心和关注。“我与女儿现在就是打打电话，电话上也仅仅是讲讲笑话，晚舟也很坚强。”同时表示，外面的变化对我们没有这么大的影响。因为我们有信心，我们的产品做得 ​  展开全文c \n                    【任正非：感谢社会各界对孟晚舟的支持，女儿很坚强】17日，华为创始人任正非接受媒体采访。他感谢社会各界人士对孟晚舟所表达的支持、关心和关注。“我与女儿现在就是打打电话，电话上也仅仅是讲讲笑话，晚舟也很坚强。”同时表示，外面的变化对我们没有这么大的影响。因为我们有信心，我们的产品做得比别人都好。（人民日报）L视频-专访任正非：孟晚舟最近生活愉快 难得轻松 ​​​ 收起全文d\n", "author": "中国新闻周刊", "time": "中国新闻周刊2019年01月18日08:33", "transmit": " 转发 32", "comment": "评论 69", "zan": " 295"}, {"text": "\n                    【任正非:再穷不能穷教师 让最优秀的人培养更优秀的人】1月17日，华为创始人兼CEO任正非在深圳接受央视记者专访。在访谈中，针对女儿孟晚舟被加拿大扣押、华为遭一些国家“打压”等问题，任正非一一回应。采访中，任正非表示最关心的问题是基础科学研究和教育。在他看来，把教育做好，国家就有未来。  ​  展开全文c \n                    【任正非:再穷不能穷教师 让最优秀的人培养更优秀的人】1月17日，华为创始人兼CEO任正非在深圳接受央视记者专访。在访谈中，针对女儿孟晚舟被加拿大扣押、华为遭一些国家“打压”等问题，任正非一一回应。采访中，任正非表示最关心的问题是基础科学研究和教育。在他看来，把教育做好，国家就有未来。 L网易财经的微博视频 收起全文d\n", "author": "网易财经", "time": "网易财经2019年01月18日17:23 来自微博视频", "transmit": " 转发 32", "comment": "评论 27", "zan": " 66"}, {"text": "\n                    【华为身处风口浪尖，任正非最关心的是什么？ 】17日，华为创始人兼CEO任正非在深圳接受央视记者专访，并与多家国内媒体座谈。在本次访谈中，针对女儿孟晚舟被加拿大扣押、网络安全、华为是否跨界等问题，任正非一一回应。整个过程，任正非精气神很足，肢体语言丰富，还不时用手指敲打桌面，犹如战场上 ​  展开全文c \n                    【华为身处风口浪尖，任正非最关心的是什么？ 】17日，华为创始人兼CEO任正非在深圳接受央视记者专访，并与多家国内媒体座谈。在本次访谈中，针对女儿孟晚舟被加拿大扣押、网络安全、华为是否跨界等问题，任正非一一回应。整个过程，任正非精气神很足，肢体语言丰富，还不时用手指敲打桌面，犹如战场上的战士一般。尽管在海外市场遭遇一些问题，但任正非对华为的发展还是充满信心。而采访中，任正非最关心的问题是基础科学研究和教育。在他看来，把教育做好，国家就有未来。O关注 | 华为身处风口浪尖，任正非最关心的是什么？ 收起全文d\n", "author": "中国青年报", "time": "中国青年报2019年01月18日12:35 来自微博weibo.com", "transmit": " 转发 28", "comment": "评论 17", "zan": " 131"}, {"text": "\n                    【任正非：孟晚舟加拿大转机被扣 目的地实为阿根廷】接近华为人士称，孟晚舟赴阿根廷参加内部会议。目前，华为正将阿根廷代表处作为改革试点，赋予其更多自主经营权O孟晚舟加拿大转机赴阿根廷 或为部署代表处改革试点（来自财新客户端） ​                ", "author": "胡舒立", "time": "胡舒立2019年01月18日23:45 来自财新App", "transmit": " 转发 12", "comment": "评论 13", "zan": " 32"}, {"text": "\n                    【转发赠书 】“孟晚舟被扣押”事件后，真正详解华为哲学思想、任正非精神的首部作品《#苦难英雄任正非#》正式上市！管理专家@王育琨 研究华为近20年，秒回应“孟晚舟被扣押”事件，探知任正非的 “灰度管理哲学”，预测5G竞争中的华为走向，向读者呈现一个历经30年变迁的华为思想史，了解华为 ​  展开全文c \n                    【转发赠书 】“孟晚舟被扣押”事件后，真正详解华为哲学思想、任正非精神的首部作品《#苦难英雄任正非#》正式上市！管理专家@王育琨 研究华为近20年，秒回应“孟晚舟被扣押”事件，探知任正非的 “灰度管理哲学”，预测5G竞争中的华为走向，向读者呈现一个历经30年变迁的华为思想史，了解华为一步步走向全世界的原因。打榜：苦难英雄任正非-王育琨 关注@手边阅读 并转发本条微博，随机抽5人赠书，1月25日截止，年后开奖~ 收起全文d\n", "author": "手边文艺", "time": "手边文艺2019年01月18日21:14 来自转发赠书超话", "transmit": " 转发 594", "comment": "评论 34", "zan": " 44"}, {"text": "\n                    【#任正非回应一切# 女儿坚强会打打电话讲讲笑话，华为今日危机十年前早有预料】1月17日，华为创始人任正非第二次接受国内媒体群访。对目前华为遇到的危机，女儿孟晚舟事件，任正非都一一做了回应。任正非表示，华为今天碰到的问题早在十多年前就有预测，已经准备了十几年。这些困难对华为会有影响，但 ​  展开全文c \n                    【#任正非回应一切# 女儿坚强会打打电话讲讲笑话，华为今日危机十年前早有预料】1月17日，华为创始人任正非第二次接受国内媒体群访。对目前华为遇到的危机，女儿孟晚舟事件，任正非都一一做了回应。任正非表示，华为今天碰到的问题早在十多年前就有预测，已经准备了十几年。这些困难对华为会有影响，但影响不会很大。因为我们有信心，我们的产品做得比别人都好，让别人不想买都不行。（新浪财经）O全文|任正非回应一切 收起全文d\n", "author": "创业家传媒", "time": "创业家传媒2019年01月18日07:37 来自HUAWEIP10", "transmit": " 转发 80", "comment": "评论 28", "zan": " 41"}, {"text": "\n                    【任正非谈孟晚舟被捕：感谢党和国家对一个公民权利的保护】华为创始人兼CEO#任正非接受采访# ，针对女儿孟晚舟被加拿大扣押一事，任正非表示，我们要靠法律的力量，我们有信心能够解决。儿女最重要是翅膀要硬，他们要自由去飞翔。期望儿女来照顾父母，不是我们的期望。@央视新闻 L央视新闻的秒拍视频 ​                ", "author": "新浪科技", "time": "新浪科技2019年01月18日19:00 来自微博weibo.com", "transmit": " 转发 45", "comment": "评论 58", "zan": " 114"}, {"text": "\n                    【华为创始人任正非谈女儿孟晚舟近况：最近生活的挺愉快，感谢全国人民和网友对她的关心】感觉任总头发又白了不少，哎。不管如何，还是希望孟总尽快平安回国。加拿大一心想跟着美帝走，她待着加拿大始终夜长梦多，早日回到中国才是安全。大家说呢？ L人才76116的秒拍视频 ​                ", "author": "人才76116", "time": "人才761162019年01月18日13:22", "transmit": " 转发 15", "comment": "评论 25", "zan": " 67"}]