[{"text": "\n                    【华为公布孟晚舟来信：我的内心都能依然坚定】13日，被加拿大政府扣押的华为高管孟晚舟，通过华为公司“心声社区”发布了一封写给“所有华为人”的信：从未有机会如此紧密地与18.8万华为人联接在一起。每一步，都有18.8万华为儿女的陪伴。所以， 无论眼下面对多大的困难和压力，内心都能依然坚定。 ​  展开全文c \n                    【华为公布孟晚舟来信：我的内心都能依然坚定】13日，被加拿大政府扣押的华为高管孟晚舟，通过华为公司“心声社区”发布了一封写给“所有华为人”的信：从未有机会如此紧密地与18.8万华为人联接在一起。每一步，都有18.8万华为儿女的陪伴。所以， 无论眼下面对多大的困难和压力，内心都能依然坚定。@中国长安网 收起全文d\n", "author": "重庆检察", "time": "重庆检察2019年05月14日07:03 来自iPhone客户端", "transmit": " 转发 8", "comment": "评论 9", "zan": " 6"}, {"text": "\n                    【孟晚舟致信华为人：活动范围方寸之间 内心依然坚定】“无论眼下面对多大的困难和压力，我的内心都能依然坚定。”5月13日上午，华为“心声社区”公布一封孟晚舟5月9日的信，全文如下： O孟晚舟致信华为人：活动范围方寸之间 内心依然坚定 ​                ", "author": "重庆检察", "time": "重庆检察2019年05月14日12:04 来自iPhone客户端", "transmit": " 转发 9", "comment": "评论 11", "zan": " 8"}]