[{"text": "\n                    【#孟晚舟回应牛津叫停华为资助#】近日，处于保释阶段的孟晩舟向日媒投稿，谈及牛津大学叫停华为资助一事。孟晚舟表示：“华为从未想过从合作伙伴那里获取各种专利或研究成果”，今后将继续资助能带来科学与技术进步的基础研究。 ​                ", "author": "中国商界网", "time": "中国商界网2019年01月25日21:09 来自iPhone客户端", "transmit": " 转发 429", "comment": "评论 985", "zan": " 3094"}, {"text": "\n                    【孟晚舟向日媒投稿 回应牛津叫停华为资助】近日，处于保释阶段的孟晩舟向日媒投稿，谈及牛津大学叫停华为资助一事。孟晚舟表示：“华为从未想过从合作伙伴那里获取各种专利或研究成果”，今后将继续资助能带来科学与技术进步的基础研究。O孟晚舟向日媒投稿 回应牛津叫停华为资助 ​​​                ", "author": "凤凰网视频", "time": "凤凰网视频2019年01月25日19:44", "transmit": " 转发 61", "comment": "评论 382", "zan": " 711"}, {"text": "\n                    【加驻华大使收回“#孟晚舟#不被引渡”言论：我说错了】外媒称，加拿大驻华大使约翰·麦卡勒姆1月24日说，针对孟晚舟事件，他发表了“错误的讲话”。麦卡勒姆本周早些时候表示，华为高管孟晚舟有充分理由反对引渡，暗示此案是出于政治动机。但麦卡勒姆1月24日收回了上述言论，在一份声明中说：“很遗憾 ​  展开全文c \n                    【加驻华大使收回“#孟晚舟#不被引渡”言论：我说错了】外媒称，加拿大驻华大使约翰·麦卡勒姆1月24日说，针对孟晚舟事件，他发表了“错误的讲话”。麦卡勒姆本周早些时候表示，华为高管孟晚舟有充分理由反对引渡，暗示此案是出于政治动机。但麦卡勒姆1月24日收回了上述言论，在一份声明中说：“很遗憾，我对孟晚舟案法律程序的评论造成了混乱。我说错了。”O加驻华大使收回“孟晚舟不被引渡”言论：我说错了 收起全文d\n", "author": "凤凰网", "time": "凤凰网2019年01月25日09:09 来自微博weibo.com", "transmit": " 转发 86", "comment": "评论 127", "zan": " 111"}, {"text": "\n                    【孟晚舟向日媒投稿 回应牛津叫停华为资助】近日，处于保释阶段的孟晩舟向日媒投稿，谈及牛津大学叫停华为资助一事。孟晚舟表示：“华为从未想过从合作伙伴那里获取各种专利或研究成果”，今后将继续资助能带来科学与技术进步的基础研究。O孟晚舟向日媒投稿 回应牛津叫停华为资助 ​                ", "author": "凤凰网", "time": "凤凰网2019年01月25日17:44 来自微博weibo.com", "transmit": " 转发 24", "comment": "评论 87", "zan": " 141"}, {"text": "\n                    【孟晚舟向日本经济新闻投稿】孟晚舟：有一部分人似乎心存疑虑，但华为从未想过从合作伙伴那里获取各种专利或研究成果。华为今后将继续资助能带来科学与技术进步的基础研究…… O孟晚舟向日本经济新闻投稿 ​                ", "author": "日经中文网", "time": "日经中文网2019年01月25日15:21 来自微博weibo.com", "transmit": " 转发 27", "comment": "评论 41", "zan": " 44"}, {"text": "\n                    【加拿大驻华大使收回“孟晚舟不被引渡”言论：我说错了】据美联社1月24日报道，加拿大驻华大使约翰·麦卡勒姆当日声明称，“很遗憾，我对孟晚舟案法律程序的评论造成了混乱。我说错了。”此前，他称将华为公司高管引渡到美国将不会是一个“令人满意的结果”。(参考消息) ​                ", "author": "新浪军事", "time": "新浪军事2019年01月25日13:50 来自微博weibo.com", "transmit": " 转发 29", "comment": "评论 50", "zan": " 83"}]