[{"text": "\n                    【任正非谈华为CFO孟晚舟被捕：感谢党和国家对一个公民权利的保护】1月17日，华为创始人兼CEO任正非在深圳接受专访。针对女儿孟晚舟被加拿大扣押一事，任正非表示，我们要靠法律的力量，我们有信心能够解决。儿女最重要是翅膀要硬，他们要自由去飞翔。期望儿女来照顾父母，不是我们的期望。 ​  展开全文c \n                    【任正非谈华为CFO孟晚舟被捕：感谢党和国家对一个公民权利的保护】1月17日，华为创始人兼CEO任正非在深圳接受专访。针对女儿孟晚舟被加拿大扣押一事，任正非表示，我们要靠法律的力量，我们有信心能够解决。儿女最重要是翅膀要硬，他们要自由去飞翔。期望儿女来照顾父母，不是我们的期望。L央视新闻的秒拍视频 收起全文d\n", "author": "经济观察报", "time": "经济观察报2019年01月19日15:00 来自微博weibo.com", "transmit": " 转发 21", "comment": "评论 16", "zan": " 63"}, {"text": "\n                    【央视记者专访华为创始人任正非】1月17日，华为创始人兼CEO任正非在深圳接受记者专访。在访谈中，针对女儿孟晚舟被加拿大扣押、华为遭一些国家“打压”等问题，任正非一一回应。对于眼下一些国家给华为下禁令、“封杀”华为的情况，任正非说，他从来没有担忧。他说这就是一场“比赛”，只要你做得好， ​  展开全文c \n                    【央视记者专访华为创始人任正非】1月17日，华为创始人兼CEO任正非在深圳接受记者专访。在访谈中，针对女儿孟晚舟被加拿大扣押、华为遭一些国家“打压”等问题，任正非一一回应。对于眼下一些国家给华为下禁令、“封杀”华为的情况，任正非说，他从来没有担忧。他说这就是一场“比赛”，只要你做得好，就不会没人买。采访中，任正非表示最关心的问题是基础科学研究和教育。在他看来，把教育做好，国家就有未来。（央视新闻） L辽视第一时间的微博视频 收起全文d\n", "author": "辽视第一时间", "time": "辽视第一时间2019年01月19日16:44 来自秒拍网页版", "transmit": " 转发 14", "comment": "评论 2", "zan": " 13"}, {"text": "\n                    【李光满 | 任正非的家国情怀与父女温情！】O网页链接  随着美国引渡孟晚舟最后期限的日渐临近，无论是华为公司，还是无数关心孟晚舟的中国人都在关心孟晚舟能否早日平安归来，都在期盼任正非与孟晚舟父女俩能够早日在生养他们的土地上相拥而泣，让任正非这位军人出身的伟大企业家能够尽情释 ​  展开全文c \n                    【李光满 | 任正非的家国情怀与父女温情！】O网页链接  随着美国引渡孟晚舟最后期限的日渐临近，无论是华为公司，还是无数关心孟晚舟的中国人都在关心孟晚舟能否早日平安归来，都在期盼任正非与孟晚舟父女俩能够早日在生养他们的土地上相拥而泣，让任正非这位军人出身的伟大企业家能够尽情释放内心的那份作为父亲的慈爱与温情。于敏走了，任正非仍在战斗！无论是邓稼先、郭永怀、程开甲、于敏还是任正非，都是我们中国实现崛起的英雄，都是我们民族实现复兴的脊梁！自古英雄非无情，只因豪情寄国家！ O李光满 | 任正非的家国情怀与父女温情！ 收起全文d\n", "author": "察网中国", "time": "察网中国2019年01月19日18:19 来自微博weibo.com", "transmit": " 转发 25", "comment": "评论 28", "zan": " 23"}, {"text": "\n                    【新闻人间：无法低调的任正非】任正非的低调没有让他和华为躲过外界的关注和追踪。面对美国等国家刻意排挤华为，任正非选择了隐忍，但面对女儿孟晚舟因公司牵累而遭手铐脚镣伺候，自己出国也可能遭遇同样命运的严峻现实，任正非坐不住了。O无法低调的任正非 ​                ", "author": "早报网", "time": "早报网2019年01月19日11:35 来自微博weibo.com", "transmit": " 转发 30", "comment": "评论 86", "zan": " 65"}, {"text": "\n                    「中驻加大使：加国若禁用华为5G“肯定会有后果”」当地时间1月17日，中国驻加拿大大使卢沙野在使馆接受媒体采访。    他说：“孟晚舟女士没有违反加拿大任何法律被逮捕，而两名加拿大公民是因为从事危害中国国家安全的活动而被采取强制行动的”。    同时卢沙野大使还警告加拿大，如果加禁止中国电 ​  展开全文c \n                    「中驻加大使：加国若禁用华为5G“肯定会有后果”」当地时间1月17日，中国驻加拿大大使卢沙野在使馆接受媒体采访。    他说：“孟晚舟女士没有违反加拿大任何法律被逮捕，而两名加拿大公民是因为从事危害中国国家安全的活动而被采取强制行动的”。    同时卢沙野大使还警告加拿大，如果加禁止中国电信巨头华为参与该国的5G项目，将“肯定会有后果”。    卢沙野表示，不知道具体后果是什么，但他呼吁加拿大政府和有关部门做出明智的选择。 LKevin在纽约的秒拍视频 收起全文d\n", "author": "Kevin在纽约", "time": "Kevin在纽约2019年01月19日15:23 来自秒拍网页版", "transmit": " 转发 318", "comment": "评论 637", "zan": " 193"}]