[{"text": "\n                    【BBC：不甘做牺牲品 加拿大向中国示好】据BBC中文网11日报道，中美贸易战持续延烧，因华为孟晚舟事件遭到中国报复的加拿大渐渐失去了耐心。特鲁多政府加紧向中国示好，甚至公开与美国唱对台戏，支持中国在北极施加影响力。本周，加拿大自由党政府派一名执政党议员参加了在中国上海举行的一场关于北 ​  展开全文c \n                    【BBC：不甘做牺牲品 加拿大向中国示好】据BBC中文网11日报道，中美贸易战持续延烧，因华为孟晚舟事件遭到中国报复的加拿大渐渐失去了耐心。特鲁多政府加紧向中国示好，甚至公开与美国唱对台戏，支持中国在北极施加影响力。本周，加拿大自由党政府派一名执政党议员参加了在中国上海举行的一场关于北极区域合作的研讨会。周五（5月10日），曾在特鲁多政府担任重要外交职务的安德鲁•莱斯利（Andrew Leslie）议员在会上表示，加拿大「欢迎」在北极地区与中国合作的机会。加拿大《环球邮报》解读说，由于加拿大应美国要求逮捕华为首席财务官孟晚舟，北京一直拒绝与加拿大政府高层官员会晤。此次研讨会显示，两国关系似乎打开了一个缺口。加拿大政府在北极问题上的姿态与美国的立场明显相左。就在上周一（5月6日）在芬兰举行的第11届北极理事会部长级会议上，美国国务卿蓬佩奥表示，中国不是一个北极国家，在北极没有任何权利。美国警告，中国可能会以科学研究为借口，在北极地区进行军事扩张。 收起全文d\n", "author": "时事-辩论", "time": "时事-辩论2019年05月12日18:45 来自iPhone客户端", "transmit": " 转发 12", "comment": "评论 14", "zan": " 33"}, {"text": "\n                    【孟晚舟律师团队：美国引渡要求无根据，加拿大扣押非法】加拿大温哥华当地时间5月8日，加拿大高等法院开庭，对华为孟晚舟引渡案进行听证。法庭上，孟晚舟律师团队指出，加拿大对孟晚舟的扣押是非法的。5月9日，中国外交部发言人耿爽表示，要求加方立即释放孟晚舟。@央视新闻 视频 L重庆检察的微博视频 ​                ", "author": "重庆检察", "time": "重庆检察2019年05月12日14:38 来自iPhone客户端", "transmit": " 转发 7", "comment": "评论 15", "zan": " 28"}]