[{"text": "\n                    转发抽送《美国陷阱》纸书“法国版孟晚舟事件”受害者——阿尔斯通前高管皮耶鲁齐出狱后出版《美国陷阱》揭秘美国通过“长臂管辖”、《反海外腐败法》肢解500强的惊人内幕孟晚舟会不会成为下一个皮耶鲁齐？华为会不会变成下一家阿尔斯通？收听 >> O网页链接 转发微博，随机抽送5本《 ​  展开全文c \n                    转发抽送《美国陷阱》纸书“法国版孟晚舟事件”受害者——阿尔斯通前高管皮耶鲁齐出狱后出版《美国陷阱》揭秘美国通过“长臂管辖”、《反海外腐败法》肢解500强的惊人内幕孟晚舟会不会成为下一个皮耶鲁齐？华为会不会变成下一家阿尔斯通？收听 >> O网页链接 转发微博，随机抽送5本《美国陷阱》  L喜马拉雅的秒拍视频 收起全文d\n", "author": "喜马拉雅", "time": "喜马拉雅2019年05月15日21:50 来自秒拍网页版", "transmit": " 转发 174", "comment": "评论 56", "zan": " 79"}]