[{"text": "\n华为公主孟晚舟演讲：未来将会选择什么样的年轻人，值得大家看完……一起认识下孟晚舟 L皓伦王明川的秒拍视频 ​​​                ", "author": "刀兄", "time": "刀兄2018年12月22日11:32", "transmit": " 转发 104", "comment": "评论 15", "zan": " 60"}, {"text": "\n                    【2018前三季度全球五大电信设备厂商排名出炉：华为居首】怪不得美国特朗普一直视华为为眼中钉，还指使加拿大拘押了华为CFO孟晚舟。看看这张表就行了，华为实力太强，关键还是姓“中”，随着5G时代来临，华为优势更明显。           据市场研究公司Dell'Oro Group的最新消息发布数据显示 ​  展开全文c \n                    【2018前三季度全球五大电信设备厂商排名出炉：华为居首】怪不得美国特朗普一直视华为为眼中钉，还指使加拿大拘押了华为CFO孟晚舟。看看这张表就行了，华为实力太强，关键还是姓“中”，随着5G时代来临，华为优势更明显。           据市场研究公司Dell'Oro Group的最新消息发布数据显示，2018年的前三季度的全球五大电信设备厂商的排名分别是：华为、诺基亚、爱立信、思科以及中兴通讯。这五家公司的合计占比约为全球电信运营设备商的收入总数的75%左右。       其中华为占据了整个市场的28%，这个有点牛。而且几年华为收入和份额是持续增长。 收起全文d\n", "author": "人才76116", "time": "人才761162018年12月22日12:32", "transmit": " 转发 18", "comment": "评论 47", "zan": " 69"}, {"text": "\nO当美国要和你谈法律，就先忘了正义和道德吧…… | 科技袁人这一期科技袁人，袁老师和我们聊一聊一个和科技看上去不那么有关，但最近又对中国科技影响特别大的东西——美国法律。实际上，由于华为的原因，尤其是孟晚舟的被捕，使得许多中国人才第一次意识到美国的“恶法”——就是常常用国内法去干预别国的公司甚至国家的行为。然而这种做 ​  展开全文c \nO当美国要和你谈法律，就先忘了正义和道德吧…… | 科技袁人这一期科技袁人，袁老师和我们聊一聊一个和科技看上去不那么有关，但最近又对中国科技影响特别大的东西——美国法律。实际上，由于华为的原因，尤其是孟晚舟的被捕，使得许多中国人才第一次意识到美国的“恶法”——就是常常用国内法去干预别国的公司甚至国家的行为。然而这种做法，许多美国之外的大公司，早就已经屡见不鲜了，甚至在多年的“斗智斗勇”之后，摸索出了专门规避美国这种霸道做法的套路。但在那之前，首先要明确一点，当你和美国谈论这些的时候，这有关规则、有关技术更有关政治，但唯独和正义、道德没有太大关系。视频链接腾讯视频：L科技袁人：当美国要和你谈法律，就先忘了正义和道德吧……哔哩哔哩：L科技袁人：当美国要和你谈法律，就先忘了道德和正义吧秒拍：L观视频工作室的秒拍视频部分评论CCCP君：西方的讲道理的方式就是，能不用讲道理就绝对不会给你讲道理北海迷雾：国际法解决不了，美国人就搞个假的仲裁庭，仲裁被戳穿了，美国人就搞国内法来管，国内法大家不认，美国人就搞贸易战，贸易战打不到便宜，就开始搞跨国绑架，好嘛，你绑一个，我就抓你的特务头子、“水军都督”，那么下面还有什么手段呢？手段是无穷的，资本主义的一肚子坏水永远有使不尽的招数，但是他变招了，说明他放弃了失败的手段，正义的人们也乐于一次一次挫败他们的阴谋。 收起全文d\n", "author": "中科大胡不归", "time": "中科大胡不归2018年12月22日22:57 来自微博weibo.com", "transmit": " 转发 14", "comment": "评论 21", "zan": " 51"}]