[{"text": "\n                    川普他内心是想着达成协议的，毕竟他要政绩拼选举。其他那几个诸如纳瓦罗莱特细则这样的强硬派就很难说了。最终的胜利属于华为孟晚舟，也属于全中国人民。 ​                ", "author": "浙商卢献星", "time": "浙商卢献星2019年02月06日22:36 来自浙商會iPhone客户端", "transmit": " 转发 8", "comment": "评论 34", "zan": " 90"}, {"text": "\nO山姆大叔的猎物：美国对外国公司的法律诉讼让其他国家烦恼 | CHS加拿大对华为首席财务官孟晚舟女士的逮捕，其大背景是美国对外国公司的治外法权：“美国法律首先假定了其法规应用范围不超出其国境，但检察官对于法律如何解释具有广泛的权威性。律师们认为检察官对谁受美国法律管辖的问题已经采取了越来越宽泛的解释。一桩银行交易若最终是通过纽 ​  展开全文c \nO山姆大叔的猎物：美国对外国公司的法律诉讼让其他国家烦恼 | CHS加拿大对华为首席财务官孟晚舟女士的逮捕，其大背景是美国对外国公司的治外法权：“美国法律首先假定了其法规应用范围不超出其国境，但检察官对于法律如何解释具有广泛的权威性。律师们认为检察官对谁受美国法律管辖的问题已经采取了越来越宽泛的解释。一桩银行交易若最终是通过纽约进行的，那么检察官就有理由检查它。如果美国境外的两位高管使用谷歌Gmail就一笔贿赂进行交流，美国检察官就可以声称电子邮件提供商的美国属性让这件事成了他们的业务范畴。” 收起全文d\n", "author": "中科大胡不归", "time": "中科大胡不归2019年02月06日11:41 来自微博weibo.com", "transmit": " 转发 25", "comment": "评论 39", "zan": " 92"}, {"text": "\n                    【孟晚舟律师将以“政治动机”作为引渡抗辩理由海彦】5日据加拿大环球邮报星期一报道，面临可能被引渡到美国的中国华为公司的副董事长兼首席财务官孟晚舟在寻求为自己辩护的理由，称美国对她的指控是出于政治动机。孟晚舟的首席律师理查德·派克在接受该报电话采访时表示， “此案的政治色彩非常明显” ​  展开全文c \n                    【孟晚舟律师将以“政治动机”作为引渡抗辩理由海彦】5日据加拿大环球邮报星期一报道，面临可能被引渡到美国的中国华为公司的副董事长兼首席财务官孟晚舟在寻求为自己辩护的理由，称美国对她的指控是出于政治动机。孟晚舟的首席律师理查德·派克在接受该报电话采访时表示， “此案的政治色彩非常明显” ，“这可能是与我所见过的其他引渡案件不同的一点。它笼罩着一层政治阴云”。 收起全文d\n", "author": "紫荆树", "time": "紫荆树2019年02月06日06:03", "transmit": " 转发 65", "comment": "评论 130", "zan": " 66"}]