[{"text": "\n                    美国哥伦比亚大学教授萨克斯（Jeffrey Sachs）在被誉为“世界上最具智慧的专栏”《世界报业辛迪加》（Project Syndicate）撰文，以“对华为开战”为题批评美政府“玩弄国际法”。这篇为华为发声的文章引起美国国内的批评，有人骂萨克斯是“卖国贼”，还有《华盛顿邮报》记者质问他“是不是收了中国政府 ​  展开全文c \n                    美国哥伦比亚大学教授萨克斯（Jeffrey Sachs）在被誉为“世界上最具智慧的专栏”《世界报业辛迪加》（Project Syndicate）撰文，以“对华为开战”为题批评美政府“玩弄国际法”。这篇为华为发声的文章引起美国国内的批评，有人骂萨克斯是“卖国贼”，还有《华盛顿邮报》记者质问他“是不是收了中国政府的钱’。萨克斯之后亲上火线否认收受利益，目前他的推特帐号已经被封杀关闭删除。头条文章：《美国学者替华为发声遭指控“收钱、卖国贼”推特帐号被封杀关闭》 #孟晚舟获得保释# O美国学者替华为发声遭指控“收钱、卖国贼”推特帐号被封杀关闭 收起全文d\n", "author": "黄胜友", "time": "黄胜友2018年12月31日21:58 来自微博weibo.com", "transmit": " 转发 353", "comment": "评论 111", "zan": " 182"}, {"text": "\n                    【部分中国企业补贴员工买华为手机】加拿大应美国要求拘捕华为首席财务官孟晚舟后，激发部分中国企业对华为的声援与支持，包括为购买华为手机的员工提供补贴，甚至警告旗下员工不要购买苹果公司的产品。O中企补贴员工买华为手机 ​                ", "author": "早报网", "time": "早报网2018年12月31日11:20 来自微博weibo.com", "transmit": " 转发 33", "comment": "评论 197", "zan": " 72"}]