[{"text": "\n                    加媒《环球邮报》报道称，在当地时间1月7日，加拿大总理特鲁多主动致电美国总统特朗普，敦促其向中方“施压”释放两名被拘的加拿大公民，以及催促美方将引渡华为CFO孟晚舟的申请交给法院。而此刻，美国政府还处于部分停摆状态，“开张”时间未定，其中受影响部门就包括美司法部。 ​                ", "author": "wu2198", "time": "wu21982019年01月08日22:38", "transmit": " 转发 43", "comment": "评论 103", "zan": " 1664"}, {"text": "\n#创事记#【孟晚舟的草根奋斗生涯】1月30日，如果美国未提出引渡申请，孟晚舟将获得自由。事实上，孟晚舟和大多数人一样，也是从草根中走出来的。孟晚舟也在这热血沸腾的时光里，参与了华为的草创，一步步走到今天。先从任正非的父亲任摩逊说起……@咔嚓_杨爱国 O孟晚舟的草根奋斗生涯 ​                ", "author": "新浪科技", "time": "新浪科技2019年01月08日21:45 来自微博weibo.com", "transmit": " 转发 197", "comment": "评论 235", "zan": " 113"}, {"text": "\n#晚安#【孟晚舟的草根奋斗生涯】1月30日，如果美国未提出引渡申请，孟晚舟将获得自由。事实上，孟晚舟和大多数人一样，也是从草根中走出来的。孟晚舟也在这热血沸腾的时光里，参与了华为的草创，一步步走到今天。先从任正非的父亲任摩逊说起……（创事记）O孟晚舟的草根奋斗生涯 ​                ", "author": "老板联播", "time": "老板联播2019年01月08日23:05 来自微博weibo.com", "transmit": " 转发 28", "comment": "评论 59", "zan": " 22"}]