[{"text": "\n                    【孟晚舟给家门口的记者们点披萨】据加拿大通讯社13日消息，华为CFO孟晚舟日前在温哥华的家中叫了六份披萨外卖，其中四份是给蹲守在自家门口的记者们点的。据悉，媒体朋友们随后将披萨传递给了沿街一处建筑工地的工人们。据庭审直播记录中显示的保释条件，孟晚舟在保释期间必须待在不列颠哥伦比亚省； ​  展开全文c \n                    【孟晚舟给家门口的记者们点披萨】据加拿大通讯社13日消息，华为CFO孟晚舟日前在温哥华的家中叫了六份披萨外卖，其中四份是给蹲守在自家门口的记者们点的。据悉，媒体朋友们随后将披萨传递给了沿街一处建筑工地的工人们。据庭审直播记录中显示的保释条件，孟晚舟在保释期间必须待在不列颠哥伦比亚省；晚上11点到早上6点必须待在家里，随时能被联系到；由狮门安保公司进行24小时不间断监控。（环球时报） 收起全文d\n", "author": "头条新闻", "time": "头条新闻2018年12月13日17:35 来自微博weibo.com", "transmit": " 转发 40148", "comment": "评论 24954", "zan": " 194413"}, {"text": "\n                    【加拿大民众致电中国驻加使馆：为加政府错误行为向中国致歉】12月12日，一位加拿大市民专程来到中国驻加使馆，送来一段他亲手砍伐的云杉木。他说，我是一名伐木工人，对加方日前在温哥华无理拘押中国公民孟晚舟女士感到愤慨。这段云杉木外形酷似象征加拿大的“北极熊”，希望以此表达我对中国人民的友 ​  展开全文c \n                    【加拿大民众致电中国驻加使馆：为加政府错误行为向中国致歉】12月12日，一位加拿大市民专程来到中国驻加使馆，送来一段他亲手砍伐的云杉木。他说，我是一名伐木工人，对加方日前在温哥华无理拘押中国公民孟晚舟女士感到愤慨。这段云杉木外形酷似象征加拿大的“北极熊”，希望以此表达我对中国人民的友好感情。作为一个加拿大人，我为加政府的错误行为向中国人民致歉。连日来，许多富有正义感的加拿大普通民众不断给中国驻加使馆打来电话、发来邮件或在网上发帖，呼吁加政府立即释放孟晚舟女士。#华为CFO孟晚舟被捕#O网页链接 收起全文d\n", "author": "央视新闻", "time": "央视新闻2018年12月13日15:14 来自微博weibo.com", "transmit": " 转发 634", "comment": "评论 715", "zan": " 4083"}, {"text": "\n                    【孟晚舟获保释后视频曝光 寒风中尽显坚强】加拿大不列颠哥伦比亚省高等法院当地时间11日下午作出裁决，批准华为公司首席财务官孟晚舟的保释申请。法院方面表示，孟晚舟是“一个受过良好教育的女商人”，并且“没有任何犯罪记录”，决定批准其保释申请。孟晚舟当天在法庭上否认了美国的指控。（新华社 ​  展开全文c \n                    【孟晚舟获保释后视频曝光 寒风中尽显坚强】加拿大不列颠哥伦比亚省高等法院当地时间11日下午作出裁决，批准华为公司首席财务官孟晚舟的保释申请。法院方面表示，孟晚舟是“一个受过良好教育的女商人”，并且“没有任何犯罪记录”，决定批准其保释申请。孟晚舟当天在法庭上否认了美国的指控。（新华社） L新浪财经的秒拍视频 收起全文d\n", "author": "新浪财经", "time": "新浪财经2018年12月13日08:29 来自秒拍网页版", "transmit": " 转发 2122", "comment": "评论 774", "zan": " 7960"}, {"text": "\n                    【孟晚舟给家门口的记者们点披萨】据加拿大通讯社13日消息，华为CFO孟晚舟日前在温哥华的家中叫了六份披萨外卖，其中四份是给蹲守在自家门口的记者们点的。据悉，媒体随后将披萨传递给了沿街一处建筑工地的工人们。据庭审直播记录中显示的保释条件，孟晚舟在保释期间必须待在不列颠哥伦比亚省；晚上11 ​  展开全文c \n                    【孟晚舟给家门口的记者们点披萨】据加拿大通讯社13日消息，华为CFO孟晚舟日前在温哥华的家中叫了六份披萨外卖，其中四份是给蹲守在自家门口的记者们点的。据悉，媒体随后将披萨传递给了沿街一处建筑工地的工人们。据庭审直播记录中显示的保释条件，孟晚舟在保释期间必须待在不列颠哥伦比亚省；晚上11点到早上6点必须待在家里，随时能被联系到；由狮门安保公司进行24小时不间断监控。（环球时报） 收起全文d\n", "author": "Vista看天下", "time": "Vista看天下2018年12月13日19:55 来自iPhone客户端", "transmit": " 转发 74", "comment": "评论 147", "zan": " 458"}, {"text": "\n                    【#孟晚舟给家门口的记者们点披萨#】据加拿大通讯社13日消息，华为CFO孟晚舟日前在温哥华的家中叫了六份披萨外卖，其中四份是给蹲守在自家门口的记者们点的。据悉，媒体随后将披萨传递给了沿街一处建筑工地的工人们。据庭审直播记录中显示的保释条件，孟晚舟在保释期间必须待在不列颠哥伦比亚省；晚上1 ​  展开全文c \n                    【#孟晚舟给家门口的记者们点披萨#】据加拿大通讯社13日消息，华为CFO孟晚舟日前在温哥华的家中叫了六份披萨外卖，其中四份是给蹲守在自家门口的记者们点的。据悉，媒体随后将披萨传递给了沿街一处建筑工地的工人们。据庭审直播记录中显示的保释条件，孟晚舟在保释期间必须待在不列颠哥伦比亚省；晚上11点到早上6点必须待在家里，随时能被联系到；由狮门安保公司进行24小时不间断监控。（环球时报） 收起全文d\n", "author": "中国日报", "time": "中国日报2018年12月13日22:04 来自微博weibo.com", "transmit": " 转发 34", "comment": "评论 70", "zan": " 242"}, {"text": "\n                    【孟晚舟获保释后视频曝光】加拿大不列颠哥伦比亚省高等法院当地时间11日下午作出裁决，批准华为公司首席财务官孟晚舟的保释申请。法院方面表示，孟晚舟是“一个受过良好教育的女商人”，并且“没有任何犯罪记录”，决定批准其保释申请。孟晚舟当天在法庭上否认了美国的指控。（新华社）  ​  展开全文c \n                    【孟晚舟获保释后视频曝光】加拿大不列颠哥伦比亚省高等法院当地时间11日下午作出裁决，批准华为公司首席财务官孟晚舟的保释申请。法院方面表示，孟晚舟是“一个受过良好教育的女商人”，并且“没有任何犯罪记录”，决定批准其保释申请。孟晚舟当天在法庭上否认了美国的指控。（新华社） L新浪财经的秒拍视频 收起全文d\n", "author": "Vista看天下", "time": "Vista看天下2018年12月13日08:45 来自iPhone客户端", "transmit": " 转发 44", "comment": "评论 202", "zan": " 398"}, {"text": "\n                    【孟晚舟获保释后视频曝光 寒风中尽显坚强】加拿大不列颠哥伦比亚省高等法院当地时间11日下午作出裁决，批准华为公司首席财务官孟晚舟的保释申请。法院方面表示，孟晚舟是“一个受过良好教育的女商人”，并且“没有任何犯罪记录”，决定批准其保释申请。孟晚舟当天在法庭上否认了美国的指控。 ​  展开全文c \n                    【孟晚舟获保释后视频曝光 寒风中尽显坚强】加拿大不列颠哥伦比亚省高等法院当地时间11日下午作出裁决，批准华为公司首席财务官孟晚舟的保释申请。法院方面表示，孟晚舟是“一个受过良好教育的女商人”，并且“没有任何犯罪记录”，决定批准其保释申请。孟晚舟当天在法庭上否认了美国的指控。L新浪财经的秒拍视频（新华社） 收起全文d\n", "author": "新浪新闻客户端", "time": "新浪新闻客户端2018年12月13日09:32 来自专业版微博平台", "transmit": " 转发 22", "comment": "评论 80", "zan": " 230"}, {"text": "\n                    【加拿大民众致电中国驻加使馆：为加政府错误行为向中国致歉】12月12日，一位加拿大市民专程来到中国驻加使馆，送来一段他亲手砍伐的云杉木。他说，我是一名伐木工人，对加方日前在温哥华无理拘押中国公民孟晚舟女士感到愤慨。这段云杉木外形酷似象征加拿大的“北极熊”，希望以此表达我对中国人民的友 ​  展开全文c \n                    【加拿大民众致电中国驻加使馆：为加政府错误行为向中国致歉】12月12日，一位加拿大市民专程来到中国驻加使馆，送来一段他亲手砍伐的云杉木。他说，我是一名伐木工人，对加方日前在温哥华无理拘押中国公民孟晚舟女士感到愤慨。这段云杉木外形酷似象征加拿大的“北极熊”，希望以此表达我对中国人民的友好感情。作为一个加拿大人，我为加政府的错误行为向中国人民致歉。连日来，许多富有正义感的加拿大普通民众不断给中国驻加使馆打来电话、发来邮件或在网上发帖，呼吁加政府立即释放孟晚舟女士。#华为CFO孟晚舟被捕#O网页链接（@央视新闻 ） 收起全文d\n", "author": "中国之声", "time": "中国之声2018年12月13日15:32 来自Android", "transmit": " 转发 20", "comment": "评论 28", "zan": " 106"}, {"text": "\n#孟晚舟给家门口记者们点披萨#等着吧，加拿大政府这几天估计会找中国谈了。两个违反中国法律的加拿大人，成了愚蠢加拿大政府的倒霉蛋。中国公知普遍不喜欢华为和孟晚舟。区分什么人是中国公知，很简单。对美国退出伊核协议，找借口抓孟晚舟一事兴高采烈，对中国抓捕两名加拿大违法者愤愤不平的就是中国 ​  展开全文c \n#孟晚舟给家门口记者们点披萨#等着吧，加拿大政府这几天估计会找中国谈了。两个违反中国法律的加拿大人，成了愚蠢加拿大政府的倒霉蛋。中国公知普遍不喜欢华为和孟晚舟。区分什么人是中国公知，很简单。对美国退出伊核协议，找借口抓孟晚舟一事兴高采烈，对中国抓捕两名加拿大违法者愤愤不平的就是中国公知。 收起全文d\n", "author": "张冶0003", "time": "张冶00032018年12月13日20:06 来自vivo全新水滴屏手机", "transmit": " 转发 82", "comment": "评论 333", "zan": " 985"}, {"text": "\n                    【孟晚舟给家门口的记者们点了4份披萨…】据加拿大通讯社13日消息，华为CFO孟晚舟日前在温哥华的家中叫了六份披萨外卖，其中四份是给蹲守在自家门口的记者们点的。据悉，媒体朋友们随后将披萨传递给了沿街一处建筑工地的工人们。据庭审直播记录中显示的保释条件，孟晚舟在保释期间必须待在不列 ​  展开全文c \n                    【孟晚舟给家门口的记者们点了4份披萨…】据加拿大通讯社13日消息，华为CFO孟晚舟日前在温哥华的家中叫了六份披萨外卖，其中四份是给蹲守在自家门口的记者们点的。据悉，媒体朋友们随后将披萨传递给了沿街一处建筑工地的工人们。据庭审直播记录中显示的保释条件，孟晚舟在保释期间必须待在不列颠哥伦比亚省；晚上11点到早上6点必须待在家里，随时能被联系到；由狮门安保公司进行24小时不间断监控。（环球时报） 收起全文d\n", "author": "人民日报海外版-海外网", "time": "人民日报海外版-海外网2018年12月13日19:20 来自微博weibo.com", "transmit": " 转发 24", "comment": "评论 33", "zan": " 98"}, {"text": "\n                    《华为孟晚舟事件：只许明星卖惨，不许英雄有钱，是社会最大的悲哀》  O华为孟晚舟事件：只许明星卖惨，不许英雄有钱，是社会最大的悲哀 ​                ", "author": "所见非甜", "time": "所见非甜2018年12月13日12:29 来自微博weibo.com", "transmit": " 转发 268", "comment": "评论 76", "zan": " 530"}, {"text": "\nO今天加拿大人怒了：被美国坑了，不如干脆放人！今天加拿大人怒了：被美国坑了，不如干脆放人！原创： 耿直哥  环球时报  今天今天，华为高管孟晚舟被加拿大当局应美国政府扣留一事又发生了戏剧化的进展。 先是加拿大方面批准了孟晚舟的保释申请，并表示这是司法独立的体现；之后美国总统特朗普却在接受媒体采访时毫不遮掩 ​  展开全文c \nO今天加拿大人怒了：被美国坑了，不如干脆放人！今天加拿大人怒了：被美国坑了，不如干脆放人！原创： 耿直哥  环球时报  今天今天，华为高管孟晚舟被加拿大当局应美国政府扣留一事又发生了戏剧化的进展。 先是加拿大方面批准了孟晚舟的保释申请，并表示这是司法独立的体现；之后美国总统特朗普却在接受媒体采访时毫不遮掩地表示，如果能对美国的贸易谈判及其国家安全有利，他就会考虑介入并干涉孟晚舟案。 结果，他的这番话立刻令不少加拿大网民炸锅了……这不，在英国路透社的一名记者关于特朗普打算拿孟晚舟当贸易谈判筹码的网贴下面，有不少加拿大网民就在气愤地表示加拿大被“坑惨”了。比如加拿大网民Lynnda King就吐槽说：我们加拿大真诚地回应了他们的请求，甚至为此搭上了自己人，可他现在却要丢下加拿大，让我们独自面对这场风雨？？？另一位名叫PMOttawa的加拿大网民也持这个观点：加拿大帮美国抓了人，还因此遭到了报复，然后这个特朗普居然说这事可以交易了，然后把加拿大给搁里头了……这以后谁还会支持他啊？加拿大网民CDN LUNA更是表示，要是美国这么耍弄加拿大的话，加拿大不如干脆放人得了。 她说：为了迫使中国在谈判中让步，美国指使他们的司法部门用虚假的指控骗加拿大抓了人。而加拿大不仅被利用，而因此严重损害了与中国的关系。所以我们应该立刻释放孟晚舟并对她说对不起。一个名叫Terry Milewski的加拿大媒体人也气愤地表示：看来法治是可以交易的，而孟晚舟也仅仅只是一个人质。真是如了中国的愿。加拿大网民Sunnydays的吐槽更彻底：在美国的暗中破坏下，加拿大政坛根本不可能有法治和民主。加拿大网民Ron J Hole则指出特朗普这番话几乎是在给孟晚舟的律师送炮弹：这下孟晚舟的律师可以以美国要用她当政治人质为由让美国无法引渡她了。而除了推特，另一个境外主流社交网站Facebook上加拿大网民对于特朗普的这番表态也是“群情激愤”。比如在加拿大新闻媒体GlobalNews的相关报道下，众多加拿大网民也纷纷留言怒斥特朗普耍了加拿大。 加拿大网民Connie Farr就表示：加拿大被特朗普忽悠着干了一件很肮脏的事情。有趣的是，与推特上加拿大网民的观点相似，Facebook上也有加拿大网民认为加拿大是被美国耍了，所以与其继续被坑，不如直接释放孟晚舟。 加拿大网民Cathy Church就说：看起来我们是被美国司法部给骗了，我们抓了人，准备引渡她，可这一切居然只是为了让特朗普可以在与中国谈判时多个筹码？然后我们还成了坏人，而他反而要扮演好人的角色…..所以，我们或许应该释放孟晚舟，立刻！其他评论里的加拿大网民都是类似的观点，认为加拿大被美国更惨了，以为逮捕了一个犯罪嫌疑人，结果却是给美国人当枪使，给美国抓了个谈判筹码…..最后，在加拿大主流媒体的官方网站，加拿大网民对于自己国家被“坑”的事情同样情绪激动，甚至于加拿大广播电视公司CBC关于特朗普要用孟晚舟当谈判筹码的新闻报道在发出后没多久，就汇集了上千条评论！这些评论也与前面耿直哥介绍的情况差不多，大都数人都认为加拿大被美国耍了，以后再也不相信美国了，甚至有加拿大网民还呼吁抵制美货……而在加拿大另一家主流媒体《环球邮报》的网站上，同样有加拿大网民在呼吁加拿大政府释放孟晚舟。 下面名叫Black Swan加拿大网民就说：特鲁多总理，恕我直言，请您立刻让孟晚舟登上飞机让她回中国吧。同时您还应该撤销对她的一切指控，并让她今后再来加拿大享有外交豁免权。因为既然特朗普的出发点是抓她当人质，那么我们就应该主动采取措施，修复我们与中国的关系。否则，我们只是在像奴才一样在替美国看管他们的谈判人质。看着上面这些评论，耿直哥只想知道前两天还在中国面前显摆“司法独立”的加拿大相关人士，此刻作何感想？ 收起全文d\n", "author": "中科大胡不归", "time": "中科大胡不归2018年12月13日08:43 来自微博weibo.com", "transmit": " 转发 315", "comment": "评论 161", "zan": " 272"}, {"text": "\n                    还有这事儿？如果真有这事，那他一定是违反了中国的有关法律，毕竟，我们是个法制国家嘛……而且我相信，此事一定与华为孟晚舟的事件无关，反正我是信了……O加拿大外长：中国可能已拘捕第二名加拿大公民 ​                ", "author": "书房点兵", "time": "书房点兵2018年12月13日11:40 来自HUAWEIMate20", "transmit": " 转发 33", "comment": "评论 98", "zan": " 304"}, {"text": "\n                    《华为孟晚舟事件：只许明星卖惨，不许英雄有钱，是社会最大的悲哀》  O华为孟晚舟事件：只许明星卖惨，不许英雄有钱，是社会最大的悲哀 ​                ", "author": "格子少女yo", "time": "格子少女yo2018年12月13日12:45 来自微博weibo.com", "transmit": " 转发 193", "comment": "评论 46", "zan": " 302"}, {"text": "\n#孟晚舟给家门口记者们点披萨# 【大批媒体守家门口抢拍　#孟晚舟# 返家点了「4盒披萨」犒赏记者】华为财务长孟晚舟1日在加拿大转机时遭拘押，经历3场保释听证会，在当地时间11日以1000万加币交保。孟晚舟交保获释后，在温哥华的寓所也跟着曝光。根据当地媒体报导，她回到家中的第一天就叫了6盒披萨庆祝 ​  展开全文c \n#孟晚舟给家门口记者们点披萨# 【大批媒体守家门口抢拍　#孟晚舟# 返家点了「4盒披萨」犒赏记者】华为财务长孟晚舟1日在加拿大转机时遭拘押，经历3场保释听证会，在当地时间11日以1000万加币交保。孟晚舟交保获释后，在温哥华的寓所也跟着曝光。根据当地媒体报导，她回到家中的第一天就叫了6盒披萨庆祝，其中4盒，还特地留给辛苦守候的媒体记者。 #ETtoday新闻云# 报导：O网页链接 (rosie) 收起全文d\n", "author": "ETtoday新聞雲", "time": "ETtoday新聞雲2018年12月13日23:01 来自微博weibo.com", "transmit": " 转发 36", "comment": "评论 98", "zan": " 111"}, {"text": "\n                    「加外长谈孟晚舟案：加拿大是“法治国家”」星期三(12月12日)，加拿大外长克里斯蒂娅·弗里兰在渥太华举行记者会，重申加拿大应美国请求逮捕华为高管孟晚舟的行动并无政治介入。    她为美加引渡条约进行了辩护。针对美国总统川普有关可能亲自干预孟案的评论，她回应说，“加拿大是信守法治的国家，在 ​  展开全文c \n                    「加外长谈孟晚舟案：加拿大是“法治国家”」星期三(12月12日)，加拿大外长克里斯蒂娅·弗里兰在渥太华举行记者会，重申加拿大应美国请求逮捕华为高管孟晚舟的行动并无政治介入。    她为美加引渡条约进行了辩护。针对美国总统川普有关可能亲自干预孟案的评论，她回应说，“加拿大是信守法治的国家，在全球一些地方法治受威胁之际，做一个法治国家更为重要”。. 收起全文d\n", "author": "Kevin在纽约", "time": "Kevin在纽约2018年12月13日09:48 来自微博weibo.com", "transmit": " 转发 127", "comment": "评论 685", "zan": " 653"}, {"text": "\n#华为CFO孟晚舟被捕# 后，加拿大外长：中国可能已经#拘捕第二名加拿大公民#，这是祖国对西方霸权，双重标准的强有力回击L苑不为的秒拍视频 ​                ", "author": "苑不为", "time": "苑不为2018年12月13日11:19 来自产品汪的iPhone8Plus", "transmit": " 转发 62", "comment": "评论 23", "zan": " 132"}, {"text": "\n#前加拿大外交官被拘# 【转起🇨🇳我们背后有一个强大的祖国！】据外媒：前加拿大外交官康明凯在中国被拘。 我相信这和孟晚舟被捕一码是一码，只是时间点巧合而已。相信我们不会冤枉一个好人，但是也不会轻易放过一个坏人！祖国有实力，也有这个能力，#华为CFO孟晚舟被捕#  ​  展开全文c \n#前加拿大外交官被拘# 【转起🇨🇳我们背后有一个强大的祖国！】据外媒：前加拿大外交官康明凯在中国被拘。 我相信这和孟晚舟被捕一码是一码，只是时间点巧合而已。相信我们不会冤枉一个好人，但是也不会轻易放过一个坏人！祖国有实力，也有这个能力，#华为CFO孟晚舟被捕# #孟晚舟获得保释#  我们等你回来，我们背后有一个强大的祖国！🇨🇳🇨🇳🇨🇳🇨🇳 L大和公会的微博视频 收起全文d\n", "author": "大和公会", "time": "大和公会2018年12月13日07:48 来自iPhone客户端", "transmit": " 转发 24", "comment": "评论 ", "zan": " 96"}, {"text": "\n#孟晚舟给家门口记者们点披萨#据加拿大通讯社13日消息，“华为CFO孟晚舟日前在温哥华的家中叫了六份披萨外卖，其中四份是给蹲守在自家门口的记者们点的。报道称，周三中午，孟晚舟女士在家点了6份披萨外卖，并请快递员把其中的4份送至屋外等候的记者和摄影师手中。”孟晚舟女士这么善良，为什么要这么 ​  展开全文c \n#孟晚舟给家门口记者们点披萨#据加拿大通讯社13日消息，“华为CFO孟晚舟日前在温哥华的家中叫了六份披萨外卖，其中四份是给蹲守在自家门口的记者们点的。报道称，周三中午，孟晚舟女士在家点了6份披萨外卖，并请快递员把其中的4份送至屋外等候的记者和摄影师手中。”孟晚舟女士这么善良，为什么要这么对她 收起全文d\n", "author": "无懈可击小挠宝", "time": "无懈可击小挠宝2018年12月13日20:58 来自前后2000万OPPOR11s", "transmit": " 转发 10", "comment": "评论 78", "zan": " 96"}, {"text": "\n#国学新青年# 这是武则天赐给日本天皇的螺钿紫檀五弦琵琶啊，你看它背面中心那个标志不就是华为么？#孟晚舟一边擦泪一边微笑# ​                ", "author": "小万姑娘", "time": "小万姑娘2018年12月13日17:43 来自iPhoneX", "transmit": " 转发 51", "comment": "评论 44", "zan": " 261"}, {"text": "\n                    老虎不发威，总有人当你是病猫。#华为cfo孟晚舟被捕# #孟晚舟获得保释# 可能大家都知道了，和小编昨天预料的一样，今天，加拿大没有敢冒天下之大不韪继续羁押，孟晚舟被保释出狱。但这仅仅是双方博弈的第一步，更残酷的肉搏战马上就要拉开了！ O突然出手，孟晚舟获释后，更大的暴风雨马上就来！ ​                ", "author": "走马微天下", "time": "走马微天下2018年12月13日10:19 来自微博weibo.com", "transmit": " 转发 31", "comment": "评论 44", "zan": " 247"}, {"text": "\n                    通过加拿大被美国当枪使拘捕华为高官孟晚舟女士的严重事件，给老夫上了生动的一课，原来它们标榜的司法独立就是这么一回事。还是陈毅元帅说的好：人不犯我，我不犯人；人若犯我，我必犯人。善有善报，恶有恶报，不是不报，时候不到。时侯一到，一切全报。 ​                ", "author": "郑洪升", "time": "郑洪升2018年12月13日12:24 来自华为MateRS保时捷设计", "transmit": " 转发 9", "comment": "评论 14", "zan": " 118"}, {"text": "\n                    【中国驻温哥华总领事探访 孟晚舟亲迎送】华为副董事长孟晚舟昨日获加拿大法院批准保释。温哥华时间12月12日早上，中国驻温哥华总领事佟晓玲一行3人到访孟晚舟位于温哥华登巴区（Dunbar）西28街的寓所，探访保释外出的孟晚舟。上午10时许，中国驻温哥华总领事佟晓玲乘坐领事馆专车，与两名同行男子，带 ​  展开全文c \n                    【中国驻温哥华总领事探访 孟晚舟亲迎送】华为副董事长孟晚舟昨日获加拿大法院批准保释。温哥华时间12月12日早上，中国驻温哥华总领事佟晓玲一行3人到访孟晚舟位于温哥华登巴区（Dunbar）西28街的寓所，探访保释外出的孟晚舟。上午10时许，中国驻温哥华总领事佟晓玲乘坐领事馆专车，与两名同行男子，带同一束鲜花探望孟晚舟，孟晚舟亲自开门迎接，约一个半小时后，神态轻松的孟晚舟夫妇亲自送佟晓玲出门，在保安公司职员护送下，佟晓玲与另外两名男子乘坐领事馆专车离开。现场所见，孟晚舟自昨日保释回到寓所后，至今日中午都未曾外出。O中國駐溫哥華總領事探訪 孟晚舟親迎送 收起全文d\n", "author": "大公報-大公網", "time": "大公報-大公網2018年12月13日14:55 来自专业版微博", "transmit": " 转发 19", "comment": "评论 39", "zan": " 132"}, {"text": "\n#孟晚舟给家门口记者们点披萨# 1. 展示中国人的非凡气度，给中国人国际形象加分。 2.获得记者和大众的同情心。3.无形中为华为品牌增加了美誉度。  孟晚舟事件我一直认为危中有机，处理好了可是省了无数的公关费和广告费呀。希望孟晚舟保持好的心态，中国必胜！ ​                ", "author": "AC饶谨", "time": "AC饶谨2018年12月13日23:16 来自HUAWEIP20", "transmit": " 转发 26", "comment": "评论 19", "zan": " 655"}, {"text": "\n                    【受孟晚舟事件影响 华为暂停所有日本供应商工业器材】安川电机总裁小笠原弘星期三（12日）接受彭博社采访时说，该公司为华为智能手机和电信器材工厂提供的工业机器人订单，在孟晚舟被逮捕后全部被搁置。O受孟晚舟事件影响 华为暂停所有日本供应商工业器材 ​                ", "author": "早报网", "time": "早报网2018年12月13日14:30 来自微博weibo.com", "transmit": " 转发 104", "comment": "评论 259", "zan": " 117"}, {"text": "\n@胡锡进 胡总：昨晚和在加拿大做通讯设备的同学聊天，（我就不讲他是哪家公司的了，敏感）。他感到非常的痛心。因为加拿大是目前顶着美国压力、唯一没有禁止华为的，仅在内部讨论，之前新西兰、澳大利亚、包括日本你知道的，都宣布禁了。加拿大本来是一个很好的缺口，但是出了这件事，闹成这样，加拿大 ​  展开全文c \n@胡锡进 胡总：昨晚和在加拿大做通讯设备的同学聊天，（我就不讲他是哪家公司的了，敏感）。他感到非常的痛心。因为加拿大是目前顶着美国压力、唯一没有禁止华为的，仅在内部讨论，之前新西兰、澳大利亚、包括日本你知道的，都宣布禁了。加拿大本来是一个很好的缺口，但是出了这件事，闹成这样，加拿大还有什么理由去挺华为？加拿大是不论官方还是民间唯一对中国真正友好的国家；哎，（他长叹一声），在英联邦国家，讲英语的国家最后一个堡垒就这样可能没了，之前所有的工作都将白费。所以@戴自更  批评你得对，咱不能再添乱，忽悠有司不理性，抓这个报复那个了，今天好像又拘了第二个。干企业的非常不容易，拓展一个国家的市场也是非常地不容易，多少个家庭暂时或长久地，妻离子散地拼的呀，特别是对于这么关键的国家、关键的时刻。求你了！你一安静，西方天晴！#拘捕第二名加拿大公民# #加拿大外长# #孟晚舟获保释后视频# 收起全文d\n", "author": "蔡照明l二手房砍价师", "time": "蔡照明l二手房砍价师2018年12月13日10:48 来自微博weibo.com", "transmit": " 转发 27", "comment": "评论 380", "zan": " 111"}, {"text": "\n                    【中国驻温哥华总领事探访 孟晚舟亲自迎送】华为副董事长孟晚舟昨日获加拿大法院批准保释。温哥华时间12月12日早上，中国驻温哥华总领事佟晓玲一行3人到访孟晚舟位于温哥华登巴区(Dunbar)西28街的寓所，探访保释外出的孟晚舟。O网页链接 ​                ", "author": "香港文匯網", "time": "香港文匯網2018年12月13日13:58 来自微博weibo.com", "transmit": " 转发 13", "comment": "评论 48", "zan": " 79"}, {"text": "\n#华为cfo孟晚舟被捕##孟晚舟获得保释# 请不要忘记，中国今天的成就之一，有一个很重要原因是中国人的聪明智慧。中国用你WTO的所有的规则，来创造他今天的成就，可是更不要忘记，所有的G8的国家站在那里，所有的那些所谓的世界先进的国家，他们的成就，他们的成功，有哪一个国家没有殖民，没有掠夺，今 ​  展开全文c \n#华为cfo孟晚舟被捕##孟晚舟获得保释# 请不要忘记，中国今天的成就之一，有一个很重要原因是中国人的聪明智慧。中国用你WTO的所有的规则，来创造他今天的成就，可是更不要忘记，所有的G8的国家站在那里，所有的那些所谓的世界先进的国家，他们的成就，他们的成功，有哪一个国家没有殖民，没有掠夺，今天就有一个国家，他今天的强大，全靠他的努力，没有殖民，没有掠夺，靠的是农民工的妻离子散，靠的是整个环境的输出，他是付出多大的代价，才从外贸一毛一毛，一点一点所积累出来的国力才有今天，请问中国的强大是按你的规则去强大的，今天中国何错之有，所以我觉得西方可能必须要重新再认识中国，再认识这一个3000年4000年历史文化的中国！ 收起全文d\n", "author": "尛美autism", "time": "尛美autism2018年12月13日14:45 来自iPhone8Plus", "transmit": " 转发 8", "comment": "评论 ", "zan": " 52"}, {"text": "\n                    【孟晚舟获保释后视频曝光 寒风中尽显坚强】加拿大不列颠哥伦比亚省高等法院当地时间11日下午作出裁决，批准华为公司首席财务官孟晚舟的保释申请。法院方面表示，孟晚舟是“一个受过良好教育的女商人”，并且“没有任何犯罪记录”，决定批准其保释申请。孟晚舟当天在法庭上否认了美国的指控。（新华社 ​  展开全文c \n                    【孟晚舟获保释后视频曝光 寒风中尽显坚强】加拿大不列颠哥伦比亚省高等法院当地时间11日下午作出裁决，批准华为公司首席财务官孟晚舟的保释申请。法院方面表示，孟晚舟是“一个受过良好教育的女商人”，并且“没有任何犯罪记录”，决定批准其保释申请。孟晚舟当天在法庭上否认了美国的指控。（新华社）L新浪财经的秒拍视频 收起全文d\n", "author": "中国经营报", "time": "中国经营报2018年12月13日09:40 来自微博weibo.com", "transmit": " 转发 9", "comment": "评论 8", "zan": " 76"}, {"text": "\n                    《中国连续抓捕两名在华犯罪加拿大人之后，加拿大人开始慌了！》在#华为cfo孟晚舟被捕# 之后，中国曾多次让加拿大放人，甚至警告过不放将有严重后果。今天，中国说到做到，依法逮捕两个危害中国国家安全的加拿大人，这波操作就问你服不服？大清早亡了，现在是新中国。 #加拿大民众向中国致歉# ​  展开全文c \n                    《中国连续抓捕两名在华犯罪加拿大人之后，加拿大人开始慌了！》在#华为cfo孟晚舟被捕# 之后，中国曾多次让加拿大放人，甚至警告过不放将有严重后果。今天，中国说到做到，依法逮捕两个危害中国国家安全的加拿大人，这波操作就问你服不服？大清早亡了，现在是新中国。 #加拿大民众向中国致歉##加拿大外长# O中国连续抓捕两名在华犯罪加拿大人之后，加拿大人开始慌了！ 收起全文d\n", "author": "贵州小侃哥", "time": "贵州小侃哥2018年12月13日17:07 来自微博weibo.com", "transmit": " 转发 29", "comment": "评论 39", "zan": " 157"}]