[{"text": "\n                    【王江雨：孟晚舟引渡案法律与政治】华为作为一个企业，必须“在商言商在法言法”，走法律应对的路子，聘请律师将法律程序走到底，一切根据美国和加拿大的法律据理力争。但就中国政府而言，并没有义务遵守美国和加拿大的法律以及美加引渡条约，中国以外交和政治的手段去应对是合适的。 ​  展开全文c \n                    【王江雨：孟晚舟引渡案法律与政治】华为作为一个企业，必须“在商言商在法言法”，走法律应对的路子，聘请律师将法律程序走到底，一切根据美国和加拿大的法律据理力争。但就中国政府而言，并没有义务遵守美国和加拿大的法律以及美加引渡条约，中国以外交和政治的手段去应对是合适的。O王江雨：孟晚舟引渡案法律与政治 收起全文d\n", "author": "早报网", "time": "早报网2019年01月01日09:55 来自微博weibo.com", "transmit": " 转发 103", "comment": "评论 243", "zan": " 143"}, {"text": "\n                    【美国学者帮华为说话，竟被逼到删号】12月初，“华为CFO孟晚舟被扣”事件发生后，美国哥伦比亚大学教授、“休克疗法”之父杰弗瑞·萨克斯（Jeffrey Sachs），在知名专栏《世界报业辛迪加》刊文，批评美政府的做法是在“玩弄国际法”，并指出若要因制裁而抓人，那么请先从美国违规企业开始。他直言，美 ​  展开全文c \n                    【美国学者帮华为说话，竟被逼到删号】12月初，“华为CFO孟晚舟被扣”事件发生后，美国哥伦比亚大学教授、“休克疗法”之父杰弗瑞·萨克斯（Jeffrey Sachs），在知名专栏《世界报业辛迪加》刊文，批评美政府的做法是在“玩弄国际法”，并指出若要因制裁而抓人，那么请先从美国违规企业开始。他直言，美国很少因某家公司（不论是美国还是外国）犯下的罪行而单独逮捕某位高管。而这次，美政府不理会本国几十位涉嫌犯罪的首席执行官与首席财务官，而是先拿一位世界知名中企的高管开刀，这是对中国政府、企业界与公众赤裸裸的挑衅。萨克斯还表示，若美国要调查某家公司总裁或是首席财务官，那么请先从本国违规的企业开始。这篇为华为发声的文章在美国引起了一场“围攻”，还有人指责萨克斯是收费发文。据观察者网查询，目前萨克斯本人已经删除推特账号，且没有解释原因。O美国学者帮华为说话，竟被逼到删号 收起全文d\n", "author": "观察者网TMT", "time": "观察者网TMT2019年01月01日10:55 来自360安全浏览器", "transmit": " 转发 8", "comment": "评论 6", "zan": " 12"}]