[{"text": "\n                    【特鲁多重申加拿大司法独立，记者问：那你给特朗普说了吗？】加拿大总理贾斯廷·特鲁多16日在接受加媒采访时提到了华为高管孟晚舟被拘事件。针对美国总统特朗普表态说他可能会介入此案，特鲁多称，“加拿大重视法治，我们将实行并保护司法独立。”记者追问，“那么你给特朗普打电话说过这话吗？”特鲁 ​  展开全文c \n                    【特鲁多重申加拿大司法独立，记者问：那你给特朗普说了吗？】加拿大总理贾斯廷·特鲁多16日在接受加媒采访时提到了华为高管孟晚舟被拘事件。针对美国总统特朗普表态说他可能会介入此案，特鲁多称，“加拿大重视法治，我们将实行并保护司法独立。”记者追问，“那么你给特朗普打电话说过这话吗？”特鲁多回答“没有”。在谈到新版“北美自贸协议”的“毒丸条款”是否侵害加拿大主权时，特鲁多表示，如果美国不满意，无需理由就可能随时退出协议，特朗普已经威胁过多次。（《环球时报》三缺二视频组）@这视频 L这视频的秒拍视频 收起全文d\n", "author": "环球时报", "time": "环球时报2018年12月18日16:31 来自微博weibo.com", "transmit": " 转发 503", "comment": "评论 698", "zan": " 888"}, {"text": "\n孟晚舟被保释才4天，华为反击震撼世界！ ​                ", "author": "电商行业", "time": "电商行业2018年12月18日16:00 来自微博weibo.com", "transmit": " 转发 2838", "comment": "评论 2198", "zan": " 14884"}, {"text": "\n华为首席财务官孟晚舟演讲：未来将会选择什么样的年轻人，值得一看。L黄刚的秒拍视频 ​​​                ", "author": "娱乐圈招聘", "time": "娱乐圈招聘2018年12月18日08:18 来自iPhoneXSMax", "transmit": " 转发 71", "comment": "评论 6", "zan": " 90"}, {"text": "\n                    【港团体递信加领馆要求释放孟晚舟】香港民间团体“新年代”今日（18日）上午游行至中环加拿大驻香港领事馆并递交公开信，抗议加拿大扣押华为副董事长孟晚舟，要求加拿大“立即无条件释放孟晚舟”。团体副召集人黄励贤认为，华为拥有世界领先的5G技术，而美国欲借贸易战打压中国科技，因而借机扣押孟晚 ​  展开全文c \n                    【港团体递信加领馆要求释放孟晚舟】香港民间团体“新年代”今日（18日）上午游行至中环加拿大驻香港领事馆并递交公开信，抗议加拿大扣押华为副董事长孟晚舟，要求加拿大“立即无条件释放孟晚舟”。团体副召集人黄励贤认为，华为拥有世界领先的5G技术，而美国欲借贸易战打压中国科技，因而借机扣押孟晚舟，此举是号称人权大国的美国“赤裸裸干预中国人权”的行为。O港團體遞信加領館 要求釋放孟晚舟 L大公報-大公網的秒拍视频 收起全文d\n", "author": "大公報-大公網", "time": "大公報-大公網2018年12月18日17:10 来自搜狗高速浏览器", "transmit": " 转发 18", "comment": "评论 13", "zan": " 180"}, {"text": "\n                    【港团体递信加领馆 要求释放孟晚舟】香港民间团体“新年代”今日（18日）上午游行至中环加拿大驻香港领事馆并递交公开信，抗议加拿大扣押华为副董事长孟晚舟，要求加拿大“立即无条件释放孟晚舟”。O港團體遞信加領館 要求釋放孟晚舟 L香港文匯網的秒拍视频 ​                ", "author": "香港文匯網", "time": "香港文匯網2018年12月18日17:45 来自微博weibo.com", "transmit": " 转发 24", "comment": "评论 27", "zan": " 153"}, {"text": "\n                    发布了头条文章：《孟晚舟被保释第6天，华为用1000亿美元震撼反击世界！》  O孟晚舟被保释第6天，华为用1000亿美元震撼反击世界！ ​                ", "author": "小冉同学视频", "time": "小冉同学视频2018年12月18日22:12 来自微博weibo.com", "transmit": " 转发 30", "comment": "评论 47", "zan": " 156"}, {"text": "\n孟晚舟被加拿大绑架，网络上虽有极少攻击华为的声音，主流是对华为支持的，这其中也有极度吹捧和神化华为，神化任正非的声音。我是华为的坚定支持者，但不支持神化华为的声音，华为是中国企业优秀的代表，但它就是一个企业，所有的成绩一点点积累起来，也有过不成功的产品、项目，甚至战略上也有问题 ​  展开全文c \n孟晚舟被加拿大绑架，网络上虽有极少攻击华为的声音，主流是对华为支持的，这其中也有极度吹捧和神化华为，神化任正非的声音。我是华为的坚定支持者，但不支持神化华为的声音，华为是中国企业优秀的代表，但它就是一个企业，所有的成绩一点点积累起来，也有过不成功的产品、项目，甚至战略上也有问题，不是华为的一切都是对的，一切都无问题，更不能成为一种民族情绪的象征。华为的发展就是要融汇到世界，和世界成为一个组成部分，不是华为包打天下，更不是华为成为一个产业链，这样全世界才能接纳华为。《任正非怒吼了》这样的文章，我看不是支持华为，而是害华为。把华为当成一个普通企业，困难时，默默支持，发现问题直接批评，这才是真正的帮助与支持。 2北京·富力城 收起全文d\n", "author": "飞象网项立刚", "time": "飞象网项立刚2018年12月18日08:39 来自华为Mate10保时捷设计", "transmit": " 转发 62", "comment": "评论 59", "zan": " 253"}, {"text": "\n                    【任正非先生的全家福照片】前排左起：左一任正非，左二苏薇（任总夫人）；后排左起：左一任平（任总之子），左二姚安娜（任总次女），左三孟晚舟（任总长女）。 祝福任总！祝福华为！#A股能否走出独立走势# #微博赚钱季# ​                ", "author": "老股民大张", "time": "老股民大张2018年12月18日20:52 来自iPhone客户端", "transmit": " 转发 1045", "comment": "评论 571", "zan": " 4072"}]