[{"text": "\n                    【加拿大司法部文件曝光 孟晚舟有获释机会】美国总统特朗普对华为公司首席财务官孟晚舟在加拿大被捕并等待美国提出引渡要求的事件公开发表的评论，让加拿大司法部官员和律师不得不花费时间加以研究，以确认这是否构成了政治干预孟晚舟引渡案的问题。O网页链接 ​                ", "author": "加拿大网络电视", "time": "加拿大网络电视2019年03月28日23:48 来自专业版微博", "transmit": " 转发 14", "comment": "评论 12", "zan": " 9"}]