[{"text": "\n华为孟晚舟演讲视频曝光#孟晚舟获得保释##孟晚舟保释后发朋友圈##前加拿大外交官康明凯在中国被拘# L小猫米莎的秒拍视频 ​                ", "author": "小猫米莎", "time": "小猫米莎2018年12月14日20:53 来自小米Max", "transmit": " 转发 692", "comment": "评论 27", "zan": " 276"}, {"text": "\n                    【获准保释第二天 华为CFO孟晚舟出门了】当地时间13日，在获准保释第二天，华为CFO孟晚舟在一名安保人员陪同下出门了。根据保释规定，孟晚舟可以在限定的范围内，包括温哥华、本拿比、列治文、北岸等活动。 ​                ", "author": "凤凰网", "time": "凤凰网2018年12月14日10:26 来自微博weibo.com", "transmit": " 转发 55", "comment": "评论 141", "zan": " 267"}, {"text": "\n                    《华为孟晚舟事件：只许明星卖惨，不许英雄有钱，是社会最大的悲哀》  O华为孟晚舟事件：只许明星卖惨，不许英雄有钱，是社会最大的悲哀 ​                ", "author": "人间皮卡酋", "time": "人间皮卡酋2018年12月14日10:14 来自微博weibo.com", "transmit": " 转发 85", "comment": "评论 20", "zan": " 198"}, {"text": "\n                    【孟晚舟给家门口的记者们点了披萨】据加拿大通讯社13日消息，华为CFO孟晚舟日前在温哥华的家中叫了六份披萨外卖，其中四份是给蹲守在自家门口的记者们点的。据悉，媒体朋友们随后将披萨传递给了沿街一处建筑工地的工人们。（海外网） ​                ", "author": "财经新媒体", "time": "财经新媒体2018年12月14日13:03 来自专业版微博", "transmit": " 转发 124", "comment": "评论 147", "zan": " 72"}, {"text": "\n                    【受孟晚舟事件影响 #加拿大鹅内地开业取消#】受华为创始人女儿孟晚舟被捕影响，奢侈羽绒品牌加拿大鹅不仅股价大跌，且原本定于明日在北京开业的中国内地首家店也暂停开业。时尚商业快讯援引业内消息人士证实了上述消息。截至昨日股市收盘，加拿大鹅股价继续暴跌，市值已经跌破60亿美元via.澎湃新闻  ​  展开全文c \n                    【受孟晚舟事件影响 #加拿大鹅内地开业取消#】受华为创始人女儿孟晚舟被捕影响，奢侈羽绒品牌加拿大鹅不仅股价大跌，且原本定于明日在北京开业的中国内地首家店也暂停开业。时尚商业快讯援引业内消息人士证实了上述消息。截至昨日股市收盘，加拿大鹅股价继续暴跌，市值已经跌破60亿美元via.澎湃新闻 O受孟晚舟事件影响 加拿大鹅取消明天中国内地店开业 收起全文d\n", "author": "凤凰周刊", "time": "凤凰周刊2018年12月14日21:07 来自iPhoneX", "transmit": " 转发 211", "comment": "评论 565", "zan": " 825"}, {"text": "\n                    【受孟晚舟事件影响  #加拿大鹅取消中国内地店开业#】受华为创始人女儿孟晚舟事件影响，有投资者担心中国消费者未来或会对加拿大的品牌产生不满情绪，甚至发起抵制活动，上周四纽约股票交易所上市公司加拿大鹅（GOOS.US）的股价暴跌8.44%，周五收盘则下挫6.64%，本周二进一步下跌1.25%，近4个交易日市 ​  展开全文c \n                    【受孟晚舟事件影响  #加拿大鹅取消中国内地店开业#】受华为创始人女儿孟晚舟事件影响，有投资者担心中国消费者未来或会对加拿大的品牌产生不满情绪，甚至发起抵制活动，上周四纽约股票交易所上市公司加拿大鹅（GOOS.US）的股价暴跌8.44%，周五收盘则下挫6.64%，本周二进一步下跌1.25%，近4个交易日市值共蒸发15亿美元超过100亿人民币。O受孟晚舟事件影响 加拿大鹅取消明天中国内地店开业 收起全文d\n", "author": "新浪财经", "time": "新浪财经2018年12月14日20:37 来自微博weibo.com", "transmit": " 转发 161", "comment": "评论 164", "zan": " 486"}, {"text": "\n华为CFO孟晚舟还扣在加拿大，岀趟门还要有安保跟着，晚上身上带着GPS定位仪。加拿大政府还在扯政治与司法不牵涉的谎话。美国对中国发出将有更严厉全面攻击的叫嚣。然而，中国部分媒体却重新陷入＂厉害了我的国＂的自我尊大自我膨胀中，什么加拿大慌了，什么美国什么人士批评美国政府，⋯自信是一种 ​  展开全文c \n华为CFO孟晚舟还扣在加拿大，岀趟门还要有安保跟着，晚上身上带着GPS定位仪。加拿大政府还在扯政治与司法不牵涉的谎话。美国对中国发出将有更严厉全面攻击的叫嚣。然而，中国部分媒体却重新陷入＂厉害了我的国＂的自我尊大自我膨胀中，什么加拿大慌了，什么美国什么人士批评美国政府，⋯自信是一种自我安慰的好办法，但是，且不可在功远未成的时候，靠吹牛忽悠中国的百姓，忽悠中国人民的爱国心。一定要认识到，离孟晚舟完全释放还有一万里的路要走，往后的困难更大，每一步都会有不可预见的情况！战略上藐视敌人，战术上重视敌人。任何时候都要记住。 收起全文d\n", "author": "听丿春风之影", "time": "听丿春风之影2018年12月14日19:22", "transmit": " 转发 50", "comment": "评论 20", "zan": " 88"}, {"text": "\n                    【华尔街日报中文网：逮捕孟晚舟是遏制华为行动的提速之举】 ​                ", "author": "习五一", "time": "习五一2018年12月14日14:42 来自iPhone8Plus", "transmit": " 转发 77", "comment": "评论 51", "zan": " 167"}, {"text": "\n                    【金一南：孟晚舟保释，但美国的霸权行为太疯狂！】就华为CFO孟晚舟过境加拿大被拘押一事，军事专家金一南分析认为，美国的霸权行为太疯狂！金一南说。“美国人有种优越感，他认为他的国家是高山上的灯塔，世界其它国家都是仰望灯塔的万民，他觉得今天好像他再做灯塔就比较困难了。中国走了一条跟美国 ​  展开全文c \n                    【金一南：孟晚舟保释，但美国的霸权行为太疯狂！】就华为CFO孟晚舟过境加拿大被拘押一事，军事专家金一南分析认为，美国的霸权行为太疯狂！金一南说。“美国人有种优越感，他认为他的国家是高山上的灯塔，世界其它国家都是仰望灯塔的万民，他觉得今天好像他再做灯塔就比较困难了。中国走了一条跟美国完全不同的道路，当大家都预言社会主义要整体崩溃的时候，中国特色社会主义正在取得前所未有的成就。这对美国来说感觉到如芒刺背，太难受了，全世界只有我是灯塔，怎么又出来另外一个了呢？他感觉到顿挫感，我的危机到了，所以我就得打压别人，不管这个打压是合法的、非法的，包括抓捕人质。” O金一南：孟晚舟保释，但美国的霸权行为太疯狂！ 收起全文d\n", "author": "央广军事", "time": "央广军事2018年12月14日11:18 来自微博weibo.com", "transmit": " 转发 35", "comment": "评论 56", "zan": " 177"}, {"text": "\n                    所有的决定和购买权利都属于你自己，买什么用什么也在你，不是说不用华为就不爱国，买了华为就爱国，是想说我们的国家在发展，我们正在努力从一个被看不起的弱国走向被尊重的强国，而在这条艰难的路上，我们需要所有人齐心协力地支持和信任。中国是一个为了任何一个公民，哪怕只有一个，也竭尽全力不惜 ​  展开全文c \n                    所有的决定和购买权利都属于你自己，买什么用什么也在你，不是说不用华为就不爱国，买了华为就爱国，是想说我们的国家在发展，我们正在努力从一个被看不起的弱国走向被尊重的强国，而在这条艰难的路上，我们需要所有人齐心协力地支持和信任。中国是一个为了任何一个公民，哪怕只有一个，也竭尽全力不惜一切代价保障这个公民的生命和权利的国家，现在这个国家需要家人的支持了，尽管我们没办法所有人都做得到，可我们是不是可以支持一下？就只是不要言语攻击自己的国家就那么难吗？我们包容一下我们的国家，信任一下我们的国家好不好？她已经那么努力了，她都那么努力在变强大了我们等等她好吗？她为了不让别人提起我们的时候瞧不起我们，付出了那么多，可到了需要我们的时候，说一句不管我的国家如何我都支持她就那么难吗？评论看太多影响智商还影响睡眠。难过又生气。就好像一个努力学步的小孩，她走不稳她无数次摔倒，你看着她摔倒不仅不扶还嘲笑，最后这个小孩终于学会了走路，然后她向你走过来，走到你的身边，从此以后紧紧跟在你身边保护着你。最可笑的是当你真的遇到危险时，只有这个慢慢长大的小孩留下来保护你。所以你最初的行为是什么？的确，爱国不是嘴上说说，可对于一些人来说，嘴上说多了他才能明白他应该爱国。中华人民共和国中华终将有为🇨🇳 🇨🇳 #中国有我##孟晚舟一边擦泪一边微笑##孟晚舟给家门口记者们点披萨##孟晚舟获得保释# 收起全文d\n", "author": "愿日暮是归途Y", "time": "愿日暮是归途Y2018年12月14日02:18 来自HUAWEInova2s", "transmit": " 转发 10", "comment": "评论 33", "zan": " 164"}, {"text": "\n                    【中国驻加大使：孟晚舟案是美国政治追杀】连日来，华为公司CFO孟晚舟被加拿大当局拘押一事引发舆论高度关注。中国驻加大使13日在加拿大《环球邮报》上发表文章称，这起事件不是简单的司法案件，而是有预谋的政治行动，是美国动用国家权力对一家中国高科技企业的政治追杀。美国按照自己的国内法进行所 ​  展开全文c \n                    【中国驻加大使：孟晚舟案是美国政治追杀】连日来，华为公司CFO孟晚舟被加拿大当局拘押一事引发舆论高度关注。中国驻加大使13日在加拿大《环球邮报》上发表文章称，这起事件不是简单的司法案件，而是有预谋的政治行动，是美国动用国家权力对一家中国高科技企业的政治追杀。美国按照自己的国内法进行所谓的“长臂管辖”，这在国际法上根本没有法理依据。 O中国驻加大使：孟晚舟案是美国政治追杀 收起全文d\n", "author": "参考消息", "time": "参考消息2018年12月14日16:38 来自微博weibo.com", "transmit": " 转发 62", "comment": "评论 42", "zan": " 163"}, {"text": "\n                    获准保释第二天 华为CFO孟晚舟出门了。（云财经） ​                ", "author": "创业家传媒", "time": "创业家传媒2018年12月14日14:07 来自iPhone6Plus", "transmit": " 转发 59", "comment": "评论 39", "zan": " 58"}, {"text": "\n                    【孟晚舟保释后首次发声：为华为骄傲，为祖国骄傲】三天的听证会后，华为CFO孟晚舟被加拿大法庭准许保释，回家后在发微信朋友圈发信息。 [...] O孟晚舟保释后首次发声：为华为骄傲，为祖国骄傲 ​                ", "author": "外刊IT评论", "time": "外刊IT评论2018年12月14日06:08 来自外刊IT评论网", "transmit": " 转发 17", "comment": "评论 170", "zan": " 420"}, {"text": "\n                    【政治追杀！加拿大的目标不只是华为CFO孟晚舟，关键时刻中国台湾省来抢戏】我倒是希望加拿大当局好自为之，台湾牌不是你加拿大这种全球二流国家想打就打的！加拿大如果肆意把自己绑上美国这个战车，后果不是你特鲁多这个年轻又不靠谱的总统所能承担的。据中国经济网：       “政治追杀” ​  展开全文c \n                    【政治追杀！加拿大的目标不只是华为CFO孟晚舟，关键时刻中国台湾省来抢戏】我倒是希望加拿大当局好自为之，台湾牌不是你加拿大这种全球二流国家想打就打的！加拿大如果肆意把自己绑上美国这个战车，后果不是你特鲁多这个年轻又不靠谱的总统所能承担的。据中国经济网：       “政治追杀”！这是当地时间12月13日，中国驻加拿大大使卢沙野在加《环球邮报》上对孟晚舟事件的定性。在这篇题为《我们不希望看到加拿大走上背离公平正义的道路》文章中，卢大使的原话是这样表述的：      “这起事件不是简单的司法案件，而是有预谋的政治行动，是美国动用国家权力对一家中国高科技企业的政治追杀。”       文中还表示，“五眼联盟”国家一口咬定华为威胁了其国家安全，却从未拿出任何证据，仅凭其所谓的“推测”。       归根结底，“他们是担心中国发展太快，不仅在经济上，而且在科技上要超过西方国家了，才用‘国家安全’的幌子打压中国企业，阻碍中国发展。”        这个表态，再清楚不过地表达了中方对事件的定性，同时也可以说，是对有关国家的一次严厉警告。而面对这场“政治追杀”，孟晚舟事件发展到现在，“抢戏”的也终于来了。     这两天来自海外媒体的消息称，加拿大外长弗里兰7日曾公开表示，加方正在考虑与台湾地区洽谈投资保障协议。按台媒的说法，台湾过去一直将该协议视为对加关系的“第一要务”，但加国政府不仅未曾积极回应，更从未公开提及。这次，乃是加拿大官方首度就该协议公开表态。       一周前的动向，直到昨天才开始被媒体广泛报道。弗里兰此番表态选择的时间点不可谓不特殊： “借对台表达友好善意，以‘制衡’中国大陆？”新加坡《联合早报》就这样猜测道。       而在7日当天被问及“加政府对台政策是否改变”时，这位加拿大外长的回应听上去还是那么“冠冕堂皇”。她说：“将继续在‘加拿大的一个中国政策’的框架内，与台湾增强贸易和人民往来关系。”      面对加拿大的“突然转向”，台当局自然“欣喜若狂”。台经济事务主管部门对媒体称，加拿大考虑与台湾洽谈投资保障协议，这对台湾是“正向消息”，台方会努力推进，“我们一定会表达意愿”。      台外事事务主管部门也兴高采烈地称，未来将与加方持续密切沟通，携手合作，为双方企业提供良好投资环境。       不过，虽喜不自胜，但难掩心虚。对加拿大突如其来的“殷勤”是否有“制衡大陆”之嫌？台当局仅表示：“不必对此过度解读。” 收起全文d\n", "author": "人才76116", "time": "人才761162018年12月14日15:35 来自HUAWEIP20", "transmit": " 转发 16", "comment": "评论 57", "zan": " 77"}, {"text": "\n                    【获准保释第二天 华为CFO孟晚舟出门了】据温哥华加西周末报道，当地时间13日，在获准保释第二天，华为CFO孟晚舟出门了。在12月11日的保释听证会上，考虑到孟女士在中国和其他地方都没有刑事犯罪记录，以及目前存在健康问题，加上她本人目前愿意居住在温哥华、有合适的担保人等诸多情况，法官决定允许 ​  展开全文c \n                    【获准保释第二天 华为CFO孟晚舟出门了】据温哥华加西周末报道，当地时间13日，在获准保释第二天，华为CFO孟晚舟出门了。在12月11日的保释听证会上，考虑到孟女士在中国和其他地方都没有刑事犯罪记录，以及目前存在健康问题，加上她本人目前愿意居住在温哥华、有合适的担保人等诸多情况，法官决定允许她保释。根据保释规定，孟晚舟必须戴上一个具有定位功能的脚环，不能离开温哥华的特定区域。（海外网）O获准保释第二天 华为CFO孟晚舟出门了(图) 收起全文d\n", "author": "全景网", "time": "全景网2018年12月14日23:59 来自微博weibo.com", "transmit": " 转发 22", "comment": "评论 44", "zan": " 106"}, {"text": "\n                    这是一场没有硝烟的战争，#孟晚舟获得保释# 这是一场围剿与反围剿之间的殊死博弈，这是一场中国制造走向世界的艰苦搏杀。虽然，华为孟晚舟事件还没有结束，虽然残酷的博弈还在继续，今天，华尔街日报就已经撕下面具：称拘捕孟晚舟就是一场抑制华为的加速战，为了延缓华为走向世界的步伐。   ​  展开全文c \n                    这是一场没有硝烟的战争，#孟晚舟获得保释# 这是一场围剿与反围剿之间的殊死博弈，这是一场中国制造走向世界的艰苦搏杀。虽然，华为孟晚舟事件还没有结束，虽然残酷的博弈还在继续，今天，华尔街日报就已经撕下面具：称拘捕孟晚舟就是一场抑制华为的加速战，为了延缓华为走向世界的步伐。  O刚刚，华为重磅宣布：终于拿下！ 收起全文d\n", "author": "走马微天下", "time": "走马微天下2018年12月14日19:40 来自微博weibo.com", "transmit": " 转发 27", "comment": "评论 7", "zan": " 94"}, {"text": "\n#亥时点评# #华为CFO孟晚舟被捕#【“抓获现场”！前加拿大外交官在中国被拘，美记者当面拆穿美国“双标”】是来搞笑的吗，这新闻发言人？O“抓获现场”！前加拿大外交官在中国被拘，美记者当面拆穿美国“双标” L医疗咖艾力医生的秒拍视频 ​                ", "author": "亥时热评", "time": "亥时热评2018年12月14日16:04 来自微博weibo.com", "transmit": " 转发 26", "comment": "评论 10", "zan": " 79"}, {"text": "\n                    1、你的背后，是强大的中国。2、【中国驻温哥华总领事探访 孟晚舟亲自迎送】华为副董事长孟晚舟昨日获加拿大法院批准保释。温哥华时间12月12日早上，中国驻温哥华总领事佟晓玲一行3人到访孟晚舟位于温哥华的寓所，探访保释外出的孟晚舟。#孟晚舟获得保释##前加拿大外交官被拘# ​                ", "author": "韩东言", "time": "韩东言2018年12月14日08:19 来自HUAWEIMate20X", "transmit": " 转发 11", "comment": "评论 16", "zan": " 61"}, {"text": "\n                    什么是5G？华为携5G攻占全球市场，多国以\"信息安全\"理由抵制，看华为如何突破“围猎”，成为5G标准的制定者，让中国信息技术领先全球。这里是5G的科普视频，戳进来，做一个懂行的“中华有为”支持者！5g 华为 #孟晚舟一边擦泪一边微笑# L虎show的秒拍视频 ​                ", "author": "虎show", "time": "虎show2018年12月14日09:10 来自秒拍网页版", "transmit": " 转发 61", "comment": "评论 12", "zan": " 103"}, {"text": "\n#华为CFO孟晚舟被捕# 最新消息：加拿大外长Freeland周五去华盛顿见了蓬佩奥和马蒂斯，本来仨人要讨论俄乌冲突和叙利亚的事，但现在中国抓了俩加拿大间谍后，讨论的焦点就转移了。据说Freeland对川普的表态很不满，认为出卖了加拿大，玩弄了加拿大人民的感情。而加拿大反对派则要求，特鲁多立刻马上直接 ​  展开全文c \n#华为CFO孟晚舟被捕# 最新消息：加拿大外长Freeland周五去华盛顿见了蓬佩奥和马蒂斯，本来仨人要讨论俄乌冲突和叙利亚的事，但现在中国抓了俩加拿大间谍后，讨论的焦点就转移了。据说Freeland对川普的表态很不满，认为出卖了加拿大，玩弄了加拿大人民的感情。而加拿大反对派则要求，特鲁多立刻马上直接与北京沟通，要求放人。但同时加拿大反对派却认为抓扣孟是对的，认为这就是法律无关政治(脑袋被驴踢了吧)。 收起全文d\n", "author": "战刀007", "time": "战刀0072018年12月14日15:50 来自微博weibo.com", "transmit": " 转发 25", "comment": "评论 103", "zan": " 85"}, {"text": "\n                    【谁在当今世界“无法无天”】美国这次伙同加拿大绑架中国华为CFO孟晚舟，其罪名是她违背了美国禁止与伊朗做生意的法律。这就是孟晚舟的所谓“违法”。她违背了谁的法？美国的“法”。美国佬从哪里来的对中国公民的跨国管辖权？中国是美国的一个“州”？难道中国政府也可以根据中国的法律，随便在第三 ​  展开全文c \n                    【谁在当今世界“无法无天”】美国这次伙同加拿大绑架中国华为CFO孟晚舟，其罪名是她违背了美国禁止与伊朗做生意的法律。这就是孟晚舟的所谓“违法”。她违背了谁的法？美国的“法”。美国佬从哪里来的对中国公民的跨国管辖权？中国是美国的一个“州”？难道中国政府也可以根据中国的法律，随便在第三国抓捕美国人吗？全世界的人都看到了，美国佬是何其霸道！这一点连有些美国人自己都看不下去了。美国哥伦比亚大学教授杰弗里.D.萨克斯说，“对非国家行为体的制裁(例如美国对中国企业的制裁)不应该由一个国家单独实施，而是应该根据联合国安理会达成的协议实施。从这方面说，联合国安理会第2231号决议呼吁所有国家取消对伊朗的制裁，作为2015年伊朗核协议的部分。然而，美国也只有美国—现在反对安理会在此类问题上发挥作用。”因而萨克斯得出结论，“特朗普政府，而不是华为或中国，是当今对国际法治以及全球和平的最大威胁。” 收起全文d\n", "author": "圣欧亭", "time": "圣欧亭2018年12月14日15:03 来自HUAWEIMate8", "transmit": " 转发 49", "comment": "评论 15", "zan": " 36"}, {"text": "\n                    《央证微课--中国已经不是之前的中国了，崛起，势不可挡！》近期华为CFO孟晚舟事件终于告一段落，获得保释。原因除了我国的支持外，其实还有华为本身的影响力！在禁用华为后，已经有11个国家同时出现了史无前例的通讯界大BUG。 O中国已经不是之前的中国了，崛起，势不可挡！ ​                ", "author": "央证公开课", "time": "央证公开课2018年12月14日17:25 来自微博weibo.com", "transmit": " 转发 9", "comment": "评论 7", "zan": " 55"}, {"text": "\n                    【保释第二天 孟晚舟在安保陪同下出门】当地时间13日，在获准保释第二天，华为CFO孟晚舟出门了。经历了加拿大这个无理拘押后，感觉孟总有点小憔悴。。希望早日平安回到中国，加油，孟总，加油，华为。相信总有一天，要叫加拿大这个美帝跟班加倍偿还。。 ​                ", "author": "人才76116", "time": "人才761162018年12月14日11:36 来自微博weibo.com", "transmit": " 转发 8", "comment": "评论 54", "zan": " 55"}, {"text": "\n                    dream it possible华为宣传片 。自从孟晚舟事件以来，社会各界对华为的关注与日俱增。让我们一起回顾一下这个讲述一个感人的励志故事的宣传片，小女孩的成长，折射出华为的成功之路。值得收藏。 L三秋笔记的秒拍视频 ​                ", "author": "三秋笔记", "time": "三秋笔记2018年12月14日08:49", "transmit": " 转发 20", "comment": "评论 3", "zan": " 37"}, {"text": "\n                    【中国驻加大使:孟晚舟被拘是有预谋的政治行动】#中国驻加拿大大使#卢沙野在加拿大《环球邮报》发表署名文章，指华为副董事长#孟晚舟#被无端拘押事件，不是简单的司法案件，而是有预谋的政治行动，是美国动用国家权力，对一间中国高科技企业的政治追杀。O网页链接 ​                ", "author": "香港文匯網", "time": "香港文匯網2018年12月14日10:01 来自微博weibo.com", "transmit": " 转发 10", "comment": "评论 17", "zan": " 46"}, {"text": "\n                    【华为被曝搁置所有资本支出交易】日本安川电机公司社长小笠原浩接受外电访问时指,华为副董事长兼首席财务官孟晚舟在加拿大被捕后,华为工厂搁置了一笔器械订单,他更引述其驻华员工说,华为内部陷入一片混乱,正在厘清形势,所有资本支出交易暂时搁置。华为拒绝就消息置评。 ​                ", "author": "港股通AiH", "time": "港股通AiH2018年12月14日10:55 来自微博weibo.com", "transmit": " 转发 35", "comment": "评论 48", "zan": " 29"}, {"text": "\n                    美国人拘押孟晚舟有点得不偿失，一方面让世界各国看清了美国佬虚伪强盗的嘴脸，一方面也让中国人更加团结，更加支持华为，算是给华为做了一次大广告，今年华为手机销量估计都要涨不少。就孟晚舟而言，美国人没证据，最终还是会释放。所以抓孟晚舟是一部臭棋。特朗普这样瞎作给美国丢脸，仍阻挡不了中国 ​  展开全文c \n                    美国人拘押孟晚舟有点得不偿失，一方面让世界各国看清了美国佬虚伪强盗的嘴脸，一方面也让中国人更加团结，更加支持华为，算是给华为做了一次大广告，今年华为手机销量估计都要涨不少。就孟晚舟而言，美国人没证据，最终还是会释放。所以抓孟晚舟是一部臭棋。特朗普这样瞎作给美国丢脸，仍阻挡不了中国的崛起，也阻挡不了华为5G的步伐。不看看中国人有多勤奋，多能吃苦，多能忍辱负重。 收起全文d\n", "author": "C科技", "time": "C科技2018年12月14日13:12", "transmit": " 转发 51", "comment": "评论 256", "zan": " 356"}, {"text": "\n华为首席财务官孟晚舟被抓事件，流氓公知一如既往地为美国做颠倒黑白的辩护，看看加拿大主流媒体的评论，中国公知的无耻言行被狠狠打脸！『加拿大《环球邮报》文章痛斥美国对华为采用强盗手段_手机新浪网』O加拿大《环球邮报》文章痛斥美国对华为采用强盗手段 ​                ", "author": "沙河杨先生", "time": "沙河杨先生2018年12月14日17:25 来自HUAWEIMate20", "transmit": " 转发 81", "comment": "评论 16", "zan": " 14"}, {"text": "\n                    【孟晚舟事件彻底暴露西方虚伪性】12月1日华为高管被加拿大无端拘留，“五眼联盟”国家一口咬定华为威胁了其国家安全，却拿不出任何证据，归根结底，“他们是担心中国发展太快，不仅在经济上，而且在科技上要超过西方国家了，才用‘国家安全’的幌子打压中国企业，阻碍中国发展”，是一次赤裸裸的政治 ​  展开全文c \n                    【孟晚舟事件彻底暴露西方虚伪性】12月1日华为高管被加拿大无端拘留，“五眼联盟”国家一口咬定华为威胁了其国家安全，却拿不出任何证据，归根结底，“他们是担心中国发展太快，不仅在经济上，而且在科技上要超过西方国家了，才用‘国家安全’的幌子打压中国企业，阻碍中国发展”，是一次赤裸裸的政治追杀！这只是刚刚开始，听说加拿大要与台湾经贸了，美国美国又开始买给台湾武器了.....接下来是什么呢？ 收起全文d\n", "author": "疯狂大象", "time": "疯狂大象2018年12月14日16:32 来自iPhone6s", "transmit": " 转发 24", "comment": "评论 12", "zan": " 25"}, {"text": "\n                    任正非谈华为和苹果的差距，这才是一个企业家该有的风范#孟晚舟给家门口记者们点披萨# L最搞笑视频大全的秒拍视频 ​                ", "author": "最搞笑视频大全", "time": "最搞笑视频大全2018年12月14日00:26 来自秒拍网页版", "transmit": " 转发 33", "comment": "评论 19", "zan": " 62"}]