[{"text": "\n                    由于加拿大驻华大使麦家廉（John McCallum）在华为孟晚舟引渡案中的意见涉嫌干预加拿大的司法操作，所以加拿大总理小特鲁多要求麦家廉辞职并于今天接受了其提出的辞职请求。虽然小特鲁多并没有明确指出麦家廉的那些言论涉嫌干预司法，但当媒体爆出麦家廉向温哥华媒体表示，美国如果放弃引渡请求，将 ​  展开全文c \n                    由于加拿大驻华大使麦家廉（John McCallum）在华为孟晚舟引渡案中的意见涉嫌干预加拿大的司法操作，所以加拿大总理小特鲁多要求麦家廉辞职并于今天接受了其提出的辞职请求。虽然小特鲁多并没有明确指出麦家廉的那些言论涉嫌干预司法，但当媒体爆出麦家廉向温哥华媒体表示，美国如果放弃引渡请求，将“对加拿大是大好事”（great for Canada）之后，小特鲁多要求麦家廉主动辞职。 2加拿大 收起全文d\n", "author": "我是二姐夫", "time": "我是二姐夫2019年01月27日05:46 来自iPhone客户端", "transmit": " 转发 19", "comment": "评论 18", "zan": " 20"}, {"text": "\n@财新周刊【任正非回答一切】  女儿孟晚舟加拿大被拘，海外市场不利消息频传，站在风暴中心的任正非，能否引领华为巨轮驶出危险水域？ O任正非回答一切 ​                ", "author": "财新网", "time": "财新网2019年01月27日09:35 来自财新网", "transmit": " 转发 14", "comment": "评论 79", "zan": " 42"}]