[{"text": "\n                    【杰弗里·萨克斯：美国的反华为战争】很显然，美国针对孟晚舟的行动，实际上是特朗普政府通过征收关税，对中国高科技出口关闭西方市场，以及阻止中国收购美国和欧洲科技企业来打击中国经济的更广泛企图的一部分。可以毫不夸张地说，这是对华经济战的一部分，而且是一场不计后果的战争。 ​  展开全文c \n                    【杰弗里·萨克斯：美国的反华为战争】很显然，美国针对孟晚舟的行动，实际上是特朗普政府通过征收关税，对中国高科技出口关闭西方市场，以及阻止中国收购美国和欧洲科技企业来打击中国经济的更广泛企图的一部分。可以毫不夸张地说，这是对华经济战的一部分，而且是一场不计后果的战争。O杰弗里·萨克斯：美国的反华为战争 收起全文d\n", "author": "早报网", "time": "早报网2018年12月27日10:52 来自微博weibo.com", "transmit": " 转发 63", "comment": "评论 19", "zan": " 75"}]