[{"text": "\n晚安 华为孟晚舟在重庆德普外国语学校的演讲《未来将选择什么样的年轻人》。1992年她大学毕业后选择去美国进一步深造被拒签后进入华为工作。她认为1）选择比天赋更重要，不要选择与机器竞争的职业；2）最适合的选择如果要取得最佳的结果必须执着和坚持；3）思辨能力比获取知识更重要。 ​  展开全文c \n晚安 华为孟晚舟在重庆德普外国语学校的演讲《未来将选择什么样的年轻人》。1992年她大学毕业后选择去美国进一步深造被拒签后进入华为工作。她认为1）选择比天赋更重要，不要选择与机器竞争的职业；2）最适合的选择如果要取得最佳的结果必须执着和坚持；3）思辨能力比获取知识更重要。#小编甲2.0晚安打卡# （小猫米莎）L小猫米莎的秒拍视频 收起全文d\n", "author": "微课堂", "time": "微课堂2018年12月16日23:49 来自小编甲2.0iPhoneX", "transmit": " 转发 75", "comment": "评论 7", "zan": " 105"}, {"text": "\n                    厉害了我的国开始吹响反击的号角了：取消加拿大70亿飞机订单！ ​​​​#加拿大民众向中国致歉##华为CFO孟晚舟被捕##反击加拿大#  ​                ", "author": "高级股票分析师", "time": "高级股票分析师2018年12月16日22:44 来自HUAWEIMate10", "transmit": " 转发 24", "comment": "评论 46", "zan": " 178"}, {"text": "\n                    【最懂任正非的人】曾有评论说，“孙亚芳有势力，是说她在华为就代表着任正非。”而在中国，恐怕再也没有第二个大企业的最高层像任正非、孙亚芳这样，在近20年时间里一直是最佳拍档。孟晚舟事件或将让华为面临又一场硬仗。此刻带领华为迎战的关键人，必然少不了孙亚芳。O最懂任正非的人 ​                ", "author": "新财富杂志", "time": "新财富杂志2018年12月16日15:27 来自iPhone8Plus", "transmit": " 转发 31", "comment": "评论 12", "zan": " 83"}, {"text": "\n                    【加拿大鹅市值蒸发了近18亿美金！这些在华赚得盆满钵满的企业也紧张了】吴亦涵 罗琨 闫淑鑫：最近几天，加拿大高端羽绒服品牌加拿大鹅可能感受到了被中国巨大消费市场所支配的恐惧。受华为CFO孟晚舟被加拿大当局逮捕事件影响，自12月6日以来，在纽约股票交易所上市的加拿大鹅股价连日暴跌，截至美东时 ​  展开全文c \n                    【加拿大鹅市值蒸发了近18亿美金！这些在华赚得盆满钵满的企业也紧张了】吴亦涵 罗琨 闫淑鑫：最近几天，加拿大高端羽绒服品牌加拿大鹅可能感受到了被中国巨大消费市场所支配的恐惧。受华为CFO孟晚舟被加拿大当局逮捕事件影响，自12月6日以来，在纽约股票交易所上市的加拿大鹅股价连日暴跌，截至美东时间12月14日收盘，公司的股价收报52.11美元/股，比起12月4日的收盘价，加拿大鹅股价已经下跌超20%，市值蒸发17.57亿美金（约121.32亿元人民币）。O加拿大鹅市值蒸发了近18亿美金！这些在华赚得盆满钵满的企业也紧张了 收起全文d\n", "author": "新财富杂志", "time": "新财富杂志2018年12月16日08:13 来自iPhone8Plus", "transmit": " 转发 36", "comment": "评论 42", "zan": " 101"}, {"text": "\n                    「华为创始人任正非：华为不被西方认同 别埋怨」在华为财务长孟晚舟被捕期间，孟晚舟之父、华为创办人任正非9月间一篇内部讲话近来在中国网路热传。任正非当时说，华为不要埋怨 “不被个别西方国家认同”、“不要挑战别国的制度自信”。    任正非还说，“当前中国缺乏对西方世界多方面的深刻理解和认 ​  展开全文c \n                    「华为创始人任正非：华为不被西方认同 别埋怨」在华为财务长孟晚舟被捕期间，孟晚舟之父、华为创办人任正非9月间一篇内部讲话近来在中国网路热传。任正非当时说，华为不要埋怨 “不被个别西方国家认同”、“不要挑战别国的制度自信”。    任正非还说，“当前中国缺乏对西方世界多方面的深刻理解和认识。在西方占据优势的现实下，华为只有站在西方的立场上理解西方价值观，基于西方的思维方式对话，才能有效沟通。且不能低估全球权力格局的动态变化，不能盲目自信地“像100多年前义和团那样”。    据《中国青年报》报导，任正非先生是今年9月29日，在华为举行的 “公共关系战略纲要汇报会” 上，做了一个题为「从人类文明的结晶中，找到解决世界问题的钥匙」的演讲，在演讲中做出上述表示。    我感觉任先生是个非常具有智慧的人，没想到做出这番讲话几个月后，被视为华为接班人的女儿被捕入狱，截止至目前，他对女儿的被捕没有直接发表任何评论， 应该是很多无奈吧。. 收起全文d\n", "author": "Kevin在纽约", "time": "Kevin在纽约2018年12月16日07:21 来自微博weibo.com", "transmit": " 转发 164", "comment": "评论 435", "zan": " 311"}, {"text": "\n                    【中国特稿：5G争霸暗战公开打】中国电信巨头华为首席财务官孟晚舟12月1日在加拿大转机被捕，震惊国际社会。尽管美国以违反对伊朗制裁禁令为由，要求加拿大逮捕并引渡孟晚舟，但有分析指出，美国对华为出手背后的动机是“狙击”华为全球5G布局，在新一代科技技术发展上打压中国。什么是5G？它将如何改 ​  展开全文c \n                    【中国特稿：5G争霸暗战公开打】中国电信巨头华为首席财务官孟晚舟12月1日在加拿大转机被捕，震惊国际社会。尽管美国以违反对伊朗制裁禁令为由，要求加拿大逮捕并引渡孟晚舟，但有分析指出，美国对华为出手背后的动机是“狙击”华为全球5G布局，在新一代科技技术发展上打压中国。什么是5G？它将如何改变人类？为什么华为因5G布局遭到围堵？技术之争以外，硝烟四起的5G争霸，如何上升到国家利益和战略之争？O争霸暗战公开打 5G 收起全文d\n", "author": "早报网", "time": "早报网2018年12月16日12:17 来自微博weibo.com", "transmit": " 转发 54", "comment": "评论 6", "zan": " 114"}, {"text": "\n                    【孟晚舟保释后首次发声：为华为骄傲，为祖国骄傲】三天的听证会后，华为CFO孟晚舟被加拿大法庭准许保释，回家后在发微信朋友圈发信息。 [...] O孟晚舟保释后首次发声：为华为骄傲，为祖国骄傲 ​                ", "author": "程序师视野", "time": "程序师视野2018年12月16日10:38 来自编程客网", "transmit": " 转发 33", "comment": "评论 124", "zan": " 254"}, {"text": "\n爱国季粉2群美加已就引渡孟晚舟达成协议。        任正非：“我们要能活下来。以前这是最低纲领，现在这是我们的最高纲领。” 华为，无论美国如何打压，我会陪你活下去！ L军武季的微博视频 ​                ", "author": "军武季", "time": "军武季2018年12月16日05:18 来自阿季专享版Android", "transmit": " 转发 830", "comment": "评论 735", "zan": " 3322"}]