[{"text": "\n                    1.美图之觞：智能手机业务亏损约5亿元，退出硬件领域后路在哪？2.传闻：华为“电视”4月发布，京东方为其供应屏幕3.刘作虎再回应“DC调光”：大家误解我了 我们也在研究DC调光4.华为P30 Pro参数全曝光：40MP IMX650、50倍数码变焦5.任家有女孟晚舟6.长江存储员工住房项目曝光 光谷东新增1948套房 ​  展开全文c \n                    1.美图之觞：智能手机业务亏损约5亿元，退出硬件领域后路在哪？2.传闻：华为“电视”4月发布，京东方为其供应屏幕3.刘作虎再回应“DC调光”：大家误解我了 我们也在研究DC调光4.华为P30 Pro参数全曝光：40MP IMX650、50倍数码变焦5.任家有女孟晚舟6.长江存储员工住房项目曝光 光谷东新增1948套房源供应O长江存储1948套员工住房项目曝光 ；传华为\"电视\"4月发布；华为P30 Pro参数全曝光；美图之觞 收起全文d\n", "author": "老杳", "time": "老杳2019年03月22日08:44 来自iPhone客户端", "transmit": " 转发 13", "comment": "评论 ", "zan": " 6"}]