[{"text": "\n                    【转发赠书】#任正非：除了胜利，我们已无路可走#贸易战下美国攻势更加紧锣密鼓，华为CFO孟晚舟被捕后华为讲何去何从？首次全面解析华为任正非30年企业制胜之道，被誉为教父级企业家的他，重新定义了中国企业家精神。“惶恐才能生存，偏执才能成功。”绝处制胜的华为精神，向死而生的商业哲学—— ​  展开全文c \n                    【转发赠书】#任正非：除了胜利，我们已无路可走#贸易战下美国攻势更加紧锣密鼓，华为CFO孟晚舟被捕后华为讲何去何从？首次全面解析华为任正非30年企业制胜之道，被誉为教父级企业家的他，重新定义了中国企业家精神。“惶恐才能生存，偏执才能成功。”绝处制胜的华为精神，向死而生的商业哲学——#除了胜利，我们已无路可走。#转发并关注@好书天天荐，送热转第1+平台抽2本，1月20日截止！ 收起全文d\n", "author": "好书天天荐", "time": "好书天天荐2019年01月15日09:31 来自小米Note3拍人更美", "transmit": " 转发 2630", "comment": "评论 183", "zan": " 187"}, {"text": "\n                    #任正非回应孟晚舟事件# #任正非首次回应孟晚舟被扣押# 【孟晚舟被捕后首表态　华为创办人任正非：我想念女儿】华为财务长孟晚舟去年12月在加拿大被捕，其父亲、华为创办人之一的任正非15日在深圳向媒体表态称「蛮想念女儿的」；对于该案件，任正非表示乐观，目前正静候美国总统川普是否会干预此事。由 ​  展开全文c \n                    #任正非回应孟晚舟事件# #任正非首次回应孟晚舟被扣押# 【孟晚舟被捕后首表态　华为创办人任正非：我想念女儿】华为财务长孟晚舟去年12月在加拿大被捕，其父亲、华为创办人之一的任正非15日在深圳向媒体表态称「蛮想念女儿的」；对于该案件，任正非表示乐观，目前正静候美国总统川普是否会干预此事。由于华为遭美国指控涉及间谍活动，任正非则是否认一切传闻。 #ETtoday新闻云# 报导：O网页链接 (rosie) 收起全文d\n", "author": "ETtoday新聞雲", "time": "ETtoday新聞雲2019年01月15日23:00 来自微博weibo.com", "transmit": " 转发 28", "comment": "评论 428", "zan": " 247"}, {"text": "\n                    【转发赠书】“孟晚舟被扣押”事件后，真正详解华为哲学思想、任正非精神的首部作品《#苦难英雄任正非#》正式上市！<转发这条微博>+为苦难英雄任正非-王育琨打榜，送热转第1+平台抽3本，1月20日截止。管理专家@王育琨 研究华为近20年，秒回应“孟晚舟被扣押”事件，探知任正非的 “灰度管理哲学”，预测5 ​  展开全文c \n                    【转发赠书】“孟晚舟被扣押”事件后，真正详解华为哲学思想、任正非精神的首部作品《#苦难英雄任正非#》正式上市！<转发这条微博>+为苦难英雄任正非-王育琨打榜，送热转第1+平台抽3本，1月20日截止。管理专家@王育琨 研究华为近20年，秒回应“孟晚舟被扣押”事件，探知任正非的 “灰度管理哲学”，预测5G竞争中的华为走向，向读者呈现一个历经30年变迁的华为思想史，了解华为一步步走向全世界的原因。 收起全文d\n", "author": "我的读书小马甲", "time": "我的读书小马甲2019年01月15日15:54 来自小米Note3拍人更美", "transmit": " 转发 2119", "comment": "评论 240", "zan": " 181"}, {"text": "\n                    【转发赠书】“孟晚舟被扣押”事件后，真正详解华为哲学思想、任正非精神的首部作品《#苦难英雄任正非#》正式上市！<转发这条微博>+为苦难英雄任正非-王育琨打榜，送热转第1+平台抽2本，1月20日截止。管理专家@王育琨 研究华为近20年，秒回应“孟晚舟被扣押”事件，探知任正非的 “灰度管理哲学”，预测5 ​  展开全文c \n                    【转发赠书】“孟晚舟被扣押”事件后，真正详解华为哲学思想、任正非精神的首部作品《#苦难英雄任正非#》正式上市！<转发这条微博>+为苦难英雄任正非-王育琨打榜，送热转第1+平台抽2本，1月20日截止。管理专家@王育琨 研究华为近20年，秒回应“孟晚舟被扣押”事件，探知任正非的 “灰度管理哲学”，预测5G竞争中的华为走向，向读者呈现一个历经30年变迁的华为思想史，了解华为一步步走向全世界的原因。 收起全文d\n", "author": "好书天天荐", "time": "好书天天荐2019年01月15日14:52 来自小米Note3拍人更美", "transmit": " 转发 2025", "comment": "评论 187", "zan": " 172"}, {"text": "\n                    【转发赠书】“孟晚舟被扣押”事件后，真正详解华为哲学思想、任正非精神的首部作品《#苦难英雄任正非#》正式上市！<转发这条微博>+为苦难英雄任正非-王育琨打榜，送热转第1+平台抽2本，1月20日截止。管理专家@王育琨 研究华为近20年，秒回应“孟晚舟被扣押”事件，探知任正非的 “灰度管理哲学”，预测5 ​  展开全文c \n                    【转发赠书】“孟晚舟被扣押”事件后，真正详解华为哲学思想、任正非精神的首部作品《#苦难英雄任正非#》正式上市！<转发这条微博>+为苦难英雄任正非-王育琨打榜，送热转第1+平台抽2本，1月20日截止。管理专家@王育琨 研究华为近20年，秒回应“孟晚舟被扣押”事件，探知任正非的 “灰度管理哲学”，预测5G竞争中的华为走向，向读者呈现一个历经30年变迁的华为思想史，了解华为一步步走向全世界的原因。 收起全文d\n", "author": "读书邮箱", "time": "读书邮箱2019年01月15日19:13 来自小米Note3拍人更美", "transmit": " 转发 2117", "comment": "评论 212", "zan": " 164"}, {"text": "\n                    【#任正非首次回应孟晚舟被扣押# 】任正非15日接受外媒采访，否认有关华为替中国政府从事间谍活动的指控，指华为从未收到任何政府要求提供不正当信息的请求。而关于孟晚舟被扣押一事，任正非表示非常思念女儿，称华为只是中美贸易摩擦里的一颗芝麻，美国要善待企业和其他国家才能吸引他们在美投资。  ​  展开全文c \n                    【#任正非首次回应孟晚舟被扣押# 】任正非15日接受外媒采访，否认有关华为替中国政府从事间谍活动的指控，指华为从未收到任何政府要求提供不正当信息的请求。而关于孟晚舟被扣押一事，任正非表示非常思念女儿，称华为只是中美贸易摩擦里的一颗芝麻，美国要善待企业和其他国家才能吸引他们在美投资。 L凤凰网的秒拍视频 收起全文d\n", "author": "凤凰网", "time": "凤凰网2019年01月15日22:40 来自秒拍网页版", "transmit": " 转发 118", "comment": "评论 47", "zan": " 257"}]