[{"text": "\n                    【加拿大驻华大使“倒戈”：孟晚舟有充分理由反对引渡】外媒称，加拿大驻华大使约翰·麦卡勒姆说，他认为中国华为公司高管孟晚舟有充分理由反对被引渡美国，他希望她能很快获释。这番论调被前任加拿大大使戴维·穆罗尼评价为“令人难以置信”—— O加拿大驻华大使“倒戈”：孟晚舟有充分理由反对引渡 ​                ", "author": "参考消息", "time": "参考消息2019年01月24日10:33 来自微博weibo.com", "transmit": " 转发 75", "comment": "评论 57", "zan": " 133"}, {"text": "\n                    【加驻华使：孟晚舟有强力理据避免引渡到美国】加拿大驻中国大使麦家廉（John McCallum）昨日接受传媒访问，提到华为副董事长孟晚舟被捕一事，称孟晚舟有强力理据可避免引渡到美国。其中一个理据是，美国总统特朗普曾政治评论案件。特朗普曾表示，为了同中国达成贸易协议，可介入孟晚舟案件，令外界以 ​  展开全文c \n                    【加驻华使：孟晚舟有强力理据避免引渡到美国】加拿大驻中国大使麦家廉（John McCallum）昨日接受传媒访问，提到华为副董事长孟晚舟被捕一事，称孟晚舟有强力理据可避免引渡到美国。其中一个理据是，美国总统特朗普曾政治评论案件。特朗普曾表示，为了同中国达成贸易协议，可介入孟晚舟案件，令外界以为案件已经政治化，影响法治及司法独立。此外，该案是否涉及治外法权问题；孟晚舟案件涉及的指控主要是对伊朗制裁的问题，而加拿大并没有签署对伊制裁协议，因此加拿大有权拒绝美国的引渡要求。O加駐華使：孟晚舟有強力理據避免引渡到美國 收起全文d\n", "author": "大公報-大公網", "time": "大公報-大公網2019年01月24日10:52 来自微博weibo.com", "transmit": " 转发 36", "comment": "评论 10", "zan": " 75"}, {"text": "\n                    【加驻华使：孟晚舟有强力理据避免引渡到美国】加拿大驻中国大使麦家廉(John McCallum)22日接受传媒采访，提到华为副董事长孟晚舟被捕一事，称孟晚舟有强力理据可避免引渡到美国。O网页链接 ​                ", "author": "香港文匯網", "time": "香港文匯網2019年01月24日09:54 来自专业版微博", "transmit": " 转发 30", "comment": "评论 33", "zan": " 24"}, {"text": "\n                    据外媒报道，美国正竭尽全力向加拿大施压，试图引渡华为副总孟晚舟，这是美国罔顾国际法准则，以流氓性的做派去对一位中国高企领导实行制裁措施，也是美国为打压中国快速崛起的一种政治手段，在被外国势力欺负到家门口的时候，任何一种妥协都是软弱，相信大多数国人都心知肚明，，，  ​  展开全文c \n                    据外媒报道，美国正竭尽全力向加拿大施压，试图引渡华为副总孟晚舟，这是美国罔顾国际法准则，以流氓性的做派去对一位中国高企领导实行制裁措施，也是美国为打压中国快速崛起的一种政治手段，在被外国势力欺负到家门口的时候，任何一种妥协都是软弱，相信大多数国人都心知肚明，，， 2泰州·金通牡丹园 收起全文d\n", "author": "小样我是大帝_45弹道导弹", "time": "小样我是大帝_45弹道导弹2019年01月24日02:15 来自OPPO智能手机", "transmit": " 转发 45", "comment": "评论 24", "zan": " 21"}]