[{"text": "\n                    【#华为公布孟晚舟来信#：谢谢你们】孟晚舟在5月9日给所有华为人的一封信中写道，在温哥华的这段时间，虽然活动范围仅在“方寸之间”，但是，心中的色彩和天地却前所未有的丰富而广阔。孟晚舟表示，无论眼下面对多大的困难和压力，内心都能依然坚定。正是这种力量，让手握得更紧，让华为意志的堡垒 ​  展开全文c \n                    【#华为公布孟晚舟来信#：谢谢你们】孟晚舟在5月9日给所有华为人的一封信中写道，在温哥华的这段时间，虽然活动范围仅在“方寸之间”，但是，心中的色彩和天地却前所未有的丰富而广阔。孟晚舟表示，无论眼下面对多大的困难和压力，内心都能依然坚定。正是这种力量，让手握得更紧，让华为意志的堡垒更加坚强。O孟晚舟5月9日给所有华为人的一封信：谢谢你们 收起全文d\n", "author": "新浪财经", "time": "新浪财经2019年05月13日11:12 来自微博weibo.com", "transmit": " 转发 1173", "comment": "评论 192", "zan": " 14752"}, {"text": "\n                    【华为公布孟晚舟来信：无论眼下面对多大困难压力，内心都能依然坚定】今日，华为公布孟晚舟5月9日写给所有华为人的一封信。信中写到：在温哥华的这段时间，虽然我的活动范围仅在“方寸之间”，但是，心中的色彩和天地却前所未有的丰富而广阔。无论眼下面对多大的困难和压力，我的内心都能依然坚定。 ​                ", "author": "央视新闻", "time": "央视新闻2019年05月13日13:00 来自微博weibo.com", "transmit": " 转发 489", "comment": "评论 1331", "zan": " 4244"}, {"text": "\n                    【#孟晚舟给华为人致信#：每次庭审结束都瞬间泪目 任何事情都有美好的一面】5月9日孟晚舟发给华为内部一封信，孟晚舟称，在温哥华的这段时间，虽然我的活动范围仅在“方寸之间”，但是，心中的色彩和天地却前所未有的丰富而广阔。而我，从未有机会如此紧密地与18.8万华为人联接在一起。任何事情，都有 ​  展开全文c \n                    【#孟晚舟给华为人致信#：每次庭审结束都瞬间泪目 任何事情都有美好的一面】5月9日孟晚舟发给华为内部一封信，孟晚舟称，在温哥华的这段时间，虽然我的活动范围仅在“方寸之间”，但是，心中的色彩和天地却前所未有的丰富而广阔。而我，从未有机会如此紧密地与18.8万华为人联接在一起。任何事情，都有美好的一面，这份紧密且温暖的联接，如春风般美好。每次庭审结束，看到这么多的华为人熬着时差，远隔重洋，彻夜期待着我的消息，瞬间泪目！#华为公布孟晚舟来信# O孟晚舟给华为人致信：每次庭审结束都瞬间泪目 收起全文d\n", "author": "凤凰网财经", "time": "凤凰网财经2019年05月13日11:40 来自专业版微博", "transmit": " 转发 345", "comment": "评论 2021", "zan": " 3745"}, {"text": "\n                    【#华为公布孟晚舟来信#：无论眼下多大困难压力 内心依然坚定】13日，@华为心声社区 发布了孟晚舟给所有华为人的一封信。孟晚舟称，在温哥华的这段时间，虽然活动范围仅在“方寸之间”，但是，心中的色彩和天地却前所未有的丰富而广阔。孟晚舟表示，无论眼下面对多大的困难和压力，内心都能依然坚定。 ​  展开全文c \n                    【#华为公布孟晚舟来信#：无论眼下多大困难压力 内心依然坚定】13日，@华为心声社区 发布了孟晚舟给所有华为人的一封信。孟晚舟称，在温哥华的这段时间，虽然活动范围仅在“方寸之间”，但是，心中的色彩和天地却前所未有的丰富而广阔。孟晚舟表示，无论眼下面对多大的困难和压力，内心都能依然坚定。（新京报） 收起全文d\n", "author": "头条新闻", "time": "头条新闻2019年05月13日12:02 来自微博weibo.com", "transmit": " 转发 108", "comment": "评论 172", "zan": " 684"}, {"text": "\n                    【孟晚舟最新邮件：活动范围虽在“方寸之间”，内心却前所未有的广阔】#华为公布孟晚舟来信#孟晚舟在5月9日给所有华为人的一封信中写道，在温哥华的这段时间，虽然活动范围仅在“方寸之间”，但是，心中的色彩和天地却前所未有的丰富而广阔。孟晚舟表示，无论眼下面对多大的困难和压力，内心都能依然坚 ​  展开全文c \n                    【孟晚舟最新邮件：活动范围虽在“方寸之间”，内心却前所未有的广阔】#华为公布孟晚舟来信#孟晚舟在5月9日给所有华为人的一封信中写道，在温哥华的这段时间，虽然活动范围仅在“方寸之间”，但是，心中的色彩和天地却前所未有的丰富而广阔。孟晚舟表示，无论眼下面对多大的困难和压力，内心都能依然坚定。正是这种力量，让手握得更紧，让华为意志的堡垒更加坚强。O孟晚舟致信华为人：任何事情，都有美好的一面 收起全文d\n", "author": "每日经济新闻", "time": "每日经济新闻2019年05月13日11:43", "transmit": " 转发 46", "comment": "评论 90", "zan": " 682"}, {"text": "\n                    【华为公布孟晚舟来信：无论眼下面对多大困难压力，内心都能依然坚定】今日，华为公布孟晚舟5月9日写给所有华为人的一封信。信中写到：在温哥华的这段时间，虽然我的活动范围仅在“方寸之间”，但是，心中的色彩和天地却前所未有的丰富而广阔。无论眼下面对多大的困难和压力，我的内心都能依然坚定。  ​  展开全文c \n                    【华为公布孟晚舟来信：无论眼下面对多大困难压力，内心都能依然坚定】今日，华为公布孟晚舟5月9日写给所有华为人的一封信。信中写到：在温哥华的这段时间，虽然我的活动范围仅在“方寸之间”，但是，心中的色彩和天地却前所未有的丰富而广阔。无论眼下面对多大的困难和压力，我的内心都能依然坚定。 ​​​​ 收起全文d\n", "author": "中国新闻网", "time": "中国新闻网2019年05月13日15:21 来自360安全浏览器", "transmit": " 转发 30", "comment": "评论 71", "zan": " 306"}, {"text": "\n                    【#孟晚舟致信华为人#：谢谢每一位华为儿女 】孟晚舟表示，在温哥华的这段时间，虽然活动范围仅在“方寸之间”，但心中的色彩和天地却前所未有的丰富而广阔。“我相信我走出的每一步，都有18.8万华为儿女的陪伴。无论眼下面对多大的困难和压力，我的内心都能依然坚定。”O孟晚舟5月9日给所有华为人的一封信：谢谢你们 ​                ", "author": "新浪科技", "time": "新浪科技2019年05月13日11:06 来自微博weibo.com", "transmit": " 转发 67", "comment": "评论 70", "zan": " 697"}, {"text": "\n                    【#孟晚舟致信所有华为人#：无论眼下面对多大困难和压力，内心都能依然坚定】5月13日，华为心声社区公布了孟晚舟5月9日给所有华为人的一封信。她在信中表示，“在温哥华的这段时间，虽然我的活动范围仅在“方寸之间”，但是，心中的色彩和天地却前所未有的丰富而广阔...无论眼下面对多大的困难和压力， ​  展开全文c \n                    【#孟晚舟致信所有华为人#：无论眼下面对多大困难和压力，内心都能依然坚定】5月13日，华为心声社区公布了孟晚舟5月9日给所有华为人的一封信。她在信中表示，“在温哥华的这段时间，虽然我的活动范围仅在“方寸之间”，但是，心中的色彩和天地却前所未有的丰富而广阔...无论眼下面对多大的困难和压力，我的内心都能依然坚定。” 收起全文d\n", "author": "中国日报", "time": "中国日报2019年05月13日11:59 来自微博weibo.com", "transmit": " 转发 20", "comment": "评论 27", "zan": " 164"}, {"text": "\n                    【#华为公布孟晚舟来信#：每次庭审结束都瞬间泪目】5月9日孟晚舟发给华为内部一封信，孟晚舟称，每次庭审结束，看到这么多的华为人熬着时差，远隔重洋，彻夜期待着我的消息，瞬间泪目。无论眼下面对多大的困难和压力，我的内心都能依然坚定，谢谢每一位华为儿女。O孟晚舟给华为人致信：每次庭审结束都瞬间泪目 ​                ", "author": "凤凰网", "time": "凤凰网2019年05月13日12:35 来自微博weibo.com", "transmit": " 转发 38", "comment": "评论 280", "zan": " 277"}, {"text": "\n                    【华为公布“孟晚舟来信”：感谢牵挂，内心坚定】5月13日上午，华为“心声社区”公布一封孟晚舟5月9日给所有华为人的信。#华为公布孟晚舟来信# ​                ", "author": "环球网", "time": "环球网2019年05月13日11:28 来自微博weibo.com", "transmit": " 转发 61", "comment": "评论 95", "zan": " 481"}, {"text": "\n                    【华为公布孟晚舟来信：无论眼下面对多大困难压力，内心都能依然坚定】今日，华为公布孟晚舟5月9日写给所有华为人的一封信。信中写到：在温哥华的这段时间，虽然我的活动范围仅在“方寸之间”，但是，心中的色彩和天地却前所未有的丰富而广阔。无论眼下面对多大的困难和压力，我的内心都能依然坚定。  ​  展开全文c \n                    【华为公布孟晚舟来信：无论眼下面对多大困难压力，内心都能依然坚定】今日，华为公布孟晚舟5月9日写给所有华为人的一封信。信中写到：在温哥华的这段时间，虽然我的活动范围仅在“方寸之间”，但是，心中的色彩和天地却前所未有的丰富而广阔。无论眼下面对多大的困难和压力，我的内心都能依然坚定。 ​@央视新闻 收起全文d\n", "author": "中国新闻周刊", "time": "中国新闻周刊2019年05月13日14:17", "transmit": " 转发 19", "comment": "评论 42", "zan": " 131"}, {"text": "\n                    【华为公布孟晚舟来信：无论眼下面对多大困难压力，内心都能依然坚定】今日，华为公布孟晚舟5月9日写给所有华为人的一封信。信中写到：在温哥华的这段时间，虽然我的活动范围仅在“方寸之间”，但是，心中的色彩和天地却前所未有的丰富而广阔。无论眼下面对多大的困难和压力，我的内心都能依然坚定。  ​  展开全文c \n                    【华为公布孟晚舟来信：无论眼下面对多大困难压力，内心都能依然坚定】今日，华为公布孟晚舟5月9日写给所有华为人的一封信。信中写到：在温哥华的这段时间，虽然我的活动范围仅在“方寸之间”，但是，心中的色彩和天地却前所未有的丰富而广阔。无论眼下面对多大的困难和压力，我的内心都能依然坚定。 ​​​​ 收起全文d\n", "author": "央视网", "time": "央视网2019年05月13日16:30 来自微博weibo.com", "transmit": " 转发 13", "comment": "评论 39", "zan": " 285"}, {"text": "\n                    【孟晚舟给所有华为人的一封信：谢谢你们】 5月13日上午消息孟晚舟在5月9日给所有华为人的一封信中写道，在温哥华的这段时间，虽然活动范围仅在“方寸之间”，但是，心中的色彩和天地却前所未有的丰富而广阔。正是这种力量，让我们的手握得更紧，让华为意志的堡垒更加坚强。 ​                ", "author": "新财富杂志", "time": "新财富杂志2019年05月13日11:17 来自搜狗高速浏览器", "transmit": " 转发 54", "comment": "评论 85", "zan": " 461"}, {"text": "\n                    【华为公布孟晚舟来信：无论眼下面对多大困难压力，内心都能依然坚定】今日，华为公布孟晚舟5月9日写给所有华为人的一封信。信中写到：在温哥华的这段时间，虽然我的活动范围仅在“方寸之间”，但是，心中的色彩和天地却前所未有的丰富而广阔。无论眼下面对多大的困难和压力，我的内心都能依然坚定。  ​  展开全文c \n                    【华为公布孟晚舟来信：无论眼下面对多大困难压力，内心都能依然坚定】今日，华为公布孟晚舟5月9日写给所有华为人的一封信。信中写到：在温哥华的这段时间，虽然我的活动范围仅在“方寸之间”，但是，心中的色彩和天地却前所未有的丰富而广阔。无论眼下面对多大的困难和压力，我的内心都能依然坚定。 ​​​（@央视新闻 ） 收起全文d\n", "author": "中国之声", "time": "中国之声2019年05月13日13:02", "transmit": " 转发 21", "comment": "评论 21", "zan": " 87"}, {"text": "\n                    【#华为公布孟晚舟来信#：我的内心都能依然坚定】13日，被加拿大政府扣押的华为高管孟晚舟，通过华为公司“心声社区”发布了一封写给“所有华为人”的信：从未有机会如此紧密地与18.8万华为人联接在一起。每一步，都有18.8万华为儿女的陪伴。所以， 无论眼下面对多大的困难和压力，内心都能依然坚 ​  展开全文c \n                    【#华为公布孟晚舟来信#：我的内心都能依然坚定】13日，被加拿大政府扣押的华为高管孟晚舟，通过华为公司“心声社区”发布了一封写给“所有华为人”的信：从未有机会如此紧密地与18.8万华为人联接在一起。每一步，都有18.8万华为儿女的陪伴。所以， 无论眼下面对多大的困难和压力，内心都能依然坚定。安哥：我们风雨同“舟”！ 收起全文d\n", "author": "中国长安网", "time": "中国长安网2019年05月13日13:53 来自360安全浏览器", "transmit": " 转发 88", "comment": "评论 26", "zan": " 114"}, {"text": "\n                    穷酸傻X们，看不惯华为？看不惯孟晚舟？去美国找你爹去！傻X们不知道全中国最厉害最有技术含量的公司是华为吗？，让美国鬼子最害怕的公司是华为吗？华为也让搬运工的联想嫉妒，让卖假药的百度怀恨，泰山会的人没有本事比得过任正非！他们只有记恨！华为才是民族脊梁。在我地盘上谩骂华为和孟晚舟的可以 ​  展开全文c \n                    穷酸傻X们，看不惯华为？看不惯孟晚舟？去美国找你爹去！傻X们不知道全中国最厉害最有技术含量的公司是华为吗？，让美国鬼子最害怕的公司是华为吗？华为也让搬运工的联想嫉妒，让卖假药的百度怀恨，泰山会的人没有本事比得过任正非！他们只有记恨！华为才是民族脊梁。在我地盘上谩骂华为和孟晚舟的可以滚了！滚越远越好！ 收起全文d\n", "author": "金山二姐", "time": "金山二姐2019年05月13日12:10 来自iPhoneX(银色)", "transmit": " 转发 30", "comment": "评论 118", "zan": " 333"}, {"text": "\n                    【孟晚舟致信华为人：无论眼下多大困难压力 内心依然坚定】O孟晚舟致信华为人：无论眼下多大困难压力 内心依然坚定 ​                ", "author": "早报网", "time": "早报网2019年05月13日12:16 来自微博weibo.com", "transmit": " 转发 53", "comment": "评论 219", "zan": " 168"}, {"text": "\n                    【华为公布孟晚舟来信：无论眼下面对多大困难压力，内心都能依然坚定】今日，华为公布孟晚舟5月9日写给所有华为人的一封信。信中写到：在温哥华的这段时间，虽然我的活动范围仅在“方寸之间”，但是，心中的色彩和天地却前所未有的丰富而广阔。无论眼下面对多大的困难和压力，我的内心都能依然坚定。  ​  展开全文c \n                    【华为公布孟晚舟来信：无论眼下面对多大困难压力，内心都能依然坚定】今日，华为公布孟晚舟5月9日写给所有华为人的一封信。信中写到：在温哥华的这段时间，虽然我的活动范围仅在“方寸之间”，但是，心中的色彩和天地却前所未有的丰富而广阔。无论眼下面对多大的困难和压力，我的内心都能依然坚定。 ​​​ 收起全文d\n", "author": "习五一", "time": "习五一2019年05月13日15:15 来自iPhone8Plus", "transmit": " 转发 33", "comment": "评论 115", "zan": " 176"}, {"text": "\n#孟晚舟致信华为人#：任何事情，都有美好的一面，谢谢每一位华为儿女。 (@华为心声社区 ) ​                ", "author": "蓝鲸财经记者工作平台", "time": "蓝鲸财经记者工作平台2019年05月13日11:44 来自iPhoneX", "transmit": " 转发 31", "comment": "评论 50", "zan": " 61"}, {"text": "\n                    ●孟晚舟5月9日给所有华为人的一封信读这封信真是感到孟晚舟女士内心无比的强大——你们的牵挂，让我读到温暖；你们的支持，让我感到力量；我相信，我走出的每一步，都有18.8万华为儿女的陪伴。所以，无论眼下面对多大的困难和压力，我的内心都能依然坚定！#华为# #华为公布孟晚舟来信# ​                ", "author": "建华Wei业", "time": "建华Wei业2019年05月13日11:34 来自华为超话", "transmit": " 转发 24", "comment": "评论 23", "zan": " 165"}, {"text": "\n                    今天上午，孟晚舟通过华为公司的官方网络社区“心声社区”发布了一封写给“所有华为人”的信，对18.8万华为人给予她的支持和关心表示了感谢。以下为文章全文：谢谢你们，我最亲密的伙伴在温哥华的这段时间，虽然我的活动范围仅在“方寸之间”，但是，心中的色彩和天地却前所未有的丰富而广阔。而我 ​  展开全文c \n                    今天上午，孟晚舟通过华为公司的官方网络社区“心声社区”发布了一封写给“所有华为人”的信，对18.8万华为人给予她的支持和关心表示了感谢。以下为文章全文：谢谢你们，我最亲密的伙伴在温哥华的这段时间，虽然我的活动范围仅在“方寸之间”，但是，心中的色彩和天地却前所未有的丰富而广阔。而我，从未有机会如此紧密地与18.8万华为人联接在一起。任何事情，都有美好的一面，这份紧密且温暖的联接，如春风般美好。每次庭审结束，看到这么多的华为人熬着时差，远隔重洋，彻夜期待着我的消息，瞬间泪目！这么多我认识的，还有不认识的华为人，在这几个月里，一直默默地记挂着我的安危，持续不断地在心声社区上给我留言，为我祝福，给我加油，一种难以描述的感动总会从我心底由然升起。还有不少已经离职的华为儿女，他们已经定居在温哥华，每次庭审，他们都早早地去排队入场，尽他们最大的努力支持我。你们的牵挂，让我读到温暖；你们的支持，让我感到力量；我相信，我走出的每一步，都有18.8万华为儿女的陪伴。所以，无论眼下面对多大的困难和压力，我的内心都能依然坚定。我想，正是这种力量，让我们的手握得更紧，让华为意志的堡垒更加坚强。谢谢每一位华为儿女，谢谢你们的支持与关心！让我们一起加油！孟晚舟2019年5月9日于温哥华 收起全文d\n", "author": "沿海观察汇总者", "time": "沿海观察汇总者2019年05月13日14:05 来自HUAWEIMate10Pro", "transmit": " 转发 17", "comment": "评论 47", "zan": " 66"}, {"text": "\n孟晚舟在华为心声社区给所有华为人的一封信 ​                ", "author": "互联网见闻录", "time": "互联网见闻录2019年05月13日13:07 来自爱豆同款Android", "transmit": " 转发 9", "comment": "评论 54", "zan": " 60"}, {"text": "\n                    在没有确切证据和审判的情况下，美国和加拿大严重侵犯人权，给孟晚舟女士带电子脚镣，真是奇耻大辱！#华为# ​                ", "author": "建华Wei业", "time": "建华Wei业2019年05月13日19:36 来自华为超话", "transmit": " 转发 170", "comment": "评论 1044", "zan": " 2060"}, {"text": "\n#华为公布孟晚舟来信#：谢谢你们！从美国检方动作看，对方的证据是不够硬的，急吼吼的要华为换律师，说明很心虚，否则不需要搞这些小伎俩；加上同事支持，这也是孟晚舟信心满满一个来源。孟晚舟在5月9日给所有华为人的一封信中写道，在温哥华的这段时间，虽然活动范围仅在“方寸之间”，但是，心 ​  展开全文c \n#华为公布孟晚舟来信#：谢谢你们！从美国检方动作看，对方的证据是不够硬的，急吼吼的要华为换律师，说明很心虚，否则不需要搞这些小伎俩；加上同事支持，这也是孟晚舟信心满满一个来源。孟晚舟在5月9日给所有华为人的一封信中写道，在温哥华的这段时间，虽然活动范围仅在“方寸之间”，但是，心中的色彩和天地却前所未有的丰富而广阔。孟晚舟表示，无论眼下面对多大的困难和压力，内心都能依然坚定。正是这种力量，让手握得更紧，让华为意志的堡垒更加坚强。O孟晚舟5月9日给所有华为人的一封信：谢谢你们 收起全文d\n", "author": "HW前HR", "time": "HW前HR2019年05月13日12:11 来自HUAWEIP30Pro", "transmit": " 转发 13", "comment": "评论 26", "zan": " 118"}, {"text": "\n                    【华为公布“孟晚舟来信”：感谢牵挂，内心坚定】5月13日上午，华为“心声社区”公布一封孟晚舟5月9日给所有华为人的信。#华为公布孟晚舟来信# ​（环球网） ​                ", "author": "今晚报", "time": "今晚报2019年05月13日12:11 来自360安全浏览器", "transmit": " 转发 5", "comment": "评论 8", "zan": " 31"}, {"text": "\n                    【#华为公布孟晚舟来信#：谢谢你们】孟晚舟在5月9日给所有华为人的一封信中写道，在温哥华的这段时间，虽然活动范围仅在“方寸之间”，但是，心中的色彩和天地却前所未有的丰富而广阔。孟晚舟表示，无论眼下面对多大的困难和压力，内心都能依然坚定。正是这种力量，让手握得更紧，让华为意志的堡垒 ​  展开全文c \n                    【#华为公布孟晚舟来信#：谢谢你们】孟晚舟在5月9日给所有华为人的一封信中写道，在温哥华的这段时间，虽然活动范围仅在“方寸之间”，但是，心中的色彩和天地却前所未有的丰富而广阔。孟晚舟表示，无论眼下面对多大的困难和压力，内心都能依然坚定。正是这种力量，让手握得更紧，让华为意志的堡垒更加坚强。O孟晚舟5月9日给所有华为人的一封信：谢谢你们 收起全文d\n", "author": "新浪证券", "time": "新浪证券2019年05月13日13:51 来自微博weibo.com", "transmit": " 转发 7", "comment": "评论 19", "zan": " 71"}, {"text": "\n                    加油！孟晚舟致信华为人：心中从未如此丰富而广阔，谢谢你们O孟晚舟听证会后致信华为人：心中从未如此丰富而广阔，谢谢你们 谢谢你们，我最亲密的伙伴在温哥华的这段时间，虽然我的活动范围仅在“方寸之间”，但是，心中的色彩和天地却前所未有的丰富而广阔。而我，从未有机会如此紧密地与18.8万华为人联接在一起。任何事情，都有美好的 ​  展开全文c \n                    加油！孟晚舟致信华为人：心中从未如此丰富而广阔，谢谢你们O孟晚舟听证会后致信华为人：心中从未如此丰富而广阔，谢谢你们 谢谢你们，我最亲密的伙伴在温哥华的这段时间，虽然我的活动范围仅在“方寸之间”，但是，心中的色彩和天地却前所未有的丰富而广阔。而我，从未有机会如此紧密地与18.8万华为人联接在一起。任何事情，都有美好的一面，这份紧密且温暖的联接，如春风般美好。每次庭审结束，看到这么多的华为人熬着时差，远隔重洋，彻夜期待着我的消息，瞬间泪目！这么多我认识的，还有不认识的华为人，在这几个月里，一直默默地记挂着我的安危，持续不断地在心声社区上给我留言，为我祝福，给我加油，一种难以描述的感动总会从我心底由然升起。还有不少已经离职的华为儿女，他们已经定居在温哥华，每次庭审，他们都早早地去排队入场，尽他们最大的努力支持我。你们的牵挂，让我读到温暖；你们的支持，让我感到力量；我相信，我走出的每一步，都有18.8万华为儿女的陪伴。所以，无论眼下面对多大的困难和压力，我的内心都能依然坚定。我想，正是这种力量，让我们的手握得更紧，让华为意志的堡垒更加坚强。谢谢每一位华为儿女，谢谢你们的支持与关心！让我们一起加油！孟晚舟2019年5月9日于温哥华 收起全文d\n", "author": "中科大胡不归", "time": "中科大胡不归2019年05月13日14:17 来自观网App", "transmit": " 转发 26", "comment": "评论 26", "zan": " 123"}, {"text": "\n                    【#孟晚舟致信华为人#：任何事情都有美好的一面】华为公布了孟晚舟在 5 月 9 日给所有华为人写的一封信，孟晚舟在信中表示，在温哥华的这段时间，虽然活动范围仅在“方寸之间”，但是，心中的色彩和天地却前所未有的丰富而广阔。而我，从未有机会如此紧密地与18.8万华为人联接在一起。任何事情，都有 ​  展开全文c \n                    【#孟晚舟致信华为人#：任何事情都有美好的一面】华为公布了孟晚舟在 5 月 9 日给所有华为人写的一封信，孟晚舟在信中表示，在温哥华的这段时间，虽然活动范围仅在“方寸之间”，但是，心中的色彩和天地却前所未有的丰富而广阔。而我，从未有机会如此紧密地与18.8万华为人联接在一起。任何事情，都有美好的一面，这份紧密且温暖的联接，如春风般美好。每次庭审结束，看到这么多的华为人熬着时差，远隔重洋，彻夜期待着我的消息，瞬间泪目！#华为公布孟晚舟来信# 收起全文d\n", "author": "爱范儿", "time": "爱范儿2019年05月13日15:21 来自微博weibo.com", "transmit": " 转发 24", "comment": "评论 61", "zan": " 29"}, {"text": "\n#华为公布孟晚舟来信#没事就好。此前华为公司坚信本案非法滥用诉讼程序，背后有政治因素驱动。你觉得呢？ L南京艾美莱齿科Dentist-Wang的微博视频 ​                ", "author": "乐牙之乐", "time": "乐牙之乐2019年05月13日12:51 来自臻于爱齿的iPhone客户端", "transmit": " 转发 20", "comment": "评论 44", "zan": " 49"}, {"text": "\n#华为公布孟晚舟来信# 任正非：“华为内部正在涣散，感谢美国的压力让华为重新团结，这是世界名人孟晚舟给华为的信上的话”。感谢美国～ O网页链接 ​                ", "author": "大河南阳", "time": "大河南阳2019年05月13日13:48 来自微博云剪", "transmit": " 转发 14", "comment": "评论 11", "zan": " 25"}]