[{"text": "\n                    本文作者为Joseph Smith——IBM团队最早的成员之一，也是第一个到华为总部工作和生活的外籍人士。从1999年起，他作为华为员工和顾问，在华为工作了20年。以下为其对华为孟晚舟事件的评价。O华为外籍顾问回顾20年工作：从未听说华为有不当行为 ​                ", "author": "集微网官网", "time": "集微网官网2019年03月03日19:41 来自搜狗高速浏览器", "transmit": " 转发 171", "comment": "评论 16", "zan": " 55"}, {"text": "\n                    关于华为孟晚舟事件，跟朋友们简单分享两个观点：1、启动引渡的司法程序，只是说法院对是否引渡正式开始审理，但不代表已经决定要引渡。加拿大由于是三权分立体系，行政机关和司法机关完全是互相独立的。因此，行政机关提出引渡请求，交由法院来裁决，法院是否准许，完全看庭审审理和法官态度。2、 ​  展开全文c \n                    关于华为孟晚舟事件，跟朋友们简单分享两个观点：1、启动引渡的司法程序，只是说法院对是否引渡正式开始审理，但不代表已经决定要引渡。加拿大由于是三权分立体系，行政机关和司法机关完全是互相独立的。因此，行政机关提出引渡请求，交由法院来裁决，法院是否准许，完全看庭审审理和法官态度。2、这个案件估计快不了，为什么呢？看看赖某人曾经因为引渡问题，在加拿大司法程序中赖了十年，因此，孟的案件想要快速结案，估计也没那么容易。而且，即便这个案子再紧急，枫叶国的法官们应该也不会给你加班审，所以就慢慢拖吧。在这种冗长的司法体系下，十分考验当事人的耐心和财力。如果你没钱，打不起官司，那你可能只能选择认罪，以提前结束程序，除非真的是非常冤，下定决心即便倾家荡产也要死扛到底。不过，鉴于孟应该是很有钱的，区区律师费应该不成问题，因此，从孟方角度来说，案件最终结果应该是相对乐观的。 收起全文d\n", "author": "皇城根下刀笔吏", "time": "皇城根下刀笔吏2019年03月03日21:49 来自360安全浏览器", "transmit": " 转发 4", "comment": "评论 19", "zan": " 40"}, {"text": "\n                    【中国驻加大使馆发表声明，强烈不满对孟晚舟展开引渡聆讯】中国驻加拿大大使馆就联邦司法部授权，对中国电讯商华为副董事长孟晚舟展开引渡聆讯程序发表声明。声明指出，中方对加拿大司法部就孟晚舟案签发授权进行令，表示强烈不满和坚决反对。声明认为，孟晚舟案不是一宗简单的司法案件，而是对一 ​  展开全文c \n                    【中国驻加大使馆发表声明，强烈不满对孟晚舟展开引渡聆讯】中国驻加拿大大使馆就联邦司法部授权，对中国电讯商华为副董事长孟晚舟展开引渡聆讯程序发表声明。声明指出，中方对加拿大司法部就孟晚舟案签发授权进行令，表示强烈不满和坚决反对。声明认为，孟晚舟案不是一宗简单的司法案件，而是对一家中国高科技企业的政治迫害，后来的事态发展证明了这一点，虽然加方标榜「法治原则」、「司法独立」，但并不能掩盖其在孟晚舟案上犯下的错误。声明表示，如果加方真的遵循法治原则、司法独立，就应该按照加拿大引渡法的有关条款，拒绝美方引渡请求，立即释放孟晚舟，加拿大法庭的最终审理结果，将是对加方是否坚持司法独立的试金石，中方将拭目以待。#加拿大生活# #加拿大新鲜事# #中国驻加拿大大使馆# 收起全文d\n", "author": "城市知道-温哥华", "time": "城市知道-温哥华2019年03月03日02:06 来自微博weibo.com", "transmit": " 转发 6", "comment": "评论 1", "zan": " 12"}, {"text": "\n                    【孟晚舟引渡启动 北京或禁留学生赴加】牵动中、美、加关系的华为太子女兼副董事长孟晚舟案引渡程序正式启动，加拿大法院铁定下周三开庭审理，一场旷日废时的司法战争就此开打。专家估计北京报复行动或会升级，不排除北京为救孟晚舟而不惜煞停中国学生赴加留学。O网页链接 ​                ", "author": "加拿大网络电视", "time": "加拿大网络电视2019年03月03日23:50 来自专业版微博", "transmit": " 转发 6", "comment": "评论 37", "zan": " 13"}]