[{"text": "\n                    【华为董事长回应孟晚舟事件:公司业务运作一切正常】12月25日，华为董事长梁华在深圳接受了国内媒体的采访，就孟晚舟事件、5G等热点事件做出了回应。梁华称，加拿大事件发生后，社会各界对公司表示了关心，感谢全球所有对华为、孟晚舟女士的关心。他强调，华为公司业务运作一切正常。 ​  展开全文c \n                    【华为董事长回应孟晚舟事件:公司业务运作一切正常】12月25日，华为董事长梁华在深圳接受了国内媒体的采访，就孟晚舟事件、5G等热点事件做出了回应。梁华称，加拿大事件发生后，社会各界对公司表示了关心，感谢全球所有对华为、孟晚舟女士的关心。他强调，华为公司业务运作一切正常。O华为董事长梁华：业绩不错，5G基站商用发货过万 收起全文d\n", "author": "环球网", "time": "环球网2018年12月25日18:08 来自微博weibo.com", "transmit": " 转发 430", "comment": "评论 311", "zan": " 1314"}, {"text": "\n                    【华为董事长回应“孟晚舟事件”】12月25日，华为董事长梁华首次回应“孟晚舟事件”：孟晚舟事件发生后，公司一切运转正常，我本人也很牵挂她，感谢全球所有支持华为和孟晚舟的人。据梁华透露，孟晚舟事件发生后，华为员工特意做了一款杯子声援孟晚舟。O华为董事长今天出面首谈孟晚舟 ​                ", "author": "凤凰网", "time": "凤凰网2018年12月25日18:06 来自微博weibo.com", "transmit": " 转发 25", "comment": "评论 76", "zan": " 247"}, {"text": "\n                    【华为董事长今天出面首谈孟晚舟】今天上午，华为公司在深圳总部举行了一次中国媒体圆桌会议，董事长梁华在会上透露，孟晚舟事件发生后，华为员工自发制作了一款印有 \" 灯塔在守候，晚舟早归航 \" 字样的杯子声援孟晚舟。\" 我本人也很牵挂她，我们应该更好的聚焦工作，案件已在司法过程，华为内部应该更 ​  展开全文c \n                    【华为董事长今天出面首谈孟晚舟】今天上午，华为公司在深圳总部举行了一次中国媒体圆桌会议，董事长梁华在会上透露，孟晚舟事件发生后，华为员工自发制作了一款印有 \" 灯塔在守候，晚舟早归航 \" 字样的杯子声援孟晚舟。\" 我本人也很牵挂她，我们应该更好的聚焦工作，案件已在司法过程，华为内部应该更好地做好本职工作，困难和挑战让我们更坚强。感谢全球所有支持华为和孟晚舟的人 !\" 梁华说。  O华为董事长今天出面首谈孟晚舟 收起全文d\n", "author": "头条新闻", "time": "头条新闻2018年12月25日17:57 来自微博weibo.com", "transmit": " 转发 122", "comment": "评论 515", "zan": " 659"}, {"text": "\n                    【华为员工制作水杯牵挂孟晚舟：灯塔在守候，晚舟早归航】12月25日，华为在其深圳总部举办中国媒体圆桌会，华为董事长梁华在会上透露，孟晚舟事件发生后，华为员工特意做了一款杯子声援孟晚舟。梁华说，“我本人也很牵挂她，我们应该更好的聚焦工作，案件已在司法过程，华为内部应该更好地做好本职工作 ​  展开全文c \n                    【华为员工制作水杯牵挂孟晚舟：灯塔在守候，晚舟早归航】12月25日，华为在其深圳总部举办中国媒体圆桌会，华为董事长梁华在会上透露，孟晚舟事件发生后，华为员工特意做了一款杯子声援孟晚舟。梁华说，“我本人也很牵挂她，我们应该更好的聚焦工作，案件已在司法过程，华为内部应该更好地做好本职工作，困难和挑战让我们更坚强。感谢全球所有支持华为和孟晚舟的人！” 收起全文d\n", "author": "环球网", "time": "环球网2018年12月25日10:29 来自360安全浏览器", "transmit": " 转发 98", "comment": "评论 94", "zan": " 596"}, {"text": "\n                    【华为员工制作水杯牵挂孟晚舟：灯塔在守候，晚舟早归航】12月25日，华为在其深圳总部举办中国媒体圆桌会，华为董事长梁华表示，孟晚舟事件发生以后，公司业务运作一切正常，全体员工仍聚焦工作。会议上暖心的一幕是，华为员工为声援孟晚舟特意做的一款杯子，上面印着：灯塔在守候，晚舟早归航！ ​  展开全文c \n                    【华为员工制作水杯牵挂孟晚舟：灯塔在守候，晚舟早归航】12月25日，华为在其深圳总部举办中国媒体圆桌会，华为董事长梁华表示，孟晚舟事件发生以后，公司业务运作一切正常，全体员工仍聚焦工作。会议上暖心的一幕是，华为员工为声援孟晚舟特意做的一款杯子，上面印着：灯塔在守候，晚舟早归航！O直击|梁华回应加拿大事件：华为运作正常 感谢关心 收起全文d\n", "author": "中国长安网", "time": "中国长安网2018年12月25日23:11 来自微博weibo.com", "transmit": " 转发 48", "comment": "评论 19", "zan": " 168"}, {"text": "\n                    【沉着应战】华为董事长出面首谈孟晚舟。事件发生后，华为员工特意做了一款杯子声援孟晚舟。“我本人也很牵挂她，我们应更好地聚焦工作，案件已在司法过程，华为内部应更好地做好本职工作，困难和挑战让我们更坚强。感谢全球所有支持华为和孟晚舟的人！关键还是要把自己的事情做好，赢得客户的信任。” ​  展开全文c \n                    【沉着应战】华为董事长出面首谈孟晚舟。事件发生后，华为员工特意做了一款杯子声援孟晚舟。“我本人也很牵挂她，我们应更好地聚焦工作，案件已在司法过程，华为内部应更好地做好本职工作，困难和挑战让我们更坚强。感谢全球所有支持华为和孟晚舟的人！关键还是要把自己的事情做好，赢得客户的信任。” O华为董事长今天出面首谈孟晚舟 收起全文d\n", "author": "北京鲁戈", "time": "北京鲁戈2018年12月25日20:11 来自分享按钮", "transmit": " 转发 97", "comment": "评论 28", "zan": " 50"}, {"text": "\n                    【直击|梁华回应加拿大事件：华为运作正常 感谢关心】华为董事长梁华今日出席华为媒体沟通会，与新浪科技等媒体进行交流。在回答孟晚舟事件时，梁华表示，事发后公司业务运作一切正常，全体员工仍聚焦工作。社会各界对公司也表示了关心，感谢全球所有对华为、孟晚舟女士的关心。O直击|梁华回应加拿大事件：华为运作正常 感谢关心 ​                ", "author": "新浪科技", "time": "新浪科技2018年12月25日09:50 来自微博weibo.com", "transmit": " 转发 13", "comment": "评论 12", "zan": " 46"}, {"text": "\n                    【华为董事长回应孟晚舟事件，员工自发制作“灯塔”咖啡杯】12月25日上午，华为董事长梁华出席华为媒体沟通会。在回答孟晚舟事件时，梁华表示，事件发生以后，公司业务运作一切正常，大部分员工仍聚焦工作。梁华表示，事件发生后社会各界对公司也表示了关心，感谢全球所有对华为、孟晚舟女士的关心。 ​  展开全文c \n                    【华为董事长回应孟晚舟事件，员工自发制作“灯塔”咖啡杯】12月25日上午，华为董事长梁华出席华为媒体沟通会。在回答孟晚舟事件时，梁华表示，事件发生以后，公司业务运作一切正常，大部分员工仍聚焦工作。梁华表示，事件发生后社会各界对公司也表示了关心，感谢全球所有对华为、孟晚舟女士的关心。梁华介绍，在现场的咖啡杯上印有“灯塔在守候，晚舟早归航”，是员工自发制作的。“华为现在要做的，就是把业务做好，服务好客户，困难和挑战只会使公司更坚强。”（新浪科技） 收起全文d\n", "author": "老板联播", "time": "老板联播2018年12月25日10:36 来自iPhone客户端", "transmit": " 转发 11", "comment": "评论 19", "zan": " 43"}, {"text": "\n                    【华为5G海外市场现转机 董事长梁华详解后续策略】 孟晚舟事件发生之后，华为采取了不同以往的开放策略。12月18日，华为轮值董事长胡厚崑就该事件接受十余家海外媒体采访，回答了各种尖锐提问；12月25日，华为董事长梁华在深圳华为总部再次对媒体详解华为下一阶段的发展策略。梁华表示，面对外部环境的 ​  展开全文c \n                    【华为5G海外市场现转机 董事长梁华详解后续策略】 孟晚舟事件发生之后，华为采取了不同以往的开放策略。12月18日，华为轮值董事长胡厚崑就该事件接受十余家海外媒体采访，回答了各种尖锐提问；12月25日，华为董事长梁华在深圳华为总部再次对媒体详解华为下一阶段的发展策略。梁华表示，面对外部环境的变化，华为会沿着既定业务策略和发展战略继续前行。“不会因为有这些变化而发生改变。” O华为5G海外市场现转机 董事长梁华详解后续策略 收起全文d\n", "author": "凤凰网财经", "time": "凤凰网财经2018年12月25日20:25", "transmit": " 转发 16", "comment": "评论 15", "zan": " 52"}, {"text": "\n孟晚舟事件发生后，华为员工特意做了一款声援杯“灯塔在守候 晚舟早归航” ​                ", "author": "蒋晓峰Terry", "time": "蒋晓峰Terry2018年12月25日19:18 来自三星GALAXYNote8", "transmit": " 转发 13", "comment": "评论 19", "zan": " 52"}, {"text": "\n                    【梁华：华为有信心活下来且能够成长】华为董事长梁华谈及孟晚舟事件、5G被一些国家运营商拒绝等对华为的影响，数次提到华为要“活下来”。华为希望展示开放姿态，并承诺在网络安全领域投入20亿美元 O梁华：华为有信心活下来且能够成长 ​                ", "author": "财新网", "time": "财新网2018年12月25日16:26 来自财新网", "transmit": " 转发 13", "comment": "评论 71", "zan": " 42"}, {"text": "\n                    【华为董事长梁华：公司在5G上投入大量心血，不会因复杂外部环境放弃追求】12月25日，华为董事长梁华在深圳总部举办了一场面向国内媒体的沟通会，对外界关注的一些问题给出了回应。有关此前华为副董事长、CFO孟晚舟在加拿大被扣留一事，梁华表示，自己与孟晚舟共事20年，双方有很长久的合作关系，他也 ​  展开全文c \n                    【华为董事长梁华：公司在5G上投入大量心血，不会因复杂外部环境放弃追求】12月25日，华为董事长梁华在深圳总部举办了一场面向国内媒体的沟通会，对外界关注的一些问题给出了回应。有关此前华为副董事长、CFO孟晚舟在加拿大被扣留一事，梁华表示，自己与孟晚舟共事20年，双方有很长久的合作关系，他也感谢了外界对于孟晚舟的关心；但他同时也表示，这一事件并没有影响公司的正常运作，各项工作都在有序进行。此前，华为的5G业务发展在多个国家都遭遇了阻力，梁华回应称，在5G方面，已经发货超过1万个5G基站，签署了26个5G商业合同。他表示，华为在5G技术的研发上“比别人更努力，投入了更多的心血”，华为将持续构筑在5G业务上的竞争力。（界面） 收起全文d\n", "author": "中国企业家杂志", "time": "中国企业家杂志2018年12月25日14:49 来自微博weibo.com", "transmit": " 转发 9", "comment": "评论 12", "zan": " 40"}, {"text": "\n                    【华为董事长：感谢外界关心孟女士和华为】华为技术有限公司董事长梁华今天（25日）上午在深圳坂田华为总部接受媒体访问时回应看了CFO孟晚舟日记的感受，他说，“人间自有真情在“，也感谢外界对孟女士和华为的关心。O华为董事长：感谢外界关心孟女士和华为 ​                ", "author": "早报网", "time": "早报网2018年12月25日13:56 来自微博weibo.com", "transmit": " 转发 19", "comment": "评论 63", "zan": " 43"}, {"text": "\n                    【华为董事长：感谢外界关心孟女士和华为】25日上午，华为技术有限公司董事长梁华在深圳坂田华为总部接受第一财经等媒体专访时表示，华为已经建立了风险管理体系，有供应链风险预警体系，面对可能出现的不确定性风险，华为的供应链是安全的。在回应看了CFO孟晚舟日记的感受时，梁华表示“人间自有真情 ​  展开全文c \n                    【华为董事长：感谢外界关心孟女士和华为】25日上午，华为技术有限公司董事长梁华在深圳坂田华为总部接受第一财经等媒体专访时表示，华为已经建立了风险管理体系，有供应链风险预警体系，面对可能出现的不确定性风险，华为的供应链是安全的。在回应看了CFO孟晚舟日记的感受时，梁华表示“人间自有真情在”，也感谢外界对孟女士和华为的关心。第一财经记者注意到，华为发布会现场摆有“灯塔在守候，晚舟早归航”文案的咖啡杯。O滚动更新丨梁华：感谢外界关心孟女士和华为，未来将构建万物互联的智能世界 L究竟视频的秒拍视频 收起全文d\n", "author": "第一财经日报", "time": "第一财经日报2018年12月25日11:04 来自微博weibo.com", "transmit": " 转发 18", "comment": "评论 39", "zan": " 57"}, {"text": "\n华为董事长梁华今日出席华为媒体沟通会，与媒体进行交流。沟通会上，在回答孟晚舟事件时，梁华表示，事件发生以后，公司业务运作一切正常，全体员工仍聚焦工作。他表示华为公司把网络安全和隐私保护作为最高纲领，披露有1600多项5G专利，构筑华为的核心竞争力。文章： O华为董事长梁华记者沟通会 ​                ", "author": "HW前HR", "time": "HW前HR2018年12月25日11:58 来自HUAWEIMate20Pro", "transmit": " 转发 35", "comment": "评论 24", "zan": " 118"}]