[{"text": "\n                    台湾许多人对于华为公主-孟晚舟被加拿大政府扣押感到幸灾乐祸，但是今年一月法国出版了一本书-「美国陷阱」，当中详述了法国阿尔斯通公司是如何被美国司法部门勒索、敲诈，对该公司高管进行逮捕，甚至在未审判之下就羁押，而这还是发生在美国的盟友-法国身上，请问台湾的地位有比法国重要吗？如果没有 ​  展开全文c \n                    台湾许多人对于华为公主-孟晚舟被加拿大政府扣押感到幸灾乐祸，但是今年一月法国出版了一本书-「美国陷阱」，当中详述了法国阿尔斯通公司是如何被美国司法部门勒索、敲诈，对该公司高管进行逮捕，甚至在未审判之下就羁押，而这还是发生在美国的盟友-法国身上，请问台湾的地位有比法国重要吗？如果没有，那群幸灾乐祸的台湾人是否该戒慎恐惧呢？ L蘇恆-台灣的微博视频 收起全文d\n", "author": "蘇恆-台灣", "time": "蘇恆-台灣2019年02月14日13:23 来自微博weibo.com", "transmit": " 转发 118", "comment": "评论 166", "zan": " 589"}]