[{"text": "\n                    【孟晚舟事件│叶刘淑仪：将换用华为手机以示支持】华为财务总监（CFO）孟晚舟12月1日在温哥华国际机场被加拿大扣留引发舆论高度关注。由于孟晚舟持有香港护照，曾任保安局局长和入境处处长的香港立法会议员叶刘淑仪表示，“香港入境处设有热线协助在外的居民，如果孟女士求助，香港入境处一定帮。”叶 ​  展开全文c \n                    【孟晚舟事件│叶刘淑仪：将换用华为手机以示支持】华为财务总监（CFO）孟晚舟12月1日在温哥华国际机场被加拿大扣留引发舆论高度关注。由于孟晚舟持有香港护照，曾任保安局局长和入境处处长的香港立法会议员叶刘淑仪表示，“香港入境处设有热线协助在外的居民，如果孟女士求助，香港入境处一定帮。”叶刘淑仪还表示，自己虽然不会呼吁所以全港市民去买华为，但自己“一定会将手机转成华为，支持这间公司”。 O​孟晚舟事件│葉劉淑儀：將換用華為手機以示支持 L大公報-大公網的秒拍视频 收起全文d\n", "author": "大公報-大公網", "time": "大公報-大公網2018年12月10日14:20 来自微博weibo.com", "transmit": " 转发 3007", "comment": "评论 3682", "zan": " 16242"}, {"text": "\n#华为cfo孟晚舟被捕#【有血性的中国人！香港民众抗议美加卑劣行为】近日，香港多个民间团体至美国和加拿大驻港澳总领事馆外抗议，市民谴责美国粗暴无理，擅自扣押中国公民，侵犯人权。有市民批评加拿大向美国献媚是懦夫和“缩头乌龟”的行为，要求立即无条件释放孟晚舟。#天下万象##华为# ​  展开全文c \n#华为cfo孟晚舟被捕#【有血性的中国人！香港民众抗议美加卑劣行为】近日，香港多个民间团体至美国和加拿大驻港澳总领事馆外抗议，市民谴责美国粗暴无理，擅自扣押中国公民，侵犯人权。有市民批评加拿大向美国献媚是懦夫和“缩头乌龟”的行为，要求立即无条件释放孟晚舟。#天下万象##华为##孟晚舟保释听证# O网页链接 收起全文d\n", "author": "第一播报", "time": "第一播报2018年12月10日18:51 来自HUAWEIMate10", "transmit": " 转发 315", "comment": "评论 146", "zan": " 401"}, {"text": "\n                    【还是应理性支持华为  不要做亲者痛，仇者快的事情】这几天中国民间反美情绪日渐高涨，很多中国企业和普通民众纷纷站出来声援华为，还有用实际行动支持华为，这是正常的，也是应该支持的。就应该让西方资本感受到中国民众给予的压力，民间自愿的抵制美国产品无可厚非。但是有些中国企业做的有些 ​  展开全文c \n                    【还是应理性支持华为  不要做亲者痛，仇者快的事情】这几天中国民间反美情绪日渐高涨，很多中国企业和普通民众纷纷站出来声援华为，还有用实际行动支持华为，这是正常的，也是应该支持的。就应该让西方资本感受到中国民众给予的压力，民间自愿的抵制美国产品无可厚非。但是有些中国企业做的有些过了，因为一部苹果手机，就对中国员工罚款，就开除中国员工，开除的员工走向社会，还不是中国社会问题，这么做反而是伤害自己国人，美国可乐坏了。图3和图4是正确做法，可以为员工补贴换华为手机，可以劝导建议换华为手机，堵不如疏。不是批评，只是觉得换个方式更合适，这些中国企业心情是非常理解的，也是振奋人心的，正常中国人都会通过各种途径表达我们愤慨，但是要注意方式方法，更不能伤害自己国人。有人开始攻击这种正常民间反美情绪，小粉红，战狼准备……各种讽刺挖苦，不用理会。只要不失去理智就行，任何国家正常的人，都不会接受自己国家任意被别国欺辱，当然中国有很多例外，可能他们不正常吧，也可能就不是人吧！没有母国概念的人，其实和狗没啥区别，谁给骨头就能牵走，这没有侮辱狗吧？标签:#华为##华为cfo孟晚舟被捕##战狼# 收起全文d\n", "author": "建华Wei业", "time": "建华Wei业2018年12月10日20:22 来自华为超话", "transmit": " 转发 203", "comment": "评论 599", "zan": " 831"}, {"text": "\n                    #孟晚舟#【有血性的中国人！香港民众抗议美加卑劣行为】近日，香港多个民间团体至美国和加拿大驻港澳总领事馆外抗议，市民谴责美国粗暴无理，擅自扣押中国公民，侵犯人权。有市民批评加拿大向美国献媚是懦夫和“缩头乌龟”的行为，要求立即无条件释放孟晚舟。O网页链接 #华为# ​  展开全文c \n                    #孟晚舟#【有血性的中国人！香港民众抗议美加卑劣行为】近日，香港多个民间团体至美国和加拿大驻港澳总领事馆外抗议，市民谴责美国粗暴无理，擅自扣押中国公民，侵犯人权。有市民批评加拿大向美国献媚是懦夫和“缩头乌龟”的行为，要求立即无条件释放孟晚舟。O网页链接 #华为##华为cfo孟晚舟被捕# ​ 收起全文d\n", "author": "高级股票分析师", "time": "高级股票分析师2018年12月10日19:15 来自HUAWEIMate10", "transmit": " 转发 36", "comment": "评论 71", "zan": " 356"}, {"text": "\n                    【孟晚舟保释听证会今继续！加拿大鹅暴跌波司登受益】分析人士认为，加拿大鹅股价短期暴跌，和加拿大警方拘捕华为CFO孟晚舟关系很大，投资者担心加拿大鹅公司产品被中国销售者抵制，从而业务受损。伴随加拿大鹅股价暴跌，作为中国知名羽绒服制造商的波司登港股股价却不断攀升。O孟晚舟保释听证会今继续！加拿大鹅暴跌波司登受益 ​                ", "author": "创业家传媒", "time": "创业家传媒2018年12月10日14:47 来自360安全浏览器", "transmit": " 转发 105", "comment": "评论 145", "zan": " 355"}, {"text": "\n                    力挺华为和孟晚舟，可联想到底是中国公司还是美国公司？看看杨元庆怎么回答的L从股置金的微博视频 ​                ", "author": "从股置金", "time": "从股置金2018年12月10日12:25 来自微博视频", "transmit": " 转发 198", "comment": "评论 84", "zan": " 504"}, {"text": "\n                    【有血性的中国人！香港民众抗议美加卑劣行为】近日，香港多个民间团体至美国和加拿大驻港澳总领事馆外抗议，市民谴责美国粗暴无理，擅自扣押中国公民，侵犯人权。有市民批评加拿大向美国献媚是懦夫和“缩头乌龟”的行为，要求立即无条件释放孟晚舟。O网页链接 #华为##华为cfo孟晚舟被捕# ​                ", "author": "建华Wei业", "time": "建华Wei业2018年12月10日18:25 来自HUAWEIMate20Pro", "transmit": " 转发 114", "comment": "评论 78", "zan": " 234"}, {"text": "\n#锐参考# 【今天，加拿大和美国驻华使馆被“围攻”了】今天下午，加拿大驻华使馆的官方微博上发布了一段有关#国际人权纪念日#的话，在敏感而特殊的背景下，这条微博很快沦为“年度笑话”，更引来了众多中国网友的质疑和批评。距离媒体爆出加拿大警方拘捕华为首席财务官孟晚舟事件，刚刚过去一周。作为 ​  展开全文c \n#锐参考# 【今天，加拿大和美国驻华使馆被“围攻”了】今天下午，加拿大驻华使馆的官方微博上发布了一段有关#国际人权纪念日#的话，在敏感而特殊的背景下，这条微博很快沦为“年度笑话”，更引来了众多中国网友的质疑和批评。距离媒体爆出加拿大警方拘捕华为首席财务官孟晚舟事件，刚刚过去一周。作为直接\"抓人\"一方的加拿大，正一步步陷入尴尬境地—— O今天，加拿大和美国驻华使馆被“围攻”了…… 收起全文d\n", "author": "参考消息", "time": "参考消息2018年12月10日21:04 来自微博weibo.com", "transmit": " 转发 178", "comment": "评论 117", "zan": " 358"}, {"text": "\n                    昨天凌晨华为长公主孟晚舟的温哥华豪宅被强盗破门而入，吓得一群买不起房的宝宝说外国好可怕，连加拿大也不能呆了！唉，一群贫贱不能移的人去操心威武不能屈的事，天冷了，早点洗洗睡吧。  另，藏好你的苹果手机，免得被开除！ ​                ", "author": "醒来的大鸦", "time": "醒来的大鸦2018年12月10日19:19 来自HUAWEIMate8", "transmit": " 转发 70", "comment": "评论 332", "zan": " 328"}, {"text": "\n                    【加拿大驻华使馆发了这样一条微博 网友一拥而上】华为CFO孟晚舟当下依然被拘押于加拿大。今天，加拿大驻华使馆官微发布了一条微博，纪念《世界人权宣言》，并宣称“让我们共同维护平等、正义和人的尊严”。其下留言评论，自然成了大型翻车现场，该条微博被网友花式吊打。（环球网） ​                ", "author": "人民日报海外版-海外网", "time": "人民日报海外版-海外网2018年12月10日20:50 来自微博weibo.com", "transmit": " 转发 32", "comment": "评论 39", "zan": " 106"}, {"text": "\n#华为cfo孟晚舟被捕#孟晚舟校园演讲——选择被天赋更重要， 正确的选择是基于对未来的正确判断。（大佬时光）#天下万象##孟晚舟保释听证# L大佬时光的秒拍视频 ​​​                ", "author": "第一播报", "time": "第一播报2018年12月10日09:13 来自HUAWEIMate10", "transmit": " 转发 118", "comment": "评论 24", "zan": " 190"}, {"text": "\n                    #聚焦中美贸易战##华为cfo孟晚舟被捕# 为什么会罚中兴抓华为，更细致一点的解释。列出来了两种不同的立场与视角，大家可以对比着看，忽略最后几句话。视角一(转自亚舟） ​                ", "author": "西洋编译社", "time": "西洋编译社2018年12月10日23:20 来自坚果手机Pro2", "transmit": " 转发 45", "comment": "评论 41", "zan": " 108"}, {"text": "\n                    【紧急召见！中国外交部两次出重手！】关于加拿大拘押华为高管孟晚舟事件，这两天不断发酵，而中国方面亦密集发声。中国外交部副部长乐玉成出面代表中国政府两次紧急召见驻华大使，被召见人，则分别是加拿大驻华大使麦家廉和美国驻华大使布兰斯塔德。值得注意的是，在中方两次紧急召见的表态中，处处可 ​  展开全文c \n                    【紧急召见！中国外交部两次出重手！】关于加拿大拘押华为高管孟晚舟事件，这两天不断发酵，而中国方面亦密集发声。中国外交部副部长乐玉成出面代表中国政府两次紧急召见驻华大使，被召见人，则分别是加拿大驻华大使麦家廉和美国驻华大使布兰斯塔德。值得注意的是，在中方两次紧急召见的表态中，处处可见强烈的警示意味。 O小锐说 | 紧急召见！中国外交部两次出重手！ 收起全文d\n", "author": "参考消息", "time": "参考消息2018年12月10日16:33 来自微博weibo.com", "transmit": " 转发 42", "comment": "评论 81", "zan": " 161"}, {"text": "\n#华为cfo孟晚舟被捕# 声援华为，支持国货，社会组织在行动。 ​                ", "author": "老兵李连明", "time": "老兵李连明2018年12月10日10:56 来自HUAWEIMate8", "transmit": " 转发 211", "comment": "评论 76", "zan": " 186"}, {"text": "\n#华为CFO孟晚舟被捕# 未必是斯坦福大学博士写的，但理是这个理。。。 ​                ", "author": "倾听指尖", "time": "倾听指尖2018年12月10日16:26 来自指尖的美腿Android", "transmit": " 转发 127", "comment": "评论 84", "zan": " 154"}, {"text": "\n                    【李毅：评余智说美国抓孟晚舟有理】O网页链接  ​说到底，余智公开强烈表达了三个观点，第一，美国抓孟晚舟有理，因为华为给伊朗卖了美国产品。第二，中国不应该自力更生发展核心技术。第三，其实这个第三点最重要，“中国近几年发展方向与美方期待不符合而导致美国对中国进行整体遏制。对 ​  展开全文c \n                    【李毅：评余智说美国抓孟晚舟有理】O网页链接  ​说到底，余智公开强烈表达了三个观点，第一，美国抓孟晚舟有理，因为华为给伊朗卖了美国产品。第二，中国不应该自力更生发展核心技术。第三，其实这个第三点最重要，“中国近几年发展方向与美方期待不符合而导致美国对中国进行整体遏制。对此，中方应该通过实际行动，消除美方对中国总体战略走向的担忧，争取美方放松技术封锁。”余智真是把话都说透了。我认为，余智的这些说法，毫无道理，祸国殃民。这是典型的，买办思想，投降主义，洋奴哲学，爬行主义，这是要把中国搞成美日欧的附庸。余智为何不遗余力地为美加的流氓行径辩护，扒一下他的“学术”背景就不难理解了。余智： 中国人民大学 金融学 博士，美国乔治城大学 经济学 博士。经历：加拿大西安大略大学助教，美国乔治城大学助教，国际货币基金组织研究部，美国商务部特别宣誓身份研究员，美国达拉斯联邦储备银行特约研究员…… O李毅：评余智说美国抓孟晚舟有理 收起全文d\n", "author": "察网中国", "time": "察网中国2018年12月10日21:18 来自微博weibo.com", "transmit": " 转发 466", "comment": "评论 373", "zan": " 236"}, {"text": "\n                    致华为公司孟晚舟女士！地壳再硬，也阻挡不住正义的铁拳！让加拿大，听听来自华夏神州的声音！今天晚上，全中国正义的人民都是华为坚强的后盾！一个小民的微尘力⋯ ​                ", "author": "听丿春风之影", "time": "听丿春风之影2018年12月10日22:00", "transmit": " 转发 28", "comment": "评论 16", "zan": " 56"}, {"text": "\n                    方舟子，给美、加政府洗得起劲啊，美国国籍拿到了吧？以后还是叫你山姆·方吧。#华为cfo孟晚舟被捕# ​                ", "author": "上帝之鹰_5zn", "time": "上帝之鹰_5zn2018年12月10日11:17 来自微博weibo.com", "transmit": " 转发 72", "comment": "评论 307", "zan": " 243"}, {"text": "\n                    【梦派科技声援华为！员工买华为手机可获补贴 用苹果受处罚】这些天，华为首席财务官孟晚舟被美加扣留的事件，牵动了国人的心。今天，梦派科技在官网发布了一则通知，声援华为！（新浪科技） ​                ", "author": "商业周刊中文版", "time": "商业周刊中文版2018年12月10日13:04 来自微博weibo.com", "transmit": " 转发 212", "comment": "评论 404", "zan": " 115"}, {"text": "\n                    未知作者何许人也。美国报纸发表这样的文章，多少让我有点儿吃惊。【转发】       这次华为孟晚舟事件，政治迫害动机昭然若揭，洞穿了美国所谓公平自由的国家精神，动摇了整个高科技领域创新和公平竞争的基本原则。欣慰的是，美国媒体这次普遍冷静、理性，与中国很多脑残人士形成鲜明对比。        ​  展开全文c \n                    未知作者何许人也。美国报纸发表这样的文章，多少让我有点儿吃惊。【转发】       这次华为孟晚舟事件，政治迫害动机昭然若揭，洞穿了美国所谓公平自由的国家精神，动摇了整个高科技领域创新和公平竞争的基本原则。欣慰的是，美国媒体这次普遍冷静、理性，与中国很多脑残人士形成鲜明对比。       转《华盛顿邮报》文章“刑诉华为CFO是阻遏中国的弱智方法”。这份美国权威报纸分析如下：       1）逮捕任正非女儿跟逮捕乔布斯女儿一样是阴险而愚蠢的政治错误；       2）任何违规，美国政府都可以选择追究与不追究；       3）三星、爱立信都是伊朗的主要电信供应商，美国单挑华为说事，意识形态因素明显；       4）美国最高法院的精神是反对美国法在境外执行；       5）逮捕华为CFO起不到实际遏制华为的效果，反而被视为试图给中国施压的粗鲁蛮动，并给美国企业带来被中国报复的风险。美国人民希望在中美竞争中获胜，但不是通过这种低级的手段。icon网页链接​​​ 收起全文d\n", "author": "司马南", "time": "司马南2018年12月10日20:13 来自HUAWEIMate10Pro", "transmit": " 转发 113", "comment": "评论 216", "zan": " 158"}, {"text": "\n                    【今天12月10日，是世界人权日——今天我们都是华为人！】5G战略部署对我们至关重要，5G竞争者只有华为和高通，孟晚舟女士无故被加拿大警方拘押，迄今没有给出任何合理解释！今天是世界人权日，我们要为孟晚舟女士发声、为华为发声、为中国人发声，无耻霸权美国，肆意践踏人权，必将遭到全世界人民的 ​  展开全文c \n                    【今天12月10日，是世界人权日——今天我们都是华为人！】5G战略部署对我们至关重要，5G竞争者只有华为和高通，孟晚舟女士无故被加拿大警方拘押，迄今没有给出任何合理解释！今天是世界人权日，我们要为孟晚舟女士发声、为华为发声、为中国人发声，无耻霸权美国，肆意践踏人权，必将遭到全世界人民的讨伐和唾弃！ L袁炫华的微博视频 收起全文d\n", "author": "袁炫华", "time": "袁炫华2018年12月10日21:12 来自vivoX23AI非凡摄影", "transmit": " 转发 59", "comment": "评论 200", "zan": " 317"}, {"text": "\n                    【孟晚舟事件│叶刘淑仪：将换用华为手机以示支持】华为财务总监（CFO）孟晚舟12月1日在温哥华国际机场被加拿大扣留引发舆论高度关注。由于孟晚舟持有香港护照，曾任保安局局长和入境处处长的香港立法会议员叶刘淑仪表示，“香港入境处设有热线协助在外的居民，如果孟女士求助，香港入境处一定帮。”叶 ​  展开全文c \n                    【孟晚舟事件│叶刘淑仪：将换用华为手机以示支持】华为财务总监（CFO）孟晚舟12月1日在温哥华国际机场被加拿大扣留引发舆论高度关注。由于孟晚舟持有香港护照，曾任保安局局长和入境处处长的香港立法会议员叶刘淑仪表示，“香港入境处设有热线协助在外的居民，如果孟女士求助，香港入境处一定帮。”叶刘淑仪还表示，自己虽然不会呼吁所有全港市民去买华为，但自己“一定会将手机转成华为，支持这间公司”。O孟晚舟事件│葉劉淑儀：將換用華為手機以示支持 L香港文匯網的秒拍视频 收起全文d\n", "author": "香港文匯網", "time": "香港文匯網2018年12月10日12:49 来自秒拍网页版", "transmit": " 转发 97", "comment": "评论 195", "zan": " 411"}, {"text": "\n                    【孟晚舟患高血压 扣押期间曾送医】在加拿大被拘捕的华为公司首席财务官孟晚舟，据报目前被扣押在温哥华一处女子惩教中心，等候继续保释聆讯。路透社引述法庭文件显示，孟晚舟患有严重高血压，她担心自己遭羁押期间的健康；而她被扣留后，也曾因高血压被送往医院治疗。孟晚舟表示，她在加拿大有至少长 ​  展开全文c \n                    【孟晚舟患高血压 扣押期间曾送医】在加拿大被拘捕的华为公司首席财务官孟晚舟，据报目前被扣押在温哥华一处女子惩教中心，等候继续保释聆讯。路透社引述法庭文件显示，孟晚舟患有严重高血压，她担心自己遭羁押期间的健康；而她被扣留后，也曾因高血压被送往医院治疗。孟晚舟表示，她在加拿大有至少长达十五年的联系，而且在温哥华拥有物业，不会在等候引渡聆讯期间，弃保潜逃。孟晚舟否认她被指误导银行、违反美国制裁法规与伊朗交易的指控，并表示会留在温哥华进行抗辩。假如她获保释候审，她的丈夫和女儿，准备留在温哥华陪伴，女儿也打算入读当地学校。（凤凰卫视 吴树聪、廖振辉 综合报道） 收起全文d\n", "author": "凤凰卫视", "time": "凤凰卫视2018年12月10日12:00 来自微博weibo.com", "transmit": " 转发 25", "comment": "评论 116", "zan": " 51"}, {"text": "\n                    【加拿大人开始担心了，“中方可能以牙还牙，我们要做好准备” 】加拿大拘押华为公司首席财务官（CFO）孟晚舟事件持续发酵。上周末，中国外交部副部长乐玉成接连紧急召见加拿大驻华大使麦家廉和美国驻华大使布兰斯塔德，向两国提出严正交涉和强烈抗议，要求加方立即释放被押人员，美方撤销对中国公民的 ​  展开全文c \n                    【加拿大人开始担心了，“中方可能以牙还牙，我们要做好准备” 】加拿大拘押华为公司首席财务官（CFO）孟晚舟事件持续发酵。上周末，中国外交部副部长乐玉成接连紧急召见加拿大驻华大使麦家廉和美国驻华大使布兰斯塔德，向两国提出严正交涉和强烈抗议，要求加方立即释放被押人员，美方撤销对中国公民的逮捕令。乐玉成分别对两国的错误做法发出严正警告。这被外媒认为是目前为止中国就该事件做出的“最为强烈的反应”。在此之前，加拿大法院就孟晚舟的保释申请举行了听证会，但未做出是否允许保释裁定，听证将于当地时间10日继续进行。一名中国通信科技领军企业的高管，没有违反任何加拿大法律，却应美方的要求在转机时被拘捕，此事令国际社会感到震惊。美国“长臂管辖”的霸道做法本就争议巨大、饱受诟病，加拿大当局虽一再辩称“是独立的司法行动”，但连一些美国学者都认为，加国此举有讨好美国之嫌。“起诉华为高管是遏制中国的愚蠢方法”，《华盛顿邮报》刊登的一篇学者文章称，即使美方的指控成立，这种反华为的举动也荒谬过头。O加拿大人开始担心了 收起全文d\n", "author": "环球网", "time": "环球网2018年12月10日09:04", "transmit": " 转发 211", "comment": "评论 347", "zan": " 411"}, {"text": "\n#环球7日谈# 本周有一件我们不得不关注的大事，那就是华为首席财务官孟晚舟在加拿大遭到拘捕。《三联生活周刊》资深时事记者刘怡想带大家回顾历史上一件非常类似的事件——震惊全球的日本“东芝事件”。“东芝事件”到底是怎么回事？这件事是如何妥善解决的？或许能给我们带来何种启示？华为之后应该何 ​  展开全文c \n#环球7日谈# 本周有一件我们不得不关注的大事，那就是华为首席财务官孟晚舟在加拿大遭到拘捕。《三联生活周刊》资深时事记者刘怡想带大家回顾历史上一件非常类似的事件——震惊全球的日本“东芝事件”。“东芝事件”到底是怎么回事？这件事是如何妥善解决的？或许能给我们带来何种启示？华为之后应该何去何从？🌍一起来听音频O网页链接 收起全文d\n", "author": "三联生活周刊", "time": "三联生活周刊2018年12月10日14:33 来自LIFEWEEKiPhone客户端", "transmit": " 转发 18", "comment": "评论 19", "zan": " 43"}, {"text": "\n#孟晚舟住宅遭闯入#华盛顿邮报：刑诉华为CFO是阻遏中国的弱智方法。这份美国权威报纸分析如下：1）逮捕任正非女儿跟逮捕乔布斯女儿一样是阴险而愚蠢的政治错误；2）任何违规，美国政府都可以选择追究与不追究；3）三星、爱立信都是伊朗的主要电信供应商，美国单挑华为说事，意识形态因素明显； ​  展开全文c \n#孟晚舟住宅遭闯入#华盛顿邮报：刑诉华为CFO是阻遏中国的弱智方法。这份美国权威报纸分析如下：1）逮捕任正非女儿跟逮捕乔布斯女儿一样是阴险而愚蠢的政治错误；2）任何违规，美国政府都可以选择追究与不追究；3）三星、爱立信都是伊朗的主要电信供应商，美国单挑华为说事，意识形态因素明显；4）美国最高法院的精神是反对美国法在境外执行；5） 逮捕华为CFO起不到实际遏制华为的效果，反而被视为试图给中国施压的粗鲁蛮动，并给美国企业带来被中国报复的风险。美国人民希望在中美竞争中获胜，但不是通过这种低级的手段。O网页链接​​​ 收起全文d\n", "author": "AC饶谨", "time": "AC饶谨2018年12月10日17:57 来自HUAWEIP20", "transmit": " 转发 433", "comment": "评论 1049", "zan": " 1777"}, {"text": "\n#华为cfo孟晚舟被捕# 被加拿大抓了之后，现在她在加拿大的家又遭到不明人士闯入，#孟晚舟住宅遭闯入# ，进去的人留下了什么，拿走了什么？是FBI还是CIA，或者是加拿大警方？我们无从知道，但肯定不是去做客的。当然了，中国人将就礼尚往来，全国上下一心，声援华为。加油 ​                ", "author": "贵州小侃哥", "time": "贵州小侃哥2018年12月10日21:44 来自HUAWEIMate8", "transmit": " 转发 14", "comment": "评论 10", "zan": " 92"}, {"text": "\n                    【紧急召见驻华大使 中国促美撤销对孟晚舟逮捕令】华为首席财务官孟晚舟被捕风波愈演愈烈，中国外交部副部长乐玉成昨天紧急召见美国驻华大使布兰斯塔德，提出严正交涉和强烈抗议，并敦促美国撤销对孟晚舟的逮捕令。中国官媒昨天也展开舆论攻势，火力全开抨击加拿大侵犯人权，并警告中加关系面临严重倒 ​  展开全文c \n                    【紧急召见驻华大使 中国促美撤销对孟晚舟逮捕令】华为首席财务官孟晚舟被捕风波愈演愈烈，中国外交部副部长乐玉成昨天紧急召见美国驻华大使布兰斯塔德，提出严正交涉和强烈抗议，并敦促美国撤销对孟晚舟的逮捕令。中国官媒昨天也展开舆论攻势，火力全开抨击加拿大侵犯人权，并警告中加关系面临严重倒退风险。O紧急召见驻华大使 中国促美撤销对孟晚舟逮捕令 收起全文d\n", "author": "早报网", "time": "早报网2018年12月10日09:36 来自微博weibo.com", "transmit": " 转发 58", "comment": "评论 420", "zan": " 86"}, {"text": "\n                    现在，在美加法律层面讨论华为孟晚舟事件，毫无意义，显得幼稚。就像当年卢沟桥走失了一名日本士兵，我们还在那里谈论，中国军人是不是犯规，违反了日本规则一样。 ​ 转 ​​​                ", "author": "浙商卢献星", "time": "浙商卢献星2018年12月10日17:50 来自浙商會iPhone客户端", "transmit": " 转发 53", "comment": "评论 41", "zan": " 153"}, {"text": "\n                    香港戰友們真給力👍今天下午舉着五星紅旗，到中環跓港澳美國大使館外抗議，要求馬上釋放孟晚舟，還她人身自由。為了打壓華為，西方用上綁架這種卑劣招數，我們真的非常憤怒，當下不是晩清，中國人絕不再吞下這種屈辱！ ​                ", "author": "自干五行", "time": "自干五行2018年12月10日20:17 来自iPhone客户端", "transmit": " 转发 76", "comment": "评论 76", "zan": " 472"}]