[{"text": "\n                    【华为CFO孟晚舟离开法院 获准保释后首次露面】当地时间11日，加拿大不列颠哥伦比亚省高等法院继续举行对孟晚舟的保释听证。听证会上，孟晚舟获准保释。听证会结束后，孟晚舟在安保公司狮门（Lions Gate）行政总裁法勒（Scot Filer）等人的簇拥下离开法院。据加拿大环球新闻网等外媒发布的视频显示，孟 ​  展开全文c \n                    【华为CFO孟晚舟离开法院 获准保释后首次露面】当地时间11日，加拿大不列颠哥伦比亚省高等法院继续举行对孟晚舟的保释听证。听证会上，孟晚舟获准保释。听证会结束后，孟晚舟在安保公司狮门（Lions Gate）行政总裁法勒（Scot Filer）等人的簇拥下离开法院。据加拿大环球新闻网等外媒发布的视频显示，孟晚舟等人离开法庭时，全程拒绝回答记者的问题。一行人登上黑色的休旅车离去，孟晚舟丈夫刘晓棕未见同行。 收起全文d\n", "author": "人民日报海外版-海外网", "time": "人民日报海外版-海外网2018年12月12日14:22 来自微博weibo.com", "transmit": " 转发 16273", "comment": "评论 11018", "zan": " 58641"}, {"text": "\n                    【#孟晚舟保释# 后发声：已回到家人身边 以华为和祖国为傲】在经历了前后3天的听证会后，华为CFO孟晚舟被加拿大法庭准许保释。孟晚舟在朋友圈发文称，我在温哥华，已回到家人身边。我以华为为傲，我以祖国为傲！谢谢每一位关心我的人。O直击|孟晚舟：我已回到家人身边 以华为和祖国为傲 ​                ", "author": "新浪科技", "time": "新浪科技2018年12月12日15:42 来自微博weibo.com", "transmit": " 转发 3108", "comment": "评论 1937", "zan": " 75640"}, {"text": "\n#华为CFO孟晚舟被捕#【孟晚舟获得保释】当地时间11日下午3点多，加拿大不列颠哥伦比亚省高等法院法官宣布，准许孟晚舟女士获得保释。法官在声明中表示，逮捕孟女士是基于美国的要求，但是美国方面尚未对孟女士正式提出引渡要求。法官给美国提出的向加拿大提出引渡要求的期限是60天。考虑到孟女士在中国 ​  展开全文c \n#华为CFO孟晚舟被捕#【孟晚舟获得保释】当地时间11日下午3点多，加拿大不列颠哥伦比亚省高等法院法官宣布，准许孟晚舟女士获得保释。法官在声明中表示，逮捕孟女士是基于美国的要求，但是美国方面尚未对孟女士正式提出引渡要求。法官给美国提出的向加拿大提出引渡要求的期限是60天。考虑到孟女士在中国和其他地方都没有刑事犯罪记录，以及目前存在健康问题，加上她本人目前愿意居住在温哥华等诸多情况，决定同意她保释。（央视记者张森） 收起全文d\n", "author": "央视新闻", "time": "央视新闻2018年12月12日07:08 来自微博weibo.com", "transmit": " 转发 13683", "comment": "评论 16541", "zan": " 54871"}, {"text": "\n#莆田看天下# 听说#前加拿大外交官被拘#，美国记者来劲了记者马修·李：前加拿大外交官被拘，你怎么看？美国国务院副发言人：深表关切，敦促中国停止此行为。马修·李：那你敦不敦促加拿大停止此行为？副发言人：（装作听不懂）马修·李：你们觉得加拿大这么做可以，中国这么做就不行。 ​  展开全文c \n#莆田看天下# 听说#前加拿大外交官被拘#，美国记者来劲了记者马修·李：前加拿大外交官被拘，你怎么看？美国国务院副发言人：深表关切，敦促中国停止此行为。马修·李：那你敦不敦促加拿大停止此行为？副发言人：（装作听不懂）马修·李：你们觉得加拿大这么做可以，中国这么做就不行。副发言人：（答非所问）马修·李：所以你觉得中国没有正当理由这么做？副发言人：…哎呀你去问别人吧。#孟晚舟获得保释##华为回应孟晚舟保释##孟晚舟保释听证##前加拿大外交官被拘# L微丢的秒拍视频 收起全文d\n", "author": "莆田广播电视台", "time": "莆田广播电视台2018年12月12日10:46 来自HUAWEIP10Plus", "transmit": " 转发 1387", "comment": "评论 268", "zan": " 4883"}, {"text": "\n#孟晚舟获得保释##华为回应孟晚舟保释#1）当地时间11日上午10时，对华为CFO孟晚舟的第三次保释听证会在加拿大不列颠哥伦比亚省高等法院结开始。最终，法官表示孟晚舟可以保释，保释金为1000万加元，其中700万必须是现金；2）自孟晚舟12月6日在加拿大转机时被扣留以来，华为官方一直表明，相信美国和加 ​  展开全文c \n#孟晚舟获得保释##华为回应孟晚舟保释#1）当地时间11日上午10时，对华为CFO孟晚舟的第三次保释听证会在加拿大不列颠哥伦比亚省高等法院结开始。最终，法官表示孟晚舟可以保释，保释金为1000万加元，其中700万必须是现金；2）自孟晚舟12月6日在加拿大转机时被扣留以来，华为官方一直表明，相信美国和加拿大的法律体系会给出公正的结论；3）有分析师表示，从该事件来看，中美在科技领域的竞争和博弈将长期持续，这将倒逼中国加大对5G、芯片、基础软件等核心技术领域的投入力度，利好产业发展。 收起全文d\n", "author": "钱皓", "time": "钱皓2018年12月12日10:21 来自微博weibo.com", "transmit": " 转发 117", "comment": "评论 340", "zan": " 1300"}, {"text": "\n                    1、加拿大发现，自己就是国际社会上一个头号大沙雕。2、重点两句话：第一，孟女士在中国和其他地方都没有刑事犯罪记录，第二，逮捕孟女士是基于美国的要求。3、中国的反制，不要停，一定要让加拿大付出沉重代价，因为他们对一个没有任何犯罪记录的中国人的侮辱，应该让他们刻骨铭心，痛彻心扉的感到 ​  展开全文c \n                    1、加拿大发现，自己就是国际社会上一个头号大沙雕。2、重点两句话：第一，孟女士在中国和其他地方都没有刑事犯罪记录，第二，逮捕孟女士是基于美国的要求。3、中国的反制，不要停，一定要让加拿大付出沉重代价，因为他们对一个没有任何犯罪记录的中国人的侮辱，应该让他们刻骨铭心，痛彻心扉的感到自己的行为多么沙雕。4、宜将剩勇追穷寇，不可沽名学霸王，这件事，不应妥协，对于欺负上门的，一定要追着打，打到他们家，打到他们连动中国的念头都不敢想。5、我们不惹事，我们也绝不怕事，中国人，穷骨头还是有那么两根的。#华为cfo孟晚舟被捕##孟晚舟保释听证##孟晚舟获得保释# 6、什么是侵犯人权？加拿大这就是，一个人无罪而被逮捕，这就是侵犯人权。7、这件事，还有一个角度看，就是暴露出很多国内的跪舔党，吃相太难看，太令人恶心了。7、法官在声明中表示，逮捕孟女士是基于美国的要求，但是美国方面尚未对孟女士正式提出引渡要求。法官给美国提出的向加拿大提出引渡要求的期限是孟女士被捕之日起的60天之内。考虑到孟女士在中国和其他地方都没有刑事犯罪记录，以及目前存在健康问题，加上她本人目前愿意居住在温哥华、有合适的担保人等诸多情况，决定允许她保释。 收起全文d\n", "author": "韩东言", "time": "韩东言2018年12月12日08:00 来自HUAWEIMate20X", "transmit": " 转发 2209", "comment": "评论 3456", "zan": " 11276"}, {"text": "\n#华为CFO孟晚舟被捕#【孟晚舟保释后首次发声：以祖国为傲！】当地时间11日，孟晚舟获得保释。当晚，孟晚舟发朋友圈，这是她在事发后首次发声。以下是孟晚舟朋友圈全文：“我在温哥华，已回到家人身边，我以华为为傲，我以祖国为傲！谢谢每一位关心我的人。孟晚舟”@环球网 ​                ", "author": "央视新闻", "time": "央视新闻2018年12月12日15:57 来自微博weibo.com", "transmit": " 转发 983", "comment": "评论 1128", "zan": " 9089"}, {"text": "\n#华为CFO孟晚舟被捕#孟晚舟保释后发声：以祖国为傲。孟晚舟女士，祖国在你身后，期待你彻底恢复自由。 L央视新闻的酷燃视频 ​                ", "author": "央视新闻", "time": "央视新闻2018年12月12日20:30 来自微博云剪", "transmit": " 转发 1011", "comment": "评论 1103", "zan": " 8426"}, {"text": "\n                    【孟晚舟保释后首次发声：为华为骄傲，为祖国骄傲】当地时间11日，孟晚舟获得保释。当晚，走出法庭的孟晚舟发朋友圈，这是她在事发后首次发声。以下是孟晚舟朋友圈全文：我在温哥华，已回到家人身边，我以华为为傲，我以祖国为傲！谢谢每一位关心我的人。孟晚舟 #孟晚舟保释后发朋友圈# ​                ", "author": "环球网", "time": "环球网2018年12月12日15:39", "transmit": " 转发 49909", "comment": "评论 39456", "zan": " 288060"}, {"text": "\n                    【华为回应孟晚舟获准保释：期待美加及时公正结束此事件】当地时间11日，对华为CFO孟晚舟的第三次保释听证会在加拿大不列颠哥伦比亚省高等法院结束，法官表示孟晚舟可以保释，保释金为1000万加元，其中700万必须是现金。 针对孟晚舟获准保释，华为官方声明如下：我们的CFO孟晚舟女士近期在被加拿大当 ​  展开全文c \n                    【华为回应孟晚舟获准保释：期待美加及时公正结束此事件】当地时间11日，对华为CFO孟晚舟的第三次保释听证会在加拿大不列颠哥伦比亚省高等法院结束，法官表示孟晚舟可以保释，保释金为1000万加元，其中700万必须是现金。 针对孟晚舟获准保释，华为官方声明如下：我们的CFO孟晚舟女士近期在被加拿大当局代表美国政府暂时扣留之后，今天法庭做出判决，同意保释。我们相信加拿大和美国的法律体系后续会给出公正的结论。正如我们一直强调的，华为遵守业务所在国的所有适用法律法规，包括联合国、美国和欧盟适用的出口管制和制裁法律法规。我们期待美国和加拿大政府能及时、公正的结束这一事件。 #孟晚舟获得保释# 收起全文d\n", "author": "环球网", "time": "环球网2018年12月12日08:00", "transmit": " 转发 2106", "comment": "评论 2239", "zan": " 9246"}, {"text": "\n#前加拿大外交官被拘#据路透社报道，国际危机组织（International Crisis Group）11日表示，其东北亚高级顾问、加拿大前外交官康明凯（Michael Kovrig），近日被中国政府拘留。这位能说普通话、多次批评中国、主张对华采取强硬态度政策的人，被华采取了强硬态度政策。据网友回忆，此君2010年跟 ​  展开全文c \n#前加拿大外交官被拘#据路透社报道，国际危机组织（International Crisis Group）11日表示，其东北亚高级顾问、加拿大前外交官康明凯（Michael Kovrig），近日被中国政府拘留。这位能说普通话、多次批评中国、主张对华采取强硬态度政策的人，被华采取了强硬态度政策。据网友回忆，此君2010年跟洪博培一起在王府井“路过” ！2015年组织“动物保护人士”去玉林“散步”  ！话说这是外交官还是危害中国国家安全的间谍？这事得好好查查！不冤枉一个好人，也别放过任何一个坏人！毕竟我们是法治国家！就事论事，请不自动关联#华为cfo孟晚舟被捕# 事件。#辣叶记事# 收起全文d\n", "author": "辣叶摧秋", "time": "辣叶摧秋2018年12月12日03:29 来自HUAWEIP20Pro", "transmit": " 转发 569", "comment": "评论 1206", "zan": " 4116"}, {"text": "\n                    【特朗普首次就孟晚舟事件表态：如有利于美国，肯定会干预】当地时间11日上午10时，华为CFO孟晚舟近期在被加拿大当局代表美国政府暂时扣留之后，法庭做出判决，同意保释，保释条件包括支付1000万加元保释金(其中700万必须是现金)等。据加拿大环球新闻网11日报道，特朗普周二就美国司法部针对华为高管的 ​  展开全文c \n                    【特朗普首次就孟晚舟事件表态：如有利于美国，肯定会干预】当地时间11日上午10时，华为CFO孟晚舟近期在被加拿大当局代表美国政府暂时扣留之后，法庭做出判决，同意保释，保释条件包括支付1000万加元保释金(其中700万必须是现金)等。据加拿大环球新闻网11日报道，特朗普周二就美国司法部针对华为高管的法律行动表态称：“如果我觉得这有利于国家，如果我觉得这有利于我们达成史上最大贸易协定，这很重要，有利于国家安全，我肯定会在我觉得有必要这样做的时候干预。”L环视频的秒拍视频 收起全文d\n", "author": "Vista看天下", "time": "Vista看天下2018年12月12日10:24 来自微博weibo.com", "transmit": " 转发 633", "comment": "评论 2428", "zan": " 2081"}, {"text": "\n                    【快讯！孟晚舟保释！】经过24小时“拖延”，当地时间11日上午10时，对华为CFO孟晚舟的第三次保释听证会在加拿大不列颠哥伦比亚省高等法院开始。最终，法官表示孟晚舟可以保释，保释金为1000万加元，其中700万必须是现金。据加拿大乐活网记者在保释听证会现场报道，温哥华当天瓢泼大雨，但大批记者、 ​  展开全文c \n                    【快讯！孟晚舟保释！】经过24小时“拖延”，当地时间11日上午10时，对华为CFO孟晚舟的第三次保释听证会在加拿大不列颠哥伦比亚省高等法院开始。最终，法官表示孟晚舟可以保释，保释金为1000万加元，其中700万必须是现金。据加拿大乐活网记者在保释听证会现场报道，温哥华当天瓢泼大雨，但大批记者、旁听人员等依旧陆续赶到位于温哥华市中心的最高法院参加此次听证会。记者还在现场看到有人手持中英文双语的“释放孟晚舟”标语以表支持，有的华人还举着中国国旗。 法官在声明中表示，逮捕孟女士是基于美国的要求，但是美国方面尚未对孟女士正式提出引渡要求。法官给美国提出的向加拿大提出引渡要求的期限是孟女士被捕之日起的60天之内。考虑到孟女士在中国和其他地方都没有刑事犯罪记录，以及目前存在健康问题，加上她本人目前愿意居住在温哥华、有合适的担保人等诸多情况，决定允许她保释。孟晚舟女士获得保释的条件包括：她丈夫和几位认识多年的朋友和邻居作为担保人，分别提供担保金。孟女士的保释金总额是1000万加元，包括房产和现金。同时，她要接受电子监控，并交出护照。除非紧急情况就医或出庭，否则不得离开居所。法庭传唤时应该到庭等。#孟晚舟获得保释#（环球网 人民日报） 收起全文d\n", "author": "环球网", "time": "环球网2018年12月12日07:05", "transmit": " 转发 852", "comment": "评论 1190", "zan": " 3305"}, {"text": "\n                    【华为回应#孟晚舟获得保释#：期待美加政府能及时、公正地结束这一事件】刚刚，针对孟晚舟获得保释，华为发布了声明: 我们的CFO孟晚舟女士近期在被加拿大当局代表美国政府暂时扣留之后，今天法庭做出判决，同意保释。我们相信加拿大和美国的法律体系后续会给出公正的结论。正如我们一直强调的，华为 ​  展开全文c \n                    【华为回应#孟晚舟获得保释#：期待美加政府能及时、公正地结束这一事件】刚刚，针对孟晚舟获得保释，华为发布了声明: 我们的CFO孟晚舟女士近期在被加拿大当局代表美国政府暂时扣留之后，今天法庭做出判决，同意保释。我们相信加拿大和美国的法律体系后续会给出公正的结论。正如我们一直强调的，华为遵守业务所在国的所有适用法律法规，包括联合国、美国和欧盟适用的出口管制和制裁法律法规。我们期待美国和加拿大政府能及时、公正地结束这一事件。 收起全文d\n", "author": "中国日报", "time": "中国日报2018年12月12日08:22 来自微博weibo.com", "transmit": " 转发 192", "comment": "评论 738", "zan": " 2790"}, {"text": "\n                    【孟晚舟保释后首次发声：以华为为傲，以祖国为傲】当地时间11日，孟晚舟获得保释。当晚，走出法庭的孟晚舟发朋友圈：“我在温哥华，已回到家人身边，我以华为为傲，#我以祖国为傲#！谢谢每一位关心我的人。孟晚舟”@环球时报 ​                ", "author": "人民日报", "time": "人民日报2018年12月12日16:09 来自新媒体聚合平台", "transmit": " 转发 1954", "comment": "评论 1405", "zan": " 13328"}, {"text": "\n                    【孟晚舟获保释后首度发声：以祖国为傲】华为CFO孟晚舟保释后发出的第一条朋友圈：我已回到家人身边，我以华为为傲，我以祖国为傲。并配图“伟大的背后都是苦难！”。#任正非之女被逮捕# @环球时报 ​                ", "author": "头条新闻", "time": "头条新闻2018年12月12日15:53 来自微博weibo.com", "transmit": " 转发 371", "comment": "评论 1600", "zan": " 2961"}, {"text": "\n#华为CFO孟晚舟被捕#【孟晚舟获保释 华为官方声明】华为表示，相信加拿大和美国的法律体系后续会给出公正结论。华为一直强调，遵守业务所在国所有适用法律法规。华为期待美国和加拿大政府能及时、公正结束这一事件。（央视记者黄惠馨） ​                ", "author": "央视新闻", "time": "央视新闻2018年12月12日08:18 来自微博weibo.com", "transmit": " 转发 508", "comment": "评论 728", "zan": " 3090"}, {"text": "\n                    “加拿大前外交官被拘，你怎么看？”“深表关切，中国ZF这是对人权自由的侵犯！”“那你会要求加拿大政府作同样的事吗？”“我不懂你在说什么。”“你意思是，中国拘留加拿大前外交官是错的。但加拿大拘留中国高管就是对的？”“我……我不懂你在说什么！”天寒地 ​  展开全文c \n                    “加拿大前外交官被拘，你怎么看？”“深表关切，中国ZF这是对人权自由的侵犯！”“那你会要求加拿大政府作同样的事吗？”“我不懂你在说什么。”“你意思是，中国拘留加拿大前外交官是错的。但加拿大拘留中国高管就是对的？”“我……我不懂你在说什么！”天寒地冻的，连条裤衩都不给美国政府留吗？太残忍了#前加拿大外交官被拘# #华为cfo孟晚舟被捕# L微丢的秒拍视频 收起全文d\n", "author": "上帝之鹰_5zn", "time": "上帝之鹰_5zn2018年12月12日11:15 来自专业版微博", "transmit": " 转发 305", "comment": "评论 237", "zan": " 882"}, {"text": "\n#孟晚舟一边擦泪一边微笑#华为CFO孟晚舟女士被加拿大扣押终得保释还没有完全自由，但也是好消息最励志的事她表示保释期间去读个博士宝宝们都要学习起来很多人总说“等……我就……”此刻就应该非常努力 ​                ", "author": "周思成", "time": "周思成2018年12月12日11:04 来自王菲送的iPhoneXSMax", "transmit": " 转发 89", "comment": "评论 325", "zan": " 2097"}, {"text": "\n孟晚舟获得保释，但对华为的影响还是很大。美国让加拿大逮捕孟晚舟女士，目的是打击华为，进而遏制中国在5G技术上的崛起。这种做法很可耻，是典型的保护主义行径。 ​                ", "author": "郎咸平", "time": "郎咸平2018年12月12日07:55 来自iPhone7", "transmit": " 转发 1702", "comment": "评论 ", "zan": " 27734"}, {"text": "\n#前加拿大外交官被拘#国际危机组织的大陆分析师、加拿大前外交官柯夫瑞吉（Michael Kovrig）传遭北京当局拘留。该组织发声明表示，正尽力获得柯夫瑞吉的下落；对此大陆官方暂未有相关回应。由于华为创办人女儿孟晚舟日前遭加国逮捕，引发中加外交风波，柯夫瑞吉在这敏感时刻传遭扣押，更挑动双方敏感神 ​  展开全文c \n#前加拿大外交官被拘#国际危机组织的大陆分析师、加拿大前外交官柯夫瑞吉（Michael Kovrig）传遭北京当局拘留。该组织发声明表示，正尽力获得柯夫瑞吉的下落；对此大陆官方暂未有相关回应。由于华为创办人女儿孟晚舟日前遭加国逮捕，引发中加外交风波，柯夫瑞吉在这敏感时刻传遭扣押，更挑动双方敏感神经。 收起全文d\n", "author": "ETtoday新聞雲", "time": "ETtoday新聞雲2018年12月12日00:18 来自Android客户端", "transmit": " 转发 237", "comment": "评论 1988", "zan": " 3222"}, {"text": "\n                    【孟晚舟保释后首次发声：以华为为傲，以祖国为傲】当地时间11日，孟晚舟获得保释。当晚，走出法庭的孟晚舟发朋友圈：“我在温哥华，已回到家人身边，我以华为为傲，我以祖国为傲！谢谢每一位关心我的人。孟晚舟” @人民日报 ​                ", "author": "共青团中央", "time": "共青团中央2018年12月12日16:23 来自微博weibo.com", "transmit": " 转发 474", "comment": "评论 400", "zan": " 4830"}, {"text": "\n                    【孟晚舟保释后发声】已回到家人身边，以华为和祖国为傲！这位女企业家的沉着、冷静，值得敬重..... ​                ", "author": "黄刚", "time": "黄刚2018年12月12日16:06 来自iPhoneX", "transmit": " 转发 2578", "comment": "评论 9348", "zan": " 47521"}, {"text": "\n#华为cfo孟晚舟被捕##孟晚舟获得保释##孟晚舟一边擦泪一边微笑# 华为力量势不可挡，相信中国发展的力量5G属于中国科技的进步没有任何人可以去阻挡中国加油然后自己也要好好学习计算机方面知识贡献自己的力量Make中国变得更好更强大强国一代有我在 ​  展开全文c \n#华为cfo孟晚舟被捕##孟晚舟获得保释##孟晚舟一边擦泪一边微笑# 华为力量势不可挡，相信中国发展的力量5G属于中国科技的进步没有任何人可以去阻挡中国加油然后自己也要好好学习计算机方面知识贡献自己的力量Make中国变得更好更强大强国一代有我在 收起全文d\n", "author": "成铭mingLeo", "time": "成铭mingLeo2018年12月12日14:15 来自小米手机5", "transmit": " 转发 23", "comment": "评论 18", "zan": " 143"}, {"text": "\n                    不过这跨国抓人事件，最失望的是国内某些人，从最开始就先入为主认为华为肯定有错，孟晚舟有问题，美国加拿大司法独立，不会乱抓人，我们应该反思。现在，我希望借助一位台湾同胞的口，让你重新认识这个世界，重新认识我们的祖国。 L超级学爸的秒拍视频 ​                ", "author": "超级学爸", "time": "超级学爸2018年12月12日11:05 来自360安全浏览器", "transmit": " 转发 1460", "comment": "评论 552", "zan": " 3008"}, {"text": "\n                    【孟晚舟获保释！保释金1000万加元  1分钟回顾华为CFO被捕事件】据新华社消息，加拿大法院11日作出裁决，批准华为公司CFO孟晚舟的保释申请。另据央视新闻报道，孟晚舟保释条件包括：1000万加元保释金；接受电子监控等等。法官在声明中表示，美方尚未对孟女士正式提出引渡要求。法官给美国提出的向加拿 ​  展开全文c \n                    【孟晚舟获保释！保释金1000万加元  1分钟回顾华为CFO被捕事件】据新华社消息，加拿大法院11日作出裁决，批准华为公司CFO孟晚舟的保释申请。另据央视新闻报道，孟晚舟保释条件包括：1000万加元保释金；接受电子监控等等。法官在声明中表示，美方尚未对孟女士正式提出引渡要求。法官给美国提出的向加拿大提出引渡要求的期限是孟女士被捕之日起的60天之内。12日，@华为中国发文称，期待美加政府能及时、公正地结束此事件。（综合）#孟晚舟获得保释# @新京报 L新京报动新闻的秒拍视频 收起全文d\n", "author": "新京报动新闻", "time": "新京报动新闻2018年12月12日10:50 来自微博weibo.com", "transmit": " 转发 239", "comment": "评论 715", "zan": " 1663"}, {"text": "\n                    【孟晚舟：我已回到家人身边 以华为和祖国为傲】12月12日下午消息，在经历了前后3天的听证会后，华为CFO孟晚舟被加拿大法庭准许保释。孟晚舟在朋友圈发文称，我在温哥华，已回到朋友身边。我以华为为傲，我以祖国为傲！谢谢每一位关心我的人。当地时间11日，加拿大不列颠哥伦比亚省高等法院召开对华为C ​  展开全文c \n                    【孟晚舟：我已回到家人身边 以华为和祖国为傲】12月12日下午消息，在经历了前后3天的听证会后，华为CFO孟晚舟被加拿大法庭准许保释。孟晚舟在朋友圈发文称，我在温哥华，已回到朋友身边。我以华为为傲，我以祖国为傲！谢谢每一位关心我的人。当地时间11日，加拿大不列颠哥伦比亚省高等法院召开对华为CFO孟晚舟的保释听证会，同意孟晚舟保释。O孟晚舟：我已回到家人身边 以华为和祖国为傲 收起全文d\n", "author": "新浪财经", "time": "新浪财经2018年12月12日15:47 来自专业版微博", "transmit": " 转发 230", "comment": "评论 131", "zan": " 1244"}, {"text": "\n#孟晚舟获得保释# 【加媒公布保释金来源：前华为员工提供50万加元的房产担保】加拿大媒体Global News的一名记者在社交媒体上公布了孟晚舟1000万加元保释金的来源：700万现金来自孟晚舟的丈夫、邻居瑜伽教练5万加元、温哥华一名女士85万加元的房产、前华为员工50万加元的房产、温哥华一房产经纪人180万 ​  展开全文c \n#孟晚舟获得保释# 【加媒公布保释金来源：前华为员工提供50万加元的房产担保】加拿大媒体Global News的一名记者在社交媒体上公布了孟晚舟1000万加元保释金的来源：700万现金来自孟晚舟的丈夫、邻居瑜伽教练5万加元、温哥华一名女士85万加元的房产、前华为员工50万加元的房产、温哥华一房产经纪人180万加元的房产、负责孟晚舟保释期间个人安全的公司CEO1000加元。#狮门安保CEO出1000加元# 收起全文d\n", "author": "中国日报", "time": "中国日报2018年12月12日14:09 来自微博weibo.com", "transmit": " 转发 7450", "comment": "评论 4642", "zan": " 22162"}, {"text": "\n#华为CFO孟晚舟被捕##前加拿大外交官被拘# 这叫啥？自相矛盾吗？（图BY@大英良心汉弗莱 ） ​                ", "author": "白帽蓝衣", "time": "白帽蓝衣2018年12月12日11:51 来自Android", "transmit": " 转发 50", "comment": "评论 12", "zan": " 93"}, {"text": "\n#孟晚舟保释后发朋友圈##孟晚舟保释后发朋友圈##孟晚舟一边擦泪一边微笑# 华为，中华有为。沦为两个国家间博弈的一位女人，很心疼但也很无奈。但出于对华为对祖国的责任，必定先为华为CFO，再为女儿，再为妻子，再为母亲。政治可能最不缺的就是牺牲品。马航未解之谜、张教授自杀去世……人们为 ​  展开全文c \n#孟晚舟保释后发朋友圈##孟晚舟保释后发朋友圈##孟晚舟一边擦泪一边微笑# 华为，中华有为。沦为两个国家间博弈的一位女人，很心疼但也很无奈。但出于对华为对祖国的责任，必定先为华为CFO，再为女儿，再为妻子，再为母亲。政治可能最不缺的就是牺牲品。马航未解之谜、张教授自杀去世……人们为它们一个个蒙上遮羞布，因为背后真实情况可能更不堪更血腥更暴力更残忍更尔虞我诈更勾心斗角。纵观这几天心中对华为的好感度直线上升中华有为，让我感觉到华为的民族感和大局观。孟晚舟在加拿大被逮捕的消息传出后，华为及时回应，不卑不亢，给国人打了一针镇定剂，也向世界表明态度。孟晚舟保释成功后，华为及时又进行了第二次回应。而孟晚舟本人巾帼不让须眉。有气质，长得温婉大气，家世好，个人能力也出色，还要继续攻读博士我作为中国人我很骄傲，支持国产，支持华为。 收起全文d\n", "author": "胖子海蘭", "time": "胖子海蘭2018年12月12日17:38 来自乐2Pro", "transmit": " 转发 265", "comment": "评论 587", "zan": " 3373"}]