[{"text": "\n                    转眼之间，2019年来了。很多老铁都很关心，被加拿大拘捕的华为高管孟晚舟案件进展如何了？自去年12月1日被加拿大拘捕后，孟晚舟已经在加拿大滞留了近40天。虽然，在中国的施压之下，孟晚舟在去年12月12日交纳巨额保释金后人被保释，但是，她人并没有获得彻底自由。 O最后三天，决定华为孟晚舟命运的时刻到了！ ​                ", "author": "走马微天下", "time": "走马微天下2019年01月05日19:39 来自微博weibo.com", "transmit": " 转发 11", "comment": "评论 11", "zan": " 19"}, {"text": "\n                    【刚刚，华为在迪拜塔上打了个广告，为世界的华为点赞👍】最近一段时间华为的遭遇让国人感到愤怒但华为漂亮的反击战又让国人感到无比自豪孟晚舟被扣留后不少国家纷纷加入抵制华为的阵营一时间，华为在国外举步维艰但华为没有因此丧失斗志反而加速了进军世界的步伐功夫不负有心人很快， ​  展开全文c \n                    【刚刚，华为在迪拜塔上打了个广告，为世界的华为点赞👍】最近一段时间华为的遭遇让国人感到愤怒但华为漂亮的反击战又让国人感到无比自豪孟晚舟被扣留后不少国家纷纷加入抵制华为的阵营一时间，华为在国外举步维艰但华为没有因此丧失斗志反而加速了进军世界的步伐功夫不负有心人很快，英国与捷克两国的态度相继来了个180°大反转韩国LG公司放话消除华为安全疑虑印度更是伸出了5G测试的合作之手与此同时华为在有世界第一高塔之称的迪拜塔上打起了广告仿佛在庆贺这段时间打了一手漂亮的反击战风头一时无两隔着屏幕都能感受到气氛燃爆了十分震撼人心！这是华为为了宣传其新品Mate 20包下迪拜的哈利法塔上演了一场长达 3 分钟高逼格的灯光秀伴随着震撼的音乐酷炫十足的灯光当看到华为的 logo出现在哈利法塔上 收起全文d\n", "author": "价值投资日志", "time": "价值投资日志2019年01月05日21:27 来自iPhoneX", "transmit": " 转发 9", "comment": "评论 5", "zan": " 39"}]