[{"text": "\n                    【加拿大推进孟晚舟引渡听证会 华为回应】加拿大司法部长当地时间3月1日决定就孟晚舟案签发授权进行令。对此，华为2日发布律师声明称，美国的指控是出于政治动机，在这种情况下，加拿大司法部长仍然决定签发授权推进令，华为对此感到失望。孟女士没有任何不当行为，美国对她的起诉与引渡是对司法程序的 ​  展开全文c \n                    【加拿大推进孟晚舟引渡听证会 华为回应】加拿大司法部长当地时间3月1日决定就孟晚舟案签发授权进行令。对此，华为2日发布律师声明称，美国的指控是出于政治动机，在这种情况下，加拿大司法部长仍然决定签发授权推进令，华为对此感到失望。孟女士没有任何不当行为，美国对她的起诉与引渡是对司法程序的滥用。希望孟女士的合法权利在引渡过程中的司法阶段能得到保护。华为《关于加拿大签发授权推进令、启动引渡程序的律师声明》：1、美国的指控是出于政治动机。美国总统曾多次表示，如果孟女士案有助于美国与中国达成贸易协议，他会对此案进行干预。在这种情况下，加拿大司法部长仍然决定签发授权推进令，我们对此感到失望。2、美国指控的行为在加拿大根本不构成犯罪。尽管如此，加拿大司法部长仍然同意签发授权推进令，这完全不符合“双重犯罪”的基本引渡原则。3、孟女士没有任何不当行为，美国对她的起诉与引渡是对司法程序的滥用。4、希望孟女士的合法权利在引渡过程中的司法阶段能得到保护。（环球网） 收起全文d\n", "author": "环球时报", "time": "环球时报2019年03月02日10:05 来自微博weibo.com", "transmit": " 转发 94", "comment": "评论 491", "zan": " 335"}, {"text": "\n                    【加拿大司法部就孟晚舟案签发授权 华为：对此感到失望】华为发布律师声明称：孟晚舟女士没有任何不当行为，美国对她的起诉与引渡是对司法程序的滥用。在此情况下，加拿大司法部长仍然决定签发授权推进令，华为对此感到失望。O加拿大司法部就孟晚舟案签发授权，华为：对此感到失望 ​                ", "author": "凤凰网", "time": "凤凰网2019年03月02日09:12 来自微博weibo.com", "transmit": " 转发 61", "comment": "评论 211", "zan": " 165"}, {"text": "\n                    【加司法部就孟晚舟案签发授权进行令 华为：感到失望】据外媒报道，加拿大司法部长当地时间3月1日决定就孟晚舟案签发授权进行令。对此，华为2日发布律师声明称，美国的指控是出于政治动机，在这种情况下，加拿大司法部长仍然决定签发授权推进令，华为对此感到失望。孟女士没有任何不当行为，美国对她的 ​  展开全文c \n                    【加司法部就孟晚舟案签发授权进行令 华为：感到失望】据外媒报道，加拿大司法部长当地时间3月1日决定就孟晚舟案签发授权进行令。对此，华为2日发布律师声明称，美国的指控是出于政治动机，在这种情况下，加拿大司法部长仍然决定签发授权推进令，华为对此感到失望。孟女士没有任何不当行为，美国对她的起诉与引渡是对司法程序的滥用。希望孟女士的合法权利在引渡过程中的司法阶段能得到保护。@环球网 收起全文d\n", "author": "头条新闻", "time": "头条新闻2019年03月02日09:11 来自微博weibo.com", "transmit": " 转发 185", "comment": "评论 664", "zan": " 363"}, {"text": "\n                    【加拿大司法部就孟晚舟案签发授权 华为：感到失望】据外媒报道，加拿大司法部长当地时间1日决定就孟晚舟案签发授权进行令，正式开始对华为CFO孟晚舟的引渡流程。3月6日将决定何时举行引渡听证会。孟晚舟有在不同阶段上诉的权力，整个过程或将耗时数月甚至一年以上。对此，华为2日发布律师声明称，美国 ​  展开全文c \n                    【加拿大司法部就孟晚舟案签发授权 华为：感到失望】据外媒报道，加拿大司法部长当地时间1日决定就孟晚舟案签发授权进行令，正式开始对华为CFO孟晚舟的引渡流程。3月6日将决定何时举行引渡听证会。孟晚舟有在不同阶段上诉的权力，整个过程或将耗时数月甚至一年以上。对此，华为2日发布律师声明称，美国的指控是出于政治动机，在这种情况下，加拿大司法部长仍然决定签发授权推进令，华为对此感到失望。孟女士没有任何不当行为，美国对她的起诉与引渡是对司法程序的滥用。希望孟女士的合法权利在引渡过程中的司法阶段能得到保护。外交部发言人陆慷就加拿大方面执意推进针对中国公民孟晚舟的所谓引渡司法程序发表谈话时表示，再次敦促美方立即撤销对孟晚舟女士的逮捕令和引渡请求，敦促加方立即释放孟晚舟女士，让她平安回到中国。中方对加方执意推进对孟晚舟女士的所谓引渡司法程序表示强烈不满和坚决反对，并已提出严正交涉。O网页链接 收起全文d\n", "author": "北京青年报", "time": "北京青年报2019年03月02日09:35 来自微博weibo.com", "transmit": " 转发 25", "comment": "评论 43", "zan": " 42"}, {"text": "\n                    【加拿大司法部就孟晚舟案签发授权 华为：对此感到失望】据外媒报道，加拿大司法部当地时间1日批准继续推进有关中国公民孟晚舟的引渡听证会。华为对此发布律师声明称，美国的指控是出于政治动机，在此情况下，加拿大司法部长仍然决定签发授权推进令，华为对此感到失望。O加拿大司法部就孟晚舟案签发授权 华为:对此感到失望 ​                ", "author": "新浪科技", "time": "新浪科技2019年03月02日08:38 来自专业版微博", "transmit": " 转发 65", "comment": "评论 29", "zan": " 100"}, {"text": "\n                    【#加司法部就孟晚舟案签发授权进行令# 华为：感到失望】据外媒报道,加拿大司法部长当地时间3月1日决定就孟晚舟案签发授权进行令。对此,华为2日发布律师声明称,美国的指控是出于政治动机,在这种情况下,加拿大司法部长仍然决定签发授权推进令,华为对此感到失望。孟女士没有任何不当行为,美国对她的起诉 ​  展开全文c \n                    【#加司法部就孟晚舟案签发授权进行令# 华为：感到失望】据外媒报道,加拿大司法部长当地时间3月1日决定就孟晚舟案签发授权进行令。对此,华为2日发布律师声明称,美国的指控是出于政治动机,在这种情况下,加拿大司法部长仍然决定签发授权推进令,华为对此感到失望。孟女士没有任何不当行为,美国对她的起诉与引渡是对司法程序的滥用。希望孟女士的合法权利在引渡过程中的司法阶段能得到保护。以下为华为《关于加拿大签发授权推进令、启动引渡程序的律师声明》全文: O加司法部就孟晚舟案签发授权进行令 华为：感到失望 收起全文d\n", "author": "环球网", "time": "环球网2019年03月02日09:01", "transmit": " 转发 121", "comment": "评论 128", "zan": " 281"}, {"text": "\n#华为#【加拿大对孟晚舟启动引渡程序  华为：孟晚舟没有任何不当行为】3月2日早间，华为方面发布了《孟晚舟律师团队声明：回应加拿大启动引渡程序》，与此同时，华为方面还表示，孟女士没有任何不当行为，美国对她的起诉与引渡是对司法程序的滥用。希望孟女士的合法权利在引渡过程中的司法阶段能得到保 ​  展开全文c \n#华为#【加拿大对孟晚舟启动引渡程序  华为：孟晚舟没有任何不当行为】3月2日早间，华为方面发布了《孟晚舟律师团队声明：回应加拿大启动引渡程序》，与此同时，华为方面还表示，孟女士没有任何不当行为，美国对她的起诉与引渡是对司法程序的滥用。希望孟女士的合法权利在引渡过程中的司法阶段能得到保护。O加拿大对孟晚舟启动引渡程序  华为：孟晚舟没有任何不当行为 收起全文d\n", "author": "新浪证券", "time": "新浪证券2019年03月02日10:32 来自微博weibo.com", "transmit": " 转发 40", "comment": "评论 21", "zan": " 44"}, {"text": "\n                    【加拿大执意推进孟晚舟引渡听证会，华为表态】据外媒报道，加拿大司法部长当地时间3月1日决定就孟晚舟案签发授权进行令。对此，华为2日发布律师声明称，美国的指控是出于政治动机，在这种情况下，加拿大司法部长仍然决定签发授权推进令，华为对此感到失望。孟女士没有任何不当行为，美国对她的起诉与 ​  展开全文c \n                    【加拿大执意推进孟晚舟引渡听证会，华为表态】据外媒报道，加拿大司法部长当地时间3月1日决定就孟晚舟案签发授权进行令。对此，华为2日发布律师声明称，美国的指控是出于政治动机，在这种情况下，加拿大司法部长仍然决定签发授权推进令，华为对此感到失望。孟女士没有任何不当行为，美国对她的起诉与引渡是对司法程序的滥用。希望孟女士的合法权利在引渡过程中的司法阶段能得到保护。（中国驻加拿大大使馆官网、观察者网）O关注 | 加拿大执意推进孟晚舟引渡听证会，华为表态 收起全文d\n", "author": "中国青年报", "time": "中国青年报2019年03月02日20:30 来自微博weibo.com", "transmit": " 转发 15", "comment": "评论 29", "zan": " 58"}, {"text": "\n                    【#加司法部就孟晚舟案签发授权进行令# 华为：感到失望】据外媒报道，加拿大司法部长当地时间3月1日决定就孟晚舟案签发授权进行令。对此，华为2日发布律师声明称，美国的指控是出于政治动机，在这种情况下，加拿大司法部长仍然决定签发授权推进令，华为对此感到失望。孟女士没有任何不当行为，美国对她 ​  展开全文c \n                    【#加司法部就孟晚舟案签发授权进行令# 华为：感到失望】据外媒报道，加拿大司法部长当地时间3月1日决定就孟晚舟案签发授权进行令。对此，华为2日发布律师声明称，美国的指控是出于政治动机，在这种情况下，加拿大司法部长仍然决定签发授权推进令，华为对此感到失望。孟女士没有任何不当行为，美国对她的起诉与引渡是对司法程序的滥用。希望孟女士的合法权利在引渡过程中的司法阶段能得到保护。@环球网 收起全文d\n", "author": "中国日报", "time": "中国日报2019年03月02日10:06 来自微博weibo.com", "transmit": " 转发 20", "comment": "评论 37", "zan": " 56"}, {"text": "\n                    【外交部：敦促加方立即释放孟晚舟 让其平安回到中国】据外媒报道,加拿大司法部长当地时间3月1日决定就孟晚舟案签发授权进行令。对此,华为2日发布律师声明称,美国的指控是出于政治动机,在这种情况下,加拿大司法部长仍然决定签发授权推进令,华为对此感到失望。孟女士没有任何不当行为,美国对她的起诉与 ​  展开全文c \n                    【外交部：敦促加方立即释放孟晚舟 让其平安回到中国】据外媒报道,加拿大司法部长当地时间3月1日决定就孟晚舟案签发授权进行令。对此,华为2日发布律师声明称,美国的指控是出于政治动机,在这种情况下,加拿大司法部长仍然决定签发授权推进令,华为对此感到失望。孟女士没有任何不当行为,美国对她的起诉与引渡是对司法程序的滥用。希望孟女士的合法权利在引渡过程中的司法阶段能得到保护。外交部发言人陆慷就加拿大方面执意推进针对中国公民孟晚舟的所谓引渡司法程序发表谈话时表示，再次敦促美方立即撤销对孟晚舟女士的逮捕令和引渡请求，敦促加方立即释放孟晚舟女士，让她平安回到中国。中方对加方执意推进对孟晚舟女士的所谓引渡司法程序表示强烈不满和坚决反对，并已提出严正交涉。O网页链接（中新网、外交部网站） 收起全文d\n", "author": "中国新闻周刊", "time": "中国新闻周刊2019年03月02日10:56", "transmit": " 转发 34", "comment": "评论 37", "zan": " 172"}, {"text": "\n                    【加拿大开启孟晚舟引渡程序，将召开听证会决定是否引渡】据CNBC 3月1日报道，加拿大司法部批准了美国对华为CFO孟晚舟的引渡申请，正式开启引渡程序。不列颠哥伦比亚省高级法院将在3月6日召开听证会，决定是否向美国引渡孟晚舟。孟晚舟辩护团队对此决定表示失望。加拿大官方声明指出，开始引渡程序 ​  展开全文c \n                    【加拿大开启孟晚舟引渡程序，将召开听证会决定是否引渡】据CNBC 3月1日报道，加拿大司法部批准了美国对华为CFO孟晚舟的引渡申请，正式开启引渡程序。不列颠哥伦比亚省高级法院将在3月6日召开听证会，决定是否向美国引渡孟晚舟。孟晚舟辩护团队对此决定表示失望。加拿大官方声明指出，开始引渡程序的依据是“引渡法案”，“国际条约”和“加拿大权利与自由宪章”，该决定“遵循了彻底的证据审查”。孟晚舟的辩护团队随后发表声明称：“尽管看到了美国附带政治色彩的指控，尤其是美国总统多次表示，如果对贸易谈判有利，他可能会干涉此案，但是（加拿大）司法部仍然决定开启引渡程序。我们对此感到失望。”（图片来源：Darryl Dyck/Canadian Press） 收起全文d\n", "author": "麻省理工科技评论", "time": "麻省理工科技评论2019年03月02日10:43 来自微博weibo.com", "transmit": " 转发 21", "comment": "评论 25", "zan": " 12"}, {"text": "\n                    【华为：孟晚舟没有任何不当行为，对加拿大启动引渡程序感到失望】3月2日，华为发布《关于加拿大签发授权推进令、启动引渡程序的律师声明》表示：美国的指控是出于政治动机，美国总统多次表示，如孟女士案有助于美国与中国达成贸易协议，他会对此案进行干预。加拿大司法部长仍然决定签发授权推进令， ​  展开全文c \n                    【华为：孟晚舟没有任何不当行为，对加拿大启动引渡程序感到失望】3月2日，华为发布《关于加拿大签发授权推进令、启动引渡程序的律师声明》表示：美国的指控是出于政治动机，美国总统多次表示，如孟女士案有助于美国与中国达成贸易协议，他会对此案进行干预。加拿大司法部长仍然决定签发授权推进令，我们对此感到失望。美国指控的行为在加拿大根本不构成犯罪，加司法部长签发授权推进令，完全不符合“双重犯罪”基本引渡原则。孟女士没有任何不当行为，美国对她的起诉与引渡是对司法程序的滥用。O© 虎嗅网 m.huxiu.com 收起全文d\n", "author": "虎嗅APP", "time": "虎嗅APP2019年03月02日09:16", "transmit": " 转发 14", "comment": "评论 84", "zan": " 24"}, {"text": "\n                    【重磅！加拿大司法部正式启动对孟晚舟“引渡程序”！】就在刚刚，加拿大司法部发布了一项最新声明，批准对华为技术有限公司首席财务官孟晚舟女士正式开始引渡程序，下一步将进行引渡听证会！此言论一出，如丢下重磅“炸弹”，一时间占据加国主流媒体头条。媒体纷纷认为，这一决定可能会加剧恶化加拿大 ​  展开全文c \n                    【重磅！加拿大司法部正式启动对孟晚舟“引渡程序”！】就在刚刚，加拿大司法部发布了一项最新声明，批准对华为技术有限公司首席财务官孟晚舟女士正式开始引渡程序，下一步将进行引渡听证会！此言论一出，如丢下重磅“炸弹”，一时间占据加国主流媒体头条。媒体纷纷认为，这一决定可能会加剧恶化加拿大与中国的关系。加拿大司法部长表示，经过彻底及长时间检讨案中的证据，认为案件满足引渡法中的规定。#突发# #加拿大生活# #加拿大新鲜事# 收起全文d\n", "author": "城市知道-温哥华", "time": "城市知道-温哥华2019年03月02日04:33 来自微博weibo.com", "transmit": " 转发 60", "comment": "评论 144", "zan": " 30"}, {"text": "\n                    ●孟晚舟律师团队就引渡启动发表严正声明1、美国的指控是出于政治动机。美国总统曾多次表示，如果孟女士案有助于美国与中国达成贸易协议，他会对此案进行干预。在这种情况下，加拿大司法部长仍然决定签发授权推进令，我们对此感到失望。2、美国指控的行为在加拿大根本不构成犯罪。尽管如此，加拿大 ​  展开全文c \n                    ●孟晚舟律师团队就引渡启动发表严正声明1、美国的指控是出于政治动机。美国总统曾多次表示，如果孟女士案有助于美国与中国达成贸易协议，他会对此案进行干预。在这种情况下，加拿大司法部长仍然决定签发授权推进令，我们对此感到失望。2、美国指控的行为在加拿大根本不构成犯罪。尽管如此，加拿大司法部长仍然同意签发授权推进令，这完全不符合“双重犯罪”的基本引渡原则。3、孟女士没有任何不当行为，美国对她的起诉与引渡是对司法程序的滥用。4、希望孟女士的合法权利在引渡过程中的司法阶段能得到保护。 #华为# #加拿大启动孟晚舟引渡程序# #科技# #美国# #特朗普# 收起全文d\n", "author": "建华Wei业", "time": "建华Wei业2019年03月02日12:04 来自华为超话", "transmit": " 转发 14", "comment": "评论 24", "zan": " 52"}, {"text": "\n                    就在刚刚，加拿大政府突然宣布接受美国引渡要求，加拿大正式开始引渡华为首席财务官孟晚舟的司法程序！这是刚刚发生的事情，作为一个在加拿大的前华为人，我来说说我的个人看法。【《怎么看今天的“加拿大同意引渡孟晚舟”重磅消息？》（分享自@喜马拉雅FM ） 】 K怎么看今天的“加拿大同意引渡孟晚舟”重磅消息？ ​                ", "author": "吴醒峰", "time": "吴醒峰2019年03月02日07:38 来自喜马拉雅", "transmit": " 转发 16", "comment": "评论 8", "zan": " 14"}, {"text": "\n                    加拿大司法部批准召开孟晚舟引渡听证会【突发美国】1日，加拿大政府表示将允许召开听证会，以决定是否向美国引渡华为公司首席财务官孟晚舟。目前已被保释在温哥华的孟晚舟将在3月6日出庭，以确定引渡听证会的召开日期。 L美国侨报网的秒拍视频 ​                ", "author": "美国侨报网", "time": "美国侨报网2019年03月02日06:36 来自秒拍网页版", "transmit": " 转发 14", "comment": "评论 17", "zan": " 13"}, {"text": "\n                    【孟晚舟律师团队：美国的指控是出于政治动机】华为今天（2日）就加拿大启动孟晚舟引渡程序发布孟晚舟律师团队中英文声明，称美国的指控是出于政治动机，孟晚舟没有任何不当行为。O孟晚舟律师团队：美国的指控是出于政治动机 ​                ", "author": "早报网", "time": "早报网2019年03月02日09:27 来自微博weibo.com", "transmit": " 转发 54", "comment": "评论 194", "zan": " 54"}, {"text": "\n                    【外交部：敦促加方立即释放孟晚舟，让其平安回到中国】据外媒报道，加拿大司法部长当地时间3月1日决定就孟晚舟案签发授权推进令，批准继续推进有关中国公民孟晚舟的引渡听证会。对此，华为2日发布律师声明称，美国的指控是出于政治动机，在这种情况下，加拿大司法部长仍然决定签发授权推进令，华为 ​  展开全文c \n                    【外交部：敦促加方立即释放孟晚舟，让其平安回到中国】据外媒报道，加拿大司法部长当地时间3月1日决定就孟晚舟案签发授权推进令，批准继续推进有关中国公民孟晚舟的引渡听证会。对此，华为2日发布律师声明称，美国的指控是出于政治动机，在这种情况下，加拿大司法部长仍然决定签发授权推进令，华为对此感到失望。孟女士没有任何不当行为，美国对她的起诉与引渡是对司法程序的滥用。希望孟女士的合法权利在引渡过程中的司法阶段能得到保护。此后，外交部发言人陆慷就加拿大方面执意推进针对中国公民孟晚舟的所谓引渡司法程序发表谈话时表示，再次敦促美方立即撤销对孟晚舟女士的逮捕令和引渡请求，敦促加方立即释放孟晚舟女士，让她平安回到中国。中方对加方执意推进对孟晚舟女士的所谓引渡司法程序表示强烈不满和坚决反对，并已提出严正交涉。（中新网、外交部网站） 收起全文d\n", "author": "中国企业家杂志", "time": "中国企业家杂志2019年03月02日15:45 来自微博weibo.com", "transmit": " 转发 19", "comment": "评论 17", "zan": " 18"}, {"text": "\n                    【#加拿大政府同意启动孟晚舟引渡程序# 】#引渡孟晚舟# 加拿大司法部在当地时间周五（3月1日）表示，将允许华为首席财务官孟晚舟引渡美国的程序继续进行。孟晚舟将于3月6日在加拿大参加引渡听证会。孟晚舟辩护团队的一位发言人对此表示感到失望。详情：O网页链接 ​                ", "author": "澳大利亚SBS广播公司", "time": "澳大利亚SBS广播公司2019年03月02日12:00 来自微博weibo.com", "transmit": " 转发 19", "comment": "评论 26", "zan": " 12"}, {"text": "\n#小鲁说事#【加拿大启动孟晚舟引渡程序，我外交部、华为表态】中方对加方执意推进对孟晚舟女士的所谓引渡司法程序表示强烈不满和坚决反对，并已提出严正交涉。 ​                ", "author": "山东高法", "time": "山东高法2019年03月02日11:55", "transmit": " 转发 24", "comment": "评论 15", "zan": " 17"}, {"text": "\n                    加司法部就孟晚舟案签发授权进行令 华为：感到失望@手机浏览器 O加司法部就孟晚舟案签发授权进行令 华为：感到失望以下为华为《关于加拿大签发授权推进令、启动引渡程序的律师声明》全文：1、美国的指控是出于政治动机。美国总统曾多次表示，如果孟女士案有助于美国与中国达成贸易协议，他会对此案进行干预。在这种情况下，加拿 ​  展开全文c \n                    加司法部就孟晚舟案签发授权进行令 华为：感到失望@手机浏览器 O加司法部就孟晚舟案签发授权进行令 华为：感到失望以下为华为《关于加拿大签发授权推进令、启动引渡程序的律师声明》全文：1、美国的指控是出于政治动机。美国总统曾多次表示，如果孟女士案有助于美国与中国达成贸易协议，他会对此案进行干预。在这种情况下，加拿大司法部长仍然决定签发授权推进令，我们对此感到失望。2、美国指控的行为在加拿大根本不构成犯罪。尽管如此，加拿大司法部长仍然同意签发授权推进令，这完全不符合“双重犯罪”的基本引渡原则。3、孟女士没有任何不当行为，美国对她的起诉与引渡是对司法程序的滥用。4、希望孟女士的合法权利在引渡过程中的司法阶段能得到保护。 收起全文d\n", "author": "后湾老施", "time": "后湾老施2019年03月02日09:19 来自nova4自拍极点全面屏", "transmit": " 转发 5", "comment": "评论 9", "zan": " 17"}, {"text": "\n                    【快讯：加拿大宣布同意启动孟晚舟引渡程序】加拿大政府周五表示，将允许对华为技术有限公司首席财务官孟晚舟进行引渡听证会。去年12月1日，孟晚舟在温哥华转机时加拿大当局应美国要求将她逮捕。声明说：“今天，加拿大司法部官员发布了一项指令，正式启动孟晚舟女士引渡程序。”O网页链接 ​                ", "author": "美国侨报网", "time": "美国侨报网2019年03月02日04:56 来自微博weibo.com", "transmit": " 转发 14", "comment": "评论 42", "zan": " 32"}, {"text": "\n                    【加拿大推进孟晚舟引渡听证会 华为回应】加拿大司法部长当地时间3月1日决定就孟晚舟案签发授权进行令。对此，华为2日发布律师声明称，美国的指控是出于政治动机，在这种情况下，加拿大司法部长仍然决定签发授权推进令，华为对此感到失望。孟女士没有任何不当行为，美国对她的起诉与引渡是对司法程序的 ​  展开全文c \n                    【加拿大推进孟晚舟引渡听证会 华为回应】加拿大司法部长当地时间3月1日决定就孟晚舟案签发授权进行令。对此，华为2日发布律师声明称，美国的指控是出于政治动机，在这种情况下，加拿大司法部长仍然决定签发授权推进令，华为对此感到失望。孟女士没有任何不当行为，美国对她的起诉与引渡是对司法程序的滥用。希望孟女士的合法权利在引渡过程中的司法阶段能得到保护。华为《关于加拿大签发授权推进令、启动引渡程序的律师声明》：1、美国的指控是出于政治动机。美国总统曾多次表示，如果孟女士案有助于美国与中国达成贸易协议，他会对此案进行干预。在这种情况下，加拿大司法部长仍然决定签发授权推进令，我们对此感到失望。2、美国指控的行为在加拿大根本不构成犯罪。尽管如此，加拿大司法部长仍然同意签发授权推进令，这完全不符合“双重犯罪”的基本引渡原则。3、孟女士没有任何不当行为，美国对她的起诉与引渡是对司法程序的滥用。4、希望孟女士的合法权利在引渡过程中的司法阶段能得到保护。 收起全文d\n", "author": "科工力量", "time": "科工力量2019年03月02日11:00 来自微博weibo.com", "transmit": " 转发 11", "comment": "评论 14", "zan": " 32"}, {"text": "\n                    【孟晚舟律师团队声明：回应加拿大启动引渡程序】加拿大司法部长当地时间3月1日决定就孟晚舟案签发授权进行令。对此，华为3月2日发布律师声明称，美国的指控是出于政治动机，在这种情况下，加拿大司法部长仍然决定签发授权推进令，华为对此感到失望。孟女士没有任何不当行为，美国对她的起诉与引渡是 ​  展开全文c \n                    【孟晚舟律师团队声明：回应加拿大启动引渡程序】加拿大司法部长当地时间3月1日决定就孟晚舟案签发授权进行令。对此，华为3月2日发布律师声明称，美国的指控是出于政治动机，在这种情况下，加拿大司法部长仍然决定签发授权推进令，华为对此感到失望。孟女士没有任何不当行为，美国对她的起诉与引渡是对司法程序的滥用。希望孟女士的合法权利在引渡过程中的司法阶段能得到保护。以下为华为《关于加拿大签发授权推进令、启动引渡程序的律师声明》全文：1、美国的指控是出于政治动机。美国总统曾多次表示，如果孟女士案有助于美国与中国达成贸易协议，他会对此案进行干预。在这种情况下，加拿大司法部长仍然决定签发授权推进令，我们对此感到失望。2、美国指控的行为在加拿大根本不构成犯罪。尽管如此，加拿大司法部长仍然同意签发授权推进令，这完全不符合“双重犯罪”的基本引渡原则。3、孟女士没有任何不当行为，美国对她的起诉与引渡是对司法程序的滥用。4、希望孟女士的合法权利在引渡过程中的司法阶段能得到保护。1.We aredisappointed that the Minister of Justice has decided to issue an Authority toProceed in the face of the political nature of the U.S，charges and where thePresident of the United States has repeatedly stated that he would interfere in Ms.Meng‘s case if he thought it would assist the U.S negotiations with Chinaover a trade deal.2.We are alsoconcerned that the Minister has approved an ATP in circumstances where theconduct alleged to be an offence in the U.S.would not be an offence inCanada.? This is an affront to the foundational extradition principle ofdouble criminality.3.Our clientmaintains that she is innocent of any wrongdoing and that the U.S.prosecutionand extradition constitutes an abuse of the processes of law.4.Our client looksforward to having her rights vindicated in the judicial phase of theextradition process. 收起全文d\n", "author": "麻省理工科技评论", "time": "麻省理工科技评论2019年03月02日11:17 来自专业版微博", "transmit": " 转发 10", "comment": "评论 10", "zan": " 10"}, {"text": "\n                    【突发！加拿大执意推进针对孟晚舟引渡司法程序，外交部：坚决反对，让她平安回国！华为发最新律师声明】刚刚，外交部发言人陆慷就加拿大方面执意推进针对中国公民孟晚舟的所谓引渡司法程序发表谈话，中方对加方执意推进对孟晚舟女士的所谓引渡司法程序表示强烈不满和坚决反对，并已提出严正交涉。陆慷 ​  展开全文c \n                    【突发！加拿大执意推进针对孟晚舟引渡司法程序，外交部：坚决反对，让她平安回国！华为发最新律师声明】刚刚，外交部发言人陆慷就加拿大方面执意推进针对中国公民孟晚舟的所谓引渡司法程序发表谈话，中方对加方执意推进对孟晚舟女士的所谓引渡司法程序表示强烈不满和坚决反对，并已提出严正交涉。陆慷表示，中方在孟晚舟事件上的立场是明确的、坚定的。美加两国滥用其双边引渡条约，对中国公民任意采取强制措施，是对中国公民合法权益的严重侵犯。这是一起严重的政治事件。中方再次敦促美方立即撤销对孟晚舟女士的逮捕令和引渡请求，敦促加方立即释放孟晚舟女士，让她平安回到中国。（券商中国）O突发！加拿大执意推进针对孟晚舟引渡司法程序，外交部：坚决反对，让她平安回国！华为发最新律师声明 收起全文d\n", "author": "新财富杂志", "time": "新财富杂志2019年03月02日11:47 来自iPhone客户端", "transmit": " 转发 28", "comment": "评论 71", "zan": " 45"}, {"text": "\n                    【华为：对加方推进引渡孟晚舟失望】据外媒报道，加拿大司法部长当地时间3月1日决定就孟晚舟案签发授权进行令。对此，华为2日发布律师声明称，美国的指控是出于政治动机，在这种情况下，加拿大司法部长仍然决定签发授权推进令，华为对此感到失望。孟女士没有任何不当行为，美国对她的起诉与引渡是对司 ​  展开全文c \n                    【华为：对加方推进引渡孟晚舟失望】据外媒报道，加拿大司法部长当地时间3月1日决定就孟晚舟案签发授权进行令。对此，华为2日发布律师声明称，美国的指控是出于政治动机，在这种情况下，加拿大司法部长仍然决定签发授权推进令，华为对此感到失望。孟女士没有任何不当行为，美国对她的起诉与引渡是对司法程序的滥用。希望孟女士的合法权利在引渡过程中的司法阶段能得到保护。(环球网) O加司法部就孟晚舟案签发授权进行令 华为回应 收起全文d\n", "author": "见闻企业家", "time": "见闻企业家2019年03月02日09:16 来自iPhone7", "transmit": " 转发 14", "comment": "评论 2", "zan": " 6"}]