[{"text": "\n                    拜登参选给特朗普带来了足够的压力，让其把几乎所有的牌都打了出来。贸易战崩坏，关税顶格；动用国家紧急状态封锁华为，没意外孟晚舟引渡也就几个月之内，这从加拿大那两哥们批捕可推测；给俄罗斯的好处也到位了，普京对伊朗和贸易战口风已改变；最致命的下半年湾湾的问题也要推上前台，2020的，注定动 ​  展开全文c \n                    拜登参选给特朗普带来了足够的压力，让其把几乎所有的牌都打了出来。贸易战崩坏，关税顶格；动用国家紧急状态封锁华为，没意外孟晚舟引渡也就几个月之内，这从加拿大那两哥们批捕可推测；给俄罗斯的好处也到位了，普京对伊朗和贸易战口风已改变；最致命的下半年湾湾的问题也要推上前台，2020的，注定动荡的一年，愿天佑中华。 收起全文d\n", "author": "蓝色水库_陈", "time": "蓝色水库_陈2019年05月18日07:11 来自荣耀V10我AI的快", "transmit": " 转发 8", "comment": "评论 1", "zan": " 24"}, {"text": "\n                    “孟晚舟”事件实际上是美国对加拿大不紧密追随其封杀华为行动的惩罚性措施，事件令华为陷入大国竞争的漩涡中央，进退维谷。 O刘江韵：华为事件背后的美国加拿大特殊关系 ​                ", "author": "公共政策研究院", "time": "公共政策研究院2019年05月18日14:57 来自微博weibo.com", "transmit": " 转发 83", "comment": "评论 9", "zan": " 52"}]