[{"text": "\n                    此处应该有掌声。/中美酝酿谅解备忘录 ... 华为孟晚舟事件有望近期内得到解决。 ​                ", "author": "法兰西微语", "time": "法兰西微语2019年02月21日22:56 来自微博weibo.com", "transmit": " 转发 56", "comment": "评论 31", "zan": " 33"}, {"text": "\n                    任正非在华为遭到美国打击时，长期保持理智、低调的姿态，却换来的是美国更重大的打击、发起全球围堵华为、串通加拿大抓捕、起诉华为高管、任正非女儿孟晚舟。昨天（18日），任正非接受BBC专访时，终于发出了愤怒：美国无法粉碎我们！发布了头条文章：《任正非终于愤怒了：美国无法粉碎我们！》   ​  展开全文c \n                    任正非在华为遭到美国打击时，长期保持理智、低调的姿态，却换来的是美国更重大的打击、发起全球围堵华为、串通加拿大抓捕、起诉华为高管、任正非女儿孟晚舟。昨天（18日），任正非接受BBC专访时，终于发出了愤怒：美国无法粉碎我们！发布了头条文章：《任正非终于愤怒了：美国无法粉碎我们！》  O任正非终于愤怒了：美国无法粉碎我们！ 收起全文d\n", "author": "兰斌强", "time": "兰斌强2019年02月21日00:27 来自微博weibo.com", "transmit": " 转发 76", "comment": "评论 37", "zan": " 74"}, {"text": "\n#连CNN的主播都说观众真聪明#实际上已经昭然若揭了，明眼人都能看出是政治目的，任正非在女儿被美构陷情况下，不屈服，发出强硬的声音，值得钦佩！从BBC全部采访内容看，释放出几点讯息：美国遏制华为情况没有减轻，连任正非也不报多大希望，只有寻求别的市场。孟晚舟事件没有回旋余地，只能走上法律 ​  展开全文c \n#连CNN的主播都说观众真聪明#实际上已经昭然若揭了，明眼人都能看出是政治目的，任正非在女儿被美构陷情况下，不屈服，发出强硬的声音，值得钦佩！从BBC全部采访内容看，释放出几点讯息：美国遏制华为情况没有减轻，连任正非也不报多大希望，只有寻求别的市场。孟晚舟事件没有回旋余地，只能走上法律。 同时，透露出既是在美国的威逼下，仗义的英国在2月17日传来消息，称5G网络使用华为通讯设备所产生的风险是可控的。也就是说，英国决定继续使用华为技术。这个消息是近期坏消息不断情况下的一个最好消息，而且可能是扭转华为局面的大消息，华为应该好好把握住，坚决把握住。 收起全文d\n", "author": "余丰慧", "time": "余丰慧2019年02月21日15:40 来自iPhone8Plus", "transmit": " 转发 8", "comment": "评论 38", "zan": " 68"}]