[{"text": "\n                    我身边一些从事理工科研究的朋友，多是认为加拿大逮捕孟晚舟完全是美国对中国科技制裁的另类手段。这和国内一些平台上的“网友留言”基本是一致的。华为的通信技术现属世界领先地位，出于对中国通信技术飞速发展的忌惮，美国便通过加拿大将孟晚舟逮捕，将此事升级到了政治事件。而“孟晚舟事件”，也恰 ​  展开全文c \n                    我身边一些从事理工科研究的朋友，多是认为加拿大逮捕孟晚舟完全是美国对中国科技制裁的另类手段。这和国内一些平台上的“网友留言”基本是一致的。华为的通信技术现属世界领先地位，出于对中国通信技术飞速发展的忌惮，美国便通过加拿大将孟晚舟逮捕，将此事升级到了政治事件。而“孟晚舟事件”，也恰好折射了欧美国家对中国在科技领域的限制，美国似乎并不希望中国的科技水平迅速发展。 O在加拿大，我们已无法“两耳不闻窗外事” 收起全文d\n", "author": "观察者网", "time": "观察者网2019年03月30日11:47 来自微博weibo.com", "transmit": " 转发 57", "comment": "评论 99", "zan": " 242"}]