[{"text": "\n                    金一南2019年最新关于华为5G技术、孟晚舟事件、中美贸易战、顺丰的幽默 L武力统一的微博视频 ​                ", "author": "武力统一", "time": "武力统一2019年02月03日12:48 来自时刻准备超话", "transmit": " 转发 30", "comment": "评论 ", "zan": " 24"}, {"text": "\n                    凤凰网视频：台湾人多爱华为？上市当天卖光 做节目借不到真机。微评：中美谈判是否涉及到孟晚舟？孟晚舟被美国要求引渡，后果如何？ L王亶文的秒拍视频 ​                ", "author": "王亶文", "time": "王亶文2019年02月03日21:01 来自搜狗高速浏览器", "transmit": " 转发 34", "comment": "评论 7", "zan": " 25"}]