[{"text": "\n                    【坚强如钢！】#华为# 公司老总任正非: “孟晚舟给公司写了封信，就是我们公司的这个内部正在涣散，感谢美国的外部压力，使我们内部变得坚强，这是我们战胜美国的力量。是吧，文件上经常说一个名人说这个话，这个名人是谁，孟晚舟，孟晚舟怎么不是名人嘞，全世界的名人，谁人不知道。”→_ ​  展开全文c \n                    【坚强如钢！】#华为# 公司老总任正非: “孟晚舟给公司写了封信，就是我们公司的这个内部正在涣散，感谢美国的外部压力，使我们内部变得坚强，这是我们战胜美国的力量。是吧，文件上经常说一个名人说这个话，这个名人是谁，孟晚舟，孟晚舟怎么不是名人嘞，全世界的名人，谁人不知道。”→_→#华为决定起诉美国政府# O网页链接 收起全文d\n", "author": "温榆河杯南北英雄操盘联赛", "time": "温榆河杯南北英雄操盘联赛2019年04月02日21:26 来自HUAWEIP20", "transmit": " 转发 16", "comment": "评论 16", "zan": " 22"}, {"text": "\n                    【@李光斗 ：北美法院为何放过周立波】你还记得孟晚舟吗？这位华为高管、掌门人任正非的长女，被加拿大政府拘捕已快4个月了。最近从枫叶国传来的最新消息说：此案很可能以不正当目的、滥用程序抗辩，孟晚舟将被无罪开释，很快回国。把孟晚舟和周立波相提并论，显然是委屈孟大小姐了；但历史总是惊人的 ​  展开全文c \n                    【@李光斗 ：北美法院为何放过周立波】你还记得孟晚舟吗？这位华为高管、掌门人任正非的长女，被加拿大政府拘捕已快4个月了。最近从枫叶国传来的最新消息说：此案很可能以不正当目的、滥用程序抗辩，孟晚舟将被无罪开释，很快回国。把孟晚舟和周立波相提并论，显然是委屈孟大小姐了；但历史总是惊人的相似，当年，因拥毒、非法持枪等重罪而身陷囹圄的周立波就是靠强大的律师和北美法律的漏洞而脱罪、逃出生天的。O北美法院为何放过周立波，不放孟晚舟：小人有好运，君子难脱罪 收起全文d\n", "author": "新浪博客", "time": "新浪博客2019年04月02日18:30 来自微博weibo.com", "transmit": " 转发 7", "comment": "评论 12", "zan": " 20"}]