[{"text": "\n                    2014年6月华为在美国金融之都纽约举行Huawei ICT Finance Forum（年会），被邀请的贵宾有华为各方面的合作伙伴（包括汇丰银行）以及当时的美联储主席格林斯潘。华为CFO孟晚舟发表了热情洋溢的欢迎辞，其中她说：“纽约是一座充满活力而又潜力无限的城市。美国是一个孕育了最先进社会和无数优秀人才 ​  展开全文c \n                    2014年6月华为在美国金融之都纽约举行Huawei ICT Finance Forum（年会），被邀请的贵宾有华为各方面的合作伙伴（包括汇丰银行）以及当时的美联储主席格林斯潘。华为CFO孟晚舟发表了热情洋溢的欢迎辞，其中她说：“纽约是一座充满活力而又潜力无限的城市。美国是一个孕育了最先进社会和无数优秀人才的国家。互联网起源于美国，现在它是信息时代的基础设施和工具，正在促进包括金融在内的所有行业的发展，并推动文明走向信息时代。美国还培养了许多有远见卓识的领导者，如史蒂夫·乔布斯，他是数字时代的英雄，他将移动互联网变成了我们生活的一部分。美国能取得这些成就可以归结于美国人民的理想主义和奉献精神，以及美国先进而灵活的制度；更重要的是，归结于美国尊重个人，鼓励创新，容忍失败，保护知识产权的文化。华为今天的成功是不断向美国学习的结果。在过去的二十年中，华为与许多美国领先的公司合作，学习他们的先进理念，管理和方法。未来，我们将继续向美国学习。事实上，美国将在很长一段时间内将继续是我们的老师。”四年半后的今天，孟晚舟在温哥华的家里等待引渡美国的审讯，而格林斯潘也早已退休。人非物非，世事难料。原文在华为官网：O网页链接 收起全文d\n", "author": "汨子", "time": "汨子2019年02月12日18:20 来自微博weibo.com", "transmit": " 转发 7", "comment": "评论 4", "zan": " 4"}, {"text": "\n                    美國財經媒體《CNBC》報導，距離陸美貿易戰休兵期限的3月1日僅剩不到20天，華為在美國的命運，也幾乎會在同一時間揭曉。加拿大司法部正在評估美國引渡孟晚舟的正式申請，若司法部同意放行，3月6日便會在溫哥華舉行引渡聽證會。                                                另一方面，美國司法部控 ​  展开全文c \n                    美國財經媒體《CNBC》報導，距離陸美貿易戰休兵期限的3月1日僅剩不到20天，華為在美國的命運，也幾乎會在同一時間揭曉。加拿大司法部正在評估美國引渡孟晚舟的正式申請，若司法部同意放行，3月6日便會在溫哥華舉行引渡聽證會。                                                另一方面，美國司法部控告華為竊取美國電信商T-Mobile商業機密的案件，預定本月28日於美國舉行聽證會。根據訴狀內容，T-Mobile多年前僱用華為供應手機，並開發出名叫Tappy的品管測試機器人，用以對出售的手機做品質控制測試，不料在雙方合作期間，竟有華為員工涉嫌竊取商業機密。                             再者，美國總統川普，也傳出正在考慮是否在本周簽署行政命令，禁用大陸電信設備。消息人士透露，川普政府計劃在2月底的巴塞隆納世界行動通訊大會(MWC)召開前，正式發布正式命令，將廣泛禁用大陸電信商5G設備。 收起全文d\n", "author": "George-瓜瓜", "time": "George-瓜瓜2019年02月12日22:38 来自iPhone7Plus", "transmit": " 转发 15", "comment": "评论 6", "zan": " 22"}]