[{"text": "\n                    【孟晚舟案曝新线索 加重了引渡分量】应美国的要求，加拿大抓捕了华为副董事长、首席财务官孟晚舟。美国指控华为违反美国制裁伊朗的禁令，孟晚舟涉嫌财务欺诈。但她并不承认美方的指控，经过努力，用1000万加元（750万美元）作为保证金换取保释。目前她仍在温哥华在家坐牢，等著美国的引渡庭审。 ​  展开全文c \n                    【孟晚舟案曝新线索 加重了引渡分量】应美国的要求，加拿大抓捕了华为副董事长、首席财务官孟晚舟。美国指控华为违反美国制裁伊朗的禁令，孟晚舟涉嫌财务欺诈。但她并不承认美方的指控，经过努力，用1000万加元（750万美元）作为保证金换取保释。目前她仍在温哥华在家坐牢，等著美国的引渡庭审。O网页链接 收起全文d\n", "author": "加拿大网络电视", "time": "加拿大网络电视2019年01月11日01:28 来自专业版微博", "transmit": " 转发 8", "comment": "评论 28", "zan": " 17"}, {"text": "\n                    【路透：波兰逮捕1名华为员工 指控其从事间谍活动】路透今日援引波兰国家通讯社PAP报道，波兰国家安全局(state security agency)当地时间周五逮捕了一名中国公民和一名波兰公民，指控他们从事间谍活动。波兰公共电视台TVP频道称，这名中国公民是华为的员工。这是继2018年12月2日华为副董事长孟晚舟在加 ​  展开全文c \n                    【路透：波兰逮捕1名华为员工 指控其从事间谍活动】路透今日援引波兰国家通讯社PAP报道，波兰国家安全局(state security agency)当地时间周五逮捕了一名中国公民和一名波兰公民，指控他们从事间谍活动。波兰公共电视台TVP频道称，这名中国公民是华为的员工。这是继2018年12月2日华为副董事长孟晚舟在加拿大温哥被捕后，再有华为职员在外国被捕。O路透：波兰逮捕1名华为员工 指控其从事间谍活动 收起全文d\n", "author": "和讯网", "time": "和讯网2019年01月11日19:51 来自专业版微博", "transmit": " 转发 8", "comment": "评论 3", "zan": " 7"}, {"text": "\n#MJ恋童案当事人重提案情#   杰克逊当时太红了，以至于其它大娱乐公司很难再包装同类的明星获取利润，所以收买和设局把杰克逊卷入无止境的官司中。杰克逊后来宣布退出娱乐圈，对方很快就败诉了。你肯让出市场，别人也就放过你。这和华为一样的你肯放弃市场让出市场，孟晚舟立刻可以获释。在万亿金 ​  展开全文c \n#MJ恋童案当事人重提案情#   杰克逊当时太红了，以至于其它大娱乐公司很难再包装同类的明星获取利润，所以收买和设局把杰克逊卷入无止境的官司中。杰克逊后来宣布退出娱乐圈，对方很快就败诉了。你肯让出市场，别人也就放过你。这和华为一样的你肯放弃市场让出市场，孟晚舟立刻可以获释。在万亿金钱面前，美国的法律就是一坨shit💩 收起全文d\n", "author": "瀚海恒沙", "time": "瀚海恒沙2019年01月11日12:49 来自荣耀7X全面屏手机", "transmit": " 转发 8", "comment": "评论 11", "zan": " 53"}]