[{"text": "\n                    【中国驻加使馆：要求美加立刻恢复孟晚舟人身自由】据中华人民共和国驻加拿大大使馆网站消息，加拿大警方应美方要求逮捕一个没有违反任何美、加法律的中国公民，对这一严重侵犯人权的行为，中方表示坚决反对并强烈抗议。中方已向美、加两国进行了严正交涉，要求它们立即纠正错误做法，恢复孟晚舟女士的 ​  展开全文c \n                    【中国驻加使馆：要求美加立刻恢复孟晚舟人身自由】据中华人民共和国驻加拿大大使馆网站消息，加拿大警方应美方要求逮捕一个没有违反任何美、加法律的中国公民，对这一严重侵犯人权的行为，中方表示坚决反对并强烈抗议。中方已向美、加两国进行了严正交涉，要求它们立即纠正错误做法，恢复孟晚舟女士的人身自由。我们将密切关注事态发展，采取一切行动坚决维护中国公民合法权益。#任正非之女被逮捕# #华为CFO孟晚舟被捕#（新京报） 收起全文d\n", "author": "头条新闻", "time": "头条新闻2018年12月06日08:03 来自微博weibo.com", "transmit": " 转发 10222", "comment": "评论 19577", "zan": " 35510"}, {"text": "\n#华为CFO孟晚舟被捕#【中国驻加拿大使馆发言人：要求立即恢复孟晚舟女士的人身自由】加拿大警方应美方要求逮捕一个没有违反任何美、加法律的中国公民，对这一严重侵犯人权的行为，中方表示坚决反对并强烈抗议。中方已向美、加两国进行了严正交涉，要求他们立即纠正错误做法，恢复孟晚舟女士的人身自由 ​  展开全文c \n#华为CFO孟晚舟被捕#【中国驻加拿大使馆发言人：要求立即恢复孟晚舟女士的人身自由】加拿大警方应美方要求逮捕一个没有违反任何美、加法律的中国公民，对这一严重侵犯人权的行为，中方表示坚决反对并强烈抗议。中方已向美、加两国进行了严正交涉，要求他们立即纠正错误做法，恢复孟晚舟女士的人身自由。我们将密切关注事态发展，采取一切行动坚决维护中国公民合法权益。 收起全文d\n", "author": "央视新闻", "time": "央视新闻2018年12月06日08:13 来自微博weibo.com", "transmit": " 转发 12584", "comment": "评论 11653", "zan": " 51069"}, {"text": "\n                    #华为回应孟晚舟被捕##华为声明# 【华为回应孟晚舟加拿大被捕：不知晓她有任何不当行为，相信加美法律会给公正结论】华为：近期，我们公司CFO孟晚舟女士在加拿大转机时，被加拿大当局代表美国政府暂时扣留，美国正在寻求对孟晚舟女士的引渡，面临纽约东区未指明的指控。关于具体指控提供给华为的信息 ​  展开全文c \n                    #华为回应孟晚舟被捕##华为声明# 【华为回应孟晚舟加拿大被捕：不知晓她有任何不当行为，相信加美法律会给公正结论】华为：近期，我们公司CFO孟晚舟女士在加拿大转机时，被加拿大当局代表美国政府暂时扣留，美国正在寻求对孟晚舟女士的引渡，面临纽约东区未指明的指控。关于具体指控提供给华为的信息非常少，华为并不知晓孟女士有任何不当行为。公司相信，加拿大和美国的法律体系会最终会给出公正的结论。华为遵守业务所在国的所有适用法律法规，包括联合国、美国和欧盟适用的出口管制和制裁法律法规。（华为） 收起全文d\n", "author": "环球网", "time": "环球网2018年12月06日08:14", "transmit": " 转发 7702", "comment": "评论 9969", "zan": " 35112"}, {"text": "\n#传华为CFO孟晚舟被逮捕#【中国驻加拿大使馆发言人：要求美加立即恢复孟晚舟女士人身自由】12月6日，中国驻加拿大大使馆官网发布消息称，加拿大警方应美方要求逮捕一个没有违反任何美、加法律的中国公民，对这一严重侵犯人权的行为，中方表示坚决反对并强烈抗议。中方已向美、加两国进行了严正交涉，要 ​  展开全文c \n#传华为CFO孟晚舟被逮捕#【中国驻加拿大使馆发言人：要求美加立即恢复孟晚舟女士人身自由】12月6日，中国驻加拿大大使馆官网发布消息称，加拿大警方应美方要求逮捕一个没有违反任何美、加法律的中国公民，对这一严重侵犯人权的行为，中方表示坚决反对并强烈抗议。中方已向美、加两国进行了严正交涉，要求它们立即纠正错误做法，恢复孟晚舟女士的人身自由。通报称，将密切关注事态发展，采取一切行动坚决维护中国公民合法权益。#华为回应孟晚舟被捕#事件称：近期，我们公司CFO孟晚舟女士在加拿大转机时，被加拿大当局代表美国政府暂时扣留，美国正在寻求对孟晚舟女士的引渡，面临纽约东区未指明的指控。关于具体指控提供给华为的信息非常少，华为并不知晓孟女士有任何不当行为。公司相信，加拿大和美国的法律体系会最终会给出公正的结论。（北青报记者 张雅） 收起全文d\n", "author": "北京青年报", "time": "北京青年报2018年12月06日08:14 来自微博weibo.com", "transmit": " 转发 3825", "comment": "评论 14199", "zan": " 10615"}, {"text": "\n#华为CFO孟晚舟被捕#【中国外交部：立即对拘押的理由作出澄清 要求立即释放被拘押人员 】针对加拿大警方应美方要求逮捕孟晚舟女士，中国外交部发言人耿爽在今天举行的外交部例行记者会上应询表示，中方已就此案分别向加方和美方表明了严正立场，要求对方立即对拘押的理由作出澄清，立即释放被拘押的人 ​  展开全文c \n#华为CFO孟晚舟被捕#【中国外交部：立即对拘押的理由作出澄清 要求立即释放被拘押人员 】针对加拿大警方应美方要求逮捕孟晚舟女士，中国外交部发言人耿爽在今天举行的外交部例行记者会上应询表示，中方已就此案分别向加方和美方表明了严正立场，要求对方立即对拘押的理由作出澄清，立即释放被拘押的人员，切实保障当事人的合法正当权益。目前为止，加方和美方并未就拘押理由作出任何澄清。（央视记者黄惠馨） 收起全文d\n", "author": "央视新闻", "time": "央视新闻2018年12月06日15:34 来自微博weibo.com", "transmit": " 转发 2267", "comment": "评论 4609", "zan": " 8029"}, {"text": "\n#华为CFO孟晚舟被捕#针对加拿大警方应美方要求逮捕华为CFO孟晚舟，中国外交部：要求立即释放被拘押人员，切实保障当事人合法正当权益。 L央视新闻的酷燃视频 ​                ", "author": "央视新闻", "time": "央视新闻2018年12月06日18:56 来自微博云剪", "transmit": " 转发 2118", "comment": "评论 3757", "zan": " 8668"}, {"text": "\n                    中国驻加拿大使馆要求美国、加拿大政府立即恢复华为CFO孟晚舟（任正非女儿）的人身自由。作为一家中国媒体的总编辑，我要说，美国在市场上打不垮华为，请不要采取卑鄙的流氓手段。 ​                ", "author": "胡锡进", "time": "胡锡进2018年12月06日08:31 来自iPhone7Plus", "transmit": " 转发 1618", "comment": "评论 6726", "zan": " 13711"}, {"text": "\n                    【华为CFO孟晚舟在加被捕 中国驻加使馆回应】据媒体报道，因怀疑违反美国对伊朗的贸易制裁，加拿大政府在温哥华逮捕了华为首席财务官孟晚舟且计划引渡到美国。随后，中国驻加大使馆回应，要求加方立即纠正错误做法，恢复孟晚舟人身自由。 ​                ", "author": "微天下", "time": "微天下2018年12月06日08:16 来自专业版微博", "transmit": " 转发 1287", "comment": "评论 2325", "zan": " 3347"}, {"text": "\n                    【今日午盘：华为概念股重挫 沪指低开低走跌1.28%】受加拿大政府12月1日逮捕华为CFO孟晚舟消息冲击，A股通信板块重挫领跌两市，立讯精密、光迅科技等华为产业链相关概念股集体下跌，盘面上人气低迷。白酒、家电等消费白马股亦走低，四大指数低开低走。 O今日午盘：华为概念股重挫 沪指低开低走跌1.28% ​                ", "author": "财新网", "time": "财新网2018年12月06日11:38 来自财新网", "transmit": " 转发 10044", "comment": "评论 3689", "zan": " 31375"}, {"text": "\n                    【华为回应孟晚舟被捕：并不知晓孟女士有任何不当行为】华为发布声明称：近期，我们公司CFO孟晚舟女士在加拿大转机时，被加拿大当局代表美国政府暂时扣留，美国正在寻求对孟晚舟女士的引渡，面临纽约东区未指明的指控。关于具体指控提供给华为的信息非常少，华为并不知晓孟女士有任何不当行为。公司相 ​  展开全文c \n                    【华为回应孟晚舟被捕：并不知晓孟女士有任何不当行为】华为发布声明称：近期，我们公司CFO孟晚舟女士在加拿大转机时，被加拿大当局代表美国政府暂时扣留，美国正在寻求对孟晚舟女士的引渡，面临纽约东区未指明的指控。关于具体指控提供给华为的信息非常少，华为并不知晓孟女士有任何不当行为。公司相信，加拿大和美国的法律体系会最终会给出公正的结论。华为遵守业务所在国的所有适用法律法规，包括联合国、美国和欧盟适用的出口管制和制裁法律法规。#任正非之女被逮捕# #华为CFO孟晚舟被捕#（第一财经） 收起全文d\n", "author": "头条新闻", "time": "头条新闻2018年12月06日08:19 来自微博weibo.com", "transmit": " 转发 1383", "comment": "评论 3486", "zan": " 2568"}, {"text": "\n                    【华为CFO孟晚舟被逮捕 中国使馆要求恢复孟晚舟人身自由】5日，多家外媒报道：华为CFO孟晚舟于1日在加拿大温哥华被逮捕。加拿大司法部表示，美国政府希望引渡孟晚舟，其保释听证会将于7日举行。目前，中国驻加拿大使馆已就此事提出交涉。华为发布声明称，不知晓孟晚舟有任何不当行为。 ​  展开全文c \n                    【华为CFO孟晚舟被逮捕 中国使馆要求恢复孟晚舟人身自由】5日，多家外媒报道：华为CFO孟晚舟于1日在加拿大温哥华被逮捕。加拿大司法部表示，美国政府希望引渡孟晚舟，其保释听证会将于7日举行。目前，中国驻加拿大使馆已就此事提出交涉。华为发布声明称，不知晓孟晚舟有任何不当行为。L新京报我们视频的秒拍视频 @新京报我们视频 收起全文d\n", "author": "Vista看天下", "time": "Vista看天下2018年12月06日12:02 来自微博weibo.com", "transmit": " 转发 377", "comment": "评论 2682", "zan": " 1309"}, {"text": "\n                    【受任正非女儿孟晚舟事件影响 股市通讯股集体低开】据外媒报道，日前加拿大应美国当局要求逮捕了华为公司首席财务官、公司创始人任正非的女儿孟晚舟。华为官方和多位华为高管在微信朋友圈发布消息，确认孟晚舟被加当局扣留，面临美方未明指控。受此消息影响，早间开盘，上证指数已跌超1%，深证成指跌1 ​  展开全文c \n                    【受任正非女儿孟晚舟事件影响 股市通讯股集体低开】据外媒报道，日前加拿大应美国当局要求逮捕了华为公司首席财务官、公司创始人任正非的女儿孟晚舟。华为官方和多位华为高管在微信朋友圈发布消息，确认孟晚舟被加当局扣留，面临美方未明指控。受此消息影响，早间开盘，上证指数已跌超1%，深证成指跌1.58%，创业板指跌1%。此外，5G概念股集体低开，新海宜跌幅已超8%。中兴通讯大跌超4%，信维通信跌幅更是高达6%。烽火通信、通宇通讯、中际旭创、飞荣达、东方通信等个股亦大幅低开。与此同时，港股形势也不容乐观，香港恒生指数开盘即跌2.37%，手机配件股几乎全线下跌，其中，舜宇光学已跌5.4%，瑞声科技跌已5.95%。华为官方回应称，关于具体质控提供给华为的信息非常少，华为并不知晓孟晚舟有任何不当行为。O受任正非女儿孟晚舟事件影响 股市通讯股集体低开 收起全文d\n", "author": "中国经济网", "time": "中国经济网2018年12月06日10:21 来自微博weibo.com", "transmit": " 转发 2178", "comment": "评论 2856", "zan": " 6907"}, {"text": "\n                    【胡锡进：美打不垮华为 请不要采取卑鄙的流氓手段】当地时间12月1日，加拿大警方应美国要求，在温哥华逮捕了任正非之女、华为CFO孟晚舟。环球时报总编辑胡锡进就此事表达看法。他说：中国面临的是一场非常复杂的博弈，我们不仅要坚定，更要拼智慧。华为这件事，美方绝对是在恶意找茬，试图用美国的法 ​  展开全文c \n                    【胡锡进：美打不垮华为 请不要采取卑鄙的流氓手段】当地时间12月1日，加拿大警方应美国要求，在温哥华逮捕了任正非之女、华为CFO孟晚舟。环球时报总编辑胡锡进就此事表达看法。他说：中国面临的是一场非常复杂的博弈，我们不仅要坚定，更要拼智慧。华为这件事，美方绝对是在恶意找茬，试图用美国的法律体系整华为。那么现在不是中国政府出手与美国竞赛流氓手段的时候，华为应首先认真同美国打一场法律战争，争取在法律上驳倒美方的所有指控。 O胡锡进：美打不垮华为 请不要采取卑鄙的流氓手段 收起全文d\n", "author": "头条新闻", "time": "头条新闻2018年12月06日12:25 来自微博weibo.com", "transmit": " 转发 1482", "comment": "评论 2753", "zan": " 1739"}, {"text": "\n                    【孟晚舟被扣留 外交部：美加应立即澄清！立即放人！】5日多家外媒消息称，华为创始人任正非之女孟晚舟在加拿大被扣留，且美方已要求引渡。对此，中国外交部发言人耿爽6日表示，中方已向美加表明严正立场，要求立即释放被拘押人员。目前，美加双方均未对拘押理由做出澄清。（环球网） ​  展开全文c \n                    【孟晚舟被扣留 外交部：美加应立即澄清！立即放人！】5日多家外媒消息称，华为创始人任正非之女孟晚舟在加拿大被扣留，且美方已要求引渡。对此，中国外交部发言人耿爽6日表示，中方已向美加表明严正立场，要求立即释放被拘押人员。目前，美加双方均未对拘押理由做出澄清。（环球网）O孟晚舟被扣留 外交部：美加应立即澄清！立即放人！ 收起全文d\n", "author": "环球时报", "time": "环球时报2018年12月06日15:26 来自微博weibo.com", "transmit": " 转发 55581", "comment": "评论 35159", "zan": " 148003"}, {"text": "\n#华为cfo孟晚舟被捕#从加拿大《引渡法》看华为CFO孟晚舟被逮捕案：大概率是阴谋！ 根据加拿大1999年6月17日颁布的《引渡法》，可引渡犯罪的标准是：根据加拿大法律可能判处2年以上监禁，或更为严重的刑法，加拿大才会予以引渡。 外国的引渡请求应当向加拿大司法部长提出，外国为引渡而实施的逮捕请 ​  展开全文c \n#华为cfo孟晚舟被捕#从加拿大《引渡法》看华为CFO孟晚舟被逮捕案：大概率是阴谋！ 根据加拿大1999年6月17日颁布的《引渡法》，可引渡犯罪的标准是：根据加拿大法律可能判处2年以上监禁，或更为严重的刑法，加拿大才会予以引渡。 外国的引渡请求应当向加拿大司法部长提出，外国为引渡而实施的逮捕请求也应当由该国家，或者国际刑警组织向加拿大司法部长提出。但是批准或者不批准，由司法部长决定。 按照司法机关的日常工作习惯，估计加拿大在抓捕孟晚舟女士的时候也要开会研究一下。但是美国人的要求，加拿大岂敢不从？换了我们要求加拿大引渡个罪犯，比登天还要难！美国人一张圣旨，加拿大人就要乖乖的办。没有办法，在国际竞争与国家关系中，强权就是公理，自古以然，没有为什么。 抓我们的人，不代表我们的人一定有犯罪行为。说白了就是一个刑事强制措施，对咱们的人上手段而已。按照加拿大的法律，如果美国没有按照加拿大法律提供相关证明文件，或者在没有其他情形而在60天内美国不提交充分的证明文件，法官应当裁定立即释放孟晚舟女士。 华为的内部以及外部的合规，严格到令人发指。所以这件事情大概率是政治事件。这不由得让我想起1950年被美国监禁的钱学森。美国时任海军次长声称：钱学森无论走到哪里，都抵得上5 个师的兵力。 而今天，华为可不仅仅是5个师的兵力，5个国家的兵力都不一定能赶得上华为。 当年周总理斡旋了几年时间，中国作出重大让步后，换取美方释放了钱学森先生。所以很难让人信服，这件事不是对中国的再次敲诈。 收起全文d\n", "author": "唐有讼", "time": "唐有讼2018年12月06日09:20 来自法律门前的iPhone客户端", "transmit": " 转发 6312", "comment": "评论 5785", "zan": " 24989"}, {"text": "\n                    【美加驻华使馆微博下，愤怒的中国网民正一起大呼“放人”……】5日多家外媒消息称，华为创始人任正非之女孟晚舟在加拿大被扣留，且美方已要求引渡。记者注意到，此事已激起许多中国普通民众激愤，不少中国网民已到美国和加拿大驻华大使馆的微博官方账号下留言，要求释放孟晚舟，并质疑美国此举“无赖 ​  展开全文c \n                    【美加驻华使馆微博下，愤怒的中国网民正一起大呼“放人”……】5日多家外媒消息称，华为创始人任正非之女孟晚舟在加拿大被扣留，且美方已要求引渡。记者注意到，此事已激起许多中国普通民众激愤，不少中国网民已到美国和加拿大驻华大使馆的微博官方账号下留言，要求释放孟晚舟，并质疑美国此举“无赖”、“无耻”。6日，在@美国驻华大使馆 的官方微博账号下，有中国网友留言表示，美国对中国企业“各种制裁打压，现在还对一个身在加拿大的中国公民逮捕，限制人身自由。这真的是全球第一超级大国的风范么?”而在@加拿大大使馆官方微博 下，则有大批网友质疑加拿大已从一个主权国家蜕变成为“美国的打手”。他们称，加拿大的行为侵犯人权，并大呼请加方“放人”。O美加驻华使馆微博下，愤怒的中国网民正一起大呼“放人”…… 收起全文d\n", "author": "环球网", "time": "环球网2018年12月06日12:15", "transmit": " 转发 14996", "comment": "评论 3208", "zan": " 59857"}, {"text": "\n                    【胡锡进：美国在市场上打不垮华为，请不要采取卑鄙的流氓手段】多家外媒5日消息，当地时间12月1日，加拿大警方应美国要求，在温哥华逮捕了任正非之女、华为CFO孟晚舟。中国驻加拿大使馆6日指责这一逮捕严重侵犯人权，使馆对此表达强烈抗议，同时要求美加两国政府恢复孟晚舟女士人身自由。消息传回国内 ​  展开全文c \n                    【胡锡进：美国在市场上打不垮华为，请不要采取卑鄙的流氓手段】多家外媒5日消息，当地时间12月1日，加拿大警方应美国要求，在温哥华逮捕了任正非之女、华为CFO孟晚舟。中国驻加拿大使馆6日指责这一逮捕严重侵犯人权，使馆对此表达强烈抗议，同时要求美加两国政府恢复孟晚舟女士人身自由。消息传回国内，也引起广大网友愤慨。环球时报总编辑胡锡进就此事连发微博，表达看法↓↓↓全文：O胡锡进：美国在市场上打不垮华为，请不要采取卑鄙的流氓手段 收起全文d\n", "author": "环球网", "time": "环球网2018年12月06日12:00", "transmit": " 转发 194", "comment": "评论 250", "zan": " 464"}, {"text": "\n#孟晚舟被扣留#【华为确认任正非女儿被加拿大当局扣留，面临美方未明指控】据外媒报道，日前加拿大应美国当局要求逮捕了华为公司首席财务官、公司创始人任正非的女儿孟晚舟。据悉，其因涉嫌违反美国对伊朗的贸易制裁而面临被引渡至美国。O华为确认任正非女儿被加拿大当局扣留，面临美方未明指控 ​                ", "author": "新京报", "time": "新京报2018年12月06日09:26 来自iPhone客户端", "transmit": " 转发 371", "comment": "评论 1446", "zan": " 791"}, {"text": "\n                    【风波中的华为：多位华为员工均拒绝了采访 】华为今日首展5G商用终端，现场展台前人头攒动，比其他几家公司稍显拥挤。关于公司CFO孟晚舟事件的看法，多位华为员工均拒绝回应。O风波中的华为：今日首展2.6G频段5G商用终端 ​                ", "author": "新浪证券", "time": "新浪证券2018年12月06日13:44 来自微博weibo.com", "transmit": " 转发 42205", "comment": "评论 34553", "zan": " 91690"}, {"text": "\n                    【华为最新回应：孟晚舟在加被暂扣 相信会有公正结论】华为副董事长陈黎芳表示，近期，公司CFO孟晚舟在加拿大转机时，被加拿大当局代表美国政府暂时扣留，美国正在寻求对孟晚舟的引渡，面临纽约东区未指明的指控。并进一步指出，关于具体指控提供给华为的信息非常少，华为并不知晓孟晚舟有任何不当行为 ​  展开全文c \n                    【华为最新回应：孟晚舟在加被暂扣 相信会有公正结论】华为副董事长陈黎芳表示，近期，公司CFO孟晚舟在加拿大转机时，被加拿大当局代表美国政府暂时扣留，美国正在寻求对孟晚舟的引渡，面临纽约东区未指明的指控。并进一步指出，关于具体指控提供给华为的信息非常少，华为并不知晓孟晚舟有任何不当行为。公司相信，加拿大和美国的法律体系会最终会给出公正的结论。@华为中国 O华为最新回应：孟晚舟在加被暂扣 相信会有公正结论 收起全文d\n", "author": "新浪财经", "time": "新浪财经2018年12月06日08:19 来自微博weibo.com", "transmit": " 转发 314", "comment": "评论 126", "zan": " 248"}, {"text": "\n                    【华为回应孟晚舟事件：相信加拿大和美国司法体系最终将给出公正的结论】华为称公司在全球开展业务严格遵守所适用的法律法规。华为公司在该公司指挥方面获得的信息非常少，且并不知晓孟晚舟女士有任何不当行为，公司相信加拿大和美国司法体系最终将给出公正的结论。如果有进一步情况，会及时向大家通报 ​  展开全文c \n                    【华为回应孟晚舟事件：相信加拿大和美国司法体系最终将给出公正的结论】华为称公司在全球开展业务严格遵守所适用的法律法规。华为公司在该公司指挥方面获得的信息非常少，且并不知晓孟晚舟女士有任何不当行为，公司相信加拿大和美国司法体系最终将给出公正的结论。如果有进一步情况，会及时向大家通报。O华为致供应商一封信：不会因美国无理改变合作关系 收起全文d\n", "author": "新浪财经", "time": "新浪财经2018年12月06日23:48 来自微博weibo.com", "transmit": " 转发 369", "comment": "评论 153", "zan": " 585"}, {"text": "\n                    【加媒：加拿大周五将举行听证会 决定是否引渡华为CFO孟晚舟至美国】加拿大《环球邮报》5日援引加拿大司法部发言人的话称，孟晚舟于12月1日在温哥华被捕，美国希望将孟晚舟引渡到美国，加拿大法院暂定于当地时间周五(7日)就此事举行保释听证会。加拿大司法部以此事已发布报道禁令为由，拒绝提供其他细 ​  展开全文c \n                    【加媒：加拿大周五将举行听证会 决定是否引渡华为CFO孟晚舟至美国】加拿大《环球邮报》5日援引加拿大司法部发言人的话称，孟晚舟于12月1日在温哥华被捕，美国希望将孟晚舟引渡到美国，加拿大法院暂定于当地时间周五(7日)就此事举行保释听证会。加拿大司法部以此事已发布报道禁令为由，拒绝提供其他细节。美国司法部发言人马克·雷蒙迪则拒绝就此事发表评论。（环球网） 收起全文d\n", "author": "环球时报", "time": "环球时报2018年12月06日13:45 来自微博weibo.com", "transmit": " 转发 155", "comment": "评论 494", "zan": " 304"}, {"text": "\n                    【中国驻加拿大使馆回应华为CFO被捕事件】中国驻加拿大使馆发言人就加方逮捕华为CFO孟晚舟事件发声明表示，加拿大警方应美方要求，逮捕一个没有违反任何美、加法律的中国公民，对这一严重侵犯人权的行为，中方表示坚决反对并强烈抗议。中方已向美、加两国进行了严正交涉，要求它们立即纠正错误做法，恢 ​  展开全文c \n                    【中国驻加拿大使馆回应华为CFO被捕事件】中国驻加拿大使馆发言人就加方逮捕华为CFO孟晚舟事件发声明表示，加拿大警方应美方要求，逮捕一个没有违反任何美、加法律的中国公民，对这一严重侵犯人权的行为，中方表示坚决反对并强烈抗议。中方已向美、加两国进行了严正交涉，要求它们立即纠正错误做法，恢复孟晚舟的人身自由。大使馆将密切关注事态发展，采取一切行动坚决维护中国公民合法权益。（记者 张而弛） 收起全文d\n", "author": "财新网", "time": "财新网2018年12月06日08:21 来自微博weibo.com", "transmit": " 转发 609", "comment": "评论 1722", "zan": " 1763"}, {"text": "\n#孟晚舟加拿大被捕#【华为回应CFO孟晚舟在加被扣留：不知晓有任何不当行为】华为6日发布声明表示，近期，公司CFO孟晚舟女士在加拿大转机时，被加拿大当局代表美国政府暂时扣留，美国正在寻求对孟晚舟女士的引渡，面临纽约东区未指明的指控。关于具体指控提供给华为的信息非常少，华为并不知晓孟女士有 ​  展开全文c \n#孟晚舟加拿大被捕#【华为回应CFO孟晚舟在加被扣留：不知晓有任何不当行为】华为6日发布声明表示，近期，公司CFO孟晚舟女士在加拿大转机时，被加拿大当局代表美国政府暂时扣留，美国正在寻求对孟晚舟女士的引渡，面临纽约东区未指明的指控。关于具体指控提供给华为的信息非常少，华为并不知晓孟女士有任何不当行为。“相信，加拿大和美国的法律体系会最终会给出公正的结论。”华为还表示，“华为遵守业务所在国的所有适用法律法规，包括联合国、美国和欧盟适用的出口管制和制裁法律法规。” 收起全文d\n", "author": "中国新闻网", "time": "中国新闻网2018年12月06日09:03 来自微博weibo.com", "transmit": " 转发 128", "comment": "评论 250", "zan": " 203"}, {"text": "\n#华为CFO孟晚舟被捕#据报道，12月1日，应美国的要求，孟晚舟在加拿大温哥华被逮捕，美国正寻求孟晚舟女士的引渡。根据最新消息，中国大使馆驻加拿大使馆严正声明：要求美加立刻恢复孟晚舟人身自由。根据最新消息，中国大使馆驻加拿大使馆严正声明：要求美加立刻恢复孟晚舟人身自由。并进一步解释：加拿 ​  展开全文c \n#华为CFO孟晚舟被捕#据报道，12月1日，应美国的要求，孟晚舟在加拿大温哥华被逮捕，美国正寻求孟晚舟女士的引渡。根据最新消息，中国大使馆驻加拿大使馆严正声明：要求美加立刻恢复孟晚舟人身自由。根据最新消息，中国大使馆驻加拿大使馆严正声明：要求美加立刻恢复孟晚舟人身自由。并进一步解释：加拿大警方应美方要求逮捕一个没有违反任何美、加法律的中国公民，对这一严重侵犯人权的行为，中方表示坚决反对并强烈抗议。 收起全文d\n", "author": "钱皓", "time": "钱皓2018年12月06日10:38 来自微博weibo.com", "transmit": " 转发 53", "comment": "评论 292", "zan": " 254"}, {"text": "\n                    美国人挺下三滥啊 华为孟晚舟被美国人扣住了，要求引渡美国受审。 ​                ", "author": "大英良心汉弗莱", "time": "大英良心汉弗莱2018年12月06日06:59 来自iPhone7", "transmit": " 转发 316", "comment": "评论 488", "zan": " 444"}, {"text": "\n                    【华为回应#孟晚舟在加被捕#：没有任何不当，相信法律体系最终给出公正结论】华为：近期，我们公司CFO孟晚舟女士在加拿大转机时，被加拿大当局代表美国政府暂时扣留，美国正在寻求对孟晚舟女士的引渡，面临纽约东区未指明的指控。关于具体指控提供给华为的信息非常少，华为并不知晓孟女士有任何不当 ​  展开全文c \n                    【华为回应#孟晚舟在加被捕#：没有任何不当，相信法律体系最终给出公正结论】华为：近期，我们公司CFO孟晚舟女士在加拿大转机时，被加拿大当局代表美国政府暂时扣留，美国正在寻求对孟晚舟女士的引渡，面临纽约东区未指明的指控。关于具体指控提供给华为的信息非常少，华为并不知晓孟女士有任何不当行为。公司相信，加拿大和美国的法律体系会最终会给出公正的结论。华为遵守业务所在国的所有适用法律法规，包括联合国、美国和欧盟适用的出口管制和制裁法律法规。（环球网） 收起全文d\n", "author": "中国日报", "time": "中国日报2018年12月06日08:39", "transmit": " 转发 41", "comment": "评论 120", "zan": " 173"}, {"text": "\n孟晚舟挺优秀的，作为华为老总任正非的女儿，她并没有太多靠父亲的光环，而是自己一步步从基层爬上华为高层。外界对她的报道也非常少，2017年2月，福布斯发布“2017中国最杰出商界女性排行榜”，孟晚舟排名第八。下边视频是之前在泰晤士高等教育与新加坡国立大学联合举办的学术峰会上，作为 ​  展开全文c \n孟晚舟挺优秀的，作为华为老总任正非的女儿，她并没有太多靠父亲的光环，而是自己一步步从基层爬上华为高层。外界对她的报道也非常少，2017年2月，福布斯发布“2017中国最杰出商界女性排行榜”，孟晚舟排名第八。下边视频是之前在泰晤士高等教育与新加坡国立大学联合举办的学术峰会上，作为华为副董事长、首席财务官的孟晚舟表示：“从基础理论到商业应用是一个漫长而艰辛的过程，中间需要长期的转换与推动。颠覆性创新的成功是偶然的，一次成功的背后是千千万万的失败。大学与企业紧密合作，才能跨越‘死亡谷’。华为声明能有今天这么成功，也离不开她的辛苦付出！#华为回应孟晚舟被捕##中国使馆要求恢复孟晚舟人身自由# L旅行厨男的秒拍视频 收起全文d\n", "author": "旅行厨男", "time": "旅行厨男2018年12月06日09:24", "transmit": " 转发 130", "comment": "评论 464", "zan": " 888"}, {"text": "\n                    【华为唯一接班人？ “超级二代”孟晚舟】除了是华为的CFO外，孟晚舟的另一个身份是华为创始人任正非的女儿，1987年，华为成立，1993年，孟晚舟加入华为。孟晚舟曾在题为《海纳百川，有容乃大》的内部文章中回忆，1993年，刚刚进入华为工作最初的那几年，她承担了总机转接和文件打印等工作，琐碎且辛 ​  展开全文c \n                    【华为唯一接班人？ “超级二代”孟晚舟】除了是华为的CFO外，孟晚舟的另一个身份是华为创始人任正非的女儿，1987年，华为成立，1993年，孟晚舟加入华为。孟晚舟曾在题为《海纳百川，有容乃大》的内部文章中回忆，1993年，刚刚进入华为工作最初的那几年，她承担了总机转接和文件打印等工作，琐碎且辛苦。“我是华为早年仅有的三个秘书之一。”任正非曾对孟晚舟说，社会阅历的第一条是对人要有认识，打杂的经历有助于积累这些经验。O华为回应任正非女儿、华为CFO孟晚舟在海外“被扣留” 收起全文d\n", "author": "第一财经日报", "time": "第一财经日报2018年12月06日11:14 来自iPhone客户端", "transmit": " 转发 107", "comment": "评论 177", "zan": " 173"}, {"text": "\n                    【外交部回应#孟晚舟加拿大被捕#：美加应立即澄清，立即放人】针对加拿大警方应美方要求逮捕华为CFO孟晚舟女士，中国外交部6日表示，中方已就此案分别向加方和美方表明了严正立场，要求对方立即对拘押的理由作出澄清，立即释放被拘押的人员，切实保障当事人的合法正当权益。@央视新闻 ​                ", "author": "中国新闻网", "time": "中国新闻网2018年12月06日15:34 来自微博weibo.com", "transmit": " 转发 35", "comment": "评论 110", "zan": " 225"}]