[{"text": "\n                    【百位中国文化产业领军人物榜单出炉】2月27日，首个100位改革开放文化产业领军人物榜出炉，上榜者有老一辈文化工作者郭兰英、李谷一、李雪健、陆天明、单霁翔，有演艺工作者成龙、刘德华、巩俐、葛优、吴京，李宇春，还有领改革风潮的“弄潮儿”，以及新时代下以马云、马化腾、雷军和华为CFO孟晚舟等 ​  展开全文c \n                    【百位中国文化产业领军人物榜单出炉】2月27日，首个100位改革开放文化产业领军人物榜出炉，上榜者有老一辈文化工作者郭兰英、李谷一、李雪健、陆天明、单霁翔，有演艺工作者成龙、刘德华、巩俐、葛优、吴京，李宇春，还有领改革风潮的“弄潮儿”，以及新时代下以马云、马化腾、雷军和华为CFO孟晚舟等文化科技产业领军人物。（图文来源：1978卓越大奖） 收起全文d\n", "author": "每日经济新闻", "time": "每日经济新闻2019年02月28日18:52 来自搜狗高速浏览器", "transmit": " 转发 1320", "comment": "评论 474", "zan": " 1382"}, {"text": "\n                    一组图看懂“折叠屏”OLED手机热@腾讯科技 ​华为手机任正非！华为孟晚舟假释后日记曝光：世上所有好运气，都是你积累的人品＂。 ​                ", "author": "浙商卢献星", "time": "浙商卢献星2019年02月28日12:17 来自浙商會iPhone客户端", "transmit": " 转发 8", "comment": "评论 ", "zan": " 16"}, {"text": "\n                    【任正非：孟晚舟没有技术背景，永生永世不可能做华为接班人】2月18日，华为创始人、CEO任正非接受BBC专访。被问及是否考虑让女儿孟晚舟做接班人，成为华为CEO时，他表示，孟晚舟永生永世不可能做接班人，因为她没有技术背景，我不能完全从父亲的角度看儿女的发展轨迹。他还提到：“这次的困难，对她来 ​  展开全文c \n                    【任正非：孟晚舟没有技术背景，永生永世不可能做华为接班人】2月18日，华为创始人、CEO任正非接受BBC专访。被问及是否考虑让女儿孟晚舟做接班人，成为华为CEO时，他表示，孟晚舟永生永世不可能做接班人，因为她没有技术背景，我不能完全从父亲的角度看儿女的发展轨迹。他还提到：“这次的困难，对她来说也是人生难得的机会……要感谢美国政府，给了她一双强有力的翅膀 L微丢的秒拍视频 收起全文d\n", "author": "新闻正发声", "time": "新闻正发声2019年02月28日14:40 来自微博云剪", "transmit": " 转发 7", "comment": "评论 8", "zan": " 15"}]