[{"text": "\n                    任正非表示：他们以为抓了孟晚舟，华为会倒，但是没有，华为仍在前进，他们抓错了人，美国不会摧毁华为。世界需要华为，因为我们更先进。L的秒拍视频 ​                ", "author": "电商头条", "time": "电商头条2019年02月20日06:21 来自微博weibo.com", "transmit": " 转发 72", "comment": "评论 15", "zan": " 51"}, {"text": "\n                    任正非表示，孟晚舟事件“对华为的生意没有影响，事实上我们发展的更快了”，他说，“所以他们抓了孟晚舟，可能是抓错人了。他们可能是想抓了她，华为就会衰落，但我们没有衰落，仍然在继续前进。我们公司已经建立程序规章，再也不用依靠某个人。就算我自己哪天不在了，公司也不会改变前进轨道。” ​                ", "author": "指尖上的会计", "time": "指尖上的会计2019年02月20日15:28 来自华为P8max", "transmit": " 转发 6", "comment": "评论 3", "zan": " 22"}, {"text": "\n                    任正非表示：他们以为抓了孟晚舟，华为会倒，但是没有，华为仍在前进，他们抓错了人，美国不会摧毁华为。世界需要华为，因为我们更先进。 L的秒拍视频 ​                ", "author": "梁水才", "time": "梁水才2019年02月20日08:05", "transmit": " 转发 18", "comment": "评论 24", "zan": " 24"}]