[{"text": "\n                    【任正非详解为何起诉美国！特朗普策略完全错误，孟晚舟没有犯罪，问题迟早会解决】任正非谈到华为为何要起诉美国政府时表示，多年以来美国网络中没有华为设备，美国没有根据告诉其他国家华为的设备存在安全问题。美国认为华为有网络安全问题，他们必须有证据。他指出，特朗普政府打击中国科技公司的策 ​  展开全文c \n                    【任正非详解为何起诉美国！特朗普策略完全错误，孟晚舟没有犯罪，问题迟早会解决】任正非谈到华为为何要起诉美国政府时表示，多年以来美国网络中没有华为设备，美国没有根据告诉其他国家华为的设备存在安全问题。美国认为华为有网络安全问题，他们必须有证据。他指出，特朗普政府打击中国科技公司的策略完全是错误的，有损害美国国际声誉的风险。如果美国政府总是对其他国家、公司或个人采取残暴的态度，那么没有人敢在美国投资。任正非谈到孟晚舟案件表示，孟晚舟没有任何罪行，相信她的问题迟早会得到解决。（ e公司官微）O任正非详解为何起诉美国！特朗普策略完全错误，孟晚舟没有犯罪，问题迟早会解决 收起全文d\n", "author": "新财富杂志", "time": "新财富杂志2019年03月14日11:35 来自微博weibo.com", "transmit": " 转发 26", "comment": "评论 26", "zan": " 50"}, {"text": "\n                    【任正非详解为何起诉美国！特朗普策略完全错误，孟晚舟没有犯罪，问题迟早会解决】任正非谈到华为为何要起诉美国政府时表示，多年以来美国网络中没有华为设备，美国没有根据告诉其他国家华为的设备存在安全问题。美国认为华为有网络安全问题，他们必须有证据。他指出，特朗普政府打击中国科技公司的策 ​  展开全文c \n                    【任正非详解为何起诉美国！特朗普策略完全错误，孟晚舟没有犯罪，问题迟早会解决】任正非谈到华为为何要起诉美国政府时表示，多年以来美国网络中没有华为设备，美国没有根据告诉其他国家华为的设备存在安全问题。美国认为华为有网络安全问题，他们必须有证据。他指出，特朗普政府打击中国科技公司的策略完全是错误的，有损害美国国际声誉的风险。如果美国政府总是对其他国家、公司或个人采取残暴的态度，那么没有人敢在美国投资。任正非谈到孟晚舟案件表示，孟晚舟没有任何罪行，相信她的问题迟早会得到解决。O任正非详解为何起诉美国！特朗普策略完全错误，孟晚舟没有犯罪，问题迟早会解决 收起全文d\n", "author": "和讯网", "time": "和讯网2019年03月14日11:37 来自微博weibo.com", "transmit": " 转发 15", "comment": "评论 4", "zan": " 11"}, {"text": "\n                    【#任正非谈为何起诉美国#：孟晚舟没犯罪 特朗普策略错误】任正非指出，特朗普政府打击中国科技公司的策略完全是错误的，有损害美国国际声誉的风险。如果美国政府总是对其他国家、公司或个人采取残暴的态度，那么没有人敢在美国投资。谈到孟晚舟时表示她没有任何罪行，相信问题迟早会解决。@五环短视频 ​  展开全文c \n                    【#任正非谈为何起诉美国#：孟晚舟没犯罪 特朗普策略错误】任正非指出，特朗普政府打击中国科技公司的策略完全是错误的，有损害美国国际声誉的风险。如果美国政府总是对其他国家、公司或个人采取残暴的态度，那么没有人敢在美国投资。谈到孟晚舟时表示她没有任何罪行，相信问题迟早会解决。@五环短视频 L五环短视频的秒拍视频 收起全文d\n", "author": "凤凰网财经", "time": "凤凰网财经2019年03月14日13:27 来自专业版微博", "transmit": " 转发 54", "comment": "评论 147", "zan": " 147"}, {"text": "\n                    【#任正非谈为何起诉美国#：孟晚舟没犯罪 特朗普策略错误】3月14日消息，任正非指出，特朗普政府打击中国科技公司的策略完全是错误的，有损害美国国际声誉的风险。如果美国政府总是对其他国家、公司或个人采取残暴的态度，那么没有人敢在美国投资。谈到孟晚舟时表示她没有任何罪行，相信问题迟早会解决 ​  展开全文c \n                    【#任正非谈为何起诉美国#：孟晚舟没犯罪 特朗普策略错误】3月14日消息，任正非指出，特朗普政府打击中国科技公司的策略完全是错误的，有损害美国国际声誉的风险。如果美国政府总是对其他国家、公司或个人采取残暴的态度，那么没有人敢在美国投资。谈到孟晚舟时表示她没有任何罪行，相信问题迟早会解决。L五环短视频的秒拍视频 收起全文d\n", "author": "中国企业家杂志", "time": "中国企业家杂志2019年03月14日16:33 来自微博weibo.com", "transmit": " 转发 30", "comment": "评论 21", "zan": " 104"}, {"text": "\n                    【#任正非谈为何起诉美国#：孟晚舟没犯罪 特朗普策略错误】任正非指出，特朗普政府打击中国科技公司的策略完全是错误的，有损害美国国际声誉的风险。如果美国政府总是对其他国家、公司或个人采取残暴的态度，那么没有人敢在美国投资。谈到孟晚舟时表示她没有任何罪行，相信问题迟早会解决。 ​  展开全文c \n                    【#任正非谈为何起诉美国#：孟晚舟没犯罪 特朗普策略错误】任正非指出，特朗普政府打击中国科技公司的策略完全是错误的，有损害美国国际声誉的风险。如果美国政府总是对其他国家、公司或个人采取残暴的态度，那么没有人敢在美国投资。谈到孟晚舟时表示她没有任何罪行，相信问题迟早会解决。L五环短视频的秒拍视频 收起全文d\n", "author": "云财经", "time": "云财经2019年03月14日13:49 来自微博weibo.com", "transmit": " 转发 16", "comment": "评论 4", "zan": " 35"}]