[{"text": "\n                    【华为过劫】2018年，美国多年来对华为的遏制达到高潮，不仅以安全威胁为由阻止华为进入美国市场，还号召其盟友共同抵制华为，孟晚舟事件，更是牵动太平洋两岸的商界人士的心，导致人心惶惶。一位大型互联网公司高层称，对于正在谋求海外扩张的企业来说，现在已到了最危险的时候。O华为过劫：若半个地球市场关闭 华为还能高歌猛进吗? ​                ", "author": "新浪科技", "time": "新浪科技2018年12月23日19:00 来自微博weibo.com", "transmit": " 转发 32", "comment": "评论 67", "zan": " 74"}, {"text": "\n                    在孟晚舟事件中，华为极好地体现了任正非的风格。华为的几次回应都极为克制，将事件表述限定在法律范畴之内，没有利用公众情绪进行市场公关，也没有打民族牌，甚至在公开回应中也没有把美国和加拿大的行为表述为对华为的打压、迫害。华为的这种平静正是一个非常成熟的国际化大企业的风范，而这样的企 ​  展开全文c \n                    在孟晚舟事件中，华为极好地体现了任正非的风格。华为的几次回应都极为克制，将事件表述限定在法律范畴之内，没有利用公众情绪进行市场公关，也没有打民族牌，甚至在公开回应中也没有把美国和加拿大的行为表述为对华为的打压、迫害。华为的这种平静正是一个非常成熟的国际化大企业的风范，而这样的企业如果在中国能更多一些，才是国家幸事。（更多内容请登陆格隆汇官网或下载格隆汇APP） O【风云四十年】硬汉任正非 收起全文d\n", "author": "格隆汇APP", "time": "格隆汇APP2018年12月23日23:21 来自微博weibo.com", "transmit": " 转发 26", "comment": "评论 9", "zan": " 31"}]