[{"text": "\n                    【沃顿商学院院长：中美冲突的本质不在贸易而在创新】中美贸易谈判紧锣密鼓的同时，美国于 2019 年 1 月 28 日宣布起诉华为并提出引渡孟晚舟。沃顿商学院院长在 2018 年 5 月的演讲就明确指出：“中美冲突的本质不在贸易，而在创新”。贸易战在明处，科技战则是暗战，这是我们需要看清楚并着力应对的博 ​  展开全文c \n                    【沃顿商学院院长：中美冲突的本质不在贸易而在创新】中美贸易谈判紧锣密鼓的同时，美国于 2019 年 1 月 28 日宣布起诉华为并提出引渡孟晚舟。沃顿商学院院长在 2018 年 5 月的演讲就明确指出：“中美冲突的本质不在贸易，而在创新”。贸易战在明处，科技战则是暗战，这是我们需要看清楚并着力应对的博弈棋局。O沃顿商学院院长：中美冲突的本质不在贸易而在创新 收起全文d\n", "author": "中国商界网", "time": "中国商界网2019年02月01日08:48 来自iPhone客户端", "transmit": " 转发 321", "comment": "评论 69", "zan": " 110"}, {"text": "\n                    很多朋友让我以财经和法律的专业角度预测一下华为孟晚舟案的情况，这个案件，法律是有冲突的，在法律冲突的情况下如何处理就是政治！西方是案例法，不是大法党所说的法律有冲突就从轻。加拿大夹在中间，肯定不会很快做决定，把事情拖凉了，就如赖昌星那样搞一个很多年，加拿大和美国的律师和游说公司都 ​  展开全文c \n                    很多朋友让我以财经和法律的专业角度预测一下华为孟晚舟案的情况，这个案件，法律是有冲突的，在法律冲突的情况下如何处理就是政治！西方是案例法，不是大法党所说的法律有冲突就从轻。加拿大夹在中间，肯定不会很快做决定，把事情拖凉了，就如赖昌星那样搞一个很多年，加拿大和美国的律师和游说公司都赚足了，西方政客也满意了，而华为也争取了时间卖5G，到最后热点降低重要性降低，就有妥协方案了，这才是下面都不输的帕累托最优，也是他们市场经济所追求的。 收起全文d\n", "author": "谁是谁非任评说", "time": "谁是谁非任评说2019年02月01日08:56 来自微博weibo.com", "transmit": " 转发 33", "comment": "评论 24", "zan": " 69"}, {"text": "\n                    【冷聚变TV：华为到底有多大 （手机卖的比苹果还多）】歪果仁是如何看待华为为何总是处在世界的风尖浪口之上的，以及对孟晚舟在加拿大被捕事件，是如何评价的L柚子木字幕组的秒拍视频 ​                ", "author": "柚子木字幕组", "time": "柚子木字幕组2019年02月01日17:07 来自微博weibo.com", "transmit": " 转发 43", "comment": "评论 28", "zan": " 110"}]