[{"text": "\nO伟大的背后都是苦难！华为孟晚舟的事件提醒我们什么？人类从来没有走出过丛林？ ​                ", "author": "司马南", "time": "司马南2019年02月10日09:51 来自HUAWEIMate20Pro", "transmit": " 转发 83", "comment": "评论 126", "zan": " 155"}, {"text": "\n#华为# O孟晚舟有救了？加司法部长爆猛料 自孟晚舟去年12月1日在温哥华转机时被捕后，中加关系有如大海上的小船，孟是否将被引渡到美国也牵动所有人的心。7日，新上任的加拿大(专题)司法部长突然爆出一个猛料：是否引渡孟晚舟将考虑政治因素！#美国向加提出引渡孟晚舟# ​                ", "author": "笑遨人间", "time": "笑遨人间2019年02月10日11:53 来自华为Android", "transmit": " 转发 9", "comment": "评论 2", "zan": " 7"}]