[{"text": "\n                    当下的中美关系美国总统特朗普之前声称周五对中国商品加关税，今天又说中国副总理要去美国签贸易协议。今天美国通过了粗暴干涉中国内政的所谓“台湾保护法”，414票赞成，0票反对，17票弃权，华为的孟晚舟8号将再度出庭，甲骨文创始人认为不能让中国培养更多的工程师。把这几个事件综合起来看，就可 ​  展开全文c \n                    当下的中美关系美国总统特朗普之前声称周五对中国商品加关税，今天又说中国副总理要去美国签贸易协议。今天美国通过了粗暴干涉中国内政的所谓“台湾保护法”，414票赞成，0票反对，17票弃权，华为的孟晚舟8号将再度出庭，甲骨文创始人认为不能让中国培养更多的工程师。把这几个事件综合起来看，就可见真实的中美关系，即美国早已把中国当成敌人！所谓“台湾保证法”的通过，是一个大事件，看看对比，就知道美国很多话都是谎言，在贸易战的大背景下，该法通过，恶意满满。美国此届政府非常奇葩，没有廉耻，好勇斗狠，特朗普负责敲诈，国务卿蓬佩奥到处说中国坏话，所谓国家安全顾问博尔顿到处煽风点火，到底是谁在破坏世界和平，一目了然！ 收起全文d\n", "author": "洪国荃", "time": "洪国荃2019年05月08日22:54 来自HUAWEIMate10", "transmit": " 转发 209", "comment": "评论 481", "zan": " 153"}, {"text": "\n                    【#任正非谈华为接班人标准#，曾称孟晚舟绝不可能接班】5月5日，华为心声社区公布最新总裁办电子邮件，这是一篇任正非十几年前的谈话。在接班人要求方面，任正非提炼了四点：1）除了以前我们讲过的视野、品格、意志要求以外，还要具备对价值的高瞻远瞩和驾驭商业生态环境的能力；2）有全球市场格局的 ​  展开全文c \n                    【#任正非谈华为接班人标准#，曾称孟晚舟绝不可能接班】5月5日，华为心声社区公布最新总裁办电子邮件，这是一篇任正非十几年前的谈话。在接班人要求方面，任正非提炼了四点：1）除了以前我们讲过的视野、品格、意志要求以外，还要具备对价值的高瞻远瞩和驾驭商业生态环境的能力；2）有全球市场格局的视野，交易、服务目标执行的能力；3）对新技术与客户需求的深刻理解，而且具有不固步自封的能力；4）有端到端对公司巨大数量的业务流、物流、资金流等进行简化管理的能力。此前，任正非明确表示女儿孟晚舟不会接班。L老板联播的秒拍视频 收起全文d\n", "author": "陈永东", "time": "陈永东2019年05月08日08:04 来自iPhone7Plus", "transmit": " 转发 13", "comment": "评论 2", "zan": " 5"}]