[{"text": "\n                    【孟晚舟在加拿大出席引渡听证会，华为深夜回应】北京时间今天凌晨，应美国政府要求而被加拿大方面扣押的中国华为公司高管孟晚舟再次为引渡问题在温哥华出庭。根据一份华为公司提供的最新声明，孟晚舟的律师团队在法庭上提出了3项重要的辩护事项。“华为一直相信孟女士是清白的。我们认为，美国下令 ​  展开全文c \n                    【孟晚舟在加拿大出席引渡听证会，华为深夜回应】北京时间今天凌晨，应美国政府要求而被加拿大方面扣押的中国华为公司高管孟晚舟再次为引渡问题在温哥华出庭。根据一份华为公司提供的最新声明，孟晚舟的律师团队在法庭上提出了3项重要的辩护事项。“华为一直相信孟女士是清白的。我们认为，美国下令逮捕孟女士是非法滥用程序，背后有政治因素驱动，而非出于法治考虑。孟女士的律师今天在法庭上披露了三个重要事项：第一，针对孟女士发起的刑事案件完全基于不实指控。律师今天在法庭上明确指出，孟女士的行为是公开、透明的，银行人员也完全了解相关问题的实际情况。孟女士陈述的PPT没有误导性，银行了解Skycom在伊朗的业务和运营的性质，也了解华为与Skycom的关系。因此，没有证据证明孟女士有“欺骗、不诚实或其他不正当手段”的行为，银行也没有因孟女士的陈述面临利益被剥夺的风险。第二，加拿大相关部门在FBI参与下采取的行动对孟女士依据《加拿大权利与自由宪章》所享有的权利造成了多次、严重的侵犯。加拿大司法部公布的证据表明，拘捕孟女士是由加拿大皇家骑警、加拿大边境服务局和美国FBI三部门互相配合的。加拿大皇家骑警故意延迟出示拘捕令，以“例行入境检查”为名对孟女士实施非法扣押和搜查。另外，他们还搜查了孟女士的行李，并根据FBI的指示扣押其手机和其它电子设备，强迫其交出密码。关于此案件的更多关键证据目前还在加拿大皇家骑警、加拿大边境服务局和司法部手中，孟女士后续将向法庭申请，要求加拿大皇家骑警、加拿大边境服务局和司法部进一步公布相关证据。”第三，逮捕孟女士违反了美加引渡条约及加拿大《引渡法》的核心原则—双重犯罪原则。美国对孟女士的指控是基于美国对伊朗的制裁，但是加拿大目前并没有针对伊朗的金融制裁，因此孟女士面临的指控在加拿大并不构成犯罪。引渡请求不满足双重犯罪的要求。此外，律师认为引渡程序过程中出现的政治因素将导致对公正的严重损害，也会使孟女士的合法权利受到侵害。孟女士将据此向法庭申请停止引渡程序。加拿大是一个尊重法治以及《加拿大权利与自由宪章》的国家。我们认为执法机构的官员在任何时候、任何情况下都应遵守法治原则，对所有人，包括加拿大公民和到访者都一视同仁。我们相信加拿大的司法体系，我们也期待孟女士尽快重获自由。”O重磅！孟晚舟出庭，华为发布四点声明 收起全文d\n", "author": "环球时报", "time": "环球时报2019年05月09日09:50 来自微博weibo.com", "transmit": " 转发 119", "comment": "评论 214", "zan": " 473"}, {"text": "\n                    【孟晚舟的律师指出对孟的扣押是违法的】温哥华当地时间8日，加拿大不列颠哥伦比亚省高等法院开庭，对华为公司首席财务官孟晚舟引渡案进行听证。在法庭上，孟晚舟的律师团队指出，美国对孟晚舟的引渡要求没有根据，加拿大对孟晚舟的扣押是非法的。孟晚舟的律师指出，美国总统特朗普有关孟晚舟案的言论 ​  展开全文c \n                    【孟晚舟的律师指出对孟的扣押是违法的】温哥华当地时间8日，加拿大不列颠哥伦比亚省高等法院开庭，对华为公司首席财务官孟晚舟引渡案进行听证。在法庭上，孟晚舟的律师团队指出，美国对孟晚舟的引渡要求没有根据，加拿大对孟晚舟的扣押是非法的。孟晚舟的律师指出，美国总统特朗普有关孟晚舟案的言论表明，这是一个有政治目的的案件。法官没有就此作出裁决，只是根据控辩双方关于公开申请的要求作出决定，下一次开庭的时间为9月23日～25日，然后是9月30日-10月4日。华为公司在听证结束后发表声明表示：华为一直相信孟女士是清白的。我们认为，美国下令逮捕孟女士是非法滥用程序，背后有政治因素驱动，而非出于法治考虑。声明说，孟女士的律师今天在法庭上披露了三个重要事项：第一，针对孟女士发起的刑事案件完全基于不实指控。第二，加拿大相关部门在美国联邦调查局参与下采取的行动对孟女士依据《加拿大权利与自由宪章》所享有的权利造成了多次、严重的侵犯。加拿大皇家骑警故意延迟出示拘捕令，以“例行入境检查”为名对孟女士实施非法扣押和搜查。孟女士后续将向法庭申请，要求加拿大皇家骑警、加拿大边境服务局和司法部进一步公布相关证据。第三，逮捕孟女士违反了美加引渡条约及加拿大《引渡法》的核心原则—双重犯罪原则。美国对孟女士的指控是基于美国对伊朗的制裁，但是加拿大目前并没有针对伊朗的金融制裁，因此孟女士面临的指控在加拿大并不构成犯罪。引渡请求不满足双重犯罪的要求。孟晚舟的律师团队表明，孟女士将据此向法庭申请终止引渡程序。（央视记者张森） 收起全文d\n", "author": "央视新闻", "time": "央视新闻2019年05月09日14:23 来自微博weibo.com", "transmit": " 转发 316", "comment": "评论 209", "zan": " 1154"}, {"text": "\n                    【#孟晚舟出席听证会# 华为：坚信其无罪 商业活动公开透明】5月8日，加拿大温哥华，华为副董事长孟晚舟出席引渡听证会。法院敲定孟晚舟需要于9月23日再次出庭。华为公司随后发表声明，坚信本案非法滥用诉讼程序，背后有政治因素驱动。@新京报 L世面的秒拍视频 ​                ", "author": "新浪财经", "time": "新浪财经2019年05月09日13:29 来自微博weibo.com", "transmit": " 转发 65", "comment": "评论 38", "zan": " 158"}, {"text": "\n                    【孟晚舟时隔两个月再出庭，#华为凌晨发布四点声明#】当地时间5月8日上午10时，加拿大不列颠哥伦比亚省高等法院再就孟晚舟女士引渡听证会重新开庭。孟晚舟上一次在庭审中公开露面还是大约两个月前。这次听证会只是确定接下来庭审的时间表，不会做出引渡与否的决定。法庭最后批准孟晚舟搬到Shaugnessy ​  展开全文c \n                    【孟晚舟时隔两个月再出庭，#华为凌晨发布四点声明#】当地时间5月8日上午10时，加拿大不列颠哥伦比亚省高等法院再就孟晚舟女士引渡听证会重新开庭。孟晚舟上一次在庭审中公开露面还是大约两个月前。这次听证会只是确定接下来庭审的时间表，不会做出引渡与否的决定。法庭最后批准孟晚舟搬到Shaugnessy的居住申请，同时规定将在9月23日至10月4日期间，进行相关资料披露的听证会，法官要孟晚舟必须于9月23日上午10时到庭。听证会结束后，环球网编辑部收到华为公司发来的四点声明，以下为华为声明全文：华为一直相信孟女士是清白的。我们认为，美国下令逮捕孟女士是非法滥用程序，背后有政治因素驱动，而非出于法治考虑。 孟女士的律师今天在法庭上披露了三个重要事项： 第一，针对孟女士发起的刑事案件完全基于不实指控。律师今天在法庭上明确指出，孟女士的行为是公开、透明的，银行人员也完全了解相关问题的实际情况。孟女士陈述的PPT没有误导性，银行了解Skycom在伊朗的业务和运营的性质，也了解华为与Skycom的关系。因此，没有证据证明孟女士有“欺骗、不诚实或其他不正当手段”的行为，银行也没有因孟女士的陈述面临利益被剥夺的风险。 第二，加拿大相关部门在FBI参与下采取的行动对孟女士依据《加拿大权利与自由宪章》所享有的权利造成了多次、严重的侵犯。加拿大司法部公布的证据表明，拘捕孟女士是由加拿大皇家骑警、加拿大边境服务局和美国FBI三部门互相配合的。加拿大皇家骑警故意延迟出示拘捕令，以“例行入境检查”为名对孟女士实施非法扣押和搜查。另外，他们还搜查了孟女士的行李，并根据FBI的指示扣押其手机和其它电子设备，强迫其交出密码。关于此案件的更多关键证据目前还在加拿大皇家骑警、加拿大边境服务局和司法部手中，孟女士后续将向法庭申请，要求加拿大皇家骑警、加拿大边境服务局和司法部进一步公布相关证据。 第三，逮捕孟女士违反了美加引渡条约及加拿大《引渡法》的核心原则—双重犯罪原则。美国对孟女士的指控是基于美国对伊朗的制裁，但是加拿大目前并没有针对伊朗的金融制裁，因此孟女士面临的指控在加拿大并不构成犯罪。引渡请求不满足双重犯罪的要求。 此外，律师认为引渡程序过程中出现的政治因素将导致对公正的严重损害，也会使孟女士的合法权利受到侵害。孟女士将据此向法庭申请停止引渡程序。 加拿大是一个尊重法治以及《加拿大权利与自由宪章》的国家。我们认为执法机构的官员在任何时候、任何情况下都应遵守法治原则，对所有人，包括加拿大公民和到访者都一视同仁。 我们相信加拿大的司法体系，我们也期待孟女士尽快重获自由。 （赵建东 冬瓜侠） 收起全文d\n", "author": "环球网", "time": "环球网2019年05月09日07:18", "transmit": " 转发 517", "comment": "评论 562", "zan": " 2710"}, {"text": "\n                    【孟晚舟案听证会再开庭　华为声明称美非法滥用程序有政治因素驱动】新华社深圳5月9日电（记者白瑜）温哥华当地时间8日，华为公司首席财务官孟晚舟遭加拿大拘押后的保释听证会再度开庭。华为在听证会后发布声明称，华为一直相信孟晚舟是清白的，并认为“美国下令逮捕孟晚舟是非法滥用程序，背后有政治 ​  展开全文c \n                    【孟晚舟案听证会再开庭　华为声明称美非法滥用程序有政治因素驱动】新华社深圳5月9日电（记者白瑜）温哥华当地时间8日，华为公司首席财务官孟晚舟遭加拿大拘押后的保释听证会再度开庭。华为在听证会后发布声明称，华为一直相信孟晚舟是清白的，并认为“美国下令逮捕孟晚舟是非法滥用程序，背后有政治因素驱动，而非出于法治考虑。” 收起全文d\n", "author": "新华视点", "time": "新华视点2019年05月09日21:38 来自微博weibo.com", "transmit": " 转发 35", "comment": "评论 13", "zan": " 91"}, {"text": "\n                    【#华为发布四点声明#：期待孟晚舟女士尽快重获自由】当地时间5月8日上午10时，加拿大不列颠哥伦比亚省高等法院再就孟晚舟女士引渡听证会重新开庭。听证会结束后，华为公司发布声明：华为一直相信孟女士是清白的。我们认为，美国下令逮捕孟女士是非法滥用程序，背后有政治因素驱动，而非出于法治考虑。 ​  展开全文c \n                    【#华为发布四点声明#：期待孟晚舟女士尽快重获自由】当地时间5月8日上午10时，加拿大不列颠哥伦比亚省高等法院再就孟晚舟女士引渡听证会重新开庭。听证会结束后，华为公司发布声明：华为一直相信孟女士是清白的。我们认为，美国下令逮捕孟女士是非法滥用程序，背后有政治因素驱动，而非出于法治考虑。我们相信加拿大的司法体系，我们也期待孟女士尽快重获自由。O孟晚舟案再次开庭 华为深夜发布四点声明 收起全文d\n", "author": "新浪财经", "time": "新浪财经2019年05月09日07:21 来自微博weibo.com", "transmit": " 转发 267", "comment": "评论 127", "zan": " 2420"}, {"text": "\n                    北京时间今天凌晨，应美国政府要求而被加拿大方面扣押的中国华为公司高管孟晚舟女士再次来到加拿大的法庭，一方面就美国对她的引渡提出了3个辩护事项，一方面也与法庭确定了后续法庭程序的时间……本院长认为，孟晚舟事件的本质，是美国出于迫害目的指使加拿大方面实施非法绑架，是一个政治事件。加搞 ​  展开全文c \n                    北京时间今天凌晨，应美国政府要求而被加拿大方面扣押的中国华为公司高管孟晚舟女士再次来到加拿大的法庭，一方面就美国对她的引渡提出了3个辩护事项，一方面也与法庭确定了后续法庭程序的时间……本院长认为，孟晚舟事件的本质，是美国出于迫害目的指使加拿大方面实施非法绑架，是一个政治事件。加搞什么法律把戏，都是掩人耳目自欺欺人。建议中国加大对加拿大的施压力度。不让这个美帝走狗感到疼，它是不会松口的。 收起全文d\n", "author": "戴旭", "time": "戴旭2019年05月09日08:37 来自HUAWEIMate10Pro", "transmit": " 转发 353", "comment": "评论 15", "zan": " 405"}, {"text": "\n                    【#孟晚舟的律师指出对孟的扣押是违法的#】温哥华当地时间8日，加拿大不列颠哥伦比亚省高等法院开庭，对华为公司首席财务官孟晚舟引渡案进行听证。在法庭上，孟晚舟的律师团队指出，美国对孟晚舟的引渡要求没有根据，加拿大对孟晚舟的扣押是非法的。孟晚舟的律师指出，美国总统特朗普有关孟晚舟案的言 ​  展开全文c \n                    【#孟晚舟的律师指出对孟的扣押是违法的#】温哥华当地时间8日，加拿大不列颠哥伦比亚省高等法院开庭，对华为公司首席财务官孟晚舟引渡案进行听证。在法庭上，孟晚舟的律师团队指出，美国对孟晚舟的引渡要求没有根据，加拿大对孟晚舟的扣押是非法的。孟晚舟的律师指出，美国总统特朗普有关孟晚舟案的言论表明，这是一个有政治目的的案件。法官没有就此作出裁决，只是根据控辩双方关于公开申请的要求作出决定，下一次开庭的时间为9月23日～25日，然后是9月30日-10月4日。华为公司在听证结束后发表声明表示：华为一直相信孟女士是清白的。我们认为，美国下令逮捕孟女士是非法滥用程序，背后有政治因素驱动，而非出于法治考虑。声明说，孟女士的律师今天在法庭上披露了三个重要事项：第一，针对孟女士发起的刑事案件完全基于不实指控。第二，加拿大相关部门在美国联邦调查局参与下采取的行动对孟女士依据《加拿大权利与自由宪章》所享有的权利造成了多次、严重的侵犯。加拿大皇家骑警故意延迟出示拘捕令，以“例行入境检查”为名对孟女士实施非法扣押和搜查。孟女士后续将向法庭申请，要求加拿大皇家骑警、加拿大边境服务局和司法部进一步公布相关证据。第三，逮捕孟女士违反了美加引渡条约及加拿大《引渡法》的核心原则—双重犯罪原则。美国对孟女士的指控是基于美国对伊朗的制裁，但是加拿大目前并没有针对伊朗的金融制裁，因此孟女士面临的指控在加拿大并不构成犯罪。引渡请求不满足双重犯罪的要求。孟晚舟的律师团队表明，孟女士将据此向法庭申请终止引渡程序。（央视新闻） 收起全文d\n", "author": "中国日报", "time": "中国日报2019年05月09日15:24 来自微博weibo.com", "transmit": " 转发 17", "comment": "评论 21", "zan": " 62"}, {"text": "\n                    【孟晚舟再次出庭 #华为发布四点声明#】当地时间5月8日，加拿大不列颠哥伦比亚省高等法院再就孟晚舟女士引渡听证会重新开庭。华为公司发布声明：华为一直相信孟女士是清白的。认为美国下令逮捕孟女士是非法滥用程序，背后有政治因素驱动，而非出于法治考虑。相信加拿大的司法体系，也期待孟女士尽快重 ​  展开全文c \n                    【孟晚舟再次出庭 #华为发布四点声明#】当地时间5月8日，加拿大不列颠哥伦比亚省高等法院再就孟晚舟女士引渡听证会重新开庭。华为公司发布声明：华为一直相信孟女士是清白的。认为美国下令逮捕孟女士是非法滥用程序，背后有政治因素驱动，而非出于法治考虑。相信加拿大的司法体系，也期待孟女士尽快重获自由。（环球网） 收起全文d\n", "author": "中国长安网", "time": "中国长安网2019年05月09日10:20 来自HUAWEIMate20", "transmit": " 转发 93", "comment": "评论 34", "zan": " 60"}, {"text": "\n                    【孟晚舟时隔两个月再出庭，今天凌晨#华为发布四点声明#】当地时间5月8日上午10时，加拿大不列颠哥伦比亚省高等法院再就孟晚舟女士引渡听证会重新开庭。孟晚舟上一次在庭审中公开露面还是大约两个月前。这次听证会只是确定接下来庭审的时间表，不会做出引渡与否的决定。法庭最后批准孟晚舟搬到Shaugne ​  展开全文c \n                    【孟晚舟时隔两个月再出庭，今天凌晨#华为发布四点声明#】当地时间5月8日上午10时，加拿大不列颠哥伦比亚省高等法院再就孟晚舟女士引渡听证会重新开庭。孟晚舟上一次在庭审中公开露面还是大约两个月前。这次听证会只是确定接下来庭审的时间表，不会做出引渡与否的决定。法庭最后批准孟晚舟搬到Shaugnessy的居住申请，同时规定将在9月23日至10月4日期间，进行相关资料披露的听证会，法官要孟晚舟必须于9月23日上午10时到庭。听证会结束后，华为公司发布了四点声明，声明全文详见：O孟晚舟时隔两个月再出庭，华为今天凌晨发布四点声明 收起全文d\n", "author": "每日经济新闻", "time": "每日经济新闻2019年05月09日08:42 来自荣耀8X", "transmit": " 转发 110", "comment": "评论 58", "zan": " 752"}, {"text": "\n                    【孟晚舟再出庭状态不错，#华为发布四点声明# ：期待她尽快重获自由】5月8日，加拿大不列颠哥伦比亚省高等法院再就孟晚舟引渡听证会重新开庭，此次只是确定之后的庭审时间，不会做出引渡与否的决定。华为发布声明称，相信孟女士是清白的，认为美国非法滥用程序，背后有政治因素。相信加拿大的司法体系 ​  展开全文c \n                    【孟晚舟再出庭状态不错，#华为发布四点声明# ：期待她尽快重获自由】5月8日，加拿大不列颠哥伦比亚省高等法院再就孟晚舟引渡听证会重新开庭，此次只是确定之后的庭审时间，不会做出引渡与否的决定。华为发布声明称，相信孟女士是清白的，认为美国非法滥用程序，背后有政治因素。相信加拿大的司法体系，也期待孟女士尽快重获自由。2018年12月，孟晚舟在加拿大温哥华被捕，随后获得保释。2019年1月，美国提出正式引渡申请。2019年3月，引渡庭审决定延期至5月8号再审理。@老板联播 L老板联播的秒拍视频 收起全文d\n", "author": "凤凰网财经", "time": "凤凰网财经2019年05月09日12:17", "transmit": " 转发 36", "comment": "评论 62", "zan": " 95"}, {"text": "\n华为今天就孟晚舟听证会的官方最新声明。利用自己这边的优势，以后制作或拿到第一手视频就转过来，也算是我给大家的贡献吧。  L吴醒峰的微博视频 ​                ", "author": "吴醒峰", "time": "吴醒峰2019年05月09日10:54 来自微博视频", "transmit": " 转发 10", "comment": "评论 8", "zan": " 30"}, {"text": "\n                    【#孟晚舟出席引渡听证会# 华为：坚信其无罪 商业活动公开透明】5月8日，加拿大温哥华，华为副董事长孟晚舟出席引渡听证会。法院敲定孟晚舟需要于9月23日再次出庭。华为公司随后发表声明，坚信本案非法滥用诉讼程序，背后有政治因素驱动。L世面的秒拍视频 ​                ", "author": "新京报我们视频", "time": "新京报我们视频2019年05月09日13:23 来自微博weibo.com", "transmit": " 转发 9", "comment": "评论 9", "zan": " 35"}, {"text": "\n                    【孟晚舟在加拿大出席引渡听证会 华为方坚持孟晚舟是无辜的】\"We have maintained that her U.S.-ordered arrest was an unlawful abuse of process – one guided by political considerations and tactics, not by the rule of law,\" the statement said after Meng attended a court hearing in Van ​  展开全文c \n                    【孟晚舟在加拿大出席引渡听证会 华为方坚持孟晚舟是无辜的】\"We have maintained that her U.S.-ordered arrest was an unlawful abuse of process – one guided by political considerations and tactics, not by the rule of law,\" the statement said after Meng attended a court hearing in Vancouver on Wednesday morning local time. The statement was made by Benjamin Howes, vice president of Canadian media affairs at Huawei, outside the British Columbia Supreme Court. Both Meng and Huawei have repeatedly denied any wrongdoing. / Reuters Photos 收起全文d\n", "author": "CGTN", "time": "CGTN2019年05月09日12:00 来自微博weibo.com", "transmit": " 转发 12", "comment": "评论 2", "zan": " 35"}, {"text": "\n孟晚舟出庭，华为发布四点声明。(环球时报) ​                ", "author": "蓝鲸财经记者工作平台", "time": "蓝鲸财经记者工作平台2019年05月09日08:48 来自iPhoneX", "transmit": " 转发 93", "comment": "评论 30", "zan": " 64"}, {"text": "\n                    【孟晚舟律师：对孟的扣押是违法的】加拿大温哥华当地时间8日，加拿大不列颠哥伦比亚省高等法院开庭，对华为公司首席财务官孟晚舟引渡案进行听证。在法庭上，孟晚舟的律师团队指出，美国对孟晚舟的引渡要求没有根据，加拿大对孟晚舟的扣押是非法的。华为公司在听证结束后发表声明表示：华为一直相信孟 ​  展开全文c \n                    【孟晚舟律师：对孟的扣押是违法的】加拿大温哥华当地时间8日，加拿大不列颠哥伦比亚省高等法院开庭，对华为公司首席财务官孟晚舟引渡案进行听证。在法庭上，孟晚舟的律师团队指出，美国对孟晚舟的引渡要求没有根据，加拿大对孟晚舟的扣押是非法的。华为公司在听证结束后发表声明表示：华为一直相信孟女士是清白的。我们认为，美国下令逮捕孟女士是非法滥用程序，背后有政治因素驱动，而非出于法治考虑。@央视新闻 O孟晚舟律师：对孟的扣押是违法的 收起全文d\n", "author": "重庆检察", "time": "重庆检察2019年05月09日15:27 来自iPhone客户端", "transmit": " 转发 14", "comment": "评论 77", "zan": " 181"}, {"text": "\n                    【孟晚舟时隔两月再出庭，#华为凌晨发布四点声明#】当地时间5月8日上午10时，加拿大不列颠哥伦比亚省高等法院再就孟晚舟引渡听证会重新开庭，此次只是确定之后的庭审时间，不会做出引渡与否的决定。华为称，相信孟女士是清白的，认为美国非法滥用程序，背后有政治因素。@环球网 O孟晚舟时隔两个月再出庭，华为今天凌晨发布四点声明 ​                ", "author": "新浪科技", "time": "新浪科技2019年05月09日07:27 来自微博weibo.com", "transmit": " 转发 26", "comment": "评论 7", "zan": " 43"}, {"text": "\n孟晚舟出庭，华为发布声明。（环球） ​                ", "author": "猎人瓦西里", "time": "猎人瓦西里2019年05月09日09:36", "transmit": " 转发 17", "comment": "评论 36", "zan": " 43"}, {"text": "\n                    【孟晚舟律师称对孟的扣押是违法的】当地时间5月8日，孟晚舟引渡案进行听证。在法庭上，孟晚舟的律师团队指出，美国对孟晚舟的引渡要求没有根据，加拿大对孟晚舟的扣押是非法的。孟晚舟的律师指出，美国总统特朗普有关孟晚舟案的言论表明，这是一个有政治目的的案件。L老板联播的秒拍视频 ​                ", "author": "老板联播", "time": "老板联播2019年05月09日16:08 来自微博weibo.com", "transmit": " 转发 28", "comment": "评论 11", "zan": " 83"}, {"text": "\n                    【孟晚舟在加拿大出席引渡听证会，华为深夜回应】当地时间5月8日，华为副董事长、首席财务官孟晚舟孟晚舟当天上午再次为引渡问题在温哥华出庭。华为公司发表声明称，美国下令逮捕孟女士是非法滥用程序，背后有政治因素驱动，而非出于法治考虑。而加拿大相关部门在美国联邦调查局（FBI）参与下采取的行 ​  展开全文c \n                    【孟晚舟在加拿大出席引渡听证会，华为深夜回应】当地时间5月8日，华为副董事长、首席财务官孟晚舟孟晚舟当天上午再次为引渡问题在温哥华出庭。华为公司发表声明称，美国下令逮捕孟女士是非法滥用程序，背后有政治因素驱动，而非出于法治考虑。而加拿大相关部门在美国联邦调查局（FBI）参与下采取的行动对孟女士依据《加拿大权利与自由宪章》所享有的权利造成了多次、严重的侵犯。O孟晚舟在加拿大出席引渡听证会，华为深夜回应 收起全文d\n", "author": "观察者网", "time": "观察者网2019年05月09日08:53 来自微博weibo.com", "transmit": " 转发 36", "comment": "评论 154", "zan": " 123"}, {"text": "\n                    【孟晚舟的律师指出对孟的扣押是违法的】温哥华当地时间8日，加拿大不列颠哥伦比亚省高等法院开庭，对华为公司首席财务官孟晚舟引渡案进行听证。在法庭上，孟晚舟的律师团队指出，美国对孟晚舟的引渡要求没有根据，加拿大对孟晚舟的扣押是非法的。孟晚舟的律师指出，美国总统特朗普有关孟晚舟案的言论 ​  展开全文c \n                    【孟晚舟的律师指出对孟的扣押是违法的】温哥华当地时间8日，加拿大不列颠哥伦比亚省高等法院开庭，对华为公司首席财务官孟晚舟引渡案进行听证。在法庭上，孟晚舟的律师团队指出，美国对孟晚舟的引渡要求没有根据，加拿大对孟晚舟的扣押是非法的。孟晚舟的律师指出，美国总统特朗普有关孟晚舟案的言论表明，这是一个有政治目的的案件。法官没有就此作出裁决，只是根据控辩双方关于公开申请的要求作出决定，下一次开庭的时间为9月23日～25日，然后是9月30日-10月4日。华为公司在听证结束后发表声明表示：华为一直相信孟女士是清白的。我们认为，美国下令逮捕孟女士是非法滥用程序，背后有政治因素驱动，而非出于法治考虑。声明说，孟女士的律师今天在法庭上披露了三个重要事项：第一，针对孟女士发起的刑事案件完全基于不实指控。第二，加拿大相关部门在美国联邦调查局参与下采取的行动对孟女士依据《加拿大权利与自由宪章》所享有的权利造成了多次、严重的侵犯。加拿大皇家骑警故意延迟出示拘捕令，以“例行入境检查”为名对孟女士实施非法扣押和搜查。孟女士后续将向法庭申请，要求加拿大皇家骑警、加拿大边境服务局和司法部进一步公布相关证据。第三，逮捕孟女士违反了美加引渡条约及加拿大《引渡法》的核心原则—双重犯罪原则。美国对孟女士的指控是基于美国对伊朗的制裁，但是加拿大目前并没有针对伊朗的金融制裁，因此孟女士面临的指控在加拿大并不构成犯罪。引渡请求不满足双重犯罪的要求。孟晚舟的律师团队表明，孟女士将据此向法庭申请终止引渡程序。（@央视新闻 ） 收起全文d\n", "author": "中国之声", "time": "中国之声2019年05月09日14:32", "transmit": " 转发 8", "comment": "评论 8", "zan": " 22"}, {"text": "\n                    【转发赠书】孟晚舟事件绝非个例，美国用司法手段打击商业对手的套路，已引全球非议！“法国版孟晚舟事件”受害者——阿尔斯通前高管皮耶鲁齐出狱后出版《美国陷阱》，揭秘美国通过“长臂管辖”、《反海外腐败法》肢解500强的惊人内幕！孟晚舟会不会成为下一个皮耶鲁齐？华为会不会变成下一家阿尔斯通 ​  展开全文c \n                    【转发赠书】孟晚舟事件绝非个例，美国用司法手段打击商业对手的套路，已引全球非议！“法国版孟晚舟事件”受害者——阿尔斯通前高管皮耶鲁齐出狱后出版《美国陷阱》，揭秘美国通过“长臂管辖”、《反海外腐败法》肢解500强的惊人内幕！孟晚舟会不会成为下一个皮耶鲁齐？华为会不会变成下一家阿尔斯通？对于了解华为事件的本质，这本书胜于千言。关注+转发@读书日签，5本随机送，5月20日截止！ 收起全文d\n", "author": "读书日签", "time": "读书日签2019年05月09日17:29 来自微博weibo.com", "transmit": " 转发 353", "comment": "评论 61", "zan": " 97"}, {"text": "\n                    【华为声明：孟晚舟基本人权遭多次严重侵犯】华为的媒体事务副总裁本杰明·豪斯当天在法庭外公开华为的一则声明，其中称，#孟晚舟#的基本人权遭遇联邦调查局和加拿大官方“严重且反复的侵害”。（参考消息）O孟晚舟再出庭 华为声明:她的基本人权遭多次严重侵犯 ​                ", "author": "全景网", "time": "全景网2019年05月09日16:35 来自搜狗高速浏览器", "transmit": " 转发 9", "comment": "评论 42", "zan": " 26"}, {"text": "\n                    【#孟晚舟出席引渡听证会# 华为：坚信其无罪 商业活动公开透明】5月8日，加拿大温哥华，华为副董事长孟晚舟出席引渡听证会。法院敲定孟晚舟需要于9月23日再次出庭。华为公司随后发表声明，坚信本案非法滥用诉讼程序，背后有政治因素驱动。（新京报我们视频）L世面的秒拍视频 ​                ", "author": "科工力量", "time": "科工力量2019年05月09日15:40 来自微博weibo.com", "transmit": " 转发 8", "comment": "评论 9", "zan": " 39"}, {"text": "\n                    【华为发布四点声明：期待孟晚舟女士尽快重获自由】当地时间5月8日上午10时，加拿大不列颠哥伦比亚省高等法院再就孟晚舟女士引渡听证会重新开庭。听证会结束后，华为公司发布声明：华为一直相信孟女士是清白的。我们认为，美国下令逮捕孟女士是非法滥用程序，背后有政治因素驱动，而非出于法治考虑。我 ​  展开全文c \n                    【华为发布四点声明：期待孟晚舟女士尽快重获自由】当地时间5月8日上午10时，加拿大不列颠哥伦比亚省高等法院再就孟晚舟女士引渡听证会重新开庭。听证会结束后，华为公司发布声明：华为一直相信孟女士是清白的。我们认为，美国下令逮捕孟女士是非法滥用程序，背后有政治因素驱动，而非出于法治考虑。我们相信加拿大的司法体系，我们也期待孟女士尽快重获自由。O华为深夜发布四点声明：期待孟晚舟女士尽快重获自由 收起全文d\n", "author": "中国经济网", "time": "中国经济网2019年05月09日07:30 来自微博weibo.com", "transmit": " 转发 107", "comment": "评论 126", "zan": " 107"}, {"text": "\n                    【孟晚舟出席聆讯 律师指无引渡基础】华为副董事长兼首席财务官孟晚舟就美国针对她的引渡案，8号在加拿大温哥华法院出席排期聆讯。她的律师团队指出，对孟晚舟的逮捕和拘留并不合法，而且有政治动机，因此没有引渡她的基础。孟晚舟8号上午离开在温哥华的寓所，神态轻松且有说有笑，身穿深灰色连衣裙的 ​  展开全文c \n                    【孟晚舟出席聆讯 律师指无引渡基础】华为副董事长兼首席财务官孟晚舟就美国针对她的引渡案，8号在加拿大温哥华法院出席排期聆讯。她的律师团队指出，对孟晚舟的逮捕和拘留并不合法，而且有政治动机，因此没有引渡她的基础。孟晚舟8号上午离开在温哥华的寓所，神态轻松且有说有笑，身穿深灰色连衣裙的她在律师和保镖陪同下，驱车前往不列颠哥伦比亚省最高法院，出席聆讯。律师向法庭寻求中止引渡程序，指出孟晚舟是在被告知逮捕之前遭到拘留、搜查和审问，并不合法，因此没有引渡基础。加拿大也不应把在加没有犯法的人引渡到外国。法庭将于9月23号至10月4号，审理有关申请。此外，律师还向法庭请求，让孟晚舟搬往她在温哥华的另一处住宅，因为那里保安更好。（凤凰卫视 吴俊义 综合报道） 收起全文d\n", "author": "凤凰卫视", "time": "凤凰卫视2019年05月09日16:20 来自微博weibo.com", "transmit": " 转发 10", "comment": "评论 12", "zan": " 27"}, {"text": "\n孟晚舟女士今日最新出庭画面，状态非常的好，主动热情的与他人打招呼，同时华为发表声明：一直相信孟晚舟是清白的。#华为发布四点声明# L建华Wei业的秒拍视频 ​                ", "author": "建华Wei业", "time": "建华Wei业2019年05月09日12:18 来自HUAWEIMate20Pro", "transmit": " 转发 31", "comment": "评论 44", "zan": " 300"}, {"text": "\n                    【孟晚舟再出庭状态不错，#华为发布四点声明# ：期待她尽快重获自由】5月8日，加拿大不列颠哥伦比亚省高等法院再就孟晚舟引渡听证会重新开庭，此次只是确定之后的庭审时间，不会做出引渡与否的决定。华为发布声明称，相信孟女士是清白的，认为美国非法滥用程序，背后有政治因素。相信加拿大的司法体系 ​  展开全文c \n                    【孟晚舟再出庭状态不错，#华为发布四点声明# ：期待她尽快重获自由】5月8日，加拿大不列颠哥伦比亚省高等法院再就孟晚舟引渡听证会重新开庭，此次只是确定之后的庭审时间，不会做出引渡与否的决定。华为发布声明称，相信孟女士是清白的，认为美国非法滥用程序，背后有政治因素。相信加拿大的司法体系，也期待孟女士尽快重获自由。2018年12月，孟晚舟在加拿大温哥华被捕，随后获得保释。2019年1月，美国提出正式引渡申请。2019年3月，引渡庭审决定延期至5月8号再审理。@老板联播 L老板联播的秒拍视频 收起全文d\n", "author": "新财富杂志", "time": "新财富杂志2019年05月09日12:28 来自iPhone8Plus", "transmit": " 转发 9", "comment": "评论 23", "zan": " 35"}, {"text": "\n                    【孟晚舟引渡案下次出庭设在9月23日  法院批准更改保释条件】控辩双方就下一次出庭时间、是否符合引渡条件等问题激烈交锋。法院决定9月23日再次开庭讨论下一步步骤。华为公司重申孟晚舟是清白的 O孟晚舟引渡案下次出庭设在9月23日 法院批准更改保释条件 ​                ", "author": "财新网", "time": "财新网2019年05月09日11:06 来自财新网", "transmit": " 转发 16", "comment": "评论 39", "zan": " 20"}, {"text": "\n                    【痛點】華爲前高管孟晚舟在加國出席引渡聽證會，監控嚴密佩戴定位腳環。。。 ​                ", "author": "曉辰", "time": "曉辰2019年05月09日11:07 来自华为手机", "transmit": " 转发 11", "comment": "评论 23", "zan": " 18"}]