[{"text": "\n                    「美国遏制封杀华为，互联网将分为中西方两个世界」孟晚舟事件，无论将来是否引渡，都不会改变美国对华为的敌视态度，这点我可以确定。    美国全世界围堵华为，无非两个理由：一是华为科技威胁美国网络全球领导地位，二是华为科技威胁美国国家安全。    这种对华为的怀疑和恐惧，因为意识形态的不同 ​  展开全文c \n                    「美国遏制封杀华为，互联网将分为中西方两个世界」孟晚舟事件，无论将来是否引渡，都不会改变美国对华为的敌视态度，这点我可以确定。    美国全世界围堵华为，无非两个理由：一是华为科技威胁美国网络全球领导地位，二是华为科技威胁美国国家安全。    这种对华为的怀疑和恐惧，因为意识形态的不同，不会短期内得到解决。    所以就算孟晚舟事件能平和处理，美国必将继续封杀华为，这样趋势发展下去，最终会导致全球互联网一分为二，演变成中西方两个网络世界。 收起全文d\n", "author": "Kevin在纽约", "time": "Kevin在纽约2018年12月17日08:18 来自微博weibo.com", "transmit": " 转发 150", "comment": "评论 566", "zan": " 218"}, {"text": "\n                    【发难华为，美国害怕的原来是这件事——】近几天，随着孟晚舟事件的持续发酵，美国方面的所作所为正逐渐浮出水面。有分析认为，正是担忧在5G等重要技术领域的大国竞争中丧失“霸主”地位，才令美国将他国科技企业当成了“打击对象”。美方不惜牺牲国家形象也要确保自身在5G技术领域保持领先优势，5G技 ​  展开全文c \n                    【发难华为，美国害怕的原来是这件事——】近几天，随着孟晚舟事件的持续发酵，美国方面的所作所为正逐渐浮出水面。有分析认为，正是担忧在5G等重要技术领域的大国竞争中丧失“霸主”地位，才令美国将他国科技企业当成了“打击对象”。美方不惜牺牲国家形象也要确保自身在5G技术领域保持领先优势，5G技术究竟有多重要？ O发难华为，美国害怕的原来是这件事—— 收起全文d\n", "author": "参考消息", "time": "参考消息2018年12月17日13:56 来自微博weibo.com", "transmit": " 转发 62", "comment": "评论 36", "zan": " 122"}]