[{"text": "\n华为孟晚舟演讲：未来将会选择什么样的年轻人，值得一看 L晚安污话的微博视频 ​                ", "author": "晚安污话", "time": "晚安污话2019年03月01日08:03 来自微博weibo.com", "transmit": " 转发 41", "comment": "评论 ", "zan": " 62"}, {"text": "\n                    【华为否认商业窃密指控 加拿大将决定是否推进孟晚舟引渡流程】华为公司在美国华盛顿州西区联邦法院上作抗辩陈述时称，对美国司法部的盗窃知识产权等10项指控不认罪。此外，3月1日，加拿大司法部也须就是否继续推进针对华为CFO孟晚舟的引渡流程作出决定。 O华为否认商业窃密指控 加拿大将决定是否推进孟晚舟引渡流程 ​                ", "author": "财新网", "time": "财新网2019年03月01日10:42 来自财新网", "transmit": " 转发 11", "comment": "评论 16", "zan": " 21"}, {"text": "\n                    发布了头条文章：《王育琨：一幅华为英雄性的全息图》 任正非第一次看见这幅照片，就泣不成声。当孟晚舟在加拿大被拘的至暗时刻，这幅照片给了她力量。这张照片还是孟晚舟与华为沟通的载体：“对一个人能说的话，就可以对70亿人说”！人生就十几秒钟的光照。“一切英勇心灵的箴言：用痛苦创造欢乐” ​  展开全文c \n                    发布了头条文章：《王育琨：一幅华为英雄性的全息图》 任正非第一次看见这幅照片，就泣不成声。当孟晚舟在加拿大被拘的至暗时刻，这幅照片给了她力量。这张照片还是孟晚舟与华为沟通的载体：“对一个人能说的话，就可以对70亿人说”！人生就十几秒钟的光照。“一切英勇心灵的箴言：用痛苦创造欢乐”。 O王育琨：一幅华为英雄性的全息图 收起全文d\n", "author": "王育琨", "time": "王育琨2019年03月01日07:42 来自微博weibo.com", "transmit": " 转发 21", "comment": "评论 6", "zan": " 21"}, {"text": "\n                    【华为任正非：孟晚舟没技术背景 她永生永世不可能做接班人】华为CEO任正非接受英国广播公司BBC的专访。任正非表示，“孟晚舟永生永世不可能做接班人，因为她没有技术背景，我不能完全从父亲的角度看儿女的发展轨迹。” L这视频的秒拍视频 ​                ", "author": "浙商卢献星", "time": "浙商卢献星2019年03月01日21:25 来自浙商會iPhone客户端", "transmit": " 转发 24", "comment": "评论 10", "zan": " 36"}]