[{"text": "\n                    【转发赠书】“孟晚舟被扣押”事件后，真正详解华为哲学思想、任正非精神的首部作品《#苦难英雄任正非#》正式上市！管理专家@王育琨 研究华为近20年，秒回应“孟晚舟被扣押”事件，探知任正非的 “灰度管理哲学”，预测5G竞争中的华为走向，向读者呈现一个历经30年变迁的华为思想史，了解华为一步步走 ​  展开全文c \n                    【转发赠书】“孟晚舟被扣押”事件后，真正详解华为哲学思想、任正非精神的首部作品《#苦难英雄任正非#》正式上市！管理专家@王育琨 研究华为近20年，秒回应“孟晚舟被扣押”事件，探知任正非的 “灰度管理哲学”，预测5G竞争中的华为走向，向读者呈现一个历经30年变迁的华为思想史，了解华为一步步走向全世界的原因。打榜：苦难英雄任正非-王育琨 转发并关注@乐读好书  随机抽5人赠书，1月17日截止。 收起全文d\n", "author": "乐读好书", "time": "乐读好书2019年01月12日16:00 来自微博weibo.com", "transmit": " 转发 1504", "comment": "评论 99", "zan": " 207"}, {"text": "\n                    【#转发赠书#】“孟晚舟被扣押”事件后，真正详解华为哲学思想、任正非精神的首部作品《#苦难英雄任正非#》正式上市！管理专家@王育琨 研究华为近20年，秒回应“孟晚舟被扣押”事件，探知任正非的 “灰度管理哲学”，预测5G竞争中的华为走向，向读者呈现一个历经30年变迁的华为思想史，了解华为一步步 ​  展开全文c \n                    【#转发赠书#】“孟晚舟被扣押”事件后，真正详解华为哲学思想、任正非精神的首部作品《#苦难英雄任正非#》正式上市！管理专家@王育琨 研究华为近20年，秒回应“孟晚舟被扣押”事件，探知任正非的 “灰度管理哲学”，预测5G竞争中的华为走向，向读者呈现一个历经30年变迁的华为思想史，了解华为一步步走向全世界的原因。打榜：苦难英雄任正非-王育琨关注@中国作家富豪榜 转发并@ 1位好友，5本随机送！1月19日开奖！ 收起全文d\n", "author": "中国作家富豪榜", "time": "中国作家富豪榜2019年01月12日10:00 来自微博weibo.com", "transmit": " 转发 305", "comment": "评论 131", "zan": " 113"}, {"text": "\n                    【牛弹琴：波兰为什么突然对华为下手，这三个细节很意味深长！】又是平地起波澜，这是华为CFO孟晚舟被加拿大方面拘押后，第二位华为高管在外国被逮捕。华为员工在\"重点国家\"波兰被捕，遭指控从事间谍活动。O牛弹琴：波兰为什么突然对华为下手，这三个细节很意味深长！ ​                ", "author": "和讯网", "time": "和讯网2019年01月12日08:19 来自专业版微博", "transmit": " 转发 22", "comment": "评论 29", "zan": " 25"}, {"text": "\n                    【霸气！华为事件陆慷愤怒反问：中国法律就不是法律？】11日，外交部发言人陆慷就中国驻加拿大大使发表署名文章评孟晚舟被捕一事以及其它问题答记者问。陆慷表示，卢大使的文章生动地比较出了加拿大某些人在操弄“法治”概念时表现出的虚伪。难道在这些加拿大人眼中，其他国家的法律就不是法律？（@微 ​  展开全文c \n                    【霸气！华为事件陆慷愤怒反问：中国法律就不是法律？】11日，外交部发言人陆慷就中国驻加拿大大使发表署名文章评孟晚舟被捕一事以及其它问题答记者问。陆慷表示，卢大使的文章生动地比较出了加拿大某些人在操弄“法治”概念时表现出的虚伪。难道在这些加拿大人眼中，其他国家的法律就不是法律？（@微丢 ）L微丢的秒拍视频 收起全文d\n", "author": "共青团福建省委", "time": "共青团福建省委2019年01月12日13:37 来自Android", "transmit": " 转发 5", "comment": "评论 2", "zan": " 29"}]