[{"text": "\n                    近期，中方连续叫停加拿大油菜籽进口，使加拿大上下一片哗然。加拿大是世界上最大的油菜籽出口国，油菜籽是加拿大对华第二大出口产品和第一大出口农产品，每年为加拿大经济创造260亿加元的产值，4.5万就业岗位和112亿加元的工资。加拿大媒体故意把油菜籽被叫停与华为孟晚舟事件联系起来，认为这是中方 ​  展开全文c \n                    近期，中方连续叫停加拿大油菜籽进口，使加拿大上下一片哗然。加拿大是世界上最大的油菜籽出口国，油菜籽是加拿大对华第二大出口产品和第一大出口农产品，每年为加拿大经济创造260亿加元的产值，4.5万就业岗位和112亿加元的工资。加拿大媒体故意把油菜籽被叫停与华为孟晚舟事件联系起来，认为这是中方的报复，把责任推给中国。中方在加拿大进口的油菜籽中发现检疫性有害生物的情况，并提供了详细资料，中方采取的措施是正常的检疫安全防范，科学合理，既符合中国相关法律法规，也符合国际惯例。为保护我国农业生产和生态安全，加强对加拿大进口油菜籽以及更多农产品的检疫非常必要。 收起全文d\n", "author": "国防大学梁芳", "time": "国防大学梁芳2019年04月01日07:39 来自HUAWEIMate20Pro", "transmit": " 转发 129", "comment": "评论 95", "zan": " 234"}, {"text": "\n                    任正非谢谢川普的压力 O网页链接 ​                ", "author": "义勇军--鬼谷子", "time": "义勇军--鬼谷子2019年04月01日23:32 来自微博weibo.com", "transmit": " 转发 50", "comment": "评论 48", "zan": " 294"}, {"text": "\n                    任正非：“华为内部正在涣散，感谢美国的压力让华为重新团结，这是世界名人孟晚舟给华为的信上的话”。 O网页链接 ​                ", "author": "尹香武", "time": "尹香武2019年04月01日09:11", "transmit": " 转发 163", "comment": "评论 77", "zan": " 317"}]