[{"text": "\n                    【3天里2次回应！外交部再次敦促加拿大立即释放孟晚舟】华为也有最新回应，律师代表孟晚舟女士向加拿大不列颠哥伦比亚省最高法院收到了提交了一份针对加拿大边境服务局、加拿大皇家骑警和加拿大政府的民事诉讼通知书。起诉书中已说明了相关情况，案件正在法院审理中，目前没有进一步评论。而就在3月2日 ​  展开全文c \n                    【3天里2次回应！外交部再次敦促加拿大立即释放孟晚舟】华为也有最新回应，律师代表孟晚舟女士向加拿大不列颠哥伦比亚省最高法院收到了提交了一份针对加拿大边境服务局、加拿大皇家骑警和加拿大政府的民事诉讼通知书。起诉书中已说明了相关情况，案件正在法院审理中，目前没有进一步评论。而就在3月2日，外交部发言人陆慷就加拿大方面执意推进针对中国公民孟晚舟的所谓引渡司法程序发表谈话，中方对加方执意推进对孟晚舟女士的所谓引渡司法程序表示强烈不满和坚决反对，并已提出严正交涉。这也意味着，3天时间里，外交部两次就孟晚舟事件进行回应。（券商中国）O网页链接 收起全文d\n", "author": "全景网", "time": "全景网2019年03月06日18:59 来自微博weibo.com", "transmit": " 转发 6", "comment": "评论 14", "zan": " 15"}]