[{"text": "\n                    【孟晚舟案 北京曾提议与美平行对话】中美贸易谈判代表上月在华盛顿商议时，中国建议就引渡华为财务长孟晚舟一事跟美国举行平行对话;不过，目前仍不知道在北京举行的中美贸易谈判是否将华为事件列为谈判重点。O网页链接 ​                ", "author": "香港文匯網", "time": "香港文匯網2019年02月16日10:16 来自微博weibo.com", "transmit": " 转发 7", "comment": "评论 9", "zan": " 14"}]