[{"text": "\n                    经常有人说:美国要制裁华为，华为就会完。实际上美国打压华为已经不止一天了，十年前就在搞事，结果越搞华为发展越快。最近绑架孟晚舟，标志着美国在制裁华为方面已经黔驴技穷。这和当年拳王打不过别人就下嘴咬耳朵的道理完全相同。 ​                ", "author": "腾腾爸", "time": "腾腾爸2019年02月08日18:39 来自HUAWEIP10", "transmit": " 转发 11", "comment": "评论 7", "zan": " 38"}, {"text": "\n@财新周刊【封面报道 | 孟晚舟冲击】美国对孟晚舟发动的这场司法狙击，究竟是为了维护美国对伊朗制裁的严密性，还是意欲直指华为在全球通信市场的竞争优位？一名美国无线行业分析师分析称，中美两国都希望成为未来十年通信行业的领导者。 O【封面报道】孟晚舟冲击 ​                ", "author": "财新网", "time": "财新网2019年02月08日13:52 来自财新网", "transmit": " 转发 67", "comment": "评论 273", "zan": " 84"}]