[{"text": "\n                    【加拿大驻华大使已获准探视康明凯】华为孟晚舟事件仍在延烧。中方出于国安目的扣押两位加拿大公民的案件正在审查中。加拿大外交部表示，加拿大驻华大使麦家廉已获准探视遭中国政府拘留的加拿大前外交官康明凯，并继续争取尽快会见另一名被扣公民迈克尔。O加驻华大使已探视康明凯 ​                ", "author": "凤凰网", "time": "凤凰网2018年12月15日14:45 来自微博weibo.com", "transmit": " 转发 23", "comment": "评论 80", "zan": " 110"}, {"text": "\n                    【美加“2+2”部长会议：记者都在追问孟晚舟和被扣加拿大人】14日，美国务卿和防长在国务院接待加拿大外长、防长，并召开了记者发布会。虽然蓬佩奥和马蒂斯均未主动提及华为CFO孟晚舟案和2名加拿大人在中国被扣，但媒体提问环节中，记者全在追问这两件事。加外长则反复强调“没有政治干预”，并表示不 ​  展开全文c \n                    【美加“2+2”部长会议：记者都在追问孟晚舟和被扣加拿大人】14日，美国务卿和防长在国务院接待加拿大外长、防长，并召开了记者发布会。虽然蓬佩奥和马蒂斯均未主动提及华为CFO孟晚舟案和2名加拿大人在中国被扣，但媒体提问环节中，记者全在追问这两件事。加外长则反复强调“没有政治干预”，并表示不应该将两件事混为一谈。L微丢的秒拍视频 收起全文d\n", "author": "新浪视频", "time": "新浪视频2018年12月15日11:05 来自微博weibo.com", "transmit": " 转发 35", "comment": "评论 69", "zan": " 75"}, {"text": "\n                    【美加“2+2”部长会议：记者都在追问孟晚舟和被扣加拿大人】14日，美国务卿和防长在国务院接待加拿大外长、防长，并召开了记者发布会。虽然蓬佩奥和马蒂斯均未主动提及华为CFO孟晚舟案和2名加拿大人在中国被扣，但媒体提问环节中，记者全在追问这两件事。加外长则反复强调“没有政治干预”，并表示不 ​  展开全文c \n                    【美加“2+2”部长会议：记者都在追问孟晚舟和被扣加拿大人】14日，美国务卿和防长在国务院接待加拿大外长、防长，并召开了记者发布会。虽然蓬佩奥和马蒂斯均未主动提及华为CFO孟晚舟案和2名加拿大人在中国被扣，但媒体提问环节中，记者全在追问这两件事。加外长则反复强调“没有政治干预”，并表示不应该将两件事混为一谈。（@微丢 ）L微丢的秒拍视频 收起全文d\n", "author": "观察者网", "time": "观察者网2018年12月15日10:57 来自微博weibo.com", "transmit": " 转发 81", "comment": "评论 304", "zan": " 126"}, {"text": "\n                    好好看看，那些说西方都是法治国家，华为孟晚舟事件跟政治无关的中国公公带路党们！又一篇：关注 | 哥大教授评华为事件：这是一场不计后果的经济战附加图片，因为这位哈佛大学的名教授说了几句公道话，立刻有人说他是收了华为的钱O关注 | 哥大教授评华为事件：这是一场不计后果的经济战 ​                ", "author": "王小东", "time": "王小东2018年12月15日15:46 来自隔壁老王Android", "transmit": " 转发 160", "comment": "评论 19", "zan": " 97"}, {"text": "\n                    好好看看，那些说西方都是法治国家，华为孟晚舟事件跟政治无关的中国公公带路党们！转：联手扼杀华为！西方五国情报部门行动内幕曝光—— O联手扼杀华为！西方五国情报部门行动内幕曝光—— ​                ", "author": "王小东", "time": "王小东2018年12月15日15:41 来自隔壁老王Android", "transmit": " 转发 160", "comment": "评论 31", "zan": " 126"}, {"text": "\n                    《华为孟晚舟事件：只许明星卖惨，不许英雄有钱，是社会最大的悲哀》  O华为孟晚舟事件：只许明星卖惨，不许英雄有钱，是社会最大的悲哀 ​                ", "author": "知书博士", "time": "知书博士2018年12月15日10:11 来自微博weibo.com", "transmit": " 转发 80", "comment": "评论 47", "zan": " 195"}, {"text": "\n                    【加拿大外长防长赶赴华盛顿，求援？还是抱怨？】加拿大外长弗里兰和防长萨詹14日赶赴华盛顿，与美国国务卿蓬佩奥及防长马蒂斯会谈。此次美加双部长会谈，恰逢中国与加拿大关系突然陷入紧张的敏感时刻，加拿大本月1日听命美国无端拘押华为公司首席财务官孟晚舟，引发中国上下的愤怒与强烈谴责。过去几 ​  展开全文c \n                    【加拿大外长防长赶赴华盛顿，求援？还是抱怨？】加拿大外长弗里兰和防长萨詹14日赶赴华盛顿，与美国国务卿蓬佩奥及防长马蒂斯会谈。此次美加双部长会谈，恰逢中国与加拿大关系突然陷入紧张的敏感时刻，加拿大本月1日听命美国无端拘押华为公司首席财务官孟晚舟，引发中国上下的愤怒与强烈谴责。过去几天，中方先后证实两名加拿大人因涉嫌从事危害中国国家安全的活动被依法审查，一些加拿大人猜测中方在展开“报复”。O“我们从未这样孤独” 收起全文d\n", "author": "环球网", "time": "环球网2018年12月15日08:27", "transmit": " 转发 95", "comment": "评论 123", "zan": " 256"}, {"text": "\n                    【连日暴跌！加拿大鹅市值蒸发18亿美金！这些企业也紧张了…】近日，加拿大羽绒服品牌加拿大鹅可能感受到了被中国巨大消费市场所支配的恐惧…受华为CFO孟晚舟被加拿大当局逮捕事件影响，自12月6日以来，在纽约股票交易所上市的加拿大鹅股价连日暴跌，两天股价已下跌超20%。详戳：O网页链接 ​                ", "author": "21世纪经济报道", "time": "21世纪经济报道2018年12月15日21:12 来自21财经", "transmit": " 转发 33", "comment": "评论 ", "zan": " 81"}, {"text": "\n                    【美加“2+2”部长会议：记者都在追问孟晚舟和被扣加拿大人】14日，美国务卿和防长在国务院接待加拿大外长、防长，并召开了记者发布会。虽然蓬佩奥和马蒂斯均未主动提及华为CFO孟晚舟案和2名加拿大人在中国被扣，但媒体提问环节中，记者全在追问这两件事。加外长则反复强调“没有政治干预”，并表示不 ​  展开全文c \n                    【美加“2+2”部长会议：记者都在追问孟晚舟和被扣加拿大人】14日，美国务卿和防长在国务院接待加拿大外长、防长，并召开了记者发布会。虽然蓬佩奥和马蒂斯均未主动提及华为CFO孟晚舟案和2名加拿大人在中国被扣，但媒体提问环节中，记者全在追问这两件事。加外长则反复强调“没有政治干预”，并表示不应该将两件事混为一谈。L微丢的秒拍视频 收起全文d\n", "author": "微丢", "time": "微丢2018年12月15日10:29 来自微博weibo.com", "transmit": " 转发 35", "comment": "评论 55", "zan": " 94"}, {"text": "\n                    【道理是曲折的，但前途是光明的：中国华为在5G时代依然前途光明】最近受美帝指使加拿大拘捕华为CFO孟晚舟事件的影响，五眼联盟开始出现一批抵制中国5G的暗流。更让人不耻的是，据《澳大利亚金融评论报》曝料：“五眼联盟（美国、英国、加拿大、澳大利亚和新西兰）”成员国情报部门领导人曾在7月 ​  展开全文c \n                    【道理是曲折的，但前途是光明的：中国华为在5G时代依然前途光明】最近受美帝指使加拿大拘捕华为CFO孟晚舟事件的影响，五眼联盟开始出现一批抵制中国5G的暗流。更让人不耻的是，据《澳大利亚金融评论报》曝料：“五眼联盟（美国、英国、加拿大、澳大利亚和新西兰）”成员国情报部门领导人曾在7月举行过一场秘密的“龙虾晚宴”，共同讨论过“如何将华为排除出5G采购名单”。        客观分析，上面这几个国家中，除了美国英国的5G市场稍微大点，其他可以忽略不计。对于加拿大、澳大利亚、新西兰这几个国家，以我国经济实力，完全有足够的反制措施对等制裁。同时，英国一直是个机会主义国家，他是否一心跟着美帝我看很难说。         其次，中国的5G市场规模比上面所有国家合计都很多，以中国庞大的市场规模完全能够养活多家国产电信设备巨头。基于中国庞大市场规模，欧洲爱立信、诺西等不太会放弃中国市场。基于对等原则，这决定了欧盟成员国对华为5G仍有极大机会。       再次，除了这些所谓五眼联盟国家，国际上还有很多大国和人口大区，比如俄罗斯、德国、法国、非洲各国、东南亚各国、南美各国等，这些都是可以争取的对象。当然亚洲的日本、韩国除外，他们都是美帝坚定的跟随者，他们跟美帝的关系其实比所谓五眼联盟还特殊。       最后华为5G实力本身雄厚，技术先进，全系统解决方案能力独步全球。相信总有一天会昂首进入五眼联盟的大部分国家。 收起全文d\n", "author": "人才76116", "time": "人才761162018年12月15日13:09 来自HUAWEIP20", "transmit": " 转发 22", "comment": "评论 65", "zan": " 97"}, {"text": "\n                    最近 #华为CFO孟晚舟被捕# 的消息成为国际上的热议话题。大家都猜测美国这么做与华为5G技术在通讯领域的卓越成就有着密切的关系，昨天 #日本软银弃用华为4G设备# 的消息不经意走漏，更加让大家对神秘的华为5G技术平添几分好奇心。@杰森斯坦斯印 发布了头条文章：《5G - 离我们到底有多远？》 为大家梳 ​  展开全文c \n                    最近 #华为CFO孟晚舟被捕# 的消息成为国际上的热议话题。大家都猜测美国这么做与华为5G技术在通讯领域的卓越成就有着密切的关系，昨天 #日本软银弃用华为4G设备# 的消息不经意走漏，更加让大家对神秘的华为5G技术平添几分好奇心。@杰森斯坦斯印 发布了头条文章：《5G - 离我们到底有多远？》 为大家梳理相关细节 O5G - 离我们到底有多远？ 收起全文d\n", "author": "杰森斯坦森印", "time": "杰森斯坦森印2018年12月15日22:36 来自微博weibo.com", "transmit": " 转发 13", "comment": "评论 16", "zan": " 62"}, {"text": "\n                    加拿大向美国求助？加拿大外长弗里兰和防长萨詹14日赶赴华盛顿，与美国国务卿蓬佩奥及防长马蒂斯会谈。此次美加双部长会谈，恰逢中国与加拿大关系突然陷入紧张的敏感时刻，加拿大本月1日听命美国无端拘押华为公司首席财务官孟晚舟，引发中国上下的愤怒与强烈谴责。过去几天，中方先后证实两名加拿大人 ​  展开全文c \n                    加拿大向美国求助？加拿大外长弗里兰和防长萨詹14日赶赴华盛顿，与美国国务卿蓬佩奥及防长马蒂斯会谈。此次美加双部长会谈，恰逢中国与加拿大关系突然陷入紧张的敏感时刻，加拿大本月1日听命美国无端拘押华为公司首席财务官孟晚舟，引发中国上下的愤怒与强烈谴责。过去几天，中方先后证实两名加拿大人因涉嫌从事危害中国国家安全的活动被依法审查，一些加拿大人猜测中方在展开“报复”。与中国的外交冲突使特鲁多政府压力日增，反对党敦促他主动与中国领导人通电话，救出两名被拘人员，加拿大商界尤其是农业部门更是高喊“担忧”，因为从芥花油到软木，加国农产品出口的很大一部分都是卖给中国。虽然这不是临时会议，但原定议程是也门内战、俄罗斯在乌克兰的“侵略”等全球冲突议题，但现在，两名消息人士称，会议将聚焦于孟晚舟在加拿大被拘押后中国拘留两名加拿大人的议题。在国际媒体上，加拿大的“外交孤独”大量流传，多家媒体回顾今年8月沙特与加拿大的外交战，加拿大当时落得灰头土脸，美国则拒绝驰援。这一次，加拿大能从美国那里得到什么承诺吗？国际观察家大都不乐观，更为讽刺的是，加拿大这一次掉进的“坑”，某种意义上正是美国给它挖的。O加拿大外长防长赶赴华盛顿 求援？还是抱怨？ 收起全文d\n", "author": "HW前HR", "time": "HW前HR2018年12月15日08:39 来自HUAWEIMate20Pro", "transmit": " 转发 19", "comment": "评论 68", "zan": " 76"}, {"text": "\n#美加外长谈孟晚舟案# 美国🇺🇸与加拿大🇨🇦外交国防2+2战略对话今天在华盛顿举行，记者会开场，蓬佩奥没有主动提华为，但加拿大外长弗里兰开门见山：“关于孟女士的案件，正当程序和加拿大法律被非常严格地遵守。这个过程中没有任何政治干预。对加拿大来说，孟女士受到充分尊重，并且享有正当 ​  展开全文c \n#美加外长谈孟晚舟案# 美国🇺🇸与加拿大🇨🇦外交国防2+2战略对话今天在华盛顿举行，记者会开场，蓬佩奥没有主动提华为，但加拿大外长弗里兰开门见山：“关于孟女士的案件，正当程序和加拿大法律被非常严格地遵守。这个过程中没有任何政治干预。对加拿大来说，孟女士受到充分尊重，并且享有正当程序是至关重要的”记者会上四个记者提问，几乎全部聚焦华为，并且都极为相似，核心就是：加拿大是否担心被美国利用？并且夹在中间躺枪，为此付出沉重代价？弗里兰说加拿大完全是遵守国际条约和国家法律，加拿大坚信引渡程序也不应该参杂任何政治目的，加拿大不会，也希望美国同样如此。此外，弗里兰不愿意把华为与加拿大公民被捕相关联。而蓬佩奥在记者会上说，孟晚舟引渡程序正在进行。 收起全文d\n", "author": "王冰汝", "time": "王冰汝2018年12月15日06:29 来自iPhone客户端", "transmit": " 转发 50", "comment": "评论 102", "zan": " 105"}]