[{"text": "\n                    【外交部：打压华为是赤裸裸的科技霸权主义】近期，孟晚舟事件持续引发外界关注。在19日举行的外交部例行发布会上，有媒体问昨天华为邀请国际记者沟通是否对孟晚舟事件有帮助。对此，外交部发言人华春莹称，华为邀请记者或者向外界更好地介绍自己，帮助外界更好地认识他们公司的运行情况。关于其作用 ​  展开全文c \n                    【外交部：打压华为是赤裸裸的科技霸权主义】近期，孟晚舟事件持续引发外界关注。在19日举行的外交部例行发布会上，有媒体问昨天华为邀请国际记者沟通是否对孟晚舟事件有帮助。对此，外交部发言人华春莹称，华为邀请记者或者向外界更好地介绍自己，帮助外界更好地认识他们公司的运行情况。关于其作用意义和影响，应该去向华为公司了解。关于近期外界对华为的密集关注，华春莹说华为作为全球第一大通讯设备的供应商和许多国家都开展了很好的合作，它产品的质量信誉包括安全性方面都是受到了合作伙伴的广泛的充分的肯定，也没有任何一家有什么证据来说明华为真像某些势力或者某些国家指责的那样在安全方面存在威胁。现在有些国家在没有任何事实根据和确凿证据的情况下，将正常的科技发展合作政治化，以可能存在安全威胁的莫须有罪名，抹黑打压华为等中国高科技企业，华春莹说。“这是非常狭隘的，有罪推定的思维。本质上是赤裸裸的科技霸权主义和贸易投资保护主义，也违反了WTO非歧视的原则。”华春莹说。华春莹强调中国的发展权利，包括中国高科技企业的发展权利，应该得到各方充分的尊重。任何的抹黑和攻击都没有办法阻挡中国企业成长发展走向世界的步伐。O外交部：打压华为是赤裸裸的科技霸权主义 收起全文d\n", "author": "环球网", "time": "环球网2018年12月19日17:41", "transmit": " 转发 56699", "comment": "评论 27777", "zan": " 157445"}, {"text": "\n                    【加政府：#中国拘留第三名加拿大人#】加拿大政府周二证实第三名加拿大公民被中国拘留，但没有把最新这起事件同华为首席财务官孟晚舟被捕事件挂钩。据加媒体《全国邮报》报道，加拿大全球事务部发言人说，该部得知一名加拿大公民被拘留，但以遵守隐私法为由不提供其他更多细节。（早报网） ​                ", "author": "新浪新闻", "time": "新浪新闻2018年12月19日15:17 来自专业版微博平台", "transmit": " 转发 51", "comment": "评论 154", "zan": " 362"}, {"text": "\n#加政府 中国拘留第三名加拿大人# 现在的中国不再是被列强随意欺辱的中国了，就一句话“人若犯我我必犯人”，而且还是三倍奉还！加拿大政府周二证实第三名加拿大公民被中国拘留，但没有把最新这起事件同华为首席财务官孟晚舟被捕事件挂钩。据加媒体《全国邮报》报道，加拿大全球事务部发言人说， ​  展开全文c \n#加政府 中国拘留第三名加拿大人# 现在的中国不再是被列强随意欺辱的中国了，就一句话“人若犯我我必犯人”，而且还是三倍奉还！加拿大政府周二证实第三名加拿大公民被中国拘留，但没有把最新这起事件同华为首席财务官孟晚舟被捕事件挂钩。据加媒体《全国邮报》报道，加拿大全球事务部发言人说，该部得知一名加拿大公民被拘留，但以遵守隐私法为由不提供其他更多细节。这是一个月以来中国拘留的第三名加拿大公民。另两人是活跃于中朝边界城市丹东的商人斯帕弗（Michael Spavor）和加拿大前外交官康明凯（Michael Kovrig）。外界普遍认为前两者被拘留是中国对加拿大政府采取的报复行动。#加拿大公民被拘捕# 收起全文d\n", "author": "彩云香江", "time": "彩云香江2018年12月19日17:04 来自HUAWEIMate10Pro", "transmit": " 转发 45", "comment": "评论 227", "zan": " 498"}, {"text": "\n                    【中国拘留第三名加拿大人】加拿大政府周二证实第三名加拿大公民被中国拘留，但没有把最新这起事件同华为首席财务官孟晚舟被捕事件挂钩。据加媒体《全国邮报》报道，加拿大全球事务部发言人说，该部得知一名加拿大公民被拘留，但以遵守隐私法为由不提供其他更多细节。O加政府：中国拘留第三名加拿大人 ​                ", "author": "早报网", "time": "早报网2018年12月19日14:57 来自微博weibo.com", "transmit": " 转发 520", "comment": "评论 401", "zan": " 273"}, {"text": "\n                    最近一个时期，中美贸易战和华为孟晚舟事件引发国内外热议，人们都在讨论：如果中美关系进一步恶化，今后世界是否会倒向曾经为美苏之间的冷战格局。作为冷战史研究学者，我希望能从历史角度剖析彼时美苏进入冷战的原因，从而为我们思考当今中美关系的问题提供借鉴。 O独家 | 沈志华：中美关系会重蹈冷战覆辙吗？ ​                ", "author": "公共政策研究院", "time": "公共政策研究院2018年12月19日13:33 来自微博weibo.com", "transmit": " 转发 136", "comment": "评论 22", "zan": " 75"}, {"text": "\n                    有些人恶的很！在中国、美国官方都证实孟晚舟是中国国籍情况下，还在用画隐晦攻击造谣孟女士是加拿大国籍！（枫叶代表加拿大）这明显是不尊重实事、不公允的站美加利益立场，请问你是哪国人？用所谓的阴暗“艺术”作品，恶毒造谣侮辱攻击任正非老总和孟女士，采用隐晦隐喻方式，其心更可诛！大家 ​  展开全文c \n                    有些人恶的很！在中国、美国官方都证实孟晚舟是中国国籍情况下，还在用画隐晦攻击造谣孟女士是加拿大国籍！（枫叶代表加拿大）这明显是不尊重实事、不公允的站美加利益立场，请问你是哪国人？用所谓的阴暗“艺术”作品，恶毒造谣侮辱攻击任正非老总和孟女士，采用隐晦隐喻方式，其心更可诛！大家的呼吁还是有用的，这次华为法务部又该行动了！#华为##任正非##加政府 中国拘留第三名加拿大人# 收起全文d\n", "author": "建华Wei业", "time": "建华Wei业2018年12月19日22:18 来自HUAWEIMate20Pro", "transmit": " 转发 45", "comment": "评论 110", "zan": " 140"}, {"text": "\n                    前段时间，美国施压加拿大，让加拿大扣留了华为CFO孟晚舟，并准备引渡到美国。美国连这种下三滥的手段都用上，扣留一个没有违法的中国公民，可见已经到了吃相非常难看甚至完全不顾吃相的程度。美国还施压英国、德国、日本、澳大利亚、新西兰等国家政府，让这些国家将华为排除在5G项目之外，用赤裸裸的 ​  展开全文c \n                    前段时间，美国施压加拿大，让加拿大扣留了华为CFO孟晚舟，并准备引渡到美国。美国连这种下三滥的手段都用上，扣留一个没有违法的中国公民，可见已经到了吃相非常难看甚至完全不顾吃相的程度。美国还施压英国、德国、日本、澳大利亚、新西兰等国家政府，让这些国家将华为排除在5G项目之外，用赤裸裸的政治手段打压华为。这已经超越了商业精神，超越了契约精神，而变成了无耻的流氓行径。 收起全文d\n", "author": "黄生看金融", "time": "黄生看金融2018年12月19日09:43 来自微博weibo.com", "transmit": " 转发 15", "comment": "评论 16", "zan": " 68"}, {"text": "\n                    发布了头条文章：《拘捕华为公主孟晚舟让加拿大商业利益受损。加中关系降到冰点》  O拘捕华为公主孟晚舟让加拿大商业利益受损。加中关系降到冰点 ​                ", "author": "加拿大国际广播-中文", "time": "加拿大国际广播-中文2018年12月19日23:11 来自微博weibo.com", "transmit": " 转发 17", "comment": "评论 31", "zan": " 30"}, {"text": "\n                    【“几刀下去苹果变华为”热传，体现了大家力挺华为的心声】近日，一张苹果切开变华为图标的照片热传，某个脑洞大开的网友把一个苹果通过几刀切成了华为LOGO的形状。网友表示：切开苹果就成华为，终于明白美国为啥千方百计指使加拿大拘押华为CFO孟晚舟了；看来在5G的发展上，美国为了阻止华为的 ​  展开全文c \n                    【“几刀下去苹果变华为”热传，体现了大家力挺华为的心声】近日，一张苹果切开变华为图标的照片热传，某个脑洞大开的网友把一个苹果通过几刀切成了华为LOGO的形状。网友表示：切开苹果就成华为，终于明白美国为啥千方百计指使加拿大拘押华为CFO孟晚舟了；看来在5G的发展上，美国为了阻止华为的腾飞，真的是下了不少“心思”。     网友们“刀切苹果”的做法，虽然并没什么实际用处。但是，个人认为这也是一种表达心声的方式。也是发泄不满，力挺华为的一种方式。体现了普通网友朴实的正义感。就像是华为在受到美国不公正对待时，国内众多企业第一时间站出来力挺华为一样。      但是，就事论事。苹果虽为美国的企业，但是他还是有很多的地方值得我们学习，这次孟晚舟事件，苹果公司是无辜的。就像任正非所说，“我们要感谢苹果，苹果改变了世界，感谢他们所做出的一切。如果没有移动互联网的发展，也不会有今天的华为”。可以说，任正正对苹果的赞美是发自肺腑的，是不加吝啬的。      大家怎么看？ 收起全文d\n", "author": "人才76116", "time": "人才761162018年12月19日13:53 来自HUAWEIP20", "transmit": " 转发 14", "comment": "评论 47", "zan": " 59"}, {"text": "\n                    【华为：已获逾25份5G合同 基站出货逾万 年营收料逾千亿美元】华为昨宣布称，已获得逾25份第五代移动通讯(5G)商业合同，且5G基站出货量已经超过1万个。华为轮值董事长胡厚昆指，预计今年营收将超过1,000亿美元，较去年增长8.7%。此前，市场普遍认为孟晚舟事件会对华为的5G业务产生影响，澳洲和新西兰已 ​  展开全文c \n                    【华为：已获逾25份5G合同 基站出货逾万 年营收料逾千亿美元】华为昨宣布称，已获得逾25份第五代移动通讯(5G)商业合同，且5G基站出货量已经超过1万个。华为轮值董事长胡厚昆指，预计今年营收将超过1,000亿美元，较去年增长8.7%。此前，市场普遍认为孟晚舟事件会对华为的5G业务产生影响，澳洲和新西兰已经禁止华为建设其5G网络，因担忧该公司的设备可能协助进行所谓的间谍活动。O网页链接 收起全文d\n", "author": "大公報-大公網", "time": "大公報-大公網2018年12月19日10:00 来自微博weibo.com", "transmit": " 转发 8", "comment": "评论 17", "zan": " 64"}, {"text": "\n                    【加拿大议员喊话特鲁多：别受特朗普摆布，应拒绝引渡孟晚舟】加拿大中文电台12月18月报道，加拿大新民主党温哥华京士威大道(Kingsway)选区国会议员戴伟斯呼吁渥太华不要受美国总统特朗普摆布，应该拒绝引渡华为集团副董事长兼首席财务官孟晚舟去美国。O加拿大议员喊话特鲁多：别受特朗普摆布，应拒绝引渡孟晚舟 ​                ", "author": "环球网", "time": "环球网2018年12月19日09:57 来自微博weibo.com", "transmit": " 转发 27", "comment": "评论 11", "zan": " 159"}, {"text": "\n                    【加政府：中国拘留第三名加拿大人】加拿大政府周二证实第三名加拿大公民被中国拘留，但没有把最新这起事件同华为首席财务官孟晚舟被捕事件挂钩。据加媒体《全国邮报》报道，加拿大全球事务部发言人说，该部得知一名加拿大公民被拘留，但以遵守隐私法为由不提供其他更多细节。（环球网） ​  展开全文c \n                    【加政府：中国拘留第三名加拿大人】加拿大政府周二证实第三名加拿大公民被中国拘留，但没有把最新这起事件同华为首席财务官孟晚舟被捕事件挂钩。据加媒体《全国邮报》报道，加拿大全球事务部发言人说，该部得知一名加拿大公民被拘留，但以遵守隐私法为由不提供其他更多细节。（环球网）O网页链接 收起全文d\n", "author": "环球市场播报", "time": "环球市场播报2018年12月19日15:17 来自专业版微博", "transmit": " 转发 19", "comment": "评论 41", "zan": " 51"}, {"text": "\n华为小公主姚安娜现身温哥华 疑探望姐姐孟晚舟   华为  副董事长兼财务长孟晚舟近日在加拿大被捕之后，向来低调的任正非家族就成了镁光灯的焦点。     除了长女孟晚舟之外，任正非的小女儿姚安娜（Annabel Yao）备受外界关注。就在日前，温哥华华人圈传出一条消息，姚安娜也来到温哥 ​  展开全文c \n华为小公主姚安娜现身温哥华 疑探望姐姐孟晚舟   华为  副董事长兼财务长孟晚舟近日在加拿大被捕之后，向来低调的任正非家族就成了镁光灯的焦点。     除了长女孟晚舟之外，任正非的小女儿姚安娜（Annabel Yao）备受外界关注。就在日前，温哥华华人圈传出一条消息，姚安娜也来到温哥华了，可能是特地来探望刚历经劫难的姐姐。　　据多维新闻网报导，刚刚以1,000万加元（约新台币2.3亿元）获得保释的孟晚舟，正和丈夫刘晓棕住在温哥华，24小时受人监守。　　根据\"华为小公主\"12月16日当天发布的一条instagram中，眼尖的网友一眼就看出了温哥华的背景。有网友指出，这张照片应该是拍摄于温哥华Stanley Park的观景点。　　姚安娜（Annabel Yao）是任正非的小女儿，今年20岁，出生于云南昆明，是华为的创始人兼总裁任正非的女儿，有多年芭蕾学习经历，目前就读于哈佛大学本科二年级，攻读计算机工程和统计数据专业，学习成绩优异是学霸。　　在社交媒体Instagram上，姚安娜介绍自己是芭蕾舞者，学历为上海高中国际部和哈佛。她像其他这个年龄的年轻女孩一样，会po出自己与朋友聚会、在世界各地旅游、排练芭蕾的照片。　　任正非一共有三任妻子，分别是孟军、姚凌、苏薇。他的女儿孟晚舟和儿子任平都在华为任职，外界对他的小女儿则报导很少。　　任正非与第一任妻子孟军离婚之后，任正非创办了华为。后来，他和秘书姚凌结婚，两人在云南昆明生下了姚安娜。和同父异母的姐姐孟晚舟一样，姚安娜随母亲姓。 Annabel Yao此次来温哥华，可能是特地来探望刚刚历经劫难的姐姐。 收起全文d\n", "author": "洛杉磯世界日報", "time": "洛杉磯世界日報2018年12月19日10:35 来自专业版微博", "transmit": " 转发 31", "comment": "评论 33", "zan": " 70"}, {"text": "\n清辉快讯 加政府：中国拘留第三名加拿大人。据环球时报，加拿大政府周二证实第三名加拿大公民被中国拘留，但没有把最新这起事件同华为首席财务官孟晚舟被捕事件挂钩。据加媒体《全国邮报》报道，加拿大全球事务部发言人说，该部得知一名加拿大公民被拘留，但以遵守隐私法为由不提供其他更多细 ​  展开全文c \n清辉快讯 加政府：中国拘留第三名加拿大人。据环球时报，加拿大政府周二证实第三名加拿大公民被中国拘留，但没有把最新这起事件同华为首席财务官孟晚舟被捕事件挂钩。据加媒体《全国邮报》报道，加拿大全球事务部发言人说，该部得知一名加拿大公民被拘留，但以遵守隐私法为由不提供其他更多细节。这是一个月以来中国拘留的第三名加拿大公民。另两人是活跃于中朝边界城市丹东的商人斯帕弗（Michael Spavor）和加拿大前外交官康明凯（Michael Kovrig）。外界普遍认为前两者被拘留是中国对加拿大政府采取的报复行动。@环球时报 收起全文d\n", "author": "宋清辉", "time": "宋清辉2018年12月19日15:10 来自iPhone客户端", "transmit": " 转发 15", "comment": "评论 15", "zan": " 42"}, {"text": "\n                    【外交部：打压华为是赤裸裸的科技霸权主义】近期，孟晚舟事件持续引发外界关注。在19日举行的外交部例行发布会上，有媒体问昨天华为邀请国际记者沟通是否对孟晚舟事件有帮助。     对此，外交部发言人华春莹称，华为邀请记者或者向外界更好地介绍自己，帮助外界更好地认识他们公司的运行情况。关于其 ​  展开全文c \n                    【外交部：打压华为是赤裸裸的科技霸权主义】近期，孟晚舟事件持续引发外界关注。在19日举行的外交部例行发布会上，有媒体问昨天华为邀请国际记者沟通是否对孟晚舟事件有帮助。     对此，外交部发言人华春莹称，华为邀请记者或者向外界更好地介绍自己，帮助外界更好地认识他们公司的运行情况。关于其作用意义和影响，应该去向华为公司了解。     关于近期外界对华为的密集关注，华春莹说华为作为全球第一大通讯设备的供应商和许多国家都开展了很好的合作，它产品的质量信誉包括安全性方面都是受到了合作伙伴的广泛的充分的肯定，也没有任何一家有什么证据来说明华为真像某些势力或者某些国家指责的那样在安全方面存在威胁。     现在有些国家在没有任何事实根据和确凿证据的情况下，将正常的科技发展合作政治化，以可能存在安全威胁的莫须有罪名，抹黑打压华为等中国高科技企业，华春莹说。     “这是非常狭隘的，有罪推定的思维。本质上是赤裸裸的科技霸权主义和贸易投资保护主义，也违反了WTO非歧视的原则。”华春莹说。      华春莹强调中国的发展权利，包括中国高科技企业的发展权利，应该得到各方充分的尊重。任何的抹黑和攻击都没有办法阻挡中国企业成长发展走向世界的步伐。O外交部：打压华为是赤裸裸的科技霸权主义 收起全文d\n", "author": "今晚报", "time": "今晚报2018年12月19日17:47 来自微博weibo.com", "transmit": " 转发 17", "comment": "评论 10", "zan": " 60"}, {"text": "\n                    《孟晚舟被保释第5天，华为反击：真正的硬气是拥有别人高攀不起的实力》  O孟晚舟被保释第5天，华为反击：真正的硬气是拥有别人高攀不起的实力 ​                ", "author": "格子少女yo", "time": "格子少女yo2018年12月19日17:03 来自微博weibo.com", "transmit": " 转发 34", "comment": "评论 5", "zan": " 93"}, {"text": "\n                    【外交部：打压华为是赤裸裸的科技霸权主义】近期，孟晚舟事件持续引发外界关注。在19日举行的外交部例行发布会上，有媒体问昨天华为邀请国际记者沟通是否对孟晚舟事件有帮助。对此，外交部发言人华春莹称，华为邀请记者或者向外界更好地介绍自己，帮助外界更好地认识他们公司的运行情况。关于其作用意 ​  展开全文c \n                    【外交部：打压华为是赤裸裸的科技霸权主义】近期，孟晚舟事件持续引发外界关注。在19日举行的外交部例行发布会上，有媒体问昨天华为邀请国际记者沟通是否对孟晚舟事件有帮助。对此，外交部发言人华春莹称，华为邀请记者或者向外界更好地介绍自己，帮助外界更好地认识他们公司的运行情况。关于其作用意义和影响，应该去向华为公司了解。关于近期外界对华为的密集关注，华春莹说华为作为全球第一大通讯设备的供应商和许多国家都开展了很好的合作，它产品的质量信誉包括安全性方面都是受到了合作伙伴的广泛的充分的肯定，也没有任何一家有什么证据来说明华为真像某些势力或者某些国家指责的那样在安全方面存在威胁。现在有些国家在没有任何事实根据和确凿证据的情况下，将正常的科技发展合作政治化，以可能存在安全威胁的莫须有罪名，抹黑打压华为等中国高科技企业，华春莹说。“这是非常狭隘的，有罪推定的思维。本质上是赤裸裸的科技霸权主义和贸易投资保护主义，也违反了WTO非歧视的原则。”华春莹说。华春莹强调中国的发展权利，包括中国高科技企业的发展权利，应该得到各方充分的尊重。任何的抹黑和攻击都没有办法阻挡中国企业成长发展走向世界的步伐。 收起全文d\n", "author": "CNR国防时空", "time": "CNR国防时空2018年12月19日19:17 来自Android", "transmit": " 转发 24", "comment": "评论 22", "zan": " 54"}, {"text": "\n                    发布了头条文章：《孟晚舟被保释第5天，华为开始反击：真正的硬气，是拥有别人高攀不起》  O孟晚舟被保释第5天，华为开始反击：真正的硬气，是拥有别人高攀不起 ​                ", "author": "北海的杨", "time": "北海的杨2018年12月19日17:01 来自微博weibo.com", "transmit": " 转发 9", "comment": "评论 3", "zan": " 30"}]