[{"text": "\n                    美帝特别猖狂，总是在关键时候给你施压！刘总理到美国，同时抓华为美国分公司并正式引渡孟晚舟！估计下周美帝代表团到中国时就是禁华为等中国公司的总统令！估计要不是国会咨文，美帝也会在春节搞事！ ​                ", "author": "于晓华_经济", "time": "于晓华_经济2019年02月09日22:05 来自微博HTML5版", "transmit": " 转发 6", "comment": "评论 22", "zan": " 52"}]