[{"text": "\n                    【任正非：孟晚舟不会成为接班人】华为创始人任正非近日接受美国媒体专访时称，华为副董事长兼首席财务官孟晚舟不会成为他的接班人，但他相信孟晚舟能以英雄姿态归来。O任正非：孟晚舟不会成为接班人 ​                ", "author": "早报网", "time": "早报网2019年04月17日08:13 来自微博weibo.com", "transmit": " 转发 21", "comment": "评论 123", "zan": " 65"}, {"text": "\n                    【任正非：孟晚舟受点磨难是好的 英雄自古多磨难】4月13日，华为创始人任正非先生接受美国CNBC独家专访，记者一共问了37个问题。谈到孟晚舟时，任正非表示：“她就像第二次世界大战的一架伊尔2轰炸机，被地面炮火、空中炮火打得破破烂烂的，还在飞行。她现在的处境就是这样的，如果返航了，她可能就是 ​  展开全文c \n                    【任正非：孟晚舟受点磨难是好的 英雄自古多磨难】4月13日，华为创始人任正非先生接受美国CNBC独家专访，记者一共问了37个问题。谈到孟晚舟时，任正非表示：“她就像第二次世界大战的一架伊尔2轰炸机，被地面炮火、空中炮火打得破破烂烂的，还在飞行。她现在的处境就是这样的，如果返航了，她可能就是英雄了。我估计有可能她将来会当英雄。”O任正非：孟晚舟受点磨难是好的，英雄自古多磨难 收起全文d\n", "author": "中国商界网", "time": "中国商界网2019年04月17日10:57 来自iPhone客户端", "transmit": " 转发 14", "comment": "评论 42", "zan": " 34"}]