,0,1
0,手机,34
1,手机,30
2,手机,104
3,手机,156
4,手机,50
5,美国,123
6,手机,44
7,手机,58
8,5G,49
9,手机,53
10,美国,71
11,企业,81
12,5G,55
13,任正非,57
14,中国,40
15,5G,71
16,手机,53
17,手机,53
18,5G,102
19,5G,60
20,国家,41
21,国家,63
22,5G,74
23,智能,56
24,5G,53
25,手机,111
26,智能,74
27,智能,101
28,手机,102
29,手机,36
30,手机,68
31,手机,77
32,研发,41
33,手机,93
34,公司,38
35,国家,11
36,系统,19
37,计算,39
38,芯片,27
39,手机,22
40,手机,75
41,小米,94
42,波兰,115
43,波兰,30
44,手机,29
45,小米,33
46,5G,92
47,美国,53
48,手机,174
49,手机,20
50,系统,22
51,任正非,74
52,手机,50
53,5G,35
54,5G,191
55,5G,79
56,国家,9
57,P30,26
58,上市,31
59,电视,47
60,手机,42
61,手机,89
62,5G,60
63,手机,39
64,电视,51
65,手机,18
66,无,0
67,任正非,35
68,手机,25
69,Mate20,19
70,手机,46
71,任正非,25
72,手机,65
73,手机,48
74,美国,15
75,市场,48
76,手机,72
77,企业,71
78,英国,55
79,手机,39
80,手机,64
81,无,0
82,5G,14
83,技术,29
84,手机,14
85,手机,75
86,手机,132
87,5G,111
88,5G,64
89,5G,57
90,手机,41
91,美国,62
92,无,0
93,服务,86
94,路由,42
95,手机,36
96,美国,244
97,手机,23
98,手机,17
99,三星,16
100,手机,66
101,三星,69
102,手机,51
103,生态,63
104,手机,107
105,手机,84
106,手机,41
107,手机,107
108,手机,46
109,手机,52
110,5G,70
111,三星,27
112,电视,20
113,P30,22
114,手机,63
115,P30,77
116,P30,138
117,P30,95
118,日本,52
119,业务,66
120,TalkBack,19
121,手机,55
122,手机,39
123,市场,32
124,P30,41
125,企业,28
126,无,0
127,实验室,26
128,5G,38
129,芯片,59
130,苹果,96
131,P30,115
132,P30,85
133,美国,30
134,手机,34
135,美国,69
136,5G,46
137,5G,102
138,手机,59
139,手机,47
140,5G,47
141,手机,93
142,P30,102
143,汽车,41
144,5G,51
145,投资,91
146,5G,50
147,日本,21
148,手机,82
149,工会,169
150,美国,36
151,手机,17
152,电视,36
153,高通,72
154,手机,47
155,美国,48
156,5G,44
157,P30,25
158,Mate20,18
159,手机,72
160,5G,58
161,手机,30
162,美国,21
163,安卓,63
164,无,0
165,智能,16
166,公司,101
167,美国,195
168,美国,60
169,美国,241
170,美国,86
171,美国,66
172,美国,151
173,美国,141
174,美国,120
175,美国,54
176,美国,104
177,任正非,208
178,美国,99
179,美国,188
180,公司,130
181,美国,88
182,手机,36
183,美国,23
184,美国,85
185,手机,45
186,企业,37
187,中国,22
188,美国,76
189,5G,84
190,5G,45
191,公司,47
192,美国,75
193,美国,71
194,系统,70
195,手机,54
196,5G,61
197,手机,48
198,美国,47
199,美国,75
200,芯片,63
201,手机,82
202,芯片,57
203,手机,92
204,手机,47
205,平板,55
206,5G,190
207,5G,108
208,港口,44
209,5G,126
210,美国,53
211,企业,35
212,美国,78
213,5G,55
214,5G,88
215,手机,44
216,任正非,21
217,屏幕,30
218,美国,80
219,美国,88
220,汇丰,100
221,无,0
222,无,0
223,手机,60
224,手机,40
225,系统,56
226,系统,53
227,美国,63
228,手机,68
229,平板,86
230,伟创力,62
231,美国,21
232,美国,30
233,美国,38
234,5G,88
235,鲲鹏,62
236,伟创力,76
237,5G,305
238,5G,197
239,美国,28
240,5G,45
241,手机,65
242,业务,100
243,苹果,30
244,手机,46
245,手机,23
246,中国,20
247,手机,27
248,5G,85
249,荣耀,32
250,手机,37
251,系统,89
252,鸿蒙,61
253,5G,86
254,手机,87
255,林晗,42
256,平板,36
257,手机,58
258,手机,94
259,5G,133
260,荣耀,14
261,手机,42
262,美国,94
263,美国,8
264,手机,45
265,研发,12
266,无,0
267,无,0
268,芯片,51
269,芯片,17
270,眼镜,31
271,智能,36
272,5G,55
273,研发,12
274,手机,31
275,技术,23
276,技术,47
277,荣耀,24
278,畅享,86
279,版,9
280,系列,25
281,手机,49
282,手机,58
283,系列,15
284,苹果,125
285,公司,69
286,公司,19
287,处理器,23
288,5G,23
289,手机,78
290,服务,24
291,芯片,59
292,手机,86
293,智慧屏,150
294,手机,55
295,5G,32
296,手机,62
297,手机,50
298,软件,15
299,Mate30,96
300,Mate30,58
301,手机,41
302,5G,56
303,手机,63
304,传音,33
305,手机,30
306,系统,18
307,手机,27
308,手机,39
309,任正非,20
310,OPPO,21
311,Mate,29
312,手机,34
313,美国,94
314,公司,41
315,手表,39
316,Mate,23
317,手机,47
318,德国,38
319,任正非,41
320,新加坡,20
321,智能,51
322,无,0
323,手机,21
324,电信,28
325,5G,18
326,nova5z,18
327,5G,117
328,手机,28
329,公司,87
330,GMS,22
331,任正非,16
332,手机,26
333,苹果,16
334,一线,37
335,手环,37
336,无,0
337,5G,44
338,无,0
339,小米,24
340,无,0
341,无,0
342,伟华,58
343,无,0
344,无,0
345,FreeBuds3,35
346,员工,15
347,美国,16
348,Mate30,10
349,手机,14
350,P30Pro,9
351,美国,28
352,P30Pro,8
353,中国,31
354,无,0
355,美国,49
356,手机,14
357,日本,47
358,公司,7
359,手机,42
360,苹果,13
361,乌克兰,11
362,员工,22
363,设备,12
364,企业,48
365,P30Pro,8
366,美国,40
367,公司,48
368,Mate,15
369,秤,35
370,5G,62
371,手机,74
372,5G,57
373,Mate,69
374,美国,136
375,加拿大,120
376,云计算,56
377,手机,99
378,5G,50
379,手机,87
380,5G,78
381,手机,142
382,美国,74
383,5G,59
384,智慧,29
385,美国,106
386,手机,53
387,企业,86
388,5G,36
389,任正非,64
390,手机,56
391,服务,35
392,手机,32
393,中兴,93
394,美国,120
395,5G,42
