[{"title": "为恐吓唐宁街，美国人居然说华为……", "content": "“华为能窃取英国核机密”......英国是否会允许华为参与5G建设一直是外界关心的话题。继美国总统特朗普月初就此“警告”北约盟国后，美国新任总统国家安全事务助理奥布莱恩也向英国喊话称：华为参与5G不但会对英国情报部门“构成风险”，甚至还能“窃取”该国核机密。不过一些外国网友对此并不买账，有人质问“身为美国的顾问却来警告英国？”（图源：路透社）路透社24日援引英国《金融时报》消息称，奥布莱恩日前接受采访时表示，华为会“大规模盗取”国家机密，“无论是英国的核机密，还是军情五处或军情六处的机密”。（路透社：《金融时报》称，美国总统国家安全事务助理就允许华为（参与5G建设）警告英国）奥布莱恩还提到，英国将华为问题视为某种商业决定，“这让我们有点震惊……5G是一项关乎国家安全的决策。”路透社称，目前华为并未就此事置评。据路透社报道，美国一直在向各国施压，要求他们禁止华为参加国内5G网络建设。相较于“五眼联盟”（美国、加拿大、英国、新西兰和澳大利亚）的其他成员，英国在华为问题上并未展现出过于强硬的立场，而是表明华为的5G产品可以用于不太敏感的领域。今年早些时候，英国更是几度传出允许华为参与英国5G建设的消息。今年4月23日，英国国家安全委员会召开会议，决定允许华为“有限参与”英国的5G网络建设，支持者包括时任首相特雷莎·梅和多位大臣。继任的约翰逊政府也一度传出类似消息。不过值得注意的是，到了本月初的北约峰会期间，约翰逊的表态有所转变。他表示，“我们不能损害我们至关重要的国家安全，也不能损害我们与‘五眼联盟’伙伴协作的能力，这将是我们决定华为事务的关键标准。”当地时间24日，奥布莱恩上述有关“华为会盗取英国核机密”的言论在社交媒体上也引发讨论。有网友调侃，“身为美国的顾问却来警告英国？”↓也有网友认为，美国之所以如此着急，是因为自己的技术落后了。“他们（美国）惊慌失措，因为他们被甩在了后面。”↓当然，个别网友被奥布莱恩的上述言论鼓动，也开始渲染抵制华为，还拿约翰逊此前使用华为手机“开涮”。“不幸的是，鲍里斯·约翰逊还用了华为手机。希望他能听取建议，不要把国家安全、隐私和民众安全置于危险之中。”↓但同时，评论区还是不乏一些理性网友。网友JSC说，“脱离欧盟后的英国，今天更需要中国。”↓另外还有网友质疑奥布莱恩所说“华为盗取英国机密”的方式。一位网友说，“（他们）该怎么做到的呢？通过什么机器？是不是要通过电线远程访问？”↓针对美方一直以来以“安全”为由打压华为的做法，中国外交部发言人耿爽曾回应，中国政府一贯鼓励中国的企业按照市场原则和国际规则，在遵守当地法律的基础上对外进行活动。同时中方也坚决反对美方在拿不出任何证据的情况下，动用国家力量打压特定的中国企业。耿爽重申，我们敦促美方停止泛化国家安全的错误做法，停止对中国的蓄意抹黑和指责，停止对中国企业的无理打压，为中国企业在美国正常经营活动提供公平竞争和非歧视的环境。你怎么看？来源：环球网/ 李姚", "author": "环球网", "newsdate": "发布时间：19-12-26", "newstime": "05:53"}, {"title": "华为又有新发明，谷歌遇真正对手，特朗普：进步如此神速！", "content": "昨天是西方的圣诞节，是西方主要国家的重要节日，而今天是圣诞节后的第一天，其实对于我们来说，也是个重要节日。在这一天，也就是1893年的这一天，在湖南，一个重要人物诞生了，而这个重要人物在其后的几十年，改变了中国，也改变了世界，改变了你，也改变了我，几乎改变了我们生活的一切，百家号一个人的浩瀚写到这里，大家知道今天是什么节日了吧？很多人可能都知道，在前不久，美国总统特朗普刚刚通过2020年的国防授权法案，在这个法案里，美国对华为公司依然进行技术限制和没有彻底解禁产品禁运，此法案一出来，华为公司就表示了不满和抗议，并同时表示也不惧怕美国的这些技术封锁和产品禁运。美国针对华为的制裁，如果换做世界上任何一家企业，包括日本一些独善其身的企业，也可能如临深渊，可能很快会死掉，比如美国针对法国阿尔斯通制裁的例子，以及中国中兴公司面对美国类似手段制裁的毫无还手之力。但这次美国的制裁对象是华为，而华为的反应则是绝不认同，绝不屈服，坚决反击。面对美国的才去的技术封锁措施，华为创始人任正非曾直接告诉美国，华为都能应付，美国这么做只会让自己多一个对手。就在前日夜，即美国圣诞日的前夜平安夜，华为再次用实际行动上展开对美国的反击。而这一反击，也会让特朗普大呼出意料，更让美国没想到，并有些措手不及。据媒体报道，12月24日夜，华为宣布自己已经正式建立自己的HMS（华为移动服务），其导航、支付等关键功能马上就能上线，相关服务已经在12月23日在国内展开公测。大家都知道，由于美国出台的技术限制政策，比如国防授权法案的一些政策，中国已经不能获得谷歌公司GMS服务，这对于基于安卓系统的手机，几乎是致命的。因为安卓系统虽然开源，谁都可以用，但其中最重要的GMS服务模块需要谷歌公司专门授权，否则安卓系统根本不能用于无线通讯服务，也就是说原来的华为手机如果不加载GSM服务模块，在中国以外就成为一部不能上网不能通话的手机。为了抗衡谷歌公司的GMS模块，华为不得不被逼推出自己的鸿蒙系统，非常智能，完全不弱于任何一种操作系统，但系统的生态环境建设却并非一朝一夕。在此情况下，华为适时又推出自己的HMS服务计划，并从2019年8月开始上线试测，现在，在平安夜，华为终于让HMS先行一步，在自己的手机安卓系统内正式内置HMS模块了。针对华为推出的HMS，美国福布斯杂志直接认为，这是圣诞节华为向谷歌下的挑战书，即：安卓系统，我以后彻底摆脱你了，看来谷歌这次又遇到个新对手。华为之所以敢这么做，福布斯的说法是完全不夸张的，因为2019年的华为已经是世界第二大手机厂商，增速飞快，赶超三星指日可待，而此次华为推出自己基于安卓的HMS，对谷歌公司来说是一个沉重打击。其实在百家号一个人的浩瀚看来，谷歌完全可以选择和华为合作，软件平台对自己的侵蚀，毕竟不是好事，所以谷歌要算账，就必须找到特朗普的头上来。有报道说，许多海外用户已经预使用了华为的HMS，极短时间适应后上手很快，和原来的系统并没有什么区别。那么问题就出来了，如果美国这么做，随着华为手机扩展，谷歌丢失掉一大批海外市场以后，他们暗地里最应该骂的是谁？那肯定是哪个一肚子生意经的特朗普！那么你认为呢？百家号一个人的浩瀚文", "author": "一个人的浩瀚", "newsdate": "发布时间：19-12-26", "newstime": "11:27"}, {"title": "国产最强的华为，到底拥有哪些核心技术？", "content": "其实，华为的确没有什么技术是独一无二的，但是它的市场份额绝对是行业领先水平，也不能说华为没技术。但是我们刻意的去神话和丑化华为都是不客观的，华为不是专用设备领域的企业，也不是高精，所以他不像台积电只需要攻击芯片制造一项，华为的业务比较综合性，他是技术整合者和添砖加瓦的，并非是突破者。现有华为的技术，都是应用层面的，包括polar码，实际上也不是发明，而是在华为的推动下进行的。还有空口标准F—OFDM或者scma，也不能说独有技术，这也是推动技术标准。也就是说华为在通信业，是用一种标准先行的态势来获得壁垒，并围绕自己主导的标准来主导技术壁垒。所谓国外没有华为就没有5G，同样可以说高通或者三星。华为占据了5g时代一定的标准，这其实也不是华为一家功劳，是我国通信业多少年辛苦低价跑量跑出来市场份额。很多人看不起中兴通讯，可他也是中国标准的推动者之一。当一个企业市场份额很大，而当一个国家在国际上市场份额很大，你就会有标准话语权。华为和中兴在4G时代占据欧洲通信行业安装量的4成，足以说明其实力。至于华为手机在芯片上的设计是个有门槛的行业，但也不是独一无二。比如律师是个有门槛的行业，都是高学历有能力，但是不能说律师就是独一无二的行业。材料，设计，制造，封装，我国封装技术并不弱，但其他的都不能算是强，华为的强大在于他进入了处理器芯片设计领域，而且销量不错。仅仅是进入和成功商用化两条，在中国就算是芯片行业沉稳的一步。我们相信会有后来者居上，但是说起第一个切入的，可能还是华为。不管是谁的架构，这也算这么多年的进步。毕竟，龙芯等这一步都跨不出去。不要拿着华为产品清单就说是核心技术，也不要过度强调专利数量。有自己制定的标准，再去围绕自己成功主导的标准去添砖加瓦，这就是华为大多数通信类专利的性质，这是攻坚，而不是另辟蹊径的突破。攻坚的专利是能力，而不是独一无二的核心技术。华为拥有的是人才，而不是技术。华为在通信市场做出的贡献，并非是技术突破。从全球来看，华为主要的功绩是破垄断。从国内来看，这依然是利国利民的。但是其手机业务有在国内有着挤压对手的态势。所以，华为通信设备，是任正非的华为，是正面的；而华为的消费者部门，是余承东的华为，看上去是有点飘了。", "author": "耿彪", "newsdate": "发布时间：19-12-26", "newstime": "23:28"}, {"title": "看似赢了，实则输了！华为对比苹果，他们的差距还是很大", "content": "文｜北桥在智能手机刚刚诞生的时候，国内大部分的智能手机市场都被三星和苹果瓜分了。但是随着国内像华为这样的国产手机厂商崛起后，逐渐地改变了这一现状。华为手机不光让三星手机退出了国内市场，甚至将手机卖到了海外，开始向全球第一进行冲刺。今年华为更是发布了全球第一台集成5G信号基带的手机，对全球第一的位置可谓是信心满满。第三方数据调研机构Canalys也发布了国内第三季度的智能手机出货量报告。报告中的数据显示，华为在第三季度的手机出货量高达4150万台，占到了整个国内市场的42.4%。Vivo手机的出货量在1750万台，排名第二。OPPO手机和小米手机的出货量分别为1700万台和880万台，分别排名第三、第四。在这份儿报告中只有苹果是“最惨”的，苹果在第三季度的出货量为510万，仅为华为的八分之一，市场份额5.2%，排名第五。而在Canalys发布的全球智能手机出货量报告当中，华为手机出货量高达6680万台，仅比三星落后1210万台，以19%的市场份额排名第二。苹果的出货量则为4350万台，比华为落后2330万台，以12.3%的出货量排名第三。从这两份儿出货量报告当中我们也可以两个结论，第一是华为手机的出货量已经完全领先了苹果手机，第二是苹果手机在国内的受欢迎程度已经远远不如华为手机了。为什么华为手机能够取得如此之高的出货量？最主要还是离不开华为在研发上的投入。华为每年都会在研发上投入上千亿元，现在华为自研的麒麟990处理器已经能够和高通、苹果相提并论。甚至在拍照、充电、5G上已经领先于苹果了。虽然华为手机销量遥遥领先苹果，看似华为赢了，但其实华为输得很惨！为什么华为手机的出货量这么高，华为还是输给了苹果呢？根据第三方调研机构Counterpoint的数据显示，第三季度的手机市场总利润为120亿美元，可其中66%的利润都被苹果赚走了，大约79.2亿美元。相比之下，华为的净利润仅占17%，大约20.4亿美元。也就是说苹果手机的出货量是华为手机的三分之二，可是苹果手机的利润却是华为手机的四倍，这是一个多么夸张的概念？也不得不说华为和苹果他们之间的差距还是很大，尤其是在三千元档以上的智能手机当中，苹果还是占据了更多的话语权，而华为的销量主要还是来自三千元档以下的中低端手机。试问你会在三千元档以上选择华为手机还是苹果手机呢？欢迎在评论区发表你的看法。", "author": "北桥科技", "newsdate": "发布时间：19-12-26", "newstime": "23:21"}, {"title": "2019年是见证华为走向强大的一年，这一年华为创造出傲人的成绩单", "content": "我国的科学发展在最近这几年时间里，取得了令人骄傲的成绩，各行各业的科学新技术，让人有些目不暇接。近期百度和中关村在线举办的首届星标大奖，或许能够给我们解开其中的答案。这次活动场面很大，有两百多家知名的数码科技企业参与进来，而且有很多全新的产品，参与到星标大奖的评选之中，所以引起了很多人的关注。只要你喜欢科技产品，那么一定要多多关心，这次的星标大奖，因为这个活动能够让你了解世界科学技术的发展方向，了解什么样的数码产品是最好的产品，而且也能够扩展你的眼光，让你对于最新的科学技术，有一个全面的了解和熟悉。美女小倩是一个创作科学文章的人，也是一个非常喜欢研究科学的人，朋友们只要加我粉丝和关注，就能够和我沟通，看到我全部的文章。马上二零一九年就要结束了，这一年里面发生了很多引人注目的事情。其中华为公司受到美国无理打压，相信是中国人最关心的事情。那么这一年里面华为公司的发展怎么样呢？华为手机是不是顶住了压力，我国的5G技术是不是华为继续领先世界。美女小倩现在给大家全面的说明一下，希望大家能够继续支持华为公司，继续为祖国的经济发展而努力。华为的王牌产品自然是他们的智能手机，二零一九年三个季度的统计数据显示，华为手机全球市场份额的占有率达到百分之十八点六，发货量更是同比增长了二十八点二以上。这个数据就告诉我们，虽然美国在打压华为手机，可是华为手机并没有因此一蹶不振，反而是逆风发展，而且取得了非常优秀的成绩，这点给中国人长了士气。更有意思的是华为平板电脑的业务，更是取得了很大的进展，二零一九年前三个季度的数据来看，华为平板电脑在中国的市场份额达到了百分之三十七以上，排名中国平板电脑销售的第一名，力压第二名的苹果公司。这说明在平板电脑领域，华为的技术开始赶超苹果公司，未来很可能会进一步拉开双方的差距。同时华为公司的笔记本电脑的出货量同比增长更加惊人，根据数据统计，今年前三季度，华为笔记本电脑的出货量达到了百分之二百一十四。这个数量超出了很多人的预期，相信华为公司技术的全面进步，让企业有了底气，也让消费者更加有信心，从而让华为公司在各个层面都有了全新的进步，给打压华为产品，抹黑华为公司的人，一记响亮的耳光。另外更重要的成绩单美女小倩必须说明一下，今年前三个季度，华为公司在智能穿戴领域的出货量同比增长百分之二百七十二，同时智能音频领域的出货量同比增长二百六十以上。这一个领域是未来发展的趋势，也就是说华为公司抓住了未来发展的技术，他们将会在智能工具领域，有更多的发展，这点对于未来华为公司的发挥十分有好处。这一年华为的新技术层出不穷，麒麟990 5G SoC，将处理器和5G基带合二为一，让华为手机的性能提高了几个档次。华为在巴塞罗那发布的Mate X折叠屏手机，更是引起了全世界的关注，而且好评如潮。华为公司推出鸿蒙系统、HMS，背后都是十四亿中国人的支持，有了这个庞大的后盾，未来华为公司将会更加强大。", "author": "美女小倩谈科学", "newsdate": "发布时间：19-12-26", "newstime": "16:14"}, {"title": "华为的“备胎”，成了？", "content": "尽管禁令又被延迟了，微软也恢复了对华为的授权，但是 GoogleMobile Service（简称 GMS）的恢复仍遥遥无期。今年 5 月，Google 在“实体清单”事件的影响下，暂停向华为手机提供 GMS 服务。受此限制，华为在海外市场出售的手机，在原厂设定下将不能使用 Gmail、YouTube、Google Pay、导航等服务。GMS 的缺失，对于海外市场是存在着明显影响的，最直接的反应就是销量。眼见恢复无望，华为选择了上马备胎计划，也就是 HMS。HMS，进展如何？HMS 比我们预期的进展要快，至少是和鸿蒙 OS 比起来。据经济时报报道，HMS 正在积极推进中。华为表示，华为正在与印度开发商合作，开发可替代其手机上的 GMS 应用和服务。此外，子品牌荣耀正在与印度150个顶级应用进行谈判，使其在其 HMS 或华为媒体服务中使用。华为表示，目前导航，支付，游戏和通知推送将很快准备就绪，原报道中是“年底前部署”，但随后被修正，看来速度并不如预期乐观。华为公司印度消费者业务负责人 Charles Peng 透露，HMS 将支持无法访问 GMS的智能手机。“消费者不会发现 GMS 和 HMS 之间有什么区别，” 他补充说，印度开发商基地将为印度以及欧洲等地区提供帮助，在每个国家/地区，华为希望能通过 HMS 提供排名 100～150 名的应用，包括 Facebook、Whatsapp 等。华为还表示，目前在全球拥有约100万 HMS 注册开发人员，华为还将提供 10 亿美元的全球基金，提供最高可达 17000 美元的激励。在国内，HMS 在国内已经开始了众测，内容分为两项：华为移动服务和 HMS Core Test，提供华为账号、应用内支付、消息通知、钱包等服务等功能。目前，华为开发者官网也把“HMS Core”放在了首页的显眼位置，也提供了一个小型应用市场模型，该应用市场包括 Game、Fido&Safety、Purchase、Identity、Scan、Nearby、ML 等应用。消息显示，除了 Mate 30、nova 6、荣耀 V30 等受“实体清单”禁令影响无法预装 GMS 的手机，其它更早型号的华为手机同样可以成功部署 HMS 服务，甚至，HMS 和谷歌 GMS 可以在系统内共存。HMS 能提供基础的底层能力，比如支付入口（不通过 Google Pay），导航能力，游戏中心等等。但“感受不到差别”多少有些太乐观了。比如在海外，一些核心 Google 应用还是无法使用。不过 HMS 的进展确实是一步一个脚印，底层架构搭建好后，可以给华为自家和第三方应用提供接入的空间，至少在平台上，已经初步做好了准备。几天之前，华为证实明年第一季度发售的 P40 和 P40 Pro 智能手机将预装华为移动服务（Huawei Mobile Services）而不是 Google Mobile Services (GMS)。不管是华为认为禁令的影响会持续，还是认为 HMS 已做好了准备，总之，GMS 短期内不会在华为手机上回归。华为对于明年的销量目标并没有下调，如果想达到这样的目标，就势必要有替代方案。相比较开源的 AOSP（Android Open Source Project），GMS 的缺失，是更急切需要解决的问题。不是取代，而是重建？GMS 是 Google 给 Android 注入的“细胞核”，重要性不言而喻，Google 搜索、地图、支付、YouTube 等应用，都依赖 GMS 的底层能力，这也是 Google 通过开源Android 盈利的入口，谷歌不“垄断”Android，但通过 GMS，实现了实质性的生态构建。HMS 目前还处在非常早期的阶段，就拿应用数量来说，HMS 目前只有 45000 个使用 HMS 内核的应用，而 Google Play 有超过 300 万个。好消息是，Google 的服务在全球并不是横扫一切的。俄罗斯有 Yandex，韩国有 Naver，一些其他人口大国（比如印度），也有发展出自己应用的潜力，如果华为能和这些应用达成合作，就能在一定程度上抵消失去 GMS 的影响。12 月 3 日，华为心声社区公布了任正非近日接受 CNN 采访的全文。任正非表示，如果美国明确谷歌GMS 生态系统不给华为使用，那华为自己的系统也是会投入使用的，任正非表示华为有能力在2～3年内完成世界生态系统的整合。另外，凭借着中国大陆，这一庞大市场的哺育，HMS 能取得一定规模的启动成果，华为也有机会持续迭代，但是在出海过程中能否得到验证还要看具体的效果，比如，能获得多少有实力的伙伴的支持。有趣的是，华为在印度公布的合作中，我们看到了 OPPO 的身影，除了和华为合作外，OPPO 计划在 2020 年拨款 1.43 亿美元，以支持包括印度在内的全球开发商，共同开发“新的智能服务生态系统”。有这样野心的，显然不止华为一家。Google 的应用是 GMS 的核心，这不是华为能搞定的。与其说 HMS 是要替代 GMS，倒不如说华为是想重构自己一套完整的生态，依托于 AOSP，但又独立于 Google。这仍是一条漫长的路，且不是必不可走的，万一哪天合作恢复了，也不要惊讶。", "author": "虎嗅APP", "newsdate": "发布时间：19-12-26", "newstime": "20:48"}, {"title": "今天华为发布了一款智能工作平台 听说19万华为人都在使用", "content": "经济日报-中国经济网北京12月26日讯 （记者 王轶辰）提起办公软件，人们首先想起的大概率会是钉钉，移动办公、智能办公工具的普及让广大职场人士的办公效率越来越高，广受欢迎。如今，华为也正式宣告进入这个市场。12月26日，华为云在北京发布智能工作平台WeLink。华为云副总裁、联接与协同业务总裁薛浩表示：“华为云WeLink源自华为数字化转型实践，是更懂企业的智能工作平台，具备智能高效、安全可靠、开放共赢三大核心优势，为政企开启数字化办公智能新体验，助力实现数字化转型。”智能工作平台都能做什么？华为云WeLink会比市场上现有的办公软件更强大吗？据了解，华为云WeLink可以实现AnyTime、AnyWhere、AnyDevice、AnyBody的全场景智能办公，助力用户随时、随地、通过各类终端设备（手机、电脑、Pad、电子白板等）实现协作办公。通过“越用越懂你”的AI工作助手小微，一句话即可直达找人、找邮件、预定差旅、报销费用、充值卡包等百种服务。WeLink还可以带来真正的智能会议室，多种终端自由实现多种投屏方式，颠覆传统会议场景；会议纪要自动转文字，扫码发送纪要到邮箱；强大的实时翻译功能，支持消息、文档、邮件等多种内容翻译成七种语言，更支持一键从邮件转群聊，让跨区域、跨语言的沟通变得更加简单。在当前的企业数字化办公实践中，安全是最大的挑战之一。对此，薛浩认为，企业信息安全的核心不仅仅是安全的结果，更需要构建一个可信的安全体系。华为云已获得50+项国内外第三方安全认证，国家安全等保三级，建立了可信的安全体系。华为云WeLink从设计理念出发保护企业数据与信息安全，用户账号归属于企业，信息100%在企业内部流转。在技术层面，华为云WeLink具备业界独有的安全技术，实现芯、端、管、云全链路防护。华为新产品的底气在哪？参与市场“搏杀”，华为这款产品有什么底气？华为云WeLink的诞生源自华为自身的数字化办公转型实践，作为一家年营收超1000亿美元的全球化企业，华为有19万员工，业务遍布全球170多个国家，全球办公点多达1023个，业务横跨运营商、政企和消费者三大领域。面对自身庞大的架构和繁杂的业务体系，华为自身迫切地寻求一款能够支撑公司有效增长和全球化运作的智能工作平台。2017年1月1日，WeLink 1.0在华为上线，通过We码平台，WeLink将华为的业务服务、公共服务、知识服务等汇聚到一个平台，实现各种办公应用之间的融合，让华为彻底告别此前多个烟囱式移动APP并行造成的体验不一致状态。全面提升了办公体验和效率。目前，WeLink全球华为用户已达19.5万，日活率99.8%，日联接量超过1200万次，联接团队52万个，联接白板1.4万块、联接业务700+个、联接知识21亿次/年。全球华为员工整体协作效率提升30%，员工满意度达到90分以上，App交付周期从“90天”到“7天”。华为办公应用装备部部长王俊表示：“源自华为自身的数字化办公实践，WeLink带来的数字办公新体验是从过去的‘以功能为中心’转变为‘以用户为中心’、从‘做了什么事情’转变为“解决了什么问题”。”　WeLink的朋友圈有多大？同日，华为云还宣布成立华为云WeLink生态联盟。记者获悉，首批加入华为云WeLink生态联盟的伙伴包括：金山办公、中软国际、致远互联、罗技、华为商旅、红圈营销、合思费控、Coremail论客、芯盾集团、目睹直播、视源股份、喜马拉雅、为知笔记等。中软国际高级副总裁曹雁介绍，华为云WeLink帮助中软国际解决了数据安全性，多地远程协同开发、项目实施等问题。金山办公副总裁姜志强说，移动办公需求增多，带来了机遇，也有挑战。“过去，大家认识的 WPS 是一个工具软件；今天，WPS 正在努力构建未来办公新模式；未来，金山办公将与华为云WeLink一起，为全球用户打造智能工作平台。”来源：经济日报-中国经济网", "author": "中国经济网", "newsdate": "发布时间：19-12-26", "newstime": "21:16"}, {"title": "被华为录用究竟有多难？", "content": "2020年马上就要来啦，各位即将毕业的学生朋友们也即将面临实习与工作问题的巨大压力。本人通讯专业出身，遥想去年自己也曾为了毕业后的去向问题而在宿舍床上辗转反侧，那时我的第一志向便是进入华为工作，为中国的技术崛起贡献出自己的一份力量。但天不遂人愿，华为岗位的选拔标准实在严苛，候选者之间竞争更是颇为激烈，最终我还是在第二轮专业面试的环节中被刷了下来。但我一个软件研发类专业的学长前年却通过了层层选拔，被华为录用。今天我特地问了学长许多关于华为招聘的问题并记录了下来，以供今年想要供职华为的各位高材生们作为参考。下面我们来详细聊一下华为具体的招聘与面试流程（以我学长的软件研发类专业为例）。一、建立注册与岗位申请有意供职华为的各位学生朋友们必须事先登录华为的招聘官网，完成注册与简历填写，需要提供的信息包括：个人基本信息、教育经历、实践经历以及项目经历等等。个人基本信息与教育经历都是板上钉钉的事情，如实填写就好；而实践经历与项目经历则建议参与招聘的同学们进行适当修饰，简单讲就是什么好听说什么，千万不要吝啬对自己的溢美之词。要知道你的竞争者们很可能都是各个211、985大学的高材生，简历填不好，你连上机考试的资格都没有，很多人在这个环节就已经被淘汰了。除此之外，同学们还要好好浏览华为招聘官网上所展示的岗位信息，选择一个你感兴趣并且足够擅长、足够匹配的岗位进行申请。申请结束后，华为如果对你的履历感兴趣就会以短信的方式告诉你接下来即将到来的上机考试相关信息。二、上机考试同学们在收到华为的机考信息通知后，一定要留意相关考试须知与附件规定，挑选一个网络通畅、不受打扰的环境完成答卷。千万不要小看上机考试，华为目前作为领跑整个5G通讯行业的世界科技巨头，其机考难度也是可想而知。华为出的题目可不是平时学生们在校园里做的基础科目题，这里面所涵盖的范围相当之广：结合实际商用软件的复杂场景应用、解决以往华为工作问题的编码编写甚至各种交叉学科的常识性内容都有可能出现。专业基础不牢靠、应变能力不强或者只会死背理论的同学们往往在这一环节就已经“游戏结束”了。三、第一轮专业面试在通过上机考试之后，你接下来将会面临由华为资深业务专家们组成的面试官团队，他们都是华为公司内掌握最新技术并长期工作在编码一线的大神们，好戏这时才刚刚上演。面试官们会对候选者的机考信息进行详细复盘，检验候选者的解题方式是否正确、解题思路是否清晰。机考或许还存在些许侥幸成分，而第一轮专业面试很快就会让一些滥竽充数的漏网之鱼无所遁形。四、第二轮专业面试接下来就是整个招聘的重头戏了——第二轮专业面试。这一轮面试中的面试官们将会针对每个候选者对自己所学专业的理解与实操熟悉程度，设置具体的实际应用题目、设计演进题目与实际操作题目。一大部分候选者就是栽在了这一环节（我就是第二轮专业面试没有通过），要知道现实生活中的商用软件是非常复杂的，和同学们平时在校园里做的题目基本是一天一地。而这一轮面试中关于华为系统的相关题目也必然是不断变化的，对候选者的答题要求则是：就算在华为系统被攻击的状态下，也要保持系统的可靠性与韧性，这对于初出茅庐的大学生们来讲无疑将是一项艰难的挑战。五、业务主管面试如果你可以通过前面四轮的选拔，那么供职华为对你来讲就基本上是板上钉钉的事情啦。在最后一轮的面试中你将见到你未来的业务主管，他将会进一步评估你与你所申请岗位的匹配程度，仔细研究你的简历与你在校期间发表过的主要论文，询问你的专业情况。一言以蔽之，你之前上学期间的种种努力都没有白费，华为将是你梦想起航的地方。六、签约与入职恭喜你通过了“万人过独木桥”的华为选拔，入职之前华为公司将会邀请你参加供职签约座谈会，加深你对华为公司的了解。没准儿会上你还能和任正非聊上两句呢~说了这么多，就是希望即将毕业并准备供职华为的各位高材生们调整好心态，在今后走向工作岗位的日子里也要像在校园里一样笑对人生。成功固然可喜，但就算像我一样面试失败了也不要气馁，条条大路通罗马，人生何处不相逢呢？", "author": "魔金石科技", "newsdate": "发布时间：19-12-26", "newstime": "20:45"}]