[{"title": "美仍然不甘心！解禁华为之后又使出流氓手段，却遭自家人群起而攻", "content": "前些日子，美国对华为进行了全面的封锁，然而没有想到的是，这个封锁措施与其说是封锁华为，不如是说封锁了美国自己，短短不到两个月的时间，就导致美国的科技巨头们遭受到了巨大的损失，不得已之下，特朗普在公开场合服软，宣布取消对华为的禁令。不过，虽然美国总统都发话了，美国内部却不想执行，一直在拖着解禁事宜，不少美国鹰派人员更是大放厥词，指责特朗普的错误做法，但是光动嘴皮子又有什么用呢？美国所损失的真金白银是赤裸裸的现实，如果喊几句狠话就能弥补这些损失，特朗普这位精明的商人又怎么会做出妥协。万般无奈之下，美国商务部还是决定兑现特朗普公开做出的承诺，让想继续跟华为合作的美国企业提交申请，通过批准之后就可以继续向华为出售产品。不过美国依然不甘心，在解禁华为的同时，又开始筹划另一个损招来对付华为。据环球时报本月20日报道，美国两名参议员向国会提交了一项新的草案，禁止向美国实体清单当中的企业购买和出售美国专利，提出该草案的议员毫不避讳的表示，该草案就是为了针对华为。值得注意的是，这个草案不但禁止向华为出售专利，还禁止采购华为的专利，禁止出售这个可以理解，禁止采购又是什么原因呢？这跟前段时间，华为对美国的一个反击措施有着非常直接的关系。在美国封锁了华为之后，华为向美国最大的电信运营商威瑞森收取了一笔超过10亿美元的专利费，这笔专利费涉及230多项专利，当时就把美国搞得措手不及，因为美国的5G技术水平确实很一般，建设5G网络不得不使用大量的华为专利技术。既然使用了华为的专利，支付响应的费用也是理所当然，但是美方却不认账，并且反咬一口称华为这是流氓手段，同时还试图出台一个法案，限制华为在美国进行相关起诉的权利，吃香十分难看，摆明了要赖掉这笔专利费。结果到头来，美国自己又要使用所谓的流氓手段来限制华为，试图在赖掉华为专利费的同时，还限制华为购买美国的专利，此举立刻就遭到了美企群起而攻，对于他们来说，事情刚刚出现转机，结果又要节外生枝，绝对是无法接受的，立刻就向美国高官提了出会面要求，坚决阻止此草案生效。", "author": "中华小神兵", "newsdate": "发布时间：19-07-20", "newstime": "15:29"}]