[{"title": "捷克终于醒悟？向华为表示歉意，网友们都沸腾了！", "content": "前段时间，以美国为首的以安全为由拒绝了5G的设备，随后华为强势回应：没有华为，美国赢不了5G市场！但随后，又有澳大利亚与英国及新西兰等国以安全为由再次拒绝了华为的设备，最让人可笑的是，英国与华为合作了10多年，华为设备有没有问题，难道英国心理没有逼数吗？最近，捷克这样的小国家也是表态，捷克总理巴比什随后以安全为由要求政府工作人员弃用华为手机，此事也在网络上引发了争议！随后，华为轮值董事长胡厚崑表示华为有安全方面的风险无事实根据。若无事实依据，禁止诋毁。说直白一点，华为手机已经成为全球销量第二的手机，而且第一也是指日可待，华为手机是最受欢迎的安卓手机品牌之一，相信最终民众的选择。针对捷克的这一做法，网友们也是纷纷发表了看法；网友：西方越是打压华为，我们自己就更应该支持华为！因为华为现在已经不仅仅是一个民营企业而已，他实际上已经成为了我们中国迅速崛起的一股力量！网友：捷克为什么反对华为？估计是中国人不去旅游，不去做生意了，他们立刻感觉到立即的压力。你一个小小的捷克，有个毛的机密值得中国偷的。美国是不希望中国华为中兴5G领先，这又不是你捷克担忧的事情。网友：华为，你永远只需要做好内功，永远不要让中国人失望，你是中国人的骄傲和自豪！不用和那些猪狗一样白种人一般见识，任它一时狂叫暴嚎吧！后来事情又出现了戏剧性的一幕，那就是捷克向华为低头了！捷克国家安全委员会发表声明，纠正政府日前要求机关工作人员停止使用华为手机的错误做法。对于捷克政府的声明，华为欧洲总裁李健表示赞赏。“我们相信在捷克当前和未来的业务不会受到影响，也不希望这样无端的指责再伤害华为。”其实说白了，华为目前的5G实力是有目共睹的，目前华为已拿下全球26个5G订单，数量为全球之最，而且说白了，华为很包容，就像之前印度反对华为5G，但随后印度还是绝对5G还是华为好，所以又邀请了华为去印度发展5G，而今天捷克的醒悟还算早！不知道，大家怎么看呢！", "author": "俊世太保", "newsdate": "发布时间：18-12-23", "newstime": "13:11"}, {"title": "被自己人打脸？捷克：对华为手机的禁令是草率的！", "content": "这两年华为手机的快速发展是大众有目共睹的，凭借着强大的科研能力与全面发展的战略，华为目前已经稳坐国行手机厂商老大的位置，而在全球市场范围内，华为在今年第二季度与第三季度出货量也是超越苹果，晋升为全球第二大手机厂商，尤其是在欧洲市场，华为手机市场份额更是颇为的可观。然而令许多国人无奈与愤慨的是，近期华为手机在欧洲市场也是遇到了一些小困难，12月17日捷克网络和信息安全局发表声明，表示中国企业华为与中兴的产品会构成“安全威胁”，而就在次日捷克总理也是宣布，下令禁止其政府办公室人员使用华为手机，随后捷克工业与贸易部也是表示将采取同样的措施。要知道华为全球化进程已经走了二三十年，在如此长的时间内，华为并没有出现过安全性问题，可以说这种无故的指责多少有些“莫须有”，而后华为官方也是做出回应，表示如果说华为设备存在安全威胁，那就拿出证据，而不是在没有任何证据的情况下损害华为声誉。无独有偶，就在当地时间12月21日，捷克政府也是正式发表声明，纠正了对于华为的错误警示，捷克国家安全委员会在这份声明中表示，捷克网络与信息安全局是独立于政府的机构，其结论不是基于技术评估，而捷克总理对于华为手机的禁令是草率的，此外捷克将对所有合法外国投资保持开放，并将继续为其提供有力环境。而后华为欧洲区总裁也是表示赞赏捷克政府的务实态度，并且相信华为当前与未来在捷克的业务不会受到影响，此外不希望这样的无端指责再伤害华为，在一定程度上来说，华为本次的回应也是颇为扎心，确实在没有证据的情况下，一些人用主观的思想来决定事情并不理性。此外值得一提的是，在前两天华为也是正式宣布，预计在今年12月25日华为2018年累计出货量将达到2亿台，而在2019年，华为手机预计出货量在2.3亿台到2.5亿台之间，不出意外在明年华为会在全年出货量方面超越苹果，成为全球第二大手机厂商，小伙伴们，对此你怎么看？欢迎大家留言，互相交流看法。", "author": "河大新区", "newsdate": "发布时间：18-12-23", "newstime": "20:20"}, {"title": "多家运营商继续与华为合作 并达成20亿英镑协议", "content": "来源：上观【据英国媒体报道，英国移动电信运营商O2透露，该公司将继续在5G测试中使用华为的设备。包括EE和沃达丰在内的其他几家英国运营商也已经表示，他们也将使用华为的设备进行5G测试。有三家公司还证实了已经与华为达成了20亿英镑的协议，将在英国各地建立5G网络，并准备在明年开始正式运营。】本月初， 英国电信集团（BT）表示已将华为排除出其核心5G网络设备供应合同的竞标名单，该公司以后将只在其认为网络中重要性较低的部分使用华为设备，如天线塔相关设备等。就在外界担心英国其他电信运营商也会做出同样选择之际，近日，英国移动电信运营商O2对媒体透露，该公司将继续在5G测试中使用华为的重要设备，并于明年1月份进行新一代5G通讯网络的试运营，届时将在伦敦200多个地点使用华为的硬件设备。O2发言人对英国《金融时报》表示：“我们正在测试华为的无线设备，然后会将它们部署到伦敦的一些基站。我们与所有供应商合作，以便为我们的客户提供最优质的通讯网络。”而在两周前，O2因为电信软件问题，致使数千万客户无法使用数据服务。本次故障由于其供应商爱立信的软件出现问题，对整个英国造成了严重干扰，数百万名司机无法使用导航应用，而且客户无法使用手机网上购物。在伦敦，宣布公交车到达时间的电子板变暗，而优步司机抱怨无法接收到新订单。此外，《金融时报》在报道中谈到，除了O2，EE和沃达丰在内的其他几家英国运营商也已经表示，他们也将使用华为的设备进行5G测试。有三家公司还证实了已经与华为达成了20亿英镑的协议，将在英国各地建立5G网络，并准备在明年开始正式运营。这篇报道中透露了一则重要信息：EE也将使用华为的设备进行5G测试。EE作为英国电信集团（BT）2016年收购的公司，其核心网络一直在使用华为的“EPC”技术。EE也曾使用华为的组件推出了英国的首个4G网络。而华为与EE的母公司英国电信集团的合作可以追溯到2005年，当时英国电信集团与华为签署了一项具有里程碑意义的协议，而到了次年，英国电信集团因核心网络包含用户个人信息，遂以安全问题为由，不允许华为设备出现在其核心网络之中。所以这场博弈也并非本月开始，而是已经持续了12年之久。就在当前英国电信集团再次表明移除华为设备之际，其旗下公司EE却在近期对媒体称将继续使用华为的设备进行，虽然后者独立运营，但无疑与母公司12年的决策相违。", "author": "金融界", "newsdate": "发布时间：18-12-23", "newstime": "12:20"}, {"title": "对标联想，继手机之后，华为可能再下一城", "content": "华为公司作为中国乃至世界通讯行业的龙头老大，5G标准的制定者，在国内外拥有一大批死忠粉。在手机领域，华为不仅有华为P系列产品、Mate系列还有荣耀系列产品。作为一家以自主研发核心科技为动力的跨国企业，除了手机，华为生产的商务笔记本也在市面上开始出售。但华为目前并没有全面进军pc行业。华为如果进军pc行业，主要进军的方向在哪里呢？众所周知，电脑分两大类：商务本和游戏本。首先，游戏本利润低，并且国内以神舟为代表的笔记本厂商已经把游戏本的最低利润快压 榨出来了，高端游戏本又是前有外星人后有玩家国度。因此，一向主打高端产品的华为，其主要瞄准市场肯定是以苹果为首的这一类高端商务机。首先迈进pc行业的小米已经在试水了，相信华为也不会观望多久。小米进军电脑行业，也并非如做手机一般顺风顺水，小米笔记本的外观，还是非常耐看的，对于一个新进领域来说，需要克服的困难也很多。华为进入笔记本电脑行业在未来有可能也处于领先地位吗？小编认为短时间内是很难的，因为电脑市场并不是跟手机市场一样透明，而且大部分购买者的习惯还是去电脑城或者专卖店，华为其实线下渠道是一个短板，就单说PC行业的话，在手机行业的口碑还是不错的，但是手机品牌做电脑又会有多少人信服和买单呢？大家都知道，华为从来都不是一家喜欢小打小闹的公司，一直以来无论是自行研制芯片，还是对于5G技术的研发，华为一直都走在世界前列，如果华为打算做一件事，那么华为就一定会全力以赴的，去把产品做到最好的，做到极致，做到令客户满意。就目前电脑市场的几大霸主：联想、戴尔、华硕、苹果、惠普，技术已经非常成熟了，而且即便这几年，联想似乎有些没落了，但是联想的没落主要是智能手机市场上的失意，其在PC端的地位还是非常强大的，尤其是国内的PC市场，得意于其多年的线下市场积累和在PC端积累的技术，联想在国内PC市场，无疑是难以撼动的王者地位。当然，华为雄厚的科技实力，也让我们期待华为电脑也如同华为手机一般，如彗星般崛起。华为目前的这款Matebook笔记本非常漂亮，超薄，机身厚度14.6mm，最薄处4.9mm，重量1.33kg，能和Surface Pro比肩，看起来很高级。开机速度非常快。华为把指纹集成到了电源键中，开机的时候不用再按一次指纹。大概4、5秒就能到桌面。屏幕分辨率非常高，看起来很舒服。而且3：2的屏幕非常适合浏览网页。触控基本用不上，不过作为辅助的输入手段有还是比没有好。键盘也还可以，再超薄本中属于比较舒服的。为了配合全面屏，华为将摄像头设计在F6与F7两个按键之间。弹出式设计，轻轻一按就会出现。不用的时候隐藏在键盘内，防止黑客入侵，完美解决隐私泄露的问题。无需再像扎克伯格说的那样，给自己的电脑镜头贴上小纸片。从乔布斯在信封里拿出MacBook Air到现在，已经很久没有笔记本让人有这种眼前一亮的感觉。说它能搅动市场言之尚早，但Matebook X Pro的出现，让市面上的万元笔记本机型又增加一个新选择，至于未来，华为能在PC走多远，我们都不知道，但是以华为雄厚的研发实力来看，未来的华为电脑一定会让我们足够满意。千辞视角看点，如果您喜欢，请留个赞呗！谢谢这么可爱的你们还关注了我，如果您有什么想法，欢迎关注留言哟。单选|华为电脑、小米电脑、联想电脑，你更倾向于买哪一款？华为电脑小米电脑联想电脑打开百度APP进行投票", "author": "千语谦辞旅行", "newsdate": "发布时间：18-12-23", "newstime": "14:23"}, {"title": "捷克纠正“草率”禁售令，华为称不希望再受“无端指责”伤害", "content": "近日，捷克网络监管部门，国家网络与信息安全办公室主任杜桑·纳夫拉蒂尔(Dusan Navratil)在一份声明中表示，将华为公司的软件与硬件产品引入到关键的国家系统中可能会构成威胁。捷克总理巴比什随后以安全为由要求政府工作人员弃用华为手机，引起争议。12月21日，捷克国家安全委员会正式发表声明，对上述机构的声明进行了纠正，并强调，国家网络与信息安全办公室是独立于政府的机构，其结论不是基于技术评估，而总理对华为手机的禁令是草率的。对于这份声明，华为方面在提供给记者的一份回应中表示，任何基于公司原产地的歧视都应在捷克共和国进行纠正。“我们赞赏捷克政府的务实态度。”华为欧洲总裁李健说。据第一财经记者了解，华为在2003年正式进入捷克市场。华为官网显示，华为在该市场2014年已实现销售收入1.26亿美元，本地采购量达到1600万美元，拥有338名员工，其中91%是本地员工。随着近年来手机业务在欧洲的扩张，华为目前在欧洲已经成长为市场排名前三的手机厂商。根据调研机构Canalys公布的数据显示，2018年第一季度欧洲市场智能手机出货量的前三名为三星、苹果和华为，华为的份额从去年一季度的10.9%上升至今年一季度的16.2%。“草率”禁售令“我们相信在捷克当前和未来的业务不会受到影响，也不希望这样无端的指责再伤害华为。”华为欧洲总裁李健在一份声明中如是表示。捷克国家网络与信息安全办公室17日针对中国民营企业产品发布“安全警示”，其中明确提到华为与中兴两家公司，并呼吁当地电信企业避免使用这两家公司的产品。李健表示，“捷克共和国安全委员会今天讨论了捷克国家网络和信息安全办公室（NKIB）早些时候发表的声明，并认识到办公室独立于政府发出的警告并非基于技术评估。华为很高兴听到捷克共和国希望对所有合法的外国投资保持开放，并且没有任何竞标者在没有充分理由的情况下，在信息通信技术领域的任何招标中都不应该为国家的关键基础设施而处于不利地位。华为认为，任何基于公司原产地的歧视都应在捷克共和国进行纠正。“根据捷克政府办公室今天的声明，我们坚信与捷克共和国现有和潜在客户，合作伙伴的任何业务合作都不会受到影响。我们的全球声誉，业务和投资不应再被这种毫无根据的指责所破坏。在过去的30年里，华为通过与全球170多个国家的客户合作，保持了良好的安全记录。在当今的数字环境中，网络安全比以往任何时候都更加重要，我们了解政府的网络安全挑战。作为全球领先的ICT公司，华为建立了可审计、可持续、可信赖的网络安全保障体系。我们愿意与捷克政府和行业合作，共同应对网络安全挑战。网络安全一直是我们的首要任务。“李健说。第一财经记者在捷克国家安全委员会提出的声明中看到，该机构认为，捷克总理对华为手机的禁令是草率的，NKIB是独立于政府的机构，结论不是基于技术评估，无权评估其他国家的国际政治局势或法律和政治环境。该声明强调，捷克对所有合法外国投资保持开放，并将继续为其提供有利环境。不久前，华为轮值董事长胡厚崑在一场采访中表示，华为将投入20亿美元，用五年的时间来全方位提升软件工程能力，使得产品能够更好地面向未来更复杂的网络安全环境。他表示，对于任何的担忧最好的方式就是“让事实来说话”，华为过去三十年里没有发生过严重的网络事故、没有网络安全隐患、没有任何证据证明华为在做有损于任何国家安全的事情。华为会通过积极主动沟通和开放的合作让越来越多的人认识到这一点。同时，胡厚崑表示，华为目前已经获得了全球25个5G商用合同，5G商用合同数位列全球第一。手机业务进入欧洲前三欧洲一直被华为认为是打开中高端品牌手机市场的“一扇大门”，在华为消费者业务中的重要性不言而喻。为了做好欧洲市场，华为在手机品牌的重塑上将近用了七八年的时间。“因为不做ODM，地区部的收入第一年直线下滑60%，后面是长达四年的渠道和运营商信心修复，现在华为算是走出了一条路。”在不久前的一次采访中，华为西欧地区部总裁彭博对第一财经记者表示，当2012年决定从ODM转向做B2C的手机品牌业务时，华为消费者BG西欧地区的收入下滑60%，只有原来规模的35%到40%不到。据记者了解，当时华为在欧洲拥有的15家定制机客户中14家都选择了停止合作，只剩下了沃达丰愿意尝试合作。这样的局面也让刚刚接盘终端业务的余承东饱受争议，以至于关于他下课的传闻，每隔半年就会有一次。“除了本身to B基因的问题，外界的另一个质疑来自于华为如何把人才平均投入到这么多差异化的行业中。此外，还有对于渠道和伙伴之间的这种游戏规则的认知，普通消费者的认知，我在欧洲十年，前七年过海关的时候，对方都不怎么知道华为，这是最难的地方。”彭博说。Counterpoint研究总监闫占孟则表示，欧洲市场对于品牌的认可度非常高，消费者对于价格的敏感度并不是很高。三星和苹果在欧洲，尤其是更加固化的西欧市场有十分坚固的用户基础以及国内厂商难以比拟的品牌知名度，其建立起来的竞争壁垒在短时间内依旧难以被超越。这是国产手机进入欧洲市场最大的困难，品牌力的打造需要时间沉淀。为了产品更加符合本地化的特点，华为几年前开始设置“欧洲产品中心”，由当地所在国家的市场和渠道人员针对本土消费者的习惯、风俗和喜好进行调整。与其他厂商相比，“产品中心”的方式既可兼顾品牌传播的调性一致，同时也考虑到不同国家的文化和消费者差异，更为灵活。比如，国内卖的比较好的金色在欧洲就不太好卖，对黑色的接受程度更高。此外，华为在欧洲投入了大量的团队人员精力在户外广告以及新媒体的传播上。彭博表示无论是营销还是本地合作，一直是朝高端市场的目标来规范华为的经营活动。他透露，以西欧为例，地区收入同比2015年翻了四倍，其中高端手机产品收入占比过半。调研机构GFK显示，2018年第三季度西欧市场智能手机出货量排名中，华为的份额从去年一季度的11.7%上升至今年三季度的19%。但从手机平均售价来看，苹果在西欧的均价为788美元，仍高于国产品牌在西欧的平均售价，在欧洲市场中，苹果以及三星的品牌和份额依然处于强势地位。有不愿透露姓名的分析师对记者表示，如果发生所谓“禁售”事件，无疑会对华为在高端市场的冲击造成一定影响，但长期来看，华为在5G上的先发优势较为明显，明年智能手机的全球销量将会冲击2.5亿台，而苹果受专利官司影响，尚未公布有关5G手机的任何计划。", "author": "第一财经", "newsdate": "发布时间：18-12-23", "newstime": "17:09"}, {"title": "再下一城！华为5G订单全球增至26个，没有辜负众望！", "content": "再下一城！华为5G订单全球增至26个，没有辜负众望！华为作为国内最大的民营科技企业，可以说一路走来是非常不容易的，华为从一个小企业做到世界500强企业，这其中的艰辛估计也只有华为人才知道，我们常说付出就会有回报，这在华为的身上也是一样的，华为很早之前就开始布局芯片产业，现在华为自主研发的海思麒麟处理器芯片已经成为了华为手机的一张王牌，前不久，华为还发布了最新的麒麟980处理器，这一款处理器的性能直接媲美高通骁龙845处理器，不得不说华为在芯片领域已经走在了很多国产手机的前列！华为不仅在手机领域做的非常出色，而且华为作为国内最大的移动通信领域的科技巨头，其在很早之前就开始布局5G网络了，并且在5G网络建设方面华为已经取得了很多专利积累，此前华为还在美国与高通展开了关于国际5G通用标准的争夺战，尽管说最后华为败下阵来，但是华为的5G网络技术在国际上也很快被人所认知，这为华为在5G网络技术方面的发展打好了坚实的基础！尽管华为在发展国际5G网络技术方面遇到了很多的困难，但是华为一路披荆斩棘，在国际舞台上克服了很多的困恼，最终也取得了不错的成绩，根据华为最新的一份声明显示，目前华为在国际5G市场中已经和50多个国家展开了密切联系，并且还收获了25个订单，这无疑是对那些质疑华为有安全问题的国家的一种最好的回击！看到华为的这一份声明还是非常让人感到暖心的事情，最近华为5G市场慢慢回暖，再下一城；国际市场再次传来了好消息，意大利方面送来橄榄枝，将会和华为继续开展5G网络订单合作，这也就意味着华为5G订单全球增至26个，这一次华为没有辜负众望！还是挺值得我们骄傲的！最近韩国的一些运营商也公开表示，在和华为进行5G合作期间并没有存在过安全问题，事实证明华为的5G网络技术是一点问题都没有的，相信华为在5G网络建设方面一定会取得更好的成绩！", "author": "疯狂的菠萝", "newsdate": "发布时间：18-12-23", "newstime": "15:47"}, {"title": "华为正式展开“反击”，赔偿费高达8千万，网友：会赢的！", "content": "最近在科技圈的新闻就属华为最多了，华为在国外遭受到不公平待遇也是非常的多，对于华为这个公司来看，很多人都非常的赞叹和赞扬，国内外都有业务，而且是一家民营企业，重要的是华为的实力在国内外都占据很强的地位，华为的强势也是代表了我们国家的强势，这一家公司的发展历程我们都看在眼里，所以华为在外所遭受到的不公平待遇也是让大家着急！前段时间，华为也是遭受到了很多国家“不公平”的待遇，最初是美国开始以国家安全的理由，禁止华为集团参与美国地区的5g网络建设，再后来就有几个国家开始“跟风”，也是让华为措手不及，日本和韩国等国家纷纷宣布对华为集团采取禁用的措施。华为也是非常的为难，因为华为的技术实力是有目共睹的，哪个国家都有看在眼里，但是禁止的消息还是不断传出，国人也是非常气愤和恼怒，毕竟华为在外受到了不公平的待遇，身为中国的华人怎么能不生气呢？华为也不是吃素的，在世界地位也是非常的强大，华为也是正式开展了“反击”，根据外国媒体的报道，在前段时间，华为集团已经起诉了美国的第四大电信运营商，这一公司在拒绝与华为集团达成相关的专利授权的情况下，仍在使用来自华为集团的4G相关专利，重要的是华为这一次也要求这家公司赔偿专利费用超过8000万元人民币！这个价格对于谁来说都是难以接受的，华为的“反击”国内也是非常的看好，国人也是非常的支持，还有国内的企业支持华为然后选择让员工优先使用华为的手机！同时，国内很多网友表示，华为这一次的“反击”，大家都会支持，并且认为华为会越战越勇，在未来的一段时间里面，华为一定会做出非常优异的成绩，同时华为这次对于美国的第四大运营商起诉应该也会得到支持，网友：会赢的！华为的要求合情合理，所以我们华为应该会胜诉，大家怎么看？", "author": "灵儿说科技", "newsdate": "发布时间：18-12-23", "newstime": "23:32"}, {"title": "干得漂亮！拿下全球25个订单，又一国家力挺华为5G！", "content": "年关将至，多个城市即将进入明年的5G试运行阶段，此前，重庆移动已经宣布完成了某试点区域内的5G网络覆盖。运营商们在积极准备，各手机厂商也同样宣布了各种关于5G的消息，其中在这方面技术最为成熟的厂商，当属华为，不过严格来讲，华为并单纯是手机厂商，主业务是通讯技术。日前，华为针对之前媒体的相关报道，正式做出官方回应。目前华为在德国的业务一切正常，并且积极参与了法国各运营商的5G建设，在日本，华为同样积极参与运营商的5G标书答复和实验局测试，新西兰政府虽对运营商提交的5G方案有不同意见，但监管流程尚未走完，客户均表示与华为合作不变。同时，华为也表示自身在5G技术和商用上，均处于业界领先地位，尽管遇到了较大的外部压力和困难，仍取得了不错的成就。截至目前，华为已经拿下了全球25个5G订单，并与千秋50多个商业伙伴签署了合作协议，5G基站出货量也已经破万。此消息一出，让不少网友瞬间安心，并且纷纷表示：华为干得漂亮！在此之前华为被多国“围剿”的传言不攻自破，并且根据《环球时报》相关消息，又一国家力挺华为，这个国家就是印度。起初印度并未邀请华为和中兴，但随后遭到了华为的抗议，当地行业组织印度电信运营商协会也公开力挺华为，随后印度政府软化态度，向华为发出5G测试邀请，同时受邀的还有诺基亚、爱立信和三星等企业。目前，华为已经与多个国家达成合作，虽然美国等国家拒绝了跟华为的合作，将其拒之门外，但依然阻挡不住华为猛烈的发展势头，华为的25份5G商业合同，在全球居首。笔者认为，美国等国家拒绝与华为的合作，是其巨大的损失，因为在技术层面，华为有着绝对的优势。不仅在通讯技术上，手机业务也有巨大的提升，此前，华为表示，今年营收总额预计将破千亿美元，销量也已经超过苹果，下一个目标就是三星。经过多年坚持不懈的研发，华为已经日渐强大，同时，在全球市场中也已经站稳了脚跟，未来华为的成就不可估量，你看好华为吗？", "author": "小伟科技杂谈", "newsdate": "发布时间：18-12-23", "newstime": "10:53"}, {"title": "苹果手机明明很好用，为什么越来越多人却开始选华为？", "content": "苹果手机从进入中国市场以来，备受消费者推崇，不少消费者为了买一款iPhone省吃俭用好几个月，更有偏激的消费者为了买苹果手机去卖肾或者抢劫。可见苹果手机的影响力和实力非比寻常，但是近年来，消费者对iPhone的依赖性逐渐降低，很多消费者都选择了国产高端机，例如华为。苹果手机明明很好用，那为什么会有越来越多的人选择华为手机？笔者分析有以下几点原因，首先是苹果自身的问题。近年来，iPhone价格一路飙升，但品牌影响力让多数消费者都接受了苹果的品牌溢价，直到今年的新款iPhone上市，售价太高导致销量下滑严重。因此，苹果公司也遭受了不小的损失，短时间内市值缩水严重。同时，苹果手机近年来缺乏创新，虽然性能方面有不小提升，但其他功能、外观方面都没有很大改变，相比国产手机的各种尝试，一年一出的iPhone在设计上并不能满足消费者日益增长的需求。其次，华为的崛起让旗下高端旗舰在性能和流畅度上有了很大提升，例如今年的华为Mate20 Pro，这款手机搭载麒麟980处理器，性能强悍，流畅性不输苹果。同时，后置4000万徕卡三摄，有超广角和超微距等功能的加持，拍照方面吊打iPhone新机，再一次屠榜DxOMarK。而且，4200毫安的电池容量，40W超级快充加反向无线充电，让华为Mate20 Pro在续航上几乎强过所有国产旗舰，包括苹果和三星。此外，3D人脸识别和屏下指纹技术，让华为旗舰功能多样化，反观苹果手机的功能就略显单调。当然，不只是因为旗舰机性能质量的提升，华为自身的强大也获得了国内外消费者的普遍认可。例如5G技术的研发，目前全球市场上，华为已经获得了25个5G订单，有几个国家将华为拒之门外，也可以理解为华为的强大给他们造成了不小的压力。同时，国内消费者因为5G开始自发支持华为，购买华为旗下的电子产品，还有很多消费者，虽然没有购买华为的产品，但仍支持华为。得民心者得天下，华为已经获得了多数消费者的认可，再有核心技术的研发和产品的优化，即使iPhone不卖这么贵，也会有不少消费者选择华为，你认为呢？", "author": "小伟科技杂谈", "newsdate": "发布时间：18-12-23", "newstime": "10:49"}, {"title": "华为再传捷报，新5G订单高达170亿，欧洲四家运营商“投怀送抱”", "content": "日前，华为刚发布了关于5G方面的回应，表示已经在全球范围内拿到了25个5G订单，目前出售的5G通信基站已经超过10000座，而国内三大运营商也纷纷表态支持华为。华为还表示，得以企业服务以及消费者业务的快速发展，华为今年的营收有可能超过1000亿美元。然而没有想到的是，华为再度传出捷报。近日，英国运营商O2确定将继续采用华为的5G设备进行测试，预计将会在2019年第一季度进行5G的预商用。最主要的是，英国的另外三家运营商都相继与华为签订合作框架协议，将会投入20亿英镑采购华为5G设备，折合170亿人民币。其实，在早之前，因为美国的缘故，英国已经宣布将华为剔除5G设备供应商的名单，但英国的网络在前一段时间突然瘫痪，而其设备供应商就是爱立信，但意外的是，英国并没有寻求爱立信的帮助，而让华为帮助解决该问题，同时，英国方面还表态，将会与华为进行协商关于5G设备的问题。如今才没有过去几天，英国已经多家运营商相继宣布与华为合作，达成的合作协议金额超过170亿元。这让美国这个老大哥儿就不爽了，因为其多次表示华为的5G设备可能存在信息安全，还要求自己的盟国不要采用华为的5G设备，而英国作为美国的铁杆“兄弟”，目前已经有四家电信运营商宣布继续与华为合作，三家还达成合作框架协议。也就是说，这次华为拿下的国家，一次有就有四家欧洲电信运营商投入华为怀抱。目前，华为已经在欧洲拿下10个5G订单。其实，美国以安全问题阻止华为，实际上还是保证美国在5G方面的优势，毕竟在5G领域内，华为已经全球申请5G专利最多的电信设备运营商，也是全球最大的电信设备运营商，仅在2017年就投入研发费用超900亿，是全球第六，在电信行业中是第一。而且，美国还以安全为由阻止华为手机进入美国市场，要求美国运营商不能与华为合作，这实际上都在保证自己的国家的利益，担心华为在5G等领域内超越美国企业，否则美国也不会阻止博通收购高通。而所谓的安全问题也是子虚乌有的，因为德国方面已经表示，没有证明表明华为设备不安全或者说其它电信企业提供的设备更安全。反而，事实证明，华为在电信领域内具有权威性，所以应该在网络瘫痪后不是请爱立信，反而求助于华为，在全球范围内，更是拿下了26个5G订单。另外，全球运营商都愿意与华为合作，采用华为5G设备，说明华为过硬的技术外，而任正非也表示，华为要做到让其他企业拒绝不了，要想实现这一点，就必须用超强的技术实力。另外，华为设备还物美价廉之称，相对于爱立信、诺基亚等报价，华为价格更有优势，因为华为专利多，这就大大降低了成本。之前华为方面就表示，如果美国电信企业采用华为的5G设备，其最少可以省掉200亿美元，但美国多家电信企业都因美国政府的阻扰而不能与华为，这就意味着其将掏更多的钱去组建5G网络。另外，日本、澳大利亚以及加拿大等多个国家的电信企业表示，不再5G上与华为合作，甚至替换华为提供的4G设备，要知道，5G不是吸金石，更不是4G替代品，可以说5G投入大，回本周期长，如果再采用更贵的5G设备，未来可想而知。对于华为你们怎么看，欢迎留言探讨。", "author": "小萝卜科技", "newsdate": "发布时间：18-12-23", "newstime": "13:23"}]