[{"title": "华为传来喜报，该国运营商将全面采用华为5G设备，美国该不淡定了", "content": "2019年是5G时代发展的重要时期，全球很多国家都想参与到这场网络变革的浪潮，纷纷建立自己的5G网络。而华为作为5G网络的领头羊，掌握大量5G核心技术与专利，在华为的帮助下，如今有50多个国家和地区开始了自身的5G建设，这也意味着华为顺利签下50个5G订单。最近华为传来最新消息，菲律宾与华为正式合作，也给华为送来了80亿的订单，而菲律宾也将会是东南亚第一个使用5G网路的国家。并且，韩国LG+运营商已经正式实现5G商用化，作为核心供应商的华为自然是功不可没。尽管华为5G在全球范围内都取得不错的成绩，但是却偏偏与美国市场无缘，不仅如此，华为还受到美国方面的层层阻挠。并且美国方面明令禁止华为，在经济全球化的今天，美国此举对于美国企业还有中国企业来说，都是沉重的打击。从公布的数据来看，禁止华为对于美国本土企业造成的影响更加明显，美国企业镁光断供华为一个月就损失13亿，在无法继续承受断供华为带来的损失之后，一场倒戈华为的闹剧不断上演！最终，在多家企业的努力下，美国方面终于松口，现在美国已经宣布解禁华为，而多家企业也将继续为华为供应科技产品。尽管此事对华为造成重大经济损失，但是华为未雨绸缪，早在多年前就开始着手备胎系统和芯片。美方打压华为的计划注定失败，并且也华为传来喜报，这份喜报来自俄罗斯市场！根据外国媒体报道，中国国产手机在俄罗斯占有45%的市场份额，而华为成为市场翘楚，以28.5%的市场占比遥遥领先，成为俄罗斯市场最大的赢家。中国与俄罗斯一向交好，而俄罗斯在5G的立场上也是最终选择“站队”华为，同时送上5G大单。在华为遭遇困境的时候，俄罗斯送上橄榄枝，这无疑是雪中送炭。俄罗斯第一大移动运营商MTS与华为达成合作，除此之外，俄罗斯另外一个电信巨头维佩尔通讯企业表示，如今华为设备在莫斯科网络设备比重大约为85%，未来将100%改用华为5G设备，这项计划预计于9月份完成。从这里不难看出，华为之所以能得到俄罗斯电信运营商的支持，很大程度上来自源于华为5G设备在技术方面处于领先，并且相对于爱立信、诺基亚，华为5G设备成本更低。这个时候美方应该不淡定了，除开俄罗斯选择了华为5G，就连自己信赖的欧洲盟友，英国、德国、法国等也相继采用华为的5G设备，并且多家美国企业要求恢复与华为的合作关系。美国原本以为，打压华为肯定能阻止中国科技发展的步伐，殊不知这场“打压”行动以闹剧收尾，不仅没有对华为造成实质性的“打压”，反而是帮华为打了一次免费的广告。", "author": "小曼谈大国科技", "newsdate": "发布时间：19-07-02", "newstime": "10:40"}, {"title": "美国松口后，华为却已有更多选择！美企坐立不安开始行动？", "content": "最近几天，在禁令解除后，多家美企被允许可以重新华为出售部分商品和技术。但据日经亚洲评论7月2日报道，尽管美国供应商们“回心转意”了，但华为依旧在加快实施减少对美采购零部件的相关计划。据悉，在此次美国表态之后，反而刺激了华为的亚洲供应商们股价大幅上涨。比如，显示驱动器集成电路供应商Novatek和中国金属外壳供应商长盈精密技术的估计均跃升了约10%；华为移动处理器的主要生产商台积电股价上涨近4%，就连作为华为重要图像传感器供应商的日本索尼也上涨超过了2%。有消息人士称，华为已经要求其采购团队对美国供应商以外的新供应商们进行认证，与此同时也加快了对芯片和技术的开发，以取代美企的供应地位。可见，尽管美企的态度出现回暖，但华为更重视自主开发和其他供应商。这也意味着亚洲供应商们的机会来了，很有可能会因此受益。面对华为的“冷淡”，美企们内心也十分焦急。据俄媒7月2日报道，美国方面近期称华为有很大机会能取得新牌照，容许获得美企供应的零部件。就在这之前，其实已经有部分美企按捺不住，对华为恢复供应长达半个多月了。随后，包括英特尔、微软等科技巨头都承诺会加入到恢复供应的行列中。一时间，多家美企都对华为重拾热情。但今时不同往日，如今的华为已经有了更多的供应选择，美企已经失去了对其的绝对优势。", "author": "金十数据", "newsdate": "发布时间：19-07-02", "newstime": "12:32"}, {"title": "华为被封杀十多天！这位“中国天才”震惊了全世界！", "content": "少年强，则中国强!就在大家都关注华为被封杀事件时，一件改变世界的大事悄然发生，困扰全世界107年的难题被解决了。解决这一难题的人，是一位来自中国的“天才少年”，他因此荣登世界顶级科学期刊《自然》，2018年度十大科学家之首！如今，数百位世界级科学家，正试图拓展他的科研成果。一旦成果落地，将为世界能源行业，节省数千亿美元资金。这个中国人的科研成果震惊全世界，更震撼的是，他还是登上《Nature》最年轻的中国人！只有23岁！他，叫做曹原。1996年，他出生于四川成都，3岁时一家人迁往深圳。他自幼就十分聪明，读小学时，往往老师刚说出题目，他就能喊出答案。他还特别喜欢捣鼓电子产品，经常跑去深圳的电子市场，然后买上一大堆电子原件回家，拆了装，装了拆的去研究电子线路。他特别热衷的就是科技类课外书，一本《科学探索者》，他就前后后翻了好几遍。2007年9月，他顺利考上，以“超常教育”闻名的深圳耀华实验学校。在这里，他更加“放飞自我”：课桌、椅子、黑板，都没能逃过他的“毒手”，甚至连老师的讲台都给他拆了；而在课堂上经常踊跃发言的他，提出的一些问题，竟然有时让老师都难以回答。他在学校搞个实验室，还在家里弄个实验室，当时做实验所需的硝酸银很贵，也很难买到，他就买来了硝酸，偷偷把妈妈的银镯子放了进去，人工“合成”了硝酸银。这些事惊动了校长，可校长却连连称赞：这孩子是个好苗子，是个天才！并当即决定送他进少年班，接受“超常教育”。而他从此更是一发不可收拾：一个月读完初一，三个月读完初二，不到半年读完初三，2009年9月，才13岁的他就考上了高中！高中学业繁忙，他仍旧鼓捣个不停，放学回家都10点了，他还要再花1个多小时的时间，捣鼓各种化学试剂，这些实验都很折腾人，又有一定的风险，但家人的支持和学校的开明，让他尽情翱翔在科学的天空。别人都是中学三年，高中三年，而他只用了两年时间，就把初中、高中的课都读完了！2010年，14岁的他参加高考，成绩公布，考出了理科669的高分！！中国科学技术大学将他抢到手，并送他进了驰名中外的、培养未来科研领域领军人物的“严济慈物理英才班”！能在这个少年班里面的哪个不是天才？都是经过激烈竞争才能夺得一席之位。群雄环绕，更有一群“可怕”的老师督促着他们。可他，却能“力压群雄，独占鳌头”！他求知若渴，经常穿梭于各大教授的办公室，一脸认真地去逐一请教，还时时提出一些刁钻古怪的问题，和教授一起去探讨。那么多的天才中，唯独他让教授们念念不忘：物理学院丁泽军教授，因教学严谨苛刻，让许多学生“闻风丧胆”，人称“丁老怪”，而偏偏，就他入了“丁老怪”的法眼，一提起他，“丁老怪”就赞赏有加：“很聪明的家伙！计算机物理课程中相关研究成果的文章，他没花多少时间，也就一个寒假就做完了！”（丁泽军教授）曾长淦教授也自豪地说：“这是在我实验室混过的娃，他还发了一篇PRB理论文章，当时就觉得这孩子太厉害了。我实验室出了很多位郭沫若奖，但他在其中还是非常特别。”“他是如此的令人放心，只要把题目交给他，他一定能做出来！甚至在某些方面，曾院长还说，自己指导不了曹原。（曾长淦教授）才气过人者往往恃才傲物，但他却非常低调沉稳，不骄不躁，勤学之余他还喜欢天文摄影，他说：“仰望星空总是能让我安静下来。”（这话好像霍金也说过，敢情天才都是如出一辙？！）浩瀚宇宙，璀璨星空，让他始终保持一种平和谨慎的心态。（曹原摄影作品）少年班那些学霸们谁都不服谁，只有提起他才会表现得十分钦佩：“真的是怪物啊！我们都觉得他可能成为下一个庄小威，这一点都不言过其实，因为他实在是太强了，就是传说级的人物。”（庄小威，从中科大少年班毕业后，成为第一位获得“麦克阿瑟天才奖”的华人科学家。）而他非但有当下的荣耀，还有更辽阔的远方。除了他个人的才华与努力，中国科大确实也为他创造了一切条件：2012年，他作为首批交流生，被中科大派去美国密歇根大学。2013年6月，他获得中科大“顶尖海外交流奖学金”，同时被牛津大学选中，受邀做两个月的科研实践。2014年，他获得中科大本科生最高荣誉奖：郭沫若奖学金。不久，导师推荐他前往麻省理工学院深造，攻读博士学位。实验期间，他总想起中学时的一件小事，当时物理实验课上，老师黄佳堂告诉他，如果谁能在常温状态下，发现一种超导材料，就可能颠覆世界。年少的他对此充满了好奇，继续追问，但老师却不知怎么回答才好，便摸着他的头说：“这是你们这一代人需要研究的问题，研究出来了，就能改变世界。”没想到老师的一句话，成了他念念不忘的“梦想”。读博四年，他一直潜心研究石墨烯的超导电性，可这项研究，在国际上还没有先例，而他之后的研究成果，成为了能改变全世界的“神操作”！我们都知道，从发电站到用户的传送过程中，能量传输是肯定会有损耗的，而且损耗量是非常巨大的。1911年，荷兰物理学家，海克·卡末林·昂内斯发现，当汞被冷却至接近0K（-273℃）时，电子可以通行无“阻”，从而将能源损耗降到最低，这个“零电阻状态”被称为“超导电性”，这也是人类第一次发现超导体的存在，昂内斯因此获得了诺贝尔奖。但悲剧的是，超导体要在，接近绝对零度（-273℃）的环境下，才能显现其近乎0损耗输电的能力，而这其中的材料，冷却成本却高得让人绝望！之后，全世界的科学家们开始了各种试验，去寻找这种“低成本超导材料”。1980年时，有人发现了铜氧化物达到超导状态的最高温度，约为133K（-140C），但是铜氧化物结构难以调整，无法实现超导机制，在超导体的研究上这只是进步了一小步。诺贝尔奖获得者Robert B. Laughlin说：物理学家们已经在黑暗（超导研究）中，徘徊了30年，试图解开铜氧化物超导的秘密 ......而今天，我们的这位中国天才少年，就成为了照亮黑暗的那盏明灯！2017年攻读博士期间，他发现了石墨烯中的非规超导电性，他推测，当叠在一起的两层石墨烯，彼此之间发生轻微偏移的时候，材料会发生剧变，有可能实现超导体性能。可当他说出自己的想法时，却遭到诸多物理学家质疑，他们认为，这不过是一个20岁的中国小孩，关于世界的美好幻想。但曹原，没有被权威质疑的声音击退，他依然坚持自己的判断，捍卫自己的梦想！为此他日夜待在实验室，克服了样品无法承受高热等，各种极端困难，在经历了一次又一次失败后，他依旧信心满满的说：“实验失败是家常便饭，心态平和地对待失败就没什么压力。”“吃一堑长一智，做的多了，慢慢有经验了，自然就攻克了。”皇天不负苦心人，终于在一次实验中，奇迹发生了！当他将两层石墨烯，旋转到特定的“魔法角度”（1.1°）叠加时，它们可以在零阻力的情况下传导电子，成为超导体！他顿时欣喜若狂，他深知，这绝对是一个改变世界的研究成果。但他仍小心谨慎，又是半年多的的反复实验后，震惊世界的石墨烯传导试验终于成功了！2018年3月5日，曹原将论文整理后，投给了世界顶级科刊《自然》。很快，一个重磅消息瞬间引爆全球，全世界学者都望尘莫及的《Nature》，竟然一天之内连续刊登了两篇，关于石墨烯超导的论文！此时距离发现超导体，已过去足足107年了，世界终于迎来了这个领域的重大突破！而两篇论文的第一作者，就是中国人，曹原！两篇论文的第一作者均为Yuan Cao（曹原）我国“量子之父”潘建伟院士，第一次在《Nature》上发表论文，是1997年，那时他27岁；我国结构生物学领军人物的施一公，第一次在《Nature》上发表论文，是在1999年，当时他32岁；而他登上《Nature》才仅仅22岁！还一次性当天就发表了两篇！拿到这篇研究成果的论文时，《Nature》等不及排版，就先行在网站上刊出，并配以第三篇文章做评述，有网友评价：《Nature》，应该为能刊发曹原团队的文章，而感到荣幸不已，甚至都已迫不及待了！中国网友们都炸锅了激动地不仅是中国人，一位哥伦比亚大学教授惊呼：“曹原为我们打开了新世界的大门，我们能做的太多了！”就在曹原发表论文之后，短短9个月，石墨烯的初步商业化已经开启。以手机为例，一旦安装石墨烯电池，手机的充电时间，将被缩短为16分钟。可以说，他的发现，将带动电子消费品飞速发展，未来在能源行业，能为全球省下数千亿资金！与此同时，无数大学和科研机构，纷纷向他伸出橄榄枝，甚至愿意聘请年仅22岁的他为教授。然而曹原做了什么呢？他在论文轰动世界后，第一时间回到母校中国科技大学！这份来之不易的殊荣，他选择和导师同学一起庆祝！因为此时距离1978年3月8日，中国科学技术大学少年班成立，刚好40周年，这个轰动全球的研究成果，恰巧成了他回馈给少年班40周年，最重磅的厚礼！而面对全世界的赞誉和邀请，他只说了一句简单的话：“我是一个中国人，我学成以后要回到中国的。”英雄出少年，作为一个中国人，他延续了华夏英才的优秀，也扛起了中华民族的荣耀，他已是传奇！曾经很多人说中国没有核心技术，没有科研实力，今天曹原就用实力，狠狠打了这些人一巴掌！并且过去几十年间，越来越多的中国科学家涌现出来，向世界证明了中国的科研实力。单说中国科大少年班40年间，输出的卓越人才不胜枚举：81级骆利群，38岁就出任，美国斯坦福大学正教授，并当选美国科学院院士；82级卢征天，旅美时，获美国青年科学家总统奖，现任中国科大千人计划教授；85级杜江峰，中科院院士，现任中国科大物理学院执行院长、教授；87级庄小威，34岁便成为，哈佛大学化学与化学生物系、物理系双聘正教授，是美国科学院最年轻的华人院士；98级陈宇翱，80后的中国科大教授，获欧洲物理学会“菲涅尔奖”......正是一批批科研人前赴后继的努力，成就今天强大的祖国！而曹原，毫无疑问是年轻一代中，最为出色的代表。今天站在世界科技的巅峰的他，并不满足于眼下，他说：“更好的消息还在后面，希望将更多的时间，用来为中国科技创造更多的奇迹。”少年强，则中国强，中国培养出的这些好少年，也预示了中国未来的强盛之路！科学无国界，但科学家有祖国，我们期待，将有越来越多的“曹原”出现，愿他们都不辜负祖国的培养，为中国未来的科技强盛贡献力量。今天就让我们一起：为曹原，点赞！为祖国，祝福！转载自百度文库，版权原作者所有，如有侵权请告知。", "author": "齐鲁壹点", "newsdate": "发布时间：19-07-02", "newstime": "16:16"}, {"title": "如果给你一台华为和苹果最好的全面屏手机，你会选择哪一台？", "content": "iPhoneXS maxiPhone XS Max的外观设计其实并不算丑，只是刘海屏稍显突兀，我要说的是，即将到来的新一代iPhone 可能外观颜值会更加不堪。对比之下，iPhone XS Max的颜值还算是比较高的了。iPhone XS Max搭载的处理器是A12处理器，这款处理器的亮点在于仿生，结合出色的系统，它的性能自然非常出色，流畅度也是非常高的，即便用个3、5年也能依旧流畅。iPhone XS/XS Max的拍摄效果依旧是当下智能手机市场中领先的，iPhone XS Max依旧采用了后置双摄的配置，但针对之前那枚1200万像素、f/1.8光圈的广角镜头进行了一次升级，单位像素面积从1.22um提升到了1.4um，这让iPhone XS系列手机对于光线的感应会更为敏感。再配合A12即成的图像信息处理系统和神经引擎，可以通过拍摄多张照片并进行合成的方式，来获得一张宽容度和色彩都更为理想的成片。外观上6.5寸的刘海全面屏+玻璃机身设计，并且支持Face ID的面部解锁，在屏占比与实用性方面取得了不错的均衡，硬件上搭载苹果A12处理器，运行封闭性的IOS系统，后置1200万AI双摄，性能、流畅度、拍照同样是行业顶级水平，此外iPhoneXS Max还支持IP68级别的防水，品控同样有不俗表现。可以说iPhone XS Max是一部会让人感到没有任何缺憾的手机，大家还是要明白，即使它是历史上最贵的iPhone，它也衬得起这样的身价，毕竟贵不是它的错。华为P30 pro谈及P30系列用户口碑表现，华为消费者业务手机产品线总裁何刚表示，华为P30系列上市后好评如潮，用户好评关键词主要体现在：拍照好、续航长、充电快、系统流畅等多个方面。诸如“华为拍照真的很优秀”“40分钟就95%了”“系统非常流畅”等等成为很多用户对P30系列的直接印象。华为P30 Pro屏幕分辨率为2340x1080像素，一共有5颗摄像头，前置摄像头为3200万像素，搭配的是CMOS传感器，再加上AI智慧美颜，自拍功能强大。后置摄像头采用了4000万像素超感光主摄像头+2000万像素超广角镜头+800万大像素潜望式长焦镜头，此外还有一枚ToF镜头，一起组成了超感光徕卡四摄。华为P30 Pro为高端旗舰机注入了一股情理之中又意料之外的惊喜，情理之中是依然时尚的外观，而且这拍照方面我们能想到会比去年的华为P20 Pro更加强悍，比如更强的夜拍实力，但是华为P30 Pro远超笔者的预期，不仅夜拍大幅度增强，还带来了强悍的10倍混合变焦实力，以及超广角等等全新玩法，华为P30 Pro作为现如今地表最强旗舰手机的确名副其实。别看华为P30 Pro的销量远不如iPhone XS Max，它对比iPhone XS Max来说，也是有众多压倒式优势的，这和华为的努力是密不可分的。或许在未来的某一天，华为真有可能在全方位上超越iPhone。成为世界第一的手机品牌。以上几点可以说是证据，没有人反驳吧！不是没有可能，只是时间问题。就像苹果能把诺基亚打败一样。华为也同样有可能击败苹果，大家说对吗？总的来说，如果你对于拍照有要求，那么华为P30 pro肯定是你的不二选择，如果你看中苹果屏幕、处理器和IOS系统上的优势，并且不介意它续航和充电短板，那么iPhone XS MAX更适合你，那么大家在这两款手机中你们更喜欢谁呢？", "author": "火科技", "newsdate": "发布时间：19-07-02", "newstime": "16:39"}, {"title": "川普表态后，华为作出回应！再得一个5G订单？", "content": "摘要：美国对华为的态度有所软化，特朗普也已经“松口”，对于是否可以重新使用安卓系统，华为在近日做出了回应。而在美国犹豫不决的时候，华为又拿下一个5G订单！|华为回应【中油网】讯：特朗普在6月29日表示，美国卖给华为的产品“数量巨大”，美国企业对无法把产品卖出去“感到相当不满”。这些美国公司很伟大，会带动就业，所以允许美国企业继续向华为供货。不过，虽然特朗普对华为的态度有所改变，但美国国内大党派却为此产生了分歧，有人将特朗普的这一决定称之为“灾难性的错误”、“大赦”。对此，特朗普也发推文表示，“只会对华为解禁不影响国家安全的产品”。对于美国方面的态度，据路透社7月2日报道，华为表示，对于是否能够在接下来推出的智能手机上恢复使用谷歌安卓系统的，该公司还在等待美国商务部的指示。“我们已经获悉特朗普总统上周末有关华为的言论，我们将等待美国商务部的指示，就此事目前没有进一步的补充。”华为风险管理及合作伙伴关系部门副总裁蒂姆·丹克斯说。|华为再下一城！然而就在美国犹豫要不要恢复华为的安卓使用权限时，华为又拿下一个5G订单。据俄罗斯媒体报道，华为与俄罗斯在近日签订协议，或在明年帮助俄罗斯研发5G网络。该协议包括：5G技术的发展、以及2019年至2020年第五代网络的试运行。在华为俄罗斯官网的声明中，华为董事会副主席兼轮值主席郭平称他对“在5G等具有战略重要性的领域“达成协议“非常满意”。俄罗斯电信巨头维佩尔通讯企业也表示，目前，华为的5G设备在莫斯科的电信网络设备中占比已经达到85%，未来他们将计划让华为的5G设备占比达到100%。也就是说，俄罗斯在未来的5G建设中，将全部采用华为设备。俄罗斯对华为的支持，可以说是不遗余力。不仅如此，华为手机在俄罗斯手机市场上的占比也很重。据悉，目前中国手机在俄罗斯手机市场上的占比超过了45%，而华为手机就占据了28.5%的市场份额，成为在俄罗斯最受欢迎的手机品牌。|华为5G订单全球第一目前，华为的5G订单数量是全球最多的。华为常务董事丁耘在6月底曾表示，华为在全球范围内已经获得了50份5G商用合同，5G设备的发货量超过了15万套。全球有2/3的已发布5G商用网络都是华为部署的。而华为的竞争对手——诺基亚，5G订单数还维持在6月初的数据，42个。此外，在中油网文章《最新5G订单数量排名：诺基亚42个，中兴25个！华为呢?》有提到，华为的5G标准必要专利是最多的。据德国专利公司IPlytics的数据，华为的5G标准必要专利数量为2160个，是唯一一家超过2000个关口的企业。增量也是最大的，相比于4月份增加了606个。在获得这么多的订单以及专利后，华为还在努力。华为5G产品线总裁称，预计今年在5G上的研发投资会超过100亿元人民币。想必这也是华为能够成功的原因。(版权说明：本文由中油网-L编辑，转载前请获得授权，转载后请标明出处)如果喜欢小编的文章，可以添加上方关注。希望大家在阅读后踊跃评论和点赞，也可分享给身边的朋友，以示对我们的支持！", "author": "中油网", "newsdate": "发布时间：19-07-02", "newstime": "12:10"}, {"title": "日媒把华为最新款手机拆了，发现一组惊人的数据！", "content": "日媒《日本经济新闻》6月27日发表一篇名为《解剖华为P30 Pro》的报道，称华为公司智能手机在全球销量中排名第二。在其最新机型P30 Pro手机当中，美国制造商的零件占比仅为16%（以价格计）。依据日媒统计的P30 Pro的零部件成本数据，一台P30 Pro手机当中，来自美国的零件为15个，总价值为59.36美元，占总价的比例为16.3%;来自中国大陆的零件为80个，总价值为138.61美元，占比为38.1%;来自日本的零件为869个，总价值为83.71美元，占比为23.0%;来自中国台湾地区的零件为83个，总价值为28.85美元，占比为7.9%;来自韩国零件为562个，总价值为28美元，占比为7.7%。文章中还列出了这些零件来源的中外企业排名，列表显示中国京东方科技集团、海思半导体分别占据前10名的第1、和第3位;美国的美光科技、Skyworks位列第2位和第9位;韩国三星电子位列第4位;日本索尼位列第6位。对于各个企业主要零件的功能，文章中也详细地给出了介绍。有机EL显示器。该零件由中国京东方科技集团制造。显示器使用有机物发光二极管作为像素，由于像素自身发光，所以不需要背光，并且可以使手机更加轻薄。此外，还有便于使用在曲面屏设备上以及可弯曲加工中的优点。DRAM。该零件由美国的美光科技制造。该零件是电子设备中处理数据记忆的半导体存储器。在执行应用程序、操作系统等程序时临时存储信息。由于输入、输出数据的能力强，可以用于频繁读取数据的临时存储。应用程序处理器。该零件由中国海思半导体公司制造。该零件相当于智能手机的“心脏”，负责运行操作系统以及应用程序。NAND型闪存。该零件的制造商是韩国三星电子，是即使在没有电源的情况下也能保存数据的半导体零件，可以用于记录照片，保存应用程序等。由于其电路简单所以容易提高集成度。摄像镜头。该零件由日本索尼制造。将广角、望远等不同功能配置到一台智能手机当中。可以利用人工智能(AI)进行各种图像处理。锂离子电池。该零件由香港宁德新能源科技有限公司制造。该零件可以作为智能手机供电。即使连续进行充电，其充放电的容量也不会轻易恶化。此外，天线共用器由TDK、太阳诱电、京瓷等日本公司制造。电子罗盘则由日本旭化成公司制造。文章指出，因为美国政府此前禁止华为使用来源地为美国的手机零件，若因此导致华为产量下降，与其相关的日本、韩国、中国台湾企业也将受到影响。文章表示，智能手机零部件中不可缺少的稀有金属，特别是稀土，中国占据了世界产量的八成。用于显示器的铟，其产量的四成也被中国占据。锂离子电池正极材料中不可缺少的钴，中国在精炼方面是世界第一。文章总结称，在智能手机的原材料方面，中国的存在感尤为突出。", "author": "闪电新闻", "newsdate": "发布时间：19-07-02", "newstime": "10:47"}, {"title": "华为新架构完胜骁龙，ARM：拒绝华为只是误会", "content": "华为新架构完胜骁龙，ARM：拒绝华为只是误会手机是我们现在必不可少的科技产品，几乎成年人中，人手一个，所以这是一个很大的商机，因此很多商业大佬都有发展此行业的愿望。华为手机作为国产手机第一品牌，面临的竞争也是巨大的，因为很多手机厂商都把你当成假想敌，尤其是在华为的5G领先其他国家两到三年之后，美国就认为具有“安全威胁”，因此华为禁令也持续了这么久，好在如今川普已经松口，解除了部分限制。处于战斗中的华为成为我们的荣耀，但是“官大生非，树大招风”，近来有报道说华为的最大构架供应商ARM停止向华为供应，这是真事还是谣传？首先，ARM老总孙正义在新变局高峰论坛上给出了正面的回应，拒绝华为只是误会，他说他还是在报纸上得到的这个消息，而且他也不参与日常的管理，日常的管理都是ARM公司自主进行的，也不可能下达命令，使其不与华为合作，当他看到这个消息的时候也吓了一大跳。其次，孙正义表示，是因为美国的有关规定，限制了ARM与华为的合作，美国规定，生产资料中超过25%的部分如果是来自美国的产品，就不可以供给华为公司，其实这25%的生产资料到底是什么？并不明确，由此可知美国就是想阻碍华为公司的发展规划，所以ARM与华为公司终止合作也是迫不得已。其实说实话华为有能力不依靠ARM，华为不仅已经永久买断了V8的架构权，而且最近发布的一款麒麟810芯片也让行业震动，华为这一次采用了全新的NPU架构，被华为称为达芬奇NPU，该架构让AI性能大幅度提升，完胜高通骁龙，比如最好的骁龙855在AI跑分上只有26000+，而华为麒麟810达到了32000+，足足领先了6000分+，美国的再三阻止只能是短暂对华为造成影响，华为是有实力和技术自主研发芯片，并且可以自主研发构架。现在华为的实力是不容小觑的，是国家骄傲的民族企业，华为的发展速度是非常惊人的。美国是害怕华为全面占领5G市场，到时候他们没有竞争力，所以想一切的办法阻止，但是华为是很有实力的，并不能对华为的发展造成什么大的影响，华为的达芬奇构架已经完全超越了高通骁龙，在中端芯片的对比中也遥遥领先，所以华为有实力不依靠ARM，这并不是什么大话。前些年国内的手机市场都是苹果三星最火热，近几年华为的市场迅速升温，其实说到底就是因为华为的技术水平、产品质量都达到了先进水平，加上性价比更高，售后服务到位，让使用者感到舒适方便，如今华为的技术让许多业内人士赞叹，发展速度也让人艳羡，所以说华为的自主研发已经能供应华为公司产品的更新，完全有实力去实现自产，从而避免类似的事情发生。", "author": "科技热点观察", "newsdate": "发布时间：19-07-02", "newstime": "07:38"}, {"title": "华为的管理模式是什么？任正非：没有模式和秘密，华为是公开的", "content": "华为是最值得学习的一个企业，这点恐怕没有人会反对。而且华为几乎是一个完全公开透明的企业，它的战略、组织、管理等等信息，都可以随时被审视。“我不把我的思想告诉所有人，怎么能成功。”任正非说，公司所有战略都开放到网上了，高端技术诀窍你可以不开放，低端产品可以先在内部全开放，然后开源，再然后………资本主义就是因为开放走向成功，中国以前闭关自守没有成功，所以我们也要走向开放。所以，一个这么好的典范就在我们眼前，为什么要不去学习呢？要知道，当年华为是想学而不得，向西方大公司学习都是付出了巨大代价的。现在华为的经验和方法是完全开放出来了，谁能学到一点，谁就能进步一点。马云那样天马行空的人是很难学的，他就像是禅宗的顿悟，一念悟通了，就可以立地成佛。但这看起来容易，实行起来却艰难无比，你要是没有那个天赋和慧根，可能终其一生都做不到。而任正非这样的人跟曾国藩类似，他们都是以深沉厚重为特点，讲究规划和践行，只要按部就班，日复一日的坚持精进就可以有所成就。多说一句，“身似菩提树，心如明镜台，时时勤拂拭，勿使染尘埃”，神秀大和尚的法门才是普度众生的方便法门啊。两三年前，有人问任正非，华为的管理模式是什么？任正非回答：没有模式。有人问我们，华为的商道是什么？我们就没有商道，我们就是以客户为中心，就要让客户高兴，把钱给我。你哪个客户给的更好，我就给好设备。氮化镓是一种功放效率很高的功放管，使用这种功放管的设备成本较高，我们只卖给日本公司，或卖给少量的欧洲公司，因为他们出钱高，那出钱低的我就不考虑卖给你，这么好的设备。所以同样的设备还有好坏之分，氮化镓的量随着我们的使用产量扩大以后价也降下来，老百姓也会受益。在最近的采访中，任正非也说到了这点，他强调华为就是一切以客户为中心，企业想要赚钱只有两个办法，一个是违法的，一个是服务好客户，让客户主动给钱。“不要管理复杂化了。”这是任正非对中小企业的建议，他说，“小公司只有一条，就是诚信，没有其他。就是你对待客户要宗教般的虔诚，就是把豆腐要好好磨，终有一天你会得到大家的认同的。”不要把事情想得太复杂，知道什么时候做什么事是最重要的，小公司就是用产品赢得客户的认可，做好效率，复杂是有规模的公司才考虑的事情。中小企业还想有方法、商道、思想，我说没有，你不要想得太复杂了。你就盯着客户，就有希望。就是要诚信，品牌的根本核心就是诚信。你只要诚信，终有一天客户会理解你的。我对这句话的理解就是，真诚，因为真诚所以简单，因为简单所以抓到了根本。这好比就是信仰，你信什么，你的公司就会成为什么。“如果我看得比别人更远些，那是因为我站在巨人的肩膀上。”牛顿如是说，华为30年从小到大，也是一杯咖啡吸收宇宙的能量，我们做企业也要心态开放，多找“老师”学习，化别人的经验为自己成长的能量，这才是企业的成长之道。高人指点，贵人指路，都是极为珍贵的机缘，要知道在这个世界上没有几个人愿意对你好，当然他们也没有这个责任。人最大的错误就在这里了，我们轻视、讨厌对自己好的人，我们喜欢、讨好对自己坏的人，好坏不分，是为人生的大悲哀。不要觉得自己身边三尺就是整个世界，不要囿于自己的狭窄视野，要多用开放的、系统的思维去看这个世界，人成长了，做事的水平就会不一样。有些企业明明有很好的前途，为什么做着做着就做不下去了？就是因为创始人的思维出了问题，思路思路，你没有思考反思，又哪里有出路嘛。比如拿管理用人来说，不是你说什么员工就听什么的，你既要用脑，也要用心，还要洞察人性，三者缺一不可。最后，你要勇于复出，而且是持续的付出，很多时候，这些付出还可能没有回报。用任正非的话说就是：“领先世界是要流血流汗的，你这个时候说汗不要流，血不要流，然后你又领先世界，我认为是没有可能性的。”只问耕耘，莫问收获。", "author": "老方说", "newsdate": "发布时间：19-07-02", "newstime": "17:25"}, {"title": "美国科技巨头正准备向华为发放安卓许可证，华为回应意味深长！", "content": "近日，在美国主动放话并主动与华为握手言和之下，美国的科技巨头们也纷纷行动起来。7月2日，据媒体报道，谷歌正在准备恢复与华为的关系，并向华为发放安卓许可证。据此，华为风险管理及合作伙伴关系部门副总裁蒂姆丹克斯表示，我们将等待美国商务部的指示，就此事目前没有进一步补充。据媒体报道，近日，由于卖给华为的产品“数量巨大”，对于无法与华为继续合作，美国企业“感到相当不满”。报道指出，倘若与华为的合作暂停，美国芯片厂商、每年将损失110亿美元的大生意。为了能继续与华为做生意，6月25日，全球最大的存储芯片生产商美光科技公司表示，在确认提供给华为的部分货物不违反美国法律后，该公司已恢复向华为提供这些货物。与众多芯片商一样，谷歌此前也在担心，美国的禁令会让安卓系统损失市场份额。据悉，华为已经证实，它正在开发自己的操作系统，支持所有流行的Android应用程序，并提供比谷歌Android操作系统更直观的体验。然而，华为还不忘回应道，华为为安卓的发展和壮大做出了非常重要的贡献。华为有能力继续发展和使用安卓生态。回顾谷歌此前狂妄的态度，此时华为的回应可谓意味深长。业界看来，即便无法与谷歌合作，华为也有后路可走。知情人士指出，华为鸿蒙操作系统的研发时长至少有7年之久。日前，在上海的MWC大会上，华为轮值董事胡厚崑表示，华为的替代方案不会仓促上阵，我们会对性能做统一的要求，一旦需要的时候会启动，这是我们的长期策略。", "author": "金十数据", "newsdate": "发布时间：19-07-02", "newstime": "18:33"}, {"title": "华为首款5G手机7月亮相！看到价格后，网友：圈粉华为！", "content": "华为首款5G手机7月亮相！看到价格后，网友：圈粉华为！如今已迈入到了智能化时代，互联网的普及，方便了人们的日常生活。目前备受关注的当属5G，各大手机厂商和运营商都在为5G的到来做准备，5G网络意味着在4G网络的基础上，网速上有一个质的飞跃。华为在5G领域已经取得了巨大的突破，用户十分期待5G手机的到来。最近华为旗下的首款5G手机，即将在欧洲发售，它就是华为Mate 20X 5G版，据悉，它的定价在6607元，可以说相当亲民。对于之前华为曝出上万的价格来说，已经让很多消费者出乎意料。华为首款5G手机7月亮相！看到价格后，网友：圈粉华为！根据相关的消息曝光，华为Mate 20X 5G版除了搭载华为自主研发的麒麟980处理器，还即将采用巴龙50005G基带，在速度上有着明显的提升，能够给用户带来一个全新的体验。除此之外，它还兼容2G、3G、4G、5G网络，5G网络没有普及，它依旧可以保证网络的实用性。不得不说华为这一功能的添加，将会在市场中占据着巨大的优势。在此之前，有很多消息称华为Mate 20X 5G版的售价会过万，让很多用户望而却步。5G手机在支持5G网络的同时，在性能方面也会有着明显的提升，自然售价不会低。目前华为Mate 20X 5G版的售价已透露将会在6500元左右，对于首批上市的5G手机，价格算是非常良心。如今各大手机厂商正在积极的打造5G手机，等到5G手机实现全面普及的时候，价格肯定会有所上涨。对于华为的首款5G手机Mate 20X 5G版，一旦上市，肯定会受到众多用户的追捧。最重要的是6000元左右的价位，已经让很多用户倍感期待。不过依旧有很多用户觉得售价过于太高，预算有限的用户可以等到5G手机实现全面普及，再过个两三年5G手机肯定会全面降价，到那时候入手也不太迟。目前华为已经打响5G第一枪，在市场中稳固了地位，在国际领域上有着极高的影响力，它在技术研发和创新能力上一直领先于众多的科技企业，更是彰显了华为的实力。华为Mate 20X 5G将华为的性价比发挥的淋漓尽致，在性能、外观、拍照上都将会有明显的升级，至于具体的定价如何，还需等到发布才得知。你们觉得如果华为Mate 20X 5G版定价在6000元左右，你能够接受吗？欢迎在评论区互动交流。", "author": "大颖聊科技", "newsdate": "发布时间：19-07-02", "newstime": "17:05"}]