[{"title": "为什么华为Mate30突然被“冷落”了？维修师傅给出三个原因", "content": "现在的华为手机正处于高速发展的道路上，具备与任何品牌一较高下的实力，成为连苹果都不能够忽视的劲敌。没错，随着不断增加资金投入和创新技术积累，现在的华为已经变得越来越强大，可是话又说回来，在市场竞争进入白炽化之后，其实它的部分产品处境挺难堪的，例如这一次网友直言:为什么华为Mate30突然被“冷落”了？说起华为Mate30相信大部分的人应该都不会感到陌生，它以今年超级旗舰的身份登场，综合实力还是相当稳妥的。一方面，Mate30搭载基于第二代7纳米制程工艺的麒麟990处理器，这颗芯片配合EMUI10系统，在安兔兔上能够跑近45万分，这个成绩符合大部分花粉对于高端机一贯的期待，应对各种应用程序几乎没有压力，和平精英、阴阳师等主流游戏的帧率调教也不存在太多可挑剔的地方，4200毫安电池也符合长续航的要求，40W有线和27W无线充电功能的加持更是如虎添翼。另一方面，Mate30拥有超窄额头的全面屏，得益于采用更先进的COF封装工艺，带来更震撼的视觉效果，环幕玻璃后壳与铝中框之间形成紧密贴合，手感不错的同时也兼顾生活防水；当然，它还拥有徕卡认证三摄模组，拍照的观感也处于行业顶级水准。说到这里，大家应该都觉得Mate30表现得挺全面，能够算得上是一款出色的国产旗舰。是的，它最初的时候卖到3999元还是非常火。只可惜，通过这一次购物节某东的销量排行榜，我们发现它竟然跌出前十的位置，那回归开头的问题:为什么“机皇”华为Mate30突然被冷落？我们咨询了维修师傅，它给出三个主要原因，说到心坎里了。5G新元素兴起：华为Mate30系列主要针对追求极致体验的年轻群体，但是从参数层面来看，Mate30无论是硬件、相机等方面对比Mate30Pro都出现明显的缩水，在首发之后华为官方又开始大力宣传并推广5G版本，这种情况下标准版想火下去太难了。性价比不足：现在的华为Mate30标准版起步价达到3999元真心不便宜，这个价位对比小米9Pro、魅族16sPro几乎被碾压，关键前者也没有特别大的亮点维持新用户换机的动力，所以在失去性价比之后，地位迅速被取代了。竞品强反击：华为的主要对手苹果也不是省油的灯。这一段时间库克疯狂反击，包括iPhone11、iPhoneXR还有iPhone8在内的多款机型纷纷降价，还是那句话，只要苹果肯稍稍服软，凭借它的号召力就够华为“喝一壶”了。由笔者的观点出发，现在的华为已经有能力应对来自外界一切挑战，可是Mate30本身也存在不少问题，维修师傅给出的缺乏5G、性价比和品牌号召力三个原因很真实，说到了个人的心坎里了。那么，你怎么看呢？", "author": "老实人日报", "newsdate": "发布时间：19-11-14", "newstime": "07:37"}]