[{"title": "11月，华为P30Pro：再见！", "content": "现在的华为已经是全球第二大智能手机供应商，在中低端机领域销量全面爆发的情况下，冲击高端市场也取得突破性的成就，成为众多国产友商学习的榜样和劲敌。如果按照综合实力来分的话，华为处于行业第一梯队，不过随着市场竞争进入白炽化阶段，它的部分产品其实处境也挺尴尬，例如网友直言，11月，华为P30Pro:再见！P系列作为华为旗舰机重要组成部分，每一代产品都是下足重本进行精心打磨，华为P30Pro当然也不例外。首先，华为P30Pro拥有徕卡认证三摄模组，得益于出色的算法调教，无论是白天还是黑夜都能够拍出清晰的照片，曾经拿下DXO榜首的位置就是最好的证明，延续光学指纹解锁和无线充电等元素也符合大部分花粉对于其高端机一贯的期待。其次，华为P30Pro率先运行继续AndroidQ深度定制的EMUI10系统，新增GPU Turbo3.0技术适配包括王者荣耀、和平精英在内的多款主流游戏，与麒麟980处理器之间形成更强的协同能力，帧率稳定性也是妥妥的；另外，它还标配一块6.39英寸全视觉曲面屏带来震撼视觉效果，四曲面玻璃后壳与铝中框的紧密贴合，兼顾手感也能满足防水，这些都是我们不应该忽视的亮点。按照参数层面来分析的话，P30Pro无论是性能、颜值还是拍照的表现都是中规中矩的，称得上是一款出色的华为手机，所以最初的时候卖到5388元还是特别受欢迎，这一点应该在余承东的意料之中。只不过，随着市场竞争进入白炽化阶段，它的地位逐步被取代，人气也开始流失的情况下，最低已经降至4533元。这么大的“跳水”幅度说明华为挺良心，P30Pro一夜跌至新低价，无奈网友吐槽还是再见了让人感到扎心。他们觉得华为P30Pro在今年三月份发布严格来说并不属于旧款，只是现在已经11月了，大半年时间过去已经诞生一大批的新品，其中包括支持5G网络的华为Mate30系列、小米9Pro、VIVO Nex3等，还有性价比直接将它碾压的小米CC9Pro、魅族16sPro等，所以选择说拜拜了。在小编的观点出发，华为现阶段取得的成绩确实令人刮目相看，P30Pro功不可没，可由于缺乏新元素和性价比等卖点，慢慢没那么被热捧也是可以理解的。", "author": "老实人日报", "newsdate": "发布时间：19-11-18", "newstime": "00:47"}]