[{"title": "硬气！美国对华为“周一见”，华为要对世界“周五见”", "content": "参考消息网8月21日报道 本周一（8月19日），美国宣布延长对华为“临时通用许可”，本周五（8月23日），华为则将对世界宣布一则重磅消息。参考消息网了解到，当天，华为将举行Ascend 910 AI处理器和Mind Spore计算框架发布会。会上，华为将发布与AI有关的重大技术。舆论注意到，这已不是华为近期首次发布重大技术。在8月9日的华为开发者大会上，该公司发布自主研发的“鸿蒙”操作系统。法新社称，凭借其新移动操作系统鸿蒙操作系统，中国电信巨头华为在一个很特殊、但利润极为丰厚的市场上与安卓系统正面竞争。同一天，华为还宣布，将在今年10月推出自己的地图服务，取名地图套件（Map Kit）。根据俄罗斯卫星通讯社网站的报道，Map Kit不是直接供消费者使用，而是旨在鼓励软件开发人员根据其映射功能提出应用程序。该公司表示，华为地图套件将连接到约150个国家和地区的第三方移动应用程序和本地地图服务提供商。华为地图套件将提供40种语言版本。有观点认为，Map Kit将有望成为华为继“鸿蒙”之后的又一利器。对于华为近期频繁在重要技术领域“亮剑”，中国现代国际关系研究院学者李峥在接受参考消息网采访时称，华为遭受美国的不公正待遇后，其表现既理性又积极。一方面，对于美国政府的不公正待遇，华为从法律层面进行积极抗辩；另一方面，华为通过长期积累，频繁发布重要技术成果，向外界展现出较强的自生能力，相信此次即将发布的AI领域技术，亦将是其中一个重要产品。华为通过发布“鸿蒙”及AI领域的技术，向外界传递出一个重要信号，即华为可以不依赖美国企业发展自身，美国对于华为的打压并不能切断华为的发展。舆论认为，面对美国打压，华为不久前公布的半年业绩就说明了一些问题。这份被美国列入“实体名单”后首度公布的半年业绩显示，华为上半年营收同比增长23.2%，达到了4013亿元人民币。彭博社报道称，华为表示，2019年上半年，公司利润率达到了8.7%。上半年智能手机出货量（含荣耀）同比飙升24%，达到了1.18亿台。参考消息网了解到，在华为公布的董事长梁华的讲话中提到：“我们也要客观地看到，5月份之前，华为收入增长较快，‘实体清单’之后，因为存在市场惯性，也取得了增长。华为面临的困难依然很大，我们需要投入非常大的人力物力进行版本切换、供应连续性管理、保障对全球客户的交付等，这些都可能对我们未来的经营业绩造成影响。正如那架‘烂飞机’，我们还需要继续‘补洞’，运营商业务基本上‘补’得差不多了，现在重点在消费者业务‘补洞’，我们仍然要为‘求生存’而奋斗。”梁华称，外部环境的困难，可能会暂时影响华为前进的节奏，但不会改变前进的方向，华为还是坚持战略方向不改变，华为一定会活下来，首先保证公司生存，同时坚持对未来的投资，计划今年研发投入1200亿元人民币。相信在克服短期困难和挑战以后，华为会进入一个新的发展时期。（原标题：硬气！美国对华为“周一见”，华为要对世界“周五见”）", "author": "国际在线", "newsdate": "发布时间：19-08-21", "newstime": "13:32"}]