[{"title": "华为Mate30无线充电器获FCC认证，充电功率可达30W", "content": "前段时间，有网友爆料：华为Mate 30将支持20W无线快充。然而过了一阵，又有网友爆料将支持25W。事实上，华为无线快充方案比25W更激进。今日，FCC公布了一条消息，一款由华为设计的型号为CP61的无线充电器获得认证，最高支持30W无线充电输出。这就意味着，华为Mate30如果搭配CP61的话，可以实现30W的无线快充技术。为什么这么说呢？因为在Mate 20系列发布的时候，华为同步推出了无线充电器CP60，最高支持15W的无线快充。而Mate 30即将发布，在这个时候华为新款无线充电器也获得了FCC认证，这就侧面印证了新款设备将会在Mate30系列发布会上使用。根据FCC公布的信息来看，华为CP61无线充电器在背部加上了散热设计，其输出电流最大值可以达到4A。但是，FCC上对这款设备标注为“Not Complied”，也不排除实际输出为25W的可能，一切还有待9月份的发布会揭秘了。大家期待华为Mate30么？欢迎沟通交流！", "author": "驱动中国", "newsdate": "发布时间：19-08-15", "newstime": "09:43"}, {"title": "华为Mate30 Pro：麒麟990+无线充电器30W，仍存在2点遗憾！", "content": "从各方面报来的消息来看，华为Mate30系列将会在iPhone11发布后的10天左右发布，外媒曝光的消息，也就是定格在9月19号，地址还是选择在海外，另外外媒消息，iPhone11也将于9月10日在美国发布，华为之所以选择紧挨着iPhone11开发布会，也是为了能够阻击一波iPhone11，有消息说iPhone11将会在9月20号正式发售，这样一来可谓是有备而来，华为就是要掐准时机阻击iPhone，毕竟在各方面配置来看，华为Mate30除了系统不如iOS之外，其它功能包括拍照方面将会领先iPhone11一大圈！作为一家业务覆盖全球几百个国家的大公司，华为在欧洲市场的市场占有率赶超苹果，甚至以两倍的市场份额领先iPhone，马上就是华为mate30系列的发布会了，每年华为都可以在自己的mate系列上首发一些黑科技，上一代的华为mate20Pro首发了40瓦快充和曲面屏设计，还加入了3D结构光技术，而这一次华为mate30系列将会锦上添花，在原来的基础上继续提升性能和拍照，网上爆料将会适配最新的麒麟990处理器，并且配备5G巴龙5000基带，届时全新一代的华为mate30 pro将会有极其出色的性能和网络表现，预计将会发布两个版本，一个是4G版本，一个是5G版本！遗憾的是，iPhone11系列将会无缘5G网络，因此这已经赢在了起跑线上，而目前曝光的消息来看华为mate30 pro将会采用圆形奥利奥设计，从后盖的渲染图可以看出，四摄镜头确认无疑，可能会采用索尼IMX600传感器，并且配备双主摄4000万镜头设计，因此在拍照方面将会大大提升，从这张橘红色的华为mate30系列的渲染图可以看出，其曲面屏幕弧度很大，同时后置摄像头做的很平整，外观看起来十分美观并且具备对称美感，一如既往将会适配到IP68等级的防水，据说在水下可以存活2小时，最重要的是，这一次的快充技术再一次巨大提升！华为mate30 pro将会适配到55瓦的超级快充功能，在充电效率方面领先苹果，而最佳FCC公布了一条消息，一款由华为设计的型号为CP61的无线充电器获得认证，居然支持30W无线充电输出，基本可以肯定华为mate30 pro将会匹配到30瓦的无线快充功能，要知道无线充电一直饱受争议，大家认为无线充电的效率太低损耗大，不过自从小米发布了20瓦无线快充之后，大家认为无线快充真正开始实用，华为mate30Pro如果配备30瓦的超级无线快充功能，那么无疑将会推动国产手机进入一个全面无线快充的时代，这才是真正的黑科技，当年三星首发了无线充电功能饱受质疑，如今来看这个思路还是对的！另外，华为mate30 pro将会配备到大弧度的瀑布屏设计，曲面屏的视觉效果远比三星Note10、三星S10等震撼，但同时也留下2点遗憾，一来很多网友认为华为手机现在是越卖越贵了，考虑到现在生产成本包括零部件成本上升，华为mate30 Pro的价格预计将会突破新高，因此很多网友也只能观望买不起，这是第一个遗憾；另外一个遗憾是，华为mate30系列采用的是国产京东方的OLED屏幕，这一次屏幕分辨率缩小到了1200p分辨率，因此屏幕显示效率方面和目前顶级的iPhoneXS和新款的三星note10+存在很大差距，你们期待华为mate30 pro吗？【声明：图片源于网络，如有侵权请联系作者删除】", "author": "数码小AI", "newsdate": "发布时间：19-08-15", "newstime": "21:30"}, {"title": "华为Mate30Pro保护壳出炉，外观设计确定，分离镜头+花洒三摄", "content": "华为Mate30Pro可以说是国内用户最为期待的一款旗舰，根据最新消息显示，该机将会在九月中旬正式与消费者见面，而随着发布日期的临近，华为Mate30Pro的各项信息也被相继曝光。而近日，官方保护壳的亮相更是令此前争议颇多的外观设计完全确定。根据保护壳给出的信息，华为Mate30Pro背部将会结合Mate20Pro以及P30Pro的设计优点。摄像头采用分离式设计，花洒三摄镜头模组被放置在手机正中央位置，则手机左上角则还放有一颗摄像头和一颗闪光灯。华为Mate30Pro之所以没有将四颗镜头放置到一个模组当中，很可能是因为镜头感光元器件尺寸过大，无法整合到一起。因为此前曾有消息显示，华为Mate30Pro会同时搭载两颗4800万像素镜头，而且传感器底面分别是1/1.7英寸以及1/1.55英寸，是目前市场上手机传感器的最大尺寸。而且除了传感器尺寸过大原因外，五倍光学变焦技术也要在有一定的内部空间基础上才能应用，仅凭一个圆形花洒的设计空间完全不够用，因此，镜头分离也是正常选择。当然，华为之所以不惜牺牲产品美感选择该方案，主要原因还是在于其能大幅提升手机拍照能力。在三星Note10+没有对相机模组进行硬件升级的情况下，华为Mate30Pro基本可以提前锁定今年的手机拍照冠军头衔。另外除了拍照功能，华为Mate30Pro的充电技术也进行了升级处理，55W快充功率使得该机在充电速度方面丝毫不逊色于任何一款旗舰。此外，设计和性能同样是华为手机近两年称霸市场的杀手锏，华为Mate30Pro会采用全瀑布屏设计，屏幕弯曲幅度超过三星，单从正面来看，用户基本看不到边框。而且，该机还搭配Face ID技术，在解锁体验方面，华为Mate30Pro将胜过绝大多数屏下指纹手机。硬件配置方面，华为会搭载新一代麒麟985处理器，得益于二代7nm工艺的使用，该机的性能实力以及功耗控制能力都将获得一定程度的提升。另外华为Mate30Pro还会支持5G上网功能，而且巴龙5000芯片不仅支持NSA 5G模组还支持SA 5G模组，这使得其在市场上具备了更强的竞争力。整体来看，华为Mate30Pro 作为年度机皇可以说是来势汹汹。但可惜的是该机并不会搭载鸿蒙系统，对消费者来讲还是有些遗憾，你会考虑购买这款手机么？文/JING", "author": "数码密探", "newsdate": "发布时间：19-08-15", "newstime": "20:10"}, {"title": "隐藏在华为手机拨号键盘里的7个实用功能，不会用就太可惜了！", "content": "自从有了微信，很多人都是用微信语音、视频来通话聊天，很大程度上代替了手机通话。有网友调侃说，现在的手机号只是用来接收验证码的了。就拿教授来说，的确很久没有打开过拨号键盘了。不过，现在的手机拨号键可不是只能打电话这么简单了，随着科技的发展，拨号键盘中也隐藏着众多黑科技功能。今天教授就以华为手机为例，分享7个实用的功能。1.鉴别手机真伪现在购买手机有很多渠道，非官方渠道购买会有风险，有机友担心自己的手机是水货或组装机，毕竟非专业人士是很难看出来的。这个时候，拨号键盘就派上用场了。输入“*#06#”，就能快速查询到手机上市IMEI代码，然后与官网或手机背面贴示的代码对比是否一致，不一致或者没有代码则不是正品了。2.查询手机生产日期想知道自己的手机是什么时候生产的？担心自己手机是翻新机？在拨号键盘同样可以“破解”。输入“*＃*＃1357946＃*＃*”，即会弹出一串16位数字，其中第6、7位是生产年份，第8位数字代表月份，第9、10位数字代表日期。3.测试手机性能手机里还有一个“工程菜单”功能藏在拨号键盘里，它可以测试手机里的各项性能，比如电池、网络、软件升级等。输入“*#*#2846579#*#*”，即可调出“工程菜单”功能。4.查看手机使用记录在生活中难免会被别人借用手机，对方使用过某个App退出后台或清除数据，我们就很难知道对方查看了自己手机中的什么信息，但是手机拨号键盘记得！输入“*#*#6130#*#*”，即可查看手机最近的使用记录，包括打开了哪些App、什么时候打开、具体使用了多长时间。5.开启熄屏快呼教大家一种更高级的打电话姿势，一秒拨出电话！手机熄屏状态下按住音量下键1秒，然后说出联系人姓名，手机就会自动拨打电话啦！设置方法：打开手机拨号键盘，点击“设置”（右下角三点符号），开启“熄屏快呼”功能。6.开启来电语音控制当我们在开车或手上忙着其他事时，不方便操作手机上的来电，就可以开启来电语音控制功能。当有来电时，就能直接用语音来选择接听或拒绝电话，完全不需要腾出手来操作手机。设置方法：打开手机拨号键盘，点击“设置”（右下角三点符号），进入“语音控制”，打开“来电语音控制”功能。7.开启口袋模式大家应该也有这样的经历：手机放在口袋或包包里，来电铃声被覆盖以至于可能错过来电。其实打开“口袋模式”就可以轻松解决这个问题啦！开启之后，当手机置于口袋中，手机会自动增大来电音量，再也不必担心错过任何一个来电。设置方法：打开手机拨号键盘，点击“设置”（右下角三点符号），开启“口袋模式”功能。以上提到的这些功能，有一部分在其他安卓手机也同样适用。关于拨号键盘的功能，你还有其他发现吗？欢迎留言区分享~", "author": "手机教授", "newsdate": "发布时间：19-08-15", "newstime": "09:41"}, {"title": "布局20年！华为开辟鸿蒙背后的物联网“野心”", "content": "今年的华为发布会格外让人重视，外部和内部原因都有。8月9日，华为开发者大会在广东东莞松山湖召开，这次大会聚集了产业链1500多家合作伙伴、5000余位开发者，一时间吸引了各方眼球，连央视都参与进来，进行现场直播。截图来源：新浪微博在今年5月遭遇美国全面封锁之后，华为经历了英特尔、谷歌等多家公司相继断供，这是其最大规模的一次发布会，比苹果的秋季发布会早了一个月。这可能是华为最受关注的一次发布会，毕竟，无论是友商还是对手，都想知道华为究竟过得怎么样。“开天辟地”的鸿蒙端倪已露数月，今日初见真容。5月24日，国家知识产权局商标局网站显示，华为已申请“华为鸿蒙”。当时信息显示，华为鸿蒙可应用于操作系统程序、计算机操作程序、计算机操作软件等。时隔3个月后，令谷歌“变脸”的这套基于微内核、面向全场景的分布式操作系统终于揭开了面纱。“如果安卓一直不能使用，华为手机可以随时启用鸿蒙OS。”华为消费者业务CEO余承东在开发者大会上如此表示。早在2012年的时候，鸿蒙其实就已经在华为的规划当中了，当时就已经拿到了国家科技进步二等奖。这样算来，一度被当作“备胎”的鸿蒙，到如今也已经有了7年的研发时间，并且可以推测如今的鸿蒙可能已经成熟了，或者说是趋于成熟。而这次开发者大会，正是将其推出的时机。那么，这款备受世人瞩目的鸿蒙OS到底强在哪里呢？余承东在介绍鸿蒙OS开发初衷时表示：“随着全场景智慧时代的到来，华为认为需要进一步提升操作系统的跨平台能力，包括支持全场景、跨多设备和平台的能力，以及应对低时延、高安全性挑战的能力，因此逐渐形成了鸿蒙OS的雏形。鸿蒙应未来而生。”在中国的古语里，鸿蒙又作“鸿濛”，意指宇宙形成前的混沌状态，成玄英书：“鸿蒙，元气也。”用余承东本人在开发者大会上说的就是，“鸿蒙用中文的意思可能有‘开天辟地’的意思，最接近的英语单词就是Genesis，开天辟地的意思”，但是考虑到用汉语拼音表达鸿蒙太难发音了，华为最后为鸿蒙取名为Harmony，“希望给世界带来更多和平、方便”。从华为给其自研的新系统起名来看，华为是想做一件“前人”没做成的一件事，而实际上也正是这样。根据华为在开发者大会上披露的信息来看，鸿蒙OS是全球第一个基于微内核全场景分布式OS，有分布式架构支撑，提供天生流畅内核级安全生态系统。从鸿蒙的架构来看，最底层是内核层，上面是基础服务层、程序框架，然后通过这些去支持其他的应用，比如这次发布会公布的智慧屏，以及智能穿戴设备、音响等各种终端。而从华为公布的这套鸿蒙OS架构来看，其核心关键在于鸿蒙微内核，内核相当于系统的地基，这也是余承东在给鸿蒙定义时所重点强调的，那么什么是微内核呢？很明显，同微内核相对的就是宏内核，而自从计算机发明以来，其实用的都是宏内核。上个世纪80年代开始，国外开发的微内核的典型代表有Windows、iOS。简单来说，宏内核就是把很多东西装进内核，又被称为单内核，包括文件系统、进程管理、内存管理、声卡显卡驱动程序等，做一个类比，人脑在一定程度上相当于宏内核，不仅仅是信息交换中心，同时也是信息处理中心，指挥人体各部分进行行动。放到整个宏内核之中来看，宏内核本身作为母体中心，各个子程序需要实现彼此之间的信息交流互动，而宏内核就充当了其中的“指挥者”。与之对比的微内核，其不负责指挥，仅仅是作为信息交换和存储功能，各部分子程序自行进行反应和行动，具有自主性。同样做一个类比，章鱼具有的就是类似于微内核特点的系统，章鱼的触角具有独立的神经，可以自己对外界做出应激反应。不管是宏内核还是微内核，都是Operation system操作系统的一种形式，目的主要是构筑硬件设备的底层逻辑框架，指挥硬件设备工作，同时满足外部软件的调用需要。简要概括宏内核和微内核的区别就是，微内核中，系统包括内核，但是内核不包括系统，而宏内核则是，内核和系统是一体的。很难去评定到底宏内核和微内核的优劣，重要的是看用于何处。如果执行比较单一的运算和硬件设备比较固定的情况下，宏内核的程序会有比较高的效率。但是从华为发布的架构图来看，其战略布局是从内核出发到多种应用，所以从这点来说，明显是微内核更加适合。但是，为何突出强调微内核的存在呢？华为在这个时候强调鸿蒙的微内核，无疑是在向更多的开发者传达这样的信息——我们也有了属于自己的可以无限外延的系统，我们也可以打造属于自己的生态，而并不是需要掣肘于国外的安卓，甚至可以换句话来说，不用各种“英文”来敲代码，而是“中文”，当然，所谓文字不过是符号。以Windows为例，同样是微内核，其系统大概有20亿行代码，实际上真正和芯片直接交互核心代码也就几万行，而这几万行恰恰就是微内核。真正的微内核，是可以不断延伸、开发，延伸出Windows、iOS等这样的系统，并且可以实现自由安装软件。更何况，鸿蒙之意，远非局限于手机生态之中。关于同样属于内核组成的LiteOS操作系统，可以多提一句，在2015年华为网络大会上，LiteOS正式宣布开源。华为社区经理林旅强笑称，华为此前都是自己吃自己的狗粮。LiteOS操作系统是华为完全自研的，并非通过Linux或其他系统二次开发的。截至2018年，搭载华为LiteOS的NB-IoT产品出货量超过2000万台。余承东本人就微内核这个问题在开发者大会上表示：“我们希望整个操作系统未来都使用我们的微内核，这是关于微内核的优势，我们微内核通过数学方法形式化验证，保证充分的验证匹配，形式化验证，是源头验证系统安全的有效手段。”从华为方面目前透露的消息来看，鸿蒙微内核已经投入商用，在Android手机、平板已经投入商用，包括2.0之后，很多华为终端都采用了鸿蒙的微内核，用在可信可执行环境中，用来做人脸支付，高安全级别使用，首次通过了形式化验证。有消息说，BAT等互联网巨头早已经与华为联合测试，还传闻国内几大手机厂商都派出技术员入驻华为，实测鸿蒙系统，这次发布会也证实了这一点。这样来看，具有微内核的鸿蒙，说是“开天辟地”的壮举，可能并不为过。华为消费者业务软件总裁王成录曾说：“鸿蒙不是替代现有操作系统，而是面向未来趋势的。”华为的算盘花大力气研究内核，单单去年研发成本超千亿元，华为究竟打的什么算盘？IoT(物联网)。挚金资本投资总监辛双琪向笔者表示，很多人在这次华为发布会之后，还是愿意把鸿蒙简单当作一个操作系统来看，即使华为率先将其应用到智慧屏上，而不是手机上，仍是将其同安卓等进行对比。“这其实是把鸿蒙说窄了，我认为华为是在做一件很大的事情，试图通过软硬件结合，打造一个巨大的生态网络。”辛双琪这样表示。其实早在之前华为《2018年可持续发展报告》发布会上，华为董事长梁华在谈及鸿蒙系统时就表示，鸿蒙系统是为物联网开发的，用于自动驾驶、远程医疗等低时延场景。梁华表示，华为手机还是把开放的安卓系统和生态作为首选，如果美国不允许华为使用安卓，华为是否会把鸿蒙发展为手机系统还没有确定。从这次开发者大会来看，鸿蒙明显将不会作为手机系统。余承东表示：“鸿蒙OS比Andorid有更强的性能、更高的安全性和分布式能力及面向未来的全场景能力，这是面向未来的操作系统，想告诉大家，我们随时可用，但是考虑到合作伙伴关系，目前用Android生态，减少大家的工作量。”也就是说，鸿蒙的出现，应该是作为整个华为生态打造的关键一环。作为通讯设备商出身的华为，单单从技术层面来讲，手机的发展也仅仅是鸿蒙中的一环而已。醉翁之意不在酒，在乎山水之间也。而物联网并不是一个新名词，它早在1995年就已经出现在比尔.盖茨的《未来之路》一书当中。物联网(IoT，Internet of things)即“万物相连的互联网”，是互联网基础上的延伸和扩展的网络，将各种信息传感设备与互联网结合起来而形成的一个巨大网络，实现在任何时间、任何地点，人、机、物的互联互通。2003年，美国《技术评论》提出传感网络技术将是未来改变人们生活的十大技术之首。国内来看，物联网也并不是一个新名词，阿里巴巴和小米都曾经进行类似的尝试。2011年，阿里云就推出过YunOS，同时发布首款基于YunOS的智能手机天语。据天眼查数据显示，2015年，阿里向魅族投资5.9亿美元。魅族成立于2003年，注册资本近4000万元，魅族在自己的手机上搭载YunOS系统。但是，暂且不谈系统的稳定性等问题，一个简单的YunOS系统就将国内只用安卓系统的主流手机华为、vivo等排除在外，注定其无法推广。辛双琪表示，没有自己的终端产品，阿里是没有办法搭建属于自己的生态的，失败是正常的。而小米，在辛双琪看来，其物联网概念其实是个“伪命题”。辛双琪举了一个例子，小米之前一直在讲智能音箱的故事，甚至将之定义为中控，但无论从硬件还是软件的配置来说，都不足以支撑其成为这样一个角色。单单从其出货量来说，都是失败的。在辛双琪看来，所谓智能，一定是更好服务于人，满族人变“懒”的需求，而不是需要人去迎合。“隔着几米的距离，对着音箱喊，请帮我打开空调，那不如用遥控器直接打开好了，何必多此一举？”而华为则是通信设备商起家，技术实力过硬，从技术切入市场，而非小米那样从市场切入技术，华为是具有天生优势的。余承东本人也表示：“他们做不起来，是因为没有强大的终端能力。华为每年有超过3亿台终端，手机占了2亿多台，我们更容易打造生态。”根据华为公布的鸿蒙OS的演进路径，华为将在2020年推出鸿蒙OS2.0，应用于创新国产PC、手表/手环、车机上；2021年将推出鸿蒙OS3.0，应用于音箱、耳环上；2022年将应用在VR眼镜等更多终端设备上。余承东在大会上还表示，华为同时打造服务和硬件两个生态平台，结构化产品1+8+N，即1是智能手机，8包括PC、平板、车机、穿戴、AR、VR、智慧大屏、智能音响等，这8个领域是华为参与的自研产品，N是大量的IoT设备，非常广泛的设备，为消费者衣食住行全场景提供智能智慧服务。弥补软件方面优势短板，扩大市场规模，试图布局多终端生态，华为这盘已经布局20余年的棋终于开始崭露头角。谋事在天，成事在人战略布局虽大，实操却难。如果单谈格局，华为这次发布会所袒露的雄心，可能会是国内目前这些相关领域巨头中最大的一家，但是大格局并不能掩盖所有问题。以这次华为发布的搭载着鸿蒙系统的智慧屏为例，相关行业人员向笔者表示，其实在屏幕技术上，华为这次发布的产品并没有“革命性”的创新，多是一些“边角”的改变。当然，对此荣耀总裁赵明也承认，智慧屏搭载鸿蒙，正好也是产品赶上了而已。在谈到鸿蒙目前面临困境这个问题上，辛双琪认为，华为应当进一步坚持开放的力度，以iOS和安卓为例，基本都是做了10多年，全世界的开发人员加入了进来，共同贡献，从而加速了其生态的形成。现阶段，华为由于受到不同程度的外界影响，比如美国的“封锁”，这其实是不利于国外开发者加入进来的，华为可能需要在这方面进行努力。另外，辛双琪认为，华为对于参与到整个开发中的其他合作伙伴，应该采取更加包容和开放的态度，给予优厚的待遇，把机会给到更多其他利益相关方，而不是自己大包大揽。“我从华为内部的朋友中了解到，华为已经开始注意到对自己供应商的保护、扶持和培养，华为需要把握好这个度，只有这样才能有更好的未来。”辛双琪这样表述。在开发者大会上，王成录称，华为和主要的合作伙伴在讨论中国开源基金会，最快一两个月，基金会将正式运营起来，这是完全公益的、非营利的、开放的；鸿蒙开源有很多架构，考虑给基金会运作，华为在里面没有控制权和主导权。路遥知马力，对于华为的布局来说，这只是刚刚开始。余承东在大会上表示，过去8年时间里，华为消费者业务销售量增长68倍，2018年手机出货量2.06亿台。截止到2019年6月，华为手机在中国市场份额达到了35%，全球市场份额达到了17.6%。即便是遭受到了美国的制裁，2019年上半年手机出货量也依旧有24%的增长，达到了1.18亿台，PC方面则有300%的增长，可穿戴设备有200%的增长。同时，余承东表示，未来5-10年，华为消费者业务，长期战略是全场景智慧生活。全场景战略是我们未来5-10年长期战略，有一个核心，全场景全连接智慧生活、全场景智慧化用户体验，核心一点就是AI人工智能。接下来的路，华为如何去走、走得如何，唯有静观其变。(编辑：黄玉璐校对：颜京宁)来源: 中国经营网", "author": "同花顺财经", "newsdate": "发布时间：19-08-15", "newstime": "15:45"}, {"title": "华为与加拿大开始研发“6G”，此前华为在加拿大成立研发中心！", "content": "之前网络上就有一个段子，4G都还没全部整好，怎么都发展5G网络去了？为此我想说得是，5G网络还没正式商用，就有人要玩6G网络了。今日有媒体爆料：华为确认了公司在加拿大安大略省坎纳塔区（Kanata，隶属于渥太华市）的中心开始了6G网络研究。华为还称，公司已经与加拿大多所大学的研究者展开了洽谈。上述报道称，加拿大政府尚未决定是否允许华为5G网络在加拿大运营，最终的决定将在今年秋季的加拿大联邦政府大选之后做出。这条新闻向我们透露了2个信息，一是华为决定与加拿大合作研发6G网络，关于加拿大是否会使用华为的5G设备，目前还没有准确的消息！那么问题来了，华为能否成功在加拿大发展5G网络呢？我们来分析一下！加拿大为何还没表态？讲直白一点，如果不是美国从中作梗的话，我相信加拿大这会已经在使用华为的5G设备了。但是不要紧，正所谓，身正不怕影子斜，华为的5G设备是不存在网络安全问题的。加拿大和英国一样，正在努力了解美国所谓的华为设备的安全威胁到底是什么。但正如任正非所说，欧洲国家又不傻， 华为的产品又便宜又好用，他们没有理由拒绝，除非他们想让自己的5G网络变慢！华为与加拿大关系怎么说呢？华为与加拿大其实也合作了很多年了，绝对不存在什么网络安全问题。再者，即便加拿大政府禁止华为5G技术，华为也不会放弃加拿大消费者，相反还会继续加大在加拿大的投资。在加拿大，华为在渥太华设立了先进技术研发中心，是华为全球 5G 研发四大核心机构之一，十多年来华为跟加拿大 13 家大学及科研机构联合研发新技术，华为投入了至少 5000 万加元资助大学研究。这再一次说明了华为的胸怀是如何之大，而要想成为全球优秀的公司，华为就必须要有这样包天地的胸怀。前不久，中国电信巨擘华为技术公司宣布，它将在加拿大北部偏远地区为得不到充分服务的数十个社区布建高速无线网际网络 。这说明加拿大也还是对华为公司有一定的好感。而随着华为持续的在加拿大投资，我相信最终会打动加拿大，从而让华为参与加拿大的5G网络建设，大家说是不是这个道理？", "author": "春公子", "newsdate": "发布时间：19-08-15", "newstime": "10:19"}]