[{"title": "印度表示：排除中国供应商参与5G测试，那华为该怎么办呢？", "content": "印度表示：排除中国供应商参与5G测试，那华为该怎么办呢？华为在最近一段时间当中，发展的路程并不是那么的好走，之前华为的5G技术发展也是受到了影响，从美国方面对待华为的态度来看，就是不想要华为的5G能够正常的发展下去，而开始对华为做出了抵制的情况，在当时美国声称华为的设备存在着安全问题，虽然这件事情是在最近逐渐淡了下来，不过影响到现在还是存在着。在前段时间，华为被美国方面列入了“实体名单”当中，导致大部分的美国当地企业，开始对华为断供暂停合作等一些做法，导致华为的发展是受到了很大的影响，从现在的局面上来看，美国方面也是应该意识到了抵制华为对自己的企业也是有很大的影响，宣布解除对华为的禁令，那么在这样的情况下，对华为将会是一个非常不错的消息了，不过美国当地的市场，应该还是进不去。在最近又传出了一个不好的消息，根据消息了解，印度方面拒绝了中国供应商与自己进行5G实验，而还和其他的供应商开始进行5G实验了，而之后还说出，如果想要与中国电信供应商测试5G网络，那么就需要考虑一下安全的问题，从这样的局面当中来看，也可能是之前的事情的余温，印度对华为的看法一直是不同的态度，并没有下定什么决定的消息。从一直以来印度方面就是比较担心华为的设备安全问题，并且担心华为方面会没有经过同意就直接访问客户的数据这样的情况，而华为也是一直在想办法保证自己不会出现这样的情况，并且已经是准备完毕与印度签下“无后门”的保证协议了，其实从去年开始，美国方面就开始怀疑华为，并且还要求其他的国家别使用华为的设备。而咱们这边以及华为都是否认了这一点，其实现在对华为来说，获得其他国家对自己的5G设备信任是非常的重要，如果要是在安全这方面出现了一些问题，那么对华为的发展将会是一个非常不好的情况，对诺基亚以及爱立信来说将会有很大的优势来发展自己的5G技术，而这样对华为来说将会是一个不好的结果，而华为对这个问题也是表示，自己想要参与5G实验，而不会出现威胁到企业或者是个人的情况，你们怎么看待这个事情？", "author": "九零新媒说", "newsdate": "发布时间：19-07-03", "newstime": "15:16"}, {"title": "欧洲再下一城！又一国家牵手华为，靠华为设备迈进5G时代", "content": "众所周知，华为的5G技术相比其他厂商遥遥领先，这也是华为即使被美国所针对也能保持临危不惧的重要原因。根据华为给出的最新数据，目前华为已经获得50份5G订单，基站出货量超过15万台，再在新一轮的对比中拿下全球5G第一名。而最近，华为再次传来好消息，西班牙成为继瑞士、英国之后，又一个开通5G商用网络的国家。而西班牙所使用的5G设备正来自华为。华为此次在欧洲再下一城，也是用实力“打脸”诺基亚高管某些“口嗨”言论。而西班牙靠着华为设备进步5G时代，同时也将令更多欧洲消费者从实际对比中体验到华为技术的领先性。近一年时间，华为先后被美国以威胁安全为由拒绝合作，随后遭到五眼联盟监听。前段时间，在华为被美国商务部添加至管制实体名单期间，又被诺基亚抢走诸多订单， 同时其高层还指责华为，声称华为设备存在安全问题。不过虽然是面对这些无中生有的职责，但华为却用用实力证明了自己。目前在已开通5G商用网络的韩国，《东亚日报》的记者做了一个非常有趣的实验。该媒体使用三星和LG的两款5G手机对多个人口密集场所进行网络评测，测试结果显示，LG U+的服务最为稳定，而LG U+正是三大运营商中唯一一家使用华为设备构建5G网络的企业。当然 ，华为之所以会有如此出众的技术实力，离不开的研发和积累。此前，在MWC2019上海展会期间，华为何刚就曾表示过，华为5G技术在过去十年时间里已经投入超过40亿美元的研发资金。并且华为的研发投入一直在不断增加。即便是在被美国“封禁”的情况下，华为任正非在接受采访时也曾表示，公司业务范围和研发投入并不会收缩。正是对研发的重视，才使得华为当前获得2100多项目5G标准专利，领先排名第二的诺基亚超过500份，这也印证任正非所说的“其他厂商短期无法追上华为5G ”的这番言论。如今5G网络才刚刚开始，华为的硬实力也会被越来越多用户所熟知，相信在不久之后，还会有越来越多的运营商会选择牵手华为。", "author": "数码小妖精", "newsdate": "发布时间：19-07-03", "newstime": "18:19"}, {"title": "又一国家对华为说“不”后，损失高达2000亿，如今成为一大笑话", "content": "文：凉熙华为最近可谓是一直活跃在大众的视线里，而且华为作为是互联网时代的一个代表，近几年的发展速度可以说是十分的迅猛的，如今的华为也是在通讯领域取得了一定的成就，其中最出名的应该就是5G领域方面了，华为一直是捷足先登。可以说近几年华为在中国发展的很快。作为移动互联网时代的一匹黑马，华为在智能手机出货量上已经超过苹果的iPhone手机，成为仅次于三星的全球第二大手机制造商，在5G网络方面，华为已经占据了领先地位，而华为很早就开始铺设5G网络，也在5G网络中做了大量的技术和专利积累。最后，华为的5G也走在了世界的前列。其实华为能够做到世界的前列，完全是凭借了自己的实力，因为华为一直是保持着“高研发”的理念，所以说如果不是保持着这种理念，可能现在华为也到不了这种地步，如果不是美国想要吧华为给弄下去，从而让华为有了一定的热度，可能华为目前的5G订单量还比不上诺基亚，但是也是因为华为的实力在这里摆着。看到华为在国际5G市场上接到的大量订单，美国实在是有点眼红，所以就开始“打压和制裁”华为。为了阻止华为的发展，美国甚至吸引了几个国家声称华为的5G网络技术存在“安全问题”，这极大地影响了华为的声誉。但是在最后，还是有许多欧洲大国已经率先使用了华为5G技术，也证明华为5G技术没有安全问题，这使得华为5G在国际市场上再次流行起来。根据相关的数据显示，华为已经是签下了全球30多个国家的5G订单，而且同时还拥有了40多个5G订单，甚至是还拿下了欧洲超越半数的5G市场份额，而一些国家也是纷纷支持华为，其中有德国，西班牙，法国这些国家，已经是在积极的建设布局5G网络了，华为获得了全球多个通讯企业的信任，所以说华为在全球还是很有信任度的。但是在美国“制裁”华为的时候，澳大利亚作为美国的盟友也是非常的活跃。而且第一个出来和美国站在同一阵线，并公开抵制华为的5G设备。但最终，澳大利亚并没有获得什么很好的结果。它不仅在5G网络建设上落后于其他国家，而且也使得澳大利亚很难建立自己的5G网络。而且也让一直在推进的国家宽带网络建设(NBN项目)损失惨重，损失高达2000亿元。我们应该知道，澳大利亚为了能够建立一个良好的网络环境，澳大利亚推出了一个名为国家宽带网络(NBN)的项目，但这个项目一直不包括华为的移动通信设备。我们应该知道，没有华为参与的移动通信市场建设明显落后。经过几年的建设，澳大利亚不仅为这个项目投入了大量的研究资金，还付出了大量的人力和物力，但最终还是失败了。其实有很多的人表示，澳大利亚建设的这个NBN项目其实就是一个笑话，还想用这个项目自给自足，根本不可能，有业内人士表示，放着优良的“资源”不去珍惜使用，反而是要一意孤行，不听别人的劝告，这是跟自己过不去吗？所以说对于澳大利亚战队美国的事情，很多的网友表示不理解。从目前市场宽带速率来看，澳大利亚自己的网速可以用龟速来形容，它无法与中国、美国等国家相比。与一些发达国家的网络速度相比，澳大利亚在全球网络速度排名中只排在第59位，令人尴尬，在全球都在迎接5G时代到来的时候，澳大利亚却是连4G都没有达到，而且还有一些消息称NBN网络的传输速度只有6M/S。据报道，澳大利亚为国家宽带网络项目投资高达500亿澳元(约合2000亿元人民币)，但到目前为止，澳大利亚还是不能同时向100万人提供50M网络传输速度。大家要知道的是，这在中国好几年前的时候就已经做到了，目前国内的网速一般都在100M以上了，随着中国工信部进一步要求提速降费，中国的网速在未来还会进一步提高。看到澳大利亚的宽带提速项目面临失败，很多人感到澳大利亚这次肯定是得不偿失，项目还功亏一篑。不仅网络提速项目失败，而且当5G市场到来时，澳大利亚也被远远的甩在身后。大家应该知道华为的5G技术一直非常先进。可以说，华为目前在5G网络方面处于世界领先地位，但是却被澳大利亚拒绝，这件事情是一件让遗憾的事情。其实对于澳大利亚来说，它的这个选择是有一点错误的，这个项目的失败也是没有什么办法，而且澳大利亚还投入了这么多的资金，而最终的原因估计就是没有选择华为，毕竟华为的5G还是非常的先进的，想要在5G上取得很好的建设，还是得和华为合作。所以说大家对于这件事是什么样的想法呢。本文由不凡智库原创出品，未经许可，任何渠道、平台请勿转载。违者必究。", "author": "不凡智库", "newsdate": "发布时间：19-07-03", "newstime": "15:25"}, {"title": "华为手机关闭这5个“偷电”的功能，手机流畅度逆天", "content": "众所周知，步入现代社会后，我们越来越离不开手机了。在这个智能时代，手机被赋予越来越多的功能，屏幕也日益变大，人们对手机的续航、内存、网速的要求更高了。长期使用一款手机，时常面临手机卡顿、电池不耐用、发热发烫等问题，以华为手机为例，关闭这几个问题，即可有效缓解手机卡顿问题，续航能力稳步提升！那么来看看这些小窍门吧。关闭系统软件自动下载手机卡顿的原因，归根究底还是当前系统负荷不了。优化系统变得尤为重要，有时你的手机也会“偷偷”进行系统软件更新，默认下载软件，占用了手机的网速和内存。那么问题来了，在哪里关闭这个设置呢？找到手机的“设置——系统——软件更新”，点击左上角的三点符号，弹出“设置”后点击，把“WLAN环境自动下载”关闭即可。关闭应用市场的自动同步和更新华为手机的应用商城大多是用来下载APP的，据了解，这些APP也许会在WLAN空闲时间进行自动更新，如果你想要关闭这个功能，可以打开APP“应用市场——我的——设置”，把“WLAN闲时自动更新”关闭即可；如果你有华为的多个设备，不想所有APP都同步到手机，可以把“应用自动同步”关闭。关闭用户体验改进计划据悉，华为手机有个“加入用户体验改进计划”，旨在方便官方与用户沟通产品体验效果的功能，类似于生活中的意见箱。但是如果你勾选了“加入用户体验改进计划”，系统会将一些使用数据上传给官方用于优化系统，虽然这个计划不会涉及隐私泄露，但会增加电量消耗。如何关闭作用不大的“用户体验改进计划”？找到“设置——系统——用户体验改进计划”，点击已经勾选的标志，关闭成功。关闭杂志锁屏不知大家有没有发现，在你的手机相册里时常出现一些你并没有保存过的杂志图，这是因为系统默认开启了杂志锁屏，不知不觉也占用了手机的内存。想要关闭这项功能，具体做法为：打开设置——桌面和壁纸——杂志锁屏——将开启杂志锁屏关闭，这样既能省下存储空间，也能省下自动下载的流量。关闭微信自动下载大部分人使用的社交软件就是微信，它也是占用内存最大的APP。目前，占据手机内存的主要来源于微信的自动下载，如果关闭就可以省很多空间。具体做法：打开“微信——设置——通用——照片、视频和文件”，将这些选项关闭即可，完成这个设置后，以后在微信上给好友发送拍摄的视频和照片时系统就不会自动保存到本地了。不仅如此，除了在手机上关闭这些项目，我们还可以找到另外的“小窍门”，以此来提升手机的续航能力。其中，华为的电池优化功能或许可以帮到你，设置好后可以节省不少电量。具体做法：打开设置——搜索“电池优化”并进入——选择“允许”即可。此外，了解到华为手机的手势功能有时也会耗费大量的电，那么如何关闭手势功能呢？首先点击桌面上的“设置——智能辅助——手势控制”，在动作“翻转”、“拿起手机”、“拿到耳边”中可以选择自己不常用的功能，关闭即可。本文编辑：项森", "author": "IT168", "newsdate": "发布时间：19-07-03", "newstime": "12:13"}, {"title": "中国这家公司，让苹果、三星都“颤抖”？力挺华为成为佳话？", "content": "过去我们一提到半导体芯片，那么非欧美国家莫属，我们从来不敢想象中国的芯片科技，能够站在世界前列，让欧美国家有了危机意识。而中国现在就有一家科技公司，让苹果、三星都“颤抖”的公司。这家科技公司有一个很牛的创业者，他56岁才开始创业，86岁就已经执掌万亿资产，这个人就是中国台湾的半导体之父张忠谋。他年少的时候就经历了各种战乱，但这也成了他努力的动力，41岁的他在一家公司中统领着三万多名员工。直到56岁的时候，才开始自己创业，创办了台积电。如今的张忠谋已经88岁了，他的公司也实现了2000多亿元的年营收，光利润就有近800亿，高于华为的500多亿元。可以说台积电是全球最挣钱的华人科技公司。2019年5月，在华为受到美国管制时，台积电宣布力挺华为，不对华为断供。危难时刻，才看得出谁是真朋友，可能大家没有意识到，台积电的力挺对于华为而言，究竟有多重要？目前华为虽然研发了自己的海思芯片，但是设计和组装是两码事，华为需要依靠台积电来为自己代工生产。而在高科技领域的代工，是相当有技术含量的，尤其是做芯片这样的半导体，有一点质量误差，那么整批的芯片产品就会报废。这对于关键时刻的华为来说，如果连自主的芯片都不能供应，那几乎是毁灭性打击。而能够对半导体芯片进行量产的公司，在中国目前只有台湾的台积电有这样的实力，能够为华为提供它所需的服务。有专家分析，如果台积电最后真的断供了华为，那么华为只能生产2000元人民币以下的中低端手机，回到2012年至2013年以前的时代。台积电的力挺，保证了华为的麒麟芯片正常量产，和“非常时期”华为手机的正常销量。另外一方面，美国看到了台积电背后的力挺，断供让华为的影响不是很大。相反美国企业的利润却在骤降，这让美国企业开始联合劝说政府实体解禁的要求。台积电这样伟大的一个公司，让人比较惊讶的地方就是，张忠谋56岁才创立了台积电，把中国的半导体事业给顶了起来。巧合的是，台积电和华为是同一年诞生的，1987年深圳出现了一家华为公司，与此同时在台湾出现了一家台积电公司。一切都是最好的安排，30多年后的今天，他们成为彼此最重要的合作伙伴，成为互相共同抵御外来危机的有力臂膀。张忠谋和任正非都是旧年代出生的人，张忠谋1931年生人，今年88岁，任正非1944年生人，今年75岁。张忠谋整整比任正非大13岁，但是他们同样是能吃苦的人，并且勇于创新和冒险，各自为国家的科技事业做出了重要的贡献。对于台积电张忠谋的创业经历，和力挺华为的举动，你有什么看法？", "author": "东南财富", "newsdate": "发布时间：19-07-03", "newstime": "16:38"}, {"title": "华为是谁？谁拥有华为？谁控制华为？华为公司大揭秘……", "content": "华为是谁？“华为创立于1987年，是全球领先的ICT（信息与通信）基础设施和智能终端提供商，我们致力于把数字世界带入每个人、每个家庭、每个组织，构建万物互联的智能世界。目前华为有18.8万员工，业务遍及170多个国家和地区，服务30多亿人口。”这是华为官方网站上的介绍。短短两句话，平淡中透着荣耀，展现出一个顶级跨国公司的气魄。毕竟，“把数字世界带入每个人、每个家庭、每个组织，构建万物互联的智能世界”的愿景，不是哪个公司都敢、能担当的起来的。而风云激荡之时，华为正在逆风飞扬，任正非在最近的采访中透露，“我们照样热火朝天地生产，员工人数从18.8万人扩展到19.4万人…”20多年前，华为的愿景还是“丰富人们的沟通和生活。”那时候的华为还是一个追赶者，离进入“无人区”、做引领者还看起来很遥远。1992年，华为成立不过5年，任正非就对着员工吹牛：20年后全球通信行业三分天下，华为有其一！员工哄堂大笑，心说老板真能吹。但这个“牛皮”被员工记在了心里，直到20年后的2016年，华为正式成为全球通信行业的领导者之一。再回首，原来是必然如此。事实证明，别人以为任正非在吹牛，但任正非心里是真的这么想，在公司初定的时候，他就为此做准备了。他对员工们说，“客户是华为存在的唯一理由。”华为要成功，就必须做到最好。在通信行业，华为只能做到数一数二。任正非说自己是阿甘，傻，愚笨，只知道向前跑。这是一点都不错的，华为能有今天的伟大成就，与任正非“一根筋”的简单有很大关系，因为简单而执着，因为执着而高效。愿景越宏大，使命感就越强。任正非认为自己是跟乔布斯一样都是使命感驱动的人。2019年6月29日，华为 以卓越的创新能力被《麻省理工科技评论》评选为“50家最聪明的公司”。 《麻省理工科技评论》是世界上历史最悠久、影响力极大的科技媒体。 这个评选是从2010 年开始举办的，每年依据两个核心指标——高精尖科技创新和成功的商业模式，从全球范围内评选出来，聚焦全球最重要的科技创新公司。时至今日，华为已经成为在国内外广受赞誉、备受尊崇的科技大公司。但还有很多人对华为的整体情况不大了解——华为是谁？谁拥有华为？谁控制华为？比如不少人以为华为就是任正非的公司，但实际上任正非只是股东之一，他也不直接管理公司。谁拥有华为？“华为是一家100%由员工持有的民营企业。华为通过工会实行员工持股计划，参与人数为96,768人，参与人仅为公司员工，没有任何政府、机构持有华为股权。”谁控制华为？“华为拥有完善的内部治理架构。持股员工选举产生115名持股员工代表，持股员工代表会选举产生董事长和其他16名董事，董事会选举产生4名副董事长和3名常务董事，轮值董事长由3名副董事长担任。轮值董事长以轮值方式主持公司董事会和常务董事会。董事会行使公司战略与经营管理决策权，是公司战略、经营管理和客户满意度的最高责任机构。董事长主持持股员工代表会。持股员工代表会是公司最高权力机构，对利润分配、增资和董事监事选举等重大事项进行决策。”谁影响华为？“华为对外依靠客户，坚持以客户为中心，通过创新的产品为客户创造价值；对内依靠努力奋斗的员工，以奋斗者为本，让有贡献者得到合理回报；与供应商、合作伙伴、产业组织、开源社区、标准组织、大学、研究机构等构建共赢的生态圈，推动技术进步和产业发展；我们遵从业务所在国适用的法律法规，为当地社会创造就业、带来税收贡献、使能数字化，并与政府、媒体等保持开放沟通。”华为的最高权力机构是董事会。而董事会是由股东会选举，是公司战略、经营管理和客户满意度的最高责任机构，承担带领公司前进的使命，行使公司战略与经营管理决策权。如今华为董事会有17名成员，他们分别是：董事长梁华，副董事长、轮值董事长郭平，副董事长、轮值董事长徐直军，副董事长、轮值董事长胡厚崑，孟晚舟，丁耘，余承东，汪涛，徐文伟，陈黎芳，彭中阳，何庭波，李英涛，任正非，姚福海，陶景文，阎力大。公司董事会及董事会常务委员会由轮值董事长主持，轮值董事长在当值期间是公司最高领袖。所以，任正非作为创始人，更像是华为的精神领袖。公司的日常经营管理他都是不具体参与的。据官方介绍，华为的治理理念的，“公司坚持以客户为中心、以奋斗者为本，持续改善公司治理架构、组织、流程和考核，使公司长期保持有效增长。”“我拥有华为1.14%的股份，史蒂夫·乔布斯拥有苹果0.8%的股份，这表明我的股权被进一步稀释是合理的，我将向史蒂夫·乔布斯学习。” 任正非如是说。为了公司的持续增长，任正非表示将会进一步稀释自己的股份（据说已经到了1.01%），而关键的一票否决权他也会交个核心的7人团队。“三个月不努力，华为就会垮掉！”任正非曾这样说过，华为30年发展到今天，不可避免的出现了怠惰的情况。团队对“长期艰苦奋斗”核心价值观的坚守也出现过动摇。可以说，为了让公司上下保持奋斗的状态，他是煞费心思。2002年，华为就施行了虚拟股份制度；2008年，华为又为了激励新员工，微调了虚拟股制度、实行饱和配股制；2013年，华为开始实施时间单位计划TUP (Time Unit Plan) ——采用5年“递延+递增”的分配方案，基于员工历史贡献和未来发展前途、来确定长期但非永久的奖金分配权力，以消除“一劳永逸、少劳多获”的弊端，使长期激励能够覆盖到华为公司所有员工、将长期艰苦奋斗的文化落到实处。事实上，华为的激励机制和经营管理模式，是当今企业界最先进的案例之一。华为的理念创新与制度创新是商业历史上宝贵的财富。而任正非这样彻底“无我、无私”的领导者也是空前绝后的，相信历史会给任正非和华为一个高度的评价。一个经常提醒自己危机的公司必定可以持久地活下去。数字不是全部，精彩才是人生！", "author": "老方说", "newsdate": "发布时间：19-07-03", "newstime": "15:12"}, {"title": "关于华为5G双模手机，你想知道的都在这里", "content": "提起5G手机，许多人的第一反应就是一个字：快！5G网络模式下，网速确实会大大提升，不过，你以为华为的5G双模手机仅仅只有“快”吗？首先，华为5G双模手机能同时支持SA和NSA两种组网模式所谓NSA，指的就是“非独立组网”（Non-Standalone）的5G网络模式，即“5G基站+升级的4G核心网”，就像由4班老师同时担任两个班级的班主任，成本低，但4班老师不具备5班老师的全面能力，所以在NSA网络环境下的5G目前只能满足高速率这一个应用场景。而相对应的，SA指的则是“独立组网” （Standalone）的5G网络模式，即“5G基站+5G核心网”。当每个班都有单独负责的班主任老师，能够满足不同班的不同需求，是长久方案。所以在SA网络环境下可以同时满足高速率，低时延，大连接三大应用场景。那么，同时支持SA和NSA模式，又有什么好处呢？由于各地组网模式的不同。一些地方会优先开始铺设SA模式的5G网络，而另一些地区则会采用NSA的网络模式。仅支持NSA模式的5G手机，就好比普通的小轿车，只能在平坦的公路上行驶；而同时支持SA/NSA的华为5G双模手机，就像既能跑公路也能跑山路的SUV一样，各种网络模式都能轻松适配。华为5G双模手机更有7nm Balong 5000芯片加持华为5G双模手机还支持双卡双待！在NSA的网络环境下，双卡下MODEM控制逻辑复杂，给5G终端的双卡设计带来非常大的挑战。支持SA/NSA的华为5G双模手机做了大量的研发及测试工作，不但支持双卡双待，在两个手机卡及网络均开通VOLTE的情况下，一张卡在通话的过程中，另外一张卡的呼叫也能打进来。这款同时支持SA/NSA双网络模式，搭载7nm多模芯片，支持双卡双待的手机，就是刚刚获得中国首张5G终端电信设备进网许可证的HUAWEI Mate20 X 5G版HUAWEI Mate20 X 5G版，让你的5G时代，不只有“快”，更有超乎想象的省心和便捷！关注华为终端官方熊掌号，了解更多关于华为的一手资讯和使用技巧。", "author": "华为终端", "newsdate": "发布时间：19-07-03", "newstime": "19:05"}, {"title": "华为3款5G手机：一款已通过认证，一款确定12月发布", "content": "今年被称为是5G元年，5G手机自然也成为了消费者关注的焦点。华为作为目前拥有5G标准专利最多的公司，在5G终端生产方面也是遥遥领先于其他厂商。近日，华为便曝光了旗下三款5G手机，并给出相对应的发布日期，这也令不少消费者感到欣喜，看来5G时代真的要来了。第一款：华为Mate20X 5G版目前华为Mate20X 5G版已经通过国家3C认证，并且在是中国移动，中国联通所使用的重点5G测试机。华为Mate20X 5G版其实此前已经在部分欧洲国家开售，由于国内5G网络试运营还未开始，所以一直没有登录国内市场。不过，华为Mate20X 5G版目前正在积极进行各种宣传，预计上市也只是最近一个月的事，消费者完全不必着急。第二款：华为Mate X华为Mate X自今年2月在MWC展会上面世以来，便受到不少消费者关注。该机最大的看点无疑是可折叠设计，鹰翼式铰链设计在控制机身厚度的同时还可以令手机两片合页紧密的贴合在一起，即使是折叠后手机也不会出现过于厚重的问题，同时华为Mate X的五倍光学变焦技术以及55W快充技术都是不小的看点，该机将会在今年9月上市。第三款：华为Mate30 5G版作为华为今年的年度旗舰，华为Mate 30 5G版将会搭载麒麟985芯片，该芯片使用二代7nm工艺制成，无论是性能还是功耗控制都将达到顶尖水准。另外按照以往惯例，华为Mate30 5G版会用上当年华为手机最好的技术，充电和拍照表现都会有大幅提升。该机将会在今年12月发布，而在Mate30 5G版发布之前，华为Mate30系列也将率先发布。值得一提的是，华为三款5G手机虽然使用的处理器并不相同，但5G功能的实现均是靠巴龙5000芯片。该芯片支持NSA和SA5G网络，不会因为NSA被逐渐淘汰而变得无法使用5G网络。相比只支持NSA网络的高通骁龙X50芯片，巴龙5000芯片可以适应更多的应用场景，而且还具有很长的使用寿命，可以说是全面领先高通骁龙处理器。当然，最终芯片上的优势也将变成产品的优势，超强的5G实力将成为今年华为手机最大的看点。你对华为这三款5G手机又有何看法， 不妨对此谈谈你的观点。文/JING", "author": "数码密探", "newsdate": "发布时间：19-07-03", "newstime": "19:10"}, {"title": "华为首款5G手机7月亮相！", "content": "最近华为的首款5G手机将在欧洲上市销售，它就是华为Mate20x5G版，据报道，它的定价在6607元，对于华为之前披露的上万的价格来说，这可以说是相当亲民了，华为首款5G手机将于7月在国内上市！根据相关信息，华为Mate20x5G版本除了采用华为自主开发的麒麟980处理器外，还将采用巴龙50005G基带，大大提高了速度，为用户带来全新的体验，此外，它还兼容2G、3G、4G和5G网络，5G网络不普及，仍能保证网络的实用性，不得不说华为这一功能的添加，将在市场上占据巨大的优势。在此之前，有很多报道称，华为Mate20x5G版本的售价将超过一万，这让许多用户望而却步，在支持5G网络的同时，性能也将得到显著改善，自然售价也不会很低，目前，华为Mate20x5g版本的售价已披露在6500元左右，对于上市的第一批5G手机，价格算是非常有诚意的。目前，各大手机厂商正在积极打造5G手机，当5G手机普及后，价格肯定会上涨，对于华为的首款5G手机Mate20x5G，一旦上市，肯定会受到很多用户的欢迎，最重要的是价格在6000元左右，这让很多用户感到更加期待，然而，仍然有许多用户认为销售价格过高，预算有限的用户可以等到5G手机完全普及，再过两三年，5G的手机肯定会完全降价，到那时开始也不会太晚。目前华为已经打响5G第一枪，在市场上站稳了脚跟，在国际上具有很高的影响力，在技术研发和创新能力方面一直领先于众多科技企业，进一步彰显了华为的实力，Mate20x5G将华为的性价比发挥的淋漓尽致，在性能、外观、照片等方面将有明显的提升，至于国内具体的定价，直到发布后才会知道。", "author": "家的味蕾", "newsdate": "发布时间：19-07-03", "newstime": "13:57"}, {"title": "华为又出“黑科技”，不用插卡不用wifi能上网，网友：感觉像做梦", "content": "华为又出“黑科技”，不用插卡不用wifi就能上网，网友：感觉像做梦曾经大多数智能手机使用的都是谷歌发布的安卓系统，只有苹果拥有自家研发出来的iOS系统，虽说安卓并没有IOS系统那么好用，但随着科技的不断发展，推出的各种功能也能够满足人们平时的需求。而就在我国企业慢慢壮大的今天，美方自觉受到了威胁，于是连同其他国家一起打压我国，就连美国本土的谷歌也选择和华为中断了合作。这也意味着华为生产出来的手机未来再也不能够使用安卓系统，而电脑也不能够使用windows系统，这一切对于华为来说显得异常糟糕。但好在华为在暗地中已经部署了多年，趁着这次机会也是光明正大地推出了自己家研发的系统，这一大系统推出过后肯定也会在市场上掀起一阵波澜。而不少人认为谷歌放弃了华为是愚昧之举，因为华为在去年市场上的手机销量就已经超过了两亿部，差一点点就要赶超苹果。而在最近，华为也推出了一系列新的功能，让用户们使用起来更加的便捷。第一，拍照扫码智能识别功能。平时路上遇到些不认识的东西，大家可能会拍下来，然后到网上去问问广大网友们，但有些东西实在是太千奇百怪了，很多人都不能说出个所以然来。于是华为就针对这个问题设计了一款功能，让大家将没有见过的东西扫描或者拍照下来，只要等上几秒钟，就能够通过手机自动识别获取该物体的完整信息，这样不需要询问别人也能够得到解释了，而且这个解释更加的完整。第二，指关节敲击屏幕，一键抓取截图。其他手机也出过很多有趣的截图功能，比如说只要伸出三根手指在小米手机上快速滑动一下就可以成功截图，又比如说同时按下关机和音量键，而华为为了方便大家直接设计出了只需要用指关节双击一下屏幕，就能够将屏幕中的画面截取保存到相册中。更有趣的是还能够通过用指关节画S来完成截图，不知道后续会不会推出让用户自己设计截图的图案。第三，天际通功能。前两个小功能还可以说是稍稍增加了一点新颖，与传统的功能并没有太大的差距，而这一个功能就非常让大家惊讶了，不管大家的手机有没有插卡，有没有连接无线，只要打开了这一功能并且购买了当地运营商的套餐，就可以和传统上网一样了。这样霸气的功能非常方便经常需要出国出差的工作族们，许多网友也因此表示，华为这个黑科技十分实用，感觉像是在做梦！", "author": "科技AI说", "newsdate": "发布时间：19-07-03", "newstime": "20:11"}]