[{"title": "华为Mate20 Pro价格一降再降，比华为P30更值得入手？", "content": "最近新品手机市场可谓是相当热闹，各大厂商新品是一款接着一款发布，一时间许多小伙伴也是有了购买新机的需求，不过话又说回来，新机的扎推登场对于同价位的老机型也是造成不小的分流压力，为了提升自身竞争力，许多老机型价格也是一降再降，比如华为Mate20 Pro便是如此。作为华为去年的顶级旗舰，6G+128G版华为Mate20 Pro发布价为5399元，而在发布半年后的现在，6G+128G版华为Mate20 Pro已经跌至4899元，而在电商平台和线下实体店中，6G+128G版华为Mate20 Pro价格还要更低一些，比如目前在电商平台，6G+128G版华为Mate20 Pro便跌至4200多元，相比发布价跌幅超过了1100元。在一定程度上来说，价格不断下跌的华为Mate20 Pro在性价比方面也是有所提升，反过来对于同价位的产品也是造成了一定的冲击，拿近期来说，许多网友便表示，相差不大的价格，降价后的华为Mate20 Pro相比华为P30要更值得入手（8G+64G版华为P30售价为3988元），那么讲真的，华为Mate20 Pro真的比华为P30更值得入手吗？其实在笔者看来，这个问题并不难回答，简单对比两者的三个角度便能够不再纠结，首先是外观方面，华为Mate20 Pro采取了6.39寸的曲面刘海屏设计，屏幕分辨率则为2K级别，而华为P30则采取了6.1寸的水滴屏设计，屏幕分辨率为1080P，从颜值与屏幕参数来说，华为Mate20 Pro都要有一定的优势，不仅看起来更美观，显示效果也要更为出色。其次则是硬件方面，华为Mate20 Pro与华为P30均搭载了麒麟980处理器，性能方面可以说势均力敌，另外在拍照方面华为Mate20 Pro与华为P30均后置了4000万主摄的AI三摄模式，拍照能力也是棋逢对手，不过在变焦能力方面，支持5倍混合光变与30倍数码变焦的华为P30要更为给力，而在续航上内置4200毫安电池的华为Mate20 Pro则要更为持久。再者则是功能性方面，华为Mate20 Pro虽然是老旗舰，但其黑科技可谓是满满，支持IP68级别的防水、40W的超级快充、15W的无线充电、3D结构光的解锁在内的众多功能，对比之下华为P30的屏下指纹解锁、22.5W快充等功能就有些中规中矩了，可以说综合实力方面，华为Mate20 Pro要更为全面。总结：华为Mate20 Pro与华为P30均为目前行业四千元档位不错的旗舰机型，两者对比下也是各有优劣，华为Mate20 Pro在外观与功能性等方面要有明显优势，华为P30则在变焦能力方面稍胜一筹 ，如果你更在乎颜值与性价比，相差不大的价格，综合实力更强的华为Mate20 Pro应该是更好的选择，小伙伴们，对此你怎么看？如果让你在两者中二选一，你会如何决定呢？欢迎大家留言，互相交流看法。", "author": "河大新区", "newsdate": "发布时间：19-05-08", "newstime": "20:29"}]