date,trans0,trans1,trans2,comm0,comm1,comm2,zan0,zan1,zan2,r
2018-12-01,0,0,115,0,0,51,0,0,574,1.0
2018-12-02,0,16,435,0,103,761,0,676,1869,0.7940414507772021
2018-12-03,0,128,2085,0,580,1732,0,299,4435,0.8912409547467329
2018-12-04,2997,204,5777,1876,147,2826,4410,462,9650,0.6438675085540936
2018-12-05,35,0,523,103,0,250,477,0,1088,0.7516155088852988
2018-12-06,377,2118,1029,2682,3757,2631,1309,8668,2537,0.2468137645371993
2018-12-07,0,0,37593,0,0,4510,0,0,21663,1.0
2018-12-08,659,0,0,215,0,0,882,0,0,0.0
2018-12-09,0,0,2087,0,0,4371,0,0,7892,1.0
2018-12-10,6009,2547,10851,9827,10955,14055,16670,8521,39364,0.5409978198469684
2018-12-11,1723,0,11225,1428,0,5279,3088,0,10558,0.8126482688207561
2018-12-12,21499,0,1422,17270,0,1912,72816,0,12852,0.12667976301351636
2018-12-13,3148,0,45125,1353,0,2271,12067,0,12775,0.7840993497439372
2018-12-14,1382,0,23759,10913,0,7646,6176,0,12007,0.7015173795711261
2018-12-15,599,0,32291,1892,0,1762,1239,0,8075,0.9186619564743338
2018-12-16,1248,0,71146,4260,0,6501,4588,0,26074,0.9112962035548292
2018-12-17,2637,0,19513,14841,0,6132,16187,0,13552,0.5379621750706816
2018-12-18,681,0,27602,1732,0,2502,1698,0,16462,0.918878386644829
2018-12-19,5111,0,3172,6335,0,2741,15787,0,8661,0.3486019087712584
2018-12-20,100,0,6764,540,0,1743,1027,0,2349,0.8668849317256249
2018-12-21,353,0,5378,192,0,7509,695,0,11479,0.9515738498789347
2018-12-22,14,0,355,21,0,317,51,0,382,0.9245614035087719
2018-12-23,687,0,66,1443,0,25,1388,0,158,0.06610034510220335
2018-12-24,1819,0,2455,9758,0,1649,10122,0,4704,0.2887206214967057
2018-12-25,74,109,6132,57,126,2778,59,107,21644,0.9828861867078428
2018-12-26,37,0,91,51,0,119,101,0,523,0.7950108459869848
2018-12-27,173,0,1369,474,0,1097,885,0,2512,0.7646697388632873
2018-12-28,0,0,5392,0,0,3448,0,0,29343,1.0
2018-12-29,0,0,5622,0,0,1937,0,0,2831,1.0
2018-12-30,39,0,279,66,0,348,96,0,473,0.8455034588777863
2018-12-31,2565,0,5072,1233,0,5285,2695,0,13931,0.7890581852441441
2019-01-01,13,0,31,47,0,110,204,0,409,0.6756756756756757
2019-01-02,615,0,1132,1496,0,1281,1508,0,1798,0.5378033205619412
2019-01-03,46,0,4091,98,0,4907,188,0,4103,0.9752847465197647
2019-01-04,554,0,1191,1900,0,763,1631,0,1748,0.47540773083344035
2019-01-05,89,13,218,216,100,611,396,194,1336,0.6823195713835487
2019-01-06,133,0,1729,114,0,4804,690,0,3611,0.9154408446891075
2019-01-07,0,0,664,0,0,445,0,0,1813,1.0
2019-01-08,9,0,1596,1,0,2719,51,0,3360,0.9921147880041365
2019-01-09,1807,56,187,6505,36,309,6287,159,1021,0.09268650332987108
2019-01-10,4956,132,361,10374,789,194,8248,418,389,0.03650284211747419
2019-01-11,11488,0,33425,3587,0,8556,6281,0,44539,0.8020319626237532
2019-01-12,0,0,258,0,0,827,0,0,724,1.0
2019-01-13,813,0,117,1608,0,143,2203,0,303,0.10854058222479275
2019-01-14,56,251,18261,134,515,2130,183,1422,6700,0.913631458249022
2019-01-15,0,0,646,0,0,452,0,0,1117,1.0
2019-01-16,20,0,10126,203,0,6844,332,0,5790,0.976195582243191
2019-01-17,0,1426,2905,0,1538,3414,0,2066,9902,0.7633052562232365
2019-01-18,199,1535,2290,488,1629,2360,738,5878,8619,0.5590242669362993
2019-01-19,504,70,262,836,41,122,792,107,276,0.21926910299003322
2019-01-20,24972,0,1700,11338,0,832,253645,0,5727,0.02769487683341493
2019-01-21,9766,0,3646,6007,0,2016,9588,0,10983,0.39625291625005954
2019-01-22,835,0,2004,410,0,3130,1254,0,6506,0.8232548270740505
2019-01-23,0,41,151,0,25,139,0,52,1059,0.9195637355146558
2019-01-24,0,0,1096,0,0,1842,0,0,5323,1.0
2019-01-25,0,0,676,0,0,743,0,0,352,1.0
2019-01-26,131,0,6295,461,0,6273,435,0,1611,0.9324608707089307
2019-01-27,12,49,372,101,141,196,325,146,635,0.6084977238239757
2019-01-28,0,0,5922,0,0,5196,0,0,14295,1.0
2019-01-29,579,0,1132,2037,0,2322,1187,0,5592,0.7040236594287493
2019-01-30,104,0,4373,141,0,2542,170,0,5188,0.9668477392554721
2019-01-31,0,0,1763,0,0,2167,0,0,5718,1.0
2019-02-01,43,0,453,28,0,316,109,0,1402,0.9234368353891961
2019-02-02,721,70,8173,561,125,8168,6241,518,19418,0.8127969087396295
2019-02-03,2199,0,83,160,0,216,1329,0,1551,0.3340556157457566
2019-02-04,0,0,5053,0,0,5518,0,0,3690,1.0
2019-02-05,33,277,561,13,221,624,55,2320,1123,0.4415534723550794
2019-02-06,105,0,115,481,0,93,1185,0,727,0.34552845528455284
2019-02-07,57,0,232,31,0,300,95,0,543,0.8545310015898251
2019-02-08,0,49,137,0,38,461,0,112,1052,0.8923742563547864
2019-02-09,0,0,149,0,0,297,0,0,626,1.0
2019-02-10,0,0,57,0,0,346,0,0,721,1.0
2019-02-11,0,0,24,0,0,73,0,0,220,1.0
2019-02-12,1759,0,692,1883,0,1582,7471,0,1584,0.25769821655200054
2019-02-13,27,0,26202,107,0,189642,197,0,216490,0.9992349739405776
2019-02-14,118,0,3871,165,0,4162,587,0,3185,0.9280277961614825
2019-02-15,0,0,3927,0,0,2437,0,0,4351,1.0
2019-02-16,136,0,242,197,0,328,518,0,708,0.6002818224518554
2019-02-17,167,0,0,375,0,0,394,0,0,0.0
2019-02-18,0,22,107,0,47,116,0,62,510,0.8483796296296297
2019-02-19,0,0,5664,0,0,8779,0,0,19025,1.0
2019-02-20,1672,524,1993,5600,215,3617,4572,940,2482,0.3743696507055286
2019-02-21,463,3316,830,224,1830,2241,896,10710,4637,0.30651767606473934
2019-02-22,28,0,926,36,0,1025,62,0,1341,0.9631363370392042
2019-02-27,66,220,1422,170,495,4578,117,486,3885,0.8641489640702859
2019-02-28,314,0,1102,837,0,1198,852,0,2598,0.7097522098246631
2019-03-01,1495,0,518,1045,0,339,857,0,1456,0.40507880910683014
2019-03-02,28,0,11798,121,0,3236,156,0,4880,0.9849151787922251
2019-03-03,0,0,138,0,0,112,0,0,328,1.0
2019-03-04,52,0,903,74,0,1715,118,0,3090,0.959005376344086
2019-03-05,0,0,534,0,0,1709,0,0,2527,1.0
2019-03-06,61,5,1254,372,7,456,1587,56,607,0.5259931895573212
2019-03-07,2832,6590,5123,1940,3178,3881,9682,17958,23771,0.4372623574144487
2019-03-08,84,106,998,141,104,1019,602,431,4389,0.8135636271272543
2019-03-09,45,393,145,84,321,110,122,3331,183,0.09252217997465145
2019-03-10,98,0,0,325,0,0,591,0,0,0.0
2019-03-11,23,0,1104,31,0,2861,75,0,7258,0.9886363636363636
2019-03-12,912,0,367,665,0,928,3761,0,1411,0.3363998010939831
2019-03-13,223,455,71,203,441,87,569,1605,468,0.15186802523047063
2019-03-14,843,118,871,2014,163,230,2815,337,598,0.2126674176993366
2019-03-15,239,96,15329,300,331,2606,370,145,5416,0.9403592139175257
2019-03-16,6580,14,62,928,7,385,31593,202,721,0.028845203990911786
2019-03-17,0,0,2283,0,0,1889,0,0,3552,1.0
2019-03-18,37,24,100,166,68,169,361,380,466,0.4150197628458498
2019-03-19,0,0,10461,0,0,3795,0,0,19469,1.0
2019-03-20,0,291,10195,0,202,6600,0,688,22798,0.9710354637759356
2019-03-21,8582,0,647,1016,0,920,3241,0,2682,0.24865402621722846
2019-03-22,68,0,7718,307,0,3657,773,0,3816,0.9297386620968235
2019-03-23,0,0,7638,0,0,1033,0,0,2990,1.0
2019-03-24,0,0,550,0,0,511,0,0,2161,1.0
2019-03-25,3450,2144,2447,8394,637,3014,5424,630,8353,0.4004870553445627
2019-03-26,0,0,55908,0,0,17497,0,0,29556,1.0
2019-03-27,2371,0,14903,3325,0,12243,6301,0,20192,0.7978090503075757
2019-03-28,0,0,250,0,0,345,0,0,2165,1.0
2019-03-29,16,234,301,9,239,110,102,151,407,0.521351179094965
2019-03-30,391,0,892,933,0,1256,1184,0,2245,0.6365744095058687
2019-03-31,364,0,735,590,0,1132,1054,0,2650,0.6922605363984674
2019-04-01,292,63,249,752,77,742,2445,122,2334,0.4698982475975127
2019-04-02,0,0,3412,0,0,2496,0,0,5370,1.0
2019-04-03,169,0,2373,257,0,2227,153,0,7666,0.9549240949785909
2019-04-04,72,0,502,294,0,735,121,0,1153,0.8307264511644074
2019-04-05,0,0,579,0,0,903,0,0,2058,1.0
2019-04-06,36,84,62,123,49,172,637,218,595,0.41953441295546556
2019-04-07,11,553,1287,271,114,509,220,915,2480,0.6723270440251572
2019-04-08,18,0,111,39,0,191,162,0,459,0.7765306122448979
2019-04-09,0,0,156,0,0,632,0,0,1080,1.0
2019-04-10,0,4380,760,0,700,667,0,424,2679,0.4272632674297607
2019-04-11,0,0,34820,0,0,18363,0,0,32467,1.0
2019-04-12,0,106,2892,0,88,1857,0,147,9473,0.976584494952963
2019-04-13,885,0,243,3503,0,1737,4922,0,2533,0.32648484410041234
2019-04-14,196,0,198,881,0,204,1545,0,637,0.2838022398251844
2019-04-15,157,71,296,661,45,795,381,251,1927,0.6583769633507853
2019-04-16,0,216,13084,0,145,13798,0,468,29837,0.9855946340446237
2019-04-17,1320,0,4067,3505,0,4441,3889,0,15625,0.7347094102962218
2019-04-18,20,0,868,50,0,1413,50,0,2460,0.9753137214564904
2019-04-19,78,79,1486,56,218,1649,168,291,2597,0.8655995167623075
2019-04-20,0,90,390,0,103,2201,0,233,2061,0.9161087042142576
2019-04-21,30,0,2078,676,0,863,408,0,4577,0.8709453197405005
2019-04-22,0,0,5520,0,0,6594,0,0,6605,1.0
2019-04-23,14,108,5981,94,55,4878,60,172,12055,0.9785198787205877
2019-04-24,21,0,191,109,0,177,70,0,649,0.8356614626129828
2019-04-25,0,63,1916,0,59,2119,0,454,4693,0.938091143594153
2019-04-26,0,0,104,0,0,131,0,0,406,1.0
2019-04-28,19,0,508,187,0,1176,98,0,3472,0.9443223443223443
2019-04-29,574,0,3683,831,0,3090,685,0,7249,0.8702830188679245
2019-04-30,1550,0,9722,2245,0,4150,582,0,13311,0.8613117870722433
2019-05-01,65,0,3190,718,0,1614,559,0,3121,0.8551850652854214
2019-05-02,648,0,530,1097,0,396,5132,0,386,0.16021492245695446
2019-05-03,87,117,1721,136,253,868,1119,479,6748,0.809941013185288
2019-05-04,0,0,248,0,0,70,0,0,972,1.0
2019-05-05,27,0,1288,16,0,575,29,0,4713,0.9891696750902527
2019-05-06,110,0,15252,16,0,7370,112,0,15237,0.9937527889335118
2019-05-07,71,0,2808,52,0,3765,105,0,8096,0.9846949050144325
2019-05-08,0,0,5814,0,0,2792,0,0,5260,1.0
2019-05-09,1138,0,589,984,0,782,7537,0,3059,0.3144296969266804
2019-05-10,111,0,562,74,0,1138,64,0,4525,0.9615384615384616
2019-05-11,0,0,391,0,0,601,0,0,1134,1.0
2019-05-12,0,0,19,0,0,9,0,0,110,1.0
2019-05-13,87,0,4982,59,0,3667,50,0,34460,0.9954739637455259
2019-05-14,0,0,5716,0,0,6500,0,0,6478,1.0
2019-05-15,0,28,601,0,8,540,0,63,1148,0.9585427135678392
2019-05-16,470,133,4264,547,395,3846,2696,894,11637,0.7936259143155695
2019-05-17,107,0,665,83,0,954,533,0,5944,0.9127443881245474
2019-05-18,0,0,356,0,0,456,0,0,2013,1.0
2019-05-19,117,0,782,211,0,239,132,0,1811,0.8602673147023087
2019-05-20,2022,0,318,2643,0,1002,8086,0,1255,0.16801513767454
2019-05-21,8453,2700,6569,4503,1601,4312,31097,10409,17998,0.329510965062413
2019-05-22,0,0,7628,0,0,8069,0,0,48246,1.0
2019-05-23,1831,0,23173,3868,0,24898,3026,0,108641,0.9472608908527113
2019-05-24,688,636,20499,1332,695,5484,3280,3853,32928,0.8489228330571367
2019-05-25,13265,0,5765,6047,0,6402,69643,0,21306,0.27340967752474926
2019-05-26,8470,0,3943,4072,0,3317,25978,0,11865,0.3317720530835285
2019-05-27,28881,332,9709,7168,130,2836,51841,1902,20514,0.2680901445914056
2019-05-28,1718,0,82662,3884,0,15009,6464,0,226983,0.9641660727013542
2019-05-29,928,0,4721,1776,0,4451,2912,0,20203,0.8395015861221456
2019-05-30,91,0,3305,122,0,2303,296,0,28637,0.9853542038326524
2019-05-31,75,0,19397,28,0,8565,114,0,266721,0.9992641573414717
2019-06-01,0,103,42270,0,119,13736,0,2792,228895,0.9895316325998993
2019-06-02,510,0,17738,396,0,6951,4706,0,69271,0.9436387739525167
2019-06-03,0,0,2811,0,0,906,0,0,8891,1.0
2019-06-04,1063,0,3293,1187,0,1741,17735,0,11120,0.4469963197653504
2019-06-05,126,0,2901,188,0,1018,1316,0,9939,0.8947572314049587
2019-06-06,349,0,13935,270,0,4622,2724,0,85001,0.9687280755091159
2019-06-07,852,0,487,414,0,6,2310,0,140,0.150392017106201
2019-06-08,0,0,2608,0,0,977,0,0,13697,1.0
2019-06-09,259,0,4170,164,0,3746,745,0,49048,0.9799077960503682
2019-06-10,0,0,8219,0,0,6225,0,0,60550,1.0
2019-06-11,61,0,35160,47,0,15902,374,0,361793,0.9988338813123432
2019-06-12,581,0,5688,412,0,1528,3392,0,15608,0.83884008967621
2019-06-13,224,0,1182,119,0,1083,947,0,20124,0.9455213480299
2019-06-14,0,0,67208,0,0,16892,0,0,66779,1.0
2019-06-15,18,0,2752,131,0,1768,1405,0,18965,0.9379368185630417
2019-06-16,348,98,802,2070,74,3141,10032,824,19574,0.6362308254200146
2019-06-17,293,9443,10830,1795,759,10956,9164,11650,9602,0.4866960243130931
2019-06-18,0,0,10936,0,0,8601,0,0,51072,1.0
2019-06-19,0,0,10457,0,0,3148,0,0,27028,1.0
2019-06-20,1984,0,18036,2057,0,4185,20702,0,37423,0.7067913304181924
2019-06-21,3544,436,26312,983,1107,5918,7157,22296,83601,0.765298571560712
2019-06-22,0,0,3401,0,0,1873,0,0,12956,1.0
2019-06-23,628,0,4310,1311,0,4040,8063,0,39993,0.8285714285714286
2019-06-24,89,0,702,206,0,515,739,0,3834,0.8300739523418241
2019-06-25,58,0,5716,122,0,5409,1263,0,37609,0.9712418040137912
2019-06-26,3211,0,2469,2266,0,2333,20943,0,10158,0.36152730787820203
2019-06-27,10338,0,690,2446,0,1322,35031,0,7406,0.1645554138346758
2019-06-28,270,0,8833,178,0,7237,2965,0,104124,0.9723882951612772
2019-06-29,186,0,2349,189,0,2943,3727,0,31034,0.8985356683486693
2019-06-30,124,0,2255,155,0,2070,777,0,9613,0.9295718287314926
2019-07-01,59,0,1319,32,0,528,393,0,3350,0.9148037317373702
2019-07-02,0,0,230,0,0,65,0,0,423,1.0
2019-07-03,0,0,209,0,0,315,0,0,1832,1.0
2019-07-04,0,0,191,0,0,256,0,0,1032,1.0
2019-07-05,126,0,360,131,0,82,1096,0,234,0.33316904879250864
2019-07-06,81,59,764,62,9,796,202,220,7546,0.9350035937981312
2019-07-07,0,0,857,0,0,302,0,0,2598,1.0
2019-07-08,0,0,0,0,0,0,0,0,0,0
2019-07-09,1158,658,5788,941,416,9213,3431,4741,20934,0.7600465313028765
2019-07-10,104,0,32,97,0,51,712,0,300,0.29552469135802467
2019-07-11,21,112,1130,12,57,797,66,358,4231,0.9077240566037735
2019-07-12,0,0,63,0,0,26,0,0,357,1.0
2019-07-13,7,0,78,117,0,112,730,0,2010,0.7203667321545514
2019-07-14,0,0,1418,0,0,1397,0,0,4037,1.0
2019-07-15,120,0,2668,602,0,1848,1904,0,8896,0.8362638733009103
2019-07-16,0,0,1741,0,0,1912,0,0,4446,1.0
2019-07-17,147,0,3021,196,0,4388,1017,0,43824,0.9741410453862681
2019-07-18,588,0,2690,313,0,1745,1246,0,8878,0.8611254851228978
2019-07-19,742,0,5918,476,0,2691,549,0,11118,0.9177910114450545
2019-07-20,0,0,253,0,0,32,0,0,313,1.0
2019-07-21,12,149,1231,427,261,891,1119,1013,4063,0.6747763473707179
2019-07-22,82,0,1375,35,0,2049,98,0,14644,0.9882404419406006
2019-07-23,0,0,3704,0,0,4075,0,0,29747,1.0
2019-07-24,50,0,1040,118,0,2995,1530,0,6874,0.865312921392877
2019-07-25,127,0,392,256,0,984,983,0,4724,0.8170372354674524
2019-07-26,49,2742,1350,86,8572,879,576,139654,4913,0.044968864318950266
2019-07-27,339,40,2628,693,238,2417,3203,839,12304,0.7642394608167041
2019-07-28,861,0,525,258,0,226,352,0,953,0.5366929133858268
2019-07-29,0,0,209,0,0,278,0,0,2058,1.0
2019-07-30,963,0,97,1938,0,298,22644,0,1659,0.07442298634008479
2019-07-31,0,66,39,0,124,229,0,1254,414,0.32079021636876764
2019-08-01,95,0,803,394,0,590,1347,0,4028,0.7470028937577511
2019-08-02,0,0,24,0,0,61,0,0,389,1.0
2019-08-03,0,0,881,0,0,783,0,0,10652,1.0
2019-08-04,8,0,478,188,0,588,238,0,2092,0.8791759465478842
2019-08-05,0,0,6414,0,0,2674,0,0,12510,1.0
2019-08-06,0,0,8078,0,0,3360,0,0,27571,1.0
2019-08-07,43,0,483,79,0,990,541,0,2686,0.8625051845707176
2019-08-08,0,0,1148,0,0,1639,0,0,8999,1.0
2019-08-09,0,0,61464,0,0,32294,0,0,612525,1.0
2019-08-10,0,0,3944,0,0,4068,0,0,40579,1.0
2019-08-11,143,0,847,553,0,356,3864,0,6503,0.6282406652535464
2019-08-12,29,62,1509,394,114,1935,1049,570,11207,0.8685162131720908
2019-08-13,0,0,1530,0,0,1748,0,0,10843,1.0
2019-08-14,0,0,379,0,0,1110,0,0,4427,1.0
2019-08-15,0,0,2938,0,0,1649,0,0,6860,1.0
2019-08-16,0,0,17482,0,0,8195,0,0,31171,1.0
2019-08-17,2801,0,8654,1613,0,2122,24444,0,49491,0.6762075736325386
2019-08-18,464,323,1483,941,235,2033,19612,3194,26781,0.5501943122798096
2019-08-19,178,0,23352,367,0,11992,3598,0,126157,0.9749885296177344
2019-08-20,0,0,2057,0,0,2086,0,0,2209,1.0
2019-08-21,81,0,2694,212,0,895,1234,0,42786,0.9681224166005594
2019-08-22,187,0,7338,243,0,12658,5091,0,163712,0.9708237109533951
2019-08-23,333,0,66289,460,0,3002,5117,0,77813,0.9613760832342139
2019-08-24,40,0,8688,324,0,3064,736,0,11222,0.9543075517155437
2019-08-25,67,0,1763,144,0,388,1183,0,4708,0.8310917242214952
2019-08-26,0,0,1880,0,0,2792,0,0,6229,1.0
2019-08-27,0,54,2834,0,38,586,0,119,3030,0.9683230746134214
2019-08-28,296,0,1281,398,0,1767,2356,0,7081,0.7685712117763108
2019-08-29,13,20,1073,34,48,1354,139,192,6140,0.9505159214467991
2019-08-30,595,50,1568,225,199,7644,1035,358,66543,0.9685234667655369
2019-08-31,0,0,660,0,0,1857,0,0,7294,1.0
2019-09-01,36,0,2090,600,0,4168,2482,0,17789,0.8852199521443034
2019-09-02,145,0,386,558,0,1018,1930,0,5575,0.7260715771951727
2019-09-03,167,0,1376,605,0,2235,2315,0,16338,0.8659923597846848
2019-09-04,0,0,347,0,0,172,0,0,911,1.0
2019-09-05,262,0,17871,1492,0,5946,6839,0,40286,0.8817954220314735
2019-09-06,369,0,1036,328,0,4434,2094,0,31414,0.929653434152489
2019-09-07,287,0,693,252,0,582,966,0,3315,0.7530762920426579
2019-09-08,0,0,744,0,0,2507,0,0,14225,1.0
2019-09-09,0,0,2748,0,0,5164,0,0,21550,1.0
2019-09-10,68,708,17249,241,365,10354,357,2815,30488,0.9273046532045655
2019-09-11,0,0,7920,0,0,14816,0,0,99102,1.0
2019-09-12,0,0,2870,0,0,4363,0,0,11409,1.0
2019-09-13,0,0,679,0,0,2141,0,0,9862,1.0
2019-09-14,484,0,306,280,0,559,1169,0,1718,0.5719663418954827
2019-09-15,78,0,1218,679,0,754,1934,0,4399,0.7030456852791879
2019-09-16,1169,0,2887,1273,0,10428,12534,0,108873,0.8908168324050042
2019-09-17,428,139,1007,1089,783,6106,4055,4182,35334,0.7990324341622272
2019-09-18,566,0,1302,2613,0,4515,17176,0,28678,0.6288969917958067
2019-09-19,0,0,6721,0,0,15707,0,0,110148,1.0
2019-09-20,61,1802,2910,220,1849,5864,1135,7179,29019,0.7552708887068087
2019-09-21,0,0,1803,0,0,2038,0,0,9463,1.0
2019-09-22,128,0,2831,356,0,4473,1016,0,9351,0.9173781327458
2019-09-23,106,0,8273,164,0,12864,712,0,175423,0.9950289052454668
2019-09-24,508,206,3080,3272,1369,7416,32256,9024,64628,0.6169892985323466
2019-09-25,36,115,649,404,626,878,882,3707,3850,0.4823719386381986
2019-09-26,494,0,3329,5809,0,6635,44624,0,73462,0.6209463130707912
2019-09-27,619,62,5499,103,286,7536,837,1656,21785,0.9071724461350077
2019-09-28,0,0,5870,0,0,8368,0,0,22642,1.0
2019-09-29,5314,22,34564,2514,191,20333,10332,2306,178355,0.9185644919289099
2019-09-30,37,0,11378,50,0,8486,125,0,22265,0.994993032757847
2019-09-31,0,0,38279,0,0,9710,0,0,128564,1.0
2019-10-01,0,0,162,0,0,457,0,0,1282,1.0
2019-10-02,192,242,119,789,223,328,2152,1374,2344,0.3595259564601314
2019-10-03,234,50,3240,1854,487,2444,5569,1980,10325,0.6114272619638697
2019-10-04,0,0,277,0,0,529,0,0,2244,1.0
2019-10-05,624,0,251,1320,0,253,14967,0,1313,0.09702050405809483
2019-10-06,12,0,96,127,0,159,252,0,1585,0.8247422680412371
2019-10-07,324,0,625,1016,0,1790,4497,0,17533,0.7736280783401203
2019-10-08,0,47,81478,0,110,29926,0,647,233214,0.9976724122956847
2019-10-09,7,92,2348,49,47,2571,176,477,8421,0.9402311812799549
2019-10-10,246,0,621,362,0,1115,1816,0,5630,0.7524004085801839
2019-10-11,746,0,4979,1520,0,2150,3240,0,21437,0.838401033106363
2019-10-12,0,0,2033,0,0,2289,0,0,7750,1.0
2019-10-13,106,82,918,43,185,1395,375,383,8764,0.9041710880744429
2019-10-14,15,0,900,15,0,1044,80,0,4755,0.9838449111470113
2019-10-15,0,0,380,0,0,596,0,0,8615,1.0
2019-10-16,88,144,387,438,409,872,50794,3016,4622,0.09677472437057759
2019-10-17,158,0,278,359,0,1061,1237,0,5325,0.7916369684010454
2019-10-18,0,0,6211,0,0,2987,0,0,17931,1.0
2019-10-19,0,0,15762,0,0,8723,0,0,122703,1.0
2019-10-20,790,37,6515,360,189,1424,3836,1084,9806,0.7381140551557756
2019-10-21,0,0,1558,0,0,1376,0,0,4598,1.0
2019-10-22,0,0,245,0,0,397,0,0,1873,1.0
2019-10-23,1849,0,4207,4299,0,5229,71749,0,29975,0.3359617417396938
2019-10-24,0,0,3062,0,0,2928,0,0,8200,1.0
2019-10-25,55,0,2627,103,0,1170,393,0,50702,0.9899909173478656
2019-10-26,13,273,6529,166,43,4030,972,806,11153,0.905232436939754
2019-10-27,0,0,852,0,0,980,0,0,5922,1.0
2019-10-28,18361,70,5316,4190,17,8866,4567,179,114421,0.8244469090372916
2019-10-29,86,110,1839,166,145,5353,476,564,16303,0.938223784042808
2019-10-30,0,1352,1714,0,236,2569,0,3045,8129,0.7281900850689351
2019-10-31,0,0,6765,0,0,18163,0,0,24958,1.0
2019-11-01,1942,0,27288,9570,0,26684,110915,0,204629,0.678692904458465
2019-11-02,1530,0,2199,956,0,4689,2302,0,10540,0.7844796543032049
2019-11-03,196,113,4611,411,195,5004,988,686,59171,0.9637267950963222
2019-11-04,50,0,4817,931,0,1988,1064,0,8237,0.8803183706911687
2019-11-05,113,0,2776,726,0,1445,2126,0,5022,0.7571264744429882
2019-11-06,52,0,2887,61,0,1789,362,0,12427,0.9729775856183867
2019-11-07,2506,0,1624,994,0,1308,11801,0,10684,0.47086488916554275
2019-11-08,228,0,8119,584,0,8974,2123,0,41702,0.952454236189859
2019-11-09,14,0,8667,60,0,7851,152,0,567104,0.9996129129499459
2019-11-10,343,0,26597,1279,0,16011,4994,0,97304,0.9548482201354007
2019-11-11,2626,223,17137,2635,216,31922,61838,2322,51537,0.5901581639836674
2019-11-12,0,83,3679,0,452,2877,0,2938,3461,0.7425500370644922
2019-11-13,52,0,3320,118,0,1173,450,0,6756,0.9477630802932008
2019-11-14,27,0,1464,121,0,1575,538,0,4231,0.9137757667169432
2019-11-15,74,0,2170,386,0,1658,1041,0,4817,0.8520599250936329
2019-11-16,0,0,1882,0,0,2740,0,0,8529,1.0
2019-11-17,49,0,2421,186,0,1274,1443,0,9369,0.8861755528422195
2019-11-18,628,0,6794,1340,0,3704,5750,0,18028,0.7870544090056285
2019-11-19,52,32,15561,135,335,7621,1106,1688,32697,0.9434717274216151
2019-11-20,52,59,32990,296,229,5044,417,405,22387,0.9764378868436788
2019-11-21,872,0,8885,1536,0,12131,2644,0,21958,0.8948069795527422
2019-11-22,262,0,5787,13,0,5737,256,0,19385,0.9831106870229007
2019-11-23,0,0,4724,0,0,3228,0,0,8247,1.0
2019-11-24,73,0,3122,74,0,2669,359,0,9093,0.9671215074723847
2019-11-25,409,0,3199,806,0,5103,4509,0,22474,0.8431780821917808
2019-11-26,1229,175,10989,537,138,13273,1800,619,88427,0.9616169028987857
2019-11-27,31,10782,701,38,4199,901,87,3468,3735,0.22291370812797595
2019-11-28,650,5990,6967,2048,1262,2574,10975,10075,7647,0.35668631194488254
2019-11-29,0,0,6090,0,0,6654,0,0,49601,1.0
2019-11-30,0,0,1353,0,0,2749,0,0,24201,1.0
2019-12-01,176,0,0,2177,0,0,34874,0,0,0.0
2019-12-02,3120,0,450,5533,0,10227,32621,0,97705,0.7242075159031378
2019-12-03,5343,0,12704,7374,0,20712,73767,0,175494,0.7072249267080577
2019-12-04,181,0,3232,232,0,907,2159,0,4991,0.7802085113655786
2019-12-05,9068,0,55577,6031,0,12412,37422,0,79404,0.7372820312734476
2019-12-06,4579,17,64518,2752,39,4233,30806,249,52611,0.759442817451378
2019-12-07,3723,0,87181,7675,0,6605,43002,0,64814,0.7446009389671362
2019-12-08,117,0,19881,218,0,12476,1931,0,47374,0.9723648426161933
2019-12-09,326,0,1953,403,0,2869,4498,0,9594,0.7339001170900575
2019-12-10,123,0,38752,189,0,8366,1525,0,37061,0.9786435081845238
2019-12-11,403,0,7068,496,0,9289,867,0,115403,0.9867741114090139
2019-12-12,32,0,1880,17,0,2556,347,0,8393,0.9700567107750473
2019-12-13,416,0,693,340,0,1360,2779,0,4226,0.6398002853067047
2019-12-14,110,0,1677,321,0,4502,1625,0,11010,0.8931670563782801
2019-12-15,198,0,4471,364,0,6453,2322,0,22154,0.9198042378065736
2019-12-16,0,0,8743,0,0,4479,0,0,11062,1.0
2019-12-17,43,0,5390,74,0,6240,878,0,28497,0.9758037060454258
2019-12-18,579,0,6722,811,0,2078,4642,0,5430,0.7022998716809792
2019-12-19,270,0,6812,572,0,6263,6674,0,29194,0.8490308325800944
2019-12-20,11201,50,1307,2808,29,3151,3761,154,8256,0.41390760816485983
2019-12-21,0,0,2862,0,0,3742,0,0,6270,1.0
2019-12-22,22,0,31441,93,0,15624,357,0,41220,0.9946821095800895
2019-12-23,388,0,197391,442,0,26813,1588,0,135294,0.9933188916765217
2019-12-24,1171,24,8404,378,104,13711,2161,287,22978,0.9161891990735097
2019-12-25,255,84,1955,345,1020,3280,2105,4760,15564,0.7082198311086897
2019-12-26,93,0,2252,654,0,1870,3639,0,7057,0.7182139415354963
2019-12-27,67,0,5215,70,0,10881,519,0,23905,0.9838650170942274
2019-12-28,0,0,33485,0,0,4450,0,0,15674,1.0
2019-12-29,150,0,2293,1009,0,2477,4915,0,8488,0.6858059176494931
2019-12-30,41,0,8777,8,0,6719,57,0,28208,0.9975804610819448
2019-12-31,10,0,5536,146,0,4482,241,0,15059,0.9844154824526968
