{"快讯": 6, "：": 28, "特朗普": 50, "美国": 48, "公司": 46, "华为": 87, "出售": 37, "零件": 26, "当地": 19, "时间": 9, "29日": 19, "下午": 16, "G20": 20, "闭幕": 7, "记者会": 7, "企业": 18, "零部件": 8, "央视": 3, "记者": 3, "骆魏": 1, "​": 14, "视频": 17, "产品": 11, "外交部": 12, "特使": 12, "、": 30, "国际": 13, "经济司": 12, "司长": 12, "王小龙": 19, "称": 24, "美方": 48, "解除": 21, "说到做到": 22, "肯定": 11, "一家": 6, "私营": 5, "信息": 6, "技术": 8, "世界": 8, "处于": 5, "领先": 5, "位置": 5, "一个": 10, "投资": 6, "参与": 5, "通信": 10, "产业": 10, "开发": 5, "建设": 5, "运营": 5, "都会": 5, "起到": 5, "很": 6, "作用": 5, "L": 4, "回应": 17, "路透社": 2, "刚刚": 2, "消息": 3, "(": 1, ")": 1, "有线": 1, "电视": 1, "新闻网": 1, "CNN": 1, "报道": 2, "当天": 1, "中国": 23, "国家": 3, "主席": 3, "会晤": 8, "新闻": 8, "发布会": 8, "再次": 1, "购买": 2, "设备": 2, "…": 1, "紧急": 1, "O": 3, "！": 11, "打压": 1, "超越": 2, "6月": 4, "26日": 1, "播出": 1, "联播": 3, "塞尔维亚": 1, "社会党": 1, "副主席": 1, "议会": 1, "外事": 1, "委员会": 1, "奥布拉多维奇": 1, "接受": 4, "采访": 5, "合作": 1, "担心": 2, "控制": 1, "5G": 3, "先进": 1, "竞赛": 1, "赢": 1, "才": 1, "明白": 1, "水平": 1, "禁令": 1, "害怕": 1, "科技": 3, "秒拍": 6, "中方": 13, "代表团": 5, "中心": 7, "中外": 5, "媒体": 9, "吹风会": 7, "讲到": 2, "O中方": 1, "L环": 1, "@": 9, "环视频": 1, "环球": 3, "时报": 1, "三": 1, "缺": 1, "二视": 1, "频组": 1, "视": 2, "频L": 2, "卖": 2, "恭喜": 1, "TFBOYS": 1, "易烊": 1, "千玺战队": 1, "nova5": 1, "Pro": 1, "记录": 1, "易燃": 1, "装置": 1, "全员": 1, "晋级": 1, "时刻": 1, "评论区": 1, "惊喜": 1, "当年": 1, "配方": 1, "熟悉": 1, "味道": 1, "这是": 1, "经济": 1, "立国": 1, "拳": 1, "免得": 1, "百拳来": 1, "从此": 1, "各国": 1, "刮目相看": 1, "事实": 1, "证明": 1, "没法": 1, "低调": 1, "恰当": 1, "展示": 1, "实力": 1, "总体": 1, "有利于": 1, "和平": 1, "O特朗普": 2, "空间": 1, "吃瓜": 1, "震撼": 1, "妈": 1, "画技": 1, "都": 2, "广告": 1, "审美": 1, "牛逼": 1, "总统": 2, "大阪": 4, "巨头": 1, "售卖": 1, "表态": 1, "落实": 1, "封锁": 1, "断供": 1, "动向": 1, "中国人": 4, "场": 1, "贸易战": 1, "性质": 1, "提供": 5, "份": 1, "材料": 1, "表现": 1, "易变性": 1, "很多": 1, "接下来": 1, "发生": 3, "将信将疑": 1, "拭目以待": 1, "老胡": 1, "平常心": 1, "事情": 1, "办好": 1, "经历": 1, "无数": 1, "教训": 1, "提示": 1, "想": 1, "美": 4, "最终": 1, "达成": 1, "经贸": 3, "协议": 1, "远": 1, "迈": 1, "坚实": 1, "目标": 1, "距离": 1, "变得": 1, "环球网": 4, "L视频": 1, "来源": 2, "加征": 4, "关税": 4, "华尔街": 1, "日报": 1, "川普": 1, "makeadeal": 1, "””": 1, "糟": 1, "老头": 1, "子坏": 1, "加油": 1, "期待": 1, "鸿蒙": 1, "难忘": 1, "毕业": 3, "典礼": 2, "校友": 2, "代表": 2, "致辞": 2, "套路": 1, "清华": 2, "学生": 2, "老师": 2, "27日": 1, "陕西": 1, "师范": 1, "大学": 1, "清华大学": 1, "附属": 1, "中学": 1, "校长": 1, "王殿军": 1, "陕师大": 1, "附中": 1, "找": 1, "学校": 1, "途中": 1, "亮": 1, "手机": 1, "L一手": 1, "video": 1, "日本": 6, "研究": 6, "机构": 5, "拆解": 4, "P30Pro": 5, "美企": 4, "占": 4, "0.9%": 5, "组件": 5, "价值": 4, "显示": 1, "1631": 2, "元器件": 2, "成本": 2, "2500": 1, "元": 1, "企零": 1, "件": 1, "日企": 2, "占比": 7, "超": 1, "5成": 1, "大陆": 2, "38%": 1, "屏幕": 1, "昂贵": 1, "京东方": 1, "老板": 2, "元首": 2, "细节": 3, "供货": 3, "上午": 1, "11时": 1, "50分": 1, "习近平": 2, "广播": 1, "电台": 1, "成效": 1, "超出": 1, "预期": 1, "国": 3, "关系": 1, "重回": 1, "正轨": 1, "贸易": 1, "谈判": 1, "不对": 1, "此前": 1, "3500亿": 1, "美元": 3, "#O": 2, "任正非": 5, "加拿大": 7, "孟晚舟": 2, "事件": 2, "成华": 1, "全球": 1, "理论": 2, "心声": 1, "社区": 1, "发布": 1, "日前": 1, "邮报": 2, "纪要": 1, "联邦": 1, "快递": 1, "实体": 2, "清单": 2, "专利费": 1, "众多": 1, "解答": 1, "提到": 1, "这次": 1, "冲突": 2, "科研": 1, "实录": 1, "打击": 1, "财务": 1, "报表": 1, "预测": 1, "要好": 1, "": 1, "魔道": 1, "祖师": 1, "动画": 1, "忘羡": 1, "寄": 1, "君": 1, "曲": 1, "曲终人": 1, "聚散": 1, "抱图": 1, "请": 1, "忘羡": 1, "留下": 1, "祝福": 1, "图源": 1, "主题": 2, "宣传图": 1, "修图": 1, "角色": 1, "款": 1, "商城": 1, "中新": 1, "L中": 1, "峰会": 1, "同意": 1, "启": 1, "磋商": 1, "位于": 1, "央广": 1, "筱璇": 1, "潘": 1, "毅": 1, "李": 1, "思默": 1, "中国之声": 1, "发现": 1, "15": 1, "16.3%": 1, "；": 2, "数量": 1, "最多": 1, "869": 1, "过半": 1, "23%": 1, "80": 1, "38.1%": 1, "快": 1, "2018O": 1}