{"央视": 9, "报道": 13, "崔": 1, "娃": 1, "脱口秀": 7, "宝贝": 5, "！": 31, "中国": 32, "美国": 15, "研发": 3, "5G": 8, "技术": 7, "遥遥领先": 2, "想起": 2, "当年": 2, "LD": 2, "DVD": 2, "竞争": 6, "著名": 3, "主持人": 3, "特雷弗·诺亚": 3, "TrevorNoah": 2, "在线": 2, "吐槽": 5, "打压": 5, "华为": 54, "说到": 2, "不少": 4, "网友": 9, "心坎儿": 2, "段": 3, "别名": 3, "崔娃": 3, "特雷弗": 3, "期": 3, "节目": 4, "兴奋": 3, "大喊": 3, "：": 32, "L微": 1, "丢": 1, "秒拍": 7, "视频": 16, "微丢": 2, "实力": 2, "美": 7, "主播": 2, "每日": 1, "秀": 1, "好评": 1, "L": 2, "科协": 2, "十学会": 1, "联合": 2, "回应": 8, "IEEE": 4, "审稿门": 2, "事件": 5, "这是": 6, "学术": 4, "交流": 4, "倒退": 2, "针对": 2, "纽约": 1, "电气": 1, "电子": 1, "工程师": 1, "学会": 2, "员工": 1, "资助": 1, "参与": 1, "审稿": 1, "作出": 1, "无理": 1, "发布": 7, "声明": 3, "科学": 1, "国界": 1, "国际": 2, "影响力": 1, "非政治性": 1, "、": 6, "非营利": 1, "组织": 1, "内部": 3, "政治": 1, "捆绑": 1, "举动": 1, "背离": 1, "长期": 1, "秉持": 1, "信赖": 1, "偏见": 1, "核心": 1, "价值": 1, "科学家": 1, "机构": 1, "歧视": 1, "发展": 1, "学术界": 1, "科技界": 2, "场": 1, "危机": 1, "敦促": 1, "回归": 1, "轨道": 1, "取信": 1, "全体": 1, "会员": 1, "全球": 1, "记者": 2, "刘": 1, "璐璐": 1, "董": 1, "峻彤": 1, "BBC": 6, "盘点": 4, "领先": 4, "世界": 7, "科技": 10, "位列": 2, "第一": 8, "中文网": 2, "包括": 2, "超级": 3, "计算机": 2, "人工": 2, "智能": 9, "称": 5, "西方": 2, "势头": 2, "胜负": 2, "命运": 2, "21": 2, "世纪": 2, "走向": 3, "L老板": 1, "联播": 2, "​": 15, "手机": 2, "试": 3, "发": 4, "自媒体": 3, "内容": 2, "复制": 1, "粘贴": 1, "忘": 1, "删除": 3, "人名": 1, "有病": 1, "就要": 1, "医": 1, "千万": 1, "水军": 3, "攻击": 1, "沦陷": 1, "很": 2, "奇怪耶": 1, "百": 1, "讲": 1, "三": 1, "黑": 1, "某人": 2, "郑重": 1, "粉丝们": 1, "道歉": 1, "害": 1, "吵架": 1, "爱": 2, "维护": 1, "关系": 5, "手写": 1, "简体字": 1, "本来": 1, "只怕": 1, "粉丝": 1, "委屈": 1, "真的": 4, "骂": 2, "一个": 3, "厉害": 1, "真实": 1, "生活": 1, "当中": 1, "媒体": 1, "毕竟": 1, "疼": 1, "捧": 1, "……": 3, "缘尽": 1, "随风而去": 1, "🙏": 1, "@": 5, "微丢L": 1, "荣耀": 1, "有人": 1, "嘲讽": 1, "IPhone": 1, "谈": 1, "贸易战": 1, "普及": 1, "无脑": 1, "抵制": 1, "产业": 1, "布局": 1, "时期": 1, "领头人": 1, "任正非": 2, "老夫": 1, "回答": 1, "四": 1, "字": 1, "民族": 2, "英雄": 2, "含量": 1, "胆战心惊": 1, "那种": 2, "成立": 4, "汽车": 7, "解决": 5, "方案": 5, "BU": 5, "车企": 2, "造好": 2, "车": 1, "近日": 1, "文件": 1, "隶属": 1, "ICT": 2, "管理": 2, "委员会": 1, "定位": 1, "领域": 1, "端到": 1, "端": 1, "业务": 7, "责任": 1, "主体": 1, "提供": 4, "部件": 1, "据悉": 1, "任命": 1, "王军": 1, "总裁": 1, "O": 2, "直击": 1, "|": 2, "车​": 1, "男神": 1, "任性": 1, "胡歌": 1, "只能": 1, "签华": 1, "L制": 1, "杖妹": 1, "经贸": 1, "磋商": 1, "白皮书": 1, "北极": 1, "零下": 1, "30": 1, "度": 1, "同行": 1, "苹果们": 1, "早就": 1, "机": 1, "依然": 1, "轻松": 1, "拍摄": 4, "品质": 1, "国货": 1, "自豪": 1, "小尾巴L": 1, "娱乐": 1, "破事": 1, "电影": 10, "悟空": 8, "刷屏": 3, "永不": 4, "天高地厚": 7, "5月": 4, "23日": 4, "官方": 11, "短片": 3, "P30Pro": 4, "携手": 3, "第十一": 3, "届": 3, "FIRST": 3, "影展": 3, "最佳": 6, "影片": 3, "导演": 7, "获得者": 3, "蔡成杰": 4, "支": 5, "裸机": 4, "竖屏": 5, "片长": 3, "8": 3, "分钟": 3, "片如其名": 3, "贯穿": 3, "全片": 3, "精神": 3, "主线": 3, "正是": 3, "主人公": 4, "男孩": 3, "喜爱": 3, "孙悟空": 3, "后者": 3, "拥有": 3, "十八般": 3, "武艺": 3, "不畏": 3, "艰险": 3, "敢于": 3, "恶": 3, "势力": 3, "斗争": 3, "网友们": 3, "看完": 3, "不禁": 3, "惊呼": 3, "仿佛": 3, "回到": 3, "童年": 3, "不知": 3, "L华": 4, "终端": 4, "痛心": 1, "万万": 1, "想到": 1, "刚": 1, "蓝牙": 3, "疯狂": 1, "抬杠": 1, "连接": 1, "距离": 2, "突破": 2, "200米": 2, "意义": 1, "噱头": 1, "懂": 1, "重要性": 1, "自主": 1, "联盟": 1, "脸色": 1, "用来": 1, "打电话": 1, "远": 1, "稳定": 1, "通信": 1, "未来": 3, "万物": 2, "互联": 2, "铺垫": 1, "关键": 1, "自动": 1, "实时": 1, "调节": 1, "信号": 1, "功率": 1, "大幅": 1, "降低": 1, "耗电": 1, "基础": 1, "盘": 1, "大棋": 1, "接下来": 1, "启动": 1, "B": 1, "计划": 3, "出手": 1, "回头路": 1, "台湾": 1, "2019hito": 1, "流行": 1, "音乐": 1, "颁奖": 1, "典礼": 1, "今晚": 1, "台北": 1, "小巨蛋": 1, "华为p30": 1, "30pro": 1, "倾情": 1, "赞助": 1, "哇咔咔": 1, "！！！​": 1, "张": 1, "佑赫": 1, "渣华": 1, "mate9": 1, "真心": 1, "对不起": 1, "位置": 1, "～": 1, "大炮": 1, "都": 2, "旁边": 2, "取景": 1, "Lsanta豆豆": 1, "批文": 1, "事业部": 1, "请": 1, "指教": 1, "市面": 1, "款": 1, "平板": 1, "手": 1, "写笔": 1, "文档": 1, "笔记": 1, "重点": 1, "联邦": 25, "快递": 27, "立案": 3, "调查": 10, "重视": 6, "华": 2, "全力": 7, "配合": 7, "监管": 7, "当地": 3, "时间": 3, "6月": 2, "1日": 3, "网站": 3, "高度": 4, "有限公司": 4, "客户": 10, "高标准": 3, "服务": 6, "人民日报": 2, "全民": 1, "宠粉": 1, "按捺不住": 1, "转发": 1, "➕": 1, "关注": 2, "送": 1, "台": 1, "nova": 1, "46月": 1, "18日": 1, "抽奖": 3, "平台": 2, "​O": 1, "详情": 1, "颠覆": 1, "传统": 1, "横屏": 1, "手法": 1, "审美": 1, "习惯": 1, "P30": 1, "系列": 1, "影像": 1, "拍": 1, "正名": 1, "力作": 1, "不顾一切": 1, "样子": 1, "诠释": 1, "几十": 1, "执着": 1, "奋斗": 1, "(": 1, "来源": 1, "重庆": 1, "晨报": 1, "专家": 1, "研究": 2, "好久": 1, "高科技": 1, "30手机": 1, "终于": 1, "发现": 1, "真相": 1, "目击": 1, "不明": 1, "飞行物": 1, "深圳": 1, "民宿": 1, "部门": 1, "傅": 1, "小腾": 1, "赞": 2, "条": 1, "靓": 1, "猪妆房": 1, "揪": 1, "送上": 1, "P30一": 1, "25号": 1, "老板": 2, "联播L": 1, "黑手": 2, "国家": 3, "邮政局": 3, "局长": 3, "未": 1, "名址": 1, "投递": 1, "马": 1, "军胜": 1, "接受": 1, "中央": 1, "广播": 1, "电视": 1, "总台": 1, "独家": 1, "采访": 1, "企业": 2, "遵守": 1, "法律": 1, "法规": 1, "损害": 1, "用户": 1, "合法": 1, "权益": 1, "L环": 1, "国外": 2, "坐等": 2, "股价": 2, "暴跌": 2, "转运": 1, "包裹": 1, "近来": 1, "持续": 1, "登上": 1, "热搜": 1, "海内外": 1, "纷纷": 1, "质疑": 1, "商业": 1, "道德": 1, "信誉": 1, "迫于": 1, "压力": 1, "快运": 1, "改变": 1, "态度": 1, "O联邦": 1}