{"华为": 62, "官方": 17, "iPhone": 20, "发": 16, "新年": 18, "祝福": 18, "推文": 16, "秒删": 8, "2018年": 3, "12月": 4, "31日": 4, "Twitter": 6, "全体": 6, "员工": 6, "名义": 7, "网友": 9, "送上": 5, "篇": 6, "下方": 5, "留下": 5, "自T": 4, "witter": 4, "客户端": 6, "发出": 8, "ViaTwitterforiPhone": 3, "标记": 5, "条": 3, "随即": 4, "删除": 4, "发送": 1, "发现": 1, "截图": 7, "O网页": 1, "链接": 1, "：": 24, "场面": 5, "尴尬": 8, "重发": 3, "眼尖": 3, "中国": 6, "新闻网": 2, "​": 18, "很": 1, "至极": 2, "！": 13, "黑": 4, "苹果": 10, "贼": 2, "地球人": 2, "都": 11, "竞争": 2, "对手": 3, "忠实": 2, "黑粉": 2, "花式": 2, "@": 10, "老板": 12, "联播L": 6, "联播": 8, "秒拍": 11, "视频": 11, "应届生": 5, "入职": 6, "解约": 18, "迈瑞": 13, "医疗": 18, "回应": 15, "短期": 12, "胜任": 12, "业务": 12, "2日": 6, "称为": 6, "器械界": 7, "254": 6, "名": 12, "届生": 7, "内": 6, "长沙": 6, "大学生": 6, "称": 9, "错过": 6, "求职": 6, "黄金期": 6, "5000": 6, "元": 6, "补偿": 6, "希望": 6, "尊重": 6, "道歉": 6, "1月": 4, "湖南": 2, "L老板": 2, "年前": 1, "手机": 12, "换成": 2, "；": 7, "笔记本": 2, "电脑": 3, "支持": 1, "国货": 1, "自强": 1, "应届": 2, "生解": 2, "品质": 1, "生活": 3, "永远": 1, "盒子": 1, "巧克力": 1, "一块": 1, "味道": 1, "人生": 1, "未知": 1, "有趣": 1, "片段": 1, "HUAWEIMate20": 1, "系列": 1, "相伴": 1, "变得": 1, "精彩": 1, "收拾": 1, "行囊": 1, "即刻": 1, "出发": 1, "带上": 1, "全新": 1, "品尝": 1, "未来": 1, "点滴": 1, "滋味": 1, "EMUIL": 1, "汪": 1, "梦云": 1, "​​": 2, "​​​": 2, "陈述": 2, "一个": 2, "贺年": 1, "推用": 1, "iPhone发": 1, "删": 1, "MB": 2, "……": 7, "官推": 3, "网页": 1, "版": 1, "找": 1, "补": 1, "猜": 1, "这是": 1, "手边": 1, "回复": 1, "海纳百川": 1, "拥抱": 1, "聚合": 1, "全球": 2, "完毕": 1, "评论": 1, "推特": 5, "庆祝": 2, "急删": 2, "广传": 1, "前天": 1, "晚间": 1, "11点31分": 1, "内容": 1, "送": 1, "O华": 1, "广传​": 1, "早新闻": 1, "七大": 2, "部委": 2, "2019年": 2, "投资": 3, "关键词": 2, "出炉": 2, "董明珠": 2, "提名": 2, "格力": 2, "董事": 2, "候选人": 2, "刘": 3, "姝威": 2, "参选": 2, "独董": 2, "第四": 2, "全国": 2, "经济": 2, "普查": 2, "启动": 2, "2018": 1, "研发": 1, "排名": 2, "113亿": 1, "欧元": 1, "第5": 1, "英国": 1, "3月": 1, "29日": 1, "正式": 1, "离开": 1, "欧盟": 1, "O早": 1, "新闻": 1, "|": 1, "(": 1, ")": 1, "O尴尬": 1, "秒": 2, "删​": 2, "Y92019": 1, "即将": 1, "印度": 2, "发布": 1, "6.5": 1, "寸": 1, "海屏": 1, "麒麟710": 1, "4000": 1, "mAh": 1, "电池": 1, "该机": 1, "亚马逊": 1, "独家": 4, "销售​": 1, "2019": 1, "第一": 1, "工作日": 1, "状态": 1, "HUAWEI": 1, "Share": 1, "3.0一触即传": 1, "工作": 1, "快捷": 1, "~": 1, "Mate20": 2, "L华": 2, "游戏": 1, "热血": 1, "操作": 1, "发热": 1, "X石": 1, "墨烯液": 1, "冷散": 1, "热": 1, "高效": 1, "降温": 1, "千钧一发": 1, "之际": 1, "冷": 1, "静制": 1, "胜": 1, "TA": 1, "晚安": 1, "元旦": 1, "小长假": 1, "结束": 1, "缓": 1, "今晚": 1, "小云": 2, "推荐": 2, "晚": 1, "安曲": 1, "Slow": 1, "跟随": 1, "落日": 1, "飞车": 1, "浪漫": 1, "情怀": 1, "想象": 1, "空间": 1, "乘上": 1, "时间": 1, "流": 1, "伴": 1, "安稳": 1, "入眠": 1, "睡前": 1, "音乐": 1, "转评": 1, "抽": 3, "送华": 1, "耳机": 1, "副": 1, "牛": 1, "七": 1, "C9": 1, "高校": 1, "毕业生": 2, "最多": 1, "最牛": 1, "北大": 1, "104": 1, "清华": 1, "167": 1, "浙大": 1, "444": 1, "上海": 1, "交大": 2, "211": 1, "南京": 1, "大学": 1, "219": 1, "西安": 1, "315": 1, "哈工大": 1, "269": 1, "mate20pro": 1, "20pro": 1, "对比": 1, "徕卡": 1, "三": 1, "摄": 1, "烤": 1, "煮": 1, "好​": 1, "光谱": 1, "想要": 1, "粉色": 1, "紫色": 1, "渐变": 1, "黄色": 1, "红色": 1, "颜色": 1, "找到": 1, "金主华": 1, "快": 1, "终端": 2, "发表": 1, "博文": 1, "任正非": 4, "霸天": 3, "国际": 3, "孤儿": 3, "2019-01-02": 1, "创事": 1, "记文": 1, "/": 1, "来源": 1, "蓝血": 1, "研究": 1, "ID:lanxueyanjiu": 1, "O": 1, "转+关": 1, "明天": 2, "晚上": 1, "手环": 1, "懒": 1, "放图": 1, "平台": 1, "开​": 1, "华为人": 1, "买": 1, "加拿大": 1, "别墅": 1, "爱国": 1, "号召": 1, "国人": 1, "Android": 2, "发文": 2, "厂商": 4, "收费": 3, "slashleaks": 1, "爆料": 1, "推出": 1, "计划": 1, "三季度": 1, "包括": 1, "、": 2, "中兴": 1, "小米": 1, "详情": 1, "点击": 1, "OAndroid": 1, "解锁": 2, "长": 1, "晒出": 1, "屏幕": 1, "😣": 1, "每次": 1, "讲": 1, "条件": 1, "玩": 1, "只好": 1, "摸": 1, "蛋蛋": 1, "感觉": 1, "手上": 1, "臭味": 1, "服务": 1, "吾皇": 1, "白": 1, "茶​": 1}