{"华为": 110, "回应": 18, "美国": 58, "进口": 13, "禁令": 31, "：": 32, "感到": 6, "意外": 6, "美": 18, "法院": 18, "挑战": 19, "合宪性": 18, "当地": 7, "时间": 7, "8月": 15, "7日": 8, "负责": 7, "政府": 12, "合同": 7, "机构": 17, "发布": 22, "项": 8, "禁止": 13, "联邦": 18, "采购": 13, "包括": 8, "在内": 7, "五": 7, "中国": 44, "公司": 15, "电信": 13, "设备": 16, "临时": 8, "8日": 8, "媒体": 10, "声明": 10, "称": 14, "2019": 15, "财年": 14, "国防": 15, "授权法": 13, "实施": 14, "条款": 11, "证据": 10, "证明": 10, "不当": 10, "情况": 10, "惩罚性": 10, "基于": 10, "原产国": 10, "设立": 10, "贸易": 12, "壁垒": 10, "特朗普": 4, "服务": 5, "新闻": 3, "条例": 3, "保护": 3, "网络": 8, "系统": 3, "最终": 3, "伤害": 3, "农村": 3, "地区": 3, "依赖": 3, "用户": 4, "时光": 1, "飞逝": 1, "明天": 2, "迎来": 1, "第27": 1, "生日": 2, "50": 1, "岁": 1, "感谢": 3, "同事": 1, "找到": 1, "那年": 1, "华为人": 1, "报": 1, "留念": 1, "参与": 1, "第一": 2, "台": 1, "数字": 1, "程控": 1, "交换机": 1, "研发": 1, "创建": 1, "无线": 3, "ETS": 1, "产品": 2, "创建华": 1, "3G": 6, "预研": 1, "团队": 2, "担任": 1, "产品线": 3, "总监": 1, "总裁": 3, "欧洲": 1, "片区": 1, "战略": 1, "Marketing": 1, "体系": 1, "终端": 2, "董事长": 1, "/": 1, "消费者": 1, "业务": 1, "CEO": 1, "感慨": 1, "27": 1, "、": 17, "深圳": 1, "高速": 1, "发展": 2, "！": 9, "回首": 1, "一路": 1, "走来": 1, "记忆": 1, "至今": 1, "阶段": 1, "艰难困苦": 1, "成功": 1, "喜悦": 1, "都": 4, "很": 2, "短暂": 1, "一个": 5, "支持": 3, "厚爱": 1, "拼搏": 1, "努力": 2, "克服": 1, "困难": 1, "超越": 1, "创造": 1, "奇迹": 1, "O华": 2, "4G": 9, "手机": 15, "降价": 3, "投票": 1, "丨": 4, "5G": 10, "便宜": 1, "选": 1, "本周": 1, "首款": 1, "开售": 1, "统计": 1, "数据": 1, "显示": 1, "近期": 2, "网购": 1, "平台": 1, "超过": 1, "30余": 1, "款": 3, "启动": 1, "6日": 1, "P30Pro": 1, "售价": 2, "直降": 1, "500": 1, "元": 10, "小米": 3, "9": 1, "vivox27": 1, "热门": 1, "机型": 1, "紧跟": 1, "步伐": 1, "下调": 3, "100": 1, "400": 1, "不等": 1, "OPPO": 1, "FindX": 1, "1000": 1, "荣耀": 1, "Magic2": 1, "700": 1, "创下": 1, "新低": 1, "纷纷": 1, "打算": 1, "直男": 1, "拍照": 1, "方式": 1, "爱豆": 1, "nova": 2, "全球": 5, "代言人": 1, "自拍": 1, "技术": 1, "真的": 1, "杠杠滴": 1, "九宫格": 1, "爸": 1, "@": 8, "官方": 1, "TFBOYS": 1, "易烊": 3, "千玺": 1, "千玺​": 1, "#伟": 2, "创力": 3, "公开信": 11, "索赔": 3, "数亿后": 3, "希望": 7, "合作": 11, "7日晚": 3, "美资": 2, "代工": 2, "巨头": 2, "伟创力": 15, "之间": 2, "关系": 6, "状况": 2, "影响": 3, "客户": 2, "需求": 2, "降低": 2, "期待": 6, "建设性": 2, "​": 9, "地铁": 2, "神奇": 1, "地方": 1, "新机": 2, "mate30": 1, "三星": 6, "note10": 1, "……": 2, "雷军": 1, "新华社": 4, "发公": 1, "开信": 1, "扣押": 6, "物资": 4, "发": 4, "晚间": 1, "封": 1, "大地": 1, "对此": 2, "深感": 1, "遗憾": 1, "解读": 1, "相关": 3, "确保": 1, "合规": 1, "竭尽全力": 1, "员工": 3, "提供": 2, "集团": 1, "内": 1, "工作": 2, "机会": 1, "尊重": 1, "自愿": 1, "选择": 1, "O伟": 1, "今日": 2, "份": 1, "睡前": 1, "14:30": 1, "即将": 1, "HDC2019": 1, "开发者": 1, "大会": 1, "EMUI": 3, "10": 3, "就要": 1, "见面": 1, "惊喜": 2, "旗舰": 4, "Android": 2, "王": 3, "张维为": 8, "封锁": 8, "生产": 4, "质量": 4, "经贸": 6, "摩擦": 4, "持续": 4, "陆续": 4, "封杀": 4, "中兴": 6, "产业": 9, "复旦": 4, "大学": 4, "研究院": 4, "院长": 4, "打压": 6, "中国人": 4, "憋": 4, "劲": 4, "赶超": 4, "通讯": 4, "2G": 4, "标准": 12, "开启": 4, "走": 4, "世界": 5, "最前沿": 4, "新兴": 4, "行业": 4, "佼佼者": 4, "强国": 2, "学堂": 2, "L": 4, "青年报": 4, "视频": 8, "综合": 1, "考量": 1, "性能": 1, "指标": 1, "体验": 1, "牛逼": 1, "时尚": 3, "芭莎": 1, "大片": 1, "惊艳": 1, "眼球": 1, "nova5": 1, "Pro星": 1, "耀限": 1, "定版": 1, "甜蜜": 1, "橙": 2, "瞬间": 1, "引爆": 1, "自觉": 1, "掉入": 1, "爱情": 1, "无与伦比": 1, "热恋": 1, "喜欢": 2, "一句话": 1, "国": 1, "收拾": 2, "一家": 1, "想": 1, "7亿": 4, "报道": 3, "列入": 2, "黑名单": 2, "私自": 2, "物料": 2, "5日": 2, "律师函": 2, "赔偿": 2, "数亿": 2, "人民币": 2, "老板": 4, "联播L": 2, "联播": 2, "秒拍": 2, "5": 3, "中企": 2, "中方": 4, "不满": 3, "外交部": 2, "网站": 1, "发言人": 1, "华春莹": 1, "答": 2, "记者": 1, "总务": 1, "管理局": 1, "周三": 1, "年度": 1, "授权": 2, "法案": 2, "资金": 1, "海康": 1, "威视": 1, "大华": 1, "海": 1, "本月": 1, "13日": 1, "生效": 1, "评论": 2, "美方": 2, "涉华": 1, "消极": 1, "特定": 2, "企业": 7, "歧视性": 1, "公平": 1, "做法": 1, "反对": 2, "法律": 2, "滥用": 1, "国家": 2, "力量": 1, "不择手段": 1, "蓄意": 1, "抹黑": 1, "损害": 1, "形象": 1, "利益": 1, "破坏": 2, "产业链": 1, "供应链": 1, "各国": 1, "抵制": 1, "坚定": 1, "武器": 1, "维护": 2, "正当": 2, "权益": 2, "措施": 1, "合法": 1, "敦促": 1, "摒弃": 1, "冷战": 1, "思维": 1, "零和": 1, "博弈": 1, "理念": 1, "停止": 2, "政治化": 1, "无理": 1, "有利于": 1, "健康": 1, "稳定": 1, "O美": 1, "六时": 1, "纵驰": 1, "意气满": 1, "千玺": 2, "自不凡": 1, "理想": 1, "生活": 1, "夏": 1, "躲": 1, "😋yyqx李必y": 1, "qx": 9, "阿易yyqxsehyyqxjccggksyyqxjys易烊": 1, "千": 1, "玺": 1, "四": 4, "字": 5, "弟弟": 1, "yyqx": 1, "唱歌": 2, "yy": 2, "跳舞": 1, "帅好": 1, "看好": 1, "听": 1, "szdd四": 1, "好看": 1, "四字帅": 1, "好听yy": 1, "x华为yyqx": 1, "中戏": 1, "双料": 1, "第一yyqx帅yy": 1, "casescyyqx": 1, "对不起yy": 1, "千禧龙yy": 1, "qxlyyqxinsyyqxdvyyqx": 1, "舞台": 1, "yyqxysfyy": 1, "casescyy": 1, "qx猫yy": 1, "二十yy": 1, "石榴": 1, "L奶": 1, "烊糖": 1, "哥哥": 1, "Urbannight": 1, "🌃": 1, "摄影": 1, "Ivansidorenko": 1, "盛夏": 1, "光影": 1, "八月": 1, "你好": 1, "": 1, "摄影​": 1, "针对": 1, "签": 1, "紧急": 1, "状态": 1, "强大": 1, "L营": 1, "销号": 1, "面向": 1, "2025十": 1, "趋势": 1, "58%": 2, "人口": 2, "享有": 2, "展望": 1, "GIV": 1, "2025": 1, "预测": 3, "2025年": 1, "14%": 1, "家庭": 1, "拥有": 1, "机器人": 2, "管家": 1, "97%": 1, "采用": 1, "AI": 1, "名": 1, "制造业": 1, "103": 1, "关注": 1, "整点": 1, "播": 1, "每经": 2, "17点": 3, "；": 3, "商务部": 2, "越南": 2, "聚丙烯": 2, "薄膜": 2, "发起": 2, "反倾销": 2, "调查": 1, "1": 1, "香港": 1, "电影": 1, "撤回": 1, "金马奖": 1, "报名": 1, "刘德华": 1, "古天乐": 3, "主演": 3, "扫毒": 1, "天地": 1, "对决": 1, "张家辉": 1, "吴": 1, "镇宇": 1, "使徒": 1, "行者": 1, "谍影": 1, "梁家辉": 1, "任达华": 1, "追龙": 1, "贼": 1, "作品": 1, "O": 1, "调查O": 1, "点赞": 1, "送": 1, "爱否": 1, "开物": 1, "双口": 2, "「": 2, "吕": 2, "30": 2, "」": 2, "充电头": 2, "梳理": 1, "充电器": 1, "w1A1C": 1, "定价": 1, "外观": 1, "奔": 1, "做好": 1, "基础": 1, "顶部": 1, "2.5D": 1, "弧度": 1, "微微": 1, "凸起": 1, "侧边": 1, "条": 1, "合模线": 1, "一体感": 1, "苹果": 1, "PD": 1, "快充": 1, "协议": 1, "单口": 1, "30w": 1, "笔记本": 1, "充电": 1, "评论区": 1, "领券": 1, "45": 1, "O抽奖": 1, "详情": 1}