{"故宫": 7, "华为": 52, "合作": 6, "建": 2, "5G": 14, "单霁翔": 4, "：": 12, "洗手间": 3, "坑位": 3, "等着": 2, "4月": 3, "16日": 3, "北林": 1, "匠者": 1, "仁心": 2, "文化": 1, "讲座": 1, "博物院": 2, "院长": 2, "签署": 9, "战略": 2, "协议": 10, "建立": 2, "文物": 3, "都": 5, "监测": 3, "手机": 10, "获取": 2, "信息": 2, "@": 4, "大佬": 1, "时间": 2, "L大佬": 1, "秒拍": 4, "视频": 9, "中大": 2, "分享": 2, "23岁": 1, "就职": 1, "27": 1, "岁": 4, "第一": 4, "名": 3, "成绩": 1, "中山": 2, "大学": 2, "地球": 1, "科学系": 1, "录取": 1, "研究生": 1, "28": 1, "赴": 1, "西藏": 1, "支教": 1, "30岁": 1, "博士": 1, "31": 1, "军队": 1, "投": 1, "三年": 1, "简历": 1, "自荐": 1, "材料": 1, "足足": 1, "写": 1, "两百多": 1, "页": 1, "35": 1, "接到": 1, "入伍": 1, "通知书": 1, "从此": 1, "迈入": 1, "军旅": 1, "生涯": 1, "中国": 4, "女": 1, "实习": 1, "舰长": 1, "校友": 1, "韦": 1, "慧晓": 1, "故事": 1, "即将": 1, "央视": 1, "开讲": 3, "播出": 1, "~L": 1, "官方号": 1, "Via": 1, ".": 1, "CCTV1": 1, "中山大学": 1, "官微": 2, "联想": 3, "副总裁": 1, "常程": 2, "晒出": 1, "Z6Pro": 2, "样张": 1, "网友": 1, "提问": 1, "干翻": 1, "P30": 5, "自信": 1, "回复": 1, "相较于": 1, "款": 3, "骁龙": 1, "855手机": 1, "Z5ProGT": 1, "相机": 1, "表现": 1, "确实": 1, "提升": 3, "期待": 2, "​": 21, "想": 1, "系列": 2, "圈粉": 1, "戳": 1, "下图": 1, "秘密": 1, "~​": 1, "记住": 1, "logo": 1, "品牌": 3, "名字": 1, "不说": 1, "和谐": 1, "昨天": 1, "发生": 1, "估计": 1, "搜": 1, "形象": 1, "终止": 1, "诺基亚": 1, "蔡司": 1, "光学": 1, "UNINE": 1, "援色": 1, "灯牌": 1, "紧NA": 1, "NO": 1, "人手": 1, "一个": 4, "30": 1, "极光": 1, "色款": 1, "听到": 1, "眨": 1, "眨眼": 1, "👀​": 1, "评测": 1, "媒体": 3, "爱否": 2, "科技": 4, "主笔": 1, "王": 2, "跃琨": 2, "惹": 1, "麻烦": 1, "质疑": 1, "Pro拍": 1, "月亮": 2, "P": 1, "公司": 4, "开除": 2, "这次": 1, "事件": 2, "且不说": 1, "舆情": 1, "反转": 2, "洗冤": 1, "高管": 1, "转发": 2, "严厉": 1, "处罚": 1, "O华": 2, "P月": 1, "道歉": 1, "车流": 1, "川息": 1, "霓虹": 1, "闪烁": 1, "镜头": 2, "不夜城": 1, "夜色": 1, "独特": 1, "魅力": 1, "快": 1, "小编": 1, "城市": 1, "夜景": 1, "科幻": 1, "大片": 1, "人形": 1, "机器人": 3, "牛逼": 2, "L林": 1, "车道": 1, "企鹅": 1, "智库": 1, "发布": 1, "2019": 1, "网民": 2, "智能": 3, "购机": 1, "用户": 4, "画像": 1, "分析": 1, "报告": 1, "结论": 1, "很": 2, "有意思": 1, "1": 1, "、": 10, "换机": 1, "优先": 1, "位居": 1, "小米": 5, "苹果": 2, "分居": 1, "第二": 1, "三": 4, "；": 3, "忠诚度": 1, "依次": 1, "3": 1, "男性": 2, "选": 3, "女性": 2, "喜OV": 2, "中老年": 2, "钟情": 2, "O手机": 1, "调研": 1, "件": 3, "北林匠者": 1, "报告会": 1, "精确": 1, "L": 1, "老板": 1, "联播": 1, "20190419": 1, "唐师曾": 2, "P30Pro": 4, "P20Pro": 1, "孤军": 1, "诸神": 1, "附体": 1, "摄自话": 1, "镜": 1, "到底": 1, "关注": 1, "微信": 1, "实名": 1, "公众号": 1, "留言": 1, "打赏": 1, "……": 2, "​​": 2, "支持": 2, "战地": 1, "摄影": 2, "L唐师": 1, "澳大利亚": 2, "千": 1, "拆除": 2, "铺设": 1, "！": 3, "政府": 3, "近日": 4, "紧急": 1, "动用": 1, "3000": 1, "工人": 1, "连夜": 1, "线路": 1, "投资": 1, "化为乌有": 1, "损失": 1, "惨重": 1, "胜友": 1, "国际": 1, "印": 1, "亚太": 1, "资讯​": 1, "刚刚": 1, "收到": 1, "投诉": 1, "百度": 1, "客服": 1, "引导": 1, "售后": 1, "网点": 2, "坑": 1, "惨": 1, "记得": 1, "内置": 1, "服务": 2, "查": 1, "请": 1, "相互": 1, "转告": 1, "上当": 1, "受骗": 1, "德媒": 1, "任正非": 6, "称": 2, "德": 1, "提签": 1, "无间谍": 5, "路透社": 1, "创始人": 2, "柏林": 1, "提出": 1, "份": 1, "解决": 2, "外界": 1, "参与": 2, "当地": 1, "基础": 1, "建设": 3, "担忧": 1, "上个月": 1, "德国": 10, "内政部": 1, "磋商": 1, "承诺": 1, "网络": 2, "系统": 2, "内": 1, "安装": 1, "后门": 1, "O": 5, "网页": 3, "链接": 3, "挑战": 2, "倒计时": 2, "时刻": 2, "18日": 1, "例行": 1, "分析师": 1, "大会": 1, "如期而至": 1, "开场": 1, "演讲": 1, "轮值": 1, "董事长": 1, "胡厚崑": 1, "内容": 1, "涵盖": 1, "联接": 1, "AI": 1, "风格": 1, "沉稳": 1, "把握": 1, "发展": 1, "方向": 1, "海南": 2, "携手": 1, "美": 2, "沙": 1, "开通": 1, "基站": 1, "采用": 1, "基于": 1, "2.6GHz": 1, "频段": 1, "AAU": 1, "设备": 2, "覆盖": 1, "现场": 1, "测试": 1, "显示": 1, "下行": 1, "峰值": 1, "速率": 1, "1.7Gbps": 1, "湛蓝": 1, "国土": 1, "5G点": 1, "亮": 1, "色彩": 1, "大海": 1, "拥抱": 1, "万物": 1, "互联": 1, "南海": 1, "传向": 1, "广阔无垠": 1, "世界": 1, "宣传": 2, "告诉": 1, "😳": 1, "LC": 1, "长期": 2, "睡眠": 2, "改变": 1, "基因": 1, "戴上": 1, "WatchGT": 1, "专业": 1, "运动": 1, "指导": 1, "~": 1, "睡": 1, "小时": 1, "L华": 1, "终端": 1, "官方": 1, "明天": 1, "西双版纳": 1, "旅游": 2, "手头": 1, "三星": 1, "GalaxyFold": 1, "S10+": 1, "OPPO": 1, "Reno": 1, "vivoX27": 1, "IQ": 1, "OO": 1, "Mate20Pro": 1, "带": 1, "台": 1, "合适": 1, "间谍": 3, "软件": 3, "财经": 1, "经济": 1, "周刊": 1, "商报": 1, "17日": 1, "发表": 1, "报道": 1, "接受": 1, "记者": 1, "采访": 1, "打消": 1, "德方": 1, "5g": 1, "顾虑": 1, "针对": 1, "美国": 1, "盟友": 1, "排除": 2, "联邦": 1, "网络局": 1, "局长": 1, "霍曼": 1, "供应商": 1, "包括": 1, "在外": 1, "阿拉伯": 1, "国家": 1, "投入": 1, "酷不酷": 1, "L宋": 1, "敬亭": 1, "进一步": 1, "10月": 1, "率先": 1, "统一": 2, "推送": 3, "规范": 1, "安卓": 2, "碎片化": 1, "国内": 1, "APP": 1, "保留": 1, "后台": 1, "才能": 1, "消息": 1, "势必": 1, "高耗电": 1, "卡顿": 1, "标准": 1, "生态": 1, "难题": 1, "IOS": 1, "优势": 1, "这是": 1, "方舟": 1, "翻译器": 1, "革命性": 1, "#​": 1, "建议": 2, "春天": 1, "大赛": 1, "长街": 1, "长": 1, "烟花": 1, "繁": 1, "挑灯": 1, "回": 1, "短亭": 1, "短": 1, "红尘辗": 1, "笛": 1, "叹": 1, "——": 1, "摄": 1, "惠山": 1, "古镇": 2, "无锡": 1, "2无锡·惠山": 1, "TA": 1, "晚安": 1, "新闻": 1, "/": 3, "朋友圈": 1, "学习": 1, "高等": 1, "数学": 1, "有机": 1, "化学": 1, "财务": 1, "管理": 1, "B站": 1, "八卦": 1, "吃瓜": 1, "知乎": 1, "豆瓣": 1, "用法": 1, "转评": 1, "安利": 1, "小云": 1, "随机": 1, "抽": 1, "送出": 1, "耳机": 1, "拍": 2, "理解": 1, "思维": 1, "实验": 1, "阿短": 1, "脸": 2, "月球": 2, "站": 1, "旁边": 1, "清晰": 1, "拍照": 1, "毛病": 1, "9": 1, "vivoiqoo": 1, "奶头屏": 1}