{"T": 1, "FBOY": 1, "S壁纸": 1, "啦😄": 1, "评论": 1, "华为": 35, "手机": 11, "壁纸": 1, "自制": 1, "​": 17, "很多": 2, "国内": 1, "厂商": 1, "都": 8, "热炒": 1, "5G": 8, "概念": 1, "秀": 1, "第一": 2, "竟然": 1, "媒体": 2, "以此": 1, "嘲讽": 1, "黑": 1, "技术": 1, "很": 5, "厉害": 1, "连部": 1, "搞笑": 1, "想": 1, "提醒": 1, "信号": 1, "设备": 1, "发": 1, "华": 1, "数": 1, "码​": 1, "": 1, "朱正廷": 3, "荣耀": 3, "青春": 1, "大使": 1, "尽力": 1, "拍摄": 1, "生图": 1, "送": 1, "珍珠糖": 1, "@": 3, "THEO": 1, "德国": 1, "推出": 1, "广告": 3, "It": 1, "sinyour": 1, "hands": 1, "不止": 1, "精彩": 1, "结局": 1, "出乎意料": 1, "。。。": 2, "L笑": 1, "怀孕": 1, "秒拍": 2, "视频": 2, "徐": 5, "直军": 5, "：": 7, "全年": 3, "收入": 6, "首次": 6, "超越": 3, "1000亿": 5, "美元": 8, "CNBC": 2, "报道": 2, "轮值": 2, "董事长": 2, "徐直军": 2, "2018年": 3, "营收": 3, "超": 2, "(": 1, "实时": 2, "6942亿": 1, "元": 3, ")": 1, "对比": 1, "苹果": 6, "2018": 3, "财年": 3, "2660亿": 1, "阿里巴巴": 1, "2502.66亿": 1, "腾讯": 1, "2017": 1, "2377.60亿": 1, "供": 1, "参考": 1, "O华": 1, "12年": 1, "增长": 1, "10": 2, "倍": 1, "震撼": 1, "增长图": 1, "超过": 1, "消费者": 1, "BG": 1, "异军突起": 1, "发挥": 1, "作用": 1, "智能": 1, "占比": 1, "位居": 1, "全球": 3, "第二": 1, "领先": 1, "2007年": 1, "突破": 2, "100亿": 1, "一路": 1, "狂飙": 1, "模式": 1, "！": 5, "千亿": 1, "中国": 1, "、": 10, "ICT": 1, "企业": 1, "发展史": 1, "值得": 1, "铭记": 1, "网友": 1, "求问": 1, "mate20": 1, "mate20pro": 2, "拍照": 1, "差": 1, "小米": 1, "人和": 1, "易烊": 1, "千玺易烊": 2, "千玺": 3, "爱奇艺": 1, "尖叫": 1, "夜": 1, "红毯": 1, "灰色": 1, "西装": 1, "TFBOYS": 1, "易烊": 11, "千": 10, "玺": 10, "中戏": 2, "yyqx帅": 1, "四": 3, "字": 2, "弟弟": 2, "nova": 1, "野兽派": 1, "千玺阿迪": 1, "爸爸": 1, "沙宣": 1, "BottegaVeneta": 1, "yyqxszdd四字yyqx": 1, "唱歌": 1, "yy": 2, "qx": 2, "舞台": 1, "好听": 1, "粉丝": 2, "真的": 1, "选": 1, "代言人": 1, "易": 1, "烊": 1, "正能量": 2, "世卫": 1, "组织": 2, "去除": 1, "艾滋病": 1, "病毒": 1, "感染者": 1, "歧视": 2, "污名化": 1, "做出": 1, "份": 2, "贡献": 1, "勇敢": 1, "发声": 1, "唯一": 1, "害怕": 1, "误解": 1, "反对": 1, "艾滋歧视": 1, "满满": 1, "L": 1, "世界": 2, "卫生": 1, "健康": 1, "特使": 1, "爱": 1, "关艾": 1, "Mate20Pro": 1, "手持": 1, "状态": 1, "夜景": 1, "微距": 1, "广角": 1, "阳强": 1, "逆光": 1, "防抖": 1, "交通": 1, "工具": 1, "效果": 1, "Mate20pro": 1, "运动": 1, "手表": 1, "开启": 1, "24": 1, "小时": 3, "心率": 1, "计步": 1, "睡眠": 1, "监测": 1, "72%": 1, "电量": 1, "有人": 1, "敲门": 1, "开机": 1, "音质": 1, "画质": 1, "手感": 1, "甩": 1, "条": 1, "街": 1, "从此": 1, "拜拜": 1, "爱疯": 1, "TA": 1, "晚安": 1, "睡前": 2, "时常": 1, "卸下": 1, "疲惫": 1, "躺": 1, "床": 1, "点开": 1, "电台": 1, "治愈": 1, "旋律": 1, "丝丝入扣": 1, "故事": 1, "渐渐": 1, "梦乡": 1, "......": 1, "喜欢": 1, "听": 1, "歌": 1, "/": 2, "书": 1, "分享": 1, "小伙伴": 1, "转评": 1, "小云": 1, "抽": 1, "送出": 2, "耳机": 1, "副": 1, "孟": 1, "美岐": 3, "💜m": 1, "mq": 1, "孟": 2, "即刻": 1, "电音": 1, "13": 1, "排": 1, "捡到": 1, "壳": 1, "撑腰": 1, "美照": 1, "女朋友": 1, "现场": 1, "搞丢": 1, "米奇大哭": 1, "急": 2, "掉粉": 1, "EMUI": 2, "整体": 1, "不错": 2, "从来": 1, "UI界面": 1, "统一": 1, "精致": 1, "一点": 1, "上一代": 1, "流畅度": 1, "翻车": 1, "9.0": 1, "毛病": 1, "Magic2": 1, "Mate20": 1, "系列": 1, "稳定性": 1, "OK": 1, "基础": 1, "功能": 2, "足够": 1, "完善": 1, "附加": 1, "每逢": 1, "安卓": 1, "版本": 1, "迭代": 1, "更新": 1, "后期": 1, "维护": 1, "推送": 1, "高管": 1, "警告": 3, "美国": 5, "赢得": 2, "竞赛": 2, "周四": 1, "阻止": 1, "当地": 1, "市场": 1, "时代": 1, "引领": 1, "雄心": 1, "O高管": 1, "好奇": 1, "地方": 1, "Nova4": 1, "挖": 1, "孔屏": 1, "设计": 1, "选择": 2, "中端": 1, "试水": 1, "挺": 1, "感": 1, "兴趣": 1, "处理器": 1, "麒麟970": 1, "980": 1, "华集": 1, "秋日": 1, "阳光": 1, "草场": 1, "显得": 1, "苍茫": 1, "牛群": 1, "安逸": 1, "享受": 1, "大自然": 1, "馈赠": 1, "延绵": 1, "山川": 1, "幅": 1, "画面": 1, "增加": 1, "安宁": 1, "感谢": 1, "花粉": 1, "o阿罗o": 1, "日常": 1, "生活": 1, "看似": 1, "稍纵即逝": 1, "美好": 1, "瞬间": 1, "三脚架": 1, "自拍杆": 1, "支": 1, "差别": 1, "在于": 4, "吹": 1, "cpu": 1, "跑分": 1, "指标": 1, "罗列": 1, "镜头": 1, "1": 1, "眼睛": 2, "毫无": 1, "不适感": 1, "半": 1, "疼": 1, "流泪": 1, "打算": 1, "减少": 1, "时间": 1}