{"笑skr人": 1, "！": 12, "爸妈": 3, "朋友圈": 3, "迷惑": 1, "大赏": 1, "太": 3, "精彩": 2, "尽显": 1, "豪放": 1, "不羁": 1, "可爱": 1, "乖张": 1, "真实": 1, "内容": 1, "真的": 3, "捧腹大笑": 1, "摸": 1, "头脑": 1, "……": 2, "带": 1, "话题": 1, "节气": 1, "家味": 1, "分享": 2, "趣味": 1, "机会": 1, "赢得": 1, "华为": 66, "Mate3": 1, "!": 1, "​": 15, "任正非": 29, "：": 21, "称霸": 1, "世界": 2, "死亡": 1, "远": 2, "川普": 2, "公司": 14, "改革": 2, "倒逼师": 2, "近日": 3, "接受": 5, "财富": 7, "杂志": 5, "采访": 7, "盛极而衰": 1, "打击": 1, "快": 1, "状况": 1, "焕发": 1, "青春": 1, "人人": 2, "都": 7, "努力": 5, "L": 3, "老板": 7, "联播": 5, "视频": 10, "科技": 4, "创新": 1, "道路": 1, "希望": 3, "生活": 2, "便捷": 1, "舒适": 1, "情感": 1, "平衡": 1, "自我": 1, "成长": 1, "家庭": 1, "温情": 1, "物质": 1, "精神": 1, "体验": 1, "美好": 1, "L华": 3, "终端": 3, "官方": 4, "出售": 4, "5G": 16, "技术": 11, "许可": 8, "美国": 18, "创始人": 3, "回应": 2, "毫无": 2, "保留地": 2, "全套": 2, "件": 2, "事情": 2, "缓和": 2, "国际": 2, "关系": 2, "增加": 3, "竞争": 4, "对手": 4, "衰落": 2, "角度": 2, "出发": 2, "持有": 2, "开放": 2, "态度": 2, "O": 2, "纪要": 4, "一个": 4, "手机": 10, "拍出": 1, "电影": 6, "大片": 1, "效果": 1, "技巧": 1, "网友": 1, "投稿": 1, "机身": 1, "顶部": 1, "遭受": 1, "重伤": 1, "依然": 1, "很": 3, "好奇": 1, "搞成": 1, "这样子": 1, "谈": 5, "中国": 20, "机长": 13, "客户": 15, "中心": 6, "过度": 10, "消费": 10, "民众": 10, "同情": 10, "支持": 11, "员工": 5, "围观": 4, "内部": 4, "论坛": 5, "发表": 5, "观后感": 5, "10月": 6, "9日": 4, "签发电": 4, "邮谈": 4, "价值观": 5, "动摇": 5, "国内": 5, "管理": 5, "顾问": 5, "田涛": 5, "3U8633": 4, "雷电": 4, "前途未卜": 4, "未定之数": 4, "同志": 4, "@": 3, "联播L": 2, "百万": 1, "网络": 5, "攻击": 6, "西方": 1, "窃取": 3, "日本": 1, "共同社": 1, "报道": 2, "海内外": 1, "高达": 1, "100万": 1, "负责": 1, "高级": 1, "副总裁": 1, "约翰·萨福克": 1, "透露": 1, "目的": 1, "或许": 1, "第五": 1, "通信": 1, "上月": 1, "指责": 1, "服务器": 1, "邮件": 1, "源代码": 1, "萨福克": 1, "尚未": 1, "锁定": 1, "来源": 1, "偷": 1, "初次": 1, "尝试": 1, "风妆容": 1, "打钱": 1, "土耳其": 1, "难": 1, "买到": 1, "传统": 1, "道具": 1, "很多": 3, "功课": 1, "未": 1, "百分百": 1, "呈现": 1, "心中": 1, "妆容": 1, "喜爱": 1, "汉服": 1, "炒鸡": 1, "美": 1, "想": 3, "穿": 1, "脱": 1, "LAnzujaamu": 1, "鸿蒙": 7, "媲美": 5, "iOS": 3, "长": 4, "时间": 6, "OS": 1, "两三": 3, "拍": 2, "清晰": 1, "…​": 1, "金灿荣": 1, "香港": 2, "演讲": 1, "(": 1, "完整版": 1, ")": 1, "趴下": 1, "五": 1, "老二": 1, "国家": 1, "优点": 1, "发起": 1, "贸易战": 1, "、": 10, "封杀": 1, "干涉": 1, "事务": 1, "皆": 1, "遏制": 1, "发展": 2, "以此": 1, "保住": 1, "长期": 1, "领域": 2, "综合": 1, "国力": 1, "霸主": 1, "地位": 1, "建议": 1, "先码": 1, "L影视": 1, "吐槽君": 1, "左边": 1, "苹果": 5, "iPhone11ProMax": 1, "右边": 1, "Mate30Pro": 1, "认同": 1, "智能": 2, "拍照": 1, "鬼影": 2, "情况": 1, "旗舰机": 1, "算独": 1, "份": 1, "换成": 1, "品牌": 1, "估计": 1, "早": 1, "喷到": 1, "致歉": 1, "全文": 1, ">": 1, ">O": 1, "好像": 1, "发现": 1, "看错": 1, "Mate20": 1, "Mate10": 1, "蓝血": 1, "研究": 1, "心声": 3, "社区": 2, "跟帖": 1, "电邮": 1, "2019": 1, "097": 1, "号": 1, "文": 1, "对外": 1, "发布": 4, "按语": 1, "应对": 1, "制裁": 1, "方式": 1, "做好": 1, "学习": 1, "衡水": 1, "中学": 1, "改变": 2, "环境": 2, "胜利": 1, "办法": 1, "只能": 1, "优质": 1, "服务": 1, "报答": 1, "首款": 1, "系统": 6, "普及": 2, "买": 2, "牌子": 2, "": 2, "财神": 1, "保佑": 1, "头条": 1, "文章": 1, "汰弱留强": 2, "财经": 2, "每日": 1, "必读": 1, "赚钱": 3, "季": 1, "周四": 1, "/": 2, "+": 4, "数字": 2, "货币": 1, "业绩": 1, "预增": 1, "主板": 1, "放量": 1, "上涨": 1, "明日": 2, "预设": 1, "冲高": 1, "回落": 1, "观察": 3, "成交量": 2, "放大": 3, "持续": 1, "盘整": 1, "下跌": 1, "空间": 1, "强势": 2, "股": 2, "接力": 3, "亏": 1, "钱": 1, "效应": 2, "减缓": 1, "宝鼎": 1, "非科": 1, "创板": 1, "情绪": 2, "标杆": 1, "空间板": 1, "高度": 1, "4板": 1, "首板": 2, "数量": 1, "恢复": 1, "优": 1, "策略": 1, "选择": 2, "包板": 1, "1": 1, "涨停板": 1, "套利": 1, "反弹": 4, "面临": 1, "压力": 2, "明早": 1, "切勿": 1, "追涨": 1, "逢高": 1, "兑现": 1, "利润": 2, "卖": 1, "落袋": 1, "永远": 2, "科创板": 1, "探底": 1, "铂力特": 1, "乐鑫": 1, "重点": 1, "关注": 1, "另外沃尔德": 1, "方邦": 1, "股份": 3, "福光": 1, "瀚川": 1, "板块": 2, "活跃": 1, "盘中": 1, "O汰": 1, "弱留": 1, "传音": 5, "巨额": 2, "索赔": 4, "2000万": 3, "算": 2, "起诉": 1, "非洲": 1, "王": 1, "壁纸": 1, "侵权": 3, "第一": 1, "正面": 1, "交锋": 1, "元": 1, "震动": 1, "行业": 1, "内外": 1, "律师": 1, "新浪": 1, "法问": 2, "损失": 2, "计算": 1, "金额": 1, "算是": 1, "公式": 1, "=": 1, "下滑": 1, "销量": 3, "产品": 4, "*": 1, "涉案": 1, "单位": 1, "Mate30": 2, "标准": 1, "模式": 2, "夜景": 1, "样张": 1, "对比": 1, "感受": 1, "mate30": 1, "重构": 1, "想象": 1, "禁令": 2, "影响": 7, "剩": 1, "操作": 4, "年会": 1, "消除": 2, "10日": 2, "9月": 2, "19日": 2, "短期": 1, "担心": 1, "核心网": 1, "产业": 1, "零部件": 1, "唯有": 1, "生态": 1, "三年": 2, "Google": 1, "称": 1, "降低": 1, "一百多亿": 1, "美元": 1, "销售": 1, "收入": 1, "全景": 1, "万万": 1, "Mate": 1, "想到": 1, "眨眼": 1, "瞬间": 2, "居然": 1, "蕴藏": 1, "无限": 1, "气球": 1, "遇上": 1, "橘子": 1, "皮": 1, "爆炸": 1, "相机": 1, "快门": 1, "高速": 2, "工作": 1, "汽车": 1, "飞驰": 1, "烟云": 1, "力量": 1, "爆发": 1, "崭新": 1, "Pro": 1, "7680": 1, "帧超": 1, "摄影": 1, "针对": 1, "前景": 1, "打造": 1, "领导人": 1, "说话": 1, "保守": 1, "一点": 1, "逼": 1, "喊": 1, "吐槽": 1, "iPhone11": 1, "系列": 2, "款": 1, "上市": 1, "霸占": 1, "冠亚军": 1, "嘴": 1, "身体": 1, "诚实": 1, "国人": 1, "常态": 1, "谴责": 1, "这是": 1, "道德": 2, "范畴": 1, "只用": 1, "律己": 1, "兴趣": 1, "绑架": 1, "别人": 1, "心口不一": 1, "键盘侠": 1, "朋友": 1, "开盘": 1, "小时": 1, "点评": 1, "今日": 1, "早盘": 2, "大盘": 1, "平开": 1, "高走": 1, "创业板": 1, "幅度": 1, "个股": 2, "活跃度": 1, "提高": 1, "人民币": 1, "汇率": 1, "大幅": 1, "MY": 1, "谈判": 1, "带来": 1, "预期": 1, "相关": 1, "受益": 1, "科技股": 1, "涨幅": 1, "不错": 3, "盘面": 1, "黄上": 1, "白下": 1, "表现": 1, "走势": 1, "看高": 1, "一线": 1, "日线": 1, "牛": 1, "熊线": 1, "2942": 1, "控制": 1, "仓位": 1, "持股": 1, "待涨": 1, "即可": 1, "卢伟冰": 1, "口嗨": 1, "直呼": 1, "再见": 1, "电子": 3, "垃圾": 3, "不言而喻": 1, "暗指": 1, "友商": 2, "荣耀": 1, "vivo": 1, "OPPO": 1, "一家": 1, "手机圈": 1, "用来": 1, "红米": 2, "曝光": 1, "消息": 1, "Redmi8": 1, "搭载": 1, "骁龙": 1, "439": 1, "处理器": 1, "6.22": 1, "英寸": 1, "720P": 1, "美人": 1, "尖": 1, "屏幕": 1, "5000": 1, "毫安": 1, "电池": 1, "12Mp+2M": 1, "p主": 1, "摄像头": 1, "2/3/4GB": 1, "RAM": 1, "挣脱": 1, "芯片": 3, "设计": 2, "卡脖子": 3, "困境": 2, "EDA": 3, "国产化": 2, "急需": 2, "人才": 2, "美国商务部": 1, "8": 1, "企业": 3, "在内": 1, "28": 1, "实体": 2, "纳入": 1, "出口": 1, "管制": 1, "清单": 1, "包括": 1, "海康": 1, "威视": 1, "大华": 1, "安防": 1, "龙头": 1, "事件": 1, "类似": 1, "进口": 1, "美国商": 1, "品": 1, "申请": 1, "许可证": 1, "事实上": 1, "上游": 1, "工具": 1, "O挣脱": 1}