{"你好": 1, "明天": 1, "任正非": 7, "强势": 1, "回应": 14, "断供": 5, "：": 26, "美国": 44, "芯片": 10, "华为": 143, "做好": 4, "中国": 27, "贸易战": 1, "退缩": 1, "元器件": 1, "正是": 1, "元气": 2, "70": 1, "崛起": 1, "归根结底": 1, "一股子气": 1, "劲": 1, "昨日": 1, "拜": 1, "恩赐": 1, "；": 3, "今日": 1, "仰人鼻息": 1, "打铁还需自身硬": 1, "努力": 1, "​": 11, "相关": 5, "负责人": 2, "数据": 3, "中心": 1, "依赖": 4, "供应链": 4, "5月": 7, "20日": 6, "服务器": 1, "鲲鹏": 1, "920": 1, "自主": 4, "生产": 2, "补充": 1, "款": 3, "基于": 1, "公司": 29, "ARM": 1, "架构": 1, "永久": 1, "授权": 2, "剩余": 1, "都": 6, "@": 5, "界面": 2, "新闻": 6, "概念股": 6, "集体": 7, "涨停": 8, "核心": 6, "供应商": 15, "33": 6, "包括": 9, "英特尔": 7, "、": 41, "高通": 9, "博通": 6, "在内": 4, "企业": 17, "影响": 15, "硬币": 1, "损失": 3, "大额": 2, "订单": 3, "2018年": 4, "公布": 3, "92": 2, "名单": 2, "占比": 2, "大陆": 1, "25": 1, "台湾": 1, "10": 4, "日本": 3, "11": 1, "地区": 1, "13": 1, "耳熟能详": 2, "美光": 2, "佳讯": 2, "科尔沃": 2, "西林克斯": 2, "飞通": 3, "路透社": 9, "统计": 1, "显示": 2, "Flex": 1, "伟创力": 1, "营收": 3, "最多": 1, "金额": 2, "24亿": 1, "元": 3, "采购额": 2, "20亿": 1, "排名": 1, "第三": 1, "15亿": 1, "存储": 1, "设备": 5, "厂商": 1, "镁光": 2, "希捷": 1, "7亿": 1, "8亿": 1, "玻璃": 1, "面板": 1, "提供商": 1, "康宁": 1, "中小型": 1, "一类": 1, "存活": 1, "集成": 1, "电路": 1, "光通信": 1, "模组": 1, "制造商": 1, "光电": 1, "NeoPhotonics": 1, "47%": 1, "业务": 23, "来自于": 1, "光纤": 1, "被动": 1, "元件": 1, "激光": 1, "产品": 12, "供应": 1, "商朗": 1, "美通": 1, "Lumentum": 1, "11%": 2, "射频": 1, "威讯": 1, "Qorvo": 1, "谷歌": 31, "称": 14, "封锁": 1, "不大": 1, "保密柜": 1, "备胎": 2, "转正": 1, "O特朗普": 1, "捅": 1, "自己人": 1, "刀": 1, "！": 5, "股市": 1, "快讯": 1, "事件": 8, "开盘": 3, "兴森": 2, "科技": 10, "实达": 2, "集团": 2, "华天": 2, "诚迈": 2, "星星": 2, "力源": 2, "信息": 3, "华星": 1, "创业": 1, "欧洲": 7, "国": 3, "未": 6, "发现": 10, "后门": 10, "外交部": 12, "暴露": 6, "美": 3, "打压": 10, "他国": 9, "不正当性": 6, "报道": 9, "多年": 3, "审查": 6, "英国": 3, "德国": 3, "欧盟": 3, "均": 3, "思科": 4, "漏洞": 4, "2013年": 3, "发言人": 8, "陆慷": 11, "中方": 10, "想": 5, "听听": 3, "美方": 9, "对此": 3, "评论": 3, "国际": 3, "社会": 3, "抱": 3, "太": 3, "希望": 5, "棱镜门": 3, "指控": 3, "网络": 3, "攻击": 3, "窃密": 3, "事实": 3, "依据": 3, "三缄其口": 3, "指出": 3, "度": 4, "腹": 3, "获取": 3, "竞争": 3, "优势": 3, "造谣": 3, "抹黑": 3, "始终": 5, "像样": 3, "证据": 3, "调查": 4, "结论": 4, "证明": 4, "清白": 3, "动用": 5, "国家": 6, "力量": 3, "央视": 7, "记者": 5, "赵晶": 2, "L": 4, "秒拍": 5, "视频": 7, "公开": 2, "用于": 2, "组件": 1, "采购": 2, "数字": 1, "700亿": 1, "美元": 3, "110亿": 2, "禁令": 5, "消失": 1, "列入": 3, "实体": 1, "清单": 1, "当日": 1, "应声": 1, "跌": 1, "高度": 1, "股价": 2, "跌逾": 1, "大损": 1, "O": 3, "网页": 1, "链接": 1, "生变": 1, "路透": 1, "暂停": 23, "往来": 7, "引述": 1, "消息": 3, "人士": 3, "转让": 4, "硬件": 1, "软件": 1, "开源": 5, "内": 1, "除外": 1, "停止": 2, "安卓": 13, "服务": 18, "提供": 11, "技术": 1, "支持": 17, "协作": 1, "海外": 1, "版": 1, "智能": 7, "手机": 34, "访问": 2, "流行": 1, "程序": 3, "GooglePlay": 2, "商店": 1, "Gmail": 1, "彭博": 1, "老胡": 10, "新款": 2, "工作": 4, "绝大部分": 2, "生活": 4, "事项": 2, "都会": 2, "这部": 2, "操作": 15, "这不": 2, "受不了": 2, "舆论场": 2, "挑剔": 2, "苹果": 12, "发": 3, "挺华": 2, "帖子": 2, "政府": 4, "毫无": 2, "公正": 2, "出于": 6, "天然": 2, "愿望": 2, "花粉": 2, "行列": 2, "9": 3, "感谢": 3, "种种": 2, "启用": 2, "决不": 2, "意味着": 2, "抵制": 2, "发展": 11, "做出": 5, "贡献": 5, "改革": 2, "开放": 3, "强大": 2, "外国": 2, "现代化": 2, "参与": 2, "很多": 2, "果粉": 2, "权利": 12, "决定权": 2, "范畴": 2, "拿起": 2, "权力": 2, "情感": 4, "表达": 2, "这家": 2, "备受": 2, "尊重": 2, "扔掉": 2, "一个": 5, "辅助": 2, "申请": 2, "号": 2, "激烈": 2, "零和": 2, "一点": 2, "独立自主": 1, "能力": 6, "才能": 1, "走": 1, "越来越": 1, "远": 1, "欧美": 1, "才": 1, "硬": 1, "道理": 1, "场": 1, "持久战": 1, "轻易": 1, "放弃": 1, "气": 1, "网红": 1, "罗": 2, "玉凤": 2, "早就": 1, "垮": 1, "蹭": 1, "热度": 1, "？？": 1, "博取": 1, "眼球": 1, "苏宁": 2, "正面": 1, "刚": 1, "旗下": 1, "一家": 1, "店": 1, "卖": 1, "市场": 7, "发表": 2, "媒体": 5, "声明": 3, "系统": 13, "参与者": 3, "壮大": 3, "生态": 6, "荣耀": 3, "品牌": 4, "平板": 3, "电脑": 3, "请": 3, "消费者": 3, "放心": 3, "购买": 3, "未来": 2, "持续": 4, "打造": 2, "场景": 2, "智慧": 2, "用户": 2, "孙": 1, "蓟潍": 1, "法律": 6, "武器": 5, "捍卫": 6, "正当": 5, "涉及": 3, "软硬件": 3, "说法": 4, "正式": 3, "确认": 3, "此事": 3, "进一步": 3, "关注": 3, "事态": 3, "进展": 3, "胡侃": 1, "冲击": 1, "全球": 2, "5G": 1, "领导者": 1, "长期": 1, "应对": 1, "混乱": 2, "工业": 1, "门类": 1, "输家": 1, "这次": 1, "L胡锡进": 1, "遵从": 3, "指令": 3, "19日": 2, "援引": 2, "知情": 1, "Alphabet": 1, "源码": 1, "许可": 1, "可用": 1, "只能": 1, "公共": 1, "版本": 1, "专有": 1, "此前": 1, "创始人": 2, "兼": 1, "总裁": 2, "18日": 1, "接受": 2, "采访": 2, "抨击": 1, "特朗普": 2, "黑名单": 1, "坚称": 1, "违法": 1, "出售": 2, "为此": 1, "研判": 1, "拒绝": 1, "细节": 1, "余承东": 3, "亲承": 1, "早已": 1, "开发": 2, "自有": 3, "迫不得已": 2, "现有": 1, "3月份": 1, "证实": 1, "情况": 2, "名": 1, "鸿蒙": 4, "老板": 3, "联播": 2, "中止": 3, "自研": 2, "单一": 1, "匿名": 1, "信源": 1, "Google": 2, "之间": 1, "2012年": 1, "规划": 1, "意在": 1, "Android": 1, "替代品": 1, "发生": 1, "微软": 1, "启动": 1, "B": 1, "计划": 1, "O谷歌": 2, "待命": 1, "胡": 2, "锡进": 2, "改用": 3, "环球": 1, "时报": 1, "总编辑": 1, "胡锡进": 2, "长微博": 1, "更换": 1, "原因": 1, "作出": 1, "原文": 1, "刚刚": 1, "发布": 1, "事情": 1, "一辈子": 1, "做成": 1, "件": 1, "很": 1, "简单": 1, "加油": 2, "所有人": 1, "抱负": 1, "民族": 1, "尊严": 1, "人民日报": 1, "茫茫人海": 1, "云水相逢": 1, "琴瑟相知": 1, "形影相携": 1, "联合": 1, "谈恋爱": 1, "选择": 3, "拥有": 1, "时光": 1, "不凡": 1, "首次": 2, "发声": 1, "句句": 1, "霸气": 1, "掷地有声": 1, "近日": 1, "深圳": 1, "总部": 1, "有限": 1, "中宏网": 1, "L中宏网": 1, "针对": 2, "合作": 1, "遵守": 3, "命令": 3, "外媒": 2, "实体名单": 1, "邮件": 1, "回复": 1, "谈": 1, "企用": 1, "主持": 1, "例行": 1, "记者会": 1, "提问": 1, "大跌": 1, "全线": 1, "客户": 1, "联播L": 1, "攒钱": 1, "海思": 1, "凌晨": 1, "致信": 1, "员工": 1, "签": 1, "紧急": 1, "状态": 1, "狗日的": 1, "美帝": 1, "截图": 1, "精准": 1, "付费": 1, "道听途说": 1, "外交": 1, "相约": 1, "蓝厅": 1, "清白​": 1}