{"易烊": 2, "千玺yyqx": 1, "易烊": 38, "千玺": 6, "四": 41, "字": 45, "弟弟": 11, "华为": 87, "nova": 5, "帅哥": 2, "大屏": 1, "广告": 1, "洗洗": 1, "眼": 1, "见识": 2, "金主": 1, "爸爸": 1, "排面": 1, "​": 14, "近日": 4, "总裁": 3, "任正非": 14, "纪录片": 4, "谈": 4, "2000年": 5, "中国": 15, "电信": 6, "运营商": 11, "购买": 9, "通信": 11, "系统": 9, "花": 4, "很多": 10, "钱": 3, "终于": 3, "研发": 4, "先进": 3, "GSM": 4, "国家": 10, "买": 5, "偏": 3, "落后": 4, "扶持": 9, "中兴": 4, "国企": 3, "UT斯达康": 3, "外企": 3, "承受": 3, "财务": 3, "压力": 3, "痛苦": 4, "极其": 3, "被迫": 4, "艰难": 4, "开拓": 4, "海外": 6, "市场": 13, "成功": 4, "崛起": 3, "纯属": 3, "颠倒": 3, "黑白": 3, "！": 16, "快": 3, "干垮": 3, "回应": 3, "FCC": 8, "美": 3, "联邦": 12, "委员会": 5, "禁止": 7, "补贴": 6, "设备": 7, "深夜": 2, "美国": 15, "政客": 2, "网站": 2, "消息": 1, "当地": 1, "时间": 3, "22日": 2, "资金": 4, "这是": 4, "政府": 3, "试图": 1, "遏制": 1, "企业": 1, "影响": 3, "最新": 1, "努力": 1, "北京": 2, "公司": 6, "就此": 1, "发表": 1, "声明": 3, "此项": 3, "基于": 2, "片面": 2, "信息": 2, "法律": 2, "错误": 2, "解读": 2, "证据": 2, "情况": 2, "认定": 2, "威胁": 2, "违反": 2, "立法": 2, "正当": 2, "程序": 2, "原则": 2, "涉嫌": 2, "违法": 2, "全文": 1, "：": 13, "参与": 2, "计划": 1, "媒体": 3, "(": 2, ")": 2, "投票": 2, "反对": 2, "通用": 1, "服务": 5, "用于": 1, "改善": 2, "农村": 3, "偏远": 3, "地区": 4, "宽带": 1, "互联网": 1, "该项": 1, "支持": 2, "竞争力": 1, "产品": 9, "学校": 1, "、": 15, "医院": 1, "图书馆": 1, "公用": 1, "设施": 1, "提供": 1, "可靠": 1, "高速": 1, "5G": 6, "网络": 8, "竞争": 4, "弱化": 1, "消费者": 3, "不得不": 1, "支付": 1, "高昂": 1, "代价": 1, "状况": 1, "对此": 1, "用户": 2, "隐私": 1, "保护": 2, "业务": 2, "纲领": 1, "成立": 1, "30年": 1, "建立": 1, "战略": 1, "供应链": 2, "解决": 1, "方案": 2, "端到端": 1, "实践": 1, "遍及": 1, "全球": 5, "170": 1, "从未": 1, "发生": 1, "事故": 1, "客户": 1, "需求": 1, "赢得": 1, "信任": 1, "敦促": 1, "AjitPai": 1, "主席": 1, "政策": 2, "制定者": 1, "开放": 1, "沟通": 1, "寻找": 1, "保障": 1, "维护": 1, "利益": 1, "O": 1, "凌晨": 1, "金鸡奖": 4, "阵容": 1, "第28": 1, "届": 2, "金": 1, "鸡百": 1, "电影节": 2, "开设": 1, "影像": 1, "·": 1, "手机": 13, "影片": 5, "竞赛": 1, "鼓励": 1, "专业": 1, "电影人": 1, "电影": 7, "创作": 2, "期间": 3, "首次": 1, "展映": 2, "Mate30": 4, "系列": 2, "拍摄": 1, "三": 4, "金鸡": 4, "百花": 4, "大咖": 1, "大众": 1, "展开": 1, "讨论": 1, "L": 5, "视频": 11, "秒拍": 4, "千": 29, "玺": 31, "yyqx": 6, "唱歌": 12, "yy": 30, "qx": 36, "跳舞": 6, "帅好": 6, "看好": 6, "听": 6, "szdd四": 6, "好看": 8, "四字帅": 6, "szddyyqx": 2, "可爱": 12, "天猫": 3, "中戏": 17, "双料": 9, "第一": 8, "冰": 2, "小将": 2, "千禧龙": 2, "少年": 6, "对不起": 2, "雕塑": 2, "李必": 2, "阿易": 2, "王子": 2, "yyqx帅": 3, "千玺阿迪": 3, "帅": 2, "优秀": 2, "演员": 2, "烊": 9, "千玺百草味": 2, "千玺康": 2, "师傅": 2, "绿茶": 2, "千玺优益C": 2, "优酷": 2, "VIP": 2, "会员": 2, "千玺欧乐b": 2, "依云": 2, "BBC": 1, "孤注一掷": 3, "IBM": 3, "顾问": 3, "时薪": 2, "680": 2, "美金": 2, "工资": 2, "才": 2, "5000多": 2, "块钱": 2, "独特": 1, "视角": 1, "再现": 1, "成长": 1, "历程": 1, "BBCStoryWorks": 1, "纪录": 1, "短片": 1, "第二": 1, "DoubleorNothing": 1, "讲述": 1, "定制化": 1, "走向": 2, "国际化": 1, "经历": 1, "管理": 4, "变革": 1, "拓展": 1, "开端": 1, "上世纪": 1, "90年代": 1, "巨头": 1, "把持": 1, "城市": 1, "选择": 4, "切入": 1, "站稳": 1, "脚跟": 1, "做出": 3, "一个": 4, "关键": 1, "请": 1, "集成": 1, "开发": 1, "规模": 1, "流程": 1, "称": 2, "未来": 1, "别人": 1, "学习": 2, "价值": 1, "派出": 1, "坚定": 1, "走": 1, "3": 2, "GPP": 1, "很": 5, "挣钱": 1, "前景": 1, "小灵通": 1, "IS-95": 1, "CDMA": 1, "发展": 3, "不如意": 1, "精神": 1, "度日如年": 1, "……": 1, "人才": 2, "76116": 1, "易": 3, "美貌": 1, "洗眼": 1, "好听yyqxszddyyqx帅yyqx": 4, "天猫yyq": 7, "x华为yyqx": 7, "第一yyqx帅yyqx": 4, "苏四字酷": 2, "四字棒": 2, "优益": 2, "Cyyqxsndnyyqx": 2, "踩点": 2, "好听yy": 2, "梨涡yyqx": 2, "穿": 2, "搭": 2, "私服": 2, "四字": 4, "时尚": 2, "舞蹈": 2, "代言": 2, "硬照": 2, "四字街": 2, "舞": 2, "长安": 3, "十二": 3, "时辰": 3, "1": 2, "阿里巴巴": 1, "刚刚": 1, "院士": 4, "王坚": 1, "一下子": 1, "引爆": 1, "挖掘": 1, "报道": 1, "有人": 1, "牛": 1, "勉为其难": 1, "老爷子": 1, "早就": 1, "院土": 2, "工程": 1, "商人": 1, "地气": 1, "负责": 1, "纯粹": 1, "搞": 1, "学术": 1, "研究": 2, "方向": 1, "牺牲": 1, "好在": 1, "重视": 1, "基础": 1, "科学家": 1, "越来越": 2, "局限": 1, "国内": 1, "放眼": 1, "引进": 2, "国际": 1, "两院": 1, "新增": 1, "籍贯": 1, "统计": 1, "广东": 1, "真得": 1, "加把劲": 1, "培养": 1, "太": 4, "心痛": 1, "高通": 3, "公布": 1, "收费": 1, "标准": 1, "全网": 1, "小米": 2, "OV": 1, "魅族": 1, "一加": 1, "芯片": 3, "卖出": 1, "3000": 1, "通交": 1, "97-150": 1, "元": 1, "国产": 1, "厂商": 1, "低头": 1, "缴费": 1, "交": 1, "几百亿": 1, "日子": 1, "个头": 1, "担心": 1, "麒麟": 1, "性能": 1, "赶超": 1, "同期": 1, "收": 2, "专利费": 2, "知识": 1, "产权": 1, "用来": 1, "进攻": 1, "技术": 1, "创新": 2, "打官司": 1, "75": 1, "岁": 1, "企业家": 1, "胸怀": 1, "善良": 1, "烊千": 2, "一心一意": 1, "长沙": 2, "芒果": 1, "窗": 1, "灯光": 1, "秀原": 1, "视频O": 1, "今晚": 2, "18:30": 1, "小鸟": 1, "打卡": 1, "~": 3, "❛˓": 1, "◞˂": 1, "̵✧": 1, "@": 2, "TFBOYS": 2, "千玺易烊": 3, "天猫yy": 1, "L盐奶": 1, "妹妹": 1, "千玺yyqx帅yyqx": 1, "戏y": 1, "yq": 1, "x华为yyq": 1, "x天猫yy": 1, "歌": 1, "舒适圈yyy": 1, "短发yy": 1, "发型": 1, "封面": 1, "演技yyqxsndn": 1, "szdd易烊": 1, "天猫adidasne": 1, "o华": 1, "丹麦": 1, "旅游": 1, "首位": 1, "代言人": 2, "": 1, "Red": 1, "Velvet": 1, "下次": 1, "再见": 1, "坑": 1, "30pro": 1, "极限": 1, "操作": 1, "明星": 1, "偷税": 1, "吸毒": 1, "原谅": 2, "袁隆平": 1, "羞辱": 1, "这才": 1, "时代": 1, "悲哀": 1, "四川": 1, "真的": 2, "好笑": 1, "影业": 3, "上线": 1, "样子": 3, "棒": 1, "徕卡": 3, "摄": 3, "拍": 2, "超出": 1, "预期": 1, "L华": 1, "终端": 1, "官方": 1, "创造": 1, "连接": 2, "发明": 1, "致敬": 1, "带来": 3, "更多": 1, "一点点": 1, "自由": 1, "Mate力": 1, "MatePad": 1, "上海": 1, "关+": 1, "转评": 1, "抽送": 1, "手环": 1, "3e": 1, "​O": 1, "抽奖": 1, "详情": 1, "李": 1, "少红": 1, "监制": 1, "喜欢": 1, "故事": 1, "扎实": 1, "笑点": 1, "重构": 2, "想象": 2, "表现": 2, "红毯": 2, "名字": 2, "直播间": 2, "康康": 1, "保姆级": 1, "教程": 1, "！！": 1, "佳佳": 1, "暖冬": 1, "宠粉节": 1, "#O": 1, "7点半": 1, "准时": 1, "开播": 2, "送": 2, "6": 4, "️": 5, "⃣": 5, "现金": 2, "！！！": 1, "直播": 1, "台华": 1, "神秘": 1, "奖品": 1, "红包": 1, "定时": 1, "美妆": 1, "不见不散": 1, "助攻": 1, "部队": 1, "永不": 1, "后退": 1, "360": 1, "度": 1, "帧": 1, "都": 7, "帅气": 1, "苏四字": 1, "酷易": 1, "烊千玺": 1, "漂亮": 1, "宝贝": 1, "吃播": 1, "…": 1, "超": 1, "食欲": 1, "大爷": 1, "吃": 1, "糖葫芦": 1, "千玺": 1, "老板": 2, "创始人": 1, "一共": 1, "妻子": 1, "孟军": 1, "姚凌": 1, "苏薇": 1, "儿女": 1, "孟晚舟": 1, "任平": 1, "姚": 1, "安娜": 1, "这不": 1, "出道": 1, "颠峰": 1, "期待": 1, "惊艳": 1, "接受": 6, "采访": 6, "比尔·盖茨力": 1, "挺华": 2, "创新性": 6, "盖茨": 3, "毫无疑问": 2, "领域": 2, "拥有": 2, "世界": 4, "领先": 2, "好事": 4, "生产": 2, "价格": 4, "低廉": 2, "迫使": 2, "降低": 2, "尝试": 2, "改进": 2, "O比尔·盖茨": 2, "力挺": 3, "默克尔": 4, "党代会": 3, "藐视": 2, "本月": 1, "22": 1, "23日": 1, "德国": 2, "基督教": 1, "民主": 1, "联盟": 1, "基民盟": 1, "全国": 1, "压倒性": 1, "提案": 2, "建设": 1, "议会": 1, "层面": 1, "辩论": 1, "部门": 1, "单独": 1, "制订": 1, "规则": 1, "这项": 1, "办公室": 1, "最终": 1, "下任": 1, "总理": 1, "候选人": 1, "卡伦鲍尔": 1, "德媒": 2, "此举": 1, "柏林": 1, "智库": 1, "公共": 1, "研究所": 1, "所长": 1, "贝纳": 1, "上任": 1, "14": 1, "所在": 1, "政党": 1, "失败": 1, "O基": 1, "民盟": 1, "重头戏": 1, "感叹": 1, "罕见": 1, "华尔街": 1, "日报": 1, "看法": 1, "联播": 1, "​​": 3, "李宁": 4, "这次": 2, "危机": 1, "国人": 2, "道德": 1, "绑架": 1, "尊严": 1, "面前": 1, "抵御": 1, "外来品": 1, "诱惑": 1, "国货": 1, "站": 1, "土生土长": 1, "起死回生": 1, "活": 1, "品牌": 4, "改名": 1, "机遇": 1, "​随": 1, "经济": 1, "国民": 1, "素质": 1, "极速": 1, "提升": 1, "中国人": 1, "民族": 1, "自信心": 1, "崇洋": 1, "心态": 1, "慢慢": 1, "消散": 1, "大凡是": 1, "经验": 1, "团队": 3, "件": 1, "求财": 1, "或许": 1, "想到": 1, "签约": 1, "NBA": 1, "负面": 1, "专业度": 1, "深厚": 1, "消费": 1, "文化": 1, "迟早": 1, "遗弃": 1, "角落": 1, "MateX": 1, "玩": 1, "游戏": 1, "简直": 1, "浪费": 1, "。。。": 1, "比尔盖茨力": 1, "比尔盖茨": 1, "到访": 1, "记者": 1, "在内": 1, "希望": 1, "关系": 1, "转好": 1, "关税": 1, "贸易": 1, "壁垒": 1, "阴云": 1, "变得": 1, "明朗": 1, "为止": 1, "各项": 1, "工作": 1, "此前": 1, "坏": 1, "东西": 1, "飞机": 1, "引擎": 1, "软件": 1, "想法": 1, "疯狂": 1, "此次": 1, "科技": 1}