{"朱": 1, "亚文": 1, "头像": 2, "电视剧": 1, "大明": 1, "风华": 1, "宣传": 6, "新剧": 1, "剧组": 1, "演员": 1, "都": 9, "朱亚文": 1, "太": 7, "难": 1, "孙子": 1, "想": 8, "换​": 1, "影像": 4, "不止": 3, "手机": 34, "艺术展": 1, "揭秘": 1, "百": 1, "台": 6, "华为": 46, "MatePad": 1, "Pro共绘": 1, "新年": 2, "巨幅": 1, "插画": 1, "点击O": 1, "网页": 3, "链接": 3, "即刻": 1, "入手": 1, "画": 1, "~": 1, "L华": 3, "终端": 3, "官方": 4, "视频": 19, "​": 15, "北方": 1, "大雪纷飞": 1, "四季如春": 1, "这次": 3, "三亚": 2, "旅行": 1, "nova6": 3, "5G": 4, "拍": 4, "2019年": 5, "超": 9, "满意": 1, "照片": 2, "～": 2, "前置": 1, "超广角": 1, "轻松": 1, "收录": 1, "美景": 1, "脸": 2, "cm": 1, "自动": 1, "焦": 1, "面部": 1, "清晰": 1, "睫毛": 1, "根根": 1, "分明": 1, "真的": 2, "只能": 1, "amazing": 1, "形容": 1, "！": 22, "昏暗": 1, "夜色": 1, "拍摄": 1, "超高清": 1, "超惊艳": 1, "大片": 1, "记录": 2, "生活": 3, "一个": 4, "精彩": 1, "瞬间": 3, "自拍": 5, "Henry": 2, "刘": 5, "宪华": 5, "沉睡": 2, "制作": 2, "演唱": 2, "It": 2, "’": 2, "sYou": 2, "拿下": 2, "Spotify": 2, "年度": 2, "最佳": 2, "串流": 2, "韩国": 2, "OST": 2, "第一": 11, "连续": 2, "消费者": 4, "业务": 4, "CEO": 4, "透露": 4, "全球": 21, "出货量": 12, "预计": 5, "2.3亿": 7, "超过": 4, "苹果": 18, "。。。": 1, "忘记": 1, "占": 4, "利润": 5, "六成": 1, "圣诞节": 2, "来华": 1, "商城": 1, "挑": 2, "礼物": 2, "华仔": 2, "挑选": 1, "好看": 2, "关+": 2, "转评": 2, "今晚": 1, "10点": 1, "抽": 12, "5": 1, "可爱": 1, "送": 9, "@": 7, "FLOWERPLUS花": 1, "圣诞": 2, "花束": 1, "份": 2, "试试看": 1, "老人": 2, "选中": 1, "​O": 3, "抽奖": 4, "详情": 4, "旧": 12, "厨吐槽": 2, "大会": 2, "2020年": 1, "你家": 2, "乱糟糟": 1, "厨房": 5, "每次": 2, "老旧": 1, "懒癌": 1, "发作": 1, "靠近": 1, "年限": 1, "线路": 1, "老化": 1, "下厨": 1, "提心吊胆": 1, "生怕": 1, "易燃易": 1, "爆炸": 1, "欧派": 3, "厨": 5, "新季": 2, "宠粉": 1, "福利": 3, "风暴": 1, "来袭": 1, "O姐": 1, "在线": 1, "邀请": 1, "吐槽": 5, "厨虐心": 1, "统统": 1, "一吐为快": 1, "diss": 1, "奖品": 2, "总共": 1, "抽取": 1, "186": 1, "小可爱": 1, "价值": 3, "3999": 3, "元": 7, "改造": 3, "免单": 3, "基金": 3, "、": 11, "mate30pro": 3, "迪奥": 1, "热门口": 1, "红色号": 1, "100": 4, "京东": 3, "购物卡": 3, "厨旧迎新": 1, "满满": 1, "宠爱": 1, "困扰": 1, "一站式": 1, "请": 1, "路过": 1, "哥哥": 1, "姐姐": 1, "仔细": 1, "阅读": 1, "攻略": 2, "：": 10, "关注": 1, "家居": 2, "集团": 2, "转发": 1, "本条": 1, "带": 3, "话题": 2, "评论": 1, "晒出": 1, "助力": 1, "热度": 1, "飙升": 1, "成功": 1, "参与": 2, "活动": 1, "波": 3, "开奖": 3, "时间": 4, "12月": 4, "25日": 1, "名": 10, "；": 12, "1": 3, "10": 3, "送迪": 3, "奥口红": 3, "支": 3, "50": 3, "第二": 11, "1月": 2, "1日": 1, "元旦": 1, "送华": 1, "第三": 4, "8日": 1, "京东卡": 1, "丰厚": 1, "快快": 1, "锦鲤": 1, "L欧派": 1, "O抽奖": 1, "喜欢": 2, "这期": 1, "平凡": 1, "美好": 2, "L": 1, "笑笑": 1, "同学": 5, "冬日": 2, "恋歌": 1, "情话": 1, "挑战": 1, "记得": 1, "当年": 1, "条": 2, "始终": 1, "发送": 1, "短信": 1, "刘宪华": 2, "Henry-Lau": 1, "歌": 3, "爱": 4, "温情": 1, "上线": 1, "": 2, "HenryLau": 2, "温暖": 1, "富有": 1, "磁性": 1, "声音": 1, "诉尽": 1, "成熟": 1, "男孩": 1, "心底": 1, "无限": 1, "往事": 1, "PS": 1, "听": 1, "华唱": 1, "顶": 1, "住": 1, "音乐": 1, "收听": 1, "聆听": 1, "美": 2, "情话~O": 1, "服务": 1, "芯片": 1, "巨头": 2, "许可证": 3, "股价": 2, "大涨": 2, "美国": 3, "科技": 3, "行业": 4, "龙头": 1, "老大": 1, "微软": 1, "Microsoft": 1, "该国": 1, "芯片业": 1, "美光": 3, "白名单": 1, "当地": 1, "18日": 1, "发布": 2, "声明": 1, "客户": 1, "供应": 1, "产品": 2, "所需": 1, "公司": 4, "称": 1, "财务": 1, "表现": 1, "2020": 1, "财年": 1, "季度": 3, "周期性": 1, "触底": 1, "明年": 2, "复苏": 2, "消息": 1, "当天": 1, "盘后": 1, "交易": 2, "4%": 1, "次日": 1, "收盘": 1, "收涨": 1, "2.81%": 1, "O美光": 1, "供货": 1, "业绩": 1, "三星": 10, "20日": 2, "余承东": 3, "位列": 3, "3.23亿": 3, "品牌": 6, "三季度": 2, "均": 2, "五环短": 2, "L五环": 2, "短": 2, "拍照": 1, "功课": 1, "要点": 1, "分享": 1, "年末": 1, "打卡": 1, "艺术": 3, "展华": 1, "很": 4, "6": 1, "风格": 1, "展区": 1, "摄影": 1, "大师": 1, "现场": 1, "教学": 1, "21号": 1, "看展": 1, "有机": 1, "问答": 1, "第2": 1, "期": 1, "买": 8, "Mate30pro": 1, "提问": 2, "回答": 4, "过滤云": 1, "测评": 1, "咨询": 1, "感受": 1, "很多": 2, "型号": 1, "尾巴": 1, "确保": 1, "先来": 1, "请问": 1, "Mate30": 1, "月亮": 1, "🌙": 1, "腾讯": 7, "员工": 5, "发": 2, "上亿": 1, "年终": 2, "奖励": 7, "网友": 1, "骂": 1, "原因": 3, "震惊": 1, "近日": 1, "庆祝": 1, "腾讯云": 2, "100亿": 1, "营收": 2, "云团队": 1, "iPhone11Pro": 1, "网传": 1, "此次": 2, "金额": 1, "1亿": 1, "原本": 1, "酸": 1, "想到": 1, "全网": 1, "半数": 1, "指责": 1, "推到": 1, "国家": 2, "高度": 1, "着实": 1, "惊呆": 1, "众": 1, "看客": 1, "不难": 1, "猜": 1, "企业": 5, "默认": 2, "标配": 1, "当做": 1, "新闻": 1, "老总": 1, "家人": 1, "肯定": 1, "同身": 1, "深圳": 1, "竞争": 2, "激烈": 2, "发给": 1, "竞品": 1, "于情于理": 1, "支持": 2, "萌萌": 1, "熊猫": 1, "宝宝": 1, "广角": 1, "噢": 1, "冷": 2, "跑": 2, "寒冬": 1, "小瞧": 1, "只管": 1, "WatchGT": 1, "2助": 1, "开启": 3, "热炼": 1, "WatchGT2": 1, "运动": 1, "款": 1, "不准": 1, "跑步": 1, "秒拍": 1, "For": 1, "🕹": 1, "地址": 1, "上海": 3, "西岸": 2, "中心": 2, "2019": 1, "场": 2, "大展": 1, "·": 2, "指": 1, "虚假": 2, "荣耀": 5, "智慧": 5, "屏": 2, "证实": 2, "性能": 2, "3": 2, "倍": 2, "昨天": 1, "下午": 1, "小米": 1, "Redmi": 2, "电视": 1, "经理": 1, "潘": 1, "屏Pro": 3, "拆机": 3, "测试": 1, "Pro音响": 1, "大功率": 2, "2*12W": 1, "60": 2, "W": 1, "功率": 2, "相差": 1, "抨击": 1, "诚信": 1, "诡辩": 1, "指出": 1, "页面": 1, "宣称": 1, "音响": 1, "6*1": 1, "0瓦": 1, "总裁": 1, "媒体": 1, "采访": 1, "W功率": 1, "专业": 1, "验证": 1, "发现": 1, "内部": 1, "预置": 1, "通道": 1, "扬声器": 3, "三": 1, "发声": 1, "单元": 1, "12瓦": 1, "看好": 1, "哪家": 1, "未来": 1, "堪称": 1, "民族": 1, "国货": 1, "小事": 1, "起​": 1, "肖战": 1, "OPPO": 1, "王一博": 1, "蔡": 1, "徐坤": 1, "vivo": 1, "易烊": 1, "千": 1, "玺": 1, "代言人": 1, "选": 1, "大华": 1, "Henry-LauL闻娱": 1, "教父": 1, "高科技": 3, "卖": 1, "东西": 1, "美国商务部": 1, "递交": 1, "申请": 3, "几百": 1, "递": 1, "排队": 1, "审批": 1, "算": 1, "权限": 1, "一把手": 1, "负责制": 1, "统一": 1, "罗斯": 2, "负责": 1, "川": 3, "大爷": 3, "内阁": 1, "为数不多": 1, "忠仆": 1, "忠实": 1, "盟友": 1, "钱": 1, "权": 1, "合法化": 1, "权力": 1, "寻租": 1, "制度化": 1, "迫使": 1, "明里": 1, "暗中": 1, "有利于": 1, "共和党": 2, "事情": 1, "才能": 1, "寻": 1, "民主党": 1, "铁钱箱": 1, "局面": 1, "恐怕": 1, "让利": 1, "一点": 1, "说到底": 1, "资本主义": 1, "嘴": 1, "上都": 1, "主义": 1, "生意": 1, "AmericaFUCKYEAH": 1, "报告": 1, "市场": 1, "三分之二": 1, "17%": 1, "全球性": 1, "分析": 1, "Counterpoint": 1, "数据": 1, "显示": 1, "攫取": 1, "智能": 1, "66％": 1, "排": 2, "17％": 1, "整体": 1, "同比": 1, "下降": 1, "11％": 1, "120亿": 1, "美元": 1, "十大": 1, "增长": 1, "老板": 2, "联播L": 1, "联播": 1, "深度": 1, "解析": 1, "鸿蒙": 2, "操作": 1, "系统": 1, "面对": 1, "西方": 1, "施压": 1, "重围": 1, "Itisbelieved": 1, "thatsomeWesterncountriesare": 1, "tryingtostrangleChina'stechcompaniesbybanningthemfromusingWindowsor": 1, "GooglePlayStorethisyear.Thishasled": 1, "toarapidgrowthofChinesereplacements": 1, "theseproducts,suchasopen-sourceLinuxandapp": 1, "storestailored": 1, "forlocalneeds.HuaweireleasedinAugustitshomegrownoperatingsystem,HarmonyOS.But": 1, "whatmakesHuawei'sHarmonyOSsystemspecialandhowitmanagestobreakthroughthe": 1, "West'ssoft": 1, "warelockdown": 1, "Formore:O": 1, "LCGTN": 1, ".": 1, "江山": 1, "曲歌": 1, "盛世": 1, "繁华": 1, "执年华": 1, "笔": 1, "写": 1, "一生": 1, "风月": 1, "清雅": 1, "海": 1, "书香": 1, "情感": 1, "V时代": 1, "遇见": 1, "#​": 1, "平板": 1, "MatePadPro": 1, "丹霞": 1, "橙": 1, "沉闷": 1, "冬季": 1, "抹": 1, "亮色": 1, "打破": 1, "非黑即白": 1, "单调": 1, "出门": 1, "走路": 1, "带风": 1, "随时": 1, "切换": 2, "工作": 1, "模式": 2, "👩": 1, "‍💻": 1, "北京": 1, "回龙": 1, "观​": 1, "雷军": 2, "屏保": 1, "上次": 1, "开发": 1, "布会": 1, "干": 1, "翻华": 1, "误解": 1, "友商": 1, "地上": 1, "摩擦": 1, "L黄": 1, "掌柜": 1, "007": 1, "双模": 2, "制式": 1, "耗电": 1, "厂商": 2, "NSA": 1, "嘲讽": 1, "选择": 1, "SA+NSA": 1, "开发者": 1, "选项": 2, "暂时": 1, "屏蔽": 1, "拨号": 1, "盘输": 1, "代码": 1}