{"BBC": 9, "纪录片": 12, "：": 17, "华为": 90, "讲述": 17, "任正非": 28, "精彩": 2, "故事": 17, "BBCStoryWorks": 5, "独特": 5, "视角": 5, "再现": 8, "成长": 8, "历程": 8, "首次": 7, "呈现": 8, "很多": 17, "不为人知": 7, "第一": 10, "白手起家": 8, "经历": 8, "创立": 11, "过程": 8, "片中": 6, "创业史": 12, "推荐": 2, "收藏": 2, "马": 2, "O视频": 2, "纪录": 2, "短片": 2, "登陆": 3, "BBCL新浪": 2, "财经": 3, "视频": 14, "​": 17, "爆": 1, "强制": 1, "工作": 2, "老": 1, "员工": 6, "离职": 3, "近日": 1, "知乎": 2, "一个": 3, "话题": 1, "热门": 1, "名": 2, "女": 1, "即将": 1, "合同": 3, "到期": 2, "发现": 2, "怀孕": 1, "申请": 3, "续续": 1, "签": 1, "沟通": 1, "拒绝": 1, "女士": 1, "仲裁": 1, "这是": 1, "崛起": 5, "实际上": 8, "历经": 5, "30年": 5, "持续": 6, "奋斗": 5, "磨砺": 5, "洪荒之力": 3, "群": 3, "普通人": 3, "脚踏实地": 3, "创始人": 5, "戳": 2, "初": 2, "facts": 2, "L华": 4, "心声": 2, "社区": 2, "逼": 3, "产品": 8, "真实": 5, "早期": 9, "称": 5, "代理": 5, "销售": 5, "交换机": 5, "卖": 4, "很": 7, "供货": 4, "逼到": 4, "那时候": 4, "无路可走": 5, "想念": 4, "成功": 5, "茶缸": 2, "愿景": 2, "三": 3, "天下": 3, "O网页": 4, "链接": 7, "创业": 3, "发布": 7, "亲述": 5, "11月": 5, "11日": 4, "@": 2, "老板": 2, "联播": 1, "联播O": 1, "网页": 4, "梨": 1, "链接O": 1, "O": 1, "畅享": 1, "10Plus": 1, "汲取": 1, "自然": 2, "装点": 1, "初冬": 1, "华美": 1, "赤茶橘": 1, "阳光": 1, "映衬": 1, "如同": 1, "枫叶": 1, "4800万": 1, "超": 1, "广角": 1, "AI三": 1, "摄": 1, "1600万": 1, "前置": 1, "摄像头": 2, "还原": 1, "本来": 1, "美": 1, "颜值": 1, "实力": 2, "大声": 1, "告诉": 1, "世间": 1, "饰品": 1, "手里": 2, "拍照": 1, "神器": 1, "留步": 1, "！": 10, "购物节": 1, "份": 1, "大礼": 2, "要领": 1, "芒果": 2, "超级": 2, "会员": 2, "TV": 1, "年卡": 1, "4折": 1, "参与": 1, "明侦": 1, "限量": 1, "盲盒": 1, "每日": 1, "抢": 1, "、": 21, "拍拍": 1, "攒手气": 1, "拍中": 1, "11.11": 1, "必得": 1, "快": 3, "命运": 1, "戳O": 1, "赢华": 1, "手机": 18, "极米": 1, "投影": 1, "快本": 1, "天天": 1, "跨年夜": 1, "门票": 1, "拍": 2, "礼": 1, "；": 3, "请": 1, "中国": 3, "圈": 1, "未": 2, "谜": 1, "MateX折": 1, "叠屏": 1, "到底": 1, "上市": 1, "传华": 1, "胡玲": 6, "辞职": 2, "实名": 2, "投诉": 2, "公司": 3, "HR": 3, "回应": 2, "职场": 1, "越级": 1, "汇报": 1, "AI": 1, "财经社": 1, "报道": 1, "12日": 1, "脉脉": 1, "网友": 2, "爆料": 1, "事件": 2, "当事人": 1, "提交": 1, "消息": 1, "官方": 2, "确认": 1, "帖子": 1, "描述": 1, "事情": 1, "太": 1, "实锤": 1, "证据": 1, "偏": 1, "主观": 1, "情绪化": 1, "表述": 1, "O传华": 1, "指挥": 4, "中心": 4, "堪比": 1, "美军": 2, "志向": 1, "格局": 2, "显现": 1, "完善": 1, "管理链": 1, "厉害": 1, "世界": 1, "屏幕": 1, "指挥部": 1, "航天": 1, "西安": 1, "基地": 1, "巨屏": 1, "面积": 1, "高达": 1, "亩": 1, "规模": 1, "举世无双": 1, "支持": 2, "8K": 1, "高清": 1, "负责": 1, "全球": 3, "交付": 1, "网络": 1, "保障": 4, "洞察": 1, "规划": 1, "供应": 1, "灾难": 1, "恢复": 1, "紧急": 1, "决策": 1, "调度": 1, "资源": 1, "阿华": 1, "灵魂": 1, "入手": 2, "Mate30": 1, "Pro": 1, "距离": 1, "拍出": 1, "大片感": 1, "延时": 1, "摄影": 1, "差": 2, "教程": 1, "终端": 1, "5G": 3, "爽": 2, "Mate30Pro5G": 3, "街边": 2, "体验": 1, "记录": 1, "都": 9, "究竟": 1, "老宅": 1, "带": 1, "姐姐": 1, "成都": 1, "好好": 1, "感受": 1, "L宅": 1, "数码": 1, "Kael": 1, "……": 2, "老哥": 1, "喜欢": 1, "Mate20Pro": 1, "一度": 1, "苹果": 6, "辣鸡": 1, "香价": 1, "iPhone11": 2, "态度": 1, "反驳": 1, "iPhone": 1, "动画": 1, "舒服": 1, "返回": 1, "安卓花": 1, "胡哨": 1, "开放": 1, "真的": 1, "值得一提": 1, "特斯拉": 3, "产业链": 4, "剖析": 1, "拉动": 2, "繁荣": 1, "未来": 1, "全新": 1, "能源": 1, "汽车": 2, "长度": 1, "深度": 1, "远远": 1, "超过": 1, "智能": 1, "有望": 1, "受益": 1, "供应商": 2, "名单": 1, "长": 1, "供应链": 1, "阵容": 1, "豪华": 1, "涉及": 2, "十大": 1, "包括": 1, "动力": 1, "总成": 1, "系统": 3, "电驱": 1, "充电": 1, "底盘": 1, "车身": 1, "构件": 1, "中控": 1, "内饰": 1, "外饰": 1, "间接": 1, "130多": 1, "企业": 1, "占据": 3, "半壁江山": 1, "今日": 1, "看盘": 1, "股票": 1, "投资": 1, "2万": 1, "元": 1, "创办": 1, "推出": 1, "短纪": 1, "录片": 1, "回忆": 1, "小时候": 1, "生活": 1, "乡镇": 1, "贫穷": 1, "1987年": 1, "深圳": 1, "一开始": 1, "红点": 1, "货源": 1, "掐断": 1, "通信": 1, "想": 3, "L": 2, "新京报": 1, "秒拍": 1, "——": 1, "不少": 1, "鲜为人知": 1, "新浪": 1, "​​​": 1, "马云": 1, "iPhone11Pro": 1, "不用": 3, "路透社": 1, "撒": 1, "钱": 1, "2.86亿": 1, "美元": 1, "奖励": 1, "共克": 1, "时艰": 1, "加班": 1, "狠": 1, "掏钱": 1, "痛快": 1, "双十一": 1, "战绩": 1, "出炉": 1, "国产": 3, "销量": 4, "超越": 2, "十一大": 1, "结束": 1, "京东": 1, "通讯": 1, "排行榜": 1, "显示": 1, "品牌": 2, "荣耀": 5, "摘得": 1, "桂冠": 1, "紧随": 1, "其后": 1, "排": 1, "第三": 2, "畅销": 1, "单品": 1, "一家": 1, "7": 1, "席位": 1, "不难": 1, "十一": 4, "横扫": 1, "趋势": 1, "用户": 1, "认可度": 1, "含金量": 1, "进一步": 1, "提升": 1, "2019年": 1, "买": 10, "款": 1, "mate30": 1, "丹霞": 1, "橙": 1, "好看": 1, "背面": 1, "素皮": 1, "手感": 1, "不错": 2, "担心": 1, "沾染": 1, "指纹": 1, "一点": 1, "凸起": 1, "衔接": 1, "平滑": 1, "~": 1, "败家娘们": 1, "花": 1, "两三万": 1, "去年": 1, "化妆品": 1, "过期": 1, "开封": 2, "就说": 1, "衣服": 1, "衣柜": 2, "塞": 1, "地方": 1, "放": 1, "买套": 1, "房子": 1, "限购": 1, "鞋子": 1, "穿过": 1, "还上": 1, "委屈": 1, "哎呦": 1, "哭": 1, "工资": 1, "信用卡": 4, "早点": 1, "免得": 1, "征信": 1, "影响": 1, "东西": 1, "买到": 1, "十二": 2, "抹泪": 1, "这次": 1, "保时捷": 1, "闺女": 1, "件": 1, "羽绒服": 1, "家里": 1, "添": 1, "书柜": 1, "套": 1, "秋衣": 1, "刚": 1, "媳妇": 1, "整蒙": 1, "工资卡": 1, "平时": 1, "零花钱": 1, "办法": 1, "/": 1, "魏": 1, "北京": 1, "天气": 1, "秋高气爽": 1, "周末": 1, "随手": 1, "V30": 1, "私信": 1, "影像": 2, "体积": 1, "厂商": 1, "光学": 1, "器件": 1, "堆叠": 1, "天花板": 1, "角度": 1, "跳出": 1, "原有": 1, "深远": 1, "未知": 1, "空间": 1, "等待": 1, "开辟": 1, "11": 1, "促进剂": 1, "像是": 1, "鸡血": 1, "。。。": 1, "月销量": 1, "涨": 1, "90多万": 1, "版": 2, "30多万": 1, "Mate305": 1, "G版": 1, "14万多": 1, "Mate30Pro4G": 1, "10万多": 1, "回春": 1, "20多万": 1, "V20": 1, "回到": 1, "18万": 1}