{"好像": 1, "帅像": 1, "特工": 2, "@": 13, "gentlemonsterofficial": 4, "GENTLEMONS": 8, "TER华": 8, "智能": 12, "眼镜": 12, "​": 13, "直播": 10, "！": 15, "华为": 85, "发布": 22, "AI": 40, "处理器": 10, "下午": 2, "新款": 1, "芯片": 28, "昇腾": 22, "910": 20, "配套": 9, "全场": 4, "景AI": 4, "计算": 25, "框架": 22, "公司": 11, "介绍": 3, "单芯片": 1, "密度": 1, "达芬奇": 1, "构架": 1, "强芯": 1, "性能": 6, "关注": 1, "央视": 3, "记者": 1, "美璐": 1, "新闻": 6, ".": 4, "名": 5, "侦探": 1, "——": 9, "灵超": 1, "理科男": 1, "真的": 1, "很": 1, "想": 2, "副": 1, "工作": 1, "原理": 1, "正式": 10, "8月": 15, "9日": 6, "推出": 10, "鸿蒙": 6, "操作": 6, "系统": 6, "刚刚": 6, "放大招": 9, "：": 20, "商用": 7, "Ascend910": 6, "新一代": 8, "开源": 12, "Mind": 14, "Spore": 14, "赵永新": 1, "谈": 5, "博士": 14, "200万年": 4, "薪#": 4, "全球": 15, "告示": 9, "人才": 16, "价值": 9, "近期": 3, "内部": 3, "顶级": 3, "薪酬": 8, "文件": 3, "公开": 3, "8": 4, "年薪": 9, "100万": 3, "200万": 7, "不等": 4, "23日": 7, "轮值": 10, "董事长": 10, "徐直军": 10, "谈到": 3, "努力": 4, "点亮": 4, "灯塔": 4, "天才": 3, "少年": 3, "计划": 3, "希望": 4, "广纳": 3, "英才": 3, "发展": 4, "贡献": 3, "公布": 6, "L老板": 1, "联播": 4, "视频": 9, "亮点": 2, "算力": 7, "、": 19, "训练": 4, "速度": 4, "快": 5, "国际": 3, "顶尖": 5, "A": 2, "I": 2, "倍": 2, "50": 2, "最新": 4, "CPU": 2, "；": 6, "提升": 2, "50%": 2, "100%": 2, "如虎添翼": 2, "创新": 5, "编程": 2, "范式": 2, "AI科学家": 2, "工程师": 2, "便于": 2, "开放式": 2, "终端": 2, "边缘": 2, "场景": 4, "需求": 2, "保护": 2, "数据": 2, "隐私": 2, "广阔": 2, "生态": 2, "此次": 2, "搭配": 2, "最佳": 3, "最大化": 2, "利用": 2, "人民日报": 4, "全新": 5, "发布会": 10, "深圳市": 3, "举办": 3, "Ascend": 3, "910AI": 3, "业界": 3, "迄今为止": 3, "澎湃": 3, "2019": 5, "影像": 5, "大赛": 2, "终审": 1, "评选": 1, "现场": 1, "优秀": 1, "投稿": 1, "作品": 2, "感受": 2, "用户": 3, "手机": 4, "摄影": 2, "升级": 1, "创造力": 1, "想象力": 1, "感谢": 2, "SteveMcCurry": 1, "AlecSoth": 1, "刘": 1, "香成": 1, "中外": 1, "大师": 1, "评审团": 1, "拍照": 1, "不仅仅": 1, "记录": 1, "工具": 1, "发现": 1, "创造": 1, "美的": 1, "方式": 1, "启动": 1, "正是": 1, "探索": 1, "下一代": 1, "可能性": 1, "分享": 1, "平台": 1, "期待": 2, "冠军": 2, "诞生": 1, "不止": 1, "深圳": 2, "·": 1, "总部": 2, "7月": 1, "届": 1, "学生": 1, "方案": 2, "89.6万": 1, "元": 5, "201万": 1, "谈及": 1, "此事": 1, "此举": 1, "大佬": 1, "时间": 4, "L大佬": 3, "高管": 3, "美国": 4, "偏远": 5, "地区": 5, "都": 8, "不通": 5, "求救": 3, "电话": 5, "19日": 2, "公共": 2, "事务": 2, "高级": 2, "副总裁": 2, "JoyTan": 2, "RCR": 2, "无线": 2, "专访": 2, "政府": 2, "私有": 2, "企业": 8, "干预": 2, "导致": 2, "很多": 2, "通信": 2, "网络": 2, "设备": 2, "拆除": 2, "报警": 2, "AT&T": 2, "提供": 2, "服务": 2, "太": 5, "偏": 2, "人口": 2, "赚": 2, "钱": 2, "O华": 1, "美": 2, "此前": 1, "众星化身": 1, "时尚": 5, "双击": 1, "聆听": 1, "未来": 1, "点击O": 1, "网页": 1, "链接": 1, "即刻": 1, "预约": 1, "莅临": 1, "GENTLEMONSTER": 1, "线下": 1, "旗舰店": 1, "提前": 1, "试戴": 1, "体验": 2, "Lgentlemonsterofficial": 1, "🌙": 2, "DarlingIfancyyou": 1, "品牌": 1, "邀请": 1, "支持": 1, "岳岳": 2, "PINK": 2, "RAY​": 1, "15点": 1, "标志": 2, "全栈": 1, "解决": 1, "构建": 1, "战略": 1, "执行": 1, "阶段": 1, "whowearswhat": 1, "赵丽颖": 2, "穿": 1, "ReemAcra2019": 1, "秋冬": 1, "系列": 2, "礼裙": 1, "亮相": 1, "荣耀": 1, "冰岛": 1, "幻境": 1, "派对": 1, "娃": 1, "回来": 1, "状态": 1, "打欸": 1, "气质": 1, "好好": 1, "原本": 1, "拿到": 1, "工作室": 1, "精修": 1, "动图": 1, "才": 1, "实物": 1, "……": 3, "一身": 1, "从头": 1, "脚": 1, "干干净净": 1, "舒舒服服": 1, "腰": 1, "细": 1, "复工": 1, "赵": 1, "丽颖": 1, "方": 1, "书剑": 2, "杂役": 2, "看完": 1, "内心": 1, "毫无": 1, "波澜": 1, "夸夸": 1, "掌柜": 1, "L方": 1, "发言": 2, "坂田": 2, "基地": 2, "号称": 1, "到底": 1, "啥样": 1, "接受": 1, "媒体": 1, "提问": 1, "精彩": 2, "新浪": 1, "科技": 2, "15:00": 1, "视点": 2, "带": 1, "看⬇": 1, "新华": 1, "老板": 4, "联播L": 1, "中国": 3, "民营": 5, "500": 3, "第一": 4, "联想": 2, "第四": 1, "制造": 2, "哪家": 2, "制造业": 3, "实体": 1, "经济": 2, "顶梁柱": 1, "带动": 1, "增长": 1, "力量": 1, "昨天": 1, "22日": 2, "榜单": 6, "份": 1, "江浙鲁": 1, "三": 1, "占据": 1, "半壁江山": 1, "河北": 1, "黑": 1, "金属": 1, "广东": 1, "领跑": 1, "计算机": 1, "江浙闽": 1, "垄断": 1, "化纤": 1, "行业": 1, "石化": 1, "山东": 1, "总体": 1, "省份": 1, "个性化": 1, "特征": 1, "O民营": 1, "│数": 1, "读": 1, "人民": 2, "日报": 2, "维多利亚港": 2, "动人心魄": 1, "身载": 1, "无限": 1, "风流": 1, "荣光": 1, "汹涌": 1, "撞进": 1, "胸膛": 1, "沾染": 1, "辉煌": 1, "年代": 1, "星光": 1, "承载": 1, "落": 1, "贵族": 1, "声": 1, "郁叹": 1, "渐渐": 1, "熄灭": 1, "光影": 1, "风月": 1, "世代": 1, "交替": 1, "旧": 1, "烙印": 1, "抵抗": 1, "光怪陆离": 1, "月光": 1, "甘愿": 1, "裁于": 1, "胸腹": 1, "黄金": 1, "时代": 1, "共享": 1, "八九十年代": 1, "夕阳": 1, "氤氲": 1, "海风": 1, "美酒": 1, "醇厚": 1, "沉淀": 1, "昂贵": 1, "RAY": 1, "​​​": 1, "全国": 1, "工商联": 1, "显示": 1, "投资": 2, "控股": 6, "有限": 2, "7212亿": 1, "营收": 1, "排名": 1, "海航": 1, "集团": 5, "苏宁": 1, "分列": 1, "二三": 1, "营收额": 1, "6183亿": 1, "6025亿": 1, "正威": 1, "恒大": 1, "京东": 1, "碧桂园": 1, "恒力": 1, "国美": 1, "十。2019年": 1, "连续": 1, "第4": 1, "蝉联": 1, "发生": 1, "变化": 1, "木子洋": 1, "190821": 1, "跨界": 1, "合作": 2, "外观": 1, "前沿": 1, "完美": 1, "融合": 1, "木子": 1, "洋K": 1, "WIN": 1, "带来": 1, "奇妙": 1, "下次": 1, "gentlemonsterofficial​": 1, "L": 1}