{"华为": 78, "P30": 2, "系列": 3, "双景": 1, "录像": 1, "功能": 3, "终于": 4, "五一": 5, "上线": 1, "景": 1, "双画": 1, "小长假": 3, "出行": 1, "都": 10, "玩": 2, "！": 13, "分享": 1, "旅途": 1, "美好": 1, "时刻": 1, "关注": 6, "转发": 7, "晒晒": 1, "想": 4, "记录": 1, "抽": 6, "送": 5, "1": 3, "台": 10, "平板": 1, "M5": 1, "青春版": 1, "下周一": 1, "@": 9, "抽奖": 2, "平台": 2, "公布": 2, "​​": 6, "祝": 1, "假期": 4, "愉快": 1, "L华": 2, "终端": 3, "官方": 2, "秒拍": 5, "视频": 8, "​": 18, "想要": 2, "自由": 2, "模样": 1, "滇池": 3, "龙湖·听蓝": 1, "半岛": 1, "姐姐": 1, "出镜": 1, "游": 1, "大片": 1, "！！": 1, "畔": 1, "找到": 4, "好友": 2, "游玩": 2, "经历": 1, "5月": 1, "10日": 1, "抽出": 1, "一个": 6, "幸运鹅": 1, "送出": 2, "手机": 4, "P30一": 1, "~​": 2, "2018年": 4, "研发": 13, "支出": 9, "1015亿": 3, "：": 19, "增速": 3, "超": 2, "苹果": 4, "、": 28, "微软": 4, "三星": 5, "媒体": 3, "报道": 3, "高达": 2, "元": 1, "人民币": 1, "151亿": 1, "美元": 13, "统计": 1, "显示": 1, "全球": 2, "无线": 1, "技术": 3, "投入": 2, "排行榜": 3, "排名": 1, "第四": 1, "亚马逊": 2, "谷歌": 1, "288亿": 2, "214亿": 2, "167亿": 2, "分列": 1, "三": 2, "名": 3, "值得一提的是": 1, "超过": 1, "同期": 1, "增长": 1, "速度": 1, "O华": 1, "砸": 1, "重金": 1, "抓住": 1, "春天": 1, "尾巴": 1, "定格": 1, "春光": 1, "留住": 1, "繁花": 1, "美景": 1, "~": 3, "快": 2, "行程": 1, "安排": 1, "图片": 1, "拍摄": 1, "川": 1, "摄": 1, "社评": 2, "英国": 11, "应有": 2, "回报": 2, "欧洲": 2, "国家": 9, "设备": 3, "安全性": 1, "担心": 2, "真实": 1, "程度": 1, "增加": 1, "措施": 1, "方式": 3, "解决": 2, "迄今为止": 1, "4G": 1, "网络": 10, "对待": 1, "5G": 10, "不用": 2, "美国": 42, "效忠": 1, "华盛顿": 1, "反对": 1, "盟国": 1, "配合": 1, "打压": 4, "最终": 3, "外交": 1, "考量": 1, "放": 1, "第一": 5, "O": 4, "DigiX": 1, "数字": 1, "生活节": 1, "日前": 1, "首家": 1, "授权": 1, "体验": 3, "店Plus": 1, "武汉": 1, "汉街": 1, "举办": 2, "视频·Digi": 1, "X艺": 1, "视界": 1, "活动": 2, "云端": 1, "带到": 1, "线下": 1, "用户": 3, "艺术": 2, "面对面": 1, "有幸": 1, "现场": 1, "观看": 1, "蒋国基": 1, "老师": 1, "竖笛": 1, "表演": 1, "实在": 1, "赞叹": 1, "希望": 2, "服务": 4, "多多": 1, "类型": 1, "亲临": 1, "美媒": 1, "称": 4, "实锤": 4, "消息源": 1, "打脸": 2, "4月": 3, "30日": 1, "彭博社": 1, "文章": 1, "声称": 1, "无辜": 1, "回心转": 1, "西方": 2, "漏洞": 2, "smokinggun": 1, "随后": 1, "福布斯": 1, "新闻网": 1, "这是": 2, "公布于世": 1, "2009年": 1, "供应": 1, "电信": 1, "集团": 1, "沃达丰": 3, "(": 2, "Vodafone": 1, ")": 2, "旗下": 1, "意大利": 2, "事业": 1, "系统": 5, "隐藏": 1, "后门": 1, "secretbackdoor": 1, "非法": 2, "获取": 2, "家庭": 1, "商业": 1, "数据": 3, "下午": 1, "出面": 1, "辟谣": 1, "公司": 8, "2011年": 1, "2012": 1, "发现": 1, "产品": 5, "常见": 1, "说法": 1, "不对": 1, "O美媒": 1, "消息": 1, "源沃达丰": 1, "革命性": 1, "方舟": 5, "编译器": 5, "烧脑": 1, "黑科技": 1, "到底": 2, "有没有": 1, "大神": 1, "简单": 1, "易懂": 1, "讲": 1, "荣耀": 1, "V20": 1, "谢礼": 1, "评论区": 1, "答案": 1, "L玩机": 1, "技巧": 1, "在线": 1, "任正非": 12, "CNN": 4, "记者": 6, "交锋": 3, "曝光": 2, "兴奋": 3, "来源": 1, "|": 1, "心声": 3, "社区": 3, "24日": 1, "内部": 2, "发布": 1, "近期": 1, "接受": 3, "采访": 2, "文稿": 1, "提问": 2, "单刀直入": 1, "见招": 1, "拆招": 1, "精彩": 2, "至极": 1, "耐人寻味": 1, "---------------": 2, "精选": 1, "直爽": 1, "很": 9, "坦诚": 2, "回答": 3, "尖锐": 1, "担忧": 1, "喜欢": 2, "年轻": 1, "亲": 1, "美": 1, "至今": 1, "先进": 1, "制度": 2, "灵活": 1, "创新": 2, "机制": 1, "清晰": 1, "财产权": 1, "权利": 2, "尊重": 1, "保障": 1, "吸引": 1, "全世界": 1, "优秀": 1, "人才": 3, "推动": 1, "亿万": 1, "土地": 1, "投资": 1, "两百多": 1, "开放": 1, "小国": 1, "世界": 5, "强大": 1, "理解": 3, "起诉": 3, "政府": 5, "用于": 2, "联邦": 1, "部门": 1, "沟通": 1, "威胁": 2, "难道": 2, "保护": 1, "利益": 1, "低调": 1, "沉默": 1, "羔羊": 1, "别人": 1, "忍耐": 2, "先前": 1, "走出": 2, "国门": 3, "共产主义": 2, "；": 4, "退回": 1, "国内": 1, "资本主义": 1, "资本": 1, "分给": 1, "员工": 3, "收入": 1, "主义": 1, "喋喋不休": 1, "去向": 1, "解释": 1, "……": 1, "精力": 1, "管理": 1, "做好": 3, "客户": 1, "打击": 4, "连续": 1, "十几": 1, "怀疑": 1, "刚才": 1, "吭声": 1, "这次": 2, "法律": 4, "澄清": 2, "借此机会": 1, "误解": 1, "选择": 1, "发出": 1, "声音": 1, "危害": 1, "证据": 2, "上都": 1, "一家": 2, "爱立信": 1, "思科": 3, "诺基亚": 1, "说服": 1, "事实上": 1, "利用": 1, "权": 1, "分立": 1, "审判": 1, "颁布": 1, "法案": 1, "禁止": 1, "违反": 1, "成功": 1, "广阔": 1, "内": 1, "博弈": 1, "关系": 1, "提起": 1, "诉讼": 1, "一点": 1, "感觉": 1, "倒": 1, "人民": 1, "科学技术": 1, "发达": 1, "合作": 3, "人类": 1, "社会": 1, "信息化": 1, "作出": 1, "贡献": 1, "机会": 3, "很多": 3, "总会": 1, "挫折": 2, "影响": 2, "将来": 1, "重视": 1, "合适": 2, "亲自": 1, "案件": 1, "提供": 1, "支持": 1, "时机": 1, "害怕": 1, "专家": 2, "市场": 1, "价值": 1, "律师": 1, "……O": 1, "刚刚": 2, "金融界": 2, "硅谷": 1, "探访": 1, "——": 1, "路由器": 1, "发明者": 1, "5000亿": 1, "美金": 1, "市值": 1, "超级": 1, "巨头": 1, "夹击": 1, "竞争": 1, "创": 1, "辉煌": 1, "恩怨情仇": 1, "邻居": 1, "尔虞我诈": 1, "巨额": 1, "翻身": 1, "2019": 1, "巴菲特": 1, "股东": 1, "大会": 1, "财观": 1, "vlog#L": 1, "网站": 1, "碰上": 1, "服务日": 1, "6": 1, "舒心": 1, "假日": 1, "心情": 1, "省心": 1, "+": 4, "全景": 1, "相机": 1, "停止": 1, "社招": 1, "签署": 1, "招聘": 3, "杜绝": 1, "大规模": 3, "进人": 2, "走人": 2, "份": 2, "高端": 1, "精英": 1, "软件": 1, "面试": 2, "方法": 2, "调整": 1, "建议": 1, "公告": 1, "改变": 1, "大呼隆": 1, "主管": 1, "前线": 1, "HR": 1, "简历": 1, "深刻": 1, "导致": 1, "负": 2, "责任": 2, "青年": 1, "青春": 1, "有限": 1, "耽误": 1, "对得起": 1, "充实": 1, "队伍": 1, "选": 2, "人生": 1, "道路": 1, "请": 1, "机构": 1, "整风": 1, "最新": 1, "企业": 2, "出炉": 2, "竟然": 2, "彭博": 1, "新闻社": 1, "最多": 1, "十大": 2, "八": 1, "谷": 1, "歌母": 1, "Alphabet": 1, "电子": 1, "153亿": 1, "147亿": 1, "大众": 1, "汽车": 1, "143亿": 1, "142亿": 1, "英特尔": 1, "135亿": 1, "排": 1, "第九": 1, "罗氏": 1, "制药": 1, "位列": 1, "榜单": 1, "第十": 1, "强生": 1, "J&J": 1, "108亿": 1, "唯一": 1, "中国": 2, "品牌": 3, "华": 1, "主题": 2, "": 1, "设计": 1, "美学": 1, "福利": 1, "链接": 2, "失效": 1, "截止底": 1, "包": 1, "鹅辫": 1, "梨萸": 1, "图标": 1, "素材": 1, "一米菌": 1, "打扰": 1, "女生": 1, "听说": 1, "赶紧": 1, "出手": 1, "套路": 1, "熟": 1, "卫报": 1, "29日": 1, "负责": 1, "空间": 1, "国际": 1, "通讯": 1, "信息": 2, "政策": 1, "副": 1, "助理": 1, "国务卿": 1, "罗伯特·斯特雷耶": 1, "警告": 1, "披露": 1, "同意": 1, "采用": 1, "提议": 1, "该国": 1, "情报": 2, "值得": 1, "信赖": 1, "供应商": 2, "风险": 1, "信任": 1, "不得不": 1, "评估": 1, "共享": 1, "互联": 1, "能力": 2, "刚": 1, "变形": 2, "计": 1, "亲妈": 1, "没错": 1, "果妈": 1, "杜华": 2, "赵": 1, "楚苌": 1, "附加题": 1, "儿子": 1, "L综艺": 1, "老阿姨": 1, "折": 2, "叠屏": 2, "亮相": 2, "成都": 2, "四川": 1, "「": 1, "未来": 1, "世界展": 1, "」": 1, "带来": 1, "重磅": 1, "—": 1, "折叠屏": 1, "首次": 1, "展示": 1, "工程机": 1, "插": 1, "5G卡": 1, "室内": 1, "信号": 1, "杠杠": 1, "咋样": 1, "上手": 1, "L通信": 1, "五哥": 1, "生活": 1, "运动": 3, "爽": 4, "WatchGT": 2, "雅致款": 2, "手环": 1, "3Pro流": 1, "沙金": 1, "今日": 1, "开售": 1, "轻松": 1, "爱上": 1, "偏见": 1, "件": 1, "事情": 1, "打死": 1, "小米": 2, "喜好": 1, "承认": 1, "优点": 1, "拍照": 1, "确实": 2, "棒": 1, "性价比": 1, "不错": 1, "戳": 1, "下图": 1, "动动": 1, "嘴": 1, "隔空": 1, "操控": 1, "究竟": 1, "神仙": 1, "操作": 3, "转评": 2, "AI": 3, "音箱": 3, "PW": 1, "深度": 1, "改造": 2, "Android": 3, "厉害": 2, "提升": 3, "24%": 1, "流畅度": 2, "44%": 1, "响应": 1, "60%": 1, "三方": 1, "iOS": 1, "还要": 1, "流畅": 1, "30": 1, "色彩": 4, "陆续": 1, "评测": 2, "出到": 1, "知乎": 1, "引发": 1, "交火": 1, "大米": 1, "楼斌": 1, "热搜": 1, "规律": 2, "好找": 1, "关键": 2, "场景": 3, "概率": 2, "比如说": 1, "图1": 1, "楼": 1, "灯光": 1, "红": 1, "黄": 1, "绿": 1, "乱套": 1, "ryyb": 1, "开启": 2, "长焦": 1, "镜头": 1, "图2": 1, "没事": 1, "共有": 1, "800多": 1, "照片": 1, "稿子": 1, "改": 1, "几十": 1, "反复": 1, "找": 2, "仔细": 1, "验证": 1, "出错": 1, "规避": 1, "改进": 1, "好礼": 1, "懒人": 2, "生存": 2, "法则": 2, "。。。。": 2, "☟☟": 1, "学会": 2, "懒": 2, "评论": 1, "本条": 1, "TA": 1, "晚安": 1, "期待": 1, "明天": 1, "扑通": 2, "早已": 1, "飞到": 1, "玩耍": 1, "目的地": 1, "粉粉们": 1, "浪": 1, "聊聊": 1, "小云": 1, "随机": 1, "耳机": 1, "早安": 1, "七点钟": 1, "段": 1, "讲话": 1, "感受": 1, "企业家": 1, "格局": 1, "L": 1, "IT": 1, "杂谈": 1, "emmm": 1, "…": 2, "仓库": 1, "70": 1, "玩意": 1, "周边": 1, "配件": 1, "长沙": 1, "·": 1, "司门口": 1, "黑白": 2, "永恒": 1, "经典": 2, "配色": 1, "表盘": 1, "时尚": 2, "百变": 1, "从容": 1, "应对": 1, "开O": 1, "网页": 1, "速成": 1, "大咖": 1, "抢": 2, "长": 1, "时间": 1, "30pro": 1, "托华": 1, "朋友": 1, "经销商": 1, "买": 1, "50": 1, "倍": 1, "偷拍": 1}