{"11月": 2, "15日": 2, "！": 12, "华为": 91, "首款": 16, "5G": 52, "折": 13, "叠屏": 12, "手机": 39, "上市": 10, "售价": 11, "16999": 10, "元": 11, "MateX": 16, "正式": 6, "亮相": 1, "10月": 14, "23日": 13, "下午": 4, "深圳": 5, "场景": 3, "媒体品": 2, "鉴会": 2, "每日": 1, "经济": 4, "新闻": 1, "记者": 5, "展示": 1, "台": 3, "体验": 6, "消费者": 4, "期待": 1, "旗下": 1, "折叠屏": 8, "智能": 1, "HUAWEIMateX": 2, "HUAWEIMateX8GB": 1, "+": 2, "512GB": 1, "2299": 1, "欧元": 1, "国行": 2, "LNBD": 1, "视频": 35, "鸿蒙": 27, "媒体": 28, "名字": 27, "轮值": 15, "董事长": 15, "徐": 7, "直军": 7, "：": 20, "误传": 7, "炒": 14, "见面会": 7, "徐直军": 8, "称": 7, "本来": 7, "操作": 14, "系统": 14, "好几": 6, "想": 11, "解释": 8, "朋友": 5, "L五环": 5, "短": 5, "秒拍": 10, "发布": 12, "今日": 4, "终端": 3, "发布会": 2, "业务": 1, "产品线": 1, "总裁": 1, "何刚": 1, "介绍": 1, "采用": 1, "航天级": 1, "高分子": 1, "柔性": 1, "屏": 1, "正面": 1, "屏幕": 5, "6.6": 2, "英寸": 6, "背面": 1, "6.38": 1, "展开": 2, "8": 2, "选择": 4, "购买": 1, "​": 15, "国内": 5, "开售": 2, "带": 1, "波": 1, "外观": 2, "变化": 1, "三": 1, "摄": 2, "四": 1, "侧边": 1, "一个": 6, "开合": 1, "按钮": 1, "核心": 2, "一大": 1, "技术": 1, "难点": 1, "京东方": 1, "供应商": 1, "21": 1, "现场": 3, "尝鲜": 1, "O": 2, "来袭": 1, "｜": 1, "销量": 2, "超": 2, "2亿": 2, "L21": 1, "世纪": 1, "报道": 3, "O华": 2, "头疼": 1, "汽车": 1, "解决": 1, "方案": 1, "内部": 2, "都": 5, "满意": 1, "希望": 6, "帮忙": 1, "说到": 1, "一开始": 1, "余承东": 3, "只能": 1, "抢先": 1, "位于": 1, "总部": 1, "2月": 1, "首发": 1, "款": 7, "2019年": 1, "价格": 1, "；": 3, "折叠": 1, "主屏": 1, "副屏": 1, "6.36": 1, "机身": 2, "单边": 1, "厚度": 1, "5.4mm": 1, "配置": 1, "搭载": 4, "7nm5G": 1, "模": 1, "芯片": 4, "巴龙": 1, "5000": 1, "麒麟980": 1, "支持": 8, "55W": 1, "超级": 1, "快充": 1, "内置": 1, "4500": 1, "mAh大": 1, "电池": 1, "配备": 1, "双卡": 1, "设计": 1, "4G": 4, "网路": 1, "首次": 3, "保外": 1, "维修": 1, "享受": 1, "五": 1, "优惠": 1, "提供": 1, "2699": 1, "碎屏宝": 1, "供": 1, "L": 2, "究竟": 1, "爆品": 6, "Mate30": 8, "商城": 1, "上线": 2, "系列": 5, "5G版": 7, "预售": 4, "页面": 1, "18:08": 1, "开启": 1, "预订": 1, "4999": 1, "三大": 2, "运营商": 2, "预约": 1, "用户数": 1, "破": 1, "千万": 1, "资费": 2, "套餐": 2, "在即": 2, "市场": 12, "迎来": 1, "机潮": 3, "麒麟9905": 2, "GSoC": 2, "双模": 2, "MateX图赏": 1, "15": 1, "看够": 1, "@": 8, "软萌兔mongmong": 1, "推出": 1, "主题": 4, "~": 4, "可爱": 2, "仙女": 1, "快": 1, "吖": 1, "~~": 4, "自带": 1, "商店": 1, "搜索": 1, "软萌兔": 2, "找到": 2, "Mongmong": 2, "喜欢": 1, "套": 1, "点击": 1, "下载": 1, "界面": 1, "图标": 1, "呐": 1, "vivo": 1, "、": 7, "oppo": 1, "努比亚": 1, "平台": 2, "很快": 1, "360": 1, "么么": 1, "哒~~​": 1, "改革": 8, "先锋": 4, "谢": 6, "高华": 6, "去世": 4, "催生": 6, "培育": 2, "义乌": 6, "小商品": 8, "获悉": 2, "培育者": 2, "浙江省": 2, "原义": 2, "县委": 2, "书记": 2, "衢州市": 2, "人大": 2, "常委会": 2, "副主任": 2, "开放": 2, "初期": 2, "打破": 2, "条条框框": 2, "毅然": 2, "拍板": 2, "路边": 2, "摊": 2, "开绿灯": 2, "首创": 2, "兴商": 2, "建": 2, "县": 2, "区域": 2, "发展": 4, "战略": 2, "全球": 3, "全国": 2, "树立": 2, "榜样": 2, "商": 1, "泽阳": 1, "沈亦山": 1, "中新": 2, "L中": 2, "发售": 1, "算": 1, "便宜": 2, "完成度": 1, "玩": 1, "和平": 1, "精英": 1, "画面": 1, "简直": 1, "物理": 1, "外挂": 1, "新浪": 1, "校招": 3, "热捧": 5, "毕业生": 7, "贡献": 4, "22日": 2, "哈工大": 2, "(": 2, ")": 2, "国内外": 2, "知名": 2, "企业": 2, "层次": 2, "人才": 2, "招聘会": 2, "公司": 3, "数据": 2, "显示": 2, "签约": 6, "人数": 2, "逾百": 2, "校内": 2, "单位": 2, "Top1": 2, "名": 2, "海思": 2, "作出": 2, "贡献L": 1, "老板": 4, "联播": 4, "小白": 1, "调查": 1, "量产": 2, "形式": 2, "三星": 1, "Fold": 1, "代表": 2, "内": 3, "翻折": 3, "外翻": 1, "优缺点": 1, "请问": 1, "选": 5, "五环短": 1, "搞机": 1, "零距离": 1, "Mate30Pro5G": 3, "版": 4, "买": 4, "终于": 1, "此前": 3, "早": 1, "Mate20X5G": 1, "版本": 4, "去年": 1, "机型": 1, "改款": 1, "才": 1, "意义": 1, "第一": 1, "原生": 1, "旗舰": 1, "机器": 1, "普通版": 1, "区别": 2, "环节": 1, "拥有": 4, "全新": 1, "皮质": 1, "后盖": 3, "赤霞": 1, "橙": 1, "青山黛": 1, "覆盖": 1, "皮革": 2, "细腻": 1, "手感": 1, "素皮版": 1, "防水": 1, "入水": 1, "损坏": 1, "第二": 1, "麒麟": 1, "990": 1, "组网": 1, "模式": 1, "短期": 1, "长期": 1, "未来": 1, "用户": 1, "吸引力": 1, "估计": 1, "掀起": 1, "一番": 1, "波澜": 1, "情况": 2, "差": 2, "钱": 1, "请": 1, "上5": 1, "GL钟": 1, "文泽": 1, "O抽奖": 1, "详情": 1, "受够": 1, "长": 1, "绕": 1, "耳机线": 1, "跑": 1, "掉": 1, "耳机": 2, "WatchGT#2": 1, "独立": 1, "音乐": 1, "播放": 1, "适配": 1, "蓝牙": 1, "解放": 1, "双手": 1, "自在": 1, "运动": 1, "TA": 1, "不用": 1, "担心": 1, "跑到": 1, "忘我": 1, "甩": 1, "跑步": 1, "尴尬": 1, "留言": 1, "L华": 1, "官方": 1, "核名": 1, "用于": 1, "内核": 1, "误": 1, "难以": 1, "留用": 1, "来源": 1, "秦一一": 1, "L老板": 1, "联播L": 1, "​​​": 1, "小米": 7, "MIXAlpha": 2, "国行版": 1, "MIXAlpha环": 1, "绕屏": 1, "19999": 1, "场": 1, "刚才": 1, "重点": 1, "MateX16999980": 1, "mate305": 1, "顶级": 1, "高端": 1, "Mate305G": 2, "9月": 1, "旗舰机": 1, "mate30": 1, "爆红": 1, "iPhone11": 1, "很多": 1, "mate": 1, "号": 1, "来临": 1, "举办": 1, "新品": 1, "出货量": 1, "网络": 2, "部署": 1, "成熟": 1, "即将": 1, "到来": 1, "L梨": 1, "五环段": 1, "http": 1, "://t.cn": 1, "/": 1, "Ai3rKoKr​": 1, "网友": 1, "直呼": 1, "苹果": 2, "年度": 1, "最佳": 1, "伴侣": 1, "堪称": 1, "救星": 1, "随行": 2, "WiFi": 2, "续航": 2, "能力": 1, "很": 1, "强劲": 1, "!": 1, "模全": 1, "网通": 1, "一举": 1, "攻破": 1, "信号": 1, "难题": 1, "设备": 1, "共享": 1, "高速": 1, "果粉": 1, "PK": 2, "哪家": 2, "香": 2, "号称": 1, "9": 1, "Pro5G": 2, "35": 1, "分钟": 1, "官网": 1, "售罄": 1, "犹豫": 1, "全方位": 1, "对比": 1, "Mate305": 1, "G4999": 1, "6899": 1, "RS": 1, "保时捷": 1, "12999": 1, "MateX折": 1, "阵容": 1, "太": 1, "猛": 1}