{"华为": 71, "起诉": 31, "进展": 13, "！": 18, "美国": 90, "政府": 55, "收到": 14, "传票": 45, "消息": 6, "证实": 5, "联邦": 8, "法院": 33, "公司": 8, "案": 8, "部长": 23, "发": 22, "写明": 4, "60": 5, "内": 9, "包括": 5, "给出": 3, "回应": 5, "默认": 4, "判决": 4, "败诉": 5, "@": 11, "环球": 3, "时报": 3, "核实": 3, "发现": 3, "份": 8, "内容": 3, "属实": 3, "还给": 3, "教育": 3, "、": 29, "劳工": 3, "卫生": 3, "公共": 3, "服务": 5, "农业部长": 3, "公布": 4, "4": 9, "7": 8, "律师": 9, "团队": 5, "名": 5, "出庭": 4, "申请": 4, "都": 12, "来自于": 4, "世界": 7, "知名": 4, "律所": 4, "O华": 8, "​": 16, "记者": 2, "诉": 3, "违宪案": 2, "案件": 1, "看头": 1, "起诉书": 7, "请": 1, "律师团": 1, "确实": 1, "水准": 1, "很": 3, "高度": 1, "抓住": 1, "宪法": 11, "立法权": 1, "行政权": 1, "边际": 1, "程序": 4, "违法": 1, "未": 1, "保护": 1, "企业": 8, "平等": 1, "司法": 3, "救济": 1, "权利": 4, "立于不败之地": 1, "再行": 1, "战果": 1, "提请": 1, "法庭": 3, "审查": 1, "国防": 4, "授权": 5, "法案": 6, "违反": 4, "八": 1, "指控": 1, "国会": 2, "禁止": 3, "业务": 1, "违宪": 3, "：": 12, "1": 1, "立法": 2, "机关": 1, "选择性": 1, "制定": 2, "法律": 6, "惩罚": 1, "目的": 1, "剥夺": 5, "自由": 2, "财产": 1, "一般性": 1, "规则": 3, "；": 11, "处罚": 1, "法定": 1, "听证": 1, "辩护": 1, "3": 3, "三": 3, "权": 2, "分立": 2, "制度": 2, "立足点": 1, "高屋建瓴": 1, "创造": 1, "宗": 1, "宪法性": 1, "判例": 1, "一个": 11, "诉讼": 3, "稳定": 1, "随意": 1, "推翻": 1, "改变": 1, "提供": 3, "干扰": 1, "公正": 1, "独立": 1, "审判": 1, "这是": 2, "前提": 1, "水平": 1, "精研": 1, "现有": 1, "法理": 1, "为我所用": 1, "跨国": 1, "针对": 2, "国家": 4, "周密": 1, "研究": 1, "深厚": 1, "功底": 1, "难": 1, "成功": 1, "为诉": 2, "全文": 4, "第889": 5, "条": 6, "案文": 3, "带来": 3, "持续性": 3, "伤害": 4, "声明": 1, "翻译": 1, "判": 1, "近日": 1, "社交": 1, "媒体": 2, "流传": 1, "得克萨斯": 1, "东区": 1, "地区": 1, "司法部": 1, "发出": 2, "L燃": 1, "新闻": 1, "秒拍": 1, "视频": 2, "易烊": 2, "千玺华": 1, "nova": 1, "全球": 5, "代言人": 1, "易": 1, "烊": 1, "千": 2, "玺": 1, "晋江": 1, "体验店": 1, "联手": 1, "福建": 1, "粉丝团": 1, "举办": 1, "水果": 1, "酸奶": 1, "DIY": 1, "活动": 2, "圆满": 1, "结束": 3, "感谢": 2, "千纸鹤们": 1, "到来": 1, "参与": 1, "缘": 1, "再见": 1, "TFBOYS": 1, "千玺​": 1, "​​": 2, "诉求": 1, "判定": 1, "2019年": 1, "措施": 2, "颁发": 1, "永久性": 1, "禁令": 3, "实施": 3, "专家": 1, "分析": 2, "胜诉": 3, "几率": 3, "详情": 1, "↓↓": 1, "告": 1, "七绝": 1, "~": 2, "春韵": 1, "雨": 1, "长堤": 1, "落": 1, "彩霞": 1, "几多": 1, "蜂蝶戏": 1, "春花": 1, "东君": 1, "拂": 1, "柳": 1, "丝": 1, "绿": 2, "水岸": 1, "桃红": 1, "醉": 1, "(": 2, "平水韵": 1, "下平": 1, "六": 1, "麻": 1, ")": 2, "——": 2, "作者": 1, "秋思凡人": 1, "图片": 1, "海派": 1, "小丸子": 1, "VVV": 1, "手机": 17, "随手": 1, "拍": 1, "1月": 1, "28日": 1, "控诉会": 1, "商务部长": 1, "国土": 1, "FBI": 1, "局长": 1, "出席": 1, "日本": 2, "偷袭": 1, "珍珠港": 1, "阵仗": 1, "控诉": 1, "罪状": 1, "员工": 1, "T-Mobile": 2, "橡皮头": 1, "控告": 1, "项": 1, "技术": 3, "侵权": 1, "提": 1, "人类": 1, "文明": 2, "社会": 1, "一家": 2, "外国": 1, "全球性": 1, "围剿": 2, "太": 1, "拍案惊奇": 1, "二战": 1, "从来": 1, "唯一": 2, "超级大国": 1, "强力": 1, "抵制": 1, "屹立": 1, "倒": 1, "赢得": 1, "更多": 1, "订单": 1, "场": 1, "非对称": 1, "战争": 1, "科技": 1, "格局": 1, "开端": 1, "群": 1, "老外": 1, "玩华": 1, "MateX": 1, "实物机": 1, "玩": 1, "不亦乐乎": 1, "虎扑ID": 1, "25785165L虎扑": 1, "步行街": 1, "华": 1, "主题": 1, "": 1, "设计": 1, "美学": 1, "截止": 1, "过期": 1, "r​": 1, "3月": 10, "13日": 1, "云米": 1, "上海": 2, "14日": 2, "索尼": 1, "电视": 2, "Nova4e": 1, "北京": 4, "17日": 1, "OPPO": 1, "ColorOS": 1, "成都": 1, "18日": 2, "RedmiNote7Pro": 1, "黑鲨": 1, "19日": 1, "vivoX27三亚": 1, "20日": 1, "联发科": 1, "智能": 1, "家居": 1, "/": 2, "芯片": 4, "26日": 1, "P30": 1, "系列": 1, "巴黎": 1, "绿成": 1, "官方": 2, "认证": 1, "原路": 1, "退回": 1, "拒绝": 1, "好样": 1, "想象": 1, "小米": 5, "雷军": 1, "魅族": 2, "黄章": 1, "荣耀": 1, "赵明": 1, "余承东": 1, "锤子": 2, "罗永浩": 1, "五": 1, "厕所": 1, "上厕所": 1, "坑": 1, "分配": 1, "？？会": 1, "发生": 1, "16": 1, "岁": 2, "杭务工": 2, "小伙": 2, "店": 3, "拔下": 3, "展示机": 3, "拔腿": 3, "跑": 3, "…": 1, "5日": 1, "晚上": 1, "7点": 1, "男子": 1, "来到": 1, "杭州": 1, "转悠": 1, "柜台": 1, "标价": 1, "1699": 1, "把玩": 1, "一会": 1, "店员": 1, "描述": 1, "抢": 2, "蓝色": 1, "插": 1, "电话卡": 2, "徐某": 1, "后悔": 1, "说道": 1, "没钱": 1, "买": 3, "工作": 1, "着落": 1, "家人": 1, "想到": 1, "抢来": 1, "竟然": 1, "插卡": 1, "O16": 1, "……": 1, "后招": 2, "5G": 4, "苹果": 6, "扳回": 2, "局": 2, "台媒": 1, "报道": 1, "称": 2, "最新": 1, "报告": 1, "2020年": 1, "iPhone": 1, "面临": 1, "供货商": 3, "棘手": 1, "局面": 1, "玻璃": 2, "康宁": 1, "研发": 1, "折叠": 3, "有望": 1, "超越": 1, "三星": 3, "塑料": 1, "屏幕": 2, "战场": 1, "戏": 1, "O有": 1, "O": 1, "网页": 2, "链接": 1, "费": 1, "2019": 3, "预测": 1, "下跌": 4, "10%": 1, "5-10%": 2, "上涨": 1, "25-30%": 1, "OV": 1, "oppo": 1, "持平": 2, "涨": 2, "5%": 1, "vivo": 1, "微跌": 1, "联想": 1, "中兴": 3, "TCL": 1, "存在感": 1, "10-30%": 1, "估计": 1, "20%": 1, "金立": 1, "生死存亡": 1, "360": 1, "感太": 1, "弱": 1, "发布": 3, "文章": 1, "O2019": 1, "市场": 1, "展望": 1, "老美": 8, "这次": 1, "打压": 3, "第一": 2, "快速": 1, "追赶": 1, "焦虑": 2, "动机": 1, "一点": 1, "为过": 1, "法制": 1, "保障": 1, "自我": 1, "利益": 2, "生存": 1, "基础": 1, "侵害": 1, "工具": 1, "借口": 2, "优秀": 1, "高调": 1, "桀骜不驯": 1, "精英": 1, "媒体层": 1, "恐慌": 1, "松口": 1, "毕竟": 1, "系统": 1, "能力": 1, "阻拦": 1, "壮大": 1, "难说": 1, "面对": 1, "内部": 1, "商人": 1, "民意": 1, "博弈": 1, "打击": 1, "追随者": 1, "很多": 1, "招数": 1, "分而治之": 2, "找": 2, "理由": 3, "美": 3, "联盟": 2, "商品": 1, "价格": 2, "上浮": 1, "五成": 2, "收": 1, "监管": 1, "费用": 1, "差异化": 1, "抑制": 1, "领头": 1, "崛起": 1, "降低": 1, "威胁": 1, "照样": 1, "出货": 1, "卖给": 1, "卖": 1, "强大": 1, "加价": 1, "眼中": 1, "老二": 1, "死": 1, "松下": 1, "车企": 1, "早年": 1, "经历": 1, "好歹": 1, "小弟": 1, "驻军": 1, "可控": 1, "反击": 1, "黑社团": 1, "巴展": 1, "针锋相对": 1, "激化": 1, "冲突": 1, "利用": 1, "说服": 1, "商家": 1, "持续": 2, "有种": 1, "义无反顾": 1, "悲壮感": 1, "不得已而为之": 1, "努力": 1, "调整": 1, "骂": 1, "客观": 1, "立场": 1, "TA": 1, "晚安": 1, "有人": 1, "观察": 1, "座": 1, "城市": 2, "当地": 1, "菜市场": 1, "菜": 1, "出租车": 1, "司机": 1, "聊天": 1, "算算": 1, "隔": 1, "远": 1, "便利店": 1, "转评": 1, "聊聊": 1, "短": 1, "时间": 1, "陌生": 1, "街区": 1, "小云": 1, "随机": 1, "抽": 3, "送出": 1, "耳机": 1, "麦凯恩": 1, "迫在眉睫": 2, "可诉": 1, "巳经": 1, "被告": 1, "点1": 1, "指出": 2, "原告": 1, "有限公司": 1, "有限": 1, "法典": 1, "第28": 1, "编": 1, "第1331": 1, "2201": 1, "2202": 1, "节": 1, "提起": 1, "申诉": 2, "约翰·s·麦凯恩": 1, "财年": 1, "相关": 1, "违背": 1, "设备": 2, "先进": 1, "制约": 1, "170": 1, "记录": 1, "后门": 1, "木马": 1, "植入": 1, "故意": 1, "漏洞": 1, "依据": 1, "公权": 1, "BillofAttainderClause": 1, "第五": 1, "修正案": 1, "正当": 1, "条款": 3, "DueProcessClause": 1, "归属": 1, "VestingClauses": 1, "NDAA": 1, "正式": 1, "生效": 1, "涉": 1, "5": 1, "消除": 1, "商誉": 1, "受损": 1, "源头": 1, "6": 1, "一再": 1, "法规": 1, "做法": 1, "才": 1, "符合": 1, "曝光": 2, "Mate20Pro": 1, "国外": 1, "电商": 1, "平台": 1, "GIZTOP": 1, "回": 1, "OnePlus7": 2, "介绍": 1, "搭载": 2, "6.5": 1, "英寸": 1, "AMOLED": 1, "显示屏": 1, "指纹": 1, "识别": 1, "骁龙": 1, "855Soc": 1, "后置": 1, "4800万": 1, "+": 2, "2000万": 1, "500万": 1, "像素": 1, "摄": 1, "前置": 1, "1600万": 1, "素弹": 1, "出式": 1, "摄像头": 1, "8/12GB": 1, "RAM": 1, "128/256": 1, "GB": 1, "ROM": 1, "存储": 1, "组合": 1, "4000": 1, "mAh": 1, "电池": 1, "搭配": 1, "44W": 1, "超级": 1, "快充": 1, "「": 1, "」": 1, "大部分": 1, "猜": 1, "配置": 1, "真香": 1, "机器": 1, "东方": 1, "风云榜": 1, "林彦俊": 2, "天天": 1, "向上": 1, "第二": 1, "波": 1, "带": 2, "话题": 1, "转发": 1, "送华": 1, "蓝牙": 1, "小天鹅": 2, "音响": 1, "原封": 1, "拆": 1, "阅读量": 1, "E姐": 2, "灵感": 1, "听": 1, "824": 1, "伤口": 2, "K": 1, "刚好": 1, "简单": 1, "审核": 1, "🙋🏿": 1, "‍": 1, "♂️": 1, "！！！​": 1, "不止": 1, "飞行": 1, "美丽": 1, "珠峰": 1, "女神": 2, "北坡": 1, "南坡": 1, "正脸": 1, "侧脸": 1, "...": 2, "🏔🏔": 1, "心中": 1, "凌燕flying": 1, "...图五5": 1, "倍": 2, "放大": 2, "六10": 1, "Mate20pro": 1, "小白": 1, "秒变": 1, "摄影": 1, "大师": 1, "风风机长": 1, "飞": 1, "风风": 1, "风景": 1, "噱头": 1, "交智": 1, "商税": 1, "仔细": 1, "想想": 1, "场景": 1, "国内": 1, "厂商": 1, "极端": 1, "事情": 1, "折叠屏": 1, "营销": 1, "作用": 1, "大于": 1, "意义": 1, "仿佛": 1, "欧洲": 1, "西安": 4, "幸福": 1, "景区": 1, "—": 1, "浐灞": 2, "生态区": 1, "世园": 1, "罗曼": 1, "小镇": 1, "中国": 1, "图库": 1, "影像": 1, "成诗": 1, "花粉": 1, "俱乐部": 1, "西安市": 1, "文化": 1, "旅游局": 1, "生态": 1, "区​": 1}