{"柳传志": 5, "任正非": 4, "同岁": 1, "喜欢": 6, "晚点": 1, "Post": 1, "透露": 1, "卸任": 1, "联想": 3, "董事长": 1, "预计": 1, "本周": 1, "1944年": 2, "4月": 1, "出生": 2, "江苏": 1, "镇江": 1, "75": 1, "岁": 3, "毕业": 1, "西安": 1, "电子": 1, "科技": 4, "大学": 2, "40": 1, "创立": 2, "6": 1, "毕业于": 1, "重庆": 2, "44": 1, "华为": 66, "退休": 1, "哪家": 3, "企业": 4, "​": 17, "#趣": 2, "体验": 2, "评测杯": 1, "2019": 2, "年度": 2, "手机": 23, "颁奖": 1, "典礼": 1, "值得": 1, "期待": 7, "MateX": 1, "高端": 1, "小米": 9, "MIXAlpha": 1, "设计": 6, "惊艳奖": 1, "夏普R3": 1, "最佳": 1, "充电": 1, "黑科技": 1, "荣耀": 6, "9": 1, "X": 1, "宇宙": 1, "机皇": 1, "Play3e": 1, "快": 2, "幸运": 1, "得奖": 1, "机型": 1, "L趣": 1, "评测": 2, "视频": 12, "​O": 2, "抽奖": 3, "详情": 3, "": 2, "周杰伦": 4, "单曲": 1, "内地": 1, "成绩": 2, "汇总": 1, "King": 1, "！": 18, "QQ": 5, "音乐": 13, "飙升": 1, "指数": 3, "1628%": 1, "流行": 2, "816%": 1, "歌榜": 2, "日榜": 1, "第一": 14, "腾讯": 3, "旗下": 1, "三大": 1, "平台": 2, "音乐榜": 1, "空降": 3, "MV榜单": 1, "咪咕": 3, "尖叫榜": 1, "苹果": 6, "国语": 1, "排行榜": 2, "类型": 1, "人气": 1, "飙升榜": 1, "、": 37, "双榜": 1, "热门": 4, "歌手": 5, "榜": 3, "酷狗": 1, "酷": 1, "华语": 1, "男": 1, "亦": 1, "官方": 3, "区分": 1, "微信": 4, "1079万": 1, "12月": 3, "15号": 1, "热点": 1, "上榜": 1, "歌": 1, "聊聊": 1, "数码圈": 1, "东西": 1, "懂": 2, "近年来": 1, "厂商": 2, "汽车": 2, "品牌": 3, "合作": 3, "款倒": 1, "层出不穷": 1, "保时捷": 4, "OPPO": 1, "兰博基尼": 1, "迈凯伦": 3, "法拉利": 1, "拉": 1, "款": 2, "Bose": 1, "耳机": 2, "降噪": 2, "好用": 1, "$": 2, "集团": 1, "W": 1, "(": 4, "01810": 1, ")": 3, "中国区": 1, "总裁": 1, "卢伟冰": 1, "昨日": 1, "针对": 1, "网友": 2, "低价": 3, "误国": 2, "言论": 1, "作出": 1, "回应": 4, "称": 3, "：": 9, "1.": 1, "一个": 3, "中国": 3, "社会": 3, "文化": 1, "结构": 1, "脑袋": 1, "；": 5, ".": 2, "发达": 2, "国家": 6, "例证": 1, "本身": 2, "缺乏": 1, "民族": 1, "自信": 2, "表现": 3, "沃尔玛": 1, "宜家": 1, "Costco": 1, "优衣库": 1, "公司": 6, "全球": 2, "受益": 1, "3": 4, "钱": 2, "研发": 2, "财报": 1, "关键": 1, "读": 1, "员工": 3, "很多": 1, "一流": 1, "高校": 1, "人才": 2, "高薪": 1, "吸引": 1, "4.": 1, "深度": 1, "研究": 1, "发展": 5, "路径": 1, "熟读": 1, "讲话": 2, "阶段": 2, "终端": 3, "战略": 2, "榜样": 1, "11": 1, "智能": 6, "最低价": 1, "399": 1, "友商": 1, "型号": 1, "看待": 1, "说法": 1, "易": 1, "烊千": 1, "玺": 2, "千玺": 3, "nova星": 1, "下午": 2, "四点": 1, "三点钟": 1, "感觉": 2, "很": 3, "快乐": 3, "时间": 1, "临近": 1, "越来越": 1, "感到": 1, "终于": 3, "安阳": 3, "万达": 1, "店线": 1, "下粉": 1, "丝品": 1, "鉴会": 1, "活动": 3, "结束": 2, "度过": 1, "连续": 1, "四": 3, "美好": 1, "风霜雨雪": 1, "拦": 1, "不住": 1, "热爱": 1, "步伐": 1, "感谢": 3, "粑粑": 1, "提供": 1, "现场": 2, "礼物": 2, "授权": 1, "店": 1, "哥哥": 1, "小姐姐们": 1, "冒雨雪": 1, "鸟姐": 1, "&": 1, "千纸鹤": 1, "圆满": 1, "下次": 1, "❤": 1, "@": 5, "TFBOYS": 1, "易烊": 3, "三星": 1, "都": 8, "bose": 1, "朋友": 2, "立马": 1, "服": 1, "…​": 1, "情侣": 1, "吵架": 1, "拉黑": 1, "Share": 3, "功能": 1, "爱情": 1, "神": 1, "助攻": 1, "不用": 1, "流量": 1, "面对面": 1, "即可": 1, "传": 3, "图片": 1, "文件": 1, "蓝牙": 1, "N": 1, "倍": 2, "赶紧": 1, "试试": 1, "🔒定": 1, "山东": 1, "中公": 1, "教育": 2, "mate30": 1, "转+": 1, "感受": 3, "12.22": 1, "抽": 1, "1": 2, "送": 2, "100": 1, "元": 2, "京东卡": 1, "发布": 1, "头条": 1, "文章": 1, "高低": 2, "切换": 3, "财经": 1, "每日": 1, "必读": 1, "赚钱": 2, "季": 1, "周一": 1, "股权": 1, "/": 8, "公告": 1, "+": 5, "穿戴": 1, "能源": 1, "胎压": 1, "监测": 1, "金融": 1, "券商": 1, "分化": 1, "区块链": 1, "科创": 1, "基建": 1, "周期": 1, "养殖": 1, "板块": 3, "企稳": 1, "迹象": 2, ";": 1, "主板": 1, "放量": 1, "上涨": 1, "预设": 1, "明日": 4, "回踩": 1, "观察": 4, "成交量": 1, "放大": 1, "强势": 3, "股": 2, "接力": 2, "亏": 1, "效应": 2, "减缓": 1, "南宁": 1, "百货": 1, "情绪": 1, "标杆": 1, "空间板": 1, "高度": 1, "9板": 1, "首板": 2, "数量": 1, "增加": 1, "大概": 1, "大盘": 1, "短期": 1, "顶": 1, "背离": 1, "操作": 1, "难度": 1, "变大": 1, "风险": 1, "偏好": 1, "选择": 2, "包板": 1, "涨停板": 1, "套利": 1, "优": 1, "策略": 1, "低": 2, "吸": 1, "主线": 1, "人气股": 1, "超跌": 1, "创": 1, "轮动": 1, "补涨": 1, "吸富": 1, "一生": 1, "O高低": 1, "外媒": 1, "Anandtech": 1, "高通": 1, "865": 1, "初步": 1, "CPU": 1, "功耗": 1, "意外": 1, "GPU": 1, "麒麟": 2, "9904G": 1, "版": 2, "优势": 1, "太": 3, "整体": 1, "程度": 1, "预期": 1, "讲真": 1, "9905": 1, "G版": 2, "海思": 2, "制程": 1, "能效": 1, "出色": 1, "A站": 1, "怀疑": 1, "工程机": 1, "空载": 1, "数据": 1, "上市": 1, "机器": 1, "为准": 1, "大明": 5, "风华": 4, "定档": 1, "1217": 1, "追剧": 3, "少女": 1, "幸福": 2, "庆余": 2, "好久": 1, "剧": 1, "朋友们": 1, "自带": 2, "芒果TV": 2, "优酷": 2, "内容": 5, "福利": 2, "赢": 2, "5G": 3, "部剧": 1, "开播": 2, "O": 2, "网页": 2, "链接": 3, "15000+": 2, "价位": 2, "Meta30": 1, "MIXAlpha你们": 1, "选": 4, "美国": 7, "遏制": 1, "中国人": 1, "补刀": 2, "富士康": 4, "郭台铭": 1, "排": 1, "完美": 1, "诠释": 1, "现代版": 1, "东郭先生": 1, "狼": 1, "故事": 1, "危机": 1, "关头": 1, "主动": 1, "大笔": 1, "订单": 2, "起死回生": 1, "反观": 2, "落难": 1, "第一时间": 1, "撇清": 1, "关系": 1, "供货": 1, "国内": 1, "国外": 1, "资本": 1, "市场": 1, "苟延残喘": 1, "第二": 1, "打假": 1, "人士": 2, "方舟子": 2, "提出": 2, "备胎": 1, "喊": 1, "破": 1, "喉咙": 1, "诋毁": 3, "鸿蒙": 2, "实力": 3, "强大": 3, "当初": 1, "各处": 1, "蹭": 2, "热度": 2, "账号": 2, "封": 1, "第三": 1, "彭林": 1, "自称": 1, "独立": 1, "测评": 1, "第三方": 1, "做假": 1, "妄言": 1, "举报": 1, "宣称": 1, "辞掉": 1, "披": 1, "消费者": 1, "名义": 1, "多久": 1, "扒出": 1, "天津": 1, "成立": 1, "爱否": 1, "第四": 1, "网络": 1, "风靡一时": 1, "万人迷": 1, "凤姐": 1, "罗": 1, "玉凤": 1, "占用": 1, "公共": 1, "资源": 4, "咒骂": 1, "倒闭": 1, "导致": 1, "封杀": 7, "真的": 2, "一句话": 2, "善恶": 1, "终": 1, "报": 1, "天道": 1, "轮回": 1, "抬头": 1, "苍天": 1, "绕": 1, "赞美": 1, "刚刚": 1, "E周报": 1, "24": 1, "251": 2, "事件": 6, "漫谈": 1, "罗永浩": 2, "鲨纹": 1, "招商": 1, "大会": 1, "简评": 1, "期": 1, "分享": 1, "鯊纹": 1, "技术": 3, "毫米": 1, "波": 1, "红米K30": 1, "RedmiBook": 1, "13": 1, "……": 2, "L杨": 1, "牧宸": 1, "便宜": 2, "对比": 2, "贵": 2, "发现": 1, "电视剧": 1, "盼来": 1, "负": 1, "汤唯": 1, "朱": 1, "亚文": 1, "邓家佳": 1, "乔振宇": 1, "王": 1, "学圻": 1, "张艺兴": 1, "俞灏明": 1, "梁": 1, "冠华": 1, "......": 1, "打开": 1, "APP": 1, "明星": 2, "侦探": 1, "安排": 1, "爷爷": 1, "Sound#X": 1, "Push-Push": 1, "对称式": 1, "声学": 1, "平衡": 1, "大音量": 1, "稳如泰山": 1, "形容": 1, "台": 1, "音箱": 1, "___": 1, "L华": 1, "过年": 1, "武隆": 3, "凛冬": 1, "仙女山": 3, "冰雪季": 2, "归来": 1, "说出": 2, "爱": 1, "雪上": 2, "娱乐": 2, "赢取": 1, "运动": 1, "手表": 1, "第十": 1, "届": 1, "国际": 1, "21日": 2, "震撼": 1, "启": 1, "海拔": 1, "2033": 1, "米": 1, "拥有": 1, "33万": 1, "亩": 2, "森林": 1, "10万": 1, "天然": 1, "草原": 1, "持续": 1, "滑雪": 1, "刺激": 1, "赏": 1, "雪": 2, "惊艳": 1, "乐趣": 1, "耍": 1, "关注": 2, "转发": 1, "最爱": 1, "23日": 1, "送出": 1, "GT2L": 1, "旅游": 1, "O抽奖": 1, "摩洛哥": 2, "失踪": 2, "26日": 2, "父亲": 2, "儿子": 3, "活": 1, "16日": 1, "距离": 2, "23岁": 1, "籍华": 1, "邓": 3, "博文": 2, "11月": 1, "下班": 1, "失联": 1, "父母": 1, "得知": 1, "消息": 2, "赶赴": 1, "当地": 1, "寻人": 1, "17": 1, "未果": 1, "兴文": 1, "护照": 1, "银行卡": 1, "宿舍": 1, "离开": 1, "征兆": 1, "坚信": 1, "平安": 1, "活着": 1, "新京报": 1, "L世面": 1, "秒拍": 1, "来来": 1, "投票": 1, "标配": 1, "8+128": 1, "V30Pro": 2, "Nova65": 1, "vivoX30": 4, "Pro": 1, "Nova65G": 1, "Pro三": 1, "nova6": 1, "肖": 2, "战O": 1, "PPO": 1, "Reno3": 1, "王一博": 2, "RedmiK30": 1, "蔡": 1, "徐坤": 1, "vivoS5": 1, "代言人": 1, "米国": 2, "破解": 2, "支付宝": 2, "刷脸": 1, "支付": 2, "iPhone": 1, "抵挡": 2, "住": 2, "d面": 1, "具骗": 1, "照片": 1, "荷兰": 1, "机场": 1, "人脸": 1, "识别": 1, "并用": 1, "方式": 1, "火车站": 1, "测试": 1, "FaceID": 1, "系统": 1, "证实": 1, "面具": 1, "攻击": 1, "成像": 1, "带来": 3, "漏洞": 1, "强劲": 1, "产品": 1, "以防": 1, "损失": 1, "来源": 1, "经济网": 1, "辣鸡": 1, "P30Pro": 1, "拍照": 1, "一点": 1, "厉害": 2, "竟然": 1, "翻车": 1, "O今晚": 1, "19：30": 1, "系列": 2, "新品": 1, "发布会": 1, "支持": 1, "60": 1, "数字": 1, "变焦": 1, "场景": 1, "干": 1, "翻华": 1, "L长": 1, "安数码君": 1, "打压": 2, "硬核": 3, "回击": 1, "上海": 2, "学校": 1, "美女": 1, "教师": 3, "教学": 5, "课件": 2, "底气": 2, "何在": 2, "今日": 1, "新闻网": 1, "刊登": 1, "详细": 1, "包括": 1, "分析": 5, "学情": 1, "难点": 1, "板书": 1, "网友们": 1, "本节": 2, "课": 2, "围绕": 1, "时政": 1, "新闻": 5, "道德": 1, "法治": 1, "课程": 1, "相关": 1, "目标": 2, "社会主义": 1, "核心": 3, "价值观": 1, "落实": 1, "融入": 1, "进来": 1, "讨论": 3, "学生": 10, "发掘": 1, "背后": 2, "蕴含": 1, "道理": 1, "引导": 4, "激发": 2, "认同感": 1, "自豪感": 1, "使命感": 1, "立足": 1, "思想": 1, "政治": 1, "学科": 1, "素养": 1, "初中生": 1, "认知": 1, "组织": 3, "一系列": 1, "设问": 1, "现如今": 1, "出门": 1, "忘记": 1, "带": 1, "生活化": 1, "引入": 1, "话题": 1, "主角": 1, "——": 5, "学习": 1, "兴趣": 1, "引发": 1, "课堂": 1, "关注度": 1, "抛出": 1, "出谋划策": 2, "践行": 1, "成长": 1, "三": 1, "层层": 1, "递进": 1, "背景": 1, "原因": 2, "应对": 2, "措施": 1, "后续": 1, "影响": 2, "环节": 2, "学习单": 1, "提示": 1, "小组": 1, "代表": 1, "发言": 1, "适时": 1, "本质": 1, "利益": 1, "随即": 1, "情境": 1, "教学法": 1, "思考": 1, "员": 1, "管理者": 1, "情况": 1, "重围": 1, "头脑": 1, "风暴": 1, "办法": 1, "找到": 1, "解决": 1, "自主": 5, "创新": 6, "出示": 1, "创始人": 1, "素材": 1, "有机": 1, "串联": 1, "若干": 1, "举措": 1, "资金": 1, "投入": 1, "体现": 1, "延伸": 1, "经济": 1, "长远发展": 1, "意义": 1, "才能": 1, "把握": 1, "主动权": 1, "未雨绸缪": 1, "情感": 1, "共鸣": 1, "价值": 1, "认同": 1, "O网页": 1, "炫富": 1, "名人": 1, "请": 1, "代言​": 1, "单纯": 1, "想": 1, "问问": 2, "2万": 1, "买": 3, "战oppo": 1, "红米": 1, "蔡徐坤": 1, "vivo": 1, "千": 1, "代言": 1, "选​": 1, "行业": 1, "业内": 1, "题材": 1, "概念": 1, "提": 1}