{"理会": 1, "美国": 14, "阻挠": 1, "国家": 12, "依然": 1, "华为": 62, "外媒": 1, "称": 3, "技术": 3, "投资": 1, "8亿": 1, "美元": 1, "巴西": 2, "圣保罗州": 1, "新建": 1, "工厂": 2, "生产": 1, "新一代": 1, "通信": 1, "标准": 1, "5G": 4, "基站": 1, "特朗普": 9, "政府": 3, "友好": 1, "国": 1, "排除": 1, "市场": 15, "建厂": 1, "有助于": 1, "创造": 1, "就业": 1, "岗位": 1, "显示": 2, "遵从": 1, "意向": 1, "​": 17, "张艺兴": 3, "工作室": 3, "声明": 6, "求睁": 1, "开眼": 1, "辟谣": 1, "◆华": 1, "支线": 2, "代言": 5, "尽职尽责": 1, "无奈": 1, "变动": 1, "艺人": 1, "权益": 1, "协议": 2, "解约": 7, "官博": 1, "◆": 1, "合作": 4, "三星": 18, "手机": 17, "支持": 3, "萨德": 1, "建立": 1, "慈善": 1, "扶贫": 1, "音乐": 5, "项目": 1, "去年": 1, "12月": 1, "亚洲": 1, "代言人": 1, "直至": 1, "排查": 3, "发现": 3, "电子": 1, "官网": 3, "地区": 2, "定义": 1, "沟通": 2, "未果": 1, "◆萨德": 1, "事件": 5, "不再": 1, "参与": 1, "乐天": 1, "组合": 1, "内": 2, "成员": 1, "无关": 5, "◆ck": 1, "/": 2, "分类": 1, "翻译": 2, "歧义": 1, "海外": 1, "品牌": 9, "默认": 1, "设置": 1, "方式": 2, "海淘": 1, "用户": 2, "都": 8, "自我": 1, "第一时间": 2, "澄清": 1, "误解": 1, "歉意": 1, "修正": 1, "检查": 1, "◆mac妇": 1, "女节": 1, "祝福": 1, "邮件": 6, "多国": 1, "地图": 2, "错误": 2, "包括": 2, "本土": 1, "、": 28, "中国": 15, "法国": 1, "缺失": 1, "制图": 1, "员工": 2, "失误": 1, "政治": 1, "立场": 2, "同日": 1, "外网": 1, "道歉": 4, "消费者": 3, "发送": 1, "◆艺人": 1, "发布": 4, "内查自省": 1, "无心": 1, "改正": 2, "拒": 1, "绝不": 1, "造谣": 1, "请问": 1, "究竟": 3, "领土": 2, "完整": 2, "发声": 1, "利用": 1, "爱国": 1, "严肃": 1, "话题": 1, "发泄": 1, "！": 25, "鸿蒙": 11, "系统": 14, "年底": 3, "推出": 4, "搭载": 4, "操作": 5, "期待": 1, "13日": 3, "@": 6, "21世纪": 1, "经济": 1, "报道": 1, "记者": 1, "接近": 2, "人士": 1, "获悉": 1, "今年底": 1, "中低端": 1, "智能": 8, "第一": 4, "设备": 3, "手表": 2, "大屏": 1, "选择": 1, "谷歌": 2, "安卓": 8, "余承东": 1, "生态": 2, "伙伴": 1, "就要": 1, "启用": 1, "O华": 2, "卧槽": 1, "P30Pro": 2, "亲自": 1, "验证": 1, "真的": 4, "。。。。。": 1, "：": 18, "繁体字": 2, "情况": 3, "才": 5, "能干": 2, "IOS": 5, "拿下": 3, "百万": 5, "年薪": 5, "群": 5, "年轻人": 3, "为期": 2, "谢师宴": 2, "武汉": 2, "开启": 2, "邀请": 2, "8": 4, "博导": 2, "正是": 2, "博士": 2, "名单": 2, "顶尖": 6, "学生": 6, "导师": 2, "此次": 2, "做东": 2, "博导们": 2, "聚餐": 2, "周游": 2, "三峡": 2, "交流": 3, "培养": 2, "经验": 2, "高薪": 2, "聘请": 2, "老板": 3, "联播L": 1, "联播": 1, "秒拍": 1, "视频": 6, "大话": 2, "手游": 2, "龙族": 1, "杨": 1, "超越": 4, "惊喜": 2, "小龙女": 1, "妹妹": 3, "全新": 2, "CG": 1, "首曝": 1, "幽幽": 1, "竹林": 1, "俏": 1, "人影": 1, "惊鸿": 1, "回眸": 1, "春风": 1, "醉": 3, "这次": 1, "迷倒": 1, "发射": 1, "爱心": 1, "光波": 1, "波": 3, "爱意": 1, "攻击": 1, "顶": 1, "住": 1, "宝箱": 1, "洒": 1, "6666": 1, "元": 1, "现金": 1, "红包": 1, "iPadAir": 1, "Beats耳机": 1, "P30": 1, "面对": 2, "爱": 3, "面包": 1, "双重": 1, "诱惑": 1, "~": 3, "L大话": 1, "西游": 1, "网友": 2, "反馈": 1, "时钟": 1, "台北": 2, "标注": 1, "台湾": 5, "实测": 1, "北京": 3, "中华人民共和国": 1, "复现": 1, "截图": 1, "本月": 1, "瓜": 1, "曝": 3, "繁体": 2, "台湾省": 1, "划归": 1, "事实": 1, "锤": 1, "就算": 1, "爱国人": 1, "设怕": 1, "崩": 1, "拾柒": 2, "字体": 8, "温山": 2, "软水": 2, "中文": 5, "禁止": 1, "形式": 1, "传倒": 1, "卖愿": 1, "喜字体": 1, "名字": 2, "来源": 2, "17": 5, "字": 1, "体取": 1, "评论": 2, "小可": 1, "爱取": 1, "一个": 5, "可爱": 2, "发给": 1, "偏偏": 1, "大小": 2, "60": 1, "70": 1, "80": 1, "90，100": 1, "P1-P4O": 1, "PPOr17": 1, "上机": 3, "P5-P6": 1, "9.0": 1, "感谢": 2, "萝卜": 1, "开花": 1, "吖": 1, "P7-P9": 1, "幼洁": 1, "芍棠": 1, "领取": 1, "点赞": 1, "+": 1, "随意": 1, "艾特": 1, "想": 3, "安利": 1, "夸": 1, "哈哈哈哈哈": 1, "主动": 3, "私信": 5, "关键词": 6, "不及": 1, "眉眼": 1, "半": 1, "链接": 4, "保存": 1, "请": 2, "切换": 1, "数据": 3, "网络": 2, "秀秀": 1, "放": 1, "👻👻": 1, "👻": 1, "卑微": 1, "日常": 1, "测试": 1, "错": 1, "永久": 1, "自动": 1, "跳": 2, "输入": 1, "退出": 1, "界面": 2, "延迟": 1, "": 1, "英语": 3, "超": 2, "实用": 2, "MM": 1, "100": 2, "英文": 2, "用语": 1, "国外": 1, "同事": 1, "写": 3, "Howare": 1, "Thankyou": 1, "外企": 1, "发群": 1, "邮": 1, "通知": 1, "在线": 1, "懂": 1, "学": 1, "多年": 1, "用时": 1, "抓耳挠腮": 1, "工作": 1, "轻轻松松": 1, "封": 2, "地道": 1, "专业": 1, "转发": 1, "学起": 1, "8月": 6, "7日": 1, "23点": 1, "四川": 1, "四姑娘山": 1, "老公": 2, "疑似": 1, "物体": 3, "P20": 1, "延时": 1, "摄影": 1, "星轨": 2, "屏幕": 1, "不明": 2, "亮光": 1, "抬头": 1, "头顶": 1, "圆形": 1, "白光": 1, "有人": 1, "手电筒": 1, "黑暗": 1, "照射": 1, "无比": 1, "震撼": 1, "悬飞": 1, "分钟": 1, "消失": 1, "留下": 1, "影像": 1, "时间": 4, "算": 1, "韩国": 2, "上空": 1, "发光体": 1, "忍痛割爱": 2, "不舍": 1, "契约": 1, "精神": 1, "何不": 1, "上天": 1, "历史": 2, "遗留": 1, "时差": 1, "多久": 1, "方才": 1, "回头": 1, "手": 1, "撕华": 1, "想必": 1, "忘": 1, "装": 2, "羊": 1, "谈": 1, "路": 1, "明星": 1, "皆": 1, "打脸": 1, "新闻": 1, "点名": 1, "日报": 1, "通报": 1, "莲鸡": 1, "空瓶": 1, "使劲": 1, "跳脚": 1, "合约": 1, "快": 2, "CK": 1, "违约": 1, "金高": 1, "犯错": 1, "难道": 2, "买": 4, "房": 1, "按揭": 1, "钱": 1, "自圆其说": 1, "难辞其咎": 1, "脂粉": 1, "傻空": 1, "脸": 1, "丢": 1, "取消": 2, "香港": 4, "粉丝": 1, "说到": 1, "此事": 1, "三四": 1, "内地": 1, "大容不下": 1, "明知": 1, "乱": 1, "明知故犯": 2, "临近": 1, "迫不得已": 1, "卖人": 1, "着迷": 1, "孙猩": 1, "病否": 1, "感情": 2, "无脑": 1, "空留": 1, "颗头": 1, "——": 7, "嘲羊区": 1, "孙": 2, "艺兴": 2, "点脸": 1, "當": 1, "華為": 1, "手機": 1, "語言": 1, "調整": 1, "為": 1, "簡體": 1, "繁體": 1, "選擇": 1, "時區": 1, "則會": 1, "出現": 1, "搜索": 1, "結果": 1, "意识": 1, "写错": 1, "；": 10, "机智": 1, "企业": 3, "鼓掌": 1, "简体字": 1, "随时": 1, "取代": 1, "出世": 1, "概念股": 2, "飞": 1, "上周末": 1, "公司": 8, "全球": 5, "开源": 1, "OS": 1, "迎接": 1, "场景": 2, "体验": 3, "时代": 1, "到来": 1, "产物": 1, "发挥": 1, "轻量化": 1, "小巧": 1, "功能": 1, "强大": 1, "优势": 1, "率先": 1, "智慧屏": 1, "车载": 1, "音箱": 1, "终端": 2, "着力": 1, "构建": 1, "跨": 1, "融合": 1, "共享": 1, "联想": 1, "A股": 1, "WIND": 1, "资讯": 1, "统计": 1, "截至": 2, "昨天": 1, "95": 1, "概念": 4, "相关": 2, "上市": 2, "12": 1, "公布": 1, "半年报": 2, "业绩": 5, "9": 1, "增长": 3, "47": 1, "预告": 1, "预增": 1, "略": 1, "增": 1, "续盈": 1, "扭亏": 1, "合计": 1, "26": 1, "预喜": 1, "比例": 1, "六成": 1, "L": 1, "央视": 1, "财经": 1, "O": 2, "米粉": 1, "麻烦": 1, "骚扰": 1, "全国": 2, "人民": 2, "有目共睹": 2, "事情": 2, "关键": 1, "时刻": 2, "抛开": 1, "粉圈": 1, "思维": 1, "格局": 1, "不能不": 1, "LOW": 1, "锅": 1, "为啥": 1, "背": 1, "调成": 2, "简体": 1, "列为": 1, "一部分": 1, "独立": 1, "澳门": 1, "总裁": 10, "辞职": 10, "大中华区": 6, "4": 4, "天后": 2, "汇丰": 19, "人事": 3, "地震": 3, "坚称": 3, "银行": 2, "154年": 1, "长河": 1, "很": 2, "少有": 1, "上周": 1, "高管": 3, "接连": 1, "动荡": 1, "5日": 1, "控股": 5, "行政": 4, "范宁": 2, "(": 1, "JohnFlint": 1, ")": 1, "董事会": 1, "达成": 1, "同意": 1, "30年": 1, "工龄": 1, "老": 2, "开拓": 1, "英国": 1, "金融": 1, "时报": 1, "分析": 1, "离去": 2, "也许": 1, "意味着": 1, "经营": 1, "策略": 1, "转向": 1, "9日": 1, "黄碧娟": 2, "离职": 2, "随后": 1, "职": 1, "补缺": 1, "相继": 1, "传闻": 2, "此前": 1, "配合": 1, "司法部": 1, "调查": 7, "导致": 1, "孟晚舟": 2, "被捕": 1, "12日": 2, "否认": 1, "外部": 1, "施压": 1, "份": 1, "急于": 1, "撇清": 1, "关系": 2, "并未": 1, "提振": 1, "资本": 1, "信心": 1, "收盘": 1, "港股": 1, "股价": 2, "报收": 1, "57.7": 1, "港元": 2, "收跌": 1, "2.29%": 1, "纽交所": 1, "交易": 1, "集团": 1, "存托": 1, "凭证": 1, "价格": 1, "报跌": 1, "2.61%": 1, "累计": 1, "跌幅": 1, "12.4%": 1, "市值": 1, "蒸发": 1, "1400": 1, "亿": 1, "ceo": 1, "平安": 1, "#O": 1, "接下来": 2, "节目": 2, "内容": 2, "投票": 2, "讨论": 1, "1": 2, "旗舰": 4, "对比": 4, "2016年": 1, "2019年": 1, "平板": 1, "电脑": 1, "iPadmini": 1, "5": 2, "M6": 1, "3": 2, "数码": 1, "编年史": 1, "2009年": 1, "四": 2, "近期": 1, "游戏": 1, "ROG2": 1, "黑鲨": 1, "2Pro": 1, "建议": 1, "提": 1, "赶快": 1, "今晚": 1, "外围": 1, "热闹": 1, "偷着乐": 1, "黄金": 1, "稀土": 1, "凉凉": 1, "努力": 1, "世界": 2, "变化": 1, "太": 1, "整点": 1, "播": 1, "每经": 2, "19点": 3, "丨华": 3, "美": 5, "制裁": 5, "欧洲": 6, "抢夺": 4, "赢家": 4, "专家": 3, "警惕": 3, "修例": 3, "变质": 3, "带有": 3, "颜色": 3, "革命": 3, "特征": 3, "杨方旭": 2, "兴奋剂": 2, "禁赛": 2, "云南": 2, "监狱": 2, "监狱长": 2, "梁军": 2, "查": 2, "新京报": 1, "消息": 1, "研究": 1, "机构": 1, "Canalys": 1, "第二": 2, "季度": 2, "报告": 1, "影响": 2, "份额": 2, "同比": 2, "减少": 2, "4%": 1, "销量": 2, "超过": 2, "150万": 1, "台": 2, "下降": 1, "16%": 1, "40.6%": 1, "五": 2, "小米": 1, "50%": 1, "430万": 1, "类型": 1, "出货量": 1, "名": 1, "旗下": 1, "机型": 1, "占去": 1, "三": 1, "席": 1, "*": 2, "ST": 2, "华信": 2, "跌停": 2, "逾": 1, "80万": 1, "卖单": 1, "第三": 1, "面值": 1, "退市": 1, "股": 2, "锁定": 1, "建制": 1, "派议员": 1, "联署": 1, "谴责": 2, "示威者": 2, "阻碍": 1, "机场": 2, "运转": 1, "港口": 1, "关闭": 1, "国泰": 1, "副机长": 1, "非法": 1, "通风报信": 1, "#4": 1, "6": 1, "O每经": 1, "腾讯": 3, "反垄断": 5, "调查O": 1, "EMUI": 1, "10": 1, "采用": 1, "分布式": 1, "开发": 1, "感受": 1, "协同": 1, "带来": 1, "生活": 1, "创新": 4, "数字": 1, "引擎": 3, "改善": 1, "卡顿": 1, "症状": 1, "确保": 1, "稳定": 1, "流畅": 1, "交互": 1, "惊叹": 1, "UX": 1, "设计": 1, "不止": 1, "初见": 1, "L华": 1, "发": 1, "模糊": 1, "我国": 1, "主权": 1, "伤害": 1, "同胞": 1, "对此": 1, "记得": 1, "签": 1, "明智": 1, "估计": 2, "改": 1, "note10": 1, "凉": 1, "。。": 1, "回来": 1, "拍": 2, "素材": 1, "剪": 1, "一共": 1, "布拉格": 2, "阴天下雨": 1, "伞": 1, "临走": 1, "陪": 1, "队友": 1, "购物": 1, "随手": 1, "中心": 3, "味道": 1, "城市": 1, "穿山甲": 1, "大熊猫": 1, "现任": 1, "市长": 1, "SB": 1, "L胡": 1, "永平": 1, "监管": 2, "总局": 4, "大规模": 2, "据悉": 1, "此项": 1, "1月": 1, "启动": 1, "涉及": 1, "苹果": 1, "阿里巴巴": 1, "百度": 1, "网易": 1, "均": 1, "监督": 2, "管理": 4, "协助": 1, "传唤": 1, "这是": 1, "首次": 1, "互联网": 1, "巨头": 1, "正式": 1, "立案": 1, "O腾讯": 1, "大豆": 4, "发飙": 1, "提华": 1, "打交道": 1, "倒": 1, "单方面": 1, "发出": 1, "3000亿": 1, "美金": 1, "产品": 1, "征收": 1, "10%": 1, "关税": 1, "靠谱": 1, "暂时": 1, "农产品": 1, "这时候": 1, "举例": 1, "大选": 1, "半年": 1, "跑场": 1, "本来": 1, "脾气": 1, "放出": 1, "豪言": 1, "吓唬": 1, "整整": 1, "西装": 1, "领子": 1, "动作": 1, "没成想": 1, "当真": 1, "收场": 1, "税率": 1, "提升": 1, "25%": 1, "国内": 1, "零售商": 1, "干": 1, "办法": 1, "冲华": 1, "撒气": 1, "开篇": 1, "幕": 1, "仇": 1, "怨": 1, "选举": 1, "表面": 1, "麦卡锡主义": 1, "主义": 1, "靶子": 1, "拿来": 1, "莫名其妙": 1, "人质": 1, "竞选": 1, "连任": 1, "选票": 2, "威胁": 1, "农民": 1, "雇工": 1, "人口": 1, "头算": 1, "高粱": 1, "棉花": 1, "日用品": 1, "涨价": 1, "零售": 1, "纷纷": 1, "裁员": 1, "紧密": 1, "恼羞成怒": 1, "美联储": 1, "降息": 1, "增加": 1, "出口": 1, "只能": 1, "抓住": 1, "捏": 1, "在手": 1, "符号": 1, "泄愤": 1, "O大豆": 1, "科创板": 1, "调整": 1, "游资": 1, "科技股": 2, "重点": 1, "元器件": 1, "集成": 1, "电路": 1, "很多": 1, "走": 1, "上涨": 1, "通道": 1, "短线": 1, "机会": 1, "峰会": 2, "2019": 1, "CloudEngine16800": 2, "交换机": 1, "能源": 2, "汽车": 2, "监测": 2, "平台": 2, "期间": 1, "理工": 1, "大学": 1, "成立": 1, "联合": 1, "实验室": 1, "未来": 1, "加大": 1, "超大": 1, "容量": 1, "云网": 1, "联动": 1, "探索": 1, "进一步": 1, "服务": 1, "万物": 1, "联接": 1, "需求": 1}