{"超": 13, "霸气": 6, "！": 13, "价值观": 9, "一块": 9, "手表": 10, "戴": 10, "身价": 7, "百倍": 7, "中国": 35, "第一": 12, "女": 10, "实习舰": 5, "长韦": 5, "慧晓": 6, "23岁": 7, "就职": 7, "华为": 104, "27": 7, "岁": 23, "荣获": 4, "环球": 7, "洲际": 7, "小姐": 7, "大赛": 7, "特区": 6, "赛区": 6, "十佳": 7, "28": 7, "远": 7, "赴": 6, "西藏": 6, "支教": 7, "34": 9, "中山": 7, "大学": 7, "博士": 10, "同年": 5, "自荐": 4, "入伍": 8, "……": 5, "牛": 2, "@": 3, "军人": 4, "L军人": 2, "视频": 14, "​": 12, "条": 1, "送": 1, "台": 3, "P30Pro": 2, "转发": 1, "+": 1, "关注": 1, "本博": 1, "草": 1, "即可": 1, "参与": 2, "喜欢": 3, "手机": 14, "折现": 1, "5500": 1, "RMB": 1, "5月": 4, "20日": 1, "平台": 1, "开奖": 1, "希望": 4, "520": 1, "日子": 1, "收获": 1, "钱": 2, "爱​": 1, "苹果": 12, "全球": 13, "第二": 7, "厂商": 8, "研究": 1, "机构": 2, "IDC": 2, "超过": 9, "市场": 15, "份额": 6, "三星": 6, "前四手机": 1, "唯一": 2, "一家": 3, "萎缩": 2, "依然": 2, "增长": 3, "公司": 5, "此前": 2, "消费者": 1, "业务": 3, "CEO": 1, "余承东": 1, "卖出": 1, "3": 4, "1": 2, "有望": 1, "接近": 1, "L五环": 1, "短": 1, "秒拍": 4, "首位": 4, "实习": 5, "舰长": 5, "：": 9, "开挂": 3, "人生": 3, "炼成": 2, "；": 6, "考取": 1, "研究生": 1, "30岁": 1, "高龄": 1, "6": 2, "时间": 3, "成长": 1, "人民": 1, "海军史": 1, "韦": 2, "拥有": 3, "眼里": 1, "L视频": 1, "买下": 1, "513": 2, "英亩": 2, "土地": 2, "确认": 2, "英国": 4, "剑桥": 3, "建厂": 1, "计划": 5, "日报": 1, "购买": 3, "未来": 5, "5": 3, "当地": 1, "建设": 4, "运营": 2, "光器件": 2, "研发": 3, "、": 40, "制造": 1, "基地": 2, "面向": 2, "提供": 2, "光模": 1, "块": 1, "英媒": 1, "4日": 2, "报道": 5, "郊外": 1, "索斯顿村": 1, "开设": 1, "400": 1, "规模": 1, "芯片": 18, "工厂": 2, "2021年": 1, "投产": 1, "创始人": 1, "任正非": 1, "接受": 1, "BBC": 1, "采访": 1, "谈到": 1, "英建厂": 1, "修建": 1, "符合": 2, "监管": 1, "标准": 3, "出口": 1, "国家": 8, "记者": 2, "罗": 1, "瑜": 1, "欧阳": 1, "雪": 1, "妍": 1, "L中报": 1, "牛L": 2, "中国区": 2, "藏": 1, "为啥": 1, "拒百万年薪": 1, "慧": 1, "晓答": 1, "昂贵": 2, "显示": 4, "贵": 3, "安哥": 1, "圆梦": 1, "一代": 1, "榜样": 1, "L": 3, "长安网": 1, "支付": 12, "高通": 28, "5亿": 9, "美元": 12, "专利": 24, "和解": 12, "谈判": 9, "外媒": 3, "称": 5, "事宜": 2, "消息": 5, "人士": 2, "透露": 2, "费用": 5, "45亿": 3, "通信": 8, "领域": 5, "O华": 3, "身价百倍": 3, "接到": 1, "通知书": 1, "从此": 1, "迈入": 1, "军旅": 1, "生涯": 1, "有人": 4, "放弃": 1, "读研": 1, "年薪": 1, "百万": 1, "工作": 2, "兴趣": 1, "O500万": 1, "点赞": 1, "这位": 1, "大女": 1, "燃爆": 1, "央视": 1, "新闻": 1, "彭博": 1, "仅次": 2, "测算": 1, "季度": 3, "出货量": 1, "同比": 1, "50%": 1, "排名": 2, "4": 2, "整体": 2, "情况": 2, "连续": 1, "仅次于": 1, "名": 1, "三星​": 1, "美国": 10, "针对": 3, "年间": 1, "到底": 1, "发生": 2, "O": 3, "网页": 2, "链接": 2, "提": 1, "一个": 9, "很": 8, "有意思": 1, "还要": 2, "买": 5, "确实": 2, "企业": 8, "第三": 2, "客户": 1, "鲲鹏": 1, "天罡": 1, "麒麟": 1, "巴龙": 1, "天霄": 1, "服务器": 1, "基站": 4, "5G": 29, "基带": 1, "路由器": 1, "世界": 6, "一流": 2, "顶级": 1, "水平": 1, "媲美": 1, "不久前": 1, "员工": 1, "产品": 5, "交流": 1, "模拟": 1, "淘汰": 2, "机会": 1, "长期": 1, "积累": 2, "长": 2, "能力": 1, "大规模": 1, "投入": 1, "划算": 1, "毕竟": 2, "太": 2, "技术": 6, "只能": 2, "商业": 2, "赚钱": 1, "科研": 1, "发": 2, "论文": 1, "完了": 1, "段": 1, "发展": 3, "别人": 2, "都": 10, "死": 1, "核心": 5, "封装": 1, "测试": 1, "赶上": 1, "如果说": 1, "实力": 2, "挺进": 1, "入职": 2, "体检": 3, "HIV": 4, "阳性": 2, "合格": 3, "网友": 2, "晒": 1, "包含": 1, "项目": 1, "内科": 1, "异常": 2, "皮肤病": 1, "传染病": 1, "肝功能": 1, "指标": 1, "高于": 1, "80": 1, "胸部": 1, "透视": 1, "未": 2, "争议": 1, "一点": 3, "检查": 2, "抗体": 1, "弱阳性": 1, "均": 4, "艾滋病": 3, "防治": 1, "条例": 1, "未经": 1, "本人": 1, "监护人": 1, "同意": 1, "单位": 2, "公开": 2, "病毒": 2, "感染者": 1, "病人": 1, "家属": 1, "姓名": 1, "住址": 1, "肖像": 1, "病史": 1, "资料": 2, "推断": 1, "身份": 1, "信息": 4, "本身": 1, "调查": 1, "携带": 1, "同事": 1, "共事": 1, "5日": 1, "新浪": 1, "科技": 1, "证实": 1, "业界": 1, "这次": 2, "低于": 2, "早前": 1, "披露": 1, "原因": 2, "通讯": 2, "数量": 3, "网络": 10, "交叉": 4, "授权": 6, "降低": 1, "图片": 1, "Android": 1, "Headlines": 1, "数码": 1, "博主": 1, "发文": 1, "5g": 2, "主导": 1, "诺基亚": 17, "正式": 1, "拿下": 2, "30": 5, "份": 8, "合同": 4, "爱立信": 14, "18": 1, "40": 3, "领头羊": 1, "竟然": 1, "弱智": 1, "回复": 1, "赶超": 1, "服": 1, "吃里扒外": 1, "东西": 1, "生在": 1, "屁股": 1, "场": 1, "皿煮": 1, "自由行": 1, "估计": 1, "操行": 1, "lowb": 1, "生活": 1, "网上": 1, "意淫": 1, "京东方": 3, "达成": 3, "协议": 6, "柔性屏": 2, "成都": 4, "21": 1, "市政府": 1, "网站": 1, "获悉": 1, "成都市": 1, "签署": 3, "合作": 7, "进一步": 1, "三方": 1, "深化": 1, "产业": 3, "协同": 1, "携手": 1, "助推": 1, "打造": 1, "新型": 1, "加快": 1, "电子": 1, "集群": 1, "51": 1, "假期": 1, "绑架": 2, "围堵": 1, "美德": 1, "澳": 1, "西方": 1, "32": 1, "代表": 1, "布拉格": 4, "准则": 1, "讨论会": 1, "建立": 3, "维护": 1, "协调": 1, "政策": 1, "措施": 1, "发布": 1, "提案": 4, "指出": 1, "国": 3, "政府": 2, "影响": 2, "供应商": 5, "风险": 1, "剑指": 1, "与会": 1, "各国": 2, "门槛": 1, "包括": 2, "法律": 1, "环境": 1, "生态": 1, "系统": 2, "疯狂": 1, "出击": 1, "四处": 1, "封": 1, "堵华": 1, "不遗余力": 1, "国际": 2, "建设性": 1, "倡议": 1, "尚未": 3, "这是": 3, "危险": 1, "东欧": 1, "诸多": 1, "摇摆不定": 1, "正是": 2, "视野": 1, "共同体": 1, "格局": 2, "最佳": 1, "时机": 1, "单纯": 1, "经济性": 1, "阐述": 1, "…": 1, "当下": 1, "反复": 1, "足以": 1, "说服": 1, "选择": 3, "天平": 1, "倾斜": 1, "加速": 1, "下沉": 1, "公布": 2, "应对": 4, "寻求": 2, "联合": 2, "策略": 2, "官员": 1, "周五": 1, "敲定": 1, "项": 1, "无线": 1, "通用": 2, "方法": 1, "引发": 1, "担忧": 1, "不具": 1, "约束力": 1, "警告": 1, "依赖": 1, "数据": 1, "保护": 1, "第五": 1, "质疑": 1, "自主": 5, "创新": 6, "交": 9, "专利费": 15, "低头": 2, "看法": 1, "知识": 1, "产权": 1, "原则": 1, "承担": 1, "义务": 1, "责任": 1, "收": 4, "系列": 1, "收入": 1, "7000亿": 1, "人民币": 1, "早就": 1, "再次": 1, "分析": 1, "最初": 1, "2G": 2, "3G": 1, "很多": 2, "手": 1, "回去": 1, "难": 1, "对方": 1, "下游": 1, "明白": 1, "吃": 1, "亏": 1, "低": 3, "头": 1, "从来": 1, "做研": 1, "伤害": 1, "女儿": 1, "家门口": 1, "活动": 1, "表演": 1, "合唱": 1, "拍": 2, "太阳": 1, "大雨": 1, "左边": 1, "iPhoneXSMax": 1, "右边": 1, "索尼a73": 1, "腾龙": 1, "2875": 1, "相机": 1, "可惜": 1, "P30Pro​": 1, "国内": 8, "三大": 11, "运营商": 14, "不用": 1, "本来": 2, "想": 1, "抬杠": 1, "爱国主义": 1, "旗号": 1, "列出": 1, "供": 1, "参考": 1, "开源": 1, "渠道": 1, "查证": 1, "这块": 2, "中兴": 8, "上海": 6, "贝尔": 6, "略": 2, "大概": 2, "比例": 1, "35%": 1, "20%": 2, "10%": 1, "设备": 5, "阿尔卡特": 2, "合并": 1, "(": 1, "阿尔卡特朗讯": 2, ")": 1, "收购": 2, "省市": 1, "替换": 1, "掉": 2, "截止": 1, "终究": 1, "签订": 3, "10亿": 1, "欧元": 1, "基于": 1, "核心网": 4, "改造": 3, "/": 1, "4G": 4, "网": 1, "道理": 1, "出售": 1, "基础": 1, "重心": 1, "走": 2, "转移": 1, "原有": 1, "上升级": 1, "节约": 1, "不少": 1, "成本": 1, "联通": 5, "L900": 1, "投标商": 1, "给出": 2, "价格": 1, "报价": 4, "便宜": 1, "二百一十亿": 1, "元": 1, "二百八十多亿": 1, "25%": 1, "22%": 1, "接下来": 1, "拼运": 1, "营商": 1, "抛开": 1, "电信": 6, "国外": 1, "布局": 1, "各方": 1, "订单": 5, "签约": 1, "综合": 1, "讲": 1, "订单量": 1, "43": 1, "16": 1, "关系": 1, "当之无愧": 1, "榜首": 1, "形势": 1, "大好": 1, "商传": 1, "沸沸扬扬": 1, "呼声": 1, "如今": 1, "拿到": 1, "频段": 1, "带宽": 1, "预计": 1, "2020年": 1, "普及": 2, "城市": 1, "试": 1, "到位": 1, "早": 2, "辟谣": 1, "通信商": 2, "颁发": 1, "商用": 1, "牌照": 3, "临时": 1, "5G商": 1, "说白了": 1, "试验网": 1, "大单": 1, "开胃": 1, "菜": 1, "迟迟": 1, "时代": 1, "投资": 1, "收回": 1, "运营商们": 1, "想要": 1, "延长": 1, "周期": 1, "有意": 1, "扶持": 1, "第四": 1, "民资": 1, "入股": 1, "小米": 1, "BAT": 1, "绝不": 1, "开放": 2, "欧洲": 3, "巨头": 1, "算是": 1, "交换": 1, "制定": 2, "肯定": 1, "中国站": 1, "外边": 1, "GPP": 1, "话语权": 1, "事儿": 1, "干": 1, "实际上": 1, "厂家": 1, "绝大部分": 1, "采用": 1, "对象": 1, "近日": 1, "瑞典": 1, "芬兰": 1, "表态": 1, "略知一二": 1, "挂上": 1, "勾": 1, "仅仅": 1, "差": 1, "4%": 2, "智能": 1, "位列": 1, "之间": 1, "差距": 1, "销量": 1, "下滑": 1, "彭博社": 1, "Mark": 1, "一两": 1, "灾难": 1, "老板": 1, "联播": 1, "天空": 1, "镜": 1, "辨识度": 1, "王力宏": 1, "福州": 1, "演唱会": 1, "妹子": 1, "操作": 1, "动作": 1, "熟悉": 1, "P30": 1, "L建华": 1, "Wei业": 1, "成就": 1, "起源于": 1, "点亮": 1, "迸": 1, "发出": 1, "思维": 1, "火花": 1, "勤奋": 1, "时限": 1, "成功": 1, "捷径": 1, "开创": 1, "不曾": 1, "畏惧": 1, "参加": 1, "2019": 1, "大学生": 1, "ICT": 1, "无畏": 1, "探索者": 1, "开启": 1, "勇敢": 1, "新世界": 1, "L华": 1, "至少": 1, "地位": 1, "优势": 1, "足够": 1, "关键": 1, "~": 1}