{"买": 4, "5G": 4, "手机": 11, "选": 2, "华为": 59, "高通5G": 2, "基带": 4, "​": 16, "rayli": 1, "草酱": 1, "墨镜": 2, "种草": 2, "GENTLEMONSTER": 1, "✖️": 1, "携手": 2, "合作": 1, "推出": 2, "可穿戴": 1, "智能": 9, "设备": 4, "系列": 1, "新晋": 1, "偶像": 1, "组合": 1, "UNINEoner": 1, "众多": 1, "艺人": 1, "袁": 1, "姗姗": 1, "林": 1, "": 1, "盘尼西林": 1, "乐队": 1, "李": 1, "晨": 1, "乔欣": 1, "炫酷": 1, "亮相": 1, "！": 20, "彰显": 1, "鲜明": 1, "个性": 1, "独一无二": 1, "自我": 1, "风格": 1, "波墨镜": 1, "~": 1, "郑州": 7, "爆料": 1, "厉害": 2, "国际": 3, "郑": 1, "马云": 1, "投资": 4, "2000": 1, "亿": 2, "；": 10, "块": 1, "儿地": 1, "京东": 3, "一块": 1, "刚刚": 1, "：": 17, "🏅": 1, "世界": 5, "乒乓球": 1, "比赛": 1, "机会": 2, "国家": 4, "金": 1, "南": 1, "将军": 1, "公司": 5, "演讲": 1, "队伍": 1, "灵魂": 1, "血性": 1, "上半部": 1, "L军": 1, "武季": 1, "视频": 13, "爱上": 1, "人工": 7, "大会": 2, "亮点": 1, "抢先": 1, "AI+ART": 1, "融合": 2, "童话": 1, "2019年": 1, "本周": 1, "开幕": 1, "在即": 1, "位于": 2, "徐汇": 1, "滨江": 1, "油罐": 1, "艺术": 2, "中心": 4, "1": 1, "、": 25, "2号馆": 1, "阿里巴巴": 1, "企业": 8, "艺术化": 1, "生活化": 1, "视角": 1, "带来": 1, "公众": 1, "亲密": 1, "接触": 1, "打造": 4, "科技": 4, "文化": 1, "生活": 4, "主题": 1, "现场": 1, "来源": 3, "上观": 1, "新闻": 1, "海沙尔": 1, "摄影": 1, "报道": 1, "O": 2, "网页": 1, "链接": 4, "华为链": 1, "八大": 1, "生态": 2, "车机": 2, "全新": 3, "框架": 1, "供应链": 1, "搭建": 1, "方向": 1, "地图": 2, "十月份": 1, "发布": 8, "自动": 1, "驾驶": 1, "都": 10, "系统": 1, "底层": 1, "永远": 1, "低估": 1, "P30Pro": 2, "能力": 3, "拆": 1, "礼物": 1, "gentlemonster": 1, "联名": 1, "🕶️": 1, "听": 1, "音乐": 1, "电话": 1, "很": 5, "显脸": 1, "小​": 1, "名": 3, "拥有": 1, "时装": 1, "品牌": 8, "专业": 1, "服装": 1, "设计师": 1, "智利": 1, "女排队": 1, "队员": 1, "丹尼尔拉·布拉沃": 1, "一个": 2, "从不": 1, "设限": 1, "运动员": 1, "勇敢": 1, "追梦者": 1, "戳": 2, "遇见": 1, "人生": 1, "擅长": 1, "运动": 1, "____": 1, "L华": 3, "终端": 3, "官方": 4, "酷燃": 1, "P30": 1, "11": 1, "艺术家": 1, "未来": 4, "影像": 3, "创": 1, "打破": 1, "创作": 1, "边界": 1, "记录者": 1, "心中": 1, "______": 1, "想": 3, "HUAWEIHiCar": 1, "AI": 2, "通讯": 1, "汽车": 2, "共享": 1, "车": 1, "场景": 1, "无缝": 1, "互联": 1, "体验": 2, "快": 1, "探": 1, "究竟": 1, "L玩机": 1, "技巧": 1, "秒拍": 3, "在线": 1, "麒麟": 3, "芯片": 15, "9月": 3, "6日": 2, "德国": 2, "柏林": 1, "IFA2019": 1, "揭晓": 1, "中国": 18, "挑战": 3, "美": 3, "巨头": 3, "王牌": 2, "首款": 3, "高端": 1, "事件": 1, "持续": 2, "发酵": 1, "外媒": 4, "这是": 3, "这家": 1, "电信": 1, "先进": 1, "技术": 6, "领域": 1, "硅谷": 1, "最新": 2, "尝试": 1, "美国": 11, "华尔街": 1, "日报": 1, "刊文": 1, "称": 3, "款": 2, "推进": 2, "减少": 1, "依赖": 1, "目标": 4, "制造商": 1, "生产": 1, "处理器": 2, "雄心": 1, "O挑战": 1, "发展": 5, "迅猛": 1, "近日": 1, "轮值": 1, "董事长": 1, "徐直军": 1, "接受": 1, "采访": 1, "这几年": 1, "很快": 1, "缺": 1, "钱": 2, "决策": 2, "简单": 2, "徐": 3, "直军": 2, "流程": 1, "半年": 1, "一家": 1, "上市": 1, "挣": 1, "还要": 2, "写": 1, "检讨": 1, "战略": 1, "投入": 2, "达芬奇": 1, "架构": 2, "立项": 1, "自上而下": 1, "自下而上": 1, "根源": 1, "感知": 1, "近期": 2, "原因": 3, "第一": 4, "多年": 1, "备胎": 1, "一下子": 1, "琳琅满目": 1, "冲击力": 1, "第二": 1, "客户": 2, "放心": 2, "部件": 1, "宣传": 1, "低调": 1, "放过": 1, "相关": 1, "感到": 1, "很多": 3, "海思": 1, "设计": 1, "人员": 1, "管理": 1, "机制": 1, "老板": 1, "慷慨": 1, "自然": 1, "产出": 1, "随便": 1, "据说": 1, "下周": 1, "五": 1, "新一代": 2, "领先": 5, "辽解": 1, "质量": 2, "恒大": 2, "...": 2, "扎堆儿": 1, "入驻": 2, "辽宁": 1, "沈抚": 5, "新区": 6, "潜力": 1, "无限": 1, "沈阳市": 1, "抚顺市": 1, "城": 1, "之间": 1, "距离": 2, "沈阳": 1, "市中心": 2, "23": 1, "公里": 2, "抚顺": 1, "16": 1, "规划": 1, "面积": 1, "171": 1, "平方公里": 1, "区域": 1, "矗立": 1, "生命": 1, "环": 1, "地标": 1, "建筑": 1, "2018年": 2, "国务院": 1, "正式": 3, "批复": 1, "改革": 1, "创新": 2, "示范区": 1, "建设": 2, "方案": 1, "高速": 1, "六大": 1, "主导": 1, "产业": 8, "集群": 1, "初具规模": 1, "围绕": 6, "健康": 1, "100亿": 2, "元": 9, "养生": 1, "谷": 1, "期": 1, "主体": 1, "工程": 1, "封顶": 1, "大数据": 1, "数字": 1, "经济": 3, "产业园": 1, "运行": 1, "签约": 2, "64": 1, "孵化": 1, "培育": 1, "产值": 1, "超过": 3, "东北": 1, "地区": 1, "建立": 2, "基地": 1, "挂牌": 1, "运营": 2, "8月": 1, "9日": 1, "全球": 11, "上线": 1, "仪式": 1, "制造": 1, "罕王": 1, "微电子": 1, "8": 2, "英寸": 1, "MEMS": 1, "生产线": 1, "泊宝": 1, "工业": 1, "机器人": 1, "项目": 8, "广泰": 1, "真空": 1, "装备": 1, "投产": 1, "金融": 3, "120亿": 1, "瀚华": 1, "小镇": 1, "开工": 1, "银行": 3, "辽宁省": 1, "担保": 1, "集团": 2, "一批": 1, "机构": 2, "纷纷": 1, "引入": 1, "10": 1, "支": 1, "基金": 1, "募集": 1, "资金": 1, "规模": 1, "158亿": 1, "总部": 1, "平台": 4, "全力": 3, "电商": 1, "交易": 1, "线下": 1, "七大": 1, "省属": 1, "国企": 1, "落户": 1, "截至": 1, "招商": 2, "引资": 2, "234": 1, "签约额": 1, "1685.5亿": 1, "百亿": 1, "50亿": 1, "14": 1, "10亿": 1, "26": 1, "99": 1, "记者": 1, "孙超": 1, "文鹏": 1, "想要": 1, "与众不同": 1, "情侣": 1, "复古": 1, "相片": 1, "nova5": 2, "Ta一起": 1, "回到": 1, "上世纪": 1, "奇妙": 1, "夜": 1, "强大": 1, "人像": 1, "超级": 1, "夜景": 1, "模式": 1, "留下": 1, "百年": 1, "秘密": 1, "nova": 2, "夜色": 3, "自拍": 2, "大赛": 2, "去年": 1, "制裁": 2, "中兴": 2, "爱立信": 1, "顶住": 1, "预警": 1, "通信": 1, "棒": 1, "外国人": 3, "喜欢": 1, "苹果": 2, "拍摄于": 1, "3月": 1, "Lhey": 1, "信誓": 1, "蛋蛋": 1, "​​​": 2, "反暴": 1, "救港": 1, "香港": 3, "女议员": 1, "言论": 2, "一针见血": 3, "三观": 2, "利用": 2, "看哭": 1, "女": 1, "议员": 1, "政见": 1, "希望": 1, "面对": 2, "压力": 1, "外国": 2, "打压": 2, "祖国": 1, "爱": 1, "抱歉": 1, "滚": 1, "?L": 1, "今日": 1, "宜宾": 1, "消息": 2, "IF": 1, "A展会": 1, "双色": 1, "黑白配": 1, "好看": 1, "阵子": 1, "素色": 1, "机型": 1, "产品": 4, "简介": 1, "马上": 1, "就要": 2, "开学": 1, "同学": 1, "大学": 2, "好玩": 1, "电子": 1, "讨论": 1, "平板": 1, "电脑": 1, "评分": 1, "O网页": 2, "拍摄": 2, "重庆": 1, "虎溪": 1, "校区": 1, "松下": 1, "GH5": 1, "索尼": 1, "A7M3BGM": 1, "ES_The": 1, "Most": 1, "ImportantTreasure-JosefBelHabibLTEST": 1, "V值": 1, "值得": 2, "任正非": 6, "营收": 2, "大涨": 1, "归结": 2, "中国人": 1, "同情": 3, "公开": 1, "上半年": 2, "挺": 1, "付": 1, "货款": 1, "销量": 1, "增大": 1, "显得": 1, "现金流": 1, "并非": 1, "真实": 1, "众所周知": 1, "突破": 1, "4000亿": 1, "卖": 2, "1.18亿": 1, "涨": 1, "24%": 1, "如今": 1, "增长": 1, "处于": 1, "危机": 3, "关头": 1, "成绩": 1, "面前": 1, "跳出": 1, "冷静": 1, "清醒": 1, "佩服": 1, "地方": 1, "代表": 1, "消费者": 2, "国产货": 1, "进口": 1, "差": 1, "太": 1, "首选": 1, "国产": 2, "爱国": 1, "情怀": 1, "不用": 1, "怀疑": 1, "真的": 2, "找找": 1, "差距": 1, "审视": 1, "崇洋媚外": 1, "找": 1, "理由": 1, "高通": 3, "集成5G": 2, "毫无疑问": 1, "特朗普": 1, "干嘛": 1, "一天到晚": 1, "过不去": 1, "活动": 1, "将要": 1, "这次": 2, "首发": 1, "ARM": 1, "A77": 1, "陆续": 1, "透露": 1, "信息": 1, "冠以": 1, "麒麟990": 1, "称号": 1, "命名": 1, "这不": 1, "麒麟980": 1, "小幅": 1, "升级版": 1, "产业链": 1, "给出": 1, "内幕": 1, "显示": 2, "商用": 1, "7nm+": 1, "工艺": 1, "厂商": 1, "粉丝": 1, "日夜": 1, "反黑": 1, "暗无天日": 1, "晕头转向": 1, "那厢": 1, "茶几们": 1, "按头杜华": 1, "太子": 1, "一掷千金": 1, "买下": 1, "瓜组": 1, "🐮🍺": 1, "越战越勇": 2, "致敬": 2, "前天": 1, "英伦": 1, "总裁": 2, "G7": 1, "段": 1, "精警": 1, "指": 1, "美元": 7, "末日": 2, "到来": 2, "现有": 1, "体系": 2, "多种": 1, "货币": 2, "新兴": 1, "取代": 1, "评论": 1, "英国": 2, "历来": 1, "传统": 1, "盟友": 1, "一口气": 1, "央行": 1, "高层": 1, "发自": 1, "内心": 1, "意见": 1, "出口": 1, "胆识": 1, "严重性": 1, "显露": 1, "无遗": 1, "说出": 1, "当下": 1, "确实": 2, "起码": 1, "霸权": 1, "地位": 2, "回头": 1, "备受": 1, "赚": 1, "小钱": 1, "战胜": 1, "推荐": 1, "3": 1, "分钟": 1, "看懂": 1, "2010.3-2019.2": 1, "9": 1, "市场": 3, "份额": 2, "排名": 1, "变迁": 1, "诺基亚": 1, "渐渐": 1, "退出": 1, "小米": 4, "后起之秀": 1, "位居": 1, "前列": 1, "详情": 1, "请戳": 1, "Unknown": 1, "统计": 1, "过程": 1, "未知": 1, "DataRanker": 1, "数据": 1, "Statcounter": 1, "L福布斯": 1, "中文网": 1, "亚洲": 2, "500": 2, "新榜": 1, "韩": 1, "入榜": 1, "最多": 1, "权威": 1, "研究": 1, "入选": 1, "数量": 1, "居": 1, "三": 1, "日本": 2, "韩国": 1, "丰田": 1, "为首": 1, "电网": 1, "工商": 1, "分列": 1, "二三": 1, "依次": 1, "海尔": 1, "本田": 1, "腾讯": 1, "三星": 1, "人寿": 1, "石油": 1, "新闻网": 1, "网友": 2, "蛋疼": 1, "自行": 2, "组织": 3, "遛猴": 1, "联盟": 1, "捧杀": 3, "抹黑": 1, "动静": 1, "阴谋论": 1, "猜测": 1, "背后": 1, "不良": 1, "动机": 1, "网络": 1, "暴力": 1, "亚于": 1, "现实": 1, "威胁": 1, "恐吓": 1, "打架": 1, "斗殴": 1, "预谋": 1, "挑衅": 1, "群体": 1, "归于": 1, "黑社会": 1, "性质": 1, "团伙": 1, "千万": 1, "肯定": 1, "回应": 1, "知情": 1, "无关": 1, "提升": 1, "做法": 1, "背锅": 1, "海军": 1, "花粉": 1, "厌恶": 1, "有数": 1, "不再": 1, "80%": 1, "党": 1, "朋友": 1, "发": 1, "注销": 2, "账号": 3, "无所谓": 1, "粉丝量": 1, "不大": 2, "影响力": 1, "二来": 1, "条": 1, "只能": 1, "掩耳盗铃": 1, "X心虚": 1, "百日": 1, "自救": 1, "4月": 1, "余承东": 1, "定下": 1, "全年": 1, "荣耀": 1, "四": 1, "5月": 2, "禁止": 1, "影响": 1, "业务": 1, "远": 1, "想象": 1, "包括": 1, "自己人": 1, "在内": 1, "场": 1, "寻找": 1, "起点": 1, "100": 1, "16日": 1, "恰当": 1, "那天": 1, "列入": 1, "实体": 1, "清单": 1, "甲板": 1, "舞池": 1, "摇曳": 1, "秘语": 1, "Ta": 1, "留住": 1}