{"你好": 1, "明天": 1, "华为": 113, "海思": 24, "总裁": 4, "员工": 5, "发人深省": 1, "美国": 79, "芯片": 28, "封锁": 5, "多年": 3, "备胎": 30, "夜": 7, "转正": 3, "核心": 2, "技术": 16, "、": 49, "买": 1, "讨": 1, "关键": 8, "领域": 4, "卡脖子": 1, "独立自主": 1, "中国": 47, "坚定": 2, "支持": 7, "经济": 5, "全球化": 1, "现代化": 1, "押宝": 1, "别人": 1, "身上": 1, "现实": 1, "很": 8, "残酷": 1, "老师": 1, "：": 11, "科技": 6, "自立": 2, "自强不息": 3, "！": 13, "​": 12, "美": 12, "经贸": 6, "新华": 1, "微评": 1, "万众一心": 4, "中华": 1, "有为": 1, "滥用": 3, "国家": 16, "力量": 6, "蓄意": 1, "抹黑": 1, "打压": 6, "竟然": 1, "紧急": 5, "状态": 5, "滑天下之大稽": 1, "霸凌": 3, "行径": 2, "合乎": 1, "市场": 17, "规则": 5, "公平": 2, "原则": 2, "相关": 3, "企业": 34, "答案": 1, "都": 10, "No": 3, "得道多助": 1, "失道寡助": 1, "；": 7, "做法": 3, "不得人心": 1, "中国人": 3, "向来": 1, "惹事": 1, "启用": 1, "也许": 1, "正是": 1, "凤凰": 1, "涅槃": 1, "弯道": 1, "超车": 1, "良机": 1, "忧劳": 1, "兴国": 1, "做好": 2, "无惧风雨": 1, "人民": 6, "日报": 2, "招": 4, "时刻": 8, "顶": 4, "大用": 4, "未雨绸缪": 3, "打造": 4, "看似": 2, "闲棋": 2, "面对": 7, "摩擦": 3, "坏": 2, "早": 4, "预判": 2, "风险": 5, "挑战": 2, "爆发": 2, "惊人": 2, "众志成城": 2, "强大": 2, "O": 3, "人民日报": 1, "贸易战": 3, "底气": 2, "份": 11, "权威": 10, "榜单": 15, "5月": 8, "17日": 13, "刷屏": 5, "朋友圈": 4, "无奈": 4, "国产": 8, "股": 4, "沸腾": 4, "半导体": 17, "行业": 12, "协会": 6, "发布": 7, "2018年": 7, "集成": 5, "电路": 5, "产业": 8, "环节": 3, "十大": 3, "公司": 38, "不乏": 3, "上市": 5, "科创板": 3, "受理": 3, "跻身": 3, "世界": 7, "巨头": 5, "供应链": 5, "道路": 3, "求索": 3, "未来": 7, "电子": 3, "信息": 6, "或许": 6, "给予": 3, "机会": 3, "假以时日": 3, "迎来": 3, "高光": 3, "证券": 2, "报O": 1, "很多": 1, "只能": 1, "整机厂": 1, "资格": 1, "严峻": 1, "中兴": 3, "敲响": 1, "警钟": 1, "赢得": 1, "整机": 1, "厂商": 5, "关注": 1, "目光": 1, "替代": 5, "空间": 3, "广阔": 1, "O华": 3, "证券报": 2, "大部分": 1, "停止": 2, "供货": 1, "安卓": 1, "系统": 3, "授权": 1, "……": 3, "真华": 1, "手机": 3, "自研": 1, "鸿蒙": 1, "真的": 4, "居安思危": 1, "太": 1, "大局": 1, "思维": 1, "心往": 1, "想": 2, "劲往": 1, "障碍": 1, "阻挡": 1, "追梦": 1, "脚步": 1, "打乱": 1, "筑": 1, "梦": 1, "节奏": 1, "论坛": 1, "致信": 3, "美方": 8, "供应商": 9, "股价": 7, "大跌": 2, "凌晨": 2, "列入": 6, "美国商务部": 9, "工业": 3, "安全局": 3, "(": 2, "BIS": 2, ")": 2, "实体名单": 4, "云淡风轻": 1, "季节": 1, "做出": 2, "极限": 2, "生存": 3, "假设": 2, "预计": 2, "先进": 1, "持续": 2, "客户": 5, "服务": 7, "永远": 1, "发生": 1, "数千": 2, "儿女": 4, "走": 1, "科技史": 1, "最为": 1, "悲壮": 1, "长征": 1, "日夜": 1, "星夜兼程": 1, "艰苦": 1, "前行": 1, "历史": 4, "选择": 1, "之间": 1, "开放": 1, "创新": 4, "据悉": 1, "透露": 1, "封杀": 2, "计划": 3, "业务": 2, "依赖度": 1, "暴跌": 1, "超过": 2, "两成": 1, "数据": 6, "显示": 6, "有约": 1, "1/3": 1, "美企": 1, "产品": 4, "回": 1, "卖给": 1, "去年": 1, "美洲": 1, "营收": 3, "贡献率": 1, "6.6%": 1, "L央视": 1, "财经": 4, "酷燃": 1, "视频": 6, "福建": 1, "蓝": 1, "眼泪": 1, "海滩": 2, "夏日": 1, "限定": 1, "荧光": 1, "心愿单": 1, "带上": 1, "P30": 1, "Pro": 1, "才": 2, "荧光海": 1, "正确": 1, "打开": 1, "方式": 2, "~": 1, "影像": 1, "昨天": 3, "仔细": 1, "想想": 1, "好像": 2, "第一": 15, "联想": 8, "内部": 6, "人士": 6, "辟": 1, "谣断": 1, "供华": 1, "电脑": 5, "今日": 1, "消息": 3, "称": 6, "疑似": 1, "断供": 2, "办公": 2, "援引": 1, "爆料": 1, "采购": 2, "全都": 1, "设备": 11, "页面": 1, "下线": 1, "记者": 3, "否认": 1, "供": 1, "谣言": 2, "O传": 1, "践踏": 2, "游戏": 1, "作法": 1, "光彩": 1, "自诩": 1, "讲": 1, "市场经济": 2, "公然": 2, "针对": 3, "交易令": 2, "国际": 3, "舆论": 2, "哗然": 1, "抛弃": 1, "起码": 1, "商业": 4, "动用": 2, "机器": 1, "他国": 1, "前所未有": 1, "高科技": 2, "发展": 5, "带入": 1, "至暗": 2, "日子": 6, "一个": 6, "关心": 1, "国运": 1, "团结": 1, "奋斗": 1, "精神": 1, "消费者": 2, "华为人": 1, "这是": 3, "场": 4, "不见": 1, "烽烟": 1, "争夺": 2, "制高点": 2, "仗": 1, "打赢": 1, "生死存亡": 1, "硬": 1, "道理": 1, "自主": 1, "千斤顶": 1, "扭转": 1, "被动": 1, "摆脱": 1, "困境": 1, "归根到底": 1, "优势": 4, "政客": 2, "明枪暗箭": 1, "无非": 1, "控制": 1, "5G": 15, "时代": 3, "霸权": 1, "战略": 2, "战术": 1, "撒手锏": 1, "人类": 1, "社会": 1, "全球": 13, "共享": 1, "文明": 4, "贡献": 1, "关乎": 1, "秩序": 2, "法律": 4, "世贸": 1, "玩弄": 1, "股掌": 1, "强权": 1, "在握": 1, "长臂": 2, "管辖": 2, "大棒": 2, "打击": 1, "对手": 2, "利益": 3, "撕下": 1, "遮羞布": 1, "粗暴": 1, "扰乱": 1, "相比之下": 1, "恪守": 1, "道德": 1, "遵守": 1, "公约": 1, "各国": 1, "法规": 1, "众多": 2, "认可": 1, "民众": 2, "提供": 8, "高效": 1, "证明": 1, "全人类": 1, "福": 1, "搞": 1, "贸易": 5, "保护主义": 2, "名": 3, "法治": 1, "信用": 1, "祸": 1, "超出": 1, "层面": 2, "考验": 1, "意志": 1, "守": 1, "承诺": 1, "拒绝": 2, "承认": 2, "地位": 1, "政府": 6, "欲": 1, "置": 1, "死地": 1, "而后": 1, "快": 6, "遭受": 1, "池鱼之殃": 1, "业界": 2, "翻云覆雨": 1, "不时": 1, "释放": 1, "骗": 1, "谈判": 1, "代表团": 1, "刷新": 1, "不宣而战": 1, "开脱": 1, "责任": 1, "国内": 1, "欺骗": 1, "掩耳盗铃": 1, "伎俩": 1, "清醒": 1, "足够": 1, "必胜": 1, "信心": 1, "平凡": 1, "英雄": 2, "何庭波": 1, "致华": 1, "收阅": 1, "回顾": 1, "华夏": 1, "创业": 1, "发现": 2, "不屈": 1, "外部": 1, "压力": 2, "大地": 1, "风雨无阻": 1, "走过": 1, "王立彬": 1, "库存": 1, "至少": 1, "缓冲": 1, "蝉联": 3, "设计": 7, "紫光": 2, "展锐": 2, "第二": 1, "位置": 1, "涉及": 1, "共有": 1, "六": 1, "韦尔": 1, "股份": 1, "收购": 2, "豪威": 1, "第三": 1, "拥有": 1, "三": 1, "IC": 1, "华大": 1, "第五": 1, "通讯": 2, "控股": 1, "子公司": 1, "微电子": 1, "第六": 1, "汇顶": 1, "第七": 1, "士兰": 1, "第八": 1, "北京": 4, "君正": 1, "发起": 2, "矽成": 3, "第九": 1, "面孔": 1, "截至": 1, "预估": 1, "基准日": 1, "12月": 1, "31日": 1, "估值": 1, "71.97亿": 1, "元": 1, "深夜": 1, "发文": 1, "保密柜": 1, "揭晓": 1, "制造": 4, "封测": 2, "功率": 1, "器件": 5, "MEMS": 1, "材料": 1, "三星": 6, "英特尔": 6, "华": 1, "榜首": 1, "江苏": 1, "新潮": 1, "详见": 1, "事件": 1, "转型": 1, "1.": 1, "感动": 1, "外国": 1, "专家": 2, "怀疑": 1, "童话": 1, "提": 1, "cadence": 1, "sy": 1, "nopsys": 1, "工具": 1, "软件": 1, "数模": 1, "转换": 1, "难题": 1, ".": 2, "备货": 1, "士气": 1, "不错": 1, "操作": 1, "顶住": 1, "3": 2, "银行": 1, "巨量": 1, "贷款": 1, "额度": 1, "撑": 1, "长": 1, "时间": 3, "供应": 2, "商会": 1, "困难": 1, "产业链": 1, "牵连": 1, "抗住": 1, "影响": 6, "估计": 1, "增长率": 1, "降低": 2, "1%": 1, "不宜": 1, "乐观": 1, "损失": 2, "很快": 2, "明白": 1, "4.": 1, "模式": 1, "战争": 1, "反击": 1, "挨打": 1, "可用": 1, "牌": 1, "品牌": 4, "生意": 2, "启动": 1, "宝洁": 1, "苹果": 2, "通用": 6, "好莱坞": 1, "份额": 2, "留出": 1, "分给": 1, "内资": 1, "就算": 1, "框架": 1, "弄": 1, "禁止": 4, "依据": 1, "5.": 1, "台积电": 2, "台湾": 2, "跑": 1, "合伙": 1, "禁运": 1, "激烈": 1, "威慑": 1, "导弹": 1, "袭击": 1, "崩溃": 1, "解放": 1, "可选": 1, "方案": 2, "告别": 1, "我国": 1, "打的": 2, "倒": 1, "敬重": 1, "希望": 1, "渡过": 1, "难关": 1, "澳大利亚": 1, "大洋路": 1, "一日游": 1, "日落": 1, "发": 1, "点赞": 1, "澳大利亚·墨尔本": 1, "超": 3, "重回": 3, "大厂": 4, "增长": 7, "研究": 2, "调查": 2, "机构": 2, "ICInsights": 2, "2019年": 4, "季度": 3, "超越": 2, "旗下": 2, "17.55亿": 2, "美元": 9, "同比": 2, "41%": 2, "15大": 2, "排名": 2, "第14": 2, "L": 2, "秒拍": 2, "日前": 1, "上海": 2, "携手": 1, "陆家嘴": 1, "中心": 2, "基于": 2, "5G室": 1, "内": 2, "数字": 1, "+": 3, "五星": 1, "购物": 2, "顾客": 1, "体验": 2, "网络": 4, "Gbps": 1, "速率": 1, "高清": 2, "通话": 1, "智能": 3, "机器人": 1, "导购": 1, "送货": 1, "目的地": 1, "指引": 1, "覆盖": 1, "区域": 1, "AI人脸": 1, "识别": 1, "8K": 1, "室内": 1, "精准": 1, "导航": 1, "客流": 1, "动向": 1, "分析": 5, "L华": 1, "商务部": 9, "缩减": 4, "90": 4, "临时": 5, "执照": 5, "路透社": 3, "报道": 3, "为期": 1, "此举": 1, "意味着": 1, "购买": 8, "美国商": 1, "品": 1, "现有": 1, "15日": 4, "总统": 3, "签署": 3, "行政令": 5, "实体": 4, "清单": 4, "出售": 1, "许可": 3, "特批": 1, "目标": 2, "非华": 1, "连带": 1, "官员": 1, "凯文·沃尔夫": 1, "元器件": 1, "发放": 1, "单独": 1, "许可证": 1, "发言人": 1, "难": 1, "O美": 1, "荷兰": 2, "表态站": 1, "衡量": 1, "关系": 1, "光刻机": 2, "生产": 3, "基础": 2, "外交": 2, "一家": 2, "跨国公司": 1, "某种": 1, "程度": 1, "荣耀": 1, "对抗": 1, "经济体": 1, "唯一": 1, "超级大国": 1, "本来": 1, "代表": 1, "带来": 6, "负面": 3, "实施": 2, "出口": 7, "管制": 7, "干扰": 1, "经营": 1, "电信": 9, "引发": 2, "担忧": 1, "下属": 1, "转让": 2, "销售": 1, "危害": 1, "政策": 1, "颁发": 1, "举动": 1, "硅谷": 2, "初创": 1, "美股": 1, "收盘": 3, "高通": 5, "博通": 1, "美光": 2, "佳讯": 3, "科尔沃": 3, "西林克斯": 3, "飞通": 4, "走低": 2, "措施": 1, "焦虑": 1, "情绪": 1, "举措": 1, "并未": 1, "好处": 1, "连续": 1, "下跌": 4, "每股": 5, "86.26": 1, "81.50": 1, "相比": 1, "新兴": 1, "冲击": 2, "显得": 1, "更为": 1, "脆弱": 1, "MKM同仁": 1, "评级": 1, "买入": 1, "降为": 1, "中性": 1, "价格": 1, "9": 1, "4.5": 1, "股票": 1, "16日": 4, "重挫": 1, "20.63%": 1, "15.42%": 1, "收盘价": 1, "3.84": 1, "位于": 1, "加州": 1, "高速": 1, "发送器": 1, "年报": 2, "2018": 3, "财年": 5, "收入": 2, "46%": 1, "附属": 1, "2017": 2, "增加": 1, "6": 2, "百分点": 1, "通信": 1, "射频": 3, "商思": 1, "10%": 2, "净收入": 3, "8%": 1, "现场": 1, "编程": 1, "阵列": 1, "FPGA": 1, "26%": 1, "立刻": 1, "感受": 1, "下挫": 1, "6.04%": 1, "7.14%": 1, "7.27%": 1, "4.84%": 1, "6.14%": 1, "1.29%": 1, "实际上": 1, "不景气": 1, "第四": 1, "大幅": 1, "下降": 1, "增速": 1, "位数": 1, "下滑": 1, "个位数": 1, "人工": 2, "有望": 1, "亮点": 1, "背景": 1, "无疑": 1, "雪上加霜": 1, "瑞穗": 1, "分析师": 1, "维贾伊·拉凯什": 1, "报告": 1, "立竿见影": 1, "占": 1, "设施": 1, "20%": 1, "30%": 1, "存储器": 1, "解决": 1, "零部件": 3, "供给": 1, "品上": 1, "支出": 1, "700亿": 1, "110亿": 1, "流向": 1, "主席": 1, "约翰·诺伊弗": 1, "发表": 1, "声明": 1, "敦促": 1, "透明": 1, "听取": 1, "产业界": 1, "意见": 1, "运营商": 4, "农村": 2, "地区": 2, "小型": 3, "长罗斯": 1, "接受": 1, "彭博": 1, "电视台": 1, "采访": 1, "短期": 1, "找到": 1, "更换": 1, "难以": 2, "无缝": 1, "麻省": 1, "理工": 1, "学院": 1, "媒体": 4, "实验室": 1, "主任": 1, "尼古拉斯·尼葛洛": 1, "庞帝": 1, "本月": 1, "初": 1, "撰文": 1, "年内": 1, "尼葛洛庞帝": 1, "九成": 1, "无线": 1, "爱立信": 1, "诺基亚": 1, "集中度": 1, "成本": 1, "面临": 3, "破产": 1, "危险": 1, "就业": 1, "不利": 1, "会长": 1, "贾森·奥克斯曼": 1, "打击面": 1, "证据": 1, "预料": 1, "后果": 5, "周舟": 1, "下手": 2, "计": 2, "意想不到": 2, "近日": 1, "接连": 2, "出招": 2, "买卖": 2, "两头": 2, "围堵": 2, "先是": 2, "特朗普": 2, "实质": 2, "随后": 2, "周四": 2, "68": 2, "关联": 2, "——": 2, "批准": 2, "谚语": 1, "吹牛": 1, "说谎": 1, "同宗": 1, "谬妄": 1, "例证": 1, "当局": 1, "以卫": 1, "道士": 1, "姿态": 1, "自称": 1, "自由": 1, "典范": 1, "幌子": 1, "设置": 1, "壁垒": 1, "不少": 1, "担心": 1, "盟友": 3, "施加": 1, "天后": 1, "就此": 1, "跟风": 1, "天下": 1, "苦": 1, "霸": 2, "夏天": 1, "到来": 1, "霸凌主义": 1, "逆流": 1, "寒意": 1, "再次": 1, "概念": 1, "此前": 1, "出尔反尔": 1, "施压": 1, "大肆": 1, "挥舞": 1, "加征": 1, "关税": 1, "屡屡": 1, "升级": 1, "导致": 1, "磋商": 1, "受挫": 1, "剧烈": 1, "波动": 1, "挑起": 1, "黑云": 1, "压城": 1, "山雨欲来风满楼": 1, "给出": 1, "回答": 1, "不得不": 1, "维护": 1, "主权": 1, "尊严": 1, "O天下苦": 1, "O英特尔": 1, "1": 1, "深谋远虑": 1, "决心": 1, "让步": 1, "没用": 1, "早晚": 1, "极限战": 1, "暂时": 1, "存货": 1, "半年": 1, "能力": 1, "4": 1, "BB": 1, "硬件": 1, "不用": 1, "战时": 1, "体制": 1, "5": 1, "攻打": 1, "山头": 1, "试图": 1, "摧毁": 1, "条": 1, "防线": 1, "过苦": 1, "心理": 1, "一块": 1, "肉": 1, "餐": 1, "吃": 1, "娇气": 1, "回应": 1, "侠客岛": 1, "这两天": 1, "全世界": 1, "头版": 1, "头条": 1, "陷入": 1, "狠": 1, "目的": 1, "可见一斑": 1, "只不过": 1, "当年": 1, "阿尔斯通": 1, "重蹈": 1, "法国": 1, "覆辙": 1, "O侠": 1, "客岛": 1}