{"小樽": 1, "雪": 1, "海": 1, "交界": 1, "photobymate20pro#": 1, "Mate20": 2, "影力": 1, "觉醒": 1, "@": 6, "华为": 65, "终端": 8, "官方": 3, "​": 20, "LG": 3, "苹果": 21, "英特尔": 3, "阵营": 4, "支持": 6, "韩国": 3, "高通": 5, "罚款": 3, "9亿": 2, "美元": 5, "电子": 3, "、": 22, "公平": 1, "贸易": 1, "委员会": 1, "公司": 15, "处以": 1, "1.03万亿": 1, "韩元": 1, "(": 1, "9.15亿": 1, ")": 1, "反垄断": 1, "业内": 1, "观察家": 1, "称": 4, "此次": 1, "FTC": 1, "谈判": 1, "顺利": 1, "OLG": 1, "官媒": 1, "评": 1, "禁止": 2, "员工": 3, "买": 8, "手机": 18, "：": 15, "国货": 2, "违法": 2, "购买": 2, "商品": 4, "市场": 6, "消费": 3, "自由": 2, "国家": 5, "进口": 1, "买卖": 2, "组织": 1, "都": 7, "轻易": 1, "干涉": 2, "就此而言": 1, "出台": 1, "禁买令": 1, "影响": 1, "升职": 1, "威胁": 1, "强力": 1, "落实": 1, "自由权": 1, "粗暴": 1, "经营": 1, "损害": 2, "诸如": 1, "劳动法": 1, "调节": 1, "法律": 1, "法制": 1, "O官": 1, "媒评": 1, "赚钱": 2, "季": 1, "参考": 1, "消息": 1, "爱国": 7, "名义": 2, "禁": 3, "骨气": 2, "蹭": 2, "热点": 3, "2018年": 4, "故事": 1, "多半": 1, "围绕": 1, "展开": 1, "民族": 1, "企业": 5, "很多": 2, "一个": 7, "争论": 1, "话题": 2, "不用": 1, "产品": 5, "对此": 1, "上纲": 1, "上线": 2, "不必": 1, "放大镜": 1, "人为": 1, "拔高": 1, "贬低": 1, "O以": 1, "别人": 1, "冷嘲热讽": 2, "跪舔": 1, "傻X": 1, "大江": 1, "大河": 1, "回首": 1, "改革": 1, "开放": 2, "40年": 1, "中国人": 2, "多穷": 1, "国外": 3, "贵": 1, "中国": 14, "多难": 1, "！": 17, "一穷二白": 1, "乡下人": 1, "全球": 5, "通信": 1, "第一": 4, "美国": 7, "政府": 1, "嫉恨": 1, "这是": 1, "克服": 1, "艰难险阻": 1, "资格": 1, "智选品": 3, "鉴会": 3, "领域": 5, "IoT": 9, "实验室": 5, "方舟": 3, "正式": 2, "启动": 1, "5": 1, "区域": 1, "占地": 1, "面积": 1, "1000": 1, "平方米": 1, "国内": 3, "面向": 2, "合作": 7, "伙伴": 3, "平台": 1, "赋予": 1, "智能": 7, "内涵": 1, "送给": 1, "行业": 1, "份": 2, "大礼": 1, "很": 2, "好奇": 1, "投入": 1, "解析": 1, "董事长": 3, "首谈": 2, "孟晚舟": 6, "事件": 6, "运转": 3, "坚强": 3, "12月": 3, "25日": 1, "上午": 1, "梁华": 3, "5G": 2, "业务": 3, "发展": 1, "做出": 1, "回应": 1, "业绩": 1, "情况": 2, "发生": 1, "提到": 1, "自发": 1, "制作": 1, "印有": 1, "灯塔": 1, "守候": 1, "晚": 1, "舟早": 1, "归航": 1, "杯子": 1, "表达": 1, "挂念": 1, "运作": 2, "工作": 1, "聚焦": 1, "服务": 1, "客户": 1, "供应链": 1, "体系": 4, "研发": 1, "财务": 1, "环节": 2, "供应商": 2, "感受": 1, "应对": 2, "环境": 3, "突发": 1, "响应": 1, "机制": 1, "坚定": 1, "困难": 1, "挑战": 1, "人民": 1, "日报": 1, "海外网": 1, "O华": 3, "易烊": 5, "千": 7, "玺": 8, "称职": 2, "代言人": 2, "nova4": 2, "发": 2, "宣传": 2, "大冰": 3, "小将": 3, "发摩斯": 2, "密码": 2, "暗示": 2, "百度": 2, "搜索": 3, "箭": 2, "三": 6, "雕": 2, "广告": 2, "博主": 2, "名号": 2, "摘": 2, "掉": 2, "成都": 3, "首条": 1, "有轨": 1, "电车": 3, "蓉": 1, "2号线": 1, "开通": 1, "全程": 1, "票价": 1, "元": 3, "开段": 1, "起于": 1, "合信路": 1, "站": 1, "止于": 1, "晨光站": 1, "线路": 1, "总长": 1, "13.7km": 1, "12": 1, "座": 1, "车站": 1, "科大": 1, "沿线": 1, "时代": 2, "天街": 1, "富士康": 1, "菁蓉": 1, "小镇": 1, "到达": 1, "郫都区": 1, "市民": 1, "创造": 1, "便捷": 1, "舒适": 1, "通畅": 1, "出行": 1, "商妹儿": 1, "直播": 2, "带": 1, "抢先": 1, "体验": 3, "~": 1, "商报": 1, ".": 1, "开心": 1, "一同": 1, "见证": 1, "场景": 1, "战略": 3, "构想": 1, "迈入": 1, "阶段": 1, "本次": 1, "AIoT": 1, "发布": 1, "首次": 1, "亮相": 1, "生态": 3, "展示": 1, "智慧": 2, "亮点": 1, "分享": 1, "现场": 2, "精彩": 1, "敬请": 1, "期待": 1, "未来": 3, "智选": 2, "年末": 1, "会议": 1, "盛大": 1, "带来": 1, "款": 1, "新品": 1, "解锁": 3, "生活": 1, "方式": 1, "O网页": 2, "链接": 3, "2018": 3, "互联网": 2, "商业": 1, "年度": 1, "关键词": 1, "IoT即物": 1, "联网": 1, "报告": 2, "显示": 1, "设备": 2, "高达": 1, "84亿": 1, "台": 1, "产业": 1, "万亿级": 1, "BAT": 1, "小米": 6, "谷歌": 1, "亚马逊": 1, "巨头": 1, "暗自": 1, "较劲": 1, "新时代": 1, "霸主": 1, "五环短": 1, "视频": 6, "L五环": 1, "短": 1, "秒拍": 3, "跨越": 2, "101": 2, "浪漫": 1, "冬季": 3, "家人": 1, "旅行": 1, "异国他乡": 1, "风情": 1, "不错": 1, "选择": 1, "来到": 1, "欧洲": 3, "斯德哥尔摩": 1, "乘坐": 2, "帆船": 1, "奥斯陆": 1, "美丽": 1, "极光": 1, "罗马": 1, "欣赏": 1, "歌剧": 1, "漫步": 1, "巴黎": 1, "塞纳河": 1, "畔": 1, "……": 1, "维也纳": 1, "出发": 1, "火车": 1, "开启": 1, "穿越": 1, "阿尔卑斯山": 1, "旅O": 1, "|": 2, "今夜": 1, "圣诞": 1, "请": 1, "坐": 1, "前往": 1, "专列": 1, "易": 1, "烊": 5, "小麻": 1, "团儿": 2, "节选": 1, "――": 1, "万能": 1, "🌈屡": 1, "试": 1, "爽": 1, "千玺": 2, "麻团儿": 1, "过路人": 1, "单独": 1, "颗": 2, "胜过": 1, "八": 1, "70": 1, "亲手": 1, "拍下": 1, "亲自": 1, "拉长": 1, "摆": 1, "C位": 1, "千玺滚": 1, "芝麻": 1, "放在": 1, "油锅": 1, "炸熟": 1, "炸酥": 1, "炸黑": 1, "易烊千": 1, "独一无二": 1, "长麻": 1, "TFBOYS": 1, "泰永": 1, "跳水": 3, "东方": 1, "通讯": 1, "龙头": 1, "集体": 1, "概念股": 1, "退潮": 1, "风险": 1, "精品": 1, "研究院": 1, "影响力": 4, "创新": 3, "阿里": 2, "前三": 1, "财富": 1, "中文网": 1, "连续": 1, "第二": 2, "排行榜": 2, "评选": 1, "活动": 3, "8万": 1, "名": 2, "高级": 1, "管理": 1, "人员": 1, "发放": 1, "问卷": 1, "针对": 1, "大型": 1, "评估": 1, "最终": 1, "位列": 1, "阿里巴巴": 1, "分列": 1, "二三": 1, "包括": 1, "格力": 1, "顺丰": 1, "O2018年": 1, "弄": 1, "鼻青脸肿": 1, "真的": 3, "禁掉": 1, "起码": 1, "半身不遂": 1, "看待": 1, "这家": 1, "纯正": 1, "满满": 1, "风": 1, "骁龙''": 1, "抵制": 2, "热爱": 2, "想": 1, "下滑": 1, "无数": 2, "遭殃": 1, "崛起": 2, "供应": 1, "商会": 1, "获利": 1, "欢喜": 1, "愁": 1, "赢": 2, "业界": 1, "大姐": 1, "朋友圈": 1, "引人深思": 1, "大致": 1, "满身": 1, "世界": 4, "名牌": 1, "豪车": 1, "海外": 3, "移民": 2, "人手": 1, "算": 2, "汗水": 1, "制造": 1, "努力": 1, "工厂": 1, "妹纸": 1, "外企": 1, "打工": 2, "足额": 1, "交": 1, "个税": 1, "社保": 1, "偷税": 1, "漏税": 1, "相比": 2, "朋友": 1, "参加": 1, "游行": 1, "反对": 1, "特朗普": 1, "贸易战": 1, "美籍": 1, "华人": 1, "整天": 3, "讽刺": 1, "阴暗面": 1, "纯种": 1, "孩子": 2, "学": 2, "小提琴": 1, "马术": 1, "书法": 1, "乒乓球": 1, "传统": 1, "文化": 1, "答案": 1, "卡哥": 1, "眼界": 1, "思考": 2, "纠结": 1, "舒服": 1, "🎐": 1, "修图": 1, "P5": 1, "APP": 1, "常用": 1, "vsco": 1, "调色": 1, "参数": 1, "希望": 1, "拍照": 1, "P10": 1, "&": 1, "偶尔": 1, "iPad2018": 1, "写字": 1, "procreate+applepencil": 1, "喜欢": 1, "赞评": 1, "互动": 1, "哇​": 1, "专卖店": 2, "折现": 2, "这次": 2, "好过": 2, "当地": 1, "时间": 1, "24日": 2, "股价": 1, "跌破": 1, "150": 1, "60": 1, "交易日": 1, "跌幅": 1, "超": 3, "30%": 2, "10月": 1, "3日": 1, "创下": 1, "最高点": 1, "市值": 1, "蒸发": 1, "3900亿": 1, "往日": 1, "苹果店": 1, "排队": 1, "抢购": 1, "iPhone": 1, "盛况": 1, "改变": 1, "销量": 2, "佳": 1, "局面": 1, "仅仅": 1, "3": 2, "官网": 1, "推出": 2, "折抵": 1, "换购": 1, "iPhoneXR": 2, "4399": 1, "iPhoneXS": 1, "6599": 1, "抵消": 1, "折扣": 1, "计算": 2, "优惠": 1, "高盛": 1, "分析师": 1, "罗德哈尔": 1, "定价": 1, "策略": 1, "失误": 1, "致使": 1, "预期": 1, "动指": 1, "关节": 1, "操作": 1, "快": 1, "戳": 1, "～": 1, "L华": 1, "清华": 3, "大学": 3, "计算机": 3, "有限": 2, "签署": 1, "协议": 1, "成立": 1, "—": 1, "交互": 5, "联合": 2, "研究": 3, "中心": 2, "建设": 1, "目标": 1, "集合": 1, "优势": 1, "设计": 2, "长期": 1, "稳定": 1, "探索": 1, "前沿": 1, "科技": 1, "输出": 1, "技术": 2, "开发": 1, "成果": 1, "用户": 4, "各类": 1, "自然": 1, "高效": 1, "信息": 1, "交换": 1, "提供": 1, "理论": 1, "基础": 1, "核心": 1, "意图": 1, "理解": 1, "懂": 1, "再次": 1, "感慨": 1, "CLAMP": 2, "神人": 1, "😂😂": 1, "神奇": 2, "古老": 1, "作品": 1, "中都": 1, "找到": 1, "狂热": 1, "同人": 3, "遗迹": 1, "脑": 1, "内": 1, "美颜": 3, "功能": 1, "实在": 1, "太": 1, "强大": 1, "JOJO": 1, "画": 2, "风ooc": 1, "巅峰": 1, "看完": 1, "恶魔人": 1, "神曲": 1, "才": 3, "发现": 1, "差别": 1, "画风": 3, "攻击": 1, "锤子": 1, "厂商": 1, "明明": 1, "找": 1, "键": 1, "代言": 1, "23333PS": 1, "下图": 1, "原作": 1, "均": 1, "奇迹": 1, "般的": 1, "第三方": 1, "输入法": 3, "坑": 1, "外接": 2, "键盘": 2, "不依不挠": 1, "锲而不舍": 1, "孜孜以求": 1, "弹出": 1, "虚拟": 1, "界面": 1, "扭曲": 1, "丑陋": 1, "。。。。": 1, "调查": 1, "圈": 1, "ipad": 1, "三星": 2, "技德chrome": 1, "解决": 1, "办法": 1, "答应": 1, "邪门歪道": 1, "好不": 1, "V20": 1, "发布会": 1, "性能": 1, "测试": 1, "王者": 1, "荣耀": 4, "崩坏": 1, "古墓": 1, "丽影": 1, "云计算": 1, "+": 1, "键鼠": 1, "游戏": 1, "魔兽": 1, "争霸III": 1, "重制版": 1, "角色": 1, "AR舞伴": 1, "形式": 1, "v20手机": 1, "枝繁叶茂": 1, "开疆拓土": 1, "冬天": 2, "远": 1, "未": 1, "创业": 2, "31": 2, "或许": 1, "更为": 1, "严酷": 2, "境况": 1, "关切": 1, "相关": 1, "眼睛": 1, "注视": 1, "接下来": 1, "事实上": 1, "面对": 1, "围堵": 1, "反击": 1, "对比": 1, "评测": 1, "五大": 1, "大屏": 2, "旗舰": 2, "横评": 1, "「": 3, "神仙": 2, "」": 3, "打架": 1, "Mate20X": 1, "iPhoneXSMax": 1, "GalaxyNote9": 1, "MIX3": 1, "6T": 1, "同场": 1, "PK": 1, "到底": 1, "L锋潮": 1, "评测室": 1, "预告": 1, "音箱": 3, "召唤": 2, "小冰": 2, "技能": 2, "2019年": 1, "初": 1, "AI": 1, "YOYO": 1, "负": 1, "屏": 1, "输入": 1, "超能力": 1, "出货量": 2, "2亿": 1, "跃居": 2, "华盛顿": 1, "邮报": 1, "网站": 1, "制造商": 1, "去年": 1, "增加": 1, "声明": 1, "统计": 1, "‘": 1, "’": 1, "项": 1, "O": 1, "网页": 1}