{"秦海璐": 1, "好酷": 1, "手上": 1, "华为": 79, "P30": 3, "珠光": 1, "贝母": 1, "​": 19, "西班牙语": 1, "全新": 1, "广告": 1, "：": 17, "YoestoyconHuaweiNingúnHuaweivaadejardefuncionar": 1, ".": 1, "手机": 6, "L": 2, "沪江": 1, "西语": 1, "秒拍": 3, "视频": 7, "随手": 1, "拍": 2, "往昔": 1, "念": 2, "未来": 4, "期": 2, "杯": 1, "茶谢": 1, "淡薄": 1, "人心": 1, "奋斗": 1, "逼": 1, "协议": 7, "都": 7, "学": 1, "待遇": 1, "签": 1, "科普": 1, "性能": 2, "真实": 1, "感受": 1, "骁龙": 6, "710": 4, "游戏": 6, "调成": 1, "低": 1, "画质": 1, "日常": 2, "卡顿": 2, "660": 2, "发热": 1, "大户": 1, "弱": 2, "665": 1, "没用": 1, "猜想": 1, "差不多": 1, "845": 2, "放心": 1, "玩": 4, "流畅": 1, "855": 1, "不说": 2, "旗舰": 1, "麒麟": 3, "系列": 1, "980": 2, "专用": 2, "随便": 2, "躁": 1, "麒麟970": 1, "大部分": 1, "刘畅": 1, "吃": 2, "鸡": 1, "麒麟710": 1, "优化": 1, "不错": 2, "面板": 1, "体验": 1, "区别": 1, "依旧": 1, "打磨": 2, "打磨mlb": 1, "摆": 1, "980855": 1, "2799": 1, "买": 4, "nova5": 3, "nova5pro": 1, "810": 1, "荣耀": 1, "9x": 1, "很多": 2, "差": 1, "贵": 1, "爽": 1, "京东": 1, "裁员": 8, "百度": 1, "阿里": 1, "网易": 1, "腾讯": 1, "知乎": 1, "放弃": 1, "平庸": 1, "员工": 3, "社会": 1, "价值": 1, "才": 1, "淘汰": 1, "！": 5, "心旅": 1, "拉北": 1, "环线": 1, "青唐": 1, "古拉山": 1, "当雄": 2, "草原": 1, "四季": 1, "牧歌": 1, "10": 1, "倍": 1, "变焦": 1, "舞台": 1, "现场": 1, "太": 1, "精彩": 1, "建议": 2, "拉萨": 2, "旅行": 1, "观看": 1, "。。": 1, "影像": 1, "2019": 1, "回到": 1, "2拉萨​": 1, "地震": 1, "变革": 1, "……": 3, "对不起": 1, "走错": 1, "片场": 1, "5G": 15, "订单": 2, "节节": 1, "攀升": 1, "突破": 2, "50": 2, "份": 2, "澳大利亚": 5, "拒绝": 1, "建设": 3, "笑话": 2, "近期": 1, "官方": 2, "公布": 2, "数据": 1, "全球": 2, "领先": 4, "优势": 1, "事实上": 2, "世界": 1, "设备": 7, "端": 2, "商用": 1, "能力": 1, "不少": 1, "国家": 9, "首选": 1, "唯": 1, "美国": 47, "马首是瞻": 1, "一开始": 1, "行政": 1, "命令": 1, "弃用": 1, "悲剧": 1, "发展": 2, "蓝图": 1, "至今": 1, "毫无": 2, "进展": 2, "一不小心": 1, "场": 1, "步伐": 1, "电信": 3, "运营商": 3, "暂停": 2, "计划": 2, "忙": 1, "第二": 1, "公司": 17, "TPGTelecom": 1, "早早": 1, "原本": 1, "研制": 1, "国内": 3, "TPG": 3, "技术": 3, "立马": 1, "升级": 2, "此前": 2, "禁止": 4, "想好": 1, "为此": 2, "投入": 2, "14亿": 2, "元": 2, "合作": 3, "巨额": 1, "资金": 1, "付之东流": 1, "上个月": 1, "澳洲": 1, "巨头": 1, "Telstra": 1, "没法": 1, "导致": 1, "投资": 1, "成本": 3, "压力": 1, "压缩": 1, "三年": 1, "8000": 1, "岗位": 1, "商务部": 6, "敦促": 3, "尽快": 6, "落实": 6, "美企": 6, "出售": 6, "产品": 8, "承诺": 6, "7月": 1, "4日": 3, "新闻": 3, "发言人": 5, "高峰": 6, "称": 9, "美方": 6, "停止": 3, "打压": 4, "中国": 11, "错误": 3, "做法": 3, "针对": 5, "特朗普": 6, "美": 7, "倾斜": 3, "表态": 3, "达成": 3, "双向": 3, "平衡": 3, "、": 10, "平等互利": 3, "中方": 3, "核心": 5, "关切": 3, "L中报": 1, "拍照": 1, "功能": 1, "强悍": 1, "Pro": 1, "外观": 1, "设计": 1, "依然": 1, "走": 1, "潮流": 1, "前端": 1, "仲夏紫": 1, "款": 2, "仿佛": 1, "流动": 1, "清凉": 1, "气息": 1, "体验感": 1, "提升": 1, "年轻": 1, "群体": 2, "足够": 1, "吸引": 1, "整体": 1, "一个": 3, "层次": 1, "步恩撒": 1, "新款": 1, "7200": 1, "转干": 1, "找到": 1, "城中村": 1, "大排档": 1, "宵夜": 1, "夜景": 2, "分享": 1, "🚙": 1, "2020": 1, "斯巴鲁BR": 1, "Z📱": 1, "P30Pro": 2, "/": 1, "模式": 1, "广州": 1, "三星": 1, "苹果": 1, "旗舰机": 1, "????​": 1, "账号": 2, "找回": 1, "密码": 1, "麻痹": 1, "难": 2, "证明": 3, "妈": 2, "@": 3, "终端": 1, "服务": 2, "线条": 1, "光影": 2, "谱写": 1, "建筑": 1, "旋律": 1, "摄影": 1, "6LYR": 1, "30pro": 1, "盛夏": 1, "记者": 1, "李": 1, "晓喻": 1, "O": 1, "网页": 2, "链接": 2, "via国": 1, "直通": 1, "车​": 1, "Mate30Pro": 1, "高清": 1, "渲染": 1, "曝光": 1, "据说": 1, "背部": 1, "摄像头": 1, "排列": 1, "布局": 1, "真长": 1, "好看": 1, "家庭": 2, "宽带": 2, "覆盖率": 1, "88.6%": 1, "行政村": 1, "覆盖": 2, "96.8%": 1, "光纤": 1, "12.6%": 1, "想出": 1, "可笑": 1, "办法": 1, "奇怪": 1, "企业": 5, "象华": 1, "中兴": 2, "正事": 1, "政府": 3, "花": 1, "精力": 1, "老百姓": 1, "上网": 1, "专访": 1, "陷阱": 1, "作者": 1, "皮耶鲁齐": 1, "面对": 2, "法律": 5, "地位": 3, "当年": 1, "阿尔斯通": 2, "打算": 1, "上海": 2, "电气": 2, "选": 2, "合资": 1, "领导人": 1, "举家": 1, "迁": 1, "新加坡": 1, "象征": 1, "捕后": 1, "可能性": 1, "化为": 1, "泡影": 1, "事件": 1, "想": 1, "时代": 1, "多国": 1, "施压": 1, "力阻": 1, "竞争": 1, "武器": 1, "经济": 2, "L微": 1, "丢": 1, "手里": 1, "WATCHGT手表": 1, "琢磨": 1, "送给": 2, "新来": 1, "美女": 1, "编辑": 1, "姐姐": 1, "咱家": 1, "可爱": 1, "粉丝们": 1, "深圳": 1, "总部": 1, "低调": 1, "奢华": 1, "内涵": 1, "研发": 2, "经费": 1, "1000亿": 1, "人民币": 1, "45%": 1, "搞": 1, "18.8万": 1, "遍及": 1, "170": 1, "全球化": 1, "典范": 1, "在于": 1, "强化": 1, "危机": 1, "意识": 1, "创新": 1, "精神": 1, "一家": 1, "老外": 1, "害怕": 1, "🇨🇳": 1, "任正非": 3, "致敬": 1, "发生": 1, "爆炸": 1, "网友": 1, "父亲": 1, "炸伤": 1, "亲": 1, "不用": 1, "担心": 1, "马上": 1, "删帖": 1, "封号": 1, "参考": 2, "视界": 1, "芯片": 1, "制造商": 1, "禁令": 2, "松绑": 1, "感到": 2, "鼓舞": 2, "美媒": 1, "总统": 2, "销售": 2, "半导体": 2, "行业": 2, "游说": 1, "活动": 1, "损害": 1, "6月": 2, "29日": 1, "G20": 1, "闭幕": 1, "同意": 1, "出口": 1, "协会": 1, "SIA": 1, "大阪": 1, "设定": 1, "方向": 1, "消息": 1, "vivoX27": 1, "OPPO": 2, "Reno": 1, "小米": 2, "CC9": 1, "四": 2, "想要": 1, "夜视镜": 1, "望远镜": 1, "吊": 1, "单反": 1, "真的": 2, "看完": 1, "节目": 1, "~": 1, "华": 1, "L老拳Fist": 1, "起诉": 3, "递交": 3, "撤诉": 2, "动议": 3, "评判": 1, "判处": 1, "违宪": 1, "解读": 1, "相关": 3, "惩罚": 3, "赢": 1, "回应": 1, "有趣": 1, "洋洋洒洒": 1, "50多": 1, "页": 1, "不出所料": 1, "观点": 1, "论点": 1, "1": 1, "国会": 5, "定罪": 1, "有罪": 1, "预防": 1, "；": 3, "条款": 1, "私人": 1, "做生意": 1, "3": 1, "立法": 2, "意图": 2, "非惩罚性": 1, "目的": 1, "4": 2, "记录": 2, "显示": 1, "法案": 1, "主导者": 1, "Cotton": 2, "参议员": 2, "提到": 1, "判": 1, "死刑": 1, "参看": 1, "#O": 1, "极致": 1, "性价比": 1, "vivo": 1, "厂商": 1, "才能": 1, "降": 1, "别人": 1, "拼": 1, "…": 1, "希望": 2, "魅族": 1, "现有": 1, "用户": 1, "就算": 1, "小众": 1, "面前": 1, "很": 2, "基数": 1, "加油": 1, "Verizon10亿": 1, "要价": 2, "付钱": 2, "中旬": 1, "Verizon": 5, "支付": 3, "超过": 1, "230": 1, "项": 4, "专利": 13, "许可": 2, "费用": 2, "金额": 1, "超": 1, "10亿": 2, "美元": 2, "前不久": 1, "接受": 1, "加拿大": 1, "环球": 1, "邮报": 1, "采访": 1, "总共": 1, "9万": 1, "11500": 1, "注册": 1, "授权": 4, "权利": 1, "法治": 2, "都会": 1, "谈判": 1, "明白": 1, "高通": 2, "相比": 1, "客气": 1, "付": 1, "专利费": 2, "5": 1, "总量": 1, "包括": 1, "谈": 1, "以往": 1, "找": 1, "钱": 1, "这次": 1, "收费": 1, "引发": 1, "议员": 1, "不满": 1, "马可·卢比奥": 1, "提出": 1, "议案": 1, "国防": 1, "方案": 1, "修正案": 1, "承认": 1, "内容": 1, "侵犯": 1, "早": 1, "3月份": 1, "负责": 1, "高管": 1, "写": 1, "封": 1, "金钱": 1, "解决": 1, "对方": 1, "迟迟": 1, "不予置评": 1, "这是": 1, "潜在": 1, "人士": 1, "社交": 1, "平台": 1, "发表": 1, "言论": 1, "声称": 1, "流氓": 2, "试图": 1, "收取": 1, "价格": 1, "高昂": 1, "报复": 1, "难道": 1, "点数": 1, "只许州官放火": 1, "不许": 1, "百姓": 1, "点灯": 1}