{"外交部": 14, "：": 21, "美方": 26, "锁": 5, "住门": 5, "囚禁": 13, "美国": 12, "联邦": 6, "通信": 6, "委员会": 6, "日前": 4, "初步": 6, "华为": 56, "中兴": 12, "公司": 8, "列为": 6, "国家": 16, "威胁": 6, "企业": 17, "对此": 4, "发言人": 6, "耿爽": 5, "回应": 8, "惯于": 5, "证据": 5, "情况": 6, "莫须有": 7, "罪名": 7, "滥用": 5, "力量": 5, "打压": 7, "特定": 10, "经济": 6, "霸凌": 3, "行径": 3, "公然": 3, "一贯": 3, "标榜": 3, "市场": 5, "原则": 3, "否定": 3, "奉劝": 7, "为名": 8, "锁住": 8, "L": 5, "央视": 7, "新闻": 7, "视频": 17, "记者": 1, "申杨": 1, "毕磊": 1, "美": 3, "禁止": 6, "运营商": 6, "买华": 4, "设备": 7, "报道": 2, "(": 2, "FCC": 2, ")": 2, "22日": 2, "电信": 2, "通用": 2, "服务": 4, "基金": 2, "采购": 2, "25日": 4, "整垮": 2, "阿尔斯通": 2, "想": 3, "挤压": 2, "中国": 2, "保护": 2, "利益": 6, "政策": 4, "到底": 4, "制定": 2, "官员": 2, "一再": 2, "外国": 2, "不惜": 2, "牺牲": 2, "民众": 2, "居心何在": 2, "上海": 4, "场景": 3, "新品": 5, "发布会": 6, "Mate": 2, "家族": 2, "成员": 3, "高端": 1, "旗舰": 3, "平板": 12, "MatePad": 11, "正式": 1, "发布": 4, "首款": 1, "智能": 8, "音箱": 2, "SoundX": 2, "同步": 1, "亮相": 2, "～": 1, "究竟": 1, "场": 1, "主角": 1, "惊喜": 2, "请": 1, "锁定": 2, "浪人": 1, "TV": 1, "新浪": 1, "手机": 20, "直播": 2, ".": 2, "​": 15, "14:30": 1, "准时": 1, "直播间": 1, "一同": 1, "重构": 3, "创造力": 2, "！": 10, "终端": 3, "官方": 5, "@": 8, "人民": 1, "日报": 1, "第一": 1, "波": 1, "现场": 3, "探班": 1, "咯": 1, "稍后": 1, "Pro": 6, "告诉": 1, "阿华": 1, "期待": 1, "系列": 1, "不仅仅": 1, "优雅": 1, "艺术品": 1, "生产力": 1, "工具": 1, "独特": 1, "多屏": 4, "协同": 4, "功能": 5, "轻": 2, "办公": 2, "智慧": 2, "高效": 3, "喜欢": 3, "款": 11, "产品": 8, "试试": 1, "意想不到": 1, "​​​": 2, "HUAWEI": 1, "WATCHGT2": 1, "开售": 6, "45": 1, "全球": 2, "出货量": 1, "破": 1, "百万": 1, "上一代": 1, "提前": 1, "3": 1, "感谢": 1, "消费者": 4, "穿戴": 1, "认可": 1, "安哥": 1, "嘴": 1, "自由": 1, "禁锢": 1, "王毅": 1, "一句话": 1, "香港": 1, "局势": 1, "mate30pro青山": 1, "黛": 2, "5": 2, "G素": 1, "皮版": 1, "实拍": 2, "对比": 1, "翡": 1, "冷翠": 1, "风格": 1, "内敛": 1, "不必": 1, "借助": 1, "外界": 1, "光照": 1, "效果": 2, "实机": 1, "广告": 1, "渲染": 1, "接近": 1, "机身": 1, "4g版": 1, "略厚": 1, "手感": 1, "公差": 1, "消失": 1, "日常": 1, "保养": 1, "建议": 1, "戴": 1, "壳": 1, "无修图": 1, "甄姬": 1, "一个": 1, "传统": 1, "电脑": 2, "产物": 1, "很": 6, "汲取": 1, "品类": 1, "长处": 1, "束缚": 1, "选": 1, "平板屏": 1, "占比": 5, "高达": 2, "90%": 2, "操作": 2, "文件": 1, "传输": 1, "一拖": 1, "即可": 1, "模特": 1, "Liv雷": 1, "皓翔": 1, "造型": 1, "@格": 1, "化妆": 1, "哎呦偎": 1, "小姐": 1, "灯光": 1, "Hess脚脚": 1, "HUAWEIMatePadPro": 1, "~": 2, "WiFi": 3, "版": 3, "最低": 1, "3299": 3, "价格": 2, "竞争力": 1, "高屏": 1, "——": 1, "MatePadPro": 6, "售价": 7, "元": 16, "配置": 1, "拥有": 2, "一块": 1, "10.8": 1, "英寸": 1, "屏": 5, "2KQHD": 1, "分屏": 1, "DCI-P3": 1, "色域": 1, "16:10": 1, "比例": 2, "超高屏": 2, "莱茵": 1, "低": 1, "蓝光": 1, "认证": 1, "；": 4, "搭载": 1, "麒麟": 2, "990": 2, "芯片": 2, "7250": 1, "mAh": 1, "超大": 1, "容量": 1, "40": 1, "W": 1, "超级": 1, "快充": 3, "+": 7, "15": 1, "W正": 1, "无线": 4, "7.5W": 1, "反向": 1, "四声道&四": 1, "扬声器": 2, "音响": 1, "系统": 2, "五麦克风": 1, "精准": 1, "拾音": 1, "镁合金": 1, "微弧": 1, "框架": 1, "460g": 1, "厚": 1, "7.2mm": 1, "隐藏": 1, "天线": 1, "设计": 4, "贝母白": 1, "、": 7, "夜阑灰": 1, "青山": 1, "丹霞": 1, "橙": 1, "四": 2, "配色": 1, "平行": 2, "视界": 2, "升级": 1, "窗口": 1, "随心": 1, "调节": 1, "全新": 1, "HUAWEIM-Pencil手": 1, "写笔": 1, "磁力": 1, "吸附": 1, "充电": 2, "4096": 1, "灵敏": 1, "压感": 1, "磁吸": 1, "键盘": 3, "1.3": 1, "键程": 1, "6GB": 2, "128GB": 1, "128GBLTE": 1, "3799": 1, "8GB": 2, "256GB": 1, "版本": 2, "3999": 1, "256GBLTE": 1, "4499": 1, "收到": 1, "MateBookD14": 1, "试用": 1, "段": 1, "时间": 1, "性价比": 1, "棒": 1, "笔记本": 3, "轻触": 1, "开启": 1, "满电": 1, "连续": 1, "小时": 2, "低电量": 1, "充电半": 1, "差不多": 2, "一半": 1, "带": 1, "上课": 1, "长途": 1, "飞行": 1, "都": 4, "安心": 1, "屏约": 1, "180": 1, "°": 1, "开合": 1, "重量": 1, "在手": 1, "杂志": 1, "携带": 1, "毫无": 1, "压力": 1, "实用": 1, "好用": 1, "值得": 1, "推荐": 1, "HUAWEIMateBook": 1, "业务": 4, "CEO": 3, "余承东": 4, "入手": 2, "点赞": 1, "L华": 2, "折叠屏": 6, "炒到": 3, "20万": 5, "官网": 1, "抢": 1, "三": 3, "秒光": 3, "近日": 2, "5G": 4, "MateX": 4, "商城": 2, "限量": 2, "16999": 3, "折叠": 2, "模全": 2, "网通": 2, "号称": 2, "科技": 3, "物种": 2, "二手": 3, "平台": 2, "报价": 2, "5万多": 2, "9万多": 2, "LJSTV": 2, "荔枝": 3, "秒拍": 4, "体验": 3, "品牌": 1, "越来越": 1, "国内": 1, "安卓": 1, "遥遥领先": 1, "这次": 1, "算是": 1, "带来": 1, "处理器": 1, "挖": 1, "孔屏": 1, "支": 1, "笔": 1, "L小白": 1, "测评": 1, "重磅": 1, "11月": 2, "会上": 1, "解读": 1, "针对": 1, "年轻": 1, "消费": 1, "群体": 1, "MateBookD14/D15": 1, "帝瓦雷": 1, "联合": 1, "高颜值": 1, "麒麟990": 1, "90％": 1, "交互": 1, "颠覆式": 1, "创新": 1, "L财经网": 1, "大锤": 1, "快速": 1, "上手": 1, "收音": 1, "车上": 1, "录": 1, "音": 1, "想到": 1, "挺": 1, "近期": 1, "用心": 1, "Android": 1, "硬件": 1, "上笔": 1, "完善": 1, "软件": 1, "多任务": 1, "尝试": 1, "L李大锤": 1, "同学": 1, "​O": 1, "抽奖": 1, "详情": 1, "家电": 2, "领域": 1, "10": 1, "长期": 1, "战略": 1, "口号": 1, "1+8+N": 1, "8": 1, "加号": 1, "代表": 2, "连接": 1, "N": 1, "互联网": 1, "永远": 1, "老板": 2, "联播L": 1, "联播": 1, "发": 1, "公告": 2, "脆弱": 1, "坏": 1, "弯折": 2, "区域": 2, "拱起": 2, "现象": 2, "陆续": 1, "上市": 1, "发出": 1, "称": 1, "拆封": 3, "支持": 1, "7天": 1, "理由": 1, "退货": 1, "商品": 1, "塑料膜": 1, "拆": 1, "封口": 1, "撕开": 1, "痕迹": 1, "均": 1, "视为": 1, "确认": 1, "需求": 1, "指出": 1, "物理": 1, "用户": 1, "℃": 1, "低于": 1, "温度": 1, "环境": 1, "弯": 1, "..": 1, "天价": 1, "市场价": 1, "卖": 1, "调查": 1, "五": 2, "年内": 2, "家居": 2, "超越": 2, "小米": 2, "普天同庆": 1, "好日子": 1, "易烊": 1, "千玺": 1, "电话": 1, "录屏": 1, "nova": 1, "6": 1, "感受": 1, "好看": 1, "轻便": 1, "整体": 1, "圈": 1, "屏幕": 1, "。。": 2, "配": 1, "拍": 1, "真机图": 1, "M6": 1, "刷某": 1, "宝时": 1, "效率": 1, "太": 1, "新出": 1, "心动​": 1}