{"梵高": 9, "诞辰": 3, "166": 3, "周年": 3, "华为": 66, "主题": 6, "APP": 1, "臻": 3, "爱": 3, "系列": 4, "上线": 4, "！": 18, "希望": 5, "感受": 3, "内心": 3, "火热": 3, "激情": 3, "挚爱": 3, "世界": 4, "关注": 4, "+": 4, "转评": 3, "抽": 4, "送": 5, "笔记本": 3, "​​": 1, "转发": 2, "3": 2, "1853年": 2, "3月": 6, "30日": 2, "文森": 2, "•": 2, "(": 2, "VincentvanGogh": 2, ")": 2, "诞生": 2, "纪念": 2, "这位": 2, "印象派": 2, "艺术家": 2, "用户": 2, "166年": 2, "​": 21, "这时候": 1, "P30Pro": 8, "…​": 1, "拍": 2, "屏幕": 1, "黑色": 1, "条纹": 1, "2019年": 4, "Brand": 1, "Z™": 1, "中国": 7, "出海": 4, "品牌": 9, "50": 6, "​​​": 2, "榜单": 4, "发布": 9, "1862": 1, "价值": 1, "荣获": 1, "冠军": 1, "感谢": 1, "全球": 2, "认可": 1, "未来": 1, "持续": 1, "研发": 1, "创新": 1, "带来": 1, "优质": 1, "产品": 1, "服务​": 1, "瑞": 1, "文渣": 1, "浪": 1, "吞": 1, "昨天": 2, "视频": 19, "6": 2, "香港": 3, "澳门": 1, "终于": 1, "顺利": 1, "返": 1, "京": 1, "累劈": 1, "弄": 1, "一半": 2, "睡死": 1, "整出": 1, "段放": 1, "努力": 2, "ingps": 1, ".": 2, "防抖": 1, "三星": 3, "差": 1, "半程": 1, "抖成": 1, "帕金森": 1, "🙃🙃": 1, "🙃": 1, "建议": 2, "晕车": 1, "晕船": 1, "病史": 1, "盆友": 1, "做好": 1, "观赏": 1, "吐": 1, "概": 1, "负责": 1, "20190323": 1, "孟": 2, "瑞": 1, "见面会": 1, "北京": 1, "part1": 1, "名": 1, "老西": 1, "首都": 1, "机场": 1, "凌晨": 1, "寻面": 1, "记": 1, "天气": 1, "预报": 1, "明天": 1, "王博文": 1, "焦糖": 1, "人生": 1, "L": 2, "陌生人": 1, "黛西Z": 1, "行业": 1, "都": 8, "一家": 2, "企业": 3, "发达": 1, "国家": 1, "对外": 1, "宣传": 4, "倍": 7, "变焦": 11, "省去": 1, "数码": 4, "机智": 1, "消费者": 5, "猛": 1, "牛逼": 1, "OPPO": 9, "Reno": 3, "老实": 1, "写明": 1, "10": 3, "混合": 2, "光学": 3, "实际上": 2, "一会": 1, "真的": 2, "厉害": 3, "超过": 1, "图像": 1, "模糊": 1, "潜望": 2, "长焦": 3, "镜头": 3, "等效": 2, "125": 1, "焦段": 2, "160": 1, "理论": 1, "清晰度": 1, "图片": 1, "60": 1, "工程师": 1, "加快": 1, "调教": 1, "@": 7, "沈义人": 2, "Brian": 1, "Listen": 1, "李胜": 1, "全新": 1, "": 1, "粉丝团": 1, "海思": 4, "有望": 1, "超越": 4, "联发科": 3, "亚洲": 2, "第一": 4, "芯片": 5, "公司": 8, "近日": 1, "十大": 2, "设计": 2, "排名": 2, "出炉": 1, "：": 14, "飙升": 1, "第五": 1, "AMD": 2, "增长": 4, "快": 2, "2018年": 9, "同比": 2, "34.2%": 1, "75.73亿": 1, "美元": 9, "逼近": 1, "第四": 2, "78.94亿": 1, "加大": 1, "台积电": 1, "投片": 1, "使用率": 1, "一举": 1, "拿下": 1, "登顶": 1, "乐秀": 1, "锦鲤日": 1, "写": 1, "文案": 1, "反正": 3, "抽奖": 2, "手机": 11, "抽送": 1, "畅享": 1, "8e青春": 1, "版": 1, "任性": 1, "~": 2, "平台": 1, "员工": 19, "平均": 15, "年薪": 8, "60万": 8, "持股": 7, "29日": 4, "年报": 4, "营收": 4, "超": 4, "7212亿": 4, "元": 8, "1074亿": 4, "破": 4, "千亿": 4, "；": 4, "赚": 7, "1.6亿": 7, "100%": 6, "股权": 4, "持有": 4, "半": 4, "9.7万": 4, "L老板": 1, "联播": 4, "秒拍": 5, "、": 13, "GalaxyS10+": 2, "苹果": 2, "iPhoneXSMAX": 2, "拍照": 3, "对比": 2, "国外": 1, "小哥": 1, "Mrwhosetheboss": 1, "表现": 2, "出乎意料": 1, "极端": 1, "LITheat": 1, "热点": 1, "科技": 4, "雷军": 1, "在知乎": 1, "一个": 5, "国产": 1, "民族": 2, "印度": 1, "市场": 1, "占有率": 1, "小米": 2, "骄傲": 1, "早些年": 1, "装修": 1, "蹭": 1, "热度": 1, "碰瓷式": 1, "营销": 3, "图1": 1, "随后": 1, "有心人": 1, "断章取义": 1, "截成图2": 1, "样子": 2, "大肆": 1, "传播": 2, "爱国": 4, "牌": 1, "厚颜无耻": 1, "恶心": 1, "至极": 1, "从此": 1, "官方": 5, "实锤": 1, "脸": 1, "黑人": 1, "问号": 1, "效应": 1, "在意": 1, "真相": 3, "骂华": 1, "为准": 1, "没错": 1, "确实": 2, "时期": 1, "承载": 1, "很多": 1, "中国人": 2, "情怀": 1, "人口": 1, "如今": 1, "P30": 2, "风头": 1, "正劲": 1, "超级": 1, "功能": 3, "网友": 1, "恶搞": 1, "图4": 1, "超长": 2, "焦": 3, "用来": 2, "偷拍": 3, "风险": 1, "使用者": 1, "违反": 1, "犯罪": 2, "没关系": 1, "担心": 1, "望远镜": 1, "长": 1, "单反": 1, "相机": 1, "全都": 1, "弄死": 1, "质量": 1, "可比区": 1, "区": 1, "本来": 1, "恶搞图": 1, "或者说": 1, "也许": 1, "恶意": 1, "抹黑": 1, "带": 1, "节奏": 1, "成分": 1, "想": 6, "智商": 1, "区分": 1, "非官方": 1, "正常人": 1, "脑子": 2, "下三滥": 1, "手段": 1, "卖点": 1, "这不": 1, "仅仅": 1, "道德": 2, "低下": 1, "违法": 1, "有人": 1, "发": 1, "群": 2, "天生": 1, "歧视": 1, "颅内": 1, "高潮": 1, "言之凿凿": 1, "事情": 1, "生生": 1, "屎": 1, "盆子": 1, "扣": 1, "脑袋": 1, "5": 1, "7": 1, "杀": 1, "爸爸": 1, "妈妈": 1, "吃": 2, "大米": 1, "拐": 1, "孩子": 1, "实事求是": 2, "张口": 1, "信口雌黄": 1, "情绪": 1, "一点": 1, "炸": 1, "网络": 1, "很": 2, "谣言": 1, "大脑": 1, "思考": 2, "辨别": 1, "是非": 1, "能力": 1, "放屁": 1, "风": 1, "吹": 1, "散": 1, "吹散": 2, "偏偏": 1, "臭不可闻": 1, "被风吹散": 1, "反而": 1, "贻害": 1, "四方": 1, "一个个": 1, "标兵": 1, "谴责": 1, "个个": 1, "面目": 1, "丑陋": 1, "令人作呕": 1, "立场": 1, "先行": 1, "好听": 1, "放": 1, "娘": 1, "屁": 1, "BrandZ": 2, "超联": 2, "居首": 2, "去年": 1, "联想": 1, "居": 1, "榜首": 1, "阿里": 1, "分列": 1, "第三": 1, "报告": 1, "显示": 1, "领先": 1, "影响力": 2, "提高": 1, "15%": 1, "日本": 1, "法国": 1, "西班牙": 1, "OBrandZ": 1, "50强": 1, "老板": 6, "联播L": 3, "摄像头": 1, "手电筒": 1, "L小崔ysj": 1, "盟友": 1, "996": 1, "ICU": 1, "状态": 1, "Star": 1, "126k+": 1, "Pullrequest": 1, "黑名单": 1, "删除": 1, "等同于": 1, "Linux": 1, "地位": 1, "O": 1, "网页": 1, "链接": 1, "996.icu": 1, "Huawei": 1, "Share": 1, "东西": 1, "买": 1, "电脑": 1, "优先": 1, "选择": 1, "Matebook": 1, "L华": 1, "震惊": 1, "美国": 2, "无耻": 1, "董事": 2, "放心": 1, "高通": 1, "英特尔": 1, "IBM": 1, "甲骨文": 1, "做人": 1, "不要脸": 1, "2019": 1, "IT": 1, "领袖": 1, "峰会": 1, "独家": 2, "|": 2, "余承东": 4, "5G": 3, "6月": 2, "上市": 2, "业务": 3, "占比": 3, "接受": 1, "新浪": 3, "采访": 1, "首款": 1, "折叠屏": 1, "MateX": 1, "6月份": 1, "空间": 1, "O独家": 1, "高L": 1, "鲸": 1, "一大": 1, "跳": 1, "发律": 1, "师函": 1, "……": 1, "批评": 1, "老美": 1, "这是": 1, "失败者": 1, "心理": 1, "美媒": 1, "激烈": 1, "投资": 1, "舆情": 1, "TA": 1, "晚安": 1, "词": 1, "形容": 1, "对象": 1, "照片": 1, "单身": 1, "汪": 1, "酸": 1, "作何": 1, "评价": 2, "小云": 1, "随机": 1, "送出": 1, "耳机": 1, "一加": 1, "高管": 1, "中肯": 1, "诚恳": 1, "提现": 1, "内敛": 1, "专注": 1, "谦虚": 1, "踏实": 1, "文化": 1, "#密室": 1, "逃脱": 1, "期": 2, "L01": 1, "杨幂": 2, "邓伦智": 1, "商爆": 1, "表破": 1, "机关": 1, "票": 1, "开启": 1, "高光": 1, "时刻": 2, "邓伦": 1, "惊吓": 1, "迎来": 1, "本期": 1, "MVP": 1, "魏大勋": 1, "当起": 1, "大哥": 1, "黄明昊": 1, "发声": 1, "密逃": 1, "尖叫": 1, "关键": 1, "国伟哥": 1, "依霖姐": 1, "贯彻": 1, "到底": 1, "想到": 1, "每周六": 1, "中午": 1, "12点": 1, "芒果": 3, "TV全网": 1, "独播": 1, "专区": 1, "海量": 1, "精彩": 1, "内容": 1, "TV": 1, "联合": 1, "会员": 1, "优惠": 1, "超广角": 1, "L宁思": 1, "潇潇": 1}