{"nova": 5, "夜色": 7, "自拍": 6, "大赛": 5, "生活": 3, "美好": 1, "时刻": 1, "都": 5, "值得": 1, "记录": 2, "美": 5, "@": 14, "TFBOYS": 4, "易烊": 4, "千玺": 3, "华为": 63, "终端": 5, "官方": 4, "自带": 1, "相机": 1, "牛逼": 2, "​": 16, "进军": 6, "电视": 14, "首款": 2, "产品": 2, "8月": 2, "上旬": 2, "发布": 2, "15日": 1, "荣耀": 6, "新品": 1, "沟通会": 1, "总裁": 1, "赵明": 1, "推出": 1, "智慧": 8, "屏": 7, "正式": 1, "赵": 1, "明称": 1, "未来": 3, "家人": 1, "拉回": 1, "客厅": 1, "胜算": 1, "几何": 1, "看好": 2, "智慧屏": 3, "生日": 2, "会前": 1, "晚上": 1, "回来": 1, "未": 1, "太阳": 1, "升起": 1, "停机坪": 1, "闺蜜": 1, "学校": 2, "偶遇": 1, "星空": 1, "漳州": 1, "古城": 1, "栋": 1, "小楼": 1, "回": 1, "偶然": 1, "一个": 5, "雨中小巷": 1, "家门口": 1, "清晰": 1, "猎户座": 1, "小时": 1, "星轨": 1, "🙈补": 1, "天气": 1, "阳台": 1, "依稀": 1, "一点": 2, "月光": 1, "千玺​": 1, "镜头": 3, "夕阳": 1, "很": 3, "；": 2, "代言人": 1, "容颜": 1, "好看": 1, "夜景": 2, "不用说": 1, "过年": 1, "！": 13, "今晚": 1, "阴天": 1, "顺手": 1, "赞": 1, "🙏🙏": 1, "🙏": 1, "想": 1, "带": 2, "奖品": 1, "周年": 1, "宝贝": 1, "举红": 1, "​O": 1, "抽奖": 1, "详情": 1, "地铁": 4, "5G": 13, "难题": 2, "攻克": 2, "中国": 13, "联通": 2, "、": 7, "联手": 1, "网络": 2, "实测": 2, "速率": 3, "600": 2, "Mbps": 2, "隧道": 2, "内": 6, "无线": 1, "覆盖": 3, "历来": 1, "通信界": 1, "难点": 1, "国内": 1, "运营商": 1, "3.5GHz": 1, "频段": 1, "信号": 1, "衰减": 1, "难度": 1, "近日": 1, "携手": 1, "公司": 11, "石家庄": 1, "1号线": 1, "轨行区": 1, "全国": 1, "漏缆": 3, "2T2R": 1, "方案": 1, "部署": 3, "效果": 2, "功能性": 1, "验证": 1, "测试": 2, "行车": 1, "过程": 2, "车厢": 1, "下载": 1, "后续": 1, "四": 3, "峰值": 1, "1Gbps": 1, "音": 1, "视频": 6, "画面": 1, "流畅": 1, "区间": 1, "切换": 1, "……": 1, "Mate20": 3, "居然": 1, "A片": 1, "惠普": 2, "戴尔断": 1, "供华": 1, "昨天": 1, "搞": 1, "IT": 1, "哥们儿": 2, "聊天儿": 1, "顺口": 1, "想到": 1, "答案": 1, "竟然": 2, "出乎": 1, "意料": 1, "断供": 1, "企业": 3, "戴尔": 1, "俩": 2, "赚": 1, "钱": 2, "坑": 1, "感觉": 1, "联邦": 1, "快递": 1, "欠骂": 1, "貌似": 1, "争得": 1, "对方": 1, "同意": 1, "截": 1, "提供": 2, "信息": 4, "确保": 1, "真实性": 1, "大宗": 1, "采购": 1, "反而": 1, "单子": 1, "太": 2, "娘": 1, "气人": 1, "": 1, "张忆安": 1, "忆安": 1, "nova4": 1, "原图": 1, "无滤镜": 1, "天空": 1, "渐变": 1, "&": 3, "月牙": 1, "圆月": 1, "树影": 1, "青天": 1, "帮忙": 1, "赞谢": 1, "谢​": 1, "朱": 1, "小华": 1, "救": 1, "战友": 1, "牺牲": 1, "24": 1, "岁": 1, "L": 2, "军视网": 1, "仔细": 1, "观察": 2, "确实": 1, "mate20pro​": 1, "场": 2, "暗战": 1, "才能": 1, "赢家": 1, "P30": 2, "系列": 2, "暗夜": 2, "追光": 2, "追捕": 1, "现场": 3, "入座": 1, "欣赏": 1, "影像": 8, "L华为P30": 1, "城市": 1, "边缘": 1, "成都": 1, "南#": 1, "2成都": 1, "终于": 1, "见到": 1, "2016年": 1, "pd": 1, "101": 1, "时期": 1, "喜欢": 1, "周": 1, "洁琼": 1, "🙋": 1, "真人": 1, "真的": 2, "射箭": 1, "十环": 1, "团体": 1, "接力": 1, "第一": 4, "🐂🍺": 1, "(": 1, "30pro生": 1, "爱奇艺": 1, "粉丝": 2, "嘉年华": 1, "周洁琼": 1, "OFFICIA": 1, "L​": 1, "顶住": 1, "特朗普": 2, "倾": 1, "国": 1, "打击": 1, "备胎": 1, "系统": 3, "神来之笔": 1, "不可一世": 1, "美国": 16, "亦": 1, "奈何": 1, "打赢": 1, "科技": 3, "革命": 1, "上甘岭": 1, "战役": 1, "作用": 1, "估量": 1, "过分": 2, "试想": 1, "中兴": 1, "跪地": 1, "求饶": 1, "贸易战": 1, "格局": 1, "老美": 1, "得势不饶人": 1, "秉性": 1, "肯定": 1, "穷追猛打": 1, "进一步": 1, "收紧": 1, "绞索": 1, "意义": 1, "讲": 1, "一己之力": 1, "捍卫": 1, "国家": 2, "尊严": 1, "希望": 1, "崩溃": 1, "理由": 1, "经历": 1, "磨难": 1, "落井下石": 1, "这是": 1, "做人": 1, "起码": 2, "良知": 1, "外媒": 2, "：": 8, "大规模": 4, "裁员": 5, "快": 2, "重获": 1, "供货": 4, "华尔街": 2, "日报": 2, "报道": 3, "计划": 2, "业务": 2, "部门": 2, "预计": 2, "影响": 2, "华盛顿州": 2, "加利福尼亚州": 2, "得克萨斯州": 2, "850": 2, "名": 3, "员工": 2, "路透社": 1, "政府": 2, "2~4": 1, "批准": 2, "老板": 1, "联播": 1, "秒拍": 2, "领域": 6, "命名": 1, "爆料": 1, "称": 5, "形态": 1, "躺": 1, "玩": 2, "砸": 1, "脸": 1, "后果": 1, "想象": 1, "姿势": 1, "款": 3, "手机": 15, "~​": 1, "产品名": 1, "听说": 1, "思路": 1, "大屏": 1, "图片": 2, "沙雕": 1, "网友": 1, "欢乐": 1, "官宣": 1, "芯片": 5, "谢谢": 1, "半导体": 8, "之母": 1, "复旦": 1, "大学": 1, "女": 2, "校长": 1, "谢希德": 5, "上个月": 1, "公布": 1, "第二": 1, "世界": 2, "第四": 1, "7纳米": 1, "工艺": 1, "麒麟810": 1, "自主": 1, "研发": 1, "能力": 1, "再次": 1, "惊叹": 1, "国人": 1, "提气": 1, "关系": 1, "竞争力": 1, "背后": 1, "技术": 3, "早": 2, "1956年": 1, "研究": 4, "人才": 2, "培养": 1, "起步": 1, "这一切": 1, "归功": 1, "物理学家": 1, "百废待举": 1, "年代": 1, "我国": 1, "物理": 2, "表面": 1, "理论": 1, "撑起": 1, "投身": 2, "物理学": 2, "零": 1, "编写": 1, "教材": 1, "随之": 1, "诞生": 1, "枚": 1, "单晶硅": 1, "块": 1, "材料": 1, "支": 1, "晶体管": 1, "教育": 1, "事业": 1, "整整": 1, "48": 1, "大部分": 1, "电子": 1, "师承": 1, "追溯": 1, "去世": 1, "19": 1, "年后": 1, "足以": 1, "霸权主义": 1, "叫板": 1, "忘记": 1, "这位": 1, "杰出": 1, "女性": 1, "开课": 2, "电信": 3, "7月": 1, "14日": 2, "北京": 1, "世园": 1, "5G馆": 1, "举办": 1, "公益": 1, "科普": 1, "课堂": 2, "火热": 1, "酷炫": 1, "畅快": 1, "体验": 2, "奇妙": 1, "场景": 2, "惊喜": 1, "相遇": 1, "惊艳": 1, "亮相": 1, "网速": 1, "演示": 2, "高清": 2, "通话": 1, "超": 1, "快速率": 1, "画质": 1, "呈现": 1, "震撼": 1, "诠释": 1, "实力": 1, "不凡": 1, "天翼": 1, "​​​": 1, "不止": 1, "朋友圈": 2, "喜爱": 1, "照片": 2, "风格": 2, "好奇": 2, "全球": 2, "用户": 1, "相册": 1, "拍": 1, "份": 1, "联合": 1, "国际": 1, "摄影": 1, "中心": 3, "ICP": 1, "撰写": 1, "专业": 1, "报告": 1, "此前": 1, "超过": 1, "50万": 1, "件": 1, "参赛": 1, "作品": 1, "庞大": 1, "数据库": 1, "分析": 1, "15": 2, "趋势": 3, "带来": 1, "灵感": 1, "O": 1, "更新": 1, "揭秘": 1, "到底": 1, "火": 1, "好多": 1, "私信": 3, "生气": 1, "为啥": 1, "整段": 1, "好好": 1, "鉴定": 1, "实在": 1, "夸": 1, "尴尬": 1, "挺": 1, "里边": 1, "评论": 2, "写": 1, "赶快": 1, "链接": 1, "交": 1, "净网": 1, "潮": 1, "西安": 1, "图源网": 1, "国产": 1, "龙头": 1, "扛": 1, "把子": 1, "期待": 2, "台": 2, "脑补": 1, "样子": 1, "膜": 1, "花": 1, "L爱": 1, "电影": 1, "爱剧": 1, "大裁员": 2, "美媒": 1, "多达": 2, "数百": 2, "引述": 1, "知情": 1, "人士": 1, "此次": 1, "实验": 1, "环球": 2, "时报": 2, "O美媒": 1, "路子": 1, "够野": 1, "赞助": 1, "编": 1, "段子": 1, "供": 1, "娱乐": 2, "刚": 1, "看完": 1, "SSNI-518": 1, "讲述": 1, "吃饭": 1, "女主": 3, "发现": 1, "拍照": 2, "赞于": 1, "男主": 2, "日久生情": 1, "神奇": 1, "干": 1, "菜": 1, "烈火": 1, "故事": 1, "男": 2, "主问": 1, "型号": 1, "回答": 1, "Mate20Pro": 1, "主回": 1, "Huawei牛逼": 1, "结束": 1, "美企": 1, "获准": 2, "恢复": 1, "高级": 1, "官员": 1, "透露": 1, "2-4": 2, "颁发": 1, "许可证": 1, "迹象": 1, "总统": 1, "放松": 1, "推进": 1, "来源": 1, "O外媒": 1, "供货​": 1, "捅": 1, "刀子": 1, "恶人": 1, "孙正义": 1, "第一时间": 1, "放弃": 1, "日本": 1, "软银": 1, "ARM": 1, "合作": 1, "转投诺基亚": 1, "彭林": 1, "公开": 3, "质疑": 2, "宣传": 1, "人工": 1, "智能": 1, "合成": 1, "选择": 1, "起诉": 1, "道歉": 1, "方舟子": 1, "鸿蒙": 2, "留到": 1, "罗": 1, "玉凤": 1, "发": 1, "早就": 1, "垮": 1, "面对": 1, "足够": 1, "傲慢": 1, "自大": 1, "明白": 1, "赋能": 1, "8K": 1, "全联": 1, "接直": 1, "基站": 1, "交互": 1, "玩意": 1, "儿屏": 1}