{"十二月": 1, "二十二日": 1, "上海": 1, "华为": 58, "影像": 2, "不止": 1, "手机": 18, "艺术展": 1, "邀请": 1, "来到": 1, "西岸": 1, "艺术": 1, "中心": 1, "分享": 1, "幕后": 1, "创作": 4, "灵感": 2, "创意": 1, "现场": 1, "重温": 1, "P30Pro": 1, "拍摄": 1, "定格": 1, "动画": 1, "作品": 2, "大象": 1, "回过头": 1, "依然": 1, "这次": 1, "尝试": 1, "意义": 1, "非凡": 1, "技术": 3, "发展": 1, "权利": 1, "赋予": 1, "广阔": 1, "人群": 1, "提供": 1, "平等": 1, "载体": 1, "付诸": 1, "表达": 1, "或许": 1, "人人": 1, "时代": 1, "魅力": 1, "德国": 4, "留学生": 1, "：": 11, "忍受": 1, "2G": 5, "网络": 1, "5G": 4, "爸爸": 2, "救救": 1, "！": 23, "网": 2, "差": 1, "左上角": 1, "超市": 1, "诊所": 1, "车站": 1, "发": 2, "消息": 13, "网页": 1, "废物": 1, "听说": 1, "拒绝": 1, "签订": 1, "合约": 1, "指望": 1, "覆盖": 1, "4G": 1, "显示": 1, "H": 1, "high-speed": 1, "刷网": 1, "页查": 1, "地图": 2, "出门": 2, "活": 1, "欧洲": 1, "境内": 1, "旅游": 1, "天际": 2, "全球": 4, "套餐": 1, "买好": 1, "旅途": 1, "无忧": 1, "查": 1, "定位": 1, "发圈": 1, "星光": 1, "公益": 1, "超火": 1, "退层式": 2, "学霸": 5, "笔记": 5, "主人": 2, "真身": 1, "出镜": 1, "颜值": 1, "智商": 1, "！！": 1, "神仙": 1, "哥哥": 2, "拥有": 1, "话题": 2, "同款": 1, "入手": 2, "MatePad": 3, "Pro": 2, "笔记长": 3, "#L": 2, "吴煌": 2, "黑人": 3, "视频": 16, "​": 20, "黑": 1, "国人": 1, "挺": 3, "不仅仅": 1, "爱国": 1, "L来点": 3, "石锤": 3, "新机": 2, "采用": 4, "石墨烯": 23, "电池": 25, "官宣": 2, "删除": 4, "12月": 3, "24日": 5, "媒体": 6, "报道": 5, "称": 4, "明年": 1, "机型": 2, "P40Pro": 3, "有望": 1, "首款": 3, "影响": 2, "国内": 1, "概念股": 2, "开盘": 2, "涨": 1, "天奈": 1, "科技": 3, "、": 7, "金路": 1, "德尔未来": 1, "中科": 1, "电气": 1, "四": 1, "股": 3, "涨停": 2, "融钰": 1, "集团": 1, "道氏": 1, "欣旺达": 1, "格林美": 1, "涨幅": 1, "均": 1, "6%": 1, "消息源": 1, "法国": 8, "社交": 1, "官方": 13, "当地": 1, "时间": 1, "21日": 1, "官推": 1, "第一": 3, "推出": 1, "搭载": 1, "旗舰": 3, "公司": 1, "透露": 1, "45": 2, "分钟": 2, "内": 1, "100%": 1, "充电": 2, "记者": 2, "留意": 1, "截至": 2, "发稿": 2, "对此": 1, "不予置评": 1, "@": 6, "新京报": 1, "O华": 3, "成": 1, "萧河": 2, "快": 3, "漫画": 1, "xAa字": 1, "库xOPPO": 1, "vivo": 1, "主题": 1, "定制": 2, "字体": 1, "上线": 1, "~": 2, "屏华": 1, "苹果": 3, "可爱": 1, "哭泣": 1, "哭": 1, "条": 3, "推特": 4, "A股": 2, "暴涨": 2, "100亿": 3, "刚刚": 2, "逆转": 2, "首发": 1, "谣言": 3, "23日": 2, "晚间": 1, "即将": 1, "发布": 7, "高端": 1, "智能": 3, "早间": 1, "一路": 2, "高开": 2, "高走": 2, "德尔": 1, "未来": 1, "随后": 1, "指数": 4, "午间": 3, "收盘": 1, "上涨": 4, "3.84%": 1, "产品线": 4, "副总裁": 4, "李小龙": 2, "推文": 3, "改": 1, "攻": 1, "姿态": 1, "截止到": 1, "4.64%": 1, "板块": 5, "市值": 1, "半日": 1, "元": 1, "背后": 1, "都": 6, "蕴藏": 1, "无限": 1, "巧思": 1, "一针一线": 1, "工艺": 2, "看完": 1, "FreeBuds": 1, "3": 1, "款": 1, "古风": 3, "耳机": 3, "盒": 2, "制作": 1, "过程": 1, "竟然": 2, "治愈": 1, "感觉": 1, "L华": 2, "终端": 2, "秒拍": 2, "2019年": 2, "十大": 2, "贵": 2, "针对": 2, "消费": 1, "群体": 1, "划分": 1, "低": 5, "高等": 1, "档次": 1, "市面": 1, "第十": 1, "iPhone11ProMax": 1, "第九": 1, "Mate30": 2, "RS": 1, "保时捷": 1, "设计": 1, "第八：三星": 1, "GalaxyFold": 1, "第七": 1, "MateX": 1, "第六：8848": 1, "钛金": 1, "M5": 1, "巅峰榜": 1, "第五": 1, "小米": 4, "MIX阿尔法": 1, "第四：三星": 1, "W205G": 1, "第三：8848": 1, "M5祥": 1, "龙版": 1, "第二：vertuasterP哥特": 1, "系列": 2, "vertu": 1, "眼镜蛇": 1, "金": 1, "南": 1, "教授": 1, "深刻": 2, "解读": 1, "美国": 1, "打压": 1, "支持": 1, "耿爽": 2, "尴尬": 2, "不失礼貌": 2, "微笑": 2, "L建华": 1, "Wei业": 1, "mate30pro": 1, "广告": 1, "小白": 1, "拍": 1, "不服": 1, "战​": 1, "可能性": 1, "起码": 1, "三年": 1, "招人": 1, "本身": 1, "化学": 1, "领域": 1, "电子": 2, "回": 2, "很": 1, "电控": 1, "方案": 1, "也就是说": 1, "选中": 1, "智能化": 1, "赋能": 1, "这家": 1, "强强联合": 1, "模式": 3, "封锁": 1, "选": 1, "一家": 1, "海外": 1, "电池商": 1, "承载": 1, "汽车": 4, "BU": 1, "新增": 1, "量点": 1, "功能": 1, "上破": 1, "100": 1, "120": 1, "iPhone12": 1, "圣诞节": 2, "前夕": 1, "惨遭": 1, "国外": 1, "全方位": 1, "曝光": 1, "傻眼": 1, "全世界": 1, "沸腾": 1, "L名": 1, "模野子": 1, "头条": 1, "文章": 1, "高抛": 2, "低吸": 1, "": 2, "财经": 2, "每日": 1, "必读": 1, "赚钱": 2, "季": 1, "周二": 1, "/": 2, "光刻": 2, "胶": 2, "+": 2, "能源": 2, "锂电": 1, "股权": 1, "公告": 1, "金融": 1, "(": 1, "券商": 1, "分化": 1, "养殖": 1, "调整": 1, "观察": 3, ";": 1, "主板": 1, "缩量": 1, "预设": 1, "明日": 3, "回落": 1, "成交量": 2, "放大": 2, "强势": 3, "接力": 2, "亏": 1, "钱": 1, "效应": 2, "减缓": 1, "星期六": 1, "美联": 1, "新材": 1, "威唐": 1, "工业": 1, "情绪": 1, "标杆": 1, "空间板": 1, "高度": 1, "3板": 1, "首板": 1, "数量": 1, "增加": 1, "大概率": 1, "持平": 1, "反弹": 1, "短期": 1, "五日": 1, "线": 1, "反压": 1, "压力": 1, "2940-2990": 1, "区间": 1, "震荡": 1, "概率": 1, "吸": 3, "优": 1, "策略": 1, "主线": 1, "人气股": 1, "送": 1, "预期": 2, "创板": 1, "块": 1, "潜伏": 1, "轮动": 1, "补涨": 1, "吸富": 1, "一生": 1, "O高": 1, "抛低": 1, "辟谣石": 2, "墨烯": 2, "陶瓷": 2, "机身": 2, "近日": 1, "P40": 1, "提到": 1, "该机": 1, "容量": 1, "5000": 1, "mAh": 1, "体积": 2, "传统": 2, "缩小": 1, "30%": 1, "快捷": 1, "证实": 3, "截图": 1, "并非": 2, "信息": 2, "仅仅": 1, "谣传": 1, "传华": 1, "回应": 2, "此前": 2, "传闻": 2, "外媒": 1, "O传华": 1, "每次": 1, "奇闻": 2, "CP": 2, "杨凯雯rr": 3, "赵琦君Ryan": 2, "有种": 1, "老": 2, "母亲": 1, "心情": 1, "溜达": 1, "北京": 1, "胡同": 1, "心率": 1, "同频": 1, "WatchGT": 2, "新款": 1, "新年": 3, "红": 2, "戳动": 1, "心么": 1, "~L": 1, "黑科技": 1, "气息": 1, "敲敲": 1, "来临": 1, "戴上": 1, "GENTLEMONS": 1, "TER华": 2, "眼镜": 2, "出行": 1, "敲敲镜腿": 1, "听": 1, "歌接": 1, "电话": 1, "体验": 1, "LGENTLEMONS": 1, "刷到": 1, "一个": 1, "这不": 1, "小伙子": 1, "工具": 1, "玩": 1, "挺溜": 1, "平板": 1, "硬核": 1, "关注": 1, "份": 1, "Pro做": 1, "炫酷": 1, "风靡": 1, "吾皇": 1, "出圈": 1, "学习": 1, "有趣": 1, "Smartisnewsexy": 1, "不说": 1, "L吴煌": 1, "心愿": 1, "收": 1, "红包": 1, "瘦": 1, "斤": 1, "吃": 1, "胖": 1, "戳": 1, "游记": 1, "藏": 1, "美好": 1, "愿望": 1, "L杨": 1, "凯雯rr": 1, "难以置信": 1, "出自": 1, "口": 1, "人身": 1, "攻击": 1, "不禁": 1, "露出": 1, "想": 1, "骂": 1, "马甲": 1, "认证": 1, "代表": 2, "红米": 2, "语言": 1, "素质": 1, "形象": 1, "荣耀": 1, "估计": 1, "早": 1, "热搜": 1, "王": 1, "俊凯": 1, "圣诞": 3, "奇遇": 1, "过节": 1, "超": 1, "开心": 1, "拆": 3, "礼物": 3, "肯德基": 2, "超级": 1, "APP": 4, "首页": 1, "下拉": 1, "二楼": 1, "机会": 1, "赢": 2, "惊喜": 2, "26日": 1, "打开": 2, "免费": 2, "大餐": 1, "满满": 1, "领": 1, "餐​": 1, "TA": 1, "晚安": 1, "马上": 1, "走": 1, "尾声": 1, "盘点": 1, "阅读": 1, "书单": 1, "本书": 2, "留下": 1, "印象": 1, "带": 1, "满意": 1, "聊聊": 1, "读到": 1, "宝藏书": 1, "安利": 1, "转评": 1, "抽送": 1, "副": 1, "​O": 1, "抽奖": 1, "详情": 1, "iPhone11Pro": 1, "三星": 1, "GalaxyNote10": 1, "经得起": 1, "「": 1, "死亡": 1, "螺旋": 1, "楼梯": 1, "」": 1, "考验": 1, "跌落": 1, "节目": 1, "随机性": 1, "乐呵": 1, "TechRax": 1, "LZEALER": 1, "中国": 1, "市场": 2, "简单": 1, "ST": 1, "近期": 2, "暂且": 1, "提": 1, "昨天": 1, "直播": 1, "产业": 2, "基金": 2, "半导体": 1, "投资": 1, "精测": 1, "入股": 1, "过户": 1, "进一步": 1, "带动": 1, "炒作": 1, "奇怪": 1, "好像": 1, "澄清": 1, "太": 1, "逻辑": 1, "可持续": 1, "炒作线": 1, "FreeBuds#3": 1, "开挂": 1, "联合": 1, "设计师": 1, "佳冉": 1, "诠释": 1, "诗意": 1, "仙气": 1, "十足": 1, "喜欢": 1, "DxOmark三代": 1, "冠军": 1, "同台": 1, "mate30Pro5g": 1, "30p": 1, "cc9Pro": 1, "尊享版": 1, "夜景": 2, "变焦": 1, "切换": 2, "镜头": 2, "为啥": 1, "↓↓↓": 1}