{"任正非": 9, "：": 14, "美国": 20, "科技": 11, "创新": 9, "能力": 9, "华为": 44, "崇拜": 9, "近日": 7, "接受": 4, "华尔街": 4, "日报": 4, "采访": 4, "追": 4, "5G": 6, "学习": 4, "文化": 5, "改变": 4, "@": 10, "老板": 5, "联播L": 1, "联播": 4, "视频": 22, "​": 22, "TFBOYS": 9, "易烊": 14, "千玺": 12, "打来": 1, "nova6": 4, "通话": 3, "邀请": 4, "快": 2, "点开": 1, "L": 7, "收到": 2, "一个": 6, "​​​": 2, "看完": 1, "金鸡": 1, "百花": 1, "手机": 14, "电影": 5, "震惊": 1, "~": 5, "院线": 1, "放映": 1, "条": 1, "思路": 1, "很": 2, "妙": 1, "不说": 1, "质感": 1, "什么的": 2, "真的": 1, "想想": 1, "现场": 1, "导演": 1, "摸": 1, "喊": 2, "开机": 1, "画面": 1, "蛮": 1, "有意思": 1, "推荐": 1, "样子": 1, "全场": 1, "笑": 1, "带": 2, "泪": 1, "精彩": 1, "！": 15, "O": 1, "|": 1, "强华": 1, "MatePad": 1, "这次": 1, "带来": 2, "惊喜": 2, "体验": 2, "11月": 3, "25日": 3, "上海": 3, "L华": 1, "终端": 1, "官方": 1, "同学": 1, "12月": 3, "5日": 2, "武汉": 3, "发布": 2, "会见": 1, "Sound": 4, "家族": 2, "成员": 2, "X来": 2, "MateX换": 1, "屏幕": 7, "7080": 5, "元": 11, "网友": 3, "维修费": 1, "买": 1, "官网": 2, "公布": 6, "MateX": 6, "维修": 4, "备件": 2, "价格": 6, "组件": 2, "贵": 2, "高达": 2, "电池": 4, "更换": 2, "278": 2, "主板": 3, "3579": 2, "盖单": 2, "361": 2, "吐槽": 2, "维修价": 2, "都": 8, "买台": 2, "Mate30Pro5G": 2, "时间": 3, "财经": 3, "一心一意": 1, "nova65G": 1, "电话": 1, "或许": 1, "想念": 1, "IAdoreYou": 1, "KIAdoreYou": 1, "千玺​": 1, "抛开": 1, "iOS": 1, "对比": 1, "国内": 2, "主流": 1, "UI": 1, "EMUI": 2, "、": 12, "锤子": 1, "SmartianOS": 1, "小米": 4, "MIUI": 1, "魅族": 1, "Flyme": 1, "OPPO": 3, "ColorOS": 1, "vivoFuntouchOS": 1, "才": 1, "心中": 1, "王者": 1, "伤": 1, "": 2, "遇见": 3, "逆水寒阿遇": 1, "分享": 3, "件": 1, "超": 1, "超超": 1, "开心": 1, "事情": 1, "小伙伴": 1, "研发": 2, "项": 1, "美丽": 1, "黑科技": 3, "此前": 1, "从来": 1, "移动端": 1, "实时": 1, "光线": 2, "追踪": 1, "技术": 2, "逆水": 1, "寒里": 1, "成功": 1, "包含": 1, "此项": 1, "玩法": 2, "进一步": 1, "开发": 1, "见面": 1, "小伙伴们": 1, "心上人": 1, "泛舟": 1, "西湖": 1, "烛火": 1, "中共": 1, "星光": 1, "镜": 1, "君": 1, "挽发": 1, "变化": 1, "美的": 1, "江湖": 1, "阿遇": 2, "太": 2, "懂": 1, "变美": 1, "666": 1, "成L": 1, "逆水寒": 1, "金灿荣": 2, "香港": 6, "演讲": 1, "趴下": 1, "五": 3, "老二": 1, "国家": 1, "中国": 4, "优点": 1, "发起": 1, "贸易战": 1, "封杀": 1, "干涉": 1, "事务": 1, "皆": 1, "遏制": 1, "发展": 2, "以此": 1, "保住": 1, "长期": 1, "领域": 1, "综合": 1, "国力": 1, "霸主": 1, "地位": 1, "守护": 1, "剑桥": 1, "大学": 1, "取消": 1, "地区": 1, "面试": 1, "康辉": 2, "喊话": 2, "高院": 2, "#O": 1, "网页": 1, "链接": 1, "平时": 1, "喜欢": 1, "拍摄": 1, "短片": 1, "朋友们": 1, "报名": 1, "参加": 1, "试试": 1, "踊跃": 1, "作品": 1, "大众": 1, "这项": 1, "艺术": 1, "倾倒": 1, "设备": 1, "革新": 1, "语言": 1, "愈加": 1, "多元": 1, "携手": 1, "第28": 1, "届": 1, "金": 1, "鸡百": 1, "花": 1, "电影节": 1, "正式": 1, "开启": 1, "影像": 1, "·": 1, "影片": 1, "竞赛": 1, "评论区": 2, "详情": 1, "创作": 1, "Mate30": 1, "重构": 1, "想象": 1, "头条": 1, "文章": 1, "耐心": 2, "狩猎": 3, "每日": 1, "必读": 1, "赚钱": 1, "季": 1, "周三": 1, "游戏": 1, "+": 6, "股权": 1, "避险": 1, "反制": 1, "品种": 1, "黄金": 1, "稀土": 1, "农业": 1, "/": 1, "区块链": 1, "穿戴": 1, "智能": 4, "分化": 1, "放量": 1, "下跌": 1, "预设": 1, "明日": 2, "调整": 1, "观察": 2, "成交量": 1, "放大": 2, "强势": 1, "股": 1, "接力": 1, "亏": 1, "钱": 1, "效应": 1, "鼎龙": 1, "情绪": 1, "标杆": 1, "空间板": 1, "高度": 1, "5板": 1, "首板": 1, "数量": 1, "减少": 1, "消息面": 1, "影响": 1, "短期": 1, "降低": 1, "风险": 2, "偏好": 1, "优": 1, "策略": 1, "企稳": 1, "信号": 1, "低": 2, "吸": 1, "主线": 1, "板块": 2, "人气股": 1, "超跌": 1, "轮动": 1, "吸富": 1, "一生": 1, "Ps:2870": 1, "机会": 2, "大于": 1, "O耐心": 1, "千": 3, "玺": 3, "少年": 1, "千玺华": 1, "nova": 1, "全球": 4, "代言人": 1, "翻": 1, "周年": 1, "黑屋": 1, "带走": 1, "小北": 1, "特色": 1, "真酷": 1, "崽崽": 1, "辛苦": 1, "棒": 1, "L星闻": 1, "揭秘": 1, "秒拍": 4, "冷": 1, "音乐": 1, "化作": 1, "暖流": 1, "温暖": 1, "戴上": 2, "FreeBuds#3": 2, "自在": 2, "听歌": 2, "设线": 1, "冬日": 1, "歌单": 1, "​​": 4, "据说": 1, "折腾": 1, "台式机": 1, "操作": 2, "系统": 2, "中软": 1, "麒麟": 1, "深度": 1, "机器": 1, "鲲鹏": 2, "920": 2, "这是": 1, "台": 1, "CPU": 2, "自主": 1, "销售": 1, "明年": 1, "政策": 1, "采购": 1, "部份": 1, "难怪": 1, "软": 1, "消息": 1, "百度": 1, "出货量": 3, "增长": 2, "集聚": 1, "知名": 1, "市场": 1, "调研": 1, "机构": 1, "IDC": 1, "数据": 1, "2019年": 1, "第三": 1, "季度": 2, "同比": 1, "0.8%": 1, "扭转": 1, "连续": 1, "7": 1, "下滑": 1, "趋势": 1, "占据": 1, "前五": 1, "品牌": 2, "三星": 1, "苹果": 2, "L界": 1, "面Vnews": 1, "央视": 2, "偏心": 1, "民族": 1, "独宠": 1, "著名": 1, "主持人": 1, "手中": 1, "Mate30pro": 1, "亮": 1, "发布会": 2, "5号": 1, "有空": 1, "东西": 1, "一点": 1, "12.5": 1, "不见不散": 1, "陈": 1, "坤锤": 1, "L影": 1, "视剧": 1, "未央": 1, "盲人": 1, "模式": 1, "降伏": 1, "很多": 1, "解锁": 1, "方式": 1, "办法": 1, "着急": 1, "参考": 1, "希望": 1, "荣耀": 2, "功能": 1, "期待": 2, "L五月": 1, "数码": 1, "废话": 1, "肯定": 2, "大哥": 1, "隔壁": 1, "多久": 1, "XXXX": 1, "耀": 1, "这才": 1, "人人": 1, "月入": 1, "百万": 1, "手": 1, "iPhone11": 1, "Mate30Pro": 1, "地铁": 1, "粉红色": 1, "四五年": 1, "机型": 1, "联发科": 1, "处理器": 1, "低端机": 1, "配置": 1, "不行": 1, "一天天": 1, "别何": 1, "食": 1, "肉糜": 1, "中低端机": 1, "够用": 1, "千玺会": 1, "搬好": 1, "板凳": 1, "nova星": 1, "#L": 1, "追星": 1, "阿姨": 1, "李纳尼": 1, "网红": 1, "出名": 1, "出轨": 1, "上市": 1, "上头": 1, "！！！": 1, "蒙娜丽莎": 1, "立体": 1, "真人": 1, "够野": 1, "V30": 1, "第一": 1, "拥有": 1, "L无穷花开啦啦": 1, "线": 1}