{"全球": 6, "5G": 21, "芯片": 10, "厂商": 3, "5": 3, "能力": 5, "研发": 10, "制造": 1, "基带": 1, "企业": 11, "：": 30, "华为": 87, "海思": 1, "、": 31, "高通": 4, "三星": 3, "联发科": 1, "紫光": 1, "展锐": 1, "占据": 1, "2,3,4g": 1, "专利": 6, "主导权": 1, "看好": 3, "​": 12, "李": 6, "武汉": 4, "揭秘": 3, "！": 12, "大红": 1, "变身": 1, "手机": 12, "工程师": 1, "荣耀": 10, "设计": 3, "20S": 2, "命名": 2, "蝶羽蓝": 1, "~": 1, "这次": 2, "李现": 5, "跨界": 2, "作品": 1, "回应": 5, "美": 2, "司法部": 4, "调查": 7, "动用": 1, "国家": 15, "机器": 1, "骚扰": 1, "业务": 1, "世界": 8, "一家": 2, "‘": 2, "偷窃": 2, "’": 2, "领先": 3, "高科技": 2, "针对": 2, "美国": 11, "华尔街": 3, "日报": 3, "8月": 3, "30日": 2, "窃取": 3, "商业": 4, "秘密": 2, "展开": 2, "消息": 4, "9月": 8, "3日": 7, "发表": 1, "严正": 2, "声明": 5, "予以": 2, "列出": 1, "政府": 5, "公平": 1, "打压": 4, "公司": 17, "九": 2, "宗": 2, "罪": 2, "报道": 6, "涉嫌": 2, "技术": 7, "盗窃": 1, "知情": 1, "人士": 2, "称": 3, "5月": 1, "刊登": 1, "篇": 2, "内容": 1, "重叠": 1, "包括": 5, "葡萄牙": 2, "多媒体": 1, "制作人": 1, "RuiPedroOliveira处": 1, "智能": 4, "摄像头": 2, "拿出": 1, "证据": 1, "证实": 1, "来源于": 1, "抄袭": 1, "坚信": 2, "自主": 6, "产品": 10, "侵权": 4, "提供": 2, "翔实": 1, "材料": 1, "证明": 2, "Oliveira": 1, "持续": 2, "媒体": 6, "扭曲": 1, "事实": 2, "抹黑": 2, "试图": 1, "高层": 1, "施压": 1, "屈服": 1, "支付": 1, "高额": 1, "费用": 2, "奉劝": 1, "美方": 3, "高估": 1, "造谣": 1, "低估": 1, "别人": 3, "判断": 2, "中国": 10, "外交部": 1, "发言人": 1, "耿爽": 1, "例行": 1, "记者会": 1, "中方": 1, "敦促": 1, "停止": 3, "泛化": 1, "错误": 2, "做法": 1, "蓄意": 1, "指责": 1, "无理": 1, "污蔑": 1, "真实": 1, "意图": 1, "秉持": 1, "公正": 1, "客观": 1, "立场": 1, "都": 16, "对此": 1, "清清楚楚": 1, "明明白白": 1, "O": 1, "出新": 1, "招华": 1, "列数": 1, "反击": 1, "南方": 4, "电网": 4, "部署": 5, "鲲鹏": 5, "CPU": 5, "取代": 1, "英特尔": 1, "联合": 1, "发布会": 7, "率先": 1, "深圳": 4, "电力": 3, "行业": 5, "国产": 2, "生态": 2, "体系": 2, "供电局": 2, "信息": 6, "中心": 2, "副主任": 1, "庞宁": 1, "介绍": 2, "供电": 1, "系统": 5, "基于": 4, "服务器": 2, "存储": 2, "控制": 3, "高斯": 1, "数据库": 2, "模式": 1, "核心": 1, "操作": 2, "国外": 2, "可控": 1, "这是": 2, "首次": 2, "大规模": 1, "全国": 1, "软硬件": 1, "具备": 1, "替代": 1, "类型": 1, "O华": 3, "昇腾": 1, "处理器": 1, "成功": 3, "我国": 1, "聚焦": 1, "20s": 4, "Vs": 1, "赵明": 2, "年轻人": 1, "+": 4, "鸿蒙": 3, "4日": 1, "晚": 2, "7点": 2, "正式": 1, "亮相": 1, "当红": 1, "小生": 1, "@": 8, "李现ing": 3, "现场": 1, "掀开": 1, "场": 1, "青春": 2, "超级": 1, "对话": 1, "今晚": 1, "业务部": 1, "总裁": 1, "给出": 1, "最新": 1, "界面": 1, "新闻": 1, "记者": 6, "杨宏明": 1, "摄像": 1, "黄薇": 1, "实习": 1, ")": 2, "导播": 1, "王咏雅": 1, "编辑": 1, "涼音": 1, "观见": 1, "GLIVE": 1, "直播": 1, ".": 1, "夸张": 1, "？？？？？​": 1, "卖": 2, "东西": 2, "进去": 1, "Mate30Pro": 5, "好看": 4, "iPhone11": 3, "苹果": 3, "名": 2, "曝": 1, "渲染": 3, "厂家": 1, "发布": 6, "款": 3, "980": 2, "公布": 1, "一个": 19, "参数": 1, "支持": 5, "网络": 3, "Sub6G": 1, "Hz": 1, "频段": 1, "2.55": 1, "Gbps": 2, "下载": 1, "速率": 3, "热烈": 1, "讨论": 1, "3G": 3, "PPR-15": 1, "协议": 1, "标准": 1, "100MHz": 1, "带": 1, "宽能": 1, "理论": 1, "2.34": 1, "MTK": 1, "对外": 1, "宣称": 1, "2.3Gbps": 1, "突破": 3, "极限": 1, "奇迹": 1, "发生": 1, "德国": 2, "·": 1, "柏林": 1, "法律": 6, "消费": 2, "价值": 2, "法务": 3, "年薪": 3, "200万": 4, "中国人": 1, "冲击力": 1, "实际上": 2, "营业": 1, "收入": 2, "一亿": 1, "律师": 5, "事务所": 2, "相当于": 1, "制造业": 1, "房地产业": 1, "50亿": 1, "年产值": 1, "纯现": 1, "金流": 1, "成本": 2, "比例": 1, "盈利": 1, "超过": 2, "一半": 1, "上市": 2, "利润": 2, "服务": 2, "产业": 1, "既有": 1, "政治": 2, "功能": 3, "社会": 3, "经济": 1, "公民": 2, "早": 3, "一点": 3, "走": 3, "很多": 7, "弯路": 1, "事情": 5, "主管": 1, "想": 9, "数字": 4, "描述": 1, "第一": 3, "法务部": 1, "员工": 5, "500多": 1, "大块": 1, "部门": 4, "知识": 1, "产权": 1, "500": 2, "聘律": 2, "所在": 1, "都会": 1, "3": 2, "合作": 4, "三": 4, "律所": 1, "分工": 1, "第二": 2, "业务量": 1, "大概": 5, "4000亿": 4, "交易": 2, "规模": 2, "销售额": 2, "2400亿": 1, "加上": 3, "电信": 1, "设备": 1, "采购": 1, "基建": 1, "至少": 1, "合同": 3, "评审": 1, "风险": 1, "负责": 1, "第三": 5, "纠纷": 1, "1000多": 1, "件": 6, "总共": 1, "100多": 2, "五六十": 1, "第四": 1, "数量": 2, "基本上": 2, "平均": 2, "5000": 1, "申请": 1, "7万": 1, "85%": 1, "发明": 1, "10%": 2, "用来": 3, "金额": 1, "预言": 1, "去年": 1, "20亿": 1, "投入": 2, "生产": 1, "O法务": 1, "一it男": 1, "现实": 1, "好好": 1, "地上": 1, "课": 1, "Onleaks": 1, "放出": 3, "此前": 1, "曝光": 1, "海报": 2, "后置": 1, "奥利奥": 1, "四": 6, "摄": 2, "CD纹": 1, "正面": 1, "刘海": 1, "尺寸": 1, "Mate20Pro": 1, "缩小": 1, "3D": 1, "结构": 1, "整体": 1, "方正": 1, "外观": 1, "10分": 1, "几分": 1, "OnLeaks": 1, "抖": 1, "音": 2, "真的": 4, "刷": 1, "易烊": 1, "千": 1, "玺": 1, "字": 5, "弟弟": 1, "yyqx": 1, "唱歌": 4, "yy": 2, "qx": 6, "跳舞": 1, "帅好": 1, "听": 2, "szdd四": 1, "四字帅": 1, "好听yy": 1, "x华为yyqx": 1, "中戏": 1, "双料": 1, "第一yyqx帅yy": 1, "casescyyqx": 1, "对不起yy": 1, "千禧龙yy": 1, "qxlyyqxinsyyqxdvyyqx": 1, "舞台": 1, "yyqxysfyy": 1, "casescyy": 1, "qx猫yyqx": 1, "L予": 1, "视频": 4, "现荣": 1, "耀潮": 1, "时尚": 1, "大使": 1, "全世界": 2, "安利": 1, "援": 1, "公告": 1, "✨": 2, "限定": 1, "美好": 1, "✨✨": 1, "LoveisInfinity": 1, "本次": 1, "应援": 2, "仓促": 1, "主办方": 1, "联络": 1, "抱": 1, "也许": 1, "心态": 3, "皮": 1, "秃头": 1, "扛": 1, "易拉宝": 1, "手幅": 2, "万万": 1, "想到": 1, "…": 1, "略": 1, "简陋": 2, "请": 2, "包涵": 1, "场景": 2, "入口处": 2, "左边": 1, "有序": 1, "打卡txbb们": 1, "乖乖": 1, "遵守": 1, "场馆": 2, "纪律": 1, "说不定": 1, "小李": 1, "暗中": 1, "观察": 1, "领取": 1, "秃头们": 1, "有限": 1, "先到先得": 1, "希望": 5, "喜欢": 2, "工作室": 1, "郭明錤": 1, "推测": 1, "预计": 4, "明年": 1, "市场": 4, "占比": 1, "有望": 1, "50%": 1, "国内": 2, "增量": 2, "对冲": 1, "海外": 1, "被禁": 1, "减量": 1, "关键": 1, "众": 1, "做好": 1, "竞争": 1, "毕竟": 2, "OV": 1, "优势": 1, "地方": 4, "4G": 8, "超前": 1, "发展": 3, "基础": 1, "设施": 1, "后续": 2, "晃晃悠悠": 1, "水平": 2, "演变": 1, "供应链": 1, "票": 1, "指向": 1, "前瞻性": 1, "韩": 1, "吃掉": 1, "一部分": 1, "份额": 1, "地区": 3, "且不说": 1, "亚非": 1, "拉": 1, "土": 1, "澳": 1, "未来": 1, "很": 9, "长": 1, "段": 1, "时间": 3, "停留": 1, "测算": 1, "业绩": 1, "慎重": 1, "比方说": 1, "金立": 1, "复活": 1, "认认真真": 1, "口": 1, "剩菜": 1, "吃": 1, "苟活": 1, "一大早": 1, "5GSoCExynos9808": 1, "nm": 1, "工艺": 2, "A77": 1, "大核": 1, "6": 2, "A55": 1, "小核": 1, "2K": 1, "分辨率": 1, "显示": 1, "4K120": 1, "帧": 1, "拍摄": 1, "亿像素": 1, "这块": 1, "开挂": 1, "后天": 1, "发": 4, "990": 2, "干": 3, "翻": 1, "男友": 1, "自爆": 1, "新款": 1, "蝶羽": 1, "蓝": 1, "优秀": 3, "本秀": 1, "~​": 1, "全新": 2, "手表": 5, "采用": 2, "近日": 1, "有媒": 1, "提前": 1, "GT2": 2, "官方": 1, "宣传图": 1, "运行": 1, "OS": 1, "据悉": 1, "检验": 1, "机构": 1, "认证": 1, "19日": 2, "Mate30": 3, "系列": 4, "A股": 1, "奋达": 1, "科技": 3, "推出": 1, "客户": 6, "卓翼": 1, "主营": 1, "电子": 1, "终端": 1, "战略": 1, "伙伴": 1, "中证": 1, "资讯": 1, "旗舰": 2, "重磅": 2, "4": 2, "配置": 2, "麒麟990": 5, "首款": 2, "5GSoC": 3, "透露": 1, "新机": 1, "慕尼黑": 1, "Mate30Pro配": 1, "奢华": 1, "徕卡": 1, "电影": 1, "镜头": 1, "国际版": 1, "推": 2, "5G版": 1, "版": 1, "旗舰版": 1, "麒麟": 1, "外媒": 1, "剧透": 1, "着重": 1, "写": 2, "重构": 1, "进化": 1, "RethinkEvolution": 1, "7nmFinFETPlusEUV": 1, "左下角": 1, "小字": 1, "参观": 1, "6.2A": 1, "大厅": 1, "101": 1, "展位": 1, "网友们": 1, "期待": 1, "李": 1, "现#": 1, "高清": 1, "4pYou": 1, "aresospecialtome": 1, "goodnight": 1, "盗": 1, "海峰": 1, "SOC": 2, "牛": 1, "块": 1, "确实": 2, "太": 2, "悲壮": 1, "崛起": 1, "贡献": 3, "打的": 1, "惨": 1, "狠": 1, "不说": 1, "": 1, "现𝟚": 1, "𝟘𝟙": 1, "𝟡𝟘": 2, "𝟜华": 1, "星河": 1, "皆": 1, "收藏": 1, "李现ing​": 1, "50多": 2, "商用": 2, "昨天": 2, "30号": 1, "刑事": 1, "提及": 1, "事件": 1, "近期": 1, "工作": 3, "动态": 1, "市": 1, "医院": 11, "受邀": 2, "展示": 1, "第五": 1, "届": 1, "亚太": 3, "创新": 3, "成都": 5, "本届": 1, "主题": 1, "为数字化": 1, "产业界": 1, "学术界": 1, "代表": 3, "齐聚": 1, "探讨": 1, "人文": 1, "自然": 2, "热点": 1, "话题": 1, "2日": 1, "—": 1, "会议": 2, "期间": 1, "25": 1, "外国": 1, "成都市": 1, "人民": 4, "智慧": 1, "医疗": 2, "体验": 1, "全视屏": 1, "畅享": 1, "10Plus": 1, "亮点": 1, "5日": 1, "14:00": 1, "设限": 1, "揭晓": 1, "头条": 1, "文章": 1, "7": 3, "财务": 4, "经理": 2, "离职": 2, "任正非": 31, "这才": 3, "样​": 1, "联通": 2, "助力": 1, "专家": 6, "百公里": 2, "尝试": 1, "远程": 3, "超声": 3, "会诊": 3, "下午": 1, "华大": 1, "智造": 1, "利用": 1, "蒲江县": 1, "医生": 5, "实时": 3, "蒲江": 2, "患者": 3, "检查": 1, "画面": 1, "传输": 2, "会诊室": 1, "延时": 1, "交流": 1, "对方": 1, "诊断": 2, "速度": 1, "稳定": 1, "画质": 1, "清晰": 1, "三甲": 1, "方式": 1, "乡村": 1, "偏远": 1, "病情": 2, "疑难": 1, "当地": 1, "准确": 1, "治疗": 1, "视": 1, "频L": 1, "秒拍": 1, "鲜为人知": 1, "9": 2, "故事": 2, "假扮": 1, "食堂": 10, "师傅": 10, "做生意": 3, "坑": 3, "1": 1, "才": 4, "衣食": 1, "父母": 3, "内部": 2, "流传": 1, "新疆": 2, "办事处": 2, "视察": 1, "主任": 3, "刚": 3, "一线": 1, "提拔": 1, "新官": 1, "表达": 1, "重视": 1, "租": 1, "辆": 1, "加长": 1, "林肯": 1, "机场": 1, "迎接": 2, "飞机": 1, "轿车": 1, "炸": 1, "指": 1, "鼻子": 1, "开骂": 1, "浪费": 4, "纯属": 1, "还要": 1, "亲自": 1, "办公室": 1, "陪": 1, "坐": 1, "车": 1, "衣食父母": 1, "放在": 1, "身上": 1, "老总": 3, "1994年": 1, "金": 5, "森林": 6, "新人": 1, "安排": 1, "车间": 2, "承担": 1, "测试": 3, "物料": 1, "协调": 1, "程控": 1, "交换机": 1, "量产": 1, "阶段": 1, "工具": 1, "加快": 1, "进度": 1, "不得不": 1, "睡": 4, "机房": 1, "送饭": 1, "有一天": 1, "晚上": 1, "模样": 1, "老头儿": 1, "前来": 1, "慰问": 1, "身后": 1, "厨子": 1, "餐车": 1, "车上": 1, "摆放": 1, "米饭": 1, "新鲜": 1, "鱼汤": 1, "结束": 1, "难得": 1, "找": 2, "小憩": 1, "一会儿": 1, "起身": 1, "回": 1, "发现": 2, "那位": 1, "送": 1, "餐": 1, "举办": 1, "座谈会": 2, "参加": 1, "得知": 2, "激动": 1, "名字": 4, "传入": 1, "耳朵": 2, "特地": 1, "早早": 1, "赶到": 1, "会场": 1, "笑": 1, "问金": 1, "参会": 1, "支支吾吾": 1, "心想": 1, "凑热闹": 1, "奇怪": 1, "穿": 1, "白": 1, "大褂": 1, "西装革履": 1, "训话": 1, "金森林": 1, "惊呆": 1, "上台": 2, "竟然": 1, "来到": 1, "200多万": 2, "自述": 1, "创建华": 1, "军官": 1, "南油": 4, "集团": 3, "副总经理": 1, "市场经济": 2, "管理": 1, "方法": 1, "只好": 1, "辞职": 1, "缺乏": 1, "生活": 5, "熟悉": 1, "面临": 1, "转型": 1, "懂": 4, "生存": 1, "困难": 4, "边缘化": 1, "自称": 1, "导致": 2, "货款": 1, "收": 1, "回来": 1, "内地": 1, "城市": 1, "月工资": 1, "100": 1, "元": 2, "情况": 1, "国企": 1, "铁饭碗": 1, "丢": 1, "家庭": 1, "事业": 1, "状况": 1, "夫人": 1, "转业": 1, "领导层": 1, "下属": 1, "连续": 1, "亏损": 1, "油水": 1, "弟妹": 1, "住": 1, "压力": 3, "最终": 1, "解体": 1, "绝不": 1, "一点点": 1, "差错": 1, "2001年": 1, "杭州": 1, "拜访": 1, "召集": 1, "号": 1, "开会": 1, "杭办": 2, "通知": 2, "电气": 1, "培训": 1, "到场": 1, "责任": 1, "在于": 1, "一把手": 1, "干部": 1, "部降": 1, "工资": 1, "处罚": 1, "下次": 1, "内蒙姑娘": 1, "放弃": 2, "自杀": 4, "念头": 2, "索尼": 1, "CEO": 1, "44": 1, "岁": 1, "创业": 3, "有没有": 1, "当初": 3, "定下": 1, "目标": 1, "回答": 1, "建厂": 1, "走到": 1, "穷困潦倒": 1, "地步": 1, "老婆": 1, "孩子": 1, "养": 1, "只能": 1, "走向": 1, "背后": 1, "夸大": 1, "处境": 1, "想法": 1, "苦": 1, "2000年": 1, "2002年": 1, "那时候": 1, "IT": 1, "泡沫": 1, "运营": 1, "半年": 1, "大半": 1, "夜里": 1, "惊醒": 1, "2006年": 1, "吃饭": 1, "这时候": 1, "内蒙": 1, "姑娘": 1, "歌": 1, "美元": 1, "价格": 1, "贫苦": 1, "农民": 1, "脸上": 1, "洋溢": 1, "微笑": 1, "兴奋": 1, "乐观": 1, "热爱": 1, "流": 1, "泪": 1, "从此": 1, "土豆": 2, "压境": 1, "民族": 1, "英雄": 3, "接受": 2, "称号": 1, "狗熊": 1, "从来": 1, "商业性": 1, "商品": 4, "买卖": 1, "态度": 1, "时代": 1, "买": 1, "爱国": 1, "开放": 1, "干什么": 4, "喜好": 1, "关系": 1, "炒作": 1, "有时候": 1, "偏激": 2, "思想": 1, "民粹主义": 1, "好处": 1, "民众": 1, "面对": 1, "平平静静": 1, "老老实实": 1, "种地": 1, "一句话": 2, "取名": 3, "随意": 2, "注册": 1, "墙上": 1, "中华": 1, "有为": 1, "标语": 1, "顺手": 1, "发音": 3, "闭": 1, "口音": 1, "响亮": 1, "夏威夷": 2, "英文": 1, "hawaii": 1, "老外": 1, "读错": 1, "十几": 3, "争议": 1, "改掉": 1, "改": 1, "教": 1, "外国人": 1, "老念": 1, "8": 1, "基站": 2, "建": 2, "珠穆朗玛峰": 3, "原因": 1, "钱": 2, "赚": 1, "挽救": 1, "登山者": 1, "性命": 1, "人命": 1, "大于": 1, "追逐": 1, "利益": 1, "断然": 1, "建设": 1, "维护": 1, "赶上": 1, "追求": 2, "资本": 1, "报表": 1, "漂亮": 1, "人类": 1, "理想": 1, "奋斗": 1, "格局": 1, "企业家": 1, "不禁": 1, "想起": 1, "侠": 1, "大者": 1, "为国为民": 1, "天天": 2, "玩": 2, "电脑": 2, "谈恋爱": 1, "俄罗斯": 2, "小伙子": 3, "科学家": 1, "大数学家": 1, "早上": 1, "合适": 1, "女朋友": 1, "会谈": 1, "恋爱": 1, "数学": 1, "五万": 1, "人员": 1, "莫斯科": 1, "招呼": 1, "完了": 2, "院士": 2, "牌牌": 1, "讲话": 1, "中国话": 2, "翻译": 1, "善于": 1, "打交道": 1, "默默无闻": 1, "告诉": 1, "2G": 1, "算法": 1, "讲": 1, "马上": 1, "上海": 1, "实验": 2}