{"加拿大": 60, "鹅": 28, "暴跌": 17, "拘押": 5, "华为": 52, "首席": 4, "财务官": 4, "孟晚舟": 48, "掀起": 4, "巨浪": 4, "波及": 4, "本国": 4, "企业": 15, "12月": 11, "6日": 4, "羽绒服": 15, "制造商": 7, "、": 14, "纽约": 4, "股票": 4, "交易所": 4, "上市": 4, "公司": 20, "股价": 30, "8.44%": 4, "上周五": 4, "收盘": 4, "进一步": 4, "下挫": 4, "6.64%": 4, "报收": 4, "每股": 4, "58.45": 4, "美元": 4, "10日": 13, "早盘": 4, "跌势": 4, "颓势": 8, "鲜明": 8, "对比": 8, "中国": 24, "本土": 8, "知名": 6, "品牌": 8, "波司登": 14, "港股": 8, "表现": 8, "抢眼": 8, "涨幅": 8, "接近": 8, "14%": 8, "创出": 8, "五": 8, "新高": 11, "剩下": 1, "场": 4, "硬仗": 1, "孟": 5, "女士": 9, "律师": 3, "国外": 1, "长期": 2, "法律战": 1, "细节": 2, "坏": 1, "打算": 1, "尽可能": 1, "国家": 11, "分割": 1, "父亲": 1, "忍痛": 1, "国内": 1, "5G": 2, "攻坚战": 1, "抗击": 1, "各国": 2, "围剿战": 1, "忍辱负重": 1, "父女": 1, "选择": 1, "明年": 1, "耗费": 1, "精神力": 1, "成功": 3, "牺牲": 1, "才": 1, "价值": 1, "承担": 1, "不少": 2, "爱国者": 1, "敬佩": 1, "理解": 1, "高管": 11, "回应": 4, "处罚": 6, "买": 4, "iPhone": 2, "员工": 12, "：": 16, "都": 14, "特朗普": 4, "梦派": 5, "集团": 6, "官网": 3, "发布": 2, "声援": 6, "通知": 2, "公告": 2, "称": 8, "购买": 6, "中兴": 7, "手机": 11, "给予": 4, "补贴": 4, "；": 2, "苹果": 5, "100%": 2, "总经理": 2, "罚完": 2, "找": 2, "麻烦": 2, "确实": 2, "太": 5, "过分": 3, "道德": 2, "扣": 2, "奖金": 2, "L": 5, "新京报": 3, "视频": 14, "秒拍": 8, "2018": 2, "倒计时": 1, "感谢": 1, "支持": 1, "相伴": 1, "！": 2, "期待": 1, "关注": 1, "转发": 1, "聊聊": 1, "未": 3, "心愿": 1, "送出": 1, "份": 1, "圣诞节": 1, "大礼包": 1, "台": 1, "Mate20": 1, "一个": 3, "运动": 2, "心率": 1, "蓝牙": 1, "耳机": 1, "R1Pro": 1, "手环B5": 1, "下周五": 1, "@": 5, "抽奖": 1, "平台": 1, "公布": 1, "WISHTHEBEST": 1, "WITHTHEBESTO": 1, "网页": 1, "链接": 2, "CFO": 3, "被捕": 3, "保释": 17, "听证": 10, "结论": 6, "明天": 2, "当地": 5, "时间": 6, "上午": 3, "10点": 2, "不列颠哥伦比亚": 3, "高等": 4, "法院": 4, "当天": 3, "警戒": 1, "等级": 1, "20厅": 1, "此次": 2, "法官": 7, "11日": 6, "央视": 4, "记者": 2, "张森": 1, "​": 9, "第二": 3, "华人": 4, "庭外": 2, "抗议": 2, "高举": 1, "放人": 1, "标语": 4, "听证会": 7, "举起": 2, "FREEMS.MENG": 1, "WELO": 1, "VEYOU,HUAWEI": 1, "力挺": 1, "L中报": 1, "中报": 1, "林郑月娥": 6, "持有": 9, "特区": 9, "护照": 9, "针对": 4, "副董事长": 3, "香港": 3, "行政": 3, "长官": 3, "指出": 5, "签发": 3, "情况": 4, "入境": 3, "政策": 3, "朱丹": 1, "三": 6, "16%": 3, "暴涨": 5, "创": 3, "5": 3, "纽交所": 3, "近日": 3, "持续": 3, "走低": 3, "4日": 3, "7日": 3, "5日": 3, "停牌": 3, "累计": 3, "下跌": 3, "15.89％": 3, "市值": 3, "损失": 3, "80亿": 3, "元": 3, "人民币": 3, "事件": 11, "相关": 3, "波司": 2, "登暴": 2, "涨": 2, "老板": 5, "联播": 4, "任正非": 2, "女": 2, "逮捕": 6, "新闻": 2, "路透社": 3, "星期二": 1, "晚上": 1, "报道": 3, "外交官": 1, "国际": 3, "预防": 1, "危机": 1, "组织": 2, "分析师": 1, "康明凯": 4, "MichaelKovrig": 1, "扣押": 3, "所在": 1, "消息": 2, "发出": 1, "准确性": 1, "不得而知": 1, "官方": 2, "此事": 2, "发生": 9, "1日": 1, "引发": 1, "报复": 4, "恐惧": 1, "老胡": 2, "第一": 2, "证据": 1, "政府": 5, "外界": 1, "联想": 1, "的确": 3, "很": 2, "天然": 1, "件": 1, "商界": 1, "人士": 1, "第三": 1, "国": 2, "拘捕": 4, "触犯": 1, "法律": 11, "境内": 1, "活动": 1, "想": 3, "局势": 1, "高度": 1, "敏感": 2, "来源": 1, "美国": 33, "公正": 1, "打压": 2, "美加串": 1, "谋": 1, "突袭式": 1, "大涨": 1, "董事长": 2, "十几": 2, "国产": 3, "希望": 2, "全国": 2, "响应": 2, "深圳": 1, "科技": 5, "发文": 1, "拿到": 1, "出口": 1, "订单": 2, "倍": 1, "刘": 1, "丹告": 1, "诉梨": 1, "名": 1, "本人": 1, "多年": 1, "据悉": 1, "1/4": 1, "间接": 1, "供应": 1, "关系": 3, "15%": 1, "环球网": 1, "发表": 3, "头条": 1, "文章": 7, "推荐": 2, "篇": 2, "O关于": 1, "征兆": 1, "指使": 1, "引渡": 7, "超乎": 1, "跨国": 1, "风险": 2, "想象": 1, "孤立": 1, "司法": 7, "这次": 1, "怀疑": 1, "这是": 2, "下手": 1, "切入口": 1, "商业": 3, "竞争": 2, "对手": 2, "核心": 1, "突袭": 1, "至少": 1, "绝大多数": 1, "印象": 1, "破天荒": 1, "包括": 2, "著名": 1, "电视": 1, "评论员": 3, "查": 1, "在内": 1, "很多": 3, "绑架": 2, "词": 2, "商场": 1, "划时代": 1, "恶例": 1, "无异于": 1, "打开": 1, "潘多拉": 1, "盒子": 1, "旅行": 1, "紧张": 1, "不安": 1, "丝毫": 1, "释放": 4, "抓捕": 3, "美加": 2, "信号": 1, "美方": 2, "常态化": 1, "企业界": 1, "担心": 1, "挥之不去": 1, "里程碑": 1, "毫无疑问": 1, "滥用": 1, "体系": 4, "强大": 1, "额外": 1, "权力": 1, "华盛顿": 4, "试图": 1, "国内法": 1, "当成": 1, "全球": 4, "外交": 1, "战略": 1, "支援": 1, "部队": 1, "长臂": 1, "管辖": 1, "极化": 1, "无疑": 1, "政治性": 1, "薄薄": 1, "外衣": 1, "掩饰": 1, "不住": 1, "政治": 6, "肌肉": 1, "适可而止": 1, "经验": 2, "难免": 1, "较量": 1, "吃亏": 1, "虚伪": 1, "布局": 1, "主权": 1, "利益": 4, "圈套": 1, "真实": 1, "手段": 1, "维护": 1, "正当": 1, "权利": 1, "尊严": 1, "抵制": 1, "必将": 1, "会谈": 1, "不知不觉": 1, "带入": 1, "程序": 2, "正当性": 1, "好像": 1, "抓": 2, "放": 2, "纯": 1, "认同": 1, "带有": 1, "专业性": 1, "辩论": 1, "出于": 1, "原因": 1, "歧视": 1, "围剿": 1, "环境": 1, "场景": 1, "作品": 1, "精英们": 1, "理应": 1, "悟性": 1, "法治": 1, "宣示": 1, "搪塞": 1, "中国人": 2, "主流": 1, "媒体": 1, "供应链": 2, "复杂性": 2, "跨国公司": 1, "违反": 2, "伊朗": 7, "制裁": 2, "选择性": 1, "执法": 1, "突如其来": 1, "刑事": 1, "精神": 1, "违背": 1, "秩序": 1, "致命": 1, "冲击": 1, "当局": 1, "清醒": 1, "拿出": 1, "结束": 1, "错误": 2, "做法": 1, "决心": 2, "案": 1, "走": 1, "正确": 1, "执行": 1, "方向": 1, "影响": 1, "阻止": 1, "发展": 2, "世界": 2, "治理": 1, "癌变": 1, "美": 1, "纠纷": 1, "带": 1, "回到": 1, "轨道": 1, "空间": 1, "引用": 1, "段": 1, "外媒": 1, "送给": 1, "行事": 1, "福布斯": 2, "网站": 1, "JohnTamny": 1, "标题": 1, "美联邦": 1, "官员": 1, "可耻": 2, "迫害": 2, "文中": 1, "援引": 1, "金融": 1, "ZacharyKarabell": 1, "乔布斯": 1, "女儿": 1, "管理": 1, "禁运": 1, "指控": 1, "写道": 1, "古巴": 1, "苏丹": 1, "叙利亚": 1, "交易": 1, "中间人": 1, "此前": 1, "邮报": 1, "紧密": 1, "相连": 1, "涉及": 1, "众多": 1, "三星": 2, "供应商": 1, "瑞典": 1, "爱立信": 2, "出售": 1, "设备": 2, "零部件": 2, "销": 1, "采购": 1, "消费者": 1, "知识": 1, "产品": 1, "注册地": 1, "盟国": 1, "财经": 1, "财富": 1, "杂志": 1, "总编": 1, "诺切拉": 1, "南美洲": 1, "团伙": 1, "后者": 1, "声称": 1, "信赖": 1, "规则": 1, "终于": 1, "活成": 1, "害怕": 1, "样子": 1, "快速": 1, "清理": 1, "泳池": 1, "秘诀": 1, "即可": 1, "nova": 1, "4": 1, "L华": 1, "终端": 1, "引述": 1, "过往": 1, "案件": 1, "聆讯": 2, "数月": 1, "60": 1, "内向": 1, "提出": 1, "理论": 1, "#O": 1, "跨越": 1, "101": 1, "一字一句": 1, "诗词": 1, "歌赋": 1, "文化": 1, "传承": 1, "文明": 1, "个体": 1, "万物": 1, "互联": 1, "声音": 1, "色彩": 1, "影像": 1, "……": 1, "存储": 4, "承载": 1, "美好": 1, "剑鱼": 1, "150多": 1, "超过": 1, "8000": 1, "客户": 1, "服务": 1, "连续": 1, "三年": 1, "Gartner": 1, "通用": 1, "阵列": 1, "魔力": 1, "四象限": 1, "领导者": 1, "数字": 1, "时代": 1, "扬帆": 1, "远航O": 1, "乘风破浪​": 1, "『": 1, "中华网": 1, "』": 1, "O网页": 1, "社评": 2, "日本": 8, "排挤华": 2, "必损": 2, "通信": 1, "号召": 1, "符合": 1, "屈从": 1, "压力": 1, "改善": 1, "时刻": 1, "往后": 1, "退": 1, "负面": 1, "牵动": 1, "这不": 1, "有助于": 1, "盟友": 1, "搞": 1, "监听": 1, "众所周知": 1, "政要": 1, "机密": 1, "大型": 1, "O": 2, "温哥华": 1, "BC": 1, "法庭": 3, "庭审": 1, "邀请": 1, "安保": 1, "GPS": 1, "介绍": 1, "何种": 1, "措施": 1, "保证": 1, "潜逃": 1, "丈夫": 1, "听众席": 1, "妻子": 1, "一道": 1, "防护": 1, "玻璃": 1, "隔开": 1, "外面": 1, "群众": 1, "联播L": 1, "加油": 2, "必胜": 1, "🙏🙏": 1, "🙏​": 1, "听证二": 1, "审": 1, "进展": 1, "前去": 1, "打出": 1, "鲜红": 1, "字迹": 1, "西方": 1, "野蛮": 1, "粗暴": 1, "无声": 1, "大洋": 1, "彼岸": 1, "14亿": 1, "同胞": 1, "坚强": 1, "后盾": 1}