{"DigiX": 1, "数字": 1, "生活节": 1, "O": 2, "11月": 5, "22日": 1, "15:00": 1, "昆明": 1, "•": 1, "新华": 1, "书店": 1, "吴井路": 1, "店": 1, "带": 1, "作品": 2, "一个": 6, "人生": 1, "客华": 1, "阅读·DigiX": 1, "读书会": 1, "分享": 1, "阅读": 2, "心得": 1, "生活": 2, "趣事": 1, "爱": 1, "读书": 1, "朋友们": 1, "推荐": 1, "值得": 1, "读": 1, "书籍": 2, "都": 5, "华为": 43, "品读": 1, "很多": 2, "经典": 1, "哲学": 1, "著作": 1, "希望": 1, "一同": 1, "聆听": 1, "美好": 1, "美国": 11, "看清": 2, "！": 8, "昨夜": 1, "拼": 2, "多多": 2, "亏损": 2, "13亿": 3, "华尔街": 2, "接受": 2, "夜": 1, "暴跌": 2, "20%": 1, "背后": 2, "拿出": 1, "69亿": 1, "补贴": 6, "别人": 1, "便宜": 1, "太": 2, "苹果": 2, "手机": 14, "电脑": 1, "水果": 1, "蔬菜": 1, "满意": 1, "换来": 2, "5310万": 1, "人和": 1, "75亿": 1, "营收": 1, "5.3亿": 1, "用户": 4, "毅然": 1, "停止": 1, "有人": 1, "大山": 1, "农货": 1, "农民": 2, "卖出": 1, "653亿": 1, "卫士": 1, "、": 12, "三禾": 1, "只能": 1, "外国": 1, "巨头": 3, "嫁衣": 1, "中国": 12, "国产": 1, "11": 3, "城里人": 1, "第11": 1, "第一": 1, "易": 1, "烊千": 1, "玺": 2, "千玺": 1, "nova星": 1, "nova": 2, "全球": 8, "代言人": 1, "顺口溜": 1, "发现": 1, "枚": 1, "可爱": 1, "红衣": 1, "哥哥": 1, "@": 3, "TFBOYS": 1, "易烊": 1, "千": 1, "四": 3, "字": 1, "弟弟": 1, "1128yy": 1, "qx": 1, "刘北山": 1, "小北": 1, "少年": 1, "L少年": 1, "意气_4444x": 1, "视频": 14, "​": 20, "刚": 1, "拿到": 1, "奖状": 1, "2019": 3, "欧洲": 1, "数据": 2, "保护": 2, "年会": 1, "终端": 4, "服务": 1, "ISO/IEC27701：2019": 1, "标准": 1, "首批": 1, "认证": 2, "国际": 1, "权威": 1, "机构": 1, "认可": 1, "隐私": 1, "件": 1, "事儿": 1, "3月份": 1, "市场": 6, "炒作": 1, "三月份": 1, "1+8": 1, "电视": 1, "智能": 6, "音箱": 1, "推": 1, "新品": 1, "挖掘": 1, "耳机": 1, "刚刚": 1, "炒完": 1, "穿戴": 2, "手表": 1, "炒": 1, "一半": 1, "爆点": 1, "接下来": 1, "VR": 3, "车机": 3, "当量": 1, "等同于": 2, "四分之一": 1, "三分之一": 1, "生态": 2, "拉长": 1, "时间线": 2, "手头": 1, "低位": 1, "的确": 1, "定性": 1, "货": 1, "信仰": 1, "印证": 1, "重头戏": 1, "明年": 1, "吃饭": 1, "指": 1, "翻到": 1, "昨天": 1, "展映": 2, "金鸡": 1, "百花": 1, "电影": 7, "样子": 2, "幕后": 1, "花絮": 1, "影院": 1, "影片": 1, "才": 1, "Mate30": 4, "徕卡": 2, "摄": 2, "厉害": 2, "重构": 2, "想象": 2, "L华": 3, "官方": 4, "秒拍": 3, "厂商": 2, "消息": 1, "2019年": 1, "将要": 1, "发布": 5, "5G": 10, "剩": 1, "5": 1, "款": 3, "：": 13, "荣耀": 3, "V30": 3, "nova6": 2, "vivoX30": 2, "OPPO": 2, "Reno3": 2, "RedmiK30": 2, "期待": 3, "甜蜜蜜": 1, "李": 2, "翘": 1, "当初": 1, "豹哥": 1, "走": 1, "结局": 1, "短片": 1, "马上": 1, "转给": 1, "男票": 1, "拍": 2, "买": 1, "L": 4, "优秀": 1, "员工": 1, "工作": 1, "日记": 1, "本届": 1, "金鸡百花": 1, "电影节": 1, "期间": 1, "导演": 2, "协会": 1, "会长": 1, "李少红": 1, "监制": 1, "曲-江涛": 1, "全新": 2, "尝试": 1, "Pro": 1, "感人": 1, "父子情": 1, "任正非": 4, "科技": 4, "创新": 2, "能力": 2, "崇拜": 2, "近日": 1, "日报": 1, "采访": 1, "追": 1, "学习": 3, "文化": 2, "改变": 1, "老板": 1, "联播": 1, "网友": 1, "洗澡": 1, "旁边": 1, "放歌": 1, "摄像头": 1, "进水": 1, "防水": 2, "性能": 1, "差": 1, "弱弱": 1, "到底": 1, "包": 1, "包含": 1, "水蒸气": 1, "软萌": 1, "兔": 1, "mongmong": 1, "咯": 1, "~~": 2, "这次": 1, "MongMong": 1, "主题": 3, "上线": 2, "~": 2, "1月": 1, "6号": 1, "一大": 1, "波": 1, "软": 1, "萌兔": 1, "软萌兔": 1, "动态": 1, "桌面": 1, "壁纸": 1, "系统": 5, "咏菊": 1, "孤标傲世": 1, "抵": 1, "霜辰": 1, "丛": 2, "浅淡": 1, "龙": 1, "飞金": 1, "甲腾": 1, "空跃": 1, "凤舞": 1, "彩袖": 1, "荡凡尘": 1, "陶令": 2, "篱边": 1, "女": 1, "华色": 1, "放翁": 2, "志士": 2, "菊花": 4, "吟": 1, "一念心": 1, "孤雁": 1, "远": 1, "葛金": 1, "香染": 1, "贯古": 1, "——": 1, "明月": 1, "*": 2, "指陶": 1, "渊明": 1, "女华": 1, "别名": 1, "陆游": 1, "陆放翁": 1, "过时": 1, "余香": 1, "诗句": 1, "秋去冬来": 1, "万木萧瑟": 1, "长绿": 1, "香樟": 1, "枝繁叶茂": 1, "春夏": 1, "葱笼": 1, "翠绿": 1, "气温": 1, "骤然": 1, "下降": 1, "木芙蓉": 1, "花凋": 1, "结籽": 1, "草色": 1, "暗淡": 1, "兴致勃勃": 1, "争相": 1, "怒放": 1, "万木霜天": 1, "初冬": 1, "带来": 2, "生机": 1, "靓色": 1, "记得": 1, "去年": 1, "12月": 1, "末": 1, "朝阳": 1, "野菊花": 1, "盛开": 1, "金灿荣": 4, "香港": 9, "演讲": 2, "(": 2, "完整版": 3, ")": 2, "趴下": 2, "五": 2, "老二": 2, "国家": 2, "优点": 2, "发起": 2, "贸易战": 3, "封杀": 2, "干涉": 2, "事务": 2, "皆": 2, "遏制": 2, "发展": 4, "以此": 2, "保住": 2, "长期": 2, "领域": 2, "综合": 2, "国力": 2, "霸主": 2, "地位": 2, "烧": 1, "伯已": 1, "植皮": 1, "手术": 1, "英": 1, "驻": 1, "总领馆": 1, "雇员": 1, "嫖娼": 1, "审讯": 1, "泡泡": 2, "Pisces": 2, "MatePad": 1, "心动": 1, "理由": 1, "不止": 1, "25日": 1, "上海": 1, "东京": 4, "梦华录": 3, "音乐": 1, "朗诵集": 1, "专辑": 3, "串烧": 2, "试听": 2, "！！！": 1, "赶紧": 1, "听": 1, "音频": 1, "K": 1, "非终版": 1, "串": 1, "烧音": 1, "频非": 1, "最终": 2, "版": 2, "混音": 1, "配乐": 1, "调整": 2, "阶段": 1, "尽请": 1, "梦华": 1, "眼": 1, "探索": 1, "宋": 1, "绮年": 1, "Mate30Pro5G": 1, "体验": 2, "Mate30ProVS": 1, "iPhone11ProMax": 1, "拍照": 1, "深夜": 1, "漆黑": 1, "树林": 1, "趋势": 2, "大赏": 1, "花式": 1, "种草": 1, "黑科技": 1, "L诸葛齉齉": 1, "BBC": 4, "纪录片": 4, "第二": 4, "DoubleorNothing": 4, "21日": 3, "上世纪": 2, "90年代": 2, "通信": 2, "占据": 2, "情况": 2, "选择": 2, "农村": 2, "切入": 2, "成功": 2, "称": 3, "自始至终": 2, "西方": 2, "优化": 2, "O网页": 2, "链接": 2, "MateX": 1, "和平": 1, "精英": 1, "视野": 1, "对比": 1, "Mate30Pro": 1, "L小白": 1, "测评": 1, "头条": 1, "文章": 1, "降低": 3, "风险": 4, "偏好": 3, "": 1, "财经": 1, "每日": 1, "必读": 1, "赚钱": 1, "季": 1, "周四": 1, "游戏": 1, "传媒": 1, "/": 3, "商誉": 1, "减值": 1, "+": 4, "股权": 1, "超跌": 2, "低价": 1, "降解": 1, "塑料": 1, "一日": 1, "游行": 1, "情概率": 1, "明日": 3, "切勿": 1, "追涨": 1, "接力": 2, "区块链": 1, "分化": 1, "主板": 1, "放量": 1, "下跌": 1, "预设": 1, "观察": 2, "成交量": 1, "放大": 2, "强势": 1, "股": 2, "亏": 1, "钱": 1, "效应": 1, "麦克奥迪": 1, "聚力": 1, "情绪": 1, "标杆": 1, "空间板": 1, "高度": 1, "5板": 1, "首板": 1, "数量": 1, "减少": 1, "消息面": 1, "影响": 1, "短期": 1, "回避": 1, "破位": 1, "高位": 1, "耐心": 1, "狩猎": 1, "优": 1, "策略": 1, "企稳": 1, "信号": 1, "低": 2, "吸": 1, "主线": 1, "板块": 2, "人气股": 1, "轮动": 1, "吸富": 1, "一生": 1, "Ps:2870": 1, "机会": 1, "大于": 1, "场景": 1, "操作": 1, "鸿蒙": 3, "OS": 2, "真的": 1, "自研": 2, "形式": 2, "化微": 2, "内核": 2, "商用": 1, "等级": 1, "羞答答": 1, "花": 1, "静悄悄": 1, "开放": 1, "奋发图强": 1, "强企": 1, "EMUI": 1, "10.0": 1, "系列": 1, "方舟": 1, "编译器": 1, "GPUTurbo": 1, "分布式": 1, "技术": 1, "……": 1, "轮值": 1, "董事长": 2, "徐": 2, "直军": 2, "条件": 3, "做成": 3, "世界": 1, "大会": 1, "徐直军": 1, "共享": 1, "红利": 1, "客观": 1, "纠缠": 1, "鸡": 1, "蛋": 1, "大早": 1, "赶个": 1, "晚集": 1, "O华": 1, "L五环": 1, "短": 1, "库克": 1, "获取": 1, "牌子": 1, "选项": 1, "评论区": 1, "补充": 1, "西安": 4, "身边": 1, "金": 1, "南": 1, "教授": 1, "2019.10.21": 1, "最新": 1, "讲座": 1, "讲到": 1, "美": 1, ".": 1, "哈书豆": 1, "校园": 2, "上学": 1, "剩下": 1, "→": 4, "小米": 1, "9": 1, "屏幕": 2, "坏": 1, "一块": 1, "水滴": 1, "刘海": 1, "居然": 1, "挺": 1, "合适": 1, "组装厂": 1, "🐶​": 1, "一块表": 1, "本事": 1, "WatchGT#2": 1, "抬腕": 1, "～​": 1, "一点": 1, "着急": 1, "快": 1, "撑": 1, "不住": 1, "开闸": 1, "一瞬间": 1, "事情": 1, "想到": 1, "榨菜": 1, "怂": 1, "社会": 1, "剑桥": 1, "大学": 2, "取消": 1, "地区": 1, "面试": 1, "理工": 1, "一片狼藉": 1, "#L": 1, "​​​": 1}