{"小易": 2, "现场": 7, "易": 7, "烊": 2, "千": 4, "玺": 8, "代言人": 5, "身份": 1, "出席": 1, "华为": 43, "产品": 3, "活动": 1, "大佬": 1, "太": 4, "好看": 2, "@": 19, "TFBOYS": 13, "易烊": 19, "千玺​": 3, "夏意": 1, "浓": 1, "青春": 2, "正盛": 1, "红衣": 1, "少年": 2, "率性": 1, "活力": 2, "nova": 4, "全球": 3, "千玺": 20, "如约而至": 1, "先行": 1, "奉上": 1, "稍后": 1, "解锁": 1, "精彩": 2, "瞬间": 1, "nova星": 10, "​": 17, "苹果": 5, "反对": 1, "华": 1, "加征": 1, "关税": 4, "：": 4, "导致": 2, "iPhone": 3, "涨价": 2, "6月": 3, "20日": 1, "公开": 1, "封": 1, "公司": 1, "美国": 3, "贸易": 1, "代表": 1, "信中": 1, "敦促": 1, "白宫": 1, "放弃": 1, "中国": 3, "增收": 1, "高达": 1, "25％": 1, "拟议": 1, "涵盖": 1, "削弱": 1, "竞争力": 1, "竞争": 2, "环境": 1, "倾向": 1, "对手": 2, "灾难性": 1, "打击": 1, "市场": 1, "影响": 1, "L": 1, "老板": 1, "联播": 2, "秒拍": 4, "视频": 9, "烊千": 4, "光影": 3, "之间": 1, "唤醒": 3, "星球": 1, "心动": 3, "时刻": 1, "nova5": 18, "命": 1, "˚‧º·(˚˃": 1, "̣̣": 2, "̥᷄": 1, "⌓˂": 1, "̥᷅": 1, ")": 1, "‧º·˚​": 1, "​​": 1, "武汉": 6, "新品": 10, "发布会": 13, "带来": 3, "系列": 12, "包括": 1, "nova5Pro": 1, "这次": 1, "搭载": 2, "麒麟980": 2, "芯片": 1, "自拍": 3, "性能": 1, "无疑": 1, "强大": 1, "亲临": 1, "请": 1, "锁定": 2, "浪人": 1, "TV": 1, "直播": 4, "新浪": 1, "手机": 13, ".": 2, "烊千玺": 1, "接受": 1, "媒体": 1, "群访": 2, "尽显": 1, "本色": 1, "展示": 1, "技术": 1, "透露": 1, "大学": 1, "同学": 2, "安利": 1, "代言": 1, "谈": 1, "录制": 1, "街舞": 1, "感受": 4, "很多": 2, "很": 2, "厉害": 1, "舞者": 1, "一块": 1, "每次": 1, "都": 2, "见识": 1, "东西": 1, "千玺": 2, "千玺L": 2, "网易": 1, "娱乐": 2, "频道": 1, "发货": 2, "双叒": 1, "叕破": 1, "记录": 4, "耗时": 1, "5": 4, "2019": 1, "年度": 2, "发货量": 2, "突破": 3, "1亿": 3, "台": 4, "相比": 1, "去年": 1, "破": 1, "亿": 1, "缩短": 1, "49": 1, "智能": 1, "同质化": 1, "时代": 1, "大部分": 1, "厂商": 1, "尝试": 1, "冒险": 1, "探索": 1, "精神": 1, "显得": 1, "弥足珍贵": 1, "惊喜": 3, "期待": 3, "潜力": 1, "！！！！": 2, "糖度": 1, "超标": 1, "啊啊": 15, "呜呜": 3, "呜呜呜呜": 1, "甜": 1, "可爱": 2, "14:30": 3, "准时": 1, "！": 13, "前置": 1, "3200万": 1, "人像": 1, "超级": 1, "夜景": 1, "夜色": 3, "美的": 1, "终端": 5, "官方": 4, "昨晚": 1, "下午": 1, "四": 1, "字": 1, "弟弟": 1, "光谷": 2, "网球": 2, "中心": 2, "亮相": 2, "暴雨": 1, "小伙伴": 1, "务必": 1, "/": 1, "LIMERENCE": 1, "1128": 1, "视角": 2, "视野": 2, "添": 2, "份": 2, "出色": 2, "想象": 2, "；": 2, "定格": 2, "点亮": 2, "灵动": 2, "L华": 2, "完整版": 1, "本子": 1, "记好": 1, "✍️": 1, "Z栗": 1, "狠心": 1, "男": 1, "九": 2, "宫格": 1, "千万": 1, "福利": 1, "看穿": 1, "L五行": 1, "缺": 1, "千i": 1, "年轻": 1, "实力派": 1, "、": 2, "境界": 1, "个性": 1, "十足": 1, "O网页": 2, "链接": 2, "座机": 1, "拍图": 1, "P5": 1, "小学生": 1, "qq": 1, "真的": 1, "敲": 1, "私信": 1, "求原图": 1, "编辑": 1, "本来": 1, "拍": 1, "蛮烂": 1, "懒得": 1, "logo": 1, "禁": 1, "改": 1, "注明": 1, "出处": 1, "易烊": 1, "nova3": 1, "⏩": 3, "nova4": 1, "阿华": 1, "盛产": 1, "嗲烊": 1, "客服": 1, "cr​": 1, "正式": 2, "平板": 3, "M6": 3, "同步": 1, "记得": 1, "图文": 1, "到来": 1, "抵达": 1, "大雨": 1, "依然": 1, "nova星人": 1, "热情": 1, "即将": 1, "一会儿": 1, "·": 1, "国际": 1, "​​​": 2, "果不其然": 1, "波": 1, "稳": 1, "~": 3, "影音": 2, "无可挑剔": 1, "在家": 1, "片儿": 1, "过足": 1, "游戏瘾": 1, "平行": 1, "视界": 1, "一心二用": 1, "贴心": 1, "设计": 1, "Nova5Pro图": 1, "赏​": 1, "总裁": 2, "何刚": 1, "截止": 2, "2019年": 2, "5月": 2, "30日": 2, "超": 1, "21日": 1, "产品线": 1, "华为何": 1, "刚": 1, "面对": 2, "挑战": 2, "坚信": 1, "成就": 1, "只用": 1, "149": 1, "超过": 1, "L老板": 1, "Nova5": 1, "帅": 1, "粉丝": 1, "今日": 1, "14：30": 1, "开场": 1, "迎接": 1, "潮力": 1, "等待": 1, "价格": 1, "预订": 1, "尝鲜": 1, "苦恼": 1, "并非": 1, "选择": 3, "世间": 1, "纷扰": 1, "难得": 1, "忘": 1, "初心": 1, "勇敢": 1, "无惧": 1, "关注": 1, "企业": 1, "业务": 1, "10086": 1, "带": 2, "话题": 1, "转型": 1, "不畏": 1, "转评": 1, "本条": 1, "86君": 1, "聊聊": 1, "改变": 1, "27日": 1, "抽": 1, "幸运": 1, "宝宝": 1, "送出": 1, "P30一": 1, "​O": 1, "抽奖": 1, "详情": 1, "不约​": 1, "不止": 1, "办公": 1, "亮点": 1, "发布": 1}