{"首批": 15, "5G": 28, "手机": 26, "到位": 14, "中国": 22, "联通": 17, "12": 9, "品牌": 14, "15": 9, "款": 11, "17日": 7, "5GCPE": 5, "包括": 5, "OPPO": 6, "、": 40, "vivo": 6, "华为": 46, "小米": 6, "中兴": 7, "努比亚": 6, "知名": 5, "O": 3, "​": 16, "名企": 3, "就职": 6, "30岁": 6, "博士": 6, "第一": 7, "女": 3, "实习": 3, "舰长": 3, "！": 15, "23岁": 3, "27": 3, "岁": 13, "环球": 3, "洲际": 3, "小姐": 3, "大赛": 3, "特区": 3, "赛区": 3, "十佳": 3, "同年": 3, "名": 4, "考入": 3, "中山": 3, "大学": 3, "研究生": 3, "28": 3, "赴": 3, "西藏": 3, "支教": 3, "31": 3, "军队": 3, "投": 3, "3": 4, "简历": 3, "自荐": 3, "材料": 3, "写": 3, "200多": 3, "页": 3, "35": 3, "接到": 3, "入伍": 3, "通知书": 3, "从此": 3, "迈入": 3, "军旅": 3, "生涯": 3, "韦": 3, "慧晓": 3, "L": 5, "央视": 4, "新闻": 4, "秒拍": 11, "视频": 20, "财经": 1, "商业": 1, "数据": 1, "中心": 1, "：": 15, "CBNData": 1, "明星": 1, "消费": 2, "影响力": 2, "榜-3": 1, "C品": 1, "类榜": 2, "排名": 1, "易烊": 2, "千玺带": 1, "货力": 1, "最为": 1, "稳定": 1, "年度": 1, "掉": 1, "三": 2, "；": 8, "代言华": 1, "nova": 1, "持续": 1, "带货": 1, "四季度": 1, "均": 1, "位列": 1, "3C品": 1, "头名": 1, "千": 1, "玺": 1, "代言": 1, "天猫": 1, "优酷": 1, "互联网": 1, "平台": 3, "电子": 1, "领域": 1, "共振": 1, "@": 11, "TFBOYS": 1, "千玺​": 1, "外包": 9, "公司": 28, "回应": 10, "程序员": 14, "倒地": 5, "低": 10, "血糖": 10, "晕倒": 10, "员工": 12, "996": 13, "条": 5, "猝死": 5, "引发": 4, "波": 4, "讨论": 4, "4月": 7, "所在": 8, "软": 9, "国际": 5, "称": 16, "上班": 6, "加班": 8, "项目": 5, "进度": 4, "老板": 6, "联播": 4, "数码": 1, "博主": 1, "质疑": 6, "拍": 9, "月亮": 17, "造假": 6, "开除": 4, "13日": 2, "爱否": 6, "科技": 7, "主笔": 3, "王": 4, "跃琨": 4, "发文": 1, "P30Pro": 10, "找": 2, "抹掉": 1, "纹理": 2, "放": 1, "LOGO": 2, "拍摄": 3, "16日": 2, "发": 3, "声明": 2, "算法": 1, "优化": 1, "看法": 1, "错误": 1, "解除": 1, "劳动": 1, "合同": 1, "L新京报": 2, "新京报": 1, "15日": 1, "办公室": 1, "网络": 3, "传播": 1, "网友": 2, "纷纷": 1, "倒下": 1, "男子": 3, "惋惜": 1, "记者": 2, "事发": 1, "当日": 1, "上午": 1, "吃": 1, "早饭": 1, "选华": 1, "tm": 1, "笑死": 1, "知乎": 2, "测试": 4, "发现": 2, "识别": 3, "自动": 2, "p上": 2, "细节": 3, "最骚": 1, "功能": 2, "出师表": 2, "骗": 1, "陨石坑": 1, "比度": 1, "色温": 1, "距离": 1, "模糊": 2, "程度": 2, "上都": 1, "确保": 1, "照片": 2, "真的": 2, "很": 1, "技术": 7, "含量": 1, "友好": 3, "体验": 4, "即将": 1, "想来": 1, "合作": 5, "伙伴": 2, "大会": 1, "毕业": 1, "当年": 2, "阿里巴巴": 1, "腾讯": 1, "都": 6, "柯达": 1, "？？？": 1, "大小": 1, "在于": 1, "努力": 1, "行业": 1, "金子": 1, "都会": 1, "发光": 1, "加油": 1, "录像": 1, "模式": 1, "刀": 1, "未": 1, "剪": 1, "录屏": 1, "……": 1, "L迪仔Dizzz": 1, "瘾": 1, "P30": 4, "Pro拍": 1, "PS": 1, "知友": 1, "城": 1, "亲自": 1, "动手": 1, "👉O": 1, "网页": 1, "链接": 1, "「": 1, "P月": 1, "拥有": 1, "『": 2, "无中生有": 1, "』": 2, "能力": 1, "图片": 1, "复原": 2, "1.": 1, "抠除": 1, "加上": 1, ".": 2, "翻转": 1, "调换": 1, "额外": 1, "添加": 1, "杂项": 1, "消除": 1, "」": 1, "覆盖": 2, "相关": 1, "人士": 1, "获悉": 1, "用于": 1, "公众": 1, "零距离": 1, "接触": 1, "据悉": 1, "终端": 2, "关注": 1, "欧阳": 1, "潼舢": 1, "豆子": 1, "转发": 1, "5月": 1, "7日": 1, "抽": 1, "台": 1, "拍照": 1, "留言": 1, "互动": 1, "抽奖": 1, "O16": 1, "场景": 2, "想到": 1, "环境": 1, "大V": 2, "发博": 1, "好像": 1, "P上去": 1, "内裤": 1, "环形": 1, "山": 1, "形状": 1, "Pro会": 1, "结论": 1, "晚": 1, "发布": 1, "官方": 1, "高级": 1, "严谨": 1, "误导": 1, "用户": 2, "煽动": 1, "情绪": 1, "业内": 1, "不良": 1, "影响": 1, "决议": 1, "O微博": 1, "联播L": 2, "系列": 1, "卡路里": 1, "吃饭": 1, "长": 1, "电源键": 1, "1": 1, "秒": 1, "试试": 1, "L玩机": 1, "技巧": 1, "在线": 1, "面对": 1, "美国": 4, "长期": 1, "无理": 1, "打压": 1, "安全官": 1, "英国": 1, "政府": 1, "首席": 1, "信息官": 1, "萨福克": 1, "直言": 1, "制造": 1, "裤腰带": 1, "禁": 1, "部队": 1, "裤子": 1, "掉到": 1, "脚踝": 1, "仗": 1, "出于": 1, "理由": 1, "垄断": 1, "市场": 1, "铲除": 1, "对手": 1, "才": 1, "世界": 1, "威胁": 1, "联邦": 1, "安全局": 1, "大规模": 1, "监控": 1, "斯诺登": 1, "曝光": 1, "刚才": 1, "拿P": 1, "30": 1, "Pro": 1, "50": 2, "倍": 1, "变焦": 1, "随手": 1, "武汉": 2, "🐮🍺": 1, "民族": 2, "良心": 2, "中国人": 2, "捧杀": 2, "O华": 1, "华为链": 1, "扩散性": 1, "补涨": 1, "不错": 2, "36": 1, "工程师": 1, "肯尼亚": 1, "过劳死": 1, "留下": 1, "工作": 2, "收入": 1, "独自": 1, "带": 1, "孩子": 1, "妻子": 3, "文字": 1, "字": 1, "扎心": 1, "出事": 3, "前10": 1, "领到": 1, "海外": 1, "奖牌": 1, "微信": 1, "挺": 1, "通宵": 1, "单位": 1, "草": 1, "家庭": 1, "​​​": 1, "2019": 1, "上海": 3, "车展": 1, "苹果": 4, "BAT": 3, "高调": 2, "造车": 2, "搅局": 2, "当下": 1, "各类": 1, "试图": 1, "利用": 1, "此前": 1, "积累": 1, "优势": 2, "资源": 1, "带入": 1, "汽车": 4, "开发": 1, "智能": 5, "车载": 3, "系统": 2, "车企": 2, "美团": 1, "打车": 1, "正式": 1, "登陆": 1, "全国": 1, "化布局": 1, "高德": 1, "地图": 1, "同期": 1, "推出": 1, "顺风车": 1, "业务": 3, "2016年": 1, "无人": 1, "驾驶": 1, "2018年": 1, "11月": 1, "通用": 1, "五菱": 1, "提出": 1, "依托": 1, "工业物": 1, "联网": 1, "云计算": 1, "大数据": 1, "智能网": 1, "转型": 1, "国外": 1, "CarPlay": 1, "支持": 2, "全球": 1, "62": 1, "500多": 2, "车型": 2, "谷歌": 1, "针对": 1, "安卓": 1, "服务": 3, "Android": 1, "Auto": 1, "超过": 1, "制造商": 1, "很多": 1, "厂家": 1, "网联": 1, "卖点": 1, "乱": 1, "花渐": 1, "欲": 1, "迷人": 1, "眼": 1, "感": 1, "兴趣": 1, "有用": 1, "需求": 1, "详情": 1, "↓": 1, "短暂": 1, "告别": 1, "城市": 1, "喧嚣": 1, "寻藏": 1, "心中": 1, "秘境": 1, "场": 1, "充满": 1, "未知": 2, "旅途": 1, "有幸": 1, "见证": 2, "源于": 1, "自然": 1, "震撼": 1, "感受": 1, "从未": 1, "心境": 1, "DigiX": 1, "旅行": 2, "计划": 1, "生活": 1, "一同": 1, "魅力": 1, "Booking": 1, "缤客": 1, "LR": 1, "Z睿智": 1, "高通": 1, "和解": 1, "因特尔": 1, "退出": 1, "基带": 1, "选": 1, "师师": 1, "的确": 1, "越来越": 1, "立马": 1, "铺设": 1, "商用": 1, "段": 1, "时间": 1, "刚": 1, "价位": 1, "摆": 1, "安心": 1, "4G": 1}