{"自拍": 23, "华为": 85, "手机": 32, "！": 27, "约翰逊": 17, "英国": 36, "首相": 22, "鲍里斯•约翰逊": 1, "当地": 5, "时间": 6, "12月": 10, "5日": 10, "出席": 2, "电视": 3, "节目": 10, "举动": 2, "吸引": 4, "不少": 2, "媒体": 13, "英媒": 3, "称": 7, "此前": 2, "刚刚": 3, "暗示": 2, "基于": 5, "风险": 3, "禁止": 5, "参与": 9, "5G": 19, "建设": 6, "当天": 6, "波": 2, "操作": 2, "网友": 6, "关注": 3, "开脱": 2, "代表": 2, "注意力": 2, "放": 2, "好用": 2, "O": 2, "团团": 1, "@": 8, "共青团": 1, "中央": 1, "邀请": 3, "北京": 1, "参加": 2, "中国": 10, "青年": 1, "网民": 1, "分享": 2, "停": 1, "请": 3, "谅解": 1, "趟": 1, "结识": 2, "很多": 2, "兄弟": 2, "拿到": 1, "荣誉": 1, "证书": 1, "感觉": 1, "身上": 1, "担子": 1, "全国": 2, "​": 15, "投票": 2, "：": 16, "iOS": 10, "用户": 10, "接下来": 3, "系统": 4, "半": 2, "换机": 6, "转投": 2, "安卓": 7, "QuestMobile": 1, "监测": 1, "数据": 3, "显示": 2, "苹果": 3, "忠诚度": 1, "下降": 1, "2019年": 3, "上半年": 2, "46%": 2, "选择": 6, "投入": 2, "阵营": 2, "数字": 1, "去年": 2, "同期": 2, "增加": 2, "2.8%": 2, "27.8%": 2, "昨天": 3, "nova65G": 1, "发布会": 2, "千玺": 8, "同学": 1, "TFBOYS": 4, "易烊": 8, "来到": 1, "现场": 1, "体验区": 1, "感受": 2, "颜值": 2, "出众": 1, "#华": 1, "nova6": 8, "105": 2, "°": 2, "前置": 2, "广角": 3, "双摄": 1, "、": 12, "超感光": 1, "暗拍": 1, "速度": 1, "项": 1, "升级": 2, "体验": 2, "想": 3, "内容": 1, "点开": 1, "视频": 20, "L华": 2, "刚": 4, "下台": 1, "粉丝": 1, "都": 12, "喊": 1, "走": 7, "千": 2, "玺": 2, "竟然": 2, "舞台": 2, "小跑": 1, "🤨": 1, "nova星": 2, "2019": 1, "玊尔": 1, "演唱会": 1, "L神兽": 1, "妹子": 1, "爱": 1, "元宝": 1, "系列": 3, "精彩": 1, "亮点": 1, "记住": 2, "跟随": 1, "nova": 2, "代言人": 3, "星球": 1, "奇妙": 1, "幻境": 2, "转眼": 1, "年底": 1, "持续": 1, "降温": 1, "季节": 1, "家门": 2, "吃": 1, "一块": 1, "甜蜜": 1, "浓情": 1, "巧克力": 1, "才": 2, "冬日": 4, "正确": 1, "打开": 1, "方式": 1, "都会": 2, "忍不住": 1, "回想": 1, "发生": 1, "感动": 1, "幸福": 1, "时刻": 2, "想要": 1, "瞬间": 2, "～": 2, "种草": 1, "畅享": 2, "10S": 2, "4800万": 1, "高清超": 1, "三": 1, "摄": 1, "轻松": 1, "留下": 1, "一个": 3, "值得": 1, "记录": 1, "120": 1, "度": 1, "超": 1, "镜头": 1, "视野": 1, "倍": 1, "山川": 1, "湖海": 1, "大长腿": 1, "拍": 3, "拍拍": 1, "一键": 1, "尽收眼底": 1, "还要": 1, "夸爆": 1, "强劲": 1, "续航": 1, "4000": 1, "mAh": 1, "电池": 1, "不用": 1, "担心": 1, "出门": 1, "电量": 2, "安心": 1, "享受": 1, "惬意": 1, "下午": 2, "茶": 1, "满满": 2, "幻夜": 1, "黑": 2, "配色": 1, "低调": 1, "优雅": 1, "超薄": 1, "机身": 1, "角度": 1, "光泽": 1, "单调": 1, "沉闷": 1, "完美": 1, "诠释": 1, "五彩斑斓": 1, "功能": 1, "双双": 1, "在线": 1, "搭出": 1, "不落俗套": 1, "时髦": 1, "带上": 1, "定格": 1, "美好": 1, "英": 4, "保守": 3, "党人": 3, "报道": 8, "鲍里斯·约翰逊": 7, "接受": 5, "独立": 5, "电视台": 5, "采访": 4, "拍到": 3, "P20": 3, "名": 3, "保守党": 3, "人士": 3, "工作": 4, "人员": 3, "递给": 3, "鲍里斯": 3, "确认": 3, "本人": 3, "全球": 4, "魔王": 4, "L": 5, "踢出": 3, "网络": 7, "转头": 1, "开心": 1, "6日": 4, "4日": 2, "北约": 1, "组织": 2, "峰会": 1, "跟进": 1, "国际": 2, "盟友": 3, "做法": 1, "今晨": 3, "访问": 2, "主持人": 3, "正是": 1, "L燃": 1, "新闻": 3, "秒拍": 3, "选": 1, "界面": 1, "相关": 1, "分析": 4, "号": 1, "外号": 1, "丸几": 1, "冬瓜": 1, "遭遇": 1, "狗生": 1, "滑铁卢": 1, "~": 2, "顺风耳": 1, "灵": 1, "狗": 2, "耳朵": 1, "Sound": 1, "X": 1, "逼真": 1, "音质": 1, "听": 1, "真假": 1, "太": 3, "难": 1, "呜呜": 1, "懵": 1, "快": 2, "戳": 1, "收获": 1, "今日": 1, "份": 1, "快落": 1, "L芋圆": 1, "吃饱": 1, "当面": 1, "拒绝": 3, "蓬": 2, "佩奥": 2, "葡萄牙": 9, "外长": 6, "该国": 4, "美国": 22, "欧洲": 2, "围堵": 1, "碰": 1, "钉子": 1, "美联社": 2, "政府": 2, "高级": 1, "官员": 1, "外交": 1, "部长": 1, "席尔瓦": 2, "国务卿": 2, "蓬佩奥": 2, "排除": 1, "公司": 1, "下一代": 1, "提供": 2, "技术": 2, "可能性": 1, "评论": 1, "最新": 1, "抵制": 1, "劝说": 1, "硬件": 1, "竞标": 1, "欧盟": 1, "国家": 4, "O当面": 1, "易": 1, "烊": 1, "感谢": 1, "炫彩": 1, "光影": 2, "缓步": 1, "节奏": 2, "舞动": 1, "恣意": 1, "青春": 2, "定义": 2, "未来": 1, "拘束": 1, "魅力": 1, "千玺热舞": 2, "来袭": 1, "寒冷": 1, "点燃": 2, "帅": 1, "酷": 1, "十九": 1, "岁": 1, "活力": 1, "电影": 1, "转发": 1, "深圳": 1, "回应": 1, "起诉": 2, "联邦": 3, "通信": 2, "委员会": 3, "FCC": 6, "这次": 2, "法律": 1, "威胁": 2, "事实": 1, "证据": 1, "猜测": 1, "第二": 2, "公平": 2, "市场": 1, "竞争": 4, "企业": 3, "商业": 1, "环境": 1, "法案": 3, "实际上": 1, "剥夺": 1, "宪法": 2, "权利": 1, "超越": 1, "行政": 1, "授权": 1, "发": 1, "通话": 1, "本次": 1, "发布": 2, "版本": 1, "时代": 2, "超广角": 1, "3200万": 1, "人像": 1, "超级": 1, "夜景": 1, "带感": 1, "听说": 1, "新增": 1, "蜜语": 1, "红配色": 1, "冬天": 1, "炙热": 1, "红色": 1, "热情": 1, "前华": 1, "员工": 2, "谈": 1, "李洪元": 1, "251": 2, "事件": 2, "这是": 1, "说服力": 1, "此次": 1, "喷": 2, "香港": 1, "黄丝": 3, "台湾": 1, "台毒": 1, "无耻无德": 1, "对手": 3, "雇佣": 1, "水军": 1, "国内外": 1, "喷子": 3, "华": 1, "分子": 1, "极少数": 1, "脑残粉": 1, "好处": 3, "无耻": 2, "带": 2, "不良": 1, "蹭": 1, "热度": 1, "踩华": 1, "封杀": 3, "下意": 1, "欲": 1, "死": 1, "炒作": 1, "卑鄙": 1, "台独": 2, "8": 1, "诉求": 1, "名气": 1, "受损": 1, "好好": 1, "发现": 3, "并未": 1, "做错": 2, "合法": 1, "道歉": 2, "反而": 1, "真的": 1, "差劲": 1, "留": 1, "肯定": 1, "智障": 1, "收": 2, "说话": 1, "脑子": 1, "东西": 1, "可惜": 1, "喷子们": 2, "看上": 1, "博主": 1, "抬举": 1, "看华": 1, "到处": 2, "秀低": 1, "智商": 1, "弱智": 1, "无脑": 1, "职业": 1, "缺乏": 1, "判断": 2, "能力": 1, "心智": 1, "成熟": 1, "缺德": 2, "良知": 2, "难道": 1, "点数": 1, "热门": 2, "表哥": 2, "观看": 1, "更多": 1, "L热门": 1, "违反": 1, "补贴": 1, "资金": 1, "项目": 2, "小王": 1, "介绍": 1, "农村": 3, "无线": 1, "协会": 1, "统计": 1, "25%": 1, "客户": 2, "中兴": 1, "设备": 1, "运营商": 2, "砸锅卖铁": 1, "举债": 1, "几百万": 1, "补助": 1, "重创": 1, "几十万": 1, "数亿": 1, "美元": 1, "商机": 1, "形容": 1, "输": 1, "起跑线": 1, "信息": 1, "孤岛": 1, "玄机": 1, "冰汝": 1, "公号": 1, "重磅": 1, "出品": 1, "华春莹": 3, "赞赏": 2, "涉华": 1, "表态": 2, "各国": 2, "独立自主": 2, "做出": 2, "席尔瓦共见": 1, "记者": 1, "毫不犹豫": 1, "获取": 1, "秘密": 1, "工具": 1, "努力": 1, "确保": 1, "意识": 1, "信赖": 1, "电信": 2, "合作": 2, "招标": 1, "遵循": 1, "规则": 2, "外国": 1, "投资": 1, "外交部": 1, "发言人": 1, "记者会": 1, "公正": 2, "态度": 1, "莫须有": 1, "罪名": 1, "打压": 1, "特定": 1, "赤裸裸": 1, "霸权": 1, "行径": 1, "中方": 1, "正义感": 1, "反对": 1, "全球化": 1, "非歧视性": 1, "原则": 1, "维护": 1, "经济": 1, "贸易": 1, "秩序": 1, "至关重要": 1, "最终": 1, "本国": 1, "长远": 1, "利益": 2, "出发": 1, "符合": 1, "真香": 3, "警告": 2, "西方": 1, "炸锅": 1, "详情": 1, "请戳": 1, "↓↓↓": 1, "余承东": 2, "八": 2, "年前": 2, "低端": 2, "贴牌": 2, "产品": 2, "差点": 2, "停掉": 2, "上午": 1, "心声": 1, "社区": 1, "纪录": 1, "短片": 1, "第三": 1, "片中": 1, "新浪": 1, "科技": 1, "尴尬": 1, "4号": 1, "四": 1, "五": 1, "第2": 1, "不亦乐乎": 1, "照片": 1, "发到": 1, "社交": 1, "。。。": 3, "图三": 1, "生活": 1, "逃脱": 1, "定律": 1, "黄毛": 1, "特朗普": 3, "掏": 1, "……": 1, "周四": 1, "P20Pro": 3, "离开": 1, "斯科菲尔德": 1, "透露": 1, "拿出": 1, "按下": 1, "按钮": 1, "才能": 1, "拍照": 1, "熟悉": 1, "台": 2, "新机": 1, "O特朗普": 1, "漫游": 1, "色彩": 1, "浪漫": 1, "普罗旺斯": 1, "深邃": 1, "苏音蓝": 1, "颜色": 1, "灵魂": 1, "底色": 1, "吓尿": 3, "约定": 1, "闹": 1, "笑话": 1, "全世界": 1, "金毛会": 1, "打电话": 1, "批评": 1, "人和": 1, "赶紧": 3, "声明": 3, "手里": 1, "负责": 1, "欧美": 2, "吓傻": 1, "越来越": 1, "自信": 1, "川普": 1, "媳妇": 1, "孩子们": 1, "老": 1, "干妈": 1, "老子": 1, "藏": 1, "買": 1, "個": 1, "玩具": 1, "給": 1, "適應": 1, "華為": 2, "電話": 1, "怎麼": 1, "下年": 1, "換p": 1, "40pro到時": 1, "iPhone": 1, "賣掉": 1, "拒絕": 1, "當賣": 1, "國賊": 1, "們": 2, "站": 1, "打贏": 1, "老美": 1, "國人": 1, "勝利​": 1, "梨视频": 1, "里应外合": 1, "部门": 1, "打造": 1, "矩阵": 2, "美": 1, "涉疆": 3, "恐怖主义": 1, "张目": 1, "涉港": 2, "…": 2, "指手画脚": 3, "3日": 1, "国会": 1, "众议院": 1, "维吾尔": 1, "人权": 1, "政策": 1, "针对": 1, "此事": 1, "政协": 1, "外事": 1, "发表": 1, "谴责": 1, "喜欢": 1, "L中报": 1}