{"任正非": 82, "感谢": 25, "特朗普": 48, "救": 5, "华为": 64, "：": 39, "吓唬": 25, "员工": 10, "都": 32, "努力": 29, "工作": 17, "10月": 19, "24日": 8, "心声": 10, "社区": 10, "发布": 7, "接受": 11, "北欧": 9, "媒体": 10, "采访": 17, "纪要": 8, "谈": 6, "美国": 7, "总统": 5, "很": 8, "公司": 28, "经历": 13, "三十": 7, "绝大多数": 7, "富裕": 7, "富裕病": 7, "惰怠": 7, "、": 24, "享受": 7, "安逸": 7, "段": 5, "时间": 7, "垮": 8, "L燃": 4, "新闻": 5, "秒拍": 5, "视频": 10, "公布": 1, "问及": 1, "棒子": 14, "厉害": 5, "真真实实": 5, "记者": 5, "提问": 2, "想": 4, "参观": 2, "同意": 2, "回答": 2, "拥抱": 3, "办公室": 2, "看一看": 2, "漂亮": 2, "O": 7, "燃": 1, "孟晚舟": 41, "生日": 32, "日期": 3, "15日": 3, "提到": 6, "紧张": 4, "生产": 5, "种地": 3, "销售": 4, "收入": 4, "反而": 4, "增长": 5, "这是": 7, "一点": 3, "条": 4, "消息": 3, "发": 10, "朋友圈": 22, "祝贺": 6, "回来": 8, "25日": 8, "创始人": 6, "当日": 1, "上午": 1, "贴出": 2, "女": 2, "最新": 2, "截图": 2, "排": 1, "父爱": 14, "高山": 5, "天空": 6, "大海": 5, "表达": 1, "祝": 9, "父亲": 7, "快乐": 13, "附上": 2, "照片": 6, "署名": 1, "猪儿": 2, "(": 1, ")": 1, "老爸": 2, "贺信": 1, "往年": 2, "都会": 2, "团聚": 1, "在一起": 1, "遗憾": 1, "陪": 5, "身边": 5, "请": 4, "欠": 4, "亲爱": 1, "!": 1, "全文": 1, ">": 1, ">O": 1, "海": 2, "永恒": 5, "深邃": 5, "首席": 1, "财务官": 1, "亲笔信": 1, "称": 3, "催促": 1, "家人": 1, "回家": 1, "陪伴": 1, "希望": 4, "巍峨": 3, "绵延": 3, "；": 9, "深远": 3, "宽厚": 3, "偶尔": 4, "咆哮": 4, "庆生": 2, "75": 5, "岁": 5, "滞留": 1, "加拿大": 4, "写道": 1, "调侃": 1, "晒出": 1, "手写": 1, "封": 4, "回忆": 1, "过往": 1, "场景": 2, "女儿": 13, "尝": 1, "饭菜": 1, "听": 1, "唠叨": 1, "...": 1, "慢慢": 3, "！": 6, "想来": 1, "......": 9, "发文": 5, "配": 2, "写给": 2, "信中": 2, "此前": 1, "英国": 2, "新闻台": 1, "财富": 1, "杂志": 1, "改革": 1, "倒逼师": 1, "焕发": 1, "青春": 1, "人人": 1, "供应": 1, "L老板": 1, "联播": 1, "写": 3, "真挚": 1, "图片": 1, "脚": 2, "带有": 1, "电子": 3, "监控": 3, "装置": 1, "多事之秋": 1, "挺": 1, "夸": 1, "字": 2, "....": 1, "​": 6, "#O": 1, "写信": 1, "祝福": 1, "落款": 1, "带": 2, "笑容": 1, "依然": 1, "佩戴者": 1, "设备": 9, "去年": 2, "12月": 1, "温哥华": 1, "转机": 1, "当局": 1, "代表": 1, "政.府": 1, "暂时": 1, "扣留": 1, "随后": 1, "保释": 1, "遵守": 1, "系列": 1, "条件": 2, "佩戴": 1, "GPS": 1, "卫星": 1, "定位": 1, "专人": 1, "负责": 1, "24": 1, "小时": 1, "监视": 1, "1月": 1, "想念": 1, "打打": 1, "电话": 2, "仅仅": 1, "讲讲": 1, "笑话": 1, "晚舟": 2, "坚强": 1, "整点": 1, "播": 1, "每经": 2, "19点": 2, "丨": 2, "习近平": 4, "区块链": 7, "核心": 5, "技术": 10, "自主": 4, "创新": 6, "突破口": 4, "获颁": 2, "中国": 8, "5G": 12, "基站": 3, "进网": 4, "许可证": 4, "农行": 1, "保利": 1, "地产": 1, "顺丰": 1, "控股": 1, "披露": 1, "三季报": 1, "1": 3, "新华社": 1, "报道": 3, "中共中央": 2, "政治局": 1, "下午": 1, "发展": 2, "现状": 1, "趋势": 1, "第十八": 1, "集体": 1, "学习": 2, "总书记": 1, "主持": 1, "集成": 1, "革新": 1, "产业": 2, "变革": 1, "作用": 1, "主攻": 1, "方向": 1, "加大": 1, "投入": 1, "力度": 1, "着力": 1, "攻克": 1, "一批": 1, "关键": 1, "加快": 1, "推动": 1, "iPhone11一": 1, "卖出": 1, "1200万": 1, "平均": 1, "40万": 1, "苹果": 3, "再次": 1, "剧情": 1, "反转": 1, "吐槽": 1, "浴霸": 1, "镜头": 1, "热卖": 1, "产品": 2, "外媒": 1, "分析师": 1, "iPhone11": 1, "开卖": 2, "一个": 4, "售出": 1, "1200多": 1, "iPhone": 1, "XR": 1, "同期": 1, "销量": 1, "15%": 1, "价格": 2, "iPhone11Pro": 1, "iPhone11ProMax": 1, "产量": 1, "削减": 1, "200万": 1, "股价": 1, "总市值": 1, "超": 1, "微软": 1, "亚马逊": 1, "位列": 1, "全球": 4, "第一": 2, "3": 1, "无线电": 2, "通信": 2, "官网": 1, "近日": 3, "工业": 1, "信息化": 1, "颁发": 1, "率先": 1, "标志": 1, "支持": 2, "规模": 1, "部署": 1, "正式": 1, "接入": 1, "公用": 1, "电信": 3, "商用": 2, "网络": 6, "采用": 1, "MassiveMIMO": 1, "覆盖": 2, "容量": 2, "提升": 3, "需求": 1, "用户": 4, "带来": 1, "极致": 1, "超高清": 1, "AR/VR": 1, "增强": 1, "宽带": 1, "eMBB": 1, "业务": 1, "体验": 2, "NSA": 1, "SA": 1, "架构": 1, "O网页": 1, "链接O": 1, "早读": 1, "新京报": 3, "A02": 1, "货车": 1, "内": 1, "39": 1, "中国人": 1, "尸体": 1, "夺命": 1, "集装箱": 1, "悲剧": 1, "何以": 1, "一再": 1, "发生": 2, "A12": 1, "认罪": 2, "认罚": 2, "宽": 2, "制度": 1, "指导": 1, "意见": 1, "出台": 1, "原则": 1, "从宽": 1, "把握": 1, "详细": 1, "规范": 1, "A13": 1, "新京": 1, "报X": 1, "调查": 1, "客修": 13, "配件": 9, "查": 10, "涉案": 11, "3亿": 10, "B01": 1, "营商": 1, "环境": 1, "排名": 1, "15": 1, "C01": 1, "好莱坞": 1, "制片人": 1, "权力榜": 1, "稳居": 1, "榜首": 1, "O2019年": 1, "星期五": 1, "卧槽": 1, "TCL": 1, "三": 2, "折": 1, "叠屏": 1, "牛逼": 1, "五": 1, "折叠": 1, "屏​": 1, "金额": 6, "元": 5, "手机": 8, "O2O": 2, "维修": 6, "平台": 3, "挖单": 2, "过度": 2, "替换": 2, "完好": 2, "原厂": 2, "厂件": 2, "名义": 2, "卖给": 2, "客户": 2, "深圳市": 3, "市场": 2, "监督": 2, "管理局": 2, "联合": 2, "警方": 1, "部门": 1, "专项": 2, "31": 1, "名": 1, "犯罪": 1, "嫌疑人": 1, "刑拘": 2, "极客修": 1, "假冒": 8, "零配件": 5, "2017年": 3, "O极": 2, "3亿L": 1, "财经": 1, "BBC": 2, "纪录片": 2, "L": 2, "背后": 4, "男人": 1, "​​​": 1, "投诉量": 1, "攀升": 1, "卧底": 1, "发现": 3, "峰值": 2, "速率": 2, "2.5Gbps": 2, "5GN": 1, "SA网": 1, "3.5": 1, "G载波": 1, "聚合": 1, "测试": 2, "广东": 2, "联通": 6, "共建": 2, "共享": 4, "精品": 1, "网#": 1, "建设": 1, "速度": 1, "快速": 1, "翻倍": 3, "网速": 1, "23日": 1, "100MHz": 2, "频谱": 3, "带宽": 3, "广州": 1, "基于": 1, "频段": 1, "5GNSA": 2, "3.5GHz": 1, "200MHz": 1, "双载": 1, "波聚合": 1, "下行": 1, "高达": 1, "5": 1, "GNSA": 1, "倍": 1, "5G基站": 1, "单扇区": 1, "具备": 1, "下速率": 1, "均": 1, "Gbps": 1, "能力": 1, "大幅": 1, "1+1>2": 1, "极速": 1, "未来": 2, "祝寿": 1, "财务长": 1, "侵权": 3, "深圳": 3, "获悉": 1, "打击": 1, "侵犯": 1, "商标": 1, "专用权": 1, "执法": 1, "收网": 2, "模式": 1, "经营": 1, "位于": 2, "东莞市": 1, "汕尾市": 1, "6": 1, "窝点": 1, "提供": 1, "全国": 3, "仓库": 1, "发往": 1, "维修点": 2, "涉及": 1, "10": 1, "省市": 1, "37": 1, "城市": 1, "70余": 1, "检查": 2, "目标点10": 1, "查获": 1, "10.2万": 1, "8": 1, "追逃": 1, "派出": 1, "组赴": 1, "重庆": 1, "配合": 1, "当地": 1, "现场": 1, "总部": 1, "调取": 1, "后台": 1, "财务": 1, "运营": 1, "数据": 1, "初步": 1, "计算": 1, "@": 1, "刚": 2, "下楼": 1, "电梯": 2, "里边儿": 1, "大哥": 2, "手里": 1, "Fold": 2, "哥们儿": 1, "折叠屏": 3, "三星": 4, "买": 2, "告诉": 1, "16999": 1, "把玩": 1, "贵": 1, "还给": 1, "临走": 1, "一句话": 1, "感受": 1, "品牌": 1, "塑造": 1, "成功": 1, "……": 1, "口吻": 1, "潜台词": 1, "意外": 1, "…殊": 1, "不知": 1, "量产": 1, "局": 1, "胜": 1, "如图": 1, "总裁": 1, "副董事长": 1, "戴": 2, "脚镣": 2, "拍": 1, "确实": 1, "逮捕": 1, "拍出": 1, "女性": 1, "气质": 1, "富有": 1, "浪漫主义": 1, "情调": 1, "独此": 1, "份": 1, "万万": 1, "mate": 1, "想到": 1, "气球": 1, "橘子": 1, "皮": 1, "化学": 1, "Mate30": 1, "Pro": 1, "突破": 1, "视觉": 1, "边界": 1, "7680": 1, "帧超": 1, "高速": 1, "摄影": 1, "功能": 1, "重构": 1, "动作": 1, "想象": 1, "L华": 1, "终端": 1, "官方": 1, "国家": 4, "做出": 2, "牺牲": 3, "让步": 2, "昨日": 1, "小孩": 1, "经受": 1, "风雨": 2, "考验": 1, "坏事": 1, "件": 1, "事情": 1, "牵连": 1, "穷人": 1, "利益": 1, "法律": 1, "手段": 1, "解决": 1, "Mate30Pro": 1, "竟然": 1, "听筒": 2, "屏幕": 1, "发声": 1, "这样的话": 1, "打电话": 1, "听到": 2, "毫无": 1, "隐私": 2, "网上": 1, "不少": 1, "商务机": 1, "商务": 1, "人士": 1, "看重": 1, "生意": 1, "边上": 1, "额头": 1, "黑边": 1, "为啥": 1, "特斯拉": 2, "梦": 1, "124": 1, "供应链": 1, "制造": 1, "产业链": 5, "高效率": 1, "低": 1, "成本": 1, "工厂": 2, "身上": 1, "完美": 1, "体现": 1, "挖": 1, "超级": 1, "相比": 1, "汽车": 1, "长度": 1, "深度": 1, "远远": 1, "超过": 1, "智能": 1, "有望": 1, "持续": 1, "受益": 1, "供应商": 1, "名单": 1, "长": 1, "国泰君安": 1}