{"3Bangz": 1, "歌": 1, "diss易烊": 1, "千玺": 2, "王俊凯": 2, "粉丝": 6, "易烊": 18, "千": 17, "玺": 15, "帅哥": 2, "到处": 1, "碰瓷": 1, "关注": 2, "弟弟": 11, "作品": 2, "期待": 2, "电影": 3, "少年": 3, "yyqx": 2, "四": 13, "字": 14, "yy": 8, "qx": 8, "华为": 59, "野兽派": 3, "yyqx纪梵希": 2, "帅": 2, "雕塑": 2, "世间": 1, "当如": 1, "新岁": 2, "喜": 3, "诸事": 3, "顺易": 2, "L烊": 1, "念": 1, "倒": 1, "秒拍": 2, "视频": 4, "季度": 12, "高通": 25, "支付": 14, "1.5亿": 12, "美元": 11, "牢牢": 1, "知识": 1, "产权": 1, "多么": 1, "都": 12, "美国": 12, "美金": 1, "技术": 6, "许可费": 5, "转换": 1, "角色": 2, "L金刀王": 1, "​": 15, "中国": 19, "律师": 12, "公众": 1, "控案": 1, "一个": 4, "看点": 1, "：": 19, "政府": 5, "原告": 1, "起诉": 1, "外国": 2, "公司": 8, "犯罪": 1, "对抗": 1, "被告": 1, "人民": 1, "网上": 1, "骂": 2, "卖国": 1, "美奸": 1, "法庭": 1, "记录": 1, "显示": 2, "单位": 1, "聘请": 1, "名": 4, "包括": 2, "司法部": 4, "副总": 2, "检察长": 2, "JimCole": 2, "盛德": 2, "奥斯汀": 2, "事务所": 2, "合伙人": 6, "；": 7, "DavidBitkower": 2, "Jenner＆Block": 2, "联邦": 2, "检察官": 2, "RobertWestinghouse": 2, "YarmuthLLP": 2, "Steptoe＆JohnsonLLP": 2, "O华": 1, "辩护": 1, "律师团": 1, "强大": 2, "阵容": 2, "曝光": 1, "加媒": 2, "派": 2, "特使": 2, "缓解": 3, "紧张": 3, "状况": 3, "加拿大": 5, "确实": 1, "面临": 2, "关系": 2, "挑战性": 1, "局面": 1, "外长": 1, "弗里兰": 1, "29日": 3, "内阁": 1, "会议": 2, "结束": 1, "称": 3, "广播": 1, "网站": 1, "30日": 3, "发文": 1, "发出": 1, "高管": 1, "孟晚舟": 1, "引渡": 1, "申请": 1, "路": 1, "越来越": 1, "窄": 1, "提到": 2, "驻华": 1, "大使": 1, "麦家廉": 1, "解职": 1, "背景": 1, "指派": 1, "代表": 1, "赴": 1, "提及": 1, "名字": 1, "加前": 1, "总理": 1, "克雷蒂安": 1, "O加媒": 1, "易烊": 1, "长安": 2, "十二": 2, "时辰": 2, "！": 7, "演员": 1, "烊": 2, "眼前": 1, "亮": 1, "净化": 1, "中戏": 4, "第一": 4, "yyqx帅": 1, "nova": 4, "千玺阿迪": 1, "爸爸": 1, "沙宣": 2, "BottegaVeneta葆": 1, "蝶家": 1, "​​": 2, "​易烊": 1, "千玺yyqx四": 1, "帅K": 1, "恒温": 1, "动物": 1, "天猫": 1, "首位": 1, "代言人": 4, "全球": 11, "舞台": 1, "王者": 1, "编舞": 1, "神顶级": 1, "流量": 1, "全能": 1, "偶像": 1, "千玺yyqx": 2, "大佬": 2, "李泌艳": 1, "势番": 1, "阿易": 1, "队长": 1, "千千": 1, "烊烊": 1, "小千": 1, "开心": 1, "加油": 1, "嗷": 1, "美帝": 2, "十月": 1, "中选": 1, "挖": 1, "坑": 1, "快": 1, "填平": 1, "整过": 1, "过程": 2, "观察": 1, "日记": 1, "经济": 1, "分析": 1, "框架": 1, "川": 2, "大爷": 2, "博弈": 1, "对象": 2, "鲍威尔": 1, "、": 18, "佩洛西": 1, "原油": 1, "贸易": 2, "谈判": 3, "团队": 2, "川爷": 1, "赢": 1, "局": 1, "盘子": 1, "菜": 1, "🐷君": 1, "复盘": 1, "来龙去脉": 1, "「": 1, "刘": 1, "煜辉": 1, "宏观": 1, "」": 1, "寻O": 1, "网页": 1, "链接": 6, "手机": 21, "镜头": 2, "北京": 1, "摄影": 2, "@": 6, "lwelweself": 1, "设备": 4, "P20pro+right": 1, "大世界": 1, "恋上": 1, "冬日": 1, "#​": 1, "遥远": 1, "距离": 1, "买": 2, "票": 1, "回家": 3, "路上": 1, "电": 2, "春运": 1, "人山人海": 1, "十八般武艺": 1, "才能": 1, "充上": 1, "一会": 1, "……": 6, "别慌": 1, "Mate20": 2, "Pro": 1, "4200": 1, "mAh": 1, "容量": 1, "电池": 1, "归途": 1, "持久": 1, "续航": 1, "+": 1, "带": 1, "话题": 2, "转评": 1, "聊聊": 1, "途中": 1, "招式": 1, "抽奖": 1, "平台": 2, "随机": 1, "抽": 1, "送": 1, "备咖": 1, "存储": 1, "3": 2, "成都": 2, "高新西区": 1, "——": 1, "英特尔": 1, "京东方": 1, "格罗方德": 1, "成研院": 1, "TCL": 1, "高新综保区": 1, "电子": 1, "科技": 1, "大学": 1, "清水河": 1, "校区": 1, "高新": 1, "地标": 1, "通华": 1, "暂": 3, "和解": 5, "专利": 3, "授权": 10, "达成": 2, "临时": 1, "协议": 9, "签署": 6, "短期": 7, "有效期": 2, "第三": 4, "财季": 3, "如今": 1, "内": 1, "唯一": 1, "授权费": 1, "反对方": 1, "苹果": 6, "通信": 2, "厂家": 1, "年前": 2, "西方": 6, "大厂": 1, "高价": 1, "赚昧": 1, "钱": 2, "出差": 1, "五星级": 1, "国产": 1, "打压": 4, "住": 1, "影响": 2, "老美": 7, "赚": 1, "大钱": 1, "这次": 3, "才": 2, "借题发挥": 1, "耍": 1, "阴招": 1, "提振": 1, "制造业": 1, "内部": 4, "虚拟": 1, "股权": 4, "股": 2, "融资": 3, "压力": 5, "未雨绸缪": 2, "国家": 1, "管理": 3, "防微杜渐": 1, "初步": 1, "估计": 2, "虚拟股": 1, "150亿": 1, "股价": 1, "10": 2, "元": 1, "1500亿": 1, "80亿": 1, "准确": 1, "数字": 1, "提供": 1, "员工": 9, "离职": 1, "兑付": 5, "16万": 1, "去除": 1, "人均": 1, "200万": 1, "差不多": 1, "老": 1, "优化": 6, "1万": 1, "200亿": 1, "干活": 1, "融资者": 1, "身份": 2, "企业": 2, "发展": 2, "提前": 2, "发现": 1, "分布": 1, "一万": 1, "不大": 2, "强力": 1, "市场": 3, "丢": 1, "当初": 2, "中兴": 2, "芯片": 5, "供应": 1, "立刻": 1, "休息": 1, "带来": 2, "主动": 1, "挽留": 1, "另谋高就": 1, "提现": 1, "很": 5, "麻烦": 2, "类似": 2, "储户": 1, "银行": 1, "看断": 1, "供": 1, "可能性": 1, "不至于": 1, "撕破": 1, "脸": 1, "闹": 1, "运营商": 1, "选择": 1, "五": 1, "运营": 1, "维护": 1, "周期": 1, "核心": 1, "头": 1, "悬达": 1, "摩克利斯": 1, "剑": 1, "随时": 1, "自然": 1, "大T": 1, "选": 1, "对待": 1, "盟友": 1, "软硬": 1, "杠杆": 1, "顺风顺水": 1, "逆风": 1, "逆水": 1, "进退两难": 1, "预期": 2, "难": 1, "气势汹汹": 1, "玩法": 1, "证券": 1, "时报": 1, "写": 1, "文章": 2, "感": 1, "兴趣": 1, "做好": 1, "防患于未然": 1, "生图": 1, "国外": 1, "媒体": 3, "报道": 1, "当地": 1, "时间": 1, "周三": 2, "第二": 2, "智能": 7, "(": 1, "Qualcomm": 1, ")": 1, "项": 2, "这笔": 1, "交易": 1, "截至": 1, "12月": 1, "持续": 1, "6月": 1, "详情": 2, "点击": 1, "O高通": 2, "澳洲": 1, "好友": 1, "洗脑": 1, "功力": 1, "一等": 1, "朋友": 1, "夫妻": 1, "三": 1, "观": 1, "挺": 1, "轰炸": 1, "之下": 1, "泄密": 1, "宣传": 2, "真的": 1, "枪": 3, "哑火": 1, "只能": 1, "任人宰割": 1, "喇叭": 1, "手里": 1, "武器": 1, "太": 2, "落后": 1, "大毛比": 1, "差距": 1, "俄罗斯": 3, "毕竟": 1, "经验": 2, "很多": 1, "冷战": 1, "时期": 1, "肯定": 1, "花": 1, "效果": 1, "差": 1, "国际": 1, "舆论": 1, "阵地": 1, "基本上": 1, "存在感": 1, "走": 1, "灵活": 1, "多变": 1, "发挥": 1, "留学生": 1, "商会": 1, "作用": 1, "脑子": 1, "活要": 1, "敢于": 1, "出手": 1, "季": 2, "制造商": 2, "刚刚": 2, "通CFO": 1, "乔治·戴维斯": 1, "电话": 1, "闲事": 1, "挂": 1, "心头": 1, "人间": 1, "时节": 1, "昨日": 1, "逛花市": 1, "随拍": 1, "2019年": 1, "你好": 1, "大年": 1, "影像": 1, "成诗": 1, "终端": 2, "官方": 2, "千玺助梦": 1, "小将": 1, "燃动": 1, "冰雪": 1, "世界": 2, "星辰": 1, "大海": 1, "坠落": 1, "唯独": 1, "梦境": 1, "TFBOYS": 1, "千玺易烊": 1, "街": 1, "舞华": 1, "野兽帅": 1, "可爱": 1, "双料": 1, "K": 1, "舒适": 1, "圈K": 1, "Don'tTieMeDown-TFBOYS": 1, "千玺K": 1, "亲爱": 1, "台风": 1, "品牌": 3, "赢家": 2, "Counterpoint": 1, "报告": 4, "有意思": 1, "观点": 1, "vivo": 1, "OPPO": 3, "一加": 1, "Realme": 1, "海外子": 1, "归结": 1, "步步高": 2, "集团": 2, "旗下": 1, "算": 1, "出货量": 8, "超越": 1, "发表": 1, "头条": 1, "中国人": 2, "恨": 6, "O": 2, "迎风": 1, "自拍": 1, "顶雪": 1, "撒欢": 1, "冷": 2, "挡": 1, "不住": 1, "想": 1, "玩耍": 1, "评论区": 1, "分享": 1, "拍": 1, "照片": 1, "冻": 1, "L华": 2, "特朗普": 1, "美": 1, "情报": 1, "部门": 1, "1月": 1, "发布": 1, "威胁": 3, "评估": 1, "朝鲜": 1, "伊朗": 1, "描述": 3, "不满": 1, "认可": 1, "文": 1, "排": 1, "战略": 1, "角度": 1, "扩散": 1, "滴": 1, "浮出": 1, "水面": 1, "履历": 1, "民财": 1, "经汇": 1, "O网页": 3, "请": 1, "2018年": 2, "Q4": 3, "敌": 2, "三星": 3, "逆势": 5, "涨": 2, "四成": 2, "IDC": 1, "数据": 1, "供应商": 2, "出货": 4, "3.765亿": 1, "同比": 2, "下降": 2, "4.9％": 1, "连续": 1, "第五": 2, "下滑": 3, "全年": 3, "14亿": 1, "4.1％": 1, "7040万": 1, "力压": 1, "夺得": 1, "冠军": 1, "值得一提的是": 1, "小米": 1, "包揽": 1, "O2018年": 1, "黑科技": 1, "多机": 1, "升级": 3, "咯": 1, "E起升": 1, "火热": 1, "品华": 1, "FreeBuds2Pro": 1, "耳机": 1, "骨声纹ID": 1, "识别": 1, "机主": 1, "一句话": 1, "即可": 1, "打开": 1, "页面": 1, "支持": 2, "HWA": 1, "高清": 1, "音质": 1, "开盖": 1, "自配": 1, "弹窗": 1, "机型": 2, "HUAWEIMate20": 1, "系列": 3, "/": 8, "荣耀": 5, "Magic2": 1, "新增": 1, "HUAWEIMateRS": 1, "保时捷": 1, "设计": 1, "P20": 1, "Mate10": 1, "play": 1, "V10": 1, "Note10": 1, "戳": 2, "EMUI": 1, "事件": 2, "认罚": 1, "别人": 1, "就事论事": 1, "共赢": 1, "表现": 1, "滿意": 1, "说不定": 1, "干预": 1, "从来": 1, "独立": 1, "办案": 1, "司法": 1, "司马昭之心": 1, "虎": 1, "狼态": 1, "纤毫毕现": 1, "懂": 4, "好像": 1, "暂时": 2, "持有": 1, "3G": 1, "4G": 1, "5G": 1, "网络": 2, "软件": 1, "功能": 1, "相关": 1, "厂商": 1, "生产": 1, "连接": 1, "蜂窝": 1, "大一": 1, "收入": 1, "数百": 1, "费用": 1, "基于": 1, "价值": 1, "零部件": 1, "抗争": 1, "评价": 1, "空间": 1, "接受": 1, "别无选择": 1, "像是": 1, "抵": 1, "脑袋": 1, "2018": 2, "称冠": 1, "台湾": 1, "中央社": 1, "最新": 1, "统计": 1, "指出": 1, "大陆": 3, "3.96亿": 1, "支": 2, "2017年": 1, "衰退": 1, "14%": 1, "增长": 1, "15%": 1, "1.05亿": 1, "占据": 1, "27%": 1, "O2018": 1, "冠​": 1, "提": 1, "猪": 1, "小屁": 1, "皆": 1, "如意": 1, "主题": 1, "新春卡": 1, "瓜分": 1, "百万": 1, "大奖": 1, "服务": 1, "立马": 1, "转走": 1, "好运": 1, "马上": 1, "~": 2, "记得": 1, "⬇️": 1, "华科": 2, "收回": 2, "毕业生": 1, "终身": 2, "邮箱": 5, "校园": 2, "校友": 2, "…": 4, "注销": 1, "免费": 1, "新闻": 1, "为啥": 1, "不说": 1, "一点": 1, "背": 1, "锅": 1, "评论": 1, "哈哈​": 1}