{"很": 9, "华为": 59, "IFA2019": 1, "机会": 1, "同行": 1, "、": 30, "消费者": 1, "交流": 1, "展会": 1, "持续": 1, "9月": 6, "11日": 1, "朋友": 1, "展台": 1, "体验": 1, "产品": 4, "技术": 10, "！": 21, "​": 20, "年度": 2, "旗舰机": 2, "选华": 3, "mate30": 2, "iPhone11": 2, "同事": 1, "拍": 2, "P30": 2, "Pro": 1, "颜色": 2, "柏林": 1, "合照": 1, "2014年": 1, "小米": 7, "手机": 26, "顺风顺水": 1, "国内": 3, "市场": 1, "稳居": 1, "第一": 1, "不料": 1, "荣耀": 3, "杀出": 1, "定位": 1, "奔": 1, "战术": 1, "打法": 1, "黏": 1, "走": 1, "终于": 1, "雷军": 1, "爆发": 1, "很多": 2, "米粉": 1, "都": 7, "经历": 1, "那段": 1, "时期": 1, "高中": 1, "看书": 1, "才": 5, "段": 1, "事情": 3, "默克尔": 2, "访华": 1, "5G": 14, "合作": 6, "上周": 2, "美国": 23, "波兰": 3, "签署": 1, "声明": 1, "排除": 1, "供应商": 3, "关系": 1, "特殊化": 1, "英国": 2, "制衡": 1, "德国": 5, "领导权": 1, "力量": 2, "立场": 1, "暂时": 3, "选择": 1, "收紧": 1, "规则": 1, "标准": 1, "审查": 1, "此举": 1, "针对": 1, "警惕": 1, "原因": 1, "德": 1, "部门": 2, "调查": 1, "显示": 1, "规矩": 1, "做生意": 1, "反倒": 1, "思科": 1, "公司": 9, "情报": 1, "监听": 1, "提供": 1, "网络": 1, "O": 4, "解局": 1, "关键": 1, "时间": 1, "节点": 1, "再次": 1, "来华": 1, "深意": 1, "麒麟": 4, "9905G": 4, "10月": 1, "上市": 2, "高通": 4, "865": 2, "集成5G": 3, "基带": 2, "明年": 1, "4月": 1, "足足": 1, "领先": 2, "半年": 1, "性能": 1, "骁龙": 2, "半斤八两": 1, "差不多": 1, "任正非": 6, "：": 16, "通信": 5, "产业": 3, "失败": 3, "归罪于": 3, "崛起": 4, "心声": 1, "社区": 1, "发布": 11, "接受": 1, "BBC": 1, "故事": 1, "工场": 1, "纪录片": 1, "采访": 2, "纪要": 1, "走错": 1, "路": 2, "分享": 2, "人工": 3, "智能": 7, "看法": 1, "详情": 1, "戳": 1, "蒋": 6, "国文": 6, "落地": 3, "300多": 2, "项目": 2, "7日": 3, "上午": 2, "9:00": 2, "第十八": 2, "届": 2, "世界": 5, "商业": 2, "领袖": 2, "圆桌": 2, "会议": 4, "厦门": 2, "举办": 4, "全球": 14, "伙伴": 3, "生态部": 2, "副部长": 2, "出席": 2, "@": 5, "每日": 2, "经济": 2, "新闻": 2, "记者": 3, "谈及": 2, "华为云": 2, "优势": 2, "全栈": 2, "场景": 3, "布局": 2, "推进": 2, "希望": 2, "创新": 8, "实践": 2, "夯实": 2, "LNBD": 2, "视频": 9, "秒拍": 4, "员工": 4, "入职": 2, "180": 2, "详细": 1, "培训": 1, "计划": 2, "6": 1, "培养": 2, "周期": 1, "体现": 1, "企业": 5, "人才": 1, "重视": 1, "程度": 1, "重点": 1, "放": 1, "15": 1, "导致力": 1, "新生代": 1, "离职率": 1, "高峰": 1, "第6": 1, "1": 2, "损失": 1, "成本": 1, "快速": 1, "提升": 2, "能力": 1, "取决于": 1, "管理者": 1, "客观": 1, "的确": 1, "昨天": 1, "首款": 7, "商用": 2, "芯片": 19, "旗舰": 3, "处理器": 3, "；": 1, "麒麟810": 1, "中端": 1, "枚": 1, "对手": 1, "牛叉": 1, "为啥": 1, "感觉": 1, "网上": 1, "满意": 1, "冷嘲热讽": 2, "时髦": 1, "精": 1, "想": 3, "老": 1, "学校": 1, "街舞": 1, "大神": 1, "亲身": 1, "示范": 1, "分钟": 1, "眼睛": 1, "学会": 1, "oldschool": 1, "三大": 1, "舞种": 1, "听": 1, "酷": 1, "nova5": 2, "iPro": 1, "夜晚": 3, "燥": 1, "定格": 1, "潮流": 1, "玩转": 1, "风格": 1, "超": 2, "长续": 1, "航连": 1, "帧": 1, "拍出": 1, "范儿": 1, "~": 1, "L333333": 1, "花": 1, "余承东": 3, "暗怼": 3, "苹果": 4, "解决": 5, "方案": 5, "感到": 1, "惭愧": 1, "偷": 1, "研发": 2, "！！！​": 1, "Mate30": 3, "不用": 2, "元件": 2, "专家": 4, "主动": 3, "6日": 3, "业界": 1, "5GSoC": 1, "据悉": 1, "预计": 1, "19日": 1, "慕尼黑": 1, "系列": 3, "首发": 2, "搭载": 1, "近日": 5, "消息": 3, "称": 1, "中将": 1, "采用": 1, "元器件": 2, "降": 2, "零": 2, "杜绝": 1, "禁令": 3, "带来": 3, "影响": 3, "北京": 2, "2019": 1, "媒体": 1, "沟通": 1, "会上": 1, "环球": 1, "时报": 1, "就此": 1, "Fellow": 1, "(": 2, "内部": 1, "院士": 1, "级别": 1, "统称": 1, ")": 2, "艾伟": 3, "求证": 1, "并非": 1, "问到": 1, "‘": 1, "麒麟9905G": 1, "’": 1, "回应": 2, "别人": 3, "用到": 1, "开放": 2, "原则": 1, "真的": 2, "买": 4, "器件": 2, "这次": 1, "考验": 1, "坚信": 1, "路径": 1, "否定": 1, "肯定": 1, "版本": 1, "OMate30": 1, "牛逼": 1, "干完": 1, "干": 1, "OPPO": 1, "vivo": 1, "剩": 1, "学生们": 1, "午餐": 1, "聚会": 1, "合影": 1, "吴佳": 1, "营养": 1, "健康": 1, "照相": 1, "功能": 1, "强大": 1, "...": 1, "差": 1, "光线": 1, "距离": 1, "居然": 1, "不错": 2, "坐": 1, "飞机": 1, "女孩": 1, "P30Pro": 2, "粉色版": 1, "晃": 1, "发现": 2, "太": 2, "漂亮": 1, "女": 1, "孩子": 1, "带": 1, "壳": 1, "Mate20X": 1, "浴霸": 1, "用户": 1, "品牌": 1, "90%": 1, "首批": 1, "卖": 5, "……": 3, "难为": 1, "国产": 1, "厂商": 5, "除外": 1, "回": 1, "店": 1, "换​": 1, "中国": 5, "芯要": 1, "恨不得": 1, "动手": 1, "加把劲": 1, "麒麟990": 3, "打败": 1, "到底": 1, "三星": 4, "Exynos980": 1, "Soc华": 1, "翻盖": 10, "待机": 4, "28": 4, "700": 6, "元": 4, "砸": 4, "核桃": 4, "诺基亚": 9, "回来": 4, "争相": 3, "霸主": 3, "公告": 3, "推出": 4, "复古": 5, "长": 2, "待机28": 2, "4G": 2, "热点": 1, "通话": 2, "块": 2, "售价": 2, "昔日": 3, "情怀": 3, "买单": 3, "新一代": 1, "发布会": 1, "友商": 1, "A": 1, "集成式": 1, "PPT": 1, "L五环": 1, "短": 1, "一个": 1, "时代": 3, "回忆": 3, "头部": 2, "旗下": 2, "款": 2, "拨动": 2, "不少": 2, "60后": 2, "70后": 2, "80后": 2, "心弦": 2, "总裁": 1, "800": 1, "G光": 1, "全世界": 3, "遥远": 1, "背景": 1, "补充": 1, "一直以来": 1, "中兴": 1, "烽火": 1, "设备": 3, "光通信": 6, "整机": 1, "高端": 2, "核心": 2, "只能": 1, "做出": 1, "最多": 1, "100G": 1, "传输": 4, "容量": 1, "央视": 1, "节目": 1, "吹": 1, "依赖": 2, "日本": 2, "多年": 1, "启动": 1, "猛": 1, "攻光": 1, "最高端": 1, "400G": 1, "早已": 1, "搞定": 3, "800G": 3, "生产": 2, "建": 1, "工厂": 1, "先进": 1, "概念": 1, "远": 1, "甩": 1, "条": 1, "街": 1, "意义": 1, "未来": 1, "互联网": 2, "超宽带": 2, "数据": 1, "推向": 1, "这是": 1, "国家": 1, "望尘莫及": 1, "强势": 1, "拉动": 1, "人类": 1, "宽带": 1, "记住": 1, "领域": 1, "秒": 1, "渣都不剩": 1, "不服": 1, "不行": 1, "NBD": 1, "O翻盖": 1, "联合": 1, "行业": 3, "联袂": 1, "打造": 1, "面向": 1, "工业": 4, "赋予": 1, "智慧": 2, "颗": 1, "强劲": 1, "跳动": 1, "制造": 1, "效率": 1, "降本": 1, "增效": 1, "敬请": 1, "关注": 1, "HC2019": 1, "联接": 1, "大会": 1, "攀": 1, "高度": 1, "网页": 1, "链接": 2, "L华": 1, "实施": 2, "Service": 3, "Mesh": 3, "确保": 1, "分工": 1, "高效": 1, "下午": 1, "Cloud": 1, "NativeDaysChina": 1, "全国": 1, "巡讲": 1, "南京": 1, "邀请": 1, "eBay": 1, "酷家乐": 1, "房": 1, "多多": 1, "资深": 1, "讲师": 1, "专场": 1, "添加": 1, "助手": 1, "微信": 1, "infoq": 1, "123": 1, "获取": 1, "会后": 1, "资料": 1, "转发": 1, "本条": 1, "抽奖": 1, "平台": 1, "随机": 1, "送": 1, "书": 1, "三": 1, "图书": 1, "在线": 1, "直播": 1, "观看": 1, "地址": 1, "O网页": 1, "追寻": 1, "神秘": 1, "北极光": 1, "感受": 1, "异国多彩": 1, "生活": 1, "旅途": 2, "美好": 1, "瞬间": 1, "值得": 1, "记录": 1, "前置": 1, "3200万": 1, "人像": 1, "超级": 1, "夜景": 1, "自拍": 1, "夜幕": 1, "留住": 1, "清晰": 1, "倩影": 1, "美拍": 1, "动人": 1, "后置": 1, "4800万AI四": 1, "摄": 1, "高清": 1, "还原": 1, "眼": 1, "轻松": 1, "尽收": 1, "风光": 1, "终端": 1, "官方": 1, "拥抱": 1, "开源": 5, "舟": 1, "共济": 1, "方舟": 3, "编译器": 2, "首场": 1, "沙龙": 1, "研究所": 1, "成功": 1, "两百": 1, "名": 1, "开发者": 1, "人员": 1, "踊跃": 1, "到场": 1, "高校": 1, "学者们": 1, "探讨": 1, "现场": 1, "气氛": 1, "热烈": 1, "高手": 1, "过招": 1, "专业": 1, "满满": 1, "底层": 1, "软件": 2, "探索": 1, "期待": 1, "探寻": 1, "符合": 1, "需求": 1}