{"快本": 3, "超时": 3, "营业": 5, "准时": 1, "上线": 2, "！": 20, "@": 5, "UNIQ": 1, "王一博": 1, "X玖": 1, "少年团": 1, "肖战": 1, "DAYTOY": 1, "加班": 1, "玩": 1, "游戏": 1, "并肩": 1, "作战": 1, "才能": 1, "获胜": 1, "经典": 1, "双人": 1, "舞蹈秀": 1, "花式": 1, "机位": 2, "台上": 1, "台下": 1, "热聊": 1, "不停": 1, "神": 1, "同步": 2, "太": 2, "海量": 2, "库存": 1, "干货": 1, "只此一家": 1, "不快": 1, "开启": 1, "全新": 2, "下饭": 1, "视角": 1, "果妈": 1, "温馨": 1, "提示": 1, "：": 15, "下周": 1, "调整": 1, "时间": 1, "芒果": 3, "TV": 2, "会员": 2, "尊享": 1, "周日": 1, "中午": 1, "12：00": 1, "光顾": 1, "L": 4, "01": 1, "期": 1, "舞台": 1, "曝光": 1, "王一博肖": 1, "战默": 1, "契神": 1, "华为": 102, "视频": 10, "专区": 1, "精彩": 2, "内容": 1, "+": 1, "联合": 1, "优惠": 1, "彭博": 6, "美国": 41, "公司": 39, "谈判": 21, "授权": 17, "5G": 43, "高级": 7, "副总裁": 7, "周五": 3, "电信": 9, "网络": 9, "技术": 21, "展开": 6, "初期": 6, "称": 7, "达成": 5, "长期": 3, "协议": 8, "一次性": 3, "转让": 3, "均": 4, "感": 2, "兴趣": 3, "拒绝": 4, "点出": 2, "名字": 5, "数量": 6, "O华": 2, "高管": 4, "商讨": 1, "事宜": 1, "​": 16, "轮值": 2, "董事长": 2, "郭平": 1, "2019年": 3, "VR": 6, "产业": 4, "复兴": 2, "元年": 2, "首批": 2, "10月": 5, "19日": 3, "2019": 1, "世界": 5, "大会": 2, "郭": 1, "平称": 1, "AR": 1, "经历": 1, "段": 1, "炒作期": 1, "2017年": 1, "处于": 1, "低谷": 1, "状态": 1, "推陈出新": 1, "商业": 1, "部署": 1, "加速": 1, "老板": 5, "联播": 4, "阿瑟顿": 1, "研究": 1, "至少": 1, "未来": 4, "王冠": 1, "——": 1, "全球": 3, "基础": 1, "设施": 1, "核心": 1, "如今": 2, "设备": 5, "制造商": 1, "任正非": 12, "提出": 1, "生产": 1, "工艺": 3, "体系": 1, "最终": 2, "接受": 3, "终于": 1, "购买": 1, "手机": 18, "品牌": 2, "才": 3, "国产": 3, "骄傲": 2, "日本": 1, "共同社": 1, "采访": 5, "走向": 1, "葵司": 1, "新作": 1, "再现": 1, "Mate20Pro": 1, "先进": 1, "科技": 9, "老爸": 1, "期待": 2, "不已": 2, "名": 1, "摄影师": 2, "纪老师": 1, "关注": 2, "相机": 5, "更新换代": 1, "产品": 1, "拍照": 5, "功能": 1, "🌈转": 1, "+评": 1, "3": 1, "平分": 1, "300": 1, "这次": 9, "体验": 7, "Mate30Pro徕卡": 1, "电影": 2, "四": 2, "摄": 3, "惊喜": 3, "连连": 1, "佩服": 1, "纪": 1, "老师": 1, "Mate30": 7, "奇妙": 1, "~": 2, "L纪懵": 1, "懵A": 1, "秒拍": 1, "距离": 3, "很": 6, "远": 3, "路透": 3, "报道": 4, "候补": 4, "董事": 5, "、": 31, "彭博未": 3, "透露": 5, "希望": 3, "独家": 3, "许可": 4, "供应商": 3, "科创板": 1, "日报": 1, "讯": 1, "VincentPang": 1, "新浪": 1, "O网页": 1, "链接": 2, "外籍": 2, "指责": 1, "守": 1, "规则": 6, "审查": 2, "标准": 2, "遵守": 3, "政府": 6, "例子": 1, "在于": 1, "到底": 3, "18日": 2, "首席": 2, "官（CTO": 1, "保罗·斯坎伦": 1, "PaulScanlan": 1, "美联社": 1, "不解": 1, "困惑": 1, "斯坎伦": 1, "做好": 1, "公开": 1, "透明": 1, "试图": 1, "说服": 1, "信任": 1, "担忧": 1, "威胁": 3, "国家": 5, "坦言": 1, "一家": 3, "中国": 7, "总部": 1, "职工": 1, "都": 9, "中国人": 1, "中企": 1, "事实": 1, "否认": 1, "意味着": 3, "投资": 1, "形式": 1, "钱": 1, "真的": 2, "5g": 1, "干": 4, "卖": 2, "快": 2, "美企": 3, "9月": 1, "10日": 1, "创始人": 1, "兼": 2, "执行官": 1, "抛出": 1, "一个": 6, "大胆": 1, "提议": 1, "西方": 1, "出售": 1, "制造": 1, "领域": 3, "竞争": 1, "对手": 1, "动作": 1, "环球": 1, "时报": 1, "援引": 1, "路透社": 1, "早期": 1, "彭博说": 1, "交易": 1, "转移": 1, "方式": 2, "名称": 1, "O说干": 1, "喜欢": 1, "博物": 2, "旅行": 2, "前不久": 1, "肯尼亚团": 1, "终端": 2, "官方": 3, "联播L": 1, "网信办": 4, "发布": 5, "境内": 3, "第二": 5, "区块链": 10, "信息": 12, "服务": 10, "备案": 7, "编号": 4, "工商": 2, "银行": 3, "爱奇艺": 3, "项目": 3, "入选": 3, "昨日": 1, "此次": 1, "共有": 2, "全国": 2, "17": 1, "309": 1, "在列": 2, "名单": 1, "度": 3, "小满": 1, "软件": 1, "有限公司": 2, "雄安": 1, "集团": 2, "数字": 1, "城市": 2, "东方": 1, "财富": 1, "阿里云": 1, "恒生": 1, "电子": 1, "2月": 1, "15日": 2, "管理": 2, "实施": 1, "提供者": 1, "互联网": 4, "办公室": 2, "系统": 1, "填报": 1, "3月": 1, "30日": 1, "第一": 3, "18": 2, "197": 1, "包含": 1, "百度": 1, "阿里": 1, "腾讯": 1, "京东": 1, "陆金所": 1, "平安": 1, "浙商": 1, "海尔": 1, "易见": 1, "股份": 1, "巨头": 1, "金融": 1, "旗下": 1, "O": 1, "之内": 1, "荣耀": 3, "三": 3, "款": 4, "系列": 7, "5G版": 1, "V30": 1, "Nova6": 1, "想": 1, "买": 3, "内": 1, "介绍": 1, "成员": 1, "拥有": 4, "优越": 1, "性能": 1, "nova5": 1, "即将": 3, "硬核": 1, "Z世代": 1, "​​": 2, "目的": 1, "针对": 1, "不止": 1, "国力": 1, "挺": 1, "回": 1, "想法": 1, "宝宝": 1, "留言": 1, "讨论": 1, "素材": 1, "源于": 1, "侵权": 1, "删除": 1, "L格调Moment9": 1, "人工": 1, "智能": 2, "社区": 1, "智慧": 1, "医疗": 1, "……": 1, "揭幕": 1, "第六": 1, "届": 1, "看点": 1, "20日": 1, "22日": 1, "浙江": 1, "乌镇": 1, "带": 2, "高端": 1, "地位": 1, "稳固": 1, "政商": 1, "人群": 1, "吃": 2, "香​": 1, "铁杆": 1, "果粉": 4, "自白": 2, "再见": 2, "苹果": 12, "选择": 2, "Mate30Pro": 12, "文章": 1, "有意思": 1, "网友们": 1, "☞": 1, "曾几何时": 1, "代表": 1, "行业": 1, "酷炫": 1, "外观": 3, "流畅": 3, "想到": 2, "花粉": 6, "刚刚": 2, "9月份": 1, "带来": 3, "搭载": 1, "麒麟990": 1, "超大": 1, "电池": 3, "超级": 3, "快充": 5, "超感光": 1, "徕卡": 1, "黑科技": 1, "旗舰": 2, "机皇": 1, "美誉": 1, "入手": 1, "接下来": 2, "感受": 4, "仔细": 2, "对比": 3, "正面": 1, "屏占": 1, "毫无疑问": 1, "顶级": 1, "旗舰机": 1, "水准": 1, "屏幕": 3, "发现": 2, "iPhone11ProMax": 5, "依然": 1, "传统": 1, "2.5D": 1, "玻璃": 1, "采用": 1, "惊艳": 1, "88": 2, "超曲面": 1, "环幕屏": 2, "感觉": 1, "流畅性": 2, "堪称": 1, "万物": 1, "互联": 1, "时代": 1, "EMUI": 1, "10": 2, "交互": 1, "分布式": 1, "控制": 1, "家电": 1, "惊讶": 1, "尤其是": 2, "超": 1, "曲面": 1, "配合": 1, "操作": 2, "跟手": 1, "程度": 1, "地方": 3, "还要": 1, "表现": 2, "第三": 2, "提升": 1, "国庆节": 1, "游览": 1, "祖国": 1, "大好河山": 1, "Mate20": 1, "错": 1, "离谱": 1, "拍摄": 3, "不错": 1, "确实": 1, "纯净": 1, "成像": 1, "夜间": 1, "模式": 1, "变焦": 1, "第四": 1, "信号": 4, "国庆": 2, "出游": 2, "很多": 3, "山里": 1, "自然": 1, "游玩": 1, "电话": 1, "寻找": 1, "导航": 1, "保证": 1, "随时": 1, "发": 2, "朋友圈": 2, "身边": 1, "朋友": 3, "只能": 1, "望景": 1, "兴叹": 1, "随时随地": 1, "双卡": 2, "双待": 2, "支持": 1, "双4G": 1, "版本": 1, "上市": 1, "不用": 1, "怀疑": 1, "通信": 1, "优势": 1, "强大": 2, "第五": 1, "心中": 1, "永远": 1, "痛": 1, "续航": 2, "以人为本": 1, "仿佛": 1, "忘": 1, "视为": 1, "金科玉律": 1, "配备": 1, "4500": 1, "mAh": 1, "配上": 1, "40": 1, "W有线": 1, "27W": 1, "无线": 1, "这才": 1, "想要": 1, "回头": 1, "一眼": 1, "升级": 1, "W快": 1, "千元机": 1, "逊色": 1, "5499": 1, "元": 1, "iPhone11": 1, "万年": 1, "5W": 1, "充电": 1, "效率": 1, "失望": 1, "慢慢": 2, "累积": 1, "果粉会": 1, "平时": 1, "当中": 1, "印象深刻": 1, "满意": 1, "成功": 1, "带给": 1, "O果粉": 1, "倍": 2, "焦距": 1, "。。。。": 2, "美": 1, "天才": 3, "科学家": 7, "来华": 2, "竟然": 1, "炸锅": 2, "为啥": 2, "小米": 8, "站": 1, "高峰": 1, "优秀": 4, "人才观": 1, "不可分割": 1, "用钱": 1, "砸": 2, "人才": 2, "全世界": 2, "建立": 1, "众多": 1, "科研": 2, "中心": 2, "家门口": 1, "上班": 1, "加拿大": 2, "资料": 1, "国内": 4, "引发": 1, "争议": 1, "建": 1, "坚定": 1, "一块": 2, "一流": 1, "AI": 5, "棋": 1, "近期": 1, "工作": 7, "DanielPovey": 1, "语音": 2, "识别": 2, "神级": 1, "人物": 1, "开创": 1, "通用": 1, "开源": 1, "工具": 1, "Kaldi": 2, "AI语音": 1, "助手": 1, "做出": 1, "不可磨灭": 1, "贡献": 2, "按理": 1, "香饽饽": 1, "17日": 1, "接近于": 1, "签订": 1, "项": 1, "地点": 1, "位于": 1, "北京": 1, "；": 1, "大概": 1, "年底": 1, "动身": 1, "雇佣": 1, "团队": 1, "打造": 1, "新一代": 1, "PyTorch-y": 1, "重磅级": 1, "不少": 1, "真心": 1, "音箱": 1, "的确": 2, "谷歌": 1, "竞争力": 1, "BAT": 1, "进军": 1, "企业": 1, "攀登": 1, "巅峰": 1, "夸华": 1, "摄影": 2, "大佬": 2, "喷": 1, "海军": 2, "B站": 2, "UP主": 1, "专业": 2, "/": 1, "详细": 1, "后置": 1, "全方位": 1, "落后": 1, "入门": 1, "挑战": 2, "尼康": 1, "画幅": 1, "佳能": 1, "EOSM6II": 1, "胜负": 1, "！！！": 1, "这位": 1, "荣幸": 1, "战队": 1, "骂": 1, "惨": 1, "有空": 1, "战争": 1, "现场": 1, "上海": 1, "交大": 1, "应届": 1, "毕业生": 3, "3万一": 1, "签": 1, "签完": 1, "后悔": 1, "薪资": 1, "名牌": 1, "大学": 2, "好找": 1, "挑": 1, "找": 1, "难": 1, "死": 1, "毕业": 1, "外卖": 1, "滴滴": 1, "学习": 1, "改变": 1, "命运": 1, "成立": 1, "无惧": 2, "台媒": 1, "分析": 1, "德国": 3, "力挺": 1, "关键": 2, "原因": 2, "台湾": 1, "中时": 1, "电子报": 1, "胁迫": 1, "盟友": 1, "禁用": 1, "欧洲": 1, "主战场": 1, "败仗": 1, "排除": 1, "参与": 1, "当地": 1, "建设": 1, "警告": 1, "评估": 1, "共享": 1, "情报": 1, "默克尔": 1, "勇于": 1, "走": 1, "路": 1, "归结": 1, "详情": 1, "→O": 1, "网页": 1, "做法": 1, "贴心": 1, "维修": 1, "价格": 1, "良心": 1, "提供": 1, "备用": 1, "机​": 1, "反客为主": 1, "漂亮": 1, "教学": 1, "弹": 1, "变迁": 1, "车水马龙": 1, "4K": 1, "延时": 1, "简单": 1, "记录": 1, "流动": 1, "光阴": 1, "省时": 1, "省力": 1, "学会": 1, "L华": 1}