{"华为": 65, "辟谣": 5, "：": 28, "合作": 16, "种植": 10, "水稻": 25, "谣言": 6, "发布": 7, "声明": 4, "称": 13, "昨天": 2, "网络": 4, "袁隆平": 18, "公司": 23, "培养": 5, "不实": 2, "消息": 13, "属实": 4, "业务": 4, "计划": 4, "相关": 4, "传统": 2, "行业": 6, "面临": 2, "数字化": 8, "转型": 5, "机遇": 2, "挑战": 3, "有所为": 3, "有所不为": 3, "聚焦": 2, "打造": 2, "ICT": 3, "领域": 2, "技术": 5, "优势": 4, "客户": 3, "擅长": 3, "O华": 3, "创事": 1, "记": 1, "孟晚舟": 6, "草根": 3, "奋斗": 2, "生涯": 2, "1月": 8, "30日": 1, "美国": 13, "未": 5, "提出": 1, "引渡": 2, "申请": 2, "自由": 1, "事实上": 1, "走": 2, "热血沸腾": 1, "时光": 1, "参与": 2, "草创": 1, "一步步": 1, "走到": 1, "任正非": 1, "父亲": 2, "任摩逊": 1, "说起": 1, "……": 1, "@": 10, "咔嚓": 1, "杨爱国O": 1, "​": 22, "这是": 3, "中国": 9, "块": 1, "宝": 1, "值得": 1, "尊重": 1, "8": 2, "10年": 2, "海水稻": 4, "发展": 3, "1亿": 5, "亩": 8, "出席": 1, "第三": 1, "届": 1, "国际": 1, "论坛": 1, "努力": 1, "全国": 1, "耐": 1, "盐碱": 3, "品种": 2, "增产": 1, "300亿": 1, "公斤": 1, "粮食": 2, "养活": 1, "8000万": 1, "人口": 1, "梦": 5, "一个": 7, "禾下": 2, "凉梦": 2, "杂交": 5, "覆盖": 2, "全球": 2, "致敬": 2, "！": 10, "L中": 1, "视频": 5, "秒拍": 1, "起诉": 8, "研发": 3, "公平": 4, "条款": 4, "授权": 6, "专利": 9, "InterDigital": 2, "周一": 1, "发起": 2, "诉讼": 2, "指称": 1, "这家": 1, "科技": 2, "并未": 1, "知识": 1, "产权": 1, "桩": 1, "2日": 1, "深圳": 3, "中级": 1, "人民法院": 1, "3G": 2, "、": 18, "4G": 2, "5G": 2, "无线": 1, "通信": 1, "标准": 1, "必不可少": 1, "官方": 1, "针对": 2, "发表": 2, "育海": 1, "15亿": 3, "盐碱地": 5, "改造": 4, "良田": 3, "农业": 3, "蓝海": 1, "如今": 1, "大潮": 1, "7日": 5, "轮值": 2, "董事长": 5, "胡厚崑": 2, "透露": 2, "父": 2, "培育": 3, "土壤": 4, "地上": 2, "长出": 2, "O": 2, "网页": 2, "链接": 2, "对此": 1, "提供": 3, "助力": 2, "改良": 2, "推动": 1, "物联网": 2, "大数据": 1, "互联": 2, "支撑": 1, "智慧": 1, "提供者": 1, "使能者": 1, "才能": 2, "伙伴": 1, "长久": 1, "互补": 1, "关系": 2, "数字": 2, "世界": 2, "带入": 1, "家庭": 1, "组织": 2, "构建": 1, "万物": 1, "智能": 1, "愿景": 1, "雷军": 7, "关注": 8, "国产": 4, "手机": 9, "民族": 15, "品牌": 7, "小米": 12, "骄傲": 8, "沙特": 3, "家华": 1, "高级": 3, "体验店": 3, "HUAWEI": 1, "RIYADH": 1, "5日": 2, "首都": 1, "利雅得": 1, "盛大": 1, "开业": 2, "中东非": 1, "地区": 1, "当天": 1, "投资": 1, "总局": 1, "副局长": 1, "苏尔坦·穆夫提": 1, "驻": 1, "大使": 1, "李": 1, "华新": 1, "亲自": 1, "到场": 1, "剪彩": 1, "众多": 1, "媒体": 1, "现场": 3, "报道": 3, "粉丝": 1, "踊跃": 1, "体验": 1, "产品": 1, "店": 1, "内": 3, "人气": 1, "爆棚": 1, "沙特RiyadhPark": 1, "打卡": 2, "加媒": 1, "环球": 1, "邮报": 1, "当地": 1, "时间": 3, "加拿大": 2, "总理": 1, "特鲁多": 1, "主动": 1, "致电": 1, "总统": 1, "特朗普": 1, "敦促": 1, "中方": 1, "施压": 1, "释放": 2, "名": 4, "公民": 1, "催促": 1, "美方": 1, "CFO": 1, "交给": 1, "法院": 2, "此刻": 1, "政府": 1, "处于": 1, "停摆": 2, "状态": 1, "开张": 1, "未定": 1, "影响": 1, "部门": 1, "包括": 2, "美": 4, "司法部": 1, "知乎": 7, "刚刚": 2, "创始人": 3, "兼": 3, "主页": 3, "显示": 5, "网友": 3, "提问": 2, "印度": 3, "市场": 3, "占有率": 3, "第一": 3, "​​": 1, "O雷军": 1, "骄傲​": 1, "北欧": 2, "|": 3, "怡": 1, "苏Vlogtrailer": 1, "感受": 1, "Mate20Pro": 3, "真的": 4, "抗冻": 1, "苏哥": 1, "带": 1, "来到": 1, "北极圈": 1, "零下": 1, "25": 1, "度": 1, "2019/1/10": 1, "VLOG": 2, "片见": 1, "很": 2, "冷但": 1, "Mate20": 2, "L王": 1, "怡苏": 1, "业界": 2, "高性能": 3, "芯片": 5, "来袭": 2, "推出": 3, "7": 6, "纳米": 3, "鲲鹏": 5, "920": 5, "CES19": 1, "基于": 2, "ARM": 1, "架构": 1, "服务器": 2, "处理器": 2, "Kunpeng920": 1, "TaiShan": 1, "服务": 1, "采用": 1, "制造": 1, "工艺": 1, "主频": 1, "2.6GHz": 1, "支持": 1, "64核": 1, "O业界": 1, "很多": 1, "喊": 1, "送": 3, "型号": 1, "拍摄": 2, "夜景": 1, "微距": 1, "太": 2, "": 1, "白宇": 2, "全世界": 1, "西安": 1, "游记": 1, "总算": 1, "码完": 1, "标出": 1, "小白": 1, "同款": 1, "这次": 1, "短": 3, "希望": 2, "下次": 1, "机会": 1, "回": 3, "头条": 1, "文章": 2, "长安长": 2, "西": 2, "京望": 2, "照片": 1, "20pro": 1, "白宇W": 1, "HITEO": 1, "万兴·九州": 2, "府": 2, "梦想": 3, "CALL": 1, "追梦者": 1, "同行": 1, "转眼": 1, "2018": 1, "迎来": 1, "崭新": 1, "2019年": 1, "2018年": 3, "收获": 1, "遗憾": 1, "听听": 1, "召集": 1, "全城": 1, "追": 1, "筑": 1, "风华九州": 1, "转发": 2, "本条": 1, "说出": 1, "新年": 1, "18日": 1, "抽奖": 1, "平台": 1, "抽取": 1, "幸运儿": 1, "荣耀": 3, "10": 1, "青春版": 1, "L六安": 1, "身边": 2, "推荐": 1, "余承东": 1, "目标": 2, "余总": 1, "零": 1, "飞奖": 1, "年度": 1, "奖金": 1, "；": 2, "华为牌": 1, "居然": 1, "差点": 1, "灭掉": 1, "剩下": 1, "荣耀牌": 1, "不为人知": 1, "背后": 2, "故事": 2, "O余": 1, "承东": 1, "MynameisBond": 1, "JamesBond": 1, "胡歌ImagineifHuGewereinCasinoRoyale,he'dbeasgoodor": 1, ".": 2, "胡": 2, "歌演": 1, "詹姆斯.邦德": 1, "🙏": 1, "🙏🙏": 1, "胡歌": 2, "代言人": 1, "美好": 1, "(": 1, "取材": 1, "抖音": 1, ")": 1, "羞辱": 1, "时代": 3, "悲哀": 1, "来源": 1, "‖": 1, "青年": 2, "湖南O": 1, "发誓": 1, "吃": 3, "哲学": 1, "系列": 1, "AI卡路": 1, "识别": 1, "单选": 1, "分题": 1, "条": 2, "英特尔": 1, "新闻": 4, "信息量": 1, "1": 3, "有意": 1, "打压": 1, "到期": 1, "侵权": 1, "不用": 1, "立马": 1, "3": 2, "深圳市": 1, "中院": 3, "管辖权": 1, "肯定": 1, "赢": 1, "管用": 2, "4": 2, "请求": 1, "2019-2023年": 1, "费率": 2, "协商": 1, "判决": 3, "钱": 1, "5": 4, "原告": 1, "告状": 1, "都": 2, "大张旗鼓": 1, "舆论": 1, "齐声": 1, "讨": 1, "状告": 1, "一声不响": 1, "反倒": 1, "被告": 1, "捅": 1, "种种": 1, "解答": 1, "事儿": 1, "TA": 1, "晚安": 1, "刚": 1, "完结": 1, "热播剧": 1, "大江": 1, "大河": 1, "同名": 1, "小说": 1, "洪流": 1, "人物": 1, "命运": 1, "交融": 1, "情节": 1, "着实": 1, "小云": 2, "感动": 1, "读": 1, "充满": 1, "气息": 1, "书": 1, "转评": 1, "抽": 1, "送华": 1, "耳机": 1, "每日": 1, "分享": 1, "昨夜": 2, "今晨": 2, "热点": 1, "话题": 1, "速递": 1, "议啥": 1, "厚崑": 1, "核心": 1, "四维": 1, "植物": 1, "调节": 1, "整套": 1, "方法": 1, "基础": 1, "要素": 1, "系统": 1, "作弊": 2, "赶出": 1, "考场": 2, "高分": 2, "6日": 1, "网曝": 1, "河南": 1, "大学": 1, "体育": 1, "学院": 2, "学生会": 1, "干部": 1, "考试": 1, "分钟": 2, "逐出": 1, "托": 1, "该院": 1, "院长": 1, "初步": 1, "询问": 1, "涉事": 1, "学生": 1, "答题": 1, "至少": 1, "50": 1, "班子": 1, "调查": 2, "此事": 1, "医院": 3, "回应": 2, "1700": 2, "元": 4, "掏耳费": 2, "福州": 2, "陈": 1, "女士": 1, "陪": 1, "丈夫": 1, "鼓楼": 1, "掏": 1, "耳朵": 1, "遭遇": 1, "天价": 1, "收费单": 1, "医疗费": 1, "收": 2, "720": 1, "治疗费": 1, "689": 1, "均": 1, "标明": 1, "项目": 1, "宣传": 1, "负责人": 1, "收费": 1, "合规": 1, "用于": 1, "微波": 1, "半导体": 1, "红光": 1, "物理": 1, "消炎": 1, "蒋劲夫": 4, "暴案": 2, "正式": 1, "公布": 2, "日媒": 2, "东京": 1, "地检": 1, "4日": 1, "下达": 1, "原因": 1, "不明": 1, "去年": 1, "12月": 2, "28日": 1, "日本": 1, "检方": 1, "放假": 1, "最终": 1, "文件": 1, "31日": 1, "飞机": 1, "偶遇": 1, "湖南": 1, "老家": 1, "济南": 4, "爆料": 2, "岁": 2, "孩子": 4, "路": 1, "飙车": 1, "交警": 4, "通知": 2, "当事人": 1, "接受": 2, "处罚": 2, "济南人": 1, "朋友圈": 1, "引发": 1, "热议": 1, "爆料人": 1, "截图": 1, "大小": 1, "手扶": 1, "方向盘": 1, "车辆": 1, "快速": 1, "行驶": 1, "暗捏": 1, "汗": 1, "槐荫": 1, "介入": 1, "很快": 1, "锁定": 1, "儿童": 1, "据称": 1, "并非": 1, "开车": 2, "抱": 1, "大队": 1, "6": 1, "劝": 1, "快": 1, "自首": 1, "男子": 3, "戴": 2, "口罩": 2, "女厕": 2, "偷窥": 3, "10月": 1, "3日": 1, "17时许": 1, "群众": 2, "报警": 1, "北园": 1, "大街": 1, "水屯路": 1, "十字路口": 1, "公厕": 1, "民警": 1, "赶到": 1, "发现": 1, "嫌疑人": 1, "逃离": 1, "目击": 1, "涉嫌": 1, "隐私": 1, "年龄": 1, "30岁": 1, "身高": 1, "1.75": 1, "米": 1, "体态": 1, "偏胖": 1, "蓝色": 1, "上身": 1, "穿": 2, "红色": 1, "T恤": 1, "下身": 1, "黑色": 1, "运动裤": 1, "赖床": 1, "带来": 1, "好处": 1, "男生": 1, "恋爱": 1, "撒娇": 2, "起床": 1, "↓↓": 1, "齐鲁": 1, "晚报": 1, "海": 1, "工程院": 1, "院士": 1, "联合国": 1, "粮农": 1, "首席": 1, "顾问": 1, "北京": 1, "奥运会": 1, "001": 1, "号": 1, "火炬手": 1, "研究": 1, "半": 1, "世纪": 1, "解决": 1, "人民": 1, "作出": 1, "卓越": 1, "贡献": 1, "未来": 1, "科学": 1, "大奖": 1, "得奖": 1, "感言": 1, "致敬​": 1, "直击": 2, "在知乎": 1, "沉寂": 1, "......": 1}