{"年终": 3, "汇报": 2, "忙": 2, "告别": 1, "往年": 1, "手足无措": 1, "华为": 75, "Mate20": 3, "事半功倍": 1, "！": 13, "隐藏": 1, "技能": 1, "​": 11, "副董事长": 6, "胡厚崑": 9, "：": 29, "5G": 27, "手机": 19, "6月": 3, "推出": 6, "30多": 3, "国家": 20, "落地": 3, "1月": 9, "22日": 3, "2019": 4, "冬季": 4, "达沃斯": 7, "世界": 13, "经济": 4, "论坛": 4, "小组": 3, "会议": 3, "到来": 4, "10多": 3, "部署": 6, "网络": 8, "预计": 5, "未来": 4, "12": 3, "六月": 3, "市场": 9, "@": 8, "老板": 6, "联播L": 3, "联播": 3, "秒拍": 3, "视频": 5, "超越": 5, "苹果": 7, "全球": 9, "第二": 8, "晋升": 3, "智能": 12, "制造商": 4, "研究": 2, "机构": 2, "发布": 4, "预测": 2, "报告": 2, "称": 4, "2019年": 7, "取代": 2, "销量": 2, "位列": 4, "三星": 3, "20%": 2, "占有率": 2, "第一": 2, "中国": 27, "地位": 2, "专注于": 2, "开拓": 2, "东欧": 2, "、": 27, "巴西": 2, "南美": 2, "新兴": 2, "事实上": 2, "2018年": 4, "季度": 2, "度": 2, "单季": 2, "出货": 2, "O": 2, "网页": 1, "链接": 3, "孟晚舟": 21, "不仅仅": 1, "美国": 26, "司法部": 4, "星期二": 1, "寻求": 1, "引渡": 16, "遵守": 1, "美": 8, "条约": 1, "期限": 2, "意味着": 4, "美方": 3, "本月": 2, "30日": 2, "正式": 6, "申请": 5, "概率": 1, "无疑": 3, "美加": 4, "围绕": 1, "事件": 1, "冲突": 1, "进一步": 2, "升级": 1, "中方": 2, "放弃": 3, "幻想": 1, "做好": 1, "斗争": 1, "博弈": 2, "政府": 7, "舆论": 3, "违反": 1, "法律": 9, "精神": 2, "揭露": 1, "谴责": 1, "外交": 1, "压力": 1, "诡辩": 1, "国际": 5, "畅行无阻": 1, "好像": 1, "真的": 1, "犯": 1, "大罪": 1, "抓": 2, "打压": 2, "系列": 2, "一部分": 1, "全世界": 1, "稍": 1, "头脑": 1, "对此": 1, "很": 7, "名行": 1, "阻止": 1, "高科技": 2, "公司": 12, "崛起": 2, "很多": 2, "出于": 2, "惧怕": 1, "利益": 2, "关系": 2, "捅": 1, "层": 1, "窗户纸": 1, "发声": 1, "加方": 1, "最终": 2, "协助": 1, "都": 11, "报复": 1, "一点": 1, "华盛顿": 1, "渥太华": 1, "留": 1, "悬念": 1, "发生": 2, "加拿大": 16, "法院": 2, "一个": 10, "时间": 4, "提供": 2, "各项": 2, "证据": 4, "审理": 1, "做出": 2, "支持": 5, "判决": 1, "抗辩": 2, "上诉": 2, "过程": 2, "至少": 1, "拖": 1, "延长": 2, "一家": 3, "民营": 1, "能力": 5, "体系": 7, "对抗": 1, "司法": 1, "内": 2, "竭尽全力": 1, "程序": 2, "限度": 1, "启动": 1, "案": 2, "动机": 4, "政治性": 1, "信誓旦旦": 1, "宣称": 1, "这是": 4, "百分百": 1, "政治": 5, "迫害": 6, "检验": 1, "场": 2, "处在": 1, "阶段": 4, "夹": 1, "大国": 1, "卷入": 1, "地缘": 1, "纷争": 1, "漩涡": 1, "感受": 1, "扮演": 1, "忠于": 1, "小兄弟": 1, "依法": 1, "办事": 1, "困境": 1, "自我": 1, "敏感": 1, "积累": 1, "潜在": 1, "因素": 1, "情况": 1, "讲": 1, "法治": 1, "注重": 1, "高管": 4, "冤案": 1, "方向": 1, "打扮": 1, "漏洞": 1, "公开": 1, "表态": 1, "显示": 1, "即将": 1, "诉讼": 1, "信心": 1, "确实": 1, "推移": 1, "随时": 2, "微妙": 2, "变化": 1, "促成": 1, "机缘": 1, "冲淡": 1, "覆盖": 1, "柳暗花明": 1, "希望": 3, "抓捕": 1, "极其": 1, "恶劣": 1, "先例": 1, "影响": 2, "外界": 3, "力量": 2, "意志": 1, "发怒": 1, "怯懦": 1, "反击": 1, "有条不紊": 1, "中国人": 1, "做事": 1, "有理": 1, "节": 1, "公民": 2, "侵犯": 1, "付出": 1, "代价": 2, "决心": 1, "预期": 1, "图解": 1, "任正非": 6, "回答": 3, "30": 4, "人民日报": 3, "选登": 3, "10": 3, "17日": 2, "创始人": 1, "深圳": 3, "总部": 1, "接受": 1, "媒体": 4, "集体": 1, "采访": 1, "业务": 3, "热点": 1, "话题": 3, "深度": 1, "沟通": 1, "O图解": 1, "建川": 2, "博物馆": 2, "三": 1, "湿地": 1, "供": 1, "游人": 1, "划船": 1, "驻": 2, "群": 2, "白鹭": 1, "野鸭子": 3, "安仁镇": 1, "头牌": 1, "摄影师": 1, "樊": 1, "居然": 1, "阴沉": 1, "天气": 1, "仅仅": 1, "台": 3, "拍到": 1, "悠哉游哉": 1, "野生": 2, "野气": 1, "了不起": 1, "裁员": 1, "近义词": 1, "互联网": 1, "厂商": 1, "给出": 3, "答案": 1, "科大": 1, "讯飞": 1, "末位": 2, "淘汰": 1, "；": 10, "京东": 2, "人员": 5, "流动": 1, "优化": 3, "锤子": 1, "整合": 1, "知乎": 1, "调整": 3, "结构": 1, "美团": 1, "斗鱼": 1, "去哪儿": 1, "考核": 1, "摩拜": 1, "平庸": 1, "员工": 3, "年关": 1, "飞起": 1, "偏偏": 1, "云备份": 1, "一屏": 1, "双用": 1, "键": 1, "投屏": 1, "6": 2, "操作": 1, "一臂之力": 1, "工作": 2, "烦恼": 2, "关注": 1, "+": 2, "带": 2, "转评": 1, "功能": 1, "助力": 1, "抽奖": 2, "平台": 2, "随机": 1, "抽": 2, "送": 2, "随行": 1, "WiFi": 1, "畅": 1, "享版": 1, "广告": 3, "]​": 1, "​​​": 1, "大有可为": 1, "时代": 4, "信息": 2, "技术": 5, "人类": 1, "拓展": 1, "前所未有": 1, "视野": 1, "万物": 3, "互联": 3, "联接": 1, "造就": 1, "充满": 1, "科技": 4, "奇迹": 1, "24日": 2, "发布会": 2, "暨": 3, "MWC2019": 2, "预沟": 2, "通会": 2, "北京": 4, "吹响": 1, "集结号": 1, "展望": 1, "无限": 1, "精彩": 1, "贸易": 5, "谈判": 6, "焦点": 1, "1.": 1, "高层": 1, "计划": 5, "谣言": 1, "预备": 1, "取消": 1, "这次": 1, "估计": 2, "决定性": 1, ".": 4, "走": 2, "流程": 2, "搞": 4, "一阵子": 1, "打击": 1, "欧洲": 4, "国": 2, "针对": 1, "禁令": 1, "3": 2, "代表": 1, "实力": 1, "搞死": 1, "完事": 1, "死": 3, "太": 2, "4.": 1, "不能不": 1, "发展": 2, "对手": 4, "迟早": 1, "不少": 2, "死掉": 1, "5.": 1, "搞事": 3, "合作": 4, "电信": 1, "合同": 1, "实施": 1, "谈": 4, "差不多": 1, "实质": 1, "不得不": 1, "细": 1, "解决": 2, "发泄": 1, "过日子": 1, "扭曲": 1, "HUAWEI5G": 1, "常务": 2, "董事": 2, "运营商": 1, "BG": 2, "总裁": 3, "丁耘": 1, "产品线": 1, "杨超斌": 1, "消费者": 1, "CEO": 5, "余承东": 1, "带来": 2, "构建": 1, "规模": 1, "商用": 1, "智由": 1, "芯生": 1, "主题": 1, "演讲": 1, "期待": 2, "大会": 1, "来袭": 1, "锐": 1, "参考": 1, "时刻": 2, "总统": 3, "想": 3, "见华": 2, "负责人": 3, "12月": 1, "捷克": 4, "办公室": 1, "份": 1, "警示": 1, "声明": 1, "中兴": 6, "产品": 3, "威胁": 1, "随后": 1, "总理": 1, "巴比什": 1, "为由": 1, "弃用": 1, "为此": 1, "泽曼": 1, "7天": 1, "怒怼": 1, "中企": 1, "威胁论": 1, "亲自": 1, "出马": 1, "4月": 1, "访华": 1, "期间": 2, "尝试": 1, "平息": 1, "局势": 1, "会面": 1, "O微妙": 1, "eID": 3, "忘带": 2, "身份证": 2, "验证": 1, "住": 1, "酒店": 3, "玩机": 1, "技巧": 1, "钱包": 1, "APP": 1, "开通": 1, "黑科技": 1, "电子": 1, "身份": 1, "标识": 1, "/": 1, "难找": 1, "荣耀": 2, "办理": 1, "入住": 1, "100多": 1, "详情": 1, "戳": 1, "O网页": 2, "转发": 1, "评论": 1, "手环": 1, "NFC版": 1, "风口浪尖": 1, "之际": 2, "亮相": 2, "郑重": 2, "承诺": 2, "——": 2, "路透社": 1, "董事长": 1, "梁华": 1, "参加": 2, "外国": 1, "官员": 1, "参观": 1, "实验室": 1, "挑战": 1, "这不": 2, "O风口浪尖": 1, "争端": 3, "遭受": 2, "冲击": 2, "轮值": 1, "谈到": 1, "掀起": 1, "企业": 3, "高度": 1, "依赖": 1, "供应链": 1, "创新": 1, "生态": 1, "意识": 1, "全球化": 1, "各国": 1, "优势": 1, "竞合": 1, "并非": 1, "追求": 1, "独大": 1, "O华": 3, "IMT-2020": 1, "(": 1, ")": 1, "推进组": 1, "今日": 2, "京": 1, "研发": 2, "试验": 1, "第三": 2, "大赛": 1, "启动会": 1, "会上": 1, "测试": 3, "成果": 2, "场景": 1, "遥遥领先": 1, "100MHz": 1, "宽下": 1, "64T64": 1, "RSub6G": 1, "Hz": 2, "小区": 1, "下行": 1, "峰值": 1, "超过": 1, "14.5": 1, "Gbps": 1, "刷新": 1, "业界": 1, "记录": 1, "展示": 1, "Sub6G": 1, "卓越": 1, "性能": 1, "千玺": 2, "nova星": 1, "感动": 1, "落泪": 1, "b站": 1, "频道": 1, "传": 1, "vlog": 3, "1080p+": 1, "……": 1, "TFBOYS": 1, "易烊": 2, "千玺L": 1, "nova星人": 1, "隔壁": 1, "王": 1, "奶奶": 1, "闺女": 1, "mate10": 1, "随手": 1, "拍": 1, "北海​": 1, "「": 2, "外媒": 1, "晶片厂": 3, "落后": 2, "追赶": 2, "终": 1, "晶片": 8, "制造": 4, "大咖": 2, "」": 2, "发表": 1, "晶片组": 2, "中媒": 1, "赞扬": 1, "开创性": 1, "国内": 1, "产业": 3, "注入": 1, "剂": 1, "强心针": 1, "伦敦": 1, "金融": 1, "时报": 2, "FT": 1, "报导": 1, "负责": 1, "设计": 2, "委托": 1, "台湾": 4, "生产": 1, "再次": 1, "凸显": 1, "自给自足": 1, "段": 1, "长路": 1, "差距": 3, "长期": 1, "资金": 1, "大幅": 1, "改善": 1, "半导体": 2, "分析师": 1, "顶尖": 1, "竞争": 4, "中芯国际": 2, "先进": 1, "14": 1, "奈米": 1, "处于": 1, "试产": 1, "量产": 1, "2014年": 1, "水准": 1, "去年": 1, "台积电": 1, "经费": 1, "29亿": 1, "美元": 2, "远": 1, "高于": 1, "5.5亿": 1, "顾问": 2, "TechSearchInternational": 1, "瓦达曼": 1, "近年来": 1, "西方": 1, "人才": 1, "态度": 1, "日益": 1, "强硬": 2, "弱化": 1, "Bain&Company": 1, "合伙人": 1, "辛哈": 1, "有朝一日": 1, "跻身": 1, "花": 2, "五": 3, "尚未": 3, "收到": 3, "23日": 2, "上午": 1, "关系部": 1, "IanMcLeod": 1, "回应": 2, "财新": 1, "记者": 1, "首席": 2, "财务官": 2, "提交": 1, "截止": 1, "授权": 1, "申请​": 1, "晨读": 1, "香江": 2, "①": 1, "非洲": 1, "猪瘟": 1, "疫情": 1, "肆虐": 1, "香港": 2, "建议": 1, "三十": 1, "下午": 1, "年初三": 1, "停宰": 1, "活猪": 1, "②": 1, "流感": 1, "袭": 1, "幼童": 1, "停课": 1, "学校": 1, "增至": 1, "349": 1, "③": 1, "国歌": 1, "条例": 1, "草案": 1, "立法会": 1, "读": 1, "④": 1, "通知": 1, "提出": 2, "受审": 1, "⑤": 1, "迎接": 1, "2020年": 1, "东京": 1, "奥运会": 1, "残奥会": 1, "游日": 1, "女性": 1, "儿童": 1, "入店": 1, "日本": 1, "便利店": 1, "7-11": 1, "停售": 1, "成人": 1, "杂志": 1, "详戳": 1, "→": 1, "O【": 1, "晨讀": 1, "500": 2, "15": 2, "美军": 2, "呆": 1, "背景": 2, "说事": 1, "CGTN_Dialogue": 1, "嘉宾": 1, "义愤填膺": 1, "指责": 2, "推崇": 1, "自由": 1, "市场经济": 1, "搞垮": 1, "不择手段": 1, "波兰": 1, "逮捕": 1, "只字不提": 1, "同伙": 1, "供职": 1, "法国": 1, "橙色": 1, "任职": 2, "拥有": 1, "Fed": 1, "Ex": 1, "站": 1, "质疑": 1, "间谍门": 1, "LCGTN_Dialogue": 1, "当局": 2, "跟风": 1, "禁华": 1, "还要": 1, "列出": 2, "大陆": 3, "黑名单": 2, "联合": 1, "新闻网": 1, "围堵": 1, "业者": 1, "地区": 2, "参上一脚": 1, "3月底": 1, "更新": 1, "禁止": 1, "部门": 1, "包括": 1, "通讯": 1, "国民党": 1, "民代": 1, "许毓仁": 1, "何必": 1, "抢": 1, "蝙": 1, "蝠侠": 1, "小弟": 1, "昨天": 1, "环球": 1, "解释": 1, "欧美": 1, "拒绝": 1, "5g": 1, "建设": 3, "速度": 2, "成本": 2, "完整": 1, "数字": 2, "对比": 1, "业内": 1, "老大": 1, "爱立信": 4, "18万": 1, "收入": 2, "7100亿": 1, "人民币": 2, "推算": 1, "准确": 1, "框架": 1, "10万": 1, "1800亿": 1, "人均": 1, "产值": 1, "竞争力": 1, "通信": 1, "设备商": 1, "诺基亚": 2, "拒之门外": 1, "两三": 1, "加价": 1, "30%": 1, "跑": 1, "单子": 1, "队伍": 1, "找": 1, "经验": 1, "工程师": 1, "建网": 1, "预见": 1, "拒": 1, "门外": 1, "几十亿": 1, "上百亿": 1, "欧元": 1, "现实": 1, "残酷": 1, "": 1, "青年": 4, "玩转": 2, "新年": 3, "发型": 2, "春节": 2, "缤纷": 1, "有何不可": 1, "内心": 1, "红火": 1, "热情": 1, "暖": 1, "快": 1, "沙宣帮": 1, "家人": 1, "邀": 1, "沙": 1, "宣×": 1, "×": 1, "抖音": 2, "红运": 1, "当头": 1, "互动": 1, "机会": 1, "赢取": 1, "P9手机": 1, "豪礼": 1, "够型": 1, "来战": 1, "L锅盖wer": 1, "平板": 2, "指": 2, "抄袭": 2, "新西兰": 2, "音乐人": 2, "年前": 2, "创作": 2, "官方": 1, "后续": 1, "公正": 4, "结论": 2, "散": 3, "操": 1, "呐喊": 1, "抗议": 2, "暴行": 1, "纯属": 1, "自作多情": 1, "爹": 1, "急": 2, "闭嘴": 1, "静待": 1, "当初": 2, "人民": 1, "交涉": 1, "趋": 1, "保释": 1}