{"洋": 3, "灵华": 1, "30": 1, "版": 1, "在意": 1, "离开": 1, "L丨": 1, "李想主义": 1, "丨": 1, "美": 2, "拍​": 1, "华为": 78, "牛逼": 2, "中端": 1, "处理器": 5, "麒麟": 1, "810": 1, "下放": 1, "荣耀": 2, "9": 1, "X": 1, "千": 1, "元": 1, "价位": 1, "好奇": 1, "接下来": 1, "RedmiNote8": 2, "款": 3, "高通": 1, "7系": 1, "730": 1, "干": 2, "麒麟810": 1, "拼": 1, "配置": 1, "对手": 1, "反击": 1, "​": 17, "步入": 1, "7月份": 1, "2019": 2, "下半年": 2, "旗舰机": 3, "蓄势待发": 1, "苹果": 1, "、": 18, "三星": 1, "小米": 4, "OPPO": 1, "vivo": 1, "魅族": 1, "一加": 1, "…": 1, "期待": 2, "暗光": 1, "拍摄": 1, "牛": 1, "最牛": 1, "30pro": 2, "手里": 1, "20pro": 1, "mate20pro其次": 1, "cc9": 1, "红米k20pro": 1, "iphone7": 1, "团灭": 1, "手机": 26, "生活": 1, "一部分": 3, "工作": 2, "打车": 1, "发": 1, "快递": 1, "定餐": 1, "购物": 1, "都": 8, "鸿蒙": 16, "系统": 23, "用于": 4, "未": 3, "身边": 2, "朋友": 2, "请": 3, "留言": 1, "补充": 1, "董事长": 13, "：": 17, "首选": 8, "安卓": 10, "梁华": 5, "7月": 3, "12日": 5, "接受": 1, "记者": 3, "采访": 1, "本来": 3, "物联网": 7, "开发": 3, "自动": 3, "驾驶": 3, "远程": 3, "医疗": 3, "低时": 1, "延场景": 1, "开放": 3, "生态": 2, "美国": 23, "供应": 2, "未来": 3, "发展": 9, "操作": 13, "马": 2, "明星": 1, "偷税": 1, "吸毒": 1, "原谅": 1, "袁隆平": 2, "买": 2, "羞辱": 1, "这才": 1, "时代": 1, "悲哀": 1, "！": 6, "央视": 1, "专访": 1, "电视": 7, "频放": 2, "烟幕弹": 2, "承诺": 3, "传统": 3, "家电": 2, "领域": 4, "渗透": 1, "完善": 1, "芯片": 2, "路由器": 1, "机顶盒": 1, "HiLink": 1, "服务": 3, "产品": 1, "全链路": 1, "技术": 5, "覆盖": 1, "一再": 1, "否认": 1, "进军": 1, "围绕": 1, "话题": 2, "热度": 1, "减": 1, "行业": 1, "一个": 3, "淘金": 1, "胜地": 1, "O华": 5, "例子": 1, "公司": 9, "十五年": 1, "中国": 1, "深圳": 3, "印度": 2, "地方": 1, "建设": 3, "支撑": 1, "内部": 1, "运营": 3, "IT": 1, "数据": 6, "存储": 1, "中心": 3, "台湾": 1, "导弹": 1, "攻击": 1, "发生": 2, "地震": 1, "备份": 1, "启用": 1, "保证": 1, "连续性": 1, "战争": 1, "做好": 1, "持续": 7, "制裁": 1, "干垮": 1, "任正非": 1, "战略": 2, "境界": 1, "太": 1, "实在": 2, "证据": 3, "证明": 4, "设备": 3, "后门": 3, "2018": 2, "报告": 5, "称": 5, "30年": 1, "运营商": 1, "1500多": 2, "网络": 6, "全球": 2, "170": 1, "国家": 5, "地区": 1, "30亿": 1, "提供": 3, "事实": 2, "大面积": 1, "瘫痪": 1, "恶性": 1, "事故": 1, "@": 4, "国是": 1, "直通车": 1, "真的": 1, "失望": 1, "迟迟": 1, "农民": 1, "购买": 1, "农产品": 1, "希望": 3, "尽快": 2, "宝宝": 1, "生气": 1, "偷偷": 1, "解禁": 1, "居然": 1, "赶紧": 1, "大豆": 1, "选举": 1, "压力": 2, "很": 2, "鸭": 1, "急​": 1, "入手": 1, "P30por": 1, "拍照": 1, "功能": 1, "强大": 1, "尤其是": 1, "夜景": 2, "天安门": 2, "剧院": 1, "原片": 1, "修图": 1, "特意": 1, "实验": 1, "黑乎乎": 1, "环境": 3, "拍": 1, "团": 1, "黑": 1, "P30pro拍": 1, "照片": 1, "黑暗": 1, "物体": 1, "清清楚楚": 1, "差别": 1, "出门": 1, "背": 1, "相机": 1, "搞定": 1, "P30Pro": 1, "摄影": 1, "北京": 2, "·": 1, "广场": 1, "灵洋灵": 1, "babyIdo": 1, "focus": 1, "30pro版": 1, "L灵": 2, "超鹅": 2, "爱": 2, "吃": 2, "白兔": 2, "奶糖": 2, "视频": 2, "灵洋": 1, "灵focus": 1, "万能人": 1, "歌": 1, "喜欢": 4, "哪家": 1, "OS": 1, "排除": 1, "吹": 1, "……": 2, "来源": 2, "第一": 2, "财经": 2, "取消": 4, "列入": 2, "实体": 5, "清单": 5, "禁令": 4, "放入": 1, "对此": 1, "反对": 1, "做出": 1, "依据": 1, "包括": 1, "很多": 1, "企业": 5, "不利": 1, "30多亿": 1, "人口": 1, "公正": 1, "合适": 1, "放松": 3, "管制": 3, "上半年": 2, "业绩": 1, "增长": 2, "剔除": 1, "2018年": 3, "发布会": 1, "遵循": 1, "法律": 1, "确定性": 2, "应对": 1, "国际": 1, "不确定性": 1, "政府": 4, "许可": 2, "合作": 1, "许可是": 1, "业务": 3, "外国人": 2, "教育部": 1, "差距": 1, "欧美": 1, "狙击": 1, "工业": 2, "革命": 2, "世界": 5, "分散": 1, "文明": 2, "之间": 1, "关系": 1, "对等": 1, "欧美人": 1, "欧": 1, "掌控": 1, "顶尖": 1, "资源": 1, "卢克文": 1, "炫技": 1, "时间": 3, "超级": 1, "快充": 1, "习惯": 1, "回": 1, "戳": 1, "下图": 1, "知名": 1, "外媒": 1, "i冰": 1, "宇宙": 1, "爆料": 1, "Mate30Pro": 1, "渲染图": 1, "玻璃": 1, "面板": 1, "大曲率": 1, "曲面": 1, "屏屏": 1, "占比": 1, "不俗": 1, "曲面屏": 4, "品牌": 1, "高端": 1, "旗舰": 2, "标配": 1, "外观": 1, "友商": 1, "设计": 2, "差异化": 1, "实用性": 1, "直屏": 1, "或多或少": 1, "都会": 1, "吐槽": 1, "官员": 3, "着急": 1, "美媒": 1, "姆努钦": 6, "敦促": 3, "申请": 2, "供货": 1, "豁免": 2, "感觉": 1, "三": 1, "访谈": 1, "5月份": 1, "信心": 1, "十足": 1, "主流": 1, "；": 2, "情报": 1, "部门": 2, "肯定": 1, "收集": 1, "信息": 2, "担心": 1, "甩出": 1, "供应链": 1, "华尔街": 1, "日报": 1, "11日": 1, "报道": 3, "知情": 2, "人士": 2, "财长": 1, "近日": 1, "供应商": 2, "出口": 2, "许可证": 1, "进展": 1, "特朗普": 2, "强硬": 1, "立场": 1, "近期": 1, "逆转": 1, "程度": 1, "努力": 1, "达成": 1, "协议": 1, "分歧": 1, "上个月": 1, "刚": 1, "同意": 1, "影响": 1, "情况": 1, "针对": 2, "黑名单": 3, "身份": 1, "给予": 1, "值得": 1, "事项": 1, "美国商务部": 3, "负责": 1, "财政部": 2, "参与": 1, "熟悉": 1, "相关": 1, "活动": 2, "透露": 1, "系列": 2, "贸易": 1, "紧张": 1, "局势": 1, "冲击": 1, "接触": 1, "西方": 1, "媒体": 1, "实施": 1, "计划": 2, "做生意": 2, "距离": 1, "后者": 1, "置于": 1, "商务部": 1, "发言人": 1, "克劳利": 2, "MonicaCrowley": 1, "驳斥": 1, "说法": 1, "私营": 1, "首席": 1, "执行长": 1, "交谈": 1, "从未": 1, "消息": 1, "空穴来风": 1, "部长": 1, "罗斯": 1, "施加": 1, "不少": 1, "长": 1, "威尔伯·罗斯": 1, "WilburRoss": 1, "周二": 1, "颁发": 1, "威胁": 1, "高级": 1, "此举": 1, "制造商": 1, "销售": 1, "白宫": 1, "经济": 1, "顾问": 1, "拉里·库德洛": 1, "LarryKudlow": 1, "CNBC": 1, "打开": 1, "大门": 1, "——": 1, "放宽": 1, "有限": 1, "有助于": 1, "这家": 1, "巨头": 3, "财联社": 1, "讯": 1, "低": 2, "时延": 2, "一块": 2, "官方": 1, "宣传": 1, "策略": 1, "调整": 1, "解绑": 1, "科技": 1, "美学": 1, "今日": 1, "优点": 1, "缺点": 1, "发布": 2, "头条": 1, "文章": 1, "首登": 2, "500": 2, "排名": 2, "惊人": 2, "O": 1, "Atlas": 1, "人工": 1, "智能": 3, "计算": 2, "平台": 1, "基于": 1, "昇腾": 1, "AI": 2, "打造": 1, "面向": 1, "端": 1, "全场": 1, "景AI": 1, "基础": 1, "设施": 1, "方案": 1, "遥感": 6, "所需": 1, "海量": 1, "预": 1, "模型": 1, "训练": 1, "图像": 2, "分类": 1, "识别": 1, "检索": 1, "提取": 1, "武汉": 1, "大学": 1, "测绘": 1, "工程": 2, "重点": 1, "实验室": 1, "着手": 1, "探索": 1, "参加": 1, "2019年": 1, "稀疏": 1, "表征": 1, "分析": 1, "竞赛": 1, "这是": 1, "芯": 1, "方式": 1, "O网页": 1, "链接": 1, "": 1, "云次": 1, "方": 1, "龙嘎": 1, "轮番": 1, "盯": 1, "镜头": 1, "猴头菇": 1, "飘飘然": 1, "tui性": 1, "胡惹": 1, "放": 1, "大看": 1, "对视": 1, "8": 1, "⃣️": 1, "抿嘴": 1, "次方": 1, "惹": 1, "30pro牛逼": 1, "前排": 1, "缘故": 1, "梁华谈": 1, "如果说": 1, "减少": 2, "碳": 1, "排放": 3, "45万": 3, "吨": 3, "公布": 1, "四": 1, "可信": 1, "5": 1, "投资": 1, "20亿": 2, "美元": 2, "提升": 1, "软件": 1, "能力": 1, "绿色": 1, "环保": 1, "9.32亿": 1, "千瓦时": 1, "清洁": 1, "能源": 1, "电量": 1, "二氧化碳": 1, "减碳": 1, "投": 1}