{"手机": 6, "稳掉": 1, "！": 15, "华为": 64, "居然": 1, "秒": 1, "检测": 1, "…": 1, "​": 18, "阿里": 8, "下班": 8, "时间": 10, "曝光": 4, "：": 19, "光鲜": 4, "都": 7, "加班": 10, "味道": 4, "也许": 2, "、": 17, "水平": 2, "早": 2, "耳闻": 2, "疯狂": 2, "样子": 3, "出场": 2, "低调": 2, "无声": 2, "滨江": 2, "办公楼": 2, "好几": 2, "园区": 2, "外面": 2, "很": 10, "茂盛": 2, "树木": 2, "走到": 2, "正门": 2, "真的": 2, "难": 2, "窥探": 2, "20:30-00:30": 2, "朋友": 5, "夸张": 2, "晚上": 2, "8点半": 2, "指望": 2, "有人": 3, "23:00": 2, "员工": 2, "21:30~22:00": 2, "0点": 2, "陆陆续续": 2, "O华": 3, "收到": 1, "@": 5, "Tmagazine": 2, "印刷": 1, "电子版": 1, "效果": 1, "迷人": 1, "光影": 1, "颗粒感": 1, "舒服": 1, "卷首": 1, "小烊": 1, "文章": 1, "仿佛": 1, "春天": 2, "室外": 1, "呼吸": 1, "一番": 1, "敏感": 1, "细腻": 2, "有趣": 1, "想必": 1, "带给": 1, "新鲜": 1, "视角": 1, "茁壮成长": 1, "成长": 1, "nova4": 1, "拍摄": 2, "原图": 1, "修": 1, "易烊": 3, "千玺": 2, "邂逅": 2, "再度": 1, "登封": 1, "TFBOYS": 1, "千": 1, "玺": 1, "创事": 1, "记": 1, "普通人": 2, "P30Pro": 6, "拍": 2, "银河": 3, "P30": 10, "发布会": 3, "余承东": 2, "银河样": 1, "调侃": 1, "三星": 4, "GalaxyS10+": 1, "iPhoneXsMax": 1, "只能": 1, "陪跑": 1, "结束": 1, "引发": 1, "用户": 1, "质疑": 1, "拍出": 2, "吹牛": 1, "实拍": 1, "鹅板凳O": 1, "一个": 4, "海外": 2, "回国": 2, "离职": 3, "毕竟": 2, "老婆": 1, "孩子": 1, "国内": 2, "没法": 1, "转型": 2, "证券": 2, "从业": 1, "资格证": 1, "经纪人": 1, "好像": 1, "拉人头": 1, "开户": 1, "女": 1, "粉丝": 1, "财务": 2, "呆": 1, "10年": 1, "后面几年": 1, "拉美": 1, "税后": 1, "90多万": 1, "想到": 1, "还要": 1, "结婚": 1, "生子": 1, "发现": 1, "找": 1, "合适": 1, "工作": 3, "实在": 1, "岗位": 1, "给到": 1, "工资": 1, "报税": 1, "代理": 1, "公司": 5, "很多": 3, "创业": 1, "餐饮店": 1, "科技": 2, "行业": 2, "留": 1, "后手": 1, "40": 1, "岁": 1, "裤子": 1, "无水": 1, "印壁": 1, "纸/16": 1, "故宫": 1, "御花园": 2, "系列": 9, "壁纸": 3, "分享": 1, "玉兰": 1, "1": 1, "Tips": 1, "很久": 1, "发壁纸": 1, "懒": 1, "裤衩": 1, "反馈": 1, "屏幕": 4, "尺寸": 3, "苹果": 4, "会长": 1, "全屏": 1, "测试": 1, "16:9": 1, "更改": 1, "16:8": 1, "比例": 1, "适合": 1, "愉快": 1, "严禁": 1, "商用": 1, "必究": 1, "中纹": 1, "摄影": 1, "大赛": 1, "焕新": 1, "生活": 4, "将就": 1, "美学": 1, "一瞬": 1, "之间": 1, "美": 1, "距离": 2, "EMUI": 3, "9.1": 1, "中国": 3, "发布": 1, "3": 1, "即将": 2, "登场": 2, "美的": 1, "瞬间": 1, "关注": 1, "转发": 1, "抽": 1, "送": 1, "贝斯": 1, "耳机": 1, "抽奖": 1, "平台": 1, "P20Pro": 2, "升级": 2, "9.0": 2, "竟然": 3, "自带": 1, "电脑": 1, "功能": 1, "试玩": 1, "支持": 1, "QQ": 1, "飞车": 1, "英雄": 1, "联盟": 1, "太": 3, "牛": 1, "出门": 1, "在外": 1, "台": 1, "办公": 1, "玩": 1, "游戏": 1, "搞定": 1, "研发": 6, "费用": 3, "全球": 3, "第四": 1, "投": 1, "1015亿": 3, "元": 8, "超": 3, "微软": 2, "研发费": 1, "外媒": 1, "报道": 1, "称": 4, "2018年": 1, "投入": 3, "超越": 1, "英特尔": 1, "这是": 2, "5G": 6, "技术": 2, "领先": 1, "关键": 1, "因素": 1, "去年": 4, "单纯": 1, "超过": 2, "千亿": 1, "四": 1, "谷歌": 2, "大众": 1, "入榜": 1, "1060亿": 1, "1055亿": 1, "1035亿": 1, "官方": 1, "公布": 1, "数据": 1, "显示": 2, "占": 1, "销售": 1, "收入": 1, "比重": 1, "14.1%": 1, "总计": 1, "4800亿": 1, "老": 1, "广州": 1, "夜": 1, "终于": 1, "验证": 1, "镜头": 1, "强大": 1, "感光": 1, "夜景": 1, "模式": 1, "清晰": 2, "九50": 1, "X": 1, "数码": 2, "变焦": 1, "500": 1, "米": 1, "拍到": 1, "P图": 1, "调色": 1, "感觉": 3, "刚刚": 1, "拿到": 1, "速度": 2, "快": 2, "流畅": 1, "操作": 1, "中用": 1, "小米": 4, "叫板": 1, "美国": 3, "巴西": 5, "副总统": 2, "投资": 3, "俄罗斯": 1, "卫星": 1, "网": 1, "安东尼奥·汉密尔顿·莫朗": 1, "近日": 1, "政府": 2, "活动": 1, "理由": 1, "莫朗": 1, "出访": 1, "解释": 1, "借口": 1, "视为": 1, "战略": 2, "伙伴": 1, "威胁": 1, "O网页": 2, "链接": 2, "三大": 1, "旗舰机": 1, "成本": 1, "110": 2, "美元": 4, "；": 2, "iPhoneXSMax": 1, "120": 1, "S10+": 1, "125": 1, "卖": 1, "冤大头": 1, "望远镜": 1, "称之为": 1, "显微镜": 1, "#​": 1, "黑暗": 1, "之中": 1, "古墓": 1, "传来": 1, "激烈": 1, "打斗": 1, "未": 1, "PK": 1, "出局": 1, "到底": 1, "发生": 1, "江湖": 1, "岂止刀": 1, "剑": 1, "远": 2, "不见": 1, "只见": 1, "竹海": 1, "清龙": 1, "着急": 1, "影视": 1, "大片": 1, "派出": 1, "HUAWEIP": 1, "30": 1, "救场": 1, "场面": 1, "尽兴": 1, "导演": 1, "4月": 3, "11日": 3, "上海": 3, "开启": 1, "影像": 2, "未来": 1, "L华": 1, "视频": 6, "倒计时": 1, "三": 1, "见证": 1, "规则": 1, "重制": 1, "英国": 8, "电信业": 2, "警告": 2, "禁华": 1, "经济": 2, "地位": 2, "受损": 1, "每日": 1, "电讯报": 1, "报告": 1, "排除": 1, "计划": 2, "建设": 1, "高速": 1, "网络": 2, "70亿": 1, "英镑": 1, "损失": 1, "启用": 1, "推迟": 1, "禁止": 1, "设备": 1, "基础": 1, "设施": 1, "减少": 1, "打击": 1, "消费者": 1, "损害": 1, "娜扎": 1, "代言": 1, "确实": 1, "坏": 1, "印象": 1, "消除": 1, "台湾省": 1, "产业链": 1, "消息": 1, "产量": 1, "富士康": 1, "预计": 1, "5万": 3, "工人": 1, "加班加点": 1, "生产": 1, "全力": 1, "2000万": 1, "目标": 1, "品牌": 2, "代工": 1, "不景气": 1, "才": 1, "裁掉": 1, "生产线": 1, "估计": 1, "招人": 1, "担心": 1, "外国": 1, "撤走": 1, "劳动力": 1, "企业": 1, "做好": 1, "补上": 1, "央视": 2, "朝闻": 1, "天下": 1, "+": 2, "4K": 1, "加速": 1, "落地": 1, "8K": 2, "箭在弦上": 1, "京东方": 2, "高级": 1, "副总裁": 1, "张宇": 1, "接受": 1, "采访": 1, "巴塞罗那MW": 1, "C展": 1, "直播": 1, "摄像机": 1, "公里": 1, "海鸥": 1, "轮船": 1, "名字": 1, "显现": 1, "高清": 1, "视觉": 1, "需求": 1, "L原烽": 1, "BOE": 1, "督促": 3, "开发者": 4, "5月底": 2, "适配": 4, "AndroidQ": 3, "北京": 1, "3月": 1, "14日": 1, "凌晨": 1, "正式": 1, "推送": 1, "第一": 1, "Beta": 1, "版本": 1, "第三": 1, "季度": 1, "推出": 1, "正式版": 1, "发出": 1, "兼容性": 1, "通知": 1, "……": 1, "详情": 1, "点击": 1, "Android": 1, "Q​": 1, "P30P": 1, "RO": 1, "德国": 2, "电视台": 2, "广告": 1, "高大上": 1, "旗舰": 2, "推广": 1, "发": 1, "艺术": 1, "风范": 1, "德文": 1, "懂": 1, "为啥": 1, "P30PRO": 1, "戳": 1, "马上": 1, "暗拍": 1, "秘诀L": 1, "秒拍": 1, "本周": 1, "招聘会": 2, "预告": 1, "#注": 1, "校外": 1, "同学": 1, "开放": 1, "华为厅": 1, "东方厅": 1, "东风": 1, "汽车厅": 1, "天一厅": 1, "清华": 2, "大学": 2, "学生": 2, "职业": 2, "发展": 2, "指导": 2, "中心": 3, "场地": 1, "位于": 1, "清芬": 1, "餐厅": 1, "南侧": 1, "人文": 1, "社科": 1, "图书馆": 1, "正北": 1, "100米": 1, "图文": 1, "中国区": 1, "精彩": 1, "敬请": 1, "期待": 1, "看完": 1, "余承": 1, "东余": 1, "建议": 1, "偏见": 1, "阅读": 1}