{"Redmi": 2, "刚刚": 1, "@": 7, "UNIQ": 1, "王一博": 2, "Red": 1, "红米": 2, "代言人": 4, "圈": 1, "一批": 1, "粉": 1, "～": 2, "华为": 133, "nova65G": 1, "TFBOYS": 2, "易烊": 2, "千玺": 2, "pick": 2, "nova": 1, "手机": 2, "​": 9, "马上": 1, "评｜": 2, "拒": 7, "道歉": 12, "：": 25, "同理心": 8, "害怕": 7, "告去": 2, "！": 12, "大概": 1, "4": 1, "字": 1, "概括": 1, "公众": 6, "整整": 1, "、": 19, "李洪元": 35, "案": 4, "回应": 21, "不屑": 3, "解释": 5, "想": 6, "沟通": 5, "实力": 3, "掉粉": 2, "居高临下": 2, "的确": 2, "关押": 2, "251": 20, "深圳": 9, "司法": 11, "机关": 6, "深圳市": 1, "国家": 8, "赔偿": 5, "形式": 1, "认错": 1, "路上": 1, "踩到": 1, "别人": 2, "脚": 2, "还要": 1, "声": 3, "对不起": 1, "举报": 5, "导致": 1, "一个": 18, "公民": 4, "丧失": 1, "人身": 2, "自由": 3, "长达": 1, "于情": 1, "于理": 1, "明白": 2, "生效": 1, "法律": 21, "文书": 1, "确认": 1, "失实": 1, "内": 1, "员工": 22, "生活": 4, "天翻地覆": 1, "能力": 6, "责任": 4, "；": 2, "狼性": 1, "悲悯": 1, "拘前": 1, "希望": 7, "O马上": 1, "华春莹": 9, "讽刺": 1, "蓬": 1, "佩奥": 2, "好像": 2, "祥林嫂": 16, "近日": 4, "美国": 15, "国务卿": 5, "蓬佩奥": 16, "称": 6, "涉嫌": 9, "间谍": 5, "活动": 5, "点名": 3, "窃取": 3, "德国": 3, "英国": 3, "国": 3, "知识": 3, "产权": 3, "对此": 6, "鲁迅": 4, "小说": 4, "祝福": 5, "喋喋不休": 4, "唠叨": 8, "话题": 6, "举止": 5, "只不过": 4, "无害": 4, "废话": 4, "叨唠": 4, "都": 18, "有毒": 4, "谎言": 4, "L": 6, "央视": 6, "新闻": 13, "视频": 15, "风波": 2, "支持": 12, "事件": 19, "工作": 1, "13年": 1, "索要": 1, "离职": 5, "补偿": 5, "指控": 2, "敲诈勒索": 2, "羁押": 2, "最终": 4, "犯罪": 1, "事实": 5, "证据": 9, "释放": 3, "声明": 8, "O华": 1, "拘留": 2, "马前卒": 1, "施工队": 2, "睡前": 2, "消息": 2, "本期": 1, "节目": 3, "第50": 2, "期": 4, "感谢": 2, "同学": 1, "督工": 1, "蛋卷": 2, "观": 1, "很快": 1, "100": 1, "见面": 1, "催": 1, "暗示": 1, "满血": 1, "复活": 1, "纯粹": 1, "吃": 3, "太": 3, "一点": 2, "节制": 1, "……": 5, "回顾": 1, "很": 8, "关心": 1, "勺子": 1, "上传": 1, "2019": 1, "提到": 1, "绝大部分": 1, "正面": 1, "意义": 2, "内容": 1, "确实": 1, "做出": 1, "实打实": 1, "成绩": 1, "中国": 4, "国内": 2, "支持者": 1, "中国人": 1, "心目": 1, "超越": 1, "企业": 6, "重视": 1, "份": 1, "信任": 1, "珍贵": 1, "背后": 1, "真真假假": 1, "最先": 1, "面对": 2, "错": 3, "承认": 1, "没错": 1, "说话": 3, "L观": 1, "工作室": 1, "秒拍": 2, "真相": 2, "1.": 1, "n+1": 1, "人力": 1, "资源": 1, "主管": 1, "何某": 2, "把柄": 1, "威胁": 2, "揭发": 2, "泄露": 2, "公司": 10, "机密": 2, "2n": 1, "出资": 1, "秘书": 1, "周某": 1, "转账": 2, ".": 2, "事发": 1, "动用": 1, "印章": 1, "处罚": 1, "全身而退": 1, "告": 2, "9": 1, "3": 1, "告来": 1, "私人": 1, "代表": 1, "敲诈": 1, "4.": 1, "很多": 1, "足够": 2, "没法": 1, "起诉": 9, "警方": 1, "找": 3, "办法": 2, "5.": 1, "深究": 1, "炒": 1, "态度": 2, "无辜": 1, "理直气壮": 1, "巨额": 1, "放": 1, "#漫": 1, "漫姐": 1, "陈漫ChenMan": 1, "掌镜": 1, "千玺x": 1, "NOVA6": 1, "广告": 1, "大片": 2, "高清": 1, "大图": 1, "开屏": 1, "～​": 1, "胡侃": 1, "捧": 1, "神": 1, "骂": 1, "鬼": 1, "看成": 1, "了不起": 1, "毕竟": 1, "十几万": 2, "管理": 6, "战斗力": 1, "殊为": 1, "不易": 1, "同意": 1, "缺少": 1, "温度": 2, "批评": 3, "听": 5, "依然": 1, "强大": 1, "成功": 1, "L胡锡进": 1, "任正非": 4, "研发": 6, "中心": 5, "迁至": 3, "加拿大": 7, "12月": 3, "2日": 3, "环球": 2, "邮报": 2, "发布": 2, "正非": 1, "访问": 1, "制裁": 1, "禁令": 1, "北美": 1, "市场": 1, "总部": 1, "墨西哥": 1, "位于": 1, "计划": 2, "欧洲": 1, "生产": 1, "5G": 2, "设备": 1, "缓解": 1, "外界": 1, "引发": 1, "担忧": 1, "老板": 1, "联播": 1, "澎湃": 7, "评": 2, "巨轮": 1, "轰隆隆": 1, "碾过": 1, "压倒": 1, "草": 1, "小草": 1, "生气": 1, "一个个": 1, "劳动者": 1, "道德": 2, "光环": 1, "侵蚀": 1, "尊严": 1, "O澎湃": 2, "朋友": 3, "同行": 1, "几日": 1, "敲诈勒索罪": 1, "案件": 4, "持续": 1, "关注": 2, "谢连喜": 1, "主任": 1, "本人": 1, "辩护人": 2, "本次": 3, "几点": 1, "第一": 4, "本身": 2, "证明": 1, "我国": 3, "法治": 4, "建设": 1, "保护": 2, "合法": 1, "权益": 3, "报案人": 1, "社会": 6, "地位": 1, "经济": 1, "评判": 2, "依据": 2, "准绳": 2, "公正": 1, "第二": 2, "民族": 1, "产业": 1, "攻击": 2, "成长": 1, "都会": 1, "不尽人意": 1, "监督": 1, "方式": 2, "以偏概全": 1, "禁止": 1, "第三": 2, "办理": 1, "过程": 2, "细致": 1, "分析": 1, "客观": 2, "大胆": 1, "假设": 1, "小心": 1, "求证": 1, "发表": 3, "意见": 1, "得益": 1, "环境": 1, "律协": 1, "刑事": 1, "律师": 1, "冷静": 4, "全国": 6, "人民": 6, "晚间": 2, "官方": 1, "正式": 1, "财经": 1, "记者": 3, "如是说": 1, "当天": 1, "傍晚": 1, "网络": 2, "发酵": 1, "O": 1, "武器": 4, "维权": 3, "看法": 1, "诟病": 1, "当成": 1, "纯": 1, "官司": 1, "角度": 3, "无懈可击": 1, "情绪": 2, "不能不": 1, "这次": 2, "输": 1, "情": 3, "理解": 1, "难度": 1, "惊人": 1, "推行": 1, "标准化": 1, "制度": 2, "遵循": 1, "治理": 2, "逻辑": 3, "围绕": 2, "件": 5, "大规模": 2, "予以": 1, "照顾": 1, "违法": 3, "给予": 1, "这是": 5, "影响": 3, "对错": 1, "后者": 1, "承担": 1, "站": 1, "住": 1, "拒绝": 1, "进一步": 1, "私了": 1, "不满": 2, "妥协": 1, "维护": 2, "规则": 2, "危机": 1, "主线": 1, "情感": 2, "主导": 1, "这一切": 1, "或许": 2, "超级": 1, "倾向于": 1, "奉行": 1, "原则": 1, "定性": 1, "双刃剑": 1, "走到": 1, "投": 1, "巨资": 1, "制度化": 1, "吸取": 1, "国际": 1, "跨国公司": 1, "经验": 2, "喜爱": 1, "大一": 1, "转换": 1, "错误": 1, "拘押": 1, "硬伤": 1, "处在": 1, "悲剧": 2, "源头": 1, "位置": 1, "从情": 1, "同情": 1, "名": 1, "弱者": 1, "仅仅": 2, "报案": 1, "程序": 2, "断然": 1, "切割": 1, "舆论": 1, "场上": 1, "无论如何": 1, "遗憾": 1, "至少": 1, "舆情": 2, "情况": 3, "地带": 1, "退缩": 1, "防线": 1, "丢掉": 1, "回旋": 1, "空间": 1, "不利": 1, "有名": 1, "树大招风": 1, "吸引": 1, "注意力": 1, "探讨": 1, "反思": 2, "老胡": 3, "值得": 2, "重罪": 1, "保释": 1, "调查": 1, "期间": 1, "取保": 1, "候审": 1, "不至于": 1, "专家": 1, "实实在在": 1, "事情": 3, "肯定": 1, "形象": 2, "教训": 1, "呼吁": 1, "过度": 1, "此事": 1, "上纲上线": 1, "长处": 1, "弱点": 1, "接受": 2, "挑战": 1, "前行": 1, "蓬佩": 1, "奥像祥": 1, "林嫂": 1, "nova6": 2, "nova星": 1, "每次": 1, "宣传照": 1, "帅": 1, "高清图L": 1, "性感": 1, "易烊": 1, "千玺​": 1, "丁磊": 2, "学习": 2, "方法": 4, "早就": 2, "厉害": 3, "枪": 2, "实弹": 2, "2018年": 1, "网易": 1, "创始人": 2, "吴晓波": 1, "二十": 1, "谈": 1, "2000年": 1, "内部": 1, "材料": 1, "通信": 2, "行业": 1, "出身": 1, "真枪实弹": 1, "全球": 1, "部署": 1, "O丁磊怒": 1, "赞华": 1, "分享": 2, "瓜": 1, "博主": 1, "经历": 1, "三": 3, "立刻": 1, "境外": 1, "媒体": 4, "恶": 1, "名单": 1, "大型": 1, "网站": 2, "编辑": 1, "发生": 1, "发现": 1, "时间点": 1, "新号": 1, "注册": 1, "重复": 1, "文案": 1, "刷": 1, "负面": 1, "知乎": 1, "有人": 1, "故意": 1, "带": 1, "节奏": 1, "详细": 1, "言论": 1, "理性": 1, "吃瓜": 1, "评论": 4, "针对": 1, "权利": 2, "义务": 2, "基于": 1, "尊重": 1, "包括": 2, "公安": 1, "检察院": 3, "法院": 2, "损害": 2, "火力": 1, "全开": 1, "华春": 1, "莹花式": 1, "怼蓬": 1, "装": 1, "睡": 1, "爱": 2, "三观": 1, "金句": 1, "频出": 1, "不实": 1, "周瑾": 1, "孟哲": 1, "L中报": 1, "灵动": 1, "变幻": 1, "蓝": 1, "海": 1, "蕴含": 1, "无限": 1, "想象": 1, "系列": 1, "新品": 1, "发布会": 1, "倒计时": 1, "自拍": 1, "滚": 1, "炒作": 1, "你妹": 1, "绑架": 1, "屌事": 1, "爷爷": 1, "奶奶": 1, "牢厂": 1, "群": 4, "狗粮": 1, "难": 1, "看​": 1, "3日": 1, "采访": 1, "打电话": 1, "发": 1, "邮件": 1, "接触": 1, "这样的话": 1, "发展": 1, "阻碍": 1, "转移": 1, "越来越": 1, "财联社": 1, "CC": 1, "帖子": 2, "18级": 1, "拜读": 1, "感觉": 1, "通顺": 1, "可信度": 1, "当事人": 1, "不说": 1, "只能": 2, "侧面": 1, "一家之言": 1, "权当": 1, "参考": 1, "中午": 2, "火车": 2, "离开": 2, "回老家": 4, "买": 3, "票": 1, "收拾": 1, "东西": 1, "腾讯": 1, "透露": 1, "昨天": 1, "如今": 1, "汹涌": 1, "妥当": 1, "此前": 1, "天后": 1, "O一线": 1, "|": 1, "删": 1, "篇": 1, "龙岗": 1, "看守所": 1, "体验": 1, "回头": 1, "当中": 1, "描写": 1, "显得": 1, "意味深长": 1, "进去": 1, "胖子": 1, "瘦": 1, "30": 1, "斤": 1, "O兽爷": 1, "丨": 1, "大象": 1, "踩": 1, "脚​": 1, "报警": 7, "纠纷": 2, "错在": 1, "依法": 3, "倡导": 1, "精神": 2, "如果说": 1, "口诛笔伐": 1, "恐怕": 1, "正义": 1, "这不": 2, "走": 1, "途径": 1, "单位": 1, "理念": 1, "无知": 2, "无畏": 1, "法盲": 2, "协商": 2, "讨价还价": 1, "达成": 1, "理想": 1, "诉讼": 1, "李某": 3, "不服": 1, "增加": 1, "最佳": 1, "做法": 1, "原告": 1, "被告": 1, "裁决": 1, "伪证": 1, "追究": 1, "法人": 1, "执法": 1, "层面": 1, "公安局": 2, "办案": 1, "无关": 1, "保卫处": 1, "道理": 1, "纯属": 1, "＋": 2, "无赖": 1, "无耻": 1, "碰瓷": 1, "说法": 1, "常识": 1, "讲堂": 1, "讨厌": 1, "产品": 2, "路由器": 1, "质量": 2, "不错": 1, "不用": 1, "iOS": 1, "系统": 2, "国货": 1, "洋货": 1, "半": 1, "毛": 1, "钱": 1, "关系": 1, "国际化": 1, "平凡": 1, "消费者": 1, "义和团": 1, "骨干": 1, "仅此而已": 1, "反感": 1, "弥漫": 1, "浓重": 1, "政治": 1, "气息": 1, "红色": 1, "血统": 1, "刻意": 1, "经营": 1, "效果": 1, "粉红": 1, "群众": 1, "一厢情愿": 1, "献给": 1, "热情": 1, "皆": 1, "利用": 1, "注定": 1, "平时": 1, "高喊": 1, "『": 3, "爱国": 1, "』": 3, "教牙牙": 1, "学语": 1, "孩子": 1, "唱": 2, "美": 1, "愚蠢": 1, "败类": 1, "粉转": 1, "黑扬言": 1, "失望": 1, "买华": 1, "空虚": 1, "寂寞": 1, "…": 3, "想必": 1, "现实": 1, "极度": 1, "缺乏": 1, "存在感": 1, "粉蛆们": 1, "实在": 1, "科技": 3, "全人类": 1, "服务": 1, "国界": 1, "购买": 1, "性能": 1, "性价比": 1, "戏": 1, "历史": 1, "一次次": 1, "印证": 1, "样板戏": 1, "唱多": 1, "清算": 1, "反噬": 1, "搜搜": 1, "根正": 1, "苗红": 1, "呼风唤雨": 1, "弄潮儿": 1, "下场": 1, "荒郊": 1, "野地": 1, "烂韭": 1, "菜苗": 1, "躲": 1, "键盘": 1, "嘚瑟": 1, "出儿": 1, "轮": 1}