{"公司": 29, "苹果": 18, "产品": 27, "每月": 13, "扣": 7, "500": 13, "元": 9, "工资": 12, "买": 9, "国产": 7, "电子": 19, "补贴": 13, "一半": 6, "钱": 6, "近日": 6, "安徽": 6, "阜阳": 6, "下发": 6, "通知": 6, "员工": 11, "扣除": 6, "凡": 6, "购华": 6, "均": 6, "购买价": 6, "50%": 6, "律师": 5, "爱国": 5, "引导": 5, "作用": 5, "自由": 5, "网友": 5, "质疑": 5, "炒作": 7, "L一手": 2, "video": 5, "秒拍": 11, "视频": 11, "触碰": 1, "极点": 1, "焦点": 1, "12月": 4, "17日": 3, "华为": 44, "nova4": 4, "@": 9, "TFBOYS": 3, "易烊": 4, "千": 4, "玺": 5, "不见不散": 1, "！": 12, "千玺": 4, "nova星": 3, "L华": 3, "终端": 2, "官方": 3, "​": 16, "logo": 1, "日本": 24, "软银": 10, "弃用": 4, "4G": 8, "设备": 11, "经济": 3, "新闻": 4, "13日": 5, "报道": 5, "通信": 5, "运营商": 4, "更换": 3, "基站": 4, "转向": 2, "瑞典": 1, "爱立信": 4, "芬兰": 1, "诺基亚": 4, "唯一": 1, "采用": 1, "、": 11, "中兴": 4, "通讯": 1, "通讯商": 1, "明年": 1, "建设": 3, "5G": 3, "计划": 2, "前述": 2, "北欧": 2, "订货": 2, "联合": 1, "早报": 1, "14日": 1, "称": 3, "暂停": 2, "一家": 3, "供应商": 1, "购买": 1, "器材": 1, "观察者": 1, "网": 1, "O": 3, "改用": 1, "保时捷": 1, "赛道": 1, "高尔夫": 1, "球场": 1, "露天": 2, "电影院": 1, "……": 2, "Mate20": 3, "系列": 2, "微观": 1, "世界": 5, "场": 2, "奇妙": 2, "探秘": 1, "TA": 1, "化身": 1, "开开": 1, "脑洞​": 1, "孟晚舟": 10, "事件": 6, "影响": 6, "加拿大": 11, "鹅": 7, "取消": 4, "中国": 16, "内地": 5, "店": 4, "开业": 6, "创始人": 3, "女儿": 4, "投资者": 1, "担心": 1, "消费者": 1, "未来": 2, "品牌": 3, "不满": 1, "情绪": 1, "发起": 1, "抵制": 1, "活动": 2, "上周四": 1, "纽约": 1, "股票": 1, "交易所": 1, "上市": 1, "GOOS": 1, ".": 2, "US": 1, "股价": 3, "暴跌": 2, "8.44%": 1, "周五": 1, "收盘": 2, "下挫": 1, "6.64%": 1, "本周二": 1, "进一步": 1, "下跌": 1, "1.25%": 1, "4": 1, "交易日": 1, "市值": 2, "蒸发": 1, "15亿": 1, "美元": 2, "超过": 1, "100亿": 1, "人民币": 1, "O受": 2, "明天": 2, "简单": 1, "净": 1, "惊喜": 1, "不止": 1, "一点点": 1, "​​​": 1, "任正非": 4, "谈": 1, "差距": 2, "：": 9, "本质": 2, "软件": 2, "2015年": 1, "总裁": 1, "接受": 1, "采访": 2, "坦承": 1, "外观": 1, "质量": 1, "不少": 3, "喜欢": 1, "硬件": 1, "性质": 1, "……L": 1, "老板": 1, "联播": 1, "老师": 1, "课堂": 1, "入手": 1, "mate20pro": 1, "款": 1, "高端": 1, "大气": 1, "上档次": 1, "手表": 2, "分分钟": 1, "感觉": 1, "人生": 1, "巅峰": 1, "！！！": 1, "下次": 1, "抽奖": 2, "送": 2, "！！": 1, "背面": 1, "三": 2, "摄像头": 1, "手机": 4, "想": 6, "？？？？": 1, "一手": 6, "VideoL": 3, "被捕": 2, "奢侈": 1, "羽绒": 1, "大跌": 1, "原本": 1, "定于": 1, "明日": 1, "北京": 1, "首家": 1, "时尚": 1, "商业": 2, "快讯": 1, "援引": 1, "业内": 1, "消息": 2, "人士": 1, "证实": 1, "截至": 1, "昨日": 1, "股市": 1, "跌破": 1, "60亿": 1, "澎湃": 1, "获准": 2, "保释": 3, "第二": 2, "CFO": 2, "出门": 2, "当地": 1, "时间": 1, "名": 2, "安保": 1, "人员": 1, "陪同": 1, "限定": 1, "内": 1, "包括": 1, "温哥华": 1, "治文": 1, "北岸": 1, "对此": 1, "看法": 1, "O用": 1, "奇幻": 1, "旅程": 1, "童话": 1, "冒险": 2, "就此": 1, "展开": 2, "冬日": 2, "露营": 1, "垂钓": 1, "飞舞": 1, "冰": 1, "；": 1, "黑夜": 1, "观影": 1, "逐梦": 1, "宇宙": 1, "...[米奇": 1, "比心": 1, "关注": 1, "+": 1, "带": 1, "话题": 1, "转发": 1, "变身": 1, "小人": 1, "____": 1, "平台": 1, "随机": 2, "抽": 1, "运动": 1, "蓝牙": 1, "耳机": 1, "5": 1, "广告": 1, "]​": 1, "易": 1, "烊千": 1, "首发": 1, "点屏": 1, "表情包": 1, "产出": 1, "鹤国": 1, "皮酱": 1, "刘": 1, "女士": 1, "夜": 1, "读": 1, "离开": 2, "三年": 2, "才": 5, "意识": 2, "狼性": 3, "文化": 3, "可贵": 2, "掌门人": 1, "烧": 1, "死": 1, "鸟": 1, "凤凰": 2, "接触": 1, "数百": 1, "离职": 1, "华为人": 1, "提到": 1, "高频": 1, "一个": 13, "词": 1, "感谢": 2, "深刻": 1, "塑造": 1, "前华": 1, "为人": 1, "坚韧": 1, "拼搏": 1, "永不言败": 1, "奋斗": 2, "精神": 2, "领域": 1, "披荆斩棘": 1, "无往不利": 1, "涅槃": 1, "重生": 1, "发自": 1, "肺腑": 1, "夜读": 1, "帅": 1, "敬请": 1, "期待": 1, "L易烊": 1, "携手": 1, "点亮": 1, "未知": 1, "精彩": 1, "千万": 1, "好几": 1, "电影": 1, "L电": 1, "影主": 1, "软": 3, "银弃": 3, "用华": 2, "针对": 2, "围剿": 1, "案": 1, "延续": 1, "实话": 1, "一开始": 1, "美国": 8, "目标": 1, "只不过": 1, "哨战": 2, "斥候": 1, "探路": 1, "想到": 1, "灭": 1, "对方": 1, "锋营": 1, "胜利": 1, "喜悦": 1, "乘胜": 1, "追击": 1, "战果": 1, "澳大利亚": 1, "法国": 1, "流": 2, "棋盘": 1, "子而已": 1, "所作所为": 1, "不必": 1, "放": 1, "心上": 1, "放眼": 1, "当今": 1, "天下": 1, "唯有": 1, "打架": 1, "地球": 1, "抖": 2, "串": 1, "国家": 2, "看上去": 1, "像模像样": 1, "都": 2, "时代": 1, "发展": 1, "主流": 1, "捣": 1, "中军": 1, "新败": 1, "致命": 1, "打击": 1, "插曲": 1, "用来": 1, "转移": 1, "视线": 1, "明修栈道": 1, "暗度陈仓": 1, "背地里": 1, "盘算": 1, "不得而知": 1, "危险": 1, "单纯": 1, "防守": 3, "肯定": 1, "持久": 1, "面对": 1, "强大": 2, "敌人": 2, "找到": 2, "桥头堡": 1, "稳住": 1, "阵脚": 1, "波": 1, "节奏": 1, "带走": 1, "稳固": 1, "反击": 3, "轻视": 1, "活路": 1, "假装": 1, "落入": 1, "险境": 1, "朋友": 1, "驻": 1, "美军": 1, "翻": 1, "自我": 1, "脚步": 1, "停止": 1, "社会": 1, "技术": 1, "成本": 1, "低": 1, "王道": 1, "恢复": 1, "采购": 2, "一句话": 1, "重中之重": 1, "破局": 1, "美": 1, "贸易": 1, "争端": 1, "守势": 1, "痛点": 1, "耐心": 1, "老总": 1, "篇": 3, "西方": 9, "文明": 5, "文章": 4, "真的": 1, "爱戴": 1, "崇仰": 1, "盲目": 2, "犯": 1, "常识性": 1, "错误": 1, "有人": 2, "信仰": 2, "成功": 3, "原因": 1, "1": 1, "确实": 1, "很多": 1, "东西": 1, "学习": 2, "站": 1, "矮檐": 1, "不得不": 1, "低头": 1, "逆来顺受": 1, "心理": 1, "安然": 1, "有利于": 1, "生意": 1, "这是": 4, "情况": 1, "讽刺": 1, "仅仅": 1, "太": 1, "西方人": 1, "抓": 1, "算": 1, "公公": 1, "带路": 1, "党们": 1, "利用": 1, "兜售": 1, "逆向": 1, "种族主义": 1, "嘲弄": 1, "诋毁": 1, "造谣": 1, "能事": 1, "P图": 1, "手段": 2, "之下": 1, "叹为观止": 1, "这一切": 2, "主子": 1, "跟任": 1, "总翻": 1, "脸": 1, "组织": 1, "一部分": 1, "智商": 1, "够用": 1, "据说": 1, "少年": 1, "学霸": 1, "心路": 5, "历程": 5, "估计": 1, "唏嘘": 1, "头条": 1, "中国人": 7, "缩影": 1, "太祖": 1, "人民": 1, "民主": 1, "专政": 1, "文": 1, "帝国主义": 1, "侵略": 2, "打破": 1, "学": 2, "迷梦": 1, "很": 2, "奇怪": 1, "老是": 1, "学生": 1, "行不通": 1, "理想": 1, "改革": 1, "开放": 1, "四十": 1, "至少": 1, "忘记": 1, "尊严": 1, "何物": 1, "经历": 1, "类似": 1, "历史": 1, "脚下": 1, "喷薄欲出": 1, "tokyotube": 1, "街头": 1, "民众": 1, "看待": 1, "LTokyotube": 1, "甜甜": 1, "2019年": 1, "这项": 1, "背景": 1, "政府": 5, "信息": 1, "泄露": 1, "风险": 1, "为由": 1, "事实上": 1, "排除": 3, "记忆": 1, "用心": 1, "留存": 1, "爱": 1, "有迹可循": 1, "寒冷": 1, "分享": 1, "生活": 1, "暖心": 1, "瞬间": 1, "~": 1, "抽取": 1, "3": 1, "花粉": 1, "送出": 1, "智能": 1, "体脂": 1, "秤": 1, "合作": 1, "放弃": 1, "大惊小怪": 1, "选": 1, "被迫": 1, "意志": 1, "提醒": 1, "核心": 1, "科技": 1, "才能": 2, "受制于人": 1, "快": 1, "崛起": 1, "觉醒": 1, "媒体": 1, "威胁": 3, "国际": 3, "法治": 3, "环球": 1, "邮报": 1, "原题": 1, "执意": 1, "压制": 1, "领导": 1, "推向": 1, "灾难": 1, "如同": 1, "当年": 1, "欧洲": 1, "列强": 1, "如今": 1, "全球": 1, "和平": 1, "特朗普": 1, "不再": 2, "电信": 2, "制定": 1, "新规": 1, "目的": 1, "并非": 1, "特定": 1, "企业": 1, "做法": 1, "效应": 1, "显现": 1, "现行": 1, "造基站": 1, "方针": 1, "改为": 1, "网络": 1, "制造": 1, "创事": 1, "记": 1, "曲": 2, "无声": 2, "赞歌": 2, "群众": 1, "喜爱": 1, "拥护": 1, "忌惮": 1, "无比": 1, "成长": 1, "慷慨": 1, "对待": 1, "个体": 1, "科学": 1, "制度": 1, "释放": 1, "生命力": 1, "创造": 1, "奇迹": 1, "饭统": 1, "戴": 1, "老板O": 1}