{"人民": 4, "网评": 2, "：": 20, "卢比奥": 4, "刷新": 2, "无耻": 2, "境界": 2, "天天": 2, "指责": 1, "中国": 32, "盗窃": 1, "美国": 22, "知识产权": 1, "伪": 1, "君子": 1, "华为": 64, "企业": 14, "收取": 1, "专利费": 2, "居然": 1, "提出": 1, "修改": 1, "国防": 1, "授权法": 1, "禁止": 2, "视为": 1, "威胁": 1, "法院": 1, "索要": 1, "古话": 1, "知耻近乎勇": 1, "听": 1, "懂": 4, "送": 1, "俗语": 1, "——": 3, "无知者": 1, "无畏": 1, "O": 2, "十三": 3, "城": 3, "点亮": 3, "仲夏": 4, "夜色": 4, "！": 15, "nova5": 8, "系列": 5, "新品": 2, "发布会": 7, "明天": 5, "戳": 1, "视频": 18, "所在": 1, "城市": 1, "L华": 2, "终端": 4, "官方": 4, "秒拍": 10, "​": 10, "任正非": 15, "下降": 14, "300亿": 11, "美元": 13, "小事": 4, "增长": 8, "公司": 11, "创始人": 4, "19日": 3, "接受": 6, "CNBC": 4, "新闻网": 3, "采访": 6, "17日": 3, "营收": 12, "做出": 3, "回应": 4, "指出": 3, "预测": 5, "下滑": 5, "很": 18, "事情": 4, "市场": 17, "业务": 2, "依旧": 2, "海外": 2, "业绩": 4, "回升": 2, "超": 3, "千亿": 2, "独立": 3, "应付": 2, "美方": 4, "禁令": 3, "整体": 2, "运营": 2, "表现": 3, "前一天": 2, "报表": 3, "20%": 5, "到底": 3, "年底": 2, "状况": 2, "肯定": 2, "@": 11, "微丢L": 1, "微丢": 1, "易": 1, "烊千": 1, "玺": 1, "TFBOYS": 2, "看图": 1, "👇🏻": 1, "1.": 1, "这次": 2, "主角": 2, "手机": 22, "想见": 1, "烊": 1, "千": 2, "玺": 2, "票": 3, "粉丝": 2, "买": 1, "🐂": 1, "！！": 2, "留": 2, "这笔": 1, "钱": 1, "场": 1, "电影": 2, "周年": 1, "现场": 2, "易烊": 4, "‼️": 1, ".": 2, "接机": 2, "武汉": 5, "举办": 1, "军运会": 1, "管理": 1, "都": 4, "再三": 1, "聚众": 1, "私欲": 1, "偶像": 2, "招黑": 1, "3": 1, "进场": 2, "守": 2, "规矩": 1, "大声": 1, "喧哗": 1, "听从": 1, "安保": 1, "工作": 5, "人员": 2, "安排": 1, "乖乖": 1, "配合": 1, "品牌": 3, "切记": 1, "🙏": 1, "4.": 1, "观看": 2, "直播": 2, "无意义": 1, "刷屏": 4, "易烊千玺": 1, "四": 1, "字": 1, "夸夸": 1, "弹幕": 1, "礼仪": 1, "举报": 1, "尊敬": 2, "余承东余": 1, "冒昧": 1, "打扰": 1, "名": 2, "评测人": 1, "摄影": 1, "爱好者": 1, "4月": 1, "11日": 1, "很多": 1, "科技": 3, "媒体人": 1, "电脑": 1, "P30": 2, "感到": 1, "兴奋": 1, "一个": 5, "环节": 1, "提到": 1, "P30Pro": 3, "50": 1, "倍": 1, "变焦": 1, "模式": 3, "拍": 4, "月亮": 6, "苹果": 8, "三星": 3, "专业": 2, "清晰": 2, "购买": 1, "到货": 1, "测试": 3, "过程": 3, "发现": 1, "拍摄": 2, "效果": 2, "真的": 4, "『": 4, "微弱": 1, "信号": 1, "还原": 1, "』": 4, "或者是": 1, "美颜算法": 1, "内部": 1, "正确": 1, "数据": 1, "添加": 2, "细节": 3, "大厂": 1, "宣传": 2, "严谨": 1, "完美": 1, "希望": 3, "贵司": 5, "销售": 2, "页面": 1, "告知": 1, "消费者": 1, "一点": 1, "PR": 1, "对口": 1, "相关": 2, "技术": 10, "交流": 5, "长期": 2, "无果": 1, "朋友": 1, "介绍": 1, "北京": 1, "知名": 1, "律师": 2, "周兆": 1, "尝试": 1, "高层": 1, "传递": 1, "意图": 1, "石沉大海": 1, "无奈": 1, "朋友们": 1, "求助": 2, "想到": 2, "热点": 1, "时间": 1, "窗口": 1, "发": 2, "适合": 1, "真诚": 1, "带来": 3, "不良": 1, "影响": 1, "道歉": 1, "对外": 1, "共度": 1, "难关": 1, "机会": 2, "搞": 2, "真相": 1, "感激不尽": 1, "美": 4, "参议员": 2, "提案": 2, "欲": 2, "禁华": 2, "依美": 2, "专利法": 2, "寻求": 2, "救济": 2, "外交部": 2, "奇葩": 1, "举动": 1, "6月": 4, "20日": 3, "发言人": 1, "陆慷": 2, "称": 4, "竟然": 1, "赤裸裸": 1, "操弄": 1, "法律": 1, "规则": 1, "再次": 1, "重申": 1, "中方": 1, "反对": 1, "滥用": 1, "国家": 5, "力量": 2, "打压": 1, "L": 2, "普京": 6, "驳斥": 2, "西方": 4, "投降论": 2, "一年一度": 2, "民众": 2, "连线": 2, "今日": 2, "谈": 2, "俄罗斯": 4, "经济": 3, "主持人": 2, "有人": 2, "俄": 2, "制裁": 4, "狠": 2, "投降": 4, "回答": 2, "放弃": 2, "利益": 2, "克里米亚": 2, "毫无": 2, "瓜葛": 2, "照样": 2, "遏制": 2, "崛起": 2, "L微": 3, "丢": 4, "夜晚": 1, "不见不散L": 1, "​​​": 1, "、": 10, "总裁": 1, "消费": 1, "国外": 1, "显示": 4, "老板": 4, "联播L": 2, "联播": 2, "台积电": 10, "罕见": 2, "开放": 3, "看清": 4, "才能": 3, "实力": 2, "18日": 1, "上海": 1, "2019年": 1, "研讨会": 2, "首次": 2, "大陆": 2, "媒体": 1, "签到": 1, "包括": 1, "海思": 1, "单独": 1, "条": 3, "通道": 1, "A系列": 1, "芯片": 3, "麒麟980": 2, "高通": 1, "骁龙": 1, "855": 1, "平台": 1, "制造": 1, "工艺": 1, "1987年": 1, "56": 1, "岁": 1, "张忠谋": 1, "台湾": 1, "新竹": 1, "科学": 1, "园区": 1, "创建": 1, "全球": 5, "第一": 3, "晶圆": 1, "代工": 1, "客户": 1, "依赖": 2, "中转站": 1, "源头": 1, "阀门": 2, "半导体": 1, "上游": 1, "设备": 2, "材料": 1, "下游": 1, "产业链": 1, "节点": 1, "O台": 1, "积电": 1, "爬": 4, "雪山": 2, "滑": 2, "山顶": 2, "数字": 1, "时代": 1, "思想家": 1, "对话": 1, "国际": 2, "销量": 2, "确实": 1, "40%": 1, "增速": 1, "很快": 1, "想": 1, "第三": 1, "道路": 1, "路": 1, "筋": 1, "爬到": 1, "心疼": 1, "联想": 3, "网友": 1, "太": 2, "秀": 1, "卖": 2, "通讯": 1, "…": 1, "代表": 1, "观点": 1, "千玺": 2, "nova星": 1, "NOVA5": 1, "千玺​": 1, "美​": 1, "滴滴": 1, "滴": 1, "爸爸": 1, "给力": 1, "·": 2, "楚河汉街": 1, "中央": 1, "文化": 1, "区​": 1, "璀璨": 1, "不仅仅": 1, "星空": 1, "今晚": 1, "敬请": 1, "期待": 2, "": 1, "陈": 1, "宥维": 2, "正能量": 1, "陈宥维": 3, "0707": 1, "生日": 1, "快乐": 1, "昨天": 1, "作文": 1, "题目": 1, "走": 1, "舒适区": 1, "成就": 1, "人物": 1, "素材": 1, "学生": 4, "讲": 1, "经历": 1, "研发者": 1, "何庭波": 1, "事例": 1, "晚上": 1, "认知": 1, "例子": 1, "写": 2, "标准": 1, "议论": 1, "段": 3, "交": 1, "作业": 1, "保证": 1, "逼": 1, "凑齐九宫格": 1, "原因": 1, "字真": 1, "辣": 1, "眼睛": 1, "放": 1, "UNINE": 1, "一加": 2, "火": 2, "钢铁侠": 1, "扮演者": 1, "罗伯特•唐尼": 1, "代言": 1, "楚天": 1, "都市报": 1, "8": 1, "主流": 1, "报纸": 1, "头版": 1, "重磅": 1, "推荐": 1, "款": 1, "90": 1, "Hz": 1, "流": 1, "体屏": 1, "售价": 1, "5000": 1, "元": 2, "7Pro": 2, "高端": 9, "黑马": 1, "京东": 1, "618年": 1, "购物节": 1, "不凡": 1, "斩获": 1, "安卓机": 1, "4000": 1, "价位": 1, "单品": 1, "亚军": 1, "仅次于": 1, "居首": 2, "超过": 3, "研究": 1, "Counterpoint": 1, "发布": 2, "报告": 3, "占": 1, "出货量": 1, "18%": 1, "利润": 1, "丰厚": 1, "产品": 1, "领域": 2, "智能": 2, "厂商": 1, "难": 1, "渗透": 1, "强大": 1, "定出": 1, "价格": 1, "三": 1, "占据": 1, "88%": 1, "份额": 3, "排名": 2, "前五": 1, "小米": 1, "vivo": 1, "OPPO": 1, "年度": 2, "吸引": 1, "雇主": 5, "CNN": 1, "项": 1, "调查": 3, "击败": 2, "阿里巴巴": 2, "腾讯": 1, "著名": 1, "吸引力": 3, "工科": 1, "连续": 1, "选择": 1, "商科": 1, "问鼎": 2, "理科类": 1, "人文": 1, "第二": 1, "位置": 1, "总部": 2, "位于": 2, "瑞典": 1, "优兴": 1, "咨询": 1, "覆盖": 1, "110": 1, "重点": 1, "高校": 1, "5万2千": 1, "大学生": 1, "亚太区": 1, "副总裁": 1, "吴岗": 1, "快速": 1, "影响力": 1, "发挥": 1, "作用": 1, "声称": 1, "实际上": 1, "O5万": 1, "出发": 1, "参加": 1, "这部": 1, "短片": 1, "悟空": 1, "永不": 1, "天高地厚": 1, "L影": 1, "视生": 1, "平心而论": 1, "千玺帅": 1, "褪去": 1, "明星": 1, "光环": 1, "只能": 1, "算": 1, "偏上": 1, "随随便便": 1, "自拍": 1, "100万": 1, "赞": 1, "水军": 1, "危险": 1, "热血沸腾": 1, "……": 1, "IT": 1, "杂谈": 1, "网上": 1, "信息": 1, "整理": 1, "Nova5Pro": 1, "详细": 1, "参数": 1, "6.39": 1, "英寸": 1, "OLED": 1, "2340": 1, "×": 1, "1080": 1, "分辨率": 1, "厚度": 1, "7.33": 1, "㎜": 1, "重量": 1, "171g": 1, "40": 1, "W快": 1, "3500": 1, "mAh": 1, "电池": 1, "后置": 1, "4800": 1, "W超清": 1, "(": 5, "f/1.8": 1, ")": 5, "＋": 3, "1600": 1, "w广角": 1, "f/2.2": 1, "W景深": 1, "f/2.4": 2, "200W": 1, "微距": 1, "前置": 1, "3200W": 1, "镜头": 1, "f/2.0": 1, "据说": 1, "Nova5": 1, "Nova5i": 1, "Nova": 1, "走子": 1, "路线": 1, "颜色": 1, "喜欢": 1, "光线": 1, "呈现": 1, "视觉": 1, "下巴": 1, "长沙": 1, "司门口": 1, "黄奇帆": 2, "封堵": 2, "高科技": 2, "死亡": 3, "中心": 1, "副": 1, "理事长": 1, "经贸": 1, "摩擦": 1, "关键": 1, "议题": 1, "损失": 1, "50%": 2, "服务": 1, "出口": 1, "先行": 1, "少掉": 1, "亏损": 1, "倒闭": 1, "避不可免": 1, "贸易战": 1, "赢家": 1, "一损俱损": 1, "鸡飞蛋打": 1, "局面": 1, "李": 1, "金磊": 1, "梦": 1, "迷幻夜紫": 1, "21日": 1, "浪漫": 1, "启程": 1, "美企": 2, "政府": 3, "汇报": 3, "面对": 1, "纳税": 2, "透露": 1, "合作": 2, "总统": 1, "特朗普": 2, "打电话": 1, "讨论": 1, "共赢": 1, "企天天": 1, "仰望": 1, "梦幻": 1, "细数": 1, "星河": 1, "流淌": 1, "步入": 1, "色彩": 1, "幻境": 1, "锁定": 1, "到来": 1}