{"面对面": 12, "专访": 13, "华为": 63, "创始人": 12, "兼": 6, "CEO": 7, "任正非": 86, "：": 50, "公共": 1, "关系": 1, "部门": 2, "逼": 1, "接受": 15, "采访": 2, "；": 3, "机构": 7, "臃肿": 7, "人浮于事": 3, "危险": 2, "……": 1, "视频": 13, "一一": 4, "回应": 8, "央视": 20, "新闻": 5, "直播": 3, ".": 1, "​": 15, "谈": 12, "CFO": 1, "孟晚舟": 11, "被捕": 1, "感谢": 1, "党": 1, "国家": 8, "一个": 8, "公民": 1, "权利": 1, "保护": 1, "1月": 8, "20日": 3, "晚": 1, "频道": 2, "播出": 3, "17日": 2, "下午": 1, "深圳": 5, "总部": 1, "访谈": 3, "节目": 4, "针对": 4, "女儿": 11, "加拿大": 9, "扣押": 3, "、": 19, "打压": 2, "作出": 2, "首次": 4, "电视": 2, "媒体": 2, "法律": 2, "力量": 1, "信心": 4, "解决": 5, "儿女": 8, "翅膀": 4, "硬": 4, "自由": 2, "飞翔": 2, "期望": 7, "照顾": 4, "父母": 6, "L央视": 1, "秒拍": 3, "来源": 2, "@": 2, "连发": 6, "封": 6, "内部": 9, "电邮": 6, "苦": 9, "日子": 9, "放弃": 18, "平庸": 8, "员工": 8, "18日": 3, "连续": 4, "签署": 4, "新年": 4, "006": 4, "号": 8, "007": 4, "总裁": 10, "电子": 4, "邮件": 5, "环境": 3, "人力": 5, "资源": 3, "战略": 3, "重心": 3, "工作": 3, "规划": 3, "持续": 2, "激活": 2, "组织": 4, "加大": 2, "自我": 2, "改革": 25, "队伍": 2, "换血": 2, "力度": 2, "不惜": 2, "降下": 2, "成本": 3, "作战": 3, "靠拢": 3, "O": 21, "！": 8, "字": 4, "讲话": 3, "5G": 7, "4": 2, "G势如破竹": 2, "心声": 1, "社区": 1, "发布": 1, "未来": 2, "形势": 2, "想象": 1, "乐观": 1, "经济": 1, "做出": 1, "正确": 1, "估计": 1, "4G": 1, "势如破竹": 1, "东爆": 1, "地雷": 2, "西爆": 1, "最新": 1, "主动": 14, "100": 6, "名": 6, "开放": 15, "杰出": 15, "贡献": 15, "对象": 6, "称号": 6, "央视网": 2, "记者": 3, "称": 6, "开会": 2, "坐": 12, "不住": 9, "小时": 5, "霸气": 1, "欧美": 1, "买": 8, "(": 1, "全文": 2, ")": 1, "访问": 6, "解读": 1, "谈到": 1, "基础": 5, "教育": 6, "人才": 10, "招聘": 2, "发展": 5, "超": 2, "23": 1, "对话": 1, "全纪": 1, "录L": 1, "新浪": 1, "财经": 5, "全程": 3, "|": 1, "未": 5, "人物": 9, "名单": 8, "申请": 6, "谈及": 3, "承认": 3, "的确": 3, "提出": 3, "对此": 4, "解释": 3, "想要": 4, "精力": 9, "搞": 3, "放到": 3, "公司": 6, "参加": 3, "社会": 3, "活动": 3, "就要": 4, "消耗": 3, "板凳": 3, "溜号": 7, "这不": 3, "光彩": 3, "L": 3, "成功": 8, "战斗力": 6, "技术": 6, "有限公司": 5, "状态": 2, "管理": 4, "层级": 2, "太": 6, "五": 2, "L新浪": 2, "清华": 1, "毕业生": 1, "感慨": 1, "高考": 1, "状元": 1, "如今": 1, "沦为": 1, "工程师": 1, "欧": 3, "美国": 19, "禁止": 3, "担忧": 5, "从来": 2, "件": 1, "全世界": 5, "微波": 3, "至少": 4, "增长": 3, "20%": 3, "艰难": 3, "时刻": 3, "主持人": 1, "提问": 1, "外界": 3, "危机": 1, "否认": 1, "都": 7, "跃跃欲试": 1, "计划": 1, "报低": 1, "一点": 3, "上头": 1, "奖金": 1, "压": 1, "浪费": 2, "科研": 2, "培养": 2, "长期": 1, "重视": 3, "研究": 1, "才": 1, "工业": 1, "强大": 1, "基础教育": 1, "农村": 1, "国外": 2, "有人": 1, "强盛": 1, "小学": 1, "教师": 1, "教室": 1, "讲到": 1, "廉价": 1, "国防": 2, "武器": 1, "厉害": 1, "做好": 2, "补充": 1, "西方": 1, "遍地": 1, "分散": 1, "别墅": 1, "8K": 1, "高速": 1, "信息": 1, "消费": 1, "设备": 1, "付出": 1, "昂贵": 1, "建设": 1, "网络": 1, "突破": 1, "市场": 1, "创造": 1, "机会": 2, "带来": 1, "生存": 1, "支点": 1, "想像": 1, "回忆": 2, "杀": 2, "手机": 9, "对比": 2, "挑战": 2, "2009年": 4, "2019年": 3, "年间": 2, "科技": 4, "诺基亚": 2, "行业": 2, "巨头": 2, "跌入": 2, "谷底": 2, "三星": 2, "小米": 3, "崛起": 2, "电脑": 2, "升级": 2, "换代": 2, "产品": 2, "出世": 2, "2029年": 2, "高科技": 2, "全球": 1, "魔王": 1, "很": 7, "长": 7, "时间": 5, "担心": 2, "罕见": 1, "敬请": 1, "关注": 1, "今晚": 1, "21点30": 1, "栏目": 1, "凤凰网": 1, "同步": 1, "O网页": 1, "链接": 1, "努力": 2, "形式主义": 2, "增值": 2, "消亡": 2, "事件": 1, "回国": 2, "我家": 1, "住": 1, "晚上": 1, "第二": 1, "飞走": 1, "看一看": 1, "招": 4, "希望": 2, "世界": 2, "吸纳": 2, "中国": 8, "统计": 1, "数学": 1, "博士": 1, "很多": 1, "海外": 1, "这是": 1, "遭遇": 1, "系列": 1, "壁垒": 1, "舆论": 1, "分析": 2, "恐怕": 1, "当下": 1, "报道": 3, "鼓动": 2, "以色列": 6, "审查": 2, "投资": 5, "官员": 3, "警告": 2, "笑话": 2, "疯": 2, "近来": 1, "频频": 1, "拉拢": 1, "盟友": 1, "围堵": 1, "盯上": 1, "此前": 1, "企业": 1, "港口": 3, "城市": 1, "海法": 2, "Haifa": 1, "建立": 1, "私人": 1, "耿耿于怀": 1, "路透社": 1, "日前": 1, "评论": 1, "中兴": 1, "利益": 1, "上海": 1, "港务": 1, "租用": 1, "海法港": 1, "码头": 1, "感到": 1, "具名": 1, "收集": 1, "情报": 1, "租": 1, "套": 1, "公寓": 1, "所有权": 1, "亮": 1, "易烊": 2, "千玺": 1, "千玺华": 1, "nova4": 1, "发布会": 1, "哈哈哈": 1, "粉丝": 1, "真的": 1, "可爱": 1, "啃鸡腿": 1, "吃": 1, "大佬": 1, "宠溺": 1, "微笑": 2, "闹": 1, "L娱圈": 1, "欧巴": 1, "长文": 1, "Mate20Pro": 1, "屏幕": 1, "指纹版": 1, "开箱": 1, "国产": 1, "荣耀": 1, "抗造": 1, "这次": 1, "试试": 1, "抗": 1, "多久": 1, "旭子": 1, "体验": 1, "L莲": 1, "石路": 1, "车神": 1, "晚间": 2, "L凤凰网": 1, "期限": 5, "司法部": 4, "尚未": 3, "正式": 3, "引渡": 4, "政府": 1, "刷新": 1, "停摆": 1, "记录": 1, "之际": 1, "高管": 1, "案": 3, "广播": 1, "CBC": 1, "当地": 1, "19日": 1, "本月底": 1, "当局": 1, "迎来": 1, "请求": 1, "透露": 1, "提交": 1, "所需": 1, "文件": 1, "提醒": 1, "美方": 1, "30日": 1, "步骤": 1, "熟悉": 1, "引渡案": 1, "律师": 1, "错过": 1, "最终": 1, "获释": 1, "CNBC": 1, "篇": 1, "更新": 1, "15日": 1, "推进": 1, "事宜": 1, "有意": 1, "加国": 1, "境内": 1, "终结": 1}