{"华为": 94, "俄罗斯": 19, "运营商": 16, "签署": 10, "5G": 15, "合同": 8, "外媒": 2, "MTS": 8, "CEO": 5, "资格": 8, "下一代": 4, "无线": 4, "网络": 11, "提供": 4, "基础": 4, "设施": 4, "卫星": 1, "通讯社": 1, "6日": 2, "报道": 4, "项": 2, "协议": 6, "2019年": 4, "2020年": 4, "开发": 3, "技术": 5, "试点": 2, "推出": 9, "第五": 2, "O华": 5, "​": 20, "首席": 3, "执行官": 3, "阿列克谢·科尔尼亚": 3, "当天": 3, "中国": 3, "国家": 3, "主席": 1, "习近平": 1, "为期": 1, "三": 1, "访问": 1, "期间": 2, "克里姆林宫": 1, "达成": 2, "粽": 1, "端午节": 2, "喜欢": 1, "凑热闹赏": 1, "民俗": 1, "小伙伴": 1, "节气": 1, "才": 2, "风俗": 2, "活动": 2, "找": 1, "转发": 3, "评论": 1, "条": 2, "告诉": 2, "广西": 1, "端午": 1, "机会": 1, "台": 1, "拥有": 1, "望远镜": 1, "般长": 1, "焦点": 1, "能力": 1, "P30手机": 1, "6月": 4, "10日": 1, "12:00": 1, "@": 5, "抽奖": 1, "平台": 1, "随机": 1, "抽出": 1, "名": 1, "幸运": 1, "粉丝": 1, "~": 1, "O抽奖": 2, "详情": 2, "孟晚舟": 11, "事件": 7, "声明": 17, "：": 15, "美国": 33, "提交": 8, "证据": 9, "材料": 4, "媒体": 9, "事务": 9, "副总裁": 9, "发": 5, "公司": 7, "发表": 2, "原文": 2, "早上": 2, "BenjaminHowes": 4, "现任": 2, "感谢": 3, "对此": 2, "案件": 9, "关注": 3, "代表": 2, "一个": 4, "简短": 2, "理解": 2, "立场": 2, "出于": 7, "司法": 4, "程序": 23, "尊重": 2, "稍后": 2, "回答": 2, "第一": 4, "孟": 49, "女士": 49, "指控": 11, "加拿大": 31, "法律": 8, "犯罪": 7, "引渡": 17, "申请": 4, "符合": 3, "引渡法": 2, "核心": 2, "原则": 2, "基于": 4, "违反": 4, "伊朗": 6, "实施": 2, "单边": 2, "金融": 6, "制裁": 4, "针对": 5, "银行": 10, "相关": 11, "交易": 2, "风险": 4, "导致": 2, "遭受": 4, "经济": 7, "利益": 2, "损失": 2, "释放": 3, "律师": 17, "1月份": 2, "动议": 4, "反驳": 2, "美方": 2, "欺诈罪": 2, "第二": 2, "政府": 2, "成立": 2, "证明": 3, "误导": 2, "机构": 2, "2013年": 2, "8月": 5, "香港": 3, "一家": 2, "外国": 2, "陈述": 4, "PPT": 2, "误导性": 2, "人员": 2, "情况": 3, "判断": 2, "依赖": 2, "Skycom": 4, "业务": 3, "运营": 2, "性质": 2, "关系": 2, "后续": 2, "听证会": 2, "中将": 2, "就此": 2, "进一步": 2, "第三": 2, "执法": 8, "滥用": 13, "宪法": 2, "权利": 8, "侵害": 5, "机场": 5, "被捕": 3, "合法": 5, "披": 3, "外衣": 3, "非法": 3, "搜集": 3, "迫害": 3, "9月": 5, "披露": 2, "获取": 2, "2018年": 2, "12月": 2, "1日": 2, "不公平": 2, "待遇": 2, "记录": 2, "打压": 6, "总统": 5, "言论": 5, "政治": 5, "因素": 5, "驱动": 5, "法治": 5, "以此": 5, "提请": 5, "法庭": 5, "为由": 5, "终止": 5, "支持": 2, "捍卫": 2, "权益": 2, "系统": 16, "公正": 2, "、": 9, "高效": 2, "审理": 2, "此案": 2, "作出": 2, "有利于": 2, "判决": 2, "谢谢": 2, "！": 25, "L": 3, "视频": 9, "秒拍": 2, "最新": 1, "回应": 3, "新款": 3, "操作": 7, "环球": 3, "时报": 3, "消息": 2, "测试": 3, "据悉": 3, "国内": 3, "市场": 6, "命为": 2, "鸿蒙": 3, "OS": 3, "海外": 3, "命名": 4, "方舟OS": 3, "8月份": 3, "9月份": 3, "忘掉": 1, "卖艺": 1, "为生": 1, "甲甲": 1, "记得": 1, "样子": 1, "图片": 1, "均": 1, "手机": 5, "拍摄": 1, "米奇": 1, "比心]O": 1, "网页": 1, "链接": 1, "时间": 1, "上午": 1, "9：30": 1, "法院": 2, "层面": 2, "讨论": 2, "国是": 2, "直通车": 5, "L国": 3, "缺德": 1, "想": 3, "？？？": 1, "BBC": 2, "纪录片": 2, "创始人": 1, "任正非": 8, "背后": 3, "男人": 1, "高考": 2, "日子": 1, "缺席": 1, "回想": 1, "那年": 1, "P30": 1, "俄": 4, "通信": 4, "消费者": 2, "新闻": 2, "商业": 2, "频道": 2, "CNBC": 2, "7日": 3, "O": 2, "​​​": 2, "5日": 1, "明年": 1, "世界": 1, "第八": 1, "电信": 3, "品牌": 3, "本土": 1, "用户数": 1, "6742万": 1, "亚美尼亚": 1, "白俄罗斯": 1, "印度": 1, "乌克兰": 1, "有人": 1, "讲": 1, "简单": 1, "明了": 1, "​华": 1, "崛起": 1, "发布": 3, "庭审": 1, "申明": 1, "来源": 1, "为啥": 1, "辣么": 1, "牛": 1, "员工": 1, "菏泽": 1, "拍": 3, "帅": 1, "郭": 2, "苹果": 1, "闹": 1, "哈哈哈哈哈": 1, "…………": 1, "福布斯": 1, "2019": 1, "全球": 1, "价值": 1, "100": 1, "全军": 1, "覆没": 1, "排名": 1, "第97": 1, "阿里": 1, "腾讯": 1, "都": 1, "上榜": 1, "终于": 2, "老美": 1, "眼中": 1, "地位": 2, "突发": 1, "案": 1, "凌晨": 1, "设备": 2, "威胁": 1, "没法": 2, "偷听": 2, "上帝": 1, "份": 1, "城市": 1, "夜拍": 1, "摄影": 1, "大赛": 1, "30": 1, "未来": 2, "影像": 1, "夜": 1, "黑": 1, "万物": 1, "色彩": 1, "随手": 1, "上海": 1, "去年": 1, "迪拜": 1, "哈利法塔": 1, "灯光": 1, "秀": 1, "炫酷": 1, "充满": 1, "感L": 1, "清南": 1, "师兄": 1, "人才": 2, "公园": 2, "无P": 1, "蓝": 1, "点赞": 1, "深圳": 2, "天气": 1, "·": 1, "深圳湾": 1, "官微": 1, "眼力": 1, "含义": 1, "极力": 1, "李嘉诚": 6, "送": 1, "170亿": 3, "订单": 2, "帮华": 1, "度过": 2, "难关": 3, "后悔": 2, "境况": 1, "越来越": 1, "比起": 1, "上个月": 1, "面临": 2, "多方": 1, "解约": 1, "显得": 1, "从容": 1, "实力": 2, "强劲": 1, "各方": 1, "朋友": 1, "更为": 1, "轻松": 1, "这次": 3, "谈到": 1, "此事": 1, "感动": 1, "放松": 1, "合作商": 1, "纷纷": 1, "回头": 1, "寻求": 1, "合作": 3, "头": 1, "回": 1, "拒绝": 1, "橄榄枝": 1, "一心一意": 1, "发展": 2, "永远": 1, "芯片": 1, "深知": 1, "正道": 1, "英国": 7, "签订": 1, "标志": 1, "算是": 2, "站稳": 1, "脚跟": 1, "购买": 1, "实际上": 2, "意料": 1, "之中": 1, "事情": 1, "态度": 1, "这不": 1, "偶然": 1, "签订单": 1, "ThreeUK": 1, "股东": 1, "身份": 1, "很": 1, "微妙": 1, "正是": 1, "首富": 1, "布局": 1, "拿下": 1, "好几": 1, "喜": 1, "单子": 1, "拱手相送": 1, "公开": 1, "不用": 1, "担心": 1, "如虎添翼": 1, "得知": 1, "推手": 1, "松": 1, "口气": 1, "直言": 1, "件": 1, "看法": 1, "路透社": 1, "Facebook": 2, "智能": 1, "预装": 1, "相当于": 1, "赠书": 2, "第118": 1, "期": 1, "开奖": 1, "持续": 1, "发酵": 1, "接受": 1, "央视": 1, "采访": 1, "热点": 1, "信心": 1, "决心": 1, "大国": 1, "抵制": 1, "前所未有": 1, "畏惧": 1, "自卑": 1, "自大": 1, "做好": 1, "股": 1, "魄力": 1, "挑战": 1, "渡过": 1, "苦难": 1, "英雄": 1, "精彩": 1, "语录": 1, "分享": 1, "领会": 1, "铁骨铮铮": 1, "精神": 1, "柒书": 1, "小屋": 1, "14日": 1, "抽": 1, "3": 1, "快讯": 1}