{"华为": 65, "：": 18, "鸿蒙": 35, "操作": 27, "系统": 44, "智能": 18, "手机": 40, "设计": 14, "董事": 8, "高级": 4, "副总裁": 4, "陈黎芳": 8, "周四": 4, "公司": 11, "打算": 5, "谷歌": 6, "安卓": 9, "正式": 4, "提交": 5, "商标": 7, "工业": 9, "用途": 7, "O华": 4, "全球": 7, "签署": 4, "50多": 4, "5G": 15, "商用": 4, "合约": 5, "5": 4, "销售": 3, "亿": 3, "台": 6, "​": 17, "中国": 20, "、": 6, "公共": 2, "政府": 3, "事务部": 2, "总裁": 2, "18日": 6, "布鲁塞尔": 3, "@": 12, "架构": 4, "领先": 4, "……": 2, "用于": 3, "新华社": 2, "50多5": 1, "G商": 1, "5月": 1, "售机": 1, "L老板": 1, "联播": 5, "秒拍": 9, "视频": 11, "倪光南": 6, "30岁": 5, "选择": 7, "创业": 4, "工程院": 3, "院士": 3, "7月": 5, "安徽": 3, "卫视": 3, "品格": 3, "节目": 3, "工程师": 2, "足够": 2, "创新": 3, "能力": 3, "一个": 7, "都": 10, "CEO": 2, "太": 7, "合适": 4, "CTO": 2, "O倪": 1, "光南": 1, "创业L": 1, "老板": 6, "并非": 3, "陈": 1, "黎芳": 1, "谈及": 2, "时延": 4, "低": 3, "毫秒级": 3, "亚毫": 3, "秒级": 3, "第二": 3, "采用": 2, "期待": 1, "千玺": 3, "nova星": 1, "朋友": 2, "青岛": 1, "玩儿": 1, "刚刚": 3, "发给": 1, "奥帆": 1, "中心": 1, "爸爸": 1, "真的": 4, "给力": 1, "易烊": 2, "太帅": 1, "TFBOYS": 1, "终端": 2, "官方": 1, "前天": 1, "一块": 1, "滑雪": 1, "拍照": 1, "搭档": 1, "玩": 2, "园子": 1, "刘": 1, "姥姥": 1, "满眼": 1, "不停": 1, "啊呀": 1, "好看": 2, "脸": 1, "茫然": 1, "拍": 3, "想": 4, "取入": 1, "镜头": 1, "雪山": 1, "创作": 2, "花海": 1, "沦陷": 1, "单反": 1, "定焦": 1, "区别": 1, "很": 3, "八": 1, "对比": 1, "色彩": 1, "一言难尽": 1, "啥样": 1, "拍出": 1, "啥色": 2, "做主": 1, "PT看图八": 1, "三角肌": 1, "终于": 1, "若隐若现": 1, "二头肌": 1, "早就": 1, "大笑": 1, "女人": 1, "审美": 1, "方式": 1, "秋千椅": 1, "股四": 1, "😂": 1, "瞬间": 1, "生活": 6, "模样": 1, "FIRST": 1, "青年": 1, "电影展": 1, "最佳": 1, "纪录片": 1, "导演": 1, "陆庆屹": 1, "P30": 1, "Pro": 1, "捕捉": 1, "发现": 2, "快用": 1, "影像": 2, "告诉": 1, "戳": 1, "评论区": 1, "作品": 1, "征集": 1, "活动": 4, "详情": 2, "发": 1, "分享": 1, "惊喜": 1, "未来": 3, "联播L": 2, "女生": 1, "追剧": 1, "样子": 1, "周末": 1, "出门": 1, "宅": 1, "家里": 1, "煲剧": 1, "热播": 2, "好剧": 2, "选项": 1, "转发": 1, "评论": 1, "补充": 1, "～": 1, "推出": 1, "收集": 1, "意见": 1, "转到": 1, "苹果": 4, "讲讲": 1, "原因": 1, "找": 1, "开发": 1, "很多": 2, "9日": 1, "任正非": 1, "心声": 1, "社区": 1, "谈到": 1, "自研": 2, "相关": 1, "信息": 1, "面向": 1, "诸如": 1, "无人": 1, "驾驶": 1, "物联网": 3, "自动": 1, "生产": 2, "有用": 1, "将来": 1, "走向": 2, "社会": 1, "想象": 1, "替代": 1, "互联网": 1, "芯片": 2, "软件": 2, "短板": 3, "APP": 1, "世界": 6, "第一": 3, "称": 1, "中兴": 2, "事件": 1, "程序": 1, "长板": 1, "发展": 1, "超前": 1, "新机": 1, "入网": 1, "浴霸": 1, "摄像头": 1, "下放": 1, "颜值": 1, "智能机": 1, "类似": 1, "跪员": 1, "白痴": 1, "东西": 2, "绝对化": 1, "互斥化": 1, "技术": 4, "EMUI": 2, "9.0": 1, "模块": 1, "；": 3, "方舟": 1, "编译器": 1, "EROFS": 1, "超级": 1, "文件": 1, "快": 1, "连接": 1, "思路": 1, "本质": 1, "9.1": 1, "含有": 1, "原生": 1, "混合": 1, "合作": 2, "共赢": 1, "子弹": 1, "飞一会": 1, "专治不服": 1, "天生": 1, "带": 2, "态度": 1, "！": 6, "2.7亿": 1, "策略": 1, "手": 1, "游": 1, "王国": 2, "纪元": 3, "携手": 1, "王": 3, "闪火": 1, "歌": 1, "Lords": 1, "热血": 1, "炸现": 1, "前往": 1, "dou~音": 2, "搜索": 1, "老子": 1, "参加": 1, "挑战赛": 1, "足金": 1, "金牌": 1, "P30Pro": 1, "大奖": 1, "转本": 1, "份": 1, "傲气": 1, "传递": 1, "更多": 1, "8/8": 1, "抽": 3, "1": 1, "送": 3, "P30Pro+": 1, "正版": 1, "手办": 1, "6": 1, "件": 2, "套": 4, "3": 1, "亲笔": 2, "签名": 2, "棒球帽": 1, "国纪元": 1, "官网": 1, "O网页": 1, "链接": 1, "抽奖": 1, "平台": 1, "L王国": 1, "O抽奖": 1, "高手": 1, "指点": 1, "Mate20Pro": 1, "刷": 1, "实拍": 2, "揭秘": 2, "欧洲": 3, "28": 1, "业务": 1, "1亿": 1, "去年": 1, "提前": 1, "50": 3, "数字": 1, "基站": 2, "L": 1, "项立": 1, "刚": 1, "通信业": 3, "30年": 1, "——": 1, "一无所有": 2, "提出": 2, "标准": 1, "立项": 1, "提": 1, "18": 4, "项": 2, "说起": 1, "满满": 1, "自豪感": 1, "30多": 1, "年前": 1, "只能": 1, "高价": 1, "买": 3, "外国": 1, "设备": 1, "本期": 1, "观学院": 1, "通信": 1, "行业": 1, "观察家": 1, "立刚": 1, "梳理": 1, "过程": 1, "企业": 2, "努力": 1, "背后": 1, "大国": 1, "博弈": 1, "为此": 1, "做出": 1, "贡献": 1, "关键": 1, "人物": 1, "L微": 1, "丢": 1, "PC": 2, "模式": 1, "爽": 1, "元": 2, "连接线": 1, "秒变": 1, "家庭": 1, "电脑": 2, "上网": 1, "办公": 1, "听歌": 1, "电影": 1, "全都": 1, "外接": 1, "硬盘": 1, "150": 1, "扩展": 1, "坞": 1, "接口": 1, "爱疯": 1, "+": 1, "Mac": 1, "20000": 1, "确实": 2, "难": 2, "6000多": 1, "一体": 1, "机拼": 1, "重量": 1, "性价比": 1, "和谐": 3, "颗": 1, "烟幕弹": 1, "欧盟": 1, "知识": 1, "产权局": 1, "申请": 2, "注册": 2, "Harmony": 1, "领域": 1, "才": 2, "外界": 1, "用来": 2, "取代": 1, "场景": 1, "基于": 1, "海外": 2, "名": 1, "ARK": 1, "不得不": 1, "佩服": 1, "保密": 1, "极致": 1, "放": 1, "烟雾弹": 1, "亮": 1, "底牌": 1, "富士康": 5, "当初": 2, "迎合": 1, "美国": 4, "讨好": 1, "对抗": 1, "如今": 3, "特朗普": 3, "40亿": 1, "美元": 1, "优惠": 1, "补贴": 1, "迟迟": 1, "账": 1, "转投": 1, "广达": 1, "恢复": 1, "元气": 1, "计划": 1, "自行": 1, "商品": 1, "市场": 3, "失利": 1, "耍": 1, "圈": 1, "再次": 1, "放眼": 1, "国内": 4, "美": 1, "巨头": 1, "占领": 1, "回": 1, "困难": 1, "背信弃义": 1, "翻身": 1, "外音": 1, "天真": 1, "这不": 1, "自找": 1, "花旗": 1, "报告": 3, "八成": 2, "消费者": 3, "显示": 1, "84%": 1, "受访": 1, "购买": 2, "倾向": 1, "国产": 1, "品牌": 1, "高达": 1, "80%": 1, "透露": 1, "O花旗": 1, "晨读": 1, "香江": 2, "①": 1, "百": 1, "本港": 1, "各界": 1, "人士": 1, "发起": 1, "守护": 2, "香港": 2, "系列": 1, "首场": 1, "明日": 1, "下午": 1, "5时": 1, "添马": 1, "公园": 1, "720": 1, "集会": 1, "②": 1, "全力": 1, "铺设": 1, "组网": 1, "年底": 1, "城市": 1, "建设": 1, "5万": 1, "③": 1, "人民法院": 1, "发布": 1, "公告": 1, "本月": 1, "20日": 1, "废止": 1, "现行": 1, "司法": 1, "解释": 1, "103": 1, "④": 1, "台媒": 1, "披露": 1, "当局": 1, "拟": 1, "海康": 1, "威视": 1, "三": 1, "大陆": 1, "科技": 3, "列为": 1, "台湾": 1, "公务": 1, "机关": 1, "禁止": 1, "采购": 1, "名单": 1, "⑤": 1, "非洲": 1, "国家": 1, "刚果": 1, "金": 1, "伊波拉": 1, "疫情": 1, "持续": 1, "爆发": 1, "录得": 1, "接近": 1, "1700": 1, "死亡": 1, "详戳": 1, "→": 1, "O【": 1, "晨讀": 1, "2019年": 1, "19日": 1, "重绘山": 4, "海经": 6, "致敬": 3, "小时候": 2, "这部": 1, "记述": 1, "古代": 2, "志怪": 1, "古籍": 1, "语文": 1, "课": 1, "神话": 1, "小说": 1, "形态各异": 1, "神兽": 2, "纸质": 1, "书籍": 1, "电子": 1, "载体": 1, "很少": 1, "这次": 1, "设计师": 3, "山海经": 1, "复原": 1, "据说": 1, "震旦": 2, "博物馆": 2, "馆藏": 1, "小伙伴们": 1, "文明": 1, "内容": 1, "表现": 1, "形式": 1, "L荣耀": 3, "智慧": 3, "荣耀": 3, "笔记本": 3, "重绘": 2, "山海经·异兽": 1, "卷": 2, "此次": 1, "发起人": 1, "殷": 1, "小静": 1, "注册山": 1, "触发": 1, "想法": 1, "倾力": 1, "支持": 1, "拼出": 1, "副": 1, "山水": 1, "异兽": 2, "画卷": 1, "传统": 1, "经典": 1, "燃不燃": 1, "排": 1, "屏幕": 1, "依次": 1, "亮起": 1, "画面": 1, "随运镜": 1, "拼接": 1, "幅": 1, "完整": 1, "实在": 1, "燃": 1, "整本山": 1, "浪漫": 1, "内涵": 1, "奇珍异兽": 1, "念出": 1, "名字": 1, "CPEPro": 1, "网络": 1, "连试": 1, "网速": 1, "大概": 1, "参众两院": 1, "议员": 1, "党": 1, "立法": 1, "名叫": 1, "捍卫": 1, "法案": 2, "未经": 1, "国会": 2, "批准": 1, "情况": 1, "美国商务部": 1, "实体名单": 1, "移除": 1, "授权": 1, "否决": 1, "试图": 1, "做生意": 1, "豁免": 1, "仿佛": 1, "明天": 2, "在家": 1, "好好": 1, "规划": 1, "十二": 1, "时辰": 1, "平板": 1, "M6": 1}