{"iPhone": 1, "降价": 1, "超": 1, "千": 2, "元": 2, "苹果": 1, "撑": 1, "不住": 1, "华为": 70, "走": 1, "海外": 1, "宣传曲": 1, "Delacey-DreamItPossible": 1, "居然": 1, "炫酷": 1, "！": 7, "惊艳": 1, "听": 1, "很": 2, "励志": 1, "震撼": 1, "心灵": 1, "！！L": 1, "娱乐圈": 1, "神评": 1, "秒拍": 9, "视频": 16, "​": 11, "照片": 1, "清晰": 2, "囊括": 2, "千玺": 5, "支": 1, "悄悄": 1, "告诉": 2, "~": 3, "@": 12, "TFBOYS": 4, "易烊": 5, "nova": 2, "4": 1, "L华": 2, "终端": 3, "官方": 3, "设限": 1, "才能": 2, "世界": 2, "nova4": 2, "发现": 1, "千变千玺": 2, "千玺L": 1, "中国": 49, "驻": 10, "波兰": 111, "大使馆": 9, "证实": 11, "：": 38, "被捕": 10, "公民": 47, "系华": 8, "员工": 39, "逮捕": 19, "1": 13, "名": 50, "11日": 16, "媒体": 9, "报道": 17, "抓捕": 8, "怀疑": 8, "间谍": 24, "活动": 21, "公司": 15, "回应": 24, "获悉": 10, "相关": 8, "信息": 8, "进一步": 8, "情况": 20, "对此": 8, "暂时": 8, "评论": 16, "使馆": 7, "第一时间": 4, "约见": 4, "外交部": 4, "波方": 5, "尽快": 5, "中方": 5, "事件": 16, "领事": 10, "通报": 5, "尽早": 5, "安排": 5, "探视": 5, "依法": 5, "公正": 5, "、": 15, "妥善": 4, "此事": 5, "切实": 4, "保障": 4, "当事人": 4, "合法": 4, "权益": 4, "人道主义": 4, "待遇": 4, "事务处": 6, "发言人": 3, "拘留": 3, "3": 3, "罪名": 3, "成立": 3, "面临": 3, "10年": 3, "监禁": 3, "环球网": 10, "疑似": 2, "指控": 11, "路透社": 4, "1月": 7, "援引": 6, "国家": 13, "通讯社": 5, "PAP": 5, "安全局": 6, "(": 9, "statesecurityagency": 4, ")": 9, "当地": 7, "时间": 5, "周五": 5, "公共": 5, "电视台": 6, "TVP": 4, "频道": 4, "称": 19, "副主管": 3, "瓦希克": 5, "MaciejWasik": 3, "透露": 5, "抓": 12, "身份": 3, "这位": 3, "中国人": 8, "一家": 4, "大型": 4, "电子": 5, "工作": 5, "商人": 3, "…": 3, "波兰人": 2, "网络": 2, "生意": 2, "圈子": 2, "知名度": 2, "雷军": 7, "谈": 4, "怒怼": 4, "荣耀": 5, "怼": 5, "五": 2, "都会": 2, "急": 5, "10日": 2, "红米": 3, "新品": 2, "发布会": 3, "友商": 6, "解释": 2, "小米": 6, "铁杆": 6, "粉丝": 6, "背": 3, "任正非": 4, "篇": 2, "讲话": 3, "国产": 4, "厂商": 4, "团结": 4, "一个": 4, "子品牌": 3, "诞生": 3, "5": 3, "品质": 2, "幕后": 4, "英雄": 6, "L老板": 1, "联播": 5, "戳": 1, "带": 1, "见证": 1, "商城": 1, "外媒": 7, "O外媒": 2, "那名": 1, "指": 1, "此人": 1, "办公室": 1, "搜查": 1, "老胡": 1, "纳闷": 1, "值得": 1, "偷": 1, "生产": 1, "产品": 1, "卖": 1, "秤约": 1, "公斤": 1, "10": 1, "块钱": 2, "论价": 1, "太": 2, "自作多情": 1, "商业": 1, "科技": 1, "寒碜": 1, "不好意思": 1, "弄急": 3, "接受": 1, "记者": 1, "采访": 1, "悠": 1, "本质": 1, "都": 2, "相安无事": 1, "枪口": 1, "抬高一尺": 1, "态度": 1, "真的": 1, "O雷军": 1, "暂": 8, "编辑部": 3, "刚刚": 2, "接到": 2, "全文": 2, "遵守": 8, "业务": 4, "所在国": 8, "法律": 8, "法规": 8, "合规": 4, "经营": 4, "O华": 3, "老板": 5, "联播L": 1, "O网页": 1, "链接": 1, "玉兔": 3, "二号": 2, "发": 2, "条": 1, "朋友圈": 2, "互拍": 1, "嫦娥": 2, "月球车": 1, "镜头": 1, "姐姐": 1, "美": 3, "戳图": 1, "↓↓↓": 1, "才": 1, "拍": 1, "华为人": 2, "O使馆": 1, "P20Pro": 2, "DxOMark": 1, "拍摄": 1, "手机": 1, "下半年": 1, "旗舰": 1, "Mate20Pro": 1, "对比": 1, "巅峰": 1, "对决": 1, "战况": 1, "感谢": 1, "支持": 1, "转发": 1, "关注": 3, "好友": 1, "抽": 1, "送出": 1, "价值": 1, "1099": 1, "索尼": 1, "WF-1000": 1, "X降": 1, "噪豆": 1, "无线": 1, "蓝牙": 1, "耳机": 1, "副": 1, "18日": 1, "开奖": 1, "快": 1, "试试": 1, "运气": 1, "抽奖": 1, "平台": 1, "LBingo": 1, "实验室": 1, "海外版": 1, "广告": 1, "周遭": 1, "环境": 1, "险恶": 1, "永远": 1, "L鲨鱼": 1, "电影": 1, "早些时候": 1, "随后": 2, "确系": 1, "高度": 2, "O": 2, "很多": 1, "来源": 1, "L搞机": 1, "少女": 1, "柳传志": 4, "5G": 4, "联想": 10, "卖国": 8, "决不": 2, "窝囊": 4, "企业": 6, "去年": 2, "5月": 2, "传闻": 2, "标准": 2, "投票": 2, "投": 4, "高通": 2, "指责": 2, "9日": 2, "再次": 2, "绝不": 2, "杨元庆": 2, "利益": 2, "背后": 2, "确实": 2, "势力": 2, "推动": 2, "名誉": 2, "危机": 2, "站": 2, "等于": 2, "梨": 2, "L": 2, "晚间": 1, "消息": 2, "针对": 1, "易": 1, "烊千": 1, "玺": 1, "nova星": 1, "2019": 1, "温柔": 1, "爱": 1, "依旧": 1, "锁定": 1, "帅哥": 1, "千玺​": 1, "社评": 2, "逻辑": 2, "讲": 2, "不通": 2, "名义": 1, "毕业": 1, "北京": 1, "外国语": 1, "大学": 1, "学波兰语": 1, "外交": 1, "机构": 2, "团队": 1, "开拓": 1, "市场": 1, "搜集": 1, "情报": 1, "放弃": 1, "外交官": 1, "保护": 1, "损害": 1, "顶级": 1, "跨国公司": 1, "双重": 1, "风险": 1, "多么": 1, "愚蠢": 1, "做出": 1, "选择": 1, "呼吁": 1, "当局": 1, "世人": 1, "展示": 1, "证据": 1, "华沙": 1, "事情": 1, "意味着": 1, "威胁": 1, "美国": 1, "迫害": 1, "经贸": 1, "纠纷": 1, "全世界": 1, "抓华": 1, "漩涡": 1, "案件": 1, "立刻": 1, "全球": 1, "舆论": 1, "英国": 1, "每日": 2, "邮报": 2, "男子": 1, "主管": 1}