{"中国": 32, "上市": 4, "公司": 13, "高峰": 4, "论坛": 8, "11月": 7, "开幕": 2, "抽": 1, "每经": 2, "锦鲤": 3, "送": 3, "价值": 3, "万元": 2, "礼包": 1, "每日": 5, "经济": 5, "新闻": 5, "主办": 1, "2019": 4, "第八": 3, "届": 3, "8日": 2, "成都": 1, "抽取": 1, "送上": 1, "份": 3, "大礼包": 2, "：": 18, "1": 6, "、": 35, "成果": 1, "华为": 66, "Mate30Pro": 1, "手机": 13, "3": 1, "WATCHGT1": 1, "4": 1, "Freebuds3": 1, "无线": 2, "耳机": 2, "5": 1, "东阿": 1, "阿胶·桃花姬": 1, "阿胶糕": 1, "6": 1, "优鲜": 1, "礼品卡": 1, "300": 1, "元": 12, "7": 1, "优酷": 2, "视频": 13, "年度": 1, "VIP": 1, "会员": 1, "关注": 1, "@": 3, "转发": 3, "本条": 1, "机会": 1, "开奖": 2, "！": 26, "报名": 2, "O公众": 1, "|": 1, "L每日": 1, "O抽奖": 2, "详情": 3, "感恩计": 2, "———": 1, "爱": 1, "陪伴": 1, "这次": 2, "阿油怒": 1, "砸": 1, "8000": 1, "大洋": 1, "装备": 1, "大奖": 1, "花": 1, "时间": 4, "亲手": 1, "很": 3, "喜欢": 3, "蛋黄酥": 1, "真的": 4, "超": 1, "好吃": 1, "！！": 1, "🉑": 1, "这是": 2, "期": 1, "vlog": 1, "持续": 1, "nova5": 1, "iProL": 1, "阿油": 1, "运营商": 7, "5G": 14, "套餐": 8, "出炉": 1, "直播": 2, "｜": 1, "见证5G": 2, "商用": 8, "启动": 4, "仪式": 4, "历史": 1, "时刻": 1, "亮点": 1, "10月": 4, "31日": 2, "上午": 1, "国际": 1, "信息": 3, "通信": 1, "展览会": 1, "工信部": 2, "三大": 2, "介绍": 1, "最新": 1, "动态": 1, "正式": 6, "公布": 2, "资费": 3, "Mate305G": 3, "1日": 2, "开售": 3, "看点": 1, "带": 2, "直击": 1, "时代": 2, "到来": 1, ".": 1, "西班牙": 13, "彻夜": 6, "排队": 11, "竟是": 1, "买": 2, "货": 5, "一家": 4, "主卖": 3, "品牌": 12, "商店": 3, "马德里": 5, "开店": 3, "开业": 5, "前夜": 3, "商场": 7, "人数": 3, "太": 4, "开启": 2, "领号": 2, "入店": 2, "包括": 4, "小米": 5, "大疆": 4, "在内": 1, "特产": 1, "出货": 1, "立马": 1, "抢购一空": 1, "保安": 1, "从来": 1, "累": 1, "都": 14, "想": 4, "老板": 1, "谈": 1, "加薪": 1, "国货": 6, "疯抢": 7, "遭疯": 3, "抢#": 1, "有人": 2, "依旧": 1, "人山人海": 2, "西班牙人": 5, "属华": 1, "市民": 1, "价格": 2, "实惠": 1, "质量": 1, "当天": 1, "店家": 1, "备货": 1, "导致": 1, "不少": 1, "败兴而归": 1, "老外": 3, "最爱": 2, "员工": 16, "加班": 7, "160": 4, "小时": 6, "指": 3, "划水": 5, "胡玲": 8, "瓜": 1, "服": 1, "还要": 1, "指责": 1, "工作": 2, "一个": 5, "良心hr": 1, "上报": 2, "现状": 1, "竟": 1, "逼": 1, "离职": 1, "关系": 2, "高级": 2, "专家": 2, "绩效": 2, "紧急": 2, "事件": 2, "研究": 2, "类似": 1, "免责": 1, "......": 2, "面试": 2, "​": 9, "4K": 1, "延时": 1, "摄影": 1, "作品": 1, "很多": 4, "朋友": 2, "分享": 2, "拍摄": 1, "方法": 1, "参考": 1, "L华": 1, "终端": 1, "11": 7, "输": 1, "黑": 2, "五": 2, "抢购": 2, "疯狂": 1, "场景": 1, "众所周知": 1, "万万": 1, "想到": 1, "威力": 1, "近期": 1, "对象": 2, "双11": 1, "平日": 1, "剁手族们": 2, "速卖通": 2, "Lazada": 2, "平台": 6, "购买": 2, "商品": 2, "抢": 2, "L": 2, "财经": 2, "春秋": 3, "秒拍": 3, "这几年": 1, "越来越": 2, "走进": 1, "生活": 2, "专卖": 1, "店": 1, "首都": 1, "吸引": 1, "智造": 1, "点赞": 1, "数据": 4, "赚": 1, "2亿": 3, "任正非": 4, "交接班": 2, "傀儡": 2, "30日": 2, "晚间": 1, "上海": 1, "清算": 1, "投资": 3, "控股": 3, "有限": 2, "2019年": 4, "三季度": 2, "合并": 1, "母公司": 2, "财报": 2, "报表": 2, "显示": 2, "净利润": 2, "535亿": 1, "人民币": 2, "去年": 3, "同期": 2, "440亿": 1, "同比": 2, "增长": 2, "21.59%": 1, "；": 2, "营收": 1, "6033亿": 1, "4865亿": 1, "24%": 1, "技术": 2, "有限公司": 1, "O": 1, "净赚": 1, "到底": 1, "香": 1, "出货量": 4, "暴涨": 3, "66%": 3, "iPhone11": 10, "直降": 4, "1600": 4, "近日": 1, "市场": 5, "Canalys": 1, "第一": 2, "凌晨": 1, "苹果": 4, "季度": 1, "电话": 1, "会议": 1, "库克": 2, "称": 5, "定价": 2, "策略": 2, "成功": 3, "刚刚": 1, "拼": 1, "多多": 1, "预热": 1, "再次": 1, "调整": 1, "新款": 1, "系列": 4, "售价": 4, "iPhone11Pro": 1, "iPhone11ProMax": 1, "券后": 1, "4899": 1, "7399": 1, "8099": 1, "大幅": 2, "打破": 2, "全网": 1, "最低": 1, "纪录": 2, "mate30": 1, "选": 2, "降价": 3, "幅度": 2, "今日": 1, "内部": 1, "网站": 1, "帖子": 3, "流出": 1, "自称": 2, "网友": 11, "实名制": 1, "发帖": 2, "基层": 1, "HR": 8, "情况": 2, "反而": 1, "打压": 1, "对此": 4, "鲜有人知": 1, "女儿": 2, "孟晚舟": 1, "26": 1, "岁": 10, "姚": 1, "安娜": 1, "AnnabelYao": 1, "女": 2, "出生": 1, "云南": 1, "昆明": 1, "哈佛": 1, "大学": 4, "本科": 1, "攻读": 1, "电脑": 1, "工程": 2, "统计": 1, "专业": 1, "创始人": 2, "兼": 2, "总裁": 2, "用品": 1, "电子": 2, "智能": 4, "产品": 2, "制造业": 1, "输出": 2, "文化": 4, "真实": 1, "感受": 1, "世界": 2, "影响": 1, "俄罗斯人": 1, "中国人": 1, "做生意": 1, "中国话": 1, "666": 1, "卢旺达人": 1, "努力": 1, "学习": 2, "贸易": 1, "菲律宾人": 1, "copy": 1, "蚂蚁": 1, "森林": 1, "希望": 2, "改善": 1, "国家": 2, "环境": 1, "甄嬛": 1, "传": 1, "泰国": 1, "电视台": 1, "轮播剧": 1, "……": 2, "竖起": 1, "大拇指": 1, "先进": 1, "经验": 1, "缩影": 1, "歪果": 1, "仁爱": 1, "爱上": 1, "雷军": 1, "深度": 1, "致敬": 1, "P30pro": 2, "拍照": 1, "做为": 1, "突破口": 1, "CC9pro": 1, "设计": 2, "镜头": 1, "排列": 1, "曲面水": 1, "滴屏": 1, "底部": 1, "平面": 1, "切割": 1, "壁纸": 1, "🙈​": 1, "揭露": 1, "丑陋": 1, "工科": 1, "光学": 1, "工程师": 1, "转岗入": 1, "2012": 2, "人力": 2, "资源部": 2, "活力": 1, "体验官": 1, "一心": 1, "兄弟": 3, "发声": 1, "表达": 1, "累死": 1, "办法": 1, "责任": 1, "兄弟们": 2, "保护": 2, "菊厂": 1, "狼性": 1, "运营": 1, "机制": 2, "缺乏": 1, "35": 7, "互联网": 7, "配卖": 2, "保险": 2, "法定": 1, "退休": 2, "年龄": 2, "60": 1, "一道": 2, "坎儿": 1, "跨": 2, "晋升": 1, "XX": 1, "喝西北风": 1, "危机": 2, "江湖": 1, "传闻": 1, "早": 2, "2017年": 1, "曝出": 1, "清理": 1, "34": 1, "交付": 1, "维护": 1, "风波": 1, "网传": 1, "天猫": 1, "蒋凡": 1, "尽快": 1, "P8": 1, "全员": 1, "周岁": 1, "以内": 1, "阿里": 11, "很快": 1, "对外": 1, "否认": 1, "现象": 1, "不住": 1, "网友们": 1, "纷纷": 2, "吐槽": 1, "毕竟": 1, "行业": 2, "中年": 1, "确实": 1, "来得": 1, "O35": 1, "坎": 1, "华为诺亚": 5, "阿里达摩院": 4, "录取": 2, "晒出": 2, "薪水": 4, "年终奖": 3, "眼红": 3, "职场": 1, "降薪": 1, "回": 1, "这位": 1, "研究生": 1, "毕业": 2, "收到": 1, "offer": 2, "方舟": 2, "部门": 3, "级别": 1, "15": 1, "机器": 2, "大概": 1, "算": 1, "年薪": 1, "10万": 1, "挺": 2, "不错": 3, "选择": 2, "诺亚": 1, "实验室": 2, "人工": 2, "重视": 1, "学历": 1, "基本上": 2, "难": 1, "差不多": 1, "算法": 1, "科学": 1, "未来": 2, "前景": 1, "清华": 7, "北大": 1, "笔者": 1, "简直": 1, "本来": 1, "低": 1, "加上": 1, "终奖": 1, "随便": 1, "好几十万": 1, "建议": 2, "前期": 1, "招": 1, "整体": 1, "待遇": 1, "猎头": 1, "没错": 1, "认可度": 1, "博士": 1, "结语": 1, "超纲": 1, "回答": 1, "综合": 1, "观点": 1, "达摩院": 1, "写": 1, "评论": 2, "mate305G": 1, "推出": 1, "起步": 1, "128": 1, "启用": 1, "旗舰": 1, "明日": 1, "SA/NSA": 1, "双模": 1, "优势": 1, "消费者": 2, "一步到位": 1, "尝鲜": 1, "意味着": 1, "大门": 1, "面向": 2, "敞开": 1, "话题": 1, "抽奖": 1, "抽出": 1, "+": 1, "FreeBuds3": 1, "11日": 1, "入驻": 3, "快手": 5, "老铁们": 1, "久等": 1, "十月": 1, "短": 1, "校友": 1, "CEO": 1, "宿华": 1, "母校": 1, "在线": 1, "call": 1, "记录": 2, "读书": 1, "体验": 1, "L清华": 1, "零": 1, "梦": 1, "第二": 1, "波": 1, "预售": 1, "3日": 1, "#O": 1, "今晚": 1, "7点": 1, "微淘": 1, "直播间": 1, "截送": 1, "3号": 2, "晚上": 3, "9点准": 1, "支付": 2, "定金": 3, "9点-0": 1, "限时": 1, "倍": 1, "机场": 1, "棉服": 2, "超级": 1, "大牌": 1, "搭配": 1, "本期": 1, "内搭": 1, "贴心": 1, "羽绒服": 2, "版本": 1, "四色": 1, "可选": 1, "充绒量": 1, "高达": 1, "450": 1, "90大": 1, "朵": 1, "梗白": 1, "鸭绒": 1, "简单": 1, "大方": 1, "冬天": 1, "衣橱": 1, "件": 1, "21点-24": 1, "胡": 1, "胡": 2, "电视剧": 1, "暗恋": 2, "橘生": 1, "淮南": 1, "哥哥": 1, "彩蛋": 2, "天天": 3, "笑": 1, "对视": 1, "秒": 1, "命": 1, "快": 1, "身体": 1, "抖": 1, "快播": 1, "胡一天": 1, "L小爪哇": 1, "荣耀": 4, "打算": 1, "款": 2, "麒麟": 3, "810": 1, "芯片": 3, "平板": 3, "厉害": 2, "干": 1, "翻华": 1, "990": 1, "抗衡": 1, "嘿嘿": 1, "刚才": 1, "说话": 1, "极速": 1, "5g": 1, "联通": 1, "香迟": 1, "临近": 1, "掀": 1, "波澜": 1, "日内": 1, "战略": 1, "Q3": 1, "份额": 1, "42%": 1, "官方": 1, "随后": 1, "拼多多": 1, "跳水": 1, "低价": 1, "真香": 1, "也许": 1, "迟到": 1, "从不": 1, "缺席": 1, "面对": 1, "心声": 4, "社区": 2, "炸": 1, "实名": 2, "控述": 1, "领导": 1, "诚信": 2, "发长帖": 1, "举报": 1, "导师": 3, "杨瑞峰": 1, "高雁": 1, "懒政": 1, "失职": 2, "细节": 1, "直指": 1, "政策": 1, "导向": 1, "企业": 1, "此帖": 1, "社交": 1, "引发": 1, "热议": 1, "脉脉": 1, "投票": 2, "77.5%": 1, "帖文": 2, "举例": 1, "健身房": 2, "锻炼": 2, "杨": 1, "考勤": 1, "造假": 3, "业务": 9, "HR们": 1, "好好": 1, "挖": 2, "挖出": 1, "苟同": 1, "研发": 1, "占用": 1, "休息": 1, "免费": 1, "钱": 1, "调休": 1, "难道": 1, "运动": 1, "建": 1, "自主": 1, "长帖": 1, "身为": 1, "呼吁": 1, "奉劝": 1, "搜到": 1, "知乎": 1, "名": 1, "用户": 2, "帖": 1, "三": 2, "86万": 1, "浏览量": 1, "昨天": 2, "鹅": 1, "发布": 3, "2020": 1, "片单": 1, "芒果": 1, "期待": 2, "掌中": 1, "物": 1, "余生": 1, "请": 1, "指教": 1, "新剧": 1, "冷": 1, "知识": 1, "自带": 1, "芒果TV": 1, "腾讯": 1, "内容": 1, "蛮": 1, "实用": 1, "挖孔屏": 1, "MatePadPro": 1, "曝光": 1, "奶奶": 1, "提+": 1, "后置": 1, "摄": 1, "屏下": 1, "指纹": 1, "孔屏": 1, "支持": 1, "磁吸手": 1, "写笔": 1, "预计": 1, "明年": 2, "年初": 1, "名字": 1, "iPadPro​": 1, "感谢": 1, "812": 1, "女人": 1, "hold": 1, "住": 1, "满满": 1, "自豪感": 1, "L财经": 1, "鲲鹏": 6, "CPU": 6, "核心": 5, "系统": 11, "替代": 1, "美国": 1, "英特尔": 2, "保障": 2, "我国": 2, "浙江": 3, "顺利": 1, "基于": 2, "处理器": 2, "大规模": 2, "服务器": 2, "运行": 2, "A机房": 1, "换成": 1, "泰山": 1, "内置": 1, "B机房": 1, "营业厅": 2, "采用": 1, "高斯": 1, "数据库": 1, "承载": 1, "据悉": 1, "订单": 1, "中心": 4, "客户": 2, "开通": 2, "计费": 2, "合作式": 1, "渠道": 1, "前台": 1, "涵盖": 1, "政企": 1, "家庭": 1, "各类": 1, "受理": 1, "服务": 1, "管理": 1, "出账": 1, "支撑": 1, "电信": 1}