{"紫禁城": 1, "笼罩": 1, "抬头": 1, "看天": 1, "头顶": 1, "蓝天": 1, "白云": 1, "云+": 1, "智能": 2, "=不凡": 1, "北京": 9, "5G": 6, "智慧": 1, "故宫": 1, "杰作": 1, "不凡": 7, "5月": 14, "10日": 3, "华为": 62, "城市": 2, "峰会": 3, "2019": 4, "一一": 1, "揭晓": 1, "疑惑": 1, "选择": 5, "本君": 1, "抽取": 2, "幸运儿": 1, "@": 11, "抽奖": 3, "平台": 3, "送出": 1, "HUAWEI": 1, "P30": 2, "标配": 3, "1": 4, "台": 2, "云上": 1, "坐": 1, "聊聊天": 1, "云学生": 1, "套餐": 1, "9": 1, "元": 2, "/": 1, "O网页": 2, "链接": 3, "24": 1, "岁": 2, "学生": 1, "认证": 1, "发布": 14, "四点": 11, "声明": 25, "：": 15, "期待": 7, "孟晚舟": 62, "女士": 76, "尽快": 7, "重获": 7, "自由": 15, "当地": 9, "时间": 17, "8日": 10, "上午": 9, "10时": 6, "加拿大": 77, "不列颠哥伦比亚": 7, "高等": 7, "法院": 10, "引渡": 39, "听证会": 20, "开庭": 12, "结束": 5, "公司": 13, "孟": 73, "清白": 9, "美国": 39, "下令": 7, "逮捕": 13, "非法": 18, "滥用": 11, "程序": 19, "背后": 10, "政治": 17, "因素": 13, "驱动": 9, "出于": 8, "法治": 11, "司法": 6, "体系": 5, "O": 6, "案": 4, "再次": 5, "深夜": 4, "时隔": 5, "出庭": 10, "凌晨": 7, "庭审": 7, "公开": 7, "露面": 2, "这次": 2, "接下来": 2, "时间表": 2, "做出": 4, "法庭": 25, "批准": 2, "搬到": 2, "Shaugnessy": 2, "居住": 2, "申请": 14, "9月": 10, "23日": 7, "10月": 5, "4日": 4, "期间": 2, "相关": 13, "资料": 2, "披露": 6, "法官": 4, "到庭": 2, "环球网": 2, "编辑部": 1, "收到": 1, "发来": 1, "全文": 2, "律师": 22, "三": 4, "事项": 6, "第一": 4, "针对": 9, "发起": 4, "刑事": 4, "案件": 8, "基于": 8, "不实": 4, "指控": 12, "指出": 10, "、": 26, "透明": 3, "银行": 6, "人员": 2, "情况": 4, "陈述": 4, "PPT": 2, "误导性": 2, "Skycom": 4, "伊朗": 10, "业务": 2, "运营": 2, "性质": 2, "关系": 2, "证据": 10, "证明": 3, "欺骗": 2, "诚实": 2, "正当": 2, "手段": 4, "面临": 6, "利益": 2, "剥夺": 2, "风险": 2, "第二": 4, "部门": 7, "FBI": 5, "参与": 5, "依据": 5, "权利": 14, "宪章": 7, "享有": 5, "侵犯": 5, "司法部": 8, "公布": 6, "拘捕": 2, "皇家": 12, "骑警": 12, "边境": 8, "服务局": 8, "FBI三": 2, "配合": 2, "故意": 4, "延迟": 4, "出示": 4, "拘捕令": 4, "例行": 4, "入境": 4, "检查": 4, "为名": 4, "实施": 5, "扣押": 12, "搜查": 7, "行李": 2, "指示": 2, "手机": 8, "电子": 2, "设备": 2, "强迫": 2, "交出": 2, "密码": 2, "关键": 3, "手中": 2, "后续": 5, "进一步": 4, "第三": 4, "违反": 4, "美加": 4, "条约": 4, "引渡法": 4, "核心": 4, "原则": 10, "—": 4, "双重": 8, "犯罪": 12, "制裁": 8, "金融": 4, "请求": 5, "过程": 3, "导致": 2, "公正": 2, "损害": 2, "合法": 4, "侵害": 2, "据此": 4, "停止": 2, "一个": 8, "尊重": 2, "国家": 2, "执法": 2, "机构": 2, "官员": 2, "都": 8, "遵守": 2, "所有人": 2, "包括": 3, "公民": 2, "到访者": 2, "一视同仁": 2, "赵建东": 1, "冬瓜侠": 1, "违法": 2, "温哥华": 10, "首席": 5, "财务官": 5, "引渡案": 3, "听证": 4, "团队": 6, "总统": 2, "特朗普": 2, "言论": 2, "这是": 3, "目的": 3, "就此": 2, "作出": 4, "裁决": 2, "控辩": 2, "～": 2, "25日": 2, "30日": 2, "发表": 5, "联邦": 3, "调查局": 3, "终止": 2, "央视": 2, "记者": 2, "张森": 1, "骗子": 1, "翻车": 1, "现场": 1, "！": 14, "马来西亚": 1, "68": 1, "法师": 1, "林": 1, "文华": 1, "法力无边": 1, "当众": 1, "表演": 3, "清蒸": 1, "30": 3, "分钟": 2, "悲剧": 1, "…L": 1, "猎奇": 1, "视频": 8, "​": 12, "四": 1, "详见": 1, "出席": 10, "回应": 3, "政府": 2, "中国": 9, "高管": 3, "份": 1, "提供": 1, "最新": 1, "提出": 3, "3": 3, "项": 1, "辩护": 2, "O重磅": 1, "西湖": 1, "断桥": 1, "钱塘": 1, "秋涛": 1, "墨客": 1, "英豪": 1, "......": 1, "杭州": 4, "魅力": 1, "远": 2, "不止": 2, "互联网": 2, "时代": 1, "硬": 1, "实力": 1, "谱写": 1, "传奇": 1, "云城市": 1, "走": 1, "探索": 1, "未来": 2, "观看": 1, "直播": 1, "关注": 4, "转发": 5, "抽": 3, "楼": 1, "可爱": 1, "送": 4, "HUAWEIP": 2, "坚信": 2, "无罪": 1, "商业": 2, "活动": 3, "副董事长": 3, "敲定": 1, "随后": 2, "本案": 1, "诉讼": 1, "新京报": 1, "L世面": 1, "秒拍": 3, "赠书": 1, "事件": 6, "绝非": 1, "个例": 1, "打击": 1, "对手": 1, "套路": 1, "全球": 4, "非议": 1, "法国": 1, "版": 1, "受害者": 1, "——": 2, "阿尔斯通": 2, "皮耶鲁齐": 2, "出狱": 1, "出版": 1, "陷阱": 1, "揭秘": 1, "长臂": 1, "管辖": 1, "海外": 1, "腐败法": 1, "肢解": 1, "500": 1, "惊人": 1, "内幕": 1, "一家": 1, "本质": 2, "本书": 1, "胜": 1, "千言": 1, "+": 1, "读书": 1, "日签": 1, "5": 1, "随机": 1, "20日": 1, "截止": 1, "天气": 1, "暖和": 1, "野": 1, "鸭子": 1, "飞走": 1, "飞来": 1, "鸟": 2, "很": 2, "建川": 1, "博物馆": 1, "环境": 1, "鸟类": 1, "肯定": 1, "劲拉": 1, "使劲": 1, "拉": 1, "……": 2, "效果": 1, "同学们": 1, "子鸟": 1, "这两天": 1, "众议院": 1, "台湾": 4, "保证法": 2, "涉台": 1, "法案": 2, "如今": 2, "时刻": 1, "有人": 1, "把手": 1, "砝码": 1, "归拢": 1, "南海": 1, "横行": 1, "海峡": 1, "穿越": 1, "议题": 1, "发酵": 1, "新鲜": 1, "老三样": 1, "解局": 1, "档口": 1, "节奏": 1, "搞": 3, "「": 1, "知乎": 3, "」": 1, "本条": 1, "知乎君": 2, "明天": 1, "送上": 1, "相约": 1, "感受": 1, "网页": 1, "称": 7, "美": 4, "新华社": 1, "深圳": 1, "9日": 1, "电": 1, "白瑜": 1, "拘押": 1, "保释": 2, "再度": 1, "成长": 1, "爱": 4, "陪伴": 1, "双向": 1, "告白": 1, "幸运": 1, "遇见": 1, "感谢": 1, "赋予": 1, "生命": 1, "母亲节": 1, "HDL": 3, "邀请": 2, "伴": 1, "见证": 1, "模样": 2, "有爱": 1, "科技": 3, "温度": 1, "远远": 1, "超乎": 1, "想象": 1, "河东": 1, "评论": 1, "条": 2, "荣耀": 1, "手环": 1, "4": 1, "美的": 1, "香薰灯": 1, "12日": 1, "晚上": 2, "9:00": 1, "开奖": 1, "L河东": 1, "款": 1, "意见": 1, "LadyGaga": 1, "确认": 1, "一年一度": 1, "顶级": 2, "SAP": 1, "蓝宝石": 1, "用户": 1, "大会": 1, "项目": 1, "三万多": 1, "企业": 2, "参加": 1, "中石油": 1, "中石化": 1, "联想": 1, "代表团": 1, "周四": 1, "9点": 2, "周五": 1, "据说": 1, "时长": 1, "90": 1, "影像": 2, "大赛": 2, "征稿": 1, "开启": 1, "戳": 1, "评论区": 2, "报名": 2, "分享": 2, "得意之作": 1, "世界": 1, "视界": 1, "L华": 2, "终端": 3, "官方": 3, "酷燃": 2, "喜欢": 1, "设计": 2, "朋友": 1, "瓜分": 1, "33万": 1, "美元": 4, "大奖": 1, "机会": 2, "靠近": 1, "DIGI": 1, "X华": 1, "主题": 1, "传送门": 1, "↓": 1, "L": 1, "想": 2, "危机": 2, "看似": 1, "危险": 1, "跌": 1, "400多": 1, "利空": 1, "一口气": 1, "齐": 1, "有利空": 1, "出尽": 1, "变利": 1, "产业": 1, "祸": 1, "福如": 1, "贸易": 1, "谈崩": 1, "受益": 2, "农业": 1, "消费": 1, "内需": 1, "芯片": 1, "集成": 1, "电路": 1, "国产": 1, "替代": 1, "黄金": 1, "军工": 1, "造船": 1, "激发": 1, "国内": 1, "加速": 1, "推进": 1, "外贸": 1, "受阻": 1, "基建": 1, "投资": 1, "有的是": 1, "反击": 1, "股市": 1, "崩盘": 1, "2000亿": 1, "就算": 1, "5000亿": 1, "商品": 1, "征收": 1, "25%": 1, "才": 2, "1250亿": 1, "人民币": 1, "8500亿": 1, "1.5亿": 1, "股民": 2, "不行": 1, "每人": 2, "众筹": 1, "5666": 1, "干": 1, "死丫": 1, "黄毛": 1, "(": 1, "^･ｪ･^": 1, ")": 1, "吸猫": 1, "神器": 1, "～快": 1, "双景": 1, "录像": 1, "主子": 1, "拍": 1, "新片": 1, "摄影": 1, "攻略": 1, "照片": 1, "均": 1, "iPhone": 1, "系列": 3, "小米": 1, "拍摄": 1, "作者": 1, "敏子": 1, "同学": 1, "Minz​": 1, "新闻": 1, "来到": 1, "院长": 1, "迫害": 1, "指使": 1, "绑架": 1, "法律": 1, "把戏": 1, "掩人耳目": 1, "自欺欺人": 1, "建议": 1, "加大": 1, "施压": 1, "力度": 1, "美帝": 1, "走狗": 1, "感到": 1, "疼": 1, "松口": 1, "当天": 1, "聆讯": 3, "指": 1, "基础": 3, "兼": 1, "8号": 3, "排期": 1, "拘留": 2, "动机": 1, "离开": 1, "寓所": 1, "神态": 1, "轻松": 1, "有说有笑": 1, "身穿": 1, "深灰色": 1, "连衣裙": 1, "保镖": 1, "陪同": 1, "驱车": 1, "前往": 1, "不列颠哥伦比亚省": 1, "寻求": 1, "中止": 1, "告知": 1, "审问": 1, "犯法": 1, "外国": 1, "23号": 1, "4号": 1, "审理": 2, "搬往": 1, "住宅": 1, "保安": 1, "凤凰": 1, "卫视": 1, "吴俊义": 1, "综合": 1, "报道": 1, "状态": 1, "不错": 1, "此次": 2, "2018年": 1, "12月": 1, "被捕": 1, "2019年": 2, "1月": 1, "正式": 1, "3月": 1, "延期": 1, "老板": 2, "联播L": 1, "联播": 1, "阻华": 1, "蓬佩奥": 4, "引铁": 1, "娘子": 3, "激将": 1, "英国": 6, "昨晚": 1, "国务卿": 1, "场": 2, "演讲": 1, "电信": 1, "制造商": 1, "含沙射影": 1, "纪念": 1, "首相": 1, "撒切尔": 1, "夫人": 1, "上台": 1, "执政": 1, "40": 1, "周年": 1, "铁": 2, "沉默": 1, "控制": 1, "比特": 1, "字节": 1, "bitsandbytes": 1, "分裂": 1, "西方": 1, "联盟": 2, "子弹": 1, "炸弹": 1, "bulletsandbombs": 1, "英": 2, "国都": 1, "确保": 2, "网络": 3, "道路": 1, "敏感": 1, "信息": 1, "技术": 1, "外泄": 1, "谈及": 1, "建设": 2, "暗示": 1, "有损": 1, "情报": 2, "安全性": 1, "削弱": 1, "值得": 1, "信赖": 1, "内": 1, "共享": 1, "能力": 1, "O为阻": 1, "用华": 1, "祭出": 1}