{"年初三": 1, "喜气洋洋": 2, "华为": 91, "Mate20": 1, "Pro馥": 1, "蕾红": 1, "拜年": 3, "祝": 2, "都": 12, "摘得": 1, "红": 2, "当头": 2, "！": 9, "💪O": 1, "网页": 2, "链接": 3, "​": 16, "意大利": 15, "经发部": 8, "：": 26, "禁止": 15, "中兴": 15, "参与": 10, "建设": 18, "5G": 42, "网络": 22, "经济": 7, "发展部": 6, "回应": 5, "LaStampa": 6, "日报": 4, "周四": 4, "篇": 4, "报道": 10, "称": 11, "通讯": 6, "中国": 13, "企业": 12, "该国": 5, "过程": 5, "发挥": 6, "作用": 5, "O意大利": 4, "人工": 3, "智能": 6, "到底": 1, "任正非": 21, "计算机": 3, "统计学": 4, "日前": 1, "创始人": 1, "专访": 3, "节目": 1, "课": 1, "、": 14, "审计学": 1, "大数据": 2, "时代": 4, "统计": 1, "..": 1, "L见闻": 1, "企业家": 1, "秒拍": 3, "视频": 7, "评": 1, "美国": 28, "这次": 3, "伎俩": 1, "重演": 1, "身上": 1, "值得": 1, "警惕": 1, "转文": 1, "法国": 12, "阿尔斯通": 8, "高管": 2, "皮耶鲁齐": 6, "书": 3, "陷阱": 1, "2013年": 1, "出差": 1, "抓": 1, "司法部": 6, "指控": 1, "印尼": 6, "投资案": 1, "行贿": 3, "当地": 4, "政府": 9, "逼": 1, "认罪": 2, "死刑犯": 1, "关在": 1, "200多": 1, "太阳": 1, "折腾": 1, "受不了": 1, "搞": 3, "懂": 2, "就算": 2, "真的": 3, "关系": 2, "发现": 4, "通用": 4, "电气": 2, "竞争": 4, "对手": 2, "埃及": 1, "沙特": 2, "台湾": 2, "大陆": 1, "抢走": 1, "订单": 3, "暗中": 1, "雇佣": 1, "庞大": 1, "律师团": 1, "包含": 1, "官员": 7, "列出": 1, "名单": 2, "最终": 3, "调查": 2, "巴哈马": 1, "贿赂": 1, "7500W": 1, "拿到": 1, "40亿": 1, "美金": 2, "判": 1, "行贿罪": 1, "正当": 1, "至今": 1, "起诉": 1, "赔偿": 1, "一大堆": 1, "律师": 2, "勾结": 1, "很多": 7, "公司": 11, "打击": 1, "赚取": 1, "巨额": 2, "律师费": 1, "法律": 2, "详细": 1, "条款": 2, "条文": 2, "很": 6, "笼统": 1, "一个": 6, "做出": 3, "方向": 1, "解读": 1, "旷日持久": 1, "官司": 1, "花掉": 1, "亿": 1, "现金流": 1, "拿去": 1, "打官司": 1, "业务": 1, "停止": 1, "不得不": 1, "出卖": 1, "德国": 3, "西门子": 1, "日本": 2, "三菱": 1, "收购": 4, "意向": 1, "名": 2, "开出": 1, "罚款": 3, "资产": 1, "缴纳": 1, "放弃": 1, "电器": 1, "和解": 1, "总统": 2, "马克龙": 3, "2015年": 1, "部长": 1, "件": 2, "事情": 4, "阴谋": 1, "议员": 1, "国会": 2, "质询": 1, "秋天": 1, "放": 1, "讲": 4, "罪名": 1, "不厚道": 1, "公开": 1, "案子": 1, "人民": 2, "才": 1, "听证会": 1, "黄": 2, "背心": 2, "爆发": 1, "唆使": 1, "转移": 1, "注意力": 1, "后任": 1, "颜色": 1, "此事": 1, "好看": 1, "身价": 1, "超过": 2, "200亿": 1, "保镖": 1, "前簇": 1, "后拥": 1, "出门": 1, "拎": 1, "包": 1, "吃饭": 5, "简简单单": 1, "低调": 1, "打造": 1, "最牛": 1, "—": 2, "害怕": 3, "科技": 4, "崛起": 3, "外媒": 2, "赴": 2, "欧洲": 11, "游说": 2, "抵制": 2, "法新社": 3, "外交官": 1, "2月": 2, "5日": 1, "四处": 1, "活动": 1, "警告": 6, "电信": 5, "巨头": 4, "第五": 1, "通信": 2, "技术": 7, "风险": 3, "这位": 1, "欧盟": 3, "比利时": 1, "会晤": 1, "同事们": 1, "前往": 1, "西班牙": 1, "国家": 3, "担忧": 1, "委员会": 1, "透露": 1, "姓名": 1, "发言人": 1, "计划": 1, "制定": 1, "进一步": 1, "应对": 1, "O害怕": 1, "面部": 1, "识别": 1, "成功率": 1, "大概": 1, "苹果": 5, "一半": 1, "指纹": 1, "感应区": 1, "屏幕": 1, "窄": 1, "握持": 1, "感好": 1, "打字": 1, "压感": 1, "出国": 1, "优胜": 1, "天际通": 1, "太": 4, "便宜": 1, "速度": 1, "快": 3, "此前": 2, "项目": 3, "●": 1, "推荐": 1, "央视": 3, "＆": 1, "深圳": 9, "春晚": 2, "主持人": 1, "大国": 1, "实业": 1, "脊梁": 1, "城市": 1, "兴盛": 1, "助力": 1, "30年": 1, "诞生": 1, "不起眼": 1, "全球": 8, "手机": 10, "领导者": 1, "说出": 1, "名字": 3, "…": 2, "优秀": 1, "民营": 1, "代表": 1, "余承东": 1, "比亚迪": 2, "王": 2, "传福": 1, "讲述": 1, "故事": 1, "L建华": 2, "Wei业": 2, "nova4": 2, "蜜语": 1, "小金": 1, "猪": 2, "红红火火": 2, "红运": 1, "关注": 2, "+": 2, "带": 1, "话题": 1, "转评": 2, "聊聊": 1, "新年": 2, "快乐": 1, "____": 1, "@": 5, "抽奖": 2, "平台": 2, "随机": 1, "抽": 1, "送": 1, "运动": 1, "手环": 1, "西方": 1, "封锁": 1, "只能": 1, "买": 2, "产品": 1, "东西": 2, "全世界": 2, "微波": 2, "欧美": 1, "支持": 4, "女": 1, "孟晚舟": 2, "L": 2, "全程": 1, "接受": 2, "首次": 1, "未": 1, "改革": 1, "开放": 1, "杰出": 1, "贡献": 1, "人物": 1, "请": 5, "下属": 4, "总裁": 3, "会议": 2, "并列": 1, "举出": 1, "反复": 1, "铁军": 1, "领袖": 1, "自古以来": 1, "关爱": 1, "霍去病": 1, "倾酒": 1, "入泉": 1, "起码": 1, "团队": 1, "角度": 1, "道理": 1, "转给": 1, "老板": 7, "→O": 1, "快​": 1, "昨天": 1, "大年初二": 3, "74": 2, "岁": 2, "看望": 7, "春节": 2, "奋战": 1, "一线": 4, "值班": 3, "员工": 14, "18万": 2, "本人": 2, "握手": 4, "过年": 4, "激动": 2, "始终": 1, "面带微笑": 1, "精神": 1, "态度": 2, "理性": 1, "研究所": 1, "拉": 1, "就业": 1, "采购": 1, "澳洲": 1, "仆从国": 1, "歇斯底里": 1, "无中生有": 1, "绝大多数": 1, "就事论事": 1, "媒体": 2, "电邮": 1, "声明": 1, "优先": 1, "事项": 1, "并未": 2, "评估": 1, "形势": 2, "举措": 1, "易": 1, "烊千玺": 1, "易烊": 9, "千玺": 1, "同学": 3, "新岁": 1, "千": 12, "喜": 1, "诸事": 1, "顺易": 1, "★": 3, "未来": 2, "可期": 1, "百炼成钢": 1, "情诗": 1, "温暖": 2, "孑然": 1, "深夜": 1, "颂读": 1, "TFBOYS": 1, "千玺cr": 1, "侵删": 1, "Lcccindy1221": 1, "玺": 11, "少年": 2, "粉丝": 1, "中戏": 4, "烊": 3, "第一": 4, "四": 1, "字": 1, "弟弟": 1, "nova易烊": 1, "野兽派": 1, "阿迪易烊": 1, "天猫": 1, "爸爸": 1, "千玺沙": 1, "宣易": 1, "BottegaVenetayyqxsndnyyqx帅yyqx": 1, "可爱": 1, "yy": 6, "qx": 8, "yq": 2, "x纪": 1, "梵希yyq": 1, "x天猫y": 1, "x华为yyqx": 1, "歌": 3, "舒适圈yy": 1, "舞蹈": 1, "短发yy": 1, "发型": 1, "封面": 1, "总部": 9, "搬到": 4, "腾讯": 2, "平安": 1, "万科": 2, "本土": 1, "越来越": 1, "恒大": 2, "集团": 1, "百度": 2, "华南": 1, "国际": 2, "阿里": 3, "云计算": 1, "有意思": 1, "毗邻": 2, "这是": 1, "高下": 1, "O": 2, "不用": 4, "进退维谷": 3, "彭博社": 2, "份": 2, "内部": 2, "文件": 2, "弃用": 2, "设备": 12, "落后": 4, "美": 3, "多达": 2, "希望": 2, "最迟": 2, "明年": 2, "启用": 2, "排斥": 2, "难": 2, "目标": 2, "O用": 2, "进退维": 1, "谷​": 1, "大年初三": 1, "锦鲤": 1, "护体": 1, "顺利": 1, "HUAWEIHiAI": 1, "Engine": 1, "30": 2, "智慧": 1, "能力": 1, "场景": 1, "覆盖": 1, "AI神": 1, "助攻": 1, "整年": 1, "欢欢喜喜": 1, "开发者": 1, "联盟": 2, "抽送": 1, "蓝牙": 1, "耳": 1, "副": 1, "闭环": 1, "威力": 1, "即将": 2, "实力": 1, "拼": 1, "高通": 3, "担心": 1, "领先": 2, "指使": 1, "加拿大": 1, "非法": 1, "扣押": 1, "CFO": 1, "联合": 1, "五": 2, "眼": 1, "手段": 1, "意图": 1, "发展": 2, "所幸": 1, "核心": 1, "研发": 4, "努力": 2, "十多": 1, "具备": 1, "优势": 1, "在于": 1, "厂商": 2, "终端": 2, "制造商": 1, "涵盖": 1, "芯片": 2, "制造": 1, "生产": 1, "完整": 1, "生产链": 2, "消费者": 1, "用华": 1, "登陆": 1, "上5G": 1, "封闭": 1, "成熟": 1, "体现": 2, "标准": 1, "工程": 1, "售后服务": 1, "一整套": 1, "解决": 1, "方案": 1, "合作": 2, "伙伴": 1, "高度": 2, "认可": 1, "截止": 1, "商用": 1, "合同": 1, "累计": 1, "发出": 4, "2.5万": 1, "基站": 1, "稳居": 1, "国内": 1, "测试": 1, "峰值": 1, "13.4": 1, "Gbps": 1, "Balong5000": 1, "发布": 3, "2月份": 1, "首款": 1, "折叠": 1, "期待": 1, "告别": 2, "黄金": 2, "相比于": 1, "vivo": 1, "OPPO": 1, "创新": 1, "起步": 1, "晚": 1, "旗舰机": 1, "节奏": 1, "接下来": 1, "2019年": 1, "不容有失": 1, "掉落": 1, "梯队": 1, "并非": 1, "危言耸听": 1, "榜单": 1, "小米": 2, "5月": 1, "3日": 1, "递交": 1, "招股书": 1, "显示": 2, "专利": 2, "储备": 1, "1.6万": 1, "项": 4, "50%": 1, "内容": 1, "海外": 1, "授权": 2, "微软": 1, "诺基亚": 3, "签订": 1, "交叉": 1, "协议": 1, "算入": 1, "三星": 1, "出货量": 1, "变脸": 1, "回到": 1, "农村": 1, "老家": 1, "身边": 1, "亲戚": 1, "最多": 1, "1.": 1, ".": 2, "3.OPPO": 1, "4.": 1, "vivo6": 1, "7.": 1, "人生如梦": 1, "梦想": 1, "喜剧": 1, "如梦": 1, "鄂靖文": 1, "Vin": 1, "喊": 1, "商城": 2, "装备": 1, "全新": 1, "启程": 1, "活成": 1, "人生": 1, "主角": 1, "L华": 1, "毕业": 1, "尖子": 1, "年后": 1, "中层": 1, "这两年": 1, "东莞": 1, "松山湖": 1, "拖家带口": 1, "老婆": 1, "刚": 1, "胎": 1, "干脆": 1, "辞职": 1, "创业": 2, "想": 2, "劝": 1, "行业": 1, "谨慎": 1, "发廊": 3, "小时候": 1, "喜欢": 1, "长大": 1, "工作": 1, "可惜": 1, "耽误": 1, "多年": 1, "家长": 1, "模式": 1, "管控": 1, "孩子": 1, "听话": 1, "娃": 1, "控制": 1, "上网": 1, "游戏": 1, "梦": 3, "不错": 1, "原本": 1, "年度": 1, "主题曲": 1, "张靓颖": 4, "原唱": 1, "中文版": 1, "英文版": 1, "dreamitpossible": 1, "首发": 1, "mate8": 1, "发布会": 1, "想到": 1, "竟然": 1, "经典": 1, "适合": 2, "唱": 3, "配": 1, "唱片": 1, "调侃": 1, "大伙": 1, "献唱": 1, "场面": 1, "安排": 1, "劲爆": 1, "吊威亚": 1, "吊": 2, "一下子": 1, "70": 1, "米": 1, "正常人": 1, "反正": 2, "听": 1, "腿": 2, "软": 1, "手软": 1, "克服": 1, "胶": 1, "话筒": 1, "粘": 1, "手心": 1, "算是": 1, "飞": 2, "卫视": 1, "O网页": 1, "援引": 1, "专家": 1, "质量": 1, "瑞典": 1, "竞争者": 1, "爱立信": 2, "半年": 1, "据称": 1, "排名": 1, "第二": 1, "供应商": 1, "——": 1, "芬兰": 1, "消息源": 1, "独自": 1, "面对": 1, "参议院": 5, "否决": 3, "旨在": 2, "检查": 2, "立法": 2, "提案": 5, "朋友": 1, "客观": 1, "清清": 1, "白白": 1, "先进": 1, "贼喊捉贼": 1, "建议": 1, "斯诺登": 2, "回忆": 1, "偷听": 1, "路透社": 1, "7日": 1, "周三": 1, "一刻": 1, "公司法": 1, "补充": 1, "运营商": 1, "间谍": 1, "破坏": 1, "敏感": 1, "正式": 1, "批准": 1, "意味着": 1, "加到": 1, "法案": 1, "寻求": 1, "实施": 1, "推迟": 1, "O美": 1, "别人家": 1, "农历": 1, "全国": 1, "现年": 1, "周岁": 1, "袭": 1, "白": 1, "衬衣": 1, "亮相": 1, "合影": 2, "留念": 1, "2018年": 1, "多事之秋": 1, "面临": 1, "空前": 1, "压力": 1, "打破": 1, "惯例": 1, "破天荒": 1, "海内外": 1, "采访": 1, "发表": 1, "看法": 1, "正是": 1, "无出其右": 1, "号召力": 1, "地位": 1, "战略": 2, "意义": 1, "牢牢": 1, "把握": 1, "航向": 1, "无疑": 1, "地气": 1, "七十": 1, "高龄": 1, "现身": 1, "非洲": 1, "事实上": 1, "确实": 1, "时常": 1, "到处": 1, "视察": 1, "此次": 1, "倍": 1, "感": 1, "倍感": 1, "荣幸": 1, "漫谈": 1}