{"华为": 105, "发布": 14, "全球": 13, "快": 11, "人工": 4, "智能": 6, "平台": 4, "点赞": 2, "！": 26, "计算": 16, "速度": 4, "Atlas900": 8, "联接": 7, "大会": 14, "正式": 4, "atlas900": 2, "1024": 3, "块": 2, "昇腾": 4, "910": 3, "芯片": 4, "总算力": 2, "相当于": 4, "50万": 2, "台": 2, "电脑": 2, "能力": 8, "提升": 5, "天文": 3, "探索": 3, "、": 34, "气象": 2, "预测": 2, "自动": 2, "驾驶": 2, "石油": 3, "勘探": 3, "领域": 3, "效率": 3, "央视": 4, "记者": 3, "张伟": 1, "​": 14, "直播": 5, "场": 1, "硬核": 1, "放": 1, "大招": 1, "9月": 12, "18日": 7, "20日": 5, "2019": 5, "上海": 3, "世博": 2, "会展": 1, "中心": 1, "展览馆": 1, "举办": 1, "首场": 1, "主题": 1, "演讲": 2, "聚焦": 1, "战略": 4, "重磅": 4, "产品": 8, "推出": 2, "新闻": 2, ".": 2, "警方": 3, "通报": 4, "涠洲岛": 8, "失联": 6, "女孩": 1, "遗体": 3, "找到": 2, "：": 22, "北海市": 7, "海边": 4, "发现": 12, "调查": 8, "未": 9, "参与": 9, "传销": 8, "违法": 7, "犯罪": 7, "@": 6, "广西": 3, "公安局": 3, "①": 2, "群众": 6, "2日": 3, "蓝桥": 3, "捡到": 3, "手机": 16, "17日": 4, "交给": 4, "公安": 6, "机关": 6, "经查": 2, "龙某乐": 6, "；": 6, "②": 2, "11日": 3, "16时": 3, "48分许": 3, "报警": 3, "称": 9, "尸体": 3, "DNA": 3, "比对": 3, "确系": 3, "龙某": 3, "乐尸体": 3, "③": 2, "何某": 3, "宇": 3, "女": 2, "教师": 1, "一手": 2, "VideoL": 1, "video": 1, "秒拍": 2, "视频": 15, "第二": 3, "支": 2, "Vlog": 1, "终于": 1, "见面": 2, "回答": 1, "网友们": 1, "感": 1, "兴趣": 1, "实在": 1, "办法": 1, "只用": 3, "三": 4, "词": 1, "概括": 1, "Mate30": 23, "L余": 2, "承东": 2, "iPhone11": 2, "主动": 1, "禁用": 1, "双向": 3, "无线": 8, "充电": 5, "苹果": 8, "P30Pro": 2, "三星": 3, "GalaxyS10": 1, "拥有": 3, "功能": 9, "想要": 1, "副": 4, "董事长": 5, "回应": 4, "状态": 7, "确实": 2, "不错": 6, "秋高气": 2, "爽云": 2, "淡风": 2, "轻": 1, "☁️": 1, "副董事长": 5, "胡厚崑": 7, "半年": 5, "顶": 3, "压力": 5, "走来": 2, "天气": 2, "秋高气爽": 4, "云淡风轻": 6, "支持": 4, "从容": 3, "淡定": 3, "定力": 2, "前行": 2, "动力": 2, "L": 1, "老板": 2, "联播": 2, "放大招": 1, "刚刚": 1, "款": 6, "第一": 3, "↓": 1, "全世界": 1, "合作": 1, "伙伴": 1, "重量级": 2, "——": 3, "训练": 6, "AI集群": 1, "颗": 2, "介绍": 1, "衡量": 2, "AI": 5, "金": 2, "标准": 2, "ResNet-50": 2, "模型": 2, "59.8": 2, "秒": 5, "世界": 5, "纪录": 1, "10": 3, "短跑": 2, "冠军": 2, "跑完": 2, "终点": 2, "喝完": 2, "瓶": 2, "水": 3, "才": 2, "等到": 2, "名": 6, "胡": 2, "厚崑": 2, "强大": 1, "算力": 1, "科学": 1, "研究": 1, "商业": 1, "创新": 1, "都": 8, "庞大": 1, "数据": 1, "花费": 1, "好几": 1, "工作": 2, "秒钟": 1, "事情": 1, "投入": 2, "首次": 3, "开启": 1, "产业": 3, "航海": 1, "时代": 1, "升级": 2, "沃土": 2, "计划": 1, "15亿": 1, "美元": 3, "开发者": 1, "规模": 1, "500万": 1, "L央视": 1, "财经": 1, "酷燃": 1, "Rethinkpossibilities": 2, "24": 1, "小时": 1, "期待": 3, "整点": 1, "播【": 1, "每经": 1, "15点丨": 3, "丰田": 7, "中国": 6, "召回": 6, "雷克萨斯": 5, "45万": 5, "辆": 7, "车": 7, "气囊": 6, "隐患": 5, "第六": 3, "届": 3, "互联网": 4, "10月": 3, "22日": 3, "浙江": 3, "乌镇": 3, "中外": 3, "企业": 3, "参加": 3, "1": 3, "新京报": 1, "公司": 1, "威驰": 1, "花冠": 1, "逾": 1, "44万": 1, "装配": 1, "高田": 1, "生产": 2, "未带": 1, "干燥剂": 1, "硝酸铵": 1, "气体": 2, "发生器": 2, "展开": 2, "发生": 1, "异常": 1, "破损": 1, "导致": 2, "碎片": 1, "飞出": 1, "伤及": 1, "车内": 1, "人员": 1, "1万多": 1, "供应商": 1, "作业员": 1, "不当": 1, "正确": 1, "充填点": 1, "爆火药": 1, "情况": 1, "空气囊": 2, "车辆": 1, "免费": 1, "更换": 1, "合格": 1, "摘": 1, "罩": 1, "香港": 2, "暴徒": 2, "名单": 2, "近日": 1, "网友": 1, "制作": 1, "一个": 2, "名叫": 1, "解密": 1, "网站": 2, "罗列": 1, "乱": 2, "港": 2, "分子": 1, "港独": 4, "分成": 1, "毒果": 1, "头目": 1, "三类": 1, "姓氏": 1, "排列": 1, "丑恶": 1, "嘴脸": 1, "摘下": 1, "面罩": 1, "3": 1, "O每经": 2, "小屏": 1, "大屏": 1, "掌上": 1, "眼前": 1, "智慧": 2, "跨屏": 2, "打破": 1, "空间": 1, "界限": 1, "放大": 1, "屏": 1, "明天": 4, "玩法": 2, "脑洞": 1, "猜想": 1, "女子": 1, "确认": 1, "身亡": 1, "人均": 1, "游客": 3, "接连": 1, "北海": 1, "警情": 1, "凌晨": 1, "洲岛": 1, "后于": 1, "提醒": 1, "编造": 1, "散布": 1, "谣言": 1, "制造": 1, "恐慌": 1, "追查": 1, "到底": 2, "绝不": 1, "姑息": 1, "希望": 1, "网民": 1, "自觉": 1, "遵守": 1, "法律": 1, "法规": 1, "造谣": 1, "传谣": 1, "信谣": 1, "润洲岛": 1, "旅游区": 1, "办事处": 1, "2019年": 1, "云业务": 1, "总裁": 3, "郑叶来": 1, "Cloud&AI": 1, "服务": 1, "侯金龙": 1, "业务部": 1, "马海旭": 1, "业界": 3, "诸多": 1, "大佬": 1, "纷纷": 1, "亮相": 4, "上午": 1, "分享": 1, "全栈": 1, "全场": 1, "景AI": 1, "进展": 3, "新浪": 1, "科技": 1, "系列": 21, "隔空": 7, "操控": 5, "概念": 4, "明白": 2, "很": 1, "实用": 1, "未来": 1, "操控感": 1, "mate30": 1, "L建华": 1, "Wei业": 1, "O华": 3, "轻L": 1, "迪仔": 1, "出息": 1, "邀请": 1, "体验": 3, "新机": 3, "iPhone11ProMax": 2, "对比": 1, "浴霸": 1, "摄": 2, "操作": 5, "玩": 2, "拍": 1, "这次": 1, "好野": 1, "带": 2, "硬刚": 1, "同意": 1, "拍到": 1, "素材": 1, "hhh": 1, "罗森": 1, "敏哥": 1, "剪": 1, "这两天": 1, "很快": 2, "发出": 1, "～": 1, "开心": 1, "现场": 2, "碰到": 1, "你好": 1, "竹子": 1, "cbvivi": 1, "老师": 1, "趟": 1, "意义": 1, "白来": 1, "QA": 1, "Q": 1, "近期": 2, "引发": 1, "关注": 2, "小米": 1, "红米": 1, "运动": 1, "海威特": 1, "蓝牙": 2, "耳机": 2, "💯券": 1, "平仑": 1, "噢": 1, ">>": 3, ">": 2, "推荐": 1, "冷静": 1, "理智": 1, "清醒": 1, "静气": 3, "与生俱来": 1, "历练": 1, "积累": 2, "静以修身": 1, "宁静": 1, "无以致远": 1, "每临": 1, "大事": 1, "才能": 2, "处变不惊": 1, "运筹于胸": 1, "不变应万变": 1, "坦然": 1, "面对": 1, "得失": 1, "心静如水": 1, "心情": 1, "​​": 2, "热门": 1, "三台": 1, "旗舰机": 1, "Mate30pro": 1, "GalaxyNote10+": 1, "外观": 1, "好看": 1, "瑟": 1, "教": 1, "几手": 1, "尾盘": 5, "选": 1, "股法": 1, "很多": 3, "昨天": 2, "14点48": 1, "17": 1, "侠哥": 1, "选择": 3, "5G": 12, "通讯股": 1, "300292": 1, "早上": 3, "分钟": 2, "放量": 1, "冲高": 2, "8": 1, "获利": 2, "走人": 1, "提示": 1, "科技股": 1, "低价": 1, "临近": 1, "剩": 1, "12": 1, "股": 1, "地板": 1, "依托": 1, "牛": 1, "熊线": 1, "BBI": 1, "互联": 1, "大概率": 1, "票": 1, "超短": 1, "开盘": 1, "机构": 1, "拉高": 1, "了结": 1, "成功": 1, "选股": 1, "琢磨": 1, "消息": 1, "技术": 7, "成功率": 1, "供": 1, "交流": 1, "学习": 1, "格陵兰岛": 1, "吃": 1, "火锅": 1, "极光": 2, "mate20": 1, "x手": 1, "拍摄": 5, "摄影": 6, "大赛": 1, "风景": 1, "#​": 1, "侧边": 5, "花样": 1, "快充": 5, "飞起": 1, "动作": 2, "快要": 1, "静止": 1, "真的": 1, "漫漫": 1, "长夜": 1, "点亮": 1, "19日": 2, "德国": 2, "慕尼黑": 2, "发布会": 2, "揭晓": 1, "L华": 3, "信息量": 1, "太": 1, "洗牌": 1, "匯豐": 1, "金融": 1, "閃電": 1, "戰": 1, "壹传媒": 2, "基金": 3, "会长": 1, "黎": 1, "英智": 1, "资金": 1, "源于": 1, "汇丰": 2, "CIA": 1, "瞬间": 1, "断粮": 1, "无钱可派": 1, "局面": 2, "高层": 1, "鬼佬": 1, "开除": 2, "范宁": 1, "黄碧娟": 1, "辞职": 1, "此次": 1, "重现": 1, "97年": 1, "狙击": 1, "索罗斯": 1, "小型": 1, "狠": 1, "顺势": 1, "解决": 1, "…注": 1, "壹": 1, "长": 1, "倒数": 1, "见证": 1, "改变": 1, "WatchGT#2": 1, "终端": 5, "官方": 5, "炫技": 1, "时刻": 1, "五大": 1, "魔性": 2, "特技": 1, "搭载": 2, "麒麟990": 1, "首发": 1, "Mate30Pro": 1, "代表": 1, "奢华": 1, "精神": 1, "图腾": 1, "RS": 1, "保时捷": 1, "设计": 2, "一同": 1, "登台": 1, "如今": 1, "距离": 1, "时间": 1, "陆续": 1, "放出": 1, "五": 1, "广告": 2, "大片": 3, "透露": 1, "亮点": 2, "解读": 1, "关键词": 4, "波": 1, "预告": 3, "暗示": 4, "触控": 1, "音量": 1, "键": 1, "变化": 1, "此前": 1, "曝光": 1, "信息": 1, "采用": 2, "瀑布屏": 2, "估计": 1, "弯曲": 1, "程度": 1, "带来": 5, "想": 1, "相关": 1, "项": 1, "解锁": 1, "多功能": 1, "续航": 1, "用户": 3, "感受": 1, "一触即发": 1, "能量": 1, "自由": 1, "尽情": 1, "释放": 1, "魅力": 1, "自研": 1, "SuperCharge": 1, "翘楚": 1, "去年": 1, "Mate20Pro": 1, "15W": 1, "预计": 1, "Mate": 1, "实力": 2, "毋庸置疑": 1, "多年": 1, "惊喜": 2, "高速": 1, "暗光": 2, "最新": 1, "高清夜": 1, "摄像头": 1, "硬件": 2, "麒麟": 4, "9905G": 3, "BM3D": 1, "单反级": 2, "降噪": 1, "跨越式": 1, "原因": 1, "图像": 1, "场景": 1, "噪点": 1, "夜": 1, "美丽": 1, "双模5G": 1, "NSA/SA": 1, "架构": 2, "即将": 2, "商用": 1, "厂商": 1, "麒麟9905G": 1, "登场": 1, "引人注目": 1, "首款": 1, "旗舰": 1, "5GSoC": 2, "先进": 1, "7nm+EUV": 1, "工艺": 1, "制程": 1, "Modem": 1, "集成": 1, "SoC": 1, "晶体管": 1, "数量": 1, "103亿": 1, "晶体": 1, "管数": 1, "最多": 1, "完整": 1, "复杂度": 1, "预告片": 1, "一大": 1, "达芬奇": 2, "NPU": 1, "运算": 1, "给力": 1, "功耗": 1, "表现": 2, "值得": 1, "倒计时": 1, "创意": 1, "多重": 1, "轮值": 1, "发表": 1, "创": 1, "高度": 1, "提到": 2, "近来": 1, "处境": 1, "走": 1, "O胡厚崑": 1, "一点光": 1, "无惧": 1, "暗": 1, "整体": 1, "往后": 1, "星辰大海": 1, "看目": 1, "鲲鹏": 1, "晟腾": 1, "鸿鹄": 1, "东西": 1, "客户": 1, "2.0": 1, "二级": 1, "蹭": 1, "日后": 1, "实锤": 1, "杀入": 2, "2万亿": 2, "市场": 3, "本次": 1, "汇聚": 1, "几十": 1, "集群": 1, "数千": 1, "处理器": 1, "记录": 1, "这是": 1, "证券": 1, "时报": 1, "任正非": 2, "出售": 2, "西方": 1, "连接": 1, "外媒": 1, "提问": 1, "一次性": 1, "卖断": 1, "想法": 1, "这不": 1, "提议": 2, "围绕": 2, "供应": 1, "争论": 1, "供应链": 1, "竞争": 1, "好处": 1, "方案": 1, "外界": 1, "有所谓": 1, "疑虑": 3, "依据": 1, "商业化": 1, "方式": 1, "开发": 1, "控制": 1, "减低": 1, "顾虑": 1}