{"BAT": 2, "华为": 121, "职级": 2, "薪资": 4, "股权": 6, "揭秘": 2, "：": 17, "阿里": 4, "工资": 2, "上涨": 2, "减少": 2, "拼": 2, "分红": 4, "分P": 2, "M": 2, "序列": 2, "16薪": 2, "涨幅": 2, "下降": 2, "；": 6, "腾讯": 2, "14": 2, "团队": 2, "年终奖": 2, "拿到": 2, "百度": 2, "现金": 2, "最多": 2, "年限": 2, "奖金": 2, "规模": 2, "数据": 2, "来源": 5, "@": 11, "InfoQ": 2, "L": 14, "老板": 11, "联播": 10, "秒拍": 19, "视频": 23, "​": 9, "调研": 1, "报告": 6, "超": 4, "苹果": 23, "首夺": 5, "中国": 37, "高端": 11, "手机": 45, "冠军": 5, "不少": 7, "iPhone": 3, "用户": 9, "转投": 7, "科技": 6, "市场": 19, "研究": 4, "公司": 32, "Counterpoint": 4, "2019年": 5, "第一": 5, "季度": 5, "智能": 7, "售价": 4, "600": 4, "美元": 8, "800": 4, "价格": 4, "区间": 4, "超越": 8, "份额": 10, "48％": 4, "远远": 4, "超过": 6, "37％": 4, "这是": 4, "首次": 8, "L老板": 1, "美国": 48, "起诉": 20, "美": 18, "商务部": 9, "扣押": 27, "设备": 51, "迟迟": 15, "未": 8, "日前": 8, "美国商务部": 33, "作出": 14, "相关": 18, "非法": 9, "诉讼": 11, "文件": 10, "显示": 9, "2017年": 9, "多件": 7, "原产于": 8, "电信": 10, "运往": 8, "加州": 7, "一家": 9, "独立": 8, "实验室": 9, "检测": 9, "回": 10, "途中": 9, "调查": 9, "出口": 11, "许可": 10, "为由": 9, "随后": 12, "提交": 8, "信息": 8, "迄今为止": 8, "扣": 9, "20多": 8, "央视": 13, "新闻": 15, "联邦": 47, "快递": 50, "道歉": 22, "昨天": 1, "杂志": 11, "曝光": 2, "杂志社": 2, "名": 5, "编辑": 1, "想": 2, "一个": 3, "产品": 2, "寄": 5, "编辑部": 1, "居然": 1, "这家": 2, "政府": 7, "禁令": 3, "退回": 18, "理直气壮": 1, "件": 4, "媒体": 3, "给出": 1, "回复": 1, "称": 12, "搞错": 1, "抛开": 1, "外部": 1, "势力": 1, "干涉": 1, "谈": 1, "围绕": 1, "一连串": 1, "错误": 25, "至少": 1, "内部": 1, "法务": 1, "、": 2, "管理": 2, "沟通": 1, "客服": 1, "培训": 1, "都": 4, "竟会": 1, "错杀": 1, "一千": 1, "漏网": 1, "荒诞": 1, "场景": 1, "就算": 1, "网民": 1, "此刻": 1, "呼吁": 1, "拉入": 1, "出台": 1, "可靠": 1, "实体名单": 4, "低下": 1, "业务": 2, "水平": 1, "足够": 1, "全世界": 1, "客户": 1, "警觉": 1, "O联邦": 2, "…….": 1, "回应": 8, "英国": 1, "收到": 2, "致歉": 2, "声明": 4, "发件人": 4, "为此": 3, "操作": 12, "首席": 3, "分析师": 3, "塞根": 5, "指出": 3, "表述": 3, "自相矛盾": 3, "观察者": 3, "网": 5, "！": 3, "拒绝": 5, "投递": 5, "21日": 5, "计算机": 5, "报道": 5, "该社": 4, "记者": 4, "告知": 5, "发货人": 8, "退货": 4, "原因": 4, "对此": 4, "包裹": 4, "正式": 1, "华盛顿": 2, "法院": 3, "质疑": 1, "返回": 1, "管制": 1, "条例": 1, "EAR": 1, "内": 2, "7月": 1, "套": 1, "包括": 2, "服务器": 2, "太": 2, "交换机": 2, "在内": 2, "发": 1, "位于": 1, "加利福尼亚": 1, "测试": 2, "计划": 2, "送": 2, "阿拉斯加": 2, "当局": 1, "此前": 4, "任正非": 1, "想到": 3, "打击面": 1, "宽": 1, "阻挠": 1, "步伐": 1, "L中报": 1, "IT": 3, "寄送": 3, "进展": 4, "当地": 2, "时间": 2, "6月": 4, "22日": 4, "PCMagazine": 2, "SaschaSegan": 2, "社交": 2, "更新": 2, "事件": 4, "再度": 2, "发来": 2, "拒": 3, "行政": 2, "命令": 2, "误读": 2, "……": 1, "海外": 2, "推主": 2, "omghuawe": 1, "iphonesaresopowerfulNCT127": 1, "演唱会": 2, "感叹": 1, "强大": 3, "": 1, "NCT127": 2, "L扒圈": 1, "老鬼": 1, "…": 1, "L央视": 1, "TOPIC": 1, "推": 1, "1.2万": 1, "转🔥": 1, "饭": 1, "震惊": 1, "L韩流": 1, "罗永浩": 2, "只能": 2, "三星": 2, "抢高端": 2, "发展": 2, "罗": 2, "老师": 2, "预见": 2, "联播L": 2, "首超": 1, "泰国": 1, "场": 1, "30pro": 1, "神器": 1, "出圈": 1, "。。": 3, "肉眼": 1, "不见": 1, "脸": 1, "距离": 1, "直播": 1, "屮艸": 1, "芔茻": 1, "真的": 1, "心动": 1, "买": 1, "O网页": 1, "链接": 1, "L铁臂阿吉": 1, "曝": 1, "改口": 1, "改": 1, "68": 1, "全球": 2, "子公司": 1, "列入": 1, "特区": 1, "地区": 1, "公开": 1, "台": 2, "加利福尼亚州": 1, "当年": 1, "9月": 1, "阿拉斯加州": 1, "安克雷奇市": 1, "下属": 1, "机构": 1, "45": 1, "截至": 1, "提起": 1, "仓库": 1, "陷入": 1, "官僚主义": 1, "僵局": 1, "长": 1, "632": 1, "境外": 1, "生产": 1, "送回": 1, "原产国": 1, "无需": 1, "最初": 1, "过错": 1, "无故": 1, "拖延": 1, "放行": 2, "索赔": 1, "运输": 1, "违规": 2, "裁决": 1, "裁定": 1, "软银": 2, "孙正义": 3, "澄清": 2, "Arm": 5, "停止": 3, "合作": 3, "关系": 3, "G2andBeyond": 1, "产业": 1, "秩序": 1, "解构": 1, "创新": 1, "论坛": 1, "鸿海": 1, "创始人": 2, "郭台铭": 1, "话题": 1, "对谈": 1, "会上": 1, "ARM": 2, "贸易法": 1, "25％": 1, "技术": 1, "材料": 1, "供给": 1, "遵守": 1, "细节": 1, "说道": 1, "很": 1, "误解": 1, "才": 2, "阶层": 1, "运营": 1, "涉及": 1, "日常": 1, "运作": 1, "消息": 1, "惊讶": 1, "O软": 1, "银孙": 1, "正义": 1, "无疑": 1, "拍照": 1, "效果": 1, "良性": 1, "竞争": 1, "有利于": 1, "社会": 1, "分享": 1, "拍摄": 1, "旅行": 1, "照片": 1, "900": 2, "光影": 1, "世界": 1, "摄影": 1, "广州": 1, "·": 1, "官洲": 1}