{"李": 5, "言华": 1, "手机": 11, "拼": 1, "！": 16, "荣耀": 27, "发布会": 21, "赵明": 9, "现场": 4, "摔": 2, "展示": 1, "防摔": 2, "性能": 3, "9月": 21, "4日": 8, "晚": 1, "发布": 5, "20S": 5, "测试": 1, "功能": 1, "总裁": 10, "赵明不惜": 1, "款": 6, "@": 6, "李现ing": 1, "代言": 1, "李现": 2, "理工科": 1, "背景": 1, "游戏": 5, "玩": 2, "契合": 1, "感觉": 2, "记者": 1, "马": 1, "L中报": 2, "视频": 18, "秒拍": 3, "华为": 57, "平板": 3, "M6": 2, "高能版": 1, "第一": 1, "时间": 3, "拿到": 1, "体验": 2, "映入眼帘": 1, "独特": 1, "对抗": 1, "波纹": 1, "设计": 5, "带来": 4, "个性": 1, "幻影": 1, "双色": 1, "闪耀": 1, "夺目": 1, "引领": 1, "全新": 1, "潮流化": 1, "风尚": 1, "：": 13, "采用": 2, "麒麟980": 1, "旗舰级": 1, "处理器": 1, "肆意": 1, "驰骋": 1, "酣畅": 1, "激战": 1, "PC级": 1, "液冷": 1, "散热": 1, "畅爽": 1, "火力": 1, "全开": 1, "持续": 1, "满血": 1, "前方": 1, "高能": 1, "服来": 1, "战#": 1, "找": 1, "朋友": 1, "胡林希Lillian": 1, "Ehrich": 1, "宋": 1, "佩泽": 1, "Makeup": 1, "九": 1, "王雪": 1, "、": 23, "Clothing": 1, "CHENGGUANG": 1, "WANG": 1, "拍下": 1, "照片": 1, "今日": 1, "开售": 1, "优雅": 3, "定义": 1, "不仅仅": 1, "姿态": 2, "色彩": 2, "追求": 1, "美好": 1, "事物": 1, "永不言弃": 1, "生活": 3, "态度": 2, "L余": 1, "承东": 1, "​": 10, "31": 1, "省份": 10, "科研": 1, "投入": 6, "排行榜": 1, "投资": 4, "未来": 4, "舍得": 2, "烧钱": 2, "研发": 11, "经费": 6, "超": 4, "25": 3, "我国": 1, "经济": 2, "发展": 2, "转型": 1, "升级": 1, "阶段": 1, "科技": 6, "近日": 1, "国家": 8, "统计局": 1, "2018年": 5, "全国": 2, "统计": 1, "公报": 1, "数据": 1, "显示": 2, "千亿": 1, "共有": 1, "6": 2, "广东": 4, "江苏": 2, "北京": 3, "山东": 1, "浙江": 2, "上海": 3, "值得一提的是": 1, "重视": 1, "著称": 1, "一己之力": 1, "撑起": 1, "半边天": 1, "年报": 1, "费用": 2, "高达": 1, "1015亿": 1, "元": 2, "占": 1, "全省": 1, "37.5%": 1, "意味着": 2, "排名": 6, "前6": 1, "一家": 1, "企业": 6, "剩余": 2, "都": 9, "超过": 2, "强度": 3, "平均": 1, "水平": 4, "天津": 2, "对比": 1, "GDP": 3, "高于": 1, "低于": 1, "包括": 1, "河南": 1, "河北": 1, "广西": 1, "O": 1, "│数": 1, "读": 1, "电影": 2, "沙龙": 1, "预告片": 1, "终于": 1, "速来": 1, "围观": 1, "L刘哔": 1, "如果说": 6, "武汉": 19, "小米": 12, "主场": 18, "中国": 21, "采访": 5, "问及": 3, "选择": 3, "地点": 3, "从没": 3, "因素": 3, "渊源": 4, "很": 9, "大学": 5, "毕业生": 3, "最多": 4, "O荣耀": 2, "L": 5, "老板": 4, "联播": 5, "握住": 1, "抹": 1, "蓝": 1, "都市": 1, "霓虹": 1, "烟火气": 1, "享受": 1, "静谧": 1, "美": 3, "nova5": 1, "Pro": 1, "苏音": 1, "蓝​": 1, "9月份": 1, "汇总": 1, "5日": 2, "索尼": 2, "Xperia2": 2, "；": 10, "畅享": 6, "10": 1, "realmeQ": 2, "红魔": 1, "3S": 1, "10日": 2, "OPPO": 2, "Reno2": 2, "11日": 2, "凌晨": 1, "一点": 1, "苹果": 3, "秋季": 1, "16日": 2, "vivoNEX35G": 1, "19日": 2, "Mate30": 3, "系列": 4, "26日": 2, "7T": 2, "9月底": 1, "MIX4": 1, "期待": 3, "场": 1, "美国": 20, "高管": 2, "排斥": 2, "损失": 3, "5万": 3, "工作": 2, "影响": 4, "风险": 1, "管理": 1, "合作": 2, "伙伴": 1, "关系": 1, "副主席": 1, "TimDanks": 1, "产品": 1, "性价比": 1, "消费者": 1, "支付": 1, "公司": 3, "110亿": 1, "美元": 1, "一大": 2, "笔": 1, "钱": 1, "4万": 1, "O华": 1, "工作L": 1, "回应": 6, "安卓": 3, "沟通": 3, "鸿蒙": 5, "为此": 2, "打造": 2, "过程": 1, "事情": 2, "发生": 1, "这是": 2, "一个": 3, "系统": 3, "机会": 1, "L老板": 1, "商务部": 2, "希望": 2, "美方": 2, "停止": 2, "名义": 2, "动用": 2, "力量": 2, "打压": 2, "错误": 2, "做法": 2, "发言人": 1, "高峰": 1, "例行": 1, "记者会": 1, "列入": 2, "出口": 1, "管制": 1, "实体": 2, "清单": 1, "中方": 2, "立场": 1, "再次": 1, "贸易战": 1, "利于": 1, "不利于": 2, "全世界": 4, "反对": 1, "吐槽": 2, "赖": 1, "永远": 2, "别人": 4, "标杆": 4, "高山仰止": 1, "才": 1, "解决": 3, "办法": 2, "这才": 2, "自信": 1, "面对": 1, "友商": 1, "非议": 1, "吐糟": 1, "做好": 1, "即可": 1, "智慧屏": 1, "舞台": 1, "中心": 1, "行业": 1, "跑": 1, "快": 2, "道理": 1, "人才": 2, "76116": 1, "盘点": 1, "新机": 1, "10Plus": 4, "红魔3S": 1, "iPhone11": 1, "vivoNEX35": 1, "G旗舰": 1, "圆满": 1, "结束": 2, "昨天": 2, "新品": 1, "参加": 1, "华中": 2, "校招": 1, "宣讲": 1, "华科": 3, "深厚": 1, "学校": 1, "常董会": 1, "3": 1, "成员": 1, "在职员工": 1, "6000": 1, "堪称": 1, "摇篮": 1, "同学": 1, "交流": 1, "这次": 2, "出差": 1, "感受": 1, "座": 1, "城市": 1, "魅力": 1, "年轻人": 1, "热情": 1, "接受": 1, "媒体": 2, "来到": 1, "现荣": 2, "耀潮": 2, "时尚": 2, "大使": 2, "💎": 1, "狐狸": 1, "造型": 1, "2019.09.04": 1, "品牌": 1, "活动": 1, "高清6p": 1, "『": 1, "春风": 1, "得意": 1, "从不": 1, "最终": 1, "愿景": 1, "值得": 1, "拥有": 1, "丈": 1, "荣光": 1, "』": 1, "李现ing​": 1, "​​": 1, "麒麟": 2, "990": 2, "意味": 1, "芯片": 9, "世界": 5, "顶级": 3, "最为": 1, "这块": 1, "SOC": 3, "计算": 1, "存储": 1, "图像": 1, "人工": 1, "智能": 1, "通信": 2, "基带": 3, "能耗": 1, "平衡": 1, "还要": 1, "体积": 1, "发热": 1, "积度": 1, "电脑": 5, "超算": 1, "可比": 1, "先进": 1, "7nm": 1, "制程": 1, "10nm": 1, "集成5G": 1, "外挂": 1, "5G": 3, "空间": 1, "提升": 1, "稳定性": 1, "降低": 1, "功耗": 1, "作用": 1, "上市": 1, "用于": 1, "领域": 3, "领先": 2, "最少": 1, "6-8": 1, "「": 1, "实拍": 1, "图赏": 1, "」": 1, "4": 1, "颜色": 1, "配有": 1, "6.59": 3, "英寸": 3, "超清": 1, "视屏": 1, "91%": 1, "屏": 2, "占比": 1, "2340X1080": 1, "分辨率": 1, "前置": 1, "1200万": 1, "升降": 1, "摄像头": 2, "后置": 1, "4800万": 1, "广角": 1, "三": 1, "摄": 1, "Type-C": 1, "接口": 2, "保留": 1, "3.5": 1, "耳机": 1, "AI": 1, "2.0": 1, "技术": 4, "售价": 1, "1499": 1, "香": 1, "JOHN": 1, "拍": 1, "": 1, "壮森": 1, "HangJohnson​": 1, "精度": 1, "振兴中华": 1, "——": 2, "L搞笑": 1, "笑话榜": 1, "搞": 1, "主角": 1, "新一代": 1, "千": 1, "实力派": 1, "在校": 1, "大学生": 1, "职场": 1, "小白": 1, "符合": 1, "全视屏": 1, "无论是": 1, "明阔": 1, "大屏": 1, "～翡": 1, "冷翠": 1, "幻夜": 1, "黑": 1, "赤": 1, "茶橘": 1, "天空": 1, "境": 1, "四": 1, "时下": 1, "流行": 1, "配色": 1, "引爆": 1, "众人": 1, "感官": 1, "在手": 1, "品质": 1, "任正非": 2, "75": 1, "岁": 1, "高龄": 1, "放": 1, "绝大多数": 1, "早就": 1, "含饴弄孙": 1, "颐养天年": 1, "过上": 1, "与世无争": 1, "日子": 1, "依然": 1, "顶": 1, "常人": 1, "难以": 1, "承受": 2, "压力": 1, "女儿": 1, "人质": 1, "扣押": 1, "痛苦": 1, "一线": 1, "拼搏": 1, "名利": 1, "早已": 1, "过眼烟云": 1, "支撑": 1, "走": 1, "企业家": 1, "国": 1, "情怀": 1, "责任": 1, "担当": 1, "支持": 1, "请": 4, "好自为之": 1, "人性": 1, "显得": 1, "过于": 1, "阴暗": 1, "特朗普": 3, "兴趣": 1, "谈": 1, "当局": 1, "群": 1, "满口": 1, "谎言": 1, "冷战": 1, "思维": 1, "老": 1, "东西": 1, "闭关锁国": 1, "早晚": 1, "报应": 1, "总统": 1, "当地": 1, "周三": 1, "白宫": 1, "告诉": 1, "讨论": 1, "路透社": 2, "报道": 1, "指华": 1, "军方": 1, "情报": 2, "机构": 1, "担忧": 1, "隐患": 2, "It'sanationalsecurityconcern": 1, "做生意": 1, "巨擘": 1, "通讯": 2, "处于": 1, "地位": 1, "称": 1, "硬件": 1, "留有": 1, "后门": 1, "危及": 1, "劝说": 1, "盟友": 1, "美国商务部": 1, "5月": 1, "46": 1, "实体名单": 1, "禁止": 1, "未经": 1, "批准": 1, "情况": 1, "名单": 1, "商业": 1, "往来": 1, "指特朗普": 1, "最新": 1, "言论": 1, "事件": 1, "到处": 1, "窃密": 1, "渠道": 1, "倒打一耙": 1, "无耻": 1, "下作": 1, "正式": 2, "GPUTurbo3.0": 1, "4000": 1, "毫安": 1, "电池": 1, "超强": 1, "配置": 1, "打起": 1, "肯定": 1, "杠杠": 1, "不用": 1, "担心": 1, "画面": 1, "卡顿": 1, "电量": 1, "设限": 1, "～​": 1, "世纪": 1, "重磅": 1, "消息": 2, "推出": 1, "搭载": 1, "海思": 1, "自主": 2, "真的": 2, "神": 1, "核心": 2, "高科技": 1, "刮目相看": 1, "英特尔": 1, "微软": 1, "全球": 1, "长": 1, "几十": 1, "联合": 1, "垄断": 1, "​​​": 1, "暂时": 1, "开源": 1, "Mono": 1, "移植": 1, "运行": 1, "基于": 1, ".": 1, "net": 1, "framework": 1, "windows": 1, "头条": 1, "灵动": 1, "方式": 1, "重构": 1, "6日": 1, "IFA2019": 2, "遇见": 1, "P30": 1, "L华": 2, "终端": 2, "官方": 1, "群里": 1, "姐妹": 1, "暖": 1, "关心": 2, "忘": 1, "喔​": 1, "向往": 1, "悠闲": 1, "浪漫": 1, "探寻": 1, "艺术": 1, "律动": 1, "网友": 1, "放出": 1, "可用": 1, "演示": 1, "页面": 1, "份": 1, "学习": 2, "不管是": 1, "读书": 1, "考证": 1, "都会": 1, "增加": 1, "生命": 1, "厚度": 1, "带": 2, "梦想": 2, "奔跑": 1, "努力": 1, "成长": 1, "开学季": 2, "跟着": 1, "老郭": 1, "攒元": 1, "气能量": 1, "抽华": 1, "mate20P": 1, "RO": 1, "O网页": 1, "链接": 1}