{"华为": 130, "内部": 7, "员工": 19, "家人": 6, "劝": 12, "离职": 6, "逃兵": 6, "心声": 2, "社区": 2, "发布": 5, "·": 2, "华为人": 2, "分享": 2, "故事": 2, "岗位": 2, "事情": 2, "做好": 2, "O华": 2, "​": 8, "多国": 2, "企业": 24, "澄清": 4, "未": 1, "断供": 23, "中方": 3, "：": 38, "心胸": 7, "天地": 7, "近来": 2, "外国": 5, "美国": 14, "政府": 5, "措施": 3, "公司": 22, "报道": 12, "昨天": 2, "发表": 3, "声明": 24, "称": 7, "并未": 2, "停止": 5, "供货": 16, "对此": 3, "陆慷": 5, "回应": 16, "世人": 4, "开放": 5, "、": 30, "坚毅": 4, "气度": 5, "合作": 19, "伙伴": 11, "表态": 2, "再次": 3, "国家": 19, "都": 10, "罔顾": 2, "切身": 2, "利益": 6, "轻易": 4, "盲从": 4, "他国": 8, "出于": 5, "一己": 2, "私利": 2, "政治": 7, "调度": 4, "事实上": 2, "绝大多数": 2, "忘记": 2, "法国": 2, "阿尔斯通": 2, "前车之鉴": 2, "力量": 3, "打压": 5, "干扰": 2, "市场": 2, "运行": 2, "阻挠": 2, "互利": 3, "行径": 2, "始终": 2, "高度": 2, "警惕": 2, "希望": 5, "各国": 4, "中国": 38, "提供": 9, "公平": 4, "公正": 2, "稳定": 2, "预期": 2, "营商": 4, "环境": 4, "符合": 4, "长远": 2, "肖": 1, "新新": 1, "美媒": 2, "苹果": 6, "选": 7, "中国人": 6, "5月": 3, "22日": 4, "彭博社": 2, "热爱": 2, "设备": 3, "很": 4, "事件": 5, "选择": 2, "重建": 2, "供应链": 3, "5-10年": 2, "时间": 4, "涉及": 3, "全球": 4, "供应": 3, "网络": 10, "手机": 8, "生产线": 2, "搬出": 2, "富士康": 2, "简单": 2, "L老板": 2, "联播": 4, "秒拍": 11, "视频": 20, "英国": 7, "电信": 4, "运营商": 3, "暂停": 5, "开售": 1, "5G": 4, "不得不": 2, "当地": 2, "周三": 1, "主流": 1, "通讯": 2, "EE": 2, "Vodafone": 1, "相继": 1, "售华": 2, "据悉": 1, "此举": 1, "谷歌": 1, "支持": 11, "业务": 4, "影响": 2, "EE董事长": 1, "MarcAllera": 1, "确保": 1, "服务": 6, "长期": 2, "合约": 1, "来源": 1, "@": 6, "日报": 2, "L中报": 1, "外交部": 7, "谈": 4, "任正非": 13, "接受": 6, "专访": 2, "内容": 2, "发言人": 5, "指出": 2, "近日": 5, "创始人": 4, "媒体": 11, "采访": 4, "国内外": 3, "好评": 3, "一己之力": 2, "央视": 6, "记者": 6, "朱若梦": 3, "L": 4, "新闻": 3, "9": 4, "照片": 2, "带": 1, "真实": 2, "外媒": 1, "公开": 2, "友人": 1, "1": 1, "午餐": 2, "休息": 2, "名": 2, "隔间": 1, "工程师": 1, "深圳": 2, "工厂": 1, "研发": 3, "区域": 1, "热": 1, "测试": 1, "3": 1, "坂田": 1, "园区": 3, "监视器": 1, "人脸": 1, "识别": 1, "4": 1, "实验室": 2, "工作": 3, "人员": 1, "专注": 1, "5": 2, "展示": 1, "东莞": 3, "服务器": 1, "单元": 1, "6": 1, "下班": 2, "住所": 1, "休闲区": 1, "锻炼": 1, "身体": 1, "7": 1, "欧洲式": 1, "鸟瞰图": 1, "8": 1, "低头": 1, "工作日": 1, "场景": 1, "松下": 55, "否认": 14, "严正": 5, "事业": 13, "发展": 16, "添砖加瓦": 12, "刚刚": 6, "环球网": 7, "编辑部": 5, "收到": 5, "集团": 23, "发来": 5, "官网": 2, "全文": 7, "提及": 6, "表述": 3, "均": 6, "不实": 2, "辞": 1, "一直以来": 5, "遵守": 8, "所在": 5, "地区": 6, "相关": 5, "法律": 6, "合规": 5, "条例": 5, "基础": 5, "持续": 8, "客户": 5, "销售": 5, "商品": 5, "贡献": 5, "微薄": 5, "磋商": 5, "抱有": 2, "诚意": 2, "美": 4, "无端": 2, "中企": 1, "经贸": 1, "不利": 1, "近期": 1, "大疆": 1, "海康": 1, "威视": 1, "高科技": 2, "面临": 2, "技术": 2, "财长": 1, "姆努钦": 1, "轮": 1, "态度": 1, "重回": 1, "谈判桌": 1, "大门": 1, "敞开": 1, "目的": 1, "动用": 1, "科技": 4, "不利于": 1, "营造": 1, "一个": 4, "氛围": 1, "感谢": 4, "早些时候": 1, "此事": 1, "关系": 1, "做出": 1, "领域": 1, "展开": 2, "一贯": 2, "供应商": 1, "！": 15, "郑重": 3, "断货": 4, "表现": 4, "不实之词": 5, "辟谣": 1, "23日": 4, "Panasonic": 1, "孩子": 1, "金箍棒": 1, "悟空": 3, "英雄": 1, "这次": 1, "蔡成杰": 1, "导演": 1, "P30": 1, "Pro零": 1, "外接": 1, "镜头": 1, "创作": 1, "竖屏": 1, "电影": 1, "戳": 1, "小朋友": 1, "悟空梦": 1, "难忘": 1, "记忆": 1, "_____": 1, "未来": 1, "影像": 1, "L华": 1, "终端": 1, "官方": 1, "杨元庆": 2, "联想": 10, "18/19": 1, "财年": 1, "第四": 1, "季度": 1, "财报": 1, "会议": 1, "问及": 1, "一家": 2, "源自": 1, "跨国公司": 2, "从未有过": 1, "法规": 1, "透明": 1, "多元化": 1, "L五环": 2, "短": 2, "倪光南": 3, "路线": 2, "不对": 2, "投入": 1, "10": 2, "倍": 3, "2018年": 1, "12月": 1, "北大": 1, "光华": 1, "新年": 1, "论坛": 1, "工程院": 1, "院士": 2, "总工程师": 1, "30年": 1, "犹如": 1, "龟兔赛": 1, "跑": 1, "估值": 2, "一度": 1, "50": 1, "归结": 1, "知识": 1, "产权": 1, "0股权": 1, "老板": 3, "联播L": 1, "面对": 2, "来势汹汹": 1, "对手": 1, "电竞人": 3, "从容应对": 1, "；": 2, "困难重重": 1, "局面": 1, "迎难而上": 1, "年轻": 1, "辈": 1, "肩负": 1, "祖国": 1, "振兴": 1, "奋斗": 2, "使命": 1, "贸易战": 1, "开启": 1, "众": 1, "优秀": 1, "民族": 1, "前所未有": 1, "压力": 3, "挑战": 1, "国货": 2, "传达": 1, "电竞": 1, "精神": 1, "早日": 1, "度过": 1, "难关": 1, "关注": 1, "带上": 1, "关键词": 1, "加油": 2, "转发": 2, "+": 2, "评论": 2, "本条": 2, "送出": 1, "台": 3, "P30Pro": 1, "8GB": 1, "256GB": 1, "6月": 1, "1日": 1, "抽出": 1, "一万": 1, "加送": 1, "至多": 1, "送": 1, "总计": 1, "99": 1, "中奖者": 1, "兑换": 1, "等价": 1, "产品": 2, "折现": 1, "": 1, "JDGO": 1, "抽奖": 1, "详情": 1, "女朋友": 1, "吵架": 1, "小梅花": 1, "情怀": 2, "李嘉诚": 1, "力挺": 1, "拿下": 1, "200亿5G": 1, "大单": 1, "负": 1, "信任": 1, "L小梅花": 1, "总裁": 1, "老爷子": 1, "段": 1, "发言": 1, "真的": 2, "太": 2, "水平": 1, "沉舟": 1, "侧畔": 1, "千": 1, "帆": 1, "病树": 1, "前头": 1, "木春": 1, "胸襟": 1, "格局": 1, "智慧": 1, "👍": 2, "坚韧": 1, "豁达": 1, "👍​": 1, "全力": 1, "值得": 1, "中华民族": 1, "骄傲": 1, "ARM": 1, "L斯道": 1, "国": 2, "A国": 1, "狗": 2, "估计": 1, "都会": 1, "捎": 1, "供华": 2, "O松": 2, "下否": 2, "认断": 2, "供": 2, "落泪": 1, "时刻": 4, "危机": 2, "美企": 1, "流泪": 3, "21日": 1, "总部": 2, "梨": 1, "零部件": 1, "器件": 1, "厂家": 1, "感到": 1, "‘": 1, "得道多助": 1, "失道寡助": 1, "’": 1, "推崇狼性": 1, "文化": 1, "迫于": 1, "外企": 1, "例行": 1, "记者会": 1, "先是": 1, "日本": 3, "日前": 1, "终止": 1, "推迟": 1, "德国": 1, "英": 1, "凌飞": 1, "谣传": 1, "重申": 1, "本国": 1, "建设": 1, "国际": 1, "克服": 1, "困难": 1, "充满": 1, "信心": 1, "情况": 2, "答": 1, "刚才": 1, "引述": 1, "包括": 1, "在内": 1, "深化": 1, "对外": 1, "有利于": 2, "共赢": 1, "推动": 1, "世界": 1, "经济": 1, "人民": 1, "客户端": 1, "胡侃": 1, "参与": 1, "围剿": 1, "西方": 3, "传出": 1, "信息": 1, "判断": 1, "第一": 1, "联手": 1, "扼杀": 1, "铁幕": 1, "第二": 1, "依赖": 1, "自强": 1, "防范": 1, "极端": 1, "持久": 1, "繁荣": 1, "轮子": 1, "L胡锡进": 1, "传言": 2, "属实": 1, "集团公司": 1, "本部": 1, "本报": 1, "供给": 1, "这是": 2, "违反": 2, "事实": 1, "法令": 3, "交易": 1, "一点": 1, "发出": 1, "社会": 1, "规范": 1, "附日文": 1, "原文": 1, "●": 2, "報道": 1, "に": 2, "ある": 1, "「": 1, "供給": 1, "」": 1, "など": 1, "の表": 1, "現は": 1, "実と": 1, "は異": 1, "なり": 1, "当社": 2, "は現": 1, "米国": 1, "の法": 1, "して": 1, "いな": 1, "い取": 1, "引を": 1, "ファ": 1, "ーウ": 1, "ェイ社": 1, "と行": 1, "って": 1, "い": 1, "ます": 2, "こ": 1, "れは": 1, "パナ": 1, "ソニ": 1, "ック": 1, "チャ": 1, "イナ": 1, "から": 1, "のコ": 1, "メン": 1, "トの": 1, "通り": 1, "です": 1, "は事": 1, "業を": 1, "展開": 1, "する": 1, "と": 1, "地域": 1, "の": 1, "・": 1, "コン": 1, "プラ": 1, "イア": 1, "ンス": 1, "を厳": 1, "格に": 1, "し": 1, "环球": 1, "时报": 1, "孙": 1, "秀萍": 1, "怼": 1, "王健林": 1, "亿": 2, "目标": 3, "毒害": 2, "青少年": 3, "怼王": 1, "健林": 1, "火": 1, "兼": 1, "CEO": 1, "场合": 1, "互联网": 1, "牢骚": 1, "怪话": 1, "干活": 1, "动不动": 1, "搞": 1, "挣": 1, "很多": 1, "钱": 1, "五环短": 1, "​​​": 1}