{"今日": 1, "综艺": 3, "指南": 2, "20:20": 1, "快乐": 3, "大本营": 2, "山王": 1, "仁君": 1, "杨": 3, "超越": 2, "做客": 2, "20:30": 1, "游客": 2, "请": 3, "陈学冬": 2, "自曝": 2, "爱情": 2, "观钟": 2, "楚曦": 2, "挤痘": 2, "21:00": 1, "中国": 8, "达人秀": 2, "金星": 2, "尽显": 2, "专业": 2, "风范": 2, "淮秀": 2, "化身": 2, "饭圈": 2, "女孩": 2, "call": 2, "22:00": 1, "舞蹈": 4, "风暴": 2, "开播": 2, "！": 13, "刘": 2, "宪华": 2, "舞者": 2, "小提琴": 2, "伴奏": 2, "彭昱畅": 2, "称": 6, "跪": 2, "看完": 2, "表演": 2, "​": 15, "10月": 11, "4日": 6, "谷歌": 10, "公布": 4, "安卓": 7, "系统": 11, "高危": 7, "漏洞": 17, "波及": 4, "18": 7, "款": 7, "设备": 20, "华为": 46, "小米": 8, "三星": 8, "中招": 4, "修复": 4, "更新": 6, "发布": 9, "手机": 14, "何种": 2, "操作": 2, "@": 9, "李现ing": 1, "同款": 1, "荣耀": 2, "手环5": 1, "陪伴": 2, "上山下海": 1, "守护": 1, "心跳": 1, "睡眠": 1, "NFC版": 1, "刷": 1, "公交": 1, "快": 3, "商城": 1, "~": 1, "": 1, "李": 1, "现​": 1, "：": 13, "、": 27, "至少": 4, "影响": 3, "发现": 4, "现实": 3, "世界": 5, "实例": 3, "并称": 3, "以色列": 3, "NSO": 3, "集团": 3, "利用": 3, "老板": 2, "联播L": 1, "联播": 3, "视频": 10, "L老板": 2, "假期": 2, "都": 18, "结束": 1, "钻研": 1, "条": 1, "精致": 1, "朋友圈": 2, "份": 2, "收好": 1, "用到": 1, "台": 2, "平板": 4, "M6": 2, "孟晚舟": 50, "电脑": 6, "开启": 3, "FBI": 13, "收集": 2, "证据": 12, "副董事长": 1, "兼": 1, "首席": 3, "财务官": 3, "案": 2, "信息": 19, "公开": 2, "申请": 6, "周四": 6, "续审": 2, "律师": 13, "团队": 1, "指出": 5, "扣押": 3, "电子": 14, "去年": 3, "12月": 4, "手提": 2, "连接": 1, "外部": 1, "WiFi": 1, "无线": 1, "上网": 1, "骑警": 22, "提供": 8, "美国": 18, "联邦": 3, "调查局": 3, "用来": 1, "指控": 4, "控方": 7, "对此": 2, "予以": 1, "否认": 2, "法官": 2, "下令": 3, "9日": 1, "法庭": 10, "呈递": 1, "5": 4, "宣誓": 3, "书": 2, "证实": 1, "相关": 2, "16日": 1, "作出": 3, "回应": 9, "传召": 2, "交叉": 1, "盘问": 2, "名": 2, "温市": 1, "中心": 1, "卑诗": 1, "法院": 4, "提出": 4, "终止": 2, "引渡": 6, "披露": 2, "聆讯": 1, "正式": 3, "审讯": 2, "明年": 3, "1月": 2, "预计": 1, "持续": 1, "10": 1, "11月": 2, "此前": 1, "出庭": 3, "著裙": 1, "装": 1, "身穿": 1, "竖条": 1, "纹": 1, "白色": 1, "衬衣": 1, "棕色": 2, "短毛线": 1, "针织": 1, "上衣": 1, "长裤": 1, "记者": 3, "英文": 2, "周末": 1, "愉快": 1, "回头": 1, "微笑": 1, "祝福": 2, "对方": 1, "谢谢": 1, "上午": 2, "温哥华": 3, "落": 1, "微雨": 1, "撑伞": 1, "离家": 1, "前去": 1, "芬顿": 9, "ScottFenton": 1, "拘捕": 11, "第3日": 1, "当日": 2, "探员": 1, "请求": 1, "拍照": 1, "包括": 2, "产品": 1, "序列": 2, "号码": 3, "调查": 3, "人员": 1, "依据": 2, "追踪": 1, "打出": 1, "接听": 1, "电话": 1, "时间": 5, "通话": 1, "收发": 1, "短信": 1, "内容": 4, "信号塔": 1, "所在": 1, "位置": 1, "这是": 3, "事情": 2, "执法者": 1, "技术": 9, "展开": 2, "孟": 1, "女士": 1, "此后": 3, "寻求": 1, "努力": 1, "控制": 1, "损害": 1, "推断": 1, "获取": 1, "足够": 1, "所需": 1, "弗雷特（RobertFrater": 1, "说法": 1, "辩方": 8, "声称": 1, "交给": 3, "非法": 1, "违背": 1, "程序": 10, "事实": 5, "弗雷特": 2, "纪录": 2, "高级": 4, "警长": 4, "邮件": 2, "方式": 1, "SIM卡": 1, "传递": 2, "本土": 1, "联络": 1, "官员": 5, "显示": 3, "陈述": 2, "道听途说": 1, "指": 2, "担忧": 1, "正确": 1, "周二": 2, "承认": 7, "加拿大": 9, "边境": 3, "服务局": 1, "CBSA": 5, "密码": 6, "错误": 3, "质疑": 1, "1日": 3, "会议": 1, "改变": 1, "计划": 1, "实施": 1, "拘捕令": 1, "剥夺": 1, "沉默": 1, "找": 2, "权利": 2, "告知": 1, "；": 1, "行使": 1, "找到": 1, "沉默权": 1, "口供": 1, "参与": 1, "事务": 1, "名单": 1, "讲": 1, "普通话": 1, "华裔": 1, "警官": 1, "霍姆斯": 2, "Heather": 1, "Holmes": 1, "证词": 2, "内": 2, "回复": 1, "作证": 1, "暂时": 1, "引渡案": 1, "关注": 2, "媒体": 2, "现场": 1, "直播": 2, "27日": 1, "传媒": 1, "代表": 2, "文完": 1, "王员": 2, "外O": 1, "网页": 1, "链接": 3, "长期": 1, "带": 5, "节奏": 2, "攻击": 6, "体制": 1, "公司": 4, "图1": 1, "王": 3, "跃琨": 1, "爆": 1, "外网": 1, "发出": 2, "国家": 4, "制度": 1, "分裂": 1, "言论": 1, "曝光": 3, "当天": 1, "洗地": 2, "推脱": 1, "关系": 2, "不敢当": 1, "网友": 1, "截屏": 1, "反驳": 2, "谎言": 1, "3": 2, "废青": 1, "象征": 1, "国徽": 1, "辩解": 1, "理解": 1, "五大": 1, "诉求": 1, "4": 1, "央视": 2, "当局": 1, "满意": 1, "转发": 3, "骂": 3, "兼听则明": 1, "随便": 1, "用户": 2, "等于": 2, "粉丝": 6, "极端粉": 1, "极端": 2, "粉": 1, "本人": 3, "从来": 1, "批评": 1, "那种": 1, "垃圾号": 1, "截图": 2, "属实": 1, "看不惯": 1, "加上": 1, "点评": 2, "保有": 1, "删除": 1, "共青团": 1, "中央": 1, "深圳": 2, "网警": 1, "公安": 1, "扫黄打非": 1, "辟谣": 1, "管理员": 1, "GT手表": 1, "趟": 1, "26号": 1, "那天": 1, "充好": 1, "电": 1, "剩": 1, "50%": 1, "待机": 1, "海拔": 1, "固件": 1, "灵敏": 1, "每次": 1, "亮屏": 1, "立刻": 1, "不错": 2, "～​": 1, "政府": 7, "度": 3, "失误": 3, "本周": 3, "首度": 2, "庭上": 2, "去年底": 2, "足以": 2, "暂停": 2, "律师团": 4, "3日": 1, "进一步": 2, "皇家": 2, "序列号": 2, "转交": 2, "违反": 2, "引渡法": 2, "不列颠哥伦比亚": 1, "高等": 1, "检方": 1, "围绕": 1, "加国": 8, "逮捕": 3, "过程": 1, "涉嫌": 1, "不法": 1, "攻防": 1, "综合": 1, "环球": 1, "邮报": 1, "广播": 1, "报道": 1, "事务局": 1, "女": 1, "古德曼": 1, "电邮": 1, "当地": 1, "当中": 1, "误": 1, "审问": 1, "香港": 2, "飞抵": 1, "机场": 1, "期间": 2, "没收": 1, "笔记型": 1, "三": 3, "小时": 2, "才": 5, "交由": 1, "意味着": 1, "侵权": 1, "证明": 3, "秘密": 1, "刑事": 1, "并未": 1, "遵循": 1, "指令": 1, "搜查": 1, "搜集": 1, "不利": 1, "PS": 1, "离开": 1, "居所": 1, "赴": 1, "表达": 1, "祖国": 3, "生日": 2, "天涯": 1, "海角": 1, "永远": 1, "猜猜": 1, "最终": 1, "无罪": 1, "释放": 1, "？？": 1, "再次": 1, "祝": 1, "朋友": 3, "店里": 1, "Mate30Pro": 6, "体验": 1, "激动不已": 1, "买": 4, "店员": 2, "对不起": 1, "货": 2, "…": 1, "无意间": 1, "亮": 1, "iPhone11Pro": 1, "倒": 1, "杯": 1, "水": 2, "小声": 1, "加价": 2, "100": 1, "黑色": 1, "服务": 1, "态度": 1, "1.": 1, "国庆": 3, "工作室": 1, "窗外": 1, "过年": 1, "热闹": 1, "好看": 2, ".": 5, "上海": 1, "参加": 2, "发布会": 1, "包厢": 1, "听": 1, "国货": 1, "NB": 1, "照片": 1, "真帅": 1, "出门": 1, "悟空": 1, "寄养": 1, "住": 1, "豪华": 1, "别墅": 1, "小伙伴": 1, "忘": 1, "赶紧": 1, "领": 1, "回家": 1, "4.5.去三亚": 1, "拍": 3, "广告": 1, "取景": 1, "超级": 1, "美": 2, "大长腿": 1, "站": 3, "水里": 1, "淹没": 1, "米": 2, "腿": 2, "长": 3, "八大家": 1, "6": 1, "走": 4, "少不了": 1, "晗": 1, "。。。": 1, "图腿": 1, "7.": 1, "很": 8, "超广角": 1, "8": 1, "减肥": 1, "办法": 1, "戒糖": 1, "昨天": 1, "餐厅": 1, "送": 1, "超": 1, "甜点": 1, "口": 1, "吃": 1, "佩服": 1, "9": 1, "我俩": 1, "收工": 1, "电影": 1, "一个": 5, "爱": 1, "唱歌": 1, "miniKTV": 1, "唱": 3, "一会": 1, "给面子": 1, "全程": 2, "录像": 1, "哈哈哈": 1, "肯定": 1, "怪": 1, "为啥": 1, "发": 4, "丑": 2, "想": 7, "本来": 1, "刚刚": 2, "对比": 3, "iOS13.1": 1, "iOS13.2": 1, "mate30pro": 2, "差别": 1, "光线": 1, "132": 2, "画质": 1, "提升": 1, "131": 1, "提高": 1, "夜景": 2, "对焦": 1, "能力": 1, "下降": 1, "模糊": 1, "苹果": 3, "后期": 1, "完善": 1, "考察": 1, "长焦": 1, "相对于": 1, "软件": 1, "优化": 1, "优势": 1, "表现": 1, "测": 1, "详细": 1, "测试": 1, "1": 1, "iPhone112": 1, "30pro": 1, "热点": 5, "WIFI": 4, "打开": 1, "关闭": 1, "信号": 1, "差": 1, "iPhone11ProMax": 2, "猜": 1, "iPhone": 1, "连上": 1, "流量": 1, "O所谓": 1, "亚洲": 2, "通讯社": 2, "社长": 2, "徐": 26, "静波": 26, "正面": 2, "From": 1, "曰": 3, "日本": 7, "Today": 1, "吹": 3, "日本人": 2, "研发": 3, "学历": 2, "经历": 2, "竟": 2, "造假": 3, "!": 2, "篇": 7, "揭露": 1, "文章": 11, "徐静波": 1, "急忙": 1, "后台": 2, "投诉": 2, "意图": 1, "扑灭": 1, "揭底": 1, "收到": 1, "某种": 1, "原因": 1, "删": 1, "号": 2, "封": 1, "实实在在": 1, "一点": 2, "不难": 2, "北大": 2, "毕业": 1, "晒出": 3, "毕业证": 1, "教育报": 1, "拿出": 1, "修士": 1, "硕士": 1, "学位": 2, "早稻田": 1, "大学": 1, "讲师": 1, "聘书": 1, "……": 1, "难": 1, "宝贝": 1, "东西": 2, "扔": 1, "身正不怕影子斜": 1, "确实": 1, "憋": 1, "天后": 1, "终于": 1, "可惜": 4, "避实就虚": 1, "回避": 1, "东拉西扯": 2, "试图": 1, "搅浑": 1, "追杀": 4, "标题": 1, "扯淡": 1, "塑造": 1, "受害者": 1, "形象": 1, "放": 2, "品鉴": 1, "水平": 1, "→": 1, "→→→": 3, "吹华": 1, "放进": 1, "针对": 1, "一系列": 1, "详实": 2, "缜密": 1, "说话": 2, "认可": 2, "告": 1, "阳光": 4, "底下": 1, "晒晒": 1, "消毒剂": 1, "毫无": 3, "半点": 1, "诚意": 1, "大打太极": 1, "声明": 1, "人身": 1, "观礼": 2, "江歌案": 1, "不必": 1, "同情": 1, "就事论事": 1, "无需": 1, "猜测": 1, "动机": 2, "对话": 1, "回答": 1, "告诉": 2, "字": 1, "正义感": 1, "国民": 1, "蒙蔽": 1, "很多": 4, "无名小卒": 1, "躲": 3, "居心": 1, "明处": 1, "暗处": 2, "小人": 1, "检举": 1, "实名": 2, "胜于": 2, "雄辩": 2, "背后": 1, "逻辑": 2, "装瞎": 1, "波": 1, "跑": 1, "骂人": 1, "呵呵": 2, "大会堂": 1, "观礼台": 1, "尚方宝剑": 1, "丹书铁券": 1, "常识": 1, "老虎": 1, "端": 3, "坐席": 1, "主台": 1, "简单": 1, "文": 1, "——": 6, "帖": 1, "起劲": 1, "居然": 1, "专家": 1, "研究": 1, "第一": 1, "著名": 1, "头衔": 1, "大人": 2, "节目": 1, "喝": 1, "酒": 1, "兄道": 1, "弟过": 1, "）们": 1, "写": 4, "转帖": 1, "评论": 1, "个个": 1, "恨不得": 1, "剁成": 1, "块": 1, "偷梁换柱": 1, "高手": 1, "生生": 1, "紧密": 1, "说成": 2, "高朋": 1, "难道": 1, "真相": 4, "别提": 1, "文人相轻": 1, "贴金": 1, "稀缺": 1, "丝": 1, "缝隙": 1, "射入": 1, "顾": 1, "实在": 1, "感到": 1, "尴尬": 1, "不已": 1, "LOW": 1, "怂": 1, "社会": 1, "缺乏": 1, "信仰": 1, "道德": 1, "约束": 1, "别人": 1, "考证": 1, "不愠不火": 1, "皇帝": 1, "衣": 1, "男孩": 2, "不加自省": 1, "竟然": 1, "不道德": 1, "敲": 1, "键盘": 1, "心中": 1, "莫名其妙": 1, "发泄": 1, "快感": 1, "从不": 1, "罪感": 1, "耻感": 1, "自然": 1, "想到": 1, "文字": 1, "一把把": 1, "刀": 1, "逼上": 2, "绝路": 3, "恶人先告状": 1, "懂": 1, "叫罪": 1, "耻": 1, "堂堂正正": 1, "会上": 1, "有人": 2, "饭日": 1, "公号": 1, "连续": 1, "污蔑": 2, "攻击性": 3, "扒下": 1, "画皮": 1, "搞臭": 1, "言语": 1, "偏偏": 1, "有种": 1, "辩论": 1, "好像": 1, "犯罪": 1, "嫌疑犯": 1, "举报": 2, "却说": 1, "效果": 1, "摧毁": 2, "意志": 2, "战斗力": 1, "停下": 1, "手中": 1, "笔": 2, "扯": 1, "没用": 1, "干嘛": 1, "辨": 1, "翻阅": 1, "往期": 1, "加链": 1, "何享健": 1, "丰厚": 2, "生活": 1, "保障": 1, "劝退": 1, "创业": 1, "元老": 1, "美的": 1, "牛逼": 1, "关键": 2, "乱": 1, "淘汰": 2, "合格": 1, "体面": 1, "退出": 1, "良性": 1, "循环": 1, "做出": 1, "贡献": 2, "数学": 1, "模型": 1, "最佳": 1, "状态": 1, "阶段": 1, "拿走": 1, "回报": 1, "副": 1, "总李玉琢": 1, "任正非": 2, "冲突": 1, "李玉琢": 1, "特意": 1, "留心": 1, "奖金": 1, "LNuclearEngineer": 1, "5G": 3, "打破": 1, "科技": 3, "战胜": 3, "神话": 2, "跟随": 1, "范畴": 1, "原创性": 1, "抹黑": 2, "偷": 1, "抄袭": 1, "什么的": 1, "标准": 1, "芯片": 1, "终端": 1, "基站": 1, "传输": 1, "核心网": 1, "一条龙": 1, "解决": 1, "领先": 4, "业界": 1, "抄袭牌": 1, "盗窃": 1, "战术": 1, "失效": 1, "国人": 1, "政治": 1, "决心": 1, "不行": 1, "领域": 1, "越来越": 1, "高通": 2, "NSA": 1, "单模": 1, "半残废": 1, "搞": 1, "NSA/SA": 1, "双模": 1, "做梦": 1, "千亿": 1, "美元": 1, "级别": 1, "500": 1, "门槛": 1, "导致": 1, "投入": 1, "顾此失彼": 1, "朗讯": 1, "摩托罗拉": 1, "电信": 1, "系统商": 1, "灰飞烟灭": 1, "消失": 1, "历史": 1, "长河": 1, "当年": 1, "军事": 1, "皇军": 2, "幻想": 1, "早": 1, "破灭": 2, "南京": 1, "音乐节": 1, "开场曲": 1, "大千世界": 1, "高清": 2, "多余": 1, "解释": 1, "断桥": 1, "残雪": 1, "如约而至": 1, "艺术家": 1, "自拍": 1, "杆➕": 1, "P30pro": 1, "手": 1, "麻木": 1, "撑": 1, "不住": 1, "嵩鼠": 1, "扶": 1, "手臂": 1, "拍摄": 1, "主页": 1, "剩下": 1, "明天": 1, "晚安": 1, "💤": 1, "许嵩": 1, "L许": 1, "沃若": 1, "狗腿子": 1, "面目": 1, "暴露": 1, "学者": 1, "狡辩": 1, "判定": 1, "被捕": 1, "重获": 1, "自由": 1, "O加国": 1, "今晚": 2, "要点": 1, "张艺凡": 1, "李响": 1, "古典": 1, "舞": 1, "👉🏻": 4, "张一山": 1, "王仁君": 1, "晨艺": 1, "炸裂": 1, "舞台": 1, "娱": 1, "小圈": 1, "2020年": 1, "校招": 1, "数据": 1, "+": 1, "智能": 1, "保护": 1, "绿色": 1, "生态": 1, "热爱": 1, "赛跑": 1, "拖": 1, "前行": 1, "L华": 2, "曱甴": 1, "喺": 1, "楼顶": 1, "冇": 1, "佢": 1, "哋唔": 1, "记得": 1, "咗仲": 1, "国产": 1, "神器": 1, "P30Pro": 2, "睇嘅": 1, "衰样": 1, "影": 1, "咗乜鬼": 1, "衰嘢": 1, "晒": 1, "岁月": 1, "流转": 1, "星河": 1, "灿烂": 1, "究竟": 2, "Mate30": 2, "Pro": 1, "4K": 1, "延时": 1, "摄影": 1, "帮到": 1, "重构": 1, "想象": 1, "留存": 1, "美好": 1, "黑": 1, "实话": 1, "喜欢": 1, "出差": 1, "玩": 1, "旗舰机": 1, "保时捷": 1, "好几": 1, "水军": 2, "资格": 1, "身上": 1, "花": 1, "钱": 2, "收": 1, "吹水": 1, "爱国": 1, "配": 1, "回去": 1, "好好": 1, "工作": 1, "赶快": 1, "把手": 1, "换成": 1, "十一": 1, "第五": 1, "不用": 1, "奔波": 1, "拥堵": 1, "抱紧": 1, "在家": 1, "享受": 1, "时光": 1, "​​": 2, "穿": 1, "高领": 1, "11": 1, "猜对": 1, "有奖": 1, "哈哈哈哈​": 1, "手感": 1, "全屏": 1, "钢化膜": 1, "牺牲": 1, "面积": 1, "边缘": 1, "硌": 1, "手鱼": 1, "熊掌": 1, "兼得": 1, "靠谱": 1, "软膜": 1, "评测": 1, "/": 3, "深度": 1, "测评": 1, "vivoNEX3": 1, "机皇": 1, "L": 1, "万事通": 1}