{"八": 1, "都": 6, "换华": 1, "带": 2, "玩儿": 1, "​": 15, "发现": 2, "每次": 2, "提到": 1, "华为": 45, "群": 1, "苹果": 5, "粉": 1, "跑来": 1, "证明": 3, "iPhone": 1, "想": 3, "死忠粉": 1, "做法": 1, "真的": 2, "很": 4, "卑鄙": 1, "升级": 3, "大法": 1, "抛弃": 1, "……": 2, "遇见": 1, "夏天": 1, "摄影": 2, "大赛": 1, "揭榜": 1, "~": 2, "话题": 1, "阅读量": 1, "累计": 2, "36亿": 1, "参与": 1, "作品": 5, "互动": 1, "小伙伴": 2, "2313万": 1, "人次": 1, "征集": 1, "原创": 1, "图片": 2, "138万": 1, "点赞": 2, "708万": 1, "参赛": 1, "TOP100": 1, "爱": 2, "机型": 2, "排行榜": 1, "三": 1, "名": 2, "：": 7, "、": 31, "vivo恭喜": 1, "@": 3, "张梓淇": 1, "Rev": 1, "手机": 17, "TOP1": 1, "🤩": 1, "转发": 1, "本条": 1, "1": 2, "喜欢": 4, "拍照": 3, "好友": 1, "抽佳": 1, "相机": 2, "台": 2, "7天": 1, "开奖": 1, "抽奖": 2, "平台": 3, "推出": 5, "柳": 2, "定制版": 3, "双击": 1, "666": 1, "柳州": 2, "高中": 2, "‘": 1, "’": 1, "Nova4，6+128G": 1, "学生": 10, "价": 1, "2499": 1, "管控": 1, "统一": 2, "全校": 1, "管理": 14, "时间": 6, "上课": 1, "执行": 1, "自动": 2, "锁死": 1, "过度": 1, "学校": 2, "后台": 1, "发送": 1, "通知": 2, "违规": 3, "系统": 6, "记录": 3, "网友": 1, "提问": 1, "Mate20Pro加": 1, "800": 2, "Ren": 1, "o值": 1, "值": 1, "Mate20Pro": 2, "款": 3, "旗舰": 3, "放": 1, "机器": 2, "喜爱": 1, "程度": 1, "亚于": 1, "P30Pro": 4, "手感": 2, "焦段": 1, "实用": 1, "翡": 1, "冷翠": 1, "配色": 1, "心目": 2, "Reno": 4, "表现": 2, "接近": 2, "换到": 1, "设计": 2, "屏幕": 2, "性能": 1, "续航": 1, "日常": 2, "一点": 1, "心理": 1, "元": 2, "换购": 1, "方案": 1, "半年": 1, "八百": 1, "相当于": 1, "平换": 1, "！": 2, "角度": 2, "数码": 2, "爱好者": 1, "折腾": 1, "小心": 1, "弄坏": 1, "事儿": 3, "本来": 1, "删": 1, "好多": 3, "营销号": 1, "截了图": 1, "发": 3, "个码": 1, "简直": 2, "烦": 1, "死": 1, "。。": 7, "评论": 3, "故意": 1, "插坏": 1, "黑华": 1, "辩护": 5, "非得": 1, "带上": 1, "基本上": 1, "原博": 1, "智商": 1, "傻事儿": 1, "黑": 1, "哪家": 1, "厂商": 1, "脑": 1, "内": 2, "补": 1, "一针": 1, "修好": 1, "看热闹": 1, "倒是": 1, "集体": 1, "颅内": 1, "高潮": 1, "。。。": 2, "不用": 2, "圈": 1, "活着": 1, "私信": 2, "举报": 1, "添堵": 1, "谢谢": 1, "随手": 1, "拍": 6, "夜景": 1, "模式": 1, "手持": 1, "满天星辰": 1, "…": 1, "星星": 1, "关": 2, "晓彤": 2, "母亲节": 3, "老妈": 1, "买": 4, "部彤": 1, "代言": 1, "4e": 1, "代言人": 1, "太": 1, "美": 3, "店": 1, "服务": 4, "定制": 1, "定管": 1, "控版": 1, "兼顾": 1, "资源": 3, "共享": 1, "网址": 1, "过滤": 3, "5亿": 1, "条": 2, "不良": 3, "信息": 5, "功能": 2, "O": 2, "网页": 1, "链接": 1, "小伙子": 1, "算是": 1, "世面": 1, "起始点": 1, "众多": 1, "成功": 2, "公司": 8, "一步步": 1, "走": 1, "眼光": 1, "境界": 1, "这才": 1, "基础": 2, "推": 1, "Nova4": 1, "版": 2, "搭载": 1, "软件": 2, "锁定": 1, "五亿": 1, "推送": 1, "玩OKR": 2, "OKR": 1, "原因": 1, "来自于": 1, "内部": 3, "外部": 1, "员工": 1, "反馈": 2, "分析": 1, "绩效": 4, "占": 1, "四分之一": 1, "这是": 2, "触动点": 1, "KPI": 1, "如今": 1, "采用": 1, "方式": 1, "高管": 1, "提出": 1, "3": 1, "到底": 1, "组织": 1, "O华": 1, "检方": 2, "称": 2, "利益": 5, "冲突": 3, "申请": 2, "取消": 2, "律师": 4, "资格": 2, "美国": 7, "检察官": 1, "中国": 9, "通讯": 1, "巨头": 1, "欺骗": 1, "银行": 1, "案": 1, "代表": 1, "詹姆斯·科尔": 1, "JamesCole": 1, "司法部": 1, "工作": 1, "法官": 1, "作出": 1, "科尔": 1, "适合": 2, "续任": 1, "O美": 1, "绿坝": 1, "第一": 1, "播报": 1, "提供": 2, "五大": 2, "差异化": 2, "网络": 5, "三大": 2, "智能": 7, "产品": 2, "广东": 4, "联通": 6, "精品": 2, "网助力": 2, "粤": 6, "港澳": 6, "大湾区": 7, "产业": 5, "发展": 3, "5月": 3, "7日": 1, "时空": 1, "大厦": 1, "举办": 1, "精品网": 2, "发布会": 1, "联合": 1, "国际": 1, "香港": 1, "电信": 1, "澳门": 1, "电讯": 1, "面向": 1, "政府": 6, "金融": 1, "医疗": 1, "教育": 1, "制造": 1, "一体化": 1, "能力": 1, "协同": 1, "快速": 1, "推进": 1, "5G": 2, "建设": 1, "场景": 2, "通信": 1, "设施": 1, "战略": 1, "未来": 1, "生长": 3, "发布": 2, "iPhoneXR": 1, "选": 1, "一道": 1, "送": 3, "分题": 1, "同学们": 1, "任正非": 2, "80后": 4, "90后": 4, "独生": 2, "子女": 2, "/": 16, "环境": 2, "优越": 2, "价值观": 2, "多元化": 2, "自我": 2, "遵从": 2, "权威": 4, "职业": 2, "选择": 2, "诱惑": 2, "一句话": 2, "难": 4, "人力": 2, "部门": 2, "类似": 2, "担忧": 2, "实践": 2, "追求": 2, "一代人": 2, "甘心": 2, "平庸": 2, "度过": 2, "一生": 2, "观念": 2, "可塑性": 2, "个性": 2, "张扬": 2, "不盲": 2, "批判": 2, "精神": 2, "引导": 2, "创新性": 2, "日本": 1, "2017年": 1, "拥有": 1, "1700": 1, "总部": 1, "东京都": 2, "人均收入": 1, "超过": 1, "1000万": 1, "日元": 1, "人民币": 1, "60万": 1, "52": 1, "收入": 2, "水平": 1, "很多": 2, "涨": 2, "劳动力": 1, "全球": 1, "比价": 1, "具备": 1, "强大": 1, "技术": 1, "工资": 1, "高度": 1, "数据": 1, "解局": 1, "​​​": 1, "妈妈": 4, "一个": 3, "聪明": 1, "能干": 1, "助手": 1, "陪伴": 1, "～": 2, "祝": 1, "快乐": 1, "转评": 1, "暖心": 1, "抽": 1, "小天鹅": 1, "音箱": 1, "​O": 1, "详情": 1, "长沙场": 1, "返场": 1, "大声": 1, "半段": 1, "主双云": 1, "镜头": 3, "稳": 2, "画面": 1, "看完": 1, "转码": 1, "成果": 1, "改成": 1, "半": 1, "段": 1, "卡": 1, "切换": 1, "临界点": 1, "糊": 1, "妈": 1, "随缘": 1, "观看": 1, "用来": 1, "动图": 1, "干": 1, "麻烦": 1, "留言": 1, "声": 1, "L": 1, "海面": 1, "坠落": 1, "视频": 1, "P30": 1, "才": 2, "体积": 1, "还给": 1, "屏🐔": 1, "感觉": 3, "备用": 1, "机": 1, "碰传": 1, "不止": 1, "支持": 3, "荣耀": 1, "Magic2": 1, "缺": 1, "录屏": 1, "剪": 1, "贴板": 1, "不行": 1, "五月": 1, "科技": 2, "海军": 1, "处理器": 1, "游戏": 1, "别扭": 1, "": 1, "潮玩": 1, "#​": 2, "BBC": 2, "不甘": 1, "牺牲品": 1, "加拿大": 8, "示好": 2, "中文网": 1, "11日": 1, "报道": 1, "贸易战": 1, "持续": 1, "延烧": 1, "孟晚舟": 2, "事件": 1, "报复": 1, "渐渐": 1, "耐心": 1, "特鲁多": 2, "加紧": 1, "公开": 1, "唱对台戏": 1, "北极": 8, "施加": 1, "影响力": 1, "本周": 1, "自由党": 1, "派": 1, "执政党": 1, "议员": 2, "参加": 1, "上海": 1, "场": 1, "区域": 1, "合作": 2, "研讨会": 2, "周五": 1, "10日": 1, "担任": 1, "外交": 1, "职务": 1, "安德鲁•莱斯利": 1, "AndrewLeslie": 1, "会上": 1, "「": 1, "」": 1, "地区": 2, "机会": 1, "环球": 1, "邮报": 1, "解读": 1, "逮捕": 1, "首席": 1, "财务官": 1, "北京": 1, "拒绝": 1, "高层": 1, "官员": 1, "会晤": 1, "此次": 1, "显示": 1, "国": 1, "关系": 1, "打开": 2, "缺口": 1, "姿态": 1, "立场": 1, "相左": 1, "上周一": 1, "6日": 1, "芬兰": 1, "第11": 1, "届": 1, "理事会": 1, "部长级": 1, "会议": 1, "国务卿": 1, "蓬佩奥": 1, "国家": 1, "权利": 1, "警告": 1, "科学": 1, "研究": 1, "借口": 1, "军事": 1, "扩张": 1, "博主": 1, "无脑": 1, "吹华": 1, "4499/5499": 1, "Mate20": 1, "X带": 1, "卖": 2, "12800": 1, "po口": 1, "良心": 2, "评论区": 1, "观点": 1, "溢价": 2, "差": 1, "差不多": 1, "溢": 1, "价​": 1, "当初": 1, "追星": 1, "挺": 3, "fm": 1, "聊天": 1, "焦对": 1, "乐队": 1, "团": 1, "演唱会": 1, "跳": 1, "跳去": 1, "灯光": 1, "难度": 1, "第五": 1, "排": 1, "正前方": 1, "位置": 1, "大概": 1, "五六": 1, "倍": 3, "放大": 1, "试": 1, "六": 1, "变焦": 1, "才能": 1, "为啥": 1, "录像": 1, "五": 1, "清图": 1, "层": 1, "看台": 1, "走来": 1, "右边": 1, "舞台": 1, "满意": 1, "都会": 1, "前排": 1, "爱豆": 1, "抒情": 1, "歌手": 1, "果断": 1, "在家": 1, "照片": 1, "开心": 1, "近期": 1, "招聘": 1, "能源": 2, "汽车": 1, "专家": 1, "工程师": 1, "纯": 1, "电动": 1, "整车": 2, "热": 1, "控制": 1, "电机": 1, "研发": 1, "方向": 1, "干嘛": 1}