{"值": 1, "猪年": 3, "来临": 1, "之际": 1, "口中": 1, "猪蹄子": 1, "老师": 1, "理应": 1, "送": 3, "新年": 1, "礼物": 1, "共计": 1, "三": 1, "波": 4, "今日": 2, "第一": 3, "间断": 1, "送礼": 1, "带来": 1, "好运": 1, "转发": 3, "本条": 1, "+": 2, "至少": 1, "@": 6, "研友": 1, "1月": 2, "21日": 1, "抽": 5, "同学": 3, "送华": 1, "iPad": 1, "支持": 1, "国货": 1, "、": 10, "5": 1, "2020": 3, "数学": 1, "全程": 1, "班": 1, "：": 24, "O网页": 1, "链接": 2, "零食": 1, "大礼包": 1, "报备": 1, "抽奖": 1, "平台": 2, "视频": 7, "送给": 1, "精神": 3, "食粮": 1, "不用": 1, "L宇哥": 1, "考研": 1, "台": 2, "工研院": 3, "禁用": 1, "华为": 69, "设备": 1, "国台办": 4, "甘当": 4, "外人": 4, "棋子": 4, "不得人心": 3, "针对": 1, "台湾": 5, "禁止": 3, "内部": 2, "员工": 8, "手机": 8, "电脑": 2, "发言人": 2, "马晓光": 1, "回应": 5, "出于": 2, "政治": 2, "目的": 3, "破坏": 2, "两岸": 2, "经贸": 2, "合作": 7, "做法": 4, "反对": 2, "损害": 11, "大陆": 3, "企业": 4, "利益": 12, "消费者": 2, "迎合": 2, "外国": 4, "势力": 2, "外媒": 7, "首访": 2, "园区": 4, "建筑": 2, "风格": 1, "欧式": 1, "运行": 1, "有轨": 1, "电车": 1, "位于": 1, "东莞": 1, "究竟": 1, "长": 1, "占地": 1, "面积": 1, "9": 1, "平方千": 1, "米": 1, "容纳": 1, "2.4万-2.5万": 1, "名": 2, "内": 1, "灵感": 1, "来源于": 1, "座": 1, "欧洲": 2, "城市": 1, "1.7万": 1, "入驻": 1, "5万": 1, "深圳": 2, "总部": 2, ">>O": 1, "​": 18, "篇": 2, "文章": 4, "结尾": 1, "有意思": 1, "苹果": 3, "美国": 12, "日本": 1, "销量": 1, "都": 2, "下滑": 2, "有人": 3, "定价": 2, "太": 2, "美": 4, "贸易": 4, "争端": 1, "国产": 1, "厂商": 1, "崛起": 1, "原因": 1, "归结": 1, "中国": 11, "经济": 2, "难道": 1, "承认": 1, "恶化": 1, "难": 1, "引子": 1, "谈": 1, "O": 7, "一个": 4, "组合": 1, "净值": 1, "走势": 1, "到底": 1, "发生": 3, "任正非": 33, "想念": 7, "女儿": 11, "正义": 4, "伸张": 4, "谈及": 1, "CFO": 3, "孟晚舟": 7, "发表": 2, "过多": 1, "评论": 1, "加拿大": 2, "法律": 1, "体系": 1, "开放": 2, "等待": 1, "法院": 1, "判决": 1, "罕见": 5, "采访": 11, "很": 1, "部门": 1, "产品": 2, "台胞": 1, "称": 3, "记者": 2, "张怡": 1, "": 2, "赠书": 1, "胜利": 2, "无路可走": 2, "战下": 1, "攻势": 1, "紧锣密鼓": 1, "被捕": 1, "何去何从": 1, "首次": 1, "解析": 1, "30年": 1, "制胜之道": 1, "誉为": 1, "教父级": 1, "企业家": 2, "定义": 1, "惶恐": 1, "才能": 3, "生存": 1, "偏执": 1, "成功": 1, "绝处": 1, "制胜": 1, "向死而生": 1, "商业": 4, "哲学": 1, "——": 4, "＋": 1, "关注": 1, "小说": 1, "天天": 1, "荐": 1, "随机": 1, "热转": 1, "赠送": 1, "图书": 1, "截止": 1, "24日": 1, "反复": 1, "从未": 3, "哪方": 1, "提供": 5, "客户": 9, "数据": 2, "ZF": 1, "信息": 4, "安装": 1, "强制": 1, "后门": 1, "爱": 1, "国家": 8, ".....": 1, "永远": 1, "伤害": 1, "试": 2, "前置": 1, "自拍": 1, "美颜": 2, "软件": 1, "自带": 1, "666": 1, "2019年": 5, "艰难": 1, "目标": 2, "营收": 3, "增幅": 1, "低于": 2, "20%": 4, "全年": 1, "1250亿": 4, "美元": 4, "接受": 7, "增速": 3, "遭遇": 4, "中兴": 7, "命运": 3, "绝不": 3, "损人": 1, "上市": 2, "公司": 3, "漂亮": 2, "财报": 2, "市场": 5, "缩减": 1, "规模": 1, "活": 1, "未来": 2, "多年": 1, "研发": 1, "投入": 1, "事情": 1, "身上": 1, "华尔街": 1, "见闻": 1, "TA": 1, "晚安": 1, "年前": 2, "飞仙": 1, "小七": 1, "如今": 1, "流浪": 1, "少女": 1, "花不弃": 1, "岁月": 1, "林依晨": 1, "宽容": 1, "天真": 1, "机灵": 1, "！": 2, "穿越": 1, "回": 1, "古代": 1, "想": 1, "转评": 1, "送出": 1, "耳机": 1, "副": 1, "中企": 1, "5G": 5, "国际": 6, "专利": 2, "超": 1, "2400": 2, "项": 5, "标准": 4, "超过": 4, "占比": 1, "30%": 1, "昨天": 1, "工信部": 1, "透露": 1, "我国": 2, "主导": 1, "49": 1, "电信": 1, "联盟": 1, "牵头": 1, "新立": 1, "项目": 1, "73": 1, "推动": 1, "公正": 3, "15日": 2, "广东": 1, "创始人": 1, "受访": 1, "度": 1, "表态": 1, "观望": 1, "总统": 1, "特朗普": 2, "会否": 1, "介入": 1, "案件": 1, "严正": 1, "否认": 2, "参与": 1, "间谍": 4, "活动": 2, "政府": 3, "从来": 1, "伙伴": 1, "正当": 2, "包围": 1, "想到": 2, "后果": 3, "中时": 1, "电子报": 1, "封杀": 1, "超越": 1, "跃升": 1, "全球": 2, "市": 1, "占": 1, "第二": 1, "研究": 1, "机构": 3, "TrendForce": 1, "预估": 1, "产量": 1, "持续": 1, "成长": 1, "2.25亿": 1, "支": 1, "占有率": 1, "16%": 1, "预警": 1, "巨头": 1, "未": 1, "走出": 1, "新机": 1, "旧机": 1, "地区": 1, "禁售": 1, "需求": 1, "降低": 1, "O包围": 1, "轻易": 1, "告诉": 2, "别人": 1, "住": 1, "～": 1, "Mate20": 1, "L华": 2, "终端": 2, "官方": 2, "秒拍": 3, "关闭": 4, "面对": 2, "网络": 3, "质疑": 2, "独立": 2, "预计": 3, "增长": 2, "环境": 2, "影响": 2, "年收入": 2, "舌尖": 1, "夜晚": 1, "美食": 1, "部落": 1, "庆典": 1, "~": 1, "收获": 1, "不错": 2, "‘": 2, "’": 2, "懂": 1, "请": 1, "携": 1, "株": 1, "温婉": 1, "黄玫瑰": 1, "低头": 1, "温柔": 1, "静默": 1, "时光": 1, "窗": 1, "烟火": 1, "垂落": 1, "紫陌": 1, "红尘": 1, "恋上": 1, "冬日": 1, "摄影": 3, "影像": 1, "成诗": 1, "预言": 2, "输掉": 2, "场": 2, "争夺": 2, "后悔": 3, "100年": 3, "生态圈": 1, "才": 2, "唯一": 1, "出路": 1, "私底下": 1, "竞争": 3, "4G": 1, "时代": 1, "轻松": 1, "阻击": 1, "福克斯": 1, "网站": 1, "写道": 1, "警方": 1, "逮捕": 1, "各国": 1, "计划": 1, "2020年": 1, "时间点": 1, "届时": 1, "很多": 1, "推出": 1, "80万亿": 1, "产业战": 1, "迎来": 1, "高潮": 1, "而今": 1, "较量": 1, "刚刚": 1, "日前": 1, "长安": 2, "汽车": 3, "深化": 2, "战略": 2, "落地": 1, "暨": 1, "联合": 1, "创新": 1, "中心": 1, "揭牌": 1, "仪式": 1, "重庆": 1, "隆重": 1, "此次": 1, "进一步": 1, "携手": 1, "打造": 2, "全新": 1, "用车": 1, "生态": 1, "智能化": 1, "领域": 3, "L4": 1, "自动": 1, "驾驶": 1, "5G车": 1, "联网": 1, "C-V2X": 1, "10余": 1, "前瞻": 1, "技术": 2, "展开": 1, "用户": 1, "智能": 2, "驾乘": 1, "体验": 1, "；": 1, "能源": 1, "一流": 1, "领先": 2, "电动": 1, "隐私": 1, "保护": 1, "致力": 1, "站": 2, "确实": 1, "意外": 1, "隐忍": 1, "低调": 2, "外界": 1, "传达": 1, "自强": 1, "宣言": 1, "对内": 1, "稳定": 1, "军心": 1, "木秀于林": 1, "风": 1, "摧": 1, "对手": 1, "待遇": 1, "无人区": 1, "领跑": 1, "伴随": 1, "压力": 2, "显得": 1, "2018年": 1, "平静": 1, "祝福": 2, "CNBC": 1, "表达": 1, "挂念": 1, "始终": 1, "困难": 1, "2019": 1, "减税": 1, "罕有": 1, "买": 1, "mate20": 1, "爱国": 1, "｜": 2, "驳斥": 1, "指控": 2, "思念": 2, "摩擦": 2, "颗": 2, "芝麻": 2, "L凤凰网": 2, "事件": 3, "媒体": 1, "风口": 1, "没法": 1, "发声": 1, "指": 1, "收到": 1, "请求": 1, "扣押": 1, "善待": 1, "吸引": 1, "投资": 1, "极力": 1, "推荐": 1, "老总": 1, "实录": 1, "70多": 1, "老": 1, "父亲": 1, "老板": 1, "股东": 1, "数量": 1, "9.7万": 1, "外部": 1, "持股": 1, "在意": 1, "有损": 1, "Huaweihasneverand": 1, "willnotspyfortheChinesegovernment,said": 1, "RenZhengfei": 1, "founderof": 1, "thetechgiant": 1, "inarare": 1, "interviewonTuesdayashiscompanyundergoescontinuousespionageaccusations": 1, ".": 2, "NolawrequiresanycompanyinChinatoinstallmandatorybackdoors,": 1, "RensaidtoThe": 1, "WallStreetJournal": 1, "Ipersonallywouldneverharmthe": 1, "interestofmycustomers,andmeandmycompanywouldnotanswertosuchare": 1, "quest.": 1, "Formore:O": 1, "网页": 1}