{"明星": 3, "偷税": 3, "吸毒": 3, "原谅": 3, "袁隆平": 5, "买": 3, "华为": 33, "手机": 11, "羞辱": 3, "这才": 3, "时代": 4, "悲哀": 3, "！": 6, "央视": 2, "专访": 4, "​": 21, "听说": 1, "垃圾": 2, "分类": 2, "不少": 1, "朋友": 2, "犯难": 1, "生活": 3, "难题": 1, "不妨": 1, "语音": 1, "助手": 1, "小艺": 2, "聊聊": 1, "场": 1, "关乎": 1, "文明": 2, "素养": 1, "考试": 1, "风趣": 1, "回答": 1, "迎刃而解": 1, "借助": 1, "AI": 13, "开启": 1, "唐乐": 3, "旅": 1, "黑科技": 2, "文化": 3, "艺术": 1, "大胆": 1, "尝试": 1, "深度": 2, "学习": 5, "古人": 2, "弹琴": 1, "减字谱": 4, "编曲": 8, "规律": 4, "唱": 2, "1300": 10, "年前": 10, "声音": 11, "世界": 4, "听到": 3, "中国": 7, "悠久": 1, "动人": 1, "旋律": 1, "L": 3, "视频": 15, "秒拍": 10, "这是": 2, "博物": 1, "惊叹": 1, "人工": 3, "智能": 4, "不止": 2, "博古通今": 1, "懂": 3, "诗歌": 3, "乐理": 1, "一言不合": 1, "带": 3, "找回": 5, "L华": 8, "终端": 8, "官方": 8, "通篇": 1, "干货": 1, "6月": 2, "18日": 1, "创始人": 4, "任正非": 20, "接受": 8, "法国": 9, "观点": 8, "周刊": 8, "采访": 9, "全文": 1, "实录": 6, "奇葩": 1, "用法": 1, "很多": 1, "买华": 1, "30pro": 2, "都会": 1, "拍": 1, "摩天轮": 1, "广告": 4, "影视": 1, "公司": 5, "出手": 1, "…": 2, "麒麟980": 1, "NPU": 1, "芯片": 1, "搭载": 1, "神经": 1, "网络": 1, "模型": 2, "古时": 1, "减字": 1, "乐谱": 1, "技术": 3, "破译": 1, "能力": 2, "重构": 4, "古代": 2, "谱曲": 1, "破解": 1, "古谱": 2, "编写": 1, "程序": 1, "Mate20Pro": 1, "拍下": 1, "博物馆": 1, "转化": 1, "简谱": 1, "收录": 1, "数据库": 1, "训练": 1, "对着": 1, "Mate20Pro朗诵": 1, "春江花月夜": 9, "键": 1, "生成": 1, "古诗词": 2, "匹配": 1, "古音": 1, "古律": 1, "太": 2, "好看": 1, "近期": 1, "质感": 1, "元素": 1, "拍摄": 2, "真的": 2, "找到": 1, "路": 1, "：": 22, "5G": 17, "将来": 4, "美国": 9, "落后": 7, "国家": 17, "前不久": 1, "幸亏": 1, "爱立信": 3, "、": 21, "诺基亚": 3, "担负": 1, "人类": 1, "排斥": 1, "赞赏": 2, "苹果": 4, "信息": 1, "传送": 1, "速度": 4, "提升": 1, "带来": 1, "经济": 2, "不可估量": 1, "增长": 2, "至少": 1, "4G": 4, "快": 2, "10": 1, "倍": 2, "快速": 1, "发展": 4, "成本": 3, "比特": 2, "计算": 2, "1/10": 3, "特能耗": 1, "同等": 1, "能耗": 1, "2G": 1, "一万": 1, "一个": 3, "产品": 1, "先进性": 1, "意味着": 1, "价值": 1, "戳链": 1, "接O": 1, "内部": 1, "论坛": 1, "公开": 1, "核心": 1, "内容": 2, "想": 4, "未来": 2, "传教士": 1, "低": 1, "时延": 1, "互联网": 1, "艘": 1, "船": 1, "便宜": 2, "稳定": 1, "意识": 1, "形态": 1, "观摩": 1, "排雷": 1, "挖坑": 1, "高超": 1, "水准": 1, "O网页": 1, "链接": 1, "文人": 1, "风骨": 1, "长安": 1, "十二": 1, "时辰": 1, "都": 4, "跨越": 1, "时空": 1, "梦回": 1, "唐朝": 3, "听": 2, "冷": 1, "知识": 6, "1.": 1, "首写": 1, "初唐": 1, "后人": 1, "誉为": 1, "孤篇盖全唐": 1, ".": 2, "作者": 1, "张若虚": 1, "一生": 1, "作品": 2, "诗": 5, "流传": 1, "后世": 1, "3": 1, "当年": 1, "写": 1, "配有": 1, "曲调": 1, "4.": 1, "早已": 2, "丢失": 2, "竟": 1, "实话": 1, "拷问": 1, "粉丝": 1, "追易": 1, "烊": 1, "千玺": 1, "新剧": 1, "古风": 1, "好奇": 1, "才": 1, "充满": 1, "雅韵": 1, "歌": 1, "吹牛": 1, "谱": 1, "弹": 1, "天书": 1, "想到": 2, "识谱": 1, "继华": 1, "影业": 1, "音乐": 1, "上线": 1, "产权": 1, "中石化": 3, "oppo分列": 2, "上半年": 7, "发明": 14, "专利": 11, "授权量": 6, "三": 2, "7月": 1, "9日": 1, "产权局": 4, "京": 1, "举办": 1, "2019年": 3, "第三": 1, "季度": 1, "例行": 1, "发布会": 2, "披露": 1, "数据": 1, "显示": 1, "全国": 1, "授权": 4, "23.8万": 2, "件": 14, "同比": 1, "9.9%": 1, "国内": 4, "19.2万": 1, "职务": 2, "18.3万": 1, "占": 2, "95.2%": 1, "；": 2, "0.9万": 1, "4.8%": 1, "含": 2, "港澳台": 2, "排名": 2, "前3": 2, "企业": 2, "依次": 2, "有限公司": 3, "2314": 4, "石油": 1, "化工": 1, "股份": 1, "1595": 2, "OPPO": 2, "广东": 1, "通信": 1, "1312": 2, "O华": 1, "回到": 1, "喜欢": 1, "干什么": 1, "撸猫": 1, "追剧": 1, "烹饪": 1, "发呆": 1, "@": 1, "FIRST": 1, "青年": 1, "电影": 2, "展入": 1, "导演": 1, "赠": 1, "P30": 1, "Pro": 1, "比近": 1, "触摸": 1, "柔软": 2, "讲述": 1, "眼中": 1, "记录": 2, "戳": 1, "评论": 1, "征集": 1, "活动": 1, "详情": 1, "发": 1, "分享": 1, "惊喜": 1, "影像": 1, "​​": 2, "［": 1, "AI懂唐乐": 1, "］": 1, "持续": 1, "创新": 1, "碰撞": 1, "历史": 2, "经典": 1, "古风曲调": 1, "▷": 1, "越来越": 1, "贵": 3, "语出惊人": 1, "此前": 1, "卖": 3, "厂商": 1, "挤压": 1, "死": 2, "钱": 4, "发给": 2, "员工": 1, "股东": 1, "懒散": 1, "大规模": 1, "投入": 2, "科研": 2, "一部分": 1, "赠送": 1, "大学": 2, "支持": 1, "教授": 1, "研究": 1, "近日": 1, "提供": 1, "设备": 1, "三年": 1, "内": 1, "厂家": 1, "赶上": 1, "供应": 1, "生产": 1, "热火朝天": 1, "新闻": 1, "发言人": 1, "称": 1, "我国": 1, "申请量": 1, "64.9万": 1, "O": 2, "算": 1, "古风】AI": 1, "局限": 1, "通俗": 1, "流行歌": 1, "古风古调": 1, "曲谱": 1, "分析": 1, "曲": 1, "展现": 1, "网易": 1, "CEO": 1, "丁磊": 1, "竟是": 1, "骨头": 1, "找": 1, "L行长菌": 1, "春江": 1, "潮水": 1, "连海平": 1, "海上": 1, "明月": 1, "潮生": 1, "世人": 1, "传颂": 1, "千古": 1, "绝唱": 1, "伴奏": 1, "长河": 1, "AI黑": 1, "科技": 1, "救华": 2, "人民": 3, "做出": 3, "利益": 2, "牺牲": 2, "解决": 1, "贸易": 1, "关系": 4, "大事": 1, "亿万": 1, "掺和": 1, "贸易战": 1, "谈": 1, "就要": 1, "好处": 1, "让步": 1, "挨打": 1, "一点": 2, "艰苦奋斗": 1, "意志": 1, "坚强": 1, "心声": 1, "社区": 1, "打击": 1, "领域": 1, "物联网": 1, "工厂": 1, "VS": 1, "变化": 1, "印象": 1, "深刻": 1, "注入": 1, "韵律": 1, "灵魂": 1, "时间": 1, "流淌": 1, "HUAWEIMate20Pro": 1, "AI识曲": 1, "找寻": 1, "古乐": 1, "还原": 1, "盛唐": 1, "气象": 1, "谱调": 1, "再次": 1, "奏响": 1, "领会": 1, "1300年": 1, "别样": 1, "唐曲": 1, "韵味": 1, "日前": 1, "新世界": 1, "长": 1, "15": 1, "页": 1, "篇幅": 1, "报道": 1, "涉及": 1, "美": 1, "中欧": 1, "地缘": 1, "政治": 1, "鸿蒙": 1, "系统": 1, "旨在": 1, "用于": 1, "多种": 1, "设备O": 1, "(": 1, ")": 1, "早上": 2, "上班": 1, "路上": 1, "oppo": 1, "高管": 1, "imx586": 2, "颗": 1, "4800万": 1, "摄像头": 3, "设计": 1, "很": 2, "好笑": 1, "无非": 1, "做厚": 1, "红米": 1, "荣耀": 1, "20pro": 1, "30": 1, "小米": 1, "9": 1, "nova5pro": 1, "vivoiqoo": 1, "没用": 1, "索尼": 1, "厚": 2, "追求": 2, "超薄": 1, "轻": 1, "难": 1, "鱼": 1, "熊掌": 1, "兼得": 1, "这次": 1, "说话": 1, "幽默": 1, "记者": 2, "起床": 1, "动力": 1, "睡": 1, "吃": 1, "早餐": 1, "政府": 1, "投资": 3, "运营商": 2, "马上": 1, "赚到": 1, "换成": 1, "标准": 1, "收费": 1, "盈利": 1, "增加": 1, "交换机": 1, "上世纪": 1, "全世界": 1, "老师": 2, "尊敬": 1, "本质": 1, "数学": 1, "加大": 1, "O任": 1}