{"美国": 50, "CNN": 25, "主播": 14, "期": 5, "节目": 10, "现场": 6, "邀请": 5, "观众": 20, "投票": 12, "判断": 6, "政府": 11, "到底": 5, "为啥": 5, "打击": 9, "华为": 54, "亮": 8, "！": 20, "都": 14, "聪明": 10, "详戳": 2, "：": 27, "L": 8, "视频": 35, "秒拍": 13, "​": 18, "扩展": 1, "、": 15, "压缩": 1, "变形": 1, "折叠": 7, "空间": 2, "艺术": 1, "带来": 4, "崭新": 1, "诠释": 1, "MWC2019": 4, "倒计时": 6, "3": 6, "L华": 5, "终端": 2, "公司": 6, "​​​": 2, "德媒": 1, "德国": 6, "附和": 2, "禁止": 3, "参与": 3, "5G": 13, "竞标": 3, "思科": 1, "硬件": 1, "开后门": 1, "警告": 1, "太": 4, "有趣": 1, "商报": 1, "19日": 1, "引述": 1, "数据": 1, "保护": 2, "专员": 1, "乌尔里希·科贝尔": 1, "表态": 1, "讽刺": 1, "为由": 1, "盟国": 1, "禁用": 1, "态度": 1, "报道": 5, "称": 5, "圈内": 1, "人士": 1, "消息": 4, "基本上": 1, "原则": 1, "该国": 1, "网络": 4, "标准": 1, "修改": 1, "法律": 1, "针对": 1, "中国": 9, "O德媒": 1, "英国": 8, "广播": 1, "(": 2, "BBC": 1, ")": 2, "18日": 1, "发布": 7, "段": 1, "创始人": 1, "任正非": 1, "专访": 1, "有线": 1, "电视": 1, "新闻网": 1, "关注": 2, "近期": 1, "发起": 5, "原因": 18, "选择": 1, "政治": 10, "因素": 1, "嘉宾": 1, "直呼": 1, "!O": 1, "抢": 2, "三星": 10, "折叠屏": 11, "手机": 21, "重蹈": 2, "苹果": 4, "覆辙": 2, "北京": 1, "时间": 3, "2月": 10, "21日": 3, "凌晨": 4, "3点": 1, "旧金山": 1, "举办": 2, "新品": 2, "发布会": 2, "正式": 1, "GalaxyS10": 1, "系列": 3, "备受": 1, "瞩目": 1, "——": 1, "GalaxyFold": 1, "这是": 2, "旗下": 1, "首款": 1, "设计": 2, "惊艳": 1, "价格": 2, "贵": 1, "哭": 2, "CNBC": 1, "篇": 1, "文章": 1, "分析": 1, "定价": 1, "；": 5, "缺少": 1, "刚需": 1, "功能": 1, "市场": 1, "惨败": 1, "……": 3, "O出名": 1, "趁早": 1, "贵到": 1, "@": 3, "61%": 9, "民众": 16, "打压": 13, "民意": 7, "调查": 11, "背后": 4, "QuestMeansBusiness": 4, "播出": 4, "24%": 4, "出于": 4, "13%": 4, "商业": 4, ".": 1, "OCNN": 1, "群众": 1, "新浪": 4, "科技": 4, "联合": 3, "三大": 3, "运营商": 4, "打通": 2, "跨网": 2, "通话": 3, "伦敦": 1, "2019": 1, "世界": 3, "大会": 2, "预沟": 1, "通会": 1, "会上": 1, "本地": 1, "全球": 4, "基于": 1, "多方": 1, "30多": 1, "商用": 1, "合同": 1, "18": 1, "欧洲": 1, "O华": 3, "#华": 2, "为官": 4, "宣折": 4, "叠屏": 4, "24日": 7, "MWC": 2, "下午": 2, "今日": 2, "海外": 4, "屏新机": 2, "官宣": 2, "动向": 2, "放出": 2, "短": 6, "预示": 2, "智慧": 3, "附带": 2, "展示": 3, "一个": 3, "文字": 2, "内容": 2, "均": 2, "暗示": 2, "即将": 2, "设备": 3, "MWC见L": 2, "参考": 2, "视界": 1, "英媒": 4, "介绍": 3, "火车站": 8, "忘": 3, "酸华": 2, "评论": 2, "网友": 3, "却说": 2, "网速": 2, "真的": 2, "超级": 2, "快": 2, "感觉": 2, "妈妈": 2, "身边": 2, "这几天": 2, "座": 2, "媒体": 2, "上火": 2, "外国": 2, "小哥": 2, "忍": 2, "不住": 2, "打卡": 2, "每日": 2, "邮报": 2, "西方": 3, "国家": 3, "间谍": 3, "活动": 2, "担忧": 2, "避开": 2, "技术": 4, "推出": 2, "谈及": 1, "扯上": 1, "产品": 4, "指控": 2, "买账": 1, "详情": 1, "戳": 1, "↓↓": 1, "替代": 5, "最牛": 1, "同理": 1, "未来": 1, "企业": 2, "工作": 2, "无可": 1, "想": 1, "找到": 1, "老板": 1, "花": 1, "金钱": 1, "精力": 1, "牛": 1, "时刻": 1, "永远": 1, "计划": 1, "内在": 1, "上海": 1, "虹桥": 1, "深度": 1, "覆盖": 1, "建成": 1, "站": 1, "采用": 1, "5G室": 1, "内": 1, "数字": 2, "系统": 1, "听": 1, "很": 3, "硬核": 1, "实际上": 1, "旅客": 1, "来讲": 1, "体验": 1, "带": 1, "羡慕": 1, "语气": 1, "举例": 1, "秒": 2, "下载": 1, "2G": 1, "电影": 1, "候车厅": 1, "玩": 1, "VR": 1, "游戏": 1, "刷脸": 1, "验证": 1, "智能": 1, "机器人": 1, "送": 1, "餐": 1, "……O": 1, "网页": 1, "链接": 1, "期待": 2, "距": 1, "开幕": 1, "4": 3, "围绕": 1, "全新": 1, "风格": 1, "TheVillage": 1, "主题": 1, "业务": 5, "消费者": 3, "GSMA": 1, "创新": 1, "城市": 1, "四": 1, "展区": 2, "打造": 1, "错落有致": 1, "开放": 1, "友好": 1, "数字化": 1, "村落": 2, "大伙": 1, "数字村": 1, "村民": 1, "村里": 1, "见OMWC2019": 1, "探索": 1, "游历": 1, "L视频": 1, "邀": 1, "起点": 1, "领航": 1, "三": 4, "天后": 1, "惊喜": 1, "遇见": 1, "相约": 1, "西班牙": 1, "巴塞罗那": 1, "花粉们": 1, "这次": 1, "突破": 1, "低头": 1, "写字": 1, "鸟": 2, "叫声": 1, "好像": 1, "摸起": 1, "寻声": 1, "急调": 1, "焦距": 1, "mate20": 1, "争气": 1, "请教": 1, "大咖": 1, "脑袋": 1, "夹过": 1, "小鸟": 1, "身体": 1, "概": 1, "美丽": 2, "鸟冠": 2, "金毛": 1, "上半身": 1, "斑马线": 1, "下半身": 1, "镜头": 1, "推": 1, "羽冠": 2, "美": 2, "难怪": 1, "古代": 1, "后妃": 1, "礼冠": 1, "头饰": 1, "做成": 1, "模样": 1, "雍容华贵": 1, "进化": 1, "偶么": 1, "鸟类": 1, "公务员": 1, "地位": 1, "千字文": 1, "鸟官": 1, "人皇": 1, "未知": 1, "网搜": 1, "鸟叫": 1, "戴胜": 2, "学名": 1, "Upupaepops": 1, "名胡": 1, "哱哱": 1, "花蒲": 1, "扇": 1, "山": 1, "和尚": 1, "鸡冠鸟": 1, "头顶": 1, "醒目": 1, "平时": 1, "褶叠": 1, "倒伏": 1, "直竖": 1, "打开": 1, "折扇": 1, "随同": 1, "鸣叫": 1, "时起时伏": 1, "嘴": 1, "细长": 1, "往下": 1, "弯曲": 1, "栖息": 1, "开阔": 1, "田园": 1, "园林": 1, "郊野": 1, "树干": 1, "有名": 1, "食虫鸟": 1, "捕食金": 1, "针虫": 1, "蝼蛄": 1, "行军": 1, "虫": 1, "步行虫": 1, "天牛": 1, "幼虫": 1, "害虫": 1, "占": 1, "总食量": 1, "88%": 1, "网上": 1, "照片": 1, "邂逅": 1, "海岛": 1, "过年": 1, "一大": 1, "收获": 1, "观点": 1, "简单": 1, "立场": 2, "TFBOYS🧡": 1, "拿命": 1, "五": 1, "男孩": 1, "诋毁": 1, "北电": 1, "中戏": 1, "伯克利": 1, "考上": 1, "OPPO": 1, "小米": 6, "代言": 2, "百搭": 1, "阿姨": 1, "请": 2, "道歉": 2, "啵啵": 1, "百分九": 1, "S允恩": 1, "允恩": 2, "全网": 1, "TFBOYS": 1, "直播": 1, "骂": 1, "tf": 1, "npc": 1, "S10": 2, "刚": 1, "P30": 1, "预热": 1, "官方": 2, "Twitter": 1, "连发": 1, "条": 1, "图文": 1, "暗怼": 1, "①": 1, "4100": 1, "毫安": 2, "电池": 2, "4200": 1, "才": 1, "持久": 1, "续航": 1, "②": 1, "引领": 1, "反向": 1, "无线": 1, "充电": 1, "这项": 1, "③": 1, "强大": 1, "变焦": 1, "能力": 1, "后边": 1, "④": 1, "最终": 1, "摄": 1, "行列": 1, "⑤": 1, "2D": 1, "面部": 1, "识别": 1, "用来": 1, "支付": 1, "历史": 1, "证明": 1, "6": 1, "9": 4, "不止": 1, "一点": 3, "...": 1, "看华": 1, "联想": 1, "打破": 2, "传统": 1, "形态": 1, "2019MWC": 1, "L新浪": 2, "雷军": 4, "拍": 3, "月亮": 4, "效果": 1, "吊打": 1, "新增": 1, "模式": 1, "拍出": 1, "品牌": 1, "清晰": 1, "相机": 1, "跑分": 1, "中排": 1, "戏称": 1, "登顶": 1, "留": 1, "究竟": 1, "雷军": 1, "赵明": 1, "pk": 1, "王源": 1, "才能": 1, "机智": 1, "躲避": 1, "掉": 1, "贪吃蛇": 1, "追捕": 1, "畅享": 1, "潮炫": 1, "珍珠屏": 1, "视野": 1, "束缚": 1, "净屏": 1, "畅享屏": 1, "乐趣": 1, "~": 1, "期[": 1, "米奇": 1, "心]": 1, "摄影": 1, "气泡玛": 1, "奇朵": 1, "nova3vsco": 1, "调色": 1, "N1+12": 1, "曝光": 1, "+": 1, "饱和-0.5": 1, "色温+2": 1, "肤色-5": 1, "冬天": 1, "瞬间": 1}