{"💫": 1, "易烊": 3, "千玺": 2, "2019": 1, "玊尔": 1, "演唱会": 1, "#💫": 1, "千": 1, "玺": 2, "少年": 2, "当面": 1, "夸易": 1, "烊千": 1, "玺帅": 1, "体验": 8, "硬核": 1, "憋笑": 1, "VS": 1, "害羞": 1, "抿嘴": 1, "@": 8, "TFBOYS": 1, "K念": 1, "想": 1, "电影": 1, "情感": 1, "曲易烊千": 1, "四": 4, "字": 5, "弟弟": 1, "yyqx": 1, "唱歌": 2, "yy": 2, "qx": 6, "跳舞": 1, "帅好": 1, "看好": 1, "听": 2, "szdd四": 1, "好看": 2, "四字帅": 1, "好听yy": 1, "x华为yyqx": 1, "中戏": 1, "双料": 1, "第一yyqx帅yy": 1, "casescyyqx": 1, "对不起yy": 1, "千禧龙yy": 1, "qxlyyqxinsyyqxdvyyqx": 1, "舞台": 1, "yyqxysfyy": 1, "casescyy": 1, "qx猫yyqx": 1, "L星闻": 1, "揭秘": 1, "视频": 10, "学霸": 3, "13": 5, "篇": 9, "SCI": 5, "运气": 4, "...": 2, "读研": 2, "期间": 2, "总共": 2, "发表": 3, "论文": 7, "第一": 10, "作者": 3, "5": 3, "；": 3, "申请": 2, "3": 5, "项": 4, "中国": 19, "发明": 4, "专利": 4, "国际": 3, "参加": 2, "华为": 64, "中央": 2, "硬件": 2, "工程院": 2, "实习": 2, "获评": 2, "优秀": 2, "实习生": 2, "斩获": 2, "竺可桢": 3, "奖学金": 3, "浙江": 3, "大学": 3, "高分子": 5, "科学": 2, "工程学": 2, "材料": 2, "专业": 2, "2017": 2, "硕士生": 2, "小梅": 3, "问及": 1, "众多": 1, "角逐者": 1, "脱颖而出": 1, "笑": 1, "台上一分钟": 1, "台下十年功": 1, "背后": 2, "来之不易": 1, "不知": 1, "——": 1, "行业": 1, "发展": 1, "飞快": 1, "科研": 4, "投稿": 2, "讲究": 1, "时效性": 1, "有时候": 1, "时间": 3, "仅仅": 1, "相差": 2, "一两": 1, "档次": 1, "很多": 5, "路": 1, "并非": 1, "一帆风顺": 1, "累累": 1, "成果": 1, "一把把": 1, "心酸泪": 1, "O关注|2年": 1, "！": 11, "获奖": 1, "学金": 1, "浙大": 1, "女": 1, "竟": 1, "：": 19, "任正非": 25, "批评": 9, "公司": 8, "内部": 8, "过度": 13, "消费": 13, "国人": 13, "热情": 13, "新京报": 2, "报道": 2, "德国": 8, "记者": 6, "人民": 4, "视为": 4, "国家": 4, "骄傲": 4, "中国人": 4, "选择": 6, "购买": 4, "手机": 19, "希望": 4, "度过": 7, "困难": 5, "时期": 6, "对此": 4, "客户": 10, "中心": 4, "、": 11, "感知": 3, "放": 4, "..": 1, "灿若星辰": 1, "浙": 1, "大人": 1, "竺奖": 1, "达人": 1, "尼玛matex": 1, "线下": 2, "旗舰店": 1, "买": 6, "卖": 4, "线": 1, "秒光": 1, "淘宝": 1, "4.5w": 1, "黄牛": 3, "大爷": 1, "诚心": 1, "好好": 2, "赚": 1, "钱": 2, "1": 1, "2000": 1, "都": 9, "翻": 1, "倍": 2, "nmsl": 1, "祝": 1, "发大财": 1, "​": 9, "终端": 1, "官方": 1, "台湾": 1, "媒体": 4, "支付点": 1, "广告费": 1, "节目": 1, "夸赞": 1, "Mate30": 3, "那种": 1, "眉飞色舞": 1, "与有荣焉": 1, "感觉": 3, "着实": 1, "感动": 1, "演示": 1, "镜头": 1, "摄影": 2, "特意": 1, "水桶": 1, "带到": 1, "摄影棚": 1, "主持人": 2, "亲自": 2, "录像": 1, "当场": 1, "检验": 1, "效果": 3, "宣传": 1, "佳": 1, "脚": 1, "起码": 1, "送": 2, "嘉宾": 1, "「": 1, "白问": 2, "NO.96": 1, "期": 2, "」": 1, "携": 3, "号": 3, "转网": 3, "详细": 1, "操作": 3, "FreeBuds3": 2, "遇风": 2, "挂": 1, "热度": 1, "很": 5, "半": 1, "开放式": 1, "降噪": 2, "耳机": 2, "—": 1, "连接": 1, "功能": 1, "真的": 3, "挂掉": 1, "实测": 1, "马上": 1, "换换": 1, "网络": 1, "5000": 1, "元": 3, "档位": 1, "主观": 2, "推荐": 3, "～": 1, "本期": 1, "聊聊": 1, "L小白": 1, "测评": 1, "发布": 5, "头条": 1, "文章": 1, "机会": 3, "大于": 3, "风险": 3, "": 2, "财经": 1, "每日": 1, "必读": 1, "赚钱": 3, "季": 1, "周五": 1, "股权": 1, "+": 2, "/": 2, "科技": 5, "VR": 1, "游戏": 1, "区块链": 1, "智能": 6, "穿戴": 1, "分化": 1, "养殖": 1, "知识": 2, "产权": 1, "跌幅": 1, "主板": 2, "放量": 1, "下跌": 1, "明日": 4, "预设": 1, "探底": 1, "企稳": 1, "观察": 2, "成交量": 1, "放大": 2, "强势": 2, "股": 3, "接力": 1, "亏": 1, "效应": 3, "再次": 1, "宝鼎": 1, "香山": 1, "股份": 1, "情绪": 2, "标杆": 2, "空间板": 1, "高度": 1, "5板": 1, "首板": 1, "数量": 1, "缩小": 1, "大概率": 1, "不少": 1, "跟风": 1, "票会": 1, "按着": 1, "地板": 1, "摩擦": 1, "盘后": 1, "重点": 2, "关注": 3, "盘中": 2, "逆市": 1, "人气股": 3, "先于": 1, "恢复": 2, "分歧": 1, "优": 1, "策略": 1, "回踩": 1, "低": 2, "吸": 1, "主线": 1, "板块": 4, "超跌": 2, "轮动": 1, "吸富": 1, "一生": 1, "科创板": 1, "反复": 1, "活跃": 2, "迹象": 1, "三达膜": 1, "沃尔德": 1, "瀚川": 1, "华熙": 1, "生物": 2, "安恒": 1, "信息": 1, "乐鑫": 1, "微芯": 1, "耐心": 1, "再度": 1, "内": 1, "前期": 1, "不错": 1, "套利": 1, "方向": 1, "Ps:2870": 1, "O": 6, "谈": 1, "近日": 1, "采访": 4, "越来越": 2, "歌": 1, "神仙": 1, "打架": 1, "前辈": 1, "歌手": 2, "那英": 1, "周华健": 1, "蔡健雅": 1, "黄凯芹": 1, "新声": 1, "X玖": 1, "少年团": 1, "肖战": 1, "DAYTOY": 1, "阿云嘎Musical": 1, "火箭": 1, "少女": 1, "101": 1, "李紫婷": 1, "蒋一": 1, "侨": 1, "期待": 1, "表现": 1, "Ps": 1, "荣耀": 1, "安利": 1, "一个": 4, "tips": 1, "自带": 1, "芒果TV": 1, "优酷": 1, "腾讯": 1, "内容": 1, "今晚": 1, "安排": 1, "智慧": 1, "云脑": 1, "瑶光": 4, "系统": 6, "当下": 1, "热议": 1, "话题": 1, "感受": 2, "云为": 1, "生活": 5, "带来": 2, "改变": 3, "悄悄": 1, "告诉": 1, "支付": 1, "共享": 1, "经济": 1, "5G": 5, "云+AI": 1, "世界": 2, "面前": 1, "不值一提": 1, "智能化": 1, "进程": 1, "速度": 1, "超过": 1, "想象": 1, "L数码君": 2, "秒拍": 2, "晚霞": 1, "港澳": 1, "风景": 1, "30p": 1, "曝光": 1, "18": 1, "秒": 1, "iso55": 1, "EV1.3": 1, "滤镜": 1, "除雾": 1, "第二": 1, "无滤镜": 1, "香港": 1, "自由": 1, "行加": 1, "加​": 1, "马云": 1, "马化腾": 1, "大佬们": 1, "苹果": 15, "用户": 3, "为啥": 1, "支持": 1, "幌子": 1, "招黑": 1, "明星": 1, "偷税": 1, "吸毒": 1, "原谅": 1, "袁隆平": 1, "羞辱": 1, "这才": 1, "时代": 2, "悲哀": 1, "南木": 1, "大叔": 1, "关晓彤": 1, "拿到": 1, "MateX": 2, "羡慕": 1, "显脸": 1, "估计": 1, "机子": 1, "挡脸": 1, "差不多": 1, "mate30": 1, "做为": 1, "多年": 1, "客观": 1, "区别": 2, "王牌": 1, "超级": 2, "顺滑": 1, "工整": 1, "刷": 1, "朋友圈": 1, "快": 3, "一丁点": 1, "打字": 1, "平顺": 1, "界面": 1, "干净": 1, "安卓": 1, "差": 2, "一点点": 2, "软件": 2, "确实": 3, "无可匹敌": 1, "致命": 1, "缺点": 1, "刚好": 1, "优点": 1, "电池": 3, "一代": 1, "旗舰机": 1, "半年": 1, "痛苦": 1, "出门": 1, "带": 3, "充电宝": 2, "绑架": 1, "厌烦": 1, "充电": 2, "漫长": 1, "不停": 1, "轻度": 1, "旁边": 1, "十几": 1, "分钟": 1, "一眼": 1, "充满": 1, "相机": 1, "四川": 1, "乡下": 1, "家人": 1, "P30": 1, "拍": 2, "夜景": 1, "真心": 1, "一点": 2, "夸张": 1, "有人": 5, "拍照": 2, "失真": 1, "照片": 2, "清晰": 1, "弱": 1, "天下": 1, "无敌": 1, "抓住": 1, "差异性": 1, "领域": 1, "飞速": 1, "值得": 1, "肯定": 1, "xsmaxs512g": 1, "一万一": 1, "mate305g256g": 1, "6200": 1, "性价比": 1, "或许": 1, "商用": 1, "创新": 1, "懂": 1, "OUT": 1, "联接": 1, "基础": 2, "提供": 1, "智慧化": 1, "云才": 1, "决胜": 1, "未来": 2, "关键": 1, "喜欢": 1, "商品": 1, "餐厅": 1, "企业": 1, "适合": 1, "算力": 1, "足够": 1, "革新云": 1, "服务": 1, "网友": 1, "戴旭": 1, "上午": 1, "朋友们": 1, "交流": 1, "足球": 3, "输": 1, "叙利亚": 1, "里皮": 1, "辞职": 1, "皮": 2, "场上": 1, "球员": 1, "在场": 1, "害怕": 1, "斗志": 1, "欲望": 1, "胆量": 1, "从容": 1, "传球": 1, "体现": 1, "训练": 1, "东西": 1, "主教练": 1, "责任": 2, "这不": 2, "这是": 1, "社会": 3, "男": 1, "队员": 1, "身上": 1, "胆怯": 1, "萎靡": 1, "青年": 2, "整体": 1, "精神": 2, "面貌": 1, "找": 1, "教育": 2, "导向": 1, "上找": 1, "去年": 1, "开学": 1, "课": 1, "引导": 1, "新时代": 1, "东亚": 1, "病夫": 1, "国足": 1, "最新": 2, "纪要": 5, "10月份": 2, "增长率": 2, "17%": 2, "15日": 1, "心声": 3, "社区": 3, "公开": 1, "11月": 1, "6日": 1, "接受": 1, "全文": 1, "美国": 2, "解决": 1, "供应": 3, "美联社": 1, "参观": 1, "展厅": 1, "每块": 1, "电路板": 1, "芯片": 1, "零部件": 1, "开心": 1, "😉": 1, "湖北省": 1, "博物馆": 1, "人文": 1, "这次": 1, "亲眼": 1, "战国": 1, "曾侯乙": 1, "编钟": 1, "唐代": 1, "天风": 1, "海涛": 1, "古琴": 2, "传统": 2, "文化": 3, "震撼": 1, "系列": 1, "助力": 1, "国宝": 1, "跨时空": 1, "协奏": 1, "可能性": 1, "山东": 1, "演奏": 1, "天风海涛琴": 1, "国家级": 1, "非物质": 1, "遗产": 1, "传承人": 1, "高培芬": 1, "老师": 2, "诸城派": 1, "第五": 1, "传人": 1, "称": 1, "日前": 2, "圆桌": 2, "炒到": 1, "9万一": 2, "16999": 2, "折叠屏": 3, "抢疯": 2, "加价": 2, "2万": 2, "回收": 2, "面板": 1, "太平洋": 1, "证券": 1, "建议": 1, "京东方A": 1, "维信诺": 2, "TCL": 1, "京东方": 1, "折叠": 2, "OLED": 2, "柔性": 2, "屏": 3, "小米": 1, "深天": 1, "马柔性": 1, "量产": 1, "价格": 3, "数据": 1, "调研": 1, "机构": 1, "DSCC": 1, "预测": 1, "2022年": 1, "良率": 1, "产能": 1, "利用率": 1, "提升": 1, "有望": 1, "下降": 1, "90": 1, "美元": 1, "大幅": 1, "下滑": 1, "O炒": 1, "太": 1, "……": 1, "稍微": 1, "丢": 2, "纯": 1, "综合": 1, "仨": 1, "站": 1, "FreeBuds3​": 1, "MatePadPro": 1, "款": 2, "采用": 1, "挖孔": 1, "设计": 1, "平板": 1, "电脑": 1, "。。。。": 1, "孟晚舟": 3, "总体": 3, "考验": 3, "电台": 1, "提问": 2, "近况": 1, "电话": 1, "次数": 1, "妈妈": 1, "陪": 1, "状况": 1, "坚强": 1, "场": 1, "出资": 1, "亿": 1, "东莞": 1, "建设": 1, "中学": 2, "名叫": 1, "清澜山": 1, "学校": 1, "办学": 1, "标准": 1, "学费": 1, "贵": 1, "教师": 1, "团队": 1, "素质": 1, "招收": 1, "学生": 1, "大部分": 1, "员工": 2, "孩子": 1, "总裁": 1, "目标": 1, "排名": 1, "我国": 1, "基础教育": 1, "摆脱": 1, "落后": 1, "西方": 1, "局面": 1, "数码群": 1, "发": 3, "真机图": 1, "上手": 1, "标注": 1, "来源": 1, "订单": 1, "截图": 1, "假装": 1, "抢到": 1, "乐": 1, "较真": 1, "对方": 1, "聊天": 2, "盗": 2, "网上": 2, "图片": 3, "这位": 1, "原委": 1, "声": 1, "删": 1, "误导": 1, "小人": 1, "故意": 1, "黑": 1, "节奏": 1, "智商": 1, "理解": 1, "高潮": 1, "DigiX": 1, "数字": 1, "生活节": 1, "葫芦": 1, "丝": 1, "最为": 1, "典型": 1, "云南": 1, "民族": 1, "乐器": 1, "富有": 1, "浓郁": 1, "地方色彩": 1, "本次": 1, "视频·Digi": 1, "X艺": 1, "视界": 1, "邀请": 1, "著名": 1, "葫芦丝": 4, "演奏家": 1, "李春华": 1, "来到": 1, "现场": 2, "分享": 1, "相关": 1, "表演": 1, "经典": 1, "曲目": 1, "领略": 1, "独特": 1, "魅力": 1, "转发": 1, "随机": 1, "抽": 1, "副": 1, "​O": 1, "抽奖": 1, "详情": 1, "组织": 2, "科学家": 2, "还乡": 2, "团补": 2, "洞": 2, "补好": 2, "德媒": 1, "园区": 1, "架": 2, "二战": 1, "千疮百孔": 2, "战斗机": 1, "比喻": 1, "处境": 1, "回答": 1, "实体": 1, "清单": 1, "刚": 1, "偶然": 1, "飞机": 2, "浑身": 1, "弹孔": 1, "飞": 1, "生存": 1, "顽强": 1, "飞行": 1}