{"华为": 82, "CFO": 5, "孟晚舟": 21, "被捕": 7, "外交部": 39, "召见": 33, "加拿大": 64, "驻华": 32, "大使": 33, "加方": 71, "无理": 12, "拘押": 59, "公司": 35, "负责人": 28, "提出": 34, "严正": 27, "交涉": 27, "中国": 104, "副部长": 15, "乐玉成": 22, "紧急": 16, "麦家廉": 15, "抗议": 15, "指出": 15, "美方": 16, "为由": 15, "温哥华": 15, "转机": 14, "公民": 31, "侵犯": 14, "合法": 29, "、": 56, "正当": 29, "权益": 29, "于法不顾": 14, "不合": 14, "于情": 14, "不容": 14, "性质": 14, "极其": 14, "恶劣": 15, "中方": 15, "敦促": 16, "释放": 18, "人员": 16, "切实": 15, "保障": 15, "当事人": 15, "必将": 16, "后果": 19, "为此": 15, "承担": 15, "责任": 15, "央视": 2, "记者": 4, "申杨": 1, "12月": 14, "8日": 15, "：": 29, "保释": 7, "听证": 3, "10日": 3, "当地": 5, "时间": 5, "7日": 2, "下午": 4, "不列颠哥伦比亚": 2, "高等": 3, "法院": 3, "女士": 8, "申请": 2, "未": 5, "做出": 1, "裁决": 3, "1点": 2, "孟": 3, "处于": 2, "状态": 2, "张森": 1, "​": 6, "建议": 2, "政府": 7, "制裁": 6, "事件": 3, "持续": 2, "发酵": 1, "美国": 41, "高官": 1, "总理": 1, "相继": 1, "发表": 1, "谈话": 1, "美": 18, "国": 4, "均": 1, "司法": 6, "独立": 3, "国家": 14, "单位": 1, "通知": 1, "逮捕": 5, "呼吁": 4, "鬼话": 1, "承认": 1, "宪法": 3, "确实": 1, "三": 1, "权": 1, "分立": 1, "原则": 1, "行政": 1, "立法": 1, "特朗普": 8, "一再": 1, "玷污": 2, "举例": 2, "一己之私": 1, "逃避": 1, "俄门": 1, "调查": 1, "明目张胆": 2, "干预": 1, "炒掉": 1, "部长": 1, "度": 1, "提到": 1, "包括": 4, "任命": 1, "性侵": 1, "指控": 1, "卡瓦诺": 1, "大法官": 1, "公开": 1, "批评": 1, "法官": 1, "审判": 1, "挑衅": 3, "制度": 1, "怀疑": 1, "出自于": 1, "授意": 1, "此举": 1, "控": 1, "破坏": 1, "伊": 1, "都": 22, "重罚": 1, "高管": 3, "施压": 1, "高度": 1, "将来": 1, "面临": 1, "联合": 3, "抵制": 1, "5G": 2, "想": 8, "提醒": 1, "读者": 1, "谈判": 1, "本钱": 2, "庞大": 1, "消费": 4, "市场": 8, "并驾齐驱": 1, "高达": 1, "40万亿": 1, "人民币": 1, "明年": 1, "超过": 1, "全球": 1, "单一": 1, "反感": 1, "两头": 1, "讨好": 1, "签订": 2, "自贸": 2, "协定": 3, "同意": 1, "毒药": 1, "条款": 1, "禁止": 2, "面对": 1, "媒体": 1, "质问": 1, "闪烁其词": 1, "正面": 1, "表态": 1, "机会": 4, "严厉": 1, "产品": 9, "新华社": 1, "北京": 2, "１２月": 1, "８日": 2, "电": 1, "乐": 7, "玉成": 7, "自负": 3, "2018年": 9, "O": 5, "放人": 2, "胡": 10, "锡进": 11, "苹果": 19, "手机": 23, "发": 12, "挺": 14, "生产": 3, "博弈": 1, "世界": 6, "变局": 1, "2019": 1, "环球": 21, "时报": 22, "年会": 6, "举办": 1, "总编辑": 5, "致辞": 5, "全文": 1, "学者": 2, "来宾": 2, "领导": 4, "女士们": 2, "先生们": 2, "感谢": 4, "寒冷": 2, "早上": 2, "来到": 2, "参加": 2, "2018": 2, "岁末": 2, "迫不及待": 2, "恨": 2, "主题": 2, "拉到台": 2, "吊打": 2, "规矩": 2, "主办方": 2, "还要": 2, "一个": 9, "说起": 2, "老胡": 9, "很多": 5, "从未": 2, "麻烦": 2, "四月": 2, "封杀": 2, "中兴": 9, "通信": 3, "很": 9, "生气": 2, "力挺": 4, "发出": 1, "豪言壮语": 3, "今夜": 2, "员工": 4, "点赞": 2, "上万": 2, "第二": 2, "黑": 2, "帖子": 4, "明明白白": 2, "显示": 2, "7发": 2, "虚伪": 2, "！": 6, "一时间": 5, "骂": 5, "互联网": 2, "火": 2, "真心": 2, "故意": 2, "我军": 2, "劝": 2, "实话": 2, "带头": 2, "作用": 2, "贸易": 8, "战刚": 2, "开打": 2, "可谓": 2, "一马当先": 2, "写": 2, "充满": 2, "文章": 2, "记得": 2, "社评": 6, "句子": 2, "抗美援朝": 2, "勇气": 2, "场": 2, "贸易战": 4, "；": 14, "相逼": 2, "太平洋": 2, "天堑": 2, "打掉": 2, "颗": 2, "门牙": 2, "互不摸底": 2, "相互": 2, "宣示": 2, "意志": 2, "决心": 2, "希望": 6, "狠话": 2, "对方": 2, "看成": 2, "摆": 2, "商务": 2, "部门": 2, "棍子": 2, "可惜": 2, "吓住": 4, "关税": 2, "实施": 2, "报复": 2, "大半年": 2, "任正非": 5, "女儿": 5, "扣留": 3, "社会": 10, "群情": 3, "激愤": 3, "有人": 3, "挑": 3, "矛盾": 3, "感受": 3, "归骂": 3, "爱疯": 2, "应有": 2, "姿态": 2, "顺差": 3, "大国": 2, "中外": 3, "享有": 2, "平等": 2, "权利": 2, "外国货": 2, "歧视": 5, "惹": 2, "更何况": 2, "融合": 2, "利益": 6, "下半年": 2, "战真": 2, "担心": 2, "经济": 2, "损失": 2, "千万": 2, "外部": 2, "压力": 3, "逼": 2, "保守": 4, "逼左": 2, "逆境": 2, "住": 2, "深化": 5, "改革": 8, "开放": 10, "格局": 2, "方向": 2, "调整": 2, "一遍遍": 2, "改开": 4, "重要性": 2, "党": 2, "坚强": 2, "政治": 2, "稳定": 2, "前提": 4, "内部": 3, "宽松": 2, "活力": 2, "落实": 2, "现实": 2, "意义": 2, "建设": 3, "正能量": 2, "提高": 2, "负能量": 2, "承受力": 2, "解放思想": 4, "探讨": 4, "时代": 2, "内涵": 2, "中西": 2, "意识": 2, "形态": 2, "差距": 7, "情况": 4, "缓和": 2, "西方": 2, "关系": 4, "冷战": 2, "核心": 10, "经历": 2, "平凡": 2, "斗争": 2, "家常便饭": 2, "华": 2, "政策": 2, "发生": 2, "断崖式": 2, "强硬": 2, "变化": 2, "在座": 2, "最终": 2, "季": 2, "年份": 2, "记住": 2, "请": 2, "路": 2, "专家": 2, "学者们": 2, "精彩": 2, "务实": 2, "支持": 8, "朋友们": 2, "表白": 2, "始终": 2, "坚定": 4, "维护者": 2, "崛起": 2, "荣辱": 2, "关头": 2, "值": 2, "关键": 2, "时刻": 2, "老师": 2, "理解": 2, "从不": 2, "孤独": 2, "谢谢": 2, "女": 1, "发帖": 1, "——": 3, "直言": 1, "董事": 1, "高级": 1, "副总裁": 1, "陈黎芳": 1, "近日": 1, "座谈会": 1, "讲话": 1, "说到": 1, "正视": 1, "强大": 2, "学习": 2, "永远": 1, "情绪": 1, "主导": 1, "工作": 2, "民粹主义": 1, "民粹": 1, "至少": 1, "言论": 1, "全体": 1, "危机感": 1, "盲目": 1, "乐观": 1, "狭隘": 1, "民族主义": 1, "制造": 2, "小富即安": 1, "手头": 1, "活钱": 1, "了不得": 1, "产业": 5, "增长": 1, "潜力": 1, "附加值": 1, "精钢": 1, "钻": 1, "牛仔裤": 1, "运动鞋": 1, "赶上": 2, "农民工": 1, "进城": 1, "通用": 2, "电气": 1, "波音": 2, "诺斯洛普格拉曼": 1, "霍尼韦尔": 1, "洛克希德·马丁": 1, "雷神": 2, "汤普森·拉莫·伍尔德里奇": 1, "技术": 5, "利顿": 1, "工业": 5, "达信": 1, "CSC": 1, "ITT": 1, "防务": 1, "休斯": 1, "电子": 5, "L-3": 1, "艾连特": 1, "系统": 6, "哈里斯": 1, "罗克韦尔": 1, "阿尔康": 1, "韦里迪安": 1, "西利康": 1, "图解": 1, "计算": 1, "布兹·阿伦·哈密尔顿": 1, "普利迈克斯": 1, "米特里......EGG": 1, "DRS": 1, "泰": 1, "列·谢格勒": 1, "装备": 1, "支援": 1, "蒂坦": 1, "安特翁": 1, "AM": 1, "General": 1, "数据": 3, "奥什科什": 1, "库比克": 1, "汽车": 3, "陶氏": 1, "亨斯曼": 1, "PPG": 1, "伊士曼": 1, "化工": 4, "孟山都": 1, "道康宁": 1, "惠普": 1, "安捷伦": 2, "IBM": 1, "泰科": 1, "英特尔": 1, "卡特彼勒": 1, "德尔福": 1, "杜邦": 2, "江森": 1, "自控": 1, "思科": 1, "3": 1, "M": 1, "迪尔": 1, "特异": 1, "施乐": 1, "艾默生": 1, "惠而浦": 1, "摩托罗拉": 1, "朗讯": 1, "辉瑞": 1, "罗氏": 1, "礼来": 1, "企业": 4, "加上": 1, "普林斯顿": 1, "哈佛": 1, "耶鲁": 1, "斯坦福": 1, "伯克利": 1, "加州": 1, "理工": 2, "麻省": 1, "芝加哥": 1, "哥伦比亚": 1, "大学": 1, "才": 4, "综合国力": 1, "支柱": 1, "骄傲": 1, "原因": 1, "30年": 1, "奋力": 1, "追赶": 1, "距离": 1, "差": 2, "十万八千": 1, "远": 1, "二万五千": 1, "复合材料": 2, "领域": 4, "积累": 1, "工艺": 2, "我国": 2, "25": 1, "倍": 1, "涡扇": 2, "发动机": 2, "做完": 1, "材料": 5, "试验": 3, "数量": 1, "GE": 1, "5%": 1, "尤其是": 2, "微电子": 1, "精密": 6, "仪表": 5, "仪器": 7, "国内": 1, "实验室": 1, "不好意思": 1, "别人": 1, "打招呼": 1, "传感器": 3, "精细": 1, "特种": 2, "金属": 2, "陶瓷": 1, "不可以道里计": 1, "单单": 1, "机械": 3, "高档": 3, "数控": 2, "数字化": 1, "工具": 1, "量仪": 1, "DCS": 1, "FCS": 1, "PLC": 1, "智能": 3, "控制": 1, "20年": 1, "设备": 4, "精度": 1, "稳定性": 1, "智能化": 1, "流量": 1, "物位": 1, "成份": 1, "可靠": 1, "执行器": 1, "电网": 1, "先进": 1, "量测": 1, "AMI": 1, "分析": 2, "测试": 3, "力学": 1, "性能": 2, "新型": 2, "无损": 1, "检测": 3, "环境": 2, "国防": 2, "各类": 1, "进口": 2, "瓦森纳": 1, "禁运": 1, "只能": 2, "隐蔽": 1, "战线": 1, "同志": 1, "冒险": 1, "可靠性": 2, "力敏": 1, "磁敏": 1, "复合": 1, "光纤": 1, "MEMS": 1, "生物": 1, "专用": 1, "芯片": 1, "色谱": 1, "光谱": 1, "质谱": 1, "器件": 2, "参数": 1, "轴承": 1, "液压": 1, "/": 2, "气动": 1, "密封": 1, "元件": 1, "齿轮": 1, "传动": 1, "装置": 2, "大型": 1, "长寿命": 1, "模具": 1, "军品": 1, "级别": 1, "变频": 1, "调速": 1, "手段": 1, "制造业": 4, "结构": 1, "优化": 1, "程度": 1, "超出": 1, "想象": 1, "石油": 2, "煤炭": 2, "依赖": 1, "资源": 1, "占比": 3, "低": 1, "消耗": 1, "能源": 2, "意外": 1, "领先": 1, "优势": 1, "2013年": 1, "制药": 1, "+": 1, "塑料": 1, "橡胶": 1, "占": 6, "产值": 1, "19.5%": 1, "食品": 1, "饮料": 1, "10.8%": 1, "电脑": 1, "9%": 1, "8.7%": 1, "7.8%": 1, "6.1%": 1, "航天": 1, "运输": 1, "5.9%": 1, "4.5%": 1, "4.4%": 1, "小看": 1, "机床": 1, "精细化": 1, "军工": 1, "歇菜": 1, "大打折扣": 1, "转发": 2, "本条": 1, "关注": 2, "@": 3, "买": 4, "小白": 1, "抽": 2, "粉丝": 1, "送": 1, "价值": 1, "9999": 1, "元": 1, "MateRS": 1, "保时捷": 1, "设计": 1, "米奇": 3, "比心": 2, "心]": 1, "后天": 1, "10号": 1, "！！": 1, "走起": 1, "抽奖": 1, "平台": 1, "戳": 1, "网页": 1, "链接": 1, "十二": 1, "超级": 1, "红包": 1, "扣后": 2, "粗暴": 2, "辱": 2, "人格": 2, "对待": 3, "加国": 2, "人权": 2, "法治": 2, "星期五": 1, "听证会": 4, "作出": 2, "休庭": 1, "星期一": 1, "开庭": 1, "外媒": 1, "援引": 1, "法庭": 2, "报道": 1, "身穿": 1, "绿色": 1, "上衣": 1, "戴": 1, "手铐": 1, "人道": 1, "假象": 1, "董事长": 1, "创业": 1, "全球性": 1, "首屈一指": 1, "科技": 1, "实属": 1, "不易": 1, "国人": 1, "全力": 1, "度过": 1, "这次": 1, "难关": 1, "扣押": 1, "网站": 2, "消息": 3, "主意": 1, "不错": 1, "......": 1, "策略": 1, "CMR": 1, "主任": 1, "推特": 1, "警告": 1, "违反": 2, "伊朗": 1, "军售": 1, "台湾": 1, "法律": 2, "承包商": 1, "执行官": 1, "留神": 1, "事态": 1, "发展": 1, "cfo": 2, "瑾": 1, "胡锡": 1, "进谈": 1, "iPhone": 8, "外国": 3, "品牌": 3, "网友": 1, "不满": 1, "不能不": 1, "换成": 1, "对此": 2, "找": 1, "广告": 1, "今日": 1, "对外贸易": 1, "公平": 1, "竞争": 1, "O胡": 1, "谈": 1, "发博": 3, "奇怪": 1, "现象": 1, "满怀": 1, "正义": 1, "企业家们": 1, "装聋作哑": 1, "上次": 1, "联想": 2, "老板": 1, "听到": 1, "众多": 1, "企业家": 1, "发声": 2, "貌似": 1, "满满": 1, "手足情": 1, "正义感": 1, "受冤": 1, "无端": 1, "举国": 1, "震惊": 1, "国民": 1, "义愤": 1, "100多": 1, "大佬们": 1, "何以": 1, "一个个": 1, "装": 1, "听见": 1, "知情": 1, "人民": 1, "日报": 1, "O环球": 1, "官网": 1, "主页": 4, "君": 4, "讲": 1, "新闻": 1, "这两天": 1, "同学们": 1, "刷屏": 1, "抓": 1, "英国": 18, "电信": 10, "禁用": 1, "...": 2, "昨天": 5, "周四": 1, "几千万": 1, "用户": 1, "集体": 2, "断网": 3, "同学": 1, "哀嚎": 1, "....": 1, "件": 2, "事情": 4, "解释": 1, "懒得": 1, "视频": 2, "review": 1, "Q": 3, ".": 10, "移除": 3, "网络": 11, "A": 5, "爱立信": 2, "崩": 2, "O2": 1, "在内": 1, "巨头": 1, "服务": 3, "提供商": 2, "日本": 1, "提供": 2, "没事": 1, "EE": 3, "信号": 1, "....Q": 2, "06": 1, "BT": 4, "定好": 1, "参与": 6, "机房": 1, "骨干": 1, "体系": 2, "只不过": 1, "2016年": 1, "收购": 3, "顺便": 1, "尘埃落定": 1, "这两年": 1, "协议": 1, "掉": 1, "做生意": 1, "CoreNet": 1, "work": 1, "工程": 1, "一部分": 1, "基站": 2, "配套": 1, "一般来说": 1, "造价": 1, "项目": 1, "小小": 1, "1%": 1, "沃达丰": 1, "一家": 2, "名字": 1, "听": 1, "好像": 2, "垄断": 1, "实际上": 3, "不许": 1, "5g": 1, "基础": 2, "设施": 2, "选": 1, "太": 2, "一点": 1, "提": 1, "17年": 1, "18年": 1, "安全局": 1, "议会": 1, "高论": 1, "五": 1, "眼": 1, "情报": 1, "联盟": 1, "员": 1, "基于": 1, "Cisoc": 1, "留学生": 1, "坏": 1, "很难说": 1, "海外": 1, "讨论": 1, "发挥": 1, "影响力": 1, "中国人": 1, "标签": 1, "重视": 1, "#L": 1, "秒拍": 1, "回应": 3, "公正": 3, "结论": 3, "不列颠": 1, "哥伦比亚省": 1, "下周": 1, "后续": 1, "给出": 1, "O华": 1, "本土": 1, "高科技": 1, "超越": 1, "第一": 1, "指日可待": 1, "能力": 1, "理由": 1}