{"『": 1, "锡纸": 2, "豪华": 1, "花甲粉": 1, "』": 1, "夏天": 1, "尾声": 1, "抓紧": 1, "吃": 2, "花甲": 2, "粉来": 1, "不及": 1, "这次": 2, "粉加": 1, "虾": 1, "鲜甜": 1, "鲜味": 1, "都": 7, "锁": 1, "揭开": 1, "一下子": 1, "家里": 1, "猫": 1, "狗": 1, "激动": 1, "坏": 1, "可惜": 1, "闻": 1, "抚慰": 1, "受伤": 1, "心灵": 1, "评论": 1, "特大": 1, "浮力": 1, "~": 1, "一日": 1, "食": 1, "记": 1, "华为": 84, "P30": 3, "未来": 3, "影像": 2, "L日": 1, "食记": 1, "视频": 8, "金灿荣": 1, "：": 14, "美国": 29, "趴下": 1, "五": 1, "老二": 1, "国家": 7, "中国": 14, "一个": 4, "优点": 1, "发起": 1, "贸易战": 1, "、": 24, "封杀": 1, "干涉": 1, "香港": 1, "事务": 1, "皆": 1, "遏制": 1, "发展": 2, "以此": 1, "保住": 1, "长期": 1, "领域": 1, "综合": 1, "国力": 1, "霸主": 1, "地位": 2, "关注": 1, "@": 2, "热门": 2, "表哥": 2, "观看": 1, "更多": 1, "经典": 1, "L热门": 1, "​": 17, "三星欲": 2, "推折": 3, "叠屏": 3, "5G": 15, "手机": 38, "韩媒": 5, "唯一": 7, "对手": 7, "三星": 12, "折叠屏": 8, "韩国": 4, "中央": 1, "日报": 1, "报道": 8, "称": 5, "电子": 4, "市场": 9, "主导权": 3, "计划": 5, "8月": 6, "23日": 2, "推出": 7, "GalaxyNote10": 2, "9月": 2, "中旬": 2, "GalaxyFold": 5, "普及": 2, "型号": 2, "智能机": 2, "GalaxyA90": 2, "三": 4, "款": 5, "智能": 7, "预计": 3, "MateX": 2, "今秋": 2, "上市": 2, "折叠": 3, "竞争": 4, "送": 1, "选": 2, "IFA2019": 1, "德国": 1, "·": 1, "柏林": 1, "L华": 1, "终端": 1, "公司": 8, "罕见": 1, "利好": 2, "！": 6, "A股": 2, "三大": 1, "股指": 1, "暴力": 1, "上涨": 1, "深圳": 10, "本地股": 3, "涨停": 2, "潮": 1, "18日": 1, "晚": 1, "中共中央": 2, "发布": 5, "国务院": 1, "支持": 1, "建设": 1, "特色": 1, "社会主义": 1, "先行": 1, "示范区": 1, "意见": 1, "刷频": 1, "朋友圈": 1, "再次": 5, "委以": 1, "重任": 1, "19日": 5, "提振": 1, "市": 1, "大盘": 2, "高开": 2, "高走": 1, "截至": 1, "收盘": 1, "沪指": 1, "涨": 3, "2.1%": 1, "；": 8, "深成": 1, "指涨": 2, "2.96%": 1, "券商": 1, "板块": 4, "掀起": 1, "停潮": 2, "创业板": 1, "3.5%": 1, "英": 1, "证券": 1, "首席": 1, "经济学家": 1, "李大霄": 1, "接受": 4, "华夏": 1, "时报": 1, "记者": 1, "采访": 4, "本地": 3, "股涨": 1, "分化": 2, "绩优": 1, "低估": 1, "蓝筹": 1, "龙头股": 1, "上行": 1, "题材": 1, "概念": 2, "价值": 1, "投资": 1, "受益": 2, "全方位": 1, "注重": 1, "质地": 1, "O": 2, "网页": 1, "链接": 1, "设计": 2, "苹果": 7, "漂亮": 2, "明星": 4, "偷税": 4, "吸毒": 4, "原谅": 4, "袁隆平": 4, "买": 6, "羞辱": 4, "这才": 4, "时代": 4, "悲哀": 4, "​​​": 1, "临时": 18, "采购": 4, "许可证": 12, "延长": 8, "90": 9, "俄罗斯": 3, "卫星": 3, "通讯社": 3, "美国商务部": 10, "长": 3, "威尔伯·罗斯": 3, "该部": 3, "企业": 9, "购买": 4, "产品": 6, "期限": 3, "福克斯": 3, "财经": 3, "频道": 3, "威胁": 3, "40余": 3, "子公司": 3, "列入": 8, "实体名单": 2, "声明": 8, "通用": 8, "改变": 5, "公正": 10, "对待": 10, "事实": 5, "经营": 5, "实质性": 5, "影响": 7, "有限": 5, "晚间": 3, "针对": 5, "延期": 6, "做出": 5, "反对": 3, "46": 4, "实体": 14, "清单": 10, "选择": 3, "时间点": 3, "证明": 4, "政治": 4, "驱动": 4, "毫无": 3, "关系": 3, "呼吁": 3, "政府": 5, "停止": 6, "移出": 3, "此举": 2, "许可": 4, "聚焦": 3, "做好": 3, "服务": 4, "全球": 13, "客户": 4, "习惯": 1, "吃饭": 1, "拍照": 1, "答案": 1, "想象": 1, "评论区": 1, "期待": 4, "美食": 1, "故事": 1, "美": 5, "回应": 3, "刚刚": 1, "环球网": 1, "编辑部": 1, "发来": 1, "美方": 7, "全文": 1, "做法": 1, "违反": 2, "市场经济": 1, "自由": 1, "原则": 1, "从中": 1, "包括": 1, "在内": 1, "打压": 4, "技术": 2, "领先": 1, "发": 1, "魅族": 1, "16sPro": 1, "小米": 3, "MIX4": 1, "vivoNEX3": 1, "Mate30Pro": 1, "下半年": 2, "值得": 2, "国产": 2, "旗舰": 2, "占领": 2, "半数": 2, "占": 2, "18%": 4, "OPPO": 6, "出货量": 6, "超": 3, "IHSMarkit": 2, "数据": 2, "显示": 2, "占据": 2, "半壁江山": 2, "2019年": 2, "第二": 4, "季度": 2, "仅次于": 2, "份额": 2, "中排": 2, "第三": 2, "11%": 2, "第五": 2, "10%": 2, "vivo排": 2, "第六": 2, "9%": 2, "3620万": 2, "台": 4, "超越": 2, "3530万": 2, "四": 2, "厂商": 2, "传音": 2, "TCL": 2, "位居": 2, "前十": 1, "老板": 3, "联播L": 1, "联播": 2, "秒拍": 2, "外国人": 1, "懂": 2, "乱": 1, "港": 1, "分子": 1, "道理": 1, "示威者": 1, "激光": 1, "笔": 1, "扫射": 1, "P30Pro": 1, "拍下": 2, "全貌": 1, "L少年": 1, "太极": 1, "开盘": 1, "小时": 1, "点评": 1, "周末": 2, "诸多": 1, "消息": 3, "早盘": 1, "震荡": 1, "各类": 1, "刺激": 2, "涨跌": 1, "互现": 1, "股": 1, "国资股": 1, "科技股": 2, "概念股": 1, "纷纷": 2, "走强": 1, "一字板": 1, "利空": 1, "银行": 1, "养殖类": 1, "跌幅": 1, "居前": 1, "致使": 1, "今日": 2, "深强": 1, "沪弱": 1, "格局": 1, "黄线": 1, "高高在上": 1, "个股": 4, "家数": 1, "几日": 1, "增多": 1, "游资": 1, "干活": 1, "热情": 1, "高涨": 1, "走势": 1, "科技类": 1, "主线": 1, "科技": 1, "盘股": 1, "走高": 1, "指数": 1, "权重": 1, "未必": 1, "走": 2, "远": 1, "可操作性": 1, "大增": 1, "短线": 1, "跟踪": 1, "热点": 1, "赚": 1, "筐": 1, "大闸蟹": 1, "中秋": 1, "成龙": 2, "大哥": 1, "新华": 1, "拍到": 1, "显得": 1, "开心": 1, "L": 2, "据悉": 2, "下月": 2, "陆续": 3, "国内": 2, "媒体": 1, "预算": 1, "哪家": 2, "普涨": 1, "明天": 1, "成色": 1, "感觉": 1, "龙头": 1, "概率": 1, "中GalaxyFold": 1, "关注度": 1, "O三星欲": 1, "恋": 1, "制作人": 1, "壁纸": 1, "太太": 1, "想": 1, "投": 1, "下稿": 1, "辛苦": 1, "(": 2, "●": 1, "°u°●)​": 1, "」": 1, "小可爱们": 1, "偶然": 1, "主题": 2, "商店": 1, "逛": 1, "发现": 1, "叠纸": 1, "好几": 1, "好看": 1, "恋": 1, "感兴趣": 1, "可爱们": 1, "｡･ω･｡": 1, ")": 1, "ﾉ♡": 1, "牌照": 2, "走出": 2, "毒圈": 2, "CNBC": 1, "部长": 2, "威尔伯•罗斯": 2, "WilburRoss": 1, "这家": 1, "供应品": 1, "现有": 1, "提供": 1, "工作": 1, "确保": 1, "附属": 1, "出口": 1, "‘": 1, "’": 1, "条款": 1, "O华": 1, "废青": 1, "激光笔": 1, "照射": 1, "警察": 1, "PRO": 1, "超远": 1, "距离": 1, "变焦": 1, "面孔": 1, "华为p30": 1, "货": 1, "抓": 1, "全民": 1, "图鉴": 1, "外交部": 2, "发言人": 2, "希望": 3, "无理": 3, "总统": 1, "特朗普": 1, "日前": 1, "声称": 1, "做生意": 1, "耿爽": 3, "例行": 1, "记者会": 1, "答问": 1, "之间": 1, "经贸": 2, "合作": 2, "互利": 1, "共赢": 1, "制裁": 2, "公平": 2, "歧视": 2, "方式": 2, "元首": 1, "大阪": 1, "会晤": 1, "供货": 1, "兑现": 2, "承诺": 2, "事关": 1, "信誉": 1, "公信力": 1, "国际": 1, "社会": 1, "眼里": 1, "说到做到": 1, "有利于": 1, "健康": 1, "稳定": 1, "9月份": 1, "LG": 1, "制造商": 2, "新品": 1, "行业": 1, "相关": 1, "人士": 1, "围绕": 1, "展开": 1, "场": 1, "正面": 1, "对战": 1, "来源": 1, "参考": 1, "消息网": 1}