{"支持": 4, "国产": 2, "送": 2, "台华": 2, "保时捷": 2, "Mate20": 2, "RS🔥": 1, "条": 1, "关注": 2, "过滤": 1, "开本": 1, "周日": 1, "抽": 1, "喜欢": 3, "折现": 2, "​": 18, "华为": 46, "P30Pro": 3, "广告": 7, "海报": 1, "昨天": 1, "争议": 1, "外媒": 1, "发现": 10, "照片": 3, "图片": 4, "网站": 2, "相机": 1, "TheVerge": 6, "写": 2, "篇": 3, "文章": 2, "造假": 3, "单反": 2, "样张": 2, "客观": 1, "算": 1, "毕竟": 2, "创意": 4, "这是": 4, "手机": 39, "传递": 1, "概念": 1, "左下角": 1, "一开始": 1, "标注": 1, "小字": 1, "影响": 2, "用户": 1, "理解": 2, "用意": 1, "美国": 20, "知名": 3, "科技": 4, "媒体": 7, "有失公允": 1, "或者说": 1, "背景": 1, "资料": 1, "印象": 2, "第一": 7, "好像": 1, "都": 5, "一点": 2, "借鉴一加": 1, "经验": 1, "宁波": 5, "理工": 5, "情侣": 12, "毕业": 10, "卖": 10, "壳": 24, "年入": 5, "百万": 5, "折叠屏": 8, "！": 19, "94年": 4, "孙蔚蔚": 5, "王炜韬": 5, "大二时": 5, "单一": 5, "学": 5, "设计": 11, "寻找": 5, "热点": 5, "设计师": 4, "合作": 4, "原创": 5, "系列": 4, "赚": 5, "一百万": 5, "发布": 9, "连夜": 5, "淘宝": 4, "款": 5, "：": 16, "终于": 5, "不用": 5, "担心": 5, "倒闭": 5, "网友": 5, "骗": 5, "L浙": 5, "视频": 13, "秒拍": 7, "硬核": 2, "别人": 1, "玩华": 1, "折叠": 2, "英国": 3, "小伙": 2, "羡慕": 1, "哭": 1, "……": 1, "老衲": 2, "科技迷": 1, "同事": 1, "盘": 1, "5G": 4, "直呼": 1, "扔": 1, "中国": 9, "感受": 3, "带来": 1, "极大": 1, "便利": 1, "这次": 1, "两会": 2, "期间": 1, "消息": 2, "听听": 1, "工作": 2, "科研": 1, "一线": 1, "代表": 1, "、": 6, "委员": 1, "聚焦": 1, "2019": 1, "L中报": 1, "一IT男": 1, "受不了": 1, "996": 1, "时间": 1, "跳槽": 1, "阿里": 1, "逃出": 1, "狼窝": 1, "虎穴​": 1, "出手": 1, "机壳": 1, "@": 4, "浙视频": 1, "90后": 1, "小烊": 2, "TFBOYS": 1, "易烊": 1, "千玺": 1, "玉渊潭": 1, "桃花": 1, "nova4": 2, "拍摄": 1, "原图": 1, "修": 1, "迫不及待": 1, "樱花": 1, "社评": 2, "威胁": 3, "柏林": 2, "羞辱": 2, "德国": 3, "压": 1, "欧洲": 5, "国家": 2, "政治": 2, "理由": 2, "改变": 1, "宣称": 1, "硬件": 1, "设备": 2, "做手脚": 1, "能力": 1, "检测": 1, "美方": 2, "网络": 3, "软件": 1, "定义": 2, "制造商": 1, "升级": 2, "运行": 1, "做出": 1, "根本性": 1, "调整": 1, "辞进化": 1, "技术": 7, "发展": 4, "还要": 1, "快": 2, "屈从": 1, "盲目": 1, "跟着": 2, "华盛顿": 1, "廉价": 1, "勇气": 1, "拉开": 1, "距离": 1, "俄罗斯": 1, "关系": 1, "摆脱": 1, "面对": 1, "战略": 1, "被动": 1, "独立": 1, "力量": 1, "世界": 4, "策略": 2, "应变": 1, "探索": 2, "利益": 1, "最大化": 1, "优先": 1, "传手": 1, "现实": 1, "O": 1, "超级": 2, "变焦": 1, "建议": 1, "老婆们": 1, "买": 3, "老公": 1, "干": 2, "RS": 1, "预告": 1, "准时": 1, "10点": 1, "送上": 1, "依然": 1, "美称": 1, "美": 2, "农村": 2, "基站": 1, "干扰": 3, "弹道": 3, "导弹": 3, "有线": 1, "电视": 1, "新闻网": 1, "(": 2, "CNN": 1, ")": 1, "12日": 1, "脑洞": 1, "大开": 1, "发表": 1, "报道": 1, "声称": 1, "地区": 2, "很多": 1, "小型": 1, "电信": 1, "运营商": 1, "公司": 2, "军事": 1, "基地": 2, "所在地": 1, "专家": 1, "就此": 1, "警告": 1, "武器化": 1, "信号塔": 1, "导致": 1, "通信": 5, "服务": 1, "瘫痪": 1, "中国人": 1, "洲际": 1, "指挥": 1, "控制": 1, "系统": 1, "无线电": 1, "信号": 1, "高端": 1, "想法": 1, "太": 1, "绝妙": 1, "高度": 1, "警惕": 1, "田鼠": 1, "发射井": 1, "徕卡Q2": 1, "简单": 1, "箱": 1, "感觉": 2, "徕卡": 2, "Q2": 1, "最新": 1, "7nm麒麟980": 1, "一个": 2, "28F1.7": 1, "镜头": 3, "三": 6, "手持": 1, "夜景": 1, "快充": 1, "智能": 5, "AI": 5, "识别": 1, "输": 1, "才": 1, "OPPO": 3, "logo": 3, "换完": 1, "主流": 1, "...": 1, "vivo": 1, "相继": 1, "更换": 2, "去年": 2, "时间点": 1, "小米": 2, "有意": 1, "来自于": 1, "标志": 1, "情报局": 1, "刚": 1, "不错": 1, "同学": 1, "波": 1, "FindX": 1, "发布会": 1, "全球": 5, "搞": 3, "违反": 1, "NDA": 1, "提前": 1, "开箱": 1, "厂商": 2, "怨声载道": 1, "骂": 1, "SB": 4, "3月底": 1, "马上": 1, "P30": 3, "余承东": 1, "本来": 2, "预热": 1, "掐头去尾": 1, "断章取义": 1, "画面": 3, "Huawei'sshot": 1, "拜托": 1, "GettyImage": 2, "商业": 1, "好不": 2, "杂志": 1, "图库": 1, "里头": 1, "买图": 1, "TM": 1, "大惊小怪": 1, "倒好": 1, "香": 1, "一帮子": 1, "国内": 1, "闹": 1, "——": 1, "办法": 1, "前科": 1, "一码归一码": 1, "标准": 1, "好多": 1, "广告图": 1, "Fake": 1, "机背": 1, "拍": 1, "大片": 1, "素材": 1, "加上": 1, "供": 1, "参考": 1, "提示": 1, "东西": 1, "少不了": 1, "免得": 1, "找麻烦": 1, "盯": 1, "月底": 1, "巴黎": 1, "坐等": 1, "TheVerge真SB": 1, "专利": 1, "申请": 1, "企业": 2, "排行榜": 2, "未来": 3, "实力": 1, "体现": 1, "名": 2, "占领": 1, "十五": 1, "五": 1, "席": 4, "六": 1, "日本": 1, "韩国": 1, "无疑": 1, "占据": 1, "人工": 1, "制高点": 1, "不可思议": 1, "电网": 1, "排": 2, "第六": 1, "仅仅": 1, "第十二": 1, "抓住": 2, "经济": 1, "奠定": 1, "坚实": 1, "基础": 1, "左面": 1, "苹果": 4, "右面": 1, "国货": 2, "荣耀": 2, "无穷": 1, "憧憬": 1, "人类": 1, "繁琐": 1, "重复": 1, "劳动": 1, "解放": 1, "生活": 1, "打理": 1, "有条不紊": 1, "打造": 2, "五彩缤纷": 1, "想": 1, "计算": 2, "参加": 1, "产业": 1, "峰会": 1, "3月": 2, "22日": 1, "福州": 1, "L华": 1, "怒": 1, "订华": 1, "台": 1, "退休": 1, "手上": 1, "5": 1, "年头": 1, "的确": 1, "老": 1, "内存": 3, "耗": 1, "差不多": 1, "双卡": 1, "双待": 1, "速度": 1, "眼光": 1, "真毒": 1, "一口气": 1, "拿下": 1, "上海": 2, "青浦": 1, "94.7万": 1, "㎡": 1, "巨无霸": 1, "研发": 3, "用地": 1, "松山湖": 2, "淀山湖": 1, "双湖": 1, "争霸": 1, "2019年": 2, "中心": 2, "正式": 1, "落户": 1, "占位": 1, "青浦区": 1, "科创": 1, "走廊": 1, "建设": 1, "主轴": 1, "投资": 2, "71亿": 1, "元": 2, "接近": 1, "规模": 1, "年产值": 1, "预计": 1, "100亿": 1, "成全": 1, "全世界": 1, "内": 1, "领先": 2, "地位": 2, "微光": 1, "秘密": 1, "26日": 1, "夜色": 1, "出色": 1, "刚刚": 1, "兔兔": 1, "官微": 1, "后台": 1, "型号": 1, "VOG-L29": 1, "新机": 1, "采用": 1, "2340": 1, "×": 1, "1080": 1, "分辨率": 1, "显示屏": 1, "搭载": 1, "麒麟980": 2, "处理器": 1, "内置": 1, "8GB": 1, "256GB": 1, "机身": 1, "存储": 1, "空间": 1, "前置": 1, "3200万": 1, "像素": 2, "摄像头": 2, "后置": 3, "主摄": 1, "4000万": 1, "总分": 1, "286152": 1, "此前": 1, "即将": 1, "本月底": 1, "持续": 1, "火拼": 1, "海底光": 2, "领域": 2, "水平": 1, "包括": 1, "中继器": 1, "在内": 1, "核心": 1, "部件": 1, "强力": 1, "挑战": 1, "泰科": 1, "阿尔卡特朗讯": 1, "海底": 2, "市场": 2, "垄断": 1, "试图": 1, "封堵": 1, "确实": 1, "牛比": 1, "拼": 1, "尴尬": 3, "越来越": 2, "友商粉": 1, "KOL": 1, "当年": 1, "尴吹": 1, "黑": 1, "几点": 1, "竟然": 2, "成真": 1, "神": 1, "预言家": 1, "经典": 1, "摄": 2, "神仙": 1, "回头": 1, "P20Pro": 1, "开创": 1, "成神": 1, "DXO榜": 1, "连续": 1, "霸占": 1, "长": 1, "至今": 1, "拉下": 1, "反而": 1, "带动": 1, "一批": 1, "友商": 1, "拼命": 1, "跟随": 1, "推出": 1, "堆": 1, "为所欲为": 1, "王者": 1, "愈发": 1, "稳固": 1, "市场占有率": 1, "三分": 1, "天下": 1, "；": 1, "销量": 1, "超越": 2, "居": 1, "第二": 1, "终端": 1, "规划": 1, "2020年": 1, "三星": 2, "登顶": 1, "肯定": 2, "黑子": 1, "期待": 1, "一语成真": 1, "估计": 1, "很": 2, "P30Pro安兔兔": 1, "跑分": 2, "曝光": 1, "28万": 1, "4000": 1, "W主": 1, "1080P": 1, "屏幕": 1, "记得": 1, "31万": 1, "？？": 1, "儿子": 2, "勤工俭学": 1, "挣": 1, "钱": 1, "老爸": 1, "V20手机": 1, "欣慰": 1, "暖暖的": 1, "谢谢": 1, "A8s": 1, "颜色": 1, "蛮": 1, "好看": 1, "LCD": 2, "打孔": 2, "屏好": 1, "评荣耀": 1, "V20": 1, "京东方": 1, "屏用": 1, "四周": 1, "发": 1, "黄": 1, "雷军": 1, "科普": 1, "打孔屏": 1, "缺点": 1}