{"我国": 21, "首次": 20, "成功": 22, "4K": 36, "超高清": 22, "电视": 38, "5G": 46, "网络": 37, "传输": 36, "测试": 24, "13日": 8, "中央": 15, "广播": 17, "总台": 15, "联合": 8, "中国": 15, "、": 30, "华为": 62, "公司": 16, "广东": 8, "深圳": 17, "2019年": 8, "央视": 8, "春晚": 10, "分会场": 8, "内容": 8, "全国": 4, "两会": 4, "期间": 4, "启用": 4, "媒体": 6, "实验室": 4, "↓O": 2, "闪耀": 1, "变幻": 1, "纵横": 1, "流转": 1, "Mate20": 1, "系列": 1, "红": 1, "蓝": 1, "知己": 1, "新色": 1, "款": 2, "新年": 2, "挚爱": 1, "转评": 2, "随机": 3, "抽": 2, "送出": 1, "HUAWEIA": 1, "I音箱": 1, "1": 1, "台": 1, "颜色": 1, "截止至": 1, "1月": 8, "18日": 2, "12:00": 1, "​": 11, "采用": 2, "此次": 3, "技术": 11, "做好": 2, "验证": 2, "#O": 1, "人生": 1, "设限": 1, "才能": 1, "精彩": 2, "世界": 2, "遇见": 2, "nova4": 2, "支": 1, "视频": 13, "告诉": 1, "照片": 1, "清晰": 1, "囊括": 1, "千": 3, "千玺": 5, "@": 7, "TFBOYS": 6, "易烊": 4, "千玺L": 1, "终端": 3, "官方": 3, "秒拍": 6, "都": 7, "听说": 1, "黑科技": 4, "科技": 2, "黑": 1, "点亮": 1, "光明": 1, "未来": 1, "！": 6, "L华": 4, "​​​": 2, "值": 2, "钱": 6, "小米": 4, "美团": 1, "表达": 2, "想": 5, "急于": 1, "上市": 4, "盘点": 2, "未": 1, "巨头": 2, "列入": 1, "任正非": 2, "真信": 1, "故意": 1, "漏掉": 1, "才": 4, "全世界": 1, "估值": 2, "蚂蚁": 1, "金服": 1, "暂时": 1, "难": 1, "争锋": 1, "林子": 1, "鸟": 1, "有人": 1, "营收": 1, "腾讯": 2, "2.5": 1, "倍": 1, "市值": 1, "8万亿": 1, "港元": 1, "硬件": 1, "互联网": 1, "市盈率": 1, "市销率": 1, "O华": 2, "社评": 2, "：": 12, "波兰": 18, "这次": 4, "美国": 10, "帮凶": 3, "美": 1, "之间": 1, "搞": 6, "选边站": 1, "志愿者": 1, "欧洲": 4, "国家": 7, "积极性": 1, "远离": 1, "设备": 3, "美方": 1, "宣传": 1, "影响": 1, "担心": 1, "真的": 10, "胁迫": 1, "公然": 1, "跳": 1, "第一": 3, "O": 5, "凶​": 1, "走过": 2, "36": 1, "历史性": 1, "这是": 1, "国家级": 1, "平台": 3, "建设": 3, "一个": 7, "突破": 2, "标志": 1, "打造": 1, "强大": 1, "引领力": 1, "传播力": 1, "影响力": 1, "国际": 1, "一流": 1, "新型": 1, "主流": 1, "加快": 1, "推进": 2, "规模": 1, "试验": 1, "示范": 1, "迈出": 1, "坚实": 1, "步伐": 1, "来源": 1, "新闻": 3, "探访": 2, "华强北": 2, "iPhone": 2, "机型": 2, "降价": 2, "超": 1, "2000": 2, "卖": 4, "12日": 2, "拍客": 1, "实地": 1, "获悉": 1, "500": 1, "元": 2, "不等": 1, "买": 2, "老": 1, "二手机": 1, "店员": 1, "称": 2, "新款": 1, "价格": 1, "贵": 1, "国产": 2, "柜台": 1, "苹果": 2, "有时候": 1, "货": 1, "老板": 2, "联播": 3, "L": 1, "间谍": 4, "活动": 3, "罪名": 1, "逮捕": 1, "名": 1, "员工": 3, "内政部长": 3, "布鲁津斯基": 1, "星期六": 1, "北约": 6, "欧盟": 5, "排除": 2, "市场": 4, "制定": 1, "立场": 4, "情报": 1, "机关": 1, "发言人": 1, "星期五": 1, "推特": 2, "公布": 4, "被捕": 1, "人员": 2, "身份": 1, "特意": 1, "CIA": 1, "FBI": 1, "国务院": 1, "账号": 1, "举动": 1, "印证": 1, "怀疑": 1, "高调": 1, "抓捕": 1, "出于": 1, "政治": 1, "目的": 1, "迎合": 1, "打击": 1, "O网页": 1, "链接": 1, "T": 1, "FBOYS": 1, "TFBOYS2019": 1, "梦想": 1, "出发": 1, "TFBOYS三": 1, "同行": 1, "记": 1, "演唱会": 3, "有感": 1, "手机": 4, "偷": 1, "很": 4, "难过": 1, "！！": 1, "源源": 4, "现场": 3, "好好": 1, "听": 2, "激动": 1, "坚定": 1, "周年": 3, "信心": 1, "一点": 1, "票": 1, "小凯": 1, "说话": 1, "绿牌": 1, "学会": 1, "带": 4, "灯牌": 2, "技巧": 1, "安检": 1, "超级": 1, "紧张": 1, "高考": 1, "进去": 1, "三": 3, "！！！": 1, "橙色": 1, "开心": 2, "属性": 1, "说出": 1, "团": 1, "写": 1, "团但": 1, "心疼": 1, "付钱": 1, "一瞬间": 1, "看完": 1, "花": 1, "全心全意": 1, "听课": 1, "满脑子": 1, "活": 1, "地方": 1, "距离": 1, "几十": 1, "米": 1, "加油": 1, "偷后": 1, "晚": 1, "发": 3, "王俊凯": 1, "王源": 1, "玺": 2, "2018年": 6, "创新": 2, "点击": 1, "时代": 3, "60": 2, "秒": 2, "见证": 1, "变化": 1, "成长": 1, "发布": 4, "麒麟980": 1, "徕卡": 1, "摄": 1, "快人": 1, "GPUTurbo": 2, "……": 1, "关注": 1, "+": 1, "话题": 1, "分享": 1, "惊艳": 1, "抽奖": 1, "送": 1, "备咖": 1, "存储": 1, "英伦灰": 1, "广告": 4, "消费者": 1, "BG": 1, "达成": 1, "共识": 1, "路透社": 1, "当地": 2, "时间": 1, "报道": 1, "布鲁辛斯基": 1, "JoachimBrudzinski": 1, "当天": 1, "该国": 2, "电台": 2, "RMFFM": 1, "商业": 1, "希望": 1, "合作": 7, "讨论": 1, "内部": 1, "担忧": 1, "成员国": 1, "研究": 1, "参与": 1, "情况": 2, "O波兰": 1, "统一": 1, "观察者": 1, "网": 1, "间谍案": 1, "1.": 1, "犯案": 2, "王": 6, "伟晶": 2, "波兰人": 1, "皮奥特": 1, "PiotrDurbajlo": 1, "任职": 2, "安全局": 1, "高官": 1, "直至": 1, "2011年": 1, "离职": 1, ".": 2, "开除": 1, "3": 2, "据说": 1, "特工": 2, "钓鱼": 2, "执法": 1, "假扮": 2, "俄罗斯": 1, "记者": 1, "找": 2, "资料": 2, "4.": 1, "搞来": 1, "情报局": 1, "主管": 1, "提供": 2, "关系": 2, "不大": 1, "5.": 1, "贪欲": 1, "可能性": 1, "使馆": 1, "经历": 1, "摆明": 1, "太": 2, "政府": 2, "隐秘": 1, "安排": 1, "回顾": 2, "里边": 1, "列举": 3, "7nm": 1, "麒麟": 1, "980": 1, "芯片": 1, "反向": 1, "无线": 1, "充电": 1, "震撼": 2, "P20Pro": 1, "4000万": 2, "像素": 2, "拍照": 1, "功能": 1, "记得": 1, "曝光": 1, "镜头": 1, "发布会": 2, "那天": 1, "有幸": 1, "巴黎": 2, "大皇宫": 1, "图文": 1, "直播": 1, "传感器": 1, "面积": 1, "样张": 1, "DXO": 1, "得分": 1, "内心": 2, "喜悦": 2, "nova星": 1, "一心一意": 1, "腊八": 1, "年年": 1, "岁岁恋": 1, "如今": 1, "相聚": 2, "炎夏": 1, "及时雨": 1, "寒冬": 1, "饮": 1, "暖心": 1, "粥": 1, "径直": 1, "走向": 1, "盎然": 1, "花路": 1, "身后": 1, "跃雀": 1, "追随": 1, "听闻": 1, "阵阵": 1, "鸟语花香": 1, "邀请": 1, "集结": 1, "📍": 1, "天街": 1, "B馆": 1, "授权": 1, "体验店": 1, "全新": 1, "记录": 1, "感动": 1, "快乐": 2, "最佳": 1, "代言人": 1, "L易烊": 1, "重庆": 1, "粉丝团": 1, "捷克": 4, "总统": 3, "总理": 3, "双双": 2, "表态": 3, "捷克网": 4, "安局": 4, "指控": 2, "安德烈·巴比什": 1, "采访": 2, "中兴": 1, "产品": 1, "威胁": 2, "警告": 2, "感到": 2, "意外": 1, "证据": 2, "泽曼": 1, "日前": 1, "指责": 1, "负责人": 1, "点名": 1, "批评": 1, "经济": 1, "利益": 3, "O捷克": 1, "跨越": 1, "101": 1, "CloudEngine": 2, "传奇": 1, "AI": 1, "匹": 1, "骏马套": 1, "智能": 2, "车上": 1, "驾": 1, "前行": 1, "2019": 2, "开年": 1, "大作": 1, "CloudEngine16800": 1, "数据": 1, "中心": 1, "交换机": 1, "承载": 1, "加速": 1, "智能化": 1, "转型": 1, "普惠AI": 1, "构建": 1, "万物": 1, "互联": 1, "使命": 1, "世界各地": 1, "脚印": 1, "请": 1, "引擎": 1, "光阴": 1, "故事": 1, "谱写": 1, "恋曲": 1, "据悉": 1, "阻挡": 1, "美食": 1, "向往": 1, "；": 2, "忙忙碌碌": 1, "生涯": 1, "胃": 1, "早已": 1, "了无": 1, "牵挂": 1, "穿过": 1, "味觉": 1, "长廊": 1, "仿徨": 1, "驻足": 1, "瞬间": 1, "发现": 2, "吃": 1, "身边": 1, "快": 1, "听从": 1, "呼唤": 1, "碗": 1, "寻见": 1, "舌尖": 1, "": 1, "兴艺": 1, "本来": 1, "足够": 1, "🌟": 4, "永远": 1, "失望": 1, "2016年": 1, "9月": 1, "韩国": 5, "正式": 1, "乐天": 6, "供地": 1, "萨德": 1, "系统": 1, "2017年": 1, "3月": 1, "免税店": 1, "广告册": 1, "张艺兴": 6, "代言": 4, "6": 1, "解约": 5, "拍": 1, "合约": 2, "结束": 1, "6月": 2, "官宣": 1, "合伙人": 1, "30日": 1, "工作室": 1, "12": 1, "粉丝": 3, "外网": 2, "撕": 2, "感谢": 1, "莲": 1, "喜欢": 2, "爱国人": 1, "例子": 1, "难道": 1, "毁约": 1, "尊严": 1, "此前": 1, "南海": 2, "事件": 6, "发生": 1, "更换": 1, "头像": 2, "此后": 1, "杜嘉班纳": 4, "立马": 1, "歌词": 1, "态度": 2, "唯独": 2, "反华": 1, "企业": 2, "萨德入": 1, "韩": 1, "🌟🌟": 2, "始终": 1, "沉默": 2, "即将": 1, "3月底": 1, "到期": 2, "难免": 1, "惹祸": 1, "上身": 1, "得不偿失": 1, "顺水推舟": 1, "自然": 1, "免除": 1, "舆论": 1, "危机": 1, "爱国": 2, "拿来": 1, "圈粉": 1, "工具": 1, "伤及": 1, "牵涉": 1, "缩头乌龟": 1, "实在": 1, "正能量": 1, "偶像": 1, "性质": 1, "参加": 2, "好比": 1, "模特": 1, "秀": 1, "p1": 1, "发声": 2, "确实": 1, "战莲": 1, "4": 1, "册": 1, "5": 2, "海外": 1, "为止": 1, "Matebookxpro": 1, "综合": 1, "素质": 1, "排": 1, "win系": 1, "笔记本": 1, "CES": 1, "给力": 1, "雷军": 2, "谈": 1, "怒怼": 2, "荣耀": 2, "怼": 2, "五": 1, "回应": 2, "都会": 1, "急": 2, "10日": 2, "红米": 1, "新品": 1, "友商": 2, "解释": 1, "铁杆": 1, "背": 1, "篇": 1, "讲话": 1, "厂商": 1, "团结": 1, "子品牌": 1, "诞生": 1, "品质": 1, "幕后": 2, "英雄": 2, "L老板": 1, "全球": 3, "研发": 4, "投入": 3, "Top10": 1, "超越": 1, "位列": 1, "第五": 1, "委员会": 1, "工业": 1, "投资": 1, "排名": 1, "报告": 1, "46": 1, "地区": 1, "2500": 1, "2017-2018": 1, "年度": 2, "汇总": 1, "内在": 1, "最多": 1, "L界": 1, "面Vnews": 1, "交·": 1, "资讯": 1, "上海": 3, "交通": 1, "大学": 1, "有限公司": 1, "战略": 2, "高校": 1, "签约": 1, "仪式": 1, "暨": 1, "工作": 1, "会议": 1, "交大": 2, "深厚": 1, "基础": 1, "2012年": 1, "建立": 2, "长期": 1, "信息": 1, "通信": 1, "材料": 1, "工程": 1, "领域": 1, "科研": 4, "人才": 2, "培养": 1, "进一步": 1, "产业": 1, "深度": 1, "融合": 1, "学术": 2, "培育": 1, "高科技": 1, "国内外": 1, "顶尖": 1, "科学家": 1, "互动": 1, "交流": 1, "↓": 1, "L央": 1, "视网": 1, "Mate20Pro": 1, "拍摄": 1, "夜晚": 1}