{"九成5G": 3, "手机": 14, "中国": 18, "2019年": 8, "称为": 1, "5G": 42, "商用": 3, "元年": 3, "国内": 2, "厂商": 1, "新机": 3, "陆续": 1, "上市": 5, "中兴": 1, "、": 65, "华为": 92, "小米": 1, "vivo": 1, "都": 9, "推出": 3, "Mate305G": 3, "vivoNEX35G": 3, "三星": 1, "Note10+5G": 1, "全球": 6, "十大": 3, "新品": 5, "9": 3, "款": 4, "国货": 1, "买": 2, "​": 14, "真香": 2, "！": 9, "德国": 20, "网络": 16, "排除": 14, "设备": 11, "提供": 6, "公平": 5, "竞争": 5, "路透社": 3, "报道": 2, "名": 2, "高级": 3, "政府": 7, "官员": 2, "10月": 5, "14日": 3, "即将": 2, "发布": 7, "规则": 5, "手册": 6, "建设": 11, "本周": 2, "证实": 5, "供应商": 4, "一个": 9, "环境": 4, "L": 5, "老板": 3, "联播": 3, "视频": 13, "任正非": 26, "：": 40, "外籍": 25, "人员": 10, "CEO": 28, "条件": 6, "15日": 5, "内部": 5, "员工": 32, "平台": 3, "心声": 4, "社区": 4, "公开": 3, "8月": 4, "20日": 4, "接受": 6, "美联社": 6, "采访": 7, "纪要": 5, "全文": 3, "回答": 2, "美方": 3, "实体": 5, "清单": 5, "制裁": 3, "聘用": 5, "技术": 18, "提问": 3, "扛": 1, "住": 1, "美国": 21, "打击": 1, "牺牲": 1, "老百姓": 3, "利益": 3, "很多": 3, "贫穷": 2, "救": 1, "钱": 2, "良心": 1, "过不去": 1, "挨打": 1, "包括": 5, "女儿": 1, "罪": 1, "让给": 1, "撤销": 1, "做好": 1, "长期": 1, "心理": 1, "谈": 4, "分析": 5, "第一": 6, "具备": 4, "能力": 4, "；": 26, "第二": 4, "公司": 24, "工作": 5, "25": 5, "基层": 8, "层层": 4, "才能": 6, "结构": 5, "西方": 4, "‘": 6, "走马灯": 4, "’": 6, "情况": 5, "喝": 8, "红酒": 4, "谈谈": 4, "哲学": 4, "领导": 4, "风趣": 3, "推荐": 5, "董事长": 4, "人选": 5, "派遣": 4, "非洲": 6, "科摩罗岛": 4, "厨": 4, "狗": 4, "锻炼": 11, "地方": 4, "知晓": 4, "业务": 6, "将来": 4, "问及": 1, "威胁": 1, "澳大利亚": 2, "想": 4, "明白": 1, "先进": 2, "工具": 3, "担忧": 1, "购买": 2, "相关": 3, "产品": 8, "等待": 1, "全世界": 1, "实验": 1, "证明": 1, "不用": 1, "焦心": 1, "环球": 1, "时报": 1, "新媒体": 1, "网友": 1, "晒": 2, "Mate30": 3, "系列": 2, "聊聊": 1, "六": 1, "融合": 1, "自然": 2, "色调": 1, "梦幻": 1, "科技": 9, "外观": 1, "喜欢": 1, "副董事长": 2, "胡厚崑": 2, "内蒙古": 2, "开发": 2, "驾驶": 2, "矿卡": 2, "2019": 2, "宽带": 3, "论坛": 3, "苏黎世": 2, "5月": 1, "合作": 2, "无人": 1, "解决": 8, "人力": 1, "成本": 1, "极大": 1, "提升": 1, "作业": 1, "效率": 1, "创始人": 1, "记者": 1, "国外": 2, "挑剔": 1, "到底": 1, "控制": 2, "拥有": 1, "决策权": 1, "组织": 3, "层": 1, "董事会": 2, "中国人": 1, "有没有": 1, "引入": 1, "任命": 1, "担任": 1, "进一步": 2, "赢得": 1, "外国": 1, "信任": 1, "内": 1, "国家": 2, "代表": 5, "产品线": 1, "主管": 1, "专家": 1, "Fellow": 1, "O": 5, "派": 1, "造#": 1, "概念": 2, "正式": 2, "掀起": 2, "轮": 2, "追": 2, "热潮": 2, "搜索量": 2, "天猫": 4, "搜": 2, "增长": 3, "27": 2, "倍": 3, "如今": 2, "预约": 2, "三大": 2, "运营商": 2, "服务": 3, "人数": 2, "超": 2, "千万": 2, "据悉": 3, "扎堆": 2, "11": 3, "首发": 2, "秒拍": 3, "mate30": 1, "回到": 1, "工作室": 1, "件": 1, "换上": 1, "心爱": 1, "壳": 1, "绚烂": 1, "光谱": 2, "遇见": 1, "未来": 4, "色彩": 1, "颜色": 1, "爱": 2, "美": 1, "之间": 1, "差距": 6, "中级": 1, "消失": 1, "高端": 1, "至少": 1, "20年": 2, "平起平坐": 1, "前提": 1, "止步不前": 1, "奋起直追": 1, "贸易战": 1, "原因": 4, "企业": 7, "颠覆": 1, "50": 1, "民企": 1, "核心": 1, "没法": 1, "干": 2, "这是": 3, "厉害": 1, "下文": 2, "段": 1, "认认真真": 1, "追赶": 2, "分割": 1, "线": 1, "～～": 1, "网文": 1, "赶上": 1, "通用": 2, "电气": 1, "波音": 1, "诺斯洛普格拉曼": 1, "霍尼韦尔": 1, "洛克希德·马丁": 1, "雷神": 1, "汤普森·拉莫·伍尔德里奇": 1, "联合": 2, "利顿": 1, "工业": 5, "达信": 1, "CSC": 1, "ITT": 1, "防务": 1, "休斯": 1, "电子": 5, "L-3": 1, "通信": 1, "艾连特": 1, "系统": 15, "哈里斯": 1, "罗克韦尔": 1, "阿尔康": 1, "韦里迪安": 1, "西利康": 1, "图解": 1, "计算": 1, "布兹·阿伦·哈密尔顿": 1, "普利迈克斯": 1, "米特里......EGG": 1, "DRS": 1, "泰": 1, "列·谢格勒": 1, "装备": 1, "支援": 1, "蒂坦": 1, "安特翁": 1, "AM": 1, "General": 1, "数据": 4, "奥什科什": 1, "库比克": 1, "汽车": 4, "陶氏": 1, "亨斯曼": 1, "PPG": 1, "伊士曼": 1, "化工": 4, "孟山都": 1, "道康宁": 1, "惠普": 1, "安捷伦": 2, "IBM": 1, "泰科": 1, "英特尔": 1, "卡特彼勒": 1, "德尔福": 1, "杜邦": 2, "江森": 1, "自控": 1, "思科": 1, "3": 8, "M": 1, "迪尔": 1, "特异": 1, "施乐": 1, "艾默生": 1, "惠而浦": 1, "摩托罗拉": 1, "朗讯": 1, "辉瑞": 1, "罗氏": 1, "礼来": 1, "加上": 1, "普林斯顿": 1, "哈佛": 1, "耶鲁": 1, "斯坦福": 1, "伯克利": 1, "加州": 1, "理工": 2, "麻省": 1, "芝加哥": 1, "哥伦比亚": 1, "大学": 1, "才": 3, "综合国力": 1, "支柱": 1, "骄傲": 1, "本钱": 1, "强大": 1, "30年": 1, "奋力": 1, "距离": 1, "差": 2, "十万八千": 1, "远": 1, "二万五千": 1, "举例": 1, "复合材料": 2, "领域": 5, "积累": 1, "工艺": 2, "我国": 2, "涡扇": 2, "发动机": 2, "做完": 1, "材料": 5, "试验": 3, "数量": 2, "GE": 1, "5%": 1, "尤其是": 2, "微电子": 1, "精密": 6, "仪表": 5, "仪器": 7, "实验室": 1, "不好意思": 1, "别人": 1, "打招呼": 1, "传感器": 3, "精细": 1, "特种": 2, "金属": 2, "陶瓷": 1, "不可以道里计": 1, "单单": 1, "机械": 3, "制造": 3, "高档": 3, "数控": 2, "数字化": 1, "量仪": 1, "DCS": 1, "FCS": 1, "PLC": 1, "智能": 7, "精度": 1, "稳定性": 1, "智能化": 1, "压力": 1, "流量": 2, "物位": 1, "成份": 1, "可靠": 1, "执行器": 1, "电网": 1, "量测": 1, "AMI": 1, "测试": 4, "力学": 1, "性能": 2, "新型": 2, "无损": 1, "检测": 3, "国防": 1, "各类": 2, "进口": 2, "瓦森纳": 1, "协定": 1, "禁运": 1, "只能": 2, "隐蔽": 1, "战线": 1, "同志": 1, "冒险": 1, "可靠性": 2, "力敏": 1, "磁敏": 1, "复合": 1, "光纤": 1, "MEMS": 1, "生物": 1, "专用": 1, "芯片": 8, "色谱": 1, "质谱": 1, "器件": 2, "参数": 1, "轴承": 1, "液压": 1, "/": 3, "气动": 1, "密封": 1, "元件": 1, "齿轮": 1, "传动": 1, "装置": 2, "大型": 1, "长寿命": 1, "模具": 1, "军品": 1, "级别": 1, "变频": 1, "调速": 1, "手段": 1, "制造业": 4, "优化": 1, "程度": 1, "超出": 1, "想象": 1, "石油": 2, "煤炭": 2, "依赖": 1, "资源": 1, "产业": 4, "占比": 3, "很": 2, "低": 2, "消耗": 1, "能源": 2, "意外": 1, "领先": 1, "优势": 1, "2013年": 1, "制药": 1, "+": 7, "塑料": 1, "橡胶": 1, "占": 6, "产值": 1, "19.5%": 1, "食品": 3, "饮料": 1, "10.8%": 1, "电脑": 1, "9%": 1, "8.7%": 1, "7.8%": 1, "6.1%": 1, "航天": 1, "运输": 1, "5.9%": 1, "4.5%": 1, "4.4%": 1, "小看": 1, "机床": 1, "精细化": 1, "军工": 1, "歇菜": 1, "大打折扣": 1, "爱国": 1, "爱民": 1, "民族": 2, "争光": 1, "争气": 1, "唯有": 1, "学习": 2, "实干": 1, "不屈": 1, "中华民族": 1, "创新": 1, "人类": 1, "文明": 1, "贡献": 2, "优秀": 1, "嘴": 1, "喊": 1, "耍": 1, "花招": 1, "喷": 1, "怨气": 1, "称": 2, "带": 2, "节气": 1, "家味": 1, "男": 1, "老爸": 3, "神": 1, "评论": 1, "赢华": 1, "精修": 1, "许久": 1, "朋友圈": 2, "闺蜜": 1, "合照": 1, "秒": 1, "直男": 2, "点评": 1, "旁边": 1, "女孩": 1, "好看": 1, "家庭": 1, "群晒": 1, "精心": 1, "烘焙": 1, "甜点": 1, "胖": 1, "嫁": 1, "低落": 1, "沮丧": 1, "男人": 1, "方式": 1, "表达": 2, "——": 1, "微信": 1, "红包": 1, "发": 1, "@": 1, "碧桂园": 1, "拍": 1, "奇幻感": 1, "旅行": 1, "Vlog": 1, "拿起": 1, "nova5": 1, "Pro": 1, "跟着": 1, "技巧": 1, "试试": 1, "L华": 1, "终端": 2, "官方": 2, "基本上": 2, "VR": 2, "渲染": 1, "一点": 1, "带宽": 3, "千兆": 1, "用户": 1, "场景": 3, "2500": 1, "玩家": 1, "小区": 3, "思路": 1, "改造": 1, "WiFi": 1, "标准": 2, "升级": 1, "6": 2, "CPE": 1, "改改": 1, "做成": 2, "家用": 1, "接入": 1, "连上": 1, "基站": 1, "在于": 1, "计费": 3, "类BOX": 1, "游戏": 2, "亦": 1, "长计费": 1, "欧洲": 1, "扩容": 1, "参与": 6, "当地": 3, "时间": 3, "最新版": 1, "指导": 1, "拉拢": 1, "传统": 1, "盟友": 1, "抵制": 1, "以此": 1, "下一代": 1, "电信": 2, "日本": 1, "新西兰": 1, "暂时": 1, "拒之门外": 1, "杨易林": 1, "L中报": 1, "整点": 1, "播": 1, "每经": 2, "10点丨": 3, "统计局": 5, "9月": 5, "CPI": 4, "同比": 9, "上涨": 12, "3%": 4, "PPI": 4, "下降": 4, "1.2%": 4, "6007": 2, "入围": 2, "北京": 2, "积分": 2, "落户": 2, "名单": 2, "1": 13, "显示": 1, "9月份": 1, "全国": 2, "居民": 2, "消费": 2, "价格": 6, "3.0%": 1, "城市": 1, "2.8%": 1, "农村": 1, "3.6%": 1, "11.2%": 1, "1.0%": 1, "消费品": 1, "4.0%": 1, "1.3%": 1, "­": 2, "—": 1, "平均": 1, "去年": 2, "同期": 1, "2.5%": 1, "海航": 4, "集团": 4, "7000亿": 2, "债务": 2, "待偿": 2, "流动性": 1, "危机": 1, "未": 1, "瘦身": 1, "超过": 1, "再次": 1, "大幅": 1, "调整": 3, "架构": 2, "处置": 2, "3000亿": 1, "资产": 3, "清理": 1, "300多": 1, "刀尖": 1, "面向": 3, "金融": 1, "地产": 1, "航空": 1, "变现": 1, "操作": 5, "持续": 3, "抽血": 1, "O每经": 1, "华为O": 1, "头条": 1, "文章": 1, "机会": 5, "大于": 3, "风险": 4, "": 2, "财经": 1, "每日": 1, "必读": 1, "赚钱": 1, "季": 1, "周二": 1, "大湾区": 1, "业绩": 2, "预增": 1, "分化": 1, "主板": 1, "缩量": 1, "明日": 2, "预设": 1, "探底": 1, "企稳": 2, "观察": 3, "成交量": 2, "放大": 3, "震荡": 2, "盘整": 1, "回踩": 2, "空间": 1, "强势": 1, "股": 1, "接力": 1, "亏": 1, "效应": 1, "再度": 1, "诚迈": 1, "非科": 1, "创板": 1, "情绪": 1, "标杆": 1, "空间板": 1, "高度": 1, "6板": 1, "首板": 2, "减少": 1, "偏好": 1, "选择": 1, "包板": 1, "涨停板": 1, "套利": 1, "优": 1, "策略": 1, "耐心": 1, "吸富": 1, "一生": 1, "科创板": 1, "筑底": 1, "南微": 1, "医学": 1, "铂力特": 1, "乐鑫": 1, "重点": 1, "关注": 1, "另外沃尔德": 1, "方邦": 1, "股份": 2, "福光": 1, "瀚川": 1, "板块": 1, "活跃": 1, "盘中": 1, "Ps:2950": 1, "电讯": 1, "商商": 1, "发言人": 1, "指出": 1, "自始至终": 1, "在外": 1, "联邦": 1, "管理局": 1, "几日": 1, "公布": 1, "详情": 1, "LNBD": 1, "印度": 7, "签署": 3, "后门": 3, "协议": 3, "分公司": 1, "首席": 1, "执行官": 1, "陈杰": 2, "13日": 1, "市场": 4, "份额": 1, "28%": 1, "阐明": 2, "方案": 6, "法规": 1, "立场": 1, "一开始": 1, "行业": 2, "充满": 1, "信心": 2, "独特": 1, "价值": 1, "做出": 1, "O华": 1, "主办": 1, "第十": 1, "届": 1, "GlobalMBBForum": 1, "15-16日": 1, "瑞士": 1, "举办": 1, "会议": 1, "加速": 2, "前行": 1, "主题": 1, "探索": 1, "ICT": 1, "途径": 1, "90": 2, "就要": 1, "动手": 1, "AmericaFUCKYEAH": 1, "公开课": 1, "了不起": 1, "据说": 2, "一道": 2, "试题": 2, "答案": 2, "4": 2, "=": 4, "52+5": 1, "123": 1, "218+": 1, "绩效": 5, "管理": 2, "常用": 1, "教练式": 4, "辅导": 5, "「": 6, "G.R.O.W": 7, ".": 7, "模型": 6, "」": 6, "Goal": 5, "目标": 13, "Reality": 4, "现状": 5, "Options": 1, "Will": 4, "计划": 5, "四": 2, "英语": 1, "单词": 2, "字母": 1, "缩写": 1, "即G": 1, "审视": 2, "R": 2, "搞": 1, "事实": 2, "O（Options": 1, "寻找": 1, "W": 2, "制定": 1, "GROW": 1, "英文": 1, "正好": 1, "成长": 2, "方法": 2, "讲解": 1, "分为": 1, "步骤": 1, "G": 1, "建立": 4, "第1": 1, "希望": 2, "陈述": 1, "此次": 1, "谈话": 1, "面谈": 1, "目的": 1, "雾": 1, "典型": 4, "这次": 1, "讨论": 3, "达成": 3, "关键": 5, "事项": 4, "长远": 1, "第2": 1, "挖掘": 1, "真相": 1, "描述": 1, "发现": 1, "盲目": 1, "下结论": 1, "设身处地": 2, "倾听": 3, "对此": 1, "感觉": 1, "为止": 1, "进展": 1, "经验": 1, "教训": 1, "Option": 2, "第3": 1, "鼓励": 2, "创造性": 1, "思考": 2, "头脑": 1, "风暴": 1, "尝试": 2, "可能性": 1, "意愿": 2, "商讨": 1, "设立": 1, "衡量": 1, "分工": 1, "角色": 1, "自我": 1, "责任": 1, "感谢": 1, "支持": 1, "意义": 1, "原则": 1, "感受": 2, "维护": 1, "自尊": 1, "作出": 1, "分享": 1, "承诺": 1, "想法": 1, "建议": 1, "认清": 1, "措施": 1, "或许": 1, "推行": 1, "成功": 1, "涉及": 3, "国产": 1, "VS": 1, "哪哪": 1, "电视": 2, "商显": 1, "主控": 3, "光芯片": 1, "IOT": 1, "RFID": 1, "AP/BP": 1, "音频": 1, "监控": 1, "行车": 1, "记录仪": 1, "音箱": 1, "无人机": 1, "……": 1, "大疆": 1, "喵喵": 1, "喵": 1, "～": 1, "昨天": 1, "人气股": 1, "反抽": 1, "科技线": 3, "出逃": 1, "资金": 3, "回事": 1, "抽离": 3, "华为线": 2, "短期": 2, "苹果线": 1, "依旧": 2, "坚挺": 1, "意味着": 2, "短线": 1, "幅度": 1, "小跌": 1, "盘面": 2, "提醒": 1, "小心": 1, "银行": 3, "稳定": 3, "中心": 1, "一举一动": 1, "影响": 1, "天然气": 1, "超越": 1, "苹果": 1, "占豪": 1, "观点": 1, "鸿蒙": 6, "两三": 2, "年内": 3, "媲美": 2, "iOS": 2, "日前": 1, "财富": 1, "杂志": 1, "问到": 1, "基于": 1, "微内核": 1, "分布式": 1, "平板": 1, "可穿戴": 1, "皆": 1, "适配": 1, "消息": 1, "完善": 1, "快": 1, "速度": 1, "发展": 1}