{"投票": 1, "26日": 3, "华为": 56, "深圳": 3, "发布": 5, "首款": 5, "5G": 30, "手机": 17, "Mate20X": 2, "8GB": 1, "+": 10, "256GB": 1, "版本": 1, "售价": 1, "6199": 5, "元": 11, "8月": 1, "16日": 1, "正式": 4, "开售": 2, "买": 5, "购买": 1, "​": 19, "全球": 3, "GCF5G": 1, "能力": 3, "认证": 2, "智能": 4, "商城": 1, "电商": 1, "渠道": 1, "预定": 1, "版": 6, "O": 1, "网页": 1, "链接": 1, "荣耀": 8, "智慧": 2, "屏": 2, "首发": 2, "自研": 1, "鸿鹄": 1, "818": 1, "芯片": 9, "你家": 2, "电视": 3, "！": 11, "价格": 4, "低于": 5, "预期": 7, "7月": 3, "Mate20X5G": 4, "坂田": 2, "基地": 5, "介绍": 2, "定价": 4, "中兴": 5, "天机": 2, "Axon": 2, "10": 2, "Pro略贵": 2, "IDC": 2, "中国": 4, "研究": 2, "经理": 2, "王": 2, "希": 2, "告诉": 3, "记者": 2, "稍": 3, "低": 4, "一两": 2, "平均": 2, "5000多": 2, "OPPO": 2, "副总裁": 1, "沈义人": 1, "晒出": 1, "「": 1, "瀑布屏": 2, "」": 1, "样机": 1, "曲面": 1, "称为": 1, "瀑布": 1, "两侧": 1, "屏幕": 2, "弯曲": 1, "将近": 1, "90": 1, "°": 1, "近乎": 1, "笔直": 1, "弧度": 1, "手感": 1, "～": 2, "误触": 1, "抗": 1, "摔": 1, "观望": 2, "据说": 1, "Mate30Pro": 1, "类似": 1, "大盘": 1, "试": 1, "2935": 1, "略": 1, "抵抗": 1, "业绩": 10, "预增": 1, "品种": 2, "半导体": 3, "、": 28, "养殖": 2, "涨幅": 2, "领先": 1, "本周": 1, "关注": 5, "科技股": 5, "知识": 1, "产权": 1, "军工": 1, "回避": 1, "雷股": 1, "高位": 1, "风险": 1, "股": 2, "科创板": 6, "点评": 1, "千兆": 1, "宽带": 1, "插卡": 1, "即刻": 1, "开通": 1, "全网通": 1, "路由器": 1, "CPEPro": 1, "强势": 4, "引领": 1, "新时代": 1, "29日": 1, "线": 4, "L华": 3, "终端": 1, "官方": 1, "视频": 3, "半年": 2, "明天": 2, "就要": 1, "官宣": 2, "小编": 1, "急不可待": 1, "财务": 3, "部门": 1, "淡定": 1, "数据": 2, "早就": 1, "3": 2, "月度": 1, "报告": 3, "初稿": 2, "11": 1, "年度": 1, "效率": 1, "颤抖": 1, "秘密": 1, "武器": 1, "出具": 1, "高效": 1, "郑春荣": 1, "：": 12, "德国": 11, "想": 2, "放弃": 2, "政治": 3, "正确": 3, "擦边球": 3, "美国": 9, "施加": 1, "很": 4, "压力": 1, "驻": 1, "大使": 1, "写": 1, "威胁信": 1, "挺住": 1, "跟着": 1, "步调": 1, "走": 3, "排除": 1, "参与": 2, "网络": 1, "建设": 3, "工程": 1, "成本": 1, "落后": 1, "很多": 1, "选择": 4, "一个": 7, "针对": 1, "特定": 1, "海外": 1, "公司": 6, "封杀": 2, "提出": 1, "企业": 6, "国家": 1, "标准": 1, "承诺": 1, "算是": 1, "交代": 1, "O郑": 1, "春荣": 1, "都": 10, "聊": 2, "核心": 7, "资产": 2, "走成": 1, "趋势": 3, "呼应科": 1, "创板": 4, "高举": 1, "逻辑": 2, "票": 7, "消费": 1, "茅台": 1, "三类": 2, "第一": 4, "含科量": 2, "行业": 3, "地位": 2, "OK": 1, "风口": 2, "代表": 2, "上市": 1, "只能": 1, "快速": 1, "放大": 2, "技术": 2, "含量": 1, "喷子": 1, "死": 1, "远": 1, "不行": 2, "第二": 4, "占据": 1, "龙头": 2, "爆兵": 1, "转票": 1, "即将": 1, "迎来": 1, "智慧屏": 1, "时代": 1, "京东方": 2, "第三": 1, "身处": 1, "下游": 1, "放": 2, "实实在在": 1, "ETC": 2, "低端": 1, "爆量": 1, "国产化": 1, "导致": 2, "封测": 1, "反转": 1, "40": 1, "块": 2, "5": 2, "长牛": 1, "溢价": 2, "炒烂": 1, "小白": 1, "请勿": 1, "码": 1, "就事论事": 1, "持有": 1, "内": 3, "卖出": 1, "O华": 1, "共有": 1, "4": 2, "款": 3, "3C": 1, "7.29": 1, "周一": 2, "复盘": 1, "今日": 2, "成交量": 3, "萎缩": 1, "题材": 2, "金刚石": 1, "概念": 6, "爆发": 1, "耀眼": 1, "养鸡": 2, "表现": 1, "OLED": 1, "影视": 1, "核电": 3, "人造": 1, "肉盘": 1, "均": 1, "异动": 2, "依然": 1, "昏昏欲睡": 1, "行情": 1, "指数": 1, "全天": 2, "市": 2, "早盘": 3, "小幅": 1, "低开": 1, "随后": 1, "横盘": 1, "位置": 1, "反复": 2, "震荡": 1, "尾盘": 2, "拉升": 1, "；": 5, "金刚": 4, "铜箔": 1, "产业链": 1, "居前": 1, "复牌股": 1, "上海": 1, "自贸港": 1, "PVC": 1, "板块": 2, "领跌": 1, "盘中": 2, "军工股": 1, "有色": 1, "钴": 1, "影视股": 1, "成交": 1, "萎靡": 1, "股涨": 1, "逾": 1, "10%": 2, "收盘": 1, "沪指": 1, "跌": 1, "0.12%": 1, "深成": 1, "指涨": 1, "0.06%": 1, "创业板": 1, "涨": 1, "0.3%": 1, "线据": 1, "媒体": 1, "报道": 1, "生产": 1, "厂房": 1, "发生": 1, "大火": 1, "金刚线": 2, "产量": 1, "一家": 1, "独大": 1, "供应": 1, "紧张": 1, "上涨": 1, "盘面": 1, "包括": 1, "沃尔德": 2, "在内": 1, "岱勒": 1, "新材": 1, "东尼": 1, "电子": 1, "易成": 1, "纷纷": 1, "大涨": 1, "盘后": 1, "澄清": 1, "公告": 1, "停产": 1, "产能": 1, "大幅": 1, "下降": 1, "消息": 1, "影响": 1, "台海": 1, "走强": 2, "科华": 1, "恒盛": 1, "一度": 1, "耐心": 1, "~": 1, "少动": 1, "电影": 1, "财经": 3, "V峰会": 2, "超级": 2, "红人节": 1, "这几年": 1, "做去": 1, "华为化": 1, "工作": 2, "下意识": 1, "西湖": 2, "波光": 1, "潋滟": 1, "千年": 1, "山灵": 1, "水秀": 1, "杭州": 2, "座": 1, "自然": 1, "人文": 1, "底蕴": 1, "浓厚": 1, "城市": 1, "新兴": 1, "科技": 2, "城": 1, "2019年": 1, "4月": 1, "启用": 1, "培训": 2, "中心": 7, "坐落": 1, "市区": 1, "钱塘江": 2, "畔": 1, "毗邻": 1, "美的": 1, "樱花": 1, "跑道": 1, "龙井": 1, "风景区": 1, "隔江": 1, "相望": 1, "走走": 1, "秒拍": 1, "网友": 1, "@": 1, "赖伦浩": 1, "投稿": 1, "专卖店": 1, "门口": 1, "停": 1, "辆": 1, "大本": 1, "车": 1, "配色": 2, "P30pro": 1, "对比": 2, "iFixit": 1, "团队": 2, "Mate20": 1, "X": 1, "(": 1, ")": 1, "拆解": 1, "7": 1, "红": 1, "框": 1, "专用": 1, "巴龙": 2, "5000": 6, "黄框": 1, "麒麟": 1, "980": 1, "GB": 1, "内存": 1, "缓冲": 1, "华为线": 1, "凶": 1, "直播": 1, "…………": 1, "……": 2, "…": 1, "重视": 1, "马后": 1, "炮​": 1, "上半年": 2, "增长": 2, "超过": 2, "30%": 1, "打压": 1, "效果": 1, "下半年": 1, "幅度": 1, "机遇": 1, "挡": 2, "不住": 1, "总统": 1, "带": 1, "政府": 2, "广告": 1, "实力": 2, "全世界": 1, "享受": 1, "待遇": 1, "财报": 1, "期待": 1, "蒋丰": 1, "俯视": 1, "历史": 2, "碎片": 1, "不久前": 1, "应邀": 1, "参观": 1, "接待": 1, "人员": 1, "送给": 1, "田涛": 1, "吴春波": 1, "倒下": 1, "——": 1, "故事": 1, "哲学": 1, "兴衰": 1, "2017年": 1, "9月": 1, "第4": 1, "中信": 1, "出版": 1, "集团": 1, "股份": 2, "有限公司": 1, "这是": 2, "喜欢": 2, "认可": 1, "书籍": 1, "回来": 1, "阅读": 1, "发现": 1, "任正非": 5, "段": 2, "精彩": 1, "屁股": 6, "讲": 2, "弥漫": 1, "风气": 1, "崇尚": 2, "领导": 7, "客户": 7, "厉害": 1, "管理": 1, "权力": 1, "太": 2, "从上到下": 2, "上级": 1, "汇报": 1, "胶片": 2, "多姿多彩": 1, "出差": 1, "安排": 1, "细致": 1, "费心": 1, "心思": 1, "用字": 1, "直截了当": 1, "地下": 1, "命令": 1, "脑袋": 1, "对着": 4, "迎接": 1, "疯子": 1, "忙": 1, "升官": 1, "战斗力": 1, "削弱": 1, "2010年": 1, "会议": 1, "进一步": 1, "指出": 1, "提拔": 1, "眼睛": 2, "盯": 2, "老板": 2, "员工": 1, "淘汰": 1, "拿下": 1, "干部": 1, "也许": 1, "成功": 1, "内在": 1, "原因": 1, "不妨": 1, "检查": 1, "头条": 1, "文章": 1, "人气": 2, "所在": 3, "": 1, "每日": 1, "必读": 1, "科": 1, "主板": 1, "缩量": 1, "下跌": 1, "预设": 2, "盘整": 1, "观察": 3, "接力": 1, "亏": 2, "钱": 1, "效应": 2, "明日": 3, "宇环": 1, "数控": 1, "贤丰": 1, "控股": 1, "非科": 1, "情绪": 2, "标杆": 1, "冰点": 1, "逆市": 1, "气标": 1, "分歧": 1, "吸富": 1, "一生": 1, "再次": 1, "证明": 1, "涨停板": 1, "交控": 1, "瀚川": 1, "福光": 1, "活跃": 2, "短期": 1, "专注科": 1, "操作": 3, "机会": 1, "赚钱": 2, "流通性": 1, "依旧": 1, "资金": 1, "博弈": 1, "投机": 1, "场所": 1, "O人气": 1, "鲲鹏": 6, "生态": 7, "超算": 4, "落户": 2, "厦门": 4, "引入": 2, "国产": 3, "系统": 3, "28日": 1, "下午": 1, "厦门市": 1, "签订": 1, "合作": 5, "协议": 1, "项目": 2, "可靠": 2, "软硬件": 1, "开发": 2, "平台": 2, "打造": 1, "产业": 2, "目标": 1, "吸引": 1, "伙伴": 3, "入驻": 1, "系列": 1, "产品": 2, "依托": 1, "自主": 2, "研发": 2, "服务": 1, "采用": 1, "CPU": 4, "泰山": 1, "服务器": 1, "数据库": 1, "国有": 1, "大中型": 1, "领域": 1, "重点": 1, "提供": 2, "端到端": 1, "计算": 2, "预计": 1, "规模": 1, "15亿": 1, "麒麟810": 1, "机型": 1, "性能": 2, "性价比": 1, "槽点": 1, "香": 1, "称": 1, "众议院": 1, "决议": 1, "五": 2, "之内": 1, "撤销": 1, "实体": 1, "清单": 1, "阻击": 1, "年后": 1, "肯定": 1, "后悔": 1, "走着瞧": 1, "通富": 1, "微电": 1, "赚": 1, "4%": 1, "中期": 2, "预告": 2, "差": 2, "吓跑": 1, "确实": 1, "季度": 1, "利空": 1, "出尽": 1, "沾": 1, "回": 1, "沃": 1, "发": 1, "80%": 1, "半道体": 1, "最为": 1, "靠前": 1, "vivo": 1, "貌似": 1, "哪家": 1, "财富": 1, "新世界": 1, "500": 2, "排行榜": 1, "228": 1, "世界": 2, "58": 1, "100": 1, "数字化": 1, "转型": 1, "请": 1, "创新": 1, "奋斗": 1, "点赞": 1, "朋友": 1, "AI": 1, "战略": 1, "无处不在": 1, "联接": 1, "不凡": 1, "启动": 1, "超高性": 1, "替代": 1, "英特尔": 1, "建立": 2, "大规模": 1, "超高": 1, "崛起": 1, "中科院": 1, "军队": 1, "科研": 1, "机构": 1, "肩负": 1, "重任": 1, "牛": 1, "MATE": 1, "30": 1, "PRO": 2, "分辨率": 1, "曝光": 1, "1080P": 1, "外媒": 1, "吐嘈": 1, "倒退": 1, "拍照": 5, "赵明": 1, "9X": 1, "发布会": 1, "DXO": 2, "高分": 1, "波澜": 1, "P30pro霸榜": 1, "毋庸置疑": 1, "发力": 1, "护城河": 1, "厂商": 1, "想要": 1, "追赶": 1, "赢": 1, "20PRO": 1, "敌手": 1, "同意": 1}