{"昨天": 1, "15日": 3, "华为": 61, "MateX5G": 3, "版": 4, "秒": 2, "售罄": 2, "！": 10, "5G": 19, "折": 3, "叠屏": 4, "手机": 30, "机": 3, "难": 5, "闲鱼": 2, "平台": 2, "用户": 3, "加价": 3, "2万": 3, "回收": 3, "淘宝": 2, "卖家": 2, "标价": 2, "超出": 2, "6万": 2, "、": 14, "8万": 2, "9万": 3, "元": 6, "款": 1, "买": 4, "明年": 2, "降": 2, "千": 3, "MateX折": 1, "?​": 1, "听": 4, "这是": 4, "上海": 1, "声音": 2, "时光": 1, "穿梭": 1, "记录": 1, "分秒": 1, "WatchGT": 1, "2​": 1, "关心": 1, "价格": 3, "因素": 1, "消息": 3, "称": 2, "5G机子": 1, "指日可待": 1, "卖": 2, "太": 3, "贵": 1, "接受": 2, "区间": 1, "​": 17, "第六": 1, "总部": 1, "讲座": 1, "北京": 4, "初冬": 1, "繁花似锦": 1, "春意盎然": 1, "分享": 2, "一个": 13, "：": 9, "授权": 1, "体验": 3, "店Plus": 2, "荟聚": 1, "正式": 2, "开业": 2, "发现": 3, "~": 1, "@": 7, "David": 1, "叶音": 3, "Wiii": 1, "iK": 1, "智慧": 2, "屏": 1, "隔空": 3, "教学": 3, "街舞": 4, "技巧": 1, "小伙伴": 1, "想来": 1, "学习": 1, "炫酷": 1, "4": 1, "台": 5, "MotoRazr": 1, "三星": 2, "GalaxyFold": 1, "MateX": 5, "小米": 1, "MIXAlpha": 1, "售价": 2, "免费": 2, "送": 1, "想": 6, "涉嫌": 4, "持有": 4, "毒品": 2, "日本": 11, "著名": 2, "女星": 4, "泽尻": 8, "英龙华": 8, "被捕": 4, "11月": 5, "16日": 3, "合成": 2, "麻药": 2, "警视厅": 2, "逮捕": 2, "电视台": 2, "报道": 4, "紧急": 2, "药物": 2, "鉴定": 2, "呈": 2, "阳性": 2, "随后": 2, "承认": 2, "嫌疑": 2, "知名": 2, "演员": 2, "出演": 2, "公升": 2, "眼泪": 2, "大奥": 2, "人间": 2, "失格": 2, "作品": 2, "时差": 2, "视频": 11, "L时差": 2, "折叠屏": 1, "炒到": 2, "秒罄": 1, "折叠": 2, "5G机": 1, "有人": 2, "9万/部": 1, "10时": 1, "08分": 1, "首款": 1, "商城": 1, "开售": 2, "全网": 2, "通8GB": 1, "+": 1, "512GB": 1, "星际蓝": 1, "16999": 1, "据悉": 2, "网友": 1, "抢到": 1, "赚到": 1, "利润": 1, "苹果": 1, "21": 1, "世纪": 1, "经济": 1, "​​​": 2, "Razr": 2, "同学": 1, "可靠": 1, "信源": 1, "搭载": 1, "骁龙735": 1, "国内版": 1, "支持": 1, "顺利": 1, "春节": 1, "发": 1, "GalaxyFold2": 1, "爆出": 1, "类似": 2, "形态": 1, "WIPO": 1, "数据库": 1, "产品": 2, "…": 1, "当年": 1, "V": 1, "3": 2, "大战": 1, "Anycall": 1, "味道": 1, "德国": 11, "汽车": 4, "中国": 16, "反制": 2, "任正非": 4, "回应": 1, "过度": 2, "消费": 2, "国人": 2, "热情": 2, "遍地": 2, "车": 4, "市场": 2, "才": 2, "全球": 3, "开放": 1, "美国": 3, "封闭": 1, "很多": 2, "东西": 3, "生产": 1, "估计": 1, "关起": 1, "自销": 1, "敢于": 1, "追随": 1, "美帝": 1, "搞": 1, "敲": 1, "钟": 1, "公平": 1, "心声": 1, "社区": 1, "发布": 1, "6日": 1, "媒体": 3, "圆桌": 1, "纪要": 1, "记者": 1, "询问": 1, "人民": 1, "视为": 1, "国家": 2, "骄傲": 1, "越来越": 1, "中国人": 1, "选择": 1, "购买": 1, "希望": 2, "渡过": 1, "贸易战": 1, "困难": 1, "时期": 1, "做出": 1, "政治": 1, "决策": 4, "参与": 2, "建设": 1, "产业": 1, "政府": 1, "事情": 1, "对此": 1, "作何": 1, "第一": 3, "批评": 1, "公司": 2, "内部": 1, "客户": 3, "中心": 3, "感知": 1, "放": 3, "第二": 1, "心理": 1, "事实": 1, "证明": 1, "上午": 2, "荟聚店": 2, "居然": 1, "请": 2, "远程": 1, "小朋友们": 2, "智慧屏": 3, "体验区": 1, "挤满": 1, "围观": 1, "冠军": 1, "课程": 1, "吸引": 1, "华": 2, "晨宇": 3, "真的": 2, "爸爸": 1, "演唱会": 1, "京东": 1, "12": 1, "期": 1, "Mate30pro": 1, "想到": 1, "拍照": 1, "不错": 1, "！！！": 4, "区": 1, "内场": 1, "1280": 1, "排": 1, "飞船": 1, "！！！！": 1, "爱": 2, "啊啊": 2, "明天": 1, "#华": 1, "超话": 1, "华晨": 1, "宇mayfly": 1, "中转": 1, "站​": 1, "mate30Pro5g": 1, "版本": 2, "相对于": 1, "4G": 1, "镜头": 1, "差别": 1, "横向": 1, "握持": 1, "相机": 2, "康康": 1, "值得": 1, "综艺": 1, "顺便": 1, "荣耀": 1, "安利": 1, "APP": 1, "芒果TV": 1, "优酷": 1, "腾讯": 1, "内容": 1, "": 1, "老巢": 1, "SyncDanceStudio": 1, "交流": 2, "叶正-YZ-WiikSymphony": 1, "老大": 1, "赶紧": 1, "工作室": 1, "配上": 1, "高清": 1, "通话": 1, "AI": 1, "摄像头": 1, "简直": 1, "异地": 1, "神器": 1, "终端": 2, "官方": 2, "重构": 2, "梦想": 1, "编钟": 2, "古琴": 2, "跨时空": 3, "协奏": 3, "天籁之音": 1, "新华网": 1, "咪咕": 1, "实验室": 1, "携手": 1, "Mate30": 3, "湖北省": 1, "博物馆": 3, "山东": 2, "首创": 1, "利用": 1, "古代": 1, "文物": 1, "乐器": 1, "唐代": 1, "天风海涛": 1, "千里": 1, "战国": 1, "早期": 1, "曾侯乙": 1, "借助": 1, "技术": 1, "联袂": 1, "演绎": 1, "古老": 1, "悠然": 1, "清朗": 1, "交相辉映": 1, "带给": 1, "场": 3, "新奇": 1, "听觉": 1, "盛宴": 1, "敬请": 1, "关注": 1, "17日": 1, "湖北": 1, "同步": 1, "上演": 1, "卧槽": 1, "L": 1, "科技": 1, "朋友们": 1, "足球": 2, "输": 1, "叙利亚": 1, "里皮": 1, "辞职": 1, "皮": 2, "场上": 1, "球员": 1, "在场": 1, "害怕": 1, "斗志": 1, "欲望": 1, "胆量": 1, "从容": 1, "传球": 1, "体现": 1, "训练": 1, "主教练": 1, "责任": 2, "这不": 2, "社会": 3, "男": 1, "队员": 1, "身上": 1, "胆怯": 1, "萎靡": 1, "青年": 2, "整体": 1, "精神": 1, "面貌": 1, "找": 2, "教育": 1, "导向": 1, "上找": 1, "去年": 1, "开学": 1, "课": 1, "引导": 1, "新时代": 1, "东亚": 1, "病夫": 1, "感受": 1, "城市": 2, "管理": 1, "系统": 3, "牛逼": 1, "！！！​": 1, "明星": 1, "偷税": 1, "吸毒": 1, "原谅": 1, "袁隆平": 1, "羞辱": 1, "这才": 1, "时代": 2, "悲哀": 1, "解锁": 1, "玩法": 1, "想象": 2, "空间馆": 1, "全国": 1, "九": 1, "见面": 1, "期待": 1, "L华": 1, "培训": 1, "门口": 1, "石头": 1, "刻": 1, "小胜靠智": 1, "大胜": 1, "德": 1, "浓浓的": 1, "文化味": 1, "庞大": 1, "体系": 2, "健康": 2, "运转": 1, "套": 1, "几十": 1, "拥有": 1, "票": 3, "否决权": 2, "传说": 1, "本来": 1, "打算": 1, "年事已高": 1, "放弃": 2, "否决": 1, "美": 1, "科技战": 1, "打压": 1, "研究": 2, "世界": 1, "制度": 2, "民主集中制": 2, "走向": 1, "信息": 1, "闭塞": 1, "无方": 1, "民主": 1, "众人": 1, "发声": 4, "担当": 2, "议而不决": 2, "意见": 1, "时间": 1, "资源": 1, "扯皮": 1, "确立": 1, "很": 4, "执行": 1, "发展": 1, "企业": 1, "都": 3, "庸众": 2, "灾难": 1, "亮": 1, "亮坐而论道": 1, "740": 1, "mate30": 1, "5G版": 1, "M30pro": 1, "屏幕": 5, "喇叭": 6, "也就是说": 1, "等于": 2, "纸盆": 1, "室内": 1, "不小心": 1, "接听": 1, "电话": 4, "房间": 1, "音量": 9, "正好": 1, "挺": 2, "隔壁": 1, "听到": 1, "上端": 1, "显示": 1, "清晰": 1, "对方": 1, "说话": 1, "区域": 1, "到此为止": 1, "办法": 1, "赶快": 2, "调低": 2, "这次": 1, "发明": 1, "虚拟": 3, "键": 5, "侧面": 1, "双击": 1, "调音器": 1, "开低": 1, "场景": 2, "习惯性": 1, "接听键": 1, "拿下": 1, "手": 1, "操作": 3, "手忙脚乱": 2, "单手": 2, "创新": 2, "开拓性": 1, "开拓": 1, "好玩": 1, "尴尬": 1, "实体": 1, "不至于": 1, "至爱": 1, "完美": 1, "显示器": 1, "当做": 2, "听筒": 1, "超越": 1, "传感器": 1, "尺寸": 1, "大底": 1, "王": 1, "取代": 3, "照相机": 3, "创意": 1, "过渡": 1, "方案": 2, "付费": 1, "顺带": 1, "添置": 1, "发挥": 1, "辅助": 1, "设备": 3, "微型": 1, "脚架": 1, "补光灯": 1, "遥控器": 1, "出门": 1, "轻轻松松": 1, "带": 1, "摄影师": 2, "基于": 1, "信任": 1, "改变": 1, "生活": 2, "方式": 1, "提高": 1, "品质": 1, "未来": 1, "6G": 1, "提出": 1, "解决": 1, "风光": 1, "摆脱": 1, "沉重": 1, "照相": 1, "呵呵": 1, "空白": 1, "关子": 1, "好像": 1, "唯一": 1, "发华": 1, "真机": 1, "上手": 1, "关晓彤": 3, "邀请": 2, "黑客": 1, "鸿蒙": 3, "漏洞": 3, "外媒": 1, "顶尖": 1, "黑客们": 2, "发出": 1, "慕尼黑": 1, "秘密": 1, "会议": 1, "HarmonyOS": 2, "本次": 1, "大会": 1, "主题": 1, "公布": 1, "除虫": 1, "奖励": 1, "计划": 1, "人员": 1, "提交": 1, "笔": 1, "赏金": 1, "指出": 1, "项目": 1, "着重": 1, "将来": 1, "全新": 1, "推出": 1, "晒出": 1, "年度": 1, "最佳": 1, "理财": 1, "机哥": 1, "开心": 1, "百": 1, "份": 1, "情话": 1, "查": 1, "收​": 1}