{"华为": 77, "邀请": 5, "参加": 4, "百": 3, "共绘": 3, "2020": 6, "活动": 3, "现场": 1, "画师": 2, "每人": 1, "MatePad": 5, "Pro画": 1, "块": 4, "拼出": 1, "效果": 2, "惊艳": 1, "！": 10, "拍": 2, "额外": 1, "画": 2, "~​": 2, "余承东": 6, "：": 22, "手机": 17, "超": 2, "苹果": 9, "全球": 6, "第二": 7, "中国": 15, "第一": 12, "表厂": 2, "耳机厂": 6, "12月": 6, "21日": 3, "2019": 7, "花粉": 3, "年会": 3, "消费者": 3, "业务": 5, "CEO": 5, "成长": 3, "智能": 7, "厂家": 7, "销量": 3, "、": 18, "销售额": 3, "品牌": 3, "都": 7, "终端": 4, "团队": 8, "提出": 3, "领域": 3, "手表厂": 4, "第三": 3, "季度": 3, "Pad": 3, "超越": 4, "市场": 6, "份额": 3, "L老板": 3, "联播": 3, "视频": 10, "接到": 1, "Pro百": 1, "找找": 1, "看展": 1, "～": 2, "​": 15, "影像": 12, "不止": 5, "感谢": 3, "有幸": 2, "见证": 1, "上海": 9, "场": 6, "大展": 4, "印象": 1, "作品": 8, "跳": 1, "芭蕾": 1, "女孩": 2, "海莉": 1, "穿着": 1, "练功服": 1, "小小": 1, "身体": 2, "努力": 4, "标准": 2, "动作": 1, "照片": 1, "小时候": 1, "练功": 1, "真的": 3, "心灵": 1, "共通": 1, "魅力": 1, "超级": 1, "棒": 2, "持续": 3, "投资": 2, "芯片": 7, "制造业": 1, "入股": 2, "晶圆级": 1, "企业": 3, "机构": 1, "股东": 1, "近日": 1, "哈勃": 1, "科技": 4, "新增": 1, "对外": 1, "鲲游": 2, "光电": 2, "致力": 1, "探索": 1, "半导体": 2, "工艺": 2, "光学": 2, "融合": 1, "晶圆": 1, "思路": 1, "设计": 1, "制成": 1, "纳米级": 1, "制造": 1, "加快": 1, "补漏": 1, "制造端": 1, "短板": 1, "很": 2, "体验": 5, "感受": 4, "竖屏": 1, "电影": 1, "新鲜": 1, "有趣": 1, "希望": 1, "收获": 1, "科普": 1, "大熊猫": 4, "冷": 1, "知识": 1, "纵裂": 2, "瞳孔": 2, "适合": 1, "夜晚": 2, "看清": 1, "事物": 1, "喜欢": 2, "觅食": 1, "……": 3, "到底": 5, "国宝": 1, "nova6": 2, "5G": 7, "拍摄": 3, "自拍": 8, "寻找": 1, "答案": 1, "自拍🤳": 1, "想要": 2, "王者": 1, "p图": 1, "这次": 3, "Emma": 2, "带上": 1, "DXO": 1, "评分": 1, "名": 1, "打卡": 2, "地标": 1, "就算": 1, "带": 2, "摄影师": 1, "拍出": 1, "专业": 1, "大片": 1, "前置": 1, "3200w+800": 1, "w像素": 1, "超广角": 1, "双摄": 1, "场景": 1, "hold": 1, "住": 1, "神奇": 1, "点Emma": 1, "vlog": 1, "解锁": 1, "姿势": 1, "晒出": 1, "机会": 1, "同款": 1, "L唐": 1, "艺然": 1, "秒拍": 2, "百余": 1, "创作": 6, "Pro": 2, "绘画": 2, "幅": 5, "群组": 1, "艺术": 8, "赋能": 1, "太": 5, "酷": 1, "中心": 4, "A馆": 1, "展览": 2, "号称": 1, "网红": 2, "点击O": 1, "网页": 1, "链接": 2, "预约": 1, "•": 1, "艺术展": 3, "西海岸": 2, "富于": 1, "创造力": 1, "方式": 2, "呈现": 2, "优秀": 1, "沉浸式": 1, "神": 1, "奇妙": 1, "世纪": 1, "长焦": 1, "暗光": 1, "50": 1, "倍": 1, "放大": 1, "视觉": 1, "盛宴": 1, "感": 1, "兴趣": 1, "前去": 1, "鸭": 1, "旅行": 3, "365": 1, "故事": 1, "O抽奖": 1, "详情": 1, "习惯": 1, "美景": 1, "用水": 1, "彩画": 1, "🎨": 1, "送给": 1, "朋友": 2, "沿途": 1, "陌生人": 1, "一个": 3, "微笑": 1, "有时候": 1, "拥抱": 1, "…": 2, "👩🏻": 1, "‍🎨": 1, "拼": 1, "源于": 1, "生活": 1, "眼中": 1, "🍑": 1, "~": 3, "彩色": 1, "2020年": 14, "定格": 1, "动画": 1, "大象": 2, "思考": 1, "短片": 2, "短": 1, "时间": 2, "传达": 1, "信息": 1, "打动": 1, "观众": 1, "成就": 1, "难忘": 1, "半年": 1, "相约": 1, "聊聊": 1, "幕后": 1, "O12月": 1, "22号": 1, "下午": 1, "4点": 1, "西岸": 1, "O网页": 1, "任正非": 19, "增长": 20, "幅度": 6, "估计": 7, "10%": 7, "11月": 2, "18日": 2, "接受": 6, "洛杉矶": 6, "时报": 6, "担心": 3, "规模": 1, "发展": 4, "全年": 2, "美国": 11, "制裁": 6, "生存": 4, "世界": 2, "强力": 2, "最低点": 3, "也许": 3, "O": 3, "做好": 8, "实体": 9, "清单": 9, "永不": 3, "撤销": 8, "20日": 3, "心声": 3, "社区": 3, "发布": 3, "创始人": 5, "兼": 2, "专访": 2, "采访": 8, "纪要": 5, "谈及": 2, "未来": 2, "永远": 3, "心理": 5, "建立": 2, "坚实": 2, "基础": 2, "本来": 1, "公司": 3, "决心": 1, "计划": 1, "反而": 1, "逼": 1, "争口气": 1, "激活": 1, "组织": 1, "员工": 1, "增加": 1, "奋进": 1, "死亡": 1, "型号": 2, "参考": 1, "预定量": 1, "工厂": 1, "定量": 1, "差": 1, "买": 1, "抓紧": 1, "楼楼": 1, "黄白屋": 1, "将近": 1, "100": 1, "Pro上": 1, "新年": 1, "插画": 1, "点击": 1, "揭秘": 1, "→L华": 1, "官方": 1, "对话": 1, "夫妻": 1, "关系": 2, "挺": 2, "刚": 2, "孩子": 1, "选择": 1, "自杀": 2, "可惜": 1, "抑郁症": 3, "东西": 2, "三": 3, "重视": 1, "重度": 2, "抑郁": 4, "概率": 1, "自杀性": 1, "这是": 1, "体内": 1, "神经": 1, "递质": 1, "精神": 2, "疾病": 1, "内部": 1, "器质": 1, "感冒": 1, "发烧": 1, "回": 1, "吃药": 2, "控制": 1, "程度": 1, "网上": 2, "自测题": 1, "测试": 1, "工作": 1, "强度": 1, "过度": 1, "劳累": 1, "休息": 1, "恶化": 1, "病情": 1, "睡眠": 1, "内省": 1, "人格": 1, "爱": 1, "反思": 1, "自责": 1, "心思": 1, "高发": 1, "人群": 1, "哥们": 1, "累": 1, "躺": 1, "睡着": 1, "还要": 1, "调养": 1, "运动": 1, "晒太阳": 1, "亲情": 1, "爱情": 1, "差点": 1, "出门": 1, "金刚经": 1, "度": 1, "宗教": 1, "宗": 1, "调节": 1, "方法": 1, "O长": 1, "安福特AE": 1, "工程师": 1, "死": 1, "吉大": 1, "毕业": 1, "入职": 1, "8": 1, "30岁": 1, "跳楼": 1, "身亡": 1, "经历": 1, "美永": 2, "即将": 2, "到来": 1, "爱好者们": 1, "MatePadPro": 1, "祝福": 1, "希冀": 1, "爱好者": 1, "鼓励": 1, "加油​": 1, "带来": 1, "Mate30Pro5G": 3, "版": 2, "覆盖": 1, "网络": 1, "深圳": 1, "真实": 1, "网速": 2, "究竟": 2, "先锋": 1, "疑问": 1, "旅": 1, "Mate30": 2, "L王": 1, "奔宏": 1, "预计": 3, "明年": 2, "后年": 1, "规模化": 4, "此次": 1, "预测": 3, "十月份": 2, "下降": 2, "17%": 2, "2021年": 2, "规模性": 2, "高层": 4, "恢复": 2, "2022年": 3, "分歧": 2, "推荐": 1, "很多": 2, "内幕": 1, "访谈": 1, "稳妥": 1, "签发": 1, "文件": 1, "狭隘": 1, "走": 1, "自主": 1, "创新": 1, "自力更生": 1, "道路": 1, "退缩": 1, "门槛猴": 1, "打击": 1, "活": 1, "五": 1, "领先": 1, "囤积": 1, "供应": 2, "岀现": 1, "抢购": 1, "生产": 1, "台积电": 1, "产量": 1, "需求": 1, "O华": 1, "输": 1, "腾讯": 2, "倒戈站": 1, "库克": 1, "投票": 1, "选": 1, "联想": 1, "落得一世骂名": 1, "重蹈覆辙": 1, "惹": 1, "争议": 1, "飞": 1, "荣耀": 2, "@": 1, "华为何": 1, "主流": 1, "盘点": 1, "Mate20X": 1, "系列": 4, "v30": 1, "Nova65G": 1, "小米": 3, "9Pro": 1, "RedmiK305G": 1, "三星": 1, "Note10+": 1, "A905G": 1, "VIVO": 1, "iQ": 1, "OOPro": 1, "Nex35G": 1, "X30": 1, "OPPO": 1, "Reno3": 1, "上市": 1, "♡用": 1, "nova5T": 1, "马场": 1, "富美": 1, "导览": 1, "涩谷": 1, "最新": 1, "景点": 1, "「": 1, "VOGUEGIRLJAPAN": 1, "」": 1, "O余": 1, "承东": 1, "(": 1, ")": 1, "朵唯": 1, "死透": 1, "外观": 1, "高仿": 1, "海报": 1, "宣传": 1, "模仿": 2, "名称": 1, "恶心": 1, "到家": 1, "记得": 1, "格调": 1, "发": 1, "FreeBuds3": 2, "Airpods": 1, "对比": 4, "耳机": 1, "性能": 1, "提现": 1, "数据": 1, "查阅": 1, "资料": 1, "手上": 1, "产品": 2, "直观": 1, "显示": 1, "阐述": 1, "连接": 2, "速度": 2, "无线": 1, "充电": 1, "演示": 1, "试试": 1, "快": 1, "一点": 1, "L矿工": 1, "风采": 1}