{"华为": 76, "首款": 20, "5G": 58, "手机": 54, "售价": 21, "：": 22, "6199": 16, "元": 16, "8月": 12, "16日": 10, "开售": 8, "买": 6, "7月": 21, "26日": 18, "深圳": 5, "总部": 3, "发布": 20, "Mate20X5G": 12, "8GB": 5, "+": 6, "256G": 3, "版本": 5, "预售": 6, "这是": 4, "全球": 6, "唯一": 4, "款": 7, "支持": 5, "独立": 8, "组网": 9, "SA": 2, "NSA": 2, "L老板": 1, "联播": 5, "秒拍": 6, "视频": 9, "​": 13, "投票": 1, "丨": 1, "下载": 6, "王者": 3, "荣耀": 5, "十几": 2, "秒": 2, "Mate20X": 1, "版": 11, "256GB": 2, "14日": 1, "纽约": 1, "停电": 1, "地铁": 1, "、": 22, "电梯": 1, "楼宇": 1, "路灯": 1, "半": 1, "曼哈顿": 1, "陷入": 1, "漆黑": 1, "……": 3, "苹果": 4, "瘫痪": 2, "！": 32, "…": 1, "照常": 1, "工作": 8, "来去无恙": 1, "名字": 1, "——": 1, "真的": 1, "美国": 31, "佬": 1, "牛": 2, "逼坏": 2, "养成": 1, "习惯": 2, "改变": 1, "10年": 1, "也许": 1, "改用": 3, "国家": 18, "决心": 1, "绝不": 1, "动摇": 1, "部门": 20, "送": 5, "囊中羞涩": 2, "不用": 2, "～～": 1, "加油": 2, "中国": 21, "长城": 1, "永不": 1, "倒": 1, "国货": 1, "自强": 1, "温馨": 1, "提示": 1, "壹周": 1, "之内": 1, "不见": 1, "送机": 1, "上门": 1, "本人": 2, "卖掉": 1, "经济": 1, "损失": 1, "自理": 1, "无关": 1, "O14亿": 1, "全民": 1, "通电": 1, "联邦": 48, "快递": 50, "称": 14, "涉华": 26, "公司": 32, "快件": 34, "转至": 14, "误": 14, "操作": 21, "事实": 14, "不符": 14, "涉": 1, "滞留": 7, "逾": 7, "百": 7, "件": 8, "近期": 7, "依法": 11, "有限": 7, "未": 7, "名址": 7, "投递": 7, "案": 7, "实施": 6, "调查": 33, "发现": 21, "说法": 7, "涉嫌": 6, "进境": 6, "期间": 5, "违法": 6, "违规": 6, "线索": 6, "秉持": 5, "客观": 5, "公正": 5, "原则": 5, "@": 5, "新华": 1, "视点": 1, "任正非": 18, "拒之门外": 4, "落后": 7, "24日": 3, "放出": 2, "雅虎": 2, "财经": 2, "采访": 4, "抛弃": 2, "拥有": 3, "超级": 2, "计算机": 2, "超大": 2, "容量": 2, "连接": 4, "依然": 2, "超快": 2, "三": 5, "都": 6, "不可或缺": 2, "L": 1, "老板": 5, "央视": 1, "快讯": 1, "等待": 3, "高通SA": 2, "今日": 1, "正式": 9, "8+256": 1, "终端": 3, "电信": 1, "设备": 3, "进网": 1, "许可证": 1, "消费者": 2, "业务": 4, "CEO": 2, "余承东": 1, "发布会": 3, "该机": 2, "上市": 3, "现场": 2, "媒体": 5, "报道": 2, "SA组网": 1, "测试": 2, "网络": 4, "速度": 8, "1700": 1, "Mbps": 5, "上传": 3, "212": 1, "；": 8, "4G版": 1, "94.4Mbps": 1, "12": 1, "亦": 1, "品牌": 1, "开启": 1, "相比之下": 1, "SA/NSA": 1, "模商": 1, "颁发": 1, "牌照": 1, "运营商": 2, "建设": 1, "4G": 5, "混合": 1, "模式": 1, "一家": 1, "做好": 2, "招标法": 1, "才能": 2, "招标": 1, "明年": 1, "5GSA": 1, "高通": 1, "O华": 2, "为首": 2, "新华社": 3, "新品": 1, "Mate20": 3, "X": 4, "(": 5, ")": 5, "nova5iPro": 1, "CPEPro": 1, "16:08": 1, "预约": 3, "联播L": 1, "承包": 1, "娱乐圈": 2, "夏天": 2, "越来越": 1, "艺人": 1, "大佬们": 1, "偏爱": 1, "P30P": 1, "RO天空": 1, "境": 2, "小鲜肉": 1, "独宠": 1, "PRO": 1, "冰岛": 2, "幻境": 2, "颜值": 1, "性能": 1, "征服": 1, "艺人们": 1, "选": 1, "天空": 1, "沟通": 3, "马上": 1, "提前": 1, "带": 2, "体验区": 1, "抢先": 1, "解华": 1, "双模": 5, "HUAWEIMate20": 1, "黑科技": 1, "亮点": 2, "详情": 1, "记得": 1, "关注": 1, "待会": 1, "直播": 1, "期待": 1, "点赞": 1, "L华": 2, "刚": 2, "被特朗普": 1, "邪恶": 3, "王子": 3, "魔王": 3, "18日": 2, "创始人": 2, "接受": 2, "意大利": 3, "群访": 1, "记者": 3, "提及": 1, "特朗普": 1, "形容": 1, "形象": 1, "对此": 1, "回应": 14, "‘": 1, "’": 1, "百闻不如一见": 1, "问道": 1, "打算": 1, "卖给": 2, "危害": 1, "着急": 1, "O被特朗普": 1, "价格": 6, "公布": 2, "｜": 1, "读": 2, "懂": 2, "智慧": 4, "畅联": 1, "未来": 2, "硬核": 1, "科技": 1, "功能": 1, "HUAWEIMate20X": 1, "链接": 3, "奉上": 1, "O网页": 2, "鸿蒙": 4, "系统": 4, "屏": 3, "智慧屏": 4, "采用": 2, "配升": 2, "降式": 2, "摄像头": 3, "战略": 1, "介绍": 1, "开发者": 1, "大会": 1, "推出": 1, "自研": 1, "试图": 1, "定义": 1, "大屏": 1, "智能": 2, "电视": 1, "品类": 1, "称之为": 1, "图片": 1, "电视机": 2, "升降": 1, "在线": 1, "互动": 2, "澎湃": 1, "新闻": 1, "9月": 1, "误送": 1, "谎言": 1, "戳穿": 1, "表态": 1, "美国商务部": 6, "清晰": 7, "显示": 2, "刚刚": 3, "发给": 1, "环球": 1, "时报": 1, "环球网": 1, "份": 1, "声明": 4, "宣称": 1, "涉及": 3, "货件": 3, "工业": 3, "安全局": 3, "带来": 3, "复杂性": 3, "导致": 6, "客户": 5, "困惑": 2, "伤害": 1, "歉意": 2, "补充": 1, "高度": 2, "重视": 2, "全文": 2, "邮政局": 2, "公告": 2, "相关": 4, "情况": 3, "一如既往": 2, "全力": 2, "配合": 2, "政府": 3, "致力于": 3, "遵守": 2, "法律": 2, "法规": 2, "损害": 1, "真诚": 1, "提起": 1, "讼诉": 1, "原因": 1, "将来": 2, "再次": 1, "发生": 1, "类似": 1, "提供": 2, "完善": 1, "服务": 1, "员工": 2, "最佳": 1, "场所": 1, "此前": 3, "外交部": 1, "例行": 1, "记者会": 1, "询问": 1, "面临": 2, "后果": 2, "发言人": 1, "华春莹": 2, "做出": 1, "这家": 1, "取决于": 1, "美": 3, "商务部": 3, "官方": 2, "人民日报": 2, "客户端": 2, "O联邦": 2, "预计": 2, "内存": 1, "卡": 1, "双待": 1, "现网": 1, "下行": 1, "峰值": 2, "速率": 1, "10": 1, "倍": 1, "高管": 1, "对比": 2, "Mate20X4G": 1, "5G版": 2, "1.7G": 1, "12%": 1, "L新京报": 1, "国内": 2, "总裁": 1, "何刚": 1, "商用": 2, "1735": 1, "240": 1, "专家": 1, "第一": 2, "万元": 1, "发售": 1, "马": 1, "周立波": 1, "定价": 1, "超出": 2, "意外": 1, "刚才": 1, "亏损": 3, "绕开": 1, "一个": 1, "调子": 1, "下半年": 1, "旗舰机": 1, "都会": 1, "旗舰": 1, "机会": 2, "鄙视": 1, "接近": 1, "全世界": 1, "拉": 1, "普及": 1, "预期": 1, "芯片": 1, "多方": 1, "能力": 1, "激进": 1, "低价": 1, "独有": 1, "力量": 1, "频频": 1, "露面": 1, "控制": 2, "话语权": 2, "责任": 3, "讲": 4, "增强": 4, "信心": 4, "频繁": 1, "发声": 1, "2019年": 1, "松山湖": 1, "基地": 1, "心声": 1, "社区": 1, "会议": 1, "纪要": 2, "此次": 1, "安装": 1, "后门": 1, "依赖": 1, "关键": 1, "部件": 1, "孟晚舟": 1, "事件": 2, "19": 1, "谈到": 1, "脸书": 1, "天秤币": 1, "看法": 1, "欧洲": 1, "部署": 1, "说道": 1, "太": 1, "强大": 1, "承受": 1, "负面": 1, "压力": 1, "垮掉": 1, "负": 1, "供应商": 1, "活": 2, "零部件": 1, "付款": 1, "好好": 1, "打击": 1, "很": 2, "厉害": 2, "社会": 3, "传递": 1, "正确": 1, "声音": 1, "理解": 3, "尖锐": 2, "指责": 2, "跳": 1, "正好": 1, "解释": 1, "舆论": 1, "大概": 1, "30%": 1, "70%": 1, "还要": 1, "O": 1, "圆桌": 1, "救": 2, "女儿": 1, "挺身而出": 1, "拒绝": 1, "#L": 1, "时代": 1, "来得": 1, "快": 4, "5Glogo": 1, "内心": 1, "中国人": 1, "骄傲": 1, "油然而生": 1, "有木有": 1, "抢鲜": 1, "↓": 1, "到底": 1, "消息": 3, "6月": 2, "逼": 1, "查": 1, "包裹": 1, "罚": 1, "25万": 1, "官网": 1, "告上": 1, "法庭": 1, "整点": 1, "播": 1, "每经": 3, "19点丨": 3, "哪吒": 7, "首日": 4, "1.5": 4, "小时": 5, "票房": 7, "破": 4, "亿": 4, "创纪录": 3, "证监会": 2, "拟": 2, "大幅": 2, "提高": 2, "刑期": 2, "上限": 2, "罚款": 2, "罚金": 2, "数额": 2, "标准": 2, "俄罗斯": 2, "央行": 2, "降息": 2, "25": 2, "基点": 2, "7.25%": 1, "1": 2, "单日": 1, "破亿": 3, "创": 2, "动画": 3, "电影": 4, "纪录": 2, "新京报": 1, "国产": 1, "魔童": 1, "降世": 1, "上映": 1, "29分": 1, "影片": 1, "总票房": 1, "力破": 1, "1亿": 1, "大关": 1, "实时": 1, "位居": 1, "同期": 1, "彩蛋": 1, "3": 1, "三大": 1, "提速": 1, "降费": 1, "成绩单": 1, "#O": 1, "7.25%O": 1}