{"雷军": 46, "当场": 3, "diss": 7, "华为": 53, "：": 38, "PPT": 28, "手机": 52, "现货": 19, "卖": 19, "1月": 15, "10日": 15, "红米": 19, "新品": 9, "发布会": 18, "针对": 7, "友商": 45, "吐槽": 9, "小米": 32, "产量": 9, "很": 13, "饥饿": 9, "营销": 9, "、": 25, "董事长": 7, "分析": 8, "荣耀": 14, "这不": 11, "本事": 11, "L": 6, "老板": 19, "联播": 18, "秒拍": 18, "视频": 23, "​": 14, "清华": 10, "北大": 5, "毕业生": 15, "雇主": 5, "就业": 8, "首选": 4, "工作地": 4, "北京": 8, "近日": 3, "大学": 8, "2018": 7, "年度": 2, "质量": 2, "报告": 2, "发布": 3, "清华大学": 1, "届": 5, "7243": 1, "就业率": 2, "99%": 1, "；": 2, "学校": 1, "本部": 1, "合计": 1, "7548": 1, "98.81%": 1, "签": 2, "三方": 2, "人数": 3, "统计": 2, "接收": 6, "最多": 2, "单位": 3, "总计": 2, "167": 2, "含本": 2, "硕": 2, "腾讯": 2, "科技": 4, "74": 2, "众多": 2, "知名": 2, "互联网": 2, "公司": 2, "招收": 2, "网易": 2, "41": 2, "阿里巴巴": 2, "38": 2, "百度": 2, "24": 2, "微软": 2, "23": 2, "O清华": 2, "优雅": 3, "神秘": 1, "VS": 1, "深邃": 1, "华丽": 1, "Mate20": 4, "系列": 3, "全新": 4, "配色": 3, "馥蕾红": 3, "璨星": 3, "蓝": 5, "今日": 2, "亮相": 1, "！": 4, "新一代": 1, "红": 2, "蓝CP": 1, "明天": 1, "正式": 1, "开售": 1, "一个": 1, "新年": 1, "O": 1, "网页": 2, "链接": 2, "霸气": 8, "回应": 11, "生死": 9, "淡不服": 1, "干[机": 1, "智]": 1, "Redmi": 7, "攻击": 5, "看淡": 8, "不服": 10, "干": 10, "模仿": 4, "性价比": 7, "真话": 1, "无关": 2, "差距": 1, "远": 4, "L大佬": 1, "时间": 1, "柳传志": 6, "谈": 3, "5G": 6, "联想": 15, "卖国": 12, "决不": 3, "窝囊": 6, "企业": 10, "去年": 3, "5月": 3, "传闻": 3, "标准": 3, "投票": 3, "投": 6, "高通": 3, "指责": 3, "@": 17, "9日": 3, "再次": 3, "称": 4, "绝不": 3, "杨元庆": 3, "利益": 3, "事件": 3, "背后": 3, "确实": 3, "势力": 3, "推动": 3, "名誉": 3, "危机": 3, "站": 3, "等于": 3, "梨视": 6, "频L": 6, "知乎": 13, "没关系": 4, "网友": 1, "发现": 1, "主页": 3, "显示": 3, "关注": 10, "国产": 4, "民族": 7, "品牌": 8, "印度": 3, "市场": 3, "占有率": 3, "第一": 3, "骄傲": 3, "随后": 2, "取消": 5, "对此": 2, "账户": 2, "真的": 4, "都": 3, "O雷军": 3, "L老板": 2, "喊话": 4, "放眼": 6, "差距离": 2, "现场": 7, "拆机": 3, "留": 3, "面子": 3, "联播L": 3, "冬天": 2, "主题色": 1, "灰色": 1, "漫长": 1, "单调": 1, "孤独": 2, "内心": 1, "轻易": 1, "浓郁": 1, "色彩": 2, "吸引": 1, "Mate20Pro": 1, "带来": 1, "献给": 1, "女性": 6, "玫瑰": 1, "般的": 2, "爱": 3, "温暖": 2, "寒冬": 2, "拥抱": 2, "星河": 1, "独立": 5, "自信": 2, "扛": 1, "一次次": 1, "拥有": 1, "热烈": 2, "向前": 1, "才": 2, "​​": 2, "回怼": 6, "怼华": 1, "提到": 2, "搞": 2, "怼": 1, "L财经": 1, "会议": 1, "​​​": 1, "8日": 2, "录取": 1, "排名": 1, "前列": 1, "不少": 1, "重合": 1, "新京报": 1, "消息": 1, "#风": 1, "#O": 1, "L凤凰网": 1, "内敛": 1, "典雅": 1, "坚韧": 1, "耀眼": 1, "璨星蓝": 1, "Pro红": 1, "新色": 2, "演绎": 1, "别样": 1, "魅力": 1, "刚": 1, "拿到": 1, "截图": 1, "推特": 1, "支持": 1, "逮捕": 1, "孟晚舟": 1, "kai-fulee": 1, "赞": 1, "艾特": 1, "别人": 1, "便宜": 2, "品质": 3, "气": 2, "半死": 2, "创始人": 2, "磕高": 1, "证明": 1, "弱于": 1, "有人": 1, "保时捷": 1, "装门面": 1, "产品": 2, "钱": 2, "铁杆": 3, "粉丝": 3, "背": 3, "任正非": 3, "很多": 3, "讲话": 3, "采访": 2, "环节": 1, "表态": 1, "团结": 1, "枪口": 1, "抬高一尺": 1, "弄急": 1, "科普": 1, "穿": 1, "孔屏": 1, "技术": 1, "缺陷": 1, "红色": 1, "代表": 3, "蓝色": 1, "睿智": 2, "京": 1, "举办": 1, "知己": 1, "沙龙": 2, "震撼": 1, "HUAWEIMate20Pro馥": 1, "蕾红": 1, "款": 3, "颜色": 1, "力求": 1, "时尚": 1, "表达": 1, "理解": 2, "当代": 2, "独特": 1, "致敬": 1, "李": 1, "艾": 1, "GraceChen": 1, "黄": 1, "超燕": 1, "景璐": 1, "四": 1, "精英": 1, "分享": 1, "美学": 1, "认知": 1, "这是": 2, "温度": 1, "态度": 1, "不谋而合": 1, "侧面": 1, "体现": 1, "精神": 1, "欣赏": 1, "尊重": 1, "终端": 1, "官方": 1, "20190110": 1, "唐师曾": 3, "P20P": 1, "缺点": 1, "独家": 1, "诸神": 1, "附体": 1, "摄自话": 1, "镜": 1, "到底": 1, "搜索": 2, "微信": 1, "实名": 1, "公众号": 1, "peaceducktangL": 1, "距离": 1, "O红米Note7": 1, "定价": 1, "999": 1, "元": 1, "黑": 1, "一分价钱一分货": 1, "手段": 1, "条": 2, "500多": 1, "回答": 1, "罕见": 2, "未": 2, "董明珠": 2, "认输": 2, "集团": 1, "兼": 1, "CEO": 1, "改": 1, "低调": 1, "常态": 1, "竞争": 1, "新款": 1, "Note7": 1, "对比": 1, "接受": 1, "凤凰网": 1, "财经": 1, "启阳路": 2, "4号": 1, "媒体": 1, "解释": 1, "逼急": 1, "圈子": 1, "混": 1, "买": 1, "研究": 1, "学习": 1, "成立": 1, "做好": 1, "死磕性": 1, "价比": 1, "教": 2, "对手": 1, "4号O": 1}