{"iPhone": 4, "背部": 4, "Logo": 4, "改为": 4, "整体": 2, "居中": 4, "：": 21, "反向": 6, "无线": 6, "充电": 8, "彭博社": 3, "报道": 4, "iPhone11": 2, "设计": 5, "告诉": 3, "用户": 4, "位置": 2, "功能": 7, "AirPods": 2, "耳机": 2, "AppleWatch": 2, "手表": 2, "华为": 75, "三星": 4, "机型": 2, "@": 5, "老板": 4, "联播L": 2, "联播": 2, "视频": 18, "​": 19, "篇": 1, "AI作诗": 1, "太": 6, "有趣": 1, "O华": 2, "推出": 7, "AI": 2, "诗人": 1, "乐府": 3, "唐诗": 1, "宋词": 1, "都": 12, "不在话下": 1, "竟": 1, "一时分": 1, "真假": 1, "忍": 1, "不住": 1, "试玩": 1, "提到": 1, "微信": 1, "程序": 1, "EI": 1, "体验": 1, "空间": 5, "清华": 1, "九": 1, "歌": 1, "O": 2, "网页": 1, "链接": 1, "​​": 2, "中上": 1, "截是": 1, "下截": 1, "九歌": 1, "微软": 3, "总裁": 4, "史密斯": 2, "批评": 2, "美国": 15, "对待": 2, "方式": 2, "一点": 4, "9月": 9, "8日": 3, "布拉德•史密斯": 1, "政府": 3, "un-American": 1, "坚实": 1, "事实": 1, "、": 16, "逻辑": 1, "法律": 1, "条款": 1, "依托": 1, "情况": 1, "此类": 1, "措施": 1, "Rethinkpossibilities": 4, "科技": 4, "创新": 2, "路上": 1, "突破性": 1, "成果": 1, "Mate30": 6, "赋予": 2, "圆": 1, "颠覆性": 1, "印象": 1, "！": 8, "19日": 5, "慕尼黑": 5, "L余": 1, "承东": 2, "晚上": 1, "外滩": 1, "走": 2, "圈": 1, "观光客": 1, "超多": 1, "第一": 4, "拍": 3, "陆家嘴": 1, "试": 1, "放大": 1, "50": 1, "倍": 4, "拍到": 1, "对岸": 1, "香格里拉": 1, "房间": 1, "人影": 1, "P40": 7, "鸿蒙": 12, "系统": 15, "余承东": 6, "接受": 3, "记者": 3, "采访": 4, "未来": 4, "出售": 2, "麒麟": 9, "处理器": 1, "CPU": 3, "看好": 2, "主力": 2, "旗舰": 3, "图像": 1, "9905G": 2, "多人物": 1, "替换": 1, "背景": 2, "选择": 1, "画面": 1, "保留": 1, "人物": 1, "还原": 1, "老旧": 1, "设备": 1, "拍摄": 1, "画质": 1, "呈现": 1, "一个": 4, "全新": 2, "奇妙": 1, "视觉": 1, "世界": 4, "990": 3, "芯片": 19, "发布": 10, "L华": 8, "中国": 2, "谷歌": 4, "服务": 6, "首发": 2, "IF": 2, "A": 2, "见面会": 2, "就绪": 1, "手机": 15, "想": 1, "款": 2, "搭载": 5, "产品": 7, "明年": 2, "3月": 2, "O余": 1, "整点": 1, "播": 1, "每经": 2, "24点": 3, "|": 3, "任正非": 11, "5G": 19, "实际上": 7, "小儿科": 8, "很": 14, "遥远": 8, "；": 7, "睡眠": 5, "损失": 4, "15万亿": 4, "日元": 4, "日本": 5, "兴起": 3, "午睡": 4, "外卖": 3, "1": 3, "心声": 3, "社区": 3, "公布": 2, "份": 2, "BBC": 2, "故事": 3, "工场": 2, "纪录片": 2, "纪要": 2, "7月": 2, "23日": 3, "人工": 4, "智能": 7, "支撑": 2, "低": 2, "时延": 2, "优点": 2, "上行": 1, "带宽": 1, "宽": 1, "适合": 2, "企业": 5, "数据": 1, "送": 1, "云去": 1, "4G": 1, "之间": 2, "通信": 2, "物": 2, "包括": 1, "控制": 2, "体系": 1, "谈": 2, "英国": 7, "战略": 1, "支持": 5, "买": 2, "500多": 2, "英亩": 2, "土地": 2, "建光": 2, "工厂": 2, "将来": 2, "出口": 2, "全世界": 4, "这是": 3, "信任": 2, "人员": 2, "数量": 2, "庞大": 2, "领域": 3, "突破": 3, "800": 2, "G光": 2, "欧洲": 1, "做出": 1, "贡献": 1, "KoalaSleepJapan": 1, "面包车": 1, "改装": 1, "卧室": 1, "开往": 1, "休息": 1, "公司": 3, "这项": 1, "针对": 1, "免费": 1, "提供": 1, "正式": 1, "面向": 1, "大众": 1, "推行": 1, "经济": 2, "合作": 2, "发展": 1, "组织": 1, "调查": 1, "人均": 1, "时间": 1, "7.37": 1, "小时": 1, "高达": 1, "O每经": 1, "外卖O": 1, "自有": 3, "品牌": 3, "智慧屏": 5, "明日": 1, "线上": 2, "预约": 2, "购买": 1, "消费": 2, "电子": 2, "风口": 2, "官方": 6, "9日": 1, "上午": 1, "荣耀": 4, "开卖": 1, "TCL": 1, "海信": 1, "电视": 3, "新品": 1, "前置": 1, "摄像头": 1, "IoT": 2, "大屏": 3, "交互": 1, "升级": 1, "开机": 1, "广告": 2, "家庭": 1, "中心": 1, "标配": 1, "致力于": 1, "传统": 1, "纷纷": 1, "有望": 1, "吸引": 1, "回归": 1, "拉动": 1, "尺寸": 1, "面板": 1, "销售": 2, "想象": 5, "推动": 1, "力量": 1, "探索": 1, "终端": 4, "WatchGT#2": 1, "即将": 1, "麒麟A": 2, "带来": 1, "期待": 3, "终于": 1, "放弃": 1, "苹果": 5, "改": 1, "投华": 1, "弃用": 1, "件": 1, "支": 1, "国货": 1, "原因": 1, "放": 1, "关键": 1, "表现": 2, "失望": 1, "乔布斯": 1, "死": 1, "亮点": 1, "性能": 1, "缓慢": 1, "长进": 1, "远远": 1, "不及": 1, "节节": 1, "高升": 1, "价格": 2, "不尽人意": 1, "iPhone8": 1, "等到": 1, "口碑": 1, "iPhoneXS": 2, "下一代": 1, "看上去": 1, "提": 1, "兴致": 1, "寒冷": 1, "环境": 2, "挂": 1, "快": 1, "稍": 1, "稳定": 1, "主板": 1, "报废": 1, "恼人": 1, "困扰": 1, "同行": 1, "小伙伴": 1, "小米": 1, "OPPO": 1, "照相": 1, "早已": 1, "甩出": 1, "条": 1, "大街": 1, "如今": 2, "多年": 2, "IOS": 1, "依赖性": 1, "实在": 2, "P30pro": 1, "优势": 2, "mate": 1, "系列": 8, "好意思": 1, "卖出": 1, "贵": 1, "果迷": 1, "平板": 1, "电脑": 1, "…": 1, "全线": 1, "粉丝": 1, "爱": 1, "。。。": 1, "IFA2019": 2, "此次": 1, "展会": 2, "粉丝们": 1, "热情": 1, "戳": 1, "听听": 1, "内心": 2, "想法": 1, "对此": 1, "看法": 1, "评论区": 1, "分享": 1, "感受": 1, "HUAWEI": 1, "WATCHGT2手表": 1, "19": 1, "德国": 1, "希望": 1, "技术": 4, "内容": 1, "请": 2, "发布会": 2, "揭晓": 1, "秒拍": 3, "对外": 1, "B站": 1, "UP主": 1, "鹏鹏君": 1, "驾到": 1, "放出": 1, "翻译": 1, "产业": 2, "ARM": 1, "架构": 1, "NPU": 2, "优秀": 1, "mate30": 1, "宣传片": 1, "猜猜": 1, "四": 1, "玩转AI": 1, "颠覆": 1, "强劲": 1, "AI算力": 1, "实时": 1, "动态": 1, "人景": 1, "分离": 1, "任意": 1, "切换": 1, "玩转": 2, "随心所欲": 1, "晒": 1, "朋友圈": 1, "装逼": 1, "人士": 1, "呆在": 1, "家里": 1, "随便": 1, "发": 1, "周游": 1, "​​​": 2, "创造": 2, "源于": 1, "生活": 2, "成就": 1, "革新": 1, "重构": 2, "可能性": 1, "会见": 1, "nova5": 1, "抹": 1, "苏音蓝": 1, "打破": 1, "秋日": 1, "沉寂": 1, "3D": 1, "精雕纹理": 1, "工艺": 2, "缔造": 1, "维质感": 1, "幻境": 1, "星芒": 1, "彰显": 1, "不凡": 1, "气质": 1, "绮境": 1, "森林": 1, "仲夏紫": 1, "珊瑚": 1, "橙": 1, "亮": 1, "黑色": 1, "亦": 1, "惊艳": 1, "亮相": 1, "炫酷": 1, "色彩": 1, "引爆": 1, "潮流": 2, "风尚": 1, "麒麟990": 1, "里程碑": 1, "能力": 2, "超越": 2, "行业": 1, "一流": 1, "尤其是": 1, "基带": 3, "集成": 2, "前列": 1, "算力": 1, "骑": 1, "绝尘": 1, "竞争": 4, "对手": 5, "打开": 1, "时代": 2, "+": 2, "赢得": 2, "胜势": 1, "": 1, "万能": 1, "大熊O": 1, "全球": 2, "首款": 1, "SOC": 1, "助力": 1, "头筹": 1, "变焦": 1, "牛": 1, "坐椅": 1, "远程": 1, "发射": 2, "14": 1, "镜头": 4, "捕获": 1, "清晰": 1, "臭猪": 1, "强大": 6, "感觉": 1, "坐": 1, "到处": 1, "biubiubiu": 1, "猫": 1, "？？": 1, "地位": 1, "不少": 1, "？？？": 1, "拼多多": 1, "恋爱": 1, "CEO": 1, "刘作虎": 1, "公开": 1, "海思": 2, "年内": 3, "超过": 2, "高通": 4, "骁龙": 2, "去年": 1, "依旧": 1, "……": 1, "集成5G": 1, "SoC确": 1, "PPT": 1, "阶段": 1, "评": 1, "说话": 1, "大包大揽": 1, "动不动": 1, "崔娃": 1, "脱口秀": 1, "吐槽": 1, "作弊": 1, "耍赖": 1, "攻击": 1, "L中报": 1, "激发": 1, "灵感": 1, "带": 2, "成功": 3, "诠释": 1, "很多": 4, "道理": 1, "极端": 1, "类型": 1, "亿万": 1, "发自": 1, "祝福": 1, "袁隆平": 1, "由衷": 1, "赞叹": 2, "美": 3, "经济学人": 1, "欧美": 1, "跨国公司": 1, "灾难": 1, "周刊": 2, "电信": 1, "巨头": 1, "危险": 1, "爱立信": 1, "卫翰思": 1, "尊敬": 1, "敌人": 1, "思科": 1, "执行长": 1, "钱伯斯": 1, "25": 1, "年前": 1, "商业": 1, "新时代": 1, "成吉思汗": 1, "一块": 1, "硬": 1, "石头": 1, "啃": 1, "荣誉": 1, "理工": 2, "男玩": 1, "艺术": 3, "高手": 2, "喜欢": 1, "男": 2, "审美": 1, "想到": 1, "外观": 1, "颜色": 2, "Mate7一": 1, "炮": 1, "红": 1, "业界": 2, "学": 1, "Mate7": 1, "8": 2, "流光溢彩": 1, "学习": 1, "样子": 1, "P20Pro": 1, "P30": 2, "P20": 1, "变色": 2, "厂家": 1, "争先": 1, "模仿": 1, "对象": 1, "调侃": 1, "Note10": 1, "P30Pro": 1, "天空": 1, "境": 1, "外媒": 1, "公认": 1, "巴黎": 1, "美学": 1, "成立": 1, "潘通": 1, "女": 1, "员工": 2, "比例": 1, "流光": 1, "背后": 2, "营销": 1, "类似": 1, "土拨鼠": 1, "卡路里": 1, "登月": 1, "超广角": 1, "聋哑女童": 1, "哑语": 1, "转换": 1, "病毒性": 1, "传播": 1, "作品": 1, "主题曲": 1, "DreamisPossible": 1, "经典": 2, "材料": 1, "每次": 1, "高大上": 1, "言之有物": 1, "废话": 1, "也就是说": 1, "静下": 1, "玩": 1, "管理": 1, "机制": 1, "人才": 1}