{"卧槽": 1, "华为": 58, "演唱会": 2, "效果": 1, "视频": 12, "截图": 1, "都": 9, "清晰度": 1, "简直": 1, "追星": 1, "女孩": 1, "必备": 1, "👧​": 1, "日本": 3, "研究": 2, "机构": 2, "拆解": 2, "P30Pro": 4, "：": 21, "美企": 2, "零件": 3, "占": 3, "0.9%": 3, "中国": 7, "企业": 2, "组件": 4, "价值": 2, "显示": 2, "1631": 1, "元器件": 1, "成本": 1, "2500": 1, "元": 7, "美": 2, "企零": 1, "件": 1, "日企": 1, "占比": 2, "超": 1, "5成": 1, "大陆": 1, "提供": 2, "38%": 1, "屏幕": 1, "昂贵": 1, "京东方": 1, "特朗普": 2, "美国": 25, "公司": 3, "出售": 1, "#L": 2, "老板": 8, "联播": 7, "秒拍": 7, "来源": 1, "@": 6, "早": 1, "财经": 2, "丨": 2, "习近平": 4, "签署": 3, "发布": 5, "特赦令": 3, "特赦": 3, "九": 3, "服刑": 3, "罪犯": 3, "；": 10, "深成指": 1, "上半年": 1, "涨幅": 1, "全球": 1, "第二": 1, "任正非": 21, "孟晚舟": 5, "事件": 5, "加拿大": 15, "世界": 2, "理论": 1, "科研": 1, "中心": 3, "1": 1, "、": 33, "重启": 1, "经贸": 1, "磋商": 1, "29日": 2, "上午": 1, "11时": 1, "50分许": 1, "国家": 3, "主席": 2, "大阪": 1, "国际": 1, "会展": 1, "会见": 2, "总统": 1, "时间": 2, "80": 1, "分钟": 1, "实行": 1, "3": 3, "载": 1, "12": 1, "名": 2, "游客": 1, "大巴": 1, "清迈": 1, "侧翻": 1, "伤势": 1, "4": 1, "普京": 1, "G20": 1, "晚宴": 1, "自带": 1, "保温杯": 1, "关注": 6, "佩斯科夫": 1, "揭秘": 1, "杯中": 1, "热茶": 1, "5": 3, "2019年": 1, "北京": 2, "住房": 2, "公积金": 2, "调整": 1, "2019": 2, "年度": 2, "缴存": 1, "基数": 1, "上限": 1, "27786": 1, "下限": 1, "2200": 1, "6": 1, "夜色": 1, "偷倒": 1, "垃圾": 2, "罚款": 1, "2万": 1, "分类": 1, "上海": 6, "社交": 1, "7": 1, "soul": 1, "下架": 1, "6月": 4, "28日": 2, "网信办": 1, "通报": 1, "针对": 1, "网络": 2, "音频": 1, "乱象": 1, "启动": 2, "专项": 1, "整治": 1, "相关": 1, "情况": 2, "Soul": 1, "改进": 1, "8": 1, "河南": 1, "南阳": 1, "大面积": 1, "楼盘": 1, "烂尾": 1, "项目": 1, "扎堆": 1, "上车": 1, "补票": 1, "留": 1, "隐患": 1, "9": 2, "空调": 1, "配件": 1, "870": 1, "维修工": 1, "市场价": 1, "O": 3, "网页": 2, "链接": 2, "O早": 1, "备货": 1, "10万": 2, "折叠屏": 2, "手机": 11, "快": 3, "7月": 2, "国内": 5, "上市": 5, "14999": 2, "30日": 1, "产业链": 1, "爆料": 1, "称": 8, "即将": 1, "MateX5G": 1, "预计": 1, "7月底": 1, "等到": 1, "9月份": 1, "才": 1, "陆续": 1, "国外": 2, "市场": 2, "MateX": 1, "尽快": 1, "三大": 1, "运营商": 2, "商用": 1, "测试": 1, "O备货": 1, "​": 14, "迪拜": 2, "签": 1, "5G": 6, "合同": 1, "哈利法塔": 1, "免费": 1, "广告": 1, "太": 5, "炫": 1, "！！": 2, "搞笑": 2, "寻常": 1, "iPhone": 2, "原图": 1, "自动": 2, "AI算法": 1, "迪玛希": 1, "迪玛希ARNA": 1, "U": 1, "用​": 1, "中兴": 1, "封杀": 1, "区别": 1, "到位": 1, "最新": 3, "采访": 12, "联邦": 5, "快递": 4, "实体": 12, "清单": 12, "征收": 2, "专利费": 3, "投资": 6, "谈": 4, "下午": 1, "心声": 4, "社区": 4, "日前": 1, "接受": 5, "环球": 5, "邮报": 5, "纪要": 4, "众多": 1, "解答": 1, "芯片": 15, "先进": 7, "死亡": 8, "威胁": 8, "近期": 3, "公布": 3, "忽略": 3, "技术": 6, "含量": 3, "零部件": 3, "更换": 3, "产能": 3, "影响": 3, "核心": 6, "尖端": 3, "供给": 3, "联播L": 2, "倪光南": 1, "想": 2, "引进": 2, "解决": 1, "网信": 2, "形势": 1, "唯一": 1, "出路": 1, "自主": 1, "创新": 1, "打入": 1, "发展": 4, "壮大": 1, "备胎": 2, "夜": 1, "转正": 1, "挽狂": 1, "澜于": 1, "倒": 1, "踏踏实实": 1, "短板": 1, "补齐": 1, "绝不": 1, "侥幸": 1, "心理": 1, "领域": 1, "硬": 2, "道理": 3, "！": 10, "买": 8, "辆": 1, "驾驶": 1, "汽车": 2, "本身": 1, "安全性": 1, "黑客": 1, "劫持": 1, "远程": 1, "操控": 1, "车毁人亡": 1, "岛妹": 1, "发自": 1, "互联网": 1, "基础": 1, "资源": 1, "大会": 1, "13": 1, "小时": 2, "官方": 4, "IG": 1, "帐号": 1, "HuaweiMobileItalia": 1, "六": 1, "款": 1, "配色": 2, "画面": 1, "恰好": 1, "象征": 1, "LGBT": 1, "彩虹": 1, "颜色": 1, "加上": 1, "loveislove": 1, "(": 1, "爱": 3, ")": 1, "多元": 1, "标签": 1, "以此": 1, "庆祝": 1, "一年一度": 1, "同志": 1, "骄傲月": 1, "网友": 1, "评": 1, "鸿蒙": 3, "爆胎": 1, "沸腾": 2, "撤": 1, "留下": 1, "海军": 2, "战场": 1, "惶惶不可终日": 1, "转头": 1, "称赞": 1, "安卓": 1, "拒绝": 1, "透漏": 1, "气质": 1, "敌": 1, "开打": 1, "敌军": 2, "带": 1, "瞬间": 1, "转身": 1, "投靠": 1, "": 2, "魔道": 1, "祖师": 1, "再次": 1, "吹爆": 2, "主题": 1, "锁": 1, "屏长": 1, "琴声": 1, "男声": 1, "哼唱": 1, "动漫": 1, "第10": 1, "汪": 1, "叽唱": 1, "羡羡": 1, "忘羡": 1, "汪叽唱": 1, "边江": 1, "原声": 1, "！！！": 2, "舔爆": 1, "块": 1, "值": 1, "L站站": 1, "入侵": 1, "彩蛋": 1, "正片": 1, "精彩": 1, "号称": 1, "千": 2, "寻": 1, "资深": 1, "饭": 1, "刘": 1, "文静": 1, "同学": 1, "吵": 1, "同款": 1, "平板": 1, "M6": 1, "开箱": 1, "nova5Pro": 1, "绮境": 1, "森林": 1, "感觉": 1, "真机": 1, "颜值": 1, "几分": 1, "天空": 1, "镜": 1, "PK": 1, "最佳": 1, "用华": 1, "卖": 5, "衣服": 3, "顾客": 2, "口袋": 2, "钱": 2, "近日": 1, "媒体": 1, "问及": 1, "设备": 4, "可能性": 1, "这是": 2, "政府": 1, "商店": 1, "能力": 1, "|": 1, "研究所": 2, "14": 1, "浦东": 1, "新区": 1, "金桥路": 1, "坐落": 1, "横向": 1, "长": 1, "单体": 1, "建筑": 1, "——": 2, "上万": 1, "华为人": 2, "埋头苦干": 1, "研所": 1, "高科技": 1, "福利": 1, "吃苦": 1, "打拼": 1, "工作": 1, "样子": 1, "这家": 1, "顶尖": 1, "科技": 1, "员工": 1, "字": 1, "理解": 1, "本期": 1, "人面": 1, "对面": 1, "终端": 2, "微博O": 1, "L新民": 1, "晚报": 1, "新民网": 1, "不论是": 1, "苹果": 1, "小米": 1, "三星": 1, "各类": 1, "用户": 2, "素质": 2, "请问": 1, "生活": 1, "包括": 1, "真实": 1, "想法": 1, "投": 1, "票": 1, "品牌": 1, "心中": 1, "平均": 1, "最低": 1, "外界": 1, "首次": 1, "介绍": 1, "多伦多": 1, "渥太华": 1, "蒙特利尔": 1, "温哥华": 1, "土地": 1, "建新": 1, "研发": 1, "至少": 1, "几十亿": 1, "美元": 1, "茜🌈photobyHuaweip": 1, "30pro": 1, "万茜​": 1, "农民": 6, "效率": 1, "生产": 1, "坏": 1, "地里": 1, "选举": 1, "季": 1, "这次": 2, "解放": 1, "顾虑": 1, "关税": 2, "增加": 1, "导致": 1, "经济": 1, "担忧": 1, "担心": 1, "升级": 1, "投票": 1, "对手": 1, "麻烦": 1, "数据": 1, "农业区": 1, "申请": 1, "破产": 1, "人数": 1, "10年": 1, "水平": 1, "美方": 1, "产品": 1, "加征": 1, "很": 2, "大票仓": 1, "州": 1, "俄亥俄": 1, "佛罗里达": 1, "伊利诺伊": 1, "密苏里": 1, "北卡罗来纳": 1, "竞选": 1, "获胜": 1, "法宝": 1, "铁锈带": 1, "蓝领": 1, "工人": 1, "一个": 2, "俄亥俄州": 1, "放话": 1, "确实": 1, "支持": 1, "抛弃": 1, "往复": 1, "保护": 1, "生意": 1, "告诉": 1, "常识": 1, "1980年": 1, "玉米": 3, "可口可乐": 2, "原料": 1, "1984年": 1, "百事可乐": 1, "高果糖": 1, "糖浆": 1, "取代": 1, "蔗糖": 1, "/": 1, "文": 1, "鳄鱼": 1, "十三": 1, "L茂哥": 1, "日记": 1, "专业": 1, "教会": 1, "人生": 1, "第一": 1, "直观": 1, "各国": 1, "GDP": 1, "年后": 1, "见分晓": 1, "加油华": 1, "网传": 1, "系统": 1, "Mate30": 2, "系列": 1, "背板": 1, "泄露": 1, "造型": 2, "前代": 1, "方形": 1, "圆形": 1, "浴霸": 1, "变身": 1, "奥利奥": 3, "提到": 1, "不得不": 1, "提": 1, "当年": 2, "拍照": 2, "走": 1, "执着": 1, "诺基亚": 5, "Lumia": 1, "1020": 1, "摄像头": 1, "一块": 1, "难道": 1, "突破": 1, "陈言": 1, "新语": 1, "明白": 2, "为啥": 1, "贵": 1, "便宜": 1, "用心良苦": 1, "L老板": 2, "高管": 1, "警告": 2, "打脸": 2, "BBC": 1, "报道": 2, "首席": 1, "技术官": 1, "马库斯·韦尔登": 1, "英国": 2, "随后": 1, "声明": 1, "立场": 1, "否认": 1, "风险": 1, "并称": 1, "监管": 1, "L": 1, "供应商": 2, "个股": 1, "梳理": 1, ">>": 1, ">": 1, "O华": 1, "股梳": 1, "理​": 1}