{"任正非": 92, "回应": 28, "热点": 24, "新闻": 10, "1": 3, "+": 3, "专访": 3, "华为": 120, "创始人": 6, "、": 42, "CEO": 6, "危险": 1, "时刻": 3, "最佳": 1, "状态": 2, "；": 5, "外施": 1, "压": 1, "推动": 1, "向前": 1, "从来": 1, "想": 2, "英雄": 1, "……": 1, "戳": 1, "↓↓": 2, "正解": 1, "禁": 1, "！": 10, "央视": 10, "直播": 6, ".": 2, "​": 13, "最新": 3, "：": 51, "做好": 18, "5月": 10, "21日": 11, "针对": 3, "相关": 3, "深圳": 3, "接受": 23, "媒体": 13, "访问": 3, "情绪": 17, "鲜明": 5, "爱国主义": 5, "支持": 5, "绑架": 5, "社会": 6, "爱国": 9, "小孩": 5, "爱": 38, "苹果": 41, "制止": 7, "瞎喊": 7, "口号": 8, "煽动": 7, "民族": 7, "美国": 55, "政府": 5, "O": 8, "买": 4, "简单": 1, "等同": 1, "@": 5, "人民": 4, "日报": 4, "家人": 24, "上午": 4, "采访": 18, "①": 1, "②": 1, "冲突": 3, "最终": 3, "人类": 2, "贡献": 3, "③": 1, "芯片": 24, "④": 1, "狭隘": 20, "手机": 28, "视频": 16, "90": 10, "临时": 10, "执照": 10, "5G": 12, "影响": 7, "别人": 7, "两三": 7, "肯定": 6, "追": 7, "答": 2, "中央": 6, "广播": 6, "电视": 7, "总台": 6, "记者": 6, "技术": 6, "L": 5, "秒拍": 8, "中国": 8, "纪要": 2, "实录": 2, "全文": 3, "今日": 2, "总部": 11, "新浪": 1, "科技": 1, "近期": 2, "封杀": 1, "业务": 2, "发展": 3, "基础科学": 1, "研究": 2, "话题": 1, "断供": 3, "极端": 3, "情况": 5, "戳阅": 1, "生态": 12, "很": 17, "出国": 8, "送": 8, "电脑": 9, "O网页": 1, "链接": 3, "操作": 5, "系统": 6, "早": 2, "面世": 2, "余承东": 3, "OS": 3, "秋面市": 1, "消费者": 2, "透露": 2, "面向": 2, "下一代": 1, "设计": 1, "快": 2, "秋天": 2, "晚": 1, "明年": 1, "春天": 1, "面市": 1, "套": 2, "打通": 1, "平板": 1, "汽车": 1, "智能": 1, "穿戴": 1, "设备": 1, "统一": 1, "一个": 5, "兼容": 1, "安卓": 2, "Web": 1, "编译": 1, "运行": 1, "性能": 1, "提升": 1, "超过": 1, "60%": 1, "这是": 1, "未来": 2, "微内核": 1, "O余": 1, "承东": 1, "9点": 2, "董": 3, "倩": 3, "现场": 1, "图文": 1, "→O": 1, "网页": 2, "关注": 5, "供应": 4, "备份": 3, "永远": 1, "卖给": 1, "排斥": 2, "自我": 1, "成长": 3, "真的": 2, "困难": 4, "高端": 1, "都": 9, "L人民日报": 1, "称": 4, "意义": 5, "感谢": 2, "企业": 9, "做出": 2, "很多": 5, "顾问": 2, "IBM": 2, "年前": 6, "实体": 5, "管制": 5, "骂": 4, "政客": 4, "件": 3, "事情": 2, "做法": 2, "低估": 2, "力量": 2, "内容": 1, "持续": 3, "更新": 2, "O直击": 1, "国家": 2, "紧急": 1, "列入": 1, "黑名单": 1, "网上": 1, "议论纷纷": 1, "中兴": 3, "制裁": 1, "制作": 1, "四": 2, "期": 5, "张召忠": 1, "节目": 2, "收看": 2, "往期": 1, "方法": 1, "关注局": 1, "座召忠": 1, "拉": 1, "菜单": 1, "左侧": 1, "珊瑚": 1, "橘": 1, "课堂": 1, "～": 1, "——": 4, "第104": 1, "芯": 2, "奥秘": 1, "第105": 1, "芯想": 1, "追上": 1, "先进": 1, "水平": 3, "难": 3, "第106": 1, "攻坚": 1, "克难": 1, "第107": 1, "国会": 1, "放过": 1, "美": 2, "贸易": 3, "教育": 2, "开放": 3, "才": 3, "强身健体": 2, "文化": 1, "素质": 1, "轻易": 3, "和平": 2, "时期": 3, "一半": 4, "孤立": 2, "世界": 6, "等于": 2, "双语": 2, "谈": 5, "禁令": 1, "创新": 3, "…": 1, "版本": 2, "自主": 1, "成功": 1, "拥抱": 1, "全球": 4, "戳图": 1, "转存": 1, "集锦": 1, "赢": 2, "梨": 2, "150多": 1, "分钟": 1, "精华": 1, "投资": 1, "基础": 2, "学科": 1, "冷静": 1, "沉着": 1, "老板": 5, "联播L": 1, "联播": 4, "清单": 3, "生产": 1, "零部件": 1, "供给": 1, "不能不": 1, "遵守": 1, "法律": 1, "说话": 1, "同呼吸共命运": 1, "/": 1, "批瞎": 1, "喊": 1, "公司": 6, "民粹主义": 2, "产品": 3, "不用": 2, "商业": 1, "喜欢": 2, "政治": 1, "挂钩": 1, "发": 1, "文件": 1, "马化腾": 2, "事件": 3, "拿来主义": 2, "空间": 2, "科技战": 2, "2019": 1, "腾讯": 1, "数字": 2, "大会": 1, "走到": 1, "前沿": 1, "越来越": 1, "摩擦": 1, "关键": 1, "苦功": 1, "经济": 1, "难以为继": 1, "此前": 1, "乔布斯": 1, "称为": 1, "改变": 1, "伟人": 1, "L新京报": 1, "汇总": 1, "3": 1, "排除": 1, "4": 1, "5": 1, "欧洲": 1, "沟通": 1, "6": 1, "谈备胎": 1, "计划": 1, "排外": 1, "7": 1, "站": 2, "高点": 2, "迟早": 2, "牺牲": 1, "家庭": 2, "理想": 3, "8": 1, "咬": 1, "牙": 1, "慢慢": 1, "挺": 1, "9": 1, "还要": 2, "多久": 1, "川普": 1, "10": 1, "春节": 2, "判断": 1, "打击": 1, "时间": 5, "孟晚舟": 2, "庇护": 1, "意识": 1, "推前": 1, "加班": 2, "期间": 1, "保安": 1, "清洁工": 1, "餐厅": 1, "服务": 1, "人员": 1, "5000": 1, "好多": 1, "回家": 2, "抢占": 1, "奋斗": 1, "五一节": 1, "本来": 1, "差不多": 1, "11": 1, "砸": 1, "钱": 1, "不行": 1, "砸人": 1, "寻找": 1, "人才": 1, "介绍": 1, "至少": 1, "700": 1, "名": 5, "数学家": 1, "800多": 1, "物理学家": 1, "120多": 1, "化学家": 1, "六七千": 1, "专家": 1, "六万多": 1, "高级": 1, "工程师": 2, "组合": 1, "12": 1, "宣传": 1, "13": 1, "谈华": 1, "管理": 1, "秘籍": 1, "哲学": 1, "客户": 2, "中心": 1, "创造": 1, "价值": 1, "14": 1, "谷歌": 2, "高度": 1, "负": 1, "责任": 1, "讨论": 1, "应对": 1, "方案": 1, "15": 1, "资本": 2, "进来": 1, "贪婪": 1, "本性": 1, "破坏": 1, "16": 1, "女儿": 2, "思想": 2, "缓解": 2, "压力": 2, "意志": 1, "长期": 1, "超越": 1, "思考": 1, "才能": 1, "客观": 1, "客户端": 1, "太": 1, "L老板": 1, "荣耀": 6, "系列": 4, "英国": 2, "发布会": 3, "北京": 1, "今晚": 1, "21点": 1, "伦敦": 1, "举办": 2, "正式": 1, "发布": 1, "旗舰": 1, "20Pro": 1, "亮点": 1, "体现": 1, "拍照": 1, "功能": 1, "款": 1, "配有": 1, "后置": 1, "摄": 1, "31日": 1, "上海": 1, "国行": 1, "KNEWS": 1, "移动端": 1}