{"快本": 3, "超时": 3, "营业": 4, "准时": 1, "上线": 1, "！": 24, "@": 9, "蔡徐坤": 1, "酒店": 6, "换装": 1, "自曝": 1, "爱": 3, "豹纹": 1, "花衬衫": 1, "young": 1, "场景": 1, "混剪": 1, "带": 2, "感受": 3, "舞台": 2, "王者": 1, "气场": 1, "李现ing": 1, "挥手": 1, "回应": 1, "粉丝": 2, "应援": 1, "超暖心": 1, "倾情": 1, "献唱": 1, "曹操": 1, "隐藏": 3, "技能": 1, "精彩": 2, "未": 1, "播": 1, "花絮": 1, "快": 2, "戳": 2, "链接": 6, "芒果": 3, "TV": 2, "会员": 2, "尊享": 1, "周日": 1, "中午": 1, "12:00": 1, "光顾L": 1, "03": 1, "期": 1, "：": 18, "蔡": 1, "徐": 1, "坤上": 1, "演变": 1, "装秀": 1, "李": 1, "细节": 2, "尽显": 1, "绅士": 1, "风范": 1, "华为": 40, "视频": 13, "专区": 1, "海量": 1, "内容": 1, "+": 3, "联合": 1, "优惠": 1, "单曲": 4, "循环": 5, "歌": 4, "海龟": 4, "MV": 6, "藏": 3, "很多": 2, "彩蛋": 10, "找齐": 4, "苏宁": 9, "易购": 7, "送": 5, "Mate30Pro": 7, "找": 2, "7": 1, "太": 10, "找到": 2, "39": 1, "秒": 1, "处墙": 1, "二维码": 1, "想到": 1, "真的": 2, "扫": 1, "11.11": 4, "高清M": 1, "V戳": 1, "O网页": 4, "L苏宁": 2, "秒拍": 2, "​": 18, "研发": 8, "员工": 13, "投诉": 5, "食堂": 9, "投票": 2, "公司": 10, "近日": 2, "伙食": 3, "差": 3, "、": 12, "定价": 4, "服务": 5, "到位": 4, "关注": 1, "看法": 2, "评论": 1, "~": 3, "满意": 2, "鬼灭": 1, "刃": 1, "富冈": 1, "义勇": 1, "COS": 1, "试妆": 2, "CN": 1, "LALA": 1, "世": 1, "≈≈": 8, "≈": 3, "水≈": 1, "呼≈": 1, "吸≈": 1, "病": 1, "迟来": 1, "拖": 1, "家用": 1, "手机": 13, "自拍": 1, "牛逼": 1, "出片": 1, "！！！": 1, "服装": 1, "感谢": 2, "三分": 1, "妄想": 1, "本人": 1, "长期": 1, "鸽": 1, "气": 1, "色儿": 1, "才": 4, "讨厌": 1, "骨干": 4, "人员": 4, "提出": 1, "离职": 8, "任正非": 11, "恳劝": 1, "留": 1, "都": 8, "失败": 1, "告终": 1, "只好": 1, "死心": 1, "迟迟": 3, "同意": 3, "申请": 5, "眼看": 1, "这位": 1, "一天天": 1, "莫名其妙": 1, "留下": 1, "难道": 1, "硬留": 1, "12月": 2, "31日": 2, "那位": 2, "原因": 2, "一律": 1, "年终奖": 1, "方式": 1, "拿到": 1, "200万年": 1, "终奖": 1, "授人": 1, "渔啊": 1, "企业": 2, "或者是": 1, "利益": 3, "为重": 2, "打破常规": 1, "放": 2, "第一": 2, "实在": 3, "敬佩": 1, "利他": 1, "思维": 1, "吸引": 1, "人才": 1, "走": 1, "自私": 1, "深深": 1, "赢得": 1, "对此": 2, "评论区": 1, "留言": 1, "北接": 1, "陈念": 1, "出狱": 1, "镜头": 2, "女孩": 2, "保护": 2, "梦": 2, "世界": 3, "说好": 1, "一辈子": 1, "TFBOYS": 1, "易烊": 1, "千玺L": 1, "四": 5, "字": 6, "弟弟": 1, "yyqx": 1, "唱歌": 2, "yy": 1, "qx": 6, "跳舞": 1, "帅好": 1, "看好": 1, "听": 1, "szdd四": 1, "好看": 1, "四字帅": 1, "好听yy": 1, "x华为yyqx帅yy": 1, "casescyyqx": 1, "对不起yy": 1, "千禧龙yy": 1, "qxlyyqxinsyyqxdvyyqx": 1, "yyqxysfyy": 1, "casescyy": 1, "qx猫yy": 1, "​​": 4, "烊": 1, "千": 2, "玺": 1, "四字街": 1, "舞": 1, "封面": 1, "纸": 1, "鹤znjj": 1, "瑞士": 3, "旅行": 1, "破mate20": 1, "拍": 7, "素材": 1, "旅游": 1, "向往": 2, "地方": 1, "一2": 1, "畅享": 1, "10": 1, "开售": 2, "极光": 1, "蓝": 1, "天空": 2, "境": 1, "绝美": 1, "配色": 1, "展现": 1, "自然": 1, "美": 4, "4800万": 1, "超清": 1, "夜景": 5, "拍摄": 1, "记录": 2, "清晰": 2, "夜晚": 1, "李": 1, "健#": 1, "不止": 1, "李健": 2, "演唱会": 3, "超近": 1, "距离": 1, "狙击": 1, "慎点": 1, "六": 2, "场": 1, "特意": 1, "白换": 1, "！！！！！！！": 1, "🐮🍺": 1, "！！！L": 1, "小柒": 1, "探索": 2, "脚步": 1, "唱响": 1, "中国": 6, "景仰": 1, "骄傲": 1, "自豪": 1, "欢呼": 1, "雀跃": 1, "释放": 1, "新时代": 1, "蓬勃": 1, "探索力": 1, "请": 1, "回忆": 1, "份": 1, "美好": 1, "期待": 1, "WatchGT#2": 2, "只管": 1, "跑": 1, "远": 1, "远方": 1, "L黑猫": 1, "黑": 1, "光大": 1, "篇": 1, "研报": 1, "基本上": 2, "tws": 1, "耳机": 1, "(": 4, "1": 1, ")": 4, "Apple用": 1, "专利": 3, "封锁": 1, "监听": 1, "模式": 2, "安卓": 2, "厂家": 1, "采用": 1, "转发": 1, "缺点": 2, "白板机": 3, "侵犯": 1, "Apple": 2, "山寨": 1, "联发科": 1, "旗下": 1, "络达": 1, "电子": 1, "硬件": 1, "技术": 3, "绕开": 1, "3": 1, "高通": 1, "类似": 1, "尝试": 1, "适配": 1, "芯片": 13, "终端": 1, "通用性": 1, "一点": 1, "华强北": 1, "都会": 1, "迭代": 1, "买完": 1, "买": 2, "亏": 1, "分享": 1, "操作": 1, "老": 1, "苹果": 3, "用户": 1, "好多": 1, "东西": 2, "很": 7, "稀奇": 1, "世间": 1, "万物": 1, "完美": 1, "喜欢": 2, "mate30": 1, "mate305": 1, "LJo陳帥": 1, "乌镇": 2, "寻找": 1, "诗意": 1, "Mate30": 1, "5G": 1, "戏剧节": 1, "近距离": 1, "艺术": 1, "轮值": 2, "CEO": 2, "徐直军": 2, "回复": 3, "为民请命": 2, "干部": 3, "成熟": 1, "抽调": 2, "帮厨": 2, "三": 2, "实践": 2, "建议": 2, "；": 1, "葛朗台式": 1, "入物": 1, "一个": 5, "生活": 1, "花钱": 1, "保障": 1, "别人": 1, "百般": 1, "挑剔": 1, "有人": 2, "O伙": 1, "食差": 1, "大叔": 1, "第二": 2, "季": 1, "马来西亚": 2, "随手": 1, "雨季": 1, "雨水": 1, "冲刷": 1, "过后": 1, "干净": 1, "透亮": 1, "夜幕": 1, "降临": 1, "时分": 1, "美的": 2, "夜空": 1, "大海": 1, "城市": 2, "度假区": 2, "迷醉": 1, "晚上": 7, "入住": 2, "马六甲": 4, "thepines": 1, "松闲": 2, "阳台": 1, "吃完": 1, "饭后": 1, "码头": 1, "游马": 1, "六甲河": 1, "蜿蜒": 1, "入海": 1, "两岸": 1, "小清新": 1, "壁画": 1, "史诗": 1, "表演": 2, "历史": 1, "娘": 1, "惹": 1, "文化": 2, "多元": 1, "融合": 1, "妈妈": 1, "故事": 1, "结束": 1, "剧场": 1, "海边": 1, "醉美": 1, "晚霞": 1, "第三": 1, "山迪": 1, "沙鲁": 1, "摇滚风": 1, "hardrock": 1, "吉他🎸": 1, "最为": 1, "代表性": 1, "大堂": 1, "乐队": 1, "liveshow": 1, "过瘾": 1, "第四": 1, "乐高": 1, "乐园": 1, "度假": 1, "第五": 1, "吉隆坡": 1, "大雨": 1, "打卡": 2, "双子塔": 1, "雨": 1, "夜色": 1, "显得": 2, "格外": 1, "雄伟": 1, "壮观": 1, "图片": 1, "均": 1, "人像": 1, "不愧": 1, "一代": 1, "机王": 1, "风景线": 1, "马来西亚·迪沙鲁图": 1, "纳码": 1, "雅海滩": 1, "水疗": 1, "度假村": 1, "TunamayaBeach&SpaResort–DesaruCoast": 1, "外媒": 1, "Wccftech": 1, "消息": 2, "三星": 3, "解散": 1, "自研": 2, "CPU": 1, "团队": 1, "未来": 1, "ARM": 2, "架构": 3, "分析师": 1, "PatrickMoorhead": 1, "核心": 1, "性能": 1, "不错": 1, "耗电": 1, "始终": 1, "解决": 1, "降低": 1, "海思": 3, "麒麟": 1, "高度": 1, "操控": 1, "舆论": 1, "攻击": 1, "沙子价": 1, "公版": 3, "沙子": 4, "价": 2, "流片": 1, "钱": 1, "付": 1, "原始": 1, "状态": 1, "——": 1, "傻子": 1, "公版论": 1, "干": 1, "口中": 1, "不得不": 1, "回归": 1, "这是": 4, "讽刺": 1, "一次次": 1, "现实": 1, "打的": 1, "脸": 1, "通红": 1, "国内外": 1, "同行": 1, "衬托": 1, "感觉": 1, "艰难": 1, "不易": 1, "一家": 1, "独自": 1, "对抗": 1, "西方": 2, "打破": 1, "垄断": 1, "堪称": 1, "科技": 1, "欧莱雅": 1, "朱": 2, "龙": 2, "拜拜": 1, "真帅": 1, "30": 2, "抖": 3, "包妹们": 1, "激动": 1, "慌": 1, "朱一龙": 1, "美食": 1, "拍照": 4, "对比": 2, "依次": 1, "iPhone11ProMax": 1, "Note10+": 1, "坚果": 1, "Pro3": 1, "西安": 1, "凉皮": 1, "念念不忘": 1, "回响": 1, "好几": 3, "连锁店": 1, "北京": 1, "吃到": 1, "全国": 1, "好吃": 1, "✌": 1, "️​": 1, "难找": 1, "来回": 1, "回": 1, "终于": 1, "1：09": 1, "发现": 2, "名字": 1, "竟然": 3, "密码": 1, "输入": 1, "惊喜": 2, "高清": 3, "P30Pro": 1, "iPhone11Pro": 1, "暗光": 1, "成像": 1, "删": 1, "未知": 1, "保存": 1, "L王员": 1, "不用": 2, "一块": 2, "美国": 8, "10月": 1, "30日": 1, "埃及": 1, "金字塔": 1, "报": 1, "发表": 1, "该报": 1, "总编辑": 1, "阿拉•萨比特": 1, "文章": 1, "对话": 1, "制裁": 1, "阻止": 1, "反而": 2, "受益": 1, "良多": 1, "发展": 1, "团结": 1, "努力": 1, "工作": 1, "生产": 1, "100%": 1, "制造": 1, "产品": 1, "国家": 3, "合作": 1, "重要性": 1, "耐心": 1, "等待": 1, "困难": 1, "正确": 1, "L": 1, "老板": 1, "联播": 1, "这不": 1, "尽力": 1, "攻略": 1, "据说": 2, "一共": 1, "6": 2, "台": 2, "mate3Pro": 1, "刘海": 1, "个性": 1, "网友": 1, "求助": 1, "11": 1, "Promax": 1, "mate30pro5g": 1, "值得": 1, "意见": 1, "音": 1, "国际版": 1, "启动": 1, "调查": 1, "本质": 1, "科技战": 1, "战略": 2, "打压": 2, "一部分": 1, "超级": 1, "计算机": 1, "AI": 1, "一模一样": 1, "借口": 1, "烂": 1, "阴毒": 1, "掐尖": 1, "冒头": 1, "刚好": 1, "TIKTOK": 2, "国际化": 1, "社交": 1, "APP": 2, "吊打": 1, "BAT": 1, "众": 1, "领先": 2, "叫嚣": 1, "贸易": 1, "自由": 2, "喊": 1, "无耻": 1, "无赖": 1, "实体": 1, "清单": 1, "宣告": 1, "iOS": 1, "版本": 1, "废": 1, "下架": 1, "唯一": 1, "生机": 1, "安装": 1, "谷歌": 1, "市场": 1, "太太": 1, "无意": 1, "电话": 2, "号码": 1, "签名": 1, "试试": 1, "p用": 1, "功能": 3, "想象": 1, "理想": 1, "网上": 1, "口碑": 1, "提高": 1, "期待值": 1, "想": 2, "场合": 1, "单反": 4, "沉": 1, "背着": 1, "爬山": 1, "噩梦": 1, "价值": 1, "规律": 1, "永远": 1, "颠簸不破": 1, "真理": 1, "就要": 1, "贵": 1, "理由": 1, "指望": 1, "效果": 2, "程度": 1, "AI自动": 1, "美化": 1, "中老年人": 1, "发": 1, "朋友圈": 1, "合适": 1, "符合": 1, "审美": 1, "饱和度": 2, "提": 1, "绿树": 1, "草地": 1, "景色": 1, "绿色": 1, "食物": 1, "懒得": 1, "相机": 1, "恶心": 1, "用力": 1, "猛": 1, "未必": 1, "件": 1, "好事": 1, "杭州": 1, "运动": 2, "酣畅淋漓": 1, "全身心": 1, "投入": 1, "担心": 1, "不见": 1, "老是": 1, "漏接": 1, "事儿": 1, "联动": 1, "举手投足": 1, "小事": 1, "搞定": 1, "舒心": 1, "L华": 1, "媒体": 1, "报道": 1, "告": 1, "书": 1, "当事": 1, "回到": 1, "岗位": 1}