{"任正非": 5, "：": 9, "5G": 8, "想象": 1, "政治家": 2, "夸大": 1, "作用": 1, "实施": 1, "时间": 5, "实际上": 1, "宣传": 1, "提前": 1, "到来": 1, "早": 1, "判断": 2, "社会": 1, "重视": 2, "试用": 1, "2020年": 1, "2019年": 2, "世界": 3, "普遍性": 1, "科技": 14, "领域": 2, "美国": 8, "处于": 1, "领先": 3, "状况": 1, "长": 1, "历史": 1, "内": 2, "改变": 1, "罗斯部长": 1, "印度": 2, "讲": 1, "、": 28, "三年": 1, "超越": 1, "华为": 58, "论断": 1, "相关": 3, "出口": 2, "管制": 2, "法规": 2, "都": 18, "公司": 1, "利用": 1, "创新": 4, "成果": 1, "理论": 2, "氛围": 2, "影响": 1, "喝": 2, "咖啡": 2, "听到": 1, "旁边": 1, "闲聊": 1, "启发": 1, "遍地": 1, "人才": 8, "担心": 3, "政府": 1, "断供": 1, "备胎": 1, "浪费": 1, "庞大": 1, "资源": 3, "人力": 2, "聚焦": 1, "航道": 1, "很快": 1, "追": 2, "遵守": 2, "敏感": 1, "器件": 2, "很": 11, "低端": 1, "软件": 1, "被迫": 1, "竞争": 1, "一个": 12, "国家": 1, "力量": 1, "打击": 1, "活": 1, "三": 3, "五": 2, "持续": 1, "想": 5, "想想": 1, "困难": 2, "Mate30Pro5G": 1, "测速": 1, "4G": 1, "快": 3, "不止": 11, "10": 3, "倍": 5, "搭载": 2, "麒麟": 1, "9905G": 1, "集成": 2, "芯片": 5, "支持": 5, "SA": 1, "NSA": 1, "网络": 2, "5GSoc": 1, "第二": 1, "手机": 23, "；": 2, "测试": 1, "北京": 1, "西安": 1, "网速": 1, "300": 1, "Mbps": 2, "984": 1, "磁盘": 1, "读取": 1, "速度": 3, "24": 1, "款": 1, "启动": 2, "台": 3, "Mate30": 3, "送": 2, "5G版": 1, "Mate20Pro": 1, "256": 1, "G版": 1, "转发": 1, "+": 6, "关注": 1, "12.31": 1, "抽出": 2, "@": 6, "抽奖": 1, "平台": 1, "L": 3, "轻": 1, "体验": 1, "秒拍": 3, "视频": 12, "VLOG.63": 1, "影像": 12, "·": 6, "荣幸": 1, "邀请": 4, "上海": 8, "西岸": 2, "艺术": 6, "中心": 2, "2019": 5, "场": 9, "大展": 5, "很多": 3, "时尚": 1, "浓厚": 1, "气息": 1, "作品": 3, "感受": 2, "带给": 1, "视觉": 1, "感官": 1, "盛宴": 1, "表达": 1, "全新": 1, "载体": 1, "L岚岚": 1, "冒险": 1, "​": 12, "比亚迪": 2, "联手": 1, "发布": 3, "NFC": 2, "车": 3, "钥匙": 3, "比亚迪云": 1, "服务": 1, "APP": 2, "关联": 1, "钱包": 1, "激活": 1, "功能": 4, "解锁": 3, "车门": 1, "电": 1, "电关机": 1, "贴近": 1, "汽车": 3, "左前": 1, "后视镜": 1, "车辆": 1, "！": 21, "宣称": 1, "这是": 2, "蓝牙": 1, "联网": 1, "方式": 2, "基于": 2, "无需": 1, "链接": 1, "服务器": 1, "验证": 1, "减少": 2, "黑": 1, "机会": 1, "据称": 1, "最早": 1, "明年初": 1, "宋": 1, "Pro": 4, "配备": 1, "也许": 1, "多久": 1, "智能": 2, "就要": 1, "干掉": 2, "VLOG_48": 1, "生活": 3, "发现": 2, "再次": 2, "感谢": 5, "见证": 1, "爹Aaron": 1, "花粉": 5, "&": 1, "荣耀": 9, "年会": 4, "开心": 1, "群": 1, "乐观": 1, "勇敢": 1, "坚定": 1, "热爱": 3, "相聚": 1, "仨": 1, "真的": 1, "幸运": 1, "爆棚": 1, "超哥": 1, "喜提明哥": 1, "压轴": 1, "大奖": 1, "V30Pro": 1, "乔": 1, "帮主": 1, "集市": 1, "抽到": 1, "一等奖": 1, "旅行": 5, "基金": 1, "抽": 1, "签名": 1, "书": 1, "「": 5, "江湖": 1, "局长": 1, "」": 5, "奖项": 1, "抱": 1, "回家": 1, "HUAWEI": 1, "HONOR": 1, "运动": 1, "健康": 1, "迫不及待": 1, "想要": 1, "穿越": 1, "明年": 3, "期待": 1, "~": 3, "只管": 1, "跑": 1, "深圳": 2, "大师": 1, "班": 1, "开课": 1, "哪吒": 2, "主创": 2, "毅办": 1, "2020": 2, "有画": 2, "活动": 3, "聊": 3, "国漫": 2, "张毅": 2, "现场": 6, "MatePad": 2, "简要": 1, "画": 1, "杨戬": 1, "老鼠": 1, "佩服": 1, "产品": 12, "美学": 2, "教育": 2, "赋能": 2, "拿起": 1, "画笔": 1, "激发": 1, "创造力": 1, "闲来无事": 1, "整理": 1, "著名": 1, "大V": 1, "万能": 1, "老师": 1, "精彩": 2, "语录": 1, "供": 1, "学习": 2, "经典": 1, "回顾": 1, "卖": 2, "玛卡": 1, "表配": 1, "电话": 1, "鸿蒙": 2, "分布式": 1, "体现": 1, "安卓": 1, "掏空": 1, "植入": 1, "框架": 1, "四": 1, "盗版": 1, "白嫖": 1, "庆余": 1, "堡垒": 1, "六": 1, "小米": 12, "地震": 1, "预警": 1, "自动": 2, "系统": 3, "广告": 2, "七": 2, "高通": 1, "请": 2, "夏威夷": 1, "八": 1, "骗": 2, "钱": 2, "九": 1, "Low": 1, "上午": 1, "明哥": 1, "赵明-George": 1, "终端": 1, "产品线": 2, "总裁": 2, "华为何": 2, "刚": 2, "技术派": 1, "领导们": 1, "集体": 1, "深度": 1, "交流": 3, "畅谈": 1, "未来": 5, "技术": 4, "趋势": 1, "智慧": 6, "场景": 1, "探索": 2, "年轻人": 1, "潮流": 1, "玩法": 1, "内容": 1, "满满": 1, "干货": 1, "花粉们": 3, "提": 1, "脑洞": 2, "创意": 1, "评论区": 1, "留下": 2, "匆忙": 1, "试": 1, "—": 1, "星": 1, "狗": 1, "必备": 1, "电视": 18, "大战": 1, "屏": 3, "电视机": 3, "音质": 9, "画质": 4, "关注度": 1, "难得": 1, "坚定不移": 1, "OLED": 2, "脑残粉": 1, "成本": 1, "摆": 1, "价格": 2, "太": 6, "55": 4, "英寸": 5, "索尼": 5, "LG入": 1, "门款": 1, "八九千": 1, "65": 2, "一万三": 1, "起步": 1, "77": 1, "北上": 1, "买": 6, "平米": 1, "别人": 1, "推荐": 4, "提OLED": 1, "2000": 1, "3000": 1, "库存": 1, "东西": 1, "贵点": 1, "品牌": 2, "售后": 1, "后续": 1, "靠谱": 1, "PatchWall": 1, "国内": 3, "市场": 3, "前提": 1, "洁癖": 1, "界面": 1, "语音": 1, "助手": 1, "整合": 1, "完善": 2, "长辈": 1, "上手": 1, "舒服": 1, "找": 1, "打的": 1, "对手": 1, "导致": 1, "定义": 1, "偏": 1, "保守": 1, "体量": 1, "MEMC": 2, "长期": 1, "消息": 1, "掺合": 1, "研发": 1, "安逸": 1, "5Pro": 2, "信号": 1, "量子点": 1, "希望": 1, "接下来": 1, "惊喜": 2, "切入": 1, "方向": 2, "外放": 1, "加上": 2, "堆": 1, "听": 1, "牛逼": 3, "打开率": 1, "低": 4, "鸿鹄": 1, "818": 1, "性能": 1, "SoC": 2, "稳稳": 1, "旗舰": 2, "水准": 1, "操作": 2, "打磨": 1, "调教": 1, "算": 1, "顶级": 1, "放上": 1, "智慧屏": 3, "舍得": 1, "堆料": 1, "6*10W": 1, "鸡贼": 1, "价位": 2, "的确": 1, "棒": 2, "有人": 1, "好看": 1, "屏幕": 1, "配": 1, "soundbar": 3, "内置": 1, "音箱": 1, "徒增": 1, "功耗": 1, "有失公允": 1, "受众": 1, "群体": 1, "大众": 1, "好音箱": 1, "前阵子": 1, "发": 2, "主打": 1, "升降": 1, "设计": 2, "LG": 1, "三星": 3, "提升": 1, "LGE9": 1, "一大": 1, "票": 1, "千": 1, "元": 4, "年前": 1, "重点": 1, "放": 2, "记得": 1, "3": 1, "3s": 1, "带": 4, "外置": 1, "低音炮": 1, "家庭": 1, "影院": 1, "版": 1, "销量": 2, "有意思": 1, "4A": 1, "低价": 1, "才": 5, "打遍": 1, "敌手": 1, "怪": 1, "追求": 2, "不买账": 1, "...": 1, "性价比": 1, "稳妥": 1, "出错": 1, "选择": 3, "限于": 1, "便宜": 1, "仔细": 1, "研究": 1, "暂时": 2, "降到": 1, "2999": 1, "4": 1, "单元": 2, "摄像头": 2, "3999": 1, "6": 2, "分区": 1, "配置": 1, "稍": 1, "4000": 2, "买到": 1, "入门款": 1, "8500G": 1, "系列": 1, "三星Q": 1, "6/Q60": 1, "几百": 1, "块": 1, "Q": 1, "70": 1, "互联网": 1, "截": 1, "上市": 1, "理想": 1, "原因": 1, "扯": 1, "头条": 1, "文章": 1, "吸富": 3, "一生": 3, "": 1, "财经": 1, "每日": 1, "必读": 1, "赚钱": 2, "季": 1, "周五": 1, "/": 4, "影视": 1, "文化": 1, "游戏": 1, "能源": 1, "金融": 1, "(": 2, "券商": 1, "分化": 1, "养殖": 1, "板块": 3, "企稳": 1, "迹象": 1, "下周": 1, ";": 1, "主板": 1, "放量": 1, "下跌": 1, "预设": 1, "明日": 3, "回踩": 1, "观察": 3, "成交量": 1, "放大": 3, "强势": 2, "股": 2, "接力": 4, "亏": 1, "效应": 2, "高标": 2, "纷纷": 1, "调整": 1, "麦克奥迪": 1, "连续": 1, "跌停": 1, "盘后": 1, "不少": 1, "半导体": 2, "企业": 5, "减持": 1, "短期": 2, "回避": 1, "高位": 1, "概念股": 1, "星期六": 1, "美联": 1, "新材": 1, "情绪": 2, "标杆": 2, "空间板": 1, "高度": 1, "6板": 1, "首板": 1, "数量": 1, "大概率": 1, "下降": 1, "震荡": 1, "剧烈": 1, "难度": 1, "变大": 1, "不宜": 1, "盲目": 1, "博傻": 1, "即可": 1, "高低": 1, "切换": 1, "优": 1, "策略": 1, "吸": 1, "主线": 1, "光伏": 1, "人气股": 1, "预期": 1, "中小创": 1, "轮动": 1, "补涨": 1, "O低": 1, "核心": 6, "竞争力": 5, "名": 1, "员工": 2, "创业": 1, "突破": 2, "7000亿": 1, "营收": 1, "19万": 1, "信息": 1, "通讯": 1, "1997年": 1, "基本法": 1, "起草": 1, "过程": 1, "教授": 1, "答道": 1, "管理": 2, "能力": 2, "理念": 1, "团队": 2, "价值": 1, "创造": 1, "究竟": 2, "地方": 2, "值得": 2, "副总裁": 1, "体系": 1, "构建者": 1, "吴建国": 1, "新书": 1, "详细": 1, "分析": 1, "模式": 1, "借鉴": 1, "O": 1, "记忆": 1, "美景": 2, "准确": 1, "熟悉": 1, "确认": 1, "证明": 1, "第六": 1, "京都": 1, "nova6": 1, "超": 1, "广角": 1, "双摄": 1, "随时": 1, "风景": 1, "自拍": 3, "画面": 1, "夜色": 1, "随手": 1, "记录": 2, "色彩": 2, "饱满": 1, "脸部": 1, "灰暗": 1, "清晰": 1, "随身": 1, "好物": 1, "cm": 1, "焦": 1, "看清": 1, "妆容": 1, "细节": 2, "和美": 1, "简单": 1, "选对": 1, "旅途": 1, "轻松": 1, "LMOK": 1, "轻浮": 1, "BazaarV": 2, "Bazaar×": 2, "艺术展": 5, "逛展": 2, "来袭": 2, "暗夜": 1, "荧光": 1, "闪耀": 1, "花园": 1, "之中": 1, "潜藏": 1, "一幅幅": 1, "真实": 1, "生动": 1, "野生": 1, "动物": 1, "图片": 1, "等待": 1, "观众": 1, "肉眼": 1, "斑斓": 1, "打扰": 1, "观看": 3, "何泓姗": 1, "VivaHo": 1, "手": 1, "镜头": 3, "呈现": 1, "温柔": 1, "心意": 1, "L时尚": 2, "芭莎": 2, "安利": 1, "有趣": 1, "好玩": 1, "潮": 1, "元素": 1, "近期": 1, "喜欢": 1, "展览": 1, "～​": 1, "输": 1, "腾讯": 1, "倒戈站": 1, "库克": 1, "余承东": 1, "中国": 2, "厂商": 4, "手表": 1, "耳机": 1, "pad": 1, "吗L": 1, "老板": 1, "联播": 1, "毅作": 1, "创作": 1, "背后": 2, "故事": 2, "发展": 1, "作画": 1, "冰冷": 1, "温度": 1, "这次": 1, "不错": 1, "画画": 1, "座谈会": 1, "分会场": 1, "消费者": 1, "业务": 1, "带来": 4, "主题": 1, "引领5G": 1, "创": 1, "演讲": 1, "热烈": 1, "讨论": 1, "认可": 1, "昨天": 1, "参观": 1, "惊呼": 2, "神奇": 1, "件": 1, "拍摄": 1, "诉说": 1, "刷新": 1, "认知": 1, "A馆": 1, "真心": 1, "亲自": 1, "骗子": 2, "埋": 1, "松山湖": 2, "刚刚": 1, "偷偷": 1, "工具": 1, "钓": 1, "一无所获": 1, "气死": 1, "吃": 1, "#冬": 1, "饺子": 1, "弥补": 1, "受伤": 1, "心灵": 1, "东莞": 1, "欧洲": 1, "镇​": 1, "孙耀威": 1, "苹果": 1, "随行": 1, "WiFi": 1, "完美": 1, "上5G": 1, "疯汇": 1, "哈哈哈哈哈": 1, "冬至": 1, "海报": 1, "节日": 1, "气氛": 1, "道理": 1, "懂": 1, "汤圆": 2, "感觉": 1, "包子": 1, "汤圆😂": 1, "碗": 1, "吃完": 1, "顿": 1, "饭": 1, "😂​": 1, "叶青Julia": 1, "推": 1, "眩目": 1, "光影": 1, "迷人": 1, "音乐": 2, "一同": 1, "涌": 1, "80": 1, "年代": 1, "复古": 1, "气质": 1, "当代": 1, "电影": 1, "风格": 1, "融汇": 1, "成像素": 1, "disco": 1, "赛博": 1, "朋克": 1, "影像力": 1, "转化": 1, "眩目多彩": 1, "像素": 1, "高新机器": 1, "鲜活": 1, "人性": 1, "细腻": 1, "思索": 1, "爸爸": 1, "提高": 1, "品味": 1, "参加": 1, "居然": 1, "拍": 1, "MatePadPro": 1, "拼成": 1, "巨幅": 1, "插画": 1, "100": 1, "画师": 1, "合作": 2, "正题": 1, "喽": 1, "→": 1, "Look1": 1, "Look2": 1, "看​": 1, "记错": 1, "通信": 1, "存储": 1, "二合一": 1, "超级": 1, "SIM卡": 1, "推动": 1, "搁置": 1, "紫光": 1, "明天": 1, "联通": 1, "估计": 1, "售价": 1, "不菲​": 1, "周年": 1, "庆": 1, "欢乐": 1, "海洋": 1, "谢谢": 1, "窗": 1, "L赵明-": 1, "George": 1, "郭明錤": 1, "爆料": 1, "P40P": 1, "RO": 2, "800W像素": 1, "P30P": 1, "5": 1, "光变": 1, "下放": 1, "NOVA/P40": 1, "机型": 1, "2-10": 1, "之间": 1, "肯定": 1, "折中": 1, "变焦": 1, "3x": 1, "5x": 1, "主摄": 1, "长焦": 1, "超长": 1, "焦+广角": 1, "焦段": 1, "解析力": 1, "差": 1, "~​": 1, "看破": 1, "坚强": 1, "软肋": 1, "或许": 1, "超高速": 1, "摄影": 1, "捕捉": 1, "鲁伯特": 1, "泪": 1, "破碎": 1, "瞬间": 1, "探": 1, "～": 1, "L华": 1}