{"梅姨": 6, "怒": 4, "！": 15, "英": 10, "首相": 23, "华为": 68, "事件": 12, "开除": 16, "国防": 20, "大臣": 19, "当地": 8, "时间": 9, "5月": 9, "1日": 9, "英国": 30, "特蕾莎•梅": 7, "加文•威廉姆森": 7, "GavinWilliamson": 6, "称": 15, "泄露": 8, "国家": 16, "委员会": 13, "相关": 7, "会议": 7, "内容": 8, "首相府": 6, "声明": 6, "梅": 12, "信任": 6, "威廉姆森": 9, "内阁": 7, "效力": 6, "此前": 7, "英媒": 6, "报道": 8, "讨论": 6, "期间": 7, "同意": 6, "参与": 8, "5G": 21, "核心": 6, "建设": 8, "L中报": 6, "视频": 23, "秒拍": 7, "五一": 4, "小长假": 1, "第二": 2, "穿过": 1, "山川": 1, "湖海": 1, "来到": 2, "长城": 2, "才": 3, "真人城": 1, "P30": 4, "​​": 1, "​": 13, "赢": 2, "!": 2, "手机": 9, "销量": 3, "超": 2, "苹果": 5, "余承东": 4, "冲击": 2, "全球": 8, "第一": 3, "一季度": 3, "战绩": 1, "耀眼": 1, "暴增": 1, "50%": 1, "数据": 2, "显示": 1, "占据": 1, "智能": 3, "市场": 11, "19%": 1, "份额": 1, "这是": 2, "有史以来": 1, "比例": 1, "超过": 1, "销售商": 1, "距离": 1, "三星": 8, "头": 1, "交椅": 1, "近在咫尺": 1, "O华": 1, "景色": 1, "从未": 1, "亲身": 1, "体会": 2, "好在": 1, "……": 5, "照片": 2, "都": 11, "P30Pro": 3, "直出": 1, "2泰国·卡伦​": 1, "学习": 1, "炒股": 1, "任豪": 1, "总裁": 1, "任正非": 2, "企业": 9, "制胜之道": 1, "算是": 1, "这位": 1, "哥出": 1, "打算": 1, "回家": 1, "继承": 1, "公司": 2, "开掉": 2, "国防部长": 2, ".": 1, "中国": 13, "日报": 3, "鐵探": 2, "精華": 1, "萬晞": 3, "華為": 1, "上位": 2, "犧牲": 1, "全家": 1, "華": 1, "係鐵": 1, "探入": 1, "面求": 1, "擇": 1, "手段": 1, "犧": 1, "牲咗": 1, "大仔": 1, "集連": 1, "細仔": 1, "邱勵傑": 1, "死埋": 1, "聽": 1, "勵傑": 1, "個段": 1, "電話": 1, "留意": 1, "係勁": 1, "催淚": 1, "唔知": 1, "華會": 1, "唔會": 1, "收手": 1, "｜": 2, "星期一": 1, "五9:30PM": 1, "翡翠": 1, "台": 1, "铁探": 2, "电视剧": 1, "惨": 1, "男主": 1, "@": 17, "企鹅": 1, "影视": 1, "腾讯": 1, "benjamin袁": 1, "伟豪": 1, "惠英紅kara": 1, "姜皓文": 1, "philip": 1, "蔡思貝": 1, "Sisley": 1, "黃智賢": 1, "杨明": 1, "Mat": 1, "梁烈唯is": 1, "梁": 1, "竞徽": 1, "許紹雄": 1, "王君馨": 1, "GraceWong": 1, "蔣祖曼Joman": 1, "Tony": 1, "洪永城": 1, "陈敏之": 1, "TVBLTVB": 1, "官方": 3, "华": 2, "主题": 2, "": 2, "设计": 2, "美学": 2, "截止​": 1, "自如": 1, "度假": 1, "方式": 1, "为伴": 1, "构建": 1, "场景": 1, "智慧": 1, "生活": 1, "体验": 2, "众𠈌": 1, "L华": 1, "终端": 1, "转评": 1, "抽": 1, "送": 1, "AI": 3, "音箱": 2, "1": 2, "台": 1, "否认": 1, "泄密": 6, "涉华": 2, "决策": 2, "孩子": 3, "生命": 3, "发誓": 3, "开绿灯": 1, "特蕾莎·梅": 1, "指": 1, "内鬼": 1, "加文·威廉姆森": 1, "拒": 1, "承认": 1, "告诉": 2, "天空": 1, "新闻": 1, "提到": 1, "负责": 1, "调查": 2, "此次": 1, "秘书": 1, "兼": 1, "顾问": 1, "马克·塞德威尔": 1, "MarkSed": 1, "塞德威尔": 1, "关系": 1, "泰晤士报": 1, "警方": 1, "此事": 1, "证明": 1, "无罪": 1, "O否认": 1, "初夏": 1, "夜晚": 1, "橘子洲": 3, "焰火": 4, "璀璨": 1, "长沙": 1, "广场": 1, "举办": 1, "沁园春·夏之恋": 1, "晚会": 2, "湖南": 1, "携手": 1, "网络": 6, "恋山": 1, "恋水": 1, "恋洲": 1, "恋长沙": 1, "四": 1, "篇章": 1, "盛况": 1, "实时": 1, "传递": 1, "全国": 2, "人民": 1, "面前": 1, "观众": 1, "足不出户": 1, "感受": 1, "真实": 1, "、": 28, "震撼": 1, "清晰": 2, "自然": 1, "美": 1, "独特": 1, "人文": 1, "气息": 1, "现场": 1, "测试": 1, "表演": 1, "杜甫江阁": 1, "速率": 2, "1Gbps": 1, "直播": 1, "业务": 2, "流畅": 2, "；": 1, "沿江": 1, "风光": 1, "带": 1, "站点": 1, "在线": 1, "用户数": 1, "峰值": 1, "47227": 1, "下行": 1, "感知": 1, "高于": 2, "20Mbps": 1, "上行": 1, "3Mpbs": 1, "本来": 1, "想": 2, "借着": 1, "庆贺": 1, "B站": 1, "十万粉": 1, "事情": 1, "乱像": 1, "交流": 2, "想法": 1, "阶段性": 1, "写": 1, "将近": 1, "3000": 1, "字": 1, "写完": 1, "估计": 2, "整成": 1, "文章": 2, "干脆": 1, "拍": 2, "感谢": 1, "祭": 1, "整理": 1, "单独": 1, "发": 1, "回复": 1, "流言蜚语": 1, "截图": 1, "解释": 1, "不再": 1, "回应": 1, "无聊": 1, "言论": 1, "倒": 1, "经济": 2, "转型": 1, "升级": 3, "没戏": 1, "很多": 7, "对此": 1, "不屑": 1, "理解": 1, "意义": 3, "如同": 1, "集团": 3, "韩国": 5, "突破": 1, "外面": 1, "围剿": 1, "尖刀": 1, "美国": 2, "不惜": 2, "代价": 1, "搞": 1, "扼杀": 1, "产业": 3, "机会": 1, "处于": 2, "产业链": 2, "中低端": 1, "永远": 1, "臣服于": 1, "美帝": 1, "淫威": 1, "之下": 1, "缺点": 1, "痛惜": 1, "地方": 1, "世界": 2, "辩证": 1, "走过": 1, "弯路": 1, "艰难": 1, "探索": 1, "建国": 1, "长": 1, "历史": 2, "工业化": 3, "经历": 1, "1978年": 1, "改": 1, "开来": 1, "算": 2, "40年": 1, "成绩": 1, "堪称": 1, "人类": 1, "奇迹": 1, "韩": 2, "日台": 1, "快速": 1, "发展期": 1, "毕竟": 1, "体量": 1, "制度": 2, "环境": 2, "纵向": 1, "梦想": 1, "时代": 3, "整体": 2, "跨": 4, "城镇化": 1, "一点": 1, "真的": 2, "想象": 1, "老美": 2, "想到": 1, "发展": 1, "快": 2, "依然": 1, "矛盾": 2, "激化": 1, "摆脱": 1, "农业": 2, "社会": 3, "工业": 2, "治理": 3, "体系": 3, "文明": 2, "程度": 3, "效率": 3, "专业": 2, "差": 1, "过于": 1, "粗放": 1, "简单": 1, "越来越": 1, "进城": 1, "都会": 1, "显现": 1, "解决": 1, "就业": 1, "医疗": 1, "养老": 1, "环保": 1, "资源": 1, "种种": 1, "困扰": 1, "敢于": 1, "直面": 1, "加快": 1, "改革": 2, "步伐": 1, "提高": 1, "运行": 2, "降低": 1, "成本": 1, "利用": 1, "调解": 1, "搞好": 1, "民生": 1, "服务": 1, "未来": 5, "这一切": 1, "办法": 1, "依赖": 3, "科技": 2, "创新": 1, "游走": 1, "无疑": 1, "给出": 1, "榜样": 1, "指明": 1, "方向": 1, "重视": 2, "教育": 1, "人才": 1, "优势": 2, "集成化": 1, "打造": 1, "国际": 2, "竞争力": 3, "LG": 1, "攻城": 1, "拔寨": 1, "赚取": 1, "海外": 5, "利润": 2, "收支": 1, "平衡": 1, "国内": 7, "无数": 1, "中小企业": 1, "巨型": 1, "配套": 1, "只能": 1, "进一步": 3, "开放": 4, "躲": 1, "玩": 3, "自己人": 2, "日子": 1, "到头": 1, "老外": 1, "大面积": 1, "进来": 1, "独资": 1, "办厂": 1, "平等": 1, "竞争": 4, "关税": 1, "持续": 1, "下降": 2, "商品": 5, "不说": 1, "倾销": 1, "至少": 1, "海量": 1, "替代": 1, "香港": 1, "澳门": 1, "台湾": 1, "货架": 1, "本土": 1, "占": 1, "一部分": 2, "大都": 1, "特色": 1, "走向": 1, "拳头": 2, "冲锋陷阵": 2, "这两年": 1, "合并": 1, "央企": 1, "国企": 3, "无的放矢": 1, "有意": 1, "攥": 1, "合力": 1, "抵御": 1, "强敌": 1, "大兵": 1, "压境": 1, "你死我活": 1, "一触即发": 1, "身经百战": 1, "跨国": 1, "上百": 1, "老": 1, "司机": 1, "窝里横": 1, "能力": 2, "堪忧": 1, "行政化": 1, "资管": 1, "分离": 1, "早期": 1, "理顺": 1, "形势": 1, "等人": 1, "局面": 1, "国人": 2, "理由": 1, "贬低": 1, "出手": 1, "唯一": 1, "苗子": 1, "尽快": 1, "华为们": 1, "银行": 1, "财阀": 1, "鼎力": 2, "支持": 2, "坐镇": 1, "后方": 1, "保证": 1, "后勤": 1, "维护": 1, "三线": 1, "作战": 1, "将来": 1, "胜败": 1, "关键": 1, "模式": 1, "市场化": 1, "法治": 1, "金融": 1, "系统": 1, "往后": 1, "政府": 1, "力挺": 1, "外资": 3, "摧枯拉朽": 1, "般的": 1, "扫荡": 1, "当年": 1, "民族": 2, "品牌": 2, "民企": 1, "产品": 4, "花": 1, "几百亿": 1, "买": 1, "技术": 1, "废掉": 1, "产能": 1, "消灭": 1, "掉": 1, "垄断": 1, "好事": 1, "融入": 1, "拯救": 1, "解放": 1, "客观": 1, "带来": 1, "追逐": 1, "资本家": 1, "换成": 1, "黄": 1, "皮肤": 2, "白": 1, "殖民": 1, "现实": 2, "联通": 8, "福建": 7, "省委": 3, "书记": 3, "伟国": 3, "拨通": 3, "市": 3, "高清": 6, "语音": 3, "+": 3, "电话": 3, "4月": 1, "29日": 1, "省长": 1, "唐": 1, "登杰": 1, "副书记": 1, "王宁": 1, "省人大": 1, "常委会": 1, "副": 1, "主任": 1, "总工会": 1, "主席": 1, "黄琪玉": 1, "副省长": 1, "郑新聪": 1, "一行": 1, "办公楼": 1, "劳动": 1, "奖章": 1, "获得者": 1, "代表": 1, "亲切": 1, "Mate20X5G": 1, "福建省": 2, "远在": 1, "厦门": 1, "劳模": 1, "小燕": 1, "送上": 1, "真诚": 1, "节日": 1, "祝福": 1, "通话": 1, "过程": 1, "音质": 1, "标志": 1, "具备": 1, "商用": 1, "O福建": 1, "全省": 1, "五": 1, "砥砺": 1, "前行": 1, "梅中堂": 1, "文武": 1, "一个": 3, "江山": 1, "社稷": 1, "放": 1, "朕": 2, "放在眼里": 1, "党争": 1, "不止": 1, "内斗不休": 1, "花旗国": 1, "逼朕": 1, "就要": 1, "退": 1, "退到": 1, "尽头": 1, "有人": 1, "黑华": 1, "情绪": 1, "高速": 2, "增长": 3, "2018年": 2, "出货量": 5, "3930万": 1, "2120万": 1, "国外": 2, "1810万": 1, "2019年": 2, "5910万": 2, "2990万": 1, "2920万": 1, "同比": 1, "61%": 1, "迅猛": 1, "增速": 2, "狠狠": 1, "嘴脸": 1, "如今": 1, "外国人": 1, "认可": 1, "#​": 1, "重庆": 1, "大学": 3, "西北": 1, "高管层": 1, "华中": 1, "毕业": 1, "截止": 1, "5": 1, "购": 1, "批准": 1, "不顾": 1, "反对": 1, "特雷莎·梅": 1, "高度": 1, "机密": 1, "信息": 1, "媒体": 1, "特雷莎·梅开除": 1, "O网页": 1, "链接": 1, "翻译": 1, "硕士": 1, "经济学人": 1, "——": 1, "译文": 1, "9": 1, "篇": 1, "：": 6, "丝绸": 1, "茶壶": 1, "机器人": 1, "丝绸之路": 1, "小米": 8, "涉及": 1, "马克O": 1, "商业": 1, "新丝路": 1, "阴阳师": 1, "手游": 1, "月华贝": 1, "返场": 1, "IDC": 1, "季度": 2, "3.108亿": 1, "3.327亿": 1, "6.6%": 1, "领跌": 1, "30.2%": 1, "8.1%": 1, "意外": 1, "10.2%": 1, "放缓": 1, "50.3%": 1, "供": 1, "参考": 1, "占有率": 1, "领先": 1, "幅度": 1, "变大": 1, "靠近": 1, "线下": 4, "渠道": 2, "弱": 1, "弊端": 1, "款": 2, "销售": 1, "周期": 1, "很": 2, "短": 1, "2017年": 3, "发布": 1, "店": 1, "慢慢": 1, "消化": 2, "P10": 2, "线上": 1, "难": 1, "找到": 1, "6": 2, "渠道商": 1, "统计": 1, "处在": 1, "缺货": 1, "状态": 1, "厢": 1, "旗舰": 1, "瞬间": 1, "拉开": 1, "差距": 1, "厂商": 1, "卖给": 1, "消费者": 2, "堆": 2, "区别": 1, "本事": 1, "思路": 1, "想想": 1, "有线": 1, "8": 1, "卖": 1, "不错": 1, "特蕾莎-梅": 2, "O英": 1, "900": 1, "摄影": 1, "拍摄": 1, "银河": 2, "拍到": 1, "看图": 1, "说话": 1, "亮点": 1, "朋友": 1, "顺便": 1, "劳动节": 1, "大片": 1, "伊犁": 1, "哈萨克": 1, "自治州·那拉提": 1, "空中": 1, "草原": 1, "日媒": 1, "计划": 2, "推出": 2, "首款": 2, "电视": 4, "讯": 1, "日经": 1, "亚洲": 1, "评论": 1, "引用": 1, "知情": 2, "人士": 2, "消息": 1, "早": 1, "配备": 1, "模块": 1, "高端": 1, "8K": 1, "分辨率": 1, "显示器": 1, "意味着": 1, "下一代": 1, "下载": 1, "数据量": 1, "360": 1, "度": 1, "虚拟": 1, "节目": 1, "CEO": 1, "接受": 1, "采访": 1, "重申": 1, "传统": 1, "电视机": 1, "家庭": 1, "大屏": 1, "含有": 1, "功能": 1, "屏幕": 1, "来源": 3, "老板": 2, "联播": 2, "L": 1, "重磅": 1, "突发": 1}