{"华为": 59, "首家": 1, "授权": 1, "体验": 3, "店Plus": 1, "落户": 1, "武汉": 1, "楚河汉街": 1, "场景": 1, "产品": 2, "沉浸": 1, "场景式": 1, "交互": 1, "零售": 1, "升级": 2, "P30": 7, "系列": 3, "影棚级": 1, "拍摄": 2, "、": 32, "专业": 1, "VR": 1, "游戏": 1, "儿童": 2, "益智区": 1, "DIY": 1, "手机": 16, "壳": 1, "逛逛": 1, "！": 15, "​": 17, "一点": 2, "没P": 1, "敬请": 1, "鉴赏": 1, "镜头": 2, "星空": 1, "原图": 2, "：": 11, "P9": 1, "Mate9": 1, "P10plus": 1, "(": 3, "搭载": 3, "鱼眼": 1, "附加镜": 2, "P10Plus": 1, "X2": 1, "赤道仪": 1, "图五": 1, "Mate10Pro": 1, "手持": 1, "直拍": 1, "P20Pro,Mate20Pro,P30Pro": 1, ".": 1, "五": 2, "。。。。。。。。": 1, "。。。。。。": 1, "木星": 1, "倍": 8, "裁剪": 1, "链接": 2, "O网页": 1, "@": 7, "余承东": 1, "华为何": 1, "刚": 1, "李小龙": 4, "Bruce_Lee": 2, "摄影": 2, "美国": 16, "称": 7, "海底": 6, "电缆": 6, "威胁": 8, "国防部": 6, "发言人": 4, "成语": 2, "四连.jpg": 2, "3月": 5, "28日": 3, "下午": 2, "例行": 2, "记者会": 2, "记者": 3, "提问": 2, "公司": 3, "用于": 2, "数据": 2, "传输": 2, "美": 2, "反情报": 2, "对此": 2, "评论": 2, "新闻局": 2, "局长": 2, "新闻": 3, "吴谦": 2, "大校": 2, "情况": 2, "美方": 2, "猜测": 2, "无中生有": 2, "心怀叵测": 2, "杯弓蛇影": 2, "草木皆兵": 2, "体现": 2, "都": 5, "内心": 2, "焦虑": 2, "纠结": 2, "遏制": 2, "墙": 2, "倒": 2, "盟友": 5, "不买账": 1, "打击": 1, "重挫": 1, "在读": 1, "欧盟": 4, "委员会": 3, "26日": 2, "发布": 2, "5G": 19, "建议": 4, "不少": 1, "西方": 2, "媒体": 1, "作出": 1, "判断": 1, "这是": 2, "份": 1, "期待": 1, "方案": 1, "国务卿": 1, "副总统": 1, "高官": 1, "抵制": 1, "欧洲": 2, "游说": 1, "既有": 1, "劝说": 1, "成员国": 1, "发出": 1, "包括": 2, "风险": 2, "评估": 1, "中国": 11, "企业": 3, "带来": 1, "内容": 1, "法国": 2, "回声报": 1, "想": 4, "接受": 2, "证据": 1, "幼稚": 1, "指控": 1, "同一天": 2, "中东": 2, "海军": 1, "第五": 1, "舰队": 1, "司令部": 1, "所在地": 1, "巴林": 2, "证实": 2, "技术": 4, "建设": 4, "担心": 2, "摩纳哥": 2, "马来西亚": 2, "阿联酋": 2, "……": 2, "国家": 4, "名单": 2, "加长": 2, "难怪": 1, "纽约": 1, "时报": 1, "感慨": 1, "打压": 1, "越来越": 2, "难以": 1, "说服": 1, "德国": 1, "奥斯纳布": 1, "吕克报": 1, "27日": 2, "改变": 2, "未来": 3, "几十": 1, "世界": 2, "留下": 1, "印记": 1, "理由": 3, "害怕": 1, "不得不": 1, "伙伴": 1, "投入": 1, "怀抱": 1, "听听": 1, "O": 1, "P30Pro": 7, "1倍": 1, "3": 1, "5": 2, "10": 1, "50": 2, "变焦": 3, "千万": 1, "女友": 1, "/": 1, "老婆": 1, "买": 1, "FreeLace": 1, "无线": 1, "耳机": 2, "守护": 1, "音乐": 1, "早盘": 1, "生产": 3, "高清": 2, "电视": 6, "中兴": 4, "通讯": 2, "一季报": 1, "大幅": 1, "盈利": 1, "影响": 1, "热点": 1, "转到": 1, "概念": 1, "大麻": 1, "回调": 1, "游资": 1, "闲": 1, "这位": 1, "兵哥哥": 1, "照相": 1, "不用": 1, "打开": 1, "防抖": 2, "功能": 1, "L军": 1, "武季": 1, "视频": 4, "HUAWEIP": 1, "30": 1, "Pro": 2, "4000万": 2, "像素": 2, "广角": 2, "摄像头": 4, "2000万": 1, "素超": 1, "800万": 1, "潜望式": 1, "长焦": 1, "颗": 1, "ToF": 1, "光学": 1, "超级": 1, "；": 1, "内置": 1, "OIS": 1, "AIS": 1, "双重": 1, "机制": 1, "远处": 1, "美景": 1, "尽收眼底": 1, "戳": 1, "感受": 1, "革命性": 1, "超": 1, "感光": 1, "徕卡": 1, "四": 1, "摄": 1, "系统": 1, "创新": 1, "设计": 1, "L华": 1, "秒拍": 1, "新机": 1, "巴黎": 1, "正式": 1, "登场": 1, "站": 1, "拍照": 1, "巅峰": 1, "P系列": 1, "再次": 1, "迎来": 3, "全新": 1, "相机": 1, "外观": 1, "性能": 1, "长足": 1, "打动": 2, "转发": 2, "说出": 1, "亮点": 1, "关注": 2, "ZEALER": 1, "4月": 1, "3日": 1, "抽出": 1, "幸运": 1, "粉丝": 1, "赠送": 1, "台": 2, "赶紧": 1, "端庄": 1, "温婉": 1, "秀丽": 1, "Mate20": 1, "春日": 1, "江南": 1, "一个": 2, "走": 2, "春天": 1, "大赛": 1, "感谢": 2, "宝哥": 1, "大礼": 1, "于大宝": 1, "Alex": 1, "拥有": 1, "么么": 1, "哒​": 1, "大型": 1, "代工": 2, "车间": 1, "看完": 1, "笔电": 2, "手表": 1, "测试": 3, "深深": 1, "感到": 1, "崛起": 1, "一家": 1, "立足": 1, "强大": 1, "产业": 1, "配套": 1, "体系": 2, "之上": 1, "正是": 1, "市场": 3, "上半路": 1, "出家": 1, "才能": 1, "异军突起": 1, "制造": 1, "竞争": 2, "简单": 1, "制造业": 1, "外贸": 1, "信心": 1, "加工": 1, "贸易": 1, "眼光": 1, "得罪": 1, "半年": 1, "爸爸": 1, "": 2, "刘": 1, "人语": 1, "发布会": 2, "不及": 1, "细": 1, "讲": 1, "EMUI": 1, "9.1": 1, "变化": 1, "戳图": 1, "带": 1, "↓": 1, "创维": 2, "王志国": 3, "酷开": 3, "分拆": 2, "太": 4, "理智": 3, "RGB": 1, "电子": 1, "董事长": 2, "兼": 2, "总裁": 2, "CEO": 1, "彩电": 3, "行业": 4, "均价": 1, "大幅度": 2, "下降": 1, "走出": 1, "困局": 1, "国内": 1, "缺少": 2, "顶梁柱": 1, "高端": 1, "激烈": 1, "利润": 1, "减少": 1, "苦": 1, "进来": 3, "挺": 1, "发现": 1, "苹果": 1, "贴上": 1, "标签": 1, "价格": 1, "拉高": 1, "卖": 1, "O创维": 1, "火": 1, "怪": 1, "夜景": 1, "模式": 2, "对比": 2, "旗舰": 1, "暗光": 1, "确实": 1, "孤独求败": 1, "10年": 2, "明后年": 2, "机潮": 1, "博鳌": 1, "亚洲": 2, "论坛": 2, "2019年": 1, "年会": 1, "备受": 1, "话题": 1, "产品线": 2, "杨超斌": 1, "通信": 1, "网络": 2, "必将": 1, "过程": 1, "各行各业": 2, "参与": 1, "标准": 1, "制定": 1, "小米": 2, "集团": 1, "首席": 1, "执行官": 1, "雷军": 2, "推动": 1, "作用": 1, "生态": 1, "发生": 1, "换机": 1, "潮": 1, "希望": 1, "第一": 2, "提供者": 1, "为此": 1, "精心": 1, "尽快": 1, "更新": 1, "青年报": 2, "·": 1, "中青": 1, "在线": 1, "王": 1, "林任": 1, "明超": 1, "L": 1, "2019": 1, "杯": 1, "围甲": 1, "联赛": 1, "国旅": 1, "联合": 1, "厦门队": 1, "阵容": 1, "~": 4, "顾问": 1, "聂卫平": 1, "教练": 1, "赵": 1, "哲伦": 1, "领队": 1, "贾倩": 1, "队员": 1, "柯洁": 1, "彭": 1, "立尧": 1, "胤": 1, "孙": 1, "腾宇": 1, "陈": 1, "豪鑫": 1, "外援": 1, "朴河旼": 1, "15日": 1, "轮": 1, "比赛": 1, "fighting": 1, "Mate30": 1, "6": 1, "预计": 1, "9": 1, "10月": 1, "米": 3, "兔": 3, "OPPO": 1, "vivo": 1, "上架": 1, "主题": 1, "搜索": 1, "斤": 1, "tag": 1, "4.2": 1, "晚": 1, "抽": 2, "朋友": 1, "送手": 1, "写": 1, "明信片": 1, "抽后": 1, "日本": 1, "寄": 1, "兔​": 1, "华为牌": 1, "望远镜🔭": 1, "？？？": 1, "就要": 1, "外媒": 2, "报道": 2, "公布": 1, "北约": 1, "计划": 1, "6月": 1, "推出": 1, "商用": 1, "三星": 1, "S10+": 1, "样张": 1, "随后": 1, "回应": 2, "O华": 1, "实拍": 1, "追求": 1, "色彩": 1, "真实": 1, "TA": 1, "晚安": 1, "魁拔": 1, "大鱼海棠": 1, "画江湖": 1, "国漫": 2, "质量": 1, "可谓": 1, "粉粉们": 1, "不错": 1, "转评": 1, "小云": 1, "随机": 1, "送出": 1, "澳前": 1, "总理": 3, "努力": 3, "纳入": 3, "…": 2, "发展": 1, "态势": 1, "失败": 1, "澳大利亚": 2, "特恩布尔": 2, "眼": 1, "联盟": 1, "设备": 1, "供应商": 1, "表达": 1, "失望": 1, "情": 1, "消费者": 1, "商业": 1, "频道": 1, "CNBC": 1, "香港": 1, "参加": 1, "瑞士": 1, "信贷": 1, "投资": 1, "期间": 1, "谈及": 1, "政府": 1, "寻找": 1, "该国": 1, "方法": 1, "排除": 1, "O澳大利亚": 1}