{"德国": 40, "反对": 23, "华为": 45, "排除": 23, "5G": 30, "建设": 26, "默克尔": 25, "重申": 13, "：": 15, "网络": 14, "总理": 8, "联邦": 5, "议院": 5, "公司": 5, "称": 6, "赞成": 3, "努力": 4, "确保": 4, "欧洲": 3, "国家": 7, "都": 8, "参与": 7, "第二": 3, "、": 12, "第三": 3, "第四": 3, "O默克尔": 1, "​": 19, "中国": 11, "政府": 9, "听到": 6, "施压": 9, "声音": 6, "法新社": 3, "消息": 3, "当地": 3, "时间": 3, "18日": 6, "问及": 3, "北京": 4, "柏林": 3, "无视": 3, "禁止": 3, "呼声": 3, "作出": 3, "回应": 4, "报道": 3, "提问": 3, "议员": 3, "单独": 3, "企业": 4, "O关键": 1, "时刻": 1, "公道": 1, "！": 10, "全球化": 2, "时代": 2, "配合": 2, "美国": 4, "12月": 5, "L老板": 1, "联播": 3, "视频": 18, "​​​": 2, "泫雅": 1, "专辑": 1, "封面": 1, "太": 2, "美": 1, "简直": 2, "花园": 1, "美少女": 1, "!": 1, "小杨": 1, "心痒痒": 1, "想": 1, "画": 1, "一个": 4, "美美": 1, "仿妆": 1, "步骤": 1, "喜欢": 1, "姐妹们": 1, "试": 1, "画画": 1, "照片": 1, "最新": 2, "nova6": 3, "拍滴": 1, "远": 1, "距离": 1, "拍": 2, "很": 1, "清晰": 4, "离脸": 1, "cm": 1, "自动": 2, "焦": 2, "睫毛": 1, "根根": 1, "分明": 1, "妆容": 1, "细节": 1, "真的": 2, "厉害": 1, "自拍": 5, "心目": 2, "2019年": 5, "安卓": 2, "旗舰": 2, "Mate30Pro": 1, "一加": 1, "7TPro": 1, "小米": 1, "9Pro": 1, "三星": 1, "Note10+": 1, "只能": 1, "发": 1, "4": 1, "选项": 1, "见谅": 1, "点赞": 1, "沈阳": 6, "警方": 1, "半夜": 1, "通报": 2, "1": 2, "提级": 2, "侦办": 3, "；": 6, "自查": 1, "3": 2, "决心": 1, "铁案": 2, "三": 2, "重树": 1, "公信": 3, "恢复": 1, "信任": 1, "这是": 2, "阶段": 1, "海啸": 1, "與情": 1, "官方": 3, "快": 1, "诚恳": 1, "响应": 1, "推诿": 1, "法律": 1, "推卸": 1, "舆情": 1, "监管": 2, "部门": 2, "推责": 1, "势力": 1, "手机": 4, "好多": 1, "有担当": 1, "机构": 1, "西安": 1, "奔驰": 1, "女到": 1, "251": 1, "傲慢": 1, "错误": 1, "危机": 1, "应对": 1, "解决": 1, "动用": 2, "环球": 1, "时报": 1, "正能量": 1, "與论": 1, "本质": 1, "私器": 1, "媒体": 1, "公器": 1, "背书": 1, "操作者": 1, "视而不见": 1, "高维度": 1, "爱国": 1, "网友": 3, "热情": 1, "损耗": 1, "他处": 1, "买单": 1, "警情": 1, "9月": 1, "19日": 1, "大学": 4, "2018": 1, "研究生": 2, "王某": 1, "宇": 1, "本校": 1, "同学": 2, "殴打": 1, "水果刀": 1, "划伤": 1, "轻伤": 1, "二级": 1, "沈阳市": 3, "公安局": 3, "初步": 1, "调查": 2, "案件": 3, "管辖": 1, "市局": 2, "成立": 1, "专案组": 1, "负责": 1, "案": 1, "务求": 1, "该案": 2, "责成": 1, "纪检": 1, "监察": 1, "警务": 1, "督察": 1, "法制": 1, "控申": 1, "联合": 1, "调查组": 1, "执法": 1, "办案": 1, "过程": 1, "彻查": 1, "据情": 1, "责任": 1, "人员": 1, "依纪": 1, "依规": 1, "严肃": 1, "情况": 1, "社会": 1, "公布": 1, "衷心": 1, "感谢": 1, "公安": 1, "工作": 2, "厚爱": 1, "监督": 1, "希望": 1, "给予": 1, "关心": 1, "支持": 2, "沈大": 1, "捅伤": 1, "学生": 2, "事件": 1, "刑拘": 1, "在校": 1, "大学生": 1, "伤害": 2, "捅": 1, "立为": 1, "刑事": 1, "奖学金": 1, "打伤": 1, "住院": 1, "带": 1, "MatePad": 1, "Pro": 1, "出差": 1, "踩点": 1, "电影": 1, "南方": 1, "车站": 1, "聚会": 1, "取景": 1, "高效": 1, "生产力": 1, "工具": 1, "L林": 1, "初寒": 1, "人类": 2, "抵达": 1, "海拔": 2, "8844.43": 1, "米": 1, "珠峰": 1, "巅": 1, "凭闭": 1, "一口气": 1, "下潜": 1, "海底": 1, "极限": 3, "自由": 3, "潜水": 1, "正是": 1, "世界": 3, "危险": 1, "运动": 1, "林子路": 1, "导演": 1, "纪录片": 1, "无际蓝": 1, "讲述": 1, "主人": 1, "公陆": 1, "文婕": 1, "双料女": 1, "博士": 1, "潜": 1, "女神": 1, "身份": 1, "转换": 1, "突破": 1, "内心": 1, "恐惧": 1, "挑战": 3, "人体": 1, "生理": 1, "自古": 1, "英雄": 1, "磨难": 1, "无论是": 1, "攀登": 1, "珠穆朗玛峰": 1, "北坡": 1, "精神": 1, "负": 1, "深潜": 1, "打破": 1, "自我": 3, "限定": 1, "才能": 1, "拥抱": 1, "无际": 1, "蓝": 1, "L": 4, "地理": 1, "数字": 3, "生活": 2, "美好": 2, "DigiX": 2, "生活节": 1, "走过": 1, "九": 1, "城": 1, "即将": 1, "迎来": 3, "收官": 1, "站": 1, "——": 1, "深圳站": 1, "20日": 1, "2020年": 2, "1月": 1, "3日": 1, "探索": 1, "读书": 1, "故宫": 2, "学院": 1, "院长": 1, "单霁翔": 1, "遇见": 1, "600年": 1, "萨克斯": 1, "演奏家": 1, "杨桐": 1, "Digi": 1, "X艺": 1, "视界": 1, "欢度": 1, "圣诞": 1, "转评": 1, "抽": 1, "送": 1, "Nova": 1, "5一": 1, "台": 1, "O抽奖": 1, "详情": 1, "任正非": 1, "买": 3, "傻": 1, "嚣张": 1, "实在": 1, "硬": 1, "核": 1, "L麻辣": 1, "移妹": 1, "安哥": 1, "各国": 1, "搭乘": 1, "发展": 1, "高速": 1, "列车": 1, "老板": 3, "每次": 1, "旅行": 2, "拍路": 1, "人照": 1, "在线": 1, "教学": 1, "解锁": 1, "自拍力": 1, "从此": 1, "马上": 1, "试试": 1, "心理学": 1, "管理学": 1, "实用": 1, "18": 1, "定律": 1, "​​": 1, "#​": 2, "季": 2, "未": 1, "燃": 1, "手绘": 1, "插画": 1, "作品": 1, "叹服": 1, "看清": 1, "心中": 1, "热爱": 1, "前置": 1, "功能": 1, "远近": 1, "记录": 1, "L时尚": 1, "芭莎BazaarV": 1, "秒拍": 5, "戴上": 1, "VR": 2, "Glass": 1, "一度": 1, "星球": 1, "新时代": 1, "必备": 1, "娱乐": 1, "神器": 1, "跑": 1, "L华": 3, "终端": 2, "": 2, "阿云嘎": 3, "到达": 1, "听说": 1, "空间": 1, "识别": 1, "障碍": 1, "。。": 1, "路痴": 1, "室内": 1, "导航": 1, "找": 1, "行李": 1, "不用": 1, "带路": 1, "帅哥哥": 1, "*/∇＼*）L": 1, "娱情": 1, "前线": 1, "万物": 1, "皆": 1, "互联": 1, "智能": 1, "选择": 2, "并未": 2, "施加": 2, "压力": 3, "5g": 1, "原则": 1, "一家": 1, "在外": 1, "……": 1, "@": 3, "世面L": 1, "新京报": 1, "发布": 1, "头条": 1, "文章": 1, "分歧": 3, "财经": 1, "每日": 1, "必读": 1, "赚钱": 2, "周四": 1, "/": 3, "科技": 1, "+": 5, "影视": 1, "文化": 1, "游戏": 1, "能源": 1, "汽车": 1, "金融": 1, "(": 1, "券商": 1, "分化": 1, "区块链": 1, "基建": 1, "周期": 1, "养殖": 1, "板块": 4, "企稳": 1, "迹象": 1, ";": 1, "主板": 1, "缩量": 1, "上涨": 1, "预设": 1, "明日": 3, "回踩": 1, "观察": 3, "成交量": 1, "放大": 2, "强势": 2, "股": 2, "接力": 3, "亏": 1, "钱": 1, "效应": 2, "高标": 2, "纷纷": 1, "调整": 1, "前期": 1, "人气": 1, "工业": 1, "大麻": 1, "轮动": 2, "反弹": 1, "星期六": 1, "绿庭": 1, "投资": 1, "情绪": 2, "标杆": 2, "空间板": 1, "高度": 1, "5板": 1, "首板": 2, "数量": 1, "减少": 1, "大概率": 1, "下降": 1, "短期": 1, "震荡": 1, "剧烈": 1, "操作": 1, "难度": 1, "变大": 1, "不宜": 1, "盲目": 1, "博傻": 1, "即可": 1, "高低": 1, "切换": 1, "风险": 1, "偏好": 1, "包板": 1, "涨停板": 1, "套利": 1, "优": 1, "策略": 1, "低": 2, "吸": 1, "主线": 1, "人气股": 1, "超跌": 1, "创": 1, "补涨": 1, "吸富": 1, "一生": 1, "O买": 1, "联播L": 1, "商用": 1, "元年": 1, "很多": 1, "机遇": 1, "荣耀": 1, "青春": 1, "热血": 1, "饮": 1, "21日": 1, "明哥": 1, "花粉": 2, "年会": 1, "上等": 1, "全球": 2, "花粉们": 1, "回家": 1, "俱乐部": 1, "L荣耀": 1, "反对党": 1, "被迫": 1, "推迟": 1, "上帝": 1, "鹰_5zn": 1, "用华": 1, "真香": 1, "声": 1, "片子": 1, "L腥闻人": 1, "环球网": 1, "对白": 1, "·": 1, "聊聊": 1, "EP06": 1, "金": 1, "南": 1, "将军": 1, "震撼": 1, "演讲": 1, "打压": 1, "EP5": 1, "→": 1, "O网": 1, "页链": 1, "接L": 1, "武力": 1, "统一": 1, "销量": 1, "吊": 1, "苹果": 1, "为啥": 1, "国内": 1, "混": 1, "whatttt": 1, "在家": 1, "体验": 1, "划船": 1, "IMAX": 1, "巨幕": 1, "海量": 1, "内容": 1, "coooool": 1, "10点": 1, "开售": 1, "时尚": 1, "潮人": 1}