{"新西兰": 23, "总理": 14, "阿德恩": 10, "接受": 5, "央视": 7, "记者": 6, "专访": 5, "再次": 5, "否认": 3, "禁止": 2, "华为": 65, "2019年": 2, "4月": 5, "1日": 3, "谈": 3, "相关": 4, "重申": 3, "禁用": 4, "5G": 8, "美国": 9, "影响": 3, "改变": 3, "国家": 5, "政策": 6, "坚定": 2, "自豪": 2, "独立": 2, "外交": 2, "L": 8, "新闻": 2, "秒拍": 13, "视频": 29, "​": 18, "：": 14, "并未": 2, "禁": 4, "本周": 2, "新浪": 7, "客厅": 6, "迎来": 4, "首位": 2, "政府": 2, "首脑": 2, "杰辛达·阿德恩": 2, "这位": 2, "80后": 2, "政治": 2, "人物": 4, "全球": 4, "年轻": 2, "女": 2, "任期": 2, "内": 7, "怀孕": 2, "生子": 2, "带": 2, "孩子": 2, "联大": 2, "话题": 2, "做客": 4, "期间": 2, "答问": 2, "网友": 2, "回应": 2, "…": 2, "@": 7, "广东": 2, "卫视": 2, "驻华": 2, "大使馆": 2, "旅游": 1, "微访": 1, "谈L": 1, "超燃": 3, "誓师": 6, "！": 19, "消费者": 18, "业务": 18, "改革": 11, "五": 14, "挣": 4, "1500亿": 14, "美元": 17, "组织": 6, "设计": 7, "薪酬": 6, "分配": 5, "边界": 5, "放开": 5, "实验": 5, "时间": 6, "打造": 5, "支": 5, "铁军": 7, "任正非": 11, "讲话": 4, "透露": 5, "2023年": 5, "希望": 6, "销售": 4, "收入": 7, "目标": 10, "集团": 4, "2500-3000亿": 4, "之间": 4, "究竟": 7, "近日": 3, "水均益": 1, "谈及": 1, "请": 1, "点击": 1, "采访": 1, "详情O": 1, "网页": 1, "链接": 2, "L华": 4, "中国": 3, "拿到": 1, "Nova4": 1, "第一": 2, "件": 1, "换上": 1, "代言人": 1, "——": 2, "易烊": 1, "千玺": 3, "独家": 2, "主题": 3, "漫画": 1, "千": 1, "玺": 1, "+": 1, "励志": 1, "四月": 2, "向往": 1, "悄悄": 1, "告诉": 1, "APP": 1, "高清": 1, "硬照": 1, "壁纸": 1, "字体": 4, "布朗尼": 3, "获取": 1, "方式": 1, "转发": 1, "评论": 2, "珍藏": 1, "句子": 1, "私信": 1, "关键词": 1, "中文": 1, "敲": 2, "可爱": 2, "同一个": 1, "字": 1, "体族": 1, "粗细": 2, "47": 1, "常规版": 1, "中粗版": 1, "耐用": 1, "方方正正": 1, "边角": 1, "很": 2, "圆润": 1, "加上": 1, "9.0": 1, "变细": 1, "舒服": 1, "5日": 1, "更新": 1, "O网页": 1, "拿起": 1, "Mate20": 1, "Pro": 2, "场": 1, "樱花雨": 1, "​​": 2, "P30": 6, "荣获": 1, "TIPA": 1, "最佳": 1, "拍摄": 2, "智能": 1, "手机": 4, "大奖": 1, "感谢": 1, "认可": 1, "未来": 2, "持续": 2, "创新": 2, "突破": 1, "带来": 1, "摄影": 1, "体验": 2, "内部": 2, "营收": 8, "超过": 2, "运营商": 3, "来源": 2, "BG": 4, "感受": 2, "新一代": 1, "夜视仪": 1, "「": 1, "P30Pro": 2, "」": 1, "无解": 1, "弱光": 1, "拍照": 2, "能力": 1, "地点": 1, "司": 1, "编辑部": 1, "照片": 1, "触发": 1, "409600": 1, "ISO": 1, "L硬件": 1, "学堂": 1, "今日": 3, "影讯": 1, "系列": 4, "特技": 1, "影视": 1, "片完": 1, "结篇": 1, "卧虎藏": 2, "不住": 3, "龙": 2, "故事": 1, "藏": 1, "戳": 2, "↓": 1, "终端": 3, "官方": 2, "依次": 1, "0.6": 1, "倍": 7, "、": 21, "1倍": 1, "2.5": 1, "5": 2, "10": 1, "15": 1, "30": 1, "50": 1, "变焦": 1, "效果": 2, "半": 1, "员工": 1, "35": 1, "想": 1, "跳槽": 1, "互联网": 1, "大厂": 2, "磨练": 1, "嫌弃": 1, "腾讯": 1, "太": 1, "低​": 1, "科普月": 1, "天文": 1, "大使": 2, "张云雷": 4, "💚": 1, "云雷": 3, "无境": 1, "深蓝": 1, "公益": 1, "大风吹": 2, "爆米花": 3, "美": 3, "头": 2, "发型": 1, "名字": 1, "好多": 1, "花头": 1, "花菜头": 1, "菜花头": 1, "西兰花头": 1, "鱿鱼": 1, "丝头": 1, "奇花异": 1, "草头": 1, "补充": 1, "相声": 1, "唱歌": 1, "探清水河": 1, "毓贞": 1, "泡面": 1, "做法": 1, "方便面": 1, "不错": 1, "高德": 1, "地图": 1, "语音": 1, "包": 1, "天津": 1, "石家庄": 1, "苏州": 1, "云起": 1, "雷鸣": 1, "专场": 1, "都": 3, "期待": 1, "L无数": 1, "三庆园": 1, "擦肩而过": 1, "xixi": 1, "外交部": 3, "副部长": 2, "欧": 1, "发展": 3, "欧盟": 3, "针对": 2, "特定": 4, "产业": 6, "设限": 1, "3日": 1, "吹风会": 1, "王超": 1, "回答": 1, "欧洲": 1, "受限": 1, "成功": 1, "商业": 1, "符合": 1, "各国": 1, "利益": 1, "中方": 1, "秉持": 1, "开放": 1, "共享": 1, "理念": 3, "推动": 1, "近年来": 1, "标准化": 1, "基础": 1, "研发": 1, "建立": 1, "合作": 2, "关系": 1, "中欧": 1, "信息": 1, "创造": 1, "环境": 2, "出台": 1, "框架": 1, "法律": 1, "实施": 1, "措施": 1, "提供": 1, "公平": 1, "公正": 1, "透明": 1, "健康": 1, "胡": 1, "永启": 1, "猛烈": 1, "重磅": 1, "宣誓": 2, "王者之师": 1, "勇往直前": 1, "势不可挡": 1, "三年": 2, "1000亿": 1, "美金": 2, "出击": 1, "所向披靡": 1, "气势": 1, "振奋": 1, "人心": 1, "多年": 1, "好像": 1, "都会": 1, "撞表": 1, "WatchGT": 1, "配色": 1, "法眼": 1, "～": 1, "泰国": 1, "·": 1, "拷叻": 1, "拉贝拉": 1, "度假": 1, "酒店": 1, "(": 1, "LaVelaKhaoLak": 1, ")": 1, "通信": 1, "测试机": 1, "房长": 1, "荣耀": 2, "8": 1, "X": 1, "经历": 1, "信号": 1, "考验": 1, "单套": 1, "测试": 1, "设备": 1, "1000万": 1, "科技": 1, "赞L": 1, "广告": 1, "攻势": 1, "广告点": 1, "亮": 1, "世界": 2, "高楼": 1, "哈利法塔": 1, "原名": 1, "迪拜塔": 1, "财经": 2, "TOP10": 2, "美媒": 2, "称": 3, "战争": 3, "失败": 3, "华盛顿": 1, "邮报": 1, "报道": 1, "拉拢": 1, "盟友": 1, "打压": 1, "受挫": 1, "一个": 1, "主导": 1, "网络": 2, "保证": 1, "福布斯": 1, "杂志": 1, "网站": 1, "2日": 1, "O": 1, "授权": 4, "自主": 2, "重点": 1, "军团": 2, "作战": 2, "内容": 1, "包括": 1, "结构": 1, "体系": 1, "O华为": 1, "搭载": 1, "全新": 1, "EMUI": 2, "9.1": 1, "系统": 1, "瞬间": 1, "永恒": 1, "演绎": 1, "色彩": 1, "灵动": 1, "；": 1, "写实": 1, "图标": 1, "视觉": 1, "简约": 1, "时尚": 1, "快": 1, "探": 1, "鲸": 1, "大会": 4, "3月": 1, "29日": 1, "L大佬": 1, "产业链": 1, "个股": 1, "值得": 1, "收藏": 1, "超越": 1, "目之所及": 1, "11日": 1, "上海": 1, "不见不散": 1, "商场": 1, "笔记本": 4, "很快": 1, "侵蚀": 1, "传统": 1, "电脑": 2, "厂商": 1, "市场": 1, "份额": 1, "很多": 1, "技术": 2, "引进": 1, "普及": 1, "金属": 1, "机身": 1, "全面屏": 1, "快充": 1, "指纹": 1, "识别": 1, "才": 1, "目瞪口呆": 1, "见微知著": 1, "崛起": 1, "瞧": 1}