{"国际": 5, "锐评": 3, "丨": 2, "联邦": 9, "快递": 10, "顶风": 3, "作案": 3, "自毁": 6, "招牌": 6, "美国": 20, "快递业": 3, "巨头": 3, "涉华": 3, "公司": 11, "快件": 3, "做手脚": 3, "涉嫌": 10, "非法": 8, "承运": 3, "枪支": 3, "中国": 20, "收寄": 5, "寄往": 5, "香港": 5, "管制": 5, "刀具": 5, "系列": 12, "违法": 3, "无异于": 3, "自弃": 3, "商业": 5, "信用": 3, "市场": 5, "潜力": 2, "外资": 2, "企业": 7, "开拓": 2, "发展": 2, "分享": 2, "机遇": 2, "前提": 2, "遵守": 2, "法律": 2, "、": 52, "合规": 2, "经营": 2, "华": 2, "都": 3, "法外之权": 2, "O": 1, "时装highlight": 1, "8月": 2, "21日": 1, "GENTLEMONSTER": 1, "华为": 79, "携手": 1, "合作": 2, "推出": 1, "可穿戴": 1, "智能": 5, "设备": 1, "GENTLEMONSTERX": 1, "HUAWEI": 1, "EYEWEAR": 1, "产品": 1, "北京": 2, "上海": 7, "举办": 1, "新品": 3, "预览": 1, "活动": 2, "吸引": 1, "众多": 1, "明星": 2, "偶像": 1, "组合": 1, "到场": 1, "": 6, "黄晓明": 1, "乔欣林": 1, "木子": 1, "洋": 1, "灵超": 1, "岳": 1, "岳pinkray": 1, "胡": 1, "春杨": 1, "李": 1, "振宁": 1, "管": 1, "栎": 1, "王": 1, "菊": 1, "李": 5, "晨": 1, "袁": 1, "姗姗": 1, "率先": 1, "感受": 2, "眼镜": 2, "视": 3, "魅力": 1, "5G": 37, "技术": 6, "：": 31, "成都": 6, "医院": 10, "专家": 6, "百公里": 2, "尝试": 1, "远程": 4, "超声": 4, "会诊": 3, "9月": 26, "3日": 3, "下午": 1, "16点": 1, "第三": 4, "人民": 4, "联通": 1, "华大": 1, "智造": 1, "提供": 4, "网络": 8, "蒲江县": 1, "医生": 6, "实时": 3, "屏幕": 2, "一端": 2, "蒲江": 2, "病人": 1, "检查": 2, "患者": 3, "画面": 1, "传输": 2, "会诊室": 1, "延时": 1, "控制": 2, "交流": 1, "对方": 1, "诊断": 2, "介绍": 1, "速度": 1, "稳定": 2, "画质": 1, "清晰": 1, "三甲": 1, "方式": 1, "乡村": 1, "偏远": 1, "地区": 1, "病情": 2, "疑难": 1, "当地": 1, "准确": 1, "判断": 1, "后续": 1, "治疗": 1, "环球": 2, "时报": 2, "三": 2, "缺": 2, "二视": 2, "频组": 2, "@": 5, "频L": 2, "视频": 13, "秒拍": 3, "任正非": 3, "主管": 2, "10%": 15, "末位": 2, "淘汰": 2, "平庸": 2, "惰怠": 2, "干部": 3, "替掉": 2, "30日": 1, "心声": 1, "社区": 1, "公开": 1, "董事长": 1, "管理": 1, "工作": 2, "汇报": 1, "会议": 1, "讲话": 1, "全文": 1, "主官": 1, "实行": 1, "3-5年": 1, "一批": 2, "下决心": 1, "血": 1, "L": 1, "老板": 1, "联播": 1, "​": 21, "消息": 1, "南方": 2, "电网": 2, "核心": 1, "信息": 3, "系统": 3, "部署": 3, "自主": 2, "研发": 3, "鲲鹏": 3, "CPU": 4, "芯片": 6, "取代": 1, "英特尔": 3, "下属": 1, "深圳": 2, "供电局": 1, "服务器": 1, "基于": 2, "存储": 2, "高斯": 1, "数据库": 1, "这是": 2, "电力": 1, "行业": 3, "首次": 1, "大规模": 1, "全国": 1, "软硬件": 1, "具备": 1, "替代": 1, "能力": 2, "未来": 4, "全球": 10, "抢占": 1, "份额": 1, "势如破竹": 1, "！": 5, "亚太": 2, "创新": 3, "展示": 2, "第五": 1, "届": 3, "联合": 1, "运营商": 2, "产业": 4, "伙伴": 2, "包括": 3, "+": 10, "VR": 3, "8K": 1, "无人机": 1, "医疗": 1, "多种": 1, "会场": 1, "现场": 3, "记者": 2, "体验": 1, "王者": 1, "荣耀": 6, "游戏": 2, "5GMEC": 1, "架构": 1, "时延": 1, "优化": 1, "延迟": 1, "4G": 1, "时代": 1, "100": 1, "压缩": 1, "操作": 1, "技能": 1, "释放": 1, "流畅无卡顿": 1, "嘉宾": 1, "安装": 1, "公里": 1, "熊猫": 1, "基地": 1, "全景": 1, "摄像头": 3, "身临其境": 1, "观看": 1, "国宝": 1, "大熊猫": 1, "一举一动": 1, "发布会": 14, "汇总": 2, "5号": 1, "四": 1, "场": 2, "4日": 2, "20S": 2, "5日": 5, "索尼": 3, "Xperia2": 1, "；": 6, "畅享": 2, "10": 2, "realmeQ": 2, "红魔": 1, "3S": 1, "10日": 3, "OPPO": 5, "Reno2": 2, "11日": 2, "凌晨": 1, "1点": 1, "苹果": 4, "秋季": 1, "16日": 2, "vivoNEX35G": 2, "19日": 3, "Mate30": 3, "26日": 2, "7T": 1, "旅行": 2, "枯燥": 2, "打卡": 2, "照片": 2, "带话": 1, "题词": 1, "炫": 1, "发博": 1, "朱": 1, "生活": 1, "从中": 1, "挑选": 1, "3": 3, "晒": 1, "小伙伴": 1, "随机": 1, "送出": 1, "小米": 5, "耳机": 1, "自拍杆": 1, "带": 2, "手机": 33, "2020年": 9, "出货量": 9, "预计": 5, "1亿": 7, "著名": 1, "打脸": 1, "分析师": 3, "郭明錤": 7, "分析": 2, "称": 5, "可望": 3, "3.4亿": 3, "支": 5, "市占率": 7, "2019年": 5, "35": 3, "–": 6, "40%": 3, "提升": 3, "45": 3, "50%": 7, "一亿": 1, "买": 2, "哪家": 4, "厂商": 4, "越来越": 1, "iPhone": 1, "换成": 1, "SEVENTEEN": 1, "本条": 1, "记录": 1, "ODETO": 1, "YOU首尔场": 1, "小次": 1, "可爱": 2, "瞬间": 2, "❤️": 1, "1.": 1, "胜澈": 1, "绝美": 1, "背影": 1, ".": 6, "猫猫": 1, "挥手": 1, "安慰": 1, "摔屁": 1, "墩儿": 1, "小奎": 1, "刷刷": 1, "4.": 1, "荣荣": 1, "5.": 1, "太": 2, "哭": 1, "微笑": 1, "花": 1, "6": 1, "开心": 1, "蹦迪": 1, "浩": 1, "7.": 1, "雕塑": 1, "跳舞": 1, "8": 1, "甜灿": 1, "比心": 1, "9": 1, "奶猫": 1, "冲冲": 1, "放": 1, "评论": 1, "*": 3, "mate20pro": 1, "截修": 1, "一路": 2, "成年": 2, "芒果": 1, "专区": 1, "热播": 1, "梁家辉": 1, "徐": 1, "锦江": 1, "汶翰": 1, "家庭": 2, "喜欢": 2, "终端": 1, "用户": 1, "50多": 3, "商用": 3, "合同": 3, "发货": 2, "20多": 1, "万5": 1, "G基站": 1, "面临": 1, "美": 1, "贸易": 1, "因素": 1, "董事": 2, "战略": 1, "研究院": 1, "院长": 1, "徐文伟": 1, "内": 1, "20多万": 1, "基站": 1, "程钰": 1, "9月份": 1, "&": 1, "play": 1, "武汉": 1, "19:00": 1, "红魔3S": 1, "14:00": 2, "15:00": 1, "西安": 3, "Xperia5": 2, "德国": 3, "6日": 1, "麒麟": 1, "990": 1, "处理器": 1, "16:40": 1, "10:00": 1, "iPhone11": 1, "乔布斯": 1, "剧院": 1, "01:00": 1, "24日": 3, "09:30": 1, "realmeX210:00": 1, "7TPro": 1, "印度": 1, "10月": 1, "RenoAce": 1, "持续": 1, "更新": 1, "补充": 1, "计算器": 8, "全线": 3, "阵亡": 3, "#oppo": 1, "均": 2, "中枪": 3, "牌子": 4, "出货": 4, "天风": 2, "指出": 2, "2.3亿": 2, "O郭明錤": 2, "5": 2, "财经网": 1, "独家": 1, "获悉": 1, "制造": 1, "基带": 1, "海思": 3, "高通": 2, "三星": 1, "联发科": 1, "紫光": 1, "展锐": 1, "厉害": 1, "占据": 1, "2G/3G/4G": 1, "标准": 1, "专利": 1, "主导权": 1, "看好": 2, "5家5G": 1, "WSJ": 2, "谴责": 2, "发动": 2, "攻击": 3, "威胁": 3, "员工": 5, "中文": 1, "有限": 2, "(": 3, "HuaweiTechnologiesCo.,": 1, "简称": 1, ")": 3, "利用": 3, "可用": 1, "工具": 1, "干扰": 1, "业务": 1, "执法": 2, "周二": 1, "发布": 1, "份": 2, "新闻稿": 2, "详细": 1, "列举": 1, "项": 2, "​​": 1, "指责": 5, "否认": 2, "葡萄牙": 1, "多媒体": 1, "制造商": 2, "RuiOliveira": 1, "窃取": 4, "地缘": 1, "政治": 1, "形势": 1, "华尔街": 2, "日报": 2, "The": 1, "WallStreetJournal": 1, "上周": 1, "报道": 2, "检察官": 1, "知识": 2, "产权": 2, "指控": 4, "展开": 3, "调查": 6, "Oliveira": 2, "收到": 1, "传票": 1, "事件": 1, "文件": 1, "提出": 1, "新​": 1, "指示": 1, "部门": 2, "恐吓": 1, "胁迫": 1, "引诱": 1, "煽动": 1, "现任": 1, "前任": 1, "背叛": 1, "派遣": 1, "调查局": 1, "特工": 1, "家中": 1, "迫使": 1, "间谍": 1, "发起": 1, "旨在": 1, "渗透": 1, "内网": 1, "搜查": 1, "拘留": 1, "逮捕": 1, "证据": 1, "支持": 1, "司法部": 3, "纽约": 2, "东区": 2, "代表": 1, "回覆": 1, "置评": 1, "请求": 1, "盗窃": 1, "东方": 1, "财富": 1, "美媒": 1, "回应": 2, "O美媒": 1, "无耻": 1, "董事陶": 2, "景文": 2, "超过": 3, "半数": 3, "质量": 1, "流程": 1, "IT": 1, "总裁": 1, "陶景文": 1, "长江": 4, "青投": 3, "论坛": 3, "牌照": 1, "发放": 1, "第四": 1, "工业": 1, "革命": 2, "变革": 1, "互联网": 1, "数字": 1, "世界": 2, "连接": 2, "O华": 1, "近期": 1, "涉案": 1, "物品": 1, "我国": 1, "暂": 1, "扣": 1, "相关": 1, "之中": 1, "O网页": 1, "链接": 1, "央视": 1, "新闻": 1, "远在天边": 1, "置身": 1, "万里": 1, "灯火": 1, "璀璨": 1, "都市": 1, "尽览": 1, "繁华": 1, "AR": 1, "真实": 1, "梦想": 1, "跨越": 1, "天际": 1, "走": 1, "智慧": 1, "L华": 1, "感谢": 1, "来到": 1, "1500多": 1, "热情": 1, "优秀": 1, "西交大": 1, "同学们": 1, "再次": 1, "年轻": 1, "活力": 1, "如果说": 1, "机会": 1, "年轻人": 1, "礼物": 2, "接收": 1, "·": 1, "交通": 1, "大学": 1, "直播": 2, "第十": 2, "商学院": 1, "主办": 1, "互联": 1, "生态": 1, "智绘": 1, "图景": 1, "——": 1, "今日": 1, "本次": 1, "峰会": 1, "汇聚": 1, "腾讯": 2, "阿里": 1, "百度": 1, "京东": 1, "引领": 1, "经济": 1, "风向": 1, "头部": 1, "助推": 1, "传统": 1, "新兴": 1, "协同": 1, "升级": 1, "焕发": 1, "新生": 1, "新浪": 1, "财经": 1, "现时": 1, "芭莎": 1, "电子刊": 1, "lx": 1, "现华": 1, "这位": 1, "姐妹": 1, "问问": 1, "尴尬": 1, "李现ingL": 1, "现喊": 1, "小宝": 1, "贝儿i": 1, "崩": 1, "视角": 1, "重构": 1, "设计": 1, "探索": 1, "慕尼黑": 1, "见证": 1, "耀世": 1, "临L华": 1, "小浪": 1, "投票": 1, "算": 3, "网友": 1, "发现": 1, "很多": 1, "计算": 1, "0.2": 1, "0.11": 1, "款": 1, "机型": 1, "理解": 1}