{"富士康": 15, "获华": 5, "订单": 10, "节后": 5, "招工": 15, "节前": 5, "iPhone": 10, "遇冷": 5, "工人": 10, "加班": 11, "冷": 5, "春节": 10, "郑州": 5, "产线": 5, "拆": 5, "锐减": 5, "员工": 13, "到手": 5, "工资": 6, "两千": 5, "元": 5, "启动": 6, "轮": 6, "人员": 6, "称": 7, "拿到": 5, "华为": 70, "去年": 6, "L老板": 5, "联播": 5, "视频": 5, "​": 19, "4": 6, "cm": 3, "微距": 5, "P6": 2, "时代": 1, "Mate20": 5, "系列": 2, "强大": 1, "令人发指": 1, "友商": 1, "吹": 1, "轮值": 3, "董事长": 4, "徐": 4, "直军": 4, "接受": 5, "6": 3, "英国": 2, "媒体": 5, "回答": 1, "一个": 6, "细节": 1, "5G": 35, "预计": 1, "市场": 8, "三类": 2, "很多": 2, "挫折": 1, "干扰": 1, "感觉": 2, "任正非": 9, "带领": 1, "华为人": 1, "很": 7, "冷静": 1, "专业": 2, "做事": 1, "！": 8, "加油": 1, "采访": 4, "原话": 1, "：": 15, "全球": 5, "分为": 1, "第一": 5, "需求": 3, "中国": 21, "、": 11, "日本": 4, "韩国": 6, "海湾": 1, "国家": 4, "第二": 5, "欧美": 2, "发达国家": 1, "包括": 1, "美国": 18, "4G": 2, "都": 12, "不见得": 1, "法国": 2, "基站": 4, "数量": 1, "深圳": 2, "一家": 1, "第三": 3, "发展中国家": 1, "未来": 4, "收入": 1, "少量": 1, "博士": 10, "离职率": 5, "21.8%": 4, "反思": 4, "学历": 4, "人才": 3, "流失": 3, "近日": 2, "心声": 1, "社区": 1, "发布": 1, "份": 2, "签发": 2, "内部": 3, "邮件": 3, "留": 2, "不住": 3, "披露": 1, "工作": 6, "存活": 1, "情况": 2, "2014年": 2, "入职": 3, "57%": 2, "留在": 2, "公司": 15, "思考": 2, "O华": 4, "霓虹灯": 1, "黑色": 1, "夜晚": 1, "碰撞": 1, "街头": 1, "瞬间": 1, "五彩缤纷": 1, "摄影师": 1, "MatthieuBuhler": 1, "穿梭": 1, "大街小巷": 1, "Pro": 1, "记录": 1, "流光溢彩": 1, "景象": 1, "终于": 2, "公开": 1, "谴责": 1, "老总": 1, "崇敬": 1, "女儿": 1, "大事": 1, "恶言": 1, "面对": 3, "得寸进尺": 1, "必欲置之死地": 1, "而后": 1, "快": 1, "打击": 2, "忍无可忍": 1, "中文版": 1, "直面": 1, "英媒": 3, "专访": 1, "实录": 1, "选择": 2, "余承东": 1, "看中": 1, "清零": 3, "勇气": 3, "——": 1, "成就": 1, "2B": 1, "产品": 1, "研发": 1, "专家": 2, "学": 1, "终端": 2, "建立": 3, "消费者": 1, "文化​": 1, "阿里": 3, "离职": 4, "女": 2, "高管": 5, "回应": 2, "王晗": 2, "鮮明": 1, "创業": 1, "素质": 1, "下海": 1, "是日": 1, "美": 3, "控股": 1, "跨國": 1, "值得": 1, "國人": 1, "望塵莫及": 1, "且不说": 1, "北大": 1, "MBA": 1, "本科": 1, "武汉": 2, "理工大": 1, "學計": 1, "算機": 1, "中國华": 1, "青睞": 1, "理工": 3, "大学": 3, "差不多": 1, "2.1%": 1, "毕业生": 1, "任部": 1, "門": 1, "总经理": 1, "部門": 1, "躲": 1, "阴暗": 1, "角落": 1, "匿名": 1, "骂": 1, "武漢": 1, "入流": 1, "专科": 1, "斤": 1, "兩": 1, "你們": 2, "有种": 1, "真名实姓": 1, "王": 2, "晗亮": 1, "中國": 1, "职场": 1, "经历": 1, "创业": 2, "美國": 1, "特別": 1, "硅谷": 1, "企業": 1, "创投": 1, "業": 1, "鼓励": 1, "欣赏": 1, "充滿": 1, "梦想": 1, "年輕人": 2, "祖國": 1, "创业者": 1, "攻擊": 1, "可悲": 1, "可叹": 1, "晗": 1, "站直": 1, "別": 1, "趴下": 1, "金": 1, "拍案而起": 1, "O阿里": 1, "质疑": 1, "斗胆": 1, "请": 1, "马云": 1, "老师": 1, "评评理": 1, "昨天": 1, "粉丝": 1, "私信": 1, "段": 2, "真心": 1, "理解": 1, "理论": 1, "供": 1, "参考": 1, "老弟": 1, "告诉": 1, "一通百通": 1, "那段": 1, "搭顺": 1, "风车": 1, "写": 1, "西方": 1, "拒绝": 3, "正确": 1, "窃听": 1, "监控": 1, "小儿科": 1, "+": 2, "IPV6": 1, "看做": 1, "信息": 7, "领域": 4, "降息": 1, "一次性": 1, "传播": 1, "成本": 1, "打到": 1, "最低": 1, "基于": 2, "差": 3, "产业": 6, "大面积": 1, "崩溃": 1, "基础": 1, "想": 9, "保有": 1, "价值": 2, "私有": 1, "墙": 1, "公众": 1, "收集": 1, "大数据": 1, "看起来": 1, "火": 1, "实际上": 1, "债转股": 1, "中介化": 1, "导致": 2, "耀武扬威": 1, "交易": 1, "平台": 1, "吃息": 1, "逻辑": 1, "崩盘": 1, "剩下": 1, "遇挫": 2, "反华": 2, "事儿": 2, "计划": 2, "东欧": 2, "冷处理": 2, "华尔街": 1, "日报": 1, "欧洲": 4, "运营商": 6, "青睐": 1, "中兴": 4, "电信": 1, "设备": 3, "抵制": 1, "举动": 1, "互联网": 1, "服务": 1, "提供商": 1, "提供": 2, "优质": 1, "硬件": 1, "价格": 1, "低": 1, "实施": 1, "禁令": 1, "意味着": 1, "推出": 1, "速度": 1, "落后于": 1, "亚洲": 1, "地区": 1, "O遇挫": 1, "TA": 1, "晚安": 1, "小云": 2, "听到": 2, "「": 1, "教练": 1, "篮球": 1, "」": 1, "脑海": 1, "响起": 1, "BGM": 1, "无疑": 1, "世界": 7, "尽头": 1, "......": 1, "动漫": 1, "电影": 1, "主题曲": 1, "旋律": 1, "秒": 1, "想起": 1, "转评": 1, "分享": 1, "随机": 1, "抽": 1, "送出": 1, "耳机": 1, "条": 1, "东京": 1, "马": 4, "姓": 1, "某人": 1, "已婚": 1, "妻儿": 2, "国内": 1, "搭讪": 3, "同学": 1, "妹子": 5, "转发": 1, "感谢": 3, "@": 5, "正是": 1, "施加": 1, "压力": 2, "惊慌失措": 1, "mail": 1, "地址": 1, "见面": 2, "误会": 2, "找到": 1, "当面": 1, "中文": 1, "解释": 1, "断然": 1, "见到": 1, "楼": 1, "办公": 1, "害怕": 1, "过激": 1, "伤害": 3, "人身": 1, "请求": 1, "删除": 1, "删掉": 1, "传言": 1, "这位": 3, "想到": 1, "老婆": 1, "声名远扬": 1, "会后": 1, "还要": 1, "诬陷": 1, "笑": 2, "反正": 1, "国外": 1, "中国人": 4, "政府": 1, "签证": 1, "麻烦": 1, "好好": 1, "下半身": 1, "败坏": 1, "名声": 1, "拉": 1, "全体": 1, "男人": 1, "海外": 6, "华人": 1, "下水": 1, "希望": 3, "弄": 2, "回国": 2, "教育": 2, "妈妈": 1, "教": 2, "舆论": 1, "做人": 1, "确实": 2, "代表": 2, "贵司": 3, "做好": 1, "真的": 1, "形象": 2, "这次": 1, "记者": 1, "请问": 1, "公关": 1, "危机": 1, "日系": 1, "大手": 1, "企业": 3, "性骚扰": 1, "事件": 1, "入乡随俗": 1, "骄傲": 1, "烦请": 1, "尽量": 1, "杜绝": 1, "影响": 2, "名誉": 1, "事情": 1, "建议": 1, "带": 1, "团聚": 1, "关注": 1, "拉脱维亚": 2, "中断": 3, "合作": 3, "Bite": 1, "技术": 10, "总监": 1, "金茨·布滕斯": 1, "日前": 1, "里加": 1, "检查": 1, "签订": 1, "网络": 1, "协议": 1, "O拉脱维亚": 1, "韩": 4, "围甲": 4, "对抗赛": 2, "2月": 3, "17日": 1, "2019": 1, "国民": 2, "银行杯": 1, "冠军": 4, "对抗": 2, "棋院": 1, "2018年": 2, "手机杯": 1, "围棋": 2, "甲级": 1, "联赛": 2, "华泰": 2, "证券": 2, "江苏队": 3, "对阵": 1, "2018": 1, "KB": 1, "银行": 1, "浦项队": 2, "主将": 2, "芈昱廷": 1, "乱": 1, "战力": 1, "胜卞": 1, "相壹": 1, "率": 1, "全队": 1, "上演": 1, "绝地": 1, "反击": 1, "最终": 2, "比分": 1, "5:5": 1, "战胜": 1, "获取": 1, "本次": 1, "优胜": 1, "O": 1, "夺冠": 1, "显示": 1, "5": 1, "累计": 2, "平均": 1, "时间": 3, "长": 1, "；": 1, "提到": 1, "访谈": 1, "82": 1, "名": 1, "56": 1, "原因": 1, "岗位": 1, "技能": 1, "匹配": 1, "主管": 1, "能力": 5, "弱": 2, "受限": 1, "..": 1, "O看": 1, "不见": 2, "--2019年": 1, "自主化": 3, "|": 1, "宁南山": 1, "外部": 3, "形势": 1, "变化": 2, "改变": 1, "态度": 2, "政策": 3, "强国": 1, "感受": 1, "本文": 1, "梳理": 1, "战争": 1, "带来": 2, "2019年": 1, "目标": 1, "种种": 1, "理由": 1, "赢得": 1, "胜利": 1, "1.": 1, "欧": 2, "制裁": 3, "五": 1, "眼": 1, "联盟": 1, "对方": 1, "力量": 2, "削弱": 1, ".": 2, "增强": 1, "3": 1, "刺激": 1, "我国": 1, "电子": 2, "机遇": 1, "再次": 2, "挑战": 3, "改革": 1, "房地产": 1, "人口": 1, "制度": 1, "体量": 1, "足够": 1, "庞大": 1, "30年": 1, "打破": 1, "不在话下": 1, "打压": 1, "持续": 1, "消息": 3, "这几年": 1, "投入": 1, "加大": 1, "越来越": 2, "密集": 1, "五大": 1, "厂商": 2, "爱立信": 3, "诺基亚": 2, "三星": 2, "钱": 2, "意愿": 1, "翻身": 1, "支持": 3, "积累": 1, "实在": 1, "趟": 1, "商用": 1, "大规模": 2, "建设": 1, "LGU+": 1, "大批量": 1, "建": 2, "芯片": 3, "实力": 1, "远": 2, "整体": 2, "方案": 2, "收购": 1, "阿尔卡特朗讯": 1, "西门子": 1, "通信": 3, "历来": 1, "无线": 1, "玩": 1, "顶尖": 2, "地位": 1, "优良": 1, "传统": 1, "没法": 1, "高通": 1, "尴尬": 1, "搞": 2, "标准": 4, "懂": 1, "推进": 1, "格局": 1, "话语权": 1, "比华": 1, "专利": 3, "解决": 1, "工程": 1, "讲": 1, "微波": 1, "超宽带": 1, "独家": 1, "全世界": 1, "横扫": 1, "一大": 1, "不定": 1, "未必": 1, "搞定": 2, "好不容易": 1, "核心": 2, "收": 1, "买": 1, "路": 1, "综合": 1, "领先": 6, "战略": 1, "牛": 1, "手机": 4, "半": 1, "连续": 1, "烧屏": 3, "17年": 1, "9月": 1, "购买": 1, "18年": 1, "5月": 1, "换屏": 2, "9": 2, "客服": 2, "拒": 1, "保修": 1, "修": 1, "1000多": 1, "维修费": 1, "明明": 1, "部件": 1, "质量": 1, "维修": 2, "延保": 1, "诉求": 1, "这是": 1, "国产": 1, "大厂": 1, "呵呵": 1, "？？": 1, "年前": 1, "含": 1, "普版": 1, "2.5cm": 1, "超级": 1, "刚": 1, "拍": 1, "图3": 1, "对比": 1, "向前": 1, "发展": 1, "推": 1, "难道": 1, "流行": 1, "复古": 1, "致敬": 1, "经典": 2, "天使": 1, "战斗力": 1, "科普": 1, "下19年": 1, "缺陷": 1, "数码": 1, "穷人": 1, "富人": 2, "道德": 2, "提问": 2, "定义": 2, "管理学": 4, "丨": 2, "派": 2, "人性": 1, "‘": 1, "薛定谔": 1, "猫": 1, "’": 1, "北京": 1, "中关村": 1, "西侧": 1, "蓝靛厂": 1, "僻静": 1, "院落": 1, "彭剑锋": 3, "物理学": 1, "概念": 1, "展开": 1, "人民": 1, "教授": 1, "博士生": 1, "导师": 1, "管理": 1, "咨询": 1, "机构": 1, "华夏": 1, "基石": 1, "基本法": 1, "关键": 1, "起草人": 1, "多变": 1, "超越": 1, "二元": 1, "对立": 1, "思维": 4, "线性": 1, "生态": 1, "共生": 1, "回归": 1, "禅宗": 1, "善恶": 1, "一体": 1, "量子力学": 1, "态叠": 1, "加思维": 1, "O穷人": 1, "原子弹": 3, "伤害人": 1, "16日": 1, "上午": 1, "13日": 1, "徐直军": 2, "六": 1, "造福": 1, "老百姓": 2, "享受": 1, "数字化": 1, "体验": 1, "20亿": 1, "美金": 1, "资金": 1, "喝": 1, "脑袋": 1, "门挤": 1, "接近": 1, "70%": 1, "业务": 2, "赤裸裸": 1, "大放厥词": 1, "亚布力": 3, "论坛": 2, "朋友": 1, "这话": 1, "参加": 1, "真实": 1, "太": 1, "制造": 1, "实事": 1, "做秀": 1, "客户": 2, "干什么": 1, "抱团": 1, "抱": 1, "团": 1, "MWC2019": 1, "花费": 1, "数亿": 1, "花钱": 1, "小米": 1, "一三": 1, "VS": 1, "Mate20Pro": 2, "Mate20Pro人": 2, "脸": 2, "识别": 4, "更新": 2, "新增": 2, "面容": 4, "日子": 1, "陆续": 1, "RS": 1, "保时捷": 1, "版": 1, "用户": 1, "升级": 1, "系统": 1, "人脸": 1, "新建": 1, "备用": 1, "官方": 1, "介绍": 1, "学习": 1, "长相": 1, "……": 1, "详情": 1, "点击": 1, "CNN": 2, "至少": 2, "贡献": 2, "三": 1, "海思": 1, "有线": 1, "电视": 1, "新闻网": 1, "报道": 1, "同意": 1, "1": 1, "引用": 1, "德国": 1, "IPlytics": 1, "数据": 1, "持有者": 1, "国际": 1, "做出": 1}