{"外交部": 8, "敦促": 6, "美方": 16, "停止": 12, "中国": 36, "特定": 10, "企业": 27, "无理": 6, "打压": 10, "美媒": 2, "报道": 5, "美国": 26, "农村": 12, "无线": 5, "运营商": 8, "协会": 7, "估算": 4, "25%": 4, "会员": 6, "华为": 56, "中兴": 9, "公司": 13, "设备": 14, "更换": 4, "花费": 4, "8亿": 4, "10亿": 4, "美元": 20, "地区": 4, "通讯": 4, "网络": 4, "发言人": 4, "耿爽": 8, "反对": 4, "证据": 4, "情况": 4, "莫须有": 3, "罪名": 3, "滥用": 4, "国家": 10, "力量": 4, "泛化": 3, "概念": 4, "蓄意": 3, "抹黑": 3, "指责": 3, "有利于": 3, "美": 5, "互信": 3, "合作": 3, "事情": 3, "央视": 3, "记者": 3, "赵晶": 1, "L": 4, "新闻": 2, "视频": 12, "移动路": 1, "朋友": 2, "一生": 1, "走": 1, "​": 9, "倪光南": 5, "院士": 5, "：": 14, "估值": 6, "13000亿": 8, "世界": 8, "第一": 6, "10月": 8, "26日": 5, "质量": 5, "发展": 6, "论坛": 5, "工程院": 3, "@": 7, "介绍": 4, "全球": 4, "信息": 3, "通信": 4, "领域": 3, "市值": 7, "排名": 3, "前10": 3, "家中": 3, "6": 3, "、": 21, "阿里": 3, "腾讯": 3, "一家": 4, "三星": 3, "上市": 4, "评估": 3, "O倪": 1, "光南": 1, "称": 4, "老板": 5, "联播": 6, "#马化腾": 2, "48": 2, "岁": 2, "生日": 6, "天蝎座": 6, "有钱": 4, "星座": 4, "29日": 4, "马化腾": 4, "！": 14, "BAT": 2, "李彦宏": 2, "掌门人": 2, "任正非": 16, "连续": 1, "十几": 1, "蝉联": 1, "首富": 1, "比尔·盖茨": 2, "张朝阳": 1, "曹": 1, "国伟": 1, "…": 1, "都": 7, "天蝎男": 2, "身边": 2, "潜力股": 1, "联播L": 1, "年轻人": 2, "工资": 3, "买": 6, "房": 3, "国企": 2, "董事长": 4, "亲赴": 1, "深圳": 3, "请教": 2, "财富": 4, "分享": 5, "员工": 12, "建材": 2, "集团": 2, "宋志平": 2, "共享": 4, "平台": 2, "让渡": 2, "去年": 2, "谈": 3, "活力": 2, "来自于": 2, "机制": 2, "L老板": 2, "Mate30": 6, "系列": 6, "5G版": 4, "11月": 4, "1日": 2, "开售": 2, "5G": 4, "重构": 1, "想象": 1, "年度": 1, "旗舰": 1, "来袭": 1, "🎉🎉": 1, "🎉O": 1, "网页": 1, "链接": 1, "2017年": 1, "名": 4, "发现": 1, "部门": 2, "业务": 2, "数据": 2, "代码": 3, "外泄": 1, "抄袭": 1, "别人": 2, "很": 8, "耿直": 1, "内部": 2, "网站": 1, "实名": 1, "举报": 2, "很多": 2, "想": 3, "太": 5, "领导": 2, "级别": 1, "情何以堪": 1, "回": 2, "死": 1, "脱": 1, "层": 1, "皮": 1, "想到": 1, "公开": 1, "发文力": 1, "挺": 2, "提供": 2, "上海": 1, "研究所": 1, "岗位": 1, "选择": 1, "打击": 1, "报复": 1, "找": 1, "产品线": 1, "总裁": 2, "邓泰华": 2, "保护": 1, "正直": 1, "李召军": 1, "正能量": 1, "穿街": 1, "过巷": 1, "人来人往": 1, "景区": 1, "寻找": 1, "天地": 1, "FreeBuds#3": 2, "半": 2, "开放": 2, "舒适": 2, "降噪": 2, "功能": 4, "屏蔽": 1, "外界": 1, "声音": 1, "自由": 1, "沉浸": 1, "L华": 5, "终端": 3, "官方": 2, "秒拍": 2, "版本": 1, "就要": 2, "见面": 1, "不负众望": 1, "智能": 1, "生活": 1, "带来": 1, "美好": 1, "初": 1, "体验": 2, "—": 2, "气球": 3, "篇​": 2, "才能": 3, "飞": 1, "潜力": 1, "股L": 1, "监管": 2, "机构": 2, "禁止": 3, "参与": 1, "政府": 3, "补贴": 1, "项目": 2, "经济霸": 1, "凌害": 1, "主持": 1, "例行": 1, "记者会": 1, "提问": 1, "电信": 3, "计划": 4, "投票": 2, "列为": 1, "风险": 3, "客户": 1, "动用": 1, "85亿": 1, "资金": 1, "购买": 2, "服务": 2, "中方": 2, "对此": 2, "回应": 2, "立场": 1, "经济": 3, "霸凌": 1, "一贯": 1, "标榜": 1, "市场": 6, "原则": 1, "否定": 1, "国际": 2, "社会": 2, "认同": 1, "支持": 2, "值得一提的是": 1, "媒体": 2, "鼓吹": 1, "本国": 3, "损害": 1, "最终": 1, "消费者": 1, "利益": 2, "看待": 1, "绝大多数": 1, "棱镜门": 1, "事件": 1, "法国": 1, "阿尔斯通": 1, "前车之鉴": 1, "记忆犹新": 1, "为止": 1, "做出": 1, "解释": 1, "再次": 1, "经营": 2, "活动": 1, "公平": 1, "公正": 1, "歧视": 1, "环境": 2, "年前": 1, "中层": 1, "闲聊": 2, "求职": 1, "钱": 1, "思考": 1, "干": 1, "技术": 3, "岗": 1, "讲师": 1, "年薪": 2, "50万": 3, "感觉": 1, "这是": 1, "面子": 1, "忽悠": 1, "反正": 1, "在意": 1, "平均": 1, "70万": 1, "保守": 1, "考量": 1, "😂": 1, "盘算": 1, "头": 1, "顶": 1, "700万": 1, "玄幻": 1, "拟": 1, "移除": 2, "路透社": 1, "联邦": 1, "委员会": 1, "裁定": 1, "提议": 1, "相关": 1, "援引": 1, "指出": 1, "王青云": 1, "FreeBuds3": 1, "苹果": 7, "AirPodsPro": 1, "续航": 2, "描述": 1, "备注": 1, "小米": 5, "这次": 1, "真的": 1, "血本": 1, "堆": 1, "超": 2, "规格": 4, "硬件": 1, "刚刚": 1, "绿色": 1, "推": 1, "摄像头": 1, "详细": 1, "1": 1, "摄": 2, "1/1.33F1.7OIS": 1, "妥妥": 1, "手机": 4, "南": 1, "坡湾": 1, "进光量": 1, "画幅": 1, "像素": 1, "X长": 2, "焦人": 1, "像头": 1, "1.4um双PD": 1, "神仙": 2, "8": 1, "同款": 1, "！！！！": 1, "3": 1, "5": 2, "焦头": 1, "追平": 1, "P30Pro": 2, "OPPO": 1, "Reno10": 1, "X.4": 1, "广角": 1, "一个": 2, "微距": 1, "一点": 2, "沸腾": 1, "半年": 1, "侠哥": 2, "提示": 1, "最多": 2, "板块": 2, "区块链": 1, "天然气": 1, "工业": 1, "大麻": 1, "医药": 1, "操作": 2, "个股": 1, "题材": 1, "思路": 1, "选股": 1, "假设": 3, "机会": 8, "特朗普": 3, "沟通": 3, "放弃": 2, "欧洲": 6, "下午": 1, "心声": 1, "社区": 1, "发布": 3, "创始人": 2, "22日": 1, "接受": 2, "新闻台": 2, "采访": 2, "纪要": 1, "问到": 1, "回答": 1, "好好": 1, "进军": 1, "改善": 1, "全球化": 3, "获利": 1, "东西": 1, "卖给": 2, "放": 1, "家里": 1, "干什么": 1, "吃": 1, "才": 1, "付给": 1, "；": 1, "放在": 1, "仓库": 1, "时间": 1, "长": 1, "烂掉": 1, "O假": 1, "设有": 1, "素材": 2, "来源": 1, "网易": 1, "财经": 1, "军旅": 2, "生涯": 2, "苦点": 2, "幸运": 3, "青年": 1, "时代": 1, "处于": 1, "缓慢": 1, "时期": 1, "追求": 1, "希望": 1, "当兵": 3, "老百姓": 1, "光荣": 2, "带给": 1, "服从": 1, "纪律": 1, "努力": 1, "工作": 1, "苦": 1, "O": 1, "赴": 1, "年轻": 1, "职工": 1, "奖金": 1, "长谈": 1, "真心": 1, "劝": 1, "刚": 1, "airpods2": 2, "着急": 2, "哭": 2, "喊": 2, "上air": 1, "podspro": 1, "车": 1, "明年": 2, "2月": 1, "起码": 1, "上半年": 1, "airpods3": 1, "香": 1, "颜色": 1, "跑": 1, "回来": 1, "尴尬": 1, "年底": 1, "成熟": 1, "airpodspro2": 1, "Iphone11": 1, "成功": 2, "经验": 1, "保不准": 1, "横": 1, "线款": 1, "pro2": 1, "价格": 2, "硬降": 1, "1699": 1, "索尼": 2, "潜在": 1, "竞争者": 1, "赶出": 1, "WX1000MX3": 1, "降": 1, "1499": 1, "打算": 1, "硬杠": 1, "扎心": 1, "理由": 1, "airpods系": 1, "电池": 5, "衰减": 2, "速度": 1, "概率": 1, "陆续": 1, "一代": 1, "重度": 1, "用户": 1, "案例": 1, "烦透": 1, "嚷嚷": 1, "破事": 1, "官网": 1, "盛惠": 1, "379": 1, "元": 2, "……": 2, "379*3": 1, "=": 1, "1137": 1, "含": 1, "充电舱": 1, "实力": 2, "演示": 1, "送": 1, "耳机": 1, "急": 1, "两三年": 1, "很快": 1, "新款": 1, "airpods": 1, "早晚": 1, "弄丟": 1, "雷军": 1, "CC9Pro": 1, "双曲": 1, "面水": 1, "滴屏": 1, "小老弟": 1, "研究": 2, "大型": 2, "飞机": 2, "大幅": 1, "减轻": 2, "重量": 2, "近日": 1, "电视台": 1, "实施": 1, "项": 1, "研发": 1, "称为": 1, "空客": 2, "320": 1, "替代": 1, "信号": 2, "传输": 1, "电缆": 1, "光缆": 1, "波音": 1, "客机": 1, "接近": 2, "吨": 1, "届时": 1, "节约": 1, "石油": 1, "确实": 1, "非同一般": 1, "银行卡": 1, "交通卡": 1, "门禁卡": 1, "会员卡": 1, "翻找": 1, "卡": 2, "忙乱不堪": 1, "卡包": 1, "自动": 1, "选卡": 1, "读卡": 1, "一刷即达": 1, "刷卡": 1, "人生": 1, "减负": 1, "掌上": 1, "钱包": 1, "~": 1, "华": 1, "主题": 1, "ヾ华": 1, "全局": 1, "9.0/9.1": 1, "兔熊": 1, "吃饭": 1, "饭": 1, "ヾ": 1, "内": 1, "707": 1, "微信": 1, "模块": 1, "前排": 1, "收": 1, "拥有": 1, "详见": 1, "置顶": 1, "「": 1, "低产": 1, "」": 1, "⊙": 1, "获取": 1, "方式": 1, "助手": 1, "小羊米": 1, "西表": 1, "白狮虎们": 1, "底包": 1, "圆圆狮": 1, "虎": 1, "苏姝": 1, "超苏": 1, "狮虎": 1, "眼底": 1, "星澄": 1, "宝贝": 1, "52-heart": 1, "爱": 2, "爱新浪​": 1, "看法": 1, "价值": 1, "1/3": 1, "毕竟": 1, "照相": 1, "充电": 1, "超过": 1, "系统": 2, "流畅性": 1, "至少": 3, "业界": 1, "测评": 1, "新机": 1, "媲美": 1, "HMS": 2, "突破": 1, "暴涨": 1, "等于": 3, "爱立信": 1, "诺基亚之和": 1, "千亿": 1, "芯片": 1, "差不多": 1, "高通": 1, "博通": 1, "1000亿": 1, "拆": 1, "思科": 1, "一千": 1, "总体": 1, "6000亿": 1, "解决": 1, "第三": 1, "万亿": 1, "酒鬼": 1, "粉丝圈": 1, "壁纸": 2, "2.0": 1, "问问": 6, "水印": 1, "原图": 1, "抱图": 1, "抱": 1, "自带": 1, "滤镜": 1, "好几": 1, "修图app": 1, "凭手": 1, "感裁": 1, "喜欢": 1, "7": 1, "文案": 1, "做作": 1, "嘈杂": 1, "享受": 1, "音乐": 2, "沉浸式": 1, "音质": 1, "宛如": 1, "移动式": 1, "音乐厅": 1, "地铁": 1, "静静": 1, "感受": 1, "舒缓": 1, "耳间": 1, "流淌": 1, "看完": 1, "忍住": 1, "下单": 1}