{"华为": 51, "三星": 15, "全球": 9, "和解": 8, "：": 12, "专利": 5, "侵权": 3, "纠纷": 3, "系列": 5, "案": 2, "广东": 2, "调解": 3, "结案": 2, "诉讼": 2, "技术": 1, "有限公司": 2, "中国": 3, "投资": 1, "有限": 1, "公司": 9, "涉及": 1, "标准": 2, "系列案": 1, "达成": 3, "内": 3, "交叉": 1, "许可": 2, "框架性": 1, "协议": 1, "提起": 1, "一揽子": 1, "解决": 1, "近日": 1, "陆续": 1, "启动": 1, "案件": 1, "撤诉": 1, "后续": 1, "工作": 5, "O华": 3, "美国": 10, "高管": 4, "发声": 1, "世界": 7, "审查": 7, "评估": 7, "最多": 7, "5月": 4, "7日": 3, "首席": 4, "网络": 9, "安全官": 4, "AndyPurdy在C·SPA": 3, "N": 3, "采访": 4, "永远": 3, "消除": 3, "风险": 3, "缺陷": 3, "都": 7, "识别": 3, "弥补": 3, "世上": 1, "L": 1, "老板": 1, "联播": 3, "秒拍": 6, "视频": 14, "C": 4, "FORCE": 2, "送": 7, "儿童节": 2, "大礼": 1, "！": 16, "抽": 7, "3": 2, "幸运": 1, "粉丝": 1, "1": 4, "获赠": 1, "价值": 1, "1199": 2, "元": 3, "3K": 2, "高清": 2, "USB-C": 1, "显示屏": 2, "赠迷": 1, "HDMI": 2, "转接器": 2, "CF008": 1, "FORC": 1, "ECF011": 1, "夏普": 1, "便携": 1, "显示器": 1, "一线": 1, "直连": 1, "支持": 2, "任天堂": 1, "Switch": 1, "、": 6, "MacBook": 1, "USB": 2, "电脑": 6, "Dex": 1, "PC": 1, "mode": 1, "输出": 1, "设备": 1, "活动": 2, "期间": 1, "品牌": 2, "商城": 1, "CFORCE": 1, ".": 1, "SHOP": 1, "同步": 1, "优惠": 2, "扩展": 1, "直降": 1, "400": 1, "799": 1, "迷你": 1, "关注": 1, "转发": 2, "25号": 1, "开奖": 1, "确保": 1, "礼物": 1, "到手": 1, "买": 3, "幸运儿": 1, "返现": 1, "LC": 1, "官微": 1, "手机": 11, "牛逼": 1, "2万": 1, "块": 1, "...": 2, "没钱": 2, "L笑": 1, "沙雕": 1, "​": 20, "卢伟冰": 1, "Redmi": 1, "学习": 1, "营销": 1, "产品": 1, "命名": 1, "学": 1, "30": 2, "Redmi旗舰": 1, "谦虚点儿": 1, "起跑": 1, "回想": 1, "荣耀": 1, "当初": 1, "抄袭": 1, "小米": 3, "素级": 1, "拷贝": 1, "网红": 2, "版": 5, "101": 1, "上线": 1, "台": 5, "全民": 3, "制作人": 3, "期": 1, "练习生": 2, "12": 1, "小时": 1, "做出": 1, "皮卡丘": 3, "主题": 3, "请": 3, "看完": 1, "@": 8, "杨三金": 1, "吴哈哈": 1, "姐姐": 1, "毛毛阿": 1, "主页": 1, "作品": 1, "评论": 1, "+": 1, "可爱": 1, "OPPO": 3, "Reno1": 1, "P30": 9, "天空": 1, "境": 1, "侦探": 1, "官方": 2, "公仔": 1, "凌美": 1, "&": 1, "限定": 1, "钢笔": 1, "礼盒": 1, "不行": 1, "检阅": 1, "LBigger": 1, "研究所": 1, "900": 2, "光影": 1, "80": 1, "年前": 1, "莱卡": 2, "相机": 3, "镜头": 1, "年代": 1, "感受": 2, "岁月": 1, "恒": 1, "久远": 1, "用光": 1, "皆": 1, "为此": 1, "。。": 1, "摄影": 3, "光": 1, "影征": 1, "途​": 1, "北京": 7, "夜间": 4, "惊现": 5, "飞天": 7, "艺术家": 2, "联合": 2, "创": 2, "呈现": 1, "敦煌": 8, "壁画": 2, "美": 1, "波": 2, "前方": 1, "美图": 2, "舔": 1, "未来": 4, "影像": 4, "三": 1, "款": 2, "HUAWEIMateBook": 1, "机型": 2, "老": 1, "用户": 2, "升级": 2, "Huawei": 1, "Share": 1, "碰传": 1, "功能": 3, "授权": 1, "客户": 1, "服务": 1, "中心": 2, "免费": 1, "体验": 4, "7Pro": 2, "DxOMark": 1, "111分": 2, "拍照": 4, "118": 1, "98": 2, "综合": 1, "分数": 2, "仅次于": 1, "P30Pro": 5, "GalaxyS105": 1, "G版": 4, "推荐": 1, "高人": 1, "团队": 4, "领导": 2, "思维": 1, "回答": 1, "很多": 2, "主持人": 1, "谈谈": 1, "背景": 1, "联邦": 2, "政府": 1, "相关": 1, "AndyPurdy": 2, "很": 4, "长": 1, "时间": 1, "律师": 1, "检察官": 1, "布什": 1, "总统": 1, "RichardClark": 1, "手下": 1, "做事": 1, "国家": 1, "战略": 1, "2003年": 1, "国土": 2, "安全部": 2, "组建": 1, "全文": 1, "接受": 1, "华尔街": 1, "日报": 1, "好奇": 2, "摄影师": 1, "木西": 1, "拍": 3, "一眼": 1, "看穿": 1, "开挂": 1, "机智": 1, "发现": 3, "年轻人": 1, "中年人": 1, "身边": 1, "L老板": 2, "Reno": 2, "晚上": 2, "发人": 1, "P30ProVSOPPO": 1, "对比": 2, "骁龙": 1, "855": 1, "麒麟980": 1, "上期": 1, "节目": 1, "剩下": 1, "本身": 1, "内容": 2, "~": 2, "刚刚": 1, "本来": 1, "图钉": 1, "建议": 1, "明天": 1, "中午": 1, "发": 2, "想": 3, "……": 2, "L小祥": 1, "啰": 1, "啰嗦": 1, "实用": 2, "便捷": 1, "朋友": 1, "太": 1, "分享": 1, "转评": 1, "聊聊": 1, "喜欢": 1, "抽奖": 2, "平台": 3, "随机": 1, "手环": 1, "3Pro": 1, "​O": 1, "详情": 1, "8": 3, "大战": 1, "落": 1, "帷幕": 1, "苹果": 1, "高通": 2, "ios": 1, "安卓": 1, "对抗": 2, "再度": 1, "汇聚": 1, "势力": 1, "5G": 2, "研发": 1, "走": 1, "前列": 1, "赶超": 1, "此次": 1, "占有": 1, "优势": 1, "讲": 1, "大道理": 1, "技巧": 2, "点开": 1, "图片": 1, "条": 1, "涨": 1, "姿势": 1, "保护壳": 1, "漂亮": 1, "卖": 1, "便宜": 1, "京东": 1, "超级": 1, "终端": 2, "直播": 1, "🔚": 1, "荣幸": 1, "主持": 1, "遇见": 1, "夜": 1, "今晚": 1, "巨型": 1, "画卷": 1, "798": 1, "沉浸式": 1, "采用": 1, "HUAWEIP": 1, "夜拍": 1, "夜游": 2, "盛景": 1, "古今": 1, "文化": 1, "碰撞": 1, "传递": 1, "别样": 1, "美学": 1, "北京·798": 1, "艺术": 1, "联想": 4, "发布": 2, "首款": 2, "折叠": 5, "预计": 2, "2020年": 2, "上市": 2, "奥兰多": 1, "Accelerate": 1, "大会": 1, "推出": 1, "新型": 1, "原型机": 1, "整体": 1, "形态": 2, "颇": 1, "白天": 1, "场景": 1, "随意": 1, "转换": 1, "平板": 1, "模式": 3, "观看": 1, "消费": 1, "书本": 1, "适合": 1, "阅读": 1, "带有": 1, "数字": 1, "键盘": 1, "笔记本": 1, "O": 1, "L新浪": 1, "先行者": 1, "计划": 1, "展示": 1, "熟悉": 1, "Mate20X5G": 1, "Reno5G": 1, "vivoNEX5G": 1, "MIX35": 1, "中兴": 1, "AXON10Pro5G": 1, "S105": 2, "现场": 4, "人员": 1, "确认": 1, "S105G": 1, "国行": 1, "版本": 1, "并非": 1, "韩版": 1, "Exynos": 1, "·": 1, "通信": 1, "集团": 1, "": 1, "德系车": 1, "骨折": 2, "豹": 1, "到家": 1, "皂片": 1, "记录": 1, "直出": 1, "修图": 2, "终于": 1, "劳烦": 1, "老婆": 1, "大人": 1, "帮忙": 1, "英国": 1, "造车": 1, "理念": 1, "截然不同": 1, "D级车": 1, "真香": 1, "LAC": 1, "庆舍": 1, "-_-": 1, "二师兄": 1, "王诗奇": 1, "Mr兔​": 1, "支付宝": 1, "压感": 1, "菜单": 1, "自定义": 1, "选项": 1, "长城": 3, "爬": 1, "挺": 1, "好看": 1, "旭": 1, "游记": 1, "旭子": 1, "哈弗H5": 1, "张家口·样": 1, "美股": 1, "暴跌": 1, "腿": 2, "精": 1, "菜尾": 1, "蝗vlog": 1, "莫文蔚": 1, "绝色": 1, "演唱会": 1, "广州": 1, "海心沙": 1, "歌": 2, "听": 1, "爱": 1, "盛夏": 1, "果实": 1, "大合唱": 1, "实在": 1, "过瘾": 1, "广角": 1, "倍": 1, "变焦": 1, "双景": 1, "录制": 1, "十八般武艺": 1, "精莫": 1, "文蔚": 1, "把持": 1, "不住": 1, "VLOG": 2, "大赛": 1, "日常": 1, "L菜": 1, "尾蝗": 1, "旅行": 1, "众多": 1, "重塑": 1, "到底": 1, "回": 1, "同学": 1, "反正": 1, "精彩": 1, "照片": 1, "惊艳到": 1, "DXO一加": 1, "出炉": 1, "排": 1, "总榜": 1, "第三": 1, "118分": 1, "记错": 1, "国内": 1, "引入": 1, "DXO": 2, "概念": 1, "合作": 1, "开发": 1, "高校": 6, "毕业生": 4, "流向": 1, "排名": 2, "前十": 2, "就业": 4, "收割": 2, "上千": 2, "名": 2, "人才": 2, "纵观": 1, "报告": 1, "一个": 1, "意外": 1, "留": 1, "大学": 1, "所在": 1, "省市": 2, "找": 1, "邻近": 2, "发达": 1, "打破": 1, "本地": 1, "规律": 1, "华中科大": 1, "哈工大": 1, "差异": 1, ">": 1, ">O": 1}