{"非遗": 2, "文化": 2, "国货": 1, "品牌": 2, "火花": 1, "金箔": 1, "、": 19, "京绣": 1, "花丝": 1, "苏绣": 1, "云锦融": 1, "佰草集": 1, "蜀锦": 1, "华为": 64, "合二为一": 1, "蓝印": 1, "花布": 1, "三生花": 1, "开花": 1, "苏绣绣": 1, "白猫": 1, "身上": 1, "蜀": 1, "锦贴": 1, "LILY": 1, "商务": 3, "时装": 1, "云锦携": 1, "拉芳": 1, "画": 1, "龙": 1, "...": 4, "6": 1, "高颜值": 1, "限量": 2, "礼盒": 1, "登陆": 1, "天猫": 1, "11": 1, "国潮": 2, "东方": 1, "美学": 1, "货": 1, "带": 2, "回家": 2, "！": 16, "👉O": 1, "网页": 1, "链接": 1, "转发": 1, "抽": 1, "5": 1, "喵粉": 1, "随机": 1, "送": 1, "款": 4, "同款": 1, "非遗礼盒": 1, "风生": 1, "水": 1, "轩妈": 1, "承包": 1, "蛋黄酥": 2, "转fa评lun➕ding单": 1, "收货人": 1, "手机号": 1, "四": 1, "➕": 1, "@": 6, "好友": 1, "赢豪": 1, "礼🎁": 1, "11.22": 1, "开奖": 1, "✌️": 1, "这次": 1, "1": 3, "年份": 1, "烤箱": 1, "扫地": 1, "机器人": 1, "mate30": 2, "！！": 3, "礼全": 1, "记得": 1, "铁子们": 1, "燥": 1, "参加": 1, "方式": 1, "戳评": 1, "lun～": 1, "O抽奖": 1, "详情": 1, "都": 8, "任正非": 6, "颠覆思科": 1, "乔布斯": 1, "颠覆": 2, "IBM": 1, "马喆": 1, "从未": 1, "缺席": 1, "加油": 1, "//": 1, "马喆Ma_zhe": 1, "按说": 1, "资格": 1, "评价": 2, "罗永浩": 5, "落难": 1, "说风凉话": 1, "反思": 1, "资不抵债": 1, "公司": 15, "放在眼里": 1, "苹果": 5, "无知者": 1, "回应": 5, "老赖": 2, "：": 21, "3亿": 3, "债务": 3, "承担": 3, "数千万": 3, "丹阳市": 1, "人民法院": 1, "消费令": 1, "北京": 1, "锤子": 2, "数码": 1, "科技": 4, "有限公司": 1, "消费": 1, "晚间": 1, "发长文": 1, "称": 1, "多时": 1, "欠债": 1, "6个多亿": 1, "10": 2, "掉": 1, "3": 2, "亿": 1, "O罗永浩": 1, "​": 14, "不用": 3, "一块": 2, "美国": 11, "芯片": 2, "生产": 2, "100%": 2, "中国": 14, "产品": 2, "近日": 2, "埃及": 1, "金字塔": 1, "报": 1, "发表": 1, "该报": 1, "总编辑": 1, "阿拉·萨比特": 1, "文章": 2, "对话": 2, "制裁": 2, "阻止": 2, "反而": 2, "受益": 1, "良多": 1, "发展": 1, "员工": 12, "团结": 1, "努力": 1, "工作": 2, "制造": 2, "L": 1, "老板": 1, "联播": 1, "视频": 12, "O": 1, "埃及金字塔报": 1, "美": 7, "城市": 1, "情侣": 2, "沙漠": 5, "寻找": 3, "海": 1, "迷失": 1, "大漠": 1, "找到": 1, "路": 1, "柏林": 3, "电影": 12, "节金": 2, "熊": 4, "奖": 4, "导演": 10, "刁": 4, "亦": 4, "男": 4, "监制": 5, "青年": 5, "任永强": 3, "小强": 2, "作品": 2, "巴丹吉林": 6, "讲述": 2, "奋斗": 2, "心灵": 2, "归途": 2, "故事": 2, "Mate30": 8, "手机": 26, "计划": 2, "影片": 2, "正式": 1, "上线": 1, "见证": 3, "重构": 4, "想象": 8, "L华": 6, "终端": 6, "官方": 6, "白日": 1, "焰火": 1, "斩获": 1, "国际": 1, "电影节": 1, "金": 2, "首次": 2, "携手": 2, "幕后": 1, "藏": 1, "秘密": 1, "揭秘": 1, "制作": 1, "精彩": 3, "瞬间": 1, "5G": 1, "时代": 1, "来临": 1, "系列": 1, "投票": 1, "三星": 8, "裁员": 3, "三分之一": 1, "看好": 2, "11月": 3, "4日": 3, "电子": 2, "承认": 1, "中国区": 1, "10月": 1, "2日": 1, "路透社": 1, "报道": 2, "宣称": 1, "关闭": 1, "华": 1, "一家": 1, "工厂": 2, "广东": 1, "惠州": 1, "原因": 5, "国内": 1, "厂商": 1, "日渐": 1, "崛起": 1, "竞争": 2, "压力": 1, "人工": 1, "成本": 1, "上涨": 2, "事实上": 1, "很": 7, "高端": 1, "中端": 1, "性价比": 1, "黑科技": 1, "小米": 2, "挤压": 1, "之下": 1, "活": 1, "难": 2, "份额": 2, "剩": 2, "1%": 2, "O三星": 1, "败走": 1, "刚": 1, "大裁员": 1, "吊打": 1, "沙特": 1, "全球": 8, "未来": 2, "投资": 3, "倡议": 1, "大会": 1, "跃薪": 1, "智能": 1, "立足": 1, "中华": 1, "有为": 1, "诗": 1, "遇见": 1, "爱": 3, "智慧": 3, "传递": 1, "乌镇": 1, "戏剧节": 1, "一对": 1, "屏": 1, "异地": 1, "隔空": 1, "读诗": 1, "连接": 1, "真实": 1, "屏​": 1, "FASHIONWEEK": 1, "时尚": 8, "壹周": 2, "广州": 5, "W酒店": 5, "潮流": 3, "来袭": 1, "FUNKYFUN奇": 1, "最潮": 1, "爆": 1, "设计": 2, "狂想": 1, "王牌": 1, "保留": 1, "项目": 1, "音乐": 2, "活力": 2, "交织": 1, "融汇": 1, "打造": 2, "酷": 1, "变奏": 1, "派对": 1, "第四": 1, "季": 2, "很多": 4, "高科技": 2, "元素": 1, "Mate305G": 1, "gentlemonster": 1, "炫酷": 2, "眼镜": 1, "动感": 1, "十足": 2, "大堂": 1, "WOOBAR": 1, "众多": 1, "男装": 1, "VASTO": 1, "走秀": 2, "化身": 1, "耀眼": 1, "秀场": 1, "律动": 1, "伴奏": 1, "模特": 1, "时髦": 1, "世界": 2, "创造": 1, "FUNKY": 1, "街头": 1, "风格": 3, "独特": 1, "舞台": 1, "接下来": 1, "尚婚": 1, "礼秀": 1, "WxTESLA": 1, "下午": 1, "茶": 1, "FUNKYWorkshopFUN奇": 1, "工作坊": 1, "活动": 1, "留意": 1, "搞": 1, "事情": 1, "潮人": 1, "聚集地": 1, "职场": 3, "霸凌": 1, "影响": 1, "·": 1, "哈哈哈": 1, "抱": 1, "东北": 1, "心态": 1, "打开": 1, "脸": 1, "懵": 1, "巴丹": 2, "吉林": 4, "安利": 1, "这部": 2, "拍": 6, "秒拍": 3, "研发": 10, "投诉": 2, "食堂": 1, "轮值": 2, "CEO": 2, "徐直军": 2, "回复": 4, "抽调": 2, "帮厨": 2, "三": 2, "伙食": 1, "差": 2, "定价": 1, "服务": 2, "到位": 1, "对此": 2, "为民请命": 1, "干部": 1, "成熟": 1, "实践": 1, "建议": 3, "；": 4, "人员": 6, "葛朗台式": 1, "入物": 1, "一个": 8, "生活": 2, "花钱": 1, "保障": 1, "别人": 3, "百般": 1, "挑剔": 1, "有人": 1, "喜欢": 4, "创始人": 1, "给出": 1, "高度": 2, "认可": 1, "批示": 1, "贡献": 1, "提高": 2, "收入": 1, "改善": 1, "买": 7, "葵司": 1, "手把手": 1, "教": 1, "靓片​": 1, "面试": 6, "谈完": 1, "工资": 1, "开心": 2, "性格": 3, "测试": 4, "淘汰": 5, "听错": 2, "论坛": 1, "帖子": 2, "谈": 3, "薪资": 2, "录用": 2, "这是": 2, "回": 3, "测评": 3, "内网": 1, "显示": 1, "HR": 4, "签": 1, "入职": 2, "30多": 1, "本来": 1, "才": 3, "小时": 3, "告诉": 4, "蒙": 1, "没关系": 1, "做事": 1, "无语": 1, "加班": 3, "回答": 1, "一句话": 1, "形容": 1, "优势": 3, "中看": 1, "这位": 1, "意识": 1, "能力": 2, "考察": 1, "也许": 1, "企业": 2, "冲突": 1, "失误": 1, "把握": 1, "放弃": 1, "机会": 1, "答应": 1, "损失": 1, "经典": 1, "案例": 1, "拿到": 2, "offer": 1, "尤其是": 1, "业绩": 1, "提成": 1, "肯定": 1, "尽量": 1, "忽悠": 1, "网友": 3, "早点": 1, "拖": 1, "浪费": 1, "时间": 3, "太": 2, "不厚道": 1, "求职季": 1, "Mate30Pro5G": 1, "装": 1, "壳": 1, "拆卸": 1, "差评": 1, "脑残粉": 1, "滚出": 2, "？？？": 1, "越南": 2, "女星": 1, "Chipupu": 1, "形象": 1, "代言人": 1, "哭": 1, "零": 1, "梦": 1, "O5号": 1, "晚上": 1, "7点": 1, "微淘": 1, "直播间": 1, "集合": 1, "店铺": 1, "预览": 1, "新品": 2, "抽送": 1, "惊喜": 2, "冬天": 2, "版本": 2, "小香": 1, "样子": 1, "贵": 1, "保暖": 1, "搭配": 2, "绗": 2, "棉夹克": 1, "半裙": 2, "套装": 2, "工艺": 1, "显瘦": 2, "菱格纹": 1, "走线": 1, "内部": 1, "棉分": 1, "均匀": 1, "薄": 1, "穿": 2, "件": 1, "棉服": 1, "蓝色": 1, "淡淡": 1, "复古": 3, "雾霾": 1, "蓝💎": 1, "低饱": 1, "蓝": 1, "显白": 1, "气色": 1, "11/11": 1, "0点": 1, "开拍": 1, "重工": 1, "格纹": 1, "香风": 1, "棉皮": 1, "棒球": 1, "夹克": 1, "+": 3, "女": 4, "预售": 2, "现货": 2, "秒发": 2, "5色": 1, "精品": 1, "220": 1, "克": 1, "quan": 1, "羊绒蝙": 1, "蝠袖": 1, "打底": 1, "衫女": 1, "荷叶": 1, "下摆": 1, "减龄": 1, "少女": 1, "挺阔": 1, "吊带": 1, "黑裙": 1, "3号": 1, "21点-24": 1, "定金": 1, "黑色": 1, "厚底": 1, "牛皮": 1, "平底": 1, "短靴": 1, "颜值": 1, "实力派": 1, "设限": 1, "畅享": 1, "实力": 1, "演绎": 1, "年轻": 1, "寒冷": 1, "李": 1, "健#": 1, "不止": 2, "李健": 1, "演唱会": 1, "健哥": 1, "天天": 2, "HUAWEI": 1, "跪": 1, "放大": 2, "死去活来": 1, "总别": 1, "忘": 1, "打钱": 1, "发布": 4, "头条": 1, "低": 4, "吸富": 3, "一生": 3, "赚钱": 2, "周一": 1, "区块链": 1, "医药": 1, "/": 3, "主板": 1, "放量": 1, "明日": 2, "预设": 1, "冲高": 1, "回落": 1, "观察": 2, "成交量": 1, "强势": 2, "股": 1, "接力": 1, "亏": 1, "钱": 1, "效应": 2, "减缓": 1, "新湖": 1, "中宝": 1, "环球": 1, "印务": 1, "情绪": 2, "标杆": 1, "空间板": 1, "3板": 1, "首板": 2, "数量": 1, "缩小": 1, "修复": 1, "人气": 1, "聚集": 1, "震荡": 1, "区间": 1, "高抛": 1, "吸": 2, "风险": 1, "偏好": 1, "选择": 2, "包板": 1, "涨停板": 1, "套利": 1, "优": 1, "策略": 1, "盘中": 1, "回踩": 1, "主线": 1, "板块": 1, "人气股": 1, "前期": 1, "超跌股": 1, "轮动": 1, "O低": 1, "首部": 1, "拍摄": 5, "专业": 1, "摄影": 2, "团队": 1, "超广角": 1, "提升": 2, "带来": 3, "延时": 1, "画质": 1, "仔细": 1, "夜景": 1, "星空": 1, "平胸": 1, "前阵子": 1, "博主": 1, "大理": 1, "看L": 1, "HUAWEIMate30pro": 1, "影像": 1, "看完": 2, "想": 2, "拿起": 1, "记录": 1, "心境": 1, "探知": 1, "​​​": 1, "公路": 1, "上演": 1, "好戏": 1, "美国商务部": 3, "长3号": 1, "接受": 2, "彭博社": 1, "采访": 2, "达成": 1, "第一": 2, "阶段": 2, "协议": 10, "乐观": 1, "态度": 1, "谈判": 3, "一部分": 3, "商务部": 2, "很快": 4, "颁发": 1, "出口": 4, "许可证": 6, "地点": 3, "包括": 2, "艾奥瓦": 1, "阿拉斯加": 1, "夏威夷": 1, "本月": 1, "签署": 2, "情况": 3, "进展": 2, "自然": 1, "磋商": 1, "略": 1, "推": 1, "确保": 1, "同意": 1, "内容": 1, "正确": 1, "清晰": 1, "详细": 1, "理解": 1, "批准": 3, "执法": 1, "贸易": 2, "收到": 2, "260": 1, "项": 2, "申请": 9, "坦白": 1, "讲": 2, "预计": 1, "请": 2, "做好": 1, "拒绝": 1, "‘": 1, "不久后": 1, "’": 1, "推出": 1, "罗斯": 3, "承诺": 1, "时间线": 1, "类似": 1, "表态": 1, "担忧": 2, "主导": 1, "区域": 1, "经济": 3, "伙伴": 1, "关系": 1, "协定": 1, "RCEP": 2, "亚洲": 1, "依赖": 1, "这不": 1, "自由": 1, "TPP比": 1, "日本": 1, "韩国": 1, "单独": 1, "夸大其词": 1, "低级": 1, "条约": 1, "L凤凰": 1, "王": 1, "Macbook导": 1, "照片": 4, "什么的": 1, "实在": 1, "新疆": 1, "前刚": 1, "到手": 1, "iPhone11pro": 1, "着急": 1, "裸机": 1, "一路": 1, "小心": 1, "新机": 1, "第五": 2, "雪山": 1, "摔": 1, "底朝天": 1, "......心好塞": 1, "朋友": 1, "生意": 1, "换屏": 1, "折呗": 1, "2克孜勒": 1, "苏柯尔克孜": 1, "自治州·喀拉库": 1, "勒湖": 1, "旅游区": 1, "搭载": 1, "麒麟9905G": 1, "7nm+EUV": 1, "处理器": 1, "Mate30Pro": 1, "续航": 2, "表现": 1, "相比4G": 1, "五": 1, "明天": 1, "~": 1, "小白": 1, "数据库": 1, "整点": 1, "播": 1, "每经": 3, "23点": 3, "|": 3, "拥有": 4, "8万": 5, "预研": 5, "费用": 6, "20-30亿": 5, "美金": 5, "捐": 2, "25亿": 3, "美元": 8, "年轻人": 2, "房": 3, "高校": 2, "学生": 2, "驾驶舱": 2, "拍照": 8, "央视": 1, "新闻": 2, "客户端": 1, "第七": 1, "届": 1, "欧洲": 3, "创新日": 1, "巴黎": 1, "董事": 1, "徐文伟": 1, "会上": 1, "透露": 1, "2018年": 1, "投入": 2, "超过": 4, "150亿": 1, "欧盟": 1, "2018": 1, "工业": 1, "排名": 2, "早": 1, "1996年": 1, "占": 2, "10%": 1, "20%": 1, "意味着": 2, "前沿": 1, "基础": 1, "技术": 1, "研究": 1, "现有": 1, "人数": 1, "45%": 1, "库克": 1, "房子": 1, "稳定": 1, "尊严": 1, "CBS": 1, "当天": 1, "捐赠": 1, "应对": 1, "加州": 1, "住房": 3, "危机": 1, "提供": 1, "10亿": 2, "基金": 3, "购房者": 1, "贷款": 1, "援助": 1, "价值": 1, "用于": 1, "建造": 1, "土地": 1, "1.5亿": 1, "湾区": 1, "领导": 1, "开会": 1, "信息": 1, "准O": 1, "长称": 1, "加征": 1, "汽车": 1, "关税": 1, "汽车股": 1, "大涨O": 1, "治癒": 1, "东莞": 1, "台湾": 1, "新意": 1, "兴冲": 1, "冲换": 1, "奔": 1, "翻车": 2, "暗沉": 6, "色彩": 3, "准确": 1, "忍受": 1, "徕卡": 4, "本人": 1, "相机": 2, "好么": 1, "…": 2, "当年": 1, "mate9": 1, "多么": 1, "惨不忍睹": 1, "加上": 1, "变焦": 1, "平滑": 1, "纳闷": 1, "猛吹": 1, "kol": 1, "充值": 1, "吆喝": 1, "跟售": 1, "监测": 1, "硬件": 1, "在场": 1, "机器": 1, "条件": 1, "磨损": 1, "售后": 1, "没法": 1, "解决": 1, "更换": 1, "网上": 2, "愤怒": 2, "半天": 1, "客服": 1, "私信": 1, "沟通": 1, "只能": 1, "抱歉": 1, "体验": 1, "mate30pro": 3, "提出": 1, "质疑": 1, "等到": 1, "改变": 1, "更新": 1, "孩子": 3, "妈妈": 1, "功能": 1, "需求": 1, "每次": 1, "暗": 1, "难受": 2, "白": 1, "爹": 2, "回收": 1, "好歹": 1, "颜色": 1, "一点": 1, "忍": 2, "直忍": 1, "干脆": 1, "黑卡7": 1, "从此": 1, "包": 1, "才能": 1, "弥补": 1, "爸": 1, "妈": 1, "婆婆": 1, "安卓": 1, "措施": 1, "扣": 1, "车": 1, "合适": 1, "一二黑卡": 1, "7全自动": 1, "三四": 1, "mate30pro全": 1, "自动": 1, "黑": 2, "画面": 1, "好意思": 1, "毒": 1, "德味": 1, "改天": 1, "翻": 1, "充电器": 1, "对比": 1, "真的": 1, "省事": 1, "窝火": 1, "绕道": 1, "美企": 1, "纷纷": 2, "供货": 2, "部长": 2, "长罗斯": 1, "周日": 1, "发放": 2, "出售": 1, "零部件": 1, "相关": 1, "政府": 1, "206": 1, "份": 1, "补充": 1, "坦率": 1, "O美企": 1}