{"泰国": 53, "建": 7, "华为": 99, "东南亚": 19, "地区": 19, "5G": 59, "测试": 30, "平台": 28, "路透社": 10, "8日": 8, "消息": 14, "美国": 23, "敦促": 7, "盟友": 8, "禁止": 7, "参与": 6, "建设": 7, "下一代": 6, "网络": 17, "背景": 6, "建立": 15, "报道": 16, "称": 10, "问及": 5, "禁用": 7, "事宜": 5, "接洽": 5, "数字": 6, "经济": 12, "部长": 8, "对此": 5, "一无所知": 4, "​": 12, "建华": 3, "2月": 8, "一个": 11, "5": 4, "G测": 4, "试点": 4, "位于": 5, "春武": 11, "——": 10, "曼谷": 6, "东南": 6, "方向": 6, "90": 6, "公里": 6, "东部": 6, "走廊": 6, "(": 5, "EEC": 6, ")": 5, "核心": 6, "诺基亚": 7, "、": 22, "爱立信": 6, "电信": 13, "运营商": 11, "厂商": 7, "设立": 6, "实验室": 6, "人士": 7, "透露": 6, "AdvancedInfoServicePcl": 6, "TRUE": 6, "接触": 5, "2020年": 6, "12月": 6, "全国": 6, "推出": 10, "当地": 6, "企业": 6, "合作": 7, "伙伴": 7, "关系": 7, "O泰国": 3, "流浪": 12, "地球": 12, "舆论": 3, "境地": 1, "同病相怜": 1, "中国": 19, "PTSD": 7, "患者": 4, "双标": 5, "狂欢": 2, "写": 1, "环境": 1, "影子": 1, "愤慨": 1, "！": 9, "各方": 1, "势力": 1, "抹黑": 1, "众矢之的": 1, "四": 5, "明白": 1, "…": 3, "都": 10, "相关": 1, "领域": 2, "里程碑式": 1, "标杆": 1, "基因": 1, "世界": 4, "赞许": 2, "认可": 2, "人民": 1, "群众": 1, "接受": 2, "狂喷": 3, "真的": 1, "优秀": 3, "●": 2, "公认": 1, "尬吹": 1, "纽约": 1, "时报": 1, "科幻": 3, "电影": 5, "教父": 1, "卡梅隆": 1, "IMD": 1, "b评": 1, "8.1分": 2, "星际": 6, "穿越": 5, "8.6": 1, "全球": 4, "赞誉": 1, "里程碑": 1, "国内": 2, "显微镜": 1, "找": 2, "缺点": 1, "鼓励": 1, "夸赞": 1, "不行": 1, "找到": 1, "答案": 1, "下图": 1, "5和图6": 1, "典型": 2, "国人": 4, "代表": 2, "喷": 2, "科学": 3, "依据": 2, "拼命": 1, "洗地": 1, "纪录片": 3, "科幻片": 1, "导演": 1, "脑洞": 3, "幼儿园": 1, "低级": 1, "错误": 1, "侮辱": 1, "观众": 1, "智商": 1, "……": 3, "气": 1, "想": 3, "骂人": 1, "就要": 3, "拍成": 1, "包括": 3, "及格": 1, "篇": 1, "狂刷": 1, "文章": 1, "确实": 1, "完美": 1, "不要脸": 1, "地步": 1, "媒体": 1, "跪": 1, "太": 1, "数据": 2, "：": 19, "豆瓣": 1, "评分": 2, "9.2分": 1, "8.0": 1, "IMDb": 1, "8.6分": 1, "个中": 1, "原因": 2, "体会": 1, "战狼": 1, "吴京": 1, "PTSD症": 1, "日渐": 1, "崛起": 1, "强大": 1, "打破": 1, "心中": 3, "梦": 1, "内心": 2, "超过": 1, "这是": 1, "构建": 1, "崇美": 1, "价值观": 1, "冲击": 1, "应激": 1, "仔细": 1, "想想": 1, "喜欢": 1, "海外": 1, "难": 2, "救": 2, "军舰": 1, "直升机": 1, "遭遇": 1, "地震": 1, "洪水": 1, "火灾": 1, "军人": 1, "警察": 1, "消防": 1, "爱": 2, "眼看": 1, "一眼": 1, "嫌弃": 1, "祖国": 2, "永远": 1, "丢下": 1, "醒醒": 1, "字": 1, "原罪": 1, "面对": 1, "大规模": 1, "负面": 1, "攻击": 1, "支持者": 1, "发出": 1, "正能量": 1, "声音": 1, "对冲": 1, "支持": 4, "敌人": 1, "极力": 1, "反对": 1, "倾力": 1, "科学家": 1, "眼中": 1, "世界观": 1, "德": 5, "政府": 8, "规范": 6, "达成": 7, "排斥": 6, "德国": 16, "明镜": 5, "周刊": 4, "网站": 1, "7日": 1, "场": 3, "部长会议": 3, "6日": 3, "总理府": 3, "会议": 3, "针对": 3, "外国": 3, "供应商": 3, "监管": 3, "排除": 7, "市场": 5, "讨论": 3, "商定": 2, "修改": 4, "电信法": 2, "内容": 2, "预计": 3, "在外": 2, "O德": 2, "尼罗河": 1, "日出": 1, "手机": 9, "拍摄": 2, "件": 1, "测试点": 2, "环球网": 2, "比切": 2, "奇怪": 1, "赌王": 3, "王石": 1, "岳父": 1, "起家": 1, "大佬们": 1, "扶持": 1, "女婿": 2, "上位": 1, "结婚": 1, "流放": 1, "加拿大": 1, "带崽": 1, "长": 1, "公主": 1, "受困": 1, "估计": 2, "一辈子": 1, "不见": 1, "皱眉": 1, "鸿燊": 1, "住院": 1, "大房": 1, "庄月": 1, "明楼": 1, "德媒": 1, "披露": 2, "近日": 1, "保证": 1, "影响": 1, "O德媒": 1, "新一代": 1, "旗舰": 1, "P30": 11, "系列": 3, "发布": 3, "时间": 1, "外泄": 1, "三月份": 2, "巴黎": 2, "P30Pro": 9, "拍照": 2, "提升": 2, "很": 4, "GSMarena": 1, "波兰": 1, "举办": 1, "发表": 1, "会上": 1, "款": 2, "网传": 1, "独家": 1, "搭载": 1, "索尼": 1, "定制": 2, "IMX607": 2, "感光": 2, "元件": 2, "P20Pro": 1, "见识": 1, "IMX600": 1, "厉害": 1, "升级版": 1, "依然": 1, "独占": 1, "采用": 3, "三": 3, "摄": 2, "方案": 2, "背部": 1, "摄像头": 4, "闪光灯": 3, "布局": 1, "后置": 3, "相机": 1, "系统": 1, "当下": 1, "热": 1, "ToF": 1, "镜头": 1, "用来": 1, "精准": 1, "3D": 1, "绘图": 1, "测量": 1, "距离": 1, "体感": 1, "游戏": 1, "互动": 1, "处理器": 1, "麒麟980": 1, "运行": 1, "基于": 1, "AndroidP": 1, "深度": 1, "EMUI": 1, "9.1": 1, "取消": 1, "3.5": 1, "耳机": 1, "孔": 1, "设计": 3, "猪": 2, "队友": 1, "干": 1, "好事": 1, "外观": 2, "配件厂": 1, "泄露": 3, "保护壳": 2, "品牌": 1, "Spigen": 1, "顺便": 1, "诸多": 1, "细节": 1, "图片": 1, "清晰": 1, "水滴屏": 2, "孔屏": 1, "二者": 1, "背面": 1, "指纹": 2, "识别": 1, "模块": 1, "侧面": 1, "按键": 1, "面积": 1, "也就是说": 1, "屏下": 1, "筐": 1, "区别": 1, "在于": 1, "颗": 2, "排": 1, "纵列": 1, "安置": 1, "一旁": 1, "任正非": 3, "搞": 3, "管理": 2, "聚聚餐": 2, "早期": 1, "重视": 1, "吃": 2, "员工": 1, "到手": 1, "工资": 2, "白条": 1, "绝不": 1, "缺斤短两": 1, "将就": 1, "应付": 1, "搬到": 1, "餐馆": 3, "老板们": 1, "如影随形": 1, "华为人": 1, "凭工卡": 1, "八折": 1, "公司": 1, "心生不平": 1, "吃饭": 1, "打折": 1, "外部": 1, "火": 1, "倒": 1, "O": 1, "网文": 1, "喜剧": 1, "王": 1, "广告": 2, "不少": 1, "荣耀": 1, "植入": 1, "所有人": 1, "女": 1, "主角": 1, "室友": 2, "为人": 1, "虚伪": 1, "占": 1, "小便宜": 1, "势利眼小人": 1, "漂亮": 1, "外表": 1, "全蛋": 1, "Low": 1, "字幕": 1, "中文": 1, "俗": 1, "英文": 1, "翻译": 1, "cheap": 1, "这位": 1, "名字": 1, "小米": 1, "巧合": 1, "深意": 1, "@": 5, "雷军​": 1, "美國": 11, "強盜": 3, "國家": 2, "ㄧ般": 1, "司法部": 2, "什麼": 1, "比例": 1, "原則": 1, "處": 1, "敲詐": 3, "外國": 1, "企業": 3, "每次": 2, "理由": 1, "掰": 1, "冠冕堂皇": 1, "金額": 1, "天文": 1, "數字": 1, "法國": 1, "阿爾斯東德國": 1, "德意志": 1, "銀行": 1, "台灣": 1, "聯電": 1, "兆豐": 1, "中國": 1, "大陸": 2, "華爲": 1, "中興": 1, "爲": 1, "門": 5, "法治部": 1, "勒索": 1, "金錢": 1, "稅務部": 1, "幫": 2, "美": 1, "國律": 1, "師業": 1, "拉進": 1, "高額": 1, "生意": 1, "業務部": 1, "法院": 1, "高薪": 1, "獎金": 1, "福利部": 1, "美軍": 1, "武力": 1, "石油": 1, "美元": 1, "霸權": 2, "撐": 1, "這": 1, "強": 1, "盜事": 1, "業然候": 1, "傳媒": 1, "力量": 1, "搶劫": 1, "發作": 1, "斯德哥爾摩症": 1, "讓": 1, "講話": 1, "還": 2, "美國人": 1, "攻擊": 2, "明顯": 1, "案例": 1, "兆": 3, "豐": 3, "罰": 1, "很多": 1, "億元台": 1, "灣沒": 1, "有人": 2, "質疑": 1, "罰錢": 1, "正當性": 1, "卻ㄧ": 1, "骨腦": 1, "沒有": 1, "會": 1, "視": 1, "故意": 1, "編造": 1, "罪狀": 1, "專程": 1, "跑去": 1, "生子": 1, "彭文": 1, "開動": 1, "電視": 1, "節目": 1, "整天": 1, "修理": 1, "國": 1, "中興案": 1, "時": 1, "樣": 1, "ㄧ堆": 1, "幸災": 1, "樂禍": 1, "歌頌": 1, "法治": 1, "現": 1, "華爲案": 1, "才": 1, "漸漸": 1, "看清": 1, "本質O": 1, "网页": 1, "链接": 1, "台湾": 1, "·": 1, "台北": 1, "春运": 1, "返程": 1, "高峰": 1, "逃": 1, "人山人海": 1, "充电": 3, "线": 1, "解锁": 1, "姿势": 1, "Mate20": 2, "Pro": 1, "15W": 1, "无线": 1, "快充": 1, "随手": 1, "放": 1, "一触充电": 1, "拘束": 1, "轻松": 1, "L华": 1, "官方": 1, "秒拍": 2, "视频": 5, "配件": 1, "曝光": 1, "昨日": 2, "对外": 1, "台": 2, "测试台": 2, "引述": 2, "社会": 2, "披切": 2, "该国": 1, "担心": 1, "产品": 3, "「": 2, "」": 2, "知情": 1, "电讯": 1, "营运商": 1, "磋商": 1, "商报": 1, "部会": 1, "开会": 1, "国家": 3, "外交": 1, "潜力": 1, "进度": 1, "层面": 1, "通盘": 1, "考量": 1, "设备": 3, "官员": 1, "基地": 1, "毕竟": 1, "享有": 1, "领先": 2, "地位": 1, "欧洲": 3, "副总裁": 1, "刘康": 1, "布鲁塞尔": 2, "新春": 1, "酒会": 1, "近期": 1, "政界": 1, "毫无": 1, "指控": 1, "感到": 1, "震惊": 1, "可笑": 1, "刘": 1, "康": 1, "从未": 1, "发生": 1, "事件": 1, "监督": 1, "建议": 1, "开设": 1, "中心": 1, "由此可知": 1, "解决": 1, "一部分": 2, "科技": 1, "智库": 1, "专家": 1, "付出": 1, "代价": 1, "品质": 1, "对手": 1, "6": 1, "1": 2, "芬兰": 1, "据说": 1, "落后": 2, "程度": 1, "彭博": 1, "内部": 1, "文件": 1, "警告": 1, "拼": 1, "有闲": 1, "钱": 1, "人间": 2, "值得": 2, "幸福": 2, "HUAWEIHiAI": 1, "IDE": 1, "便捷": 1, "操作": 1, "灵活": 1, "拓展": 1, "助力": 1, "开发者": 2, "快速": 1, "上手": 1, "工作": 1, "高效": 1, "才能": 1, "生活": 1, "关注": 4, "联盟": 1, "转评": 1, "抽送": 1, "蓝牙": 2, "耳": 1, "副": 1, "抽奖": 1, "P30pro": 1, "这样子": 1, "第一": 1, "老": 2, "境内": 1, "ThisFriday": 1, "Huaweilauncheda5GtestbedinThailand": 1, "eventhoughtheU.S.hadurgeditsalliesnottobuildmobilenet": 1, "works": 1, "withcompany.ThisisHuawei": 1, "’": 1, "sfirst5GtestbedinSout": 1, "heastAsia": 1, ".": 3, "ThecooperationwithHuaweidoesnotmean": 1, "Thailandisnot": 1, "concernedaboutsecurityissues,MinisterofDigitalEconomyPichetDurongkaverojtold": 1, "Reuters": 1, "峨眉": 1, "印象": 1, "3": 1, "mate20pro": 1, "苹果": 1, "低温": 1, "冻关": 1, "机📴": 1, "感受": 2, "pro-19•C雪": 1, "全新": 1, "打开": 1, "方式": 1, "北方": 1, "极寒": 1, "必备": 1, "佳品": 1, "牛": 2, "L宋": 1, "敬亭": 1, "周五": 1, "30多": 1, "商业": 2, "合同": 2, "未": 1, "签署": 1, "一路": 2, "陪行": 1, "年轻": 1, "离开": 1, "家乡": 1, "外面": 1, "走过": 1, "千山万水": 1, "从此": 1, "家成": 1, "远方": 2, "来得及": 1, "温暖": 1, "匆匆": 1, "踏": 1, "行程": 1, "父母": 2, "牵挂": 1, "感恩": 1, "牺牲": 1, "给予": 1, "前行": 1, "动力": 1, "+": 1, "评论": 1, "聊聊": 1, "抽": 1, "送": 1, "小天鹅": 1, "音箱": 1, "​​": 2, "易烊": 3, "千玺助梦": 1, "小将": 1, "燃动": 1, "冰雪": 1, "大佬": 1, "TFBOYS": 1, "千玺": 1, "想念": 1, "舞台": 1, "跳舞": 1, "七千万": 1, "粉丝": 1, "福利": 1, "TheChans": 1, "千": 1, "玺": 1, "站": 1, "侵歉": 1, "删": 1, "L烊": 1, "0123": 1, "​​​": 1, "内": 2, "说法": 3, "处在": 2, "试验": 2, "阶段": 2, "切·杜龙卡": 2, "韦罗": 2, "观察": 1, "确认": 1, "否认": 1, "": 1, "头条": 1, "无惧": 2, "围堵": 1, "参建": 1, "禁令": 1, "处于": 1, "编辑": 1, "飒扬": 1, "来源": 1}