{"世界": 3, "三": 4, "手机": 17, "：": 6, "苹果": 5, "安卓": 1, "华为": 57, "​": 15, "伟创力": 5, "扣押": 2, "4亿": 2, "物料": 2, "设备": 5, "索赔": 2, "数亿": 2, "美国": 17, "列入": 4, "实体": 2, "清单": 2, "中国": 26, "损失": 1, "拉入": 1, "黑名单": 3, "关闭": 1, "工厂": 1, "裁员": 1, "一万": 1, "发": 7, "律师函": 1, "！": 17, "本周五": 1, "鸿蒙": 5, "初": 1, "概念股": 7, "涨疯": 2, "……": 3, "媒体": 3, "报道": 6, "8月": 8, "9日": 4, "开发者": 5, "大会": 5, "期间": 1, "公布": 4, "系统": 5, "10日": 1, "首款": 1, "搭载": 1, "荣耀": 2, "智慧屏": 1, "发布": 1, "站上": 1, "风口": 2, "6日": 1, "电连": 2, "技术": 5, "、": 32, "福蓉": 2, "科技": 5, "隆利": 1, "逆势": 1, "涨停": 2, "沪电": 1, "股份": 2, "*": 1, "ST凡谷": 1, "方邦": 1, "光弘": 1, "金域": 1, "医学": 1, "生益": 1, "7": 1, "股价": 1, "大涨": 1, "超": 1, "100%": 1, "O8月": 1, "新德里": 1, "路透社": 2, "知情": 1, "人士": 2, "透露": 2, "告知": 1, "印度": 5, "阻止": 2, "公司": 7, "该国": 1, "业务": 3, "警告": 2, "经营": 1, "影响": 1, "不用": 1, "5G": 10, "制裁": 2, "本周": 1, "首秀": 1, "正式": 1, "今日": 1, "午后": 1, "板块": 1, "反弹": 1, "走强": 1, "截至": 1, "收盘": 1, "因赛": 1, "集团": 1, "华阳": 1, "国际": 1, "宇环": 1, "数控": 1, "股": 2, "据悉": 1, "11日": 1, "2019年": 1, "东莞": 2, "松山湖": 2, "本次": 1, "会议": 1, "落地": 1, "万物": 1, "互联": 1, "升起": 1, "见证": 2, "全球": 4, "终端": 6, "产业": 5, "革命性": 1, "体验": 2, "降临": 1, "主题": 3, "重点": 2, "物联网": 2, "AI": 1, "聚焦": 1, "场景": 1, "智慧化": 2, "市调": 1, "机构": 1, "StrategyAnalytics": 1, "数据": 3, "显示": 3, "第二": 3, "季度": 1, "出货量": 1, "5870万": 1, "去年": 1, "同期": 1, "8.3%": 1, "市场占有率": 1, "同比": 1, "1.7%": 1, "优于": 1, "排名": 1, "国联": 1, "证券": 2, "指出": 1, "上半年": 1, "业绩": 1, "趋稳": 1, "在手": 1, "50": 6, "商用": 1, "合同": 1, "累计": 1, "发货": 1, "超过": 1, "15万": 1, "基站": 1, "通信": 1, "设备商": 1, "半年报": 1, "景气": 1, "周期": 1, "即将": 1, "到来": 1, "中长期": 1, "基建": 1, "提及": 1, "人工": 1, "智能": 3, "工业": 1, "互联网": 1, "方向": 1, "L": 3, "新浪": 1, "视频": 10, "林毅夫": 1, "糟糕": 1, "情况": 1, "将来": 1, "企业": 2, "maoyi": 1, "举国": 1, "加上": 1, "盟友": 1, "打压": 10, "——": 2, "都": 9, "华": 1, "Exclusive:ChinawarnsIndia": 1, "reversesanctions'if": 1, "Huawe": 1, "iisblocked-sources-": 1, "Reuters​": 1, "7号": 1, "集合": 1, "老规矩": 1, "赞": 1, "评论": 1, "1": 1, "iPhoneXsmaxO": 1, "网页": 30, "链接": 29, "iPhoneXsO": 1, "iPadMiniO": 1, "P30O": 1, "Nova5ProO": 1, "魅族": 1, "16XsO": 1, "AirPodsO": 1, "放肆": 1, "锦鲤": 1, "大礼包O": 2, "7777": 1, "块": 7, "O": 9, "5000": 4, "3000": 1, "2000": 1, "1314": 1, "高中": 1, "奖率": 1, "活动": 1, "阿玛尼": 1, "405O": 1, "SK-II": 1, "TFBOYS": 1, "门票": 1, "戴森": 1, "吹风机O": 1, "链接i": 1, "Reader": 1, "阅读": 2, "器O": 2, "100": 1, "京东卡O": 1, "巧克力": 1, "礼盒O": 1, "电动": 1, "牙刷O": 1, "蓝牙": 2, "音箱": 1, "耳机O": 1, "行李箱O": 1, "防晒霜O": 1, "面包": 1, "机O": 1, "稳定": 1, "": 1, "TA": 2, "晚安": 2, "歌曲": 2, "千千万万": 1, "歌": 4, "发行": 1, "很多": 4, "听": 2, "音乐": 1, "反复": 1, "喜欢": 3, "轻易": 1, "尝试": 2, "转评": 1, "聊聊": 1, "列表": 1, "小云": 1, "随机": 1, "抽": 1, "送": 1, "一个": 2, "自拍杆": 1, "​O": 1, "抽奖": 1, "详情": 1, "用户": 6, "高富帅": 1, "贫困线": 1, "小米": 2, "白领": 1, "OV": 2, "主妇": 1, "品牌": 1, "画像": 2, "争议": 1, "话题": 1, "爵士": 1, "屌丝": 1, "厂妹": 1, "土豪": 1, "网友": 2, "调侃": 2, "毕竟": 2, "才": 4, "真理": 1, "这不": 1, "领先": 1, "服务": 3, "平台": 2, "国内": 1, "第三方": 1, "全景": 1, "MobData": 1, "份": 1, "市场": 1, "报告": 1, "统计": 1, "杭州": 2, "女子": 1, "买": 1, "变焦": 9, "功能": 4, "强大": 4, "随手": 2, "拍": 6, "对面": 1, "邻居家": 3, "一清二楚": 2, "想想": 2, "后怕": 1, "姜": 3, "女士": 3, "刚": 2, "P30pro": 2, "惊喜": 1, "拍照": 4, "高达": 1, "倍": 8, "数码": 1, "担忧": 1, "隐私": 3, "开到": 1, "斜对面": 1, "邻居": 2, "家里": 1, "远处": 1, "别人": 1, "车库": 1, "车牌": 1, "为此": 1, "半": 2, "提醒": 1, "条": 1, "朋友圈": 1, "温馨": 1, "提示": 1, "隔壁": 1, "保护": 1, "拉": 1, "窗帘": 2, "算是": 1, "在家": 1, "出门": 1, "有人": 1, "很": 3, "远": 3, "地方": 1, "可怕": 1, "钱": 1, "报": 1, "记者": 4, "拿到": 1, "台": 1, "实测": 1, "效果": 1, "确实": 1, "30": 2, "米": 3, "拍到": 2, "细节": 1, "车牌号": 1, "交通": 1, "提示语": 1, "办公室": 1, "实验": 1, "10": 2, "坐": 1, "位置": 1, "同事": 1, "电脑": 4, "屏幕": 1, "采写": 1, "新闻": 2, "信息": 1, "100米": 1, "横幅": 2, "5": 1, "拍摄": 2, "放大": 1, "图片": 1, "字": 2, "清晰": 1, "发现": 3, "手持": 1, "晃动": 2, "难以": 1, "意味着": 1, "担心": 4, "距离": 1, "偷拍": 2, "困难": 1, "镜头": 1, "之间": 1, "关系": 1, "P30": 4, "发售": 1, "网友们": 1, "热议": 1, "望远镜": 1, "入门": 1, "级别": 1, "长焦": 2, "相机": 2, "陈": 1, "对此": 2, "不以为然": 1, "宋": 2, "拿来": 1, "隐蔽": 1, "入手": 1, "透过": 1, "电视": 1, "播放": 1, "内容": 1, "钱江": 1, "晚报": 1, "蒋慎敏": 1, "雄文": 1, "首次": 1, "深度": 1, "解读": 1, "方舟": 2, "编译器": 2, "值得": 1, "软件": 1, "行业": 3, "科技界": 1, "从业者": 1, "收藏": 1, "O华": 1, "新贵": 1, "荣光": 1, "使命​": 1, "想象": 1, "飞行员": 2, "自带": 1, "光环": 1, "蓝天": 1, "碧海": 1, "相伴": 1, "海上": 1, "搜救": 1, "@": 5, "舒克": 1, "宋寅": 2, "穿越": 1, "乌云": 2, "之下": 1, "风浪": 1, "巅": 1, "寻找": 1, "生命": 1, "起落": 1, "意义": 1, "答案": 1, "影像": 3, "L华": 4, "官方": 3, "玩点": 1, "酷": 3, "哪吒": 3, "真的": 1, "太": 1, "朋友": 1, "秒拍": 1, "想": 2, "找": 1, "图来": 1, "壁纸": 1, "动漫": 1, "游戏": 1, "🉑": 1, "封锁": 4, "生产": 2, "质量": 2, "美": 2, "经贸": 2, "摩擦": 2, "持续": 3, "陆续": 2, "封杀": 2, "中兴": 2, "复旦": 2, "大学": 2, "研究院": 2, "院长": 2, "张维为": 2, "中国人": 2, "憋": 2, "劲": 2, "赶超": 2, "通讯": 2, "2G": 2, "标准": 6, "3G": 2, "开启": 3, "4G": 2, "走": 2, "最前沿": 2, "新兴": 2, "佼佼者": 2, "强国": 2, "学堂": 2, "共青团": 2, "中央": 2, "青年报": 2, "拥有": 1, "控制": 1, "涨": 1, "知识": 1, "美的": 1, "风景": 1, "救援": 1, "阳光": 1, "穿破": 1, "点亮": 1, "广阔": 1, "海面": 1, "一刻": 1, "光芒": 1, "记录": 1, "说出": 1, "心里话": 1, "坚定": 1, "希望": 1, "活成": 1, "束": 1, "不畏": 1, "挑战": 1, "负": 1, "期待": 3, "未来": 1, "L舒克": 1, "称": 1, "辣鸡华": 1, "这辈子": 1, "碰": 1, "原因": 1, "竟然": 1, "…": 1, "创新": 1, "初心": 1, "HDC2019": 1, "迎接": 1, "全新": 1, "IoT": 1, "P30Pro": 3, "降到": 1, "4988": 1, "元": 4, "20Pro": 1, "三星": 1, "GalaxyS10": 1, "OPPO": 1, "Reno10": 1, "焦版": 1, "相比": 1, "心目": 2, "内": 2, "李嘉诚": 5, "骂": 1, "捧": 1, "柳传志": 3, "任正非": 5, "放": 1, "在一起": 1, "最终": 1, "赚钱": 2, "远远": 1, "好于": 3, "；": 2, "规模": 1, "口碑": 1, "实业": 2, "见长": 1, "仅仅": 1, "2018年": 1, "1015亿": 1, "人民币": 2, "研发": 4, "费用": 2, "10年": 1, "接近": 1, "4000亿": 1, "地产": 1, "老李": 1, "无所谓": 1, "老柳": 1, "舍不得": 1, "差距": 1, "就此": 1, "显现": 1, "神化": 1, "盖": 1, "房子": 1, "开店": 1, "生意人": 1, "楷模": 1, "人类": 1, "来讲": 1, "价值": 1, "贡献": 1, "遇见": 1, "刻": 1, "坚信": 1, "吸引力": 1, "法则": 1, "7日": 1, "nova5": 2, "Pro星": 1, "耀": 2, "限定": 2, "礼盒": 1, "甜蜜": 2, "开售": 1, "助攻": 1, "Get": 1, "!": 1, "​​​": 1, "汇丰": 10, "银行": 9, "CEO": 7, "辞职": 3, "配合": 5, "政府": 7, "外媒": 1, "周一": 2, "任职": 2, "18": 2, "范宁": 2, "JohnFlint": 2, "董事会": 4, "达成": 2, "协议": 2, "辞去": 2, "职": 2, "CNN": 2, "主席": 2, "MarkTucker": 2, "拒绝": 2, "做出": 2, "表态": 2, "信心": 2, "支持": 2, "经济": 2, "发展": 2, "此前": 2, "司法部": 2, "起诉": 2, "同意": 2, "罗织": 2, "证据": 2, "导致": 2, "孟晚舟": 2, "加拿大": 2, "抓": 2, "不久前": 2, "访谈": 2, "确认": 2, "此事": 2, "明星": 3, "微信": 2, "聊天": 1, "iPhone": 2, "博文": 1, "截": 1, "肯定": 2, "估计": 1, "第一": 1, "机会": 1, "第三": 1, "不住": 1, "手": 1, "基本仓": 1, "旅游": 1, "调仓": 1, "科技股": 1, "股神": 1, "空仓": 1, "仓位": 1, "挺": 1, "吃面": 1, "留": 1, "空间": 1, "日报": 1, "O汇丰": 1, "神奇": 1, "爱情": 2, "原力": 1, "席卷": 1, "越来越": 1, "这次": 1, "甜蜜粉": 1, "亦": 1, "非浓郁红": 1, "炽热": 1, "珊瑚": 2, "橙": 4, "风破": 1, "浪": 1, "热恋": 3, "升温": 1, "许下": 1, "永久": 1, "诺": 1, "Pro": 1, "橙星": 1, "版": 1, "化身": 1, "情侣": 1, "密码": 1, "酷炫": 1, "表白": 1, "方式": 1, "传达": 1, "炙热": 1, "爱意": 1, "nova5Pro": 1, "高光": 1, "时刻": 1, "炽烈": 1, "点击O": 1, "七夕": 1, "台媒": 1, "海思": 5, "全力": 2, "开发": 4, "芯片": 6, "包括": 2, "CPU": 3, "GPU": 2, "电子": 1, "时报": 1, "旗下": 1, "设计": 1, "多种": 1, "系列": 1, "多媒体": 2, "半导体": 1, "解决": 1, "方案": 1, "偏重": 1, "运算": 1, "O台媒": 1, "GPU​": 1, "投稿": 1, "堆": 1, "明明": 1}