{"央视": 5, "锐评": 13, "赞华": 2, "精神": 6, "：": 52, "正是": 7, "中国": 29, "攀登": 6, "科技": 8, "高峰": 6, "力量": 7, "所在": 9, "新闻": 11, "联播": 9, "19日晚": 2, "刊播": 4, "国际": 8, "华为": 129, "绝地": 6, "反击": 6, "居安思危": 11, "指出": 4, "面对": 4, "超级大国": 4, "挥出": 3, "封杀": 4, "大棒": 4, "公司": 20, "启用": 8, "花费": 4, "十余": 4, "投入": 3, "研发": 7, "备用": 7, "方案": 7, "确保": 4, "大部分": 4, "产品": 7, "战略": 8, "连续": 4, "供应": 6, "显示": 4, "远见": 4, "、": 15, "未雨绸缪": 3, "底线": 3, "思维": 3, "坚忍不拔": 4, "攻坚克难": 3, "奋斗": 4, "豪情": 4, "企业": 9, "企业家": 3, "L": 3, "任正非": 33, "接受": 14, "媒体": 6, "采访": 11, "美国": 54, "封锁": 8, "影响": 16, "有限": 4, "5月": 12, "18日": 7, "禁令": 13, "增长": 10, "预计": 8, "放缓": 6, "营收": 6, "年率": 3, "低于": 5, "20%": 5, "2014-2018年": 4, "销售": 7, "收入": 5, "复合": 4, "年均": 4, "增长率": 4, "26%": 4, "这是": 3, "首次": 6, "称": 23, "从未": 1, "触犯": 1, "法律": 13, "事情": 2, "供应商": 8, "提供": 1, "芯片": 18, "为此": 4, "不大": 6, "联想": 62, "未": 21, "断供": 35, "保密柜": 1, "备胎": 2, "转正": 1, "#O": 1, "！": 9, "记得": 1, "三年": 1, "幕": 1, "今晚": 1, "攻坚克": 1, "难": 1, "……": 1, "不由得": 1, "想起": 1, "中时": 1, "2016年": 1, "新浪": 2, "财经": 1, "秒拍": 3, "视频": 3, "声明": 19, "追究": 12, "造谣者": 12, "责任": 12, "@": 6, "集团": 26, "发表": 3, "经查": 7, "供货": 15, "网上": 7, "不实之词": 7, "谣言": 14, "传播者": 8, "连夜": 10, "取证": 10, "诉诸": 8, "手段": 8, "​": 6, "深夜": 7, "回应": 12, "供华": 3, "昨日": 1, "网友": 4, "曝光": 1, "切断": 2, "服务器": 5, "办公": 6, "电脑": 7, "对此": 4, "官方": 1, "发布": 8, "表达": 1, "支持": 3, "多事之秋": 2, "共度": 2, "难关": 2, "起底": 1, "海思": 2, "28年": 1, "发家史": 1, "1990年": 1, "徐文伟": 1, "大徐": 1, "深圳": 2, "鼎鼎大名": 1, "港资": 1, "亿利达": 1, "高速": 1, "激光": 1, "打印机": 1, "开发": 3, "电路": 1, "设计": 3, "汇编": 1, "语言": 1, "强项": 1, "1991年": 1, "杰出": 2, "硬件": 1, "能力": 1, "隔壁": 1, "一家": 1, "名叫": 1, "startup一眼": 1, "看中": 1, "老板": 6, "忽悠": 1, "得意": 1, "地带": 1, "客人": 2, "参观": 1, "EDA": 2, "实验室": 2, "很": 5, "年轻": 1, "工程师": 2, "百无聊赖": 1, "之际": 1, "玩玩": 1, "Windows": 1, "自带": 1, "挖": 3, "地雷": 2, "有次": 1, "正爽": 1, "撞见": 1, "担心": 1, "玩": 1, "游戏": 1, "病毒": 1, "无言以对": 1, "有才": 1, "家伙": 1, "门口": 1, "条子": 1, "重地": 1, "闲人": 1, "免入": 1, "从此": 1, "带": 1, "玻璃": 1, "窗外": 1, "指指戳戳": 1, "放心": 1, "O": 5, "网页": 1, "链接": 1, "度": 2, "美方": 2, "做好": 6, "近日": 3, "创始人": 2, "透露": 1, "①": 1, "高通": 3, "出售": 3, "；": 7, "②": 1, "违法": 1, "③": 1, "改变": 2, "管理": 1, "监管": 3, "④": 1, "禁止": 1, "业务": 4, "长期": 1, "前景": 1, "信心": 1, "小幅": 1, "补充": 2, "年度": 1, "略": 1, "⑤": 1, "接二连三": 1, "威胁": 1, "贸易": 5, "伙伴": 2, "政策": 2, "冒险": 2, "信誉": 2, "⑥": 1, "否决": 1, "本土": 1, "生产": 5, "5G": 7, "设备": 10, "请求": 4, "新闻O": 1, "凌晨": 13, "回归": 4, "消息": 5, "率先": 3, "今日": 2, "19日": 5, "1点": 2, "O联想": 5, "背后": 2, "造谣": 3, "华为者": 2, "发文": 6, "道歉": 5, "评价": 3, "建立": 3, "员工": 3, "回复": 3, "基础": 6, "传出": 1, "随后": 1, "知乎": 3, "认证": 1, "香港": 1, "大学": 1, "纳米": 1, "科学技术": 1, "博士": 1, "灰机": 3, "证实": 2, "断货": 1, "发出": 2, "本帖": 2, "删除": 2, "关注": 2, "事件": 3, "O知乎": 1, "否认": 4, "发声": 7, "传谣者": 2, "正式": 1, "传言": 2, "新华": 1, "万众一心": 2, "中华": 1, "有为": 1, "滥用": 3, "国家": 6, "蓄意": 1, "抹黑": 1, "打压": 2, "竟然": 1, "紧急": 1, "状态": 1, "滑天下之大稽": 1, "霸凌": 1, "行径": 1, "合乎": 1, "市场": 3, "规则": 1, "公平": 1, "原则": 1, "相关": 5, "答案": 1, "都": 4, "No": 3, "得道多助": 1, "失道寡助": 1, "做法": 1, "不得人心": 1, "中国人": 1, "向来": 1, "惹事": 1, "也许": 1, "凤凰": 1, "涅槃": 1, "弯道": 1, "超车": 1, "良机": 1, "忧劳": 1, "兴国": 1, "自强不息": 1, "无惧风雨": 1, "德媒": 2, "后门": 5, "找到": 3, "思科": 4, "发现": 6, "10": 4, "16日": 2, "德国": 8, "每日镜报": 3, "刊发": 3, "文章": 7, "欧洲人": 2, "盲从": 5, "特朗普": 2, "政府": 3, "举措": 2, "电信": 4, "巨头": 2, "中兴": 4, "厂商": 2, "排除": 2, "呼吁": 3, "欧洲": 3, "政客们": 2, "联邦": 3, "网络局": 2, "局长": 2, "JochenHomann": 2, "适用于": 2, "所有人": 2, "未来": 2, "建设": 2, "各国": 2, "立场": 2, "中立": 2, "网络": 2, "专家": 2, "讨论": 2, "冲突": 2, "砝码": 2, "O德媒": 1, "2013年": 3, "至今": 3, "出口": 3, "当地": 4, "时间": 3, "日媒": 1, "有事": 1, "wouldbe": 1, "fine": 1, "管理层": 1, "slightly": 1, "恐吓": 1, "一个": 3, "剥夺": 1, "赴": 1, "投资": 1, "意愿": 1, "说道": 1, "O华": 1, "总裁": 3, "美": 2, "卖": 2, "中午": 1, "心声": 1, "社区": 1, "兼": 1, "日本": 1, "当天": 1, "总部": 2, "依赖": 1, "供应链": 1, "硅谷": 3, "司": 4, "这几天": 2, "36": 1, "小时": 2, "眼": 1, "全功率": 1, "发货": 3, "纯": 1, "美帝": 3, "客户": 4, "昨天": 1, "礼拜五": 1, "通宵": 1, "眠": 1, "成品": 2, "半成品": 1, "买": 1, "魔幻": 1, "sb川普": 1, "搞": 2, "打击": 1, "占": 1, "惨": 1, "器件": 2, "做生意": 1, "百分之三四十": 1, "大厂": 1, "股票": 1, "跌": 1, "百分之二十多": 1, "情况": 1, "实话": 2, "•": 1, "简直": 1, "报复性": 1, "国内": 1, "售前": 1, "睡觉": 1, "拼命": 1, "签单": 1, "本来": 1, "流程": 1, "一个半": 1, "三": 1, "签": 4, "轮班": 1, "才能": 1, "吐槽": 1, "懒货": 1, "办公室": 2, "命": 1, "加班": 1, "搞好": 1, "马上": 1, "就算": 1, "起码": 1, "八九不离十": 1, "放下": 1, "交付": 1, "干活": 1, "交": 2, "有种": 1, "错觉": 1, "感脚": 1, "世界": 1, "人民": 1, "大团结": 1, "停止": 2, "昨晚": 1, "环球": 1, "时报": 1, "英文版": 1, "记者": 1, "获悉": 1, "针对": 2, "下达": 1, "新闻L": 1, "何庭波": 2, "记住": 1, "名": 1, "女士": 1, "入选": 1, "2019年": 1, "十大": 1, "感动": 1, "人物": 1, "日经": 1, "局部": 1, "O禁令": 1, "小​": 1, "发": 1, "全文": 1, "不明": 1, "势力": 1, "舆论": 1, "攻击": 1, "发起": 1, "广度": 1, "深度": 1, "远": 1, "超": 1, "商业": 1, "竞争": 1, "汇报": 1, "勿": 1, "PC": 2, "服务": 5, "遵守": 3, "地区": 3, "合规": 3, "条例": 3, "持续": 3, "多年": 1, "审查": 1, "英国": 1, "信息": 1, "欧盟": 1, "委员会": 1, "机构": 1, "漏洞": 1, "(": 3, ")": 3, "提到": 1, "约亨·霍曼": 1, "围战": 2, "科技史": 2, "悲壮": 2, "长征": 1, "四亿": 1, "美金": 1, "费用": 1, "两万": 1, "授命": 1, "建造": 1, "诺亚": 1, "方舟": 1, "培养": 1, "操作": 1, "系统": 1, "制裁": 1, "再次": 1, "敲响": 1, "警钟": 1, "产业": 1, "推至": 1, "风口浪尖": 1, "正视": 1, "AI": 1, "时代": 1, "机遇": 1, "想要": 1, "芯": 1, "年代": 1, "长征​": 1, "事实": 1, "激化": 1, "用户": 1, "辟谣": 1, "作者": 1, "联播L": 1, "每日": 1, "经济": 1}