{"美国": 71, "拟": 6, "立法": 13, "承认": 10, "华为": 89, "专利": 23, "国家级": 6, "泼皮": 4, "现身": 6, "：": 22, "有人": 4, "想": 5, "耍赖": 4, "明抢": 5, "！": 15, "路透社": 9, "共和党": 4, "偏执": 3, "激进": 3, "华": 4, "政客": 3, "卢比奥": 9, "昨天": 4, "居然": 4, "提出": 5, "修改": 2, "国防": 5, "授权法": 2, "禁止": 5, "视为": 2, "威胁": 2, "中国": 11, "企业": 13, "法院": 5, "索要": 4, "专利费": 22, "——": 4, "侵犯": 5, "受理": 1, "案件": 1, "打算": 1, "偷": 1, "知识": 13, "产权": 13, "技术": 2, "耿": 1, "直哥": 1, "O": 5, "U型": 2, "锁": 2, "报道": 4, "公司": 15, "此举": 2, "震惊": 2, "不少": 2, "网民": 2, "惊呼": 2, "国会": 2, "爱国贼": 2, "全世界": 2, "面前": 2, "流氓": 3, "​": 15, "任正非": 25, "空收": 5, "等闲": 6, "收点": 6, "高通": 13, "贵": 6, "6月": 15, "17日": 13, "数字": 10, "时代": 10, "思想家": 10, "对话": 12, "谈": 6, "话题": 6, "武器化": 7, "世界": 6, "很多": 16, "付": 6, "太": 6, "忙": 6, "没空": 6, "收": 6, "费用": 7, "@": 5, "老板": 15, "联播L": 5, "联播": 11, "秒拍": 13, "视频": 15, "连续": 1, "十几": 1, "投稿": 1, "拒": 1, "转行": 1, "收入": 2, "如今": 2, "洽洽": 1, "食品": 1, "、": 18, "腾讯": 1, "网易": 1, "LOFTER": 1, "联合利华": 1, "蒙牛": 1, "PublicisGroupe": 1, "IBM": 1, "黄油": 1, "相机": 1, "十三余": 1, "知名": 1, "品牌": 3, "商业": 1, "合作": 3, "花": 1, "三年": 1, "时间": 4, "经验之谈": 1, "困惑": 1, "希望": 2, "提供": 5, "思路": 1, "L嘉炜": 1, "1994": 1, "L": 6, "背景": 1, "提案": 3, "法律": 5, "提倡": 6, "节俭": 9, "社会": 8, "富裕": 6, "国家": 6, "挪威": 6, "人人": 3, "都": 7, "住": 3, "房子": 3, "财富": 3, "越来越": 3, "走向": 3, "铺张浪费": 3, "代表处": 3, "买": 3, "汽车": 4, "坐": 3, "火车": 3, "方式": 3, "微软": 20, "架华": 7, "笔记本": 12, "美国商": 3, "店": 3, "上架": 4, "MateBook": 4, "5月": 1, "22日": 1, "删除": 1, "包括": 4, "MateBookXPro": 1, "在内": 1, "款": 1, "在线": 2, "商店": 2, "遭受": 1, "打击": 2, "停止": 3, "努力": 1, "大学": 1, "逆转": 1, "科技": 3, "巨头": 5, "施压": 1, "政府": 3, "解禁": 1, "18日": 2, "原先": 1, "下架": 1, "英特尔": 1, "赛灵思": 1, "芯片": 1, "供应商": 1, "悄悄": 1, "游说": 1, "放宽": 1, "销售": 1, "禁令": 2, "财经": 1, "社评": 2, "半导体": 3, "产业": 3, "死": 2, "鸟": 2, "强压": 1, "之下": 1, "确实": 2, "暴露": 1, "短板": 1, "韧性": 1, "生命力": 1, "美方": 1, "低估": 1, "300亿": 2, "美金": 1, "扛住": 1, "华盛顿": 1, "波": 2, "攻击": 1, "强大": 1, "学费": 1, "交": 1, "算": 1, "昂贵": 1, "很": 2, "值": 1, "一贯": 1, "务实": 1, "说到做到": 1, "刚刚": 1, "新闻": 2, "授权": 3, "方案": 2, "修正案": 5, "起诉": 5, "件": 2, "事情": 2, "起因": 2, "Verizon": 4, "表决": 1, "Rubio": 1, "法案": 3, "推动": 1, "针对": 2, "成功": 1, "变为": 1, "灯塔国": 1, "拉低": 1, "水平": 1, "MAGA": 1, "参议员": 1, "保护": 1, "专利权": 3, "当地": 1, "参议院": 1, "阻止": 2, "法庭": 1, "寻求": 2, "损害": 1, "赔偿": 1, "特定": 1, "观察": 1, "名单": 1, "certainU.S.governmentwatchlists": 1, "相关": 1, "专利法": 1, "救济": 1, "侵权": 1, "发起": 1, "此前": 1, "12日": 1, "曝料": 1, "称": 1, "电信": 2, "运营商": 1, "支付": 1, "230": 1, "项": 2, "总计": 1, "超过": 1, "10亿": 1, "美元": 2, "金额": 1, "相当于": 1, "去年": 1, "四季度": 1, "净利润": 1, "一半": 1, "彭博社": 1, "统计": 1, "网络": 1, "高科技": 1, "发明": 1, "关键": 2, "拥有": 3, "56492": 1, "总量": 1, "高达": 1, "102911": 1, "包含": 1, "年度": 1, "NDAA": 1, "提交": 1, "措施": 1, "未": 1, "正式": 1, "步骤": 1, "O为": 1, "收专": 1, "利费": 1, "议员": 1, "损招": 1, "大陆": 2, "代工": 7, "快速": 1, "崛起": 2, "富士康": 4, "伟创力": 5, "走": 1, "回来": 1, "提起": 1, "想到": 2, "业内": 1, "一家": 1, "第一": 1, "客户": 2, "原因": 1, "时刻": 1, "比亚迪": 6, "站": 1, "订单": 2, "接手": 1, "说到": 1, "估计": 1, "人才": 1, "本土": 2, "业务": 3, "颇具规模": 1, "外国": 1, "苹果": 1, "诺基亚": 1, "国内": 1, "小米": 1, "VIVO": 1, "原本": 1, "手机": 8, "领域": 1, "未来": 1, "成伟": 1, "创力": 1, "级别": 1, "强势": 1, "发展": 1, "远": 1, "将来": 1, "宣扬": 1, "商人": 1, "祖国": 1, "不可一世": 1, "日子": 1, "真的": 2, "一去不复返": 1, "#L": 1, "电脑": 4, "设备": 4, "软件": 4, "更新": 4, "网站": 2, "官网": 2, "停售": 2, "产品": 2, "顾客": 2, "专注于": 2, "云产品": 2, "Windows": 2, "操作": 2, "系统": 2, "核心": 2, "L老板": 1, "彭林": 1, "P30Pro": 1, "拍": 4, "月亮": 1, "造假": 1, "下边": 1, "篇": 1, "有意思": 1, "第二": 1, "段": 1, "一句话": 1, "vlog.35": 1, "周末": 1, "闲暇": 1, "上海": 1, "老": 1, "洋楼": 1, "探索": 1, "神秘": 1, "信号": 1, "体验": 1, ".": 2, "安安静静": 1, "午后": 1, "路": 1, "#Q": 1, "2ProL": 1, "刘阳": 1, "Cary": 1, "5G": 1, "......": 1, "这次": 1, "武汉": 2, "次次": 1, "喝": 2, "超": 1, "有意思der": 1, "地方": 1, "nova": 1, "汉阳": 1, "造创": 1, "意园": 1, "搞": 1, "一大": 1, "涂鸦墙": 1, "带": 1, "荧光": 1, "效果": 1, "晚上": 1, "拍照": 3, "超炫酷": 1, "啊啊": 1, "目测": 1, "网红": 1, "打卡": 1, "地标": 1, "新机": 1, "nova5": 2, "终于": 1, "上市": 1, "曝光": 1, "滴": 1, "内容": 1, "功能": 1, "升级": 1, "前置": 1, "3200万": 1, "像素": 1, "自带": 1, "超级": 1, "夜景": 1, "模式": 1, "机身": 1, "颜值": 1, "炒鸡在线": 1, "适合": 1, "时髦": 1, "年轻": 1, "滴nova": 1, "系列": 1, "期待": 1, "6.21": 1, "发布会": 1, "代言人": 1, "千": 2, "玺": 1, "弟弟": 1, "崽里": 1, "纸鹤": 1, "留意": 1, "噢": 1, "战略": 1, "决心": 1, "这两年": 1, "版本": 1, "切换": 1, "降": 1, "21年": 1, "焕生": 1, "机​": 1, "设计": 1, "施工": 1, "餐厅": 1, "吃饭": 1, "美": 1, "厉害": 1, "国际": 2, "市场": 2, "出货量": 2, "下降": 2, "40%": 2, "大智论道": 1, "增长": 1, "速度": 1, "快": 1, "支持": 2, "英国": 1, "表现": 1, "思想": 1, "领袖": 1, "分享": 1, "下华": 1, "照片": 1, "新疆": 1, "成都": 1, "澳大利亚": 1, "星空": 1, "银河": 1, "街景": 1, "人文": 1, "。。": 1, "VlogA趣": 1, "900": 2, "自驾": 1, "旅拍": 1, "摄影": 1, "2伊犁": 1, "哈萨克": 1, "自治州·那拉提": 1, "空中": 1, "草原": 1}