{"华为": 68, "誓师": 14, "大会": 18, "现场": 3, "！": 15, "任正非": 12, "喊": 4, "口号": 7, "：": 15, "消费者": 15, "业务": 9, "5": 2, "挣": 2, "1500亿": 10, "美元": 15, "3月": 5, "29日": 5, "BG": 6, "军团": 6, "作战": 6, "授权": 5, "改革": 5, "余承东": 6, "齐": 2, "三年": 5, "营收": 10, "1000亿": 5, "五": 8, "目标": 8, "@": 2, "老板": 1, "联播O": 1, "网页": 4, "链接": 5, "​": 20, "搭载": 2, "全新": 3, "EMUI": 1, "9.1": 1, "系统": 1, "P30": 4, "Pro": 2, "段": 1, "时间": 2, "顺滑": 1, "流畅": 1, "期待": 3, "早日": 1, "上手": 1, "尝鲜": 1, "麻省": 17, "理工": 18, "学院": 18, "叫停": 2, "、": 26, "中兴": 17, "合作": 24, "4月": 8, "3日": 3, "研究": 2, "副校长": 2, "MARIAT": 2, ".": 2, "ZUBER": 2, "联邦": 3, "政府": 7, "违反": 5, "制裁": 5, "相关": 2, "调查": 5, "接受": 2, "子公司": 2, "项目": 6, "续签": 2, "现有": 2, "情况": 5, "机构": 2, "此前": 2, "英国": 2, "牛津": 2, "大学": 5, "美国": 9, "加州": 2, "伯克利": 2, "分校": 2, "斯坦福": 1, "世界": 4, "名校": 2, "都": 7, "相继": 2, "取消": 2, "停止": 16, "OMIT": 1, "中止": 1, "波": 1, "操作": 1, "太": 2, "懂": 1, "门店": 1, "滚动": 1, "宣传语": 1, "清明": 1, "买": 1, "光宗": 1, "耀祖": 1, "—": 1, "尼古拉斯·赵四": 1, "L": 2, "互联网": 1, "秒拍": 2, "视频": 9, "中企": 2, "外交部": 5, "回应": 2, "发表": 2, "声明": 2, "称": 5, "企业": 10, "中方": 2, "对此": 2, "评论": 3, "答": 2, "公司": 6, "询问": 2, "发言人": 2, "告诉": 2, "一向": 2, "支持": 2, "中国": 9, "遵循": 2, "国际": 2, "规则": 2, "对外": 2, "经贸": 2, "领域": 3, "遵守": 2, "当地": 2, "法律": 2, "法规": 2, "驻在国": 2, "提供": 2, "一个": 4, "公平": 2, "公正": 3, "歧视": 2, "环境": 2, "海外网": 1, "5G": 4, "谈": 1, "三月三": 1, "拜": 1, "轩辕": 1, "己亥年": 1, "黄帝": 2, "故里": 2, "拜祖": 1, "大典": 2, "7日": 1, "新郑": 1, "隆重": 1, "郑州": 1, "电视台": 1, "联合国": 1, "内": 1, "三大": 1, "运营商": 1, "采用": 1, "+": 4, "4K": 1, "VR": 1, "技术": 1, "全景": 1, "展现": 2, "盛况": 1, "炎黄子孙": 1, "身临其境": 1, "感受": 1, "沐浴": 1, "人文": 1, "始祖黄帝": 1, "荣光": 1, "承认": 2, "社招": 10, "偷偷": 4, "处分": 4, "内部": 1, "讲话": 2, "发文": 2, "一般性": 5, "岗位": 5, "问责": 2, "指出": 1, "处于": 2, "战略": 3, "结构": 1, "转移期": 1, "产品线": 2, "尖刀": 1, "市场": 3, "插": 1, "机会": 1, "窗": 1, "这时候": 1, "裁减": 1, "O华": 2, "拉近": 1, "忍": 1, "不住": 1, "心动": 1, "定格": 1, "想": 1, "拍": 2, "风景": 1, "踏青": 1, "小长假": 1, "带": 1, "如意": 1, "回": 1, "深圳": 1, "离开": 1, "四": 1, "回去": 1, "记得": 2, "1": 1, "岁": 1, "7岁": 1, "玩": 1, "吃": 1, "好吃": 1, "全都": 1, "荷花": 1, "姐姐": 1, "缺": 1, "牙妹": 1, "少先队员": 1, "披头散发": 1, "少女": 1, "～": 1, "快": 1, "学习": 1, "找": 1, "闺蜜": 1, "了却": 1, "那就说": 1, "走": 2, "齐喊": 3, "L见闻": 3, "企业家": 3, "这是": 2, "黑开": 1, "店": 1, "HUAWEIP": 1, "30": 1, "ToF": 1, "摄像头": 1, "实时": 1, "精准": 1, "纵深": 1, "测距": 1, "渐进式": 1, "背景": 1, "虚化": 1, "动人": 1, "立体": 1, "视觉": 1, "效果": 1, "美": 2, "深度": 1, "L华": 1, "手机": 6, "未来": 3, "影像": 1, "智慧": 4, "生活": 1, "系列": 2, "升级": 1, "终端": 1, "服务": 1, "邀": 1, "探索": 1, "未": 2, "美好": 2, "11日": 2, "相约": 1, "上海": 1, "不见不散": 1, "转发": 1, "聊聊": 1, "抽": 1, "送": 1, "畅享": 1, "8e一台": 1, "通讯": 3, "4日": 1, "消息": 1, "国外": 1, "媒体": 2, "报道": 2, "(": 1, "MIT": 1, ")": 1, "周三": 1, "原因": 1, "科技": 4, "涉嫌": 1, "电信": 1, "设备": 2, "制造商": 1, "面临": 1, "为首": 1, "越来越": 1, "审查": 1, "担心": 1, "..": 1, "O麻省": 1, "心声": 1, "社区": 1, "刊登": 1, "部门": 1, "过度": 2, "裁员": 1, "外面": 1, "招新人": 1, "偷偷社": 1, "招要处": 1, "分O": 1, "网上": 1, "第七": 2, "条": 1, "真的": 1, "很": 3, "良心": 1, "道歉": 1, "他妈": 2, "才": 1, "偶然": 1, "发现": 1, "识屏": 1, "功能": 1, "全屏": 1, "翻译": 2, "图片": 1, "心服口": 1, "服​": 1, "​​​": 1, "美学": 1, "式": 1, "古典": 1, "虚拟": 1, "现实": 1, "扭转": 1, "缥缈": 1, "梦境": 1, "幻想": 1, "异域": 1, "风情": 1, "交融": 1, "映照": 1, "浩瀚": 1, "宇宙": 1, "穿越": 1, "DIGI": 1, "X华": 1, "全球": 3, "主题": 1, "设计": 1, "大赛": 1, "揭晓": 1, "答案": 1, "科学": 1, "国界": 1, "5g": 2, "板块": 1, "走势": 1, "影响": 1, "时代": 1, "尤其是": 1, "崛起": 1, "意义": 1, "第一": 4, "领先": 2, "#O": 1, "震撼": 1, "王者之师": 1, "劲头": 1, "才能": 1, "排山倒海": 1, "所向无敌": 1, "我军": 1, "光荣": 1, "传统": 1, "有用": 1, "大型": 1, "O网页": 2, "网站": 1, "妻子": 1, "浪漫": 2, "旅行": 1, "第二": 1, "季": 1, "·": 1, "期": 2, "上线": 1, "何其": 1, "幸运": 1, "此生": 1, "遇见": 1, "纸短情长": 1, "爱": 1, "万千": 1, "墨尔本": 1, "旅": 1, "~": 2, "中午": 1, "十二点": 1, "芒果": 3, "TV": 2, "全网": 1, "首播": 1, "第7": 1, "谢娜": 1, "灌篮": 1, "高手": 1, "专区": 1, "海量": 1, "精彩": 1, "内容": 1, "联合": 1, "会员": 1, "优惠": 1, "新款": 1, "11号": 1, "正式": 1, "发售": 2, "销售": 1, "到时候": 1, "反响": 1, "一部分": 2, "仓位": 1, "攻击": 1, "潜伏": 1, "首批": 1, "备货": 1, "500万": 1, "国内外": 1, "火热": 1, "预计": 1, "抢": 1, "俄": 1, "城": 1, "放言": 1, "境外": 1, "2019年": 1, "季度": 1, "旗下": 2, "荣耀": 2, "俄罗斯": 1, "智能": 3, "销售榜": 1, "首次": 1, "地位": 1, "CEO": 1, "发展": 1, "历史": 1, "阶段": 1, "加上": 1, "平价": 1, "品牌": 2, "厂商": 1, "金": 1, "博士": 1, "点评": 1, "看圖": 1, "三星": 1, "苹果": 1, "拍照": 1, "細細": 1, "觀察": 1, "清晰度": 1, "自然度": 1, "麗度": 1, "款": 1, "酷": 1, "实事求是": 1, "检验": 1, "客觀": 1, "時候": 1, "LITheat": 1, "热点": 1, "三一": 2, "集团": 1, "近日": 1, "长沙": 1, "签署": 1, "协议": 1, "制造": 1, "园区": 1, "云计算": 1, "工业": 2, "IoT": 1, "大数据": 1, "人工": 1, "数字化": 2, "转型": 2, "展开": 1, "综合": 1, "解决": 2, "方案": 2, "公有云": 1, "信息化": 1, "创新": 1, "驱动": 1, "打造": 1, "世界级": 1}