{"漫游": 1, "石丈亭": 1, "夏宫": 1, "诗会": 1, "夜色": 1, "猜": 1, "灯谜": 1, "诗": 1, "会友": 1, "创意": 1, "涂": 1, "鸦板": 1, "古典": 3, "宫灯": 2, "感受": 1, "艺术": 1, "传统": 1, "文化": 1, "交融": 1, "华为": 108, "nova5": 3, "系列": 4, "捕捉": 1, "一个": 17, "鲜活": 1, "色彩": 2, "瞬间": 1, "​": 13, "全球": 4, "136": 6, "国家": 9, "用华": 3, "5G": 22, "任正非": 43, "字": 2, "采访": 8, "曝光": 3, "：": 45, "谈": 7, "鸿蒙": 21, "系统": 42, "、": 20, "少年": 3, "天才": 2, "140": 4, "6月": 2, "24日": 2, "接受": 9, "金融": 3, "时报": 3, "操作": 22, "国内外": 1, "市场": 5, "占": 2, "份额": 2, "美": 6, "贸易战": 4, "地位": 2, "注册": 1, "商标": 1, "全世界": 1, "招天": 1, "才": 2, "1": 2, "国外": 1, "拿到": 3, "50": 1, "合同": 1, "发货": 1, "15万": 1, "基站": 1, "大概": 2, "135": 3, "美国": 20, "澳大利亚": 1, "3": 2, "中国": 12, "核心网": 1, "第一": 1, "招标": 1, "爱立信": 1, "诺基亚": 1, "44%": 1, "50%": 1, "一点": 1, "O": 4, "一路": 1, "游览": 1, "苏州街": 1, "微风": 1, "拂": 1, "水面": 1, "睡莲": 1, "摇曳生姿": 1, "伫立": 1, "水街": 1, "两旁": 1, "建筑": 1, "各式": 1, "交相": 1, "掩映": 1, "梦": 2, "似幻": 1, "置身": 1, "仿佛": 1, "重回": 1, "江南": 1, "旧": 1, "世外桃源": 1, "镜头": 1, "重拾": 1, "份": 8, "遗失": 1, "世纪": 1, "美好": 1, "耳边": 1, "编钟": 1, "古乐": 1, "入眸": 1, "彩绘": 1, "风韵": 1, "来到": 1, "今夜": 1, "终点站": 1, "听鹂馆": 1, "质朴": 1, "典雅": 1, "古戏台": 1, "尽情": 1, "体验": 1, "仲夏夜": 1, "颐式": 1, "美学": 1, "光影": 1, "流转": 1, "唤醒": 1, "诗心": 1, "灵魂": 1, "前置": 6, "3200万": 2, "人像": 1, "超级": 1, "夜景": 1, "一同": 1, "记录": 1, "今晚": 1, "文明": 1, "奇境": 1, "四两拨千斤": 1, "巧妙": 1, "回应": 4, "提问": 1, "对方": 1, "真的": 1, "橄榄枝": 1, "坑": 1, "含蓄": 1, "态度": 1, "民族": 1, "企业": 2, "威武": 1, "老爷子": 1, "牛": 1, "！": 10, "L": 3, "IT": 1, "杂谈": 1, "视频": 6, "安卓": 22, "速度": 15, "快": 20, "60%": 9, "董事长": 3, "7月": 4, "4日": 2, "登上": 3, "法国": 11, "著名": 3, "新闻": 4, "周刊": 4, "观点": 10, "杂志": 9, "期": 4, "封面": 8, "当期": 2, "发表": 2, "长": 3, "15": 4, "页": 3, "专题": 3, "报道": 6, "延迟": 2, "小于": 2, "5": 2, "毫秒": 3, "完美": 3, "物联网": 3, "自动": 3, "驾驶": 3, "指出": 3, "构建": 2, "为的是": 2, "同步": 2, "连接": 2, "对象": 2, "走向": 2, "智能": 5, "社会": 2, "方式": 2, "问到": 3, "谷歌": 4, "苹果": 8, "MacOSX": 3, "谨慎": 3, "给出": 6, "答案": 3, "很": 13, "技术": 15, "论据": 3, "报告": 4, "法媒": 5, "专访": 8, "60％": 1, "4号": 1, "刊物": 1, "改变": 3, "历史": 3, "标题": 2, "刊登": 2, "肖像照": 1, "篇幅": 2, "图文并茂": 1, "本人": 1, "详细": 3, "内容": 2, "涉及": 4, "发展": 3, "关系": 2, "中欧": 1, "地缘": 2, "政治": 6, "记者": 3, "介绍": 2, "背景": 3, "经历": 3, "公司": 20, "未来": 3, "历程": 1, "方向": 1, "包括": 1, "业务": 1, "情况": 1, "西方": 2, "各国": 1, "担忧": 2, "质疑": 2, "做出": 1, "客观": 1, "凤凰": 1, "卫视": 1, "金亮": 1, "巴黎": 2, "时政": 1, "人物": 1, "创始人": 1, "男人": 2, "将要": 1, "内页": 1, "世界": 3, "巨头": 1, "版面": 1, "深圳": 1, "总部": 1, "长篇": 1, "壮大史": 1, "回答": 1, "科技": 3, "欧": 1, "应对": 1, "安全性": 2, "热点": 1, "思科": 34, "设备": 5, "证书": 15, "密钥": 9, "忘记": 6, "删除": 10, "交换机": 6, "低": 2, "级别": 2, "漏洞": 2, "北美": 1, "编写": 1, "开源": 5, "软件包": 1, "项目": 1, "成员": 1, "称": 13, "测试": 11, "团队": 4, "阶段": 1, "上线": 1, "疏忽": 5, "O思科": 4, "联通": 3, "星际": 1, "迷航": 1, "流浪": 1, "地球": 1, "无论是": 1, "远古": 1, "神话": 1, "探索": 1, "星空": 1, "境": 1, "都": 6, "永恒": 1, "最终": 5, "幻想": 1, "刚刚": 1, "结束": 1, "2019年": 2, "通信": 1, "大会": 2, "携手": 1, "奉献": 1, "场": 2, "精彩": 1, "梦幻": 1, "沉浸式": 1, "太空": 2, "旅": 2, "云端": 1, "实时": 2, "计算": 1, "渲染": 1, "利用": 1, "带宽": 1, "时延": 1, "能力": 1, "將": 1, "串流": 1, "本地": 1, "终端": 1, "呈现": 1, "科研": 1, "征程": 1, "广袤": 1, "无边": 1, "破解": 1, "边界": 1, "打通": 1, "万物": 1, "互联": 1, "梦想": 1, "拍摄": 1, "支": 1, "短片": 1, "分享": 1, "秒拍": 2, "发现": 17, "代码": 12, "解释": 12, "忘": 9, "删": 6, "网络": 9, "制造商": 3, "Cisco": 3, "指控": 3, "抄袭": 3, "成立": 1, "如今": 3, "闹": 3, "尴尬": 5, "事件": 6, "咨询": 6, "产品": 9, "子公司": 3, "研发": 7, "对此": 3, "OpenDaylight": 1, "款": 6, "出自": 2, "Futurewei": 2, "手": 2, "后者": 2, "分支": 2, "机构": 2, "排查": 3, "SECConsult": 3, "早": 3, "负责人": 3, "ZDNet": 4, "新闻网": 4, "固件": 3, "内用": 3, "因素": 3, "想": 3, "进一步": 3, "推测": 3, "乌龙": 3, "开发者": 5, "期间": 3, "开源包": 3, "相关": 5, "组件": 3, "锅": 3, "甩": 3, "软件": 3, "FindlTDevelopment": 3, "这是": 4, "案例": 1, "当年": 3, "官司": 1, "打官司": 1, "请": 1, "计算机": 1, "教授": 1, "研究": 1, "源代码": 2, "回": 1, "唯一": 1, "小段": 1, "员工": 1, "论坛": 2, "下载": 1, "插件": 2, "那时候": 1, "管控": 1, "细": 1, "混": 1, "进去": 1, "刚好": 1, "思科员": 1, "工编": 1, "上载": 1, "兼容": 1, "命令行": 2, "著作权": 1, "改": 1, "和解": 1, "判断": 1, "侵犯": 1, "知识": 1, "产权": 1, "起诉": 1, "媒体": 4, "国内": 1, "带路": 2, "党": 2, "眼": 1, "冒光": 1, "兴奋": 1, "异常": 1, "有罪": 1, "推定": 1, "静悄悄": 1, "弄思科": 1, "肯定": 1, "如丧考妣": 1, "必定": 1, "国籍": 1, "评论": 1, "信心": 2, "建立": 2, "生态": 6, "针对": 1, "打造": 2, "支持": 1, "毫秒亚": 1, "响应": 1, "符合": 1, "难": 2, "2~3年": 1, "透露": 1, "旨在": 1, "多种": 1, "承认": 2, "相比": 3, "缺乏": 2, "程序": 6, "整点": 1, "播": 1, "每经": 1, "22点丨": 3, "；": 4, "黄金": 2, "快速": 2, "跌破": 2, "1390": 2, "美元": 2, "关口": 2, "深交所": 3, "*": 3, "ST康": 3, "违法": 3, "第一时间": 3, "启动": 3, "强制": 3, "退市": 3, "六成": 1, "Android": 2, "加拿大": 1, "夏洛特": 1, "皇后": 1, "群岛": 1, "地区": 1, "发生": 1, "5.5": 1, "地震": 1, "O每经": 2, "着手": 2, "商店": 2, "替代品": 2, "竞争": 1, "失误": 1, "解决": 1, "试图": 1, "吸引": 1, "澎湃": 1, "品质": 2, "便宜": 4, "绝大部分": 2, "客户": 7, "都会": 2, "选择": 7, "近日": 4, "提供": 4, "价值": 2, "价格": 2, "贵": 2, "绝大多数": 2, "L见闻": 2, "企业家": 2, "​​​": 1, "女生": 2, "喜欢": 5, "拍照": 6, "太": 2, "在乎": 1, "推荐": 3, "nova5pro": 5, "荣耀": 4, "20pro": 4, "优缺点": 1, "找到": 1, "适合": 1, "后置": 2, "买": 1, "光圈": 1, "摄像头": 6, "防抖": 1, "长焦": 1, "自拍": 2, "手机": 5, "差不多": 1, "美颜": 1, "lcd": 1, "屏幕": 7, "偏灰": 1, "白": 1, "饱和度": 1, "三星": 1, "充电": 1, "22.5": 1, "w快": 2, "40": 1, "两点": 1, "优势": 1, "指纹": 8, "侧面": 2, "感觉": 1, "挺": 1, "开车": 1, "平时": 2, "解锁": 8, "不用": 1, "担心": 1, "放": 1, "桌子": 1, "升降": 1, "水滴屏": 1, "打孔屏": 1, "人脸": 1, "晚上": 1, "方便性": 1, "大于": 2, "mate20pro": 1, "支持人": 2, "脸": 2, "支付": 1, "爽": 1, "可爱": 1, "斗图": 1, "很多": 1, "真斗": 1, "多发": 1, "帖子": 1, "希望": 1, "董": 2, "宝珍": 2, "贸易": 1, "战打": 1, "发布": 1, "信息": 1, "开发": 2, "性能": 1, "确信": 1, "早就": 1, "电台": 1, "里头": 1, "提出": 1, "封锁": 2, "战略": 3, "机会": 4, "本身": 1, "跨越": 2, "障碍": 1, "某种": 1, "壁垒": 1, "真实": 1, "换代": 1, "没有用": 1, "这次": 1, "实际上": 1, "历史性": 1, "相当于": 1, "主流": 1, "理解": 1, "峰会": 1, "谈判": 1, "恢复": 1, "中方": 1, "要价": 1, "急于": 1, "谈成": 1, "原因": 1, "决裂": 1, "利益": 2, "估算": 1, "过程": 1, "战术": 1, "损失": 1, "孙子": 1, "兵法": 1, "第1": 1, "章": 1, "算账": 1, "打仗": 1, "算": 2, "算了": 1, "账": 1, "收益": 1, "决策层": 1, "投资者": 1, "慌乱不堪": 1, "秘钥": 3, "包": 2, "一部分": 2, "消息": 1, "3日": 2, "官网": 2, "一下子": 1, "列举": 1, "19": 1, "条": 2, "声明": 2, "建议": 1, "更新": 1, "250": 1, "350": 1, "350X": 1, "550X": 1, "型号": 1, "采用": 1, "包OpenDaylight": 1, "突破": 2, "屏下": 1, "专利": 4, "外媒": 1, "德国": 1, "商标局": 1, "项": 1, "消失": 1, "隐藏": 1, "下方": 1, "置于": 1, "左上角": 1, "界面": 1, "区域": 1, "显示": 1, "功能": 1, "软硬件": 1, "期待": 1, "#​": 1, "小米": 1, "营销": 1, "部门": 1, "节骨眼": 1, "搞事": 1, "……": 2, "奖": 3, "30": 1, "…​": 1, "真假": 1, "2019": 2, "最佳": 2, "大奖": 2, "主办方": 1, "MWC": 1, "上海": 1, "官方": 2, "获奖": 1, "名单": 2, "为准": 1, "P30": 1, "P30Pro": 1, "入围": 1, "鼓励": 1, "厂商": 1, "无中生有": 1, "颁": 1, "国际": 1, "Mate30Pro": 1, "设计": 1, "网友": 1, "脸皮": 1, "厚": 1, "特朗普": 1, "拼": 1, "思科贼": 1, "喊": 1, "捉": 1, "贼": 1, "抓": 1, "先行": 1, "用户": 1, "HDC2019": 1, "8月": 1, "9日": 1, "11日": 1, "东莞": 1, "松山湖": 1, "报名": 1, "参加": 1, "O网页": 1, "链接": 1, "陷阱": 2, "作者": 2, "诡异": 1, "司法": 3, "逼": 1, "妥协": 1, "当地": 1, "时间": 1, "司法部": 1, "联邦": 1, "法官": 1, "拒绝": 1, "受理": 1, "提起": 1, "诉讼": 1, "三": 1, "权": 1, "分立": 1, "独立": 1, "案": 1, "揭开": 1, "面纱": 1, "阿尔斯通": 1, "高管": 1, "书": 1, "记述": 1, "类似": 1, "遭遇": 1, "人民网": 1, "独家": 1, "该书": 1, "听": 1, "讲述": 1, "迫害": 1, "惨痛": 1, "人民": 1, "纪要": 2, "facts": 1, "O任": 1}