{"华为": 59, "P30": 37, "发布会": 27, "正式": 3, "真机": 3, "曝光": 1, "不少": 1, "看点": 1, "颇": 1, "！": 20, "4000万": 3, "徕卡": 5, "镜头": 9, "玩法": 2, "后置": 3, "倍": 5, "变焦": 5, "外观": 2, "惊喜": 1, "真的": 1, "稳": 1, "关注": 3, "@": 10, "新浪": 3, "手机": 25, "收看": 1, "浪人": 1, "TV": 1, "直播": 11, "揭晓": 1, "发布": 9, "秘密": 1, "转发": 2, "评论": 1, "三": 4, "好友": 1, "抽": 2, "名": 7, "送华": 1, "降噪": 1, "耳机": 2, ".": 2, "P30Pro": 7, "均": 2, "支持": 11, "「": 4, "双景": 3, "录像": 3, "功能": 8, "」": 4, "录制": 2, "广角": 4, "长": 2, "焦": 2, "画面": 3, "旨在": 2, "提供": 2, "导播级": 3, "视频": 17, "拍摄": 3, "体验": 6, "实用": 2, "爱范儿": 1, "L华": 8, "秒拍": 9, "​": 24, "diss": 2, "苹果": 8, "友商": 1, "窄": 2, "轻": 3, "3月": 3, "26日": 3, "余承东": 2, "现场": 3, "称": 1, "款": 3, "相比": 1, "宽度": 1, "紧凑": 1, "握持": 1, "便利": 1, "电池": 1, "重量": 1, "大屏": 1, "小屏": 1, "还要": 1, "五环": 1, "短视": 1, "频http": 1, "://t.cn/EJoZkXy": 1, "​​": 3, "系列": 18, "全球": 6, "就要": 1, "O今晚": 1, "21:00": 3, "锁定": 1, "精彩": 1, "马上": 1, "呈现": 1, "转评": 6, "转发量": 7, "抽取": 6, "粉丝": 7, "1": 8, "赠送": 7, "HUAWEIP": 8, "30": 8, "Pro": 7, "(": 6, "颜色": 7, "随机": 8, ")": 6, "首发": 1, "ZEALER": 3, "去年": 1, "P20": 1, "登顶": 1, "DxOMark": 1, "榜首": 1, "一举": 1, "拍照": 7, "旗舰": 1, "今晚": 2, "法国": 2, "巴黎": 7, "此次": 1, "第四": 1, "颗": 1, "搭载": 3, "10": 2, "混合": 1, "潜望式": 1, "摄像头": 3, "数码": 1, "惊人": 1, "50": 1, "加持": 1, "时尚": 1, "配色": 1, "40W": 2, "超级": 1, "快充": 4, "接下来": 1, "王自如": 1, "带来": 3, "新鲜": 1, "上手": 4, "LZEALER": 1, "中国": 2, "魅力": 1, "四": 4, "摄": 5, "耀世而生": 1, "探索": 1, "美的": 1, "边界": 1, "造就": 1, "强大": 1, "力量": 1, "；": 2, "未来": 2, "影像": 4, "开启": 1, "快": 1, "戳": 1, "~": 1, "终端": 2, "公司": 1, "结束": 2, "秒": 1, "疾速": 1, "Pro超": 1, "感光": 2, "带": 3, "话题": 1, "3": 1, "台": 1, "截止": 1, "4月": 1, "14日": 1, "13:00": 1, "官方": 1, "想": 1, "产品": 1, "P30P": 1, "RO拆": 1, "包儿": 1, "小报告": 1, "～L": 1, "陈震": 1, "同学": 1, "就绪": 1, "会场": 1, "展示": 1, "样张": 1, "三星": 1, "Galaxy": 2, "拍": 1, "银河系": 1, "L": 1, "科技": 2, "P30Pro&P30": 2, "6.47": 1, "英寸": 2, "OLED": 2, "屏幕": 2, "HDR&P3": 2, "色域": 2, "内置": 2, "麒麟980": 2, "处理器": 2, "8GB": 1, "RAM": 2, "4200": 1, "mAh": 2, "有线": 2, "15": 1, "W无线": 1, "无线": 2, "反向": 2, "充电": 2, "IP": 2, "68": 1, "级别": 2, "防水": 2, "防尘": 2, "前置": 2, "3200万": 2, "像素": 6, "自拍": 2, "素主": 2, "+": 6, "800万": 2, "五": 1, "无损": 1, "2000万": 1, "素超": 2, "ToF": 1, "深度": 1, "感知": 1, "双光学": 2, "防抖": 2, "6.1": 1, "6GB": 1, "3650": 1, "22W": 1, "53": 1, "光学": 1, "1600万": 1, "苹果史": 2, "软": 3, "连夜": 2, "发文": 2, "：": 3, "感谢": 4, "暖场": 4, "刚刚": 3, "AppleCard": 1, "、": 5, "AppleNews": 1, "AppleTV": 1, "服务": 1, "调侃": 1, "届": 1, "发博": 1, "网友": 2, "喊话": 1, "压轴": 2, "活动": 1, "O": 2, "座": 1, "古典": 1, "艺术": 1, "交织": 1, "城市": 1, "世界": 1, "聚焦": 1, "见证": 1, "突破": 2, "经典": 1, "改写": 1, "规则": 2, "新生": 1, "重制": 1, "九": 1, "图带": 1, "图赏": 3, "Engadget": 2, "提前": 1, "先来": 1, "图片": 1, "车": 3, "钥匙": 3, "便捷": 2, "出行": 2, "无需": 1, "实体": 1, "推出": 1, "即可": 2, "打开": 1, "车门": 1, "发动": 1, "汽车": 1, "引擎": 1, "锁车": 1, "畅享": 1, "前方": 1, "哥哥": 1, "实拍": 1, "先睹为快": 1, "详细": 1, "评测": 2, "稍后": 1, "奉上": 1, "网页": 2, "链接": 2, "景": 1, "画": 1, "视": 1, "成双": 1, "全新": 2, "记录": 1, "全景": 1, "特写": 1, "视野": 1, "耳目一新": 1, "增添": 1, "趣味": 1, "新机": 1, "到底": 1, "北京": 2, "时间": 2, "晚": 1, "新品": 5, "问鼎": 1, "专业": 2, "机构": 1, "DXOMark": 1, "榜单": 1, "第一": 5, "DXO": 2, "总得": 1, "112": 2, "展现": 1, "过硬": 1, "实力": 1, "重构": 1, "光影": 1, "暗光": 1, "革新": 1, "颠覆光": 1, "构影": 1, "40多": 1, "RGGB": 1, "技术": 2, "传统": 1, "首创": 2, "RYYB": 1, "传感器": 1, "设计": 1, "黄色": 1, "替换": 1, "原色": 1, "绿色": 1, "进光量": 1, "提升": 1, "40%": 1, "白天": 1, "黑夜": 1, "都": 1, "拍出": 1, "动人": 1, "景色": 1, "王": 1, "自如": 1, "直击": 2, "播": 1, "下载": 1, "App": 1, ">O": 1, "|": 1, "期待": 2, "来袭": 1, "会议": 1, "中心": 1, "这次": 1, "新款": 1, "手表": 1, "站": 2, "场": 1, "东方网": 1, "AR": 2, "测量": 4, "方寸": 1, "即现": 1, "随身": 1, "工具": 1, "轻松": 1, "操作": 1, "物体": 1, "长度": 1, "面积": 1, "体积": 1, "配合": 1, "人脸": 1, "识别": 1, "自动": 1, "人体": 1, "身高": 1, "东京": 1, "小日子": 1, "在家": 1, "找": 1, "小小": 1, "hairsalon": 1, "头发": 2, "日本": 1, "森系": 1, "杂志": 2, "养": 1, "绿植": 1, "装饰": 1, "店主": 1, "朋友": 1, "绘画": 1, "作品": 1, "环境": 1, "赏心悦目": 1, "染": 1, "发型师": 1, "小哥": 1, "一个": 1, "平板": 1, "竟然": 1, "国货": 1, "长脸": 1, "厉害": 1, "公布": 1, "测评": 1, "网站": 1, "得分": 2, "成绩": 1, "拥有": 1, "超": 1, "值得": 1, "Pro图赏": 1, "美": 2, "发": 1, "眼镜": 1, "想到": 1, "华为何": 1, "刚": 1, "帅": 1, "·": 1, "出炉": 1, "排": 1, "P20Pro": 1, "Mate20Pro": 1}