{"名企": 7, "就职": 16, "30岁": 15, "博士": 15, "中国": 20, "第一": 18, "女": 9, "实习": 8, "舰长": 9, "！": 27, "23岁": 8, "华为": 59, "27": 8, "岁": 32, "环球": 8, "洲际": 8, "小姐": 8, "大赛": 8, "特区": 8, "赛区": 8, "十佳": 8, "同年": 8, "名": 9, "考入": 8, "中山": 9, "大学": 9, "研究生": 8, "28": 8, "赴": 8, "西藏": 8, "支教": 8, "31": 8, "军队": 8, "投": 8, "3": 7, "简历": 8, "自荐": 8, "材料": 8, "写": 6, "200多": 7, "页": 8, "35": 8, "接到": 6, "入伍": 6, "通知书": 6, "从此": 4, "迈入": 6, "军旅": 6, "生涯": 6, "韦": 8, "慧晓": 8, "近期": 2, "韦慧晓": 2, "登上": 2, "央视": 12, "开讲": 4, "想": 3, "快": 1, "留言": 2, "L": 7, "新闻": 9, "秒拍": 13, "视频": 22, "​": 18, "事件": 6, "相关": 5, "决议": 2, "科技": 16, "评测": 1, "越来越": 1, "一个": 7, "简单": 1, "聊聊": 1, "产品": 2, "讲讲": 1, "技术": 9, "很多": 5, "东西": 1, "评测者": 1, "挖": 1, "人文": 1, "碰撞": 1, "探讨": 1, "才": 1, "拍照": 4, "真实": 3, "讨好": 1, "眼球": 1, "造假": 5, "界限": 1, "网红": 1, "那种": 1, "美颜": 1, "王": 7, "跃琨": 6, "这次": 1, "拍": 8, "月亮": 8, "无论是": 1, "厂商": 1, "宣传": 2, "影响": 4, "本来": 1, "根深蒂固": 1, "认知": 2, "公共": 1, "场合": 1, "表达": 1, "：": 21, "照片": 2, "算法": 4, "优化": 1, "看法": 3, "爱否": 16, "编辑部": 1, "集体": 2, "会商": 1, "错误": 2, "众所周知": 1, "手机": 9, "AI算法": 1, "长足": 1, "场景": 1, "弥补": 1, "纯光学": 1, "拍摄": 2, "事实上": 1, "拍出": 2, "调整": 1, "一贯": 1, "用户": 1, "接受": 2, "喜爱": 1, "永远": 1, "为人": 1, "感受": 2, "服务": 1, "发展": 2, "过程": 2, "瑕疵": 1, "未来": 6, "摄影": 1, "依赖": 1, "AI": 1, "P30Pro": 5, "50": 1, "倍": 1, "变焦": 1, "解决": 1, "拍到": 1, "优秀": 1, "完善": 1, "细节": 2, "并未": 1, "脱离": 1, "前提": 1, "友商": 1, "效果": 1, "这两天": 1, "主笔": 2, "误导": 2, "观众": 2, "读者": 1, "郑重": 1, "道歉": 5, "正式": 1, "为准": 1, "本次": 1, "暴露": 1, "员工": 2, "思想": 1, "内部": 1, "管理": 3, "依据": 1, "情况": 2, "责任人": 4, "做出": 2, "处罚": 3, "、": 26, "岗位": 3, "高级": 1, "实验": 1, "测试": 1, "细": 1, "结论": 1, "下达": 1, "武断": 1, "利用": 1, "公司": 6, "期间": 1, "积累": 1, "粉丝": 1, "影响力": 3, "煽动": 1, "情绪": 2, "违反": 1, "行业": 2, "不良": 1, "研究": 2, "责令": 2, "删除": 2, "给予": 2, "解除": 1, "劳动": 2, "合同": 1, "终止": 1, "关系": 1, "即日": 2, "生效": 2, "间接": 2, "彭林": 2, "CEO": 2, "兼": 3, "内容": 3, "团队": 5, "主管": 2, "王亮": 1, "CCO": 1, "生活": 1, "处置": 1, "不当": 2, "出事": 1, "紧急": 1, "奔赴": 1, "现场": 1, "微信": 1, "低效": 1, "沟通": 1, "事实": 1, "未": 2, "清时": 1, "盲目": 1, "转发": 1, "舆论": 4, "大会": 3, "作出": 1, "深刻": 2, "检讨": 1, "罚没": 1, "当月": 1, "工资": 1, "三": 2, "停": 1, "成员": 1, "制度": 2, "专业": 2, "知识": 1, "评判": 1, "标准": 1, "价值": 1, "取向": 1, "深度": 1, "学习": 1, "考核": 1, "体系": 1, "水平": 1, "自我": 1, "意识": 1, "全方位": 1, "杜绝": 1, "此类": 1, "再次": 1, "发生": 1, "公众": 1, "信赖": 1, "媒体": 1, "形象": 1, "特此": 1, "通知": 1, "质疑": 6, "@": 7, "创事": 1, "记": 1, "民族": 1, "良心": 1, "国人": 1, "捧杀": 2, "任正非": 7, "正面": 1, "评价": 3, "负面": 1, "水": 2, "加面": 1, "加水": 1, "错": 1, "真的": 1, "都": 2, "赞歌": 1, "太": 2, "急需": 1, "真材实料": 1, "砺石": 1, "商业": 1, "评论": 1, "O国人": 1, "网友": 2, "估计": 1, "触及": 1, "底线": 1, "旗舰": 1, "刚": 1, "上市": 2, "花": 1, "代价": 1, "攻坚": 1, "否定": 1, "这不": 1, "财路": 1, "开除": 6, "L实": 1, "星闻": 1, "2019": 2, "商界": 3, "领袖": 3, "居": 1, "首马化腾": 1, "第二": 2, "马云": 2, "第四": 2, "4月": 3, "16日": 2, "财富": 1, "杂志": 1, "日前": 1, "发布": 3, "榜单": 1, "创始人": 1, "居首": 1, "腾讯": 1, "董事会": 1, "主席": 2, "马化": 1, "腾位": 1, "许家印": 1, "董明珠": 1, "雷军": 1, "均": 1, "心中": 5, "排名": 1, "L大佬": 1, "时间": 1, "人类": 1, "文明": 1, "社会": 2, "从来": 1, "国家": 1, "全球": 3, "内": 1, "抵制": 2, "一家": 2, "外国": 1, "企业": 1, "拍案惊奇": 1, "美国": 4, "疯狂": 1, "告诉": 1, "真相": 1, "奥侃": 1, "L奥卡姆": 1, "剃刀": 1, "后续": 3, "此前": 2, "华为p30": 1, "王跃琨": 1, "直播": 1, "……": 3, "发": 1, "称": 3, "苹果": 5, "出售": 2, "5G": 9, "芯片": 3, "讨论": 2, "深圳": 1, "举办": 1, "分析师": 2, "轮值": 1, "董事长": 1, "胡厚崑": 1, "意愿": 1, "独立": 1, "业务": 1, "产业": 1, "贡献": 1, "努力": 1, "互联网": 2, "时代": 3, "早": 1, "到来": 1, "处于": 1, "万剑待发": 1, "阶段": 1, "缺席": 1, "记者": 1, "马": 1, "L中报": 1, "P30pro": 1, "P图": 1, "找": 1, "模特": 1, "写真": 1, "成绩": 1, "三年": 1, "足足": 1, "两百多": 1, "实习舰": 1, "长韦": 1, "提问": 1, "赶快": 1, "私信": 1, "小开": 1, "青年": 1, "代表": 1, "席位": 1, "新闻L": 1, "官方号": 1, "头条": 1, "文章": 1, "逢高": 2, "减仓": 3, "赚钱": 2, "季": 1, "": 1, "财经": 1, "每日": 1, "必读": 1, "二5G": 1, "+": 5, "能源": 1, "汽车": 1, "概念": 2, "央企": 1, "国改": 1, "工业": 1, "大麻": 1, "金融": 1, "助攻": 1, "主板": 1, "放量": 1, "上涨": 1, "强势": 1, "股": 1, "效应": 1, "恢复": 1, "东风": 2, "天板": 1, "人气": 1, "大长腿": 1, "五板": 1, "成妖": 1, "ST凡谷": 1, "全柴": 1, "动力": 1, "板块": 3, "龙头": 1, "明日": 1, "标杆": 1, "观察": 1, "短期": 1, "短线": 1, "获利": 1, "盘": 1, "众多": 1, "止盈": 1, "走势": 1, "不及": 1, "预期": 1, "标的": 1, "落袋为安": 1, "回踩": 1, "企稳": 1, "潜伏": 1, "主线": 1, "低位": 1, "品种": 2, "轮动": 1, "低": 1, "吸富": 1, "一生": 1, "Ps": 1, "皮皮": 1, "新仓": 1, "买入": 1, "核心": 1, "O逢": 1, "王潮歌": 1, "影像": 4, "所想": 2, "超": 1, "P30": 2, "艺术": 1, "创": 1, "开启": 1, "承载": 1, "万千": 1, "想象": 1, "佳作": 1, "即将": 1, "登场": 1, "L华为P30": 1, "系列": 2, "新品": 2, "浙商": 1, "支持": 4, "孟晚舟": 1, "6G": 1, "17": 1, "世纪": 1, "富兰克林": 1, "通电": 1, "炮轰": 1, "眼中": 1, "管理者": 1, "18": 1, "惰怠": 1, "快速": 1, "新机": 2, "攻略": 1, "来袭": 1, "克隆": 1, "功能": 1, "图片": 1, "数据": 1, "迁移": 2, "一步到位": 1, "安卓": 1, "系统": 2, "非安卓": 1, "信息": 1, "快捷": 1, "体验": 3, "帮手": 1, "戳": 1, "详情": 1, "→": 1, "L玩机": 1, "技巧": 1, "在线": 1, "美媒": 1, "专访": 3, "关注": 3, "边缘": 2, "计算": 3, "云计算": 2, "谈到": 1, "创业": 1, "欧洲": 1, "市场": 1, "特朗普": 2, "提及": 1, "忌惮": 1, "反问": 1, "忌": 1, "惮": 1, "到处": 1, "坏话": 1, "总统": 1, "友好": 1, "详文": 1, "O美媒": 1, "鲜闻": 1, "直击": 2, "|": 2, "成立": 2, "战略": 4, "研究院": 4, "布局": 2, "颠覆性": 2, "理论": 2, "董事": 1, "徐文伟": 1, "首次": 1, "ICT": 1, "基础": 1, "科学": 1, "院长": 1, "头衔": 1, "发表": 1, "演讲": 1, "介绍": 1, "专注": 1, "基础理论": 1, "突破": 1, "革命性": 1, "发明": 1, "如光": 1, "DNA": 1, "存储": 1, "原子": 1, "制造": 1, "O": 1, "并非": 1, "无中生有": 1, "措辞": 1, "相机": 1, "AI优化": 1, "意见": 1, "大概": 1, "保护": 1, "当事人": 1, "律师函": 1, "水军": 1, "拉黑": 2, "商量": 1, "地盘": 1, "权力": 1, "西瓜君zzz": 1, "发文": 1, "上班": 1, "途中": 1, "装": 1, "兜里": 1, "mate20": 2, "爆炸": 2, "炸伤": 1, "大腿": 1, "一瞬间": 1, "班车": 1, "乌烟瘴气": 1, "终端": 1, "客服": 1, "三星": 3, "Fold": 1, "折叠": 1, "屏": 1, "虎嗅": 1, "昨晚": 1, "拿到": 1, "GalaxyFold": 2, "折": 1, "叠屏": 1, "春季": 1, "发布会": 1, "重磅": 1, "款": 3, "加上": 1, "折叠屏": 1, "热度": 1, "嗅": 2, "编辑": 2, "开箱": 1, "~": 1, "评论区": 1, "提出": 1, "张博文": 1, "OR": 1, "Z会": 1, "一一": 1, "回答": 1, "接下来": 1, "侧重": 1, "重点": 1, "带来": 1, "更为": 1, "详细": 1, "报告": 1, "L虎嗅APP": 1, "指控": 2, "广告": 2, "15日": 1, "欧盟": 1, "机构": 1, "刘康": 1, "彭博社": 1, "政治": 1, "大人物": 1, "天天": 1, "叫嚣": 1, "知名度": 1, "发现": 1, "很": 3, "好用": 1, "名声": 1, "五环短": 1, "L五环": 1, "短": 1, "追究": 1, "责任": 1, "顶多": 1, "200万": 2, "官司": 1, "赢": 1, "缺": 1, "反而": 2, "胜诉": 2, "堆": 1, "梗": 1, "波止": 1, "损加": 1, "大于": 1, "弊": 1, "追加": 1, "有意思": 1, "事情": 1, "是非": 1, "对错": 1, "把握": 1, "人心": 1, "小九九": 1, "得理": 1, "不行": 1, "饶人": 1, "原罪": 1, "屏幕": 1, "弹幕": 1, "刷华": 1, "锅": 1, "一部分": 1, "世界": 1, "聚集": 1, "一刻": 1, "视角": 1, "放开": 1, "阔": 1, "一点": 1, "数码": 1, "无比": 2, "渺小": 1, "祝福": 1, "同学": 1, "早日": 1, "走出": 1, "阴霾": 1, "改正": 2, "优势": 1, "发光": 1, "挫折": 1, "食粮": 1, "死": 1, "都会": 1, "强大": 1}