{"2019": 20, "中国": 32, "民营": 25, "企业": 30, "500": 39, "发布": 20, "：": 20, "华为": 50, "海航": 13, "苏宁": 13, "列前": 2, "三": 6, "22日": 6, "全国": 6, "工商联": 6, "青海": 4, "西宁": 4, "投资": 8, "控股": 34, "有限": 9, "公司": 9, "7212亿": 6, "营收": 8, "排名": 8, "第一": 7, "集团": 32, "、": 75, "分列": 6, "二三": 6, "营收额": 6, "6183亿": 6, "6025亿": 6, "正威": 6, "国际": 9, "恒大": 6, "京东": 7, "碧桂园": 6, "恒力": 6, "联想": 7, "国美": 6, "本次": 6, "上榜": 8, "门槛": 7, "185.85亿": 7, "O2019": 3, "加拿大": 17, "法院": 9, "公布": 16, "孟晚舟": 26, "被捕": 14, "画面": 10, "海关": 9, "搜查": 10, "盘问": 9, "3": 12, "小时": 10, "8月": 10, "20日": 5, "当局": 4, "同意": 4, "首席": 5, "财务官": 5, "非法": 5, "扣留": 5, "录像": 3, "视频": 17, "显示": 5, "2018年": 5, "12月": 5, "1日": 5, "温哥华": 6, "机场": 5, "香港": 4, "布宜诺斯艾利斯": 4, "中途": 3, "停留": 3, "媒体": 3, "报道": 3, "正式": 4, "逮捕": 5, "过程": 4, "长": 4, "@": 7, "燃新闻": 1, "L燃": 3, "新闻": 5, "秒拍": 6, "全世界": 1, "5G": 10, "西方": 1, "高等": 1, "农村": 1, "想": 1, "8K": 3, "电视": 6, "买": 4, "老": 1, "自信": 1, "样子": 1, "可爱": 1, "莫名": 1, "自豪": 1, "AI": 4, "处理器": 1, "谈": 1, "博士": 1, "200万年": 1, "薪": 1, "L": 1, "全球": 4, "奇闻": 1, "微爆光": 1, "​": 9, "明星": 1, "偷税": 1, "吸毒": 1, "原谅": 1, "袁隆平": 1, "手机": 6, "羞辱": 1, "这才": 1, "时代": 1, "悲哀": 1, "！": 9, "位列": 7, "今日": 2, "榜单": 15, "民企": 7, "发榜": 2, "四连冠": 2, "56": 3, "去年": 2, "超": 3, "千亿": 2, "元": 15, "营业": 7, "收入": 7, "总额": 3, "超过": 2, "1000亿": 1, "85": 1, "500亿-1000亿": 1, "359": 1, "100亿-500亿": 1, "O": 2, "时尚": 2, "智能": 9, "眼镜": 6, "青春": 1, "选手": 1, "相遇": 1, "昨日": 1, "GENTLEMONS": 4, "TER华": 4, "新品": 1, "预览会": 1, "上海": 2, "北京": 1, "举办": 1, "灵超": 2, "木子洋": 1, "岳岳": 1, "栎": 1, "李": 3, "振宁": 2, "胡": 1, "春杨": 1, "王喆": 1, "施展": 1, "悉数": 1, "到场": 1, "感受": 2, "黑科技": 1, "戴上": 1, "墨镜": 1, "青": 1, "男孩": 1, "~​": 1, "法庭": 1, "文件": 2, "飞往": 1, "途中": 1, "经停": 1, "警方": 1, "律师": 1, "称": 2, "随身": 1, "携带": 1, "行李": 1, "环球": 1, "时报": 2, "缺": 1, "二视": 1, "频组": 1, "视": 1, "频L": 1, "保释": 2, "乘车": 1, "离开": 1, "发": 2, "朋友圈": 1, "回到": 1, "家人": 2, "身边": 1, "为傲": 1, "祖国": 1, "傲": 1, "L实": 1, "星闻": 1, "位居": 2, "名": 2, "7212.02亿": 3, "6182.93亿": 3, "6024.56亿": 3, "蝉联": 5, "榜首": 12, "制造业": 1, "第6": 1, "第9": 1, "小米": 1, "第24": 1, "百度": 1, "第53": 1, "金磊": 1, "连续": 5, "四": 6, "2019年": 2, "报告": 3, "再次": 3, "第四": 2, "第二": 2, "第三": 2, "记者": 1, "陈昊冰": 1, "O网页": 2, "链接": 2, "很多": 3, "展览": 1, "奇妙": 1, "组合": 1, "喜欢": 2, "热爱": 1, "生活": 2, "追逐": 1, "梦想": 1, "独特": 1, "视角": 1, "记录": 1, "此次": 1, "P30": 1, "系列": 1, "线上": 1, "未来": 4, "影像馆": 1, "以往": 1, "突破": 2, "大咖": 1, "精彩": 1, "完整": 1, "点评": 1, "P30Pro": 1, "帧": 1, "美好": 1, "定格": 1, "科技": 1, "温度": 1, "近距离": 1, "影像": 1, "超强": 1, "技术": 4, "分析": 1, "从小": 1, "白": 1, "进化": 1, "大师": 1, "贴心Q&A": 1, "真的": 1, "很": 6, "赞": 1, "猛戳链": 1, "接速": 1, "L华": 1, "终端": 2, "官方": 1, "出炉": 4, "O重磅": 2, "连冠": 1, "": 3, "💕": 1, "小李": 1, "总腔": 1, "UNINE": 1, "李振宁": 1, "郑爽": 2, "生日": 1, "郑": 1, "修": 1, "！！！！！华": 1, "30": 1, "生图": 1, "燃新闻O": 1, "美女": 1, "高管": 1, "犀利": 1, "喊话": 1, "美国": 8, "禁止": 3, "GDP": 2, "6": 1, "缩水": 2, "2400亿": 1, "美元": 2, "19日": 1, "RCR": 1, "无线": 1, "公共": 1, "事务": 1, "高级": 1, "副总裁": 1, "JoyTan": 1, "专访": 1, "实体": 1, "清单": 1, "Joy": 1, "政府": 1, "影响": 1, "英特尔": 1, "高通": 1, "包括": 1, "中小企业": 1, "援引": 1, "咨询": 1, "测算": 1, "导致": 1, "六": 1, "2410亿": 1, "值得": 1, "美国商务部": 1, "近期": 1, "针对": 1, "禁令": 1, "宽限期": 1, "延长": 1, "90": 1, "L老板": 1, "联播": 1, "送给": 1, "礼物": 1, "Mate20X5G": 1, "拍照": 1, "漂亮": 1, "支持": 1, "广州": 1, "·": 1, "社​": 1, "木子": 2, "洋☁": 1, "️": 1, "190821": 1, "GM": 1, "迟钝": 1, "黑暗": 1, "/": 2, "熄灭": 1, "月亮": 1, "陷入": 1, "洋K": 1, "WIN​": 1, "附全": 3, "华夏": 1, "设备": 1, "地区": 1, "农民": 1, "911": 1, "都": 2, "不通": 1, "……": 1, "风闻": 1, "社区": 1, "智慧屏": 3, "不止": 1, "一家": 1, "荣耀": 2, "款": 1, "试水": 2, "产品": 4, "估计": 1, "后续": 2, "TCL": 1, "海尔": 1, "海信": 1, "都会": 1, "跟进": 1, "类比": 1, "智能化": 1, "苹果": 1, "基础": 1, "层": 1, "1": 1, "+": 2, "远景": 1, "本土": 2, "面板": 4, "普及": 1, "4": 2, "流媒体": 3, "突起": 2, "5": 2, "分布式": 3, "稍": 1, "解释": 1, "通讯层": 1, "改变": 1, "4G+4k": 1, "客户端": 1, "体验": 1, "不错": 1, "升级": 1, "标准": 1, "干掉": 1, "传统": 2, "存量": 1, "尺寸": 1, "即将": 1, "规模": 1, "投产": 1, "京东方": 1, "10.5": 1, "华星": 1, "光电": 1, "11": 1, "大面板": 1, "产能": 1, "一半": 1, "上游": 1, "产业": 1, "扩张": 1, "背景": 1, "智慧": 1, "屏": 1, "消纳": 1, "合适": 1, "选择": 1, "风投": 1, "总量": 1, "逊色": 1, "投放": 1, "代际": 1, "跃升": 1, "聊": 1, "抖音": 1, "快": 2, "手上": 1, "长大": 1, "新生代": 1, "难": 1, "坐": 1, "面前": 1, "插播": 1, "广告": 1, "一个": 1, "家庭": 1, "展示": 1, "连接": 1, "信息": 1, "入口": 1, "一点": 1, "鸿蒙": 1, "系统": 2, "介绍": 1, "产量": 1, "投入": 1, "发展": 1, "最先": 1, "单体": 1, "消费": 1, "市场": 2, "足够": 1, "培育": 1, "一两": 1, "品牌": 1, "走": 2, "吃掉": 1, "韩": 1, "高端": 1, "炒股": 1, "做完": 1, "波": 2, "版": 1, "研报": 1, "销量": 4, "预计": 2, "2020年": 3, "1.6亿": 2, "台": 2, "StrategyAnalytics": 1, "研究": 1, "驱动": 1, "增长": 1, "绝佳": 1, "优势": 1, "占据": 1, "大部分": 1, "LNBD": 1, "大盘": 2, "指数": 1, "走好": 1, "G华": 1, "科技股": 1, "种业": 1, "稀土": 1, "黄金": 1, "玩​": 1, "这次": 1, "家乡": 1, "排": 1, "第几": 1, "曝光": 1, "拘留": 1, "联络": 1, "公开": 1, "多份证": 1, "供": 1, "转机": 1, "边境": 1, "服务局": 1, "人员": 1, "获准": 1, "9月": 1, "23号": 1, "引渡案": 1, "听证会": 1, "相关": 1, "审讯": 1, "定于": 1, "明年": 1, "1月": 1, "20号": 1, "青年": 1, "网L": 1, "中青网": 1, "中心": 1, "灵": 1, "20190821": 1, "gentlemonsterofficialGENTLEMONSTER": 1, "X华": 1, "活动": 1, "红毯": 1, "高清": 1, "p​": 1}