{"任正非": 22, "卸任": 14, "北京": 11, "华为": 67, "数字": 10, "技术": 17, "有限公司": 4, "副董事长": 17, "天眼": 5, "查": 5, "数据": 5, "显示": 5, "11月": 8, "22日": 5, "有限": 7, "公司": 12, "发生": 5, "工商": 5, "变更": 5, "退出": 12, "董事长": 7, "孙亚芳": 7, "董事": 2, "徐文伟": 2, "、": 6, "郭": 2, "平等": 2, "法定": 3, "代表人": 3, "田兴普": 3, "接任": 3, "此前": 4, "交班": 8, "很多": 7, "O": 2, "全资": 9, "子公司": 8, "称": 7, "今晚": 1, "北鼻": 1, "千入": 1, "梦": 1, "！！！": 1, "烊": 7, "千": 17, "玺": 17, "可爱": 9, "！": 15, "易烊": 14, "千玺帅y": 1, "yq": 6, "x帅": 5, "yy": 3, "qx": 5, "nova": 5, "全球": 4, "代言人": 8, "天猫": 4, "adidasneo": 1, "少年": 5, "长安": 4, "十二": 4, "时辰": 4, "千玺yyqx": 1, "中戏": 4, "第一": 6, "四": 16, "字": 20, "弟弟": 11, "szdd易烊": 1, "粉丝": 3, "​": 16, "眼中": 1, "中国": 7, "企业家": 2, "科技": 3, "创新": 2, "领导者": 2, "孙": 1, "亚芳": 1, "后者": 1, "研发": 1, "所长": 1, "@": 6, "新京报O": 1, "接受": 3, "欧洲": 6, "新闻": 3, "电视台": 3, "采访": 3, "才": 4, "交接班": 3, "L老板": 2, "联播": 3, "视频": 9, "易": 3, "系列": 1, "三": 1, "都": 5, "国外": 1, "千玺": 3, "唯一": 1, "一个": 5, "国内": 1, "嘎嘎嘎": 1, "TFBOYS": 3, "千玺L零": 1, "筹码": 1, "在线": 1, "玩家": 1, "解析": 1, "阿里巴巴": 1, "人力": 1, "资源": 2, "管理": 1, "看完": 1, "明白": 1, "牛​": 1, "老板": 2, "联播L": 1, "联合": 1, "优酷": 1, "纪录片": 2, "大地": 1, "私宴": 1, "荣耀": 1, "HONOR": 1, "旗舰店": 1, "举办": 1, "场": 1, "风味": 1, "十足": 1, "品鉴": 1, "活动": 1, "寻味": 1, "旅": 1, "遇见": 1, "食": 1, "本味": 1, "评论区": 1, "分享": 6, "印象": 1, "美食": 2, "大名": 1, "话题": 1, "热门": 1, "前排": 1, "🐔": 1, "净化": 1, "😤y": 1, "x帅yyqx": 1, "戏y": 1, "x华为yyq": 1, "x天猫yy": 1, "短发yy": 1, "发型": 3, "封面": 3, "小北": 1, "阿迪易烊": 1, "演技": 1, "四字szyyqx": 1, "天猫adidasneoyyq": 1, "x梨涡y": 1, "x日": 1, "默瓦": 1, "依云": 1, "硬照": 1, "代言易烊": 1, "首位": 2, "千玺华": 1, "Lx": 1, "努力": 1, "Matepadpro": 1, "这次": 1, "太": 1, "惊艳": 1, "边框": 1, "控制": 1, "麒麟": 1, "990+2K屏": 1, "+": 7, "40": 1, "W快": 1, "充+": 1, "哈曼卡顿": 1, "音效": 1, "多屏": 1, "协同": 1, "Mpencil": 1, "精手": 1, "写笔": 1, "配色": 1, "这是": 1, "心动": 1, "食堂": 5, "曝光": 2, "：": 4, "泪流满面": 1, "理由": 1, "好好": 1, "学习": 1, "爆红": 1, "网络": 3, "官方": 4, "心声": 1, "社区": 1, "员工": 3, "沙特": 1, "伙食": 1, "身处": 1, "沙漠": 1, "放肆": 1, "吃": 5, "海鲜": 1, "年均": 1, "薪水": 1, "77万": 1, "土豪": 1, "钱": 3, "2000年": 1, "公派": 1, "出国": 1, "外汇": 1, "管制": 1, "麦当劳": 1, "刷": 1, "出卡": 1, "一日三餐": 1, "啃": 1, "单调": 1, "垃圾": 1, "食品": 1, "十几": 1, "越来越": 2, "重视": 1, "餐饮": 1, "版块": 1, "孟加拉": 1, "烤全羊": 1, "金沙萨": 1, "享用": 1, "烧烤": 1, "大餐": 1, "莫斯科": 1, "烤鱼": 1, "加纳": 1, "羊肉": 1, "泡馍": 1, ".....": 1, "目标": 1, "球": 1, "「": 1, "德国": 11, "电信": 4, "封杀": 2, "大使": 2, "发": 1, "警告": 1, "」": 1, "经济": 1, "周刊": 1, "20日": 3, "援引": 1, "集团": 2, "管理层": 1, "消息": 1, "发布": 3, "独家": 1, "报道": 3, "年内": 1, "亚洲": 1, "部件": 2, "占比": 1, "变为": 1, "零": 1, "核心": 1, "中正": 1, "替换": 2, "总理": 1, "默克尔": 1, "重申": 1, "拒绝": 2, "放弃": 1, "主因": 1, "欧盟": 2, "国家": 2, "5G": 4, "排斥": 1, "排除": 1, "核心网": 1, "掉": 1, "美国": 2, "厂商": 2, "设备": 1, "采购": 1, "本土": 1, "产品": 1, "芬兰": 1, "诺基亚": 1, "瑞典": 1, "爱立信": 1, "从中": 1, "获利": 1, "市场": 3, "面临": 1, "全局": 1, "挑战": 1, "新华网": 1, "驻德": 1, "吴恳": 1, "毫无": 1, "根据地": 1, "参与": 1, "建立": 1, "公然": 1, "歧视": 1, "发出": 1, "保护主义": 1, "错误": 1, "信号": 2, "损害": 1, "利益": 1, "担心": 1, "汽车": 2, "前途": 1, "离开": 1, ".": 1, "工作": 1, "忙": 1, "复习": 1, "阳光": 1, "心态": 1, "积极向上": 1, "精神": 1, "树立": 1, "必胜": 1, "信心": 1, "!": 1, "春节": 1, "上华": 1, "手机": 2, "喜欢": 1, "爱": 1, "!​": 1, "神奇": 1, "matex​": 1, "随手": 2, "净化❗": 2, "❗❗": 2, "投票": 2, "→": 8, "投🎫": 6, "删掉": 4, "取消": 2, "选择": 2, "项": 2, "❗": 2, "​四字yyqx": 2, "dbxjsndn": 2, "jw帅": 2, "二十猫dbxjcasesc甜": 2, "雕塑": 2, "优益": 2, "C帅": 2, "戏华": 2, "苏": 2, "舒适圈": 2, "好看": 3, "千玺yyq": 2, "szdd": 1, "szdd帅": 1, "yyqx": 1, "唱歌": 1, "szdd四": 1, "四字帅": 1, "歌": 1, "好听": 1, "李必": 1, "刘": 1, "北山": 1, "​​​": 1, "头条": 1, "文章": 1, "机会": 3, "大于": 3, "风险": 4, "": 1, "财经": 1, "每日": 1, "必读": 1, "赚钱": 1, "季": 1, "周五": 1, "股权": 1, "/": 2, "超跌": 2, "低价": 1, "区块链": 1, "穿戴": 1, "智能": 2, "分化": 1, "主板": 1, "放量": 1, "下跌": 1, "预设": 1, "明日": 2, "探底": 1, "企稳": 2, "观察": 2, "成交量": 1, "放大": 3, "强势": 1, "股": 2, "接力": 1, "亏": 1, "效应": 1, "麦克奥迪": 1, "长城": 1, "动漫": 1, "情绪": 1, "标杆": 1, "空间板": 1, "高度": 1, "6板": 1, "首板": 1, "数量": 1, "减少": 1, "消息面": 1, "影响": 1, "短期": 1, "降低": 1, "偏好": 1, "回避": 1, "破位": 1, "高位": 1, "趋势": 1, "耐心": 1, "狩猎": 1, "优": 1, "策略": 1, "低": 2, "吸": 1, "主线": 1, "板块": 2, "人气股": 1, "轮动": 1, "吸富": 1, "一生": 1, "Ps:2870": 1, "看y": 1, "12月": 1, "5号": 1, "有事": 1, "喊": 1, "武汉": 2, "找": 1, "惊喜": 2, "6": 2, "L华": 2, "终端": 2, "秒拍": 2, "霸权": 1, "受挫": 1, "；": 1, "私企": 1, "复兴": 2, "有望": 1, "载入": 1, "中华": 1, "国际": 1, "关系": 1, "史册": 1, "胜": 1, "智": 1, "大胜": 1, "德": 1, "常胜": 1, "人类": 1, "命运": 1, "共同体": 1, "何必": 1, "相煎太急": 1, "深圳": 2, "·": 1, "基地": 1, "央视": 3, "疯狂": 1, "Call": 1, "主播": 1, "集体": 1, "出动": 1, "外加": 1, "栏目": 1, "露面": 1, "提供": 3, "支持": 3, "频": 1, "媒体": 1, "平台": 1, "主持人": 1, "大赛": 1, "人工": 1, "为所欲为​": 1, "距离": 1, "书写": 1, "1": 1, "MatePad": 3, "上海": 1, "投资": 1, "控限": 1, "持股": 1, "逼": 1, "世界": 3, "送给": 1, "梦想": 1, "44": 1, "岁": 1, "经营": 1, "骗": 1, "200万": 2, "国企": 1, "南油": 1, "除名": 1, "留任": 1, "背负": 1, "还清": 1, "债": 1, "妻子": 1, "婚": 1, "带": 1, "老爹": 1, "老娘": 1, "妹妹": 1, "住": 1, "棚屋": 1, "创": 1, "立华": 1, "资本": 1, "人脉": 1, "经验": 1, "唯有": 1, "勇敢": 1, "向前": 1, "27": 1, "带到": 1, "500": 1, "行业": 1, "位置": 1, "跌倒": 1, "可怕": 2, "站": 1, "L网乐": 1, "欢笑": 1, "超级": 1, "压感": 1, "手写": 2, "值得": 1, "期待": 1, "真机图": 1, "不错": 1, "功能": 1, "不说": 1, "估计": 1, "赞叹": 1, "感觉": 1, "MatePadPro": 1, "12.9": 1, "英寸": 1, "版本": 1, "请": 1, "停止": 1, "散发": 1, "魅力": 1, "高铁": 1, "票": 1, "买好": 1, "昨晚": 1, "比赛": 1, "晚上": 1, "11点": 1, "刚好": 1, "拍": 1, "Mate30": 2, "苹果": 3, "11pro": 1, "像素": 1, "对比": 1, "……": 1, "一二三": 1, "四五六": 1, "镜头": 1, "10": 1, "倍": 2, "30": 1, "第三": 1, "窗户": 1, "水雾": 1, "挺": 1, "琉璃画": 1, "猫宁": 1, "方妮": 1, "Apple": 1, "触控": 1, "笔长": 1}