{"易": 1, "烊千玺": 1, "易烊": 2, "千玺": 1, "2020": 3, "前路": 1, "遂心": 1, "同行": 1, "想": 3, "华为": 65, "爸爸": 1, "@": 7, "TFBOYS": 1, "千玺​": 1, "技术": 6, "春风": 1, "机械": 1, "臂": 1, "售货": 1, "争气": 1, "生活": 2, "便利": 1, "高科技": 1, "武汉": 2, "首家": 1, "记": 1, "！": 22, "授权": 1, "智能": 2, "售货店": 1, "高效": 1, "充满": 1, "乐趣": 1, "购物": 1, "体验": 2, "LnG家": 1, "猫": 1, "秒拍": 3, "视频": 16, "​": 16, "VLOG060": 1, "快": 5, "5G": 16, "手机": 13, "关心": 1, "避坑": 1, "指南": 1, "礼拜": 1, "带": 3, "Mate30": 3, "Pro5G": 1, "版": 1, "iPhone11ProMax": 1, "跑": 1, "好几": 1, "地方": 1, "速度": 4, "很快": 1, "反倒": 1, "额外": 1, "知识点": 1, "…": 1, "L迪仔Dizzz": 1, "2019年": 7, "苹果": 4, "都": 6, "极其": 1, "平凡": 1, "库克": 1, "领导": 1, "低谷": 1, "巅峰": 1, "年初": 1, "市值": 3, "跌破": 1, "七千亿": 1, "年底": 1, "1300000000000": 1, "美元": 2, "任正非": 6, "川普": 1, "试压": 1, "封杀": 1, "国产": 1, "你追我赶": 1, "厮杀": 1, "上个月": 1, "251": 1, "事件": 1, "带来": 2, "忽视": 1, "舆论": 1, "影响": 2, "倪光南": 1, "院士": 1, "中国": 4, "企业": 6, "质量": 1, "发展": 4, "论坛": 1, "透露": 1, "评估": 1, "1.3万亿": 1, "正好": 1, "持平": 1, "吹": 1, "黑": 1, "公司": 8, "强大": 3, "科技": 4, "‍": 1, "2019": 3, "短": 1, "发布会": 1, "颁奖": 1, "盛典": 1, "一个": 8, "投票": 1, "：": 8, "年度": 2, "最佳": 2, "热词": 2, "干": 4, "翻华": 1, "喊": 1, "词": 1, "刷屏": 1, "毕竟": 1, "一大堆": 1, "经典": 1, "语录": 1, "上榜": 1, "12.3119:30": 1, "线上": 1, "观礼": 1, "明天": 3, "心目": 1, "好看": 1, "颜值": 2, "吸引": 1, "眼球": 1, "有趣": 1, "内核": 1, "增添": 1, "智慧": 4, "HUAWEIMateBook": 1, "D多屏": 1, "协同": 1, "操作": 1, "加金属": 1, "精致": 1, "外观": 1, "1月": 3, "1日": 1, "windows": 1, "版本": 4, "开售": 1, "2020年": 2, "MateBookD": 1, "实力派": 1, "撸": 1, "疯狂": 1, "收": 2, "红包": 1, "新年": 2, "锦鲤妆": 2, "第一": 1, "感受": 1, "妆面": 1, "拍": 2, "清晰": 1, "通透": 1, "nova65G": 1, "摄影": 1, "功能": 4, "真的": 3, "太": 1, "远近": 1, "清清楚楚": 2, "脸": 2, "cm": 1, "自动": 1, "焦": 1, "睫毛": 1, "妆容": 1, "细节": 1, "康": 1, "~": 5, "自拍": 2, "爱": 3, "如初": 1, "学": 1, "希望": 1, "好运": 1, "老婆们": 1, "2020toge": 2, "话题": 2, "美美": 1, "自拍照": 1, "愿望": 1, "页": 1, "抽": 5, "五": 1, "老婆": 1, "喝": 1, "奶茶": 1, "阿华": 2, "忍": 1, "不住": 1, "剧透": 1, "波": 1, "MatePad": 2, "Pro": 2, "巨幅": 1, "插画": 1, "暗藏": 1, "鼠年": 1, "玄机": 1, "12月": 3, "31日": 1, "上海": 1, "西岸": 1, "艺术": 1, "中心": 2, "A馆": 1, "机会": 1, "赢": 1, "惊喜": 2, "礼": 1, "点击O": 1, "网页": 2, "链接": 3, "即刻": 1, "入手": 1, "父母": 3, "梨": 1, "手环": 1, "打造": 1, "亲情": 1, "实验室": 1, "随机": 1, "找到": 1, "3": 1, "嘉宾": 1, "8": 1, "测试": 1, "年轻人": 1, "程度": 2, "答完": 1, "L梨": 1, "hicar": 2, "初级": 1, "产品": 2, "未来": 1, "汽车": 4, "BU": 1, "业务": 1, "拓展": 1, "市面": 1, "类似": 1, "覆盖度": 1, "算": 1, "宝马": 2, "idrive": 2, "一般而言": 1, "习惯": 1, "不用": 2, "感觉": 1, "开手": 1, "扶": 1, "拖拉机": 1, "7.0": 1, "智能化": 1, "可靠性": 1, "不错": 1, "基于": 1, "通信": 6, "背景": 1, "厂商": 1, "成本": 1, "承受": 1, "做成": 1, "OTA": 1, "升级": 2, "车载": 1, "开发": 2, "变快": 1, "理解": 1, "市场": 2, "硬件": 2, "软件": 2, "包括": 2, "娱乐": 1, "自然": 1, "前装": 1, "HICAR": 1, "壮大": 1, "生态": 1, "搞": 7, "房地产": 4, "近日": 1, "心声": 1, "社区": 1, "发布": 3, "创始人": 1, "接受": 1, "华尔街": 1, "日报": 1, "采访": 3, "纪要": 1, "时间": 2, "11月": 1, "5日": 1, "此次": 1, "回顾": 2, "创立": 1, "过程": 1, "当年": 1, "股份": 1, "散": 1, "行业": 1, "傻": 1, "苦": 1, "累": 1, "赚钱": 3, "O": 2, "头条": 1, "文章": 1, "买": 4, "分歧": 3, "": 1, "财经": 3, "每日": 2, "必读": 1, "季": 1, "周一": 1, "网红": 1, "经济": 3, "文化": 1, "传媒": 1, "+": 6, "周期": 2, "涨价": 1, "玻璃": 2, "水泥": 1, "能源": 1, "锂电": 1, "/": 5, "钴": 1, "股权": 1, "创投": 1, "公告": 2, "短庄股": 1, "横行": 1, "金融": 1, "(": 1, "券商": 1, "养殖": 1, "板块": 3, "企稳": 1, "重点": 1, "关注": 1, "连续": 1, "调整": 1, ";": 1, "主板": 1, "放量": 1, "上涨": 1, "预设": 1, "明日": 4, "震荡": 1, "观察": 3, "成交量": 1, "放大": 2, "强势": 2, "股": 2, "接力": 2, "亏": 1, "钱": 2, "效应": 2, "欣龙": 1, "控股": 3, "星期六": 1, "松德": 1, "洛阳": 1, "情绪": 1, "标杆": 1, "空间板": 1, "高度": 1, "6板": 1, "连板": 1, "下降": 1, "首板": 1, "数量": 1, "增加": 1, "大概率": 1, "早盘": 1, "不少": 1, "风票": 1, "地板": 1, "摩擦": 1, "盘中": 1, "逆市": 1, "人气股": 2, "优": 1, "策略": 1, "低": 2, "吸": 1, "主线": 1, "油气": 1, "送": 2, "预期": 1, "创板": 1, "块": 1, "潜伏": 1, "轮动": 1, "补涨": 1, "吸富": 1, "一生": 1, "O买": 1, "英国": 11, "核心": 3, "部件": 4, "开绿灯": 3, "邮报": 1, "29日": 1, "援引": 1, "名": 1, "情报": 3, "部门": 3, "消息": 2, "人士": 2, "报道": 4, "称": 4, "首相": 2, "约翰逊": 2, "参与": 5, "当地": 1, "网络": 3, "建设": 5, "提供": 2, "非核心": 2, "定于": 1, "明年": 2, "一月": 1, "第三": 1, "国家": 2, "委员会": 1, "会议": 1, "届时": 1, "据称": 1, "政府": 1, "内部": 1, "初步": 1, "讨论": 1, "建议": 2, "排除": 1, "范畴": 1, "高速": 1, "互联网": 1, "天线": 1, "信心": 1, "利益": 1, "之间": 1, "平衡": 1, "详戳": 1, "吃瓜": 1, "网易": 3, "款": 1, "游戏": 2, "OPP": 1, "O服": 1, "比例": 1, "充返": 1, "活动": 4, "平台": 1, "玩家": 2, "公平": 1, "对待": 1, "件": 1, "交涉": 1, "均": 1, "未": 1, "满意": 1, "最终": 1, "充值": 2, "返现": 1, "阴阳师": 1, "关闭": 1, "华为服": 1, "渠道": 1, "。。。": 1, "马上": 3, "就要": 2, "结束": 1, "电视剧": 2, "追": 1, "综艺": 1, "喜欢": 2, "荣耀": 6, "朋友": 2, "打开": 2, "自带": 2, "APP": 1, "芒果TV": 1, "、": 5, "优酷": 1, "腾讯": 1, "内容": 2, "发现": 1, "山上": 1, "大雪": 1, "雪山": 1, "捡口": 1, "砂锅": 1, "6": 1, "斤": 1, "羊腿": 1, "锅": 1, "美味": 1, "冰雪": 1, "羊肉": 1, "Nova65G": 1, "前置": 1, "超广角": 1, "照片": 1, "记录": 1, "评论": 1, "点赞": 1, "转发": 2, "美食": 1, "吃货": 1, "江湖": 1, "山药": 1, "L山药": 1, "​O": 1, "抽奖": 1, "详情": 1, "销售": 1, "1亿": 2, "即将": 1, "迎来": 1, "大潮": 1, "份子": 1, "看好": 2, "品牌": 2, "大佬": 2, "表情": 1, "名人": 1, "金句": 2, "盘点": 3, "漏下": 3, "瓜": 2, "商界": 1, "发生": 3, "很多": 2, "变化": 2, "马云": 1, "退休": 1, "崛起": 1, "当当网": 1, "夫妻": 1, "反目": 1, "罗永浩": 1, "忽悠": 1, "王思聪": 1, "老赖": 1, "董明珠": 1, "怒斥": 1, "奥克斯": 1, "李彦宏": 1, "惨遭": 1, "泼水": 1, "……": 1, "跟着": 1, "南财": 1, "O2019": 1, "瓜L": 1, "21": 1, "世纪": 1, "5g": 1, "威胁": 1, "这是": 2, "赤裸裸": 1, "美国": 1, "据说": 1, "60%": 2, "流浪": 4, "动物": 3, "度过": 1, "寒冬": 1, "我国": 1, "超过": 2, "4000万": 1, "流浪猫": 1, "狗": 1, "严酷": 1, "冬季": 2, "生存": 1, "环境": 1, "毛孩": 1, "难以": 1, "撑过": 1, "冬天": 1, "乐观": 1, "估计": 2, "死亡率": 1, "百度": 2, "输入法": 2, "暖冬": 1, "公益": 3, "联合": 1, "基金": 2, "过冬": 1, "储备": 1, "粮食": 1, "即日": 1, "13日": 2, "萌宠": 1, "皮肤": 2, "最多": 1, "募得": 1, "10": 1, "吨": 1, "Fish4Dogs": 2, "海洋": 2, "星": 2, "宠物": 3, "食品": 2, "独家": 1, "爱心": 3, "支持": 1, "进口": 1, "主粮": 1, "发往": 1, "全国": 1, "救助站": 1, "参加": 1, "O网页": 1, "献出": 1, "本条": 1, "传递": 1, "5": 3, "送出": 2, "价值": 2, "299": 1, "元": 2, "海雀AI": 1, "全景": 1, "摄像头": 1, "评论区": 1, "晒出": 1, "下载": 1, "99": 1, "罗技": 1, "G102": 1, "有线": 1, "鼠标": 1, "抽出": 1, "DigiX": 1, "数字": 1, "生活节": 1, "世界": 1, "众所众知5G": 1, "生活会": 1, "科普": 1, "阅读·DigiX": 1, "读书": 1, "邀请": 1, "智造": 1, "工业": 1, "4.0": 1, "研究所": 1, "所长": 1, "王喜文": 1, "教授": 1, "带领": 1, "加速": 1, "美好": 1, "转评": 1, "AI": 1, "音箱": 1, "全新": 1, "旗舰": 1, "平板": 1, "这次": 1, "用上": 1, "系列": 2, "素皮": 1, "设计": 1, "丹霞橙": 1, "青山": 1, "黛": 1, "配色": 1, "可惜": 1, "货": 1, "怪": 1, "文件": 4, "传输": 3, "工作": 2, "至关重要": 1, "进度": 1, "条": 1, "缓慢": 1, "着实": 1, "抓狂": 1, "办法": 1, "轻松": 1, "华为云WeLink": 2, "特有": 1, "百兆": 1, "秒开": 1, "困难": 1, "不说": 1, "分享": 1, "老板": 1, "懂": 1, "平台O": 1, "L华为云": 1, "拉动": 1, "芯片": 4, "产业链": 1, "例子": 1, "媒体": 2, "云南": 7, "锗业": 7, "启动": 1, "年产": 2, "15万": 2, "4": 2, "英寸": 4, "磷化": 6, "铟": 2, "晶片": 3, "项目": 2, "海思": 5, "25日": 1, "同意": 1, "子公司": 3, "鑫耀": 2, "半导体": 2, "实施": 1, "铟单": 2, "8月": 1, "验证": 1, "生产线": 2, "建成": 1, "具备": 1, "能力": 1, "24": 1, "昆明": 2, "市长": 1, "王喜良": 1, "合作": 2, "昆明市": 1, "战略": 1, "供应链": 1, "推动": 1, "稀贵": 1, "金属": 1, "材料": 1, "产业": 1, "意义": 1, "生产": 1, "2-6": 1, "半导体级": 1, "半": 1, "绝缘": 1, "体砷": 1, "化镓": 1, "晶体": 1, "国际": 1, "先进": 1, "水平": 1, "2-4": 1, "衬底": 1, "业界": 1, "分析": 1, "砷化": 2, "镓晶圆": 1, "铟晶": 1, "圆产能": 1, "吃进": 1, "加大": 1, "扩能": 1, "镓是": 1, "做PA": 1, "铟是": 1, "做光": 1, "相关": 1, "扩建": 1, "工厂": 2, "建光": 1, "发自": 1, "内心": 1, "歌颂": 1, "赞美": 1, "请": 1, "水军": 1, "余承东": 1, "底线": 1, "年终奖": 2, "文": 1, "高分": 1, "时刻": 1, "记得": 1, "O盘点": 1, "不容": 1, "错过": 1, "大事": 1, "智慧屏": 2, "小米": 1, "电视": 1, "Pro拆机": 1, "事儿": 1, "暂时": 1, "告一段落": 1, "可谓": 1, "潘郎妙": 1, "计安": 1, "天下": 1, "赔了夫人又折兵": 1, "一点": 1, "困惑": 1, "本来": 1, "元旦": 1, "闲鱼": 1, "上收": 1, "pro版": 1, "卖": 2, "3100": 1, "三": 1, "拆机": 2, "咸鱼": 1, "最低": 1, "3500": 1, "便宜": 1, "甩卖": 1, "屏": 1, "恨": 1, "卢伟冰": 2, "卢": 3, "昨天": 1, "nova6": 1, "V30": 1, "带货": 1, "一带": 1, "路由器": 1, "小心": 1, "价格": 1, "炒": 1, "L长": 1, "安数码君": 1, "孟晚舟": 2, "退出": 2, "全资": 2, "董事": 2, "庞": 1, "云光": 2, "接任": 2, "天眼": 1, "查": 1, "数据": 1, "显示": 1, "26日": 1, "杭州": 2, "有限": 3, "变更": 1, "轮值": 1, "董事长": 2, "郭平": 1, "卸任": 1, "法定": 1, "代表人": 1, "田兴普": 1, "新增": 1, "董事庞": 1, "成立": 1, "2008年": 1, "7月": 1, "注册": 1, "资本": 1, "人民币": 1, "经营": 1, "服务": 2, "投资": 1, "跨年": 3, "演唱会": 2, "慢慢": 1, "仪式感": 1, "想要": 1, "安排": 1, "湖南": 1, "卫视": 1, "终端": 2, "门票": 1, "现场": 1, "~​": 1, "旅行": 1, "总会": 1, "未知": 1, "尝试": 1, "说到": 1, "自由": 2, "潜水": 1, "独特": 1, "纪录片": 1, "无际蓝": 2, "潜": 1, "女神": 1, "陆文婕": 1, "Jessea": 1, "闭": 1, "一口气": 1, "下潜": 1, "海底": 1, "97": 1, "米": 1, "刷新": 1, "人类": 2, "负": 1, "海拔": 1, "极限": 1, "认知": 1, "重构": 2, "影像": 1, "想象": 2, "突破": 1, "边界": 1, "定义": 1, "才能": 1, "拥抱": 1, "L华": 1, "官方": 1}