{"林": 2, "GENTLEMONS": 1, "TER华": 2, "智能": 5, "眼镜": 5, "林一": 1, "同学": 1, "机场": 1, "新鲜": 1, "出炉": 1, "秋天": 1, "衣柜": 1, "件": 2, "卡其色": 2, "风衣": 2, "内": 1, "搭": 1, "黑色": 1, "条纹": 1, "针织衫": 1, "当下": 1, "出镜率": 1, "GM华": 2, "款": 2, "听": 2, "音乐": 1, "一一": 2, "歌": 1, "想": 5, "帅哥": 1, "分享": 2, "歌单": 1, "～​": 1, "华为": 69, "携手": 2, "瑞士": 3, "私营": 2, "运营商": 8, "：": 12, "部署": 3, "欧洲": 3, "5G": 23, "三": 3, "层": 3, "立体": 3, "商用": 4, "网络": 10, "10月": 10, "17日": 4, "消息": 1, "Sunrise": 2, "中国": 9, "成功": 2, "项目": 1, "采用": 2, "领先": 3, "极简宏站": 1, "、": 14, "微站": 1, "室内": 1, "数字": 1, "系统": 1, "产品": 3, "解决": 5, "方案": 4, "构建": 2, "架构": 1, "覆盖": 4, "这是": 2, "基础": 1, "设施": 1, "地位": 1, "加快": 1, "一个": 6, "里程碑": 1, "观察者": 1, "网": 1, "任正非": 23, "称": 4, "6G": 13, "年后": 6, "主力": 10, "16日": 6, "接受": 7, "日本": 15, "共同社": 9, "采访": 11, "高频": 2, "带宽": 2, "很": 8, "宽": 2, "弱": 2, "保守": 5, "估计": 9, "也许": 2, "快": 5, "一点": 2, "暂时": 5, "L大佬": 2, "时间": 3, "视频": 12, "​": 18, "爸妈": 6, "无时无刻": 1, "牵挂": 1, "逗": 1, "心重": 1, "惦记": 1, "守": 1, "屋中": 1, "小时候": 1, "照片": 1, "发呆": 1, "......": 1, "醒醒": 1, "！": 8, "生活": 3, "远": 1, "精彩": 2, "KPI": 1, "发愁": 1, "经典": 1, "POSE": 1, "早已": 1, "打卡": 1, "世界": 2, "；": 7, "周末": 1, "加班": 1, "KTV": 1, "战友": 1, "掀起": 1, "聚会": 1, "高潮": 1, "带": 1, "节气": 1, "家味": 1, "机会": 3, "赢": 1, "Mate30": 3, "广告": 1, "。。。。。。": 1, "很多": 3, "企业": 1, "想法": 1, "耐": 1, "住": 2, "寂寞": 1, "专注": 1, "难": 1, "GENTLE": 1, "MONS": 1, "林": 1, "前往": 1, "首尔": 1, "参加": 1, "时装周": 1, "尽显": 1, "清秀": 1, "气质": 1, "搭配": 1, "黑科技": 2, "妥妥": 1, "文艺": 1, "青年": 1, "想起": 1, "演顾": 1, "未": 1, "心动": 1, "感觉": 1, "简直": 1, "行走": 1, "衣架": 1, "美": 3, "冷战": 3, "美国": 18, "封闭": 3, "开放": 3, "技术": 12, "等到": 3, "O": 3, "主力L": 1, "老板": 5, "联播": 5, "希望": 1, "加深": 2, "公司": 11, "合作": 3, "拉面": 2, "好吃": 1, "喜欢": 1, "吃": 2, "优势": 1, "创造": 1, "优质": 1, "投入": 1, "资金": 1, "L": 3, "苹果": 1, "网友": 1, "爆料": 1, "荣耀": 2, "宣传图": 1, "盗图": 1, "改": 1, "详细": 1, "整理": 1, "份": 1, "事发": 1, "……": 1, "后续": 1, "当事": 1, "博主": 1, "事情": 1, "圆满": 1, "事件": 1, "并非": 1, "荣耀方": 1, "所为": 1, "第三方": 1, "制作": 1, "提供": 1, "删除": 1, "此前": 1, "减少": 2, "伤害": 2, "再次": 2, "威逼": 2, "德国": 7, "情报": 4, "国务院": 1, "主管": 1, "通信": 1, "政策": 1, "副": 1, "助理": 1, "国务卿": 1, "罗伯•斯特雷尔": 1, "15日": 3, "宣称": 1, "参与": 1, "建设": 4, "评估": 1, "共享": 2, "关系": 1, "审查": 1, "3月": 1, "经济": 1, "部长": 1, "彼得•阿尔特迈尔": 1, "表态": 1, "排除": 1, "本国": 1, "随后": 1, "阿尔特迈尔": 1, "收到": 1, "特朗普": 1, "政府": 1, "威胁": 2, "放弃": 1, "美方": 2, "削弱": 1, "国": 1, "发布": 5, "头条": 1, "文章": 1, "反弹": 3, "一触即发": 3, "": 2, "财经": 2, "每日": 1, "必读": 1, "赚钱": 1, "季": 1, "周四": 1, "/": 1, "科技": 3, "(": 1, "智慧": 2, "政务": 1, "主板": 1, "缩量": 1, "调整": 1, "明日": 2, "预设": 1, "观察": 3, "成交量": 1, "放大": 1, "强势": 1, "股": 1, "接力": 1, "亏": 3, "钱": 2, "效应": 1, "依旧": 1, "宝鼎": 1, "华金": 1, "资本": 2, "非科": 1, "创板": 1, "情绪": 2, "标杆": 1, "空间板": 1, "高度": 1, "4板": 1, "首板": 2, "数量": 2, "存量": 1, "博弈": 1, "先手": 1, "重要性": 1, "冰点": 1, "酝酿": 1, "反转": 1, "重点": 2, "关注": 2, "指数": 1, "共振": 1, "板块": 2, "风险": 2, "偏好": 1, "选择": 3, "包板": 1, "1": 4, "涨停板": 1, "套利": 1, "优": 1, "策略": 1, "耐心": 1, "回踩": 1, "企稳": 1, "操作": 6, "低": 1, "吸富": 1, "一生": 1, "科创板": 1, "筑底": 1, "铂力特": 1, "+": 2, "南微": 1, "医学": 1, "乐鑫": 1, "另外沃尔德": 1, "方邦": 1, "股份": 2, "福光": 1, "瀚川": 1, "活跃": 1, "盘中": 1, "Ps:2950": 1, "大于": 1, "O反弹": 1, "5g": 1, "NSA": 9, "SA": 6, "终结": 1, "帖": 1, "情况": 4, "找": 4, "BG": 1, "领导": 3, "电信": 1, "态度": 2, "支持": 8, "能力": 2, "基站": 1, "双模": 1, "挂": 1, "核心网": 1, "意味": 1, "手机": 7, "功能": 1, "3": 6, "交流": 1, "全国": 1, "50多": 2, "城市": 7, "都": 2, "方向": 2, "试点": 3, "建都": 1, "建": 1, "双核": 1, "心网": 1, "只能": 6, "4G": 2, "4": 2, "段": 1, "SA共存": 1, "NSA挂4G": 1, "5G网": 1, "功耗": 1, "管理": 1, "杭州": 2, "·": 1, "奥体": 1, "博览城": 1, "跟着": 1, "博物": 1, "旅行": 1, "誉为": 1, "尽头": 1, "塔斯马尼亚": 1, "Mate30Pro": 4, "记录": 1, "现存": 1, "食肉": 1, "有袋": 1, "动物": 2, "袋獾": 1, "亲密": 1, "接触": 1, "可爱": 1, "树袋": 1, "熊": 1, "澳洲": 1, "袋鼠": 1, "大家族": 1, ".....": 1, "万万": 1, "Mate": 2, "想到": 1, "神奇": 1, "2019": 1, "全球": 2, "宽带": 1, "论坛": 1, "期间": 1, "无线": 1, "产品线": 1, "总裁": 1, "邓泰华": 1, "最新": 1, "系列": 6, "前所未有": 1, "速度": 1, "全速": 1, "发展": 1, "全世界": 2, "首批": 1, "C波段": 1, "2.6GHz": 1, "扩展": 1, "FDD": 1, "频段": 1, "全国性": 1, "毫米": 1, "波": 1, "区域": 1, "容量": 1, "提升": 1, "也就是说": 1, "想通": 1, "下一代": 1, "芯片": 1, "SA&NSA": 1, "TDD&FDD": 1, "Sub6G": 1, "Hz": 1, "&": 1, "Wave": 1, "高通": 1, "迟到": 1, "缺席": 1, "来源": 1, "@": 1, "官方": 6, "跪": 1, "去年": 2, "旗舰": 1, "Mate20Pro": 1, "P30Pro": 3, "贵": 1, "智商": 1, "税": 1, "交": 1, "台湾": 2, "节目": 1, "本来": 1, "想要": 1, "发射": 1, "卫星": 1, "🍉L": 1, "傻事": 1, "刚": 1, "发": 1, "深测": 1, "置顶": 1, "评论": 1, "站": 3, "制高点": 1, "指点": 1, "江山": 1, "碰到": 1, "粉丝": 3, "小伙伴": 1, "聊": 2, "一会儿": 1, "哥们": 2, "忠实": 2, "第一时间": 1, "拿到": 1, "5G素皮": 1, "版本": 1, "Pro交": 1, "门店": 1, "定金": 1, "退": 1, "麻烦": 1, "劲儿": 1, "铁粉": 2, "能干": 1, "铁": 1, "理智": 1, "机器": 1, "缺点": 1, "众多": 1, "品牌": 2, "优点": 1, "明白": 2, "贬损": 1, "素质": 1, "难得": 1, "回家": 1, "路上": 1, "早点": 1, "休息": 1, "晚安": 1, "发动": 1, "贸易战": 1, "全力": 1, "打压": 1, "得罪": 1, "国家": 1, "诺基亚": 2, "爱立信": 2, "坐享": 1, "渔翁之利": 1, "生意": 1, "风": 1, "水": 1, "才": 2, "事实": 1, "回": 1, "第一": 3, "季度": 3, "亏损": 3, "第三": 2, "营业": 1, "利润": 1, "4.87亿": 1, "欧元": 2, "同期": 1, "6.68亿": 1, "下降": 1, "27%": 1, "得益": 1, "北美": 1, "东南亚": 1, "业务": 3, "增长": 3, "销售额": 2, "57.27亿": 1, "瑞典": 2, "克朗": 2, "亏损额": 1, "41.96亿": 1, "极限": 1, "施压": 1, "三季度": 1, "依然": 1, "销售": 1, "收入": 1, "6108亿": 1, "元": 10, "同比": 1, "24.4%": 1, "净利润": 1, "8.7%": 1, "签订": 1, "60多": 1, "合同": 1, "40多万": 1, "MassveMI": 1, "MOSASAA": 1, "U发": 1, "世界各地": 1, "拉偏架": 1, "仗": 1, "打成": 1, "样子": 1, "竞争": 1, "摧枯拉朽": 1, "横扫千军": 1, "数据": 1, "面前": 1, "高下": 1, "立见": 1, "迈": 1, "坎": 1, "势不可挡": 1, "调性": 1, "相关": 2, "那种": 1, "大无畏": 1, "精神": 1, "睿智": 1, "成就": 1, "看任": 1, "老爷子": 1, "东西": 1, "学习": 1, "风骨": 1, "企业家": 1, "唯利是图": 1, "占豪": 1, "观点": 1, "外籍": 6, "人员": 3, "CEO": 7, "条件": 1, "内部": 1, "员工": 3, "平台": 1, "心声": 1, "社区": 1, "公开": 2, "2019年": 5, "8月": 1, "20日": 1, "美联社": 1, "纪要": 1, "全文": 1, "回答": 1, "实体": 4, "清单": 4, "制裁": 2, "聘用": 2, "提问": 1, "扛": 1, "打击": 1, "牺牲": 1, "老百姓": 3, "利益": 3, "贫穷": 2, "救": 1, "良心": 1, "过不去": 1, "挨打": 1, "包括": 1, "女儿": 1, "罪": 1, "让给": 1, "撤销": 1, "做好": 1, "长期": 1, "心理": 1, "谈": 1, "分析": 1, "具备": 1, "第二": 1, "工作": 1, "25": 1, "基层": 2, "层层": 1, "才能": 1, "结构": 1, "西方": 1, "‘": 2, "走马灯": 1, "’": 2, "喝": 2, "红酒": 1, "谈谈": 1, "哲学": 1, "风趣": 1, "推荐": 3, "董事长": 1, "人选": 1, "派遣": 1, "非洲": 1, "科摩罗岛": 1, "厨": 1, "狗": 1, "锻炼": 2, "地方": 1, "知晓": 1, "将来": 1, "问及": 1, "澳大利亚": 1, "先进": 1, "工具": 1, "担忧": 1, "购买": 2, "等待": 2, "实验": 1, "证明": 1, "不用": 1, "焦心": 1, "环球": 1, "时报": 1, "新媒体": 1, "大卖": 1, "7Pro": 1, "实话": 1, "音质": 2, "滴": 1, "Bose": 1, "惊艳": 1, "镜片": 1, "貌似": 1, "好些": 1, "选": 1, "2499": 1, "1599": 1, "老谭": 1, "电商": 2, "抹黑": 1, "消费": 1, "OPPO": 1, "RenoAce": 1, "5": 1, "分钟": 2, "1亿": 2, "吊": 1, "打华": 1, "5亿": 1, "用户": 1, "壳": 2, "同款": 1, "布纹": 1, "后盖": 1, "两侧": 1, "包": 2, "手感": 2, "屏幕": 1, "调节": 1, "音量": 1, "全包": 1, "调音量": 1, "凑活": 1, "真的": 1, "L钟文泽": 1, "英文": 1, "阅读": 2, "无感": 1, "满屏": 1, "单词": 1, "苦恼": 1, "滚屏": 1, "翻译": 1, "轻轻松松": 1, "长文": 1, "英译汉": 1, "理解": 1, "瞬间": 1, "升级": 1, "试试": 1, "L华": 2, "整点": 1, "播": 1, "每经": 1, "10点丨": 3, "央行": 7, "今日": 4, "第五": 5, "期": 5, "CBS": 5, "60亿": 4, "期限": 4, "哪吒": 4, "魔童": 3, "降世": 3, "奥斯卡": 4, "最佳": 4, "动画": 4, "初选": 4, "票据": 2, "互换": 2, "提高": 1, "银行": 3, "永续债": 2, "市场": 2, "流动性": 1, "发行": 1, "补充": 1, "人民": 1, "本期": 1, "操作量": 1, "面向": 1, "一级": 1, "交易商": 1, "固定费率": 1, "招标": 1, "费率": 1, "0.10%": 1, "首期": 1, "结算": 1, "到期日": 1, "2020年": 2, "1月": 1, "节假日": 1, "顺延": 1, "CCTV6": 1, "电影": 1, "频道": 1, "奖": 1, "正式": 1, "公布": 1, "长片": 1, "名单": 2, "白": 1, "蛇": 1, "缘起": 1, "冰雪": 1, "奇缘": 1, "玩具": 1, "总动员": 1, "爆发": 1, "危机": 1, "#淘": 1, "集集": 1, "每月": 2, "2亿": 2, "接盘侠": 1, "凌晨": 1, "3点": 1, "淘集集": 3, "创始人": 1, "张正平": 1, "致伙伴们": 1, "封": 1, "道歉信": 1, "信中": 1, "7月": 1, "内外部": 1, "因素": 1, "业绩": 1, "影响": 1, "停滞": 1, "杂志": 1, "报道": 1, "至今": 1, "12亿": 1, "上半年": 1, "净": 2, "六": 1, "亿": 1, "资产": 1, "负": 1, "6亿": 1, "超": 1, "O每经": 1, "教学": 1, "弹": 1, "总会": 1, "不经意": 1, "遇见": 1, "糟心事": 1, "闸机": 1, "地铁卡": 1, "阻塞": 1, "入口": 1, "小区": 1, "发现": 1, "忘带门卡": 1, "楼下": 1, "守株待兔": 1, "开门": 1, "从容应对": 1, "化解": 2, "隐藏": 1, "出行": 1, "钱包": 1, "碰": 2, "难题": 1, "戳": 1, "~": 1}