{"华为": 65, "袁隆平": 5, "合作": 14, "培养": 3, "海水稻": 5, "轮值": 2, "董事长": 2, "胡厚崑": 2, "透露": 2, "中国": 12, "杂交": 2, "水稻": 5, "父": 2, "培育": 3, "土壤": 3, "数字化": 2, "盐碱": 2, "地上": 2, "长出": 2, "15亿": 2, "亩": 4, "盐碱地": 3, "改造": 3, "1亿": 2, "良田": 2, "胡": 1, "厚崑": 1, "改良": 1, "核心": 1, "技术": 3, "四维": 1, "包括": 2, "品种": 1, "、": 42, "植物": 1, "调节": 1, "整套": 1, "方法": 1, "基础": 4, "要素": 1, "物联网": 1, "系统": 4, "财经": 4, "内参": 1, "O华": 2, "实力": 4, "科普": 1, "1月": 4, "7日": 3, "下午": 2, "消息": 1, "厉害": 1, "O网页": 2, "链接": 2, "​": 15, "正式": 3, "发布": 13, "自主": 5, "研发": 2, "业界": 15, "高性能": 12, "ARM": 20, "based": 11, "处理器": 18, "——": 1, "鲲鹏": 28, "920": 25, "Kunpeng920": 6, "创造": 3, "计算": 10, "性能": 10, "纪录": 2, "！": 18, "同步": 1, "推出": 3, "基于": 9, "TaiShan": 8, "服务器": 20, "服务": 5, "硬件": 4, "软件": 3, "三": 6, "层面": 3, "发力": 2, "构建": 4, "开放": 4, "共赢": 3, "生态": 3, "环境": 2, "46": 1, "页": 1, "PPT": 1, "：": 16, "内部": 2, "团队": 1, "晋升": 1, "资格": 1, "标准": 1, "体系": 1, "这是": 2, "世界": 5, "巨头": 1, "管理": 1, "内涵": 1, "干货": 1, "值得": 1, "收藏": 1, "天猫": 3, "新品": 5, "奥斯卡": 1, "种草": 1, "名单": 2, "出炉": 1, "Mate20Pro": 2, "戴": 2, "森卷": 2, "发棒": 2, "登上": 1, "榜单": 2, "C位": 2, "公布": 2, "2018": 3, "年度": 2, "获奖": 1, "断货王": 1, "adidasYEE": 1, "ZY": 1, "BOOST": 1, "350": 1, "卖": 1, "火爆": 1, "阿里": 5, "研究院": 1, "联合": 1, "消费": 1, "趋势": 1, "报告": 1, "显示": 1, "男士": 1, "颜值": 1, "埋单": 1, "购买": 1, "彩妆": 1, "护肤": 1, "单品": 1, "数量": 3, "增长": 1, "三四线": 1, "城市": 2, "人群": 1, "尝新": 1, "2018年": 2, "记者": 2, "杨艺": 1, "苹果": 13, "手机": 3, "不用": 4, "三星": 7, "深层次": 1, "原因": 2, "达成": 2, "L": 1, "全球": 12, "IT": 1, "数码": 2, "排行榜": 1, "视频": 4, "易": 1, "烊千": 1, "玺": 1, "千玺": 1, "nova星": 1, "@": 3, "终端": 1, "官方": 1, "红": 2, "热": 1, "恋粉": 1, "甜蜜": 1, "蜜语": 1, "TFBOYS": 1, "易烊": 1, "千玺​": 1, "​​": 1, "凌云": 1, "泰山": 3, "聚势": 1, "领域": 5, "厚积薄发": 1, "持续": 5, "创新": 5, "突破": 4, "推向": 1, "一个": 4, "高度": 1, "带入": 1, "核": 1, "异构": 1, "多样性": 2, "时代": 3, "系列": 6, "产品": 2, "企业": 3, "低": 3, "功耗": 2, "平台": 2, "请": 1, "总经理": 1, "卢": 1, "博士": 1, "带来": 2, "精彩": 1, "介绍": 2, "L华": 1, "往年": 1, "惯例": 1, "2019": 1, "上半年": 1, "旗舰机": 1, "小米": 4, "9": 1, "7": 1, "oppor19": 1, "华为p30": 1, "三星s10": 1, "索尼xz4": 1, "魅族": 1, "16s": 1, "vivox25": 1, "大部分": 1, "会上": 1, "骁龙": 1, "855": 1, "时间": 1, "3月份": 1, "期待": 2, "等待": 1, "展台": 1, "中国人": 1, "骄傲": 1, "L轩辕微": 1, "助理": 1, "今日": 5, "设计": 5, "推进": 1, "产业": 5, "携手": 4, "客户": 2, "伙伴": 4, "努力": 1, "万物": 2, "互联": 2, "智能": 6, "麻烦": 1, "答案": 1, "眼前": 1, "加拿大": 5, "议员团": 1, "展开": 1, "访华": 1, "行程": 2, "媒体": 1, "猜测": 1, "寻求": 2, "放人": 1, "通讯社": 1, "5日": 1, "报道": 1, "名": 4, "联邦": 1, "议员": 1, "议会": 1, "代表团": 1, "当天": 1, "访问": 1, "华": 1, "安排": 1, "上海": 1, "深圳": 2, "香港": 1, "称": 1, "谨慎": 1, "行事": 1, "中方": 2, "解释": 2, "逮捕": 2, "高管": 2, "孟晚舟": 1, "释放": 1, "很": 3, "苍白": 1, "关键": 1, "推": 2, "芯片": 17, "英特尔": 5, "抛": 2, "橄榄枝": 2, "新一代": 1, "发布会": 1, "现场": 2, "吝啬": 1, "评价": 1, "放在": 1, "颗": 1, "架构": 5, "身上": 1, "主频": 3, "2.6GHz": 2, "支持": 3, "64核": 2, "集成": 3, "8通道": 2, "DDR4": 2, "内存": 2, "带宽": 3, "超出": 3, "主流": 3, "46%": 2, "从来": 1, "公司": 9, "目的": 1, "提供": 4, "价值": 1, "成本": 1, "走": 1, "路线": 1, "战略": 4, "Fellow艾伟": 1, "不对": 1, "销售": 1, "只用": 1, "长期": 1, "竞争": 1, "替代": 1, "布局": 1, "数据": 5, "多元化": 1, "多元": 1, "官宣": 1, "10日": 2, "Mate20": 2, "全新": 2, "配色": 2, "意外": 1, "图二": 1, "样子": 1, "款": 1, "皇冠": 1, "明珠": 1, "解决": 1, "势如破竹": 1, "徐文伟": 3, "采用": 2, "7nm": 2, "制造": 2, "工艺": 2, "授权": 2, "优化": 2, "分支": 2, "预测": 2, "算法": 3, "提升": 4, "运算": 2, "单元": 2, "改进": 2, "内": 2, "存子": 2, "微架构": 2, "大幅": 3, "提高": 3, "机会": 1, "情况": 1, "PC": 1, "CPU": 2, "预想": 1, "未来": 2, "越来越": 1, "对手": 1, "难以": 1, "董事": 2, "Marketing": 2, "总裁": 3, "本次": 1, "大数据": 1, "分布式": 1, "存储": 2, "原生": 1, "场景": 1, "秉承": 1, "发展": 3, "空间": 1, "拥抱": 1, "典型": 1, "SPECintBenchmark": 1, "评分": 1, "超过": 1, "930": 1, "标杆": 2, "25%": 2, "效比": 1, "优于": 2, "30%": 2, "中心": 1, "；": 6, "100GRoCE": 1, "太": 1, "网卡": 1, "功能": 4, "集成度": 1, "PCIe4.0": 1, "CCIX": 1, "接口": 2, "640": 1, "Gbps": 1, "单槽": 1, "速率": 2, "倍": 3, "各类": 1, "加速器": 1, "P20pro": 7, "Mate20pro夜": 1, "景拍": 1, "摄样": 1, "看法": 1, "Mate20pro": 5, "摄像头": 7, "素质": 1, "大底": 2, "都": 2, "摄": 3, "侧重": 1, "黑白": 5, "夜景": 2, "广角": 6, "特色": 1, "拍摄": 4, "今晚": 1, "拍": 2, "样张": 1, "预期": 1, "相关": 1, "高光": 1, "压制": 1, "黑": 2, "地方": 2, "亮": 2, "干净": 1, "纯粹": 1, "仔细": 1, "对比": 1, "灯光": 1, "细节": 1, "超越": 1, "优势": 1, "引出": 1, "到底": 1, "有用": 2, "偏向": 1, "畸变": 1, "过于": 1, "微距": 3, "鸡肋": 1, "3": 1, "光变": 1, "感觉": 1, "Mate": 1, "P系列": 1, "差异化": 1, "结论": 1, "整体": 1, "质量": 1, "好于": 1, "整机": 1, "体验": 2, "远远": 1, "流畅度": 1, "续航": 1, "视觉": 1, "明天": 1, "P30pro": 1, "理想": 1, "状态": 1, "四": 1, "主摄": 1, "+": 3, "长焦": 1, "迷情": 1, "馥蕾": 1, "静待": 1, "绽放": 1, "敬请": 1, "香烟商": 2, "烟草": 3, "孙": 2, "赴": 3, "港": 3, "上市": 3, "项": 2, "惊人": 2, "母公司": 2, "利润": 2, "等于": 2, "5": 2, "腾讯": 4, "烟民": 3, "占": 2, "1/3": 2, "赚钱": 1, "2017年": 1, "利税": 1, "总额": 1, "11145.1亿": 1, "元": 1, "15": 1, "最多": 1, "用户": 1, "3.06亿": 1, "一家": 2, "差": 1, "钱": 1, "选择": 1, "戳": 1, "O": 1, "快报": 2, "出席": 3, "高通": 2, "庭审": 2, "SpaceX": 2, "飞船": 2, "概念": 2, "曝光": 2, "还原": 1, "联想": 2, "作证": 1, ";": 5, "马斯克": 1, "华丽": 1, "星际": 1, "飞行": 1, "梦": 1, "野火": 1, "烧掉": 1, "百亿": 1, "美元": 1, "市值": 1, "PG": 1, "&": 1, "E": 1, "申请": 2, "破产": 2, "保护": 2, "投资": 1, "组合": 1, "经理": 1, "预计": 1, "波音": 1, "AMD": 1, "股价": 1, "三年": 1, "上涨": 1, "50%": 1, ";福特": 1, "汽车": 3, "召回": 1, "逾": 1, "95万": 1, "辆": 1, "更换": 1, "气囊": 1, "通用": 1, "任命": 1, "电动车": 1, "自动": 1, "驾驶": 1, "资源": 1, "翻倍": 1, "日产": 1, "戈恩案": 1, "进展": 1, "日本": 1, "检察官": 1, "希望": 1, "供词": 1, "签字O": 1, "通庭": 1, "审PG&E": 1, "推动": 2, "打造": 2, "拉斯维加斯": 3, "CES": 1, "展会": 1, "竖起": 1, "广告": 3, "借用": 1, "赌城": 1, "经典": 1, "发生": 1, "事情": 1, "留": 2, "广告语": 1, "iPhone": 2, "地区": 1, "俗语": 1, "整合": 1, "内容": 1, "北京": 1, "…": 1, "跑分": 2, "三十万": 1, "好汉": 1, "永远": 1, "冠军": 1, "出世": 1, "适配": 1, "编写": 2, "代码": 2, "号称": 1, "下功耗": 1, "降低": 1, "重复": 2, "麒麟": 3, "成功": 1, "故事": 1, "O鲲鹏": 1, "神话": 1, "": 1, "李义雄": 1, "2019年": 1, "MBC": 1, "偶像": 1, "运动会": 1, "乐华": 1, "粉丝们": 1, "营养": 1, "午餐": 1, "🥣": 1, "～​": 1, "DT": 1, "复盘": 1, "2010-2018年": 1, "出货量": 1, "TOP5": 1, "期间": 1, "陆续": 1, "消失": 1, "品牌": 1, "诺基亚": 1, "黑莓": 1, "……": 2, "2011年": 1, "第二": 2, "季度": 2, "始终": 1, "盘踞": 1, "排名": 1, "反超": 1, "这次": 1, "找回": 1, "地位": 1, "LDT": 1, "第一": 1, "日报": 1, "顶级": 2, "AI": 2, "专利": 2, "微软": 2, "697": 2, "件": 11, "谷歌": 2, "536": 2, "77": 2, "74": 2, "44": 3, "百度": 2, "未": 2, "上榜": 1, "O世界": 1, "榜​": 1, "重磅": 1, "命名": 1, "刚": 1, "面向": 1, "自研": 1, "高于": 1, "IBM": 1, "戴尔": 1, "思科": 1, "友商": 1, "竞争力": 1, "井喷": 1, "展翅": 1, "翱泰山": 1, "巅": 1, "鲲": 1, "鹏": 1, "跃": 1, "耀": 1, "寰宇": 1, "科技": 1, "#​": 1, "云#EI": 1, "大事记": 1, "虚拟机": 1, "数据集": 1, "走到": 3, "车间": 1, "机器": 1, "轰鸣": 1, "路口": 1, "红绿灯": 1, "账面": 1, "台前": 1, "云EI": 2, "人工": 1, "最大化": 1, "落地": 1, "赋能": 2, "各行各业": 1, "便捷": 1, "高效": 1, "开发": 1, "工具": 1, "ModelArts": 1, "HiLens": 1, "沃土AI": 1, "开发者": 2, "计划": 1, "华为云EI": 1, "加快": 1, "践行": 1, "普惠AI": 1, "步伐": 1, "详情": 1, "猛戳": 1, "米奇": 1, "心]": 1}