{"Rethinkpossibilities": 2, "探索": 1, "时间": 4, "缝隙": 1, "留下": 1, "一个": 4, "值得": 1, "回忆": 1, "瞬间": 1, "9月": 11, "19日·慕尼黑": 1, "不见不散": 2, "！": 9, "L余": 1, "承东": 1, "视频": 24, "​": 18, "任正非": 36, "称": 6, "华为": 51, "6G": 19, "研究": 11, "领先": 8, "世界": 9, "：": 23, "预计": 7, "技术": 16, "10年": 2, "投入": 8, "16日": 10, "心声": 9, "社区": 9, "刊登": 9, "接受": 9, "经济学人": 8, "采访": 9, "纪要": 5, "年后": 4, "才": 9, "此前": 6, "加媒": 3, "8月": 3, "13日": 3, "报道": 4, "确认": 3, "加拿大": 3, "渥太华": 3, "网络": 3, "L": 5, "老板": 6, "联播": 7, "​​​": 1, "Mate30Pro": 6, "真机": 2, "曝光": 1, "造型": 1, "想": 1, "买": 4, "智慧": 2, "声": 1, "音符": 1, "动听": 1, "懂": 1, "听": 1, "19日": 3, "慕尼黑": 2, "智慧屏": 1, "敬请": 1, "期待": 1, "声音": 1, "拥有": 1, "猜到": 1, "iPhone11Pro": 1, "夜景": 1, "好像": 1, "不仅仅": 1, "追上": 2, "P30Pro": 2, "程度": 1, "。。": 1, "补丁": 1, "钟文泽": 1, "截图": 1, "转发": 1, "好多": 1, "朋友圈": 1, "新版": 1, "元": 2, "渔夫": 1, "14年": 1, "终于": 1, "老婆": 2, "有人": 1, "P30": 1, "还原": 1, "真相": 1, "水鸟": 2, "娶": 1, "没钱": 1, "开箱": 4, "效果": 3, "比起": 1, "拍": 1, "图片": 2, "太": 1, "内部": 1, "样机": 2, "拍到": 1, "管理": 1, "APP": 1, "后置": 1, "摄像": 1, "模组": 1, "下午": 2, "传播": 1, "质感": 1, "要好": 1, "很多": 2, "正面": 3, "屏幕": 2, "亮屏": 1, "讨喜": 1, "带": 1, "指纹": 1, "iPhone11": 7, "讨人眼球": 1, "L行长菌": 1, "回应": 5, "退休": 15, "思维": 9, "退": 4, "思泉": 4, "涌": 4, "10日": 5, "即将": 5, "75": 6, "岁": 6, "谈及": 4, "才思": 4, "泉涌": 4, "状态": 4, "呆": 4, "找": 3, "大学": 5, "学习": 3, "数学": 3, "L老板": 2, "秒拍": 5, "称华": 2, "@": 2, "联播L": 1, "明星": 1, "偷税": 1, "吸毒": 1, "原谅": 1, "袁隆平": 1, "手机": 14, "羞辱": 1, "这才": 1, "时代": 1, "悲哀": 1, "cr南木": 1, "大叔": 1, "苹果": 16, "左华": 2, "新款": 1, "iPhone": 5, "销量": 1, "无疑": 1, "承担": 1, "遏止": 1, "出货量": 1, "下滑": 1, "重任": 1, "5G": 10, "安卓": 1, "对抗": 1, "抓手": 1, "采用": 1, "降价": 1, "策略": 1, "本月": 1, "推出": 3, "5G版": 1, "Mate30": 7, "视为": 1, "挑战者": 1, "影响": 1, "几何": 1, "无可避免": 1, "O": 1, "右​": 1, "快": 1, "~": 4, "天后": 1, "L华": 4, "终端": 1, "官方": 1, "感觉": 1, "吊": 1, "科技": 4, "竟然": 1, "心动​": 1, "转让": 8, "西方": 9, "国家": 8, "研发": 4, "工艺": 2, "都": 5, "许可": 7, "生产": 3, "同等": 2, "设备": 2, "基础": 2, "判断": 3, "来源": 1, "新京报": 1, "L新京报": 1, "早": 1, "财经": 3, "丨": 3, "国庆": 5, "假期": 5, "全国": 4, "收费": 4, "公路": 5, "免费": 5, "通行": 5, "；": 6, "也门": 3, "胡塞": 3, "武装": 3, "沙特": 2, "阿美": 2, "油田": 2, "攻击": 3, "常态化": 3, "1": 2, "、": 26, "美国": 2, "制定": 1, "政府": 2, "华": 1, "措施": 1, "中方": 2, "冷战": 1, "零": 1, "危险": 1, "给予": 3, "一次性": 2, "付款": 1, "理想": 1, "全人类": 1, "提供": 1, "服务": 2, "努力": 1, "攀登": 1, "科学": 1, "高峰": 4, "符合": 1, "价值观": 1, "等于": 1, "终结": 1, "资金": 2, "大踏步": 1, "付钱": 1, "3": 1, "台湾": 3, "所罗门": 4, "群岛": 4, "断交": 2, "外交部": 1, "大势所趋": 1, "势不可挡": 1, "央视": 2, "新闻": 2, "作出": 2, "承认": 1, "中国": 3, "原则": 1, "同台": 1, "当局": 1, "断绝": 1, "外交": 1, "关系": 1, "建交": 1, "高度": 2, "赞赏": 1, "支持": 1, "主权": 1, "独立": 1, "自主": 1, "4": 1, "郭台铭": 1, "声明": 1, "参与": 1, "2020": 1, "地区": 1, "领导人": 1, "选举": 1, "5": 2, "社保": 1, "公共": 1, "平台": 1, "正式": 2, "上线": 1, "刷脸": 1, "认证": 1, "养老金": 1, "6": 1, "北斗": 1, "快速": 1, "辅助": 1, "定位": 1, "系统": 1, "用户": 1, "突破": 3, "3亿": 1, "7": 1, "通用": 1, "汽车": 1, "5万": 1, "美": 1, "罢工": 1, "8": 1, "沙特阿美": 1, "旗下": 1, "石油": 1, "设施": 1, "今日": 1, "互动": 1, "消息": 2, "国庆节": 1, "七": 2, "座": 2, "小型": 1, "客车": 1, "高速": 3, "10月": 4, "1日": 2, "零点": 1, "7日": 1, "24时": 1, "4日": 1, "上午": 1, "10点": 1, "车流": 2, "5日": 1, "车流量": 1, "回落": 1, "7号": 1, "再次": 3, "出行": 1, "选": 1, "交通": 1, "方式": 1, "A": 1, "B": 1, "飞机C": 1, "铁D": 1, "打算": 1, "出门": 1, "O早": 2, "发布": 1, "头条": 1, "文章": 1, "分歧日": 1, "赚钱": 1, "季": 1, "周二": 1, "+": 3, "金融": 1, "/": 1, "数字": 1, "货币": 1, "油气": 1, "化工": 1, "主板": 1, "放量": 1, "下跌": 1, "预设": 1, "调整": 2, "4-6": 1, "小时": 2, "观察": 3, "成交量": 1, "放大": 2, "强势": 1, "股": 1, "接力": 1, "亏": 1, "钱": 1, "效应": 1, "空间板": 1, "压缩": 1, "3板": 1, "明日": 3, "东方": 1, "中科": 1, "非科": 1, "创板": 1, "情绪": 2, "标杆": 2, "风险": 1, "偏好": 1, "选择": 1, "首板": 1, "包板": 1, "涨停板": 1, "套利": 1, "早盘": 1, "大概率": 1, "不少": 1, "风标": 1, "地板": 1, "摩擦": 1, "冰点": 1, "来临": 1, "关注": 1, "盘中": 2, "逆市": 1, "人气": 1, "标的": 1, "分歧": 2, "科创板": 1, "沃尔德": 1, "乐鑫": 1, "南微": 1, "医学": 1, "福光": 1, "股份": 1, "瀚川": 1, "智能": 1, "板块": 1, "活跃": 1, "耐心": 1, "等待": 1, "增量": 1, "打造": 1, "O买": 1, "闪光灯": 1, "放": 1, "外面": 1, "四": 2, "摄像头": 4, "外媒": 2, "标华": 1, "变身": 2, "相机": 5, "公司": 4, "引领": 1, "摄影": 1, "潮流": 1, "旗舰": 1, "机型": 1, "系列": 4, "徕卡": 1, "摄": 2, "慢慢": 1, "三": 1, "新一代": 1, "功能": 4, "种种": 1, "迹象": 1, "一家": 1, "本周": 1, "重点": 1, "在于": 2, "花": 1, "精力": 1, "宣传": 1, "款": 2, "强大": 1, "拍照": 3, "营销": 1, "主管": 1, "菲尔·席勒": 1, "PhilSchiller": 1, "上周二": 1, "称为": 1, "CEO": 1, "蒂姆·库克": 1, "TimCook": 1, "安排": 1, "800": 1, "名": 1, "员工": 1, "改进": 2, "配色": 2, "外观": 2, "差异": 1, "配备": 1, "行业": 1, "分析师": 1, "具备": 1, "空间": 1, "竞争": 1, "对手": 1, "差异点": 1, "后者": 1, "优于": 1, "O外媒": 1, "隔空": 1, "玩": 1, "这不": 2, "很": 2, "Mate": 2, "刚": 1, "10": 1, "HC2019": 1, "联接": 1, "大会": 2, "开幕": 1, "此刻": 1, "现场": 2, "紧锣密鼓": 1, "备战": 1, "请": 1, "跟随": 1, "小编": 1, "镜头": 1, "瞧瞧": 1, "无线": 1, "快充": 1, "厉害": 1, "颠覆": 1, "上手": 2, "摸": 1, "良心": 1, "好不": 1, "好看": 1, "L包纸": 1, "玩机": 1, "说到": 1, "芯片": 3, "喷发": 1, "服务器": 1, "基站": 1, "路由器": 1, "AI": 1, "SoC": 1, "解码": 1, "存储": 1, "干": 2, "电脑": 1, "CPU": 1, "市场": 1, "危机": 1, "不难": 1, "中学生": 1, "博士": 2, "不得了": 4, "读": 1, "硕士": 1, "遥": 1, "普通人": 1, "教授": 2, "学问": 2, "真进": 1, "发现": 1, "混": 1, "吃": 1, "死": 1, "屁": 1, "贸易": 1, "战起": 1, "堆": 1, "惶惶不安": 1, "无非": 1, "经济": 1, "法律": 1, "文史哲": 1, "远": 1, "神之秘之": 1, "一线": 1, "积累": 2, "价值": 2, "缺": 2, "中兴": 1, "芯片业": 1, "设计": 1, "很快": 1, "大成": 1, "封装": 1, "制造": 2, "为时不远": 1, "购买": 1, "欲望": 1, "L搞机": 1, "王": 1, "腾霄": 1, "首发": 1, "话说图三": 1, "Pro": 1, "震撼": 1, "本次": 1, "发布会": 1, "到此": 1, "结束": 1}