{"明星": 2, "偷税": 2, "吸毒": 2, "原谅": 2, "袁隆平": 2, "买": 5, "华为": 122, "手机": 17, "羞辱": 2, "这才": 2, "时代": 3, "悲哀": 2, "！": 8, "​": 12, "回应": 17, "美国": 58, "延长": 13, "实体": 30, "清单": 20, "再次": 17, "证明": 14, "国家": 17, "毫无": 12, "关系": 12, "针对": 11, "美国商务部": 29, "延期": 23, "临时": 32, "通用": 19, "许可证": 14, "公司": 23, "：": 16, "反对": 10, "46": 12, "列入": 12, "选择": 9, "时间点": 8, "做出": 9, "政治": 8, "驱动": 8, "央视": 4, "记者": 3, "孙": 1, "蓟潍": 1, "cr南木": 1, "大叔": 1, "首届": 2, "中国": 11, "公园": 5, "论坛": 2, "举办": 1, "未来": 3, "影像": 3, "带": 2, "可可西里": 6, "生命": 2, "模样": 2, "面积": 1, "、": 13, "海拔": 1, "自然": 2, "遗产地": 1, "明年": 2, "建成": 2, "三江源": 1, "自然保护区": 1, "青海": 1, "申遗": 1, "特邀": 1, "摄影师": 1, "顾莹": 1, "拍摄": 2, "珍贵": 1, "大众": 2, "提前": 1, "目睹": 1, "世界": 3, "第三": 1, "美丽": 1, "生灵": 1, "​​": 2, "近日": 2, "三": 1, "江源": 1, "发布": 12, "套": 1, "特种": 1, "邮资片": 1, "@": 7, "邮政": 1, "特有": 1, "植物": 1, "紫花": 1, "黄耆": 1, "P30": 1, "Pro": 1, "开放": 2, "机会": 1, "拍出": 1, "美": 10, "终端": 2, "官方": 1, "日本": 7, "三大": 3, "运营商": 5, "重启": 3, "销售": 2, "通信": 1, "都": 6, "科摩": 1, "20日": 2, "21日": 1, "接受": 1, "P30Pro": 1, "智能": 4, "预订": 1, "至此": 1, "均": 1, "O": 3, "销售​": 1, "国报": 1, "微评": 1, "民族": 5, "企业": 9, "不在乎": 1, "卡脖子": 2, "依然": 1, "公正": 14, "待遇": 1, "背后": 1, "无尽": 1, "心酸": 1, "佼佼者": 1, "关键": 2, "元件": 1, "一再": 1, "这是": 3, "面临": 1, "不利": 3, "现实": 1, "一代": 1, "中国人": 1, "无论如何": 1, "改变": 9, "壮大": 1, "复兴": 1, "他国": 1, "善意": 1, "只能": 1, "事件": 1, "中学": 1, "教训": 1, "值得": 1, "永远": 1, "铭记": 1, "声明": 12, "(": 1, "评论员": 1, "张周项": 1, ")": 1, "90": 11, "8月": 8, "19日": 12, "晚间": 3, "媒体": 3, "称": 5, "政府": 9, "许可": 19, "对待": 13, "事实": 8, "做法": 3, "违反": 3, "市场经济": 3, "自由": 4, "竞争": 3, "原则": 3, "从中": 3, "受益": 3, "包括": 4, "在内": 3, "呼吁": 5, "停止": 6, "移出": 5, "打算": 2, "品牌": 2, "一个": 3, "张公园": 1, "拍": 1, "深圳": 5, "社会主义": 2, "先行": 1, "示范区": 1, "照片": 1, "风景": 1, "独好": 1, "优越性": 1, "对岸": 1, "资本主义": 1, "民主": 1, "鲜明": 1, "对比": 1, "本土": 1, "mate20pro": 1, "作品": 1, "拍照": 1, "将就": 1, "鸣谢": 1, "作者": 2, "人民": 3, "W小静": 1, "天下": 2, "商务部": 3, "推迟": 5, "交易": 5, "禁令": 8, "项": 3, "附属": 7, "现有": 5, "产品": 7, "服务所": 2, "实施": 2, "消费者": 3, "影响": 6, "新华网": 1, "新闻": 2, "O华": 2, "无关": 1, "高低": 1, "切换": 1, "借助": 1, "板块": 3, "指数": 1, "880001": 1, "上证": 1, "概念": 1, "马上": 3, "就要": 1, "创": 1, "新高": 1, "独立": 1, "走势": 1, "图二": 1, "5G": 11, "填掉": 1, "缺口": 1, "TMT50": 1, "TMT150": 1, "应用层": 1, "跟进": 2, "看官": 1, "明白": 2, "领军": 1, "供应链": 2, "模糊": 1, "标准": 1, "市场": 1, "实体名单": 6, "新华社": 1, "电": 1, "白瑜": 1, "19日晚": 1, "采购": 1, "表态": 1, "‘": 2, "’": 2, "打压": 3, "技术": 4, "领先": 3, "地位": 2, "经营": 3, "实质性": 3, "有限": 4, "聚焦": 4, "做好": 3, "服务": 12, "全球": 3, "客户": 3, "日报": 2, "海外版": 2, "刊评": 2, "独立自主": 2, "成就": 2, "辉煌": 2, "改革": 1, "社会": 2, "飞速": 1, "发展": 4, "财富": 1, "聚集": 1, "快": 1, "节奏": 1, "赚": 3, "快钱": 2, "殊不知": 1, "内功": 2, "最终": 1, "丧失": 1, "长远": 3, "竞争力": 1, "谋": 2, "全局者": 1, "不足谋一域": 1, "万世者": 1, "不足谋一时": 1, "做事": 1, "只顾": 1, "眼前": 1, "想": 1, "强大": 1, "舍": 1, "顾": 1, "大局": 1, "目放": 1, "夯实": 1, "厚积薄发": 1, "才能": 1, "机遇": 2, "来临": 1, "抓住": 1, "一飞冲天": 1, "抢": 1, "先机": 1, "很": 2, "到来": 2, "折叠屏": 2, "看好": 2, "牌子": 2, "江一燕": 1, "白色": 1, "秋游": 1, "穿搭": 1, "Supreme": 1, "推出": 2, "3G": 1, "功能": 1, "一家": 2, "英国": 9, "通讯商": 1, "设备": 7, "开启": 1, "当地": 1, "时间": 6, "周一": 1, "EE": 1, "Vodafone": 1, "通讯": 1, "Three": 1, "UK": 1, "正式": 1, "开通": 1, "据悉": 1, "ThreeUK": 2, "第一": 3, "阶段": 2, "家用": 2, "宽带": 2, "伦敦": 1, "内": 2, "CPEPro": 1, "路": 1, "装置": 1, "提供": 3, "首席": 1, "执行官": 1, "戴夫·戴森": 1, "网络": 2, "简易性": 1, "高速": 1, "连接": 1, "互联": 1, "家居": 1, "所在": 1, "视频": 5, "杨易林": 1, "L中报": 1, "秒拍": 2, "总裁": 1, "任正非": 2, "至少": 1, "系统": 2, "贡献": 1, "十几": 1, "年前": 2, "支持": 2, "ARM": 7, "330亿": 1, "美元": 1, "卖给": 1, "软银": 1, "欧洲": 2, "CPU": 1, "第二": 1, "剑桥": 1, "几千": 1, "亩": 1, "土地": 1, "建光": 1, "芯片": 5, "工厂": 2, "提到": 1, "本人": 3, "四": 1, "原文": 2, "如图": 1, "写": 1, "2015年": 1, "架构": 3, "指令": 1, "集给": 1, "研发": 2, "代表": 1, "依赖": 3, "傀儡": 1, "巨头": 1, "面子": 1, "撑": 1, "断供": 2, "竟然": 1, "听": 1, "试图": 1, "孙正义": 2, "家伙": 1, "干": 2, "坏事": 1, "正好": 1, "ARM强": 1, "指令集": 1, "产业": 1, "一点": 1, "家底": 1, "完蛋": 2, "投": 1, "钱": 2, "试试": 1, "抖森": 1, "Betrayal|BernardB": 1, "JacobsTheatre": 1, "啊啊": 3, "抖森": 1, "终于": 1, "见到": 1, "超级nice": 1, "怂": 1, "讲话": 1, "🙃": 1, "羡慕": 1, "隔壁": 1, "姐妹": 1, "画质": 1, "很多": 1, "🍎辣": 1, "鸡​": 1, "吃": 1, "午饭": 1, "邻桌": 1, "老头": 1, "反攻": 1, "头头是道": 1, "佩服": 1, "马": 1, "送华": 1, "畅享": 2, "9plus": 1, "助手": 2, "流量": 1, "入口": 1, "用户数": 1, "增长": 2, "183%": 1, "月活": 1, "161%": 1, "生活": 2, "场景": 3, "1+8+N": 1, "覆盖": 1, "无缝": 1, "体验": 2, "找": 3, "精准": 1, "便捷": 1, "极致": 1, "滑": 1, "高效": 1, "直达": 1, "关注": 1, "IT": 1, "科技": 1, "侠": 1, "转发": 1, "评论": 1, "31日": 1, "抽": 1, "1": 2, "小可爱": 1, "送出": 1, "9PLUS": 1, "台": 1, "抽奖": 1, "平台": 1, "L华": 1, "O抽奖": 1, "详情": 1, "当天": 1, "发表": 5, "出口": 4, "转让": 2, "特定": 2, "5月": 2, "15日": 1, "68": 1, "；": 2, "为期": 1, "活动": 1, "保证": 1, "相关": 2, "持续": 1, "运营": 1, "部长": 2, "威尔伯·罗斯": 1, "给予": 1, "混乱": 1, "国内": 1, "下属": 1, "工业": 1, "安全局": 1, "颁发": 1, "默认": 1, "审查": 1, "状态": 1, "否决": 1, "生效": 1, "外交部": 1, "发言人": 1, "北京": 1, "希望": 1, "美方": 1, "无理": 1, "制裁": 1, "公平": 1, "歧视": 1, "方式": 1, "奴隶": 1, "心态": 1, "带来": 2, "——": 3, "香港人": 1, "优于": 1, "内地人": 1, "自认": 1, "低": 2, "西方人": 1, "一等": 1, "文章": 3, "脱欧": 1, "解释": 1, "香港": 4, "挑衅": 1, "引发": 1, "热议": 1, "随后": 1, "爱国者": 1, "市民": 1, "致信": 1, "观察者": 1, "网": 1, "儿子": 2, "一句话": 1, "忧心忡忡": 1, "篇": 1, "得知": 1, "这位": 1, "年轻人": 1, "喜欢": 1, "英文": 2, "东西": 2, "中文": 1, "O罗思义": 1, "发生": 1, "勾": 1, "亲历": 1, "段": 1, "苏联": 1, "往事": 1, "感谢": 1, "特朗普": 1, "L金": 1, "箍棒": 1, "窗口": 1, "11月份": 1, "实际上": 1, "核心": 1, "供应商": 2, "解禁": 2, "效果": 1, "不大": 1, "天后": 1, "大部": 1, "调整": 1, "PLANB": 1, "这次": 1, "子公司": 1, "加到": 1, "名单": 1, "到底": 1, "稳住": 1, "下半年": 1, "来年": 1, "华为链": 1, "出货": 1, "昨天": 2, "报表": 1, "振子": 2, "增幅": 1, "300%": 1, "初始": 1, "放量": 1, "速度": 1, "广电": 1, "发": 1, "文": 1, "加速": 1, "高清": 2, "这块": 1, "推动": 1, "广电系": 1, "股价": 1, "4-8K": 1, "设备层": 1, "炒": 1, "之间": 1, "呼应": 1, "逻辑": 1, "内容": 1, "生态": 1, "条": 1, "线": 2, "发动": 1, "时机": 1, "冲掉": 1, "本地": 1, "股": 1, "分化": 1, "负面": 1, "细分": 1, "散热": 1, "射频": 1, "贵": 1, "功率": 1, "器件": 1, "PI": 1, "解码": 1, "衬底": 1, "光器件": 1, "低位": 2, "挖": 2, "最多": 1, "赚钱": 1, "认知": 1, "追": 1, "高位": 1, "除非是": 1, "右侧": 1, "趋势": 1, "高手": 1, "单位": 1, "割概率": 1, "摆脱": 2, "农村": 5, "电信": 4, "没钱": 2, "商务": 1, "罗斯": 1, "暂缓": 1, "昂贵": 1, "替换": 1, "缺": 1, "工人": 1, "活儿": 1, "O90": 1, "拆华": 1}