{"明年底": 1, "5G": 32, "手机": 33, "降到": 3, "2000": 3, "元": 10, "以内": 2, "16日": 3, "中国": 7, "电信": 4, "相关": 2, "负责人": 1, "首发": 1, "暨": 1, "体验": 1, "终端": 3, "交付": 1, "活动": 2, "明年": 3, "上半年": 1, "价格": 1, "3000": 1, "年底": 1, "降": 1, "昨日": 1, "消息": 1, "称": 3, "华为": 81, "6G": 42, "启动": 23, "研究": 30, "确认": 7, "加拿大": 26, "网络": 9, "大学": 11, "研究者": 11, "展开": 6, "洽谈": 11, "期待": 2, "​": 15, "老板": 7, "联播": 5, "援引": 1, "媒体": 4, "8月": 6, "13日": 5, "报道": 9, "渥太华": 11, "研发": 11, "实验室": 6, "引领": 7, "全球": 7, "发展": 9, "2月": 3, "招聘": 3, "名": 3, "员工": 7, "增加": 3, "15%": 3, "投资": 3, "@": 8, "联播L": 2, "秒拍": 7, "视频": 15, "公司": 7, "策略": 2, "合作": 2, "伙伴": 1, "副总裁": 1, "SongZhang": 1, "：": 10, "展望": 2, "进化": 2, "一部分": 2, "NBD": 1, "LNBD": 2, "盐": 1, "推片": 1, "|": 1, "转眼": 1, "热烈": 1, "夏天": 2, "快要": 1, "结束": 1, "平板": 1, "M6一": 1, "抓住": 1, "尾巴": 1, "重温": 1, "夏日": 1, "限定": 1, "系列": 2, "值得": 1, "二刷": 1, "经典": 1, "电影": 2, "！": 12, "L有盐": 1, "加媒": 1, "TheLogic": 1, "时间": 2, "财经L": 1, "财经": 2, "L": 2, "人员": 1, "很": 4, "早上": 1, "敲完": 1, "单记": 1, "赶快": 1, "反馈": 3, "盘面": 2, "感觉": 3, "赚钱": 3, "算是": 1, "家人": 1, "正反馈": 1, "堪比": 1, "大炮华": 1, "30pro": 1, "杨": 1, "紫李": 1, "封面": 1, "峰会": 3, "2019": 3, "凤凰网": 2, "科技": 6, "太": 4, "……": 1, "科技君": 1, "线求": 1, "安慰": 1, "呜呜": 1, "呜​": 1, "P30pro": 1, "镜头": 1, "易烊": 2, "千玺": 1, "生图": 1, "优越": 1, "哈哈哈哈​": 1, "手里": 1, "4G": 2, "想": 3, "速度": 3, "快": 2, "钱": 1, "第一": 2, "重庆": 5, "首批": 4, "开卖": 2, "正式": 3, "记者": 1, "15日": 2, "获悉": 1, "备受": 1, "关注": 2, "获首": 1, "进网": 1, "许可证": 1, "Mate20": 1, "X": 1, "40": 1, "营业厅": 1, "国美": 1, "、": 26, "苏宁": 1, "公开": 1, "卖场": 1, "开售": 2, "重庆市": 1, "内": 2, "面向": 1, "公众": 1, "销售": 1, "MATE20X5G": 1, "版": 3, "该款": 2, "外形": 1, "MATE20X4G": 1, "7.2": 1, "英寸": 1, "幕": 1, "配置": 2, "4000万": 1, "超": 5, "广角": 1, "莱卡": 1, "三": 2, "摄": 1, "国内": 1, "商用": 2, "搭载": 1, "7nm5G": 1, "芯片": 1, "支持": 1, "SA/NSA5G": 1, "双模": 1, "零售价": 1, "6199": 1, "新闻网": 1, "华为p30": 1, "真的": 2, "追星": 1, "必备": 1, "千": 1, "玺": 1, "随便": 1, "拍": 1, "都": 9, "好看": 1, "耶​": 1, "EMUI": 1, "10": 2, "分布式": 1, "技术": 5, "无缝": 1, "流转": 1, "懂": 1, "高深": 1, "着急": 1, "戳": 1, "快速": 1, "Get": 1, "诸多": 1, "干货": 1, "知识": 1, "L华": 1, "联通": 4, "推出": 1, "功能": 3, "包": 1, "套餐": 5, "最低": 3, "190": 3, "长远": 1, "计划": 1, "谋求": 1, "用户": 1, "质量": 1, "差异化": 1, "定价": 1, "主意": 1, "!": 2, "接受": 1, "资费": 1, "股市": 2, "收评": 1, "沪指": 4, "涨": 4, "0.25%": 2, "创业板": 4, "指涨": 3, "1.24%": 2, "医药": 5, "板块": 7, "领涨": 2, "欧美": 1, "跌": 1, "影响": 2, "早盘": 1, "沪深": 1, "市": 1, "大幅": 1, "低开": 1, "随后": 1, "一路": 1, "探底": 1, "回升": 1, "黄金": 1, "军工": 1, "防御": 1, "表现": 1, "活跃": 2, "午后": 1, "软件": 2, "为首": 1, "科技股": 1, "集体": 2, "反扑": 1, "带领": 1, "指数": 1, "持续": 1, "走强": 1, "三大": 2, "股指": 2, "全线": 1, "翻红": 1, "1%": 1, "重返": 1, "2800": 1, "上方": 1, "个股": 1, "涨跌": 1, "收窄": 1, "成交量": 3, "未": 1, "放大": 2, "总体": 1, "运营": 1, "涨幅": 1, "居前": 2, "稀土": 1, "有色": 1, "白酒": 1, "跌幅": 1, "截至": 1, "收盘": 1, "报收": 3, "2815": 1, "；": 7, "深成": 1, "0.48%": 1, "9009": 1, "1555": 1, "沪股通": 1, "全天": 2, "净": 1, "流出": 1, "4.29亿": 1, "深股": 1, "净流入": 1, "10.3亿": 1, "O收评": 1, "收红": 1, "0.2%": 1, "换华": 1, "迷茫": 1, "前途": 2, "瓶颈": 1, "跳槽": 2, "阿里": 5, "朋友": 6, "打听": 1, "情况": 2, "领导层": 1, "水平": 1, "差": 2, "马云": 2, "松懈": 1, "玩完": 1, "辞职": 1, "腾讯": 4, "发": 1, "微信": 1, "加班": 1, "厉害": 1, "管理层": 1, "狠": 1, "业绩": 1, "压力": 1, "晋升": 1, "困难": 1, "听说": 1, "百度": 5, "轻松": 1, "只好": 1, "打电话": 1, "价值观": 1, "迷失": 1, "卖": 3, "假药": 1, "营业额": 1, "BAT": 1, "总和": 1, "倍": 1, "…": 1, "...": 1, "看起来": 1, "讲": 1, "故事": 2, "事实上": 2, "身边": 1, "职业": 1, "轨迹": 1, "很多": 3, "这山望着那山高": 1, "脚下": 1, "风景": 1, "大团队": 1, "人才": 4, "团队": 4, "规范": 1, "机制": 1, "方法": 1, "学习": 1, "无限": 1, "发挥": 1, "创造力": 1, "空间": 2, "跟随": 2, "领导": 4, "约束": 2, "仁慈": 2, "学会": 1, "自我": 1, "工作": 2, "当下": 1, "收获": 1, "未来": 2, "最多": 2, "30%": 3, "超过": 2, "70%": 3, "因素": 1, "在于": 1, "成长": 1, "成功": 1, "原因": 1, "归结": 1, "从来": 1, "反思": 1, "环境": 2, "创业": 1, "努力": 2, "心存": 1, "抱怨": 3, "永远": 3, "逃避": 2, "身心": 1, "懒惰": 2, "想想": 1, "人间": 1, "干嘛": 1, "卧底": 1, "真香": 1, "台湾": 4, "断货": 2, "网友": 1, "统一": 1, "遭遇": 1, "重重": 1, "危机": 1, "销量": 1, "创": 1, "佳绩": 1, "时报": 1, "14日": 1, "库存": 1, "7月": 2, "供应": 1, "加上": 1, "8日": 1, "父亲节": 1, "节点": 1, "大规模": 1, "供应商": 1, "补货": 1, "此前": 1, "环球网": 1, "旗舰": 1, "P30": 1, "台北": 1, "台中": 1, "高雄": 1, "排队": 2, "人数": 2, "3500": 1, "创下": 1, "预购": 1, "纪录": 1, "「": 2, "白天": 1, "黑夜": 1, "弄堂": 1, "高楼": 1, "走过": 1, "喜欢": 1, "上海": 1, "」": 2, "摄影": 1, "KelvT05": 1, "设备": 2, "后期": 1, "Snapseed": 1, "Picsart": 1, "Polarr": 1, "盛夏": 1, "光影": 1, "": 2, "摄影​": 1, "毫米": 1, "波手势": 1, "控制": 1, "酷炫": 2, "猜测": 1, "Mate30": 1, "特色": 1, "夸": 1, "感受": 1, "开发者": 1, "大会": 1, "Mate20X5G": 1, "演示": 1, "有种": 1, "L长": 1, "安数码君": 1, "发布": 1, "头条": 1, "文章": 1, "龙头": 3, "反弹": 5, "高度": 4, "季": 1, "每日": 1, "必读": 1, "周四": 1, "概念": 2, "+": 3, "主板": 1, "缩量量": 1, "上涨": 1, "预设": 2, "明日": 3, "观察": 5, "强势": 1, "股": 1, "接力": 1, "效应": 1, "恢复": 1, "今日": 1, "逆反": 1, "率先": 1, "企稳": 1, "易尚": 1, "展示": 1, "非科": 1, "创板": 1, "情绪": 2, "标杆": 2, "风险": 3, "偏好": 2, "选择": 2, "首板": 1, "1": 1, "涨停板": 1, "套利": 1, "低": 1, "抛低": 1, "吸趋": 1, "势股": 1, "潜伏": 1, "低位": 1, "中小创": 1, "轮动": 1, "最佳": 1, "科创板": 2, "高位": 1, "盘整": 1, "沃尔德": 1, "重点": 1, "交控": 1, "瀚川": 1, "智能": 2, "福光": 1, "股份": 1, "航天": 1, "宏图": 1, "铂力特": 1, "品种": 2, "调整": 1, "清洗": 1, "浮筹": 1, "分化": 1, "盘中": 1, "逆市": 1, "耐心": 1, "狩猎": 1, "O龙头": 1, "VS": 1, "高通": 1, "六": 1, "款": 1, "国产": 1, "网速": 2, "大比拼": 2, "机会": 1, "参加": 1, "举办": 1, "现场": 1, "发现": 1, "展台": 1, "凑齐": 1, "市面": 1, "旁边": 1, "基站": 1, "一个": 1, "爱否": 1, "国家": 2, "电投": 2, "=": 1, "矿车": 3, "盲区": 5, "监控": 6, "煤矿": 3, "生产": 2, "下旬": 1, "我国": 1, "煤炭": 1, "行业": 1, "基于": 1, "驾驶": 3, "大型": 1, "内蒙古": 1, "扎哈淖尔": 1, "露天": 1, "投入": 1, "运行": 1, "无盲区": 1, "矿区": 1, "运输": 1, "自卸": 1, "车长": 1, "11.5": 1, "米": 6, "宽": 1, "7": 1, "5.9": 1, "自重": 1, "107": 1, "吨": 2, "载重": 1, "130": 1, "前方": 1, "15": 1, "左侧": 1, "右侧": 1, "25": 1, "肉眼": 1, "路况": 1, "尤其是": 1, "晚上": 1, "20多": 1, "平方公里": 1, "班": 1, "680": 1, "台": 1, "车辆": 1, "900多": 1, "作业": 1, "人盯人": 1, "方式": 1, "管理": 1, "难免": 1, "漏洞": 1, "车上": 1, "安装": 2, "系统": 2, "四": 1, "方向": 1, "4": 2, "具备": 1, "星光": 1, "夜视": 1, "摄像头": 1, "室内": 1, "自动": 2, "提醒": 1, "识别": 1, "报警": 1, "驾驶员": 1, "超速": 1, "驾车": 1, "违规": 1, "打瞌睡": 1, "注意力": 1, "疲劳": 1, "现象": 1, "项目": 1, "建设": 1, "领跑": 1, "华为官": 1, "宣渥": 1, "太华": 1, "开启": 1, "远": 1, "华尔街": 4, "日报": 4, "深度": 1, "调查": 2, "日常": 1, "找茬": 1, "黑华": 1, "这次": 1, "目标": 1, "非洲": 4, "指控": 1, "乌干达": 3, "政府": 6, "政敌": 2, "暗示": 1, "伤害": 1, "民主": 1, "炒作": 2, "间谍": 1, "企业": 2, "威胁论": 2, "图1": 1, "私藏": 1, "枪支": 1, "袭击": 1, "总统": 1, "车队": 1, "警方": 1, "破解": 1, "才": 1, "找": 1, "当地": 1, "帮忙": 1, "赞比亚": 2, "打击": 2, "新闻": 2, "记者们": 1, "推特": 1, "美国": 2, "利用": 1, "手段": 1, "俄罗斯": 1, "逗": 1, "写": 2, "证据": 2, "证明": 2, "高层": 1, "件": 1, "篇": 1, "鸡蛋里挑骨头": 1, "3": 1, "公开明": 1, "希望": 1, "思科": 1, "提供": 1, "服务": 1}