{"网传": 1, "华为": 88, "iPhone": 23, "发": 15, "推文": 8, "处罚": 17, "曝光": 5, "责任人": 10, "月薪": 11, "下调": 11, "5千": 4, "2018年": 1, "12月": 3, "31日": 3, "晚间": 3, "11点31分": 3, "官方": 6, "Twitter": 5, "全体": 9, "员工": 12, "名义": 4, "送": 5, "新年": 11, "祝福": 8, "下方": 4, "留下": 4, "自T": 1, "witter": 1, "客户端": 4, "发出": 7, "ViaTwitterforiPhone": 3, "标记": 4, "随后": 1, "发布": 4, "文件": 7, "O网": 1, "传华": 1, "​": 24, "VLOG001": 1, "旅行": 1, "期待": 2, "事情": 2, "深藏": 1, "巷子": 1, "美食": 1, "不期而遇": 1, "风景": 1, "变幻莫测": 1, "天气": 1, "这次": 1, "腿哥": 1, "HUAWEIMate20Pro": 1, "带": 1, "感受": 1, "北海道": 1, "小樽": 1, "一个": 6, "雪": 1, "海交界": 1, "城市": 1, "@": 4, "手机": 7, "关注": 1, "+": 1, "转评": 2, "条": 2, "2月": 1, "1号": 1, "抽": 2, "粉丝": 1, "HUAWEIMate20一": 1, "L": 2, "摄影师": 1, "奥利奥": 1, "爸爸": 2, "秒拍": 7, "视频": 10, "推特": 15, "：": 25, "相关": 4, "职级": 6, "降": 6, "1": 6, "5000": 9, "元": 10, "称": 6, "操作": 2, "过程": 3, "VPN": 2, "网络": 14, "电脑": 2, "发文": 2, "赶跨": 2, "时间": 4, "登录": 2, "篇": 5, "内容": 2, "通报": 1, "批评": 1, ".": 1, "老板": 3, "联播": 4, "任正非": 13, "隐私": 10, "保护": 10, "纲领": 10, "2019": 1, "号": 4, "文": 3, "亲自": 1, "落款": 1, "！": 16, "软件": 4, "工程": 5, "国家": 4, "农业": 1, "基础": 3, "设施": 3, "质量": 3, "架构": 1, "技术": 10, "CMM": 1, "QA": 1, "管理": 2, "流程": 1, "思考": 1, "解决": 2, "暂时": 1, "手段": 2, "代劳": 1, "停止": 1, "寻找": 1, "O": 3, "应届生": 1, "入职": 2, "解约": 6, "迈瑞": 5, "回应": 5, "短期": 4, "胜任": 4, "业务": 4, "1月": 3, "2日": 2, "称为": 2, "医疗": 6, "器械界": 3, "254": 2, "名": 5, "届生": 3, "内": 2, "长沙": 2, "大学生": 2, "错过": 2, "求职": 2, "黄金期": 2, "补偿": 2, "希望": 2, "尊重": 2, "道歉": 2, "梨视": 1, "频L": 1, "时尚": 2, "芭莎": 1, "都": 9, "加码": 1, "参与": 3, "包": 4, "红一": 4, "活动": 7, "火爆": 1, "程度": 1, "可见一斑": 1, "赶紧": 1, "吸口": 1, "欧气": 1, "毕竟": 1, "选中": 1, "锦鲤": 3, "美丽": 1, "~": 1, "网曝": 1, "此前": 1, "账号": 2, "贴文": 1, "下角": 1, "标示": 1, "显示": 1, "真伪性": 1, "新浪": 1, "科技": 2, "求证": 1, "暂": 1, "未": 1, "回复": 1, "O网曝": 1, "庆祝": 1, "后续": 1, "近日": 4, "删除": 1, "重发": 1, "网友": 3, "截图": 1, "↓↓": 2, "日前": 1, "乌龙": 1, "事件": 1, "最新": 1, "进展": 2, "O超": 1, "尴尬": 1, "!": 1, "。。。": 1, "虎": 1, "嗅": 1, "利用": 3, "5G": 13, "间谍": 4, "德媒": 2, "讲": 2, "证据": 2, "3日": 1, "报道": 1, "外媒": 1, "美国": 7, "盟友": 1, "围堵": 1, "中国": 4, "电信": 4, "巨头": 2, "德国": 1, "专家": 1, "担心": 2, "工业": 1, "禁止": 1, "制造商": 1, "公共": 2, "采购": 1, "意义": 2, "O华": 2, "不单单": 1, "传统": 1, "红色": 2, "产品": 6, "光谱": 1, "中渐": 1, "变色": 1, "、": 7, "黄色": 1, "粉色": 1, "紫色": 1, "红": 1, "看错": 1, "任性": 1, "红米": 1, "Redmi": 1, "品牌": 3, "独立": 1, "&": 1, "荣耀": 1, "模式": 1, "类似": 2, "哈哈哈哈": 1, "朋友": 1, "身材": 1, "微胖": 1, "朋友们": 1, "调侃": 1, "拍照": 2, "画面": 1, "框": 1, "胖子": 1, "买": 3, "台": 1, "Mate20": 2, "面前": 1, "耀武扬威": 1, "竟然": 1, "广角": 1, "镜头": 1, "装下": 1, "100": 1, "？？？？": 1, "L华": 2, "消费者": 1, "BG": 1, "mate20pro": 1, "装": 1, "70": 1, "放": 1, "冰箱": 1, "跑分": 1, "30万": 1, "骁龙": 1, "845": 1, "秒杀": 1, "排名": 1, "只能": 3, "第八": 1, "届": 1, "欲望": 1, "这不": 1, "凡是": 1, "关联": 1, "物品": 1, "P成": 1, "简直": 1, "上天": 1, "拦": 2, "不住": 1, "感谢": 1, "P图": 1, "潜力": 1, "完美": 1, "激活": 1, "霸霸": 1, "鸡腿": 1, "时隔": 1, "回": 1, "安卓": 1, "主力机": 1, "6": 1, "三": 1, "3300": 1, "屏幕": 1, "苹果": 3, "差": 2, "远": 2, "摄像比": 1, "想到": 1, "iPhone7": 1, "流畅": 1, "稳定": 1, "经济": 1, "微信": 1, "大众app": 1, "省心": 1, "心声": 2, "论坛": 1, "创始人": 2, "封": 2, "信中": 2, "公司": 8, "董事会": 1, "接下来": 1, "5": 2, "年内": 1, "投入": 2, "20亿": 2, "美元": 2, "领域": 2, "打造": 2, "可信": 2, "人类": 1, "首次": 1, "祝贺": 1, "嫦娥": 1, "四号": 1, "成功": 1, "着陆": 1, "月球": 1, "背面": 1, "送华": 1, "电源": 1, "关键": 2, "时刻": 1, "掉线": 1, "游戏": 2, "糟心": 1, "X": 1, "通信": 1, "优化": 1, "加持": 1, "决胜": 1, "瞬间": 1, "随时": 1, "随地": 1, "招": 1, "敌": 1, "政府": 1, "事务部": 1, "签发": 3, "事故": 1, "问责": 1, "通知": 1, "文经": 1, "海外": 1, "国内": 1, "社交": 1, "媒体": 1, "传播": 1, "带来": 2, "不良": 1, "影响": 1, "……": 1, "详情": 1, "点击": 1, "社区": 1, "上2日": 1, "总裁": 1, "2019年": 3, "CEO": 2, "写给": 1, "究竟": 1, "全员": 1, "嗷": 1, "！！！": 1, "支持": 2, "民族": 2, "崛起": 1, "2成都·大慈寺": 1, "小米": 1, "魅族": 1, "年度": 1, "旗舰": 1, "大乱斗": 1, "才": 1, "终极": 1, "王者": 1, "L嘿丝": 1, "致信": 1, "提升": 1, "能力": 1, "实践": 1, "变革": 1, "方式": 1, "轮值": 1, "董事长": 1, "徐直军": 1, "总体": 1, "负责": 1, "初始": 1, "计划": 1, "ICT": 1, "搓": 2, "小手": 1, "机会": 1, "第一": 1, "Mate20Pro": 1, "送给": 1, "想": 1, "当事人": 1, "​​": 1, "替代": 3, "选项": 2, "排挤": 1, "西方": 1, "陷入": 1, "窘境": 1, "成熟度": 2, "行业": 2, "至少": 2, "领先": 3, "12": 2, "18": 2, "不等": 2, "业界": 3, "提供": 6, "端": 4, "系统": 2, "厂商": 2, "不用": 1, "国民": 1, "沿用": 1, "落后": 1, "通讯": 1, "到时候": 1, "乖乖": 1, "回来": 1, "澳大利亚": 2, "英国": 5, "加拿大": 1, "高层": 1, "官员": 1, "设备": 6, "威胁": 1, "服务": 5, "提供商": 2, "赞同": 1, "评估": 1, "隐忧": 1, "竞争力": 1, "第五": 1, "无线": 3, "欧洲": 1, "诺基亚": 5, "爱立信": 5, "费劲": 1, "追赶": 1, "相对于": 1, "竞争": 2, "对手": 1, "小部分": 1, "价格": 1, "超越": 1, "已然": 2, "越来越": 1, "快": 1, "为止": 1, "世界": 1, "供应商": 1, "长期": 1, "市场": 3, "拒之门外": 3, "高管们": 2, "主导": 1, "抵制": 2, "劳神费心": 1, "失望": 1, "遗憾": 1, "困境": 1, "华尔街": 1, "日报": 1, "一家": 1, "硬件": 1, "提早": 1, "交付": 1, "高管": 1, "告诉": 1, "官员们": 1, "列入": 1, "黑名单": 1, "导致": 1, "延迟": 1, "9": 1, "推出": 1, "——": 1, "下一代": 1, "超高速": 1, "小心": 1, "谨慎": 1, "便宜": 1, "事实上": 1, "华": 1, "1.5万": 1, "大本营": 1, "芬兰": 1, "人数": 1, "倍": 1, "东北亚": 1, "1.2万": 1, "新西兰": 1, "商别": 1, "选择": 1, "坐等": 1, "滞后": 1, "昂贵": 1, "英": 1, "德": 1, "阻力": 1, "一道": 1, "全力以赴": 1, "做好": 1, "情": 1, "被迫": 1, "(": 2, "采用": 1, ")": 2, "挽救": 1, "企业": 1, "免于": 1, "最终": 1, "沦落": 1, "无名之辈": 1, "据悉": 1, "外部": 1, "压力": 1, "困难": 1, "商业": 2, "不错": 1, "成绩": 1, "26": 1, "商用": 4, "合同": 1, "全球": 3, "50多": 1, "伙伴": 1, "签署": 1, "合作": 1, "协议": 1, "基站": 1, "发货": 1, "数量": 2, "超": 1, "1万": 1, "最多": 1, "拥有": 1, "1600": 1, "项": 1, "核心": 2, "专利": 1, "占": 1, "5GESTI": 1, "标准": 1, "19%": 1, "构筑": 1, "优势": 1, "参加": 1, "几十": 1, "测试": 2, "数据": 1, "均": 1, "处于": 1, "澎湃": 1, "应届": 1, "生解": 1, "L老板": 1}