{"丞丞": 10, "杜华": 8, "道歉": 5, "点赞": 3, "热搜": 4, "乐华": 3, "声明": 3, "手滑": 3, "这是": 5, "波": 2, "操作": 3, "​​": 4, "回": 3, "​": 18, "歪果仁": 2, "眼中": 1, "中国": 15, "品牌": 5, "小米": 4, "、": 23, "华为": 48, "大疆": 1, "OPPO": 2, "bilibili～": 1, "企业": 2, "腾飞": 1, "世界": 5, "记住": 1, "名字": 1, "熟悉": 1, "印象": 1, "戳": 1, "↓": 1, "央视": 2, "记者": 1, "岳群": 1, "L": 2, "新闻": 1, "秒拍": 2, "视频": 5, "选择": 2, "不凡": 3, "北京": 5, "生而不凡": 1, "首都": 1, "政治": 1, "文化": 3, "中心": 1, "三千": 1, "历史": 1, "一线": 1, "城市": 2, "标签": 1, "都": 8, "关乎": 1, "无数": 1, "小不凡": 1, "成就": 1, "大不凡": 1, "峰会": 1, "2019": 3, "邀": 1, "见证": 1, "数字": 1, "经济": 1, "时代": 1, "5G": 13, "人工": 1, "智能": 4, "技术": 4, "创新": 2, "！": 16, "直播O": 1, "网页": 1, "链接": 3, "关注": 5, "小中": 1, "+": 2, "@": 6, "转发": 2, "抽送": 2, "P30一": 1, "台": 3, "加拿大": 1, "侵犯": 1, "孟晚舟": 4, "人权": 1, "奇耻大辱": 1, "手机": 30, "摄影": 4, "随时随地": 1, "传递": 2, "温度": 1, "记忆": 1, "美的": 2, "独特": 1, "感知": 1, "影像": 1, "大赛": 1, "一个": 11, "期待": 1, "更多": 1, "用户": 4, "分享": 3, "镜头": 1, "精彩": 2, "人生": 1, "参赛": 1, "获奖": 1, "作品": 1, "机会": 1, "入驻": 1, "巴黎": 1, "皇宫": 1, "踊跃": 1, "投稿": 1, "：": 9, "O网页": 2, "L华": 2, "终端": 3, "官方": 2, "酷燃": 1, "戴上": 1, "FreeLace": 1, "无线": 1, "耳机": 2, "音乐": 3, "送P": 1, "30": 3, "活动": 2, "小时候": 1, "妈妈": 1, "承诺": 2, "母亲节": 1, "爱": 1, "兑现": 1, "笑": 1, "幸福": 1, "简单": 1, "转评": 2, "抽": 2, "送": 2, "P30": 4, "1": 1, "5": 2, "抽奖": 1, "平台": 1, "http": 1, "://t.cn": 1, "/": 1, "EodTMId​": 1, "崛起": 6, "故事": 8, "本质": 2, "硬": 1, "核直": 1, "男": 1, "成长": 1, "昔日": 1, "无路可走": 1, "差距": 1, "面前": 1, "徒然": 1, "无力": 1, "历尽": 1, "千": 3, "辛": 1, "光亮": 1, "狂飙": 1, "盲进": 1, "年代": 1, "群": 1, "硬核": 6, "工程师们": 1, "斧钺相加": 1, "无畏": 1, "观察": 1, "消费": 1, "电子": 1, "行业": 2, "切片": 1, "耀": 1, "星灯": 1, "试": 1, "崎岖": 1, "暗淡": 1, "才": 3, "理解": 1, "如今": 1, "充沛": 1, "光芒": 1, "饭统": 1, "戴": 1, "老板": 1, "发现": 1, "居然": 1, "功能": 1, "相机": 1, "左上": 1, "吃": 1, "……": 1, "杜": 1, "华骚": 1, "一条龙": 2, "1.": 1, "爱奇艺": 1, "大会": 3, "封杀": 1, "解约": 1, "艺人": 1, "营销号": 2, "搬运": 2, "众人": 1, "辱骂": 1, ".": 2, "拿范": 1, "微博号": 1, "上线": 1, "分钟": 2, "准确": 1, "路人": 1, "相关": 2, "联动": 1, "豆瓣": 1, "3": 1, "三": 1, "小时": 1, "上完": 1, "轮": 1, "早": 2, "发晚": 1, "发": 2, "偏偏": 1, "后发": 1, "娱乐": 2, "糊弄": 1, "攻略": 1, "照片": 1, "均": 1, "iPhone": 1, "系列": 6, "拍摄": 1, "(": 1, "敏子": 1, "同学": 2, "Minz": 1, "​​​": 1, ")": 1, "电脑": 1, "焦虑": 3, "解除": 1, "早上": 1, "小哥": 1, "指点": 1, "拆开": 1, "机器": 1, "拔出": 1, "内": 1, "存条": 1, "擦": 1, "ʘᴗʘ": 1, "抢": 2, "死忠": 1, "刚": 2, "半年": 1, "上上": 1, "没用": 1, "成熟": 1, "实在": 1, "想": 2, "他妈": 1, "想要": 1, "颜色": 1, "第1043": 1, "期": 1, "墨": 1, "香伴": 1, "读书": 1, "事件": 3, "绝非": 1, "个例": 1, "美国": 6, "司法": 1, "手段": 1, "打击": 1, "商业": 1, "对手": 1, "套路": 1, "全球": 3, "非议": 1, "法国": 1, "版": 1, "受害者": 1, "——": 1, "阿尔斯通": 2, "高管": 1, "皮耶鲁齐": 2, "出狱": 1, "出版": 1, "陷阱": 1, "揭秘": 1, "长臂": 1, "管辖": 1, "海外": 1, "腐败法": 1, "肢解": 1, "500": 1, "惊人": 1, "内幕": 1, "一家": 1, "本书": 1, "胜": 1, "千言": 1, "墨香": 1, "书坊": 1, "5月": 2, "17日": 1, "截止": 1, "首批": 5, "国产": 3, "定价": 2, "公布": 4, "最低": 1, "价款": 1, "10800": 4, "元": 12, "联通": 3, "6": 3, "款": 3, "售价": 10, "12800": 2, "不等": 1, "Mate20": 2, "X售价": 2, "理论": 1, "峰值": 1, "网速": 1, "体验": 3, "来源于": 1, "先锋": 2, "计划": 2, "上海": 1, "广州": 1, "深圳": 1, "四": 1, "推行": 1, "完整": 1, "权益包": 1, "12000": 1, "支持": 2, "限量": 1, "限速": 1, "网络": 1, "卡": 1, "号": 1, "情况": 1, "尝": 1, "鲜": 1, "...": 1, "买": 3, "O": 1, "投票": 1, "〡": 1, "万元": 2, "起步": 1, "设备": 1, "上万": 1, "贵": 1, "建议": 1, "追求": 1, "完美": 1, "中兴": 1, "天机": 1, "Axon": 1, "10": 1, "RENO": 1, "11800": 3, "vivoNEX": 1, "MIX3": 1, "努比亚mini5G": 1, "CPEPro": 1, "9800": 1, "P30Pro赤": 1, "茶橘": 2, "配色": 2, "图赏": 1, "大概": 1, "P30Pro": 1, "亮眼": 1, "O华为P": 1, "Pro赤": 1, "赏​": 1, "AI": 3, "音箱": 2, "携手": 2, "腾讯": 1, "升级": 1, "千万级": 1, "曲库": 1, "贴心": 1, "热歌": 1, "劲曲": 1, "畅听": 1, "商城": 1, "本条": 1, "近日": 1, "意大利": 1, "时尚": 3, "米兰": 1, "场": 1, "FashionFlair": 1, "华丽": 2, "亮相": 1, "探索": 1, "跨界": 1, "科技": 2, "细腻": 1, "始终": 1, "倾注": 1, "研究": 1, "突破": 1, "赋予": 1, "艺术": 1, "美学": 1, "锐": 1, "参考": 1, "面对": 2, "上门": 4, "警告": 3, "国家": 2, "高官": 3, "来华": 2, "番": 2, "记得": 1, "网友": 2, "讨伐": 1, "国务卿": 1, "迈克·蓬佩奥": 1, "赞赏": 1, "变暖": 1, "众矢之的": 1, "专程": 1, "英国": 4, "发出": 1, "话题": 1, "涉及": 1, "一带": 1, "一路": 1, "倡议": 1, "蓬佩奥": 1, "尴尬": 1, "相逼": 1, "之际": 1, "派出": 1, "访问": 1, "……O": 1, "文章": 1, "写": 2, "不错": 1, "确实": 1, "很多": 2, "奋斗": 1, "很": 5, "倒": 1, "三角": 1, "组织": 1, "高层": 1, "辛苦": 1, "加班": 1, "据说": 1, "2012-2014年": 1, "余承东": 1, "晚上": 1, "11点": 1, "开会": 1, "汇报": 1, "算": 1, "太": 4, "累": 1, "车库": 1, "停车": 1, "过程": 1, "打瞌睡": 1, "车": 1, "撞墙": 1, "数据": 1, "错误": 1, "地方": 1, "P10": 1, "出货": 1, "600万": 1, "破": 1, "千万": 1, "感觉": 2, "刘": 2, "江峰": 1, "离去": 1, "未来": 2, "线下": 2, "线上": 1, "方向": 1, "判断": 1, "市场": 1, "发展": 1, "多年": 1, "读": 1, "『": 1, "往事": 4, "直男": 4, "』": 1, "O华": 2, "马来西亚": 1, "68": 1, "岁": 1, "法师": 1, "林": 1, "文华": 1, "证明": 1, "法力无边": 1, "当众": 1, "表演": 1, "清蒸": 1, "悲剧": 1, "骗": 2, "猎奇": 1, "Mate20X5G": 1, "VS.": 1, "MIX35G": 1, "下行": 1, "上行": 1, "速度": 1, "对比": 1, "巴龙": 1, "5000": 1, "基带": 2, "吊": 1, "骁龙X50": 1, "营销": 2, "风格": 1, "怪异": 1, "失败": 1, "嘴": 1, "吹牛": 1, "嘲讽": 1, "技术型": 1, "狠命": 1, "打底": 1, "练功": 1, "时机": 1, "厚积薄发": 1, "格局": 1, "双景": 1, "录像": 1, "安静": 1, "舔屏": 1, "打扰": 1, "~": 1, "你家": 1, "喵": 1, "主子": 1, "此刻": 1, "全新": 2, "佛顶": 1, "造型": 1, "专利": 4, "曝光": 2, "海屏": 1, "美": 2, "100倍": 1, "有望": 1, "代nova新机": 1, "涵盖": 1, "18:9": 1, "刘海": 1, "水滴": 1, "升降": 3, "挖孔": 1, "屏": 2, "方案": 1, "提供": 1, "设计": 4, "思路": 1, "9日": 1, "外形": 3, "渲染": 1, "保证": 2, "正面": 2, "屏幕": 3, "完整性": 2, "采用": 1, "机械": 2, "机构": 2, "渲染图": 1, "所示": 1, "外观": 2, "亮点": 1, "在于": 1, "顶部": 1, "弧形": 1, "创造": 1, "空间": 2, "用于": 1, "放置": 1, "前置": 1, "摄像头": 1, "传感器": 1, "元器件": 1, "得益": 1, "得以": 1, "开阔": 1, "视野": 1, "观感": 1, "偏重": 1, "值得": 1, "消息": 2, "称": 2, "这项": 1, "下一代": 2, "nova": 3, "下代": 1, "代号": 1, "sea": 1, "搭载": 1, "麒麟980": 1, "处理器": 1, "搭配": 1, "40W": 1, "超级": 1, "快充": 1, "属实": 1, "产品": 2, "辨识度": 1, "竞争力": 1, "nova新机": 1, "超前": 1, "估计": 1, "消费者": 1, "接受": 1, "时间": 3, "网友们": 1, "头": 1, "手中": 1, "酒坛": 1, "团子": 1, "杯": 1, "～嘴": 1, "秘密": 3, "～～～～～": 1, "自行": 1, "脑补": 1, "小龙人": 1, "主题曲": 1, "东方": 1, "西方": 1, "差异": 1, "辩论": 1, "好不容易": 1, "结论": 1, "泄密": 1, "规则": 5, "花": 1, "明面": 2, "刻板": 1, "浪费": 1, "效率": 1, "低下": 1, "肯定": 1, "遵守": 1, "私下": 2, "打招呼": 1, "抓": 1, "不住": 1, "把柄": 1, "至多": 1, "自己人": 1, "玩法": 1, "打破": 1, "随意": 1, "关系": 2, "带来": 1, "灰度": 1, "潜规则": 1, "导致": 1, "企业家": 1, "安全感": 1, "赚钱": 1, "跑": 1, "东西方": 1, "律师": 1, "弹性": 1, "灵活": 1, "难": 1, "沟通": 1, "接触": 1, "疲劳": 1, "靠谱": 1, "产品线": 1, "总裁": 1, "杨超斌": 1, "快": 1, "明年底": 1, "上市": 1, "#范": 2, "封面": 2, "综艺": 1, "帅帅": 1, "先是": 1, "范丞": 1, "丞点": 1, "赞上": 1, "家中": 1, "坐锅": 1, "天上": 1, "拥抱": 1, "大势": 1, "才能": 1, "赢得": 1, "计算": 4, "·": 1, "苏州": 1, "站": 1, "期间": 1, "与会": 1, "客户": 2, "合作": 2, "伙伴": 2, "产业": 2, "变革": 1, "思考": 1, "阐释": 1, "战略": 1, "万物": 1, "皆": 1, "使能者": 1, "底座": 1, "致力于": 1, "构建": 1, "共生": 1, "共荣": 1, "共赢": 1, "生态": 1, "浏览": 1, "时刻": 1}