{"砸百亿": 4, "建": 10, "华为": 64, "东莞": 11, "欧洲小镇": 10, "打卡": 6, "攻略": 6, "砸": 5, "100": 4, "亿": 3, "松山湖": 7, "基地": 7, "挺": 3, "好听": 3, "名字": 3, "——": 4, "溪流": 3, "背坡村": 3, "华为人": 3, "喜欢": 3, "溪村": 3, "员工": 7, "办公区": 2, "一万多": 2, "进驻": 2, "办公": 3, "研发": 2, "人员": 1, "人均": 1, "28": 1, "平米": 1, "区域": 2, "未来": 2, "容纳": 2, "两万五千": 2, "​": 21, "想": 6, "欧洲": 3, "一日游": 2, "来华": 2, "风景": 2, "梦幻": 2, "、": 27, "设施": 2, "豪华": 2, "下班": 2, "O华": 2, "百亿": 3, "(": 1, "组图": 1, ")": 1, "新一代": 1, "拍照": 2, "旗舰": 2, "P30pro～​": 1, "发": 1, "条": 1, "空炸": 1, "电视": 11, "轴线": 2, "挖": 3, "AIOT": 1, "苹果": 6, "流媒体": 1, "下周": 1, "拍": 2, "大腿": 1, "：": 12, "早": 1, "2018": 1, "中国": 1, "民营": 1, "企业": 5, "榜单": 1, "制造业": 1, "排": 1, "正威": 1, "魏桥": 1, "亨利": 1, "吉利": 1, "美的": 2, "沙钢": 1, "天能": 1, "TCL": 2, "比亚迪": 1, "超威": 1, "100亿": 2, "打造": 1, "风景如画": 1, "环境": 1, "优美": 1, "电动": 1, "火车": 1, "通行": 1, "工作": 1, "美国": 6, "彭博社": 2, "3月": 5, "23日": 1, "报道": 1, "加拿大": 3, "法庭": 1, "文件": 1, "显示": 1, "孟晚舟": 2, "温哥华": 1, "国际": 1, "机场": 1, "捕时": 1, "携带": 2, "7": 1, "手机": 9, "台": 1, "MacBookAir": 2, "笔记本": 2, "电脑": 2, "iPadPro": 2, "平板": 1, "Mate20": 2, "RS": 1, "产品": 8, ".": 2, "远景": 1, "特写": 2, "双重": 1, "视角": 1, "无限": 2, "精彩": 2, "倒计时": 3, "P30": 6, "开启": 1, "全新": 1, "摄影": 1, "体验": 4, "L华": 3, "终端": 4, "官方": 2, "秒拍": 3, "视频": 5, "图集": 1, "花费": 1, "「": 1, "」": 1, "风格": 1, "建筑群": 1, "占地": 1, "1900": 1, "亩": 1, "建筑": 2, "面积": 1, "126.7万": 1, "平方米": 1, "换算": 1, "等于": 1, "182": 1, "标准": 1, "足球场": 1, "大小": 1, "项目": 1, "划分": 1, "12": 1, "座": 1, "经典": 1, "城市": 1, "蓝本": 1, "一日": 1, "游遍": 1, "巴黎": 3, "勃艮第": 1, "维罗纳": 1, "海德堡": 1, "名城": 1, "文章": 1, "链接": 2, "详O": 1, "系列": 1, "全景": 1, "同步": 1, "26日": 2, "法国": 1, "期待": 1, "！": 11, "公司": 7, "武汉": 1, "伢们": 1, "汉街": 1, "迎来": 1, "网红": 1, "全国": 1, "首家": 1, "授权": 1, "店Plus": 1, "快": 1, "开业": 2, "打探": 1, "层": 1, "砖红色": 1, "好不": 1, "气派": 1, "店": 1, "内": 1, "各类": 1, "黑科技": 1, "体验区": 1, "惊叹": 1, "小编": 1, "旗舰级": 1, "沉浸式": 1, "VR": 1, "游戏": 1, "震撼": 1, "创意": 1, "摄影区": 1, "影音区": 1, "真的": 1, "嗨": 1, "翻": 1, "~": 2, "明天": 2, "正式": 2, "记得": 1, "围观": 1, "抱抱": 1, "发推": 1, "挨骂": 1, "题材群": 1, "周末": 1, "聊": 1, "热": 1, "大麻": 1, "...": 1, "玩意": 1, "上瘾": 1, "一带": 1, "一路科": 1, "创​": 1, "美景": 1, "两全其美": 1, "北京": 1, "时间": 3, "21:00": 1, "14:00": 1, "RewriteThe": 1, "Rules": 1, "​​​": 1, "摆出": 1, "机器": 1, "真机": 1, "朋友": 1, "芯片": 3, "操作": 5, "系统": 5, "重要性": 1, "不管是": 1, "冰箱": 1, "洗衣机": 1, "空调": 1, "无线路": 1, "都": 6, "支持": 2, "才能": 1, "运作": 1, "计算机": 1, "信息": 1, "产业": 1, "核心": 3, "技术": 3, "处于": 1, "垄断": 1, "地位": 1, "别人": 1, "卡住": 1, "脖子": 1, "无力": 1, "改变": 1, "透露": 1, "研出": 1, "PC": 1, "移动端": 1, "防患于未然": 1, "以备": 1, "不时之需": 1, "深谋远虑": 1, "关键": 1, "战略": 1, "突破": 1, "不再": 1, "受制于人": 1, "L手": 1, "TA": 1, "晚安": 1, "一家人": 1, "难免": 1, "争吵": 1, "秒": 2, "吵完": 1, "和好": 1, "也许": 1, "关系": 1, "转评": 1, "聊聊": 1, "家人": 1, "吵架": 1, "小云": 1, "随机": 1, "抽": 1, "送出": 1, "耳机": 1, "迄今为止": 1, "买": 2, "自mate10pro": 1, "顶配": 1, "包括": 2, "三": 1, "款": 3, "保时捷": 1, "设计": 2, "父母": 1, "出品": 1, "算是": 1, "金": 1, "白银": 1, "国货": 1, "杠精": 1, "勇气": 1, "辩论": 1, "资格": 1, "评论": 1, "去年底": 1, "CFO孟": 1, "女士": 1, "警方": 2, "非法": 1, "拘留": 1, "感到": 1, "意外": 1, "孟": 1, "高管": 1, "私人": 1, "电子": 1, "很多": 1, "份": 1, "报告": 1, "四": 1, "iPhone7Plus": 1, "台保": 1, "时捷": 1, "设计版": 1, "Mate20手机": 1, "此前": 1, "负责": 1, "运营": 1, "海外": 1, "社交": 1, "账户": 1, "iPhone": 1, "发布": 2, "新年": 1, "致辞": 1, "降职": 1, "": 1, "美学": 1, "栀": 3, "の": 1, "799": 1, "美化": 1, "包Q": 1, "Q[": 1, "吃": 3, "兔": 1, "兔]": 1, "动态": 1, "白肚皮": 1, "宠": 1, "兔兔": 1, "6000": 1, "粉": 1, "福利": 1, "防冻华": 1, "可用": 1, "气泡": 1, "@": 3, "一眼": 1, "万里": 1, "布局": 1, "控奶": 1, "俏抚除": 1, "壁纸": 1, "自画": 1, "助手": 1, "主页": 1, "置顶": 1, "字体": 1, "直通": 1, "车O": 1, "网页": 1, "3368": 1, "？？": 1, "概念股": 1, "收藏": 2, "这次": 1, "重点": 2, "microLED": 1, "周五": 1, "强悍": 1, "300303": 1, "聚飞": 2, "光电": 4, "最低价": 1, "概念": 4, "300241": 1, "瑞丰": 2, "早板": 1, "正宗华": 1, "接下来": 1, "题材": 1, "4K": 2, "高清": 1, "炒作": 1, "走": 1, "市场": 1, "选择": 1, "研究": 1, "不好意思": 1, "混": 1, "政府": 3, "围堵": 1, "强化": 1, "公关": 1, "攻势": 1, "21日": 1, "主流": 1, "媒体": 1, "USAToday": 1, "今日": 1, "报": 1, "刊登": 1, "撰写": 1, "社论": 1, "反驳": 1, "受控": 1, "指控": 2, "7日": 1, "拥抱": 1, "科技": 3, "注重": 2, "能力": 1, "干部": 1, "培养": 1, "发展": 3, "对比": 1, "联想": 2, "规模": 6, "阿里巴巴": 1, "万亿": 2, "小米": 1, "千亿": 1, "这几年": 1, "巨无霸": 1, "沦落": 1, "不敌": 1, "后来者": 2, "一个": 1, "子公司": 2, "估值": 1, "10%": 1, "值得": 1, "创业者": 1, "守业者": 1, "反思": 1, "兼并": 1, "重组": 1, "从来": 1, "内部": 3, "资源": 1, "整合": 1, "管理": 1, "体制": 1, "改革": 1, "商业": 1, "模式": 1, "创新": 1, "才": 1, "王道": 1, "合作": 2, "生态": 1, "大全": 1, "分为": 1, "中大": 2, "尺寸": 5, "背光": 3, "LED": 2, "用作": 2, "液晶": 1, "光源": 3, "2016年": 1, "增发": 1, "并购": 1, "玲涛": 1, "85%": 1, "股权": 1, "从此": 1, "领域": 1, "液晶屏": 1, "供货": 2, "京东方": 1, "一线": 1, "厂家": 1, "激智": 1, "量子": 1, "点膜": 1, "客户": 3, "集团": 2, "专业": 1, "生产": 1, "器件": 1, "下游": 1, "模组厂": 1, "中兴": 1, "宇龙": 1, "酷派": 1, "迪维迅": 1, "整体": 1, "解决": 1, "方案": 1, "伙伴": 1, "英唐": 1, "智控": 1, "采购": 1, "机制": 1, "分销商": 1, "供应商": 1, "形式": 1, "间接": 1, "提供": 2, "服务": 1, "实达": 1, "深圳": 1, "兴飞": 1, "国内": 1, "OTT": 1, "数字": 1, "设备": 1, "电源": 1, "代工": 3, "京东方A": 1, "喷华": 1, "P30Pro": 4, "50": 1, "倍": 2, "变焦": 1, "没用": 1, "蜀黎": 1, "60": 1, "镜": 1, "放大": 1, "作案": 1, "过程": 1, "清清楚楚": 1, "望远处": 1, "伪装": 1, "隐蔽": 1, "办案": 1, "标配": 1, "开箱": 1, "曝光": 1, "双曲": 1, "面水": 1, "滴屏": 1, "颜值": 1, "专卖店": 1, "罚款": 1}