{"你好": 1, "明天": 2, "华为": 61, "顶尖": 10, "届生": 9, "开出": 1, "201万": 4, "年薪": 9, "中国": 21, "企业": 5, "全球": 2, "科技": 6, "巨头": 1, "人才": 10, "竞争": 1, "写下": 1, "注脚": 1, "薪揽": 1, "才": 2, "表象": 1, "时代": 1, "知识": 1, "提供": 1, "报偿": 1, "革命": 1, "叩响": 1, "未来": 3, "大门": 1, "站上": 1, "制高点": 1, "赢得": 1, "栽下": 1, "梧桐树": 1, "引得": 1, "凤凰": 1, "唯有": 1, "懂得": 1, "价值": 2, "聚": 1, "天下": 1, "英才": 1, "​": 11, "下部": 2, "手机": 16, "选择": 10, "苹果": 19, "安卓": 13, "阵营": 5, "7月": 14, "23日": 10, "QuestMobile": 4, "报告": 9, "显示": 6, "用户": 14, "流向": 4, "2019年": 7, "6月": 4, "智能": 2, "终端": 3, "市场": 7, "份额": 2, "下降": 7, "23.15%": 2, "换机": 6, "46%": 4, "2018年": 4, "同期": 2, "增长": 5, "2.8": 2, "百分点": 2, "更换": 3, "三": 6, "名": 15, "新款": 3, "都": 7, "来自于": 3, "新京报": 3, "回应": 8, "美国": 17, "子公司": 17, "裁员": 17, "：": 10, "实体": 10, "清单": 10, "影响": 6, "600余": 7, "24日": 4, "针对": 5, "确认": 2, "下属": 4, "68": 4, "纳入": 4, "业务": 12, "不得不": 3, "Futurewei": 6, "作出": 4, "调整": 3, "22日": 3, "任正非": 1, "接受": 1, "雅虎": 1, "财经": 2, "采访": 1, "实体名单": 1, "难以": 2, "管理": 1, "这家": 3, "合作": 2, "公司": 10, "取决于": 2, "政府": 1, "态度": 2, "@": 4, "老板": 4, "联播L": 2, "联播": 3, "秒拍": 5, "视频": 8, "果粉": 1, "忠诚度": 6, "第三方": 5, "称": 7, "发布": 6, "互联网": 1, "2019": 2, "半年": 2, "ios": 1, "系统": 2, "转向": 5, "强劲": 1, "对手": 1, "多种": 1, "机型": 4, "比例": 3, "均": 4, "超": 1, "27%": 3, "P30Pro": 2, "列入": 1, "带来": 3, "很": 6, "5月": 2, "16日": 2, "美国商务部": 2, "工业": 1, "安全局": 1, "BIS": 1, "FutureweiTechologies,Inc": 1, ".": 1, "(": 2, ")": 2, "运营": 2, "2001年": 1, "德克萨斯州": 1, "注册": 1, "成立": 1, "研发": 2, "投入": 1, "5.1亿": 1, "美金": 1, "这是": 3, "一个": 4, "困难": 1, "员工": 1, "给予": 1, "包括": 1, "工资": 2, "福利": 1, "在内": 2, "离职": 1, "补偿": 1, "遵守": 1, "本地": 1, "法律": 1, "法规": 1, "运作": 1, "第一": 2, "心动": 1, "首款": 2, "5Ｇ": 1, "售价": 1, "假设": 1, "5": 2, "Ｇ": 1, "买": 1, "品牌": 1, "消费": 2, "电子": 2, "、": 45, "安防": 2, "光学": 2, "光电子": 2, "计算机": 3, "设备": 3, "概念": 2, "5G": 11, "人脸": 2, "识别": 2, "半导体": 2, "芯片": 2, "集成": 2, "电路": 2, "涨幅": 4, "领先": 4, "创业板": 2, "中纳板": 2, "媒体": 3, "英国": 6, "脱欧": 2, "内政": 1, "英": 1, "关系": 3, "香港": 3, "事务": 2, "无关": 1, "看法": 1, "大错特错": 1, "挑衅": 2, "加大": 2, "攻击": 1, "力度": 1, "围绕": 1, "背后": 2, "展开": 1, "斗争": 1, "千丝万缕": 1, "约翰逊": 1, "依仗": 1, "力量": 2, "政策": 1, "唯": 1, "马首自瞻": 1, "哈巴狗": 1, "听从": 1, "指令": 1, "行事": 1, "O脱欧": 1, "解释": 1, "高中": 2, "老师": 1, "发": 1, "朋友圈": 1, "8": 4, "天才": 2, "少年": 2, "师弟": 1, "...": 2, "参加": 1, "信息学": 1, "竞赛": 1, "读": 3, "大学": 1, "博士": 3, "太": 1, "长": 1, "25": 1, "岁": 1, "收入": 1, "offer差": 1, "热门": 2, "方向": 1, "校招": 1, "起薪": 1, "硕士": 1, "拉开": 1, "差距": 1, "原因": 1, "——": 3, "1": 1, "研究": 2, "深水区": 1, "前沿": 1, "突破": 1, "不再": 1, "超高速": 1, "技术": 2, "团队": 1, "简单": 1, "指标": 2, "证明": 1, "年轻": 4, "新生": 1, "做出": 1, "差异化": 1, "kpi": 1, "论文": 2, "灌水": 1, "后者": 1, "放缓": 1, "评价": 2, "低": 1, "领域": 3, "靠拢": 1, "参照": 1, "学术界": 1, "公务员": 1, "国企": 1, "学校": 1, "学历": 1, "年龄": 1, "硬指标": 1, "上线": 1, "新生代": 2, "进逼": 1, "中年": 2, "程序员": 1, "跟随": 1, "稳步": 1, "压力": 1, "干部": 1, "年轻化": 1, "越发": 1, "昨天": 1, "SIGIR": 1, "颁奖": 1, "7": 1, "奖项": 1, "中国人": 1, "华人": 1, "上台": 1, "灌论文": 1, "能力": 2, "碾压": 1, "中年人": 2, "经验": 1, "一代": 2, "共赢": 1, "年轻人": 1, "家庭": 1, "条件": 1, "越来越": 2, "综合": 1, "语言": 1, "社交": 1, "学术": 1, "数据": 1, "敏感度": 1, "说白了": 1, "想要": 1, "向上": 1, "发展": 1, "找到": 1, "合适": 1, "种子选手": 1, "机构": 3, "列举": 1, "iPhone6S": 1, "iPhone8": 1, "iPhone8S": 1, "iPhoneX": 2, "时期": 2, "价格": 2, "段": 4, "案例": 2, "占比": 1, "换成": 2, "超过": 2, "43.5%": 1, "24.7%": 1, "款": 6, "对此": 2, "一如既往": 1, "支持": 1, "事实": 1, "O华": 2, "截止": 1, "iPhone11": 4, "今秋": 4, "上市": 6, "分析": 2, "救": 2, "9to5Mac": 2, "报道": 2, "标XS": 2, "XSMax": 2, "XR": 2, "采用": 2, "新型": 2, "振动": 2, "马达": 2, "浴霸型": 2, "摄像头": 2, "同日": 3, "首选": 2, "L": 2, "世界": 5, "500": 3, "跨越": 1, "第61": 1, "连续": 1, "3": 2, "百": 1, "2010年": 1, "小米": 2, "首次": 1, "接下来": 2, "八": 3, "397": 1, "351": 1, "296": 1, "285": 1, "228": 1, "120": 1, "83": 1, "72": 1, "一步一个脚印": 1, "爬到": 1, "61": 1, "辉煌": 1, "记得": 2, "残缺": 1, "裸脚": 1, "被告": 1, "54": 1, "艰苦磨难": 1, "明年": 1, "目标": 1, "炮火": 1, "今非昔比": 1, "！": 5, "P30": 2, "Pro出": 1, "系列": 1, "小人": 1, "蛮": 1, "生动": 1, "可爱": 1, "网友": 1, "意义": 1, "​​": 3, "从前": 1, "时间": 2, "孙杨": 1, "封锁": 1, "制裁": 1, "讲": 2, "商业": 2, "规则": 3, "游": 1, "快": 1, "侮辱": 1, "恶心": 1, "竞技": 1, "课": 1, "制定": 1, "不利": 1, "毫不犹豫": 1, "打破": 1, "中报": 1, "微评": 1, "值": 1, "价钱": 1, "创新": 1, "源泉": 1, "走向": 1, "生死存亡": 1, "进一步": 1, "推动": 1, "社会": 1, "决策者": 1, "层面": 1, "魄力": 2, "份": 2, "大锅饭": 1, "和稀泥": 1, "200万": 5, "元": 4, "民企": 1, "展现": 1, "希望": 1, "学到": 1, "理念": 1, "评论员": 1, "张周项": 1, "1399": 1, "懵": 1, "世人": 1, "沸腾": 1, "甄子丹": 2, "拿到": 1, "黄金": 2, "定制版": 2, "P30Pro​": 1, "新机": 1, "晨读": 1, "香江": 2, "①": 1, "暴徒": 2, "接连": 1, "大肆": 1, "破坏": 1, "围堵": 1, "君尧": 2, "办事处": 1, "；": 1, "昨日": 1, "损毁": 1, "父母": 1, "位于": 1, "屯门": 1, "坟墓": 1, "②": 1, "元朗": 1, "西铁站": 1, "周日": 1, "暴力": 1, "袭击案": 1, "被捕": 1, "人数": 1, "增至": 1, "11": 1, "③": 1, "七": 1, "首席": 1, "执行官": 1, "销售": 1, "许可": 1, "特朗普": 1, "同意": 1, "④": 1, "委内瑞拉": 1, "发生": 1, "大规模": 1, "停电": 1, "首都": 1, "加拉加斯": 1, "16": 1, "州": 1, "⑤": 1, "戴姆勒": 2, "消息": 1, "北汽": 1, "集团": 1, "购买": 2, "5％": 1, "股份": 1, "详戳": 1, "→": 1, "O【": 1, "晨讀": 1, "紫禁城": 1, "夏日": 1, "微风": 1, "爱上": 1, "座": 1, "城": 1, "摄影": 1, "小宫": 1, "女": 1, "李": 1, "美丽": 1, "V影": 1, "像力": 1, "盛夏": 1, "光影": 1, "感受": 1, "高薪": 2, "招应": 2, "获聘者": 3, "大有": 2, "来头": 3, "刚": 1, "毕业": 1, "百万": 1, "抢走": 1, "内部": 1, "邮件": 3, "披露": 1, "方案": 1, "最低": 1, "89.6万": 1, "打赢": 1, "战争": 1, "吸引": 1, "顶级": 2, "挑战": 1, "薪酬": 1, "透露": 1, "计划": 1, "全世界": 1, "招进": 1, "20-30": 1, "逐年": 1, "增加": 1, "届": 1, "学生": 1, "实行": 1, "年薪制": 1, "↓↓↓": 1, "O": 2, "体现": 1, "愚痴": 1, "群众": 1, "教育": 2, "科研": 4, "招聘": 1, "岗位": 1, "无知": 1, "挂钩": 1, "压根": 1, "赛道": 1, "回": 1, "徒增": 1, "焦虑": 1, "真的": 1, "好不": 1, "件": 2, "本质": 1, "面对": 1, "新锐": 1, "科学家": 3, "俩": 1, "群体": 1, "半": 1, "毛": 1, "钱": 1, "妄想": 1, "应试": 1, "死": 2, "读书": 5, "书": 1, "发大财": 1, "赚": 1, "大钱": 1, "喊": 1, "出路": 1, "好好": 1, "傻x": 1, "事情": 1, "严肃": 1, "research": 1, "高精尖": 1, "陈腐": 1, "考试": 1, "做题": 1, "套": 1, "理解": 1, "普通人": 1, "这辈子": 1, "幻觉": 1, "鼓掌": 1, "25.5%": 1, "L老板": 1, "现实": 1, "打脸": 1, "无用": 1, "小学": 2, "学": 1, "奥数": 2, "说出": 1, "想法": 1, "犹豫": 1, "答对": 1, "L济南": 1, "生活": 1, "首批": 2, "即将": 2, "扎堆": 3, "工信部": 1, "信息": 1, "通信": 1, "发展司": 1, "司长": 1, "闻库": 1, "网络": 1, "步入": 1, "成熟": 1, "有约": 1, "中兴": 2, "推出": 1, "率先": 1, "电商": 1, "平台": 1, "开启": 1, "预售": 1, "天猫": 1, "相关": 1, "负责人": 1, "3C": 1, "认证": 1, "内": 1, "首发": 1, "阶段": 1, "商用": 1, "元年": 1, "正式": 1, "到来": 1}