{"华为": 15, "埃及": 1, "员工": 3, "食堂": 1, "川味": 1, "风格": 1, "中餐": 1, "才": 1, "非洲": 1, "份": 1, "饭": 1, "面条": 1, "小时": 2, "飞机": 1, "口": 1, "食物": 1, "都": 2, "吃": 1, "​": 5, "日本": 1, "记者": 1, "：": 21, "美国": 8, "盟友": 1, "排除": 1, "5G": 1, "建设": 2, "安倍": 1, "网络": 2, "很": 4, "G20": 1, "容克": 1, "别人": 1, "远": 2, "隔": 1, "千": 1, "中国": 4, "排挤": 1, "尊重": 1, "规则": 1, "L微": 1, "丢": 1, "秒拍": 2, "视频": 4, "拿到": 1, "P30": 2, "半": 1, "TA": 1, "熟悉": 1, "三年": 1, "习惯": 1, "转评": 1, "多久": 1, "手机": 2, "_____": 1, "上市": 1, "原因": 1, "任正非": 1, "想": 1, "利润": 1, "拱手相让": 1, "玩": 1, "资本": 1, "据说": 1, "年收入": 1, "百万": 1, "2万": 1, "太": 1, "恐怖": 1, "瑞士": 4, "官宣": 2, "一带": 2, "一路": 2, "朋友圈": 1, "感觉": 2, "硅谷": 2, "！": 4, "4月": 1, "25日": 1, "联邦": 1, "主席": 1, "于利•毛雷尔": 1, "正式": 1, "倡议": 1, "毛雷尔": 1, "称": 1, "中立": 1, "国家": 2, "一个": 2, "独立": 1, "提到": 1, "参与": 1, "我国": 1, "通信": 1, "@": 1, "时间": 2, "国际": 2, "L": 1, "阴天": 1, "测试": 1, "P30Pro": 1, "50": 1, "倍": 1, "焦": 1, "评测": 1, "石家庄": 1, "周末": 1, "带上": 1, "系列": 1, "场": 2, "追星": 1, "旅": 1, "​​​": 1, "发布": 1, "方舟": 2, "编译器": 3, "火": 3, "这是": 1, "底层": 3, "重造": 3, "安卓": 5, "系统": 4, "掀起": 1, "性能": 1, "革命": 1, "体验": 1, "超过": 1, "iOS": 2, "请": 1, "深度": 1, "分析": 1, "目标": 2, "超越": 2, "苹果": 2, "O方舟": 1, "iOS​": 1, "消费者": 1, "业务": 1, "CEO": 4, "余承": 1, "东生": 1, "1969年": 3, "小米": 1, "创办人": 3, "雷军": 1, "生于": 1, "OPPO": 1, "陈明": 1, "永生": 1, "VIVO": 1, "沈炜生": 1, "1972年": 1, "———————————————": 1, "———": 1, "异类": 1, "作者": 1, "格拉德维尔": 1, "统计": 2, "富人": 1, "科技": 2, "创新": 2, "人才": 1, "年龄": 5, "提出": 1, "有意思": 1, "观点": 1, "年龄段": 1, "时代": 1, "命运": 1, "走向": 1, "决定性": 2, "作用": 2, "——": 1, "坐": 1, "位置": 2, "程度": 1, "正确": 1, "年份": 1, "福布斯": 1, "历史": 1, "有钱": 1, "70": 1, "排行": 1, "19": 1, "出生": 2, "19世纪": 1, "1831-1840年": 1, "现象": 2, "解读": 2, "1860-1870年": 1, "铁路": 1, "、": 3, "矿业": 1, "金融": 1, "制造业": 1, "发展": 1, "刚好": 1, "处于": 2, "20-30": 1, "岁": 2, "黄金": 2, "行业": 2, "浮现": 1, "规律": 1, "比尔•盖茨": 1, "1955": 4, "史蒂夫•乔布斯": 1, "保罗•艾伦": 1, "史蒂夫•鲍尔默": 1, "1956": 1, "埃里克•施密特": 1, "比尔•乔伊": 1, "1954斯科特•麦克利尼": 1, "1954": 1, "第一": 1, "电脑": 1, "1975年": 1, "恰好": 1, "19-22": 1, "世界": 2, "混沌": 1, "十几": 1, "样本": 2, "足以": 1, "严谨": 1, "论据": 1, "找出": 1, "反例": 1, "起到": 1, "现有": 1, "数据": 1, "启发": 1, "潮流": 1, "起伏": 1, "波": 2, "赶上": 2, "涨潮": 1, "进去": 1, "卡住": 1, "；": 1, "退潮": 1, "努力": 2, "无非": 1, "辛苦": 1, "艰难": 1, "攀爬": 1, "条件": 1, "资源": 1, "状态": 1, "寻找": 1, "匹配": 1, "机会": 1, "浪潮": 2, "力量": 1, "推": 1, "走": 1, "瞎": 1, "一通": 1, "抱怨": 1, "时运不济": 1, "运气": 1, "iPhoneXs": 1, "VS": 1, "P30Pro​": 1}