{"外交部": 9, "：": 38, "孟晚舟": 43, "事件": 21, "引渡": 36, "条约": 9, "滥用": 9, "敦促": 10, "美方": 12, "纠正": 9, "错误": 13, "加拿大": 29, "环球": 8, "邮报": 6, "援引": 2, "驻": 5, "美国": 38, "大使": 5, "麦克诺顿": 4, "称": 17, "通知": 4, "政府": 15, "计划": 7, "正式": 18, "提出": 21, "华为": 67, "首席": 4, "财务官": 4, "受审": 2, "对此": 3, "中国": 19, "发言人": 4, "华春莹": 9, "22日": 9, "回应": 17, "美": 15, "国": 3, "中方": 11, "加方": 10, "当天": 3, "例行": 3, "记者会": 3, "严正": 4, "立场": 3, "一开始": 2, "一个": 7, "司法": 3, "案件": 3, "公民": 4, "人身": 2, "合法": 4, "权益": 4, "侵犯": 3, "释放": 3, "女士": 8, "美加": 2, "赤裸裸": 2, "高科技": 2, "企业": 2, "打压": 2, "历史": 3, "证明": 2, "提交": 2, "申请": 2, "截止": 2, "日期": 2, "1月": 12, "30日": 2, "O": 3, "胡侃": 1, "低调": 1, "公司": 8, "策略性": 1, "值得": 1, "理解": 1, "舆论": 1, "谴责": 1, "法律": 10, "精神": 1, "玷污": 1, "届时": 1, "强有力": 1, "反制": 1, "绝不": 1, "缺位": 1, "L胡锡进": 1, "视频": 14, "​": 20, "5G": 39, "手机": 15, "6月": 7, "推出": 9, "副董事长": 9, "胡厚崑": 8, "30多": 4, "国家": 26, "落地": 4, "达沃斯": 5, "世界": 6, "经济": 4, "论坛": 4, "小组": 4, "会议": 4, "到来": 4, "10多": 4, "部署": 8, "网络": 4, "预计": 4, "未来": 4, "12": 4, "六月": 2, "市场": 4, "L": 4, "老板": 6, "联播": 5, "秒拍": 6, "美正": 2, "早日": 7, "自由": 8, "媒体": 6, "报道": 9, "大卫·麦克纳顿": 1, "周一": 2, "接受": 6, "采访": 9, "作出": 2, "表态": 1, "并未": 1, "提及": 1, "相关": 4, "关注": 6, "进展": 6, "全文": 2, "O华": 2, "民众": 8, "抵制": 8, "苹果": 8, "任正非": 17, "牺牲": 11, "利益": 8, "15日": 3, "深圳": 3, "总部": 3, "过程": 3, "采购": 3, "态度": 4, "一家": 3, "开放": 3, "改革": 6, "政策": 3, "500": 2, "15": 2, "CEO": 3, "美军": 2, "呆过": 1, "背景": 2, "说事": 1, "@": 7, "CGTN_Dialogue": 1, "嘉宾": 1, "义愤填膺": 1, "指责": 2, "推崇": 1, "竞争": 1, "市场经济": 1, "搞垮": 1, "不择手段": 1, "！": 7, "波兰": 1, "逮捕": 1, "员工": 1, "只字不提": 1, "同伙": 1, "供职": 1, "法国": 1, "橙色": 1, "；": 1, "任职": 2, "拥有": 1, "都": 4, "Fed": 1, "Ex": 1, "站": 1, "质疑": 1, "间谍门": 1, "L微": 1, "丢": 1, "谈": 2, "女儿": 2, "担心": 2, "信心": 1, "解决": 2, "17日": 1, "创始人": 2, "央视": 2, "很久": 1, "见到": 1, "感谢": 1, "党": 1, "权利": 1, "保护": 1, "力量": 1, "很": 1, "长": 1, "时间": 1, "#智": 1, "新春": 1, "岁末": 1, "城市": 1, "所有人": 1, "忙乎": 1, "一刻": 1, "目的": 1, "——": 4, "回家": 2, "漫漫": 1, "春运": 1, "路": 1, "遇见": 1, "故事": 2, "晒出": 1, "路上": 1, "HUAWEIMateBookX": 1, "转发": 1, "抽": 1, "送": 1, "手环": 1, "纪要": 1, "O部分": 1, "易烊": 4, "千玺": 3, "nova4": 1, "发布会": 1, "vlog": 1, "工作": 1, "状态": 2, "主演": 1, "千": 1, "玺": 1, "旁白": 1, "胖": 1, "虎": 1, "哈哈哈": 1, "vlog多多": 1, "益善": 1, "吖LTF": 1, "情报局": 1, "参与": 2, "制定": 2, "标准": 2, "究竟": 2, "速度": 2, "4G": 2, "快": 3, "倍": 2, "意味着": 2, "电影": 1, "据说": 2, "自动": 2, "驾驶": 2, "、": 13, "远程": 2, "医疗": 2, "制造业": 2, "游戏": 2, "娱乐": 1, "产业": 1, "都会": 2, "改变": 2, "格局": 2, "缘故": 1, "视知TV三": 1, "分钟": 1, "告诉": 3, "背后": 2, "原理": 2, "逻辑": 2, "戳开": 1, "感受": 1, "科技": 2, "麻辣烫": 1, "L视知TV": 2, "教育": 4, "廉价": 2, "国防": 3, "总裁": 2, "重视": 2, "基础教育": 1, "农村": 1, "基础": 1, "国外": 1, "有人": 1, "强盛": 1, "小学": 1, "教师": 1, "教室": 1, "讲到": 1, "武器": 1, "厉害": 1, "L全": 2, "景网": 2, "联播L": 1, "记者": 1, "发": 2, "声明": 3, "遵守": 2, "业务": 2, "所在国": 2, "法规": 4, "包括": 3, "联合国": 2, "欧盟": 2, "出口": 2, "管制": 2, "制裁": 2, "希望": 3, "孟": 5, "体系": 3, "后续": 3, "给出": 3, "公正": 3, "结论": 3, "程": 1, "春雨": 1, "顾客": 1, "占便宜": 1, "星巴克": 2, "罗永浩": 1, "爱": 1, "营销": 2, "套路": 1, "柜台": 1, "放": 1, "22": 1, "元": 1, "瓶": 1, "矿泉水": 2, "四": 2, "经典": 1, "案例": 1, "占": 1, "便宜": 1, "实际上": 1, "正中": 1, "商家": 1, "下怀": 1, "O星巴克": 1, "秘密": 1, "藏": 1, "卖": 1, "掉": 1, "保时捷": 2, "爱疯X": 1, "货到入库": 1, "奖品": 1, "抽送": 2, "携程": 1, "欺负": 1, "欺骗": 1, "欺诈": 1, "勇于": 1, "展露": 1, "伤口": 1, "网友们": 1, "抽出": 1, "八": 1, "取消": 1, "获奖": 1, "资格": 1, "爱疯": 1, "在即": 1, "奖励": 1, "王志安": 1, "外国人": 2, "近日": 2, "加媒": 3, "街访": 1, "名": 1, "方式": 1, "感到": 1, "震惊": 1, "时报": 2, "英文": 2, "北京": 1, "版L": 1, "北京版": 1, "锐": 1, "参考": 1, "放人": 3, "外国": 2, "网友": 2, "集体力挺": 2, "消息": 1, "再度": 1, "传来": 1, "高管": 1, "随即": 1, "记住": 1, "重复率": 1, "字": 1, "时刻": 1, "注解": 1, "官方": 1, "今日": 1, "发表": 1, "机构": 2, "臃肿": 2, "成功": 2, "战斗力": 2, "面对面": 1, "访问": 1, "发展": 1, "人浮于事": 1, "管理": 1, "层级": 1, "太": 1, "五": 1, "组织": 1, "蓬佩奥": 1, "国务卿": 2, "外交": 2, "部长": 2, "克里斯蒂娅·弗里兰": 2, "电话": 1, "迈克尔·蓬佩奥": 1, "昨天": 1, "交谈": 1, "讨论": 1, "全球": 1, "双边": 2, "俄罗斯": 2, "委内瑞拉": 1, "国民": 1, "任意": 2, "拘留": 2, "出于": 1, "政治": 1, "动机": 1, "判决": 1, "关切": 2, "指出": 1, "致力于": 1, "公平": 1, "偏见": 1, "透明": 1, "程序": 1, "请求": 1, "保罗·惠兰": 1, "Paul": 1, "Whelan": 1, "办公室": 1, "华盛顿DC": 1, "2019年": 1, "16日": 1, "凤凰": 1, "正点": 1, "播报": 1, "就此": 1, "判断力": 1, "案": 1, "加美": 1, "之间": 1, "切实": 1, "保障": 1, "撤销": 1, "逮捕令": 1, "下片": 1, "快点": 1, "娱乐业": 1, "视知": 1, "数据": 1, "研究院": 1, "答案": 1, "新浪": 1, "「": 2, "晚秋": 1, "」": 2, "引述": 1, "报导": 1, "打算": 1, "财务长": 1, "审讯": 1, "麦诺顿": 1, "(": 1, "David": 1, "Macnaughton": 1, ")": 1, "受访": 1, "未": 1, "透露": 1, "新闻网": 1, "哈尔滨": 1, "实验": 2, "基站": 5, "开测": 1, "黑龙江": 1, "携手": 1, "率先": 1, "搭建": 2, "测试": 1, "环境": 1, "实验性": 1, "运行": 1, "明年": 1, "开通": 1, "商用": 1, "小伙伴们": 1, "期待": 1, "晚报": 1, "2019": 1, "冬季": 1}