{"电视": 10, "开机率": 4, "降至": 2, "30%": 4, "华为": 51, "入局": 2, "蹚": 3, "浑水": 3, "找": 4, "风口": 3, "电视机": 1, "日均": 1, "三年": 2, "70%": 2, "下降": 2, "厂商": 2, "利润": 1, "都": 5, "降低": 1, "一个": 7, "看上去": 1, "低迷": 1, "行业": 2, "迎来": 1, "重磅": 1, "玩家": 1, "荣耀": 5, "进军": 1, "O": 2, "​": 15, "消息": 2, "称": 5, "惠普": 6, "戴尔断": 1, "供华": 1, "官方": 2, "未": 5, "回应": 2, "@": 8, "网易": 1, "科技": 1, "频道": 1, "7月": 8, "15日": 2, "晚间": 1, "戴尔": 3, "曝断": 1, "供": 1, "截止到": 1, "、": 12, "戴尔三": 1, "均": 1, "对此": 2, "正面": 1, "南风窗": 1, "评论": 1, "：": 8, "确属": 1, "美国": 8, "企业": 12, "中国": 20, "市场": 12, "对待": 1, "友好": 1, "态度": 2, "希望": 2, "国家": 1, "之间": 1, "暂时": 1, "协商": 1, "影响": 2, "合作": 5, "交流": 1, "戴尔能": 1, "尽快": 1, "给出": 1, "眼中": 1, "南理工": 2, "长长": 1, "路": 2, "慢慢": 1, "走": 1, "深深": 1, "浅浅": 1, "一号路": 1, "二号路": 1, "三号路": 1, "……": 1, "条": 1, "心中": 1, "火校": 1, "道#": 1, "云​": 1, "吴晓求": 10, "茅台": 10, "股价": 10, "千": 10, "元": 10, "资本": 10, "成熟": 10, "表现": 15, "16日": 6, "科": 5, "公司": 7, "峰会": 5, "金融": 5, "证券": 5, "研究所": 5, "所长": 5, "太": 6, "成长型": 10, "高科技": 10, "疑惑": 5, "上市": 7, "肯定": 5, "一家": 5, "L大佬": 5, "时间": 7, "秒拍": 6, "视频": 10, "北京": 1, "好几": 1, "天都": 1, "找到": 2, "关闭": 2, "美颜": 1, "地方": 1, "用户": 1, "指导": 1, "才": 1, "好像": 1, "感觉": 1, "硬": 1, "相比": 1, "之下": 1, "iPhone": 1, "前置": 1, "摄像头": 1, "三": 3, "自然": 1, "一点": 1, "MD": 1, "快": 1, "20年": 1, "电影": 1, "抱": 1, "学习": 1, "下载": 1, "搞机8年": 1, "经验": 1, "观察": 1, "特么": 1, "的确": 2, "Mate20Pro": 1, "手机": 13, "不得不": 1, "佩服": 1, "牛": 1, "逼​": 1, "裁员": 7, "1000": 9, "路透社": 2, "意大利": 8, "分公司": 2, "首席": 2, "执行官": 2, "缪": 2, "晓阳": 2, "证实": 2, "未来": 3, "3": 7, "投资": 5, "31亿": 5, "美元": 5, "新增": 3, "工作": 2, "岗位": 3, "华尔街": 1, "日报": 1, "美": 2, "研发": 1, "子公司": 1, "FutureweiTechnologies": 1, "预计": 1, "报道": 2, "确切": 1, "数字": 1, "不得而知": 1, "不予置评": 1, "O华": 3, "工大": 1, "要闻": 1, "刚刚": 1, "合肥": 1, "工业": 2, "大学": 1, "签署": 1, "战略": 1, "协议": 1, "全方位": 1, "共建": 1, "安徽": 1, "5G": 12, "联合": 2, "创新": 1, "实验室": 1, "无人机": 1, "编队": 1, "技术": 1, "试点": 1, "互联网": 1, "平台": 2, "搭建": 1, "智慧": 1, "校园": 2, "信息化": 1, "建设": 1, "德易": 1, "电子": 1, "有限": 1, "安徽省": 1, "远程": 1, "医疗": 1, "领域": 1, "研究": 1, "影像": 5, "不止": 2, "大赛": 2, "情绪": 2, "标签": 2, "觉醒": 1, "传统": 1, "女性": 1, "区别": 1, "皱起": 2, "雾": 2, "/": 1, "Projectrecords": 1, "首批": 2, "8": 2, "款": 7, "C": 4, "认证": 8, "占": 2, "4": 3, "小米": 3, "每日": 1, "经济": 1, "新闻": 1, "记者": 3, "质量": 1, "中心": 1, "官网": 1, "查询": 1, "7": 1, "一加": 1, "中兴": 1, "vivo": 1, "OPPO": 2, "内部": 1, "人士": 2, "透露": 1, "3C": 2, "证": 2, "拿到": 1, "公开": 1, "告诉": 1, "一共": 1, "入网": 1, "许可证": 1, "无委": 1, "核准证": 1, "独立": 1, "缺一不可": 1, "证书": 1, "意味着": 1, "开卖": 1, "勇敢": 2, "秀出": 1, "风采": 1, "！": 9, "Valientes": 1, "西班牙语": 1, "中意": 1, "请": 1, "听": 1, "西欧": 1, "员工": 1, "Eduardo": 1, "摇滚": 1, "华为人": 1, "加油": 1, "想": 2, "梦想": 1, "奋力": 1, "打拼": 1, "同行": 1, "L华": 2, "划": 1, "重点": 1, "Mate20": 3, "系列": 1, "开放": 1, "升级": 2, "EMUI": 1, "9.1": 1, "喜欢": 5, "特性": 1, "金立": 1, "凉": 1, "薛之谦": 1, "金立M7": 1, "同期": 1, "代言": 1, "刘涛换": 1, "P30Pro": 1, "网友": 1, "投稿": 1, "征服": 1, "日本": 2, "明星": 1, "机型": 1, "Mate9": 1, "拥有": 1, "姓名": 1, "截图": 2, "到底": 1, "车牌": 1, "就说": 1, "决计": 1, "震惊": 1, "今日": 1, "酷安": 1, "主题": 5, "壁纸": 3, "电脑": 1, "游戏": 1, "版本": 1, "默认": 1, "原作者": 1, "设计师": 1, "酷友": 1, "Lin__": 1, "植入": 2, "广告": 2, "这部": 1, "8月": 1, "推": 1, "智能": 4, "品牌": 4, "推出": 1, "主打": 1, "性价比": 1, "中高端": 1, "买": 2, "腾讯": 1, "大数据": 1, "机主": 6, "节目": 1, "歌手": 4, "统计": 1, "挺": 1, "有意思": 2, "苹果": 3, "重合度": 2, "很": 4, "汪峰": 1, "喜爱": 3, "名单": 2, "上榜": 1, "莫文蔚": 1, "排名": 1, "OV机主": 1, "年轻": 2, "竞争": 1, "对手": 1, "发": 3, "没关系": 1, "周年": 1, "虐粉": 1, "麻烦": 1, "劝删": 1, "鸟": 1, "骚扰": 1, "拦截": 1, "短信": 1, "因小失大": 1, "国风": 1, "绝美": 1, "敦煌": 7, "上线": 1, "丝绸之路": 1, "千年": 1, "古城": 1, "颗": 1, "璀璨": 1, "明珠": 1, "宏伟": 1, "瑰丽": 1, "卧佛": 1, "仙女": 1, "九色鹿": 1, "空灵": 1, "神话": 1, "神秘": 1, "悠远": 1, "APP": 1, "搜索": 1, "戳链": 1, "接O": 1, "网页": 1, "链接": 1, "换上": 1, "穿越": 1, "缝隙": 1, "感受": 1, "永恒": 1, "转发": 1, "抽": 1, "送": 1, "定制": 1, "线装": 1, "抽奖": 1, "O抽奖": 1, "详情": 1, "P30": 1, "涉足": 1, "动画片": 1, "暗夜": 1, "追光": 1, "打响": 1, "2019": 1, "下半年": 1, "漂亮": 1, "仗": 1, "终端": 1, "鲸": 1, "ThomasMiao": 1, "敦促": 1, "政府": 1, "确保": 1, "网络": 1, "发展": 1, "公平": 1, "政策": 1, "缪晓阳": 1, "当天": 1, "8月份": 1, "依然": 1, "纳入": 1, "黑名单": 1, "B": 1, "计划": 1, "保证": 1, "零部件": 1, "供应": 1, "mate20pro": 1, "自拍": 1, "效果": 1, "确实": 1, "不错": 1, "质": 1, "感​": 1, "寻找": 1, "英雄": 1, "24": 1, "岁": 1, "战友": 2, "朱": 1, "小华": 1, "救": 1, "牺牲": 1, "他用": 1, "青春": 1, "书写": 1, "光荣": 1, "致敬": 1, "军人": 1, "L军": 1, "武季": 1, "车牌号": 1, "Mate30": 1}