{"欧阳震华": 3, "宣萱": 4, "庆生": 3, "18日": 1, "@": 5, "49": 1, "岁": 1, "生日": 1, "凌晨": 1, "发博": 1, "：": 14, "HappybirthdayJessica": 1, "配上": 1, "老婆": 1, "舞台剧": 1, "合照": 1, "多年": 1, "老搭档": 1, "合作": 3, "壹号": 1, "皇庭": 1, "美味": 1, "天王": 1, "洗冤录": 1, "赌场": 1, "风云": 1, "施公": 1, "奇案": 1, "经典": 1, "港剧": 1, "O": 1, "欧阳": 1, "震": 1, "华晒": 1, "合影": 1, "萱萱": 1, "​": 20, "废青": 4, "激光笔": 2, "照射": 4, "警察": 3, "华为": 43, "P30": 5, "PRO": 2, "超远": 2, "距离": 3, "变焦": 7, "拍下": 3, "面孔": 2, "华为p30": 3, "货": 1, "抓": 2, "47.6万": 1, "参与": 1, "暴力": 3, "救": 2, "香港": 6, "集会": 2, "L媒体人": 1, "张晓磊": 1, "视频": 17, "首款": 4, "5G": 9, "手机": 19, "今日": 3, "开售": 3, "买": 4, "Mate20X5G": 1, "版": 1, "昨日": 1, "10点": 1, "发售": 1, "售价": 1, "6199": 1, "元": 1, "看法": 2, "明星": 2, "偷税": 2, "吸毒": 2, "原谅": 2, "袁隆平": 2, "羞辱": 2, "这才": 2, "时代": 2, "悲哀": 2, "！": 8, "​​​": 1, "网友": 3, "投稿": 1, "老外": 1, "加拿大": 6, "(": 2, "港独": 3, "队友": 1, ")": 1, "质问": 2, "关押": 2, "名": 4, "国内": 2, "反问": 2, "非法": 2, "扣留": 2, "孟晚舟": 2, "大叔": 2, "高估": 1, "乱": 1, "港": 1, "分子": 1, "汉语": 1, "水平": 1, "内地": 1, "青年": 1, "说唱": 1, "喊话": 1, "港青": 1, "L爱": 1, "搞怪": 1, "刘": 2, "战神": 1, "P30Pro": 3, "拍照": 2, "录制": 3, "连续": 1, "都": 8, "顺滑": 1, "超过": 1, "5": 1, "倍": 2, "启动": 1, "潜望式": 1, "长焦": 1, "镜头": 3, "一个": 7, "画面": 2, "切换": 1, "过程": 1, "模式": 2, "屏幕": 1, "只能": 1, "15": 2, "～": 1, "3": 1, "早就": 1, "远": 1, "超": 3, "倍数": 1, "高倍率": 1, "光学": 1, "相机": 1, "拍摄": 2, "参考": 1, "索尼RX10": 1, "M4相机": 1, "24-600": 1, "拍": 2, "O网页": 1, "链接": 2, "魔法": 2, "摄像头": 2, "深圳": 9, "市民": 4, "境外": 2, "人士": 2, "冒充": 2, "北方": 2, "失败": 2, "L": 3, "台湾": 2, "傻事": 2, "同伙": 1, "华人": 2, "中国": 7, "CFO": 1, "OK": 1, "哑口": 1, "L洱海弥": 1, "cr南木": 1, "演唱会": 1, "不用": 1, "望远镜": 1, "守护": 1, "示威者": 1, "激光": 3, "笔": 3, "不停": 3, "扫射": 1, "高处": 2, "丑恶": 1, "嘴脸": 1, "网传": 1, "显示": 4, "街道": 1, "发现": 1, "示威": 1, "人群": 1, "有人": 1, "拍摄者": 2, "拉近": 1, "放大": 1, "清晰": 1, "一对": 1, "男女": 1, "穿": 1, "黑衣": 1, "戴": 1, "口罩": 1, "女子": 1, "手持": 1, "透露": 1, "L中青网": 1, "新闻": 2, "中心": 3, "秒拍": 2, "Mate30": 3, "系列": 5, "电池": 3, "满意": 3, "搞": 1, "调查": 2, "说出": 1, "心目": 1, "容量": 1, "符合": 1, "现状": 1, "情况": 1, "评论": 1, "明天": 1, "期望": 1, "建设": 1, "先行": 1, "示范区": 1, "看好": 2, "房价": 1, "企业": 4, "人才": 3, "负面": 1, "作用": 1, "离开": 1, "收入": 1, "时间": 1, "精力": 1, "放": 1, "炒": 1, "房": 1, "炒股": 1, "办法": 1, "思考": 1, "技术": 2, "创新": 1, "二十年": 1, "朝气蓬勃": 1, "老": 1, "商人": 3, "姿态": 1, "李嘉诚": 3, "郭台铭": 3, "的确": 1, "伪": 3, "君子": 3, "小人": 3, "嘴": 2, "仁义": 1, "道德": 1, "肮脏": 2, "龌龊": 3, "不堪": 1, "相同点": 1, "不同点": 1, "戴上": 1, "美好": 1, "面具": 1, "后者": 2, "赤裸": 1, "不曾": 1, "掩饰": 1, "事件": 1, "确实": 1, "选择": 2, "助攻": 1, "试想": 1, "实力": 1, "过硬": 1, "李超人": 1, "赤裸裸": 1, "中断": 1, "自食其果": 1, "终究": 1, "才": 2, "本质": 1, "口头": 1, "提防": 1, "占领": 3, "全球": 8, "半数": 2, "市场": 6, "占": 1, "18%": 2, "OPPO": 4, "出货量": 5, "苹果": 5, "IHSMarkit": 2, "数据": 2, "占据": 2, "智能": 2, "半壁江山": 1, "2019年": 2, "第二": 5, "季度": 2, "仅次于": 1, "三星": 2, "份额": 2, "中排": 1, "；": 3, "第三": 1, "11%": 1, "小米": 2, "第五": 1, "10%": 1, "vivo排": 1, "第六": 1, "9%": 1, "3620万": 1, "台": 2, "超越": 1, "3530万": 1, "四": 3, "厂商": 2, "传音": 1, "、": 18, "TCL": 1, "位居": 1, "来源": 1, "老板": 2, "联播": 2, "护": 1, "特区": 1, "政府": 2, "希望": 1, "校园": 1, "回归": 1, "平静": 1, "L污": 1, "大姐": 1, "联邦": 4, "快递": 5, "承运": 1, "来华": 1, "涉枪": 1, "配合": 1, "美国": 3, "盗运": 1, "公司": 1, "文件": 1, "还给": 1, "寄": 1, "枪支": 1, "停业": 2, "整顿": 2, "任正非": 4, "俄罗斯": 4, "天才": 4, "恋爱": 1, "交际": 1, "数学": 3, "突破": 3, "3G": 3, "此前": 1, "消息": 1, "称": 1, "大幅": 1, "扩张": 1, "位于": 1, "研究": 3, "创始人": 1, "接受": 1, "采访": 1, "成就": 1, "招呼": 1, "完了": 2, "发院": 1, "士牌": 1, "‘": 1, "’": 1, "善于": 1, "打交道": 1, "十几": 1, "干什么": 1, "告诉": 1, "2G": 1, "马上": 2, "上海": 1, "实验": 1, "证明": 1, "无线电": 1, "领先": 1, "爱立信": 1, "大规模": 1, "欧洲": 1, "4G": 1, "难道": 1, "样子": 1, "O华": 1, "计划": 1, "建": 1, "1500": 1, "助华": 1, "吃饭": 1, "邻桌": 1, "改变": 1, "头头是道": 1, "佩服": 1, "故事": 1, "反正": 1, "厉害": 1, "身边": 1, "咧": 2, "…": 1, "吉尔吉斯斯坦": 1, "产业": 1, "矿业": 1, "服务业": 1, "拍店": 1, "臣妾": 1, "拍到": 1, "首都": 1, "酒吧": 1, "乡村": 1, "很少": 1, "店": 1, "西瓜": 1, "哈密瓜": 1, "好吃😋": 1, "拿到": 1, "路边": 1, "卖": 1, "估计": 1, "家家户户": 1, "请": 1, "中亚": 1, "讲座": 1, "干货": 1, "高山": 1, "湖泊": 1, "伊塞克湖": 1, "一路": 1, "峡谷": 1, "走": 1, "刚": 1, "雨": 1, "脚底": 1, "刮": 1, "地皮": 1, "斤": 1, "伊湖": 1, "美": 1, "蓝色": 1, "琉璃镜": 1, "南面": 1, "唐僧": 1, "走过": 1, "近日": 1, "48%": 1, "五": 1, "oppo": 1, "风": 1, "#O": 1, "网页": 1, "L凤凰网": 1, "技能": 1, "高清": 1, "叔叔": 1, "快": 1, "联播cue": 1, "饭圈": 1, "女孩": 1, "帝": 1, "图源": 1, "小天​": 1, "牛逼": 1, "烊": 1, "千": 1, "玺": 1, "清新": 1, "截获": 1, "包裹": 1, "现有": 1, "DHL帮港": 1, "独运": 1, "黑金": 1, "利用": 1, "冲突": 1, "大发横财": 1, "拉": 1, "清单": 1, "山际": 1, "烟🏞": 1, "摄影": 1, "寒号": 1, "鸟": 1, "红小豆": 1, "设备": 1, "后期": 1, "VSCO": 1, "盛夏": 1, "光影": 1, "": 1, "摄影​": 1, "十年磨一剑": 1, "打破": 1, "垄断": 2, "GaussDB": 3, "数据库": 5, "行业": 1, "甲骨文": 1, "30年": 1, "努力": 1, "900": 1, "顶尖": 1, "专家": 1, "持续": 1, "投入": 1, "研发": 1, "世界级": 1, "高斯": 2, "电信": 1, "金融": 1, "自主": 1, "PC": 1, "系统": 1, "领域": 2, "高精尖": 1, "竞争": 1, "害": 1, "昨天": 1, "赶上": 1, "趟": 1, "抽": 1, "夏布": 1, "壳": 1, "文字": 1, "定制": 1, "字": 1, "想": 1, "写": 1, "大明": 2, "少女": 1, "少年": 1, "故国": 1, "懂": 1, "型号": 1, "30,mate20": 1, "iPhone7": 1, "iPhone7p": 1, "iPhone8": 1, "iPhone8P": 1, "iPhoneX": 1, "iPhoneXS": 1, "iPhoneXSmax": 1, "转发": 1, "转关": 1, "26号": 1, "开奖": 1, "～～～": 1}