{"华为": 102, "Mate30": 42, "国行版": 13, "价格": 9, "发布会": 19, "今日": 3, "国内": 7, "发布": 12, "系列": 18, "Mate30pro": 4, "3999": 9, "元": 20, "、": 26, "5799": 4, "；": 2, "Mate305G": 2, "版": 3, "智能": 14, "手机": 15, "售价": 16, "4999": 4, "想": 2, "买": 4, "款": 2, "​": 21, "mate30": 10, "直播": 25, "｜": 1, "盛典": 6, "9月": 14, "26日": 13, "上海": 6, "第二": 2, "5G": 5, "拥有": 1, "强大": 2, "性能": 1, "体验": 1, "19日": 1, "慕尼黑": 1, "展示": 1, "针对": 1, "用户": 15, "创新": 5, "呈现": 1, "消费者": 4, "CEO": 6, "余承东": 4, "现场": 4, "揭晓": 5, "每日": 1, "经济": 1, "新闻": 3, ".": 11, "公布": 4, "Mate30Pro": 4, "Mate305": 1, "G售价": 1, "Mate30Pro5G": 1, "6899": 1, "RS": 1, "保时捷": 1, "设计": 2, "12999": 1, "记者": 1, "吴涛": 1, "暗光": 1, "视频": 13, "功能": 1, "隔空": 1, "手势": 1, "VR": 1, "技术": 10, "......": 1, "太": 1, "✌": 1, "(": 2, "̿▀̿": 1, "̿Ĺ": 1, "̯̿": 1, "̿▀": 1, "̿̿": 1, ")": 2, "✌​": 1, "东方": 5, "体育": 5, "中心": 5, "届时": 2, "正式": 2, "旗舰": 6, "智慧屏": 4, "更多": 1, "新品": 9, "信息": 2, "到底": 1, "关注": 1, "@": 7, "新浪": 5, "浪人": 1, "TV": 1, "重构": 2, "想象": 3, "超出": 1, "：": 13, "任正非": 14, "对话": 12, "英美": 2, "人工": 10, "专家": 7, "下午": 3, "3点": 2, "创始人": 4, "董事": 2, "兼": 2, "公司": 3, "战略部": 2, "总裁": 2, "张文林": 2, "美国": 18, "著名": 2, "计算机": 3, "科学家": 3, "JerryKaplan": 2, "英国": 7, "皇家": 3, "工程院": 3, "院士": 3, "教授": 2, "PeterCochraneO": 1, "全球": 7, "顶级": 1, "财经": 1, "南都": 2, "2019": 4, "年度": 5, "14:30": 3, "本土化": 1, "65": 1, "英寸": 1, "款华": 1, "WATCHGT二": 1, "手表": 1, "无线": 1, "蓝牙": 1, "耳机": 1, "FreeBuds3": 1, "随之": 1, "全程": 1, "请": 2, "期待": 1, "南方": 1, "都市报": 1, "！": 2, "+": 9, "瀑": 1, "布屏": 1, "四": 3, "摄": 3, "最低": 3, "超": 1, "感光": 2, "徕卡": 2, "4000万": 1, "像素": 1, "3D": 1, "深感": 1, "摄像头": 1, "AI隔空": 1, "操控": 1, "长续航": 1, "此前": 1, "海外": 1, "6249": 1, "发售": 1, "ING": 1, "直击": 2, "ING": 1, "改善": 1, "背面": 2, "配置": 1, "外观": 2, "均": 2, "图片": 2, "创意": 1, "壳": 1, "网友": 1, "宋敬亭": 1, "漂亮": 2, "带来": 1, "机型": 1, "WatchGT2": 1, "KNEWS": 1, "领域": 3, "学者": 2, "规则": 3, "信任": 3, "杰里.卡普兰": 1, "彼得.柯克伦": 1, "围绕": 1, "三大": 1, "主题": 2, "讨论": 1, "社会": 1, "发展": 1, "政府": 1, "监管": 1, "相关": 1, "澎湃": 1, "2019年": 1, "红星": 1, "带": 4, "成都": 1, "商报": 1, "评测": 2, "大改": 1, "拍照": 2, "升级": 1, "香": 2, "刚刚": 1, "结束": 1, "终于": 1, "环幕屏": 1, "配超": 1, "电影": 1, "值得": 1, "入手": 1, "猛戳": 1, "新鲜": 1, "出炉": 1, "O网页": 1, "链接": 1, "L": 2, "#余": 3, "承东": 3, "吐槽": 6, "苹果": 7, "续航": 6, "不用": 3, "充电": 3, "宝带": 3, "充电宝": 10, "都": 11, "业务": 3, "谈": 4, "能力": 3, "超级": 5, "快充": 3, "基本上": 3, "iPhone": 3, "大佬": 2, "时间": 4, "http": 1, "://t.cn": 1, "/": 1, "AinWF0ji​": 1, "ARM": 7, "长期": 7, "合作": 7, "管制": 6, "25日": 3, "芯片": 10, "设计商": 5, "称": 3, "后续": 3, "架构": 3, "基于": 3, "开发": 3, "出口": 3, "影响": 3, "授权": 6, "海思": 3, "5月": 3, "列入": 3, "实体": 3, "清单": 3, "禁止": 3, "含": 3, "产品": 3, "供应": 5, "新京报": 5, "秒拍": 3, "锁定": 1, "一同": 1, "终端": 1, "官方": 1, "报道": 2, "L新京报": 1, "#L": 1, "脱离": 2, "零部件": 2, "生存": 3, "深圳": 1, "总部": 2, "外国": 1, "主持人": 1, "问及": 1, "直言": 1, "希望": 1, "恢复": 1, "西方": 1, "朋友": 2, "供应商": 1, "30多": 1, "交情": 1, "感情": 1, "挣钱": 2, "环球网": 1, "L环球网": 1, "AI": 1, "大咖": 1, "15:00": 1, "举办": 1, "期": 1, "咖啡": 1, "活动": 1, "平板": 1, "电脑": 1, "行业": 1, "先驱JerryKaplan": 1, "电信": 1, "前CTOPeterCochrane": 1, "嘉宾": 1, "CD": 1, "中国": 1, "日报": 1, "iphone": 2, "晚": 1, "发货": 1, "这是": 1, "上万": 1, "吨": 1, "伤害": 1, "。。。": 2, "诚实": 1, "很": 3, "拍": 2, "影": 1, "距离": 1, "差距": 2, "基础": 1, "顶配": 1, "强2": 1, "·": 1, "5G版": 1, "mate306": 1, "12839998": 1, "12842995": 1, "G8": 2, "12849998": 1, "2565499": 1, "mate30pro8+": 1, "12857998": 1, "25662995": 1, "25668998": 1, "5127899": 1, "科技喵": 1, "watchgt": 1, "": 1, "咋样": 1, "平时": 1, "PeterCochrane": 1, "点击": 1, "~": 1, "科技": 1, "L大佬": 2, "信心": 4, "跑赢": 2, "开放": 2, "公平": 2, "歧视": 1, "一家": 1, "拍摄": 1, "7680": 1, "帧": 1, "动作": 2, "气球": 1, "炸裂": 1, "水花": 1, "飞溅": 1, "瞬间": 1, "清晰": 1, "记录": 1, "想想": 1, "牛掰": 1, "有意思": 1, "L燕": 1, "山派": 1, "iPhone11": 1, "对比": 1, "傻瓜式": 1, "手动": 1, "焦": 1, "后期": 1}