{"17-24时": 1, "要闻": 1, "回顾": 1, "烊": 1, "千": 2, "玺": 2, "发型": 2, "曝光": 2, "O易烊": 1, "生图": 1, "打杜": 1, "华为": 97, "孟": 4, "美": 3, "岐庆": 1, "21": 1, "岁": 1, "生日": 4, "O杜": 1, "华晒": 1, "合影": 1, "美岐": 3, "庆生": 2, "李易峰": 2, "拍戏": 2, "间隙": 2, "忘": 1, "健身O": 1, "土味": 1, "健身": 1, "女儿": 1, "醒醒": 2, "骑": 2, "自行车": 2, "驰骋": 1, "章子怡": 1, "调侃": 1, "风": 1, "女孩": 1, "O章子怡": 1, "晒": 1, "视频": 20, "炎亚纶": 1, "回复": 1, "粉丝": 3, "私信": 1, "否认": 2, "担任": 2, "青春": 1, "导师": 2, "O炎亚纶": 1, "青": 1, "​": 14, "美国": 19, "公司": 31, "谈判": 1, "授权": 2, "5G": 16, "阿瑟顿": 1, "研究": 1, "称": 6, "至少": 2, "未来": 1, "王冠": 1, "——": 1, "全球": 2, "电信": 1, "基础": 2, "设施": 1, "核心": 1, "技术": 12, "如今": 1, "设备": 3, "制造商": 1, "任正非": 29, "提出": 1, "转让": 2, "生产": 2, "工艺": 2, "体系": 3, "最终": 2, "接受": 7, "：": 27, "外籍": 39, "人员": 21, "CEO": 27, "条件": 13, "15日": 4, "内部": 8, "员工": 21, "平台": 4, "心声": 1, "社区": 1, "公开": 3, "2019年": 3, "8月": 5, "20日": 5, "美联社": 5, "采访": 5, "纪要": 5, "全文": 1, "谈": 4, "聘用": 3, "分析": 3, "第一": 13, "具备": 8, "能力": 8, "；": 8, "第二": 8, "工作": 9, "25": 8, "基层": 6, "层层": 3, "才能": 2, "结构": 2, "西方": 2, "‘": 4, "走马灯": 2, "’": 4, "情况": 4, "喝": 4, "红酒": 2, "、": 26, "谈谈": 2, "哲学": 2, "领导": 2, "风趣": 1, "推荐": 2, "董事长": 2, "人选": 2, "派遣": 2, "非洲": 2, "科摩罗岛": 2, "厨": 2, "狗": 2, "锻炼": 3, "地方": 1, "知晓": 1, "业务": 1, "将来": 1, "财富": 3, "2019": 1, "赞赏": 4, "中国": 12, "排行榜": 4, "今日": 1, "中文网": 2, "发布": 7, "三一": 1, "重工": 1, "格力": 2, "居": 1, "三": 2, "阿里巴巴": 2, "排名": 13, "第4": 2, "小米": 2, "科技": 5, "第13": 2, "腾讯": 2, "第17": 2, "中芯国际": 1, "第21": 1, "京东": 2, "第32": 2, "第35": 2, "浪潮": 1, "第50": 1, "BATJ": 2, "百度": 2, "跌出": 2, "榜单": 2, "O": 3, "欧洲": 6, "去年": 2, "一个": 3, "冬日": 1, "清晨": 1, "接到": 1, "孟晚舟": 1, "被捕": 1, "消息": 1, "睡梦": 1, "醒来": 1, "发稿": 1, "未曾": 1, "想到": 2, "场": 2, "持久战": 1, "亚于": 1, "贸易战": 2, "高科技": 1, "竞争": 3, "香港": 2, "乱局": 1, "年初": 2, "机会": 3, "代表处": 2, "走": 2, "欧盟": 1, "国家": 2, "政策": 1, "明朗": 1, "政客": 1, "刚刚": 1, "结束": 1, "游说": 1, "心情": 1, "冬天": 1, "阴霾": 1, "密布": 1, "天空": 1, "报道": 6, "动乱": 1, "偶尔": 3, "之间": 1, "相通": 1, "个体": 1, "对抗": 1, "机器": 1, "渺小": 1, "语言": 1, "沟通": 1, "鸿沟": 1, "意识": 1, "形态": 1, "根深蒂固": 1, "成见": 1, "信任": 1, "隔阂": 1, "中方": 1, "立场": 1, "发出": 1, "显得": 1, "苍白": 1, "无力": 1, "华为人": 1, "一步步": 1, "艰难": 1, "向前": 1, "接近": 2, "年底": 1, "回到": 1, "越来越": 1, "乐观": 1, "在商言商": 1, "态度": 1, "不少": 2, "盟友": 1, "顶住": 1, "地缘": 1, "政治": 1, "压力": 1, "敞开": 1, "大门": 1, "回想": 1, "经历": 1, "断供": 1, "实体": 5, "清单": 5, "隐患": 1, "...": 2, "招": 1, "都": 5, "迎面而来": 1, "子弹": 2, "比作": 1, "千疮百孔": 1, "战斗机": 1, "架": 1, "飞机": 1, "遍体鳞伤": 1, "发动机": 1, "运转": 1, "返航": 1, "狼性": 1, "文化": 2, "看作": 1, "推动力": 1, "分布": 1, "世界": 10, "凝聚": 1, "力量": 1, "看似": 1, "一路": 1, "平坦": 1, "时刻": 1, "感到": 1, "危机感": 1, "做好": 4, "长期": 4, "备战": 1, "整年": 1, "很多": 1, "印象": 1, "深刻": 1, "场景": 1, "阴雨": 1, "杜塞尔多夫": 1, "奔波": 1, "英语": 1, "算": 1, "标准": 1, "勇于": 1, "一次次": 1, "表达": 1, "高管": 1, "身上": 1, "散发": 1, "魅力": 2, "谦逊": 1, "普通人": 1, "负责人": 1, "件": 3, "小事": 1, "努力": 2, "HR": 1, "斩钉截铁": 1, "做下": 1, "结论": 1, "打赢": 1, "仗": 1, "走过": 1, "韧性": 1, "勇气": 1, "人和": 1, "企业": 1, "平凡": 1, "轻易": 1, "击垮": 1, "2瑞士·苏黎世": 1, "杜华": 1, "发": 1, "合照": 2, "引发": 1, "不满": 2, "明明": 1, "孟美岐": 1, "拍照": 1, "C位": 2, "吴宣仪": 3, "随后": 1, "翻出": 1, "当天": 1, "发现": 1, "公布": 4, "谈到": 4, "不用": 4, "@": 9, "老板": 10, "联播L": 3, "联播": 7, "首次": 3, "外售": 1, "4G": 5, "通信": 6, "芯片": 14, "余承东": 5, "麒麟": 8, "系列": 6, "10月": 7, "旗下": 1, "上海": 6, "海思": 9, "物联网": 5, "行业": 5, "推出": 7, "Balong711": 7, "2014年": 2, "承载": 2, "海量": 2, "发货": 2, "累计": 1, "出货量": 2, "1亿": 1, "套": 1, "此前": 4, "对外": 8, "出售": 11, "​​​": 2, "带": 2, "小厚": 1, "南宁": 1, "校园": 2, "感谢": 2, "热情": 1, "！": 7, "广告": 1, "阅读": 2, "支持": 2, "持续": 2, "创作": 1, "源泉": 1, "三季度": 1, "利润率": 3, "超过": 2, "全年": 2, "三季报": 1, "9": 1, "收入": 1, "6108亿": 1, "人民币": 1, "同比": 1, "增长": 1, "24.4%": 1, "关心": 1, "手机": 2, "26%": 1, "成绩": 1, "整体": 3, "8.7%": 1, "2018年": 5, "还要": 1, "侧面": 1, "中高端": 1, "战略": 1, "成功": 1, "阻击": 1, "数字": 3, "10%": 1, "EMUI": 1, "10": 1, "明天": 2, "启动": 1, "公测": 1, "P30": 1, "朋友们": 1, "如图": 1, "路径": 1, "升级": 1, "尝鲜": 1, "知识": 4, "产权": 4, "组织": 4, "专利": 6, "申请量": 2, "占": 2, "一半": 2, "WIPO": 2, "16日": 3, "发表": 2, "数据": 2, "显示": 2, "申请": 6, "件数": 2, "154万": 2, "占到": 2, "5成": 2, "连续": 2, "8": 2, "排": 2, "首位": 2, "计算机": 2, "电子": 2, "产品": 2, "领域": 4, "提交": 2, "5405": 2, "份": 2, "国际": 2, "数量": 3, "最多": 2, "五环短": 2, "L五环": 2, "短": 2, "L": 5, "首款": 6, "有限": 4, "海思LTECat4": 3, "供": 6, "不对": 3, "处理器": 3, "定位": 3, "原因": 3, "信心": 2, "跑赢": 1, "开放": 1, "时间": 5, "财经L": 1, "财经": 3, "取消": 5, "损害": 1, "真真实实": 1, "掉": 1, "保留": 1, "不大": 1, "威胁": 1, "开发": 1, "6G": 1, "缩短": 1, "发展": 1, "进程": 1, "O对话": 1, "十一": 1, "菲律宾": 1, "潜水": 1, "随手": 1, "拍": 3, "素材": 1, "剪": 1, "vlog": 1, "水下": 1, "go7": 1, "防水壳": 1, "P30Pro": 1, "这次": 1, "行程": 1, "花费": 1, "参考": 1, "~": 1, "L胡": 1, "永平": 1, "赵丽颖": 2, "1016": 1, "快乐": 1, "家喻户晓": 1, "当红": 1, "女": 1, "演员": 1, "音乐": 4, "新人": 1, "歌手": 1, "赵": 1, "丽颖": 1, "实力": 1, "+": 5, "作品": 1, "绽放": 1, "光芒": 1, "聆听": 1, "星辰": 1, "大海": 1, "「": 1, "颖": 1, "」": 1, "同行": 1, "戳": 1, "→O网": 1, "页链": 1, "接​": 1, "荣耀": 3, "制噪者": 1, "现场": 4, "太": 1, "火爆": 1, "联合": 1, "举办": 1, "肆F": 1, "UN": 1, "新声": 1, "音乐会": 1, "智慧": 1, "屏": 1, "抢": 1, "风头": 1, "拨打": 1, "明星": 1, "电话": 1, "清晰": 1, "后台": 1, "互动": 1, "观众": 1, "大呼惊喜": 1, "感受": 1, "气氛": 1, "蝉联": 2, "投资": 1, "控股": 1, "集团": 1, "第3": 1, "LNBD": 1, "NBD": 1, "子公司": 1, "最新": 1, "财报": 1, "德国": 5, ".": 1, "印度": 1, "开门": 1, "迎华": 1, "台湾": 1, "傻事": 1, "闵": 1, "行铲": 1, "附件": 1, "JosephSmith": 1, "1999年": 1, "顾问": 1, "负责": 1, "供应链": 1, "研发": 1, "大型": 1, "变革": 1, "项目": 1, "20年": 1, "说法": 1, "看成": 1, "包容": 1, "姿态": 1, "市场": 2, "近日": 1, "款": 1, "LTE": 1, "FDD/LTE-TDD/WCDMA/GSM": 1, "模制式": 1, "客户": 1, "提供": 3, "高速": 1, "可靠": 1, "网络": 4, "连接": 1, "解决": 1, "方案": 1, "IF": 1, "A展": 1, "面向": 1, "IoT": 1, "真香": 1, "排除": 3, "公平": 2, "路透社": 1, "名": 1, "高级": 1, "政府": 1, "官员": 1, "14日": 1, "即将": 1, "规则": 1, "手册": 2, "建设": 1, "本周": 1, "证实": 1, "供应商": 1, "环境": 1, "头条": 1, "文章": 1, "低": 2, "吸富": 3, "一生": 3, "": 1, "每日": 1, "必读": 1, "赚钱": 1, "季": 1, "周三": 1, "大湾区": 1, "业绩": 1, "预增": 1, "分化": 1, "主板": 1, "缩量": 1, "调整": 1, "明日": 2, "预设": 1, "探底": 1, "反弹": 1, "观察": 3, "成交量": 2, "放大": 2, "震荡": 1, "盘整": 1, "回踩": 2, "空间": 1, "强势": 1, "股": 1, "接力": 1, "亏": 1, "钱": 1, "效应": 1, "依旧": 1, "诚迈": 1, "非科": 1, "创板": 1, "情绪": 1, "标杆": 1, "空间板": 1, "高度": 1, "7板": 1, "首板": 2, "减少": 1, "风险": 2, "偏好": 1, "选择": 1, "包板": 1, "1": 1, "涨停板": 1, "套利": 1, "优": 1, "策略": 1, "耐心": 1, "企稳": 1, "操作": 1, "科创板": 1, "筑底": 1, "铂力特": 1, "南微": 1, "医学": 1, "乐鑫": 1, "重点": 1, "关注": 1, "另外沃尔德": 1, "方邦": 1, "股份": 2, "福光": 1, "瀚川": 1, "智能": 1, "板块": 1, "活跃": 1, "盘中": 1, "Ps:2950": 1, "大于": 1, "干活": 1, "O低": 1}