{"五颜六色": 1, "假期": 1, "嘻嘻": 1, "嘻华": 1, "真的": 1, "太": 3, "拍": 2, "​": 15, "雷军": 8, "回应": 4, "超过": 8, "苹果": 8, "华为": 61, "：": 15, "时间": 9, "机会": 10, "重返": 8, "世界": 10, "三": 8, "8月": 7, "28日": 4, "中国": 9, "质量": 5, "协会": 4, "40": 4, "周年": 4, "纪念": 4, "大会": 4, "小米": 9, "集团": 4, "创始人": 5, "很多": 4, "一个": 6, "企业家": 4, "都": 12, "决心": 4, "基础": 4, "很": 6, "自豪": 4, "L": 3, "老板": 5, "联播": 4, "秒拍": 4, "视频": 6, "芯片": 15, "期望": 1, "局限于": 1, "手机": 8, "希望": 4, "终端": 5, "设备": 1, "场景": 1, "智能": 1, "生活": 1, "稳固": 1, "基石": 1, "L华": 2, "公司": 9, "​​​": 3, "主管": 8, "10%": 8, "末位": 8, "淘汰": 8, "任正非": 18, "主官": 6, "火线": 4, "选拔": 4, "人才": 5, "30日": 2, "心声": 2, "社区": 2, "公开": 2, "干部": 4, "管理": 2, "工作": 3, "汇报": 2, "会议": 2, "讲话": 3, "全文": 2, "、": 17, "实行": 3, "就要": 2, "3-5年": 2, "一批": 4, "平庸": 2, "惰怠": 2, "替掉": 2, "下决心": 2, "血": 2, "股票": 1, "加大": 1, "基层": 1, "破格": 3, "提拔": 3, "人员": 3, "配股": 3, "力度": 1, "优先": 2, "对象": 1, "15-18": 1, "员工": 1, "包括": 1, "19": 1, "优秀": 1, "配": 1, "@": 3, "新京报O": 1, "董事长": 2, "6月": 1, "18日": 1, "O": 1, "瞬间": 1, "麒麟": 1, "下半年": 1, "高通": 3, "提前": 1, "一代": 1, "…​": 1, "85": 1, "岁": 2, "院士": 3, "激动点": 1, "赞华": 1, "好样": 4, "！": 17, "感谢": 5, "日前": 1, "公布": 1, "最新": 1, "AI": 2, "战略": 1, "正式": 8, "推出": 1, "基于": 1, "达芬奇": 1, "架构": 1, "设计": 6, "云端": 1, "边缘端": 1, "对此": 1, "科学院": 1, "曹春晓": 1, "500": 2, "企业": 3, "高峰": 2, "论坛": 2, "曾几何时": 1, "美国": 7, "卡": 1, "脖子": 1, "超越": 1, "扬眉吐气": 1, "激动": 1, "O85": 1, "中科院": 1, "前三": 1, "联播L": 1, "方舟": 13, "编译器": 14, "开源": 11, "官网": 5, "上线": 5, "支持": 2, "多种": 4, "编程": 4, "语言": 2, "平台": 5, "联合": 2, "编译": 3, "运行": 5, "统一": 2, "包含": 2, "工具链": 2, "关键": 2, "部件": 2, "林": 2, "大厨": 2, "夸奖": 1, "黄晓明": 2, "客户端": 3, "iphone": 2, "林大厨": 2, "被迫": 1, "营业": 1, "绑架": 2, "武汉": 8, "爆料": 2, "下周三": 2, "李": 4, "9月": 3, "4日": 2, "19:30": 1, "代言人": 2, "客厅": 2, "参加": 2, "荣耀": 2, "新品": 2, "发布会": 2, "现女友们": 2, "男友": 2, "场": 2, "偶遇": 2, "内部": 1, "88号": 1, "电邮": 1, "战时": 1, "状态": 1, "部门": 1, "做出": 1, "贡献者": 1, "外加": 1, "股权": 1, "激励": 1, "精兵": 1, "科技": 1, "制高点": 1, "发起": 1, "攻击": 1, "特朗普": 2, "系列": 1, "倒行逆施": 1, "再次": 1, "着实": 1, "怀疑": 1, "极限": 2, "施压": 2, "毫无疑问": 1, "昨天": 1, "余承东": 1, "31日": 1, "开放": 3, "鸿蒙": 2, "系统": 1, "提供": 3, "生态": 3, "环境": 1, "意义": 1, "转化": 1, "APP": 2, "百分之百": 1, "无缝": 1, "OS": 1, "冲锋号": 1, "吹响": 1, "军团": 1, "摧枯拉朽": 1, "攻": 1, "城": 1, "拔寨": 1, "源官": 1, "网上": 1, "线": 1, "源代码": 4, "下载": 3, "官方": 3, "消息": 1, "介绍": 1, "O华": 1, "明星": 1, "偷税": 1, "吸毒": 1, "原谅": 1, "袁隆平": 1, "买": 2, "羞辱": 1, "这才": 1, "时代": 1, "悲哀": 1, "沸腾": 1, "细心": 2, "网友": 2, "发现": 3, "zlib": 1, "拿来": 1, "署名": 1, "改为": 1, "违反": 1, "声明": 1, "软件": 1, "原始": 1, "版本": 1, "代表": 1, "声称": 1, "作者": 1, "描述": 1, "发行版": 1, "删除": 1, "修改": 1, "朱": 1, "一龙": 1, "啊啊": 5, "！！！！！！！！！": 1, "龙哥": 3, "！！！！！！": 1, "哭泣": 1, "球场": 1, "相遇": 1, "！！！！！": 2, "李易峰": 1, "戴": 1, "帽子": 1, "白敬亭": 1, "！！！！！！！": 1, "距离": 1, "！！！！！！​": 1, "晚上": 1, "远东": 2, "控股": 2, "蒋": 2, "锡培": 3, "直言": 3, "了不得": 3, "学习": 3, "自我": 2, "批判": 2, "精神": 2, "今日": 1, "2019": 1, "董事局": 1, "主席": 1, "情况": 1, "无人区": 1, "还要": 1, "客户": 1, "中心": 2, "奋斗": 1, "长期": 1, "自我批判": 2, "艰苦奋斗": 1, "蒋锡培": 1, "去年": 1, "加到": 1, "核心": 2, "价值观": 1, "O蒋": 1, "中餐厅": 1, "夸": 1, "眨": 1, "眨眼": 1, "玩点": 1, "酷": 1, "拨开": 1, "深邃": 1, "神秘": 1, "之中": 1, "探索": 1, "智慧": 2, "根源": 1, "主题": 2, "宇宙": 2, "专题": 1, "戳O": 1, "网页": 1, "链接": 1, "一同": 1, "无垠星河": 1, "探寻": 1, "奥秘": 1, "评论": 1, "SoC届": 1, "坑": 4, "SoC": 2, "提名": 1, "骁龙": 1, "810": 2, "快速": 1, "想到": 1, "MTK": 1, "好像": 1, "厂": 2, "吐槽": 1, "嘲讽": 1, "创": 1, "SoC前无古人": 1, "后无来者": 1, "热": 1, "单核5W": 1, "投票": 2, "大赏": 1, "挺住": 1, "英特尔": 1, "EDA": 19, "工具": 12, "断供": 5, "近日": 1, "贸易战": 1, "进一步": 1, "升级": 1, "态势": 1, "问及": 1, "Synopsys": 1, "Cadence": 1, "Mentor": 1, "合作": 4, "轮值": 1, "徐直军": 1, "坦言": 1, "也就是说": 1, "相比": 1, "电子": 1, "器件": 1, "打击": 1, "更为": 1, "某种": 1, "程度": 1, "工匠": 1, "手中": 1, "方案": 1, "半导体": 2, "物理": 1, "纽带": 1, "切断": 1, "原材料": 1, "晶圆厂": 1, "之间": 1, "无从谈起": 1, "市场": 1, "三大": 2, "巨头": 1, "垄断": 1, "停止": 2, "相当于": 1, "炒菜": 1, "锅": 1, "重创": 2, "厂商": 4, "估算": 1, "国内": 6, "研发": 3, "1500": 1, "1200": 1, "国际": 1, "本土": 1, "300": 1, "估计": 2, "难": 1, "需求": 1, "说不定": 1, "扶持": 1, "国产": 3, "毕竟": 2, "受制于": 1, "方法": 1, "XX版": 1, "西方": 1, "国家": 1, "大做文章": 1, "命门": 1, "缺少": 1, "自研": 2, "；": 1, "台积电": 5, "先进": 2, "生产": 1, "工艺": 2, "记": 2, "可能性": 1, "如今": 1, "前景": 1, "未": 1, "可知": 1, "惊醒": 1, "趁着摩尔": 1, "定律": 1, "逼近": 1, "发展": 4, "缓慢": 1, "时刻": 1, "成长": 1, "依赖": 1, "IC": 2, "制造": 1, "单位": 1, "鼎立": 1, "协助": 1, "协同": 1, "合力": 1, "才": 1, "追赶": 1, "国外": 1, "抓住": 1, "老谭": 1, "电商": 1, "认证": 1, "警察": 1, "P30": 1, "镭射枪": 1, "爆徒": 1, "机场": 2, "空隙": 1, "深圳": 1, "宝安": 1, "体验店": 1, "开业": 1, "高管": 1, "说话": 1, "严谨": 1, "打死": 1, "软硬件": 1, "一家": 1, "搞定": 1, "定制": 1, "算": 1, "研​": 1, "声": 1, "未来之声": 1, "IFA2019": 1, "见证": 1, "暂时": 1, "专业": 1, "人士": 1, "评价": 2, "数码": 1, "博主们": 1, "观望": 1, "这次": 1, "前期": 1, "适配": 1, "带动": 1, "完善": 1, "总归": 1, "安卓": 1, "立功": 1, "香港": 1, "止暴制": 1, "乱": 1}