{"科技": 2, "美学": 1, "B站": 1, "发起": 1, "相机": 1, "盲评": 1, "最终": 2, "华为": 41, "得票": 1, "碾压": 1, "三星": 2, "苹果": 2, "公布": 1, "评论区": 1, "秒变": 1, "川剧": 1, "变脸": 1, "现场": 1, "笑死": 1, "节选": 1, "柠檬": 1, "精": 1, "评论": 2, "供": 1, "赏析": 1, "@": 30, "HW": 1, "HR": 1, "万能": 1, "大熊": 1, "跳跳": 1, "可爱": 1, "虎​": 1, "炮轰": 1, "！": 6, "眼中": 1, "管理者": 1, "18": 1, "惰怠": 1, "​": 16, "2月": 1, "28日": 1, "美国": 3, "国务卿": 2, "蓬佩奥": 2, "马尼拉": 1, "空军": 1, "基地": 1, "杜特尔特": 1, "见面": 1, "很": 7, "总统": 1, "邀请": 1, "访": 1, "美": 5, "老杜": 1, "气候": 1, "为由": 1, "拒绝": 1, "承诺": 1, "菲律宾": 2, "中国": 3, "南海": 1, "爆发": 1, "冲突": 2, "美军": 1, "支持": 2, "提出": 1, "风险": 1, "菲": 1, "反驳": 1, "急公好义": 1, "热心人": 1, "呐": 1, "L燃": 1, "新闻": 1, "秒拍": 1, "视频": 1, "千玺": 2, "nova星": 1, "TFBOYS": 1, "易烊": 1, "终端": 1, "官方": 2, "这不": 1, "安排": 1, "针对": 1, "无知": 1, "无畏": 1, "网民": 1, "法务部": 1, "出手": 1, "是可忍": 1, "孰不可忍": 1, "严惩": 1, "无中生有": 1, "、": 12, "恶意": 1, "抹黑": 1, "网络": 2, "重现": 1, "正义": 1, "风": 1, "安心": 1, "做事": 1, "研发": 1, "自强": 1, "企业": 1, "招惹": 1, "今日": 1, "汇总": 1, "：": 11, "1.": 1, "国产": 2, "手机": 10, "创新": 3, "国外": 2, "厂商": 3, ".": 3, "价值": 1, "数十亿": 1, "美元": 1, "路透": 1, "员工": 1, "现金": 1, "红利": 1, "提高": 1, "3%": 1, "；": 5, "3": 1, "消息": 1, "人士": 1, "锤子": 1, "下半年": 1, "推出": 2, "搭配": 1, "键盘": 1, "4.": 1, "红米们": 1, "感受": 1, "OPP": 1, "O子": 1, "品牌": 1, "Realme": 1, "杀回": 1, "国内": 1, "5.": 1, "P30Pro": 1, "神奇": 1, "越南": 3, "曝光": 1, "10": 1, "倍": 2, "光学": 1, "变焦": 3, "镜头": 3, ";": 1, "6": 1, "OPPO": 2, "F11Pro": 1, "造势": 1, "90.9%": 1, "屏占": 1, "7.": 1, "CEO": 1, "库克": 1, "公司": 2, "状况": 1, "未来": 3, "走向": 1, "从未": 1, "乐观": 1, "O": 3, "折叠屏": 4, "看起来": 2, "这是": 2, "设计": 1, "同质化": 1, "情况": 1, "概念": 1, "如今": 1, "大火": 1, "点燃": 1, "众多": 1, "寻求": 1, "突破": 1, "热情": 1, "加快": 1, "脚步": 1, "布局": 1, "抢占": 1, "先机": 1, "MWC": 1, "大会": 1, "柔宇": 1, "努比亚": 1, "纷纷": 1, "款": 1, "产品": 1, "战​": 1, "德国": 2, "电视": 1, "台": 1, "报道": 1, "高级": 1, "官员": 1, "公开": 1, "对外": 1, "调查": 1, "发现": 1, "隐患": 1, "的确": 1, "思科": 1, "攻陷": 1, "台湾": 2, "绿媒": 1, "酸溜溜": 1, "难道": 1, "抵制": 1, "都": 4, "大陆": 1, "间谍": 1, "抓": 1, "览尽": 1, "山海": 1, "俯瞰": 1, "广袤": 1, "天地": 1, "Mate20": 1, "Pro陪": 1, "出发": 1, "丈量": 1, "山川": 1, "湖海": 1, "近闻": 2, "杂谈": 2, "系列": 4, "放": 1, "古今": 1, "观察": 1, "近期": 1, "时事": 1, "分析": 1, "写": 1, "重开": 1, "一个": 2, "印": 3, "巴": 3, "本期": 1, "谈": 1, "脱欧": 2, "会面": 2, "190303": 1, "…": 1, "MateX": 3, "厉害": 1, "外媒": 1, "评测": 1, "意外": 1, "透露": 2, "30": 2, "技术": 2, "远": 1, "高于": 1, "业界": 1, "水平": 1, "超级": 1, "望远镜": 1, "跑": 1, "余承东": 1, "P30": 3, "模组": 1, "值得": 1, "期待": 1, "相比于": 1, "牙膏厂": 1, "井喷": 1, "猛": 1, "自有": 1, "道理": 1, "": 1, "TA": 1, "晚安": 1, "一对一": 1, "聊天": 1, "群聊": 2, "表现": 1, "人见人爱": 1, "学问": 1, "生活": 1, "礼仪": 1, "分享": 1, "小云": 1, "随机": 1, "抽": 1, "送出": 1, "耳机": 1, "芬兰": 3, "Kimi粉": 1, "……": 4, "国家": 1, "才能": 1, "预订": 1, "荣耀": 1, "11": 1, "真的": 1, "找莱": 1, "科宁": 1, "代言": 1, "爱": 2, "牛": 1, "逼K": 1, "(": 1, "网易云": 1, "音乐": 1, ")": 1, "爆料": 3, "显示": 1, "选项": 1, "关键": 1, "超广角": 1, "1x": 1, "朋友": 1, "AWS": 1, "Azure": 1, "太": 1, "贵": 2, "阿里云": 1, "腾讯": 1, "云华为云": 1, "主机": 1, "便宜": 1, "付": 1, "钱": 4, "硬件": 1, "9钱": 1, "9": 1, "往后": 1, "9们": 1, "？？？": 1, "近日": 1, "淘房志": 2, "接到": 1, "千万": 2, "元": 1, "豪宅": 2, "买家": 3, "跳": 1, "中介": 3, "人员": 1, "业主": 1, "成交": 1, "孙": 2, "讲述": 1, "李*男": 1, "互联网界": 1, "传奇": 2, "人物": 2, "15": 1, "岁": 2, "考入": 1, "华中": 1, "理工": 1, "大学": 1, "少年": 1, "班": 1, "27": 1, "副总裁": 1, "其后": 1, "百度": 1, "创立": 1, "牛电": 1, "头顶": 1, "诸多": 1, "光环": 1, "想到": 2, "天才": 1, "竟是": 2, "楼市": 1, "淡季": 1, "本来": 1, "指望": 1, "业绩": 1, "笔": 1, "可观": 1, "收入": 1, "跳单": 2, "电话": 1, "微信": 1, "拉黑": 1, "陶文杰": 1, "钢铁": 1, "侠X": 1, "997": 1, "乡镇": 1, "猪": 1, "洪怀懋": 1, "山姆": 1, "故事": 1, "主观": 1, "震宇": 1, "深圳": 9, "Jacky": 1, "陈宝存": 1, "经济学家": 1, "木子": 1, "鹏程蛇口": 1, "海浪": 1, "07": 1, "黒哥": 1, "深圳房": 1, "天下": 1, "房产": 1, "发布厅": 1, "房地产": 1, "信息网": 1, "商报": 1, "财宝宝": 1, "yevon_ou": 1, "风马牛": 1, "社区": 1, "蛇口": 1, "九爷O": 1, "小哥": 1, "互联网": 1, "伯爵": 1, "本人": 1, "女": 1, "30岁": 1, "离异": 2, "孩子": 3, "无锡": 1, "套": 2, "房": 2, "车": 2, "孩男": 1, "追": 1, "84": 1, "南京": 1, "工作": 1, "年入": 1, "40万": 1, "交往": 1, "身边": 1, "前夫": 1, "4万": 1, "抚养费": 2, "件": 1, "找": 1, "机会": 1, "交底": 1, "在意": 1, "就算": 1, "浪费": 1, "时间": 1, "马来西亚": 1, "商场": 1, "档次": 2, "vivo": 1, "店": 1, "当地人": 2, "喜欢": 1, "面子": 1, "旗舰": 1, "羡慕": 1}