{"送": 3, "棵": 1, "粉色": 2, "🎄": 1, "照片": 2, "都": 16, "来自于": 1, "自拍": 26, "华为": 55, "nova6": 21, "SE喔~​": 1, "iPhoneX": 2, "R成Q3": 2, "畅销": 5, "智能机": 4, "香": 2, "市场": 3, "研究": 2, "公司": 2, "Counterpoint": 3, "Research": 2, "发布": 4, "报告": 3, "显示": 3, "iPhoneXR": 7, "第三": 5, "季度": 7, "全球": 8, "份额": 2, "3%": 2, "意味着": 1, "为止": 1, "热卖": 1, "机型": 2, "十大": 2, "畅销机": 2, "包括": 2, "三星": 6, "GalaxyA10/A50": 2, "、": 36, "OppoA9": 2, "iPhone11": 2, "P30": 3, "手机": 11, "品牌": 11, "吐槽": 1, "信号": 1, "差": 1, "如今": 1, "真香": 1, "12月": 2, "24日": 5, "实际上": 1, "2018年": 1, "第四": 1, "销量": 1, "哪款": 1, "关晓彤": 2, "私下": 2, "生活照": 2, "太": 9, "青春": 2, "模样": 2, "！": 45, "代言": 3, "SE": 3, "拍": 6, "圣诞树": 3, "自拍图": 2, "真的": 11, "很": 10, "敬业": 2, "~": 13, "漂亮": 2, "妹妹": 2, "住": 2, "红衣": 3, "才": 6, "圣诞": 3, "情人": 3, "#​": 2, "珠海": 3, "长隆": 4, "海洋": 14, "王国": 9, "解锁": 1, "nova星人": 1, "冬日": 2, "限定": 1, "福利": 1, "～": 3, "可爱": 2, "宝宝们": 4, "远近": 4, "清晰": 5, "感觉": 1, "一下子": 1, "心情": 1, "打卡点": 2, "5G": 13, "前置": 3, "超广角": 5, "容纳": 2, "风光": 1, "​": 14, "安利": 1, "波": 1, "颜值": 3, "实力": 2, "并存": 2, "神器": 1, "香警": 1, "告⚠": 1, "喜欢": 5, "仙女们": 1, "错过": 1, "款": 4, "nova65G": 1, "毕竟": 1, "千": 1, "玺": 1, "弟弟": 1, "call": 1, "刚": 1, "拿到": 1, "手上": 1, "不得不": 1, "感叹": 1, "这是": 2, "神仙": 1, "简直": 1, "尤其是": 1, "背部": 1, "设计": 1, "光芒": 1, "纹理": 1, "色彩": 1, "空间": 1, "四": 1, "层": 1, "效果": 2, "集合": 1, "一身": 1, "呈现": 1, "像是": 1, "星河": 1, "捧": 1, "手心": 1, "马上": 1, "试了试": 1, "功能": 3, "自带": 2, "磨皮": 1, "滤镜": 1, "适合": 1, "爱": 3, "姐妹": 2, "人像": 1, "厉害": 2, "畸形": 1, "不管是": 1, "拍人": 1, "风景": 2, "不用": 5, "担心": 3, "变形": 1, "一点": 1, "夜景": 3, "模式": 3, "强大": 1, "黑洞洞": 1, "房间": 1, "依旧": 1, "拍出": 1, "清晰度": 1, "大片": 1, "蹦夜迪": 1, "参加": 3, "party": 1, "宝贝们": 1, "夜拍": 1, "幻想": 1, "众所周知": 1, "全民vlog": 1, "时代": 1, "平时": 1, "记录": 4, "生活": 1, "尝试": 4, "入手": 1, "视频": 9, "自动": 1, "对焦": 1, "速度": 1, "很快": 1, "出门": 2, "旅行": 1, "带": 3, "沉重": 1, "单反": 1, "三脚架": 1, "稳定器": 1, "台": 2, "完美": 1, "解决": 3, "拍vlog": 1, "不止": 2, "拍照": 2, "神速": 1, "玩": 5, "手游": 1, "卡顿": 1, "坑": 1, "队友": 1, "想": 4, "拥有": 7, "入华": 1, "ta会": 1, "带给": 1, "一个": 3, "体验": 2, "方特": 2, "跨年": 2, "2019年": 2, "接近": 1, "尾声": 1, "跨入": 1, "2020": 1, "2020年": 2, "盛大": 1, "开场": 1, "音乐节": 1, "烟花": 2, "值得": 1, "关注": 2, "@": 3, "青岛方": 1, "梦幻王国": 1, "好友": 1, "12.30": 1, "抽取": 1, "10": 1, "幸运": 2, "粉粉": 1, "青岛": 1, "开启": 1, "​O": 1, "抽奖": 1, "详情": 1, "昨天": 2, "开心": 2, "超": 3, "精彩": 1, "表演": 1, "七八百": 1, "自恋": 1, "蛮": 1, "美的": 1, "嘻嘻": 1, "好看": 1, "背": 1, "笨重": 1, "相机": 1, "从此": 1, "nova": 2, "铁粉": 1, "姐妹们": 1, "nova65": 1, "Gget": 1, "同款": 3, "比心": 1, "感動": 3, "意外": 1, "收到": 2, "來": 1, "华為": 1, "P30Pro": 1, "這份": 1, "聖誕": 2, "禮物": 1, "仲": 2, "係好": 1, "難訂": 1, "紫色": 1, "這部": 1, "手機": 1, "花": 1, "心思": 1, "安排": 1, "個手": 1, "包裝盒": 1, "真心": 1, "謝": 1, "個": 1, "難忘": 1, "哭": 1, "眼淚": 1, "開心": 1, "兩對": 1, "喜歡": 1, "耳環": 1, "係": 1, "份": 1, "心意": 1, "愉快": 1, "借着": 1, "工作": 1, "名义": 1, "排队": 1, "项目": 1, "签到": 1, "活动": 1, "充实": 1, "有趣": 1, "打卡": 2, "✖️": 1, "狂欢": 1, "馆里": 1, "大白鲸": 1, "企鹅": 2, "就算": 1, "隔": 1, "厚厚的": 1, "玻璃": 1, "毫无": 1, "鸭梨": 1, "景幅": 1, "显脸": 1, "女生": 1, "玩玩": 1, "次要": 1, "🤭": 1, "窃取": 3, "英国": 10, "核": 5, "机密": 7, "美": 4, "高官": 2, "吓唬": 2, "唐宁街": 2, "网友": 4, "唬住": 2, "参与": 2, "建设": 2, "外界": 1, "关心": 1, "话题": 2, "美国": 9, "总统": 2, "特朗普": 1, "月初": 1, "就此": 1, "警告": 2, "北约": 1, "盟国": 1, "新任": 1, "国家": 4, "事务": 1, "助理": 1, "奥布莱恩": 4, "喊话": 1, "称": 7, "：": 9, "情报": 1, "部门": 1, "风险": 1, "该国": 1, "外国": 1, "对此": 1, "买账": 1, "有人": 1, "质问": 1, "身为": 1, "顾问": 1, "路透社": 1, "援引": 1, "金融": 3, "时报": 4, "消息": 1, "日前": 1, "接受": 1, "采访": 1, "大规模": 1, "盗取": 2, "军情": 2, "五处": 1, "六处": 1, "提到": 1, "视为": 1, "某种": 1, "商业": 1, "震惊": 1, "……": 1, "项": 1, "关乎": 1, "决策": 1, "当地": 1, "时间": 1, "言论": 1, "社交": 1, "媒体": 2, "引发": 1, "讨论": 1, "↓": 1, "详戳": 1, "O华": 1, "台媒": 1, "标题": 1, "狂": 1, "研发": 1, "总部": 1, "溪流": 1, "背坡村": 1, "公开": 1, "迪士尼": 1, "城堡": 1, "L": 2, "台湾": 2, "傻事": 1, "取代": 4, "谷歌": 4, "10亿": 4, "美元": 4, "基金": 3, "福布斯": 3, "印度": 6, "经济": 3, "报道": 4, "消费者": 3, "负责人": 3, "查尔斯·彭": 3, "HMS": 3, "建立": 3, "生态": 3, "系统": 3, "关键": 3, "程序": 3, "导航": 3, "付款": 3, "游戏": 3, "和发": 3, "信息": 3, "老板": 4, "联播L": 1, "联播": 3, "想要": 1, "与众不同": 1, "圣诞照": 1, "晓彤": 1, "小心机": 1, "颗": 1, "!": 1, "大幅度": 1, "更改": 1, "制裁": 5, "规则": 2, "再次": 1, "施压": 1, "台积": 1, "电断": 1, "供华": 1, "源自": 2, "技术": 3, "标准": 1, "25%": 2, "比重": 2, "改": 1, "10%": 2, "权力": 1, "阻断": 1, "台积电": 3, "企业": 4, "供货": 2, "外电": 1, "报导": 1, "内部": 2, "评估": 1, "7nm源": 1, "14nm": 2, "好在": 1, "旗下": 1, "芯片": 3, "海思": 1, "加速": 1, "产品": 2, "转向": 1, "7nm": 1, "5nm": 1, "分散": 1, "大陆": 1, "中芯国际": 1, "投片": 1, "避开": 1, "美方": 1, "牵制": 1, "条款": 1, "赶紧": 1, "加码": 1, "流氓": 1, "嘴脸": 1, "暴露无遗": 1, "无所不用": 1, "科技": 3, "影响力": 5, "哪家": 1, "榜单": 1, "25日": 1, "中国": 6, "2019": 1, "电信": 1, "联通": 1, "石油": 1, "腾讯": 2, "小米": 2, "银行": 1, "能源": 3, "集团": 1, "位居": 1, "指数": 1, "国企": 1, "通讯": 1, "行业": 3, "占比": 2, "；": 2, "民企": 1, "互联网": 1, "占": 1, "半壁江山": 1, "外企": 1, "家电": 1, "汽车": 3, "总体": 1, "国有": 1, "领先于": 1, "民营": 1, "外资": 1, "亚洲": 1, "远": 1, "高于": 1, "欧美": 1, "记者": 1, "刘": 1, "玉坤": 1, "O": 1, "外媒": 2, "基金L": 1, "考研": 1, "周末": 1, "回到": 1, "烟雨": 1, "氤氲": 1, "江南": 1, "杭州": 1, "智能": 1, "生活馆": 1, "荣幸": 1, "职场": 1, "轻": 1, "知识": 1, "计划": 1, "惊喜": 1, "发现": 1, "HUAWEIMateBook": 1, "多屏": 1, "协同": 1, "学生": 1, "党": 1, "presentation": 1, "困扰": 1, "闲暇": 1, "朋友": 2, "吃饭": 1, "好多": 2, "竟然": 1, "访问": 1, "催": 1, "更新vlog": 1, "听话": 1, "更新": 1, "L张": 1, "慧贤angel": 1, "卡长隆": 2, "水族馆": 2, "超多": 1, "种类": 1, "鱼": 1, "好几": 1, "头": 1, "鲸": 1, "鲨🦈": 1, "圆乎乎": 1, "白鲸": 1, "🐧": 1, "拍到": 1, "手": 1, "长": 1, "光线": 1, "轻松": 2, "标杆": 2, "学习": 1, "干部": 1, "管理": 1, "七步曲": 1, "人力": 1, "资源": 1, "专家": 1, "定格": 1, "nova海洋": 2, "奇遇": 4, "nova星": 1, "快": 3, "拿起": 1, "一瞬间": 1, "感受": 2, "蓝色": 1, "约定": 1, "治愈": 1, "过程": 1, "少不了": 1, "帮忙": 1, "——": 1, "广角": 1, "+": 4, "感光": 1, "超能力": 1, "梦幻": 1, "自拍福": 1, "戳": 1, "签": 1, "头条": 1, "文章": 1, "低": 4, "吸富": 3, "一生": 3, "": 1, "财经": 1, "每日": 1, "必读": 1, "赚钱": 2, "季": 1, "周三": 1, "/": 4, "半导体": 1, "光刻": 1, "胶": 1, "锂": 1, "电": 1, "股权": 1, "公告": 1, "(": 2, "券商": 1, "分化": 1, "养殖": 1, "板块": 2, "调整": 2, "观察": 3, ";": 1, "主板": 1, "缩量": 1, "震荡": 2, "预设": 1, "明日": 3, "回踩": 1, "成交量": 2, "放大": 2, "强势": 2, "股": 2, "接力": 2, "亏": 1, "钱": 1, "效应": 2, "减缓": 1, "威唐": 1, "工业": 1, "情绪": 1, "空间板": 1, "高度": 1, "4板": 1, "首板": 1, "数量": 1, "减少": 1, "大概率": 1, "下降": 1, "短期": 1, "五日": 1, "线": 1, "反压": 1, "压力": 1, "2940-2990": 1, "区间": 1, "概率": 1, "高抛": 1, "吸": 2, "优": 1, "策略": 1, "主线": 1, "油气": 1, "人气股": 1, "预期": 1, "创板": 1, "块": 1, "潜伏": 1, "轮动": 1, "补涨": 1, "O低": 1, "从来": 1, "抵抗力": 1, "带上": 1, "留住": 1, "时刻": 1, "庆余": 1, "大明": 1, "风华": 1, "精英": 1, "律师": 1, "即将": 1, "开播": 1, "锦衣": 1, "之下": 1, "荣耀": 1, "打开": 1, "芒果TV": 1, "优酷": 1, "内容": 1, "剧": 1, "APP": 1, "Top": 1, "10：1": 1, "iPhoneXR2": 1, "GalaxyA103": 1, "GalaxyA504": 1, "OPPOA95": 1, "iPhone116": 1, "OPPO": 1, "A5s7": 1, "GalaxyA208": 1, "OPPOA59": 1, "Redmi7A10": 1, "卖": 1, "火": 1, "原因": 1, ")": 1, "小涵": 1, "￼": 1, "想象": 1, "嘎嘎": 1, "真·可有眼福": 1, "刻": 1, "美美": 1, "MerryChristmas🎄​": 1, "统计": 1, "如果说": 1, "米": 1, "6": 1, "系列": 1, "不换机": 1, "钉子户": 3, "花粉们": 1, "段": 1, "平台": 1, "拆解": 1, "Mate30Pro": 1, "做工": 1, "吊打": 1, "iPhone​": 1}