{"5G": 15, "孕育": 1, "高速": 1, "畅享": 2, "时代": 3, "折叠": 5, "开启": 2, "智慧": 2, "体验": 4, "未来": 5, "华为": 57, "MWC2019": 6, "先来": 1, "个V": 1, "！": 13, "​": 18, "耀": 1, "HUAWEInova4": 1, "蜜语": 3, "红": 2, "带": 1, "猪": 2, "拜": 1, "早年": 1, "猪年": 3, "甜甜蜜蜜": 1, "、": 23, "红红火火": 1, "评论区": 1, "留下": 1, "新年": 1, "小编": 1, "随机": 2, "抽": 4, "花粉": 1, "送出": 2, "nova4": 1, "4800万": 1, "超": 1, "广角": 1, "三": 1, "摄": 1, "8+128GB": 1, "优购码": 1, "一个": 7, "~​": 1, "#智": 1, "新春": 5, "小云": 1, "回家": 1, "专列": 1, "首次": 2, "发车": 1, "前方": 1, "高能": 1, "请": 1, "站稳": 1, "扶好": 1, "听说": 1, "找到": 1, "关注": 3, "+": 4, "转评": 1, "8e手机": 1, "己亥": 1, "即将": 1, "来临": 2, "团圆": 1, "倒计时": 1, "存储": 1, "智能": 6, "计算": 1, "云计算": 1, "大数据": 1, "安防": 1, "IT": 1, "小伙伴": 1, "聚齐": 1, "八": 1, "愿望": 1, "朋友们": 1, "送上": 1, "满满": 2, "祝福": 1, "提前": 1, "祝": 2, "快乐": 1, "来袭": 2, "引领": 2, "疾速": 2, "2月": 5, "24日": 4, "西班牙": 2, "巴塞罗那": 4, "邀": 2, "构建": 2, "万物": 2, "互联": 2, "世界": 3, "回顾": 1, "昨天": 2, "公司": 8, "年会": 2, "中奖": 1, "过程": 1, "屏幕": 2, "碎": 1, "发": 1, "想": 4, "买": 1, "mate20Pro": 1, "真的": 2, "挺": 2, "开心": 2, "都": 4, "喝": 1, "断片": 1, "快": 1, "求财": 1, "压根": 1, "归属感": 1, "萝卜": 2, "报告": 6, "希望": 4, "明天": 1, "越来越": 1, "多多": 1, "支持": 2, "出品": 1, "节目": 1, "北京": 1, "·": 1, "东直门L": 1, "韩": 1, "景枫": 1, "51KING": 1, "视频": 10, "澳": 1, "橄榄球队": 2, "期待": 3, "赞助": 2, "：": 15, "球衣": 3, "标志": 3, "很": 7, "自豪": 3, "印上": 1, "澳大利亚": 1, "职业": 1, "橄榄球": 1, "联赛": 1, "队伍": 1, "堪培拉": 2, "奇袭队": 2, "(": 3, "Raiders": 1, ")": 3, "该国": 2, "政府": 2, "跟随": 1, "盟友": 2, "美国": 17, "禁止": 1, "参与": 2, "网络": 4, "建设": 2, "依然": 1, "合作": 3, "华盛顿": 1, "邮报": 1, "报道": 2, "2012年": 1, "赞助商": 1, "O澳": 1, "陪伴": 1, "春节": 3, "服务": 3, "打烊": 1, "温暖": 1, "全天候": 1, "陪": 1, "大年": 1, "诸事": 1, "顺利": 1, "福气": 1, "转发": 2, "点赞": 2, "13日": 1, "@": 9, "抽奖": 1, "平台": 1, "1": 1, "小可爱": 1, "赠送": 1, "AI": 1, "音箱": 1, "台": 2, "颜色": 1, "沃顿": 2, "商学院": 3, "院长": 3, "美": 4, "冲突": 3, "本质": 3, "贸易": 4, "创新": 3, "谈判": 1, "紧锣密鼓": 1, "2019年": 2, "1月": 3, "28日": 2, "起诉": 1, "提出": 2, "引渡": 1, "孟晚舟": 2, "2018年": 4, "5月": 1, "演讲": 1, "指出": 1, "贸易战": 1, "明处": 1, "科技战": 1, "暗战": 1, "这是": 1, "着力": 1, "应对": 1, "博弈": 1, "棋局": 1, "O沃顿": 1, "可怕": 2, "打压": 2, "套": 1, "日本": 6, "企业": 6, "实践": 2, "轻车熟路": 1, ".......": 2, "众所周知": 1, "东芝": 4, "出口": 2, "苏联": 3, "机床": 2, "潜艇": 2, "声音": 1, "传说": 1, "解密": 1, "才": 1, "骗": 1, "日本人": 1, "静音": 1, "技术": 7, "三年": 1, "难监": 1, "听到": 1, "无关": 1, "上世纪": 1, "80年代": 1, "媒体": 4, "坚定": 1, "站": 1, "严厉": 1, "敲打": 2, "理由": 1, "站不住脚": 1, "未": 1, "验证": 1, "自我批评": 1, "眼里": 1, "正义": 2, "化身": 2, "意志": 1, "法律": 1, "依据": 1, "坚不可摧": 1, "......": 1, "​​": 1, "历史": 1, "多么": 1, "法庭": 1, "裁定": 1, "故意": 1, "蓄意": 1, "偷T-mobile": 1, "商业": 1, "秘密": 1, "T-mobile": 1, "橡皮头": 1, "落后": 1, "谈": 2, "偷": 2, "钱": 2, "国内": 1, "司法部": 1, "O敲": 1, "打华": 1, "动用": 1, "国家": 2, "力量": 1, "日立": 1, "富士通": 1, "嗷大喵": 1, "主题": 5, "授权": 3, "1-5": 1, "OPPO": 3, "6": 1, "vivo,图7": 1, "8": 1, "九": 1, "凑数": 1, "安卓": 1, "手机": 12, "玩": 1, "带感": 1, "~~~~": 1, "vivo": 1, "伙伴": 1, "好看": 1, "好玩": 1, "咪蒙": 1, "标题": 1, "欲望": 1, "…": 1, "建议": 1, "数码圈": 1, "老师": 1, "学": 2, "整天": 1, "评测": 1, "开箱": 1, "什么的": 1, "「": 1, "12888": 1, "iPhoneXsMax": 1, "竟然": 1, "用华": 1, "保时捷": 1, "同学": 1, "面前": 1, "抬": 1, "头": 1, "」": 1, "这次": 1, "惊喜": 1, "重磅": 1, "花市": 1, "—": 1, "蝴蝶兰": 2, "花语": 1, "幸福": 1, "飞来": 1, "你好": 1, "影像": 1, "成诗": 1, "摄影": 2, "终端": 1, "官方": 1, "摄影​": 1, "高通": 5, "暂时": 3, "和解": 3, "知名": 1, "科技": 1, "CNET": 1, "当地": 2, "时间": 1, "30日": 3, "芯片": 2, "供应商": 4, "签署": 1, "项": 1, "短期": 1, "协议": 4, "2019": 1, "财年": 1, "第一": 1, "财季": 2, "截至": 1, "去年": 2, "12月": 1, "达成": 1, "持续": 1, "本财年": 1, "第三": 2, "6月": 1, "苹果": 4, "抗争": 1, "减轻": 1, "担忧": 1, "这家": 1, "厂商": 1, "收费": 1, "来源": 1, "观察者": 1, "网": 1, "O热点": 1, "|": 2, "精彩": 1, "敬请": 1, "25日": 1, "汽车": 1, "电机系": 1, "化工系": 1, "自动化系": 1, "化学系": 1, "五系": 1, "研团": 1, "总支": 1, "联合": 1, "能源": 3, "专题": 1, "支队": 1, "赴": 1, "上海": 2, "蔚来汽车": 1, "上汽": 2, "乘用车": 1, "国网": 1, "上海市": 1, "电力": 1, "泛亚": 1, "五": 1, "交流": 1, "探索": 1, "新时代": 1, "中国": 10, "新兴": 1, "行业": 2, "现状": 1, "聚焦": 1, "产业": 1, "发展": 1, "前沿": 1, "O网页": 1, "链接": 2, "冷聚": 1, "变TV": 1, "到底": 1, "卖": 1, "歪果仁": 1, "看待": 1, "处在": 1, "风尖": 1, "浪口": 1, "之上": 2, "加拿大": 1, "被捕": 1, "事件": 1, "评价": 1, "L柚子木": 1, "字幕组": 1, "秒拍": 3, "卖出": 1, "平板": 1, "1540万": 1, "全球": 5, "销量": 2, "仅次于": 1, "🍎": 1, "三星": 3, "第二": 1, "牛": 2, "德国": 4, "一视同仁": 2, "高标准": 2, "区别": 3, "对待": 3, "路透社": 1, "为由": 1, "拒于": 1, "门外": 1, "引发": 1, "极其": 1, "热烈": 1, "争论": 1, "级别": 1, "会议": 1, "建立": 1, "挑出": 1, "设备": 1, "供货商": 2, "潜在": 1, "遵守": 1, "标准": 1, "O关于": 1, "一瞬间": 1, "激情": 1, "一辈子": 1, "爱情": 1, "WatchGT": 1, "336": 1, "小时": 1, "电": 1, "守护": 1, "3": 1, "送": 7, "自拍杆": 1, "L京东": 1, "电脑": 1, "数码": 1, "写": 3, "发现": 1, "铂德": 1, "回来": 1, "iPhone": 3, "立字": 1, "纷纷": 1, "同意": 1, "汪": 1, "颜值": 1, "气质": 1, "旺": 1, "好运": 1, "晒年": 1, "味": 1, "洪水": 1, "淹没": 1, "冰": 1, "封": 1, "城市": 1, "木星": 1, "徘徊": 1, "地球": 2, "异常": 1, "气候": 1, "变化": 1, "……": 1, "刘慈欣": 1, "小说": 1, "奇幻": 1, "景象": 1, "宏大": 1, "诡奇": 1, "宇宙星辰": 1, "国产": 1, "重工业": 1, "科幻": 2, "影片": 1, "电影": 3, "流浪": 2, "呈现": 1, "华为云": 2, "携手": 1, "Macrograph": 1, "该片": 2, "特效": 1, "制作": 3, "位于": 1, "西安": 1, "秦渲云": 1, "紧密": 1, "提供": 1, "海量": 1, "CPU": 1, "资源": 1, "快捷": 1, "环境": 1, "全力": 1, "助推": 1, "硬": 1, "起航": 1, "大年初一": 1, "观影": 1, "地球O": 1, "网页": 1, "发布": 5, "折叠屏": 7, "款": 2, "秀": 1, "肌肉": 1, "小米": 1, "箭在弦上": 1, "气势": 1, "输": 1, "海报": 1, "宣传语": 1, "写实": 1, "连接": 1, "赚钱": 1, "机型": 1, "P30": 1, "好奇": 1, "翻": 1, "2018": 2, "高校": 3, "就业": 2, "出炉": 1, "收入": 1, "低于": 1, "期望值": 1, "北大清": 1, "华生": 1, "平均": 2, "月薪": 1, "1万": 1, "日前": 1, "毕业生": 5, "情况": 1, "北大": 1, "清华": 2, "交大": 1, "复旦": 1, "大学": 1, "四": 2, "双一流": 1, "就业率": 1, "高达": 1, "98%": 1, "腾讯": 1, "学校": 1, "雇主": 1, "应届": 2, "期望": 1, "年薪": 1, "10万+": 1, "薪资": 1, "勉强": 1, "10万": 1, "L梨": 1, "文化": 1, "金石": 1, "财经": 2, "层面": 1, "剖析": 1, "4G": 3, "差别": 1, "跨越": 2, "近日": 2, "施压": 1, "阻截": 1, "设施": 1, "纽约": 1, "时报": 1, "当做": 1, "军备": 1, "竞赛": 1, "相比": 2, "差距": 1, "听": 1, "香港": 1, "资深": 1, "投资界": 1, "专家": 1, "讲解": 1, "差异": 2, "曾瀞漪L": 1, "凤凰网": 1, "下午": 1, "正式": 1, "发出": 1, "邀请函": 1, "首款": 1, "屏新机": 1, "脱欧": 4, "英国": 5, "做生意": 1, "天真": 1, "反对": 1, "卡梅伦": 2, "执政": 1, "时期": 1, "英": 1, "关系": 1, "黄金": 1, "战略": 1, "打造": 1, "欧洲": 2, "桥头堡": 1, "特朗普": 1, "市场": 2, "公开": 1, "极力": 1, "阻止": 1, "通讯": 1, "发挥": 1, "作用": 1, "O罗思义": 1, "危机": 1, "影响": 1, "出货量": 5, "大降": 1, "11.5%": 1, "暴涨": 1, "43.9%": 1, "31日": 1, "调研": 1, "机构": 1, "IDC": 1, "数据": 1, "出货": 1, "14亿": 1, "第四": 1, "季度": 3, "3.77亿": 1, "7040万": 1, "夺得": 1, "冠军": 1, "6840万": 1, "紧随": 1, "其后": 1, "6050万": 1, "L": 1, "新京报": 1, "智能机": 5, "3D": 1, "渲染": 3, "曝光": 1, "公布": 1, "Mate": 2, "系列": 3, "惊艳": 1, "估计": 1, "真机": 1, "荷兰": 1, "网站": 1, "LetsGoDigital": 1, "基于": 1, "汇总": 1, "消息": 2, "早些时候": 1, "余承东": 1, "展示": 1, "折": 1, "叠屏": 1, "上周": 1, "基带": 1, "Balong5000": 1, "提交": 1, "模型": 1, "商标": 1, "申请": 1, "包括": 1, "MateFlex": 1, "MateFlexi": 1, "MateFold": 1, "MateF": 1, "不知": 2, "最终": 1, "采用": 1, "名称": 1, "高端": 1, "缺席": 1, "规格": 1, "沿用": 1, "处理器": 2, "带有": 1, "双AI": 1, "单元": 1, "NPU": 1, "Kirin980": 1, "4": 1, "推出": 1, "最初": 1, "用于": 1, "Mate20": 2, "X": 1, "游戏": 2, "配备": 1, "M-Pen手": 1, "写笔": 1, "肯定": 1, "该机": 1, "运行": 1, "一番": 1, "风味": 1}