{"外交部": 10, "劝": 5, "美方": 15, "高估": 10, "造谣": 10, "能力": 15, "近日": 5, "美国": 6, "政府": 10, "官员": 5, "劝阻": 5, "国家": 5, "华为": 61, "设备": 10, "并称": 5, "中国": 5, "5": 7, "利用": 5, "电信": 5, "窃取": 5, "非盟": 5, "数据": 5, "发言人": 5, "耿爽": 5, "谣言": 5, "请": 6, "低估": 5, "别人": 5, "判断": 5, "央视": 6, "记者": 3, "赵晶": 1, "L": 8, "新闻": 6, "视频": 20, "​": 16, "员工": 26, "发放": 18, "20亿": 18, "奖金": 25, "人人": 3, "一个": 9, "阳光": 8, "普照": 3, "工资": 3, "11月": 7, "11日": 7, "俗称": 1, "剁手节": 1, "当天": 1, "消息": 5, "全体": 1, "沸腾": 1, "网络": 2, "称": 2, "份": 11, "：": 5, "第一": 2, "；": 5, "第二": 5, "参与": 6, "国产": 5, "组件": 4, "切换": 4, "人员": 4, "元": 8, "据悉": 2, "该奖": 5, "感谢": 7, "自华": 5, "5月": 5, "制裁": 8, "努力": 10, "奋斗": 7, "内部": 2, "确认": 6, "普照奖": 5, "真实性": 2, "猜测": 2, "研发": 2, "供应链": 2, "每日": 1, "经济": 1, "十一": 9, "晚会": 1, "收视率": 1, "2019": 2, "湖南": 1, "卫视": 1, "手机": 3, "苏宁": 4, "易购": 2, "11.11": 1, "嗨": 1, "爆夜": 1, "四": 2, "网": 2, "六域": 1, "领先": 4, "全国": 2, "、": 25, "家庭": 2, "观众": 2, "CSM": 2, "城域": 1, "份额": 3, "名": 3, "50%": 1, "体现": 1, "中心": 1, "城市": 1, "尼尔森": 1, "100": 1, "城": 2, "CSM59": 1, "35%": 1, "消费": 2, "实力": 1, "未来": 1, "趋势": 1, "欢网": 1, "酷云": 1, "智能": 4, "电视": 1, "终端": 2, "接近": 1, "9%": 1, "40%": 1, "地铁站": 3, "拍出": 1, "精美": 2, "mv": 2, "教程": 1, "📹教": 1, "拍照": 2, "技巧": 1, "升级": 1, "！": 26, "鹿老师": 1, "拍摄": 3, "幕后": 1, "花絮": 1, "拍": 2, "短片": 1, "表演": 1, "快剪": 1, "绝技": 1, "多亏": 1, "支持": 1, "主动": 1, "降噪": 2, "HUAWEI": 1, "FreeBuds3": 1, "无线": 3, "耳机": 3, "才能": 1, "嘈杂": 1, "环境": 1, "即刻": 1, "抽离": 1, "剪辑": 2, "卷发": 1, "+": 1, "关猪": 1, "揪": 2, "233": 1, "基金": 1, "评论": 1, "软件": 1, "会员": 1, "折现": 1, "快": 2, "生活": 2, "寻找": 1, "灵感": 1, "FreeBuds": 3, "自由": 2, "体验": 2, "": 1, "东西L": 1, "东西": 2, "@": 3, "人民": 2, "转型": 1, "运动": 4, "健身": 1, "博主": 1, "地位": 1, "发福蝶": 1, "心甘情愿": 1, "买": 6, "一块": 2, "WatchGT#2": 2, "FreeBuds#3": 2, "户外": 1, "跑步": 1, "身材": 1, "修长": 1, "长相": 1, "英俊": 1, "戴": 2, "手表": 5, "男士": 1, "(": 4, "gan": 1, ")": 3, "jin": 1, "搭讪": 1, "很": 4, "qi": 1, "冷": 1, "dai）L": 1, "机智": 1, "秒拍": 5, "对此": 1, "情况": 1, "将要": 1, "并未": 1, "透露": 1, "金额": 2, "O": 1, "奖励": 3, "工作": 3, "发": 6, "此前": 3, "网上": 3, "爆料": 3, "老板": 4, "联播L": 1, "联播": 3, "​​​": 1, "跨界": 1, "安利": 1, "咯": 1, "献给": 1, "卷平": 1, "捉": 1, "宝宝": 1, "同款": 2, "功能": 1, "涵盖": 1, "健康": 1, "方方面面": 1, "身边": 1, "24": 1, "小时": 4, "贴身": 1, "小伙伴": 1, "～": 1, "3蓝牙": 1, "棒": 1, "俩": 1, "搭配": 1, "听": 1, "歌": 1, "误": 1, "喜欢": 3, "朋友": 1, "买起": 1, "L十井": 1, "源子": 1, "Tico": 1, "推荐": 1, "出差": 2, "好物": 1, "超级": 2, "适合": 1, "路上": 3, "听歌": 1, "看剧": 1, "发呆": 1, "私人": 1, "影音": 1, "世界": 1, "秒": 2, "get～L": 1, "科技": 3, "美学": 3, "官方": 5, "加滤镜": 1, "期": 1, "Mate30Pro": 1, "iPhone11ProMax": 1, "松下": 1, "GH5": 1, "对比": 1, "后边": 1, "内容": 2, "笑死": 2, "刚": 1, "A": 1, "不行": 2, "就说": 1, "辣鸡*1": 1, "看B": 1, "辣鸡华为*2": 1, "说C": 2, "相机": 1, "苹果": 2, "辣鸡*3": 1, "想到": 1, "C": 2, "哈哈哈哈": 1, "承包": 1, "笑点": 1, "秋冬": 1, "就要": 1, "暖暖的": 1, "橘色": 2, "有种": 1, "明亮感": 1, "颜色": 1, "温暖": 1, "活泼": 1, "🔸🔸": 1, "🔸": 1, "金牛座": 1, "纪": 1, "老师": 1, "不止": 1, "颜值": 1, "还要": 1, "性价比": 1, "手里": 1, "畅享": 1, "10Plus": 1, "赤": 1, "茶橘": 1, "色彩": 1, "吸睛": 1, "前置": 1, "1600万": 1, "悬": 1, "浮式": 1, "镜头": 1, "自动": 1, "升降": 1, "超酷": 1, "4800万": 1, "超": 1, "广角": 1, "AI三": 1, "摄": 1, "拍人": 1, "拍景": 1, "都": 4, "完美": 3, "🏻": 1, "日常": 1, "需求": 1, "大片": 1, "😆": 1, "太": 1, "理想": 1, "儿媳": 1, "公主": 1, "英国": 1, "王子": 1, "共舞": 1, "​​": 3, "易烊": 1, "千玺华": 1, "30pro": 1, "尽力": 1, "易烊": 1, "千玺": 1, "发射": 1, "L易家": 1, "甜甜": 1, "花": 1, "注重": 2, "物美": 2, "价廉": 2, "1": 2, "03": 1, "59": 1, "天猫": 2, "11": 1, "成交额": 1, "超过": 1, "1000亿": 1, "双十一": 2, "仅仅": 1, "分钟": 4, "家电": 1, "3": 2, "破": 2, "10亿": 2, "小米": 4, "海尔": 1, "美的": 1, "格力": 2, "六大": 1, "品牌": 5, "破亿": 3, "国际": 1, "京东": 2, "公布": 2, "1日": 1, "0时": 2, "平台": 2, "累计": 1, "下单": 1, "突破": 4, "1313亿": 1, "购物车": 1, "抢到": 1, "看重": 1, "这次": 1, "重物": 1, "美": 1, "重价": 1, "廉": 1, "庆祝": 1, "FPX": 3, "夺冠": 1, "抽": 2, "Mate305": 2, "G版": 2, "FPX3:0": 1, "加班": 1, "3-1": 1, "玄学": 1, "LPL": 5, "推向": 1, "电竞": 2, "盛世": 1, "凤凰于飞": 1, "必将": 1, "高飞": 1, "昨天": 1, "正式": 1, "2020年": 1, "上海": 1, "举办": 1, "S10": 3, "放下": 1, "辉煌": 1, "展望": 1, "顶峰": 1, "迎来": 1, "最新": 1, "篇章": 1, "自我": 1, "站出": 1, "IG": 1, "RNG": 1, "队": 2, "全世界": 1, "LPL赛区": 1, "坐等": 1, "带来": 1, "弘扬": 1, "精神": 1, "转发": 1, "关注": 2, "抽奖": 2, "|": 1, "14号": 1, "晚上": 1, "20点": 1, "开奖": 1, "英雄": 1, "联盟": 1, "O抽奖": 1, "详情": 1, "电视剧": 1, "鹤唳华亭": 1, "今日": 1, "曝光": 1, "云心": 1, "鹤眼版": 1, "人物": 1, "海报": 1, "每张": 1, "考究": 1, "开播": 1, "荣耀": 3, "自带": 1, "芒果TV": 1, "优酷": 1, "腾讯": 1, "试试": 1, "写给": 1, "16": 1, "职场": 1, "必读": 1, "折腾": 1, "表盘": 3, "同学": 1, "下amazfitwatchfaces": 1, "网站": 1, "华米": 1, "全系": 1, "GT": 1, "手环": 2, "4": 1, "堆": 1, "更换": 1, "简直": 1, "丑": 1, "飞起": 1, "…": 1, "多发": 1, "月工资": 1, "零部件": 1, "替换": 1, "原则": 1, "付出": 1, "钱": 1, "一亿": 2, "惨": 1, "中关村": 1, "语文": 1, "学": 1, "开场": 1, "148": 2, "李宁": 2, "扛": 1, "大旗": 1, "国货": 4, "集体": 2, "爆发": 2, "刚刚": 1, "跻身": 1, "亿": 1, "俱乐部": 1, "79": 1, "小天鹅": 1, "波司登": 1, "太平鸟": 1, "百雀羚": 1, "三": 1, "松鼠": 1, "日记": 1, "纷纷": 1, "上榜": 1, "!": 1, "剁手": 1, "旅行": 4, "少不了": 1, "音乐": 2, "陪伴": 1, "长长": 1, "耳机线": 1, "缠绕": 1, "FreeLace": 1, "挂脖式": 1, "设计": 1, "解决": 1, "烦恼": 1, "神器": 1, "极度": 1, "声音": 2, "回味": 1, "视听感": 1, "放松": 1, "掌控": 1, "带上": 1, "消除": 1, "杂吵": 1, "明白": 1, "趟": 1, "重要性": 1, "感受": 1, "伙计": 1, "~": 1, "L华": 1, "电影": 2, "场景": 1, "形容": 1, "宇宙": 1, "飞船": 1, "起飞": 1, "巨吵": 1, "太空": 1, "静": 1, "那种": 1, "感觉": 1}