{"任正非": 67, "接受": 6, "BBC": 38, "专访": 7, "：": 35, "西方": 21, "亮": 24, "东方亮": 21, "美国": 69, "办法": 5, "扼杀": 6, "2月": 12, "18日": 15, "英国": 26, "广播": 9, "公司": 22, "播出": 13, "段": 3, "华为": 92, "创始人": 15, "独家": 7, "世界": 20, "离开": 2, "竞争": 4, "对手": 2, "先进": 8, "说服": 7, "国家": 8, "暂时": 6, "产品": 1, "随时": 2, "缩减": 2, "一点": 5, "规模": 6, "谈": 1, "女儿": 3, "孟晚舟": 13, "被捕": 1, "反对": 3, "做法": 2, "充满": 1, "政治": 3, "动机": 3, "环球": 1, "时报": 1, "三": 1, "缺": 1, "二视": 1, "频组": 1, "@": 8, "视": 1, "频L": 1, "视频": 24, "秒拍": 16, "采访": 38, "代表": 25, "全世界": 15, "当地": 8, "时间": 21, "晚": 13, "兼": 8, "首席": 8, "执行官": 8, "警告": 9, "称": 20, "摧毁": 17, "…": 1, "出于": 2, "指控": 2, "加拿大": 2, "抓": 11, "抓错": 9, "L大佬": 7, "视频O": 1, "万物": 1, "美": 1, "宜远观": 1, "亦可": 1, "近读": 1, "P30": 2, "3月": 2, "26日": 3, "法国": 2, "巴黎": 2, "！": 6, "RewriteThe": 1, "Rules": 1, "L华": 2, "终端": 2, "​​​": 1, "问及": 1, "成功": 2, "盟友们": 1, "停止": 1, "设备": 5, "影响": 4, "缩小": 4, "老板": 4, "联播L": 1, "联播": 3, "投资": 7, "转向": 2, "来源": 1, "L": 2, "​": 11, "毛选": 6, "答": 4, "发布": 2, "黑": 2, "北方": 3, "南方": 3, "一部分": 2, "说道": 1, "L环球网": 1, "O": 6, "、": 5, "新西兰": 10, "围剿": 4, "改口": 2, "CNN": 4, "五": 8, "眼": 8, "崩": 4, ".....": 2, "联合": 2, "盟友": 2, "之际": 2, "政府": 3, "日前": 2, "结论": 2, "5G": 10, "风险": 4, "可控": 3, "头条": 2, "评论": 2, "战争": 2, "‘": 2, "联盟": 6, "’": 2, "裂痕": 2, "话音": 2, "未": 2, "落": 2, "做出": 4, "表态": 4, "从未": 4, "该国": 2, "出局": 2, "总理": 2, "阿德恩": 2, "共享": 2, "情报": 2, "方案": 2, "独立": 2, "OCNN": 2, "排除": 2, "在外": 2, "元宵节": 2, "送": 2, "礼物": 1, "转发": 1, "关注": 1, "宇哥": 1, "考研": 2, "抽": 2, "10": 1, "平分": 1, "3000": 1, "元": 1, "现金": 1, "红包": 1, "第1": 1, "名": 3, "中奖者": 3, "追加": 2, "手机": 3, "第3": 1, "6": 1, "8": 1, "2020": 2, "版": 1, "36": 2, "讲": 4, "套": 1, "现货": 1, "正版": 1, "张宇": 2, "数学": 1, "高数": 2, "18": 1, "+": 2, "线代": 1, "9讲": 2, "概率": 1, "(": 1, "3": 1, "册": 1, ")": 1, "十八": 1, "张宇1": 1, "第10": 1, "全程": 1, "班": 1, "课程": 1, "O网页": 1, "链接": 1, "祝": 1, "快乐": 1, "抽奖": 1, "平台": 1, "公布": 1, "获奖": 1, "名单": 1, "事件": 1, "生意": 2, "事实上": 2, "发展": 2, "快": 3, "想": 1, "衰落": 5, "建立": 1, "程序": 2, "规章": 1, "不用": 1, "就算": 1, "改变": 1, "轨道": 1, "秒": 1, "下载": 2, "2G": 1, "电影": 2, "火车站": 3, "上海": 3, "周一": 1, "虹桥": 1, "启动": 2, "建设": 2, "网络": 4, "全球": 1, "采用": 1, "5G室": 2, "内": 3, "数字": 2, "系统": 2, "计划": 1, "2019年": 1, "年内": 1, "全站": 1, "深度": 1, "覆盖": 1, "本次": 1, "仪式": 1, "公众": 1, "展示": 1, "技术": 1, "1.2Gbps": 1, "峰值": 1, "速率": 1, "意味着": 1, "大小": 1, "2GB": 1, "高清": 1, "秒钟": 1, "戳": 1, "体验": 4, "↓": 1, "记者": 2, "马": 1, "思程": 1, "钰": 1, "L中报": 1, "……": 6, "大佬": 3, "30": 1, "……L": 1, "陈震": 1, "同学": 1, "很多": 1, "朋友": 1, "早上": 1, "留言": 1, "拍": 3, "今晚": 1, "超级": 3, "元宵月": 1, "拍摄": 1, "教程": 1, "分享": 1, "L玩机": 2, "技巧": 2, "在线": 2, "小泽vlog": 1, "Mate20Pro骨": 1, "声纹": 1, "支付": 4, "一大": 1, "波": 1, "姐姐": 1, "主动": 1, "说话": 1, "春节": 1, "拿到": 1, "FreeBuds2Pro": 1, "测试": 2, "一个": 3, "木耳": 1, "属性": 1, "太": 1, "音质": 1, "骨声": 2, "纹": 2, "核心": 1, "用户": 1, "繁琐": 1, "操作": 2, "口令": 1, "调取": 2, "二维码": 2, "商场": 1, "超市": 1, "手": 1, "拎": 1, "购物袋": 1, "场景": 1, "改善": 1, "环节": 1, "蛋糕": 1, "店": 1, "快餐店": 1, "便捷": 1, "L钟": 1, "文泽": 1, "胖": 1, "搞错": 1, "倒": 1, "问到": 2, "会倒": 1, "Mate20": 1, "系列": 2, "月亮": 3, "留影": 1, "点开": 1, "4": 1, "步骤": 1, "学": 1, "小编": 1, "所在": 1, "城市": 1, "阴雨": 1, "交给": 1, "赏月": 1, "幸运": 1, "花粉": 1, "问道": 1, "施压": 2, "抵制": 1, "网站": 5, "信任": 5, "大规模": 5, "转移": 5, "P30ProVS": 1, ".": 1, "小米": 1, "9": 1, "锐": 1, "参考": 1, "名句": 2, "自信": 2, "19日": 1, "引用": 2, "这是": 1, "第二": 1, "外媒": 2, "——": 2, "在此之前": 1, "三年": 1, "这位": 1, "74": 1, "岁": 1, "始终": 1, "神秘": 1, "沉默": 1, "掉": 1, "变化": 1, "背后": 1, "终于": 1, "迎来": 1, "道道": 1, "曙光": 1, "O引": 1, "官方": 1, "会议": 1, "中心": 1, "近来": 1, "别国": 1, "渲染": 1, "威胁": 1, "17日": 1, "传来": 1, "消息": 1, "通讯": 1, "间谍": 2, "CEO": 1, "中国": 1, "安装": 2, "后门": 1, "客户": 1, "厌恶": 1, "决不": 1, "活动": 1, "关闭": 1, "这家": 1}