{"外国": 1, "小伙": 1, "：": 23, "支持": 1, "华为": 84, "就要": 1, "手机": 12, "店": 1, "买": 4, "台": 4, "P30Pro": 4, "砸掉": 1, "iPhone": 2, "……": 1, "真的": 2, "砸": 1, "！": 12, "​": 15, "再次": 2, "明抢": 1, "电信": 12, "设备": 25, "美国": 23, "非法": 2, "没收": 2, "路透社": 3, "最新": 1, "消息": 1, "美国商务部": 11, "发起": 1, "诉讼": 2, "原因": 2, "服务器": 3, "交换机": 3, "送": 4, "加州": 1, "实验室": 4, "测试": 7, "阿拉斯加": 5, "美方": 1, "仓库": 1, "扣留": 1, "想": 3, "窃取": 1, "核心": 1, "技术": 1, "苹果": 5, "反对": 1, "华": 1, "加征": 1, "关税": 1, "起诉": 10, "任正非": 10, "死": 2, "鸟": 2, "2021年": 2, "焕发": 2, "勃勃生机": 2, "6月": 8, "17日": 2, "科学": 1, "思想": 1, "领袖": 1, "乔治·吉尔德": 1, "尼古拉斯·尼葛洛": 1, "庞帝": 1, "对话": 3, "打压": 1, "阻止": 1, "步伐": 2, "年会": 1, "减产": 1, "很多": 2, "版本": 1, "切换": 1, "此后": 1, "变得": 1, "坚强": 1, "@": 6, "老板": 6, "联播L": 2, "联播": 5, "秒拍": 6, "视频": 10, "奇幻": 1, "色彩": 2, "年轻": 1, "不止": 1, "静谧": 1, "悠然": 1, "绮境": 2, "森林": 2, "、": 12, "梦幻": 1, "神秘": 1, "仲夏紫": 2, "热情洋溢": 1, "珊瑚": 2, "橙": 2, "璀璨": 1, "深邃": 1, "亮": 2, "黑色": 2, "全新": 1, "nova5": 3, "系列": 3, "登场": 1, "钟情": 1, "颜色": 2, "员工": 4, "深夜": 2, "加班": 3, "份": 1, "外卖": 3, "拿到": 3, "配送单": 1, "字": 4, "显得": 2, "异常": 2, "醒目": 2, "期待": 1, "鸿蒙": 1, "加油": 2, "辛苦": 1, "！！！": 1, "短短的": 1, "11": 1, "安静": 1, "温暖": 1, "瞬间": 1, "泪崩": 1, "拍摄": 1, "广告": 1, "出街": 1, "这次": 2, "上天": 1, "下海": 1, "撒哈拉": 1, "萤火虫": 1, "抓": 1, "主灯": 1, "无故": 5, "扣押": 10, "正式": 3, "华盛顿": 3, "联邦": 10, "法院": 3, "质疑": 2, "返回": 2, "中国": 13, "途中": 2, "出口": 2, "管制": 3, "条例": 2, "EAR": 2, "内": 2, "称": 7, "2017年": 2, "7月": 2, "公司": 12, "套": 3, "包括": 2, "太": 4, "网": 2, "在内": 2, "发": 3, "位于": 3, "加利福尼亚": 3, "计划": 3, "回": 3, "随后": 3, "当局": 3, "O华": 2, "匈牙利": 13, "官员": 4, "威胁": 6, "证据": 6, "四处": 1, "游说": 1, "盟友": 1, "放弃": 1, "通信": 1, "宣称": 1, "隐患": 1, "21日": 5, "创新": 3, "技术部": 2, "部长": 3, "鲍尔科维奇·拉斯洛": 2, "当地": 3, "时间": 4, "20日": 2, "至今": 2, "显示": 1, "务实": 1, "立场": 1, "证明": 1, "思科": 1, "科技": 4, "北约": 1, "欧盟": 1, "一视同仁": 1, "O力": 1, "挺": 2, "BAT": 2, "职级": 2, "薪资": 2, "股权": 3, "揭秘": 1, "阿里": 4, "工资": 1, "上涨": 1, "减少": 1, "拼": 1, "分红": 2, "代表": 1, "规则": 1, "互联网": 1, "标杆": 1, "阿里分P": 1, "M": 1, "序列": 1, "16薪": 1, "涨幅": 1, "下降": 1, "；": 4, "腾讯": 3, "14": 1, "团队": 1, "年终奖": 3, "百度": 4, "现金": 1, "最多": 1, "年限": 1, "奖金": 1, "规模": 1, "数据": 2, "来源": 3, "InfoQ": 1, "猎头": 1, "接触": 1, "情况": 1, "整理": 1, "供": 1, "参考": 2, "L": 3, "杂志": 9, "编辑": 2, "英国": 6, "邮寄": 2, "快递": 8, "拒绝": 4, "投递": 3, "电脑": 2, "22日": 1, "报道": 1, "记者": 1, "告知": 1, "P30": 2, "纽约": 1, "办公室": 1, "邮包": 1, "标签": 1, "注明": 1, "理由": 1, "政府": 4, "之间": 2, "一个": 5, "送回": 1, "发件人": 1, "分析": 1, "主管": 1, "萨沙塞根": 1, "社交": 2, "媒体": 2, "指责": 1, "事件": 3, "荒谬": 1, "发言人": 1, "戴利": 1, "回应": 2, "拒收": 1, "行政": 1, "命令": 1, "提及": 1, "实体": 1, "清单": 1, "误解": 2, "O": 3, "妹子": 1, "一心": 1, "进店": 1, "忽悠": 1, "vivoS1": 2, "销售": 1, "人员": 1, "配置": 1, "最终": 1, "2880": 1, "元": 1, "肥皂vlog​": 1, "力挺": 1, "该国": 1, "并称": 1, "加速": 1, "推进": 1, "5G": 1, "网络": 2, "建设": 1, "首次": 1, "表态": 1, "此前": 1, "高官力": 1, "4月": 1, "财政": 1, "米哈伊": 1, "视为": 1, "IT": 3, "战略": 1, "伙伴": 1, "对待": 1, "件": 1, "好样": 1, "送往": 1, "文件": 1, "情绪": 1, "灵感": 2, "原点": 1, "感官": 1, "花园": 1, "激发": 1, "90": 1, "秒": 1, "看完": 1, "新品": 1, "发布会": 1, "精彩": 2, "戳": 1, "L华": 1, "终端": 1, "官方": 1, "林志玲": 1, "支": 1, "招儿": 1, "老公": 1, "期": 2, "快乐": 1, "大本营": 1, "穿": 1, "唐装": 1, "霓虹": 1, "口音": 1, "泥号": 1, "师": 1, "黑泽": 1, "名字": 1, "林泽明": 1, "主持人": 1, "趁机": 1, "解释": 1, "入赘": 1, "傻笑": 1, "即可": 1, "夸": 1, "菜": 1, "好吃": 1, "日本": 1, "西瓜": 2, "贵": 1, "吃": 4, "接通": 1, "告": 1, "第一": 2, "勺子": 1, "舀": 1, "重点": 1, "表演": 1, "臭豆腐": 1, "背唐诗": 1, "英文": 1, "发音": 1, "尽量": 1, "滑稽": 1, "合唱": 1, "中国人": 1, "10年": 1, "美IT": 1, "寄": 2, "知名": 1, "PCMagazine": 1, "首席": 1, "分析师": 1, "塞根": 1, "SaschaSegan": 1, "发推": 1, "伦敦": 1, "寄往": 1, "退回": 2, "包裹": 1, "写": 1, "O美IT": 1, "投递​": 1, "拆分": 2, "出售": 2, "业务": 3, "投入": 2, "主战场": 2, "创始人": 1, "CEO": 1, "学者": 1, "未来": 1, "​​": 2, "大规模": 1, "裁员": 1, "整合会": 1, "L老板": 1, "国产": 2, "肯定": 1, "都": 3, "赞美": 1, "声": 1, "喷子": 1, "L笑": 1, "拔": 1, "胸毛": 1, "50": 1, "倍": 1, "变焦": 1, "拍": 1, "星星": 1, "感受": 1, "晚": 1, "十点钟": 1, "回想": 1, "当年": 1, "正确": 1, "企业家们": 1, "浮躁": 1, "或许": 1, "国家": 1, "。。。": 1, "杂谈": 1, "": 1, "德云社": 2, "全家福": 1, "壁纸": 1, "宗": 1, "潇洒": 1, "美": 1, "少年": 5, "举饮流": 1, "殇望": 1, "青天": 1, "皎": 1, "玉树临风": 1, "手": 1, "日月摘星辰": 1, "纸扇": 1, "柳儿": 1, "唱": 1, "回敬": 1, "德云百万": 1, "缘": 1, "图1": 1, ".": 6, "OPPO": 2, "/": 2, "vivo": 2, "8P图": 1, "3": 3, "xsMax": 1, "4.": 2, "8": 2, "5.": 2, "小米": 3, "6": 1, "ipad": 1, "型号": 2, "建议": 1, "保存": 1, "XsMax": 1, "图片": 2, "抱图": 1, "音儿": 1, "～": 1, "❌": 1, "商用": 1, "自用": 1, "随意": 1, "素材": 1, "官微": 1, "罗永浩": 1, "成功": 3, "在于": 2, "吃掉": 1, "三星": 1, "高端": 1, "用户": 1, "渠道": 1, "一家": 1, "厂商": 1, "产品": 1, "同意": 1, "想到": 1, "打击面": 1, "宽": 1, "阻挠": 1, "L中报": 1, "待遇": 1, "很": 3, "关键": 1, "付出": 1, "回报": 1, "钱": 2, "企业": 1, "食堂": 1, "不错": 1, "易": 1, "烊千玺": 1, "易烊": 4, "千": 5, "玺": 3, "世间": 1, "当如": 1, "千玺华": 1, "nova": 2, "全球": 3, "代言人": 9, "最初": 1, "心陪": 1, "走": 1, "远": 1, "路": 1, "善变": 1, "人间": 1, "看一看": 1, "永远": 1, "——————————————————————————": 1, "27日": 1, "周四": 1, "上映": 1, "————————————————————————": 2, "——": 2, "六20:00": 1, "街舞": 1, "优酷": 1, "独播": 1, "不见不散": 1, "TFBOYS": 1, "千玺K": 2, "舒适": 1, "圈K": 1, "Don'tTieMeDown-TFBOYS": 1, "亲爱": 1, "K": 1, "恒温": 1, "动物": 1, "米奇": 5, "比心": 13, "]华": 1, "依云": 1, "品牌": 3, "[米奇": 5, "天猫": 1, "喜马拉雅APP": 1, "首位": 2, "AdidasNeo百": 1, "草味": 1, "优益": 1, "C康": 1, "师傅": 1, "绿茶": 1, "最佳": 1, "长安": 1, "十二": 1, "时辰": 1, "艳势": 1, "番": 1, "丹麦": 1, "旅游": 1, "形象": 1, "四": 2, "弟弟": 2, "sz[米奇": 1, "李泌": 1, "阿易": 1, "队长": 1, "幻乐": 1, "城": 1, "舞台": 1, "王者": 1, "一心一意": 1, "烊": 2, "纸": 1, "鹤[": 1, "粉丝": 1, "野兽派": 1, "王子": 1, "玫瑰": 1, "沙宣": 1, "梨涡": 1, "大佬": 1, "BottegaVeneta亚": 1, "区": 1, "高奢[米奇": 2, "]纪": 1, "梵希": 1, "中国区": 1, "美妆": 1, "心]": 1, "APP": 1, "超级": 1, "新生代": 1, "中戏": 1, "双料": 1, "烊千": 1, "玺帅": 1, "qzhznjj[米奇": 1, "雕塑": 1, "千禧": 1, "龙": 1, "金牌": 1, "经理": 1, "人大": 1, "冰小": 1, "抄袭": 5, "恐怕": 1, "复制": 1, "粘贴": 1, "才能": 1, "算": 1, "水军": 2, "确实": 1, "强大": 1, "公关": 1, "带": 1, "节奏": 1, "删帖": 1, "完事": 1, "三": 1, "热": 1, "搜挂": 1, "明明白白": 1, "喷": 1, "狗血淋头": 1, "撤热": 1, "搜删": 1, "帖子": 1, "掩耳盗铃": 1, "粉": 1, "小事": 1, "第1106": 1, "墨": 1, "香伴": 1, "读书": 1, "持续": 1, "发酵": 1, "接受": 1, "央视": 1, "采访": 1, "热点": 1, "告诉": 1, "信心": 1, "决心": 1, "大国": 1, "抵制": 1, "前所未有": 1, "畏惧": 1, "自卑": 1, "自大": 1, "做好": 1, "面临": 1, "挑战": 1, "努力": 1, "渡": 1, "铁骨铮铮": 1, "精神": 1, "当下": 1, "学习": 1, "苦难": 1, "英雄": 1, "语录": 1, "分享": 1, "转发": 1, "+": 2, "关注": 1, "抽赠": 1, "5": 1, "~": 1, "截止": 1, "2019年": 1, "29日": 1, "O抽奖": 1, "详情": 1, "级别": 1, "薪酬": 1, "工作": 1, "事儿": 1, "恶魔": 1, "奶爸": 1, "Sam": 1, "1.": 1, "大学": 1, "应届": 1, "生入": 1, "P5-P6": 1, "40万": 1, "年薪": 1, "届生": 1, "竞争力": 1, "一般来说": 1, "阿里P7": 1, "T3-2-3": 1, "T7": 1, "分水岭": 1, "步入": 1, "百万": 1, "身价": 1, "起点": 1, "阿里P9": 1, "总包": 1, "接近": 1, "千万": 1, "计算": 1, "仅仅": 1, "保守": 1, "16": 1, "薪": 2, "13": 1, "平均": 1, "绩效": 1, "3-20": 1, "大有人在": 1, "来源于": 1, "八九不离十": 1, "乐": 2, "找找": 1, "差距": 1, "思考": 1, "晋升": 1, "体现": 1, "客户": 1, "价值": 1, "网页": 1, "链接": 1}