{"独特": 2, "敏锐": 1, "视野": 1, "探索": 1, "世界": 5, "精彩": 3, "无限": 2, "放大": 1, "女神们": 1, "节日": 1, "快乐": 1, "！": 8, "期待": 2, "3月": 7, "26日": 2, "法国": 1, "巴黎": 1, "华为": 68, "P30": 2, "RewriteThe": 1, "Rules": 1, "#​": 1, "抄底": 1, "诉讼": 10, "妙棋": 1, "轮值": 2, "董事长": 2, "郭平": 2, "美国": 66, "总部": 2, "所在地": 2, "德克萨斯": 3, "东区": 3, "联邦": 7, "地区": 3, "法院": 5, "提起": 3, "指控": 4, "2019": 7, "财年": 3, "国防": 5, "授权法": 3, "NDAA": 4, "第889": 7, "条": 7, "违反": 5, "宪法": 7, "聘请": 3, "七": 1, "律师团": 3, "首席": 2, "律师": 8, "、": 18, "众达": 1, "事务所": 1, "合伙人": 1, "GlenNager": 1, "：": 24, "技术": 6, "有限公司": 1, "子公司": 1, "有限": 1, "公司": 2, "起诉": 28, "政府": 50, "合宪性": 1, "审查": 4, "此次": 2, "基于": 1, "三": 5, "相关": 12, "剥夺": 4, "公权": 2, "法案": 4, "BillofAttainder": 2, "条款": 9, "正当": 12, "法律": 20, "程序": 6, "授权": 2, "权": 2, "分立": 2, "原则": 1, "禁止": 4, "带有": 1, "选择性": 1, "惩罚性": 1, "起诉书": 3, "禁止性": 1, "一家": 2, "实体": 3, "签署": 1, "合同": 1, "接受": 2, "贷款": 1, "资助": 1, "提供": 3, "特定": 9, "产品": 3, "生命": 1, "自由": 2, "财产": 1, "行使": 1, "遵循": 1, "规则": 4, "前提": 1, "依法": 1, "才": 1, "合乎": 1, "针对": 9, "销售": 2, "设备": 2, "暗指": 1, "受制于": 1, "中国": 36, "影响": 3, "风险": 2, "这是": 7, "污蔑": 1, "肯定": 1, "态度": 1, "反守": 1, "攻": 1, "国际": 2, "经营": 2, "司法": 14, "救济性": 1, "恢复": 1, "违法": 3, "待定": 2, "究竟": 1, "触犯": 1, "制裁": 2, "伊朗": 1, "法令": 1, "美": 5, "协定": 1, "交由": 1, "摆脱": 1, "企业": 31, "一味": 1, "挨打": 1, "查": 2, "被动": 1, "局面": 1, "利用": 2, "制度": 2, "行政权": 1, "的确": 1, "定力": 1, "司法权": 2, "才能": 2, "生效": 3, "行政": 1, "机构": 2, "判决": 1, "过程": 1, "漫长": 2, "时间差": 1, "优势": 1, "拖上": 1, "被告席": 1, "陷入": 1, "之中": 1, "总统": 2, "官员": 1, "表态": 1, "发言": 1, "约束": 1, "后果": 1, "四": 1, "独立": 1, "至上": 1, "设计": 4, "服从于": 1, "服从": 1, "实行": 1, "亊人主义": 1, "委托人": 1, "利益": 2, "优先": 1, "辩护": 1, "毫无": 1, "顾忌": 1, "尽心尽责": 1, "履行": 1, "职责": 7, "社会": 1, "视为": 1, "背叛": 2, "国家": 7, "相反会": 1, "维护": 18, "价值观": 1, "法治": 1, "力量": 2, "支撑": 1, "五": 1, "国": 2, "贸易战": 1, "政治性": 2, "事件": 5, "层面": 1, "商务": 1, "外交": 5, "交锋": 2, "一个": 13, "解脱": 1, "六": 1, "围魏救赵": 1, "抄": 1, "加拿大": 4, "引渡": 3, "财务官": 1, "刑亊": 2, "调查": 2, "案件": 10, "歧视性": 1, "判定": 1, "孟晚舟": 9, "很": 6, "难": 2, "成立": 1, "导致": 1, "撤销": 2, "匆于": 1, "法兰克福": 1, "机场": 1, "飞": 1, "马德里": 1, "飞机": 2, "O华为": 1, "7": 1, "发布会": 10, "趁机": 3, "广告": 7, "7日": 5, "新闻": 7, "正式": 4, "场合": 3, "华为人": 3, "忘": 4, "新产": 3, "折叠屏": 8, "手机": 16, "MateX": 6, "亮": 3, "严肃": 2, "秒变": 2, "大片": 2, "......": 1, "都": 14, "销售界": 1, "人才": 1, "@": 10, "微丢": 1, "秒拍": 7, "L微丢": 1, "视频": 10, "​": 15, "观察者": 1, "网": 1, "O": 2, "现场": 1, "新折": 1, "叠屏": 2, "L微": 2, "丢": 2, "全国": 2, "两会": 8, "部长": 3, "王毅": 18, "回应": 5, "支持": 15, "武器": 12, "维权": 2, "不当": 14, "沉默": 14, "羔羊": 13, "秉持": 6, "客观": 6, "公正": 6, "立场": 6, "不难": 6, "单纯": 8, "蓄意": 11, "政治": 11, "打压": 11, "对此": 5, "措施": 6, "公民": 6, "合法": 7, "权益": 17, "义不容辞": 6, "拿起": 10, "拍摄": 1, "/": 1, "环球网": 1, "胜男": 1, "环球": 1, "时报": 1, "缺": 1, "二视": 1, "频组": 1, "视": 1, "频L": 1, "王": 2, "毅谈": 4, "案": 6, "记者会": 2, "L环球网": 1, "发现": 3, "未曾": 1, "细节": 1, "敬请": 1, "公道": 4, "自在": 4, "人心": 4, "正义": 4, "终将": 4, "到来": 4, "不仅仅": 2, "民族": 2, "发展": 5, "权利": 4, "希望": 4, "提高": 2, "科技": 2, "水平": 2, "应有": 2, "各方": 2, "遵守": 2, "摒弃": 2, "偏见": 2, "各国": 4, "营造": 2, "公平": 2, "竞争": 2, "市场": 3, "环境": 4, "人士": 3, "可靠": 2, "交往": 2, "谢谢": 2, "青关注": 2, "L": 2, "央视": 2, "外交部": 2, "回答": 3, "香港": 1, "记者": 5, "提问": 3, "人生": 2, "无数": 1, "选择": 3, "拒绝": 1, "风光": 1, "诱惑": 1, "放弃": 1, "安逸": 1, "稳定": 1, "唯独": 1, "单调": 1, "乏味": 1, "通信": 1, "领域": 1, "拼搏": 1, "奋斗": 1, "自我": 1, "挑战": 1, "步履艰辛": 1, "柔软": 1, "内敛": 1, "坚韧": 1, "干练": 1, "胆识": 1, "过人": 1, "从容": 1, "笑对": 1, "宝贝": 1, "想要": 1, "女生": 1, "感谢": 1, "O了不起": 1, "政法君": 1, "标题": 1, "短": 1, "——": 1, "提气": 2, "上午": 1, "国务委员": 2, "兼": 2, "外交部长": 2, "政策": 2, "对外": 2, "关系": 4, "中外": 2, "右手": 1, "握拳": 1, "上扬": 1, "一大": 1, "波": 1, "霸气": 1, "金句": 1, "来袭": 1, "收藏": 1, "转发": 4, "重温": 1, "时刻": 1, "EMUI": 4, "9.0": 2, "智慧": 1, "语音": 2, "小艺": 1, "升级": 1, "礼": 1, "9": 1, "助手": 1, "配": 1, "灵动": 1, "形象": 1, "强大": 1, "语义": 1, "理解": 1, "能力": 1, "声音": 1, "连接": 1, "数字": 1, "贴身": 1, "秘书": 1, "机票": 1, "放": 1, "歌曲": 1, "发": 1, "微信": 1, "打电话": 1, "……": 2, "关注": 2, "+": 6, "抽": 2, "送": 1, "Mate20": 1, "6": 1, "GB": 1, "128GB": 1, "抽奖": 3, "平台": 3, "阵容": 2, "曝光": 2, "大所": 3, "1": 3, "精品": 3, "强所": 2, "团队": 1, "包括": 1, "O华": 2, "谈华": 1, "控告": 4, "O王": 2, "羔": 1, "羊L": 1, "挺服": 1, "宣传": 3, "MateX折": 1, "广告​": 1, "#1": 1, ".": 3, "低调": 2, "采访": 1, "内部": 2, "谈话": 1, "外放": 1, "卖": 2, "风格": 1, "看上去": 1, "吹牛": 1, "办到": 1, "高调": 1, "办法": 1, "狠": 1, "搞": 1, "生意": 1, "伙伴": 1, "信心": 1, "很多": 2, "讽刺": 1, "棱镜": 1, "计划": 1, "3": 1, "效应": 1, "爆": 1, "1月": 1, "销量": 1, "暴增": 1, "46%": 1, "苹果": 1, "跌": 1, "28%": 1, "危机": 2, "机会": 2, "应对": 1, "心态": 1, "4.": 1, "研发": 1, "公布": 1, "长远": 1, "确实": 1, "动摇": 1, "霸权": 1, "请": 1, "专家": 1, "XX": 1, "搞定": 1, "没法": 1, "看好": 1, "？？": 1, "感觉": 1, "！！！​": 1, "青年报": 2, "·": 1, "中青在线": 1, "青年网": 1, "见习": 1, "李": 1, "雪静": 1, "制作": 1, "李茜": 1, "青年": 1, "凤凰": 1, "卫视": 1, "提到": 1, "昨天": 2, "进展": 1, "延后": 1, "聆讯": 1, "娴熟": 1, "动作": 1, "想必": 1, "～": 1, "E起悦": 2, "活悦": 2, "美丽": 3, "努力": 4, "盼望": 1, "有朝一日": 1, "乘坐": 1, "凯哥家": 1, "遨游": 1, "蓝天": 1, "漫步": 1, "云端": 1, "~": 3, "随手": 1, "粉": 1, "奥凯": 1, "航空": 1, "转评": 1, "本条": 1, "旅行": 1, "付出": 2, "3.18日": 1, "凯哥": 1, "抽送": 1, "畅享": 2, "8e": 2, "台": 2, "背后": 2, "告赢": 2, "并非": 2, "第一": 1, "吃": 1, "螃蟹者": 1, "胜利": 1, "件": 1, "资料": 1, "显示": 2, "推特": 1, "微软": 1, "罗尔斯": 1, "三一": 1, "集团": 1, "均": 1, "据理力争": 1, "反击": 1, "百果园": 1, "果粉们": 1, "聊聊": 1, "可爱": 1, "果粉": 1, "送华": 1, "专访": 3, "沃顿": 4, "商学院": 4, "院长": 3, "创新": 2, "驱动型": 2, "经济体": 2, "新浪": 1, "财经": 1, "第53": 1, "届": 1, "全球": 2, "论坛": 1, "GeoffreyGarrett": 1, "着眼": 1, "5G": 1, "未来": 2, "本土": 1, "禁售": 1, "依然": 1, "供应商": 1, "谈及": 1, "经济": 2, "衰退": 1, "可能性": 1, "发生": 1, "2008年": 1, "专利": 6, "暗示": 1, "中兴": 8, "推出": 3, "翻盖式": 2, "智能": 2, "三星": 1, "GalaxyFold": 1, "发布": 2, "引发": 1, "反响": 1, "国内": 1, "知名": 1, "通讯": 1, "终端": 2, "厂商": 2, "不甘落后": 1, "近日": 1, "LetsGoDigital": 1, "提交": 2, "项": 1, "示意图": 1, "据悉": 1, "2018年": 1, "4月": 1, "知识": 1, "产权局": 1, "2019年": 1, "5日": 1, "审批": 1, "类似": 2, "传统": 1, "翻盖": 1, "折叠": 2, "块": 1, "屏幕": 4, "贴合": 1, "该机": 1, "中轴": 1, "大小": 1, "底部": 2, "一块": 1, "露出": 1, "估计": 2, "多余": 1, "推送": 1, "通知": 1, "时间": 1, "信息": 1, "机身": 3, "背部": 1, "配备": 1, "摄模组": 1, "LED": 1, "闪光灯": 1, "连接器": 1, "位于": 1, "右侧": 1, "分布": 1, "音量": 1, "键": 1, "电源键": 1, "此前": 1, "申请": 1, "或许": 1, "市面": 1, "柔性": 1, "屏": 1, "说不定": 1, "盘": 1, "听": 1, "核": 1, "印": 1, "巴": 1, "局势": 1, "小时": 1, "21": 1, "H5": 1, "梳理": 1, "干货": 1, "戳": 1, "链接": 2, "O网页": 1, "满满": 1, "知识点": 1, "同学": 1, "眼睛": 1, "老师": 1, "敲": 1, "黑板": 1, "学习": 1, "新华网": 1, "胜算": 1, "几何": 1, "4日": 1, "涉及": 1, "L新浪": 1, "理财师": 1, "内涵": 1, "参与": 1, "名": 1, "展示": 1, "连友商": 1, "不得不": 1, "承认": 1, "波花式": 1, "新机": 1, "手段": 1, "牛": 1, "X​": 1, "胜诉": 1, "案例": 1, "教程": 1, "世人": 1, "见证": 1, "民主": 1, "法制": 1, "北朝": 1, "断然": 1, "小鑫": 1, "政权": 1, "勇气": 1}