{"华为": 63, "折叠屏": 13, "手机": 19, "炒至": 4, "9万": 3, "记者": 3, "黄牛": 4, "市场": 4, "售价": 5, "16999": 6, "元": 13, "MateX5G": 2, "版": 2, "再度": 4, "开卖": 3, "秒": 2, "MateX": 14, "现货": 2, "炒到": 4, "6万": 7, "8万": 2, "买": 9, "​": 15, "易烊": 6, "千": 5, "玺": 5, "封面": 7, "无视": 1, "拘泥": 1, "改变": 1, "拍摄": 2, "时装": 3, "LOFFICIEL": 3, "造型": 7, "公开": 2, "内页": 4, "搭配": 2, "GENTLEMONSTER": 6, "2020NEWFLATBA": 3, "系列": 4, "MYMA": 3, "墨镜": 1, "调和": 1, "面部": 1, "线条": 1, "酷劲": 1, "十足": 1, "青春感": 1, "变换": 1, "牛仔衣": 1, "联名": 3, "款S": 3, "MARTALIO": 3, "褪去": 1, "冷峻": 2, "尽显斯": 1, "文": 1, "四": 2, "字": 2, "弟弟": 2, "真的": 3, "很": 4, "！": 14, "高考": 3, "失利": 3, "消沉": 2, "浙大": 2, "学霸": 2, "读研": 2, "发表": 3, "13": 3, "篇": 4, "SCI": 3, "论文": 4, "总共": 5, "第一": 3, "作者": 1, "5": 1, "；": 10, "申请": 1, "3": 2, "项": 3, "中国": 11, "发明": 2, "专利": 2, "国际": 1, "参加": 1, "中央": 2, "硬件": 2, "工程院": 1, "实习": 1, "获评": 1, "优秀": 1, "实习生": 1, "斩获": 1, "竺可桢": 1, "奖学金": 1, "浙江": 2, "大学": 3, "高分子": 2, "科学": 1, "工程学": 1, "材料": 2, "专业": 4, "2017": 1, "硕士生": 1, "——": 1, "小梅": 3, "家人": 1, "劝说": 1, "选择": 2, "就业": 1, "最终": 1, "湖南": 1, "化学": 1, "录取": 1, "热爱": 2, "数学": 3, "擦肩而过": 1, "小学": 1, "初中": 1, "高中": 1, "强项": 1, "花": 2, "很多": 2, "心思": 1, "就要": 1, "奋斗": 1, "到底": 1, "微信": 1, "公号O": 1, "女": 1, "读": 1, "研": 1, "18日": 2, "上午": 1, "10时": 1, "08分": 1, "阿飞": 1, "化名": 1, "：": 15, "外挂": 1, "都": 15, "抢": 1, "12万": 1, "简直": 1, "太": 1, "疯狂": 1, "(": 2, "三星": 2, "GalaxyFold": 1, ")": 2, "O华": 2, "上线": 1, "秒光": 1, "炒": 6, "@": 2, "TFBOYS": 1, "三": 3, "杂志": 1, "展现": 2, "风格": 2, "眼镜": 1, "杀": 1, "佩戴": 4, "演绎": 1, "冷酷": 1, "画风": 1, "表现": 2, "少年": 2, "儒雅": 1, "诠释": 2, "精彩": 1, "蜕变": 1, "旅": 1, "惊喜": 1, "nova": 1, "星球": 1, "公告": 2, "成员": 1, "nova6": 3, "5G": 5, "自拍": 1, "朋友": 2, "框": 1, "L华": 3, "终端": 10, "官方": 2, "视频": 12, "任正非": 11, "谈华": 5, "十一": 8, "供应链": 11, "拒绝": 4, "降价": 8, "1千万": 4, "台": 8, "卖": 6, "近日": 4, "心声": 4, "社区": 4, "发布": 6, "11月": 6, "6日": 4, "德国": 5, "媒体": 4, "圆桌": 4, "纪要": 4, "供不应求": 4, "动员": 5, "客户": 11, "供应": 5, "外国": 5, "建议": 5, "公司": 9, "赚": 4, "钱": 7, "同意": 4, "答应": 4, "1000万": 4, "交": 4, "货": 4, "老板": 5, "联播L": 1, "联播": 4, "雾": 1, "九九": 1, "": 2, "设计": 1, "美学": 1, "主题": 2, "·": 2, "｜": 1, "半日": 1, "闲｜": 1, "5.0-9.1·唯有": 1, "抵": 1, "岁月": 1, "漫长": 1, "感谢": 2, "陪伴": 1, "/": 2, "搞机": 1, "零距离": 1, "MateX折": 1, "叠屏": 2, "体验": 4, "翻折": 1, "世界": 1, "爽": 1, "跳票": 1, "一万七": 1, "机": 1, "难": 1, "元素": 1, "组合": 1, "2019年": 2, "场": 1, "年度": 1, "大戏": 1, "关注": 2, "终于": 1, "这不": 1, "款": 4, "完美": 1, "缺点": 3, "独特": 1, "平板": 1, "之间": 1, "自由": 2, "切换": 2, "屏幕": 1, "比例": 1, "大小": 1, "带来": 2, "视觉": 1, "效果": 2, "有趣": 1, "L钟文泽": 2, "O抽奖": 1, "详情": 1, "金灿荣": 2, "香港": 3, "演讲": 1, "完整版": 1, "美国": 17, "趴下": 1, "五": 2, "老二": 1, "国家": 2, "一个": 4, "优点": 1, "发起": 1, "贸易战": 1, "、": 8, "封杀": 1, "干涉": 1, "事务": 1, "皆": 1, "遏制": 1, "发展": 1, "以此": 1, "保住": 1, "长期": 1, "领域": 1, "综合": 5, "国力": 1, "霸主": 1, "地位": 1, "L百姓": 1, "视野": 2, "早读": 1, "新京报": 2, "A02": 1, "度": 1, "负增长": 1, "暴力": 1, "毁": 1, "A06": 1, "猪肉": 1, "批发": 1, "均价": 1, "半月": 1, "降": 1, "2成": 1, "A08": 1, "专访": 1, "汪来": 1, "抗癌": 1, "药泽布替尼": 1, "出海": 1, "制药": 1, "A11": 1, "快舟": 1, "号": 1, "发射": 1, "颗": 1, "全球": 1, "多媒体": 1, "卫星": 1, "B01": 1, "扇贝": 1, "传奇": 1, "拯救": 1, "獐子": 1, "岛": 1, "B03": 1, "明年": 3, "爆发": 3, "O2019年": 1, "星期一": 1, "产品": 6, "特长": 1, "重视": 1, "维度": 1, "力图": 1, "全方位": 1, "优质": 2, "智慧": 1, "生活": 1, "智能": 3, "质量": 1, "报告": 1, "Mate30": 2, "能力": 2, "测评": 1, "名": 1, "五星级": 2, "评价": 2, "智慧屏": 1, "朋友们": 1, "认可": 1, "鼓励": 1, "未来": 1, "努力": 1, "带给": 1, "折叠": 2, "屏": 1, "正式": 1, "开售": 1, "引来": 1, "波": 1, "炒作": 1, "17日": 1, "原本": 1, "二手": 2, "交易": 1, "平台": 1, "4万": 1, "不等": 1, "官网": 1, "高出": 1, "倍": 1, "有余": 1, "用户": 1, "一万": 1, "两万": 1, "求购": 1, "出货量": 1, "稀缺": 1, "折": 1, "L虎扑": 1, "步行街": 1, "惧": 1, "忽远": 1, "忽近": 1, "拍": 1, "美": 3, "L": 3, "十二月": 1, "刊": 1, "千玺": 1, "尽显": 1, "不拘一格": 1, "眉宇": 1, "斯文": 1, "多重": 1, "滴": 1, "剩": 1, "五六万": 1, "金融": 1, "营销": 1, "手段": 1, "操盘": 1, "过度": 2, "消费": 3, "牛": 1, "承认": 1, "喜欢": 1, "也许": 1, "对错": 1, "基于": 4, "立场": 1, "言论": 1, "实在": 1, "苟同": 2, "O": 1, "11": 1, "即将": 1, "nova星": 1, "见面": 1, "12月": 1, "5日": 1, "发布会": 1, "武汉": 1, "​​​": 1, "传": 1, "美方": 4, "延期": 1, "二级": 1, "夸大": 1, "消息": 2, "回归": 1, "实体": 1, "客观": 1, "禁": 3, "中兴": 3, "禁掉": 2, "东西": 1, "渠道": 3, "卖给": 1, "沙盘": 1, "推演": 1, "不难": 1, "发现": 1, "打击": 1, "电信": 1, "运营商": 1, "受损": 2, "想": 2, "喷": 1, "翻": 2, "第二": 1, "企业": 9, "第三": 1, "忌惮": 1, "封": 1, "死": 1, "活": 1, "等于": 1, "踢出": 1, "向上": 1, "游走": 1, "利益": 2, "保障": 1, "简单": 1, "本土": 1, "基本卡": 1, "脖子": 1, "地方": 1, "都会": 1, "突破": 1, "oneworldt": 1, "wosystem": 1, "全球化": 1, "好事": 1, "做好": 1, "化": 1, "不禁": 1, "供应商": 1, "为难": 1, "政府": 1, "当年": 1, "军队": 1, "技术员": 1, "实物": 1, "图纸": 1, "搞": 2, "研发": 1, "大概": 1, "兵来将挡水来土掩": 1, "严肃": 1, "常年": 1, "海狗": 4, "扣": 1, "花黑": 1, "帽子": 1, "吹": 1, "眼瞎": 1, "科技": 4, "捞钱": 1, "爱": 3, "主子": 1, "衷心": 1, "稍微": 1, "一点": 2, "狂": 1, "咬": 2, "招黑": 1, "哥": 1, "真金": 1, "白银": 1, "掏钱": 1, "支持": 3, "别人": 1, "养": 1, "狗": 1, "实话": 1, "有时候": 1, "冤枉": 1, "晒": 2, "订单": 1, "发票": 1, "身上": 1, "特么": 1, "才": 2, "网友": 1, "投稿": 1, "快递员": 1, "见到": 1, "截留": 1, "赔": 1, "29999": 2, "玩": 1, "吃": 1, "鸡": 1, "横向": 1, "纵向": 1, "翻倍": 1, "好像": 1, "角色": 1, "脚": 1, "L钟": 1, "文泽": 1, "金鸡": 1, "百花": 1, "电影": 1, "展映": 1, "片子": 1, "料": 1, "上周五": 1, "情绪性": 1, "跌": 1, "周末": 3, "坏": 1, "以往": 2, "博弈": 2, "逻辑": 1, "孕育": 1, "反弹": 2, "上周": 1, "ETF": 1, "买入量": 1, "印证": 1, "处在": 1, "调股": 1, "换仓": 1, "阶段": 1, "减持": 1, "稳健": 1, "调低": 1, "预期": 2, "结构性": 1, "机会": 3, "肯定": 1, "情绪": 3, "聚焦度": 2, "电子链": 1, "X": 1, "价格": 1, "确实": 1, "说法": 2, "国人": 1, "小米": 1, "摩托罗拉": 1, "翻盖": 1, "量产": 1, "趋势": 3, "可穿戴": 1, "放量": 1, "FPC": 1, "PC": 1, "B": 1, "区别": 1, "混为一谈": 1, "细节性": 1, "工艺": 1, "诸如": 1, "铰链": 1, "填充": 1, "实质性": 1, "业绩": 2, "关键": 2, "股价": 1, "找到": 1, "介入": 1, "国改": 4, "方向": 2, "动作": 1, "频频": 1, "股权": 2, "转让": 1, "资金": 4, "角度": 1, "毕竟": 1, "票": 1, "推": 1, "多年": 1, "2014年": 2, "国资": 2, "帮扶": 1, "民营": 1, "行业": 1, "产业": 1, "政策": 1, "资产": 1, "卖壳": 1, "思路": 1, "段": 1, "时间": 1, "例子": 1, "飞机": 1, "整合": 1, "沈机": 1, "十八亿": 1, "一半": 3, "项目": 1, "旧账": 1, "年末": 1, "扎堆": 1, "品种": 1, "年报": 1, "影响": 1, "脱离": 1, "财报": 1, "估值": 1, "看一看": 1, "那种": 1, "老": 1, "玻璃": 1, "什么的": 1, "想象": 1, "空间": 1, "新股": 1, "浙商": 1, "据说": 1, "意见": 1, "早点": 1, "破发": 1, "早": 1, "科创板": 2, "迎来": 1, "金山": 2, "办公": 1, "考验": 1, "盘子": 1, "头条": 1, "文章": 1, "先手": 2, "王": 3, "财经": 1, "每日": 1, "必读": 1, "赚钱": 2, "季": 1, "周一": 1, "OLED": 1, "+": 2, "区块链": 1, "券商": 1, "企稳": 1, "穿戴": 1, "分化": 1, "主板": 1, "缩量": 1, "明日": 4, "预设": 1, "冲高": 1, "回落": 1, "观察": 2, "成交量": 1, "放大": 1, "强势": 1, "股": 2, "接力": 2, "亏": 1, "效应": 2, "减缓": 1, "鼎龙": 1, "文化": 1, "香山": 1, "股份": 1, "标杆": 1, "空间板": 1, "高度": 1, "3板": 1, "首板": 1, "数量": 1, "增加": 1, "早盘": 1, "着急": 1, "追高": 1, "存量": 1, "锁仓": 1, "意愿": 1, "低": 3, "走势": 1, "不及": 1, "标的": 1, "逢高止盈": 1, "优": 1, "策略": 1, "盘中": 1, "回踩": 1, "吸": 1, "主线": 1, "板块": 4, "人气股": 2, "超跌": 2, "轮动": 1, "吸富": 1, "一生": 1, "反复": 1, "活跃": 2, "迹象": 1, "重点": 1, "软件": 1, "沃尔德": 1, "瀚川": 1, "华熙": 1, "生物": 2, "安恒": 1, "信息": 1, "乐鑫": 1, "微芯": 1, "耐心": 1, "恢复": 1, "内": 1, "前期": 1, "不错": 1, "套利": 1, "Ps:2870": 1, "大于": 1, "风险": 1, "O先手": 1, "这是": 1, "通知": 1, "顺丰": 1, "快递": 1, "小哥": 1, "赔钱": 1, "截停": 1, "MateＸ": 1, "疯": 1, "电子书": 5, "尤其是": 1, "带": 1, "图片": 1, "环节": 1, "本身": 1, "便携": 1, "形态": 1, "打开": 1, "配合": 1, "插图": 1, "东芝": 7, "泄密": 1, "导致": 3, "优势": 1, "历来": 1, "日本": 6, "私下": 1, "向前": 1, "苏联": 8, "销售": 1, "大型": 2, "高科技": 1, "数控": 1, "机床": 6, "制造": 1, "精密": 1, "螺旋桨": 2, "降低": 3, "核潜艇": 3, "噪音": 1, "威胁": 1, "实际上": 1, "监听": 1, "部门": 2, "抱怨": 1, "难以": 1, "跟踪": 1, "潜艇": 1, "踪迹": 1, "发生": 1, "阵营": 1, "海底": 1, "撞艇": 1, "事件": 1, "冷战": 1, "结束": 1, "噪声": 1, "仅仅": 1, "加工": 1, "精度": 1, "提高": 1, "采用": 3, "创新性": 1, "技术": 3, "叶型": 1, "转速": 1, "减震": 1, "浮阀": 1, "覆盖": 1, "新型": 1, "消声瓦": 1, "措施": 1, "秘密": 1, "接触": 1, "联邦": 1, "捷克斯洛伐克": 1, "水平": 1, "拼命": 1, "不行": 1, "抹黑": 2, "战略": 1, "一部分": 1, "出售": 1, "情报": 1, "早就": 1, "故意": 1, "留": 1, "牌": 2, "经济": 1, "高速": 1, "增长": 1, "贸易": 1, "摩擦": 1, "加剧": 1, "时刻": 1, "巨头": 1, "致命": 1, "一击": 1, "从此": 1, "一蹶不振": 1, "退出": 1, "超一流": 1, "震慑": 1, "长臂": 1, "管辖": 1, "畏": 1, "爹": 1, "明知": 1, "硬": 1, "顶个": 1, "大罪": 1, "类似": 1, "明明": 1, "证明": 1, "系统": 1, "套路": 1}