{"5g": 1, "正式": 5, "商用": 3, "常用": 1, "华为": 61, "+": 3, "Oppo": 1, "vivo+": 1, "小米": 1, "智能": 5, "手机": 28, "生产": 3, "广东省": 1, "东莞市": 1, "！": 17, "除去": 1, "知名": 1, "品牌": 2, "全球": 7, "四分之一": 1, "都": 9, "一个": 11, "厂家": 1, "想": 5, "推出": 2, "款": 10, "东莞": 5, "内": 2, "拿出": 2, "样机": 1, "太": 4, "厉害": 1, "完整": 1, "产业链": 1, "量产": 1, "5G": 9, "研发": 1, "基地": 2, "看华": 1, "镇": 1, "中午": 1, "吃": 1, "顿": 1, "饭": 1, "第三": 3, "工业": 6, "革命": 7, "跟踪": 1, "研究": 4, "20多": 1, "年前": 1, "陆续": 1, "出版": 1, "战争": 3, "远": 1, "张召忠": 1, "点评": 1, "军事": 1, "网络": 1, "打赢": 1, "信息化": 2, "三部曲": 1, "学术": 1, "专著": 1, "发展": 5, "分析": 2, "去年底": 1, "格局": 1, ".": 1, "2019": 2, "跨年": 1, "演讲": 2, "预测": 2, "2019年": 3, "第四": 2, "元年": 1, "中国": 20, "率先": 1, "改变": 1, "生活": 1, "思考": 2, "上半年": 1, "杭州": 1, "咪咕": 1, "阅读": 2, "专题": 1, "题目": 1, "走": 1, "十字路口": 2, "错过": 1, "尾随": 1, "处在": 1, "创造": 2, "历史": 1, "很": 5, "弄": 1, "相关": 1, "技术": 2, "调研": 1, "听": 1, "电信": 1, "分公司": 1, "胡": 1, "详细": 1, "介绍": 2, "情况": 5, "随手": 1, "录制": 1, "期": 1, "Vlog": 1, "局座": 1, "带": 2, "小橘子们": 1, "分享": 3, "～L局": 1, "座召忠": 1, "视频": 15, "家味": 4, "赢华": 1, "Mate30": 3, "很多": 2, "理想": 1, "离乡": 1, "漂泊": 1, "学会": 1, "孤独": 1, "相处": 3, "焦虑": 1, "掌控": 1, "未知": 1, "时常": 1, "忽略": 1, "源自于": 1, "力量": 1, "这部": 1, "短片": 5, "感受": 1, "穿心": 1, "「": 1, "」": 1, "治愈": 1, "想念": 2, "馈赠": 1, "团圆": 1, "带话": 1, "题词": 1, "节气": 1, "转发": 1, "本条": 1, "11月": 9, "28日": 1, "抽取": 1, "朋友": 3, "送": 1, "冬天": 1, "冷": 1, "一点暖": 1, "@": 7, "碧桂园": 1, "L头": 1, "条": 1, "新闻": 1, "O抽奖": 1, "详情": 1, "纪录片": 4, "：": 14, "任正非": 19, "90": 5, "年代": 5, "月薪": 5, "曝光": 2, "5千": 1, "22日": 6, "BBC": 7, "拍摄": 4, "记录片": 4, "第二": 12, "DoubleorNothing": 5, "公布": 5, "上世纪": 4, "90年代": 4, "通信": 4, "巨头": 7, "占据": 4, "市场": 16, "选择": 4, "农村": 4, "切入": 4, "成功": 4, "称": 2, "自始至终": 2, "西方": 2, "学习": 7, "优化": 2, "对方": 5, "主动": 5, "请来": 5, "IBM": 5, "专家": 5, "时薪": 5, "680": 5, "美元": 5, "小时": 6, "本人": 6, "才": 5, "5000多": 5, "元": 5, "O网页": 4, "链接": 5, "嘲": 1, "nova": 5, "系列": 2, "代言人": 3, "开屏": 3, "众筹": 1, "买": 1, "真的": 2, "谢谢": 1, "图片": 1, "评论": 1, "鸟姐": 1, "​": 11, "易烊": 6, "千玺": 5, "粉丝": 3, "蔡徐坤": 4, "battle": 2, "宣传照": 1, "表现力": 3, "🉑️": 1, "vivo": 1, "更胜一筹": 1, "王坚": 1, "当选": 1, "工程院": 1, "院士": 2, "众望所归": 1, "腾讯": 1, "发": 1, "贺电": 1, "中科院": 1, "增选": 1, "名单": 1, "世间": 1, "少年": 1, "当如": 1, "TFBOYS": 2, "世界": 2, "交手": 1, "第19": 1, "年头": 1, "千纸鹤": 2, "把手": 1, "抓牢": 1, "~": 2, "音乐": 1, "话题": 1, "圈": 1, "易烊": 1, "升起": 1, "专属": 2, "解锁": 1, "生日": 1, "当天": 1, "超强": 1, "援位": 1, "抱枕": 1, "戳": 1, "→O网": 1, "页链": 1, "接​": 1, "发布": 4, "孤注一掷": 5, "心声": 1, "社区": 1, "纪录": 4, "讲述": 3, "定制化": 2, "、": 9, "走向": 2, "国际化": 2, "经历": 3, "管理": 2, "变革": 2, "海外": 2, "拓展": 2, "开端": 2, "O": 2, "|": 1, "孤注": 1, "掷L": 1, "新浪": 1, "财经": 1, "搞机": 1, "零距离": 1, "MateX": 2, "对比": 3, "三星": 3, "Fold": 2, "一万七": 1, "折叠屏": 5, "优点": 1, "实话": 1, "放": 1, "形态": 3, "上都": 1, "难": 1, "接受": 4, "尽可能": 1, "降低": 1, "缺点": 2, "带来": 2, "影响": 1, "程度": 1, "完善": 1, "体验": 3, "平板": 2, "之间": 2, "切换": 1, "传递": 1, "操作": 2, "显示": 1, "优秀": 2, "足以": 1, "包容": 1, "Razr": 1, "三": 2, "惊喜": 1, "篇章": 1, "本期": 1, "优缺点": 1, "折叠": 2, "L钟": 1, "文泽": 1, "美国": 5, "吓坏": 1, "钱": 2, "补贴": 14, "昨天": 2, "凌晨": 1, "拼": 5, "多多": 5, "亏损": 3, "13亿": 4, "华尔街": 3, "暴跌": 3, "20%": 2, "夜": 2, "蒸发": 1, "700亿": 1, "背后": 5, "拼多多90": 1, "69亿": 2, "发现": 1, "消费者": 1, "苹果": 2, "电脑": 3, "大幅": 2, "农民": 3, "水果": 2, "蔬菜": 2, "狠": 1, "疯狂": 1, "躲": 2, "外国": 4, "代工": 1, "多年": 1, "国产": 4, "卫士": 3, "三禾": 3, "印证": 1, "疯抢": 1, "大牌": 1, "飞利浦": 1, "双立人": 1, "WMF": 1, "出自": 1, "手": 1, "无人问津": 1, "火爆": 1, "第一": 5, "锅": 1, "逆转": 1, "令人振奋": 1, "大山": 2, "农产品": 1, "嫁衣": 2, "EMUI": 2, "系统": 4, "鸿蒙": 3, "化": 2, "嵌入": 2, "自研": 1, "微内": 1, "核": 1, "＋": 3, "分布式": 2, "架构": 2, "EMU10": 1, "更新": 1, "自研微": 1, "内核": 1, "EMUI10": 1, "当中": 1, "OS": 1, "等级": 1, "认证": 1, "配合": 1, "方舟": 1, "编译器": 2, "新增": 1, "支持": 1, "35": 1, "主流": 1, "!": 1, "数码": 1, "#​": 1, "千玺华": 1, "vivo官": 1, "宣图": 1, "题​": 1, "原始": 1, "资本": 1, "积累": 1, "故事": 2, "近日": 1, "日报": 1, "采访": 1, "谈到": 1, "看法": 1, "L": 1, "老板": 2, "联播": 1, "不少": 1, "硬牌": 1, "囫囵": 1, "经济": 2, "惯性": 1, "前行": 1, "意见": 1, "论据": 1, "互联网": 6, "红利": 2, "依然": 1, "强大": 3, "(": 7, "早": 1, ")": 7, "顶且": 1, "秉承": 1, "一贯": 1, "模式": 1, "数据": 2, "说话": 1, "厂商": 1, "出货量": 2, "66%": 1, "增长": 6, "骑": 1, "绝尘": 1, "极少": 1, "有人": 3, "行业": 5, "一家": 2, "公司": 3, "下滑": 2, "到底": 1, "不行": 1, "符合": 1, "常识": 1, "理解": 1, "走下坡路": 1, "一枝独秀": 1, "确实": 1, "承认": 1, "就算": 1, "被动": 1, "去年": 1, "五月": 1, "美": 1, "贸易战": 1, "唯一": 1, "赢家": 1, "aiguo": 1, "生意": 1, "案例": 1, "体现": 1, "事实上": 1, "台数": 1, "*": 2, "下载": 1, "APP数": 1, "在线": 3, "时长": 4, "三者": 1, "乘积": 1, "地区": 1, "空间": 1, "2016年": 1, "见顶": 1, "一路": 1, "快速": 1, "人均": 2, "APP": 2, "下载量": 1, "增速": 1, "越来越": 1, "逼近": 1, "零": 1, "单日": 1, "象征性": 1, "多种": 1, "359.8": 1, "分钟": 1, "意味着": 2, "剔除": 1, "睡觉": 1, "吃饭": 1, "谈": 1, "恋爱": 1, "时间": 2, "刷": 1, "6": 1, "极限": 1, "四": 4, "累积": 1, "活跃": 1, "用户": 3, "规模": 1, "二季度": 1, "净": 2, "减少": 2, "193万": 1, "三季度": 1, "300万": 1, "五": 1, "——": 1, "这是": 1, "脊背": 1, "发凉": 1, "短": 1, "占比": 1, "社交": 1, "资讯": 1, "游戏": 1, "通通": 1, "下降": 1, "六": 1, "容颜易老": 1, "救": 1, "格隆汇": 3, "学堂": 1, "IPO": 1, "5000": 2, "块": 2, "21日": 1, "联播O": 1, "网页": 1, "世面": 1, "阿拉阿华": 1, "爸爸": 1, "小易": 1, "地广": 1, "硬广": 1, "当初": 1, "铺天盖地": 1, "菜": 1, "虚鲲": 1, "羡慕": 1, "好不容易": 1, "舔": 1, "逼脸": 1, "讨来": 1, "一日": 1, "硅": 1, "胶脸": 1, "丑": 1, "适才": 1, "各家": 1, "吐槽": 1, "别人": 2, "眼红": 1, "OK": 1, "女人": 1, "待遇": 1, "难怪": 1, "小人": 1, "得志": 1, "插": 1, "凤凰": 1, "毛": 1, "野鸡": 1, "到处": 1, "咕咕": 1, "day": 1, "感觉": 1, "可怜": 1, "OBBC": 1, "今日": 1, "小雪": 1, "宜": 3, "保暖": 1, "补": 1, "期待": 1, "天后": 1, "荣耀": 1, "V30": 1, "智慧": 1, "场景": 1, "发布会": 1, "美媒": 2, "探访": 1, "尖端": 2, "实验室": 2, "工程师": 2, "正向": 1, "6G": 2, "发力": 2, "展示": 1, "用于": 2, "测试": 1, "设备": 2, "天线": 1, "拥有": 1, "专利": 1, "项目": 1, "透露": 1, "领域": 1, "人民": 1, "盛世": 1, "L小央": 1, "秒拍": 1, "产品": 2, "Windows": 2, "确认": 2, "微软": 4, "出售": 2, "软件": 4, "许可": 2, "21": 1, "世纪": 1, "报道": 1, "记者": 1, "回应": 2, "20日": 1, "美国商务部": 1, "批准": 1, "请求": 1, "同意": 1, "授予": 1, "大众": 1, "出口": 1, "核心": 1, "暂": 1, "未": 1, "许可​": 1, "nova6": 2, "友情": 1, "no界": 2, "L华": 2, "nova65": 1, "Gno界": 1, "限​": 1, "看清": 2, "昨夜": 1, "便宜": 1, "满意": 1, "换来": 2, "5310万": 1, "人和": 1, "75亿": 1, "营收": 1, "5.3亿": 1, "毅然": 1, "停止": 1, "农货": 1, "卖出": 1, "653亿": 1, "只能": 1, "11": 3, "城里人": 1, "第11": 1, "吾儿": 1, "郑渊洁": 1, "兜里": 1, "掏": 1, "一会儿": 2, "撑开": 1, "图象": 1, "清晰": 1, "眼花缭乱": 1, "突飞猛进": 1, "跨跃": 1, "恐怕": 1, "大人物": 1, "拼命": 1, "打压": 1, "份": 1, "功劳": 1, "忘记": 1, "网友": 1, "投稿": 1, "内容": 1, "包含": 1, "广告": 2, "查看": 1, "原版": 1, "小说": 1, "时代": 3, "机遇": 1, "造就": 1, "成长": 2, "天时": 1, "地利": 1, "；": 1, "客户": 2, "伙伴": 1, "宽容": 1, "信任": 1, "给予": 1, "服务": 1, "机会": 1, "请": 1, "BBCStoryWorks": 1, "制作": 1, "1990年代": 1, "同学": 1, "垃圾": 2, "攻击": 1, "对话": 1, "想想": 1, "诞生": 1, "难道": 1, "酷": 1, "2011年": 1, "乔布斯": 1, "台上": 1, "品类": 1, "想到": 1, "合二为一": 1, "翻折": 1, "都会": 1, "感慨": 1, "科技": 3, "飞速": 1, "人类": 1, "文明": 1, "魅力": 1, "贴近": 1, "希望": 1, "放下": 1, "成见": 1, "享受": 1, "乐趣": 1, "—": 1, "动图": 2, "弹": 1, "爱": 1, "放动": 1, "！！！": 2, "绝美": 1, "不许": 1, "藏": 1, "！！！！": 1, "互通有无呦喂": 1, "千玺易烊": 1, "千玺yyqx": 1, "字": 2, "弟弟": 1, "千千": 1, "烊烊": 1, "小烊": 1, "千帅": 1, "可爱": 1, "长安": 1, "十二": 1, "时辰": 1, "烊": 1, "千": 2, "玺": 2, "李": 1, "必华": 1, "天猫": 2, "adidasneo易烊": 1, "XadidasOriginalsXadidasneo": 1, "双线": 1, "代言": 1, "优益": 1, "C百草味": 1, "依云": 1, "喜马拉雅": 1, "中戏": 1, "优酷": 1, "前置": 1, "105": 1, "°超": 1, "广角": 1, "摆脱": 1, "自拍杆": 1, "轻松": 1, "入镜": 1, "～": 1, "朋友圈": 1, "限L": 1}