{"日本": 47, "华为": 82, "中兴": 26, "排除": 23, "采购": 32, "清单": 17, "外交部": 25, "回应": 6, "政府": 46, "网络": 15, "攻击": 7, "、": 37, "确保": 6, "出台": 6, "相关": 7, "媒体": 7, "报道": 13, "称": 12, "日方": 25, "此举": 6, "意在": 6, "配合": 6, "美国": 29, "中国": 64, "企业": 58, "事实上": 10, "名单": 6, "对此": 7, "发言人": 12, "陆慷": 14, "投资": 9, "合作": 18, "本质": 8, "互利": 9, "双赢": 8, "中方": 16, "经营": 16, "发展": 8, "提供": 13, "公平": 12, "透明": 8, "歧视": 16, "环境": 12, "执行": 7, "情况": 6, "关注": 7, "L": 9, "央视": 8, "新闻": 7, "秒拍": 11, "视频": 14, "董事长": 6, "员工": 21, "买": 13, "苹果": 17, "手机": 32, "处罚": 10, "：": 38, "十几": 6, "国产": 8, "希望": 5, "全国": 5, "响应": 3, "12月": 8, "10日": 13, "深圳": 5, "科技": 11, "梦派": 6, "官网": 4, "发文": 3, "声援": 12, "购买": 8, "补贴": 7, "拿到": 3, "出口": 3, "订单": 5, "倍": 3, "公司": 12, "刘": 4, "丹告": 1, "诉梨": 1, "名": 3, "都": 17, "本人": 2, "多年": 2, "据悉": 2, "1/4": 2, "间接": 3, "供应": 3, "关系": 3, "老板": 4, "联播": 3, "中企": 9, "记者": 4, "李宁": 1, "对待": 7, "朝日": 2, "当地": 3, "时间": 3, "首相": 2, "官邸": 1, "府": 3, "省厅": 3, "对策": 1, "负责人": 1, "出席": 1, "会议": 2, "通信": 3, "巨头": 3, "产品": 6, "官房": 2, "长官": 2, "菅义伟": 2, "记者会": 5, "指出": 4, "植入": 2, "窃取": 2, "破坏": 2, "信息": 4, "系统": 2, "停止": 3, "恶意": 2, "功能": 2, "设备": 4, "极其": 2, "指名道姓": 2, "禁止": 2, "隐患": 2, "机器": 2, "在线": 2, "服务": 2, "例行": 4, "此事": 4, "外交": 2, "渠道": 2, "沟通": 2, "活动": 3, "歧视性": 3, "环球": 4, "时报": 3, "三": 3, "缺": 1, "二视": 1, "频组": 1, "@": 3, "视": 1, "频L": 1, "刘丹": 2, "告诉": 1, "梨视频": 1, "联播L": 1, "孟晚舟": 8, "事件": 3, "│叶": 1, "淑仪": 3, "支持": 5, "财务": 1, "总监": 1, "CFO": 3, "1日": 1, "温哥华": 1, "国际": 5, "机场": 1, "加拿大": 10, "扣留": 1, "引发": 2, "舆论": 3, "高度": 1, "持有": 1, "香港": 4, "护照": 1, "保安局": 1, "局长": 1, "入境处": 3, "处长": 1, "立法会": 1, "议员": 1, "叶": 2, "设有": 1, "热线": 1, "协助": 1, "在外": 1, "居民": 1, "孟": 1, "女士": 1, "求助": 1, "呼吁": 1, "全港": 1, "市民": 1, "转成": 1, "O​": 1, "│葉": 1, "劉": 1, "淑儀": 1, "將換": 1, "華為": 1, "手機": 1, "公報": 1, "公網": 1, "担忧": 5, "报复": 3, "开拓": 3, "市场": 4, "难": 2, "新闻网": 1, "拘押": 2, "高管": 1, "华": 1, "公民": 2, "遭遇": 1, "关切": 1, "治理": 1, "创新": 1, "中心": 1, "全球": 1, "项目": 1, "主任": 1, "汉普森": 1, "以牙还牙": 1, "做好": 1, "广播": 1, "阿尔伯塔": 1, "大学": 1, "研究所": 1, "所长": 1, "戈登·霍尔登": 1, "试图": 3, "贸易": 2, "减少": 1, "美": 5, "商业": 1, "依赖": 1, "无疑": 1, "损害": 1, "声誉": 1, "发生": 1, "想": 1, "困难": 1, "O": 5, "″": 1, "报": 1, "复″": 1, "​": 10, "欧盟": 4, "人士": 2, "强制": 3, "后门": 3, "感到": 3, "基于": 3, "猜测": 3, "设置": 4, "障碍": 4, "做法": 3, "荒谬": 3, "委员会": 1, "副主席": 1, "安西普": 1, "不得不": 1, "情报": 2, "部门": 1, "安装": 1, "访问": 1, "加密": 1, "数据": 1, "很多": 4, "国家": 10, "很": 5, "听说": 2, "一贯": 1, "鼓励": 1, "遵守": 1, "规则": 1, "法律": 1, "基础": 1, "对外": 1, "经济": 2, "公正": 1, "出于": 1, "目的": 1, "运营": 1, "人为": 1, "申杨": 1, "开除": 1, "奖励": 1, "500": 2, "元": 2, "企业家": 2, "！": 14, "干预": 1, "抓": 1, "施压": 2, "好评": 1, "很快": 1, "帮倒忙": 1, "不利于": 1, "获释": 1, "司法": 1, "独立": 1, "真的": 1, "沉默": 1, "解决": 2, "马上": 1, "失职": 1, "海外": 1, "领事": 1, "保护": 1, "差": 1, "太": 2, "远": 1, "拨": 2, "程度": 1, "重叠": 1, "只能": 1, "在意": 1, "骂声": 1, "精力": 1, "事情": 1, "好比": 1, "讨厌": 1, "公知": 1, "骑": 1, "匹": 1, "草泥马": 1, "四处": 1, "转悠": 1, "派头": 1, "冷静": 1, "不能不": 1, "声音": 1, "整体": 1, "社会": 3, "建设性": 1, "能力": 1, "挑刺儿": 1, "骂骂咧咧": 1, "工作": 1, "兼": 1, "听": 1, "意见": 2, "内容": 1, "计较": 1, "表达": 1, "态度": 1, "尊敬": 2, "任正非": 7, "近来": 1, "网上": 1, "种种": 1, "谣言": 1, "恶语": 1, "攻讦": 1, "强大": 1, "权力": 1, "负恶": 1, "纠缠": 1, "注定": 1, "不可避免": 1, "大概": 1, "人类": 1, "达成": 1, "某种": 1, "平衡": 1, "法则": 2, "改变": 1, "创事": 1, "记": 1, "懂": 2, "传阅": 1, "文件": 1, "孙": 2, "亚芳": 2, "署名": 1, "其他人": 1, "署": 1, "全名": 1, "孙亚芳": 2, "地位": 1, "可谓": 1, "一人之下": 1, "万人之上": 1, "常务": 1, "副总裁": 1, "汇报": 1, "评论": 2, "势力": 1, "代表": 1, "发": 5, "通知": 5, "选": 3, "等同": 4, "放弃": 4, "年终奖": 4, "抵制": 1, "渐渐": 1, "一个": 3, "声势": 1, "浩大": 1, "潮流": 1, "湛江": 1, "酒店": 1, "新规": 1, "；": 6, "更换": 1, "送": 1, "消费券": 1, "优秀": 1, "+": 1, "O多": 1, "华盛顿": 1, "邮报": 1, "刑诉": 1, "阻遏": 1, "弱智": 1, "方法": 1, "份": 1, "权威": 1, "报纸": 1, "分析": 1, "1": 1, "逮捕": 3, "女儿": 2, "乔布斯": 1, "阴险": 1, "愚蠢": 1, "政治": 1, "错误": 1, "违规": 1, "选择": 1, "追究": 2, "3": 1, "三星": 1, "爱立信": 1, "伊朗": 1, "电信": 1, "供应商": 1, "挑": 1, "说事": 1, "意识": 1, "形态": 1, "因素": 1, "4": 2, "法院": 1, "精神": 1, "反对": 1, "境外": 1, "5": 1, "遏制": 1, "效果": 1, "反而": 1, "视为": 1, "粗鲁": 1, "蛮动": 1, "带来": 2, "风险": 1, "人民": 1, "竞争": 1, "获胜": 1, "低级": 1, "手段": 3, "领导": 1, "绑票": 1, "5G": 3, "大战": 1, "规模": 2, "下班": 1, "台": 1, "换掉": 1, "套": 2, "看不起": 1, "L军": 1, "武季": 1, "天马行空": 1, "脑洞": 1, "大开": 1, "Mate20": 1, "新一代": 1, "珍珠屏": 1, "袖珍": 1, "舞台": 1, "非凡": 1, "视野": 1, "网页": 1, "链接": 1, "新浪": 2, "厂商": 2, "今日": 1, "发布": 1, "公告": 2, "设计": 1, "优先": 1, "海思": 1, "芯片": 3, "方案": 1, "给予": 2, "价格": 1, "15%": 1, "市价": 1, "100%": 1, "办公": 1, "购车": 1, "均": 1, "品牌": 1, "开撕": 1, "被迫": 2, "签城": 1, "盟": 1, "国企": 1, "随便": 1, "垮": 1, "毕竟": 4, "……": 8, "立足": 1, "时至今日": 1, "产业链": 3, "分工": 1, "受制于人": 1, "位于": 1, "顶端": 2, "极少数": 1, "除外": 1, "国": 3, "撕破": 1, "脸": 1, "美帝": 2, "切断": 1, "2000多亿": 1, "无非": 1, "倒逼": 1, "尽快": 2, "产业": 1, "升级": 1, "转型": 1, "短": 2, "内": 1, "JY": 1, "核高基": 1, "民用化": 1, "过程": 1, "痛苦": 1, "长痛": 1, "痛": 1, "国内": 1, "高科技": 1, "包括": 1, "专利": 1, "陷入": 1, "滞销": 1, "寻找": 1, "至少": 1, "比肩": 1, "买家": 1, "世界": 3, "工厂": 1, "地球": 1, "一家": 2, "卖": 1, "大豆": 2, "起码": 1, "煮": 1, "吃": 1, "长": 1, "短期": 1, "国债": 1, "收益": 1, "倒挂": 1, "谈": 1, "毛": 1, "早就": 1, "弄死": 1, "犯": 1, "抓扣": 1, "人质": 1, "见不得人": 1, "下三滥": 1, "万难": 1, "放胆": 1, "斗争": 1, "团结": 4, "妥协": 1, "退让": 1, "亡": 1, "战方": 1, "止战": 1, "才": 1, "不必": 1, "挨打": 1, "战争": 1, "和平": 1, "辩证法": 1, "贸易战": 1, "冷战": 1, "亦": 1, "天台": 1, "聒噪": 1, "轻松": 1, "nova": 1, "L华": 1, "终端": 1, "官方": 1, "20多": 3, "签署": 5, "5G商": 2, "合约": 4, "回答": 1, "提问": 1, "提到": 1, "协议": 1, "追问": 1, "商用": 2, "值得": 1, "信赖": 1, "伙伴": 1, "例子": 1, "O陆慷": 1, "鸠山由纪夫": 2, "排挤": 2, "体现": 4, "从属": 2, "现实": 4, "7日": 1, "日媒": 1, "指": 1, "机构": 1, "主题": 1, "改革": 1, "开放": 1, "共赢": 1, "2018": 1, "论坛": 1, "接受": 1, "采访": 1, "现政府": 2, "鸠山": 1, "采用": 1, "先进": 1, "技术": 1, "理所应当": 1, "特朗普": 1, "影响": 1, "政策": 1, "不可思议": 1, "O鸠山": 1, "纪夫": 1, "全球化": 1, "背景": 1, "利于": 1, "各国": 1, "自主": 1, "民营": 1, "二十几": 1, "认可": 1, "🇨🇳": 1, "加油": 2, "震惊": 1, "致敬": 1, "↓↓": 1}