{"跟着": 1, "@": 10, "TFBOYS": 4, "易烊": 6, "千玺": 7, "同学": 1, "走近": 1, "华为": 68, "nova5": 6, "感受": 1, "节奏": 1, "青春": 1, "律动": 1, "光影": 1, "空间": 1, "变幻": 1, "6月": 14, "21日": 4, "武汉": 3, "！": 19, "nova星": 1, "L华": 1, "终端": 6, "官方": 4, "秒拍": 3, "视频": 7, "​": 16, "618": 7, "卖": 1, "最多": 1, "手机": 18, "：": 15, "荣耀": 6, "、": 36, "苹果": 3, "小米": 10, "2019年": 1, "年中": 1, "大促": 1, "落下": 1, "帷幕": 1, "京东": 5, "数据": 2, "显示": 1, "1日": 3, "18日": 5, "销量": 8, "排行": 1, "六": 1, "品牌": 6, "vivo": 1, "OPPO": 1, "通讯": 2, "官微": 1, "称": 3, "品类": 3, "五": 2, "冠": 1, "消息": 2, "天猫": 7, "当日": 1, "冠军": 8, "苏宁": 2, "安卓": 1, "国美线": 1, "20pro": 1, "当天": 3, "平台": 4, "3000-4000": 1, "元": 2, "价位": 1, "档均": 1, "单品": 2, "居首": 1, "买": 1, "X": 1, "烊": 2, "千": 4, "玺": 4, "海报": 2, "安排": 1, "街头": 1, "洋人": 1, "火锅": 2, "大王": 2, "解读": 1, "禁": 1, "Facebook": 1, "之间": 2, "关系": 1, "来自于": 1, "Nathan": 1, "Rich": 1, "L新": 1, "蜜蜂alex182": 1, "中国": 15, "三": 4, "笔": 4, "5G": 10, "采购": 6, "大单": 3, "份额": 6, "大者": 3, "商用": 1, "牌照": 1, "动作": 1, "频频": 1, "连续": 2, "开出": 1, "订单": 1, "包括": 1, "核心网": 1, "升级": 1, "测试版": 1, "期": 1, "无线": 1, "工程": 1, "值得": 1, "关注": 3, "5GNSA": 1, "组网": 1, "1131": 1, "套": 1, "设备": 1, "1.71万": 1, "台": 3, "产品": 2, "占": 1, "都": 6, "O5G": 1, "思科": 6, "CEO": 3, "希望": 3, "地缘": 2, "政治": 2, "广告": 1, "上周": 1, "举办": 1, "年度": 1, "技术": 1, "大会": 1, "直截了当": 1, "告诉": 2, "销售": 4, "团队": 4, "策略": 1, "利用": 1, "形势": 1, "彰显": 1, "走": 2, "高端": 1, "路线": 1, "公司": 5, "视作": 1, "竞争": 1, "对手": 1, "早": 1, "国家": 2, "借口": 2, "推动": 1, "美国": 28, "政界": 1, "审查": 1, "前任": 1, "第一": 11, "知识": 3, "产权": 3, "盗窃": 1, "间谍": 1, "活动": 1, "公开": 1, "指责": 2, "态度": 1, "很": 2, "程度": 1, "导致": 1, "国会": 2, "2012年": 1, "针对": 1, "中兴": 1, "听证会": 1, "作出": 1, "份": 1, "声称": 1, "企业": 8, "威胁": 3, "报告": 1, "O曾率先": 1, "打压": 1, "做文章": 1, "照片": 2, "忍不住": 1, "流下": 1, "眼泪": 1, "这是": 5, "即将": 3, "接受": 2, "采访": 2, "任正非": 5, "一个": 6, "75": 2, "岁": 2, "前线": 2, "企业家": 2, "坚毅": 1, "眼神": 1, "眼角": 1, "皱纹": 1, "所有人": 1, "克服": 1, "困难": 2, "炮火": 1, "勇往直前": 1, "破": 1, "楼兰": 1, "誓": 1, "终": 1, "一日": 1, "科技": 3, "屹立": 1, "世界": 7, "巅": 1, "拟": 2, "立法": 2, "承认": 2, "专利": 3, "#​": 1, "游走": 1, "绮境": 1, "森林": 1, "探索": 1, "永不止步": 1, "邂逅": 1, "炫光": 1, "魅影": 1, "系列": 4, "新品": 2, "发布会": 3, "倒计时": 1, "希特勒": 3, "结局": 2, "参议员": 3, "马可·卢比奥": 1, "提出": 2, "修改": 3, "国防": 2, "授权法": 2, "禁止": 3, "视为": 1, "法院": 2, "索要": 2, "专利费": 2, "社交": 2, "媒体": 1, "疯狂": 1, "刷屏": 1, "此举": 1, "刷新": 1, "底线": 1, "颠覆": 1, "信用": 1, "基础": 1, "6": 1, "年前": 1, "想": 2, "独霸": 1, "学会": 1, "盟友": 1, "蛋糕": 1, "成吉思汗": 1, "灭亡": 1, "下场": 1, "O美": 1, "议员": 3, "提议": 1, "废": 1, "整点": 1, "播": 1, "每经": 1, "9点": 3, "丨清": 1, "华北": 1, "大获": 1, "QS": 4, "大学": 6, "排名": 7, "历史": 3, "名次": 4, "1": 1, "北京": 2, "时间": 1, "凌晨": 4, "最新": 1, "2020": 1, "发布": 2, "麻省": 1, "理工": 1, "第8": 1, "蝉联": 1, "斯坦福": 1, "哈佛": 1, "随后": 3, "大陆": 1, "高校": 1, "表现": 2, "不俗": 1, "清华": 3, "北大": 3, "顶尖": 1, "此次": 1, "史上": 1, "全球": 3, "第16": 1, "第22": 1, "母校": 1, "排上": 1, "榜": 1, "618三": 2, "电商": 2, "战报": 2, "出炉": 2, "首次": 1, "上演": 1, "猫": 3, "拼": 1, "狗": 1, "；": 5, "3": 1, "央行": 2, "香港": 1, "金管局": 1, "发行": 1, "300亿": 1, "票据": 1, "4": 1, "5": 3, "美国商": 2, "敦促": 2, "政府": 2, "结束": 2, "贸易战": 1, "未来": 4, "10年": 1, "美": 2, "付出": 1, "万亿": 1, "代价": 1, "O": 1, "丨": 2, "贸易": 1, "战O": 1, "内心": 1, "难受": 1, "高龄": 1, "生存": 1, "自立": 1, "难": 1, "想象": 1, "惹来": 1, "带": 1, "全世界": 3, "围攻": 1, "发展": 1, "支持": 3, "精神": 1, "行情": 1, "简单": 1, "归于": 1, "电话": 1, "利好": 2, "券商": 4, "渠道": 1, "去向": 1, "银行": 2, "释放": 1, "流动性": 1, "解决": 1, "加上": 1, "沪伦通": 1, "首发": 2, "科创板": 1, "影子股": 1, "只能": 1, "银": 1, "金融": 2, "连贯": 1, "美中不足": 1, "FB": 1, "区块链": 1, "叫停": 1, "禁令": 1, "放松": 1, "预期": 1, "吹风": 1, "款": 1, "七纳米": 1, "玩": 1, "传统": 1, "踏空": 1, "资金": 1, "不错": 1, "选择": 1, "稀土": 1, "农业": 1, "大概率": 1, "回调": 1, "​nova5": 1, "浪潮": 1, "打造": 1, "潮流": 1, "涂鸦": 1, "打卡": 1, "圣地": 1, "落地": 1, "广州": 1, "成都": 1, "厦门": 1, "城": 1, "开启": 1, "据说": 1, "这次": 2, "到场": 1, "官宣": 1, "备受": 1, "期待": 2, "平板": 1, "M6": 1, "亮相": 1, "TA": 1, "多久": 1, "Nova": 1, "&": 1, "线下": 1, "铺设": 1, "夜色": 1, "Nova5": 1, "相得益彰": 1, "广告牌": 2, "锐": 1, "参考": 1, "设崩": 2, "华": 3, "提案": 2, "名": 3, "嘲笑": 2, "17日": 1, "共和党籍": 1, "马尔科·鲁比奥": 1, "寻求": 1, "损害": 1, "赔偿": 1, "此言": 1, "哗然": 1, "自诩": 1, "保护": 1, "大国": 1, "竟": 1, "公然": 1, "宣称": 1, "法律": 2, "外国": 1, "维权": 1, "赤裸裸": 1, "无赖": 1, "行径": 1, "一向": 1, "鹰派": 1, "立场": 1, "鲁比奥": 1, "再次": 1, "推上": 1, "舆论": 1, "风口浪尖": 1, "……O": 1, "因何": 1, "诬陷": 2, "毫无": 2, "证据": 1, "很多": 1, "事情": 2, "宽容": 1, "公平": 1, "慷慨": 1, "守": 1, "规矩": 1, "讲": 1, "道理": 1, "变得": 1, "蛮不讲理": 1, "油盐不进": 1, "O华": 2, "注册": 1, "名称": 1, "由来": 1, "文化": 1, "高管": 3, "怒怼": 3, "路由器": 12, "才": 3, "销售额": 7, "19日": 2, "0:38": 1, "智选": 3, "旗下": 3, "斩获": 2, "余承东": 1, "0:50": 1, "拿下": 2, "金额": 1, "10万": 1, "佳绩": 1, "雷军": 1, "智能": 2, "家庭": 2, "总经理": 2, "闪罡": 2, "发文": 1, "恭喜路": 1, "感谢": 1, "小伙伴": 1, "6·18": 1, "天猫路": 1, "器品类": 1, "隔壁": 7, "定语": 3, "那种": 2, "猜猜": 1, "半": 1, "小时": 1, "充电": 1, "____%": 1, "好久": 1, "不见": 1, "麻烦": 1, "多谢": 1, "❤": 1, "彭林": 1, "起诉": 2, "涉嫌": 1, "虚假": 1, "宣传": 1, "#O": 1, "康帅": 1, "傅": 1, "红烧": 1, "牛肉": 1, "面​": 1, "疑似": 1, "员工": 2, "爆料": 3, "年终奖": 2, "销售量": 1, "老大": 1, "喊话": 1, "脉脉": 1, "职言区": 1, "认证": 1, "刚": 1, "同事": 1, "聊天": 1, "太": 1, "不要脸": 1, "明明": 1, "气": 1, "老大上": 1, "骂人": 1, "懂": 1, "目标": 1, "超越": 1, "跳": 1, "胡说八道": 1, "到时候": 1, "汇报": 1, "事儿": 1, "影响": 3, "……": 1, "估摸": 1, "部门": 1, "跳脚": 1, "骂娘": 1, "全国": 1, "人民": 1, "盯": 1, "5g": 2, "领先": 1, "万恶": 1, "美帝": 1, "脸": 1, "书币": 1, "数字": 2, "货币": 2, "话语权": 1, "领域": 1, "胜利": 1, "100": 1, "顶": 1, "先人": 1, "扼腕叹息": 1, "支付": 1, "宝逼": 1, "取消": 1, "手续费": 1, "东西": 1, "舍不得": 1, "放弃": 1, "冲击": 1, "稀巴烂": 1, "年轻人": 1, "喜欢": 1, "国界": 1, "信任": 1, "财产": 1, "自由": 1, "挡": 2, "住": 1, "臭": 1, "炒币": 1, "钱": 2, "提到": 1, "银行卡": 2, "迫不得已": 1, "稳定": 1, "币": 1, "放心": 1, "放在": 1, "反正": 1, "感觉": 1, "安全感": 1, "遭遇": 2, "车祸": 2, "撞": 1, "弯屏": 1, "照样": 1, "海外": 1, "网友": 4, "晒": 1, "力挺": 1, "近日": 1, "哈萨克斯坦": 1, "阿拉木图": 1, "NikolayAndreyv": 1, "脸书": 1, "账号": 1, "表白": 1, "贴文": 1, "描述": 1, "HUAWEIP": 1, "9plus": 1, "缘分": 1, "不幸": 1, "屏幕": 2, "撞弯": 1, "身残志坚": 1, "裂痕": 1, "性能": 1, "赞华": 1, "忠用户": 1, "粉丝力": 1, "挺": 1, "这部": 1, "赠予": 1, "收藏": 1, "制造": 1, "网": 2, "L": 1, "出发点": 1, "确实": 1, "固态": 2, "硬盘": 2, "怪": 1, "不得不": 1, "害怕": 1, "西部": 1, "禁售": 1, "自主": 1, "研发": 1, "SSD": 1, "第七": 1, "国内": 1, "唯一": 1, "一家": 1, "排进": 1, "TOP10": 1, "今日": 1, "概念": 2, "汽车": 1, "零部件": 1, "大盘": 1, "放量": 1, "高开": 1, "高走": 1, "转债": 3, "做错": 1, "跑路": 1, "选溢价": 1, "品种": 1, "特发": 1, "凯龙": 1, "易": 1, "明天": 1, "nova": 1, "Langelababy": 1, "杨颖": 1, "粉丝": 1, "005": 1, "仔细": 1, "撞车": 1, "西安": 3, "明目": 1, "终于": 1, "成华": 1, "🤔": 1, "吃喝玩乐": 1}