{"华为": 73, "P30": 4, "Pro": 2, "实用": 1, "拍摄": 4, "教程": 2, "！": 11, "来来": 1, "带": 5, "体验": 1, "超美": 1, "大自然": 1, "～": 1, "未来": 4, "影像": 5, "@": 6, "终端": 3, "官方": 7, "L江": 1, "爬": 1, "LOVE": 2, "视频": 12, "​​​": 2, "公布": 14, "孟晚舟": 33, "来信": 9, "：": 33, "眼下": 15, "面对": 14, "困难": 15, "压力": 15, "内心": 18, "都": 22, "依然": 16, "坚定": 17, "今日": 5, "5月": 14, "9日": 8, "写给": 4, "华为人": 20, "封": 10, "信中": 5, "写到": 3, "温哥华": 9, "段": 8, "时间": 14, "活动": 12, "方寸": 9, "之间": 10, "心中": 8, "色彩": 8, "天地": 8, "前所未有": 9, "广阔": 9, "​": 14, "13日": 4, "心声": 6, "社区": 4, "发布": 3, "称": 8, "新京报": 4, "学生": 36, "定制": 12, "手机": 35, "按需": 1, "锁死": 3, "、": 4, "违规": 3, "自动": 6, "记录": 6, "推": 2, "定制版": 10, "最新": 1, "邮件": 1, "写道": 1, "正是": 1, "力量": 2, "手": 1, "意志": 1, "堡垒": 1, "坚强": 1, "O": 6, "致信": 4, "事情": 1, "美好": 1, "...": 1, "新股": 1, "忘": 1, "行情": 1, "签": 1, "赚": 1, ".": 1, "点赞": 1, "中签率": 1, "高​": 1, "LUXURIOUSQUEEN": 1, "明星": 1, "网红": 1, "爱": 1, "LQpimplecream": 1, "世界": 1, "尽头": 1, "--塔斯马尼亚": 1, "城": 1, "拍": 2, "花草": 2, "物记": 2, "LQ": 1, "偶": 1, "效果": 1, "mikey": 1, "谢谢": 4, "儿女": 5, "走出": 1, "18.8万": 4, "陪伴": 2, "每次": 3, "庭审": 4, "结束": 3, "瞬间": 4, "泪目": 2, "发给": 1, "内部": 2, "熬": 1, "时差": 1, "远隔重洋": 1, "彻夜": 2, "期待": 3, "消息": 4, "泪": 1, "目​": 1, "摄影": 2, "女神": 1, "江一燕": 1, "江小爬": 1, "相约": 1, "非洲": 2, "~": 5, "这次": 1, "发现": 1, "技巧": 1, "戳": 1, "L华为P30": 1, "系列": 1, "感谢": 3, "牵挂": 2, "上午": 1, "回应": 12, "定制机": 4, "第三方": 7, "软件": 7, "公司": 9, "开发": 10, "严肃": 8, "追责": 9, "昨日": 1, "传闻": 1, "针对": 5, "推出": 10, "新浪": 2, "科技": 8, "关注": 2, "广西": 7, "柳州": 13, "高中": 3, "家长": 7, "反馈": 3, "相关": 3, "情况": 3, "核实": 5, "此次": 3, "众合": 4, "壹讯": 6, "信息": 9, "有限公司": 6, "单方面": 3, "宣传": 6, "对此": 4, "知情": 5, "提到": 3, "管控": 4, "平台": 5, "校方": 7, "需求": 3, "并非": 3, "武汉": 3, "研究所": 3, "擅自": 3, "名义": 3, "虚假": 3, "O华": 3, "L": 3, "秒拍": 5, "教育局": 9, "疑似": 1, "介入": 1, "调查": 8, "教育": 1, "微信": 1, "公号": 1, "中学": 9, "柳州市": 4, "责成": 2, "高级": 5, "初步": 1, "事件": 3, "11日": 2, "下午": 1, "4点": 1, "组织": 1, "高一": 1, "年级": 1, "家长会": 1, "学校": 7, "副": 1, "校长": 1, "同意": 3, "一个": 1, "时长": 1, "5": 1, "分钟": 1, "配有": 1, "PPT": 1, "图片": 1, "讲解": 1, "管理": 5, "介绍": 1, "质疑": 1, "联合": 2, "调查组": 2, "一经": 1, "依法": 1, "依规": 1, "现身": 3, "校园": 3, "迁徙": 1, "马上": 1, "就要": 1, "呆": 1, "~~": 1, "江小爬LO": 1, "VE江": 1, "老师": 2, "亲切": 1, "舒服": 1, "超级": 1, "美": 1, "份": 1, "好用": 1, "分享": 1, "希望": 1, "帮到": 1, "即将": 1, "旅行": 1, "小伙伴": 1, "爸爸": 1, "送": 1, "台江": 1, "同款": 1, "P30Pro": 1, "嘻嘻": 1, "~嘘": 1, "L华": 2, "近日": 2, "网传": 1, "内容": 1, "过滤": 3, "资源": 2, "共享": 2, "解决": 1, "过度": 1, "依赖": 1, "​​": 2, "否认": 1, "推荐": 1, "强制": 2, "购买": 3, "传出": 2, "款": 3, "机型": 1, "定价": 2, "1499": 2, "元": 5, "2499": 3, "报道": 3, "覃": 1, "副校长": 1, "私人": 1, "订制": 1, "报备": 1, "委派": 1, "厂家": 1, "沟通": 1, "为止": 1, "协议": 1, "反响": 1, "合众": 2, "加拿大": 1, "政府": 1, "扣押": 1, "高管": 1, "从未": 2, "机会": 2, "紧密": 2, "联接": 1, "安哥": 1, "风雨": 1, "舟": 1, "去年": 1, "荣耀": 1, "V20": 1, "Nova4": 1, "挖孔屏": 1, "领先": 1, "友商": 1, "半年": 2, "真的": 1, "国产": 1, "厂商": 1, "挖": 1, "孔屏": 1, "这是": 1, "原因": 1, "转评": 1, "抽送": 1, "自拍杆": 1, "DIGI": 1, "X华": 1, "全球": 1, "主题": 1, "设计": 2, "大赛": 3, "持续": 1, "报名": 2, "名": 1, "跨越": 1, "想象": 1, "边界": 1, "31日": 1, "提交": 2, "创意": 1, "作品": 3, "瓜分": 1, "33万": 1, "美金": 1, "丰厚": 1, "奖励": 1, "官网": 1, "参赛": 3, "小编": 1, "精选": 1, "上周": 1, "高人气": 1, "欣赏": 1, "英前": 1, "情报": 3, "高官": 3, "跟风": 1, "中国": 4, "去年底": 1, "美国": 2, "部门": 2, "咋呼": 2, "CEO们": 1, "英国": 2, "负责人": 2, "军情": 2, "六处": 2, "理查德·迪尔洛夫": 1, "爵士": 1, "SirRichardDearlove": 1, "宣称": 1, "参与": 2, "建设": 1, "5G": 1, "网络": 1, "很": 2, "危害": 1, "国家": 1, "好心": 1, "提醒": 1, "商务": 2, "人士": 2, "常用": 1, "带入": 1, "O继": 1, "价值": 1, "投资者": 1, "弃弱": 1, "典范": 1, "腾讯": 2, "放弃": 1, "妄想": 1, "小概率": 1, "英雄主义": 2, "跟定": 1, "运气": 1, "强壮": 1, "主体": 1, "多重": 1, "魅力": 1, "正向": 1, "牛股": 1, "牛": 1, "拐点": 1, "取舍": 1, "志坚": 1, "定力": 1, "通报": 1, "12日": 1, "晚": 1, "新闻": 1, "媒体": 1, "陆续": 1, "转载": 1, "得知": 1, "此事": 1, "凤凰": 1, "正点": 1, "播报": 1, "发表": 2, "公开信": 3, "支持": 5, "副董事长": 1, "兼": 1, "首席": 1, "财务官": 1, "13号": 1, "论坛": 1, "小区": 2, "关心": 1, "亲密": 1, "伙伴": 1, "标题": 1, "连接": 1, "很多": 1, "留言": 1, "离职": 1, "早早": 1, "排队": 1, "入场": 1, "出席": 1, "努力": 1, "感到": 1, "温暖": 1, "曝光": 1, "统一": 2, "分为": 1, "不良": 2, "nova4": 1, "指定": 2, "收费": 1, "L新京报": 1, "自带": 1, "全校": 1, "内": 1, "5亿": 1, "条": 1, "推送": 1, "通知": 1, "规行": 1, "系统": 1, "nova4手机": 1, "买": 2, "著名": 1, "时尚": 1, "摄影师": 1, "ErikMadiganHeck": 1, "家庭": 1, "生活": 1, "片段": 1, "作画": 1, "感染力": 1, "便携": 1, "捕捉": 1, "人物": 1, "自然": 1, "状态": 1, "更多": 1, "朋友": 2, "身边": 1, "家人": 1, "有趣": 1, "参加": 1, "踊跃": 1, "投稿": 1, "网页": 1, "链接": 1, "": 1, "Matebook": 1, "14": 1, "笔记本": 1, "电脑": 1, "上手": 1, "评测": 1, "轻薄": 1, "排列": 1, "组合": 1, "欧阳": 1, "秋叶": 1}