{"新西兰": 23, "情报": 3, "部门": 3, "禁止": 3, "华为": 81, "参与": 3, "5G": 23, "建设": 3, "投放": 3, "一个": 8, "内涵": 1, "广告": 15, "像是": 4, "橄榄球": 6, "运动": 4, "——": 3, "公司": 13, "近日": 5, "媒体": 4, "整版": 2, "嘲讽": 2, "鲜明": 2, "大胆": 2, "创意": 4, "热议": 2, "一块": 2, "手机": 19, "屏幕": 2, "5": 4, "名": 4, "运动员": 2, "争抢": 2, "旁边": 4, "粗": 2, "黑体": 2, "广告语": 2, "写道": 2, "：": 15, "一行": 3, "小字": 2, "错过": 2, "现有": 2, "可用": 2, "先进": 2, "技术": 6, "右侧": 2, "显示": 3, "Logo": 2, "写": 9, "一句话": 2, "思路": 2, "简洁明了": 2, "击中": 2, "新西兰人": 2, "痛点": 2, "不少": 2, "网友": 2, "点赞": 2, "发布": 4, "背景": 2, "中国": 20, "关系": 3, "恶化": 2, "激烈": 3, "争论": 3, "反对党": 2, "政府": 9, "追随": 2, "美": 3, "澳": 2, "打压": 2, "面临": 2, "报复": 2, "最新": 4, "迹象": 2, "产品": 8, "华": 2, "出口": 2, "延迟": 2, "副总理": 2, "兼": 2, "外长": 2, "彼得斯": 2, "14日": 2, "否认": 2, "相关": 2, "说法": 2, "O华": 5, "国家": 15, "强势": 3, "回击": 3, "！": 14, "国内": 4, "电话卡": 2, "潘石屹": 2, "尾号": 2, "0001": 2, "记者": 1, "电信": 4, "获悉": 1, "北京": 2, "送给": 2, "SOHO": 1, "董事长": 1, "@": 4, "133": 1, "开头": 1, "这是": 2, "5G卡": 1, "官方": 3, "披露": 1, "发牌": 1, "节奏": 1, "若干": 1, "城市": 1, "发放": 1, "临时": 1, "牌照": 1, "小米": 8, "、": 27, "厂商": 4, "推出": 1, "吴涛": 1, "​": 13, "找回": 1, "丢失": 1, "查看": 1, "视频": 9, "一目了然": 1, "Mate20": 2, "系列": 3, "很": 19, "贴心": 1, "功能": 4, "希望": 1, "机会": 1, "用到": 1, "L华": 3, "终端": 1, "秒拍": 7, "​​​": 1, "博士类": 6, "员工": 10, "平均": 6, "离职率": 7, "21.8%": 5, "英雄": 5, "无用武之地": 5, "心声": 5, "社区": 5, "帖子": 3, "土壤": 3, "适合": 3, "高精尖": 5, "博士": 15, "生存": 3, "都": 8, "投入": 3, "专职": 7, "人员": 6, "搞": 2, "招聘": 3, "入职": 3, "进来": 6, "待遇": 3, "口碑": 3, "岗位": 5, "因素": 4, "留": 3, "接受": 4, "访谈": 2, "82": 2, "离职": 4, "56": 2, "原因": 3, "技能": 2, "匹配": 2, "主管": 2, "能力": 4, "弱": 2, "导致": 3, "发挥": 4, "受限": 2, "特有": 2, "优势": 2, "易": 1, "烊千": 1, "玺": 9, "新岁": 1, "千": 9, "喜": 1, "诸事": 1, "顺易": 1, "早安": 1, "三点半": 1, "才": 2, "飞人": 1, "辛苦": 1, "跨国恋": 1, "TFBOYS": 1, "易烊": 9, "千玺K": 1, "亲爱": 1, "cr:logo": 1, "烊": 1, "中戏": 2, "第一": 9, "yyqx帅": 1, "四": 2, "字": 2, "弟弟": 2, "nova": 1, "野兽派": 1, "千玺阿迪": 1, "爸爸": 1, "沙宣": 1, "BottegaVeneta": 1, "yyqxszdd四字yyqx": 1, "唱歌": 1, "yy": 2, "qx": 2, "舞台": 1, "好听": 1, "大冰": 1, "小将": 1, "国务院": 5, "任免": 3, "工作": 3, "新华社": 1, "2月": 3, "15日": 1, "电": 1, "任命": 12, "罗文": 4, "国家发展和改革委员会": 2, "副主任": 8, "；": 21, "任命钟": 2, "登华": 2, "教育部": 2, "副部长": 6, "王志军": 2, "工业": 4, "信息化": 4, "郭卫平": 2, "民族": 5, "事务": 4, "委员会": 6, "陈": 2, "尘肇": 2, "自然": 2, "资源": 2, "副总督察": 2, "赵": 4, "爱明": 2, "女": 2, "国有": 2, "资产": 2, "监督": 2, "管理": 2, "刚": 2, "知识": 2, "产权局": 2, "副局长": 2, "免去": 8, "职务": 8, "李昌平": 2, "陈尘肇": 2, "审计署": 2, "副": 2, "审计长": 2, "钟登华": 2, "天津": 2, "大学": 2, "校长": 2, "璀璨夺目": 1, "光芒": 1, "远": 1, "不止": 1, "耀": 1, "王子异": 1, "携手": 1, "nova4": 2, "解锁": 1, "浪漫": 1, "惊喜": 1, "此刻": 1, "千万": 2, "蜜语": 1, "甜颜": 1, "联手": 2, "拿下": 4, "全球": 12, "成都": 1, "顺利": 1, "IPRAN": 1, "现网": 1, "试点": 1, "意味着": 1, "为止": 1, "领域": 6, "世界": 5, "订单": 2, "当面": 1, "30": 1, "数量": 1, "领先于": 1, "企业": 4, "标准": 2, "拥有": 2, "61": 1, "项": 1, "专利": 1, "占": 1, "总数": 1, "22.9%": 1, "排": 1, "设备": 3, "供应": 1, "基站": 2, "通讯": 2, "供应商": 5, "市场": 8, "占有率": 2, "30%": 1, "35%": 1, "40%": 1, "45%": 1, "稳稳": 1, "占据": 2, "位置": 1, "流浪": 1, "地球": 1, "造句": 1, "大赛": 1, "第五": 4, "通信": 2, "技术委": 1, "温馨": 1, "提示": 1, "网络": 2, "条": 3, "不用": 1, "流泪": 1, "春节": 1, "期间": 2, "带": 1, "nova4手机": 1, "日本": 1, "滑雪": 1, "搭载": 1, "4800万": 1, "超": 1, "广角": 1, "三": 3, "摄": 1, "镜头": 2, "实用": 1, "分辨率": 1, "模式": 1, "画面": 1, "细节": 1, "0.6": 1, "倍": 2, "10": 1, "之间": 1, "自由": 1, "变焦": 1, "摄影师": 1, "视角": 1, "选择": 1, "智能": 2, "HDR": 1, "场景": 2, "分析": 2, "大片": 1, "唾手可得": 1, "机身": 1, "强大": 1, "防寒": 1, "性能": 3, "电池": 2, "续航": 2, "恶劣": 1, "天气": 1, "环境": 1, "跌": 2, "行业": 3, "AIoT": 2, "翻身": 2, "时间": 4, "IDC": 1, "报告": 1, "OPPO": 2, "vivo": 1, "均": 1, "增长": 1, "排行榜": 1, "苹果": 8, "发生": 2, "大幅度": 1, "下跌": 1, "2019年": 2, "初": 1, "重整": 1, "紧急": 1, "动作": 1, "跟进": 1, "排头兵": 1, "步伐": 1, "毕竟": 1, "CEO": 1, "雷军": 1, "号称": 1, "季度": 1, "内": 1, "重回": 1, "一半": 1, "O": 2, "民族主义": 2, "超过": 3, "外媒": 2, "12日": 1, "美国": 9, "科技": 2, "新闻": 1, "网站": 2, "theVerge": 2, "发文": 1, "指出": 2, "去年": 1, "全年": 1, "占比": 1, "份额": 1, "位列": 1, "其后": 1, "拿到": 1, "背后": 1, "竞争力": 1, "分析师": 2, "爱国主义": 1, "情绪": 3, "有助于": 1, "提升": 2, "品牌": 2, "形象": 1, "竞争性": 1, "成就": 1, "...": 1, "创新": 1, "程度": 5, "P系列": 1, "Mate": 1, "高端": 1, "表现": 2, "机构": 1, "摄像": 1, "消费者": 1, "声称": 1, "Mate20Pro": 1, "买": 2, "爱国": 1, "做出": 2, "购买": 2, "采用": 1, "有人": 1, "观望": 1, "态度": 1, "影响": 1, "称": 3, "芒格": 4, "赞比亚迪": 2, "王": 14, "传福": 16, "创造": 12, "奇迹": 12, "印象": 8, "深刻": 9, "巴菲特": 4, "老搭档": 4, "查理·芒格": 4, "(": 4, "CharlieMunger": 4, ")": 4, "周四": 4, "出席": 4, "DailyJournal": 4, "股东": 4, "大会": 5, "会上": 4, "大捧比亚迪": 4, "称赞": 4, "印象深刻": 4, "比亚迪": 8, "电动": 4, "汽车": 4, "发展": 8, "称职": 4, "儒家": 4, "思想": 4, "造就": 4, "L见闻": 4, "企业家": 4, "情况": 1, "中兴": 6, "触犯": 1, "禁令": 1, "主动": 1, "认罪": 3, "认罚": 5, "犯且": 1, "人赃并获": 1, "雇佣": 1, "美方": 3, "卧底": 1, "钩子": 1, "聘请": 1, "公关": 1, "法律": 1, "顾问": 1, "……": 3, "如假包换": 1, "犯规": 2, "证据": 1, "源源不断": 1, "提供": 1, "变作": 1, "打向": 1, "产业": 1, "炮弹": 1, "古话": 1, "认打": 2, "一开始": 1, "拒绝": 1, "承认": 2, "国内法": 2, "管辖权": 1, "横竖": 1, "硬": 1, "到底": 1, "吃亏": 1, "无从下嘴": 1, "等于": 1, "公开": 1, "正式": 2, "对方": 2, "权": 1, "缴纳": 1, "巨额": 1, "罚金": 1, "同意": 1, "派员": 1, "监管": 1, "犯": 1, "团队": 1, "大手笔": 1, "激励": 2, "何止": 1, "开门揖盗": 1, "国企": 1, "赔钱": 1, "全国": 2, "纳税人": 2, "埋单": 2, "罚款": 2, "岂有此理": 2, "奖金": 1, "闯": 2, "大祸": 1, "装": 1, "腰包": 1, "本身": 1, "足够": 1, "荒唐": 2, "一犯再犯": 1, "赔": 1, "熊孩子": 2, "别人": 2, "串门": 1, "砸": 2, "汤盆": 1, "花瓶": 1, "家传": 1, "古画": 1, "撕": 1, "每次": 1, "爹妈": 1, "亲戚": 1, "众筹": 1, "如今": 1, "负": 1, "责任": 1, "愚蠢": 1, "做派": 1, "原本": 1, "试探": 1, "对手": 1, "底线": 1, "一心": 1, "得寸进尺": 1, "特朗普": 1, "幕僚": 1, "胆子": 1, "胃口": 1, "越来越": 1, "包子": 1, "牵强附会": 1, "孟晚舟": 1, "案": 1, "会否": 2, "露骨": 1, "围剿": 1, "不见得": 1, "令人发指": 1, "祸": 1, "好处": 1, "民众": 2, "包赔": 2, "算": 1, "跃跃欲试": 1, "融资": 1, "信贷": 1, "弄来": 1, "钱": 2, "一部分": 2, "用来": 1, "养": 2, "这家": 1, "功勋": 1, "卓著": 1, "心里话": 1, "作出": 1, "贡献": 1, "早死": 1, "早": 1, "超生": 1, "O中兴": 1, "遭受": 1, "制裁": 1, "赞王": 2, "底气": 2, "各国": 3, "合作": 3, "额外": 3, "评估": 2, "路透社": 1, "分公司": 1, "首席": 1, "安全官": 1, "安迪·珀迪": 1, "巨头": 3, "中东欧": 1, "应对": 1, "下一代": 1, "所需": 1, "措施": 2, "附加": 1, "展开": 1, "测试": 1, "源代码": 4, "创事": 1, "记": 1, "大猫": 1, "财经": 1, "猫哥O": 1, "21.8": 1, "折叠屏": 3, "元年": 3, "齐": 2, "竞速": 2, "普及": 2, "尚待": 2, "时日": 2, "视为": 1, "源于": 1, "头部": 2, "密集": 1, "攻占": 1, "即将": 1, "到来": 1, "MWC": 1, "开幕": 1, "风声": 1, "陆续": 1, "传": 1, "高管": 2, "柔宇": 1, "隔空": 1, "呛声": 1, "代表": 1, "加紧": 1, "布局": 1, "O折": 1, "叠屏": 1, "内容": 1, "过度": 1, "舒适": 1, "Pro": 1, "美轮美奂": 1, "意大利": 1, "街头": 1, "不禁": 1, "感叹": 1, "建筑师": 1, "鬼斧神工": 1, "摄影": 1, "大师": 1, "CalAgro": 1, "拍下": 1, "照片": 1, "惊艳到": 1, "蓬佩奥": 1, "欧洲": 1, "到处": 1, "喊话": 1, "小心": 1, "窃听": 1, "默克尔": 1, "打电话": 1, "马克龙": 2, "国务卿": 1, "复读机": 1, "大妈": 1, "建": 1, "骗骗": 1, "老头": 1, "改": 1, "安全法": 1, "电话": 1, "嘈杂": 1, "公鸭嗓": 1, "响起": 1, "特么": 1, "老子": 1, "套": 1, "国产": 1, "期待": 2, "旗舰": 1, "魅族": 4, "16": 1, "太": 5, "2018年": 1, "3000": 1, "档": 1, "美的": 1, "哥": 1, "16Plus": 1, "收藏": 1, "配合": 1, "英国": 2, "严苛": 1, "花": 3, "20亿": 2, "美金": 3, "30年": 1, "软件": 5, "代码": 5, "规格": 1, "副董事长": 1, "徐": 2, "直军": 2, "远远": 1, "董事会": 1, "决议": 1, "重写": 2, "多么": 1, "工作量": 1, "试想": 1, "微软": 5, "操作": 1, "系统": 1, "干吗": 3, "三十": 1, "框架": 1, "外国": 1, "读": 1, "懂": 1, "就要": 1, "可靠性": 1, "毛": 1, "开拓": 1, "西方": 2, "击倒": 1, "受尽": 1, "屈辱": 2, "付出": 2, "劳动": 1, "金钱": 1, "代价": 1, "舒服": 2, "尼玛": 1, "领先": 1, "水平": 1, "源代": 1, "码写": 1, "监控": 1, "牵头": 1, "负责": 1, "事情": 1, "几十亿": 1, "调动": 1, "几万": 1, "工程师": 1, "未来": 1, "苦干": 1, "五": 1, "成立": 1, "崛起": 2, "艰辛": 1, "拉动": 1, "中华": 1, "过程": 1, "忍受": 1, "历史": 1, "从未有过": 1, "实在": 1, "累": 1, "难": 1, "体会": 1, "辛劳": 1, "TA": 1, "晚安": 1, "吃": 1, "车": 1, "厘子": 1, "充了": 1, "会员": 1, "猫": 1, "支": 1, "口红": 1, "评论": 1, "share": 1, "东西": 1, "小确": 1, "富贵": 1, "感受": 1, "小云": 1, "随机": 1, "抽": 1, "送出": 1, "耳机": 1, "秀恩爱": 1, "面向": 2, "咨询": 1, "服务": 1, "外场": 1, "转型": 3, "路径": 1, "全力": 1, "协助": 1, "客户": 2, "提效": 1, "促增": 1, "十二大": 1, "商业": 1, "解决": 1, "方案": 1, "顶级": 1, "运营商": 1, "实践": 1, "一会": 1, "一策": 1, "深度": 1, "恳谈": 1, "25日": 1, "巴塞罗那": 1, "MWC2019": 1, "台媒": 1, "扶持": 1, "HTC": 2, "销量": 1, "佳": 1, "…": 1, "失败": 1}