{"华为": 92, "麒麟": 60, "990": 21, "芯片": 85, "发布": 33, "直播": 9, "：": 8, "新一代": 11, "历经": 1, "7": 1, "更迭": 1, "、": 34, "4": 1, "项": 1, "世界": 4, "第一": 2, "全新": 6, "5G": 37, "功能": 1, "麒麟990": 38, "亮相": 2, "北京": 14, "AI": 13, "重构": 3, "手机": 15, "拍照": 1, "智能": 3, "翻译": 1, "语音": 1, "交互": 1, "带来": 5, "智慧": 9, "体验": 5, "2019年": 2, "高速率": 2, "低": 2, "时延": 2, "广联": 2, "未来": 2, "探索": 1, "时代": 3, ">>": 1, "央视": 2, "财经": 1, ".": 4, "！": 16, "时间": 4, "9月": 13, "6日": 8, "下午": 1, "16:30": 1, "IFA2019": 1, "全球": 25, "发布会": 4, "德国": 21, "柏林": 12, "举办": 4, "同步": 1, "最新": 9, "型号": 1, "媒体": 2, "沟通": 2, "资深": 3, "Fellow艾伟": 3, "出席": 2, "据悉": 3, "当天": 1, "揭晓": 1, "产品": 6, "前所未有": 1, "技术": 2, "每日": 1, "经济": 3, "新闻": 3, "​": 17, "重磅": 7, "刚刚": 6, "旗舰": 27, "系列": 30, "包括": 13, "9905G": 31, "款": 15, "性能": 9, "能效": 7, "算力": 8, "ISP": 7, "拍摄": 7, "能力": 7, "全方位": 7, "升级": 7, "标志": 6, "端侧": 6, "A": 8, "I": 7, "领域": 7, "引领": 6, "推出": 13, "AI+5G": 4, "(": 4, "赵永新": 1, ")": 4, "面向": 3, "一代": 7, "首款": 15, "5GSoC": 13, "商用": 4, "元年": 3, "率先": 3, "消费者": 7, "提供": 1, "卓越": 3, "连接": 2, "Mate30": 7, "首发": 6, "搭载": 6, "该款": 2, "19日": 5, "慕尼黑": 3, "记者": 7, "温竞华": 1, "晶体": 1, "管数": 1, "超百亿5G": 1, "公司": 3, "国际": 5, "电子": 3, "消费展": 2, "业界": 6, "系统级": 1, "业务": 6, "CEO": 6, "余承东": 10, "介绍": 3, "这是": 1, "晶体管": 2, "数量": 1, "超过": 1, "100亿": 1, "终端": 2, "103亿": 1, "融合": 1, "革命性": 2, "飞跃": 2, "环球": 3, "时报": 4, "环球网": 3, "报道": 3, "凌志": 3, "陈青青": 3, "高雷": 2, "快讯": 2, "当地": 2, "Mate": 2, "美": 2, "璐": 1, "孙": 1, "蓟潍": 1, "业内": 3, "方案": 7, "用户": 1, "直观": 1, "表现": 1, "速度": 1, "快": 1, "影像": 1, "强劲": 1, "生活": 1, "场景": 1, "赋予": 1, "最佳": 2, "L余": 2, "承东": 2, "视频": 15, "挑战": 1, "自我": 1, "超越": 1, "竞争": 1, "19": 1, "慕尼": 1, "黑见": 1, "Rethinkpossibilities": 1, "2019": 3, "借助": 1, "澎湃": 2, "全程": 1, "@": 5, "人民": 2, "日报": 2, "喜欢": 1, "真的": 1, "朋友们": 1, "展台": 2, "参观": 1, "刚才": 1, "消费": 3, "电子展": 2, "拥有": 1, "创新": 2, "才": 1, "面对": 1, "排除": 1, "美国": 2, "零配件": 1, "传言": 1, "制裁": 1, "保障": 1, "量产": 1, "给出": 1, "回答": 1, "雷": 1, "L环球": 1, "FA2019": 1, "主题": 1, "演讲": 1, "这次": 1, "主角": 1, "集成5G": 1, "基带": 2, "据说": 1, "AI算力": 1, "提升": 1, "一个": 1, "高度": 1, "浪人": 1, "TV": 1, "～": 1, "新浪": 2, "围观": 2, "长": 4, "啥样": 4, "傍晚": 2, "新款": 2, "戳": 2, "⬇": 1, "温": 1, "竞华": 1, "L新华": 1, "视点": 3, "秒拍": 3, "人民日报": 2, "暗怼": 3, "苹果": 2, "解决": 4, "今日": 1, "开幕": 1, "IF": 1, "正式": 2, "称": 1, "集成式": 2, "SoC": 3, "科技": 3, "游戏": 1, "人脸": 1, "识别": 1, "测试": 1, "形象": 1, "印": 1, "IFA": 2, "官方": 2, "宣传册": 1, "首页": 1, "O华": 1, "图集": 1, "31": 3, "省份": 10, "科研": 4, "投入": 9, "排行": 4, "出炉": 3, "研发": 7, "费用": 5, "超": 5, "25省": 1, "近日": 2, "国家": 2, "统计局": 2, "公布": 2, "2018年": 4, "全国": 2, "经费": 2, "统计": 2, "公报": 2, "千亿": 2, "共有": 2, "6": 2, "广东": 2, "江苏": 2, "山东": 2, "浙江": 2, "上海": 2, "年报": 2, "显示": 2, "1015亿": 2, "元": 2, "剩余": 2, "25": 4, "都": 2, "O31": 1, "L老板": 2, "联播": 2, "O重磅": 1, "获悉": 1, "展面": 1, "消息": 1, "程": 1, "春雨": 1, "面积": 1, "功耗": 1, "更低": 1, "；": 1, "支持": 2, "NSA/SA": 2, "架构": 3, "TDD/FDD": 2, "频段": 2, "全网通": 2, "采用": 1, "达芬奇": 1, "NPU": 1, "旗舰级": 1, "回顾": 1, "现场": 1, "精彩": 1, "片段": 1, "L华": 1, "提前": 1, "24": 1, "规划": 1, "3000多": 1, "专家": 1, "攻克": 1, "难题": 1, "基于": 2, "先进": 1, "7nm+EUV": 1, "工艺": 1, "制程": 1, "首次": 1, "Modem": 1, "集成": 2, "巴龙": 1, "5000": 1, "联接": 1, "2.3Gbps": 1, "峰值": 1, "下载": 1, "速率": 1, "行峰": 1, "值速率": 1, "1.25": 1, "Gbps": 1, "强大": 1, "友商": 1, "暂时": 1, "企业": 2, "PPT": 1, "五环短": 1, "L五环": 1, "短": 1, "中国": 3, "商讨": 3, "制定": 3, "自动": 4, "驾驶": 4, "标准": 3, "国务院": 1, "总理": 2, "李克强": 1, "上午": 1, "默克尔": 2, "德": 1, "顾问": 1, "委员会": 1, "座谈会": 1, "大众": 1, "数字": 1, "议题": 1, "发表": 1, "意见": 1, "提出": 1, "建议": 1, "德方": 1, "人工": 2, "O": 1, "感受": 1, "超强": 1, "抠图": 1, "。。": 1, "L万能": 1, "大熊": 1, "L": 1, "新华": 2}