{"小泽vlog": 1, "：": 23, "SoundX": 3, "评测": 1, "华为": 56, "高端": 1, "音箱": 2, "刚": 2, "发布": 7, "很": 6, "好奇": 1, "搞": 2, "一个": 4, "智能": 2, "毕竟": 1, "这家": 1, "厂商": 1, "产品": 1, "重心": 1, "都": 10, "放": 3, "手机": 12, "带": 1, "段": 1, "时间": 7, "终于": 1, "明白": 1, "目的": 1, "推动": 1, "电视": 1, "核心": 1, "原因": 1, "L钟文泽": 1, "视频": 13, "O抽奖": 1, "详情": 2, "看破": 1, "坚强": 1, "背后": 1, "软肋": 3, "或许": 1, "Mate30": 5, "Pro": 1, "点击O": 2, "网页": 2, "链接": 2, "即可": 3, "入手": 1, "___": 1, "L华": 3, "终端": 3, "官方": 3, "​": 17, "三星": 7, "退出": 3, "中国": 19, "制造": 3, "确实": 2, "市场": 4, "大街": 2, "到处": 1, "苹果": 4, "店": 2, "最多": 1, "小米": 2, "vivo": 2, "国产": 1, "品牌": 9, "雄起": 1, "国家": 2, "发展": 5, "强大": 1, "同步": 1, "！": 6, "牌子": 1, "企业": 3, "指数": 4, "100": 3, "榜单": 2, "今日": 2, "人民日报": 2, "正式": 3, "、": 29, "阿里巴巴": 1, "上汽": 1, "集团": 1, "腾讯": 1, "石油": 1, "格力": 1, "电网": 1, "工商": 1, "银行": 1, "建筑": 1, "入围": 1, "关注": 2, "O": 5, "(": 2, "CBDI": 1, ")": 1, "研究": 4, "报告": 1, "2019": 3, "熔化": 1, "玻璃": 5, "重力": 1, "自然": 1, "滴入": 1, "冰水": 1, "如同": 1, "蝌蚪状": 1, "泪滴": 1, "俗称": 1, "鲁珀特": 1, "泪": 2, "奇妙": 1, "物理": 1, "特性": 1, "泪珠": 1, "本身": 1, "坚硬": 1, "很多": 1, "8": 1, "吨": 1, "压力": 2, "碎": 1, "抓住": 1, "纤细": 1, "尾巴": 2, "稍微": 1, "施加": 1, "颗": 2, "瞬间": 1, "爆裂": 1, "四": 2, "溅": 1, "粉碎": 1, "盔甲": 1, "任正非": 34, "称": 7, "本来": 14, "退休": 14, "美国": 23, "打压": 14, "动力": 14, "12月": 6, "18日": 4, "心声": 6, "社区": 6, "刊发": 3, "接受": 8, "拉美": 6, "西班牙": 8, "媒体": 7, "采访": 11, "纪要": 5, "留下": 6, "公共关系部": 6, "打工": 6, "@": 1, "老板": 3, "联播L": 1, "联播": 2, "柳传志": 5, "同岁": 1, "喜欢": 3, "镇江籍": 1, "卸任": 1, "联想": 2, "控股": 1, "董事长": 2, "1944年": 2, "4月": 1, "出生": 2, "江苏": 1, "镇江": 1, "75": 1, "岁": 3, "毕业": 1, "西安": 1, "电子": 1, "科技": 8, "大学": 2, "40": 2, "创立": 2, "6": 1, "毕业于": 1, "重庆": 1, "44": 1, "份额": 2, "剩下": 2, "0.8%": 2, "评论": 1, "补充": 1, "~": 2, "国": 2, "打趣": 2, "记者": 1, "询问": 1, "制裁": 1, "做好": 2, "备用": 1, "计划": 2, "备胎": 1, "详细": 1, "情况": 2, "对此": 1, "一家": 4, "穷": 2, "公司": 14, "积累": 1, "现金": 1, "CPU": 3, "难": 2, "全世界": 1, "英特尔": 1, "成功": 4, "做出": 1, "CPU来": 1, "备份": 1, "安全感": 1, "想想": 1, "多难": 1, "NPU": 1, "GPU": 1, "昇腾": 1, "鲲鹏": 1, "……": 5, "十几": 1, "离开": 1, "供给": 1, "独立": 1, "客户": 1, "提供": 1, "服务": 1, "说道": 1, "依然": 3, "拥抱": 3, "合作": 3, "供应": 1, "器件": 1, "大规模": 1, "采用": 1, "自立": 1, "长远": 1, "方针": 1, "坚定不移": 1, "全球化": 1, "西语": 1, "本月": 2, "11日": 3, "上市": 7, "判断": 3, "做事": 3, "工作": 2, "实体": 2, "清单": 2, "延期": 2, "影响": 3, "；": 11, "5G": 13, "建成": 2, "欧洲": 6, "网络": 3, "动力L": 1, "盘点": 2, "十大": 3, "成就": 4, "第一": 4, "创造": 2, "历史": 2, "2019年": 3, "科学家": 2, "硬核": 2, "嫦娥": 2, "四号": 2, "传回": 2, "人类": 4, "月球": 2, "背影": 2, "这是": 2, "首次": 2, "登陆": 2, "月背": 2, "开启": 3, "突破": 2, "新篇章": 2, "时速": 1, "600": 1, "公里": 1, "高速": 1, "磁浮": 1, "样车": 1, "下线": 1, "工信部": 3, "发放": 2, "商用": 1, "牌照": 2, "捷龙": 2, "号": 2, "飞": 2, "中科院": 2, "发现": 2, "迄今": 2, "黑洞": 2, "鸿蒙": 2, "操作": 3, "系统": 4, "L梨": 2, "文化": 3, "秒拍": 2, "头条": 1, "文章": 1, "回踩": 3, "企稳": 4, "皆": 3, "买": 7, "": 2, "财经": 2, "每日": 1, "必读": 1, "赚钱": 2, "季": 1, "周三": 1, "股权": 1, "/": 5, "公告": 1, "+科": 1, "创板": 1, "+": 6, "影视": 2, "游戏": 1, "能源": 1, "汽车": 1, "金融": 1, "券商": 1, "分化": 1, "区块链": 1, "基建": 1, "周期": 1, "养殖": 1, "板块": 3, "迹象": 1, ";": 1, "主板": 1, "缩量": 1, "下跌": 1, "预设": 1, "明日": 3, "观察": 3, "成交量": 2, "放大": 1, "强势": 2, "股": 2, "接力": 3, "亏": 1, "钱": 1, "效应": 2, "减缓": 1, "南宁": 1, "百货": 1, "万通": 1, "智控": 1, "南京": 1, "证券": 1, "卓易": 1, "信息": 1, "情绪": 2, "标杆": 2, "空间板": 1, "高度": 1, "5板": 1, "首板": 2, "数量": 1, "增加": 1, "大概": 1, "大盘": 1, "筹码": 1, "密集": 1, "套牢区": 1, "重点": 1, "持续": 1, "短期": 1, "震荡": 1, "剧烈": 1, "难度": 1, "变大": 1, "高标": 1, "不宜": 1, "盲目": 1, "博傻": 1, "高低": 1, "切换": 2, "风险": 1, "偏好": 1, "选择": 1, "包板": 1, "1": 1, "3": 1, "涨停板": 1, "套利": 1, "优": 1, "策略": 3, "低": 2, "吸": 1, "主线": 1, "人气股": 1, "超跌": 1, "创": 1, "轮动": 1, "补涨": 1, "入场": 1, "吸富": 1, "一生": 1, "O回": 1, "踩企": 1, "稳": 1, "网友": 1, "永远": 1, "低估": 1, "P30Pro": 1, "能力": 1, "涓流": 2, "充电": 5, "大家庭": 1, "X30Pro": 1, "33": 1, "W充": 1, "电器": 1, "4350": 1, "mAh": 1, "电池": 2, "半": 1, "小时": 1, "充入": 1, "70%": 1, "充满": 1, "用时": 1, "57": 1, "分钟": 1, "快": 3, "40W": 1, "小白": 2, "测评": 2, "数据库": 2, "mate30Pro": 1, "iPhone11Promax": 1, "放到": 1, "尴尬": 1, "实验": 1, "半天": 1, "解决": 1, "办法": 1, "只能": 1, "c关": 1, "装": 1, "公交卡": 1, "这两天": 1, "耗电": 1, "裤兜": 1, "同事": 1, "车": 1, "开车": 1, "天天": 1, "坐": 1, "公交车": 1, "家到": 1, "花": 1, "长": 2, "L那岩": 1, "Pro5G": 1, "版": 1, "8GB": 1, "128GB": 1, "版本": 1, "开售": 2, "DXOMARK": 1, "排行榜": 1, "摄像头": 1, "整体": 1, "得分": 1, "超": 2, "感光": 1, "徕卡": 1, "电影": 2, "摄": 1, "带来": 1, "精彩": 1, "影像": 2, "体验": 2, "生活": 1, "购买": 1, "使命": 1, "必达": 1, "年末": 1, "收获": 1, "手表": 1, "荣耀": 1, "Magic": 1, "Watch#2": 1, "续航": 1, "通话": 2, "可播": 1, "音乐": 2, "表盘": 1, "碰": 1, "即传": 1, "心仪": 1, "运动": 2, "150": 1, "米": 1, "之内": 1, "自由": 2, "15": 1, "模式": 1, "游泳": 1, "测心率": 1, "爱": 1, "20日": 2, "留意": 1, "奢侈": 1, "iPhone11ProMax": 1, "排": 2, "第十": 1, "保时捷": 1, "第九": 1, "台": 4, "创始人": 2, "深圳": 2, "事实": 1, "证明": 1, "峰值": 1, "功率": 1, "无涓流": 1, "寿命": 1, "安全性": 1, "时长": 1, "调度": 1, "30多": 1, "W": 1, "W快": 1, "代表": 1, "充电系": 1, "激活": 2, "高瓦数": 1, "快充": 3, "短": 1, "充一会儿": 1, "好处": 1, "利用": 1, "碎片化": 1, "随手": 1, "插一会儿": 1, "优势": 2, "外化": 1, "宣传": 1, "缩短": 1, "用户": 1, "感知": 1, "UI": 1, "表格": 1, "部长": 3, "李毅中": 3, "经验": 3, "值得": 3, "学习": 3, "赞扬": 3, "工业": 2, "信息化": 1, "经济": 1, "联合会": 1, "会长": 1, "新京报": 1, "峰会": 1, "封锁": 1, "底气": 1, "专利": 1, "世界": 1, "总数": 1, "1/4": 1, "研发": 2, "费用": 1, "占": 1, "销售": 1, "收入": 1, "20%": 1, "30%": 1, "基础": 1, "远见": 1, "O工": 1, "信部": 1, "建设": 4, "组件": 4, "工厂": 4, "梁华": 3, "可行性": 3, "法新社": 1, "O华": 1, "余承东": 1, "预告": 1, "P40": 3, "在于": 2, "黑": 2, "恢复": 2, "本色": 2, "｜": 1, "CEO": 1, "清算": 1, "昆山": 1, "电机": 1, "员工": 1, "赔偿": 1, "达N": 1, "＋": 1, "5": 1, "遥想": 1, "诺基亚": 1, "摩托罗拉": 1, "如今": 1, "市面": 1, "OPPO": 1, "茬": 2, "!​": 1, "Mate30pro": 1, "早上": 1, "电梯": 1, "心板": 1, "心痛": 1, "据说": 1, "上海": 1, "新翡": 1, "冷翠": 1, "隔日": 1, "新星": 1, "河银": 1, "真香": 1, "转为": 1, "花粉": 1, "​​​": 1, "拍出": 1, "大片感": 1, "满满": 1, "短片": 1, "携手": 1, "系列": 1, "走进": 1, "高校": 1, "师生们": 1, "现场": 1, "解答": 1, "重构": 1, "魅力": 1, "评论区": 1, "印象": 1, "深刻": 1, "片段": 1, "随机": 1, "抽": 1, "送": 1, "VIP": 1, "会员": 1, "月卡": 1, "截至": 1, "23:00": 1, "​O": 1, "抽奖": 1, "HenryLau": 1, "刘": 2, "宪华": 2, "千万": 1, "b站": 1, "搜": 1, "首先sunny": 1, "优点": 1, "李秀满": 1, "侄女": 1, "结婚": 1, "你好": 1, "上位": 1, "拼": 1, "哈哈哈": 1, "宝藏": 1, "男孩": 1, "承包": 1, "晚上": 1, "笑点": 1, "L": 1, "小宝": 1, "贝儿": 1}