{"华为": 56, "P30Pro": 5, "真的": 2, "拍": 7, "月亮": 2, "特意": 1, "试": 1, "…": 1, "L爱": 1, "范儿": 1, "视频": 7, "​": 21, "直播": 8, "：": 6, "手机": 13, "望远镜": 5, "！": 18, "P30": 31, "发布": 8, "盛典": 3, "4月": 4, "11日": 2, "下午": 2, "2:30": 1, "2019": 4, "春季": 5, "新品": 10, "发布会": 9, "上海": 8, "举办": 2, "国内": 2, "消费者": 1, "期盼": 1, "款": 4, "正式": 2, "亮相": 2, "系列": 13, "卖点": 1, "全球": 11, "领先": 2, "摄影": 5, "技术": 2, "网友": 1, "昵称": 1, "夜视仪": 3, "、": 26, "新闻": 1, "KNEWS": 1, ".": 3, "4万多": 6, "5G": 13, "基站": 6, "发": 6, "占": 1, "订单": 3, "一半": 3, "参考": 2, "消息": 3, "报道": 4, "称": 2, "2018年": 2, "签订": 2, "商用": 2, "合同": 2, "30多": 2, "占据": 2, "包括": 3, "英国": 2, "瑞士": 2, "泰国": 2, "马来西亚": 2, "菲律宾": 2, "国家": 2, "地区": 2, "网络": 4, "运营商": 2, "都": 9, "纷纷": 3, "合作": 2, "加速": 2, "发展": 3, "建设": 2, "14:30": 2, "锁定": 2, "一手": 1, "信息": 2, "终端": 3, "官方": 2, "浪人": 1, "TV": 1, "体育": 2, "中心": 2, "届时": 1, "号称": 1, "50": 2, "倍": 2, "变焦": 4, "银河": 2, "售价": 6, "公布": 2, "MatebookXPro": 1, "Matebook": 1, "14": 1, "国行": 1, "悬念": 1, "揭晓": 1, "据说": 1, "电脑": 1, "惊喜": 1, "精彩": 2, "新浪": 1, "未来": 4, "影像": 5, "产品": 2, "价格": 2, "满意": 1, "·": 1, "东方": 1, "新机": 1, "上手": 1, "第一": 2, "件": 1, "——": 1, "感谢": 2, "到场": 1, "花粉": 1, "媒体": 2, "朋友": 1, "线上": 1, "观看": 1, "朋友们": 1, "会见": 1, "配": 1, "拥有": 3, "姓名": 1, "小招": 1, "送": 4, "请": 1, "拍拍": 1, "身边": 2, "招商": 2, "银行": 2, "关注": 6, "@": 7, "App": 1, "转发": 3, "本条": 2, "1": 2, "名": 2, "好友": 2, "值得": 1, "18日": 2, "抽": 2, "抽奖": 2, "平台": 2, "共青团": 1, "中央": 1, "视觉": 3, "中国": 6, "国行版": 2, "6788": 1, "元": 5, "3988": 2, "5488": 1, "搭载": 1, "EMUI": 3, "9.0": 1, "反向": 1, "无线": 1, "充电": 1, "主打": 1, "拍照": 4, "#O": 1, "刚刚": 2, "开售": 1, "预计": 1, "起​": 1, "MatebookXpro": 2, "笔记本": 1, "拆包": 1, "小报告": 1, "~L": 1, "陈震": 1, "同学": 1, "好运鸭": 1, "过滤": 3, "台": 3, "1500": 1, "荣耀": 1, "9i手机": 1, "4.17": 1, "花式": 2, "种草": 1, "赞有": 1, "好运": 1, "巴黎": 1, "科技": 4, "赋予": 1, "力量": 1, "L华": 2, "秒拍": 2, "全新": 3, "徕卡": 3, "四": 3, "摄": 3, "改写": 2, "历史": 1, "带": 3, "再次": 1, "刷新": 1, "高度": 1, "上市": 7, "今日": 2, "备受": 1, "瞩目": 1, "超": 2, "感光": 2, "带来": 2, "强大": 3, "拍摄": 2, "效果": 5, "送华": 1, "买华": 1, "30": 3, "苏宁": 4, "易购": 3, "打Call": 1, "尝鲜": 1, "营销": 1, "平台O": 1, "网页": 1, "链接": 1, "众测": 2, "开奖": 1, "快": 2, "L苏宁": 1, "重点": 1, "字眼": 1, "显微镜": 1, "画质": 1, "颜值": 2, "相关": 1, "有待": 2, "展示": 1, "。。": 1, "": 2, "900": 1, "光影": 2, "世界": 1, "大招": 1, "方舟": 1, "编译器": 1, "大幅": 1, "提升": 1, "安卓": 1, "系统": 1, "性能": 1, "面向": 1, "业界": 2, "源​": 1, "搞机": 1, "零距离": 1, "评测": 1, "遥远": 1, "距离": 2, "段": 1, "时间": 1, "印象": 2, "深刻": 1, "这次": 2, "太": 3, "超长": 1, "防抖": 2, "水平": 1, "刚才": 1, "才": 2, "反光镜": 1, "传感器": 1, "稳": 1, "颜色": 3, "天空": 1, "境": 1, "俘获": 1, "用户": 1, "室外": 1, "环境": 2, "发挥": 1, "最佳": 1, "表现": 5, "体验": 1, "测试": 1, "S10": 1, "iPhoneXSMax": 1, "对比": 1, "；": 3, "优点": 1, "缺点": 1, "L钟": 1, "文泽": 1, "胖": 1, "语音": 4, "助手": 2, "小艺": 3, "升级": 2, "语": 1, "直达": 2, "融合": 1, "听觉": 1, "交互": 1, "视听": 1, "一体化": 1, "调用": 1, "智慧": 2, "能力": 2, "9.1": 1, "①": 1, "长": 1, "电源键": 1, "秒": 3, "即可": 1, "唤醒": 1, "高频": 1, "播报": 1, "②": 1, "支持": 1, "混合": 1, "标签": 1, "智能": 2, "搜图": 1, "便捷": 1, "分享": 1, "③": 1, "自定义": 2, "学习": 2, "组合": 1, "技能": 1, "指令": 1, "+": 1, "引擎": 1, "转发量": 2, "最低": 1, "粉丝": 1, "赠送": 1, "HUAWEIP": 1, "美学": 1, "融为一体": 1, "规则": 1, "重塑": 1, "经典": 1, "开启": 2, "L华为P30": 1, "嗯嗯": 1, "P30PRO": 1, "～​": 1, "现场": 1, "展现": 1, "惊人": 1, "暗拍": 3, "长焦": 1, "堪比": 1, "银河照": 1, "人间": 1, "在线": 1, "撩人": 1, "科普": 1, "圈粉": 1, "滴": 1, "戳": 1, "扫盲": 1, "~​": 1, "功能": 1, "暗": 1, "夜色": 1, "尽收眼底": 1, "打破": 1, "局限": 1, "超强": 1, "结束": 1, "成功": 1, "大众": 1, "构想": 1, "前方": 1, "高能": 1, "快速": 1, "服务": 1, "转评": 1, "抽送": 1, "P30一": 1, "郑": 1, "云龙": 2, "郑": 1, "东野圭吾": 1, "音乐剧": 1, "中文版": 1, "办法": 1, "炮姐们": 1, "不错": 2, "十几": 1, "排拍": 1, "故事": 1, "实在": 1, "揪心": 1, "头": 1, "大龙": 3, "沉浸": 1, "剧情": 1, "34": 1, "抹": 1, "眼泪": 1, "读信": 1, "环节": 1, "终于": 2, "一个": 4, "有趣": 1, "逗笑": 1, "念": 1, "作者": 1, "绒绒": 3, "妈妈": 1, "哈哈哈": 1, "听": 1, "好玩": 1, "记": 1, "龙读": 1, "内容": 1, "笼子": 1, "睡": 1, "明天": 2, "歌手": 1, "决赛": 2, "成年人": 1, "道理": 1, "懂得": 1, "加油": 1, "忘": 2, "初心道阻": 2, "长大龙": 1, "表情": 1, "兄弟": 1, "内心": 1, "很": 3, "遗憾": 1, "笑": 1, "用力": 1, "胸口": 1, "心脏": 1, "位置": 1, "7": 1, "且长": 1, "摘掉": 1, "帽子": 3, "心想": 1, "打脸": 3, "乖乖": 1, "摘": 1, "留下": 1, "鸡窝": 1, "卷": 1, "毛头": 1, "回去": 1, "天天": 1, "气": 1, "宠起粉": 1, "黑糖": 1, "方方": 1, "拍到": 1, "他俩": 1, "脸": 1, "猫咪": 1, "笑脸": 1, "流水账": 1, "完毕": 1, "晚点": 1, "写": 1, "观影": 1, "笔记": 1, "4.11": 1, "星期四": 1, "复盘": 1, "这两天": 1, "V啊V": 1, "痛快": 1, "这几天": 1, "跟着": 1, "轻仓": 1, "空仓": 1, "宝宝们": 1, "记得": 1, "夸": 1, "脸皮": 1, "厚": 1, "扛": 1, "住": 1, "市": 2, "平开": 1, "昨天": 1, "大涨": 3, "透明": 3, "工厂": 3, "集体": 2, "回落": 1, "明白": 1, "过时": 1, "汽车": 8, "江苏": 1, "自贸区": 1, "延续": 1, "强势": 2, "超级": 1, "真菌": 1, "龙头": 1, "一字": 1, "后排": 1, "掉队": 1, "一度": 2, "带动": 1, "板块": 5, "走强": 1, "此后": 1, "大盘": 1, "总体": 1, "震荡": 1, "下行": 1, "近期": 1, "白酒": 1, "跌幅": 1, "居前": 1, "午前": 1, "市场": 2, "持续": 2, "杀跌": 3, "沪指": 2, "失守": 1, "3200": 1, "午后": 1, "工业": 1, "大麻": 1, "氢": 1, "燃料": 1, "电池": 1, "均": 1, "异动": 1, "分化": 2, "持续性": 2, "昨日": 2, "杀": 1, "片甲不留": 1, "化工": 1, "场内": 1, "观望": 1, "情绪": 1, "浓": 1, "亏": 1, "钱": 1, "效应": 1, "增强": 1, "临近": 1, "尾盘": 1, "指数": 1, "截止": 1, "收盘": 1, "跌": 1, "1.60%": 1, "深成": 1, "指跌": 2, "2.65%": 1, "创业板": 1, "2.06%": 1, "653": 1, "个股": 5, "上涨": 1, "75": 1, "涨停": 5, "股外": 1, "73": 1, "2863": 1, "下跌": 1, "18": 1, "跌停": 1, "29": 1, "股票": 1, "炸板": 1, "炸板率": 1, "30%": 1, "题材": 2, "车展": 1, "据称": 1, "名为": 1, "Sharing-Van": 1, "公开": 1, "近日": 1, "东风": 3, "襄阳": 1, "地方政府": 1, "签署": 1, "协议": 1, "宣称": 1, "打造": 1, "智能化": 1, "刺激": 1, "双双": 1, "封死": 1, "一字板": 1, "华体": 1, "随后": 1, "封板": 1, "北汽": 1, "蓝谷": 1, "冲高": 1, "资金": 1, "后市": 1, "留意": 1, "产业链": 1, "养鸡": 2, "迎来": 1, "全线": 1, "反抽": 2, "走势": 2, "民和": 1, "股份": 3, "8%": 1, "益生": 1, "仙坛": 1, "圣农": 1, "涨": 1, "观察": 2, "行情": 2, "烂么": 1, "几十": 1, "较为": 1, "溢价": 1, "赚钱": 1, "众多": 1, "股民": 1, "锤爆": 1, "狗头": 1, "回顾": 1, "呈现": 1, "两极": 1, "爆发": 1, "轮动": 1, "延续性": 1, "提前": 1, "抓": 1, "不住": 1, "，，": 1, "追": 1, "一句话": 1, "先手": 1, "吃": 2, "肉": 1, "后手": 1, "尸米": 1, "盘中": 1, "祝": 1, "宝宝": 1, "春梦": 1, "了无": 1, "痕": 1, "财经": 1, "美女": 1, "美国": 2, "O华": 1}