{"古墓": 3, "才能": 1, "丽影": 2, "一个": 9, "打开": 1, "方式": 1, "！": 7, "L华": 3, "终端": 4, "官方": 3, "秒拍": 8, "视频": 17, "​​​": 1, "余承东": 13, "谈": 3, "华为": 55, "上市": 12, "：": 8, "不用": 2, "追求": 2, "财报": 4, "数字": 3, "利润": 12, "投资": 5, "未来": 7, "3月": 3, "31日": 2, "消费者": 3, "业务": 3, "CEO": 2, "中国": 6, "IT": 2, "领袖": 2, "峰会": 2, "谈到": 3, "企业": 3, "支撑": 2, "难": 6, "技术": 6, "投入": 5, "任正非": 7, "理念": 2, "原因": 3, "赚取": 2, "基础": 4, "研究": 2, "远期": 2, "@": 5, "老板": 3, "联播L": 1, "联播": 2, "超越": 5, "美国": 5, "梦": 3, "何不": 3, "潇洒": 4, "走": 4, "回": 6, "30日": 1, "总裁": 2, "第四": 1, "届": 1, "持股": 2, "员工": 1, "代表会": 1, "说道": 1, "4月": 1, "1日": 2, "心声": 1, "社区": 1, "刊发": 1, "讲话": 1, "主航道": 1, "奋斗": 1, "先进": 1, "学习": 1, "努力": 1, "追赶": 1, "目标": 1, "最先": 1, "红旗": 1, "插": 1, "‘": 1, "上甘岭": 1, "’": 1, "O": 2, "梦何": 1, "外媒": 3, "专访": 2, "拍照": 5, "苹果": 11, "竞争": 4, "新一代": 1, "旗舰": 2, "P30": 9, "系列": 5, "法国": 1, "巴黎": 1, "全球": 1, "首发": 1, "徕卡": 1, "四": 1, "摄": 1, "引发": 1, "业内": 1, "热议": 1, "近日": 1, "接受": 2, "采访": 3, "手机": 20, "业界": 1, "这是": 4, "自信": 1, "缺乏": 1, "产品": 3, "硬件": 4, "创新": 4, "O余": 2, "承东": 2, "​": 16, "干": 1, "件": 1, "无聊": 1, "事儿": 1, "索尼": 1, "XZ2P4KRGB": 1, "W排列LCD": 1, "；": 8, "魅族": 1, "Note91080PRGB": 1, "排列": 7, "LCD": 2, "三": 1, "Mate201080PRGBRGW": 1, "四三星": 1, "S10+2K": 1, "钻石": 3, "OLED": 5, "五": 1, "iPhoneXSMAX1080P": 1, "+": 1, "六": 1, "小米": 4, "91080P": 1, "七": 1, "Mate20": 1, "PRO2K": 1, "周冬雨": 2, "八": 1, "PRO1080P": 1, "昨天": 2, "夜": 1, "美食": 1, "想": 2, "都": 8, "照片": 1, "黑华": 1, "屏幕": 7, "褶皱": 1, "工读生": 1, "真的": 1, "嚎哭": 1, "。。。": 1, "爸爸": 1, "亲自": 1, "打脸": 2, "NFC": 2, "做成": 2, "车": 1, "钥匙": 1, "公交卡": 1, "……": 3, "消费": 1, "群体": 1, "⋯⋯": 1, "支持": 1, "🙏": 1, "🙏​": 1, "近期": 1, "中方": 4, "连续": 1, "叫停": 2, "加拿大": 8, "油菜籽": 6, "进口": 3, "一片哗然": 1, "世界": 1, "出口国": 1, "华": 1, "第二": 1, "出口": 2, "第一": 2, "农产品": 2, "经济": 1, "创造": 1, "260亿": 1, "加元": 2, "产值": 1, "4.5万": 1, "就业": 1, "岗位": 1, "112亿": 1, "工资": 1, "媒体": 3, "故意": 1, "孟晚舟": 1, "事件": 1, "报复": 1, "责任": 1, "推给": 1, "发现": 3, "检疫性": 1, "有害": 1, "生物": 1, "情况": 1, "提供": 1, "详细": 1, "资料": 1, "措施": 1, "检疫": 2, "防范": 1, "科学": 1, "符合": 2, "相关": 1, "法律": 1, "法规": 1, "国际": 2, "惯例": 1, "保护": 1, "我国": 1, "农业": 1, "生产": 1, "生态": 2, "三星": 1, "S10+": 1, "P20Pro": 1, "打架": 1, "抽": 1, "S10+一巴掌": 1, "徕卡Q2": 1, "、": 6, "尼康D": 1, "5": 1, "帮忙": 1, "终究": 1, "GoPro": 1, "InstaOneX": 1, "亮": 1, "....": 1, "L新浪": 1, "分期": 2, "平台": 2, "买": 5, "卡槽": 2, "自带": 2, "电话卡": 1, "小梅": 2, "到手": 1, "这部": 1, "还给": 1, "额外": 1, "惊喜": 1, "竟然": 1, "注册": 1, "电信卡": 1, "L1818": 1, "黄金眼": 1, "酷燃": 1, "很": 4, "进军": 1, "服务行业": 1, "优势": 1, "依然": 1, "IOS": 1, "系统": 1, "的确": 2, "安卓机": 1, "IP": 1, "68": 1, "防水": 1, "拍摄": 1, "指纹": 4, "快充": 1, "安卓": 3, "机器": 2, "更胜一筹": 1, "A12": 1, "处理器": 1, "faceid": 2, "人脸": 1, "识别": 1, "领先": 1, "P30pro": 1, "上4K": 1, "录制": 5, "自拍": 2, "自动": 2, "焦": 1, "用户": 3, "体验": 2, "角度": 2, "距离": 1, "焦用处": 1, "太": 4, "4K": 3, "占": 1, "内存": 1, "区别": 1, "导致": 1, "空间": 2, "试": 1, "1": 1, "分钟": 1, "300MB": 1, "1080P": 2, "150MB": 1, "倍": 3, "平时": 1, "720P": 1, "够用": 1, "回来": 1, "功能": 4, "好用": 2, "好像": 1, "喷": 1, "无线": 1, "充电": 1, "3Dtouch": 1, "需求": 1, "国内": 1, "龙头": 1, "汽车": 2, "董秘": 1, "交流": 1, "MadeinChina": 1, "自豪": 1, "动力": 1, "智能": 1, "突飞猛进": 1, "内饰": 1, "改善": 1, "不少": 2, "诟病": 1, "外观": 2, "请": 1, "一流": 1, "团队": 2, "(": 1, "LaFerrari": 1, ")": 1, "参与": 1, "设计": 3, "快": 1, "2020年": 1, "新款": 1, "台阶": 1, "车型": 1, "走出": 1, "不止": 1, "美的": 1, "空调": 1, "💪": 1, "🏻​": 1, "新西兰": 2, "总理": 1, "阿德恩": 1, "JacindaArdern": 1, "周一": 1, "称": 1, "禁": 1, "报道": 1, "真实": 2, "L微": 1, "丢": 1, "缩短": 2, "下巴": 6, "选择": 3, "短": 1, "误触": 1, "保留": 1, "设备": 1, "相比": 1, "缩窄": 1, "侧面": 1, "边框": 1, "谢谢": 1, "川普": 1, "压力": 2, "网页": 1, "链接": 1, "能力": 2, "持仓": 1, "踢": 1, "待涨": 1, "，，": 1, "追高": 1, "建仓": 1, "喜欢": 2, "5G": 1, "科技": 2, "地产": 1, "产业链": 2, "潜伏": 1, "恒大": 1, "回归": 1, "区块链": 1, "题材": 1, "大盘": 1, "涨停板": 1, "普涨": 1, "幻想": 1, "最低": 1, "卖": 1, "成熟": 1, "股民": 3, "盈利": 1, "王道": 1, "同意": 1, "困难": 1, "顶住": 1, "加大": 1, "3G": 1, "抓住": 1, "发展": 2, "机会": 1, "公司": 3, "想象": 1, "阶段": 1, "千亿": 1, "资金": 2, "用于": 1, "研发": 4, "砍": 1, "一半": 1, "增加": 2, "500亿": 3, "投": 1, "越来越": 1, "库克": 2, "关系": 1, "影响": 2, "马上": 1, "卷铺盖": 1, "走人": 1, "明天": 1, "打基础": 1, "奖金": 1, "位置": 1, "长远": 1, "风险": 1, "招": 1, "轻奢": 1, "涨价": 1, "拉高": 1, "收入": 1, "事实": 1, "证明": 1, "失败": 1, "就要": 1, "服务": 2, "割": 1, "韭菜": 1, "永远": 2, "指望": 1, "冒险": 1, "记者": 2, "这不": 1, "透明": 3, "公开": 1, "才": 1, "发布": 1, "独立": 1, "会计师": 1, "事务所": 1, "审计": 1, "办法": 1, "P30Pro": 2, "L左": 1, "耳朵": 1, "耗子": 1, "聊": 1, "事情": 1, "妈": 3, "朋友": 1, "推荐": 3, "2000": 1, "内": 1, "省钱": 1, "目的": 1, "红米Note7Pro": 1, "差点": 1, "实体店": 1, "下单": 1, "放弃": 1, "荣耀": 2, "红米Note7": 1, "百口莫辩": 1, "毕竟": 1, "家里人": 1, "品牌": 1, "认可度": 1, "差华": 1, "也许": 1, "留下": 1, "印象": 1, "L": 3, "Milk": 1, "黛": 1, "螺顶": 1, "后山": 1, "极品": 1, "星空": 1, "佛学": 1, "字语坊": 1, "佛": 1, "学禅": 1, "游记": 1, "​​": 3, "忻州": 1, "·": 1, "黛螺": 1, "顶​": 1, "看好": 1, "变焦": 2, "摄像": 1, "买入": 1, "2成": 3, "亮晶晶": 1, "龙盛": 1, "1成": 1, "送": 1, "燃料": 1, "电池": 1, "仓位": 1, "加到": 1, "7成": 1, "神秘": 1, "传来": 1, "打斗": 1, "声": 1, "收看": 1, "↓": 1, "": 1, "陈": 2, "星旭": 3, "🌟": 1, "李": 1, "承鄞": 1, "姐妹们": 1, "换上": 1, "同款": 1, "壁纸": 2, "陈星旭": 1, "CHEN": 1, "叫作": 1, "苍茫": 1, "天空": 1, "搜索": 1, "🔎​": 1, "眨眼": 1, "新色": 1, "驾到": 1, "戳": 1, "戴上": 1, "TA": 1, "只管": 1, "跑": 1, "～": 1, "全新": 1, "WatchGT": 1, "颜色": 1, "UnboxTherapy": 1, "P系列": 2, "机型": 1, "配置": 2, "4": 1, "颗": 1, "后置": 1, "摄像头": 1, "50": 1, "版本": 1, "价格": 1, "便宜": 1, "台": 1, "怪兽": 1, "LUnboxTherapy": 1, "网友": 1, "翻出": 1, "当年": 1, "荣耀学": 1, "学O": 1, "PPO": 1, "作者": 1, "惊叹": 1, "数码​": 1, "延续": 1, "美学": 1, "基因": 1, "时尚": 1, "艺术": 1, "涉及": 1, "ID": 1, "色彩": 1, "选定": 1, "材质": 1, "工艺": 1, "模块": 1, "专职": 1, "打磨": 1, "希望": 1, "带来": 1}