{"华为": 88, "正式": 43, "发布": 50, "鸿蒙": 94, "快讯": 4, "！": 30, "全新": 9, "分布式": 18, "操作": 29, "系统": 71, "：": 26, "中国": 6, "品牌": 3, "点赞": 2, "L": 2, "央视": 9, "新闻": 6, "秒拍": 6, "视频": 9, "​": 17, "投票": 3, "喜欢": 9, "今日": 4, "自有": 17, "体验感": 1, "款": 3, "直播": 9, "2019": 1, "开发者": 25, "大会": 18, "广东": 1, "东莞": 3, "会议": 1, "期间": 1, "荣耀": 2, "智慧屏": 2, "、": 28, "升级版": 1, "麒麟": 1, "芯片": 1, "产品": 1, "技术": 3, "现场": 2, ".": 3, "开幕": 1, "亮相": 7, "8月": 8, "9日": 10, "11日": 1, "松山湖": 2, "据悉": 1, "重点": 1, "5G": 12, "落地": 1, "物联网": 1, "AI": 1, "领域": 1, "自主": 2, "研发": 2, "有望": 1, "澎湃": 1, "消费者": 5, "业务": 5, "全球": 11, "基于": 9, "微内核": 10, "面向": 8, "场景": 10, "——": 2, "OS": 29, "人民": 1, "锐评": 1, "天地": 2, "宽": 2, "中华": 2, "有为": 2, "消息": 1, "甫出": 1, "顿时": 1, "燃爆": 1, "舆论场": 1, "名字": 3, "深刻": 1, "隐喻": 1, "肩负": 1, "历史": 1, "使命": 1, "都": 4, "抱负": 1, "隐忍": 1, "坚守": 1, "关键": 1, "核心": 2, "买": 3, "讨": 1, "谋": 1, "深计": 1, "远": 1, "先手": 1, "棋": 1, "抓住": 1, "创新": 2, "主动权": 1, "卡脖子": 1, "化危为机": 1, "不必": 1, "妄自菲薄": 1, "无需": 1, "妄自尊大": 1, "等于": 1, "万事大吉": 1, "任正非": 1, "此前": 1, "缺乏": 1, "程序": 1, "生态": 12, "建立": 1, "时间": 1, "机会": 1, "更何况": 1, "面对": 1, "群狼": 1, "环伺": 1, "突围": 1, "百倍": 1, "努力": 1, "超越": 1, "加油": 2, "切记": 1, "O网页": 1, "链接": 1, "刚刚": 2, "一个": 3, "安卓": 16, "随时": 13, "启用": 2, "CEO": 4, "余承东": 15, "介绍": 3, "称": 2, "全世界": 3, "第一": 3, "全场": 4, "景微": 1, "内核": 3, "原因": 2, "优先": 6, "支持": 2, "谷歌": 4, "手机": 27, "可用": 2, "开源": 3, "开发": 4, "转移": 2, "便捷": 2, "兼容": 2, "用于": 3, "更换": 1, "迁移": 2, "一两": 2, "多种": 1, "设备": 7, "OS比": 1, "性能": 1, "安全性": 3, "强大": 1, "能力": 9, "未来": 4, "工作量": 1, "@": 3, "老板": 2, "联播L": 1, "联播": 1, "这是": 3, "景OS": 1, "架构": 2, "支撑": 2, "带来": 1, "天生": 3, "流畅": 7, "内": 1, "核级": 1, "共享": 3, "并称": 1, "天辟": 1, "L五环": 1, "短": 1, "​​​L": 1, "​​​": 1, "联通": 2, "曝光": 1, "5G化": 1, "加速": 1, "到来": 3, "第一时间": 3, "购买": 3, "近期": 1, "中兴": 1, "三星": 1, "小米": 2, "旗下": 1, "首款": 1, "上市": 1, "全国": 1, "营业厅": 1, "10010": 1, "官网": 1, "同步": 1, "启动": 1, "预约": 1, "预售": 1, "10日": 1, "基地": 1, "会上": 1, "请": 1, "视点": 2, "报道": 1, "⬇": 1, "新华": 1, "4G": 3, "甩卖": 2, "选": 2, "时代": 2, "大幅": 1, "下调": 4, "售价": 3, "清理": 1, "库存": 1, "P30Pro": 1, "直降": 1, "500": 1, "元": 5, "9": 1, "vivoX27": 1, "热门": 1, "机型": 1, "紧跟": 1, "步伐": 1, "100": 1, "400": 1, "不等": 1, "OPPO": 1, "FindX": 1, "1000": 1, "Magic2": 1, "700": 1, "创下": 1, "新低": 1, "新闻O": 1, "​​": 2, "初衷": 1, "景": 1, "智慧": 1, "进一步": 1, "提升": 3, "跨平台": 1, "包括": 3, "跨": 2, "平台": 1, "应对": 1, "低": 1, "时延": 3, "挑战": 1, "雏形": 1, "出发点": 1, "Android": 1, "iOS": 1, "体验": 4, "架": 1, "构级": 1, "可信": 2, "终端": 5, "无缝": 1, "协同": 1, "部署": 4, "新浪": 1, "客厅": 1, "对话": 1, "总裁": 1, "杨超斌": 1, "美国": 1, "影响": 1, "去年": 1, "商用": 2, "具备": 1, "器件": 1, "都会": 1, "来自于": 2, "供应商": 1, "国家": 1, "软硬兼施": 1, "国货": 1, "L头条": 1, "酷燃": 1, "备受": 1, "市场": 1, "关注": 3, "大屏": 1, "PC": 1, "音响": 2, "弹性": 2, "记者": 1, "吴涛": 1, ")": 1, "L中": 1, "人民网": 1, "O华": 3, "用到": 1, "文": 1, "详解": 1, "打通": 1, "可穿戴": 1, "车机": 1, "四": 2, "特性": 1, "寓意": 1, "想": 1, "↓↓": 1, "字": 1, "牛逼": 1, "量产": 1, "HDC2019": 3, "引擎": 1, "确保": 1, "用户": 1, "交互": 1, "匹配": 1, "特征": 1, "资源": 1, "精准": 1, "调度": 1, "响应": 1, "降低": 1, "25.7%": 1, "带给": 1, "稳定": 1, "保障": 1, "微内": 1, "核技术": 1, "执行": 1, "环境": 1, "形式化": 1, "方法": 1, "等级": 1, "转发": 2, "系列": 2, "转发量": 2, "随机": 2, "抽": 2, "送": 2, "Mate20Pro": 2, "2亿": 2, "台": 4, "纪念版": 2, "8GB": 2, "+": 2, "256GB": 2, "/": 2, "馥蕾红": 2, "1": 2, "截止": 2, "17日": 2, "14:00": 2, "重磅": 1, "景分": 1, "布式OS": 1, "OS​": 1, "苹果": 2, "厂商": 1, "致力于": 1, "发展": 1, "面临": 1, "困难": 1, "瓶颈": 1, "分裂": 1, "封闭": 1, "互为": 1, "外设": 1, "明年": 1, "2.0": 1, "版本": 2, "后年": 1, "3.0": 1, "HarmonyOS": 1, "分布": 1, "模块化": 1, "解耦": 1, "符合": 1, "期待": 1, "黑科技": 2, "加持": 1, "HMSCore": 1, "开放": 1, "14": 1, "项": 1, "统一": 3, "扫码": 1, "地图": 1, "AR": 1, "导航": 1, "标记": 1, "在内": 1, "快速": 1, "接入": 2, "提供": 1, "一站式": 1, "服务": 1, "门户": 1, "账户": 1, "结算": 1, "免去": 1, "后顾之忧": 1, "专注于": 1, "戳图": 1, "详情": 1}