{"华为": 62, "电影": 21, "悟空": 25, "刷屏": 9, "！": 45, "网友": 16, "：": 40, "永不": 7, "天高地厚": 8, "5月": 6, "23日": 4, "官方": 13, "发布": 14, "短片": 8, "这是": 6, "P30Pro": 7, "携手": 4, "第十一": 3, "届": 3, "FIRST": 3, "影展": 3, "最佳": 7, "影片": 3, "导演": 11, "获得者": 3, "蔡成杰": 7, "拍摄": 6, "第一": 8, "支": 9, "裸机": 6, "竖屏": 8, "片长": 3, "8": 3, "分钟": 7, "片如其名": 3, "贯穿": 5, "全片": 5, "精神": 4, "主线": 5, "正是": 4, "主人公": 3, "男孩": 5, "喜爱": 5, "孙悟空": 5, "后者": 3, "拥有": 5, "十八般": 5, "武艺": 5, "不畏": 5, "艰险": 5, "敢于": 5, "恶": 5, "势力": 5, "斗争": 5, "网友们": 2, "看完": 2, "不禁": 2, "惊呼": 2, "仿佛": 5, "真的": 3, "回到": 7, "童年": 6, "不知": 6, "L华": 7, "终端": 9, "视频": 22, "看哭": 5, "六一节": 4, "棒": 5, "礼物": 5, "取名": 2, "转发": 2, "配文": 2, "最初": 2, "寻找": 5, "未来": 7, "不少": 4, "感动": 2, "不已": 2, "纷纷": 3, "感叹": 2, "难忘": 2, "记忆": 2, "_____": 2, "O华": 3, "中国": 46, "部门": 2, "立案": 4, "调查": 4, "美国": 30, "联邦": 6, "快递": 6, "外国": 4, "干": 3, "6月": 2, "1日": 1, "消息": 3, "国际": 2, "媒体": 4, "关注": 1, "外媒": 2, "对此": 1, "第一时间": 1, "报道": 4, "↓": 3, "彭博社": 1, "路透社": 2, "中都": 1, "提到": 2, "本周": 1, "审查": 1, "公司": 11, "合作": 2, "关系": 3, "表态": 1, "讨论": 1, "有人": 2, "中方": 5, "发起": 1, "支持": 1, "；": 2, "做法": 1, "理解": 2, "干脆": 2, "建议": 1, "禁用": 1, "、": 15, "转而": 1, "顺丰": 1, "DHL": 1, "(": 1, "敦豪": 1, ")": 1, "方式": 1, "全文": 1, "O": 1, "封杀": 3, "第8": 3, "淡定": 4, "！！！": 1, "友邦": 1, "惊诧": 1, "L军": 1, "武季": 1, "​": 16, "美": 7, "韩": 2, "英5": 1, "G大": 1, "比拼": 1, "助力": 1, "英国": 16, "完胜": 1, "4月": 2, "韩国": 1, "3": 3, "运营商": 4, "推出": 3, "5G": 16, "服务": 3, "首尔": 1, "信号": 3, "都": 10, "稳定": 2, "5日": 1, "Verizon": 1, "芝加哥": 2, "记者": 4, "实测": 1, "30日": 1, "携": 1, "开启": 1, "BBC5G": 1, "直播": 2, "画面": 1, "清晰": 1, "网速": 3, "太": 1, "快": 1, "手机": 4, "流量": 1, "瞬间": 1, "用完": 1, "@": 5, "五环短": 1, "L五环": 1, "短": 2, "秒拍": 6, "昨日": 1, "超级": 1, "重磅": 1, "称": 3, "此举": 1, "针对": 1, "国家": 4, "正值": 1, "紧张": 1, "升级": 2, "之际": 3, "此前": 1, "政府": 5, "列入": 3, "黑名单": 1, "禁止": 1, "做生意": 2, "纽约": 1, "时报": 1, "建立": 2, "可靠": 2, "实体": 2, "清单": 4, "反制": 2, "很": 6, "日本": 2, "时事": 1, "通信社": 1, "举动": 3, "制裁": 2, "措施": 1, "经济": 2, "新闻": 1, "评价": 1, "企业": 8, "份": 1, "难": 1, "客户": 2, "转移": 1, "影响": 1, "预计": 1, "慎重": 1, "选择": 1, "民航": 1, "漂亮": 1, "给力": 1, "波音": 16, "同意": 1, "支付": 5, "120亿": 5, "赔偿": 8, "给出": 2, "项": 1, "承诺": 4, "特朗": 1, "普气": 1, "暴跳如雷": 1, "众所周知": 1, "事件": 2, "发生": 2, "很多": 5, "巨头": 4, "曲线救国": 1, "最先": 2, "航空": 2, "截止": 1, "超过": 1, "10": 1, "提出": 1, "方向": 1, "波音737": 1, "MAX": 1, "停": 1, "飞": 1, "损失": 2, "退还": 1, "定金": 1, "总计": 1, "美元": 7, "巨额": 2, "间接": 1, "找到": 1, "喘息": 1, "空间": 1, "想错": 1, "28号": 1, "大呼不可思议": 1, "一点": 2, "意外": 1, "航空局": 1, "波音737MAX": 1, "晚": 1, "6月底": 1, "复飞": 1, "包括": 1, "在内": 1, "拒绝": 3, "机型": 1, "开放": 1, "领空": 1, "讨好": 1, "优先": 1, "737MAX": 1, "系统": 1, "确保": 1, "架": 1, "飞机": 3, "性能": 1, "不止": 1, "宽体": 3, "客机": 3, "研究": 4, "跳": 1, "特朗普": 7, "妥协": 1, "努力": 1, "波音复飞": 1, "无论是": 1, "条件": 1, "不用": 1, "答应": 1, "着急": 1, "3月份": 1, "坠机": 2, "收到": 1, "订单": 2, "亏损": 1, "尽快": 1, "走": 6, "阴霾": 1, "卖": 1, "一个": 7, "放": 1, "一码": 1, "识时务": 1, "大方": 1, "接受": 1, "原谅": 1, "喜不自禁": 1, "予以": 1, "伙伴": 1, "托词": 1, "俄罗斯": 1, "合租": 1, "大型": 1, "秘密": 1, "俄": 1, "希望": 2, "研制": 1, "含有": 1, "专利": 1, "意味着": 1, "缴纳": 1, "专利费": 1, "担忧": 1, "多余": 1, "指手画脚": 1, "原创": 1, "小军": 1, "迷奇": 1, "牧军": 1, "视": 1, "世界": 4, "孩子": 8, "金箍棒": 1, "英雄": 1, "P30": 5, "Pro零": 1, "外接": 1, "镜头": 1, "创作": 1, "讲述": 2, "小朋友": 1, "悟空梦": 1, "六一": 4, "儿童节": 3, "来临": 3, "永远": 3, "勇往直前": 2, "山": 3, "高地": 3, "远": 4, "忘": 4, "初心": 3, "~": 1, "日前": 1, "上线": 2, "广告": 5, "该片": 1, "全程": 1, "系列": 3, "打破": 1, "传统": 2, "横屏": 2, "尺寸": 1, "故事": 3, "精彩": 3, "天高地厚L": 1, "新浪": 2, "视频·Digi": 1, "X艺": 1, "视界": 1, "现场": 3, "人山人海": 1, "阮": 1, "大师": 1, "沈非": 1, "艺术": 2, "表演": 1, "高潮迭起": 1, "意义": 1, "品质": 1, "带到": 1, "线下": 1, "点赞": 1, "头条": 1, "文章": 1, "曲线": 1, "起点": 2, "禁令": 2, "半": 3, "O曲线": 1, "BBC": 4, "亢奋": 2, "件": 1, "大事": 1, "领先": 2, "昨天": 1, "主流": 1, "处在": 2, "状态": 1, "迎来": 1, "历史": 2, "时刻": 4, "…": 1, "..": 1, "电信": 1, "EE": 1, "商用": 3, "网络": 4, "终于": 1, "正式": 1, "从此": 1, "人民": 4, "感受": 1, "火箭": 1, "飞跃": 1, "速度": 2, "试验": 1, "阶段": 1, "尚未": 1, "颁发": 1, "牌照": 1, "这次": 1, "先于": 1, "派出": 1, "三": 1, "路": 5, "时代": 1, "福布斯": 3, "科技": 4, "女性": 5, "榜": 2, "屠呦": 1, "呦": 1, "何庭波": 2, "50": 3, "入选": 1, "31日": 1, "首次": 1, "公布": 1, "中医": 1, "科学院": 1, "中药": 1, "研究所": 1, "终身": 1, "研究员": 2, "首席": 1, "屠": 1, "呦呦": 1, "海思": 1, "总裁": 3, "苹果": 4, "副总裁": 1, "大中华区": 1, "董事": 1, "总经理": 1, "葛": 1, "/": 1, "COO杜红": 1, "滴滴": 1, "出行": 1, "柳青": 1, "登上": 1, "榜单": 3, "领域": 1, "名": 1, "优秀": 1, "无排名": 1, "评估": 1, "创始人": 1, "高管": 1, "一线": 1, "研发": 2, "工程师": 1, "或者是": 1, "技术": 2, "创新": 1, "先锋": 1, "程": 1, "春雨": 1, "详": 1, "戳": 1, "O福布斯": 1, "榜全": 1, "全世界": 2, "西方": 1, "高等": 1, "农村": 1, "想": 2, "8K": 1, "电视": 1, "买": 1, "老": 1, "自信": 1, "样子": 1, "可爱": 1, "莫名": 1, "自豪": 1, "#L": 1, "圈君": 1, "影业": 2, "影像": 1, "计划": 2, "拍": 2, "颠覆": 1, "手法": 1, "审美": 1, "习惯": 1, "分享": 1, "平凡": 2, "题材": 1, "感情": 1, "时间": 1, "挡": 1, "不住": 1, "追": 1, "梦": 1, "回过头": 1, "天地": 1, "脚下": 1, "L股痴": 1, "重阳": 1, "德国": 4, "形象片": 1, "1": 3, "形象": 3, "前路": 2, "蜿蜒": 2, "崎岖": 2, "亦": 2, "绵延": 2, "起伏": 2, "动力": 2, "条": 3, "时差": 1, "L时差": 2, "任正非": 1, "🇨🇳": 1, "骄子": 1, "这不": 1, "米兰": 1, "东莞": 1, "松山湖": 1, "中心": 1, "禁华为令": 1, "轰轰烈烈": 1, "闹": 1, "正当": 1, "抱": 1, "平时": 1, "不慌不忙": 1, "微笑": 1, "——O": 1, "天高地": 1, "厚​": 1, "技巧": 1, "燃到": 1, "大片": 1, "之间": 1, "奇幻": 1, "燃": 1, "L": 1, "蔡": 1, "成杰": 1, "胡歌": 1, "只能": 1, "签华": 1, "L影": 1, "视生": 1, "": 2, "论坛": 1, "说事": 1, "富士康": 11, "投资": 8, "600亿": 1, "欲": 1, "撤离": 2, "深圳": 2, "这家": 1, "美企": 2, "坚守": 1, "步步紧逼": 1, "心知肚明": 1, "目标": 1, "不仅仅": 1, "早": 1, "去年": 1, "本土": 1, "回国": 1, "补贴": 7, "吸引": 1, "各国": 1, "响应": 1, "号召": 1, "设厂": 2, "迫于": 1, "压力": 1, "撤出": 1, "诱惑": 1, "不乏": 1, "赴": 1, "代工": 1, "王": 1, "郭台铭": 3, "100亿": 1, "690亿": 1, "元": 5, "人民币": 3, "建厂": 3, "当地": 4, "创造": 1, "1.3万": 1, "就业": 1, "岗位": 1, "为此": 1, "亲自": 1, "出席": 1, "仪式": 1, "高达": 2, "41亿": 1, "283亿": 1, "员工": 3, "开出": 1, "4500": 1, "3.1万": 1, "月薪": 2, "国内": 2, "6000": 1, "五分之一": 1, "惹来": 1, "争议": 1, "高额": 1, "薪资": 1, "水平": 1, "招人": 1, "难度": 1, "因素": 1, "谁料": 1, "地区": 1, "工厂": 4, "生产线": 1, "迁至": 1, "印度": 4, "欧洲": 2, "这下子": 1, "20万": 1, "面临": 1, "失业": 1, "危机": 1, "或许": 2, "内": 3, "商人": 1, "国界": 1, "市场": 3, "祖国": 1, "现状": 1, "劳动力": 1, "成本": 1, "土地": 1, "价格": 1, "飞速": 1, "上涨": 1, "销量": 1, "下滑": 1, "有意": 1, "开拓": 1, "紧随": 1, "其后": 1, "关键": 1, "迁": 1, "惹": 1, "一身": 1, "骚": 1, "讨到": 1, "一拖再拖": 1, "申请": 1, "欧盟": 1, "28": 1, "国": 1, "全票": 1, "反对": 1, "进展": 1, "缓慢": 1, "规模": 1, "越来越": 1, "引来": 2, "美方": 1, "不满": 1, "通用": 5, "汽车": 4, "放弃": 1, "抛出": 1, "300亿": 1, "留": 1, "裁员": 1, "1.4万": 1, "关闭": 3, "全球": 1, "7": 1, "生产": 1, "基地": 1, "惹怒": 1, "社交": 1, "连发": 1, "段": 1, "文字": 1, "指责": 1, "忘恩负义": 1, "俄亥俄州": 1, "密歇根州": 1, "马里兰州": 1, "感到": 1, "失望": 1, "墨西哥": 1, "拯救": 1, "感谢": 1, "最终": 1, "取消": 1, "迁怒": 1, "泡影": 1, "清华": 1, "大学": 1, "校园": 1, "发现": 1, "95": 1, "座": 1, "古墓": 1, "同学们": 1, "好奇": 1, "一睹": 1, "究竟": 1, "这时候": 1, "手持": 1, "同学": 1, "校": 1, "亮": 1, "星": 1, "人像": 1, "小孩": 1, "圣诞节": 1, "快乐": 1, "兴奋": 1, "推特": 1, "民众": 1, "贴出": 1, "截屏": 1, "980": 1, "Mbps": 2, "羡慕": 1, "评论": 1, "骄傲": 1, "相比之下": 1, "CNET": 1, "测试": 1, "皱": 1, "眉头": 1, "才": 1, "67": 1, "#​": 1, "星星": 3, "人类": 1, "目力": 1, "光亮": 1, "星空": 2, "梦想": 1, "将来": 1, "仰望": 1, "夜空": 1, "请": 1, "看华": 1, "5GPower": 1, "守护": 1, "璀璨": 1, "26日": 1, "MWCSH2019": 1, "大会": 1, "•": 1, "上海": 1, "浦江": 1, "滨": 1, "绽放": 1, "敬请": 1, "期待": 1, "O儿童节": 1, "送": 1, "绿色": 1, "地球": 1, "互联网": 1, "迪拜": 3, "签署": 1, "超大5G": 1, "合同": 1, "接近": 1, "五百亿": 1, "5": 1, "建设": 1, "工程": 1, "庆祝": 1, "国王": 1, "免费": 1, "高塔": 1, "哈利法塔": 1, "旗舰": 1, "Mate20": 1, "投放": 1, "专属": 1, "200万": 1, "美金": 1, "下令": 1, "楼宇": 1, "外墙": 1, "黑灯": 1, "​​​": 1, "L工": 1, "信布": 1}