{"美国": 57, "归还": 23, "华为": 98, "扣留": 10, "货物": 10, "外交部": 10, "承认": 14, "违法性": 13, "9月": 11, "10日": 7, "发言人": 6, "华春莹": 16, "主持": 3, "例行": 5, "记者会": 5, "记者": 4, "提问": 5, "报道": 8, "政府": 33, "公司": 33, "撤回": 9, "6月": 9, "部门": 7, "诉讼": 9, "中方": 8, "对此": 3, "评论": 3, "近日": 12, "年前": 9, "无故": 7, "扣押": 13, "一批": 7, "电信": 10, "设备": 18, "事实上": 11, "随意性": 9, "反对": 5, "美方": 15, "证据": 6, "情况": 10, "诬陷": 5, "中国": 31, "企业": 31, "滥用": 5, "国家": 10, "力量": 5, "打压": 10, "特定": 10, "光彩": 5, "不道德": 5, "一贯": 5, "标榜": 5, "市场": 12, "经济": 5, "原则": 5, "否定": 5, "损害": 5, "形象": 5, "信誉": 5, "影响": 6, "各国": 5, "合作": 7, "信心": 5, "微软": 16, "总裁": 9, "接受": 6, "彭博": 6, "商业": 6, "周刊": 6, "采访": 6, "确凿": 5, "事实": 5, "逻辑": 5, "法律": 6, "条款": 5, "依托": 5, "措施": 5, "敦促": 5, "倾听": 5, "各界": 5, "人士": 6, "理性": 5, "声音": 5, "停止": 10, "泛化": 5, "错误": 5, "做法": 5, "无理": 5, "经营": 5, "活动": 5, "提供": 8, "公平": 5, "、": 11, "公正": 10, "非歧视": 5, "营商": 5, "环境": 5, "人民日报": 3, "全程": 1, "高能": 1, "！": 16, "分钟": 2, "带": 2, "电影": 4, "台前": 1, "幕后": 1, "悄悄": 1, "哔哥": 1, "这次": 2, "表现": 2, "真的": 4, "很": 7, "不错": 2, "平板": 2, "M6": 2, "@": 4, "终端": 4, "官方": 2, "L": 4, "刘": 2, "哔": 2, "秒拍": 4, "视频": 8, "​": 14, "快": 2, "速度": 2, "打破": 1, "时空": 1, "界限": 1, "Mate30": 4, "19日": 2, "德国": 2, "慕尼黑": 1, "Rethinkpossibilities": 1, "L华": 2, "美": 11, "：": 26, "台湾": 2, "电视": 1, "节目": 1, "主持人": 1, "谈华": 1, "L寰亚SYHP": 1, "长沙": 5, "比亚迪": 6, "首批": 2, "手机": 6, "正式": 3, "下线": 2, "伟创力": 6, "出局": 1, "长沙市": 1, "郑重": 1, "电子": 1, "有限": 2, "生产": 2, "坐实": 1, "踢出局": 1, "真相": 1, "5月份": 1, "背信弃义": 1, "遭受": 1, "损失": 1, "想到": 1, "当即": 1, "终止": 1, "项目": 2, "—": 1, "智能": 2, "产业园": 1, "转身": 1, "找": 1, "国内": 4, "11日": 1, "注册": 1, "相关": 2, "业务": 2, "；": 5, "15日": 1, "签约": 1, "9日": 4, "批量": 1, "超过": 1, "90": 1, "短": 2, "时间": 3, "内": 3, "取代": 1, "全球": 1, "第二": 1, "代工": 1, "显示": 2, "背后": 1, "实力": 1, "全力": 1, "支持": 1, "决心": 1, "#伟": 1, "创力": 1, "谷歌": 3, "App": 2, "找到": 2, "开发": 2, "替代品": 2, "科技": 6, "媒体": 3, "Ausdroid": 1, "2019": 1, "柏林": 1, "IF": 1, "A展": 1, "消费者": 1, "软件部": 1, "王成禄": 1, "称": 4, "系列": 4, "运行": 1, "Android": 1, "10": 1, "发布": 4, "可用": 1, "款": 2, "用户": 1, "界面": 1, "熟悉": 1, "程序": 1, "O华": 1, "确认": 1, "APP": 1, "L老板": 1, "联播": 1, "撤诉": 4, "批评": 2, "正当": 4, "起诉": 3, "理由": 2, "消失": 2, "子公司": 2, "提交": 2, "申请": 2, "针对": 5, "包括": 2, "商务部": 2, "在内": 2, "提起": 2, "扣货": 2, "事件": 2, "做出": 2, "体现": 2, "O美": 2, "回应": 5, "扣": 2, "新华社": 1, "北京": 1, "电": 1, "马": 1, "卓言": 1, "作出": 4, "表述": 2, "应对": 2, "师": 1, "回味": 1, "老师": 2, "经典": 1, "金句": 1, "才": 1, "讲": 1, "上次": 1, "写": 1, "黑板": 1, "位置": 1, "栋": 1, "楼": 1, "班": 1, "吵": 1, "一道": 1, "送": 2, "分题": 1, "口头禅": 1, "怀念": 1, "评论区": 2, "分享": 1, "印象": 1, "教师节": 1, "聊": 1, "中车": 1, "黑科技": 1, "傻事": 1, "P30": 1, "嫣紫色": 1, "墨玉蓝": 1, "太": 3, "可爱": 1, "！！！": 1, "双面": 1, "设计": 2, "质感": 1, "举起": 1, "小爪": 1, "喜欢": 1, "想": 1, "宝宝": 1, "集体": 1, "智慧": 1, "结晶": 2, "观影": 2, "高科技": 1, "不说": 1, "技术": 6, "拿捏": 1, "稳稳": 1, "杜比": 1, "全景": 1, "声效": 1, "杜": 1, "调色": 1, "合二为一": 1, "沉浸式": 1, "体验": 1, "苹果": 3, "发布会": 1, "风口": 1, "浴霸": 1, "摄像头": 5, "耳机": 1, "反向": 1, "充电": 1, "TapticEngine": 1, "都": 8, "跟踪": 1, "大概率": 1, "办法": 1, "搞": 1, "屏下": 1, "指纹": 1, "路线": 1, "意料": 1, "之中": 1, "关键": 1, "推": 1, "推A": 1, "R眼镜": 1, "推室": 1, "定位": 1, "对待": 3, "兼": 1, "首席": 1, "法务官": 1, "布拉德·史密斯": 1, "日前": 1, "方式": 1, "监管": 1, "机构": 2, "解释": 1, "决断": 1, "史密斯": 1, "告诉": 2, "一家": 3, "销售": 1, "产品": 3, "购买": 1, "操作": 6, "系统": 6, "芯片": 2, "好比": 1, "酒店": 1, "开门": 1, "营业": 1, "不准": 1, "客房": 1, "放床": 1, "餐厅": 1, "食物": 1, "央视": 1, "新闻": 2, "客户端": 1, "O": 2, "能动": 1, "真格": 1, "振兴": 1, "民族": 3, "工业": 1, "六": 1, "字": 1, "永远": 1, "金字招牌": 1, "这几年": 1, "未来": 2, "海外": 2, "这块": 1, "牌子": 1, "实际上": 1, "有用": 1, "1994年": 1, "4月": 1, "很多": 4, "唏嘘不已": 1, "一度": 1, "摆上": 1, "大会堂": 1, "国宴": 1, "天府可乐": 1, "百事": 1, "收编": 1, "至此": 1, "八": 1, "碳酸": 1, "饮料": 2, "盛海": 1, "可口可乐": 1, "百事可乐": 1, "收入": 1, "囊中": 1, "一个": 5, "煽情": 1, "标题": 1, "乐": 3, "水淹七军": 1, "现象": 1, "国人": 1, "担忧": 1, "激发": 1, "热情": 1, "聪明": 1, "企业家们": 1, "很快": 4, "就要": 2, "海尔": 4, "张瑞敏": 1, "跨国": 1, "资本": 1, "较量": 2, "就算": 1, "死": 2, "......": 1, "外国": 2, "打败": 1, "倒下": 1, "称霸": 1, "天下": 2, "TCL": 2, "李东生": 1, "跟进": 1, "更待何时": 1, "多年": 1, "玄幻": 1, "小说": 1, "作者": 1, "抄": 1, "李东升": 1, "兵团": 1, "TCL愿": 1, "产业": 1, "报国": 1, "敢死队": 1, "李": 1, "东生": 1, "敢死队长": 1, "多久": 1, "彩电": 1, "城市": 1, "压倒": 1, "国际": 1, "品牌": 3, "笑傲群雄": 1, "军人": 1, "气质": 1, "十足": 1, "长虹": 1, "倪润峰": 1, "高呼": 1, "筑起": 1, "长城": 1, "国产": 1, "凑热闹": 1, "哇哈哈": 1, "打出": 1, "挑战": 1, "旗号": 1, "一时间": 1, "中国人": 1, "可乐": 3, "——": 1, "广告语": 1, "风行": 1, "占领": 1, "呈": 1, "三足鼎立": 1, "势": 1, "年代": 1, "爱国": 1, "营销": 1, "原罪": 1, "官网": 1, "通报": 1, "包含": 1, "原产于": 1, "网": 1, "交换机": 1, "服务器": 3, "计划": 1, "2017年": 1, "加州": 3, "实验室": 1, "测试": 1, "回": 1, "转运": 1, "途中": 1, "美国商务部": 1, "违反": 1, "出口": 1, "管制法": 1, "为由": 1, "海关": 1, "此后": 1, "20多": 1, "反复": 1, "询问": 1, "调查": 1, "进展": 1, "始终": 1, "未": 1, "给出": 1, "谁家": 2, "DVD": 2, "莫名": 1, "心疼": 1, "花": 1, "投资": 1, "带入": 1, "5G": 3, "时代": 2, "一朝": 1, "新湃": 2, "拉回": 1, "影碟机": 1, "老实": 1, "周边": 1, "DVD机": 1, "头条": 1, "文章": 1, "汰弱留强": 2, "赚钱": 2, "季": 2, "": 1, "财经": 1, "每日": 1, "必读": 1, "周二": 1, "/": 1, "+": 3, "金融": 1, "军工": 1, "农业": 1, "主板": 1, "缩量": 1, "调整": 5, "15": 1, "级别": 1, "预设": 1, "明日": 4, "4-6": 1, "小时": 1, "观察": 3, "成交量": 1, "放大": 1, "强势": 1, "股": 2, "接力": 2, "效应": 1, "恢复": 1, "天津": 1, "普林": 1, "非科": 1, "创板": 1, "情绪": 1, "标杆": 2, "风险": 1, "偏好": 1, "选择": 4, "首板": 2, "包板": 1, "1": 1, "涨停板": 1, "套利": 1, "数量": 1, "锐减": 1, "抛压": 1, "早盘": 1, "着急": 1, "追涨": 1, "优": 1, "策略": 1, "潜伏": 1, "轮动": 1, "科创板": 1, "沃尔德": 1, "乐鑫": 1, "南微": 1, "医学": 3, "福光": 1, "股份": 1, "瀚川": 1, "板块": 2, "活跃": 1, "盘中": 1, "耐心": 1, "等待": 1, "增量": 1, "资金": 1, "打造": 1, "O汰": 1, "弱留": 1, "指控": 3, "学者": 1, "偷": 1, "污蔑": 2, "检方": 1, "欺诈": 1, "罪": 1, "厦门": 1, "大学": 2, "副教授": 1, "毛波": 4, "(": 1, "音译": 1, ")": 1, "协助": 1, "窃取": 1, "法院": 2, "文件": 2, "达成": 1, "协议": 1, "学术": 1, "研究": 2, "为名": 1, "获取": 2, "电路板": 2, "集团": 2, "试图": 1, "这项": 1, "知情": 1, "透露": 2, "证明": 1, "一点": 1, "毛波自": 1, "去年": 1, "秋季": 1, "担任": 1, "得克萨斯": 1, "客座": 1, "教授": 1, "卷入": 1, "宗": 1, "硅谷": 1, "初创": 1, "CNEXLabs": 1, "民事": 1, "案件": 1, "据称": 1, "涉嫌": 1, "CNEX": 1, "应用于": 1, "联手": 1, "削弱": 1, "行业": 1, "领导": 1, "地位": 1, "环球网": 1, "文": 1, "一句话": 1, "虚假": 1, "本人": 1, "承担": 1, "后果": 1, "当事人": 2, "丶": 1, "De感": 1, "叹号": 1, "Yvonne酱": 1, "工作": 1, "地点": 1, "慧通": 1, "职务": 1, "服务": 1, "专家": 1, "诉求": 1, "生活": 1, "道歉": 1, "能量": 1, "疯玩": 1, "暑假": 1, "学期": 1, "下决心": 1, "好好": 1, "学习": 1, "上课": 1, "神游": 1, "刷题": 1, "考场": 1, "心慌": 1, "大声": 1, "开口": 1, "英语": 1, "听": 3, "……": 1, "类似": 1, "经历": 1, "觉醒": 1, "学霸": 1, "20日": 1, "22日": 1, "打开": 1, "创造": 1, "闪耀": 1, "时刻": 1, "qrahw": 1, "中低价": 1, "潜力": 1, "绿盘": 1, "买": 1, "热门": 1, "阴线": 1, "钱": 1, "童子": 1, "明天": 1, "飞": 1, "外交": 1, "相约": 1, "蓝厅": 1, "违法": 1, "性​": 1, "裁员": 1, "科技股": 1, "UPDATE": 1, "信息": 5, "补充": 1, "苦练": 1, "技术面": 1, "弥补": 1, "---------5": 1, "G世代": 1, "来临": 1, "基础": 1, "建设": 2, "的确": 1, "手持": 1, "装置": 1, "成长": 3, "三星": 1, "推出": 1, "初期": 1, "机潮": 1, "当初": 1, "3G": 1, "4G": 1, "还要": 1, "来得": 1, "等到": 1, "2023年": 1, "专供": 1, "元器件": 1, "期待": 1, "大幅": 1, "PCB": 1, "软板": 2, "碰": 1, "-----": 1, "日本": 1, "股价": 1, "跌": 1, "不少": 1, "聊聊": 1, "股市": 1, "无关": 1, "请": 1, "古典": 2, "音乐": 3, "医疗": 1, "股票": 1, "好处": 1, "增加": 1, "知识": 1, "古音": 1, "---------宫,商,角": 1, "征": 1, "羽,": 1, "西洋": 1, "DO,RE,MI": 1, "FA,SO": 1, "五行": 1, "金木水": 1, "火土": 1, "---------": 1, "身体": 1, "心肝脾": 1, "肺": 1, "肾": 1, "国外": 1, "报告": 2, "病人": 1, "治疗": 1, "加乘": 1, "效果": 1, "追踪": 2, "摇滚": 1, "重金属": 1, "DJ": 1, "寿命": 1, "采样": 1, "姑且": 1, "养生": 1, "杯": 1, "茶": 1, "古": 1, "典乐": 1, "书": 1, "讲话": 2, "反击": 1, "震慑": 1, "1.": 1, "狂推": 1, "基于": 3, "鲲鹏": 3, "CPU": 3, "英特尔": 1, "X86": 1, "卖": 1, ".": 2, "公务": 2, "办公": 2, "台式": 3, "电脑": 5, "迅猛": 1, "发力": 1, "太原": 1, "年产": 1, "60万": 1, "台": 1, "生产线": 1, "3": 1, "搭载": 3, "鸿蒙": 2, "笔记本": 2, "上市": 2, "威胁": 1, "三": 1, "动作": 1, "慌": 1, "实在": 2, "憋": 1, "不住": 1, "接连": 1, "动真格": 1, "担心": 1, "干": 3, "满地": 1, "找牙": 1, "公开": 1, "没用": 1, "方向": 1, "抱有": 1, "幻想": 1, "折叠": 2, "新机": 1, "10月": 1, "全新": 2, "升级": 3, "麒麟9905G": 1, "Mate30Pro": 4, "MateX": 5, "难": 1, "余承东": 1, "IFA2019": 1, "有望": 1, "十月": 1, "处理器": 2, "麒麟": 1, "9905": 1, "GSoC": 1, "传言": 1, "相机": 1, "传感器": 1, "采用": 1, "同款": 1, "旗舰": 2, "配置": 1, "屏幕": 1, "价格": 1}