{"马哈蒂尔选": 1, "中国": 47, "美国": 32, "逼": 8, "选边站": 8, "选择": 4, "富裕": 5, "预测": 3, "——": 6, "香港": 3, "南华": 4, "早报": 4, "8日": 6, "发表": 4, "马来西亚": 6, "总理": 7, "马哈蒂尔": 12, "专访": 5, "谈及": 5, "马": 3, "关系": 7, "、": 44, "债务": 3, "陷阱": 3, "华为": 57, "话题": 3, "强大": 6, "历史": 2, "涉及": 2, "从来": 2, "都": 15, "静态": 2, "贫穷": 2, "害怕": 4, "找到": 4, "打交道": 2, "方式": 4, "评论": 1, "称": 6, "微妙": 1, "言论": 2, "进一步": 2, "强化": 1, "观点": 1, "软化": 1, "强硬": 1, "态度": 1, "40": 1, "分钟": 1, "采访": 1, "93": 1, "岁": 1, "暗批": 1, "特朗普": 3, "华": 2, "贸易战": 3, "战略": 1, "O": 3, "选": 7, "L环球网": 1, "秒拍": 1, "视频": 7, "：": 20, "全球": 8, "合作": 3, "担忧": 2, "笼罩": 2, "政府": 12, "决策": 2, "邻居": 1, "2000年": 1, "从未": 1, "试图": 2, "征服": 1, "欧洲": 2, "1509年": 1, "来到": 1, "东南亚": 1, "占领": 1, "O马哈蒂尔": 1, "官宣": 1, "德": 2, "经济": 6, "部长": 4, "德国": 8, "想": 5, "排除": 4, "参与": 4, "5G": 19, "竞标": 2, "首次": 1, "建设": 2, "表态": 1, "!": 1, "法兰克福": 1, "汇报": 1, "报道": 3, "阿尔特迈尔": 1, "7日": 4, "参加": 2, "电视": 1, "节目": 1, "公司": 12, "网络": 1, "供应商": 7, "标准": 3, "亚洲": 1, "时报": 1, "网站": 1, "风传": 1, "禁令": 3, "官方": 2, "正式": 1, "阻止": 1, "盟友": 2, "关键": 1, "领域": 1, "采购": 1, "产品": 1, "打击": 2, "O官": 1, "起诉": 9, "状告": 1, "新闻": 1, "发布会": 1, "发言": 1, "人人": 1, "手": 1, "MateX": 3, "怀里": 1, "掏出": 1, "念稿": 1, "讲": 1, "完合": 1, "走人": 1, "高端": 1, "商务": 1, "人士": 4, "潮流": 1, "A4纸": 1, "太": 5, "土": 1, "植入": 1, "硬广": 1, "搞": 1, "6": 4, "​": 12, "联想": 5, "谣媒": 1, "幕后": 3, "黑手": 3, "挑动": 3, "内耗": 3, "3月": 6, "发布": 5, "声明": 1, "否认": 1, "集团": 1, "董事长": 1, "兼": 1, "CEO": 1, "杨元庆": 2, "放弃": 2, "相关": 2, "造谣": 3, "媒体": 4, "合法": 1, "手段": 1, "调查": 1, "长期": 1, "恶意": 1, "5日": 1, "号": 1, "数码e": 1, "起谈": 1, "平台": 2, "首发": 2, "惹": 1, "争议": 1, "高通": 1, "文章": 3, "随后": 1, "自媒体": 1, "组织": 1, "洗稿": 1, "数百": 1, "军事": 1, "美妆": 1, "博主": 1, "转发": 1, "诽谤": 1, "极其": 1, "恶劣": 1, "社会": 1, "影响": 1, "O联想": 1, "违宪": 1, "聘请": 1, "明星级": 1, "律师": 4, "团队": 1, "包含": 1, "名": 3, "川普": 1, "总统": 1, "竞选": 1, "法律": 3, "顾问": 1, "大干一场": 1, "😄​": 1, "华盛顿": 1, "邮报": 1, "驻华": 1, "记者": 1, "写": 1, "告": 2, "反而": 1, "体现": 1, "外企": 1, "澳前": 2, "难以置信": 2, "五": 4, "眼": 4, "联盟": 4, "本国": 2, "澳大利亚": 2, "特恩布尔": 2, "接受": 2, "英国": 2, "广播": 2, "感叹": 2, "竟然": 3, "四": 2, "中兴": 3, "北欧": 2, "诺基亚": 2, "爱立信": 2, "现象": 2, "发生": 3, "风": 1, "#O": 1, "网页": 22, "链接": 28, "L凤凰网": 2, "麒麟": 3, "980": 3, "不少": 1, "胜过": 1, "骁龙": 3, "855": 3, "有人": 1, "调教": 1, "不行": 2, "这次": 1, "外媒": 1, "三星": 1, "S10+": 1, "手机": 10, "芯片": 3, "测试": 1, "计算": 2, "速度": 1, "浏览": 1, "写入": 1, "优于": 1, "早半年": 1, "很": 2, "差距": 1, "领先": 1, "实事": 1, "说话": 1, "！": 6, "数码": 1, "#​": 2, "真的": 4, "干": 3, "一如": 1, "流浪": 1, "地球": 1, "横空出世": 1, "时有": 1, "电影": 3, "能力": 1, "/": 1, "资格": 1, "拍好": 1, "科幻": 1, "一个": 3, "至关重要": 1, "预言家": 1, "日报": 1, "哈利•波特": 1, "魔法": 2, "世界": 3, "份": 2, "神奇": 1, "报纸": 1, "柔软": 1, "纸张": 1, "呈现": 1, "动态": 1, "影像": 1, "折叠": 2, "会动": 1, "想到": 3, "般的": 2, "构想": 1, "现实": 1, "行业": 2, "终于": 1, "行进": 1, "大门": 1, "扣": 1, "门扉": 1, "传奇": 1, "O解": 1, "密华": 1, "设计": 2, "支持": 1, "力量": 1, "微不足道": 1, "集沙": 1, "成堆": 1, "集腋成裘": 1, "加油": 1, "余承东": 1, "P30": 1, "系列": 1, "预热": 1, "海报": 1, "文案": 1, "加鸡": 1, "腿": 1, "@": 7, "环球": 2, "时报O": 1, "TA": 1, "晚安": 1, "特定": 1, "时间": 2, "思考": 3, "严肃": 1, "小云": 1, "喜欢": 1, "洗澡": 1, "才能": 2, "狂": 1, "吃": 2, "胖": 1, "生活": 1, "瞬间": 1, "时刻": 1, "随机": 1, "抽": 1, "送出": 1, "耳机": 1, "派发": 3, "巨额": 1, "股息": 3, "员工": 9, "待遇": 1, "羡慕": 1, "网友": 1, "打工": 4, "电信": 1, "设备": 1, "巨无霸": 1, "三": 1, "巨头": 1, "全网": 2, "关注": 4, "热点": 1, "正当": 1, "市场": 1, "竞争": 1, "权力": 1, "告上": 1, "法庭": 2, "指控": 1, "2019年": 1, "国防": 1, "授权": 1, "法地": 1, "889": 1, "条款": 1, "违反": 1, "宪法": 2, "消息": 4, "股东": 4, "总值": 2, "数十亿": 2, "美元": 9, "现金": 3, "增幅": 2, "3%": 1, "路透社": 1, "近日": 1, "路透": 2, "技术": 3, "有限": 1, "3％": 1, "2018年": 2, "每股": 2, "股": 1, "息料": 1, "1．02": 1, "元": 8, "增至": 1, "1．05": 1, "补充": 1, "收益": 1, "下降": 1, "7％": 1, "2．61": 1, "拆股": 2, "1": 6, "1．56": 1, "据悉": 1, "雇佣": 1, "18万": 1, "计划": 1, "并非": 1, "开放": 1, "三年": 1, "强劲": 1, "表现": 1, "科技": 1, "发展": 2, "创新": 1, "这一切": 1, "人力": 1, "投入": 2, "资金": 1, "人才": 1, "一点": 1, "确实": 1, "工作": 1, "压力": 2, "收入": 1, "正比": 1, "胡": 1, "锡进": 2, "体制": 3, "人民币": 5, "兑": 2, "去年": 4, "贬到": 3, "20:1": 2, "翻脸": 1, "发动": 1, "打华": 1, "企业": 2, "相当于": 3, "凶猛": 1, "制裁": 1, "国家": 2, "都会": 1, "惊慌失措": 1, "第一": 1, "灾难性": 1, "货币": 2, "大幅": 1, "贬值": 2, "贬": 2, "俄罗斯": 1, "伊朗": 2, "土耳其": 1, "逃过": 1, "情况": 1, "冲击": 1, "如今": 1, "10几": 1, "块钱": 2, "兑换": 1, "大概率": 1, "事件": 1, "很多": 3, "中国人": 1, "慌": 1, "很快": 1, "稳住": 1, "到底": 1, "原因": 1, "意志": 1, "垮": 1, "回过头": 1, "谈判": 1, "赞成": 1, "胡编": 1, "下跌": 2, "夸张": 1, "说法": 1, "跌破": 1, "7": 2, "最多": 1, "破": 1, "8": 2, "极限": 1, "30%": 1, "强势": 1, "澳元": 1, "加元": 1, "欧元": 1, "日语": 1, "这几年": 1, "10-30%": 1, "不等": 1, "唯独": 1, "坚挺": 1, "降点": 1, "无所谓": 1, "无可置疑": 1, "神话": 1, "跌": 1, "O胡": 1, "台积电": 3, "追加": 1, "投片": 1, "客户": 2, "第三": 1, "季度": 1, "独享": 1, "7+nm": 2, "制程": 1, "台湾": 1, "省媒": 1, "2.5亿": 1, "销量": 1, "海思": 3, "加大": 1, "晶圆": 1, "投片量": 2, "上半年": 1, "超越": 1, "苹果": 1, "独家": 1, "采用": 1, "厂商": 1, "优势": 1, "增大": 1, "有望": 1, "挺进": 1, "十大": 1, "银装素裹": 1, "水晶": 1, "童话": 1, "；": 2, "云雾": 1, "缭绕": 1, "仿": 1, "仙境": 1, "跟着": 1, "摄影师": 1, "JacobRiglin去雪地": 1, "山间": 1, "Mate20": 1, "Pro": 1, "记录": 1, "身边": 1, "诗": 1, "远方": 1, "今日": 1, "周末": 1, "~​": 1, "法务": 1, "诉讼": 1, "英文": 1, "词汇": 1, "表达": 1, "合集": 2, "law": 1, "legislation": 1, "立法": 1, "constitution": 1, "amendment": 1, "修正案rights": 1, "权利obligation": 1, "义务": 1, "court": 1, "立案": 1, "judge": 1, "法官": 1, "trial": 1, "审判": 1, "jury": 1, "陪审团": 1, "3.10日": 1, "开奖": 1, "留": 1, "赞": 2, "日常": 1, "好运": 1, "8万": 1, "礼物O": 1, "mateO": 1, "3": 2, "荣耀": 1, "MagicO": 1, "4": 1, "10": 2, "票O": 1, "5": 2, "电动": 1, "牙刷": 1, "O网页": 7, "母婴": 1, "大礼包O": 1, "蒸烤": 1, "一体": 1, "机O": 1, "大米": 1, "项链": 1, "9": 8, "口红": 1, "套": 1, "盒O": 1, "补水": 1, "面膜O": 1, "11": 1, "零食包O": 1, "12": 1, "充电": 2, "宝O": 2, "13": 1, "14": 1, "购物": 1, "卡O": 1, "15": 1, "TT梳O": 1, "16": 1, "大奖": 1, "集O": 1, "17": 1, "转盘O": 1, "18": 1, "3000": 1, "19": 1, "1000": 1, "888": 1, "21": 1, "666": 1, "22": 1, "88.8": 1, "🔍后": 1, "花园": 1, "省钱": 1, "查": 1, "卷O": 1, "苏": 1, "Ning": 1, "免费": 1, "送": 1, "30O": 1, "信用值": 1, "攻略O": 1, "中奖": 1, "反馈O": 1, "戳": 1, "汇总": 1, "左下": 1, "角点": 1, "➰": 2, "表情": 1, "点击": 2, ">>": 1, "表情包": 1, "大全": 1, "抽奖": 1, "领取": 1, "奖品": 1, "深圳": 1, "宝安区": 1, "人民法院": 1, "法院": 1, "判定": 2, "违法": 1, "罚款": 1, "1000亿": 1, "强制": 1, "执行": 1, "财产": 1, "中划": 1, "坐牢": 1, "利用": 1, "司法": 1, "机制": 1, "寻求": 1, "引渡": 1, "超盈": 1, "未婚夫": 1, "大瓜": 1, "搜": 1, "ThomasXin": 1, "哈佛": 2, "大学": 1, "条": 2, "FB": 1, "Annabel": 2, "留言": 1, "自然": 1, "校友": 1, "眼熟": 1, "任正非": 1, "女儿": 1, "孟晚舟": 1, "妹": 1, "？？？": 1, "教育": 2, "改变": 1, "人生": 1, "基础": 1, "财富": 1, "阶级": 1, "全场": 1, "棒": 1, "外长": 1, "回答": 2, "迄今": 1, "谈华": 1, "客观": 1, "冷静": 1, "大国": 1, "风度": 1, "小K": 1, "「": 1, "19th": 1, "」": 1, "浪漫": 2, "成年": 1, "礼kristiankostov": 1, "KristianKostov克里斯": 1, "场": 1, "甜蜜": 1, "约会": 1, "音乐": 2, "#x": 1, "十点": 1, "联合": 1, "招募": 1, "14日": 1, "北京": 1, "神秘": 1, "鲜花": 1, "餐厅": 1, "💐": 1, "小k": 2, "共进": 1, "下午": 1, "茶": 1, "名额": 1, "爱粉": 1, "享": 1, "TeamKris": 1, "速来": 1, "围观": 1, "唯一": 1, "报名": 1, "通道": 1, "共度": 1, "白色": 1, "情人节": 1, "国际部": 1, "湖南": 1, "卫视": 1, "歌手": 1, "头条": 1, "首席": 2, "反诉": 2, "胜算": 2, "上台": 1, "告别": 1, "精英": 1, "政治": 1, "注重": 1, "底盘": 1, "重塑": 1, "降低": 1, "税费": 1, "洼地": 1, "激发": 1, "奋发努力": 1, "竭尽所能": 1, "公平": 1, "公开": 1, "公正": 1, "对等": 1, "原则": 1, "梳理": 1, "各国": 1, "贸易": 1, "奶酪": 1, "在所不惜": 1, "O华": 1, "小米": 5, "Mate9": 7, "感觉": 1, "差别": 1, "1.": 1, "跑": 1, "交": 1, "钱": 1, "预定": 1, "失败": 1, "哥失": 1, "落地": 1, "走出": 1, "店门": 1, "理解": 1, "发": 2, "吐槽": 1, "邀请码": 1, "买": 1, ".": 3, "配置": 1, "反正": 1, "够用": 1, "安卓": 1, "系统": 1, "差不多": 1, "米9": 1, "区别": 1, "宽屏": 1, "米9长": 1, "大屏": 1, "米": 4, "小屏": 1, "字体": 4, "大号": 1, "习惯": 1, "堆": 3, "程序": 1, "设置": 2, "4.": 1, "水": 1, "滴屏": 1, "刘": 2, "海屏": 2, "浪费": 1, "空间": 1, "扎眼": 1, "5.": 1, "拍": 1, "夜景": 1, "图像": 1, "惊讶": 1, "拍照": 3, "坏": 1, "模糊": 1, "扫码": 1, "快": 1, "办法": 1, "也许": 1, "老婆": 1, "灵": 1, "米9开机": 1, "键": 1, "广告": 3, "传说": 1, "推送": 1, "本来": 1, "学": 1, "方法": 1, "没用": 1, "好评": 1, "7.": 1, "显示": 1, "气势": 1, "强点": 1, "长": 1, "今儿": 1, "小苗": 1, "游泳": 1, "放水": 1, "扬帆Yuki": 1, "好玩儿": 1, "iphonex": 1, "杵水": 1, "花屏": 1, "锅": 1, "估计": 1, "平时": 2, "摔": 1, "防水": 2, "爱": 1, "往地": 1, "掉": 1, "轻易": 1, "尝试": 1, "性能": 1, "贵​": 1, "元年": 1, "广东": 2, "联合省": 1, "人民": 1, "医院": 2, "有限公司": 1, "创建": 1, "示范": 1, "这是": 1, "突破": 1, "起点": 1}