{"四月": 1, "十一日": 1, "上海": 3, "华为": 63, "P30": 17, "发布": 5, "带": 2, "大象": 1, "​": 21, "新品": 3, "有奖": 1, "昨天": 3, "发布会": 7, "新款": 3, "PC": 3, "产品": 11, "HUAWEIMateBook14": 1, "款": 3, "电脑": 3, "拍摄": 2, "缘由": 1, "手里": 2, "一个": 4, "星期": 1, "2K": 1, "屏": 1, "视野": 1, "清晰": 1, "感受": 1, "棒": 1, "轻薄": 1, "金属": 1, "机身": 1, "随时": 1, "身上": 1, "显得": 1, "笨重": 1, "～": 2, "Huawei": 1, "Share": 1, "碰传": 1, "功能": 3, "5699": 1, "元": 2, "想要": 1, "颜值": 1, "性能": 1, "兼顾": 1, "不错": 1, "选择": 1, "关注": 2, "+": 4, "转评": 2, "条": 1, "@": 5, "好友": 1, "说出": 1, "笔记本": 1, "吸引": 1, "卖点": 1, "抽奖": 2, "平台": 2, "抽取": 1, "送": 3, "HUAWEI": 1, "WATCHGT": 1, "FreeLace": 1, "无线": 1, "耳机": 1, "黑夜": 1, "系列": 8, "邀": 1, "走": 1, "未来": 9, "影像": 6, "夜": 5, "朋友": 1, "这是": 3, "！": 13, "": 3, "奇趣": 1, "视频": 19, "L黄西炮": 1, "秒拍": 7, "喜迎": 1, "终于": 2, "等到": 1, "3988": 1, "起步": 1, "很": 8, "实在": 1, "·": 1, "淮海西路": 1, "光影": 2, "世界": 3, "触目可达": 1, "伸手": 1, "。。": 1, "想想": 1, "词": 1, "…": 1, "时尚": 4, "900": 1, "周五": 1, "坐到": 1, "台": 4, "想": 4, "安静": 1, "喝": 1, "杯": 1, "看完": 1, "维密": 1, "抓去": 1, "聊天": 1, "CPI": 1, "进出口": 1, "社融": 1, "喷": 1, "圈": 1, "讲到": 1, "股票": 1, "不怎么": 1, "熟": 1, "投资者": 1, "才": 2, "卖": 3, "五千": 1, "华为链": 3, "附和": 1, "进军": 1, "电视": 2, "、": 14, "汽车": 3, "拿下": 1, "三分之一5G": 1, "市场": 10, "海缆": 1, "挑战": 1, "霸主": 1, "地位": 1, "教育": 1, "都": 9, "不见": 1, "手机": 24, "半": 1, "回家": 1, "好几": 1, "转发": 2, "篇": 1, "文章": 1, "巴拉巴拉": 1, "交读": 1, "后感": 1, "䁖": 1, "一眼": 1, "堆砌": 1, "一通": 1, "生态": 1, "串": 1, "挨个": 1, "回复": 1, "学习": 1, "乐意": 1, "：": 5, "大爷": 1, "板": 2, "后续": 1, "成长轮": 1, "真的": 3, "汇顶": 1, "二十": 1, "倍": 2, "业绩": 1, "TM": 1, "用来": 2, "晚安": 1, "受邀": 1, "艺术家": 1, "创作": 1, "活动": 1, "发起人": 1, "现场": 1, "分钟": 1, "主题": 2, "演讲": 1, "探索": 2, "技术": 6, "突飞猛进": 1, "当下": 1, "艺术": 3, "关系": 1, "#趣": 1, "国内": 2, "余承东": 6, "霸气": 1, "外漏": 1, "包揽": 1, "DXO": 1, "得分": 1, "三": 2, "名": 1, "买": 2, "相机": 4, "评论": 1, "希望": 1, "喜欢": 1, "L李杰灵": 1, "错过": 1, "2019": 1, "春季": 1, "戳": 3, "划好": 1, "重点": 1, "↓": 1, "L": 1, "终端": 3, "官方": 2, "魔鬼": 1, "爷爷": 3, "催": 1, "「": 7, "肥宅": 4, "快乐": 4, "包": 4, "Vol.5": 4, "」": 7, "日常": 1, "更新": 2, "！！": 1, "献祭": 1, "程序猿": 1, "修复": 1, "Mate20": 2, "､": 1, "X､": 1, "荣耀": 3, "V20": 1, "机型": 5, "偏值": 1, "稳定": 1, "音乐": 1, "卡顿": 1, "影响": 2, "全体": 1, "偏移值": 1, "快": 1, "移步": 1, "设置": 1, "偏": 1, "移值": 1, "(": 1, "^q^": 1, ")": 1, "4/19": 1, "抽": 2, "1": 1, "233": 1, "福袋": 1, "曲包码": 3, "3": 2, "MD": 1, "挂件": 1, "套": 1, "5": 1, "周边": 1, "长": 1, "啥样": 1, "购买": 1, "peropero小卖部": 1, "LPeroPeroGames": 1, "P30Pro": 3, "拍到": 1, "答应": 1, "笑喷": 1, "L科技": 1, "小公举": 1, "发展": 1, "压力": 2, "政治": 1, "打压": 1, "美国": 4, "借口": 1, "设备": 3, "挡": 1, "门外": 1, "困难": 2, "5G": 2, "基带": 1, "苹果": 6, "采用": 2, "实上": 1, "证明": 1, "说法": 1, "不攻自破": 1, "程度": 1, "打破": 1, "围堵": 1, "O华": 1, "芯片": 1, "友商": 1, "开放": 1, "结束": 1, "旅": 1, "——": 3, "场": 2, "领先": 2, "科技": 2, "完美": 1, "碰撞": 1, "视觉": 1, "盛宴": 1, "即将": 1, "启程": 1, "~": 1, "L华": 2, "100": 2, "京东卡": 1, "DIGI": 1, "X华": 1, "全球": 6, "设计": 3, "大赛": 2, "面向": 1, "设计师": 1, "创意": 2, "署名": 1, "170+": 1, "国家": 3, "地区": 1, "运行": 4, "2.3亿": 1, "用户": 3, "33万": 1, "美金": 6, "奖金池": 1, "份": 1, "丰厚": 1, "嘉奖": 1, "；": 16, "专业": 4, "分组": 1, "擅长": 1, "领域": 3, "尽情": 1, "发挥": 1, "报名": 1, "戳O": 1, "网页": 1, "链接": 1, "FinVlog11": 1, "vlog手机": 1, "P30Pro&OPPO": 1, "Reno": 1, "标准版": 1, "对比": 3, "体验": 3, "真香": 2, "大学生": 1, "Vlogger": 1, "意义": 2, "Vlog手机": 1, "画面": 1, "声音": 1, "防抖": 1, "无可挑剔": 1, "素质": 1, "便携Vlog": 1, "不大": 1, "一开始": 1, "拍照": 1, "摄像": 1, "肯定": 1, "翻车": 1, "LFinch": 1, "番茄": 1, "快速": 1, "上手": 1, "本期": 1, "内容": 1, "●": 4, "开箱": 1, "热门": 1, "游戏": 1, "测试": 3, "50": 1, "变焦": 1, "夜视仪": 1, "充电": 1, "时间": 3, "实测": 1, "L数码": 1, "V": 1, "超级": 1, "真菌": 1, "透明": 1, "工厂": 1, "工业": 1, "大麻": 1, "泛在": 1, "电力": 1, "物联网": 1, "数字": 1, "孪生": 1, "网络": 3, "切片": 1, "融": 1, "媒体": 2, "边缘": 1, "计算": 1, "……": 2, "懂": 1, "专访": 1, "整理": 1, "关键": 1, "笔录": 1, "保证": 1, "后期": 1, "删减": 1, "1.": 1, "说到": 1, "研发": 7, "投入": 7, "50~60亿": 1, "美元": 2, "资金量": 1, "人员": 2, "数量": 1, "超过": 4, "国产": 1, "品牌": 3, "总和": 2, "厂商": 1, "量级": 1, "配置": 1, "质量": 1, "为先": 1, ".": 10, "P系列": 2, "Mate": 1, "2018年": 1, "下放": 1, "nova": 2, "2019年": 1, "动作": 1, "参与": 1, "DxO": 1, "北研所": 1, "稿件": 1, "基本上": 1, "OK": 1, "下周": 1, "放出": 1, "有意思": 1, "请": 1, "期待": 1, "智能": 3, "低价": 1, "成功": 1, "最终": 1, "4.": 1, "女性": 1, "比例": 1, "50%": 1, "高达": 1, "55%": 1, "符合": 1, "定位": 1, "5.": 1, "中国": 4, "卖出": 1, "三台": 1, "目的": 1, "6": 2, "损坏": 1, "痛点": 2, "进水": 1, "就算": 1, "掉": 1, "水里": 1, "长期": 1, "受潮": 1, "防水": 1, "解决": 3, "跌落": 1, "摔": 1, "坏": 1, "一点": 1, "着手": 1, "力争": 1, "攻克": 1, "7.": 1, "取消": 1, "小DC": 1, "目标": 7, "取代": 1, "专业级": 1, "难度": 1, "镜头": 1, "算法": 1, "优势": 2, "双景": 1, "录像": 1, "便携": 1, "长焦": 1, "能力": 2, "放": 1, "8": 1, "穿戴": 2, "合作": 2, "方式": 2, "销售": 2, "做好": 3, "本身": 1, "9": 3, "Balong基带": 1, "业界": 1, "传闻": 1, "余总": 1, "意见": 1, "赞成": 1, "10": 1, "消费者": 10, "业务": 8, "利润率": 1, "追求": 1, "第一": 7, "首要": 1, "中心": 1, "营收": 3, "利润": 1, "金额": 1, "内部": 1, "考核": 1, "指标": 1, "NPS": 1, "推荐": 1, "指数": 1, "11.P30Pro": 1, "欧洲": 3, "断货": 1, "预售": 1, "情况": 2, "上市": 1, "初期": 1, "面临": 1, "甜蜜": 1, "烦恼": 1, "缺货": 1, "12.5G": 1, "建设": 1, "4G": 2, "成熟": 1, "13": 1, "传统": 2, "家电": 1, "电视机": 1, "推出": 1, "屏幕": 2, "英寸": 2, "互动": 1, "音箱": 1, "14": 1, "增长": 5, "很快": 1, "平板": 1, "增长率": 2, "低于": 1, "200%": 1, "手表": 1, "手环": 1, "300%": 2, "年增长率": 1, "不用": 1, "担心": 1, "占": 1, "2/3": 1, "品类": 1, "1/3": 1, "15": 1, "西班牙": 1, "意大利": 1, "芬兰": 1, "份额": 1, "三星": 1, "16": 1, "提出": 1, "越来越": 2, "挑战性": 1, "团队": 6, "努力": 4, "拼命": 1, "去年": 3, "525亿": 1, "收入": 1, "计划": 1, "提前": 1, "接手": 1, "几十亿": 1, "20亿": 1, "五百亿": 1, "段": 1, "提": 2, "一千亿": 1, "一千五百亿": 1, "集体": 1, "企业": 1, "取决于": 1, "有人": 1, "大嘴": 1, "自黑": 1, "自豪": 1, "作战": 1, "差不多": 1, "太": 1, "营销": 1, "满分": 1, "L鹏霄万里": 1, "操作": 1, "系统": 1, "一大": 1, "小米": 4, "MIUI": 1, "时代": 1, "瑟瑟": 1, "发抖": 1, "…​": 1, "烧": 1, "开水": 1, "天天": 1, "沸腾": 1, "下午": 1, "开源": 1, "方舟": 3, "编译器": 3, "支持": 2, "安卓": 1, "程序": 1, "解释": 1, "变为": 2, "效率": 1, "提升": 1, "40%": 1, "HUAWEIP": 1, "30": 1, "Pro": 1, "iPhoneⅩSMax": 1, "冷": 1, "启动": 1, "Lolivajoy": 1, "公司": 2, "接近": 2, "60亿": 2, "4月": 1, "11日": 1, "接受": 1, "采访": 1, "一家": 1, "透露": 1, "五": 1, "年内": 1, "1500亿": 1, "坦言": 1, "跳": 1, "话锋": 1, "势头": 1, "明年": 1, "可能性": 1, "据悉": 1, "主流": 1, "高速": 2, "遥遥": 1, "对手": 1, "登顶": 1, "不少": 1, "第二": 1, "东南亚": 1, "心动": 1, "感觉": 1, "高颜值": 1, "背后": 1, "到底": 1, "暗藏": 1, "巧妙": 1, "灵感": 1, "时空": 1, "美学": 1, "员工": 1, "称": 1, "成本": 1, "溢价": 1, "单论": 1, "谈": 1, "下一代": 1, "旗舰": 1, "自拍会": 1, "AI滤镜": 1, "发现": 1, "脱发": 1, "自动": 1, "增加": 1, "发量": 1, "bug": 1, "机主": 1, "出家": 1, "自拍": 2, "长出": 1, "头发": 2, "方案": 1, "念南": 1, "阿弥陀佛": 1, "AI": 1, "三星s10": 1, "华": 1, "刷": 1, "速度": 1, "好看": 1, "L凤凰网": 1}