{"金融": 6, "时报": 6, "：": 32, "华为": 66, "接受": 7, "英国": 11, "5G": 11, "网络": 11, "报道": 10, "同意": 2, "官员": 2, "解决": 2, "设备": 6, "软件": 3, "发现": 3, "风险": 2, "希望": 3, "以此": 2, "排除": 4, "该国": 2, "未来": 4, "电信": 4, "知情": 6, "人士": 4, "透露": 5, "高管": 8, "本周": 2, "政府": 21, "通信": 3, "总署": 2, "国家": 2, "中心": 2, "高官": 2, "见面": 2, "对方": 3, "提出": 5, "系列": 4, "技术": 5, "O": 3, "​": 13, "深圳": 4, "市政府": 4, "首席": 8, "财务官": 8, "拘押": 22, "发表": 4, "声明": 4, "加方": 5, "放人": 2, "相关": 5, "负责人": 2, "6日": 7, "公司": 10, "孟晚舟": 33, "加拿大": 20, "关注": 7, "此事": 3, "澄清": 4, "事实": 2, "解除": 2, "无理": 7, "切实": 3, "保障": 3, "当事人": 6, "合法": 4, "、": 19, "正当": 5, "权益": 5, "释放": 4, "人员": 5, "事态": 2, "进展": 2, "协助": 2, "企业": 4, "维护": 2, "境内外": 2, "供应商": 7, "封": 4, "美国": 16, "改变": 5, "合作": 8, "关系": 9, "CFO": 8, "暂": 1, "扣": 1, "轰动": 1, "市场": 5, "全球": 9, "伙伴": 5, "公开信": 1, "手段": 2, "一家": 2, "商业": 2, "施压": 2, "背离": 2, "自由": 2, "经济": 3, "公平": 3, "竞争": 3, "精神": 2, "做法": 2, "供应链": 4, "O华为致": 1, "被捕": 4, "拘留": 2, "事件": 9, "建议": 1, "强硬": 1, "": 1, "千": 2, "玺": 4, "nova星": 6, "帅": 2, "到来": 2, "12月": 12, "17日": 5, "@": 5, "TFBOYS": 4, "易烊": 4, "邀": 1, "见证": 1, "nova4": 5, "自拍": 5, "极点": 6, "全面屏": 4, "时代": 3, "敬请": 1, "期待": 3, "！": 6, "L华": 4, "终端": 4, "官方": 4, "秒拍": 6, "视频": 7, "世界": 2, "颗": 2, "星": 1, "星眸": 1, "璀璨": 2, "千玺": 6, "L易烊千": 2, "摘": 2, "中国": 20, "外交部": 12, "公民": 8, "针对": 2, "媒体": 4, "猜测": 7, "发言人": 6, "耿爽": 9, "讨论": 3, "此案": 2, "细节": 6, "一点": 3, "告诉": 1, "中华人民共和国": 4, "国籍法": 4, "指出": 1, "迄今为止": 2, "美方": 5, "都": 3, "未": 11, "中方": 8, "提供": 8, "违反": 3, "国": 5, "法律": 4, "证据": 4, "央视": 1, "记者": 10, "黄惠馨": 1, "特鲁多": 12, "甩锅": 4, "参与": 7, "曝光": 2, "各方": 2, "环球": 2, "新闻网": 2, "消息": 4, "当地": 3, "时间": 4, "周四": 2, "总理": 2, "首次": 2, "公开": 2, "回应": 3, "蒙特利尔": 2, "电视": 2, "讲话": 2, "温哥华": 2, "机场": 1, "渥太华": 2, "发生": 3, "通知": 2, "将要": 2, "引渡": 3, "周五": 2, "面临": 2, "保释": 2, "听证会": 2, "拒绝": 2, "机构": 3, "政治": 4, "介入": 2, "干涉": 2, "情况": 3, "做出": 2, "……": 2, "提前": 2, "告知": 2, "工作": 2, "当中": 2, "这项": 2, "涉及": 3, "层面": 2, "尊重": 3, "司法": 3, "程序": 2, "独立性": 2, "问及": 4, "从未": 2, "国际": 4, "同行": 2, "就此": 2, "案": 3, "对话": 2, "O特鲁多": 2, "7日": 10, "例行": 4, "记者会": 5, "国籍": 3, "新闻": 3, "案件": 3, "北": 1, "青报": 1, "任正非": 1, "女": 1, "逮捕": 1, "#​": 1, "中国区": 2, "总裁": 2, "鲁勇": 2, "经历": 5, "风雨": 2, "必将": 2, "砥砺": 2, "前行": 2, "20年": 1, "动人": 1, "时刻": 1, "艰辛": 1, "发展": 1, "贡献": 1, "激励": 1, "L老板": 1, "联播": 1, "卷入": 1, "早安": 1, "醒来": 1, "1": 2, "理由": 3, "作出": 2, "著名": 2, "华裔": 2, "科学家": 1, "张首晟": 3, "1日": 2, "去世": 6, "天使": 1, "粒子": 1, "3": 1, "2019年": 3, "放假": 2, "时间表": 1, "出炉": 1, "五一": 1, "劳动节": 1, "4": 1, "四川": 1, "乐山": 1, "公交": 1, "爆炸案": 1, "警方": 1, "悬赏": 1, "10万": 1, "通缉": 1, "嫌疑人": 1, "5": 1, "中华": 1, "田园": 1, "犬": 1, "更名": 1, "唐犬": 2, "主办方": 1, "辟谣": 2, "单独": 1, "犬种": 1, "划": 1, "等号": 1, "6": 1, "成都": 1, "高校": 1, "爬树课": 1, "——": 1, "攀树": 1, "运动": 1, "课程": 1, "学分": 1, "学时": 1, "此前": 1, "提问": 2, "称": 9, "持有": 1, "护照": 2, "入境": 1, "影响": 1, "领事": 1, "方式": 1, "刚才": 1, "环球网": 1, "港媒": 1, "首晟": 5, "家人": 5, "否认": 3, "美": 6, "物理学家": 1, "斯坦福": 1, "大学": 1, "教授": 2, "5日": 1, "引发": 1, "各界": 1, "哀悼": 2, "社交": 1, "香港": 3, "南华": 4, "早报": 4, "援引": 2, "并称": 1, "无知": 2, "依据": 2, "种种": 2, "名": 1, "代表": 2, "想": 1, "借此机会": 1, "驳斥": 1, "趋紧": 1, "丹华": 1, "资本": 1, "确实": 1, "‘": 1, "301": 1, "报告": 1, "’": 1, "提及": 2, "调查": 1, "早些时候": 1, "电子": 1, "邮件": 1, "面对": 1, "毁灭性": 1, "感谢": 1, "支持": 2, "损失": 1, "感到": 1, "悲伤": 1, "公众": 1, "隐私": 1, "O港媒": 1, "脱欧": 1, "不用": 1, "欧盟": 1, "脸色": 1, "行事": 1, "拿下": 2, "等于": 1, "半": 2, "欧洲": 1, "亚洲": 1, "佬": 1, "的确": 1, "着急": 1, "通讯": 3, "就要": 2, "究竟": 1, "牛": 1, "买": 1, "手机": 2, "明年": 1, "过时": 1, "L": 1, "思想": 1, "夜话": 1, "​​": 2, "一个": 4, "前华": 1, "员工": 2, "球友": 1, "私信": 1, "市场部": 1, "十几": 1, "年前": 1, "毕业": 1, "跑华": 1, "海外": 1, "太": 1, "亲身": 1, "测试": 4, "局方": 1, "盯": 1, "实验室": 1, "8": 1, "台": 1, "录像机": 1, "录影": 1, "项目": 1, "版本": 2, "号": 1, "还要": 1, "代码": 1, "翻": 1, "查": 1, "长度": 1, "厂家": 1, "优待": 1, "璀灿星眸": 1, "刻": 1, "迎接": 1, "均": 2, "违法": 1, "新华社": 1, "北京": 1, "电": 1, "朱": 1, "超": 1, "答": 1, "当日": 1, "第一": 2, "严正": 2, "交涉": 1, "立场": 2, "重申": 1, "新华": 1, "视点": 1, "屏到": 1, "长沙": 1, "登场": 1, "​​​": 1, "表情包": 2, "库存": 1, "告急": 1, "终于": 1, "等到": 1, "套": 1, "土拨鼠": 1, "最新": 1, "日本": 8, "拟": 1, "采购": 4, "清单": 2, "关切": 2, "共同社": 2, "巨头": 1, "中兴": 4, "指": 1, "情报": 2, "事实上": 1, "产品": 3, "下午": 1, "对此": 1, "一贯": 1, "鼓励": 1, "原则": 1, "规则": 1, "遵守": 1, "基础": 1, "对外": 1, "友好": 2, "经贸": 1, "本质": 1, "互利": 1, "共赢": 1, "长期": 1, "经营": 1, "日方": 1, "运营": 1, "环境": 1, "有损": 1, "互信": 1, "事情": 2, "城": 1, "葡萄牙": 2, "运营商": 2, "签": 1, "合同": 2, "商用": 2, "Altice": 1, "签署": 1, "份": 1, "后者": 1, "升级": 1, "标准": 1, "这是": 1, "第23": 1, "客户": 1, "制造商": 1, "地位": 1, "新浪": 1, "科技": 2, "致信": 1, "华为处": 1, "获悉": 1, "昨晚": 1, "发布": 1, "信中": 1, "提到": 1, "近日": 1, "转机": 1, "当局": 1, "纽约": 1, "东区": 1, "指明": 1, "指控": 2, "为由": 1, "临时": 1, "扣留": 1, "信息": 1, "知晓": 1, "不当": 1, "体系": 1, "最终": 1, "给出": 1, "公正": 1, "结论": 2, "进一步": 1, "通报": 1, "网页": 1, "链接": 1, "财经": 1, "担忧": 1, "情绪": 1, "浓厚": 1, "态度": 1, "谨慎": 1, "股票": 1, "全线": 1, "下跌": 1, "估算": 1, "大中华": 1, "厂商": 1, "市值": 1, "蒸发": 1, "600亿": 1, "港元": 1, "朋友": 1, "贸易战": 1, "演化": 1, "经贸战": 1, "战线": 1, "贸易": 2, "文化": 1, "战争": 1, "很": 1, "长": 1, "第二": 1, "对付": 1, "很多": 1, "商务": 1, "系统": 3, "发挥": 1, "作用": 1, "件": 1, "特朗普": 1, "推特": 1, "简单": 2, "推断": 1, "第三": 1, "战略": 1, "制定": 1, "目标": 1, "亦步亦趋": 1, "反应式": 1, "作战": 1, "主动": 1, "出手": 1, "换机": 1, "想象": 1, "轻松": 1, "体验": 1, "大有": 1, "懂": 1, "EMUI": 1, "9.0": 1, "转粉": 1, "Mate20": 1, "日媒": 1, "中央": 1, "部门": 1, "10日": 1, "会议": 1, "正式": 1, "确认": 1, "品牌": 1, "名字": 1, "因素": 1, "措辞": 1, "微天下": 1, "浩瀚": 1, "宇宙": 1, "群星": 1, "nova星人": 1, "摘下": 1, "闪耀": 1, "分享": 1, "回顧": 1, "淨心": 1, "2013年": 1, "当年": 1, "苹果": 2, "坚信": 1, "国人": 1, "国货": 2, "钱": 1, "超越": 1, "自强": 1}