{"雷军": 8, "diss": 2, "苹果": 5, "华为": 81, "：": 11, "无线": 4, "反充": 2, "友商": 7, "地上": 6, "摩擦": 7, "小米": 18, "环绕": 4, "屏": 5, "手机": 14, "售价": 1, "19999": 3, "元": 3, "9月": 6, "24日": 3, "发布会": 5, "谈到": 1, "iPhone": 2, "充电": 1, "充得": 1, "支持": 3, "7.5W": 1, "反向": 1, "快充": 1, "快": 6, "倍": 1, "梨": 1, "视频": 7, "L": 2, "老板": 3, "联播": 2, "Mate30Pro": 3, "你好": 1, "疯狂": 1, "拉": 1, "仇恨": 1, "^O^/）​": 1, "孟晚舟": 4, "发": 2, "朋友圈": 1, "背后": 2, "都": 13, "苦难": 1, "再次": 1, "出庭": 1, "脚带": 1, "电子": 1, "监察": 1, "定位": 1, "设备": 3, "一个": 5, "强大": 1, "祖国": 2, "繁荣昌盛": 1, "落后": 1, "挨打": 1, "崛起": 1, "加油": 1, "！": 6, "​": 15, "10年": 4, "6G": 9, "问世": 3, "速度": 5, "有望": 3, "5G": 15, "100倍": 5, "近日": 2, "任正非": 14, "接受": 4, "采访": 5, "称": 4, "研究": 4, "领先": 2, "世界": 13, "预计": 2, "才": 2, "投入": 2, "区别": 2, "构建": 2, "空": 2, "、": 38, "海": 2, "一体化": 2, "通信": 2, "网络": 3, "秒": 4, "1TB": 2, "意味着": 2, "下载": 2, "电影": 2, "1": 4, "内": 2, "驾驶": 2, "无人机": 2, "操控": 2, "自如": 2, "用户": 2, "感觉": 2, "时延": 2, "专家": 3, "@": 1, "科技": 5, "日报": 1, "O10年": 1, "别人": 1, "关心": 2, "飞": 2, "机场": 4, "Mate30": 8, "Pro": 1, "延时": 1, "摄影": 1, "记录": 1, "大兴": 2, "日和夜": 1, "北京": 3, "国际": 1, "投运": 1, "L华": 1, "终端": 1, "官方": 1, "Mate30pro": 1, "创意": 1, "壳": 1, "漂亮": 1, "改善": 1, "mate30": 1, "背面": 1, "#​": 1, "脚": 1, "脖子": 1, "监控器": 2, "中国": 9, "羞辱": 1, "堂堂": 1, "世界级": 1, "巨头": 1, "CFO": 1, "居然": 1, "当作": 1, "罪犯": 1, "带": 2, "愤慨": 1, "孟": 3, "一如既往": 1, "端庄": 1, "自信": 2, "系列": 5, "最佳": 2, "代言人": 3, "千磨": 1, "万击": 1, "坚劲": 1, "任尔": 1, "东西南北风": 1, "盼": 1, "晚舟": 1, "早": 1, "归航": 1, "亲自": 6, "开车": 5, "送客": 5, "75": 4, "岁": 4, "送": 1, "德国": 12, "记者": 6, "车上": 2, "媒体": 8, "介绍": 2, "情况": 2, "推测": 1, "这是": 1, "台": 3, "14": 1, "款": 3, "宝马": 1, "760": 1, "外界": 1, "传达": 1, "身体": 1, "条件": 2, "很": 3, "影响力": 1, "确实": 1, "深圳": 4, "宝安": 1, "车辆": 1, "停机坪": 1, "接人": 1, "特权": 2, "独此一分": 1, "牛逼": 1, "腾讯": 1, "第一": 8, "芯片": 8, "商力": 1, "挺": 1, "刚刚": 3, "芯片商": 3, "力挺": 3, "供": 3, "5月份": 1, "美国": 16, "列入": 1, "实体": 2, "清单": 6, "谷歌": 1, "高通": 7, "Arm": 9, "企业": 4, "相继": 1, "中止": 1, "业务": 1, "往来": 1, "全球": 4, "智能": 2, "供应商": 2, "架构": 7, "IP": 1, "相比": 1, "英国": 2, "设计商": 1, "断供": 2, "业界": 1, "议论纷纷": 1, "麒麟": 1, "接替": 1, "替代": 1, "方案": 2, "全世界": 1, "超过": 1, "95%": 1, "平板": 1, "电脑": 1, "CPU": 1, "采用": 1, "包括": 2, "消息": 2, "25日": 3, "合规": 1, "前提": 2, "确认": 1, "V8": 2, "未来": 2, "后续": 1, "技术": 11, "海思": 3, "在内": 1, "客户": 1, "授权": 6, "公司": 4, "CEO": 1, "莫伦科夫": 1, "努力": 1, "恢复": 2, "产品": 4, "供货": 1, "建立": 1, "长期": 3, "稳定": 1, "合作": 8, "关系": 3, "O": 4, "分享": 1, "体验": 2, "店Plus": 2, "登陆": 1, "富力": 1, "广场": 1, "明日": 1, "开业": 1, "想": 2, "馆内": 1, "发布": 8, "1亿": 2, "像素": 2, "屏卖": 2, "11日": 1, "iPhone11": 2, "；": 7, "16日": 1, "vivo": 1, "NEX35": 1, "G": 1, "智慧": 1, "旗舰": 2, "19日": 1, "新机": 2, "下午": 2, "两点": 1, "战局": 1, "一口气": 1, "推出": 1, "4": 2, "雷布斯": 1, "董事长": 6, "妙语": 1, "连珠": 1, "安利": 1, "顺带": 1, "说法": 1, "调侃": 1, "老": 1, "对手": 2, "董明珠": 1, "红外": 1, "遥控": 1, "爱音箱": 1, "5000": 1, "传统": 1, "家电": 2, "家里": 1, "电器": 1, "控制": 1, "轻松": 1, "搞定": 1, "格力": 1, "空调": 1, "滞留": 1, "加拿大": 1, "每次": 1, "公众": 1, "场合": 1, "露面": 1, "淡定": 1, "微笑": 1, "气定神闲": 1, "模样": 1, "体现": 1, "风度": 1, "新款": 1, "人物": 1, "合适": 1, "价格": 3, "MateX折": 1, "叠屏": 1, "三星": 6, "GalaxyFold折叠屏": 1, "MIXAlpha环": 2, "绕屏": 2, "三": 3, "选": 2, "MateX": 1, "Fold折叠屏": 1, "上海": 1, "参加": 2, "安排": 1, "江景": 1, "套房": 1, "枯燥": 1, "感谢": 1, "阅读": 1, "校园": 1, "机会": 1, "走进": 2, "郑州": 1, "大学": 3, "遇见": 1, "闪闪": 1, "发光": 1, "驾车": 3, "5月": 1, "总裁": 2, "总部": 2, "电视": 1, "结束": 1, "越来越": 1, "目的": 1, "真实": 1, "年轻": 1, "一线": 1, "工作": 2, "事实上": 1, "从来": 2, "重视": 1, "500": 2, "随从": 1, "保镖": 1, "驾驶员": 1, "低调": 1, "务实": 1, "真诚": 1, "留给": 1, "直观": 1, "印象": 1, "联想": 1, "李": 1, "真的": 1, "勤快": 1, "好看": 2, "戒指": 1, "环球": 5, "时报社": 3, "罗伯特·博世": 2, "基金会": 3, "联合": 2, "主办": 3, "霍普金斯": 2, "跨大西洋": 2, "中心": 2, "协办": 2, "第十": 1, "届": 4, "德": 6, "圆桌会": 3, "暨": 1, "第三": 5, "美": 7, "上午": 1, "开幕": 1, "大湾区": 1, "看待": 1, "贸易": 1, "话题": 1, "三国": 1, "学者": 1, "聊": 1, "开放": 1, "热烈": 1, "时报": 2, "谢": 1, "戎彬": 1, "凌志": 2, "iPhone11ProMax": 3, "续航": 3, "超越": 1, "安卓机": 1, "外媒": 1, "iPhone11Pro": 1, "GalaxyNote10": 1, "+": 2, "主流": 1, "测试": 1, "满电": 1, "操作": 2, "关机": 1, "为止": 1, "万万": 1, "想到": 1, "3969": 1, "毫安": 1, "电池": 1, "干掉": 1, "机型": 1, "OiPhone11": 1, "Note10": 1, "对比": 1, "新浪": 1, "如图": 1, "姿势": 1, "帅": 1, "业内": 1, "企业家": 1, "老人": 1, "接送": 1, "来访": 1, "客人": 1, "家人": 1, "猛烈": 1, "打击": 1, "动摇": 1, "带领": 1, "钢铁": 1, "意志": 1, "笔记本": 1, "买": 1, "啦​": 1, "整点": 1, "播": 1, "每经": 2, "24点": 3, "丨": 3, "卖给": 5, "真心": 5, "美方": 5, "加征": 5, "关税": 5, "排除": 5, "做出": 3, "回应": 3, "人民日报": 2, "评": 2, "毕业": 2, "难": 2, "高校": 2, "睡": 2, "大觉": 2, "游戏": 2, "地方": 1, "西方": 1, "国家": 2, "梁华": 1, "博世": 1, "论坛": 1, "负责人": 1, "座谈": 1, "基于": 1, "公平": 2, "歧视": 1, "代码": 1, "规划": 1, "设计": 1, "转让": 1, "许可": 2, "市场": 5, "服务": 1, "竞争": 1, "惰性": 1, "竞争力": 1, ";": 1, "缴费": 1, "商业": 1, "(": 1, ")": 1, "团队": 1, "讨论": 1, "提出": 1, "卖": 1, "不仅仅": 1, "禁令": 1, "太": 2, "影响": 3, "新华社": 1, "发展": 1, "改革委": 1, "商务部": 1, "相关": 2, "获悉": 1, "日前": 1, "公布": 1, "份": 1, "商品": 2, "涉及": 1, "400多": 1, "项": 1, "中方": 3, "市场化": 1, "原则": 1, "WTO": 1, "规则": 1, "采购": 2, "数量": 2, "大豆": 1, "猪肉": 1, "制品": 1, "农产品": 2, "国务院": 1, "关税税": 1, "委员会": 1, "予以": 1, "部门": 2, "容量": 1, "进口": 1, "优质": 1, "前景": 1, "广阔": 1, "希望": 1, "相向": 1, "国": 1, "农业": 1, "领域": 1, "创造": 1, "地方O": 1, "红米": 1, "运动": 1, "海威特": 1, "蓝牙": 2, "耳机": 2, "💯券": 1, ">>": 3, ">": 2, "推荐": 3, "感情": 1, "念念不忘": 1, "心情": 1, "理解": 1, "足够": 1, "充实": 1, "快乐": 5, "分开": 1, "理由": 1, "肯定": 1, "时间": 1, "淡化": 1, "记得": 1, "幸福": 1, "东西": 1, "安慰": 1, "台媒": 1, "结构": 1, "父": 1, "人员": 1, "震惊": 1, "怪不得": 1, "这几天": 1, "着急": 1, "媒体人": 2, "政府": 2, "态度": 2, "时代": 1, "到来": 1, "到底": 1, "经济部": 1, "联邦": 1, "信息": 1, "安全局": 1, "排斥": 1, "在外": 1, "情报局": 1, "关键": 1, "设施": 1, "外交部": 1, "小心": 1, "一点": 1, "给出": 1, "意见": 1, "最终": 1, "决定权": 1, "交给": 1, "运营商": 1, "环球网": 1, "报道": 1, "抛开": 1, "品牌": 2, "因素": 1, "谈": 1, "柔性": 2, "形式": 1, "倾向": 1, "mixalpha": 1, "matex": 1, "喜欢": 1, "环节": 3, "无聊": 2, "实验": 1, "力求": 1, "严谨": 1, "本期": 1, "实验室": 1, "原创": 1, "节目": 1, "未经": 1, "转载": 1, "平台": 1, "视为": 1, "侵权": 1, "系统": 4, "广告": 10, "状态": 1, "9": 1, "荣耀": 2, "magic2": 1, "20Pro": 1, "界面": 2, "负": 1, "发现": 1, "西瓜": 1, "第二": 2, "超值": 1, "促销": 1, "第四": 1, "今日": 1, "头条": 1, "第五": 1, "懂": 1, "车帝": 1, "第六": 1, "大众点评": 1, "大概": 1, "6": 1, "新闻": 2, "无限": 1, "循环": 2, "权重": 1, "记": 1, "叠加": 1, "模块": 1, "下滑": 1, "文件夹": 4, "广告华": 1, "精品": 1, "关闭": 1, "删除": 1, "默认": 2, "手动": 1, "打开": 1, "设置": 1, "缺漏": 1, "请": 1, "补充": 1, "软件": 1, "L老板": 1, "下一代": 2, "尚未": 1, "移除": 1, "各家": 1, "纷纷": 1, "出口": 1, "管制": 1, "清晰": 1, "坚定": 1, "OArm": 1}