{"普京": 21, "：": 31, "美国": 35, "打压": 2, "华为": 92, "称作": 4, "数字": 16, "时代": 16, "首场": 12, "科技": 3, "战争": 3, "当地": 1, "时间": 3, "6月": 13, "7日": 13, "出席": 1, "第23": 1, "届": 1, "圣彼得堡": 6, "国际": 10, "经济": 11, "论坛": 6, "俄": 5, "总统": 1, "批评": 2, "称": 12, "围绕": 2, "情况": 3, "试图": 2, "排挤": 8, "想": 9, "粗暴": 2, "无礼": 2, "挤出": 2, "全球": 23, "市场": 16, "圈子": 3, "到来": 3, "第一": 13, "场": 3, "@": 4, "环视频": 1, "L环": 1, "视频": 15, "秒拍": 10, "抱": 7, "平狠": 7, "这是": 6, "技术战": 12, "发表": 4, "演讲": 4, "西方": 4, "国家": 8, "鼓吹": 4, "自由": 5, "贸易": 10, "竞争": 10, "对手": 5, "转向": 4, "贸易战": 5, "制裁": 7, "公司": 18, "遭受": 5, "客气": 4, "赶出": 5, "称为": 5, "垄断": 4, "技术": 17, "加剧": 4, "平等": 4, "世界": 5, "稳定": 4, "根源": 4, "O": 2, "炮轰": 1, "7": 2, "宗": 1, "罪": 1, "美": 1, "政策": 1, "混战": 1, "L微": 5, "丢": 5, "巨头": 4, "力挺": 5, "指控": 9, "公平": 8, "毫无": 4, "俄罗斯": 12, "运营商": 8, "MTS": 4, "近日": 1, "签署": 5, "5G": 39, "合同": 6, "CEO": 8, "科尔尼亚": 4, "资格": 4, "网络": 10, "主权": 4, "财富": 4, "基金": 4, "尚未": 4, "证实": 4, "L老板": 1, "联播": 6, "​": 12, "早": 2, "财经": 3, "丨易纲": 3, "摩擦": 3, "升级": 3, "调整": 3, "利率": 3, "存准率": 3, "应对": 3, "；": 8, "福克斯": 2, "女": 2, "主播": 2, "再约": 2, "刘欣": 2, "茅台": 2, "3": 4, "涨": 3, "30%": 2, "日涨": 1, "60": 2, "块": 2, "第八": 2, "五粮液": 2, "上市": 6, "今早": 1, "新闻": 1, "1": 1, "、": 23, "媒体": 1, "事务": 1, "副总裁": 1, "发": 1, "声明": 1, "孟": 2, "女士": 2, "加拿大": 1, "犯罪": 1, "释放": 1, "莫言": 2, "获赔": 1, "210万": 1, "诉讼": 1, "作家": 1, "诺奖": 1, "打的": 1, "官司": 1, "终于": 1, "专题": 1, "记者": 1, "亲测": 1, "人造": 2, "肉": 2, "烧烤": 1, "味道": 1, "4": 1, "伊朗": 2, "石化": 3, "实施": 2, "企业": 11, "波斯湾": 1, "工业": 2, "子公司": 1, "境外": 1, "销售": 1, "话题": 1, "资讯": 1, "点击": 1, "文章": 2, "O早": 2, "路透社": 4, "报道": 5, "诚实": 1, "公开": 2, "语言": 1, "施压": 1, "恐吓": 1, "手段": 2, "掠夺": 1, "消灭": 1, "当天": 1, "提到": 1, "阻挠": 1, "欧洲": 5, "输送": 1, "天然气": 1, "劝说": 1, "各国": 2, "禁止": 2, "设备": 5, "措辞": 1, "最为": 1, "强硬": 1, "华盛顿": 1, "奉行": 1, "肆无忌惮": 1, "利己主义": 1, "O普京": 1, "卫星": 1, "网": 1, "压力": 3, "思考": 1, "美元": 4, "作用": 1, "信任度": 1, "降低": 1, "谷歌": 3, "妥协": 2, "！": 10, "纷纷": 2, "变脸": 2, "倒戈": 2, "真的": 2, "断绝": 1, "提供": 3, "服务": 1, "相当于": 1, "一大": 2, "中国": 14, "5月": 1, "24日": 1, "知识": 2, "产权局": 1, "商标局": 1, "网站": 1, "显示": 1, "申请": 1, "鸿蒙": 3, "商标": 1, "自行": 1, "研发": 2, "长": 1, "操作": 5, "系统": 10, "适用于": 1, "手机": 9, "电脑": 1, "平板": 1, "电视": 1, "汽车": 1, "智能": 1, "穿戴": 1, "打通": 1, "一个": 6, "全新": 1, "O谷歌": 1, "三星": 4, "高管": 3, "爆料": 2, "折叠屏": 3, "GalaxyFold": 3, "下月": 2, "援引": 1, "言论": 1, "7月": 1, "意味着": 2, "折": 1, "叠屏": 1, "MateX": 1, "抢先": 1, "推出": 4, "4月底": 1, "早期": 1, "评测": 1, "人员": 1, "发现": 1, "缺陷": 1, "迫使": 1, "款": 1, "部件": 1, "设计": 2, "O三星": 1, "三": 2, "防线": 12, "任正非": 3, "说法": 1, "分析": 1, "电信": 6, "成品": 1, "自研": 1, "芯片": 4, "库存": 1, "备胎": 1, "替代": 1, "供应商": 1, "确保": 2, "制造商": 1, "第二": 1, "卖": 2, "受限": 1, "生产": 2, "零部件": 1, "供应链": 1, "第三": 1, "产权": 1, "都": 10, "生存": 1, "状态": 2, "ARM": 1, "击穿": 2, "才能": 1, "威胁": 1, "算是": 1, "总算": 1, "在于": 1, "相对于": 1, "科技战": 1, "战防线": 1, "才": 2, "组成部分": 1, "扛": 1, "不住": 1, "化整为零": 1, "兼并": 1, "重组": 1, "公私合营": 1, "搞出": 1, "类似": 1, "中航": 1, "中车": 1, "集团": 1, "战斗力": 1, "搞": 1, "强咯": 1, "……": 1, "反观": 1, "折腾": 1, "圈": 1, "打穿": 1, "鉴不鉴": 1, "京": 1, "PTSD": 1, "诺基亚刚": 1, "瞬间": 1, "响亮": 1, "打脸": 1, "3日": 1, "诺基亚": 1, "刚刚": 1, "订单量": 1, "42": 1, "份": 2, "超越": 1, "爱立信": 1, "6日": 2, "商用": 4, "发文": 1, "全力": 1, "支持": 1, "30": 1, "46": 1, "基站": 1, "发货量": 1, "超过": 1, "10万": 1, "居": 1, "首位": 1, "5日": 1, "签下": 1, "大单": 2, "广电": 1, "签订": 1, "我国": 4, "需求": 2, "总量": 1, "50%": 1, "同学": 2, "北邮": 2, "故事": 2, "6GO": 1, "|": 1, "老板": 6, "联播L": 2, "巴西": 21, "副总统": 8, "建设": 10, "排除": 10, "8日": 2, "消息": 2, "汉密尔顿·莫朗": 2, "政府": 6, "该国": 2, "运营": 2, "通信": 4, "莫朗": 2, "告诉": 2, "金融": 2, "报纸": 2, "价值报": 2, "内部": 2, "(": 2, ")": 2, "信任": 2, "O巴西": 2, "狠批": 1, "L王": 1, "亶文": 1, "总裁": 1, "四十": 1, "年前": 2, "名人": 1, "1977年": 1, "10月": 1, "14日": 1, "文汇报": 1, "台": 2, "空气": 2, "天平": 2, "解放军": 1, "基建": 1, "工程兵": 1, "某部": 1, "青年": 1, "技术员": 1, "仪表班": 1, "战士": 1, "配合": 1, "研制": 1, "成功": 1, "精度": 1, "计量": 1, "杯准": 1, "仪器": 1, "仪表": 1, "填补": 1, "项": 1, "空白": 1, "#​": 1, "禁华": 1, "中兴": 10, "建": 1, "掏": 3, "钱": 1, "权威": 1, "机构": 1, "4287亿": 2, "通信界": 1, "三大": 1, "组织": 1, "协会": 2, "GSMA": 1, "警告": 1, "中企": 2, "电信商": 1, "为此": 1, "620亿": 2, "折合": 1, "人民币": 1, "元": 1, "部署": 1, "进度": 1, "18": 1, "延迟": 2, "2025年": 1, "欧盟": 1, "普及率": 1, "差距": 1, "15": 1, "百分点": 1, "参与": 1, "如今": 2, "是非": 2, "广告": 1, "合集": 1, "满满": 1, "创意": 1, "感动": 1, "主题曲": 1, "MV拍": 1, "暖L": 1, "人人": 1, "酷燃": 1, "70": 1, "页": 1, "PPT": 1, "文化": 1, "体系": 3, "项目": 1, "管理": 3, "值得": 1, "收藏": 1, "致敬": 1, "新款": 2, "8月": 1, "9月": 1, "测试": 2, "据悉": 1, "国内": 1, "命名": 2, "OS": 1, "海外": 1, "方舟OS": 1, "8月份": 1, "9月份": 1, "来源": 1, "环球": 1, "时报": 1, "清单": 2, "这时候": 1, "开刀": 2, "那时候": 1, "默不作声": 1, "只能": 1, "接受": 2, "屈辱": 1, "改组": 1, "领导层": 1, "交": 1, "罚款": 1, "太": 1, "上皇": 1, "监督": 1, "难以": 1, "理解": 1, "姑且": 1, "算": 1, "委曲求全": 1, "仅仅": 2, "年后": 1, "这次": 1, "表现": 1, "硬碰硬": 1, "拿出": 1, "核心": 2, "高下": 2, "还要": 1, "拉黑": 1, "名单": 1, "保护": 1, "科学": 1, "国界": 1, "历史": 1, "模式": 1, "都会": 1, "改变": 1, "这一切": 1, "无耻": 1, "态度": 1, "大变": 1, "实力": 2, "确实": 1, "弱": 1, "底气": 1, "想想": 1, "动手": 1, "吃": 1, "大亏": 1, "晚": 1, "十几亿": 1, "人口": 1, "大国": 2, "可怕": 2, "既有": 1, "来临": 1, "效率": 1, "提高": 1, "一点点": 1, "区区": 1, "两三亿": 1, "赶超": 1, "L": 1, "难": 1, "住": 1, "不错": 1, "对照": 1, "现阶段": 1, "P30pro": 1, "Mate": 1, "高端": 1, "系列": 1, "屏幕": 1, "感觉": 1, "Mate30pro": 1, "纠结": 1, "～": 1, "内行": 1, "同学们": 1, "意见": 1, "～​": 1, "贵州": 4, "助力": 2, "工信部": 1, "四": 1, "正式": 2, "发布": 1, "牌照": 2, "全国": 1, "数据": 1, "中心": 2, "IT": 1, "培训": 1, "硬": 1, "软件": 1, "调试": 1, "所有区": 1, "市": 1, "县": 1, "省份": 1, "黔东南": 1, "身边": 1, "L黔": 1, "东南": 1, "头条": 1, "默认": 2, "输入法": 2, "整理": 1, "8": 2, "实用": 2, "技巧": 1, "戳": 1, "→": 1, "O华": 1, "隐藏": 1, "功能": 1, "揭秘": 1, "无线": 1, "TIMParticipacoesSA": 1, "本月": 1, "早些时候": 1, "南部": 1, "站": 2, "专利": 2, "拿下": 2, "15%": 1, "11.7%": 1, "第五": 1, "五": 1, "没错": 1, "重拾": 1, "40多": 1, "合作": 1, "高达": 1, "3500": 1, "件": 1, "发放": 1, "立刻": 1, "全体": 1, "响应": 1, "很": 1, "欣慰": 1, "充满": 1, "荆棘": 1, "征程": 1, "孤单": 1, "觉醒": 1}