{"": 2, "台剧": 1, "想见": 5, "伏笔": 2, "截图": 4, "整理": 4, "+": 6, "分析": 3, "第二": 2, "波": 4, "5-8": 1, "：": 37, "涉及": 1, "剧透": 1, "未": 2, "勿": 1, "1-12": 1, "时间线": 2, "&": 1, "第一": 3, "1-4": 2, "戳": 2, "👉O": 2, "网页": 5, "链接": 5, "第三": 2, "9-12": 1, "13-14": 2, "预告": 2, "............": 1, "👇": 3, "4": 6, "分为": 1, "三": 5, "阶段": 1, "黄雨萱": 28, "穿": 30, "陈韵如": 16, "、": 24, "回": 4, "2019": 4, "细节": 4, "1": 3, "李子维": 21, "莫俊杰": 1, "感觉": 1, "写字": 1, "笔迹": 1, "3": 5, "发现": 5, "医院": 1, "醒来": 1, "陈韵": 1, "黄雨": 2, "萱误": 1, "王": 9, "诠胜": 14, "梦": 3, "5": 5, "公车": 2, "叫醒": 3, "结束": 6, "梦👇": 1, "回到": 1, "6": 4, "忍": 2, "不住": 1, "发给": 1, "短信": 4, "7": 2, "舅舅": 6, "多年": 1, "算忍": 1, "1999": 1, "2017": 1, "这不": 2, "打给": 3, "8": 1, "房间": 1, "黑板": 1, "看清": 1, "飞机": 1, "失事": 1, "感谢": 1, "私信": 1, "补充": 2, "图源": 1, "水印": 1, "9": 1, "2017年": 3, "2019年": 8, "手机": 11, "号": 2, "充值": 1, "加拿大": 3, "账户": 1, "期间": 1, "魂穿王": 1, "身体": 2, "当初": 1, "告诉": 5, "陈韵如说": 1, "高中": 1, "毕业": 1, "移民": 1, "地方": 1, "10：2019年": 1, "记忆": 1, "魂": 3, "都": 11, "真实": 1, "发生": 5, "事件": 1, "此刻": 1, "时间": 2, "线上": 2, "才": 7, "猜测": 2, "1999年": 1, "去世": 2, "李子": 3, "维魂": 2, "穿王": 4, "穿回": 2, "等待": 1, "到来": 2, "促成": 4, "魂穿": 7, "件": 1, "篇": 3, "讲到": 1, "38": 1, "岁": 1, "故意": 3, "视线": 1, "送": 3, "蛋糕": 1, "当年": 3, "送给": 2, "随身听": 2, "坐": 1, "身后": 1, "见证": 1, "过程": 1, "；": 7, "日记本": 3, "穿越": 5, "技巧": 3, "经验": 2, "萱数": 1, "过后": 1, "1998年": 2, "未来": 3, "闭环": 4, "对方": 2, "感情": 1, "电话": 2, "忍住": 1, "提早": 1, "破坏": 1, "流程": 1, "算是": 1, "刚": 1, "嘴": 1, "经历": 1, "……": 4, "才能": 2, "爱上": 2, "——": 1, "喜欢": 2, "2011年": 1, "11": 1, "班长": 2, "医生": 1, "这块": 1, "截": 1, "保留": 4, "报纸": 1, "报道": 7, "写": 5, "姓": 1, "少年": 1, "嫌疑人": 1, "待查": 1, "12": 3, "字": 1, "明白": 1, "真的": 4, "尝试": 3, "失败": 6, "13": 1, "成功": 4, "可能性": 1, "1.": 2, "伍佰": 1, "歌": 2, "开头": 1, "听": 3, "播放": 2, ".": 1, "听歌": 2, "发": 2, "歌边": 1, "入睡": 1, "评论": 1, "戒指": 1, "提示": 1, "条件": 2, "单纯": 1, "想": 5, "测试": 2, "方法": 1, "时间点": 3, "来到": 1, "一点": 1, "穿过": 1, "灵魂": 2, "回去": 3, "一点点": 1, "袭击": 1, "14": 1, "顿": 1, "冲着": 1, "错": 1, "喊": 1, "15：李子维": 1, "动心": 1, "答案": 1, "维线": 1, "爱情": 1, "故事": 2, "16": 1, "司机": 1, "睡": 1, "家里": 1, "方式": 1, "很": 4, "期待": 2, "17": 1, "爱": 2, "研究": 3, "哈哈哈": 1, "往回": 1, "也许": 1, "只能": 3, "往前": 1, "早就": 1, "18": 1, "找": 1, "不用": 1, "开口": 1, "大概": 1, "2011": 1, "再次": 1, "遇见": 1, "待续": 1, "华为": 72, "华尔街": 12, "日报": 12, "干": 2, "…": 1, "态度": 1, "强硬": 1, "​": 10, "想要": 1, "Get千": 1, "玺": 1, "同款": 3, "nova6": 8, "5G": 12, "12月": 5, "27日": 3, "京东": 6, "魔方": 4, "开启": 1, "白条": 1, "享": 1, "期": 2, "免息": 3, "10.4": 1, "元": 4, "惊喜": 1, "点击": 3, "大图": 1, "↓": 1, "​​": 5, "近日": 1, "辞退": 1, "7000": 1, "员工": 9, "火": 1, "损失": 1, "10亿": 1, "震惊": 1, "程度": 1, "接受": 1, "毕竟": 1, "家大业大": 2, "想通": 1, "此次": 1, "大裁员": 1, "包括": 3, "孙": 1, "亚芳": 1, "一个": 3, "狠": 1, "对手": 2, "职场": 1, "果断": 1, "势必": 1, "带动": 1, "行业": 4, "很多": 4, "公司": 14, "大刀阔斧": 1, "改革": 1, "藏": 1, "角落": 1, "危机感": 1, "老大哥": 1, "一路": 1, "走来": 1, "教会": 1, "低调": 1, "做人": 1, "好好": 1, "做事": 3, "离开": 1, "领导": 1, "起码": 1, "机会": 1, "年轻人": 1, "失业": 2, "中年": 1, "多么": 1, "辉煌": 1, "垮": 1, "完蛋": 1, "平台": 2, "人生": 1, "长": 1, "培养": 1, "赚钱": 3, "能力": 2, "社会": 2, "多元": 1, "用心": 1, "寻找": 1, "适合": 1, "努力": 1, "高尖端": 1, "剩下": 1, "难": 4, "钻": 1, "进去": 1, "阿里": 1, "腾讯": 1, "百度": 1, "职级": 1, "薪资": 1, "信息": 4, "自由": 3, "潜水": 1, "正是": 1, "世界": 4, "危险": 1, "极限": 3, "运动": 1, "人类": 2, "抵达": 1, "海拔": 2, "8844.43": 1, "米": 1, "珠峰": 1, "巅": 1, "一口气": 1, "下潜": 1, "海底": 1, "纪录片": 1, "无际蓝": 3, "讲述": 1, "主人": 1, "公陆": 1, "文婕": 1, "双料女": 1, "博士": 1, "潜": 1, "女神": 1, "身份": 1, "转换": 1, "—": 1, "突破": 1, "内心": 2, "恐惧": 1, "挑战": 5, "人体": 1, "生理": 1, "自古": 1, "英雄": 1, "磨难": 1, "无论是": 1, "攀登": 1, "珠穆朗玛峰": 1, "北坡": 1, "精神": 2, "负": 4, "深潜": 1, "打破": 1, "自我": 1, "限定": 1, "拥抱": 1, "全程": 1, "Mate30Pro": 2, "拍摄": 2, "L华": 5, "终端": 6, "官方": 6, "视频": 13, "发布": 3, "头条": 1, "文章": 7, "卖": 2, "财经": 1, "每日": 1, "必读": 1, "季": 1, "周四": 1, "/": 5, "科技": 9, "半导体": 1, "光刻": 1, "胶": 1, "能源": 1, "汽车": 2, "锂": 1, "电": 1, "股权": 1, "公告": 1, "网红": 1, "文化": 1, "传媒": 1, "概念": 1, "金融": 1, "(": 1, "券商": 1, "反弹": 1, "养殖": 1, "板块": 2, "调整": 1, "观察": 4, ";": 1, "主板": 1, "缩量": 2, "上涨": 1, "预设": 1, "明日": 3, "回落": 1, "盘整": 1, "成交量": 2, "放大": 1, "强势": 2, "股": 2, "接力": 3, "亏": 1, "钱": 1, "效应": 2, "减缓": 1, "威唐": 1, "工业": 2, "星期六": 1, "南京": 1, "证券": 1, "情绪": 2, "标杆": 1, "空间板": 1, "高度": 1, "5板": 1, "首板": 1, "数量": 2, "增加": 1, "大概率": 1, "早盘": 1, "提防": 1, "加速": 1, "不宜": 1, "追涨": 1, "耐心": 1, "回补": 1, "仓位": 1, "优": 1, "策略": 1, "低": 2, "吸": 1, "主线": 1, "油气": 1, "人气股": 1, "预期": 1, "创板": 1, "块": 3, "潜伏": 1, "轮动": 1, "补涨": 1, "吸富": 1, "一生": 1, "O卖": 1, "承认": 2, "差距": 2, "昨天": 1, "拆机": 1, "对比": 3, "iPhone": 2, "有人": 1, "ETC": 1, "拆解": 2, "反错": 1, "一体性": 1, "向来": 1, "正面": 1, "屏幕": 1, "有时候": 1, "用到": 1, "吸盘": 1, "苹果": 2, "设计师": 1, "产品": 6, "内部": 2, "空间": 1, "强迫症": 2, "般的": 1, "高标准": 1, "视觉": 1, "享受": 5, "福音": 1, "图九": 1, "拆开": 1, "一大": 1, "盖板": 1, "前来": 1, "说事": 1, "有失公允": 2, "称": 7, "巨额": 9, "财政": 4, "补贴": 15, "发展": 8, "不知": 1, "这是": 1, "袁莉": 1, "坏": 1, "女人": 1, "推动": 2, "弄": 1, "长叹": 1, "轮到": 1, "美国": 6, "酸文": 2, "配合": 1, "政府": 18, "支持": 12, "买": 1, "设备": 2, "傻货": 1, "通信业": 3, "历史": 1, "20年": 1, "中国": 18, "通信": 1, "中华": 1, "四": 1, "企业": 6, "巨龙": 2, "军方": 1, "背景": 2, "创始人": 3, "军队": 1, "专家": 1, "声音": 1, "大唐": 3, "工信部": 2, "技术": 3, "研究院": 1, "实力": 2, "TD-SCDMA": 1, "主推": 1, "国家": 1, "最多": 1, "TD": 1, "感叹": 1, "几亿": 1, "资金": 3, "大忙": 1, "信科": 1, "整合": 1, "中兴": 1, "一部分": 1, "国资": 3, "上市": 1, "渐渐": 1, "落后于": 1, "唯有": 1, "挺": 1, "集体": 1, "所有制": 1, "几万": 1, "股东": 1, "国有": 1, "傻蛋": 1, "想当然": 1, "波音": 1, "美媒": 2, "得以": 4, "崛起": 7, "回应": 4, "25日": 3, "刊文": 3, "宣称": 3, "对此": 2, "26日": 2, "下午": 3, "发表": 5, "声明": 4, "基于": 2, "错误": 3, "混乱": 2, "逻辑": 2, "无视": 4, "30多": 3, "研发": 10, "投入": 2, "19万": 5, "客户": 3, "中心": 2, "长期": 2, "艰苦奋斗": 2, "法律": 3, "措施": 2, "维护": 2, "声誉": 4, "权利": 3, "O美媒": 1, "问问": 1, "冷冰冰": 1, "科学": 4, "浪漫": 2, "偏食": 2, "推进": 1, "拥有": 3, "十大": 1, "成果": 1, "带": 3, "想象力": 1, "理解": 1, "这一切": 1, "隐藏": 1, "美妙": 1, "奇迹": 1, "世相": 1, "Live": 1, "邀请": 1, "事务": 1, "管理局": 1, "兼": 1, "CEO": 1, "松鼠": 1, "果壳网": 1, "联合": 1, "姬少亭": 1, "@": 3, "小姬AI": 1, "聊": 2, "身边": 1, "科幻": 1, "作家": 1, "科研": 1, "工作者": 1, "身上": 1, "扫描": 1, "海报": 1, "二维码": 1, "马上": 2, "报名": 1, "造梦": 1, "100": 5, "合照": 2, "别人": 1, "帮忙": 1, "拍": 4, "百": 3, "自拍": 14, "居然": 1, "！": 12, "逛": 2, "搜华": 1, "解锁": 1, "姿势": 1, "听说": 1, "优惠": 1, "戳O": 3, "限时": 1, "12期": 1, "L京东": 3, "通讯": 3, "秒拍": 6, "试用": 1, "功能": 1, "体验感": 1, "简直": 1, "太": 2, "自动": 3, "焦": 1, "还原": 1, "精致": 1, "面孔": 1, "秒变": 1, "高级": 1, "脸": 3, "拍照": 2, "上手": 1, "模式": 5, "～": 2, "人像": 2, "自带": 1, "美颜": 1, "滤镜": 1, "切换": 1, "广角": 4, "镜头": 3, "夜景": 3, "夜晚": 1, "黑乎乎": 1, "补光": 1, "清晰": 1, "出片": 1, "趣AR": 1, "超多": 1, "趣味": 1, "变妆": 1, "场景": 1, "从此": 1, "~": 3, "nova65": 1, "G享": 1, "杭州": 1, "荣耀": 7, "v30": 1, "正名": 1, "确实": 1, "香机": 1, "V30Pro": 1, "麒麟": 1, "9905G": 1, "芯片": 3, "4000": 1, "档位": 1, "无敌": 1, "OPPOreno3": 1, "系列": 4, "vivoX30": 1, "感受": 1, "深刻": 1, "友商": 3, "衬托": 1, "V30": 1, "估计": 1, "躺赢": 1, "原本": 1, "场": 1, "第三方": 1, "硬碰硬": 1, "比拼": 1, "碾压": 1, "表面": 1, "暗地里": 1, "反思": 1, "改进": 1, "始终": 1, "不休": 1, "不止": 2, "节奏": 1, "歪曲": 1, "事实": 2, "颠倒": 1, "黑白": 1, "实在": 1, "令人不齿": 1, "利用": 1, "瞬时": 1, "狡辩": 6, "MEMC": 2, "动态": 1, "补偿": 1, "无用": 3, "小米": 3, "电视": 3, "罔顾": 1, "8K": 2, "Ready": 1, "涉嫌": 1, "虚假": 1, "宣传": 1, "高码率": 1, "4K": 2, "解码": 1, "音源": 1, "质量": 1, "不行": 1, "款": 1, "音量": 1, "标准": 2, "收音": 1, "麦克": 1, "位置": 1, "摆放": 1, "公平": 2, "文件": 1, "大小": 1, "智慧": 3, "屏PRO": 2, "并非": 1, "10": 1, "W扬声器": 1, "价格": 1, "高于": 1, "可比性": 1, "几点": 1, "可笑": 1, "至极": 1, "垂死": 1, "挣扎": 1, "心有不甘": 1, "真诚": 1, "更多": 2, "媒体": 2, "机构": 1, "全方位": 1, "验证": 1, "公正": 1, "屏": 1, "2999": 1, "5PRO": 1, "3699": 1, "自信": 1, "恶意": 1, "作假": 1, "污蔑": 1, "揭穿": 1, "责任": 3, "奋斗": 3, "全文": 1, "O": 1, "电信": 1, "联通": 1, "广电": 1, "发放": 1, "商用": 2, "牌照": 1, "我国": 1, "正式": 1, "元年": 1, "KOL": 1, "晒出": 1, "测速": 1, "记录": 4, "炙手可热": 1, "话题": 1, "很快": 1, "走入": 1, "生活": 3, "iPhone11": 1, "过渡品": 1, "iPhone12": 1, "明年": 2, "选择": 2, "厂商": 2, "年会": 6, "拉开": 1, "帷幕": 1, "相关": 2, "搜索": 2, "2735万": 2, "手头": 1, "工作": 1, "雷打不动": 1, "数据": 1, "显示": 2, "搜索词": 1, "电商": 1, "创意": 2, "节目": 1, "180万": 1, "网友": 1, "L": 1, "惊": 1, "推特": 1, "撕": 1, "吃": 1, "瓜​": 1, "智能": 2, "助手": 2, "春节": 1, "档": 1, "广告片": 1, "墙裂": 1, "推荐": 1, "沙雕": 1, "可爱": 1, "温情": 1, "致敬": 1, "平凡": 2, "2020": 2, "主屏": 1, "右滑": 1, "服务": 4, "领取": 1, "精选": 1, "福利": 1, "有限": 1, "滑": 1, "敬": 1, "告辞": 1, "遥远": 1, "喵星": 1, "#日": 1, "古老": 1, "传说": 1, "天狗": 1, "食日": 1, "那天": 1, "猫": 1, "猫侠": 1, "拯救": 1, "真相": 1, "究竟": 1, "主角": 1, "Mate30": 3, "Pro": 1, "呈现": 1, "下集": 1, "点赞": 1, "​​​": 1, "当代人": 1, "倾向": 1, "独居": 1, "远": 1, "想象": 2, "忙碌": 1, "有趣": 1, "源于": 1, "独身者": 2, "越来越": 2, "友好": 1, "关照": 1, "带上": 1, "辛苦": 1, "甜": 1, "针对": 1, "回复": 1, "依据": 1, "拙劣": 1, "推理": 1, "本文": 1, "华维尔": 1, "样子": 1, "粗浅": 1, "推测": 1, "30年": 1, "投资": 5, "需求": 1, "关注": 1, "名": 1, "奉献": 1, "专业": 1, "渠道": 1, "不得不": 1, "质疑": 1, "动机": 1, "目的": 1, "一家": 2, "全资": 1, "私营": 2, "年收入": 2, "10%": 1, "15%": 1, "用于": 2, "年中": 2, "总额": 2, "接近": 1, "730亿": 1, "美元": 4, "2018年": 3, "支出": 2, "150亿": 1, "欧盟": 1, "全球": 1, "第五": 1, "远远": 1, "超过": 2, "思科": 1, "诺基亚": 1, "爱立信": 1, "后者": 1, "排": 1, "第25": 1, "27": 1, "43": 1, "2009年": 1, "花费": 1, "40亿": 1, "欧洲": 1, "供应商": 1, "总和": 1, "大规模": 1, "创新": 1, "关键": 2, "因素": 1, "关系": 1, "运营": 4, "海外": 1, "政策": 1, "从来": 1, "额外": 1, "待遇": 1, "营运": 2, "商业": 1, "运作": 1, "外部": 2, "融资": 2, "10年": 1, "90%": 1, "业务": 1, "遵循": 1, "市场": 2, "规则": 1, "债务": 1, "成本": 1, "符合": 1, "事实上": 1, "权": 1, "国外": 1, "提供": 2, "项目": 2, "申请": 1, "本身": 1, "西方": 1, "常见": 1, "国内外": 1, "总收入": 1, "0.3%": 1, "收到": 1, "相当于": 1, "0.2%": 1, "5.": 1, "虚伪": 1, "损害": 1, "保护": 1, "高原": 2, "美": 1, "无时无刻": 1, "按下": 1, "快门": 1, "10月": 1, "西藏": 1, "延时": 1, "摄影": 1, "分享": 1, "希望": 1, "即将": 1, "2020年": 1, "收获": 1, "绝美": 1, "风景": 1, "原创": 1, "音乐": 1, "byMöSS": 1, "重构": 1, "巡礼": 1, "喜马拉雅": 1, "|": 1, "旅行": 1, "L原羚": 1, "计划": 1, "750亿": 1, "严正": 1, "影像": 2, "艺术展": 1, "将近": 1, "MatePad": 1, "Pro上": 1, "创作": 1, "幅": 1, "新年": 1, "插画": 1, "揭秘": 1, "→L": 1, "MatePad​": 1, "SE": 1, "后置": 1, "4800万AI四": 1, "摄": 1, "景深": 1, "高清": 1, "出色": 1, "精彩": 1, "轻舞": 1, "飞扬": 1, "独特": 1, "姿态": 1, "太阳": 1, "手": 1, "短": 1, "#百": 1, "清清楚楚": 1, "前置": 2, "105": 2, "度": 2, "超": 2, "厉害": 1, "赶紧": 1, "京东get": 1, "神器": 1, "风": 1, "凌乱": 1, "跑": 2, "好看": 1, "只管": 1, "公里": 1, "WatchGT": 1, "2一路": 1, "陪": 1, "分钟": 1, "P图": 1, "小时": 1, "？？？": 1, "带来": 1, "3200万": 1, "焦+": 1, "超级": 1, "分分钟": 1, "美照": 1, "据说": 1, "终于": 1, "姐妹们": 1, "张大": 1}