{"🇨🇳": 1, "献礼": 1, "祖国": 4, "70": 1, "华诞": 1, "小说": 1, "指间": 2, "生长": 2, "宣传": 2, "预告": 1, "阅读": 1, "地址": 1, "手机": 20, "端": 1, "：": 42, "O网页": 3, "链接": 4, "PC端": 1, "🎁华": 1, "mate30一": 1, "抽出": 1, "❤️": 1, "祝": 3, "节日": 1, "快乐": 3, "繁荣昌盛": 1, "！": 11, "STAFF": 1, "导演": 3, "三生": 2, "静水": 2, "翼之声": 5, "@": 27, "三生静水": 2, "后期": 1, "永": 1, "乡": 1, "de宁静": 2, "永无乡": 1, "美工": 1, "努比": 1, "熊": 1, "古日": 1, "工作室": 3, "喜当": 1, "攻字幕": 1, "三": 7, "呆呆呆": 1, "别致": 1, "辣么": 1, "饿朴": 1, "紫儿": 1, "朴紫儿": 1, "QuantoCAST顾": 1, "蛮生": 1, "天空": 1, "sky微笑": 1, "生活曲": 1, "颂宁": 1, "羊仔": 1, "翼": 1, "声": 1, "夏日": 1, "羊屁": 1, "屁贝时远": 1, "景向": 2, "旁白": 1, "小木": 1, "春色": 1, "惊鸿": 1, "配音师": 1, "李小牛": 1, "鸣谢": 1, "出场": 1, "顺序": 1, "高桥": 1, "江笙": 1, "江笙Jeff": 1, "警察": 1, "/": 1, "朱亮": 1, "炒肉君": 1, "KA.U": 1, "KAU炒肉君": 1, "播音员": 1, "八千": 1, "路": 1, "杂货铺": 1, "陆远": 1, "小朋友": 1, "朱旸": 1, "Mic": 1, "与声俱来": 1, "Am-I-see": 1, "赵": 2, "局长": 1, "图特哈蒙": 1, "北斗": 1, "企鹅": 1, "图特": 1, "哈蒙维": 1, "修员": 1, "栀夏": 1, "洋司": 1, "栀夏洋司": 1, "曲父": 1, "赵羞涩": 1, "星之声": 1, "Zmy": 1, "羞涩": 1, "谢芮萌": 1, "🌸B": 1, "站": 1, "在线": 1, "L金": 1, "十四": 1, "钗": 1, "视频": 20, "O抽奖": 2, "详情": 2, "美": 1, "芯片": 3, "巨头": 2, "华为": 59, "好难": 1, "美国": 14, "总统": 1, "特朗普": 1, "华": 2, "贸易战": 1, "政策": 3, "美光": 6, "牺牲品": 1, "有线": 1, "电视": 1, "新闻网": 1, "CNN": 1, "29日": 4, "报道": 3, "高管": 1, "美方": 1, "制裁": 1, "措施": 1, "客户": 1, "公司": 16, "面临": 1, "困难": 1, "彭博社": 1, "称": 2, "为止": 1, "公开": 1, "支持": 14, "白宫": 1, "一半": 1, "营收": 1, "中国": 10, "市场": 3, "CEO": 2, "桑贾伊·梅罗特拉": 1, "26日": 1, "财报": 1, "电话": 1, "会议": 1, "坦承": 1, "针对": 1, "实体名单": 1, "许可证": 1, "接下来": 2, "季度": 1, "销售额": 1, "下滑": 1, "产业": 2, "链成": 2, "牛股": 4, "集中营": 4, "名单": 3, "都": 7, "↓": 3, "供应链": 3, "包括": 3, "零部件": 2, "厂商": 6, "、": 24, "半导体": 2, "材料": 2, "设备": 3, "5G": 12, "落地": 2, "国产": 2, "替代": 2, "加速": 2, "产业链": 2, "A股": 2, "概念": 2, "一大": 2, "热门": 2, "栗子": 2, "立讯": 2, "精密": 2, "创": 2, "历史": 2, "新高": 2, "歌尔声学": 2, "翻倍": 2, "；": 6, "圣邦": 2, "股份": 4, "涨幅": 6, "高达": 3, "四": 2, "倍": 4, "汇顶": 2, "科技": 3, "韦尔": 2, "超": 4, "...": 2, "戳": 1, "L": 9, "央视": 3, "财经": 8, "酷燃": 4, "苹果": 20, "封杀": 14, "认证": 5, "无线": 23, "快充": 14, "剩": 6, "5": 6, "W华": 2, "小米": 9, "7.5W": 7, "充受": 6, "影响": 7, "充电": 8, "头网": 6, "实测": 6, "近日": 8, "iOS13.1": 15, "第三方": 17, "充电器": 8, "7.5W快": 8, "充功能": 8, "原本": 6, "运行": 6, "iOS13": 7, "iPhone": 7, "7.5W快充": 6, "特性": 6, "剩下": 7, "W": 4, "老板": 12, "联播": 11, "​": 13, "L央视": 2, "钱包": 1, "日常": 1, "生活": 1, "高效": 1, "旅途": 1, "场景": 1, "便捷": 1, "支付": 1, "明天": 1, "国庆": 2, "黄金周": 1, "假期": 1, "愉快": 1, "酒茨": 1, "周年": 1, "画": 1, "服": 1, "解禁": 1, "发": 1, "发​": 1, "传音": 10, "控股": 10, "上市": 6, "暴涨": 2, "96%": 2, "赞": 2, "非洲": 6, "王": 4, "9月": 4, "30日": 3, "科创板": 2, "股价": 4, "开盘": 2, "快速": 2, "拉升": 2, "报涨": 2, "96.02%": 2, "开盘价": 2, "30%": 2, "一度": 2, "触发": 2, "临停": 2, "回落": 2, "市值": 2, "483亿": 2, "元": 2, "2018年": 2, "净利润": 2, "计算": 2, "市盈率": 4, "远": 3, "行业": 2, "静态": 2, "位于": 2, "深圳": 7, "业务": 4, "未": 4, "国内": 2, "出货量": 2, "位居": 2, "第一": 4, "前夕": 2, "起诉": 2, "侵犯": 2, "项": 6, "专利": 3, "L老板": 2, "麒麟990P": 2, "K855Plus": 2, "Mate30Pro": 10, "体验": 6, "评测": 4, "|": 1, "很多": 6, "小伙伴": 1, "关心": 4, "一个": 4, "全新": 2, "麒麟": 1, "990": 1, "性能": 2, "表现": 1, "毕竟": 2, "颗": 2, "Soc": 1, "很": 9, "程度": 1, "代表": 2, "荣耀": 1, "旗舰": 1, "P40": 1, "瀑布屏": 1, "设计": 2, "数字": 1, "吓人": 1, "7680": 2, "帧慢": 1, "动作": 1, "拍摄": 6, "效果": 3, "到底": 4, "台": 4, "机子": 1, "~": 1, "大米": 2, "哔哩": 2, "O": 1, "「": 1, "」": 1, "对比": 3, "Note10+": 1, "iPhone11Pro": 1, "徐峥": 4, "高速": 4, "拍成": 3, "恐怖": 4, "日前": 2, "举办": 1, "Mate": 1, "系列": 1, "重构": 1, "电影": 2, "想象": 1, "直播": 1, "知名": 2, "摄影": 5, "样子": 2, "据悉": 2, "室内": 1, "摄影机": 1, "升格": 1, "96格": 1, "120格": 1, "400": 1, "900": 1, "这次": 1, "超高速": 5, "秒": 3, "帧": 1, "相当于": 1, "0.125": 1, "放慢": 1, "32": 1, "捕捉": 1, "300M/S": 1, "运动": 1, "物体": 1, "值得一提是": 1, "帧数": 2, "7680fps": 2, "世界": 2, "录制": 2, "拍到": 2, "蜂鸟": 2, "煽动": 2, "翅膀": 2, "画面": 3, "iPhone11ProMax": 2, "240fps": 2, "三星": 2, "GalaxyNote10+": 2, "960fps": 2, "Mate30": 2, "博君": 1, "肖": 1, "👌": 1, "👌👌": 1, "配": 1, "拥有": 2, "黑手": 1, "安排": 1, "？？": 1, "早": 1, "丨": 3, "袁隆平": 6, "百": 4, "岁": 7, "超级稻": 4, "理论": 4, "产量": 6, "证实": 2, "生产": 2, "含": 2, "部件": 2, "基站": 3, "我国": 3, "发现": 4, "10亿": 4, "吨": 6, "油田": 5, "1": 1, "来京": 1, "领奖": 1, "孩子": 1, "日报": 1, "工程院": 1, "接受": 1, "采访": 1, "10月": 2, "有望": 1, "公顷": 2, "18": 1, "目标": 4, "’": 2, "90后": 1, "人民日报": 2, "客户端": 1, "石油": 1, "天然气": 1, "集团": 1, "北京": 2, "发布": 1, "油气": 1, "勘探": 3, "成果": 1, "鄂尔多斯": 1, "盆地": 3, "长7生": 1, "油层": 1, "内": 1, "——": 1, "庆城": 1, "四川": 2, "页岩气": 2, "进展": 2, "长宁": 1, "威远": 1, "太阳区": 1, "块": 1, "累计": 1, "探明": 1, "10610.30亿": 1, "立方米": 1, "万亿方": 1, "大气区": 1, "3": 3, "2019年": 1, "女排": 3, "世界杯": 1, "大阪站": 1, "战胜": 1, "阿根廷": 1, "收获": 1, "本届": 1, "赛事": 1, "十一": 1, "连胜": 1, "全胜": 1, "战绩": 1, "成功": 1, "卫冕": 1, "4": 1, "国家": 12, "勋章": 5, "荣誉": 4, "称号": 4, "正式": 1, "颁授": 3, "新华社": 1, "中华人民共和国": 1, "仪式": 1, "上午": 1, "人民": 2, "大会堂": 1, "金色": 1, "大厅": 1, "隆重": 1, "中共中央": 1, "总书记": 1, "主席": 2, "中央军委": 1, "习近平": 2, "获得者": 2, "奖章": 1, "发表": 1, "讲话": 1, "指出": 1, "表彰": 1, "千千万万": 1, "党": 1, "事业": 3, "作出": 1, "贡献": 2, "杰出": 1, "人士": 1, "身上": 1, "生动": 1, "体现": 1, "中华": 1, "民族": 1, "精神": 1, "社会主义": 1, "核心": 2, "价值观": 1, "事迹": 1, "永远": 1, "写": 1, "共和国": 1, "史册": 1, "O早": 2, "研发": 9, "6G": 12, "还要": 2, "多久": 2, "6": 3, "铺开": 1, "跃跃欲试": 1, "条": 1, "研究": 2, "新闻": 1, "登上": 1, "热搜": 1, "网友": 1, "发出": 1, "灵魂": 1, "相关": 3, "阶段": 1, "关键": 2, "技术": 6, "明年": 1, "恢复": 1, "指纹": 4, "识别": 3, "期待": 2, "外媒": 1, "收购": 1, "AuthenTec": 1, "团队": 1, "TouchID": 1, "最初": 1, "开发商": 1, "解散": 1, "屏下": 3, "vivo": 1, "联播L": 2, "配件": 1, "网上": 1, "篇": 1, "热文": 1, "退休": 5, "不少": 1, "收到": 1, "好几": 1, "封": 1, "私信": 1, "35": 3, "重点": 1, "优化": 1, "面对": 1, "外部": 1, "压力": 4, "降低": 1, "人力": 1, "成本": 1, "打造": 1, "内部": 1, "高昂": 1, "战斗力": 1, "东莞": 1, "企业": 2, "生存": 1, "无可厚非": 1, "员工": 1, "感慨": 1, "结束": 1, "背锅": 1, "旅": 1, "考勤": 3, "截止日": 1, "耳熟能详": 1, "合规": 1, "套路": 1, "1.": 2, "本人": 1, "社": 1, "招进": 1, "入职": 1, "当年": 2, "级别": 1, "自然": 1, "背C": 2, ".": 6, "升职": 1, "周期": 2, "莫名": 1, "升级": 1, "薪资": 1, "待遇": 1, "变化": 1, "绩效": 1, "打C": 1, "年龄": 1, "沟通": 4, "离职": 2, "日期": 1, "考核": 1, "降级": 1, "想想": 1, "C就C": 1, "确实": 2, "A": 1, "料": 1, "不行": 1, "埋头": 1, "做事": 1, "忽略": 1, "做人": 1, "弄到": 1, "怀疑": 2, "人生": 1, "就要": 1, "离开": 2, "感谢": 1, "财富": 1, "自由": 1, "稳定": 2, "家庭": 3, "发展": 1, "提供": 1, "经济基础": 1, "截止": 2, "心声": 1, "发帖": 1, "感觉": 1, "想": 1, "从何": 1, "说起": 1, "碎碎念": 1, "8月底": 1, "领导": 2, "9月底": 2, "方式": 1, "合同": 2, "到期": 1, "希望": 1, "10月份": 1, "走": 5, "事实": 1, "证明": 1, "十几": 4, "一家": 2, "敬佩": 1, "任职": 1, "骄傲": 1, "件": 1, "感情": 1, "半": 1, "小时": 1, "手续": 1, "分钟": 1, "螺丝钉": 1, "挺": 1, "伤感": 1, "青春": 1, "太": 2, "回忆": 1, "舍不得": 1, "相处": 1, "同事": 1, "共事": 1, "40多": 1, "一点": 1, "外面": 1, "好找": 1, "工作": 2, "照顾": 1, "经济": 1, "小孩": 1, "花钱": 1, "顺便": 1, "提": 1, "建议": 2, "狼性": 1, "尽早": 1, "找": 1, "单位": 3, "国企": 1, "刚": 1, "毕业": 1, "年轻": 1, "惯": 1, "城市": 1, "回": 2, "区别": 1, "构建": 1, "空": 1, "海": 1, "一体化": 1, "通信": 3, "网络": 7, "开发": 1, "并行": 1, "规模化": 1, "对此": 1, "消费者": 1, "余承东": 1, "估计": 1, "10年": 1, "时间": 1, "基于": 1, "arm": 3, "生态": 2, "大规模": 1, "取代": 2, "Intel": 1, "搬": 1, "石头": 1, "砸": 1, "脚": 1, "大戏": 1, "即将": 1, "上演": 1, "服务器": 9, "intel": 3, "天下": 1, "互联网": 1, "海量": 1, "集群": 1, "或者说": 1, "x86": 2, "架构": 2, "系统": 3, "linux": 1, "禁令": 3, "电信": 1, "体系": 1, "换成": 1, "保证": 1, "实践": 1, "这是": 1, "指标": 1, "不错": 1, "BAT": 1, "intelx86": 1, "断供会": 1, "惨": 1, "不得不": 1, "原先": 1, "动力": 2, "搞": 3, "4.": 1, "专用": 1, "软件": 2, "乱七八糟": 1, "断定": 1, "通用": 1, "PC机": 1, "wintel": 1, "联盟": 1, "厉害": 1, "领域": 1, "切换": 1, "5.arm": 1, "倒退": 1, "优": 1, "选择": 1, "功耗": 1, "更低": 1, "足够": 3, "理由": 1, "强大": 1, "能力": 1, "打击": 1, "反击": 2, "原理": 1, "努力": 1, "感到": 1, "痛": 1, "轮到": 1, "弟兄们": 1, "发力": 1, "佬": 1, "高通": 1, "芯片股": 1, "业绩": 1, "请": 1, "文长": 1, "图O吹": 1, "日本人": 4, "徐": 2, "静波": 2, "学历": 2, "经历": 2, "竟": 2, "造假": 2, "!": 2, "吹": 3, "饭": 1, "日炊": 1, "曰": 1, "日本": 7, "Yesterday": 1, "(": 1, "瞧瞧": 1, "傲娇": 1, "表情": 1, "小动作": 1, ")": 1, "文章": 2, "参考": 1, "徐静波": 1, "吹捧": 1, "失落": 1, "20年": 1, "创新": 1, "上当": 1, "真的": 1, "喜欢": 1, "生前": 1, "葬礼": 1, "解毒": 3, "衰落": 3, "5W": 7, "联播​": 1, "百万": 1, "攻击": 7, "窃取": 4, "共同社": 1, "海内外": 1, "100万": 1, "负责": 1, "高级": 1, "副总裁": 1, "约翰·萨福克": 1, "透露": 2, "目的": 1, "或许": 1, "第五": 1, "萨福克": 2, "介绍": 1, "防御": 1, "住": 1, "旧": 1, "型号": 1, "电脑": 2, "发送": 1, "带有": 1, "病毒": 2, "邮件": 2, "信息": 1, "致使": 1, "崩溃": 1, "类型": 1, "2017年": 1, "席卷": 1, "全球": 1, "150": 1, "国": 2, "勒索": 1, "WannaCry": 1, "指责": 1, "政府": 1, "源代码": 1, "尚未": 1, "锁定": 1, "来源": 1, "遍及": 1, "170": 1, "地区": 1, "迄今": 1, "30": 1, "50多": 1, "签订": 1, "商用": 1, "纵相": 1, "竟然": 1, "拍": 1, "拍出": 1, "专业": 2, "昂贵": 1, "特效": 1, "般的": 1, "细节": 1, "震撼": 1, "买": 1, "产品": 1, "路由器": 1, "机场": 3, "最佳": 1, "打卡": 1, "地点": 1, "体验店": 1, "人头攒动": 1, "MATE30": 1, "·": 1, "宝安": 1, "任正非": 2, "母校": 1, "捐": 1, "100": 1, "钢琴": 1, "教育": 1, "1963年": 1, "考入": 1, "重庆": 1, "建工": 1, "学院": 1, "暖通": 2, "暖": 1, "通老": 1, "八校": 1, "清华": 1, "并列": 1, "L河南": 1, "职场": 1, "停止": 1, "最新": 1, "iOS13.1.1": 2, "屏蔽": 2, "无线充": 1, "模式": 1, "用户": 1, "iPhone7.5W": 1, "频率": 1, "127.1": 1, "～": 1, "128.2kHz": 1, "调整": 1, "127.7kHz": 1, "导致": 1, "市面": 1, "秒拍": 1}