{"华为": 62, "员工": 18, "投诉": 13, "食堂": 5, "伙食": 5, "差": 5, "轮值": 3, "CEO": 3, "回复": 3, "：": 29, "干部": 2, "成熟": 3, "抽调": 2, "帮厨": 2, "三": 4, "、": 14, "定价": 2, "服务": 4, "到位": 2, "对此": 1, "徐直军": 1, "告": 1, "研发": 12, "书": 1, "大人": 1, "生活": 2, "选择": 2, "购买": 1, "公司": 4, "行政": 1, "；": 2, "为民请命": 1, "实践": 1, "建议": 1, "回到": 1, "岗位": 1, "人员": 4, "葛朗台式": 1, "入物": 1, "一个": 5, "都": 10, "花钱": 1, "保障": 1, "别人": 1, "百般": 1, "挑剔": 1, "有人": 2, "喜欢": 1, "O华": 1, "...": 1, "！": 6, "千玺": 1, "nova星": 1, "@": 10, "终端": 1, "官方": 1, "🔮": 1, "Nova5pro千": 1, "玺": 1, "定制版": 1, "TFBOYS": 2, "易烊": 3, "千玺​": 2, "刚刚": 1, "小米": 33, "发布": 6, "预热": 1, "首款": 2, "1亿": 7, "像素": 7, "手机": 23, "CC9Pro": 13, "拍照": 14, "比肩": 1, "段": 1, "时间": 1, "发现": 1, "手感": 3, "不错": 1, "款": 6, "亮点": 1, "评测": 2, "答案": 1, "O小米CC9Pro": 1, "​O": 1, "抽奖": 1, "详情": 2, "​": 10, "雷军": 17, "澄清": 1, "干": 4, "翻华": 3, "口号": 2, "恶性": 4, "竞争": 5, "友商": 13, "感到": 2, "幸运": 5, "11月": 4, "5日": 8, "量产": 2, "评分": 2, "Mate30Pro": 4, "并列": 4, "第一": 7, "发布会": 6, "称": 10, "干翻": 1, "误解": 3, "相互": 2, "比拼": 1, "超越": 3, "中国": 2, "企业": 2, "霸榜": 1, "排行": 1, "中报": 1, "视频": 14, "L中报": 1, "秒拍": 2, "vlogday002": 1, "|": 1, "首尔": 2, "吃": 2, "玩": 2, "逛": 2, "姐妹团": 1, "万圣节": 2, "Ti姐": 1, "这次": 2, "出差": 1, "姐妹们": 1, "街头": 1, "到处": 1, "拽": 1, "魔幻版": 1, "百鬼夜行": 1, "好玩": 1, "超害羞": 1, "表弟": 1, "出镜": 1, "首秀": 1, "一大半": 1, "拍": 1, "(": 3, "钛合金": 1, "深夜": 1, "慎点": 1, "～": 1, ")": 3, "感谢": 1, "nova5": 1, "iPro": 1, "记录": 1, "美好": 1, "～L": 1, "Tina": 1, "姐姐": 1, "Emm~真机": 1, "真的": 2, "买": 3, "手表": 2, "朋友": 1, "P30Pro": 4, "苹果": 1, "AppleWatch": 1, "算了": 2, "外观": 2, "……": 1, "五官": 1, "差不多": 1, "产品": 1, "任正非": 19, "回应": 7, "举报": 7, "事件": 6, "实名": 13, "现象": 8, "宽容": 8, "近日": 4, "内网": 3, "封": 3, "兄弟们": 3, "对不起": 3, "尽力": 3, "——": 3, "2012": 4, "人力": 4, "资源部": 4, "帖子": 3, "关注": 3, "提到": 3, "创始人": 3, "签发": 4, "邮件": 6, "协调": 3, "此事": 3, "HR": 5, "理解": 4, "协商": 4, "沟通": 4, "调整": 4, "O": 5, "评华": 1, "这是": 4, "战时": 1, "不宜": 1, "大风": 1, "大浪": 1, "10月": 1, "30日": 1, "胡玲": 1, "心声": 1, "论坛": 1, "发长帖": 1, "领导": 1, "懒政": 1, "失职": 1, "舆论": 2, "热议": 1, "转帖": 1, "发表": 1, "评论": 1, "老板": 5, "联播L": 2, "联播": 3, "地上": 2, "摩擦": 2, "相机": 3, "技术": 2, "平起平坐": 2, "下午": 1, "两点": 1, "京": 1, "举办": 1, "新品": 3, "30": 1, "瓦": 1, "极速": 1, "充电": 4, "六七千": 1, "块钱": 1, "40瓦": 1, "至少": 1, "贵": 1, "先进": 1, "五环短": 1, "L五环": 1, "短": 1, "阿华": 1, "灵魂": 1, "入手": 1, "台": 1, "5G": 4, "Mate30": 1, "系列": 1, "5G版": 1, "关心": 2, "UNINE": 1, "主题": 2, "UNINE": 1, "定制": 1, "全网": 1, "独家": 1, "首发": 2, "早安": 1, "晚安": 1, "call": 1, "未": 1, "公开": 1, "美图": 1, "快": 1, "O网页": 1, "链接": 1, "相爱": 4, "相杀": 4, "拥有": 3, "今日": 1, "北京": 2, "提及": 1, "世界": 4, "刻骨铭心": 1, "仇恨": 1, "懂": 2, "肯定": 1, "爱": 1, "携手": 1, "同行": 1, "O雷军": 1, "小白": 4, "测评": 4, "数据库": 5, "更新": 1, "新增": 1, "Mate30Pro5G": 8, "数据": 6, "本次": 3, "基于": 2, "最新版": 2, "系统": 5, "10.0.0.135": 1, "C00E132": 1, "R5P1": 1, "测试": 8, "所得": 2, "1.": 1, "续航": 3, "小时": 4, "轻度": 1, "剩余": 2, "80%": 1, "五": 3, "重度": 1, "45%": 1, "排名": 5, "第32": 1, ".": 2, "性能": 1, "跑分": 4, "搭载": 2, "麒麟9905G": 1, "UFS3.0": 1, "安兔兔": 1, "综合": 1, "47万": 1, "位列": 1, "第7": 1, "名": 1, "3": 1, "40W": 1, "充电器": 1, "半": 1, "充入": 1, "68%": 1, "70": 1, "分钟": 1, "充到": 1, "100%": 1, "4.": 1, "游戏": 2, "温控": 1, "和平": 1, "精英": 1, "默认": 2, "画质": 1, "机身": 1, "温度": 5, "47.6": 1, "℃": 4, "此项": 1, "条件": 1, "HDR高清+": 1, "极限": 1, "帧率": 1, "25℃": 3, "±": 3, "1": 2, "5.": 1, "启动": 1, "速度": 1, "Mate30Pro5G8G": 1, "运存": 1, "轮": 1, "打开": 1, "用时": 1, "97s": 1, "版本": 1, "原因": 1, "有杀": 1, "后台": 1, "情况": 1, "室内": 1, "环境": 1, "一共": 1, "15": 1, "项": 2, "基础": 1, "7": 1, "想": 3, "详细": 1, "请": 1, "查看": 1, "上手": 1, "体验": 3, "一亿像素": 2, "概念": 1, "感受": 1, "枚": 1, "镜头": 3, "诚意": 1, "很": 5, "画面": 4, "细节": 1, "炸裂": 1, "5": 2, "倍": 4, "光学": 3, "变焦": 3, "防抖": 1, "稳定": 1, "人像": 1, "模式": 2, "算法": 1, "超": 1, "微距": 1, "超广角": 1, "算是": 1, "玩法": 1, "套": 1, "明年": 2, "10": 1, "杀器": 1, "厚度": 1, "厚": 1, "模组": 1, "太": 1, "希望": 1, "改进": 1, "方向": 1, "L钟文泽": 1, "O抽奖": 1, "商业": 2, "互怼": 2, "2018年": 1, "3月": 1, "翻": 1, "flag": 1, "解释": 1, "在意": 1, "做工": 1, "一模一样": 1, "二者": 1, "之间": 2, "只能": 1, "选": 2, "交接班": 2, "傀儡": 3, "接受": 1, "欧洲": 1, "新闻台": 1, "采访": 1, "谈": 1, "退休": 3, "思维": 1, "方式": 1, "障碍": 1, "第二": 2, "美国": 2, "政府": 2, "批准": 2, "危机": 1, "状态": 1, "有时候": 1, "很多": 1, "悬": 1, "不必": 1, "操心": 1, "L": 1, "明天": 1, "参观": 1, "深圳": 1, "总部": 1, "喝": 1, "咖啡": 1, "特意": 1, "订": 1, "大兴": 2, "机场": 4, "航班": 1, "草桥": 1, "坐": 1, "快线": 1, "舒适": 1, "全程": 1, "票价": 1, "35": 1, "元": 2, "漂亮": 1, "安静": 1, "静谧": 1, "地步": 1, "好多": 1, "信号": 1, "测速": 2, "512M": 1, "限速": 1, "500M": 1, "低": 1, "流量": 1, "套餐": 1, "1G": 1, "几十": 1, "G流量": 1, "😂​": 1, "发文": 2, "警示": 2, "改革": 6, "惠普": 3, "警告": 1, "内部": 4, "基层": 1, "管理者": 1, "管理": 1, "能力": 1, "退化": 1, "面对": 1, "习惯": 1, "势力": 1, "突破": 3, "抓面": 1, "带动": 1, "结构性": 1, "提醒": 1, "稳步": 1, "推进": 1, "庙": 2, "尚安": 1, "拆": 1, "和尚": 1, "死": 1, "对抗": 1, "增加": 1, "组织": 1, "内": 2, "矛盾": 1, "易": 1, "烊千玺": 1, "千玺华": 1, "nova": 1, "全球": 3, "代言人": 1, "每次": 1, "绝🉑": 1, "️🉑": 1, "️🉑️": 1, "哈哈哈": 1, "夜景": 1, "竟然": 1, "鞭打": 1, "FreeBuds3": 1, "宠粉": 1, "计划": 1, "L数码": 1, "酷燃": 1, "对比": 1, "iPhone11ProMax": 1, "三星": 2, "Note10+": 1, "缩放": 1, "倍率": 1, "解析力": 1, "高一": 1, "截": 1, "纯": 1, "净度": 1, "缺点": 1, "照片": 2, "文件": 1, "体积": 1, "随便": 1, "2-3": 1, "顺序": 1, "iPhone": 1, "张全景": 1, "中心": 1, "放大": 4, "第三": 1, "左侧": 1, "边缘": 2, "第四": 1, "底部": 1, "第五": 1, "右侧": 1, "CC9Pro五": 1, "摄": 2, "DXOMARK": 1, "121分": 1, "mate30Pro": 1, "起步价": 1, "2799": 1, "早": 1, "品质": 3, "顶级": 3, "水平": 3, "​​​": 1, "吹": 4, "牛": 3, "控述": 1, "加班": 1, "？？？": 1, "简直": 1, "大型": 1, "圆谎": 1, "现场": 1, "121": 2, "!": 1, "DXO": 2, "去年": 2, "成立": 2, "单独": 2, "相机部": 2, "立下": 2, "目标": 2, "优势": 2, "资源": 2, "雷军😒": 1, "😒😒": 1, "人面": 1, "牛吹": 1, "转换": 1, "牛逼": 1, "！！": 2, "爽": 2, "？？": 1, "6+128": 1, "G27998+128": 1, "G30998+256": 1, "G3499TM乱": 1, "搞": 1, "1999": 1, "基友们": 1, "·": 1, "科技园": 1, "总裁": 1, "胡": 1, "玲定": 1, "调子": 1, "本人": 1, "意见": 2, "提": 1, "外边": 1, "瞎": 1, "胡闹": 1, "外面": 1, "煽动": 1, "坑": 1, "事情": 1, "大局观": 1, "瞎胡": 1, "闹​": 1, "连续": 1, "羞辱": 1, "旗舰": 2, "Mate30Pro​": 1, "5月": 1, "14日": 1, "手机部": 1, "得分": 1, "直言": 1, "这部": 1, "大部分": 1, "成本": 1, "花": 1, "成绩": 1, "满意": 1}