{"美": 11, "部长": 8, "施压": 7, "封堵": 8, "华为": 73, "印度": 30, "电信": 19, "巨头": 9, "现场": 10, "驳斥": 12, "美国商务部": 5, "长罗斯": 5, "世界": 5, "经济": 4, "论坛": 4, "峰会": 4, "希望": 7, "设备": 5, "不经意间": 4, "面临": 5, "愉快": 5, "风险": 5, "市场": 6, "领头": 5, "企业": 5, "巴蒂": 5, "创始人": 5, "苏尼尔·米塔尔": 5, "SunilMittal": 2, "对此": 5, "认同": 5, "参与": 6, "进来": 5, "米塔尔": 4, "跟踪": 2, "行业": 2, "24年": 2, "10": 2, "12年": 2, "时间": 3, "产品": 9, "公司": 23, "3G/4G": 2, "时代": 3, "、": 15, "爱立信": 4, "诺基亚": 4, "优于": 2, "称": 2, "技术": 5, "曲线": 2, "提升": 2, "领先": 4, "水平": 2, "速度": 2, "快": 2, "惊讶": 2, "能耗": 2, "占地": 2, "优势": 2, "青睐": 2, "一个": 6, "因素": 2, "——": 2, "过于": 2, "依赖": 2, "西方": 4, "O美部长": 2, "壁纸": 14, "侵权": 9, "起诉": 16, "传音": 17, "涉诉": 4, "金额": 5, "2000万": 9, "元": 8, "控股": 9, "10月": 6, "7日晚": 3, "发布": 4, "公告": 4, "披露": 2, "诉讼案": 3, "细节": 2, "9月": 5, "29日": 4, "收到": 4, "深圳": 3, "中院": 3, "送达": 4, "诉状": 3, "子公司": 6, "侵犯": 6, "著作权": 4, "案件": 5, "立案": 5, "暂": 5, "未": 5, "开庭": 6, "审理": 6, "赔偿": 5, "此前": 2, "诉": 2, "手机": 19, "专利权": 3, "较为": 3, "常见": 2, "事宜": 3, "罕见": 3, "L": 2, "老板": 3, "联播": 2, "视频": 12, "有人": 1, "阅兵": 1, "方队": 1, "东西": 1, "…​": 1, "Officespeak": 1, "irony": 1, "人人": 1, "都": 8, "嘲笑": 1, "经理": 1, "很": 7, "喜欢": 1, "普通人": 1, "接受": 1, "香": 1, "这是": 2, "幸亏": 1, "群嘲": 1, "传销": 1, "L何": 1, "凯文": 1, "​": 14, "道歉": 2, "停止": 1, "相关": 2, "图片": 2, "生产": 1, "中国": 13, "厂商": 1, "占据": 1, "庞大": 1, "非洲": 1, "智能": 3, "这次": 2, "珍珠": 2, "极光": 2, "Pearl": 2, "主题": 4, "简单": 4, "修改": 1, "用作": 1, "宣传": 1, "过份": 2, "小米": 3, "MIX3": 1, "发布会": 1, "雷军": 2, "相机": 1, "部门": 1, "发年": 1, "终奖": 1, "能干": 1, "翻华": 1, "戏言": 1, "听": 1, "表态": 1, "干": 1, "翻": 1, "标准": 2, "大致": 1, "DxOMark": 1, "评分": 2, "超过": 1, "同期": 1, "拍照": 4, "参考": 1, "意义": 1, "赶超": 1, "品牌": 2, "综合": 2, "认知": 1, "价格": 1, "芯片": 1, "系统": 1, "眼光": 1, "放远": 1, "格局": 1, "定位": 1, "越来越": 1, "强大": 2, "IT": 1, "杂谈": 1, "海外版": 1, "广告": 1, "英雄": 2, "拍": 3, "太": 4, "棒": 2, "！": 20, "周遭": 1, "环境": 1, "险恶": 1, "永远": 1, "点赞": 1, "！！L": 1, "全球": 1, "热": 1, "搞": 1, "笑榜": 1, "@": 4, "联播L": 1, "吴": 1, "亦凡": 1, "[米奇": 1, "比心": 1, "吴亦凡": 2, "接机": 1, "潘玮柏": 1, "综艺": 1, "开启": 2, "Mr_凡": 1, "机场": 1, "造型": 1, "惹": 1, "众人": 1, "热议": 1, "蓝色": 1, "格子": 1, "衬衫": 1, "+": 1, "黑色": 1, "棒球帽": 1, "随性": 1, "穿": 1, "搭": 1, "帅气": 1, "依旧": 1, "搭配": 1, "GentleMonster": 1, "×华": 1, "眼镜": 1, "简约": 1, "穿搭": 1, "有型": 1, "时尚": 1, "黑科技": 1, "加持": 1, "男孩子们": 1, "学习": 1, "期待": 1, "凡凡": 1, "节目": 1, "精彩": 1, "表现": 1, "香港": 7, "直播": 2, "20:45": 1, "废青": 1, "马铁": 1, "沙田": 1, "围站": 1, "拆迁": 1, "O": 1, "网页": 1, "链接": 1, "实事求是": 1, "不用": 1, "苹果": 5, "生活": 1, "丝毫": 1, "影响": 6, "信号": 1, "烂": 1, "千元机": 1, "快充": 1, "不行": 2, "续航": 1, "通话": 1, "录音": 1, "红外": 1, "。。。": 1, "错事": 1, "国家": 7, "禁售": 1, "iPhone": 1, "双手": 1, "赞成": 1, "吹": 1, "黑": 1, "真的": 4, "随便": 1, "找": 1, "国产": 1, "旗舰机": 1, "替代": 1, "节气": 4, "家味": 2, "第一": 1, "轮": 2, "大赛": 1, "结束": 2, "～": 1, "热乎乎": 1, "排行榜": 1, "出炉": 1, "入围": 1, "小伙伴": 1, "灰心": 1, "明天": 1, "二十四": 1, "第17": 1, "寒露": 1, "第二": 1, "有奖": 1, "征集": 1, "明日": 1, "启动": 1, "机会": 1, "赢": 1, "Mate30": 3, "(": 3, "688036": 2, ")": 3, "7日": 1, "晚间": 1, "美术": 1, "作品": 1, "所有权人": 1, "告": 1, "一家": 1, "事情": 1, "手里": 1, "专利": 1, "国内": 1, "不少": 1, "厂家": 1, "欠缺": 1, "此次": 3, "30日": 1, "才": 1, "刚刚": 1, "上市": 1, "O华": 1, "安卓": 2, "用户": 6, "请": 1, "谷歌": 2, "高危": 2, "漏洞": 2, "18": 2, "款": 2, "近日": 1, "外媒": 1, "报道": 2, "研究": 1, "小组": 1, "包括": 3, "三星": 1, "机型": 1, "漏洞会": 1, "安装": 1, "信任": 1, "浏览器": 1, "内容": 2, "攻击": 1, "LCCTV4": 1, "華為": 1, "CFO": 1, "孟晚舟": 1, "出庭": 1, "變成": 1, "時裝秀": 1, "電子": 1, "腳鐐": 1, "怎樣": 1, "照樣": 1, "神態自若": 1, "自信": 1, "從容": 1, "孟": 1, "女士": 1, "品味": 1, "！！": 1, "台灣": 1, "微時": 1, "刷": 2, "公交卡": 1, "工卡": 1, "好像": 1, "习惯": 1, "前不久": 1, "MATE": 2, "30": 1, "PRO": 1, "开通": 3, "小区": 4, "门禁卡": 2, "带": 1, "开门禁": 1, "拉风": 1, "拿出": 1, "门禁": 3, "旁边": 1, "住户": 2, "刷开": 1, "…": 2, "顺便": 1, "辅导": 1, "系列": 2, "P系列": 1, "nova": 1, "支持": 7, "NFC": 1, "功能": 1, "打开": 5, "钱包": 1, "APP": 1, "选择": 1, "钥匙": 1, "—": 1, "模拟": 1, "实体": 1, "：": 6, "深圳市": 1, "中级": 1, "法院": 3, "有限": 1, "民事": 1, "起诉状": 1, "材料": 1, "尚未": 1, "涉案": 1, "权属": 1, "纠纷": 1, "败诉": 1, "判决": 2, "诉讼": 1, "事项": 1, "本期": 1, "利润": 2, "或期": 1, "不确定性": 1, "最终": 2, "为准": 1, "O传音": 1, "NBA": 3, "总裁": 2, "肖华": 4, "发声": 5, "封杀": 2, "联盟": 2, "热血": 1, "爱国": 1, "事件": 3, "莫雷": 5, "无脑": 1, "言论": 3, "美国": 4, "长久": 1, "根深蒂固": 1, "歧视": 1, "偏见": 1, "民主": 1, "自由": 2, "幌子": 1, "抵制": 1, "打击": 1, "威胁": 1, "切身": 1, "利益": 1, "群体": 1, "经历": 1, "川普": 2, "贸易": 1, "打压": 1, "制裁": 1, "经受": 1, "住": 1, "考验": 1, "发现": 1, "社会": 1, "自以为是": 1, "白皮猪们": 1, "展示": 1, "力量": 1, "！！！": 1, "拍出": 1, "电影": 2, "摄影师": 1, "申旭伟": 1, "生活馆": 1, "分享": 2, "经验": 1, "点击": 1, "大图": 1, "直击": 1, "十一": 1, "假期": 3, "大作": 1, "评论区": 1, "~": 1, "三": 4, "件": 4, "套": 4, "Mate30Pro": 2, "手表": 1, "GT2": 1, "Freebuds3": 1, "总价": 2, "9000+": 1, "iPhone11ProMax": 1, "AppleWatch5": 1, "AirPods2": 1, "15000+": 1, "左圆右方": 1, "选": 1, "晚安": 1, "选华": 1, "阿华": 1, "灵魂": 1, "一点": 2, "Pro": 1, "超高速": 1, "摄影": 2, "拍摄": 3, "四": 1, "字": 1, "形容": 1, "____": 1, "": 1, "上瘾": 1, "金灿荣": 2, "演讲": 1, "完整版": 1, "趴下": 1, "五": 1, "老二": 1, "优点": 1, "发起": 1, "贸易战": 1, "干涉": 1, "事务": 1, "皆": 1, "遏制": 1, "发展": 1, "以此": 1, "保住": 1, "长期": 1, "领域": 1, "国力": 1, "霸主": 1, "地位": 1, "长": 1, "建议": 3, "先码": 1, "L中广": 1, "据说": 1, "员工": 1, "打卡": 1, "记录": 1, "凶残": 1, "​​": 2, "商务": 1, "观网": 1, "L太乙亘": 1, "0956": 1, "商务部长": 2, "施压封": 3, "堵华": 3, "事实": 3, "强力": 2, "4日": 2, "同场": 2, "嘉宾": 2, "L燃": 2, "新闻": 2, "秒拍": 2, "dou音": 1, "上发": 1, "入门": 2, "定制": 1, "AI": 3, "模式": 3, "进阶": 1, "无所谓": 1, "夕阳": 2, "确实": 1, "挺": 1, "激活": 1, "想": 2, "人像": 2, "虚化": 2, "自动": 1, "常识": 1, "手动": 1, "关闭": 1, "调节": 1, "照片": 1, "L钟文泽": 1, "雷涉港": 1, "蔡崇信": 1, "一开始": 1, "价值观": 1, "读到": 1, "媒体": 1, "暗示": 1, "事实上": 1, "球迷": 1, "矛盾": 1, "影响力": 2, "天真": 1, "詹姆斯": 1, "视讯": 1, "小密": 1, "主权": 2, "领土": 1, "绝不": 1, "妥协": 1, "明白": 2, "道理": 1, "总台": 1, "央视": 1, "体育": 2, "频道": 1, "暂停": 2, "火箭队": 3, "合作": 1, "犯规": 1, "爱": 1, "红": 2, "火箭": 1, "面前": 1, "挑衅": 1, "付出": 2, "惨痛": 2, "代价": 2, "腾讯": 1, "比赛": 1, "尊重": 1, "历史": 1, "破坏": 1, "统一": 1, "言行": 1, "举止": 1, "必定": 1, "欣赏": 1, "北京": 1, "·": 1, "彩虹城": 1, "波": 1, "白天": 1, "比照": 1, "1三星": 1, "S10,2": 1, "iPhone11,3": 1, "P30Pro": 1, "效果": 1, "燃新闻": 1}