{"百位": 1, "中国": 16, "文化": 4, "产业": 3, "领军": 3, "人物": 2, "榜单": 1, "出炉": 2, "2月": 2, "27日": 1, "100": 1, "改革": 2, "开放": 1, "人物榜": 1, "上榜者": 1, "老一辈": 1, "工作者": 2, "郭兰英": 1, "、": 36, "李谷一": 1, "李": 1, "雪健": 1, "陆天明": 1, "单霁翔": 1, "演艺": 1, "成龙": 1, "刘德华": 1, "巩俐": 1, "葛": 1, "优": 2, "吴京": 1, "李宇春": 1, "领": 1, "风潮": 1, "弄潮儿": 1, "新时代": 1, "马云": 1, "马化腾": 1, "雷军": 5, "华为": 65, "CFO": 1, "孟晚舟": 1, "科技": 7, "图文": 1, "来源": 3, "：": 25, "1978": 1, "卓越": 1, "大奖": 5, "中央": 10, "广播": 12, "电视": 12, "总台": 15, "5G": 35, "媒体": 27, "平台": 14, "4K": 17, "集成": 11, "制作": 12, "成功": 7, "超高清": 10, "视频": 23, "16": 1, "路": 3, "信号": 6, "网络": 4, "实时": 3, "回传": 3, "实验室": 4, "折叠": 6, "手机": 43, "节目": 7, "投屏": 3, "播出": 3, "两会": 4, "报道": 3, "投入": 3, "O中央": 2, "世界": 10, "通信": 8, "大会": 8, "曝光": 3, "款": 6, "折叠屏": 16, "喜欢": 4, "当地": 2, "时间": 2, "25日": 3, "2019年": 2, "MWC": 4, "(": 3, ")": 3, "巴塞罗那": 5, "开启": 2, "本届": 2, "TCL": 2, "柔宇": 4, "厂商": 6, "亮": 2, "方案": 4, "柔派": 2, "发布": 11, "早": 2, "屏幕": 2, "尺寸": 2, "4": 2, "英寸": 2, "戳": 2, "↓": 2, "！": 21, "@": 6, "中新": 2, "L中": 2, "秒拍": 7, "#华": 1, "美": 9, "删除": 1, "MV": 4, "团队": 1, "自发": 1, "公益": 2, "想": 5, "卷入": 1, "是非": 2, "近日": 5, "支": 2, "引发": 1, "热议": 3, "称": 3, "知情": 1, "未": 1, "参与": 1, "周丹": 3, "少儿": 2, "声乐": 2, "教室": 3, "唱": 1, "歌手": 1, "担任": 1, "家长": 1, "孩子": 1, "都": 3, "华为粉": 1, "经费": 1, "均": 1, "自筹": 1, "负责人": 1, "拒绝": 2, "采访": 1, "混淆": 1, "利用": 1, "L老板": 1, "联播": 4, "​": 10, "诺坎普": 2, "球场": 4, "引进": 3, "技术": 5, "西班牙": 2, "包括": 2, "在内": 2, "企业": 4, "推出": 3, "系列": 1, "产品": 8, "足球": 1, "俱乐部": 1, "主席": 1, "巴托梅乌": 1, "欧洲": 2, "第一": 4, "座": 1, "永久": 1, "覆盖": 1, "足球场": 1, "配合": 1, "遍布": 3, "360": 1, "度": 1, "摄像头": 1, "球迷们": 1, "佩戴": 1, "VR": 1, "眼镜": 1, "家里": 1, "置身": 1, "观赛": 1, "体验": 1, "小孩": 2, "未来": 2, "朋友们": 1, "请": 1, "欣赏": 3, "创作": 1, "爱国": 1, "儿童": 3, "歌曲": 2, "L": 3, "老板": 4, "电信": 4, "行业": 4, "高管": 3, "直言": 3, "打压": 3, "出于": 3, "政治": 3, "目的": 3, "简称": 1, "巴展": 1, "备受": 1, "关注": 3, "焦点": 1, "话题": 1, "各国": 1, "参展商": 2, "美国": 21, "部门": 3, "官员": 1, "代表团": 1, "显得": 1, "频频": 1, "会晤": 1, "政界": 1, "人士": 1, "运营商": 1, "代表": 2, "为的是": 1, "当面": 1, "陈述": 1, "美方": 1, "理由": 3, "劝阻": 1, "采用": 1, "华盛顿": 1, "盟友": 2, "伙伴": 1, "不买账": 1, "美媒": 1, "国家": 1, "签订": 1, "合同": 1, "环球": 1, "时报": 1, "记者": 1, "O美": 1, "前方": 1, "捷报": 3, "HUAWEIMateX": 3, "荣获": 2, "GSMA": 6, "赞誉": 2, "先驱": 2, "设立": 2, "——": 4, "MWC2019": 7, "最佳": 3, "联接": 3, "终端": 5, "带": 2, "份": 1, "认可": 2, "创新": 2, "不止": 1, "发": 6, "公开信": 10, "听": 8, "公司": 4, "28日": 3, "华尔街": 2, "日报": 2, "WSJ）A": 2, "5": 3, "整版": 2, "信中": 3, "政府": 3, "误解": 3, "呼吁": 2, "事实": 2, "真相": 2, "发出": 2, "参观": 3, "园区": 3, "员工": 3, "会面": 3, "邀请": 3, "希望": 2, "公众": 2, "O华": 3, "业界": 1, "首款": 1, "折": 1, "叠屏": 2, "喜": 1, "奖项": 2, "奖": 2, "首席": 2, "执行官": 2, "约翰•霍夫曼": 1, "JohnHoffman": 2, "亲自": 2, "来华": 2, "展台": 2, "颁发": 3, "再接再厉": 1, "花粉": 1, "带来": 1, "智慧": 2, "全球": 3, "五": 2, "大佬": 4, "泼冷水": 2, "杨元庆": 4, "OPPO": 3, "VIVO": 2, "元年": 2, "三星": 4, "亮出": 2, "竞争": 2, "对手": 2, "纷纷": 2, "泼": 2, "冷水": 2, "量产性": 2, "电池": 2, "可怜": 2, "很多": 2, "依然": 2, "PPT": 2, "价格": 2, "......": 2, "雷帝": 1, "触网": 1, "雷建平sky": 1, "联播L": 1, "秀": 1, "中兴": 1, "小米": 2, "一加": 1, "联想": 1, "努比亚": 1, "oppo": 1, "集团性": 1, "苹果": 4, "参展": 1, "LG": 1, "索尼": 1, "声势": 1, "难": 1, "匹敌": 1, "战团": 1, "声浪": 1, "滚滚": 1, "尤其一提": 1, "展锐": 2, "基带": 1, "时代": 1, "领域": 2, "形态": 3, "芯片": 2, "突破": 1, "肯定": 1, "一部分": 2, "选择": 1, "断供": 1, "危险": 1, "降低": 1, "成本": 1, "全世界": 1, "市场": 4, "越来越": 1, "中国人": 4, "天下": 2, "逼成": 1, "44": 1, "岁": 1, "经营": 1, "骗": 1, "200万": 2, "国企": 1, "南油": 1, "集团": 1, "除名": 1, "留任": 1, "背负": 1, "还清": 1, "债": 1, "妻子": 1, "婚": 1, "老爹": 1, "老娘": 1, "弟弟": 1, "妹妹": 1, "深圳": 1, "住": 1, "棚屋": 1, "创": 1, "立华": 1, "资本": 1, "人脉": 1, "资源": 1, "经验": 1, "唯有": 1, "勇敢": 1, "向前": 1, "27": 1, "带到": 1, "500": 1, "位置": 1, "跌倒": 1, "可怕": 3, "站": 1, "任正非": 6, "送给": 1, "奋斗": 1, "全文": 1, "联合": 2, "联通": 1, "合作": 1, "建设": 2, "我国": 1, "国家级": 1, "环境": 1, "进展": 1, "今日": 2, "16路": 2, "标志": 2, "类型": 2, "条件": 2, "具备": 2, "流程": 2, "全功能": 2, "能力": 3, "L华": 2, "吐槽": 2, "送": 1, "看完": 1, "封魔": 1, "传#": 1, "影子": 1, "身在": 1, "职场": 2, "事情": 1, "即日": 1, "3月": 2, "15日": 2, "转发": 1, "评论区": 1, "说出": 1, "奇葩": 1, "抽奖": 2, "晚": 1, "21:00": 1, "抽": 1, "送爱": 1, "奇艺": 1, "会员卡": 1, "挑18": 1, "眼熟": 1, "宝宝": 2, "送": 1, "陈键锋": 1, "签名": 1, "1": 1, "加送": 1, "P20": 1, "准时": 1, "开出": 1, "评论": 1, "顺延": 1, "至点": 1, "赞数": 1, "电影": 1, "L封": 1, "魔传": 1, "丢": 1, "数据": 1, "备份": 2, "备咖": 1, "存储": 1, "充电": 2, "简单": 1, "官方": 2, "熬夜": 2, "壳": 3, "matex折": 1, "刚刚": 1, "网友": 3, "调侃": 2, "这是": 1, "一道": 1, "高考题": 1, "操心": 1, "淘宝": 1, "店主": 2, "做出": 1, "面对": 1, "谢谢": 1, "关心": 1, "这下": 1, "不用": 1, "倒闭": 1, "字": 1, "着急": 1, "买": 1, "钱": 1, "挣到": 1, "炮轰": 1, "眼中": 1, "管理者": 1, "18": 1, "惰怠": 1, "发表": 2, "博文": 1, "转载": 2, "荐读": 3, "爆红": 3, "付出": 3, "人民日报": 1, "24日": 1, "晚上": 1, "科技界": 1, "发生": 1, "件": 1, "大事": 1, "首款O": 1, "全国": 1, "即将": 2, "开幕": 1, "之际": 1, "央视": 1, "新闻": 1, "中国之声": 1, "社会": 2, "聪明人": 2, "太": 2, "最新": 1, "电邮": 1, "战时": 2, "状态": 2, "心声": 1, "社区": 1, "篇": 1, "名为": 1, "万里": 1, "长江": 1, "水": 1, "奔腾": 1, "海洋": 1, "武汉": 1, "研究所": 1, "讲话": 1, "文章": 1, "指出": 1, "战略": 1, "方针": 1, "组织": 1, "结构": 2, "调整": 1, "面向": 1, "目标": 1, "主战": 1, "去除": 2, "多余": 1, "非主战": 2, "程序": 1, "平庸": 1, "功能": 1, "共享": 1, "研发": 1, "讲": 1, "故事": 1, "预算": 1, "称雄": 1, "产品线": 3, "关闭": 1, "做齐": 1, "思想": 1, "错": 1, "做优": 1, "别人": 1, "组合": 1, "O": 2, "六成": 2, "利润": 6, "拿走": 3, "国产": 4, "短板": 2, "补": 1, "Counterpoint": 1, "2018年": 1, "二季度": 2, "智能": 1, "品牌": 2, "分布": 1, "情况": 1, "显示": 1, "吃下": 1, "62%": 1, "；": 2, "17%": 1, "排名": 1, "依次": 1, "vivo": 1, "处于": 1, "多销": 1, "利薄": 1, "困境": 1, "补​": 1, "P30Pro": 1, "渲染": 1, "曲面屏": 1, "+": 2, "水滴": 1, "后置": 1, "四": 1, "摄": 1, "预计": 1, "低于": 1, "5399": 1, "MATEX": 1, "本次": 1, "BESTIN": 1, "SHOWA": 1, "WARD": 1, "CEOJohnHoffman": 1, "西班牙·FiraGranVia​": 1, "传": 1, "鹰翼式": 1, "设计": 1, "领先": 1, "创新性": 1, "人机": 1, "交互": 1, "强大": 1, "解决": 1, "主办方": 1, "上市": 1, "组委会": 1, "约翰·霍夫曼": 1, "亲临": 1, "现场": 1, "颁奖": 1, "感谢": 1, "不懈努力": 1, "引领": 1, "前行": 1, "陈黎芳": 2, "高级": 1, "副总裁": 1, "陈": 1, "黎芳": 1, "近年来": 1, "朋友": 1, "珠海": 2, "合唱团": 3, "高唱": 2, "歌词": 2, "形容": 1, "美的": 1, "指": 1, "珍贵": 1, "增": 1, "网民": 1, "老师": 1, "教": 1, "爱": 2, "祖国": 1, "O儿童": 1, "引热": 1, "议​": 1}