{"折叠屏": 14, "手机": 25, "值得": 8, "买": 9, "很": 7, "贵": 2, "三星": 6, "首款": 8, "销量": 7, "破": 6, "百万": 6, "华为": 47, "MateX": 4, "发售": 3, "秒": 1, "火爆": 1, "价格": 5, "拦": 1, "不住": 1, "很多": 3, "有钱任性": 1, "消费者": 1, "​​​": 1, "​折": 1, "叠屏": 1, "​": 16, "国家": 5, "公祭": 1, "小米": 7, "、": 29, "vivo": 1, "OPPO": 1, "魅族": 1, "坚果": 1, "联想": 2, "索尼": 1, "日历": 1, "都": 11, "提示": 2, "……": 3, "唯独": 1, "忘": 1, "售价": 6, "接近": 2, "2000": 3, "美元": 5, "可靠性": 4, "存疑": 4, "刚": 2, "秒没": 2, "黄牛": 2, "炒到": 2, "8": 3, "9万": 2, "昂贵": 2, "技术": 4, "新鲜": 2, "?​": 1, "刘": 1, "喵喵": 3, "酱": 1, "露": 1, "脚踝": 1, "12月": 3, "天气": 1, "心情": 1, "干练": 1, "翻包": 1, "日记": 1, "！": 15, "外出": 1, "办公": 3, "包": 1, "必备": 2, "东西": 1, "气垫": 1, "耳机": 3, "香水口": 1, "红🌟": 1, "无线": 2, "21": 1, "世纪": 1, "设计": 1, "款": 6, "新年": 1, "红": 1, "冲着": 1, "颜值入": 1, "想到": 1, "体验感": 1, "意外": 1, "棒🌟": 1, "5": 3, "ml": 1, "香水": 1, "小样": 1, "随身": 1, "携带": 1, "敲": 1, "~": 3, "随时": 1, "随地": 1, "补涂": 1, "女神": 1, "🌟口": 1, "红气垫": 1, "不用说": 1, "提升": 1, "气色": 1, "帮手": 1, "👗": 1, "：": 12, "ByU": 1, "高端": 2, "定制": 1, "👂🏻": 1, "FreeBuds3👛": 1, "BVLGARI宝": 1, "格丽": 1, "小Q": 1, "分享": 1, "2019年": 4, "互联网": 4, "IT": 1, "事件": 3, "盘点": 1, "美国": 1, "发布": 5, "出口": 1, "禁令": 1, "Java": 1, "12": 1, "996": 1, "ICU": 1, "Facebook": 1, "总部": 1, "员工": 1, "跳楼": 1, "自杀": 3, "2019": 4, "印象": 1, "瓜": 1, "香": 1, "黑子": 1, "联动": 1, "营销": 3, "hao": 1, "谁家": 1, "团队": 1, "下场": 1, "蒸煮": 2, "糊出": 1, "天际": 1, "烊": 1, "千": 3, "玺": 3, "长": 2, "街舞": 1, "不见": 7, "少年": 1, "爱奇艺": 3, "尖叫": 1, "夜": 3, "腾讯": 2, "音乐": 1, "盛典": 1, "澳门": 2, "影展": 1, "发布会": 2, "跑": 1, "活动": 2, "24": 1, "小时": 1, "高清": 1, "摄像头": 1, "瞎": 1, "收": 1, "黑心钱": 1, "hao赚": 1, "钱": 1, "全家": 1, "棺材": 1, "蹦跶": 1, "黑号": 1, "拍": 2, "扑": 1, "唱": 2, "糊": 1, "crL小餓图": 1, "多么": 1, "视频": 9, "宝宝们": 1, "晚上": 1, "～": 4, "安利": 1, "冬日": 1, "雪花妆": 1, "妆": 2, "整体": 2, "妆感": 1, "淡": 1, "眼角": 1, "加上": 1, "亮片": 1, "点缀": 1, "俏皮": 1, "可爱化": 1, "姐妹们": 1, "出门": 1, "聚会": 1, "自拍": 3, "少不了": 1, "nova65G": 1, "今日": 1, "开售": 4, "无敌": 1, "好用": 1, "快": 2, "阿里": 1, "百度": 1, "职级": 1, "薪资": 1, "信息": 3, "上次": 1, "参加": 1, "康辉": 1, "安排": 1, "这次": 1, "路人": 1, "偶遇街": 1, "拍到": 1, "Mate30Pro": 2, "央视": 1, "主持人": 1, "李思思裤": 1, "兜装": 1, "Mate30": 1, "保时捷": 1, "版": 1, "数码": 2, "mate30": 2, "杨": 1, "紫#": 1, "杨紫林": 1, "校": 1, "打投": 4, "窍门": 5, "连续": 1, "米米": 1, "所长": 1, "勇于": 1, "实践": 1, "1.": 2, "分身": 1, "平行": 1, "空间": 1, "切换": 1, "→_→O": 2, "网页": 2, "链接": 2, ".": 3, "新号": 1, "活跃度": 1, "群": 1, "感谢": 1, "@": 7, "半壁江山": 1, "1992年": 1, "11月": 1, "6日": 1, "紫米": 1, "探索": 1, "投投": 1, "踊跃": 1, "投稿": 1, "杨紫投票": 1, "条": 4, "打卡": 1, "目标": 1, "100": 1, "大佬": 2, "十大": 2, "怼": 6, "干出": 2, "高度": 2, "毒舌": 4, "王思聪": 4, "无语": 2, "站": 3, "即将": 2, "马云": 2, "灵魂": 2, "拷问": 2, "企业家": 2, "讲": 2, "真话": 2, "国足": 2, "糟糕": 2, "；": 5, "商业": 2, "互怼": 2, "年初": 2, "年尾": 2, "罗永浩": 2, "嘲笑": 2, "周杰伦": 2, "围殴": 2, "怼得无语": 2, "微盘点": 2, "#L": 1, "老板": 3, "联播": 2, "mate30pro": 1, "太": 1, "照骗": 1, "水沟": 1, "随手": 2, "拍成": 1, "九寨沟": 1, "苹果": 1, "拍照": 3, "对比": 1, "图奉": 1, "上​": 1, "翻到": 1, "六七": 1, "年前": 1, "余承东": 1, "雷军": 1, "亲密": 2, "互动": 2, "相互": 1, "鼓励": 1, "中国": 4, "市场": 1, "越来越": 1, "激烈": 2, "竞争": 1, "对手": 1, "情侣": 1, "吵架": 1, "拉黑": 1, "Share": 3, "功能": 1, "爱情": 1, "神": 1, "助攻": 1, "不用": 2, "流量": 1, "面对面": 1, "即可": 2, "传": 3, "图片": 1, "文件": 1, "蓝牙": 1, "N": 1, "倍": 2, "赶紧": 1, "试试": 1, "带": 2, "话题": 1, "+": 2, "评论": 1, "喜爱": 1, "随机": 1, "抽": 1, "荣耀": 3, "FlyPodsPro": 1, "高配版": 1, "1": 3, "​O": 1, "抽奖": 1, "详情": 1, "联播L": 1, "易": 1, "烊千": 1, "屏幕": 1, "党": 1, "自我": 1, "修养": 1, "易烊": 2, "千玺": 1, "玊尔": 1, "演唱会": 1, "配": 1, "麻浪烫": 1, "肥宅": 1, "快乐": 1, "水": 1, "百": 1, "草": 1, "味": 1, "零食": 1, "吃完": 2, "忘记": 1, "喝": 1, "优益C": 1, "消化": 1, "配上": 1, "娱乐": 2, "爸爸": 2, "超高清": 1, "超": 3, "速度": 1, "直播": 1, "才": 5, "暑假": 1, "第一": 2, "见到": 1, "四": 2, "灯牌": 1, "进去": 1, "挂": 1, "朋友": 2, "一个": 2, "电影": 1, "包场": 1, "努力": 1, "真的": 3, "想": 3, "错过": 2, "啊啊": 1, "希望": 2, "机票": 1, "酒店": 1, "订好": 1, "场外": 1, "应援": 1, "首次": 1, "放弃": 1, "求求": 1, "国内": 4, "首家": 2, "5G": 6, "核心网": 3, "电信": 5, "设备": 3, "进网": 4, "许可证": 3, "近日": 1, "工业": 1, "信息化": 1, "颁发": 1, "核心": 1, "网": 1, "支持": 2, "2G/3G/4G/5GNSA/5GSA": 1, "融合": 1, "相关": 1, "网元": 1, "规范": 1, "一次性": 1, "测试": 1, "符合": 1, "标准": 1, "准许": 1, "接入": 1, "公用": 1, "电信网": 1, "O华": 1, "荣获": 1, "平板": 3, "MatePadPro": 3, "冠以": 1, "Mate": 1, "名": 1, "旗舰": 1, "——": 3, "青山": 4, "黛版": 2, "图赏": 2, "走": 2, "波": 2, "黛取": 2, "天地": 2, "色彩": 2, "寓意": 1, "远眺": 1, "青山墨绿": 1, "看上去": 1, "端庄": 1, "雅致": 1, "如诗如画": 1, "意境": 1, "美": 3, "素皮": 1, "材质": 1, "改": 1, "冰凉": 1, "滑溜": 1, "玻璃": 1, "机身": 1, "触感": 1, "温润": 1, "亲肤": 1, "颜值": 1, "炸裂": 1, "用来": 1, "轻松": 2, "便捷": 1, "难得一见": 1, "高颜值": 1, "智慧": 1, "轻": 1, "起点": 1, "从新": 1, "形象": 1, "拥抱": 1, "上海": 2, "·": 1, "静安": 1, "嘉里": 1, "商务": 1, "中心": 1, "": 2, "陈": 3, "昨夜": 1, "今晨": 1, "听": 1, "早上": 1, "13日": 1, "农历": 1, "十一月": 1, "十八": 1, "星期五": 1, "北京": 2, "气温": 2, "10": 1, "℃": 2, "最低": 1, "出行": 1, "车辆": 1, "尾号": 1, "限行": 1, "7": 2, "新闻": 2, "提要": 1, "中央": 1, "经济": 2, "工作": 1, "会议": 1, "商务部": 1, "俄": 1, "双边": 1, "贸易额": 1, "有望": 1, "突破": 1, "1100亿": 1, "3": 2, "明年": 1, "个税": 1, "专项": 1, "附加": 1, "扣除": 1, "更新": 1, "4": 1, "吉林": 1, "打击": 1, "网络": 2, "诈骗": 1, "损失": 1, "6.11亿": 1, "元": 3, "阿里巴巴": 1, "公益": 1, "宝贝": 1, "扬帆": 1, "计划": 1, "图书": 1, "捐赠": 1, "仪式": 1, "玉山县": 1, "6": 1, "南水北调": 1, "工程": 1, "累计": 1, "调水量": 1, "300亿": 1, "立方米": 1, "1.2亿": 1, "受益": 1, "河北": 1, "南宫": 1, "屋顶": 1, "光伏": 1, "助力": 1, "乡村": 1, "振兴": 1, "西班牙": 1, "德国": 1, "子公司": 1, "合作": 1, "9": 1, "妇幼": 1, "发展": 1, "成就": 1, "京": 1, "关注": 1, "公号": 1, "资讯": 1, "早班车": 1, "早新闻": 1, "超话": 1, "北大": 6, "女生": 2, "聊天": 1, "记录": 1, "牟林翰": 4, "再次": 1, "涌现": 1, "上周": 2, "蚂蚁般": 1, "级别": 2, "海啸": 3, "舆情": 4, "简陋": 1, "尊重": 1, "法律": 3, "法院": 2, "裁决": 1, "错误": 4, "响应": 5, "不必": 1, "删帖": 1, "转发": 1, "阴谋论": 1, "三联": 2, "生活": 2, "周刊": 2, "假装": 1, "专业": 1, "指责": 1, "危机": 1, "应对": 2, "要害": 2, "舆论": 2, "场": 1, "至少": 1, "叫停": 1, "巴彦淖尔": 3, "支教": 2, "事实": 2, "报道": 3, "面对": 1, "世界": 1, "新闻学": 1, "框架": 1, "升级": 1, "傲慢": 1, "消耗": 2, "爱国": 1, "网友": 2, "正能量": 2, "导致": 1, "品牌": 1, "爱国者": 1, "企业": 1, "买单": 1, "未": 3, "判牟": 2, "林翰": 1, "错": 1, "有罪": 1, "学华": 1, "学": 1, "胡乱": 1, "指证": 1, "南周": 2, "舆论场": 1, "推给": 1, "李洪元": 1, "检察院": 1, "判决": 1, "赔偿": 1, "牵涉": 1, "内蒙古": 1, "保研": 1, "违法": 1, "涉及": 1, "违悖": 1, "校规": 1, "奋斗": 1, "中学": 1, "召回": 1, "学校": 1, "职权": 1, "内": 1, "这是": 1, "当事人": 1, "回应": 2, "nova6": 2, "早晨": 1, "早点": 1, "打气": 1, "逢": 1, "考必": 1, "！！！​": 1, "O三星": 1, "称": 1, "折叠机": 1, "高昂": 1, "供货": 1, "质疑": 2, "产品": 2, "性能": 1, "用户": 1, "捧场": 1, "12日": 1, "电子": 1, "总裁": 1, "孙英权": 1, "若GalaxyFold": 1, "15999": 1, "算": 2, "卖出": 1, "160亿": 1, "MateX5G": 1, "16999": 1, "秒空": 1, "饥饿": 1, "1499": 1, "五环短": 1, "L五环": 1, "短": 1, "找到": 1, "心动": 1, "不已": 1, "暗夜": 2, "精灵": 1, "喜欢": 2, "夜间": 1, "玩乐": 1, "都市": 1, "游侠": 1, "难": 1, "镜头": 1, "清晰": 1, "捕捉": 2, "后置": 1, "4000万": 1, "感光": 1, "暗拍": 1, "搭配": 1, "30": 2, "变焦": 1, "L华": 1, "手持": 1, "几万": 1, "块": 1, "mateX挤": 1, "地铁": 1, "玩王者": 1, "哥们": 1, "水平": 1, "图源": 1, "侵删": 1, "前列腺": 1, "发炎": 1, "杠": 1, "早": 1, "侧面": 2, "指纹": 3, "摩托罗拉ME": 1, "860": 1, "笑而不语": 1, "2011年": 1, "4月": 1, "上市": 1, "Low耀7i": 1, "锤子": 1, "国产": 1, "努比亚": 1, "最先": 1, "造势": 2, "第二": 2, "定义": 1, "首发": 10, "特么": 1, "供应链": 1, "整合商": 1, "装": 1, "孙子": 1, "到底": 1, "别人": 1, "脸": 1, "玩儿": 1, "「": 2, "厂家": 1, "侧边": 1, "打孔屏": 1, "」": 2, "自信点": 1, "本事": 1, "俩": 1, "字": 1, "去掉": 1, "终于": 1, "拿到": 1, "V30PRO": 1, "现场": 1, "体验": 1, "效果": 2, "刚才": 1, "试": 1, "惊呆": 1, "顶级": 1, "输P": 1, "Pro": 1, "硬件": 1, "软件": 1, "下放": 1, "开挂": 1, "L李大锤": 1, "同学": 1, "征选": 1, "作品集": 1, "十二月": 1, "惚": 1, "发现": 1, "加班": 1, "套": 1, "出炉": 1, "实话": 1, "pad": 1, "质感": 1, "棒": 1, "拍摄": 1, "小细节": 1, "修": 1, "干净": 1, "!": 1, "背景": 1, "色调": 1, "选择": 1, "颜色": 1, "顺色系": 1, "灰绿": 1, "画面": 1, "简约": 1, "主体": 1, "……​": 1}