{"苹果": 11, "挤出": 9, "中国": 24, "市场": 21, "全球": 1, "智能": 14, "手机": 10, "竞争": 1, "异常": 1, "激烈": 1, "制造商": 3, "小米": 7, "、": 36, "华为": 61, "Oppo": 4, "Vivo": 4, "三星": 7, "份额": 9, "下降": 4, "未来": 4, "​": 15, "肖战": 3, "首登": 1, "MadameFigaro": 3, "封面": 3, "演绎": 1, "多重": 1, "时尚": 1, "简约": 1, "造型": 2, "尽显": 1, "出众": 1, "气质": 1, "戴上": 1, "款": 1, "GENTLE": 2, "MONS": 2, "TER华": 4, "眼镜": 6, "秒变": 1, "文质彬彬": 1, "斯文赞": 1, "任正非": 22, "接受": 8, "日本": 20, "共同社": 8, "采访": 10, "：": 14, "美国": 29, "打压": 4, "如同": 4, "当年": 5, "压制": 3, "创始人": 3, "兼": 1, "CEO": 2, "16日": 2, "高速": 1, "发展": 6, "差点": 1, "买": 5, "全世界": 1, "引来": 1, "如今": 1, "对待": 4, "想": 6, "压": 4, "想到": 2, "才": 1, "钱": 2, "飞机": 1, "汽车": 1, "粮食": 1, "产品": 6, "经济": 4, "真垮": 1, "拖": 1, "谈及": 4, "政府": 4, "排除": 1, "5G": 18, "理解": 1, "客户": 1, "方式": 2, "选择": 3, "商品": 2, "权利": 1, "卖": 3, "指出": 1, "成功": 2, "公司": 13, "贡献": 2, "采购": 2, "器件": 3, "O": 6, "拍摄": 3, "花絮": 2, "视频": 7, "惊艳于": 1, "小赞": 1, "驾驭": 1, "轻": 1, "敲": 1, "温柔": 2, "低眉": 1, "都": 13, "自带": 1, "成熟": 2, "少年感": 2, "黑色": 1, "皮衣": 1, "搭配": 1, "GENTLEMONS": 2, "少年": 1, "气度": 1, "非凡": 1, "感谢": 2, "摄影师": 2, "@": 1, "白波": 2, "白": 1, "带来": 2, "段": 1, "精彩": 2, "影像": 1, "记录": 1, "Mate30": 4, "系列": 1, "电影级": 1, "摄像头": 1, "7680": 1, "fps": 1, "超高速": 1, "摄影": 1, "专业级": 1, "配置": 1, "艺术": 1, "创作": 1, "提供": 2, "广阔": 1, "想象": 1, "空间": 1, "！": 10, "L华": 3, "终端": 3, "官方": 4, "做好": 8, "实体": 9, "清单": 9, "长期": 8, "撤销": 8, "出口": 3, "禁令": 6, "站": 3, "说话": 4, "改变": 4, "太": 5, "议会": 1, "议员": 2, "指责": 1, "遏制": 3, "内部": 2, "统一": 2, "——": 3, "一个": 17, "世界": 6, "数据": 1, "显示": 1, "2014年": 2, "大幅": 2, "增长": 4, "时期": 1, "翻": 1, "三": 2, "倍": 3, "总共": 1, "占据": 1, "67%": 1, "稳定": 1, "13%": 1, "12.8%": 1, "2018年": 1, "不到": 1, "1%": 1, "10.1%": 1, "7.4%": 1, "OV": 1, "科技": 5, "周末": 1, "重头戏": 1, "鹤": 1, "总去": 1, "南昌": 1, "重提": 1, "快速": 1, "让位": 1, "质量": 1, "精神": 1, "VR": 2, "本身": 1, "预期": 1, "差不多": 1, "路子": 1, "制造": 2, "出发": 2, "硬件": 1, "吃掉": 1, "基于": 1, "总量": 1, "向上": 1, "搭": 1, "积木": 1, "工信部": 1, "苗": 1, "部长": 1, "讲": 1, "很": 5, "明白": 1, "阿里": 1, "巨头": 2, "签": 1, "项目": 2, "建成": 1, "一两": 1, "年后": 2, "爆发期": 1, "现有": 1, "框架": 1, "会上": 1, "发布": 3, "光猫": 1, "四": 2, "信号": 1, "扩大器": 1, "空口": 1, "速率": 1, "6Gbit/s": 1, "对付": 1, "游戏": 2, "肯定": 1, "大会": 4, "技术": 6, "方向": 3, "走": 5, "云VR": 1, "乌镇": 1, "互联网": 9, "蓝皮书": 1, "这几年": 1, "格局": 1, "抖音": 1, "美团": 1, "增加": 4, "传统": 1, "头部": 1, "企业": 2, "下沉": 1, "产业": 1, "后浪推前浪": 1, "前浪": 1, "找到": 1, "蓝海": 1, "死": 1, "沙滩": 1, "感受": 1, "危机": 4, "意识": 2, "创新": 2, "数字": 2, "领域": 1, "开盘": 1, "聊": 1, "动图": 1, "经典": 1, "黑白配": 1, "＋": 1, "满满": 1, "简直": 2, "溢出": 1, "屏幕": 1, "凌乱": 1, "发型": 1, "彰显": 1, "内心": 1, "张扬": 1, "抬眼": 1, "感觉": 1, "血槽": 1, "空": 1, "头条": 1, "文章": 1, "低": 2, "吸富": 3, "一生": 3, "": 2, "财经": 1, "每日": 1, "必读": 1, "赚钱": 1, "季": 1, "周一": 1, "创业板壳": 1, "+": 5, "养殖": 1, "/": 1, "主板": 1, "缩量": 1, "止跌": 1, "明日": 2, "预设": 1, "下跌": 1, "中继": 1, "弱": 2, "反弹": 1, "观察": 3, "成交量": 1, "放大": 1, "强势": 1, "股": 1, "接力": 1, "亏": 1, "效应": 1, "依旧": 1, "诚迈": 1, "天夏": 1, "智慧": 1, "非科": 1, "创板": 1, "情绪": 1, "标杆": 1, "空间板": 1, "高度": 1, "3板": 1, "首板": 2, "数量": 1, "存量": 1, "博弈": 1, "先手": 1, "重要性": 1, "错过": 1, "放弃": 1, "降低": 2, "风险": 2, "偏好": 2, "包板": 1, "1": 2, "涨停板": 1, "套利": 1, "优": 1, "策略": 1, "耐心": 1, "回踩": 1, "企稳": 1, "操作": 2, "机会": 1, "科创板": 1, "磨底": 1, "铂力特": 1, "南微": 1, "医学": 1, "乐鑫": 1, "重点": 1, "关注": 1, "另外沃尔德": 1, "方邦": 1, "股份": 2, "福光": 1, "瀚川": 1, "板块": 1, "活跃": 1, "盘中": 1, "O低": 1, "尴尬": 1, "用户": 2, "有趣": 1, "灵魂": 1, "黑暗": 1, "点亮": 1, "星河": 1, "璀璨": 1, "Pro": 2, "自制": 1, "银河": 1, "戳": 1, "十月": 1, "浪漫": 1, "流星雨": 1, "随机": 1, "测评": 2, "iPhone11pro图": 1, "mate30pro": 1, "原片": 1, "华": 2, "主题": 5, "»华": 1, "9.0/9.1": 1, "黄小鸡": 1, "»": 1, "截止": 2, "不售": 1, "莫问»": 1, "giaogiao.​": 1, "机海": 1, "战术": 1, "抗衡": 1, "乱乱": 1, "产品线": 1, "三星​": 1, "推荐": 3, "纪要": 4, "韩": 1, "合作": 6, "东南亚": 1, "欧洲": 1, "中东": 1, "构建": 1, "经济圈": 1, "零部件": 5, "渡过": 3, "断供": 2, "活": 2, "保障": 2, "三五": 2, "先进": 5, "领先": 6, "依托": 2, "全球化": 7, "分工": 3, "才能": 2, "持续": 2, "3": 1, "美": 1, "脱钩": 1, "政客": 1, "想法": 1, "4": 1, "人工": 2, "影响": 3, "乔布斯": 1, "5": 1, "黑名单": 1, "6": 1, "半导体": 1, "系统": 2, "照样": 1, "7": 1, "国庆": 1, "几万": 1, "表演": 1, "变化": 1, "很快": 1, "动漫": 1, "表达": 1, "人民": 1, "欢乐": 1, "8": 1, "员工": 2, "19.4万": 1, "几千": 1, "补": 1, "很多": 4, "洞": 1, "优秀": 1, "人才": 1, "进来": 1, "全文": 1, "！！！": 2, "钢铁": 1, "侠定": 1, "制版": 1, "啊啊": 1, "30pro": 1, "早": 3, "开机": 1, "动画": 1, "小铁": 1, "！！！​": 1, "希望": 4, "社会": 5, "同情": 3, "分裂": 3, "佩服": 1, "胸怀天下": 1, "苍生": 1, "一腔热血": 1, "铸就": 1, "锦绣": 1, "中华": 1, "10月": 3, "21日": 2, "旗下": 1, "心声": 1, "社区": 1, "官网": 1, "此次": 1, "深圳": 1, "赞成": 2, "霸权": 1, "争夺战": 1, "相互": 1, "依存": 1, "独自": 1, "做出": 2, "落后": 1, "自力更生": 1, "道路": 3, "协作": 1, "整合": 2, "献给": 1, "人类": 1, "投入": 4, "力量": 2, "暂时": 4, "同步": 3, "启动": 4, "研究": 5, "6G": 14, "高频": 1, "带宽": 3, "宽": 1, "覆盖": 1, "主力": 1, "问及": 1, "商用": 1, "也许": 1, "快": 2, "保守": 1, "估计": 1, "光纤": 1, "通信": 3, "发达": 1, "国家": 2, "接入": 2, "无线": 5, "提前": 1, "担心": 3, "还要": 1, "谋求": 1, "生存": 2, "威胁": 1, "五": 1, "担忧": 1, "所有人": 1, "这不": 2, "支持": 1, "推动": 2, "自我": 1, "封闭": 1, "判断": 1, "实体名单": 1, "封锁": 1, "东西": 1, "能量": 1, "足以": 1, "轨道": 1, "制裁": 1, "往前": 1, "过程": 1, "颗": 1, "小小": 1, "米粒": 1, "打击": 2, "别人": 2, "趁机": 1, "好好": 2, "角度": 1, "忙": 1, "害怕": 1, "死亡": 1, "拼命": 1, "努力": 3, "工作": 1, "三季度": 1, "销售": 1, "收入": 1, "24.4%": 1, "超越": 3, "赶上": 1, "称": 1, "只能": 2, "多么": 2, "强大": 1, "丰厚": 1, "资源": 1, "一点": 1, "突破": 1, "这是": 1, "近日": 1, "安利": 1, "舌尖": 1, "新作": 1, "重塑": 1, "·": 1, "时光": 1, "全片": 1, "照相馆": 1, "产科": 1, "公益": 1, "组织": 1, "篆刻": 1, "暖心": 1, "故事": 1, "生命": 1, "文化": 1, "传承": 1, "秒拍": 1, "第六": 2, "届": 2, "第二": 1, "会议": 1, "间隙": 1, "速度": 2, "室外": 1, "实测": 1, "朋友们": 1, "请": 1, "嘉兴·乌镇": 1, "L张平安": 1, "Alex": 1, "机构": 1, "拆解": 1, "P30Pro": 1, "发现": 1, "成本": 5, "大概": 1, "2500": 2, "元": 1, "核心": 1, "国产": 1, "日本人": 1, "中国人": 1, "5000": 1, "暴利": 1, "研制": 1, "出厂": 1, "材料费": 1, "研发": 1, "费用": 2, "售前": 1, "广告费": 1, "售后": 1, "服务费": 1, "无视": 1, "有色": 1, "弯道": 1, "超车": 1, "拥有": 2, "专利": 3, "自豪": 1, "明年": 1, "两三千": 1, "块钱": 1, "物料": 1, "便宜": 2, "不用": 1, "缴纳": 1, "许可费": 1, "天地": 3, "互联": 3, "网络": 1, "致密化": 1, "程度": 1, "前所未有": 1, "水平": 1, "基站": 2, "数百": 1, "数千": 1, "连接": 1, "容量": 2, "1000": 1, "最终": 1, "O华": 1, "提升": 1, "千": 1, "红米": 1, "运动": 1, "海威特": 1, "蓝牙": 2, "耳机": 2, "💯": 1, "平仑": 1, "噢": 1, ">>": 2, ">": 2, "习惯": 1, "静夜": 1, "跟着": 1, "唐诗": 1, "宋词": 1, "旋律": 1, "伴": 1, "怀旧": 1, "歌声": 1, "踩": 1, "月色": 1, "清辉": 1, "走入": 1, "夜色": 1, "灯火": 1, "阑珊": 1, "城市": 2, "逃离": 1, "霓虹灯": 1, "色彩": 1, "寻": 1, "宁静": 1, "角落": 1, "安置": 1, "心事": 1, "​​": 1, "李": 2, "佳琦": 2, "直播": 2, "昨天": 1, "围观": 1, "爱": 1, "恨": 1, "推啥": 1, "差一点": 1, "理智": 1, "出走": 1, "昨晚": 1, "搞": 1, "波": 1, "揪奖": 1, "印象": 1, "打开": 1, "包装": 1, "第一": 1, "眼": 1, "爱上": 1, "万年": 1, "脸黑": 1, "非洲": 1, "打算": 1, "十一": 1, "老老实实去GM": 1, "店": 1, "自行": 1, "安排": 1, "O网页": 1, "链接": 1, "L": 1, "妈妈": 1, "牵": 1, "手": 1, "回家": 1, "设计": 1, "美学": 1, "勿": 1, "转勿": 1, "评论": 1, "售": 1, "全局": 1, "9.0－9.1": 1, "ほろ": 1, "よい": 1, "预览": 1, "上机": 1, "草莓": 1, "nova5": 1, "预售": 1, "点开": 1, "图片": 1, "硬核": 1, "Z世代": 1, "靓仔": 1, "无线充": 3, "就算": 1, "有线": 1, "补充": 1, "充电": 3, "玩": 1, "打到": 1, "一半": 1, "放": 1, "现阶段": 1, "价格": 1, "贵": 1, "快充": 1, "充电板": 1, "小伙伴": 1, "真的": 1, "生活": 1, "至少": 1, "2-3": 1, "10W": 1, "笔": 1, "额外": 1, "旗舰": 1, "原因": 1, "公共": 1, "区域": 1, "大面积": 1, "铺开": 1, "或许": 1, "变革": 1, "睡觉": 1, "插": 1, "一下线": 1, "麻烦": 1, "大众": 1, "小白": 1, "数据库": 1, "流行": 1, "爸爸": 1, "锤": 1, "儿子": 1, "麒麟810": 1, "4000": 1, "mAh+20W+": 1, "浴霸": 1, "摄": 1, "干": 1, "1599": 1, "荣耀": 1, "卖​": 1, "时代": 1, "动能": 1, "大咖": 1, "云集": 1, "迸发": 1, "耳目一新": 1, "金句": 1, "下午": 1, "论坛": 1, "聚焦": 1, "开创": 1, "新时代": 1, "带": 1}