{"明星": 1, "偷税": 1, "吸毒": 1, "原谅": 1, "袁隆平": 1, "买": 7, "华为": 97, "手机": 23, "羞辱": 1, "这才": 1, "时代": 1, "悲哀": 1, "！": 7, "​": 14, "任正非": 46, "猛": 8, "夸": 9, "特朗普": 20, "：": 36, "宣传": 19, "全世界": 19, "厉害": 19, "8月": 10, "16日": 8, "英国": 32, "天空": 12, "新闻台": 9, "播出": 9, "创始人": 11, "兼": 11, "CEO": 9, "专访": 11, "谈及": 13, "首相": 8, "约翰逊": 8, "拒绝": 8, "5G": 38, "美国": 24, "列为": 9, "实体": 9, "清单": 9, "笑称": 9, "人民": 10, "提到": 8, "女儿": 5, "孟晚舟": 5, "L燃": 9, "新闻": 11, "秒拍": 11, "视频": 14, "香港": 1, "警察": 2, "雄起": 1, "废青": 2, "激光笔": 1, "照射": 1, "P30P": 1, "RO（up": 1, "主称": 1, "超远": 1, "距离": 1, "变焦": 1, "拍下": 1, "面孔": 1, "L战": 1, "甲装": 1, "研菌": 1, "首款": 6, "正式": 10, "发售": 6, "秒": 2, "售罄": 3, "预约量": 4, "破": 2, "百万": 3, "台": 5, "Mate20X5G": 2, "版": 2, "官方": 2, "售价": 2, "6199": 2, "元": 2, "截至": 2, "款": 4, "突破": 2, "100万": 2, "央视": 2, "财经": 3, "调查": 2, "着急": 2, "柳传志": 9, "一战": 6, "是非": 6, "抢": 6, "科技": 15, "战略": 8, "制高点": 9, "亚布力": 4, "论坛": 4, "夏季": 4, "高峰会": 4, "天津": 1, "联想": 1, "控股": 1, "董事长": 1, "@": 2, "出席": 1, "演讲": 1, "实力": 3, "基础": 2, "确实": 1, "很": 3, "薄弱": 2, "考验": 1, "表现": 1, "格外": 3, "冷静": 4, "、": 6, "虚心": 2, "学习": 2, "主动": 2, "融入": 2, "世界": 6, "社会": 2, "提升": 1, "中国": 9, "富强": 2, "作出": 1, "贡献": 2, "O柳": 2, "传志": 2, "制高点L": 1, "新浪": 1, "投资": 1, "真心": 1, "吃瓜": 3, "角度": 2, "吃": 2, "伟立": 1, "创": 1, "扣华": 1, "东西": 1, "群众": 1, "完了": 1, "职业": 1, "投资人": 1, "圈层": 1, "讨论": 1, "报复": 2, "单子": 1, "果不其然": 1, "涨": 2, "轮": 1, "受益": 1, "标的": 1, "吃瓜界": 1, "吐槽": 1, "耗电": 3, "投资界": 1, "讲": 1, "笑话": 2, "利好": 2, "长江": 1, "电力": 1, "自动": 1, "驾驶": 1, "茅台": 1, "流行": 1, "大佬们": 1, "机会": 1, "热": 2, "就要": 1, "散热": 2, "蹭": 2, "好在": 1, "哭死": 1, "挖石": 1, "墨烯": 1, "挖": 1, "通透": 1, "这两天": 1, "造谣": 1, "工信部": 1, "推": 1, "4G": 2, "速度": 1, "降": 1, "快": 1, "现有": 1, "光缆": 1, "宽": 1, "慢车": 1, "快车": 1, "让道": 1, "为啥": 1, "推5G": 1, "同步": 1, "推全": 1, "光网": 1, "棋高一着": 1, "涨停": 1, "不少": 1, "担心": 2, "卖": 3, "罕见": 1, "接受": 4, "采访": 3, "产品": 1, "19日": 1, "政府": 4, "放开": 1, "供货": 1, "封杀": 2, "盟国": 1, "施压": 1, "排除": 1, "网络": 3, "建设": 2, "攻势": 1, "依然": 1, "展开": 2, "眼下": 1, "还要": 1, "等待": 1, "项": 1, "法国": 1, "德国": 1, "都": 4, "参与": 1, "本国": 1, "变得": 1, "尤为": 1, "关注": 1, "媒体": 2, "透露": 1, "本周": 1, "早些时候": 1, "总统": 1, "国家": 3, "事务": 1, "助理": 1, "博尔顿": 1, "访问": 1, "期间": 1, "暗示": 1, "鲍里斯·约翰逊": 1, "推倒": 1, "重来": 1, "15日": 1, "首席": 2, "执行官": 2, "抵挡": 1, "住": 1, "压力": 1, "不在乎": 1, "供应": 1, "开玩笑": 1, "调侃": 1, "曝光度": 1, "市场": 3, "空间": 2, "拜特朗普": 1, "赐": 1, "L": 2, "性情": 1, "永远": 2, "风轻云淡": 1, "淡定": 1, "从容": 1, "露面": 1, "记者": 2, "喝茶": 2, "聊天": 1, "荣辱不惊": 1, "态度": 1, "近日": 1, "75": 1, "岁": 1, "总裁": 1, "深圳": 1, "这是": 2, "无拘无束": 1, "水果": 1, "体验": 2, "民族": 2, "风情": 1, "打开": 1, "小浪": 1, "投票": 1, "首批": 1, "电信": 2, "商用": 2, "——": 1, "Mate20X": 1, "开售": 2, "昨日": 1, "厦门": 2, "分公司": 1, "滨北": 1, "营业厅": 3, "江头": 1, "备受": 1, "瞩目": 1, "用户": 2, "见面": 1, "标志": 1, "走进": 1, "市民": 2, "生活": 2, "​​​": 2, "网友": 1, "实在": 1, "想": 3, "不通": 1, "一家": 1, "快递": 1, "公司": 7, "挺华": 1, "龙江": 1, "新兴": 1, "P30": 1, "省下": 1, "3": 1, "块钱": 1, "​​": 1, "大兴安岭": 1, "地区": 1, "·": 1, "北极点": 1, "众多": 2, "周知": 1, "三十": 1, "甲骨文": 2, "霸占": 1, "全球": 3, "高端": 1, "数据库": 6, "软件": 3, "大部分": 1, "年前": 1, "领域": 3, "持续": 1, "投入": 1, "艰苦": 1, "研发": 2, "拥有": 2, "900": 1, "顶级": 1, "专家": 1, "人才": 1, "领先": 1, "系统": 5, "起名": 1, "高斯": 1, "强势": 1, "挑战": 1, "霸主": 1, "地位": 1, "中华": 1, "崛起": 1, "核心": 2, "发动机": 1, "一个": 3, "几十": 1, "巨头": 1, "技术": 4, "开战": 1, "场面": 1, "蔚为壮观": 1, "谈": 5, "制裁": 4, "军": 4, "相争": 4, "死": 4, "17日": 2, "2019": 2, "G20": 2, "收手": 2, "暂时": 2, "抡起": 2, "大棒": 2, "老板": 3, "联播L": 1, "联播": 2, "开卖": 2, "三大": 2, "运营商": 2, "推出": 2, "套餐": 2, "资费": 2, "贵": 2, "第五": 1, "通信": 1, "挂": 1, "嘴边": 1, "称": 4, "年度": 1, "热词": 1, "内核": 1, "办法": 1, "解释": 1, "大众": 1, "先进": 1, "移动端": 1, "上市": 1, "走": 1, "现实": 1, "之中": 1, "昨天": 3, "北京": 3, "女士": 1, "三里屯": 1, "购买": 2, "MATE20X5G": 1, "首位": 1, "7月": 1, "26号": 1, "开启": 1, "预约": 1, "线上": 1, "线下": 1, "人数": 1, "超过": 1, "消费者": 1, "网上": 1, "留言": 1, "分钟": 1, "首销": 1, "情况": 1, "瞬间": 1, "抢光": 1, "O华": 1, "安卓": 3, "第三": 3, "不利": 3, "电视台": 1, "业务": 1, "影响": 1, "回应": 1, "封锁": 1, "谷歌": 1, "提供": 1, "称霸": 1, "补充": 1, "增加": 1, "‘": 5, "小兄弟": 3, "’": 5, "说不定": 1, "老大哥": 2, "干劲": 1, "跑到": 1, "风险": 1, "O": 1, "20190817": 1, "外刊": 1, "阅读": 1, "努力": 1, "解决": 1, "信任": 1, "难题": 1, "全文": 1, "太": 1, "难": 1, "爱好者": 3, "英语": 2, "文": 1, "中用": 1, "buff": 1, "historybuff": 1, "历史": 1, "operabuff": 1, "歌剧": 1, "标注": 1, "语言点": 1, "查": 1, "词典": 1, "用法": 2, "小词": 1, "/": 2, "熟词": 1, "僻义": 1, "四两拨千斤": 1, "效果": 1, "标绿": 1, "写作": 1, "翻译": 1, "模仿": 1, "[米奇": 1, "心]": 1, "studyaccount": 1, "驰谌": 1, "读": 1, "原版": 1, "考研": 1, "": 1, "英": 1, "美": 1, "国": 1, "为首": 1, "外部": 1, "打压": 1, "击垮": 1, "压制": 1, "失败": 1, "妄想": 1, "煽动": 1, "无脑": 1, "实行": 1, "内部": 1, "分裂": 1, "垮": 1, "想到": 1, "算了": 1, "阿中哥哥": 1, "强大": 1, "后援团": 1, "后援": 1, "力量": 1, "牛掰​": 1, "小编": 2, "听说": 1, "观影": 1, "神器": 1, "平板": 1, "M6": 1, "果断": 1, "入手": 1, "试试": 1, "真的": 1, "好用": 1, "头号": 1, "玩家": 1, "这部": 2, "影片": 1, "游戏宅": 1, "影迷": 1, "福利": 1, "超大CG": 1, "场景": 1, "新奇": 1, "剧情": 1, "数不胜数": 1, "接下来": 1, "盘": 2, "值得": 1, "二刷": 2, "经典": 1, "电影": 1, "到底": 1, "重头戏": 1, "MateX": 1, "入网": 1, "11": 1, "厚": 1, "300g": 1, "8": 1, "英寸": 1, "屏幕": 1, "6GB": 1, "+": 3, "128GB,8GB": 1, "256GB": 1, "12GB": 1, "512GB": 1, "三": 2, "存储": 1, "配置": 1, "支持": 1, "NSA": 1, "SA": 1, "4000万": 1, "像素": 1, "摄": 1}