{"明天": 1, "周日": 2, "发": 2, "台": 3, "华为": 56, "手机": 20, "！": 28, "随机": 1, "抽取": 1, "幸运": 1, "观众": 1, "​": 21, "精致": 1, "绝不": 1, "放过": 1, "件": 1, "单品": 2, "时髦": 2, "一件件": 1, "搭配": 2, "气场": 1, "细节": 1, "出众": 1, "#华": 1, "nova4": 2, "蜜语": 1, "红": 1, "配合": 1, "风格": 1, "造型": 1, "轻松": 2, "彰显": 1, "个性": 1, "流行": 1, "炫红": 1, "机身": 1, "设计": 1, "年末": 1, "派对": 1, "焦点": 1, "每张": 1, "聚会": 1, "照片": 1, "都": 3, "留下": 1, "印记": 1, "​​​": 2, "冬天": 2, "动口": 1, "冻": 1, "手": 1, "寒冷": 1, "场": 1, "人和": 1, "冬日": 1, "虐恋": 1, "户外": 1, "频繁": 1, "发生": 2, "冻僵": 1, "手指": 1, "戳": 2, "一个": 6, "表情": 1, "困难": 1, "那种": 1, "寒风": 1, "颤抖": 1, "绝望": 1, "经历": 1, "...": 1, "一句话": 1, "搞定": 1, "麻烦": 1, "想要": 1, "↓↓": 2, "视频": 9, "丨": 1, "转发": 3, "@": 11, "飞碟": 2, "设置": 1, "『": 1, "关注": 5, "』": 1, "1月": 6, "3日": 1, "从中": 1, "抽": 4, "5": 1, "送上": 1, "FreeBuds": 1, "2Pro": 1, "无线": 1, "耳机": 2, "丨L": 1, "秒拍": 2, "闹铃": 1, "响": 1, "城": 1, "寻找": 1, "吃堡": 1, "锦鲤": 3, "2019": 6, "请": 2, "饭票": 1, "12月": 3, "29日": 2, "1日": 1, "厦门": 1, "沙坡": 1, "尾吃堡": 1, "争霸": 2, "美食节": 1, "吃货": 1, "狂欢": 1, "盛宴": 1, "参与": 2, "竞技": 1, "挑战": 1, "365": 1, "闽南": 2, "美食": 1, "全年": 1, "单券": 1, "、": 26, "Mate20X": 1, "小米": 4, "滑板车": 1, "…": 2, "吃": 2, "玩": 2, "逛": 1, "走起": 1, "快": 3, "pick": 2, "爱": 1, "好料": 1, "2018": 3, "年度": 1, "旗舰": 1, "实境": 1, "拍摄": 1, "PK": 1, "iPhoneXsMax": 1, "Mate20Pro": 1, "MIX3": 1, "才": 2, "最佳": 1, "人像": 2, "王": 1, "感谢": 3, "支持": 6, "送出": 1, "价值": 3, "1276": 1, "元": 1, "原装": 1, "苹果": 1, "Airpods": 1, "副": 1, "5日": 2, "开奖": 1, "试试": 1, "运气": 1, "~": 3, "抽奖": 2, "平台": 2, "LBingo": 1, "实验室": 1, "科技": 4, "鲜闻": 1, "第三": 3, "智能": 12, "生活馆": 6, "试营业": 2, "杭州": 4, "迎来": 1, "该店": 1, "位于": 1, "杭州市": 1, "中心": 4, "黄金": 1, "地段": 1, "黄龙": 1, "万科": 1, "引入": 1, "很多": 2, "智慧": 6, "店铺": 1, "系统": 2, "产品": 2, "体验": 3, "互动": 1, "功能区": 1, "融": 1, "人文": 1, "关怀": 1, "绿色": 1, "生态": 2, "一体": 1, "小浪带": 1, "O华": 4, "这次": 1, "国内": 1, "店": 3, "逼格": 1, "抬": 2, "工作日": 2, "元旦": 2, "打算": 1, "带上": 1, "Mate20": 2, "旅行": 1, "记录": 1, "美好": 1, "瞬间": 2, "回顾": 1, "成绩单": 1, "数字": 1, "背后": 1, "用户": 3, "收获": 1, "责任": 1, "；": 4, "长跑": 1, "终点": 1, "2019年": 5, "期待": 1, "更上一层楼": 1, "带来": 1, "优质": 1, "回馈": 1, "祝": 1, "朋友": 1, "假期": 1, "愉快": 1, "孟晚舟": 1, "快要": 1, "到来": 1, "晚舟": 3, "扣押": 1, "万里冰封": 1, "加拿大": 1, "回来": 1, "陪伴": 1, "老": 1, "父亲": 1, "跨年": 1, "老父亲": 1, "75": 1, "岁": 1, "高血压": 1, "睡眠": 1, "5月": 1, "手术": 1, "手上": 1, "24": 1, "小时": 1, "佩戴": 1, "GPS": 1, "手镯": 1, "希望": 1, "中国人": 1, "：": 17, "新年": 9, "精神": 1, "公平": 7, "逼向": 6, "世界": 10, "第一": 8, "公司": 7, "轮值": 4, "董事长": 4, "郭平": 5, "27日": 1, "发表": 2, "致辞": 6, "称": 2, "营业额": 1, "预计": 3, "1085亿": 2, "美元": 2, "增": 1, "21%": 3, "压力": 1, "歧视": 1, "围堵": 1, "动力": 1, "有人": 2, "贫穷": 1, "敌人": 1, "送": 5, "福利": 1, "荣耀": 1, "壳": 2, "不错": 1, "弄": 1, "鬼鬼": 1, "李": 1, "转走": 1, "即可": 1, "6日": 1, "型号": 1, "匹配": 1, "附带": 1, "全新": 1, "未": 1, "查封": 1, "5G": 4, "威胁": 3, "英国": 6, "高官": 2, "想法": 2, "实在": 2, "愚蠢": 3, "电信": 1, "基础": 1, "设施": 1, "领域": 1, "作用": 1, "争论": 1, "政府": 2, "通信": 1, "总部": 1, "负责人": 1, "罗伯特·汉尼根": 1, "呼吁": 1, "群众": 1, "冷静": 1, "态度": 1, "中国": 6, "技术": 8, "兴奋": 1, "滋长": 1, "这是": 1, "东西": 1, "推动": 2, "理解": 1, "便宜": 1, "最高级": 1, "禁止": 1, "英前": 1, "封杀": 1, "早就": 1, "听说": 2, "座": 1, "终于": 1, "等到": 1, "多种": 1, "支付": 2, "方式": 1, "选择": 2, "电子": 1, "屏幕": 1, "一键式": 1, "下单": 1, "太": 1, "精简": 1, "繁琐": 1, "购物": 1, "流程": 1, "时间": 1, "VR": 2, "游戏区": 1, "享受": 1, "开心一刻": 1, "～​": 1, "共青团": 1, "中央": 1, "学校": 1, "联合": 1, "校园": 3, "跑步": 2, "发起": 1, "跑": 1, "线上": 1, "活动": 3, "顺利": 1, "收官": 1, "话题": 1, "阅读量": 1, "2.6亿": 1, "大学生": 1, "人数": 1, "7万+": 1, "升级": 1, "运动": 4, "季": 1, "主题": 1, "故事": 1, "掀起": 1, "冬季": 1, "热潮": 1, "不息": 1, "不止": 2, "本条": 1, "同学": 1, "影像": 2, "学院": 1, "来到": 1, "上海": 4, "Ins": 1, "摄影": 2, "大神": 1, "raykoo8018": 1, "现场": 1, "学员": 1, "分享": 1, "宝贵": 1, "经验": 1, "气氛": 1, "热烈": 1, "后续": 1, "陆续": 1, "举办": 1, "亲子": 1, "健康": 1, "课程": 1, "麒麟": 3, "处理器": 1, "刚刚": 1, "发布": 2, "标识": 1, "动画": 1, "3D": 1, "好看": 1, "权健": 2, "反攻": 2, "丁香": 2, "医生": 2, "10万+": 2, "刷屏": 2, "保卫权": 2, "健=": 2, "保卫": 3, "O权健": 1, "天津市": 1, "调查": 1, "夸大": 1, "宣传": 1, "看点": 1, "热闹": 1, "药酒": 1, "产值": 1, "英媒": 1, "惧": 2, "封堵": 2, "强劲": 2, "增长": 5, "金融": 1, "时报": 1, "恶性": 3, "事件": 5, "外国": 1, "极端": 3, "待遇": 1, "2018年": 4, "收入": 2, "郭平说": 1, "挫折": 2, "消沉": 2, "领先": 2, "锐气": 2, "挫": 2, "勇": 2, "O英媒": 1, "哈尔滨": 2, "地铁": 9, "正式": 1, "Applepay": 2, "过闸": 1, "29号": 1, "5号": 1, "PAY": 1, "1": 3, "钱": 3, "试运行": 1, "单日单": 1, "设备": 3, "4": 1, "绑定": 1, "实体卡": 1, "62": 1, "开头": 1, "区间": 2, "一律": 1, "公交": 1, "冲突": 1, "iPhone": 1, "三星pay": 1, "HUAWE": 1, "IPay": 1, "Pay": 1, "手表": 1, "闸": 3, "L东旭Kyler": 2, "": 1, "爆料": 1, "东旭Kyler": 1, "小编": 1, "提示": 1, "乘车": 3, "全线": 2, "均": 2, "测试": 4, "阶段": 2, "带有": 1, "扫码": 4, "闸机": 1, "闪付": 2, "出站": 1, "客服": 1, "贺词": 2, "郭": 2, "平发": 1, "不经": 1, "艰难困苦": 1, "玉汝于成": 1, "平称": 1, "销售": 1, "同比": 1, "运营商": 1, "签定": 1, "26": 1, "商用": 1, "合同": 1, "10000": 1, "基站": 1, "全球": 2, "160多": 1, "城市": 1, "500": 1, "企业": 1, "211": 1, "数字化": 1, "转型": 1, "伙伴": 1, "出货量": 1, "超过": 1, "2亿": 1, "PC": 1, "业务": 1, "IoT": 1, "家居": 1, "可喜": 1, "突破": 1, "上线": 1, "18": 1, "140": 1, "服务": 1, "人事": 1, "管理": 1, "干部": 1, "队伍": 1, "四平八稳": 1, "平庸化": 1, "一家": 3, "平庸": 1, "奋斗": 1, "贡献": 1, "面前": 1, "人人": 1, "平等": 1, "法律": 1, "遵从": 1, "的确": 1, "定性": 1, "应对": 1, "国际": 1, "政治": 1, "不确定性": 1, "三十": 1, "积累": 2, "必将": 1, "大有可为": 2, "员工": 2, "迷给": 1, "安利": 1, "超赞": 1, "想": 1, "想到": 1, "店试": 1, "营业": 1, "试用": 1, "新机": 1, "自拍": 1, "惊艳": 1, "体验区": 1, "很": 1, "用心": 2, "推荐": 1, "区域": 1, "沉浸式": 1, "效果": 1, "棒": 1, "动作": 1, "资料": 1, "转移": 1, "赶紧": 1, "学习": 1, "L华": 1, "终端": 5, "官方": 1, "大佬": 1, "余承东": 3, "场景": 5, "产业": 2, "王者": 1, "万亿": 1, "美金": 1, "巨量": 1, "市场": 1, "空间": 1, "大幕": 1, "拉开": 1, "行业": 1, "面临": 1, "格局式": 1, "洗牌": 1, "未来": 2, "存活": 1, "厂商": 1, "王者​": 1, "现金": 2, "坐": 2, "石家庄": 5, "即日": 2, "购票": 4, "刷": 3, "身边": 1, "车站": 1, "自助": 1, "售票机": 1, "开通": 1, "功能": 1, "支付宝": 1, "微信": 1, "银联云": 1, "在线": 1, "APP": 1, "三星": 1, "O": 2, "头条": 1, "文章": 1, "发出": 2, "胜利": 2, "宣言": 2, "致敬": 4, "任正非": 2, "日前": 1, "携手": 1, "首发": 1, "集团": 1, "下属": 1, "速通": 1, "奥迪": 2, "全国": 2, "高速": 6, "公路": 4, "车路": 3, "协同": 3, "包括": 1, "时速": 1, "80km/h": 1, "L4级": 2, "自动": 6, "驾驶": 4, "提升": 1, "行车": 1, "辅助": 1, "基于": 2, "C-V2X": 2, "蜂窝": 1, "网络": 1, "V2X": 1, "演示": 2, "重点": 1, "10余": 1, "项": 1, "关键": 2, "方案": 2, "前方": 2, "紧急": 2, "制动": 1, "预警": 3, "事故": 1, "异常": 1, "闯入": 1, "物": 1, "变道": 1, "超车": 1, "减速": 1, "停车": 1, "迈出": 1, "落地": 1, "提供": 2, "路侧": 3, "感知": 1, "包含": 1, "单元": 2, "RSU": 1, "计算": 1, "RSS": 1, "V2XServer": 1, "解决": 1, "延崇": 1, "打造": 2, "高速公路": 1, "车载": 1, "OBU": 1, "数据": 1, "MDC": 1, "利用": 1, "网联": 1, "汽车": 1, "火红": 1, "夕阳": 1, "走": 1, "感恩": 1, "朋友们": 1, "梦想": 1, "写": 1, "也许": 1, "努力": 1, "·": 1, "有限": 1, "研究所": 1, "拍出": 1, "广告": 1, "看完": 1, "心到": 1, "走向": 2, "LHW前HR": 1, "反向": 1, "充电": 1, "酷酷哒": 1}