{"转发": 3, "抽奖": 2, "假期": 2, "综合症": 1, "上班": 1, "摸": 1, "鱼": 1, "感谢": 2, "@": 10, "C-FORCE": 1, "官微": 1, "友情": 1, "赞助": 1, "便携": 2, "显示屏": 3, "C": 4, "FORC": 1, "ECF0113K": 1, "显示器": 1, "一线": 1, "直连": 1, "支持": 4, "任天堂": 2, "Switch": 1, "、": 18, "MacBook": 1, "USB": 2, "电脑": 1, "三星": 1, "Dex": 1, "华为": 69, "PC": 1, "mode": 1, "视频": 18, "输出": 1, "设备": 8, "顺便": 1, "FORCE": 1, "商城": 1, "搞": 3, "活动": 2, "1199": 2, "优惠": 1, "400": 1, "元": 3, "799": 1, "产品": 2, "～": 3, "关注": 1, "+": 1, "5月": 4, "12日": 1, "母亲节": 1, "抽": 3, "幸运": 1, "粉丝": 1, "价值": 3, "3K": 1, "高清": 1, "请": 1, "龙": 1, "…": 1, "……": 2, "！": 16, "L知任CHS": 1, "选择": 3, "AI": 7, "智能": 7, "推荐": 1, "不凡": 3, "陪": 2, "熬": 1, "夜": 1, "走": 1, "长": 2, "路": 1, "9日": 2, "平台": 3, "1": 2, "送": 2, "台": 1, "HUAWEIP": 1, "30": 1, "标配": 1, "杭州": 2, "与生俱来": 1, "云城市": 1, "峰会": 2, "2019": 4, "探索": 3, "未来": 16, "​": 21, "「": 1, "第二": 3, "期": 3, "手机": 14, "摄影": 7, "攻略": 2, "」": 1, "分享": 2, "照片": 3, "均": 1, "iPhone": 1, "系列": 8, "小米": 2, "拍摄": 4, "后期": 1, "软件": 1, "VSCOAPP": 1, "Fu利": 1, "评论": 1, "~": 2, "Vsco": 1, "教程": 1, "第一": 8, "P30": 8, "Pro": 5, "制作": 3, "轻科幻C": 1, "G短片": 1, "导演": 5, "彭宥纶": 3, "crackpot": 2, "充满": 1, "想象": 1, "奇妙": 1, "世界": 4, "影像": 14, "赋予": 1, "所有人": 1, "感知": 2, "认知力": 1, "L华": 7, "终端": 6, "官方": 6, "酷燃": 2, "这次": 2, "武汉": 1, "DigiX": 2, "数字": 2, "生活节": 2, "成功": 1, "解锁": 1, "音乐": 2, "party": 1, "模式": 2, "小屋": 1, "专业": 1, "K歌": 1, "声道": 1, "立体": 1, "环绕": 1, "体验": 3, "超赞": 1, "玩": 1, "很": 3, "开心": 1, "32": 4, "国": 4, "联合": 2, "发表": 1, "声明": 3, "5G": 19, "业务": 1, "发展": 2, "遭遇": 1, "空前": 1, "打压": 2, "2018年": 4, "联想": 2, "投票": 1, "事件": 1, "爆发": 1, "通信": 6, "行业": 4, "成就": 3, "正式": 2, "世人": 1, "熟知": 1, "超越": 1, "爱立信": 1, "供应商": 4, "拥有": 2, "相关": 3, "技术": 7, "专利": 1, "排名": 1, "一向": 1, "处于": 2, "垄断": 1, "地位": 2, "西方": 5, "国家": 7, "视为": 1, "眼中钉": 1, "美国": 14, "为首": 1, "发起": 1, "围攻": 1, "年底": 1, "媒体": 1, "曝光": 1, "蓄谋": 1, "9": 1, "2019年": 2, "针对": 4, "最新": 1, "禁令": 1, "包括": 2, "：": 12, "美企": 1, "禁止": 1, "采购": 1, "中兴": 3, "订购": 1, "采用": 1, "替换": 1, "措施": 1, "内": 1, "建设": 4, "白热化": 1, "阶段": 1, "时代": 5, "落伍": 1, "理由": 1, "变得": 1, "不堪一击": 1, "越来越": 1, "倒戈": 2, "市场": 3, "光明": 1, "不幸": 1, "消息": 2, "发生": 1, "当地": 2, "时间": 4, "2日": 1, "3日": 1, "布拉格5G": 1, "大会": 3, "捷克": 1, "首都": 1, "德国": 2, "日本": 1, "澳大利亚": 1, "欧盟": 1, "北约": 1, "4": 1, "全球": 4, "网络": 4, "组织": 1, "代表": 2, "参加": 3, "会议": 5, "建设者": 1, "中国": 18, "企业": 4, "未": 3, "获邀": 1, "会后": 1, "各国": 1, "发布": 4, "份": 3, "约束性": 1, "协议": 2, "布拉格": 3, "提案": 2, "焦点": 1, "所在国": 1, "一个": 4, "参与国": 1, "居然": 1, "邀请": 1, "目的": 2, "指向": 1, "与其说": 1, "讨论": 2, "倒不如": 1, "此前": 1, "称": 1, "抵制": 2, "盟友": 3, "标志": 1, "政府": 5, "计划": 1, "敦促": 1, "放弃": 1, "合作": 3, "威胁": 2, "涉及": 1, "门槛": 2, "远远": 1, "超过": 1, "外界": 1, "猜想": 1, "据悉": 1, "运营商": 1, "所在": 1, "法律": 1, "环境": 2, "治理": 1, "都": 6, "囊括": 1, "在内": 1, "制定": 1, "实则": 1, "利益": 1, "层面": 1, "欧洲": 2, "紧密": 1, "英国": 1, "大国": 1, "参与": 1, "仍旧": 1, "排除": 1, "核心": 1, "无疑": 2, "想": 3, "关系": 1, "太": 1, "僵": 1, "招致": 1, "报复": 1, "强大": 1, "如今": 1, "集体": 1, "设定": 1, "种种": 1, "替代": 1, "霸主": 1, "想要": 1, "生存": 1, "愈发": 1, "艰难": 1, "不禁": 1, "想起": 1, "任正非": 1, "一句话": 1, "居安思危": 1, "死亡": 1, "遥": 1, "遭受": 1, "打击": 1, "一贯": 1, "政治": 1, "歧视": 1, "本文": 1, "综合网": 1, "新闻": 1, "写": 1, "首位": 2, "女": 7, "实习": 4, "舰长": 4, "34": 3, "岁": 9, "高龄": 2, "入伍": 3, "23岁": 3, "就职": 3, "；": 9, "27": 3, "环球": 3, "洲际": 3, "小姐": 3, "大赛": 7, "特区": 3, "赛区": 3, "十佳": 3, "考取": 2, "中山": 5, "大学": 5, "研究生": 2, "28": 3, "赴": 3, "西藏": 3, "支教": 3, "30岁": 2, "博士": 3, "拒绝": 1, "百万": 1, "年薪": 1, "立志": 1, "从军": 1, "6": 2, "成长": 2, "人民": 4, "海军史": 2, "郑州舰": 2, "实习舰": 3, "长韦": 3, "慧晓": 4, "开讲": 1, "L": 2, "前线": 2, "3988": 1, "全世界": 1, "沸腾": 1, "P30ProVSOPPO": 2, "Ren": 2, "o长": 2, "焦": 2, "对比": 3, "次要": 1, "拍到": 1, "总共": 1, "拍": 4, "3400多": 1, "样张": 1, "半": 1, "终于": 1, "完了": 1, "更新": 1, "借口": 1, "PS": 1, "主讲": 1, "相机": 1, "讲": 1, "疯狂": 1, "OPPO": 1, "Reno": 2, "P30Pro": 3, "L小祥": 2, "啰": 2, "啰嗦": 2, "打嘴炮": 1, "肯定": 1, "找": 1, "熟悉": 1, "建立": 1, "话语": 1, "优势": 1, "牌桌": 2, "芯片": 7, "OS": 2, "老大": 1, "留": 2, "后门": 1, "舆论战": 1, "贼喊捉贼": 1, "玩法": 1, "舆论": 1, "回应": 1, "陷入": 1, "对方": 1, "划定": 1, "自证": 1, "清白": 1, "逻辑": 1, "落": 1, "下风": 1, "O": 2, "场": 1, "出席": 1, "韦": 1, "眼里": 1, "开挂": 1, "人生": 1, "指挥官": 1, "独特": 1, "经历": 1, "思考": 1, "受益匪浅": 1, "美丽": 1, "东海": 1, "滨": 1, "听": 1, "讲述": 1, "逐梦": 1, "深蓝": 1, "传奇": 1, "故事": 1, "证据": 1, "买": 1, "水军": 1, "知名": 1, "设计": 1, "美学": 1, "博主": 1, "发自": 1, "内心": 1, "赞美": 1, "超": 1, "霸气": 1, "价值观": 1, "一块": 1, "手表": 1, "戴": 1, "身价": 1, "百倍": 1, "荣获": 1, "远": 1, "同年": 1, "自荐": 1, "牛": 1, "军人": 1, "L军人": 1, "BrandZ2019": 1, "品牌": 4, "100": 2, "排行榜": 3, "阿里": 1, "腾讯": 1, "工行": 1, "名列": 2, "三": 1, "魅族": 1, "榜​": 1, "这部": 1, "影业": 2, "出品": 2, "轻": 4, "科幻": 5, "短片": 6, "画面": 1, "美": 2, "炸": 1, "新锐": 1, "片质感": 1, "难以置信": 1, "裸机": 1, "艺术": 3, "日常": 1, "魅力": 1, "秒拍": 6, "倍": 1, "有人": 1, "真实": 1, "光学": 1, "变焦": 1, "倍数": 1, "测评人": 1, "测评": 1, "兴趣": 1, "『": 1, "玩家": 1, "才": 1, "望远镜": 1, "』": 1, "看完": 2, "形单影只": 1, "图虫菌": 1, "不止": 1, "毕竟": 1, "20,000": 1, "美金": 1, "大奖": 1, "快": 1, "打开": 1, "图虫": 1, "参赛": 2, "投稿": 1, "详情": 1, "刚度": 1, "完假": 1, "回来": 1, "ฅ后院": 1, "猫ฅ": 1, "9.0": 1, "截止": 1, "华": 1, "主题": 2, "": 1, "扎": 1, "辫儿": 1, "强行": 1, "销售": 1, "一同": 1, "真的": 1, "隐患": 1, "看一看": 1, "Nathan": 1, "Rich": 1, "火锅": 1, "大王": 1, "这位": 1, "外国": 1, "小哥": 1, "看待": 1, "LITheat": 1, "热点": 1, "科技": 3, "今日": 1, "WPP": 1, "携手": 2, "凯度": 1, "Brand": 1, "Z™": 1, "总榜": 1, "第六": 1, "授予": 1, "最高端": 1, "奖": 1, "斩获": 1, "奖项": 1, "科技类": 1, "认可": 1, "消费者": 1, "中心": 1, "打造": 1, "品质": 1, "场景": 2, "智慧": 1, "生活": 2, "回馈": 1, "读图": 1, "A股": 1, "研发": 3, "19": 1, "公司": 1, "投入": 2, "力度": 1, "超华": 1, "计算机": 1, "占": 1, "百强榜": 1, "半壁江山": 1, "(": 1, "数据宝": 1, ")": 1, "发现": 1, "记录": 1, "美的": 1, "全新": 2, "方式": 1, "旨在": 1, "激发": 1, "创作": 2, "灵感": 1, "摄影师": 1, "用户": 1, "可能性": 1, "征稿": 1, "启动": 1, "获奖": 1, "作品": 2, "机会": 1, "入驻": 1, "巴黎": 1, "皇宫": 1, "殿堂": 1, "ParisPhoto": 1, "展出": 1, "上传": 1, "官网O": 1, "网页": 1, "链接": 1, "乐趣": 1, "资本": 1, "电影": 3, "大众": 1, "颠覆": 1, "认知": 1, "走向": 1, "街头": 1, "自由": 1, "首部": 1, "创意": 1, "眼": 1, "主角": 1, "竟然": 1, "延禧": 1, "中饰": 1, "演陆": 1, "晚晚": 1, "李若宁": 1, "Rn": 1, "#L": 1, "娱叔": 1, "CG": 2, "来袭": 1, "跟随": 1, "欣赏": 1, "匠心之作": 1, "心中": 1, "样子": 1, "苹果": 3, "桶": 1, "放过": 1, "不错": 1, "遇见": 1, "服务": 1, "带来": 1, "转评": 1, "颜值派": 1, "实力派": 1, "小云": 1, "随机": 1, "副": 1, "耳机": 1, "美好": 1, "#​": 1, "联发科": 2, "纷纷": 2, "布局": 1, "人工": 4, "到底": 1, "趋势": 1, "基础": 2, "显得": 1, "尤为": 1, "经费": 1, "集成": 1, "专核": 1, "大厂": 1, "高通": 1, "跟上": 1, "脚步": 1, "LTongliakata": 1, "阿联酋": 1, "迪拜": 1, "首届": 1, "AiEverything": 1, "展示": 1, "业界": 1, "领先": 1, "设施": 1, "覆盖": 1, "端": 1, "部署": 1, "Atlas": 1, "计算": 1, "演讲": 1, "专题": 1, "论坛": 1, "展览": 1, "客户": 2, "伙伴": 2, "阐述": 1, "战略": 1, "万物": 2, "皆": 1, "提供": 1, "全场": 1, "景AI": 1, "构建": 1, "互联": 1, "外媒": 1, "评选": 1, "最佳": 1, "排行": 1, "GalaxyS10+": 1, "同意": 1}