{"……": 2, "华为": 69, "P30Pro": 4, "挺": 1, "🐮🍺": 1, "/": 3, "Hovy": 1, "V2": 1, "J​": 1, "石墨烯": 4, "骗局": 1, "未来": 3, "黑科技": 1, "李永乐": 2, "老师": 3, "讲碳": 1, "同素": 1, "异形体": 1, "2004年": 1, "英国": 3, "曼彻斯特": 1, "大学": 1, "科学家": 1, "制作": 1, "石墨": 1, "分离": 1, "单层": 1, "材料": 2, "很": 3, "强大": 1, "导电": 1, "、": 8, "导热": 1, "能力": 1, "结实": 1, "拉伸": 1, "瞬间": 1, "各行各业": 1, "热捧": 1, "研制": 1, "电池": 2, "有人": 1, "人类": 1, "即将": 1, "时代": 1, "石": 1, "墨烯": 1, "结构": 1, "样子": 1, "神奇": 1, "性质": 1, "点开": 1, "视频": 7, "！": 13, "科普": 1, "L李永乐": 1, "演唱会": 1, "必备": 1, "买": 3, "远": 1, "看台": 1, "享受": 1, "VIP区": 1, "视听": 1, "待遇": 1, "爱豆": 1, "近在咫尺": 1, "距离": 1, "P30": 1, "​": 22, "华为pro30": 1, "牛逼": 1, "………": 1, "入手": 1, "！！": 1, "HovyV2JL杀马特": 1, "彩虹": 1, "马": 1, "去年": 2, "8月": 1, "CNN": 1, "报道": 1, "全球": 2, "销量": 1, "赶超": 1, "🍎": 1, "新加坡": 1, "彻夜": 1, "排队": 1, "30pro": 1, "一个": 5, "法国": 2, "开心": 1, "猜个机": 1, "猜": 1, "懂": 1, "手机": 10, "提示": 1, "：": 7, "相机": 2, "崛起": 1, "高通": 8, "输": 1, "当选": 7, "5G": 11, "标准": 7, "协会": 1, "主席": 8, "经历": 1, "很多": 1, "投票": 2, "近日": 1, "3GPP": 3, "深圳": 1, "第83": 1, "全体": 1, "会议": 3, "本次": 4, "全会": 6, "选举": 2, "候选人": 1, "公司": 3, "GeorgMayer": 1, "EddyHall": 1, "情理": 1, "之中": 2, "话语权": 2, "长期": 1, "垄断": 1, "通讯": 2, "行业": 1, "巨头": 1, "后起之秀": 1, "唯有": 1, "竞争": 4, "3": 6, "GPP": 6, "组织": 3, "都": 9, "陌生": 1, "毕竟": 2, "联想": 3, "个体": 1, "会员": 1, "拥有": 2, "投票权": 1, "票": 2, "差": 1, "输掉": 1, "决定性": 1, "投给": 1, "换来": 1, "骂名": 1, "终于": 2, "雪": 1, "前耻": 1, "深陷": 1, "水深火热": 1, "美国": 3, "为首": 1, "国家": 5, "市场": 3, "封锁": 1, "3月": 2, "7日": 1, "起诉": 1, "情况": 1, "突破": 1, "重围": 2, "成功": 1, "3G": 1, "PPSA": 1, "证明": 2, "技术": 2, "确实": 1, "数3": 1, "成员": 1, "认可": 1, "实力": 1, "象征": 1, "政治": 1, "因素": 1, "干扰": 1, "标志": 1, "冲出": 1, "下半年": 1, "不少": 1, "禁止": 3, "参与": 3, "网络": 6, "建设": 4, "这两天": 1, "日本": 6, "运营商": 1, "自主": 1, "选择权": 1, "算": 1, "首批": 1, "不仅仅": 1, "韩国": 3, "新西兰": 1, "波兰": 1, "改变": 1, "态度": 1, "限制华": 1, "部署": 1, "2万": 1, "座": 1, "基站": 1, "权威性": 3, "提升": 2, "影响": 1, "接受": 1, "远远": 1, "大于": 1, "设备": 1, "厂家": 1, "拒绝": 1, "警徽": 1, "延迟": 1, "18": 1, "大好": 1, "阶段性": 1, "胜利": 1, "冲昏": 1, "头南": 1, "代表": 2, "随意": 1, "想法": 1, "定制": 1, "决出": 1, "仅仅": 1, "并非": 1, "保时捷": 1, "拿到": 1, "手": 1, "想": 2, "微信": 2, "传": 1, "文件": 1, "太": 1, "算是": 1, "咋用": 1, "保护壳": 1, "磨损": 1, "0磨损": 1, "配件": 1, "齐全": 1, "盒子": 1, "卖": 1, "10000": 1, "块": 1, "2天津·新港": 1, "街区": 1, "折叠屏": 2, "三星": 2, "快": 1, "GalaxyFold": 1, "工信部": 1, "入网": 1, "开售": 1, "时间": 1, "4月": 1, "26日": 1, "官网": 1, "上架": 1, "MateX": 1, "销售": 1, "页面": 1, "图片": 1, "白底": 1, "临时性": 1, "上手": 1, "......": 1, "家华": 1, "店": 2, "任正非": 3, "媒体": 1, "声音": 1, "变得": 1, "越来越": 1, "网传": 2, "清明": 1, "节骚": 1, "操作": 1, "线下": 1, "关门": 1, "消息": 1, "的确": 1, "解气": 1, "看上去": 1, "感觉": 1, "装修": 1, "等待": 1, "开业": 1, "拍摄": 1, "变化": 1, "小米": 2, "撤离": 1, "进驻": 1, "～": 1, "成都": 1, "高升桥": 1, "网友": 1, "供图": 1, "20190407": 1, "唐师曾": 2, "开苞": 1, "北京": 1, "康": 1, "动物": 1, "医院": 1, "刘": 1, "院长": 1, "15101159528": 1, "孤军": 1, "诸神": 1, "附体": 1, "摄自话": 1, "镜": 1, "到底": 1, "关注": 1, "实名": 1, "公众号": 1, "转发": 1, "留言": 1, "打赏": 1, "​​": 2, "支持": 2, "战地": 1, "摄影": 1, "L唐师": 1, "华服": 2, "中国": 1, "日来": 1, "名": 1, "复兴": 1, "汉服": 1, "IMX600": 3, "下放": 2, "荣耀": 13, "拍照": 4, "水平": 3, "大幅": 2, "加剧": 1, "集团": 1, "支援": 1, "力度": 1, "加大": 1, "段": 1, "配置": 1, "水滴屏": 1, "麒麟980": 1, "处理器": 1, "抛弃": 1, "ToF": 1, "镜头": 1, "搭载": 2, "后置": 1, "三": 1, "摄": 2, "版主": 1, "IMX586": 1, "48MP": 1, "+": 1, "MP+8MP": 1, "组合": 1, "倍": 1, "光学": 1, "变焦": 1, "前置": 1, "32MP": 1, "采用": 2, "第六": 1, "屏幕": 1, "指纹": 1, "充电": 4, "Mate20": 1, "22.5W快充": 1, "保留": 1, "耳机": 2, "孔": 1, "配备": 1, "独立": 1, "HiFi": 1, "芯片": 1, "标配版": 1, "打造": 1, "款": 1, "高配版": 1, "20pro": 1, "Mate20Pro": 1, "同款": 1, "DXO": 1, "评分": 1, "109": 1, "40": 1, "W快": 1, "4000": 1, "mAh": 1, "真的": 1, "仅次于": 1, "超越": 1, "众": 1, "友商": 1, "第二": 1, "走": 2, "性价比": 2, "路线": 2, "势必": 1, "IQOO": 1, "冲击": 1, "拭目以待": 1, "糟糕": 1, "竟然": 1, "看穿": 1, "高手": 1, "TA": 1, "晚安": 1, "DigiX": 1, "未知": 1, "旅行": 1, "计划": 1, "旅途": 1, "住宿": 1, "粉粉们": 1, "住": 1, "赞": 1, "酒店": 1, "民宿": 1, "转评": 1, "聊聊": 1, "小云": 1, "随机": 1, "抽": 1, "送出": 1, "誓师": 4, "大会": 4, "口号": 3, "震天：五年": 1, "挣": 2, "1500亿": 3, "L大": 1, "漠鱼": 1, "差一点": 1, "名字": 1, "摸": 1, "屁股": 1, "告诉": 1, "浴霸": 2, "苹果": 2, "看点": 1, "充电门": 2, "实测": 2, "magic2": 2, "惊爆": 2, "宣称": 1, "快速": 1, "5V": 1, "涉嫌": 1, "虚假": 1, "宣传": 1, "这下": 1, "解释": 1, "@": 5, "终端": 1, "客服": 1, "余承东": 2, "老熊O": 1, "门​": 1, "增": 1, "智慧": 1, "梗": 1, "...hhh​": 1, "恶俗": 1, "营销": 1, "门店": 1, "疑似": 1, "关闭": 1, "自作孽不可活": 1, "大型": 1, "现场": 1, "喊": 2, "消费者": 3, "业务": 2, "5": 1, "美元": 3, "29日": 1, "BG": 1, "军团": 1, "作战": 1, "授权": 1, "改革": 1, "齐": 1, "三年": 1, "营收": 2, "1000亿": 1, "五": 1, "目标": 1, "O网页": 1, "链接": 1, "金灿荣": 1, "教授": 1, "谈": 1, "整华": 1, "困难": 1, "L环球": 1, "纪录": 1, "频道": 1, "徕卡": 2, "才": 1, "旗舰": 1, "最牛": 1, "原因": 1, "对比": 1, "立分": 1, "高下": 1}