{"VLOG057": 1, ".": 1, "前往": 1, "秋日": 1, "巴黎": 2, "逛展": 1, "拍照": 1, "！": 17, "秋天": 1, "平易近人": 1, "魅力": 3, "阳光": 1, "蔬果": 1, "集市": 1, "闲逛": 1, "上午": 1, "这次": 1, "感谢": 2, "华为": 47, "影像": 2, "大赛": 1, "UCCALab": 1, "邀请": 1, "参加": 1, "充满": 2, "惊喜": 1, "获奖": 1, "优秀": 2, "作品展": 1, "不止": 1, "#L": 1, "大概": 1, "井": 1, "视频": 22, "​": 23, "胡侃": 2, "美国": 4, "吹牛": 2, "：": 16, "中国": 6, "供应链": 6, "搞": 2, "鸡蛋": 2, "破裂": 2, "完蛋": 4, "中国人": 2, "就要": 2, "欧洲": 2, "人信": 2, "买": 6, "设备": 2, "劳": 2, "工作": 4, "都": 14, "倒": 2, "想": 4, "摧毁": 2, "制造业": 2, "门类": 2, "全球": 4, "齐全": 2, "L胡": 2, "锡进": 2, "1111": 11, "嗨": 10, "爆夜": 10, "@": 9, "X玖": 2, "少年团": 2, "肖战": 4, "DAYTOY": 2, "终于": 2, "登场": 2, "~": 6, "青春": 2, "简直": 6, "唱": 3, "粉丝": 2, "心坎": 2, "温柔": 5, "声音": 3, "太": 10, "杀": 2, "本狮": 3, "发现": 6, "歌": 3, "原唱": 2, "偶像": 2, "孙燕姿": 2, "真的": 5, "有心": 3, "苏宁": 12, "11.11": 11, "4000": 10, "台": 10, "Mate305G": 10, "手机": 18, "限时": 10, "抽取": 10, "O网页": 10, "链接": 10, "L苏宁": 10, "易购": 10, "别人": 1, "刚刚": 2, "Mate20Pro": 1, "测试": 1, "国际": 1, "大厂": 1, "小米": 3, "区别": 1, "对待": 1, "L昔言求是": 1, "舞台": 7, "造梦师": 2, "MD_摩登": 2, "兄弟": 2, "歌声": 2, "照亮": 2, "黑夜": 2, "束": 4, "立刻": 3, "锁定": 2, "全场": 3, "目光": 2, "此刻": 2, "开眼": 2, "段": 3, "故事": 4, "写": 3, "进梦乡": 3, "每次": 3, "相遇": 4, "唱歌": 3, "代言人": 3, "杨洋": 3, "嗓音": 3, "缓缓": 3, "唱出": 3, "爱": 5, "力量": 3, "永远": 3, "温暖": 3, "肩膀": 3, "啊啊": 5, "这位": 3, "少年": 3, "暖心": 3, "实测": 1, "语音": 2, "助手": 1, "询问": 1, "小艺": 3, "同学": 1, "...": 1, "品牌": 2, "表现": 1, "L小白": 1, "测评": 1, "Turnupthemusic": 1, "炸": 2, "UNIQ": 1, "王一博": 1, "舞蹈": 1, "歌曲": 2, "行走": 1, "跳舞": 1, "机器": 1, "好帅": 1, "18": 1, "入手": 2, "Mate30": 6, "系列": 2, "5G版": 1, "理由": 1, "配色": 2, "____": 1, "重构": 2, "想象": 2, "离开": 1, "生产商": 1, "砍断": 1, "伸向": 1, "未来": 1, "手": 1, "肯定": 1, "感受": 1, "疼痛": 1, "宠": 2, "女友": 2, "宠到": 1, "点子": 1, "绝世": 1, "秘籍": 1, "男": 1, "教": 1, "大法": 1, "跪": 1, "搓": 1, "衣板": 1, "关+": 1, "车专": 1, "抽": 1, "三": 1, "小伙伴": 1, "平分": 1, "300": 1, "元": 5, "关爱": 1, "牙齿": 1, "基金": 1, "HUAWEIHiLink": 1, "生态": 1, "产品力": 1, "博得": 1, "智能": 4, "声波": 1, "牙刷": 3, "赞助": 1, "款": 3, "5": 1, "小时": 1, "快速": 1, "充电": 1, "90": 2, "天长": 1, "续航": 1, "不用": 1, "担心": 1, "出差": 1, "旅行路": 1, "电": 1, "省心": 1, "连接": 1, "智慧": 1, "生活": 2, "APP": 1, "操控": 1, "提示": 1, "引导": 1, "健康": 1, "刷牙": 1, "姿势": 1, "华": 1, "HiLink智": 1, "L名": 1, "侦探": 1, "拳头": 1, "秒拍": 1, "O抽奖": 1, "详情": 1, "4.5万": 1, "平方米": 1, "阿里": 2, "访客": 1, "中心": 1, "茶水": 1, "点心": 1, "、": 4, "帐篷": 1, "睡袋": 1, "电脑": 1, "5G": 2, "网络": 1, "商家": 1, "千人团": 1, "来到": 1, "总部": 1, "观战": 1, "派": 1, "100多": 1, "干": 1, "阵容": 1, "很": 6, "有意思": 1, "三星": 1, "海尔": 1, "和美": 1, "联想": 1, "戴尔": 1, "友（su）商": 1, "(": 1, ")": 1, "走廊": 1, "氛围": 1, "赢家": 1, "2杭州·阿里巴巴": 1, "西溪": 1, "园区": 1, "阿拉壶": 2, "开通": 1, "腾讯": 1, "联合": 1, "会员": 1, "今晚": 1, "十一": 1, "直播": 1, "刚": 3, "表演": 1, "这时候": 1, "汪涵": 1, "砸": 3, "金蛋": 2, "顺手": 1, "嘎嘎": 1, "砸到": 1, "mate305G": 1, "阿拉壶R1S": 1, "E🉐️": 1, "呜呜": 1, "欧气": 1, "R": 1, "1S": 1, "E​": 1, "试": 2, "居然": 1, "苹果": 1, "一加": 1, "……": 1, "L贾伯斯": 1, "龙": 1, "Mate30Pro5G": 2, "版图": 1, "赏": 1, "喜欢": 1, "浅色": 1, "面对": 1, "绿潮": 1, "最终": 1, "难": 1, "逃": 1, "绿": 1, "绿色": 1, "真机": 1, "质感": 1, "确实": 1, "棒": 1, "拍": 1, "冷翡": 1, "翠真机": 1, "图赏": 2, "颜值": 2, "请": 1, "字": 1, "形容": 1, "实力": 4, "唱将": 1, "周笔": 1, "畅用": 1, "爆发力": 1, "演唱": 1, "用尽": 1, "奔": 1, "无羁": 1, "勾起": 1, "人心": 1, "难忘": 1, "回忆": 1, "PS": 1, "陈情": 1, "女孩": 1, "哭": 1, "大合唱": 1, "感人": 1, "呜呜呜": 1, "歌唱者": 1, "融为一体": 1, "好听": 1, "收藏": 1, "夹": 1, "安排": 1, "Freebuds3": 1, "前线": 1, "下定": 1, "告诉": 1, "明天": 2, "才": 1, "货": 1, "效果": 3, "降噪": 3, "挺": 1, "半": 2, "开放式": 2, "主观": 1, "体感": 1, "AirPodsPro": 2, "一半": 2, "舒服": 1, "那种": 1, "闷": 1, "感觉": 1, "功能": 1, "配合": 1, "自由": 1, "大小": 1, "OK": 1, "地铁": 1, "飞机": 1, "定位": 1, "需求": 1, "售价": 1, "快": 1, "1199": 1, "详细": 1, "体验": 2, "好好": 1, "HUAWEIMate30": 2, "RS": 5, "保时捷": 6, "设计": 6, "开箱": 2, "今早": 1, "开售": 2, "版本": 1, "一代": 1, "产品": 1, "跑车": 1, "紧密": 1, "营造": 1, "不错": 1, "视觉": 1, "O致敬": 1, "时代": 3, "创立": 1, "任正非": 11, "秘书": 6, "贪污": 3, "高达": 2, "20000": 2, "第一": 2, "件": 3, "揭发": 3, "处罚": 2, "气度": 2, "成功": 3, "努力": 3, "第2": 1, "厂商": 1, "位置": 1, "我国": 1, "科技": 2, "巨头": 1, "拥有": 1, "雄厚": 1, "背后": 1, "一个": 1, "华为人": 1, "创始人": 1, "董事长": 1, "前段": 1, "时间": 1, "新闻": 1, "令人钦佩": 1, "方式": 2, "很多": 1, "感": 1, "兴趣": 1, "敬佩": 1, "揭秘": 1, "任老": 1, "身上": 1, "发生": 1, "当年": 1, "想到": 1, "公款": 2, "金额": 1, "20多": 1, "年前": 1, "年代": 1, "2万": 1, "可不": 1, "笔": 1, "数目": 1, "必定": 1, "遭受": 1, "牢狱": 1, "灾": 1, "这是": 1, "咎由自取": 1, "自我": 1, "反省": 1, "手下": 1, "员工": 4, "做出": 1, "公司": 5, "制度": 2, "完善": 1, "导致": 1, "为所欲为": 1, "马上": 1, "规章": 1, "订正": 1, "鞭策": 1, "才能": 1, "发展": 1, "壮大": 1, "一家": 1, "企业": 1, "慢慢": 2, "赚到": 1, "钱": 1, "工资": 2, "提升": 1, "涨": 1, "偷拿": 1, "补上": 1, "对此": 1, "欣慰": 1, "本性": 1, "坏": 1, "尽职尽责": 1, "改过": 1, "何必": 1, "为难": 1, "难怪": 1, "如今": 1, "玄黑": 1, "瑞红": 1, "～": 1, "红色": 1, "酷": 1, "12999": 1, "抢到": 1, "秒": 2, "爽": 1, "妹子": 1, "甜": 2, "好像": 1, "仙女": 1, "台上": 1, "翩翩起舞": 1, "听": 1, "狮": 1, "希望": 1, "梦": 1, "见到": 1, "超跑": 1, "基因": 1, "优雅": 1, "新生": 1, "最新": 1, "奢华": 1, "激情": 1, "领航": 1, "速度": 1, "致敬": 2, "追求": 1, "极致": 1, "L华": 2, "终端": 2, "官方": 2, "nova5": 1, "不容小觑": 1, "硬核": 1, "带感": 1, "点开": 1, "一点": 1, "吸引": 1, "历代": 1, "Mate": 1, "汇总": 1, "留下": 1, "印象": 1, "经典": 1, "Mate30Pro": 1, "iPhone11Promax": 1, "一亿像素": 1, "随手": 1, "夜拍": 1, "细节": 2, "对比": 1, "图4": 1, "放大": 1, "优": 1, "劣": 1, "图片": 1, "猴": 1, "大宝": 1, "数码": 1, "#​": 1, "基本法": 1, "专用": 1, "白酒": 1, "档次": 1, "杠杠滴": 1}