{"": 2, "痞子": 1, "福克斯": 1, "Walkingdead": 1, "厂牌": 2, "成员": 2, "Horseking": 1, "马": 1, "王": 1, "主理人": 1, "放": 1, "波": 2, "华为": 65, "拍": 3, "生图": 1, "！": 25, "老福": 1, "头发": 1, "真的": 5, "很": 13, "刺猬": 1, "相机": 1, "晚上": 1, "禁": 1, "改": 1, "传": 1, "​": 16, "nova5": 4, "正式": 3, "开售": 4, "3200万": 1, "人像": 1, "超级": 1, "夜景": 2, "夜色": 2, "美": 2, "睡前": 1, "：": 21, "刚刚": 1, "平板": 2, "M6": 2, "8.4": 1, "英寸": 1, "合适": 1, "人和": 1, "~": 4, "昨晚": 1, "nova星人": 1, "夏夜派": 1, "热情": 1, "满满": 1, "期待": 1, "周末": 1, "记录": 1, "分享": 2, "生活": 1, "nova星": 1, "入手": 1, "O": 4, "网页": 2, "链接": 4, "厉害": 1, "nova": 1, "自拍": 1, "大赛": 1, "青岛站": 1, "姐姐": 1, "都": 10, "参加": 2, "活动": 1, "灯光": 1, "简直": 1, "太": 2, "照片": 1, "心动": 1, "京东": 2, "魔方": 1, "#O": 1, "送": 1, "荣耀": 3, "/": 2, "20Pro": 1, "V20": 1, "左上": 1, "角": 1, "挖": 1, "孔屏": 1, "机型": 1, "专用": 1, "定制": 1, "壁纸": 1, "偏位": 1, "放大": 2, "调整": 1, "锁屏": 2, "自动": 1, "图源": 1, "酷安": 1, "网友": 1, "侵权": 2, "请": 1, "删除": 1, "​​": 2, "东方神起": 1, "2019.07.20": 1, "至少": 1, "呜呜呜": 1, "爱": 1, "哥哥": 1, "永远": 3, "棒": 1, "偶像": 1, "LMoran": 1, "努力": 3, "做好": 1, "前辈": 1, "饭": 1, "视频": 1, "今日": 1, "10:08": 1, "美的": 2, "景色": 1, "开启": 1, "奉上": 1, "O网页": 1, "留住": 2, "员工": 6, "胃": 1, "想必": 1, "吃": 2, "官方": 1, "心声": 1, "社区": 1, "曝光": 1, "沙特": 1, "食堂": 2, "伙食": 1, "身处": 1, "沙漠": 1, "放肆": 1, "海鲜": 1, "年均": 1, "薪水": 1, "77万": 1, "公司": 11, "土豪": 1, "钱": 1, "三星": 3, "折叠屏": 5, "零星": 1, "消息": 1, "品牌": 2, "手机": 17, "安静": 1, "好几": 1, "难": 1, "看好": 2, "未来": 5, "小米": 6, "区别": 1, "工资": 3, "福利": 3, "低": 2, "雷军": 1, "卖": 1, "赚钱": 1, "造福": 1, "消费者": 1, "好事": 1, "千万": 1, "苦": 1, "打拼": 1, "天下": 1, "兄弟": 1, "价值观": 1, "高尚": 1, "毕竟": 1, "一个": 9, "现实": 2, "社会": 1, "没钱": 1, "没法": 1, "生存": 1, "总部": 1, "北京": 1, "。。。": 1, "这两天": 1, "很多": 2, "议论": 1, "鸿蒙": 7, "系统": 7, "不用": 2, "智能": 2, "物联网": 6, "产品": 2, "不少": 1, "失望": 3, "聊天": 1, "说到": 1, "任正非": 9, "老爷子": 1, "意志": 1, "极为": 1, "坚定": 1, "身段": 1, "柔软": 1, "操作": 2, "PC": 1, "、": 20, "电视": 1, "通用": 1, "放弃": 3, "发布": 3, "战略": 3, "运营商": 3, "业务": 2, "企业": 4, "庞大": 1, "研发": 3, "替代": 1, "备胎": 1, "只能": 1, "android": 1, "强上": 1, "阵痛期": 1, "国际": 2, "市场": 2, "影响": 2, "不利": 1, "对抗": 1, "姿态": 1, "解除": 1, "禁令": 1, "价值": 1, "暂时": 1, "这是": 2, "硬处": 1, "硬": 1, "软处": 1, "软": 1, "退": 1, "小朋友": 1, "不必": 1, "权衡": 1, "关系": 3, "效果": 1, "信息": 2, "决策": 6, "美国": 24, "5G": 32, "实测": 2, "别动": 2, "进屋": 2, "冰袋": 2, "降温": 3, "通讯": 1, "基带": 4, "全球": 2, "巴龙": 2, "5000": 2, "才": 1, "商用": 1, "部署": 1, "高频": 1, "毫米波": 1, "热": 1, "中频": 1, "信号": 4, "覆盖": 1, "体验": 2, "充满": 1, "好奇心": 1, "华尔街": 1, "日报": 1, "科技": 3, "专栏": 1, "作家": 1, "乔安娜·斯特恩": 1, "近日": 1, "前往": 1, "城市": 1, "当下": 1, "水平": 2, "速度": 2, "很快": 1, "斯特恩": 1, "发现": 2, "上5G": 1, "室内": 1, "条件": 1, "带": 1, "冰盒": 1, "降": 2, "投入": 4, "服务": 1, "更衣室": 1, "空调": 1, "自带": 1, "美颜": 1, "肌肉照": 1, "傻​": 1, "国会": 3, "杠精": 2, "损招": 1, "启动": 1, "立法": 2, "程序": 1, "阻挠": 1, "政府": 5, "解禁": 1, "著名": 1, "华": 1, "议员": 2, "马尔科·卢比奥": 1, "招": 1, "提交": 1, "份": 2, "草案": 2, "旨在": 1, "专利": 4, "实施": 1, "强制": 1, "未": 1, "对象": 2, "卢比奥": 1, "名": 1, "毫不避讳": 1, "声称": 1, "针对": 1, "目的": 1, "在于": 1, "买卖": 2, "阻止": 1, "‘": 1, "流氓": 1, "’": 1, "手段": 1, "法律": 1, "制度": 1, "武器": 1, "打压": 1, "报复": 1, "特朗普": 1, "保护": 1, "国家": 1, "想": 3, "不论是": 1, "清晨": 1, "晌午": 1, "日落": 1, "时分": 1, "柳梢": 1, "窝工": 3, "校道": 2, "上都": 1, "瞬间": 1, "火": 1, "听说": 1, "场": 1, "无人车": 1, "挑战赛": 1, "即将": 1, "展开": 1, "有人": 2, "应声": 1, "出战": 1, "队伍": 1, "疯狂": 1, "call": 1, "！！！": 1, "朋友们": 1, "机会": 3, "报名": 2, "快快": 1, "拉": 1, "小伙伴": 1, "组队": 1, "7.21": 1, "截至": 1, "转评": 1, "艾特": 1, "3": 1, "好友": 1, "7.28": 1, "@": 1, "华为云": 1, "提供": 1, "100": 1, "元": 3, "购物卡": 1, "O抽奖": 1, "详情": 1, "和谐": 1, "颗": 2, "烟雾弹": 1, "沸腾": 1, "完事": 1, "🙃​": 1, "奖": 1, "99亿": 1, "老板": 4, "老总": 2, "积累": 1, "财富": 2, "象征性": 1, "股权": 1, "1.01%": 1, "还要": 2, "稀释": 1, "羡慕": 1, "原因": 1, "不止": 1, "搞": 1, "科研": 1, "人才": 1, "坐": 1, "穿": 1, "板凳": 1, "富裕": 1, "收入": 1, "五千亿": 1, "资金": 1, "世界": 5, "富豪榜": 1, "留名": 1, "想要": 2, "选择": 1, "增长": 3, "攀登": 1, "珠穆朗玛峰": 1, "追求": 1, "境界": 1, "目标": 2, "星辰": 1, "大海": 1, "盘点": 1, "经典": 1, "款": 3, "苹果": 1, "iPhone4": 1, "S4": 1, "Mate7": 1, "；": 9, "2s": 1, "OPPO": 1, "FindMe": 1, "vivo": 1, "X1": 1, "魅族": 1, "M9": 1, "中兴": 1, "U880": 1, "锤子": 1, "T1": 1, "印象": 1, "深刻": 1, "英": 2, "议会": 9, "声明": 12, "降低": 3, "标准": 4, "英国": 18, "发": 3, "提示": 3, "审慎": 3, "合作": 6, "伙伴": 4, "当地": 2, "时间": 2, "7月": 2, "19日": 1, "情报": 3, "委员会": 5, "供应商": 4, "提醒": 1, "判断": 2, "商业": 1, "角度": 1, "表达": 2, "网络": 3, "建设": 3, "重要性": 2, "技术": 9, "三": 1, "供货商": 3, "参与": 3, "排除": 2, "过度": 2, "依赖": 2, "单一": 2, "缺乏": 2, "竞争力": 2, "情况": 1, "陈旧": 2, "拥有": 1, "提高": 2, "安全性": 1, "文": 1, "叹服": 1, "称": 4, "一家": 2, "杰出": 2, "卓越": 2, "领先": 2, "成就": 2, "领域": 4, "带来": 2, "创新": 2, "引发": 2, "竞争": 3, "缺少": 4, "期盼": 2, "当选": 1, "新任": 1, "首相": 1, "作出": 1, "谈": 1, "生意": 1, "感觉": 1, "自信": 1, "朝气蓬勃": 1, "扑面而来": 1, "规则": 2, "甲方": 1, "乙方": 1, "那种": 2, "霸气": 1, "喜欢": 2, "希望": 1, "。。": 1, "P30Pro": 1, "明星": 2, "最多": 1, "主力机": 1, "女": 1, "代言": 1, "常识": 1, "性价比": 1, "销量": 2, "国产": 2, "利润": 1, "反而": 1, "为啥": 1, "一部分": 1, "攻击": 1, "顾问": 1, "博尔顿": 3, "搞鬼": 1, "终于": 1, "找到": 1, "打华": 1, "源头": 1, "接受": 1, "金融": 1, "时报": 1, "采访": 1, "肯定": 1, "领导者": 1, "能耐": 1, "打击": 1, "俄": 1, "媒": 1, "报道": 1, "6月": 1, "硅谷": 2, "企业家": 2, "沟通": 1, "会上": 1, "失态": 2, "怒吼": 1, "发展": 3, "方向": 3, "程度": 1, "超越": 1, "巨头": 1, "担心": 2, "美方": 1, "中国": 6, "牵引": 1, "叮嘱": 1, "落后": 2, "失守": 1, "小人": 1, "估计": 3, "到处": 1, "阻拦": 1, "好点": 1, "班农": 1, "极端": 2, "右翼": 1, "烂普": 1, "控制": 1, "不住": 1, "换马": 1, "特烂": 1, "国务卿": 1, "蓬佩奥": 1, "听话": 1, "老头": 1, "知情人": 1, "牛": 2, "一点": 1, "专职": 2, "司机": 3, "专车": 3, "董事长": 2, "高层": 1, "EMT": 1, "EMT有": 1, "大大小小": 1, "官": 1, "平衡": 1, "车队": 1, "月底": 1, "干": 1, "件": 1, "打印": 1, "通话": 1, "详单": 1, "话单": 1, "毛线团": 1, "长": 2, "带上": 1, "老花镜": 1, "大米": 1, "挑拣": 1, "小石粒": 1, "电话": 2, "打给": 1, "夫人": 1, "报销": 2, "私事": 1, "一一": 1, "勾选": 1, "习惯": 1, "8": 1, "💢": 1, "感悟": 1, "七八": 1, "股东": 1, "(": 1, "兼": 1, "副总": 1, ")": 1, "辆": 1, "配": 1, "挣钱": 1, "享受": 2, "奋斗": 1, "论语": 1, "身正": 1, "不行": 1, "史蒂芬·柯维说": 1, "领导": 2, "别人": 2, "19号": 1, "内容": 2, "涉及": 1, "敏感": 1, "话题": 1, "取决于": 1, "电讯": 1, "设备": 1, "原产地": 1, "属性": 1, "由衷": 1, "赞叹": 1, "这话": 1, "可不": 1, "中国人": 1, "损伤": 1, "意愿": 1, "禁止": 2, "扮演": 1, "角色": 1, "最终": 2, "牵涉": 1, "国": 1, "协作": 1, "互利": 1, "指出": 1, "经济": 2, "体量": 1, "壮大": 1, "影响力": 1, "外交": 1, "员": 1, "尊重": 1, "对待": 1, "实话实说": 1, "表现": 1, "精英": 1, "阶层": 1, "判断力": 1, "究竟": 1, "代表": 1, "政客": 1, "明白": 1, "得罪": 1, "风险": 2, "历史": 1, "时刻": 1, "站错": 1, "队": 1, "意味着": 1, "老特": 1, "感叹": 1, "世态": 1, "炎凉": 1, "屁股": 1, "老大": 1, "位子": 1, "上掉": 1, "老奸巨猾": 1, "约翰牛": 1, "抱": 1, "粗腿": 1, "办法": 1, "事情": 1, "丛林": 1, "实力": 1, "说话": 1, "袁隆平": 1, "买": 2, "骂上": 2, "热搜": 2, "抗战": 1, "老兵": 1, "数码": 1, "圈": 1, "kol婊": 1, "木西": 1, "P30": 2, "银河": 1, "惠英红": 1, "条": 1, "恶意": 1, "举报": 1, "底线": 2, "一次次": 1, "刷新": 1, "低​": 1, "科创板": 4, "下周一": 1, "今晚": 1, "做客": 1, "央视": 1, "财经": 1, "节目": 1, "证监会": 1, "副主席": 1, "方星海": 1, "投资科": 1, "创板": 2, "市盈率": 1, "耐心": 1, "谷歌": 1, "优秀": 1, "科": 1, "市场化": 1, "定价": 2, "超募": 1, "概念": 1, "披露": 1, "注册制": 1, "防范": 1, "核心": 1, "上交所": 1, "副": 1, "经理": 1, "阙波": 1, "容量": 1, "有限": 1, "主板": 1, "溢出": 1, "效应": 1, "投资者": 1, "熟悉": 1, "理性": 1, "讲": 1, "总裁": 1, "盏": 1, "明灯": 1, "照亮": 1, "正确": 1, "陷入": 1, "危机": 1, "数学": 2, "理会": 1, "大国": 1, "......": 1, "芯片商": 1, "紫光": 1, "展锐": 3, "关键": 1, "测试": 1, "芯片": 2, "紫藤": 1, "510": 2, "兼容": 1, "NSA": 2, "SA": 1, "组网": 1, "方式": 1, "日后": 1, "千": 1, "机首": 1, "选": 1, "汇总": 1, "截止": 1, "一共": 1, "5": 1, "主流": 1, "春藤": 1, "联发科": 1, "M70": 1, "Exynos5100": 1, "通骁": 1, "龙X50": 1, "通X": 1, "50": 1, "单模": 1, "支持": 1, "双模": 1, "高通X55": 1, "早": 1, "今年底": 1, "明年初": 1, "货": 1, "推进": 1, "道路": 1, "终究": 1, "倚靠": 1, "～": 1}