{"iPhone": 25, "发布": 14, "买": 15, "2019": 6, "苹果": 84, "发布会": 26, "三": 15, "款": 15, "iphone11": 10, "系列": 10, "iphone": 15, "价格": 8, "下降": 4, "：": 14, "iPhone11": 38, "中国区": 4, "售价": 15, "5499": 5, "元": 13, "iPhone11Pro": 6, "8699": 4, "iPhone11ProMax": 5, "9599": 4, "首次": 33, "对比": 23, "华为": 68, "称": 9, "芯片": 32, "性能": 13, "远": 8, "超": 8, "麒麟980": 2, "​": 9, "竞品": 5, "5G": 36, "众多": 1, "网友": 4, "想": 5, "手机": 28, "理由": 2, "​​": 2, "麒麟": 7, "980": 7, "美国": 2, "时间": 4, "9月": 7, "10日": 4, "秋季": 4, "介绍": 7, "A12": 3, "安卓": 3, "友商": 5, "强大": 7, "新机": 6, "搭载": 6, "A13": 7, "CPU": 3, "、": 15, "GPU": 5, "速度": 3, "都": 11, "对手": 3, "现场": 8, "图示": 4, "踩": 3, "三星": 4, "高通": 6, "P30": 4, "值得": 3, "这是": 7, "发": 3, "新品": 8, "产品": 6, "刚刚": 4, "麒麟990": 4, "diss": 1, "午夜": 7, "绿": 7, "iphone11pro": 7, "ipad": 4, "浴霸": 7, "摄": 8, "L": 1, "老板": 6, "联播": 5, "视频": 9, "投票": 2, "牌子": 3, "相比之下": 1, "版本": 7, "相关": 1, "泄露": 1, "信息": 1, "或许": 3, "眼前": 1, "亮": 1, "降低": 1, "种草": 1, "记得": 1, "分钟": 1, "看完": 1, "亮点": 1, "真·浴霸": 1, "12年": 2, "涨价": 2, "当地": 1, "ipad#": 1, "iapplewatch": 1, "5": 1, "推出": 3, "游戏": 1, "影视": 1, "服务": 3, "剧透": 2, "标配": 1, "快充": 2, "新增": 2, "ios13": 4, "出手": 1, "@": 5, "联播L": 2, "L老板": 1, "Mate30": 3, "即将": 1, "上市": 1, "打算": 2, "入手": 2, "中国": 3, "日报": 2, "行业": 2, "竞争": 5, "激烈": 2, "加油": 5, "！": 11, "列为": 5, "压力": 2, "肯定": 2, "二者": 2, "依然": 3, "各有千秋": 2, "已然": 2, "开拓": 4, "领域": 2, "忙于": 2, "处理器": 2, "指标": 2, "提高": 3, "市场": 5, "究竟": 2, "笑到": 2, "好说": 2, "进一步": 2, "国际": 2, "民族": 2, "企业": 2, "带": 2, "好头": 2, "applewatch5": 1, "O": 1, "收看": 1, "吐槽": 5, "大会": 3, "......": 1, "此前": 1, "吻合度": 1, "很": 1, "包括": 1, "摄像头": 8, "玩坏": 2, "新款": 2, "脑洞": 1, "大开": 1, "各种各样": 1, "联想": 1, "……": 1, "#L": 1, "6": 2, "配色": 5, "紫白": 3, "绿黄": 3, "黑红": 3, "屏幕": 4, "6.1": 1, "英寸": 3, "后置": 3, "竖排": 2, "双摄": 2, "1200万": 4, "像素": 4, "26mmf/1.8": 2, "光圈": 2, "广角": 4, "主摄": 2, "13mmf/2.4120": 2, "°超": 2, "镜头": 2, "仿生": 2, "拥有": 2, "智能": 2, "快": 4, "续航": 2, "iPhoneXr": 2, "小时": 2, "支持": 3, "699": 2, "美元": 2, "汇": 1, "元年": 1, "5G机": 1, "新时代": 1, "落伍": 1, "时代": 2, "光线": 1, "背后": 1, "阴影": 1, "潜藏": 1, "很多": 1, "发现": 1, "美景": 1, "19日": 1, "探索": 1, "黑暗": 1, "美好": 1, "L余": 1, "承东": 2, "太": 4, "香": 2, "去年": 4, "降价": 1, "1000": 1, "干": 1, "节奏": 1, "Mate30Pro": 2, "选": 2, "好看": 1, "↓": 1, "未来": 2, "影像": 2, "排球": 4, "热爱": 3, "束": 1, "照亮": 1, "前行": 1, "方向": 1, "东西": 1, "成长": 3, "带给": 1, "希望": 1, "这项": 1, "运动": 1, "元气": 1, "传递": 1, "更多": 1, "体育": 1, "获益": 1, "记录": 2, "点点滴滴": 1, "分享": 1, "学得": 1, "充实": 1, "玩": 1, "尽兴": 1, "元气满满": 1, "面对": 2, "挑战": 1, "L华": 1, "终端": 1, "官方": 1, "秒拍": 1, "直播": 1, "尺寸": 1, "5.8": 1, "6.5": 1, "配备": 1, "墨绿色": 1, "紫色": 1, "首款": 1, "四": 1, "#趣": 1, "iPad": 1, "AppleWatch5": 1, "菜": 1, "老罗雷": 1, "军余": 1, "精彩": 1, "客串": 1, "熬夜": 1, "爆肝": 1, "制作": 1, "转发": 2, "L李杰灵": 1, "有人": 3, "丑": 1, "改进": 1, "一万三": 1, "嘿嘿": 1, "#​": 2, "点赞": 1, "抽": 1, "粉丝": 1, "送": 1, "台": 1, "顶配": 1, "全新": 2, "iphone11promax": 1, "名字": 1, "打的": 1, "手累": 1, "～": 1, "康康": 1, "幸运": 1, "国报": 1, "微评": 1, "(": 1, "评论员": 1, "张周项": 1, ")": 1, "丨": 1, "死守": 2, "刘": 2, "海屏": 2, "形态": 2, "恐": 2, "甩": 2, "条": 2, "街": 2, "柔性": 2, "AMOLED": 1, "屏": 1, "轰动": 1, "相比": 2, "2019年": 2, "缺乏": 1, "创新": 2, "第一": 1, "财经": 1, "记者": 1, "采访": 1, "京东方": 1, "绵阳": 1, "工厂": 1, "华星": 1, "光电": 1, "深圳": 1, "总部": 1, "预计": 4, "国产": 1, "率先": 1, "瀑布屏": 1, "新型": 1, "昨晚": 1, "采用": 2, "液晶屏": 1, "AMOLED屏": 1, "均": 1, "延续": 1, "刘海屏": 1, "形象": 1, "呈现": 1, "平面": 1, "曲面": 1, "；": 1, "一个": 5, "增至": 1, "大胆": 1, "抢先": 1, "屏下": 1, "技术": 1, "尴尬": 1, "毒": 1, "直言": 1, "原因": 1, "扎心": 1, "！！": 1, "提到": 1, "真实": 1, "…": 1, "真的": 1, "xswl​": 1, "推荐": 1, "歌": 1, "DreamitPossible": 1, "梦想成真": 1, "独特": 1, "优美": 2, "曲调": 1, "加上": 1, "充满": 1, "力量": 1, "歌词": 1, "激励": 1, "生活": 2, "努力": 2, "奋斗": 1, "梦想": 3, "MV": 1, "动人": 1, "讲述": 1, "名叫": 1, "安娜": 4, "女孩": 2, "追求": 1, "钢琴": 2, "15": 1, "故事": 1, "短片": 1, "短": 1, "故事点": 1, "发生": 1, "像是": 1, "一个个": 1, "缩影": 2, "家里": 1, "祖父": 1, "弹": 1, "外出": 1, "求学": 1, "经历": 1, "学习": 1, "工作": 1, "恋爱": 1, "时间段": 1, "接受": 2, "考验": 2, "远在": 1, "他乡": 1, "成熟": 1, "坚毅": 1, "取代": 1, "懵懂": 1, "青涩": 1, "独立": 1, "自强": 1, "家人": 1, "陪伴": 1, "维也纳": 1, "音乐": 1, "演奏": 1, "大厅": 1, "舞台": 1, "人生": 1, "。。。": 2, "阶段": 1, "L吐槽": 1, "天才": 1, "北京": 1, "11日": 1, "频推": 1, "抢": 1, "此次": 1, "对此": 1, "荣耀": 1, "业务部": 1, "总裁": 1, "赵明": 1, "意料": 1, "之中": 1, "情理": 1, "期待": 1, "有意思": 1, "找": 1, "补": 1, "缺少": 2, "版": 1, "劣势": 1, "骁龙": 2, "855": 1, "845": 1, "日前": 1, "早": 2, "明年": 1, "下半年": 2, "才能": 2, "天风": 1, "证券": 1, "知名": 1, "分析师": 1, "郭明錤": 1, "层面": 1, "确实": 1, "卖点": 1, "3": 1, "第四": 1, "季度": 1, "出货量": 2, "同比": 1, "减少": 3, "5~10%": 1, "6500~7000万": 1, "中金": 1, "全年": 1, "11%": 1, "缺失": 1, "无疑": 1, "软肋": 1, "旷日持久": 1, "专利": 1, "大战": 1, "网络": 2, "达成": 1, "和解": 1, "7月": 1, "收购": 1, "英特尔": 1, "基带": 1, "部门": 1, "外界": 1, "2020年": 1, "暂时": 1, "落后": 1, "致命": 1, "限于": 1, "滞后": 1, "设施": 1, "有待": 1, "用户": 1, "需求": 1, "迫切": 1, "早早": 1, "加速": 1, "业务": 1, "布局": 1, "单一": 1, "依赖": 1, "O5G": 1, "缺席": 1, "输掉": 1, "iPhone12": 1, "andforever": 1, "来源": 1, "虎嗅APP": 1}