{"致敬": 1, "承诺": 1, "L华": 8, "中国": 9, "视频": 11, "​​​": 1, "关晓": 3, "彤星": 1, "星妆": 1, "华为": 61, "nova4e": 2, "首销日": 1, "新生代": 1, "小花": 1, "@": 4, "关晓彤": 1, "款": 1, "活力": 1, "俏皮": 1, "星星": 1, "妆": 1, "亮相": 2, "直播": 2, "分享": 2, "前置": 1, "3200万": 1, "立体": 1, "美颜": 2, "秘密": 3, "开启": 1, "自拍": 2, "进阶": 1, "路": 1, "晓彤": 5, "同款": 2, "星星妆": 1, "神器": 1, "~​": 2, "员工": 13, "心甘情愿": 1, "卖命": 1, "​": 14, "有人": 1, "小米": 1, "雷军": 1, "都": 3, "美": 2, "两全其美": 1, "！": 8, "3月": 7, "26日": 6, "P30": 6, "镜": 1, "呈现": 1, "双重": 1, "精彩": 1, "终端": 9, "官方": 7, "秒拍": 8, "背景": 1, "太": 1, "自带": 1, "主角": 3, "光环": 1, "关": 2, "gxt": 1, "nova星人": 2, "🌸": 1, "🍧💞": 1, "彤​": 2, "秒睡": 1, "幸福": 1, "失眠": 1, "痛苦": 1, "手环": 2, "3": 3, "系列": 3, "科学": 1, "睡": 2, "健康": 1, "3亿": 1, "中国人": 1, "睡眠": 2, "障碍": 1, "互联网": 4, "公司": 10, "掀起": 2, "裁员": 2, "潮": 2, "大龄": 3, "何以": 2, "歧视": 2, "全球": 2, "平均": 2, "年龄": 3, "低": 1, "苹果": 2, "31": 1, "岁": 3, "Google": 1, "30岁": 1, "Facebook": 1, "29": 1, "腾讯": 1, "28": 1, "调查": 1, "称": 1, "递增": 1, "程序员": 1, "代码": 1, "贡献量": 1, "递减": 1, "投诉": 1, "风险": 1, "裁减": 1, "优化": 1, "人员": 1, "结构": 1, "O": 3, "波音": 2, "不仅仅": 1, "飞机": 1, "灾难性": 1, "个案": 1, "美国": 16, "霸权": 3, "持续": 2, "滑": 1, "危险": 1, "境地": 1, "征兆": 1, "：": 14, "衰落": 1, "威胁": 1, "崛起": 1, "优秀": 1, "源自": 1, "内部": 1, "往下": 1, "掉": 1, "如同": 1, "今晚": 2, "截图": 1, "——": 4, "笑": 1, "甜": 1, "腿": 1, "精😭": 1, "超超": 1, "超萌": 1, "喔😭": 1, "电视": 24, "4月": 5, "发布": 11, "目标": 9, "销售": 9, "1000万": 9, "台": 8, "昨日": 1, "供应链": 7, "高层": 7, "透露": 5, "55": 4, "寸": 4, "屏幕": 4, "供应商": 9, "京东方": 8, "65寸": 4, "华星": 4, "光电": 4, "代工": 4, "收购": 4, "苏州": 4, "高创": 4, "等于": 4, "行业": 5, "第一": 4, "名": 4, "配备": 3, "摄像头": 3, "游戏": 3, "社交": 3, "功能": 3, "12点": 1, "睡觉": 1, "世界": 5, "AI": 2, "工作": 2, "抛开": 1, "杂念": 1, "努力": 1, "InfoQ": 1, "联合": 1, "发起": 1, "活动": 1, "转发": 1, "+": 5, "评论": 3, "开发": 1, "超能力": 1, "标签": 1, "抽取": 1, "幸运": 1, "朋友": 2, "送": 1, "荣耀": 4, "枚": 1, "梦": 1, "陪伴": 1, "一个": 3, "夜晚": 1, "比心": 1, "吐槽": 2, "半年": 2, "加班": 5, "120": 3, "小时": 4, "收入": 2, "可观": 2, "这不": 2, "想要": 2, "生活": 4, "近日": 1, "在内": 1, "网发": 1, "帖引": 1, "热议": 1, "楼主": 1, "奋斗者": 1, "协议": 4, "制度": 1, "尊重": 1, "流程": 1, "繁琐": 1, "无视": 1, "自由": 1, "领导": 1, "外行": 1, "指导": 1, "内行": 1, "轻视": 1, "技术": 1, "去年": 1, "很": 2, "希望": 1, "构建": 1, "联接": 1, "家人": 1, "东": 1, "东哥": 1, "兄弟们": 1, "嘲笑": 1, "日均": 1, "薪资": 1, "腰斩": 1, "事儿": 1, "21日": 1, "生态": 4, "伙伴": 2, "大会": 2, "2019": 1, "福州": 1, "海峡": 1, "国际": 2, "会展": 1, "中心": 1, "拉开": 1, "帷幕": 1, "女排": 3, "主教练": 1, "": 1, "郎平": 1, "特邀": 1, "嘉宾": 1, "郎导": 1, "时代": 1, "排球": 1, "格局": 1, "技战术": 1, "发展": 1, "过程": 1, "应变": 1, "成长": 1, "突破": 1, "团队": 1, "合作": 1, "精神": 1, "、": 17, "创新": 1, "迎接": 1, "挑战": 4, "外部": 1, "环境": 1, "变化": 1, "进化": 1, "L": 3, "唐吉柯德": 1, "顶": 1, "塞万提斯": 1, "背": 1, "大航海": 1, "华夏": 1, "文明": 1, "隔": 1, "5G": 5, "O华": 1, "台​": 1, "大厂": 1, "搏杀": 2, "基带": 4, "芯片": 5, "三星": 3, "高通": 3, "抢占": 1, "市场": 1, "先机": 1, "手机": 5, "厂商": 4, "大秀": 1, "肌肉": 1, "比拼": 1, "背后": 1, "竞争": 1, "越发": 1, "激烈": 1, "早": 1, "面临": 1, "联发科": 1, "英特尔": 1, "玩家": 1, "O大厂": 1, "通​": 1, "推荐": 1, "访谈": 2, "纪要": 3, "总裁": 1, "任正非": 5, "接受": 2, "哥伦比亚": 1, "广播": 1, "CBS": 2, "披露": 1, "知识": 3, "产权": 3, "授权": 3, "商业": 2, "数据": 1, "签": 2, "保密": 1, "许可": 1, "和平": 1, "相处": 1, "矛盾": 1, "感觉": 2, "媒体": 1, "习惯": 1, "带": 1, "记者": 1, "有罪": 1, "推定": 1, "思维": 2, "交流": 2, "也许": 1, "这是": 1, "当下": 1, "舆论": 1, "肯定": 1, "先入为主": 1, "错误": 1, "信息": 1, "蒙蔽": 1, "观众": 1, "明白": 1, "采访": 1, "O网页": 1, "链接": 1, "围剿": 3, "真败": 2, "证据": 3, "资深": 1, "政界": 1, "人士": 1, "共和党": 1, "众议员": 1, "迈克·罗杰斯": 1, "感叹": 1, "快": 2, "无计可施": 1, "项": 1, "或许": 1, "计划": 1, "打击": 1, "组织": 1, "WIPO": 1, "最新": 1, "2018年": 1, "专利": 1, "申请": 1, "数量": 1, "显示": 1, "远远": 1, "领先于": 1, "——O": 1, "脱颖而出": 1, "法国": 4, "巴黎": 4, "聚焦": 1, "RewriteThe": 3, "Rules": 3, "出门": 1, "逛街": 1, "发现": 2, "现象": 1, "繁华": 1, "街上": 1, "到处": 1, "专卖店": 1, "装修": 1, "店": 1, "大气": 1, "相比": 1, "年前": 1, "增加": 1, "很多": 1, "答": 2, "外媒": 3, "51": 2, "全版": 2, "搞": 2, "垮": 2, "感谢": 2, "广告": 2, "销量": 2, "每月": 2, "增长": 2, "50%O": 1, "50%": 1, "回答": 1, "基调": 1, "国际主义": 1, "人类": 1, "事业": 1, "攻击": 1, "显得": 1, "无理": 1, "倾向": 1, "追问": 1, "产品": 1, "确实": 1, "时刻": 1, "不见不散": 2, "此前": 2, "余承东": 2, "永远": 2, "家电": 2, "界面": 2, "老板": 2, "联播": 2, "全景": 1, "特写": 1, "兼得": 1, "答案": 1, "报告": 1, "带来": 2, "智能": 1, "美好": 1, "基于": 1, "体系": 1, "硬件": 1, "扩展": 1, "开放": 1, "能力": 1, "政企": 1, "客户": 1, "竞争力": 1, "解决": 1, "方案": 1, "兼具": 1, "高质": 1, "价比": 1, "品质": 1, "可靠": 1, "完整": 1, "四": 1, "优势": 1, "V系列": 1, "X系列": 1, "畅玩": 1, "展出": 1, "体验": 1, "现场": 1, "打卡": 1, "美景": 1, "一屏足矣": 1, "P30Pro": 2, "支持": 4, "50": 2, "倍": 4, "数码": 2, "变焦": 5, "4000万": 3, "超级": 1, "光谱": 1, "镜头": 6, "800万": 3, "2000万120": 1, "度": 1, "广角": 1, "ToF": 1, "CMOS": 1, "索尼": 1, "IMX650": 1, "拜": 1, "耳阵列": 1, "四像素": 1, "合一": 1, "并非": 1, "传统": 1, "红": 1, "蓝": 1, "绿": 1, "红黄": 1, "黄蓝": 1, "5": 1, "光学": 2, "10": 1, "混合": 1, "高达": 2, "均": 1, "OIS": 1, "防抖": 1, "ISO": 1, "409600": 1, "夜拍": 1, "吓人": 1}