{"华为": 55, "5G": 14, "折": 11, "叠屏": 12, "手机": 20, "开卖": 10, "时间": 5, "快": 6, "10月底": 5, "国内": 4, "三星": 1, "折叠屏": 6, "上市": 6, "摩托罗拉": 1, "小米": 1, "都": 5, "推出": 1, "买": 4, "品牌": 3, "​": 20, "上游": 2, "产业链": 3, "本月底": 2, "MateX": 6, "量产": 1, "工作": 1, "生产": 2, "难度": 2, "供货量": 1, "很多": 2, "2月": 1, "初": 2, "发布": 3, "拖到": 2, "O": 1, "：": 8, "袁隆平": 2, "英语": 1, "▷": 1, "明星": 1, "偷税": 1, "吸毒": 1, "原谅": 1, "羞辱": 1, "这才": 1, "时代": 1, "悲哀": 1, "！": 16, "香港": 2, "装卖店": 1, "废青": 2, "砸": 2, "店": 2, "内": 1, "凌乱": 1, "门口": 1, "Logo": 1, "敲掉": 1, "感受": 1, "下​": 1, "DY": 1, "有人": 1, "开箱": 3, "MateX5G": 1, "附送": 1, "一个": 3, "封闭": 1, "全包": 1, "皮套": 2, "机身": 2, "折叠": 1, "状态": 2, "疑似": 1, "固定": 2, "设计": 3, "背面": 1, "摄像头": 1, "模组": 1, "下方": 1, "物理": 1, "按键": 2, "弹": 1, "解除": 1, "L晴天": 1, "披沥": 1, "视频": 14, "东西": 1, "耐心": 2, "支持": 2, "踏实": 1, "做事": 1, "想": 1, "打造": 1, "优": 2, "物质": 1, "惧": 1, "美国": 1, "封锁": 1, "打击": 1, "公司": 10, "加大": 1, "研发": 12, "中心": 1, "投资": 4, "建设": 4, "上海": 3, "第二": 1, "超大规模": 1, "基地": 5, "如火如荼": 1, "100亿": 1, "占地": 2, "面积": 3, "接近": 1, "3": 1, "平方公里": 1, "位于": 2, "上海市": 2, "青浦区": 1, "淀山湖": 2, "江苏省": 1, "交界处": 1, "建成": 1, "入驻": 1, "3万": 1, "名": 1, "人员": 1, "园区": 2, "优美": 1, "风景": 1, "豪华": 1, "程度": 1, "东莞": 1, "松山湖": 2, "媲美": 1, "倍": 1, "生活": 1, "配套": 3, "项目": 4, "相关": 1, "国企": 1, "负责": 1, "江南": 1, "水乡": 1, "风格": 1, "20亿": 1, "建筑": 1, "253363": 1, "平方米": 1, "容积率": 1, "1.6": 1, "绿化率": 1, "高达": 2, "35%": 1, "机动车": 1, "停车位": 2, "1573": 1, "辆": 2, "非机动车": 1, "1530": 1, "包括": 1, "35": 1, "栋": 1, "住宅": 1, "沿街": 1, "商业": 1, "、": 12, "社区": 1, "绿化": 1, "附属": 1, "设施": 1, "工程": 2, "第一": 3, "距离": 1, "MIXAlpha": 1, "旁边": 1, "大爷": 2, "这是": 3, "屏": 2, "环绕": 1, "屏幕": 2, "卧槽": 1, "牛逼": 1, "真机": 1, "网友": 1, "条": 1, "MateX折": 1, "款": 1, "改进": 1, "量产版": 1, "相比": 1, "初代": 1, "处理器": 1, "升级": 2, "麒麟990": 1, "相机": 1, "配置": 1, "增加": 1, "卡扣": 1, "背部": 1, "即可": 1, "弹出": 1, "随机": 1, "附赠": 1, "感觉": 1, "L测": 1, "评君": 1, "牛": 1, "逼​": 1, "加起": 2, "班来": 2, "凶残": 2, "钱": 3, "确实": 5, "大方​": 1, "专家": 1, "称": 2, "大部分": 1, "AI": 4, "简单": 2, "机器": 2, "学习": 2, "近日": 1, "2019": 1, "蛮": 2, "腰": 1, "科技": 4, "大会": 1, "华为诺亚": 1, "实验室": 1, "决策": 1, "推理": 1, "首席": 1, "科学家": 1, "汪军": 1, "讲": 1, "人工": 1, "智能": 2, "很": 2, "研究者": 1, "意义": 1, "@": 3, "老板": 2, "联播L": 1, "联播": 1, "消费者": 1, "业务": 1, "产品线": 1, "总裁": 2, "李小龙": 1, "Bruce_Lee": 1, "客华": 1, "学堂": 1, "深度": 1, "解码": 1, "Mate30": 3, "系列": 3, "产品": 1, "背后": 1, "故事": 1, "点击": 1, "大图": 1, "直击": 1, "现场": 3, "到底": 2, "1G": 1, "发生": 1, "L物": 1, "理雷": 1, "老师": 1, "秒拍": 4, "泰禾": 5, "9月": 2, "销售额": 3, "排": 3, "34": 2, "黄其森": 3, "目标": 3, "阿里": 3, "企业": 2, "地产": 1, "行业": 1, "集团": 3, "董事长": 1, "10月": 2, "11日": 1, "发布会": 2, "对外": 1, "表达": 1, "野心": 1, "副总裁": 1, "北京": 1, "区域": 1, "总经理": 1, "王": 1, "景岗": 1, "当日": 1, "2018年": 2, "1303亿": 2, "元": 2, "全国": 1, "29": 1, "城市": 1, "开发": 2, "90多": 1, "值得一提的是": 1, "数字": 2, "未曾": 1, "这家": 1, "A股": 1, "年报": 1, "O泰禾": 1, "头条": 1, "文章": 1, "关键": 3, "": 2, "财经": 2, "每日": 1, "必读": 1, "赚钱": 2, "季": 1, "周五": 1, "/": 2, "+": 4, "货币": 1, "知识": 1, "产权": 1, "业绩": 1, "预增": 1, "主板": 1, "放量": 1, "上涨": 1, "明日": 2, "预设": 1, "冲高": 1, "回落": 1, "观察": 3, "成交量": 2, "放大": 3, "持续": 1, "冲击": 1, "压力": 2, "强势": 2, "股": 2, "接力": 2, "亏": 1, "效应": 2, "减缓": 1, "天顺": 1, "股份": 3, "诚迈": 1, "非科": 1, "创板": 1, "情绪": 1, "标杆": 1, "空间板": 1, "高度": 1, "依旧": 1, "压缩": 1, "4板": 1, "首板": 2, "数量": 1, "减少": 1, "恢复": 1, "周末": 1, "消息": 2, "面有": 1, "超": 1, "预期": 1, "利好": 1, "策略": 1, "选择": 1, "包板": 1, "1": 1, "涨停板": 1, "套利": 1, "反弹": 1, "面临": 1, "逢高": 1, "兑现": 1, "利润": 1, "回踩": 1, "企稳": 1, "操作": 2, "机会": 1, "科创板": 1, "探底": 1, "南微": 1, "医学": 1, "铂力特": 1, "乐鑫": 1, "重点": 1, "关注": 1, "另外沃尔德": 1, "方邦": 1, "福光": 1, "瀚川": 1, "板块": 1, "活跃": 1, "盘中": 1, "O量": 1, "O10月": 1, "15日": 1, "19:00": 1, "音乐": 1, "西安": 1, "大学": 5, "长安": 1, "校区": 1, "肆": 1, "Fun": 1, "新声": 1, "校园": 1, "音乐节": 1, "暨": 1, "荣耀": 1, "制噪者": 1, "启航": 1, "演出": 1, "朱正廷": 1, "真的": 1, "眼睛": 1, "耳朵": 1, "听到": 1, "录": 1, "嗨巴蒂": 1, "算": 1, "稳": 1, "廷廷": 1, "正名": 1, "垃圾": 3, "271": 1, "音响": 1, "转播": 1, "第三": 1, "拍": 1, "教育": 1, "L烟": 1, "RAN暖": 1, "回忆": 1, "满屏": 1, "英文": 1, "苦恼": 1, "滚屏": 1, "翻译": 1, "轻轻松松": 1, "长文": 1, "英译": 1, "汉给": 1, "读": 1, "动力": 1, "L华": 2, "智慧": 1, "助手": 1, "大方": 1, "学": 1, "自主": 3, "运算": 1, "速度": 1, "秒": 1, "1300万亿": 1, "超级": 3, "计算机": 3, "沈阳": 1, "航空": 4, "工业": 2, "气动院": 2, "投入": 1, "支撑": 1, "气动": 1, "计算": 7, "流体力学": 2, "研究": 3, "领域": 1, "验证": 1, "提升": 2, "我国": 1, "创新": 1, "能力": 1, "CPU": 1, "鲲鹏": 1, "920": 1, "数据库": 2, "高斯": 1, "存储": 1, "设备": 3, "系统": 1, "电源": 1, "网络": 1, "核心": 1, "组件": 1, "实力": 1, "强大": 1, "这次": 1, "中国": 2, "风洞": 1, "试验": 2, "数据": 1, "分析": 1, "预研性": 1, "课题": 1, "需求": 1, "流体": 2, "力学": 2, "软件": 2, "高性能": 1, "技术": 1, "联合": 1, "推进": 1, "国产": 1, "民族": 1, "脊梁": 1, "姐妹华": 1, "30pro🆚": 1, "苹果": 1, "位置": 1, "对比": 3, "气死": 1, "😢​": 1, "定型": 1, "版": 1, "看样子": 1, "精致": 1, "吼": 1, "贵": 1, "块": 1, "LArk": 1, "咔嚓": 1, "最新": 1, "二月": 1, "服": 1, "估计": 1, "出货量": 1, "加油": 1, "本来": 1, "饭桌": 1, "随便": 1, "当真": 1, "这两天": 1, "测评": 1, "后期": 1, "周日": 1, "不休": 1, "早点": 2, "期": 2, "画面": 1, "展示": 1, "内容": 1, "详细": 1, "着重": 1, "Mate30Pro": 1, "颗": 1, "1/1.54": 1, "英寸": 1, "广角": 1, "镜头": 1, "素质": 1, "录像": 1, "iPhone11ProMax": 1, "拍摄": 1, "效果": 1, "到时": 1, "记得": 1, "观看": 1, "休息": 1, "晚安": 1, "重庆": 6, "身边": 1, "90": 2, "周年": 2, "校庆": 2, "任正非": 2, "捐": 1, "100": 2, "台": 2, "钢琴": 4, "8": 2, "齐奏": 2, "校歌": 2, "12日": 1, "1968": 1, "届": 1, "暖通": 1, "专业": 2, "杰出": 1, "校友": 1, "名义": 1, "母校": 1, "捐赠": 1, "架": 2, "L梨": 1, "​​​": 1, "太": 1, "男子": 1, "马拉松": 1, "首次": 1, "跑进": 1, "小时": 1, "成功": 1, "突破": 1, "人类": 1, "历史": 1, "极限": 1, "生命": 1, "在于": 1, "运动": 2, "只管": 1, "跑": 1, "交给": 1, "WatchGT#2": 1, "时尚": 1, "外观": 1, "15": 1, "模式": 1, "14": 1, "超长": 1, "续航": 1, "心动": 1, "终端": 1, "官方": 1}