{"联邦": 12, "快递": 16, "CEO": 12, "回应": 4, "华为": 56, "事件": 4, "：": 13, "政府": 5, "逼": 4, "查": 4, "包裹": 8, "件": 4, "罚": 4, "25万": 4, "24日": 8, "接受": 5, "采访": 5, "称": 10, "美国商务部": 12, "巨额": 4, "罚款": 4, "威胁": 4, "公司": 18, "检查": 4, "内容": 4, "符合": 4, "进出口": 4, "管制": 4, "充当": 4, "警察": 4, "官网": 4, "告上": 4, "法庭": 4, "L微": 4, "丢": 5, "秒拍": 12, "视频": 21, "​": 14, "直播": 4, "5G": 30, "世界": 9, "冒险": 1, "！": 15, "大会": 8, "上海": 10, "分展": 1, "主角": 1, "媒资": 1, "、": 13, "医疗": 1, "教育": 1, "警务": 1, "垂直": 1, "领域": 1, "商用": 1, "昨天": 1, "中国": 8, "终端": 6, "电信": 1, "设备": 1, "进网": 1, "许可证": 1, "花落": 1, "这部": 1, "Mate20X": 1, "见证": 1, "未来": 1, "场景": 2, "央视": 2, "记者": 12, "美璐": 1, "新闻": 1, ".": 2, "5g": 3, "挖矿": 4, "苦": 3, "差事": 3, "2019": 10, "通信": 7, "站华": 4, "展厅": 4, "内": 10, "名": 3, "工人": 3, "5g无人": 1, "智能": 4, "采矿": 3, "系统": 12, "作业": 6, "洛阳": 7, "钼业": 3, "三道庄": 3, "矿区": 3, "矿": 5, "挖出": 3, "装到": 3, "一旁": 3, "矿车": 4, "工作": 5, "人员": 4, "告诉": 5, "环球": 4, "时报": 4, "操作台": 3, "真实": 3, "挖掘机": 4, "驾驶室": 3, "毫无": 5, "差别": 3, "操作": 5, "延迟": 3, "控制": 3, "几十": 3, "毫秒": 3, "以内": 3, "误差": 3, "十几": 3, "厘米": 3, "保证": 5, "效率": 3, "凌志": 4, "@": 8, "视": 3, "频L": 3, "哪家": 1, "6月": 11, "26日": 9, "MWC19": 2, "展区": 1, "实时": 4, "操控": 2, "上千": 1, "公里": 3, "河南": 2, "栾川": 1, "无人矿机": 1, "观众": 1, "无不": 1, "侧目": 1, "L湃客": 1, "科技": 14, "吹": 2, "空调": 2, "挖": 2, "1000": 3, "L环球网": 3, "快": 5, "矿山": 1, "远程": 2, "挖机": 1, "网速": 3, "实测": 1, "30秒": 4, "完王者": 2, "荣耀": 3, "上海站": 2, "台": 6, "Mate20X5G": 2, "手机": 14, "4G": 2, "下载": 4, "2g大小": 2, "款": 2, "游戏": 2, "场馆": 2, "信号": 2, "网络": 2, "限速": 2, "情况": 4, "只用": 2, "任正非": 5, "谈": 1, "谷歌": 5, "关系": 3, "装": 2, "将来": 3, "7-8亿": 3, "用户": 5, "19日": 1, "创始人": 1, "美国": 27, "CNBC": 1, "谈及": 1, "Google": 6, "一个": 2, "很": 2, "尊重": 1, "永远": 1, "都": 2, "站": 1, "条": 2, "利益": 1, "线": 1, "装载": 1, "2-3亿": 1, "损失": 5, "↓↓↓": 1, "O": 3, "芯片": 17, "企业": 6, "美光": 28, "恢复": 18, "发货": 6, "股价": 8, "飙升": 8, "供货": 17, "彭博社": 2, "报道": 3, "电脑": 3, "存储": 3, "生产商": 5, "首席": 3, "执行官": 3, "桑杰⋅梅赫罗特拉": 2, "25日": 4, "针对": 3, "禁令": 9, "冲突": 3, "美股": 3, "盘后": 3, "交易": 4, "11%": 3, "带动": 3, "股": 3, "上涨": 3, "彭林": 1, "起诉": 1, "涉嫌": 1, "虚假": 1, "宣传": 1, "旧": 1, "变更": 1, "倒是": 1, "20日": 1, "2亿": 4, "元": 7, "外媒": 3, "SanjayMehrotra": 2, "实体": 2, "清单": 2, "产品": 3, "合法": 2, "芯片商": 2, "美元": 2, "财年": 2, "第三": 2, "季度": 2, "财报": 2, "显示": 2, "净利润": 2, "同比": 2, "下降": 2, "78%": 2, "L新京报": 2, "传统": 2, "手工艺": 2, "生长": 1, "三": 1, "苏绣": 1, "世家": 1, "吴晨倩": 1, "专注": 1, "制作": 1, "作品": 1, "旁边": 1, "屏幕": 1, "刺绣": 1, "细节": 2, "5G+8k": 1, "高清": 1, "现场": 2, "匠人": 1, "指尖": 1, "灵巧": 1, "动作": 1, "迟滞": 1, "完美": 1, "呈现": 1, "速率": 1, "160": 1, "mbps": 1, "捕捉": 1, "压力": 1, "傲慢": 1, "可笑": 1, "特朗普": 3, "警告": 2, "不许": 2, "卫星": 4, "技术": 5, "建": 2, "6G": 5, "这是": 2, "专属": 2, "总统": 1, "近日": 1, "透露": 2, "消息": 1, "跳": 1, "推行": 2, "基础": 1, "组建": 1, "互联网": 1, "光纤": 1, "基站": 1, "部署": 1, "航天": 1, "强国": 1, "火箭": 1, "发射": 1, "无数": 1, "过渡": 1, "反而": 1, "MWC2019": 1, "MWC": 1, "远在": 1, "L差评君": 1, "文字": 1, "记录": 1, "感动": 1, "影像": 1, "定格": 1, "美好": 2, "花粉": 2, "俱乐部": 1, "成立": 1, "7": 1, "周年": 1, "之际": 1, "DIGIX": 4, "数字": 2, "生活": 1, "故事": 4, "征集": 1, "活动": 1, "面向": 2, "正式": 1, "开启": 1, "带": 1, "话题": 1, "服务": 2, "发布": 1, "机会": 2, "赢取": 1, "勋章": 1, "尊贵": 1, "特权": 1, "优秀": 1, "入选": 1, "官方": 1, "电影": 1, "脚本": 1, "转评": 2, "抽送": 1, "FreeBuds2Pro": 1, "无线": 2, "耳机": 2, "观察": 1, "2956-2986": 1, "30": 1, "区间": 1, "超级": 1, "真菌": 1, "融": 1, "媒体": 2, "概念": 2, "暂时": 1, "领先": 1, "精神": 1, "一点": 1, "内存": 1, "大厂": 1, "(": 2, "MicronTechnologyInc.": 1, ")": 2, "日前": 1, "有限公司": 1, "HuaweiTechnologiesCo.）": 1, "华": 1, "找到": 1, "突破口": 1, "解决": 1, "半导体": 1, "行业": 2, "面临": 1, "棘手": 1, "预测": 1, "额外": 1, "进一步": 2, "影响": 2, "出货": 1, "证券": 1, "委员会": 1, "SEC": 1, "递交": 1, "「": 1, "FORM10-Q": 1, "」": 1, "文件": 1, "会计": 1, "年度": 1, "上半年": 1, "13%": 1, "营收": 1, "出自": 1, "订单": 1, "CrossResearch": 1, "分析师": 1, "StevenFox": 1, "说法": 1, "第一": 2, "仔细": 1, "研究": 1, "规则": 1, "公开": 1, "业务": 1, "总部": 1, "海外": 1, "子公司": 1, "运营": 1, "所有权": 1, "归类": 1, "外国": 1, "王者": 1, "范凌志": 1, "DigiX": 1, "生活节": 1, "展现": 1, "DIGIXRAP": 1, "段": 1, "Real": 1, "方式": 1, "念": 1, "关注": 1, "+": 1, "正确": 1, "读法": 1, "抽": 1, "送": 1, "FreeBuds2": 1, "DJ": 1, "dropthe": 1, "beat": 1, "~~": 1, "L华": 1, "首批": 2, "7月底": 3, "上市": 6, "1000-2000": 3, "档": 3, "等到": 2, "明年底": 2, "11": 1, "交付": 1, "包括": 1, "OPPO": 1, "vivo": 1, "中兴": 1, "小米": 1, "一加": 1, "三星": 1, "TCL": 1, "自主": 1, "品牌": 1, "数据": 1, "CPE": 1, "预计": 1, "7月": 1, "国家": 1, "入网": 1, "许可": 1, "陆续": 1, "启动": 1, "2020年": 2, "推出": 1, "消费": 1, "市场": 1, "打造": 1, "超": 1, "百款": 1, "价格": 2, "降": 1, "千": 4, "降至": 1, "O首": 1, "组合": 1, "券商": 1, "2成": 1, "1成": 2, "知识": 1, "产权": 1, "尾盘": 1, "一成": 1, "干": 1, "娘": 1, "新媒体": 1, "环球网": 1, "为啥": 1, "辣么": 1, "牛": 1, "员工": 1, "说到": 1, "街舞": 3, "想到": 1, "易烊": 4, "千玺": 1, "玺": 3, "世间": 1, "可爱": 3, "星星": 1, "爱": 1, "宇宙": 1, "碰头": 1, "💕": 1, "TFBOYS": 1, "千玺yy": 1, "qx": 8, "封面": 1, "yy": 5, "少年": 1, "发型": 1, "短发yy": 1, "舞蹈yyqx": 1, "舒适圈yy": 1, "歌y": 1, "yq": 1, "x华为yyqx纪": 1, "梵希yyqx": 1, "中戏": 3, "yyqx帅": 1, "四字纪": 1, "梵希": 1, "四": 6, "字": 6, "硬照": 1, "四字帅": 1, "bv易烊": 1, "弟弟": 2, "yyqxszdd": 1, "侵删": 1, "歉L": 1, "展成": 1, "练舞": 1, "花絮": 1, "曝光": 1, "踩点": 1, "简直": 1, "太": 1, "爽": 1, "美": 1, "桑杰·梅赫罗特拉": 1, "副": 2, "董事长": 2, "胡厚崑": 3, "坚定": 2, "支持": 1, "安卓": 4, "生态": 2, "鸿蒙": 3, "时间": 3, "未定": 2, "副董事长": 1, "期间": 1, "见面会": 1, "销售": 1, "运行": 1, "支持者": 1, "确保": 1, "办法": 1, "披露": 1, "O华": 1}