{"王": 1, "俊凯": 1, "螃蟹们": 1, "冲冲": 1, "！": 13, "抢票": 2, "教程": 1, "来料": 1, "设置": 1, "大法": 1, "@": 3, "百度": 2, "输入法": 2, "诚意": 2, "图解": 1, "长图": 1, "相互": 1, "教学": 2, "传播": 1, "请": 3, "随意": 1, "领取": 1, "嗷": 1, "华为版": 1, "选择": 1, "九宫": 1, "格噢": 1, "​": 20, "想到": 1, "TFBOYS": 1, "易烊": 1, "千玺": 1, "浪漫": 1, "猪": 1, "住": 2, "心上": 1, "~": 4, "千": 2, "玺": 1, "2019": 2, "第三": 1, "波": 1, "想象感": 1, "单曲": 2, "IAdoreYou": 1, "惊喜": 1, "上线": 1, "大佬": 1, "亲自": 1, "手绘": 1, "封面": 1, "满满": 1, "华为": 45, "音乐": 1, "收听": 1, "歌": 1, "伴": 1, "千式": 1, "苏音": 1, "漫步": 1, "海上": 1, "戳": 1, "→O网": 1, "页链": 1, "接​": 1, "校招": 1, "热捧": 2, "毕业生": 3, "：": 20, "希望": 2, "5G": 16, "贡献": 2, "10月": 2, "22日": 1, "哈工大": 1, "(": 1, "深圳": 1, ")": 1, "国内外": 1, "知名": 1, "企业": 1, "层次": 1, "人才": 1, "招聘会": 1, "公司": 2, "数据": 4, "显示": 1, "签约": 3, "人数": 1, "逾百": 1, "校内": 1, "单位": 1, "Top1": 1, "名": 1, "海思": 1, "芯片": 1, "作出": 1, "L老板": 1, "联播": 2, "视频": 7, "手机": 9, "克隆": 3, "换华": 1, "新机": 2, "想": 4, "mate30": 1, "迁移": 1, "无从下手": 1, "挪移": 1, "极速": 1, "换机": 1, "珍贵": 1, "一个": 4, "不少": 1, "正文": 1, "输入": 1, "Mate30": 4, "好用": 2, "带": 6, "话题": 2, "卷发": 1, "29日": 1, "抽": 1, "幸运": 1, "小伙伴": 1, "送出": 1, "50": 1, "元": 2, "京东卡": 1, "​​": 1, "​O": 2, "抽奖": 2, "详情": 2, "手持": 1, "套": 2, "设备": 2, "靓": 1, "仔​": 1, "新时代": 1, "终端": 1, "场景": 3, "新品": 1, "发布会": 3, "一站式": 1, "体验": 1, "送": 1, "直通车": 1, "发布": 4, "头条": 1, "文章": 1, "反弹": 4, "高度": 4, "": 2, "财经": 2, "每日": 2, "必读": 2, "赚钱": 2, "季": 1, "周二": 1, "/": 5, "科技": 6, "+": 11, "十一": 2, "数字": 4, "货币": 4, "主板": 1, "缩量": 1, "明日": 4, "预设": 1, "冲高": 2, "回落": 1, "观察": 8, "成交量": 5, "放大": 3, "强势": 2, "股": 3, "接力": 3, "亏": 1, "钱": 1, "效应": 2, "减缓": 1, "诚迈": 2, "非科": 2, "创板": 2, "情绪": 2, "标杆": 2, "空间板": 1, "3板": 1, "首板": 2, "数量": 1, "增加": 1, "短期": 2, "面临": 1, "压力": 1, "早盘": 3, "逢高": 1, "减仓": 1, "落袋为安": 1, "优": 1, "策略": 1, "耐心": 1, "回踩": 1, "企稳": 2, "操作": 3, "机会": 2, "低": 2, "吸富": 1, "一生": 1, "科创板": 2, "迹象": 1, "山石": 1, "网科": 1, "方邦": 2, "股份": 4, "南微": 2, "医学": 2, "重点": 4, "关注": 1, "另外沃尔德": 1, "铂力特": 2, "乐鑫": 2, "福光": 2, "瀚川": 2, "智能": 3, "盘中": 1, "O量": 1, "第六": 1, "届": 1, "世界": 2, "互联网": 1, "大会": 1, "Pro5G": 1, "现场": 1, "、": 13, "ETC": 3, "半导体": 2, "概念": 3, "暂时": 1, "领先": 1, "网络": 3, "走活": 1, "MateX折": 1, "叠屏": 1, "明天": 1, "正式": 1, "推出": 1, "通信": 4, "产品": 4, "期待": 1, "咯": 1, "L宅": 1, "数码": 1, "Kael": 1, "开盘": 1, "小时": 2, "点评": 1, "今日": 3, "大盘": 3, "高开": 1, "小幅": 1, "震荡": 2, "创业板": 1, "表现": 1, "不错": 1, "涨幅": 1, "1%": 1, "前期": 1, "热点": 3, "国产": 1, "软件": 1, "科技股": 1, "卷土重来": 1, "昨天": 1, "扛": 1, "指数": 1, "金融股": 1, "回调": 1, "走势": 1, "构筑": 1, "右肩": 1, "时间": 2, "窄幅": 1, "整理": 1, "大跌": 1, "可能性": 1, "很": 5, "把握": 1, "一个样": 1, "守": 1, "专注": 1, "做为": 1, "频繁": 1, "换股": 1, "追涨": 2, "热门股": 1, "近期": 3, "得不偿失": 1, "仓位": 1, "2-3成": 1, "底仓": 1, "即可": 1, "想想": 1, "iPhone": 2, "主力": 1, "机快": 1, "真的": 1, "腻": 1, "买": 4, "。。。。。": 1, "张小厚": 2, "✖️": 1, "阅读": 1, "吉林": 1, "大学": 1, "成长": 1, "道路": 1, "安排": 1, "环境": 1, "妥协": 1, "喜好": 1, "——": 1, "Terry​": 1, "始终": 1, "折叠屏": 1, "旗舰": 2, "MateX": 1, "外加": 1, "Mate305G": 1, "Mate30pro5G": 1, "版": 1, "三": 1, "款": 1, "顶级": 1, "十一月": 1, "1日": 1, "同步": 1, "开售": 1, "三箭齐发": 1, "看头": 1, "董明珠": 2, "格力": 3, "油烟机": 2, "6": 1, "不用": 3, "清洗": 2, "研发": 3, "人员": 1, "外国人": 3, "自豪": 1, "健康": 1, "生活": 1, "六": 1, "高精尖": 1, "外人": 1, "鼻子": 1, "蓝": 1, "眼睛": 1, "都": 3, "中国人": 1, "梦想": 1, "全世界": 1, "70亿": 1, "#评": 1, "难道": 1, "错": 1, "用户": 1, "伤害": 1, "瑞士": 5, "大规模": 1, "覆盖": 1, "262": 1, "城镇": 1, "助力": 1, "数千亿": 1, "GDP": 2, "增长": 2, "空间": 2, "Real5G": 1, "全球": 1, "宽带": 1, "论坛": 1, "苏黎世": 1, "副董事长": 1, "胡厚崑": 1, "称": 1, "引领": 1, "发展": 3, "4G": 1, "快": 2, "一点": 1, "百业": 1, "社会": 1, "基础": 1, "设施": 1, "此前": 2, "当地": 1, "巨头": 1, "Sunrise": 2, "技术": 1, "推广": 1, "服务": 1, "联合": 1, "成立": 1, "中心": 1, "启用": 1, "多种": 1, "包括": 1, "智慧": 2, "农业": 1, "制造": 1, "游戏": 1, "测算": 1, "2030年": 1, "带来": 1, "424亿": 1, "法郎": 1, "3000亿": 1, "人民币": 1, "市场": 2, "创造": 1, "超": 1, "10万": 1, "就业": 1, "L": 1, "老板": 1, "秒拍": 1, "周一": 1, "50%": 1, "持平": 1, "上👆": 1, "业绩": 1, "板块": 1, "持续性": 1, "；": 1, "第一": 1, "750亿": 1, "天夏": 1, "标切": 1, "勿": 1, "皮皮": 1, "计划": 2, "1": 1, "涨停板": 1, "套利": 1, "盘整": 1, "沃尔德": 1, "活跃": 1, "Ps": 1, "点赞": 1, "大赚": 1, "转发": 1, "帐户": 1, "长红": 1, "iPad": 2, "平板": 1, "不服": 1, "网友": 1, "机场": 1, "拍到": 1, "任正非": 2, "苹果": 3, "家人": 1, "生态": 1, "确实": 1, "商品": 1, "喜欢": 2, "政治": 1, "挂钩": 1, "提起": 1, "Pro": 2, "炫酷": 1, "功能": 1, "7680": 1, "帧超": 1, "高速": 1, "摄影": 1, "榜上有名": 1, "用慢": 1, "动作": 1, "定格": 1, "精彩": 1, "瞬间": 1, "官方": 1, "L华": 2, "中国": 3, "TA": 1, "晚安": 1, "少年": 1, "官": 1, "宣定": 1, "档": 1, "这部": 1, "电影": 1, "一波三折": 1, "粉丝们": 1, "终于": 1, "等到": 2, "上映": 1, "剧杀": 1, "青": 1, "迟迟": 1, "播": 2, "消息": 2, "未": 1, "先火": 1, "剧#": 1, "聊聊": 1, "播出": 1, "剧": 1, "爱豆": 1, "主演": 1, "作品": 1, "转评": 1, "抽送": 1, "自拍杆": 1, "XDA": 1, "年轻": 1, "编辑": 1, "MaxWeinbach": 1, "才": 1, "学生": 1, "小孩": 1, "哈哈哈": 1, "家伙": 1, "发推": 1, "面部": 1, "识别": 1, "出色": 1, "评论": 1, "针对": 1, "其他人": 1, "提出": 1, "安全性": 1, "疯狂": 1, "辩护": 1, "…": 2, "Frommyexperience": 1, "thesecurityfeaturesinHuawe": 1, "iphonesgoaboveandbe": 1, "yondothercompanies.Youdon": 1, "’": 1, "thavetotrustthem,but": 1, "thereisnoevidencethattheyareworse.Ialsonevermentionedanythingabout": 1, "Android": 1, ".": 1, "太": 1, "有意思": 1, "20%": 1, "到达": 1, "1250亿": 1, "美元": 1, "接受": 1, "CNBC": 1, "专访": 1, "·": 6, "实体": 2, "清单": 2, "影响": 1, "下降": 1, "超过": 1, "100亿": 1, "美金": 1, "进程": 1, "充满": 2, "信心": 1, "学到": 1, "教训": 1, "安于": 2, "堕怠": 1, "平庸": 1, "长期": 1, "奋斗": 1, "活力": 2, "组织": 1, "系统": 1, "能力": 2, "肯定": 1, "事情": 1, "将来": 1, "替代": 1, "安卓": 2, "支持": 5, "创新": 2, "步伐": 1, "加快": 1, "年内": 1, "飞机": 2, "修复": 1, "三年": 1, "架": 1, "全新": 1, "飞": 1, "关贸": 1, "易战": 1, "牺牲": 1, "国家": 2, "利益": 1, "法律": 1, "手段": 1, "解决": 1, "未来": 1, "美国": 9, "内": 1, "移除": 1, "开放": 1, "心态": 1, "禁止": 1, "不利": 1, "链接": 2, "O网页": 1, "HUAWEIMateBook": 1, "系列": 3, "多屏": 1, "协同": 1, "机型": 1, "公开": 1, "首批": 1, "毫无疑问": 1, "刚刚": 1, "后续": 1, "升级": 1, "EMUI": 1, "10": 1, "Mate20": 1, "P系列": 1, "羡慕": 1, "手上": 1, "同学": 1, "电脑": 1, "上刷": 1, "惧": 2, "力挺": 2, "欧洲": 4, "分歧": 3, "进一步": 3, "加深": 3, "日本": 1, "经济": 1, "新闻": 1, "网站": 1, "近日": 1, "德国": 2, "公布": 1, "建设": 1, "标准": 1, "草案": 1, "事实上": 1, "英国": 1, "采用": 1, "保障": 1, "为由": 1, "排除": 1, "O": 1, "旅行": 2, "遇见": 1, "未知": 1, "过程": 1, "镜头": 1, "像是": 1, "施": 1, "魔法": 1, "找寻": 1, "光芒": 1, "搞定": 1, "技巧": 1, "nova5": 1, "拍出": 1, "文艺": 1, "清新": 1, "唯美": 1, "出众": 1, "Vlog": 1, "5G版": 1, "Mate30Pro": 1, "上市": 1, "感觉": 1, "4G版": 1, "香": 1, "有人": 1, "接盘": 1, "99.9": 1, "膜": 1, "当天": 1, "纯属": 1, "天都": 1, "卖掉": 1, "版本": 1, "金": 1, "南": 1, "将军": 1, "演讲": 1, "队伍": 1, "灵魂": 1, "血性": 1, "下半部": 1, "祖国": 1, "爱": 1, "L军": 1, "武季": 1}