{"全程": 13, "高能": 13, "华为": 132, "外籍": 12, "高管": 13, "舌战": 12, "美媒": 15, "事件": 11, "发酵": 8, "段": 9, "5月": 13, "7日": 16, "采访": 20, "这两天": 4, "引发": 8, "网友": 16, "关注": 8, "美国": 72, "公司": 31, "首席": 9, "安全官": 9, "安迪·珀迪": 9, "接受": 13, "有线": 4, "卫星": 4, "公共": 4, "事务": 4, "网络C": 4, "SPAN": 4, "这位": 9, "律师": 9, "、": 50, "联邦": 68, "检察官": 9, "国土": 9, "安全部": 9, "员工": 11, "面对": 11, "主持人": 9, "刁钻": 11, "思路": 9, "清晰": 9, "回答": 9, "关系": 11, "设备": 9, "网络": 20, "套": 11, "独立": 9, "5G": 9, "可能性": 9, "关闭": 9, "一部分": 9, "服务": 12, "安迪": 8, "均": 4, "一一": 8, "化解": 4, "戳": 8, "视频": 36, "↓↓↓": 4, "L": 11, "凤凰网": 11, "有理有据": 5, "！": 11, "：": 30, "逻辑口": 5, "才": 6, "满分": 5, "媒体": 7, "回应": 8, "↓↓": 5, "走红": 4, "审查": 9, "最多": 4, "封杀": 4, "不错": 4, "宣传": 4, "官安迪·珀迪": 2, "近日": 2, "珀迪": 2, "据理力争": 2, "消除": 2, "隐患": 2, "拥有": 2, "优势": 2, "评估": 2, "老板": 7, "联播": 4, "秒拍": 7, "快递": 64, "合作": 4, "包裹": 47, "转运": 38, "@": 8, "环球": 2, "时报": 2, "报道": 10, "这家": 2, "授权": 4, "情况": 5, "日本": 5, "送": 3, "中国": 18, "地址": 2, "越南": 5, "新加坡": 1, "香港": 1, "分公司": 1, "路透社": 10, "称": 15, "上周五": 2, "提供": 5, "相关": 2, "信息": 3, "包括": 3, "物流": 1, "追踪": 4, "记录": 5, "照片": 3, "转移": 16, "O华": 4, "寄往": 7, "28日": 6, "试图": 6, "亚洲": 4, "办公室": 3, "图片": 1, "四": 2, "文件": 6, "技术": 4, "很多": 2, "官员": 2, "联播L": 3, "竟": 1, "劫走": 1, "失误": 9, "抱歉": 6, "近期": 4, "未": 1, "今日": 1, "少量": 7, "货件": 18, "外部": 6, "路透": 1, "发现": 3, "内": 2, "含": 2, "(": 2, "Fed": 1, "ExCorp": 1, ")": 2, "件": 5, "O路透": 1, "​": 6, "运错": 1, "发言人": 1, "错误": 1, "运输": 3, "商业": 1, "邮政": 4, "监管": 5, "机构": 1, "提出": 2, "正式": 4, "投诉": 5, "新京报": 1, "欧洲": 7, "申请": 6, "商标": 6, "自有": 4, "操作": 8, "系统": 8, "命名": 5, "Ark": 6, "24日": 2, "知识": 3, "产权局": 3, "收到": 2, "自研": 2, "鸿蒙": 1, "注册": 1, "此前": 2, "消费者": 1, "业务": 1, "CEO": 1, "余承东": 1, "快": 1, "秋天": 1, "晚": 1, "明年": 1, "春天": 1, "面市": 1, "记者": 5, "搜索": 1, "ArkOS": 1, "名字": 1, "对此": 1, "尚未": 1, "作出": 1, "针对": 1, "公关": 1, "人员": 1, "对方": 1, "解释": 1, "都": 8, "放": 1, "官方": 3, "代表": 3, "一个": 2, "态度": 1, "央视": 2, "唐": 1, "颖": 1, "新闻": 2, "外媒": 2, "未经": 3, "出示": 1, "显示": 1, "原定": 1, "送往": 1, "别处": 1, "装": 1, "涉嫌": 1, "消息": 2, "声称": 1, "寄": 2, "转送": 2, "地方": 1, "办事处": 1, "图像": 1, "刚刚": 1, "承认": 2, "错运": 1, "否认": 3, "致歉": 3, "声明": 1, "全文": 2, "重视": 2, "客户": 5, "交付": 2, "超过": 4, "1500万": 2, "确认": 2, "退还": 2, "发货方": 2, "途中": 2, "全球": 2, "45万": 2, "名": 3, "致力于": 2, "期望": 2, "质量": 2, "L凤凰网": 1, "​​": 2, "各国": 2, "力挺": 1, "23日": 2, "任正非": 7, "深圳": 1, "时代": 2, "周刊": 1, "访谈": 1, "谈话": 1, "不少": 3, "人为": 1, "沸腾": 1, "发布": 2, "50多万": 1, "观看量": 1, "评论区": 1, "希腊": 1, "巴西": 1, "菲律宾": 1, "波兰": 1, "西班牙": 1, "巴基斯坦": 1, "哥伦比亚": 1, "世界": 2, "实力": 1, "圈粉": 1, "call": 1, "得道多助失道寡助": 1, "加油": 1, "!O": 1, "专访": 1, "评价": 1, "来源": 1, "推特": 3, "耻辱": 3, "涉及": 1, "莫过于": 1, "独家": 1, "——": 1, "指责": 2, "此事": 1, "纷纷": 1, "讨论": 1, "有人": 2, "自掘坟墓": 1, "；": 2, "猜测": 1, "政府": 1, "转火": 1, "安全性": 1, "抢劫": 1, "!": 1, "太": 1, "脏": 2, "O联邦": 1, "苍蝇": 5, "拍死": 4, "越来越": 4, "见识": 2, "社会": 2, "臭名远扬": 1, "死皮赖脸": 1, "无赖": 16, "心生": 1, "厌恶": 1, "避之不及": 1, "海上": 2, "黄娘娘": 2, "流": 1, "碰瓷": 1, "无数": 1, "依然": 1, "蹦跶": 1, "…": 1, "别人": 2, "骚扰": 1, "喜欢": 1, "教育": 1, "自降": 1, "身价": 1, "清者自清": 1, "很": 3, "大气": 1, "畏惧": 1, "有幸": 1, "碰上": 1, "哭天喊地": 1, "厉害": 1, "恨不得": 1, "菩萨": 2, "下凡": 1, "无视": 1, "躲": 3, "死磕": 1, "到底": 1, "目的": 1, "简单": 1, "份": 1, "伤害": 1, "何尝": 1, "公益": 1, "慈善": 1, "躲避": 2, "高尚": 1, "纵容": 1, "繁殖率": 1, "痛打": 1, "帮忙": 1, "算了": 1, "还要": 1, "笑话": 1, "毛病": 1, "搞": 1, "缠上": 1, "忙": 1, "恶心": 1, "家里": 2, "飞": 1, "说三道四": 1, "站着说话不腰疼": 1, "面前": 1, "清高": 1, "想": 1, "掉": 1, "说风凉话": 1, "正义感": 1, "娘娘": 1, "黄毅清": 1, "垃圾": 1, "十几二十": 1, "碰过": 1, "没事儿": 1, "倒": 1, "周立波": 1, "……": 1, "算是": 1, "海派": 1, "清口": 1, "祭旗": 1, "L周立波": 1, "办公桌": 4, "摆": 2, "本书": 2, "法国": 1, "阿尔斯通": 2, "前车之鉴": 1, "记忆犹新": 1, "出版": 1, "陷阱": 3, "书": 1, "新华社": 1, "呼吁": 1, "昨天": 1, "明天": 1, "做出": 1, "回击": 1, "27日": 1, "彭博社": 2, "社交": 2, "上传": 1, "创始人": 1, "摆放": 1, "中文版": 1, "发布者": 1, "GaoYuan": 1, "小米": 1, "中兴": 1, "企业": 1, "硬件": 1, "供应链": 1, "科技": 1, "常驻": 1, "北京": 1, "O": 1, "观察者": 1, "网": 1, "不要脸": 1, "脏话": 1, "过分": 1, "！！！": 1, "不说": 1, "发挥": 1, "部门": 4, "18点42分": 1, "发帖": 1, "平台": 1, "流传": 1, "没收": 1, "检查": 1, "事实": 1, "不符": 1, "改口": 1, "表态": 1, "180": 1, "度": 1, "转弯": 1, "背后": 1, "蹊跷": 1}