{"网易": 3, "狠": 2, "！": 9, "华为": 49, "13年": 2, "工龄": 2, "员工": 6, "离职": 9, "诉": 2, "敲诈": 3, "羁押": 4, "长达": 2, "251": 4, "11月": 3, "29日": 1, "份": 1, "李洪元": 5, "裁决书": 1, "脉脉": 1, "网友": 5, "曝光": 1, "判决书": 1, "显示": 2, "赔偿": 1, "起诉": 2, "敲诈勒索": 4, "近日": 4, "证据": 1, "释放": 2, "随后": 1, "承东": 1, "告": 3, "补偿": 2, "金额": 1, "意见": 1, "统一": 4, "商谈": 2, "补发": 1, "33万1576": 1, "元": 4, "转款": 1, "30万4742": 1, "涉嫌": 1, "刑事": 1, "拘留": 1, "移送": 1, "检察院": 1, "提到": 1, "主管": 1, "构陷": 1, "旷工": 1, "开除": 1, "摩洛哥": 1, "笔记本": 1, "电脑": 3, "偷": 1, "为由": 1, "欺诈": 1, "罪关": 1, "三": 1, "看守所": 1, "爆料": 1, "真的": 3, "爆出": 1, "身患": 1, "绝症": 1, "逼": 1, "太": 2, "嫩": 1, "@": 6, "市界": 1, "O比网": 1, "美好": 1, "连接": 1, "都": 12, "陌生人": 4, "Mate30": 4, "系列": 3, "5G版": 1, "分隔": 1, "好好": 1, "坐": 1, "弹一弹": 1, "想": 2, "弹": 1, "点开": 2, "视频": 12, "重构": 1, "想象": 1, "L华": 4, "终端": 5, "官方": 2, "​": 12, "称": 8, "鸿蒙": 11, "2020年": 8, "第五": 8, "操作": 13, "系统": 13, "超越": 2, "Linux": 8, "公共": 4, "事务": 3, "高级": 3, "副总裁": 3, "JoyTan": 3, "接受": 4, "采访": 4, "比起": 2, "市场": 2, "OS": 3, "代码": 3, "行数": 3, "安全性": 4, "Counterpoint": 3, "Research": 3, "报告": 3, "预计": 3, "超过": 4, "智能": 4, "数字": 3, "L": 2, "老板": 4, "联播": 3, "O华": 3, "：": 25, "超": 3, "CC9Pro尊": 2, "享版": 2, "总分": 1, "第一": 2, "变焦": 2, "DXOMA": 1, "RK": 1, "心目": 1, "2019": 1, "年度": 1, "手机": 20, "相机": 1, "DXOMARK": 1, "刚": 1, "发布": 1, "榜单": 1, "答案": 1, "综合": 1, "最佳": 5, "Mate30Pro": 3, "小米": 6, "iPhone11ProMax": 1, "CC9Pro": 1, "尊享版": 1, "超广": 1, "三星": 3, "GalaxyNote10+5G": 1, "夜景": 1, "千玺": 2, "弟弟": 2, "好帅": 1, "想到": 1, "下周": 1, "nova6": 1, "5G": 4, "发布会": 1, "TFBOYS": 1, "易烊": 3, "千": 3, "玺": 3, "本人": 1, "华仔": 1, "露出": 1, "笑容": 1, "工作": 1, "劲儿": 1, "噢ᕦ": 1, "(": 4, "･ㅂ･": 1, ")": 3, "ᕤ": 1, "nova快": 1, "速度": 1, "19:00": 1, "抽": 1, "刺激": 1, "→O网": 1, "页链": 1, "接​": 1, "默克尔": 7, "中国": 18, "灾难性": 5, "希望": 3, "欧盟": 7, "制定": 2, "政策": 6, "德国": 4, "明镜": 2, "周刊": 2, "28日": 3, "总理": 2, "周三": 2, "联邦": 2, "议会": 3, "一般性": 2, "辩论": 2, "呼吁": 3, "各国": 2, "路线": 2, "警告": 2, "孤立": 2, "、": 9, "隔离": 2, "态度": 2, "27日": 2, "合作": 2, "适用于": 1, "坦率": 1, "成员国": 1, "危险": 1, "O默克尔": 2, "名校": 3, "学霸": 2, "毕业": 2, "一半": 3, "毕业生": 7, "离开": 2, "母校": 2, "所在": 1, "省份": 1, "42": 1, "大学": 2, "39": 1, "公布": 1, "本省": 3, "市": 1, "就业率": 3, "平均": 3, "43.6%": 1, "学生": 3, "最终": 1, "留在": 3, "所在地": 1, "选择": 2, "留存率": 1, "整体": 1, "呈现": 1, "南": 1, "高北": 1, "低": 1, "趋势": 1, "区域": 1, "人才": 5, "吸引力": 1, "排名": 1, "链条": 1, "华南": 1, "一流": 3, "高校": 1, "平均值": 1, "80%": 1, ">": 5, "华东": 1, "52%": 1, "西南": 1, "46%": 1, "华北": 1, "44%": 1, "西北": 1, "34%": 1, ">华": 1, "32%": 1, "东北": 1, "22%": 1, "13": 1, "来自于": 4, "一线": 1, "城市": 1, "56.5%": 1, "46.3%": 1, "大学生": 1, "留": 1, "北京": 3, "69%": 1, "上海": 1, "78.5%": 1, "广东省": 1, "广东": 3, "留住": 1, "深圳": 1, "公司": 4, "招揽": 1, "全国": 1, "九校": 1, "联盟": 1, "Top10": 1, "去向": 1, "企业": 3, "当中": 1, "腾讯": 1, "中兴": 2, "代表": 1, "雇佣": 1, "院校": 1, "DT财经O": 1, "|": 1, "DT数": 1, "网上": 1, "消息": 2, "李某": 4, "报警": 1, "索要": 1, "金": 2, "；": 2, "刑拘": 1, "批捕": 1, "近期": 1, "无罪": 1, "25日": 1, "国家": 2, "做法": 1, "过分": 1, "幸亏": 1, "偷着": 1, "录音": 1, "洽谈": 1, "愉快": 1, "威胁": 1, "引自": 1, "芯": 1, "智讯": 1, "百家号": 1, "易": 2, "烊千玺": 1, "紧急": 1, "扩散": 1, "投": 7, "票": 1, "办法": 1, "找到": 3, "隐私": 10, "——": 5, "隐藏": 2, "空间": 11, "下载": 8, "爱奇艺": 9, "泡泡": 9, "APP": 3, "号码": 1, "登录": 5, "投完": 1, "删": 1, "创建": 1, "5": 4, "一个": 5, "号": 6, "品牌": 4, "分身": 5, "建议": 1, "昨天": 1, "公开": 1, "wuxian": 1, "i🐔": 2, "立s": 1, "四": 1, "字": 1, "爹": 1, "⭕️": 2, "各类": 1, "投票": 1, "教程": 4, "鸟见": 1, "转⭕": 1, "️别": 1, "数据组": 1, "号召": 1, "无限": 3, "截图": 1, "司马": 1, "方法": 12, "加群": 1, "1": 7, "⃣": 15, "👉O": 5, "网页": 11, "链接": 11, "添加": 4, "访客": 6, "快": 2, "3": 4, "苹果": 2, "/": 2, "ipad": 1, "广告": 5, "追踪": 4, "👉": 10, "基础版O": 1, "升级": 1, "版O": 2, "卸": 1, "载app": 1, "4": 3, "VIVO": 1, "清除": 1, "数据": 5, "OPPO": 1, "软件": 3, "1分": 1, "大师": 2, "2多": 1, "6": 2, "👉⭕": 1, "️O": 1, "⭕️O": 1, "7": 1, "魅族": 1, "模式": 6, "8": 2, "文件夹": 3, "设置": 9, "生物": 1, "识别": 2, "文件": 1, "夹👉": 1, "打开": 8, "联播L": 1, "钢琴": 3, "演奏": 2, "完整": 1, "曲子": 1, "半架": 1, "素昧平生": 1, "超低": 1, "时延": 1, "科技": 3, "温度": 1, "相连": 2, "烊": 1, "第5": 1, "棒": 1, "目标": 1, "10000": 1, "室友": 1, "拽": 1, "朋友": 4, "叫来": 1, "！！": 1, "出炉": 1, "❗️": 6, "1⃣": 1, "搜索": 1, "圈子": 1, "首页": 1, "篇": 3, "帖子": 1, "点击": 1, "支持": 2, "莱布尼茨怡": 1, "•": 6, "管理": 3, "存储": 1, "删除": 2, "飞行": 5, "秒": 2, "关掉": 3, "切ip": 1, "打榜": 1, "换id": 1, "最多": 1, "找": 1, "帮忙": 1, "图5": 1, "": 1, "鬼王": 1, "琳凯": 3, "歌小鬼": 1, "王": 2, "#1": 1, "双开": 1, "vivo": 1, "➡️": 24, "储存": 1, "清理": 1, "15s": 1, "流量": 1, "切号": 1, "成功": 2, "关闭": 2, "权限": 1, "用户": 4, "账户": 2, "切换": 1, "爱艺奇": 1, "投❗️": 1, "新号": 3, "‼️": 1, "⃣oppo": 1, "5⃣": 1, "IPHONE": 1, "IOS": 1, "卸载": 1, "重装": 1, "几十": 1, "切ip➡": 1, "️": 1, "原本关": 1, "开久": 1, "一点": 1, "至少": 1, "分钟": 2, "6⃣ipad": 1, "进群": 1, "领号群": 1, "二维码": 1, "评论": 1, "小鬼": 1, "环球": 1, "时报": 1, "微信": 1, "详情": 2, "戳": 2, "主流": 2, "新闻": 1, "香港": 4, "振奋": 1, "心塞": 1, "夹": 1, "之间": 1, "这两天": 1, "顾不上": 1, "发": 1, "精力": 1, "放在": 1, "推特": 3, "这位": 1, "同事": 1, "美国": 6, "外交": 2, "杂志": 2, "主笔": 1, "理论": 1, "央媒": 1, "选举": 1, "文章": 2, "描述": 1, "外宣": 1, "媒体": 1, "编辑": 1, "聊": 1, "建制": 1, "稳赢": 2, "为此": 1, "提前": 1, "版本": 1, "稿子": 1, "捏造": 1, "颠倒": 1, "黑白": 1, "居然": 1, "称赞": 1, "投诉": 1, "无果": 1, "劝": 1, "撕": 1, "西方": 1, "舆论": 1, "难道": 1, "一次次": 1, "退让": 1, "阵地": 1, "才": 1, "一点点": 1, "公然": 1, "造谣": 1, "拍": 2, "12万": 2, "平米": 3, "商住": 2, "用地": 2, "疑": 2, "建": 2, "住宅": 3, "售": 2, "万元": 2, "子公司": 1, "绿苑": 1, "实业": 1, "底价": 1, "8.45亿": 1, "竞": 1, "东莞": 1, "松山湖": 2, "12.5万": 1, "平方米": 2, "规划": 1, "地块": 1, "用于": 1, "园区": 1, "重点": 1, "高端": 1, "总部": 1, "房": 1, "配套": 1, "项目": 1, "建成": 1, "最高价": 1, "高于": 1, "1.005万": 1, "平地": 1, "L新京报": 1, "秒拍": 1, "！！！！": 1, "所有人": 1, "！！！": 1, "访": 1, "客👉": 1, "记得": 1, "机主": 1, "接收": 1, "信息": 1, "L南风": 1, "减似": 1, "狂年": 1, "守护": 1, "雨林": 2, "AI同行": 1, "TECH4ALL": 1, "NGO": 1, "组织": 1, "RFCx": 1, "洲": 1, "10": 2, "AI": 1, "森林": 1, "盗伐": 1, "保护": 3, "濒危": 1, "物种": 1, "热带雨林": 1, "听听": 1, "守卫者": 1, "声音": 1, "O": 1, "苏里南": 2, "总统": 5, "谈": 2, "涉港": 2, "法案": 3, "权": 2, "干涉": 4, "他国": 4, "内政": 4, "日前": 1, "正式": 1, "访问": 1, "共和国": 1, "德西·德拉诺·鲍特瑟": 1, "参观": 1, "位于": 1, "技术": 1, "有限": 1, "研究所": 1, "下午": 1, "鲍特瑟": 2, "就此": 1, "访华": 1, "回答": 2, "记者": 1, "提问": 1, "谈及": 1, "签署": 1, "人权": 1, "民主": 1, "国际法": 1, "角度": 1, "看待": 1, "联合国": 1, "宪章": 1, "权利": 1, "抵制": 1, "体现": 1, "我国": 1, "宪法": 1, "之中": 1, "O苏里南": 1, "哈哈哈哈哈": 2, "巴西": 1, "账号": 3, "口吐": 1, "芬芳": 2, "盗号": 1, "翻": 1, "推文": 1, "葡萄牙语": 1, "看懂": 1, "文字": 1, "P30Pro": 1, "俩": 3, "词": 1, "条": 2, "口": 1, "吐": 1, "英语": 1, "牵动": 1, "全球": 1, "粉丝": 1, "两个半": 1, "架": 1, "Pro5G": 1, "隔空": 1, "配合": 1, "挑战": 1, "感受": 1, "丝": 1, "温暖": 1, "2018年": 1, "相继": 1, "制裁": 1, "发现": 2, "电子": 4, "领域": 2, "很多": 1, "核心": 1, "别人": 1, "卡脖子": 1, "产业链": 1, "股价": 1, "时间": 1, "集体": 1, "腰斩": 1, "难免": 1, "疑问": 1, "黄金": 2, "产业": 2, "到底": 1, "走": 1, "远": 1, "或许": 1, "溯源": 1, "结构": 1, "分野": 1, "标的": 1, "参照物": 1, "搞": 2, "组装": 1, "富士康": 2, "研发": 1, "O电子": 1, "半": 1, "脚": 1, "迈出": 1, "境外": 1, "好像": 1, "黑": 1, "截了屏": 1, "喷​": 1, "牛逼": 1, "2021": 1, "国考": 1, "2020": 1, "辽宁省": 1, "申论": 1, "面试": 1, "皆": 1, "盘": 1, "1.": 1, "精神": 1, ".": 4, "法律": 1, "道德": 1, "双管齐下": 1, "社会": 1, "方向盘": 1, "奋斗": 1, "填涂": 1, "青春": 1, "底色": 1, "4.": 1, "敢于": 1, "归零": 1, "破旧立新": 1, "5.": 1, "加减": 1, "得当": 1, "优化": 1, "法治": 1, "圆": 1, "复兴": 1, "梦": 1, "7.": 1, "绿水": 1, "逶迤": 1, "青山": 1, "相向": 1, "风肃": 1, "政风": 1, "社": 1, "风​": 1, "垃圾桶": 1, "旁边": 1, "捡到": 1, "平板": 1, "MatePadPro": 1, "失主": 1, "万能": 1, "认领": 1, "偷偷": 1, "私藏": 1, "投稿": 1, "买": 1, "Mate": 1, "X坏": 1, "喜欢": 2}