{"中国": 17, "5G": 25, "基站": 7, "占": 7, "全球": 10, "一半": 7, "华为": 51, "轮值": 3, "董事长": 3, "徐直军": 2, "2018年": 3, "数据": 2, "显示": 2, "4G": 2, "未来": 6, "发展": 9, "时代": 4, "国家": 3, "占据": 2, "主导": 2, "地位": 2, "​": 21, "2019": 7, "智博会": 6, "分享": 1, "智能化": 2, "期待": 4, "机会": 1, "赢取": 1, "手机": 13, "！": 14, "8月": 4, "26日": 3, "29日": 1, "重庆": 5, "吸引": 1, "843": 1, "企业": 6, "参展": 1, "展览": 1, "面积": 1, "21万": 1, "平方米": 1, "领先": 1, "ICT": 1, "解决": 1, "方案": 3, "服务": 2, "供应商": 1, "期间": 1, "举办": 1, "选择": 1, "不凡": 1, "云城市": 1, "峰会": 1, "携手": 1, "市政府": 1, "、": 25, "高校": 1, "合作": 5, "伙伴": 1, "借助": 1, "+": 3, "云+": 1, "AI": 4, "三大": 2, "引擎": 1, "助力": 1, "创新": 1, "关注": 1, "@": 12, "发布": 6, "转发": 1, "条": 2, "说出": 1, "参会": 1, "感受": 2, "联合": 1, "送出": 1, "台": 2, "HUAWEIMate20": 1, "X": 1, "(": 1, ")": 1, "8GB": 1, "256GB": 1, "全网": 1, "通版": 1, "O2019年": 1, "31日": 1, "20点": 1, "开奖": 1, "快": 1, "畅所欲言": 1, "O抽奖": 1, "详情": 1, "永远": 1, "低估": 1, "P30Pro": 1, "能力": 1, "1+8+N": 1, "战略": 1, "依托": 1, "辐射": 1, "场景": 3, "推荐": 1, "段": 2, "视频": 11, "无缝": 1, "体验": 3, "生活": 5, "发生": 1, "变化": 1, "L玩机": 1, "技巧": 1, "秒拍": 6, "在线": 1, "​​​": 1, "今夏": 2, "顶流": 1, "：": 7, "荣耀": 4, "时尚": 3, "大使": 4, "李": 4, "汰渍": 2, "品牌": 2, "肖战": 1, "看好": 2, "人才组": 1, "热议": 1, "李现": 2, "肖": 2, "战宣": 1, "都": 10, "大爆": 1, "流量": 1, "频繁": 1, "资源": 2, "徐": 5, "直军": 4, "近日": 3, "正式": 1, "处理器": 3, "Ascend910": 2, "昇腾": 2, "910": 2, "推出": 1, "全场": 1, "景AI": 1, "计算": 1, "框架": 1, "Mind": 1, "Spore": 1, "O华": 3, "GENTLEMONS": 5, "TER华": 5, "智能": 9, "眼镜": 5, "🕶": 1, "️L": 1, "海龟": 1, "乐队": 1, "華為": 1, "手機": 1, "拍照": 3, "感覺": 1, "真的": 1, "錯": 1, "...": 4, "老婆": 1, "技術": 1, "好多": 3, "個": 1, "點還": 1, "50多": 1, "公里": 1, "四": 2, "國": 1, "遍路": 1, "...Day13": 1, "效果": 1, "确实": 1, "苹果": 5, "穿着": 1, "闺蜜": 1, "珈米": 1, "设计": 2, "粉梅花": 1, "旗袍": 1, "水墨": 1, "山水": 1, "外披": 1, "降温": 1, "海边": 1, "风": 1, "外衣": 1, "配": 2, "纯白": 1, "景点": 1, "喜欢": 1, "大海": 1, "森林": 1, "加大": 1, "草坪": 1, "组合": 1, "少女": 2, "梦想": 2, "童话": 1, "世界": 3, "样子": 1, "……": 2, "希望": 1, "找到": 1, "环境": 1, "租房": 1, "搞": 2, "创作": 1, "美": 1, "龙珠": 2, "传奇": 3, "2龙珠": 1, "修": 1, "罗道": 1, "人间": 1, "超越": 3, "包括": 2, "系统": 1, "价格": 1, "全方位": 1, "武汉": 3, "🔚": 1, "XUXU": 1, "FUFU": 1, "nova5": 1, "舞蹈": 1, "CasterFamily": 1, "JC俊": 1, "1111": 1, "穆童": 1, "FunkyTomin": 1, "陈": 1, "博文": 1, "RAND": 1, "Y​": 1, "管": 1, "栎": 1, "UNINE": 3, "管栎": 4, "春雨": 1, "鸟鸣": 1, "赋予": 1, "声音": 2, "日光": 1, "微风": 1, "柔和": 1, "眉眼": 1, "万物": 1, "皆": 1, "可爱": 1, "闪耀": 2, "感谢": 2, "gentlemonsterofficial": 1, "邀请": 2, "科技": 5, "魅力": 3, "优雅": 1, "完美": 1, "融合": 1, "少年": 1, "一往无前": 1, "后续": 1, "精彩": 1, "表现": 1, "宇宙": 1, "智汇": 1, "八方": 1, "博采众长": 1, "今日": 2, "开幕": 1, "万众": 1, "国际": 2, "产业": 3, "博览": 1, "启幕": 1, "赛": 1, "板块": 1, "诺贝尔奖": 1, "获得者": 1, "密码学": 1, "父": 1, "专家": 1, "马云": 1, "马化腾": 1, "雷军": 1, "行业": 1, "大咖": 1, "阿里巴巴": 1, "英特尔": 2, "高通": 1, "首发": 2, "尖端": 1, "技术": 4, "产品": 3, "智慧": 3, "汇集": 1, "山城": 1, "开启": 1, "见证": 1, "化为": 1, "经济": 1, "赋能": 1, "添彩": 1, "邹": 1, "乐": 1, "摄": 1, "人民网": 1, "双击": 1, "镜腿": 1, "UNINE": 1, "敲敲": 1, "接受": 2, "暴击": 1, "L": 3, "娱乐": 1, "圈长": 1, "博客": 1, "文章": 1, "任正非": 2, "管理": 1, "思想": 1, "日子": 1, "网上": 1, "一个": 4, "仓库": 1, "收集": 1, "公司": 9, "创始人": 1, "讲话稿": 2, "1994年": 1, "一共": 1, "400多": 1, "篇": 1, "成epub": 1, "文件": 1, "睡觉": 1, "读": 1, "一点": 1, "足足": 1, "总算": 1, "读完": 1, "一百多万": 1, "字": 1, "读后感": 1, "O网页": 1, "链接": 1, "内": 1, "上市": 1, "大部分": 1, "骁龙X50": 1, "支持": 2, "NSA": 3, "组网": 1, "麒麟": 2, "巴龙": 1, "SA": 2, "；": 2, "区别": 1, "严谨": 1, "比喻": 1, "👇": 1, "灵魂": 1, "画手": 1, "白问": 1, "L小白": 1, "测评": 1, "百日": 2, "自救": 3, "面对": 1, "危机": 2, "远": 2, "超过": 1, "想象": 1, "自己人": 1, "在内": 1, "场": 1, "寻找": 1, "起点": 1, "100": 1, "5月": 1, "16日": 1, "恰当": 1, "那天": 1, "美国": 4, "列入": 1, "实体": 1, "清单": 1, "外界": 1, "等待": 1, "架": 1, "弹痕累累": 1, "战机": 1, "补完": 1, "漏洞": 1, "成功": 1, "返航": 1, "港": 3, "高铁": 5, "全线": 2, "覆盖": 2, "广东": 1, "消息": 2, "称": 2, "全覆盖": 2, "全国": 2, "第一": 1, "线路": 1, "想": 4, "网速": 1, "疾驰": 1, "快感": 1, "新华": 1, "视点": 1, "Mate30": 2, "提前": 2, "9月": 4, "加码": 1, "高端": 1, "市场": 1, "争抢": 1, "用户": 1, "36氪": 1, "做好": 1, "年度": 1, "旗舰": 1, "6日": 1, "亮相": 1, "新一代": 1, "麒麟990": 1, "新机": 1, "时间": 1, "预计": 1, "19日": 1, "此前": 1, "梨视": 1, "频实": 1, "探访": 1, "电子": 3, "方向标": 1, "华强北": 1, "商户": 1, "卖": 2, "半条街": 1, "加价": 1, "700": 1, "才能": 1, "买": 1, "现货": 1, "老板": 1, "联播": 1, "据悉": 1, "4日": 1, "新品": 1, "发布会": 2, "代言人": 1, "李": 2, "现身": 1, "客厅": 1, "算是": 1, "回": 1, "家乡": 1, "接机": 1, "姐妹": 1, "投资": 5, "第三": 3, "半导体": 4, "网友": 1, "心疼": 1, "上下游": 1, "产业链": 2, "干": 1, "太": 1, "累": 1, "旗下": 1, "哈勃": 1, "有限": 1, "山东": 1, "天岳": 1, "先进": 2, "材料": 4, "有限公司": 1, "持股": 1, "10%": 1, "特朗普": 1, "无理": 1, "打压": 1, "只能": 1, "自力更生": 1, "涉入": 1, "越来越": 1, "资金": 1, "压力": 1, "挺": 1, "查询": 1, "标的": 1, "我国": 1, "碳化硅": 2, "制造": 1, "高温": 1, "高频": 1, "大功率": 1, "器件": 1, "理想": 1, "衬底": 1, "综合": 1, "性能": 1, "硅": 1, "提升": 1, "上千": 1, "倍": 1, "誉为": 1, "固态": 1, "光源": 1, "电力": 1, "微波射": 1, "频器件": 1, "核芯": 1, "体验会": 1, "所有人": 1, "揭开": 1, "面纱": 1, "酒店": 1, "长城": 1, "脚下": 1, "公社": 1, "音箱": 1, "CPE": 1, "智选": 1, "HUAWEIHiLink": 1, "生态": 1, "家庭": 1, "呈现": 1, "确认": 1, "Synopsys/Cadence/Mentor": 1, "三": 2, "EDA": 5, "停止": 1, "工具": 5, "紧急": 1, "3": 1, "年内": 1, "影响": 2, "芯片": 3, "答": 1, "记者": 3, "问及": 1, "Synopsys": 1, "Cadence": 1, "Mentor": 1, "提供": 1, "坦言": 1, "很": 2, "天下": 1, "历史": 1, "生产": 2, "挑战": 1, "效率": 1, "轻松": 1, "70": 1, "年代": 1, "CPU": 1, "成立": 1, "信心": 1, "三年": 1, "海思": 1, "总裁": 1, "何庭波": 1, "访谈": 1, "跟进": 1, "5nm": 2, "好几": 1, "外媒": 1, "永久": 1, "授权": 1, "年前": 1, "16": 1, "nm": 1, "谈": 1, "软件": 1, "人才": 1, "密集型": 1, "产值": 1, "不大": 1, "门槛": 1, "玩意": 1, "类似": 1, "当年": 1, "圆珠笔": 1, "笔头": 1, "计": 1, "成本": 1, "投入": 2, "不定": 1, "国内": 1, "华大": 1, "九天": 1, "广立": 1, "芯禾": 1, "博达微": 1, "概伦": 1, "落后": 1, "不少": 1, "若花几年": 1, "扶": 1, "20Pro#lx": 1, "礼物": 1, "忍痛": 1, "痛": 1, "小时": 1, "值得": 1, "李现ing​": 1, "晨": 1, "李晨": 2, "聆听": 1, "凝望": 1, "gentlemonsterofficialL": 1, "工作室": 1, "二十一": 1, "岁": 1, "一生": 1, "黄金": 1, "奢望": 1, "爱": 1, "吃": 1, "一瞬间": 1, "天上": 1, "半明半暗": 1, "——": 1, "王小波shotby": 1, "P30PRO": 1, "地点": 1, "深圳": 1, "花粉": 1, "俱乐部": 1, "飘飘": 2, "飘叔": 1, "摄影": 2, "P30": 1, "": 1, "振宁": 2, "轻敲镜框": 1, "打开": 1, "带": 1, "帅气": 1, "自信": 1, "大佬": 1, "般的": 1, "走来": 1, "李振宁": 1, "SteveMcCurry": 1, "当代": 1, "纪实": 1, "代表": 1, "人物": 1, "广为人知": 1, "作品": 1, "1984年": 1, "地理": 1, "杂志": 1, "刊登": 1, "难民": 1, "女孩": 1, "肖像照": 1, "阿富汗": 1, "擅长": 1, "影像": 1, "讲述": 1, "故事": 2, "大师": 1, "Steve": 1, "夏天": 1, "带上": 1, "HUAWEIP": 1, "30": 1, "Pro": 1, "穿梭": 1, "罗马": 1, "街头": 1, "记录": 1, "L华": 1, "官方": 1, "音乐": 1, "欣赏": 1, "逆天": 1, "远在": 1, "几万": 1, "六": 1, "手风琴": 1, "六声部": 1, "同步": 2, "演奏": 1, "零时": 2, "差": 2, "这是": 1, "北京": 1, "鄂尔多斯": 1, "加拿大": 1, "澳大利亜": 1, "传送": 2, "手风琴合凑": 1, "L陈": 1}