{"湖": 1, "小V": 1, "探班": 1, "日记": 1, "湖南": 6, "卫视": 6, "嗨": 4, "爆夜": 4, "就绪": 1, "～": 2, "亲爱": 1, "观众": 1, "11月": 5, "10晚": 1, "19点30": 1, "方式": 1, "打开": 1, "11.11": 4, "晚会": 1, "举起": 1, "友谊": 1, "酒杯": 1, "！": 18, "华为": 51, "手机": 24, "2019": 4, "苏宁": 5, "易购": 4, "干杯": 1, "四": 2, "半": 1, "小时": 1, "高能": 1, "直播": 1, "超": 3, "福利": 1, "好看": 2, "嗨爆": 1, "时刻": 1, "360": 1, "度": 1, "无敌": 1, "L": 1, "视频": 10, "​": 15, "10日": 2, "晚": 2, "19：30": 2, "请": 1, "准时": 1, "收看": 1, "1111": 2, "明星们": 1, "明天": 3, "晚上": 2, "L苏宁": 1, "秒拍": 4, "戴上": 1, "想": 7, "摘": 1, "智能": 3, "手表": 2, "HUAWEI": 1, "WATCHGT2": 1, "酷感": 1, "开箱": 1, "记得": 1, "运动": 2, "刚刚": 1, "兴起": 1, "迫不及待": 1, "买": 4, "一个": 3, "兴奋": 1, "期待": 2, "强化": 1, "表现": 2, ".": 5, "发现": 2, "多久": 1, "懒得": 1, "充电": 2, "最终": 2, "抽屉": 1, "积灰": 1, "寄": 1, "款": 3, "WatchGT#2": 1, "封印": 1, "储物架": 1, "玩具": 1, "…": 3, "事实": 2, "证明": 2, "错": 2, "…….": 1, "L帅soserious": 1, "O抽奖": 1, "详情": 1, "O11月": 1, "点开": 1, "本狮": 1, "爱豆们": 1, "L全场": 1, "萌": 1, "狮子": 1, "社评": 2, "：": 10, "恶毒": 2, "攻击": 2, "中共": 2, "蓬佩奥": 3, "倍显": 2, "偏执": 2, "浅薄": 2, "柏林": 1, "讲话": 1, "夹带": 1, "美国": 9, "利益": 2, "私货": 1, "德国": 1, "拒绝": 1, "设备": 1, "放弃": 1, "修建": 1, "俄罗斯": 1, "之间": 2, "天然气": 1, "管道": 1, "年前": 2, "回到": 2, "大国": 1, "竞争": 3, "时代": 2, "俄": 1, "确立": 1, "战略": 1, "对手": 1, "国际": 3, "格局": 2, "发生": 1, "变化": 1, "欧洲": 2, "国家": 3, "走老路": 1, "最大化": 1, "舍身": 1, "忘我": 1, "推动": 1, "精英": 1, "冷战": 1, "狂想": 1, "志愿兵": 1, "O": 2, "不愧": 1, "中国人": 2, "开发": 1, "拍": 1, "恐龙蛋": 1, "识别": 2, "美食": 2, "自动": 1, "启动": 1, "滤镜": 1, "估计": 1, "认成": 1, "咸蛋": 1, "武汉": 1, "·": 2, "龙安": 1, "港汇": 1, "城​": 1, "平板": 6, "销量": 4, "国内": 6, "市场": 7, "首次": 7, "iPad": 6, "历史": 3, "苹果": 8, "退居": 3, "第二": 4, "王者": 3, "诞生": 2, "香": 1, "购机": 1, "用户": 5, "票": 2, "投向": 1, "权威": 1, "数据": 2, "显示": 2, "第三": 2, "季度": 2, "占有率": 1, "42.4%": 1, "同比": 1, "暴增": 1, "66%": 1, "超过": 5, "诺基亚": 1, "巅峰": 1, "时期": 1, "40%": 1, "市占率": 1, "电脑": 3, "业务": 1, "展示": 1, "凌厉": 1, "攻势": 1, "8日": 1, "公布": 1, "登上": 1, "中国": 7, "出货量": 1, "第一": 1, "全球": 5, "一番": 2, "景象": 1, "依然": 1, "强劲": 1, "位列": 1, "第四": 1, "诞生O": 1, "vlog18": 1, "——": 1, "🌟": 2, "研究生": 1, "平衡": 3, "学习": 4, "工作": 5, "难题": 1, "从早到晚": 1, "都": 17, "安排": 1, "明明白白": 1, "满满当当": 1, "略感": 1, "吃力": 1, "好在": 1, "MateBook": 1, "13": 2, "锐龙版": 1, "天使": 1, "时时刻刻": 1, "本身": 1, "轻薄": 1, "出门": 1, "携带": 1, "外观": 1, "拥有": 3, "英寸": 1, "2K": 1, "屏": 1, "视野": 1, "清晰": 1, "宽广": 1, "碰": 1, "互传": 1, "图片": 2, "文字": 1, "功能": 1, "效率": 2, "max": 1, "节省": 1, "时间": 2, "生活": 2, "十一": 3, "快": 2, "京东": 1, "入手": 2, "井井有条": 1, "倍增": 1, "LRuiren蕤人": 1, "食": 1, "契约": 3, "": 1, "动态": 1, "壁纸": 2, "御侍": 2, "大人们": 1, "食": 2, "系列": 11, "主题": 6, "正式": 1, "登陆": 1, "oppo": 1, "、": 24, "vivo": 1, "小米": 4, "商店": 2, "锁屏": 1, "动效": 1, "&": 2, "精美": 1, "高端": 2, "精致": 1, "图标": 1, "才能": 1, "配": 1, "尊贵": 1, "大人": 1, "解锁": 1, "神仙": 1, "敬请": 1, "关注": 1, "❀米饭": 1, "贴士": 1, "内": 2, "搜索": 1, "找到": 2, "~": 2, "天猫": 1, "定制": 3, "礼盒": 5, "千": 4, "玺": 5, "长大": 1, "上头": 1, "闲鱼": 1, "5万": 1, "卖": 1, "竟": 1, "很多": 3, "！！！": 1, "评断": 1, "值": 2, "nova5pro千": 1, "千玺": 1, "情话": 1, "签名照": 1, "四舍五入": 1, "亲密": 1, "接触": 1, "千纸鹤": 1, "超值": 1, "国金": 1, "10月": 1, "报告": 1, "iPhone11": 1, "Mate30": 4, "单月": 1, "200万": 1, "。。。": 1, "当地": 1, "华人": 1, "阿秦": 1, "阿卢": 1, "克雷塔罗": 1, "员工": 1, "邀请": 1, "墨西哥": 4, "同事": 1, "蓝色": 2, "衬衫": 2, "戴": 1, "眼镜": 1, "这位": 1, "公关部": 1, "政府": 2, "部门": 1, "打交道": 1, "诚实": 1, "震惊": 1, "发展": 2, "经济": 1, "一蹶不振": 1, "西班牙": 3, "殖民地": 1, "懒惰": 2, "拉丁美洲": 1, "遗传": 1, "基因": 1, "……": 3, "一点": 2, "大部分": 1, "墨西哥人": 2, "很": 5, "穷": 1, "幸福": 1, "原因": 1, "包括": 4, "高等教育": 1, "处于": 1, "中上": 1, "阶层": 2, "今朝有酒今朝醉": 1, "心态": 2, "送": 1, "传统": 1, "娃娃": 1, "图3": 1, "这是": 2, "吉利": 1, "象征": 1, "回国": 1, "转送": 1, "前任": 1, "男友": 1, "墨西哥·克雷塔罗": 1, "创新": 5, "拓宽": 1, "科技": 2, "边界": 1, "匠心": 1, "融合": 1, "美学": 1, "RS": 1, "保时捷": 6, "设计": 4, "蓄势待发": 1, "明日": 1, "开售": 1, "2017年": 2, "面向": 2, "开启": 4, "影像": 5, "大赛": 3, "三年": 3, "收到": 2, "参赛": 2, "作品": 7, "总数": 2, "100万": 2, "件": 2, "展现": 2, "创作力": 2, "情感": 2, "越来越": 2, "顶级": 2, "摄影师": 2, "艺术家": 2, "认可": 2, "AI": 2, "芯片": 2, "5G": 3, "图像": 2, "算法": 2, "技术": 6, "进化": 2, "智慧": 2, "未来": 2, "摄影": 4, "广阔": 2, "想象": 2, "空间": 2, "不止": 2, "L华": 3, "官方": 3, "对比": 2, "样张": 1, "预热": 1, "台": 4, "iPhone11ProMax": 2, "三星": 1, "Note10+5G": 1, "Mate30Pro5G": 2, "CC9Pro": 1, "顺序": 1, "猜": 1, "查看": 2, "原图": 1, "细节": 1, "差别": 1, "一眼": 1, "捡": 2, "便宜": 2, "模型机": 2, "陈": 3, "杭州": 1, "火车": 1, "东站": 1, "排队": 1, "名": 1, "男子": 2, "急": 1, "用钱": 1, "低价": 1, "转卖": 1, "新款": 1, "讨价还价": 1, "一千五百": 1, "块钱": 1, "走": 2, "竟然": 1, "@": 3, "1818": 2, "黄金": 1, "眼L": 1, "黄金眼": 1, "盖茨": 1, "批评": 2, "华": 1, "妄想症": 2, "辩护": 1, "6日": 1, "微软": 1, "公司": 1, "创始人": 1, "比尔·盖茨": 2, "交易录": 1, "大会": 1, "客观": 1, "测试": 1, "认定": 1, "东西": 1, "坏": 1, "疯狂": 1, "想法": 1, "疑神疑鬼": 1, "祖母": 2, "写": 1, "代码": 1, "世界": 1, "信赖": 1, "软件": 1, "试图": 1, "阻止": 1, "做法": 1, "现实": 1, "国": 1, "利用": 1, "依存": 1, "走向": 1, "对立": 1, "nova5": 1, "颜值": 2, "幻夜": 1, "黑": 1, "神秘": 1, "翡": 1, "冷翠": 1, "苏音蓝": 1, "明亮": 1, "实力": 1, "终端": 1, "简单": 1, "•iOS": 1, "系统": 2, "滑动": 1, "那种": 1, "感觉": 3, "安卓": 3, "段": 1, "路": 1, "•": 3, "一代": 5, "信号": 2, "美版": 1, "续航": 3, "确实": 1, "看齐": 1, "11PM": 1, "半斤机": 1, "刷": 1, "网页": 2, "都会": 1, "累": 1, "小拇指": 1, "疼•": 1, "用到": 1, "最多": 1, "截屏": 1, "用惯": 1, "指关节": 1, "五六年": 1, "麻烦": 1, "震动": 1, "绝大多数": 1, "旗舰": 2, "清脆": 1, "舒服": 1, "普及": 1, "尺寸": 1, "X轴线性": 1, "马达": 1, "势在必行": 1, "广州": 1, "太": 1, "猛": 1, "5": 1, "倍": 1, "焦距": 1, "CC9Pro尊": 1, "享版": 1, "参加": 1, "Mate": 10, "线下": 1, "活动": 1, "分享": 1, "有意思": 1, "1.": 1, "过程": 1, "品牌": 3, "渠道": 1, "经验": 1, "差点": 1, "减少": 1, "压力": 1, "保证": 1, "销售": 1, "推出": 2, "屏长": 1, "产品": 3, "特色": 1, "联名": 3, "谈": 1, "早": 1, "备货": 1, "提高": 1, "整体": 1, "形象": 1, "3": 1, "问到": 2, "iPhone": 2, "相比": 1, "优势": 1, "李小龙": 2, "好些": 1, "4.": 1, "爆款": 1, "消费者": 1, "实用性": 1, "相关": 1, "团队": 2, "负责": 1, "开发者": 1, "5.": 1, "素皮": 2, "材质": 5, "希望": 1, "玻璃": 1, "背盖": 1, "素皮版": 1, "本来": 1, "设计版": 1, "奢饰品": 1, "皮革": 1, "Mate305G": 1, "出道": 1, "六": 2, "华": 1, "晨宇": 1, "音乐": 2, "热爱": 1, "炽热": 1, "直白": 1, "一同": 1, "见证": 1, "内心": 1, "成长": 1, "2019年": 1, "火星": 2, "专列": 1, "再次": 1, "起航": 1, "场": 1, "火星人": 1, "花花": 1, "回家": 2, "旅": 1, "话题": 1, "圈": 1, "参与": 1, "讨论": 1, "机会": 1, "华晨": 1, "宇": 1, "演唱会": 1, "16日": 1, "门票": 1, "戳": 1, "→O": 1, "链接": 1, "08042一": 1, "恶心": 1, "爱国": 1, "企业": 1, "国外": 1, "卡脖子": 1, "真的": 1, "技不如人": 1, "国人": 1, "西方": 3, "抱有": 1, "幻想": 1, "迷信": 2, "文化": 1, "高举": 1, "普世": 1, "价值": 1, "旗号": 1, "干": 1, "趁人之危": 1, "落井下石": 1, "缺": 1, "德事": 1, "任正非": 1, "未雨绸缪": 1, "十几": 1, "一手": 1, "打造": 1, "备胎": 1, "事情": 1, "钦佩": 1, "检讨": 1, "理念": 1, "搞笑": 1, "寻常": 1, "南海": 2, "九段线": 1, "争议": 2, "越南": 5, "检查": 2, "进口": 2, "青年报": 1, "报导": 1, "大陆": 3, "建": 1, "地图": 1, "程式": 1, "涉及": 1, "主权": 1, "岛屿": 1, "纳入": 1, "版图": 1, "海关": 2, "总局": 1, "很快": 1, "下达": 1, "指示": 1, "走到": 1, "稳稳": 1, "坐": 1, "位置": 1, "历代": 1, "盘点": 1, "初代": 1, "印象": 2, "Mate7": 2, "MateS": 2, "Mate9": 2, "Mate20Pro": 1, "借助": 1, "大屏": 1, "+": 1, "电池": 1, "成功": 1, "营销": 1, "崛起": 1, "；": 3, "升级": 2, "全金属": 1, "压感屏": 1, "售价": 1, "定位": 1, "跳水": 1, "徕卡": 1, "双摄": 1, "相机": 1, "大幅": 1, "提升": 2, "就此": 1, "Mate20": 1, "屏幕": 1, "概率": 1, "外产": 1, "品力": 1, "稳": 1, "喜欢": 2, "功夫": 1, "没用": 1, "暖暖": 1, "广告": 1, "正好": 1, "打折": 1, "条": 1, "评论": 1, "抽": 1, "铁粉": 2, "送华": 1, "认错": 1, "坚强": 1, "牛逼": 1, "当天": 1, "折现": 1, "支持": 1, "班": 1, "巴黎": 3, "参展": 1, "性能": 1, "全民": 1, "审美": 1, "潜能": 1, "激发": 1, "画册": 1, "社群": 1, "不少": 1, "朋友": 1, "亮相": 1, "摄影展": 1, "现场": 1, "盛况👉O": 1, "大师": 1, "邻居": 1}