{"金灿荣": 4, "香港": 11, "演讲": 4, "(": 3, "完整版": 3, ")": 3, "：": 71, "美国": 20, "趴下": 3, "五": 4, "老二": 3, "国家": 3, "中国": 24, "一个": 6, "都": 12, "优点": 3, "发起": 4, "贸易战": 6, "、": 62, "封杀": 4, "华为": 82, "干涉": 4, "事务": 4, "皆": 4, "遏制": 4, "发展": 4, "以此": 4, "保住": 4, "长期": 4, "领域": 6, "综合": 4, "国力": 4, "霸主": 4, "地位": 4, "时间": 6, "长": 4, "建议": 4, "先码": 4, "！": 38, "川普": 3, "L中广": 2, "时代": 3, "视频": 10, "明星": 1, "偷税": 1, "吸毒": 1, "原谅": 1, "袁隆平": 2, "买": 2, "手机": 23, "羞辱": 1, "这才": 1, "悲哀": 1, "​": 16, "L影视": 1, "吐槽君": 1, "L": 4, "北京": 2, "生活": 1, "杂志": 1, "实地": 2, "探访": 2, "华强北": 4, "半": 3, "条": 4, "街": 4, "卖华": 1, "5G": 11, "现货": 6, "加价": 4, "700": 4, "元": 7, "调研": 2, "机构": 2, "Canalys": 2, "数据": 3, "市场占有率": 2, "38%": 2, "创纪录": 2, "新高": 2, "火": 2, "商户": 2, "告诉": 2, "@": 3, "梨视频": 1, "苹果": 4, "热销": 2, "一半": 2, "卖": 3, "开售": 2, "高要": 2, "老板": 2, "联播": 2, "秒拍": 2, "谈": 3, "博士": 4, "200万年": 2, "薪#": 2, "薪资": 2, "行业": 1, "赚钱": 1, "请": 1, "🙋🙋": 1, "‍": 1, "♂️": 1, "梨": 1, "武汉": 2, "星": 1, "动态": 1, "9月": 1, "4日": 1, "地点": 1, "客厅": 1, "艺人": 1, "李": 1, "活动": 1, "荣耀": 3, "新品": 1, "发布会": 1, "工作": 2, "平时": 1, "2-3": 1, "备用": 1, "机入": 1, "华为p30": 1, "惊到": 1, "百分百": 1, "用户": 1, "拿到": 1, "习惯": 1, "体验感": 1, "很": 3, "速度": 1, "蛮": 1, "快": 1, "厉害": 1, "～​": 1, "特朗普": 28, "禁": 20, "芯片": 17, "麒麟": 2, "操作": 2, "系统": 3, "鸿蒙": 3, "禁止": 2, "SD": 2, "合作": 5, "NM": 2, "ARM": 4, "架构": 2, "魔改版": 2, "基带": 2, "巴龙": 2, "服务器": 4, "鲲鹏": 2, "平台": 2, "泰山": 2, "路由器": 2, "凌霄": 2, "人工": 2, "智能": 4, "昇腾": 2, "基站": 3, "天罡": 2, "蓝牙": 4, "138": 2, "米": 2, "超级": 2, "到底": 2, "系列": 2, "昆仑": 2, "金刚": 2, "玄武": 2, "乾坤": 2, "鸿雁": 2, "磬石": 2, "浩天": 2, "白虎": 2, "鸿鹄": 2, "饕餮": 2, "火龙": 2, "紫龙": 2, "威凤": 2, "青牛": 2, "腾蛇": 2, "灵犀": 2, "青鸟": 2, "朱雀": 2, "丹雀": 2, "…………": 4, "不许": 2, "骗": 2, "谈谈": 2, "没空": 2, "扯蛋": 2, "老子": 2, "忙": 2, "研发": 3, "6G": 2, "7G": 2, "卧槽": 2, "……": 2, "发现": 2, "甄嬛": 1, "传": 1, "活": 1, "第二": 3, "季": 2, "捂脸": 2, "][": 1, "·": 2, "人民": 1, "大学": 5, "三大": 1, "EDA": 3, "公司": 7, "确认": 1, "停止": 1, "徐": 2, "直军": 1, "工具": 4, "做出": 1, "近日": 1, "进一步": 1, "升级": 1, "态势": 1, "问及": 1, "Synopsys": 1, "Cadence": 1, "Mentor": 1, "三": 3, "提供": 1, "设计": 3, "轮值": 2, "董事长": 2, "徐直军": 2, "坦言": 1, "天下": 1, "讲到": 1, "历史": 1, "生产": 2, "挑战": 1, "效率": 1, "轻松": 1, "英特尔": 1, "70": 1, "年代": 1, "CPU": 1, "成立": 1, "国内": 1, "硬抗": 1, "科技": 2, "企业": 8, "真的": 2, "太": 2, "打压": 1, "年后": 1, "迫使": 1, "全球": 4, "著名": 2, "供应商": 1, "过往": 1, "高新科技": 1, "抗击": 1, "自主": 1, "成果": 1, "经历": 1, "宋": 1, "继扬": 1, "🕶️": 1, "GENTLEMONS": 1, "TER华": 1, "眼镜": 1, "𝙇𝙤": 1, "𝙫𝙚": 1, "𝙏𝙧": 1, "𝙖𝙥": 1, "感谢": 1, "品牌": 2, "邀请": 1, "宋继扬": 1, "gentlemonsterofficial​": 1, "群": 1, "文化": 1, "傻废": 1, "青围": 1, "智慧": 1, "路灯": 1, "大肆": 1, "破坏": 1, "含": 1, "损毁": 1, "理由": 1, "有人": 1, "脸": 1, "识别": 1, "幸亏": 1, "思科": 1, "设备": 4, "…": 1, "内地": 1, "西方": 2, "媒体": 1, "独媒": 1, "污蔑": 1, "监控": 2, "爹": 1, "自己人": 1, "无知": 1, "废青": 1, "棱镜门": 1, "警嫂": 1, "发问": 1, "错": 1, "示威者": 1, "纵火": 1, "警员": 1, "掷": 1, "石块": 1, "金": 2, "教授": 1, "称霸": 1, "世界": 4, "四": 3, "手段": 1, "美": 2, "毛衣战": 1, "原因": 1, "纪实": 1, "摄影": 4, "大师": 5, "SteveMcCurry": 2, "来到": 2, "影像": 5, "大师班": 1, "现场": 2, "百余": 1, "学员": 2, "交流": 2, "讲授": 1, "艺术": 1, "情感": 2, "关联": 1, "表达": 2, "点评": 2, "十几": 1, "拍摄": 1, "作品": 2, "语言": 1, "内心": 1, "授课": 1, "受益匪浅": 1, "希望": 1, "越来越": 1, "喜欢": 1, "记录": 1, "转纯": 1, "娱乐": 1, "告示": 2, "人才": 3, "价值": 2, "8月": 1, "23日": 1, "谈到": 1, "公布": 1, "薪酬": 2, "近期": 3, "内部": 1, "顶级": 1, "文件": 1, "公开": 1, "8": 1, "名": 4, "年薪": 1, "100万": 1, "200万": 1, "不等": 1, "2019年": 3, "第一": 1, "腾讯": 1, "员工": 1, "月薪": 3, "首次": 1, "突破": 1, "7万": 1, "大关": 1, "7.09万": 1, "季度": 1, "加薪": 1, "平均": 1, "7.27万": 1, "工资": 1, "真恨": 1, "P30": 1, "同花": 1, "顺iFind": 1, "产业链": 6, "中心": 2, "倾力": 1, "六": 1, "详尽": 1, "国产": 2, "替代": 2, "文": 1, "梳理": 1, "连续": 1, "蝉联": 3, "民营": 5, "500": 6, "榜首": 5, "陆续": 1, "发布": 2, "智慧屏": 1, "穿戴": 1, "项": 1, "高新": 1, "产品": 1, "包括": 1, "半导体": 1, "云计算": 1, "彩电": 1, "VR": 1, "迎来": 1, "前所未有": 1, "投资": 4, "机遇": 1, "究竟": 1, "影响": 2, "细分": 1, "契机": 1, "iFind": 1, "整理": 2, "Get": 1, "机会": 2, "网友": 2, "马云": 2, "公众": 1, "人物": 1, "不用": 1, "届": 2, "...": 2, "怪": 1, "老先生": 1, "4G": 4, "集体": 1, "降价": 3, "二手": 4, "市场": 4, "价格": 3, "跳水": 1, "Mate20X5G": 1, "版": 1, "中兴": 1, "发售": 1, "我国": 1, "商用": 1, "正式": 1, "厂商": 1, "掀起": 1, "热潮": 1, "统计": 1, "30余": 1, "款": 2, "下调": 1, "上市": 2, "小米": 2, "旗舰": 1, "机型": 1, "例外": 1, "新机": 1, "潮": 1, "带动": 1, "行情": 1, "走势": 1, "变化": 1, "转转": 1, "交易网": 1, "显示": 1, "OPPO": 1, "旗下": 1, "均": 1, "下滑": 1, "上班": 1, "专业": 1, "事务所": 1, "会计师": 1, "下班": 1, "自行车赛": 1, "爱好者": 1, "哥伦比亚": 1, "阿蕾": 1, "汉德拉·蒙多雅": 1, "汗水": 1, "勇气": 1, "证明": 1, "力量": 1, "戳": 1, "遇见": 1, "人生": 1, "擅长": 1, "____": 1, "L华": 1, "终端": 1, "官方": 1, "酷燃": 1, "深大": 1, "新鲜事": 1, "祝贺": 1, "深圳": 1, "代表队": 1, "全国": 9, "生物": 2, "联网": 2, "竞赛": 2, "华为杯": 3, "总决赛": 2, "斩获": 2, "总冠军": 2, "——": 2, "第六": 1, "吸引": 1, "560": 1, "高校": 1, "2000": 1, "支": 3, "参赛队": 1, "共计": 1, "8000": 1, "参赛": 2, "学生": 1, "2000余": 1, "指导": 1, "老师": 1, "报名": 1, "22日": 1, "四川": 1, "119": 1, "队伍": 2, "激烈": 1, "角逐": 1, "我校": 1, "机电": 1, "控制": 1, "工程": 1, "学院": 1, "脱颖而出": 1, "闯进": 1, "12强": 1, "一等奖": 1, "二等奖": 1, "俺家饭堂": 1, "项目": 1, "全世界": 1, "高等": 1, "农村": 1, "想": 1, "8K": 1, "电视": 1, "老": 1, "自信": 1, "样子": 1, "可爱": 1, "莫名": 1, "自豪": 1, "奇闻": 1, "微爆光": 1, "上海": 2, "迪士尼": 2, "主题": 2, "公园": 2, "网友们": 1, "大骂": 2, "滚出": 1, "滚": 1, "股东": 1, "背后": 4, "浦东": 1, "新区": 1, "国资委": 1, "很多": 1, "看上去": 1, "「": 1, "外国": 1, "」": 1, "麦当劳": 1, "拱门": 1, "可口可乐": 1, "中粮": 1, "阶段": 1, "运营商": 1, "诺基亚": 2, "支持": 1, "国有": 1, "控股": 2, "带来": 1, "2000亿": 1, "郑州": 3, "杭州": 1, "市长": 1, "立毅": 1, "跨": 1, "任职": 1, "市委": 1, "书记": 1, "东区": 1, "一块": 1, "京东": 1, "中牟": 1, "块": 1, "阿里巴巴": 1, "影业": 4, "光线": 1, "传媒": 1, "英皇": 1, "电影": 4, "博纳": 1, "华谊": 1, "兄弟": 1, "一九九九": 1, "将要": 1, "瞄准": 1, "中原": 1, "大地": 1, "河南": 3, "展开": 1, "轮": 1, "攻势": 1, "扛起": 1, "崛起": 1, "杆": 1, "旗💪": 1, "💪💪": 1, "本土": 1, "影视": 1, "努力": 1, "即将": 1, "错过": 2, "份": 1, "殊荣": 1, "[奸": 1, "笑]": 1, "晖达": 1, "领地": 1, "上午": 1, "当代": 1, "优秀": 1, "肖像": 1, "玛格南": 1, "传奇": 1, "摄影师": 1, "班": 1, "分享": 1, "震撼": 1, "照片": 1, "故事": 1, "亲自": 1, "观众": 1, "创作": 1, "面对面": 1, "聊": 1, "没关系": 1, "本条": 1, "留言": 1, "Steve": 1, "亲笔": 1, "签名": 1, "定制": 1, "手袋": 1, "不止": 1, "O抽奖": 1, "详情": 1, "话痨": 1, "抱歉": 1, "晚": 1, "一点": 1, "这两天": 1, "事情": 1, "内容": 1, "有空": 1, "记得": 1, "置顶": 1, "帖投": 1, "票": 1, "1.": 1, "反制": 1, ".": 3, "分拆": 1, "细则": 1, "3": 1, "富时罗素": 1, "4.": 1, "国办": 1, "促文": 1, "旅": 1, "意见": 1, "5.": 1, "方向": 1, "6": 1, "AI全布局": 1, "7.": 1, "脑机": 1, "带宽": 1, "纪录": 1, "李": 1, "言华": 1, "官宣": 1, "资源": 1, "实火": 1, "康康": 1, "侧颜": 1, "依旧": 2, "有为": 2, "报告": 1, "有限": 1, "7212.02亿": 1, "营业": 1, "收入": 1, "再次": 1, "榜单": 1, "民企": 1, "第四": 1, "O": 1}