{"力压": 2, "苹果": 7, "华为": 74, "手机": 14, "出货量": 6, "全球": 13, "第二": 4, "美国": 15, "调查": 7, "公司": 13, "国际": 1, "数据": 2, "IDC": 1, "7月": 1, "31日": 1, "发布": 1, "显示": 2, "2019年": 2, "4月": 1, "～": 1, "6月": 1, "智能": 4, "同比": 1, "减少": 2, "2.3％": 1, "降": 1, "3.332亿": 1, "连续": 2, "7": 1, "季度": 3, "中国": 35, "份额": 1, "O力压": 1, "稳": 1, "坐": 2, "喜欢": 4, "广州": 3, "teamLab": 3, "参加": 1, "夜色": 4, "美": 7, "站": 2, "线下": 1, "活动": 2, "现场": 1, "真的": 2, "太太太": 1, "！": 21, "易烊": 4, "千玺": 2, "MV": 1, "拍摄": 1, "这次": 1, "幸好": 1, "带上": 1, "nova5": 5, "Pro": 1, "室内": 1, "很": 10, "暗": 1, "光线": 1, "自拍": 6, "毫无": 2, "压力": 1, "色彩": 1, "失真": 1, "皮肤": 1, "人像": 2, "风景": 1, "都": 19, "简直": 1, "晚上": 1, "救星": 1, "~": 1, "试试": 1, "玩转": 1, "nova": 5, "大赛": 3, "比比夜色": 1, "汇丰": 5, "银行": 12, "列入": 7, "可靠": 8, "实体": 10, "清单": 10, "外交部": 5, "回应": 4, "今日": 1, "记者": 2, "提问": 1, "：": 7, "近日": 2, "媒体": 3, "报道": 2, "主动": 2, "配合": 3, "政府": 5, "中方": 3, "对此": 2, "评论": 2, "?华": 2, "春莹": 2, "答": 2, "英": 4, "业务": 2, "多年": 2, "投资": 5, "超过": 2, "20亿": 2, "英镑": 2, "雇佣": 2, "一万多": 2, "名": 2, "员工": 2, "建立": 2, "联合": 2, "研究": 2, "中心": 2, "履行": 3, "企业": 17, "社会": 4, "责任": 2, "希望": 2, "英方": 2, "客观": 2, "公正": 2, "态度": 2, "独立自主": 2, "作出": 3, "符合": 2, "利益": 2, "选择": 2, "提供": 2, "开放": 2, "、": 52, "公平": 2, "歧视": 2, "营商": 2, "环境": 2, "信心": 2, "预期": 2, "华": 2, "经营": 2, "合法": 2, "合规": 2, "违反": 2, "法律": 2, "法规": 2, "依法": 3, "予以": 2, "O汇丰": 1, "前置": 1, "3200万": 1, "超级": 1, "夜景": 1, "iPro": 1, "8月": 3, "2日": 2, "10:08": 1, "正式": 3, "开售": 1, "入手": 1, "颜色": 1, "​": 11, "深圳": 7, "海深港": 7, "基金": 7, "小镇": 7, "听": 14, "96年": 7, "工作": 16, "20多": 7, "学": 7, "增长": 7, "——": 7, "绩效": 7, "管理": 8, "多元": 7, "激励": 7, "讲座": 7, "课后": 7, "老师": 15, "交流": 7, "……": 15, "此刻": 7, "意义": 7, "生存": 8, "发展": 28, "国家": 14, "误解": 7, "茅台": 7, "房地产": 7, "一个": 19, "富强": 7, "崛起": 7, "科技": 8, "实力": 7, "可口可乐": 7, "星巴克": 7, "菲利普莫里斯": 7, "麦当劳": 7, "雅斯兰黛": 7, "影响力": 7, "单一": 7, "方向": 8, "学习": 7, "受益匪浅": 7, "六": 1, "五": 1, "努力": 1, "鼓励": 1, "称赞": 1, "type​": 1, "四": 3, "携手": 2, "步入": 1, "绮境": 1, "乐园": 1, "朵": 1, "花": 2, "时间": 4, "感受": 3, "四季": 1, "交叠": 1, "变化": 1, "​​": 2, "六时": 1, "纵驰": 1, "意气满": 1, "自不凡": 1, "千玺华": 1, "代言人": 2, "👉": 1, "橙": 1, "热恋": 1, "陷落": 1, "美好": 1, "@": 2, "TFBOYS": 1, "千玺​": 1, "发言人": 1, "华春莹": 1, "主持": 1, "例行": 1, "记者会": 1, "实录": 1, "环球": 1, "时报": 1, "想": 3, "英国": 2, "前数": 1, "文": 1, "大臣": 1, "排除": 1, "禁止": 1, "参与": 3, "5G": 5, "网络": 1, "建设": 1, "评估": 1, "影响": 1, "首相": 1, "尽快": 1, "决策": 1, "制度": 1, "相关": 1, "程序": 1, "情况": 1, "请": 1, "主管": 1, "部门": 1, "原则": 1, "外国": 1, "来华": 1, "兴业": 1, "保护": 1, "正当": 1, "权益": 1, "银币": 1, "纯粹": 1, "扔掉": 1, "充电宝": 1, "小米": 1, "从来": 1, "黑": 1, "就事论事": 1, "掉进": 1, "粉圈": 1, "思维": 1, "走": 1, "远": 1, "排": 1, "第几": 1, "七": 1, "三": 1, "拒绝": 2, "套餐": 4, "单点": 3, "买": 3, "外卖": 1, "桶": 1, "玉米棒": 1, "每次": 1, "扔": 1, "健身卡": 1, "偶尔": 1, "游": 1, "泳": 1, "想要": 1, "全景": 1, "天窗": 1, "非得": 1, "配": 1, "真皮": 1, "座椅": 1, "套路": 2, "日子": 1, "束": 1, "超魔性": 1, "漫画": 1, "主人公": 1, "逃离": 1, "Tony": 1, "互动": 1, "上汽": 1, "MAXUSD": 1, "60一": 1, "call": 1, "大奖": 1, "不停": 1, "戳": 2, "身临其境": 1, "追逐": 1, "八咫鸟": 1, "无限": 1, "循环": 1, "中用": 1, "捕捉": 1, "光影": 1, "轨迹": 1, "程序员": 1, "晒出": 1, "安排": 1, "平均": 1, "开会": 1, "6": 1, "!": 1, "典型": 1, "明星": 6, "用华": 1, "代言": 1, "人数": 1, "蓝": 1, "绿": 1, "大厂": 1, "签约": 1, "狂": 1, "自叹": 1, "圈子": 1, "流行": 1, "一加": 1, "助理": 1, "一不小心": 1, "亮华": 1, "尾巴": 1, "消费者": 1, "转华": 1, "例外": 1, "信号": 1, "续航": 1, "快": 2, "充好": 1, "拍照": 1, "旗舰": 1, "职场": 1, "文章": 1, "数量": 2, "人和": 1, "父母": 5, "沟通": 1, "顺畅": 1, "搞": 1, "女孩子": 1, "阿里巴巴": 1, "50万": 2, "年薪": 1, "逼": 1, "辞职": 1, "公务员": 4, "10万": 1, "薪水": 2, "真实": 2, "智力": 1, "表皮": 1, "剥开": 1, "本质": 2, "区别": 1, "绝大多数": 2, "走进": 1, "钱": 4, "没钱": 1, "办法": 2, "生活": 4, "体制": 13, "好处": 2, "带来": 3, "条": 1, "稳定": 2, "逐年": 3, "上涨": 2, "收入": 2, "曲线": 2, "30岁": 1, "赚": 1, "50": 1, "岁": 1, "30万": 1, "内": 5, "保障": 1, "女性": 4, "一点": 1, "女": 2, "孩子": 2, "嫁人": 1, "婚姻": 1, "市场": 1, "确实": 1, "取向": 1, "相比": 1, "同等": 1, "学历": 1, "嫁": 1, "舆论": 1, "诟病": 1, "很多": 1, "程度": 1, "年轻人": 1, "屈才": 1, "聚集": 1, "刚": 1, "大学": 1, "毕业": 1, "考试": 1, "学校": 1, "经历": 1, "竞争": 1, "洗礼": 1, "心理": 2, "定位": 3, "现实": 1, "当中": 1, "重复": 1, "劳动": 2, "固定": 1, "死": 1, "工资": 1, "城市": 1, "男性": 2, "底层": 1, "抱怨": 1, "年轻": 1, "太": 1, "花钱": 2, "谈恋爱": 1, "想到": 1, "将来": 1, "买房": 1, "安家": 1, "落户": 1, "遥遥无期": 1, "身份": 1, "不错": 1, "公积金": 1, "不见得": 1, "一辈子": 1, "住": 1, "廉租房": 1, "赚钱": 1, "地方": 1, "普通人": 1, "来讲": 1, "仅此而已": 1, "往外": 1, "投投": 1, "简历": 1, "做做": 1, "面试": 1, "拿到": 1, "合同": 1, "签字": 1, "过程": 1, "找": 1, "价值": 1, "体现": 1, "哥": 1, "爱国": 1, "算": 1, "2899": 1, "分期": 1, "242": 1, "8": 1, "块钱": 1, "小时": 2, "3毛4": 1, "分钟": 1, "不用": 1, "四舍五入": 1, "！！！​": 1, "八月": 1, "期盼": 1, "惊喜": 1, "进网": 1, "许可证": 1, "Mate20X": 1, "16日": 1, "开启": 1, "发售": 1, "一同": 1, "期待": 3, "精彩": 1, "畅快": 2, "L华": 1, "视频": 1, "4013亿": 1, "刚刚": 1, "外媒": 2, "承压": 1, "表现": 1, "强劲": 1, "贸易": 2, "战大": 1, "输家": 2, "巨头": 1, "实施": 1, "严厉": 1, "制裁": 1, "销售商": 1, "紧追": 1, "行业": 1, "领头羊": 1, "三星": 1, "领先": 1, "俄罗斯": 1, "生意人": 1, "报": 1, "称": 1, "贸易战": 2, "O网页": 2, "链接": 3, "上海": 1, "谈判": 1, "之际": 1, "川普": 1, "发推": 1, "加征": 1, "关税": 1, "场": 2, "任正非": 1, "摩擦": 1, "交易": 1, "艺术": 1, "战争": 2, "你死我活": 1, "对方": 2, "想成无三观": 1, "底线": 1, "坏": 1, "道德": 1, "怜悯": 1, "战场": 1, "胜负": 1, "谈判桌": 1, "理性": 1, "唯有": 1, "惶者": 1, "方可": 1, "Mate30": 1, "后置": 2, "摄": 2, "颗": 3, "4000W": 1, "爆料": 1, "Mate30Pro": 1, "采用": 1, "40MP": 1, "+": 2, "40": 1, "MP+8MP+ToF": 1, "4000": 1, "W像素": 1, "双IMX6X": 1, "X主": 1, "传感器": 1, "1/1.5": 1, "英寸": 2, "大底": 1, "f/1.6-1.4": 1, "可变": 1, "光圈": 1, "P30": 1, "系列": 1, "RYYB": 1, "素阵列": 1, "第2": 1, "1/1.7": 1, "CMOS": 1, "120": 1, "°": 1, "广角": 1, "；": 1, "8MP": 1, "长焦端": 1, "支持": 1, "5": 1, "倍": 1, "光学": 1, "变焦": 1, "趋势": 1, "厂商": 1, "侧重": 1, "相机": 1, "升级": 1, "想象": 1, "年后": 1, "场景": 1, "...": 1, "感到": 1, "放松": 1, "大概": 1, "睡前": 3, "忙碌": 1, "一整天": 1, "应付": 1, "堆": 1, "才": 1, "完完整整": 1, "安静": 1, "私密": 1, "都会": 1, "泡": 1, "杯": 1, "热茶": 1, "香薰": 1, "蜡烛": 1, "打开": 1, "桌上": 1, "台灯": 4, "静静": 1, "书桌": 1, "看书": 1, "身心": 1, "和谐": 1, "疲惫": 1, "瞬间": 1, "驱逐": 1, "照亮": 1, "平凡": 1, "推荐": 1, "款": 1, "智选": 3, "欧普": 2, "读": 1, "写": 1, "华": 1, "HiLink智": 1, "绑定": 1, "家居": 1, "APP": 1, "远程": 1, "操控": 1, "开关": 1, "亮度": 1, "定时": 1, "倒计时": 1, "功能": 1, "科学": 1, "日常": 1, "读书": 3, "台": 1, "聪明": 1, "体贴": 1, "连夜": 1, "晚": 1, "暑期": 1, "季": 1, "测试": 1, "详情": 1, "大部分": 1, "iPhone": 1, "清一色": 1, "为啥": 1}