{"中国": 10, "留学生": 2, "加拿大": 4, "绑架": 2, "事发": 1, "城市": 1, "华裔": 2, "居民": 2, "超": 1, "四成": 1, "WanzhenLu": 1, "安大略省": 1, "万锦市": 2, "下落不明": 1, "作案": 1, "原因": 1, "未知": 1, "喻为": 1, "高科技": 1, "首都": 1, "华为": 44, "、": 5, "IBM": 1, "科技": 1, "公司": 5, "总部": 1, "均": 1, "位于": 1, "当地": 1, "45.1%": 1, "都": 9, "@": 5, "新浪": 1, "图解": 1, "天下": 1, "​": 21, "网友": 2, "：": 5, "3月": 10, "24日": 2, "晚": 3, "桂林": 4, "飞": 4, "北京": 7, "CA1226": 3, "航班": 6, "旅客": 3, "登机": 3, "名": 7, "本来": 3, "座位": 10, "男子": 7, "听": 4, "乘务员": 3, "劝阻": 3, "霸占": 4, "前排": 4, "机组": 4, "脚": 5, "蹬": 4, "隔板": 4, "乘务长": 3, "乘客": 3, "再三": 3, "劝说": 3, "无效": 3, "通知": 3, "机长": 6, "严厉": 3, "告警": 3, "霸座": 5, "才": 3, "答应": 3, "回到": 3, "。。。": 2, "L十二": 4, "合伙人": 4, "视频": 21, "信息": 1, "P30": 9, "系列": 8, "敬请": 1, "期待": 3, "！": 13, "L华": 5, "终端": 6, "​​​": 2, "微光": 2, "深夜": 1, "到访": 1, "美丽": 1, "无可匿藏": 1, "倒计时": 2, "1": 2, "捕捉": 1, "暗夜": 1, "美": 2, "官方": 4, "秒拍": 5, "福利": 1, "字体": 1, "9:Tiramisu": 1, "提拉米苏": 2, "获取": 1, "方式": 1, "转发": 4, "评论": 1, "歌词": 1, "私信": 1, "关键词": 1, "格式": 1, "安卓": 1, "通用": 1, "ttf格式": 1, "英文": 1, "单独ttf": 1, "文件": 1, "什么的": 1, "9.0": 1, "细": 1, "设置": 1, "显示": 1, "分辨率": 1, "调成": 1, "HD": 1, "+": 2, "低分辨率": 1, "粗些": 1, "1拖15": 1, "子母": 1, "路由器": 1, "深圳": 2, "豪宅": 1, "角落": 1, "布满": 1, "WiFi": 1, "L无聊": 1, "开箱": 1, "颜值": 1, "出众": 1, "性能": 1, "强悍": 1, "戳": 1, "畅享": 2, "9S": 2, "演绎": 1, "年轻": 1, "实力派": 1, "关注": 3, "直播": 4, "转发量": 1, "随机": 2, "抽取": 1, "5": 1, "赠送": 1, "台": 1, "(": 1, "颜色": 1, ")": 1, "截止": 1, "31日": 1, "13:30": 1, "西班牙": 1, "包": 1, "专机": 1, "送": 2, "媒体": 1, "记者": 2, "巴黎": 6, "参加": 2, "发布会": 3, "霸气": 1, "易": 1, "烊千": 1, "玺": 2, "千玺": 1, "nova星": 1, "小河": 1, "粉儿": 1, "受邀": 1, "授权": 1, "体验店": 1, "河北": 1, "六": 1, "城": 1, "石家庄": 1, "保定": 1, "秦皇岛": 1, "邯郸": 1, "廊坊": 1, "唐山": 1, "HUAWEI&千": 1, "纸": 1, "鹤派": 1, "圆满": 1, "结束": 1, "再次": 2, "感谢": 7, "邀请": 1, "～": 1, "方为": 1, "到场": 2, "鹤儿": 2, "提供": 1, "礼包": 1, "美食": 1, "策划": 1, "活动": 2, "🎉": 1, "辛苦": 1, "表演": 1, "见面": 1, "祝华": 1, "nova": 1, "大卖": 1, "🎉🎉": 1, "TFBOYS": 1, "易烊": 1, "千": 1, "折叠屏": 5, "手机": 17, "高调": 2, "登场": 2, "刺激": 1, "感官": 1, "引爆": 1, "场": 1, "硝烟": 1, "战争": 1, "世界": 1, "通信": 1, "大会": 1, "三星": 1, "GalaxyFold": 1, "MateX": 1, "行业": 2, "热议": 1, "形态": 1, "变革": 1, "正式": 2, "技术": 3, "产能": 1, "因素": 1, "制约": 1, "处于": 1, "起步": 1, "阶段": 1, "产业": 2, "发展": 3, "角度": 2, "智能": 1, "创新": 2, "竞逐": 1, "焦点": 1, "国内": 3, "面板": 4, "厂商": 5, "布局": 1, "越来越": 2, "纷纷": 1, "目光": 1, "投向": 1, "柔性": 1, "屏": 1, "生产": 1, "相比": 1, "韩国": 1, "拥有": 1, "本土": 1, "配套": 1, "优势": 3, "价格": 1, "快速": 1, "响应": 1, "有望": 1, "产品": 1, "受益": 1, "详见": 1, "↓": 1, "L": 1, "央视": 1, "财经": 1, "酷燃": 2, "明天": 2, "一点": 2, "精彩": 1, "不止": 1, "一点点": 1, "EMUI": 2, "9.1": 2, "26日": 5, "时间": 8, "21:00": 2, "14:00": 2, "发布": 6, "小E": 1, "全程": 2, "图文": 1, "猜猜": 1, "功能": 2, "抽": 1, "贝斯": 1, "耳机": 1, "不见不散": 1, "~": 1, "抽奖": 1, "平台": 2, "陌生人": 1, "保管": 1, "保时捷": 3, "丢": 1, "杜撰": 1, "情节": 1, "小马": 3, "一家": 1, "店里": 1, "吃": 1, "早饭": 1, "期间": 1, "电话": 2, "回来": 1, "不见": 1, "描述": 1, "事情": 1, "问号": 2, "接到": 1, "打来": 1, "惊叹号": 1, "L1818": 1, "黄金眼": 1, "刚": 1, "收到": 1, "一个": 2, "投稿": 1, "男": 2, "导致": 1, "延误": 2, "128": 2, "分钟": 2, "声称": 1, "不在乎": 2, "电视": 2, "挺": 2, "开心": 2, "！！": 1, "昨天": 1, "强行": 1, "面对": 1, "拍": 2, "……": 1, "真的": 1, "火": 1, "不行": 1, "实在": 1, "看不惯": 1, "小心": 1, "继华": 1, "基站": 1, "高铁": 1, "列车": 4, "间谍车": 1, "俄罗斯": 1, "卫星": 1, "通讯社": 1, "消息": 1, "美国": 2, "贸易战": 1, "制造": 5, "铁路": 3, "打击": 1, "共和党籍": 1, "联邦": 2, "参议员": 2, "民主党籍": 1, "联合": 1, "国会": 1, "提交": 1, "份": 1, "法案": 1, "禁止": 1, "进口": 1, "议员们": 1, "技术装备": 1, "网络": 2, "威胁": 1, "火车": 1, "装满": 1, "电子": 2, "设备": 2, "企业": 1, "有隙可乘": 1, "间谍": 2, "漂亮": 1, "舒服": 1, "毛利": 2, "太": 2, "50%": 1, "高端机": 2, "品牌": 2, "溢价": 1, "苹果": 1, "中低端机": 1, "不利": 1, "买": 5, "2000": 4, "块": 6, "荣耀": 1, "1000": 2, "硬件": 2, "成本": 2, "无关": 1, "东西": 1, "包括": 1, "高额": 1, "人力": 1, "人均": 1, "百万": 2, "年薪": 2, "省吃俭用": 1, "带来": 1, "钱": 2, "套": 1, "房": 1, "拉高": 1, "房价": 1, "压力": 1, "小米": 3, "花": 1, "至少": 1, "1500": 1, "雷军": 1, "谈到": 1, "工程师": 1, "工资": 2, "低": 2, "毛利率": 1, "别人": 1, "让利": 1, "客户": 1, "付费": 1, "中端": 1, "性价比": 1, "赚": 1, "民族": 1, "工业": 1, "消费者": 1, "厂家": 1, "爱国": 1, "营销": 1, "卖": 1, "贵": 1, "竞争力": 1, "新西兰": 3, "总理": 3, "周末": 2, "访华": 3, "理解": 3, "其因": 3, "枪击案": 3, "调整": 3, "行程": 4, "改口": 1, "称": 1, "从未": 1, "排除": 1, "5G": 2, "建设": 1, "公布": 1, "计划": 2, "中方": 1, "原本": 1, "长": 1, "商务": 1, "代表团": 1, "随行": 1, "情况": 1, "合适": 1, "东道主": 1, "需求": 1, "通融": 1, "想": 1, "对此": 1, "O": 1, "P30Pro": 3, "变焦": 4, "吓到": 1, "击败": 1, "高通": 2, "当选": 2, "标准": 1, "组织": 1, "3": 2, "GPPSA": 1, "全会": 1, "主席": 2, "21日": 1, "GPP": 1, "第83": 1, "会议": 1, "三大": 1, "规范组": 1, "换届": 1, "投票": 1, "TSGSA": 1, "服务": 1, "系统": 1, "工作组": 2, "竞选": 1, "GeorgMayer": 2, "EddyHall": 1, "对决": 1, "最终": 1, "SA": 1, "任期": 1, "突破式": 1, "见证": 2, "惊喜": 1, "RewriteThe": 2, "Rules": 2, "自建": 1, "芯片": 5, "工厂": 3, "英国": 3, "500": 1, "英亩": 1, "新建": 1, "用于": 1, "设计": 3, "台积电": 1, "代工": 1, "建立": 1, "意味着": 1, "自主": 1, "投资": 2, "23亿": 1, "美元": 2, "未来": 1, "五": 1, "39亿": 1, "261亿": 1, "元": 1, "24号": 1, "周边": 1, "飞机": 1, "非洲": 1, "做生意": 1, "烦": 1, "每次": 2, "索要": 1, "礼物": 1, "冰箱": 1, "洗衣机": 1, "报关": 1, "很": 1, "麻烦": 1, "探索": 1, "黑夜": 1, "即可": 1, "法国": 2, "拭目以待": 1, "天气": 1, "球迷": 1, "发现": 1, "上周": 1, "非洲杯": 1, "预选赛": 1, "南非": 2, "客场": 1, "利比亚": 1, "比赛": 1, "国歌": 1, "AUX": 1, "接口": 1, "播放": 1, "……L": 1, "足球": 1, "浪漫": 1, "；": 1, "下图": 1, "21：00": 1, "同步": 1, "小编": 1, "告诉": 1, "本次": 1, "观看": 2, "#​": 1, "字": 1, "评价": 1, "效果": 1, "致使": 1, "到达": 1, "P20Pro": 1, "官宣": 1, "那位": 1, "国外": 1, "著名": 1, "摄影师": 1, "帕克沃尔贝克": 1, "未": 2, "拍摄": 1, "影片": 1, "的确": 1, "确认": 1, "混合": 1, "超级": 1, "夜景": 1, "有效性": 1, "Parker": 1, "Walbeck": 1, "展示": 1, "着迷": 1, "请": 1, "下午": 1, "2点": 1, "全球": 1, "Witnesstheeffectiveness": 1, "theHybridZoomandSuperNightMode": 1, "theunreleased": 1, "HUAWEIP": 1, "30": 1, "!": 1, "WatchParker": 1, "Walbeckshowoffthesefeaturesthat": 1, "willleave": 1, "youenthralled": 1, ".": 2, "Staytuned": 1, "fortheglobalrevealat5PM26thofMarch": 1, "O网页": 1, "链接": 1, "L赶": 1, "走": 1}