{"多久": 1, "停": 1, "好好": 1, "对话": 1, "自在": 2, "随性": 2, "才": 3, "生活": 1, "奥义": 1, "目的地": 1, "跟着": 1, "风": 1, "前行": 1, "@": 9, "华为": 30, "终端": 3, "服务": 2, "智青年": 2, "Laki": 1, "猫咪": 1, "秒拍": 4, "视频": 7, "​": 11, "员工": 6, "54": 1, "页": 1, "PPT": 2, "干货": 1, "解读": 1, "任职": 1, "资格": 1, "能力": 1, "管理": 1, "​​": 2, "断网": 1, "步骤": 1, "图片": 1, "秒转": 1, "编辑": 1, "分享": 1, "点击": 1, "职场": 1, "技能": 1, "Mate20": 1, "L华": 1, "官方": 1, "mate20pro": 1, "6t": 1, "迈凯": 1, "轮版": 1, "价钱": 1, "差不多": 1, "选择": 2, "泡面": 1, "小姐": 1, "姐力": 1, "挺": 1, "背后": 1, "真实": 1, "原因": 1, "竟然": 1, "……": 1, "猝不及防L": 1, "奶霞": 1, "美国": 7, "哥伦比亚": 1, "大学": 1, "教授": 1, "萨克斯": 2, "JeffreySachs": 1, "誉为": 1, "世界": 9, "智慧": 2, "专栏": 1, "报业": 1, "辛迪加": 1, "ProjectSyndicate": 1, "撰文": 1, "开战": 1, "批评": 2, "美": 1, "政府": 2, "玩弄": 1, "国际法": 1, "篇": 1, "发声": 3, "文章": 2, "国内": 1, "有人": 1, "骂萨克斯": 1, "卖国贼": 3, "华盛顿": 1, "邮报": 1, "记者": 1, "质问": 1, "收": 3, "中国": 4, "钱": 3, "’": 2, "亲上": 1, "火线": 1, "否认": 1, "收受": 1, "利益": 1, "推特": 3, "帐号": 3, "封杀": 3, "关闭": 4, "删除": 1, "头条": 1, "：": 1, "学者": 2, "指控": 2, "、": 11, "孟晚舟": 2, "保释": 1, "#O": 1, "44": 2, "岁": 2, "经营": 2, "骗": 2, "200万": 4, "国企": 2, "南油": 2, "集团": 2, "除名": 2, "留任": 2, "拒绝": 3, "背负": 2, "还清": 2, "债": 2, "妻子": 2, "婚": 2, "带": 3, "老爹": 2, "老娘": 2, "弟弟": 3, "妹妹": 2, "深圳": 2, "住": 2, "棚屋": 2, "创": 2, "立华": 2, "公司": 3, "资本": 2, "人脉": 2, "资源": 3, "技术": 5, "市场": 2, "经验": 2, "唯有": 2, "勇敢": 2, "向前": 2, "27": 2, "带到": 2, "500": 2, "行业": 2, "第一": 2, "位置": 2, "跌倒": 2, "可怕": 4, "站": 2, "！": 3, "---": 2, "任正非": 2, "易": 1, "烊": 1, "千": 1, "玺": 1, "专属": 1, "手帐": 1, "更新": 2, "唇边": 1, "阳光": 1, "味道": 1, "P6": 1, "绘画": 1, ".": 2, "YukinLee61p7": 1, "水彩画": 1, "千家画伶": 1, "TFBOYS": 1, "易烊": 1, "千玺yyqx": 1, "四": 1, "字": 1, "快乐": 1, "大本营": 1, "novains": 1, "…​": 1, "习惯": 1, "件": 1, "赋予": 1, "答案": 2, "坚信": 1, "天际": 1, "走遍": 1, "一刻": 1, "找到": 1, "奇思妙想": 1, "L辜": 1, "锦": 1, "关": 1, "晓彤": 2, "祝福": 1, "时刻": 1, "nova星人": 1, "2018": 1, "往常": 1, "收拾": 1, "买": 3, "零食": 1, "跨年": 2, "想": 1, "依旧": 1, "女孩": 1, "gxt": 1, "关晓彤": 1, "L梨子": 1, "爱": 1, "123": 1, "小米": 2, "VS": 1, "体验店": 1, "对着": 1, "线下": 1, "交锋": 1, "赢": 1, "💫😄": 1, "NewYear": 1, "sSong​": 1, "一个": 3, "充满": 1, "竞争": 1, "日新月异": 1, "全力以赴": 1, "抢占": 1, "战略": 1, "制高点": 1, "不可避免": 1, "落伍者": 1, "现象": 1, "工业": 1, "革命": 2, "早期": 1, "显露": 1, "演绎": 1, "更为": 1, "淋漓尽致": 1, "放弃": 1, "全球": 1, "优": 1, "整合": 1, "机会": 1, "阻止": 1, "发展": 1, "设置": 1, "障碍": 1, "道理": 1, "精英": 1, "阶层": 1, "未必": 1, "懂": 1, "短视": 1, "妒忌": 1, "做出": 1, "差": 1, "大概": 1, "天道": 1, "轮回": 1, "大国": 1, "兴衰": 1, "规律": 1, "企业": 3, "补贴": 3, "手机": 6, "加拿大": 1, "拘捕": 1, "首席": 1, "财务官": 1, "激发": 1, "声援": 1, "支持": 1, "包括": 1, "购买": 2, "提供": 1, "警告": 1, "旗下": 1, "苹果": 1, "产品": 2, "O中企": 1, "新年": 3, "征途": 1, "辞旧迎新": 1, "2019": 1, "一路": 1, "奋斗": 1, "海雀": 3, "AI": 2, "全景": 2, "摄像头": 2, "领": 1, "启程": 1, "开启": 1, "家庭": 1, "新时代": 1, "关注": 1, "科技": 2, "智选": 2, "转发": 1, "评论": 1, "三": 1, "好友": 1, "说出": 1, "愿望": 1, "2019年": 2, "1月": 1, "7日": 1, "抽奖": 1, "送出": 1, "全新": 1, "生态": 1, "3": 1, "台": 1, "改革": 2, "开放": 1, "40年": 2, "热词": 1, "创新": 5, "都": 5, "基于": 2, "文化": 2, "基础": 2, "之上": 3, "前人": 1, "成果": 1, "凭空": 1, "创造": 1, "奇迹": 1, "互联网": 1, "建立": 1, "科学": 1, "原理": 1, "谨": 1, "以此": 1, "文": 1, "感谢": 1, "崇德": 2, "动漫": 2, "O": 1, "主场": 1, "一一": 1, "献词": 1, "iPhoneXSMax": 1, "VS.": 1, "Mate20Pro": 1, "好看": 1, "宣传片": 1, "论文": 1, "明白": 1, "长": 1, "样子": 1, "新型": 1, "长60": 1, "宽": 1, "50": 1, "新一代": 3, "四核cpu": 1, "续航": 1, "20000kmin": 1, "260g": 1, "附加": 1, "30": 1, "装饰": 1, "速度": 1, "中心式": 1, "信息": 1, "系统": 1, "反向": 1, "充电": 1, "侦测": 1, "干扰": 1, "电视": 1, "信号": 1, "一身": 1, "水上": 1, "漂UI": 1, "打遍": 1, "天下": 1, "敌手": 1, "mate20": 1, "旗舰": 1, "很多": 1, "产业": 2, "面临": 2, "长期": 2, "危机": 1, "传统": 1, "能源": 1, "德国": 1, "老牌": 1, "煤炭": 2, "一家": 1, "煤矿": 1, "未来": 2, "石油": 1, "规模": 1, "下降": 1, "潜力": 1, "长线": 1, "；": 1, "汽车": 1, "各类": 1, "电器": 1, "人工": 1, "智能": 1, "时代": 1, "领域": 1, "变革": 1, "如今": 1, "纷纷": 1, "涉足": 1, "胜出": 1, "好说": 1, "估值": 1, "投资": 1}