{"优酷": 2, "福利社": 1, "世界": 7, "酷": 1, "不止": 9, "一点": 9, "华为": 57, "nova4": 9, "关注": 4, "@": 11, "转发": 8, "随机": 3, "抽取": 3, "1": 6, "送": 5, "手机": 19, "nova36": 3, "GB": 6, "+": 9, "128GB": 6, "台": 5, "12月": 11, "9日": 4, "开奖": 4, "​": 19, "联通": 2, "中国": 12, "抽": 4, "nova3手机": 4, "6": 4, "12日": 2, "闪耀": 1, "电视剧": 1, "发放": 1, "福利": 1, "！": 19, "超值": 1, "自拍": 1, "极点": 1, "全面屏": 1, "——": 1, "揪": 1, "一个": 5, "啵啵": 1, "本次": 1, "叶秋": 2, "评测": 2, "测试": 4, "识图": 1, "、": 15, "翻译": 1, "3D": 1, "扫描": 2, "拍照": 2, "功能": 2, "哔": 1, "哩哔": 1, "建模": 1, "太": 3, "好笑": 1, "L": 1, "mate20": 1, "20pro": 1, "20x": 1, "讲解": 1, "三星": 2, "note9": 1, "UP": 1, "：": 7, "欧阳秋": 1, "叶​": 1, "资讯": 2, "期待": 1, "到来": 1, "搜狐": 1, "20日": 1, "小狐": 1, "抽奖": 1, "平台": 2, "抽送": 2, "英特尔": 2, "今日": 2, "成功": 2, "全球": 4, "2.6GHz": 3, "频段": 3, "基于": 1, "3G": 1, "PP": 1, "Release15": 1, "标准": 1, "9月份": 1, "版本": 2, "SA架构": 1, "5GNR": 3, "空口": 1, "互操作性": 1, "MTP5G": 1, "支持": 3, "160MHz": 1, "带宽": 1, "商用": 2, "打通": 1, "FirstCall": 1, "产业": 2, "成熟": 1, "大规模": 1, "发展": 1, "关键": 1, "里程碑": 1, "品质": 1, "阅读": 1, "阅阅": 1, "英国": 13, "军情": 2, "六处": 2, "5G": 20, "技术": 9, "基础": 3, "很": 1, "难": 1, "抉择": 2, "不用": 1, "华尔街": 1, "日报": 1, "3日": 1, "报道": 3, "美国": 5, "正向": 1, "盟友们": 1, "施压": 1, "网络": 7, "风险": 1, "情报": 2, "机构": 1, "负责人": 1, "处长": 1, "扬格": 1, "称": 1, "面临": 1, "艰难": 1, "易": 1, "烊": 6, "千": 7, "玺": 8, "小痘痘": 1, "节选": 1, "脸上": 2, "颗": 3, "痘痘": 2, "过路人": 1, "单独": 1, "胜过": 1, "涂鸦": 1, "装饰": 1, "亲手": 1, "拍下": 1, "吃": 1, "中戏": 1, "鸡腿": 1, "馄饨": 1, "长": 1, "易烊千": 1, "熬夜": 1, "熬": 1, "易烊": 2, "千玺": 1, "倾听": 1, "哀怨": 1, "吹嘘": 1, "沉默": 1, "TFBOYS": 1, "欢go": 1, "知情": 1, "人士": 1, "透露": 2, "小王": 1, "ji": 1, "魅力": 1, "帅气": 1, "送华": 1, "nova3": 1, "艺术家": 2, "艺术": 4, "创作": 2, "玩": 1, "淋漓尽致": 1, "笔下": 1, "异彩纷呈": 1, "想象": 1, "非凡": 1, "......": 2, "林帝浣": 1, "小林": 1, "老师": 1, "空降": 1, "重庆": 1, "现身": 1, "主题": 1, "沙龙": 1, "Mate20": 5, "X": 2, "跨界": 1, "带": 1, "领略": 1, "诗情": 1, "画意": 1, "戳O": 1, "网页": 2, "链接": 3, "即可": 1, "报名": 1, "参与": 3, "转评": 2, "3": 3, "签名": 1, "日历": 1, "定制": 1, "帆": 1, "布袋": 1, "50": 1, "元": 1, "京东卡": 1, "～": 1, "设计": 3, "秀": 1, "第1326": 1, "期": 1, "教": 1, "鼠绘": 1, "图标": 1, "思路": 1, "方法": 1, "值得": 1, "借鉴": 1, "记得": 1, "转需": 1, "~": 2, "​​": 6, "作者": 1, "馒头xueui.cn": 1, "拍到": 1, "立刻": 1, "幸福": 1, "远": 1, "系列": 4, "Huawei": 1, "Share": 1, "键": 1, "打印": 1, "自动": 1, "搜索": 1, "连接": 1, "打印机": 1, "想要": 2, "照片": 1, "马上": 1, "拿到": 1, "手中": 1, "O网页": 1, "姜超": 1, "2019年": 2, "经济": 2, "资本": 3, "市场": 3, "展望": 3, "未来": 4, "下决心": 1, "收缩": 2, "货币": 2, "减轻": 1, "税负": 1, "越来越": 1, "企业": 2, "学习": 1, "研发": 3, "创新": 4, "充满": 1, "希望": 2, "里根": 1, "80": 1, "年代": 1, "开启": 3, "大幅": 1, "减税": 2, "新政": 1, "带来": 2, "股债": 1, "双牛": 1, "行情": 1, "金融": 3, "去杠杆": 1, "债券": 1, "牛市": 2, "降费": 1, "孕育": 1, "轮": 1, "股票": 1, "O姜超": 1, "迎接": 1, "历史": 1, "机会": 2, "电信": 12, "服务": 2, "运营商": 1, "BT": 4, "移除": 4, "核心": 6, "竞标": 4, "名单": 2, "公司": 4, "年内": 2, "4G": 4, "设备": 11, "竞标者": 1, "发言人": 1, "供应商": 1, "合作": 4, "伙伴": 4, "澳大利亚": 2, "新西兰": 2, "出于": 1, "阻止": 1, "神": 1, "对手": 1, "疯狂": 1, "掉线": 2, "队友": 1, "全心": 1, "投入": 1, "L华": 1, "官方": 1, "秒拍": 4, "视频": 5, "近日": 1, "国家": 1, "创": 4, "能力": 3, "开放": 3, "基地": 2, "正式": 1, "揭牌": 1, "暨": 1, "中心": 3, "电信物": 1, "联网": 1, "生态": 1, "对外开放": 1, "行业": 1, "提供": 1, "垂直": 1, "试验": 1, "环境": 1, "此前": 1, "深圳": 1, "成立": 1, "联合": 1, "项目组": 1, "诸多": 1, "突破性": 1, "成绩": 1, "发布": 4, "领域": 1, "项目": 1, "包括": 1, "开通": 1, "站点": 1, "无人机": 1, "试飞": 1, "建成": 2, "独立": 1, "组网": 1, "连片": 1, "覆盖": 1, "部署": 1, "数字化": 1, "室分": 1, "泄漏": 1, "提前": 1, "率先": 1, "新一代": 2, "屏": 1, "Nova": 1, "青年": 1, "主力军": 1, "定价": 1, "K元": 1, "曝光": 1, "圆润": 1, "左上角": 1, "挖空": 1, "代表": 1, "下一代": 1, "安卓机": 1, "整体": 1, "外观": 1, "剥离": 2, "禁止": 4, "时报": 2, "确保": 1, "业务": 1, "符合": 1, "内部": 1, "政策": 2, "旨在": 1, "设施": 1, "边缘化": 1, "供应": 1, "合同": 1, "O": 1, "11月": 2, "国内": 2, "Android": 2, "性能": 2, "排行榜": 2, "出炉": 1, "屠榜": 1, "安兔兔": 1, "搭载": 1, "麒麟980": 1, "本月": 1, "位居": 2, "三": 1, "名": 1, "荣耀": 1, "Magic2": 1, "杀入": 1, "榜单": 1, "第四": 1, "黑鲨": 2, "游戏": 2, "Helo": 1, "6T": 1, "努比亚X": 1, "小米": 1, "8": 1, "1986年": 1, "我国": 2, "第一": 1, "座": 1, "通信": 2, "基站": 2, "秦皇岛": 1, "调试": 1, "2018年": 1, "640万": 1, "其间": 1, "时光": 1, "走过": 1, "32": 1, "AI": 5, "迸": 1, "发出": 1, "崭新": 1, "火花": 1, "通信人": 1, "路上": 1, "6-8日": 1, "莅临": 1, "2018": 1, "大会": 1, "展台": 1, "智能": 5, "探索": 1, "旅O": 1, "戳": 1, "泪点": 1, "年关": 1, "细数": 1, "几十": 1, "想": 3, "感谢": 3, "全世界": 2, "认可": 1, "默默": 1, "撑起": 1, "放手": 1, "勇敢": 1, "一搏": 1, "7日": 2, "苏宁": 4, "超级": 2, "品牌": 2, "谢谢": 3, "L苏宁": 1, "早上": 1, "快": 2, "摸": 1, "兜": 1, "发现": 2, "Mate20Pro": 1, "不见": 1, "绝望": 1, "毕竟": 1, "顺利": 1, "买到": 1, "出租车": 1, "师傅": 2, "打电话": 2, "后座": 1, "号码": 1, "拨通": 1, "关机": 2, "好像": 1, "未": 1, "解锁": 1, "状态": 1, "内心": 1, "戏": 1, "小偷": 4, "来得及": 1, "拔卡": 1, "打开": 1, "查找": 1, "定位": 3, "位置": 2, "赫然": 1, "显示": 2, "我家": 3, "从早到晚": 1, "好几": 1, "顺便": 1, "撬": 1, "家门": 1, "休息": 1, "一会": 1, "回家": 1, "会会": 1, "娜扎": 1, "估计": 1, "后悔": 1, "特勤局": 2, "局长": 2, "警告": 1, "做出": 2, "4日": 1, "消息": 1, "亚历克斯•扬格": 2, "AlexYounger": 1, "演讲": 2, "表达": 1, "厂商": 1, "担忧": 1, "建设": 1, "中文": 1, "满分": 1, "ChristopherOfficial": 1, "深情": 1, "献唱": 1, "周兴哲": 1, "你好": 1, "音乐": 1, "专访": 1, "christopher": 1, "Christopher": 1, "ChristopherNewsLHimalaya_带斑点": 1, "喵": 1, "TA": 2, "晚安": 1, "歌": 1, "歌词": 2, "背后": 1, "都": 1, "蕴藏": 1, "不为人知": 1, "故事": 1, "包含": 1, "创作者": 1, "情感": 1, "小云": 2, "破": 1, "心声": 1, "送出": 1, "耳机": 1, "副": 1, "失聪": 3, "儿童": 3, "人工": 5, "外国": 2, "网友": 3, "孩子": 4, "官推": 1, "项": 2, "图书": 1, "文字": 1, "转化": 1, "卡通": 1, "人物": 1, "手语": 1, "动画": 1, "感知": 3, "感动": 1, "7岁": 1, "植入": 1, "耳蜗": 1, "很多": 1, "这是": 1, "意义": 1, "科技": 2, "利益": 1, "还要": 1, "社会": 1, "责任感": 1, "关爱": 1, "自主": 1, "接近": 1, "童年": 1, "美好": 1, "多彩": 1, "这项": 1, "功德无量": 1, "标签": 1, "数码": 1, "圣诞节": 1, "倒计时": 1, "提醒": 1, "年底": 1, "易购": 1, "买": 1, "AI#L": 1}