{"很": 11, "分享": 3, "一个": 8, "历史": 2, "记录": 3, "2018年": 3, "华为": 81, "智能": 3, "手机": 12, "发货量": 7, "含": 2, "荣耀": 3, "突破": 5, "2亿": 9, "台": 11, "！": 17, "感谢": 7, "全球": 13, "消费者": 9, "合作": 7, "伙伴": 3, "热情": 2, "支持": 8, "面向": 1, "未来": 3, "秉承": 2, "起点": 2, "终点": 2, "都": 2, "核心": 2, "理念": 2, "勇于": 1, "创新": 2, "努力": 2, "轮": 1, "智慧": 3, "革命": 1, "探索者": 1, "引领者": 1, "持续": 1, "创造": 2, "价值": 1, "品牌": 1, "喜爱": 1, "关注": 4, "转评": 3, "条": 1, "随机": 2, "抽": 4, "送": 4, "HUAWEIMate20Pro": 1, "(": 1, "8GB": 1, "+": 1, "256GB": 1, "颜色": 1, "纪念版": 2, "下周三": 1, "@": 8, "抽奖": 3, "平台": 3, "公布": 1, "亚太": 1, "地区": 1, "高级": 1, "体验店": 1, "近日": 1, "开业": 2, "坐落": 1, "泰国": 1, "曼谷": 1, "著名": 1, "SiamParagon": 1, "暹罗百丽宫": 1, "产品线": 1, "设计": 1, "展示": 1, "一对一": 1, "讲解": 1, "服务": 4, "打造": 1, "耳目一新": 1, "体验": 1, "当天": 2, "吸引": 1, "忠实": 1, "粉丝": 1, "前来": 1, "​": 18, "迪拜塔": 1, "视频": 11, "牛": 1, "楼量": 1, "体裁衣": 1, "影业": 1, "公司": 21, "实力": 1, "LHW前HR": 1, "失聪": 1, "儿童": 3, "世界": 4, "圣诞节": 4, "欢声笑语": 1, "件": 1, "遥远": 1, "联合": 1, "欧洲": 1, "聋哑人": 1, "联盟": 2, "研发": 1, "聋哑": 2, "专属": 1, "阅读": 4, "——": 3, "StorySign": 1, "HUAWEIHiAI": 1, "能力": 1, "书面": 1, "文字": 1, "翻译": 2, "手语": 1, "听障": 1, "享受": 1, "乐趣": 2, "助力": 1, "孩子": 1, "健康": 1, "快乐": 2, "成长": 1, "L华": 2, "终端": 3, "秒拍": 7, "​​​": 1, "买": 1, "国产": 3, "iPhone": 1, "迎史": 1, "优惠": 1, "L老": 1, "股民": 1, "大张": 1, "董事长": 15, "出面": 3, "谈": 3, "孟晚舟": 19, "上午": 2, "深圳": 4, "总部": 3, "中国": 5, "媒体": 6, "圆桌": 1, "会议": 1, "梁华": 15, "会上": 2, "透露": 3, "事件": 11, "发生": 6, "员工": 9, "自发": 3, "制作": 4, "款": 3, "印": 5, "灯塔": 6, "守候": 6, "晚舟": 6, "早": 6, "归航": 6, "字样": 1, "杯子": 3, "声援": 3, "本人": 3, "牵挂": 4, "聚焦": 3, "工作": 3, "案件": 2, "司法": 2, "过程": 2, "内部": 2, "做好": 3, "本职工作": 2, "困难": 3, "挑战": 3, "坚强": 3, "!": 8, "O华": 6, "自制": 2, "咖啡杯": 5, "今日": 2, "出席": 1, "沟通会": 1, "业务": 6, "运作": 3, "大部分": 1, "介绍": 2, "采访": 4, "现场": 2, "客户": 1, "回应": 5, "12月": 6, "25日": 5, "接受": 2, "国内": 1, "、": 12, "5G": 13, "热点": 1, "做出": 1, "梁": 1, "华称": 1, "加拿大": 1, "社会": 1, "各界": 1, "关心": 2, "女士": 1, "：": 12, "业绩": 1, "不错": 1, "基站": 1, "商用": 4, "发货": 1, "水杯": 1, "举办": 1, "圆桌会": 1, "特意": 2, "英国": 11, "电信": 11, "网络": 15, "设备": 4, "供应商": 3, "发言人": 3, "24日": 1, "新华社": 3, "记者": 3, "这家": 2, "运营商": 1, "第四": 1, "第五": 1, "通信": 2, "技术": 8, "4G": 2, "固定": 2, "名": 2, "2005年": 1, "建设": 8, "进展": 1, "顺利": 1, "近期": 1, "称": 3, "核心网": 4, "采用": 1, "厂家": 1, "部署": 1, "策略": 2, "参与": 4, "重视": 1, "态度": 1, "改变": 1, "提供": 3, "份": 2, "声明": 2, "行业": 1, "名词": 1, "指": 1, "特定": 1, "并非": 1, "投资": 1, "遵循": 1, "‘": 1, "’": 1, "原则": 1, "早就": 1, "模式": 1, "沿用": 1, "至今": 1, "10余": 1, "国家": 3, "宽带": 1, "项目": 3, "全力": 1, "推进": 1, "安排": 1, "才": 4, "作出": 1, "着眼": 1, "长远": 1, "协商": 1, "奇幻": 1, "装载梦": 1, "色彩": 2, "nova4": 2, "梦幻": 1, "爱": 1, "对白": 1, "MerryChristmas": 1, "nova陪": 1, "玩转": 1, "官方": 1, "站": 1, "AI": 1, "随行": 1, "大使": 1, "沟通": 2, "国界": 1, "~": 3, "EMUI": 1, "华为云": 1, "喜欢": 1, "功能": 1, "可爱": 1, "畅玩": 1, "8C": 1, "米奇": 1, "心]": 1, "首次": 1, "运转": 1, "姜": 9, "妍": 9, "胸": 3, "～": 3, "太": 4, "诱人": 3, "姜妍擦": 3, "防晒霜": 3, "害羞": 3, "李治廷": 3, "搞笑": 3, "吃醋": 3, "L": 4, "钱": 3, "坑": 3, "消息": 1, "正式": 1, "1月": 2, "1日": 1, "惊喜": 1, "来临": 1, "创": 1, "新高": 1, "「": 2, "」": 2, "里程碑式": 1, "数字": 1, "凝聚": 1, "科技": 3, "一路": 1, "走来": 1, "陪伴": 1, "忘": 1, "初心": 1, "砥砺": 1, "前行": 1, "市值": 1, "思科": 1, "美国": 6, "打压": 1, "幕后": 1, "推手": 1, "​​": 2, "砺石": 1, "商业": 1, "评论": 2, "26": 3, "合同": 3, "投入": 8, "20亿": 3, "美元": 3, "构建": 3, "体系": 3, "有限": 1, "回归": 1, "事实": 1, "说话": 1, "回到": 1, "客观": 1, "评价": 1, "视作": 1, "纲领": 1, "面对": 1, "开放": 1, "多变": 1, "环境": 1, "流程": 1, "产品": 1, "全年": 2, "破": 2, "P20": 6, "系列": 4, "超": 2, "1600万": 5, "上市": 2, "超过": 3, "女性": 1, "用户": 2, "占比": 1, "接近": 1, "一半": 1, "；": 2, "Mate20": 1, "500万": 1, "截止": 1, "nova": 1, "累计": 1, "6500万": 1, "170": 1, "5亿": 1, "台​": 1, "书": 6, "......": 1, "挑": 1, "经典": 1, "穿越": 1, "时空": 1, "美": 1, "年华": 1, "爱上": 1, "圣诞": 3, "狐友": 1, "足不出户": 1, "品阅": 1, "天下": 1, "焕新": 1, "生活": 1, "搜狐": 1, "好友": 1, "2日": 1, "小狐": 1, "畅享": 1, "8e一部": 1, "耳机": 1, "副": 1, "同款": 1, "想要": 1, "倪光南": 3, "联想": 4, "股改": 4, "成功": 2, "柳传志": 4, "持股": 1, "高达": 2, "16%": 3, "任正非": 3, "占股": 2, "0.5%": 2, "1.5%": 2, "23日": 1, "北大": 1, "光华": 1, "新年": 1, "论坛": 1, "工程院": 1, "院士": 1, "总工程师": 1, "控股": 3, "乔布斯": 2, "盖茨": 1, "之间": 1, "中外": 3, "企业": 3, "老板": 1, "联播": 1, "无华": 1, "不说": 1, "第一": 1, "祝": 1, "花粉们": 1, "第二": 1, "独乐": 1, "乐不如众乐乐": 1, "藏": 1, "大片": 1, "快": 1, "温暖": 1, "美好": 1, "瞬间": 1, "收获": 1, "花粉": 1, "祝福": 1, "3788": 1, "起步": 1, "卖": 2, "8": 1, "高端机": 1, "销量": 1, "零头": 1, "均价": 1, "4500": 1, "计算": 3, "贡献": 1, "720亿": 1, "营收": 1, "吓人": 1, "远": 1, "未": 2, "结束": 2, "盯": 2, "为首": 1, "五": 1, "眼": 1, "长": 1, "曝光": 1, "机密": 1, "文件": 1, "指出": 1, "安全局": 1, "试图": 3, "寻找": 2, "军方": 1, "关系": 1, "证据": 1, "漏洞": 1, "目的": 1, "国安局": 1, "暗中": 1, "监视": 1, "服务器": 1, "监控": 1, "高管": 2, "绝佳": 1, "反击": 1, "O远": 1, "折现": 1, "发出": 1, "置顶": 1, "明天": 1, "开戳": 1, "转走": 1, "O": 1, "网页": 1, "链接": 1, "揭": 1, "股权": 9, "内幕": 1, "人员": 2, "0%": 2, "变化": 1, "苹果": 1, "最初": 4, "知识": 4, "产权": 4, "资产": 4, "45%": 1, "0.45%": 1, "80%": 1, "1.4%": 1, "包含": 1, "计算所": 1, "归零": 2, "副总经理": 1, "增加": 1, "15.9%": 1, "拥有": 1, "L微": 1, "丢": 1}