{"一带": 7, "一路": 7, "5G": 18, "+": 16, "4K": 13, "传播": 9, "创新": 8, "国际": 10, "论坛": 7, "媒体": 12, "技术展": 7, "京": 5, "揭幕": 5, "央视": 6, "AI": 3, "制作": 6, "展示": 6, "索尼": 3, "8K": 3, "拍摄": 5, "华为": 34, "网络": 3, "家庭": 3, "场景": 4, "展区": 3, "前沿": 3, "先进": 3, "技术": 8, "视频": 14, "设备": 3, "当天": 1, "中央": 3, "广播": 3, "电视": 3, "总台": 2, "公司": 1, "战略": 1, "合作": 2, "协议": 2, "签约": 1, "活动": 1, "围绕": 1, "4K/8K": 1, "全方位": 1, "产业": 1, "深度": 1, "O": 3, "900": 4, "手机": 14, "摄影": 2, "视觉": 1, "中国": 10, "恢复": 1, "上线": 1, "照片": 3, "版权": 1, "都": 3, "规范化": 1, "事件": 1, "都会": 1, "市场": 1, "健康": 1, "规矩": 1, "发": 1, "原创": 1, "内容": 1, "作者": 1, "好事": 1, "周末": 1, "成都": 3, "宽窄": 2, "巷子": 2, "华为p30": 2, "试拍": 1, "。。": 2, "光影": 2, "世界": 4, "自由行": 2, "攻略": 2, "寻华": 1, "夏记": 1, "四川": 2, "旅行": 1, "证明": 4, "成都人": 2, "座": 2, "城": 2, "2成都": 2, "·": 1, "汇聚": 2, "全球": 2, "领先": 2, "新媒体": 2, "4月": 4, "21日": 2, "北京": 2, "梅地亚": 2, "中心": 2, "开幕": 2, "新闻": 2, "O网页": 2, "链接": 4, "台央": 1, "广网": 1, "详情": 1, "→O": 1, "网页": 2, "晚上": 1, "吃饭": 1, "三": 4, "企业界": 3, "法律界": 5, "Mate20": 1, "苹果": 4, "说起": 1, "围攻": 1, "android卡": 1, "系统": 2, "好用": 1, "早": 1, "解决": 1, "信号": 2, "、": 12, "电池": 1, "照相": 1, "一项项": 1, "暴击": 1, "弄": 1, "很": 4, "后悔": 2, "买": 3, "真的": 1, "接触": 1, "交流": 1, "夜游": 3, "锦江": 3, "200米": 2, "巨幅": 2, "天府": 2, "幻夜图": 2, "打卡": 2, "网红": 1, "地标": 2, "热火朝天": 1, "架势": 1, "不愧": 1, "银": 1, "！": 17, "P30": 6, "夜景": 3, "大片": 2, "效果": 2, "惊艳": 1, "​": 14, "建议": 1, "雷军": 1, "联发科": 1, "收购": 1, "改": 2, "名字": 1, "凤凰": 1, "处理器": 1, "主打": 1, "高端": 1, "对着": 1, "干": 1, "生活": 3, "哥斯达黎加": 3, "热带": 3, "雨林": 8, "蜘蛛": 3, "猴": 3, "人类": 3, "非法": 3, "砍伐": 3, "盗猎": 3, "濒临": 3, "灭绝": 3, "RFCx雨林": 2, "保护": 5, "组织": 2, "回收": 2, "制造": 2, "守卫者": 2, "超过": 1, "2500": 1, "平方公里": 1, "土地": 1, "利用": 1, "@": 2, "华为云AI": 2, "精准": 2, "识别": 3, "电锯": 2, "卡车": 2, "噪音": 2, "即时": 2, "护林员": 2, "发出": 2, "警报": 2, "戳": 1, "背后": 1, "故事": 1, "L华": 3, "终端": 1, "官方": 1, "台湾": 2, "发布": 2, "队伍": 1, "排出": 1, "几百": 1, "米": 1, "盛况": 1, "老大": 1, "气势": 1, "实力": 3, "说话": 1, "做好": 2, "研发": 1, "产品": 6, "这是": 2, "P30pro广角": 1, "鲜艳": 1, "模式": 3, "艺术": 1, "感​": 1, "拍": 2, "美照": 1, "只能": 1, "666": 1, "逆天": 1, "服辣": 1, "P30Pro": 1, "小米": 1, "9": 1, "超级": 1, "样张": 1, "对比": 2, "提示": 1, "：": 13, "请长": 1, "查看": 1, "原图": 1, "细节": 1, "翻译": 8, "讲究": 1, "信达雅": 1, "苏联": 1, "同志": 1, "古拉格包": 1, "吃住": 1, "走": 1, "大清": 1, "赐卿": 1, "宁古塔": 1, "户口": 1, "日本": 1, "坐": 1, "潜艇": 1, "瓜岛": 1, "天闹": 1, "黑卡": 1, "板载": 1, "髮国": 1, "皇帝": 1, "陛下": 1, "岛上": 1, "上好": 1, "红酒": 1, "大嘤": 2, "女王": 1, "命令": 1, "前往": 1, "澳大利亚": 1, "开荒": 1, "公务员": 1, "斯旺西车": 1, "管所": 1, "停": 1, "勿念": 1, "": 1, "神话": 1, "SHINH": 1, "WA华": 1, "牌": 1, "拍照": 1, "望远镜": 1, "实测": 1, "位置": 1, "f5": 1, "挂": 1, "舞台": 1, "坐区": 1, "栏杆": 1, "云台": 1, "肯定": 1, "清晰": 1, "Tech4All": 2, "聆听": 1, "拯救": 1, "全天候": 1, "接收": 1, "声音": 1, "信息": 2, "AIFOREARTH#AI": 1, "解读": 1, "人工": 1, "智能": 2, "动物": 1, "O读": 1, "懂": 1, "猴语": 1, "听": 1, "广西": 7, "身边": 1, "骄傲": 2, "第一": 7, "女": 4, "实习": 3, "舰长": 3, "韦慧晓": 1, "超酷": 1, "壮族": 1, "女子": 1, "韦": 3, "慧晓": 4, "革命": 2, "老区": 2, "百色": 3, "23岁": 2, "就职": 2, "27": 2, "岁": 8, "环球": 2, "洲际": 2, "小姐": 2, "大赛": 2, "特区": 2, "赛区": 2, "十佳": 2, "同年": 2, "名": 2, "考入": 2, "中山": 2, "大学": 2, "研究生": 2, "28": 2, "赴": 2, "西藏": 2, "支教": 2, "30岁": 2, "博士": 2, "31": 2, "军队": 2, "投": 2, "3": 2, "简历": 2, "自荐": 2, "材料": 3, "写": 2, "200多": 2, "页": 2, "35": 2, "接到": 2, "入伍": 2, "通知书": 2, "从此": 2, "迈入": 2, "军旅": 2, "生涯": 2, "L": 2, "日报": 2, "开讲": 2, "拍人": 1, "竟然": 1, "兔头": 1, "串串": 1, "火锅": 1, "失望": 1, "想": 1, "到底": 1, "神仙小可耐": 1, "拍出": 1, "实习舰": 1, "长韦": 1, "酷": 1, "壮族人": 1, "中大": 1, "校友": 1, "任正非": 4, "接受": 7, "德国": 3, "采访": 3, "西方": 3, "国家": 3, "崛起": 3, "17日": 1, "商报": 1, "经济": 1, "周刊": 1, "再次": 1, "针对": 1, "美国": 2, "打压": 1, "表态": 1, "警告": 1, "冷战": 1, "正是": 1, "挑起": 1, "贸易": 1, "摩擦": 1, "导致": 1, "变得": 1, "激进": 1, "平衡": 1, "希望": 1, "发生": 2, "冲突": 1, "开放": 1, "P30pro": 1, "大光圈": 1, "实拍": 1, "拍完": 1, "显示": 1, "加载": 1, "秒": 1, "9102年": 1, "卡机": 1, "体验": 2, "好意思": 1, "卖": 1, "做机": 1, "内": 2, "美图": 1, "秀秀": 1, "歹先": 1, "延迟": 1, "50": 1, "×": 1, "放大": 1, "试": 1, "预料": 1, "渣": 1, "偷拍党": 1, "够用": 1, "毕竟": 1, "撸点": 1, "低": 1, "吊": 1, "单反": 1, "呵呵呵": 1, "LLilys": 1, "园艺": 1, "蜘蛛猴": 1, "请": 2, "演奏": 1, "丛林": 1, "歌王": 1, "方式": 1, "Tech4Earth": 1, "守卫": 1, "家园": 1, "交响乐": 1, "和谐": 1, "奏响": 1, "AIFOREARTH": 1, "未": 1, "待续": 1, "24日": 1, "新加坡": 1, "市民": 1, "排队": 1, "P30ProLC": 1, "科技": 2, "秒拍": 1, "Pro": 1, "倍": 1, "变焦": 1, "大熊猫": 2, "居然": 1, "预设": 1, "折叠": 2, "分为": 1, "内折": 3, "外折": 6, "多折": 2, "形态": 1, "三星": 1, "柔宇": 1, "折": 1, "各家": 1, "开发": 1, "朱": 1, "信庆": 1, "弯折": 3, "半径": 1, "厚度": 2, "次数": 1, "难点": 1, "屏幕": 4, "皱褶": 2, "不平": 1, "；": 1, "外面": 1, "硬": 1, "耐久性": 1, "要好": 1, "耐": 1, "冲击": 1, "O三星": 1, "折叠屏": 1, "测评": 1, "故障": 1, "频": 1, "这项": 1, "究竟": 1, "难": 1, "告诉": 1, "狗​": 1, "国内": 1, "企业": 1, "营收": 1, "排名": 1, "厉害": 1, "perthsaint": 1, "🖤♥": 1, "️pinson": 1, "窥探": 1, "温柔": 1, "万分之一": 1, "扣": 1, "四": 1, "炮": 1, "剩下": 1, "像素": 1, "——": 1, "2019.04.20/EncounterPS": 1, "🖤": 1, "❤️": 1, "RemindersFan": 1, "Meeting": 1, "❗❗": 2, "EncounterPS": 1, "资源": 1, "禁": 3, "水印": 1, "传": 1, "商用": 1, "转载": 1, "注明": 1, "出处": 1, "​​​LEncounterPS·ChinaFC": 1, "​​​": 1, "外媒": 1, "上手": 2, "MateX折": 2, "叠屏": 2, "屏惹": 2, "担忧": 2, "GSMArena": 1, "评测": 1, "人员": 1, "MateX": 1, "握持感": 1, "展开": 1, "薄": 1, "11": 1, "麻烦": 1, "担心": 1, "放入": 1, "口袋": 1, "情况": 1, "划伤": 1, "铰链": 1, "结构": 1, "防水": 1, "O外媒": 1, "L凤凰网": 1, "熊猫": 1, "🐼": 1, "吃": 1, "竹子": 1, "喜感": 1, "哇哈哈": 1, "😜😜": 1, "玩出": 1, "春光": 1, "春游": 1, "季": 1}