{"华为": 44, "逆光": 1, "。。。": 2, "​": 17, "P30Pro": 1, "拍": 4, "效果": 5, "阅兵": 8, "直播": 11, "信号": 4, "要好": 1, "很多": 10, "赶紧": 1, "打钱": 1, "提前": 2, "结束": 1, "亚美尼亚-格鲁吉亚": 1, "访问": 1, "昨赶": 1, "回来": 1, "观": 1, "庆典": 3, "时差": 1, "倒": 2, "睡眠": 1, "请": 2, "自动": 1, "无视": 1, "憔悴": 1, "脸": 1, "一会儿": 2, "即时": 1, "分享": 1, "苹果机": 2, "实况": 1, "明天": 2, "发华": 1, "现场": 10, "图片": 1, "数据": 1, "来得及": 1, "带": 2, "机子": 1, "顺便": 3, "检验": 1, "P30pro新机": 1, "北京": 7, "·": 3, "天安门": 4, "广场": 4, "白衣如雪": 1, "步履轻盈": 1, "9月": 1, "30日": 1, "周一": 1, "一早": 1, "孟晚舟": 15, "乘坐": 1, "轿车": 1, "抵达": 1, "法院": 1, "身穿": 1, "白色": 2, "套": 1, "裙装": 1, "手持": 2, "据称": 1, "新款": 1, "手机": 17, "出庭": 1, "神情": 1, "轻松": 1, "自若": 1, "回答": 2, "传媒": 1, "提问": 1, "CFO": 2, "请求": 1, "终止": 2, "引渡": 2, "美国": 4, "聆讯": 1, "第四": 1, "控方": 6, "律师": 1, "弗雷特（RobertFrater": 1, "反驳": 2, "辩方": 7, "声称": 1, "加拿大": 4, "当局": 2, "协助": 1, "美方": 2, "秘密": 2, "调查": 4, "错误": 1, "微不足道": 1, "提醒": 1, "法庭": 2, "全程": 2, "都": 14, "录影": 1, "录音": 1, "透露": 1, "骑警": 4, "制定": 1, "飞机": 2, "拘捕": 2, "计划": 1, "次日": 1, "当日": 1, "边境局": 2, "CBSA": 8, "开会": 1, "改为": 1, "官员": 4, "实施": 1, "隐蔽": 1, "会议": 1, "记录": 3, "交给": 1, "无权": 1, "执行": 2, "拘捕令": 2, "程序": 3, "弗雷特": 3, "扣押": 1, "电子": 4, "设备": 5, "检查": 1, "携带": 1, "7": 1, "件": 2, "行李": 1, "合法": 1, "提供": 3, "问话": 1, "显示": 5, "展开": 1, "业务": 2, "对此": 2, "顾虑": 1, "问及": 1, "伊朗": 1, "孟": 1, "立刻": 1, "质疑": 1, "身居": 1, "管理": 1, "高层": 1, "不知": 1, "早前": 1, "提出": 1, "一个": 5, "理据": 1, "海关": 1, "走": 6, "装置": 4, "交出": 1, "密码": 1, "观点": 1, "毫无": 2, "事实上": 1, "打开": 1, "搜寻": 1, "联邦": 1, "调查局": 1, "FBI": 1, "尝试": 1, "归还": 1, "索取": 2, "文件": 2, "超过": 1, "法律": 1, "参与": 3, "案件": 1, "当事人": 1, "方式": 3, "包括": 4, "电邮": 1, "撒网": 1, "获取": 1, "信息": 1, "理由": 2, "法官": 1, "陈词": 1, "期间": 1, "打断": 1, "作出": 1, "质询": 2, "针对": 1, "执法": 1, "权限": 1, "次数": 1, "上周": 1, "发言": 1, "堂堂": 1, "世界级": 1, "科技": 2, "巨头": 1, "居然": 1, "当作": 1, "罪犯": 1, "监控器": 1, "愤慨": 1, "！": 16, "小米": 2, "雷军": 2, "红米": 1, "卢伟冰": 1, "还上": 1, "花车": 1, "人逢喜事精神爽": 1, "很": 10, "开心": 1, "感觉": 2, "任正非": 3, "喷": 1, "爱国": 3, "营销": 1, "深圳": 1, "太": 6, "远": 1, "彩排": 3, "低调": 1, "喜欢": 2, "抛头露面": 1, "婉拒": 1, "40": 1, "周年": 3, "改革": 1, "开放": 1, "杰出": 1, "人物": 2, "颁奖": 1, "典礼": 1, "查查": 1, "马云": 1, "马化腾": 1, "大佬": 1, "有没有": 1, "许家印": 1, "城楼": 1, "那种": 1, "本事": 1, "贡献": 1, "了得": 1, "香港": 2, "光头": 1, "警察": 1, "还给": 1, "特写": 1, "挺": 3, "优秀": 1, "学习": 1, "致敬": 1, "国庆": 10, "联欢": 2, "晚会": 1, "上几": 1, "残照": 1, "夜景照": 1, "真的": 2, "赞": 1, "苹果": 5, "远景拉": 1, "镜头": 1, "实在": 1, "烂": 1, "热": 1, "罢工": 1, "差不多": 2, "电": 2, "P30pro": 2, "支撑": 1, "只能": 2, "回头": 1, "整理": 1, "国内": 1, "明星": 2, "抛弃": 1, "扎堆": 1, "代言费": 1, "为啥": 1, "还要": 1, "Mate30P": 2, "RO": 2, "体验": 6, "段": 1, "时间": 3, "才能": 1, "发现": 3, "、": 14, "评测": 1, "未必": 1, "告诉": 1, "毛病": 1, "：": 4, "音量": 7, "调节": 3, "成功率": 3, "条": 2, "操作": 2, "位置": 4, "过于": 2, "单手": 1, "握持": 2, "屏幕": 6, "指纹": 2, "靠下": 1, "本身": 1, "台": 2, "细长型": 1, "重心": 1, "相对于": 1, "距离": 2, "长": 4, "加上": 1, "机身": 1, "略": 1, "偏重": 1, "解锁": 1, "零安全感": 1, "内容": 4, "边缘": 1, "意义": 1, "EMUI10": 1, "锅": 1, "意识": 1, "尽量": 3, "桌面": 1, "/": 1, "设置": 1, "避开": 1, "两侧": 1, "阴影": 1, "一部分": 1, "自带": 2, "商城": 2, "竟然": 1, "适配": 1, "怼": 1, "影响": 1, "浏览": 1, "第三方": 2, "惨": 1, "EMUI": 1, "10": 1, "粗糙": 1, "边距": 1, "事情": 2, "暂时": 1, "顾上": 1, "理解": 1, "没法儿": 1, "统一": 1, "指": 2, "关节": 2, "截屏": 4, "跟防": 1, "误触": 1, "机制": 1, "冲突": 1, "键": 3, "这几天": 1, "功能": 3, "忽": 2, "低": 1, "相对来说": 1, "稳定": 4, "试": 1, "姿势": 1, "失败": 1, "手指": 1, "稍微": 2, "用力": 1, "下意识": 1, "想": 7, "稳": 1, "放": 1, "曲面": 2, "过渡": 1, "情景": 1, "放松": 1, "一点": 2, "接触": 1, "成像": 2, "不用": 1, "担心": 1, "现阶段": 1, "速度": 2, "拍完": 1, "照片": 2, "后台": 1, "主摄": 1, "还好": 1, "长焦": 1, "超广角": 1, "拍照": 3, "流程": 1, "场景": 2, "不爽": 1, "截至": 1, "Mate30PRO": 1, "印象": 1, "偏": 2, "正面": 1, "细节": 3, "上半年": 1, "P30PRO": 1, "这块": 1, "没用": 1, "弯屏": 1, "类似": 1, "拖": 1, "后腿": 1, "地方": 2, "员工": 1, "裁": 1, "年龄": 1, "沟通": 4, "离职": 2, "日期": 1, "设计": 3, "三": 2, "考核": 1, "周期": 1, "降级": 1, "背C": 1, "想想": 1, "C就C": 1, "确实": 4, "A": 1, "料": 1, "不行": 5, "埋头": 1, "做事": 1, "忽略": 1, "做人": 1, "弄到": 1, "怀疑": 2, "人生": 1, "就要": 1, "离开": 2, "感谢": 1, "财富": 1, "自由": 3, "家庭": 3, "发展": 1, "关键": 1, "经济基础": 1, "考勤": 2, "截止": 2, "第一": 1, "心声": 1, "发帖": 1, "从何": 1, "说起": 1, "碎碎念": 1, "8月底": 1, "领导": 2, "退休": 3, "9月底": 2, "合同": 1, "未": 1, "到期": 1, "希望": 5, "10月份": 1, "政策": 1, "事实": 2, "证明": 1, "10月": 2, "公司": 8, "十几": 4, "一家": 2, "敬佩": 1, "任职": 1, "骄傲": 1, "感情": 1, "半": 1, "小时": 1, "手续": 1, "分钟": 1, "颗": 1, "螺丝钉": 1, "伤感": 1, "青春": 1, "回忆": 1, "舍不得": 1, "相处": 1, "同事": 1, "共事": 1, "40多": 1, "外面": 1, "好找": 1, "工作": 2, "35": 2, "岁": 2, "照顾": 1, "经济": 2, "压力": 1, "毕竟": 1, "小孩": 1, "花钱": 1, "提": 1, "建议": 2, "狼性": 1, "尽早": 1, "找": 1, "单位": 3, "国企": 1, "事业": 2, "刚": 1, "毕业": 1, "年轻": 1, "惯": 1, "城市": 1, "回": 1, "荣耀": 5, "魅族": 1, "三星": 1, "联想": 1, "中兴": 1, "品牌": 1, "宣传": 1, "海报": 1, "文案": 1, "女星": 1, "佟丽娅": 2, "赴": 1, "观看": 1, "袭": 1, "白衣": 2, "清爽": 1, "干净": 1, "美丽": 1, "动人": 1, "​手": 1, "爱机": 1, "盛典": 2, "到底": 1, "方阵": 1, "#​": 1, "5G": 19, "中国": 10, "金秋": 1, "秋高气爽": 1, "庆祝": 1, "中华": 1, "人民": 6, "共和国": 1, "成立": 1, "70": 4, "大会": 1, "盛大": 1, "游行": 1, "首都": 1, "活动": 2, "举国": 1, "欢庆": 1, "日子": 1, "联通": 1, "电信": 1, "联手": 1, "顺利": 2, "保障": 5, "+": 4, "4K": 5, "超高清": 7, "视频": 7, "全国": 3, "呈现": 2, "场": 1, "精彩": 2, "视觉": 1, "盛宴": 1, "本次": 2, "区域": 2, "长安街": 1, "建国门": 1, "西单": 1, "路口": 1, "总共": 1, "5.2KM": 1, "网络": 9, "流畅": 1, "三大": 2, "运营商": 2, "规划": 1, "建设": 2, "联合": 4, "调测": 1, "优化": 3, "首次": 3, "状态": 2, "采用": 1, "华为端": 1, "端": 1, "64T64": 1, "R": 1, "基站": 1, "AAU": 1, "核心": 1, "网": 1, "商用": 1, "终端": 3, "Mate20X": 1, "电视台": 2, "摄像机": 1, "对接": 1, "8月份": 1, "演练": 1, "必将": 1, "极大": 1, "改变": 1, "生活": 2, "传播": 1, "全世界": 3, "展现": 1, "蕴藏": 1, "价值": 2, "社会": 2, "千": 1, "百业": 1, "增长": 1, "点亮": 1, "美好": 2, "未来": 2, "这是": 1, "携手": 1, "助力": 2, "中央": 2, "广播": 1, "电视": 1, "总台": 1, "全球": 2, "5GSA": 2, "独立": 2, "组网": 1, "室外": 1, "大规模": 1, "迄今为止": 1, "创新": 2, "技术": 2, "手段": 2, "密集": 1, "级别": 1, "专项": 1, "项目": 1, "O": 1, "直播​": 1, "感受": 1, "爱国主义": 2, "动员": 2, "贸易战": 1, "…": 1, "一个个": 1, "节点": 1, "自发": 1, "热情": 1, "节节": 1, "升高": 1, "顶点": 1, "历史": 1, "成就": 1, "美化": 1, "现政权": 1, "肯定": 2, "国民": 1, "平等": 1, "自强": 1, "期盼": 1, "回应": 1, "框架": 1, "祝愿": 1, "祖国": 6, "幸福": 1, "英雄": 1, "永垂不朽": 1, "华诞": 1, "到来之际": 1, "忽然": 1, "国力": 1, "美利": 1, "坚比": 1, "福利": 1, "北欧": 1, "环境": 1, "机械": 1, "制造": 2, "德国": 1, "；": 6, "长城": 1, "丰田": 1, "C919": 1, "波音比": 1, "……": 2, "恨不得": 1, "国": 1, "Vs": 1, "高端": 1, "国家": 1, "建国": 1, "短短": 1, "努力": 3, "今日": 2, "高度": 2, "赞美": 1, "诋毁": 1, "人无完人": 1, "完美": 1, "有人": 1, "我国": 2, "武器": 3, "保护": 1, "外国": 1, "牛": 2, "揍": 1, "热爱": 1, "不尽人意": 1, "追赶": 1, "提高": 1, "母亲": 2, "孩子": 1, "爱": 2, "李召军": 1, "正能量": 2, "京哥": 1, "旁边": 1, "Mate20Pro": 1, "五光十色": 1, "白": 2, "纯净": 1, "灿烂": 1, "锐": 1, "大使": 1, "@": 1, "Johnny": 1, "黄景瑜": 1, "带来": 1, "9": 1, "X": 1, "全息": 1, "冰岛": 1, "10:08": 1, "正式": 2, "开售": 1, "TA": 1, "": 2, "黄景": 1, "瑜​": 1, "美": 1, "眼睛": 1, "假期": 1, "游": 1, "世界": 1, "超高": 1, "HDR下": 1, "Mate30": 1, "Pro": 1, "动态": 1, "图像": 2, "深度": 1, "富含": 1, "记忆": 1, "旅行": 1, "日志": 1, "朋友圈": 1, "脱颖而出": 1, "此刻": 1, "前往": 1, "____": 1, "路上": 1, "摄影师": 1, "陈文昌": 1, "王栋": 1, "Kakaphoto": 1, "(": 1, "卡卡": 1, ")": 1, "严磊": 1, "震": 1, "李珩": 1, "​​": 2, "夸": 1, "A13": 1, "芯片": 2, "麒麟": 1, "990": 1, "牛逼": 1, "了不起": 1, "讲": 1, "弱信号": 1, "打电话": 1, "上网": 1, "发热": 1, "控制": 1, "续航": 1, "尿崩": 1, "无线": 2, "充电": 1, "功率": 1, "别人": 4, "八分之一": 1, "备份": 1, "icloud": 1, "烫手": 1, "狂掉": 1, "反充": 1, "摄像头": 2, "谈cpu": 1, "gpu": 1, "做好": 1, "性能": 1, "发挥": 1, "合适": 1, "mate30pro": 2, "取消": 3, "自拍": 4, "虚拟": 2, "按键": 3, "操控": 1, "拍虚": 1, "小心": 1, "手滑": 1, "摔": 1, "声控": 1, "笑脸": 1, "抓拍": 1, "定时": 1, "倒计数": 1, "糊": 1, "对比": 1, "小伙伴": 1, "艺画": 1, "开天": 1, "制作": 1, "荷光者": 2, "梵蒂": 1, "主题": 3, "上线": 1, "梵蒂是": 1, "灵笼": 4, "动画剧": 1, "监管": 1, "灯塔": 1, "民众": 1, "光影值": 1, "执法者": 1, "面容": 1, "隐藏": 1, "监测仪": 1, "面具": 1, "之下": 1, "限于": 1, "冷酷": 1, "判决": 1, "严苛": 1, "处罚": 1, "下载": 2, "系列": 2, "限时": 1, "折扣": 1, "快": 1, "商店": 1, "搜索": 1, "转播": 1, "搞": 1, "模式": 1, "保证": 1, "当天": 1, "传送": 1, "重视": 1, "协调": 1, "300多": 1, "名": 1, "专家": 1, "历时": 1, "调试": 1, "日报": 1, "机器": 1, "V30": 1, "款": 1, "本人": 1, "女儿": 1, "一身": 1, "面带微笑": 1, "面对": 2, "开庭": 1, "脚镣": 1, "微笑": 1, "加狗": 1, "美帝": 1, "赤裸裸": 1, "绑架": 1, "加油": 2, "L茂哥": 1, "日记": 1, "嘲笑": 1, "USB": 1, "C": 1, "华为口": 1, "耳机": 1, "AirPods": 1, "好像": 1, "找到": 1, "MATE30": 1, "灵感": 1, "飞": 1, "不说": 1, "。。": 1, "正确": 1, "能力": 1, "硬": 1, "实力": 1, "企业": 1, "越来越": 4, "投机": 1, "取巧": 1, "博主": 1, "蝇营狗苟": 1, "粉丝": 1, "付出": 1, "富强": 1, "正直": 1, "正义": 1, "媒体": 1, "仪式": 1, "录播": 1, "支持": 1, "系统": 1, "毫无例外": 1, "主力军": 1, "vivoNEX3": 1, "Mate30Pro": 3, "实体": 2, "双击": 1, "侧边": 1, "调出": 1, "NEX3": 2, "右侧": 1, "线性": 1, "马达": 1, "反馈": 1, "棒": 1, "实体键": 1, "厂商": 1}