{"华为": 61, "证实": 7, "生产": 10, "含": 8, "美国": 34, "部件": 10, "5G": 32, "基站": 11, "创始人": 7, "任正非": 18, "9月": 8, "26日": 7, "一个": 5, "商务": 3, "论坛": 6, "脱离": 8, "零部件": 13, "生存": 8, "包含": 3, "明年": 3, "产量": 3, "恢复": 6, "供应": 15, "供应商": 2, "30多": 2, "交情": 2, "感情": 6, "挣钱": 12, "朋友": 6, "战略部": 1, "总裁": 1, "张文林": 1, "路透社": 1, "表现": 1, "差": 1, "L": 14, "时间": 7, "财经": 8, "视频": 45, "研发": 7, "6G": 50, "！": 7, "还要": 3, "多久": 3, "到底": 6, "6": 3, "未": 5, "铺开": 3, "跃跃欲试": 3, "等下": 3, "……": 3, "玩": 3, "近日": 6, "条": 3, "研究": 9, "新闻": 3, "登上": 3, "热搜": 3, "网友": 3, "发出": 3, "灵魂": 3, "相关": 3, "进展": 3, "阶段": 3, "关键": 3, "核心": 3, "技术": 9, "2019年": 3, "全国": 3, "通信": 9, "理论": 3, "学术": 3, "会议": 3, "暨": 3, "领域": 9, "创新": 3, "发展": 5, "业内": 3, "专家": 3, "刚刚": 3, "起步": 3, "建立": 3, "国际": 3, "统一": 3, "标准": 3, "区别": 3, "构建": 3, "空": 3, "、": 19, "海": 3, "一体化": 3, "网络": 3, "频段": 6, "毫米": 3, "波频": 3, "段": 3, "拓展": 3, "太赫兹": 3, "数据": 7, "传输": 6, "速率": 3, "有望": 3, "快": 3, "100倍": 3, "时延": 3, "亚毫": 3, "秒级": 3, "水平": 3, "用户": 4, "个性化": 3, "服务": 3, "物联网": 3, "工业": 3, "互联网": 3, "无人": 3, "驾驶": 3, "智能": 3, "工厂": 3, "都": 7, "广阔": 3, "前景": 3, "开发": 3, "并行": 3, "规模化": 3, "很": 7, "远": 3, "对此": 3, "消费者": 3, "业务": 3, "CEO": 3, "余承东": 3, "接受": 3, "央视": 6, "记者": 3, "采访": 3, "回应": 5, "估计": 4, "10年": 4, "酷燃": 3, "Mate30Pro": 5, "一点": 1, "想": 1, "告诉": 1, "真的": 2, "质感": 1, "棒": 2, "手机": 12, "度": 1, "镜头": 2, "遗憾": 1, "希望": 1, "喜欢": 1, "贼": 1, "累求": 1, "转发": 2, "抱歉": 1, "刚才": 1, "字幕": 1, "错": 1, "传": 1, "老师": 7, "同学": 25, "​": 18, "：": 12, "全世界": 1, "自信": 1, "底气": 1, "点赞": 1, "L环球": 1, "纪录": 1, "频道": 1, "挺": 3, "稳": 2, "时长": 1, "长": 2, "L老师": 2, "秒拍": 11, "西方": 8, "公司": 8, "拿到": 8, "产品": 8, "信心": 4, "大增": 4, "货": 4, "这是": 5, "事实": 4, "老板": 7, "联播": 5, "秋风": 1, "蟹儿": 1, "黄": 1, "著名": 1, "歌手": 1, "吃": 2, "爽": 1, "季节": 1, "阳澄湖": 2, "大闸蟹": 1, "现场": 3, "版先": 1, "下手": 1, "夜景": 1, "拍": 1, "赞": 1, "@": 3, "联播L": 2, "扔": 2, "硬币": 2, "魔术": 1, "孟非": 1, "陆川": 1, "哈哈哈": 1, "笑": 1, "停": 2, "徐峥": 2, "导演": 1, "教": 1, "1": 2, "秒钟": 2, "学会": 1, "台": 1, "Mate30": 4, "~": 1, "L西瓜": 2, "李": 3, "姥姥": 3, "神何": 1, "体验": 2, "发布": 2, "想到": 2, "测评": 1, "结尾": 2, "走心": 2, "赢": 1, "才": 1, "博君": 1, "肖": 1, "永远": 1, "支持": 5, "👌🏿": 1, "👌": 1, "🏿L": 1, "第一": 1, "灵": 1, "评": 1, "讲述": 1, "星期": 1, "再次": 1, "朴实易懂": 1, "风格": 1, "呈现": 1, "这部": 1, "使用感": 1, "这几年": 1, "见解": 1, "身边": 2, "越来越": 1, "原因": 1, "请": 1, "分钟": 1, "话题": 1, "热门": 1, "整整齐齐": 1, "阅兵": 1, "盛赞": 2, "评测": 2, "恰饭恰": 1, "小单": 1, "出动": 1, "营销号": 1, "整齐": 1, "加上": 2, "内容": 1, "倾向": 1, "懂": 1, "广告": 1, "营销": 1, "无孔不入": 1, "无处不在": 1, "猝不及防": 1, "财经L": 1, "早": 1, "买": 4, "苹果": 1, "白": 1, "L朴鸣": 1, "Piaoming": 1, "每次": 1, "想象": 4, "未来": 1, "4G": 1, "带来": 1, "改变": 1, "5": 1, "年前": 1, "围观": 1, "直播": 1, "意外": 1, "发现": 1, "山争": 1, "哥哥": 1, "萌点": 1, "哇哇": 1, "回": 1, "！！！！": 1, "超高速": 5, "摄影": 2, "拍下": 1, "表情": 1, "管理": 1, "失控": 1, "样子": 1, "太": 2, "可爱": 1, "哈哈哈~L": 1, "西瓜": 1, "港媒": 1, "O华": 1, "7680": 2, "帧": 3, "/": 3, "秒": 5, "录像": 1, "以往": 1, "借助": 1, "昂贵": 1, "专业": 1, "设备": 1, "才能": 2, "拍摄": 2, "子弹": 2, "出膛": 2, "轻松": 1, "功能": 1, "三": 1, "能力": 3, "增强": 1, "定制": 1, "颗": 1, "电影": 1, "摄像头": 2, "读": 1, "写": 1, "HD1920": 1, "输出": 2, "业界": 1, "硬件": 1, "；": 2, "麒麟990": 2, "之间": 1, "实时": 1, "3": 1, "麒麟": 1, "990": 1, "内置": 1, "新一代": 1, "ISP": 1, "超高帧率": 1, "庞大": 1, "计算量": 1, "三点": 1, "后期": 1, "AI": 1, "运动": 4, "补偿": 1, "插帧": 1, "算法": 1, "最终": 1, "生成": 1, "帧率": 1, "录制": 1, "高速": 1, "播放": 1, "256": 2, "实在": 1, "自动": 1, "抓取": 1, "合适": 1, "35": 1, "精彩": 1, "时刻": 1, "拍到": 1, "找到": 1, "合法": 1, "射击场": 1, "相机": 1, "选择": 1, ">慢": 1, "动作": 1, "设置": 1, "x速率": 1, "打开": 1, "侦测": 2, "开关": 1, "调整": 1, "框": 1, "大小": 1, "枪口": 3, "前方": 1, "按下": 1, "快门": 1, "开枪": 1, "切记": 1, "至少": 1, "操作": 1, "远离": 1, "射击": 1, "方向": 2, "视野": 1, "覆盖": 1, "米": 1, "距离": 1, "环境": 1, "光线": 1, "足够": 1, "亮": 1, "背景": 1, "深色": 1, "L李小龙": 1, "Bruce_Lee": 1, "聊": 2, "历史": 1, "抛": 1, "简（硬）单": 1, "币": 1, "办法": 1, "解决": 1, "不行": 1, "活动": 1, "提前": 1, "剧透": 1, "中午": 1, "节前": 1, "不少": 1, "推荐": 1, "这次": 1, "看完": 1, "非洲": 1, "王": 1, "传音": 4, "起诉": 3, "收到": 3, "起诉状": 2, "影响": 2, "30日": 2, "上市": 2, "29日": 1, "控股": 3, "法院": 1, "人士": 1, "南方": 1, "都市报": 1, "称": 1, "正式": 1, "法律": 1, "文书": 1, "金额": 1, "公告": 1, "此前": 1, "著作权": 1, "权属": 1, "侵权": 1, "纠纷": 1}