{"整点": 1, "播": 1, "每经": 2, "23点丨": 3, "涪陵": 5, "榨菜": 15, "台湾": 5, "名嘴": 3, "寄": 4, "箱": 4, "；": 12, "华为": 72, "加拿大": 8, "启动": 6, "6G": 9, "网络": 9, "研究": 7, "爱尔": 3, "眼科": 3, "创始人": 5, "老": 3, "股东": 8, "赠": 3, "股票": 4, "1": 1, "、": 25, "大陆人": 2, "吃": 3, "节目": 2, "海外网": 1, "黄世聪": 2, "声称": 2, "引发": 1, "网友": 2, "群嘲": 1, "对此": 1, "乌江": 1, "官方": 1, "寄往": 1, "台北": 2, "包裹": 1, "照片": 1, "感谢": 1, "推荐": 1, "中国": 14, "1000": 1, "历史": 2, "激发": 1, "炫f": 1, "聪明才智": 1, "热情": 2, "安排": 3, "寄送": 1, "告诉": 2, "项链": 1, "上市": 6, "周年": 1, "拟": 1, "3": 2, "外媒": 4, "：": 24, "大学": 5, "研究者": 4, "洽谈": 3, "4": 2, "船舶": 1, "调整": 1, "资产": 1, "重组": 2, "方案": 1, "5": 6, "香港": 4, "非法": 1, "示威": 1, "集会": 1, "979": 1, "航班": 1, "取消": 1, "特区": 1, "政府": 2, "经济": 2, "负面": 1, "影响": 2, "6": 1, "滴滴": 1, "回应": 1, "下架": 1, "APP": 1, "沟通": 1, "推进": 1, "合规": 1, "工作": 3, "7": 2, "美股": 3, "大跌": 1, "8": 1, "美国": 26, "退出": 1, "WTO": 1, "#O": 1, "O": 3, "″名": 1, "嘴″": 1, "易烊": 1, "千玺生图": 1, "30pro": 1, "手机": 7, "重要性": 1, "饭圈": 1, "女孩": 1, "必备": 2, "哈​": 1, "确认": 1, "称": 3, "展开": 1, "渥太华": 1, "研发": 2, "实验室": 1, "引领": 1, "全球": 3, "发展": 3, "相关": 2, "人员": 1, "5G": 8, "很": 3, "展望": 1, "进化": 1, "一部分": 1, "O华": 1, "洽谈​": 1, "美": 3, "商务部": 1, "推迟": 1, "交易": 1, "禁令": 1, "第一": 3, "印象": 3, "​": 13, "30pro真": 1, "追星": 1, "年内": 3, "推": 1, "智能": 4, "电视": 5, "小米": 6, "一加": 2, "都": 10, "买": 11, "选": 1, "Mate30": 2, "德国": 2, "9月": 3, "19": 1, "首发": 2, "系列": 1, "产品": 2, "国内": 3, "时间": 4, "19日": 1, "🇩🇪": 1, "26日": 2, "Mate3": 1, "09月": 1, "发布": 6, "聊聊": 1, "鸿蒙": 14, "OS": 4, "场景": 1, "分布": 1, "微内核": 1, "为啥": 1, "杠精": 1, "喷华": 1, "系统": 11, "这是": 2, "期": 1, "发牢骚": 1, "视频": 6, "希望": 1, "拥抱": 1, "新鲜": 1, "美好": 1, "事物": 1, "国产": 1, "空间": 1, "！": 9, "L诸葛齉齉": 1, "据说": 1, "员工": 4, "绩效": 1, "考核": 1, "拿到": 3, "一个": 8, "C": 1, "提前": 1, "找": 1, "公司": 7, "一番": 1, "面试": 1, "这位": 2, "阿里巴巴": 1, "offer": 3, "阿里": 1, "调侃": 1, "领导": 4, "同事": 2, "谢谢": 2, "部门": 2, "排挤": 1, "……": 2, "心态": 1, "昨天": 2, "借着": 1, "@": 2, "荣耀": 4, "Life": 1, "成都": 1, "店": 1, "直播": 4, "详细": 1, "体验": 4, "首款": 2, "操作": 8, "终端": 3, "智慧": 2, "屏": 1, "家中": 1, "控制": 2, "管理": 1, "中心": 2, "家居": 1, "大地": 1, "生活": 1, "设备": 2, "交": 1, "大小屏": 1, "互动": 1, "魔法": 2, "控屏": 1, "闪投": 1, "深刻": 1, "机会": 2, "亲自": 1, "～": 1, "米奇": 1, "比心": 1, "]​": 1, "回忆": 1, "去年底": 3, "互联网": 2, "充斥": 1, "国家": 4, "未来": 5, "悲观": 1, "情绪": 3, "54": 1, "岁": 2, "民营": 1, "企业家": 1, "移民": 1, "马耳他": 1, "飞机": 1, "写下": 1, "文章": 2, "极致": 1, "代表": 1, "失望": 1, "笼罩": 1, "过苦": 1, "日子": 1, "所有人": 1, "共识": 1, "经历": 1, "上半年": 1, "经贸": 1, "谈判": 2, "谈拢": 1, "破裂": 1, "过程": 2, "关税": 1, "好几": 1, "轮": 1, "制裁": 3, "放松": 3, "孟": 1, "未": 1, "释放": 1, "毛衣": 1, "前景": 1, "差": 2, "爆发": 1, "暴乱": 1, "闹剧": 1, "愈发": 1, "棘手": 1, "大为": 1, "群情": 1, "激奋": 1, "谴责": 2, "出尔反尔": 1, "废青": 1, "暴力": 1, "卖国": 1, "行径": 1, "愤怒": 1, "演变": 1, "爱国": 2, "如果说": 1, "信心": 3, "低谷": 1, "外部": 1, "事件": 1, "驱动": 1, "民族": 2, "凝聚力": 2, "反弹": 1, "这一切": 1, "发生": 2, "身边": 1, "人身": 1, "瞠目": 1, "察觉": 1, "这才": 1, "D": 1, "收获": 2, "回来": 1, "都会": 1, "迎刃而解": 1, "毕竟": 1, "黄金": 2, "俄罗斯": 8, "优先": 2, "采用": 6, "频段": 4, "缺乏": 1, "建立": 2, "日本": 1, "4.4-4.99GHz": 2, "媒体": 1, "12日": 2, "报道": 2, "2020年": 2, "技术": 4, "构想": 1, "草案": 1, "版本": 1, "大众": 1, "传媒": 1, "通讯部": 1, "提议": 1, "信号": 1, "选择": 4, "领域": 2, "企业": 9, "市场": 4, "6月": 1, "运营商": 3, "签署": 1, "合同": 2, "2019年": 1, "开发": 2, "试点": 1, "推出": 1, "第五": 1, "MTS": 1, "首席": 1, "执行官": 1, "阿列克谢·科尔尼亚": 1, "资格": 1, "下一代": 1, "无线": 4, "提供": 3, "基础": 1, "设施": 1, "来源": 2, "环球": 1, "时报": 1, "L凤凰网": 1, "科技": 3, "凤凰网": 1, "法媒": 1, "有望": 3, "安卓": 3, "终结者": 2, "改变": 3, "硅谷": 2, "法新社": 1, "电信": 1, "巨头": 2, "开启": 1, "条": 1, "技术战": 1, "战线": 1, "利润": 2, "极为": 1, "丰厚": 1, "正面": 1, "竞争": 1, "拥有": 2, "8亿多": 1, "用户": 2, "国度": 1, "王牌": 1, "安心": 1, "提高": 1, "实力": 1, "O法媒": 1, "收盘": 1, "就说": 1, "世运": 1, "电路": 1, "坑人": 1, "跪": 1, "激智": 1, "现核": 1, "按钮": 2, "核": 1, "不少": 2, "捡点": 1, "目标": 1, "猪": 1, "表现": 1, "优异": 1, "针": 1, "挺": 1, "好科": 1, "创板": 1, "唯一": 1, "关注": 1, "微芯": 1, "生物": 3, "暴涨": 1, "估计": 1, "明天": 1, "。。。": 1, "戏华": 1, "概念": 4, "推断": 1, "总体": 1, "合格": 1, "努力": 2, "耐心": 1, "预约": 1, "贴子": 1, "忙": 1, "事情": 1, "CCTVATVVVVV": 1, "2019HDC": 1, "刚刚": 2, "落幕": 1, "穿戴": 1, "&": 1, "运动": 2, "健康": 3, "分论坛": 1, "可谓": 1, "干货": 1, "满满": 1, "HiHealth2.0": 1, "平台": 1, "合作": 2, "伙伴": 1, "探讨": 1, "构建": 1, "产业": 1, "生态": 2, "体验区": 1, "气氛": 1, "热烈": 1, "Codelab": 1, "12": 1, "开发者": 1, "惊喜": 1, "众多": 1, "开发者们": 1, "不懈": 1, "挑战": 1, "突破": 2, "极限": 1, "点赞": 1, "鸿鹄": 1, "818": 1, "芯片": 3, "澎湃": 1, "动力": 1, "七大": 1, "顶级": 1, "画质": 1, "卓越": 1, "视听": 1, "保驾护航": 1, "创新": 3, "大屏": 1, "交互": 1, "方式": 1, "尽显": 1, "客厅": 1, "C位": 1, "美学": 1, "——": 1, "智慧屏": 1, "L华": 1, "上午": 1, "卖出": 1, "早上": 2, "跑路": 1, "新仓": 1, "买进": 1, "工业": 2, "大麻股": 2, "浮盈": 1, "截止": 1, "中午": 1, "仓位": 1, "1成": 1, "下午": 1, "鸡腿": 1, "完善": 1, "长": 2, "路": 1, "走": 1, "各方": 2, "支持": 4, "面临": 1, "困难": 1, "面向": 1, "成功": 1, "跟踪": 1, "20多": 1, "远": 1, "扎": 1, "认准": 1, "方向": 1, "力气": 1, "透": 1, "执行": 1, "能力": 2, "民间": 1, "给予": 1, "期待": 1, "前瞻性": 1, "思维": 1, "开源": 1, "体系": 1, "强大": 1, "硬件": 1, "住": 1, "保证": 1, "头条": 1, "划时代": 2, "意义": 2, "苦读": 1, "打杂": 2, "只能": 1, "默默": 1, "流泪": 1, "毕业": 1, "放弃": 1, "bat": 1, "一次次": 1, "看轻": 1, "每次": 1, "工资": 1, "涨": 2, "太": 2, "红米": 1, "千元机": 2, "草": 1, "垃圾": 2, "卡成": 1, "PPT": 1, "5000": 1, "元": 6, "旗舰": 3, "牛逼": 1, "流畅": 2, "难道": 1, "讽刺": 1, "群": 1, "台": 1, "百元机": 1, "转头": 1, "医药界": 5, "造福": 1, "惊人": 4, "造富": 3, "退市": 4, "回A股": 2, "套现": 7, "66亿": 2, "上百亿": 1, "药明康德": 10, "距离": 1, "国际": 1, "药": 1, "称为": 1, "多年": 1, "活跃": 2, "资本": 1, "2008年": 1, "纽交所": 2, "2015年": 1, "33亿": 1, "美元": 1, "总价": 1, "私有化": 1, "一分为三": 1, "裂变": 1, "三": 3, "新三板": 2, "合全": 2, "药业": 2, "港交所": 1, "药明": 2, "A股": 2, "摘牌": 1, "市值": 4, "200多": 1, "亿": 1, "人民币": 2, "+": 1, "整体": 2, "超过": 1, "2000亿": 1, "翻": 1, "10": 1, "倍": 2, "录得": 1, "16": 1, "涨停": 1, "累计": 1, "涨幅": 2, "501.44%": 1, "天后": 1, "创下": 1, "138.87": 1, "/": 1, "股": 3, "最高价": 1, "一度": 1, "接近": 1, "1500亿": 1, "股价": 2, "大幅": 1, "回落": 1, "IPO": 1, "进驻": 1, "机构": 4, "赚": 1, "盆满钵满": 1, "CRO": 1, "医药": 2, "外包": 1, "服务": 3, "龙头": 1, "长期": 1, "看好": 2, "按理说": 1, "放长线钓大鱼": 1, "解禁期": 1, "刚": 2, "众": 1, "走人": 1, "13日": 1, "公布": 1, "最新": 1, "减持": 2, "计划": 5, "8月": 1, "14日": 1, "收盘价": 1, "计算": 1, "123.6亿": 1, "上百亿O": 1, "60亿": 1, "100亿": 1, "分享": 1, "选股": 1, "逻辑": 1, "实在": 1, "大盘": 1, "高开": 2, "震荡": 1, "走势": 1, "贸易": 1, "科技股": 2, "早盘": 1, "拉高": 2, "短线": 1, "卖点": 1, "近期": 1, "元器件": 1, "追高": 1, "得不偿失": 1, "大麻": 3, "秋季": 1, "即将": 1, "季节": 1, "实质性": 1, "效益": 1, "叠加": 1, "超跌": 1, "原因": 3, "业绩": 1, "支撑": 1, "观察": 1, "军工": 3, "板块": 2, "周边": 1, "局势": 1, "马上": 1, "就要": 1, "炒作": 1, "国庆": 2, "阅兵": 2, "事件性": 1, "题材": 1, "动静": 1, "波": 1, "短期": 1, "隐性": 1, "一点": 2, "央企": 1, "改革": 1, "兜底": 1, "思路": 1, "正值": 1, "北京": 1, "炎夏": 1, "出门": 1, "旅游": 1, "肯定": 1, "美景": 1, "拍拍": 1, "拍": 1, "P30Pro": 1, "20Pro": 1, "7Pro": 1, "iPhoneXSMax": 1, "OPPO": 1, "Reno十": 1, "焦版": 1, "拍照": 1, "横评": 1, "对比": 1, "测评": 1, "L李沛超": 1, "专利": 7, "排名": 5, "出炉": 1, "IB": 1, "M居": 1, "榜首": 1, "京东方": 3, "进美": 1, "知识": 1, "产权": 1, "所有者": 1, "协会": 1, "2018年": 1, "显示": 2, "IBM": 1, "全年": 1, "9088": 1, "项": 2, "位列": 2, "第19": 1, "第20": 1, "数量": 1, "下滑": 2, "情况": 2, "上一年": 1, "提升": 1, "12.4%": 1, "15.3%": 1, "O美": 1, "苹果": 2, "英特尔": 1, "跻身": 1, "美媒": 1, "任正非": 4, "欲": 2, "打造": 6, "支": 3, "钢铁": 1, "师": 1, "抗击": 1, "彭博社": 2, "份": 2, "内部": 2, "备忘录": 2, "警告": 1, "业务": 1, "油箱": 1, "打爆": 1, "来不及": 1, "遭遇": 1, "艰难": 1, "长征": 1, "彭博": 1, "新闻": 1, "见到": 1, "发言人": 1, "证实": 1, "打算": 1, "五": 1, "铁军": 5, "战胜": 1, "打压": 3, "保护": 2, "领先": 1, "地位": 1, "科技战": 1, "瞩目": 1, "磨心": 1, "拘捕": 1, "孟晚舟": 1, "供": 1, "引渡": 1, "受审": 1, "公用": 1, "盟国": 1, "封杀": 1, "切断": 1, "关键": 2, "供应链": 1, "勒令": 1, "子公司": 1, "零件": 1, "本来": 1, "答应": 1, "背信弃义": 1, "拖延": 1, "审批": 4, "拒绝": 1, "90": 2, "暂": 1, "缓期": 1, "很多": 2, "理解": 1, "错": 1, "等于": 1, "做生意": 1, "网": 1, "采购": 1, "备件": 2, "维修": 2, "欧洲": 1, "刚好": 1, "器件": 1, "作用": 1, "微乎其微": 1, "暂缓": 2, "差异": 1, "不大": 1, "抗衡": 1, "真的": 1, "断开": 1, "精英": 1, "打赢": 2, "贸易战": 1, "数码": 1, "发现": 1, "P40": 4, "渲染图": 1, "渲染": 1, "屏下": 1, "前置": 3, "摄像头": 6, "设计": 4, "屏幕": 3, "表面": 1, "水滴屏": 1, "刘海屏": 1, "模块": 1, "玻璃": 2, "下方": 2, "隐藏": 3, "后置": 2, "圆润": 1, "依然": 1, "材质": 1, "机身": 3, "双向": 1, "充电": 3, "滑盖式": 1, "打开": 2, "上半": 1, "颗": 1, "无敌": 3, "应对": 2, "制定": 1, "免遭": 1, "持续": 1, "早些时候": 1, "威胁": 1, "期间": 1, "做好": 4, "供应": 1, "极度": 1, "短缺": 1, "O外媒": 1, "搞": 1, "双标": 2, "简体": 1, "带": 2, "繁体": 1, "强制": 1, "删博": 1, "权利": 1, "肆意": 1, "践踏": 1, "外企": 1, "港澳台": 1, "地区": 1, "注明": 1, "抵制": 1, "道歉": 1, "内核": 1, "源代码": 1, "锅": 1, "洗": 1, "四": 1, "纠正": 1, "保障": 1, "伤害": 1, "消费者": 1, "感情": 1, "2佛山": 1, "头网": 1, "消息": 1, "25W": 1, "Mate30Pro": 1, "25": 1, "W": 2, "充电➕": 1, "55": 1, "超级": 1, "快充": 1, "妥妥": 1, "激进": 1, "～​": 2, "段": 1, "不仅仅": 1, "适用于": 1, "家庭": 1, "当下": 1, "环境": 2, "条件": 1, "正向": 1, "😁": 1, "13亿": 2, "人民": 1, "豆腐": 2, "发": 1, "豆芽": 2, "件": 1, "拼": 1, "祖国": 1}