{"华春莹": 15, "：": 28, "确保": 14, "网络": 34, "防备": 14, "华为": 92, "思科": 33, "苹果": 34, "段": 5, "时间": 5, "美方": 21, "名": 4, "官员": 6, "针对": 4, "世界": 31, "各国": 18, "游说": 4, "称": 13, "美国": 43, "框架": 3, "排除": 4, "5G": 37, "对此": 6, "回应": 5, "一个": 18, "国家": 26, "、": 27, "组织": 5, "公司": 18, "拿出": 7, "证据": 12, "证明": 2, "威胁": 17, "5月": 3, "德国": 5, "每日镜报": 3, "报道": 12, "设备": 6, "漏洞": 3, "2013年": 3, "10": 3, "后门": 9, "事件": 11, "；": 1, "35": 9, "包括": 3, "一度": 1, "亲密": 1, "盟友": 3, "领导人": 1, "长": 9, "10年": 15, "窃听": 17, "实施": 10, "监控": 10, "公开": 5, "情况": 9, "正是": 9, "抱有": 7, "偏见": 9, "结论": 9, "想要": 7, "中国": 20, "韩晓明": 1, "任正非": 31, "转让": 5, "西方": 7, "研发": 5, "9月": 11, "16日": 14, "心声": 8, "社区": 8, "刊登": 6, "接受": 9, "采访": 8, "纪要": 6, "技术": 19, "工艺": 2, "都": 9, "许可": 4, "生产": 2, "同等": 2, "基础": 2, "6G": 37, "研究": 21, "领先": 17, "判断": 3, "才": 8, "投入": 13, "L新京报": 2, "视频": 26, "秒拍": 2, "投票": 1, "采购": 5, "5万": 4, "台": 7, "手机": 11, "买": 3, "招标网": 1, "信息": 11, "显示": 1, "终端": 5, "有限": 1, "产品": 5, "共计": 1, "25万": 1, "CPEpro": 1, "20万": 1, "Mate20X5G": 1, "版": 1, "据悉": 1, "Q2pro路": 1, "由器": 1, "6万": 1, "P306+128": 1, "GB": 1, "时代": 1, "到来": 1, "外交部": 12, "散布": 5, "发言人": 10, "炮制": 8, "散播": 8, "从来": 6, "棱镜门": 8, "曝光": 8, "想": 12, "@": 5, "人民": 10, "L": 8, "称华": 7, "预计": 10, "经济学人": 6, "年后": 5, "此前": 5, "加媒": 3, "8月": 4, "13日": 3, "确认": 5, "加拿大": 6, "渥太华": 5, "老板": 4, "联播": 3, "美元": 6, "可靠": 3, "储备": 4, "货币": 4, "创始人": 2, "10日": 1, "强大": 1, "本来": 1, "警察": 1, "维护": 3, "秩序": 3, "回报": 1, "国际": 3, "流通": 1, "发行": 1, "全世界": 4, "征收": 1, "铸币税": 1, "承担": 1, "稳定": 1, "责任": 1, "吃亏": 1, "机制": 2, "破坏": 1, "信任": 1, "摇摆": 1, "美债": 1, "美股": 1, "发生": 1, "危机": 1, "引发": 1, "内部": 1, "经济": 1, "政治": 1, "动荡": 1, "阅读": 1, "全文": 1, ">": 1, ">O": 1, "美": 6, "2019年": 3, "主持": 2, "例行": 2, "记者会": 2, "实录": 2, "记者": 4, "12日": 2, "国务院": 2, "助卿": 2, "帮办": 2, "斯特雷耶": 2, "联邦": 4, "通信": 6, "委员会": 4, "主席": 2, "访问": 2, "沙特": 2, "阿联酋": 2, "巴林": 2, "期间": 2, "再次": 2, "谈及": 2, "风险": 2, "南华": 2, "早报": 2, "刚刚": 3, "援引": 2, "彭博社": 2, "半导体": 2, "行业": 2, "协会": 2, "11日": 2, "致函": 2, "美国商务部": 2, "长罗斯": 2, "希望": 2, "商务部": 2, "批准": 2, "销售": 2, "中方": 2, "评论": 2, "?华": 2, "春莹": 4, "答": 2, "滥用": 4, "力量": 3, "打压": 2, "特定": 2, "企业": 7, "煽风点火": 2, "抹黑": 4, "攻击": 3, "违反": 2, "市场": 2, "精神": 2, "规则": 2, "很": 2, "光彩": 2, "不道德": 2, "迄今": 2, "从未": 2, "多年": 2, "审查": 2, "英国": 2, "政府": 2, "办公室": 2, "欧盟": 2, "机构": 2, "发现": 2, "早": 2, "2014年": 2, "份": 2, "声明": 3, "承认": 4, "系统": 2, "提取": 2, "用户": 6, "短信": 2, "通讯录": 2, "照片": 2, "数据": 2, "2018年": 2, "脸书": 4, "曝出": 2, "帐号": 2, "随时": 2, "查看": 2, "情报": 2, "部门": 2, "面前": 2, "通话": 4, "文件": 2, "语音": 2, "隐私": 2, "领导": 2, "人人": 2, "监听": 2, "事实": 2, "带": 2, "负责人": 2, "场合": 2, "作出": 4, "澄清": 2, "承诺": 4, "！": 16, "指出": 2, "供应链": 4, "发展": 6, "迭代": 2, "演进": 2, "过程": 2, "始终": 2, "独有": 2, "反对": 4, "人为": 2, "制造": 2, "理由": 2, "合作": 2, "公平": 2, "公正": 2, "非歧视性": 2, "前提": 2, "探讨": 2, "提出": 2, "可行": 2, "建议": 2, "保障": 2, "服务": 2, "环球": 2, "时报": 2, "环球网": 2, "王盼盼": 2, "期待": 3, "​": 8, "Rethinkpossibilities": 1, "三": 1, "感受": 1, "Mate30": 1, "带来": 1, "极速": 1, "L华": 1, "真的": 2, "忍无可忍": 1, "总算": 1, "网上": 1, "舆论": 2, "差": 1, "竟然": 1, "群体": 1, "匪夷所思": 1, "预谋": 1, "智慧": 1, "旗舰": 1, "NEX3": 1, "发布": 1, "时刻": 1, "直播间": 1, "恶意": 1, "刷": 1, "弹幕": 1, "vivo": 1, "粉丝": 3, "厌恶": 1, "一点": 1, "群": 1, "厂商": 2, "官方": 2, "无关": 1, "自发": 1, "知情": 1, "不利": 1, "喜欢": 2, "品牌": 4, "权利": 1, "去向": 1, "别人": 3, "介绍": 1, "挑起": 1, "之间": 1, "斗争": 1, "代表": 2, "口碑": 1, "销量": 1, "西安": 5, "姑娘": 2, "反光镜": 2, "乐队": 2, "空降": 1, "老": 2, "城根": 1, "Gpark": 1, "畅享": 2, "夜": 2, "燃爆": 1, "朋友": 1, "双手": 1, "~​": 1, "消息": 1, "媒体": 1, "#​": 1, "恶人先告状": 1, "近来": 1, "反倒": 1, "三十五": 1, "安哥": 1, "和平": 1, "有目共睹": 1, "搭": 1, "快车": 1, "布局": 1, "不说": 1, "沸腾": 1, "完事": 1, "对天发誓": 1, "距离": 1, "1": 1, "米": 1, "太": 2, "嗨": 1, "燃": 1, "吹爆": 1, "晚上": 1, "！！！​": 1, "自信": 1, "底气": 1, "点赞": 1, "L环球": 1, "纪录": 1, "频道": 1, "們": 2, "賣": 1, "技術": 1, "歐": 1, "美買": 1, "買": 1, "研發": 1, "創": 1, "環境": 3, "腦力": 2, "地球": 1, "強": 1, "人口": 1, "基數": 1, "來說": 1, "出現": 1, "天才": 1, "數量": 1, "絕對": 1, "夠": 1, "現": 1, "合適": 1, "不合": 1, "適現": 1, "發現": 1, "趕": 1, "為什麼": 1, "投資": 2, "華為": 1, "概念股": 1, "願意": 1, "未": 2, "來": 2, "企業": 1, "新浪": 1, "财经": 1, "#": 1, "股市": 1, "四季": 1, "红": 1, "6g": 1, "问世": 1, "过分": 1, "基站": 1, "占": 1, "一半": 1, "算了": 1, "宣传": 1, "!": 1, "干": 1, "漂亮": 1, "L喊": 1, "豆奶酱": 1, "联播L": 1, "读": 1, "本书": 3, "上半年": 1, "兼": 1, "总裁": 1, "办公桌": 1, "书": 1, "——": 1, "陷阱": 2, "悄然": 1, "火": 1, "初": 1, "中信": 1, "出版": 1, "集团": 1, "推出": 1, "姊妹篇": 1, "隐秘": 2, "战争": 2, "如果说": 1, "亲历者": 1, "角度": 1, "叙": 1, "写": 1, "读者": 2, "法律": 1, "武器": 1, "打击": 1, "别国": 1, "战略": 1, "专业": 1, "视角": 1, "剖析": 1, "长臂": 1, "管辖": 1, "推荐": 1, "三联": 1, "中读": 2, "朋友们": 1, "转发": 1, "关注": 1, "新书": 1, "随机": 1, "送": 1, "22日": 1, "开奖": 1, "青山": 1, "挡": 1, "不住": 1, "毕竟": 1, "东流": 1, "数千": 1, "年前": 1, "大禹": 1, "治水": 1, "堵": 3, "疏": 1, "老美": 1, "落后": 1, "东方": 1, "脚步": 2, "快": 1, "跑": 1, "何其": 2, "无知": 1, "愚昧": 1, "花钱": 1, "花": 1, "力气": 1, "瞪眼": 1, "来不及": 1, "特朗普": 1, "催盟": 1, "国交": 1, "保护费": 1, "顽童": 1, "川普": 1, "住": 1, "#华": 2, "(": 1, "黄钰钦": 1, ")": 1, "微信": 1, "程序": 1, "区块链": 1, "软件": 1, "支付": 1, "概念": 1, "计算机": 1, "一批": 1, "科技股": 1, "局部": 1, "走强": 1, "截止": 1, "大盘": 1, "指数": 1, "小区": 1, "徘徊": 1}