{"才": 4, "西南": 1, "证券": 1, "篇": 3, "华为": 77, "报告": 2, "看完": 1, "推荐": 3, "标的": 1, "评论": 1, "材料": 1, "整理": 1, "确实": 1, "用心": 1, "基本上": 1, "披露": 1, "信息": 6, "框架": 1, "随便": 1, "截个": 1, "九宫格": 1, "​": 12, "P30": 12, "厉害": 2, "拍": 12, "月亮": 3, "压缩": 10, "感知": 5, "测评": 2, "机构": 2, "一个": 11, "人员": 4, "指责": 1, "造假": 1, "揭露": 1, "搞": 1, "算法": 5, "PS": 3, "区别": 1, "闹": 1, "乌龙": 1, "法律": 4, "风险": 1, "紧急": 1, "止损": 1, "测试": 1, "开除": 1, "事件": 5, "告一段落": 2, "争论": 2, "依然": 1, "持续": 1, "原因": 3, "技术": 18, "理解": 5, "颇": 1, "人士": 3, "冤枉": 1, "场": 1, "涉及": 2, "照相": 3, "照片": 6, "还原": 6, "原始": 2, "1.": 1, "手机": 18, "公认": 1, "全球": 9, "第一": 3, "历史性": 1, "突破": 2, "源于": 1, "P20": 3, "去年": 1, "4月": 3, "12日": 1, "上海": 4, "参加": 3, "发布会": 3, "拿到": 1, "样机": 1, "街头": 1, "夜景": 3, "成像": 4, "漂亮": 2, "琢磨": 1, "明白": 1, "原理": 1, "曝光": 6, "长": 1, "6": 3, "秒钟": 1, "加上": 2, "脚架": 1, "选择": 1, "30秒": 1, "相机": 9, "上千": 2, "呈现": 3, "特性": 1, "对着": 1, "细节": 2, "加权": 1, "融合": 1, "霓虹灯": 1, "太": 3, "亮": 1, "东西": 1, "昏暗": 1, "提亮": 1, "比度": 1, "层次感": 1, "提升": 2, "画面": 2, "变得": 1, "这是": 9, "单反": 2, "当面": 1, "@": 6, "华为何": 1, "刚": 1, "交流": 1, "认同": 1, "有人": 3, "做法": 1, "传统": 3, "机械": 1, "执念": 1, "实际上": 1, "短时": 1, "眼": 1, "连续": 2, "观察": 2, "相对来说": 1, "拍摄": 3, "眼所": 2, "情况": 1, "人工": 3, "智能": 10, "拟合": 1, "人脑": 1, "认知": 1, "以色列": 1, "特拉维夫": 2, "旅行": 1, "中国": 9, "网络": 2, "代表团": 2, "国际": 4, "标准化": 1, "组织": 1, "会议": 1, "成员": 1, "来宾馆": 1, "海边": 1, "P20pro照": 1, "合影": 1, "夜里": 1, "10点": 1, "闪光灯": 2, "5": 2, "秒": 1, "AI合成": 1, "肉眼": 1, "很": 7, "接近": 2, "景色": 1, "真实": 2, "短": 1, "笑话": 1, "相片": 1, ".": 1, "有损": 2, "图像": 4, "模糊": 5, "丢": 1, "凭空": 1, "编造": 1, "10年": 1, "成功": 1, "用于": 3, "B超": 2, "检查": 1, "扫描": 1, "人体": 1, "内部": 2, "某种": 1, "算": 2, "数学": 4, "居然": 2, "理论": 3, "8": 1, "年前": 1, "频繁": 1, "文化": 2, "互动": 1, "每周": 1, "都": 17, "一道": 1, "抢": 1, "快": 1, "速度": 1, "提交": 1, "答案": 1, "这位": 1, "老师": 1, "肯定": 1, "科学院": 1, "院士": 2, "汤涛": 1, "科学": 1, "松鼠": 1, "校对": 1, "文章": 3, "汤": 1, "感": 1, "兴趣": 1, "刊登": 1, "主编": 1, "刊物": 1, "数据": 2, "写": 1, "科普": 1, "收录": 1, "新版": 1, "十万": 1, "铺垫": 1, "言归正传": 1, "基础": 6, "先验": 4, "概率": 6, "均衡": 1, "民国": 1, "美女": 2, "黑白": 2, "嘴唇": 3, "灰度": 2, "照红": 1, "绿": 1, "蓝": 2, "三": 1, "颜色": 1, "都会": 3, "红色": 2, "远远": 2, "大于": 1, "绿色": 1, "特定": 1, "灰色度": 1, "无中生有": 1, "！": 16, "分析": 5, "环形": 2, "坑": 1, "模模糊糊": 1, "终止": 1, "1000": 2, "形态": 3, "拍照": 2, "达成": 7, "状态": 4, "高于": 1, "9999": 1, "理由": 1, "山": 1, "高概率": 1, "清晰": 2, "这不": 1, "作假": 1, "邀请": 2, "参观": 1, "专业": 2, "公众": 1, "深刻": 1, "第三方": 1, "声音": 1, "网友们": 1, "接受": 3, "遗憾": 1, "这次": 3, "收到": 1, "丧失": 1, "相关": 4, "探讨": 1, "机会": 1, "观点": 1, "出自于": 1, "未必": 1, "正确": 1, "请": 1, "内行": 1, "批评": 2, "指正": 1, "余承东": 1, "李小龙": 1, "Bruce_Lee": 1, "海峰hiphone": 1, "系列": 2, "无线": 1, "投屏": 1, "小屏": 1, "大屏": 2, "、": 24, "实用": 1, "L玩机": 1, "技巧": 1, "秒拍": 5, "在线": 1, "视频": 11, "服": 1, "美颜": 2, "刚刚": 2, "机场": 1, "临登机": 1, "厕所": 2, "刺": 1, "胳膊": 1, "划": 2, "大血": 1, "檩子": 1, "破": 2, "报": 2, "意外": 3, "医保": 1, "着急": 1, "登机": 1, "找": 1, "帮忙": 1, "伤口": 3, "皮肤嫩": 1, "光滑": 1, "活活": 1, "急死": 1, "口子": 1, "：": 19, "自动": 1, "识别": 1, "皮肤": 1, "就要": 1, "命柔化": 1, "流血": 1, "好多": 3, "裂": 1, "！！": 1, "苹果": 24, "小时": 1, "酒": 1, "精棉": 1, "碰伤": 1, "开裂": 1, "年轻": 1, "岁": 1, "任正非": 14, "入选": 2, "时代": 9, "百": 7, "大人物": 4, "5G": 27, "革命性": 4, "先锋": 4, "杂志": 2, "2019": 5, "影响力": 5, "榜单": 4, "发布": 3, "企业家": 3, "创始人": 4, "名列": 2, "评语": 2, "称": 6, "计算机": 2, "天才": 2, "管理": 4, "工作": 6, "电信": 2, "设备": 5, "公司": 11, "这项": 2, "第四": 2, "工业": 3, "革命": 2, "无人": 2, "驾驶": 2, "汽车": 6, "工厂": 2, "提供": 5, "动力": 2, "L": 5, "老板": 4, "联播": 3, "高通": 34, "和好": 2, "这家": 3, "退票": 2, "出局": 2, "...": 2, "对手": 2, "当地": 2, "时间": 5, "16日": 2, "和解": 16, "协议": 5, "一次性": 3, "支付": 2, "专利": 4, "授权": 4, "费用": 2, "转让": 2, "芯片": 20, "此次": 4, "外界": 2, "发生": 2, "纠纷": 2, "依赖": 2, "英特尔": 8, "处于": 2, "开发": 8, "上市": 3, "角度": 2, "想": 4, "市场": 7, "追赶": 2, "上三星": 2, "步伐": 2, "抓紧": 2, "赶快": 2, "合作": 3, "对方": 2, "解除": 2, "解费": 2, "合约": 2, "放弃": 5, "计划": 2, "转而": 2, "配套": 2, "设施": 3, "相争": 2, "格局": 2, "央视": 2, "财经": 2, "酷燃": 2, "转评": 1, "抽": 1, "送": 1, "星巴克": 1, "水杯": 1, "HUAWEIDeveloperDay": 1, "西安站": 1, "暂": 1, "众多": 1, "行业": 1, "专家": 1, "资深": 1, "学者": 1, "议题": 2, "分享": 2, "有没有": 1, "过程": 2, "联盟": 2, "服务": 2, "支持": 2, "能力": 2, "接入": 1, "收获": 1, "聚焦": 1, "家居": 1, "全新": 1, "开发者们": 1, "带来": 2, "思考": 1, "未来": 2, "赋能": 1, "开放": 1, "创新": 2, "路上": 1, "开发者": 2, "忘": 1, "初心": 1, "构建": 1, "万物": 1, "互联": 2, "世界": 3, "贡献": 1, "力量": 2, "校园": 1, "大赛": 2, "&": 1, "精英": 1, "期待": 1, "踊跃": 1, "参与": 2, "来讲": 1, "概念": 3, "不道德": 1, "配置": 2, "仓": 1, "半数": 1, "消费": 1, "电子": 3, "华为链": 2, "有意": 1, "多年": 1, "跟踪": 4, "优": 2, "中选": 1, "尽量": 1, "客观": 1, "炒": 1, "自然": 1, "毛衣战": 2, "光环": 1, "效应": 1, "对岸": 1, "国家": 5, "封杀": 1, "竟然": 1, "伤到": 1, "根基": 1, "反而": 1, "全世界": 1, "阐明": 1, "一家": 1, "独大": 1, "占据": 1, "30%": 2, "比例": 1, "圈": 1, "内": 2, "固化": 1, "生态链": 1, "包括": 1, "解决": 2, "方案": 3, "生产": 1, "也就是说": 1, "基于": 2, "领先": 1, "ITC": 1, "雄厚": 1, "再造": 1, "增长率": 1, "背景": 3, "3-4年": 1, "目标": 1, "再次": 1, "经历": 1, "供应链": 3, "重视": 1, "程度": 1, "超出": 1, "以往": 1, "段": 1, "国内": 1, "大规模": 1, "培育": 2, "关键": 1, "供应商": 2, "体现": 3, "订单": 3, "输出": 1, "给予": 1, "链内": 1, "企业": 8, "利润": 1, "空间": 1, "赚点": 1, "制造业": 1, "钱": 2, "援助": 1, "不少": 2, "亮点": 1, "增加": 1, "毛利率": 1, "提高": 1, "制造": 1, "戴维斯": 1, "三击": 1, "估值": 3, "模式": 4, "静态": 1, "市盈率": 1, "PB": 1, "PEG": 1, "牛市": 2, "圈点": 1, "并购": 1, "水平": 1, "翻": 1, "倍": 1, "刺激": 2, "电视": 1, "确认": 2, "三季度": 1, "搭载": 1, "AIOT": 1, "领域": 2, "储备": 1, "释放": 1, "预期": 1, "PB变PEG": 1, "+": 3, "此前": 1, "苹果链": 1, "炒作": 3, "记忆": 1, "券商": 1, "推华": 1, "为链": 1, "对不起": 1, "不对": 1, "功课": 1, "简单": 2, "绯闻": 1, "杀入": 1, "筛": 2, "年报": 1, "一季报": 1, "变化": 1, "发现": 1, "增量": 1, "同步": 1, "毛利": 1, "重点": 1, "扶持": 1, "相中": 1, "后续": 1, "机密": 1, "万分": 1, "感谢": 2, "贴码": 2, "拉黑": 1, "谢谢": 1, "WatchGT#": 1, "手环": 1, "3": 1, "穿戴": 1, "301": 1, "医院": 1, "发起": 1, "心脏": 2, "健康": 2, "研究": 1, "项目": 3, "精度": 1, "心率": 1, "传感器": 1, "用户": 3, "便捷": 1, "舒适": 1, "心律": 1, "监测": 1, "注册": 1, "12万+": 1, "筛查": 1, "高风险": 1, "190+人": 1, "确诊": 1, "130+人": 1, "转发": 2, "关注": 1, "L华": 2, "终端": 1, "官方": 1, "国务院": 2, "任免": 2, "新华社": 1, "北京": 1, "18日": 1, "电": 1, "任命": 3, "俞": 1, "建华": 1, "商务部": 1, "副部长": 1, "贸易": 1, "谈判": 1, "副": 1, "代表": 5, "；": 4, "陆建华": 1, "自然科学": 1, "基金": 1, "委员会": 1, "副主任": 1, "吴鹏": 1, "常驻": 4, "联合国": 4, "环境": 2, "规划署": 4, "人类": 2, "住区": 2, "免去": 1, "孙": 1, "保红": 1, "女": 1, "职务": 1, "投稿": 2, "男": 2, "同学": 1, "发": 3, "配文": 1, "早": 1, "买华": 1, "国产": 2, "情怀": 1, "帽子": 1, "扣": 1, "恶心": 3, "擦边球": 1, "好像": 1, "网上": 1, "科技": 1, "博主": 1, "偷拍": 1, "梗来": 1, "宣传": 2, "30": 3, "美": 3, "巡护员": 4, "本次": 1, "寻访": 1, "活动": 1, "花絮": 1, "展示": 1, "积极向上": 1, "心态": 1, "艰苦": 1, "条件": 1, "山火": 1, "常年": 1, "喝泉水": 1, "吃": 1, "干粮": 1, "有时候": 1, "驻留": 1, "山上": 1, "搭建": 1, "平时": 1, "携带": 1, "简易": 1, "帐篷": 1, "生活": 1, "枯燥": 1, "始终": 1, "职责": 1, "致敬": 1, "2019年": 2, "人物": 3, "上榜": 2, "美国": 2, "年度": 1, "分为": 1, "业界": 1, "大亨": 1, "五": 1, "类别": 1, "科技界": 1, "Facebook": 1, "CEO": 3, "马克·扎克伯格": 1, "字节": 1, "跳动": 1, "张一鸣": 1, "航天局": 1, "局长": 1, "克俭": 1, "争议": 1, "生物学家": 1, "贺": 1, "建奎": 1, "O": 1, "榜​": 1, "生态": 2, "VLOG": 1, "天涯海角": 1, "嘻游记": 1, "南方": 1, "艳阳": 1, "北方": 1, "寒夜": 1, "统统": 1, "进化": 1, "平台": 2, "应变": 1, "覆盖": 1, "全国": 2, "邀": 1, "同行": 1, "详情": 1, "戳": 1, "O网页": 1, "链接": 1, "希望": 1, "城市": 1, "外包": 2, "回应": 3, "程序员": 3, "倒地": 1, "低": 2, "血糖": 2, "晕倒": 2, "上班": 2, "条": 1, "猝死": 1, "引发": 1, "波": 1, "996": 2, "讨论": 1, "17日": 1, "所在": 1, "软": 2, "员工": 2, "加班": 2, "进度": 1, "梨": 1, "好家伙": 1, "回": 1, "广告词": 1, "统一": 1, "————————————————————": 1, "姐姐": 1, "道算": 1, "上次": 1, "默许": 1, "恶臭": 3, "文案": 1, "最终": 1, "正面": 1, "承认": 1, "错误": 1, "无耻": 1, "正好": 1, "前段": 1, "寻求": 1, "建议": 1, "朋友圈": 4, "反馈": 1, "很多": 1, "番": 1, "功能": 2, "覆盖面": 1, "挺": 1, "正式": 1, "好几": 1, "最新版": 1, "博截图": 1, "搜": 2, "很多号": 1, "发同": 1, "截图": 2, "坏": 1, "心情": 1, "批判": 3, "发给": 1, "985": 1, "大学生": 1, "只能": 1, "失望": 1, "愤怒": 1, "配字": 1, "态度": 1, "抵触": 1, "前排": 1, "网友": 1, "往下": 1, "德国": 6, "签署": 3, "非间谍": 3, "装": 1, "后门": 2, "外媒": 1, "消息": 1, "政府": 2, "份": 1, "围绕": 1, "下一代": 1, "建设": 1, "担忧": 1, "媒体": 1, "援引": 1, "首席": 1, "执行官": 1, "上个月": 1, "内政部": 1, "交谈": 1, "项": 1, "承诺": 1, "安装": 1, "APP": 2, "——": 2, "词": 2, "缀": 1, "词典": 1, "作者": 3, "凭着": 1, "腔": 1, "热情": 1, "软件": 2, "广告": 1, "捐赠": 1, "小米": 1, "传": 1, "下载": 1, "联播L": 1, "错过": 1, "车展": 2, "试坐": 1, "东风": 2, "驾驶车": 1, "运营": 1, "园区": 1, "造车": 1, "期间": 1, "展出": 1, "联手": 1, "打造": 1, "Sharing-VAN": 1, "出行": 1, "见闻": 1, "前线": 1, "记者": 1, "展台": 1, "Sharing-VA": 1, "N": 1, "车": 1, "驾驶座": 1, "方向盘": 1, "油门": 1, "刹车": 1, "供": 1, "4": 1, "乘坐": 1, "智慧": 1, "物流": 1, "零售": 1, "场景": 1, "车载": 1, "通信": 1, "云端": 1, "中心": 1, "车型": 1, "查询": 1, "车辆": 1, "交通": 1, "调度": 1, "L见闻": 1, "带": 1, "能源": 2, "字": 1, "氢": 1, "医药股": 1, "大麻": 1, "汽车股": 1, "沾边": 1, "胡炒": 1, "30pro": 1, "止华": 1, "人民": 1, "到底": 1, "一对": 2, "情侣": 1, "基佬": 1, "摩天轮": 1, "研发": 3, "韩媒": 3, "兴奋": 2, "三星": 4, "受益": 1, "报道": 2, "退出": 1, "基带": 1, "业务": 1, "调制解调器": 1, "至此": 1, "能量": 1, "G调": 2, "制解": 2, "调器": 2, "日前": 1, "发展": 1, "做出": 1, "规划": 1, "2030年": 1, "O英特尔": 1, "受益​": 1, "捂脸": 1, "滤镜": 1, "...PS": 1, "修图": 1, "🙈🙈": 1, "南京·夫子庙": 1, "老门": 1, "东​": 1, "圈内": 1, "事儿": 1, "#华": 1, "摩天": 2, "轮#": 1, "偶合": 1, "男女": 1, "轮内": 1, "苟且": 1, "新闻": 1, "刷爆": 1, "不得不": 1, "想起": 1, "优衣库": 1, "更衣室": 1, "怀疑": 1, "品牌": 1, "的确": 1, "机": 1, "届": 1, "NO1": 1, "孟晚舟": 2, "英雄": 3, "比喻": 1, "架": 2, "战火": 1, "轰炸机": 2, "悲壮": 1, "动容": 1, "13日": 1, "兼": 1, "CNBC": 1, "独家": 1, "专访": 1, "谈": 1, "第二": 1, "大战": 1, "伊尔": 1, "地面": 1, "炮火": 2, "空中": 1, "破破烂烂": 1, "飞行": 1, "处境": 1, "返航": 1, "估计": 1, "将来": 1, "分析师": 3, "铺平": 3, "道路": 3, "路透社": 1, "今日": 1, "版税": 1, "收入": 1, "降低": 1, "成本": 1, "专注于": 1, "推出": 1, "其5": 1, "O分析师": 1}