{"十五": 1, "月亮": 8, "十六": 1, "圆": 1, "听说": 3, "装": 1, "好多": 1, "故事": 1, "快": 2, "点开": 1, "评论区": 2, "聊聊": 2, "愿望": 1, "今日": 1, "好礼": 1, "：": 12, "华为": 44, "WatchGT雅": 1, "致款": 1, "一对": 1, "​O": 1, "抽奖": 1, "详情": 1, "​": 20, "款": 1, "水果": 1, "手机": 22, "新款": 2, "顿时": 1, "激动不已": 1, "买": 4, "台": 1, "每次": 1, "看上": 1, "差": 3, "学校": 1, "、": 17, "便宜": 2, "外卖": 1, "来扯": 1, "苹果": 11, "A12": 2, "A13": 1, "芯片": 11, "想": 5, "麒麟990": 1, "都": 14, "生活": 2, "道理": 2, "年前": 2, "英特尔": 3, "重回": 1, "领域": 1, "请": 3, "吃": 2, "饭": 2, "机会": 1, "公关": 2, "公司": 4, "陪": 2, "技术": 3, "专家": 2, "四": 2, "件": 1, "解决": 1, "速度": 6, "功能": 4, "三": 2, "体积": 1, "功耗": 3, "PC": 1, "第一": 4, "排序": 2, "排": 4, "肯定": 2, "掏钱": 2, "看成": 1, "套": 3, "房子": 9, "住房": 1, "短缺": 1, "放下": 1, "床": 10, "儿时": 1, "一家": 1, "5": 3, "口": 1, "住": 3, "放": 8, "张床": 2, "能力": 1, "一个": 9, "考量": 1, "主卧": 1, "还要": 2, "卧": 1, "书房": 1, "厨房": 1, "洗手间": 4, "不大": 3, "low货": 1, "上一代": 1, "思维": 2, "制程": 1, "增大": 1, "面积": 1, "去掉": 1, "家里": 1, "外面": 1, "找": 3, "公共": 4, "厕所": 2, "天天": 2, "舒服": 2, "CPU": 1, "全世界": 1, "SoC": 1, "建成": 1, "多功能": 1, "舒适": 1, "通铺": 1, "卫生间": 3, "累": 1, "外挂": 4, "基带": 5, "世界": 3, "先进": 1, "7nm": 1, "性能": 3, "不行": 3, "别人": 4, "信号": 1, "一会": 1, "电": 1, "占": 1, "空间": 2, "电池": 2, "挤占": 1, "带": 2, "尿袋": 2, "随时": 1, "充电": 2, "房": 3, "8": 3, "6": 3, "房功能": 1, "齐全": 1, "小区": 2, "建": 2, "条件": 1, "环境": 1, "挂": 1, "很多": 2, "老": 3, "吹": 3, "中国": 1, "吹华": 1, "摄": 1, "引领": 3, "跟进": 2, "夜景": 1, "模式": 1, "三星": 3, "反向": 1, "无线": 1, "配色": 1, "全球": 3, "首款": 1, "集成5G": 1, "处理器": 1, "创新": 1, "老大": 1, "！": 10, "北京": 1, "大兴": 1, "机场": 1, "居然": 2, "飞机": 1, "P30Pro": 3, "潜望": 1, "式长": 1, "焦派": 1, "用场": 1, "": 1, "刘涛": 1, "2019-09-13": 1, "央视": 3, "中秋": 2, "晚会": 1, "(": 2, ")": 2, "机位": 1, "混剪": 1, "现场": 1, "收音版": 1, "|": 3, "主刘": 1, "涛但": 1, "段": 1, "实在": 1, "镜头": 1, "替换": 1, "音频": 1, "收音": 1, "合成": 1, "过渡": 1, "自然": 1, "见谅": 1, "人声": 1, "增强": 1, "希望": 1, "台下": 1, "观众": 1, "早日": 1, "安排": 1, "打钱": 1, "！！！": 1, "VideoSource": 1, "真的": 2, "喝": 1, "奶茶": 1, "严团": 2, "团": 2, "miss,嘻嘻A": 1, "Phoebe-ymlAudioSource": 1, "miss,四": 1, "欣": 1, "嘻嘻A": 1, "L桃": 1, "爱": 1, "桃": 1, "视频": 8, "新西兰": 1, "南岛": 1, "MtCook": 1, "美到": 1, "震慑": 1, "心灵": 1, "一生": 1, "地方": 1, "照片": 2, "拍摄": 2, "远行": 1, "随拍": 1, "博友": 1, "假日": 1, "快乐": 1, "追": 2, "Mate30": 5, "系列": 6, "iPhone11": 3, "拍照": 2, "水准": 1, "P30": 3, "发布": 3, "刚": 1, "上市": 2, "落后": 1, "一代": 1, "产品": 2, "反制": 1, "只能": 1, "封杀": 1, "禁售": 1, "影像": 1, "市场": 1, "iPhone": 3, "机摁": 1, "地上": 1, "随意": 1, "摩擦": 1, "​​​": 2, "1": 1, "香港人": 2, "病态": 1, "经济体": 1, "自由度": 3, "美国": 8, "分数": 1, "远远": 1, "低于": 1, "香港": 6, "90": 2, "70": 1, "学习": 1, "理由": 1, "脑子": 1, "虫": 1, "5G": 1, "90分": 1, "50分": 2, "抄": 1, "狗": 1, "徐": 2, "丽泰": 2, "超": 1, "寻": 1, "自由": 3, "何其": 2, "荒谬": 2, "特区": 1, "首任": 1, "立法会": 1, "主席": 1, "日前": 1, "接受": 1, "记者": 1, "采访": 3, "评为": 1, "城市": 1, "排名": 1, "远": 1, "高于": 1, "有人": 2, "无知": 1, "呼吁": 1, "反思": 1, "一国两制": 1, "失败": 1, "好处": 1, "黄": 1, "锋": 1, "同伙": 1, "林朗彦": 1, "判刑": 1, "L中": 1, "秒拍": 3, "探索": 2, "山入": 1, "海": 1, "那种": 1, "9月": 3, "19日": 2, "慕尼黑": 1, "WatchGT#2": 3, "即将": 2, "来袭": 1, "期待": 2, "L华": 4, "终端": 1, "官方": 2, "昨晚": 3, "朋友圈": 5, "拨": 4, "刷屏": 2, "晒": 2, "1万": 2, "块": 2, "订单": 2, "晒华": 3, "拍": 4, "赢": 2, "昨天": 1, "中秋夜": 1, "一年一度": 1, "大赛": 1, "堆": 1, "新鲜": 1, "出炉": 1, "大片": 1, "小友": 1, "孙殿波": 1, "发": 3, "称": 1, "拍摄于": 1, "辽宁省": 1, "沈阳市": 1, "皇姑区": 1, "抢": 2, "↓": 1, "……": 4, "O": 1, "倒是": 2, "嘴": 1, "牛逼": 1, "身体": 1, "很": 4, "诚实": 1, "兔兔": 3, "烦": 1, "反串": 1, "黑": 4, "牛": 1, "逼实": 1, "垃圾": 1, "流量": 1, "干": 2, "过节": 1, "懒得": 1, "太": 4, "上班": 2, "慢慢": 1, "挖": 1, "黑料": 1, "时间": 1, "找找": 1, "历史": 1, "推荐": 1, "熊哥": 1, "收": 1, "钱": 3, "改分": 1, "实锤": 1, "不理": 1, "花黑": 1, "回": 1, "事儿": 1, "供应链": 1, "国产": 1, "厂商": 2, "一共": 1, "69": 1, "从头到晚": 1, "手指": 1, "总归": 1, "赞": 1, "近日": 2, "消息": 1, "小米": 2, "MIX4": 1, "24日": 1, "国内": 2, "发布会": 1, "这是": 2, "截胡": 1, "倒计时": 1, "剩": 1, "感觉": 3, "动图": 1, "用好": 1, "锤子": 1, "研发": 1, "费用": 1, "=": 1, "腾讯": 1, "+": 6, "阿里": 1, "百度": 1, "中兴": 1, "联想": 1, "石油": 1, "1.77亿": 1, "欧元": 1, "不得不": 1, "承认": 1, "实力": 1, "原因": 1, "​​": 2, "985": 2, "研究生": 2, "工作": 3, "4": 2, "晒出": 1, "工资单": 1, "同班": 1, "学渣": 2, "对比": 1, "帖子": 1, "火": 1, "发帖人": 1, "名": 2, "年薪": 1, "30万": 1, "车": 1, "；": 2, "同学": 2, "亚马逊": 1, "年收入": 1, "一百万": 1, "关键": 1, "成绩": 1, "1000": 1, "元": 5, "档": 5, "最佳": 5, "机型": 6, "realmeQ": 1, "1000-1500": 1, "Redminote8Pro": 1, "荣耀": 1, "9X1500-2000": 1, "魅族": 2, "16": 1, "RedmiK20Pro": 1, "2000-3000": 1, "16sPro": 1, "73000-4000": 1, "7Pro": 1, "建议": 2, "强大": 1, "外观": 1, "出众": 1, "见面": 1, "交流": 1, "极度": 1, "重要性": 1, "早": 1, "狂": 1, "举国上下": 1, "等到": 1, "正式": 1, "猛干": 1, "才": 1, "大梦初醒": 1, "着实": 1, "心寒": 1, "产业链": 1, "再度": 1, "梳理": 1, "。。": 1, "粉丝群": 1, "防走": 1, "丢": 1, "危险": 1, "OPPO": 1, "vivo": 1, "聊": 1, "理性": 1, "禁止": 1, "主页": 1, "群": 1, "铁粉": 2, "评论": 1, "点赞": 1, "基本上": 1, "这次": 2, "型号": 1, "4G5G": 2, "划分": 1, "大概率": 2, "Mate304": 1, "G990": 1, "Mate30Pro": 1, "9905": 2, "G所以": 1, "到时候": 1, "9904G": 1, "器照": 1, "980": 1, "提升": 1, "990": 2, "升级": 1, "G版": 1, "相关": 1, "翻翻": 1, "4G版": 1, "习惯": 1, "选择": 1, "O网页": 1, "链接": 1, "好奇": 1, "年轻人": 1, "月光": 2, "分手": 1, "涨薪": 1, "背": 1, "房贷": 1, "优惠": 1, "钱包": 1, "买单": 1, "救救": 1, "中秋节": 1, "佩佩": 1, "•慕尼黑": 1, "感受": 1, "科技": 1, "运动": 1, "魅力": 1, "Rethinkpossibilities": 1, "毛病": 1, "数码": 1, "博主": 1, "文化": 1, "水平": 1, "低": 1, "态度": 1, "端正": 1, "永远": 1, "点子": 1, "烂": 1, "远山": 1, "呼唤": 1, "山田": 1, "洋次": 1, "代表作": 1, "影片": 2, "情感": 2, "真挚": 1, "淳朴": 1, "气息": 1, "留白": 1, "恰到好处": 1, "节奏": 1, "流畅": 1, "含蓄": 1, "婉转": 1, "表达": 1, "东方人": 1, "内心": 1, "电影": 3, "高仓健": 2, "倍赏": 2, "千惠子": 2, "主演": 1, "第二": 1, "合作": 1, "引进": 1, "上海": 1, "译制厂": 1, "译制": 1, "毕克": 1, "配音": 2, "丁建华": 1, "LCCTV6": 1, "频道": 1, "有时候": 1, "合适": 1, "旗舰级": 1, "4000": 1, "买部": 1, "七八千": 1, "价钱": 1, "指指点点": 1, "选": 1, "至少": 1, "证明": 1, "骨灰级": 1, "退休": 1, "员工": 1, "非洲": 2, "呆": 1, "十几": 2, "成功": 1, "苦难": 1, "熬": 1, "光鲜": 1, "狼": 1, "咬死": 1, "疟": 1, "疾死": 1, "强盗": 1, "捅死": 1, "#​": 1}