{"任正非": 79, "：": 41, "感谢": 21, "社会": 11, "各界": 10, "孟晚舟": 49, "支持": 10, "女儿": 17, "很": 11, "坚强": 5, "17日": 17, "华为": 62, "创始人": 21, "接受": 28, "媒体": 16, "采访": 15, "人士": 5, "表达": 5, "、": 16, "关心": 6, "关注": 5, "打打": 2, "电话": 4, "仅仅": 3, "讲讲": 2, "笑话": 4, "晚舟": 2, "外面": 3, "变化": 3, "影响": 4, "信心": 17, "产品": 3, "别人": 3, "都": 10, "O": 3, "谈": 14, "国家": 26, "封杀": 5, "欧": 10, "美国": 11, "家非": 5, "买": 18, "针对": 14, "打压": 5, "全世界": 9, "5G": 10, "微波": 8, "从不": 5, "担忧": 5, "很多": 7, "东西": 5, "计较": 10, "市场经济": 5, "客户": 5, "中心": 5, "卖给": 5, "L": 18, "央视": 26, "新闻": 25, "秒拍": 18, "视频": 24, "CFO": 8, "被捕": 8, "党": 9, "一个": 12, "公民": 12, "权利": 9, "保护": 11, "兼": 11, "CEO": 11, "深圳": 27, "记者": 6, "专访": 23, "加拿大": 19, "扣押": 9, "法律": 9, "力量": 9, "解决": 10, "儿女": 18, "翅膀": 9, "硬": 9, "自由": 9, "飞翔": 9, "期望": 18, "照顾": 9, "父母": 9, "↓↓": 3, "卫视": 10, "生活": 6, "愉快": 6, "难得": 6, "轻松": 6, "回应": 8, "总部": 7, "国内": 5, "父亲": 2, "中国": 13, "政府": 4, "维护": 2, "权益": 2, "提供": 2, "领事": 2, "@": 10, "1月": 4, "傻": 1, "亏": 1, "办法": 1, "L大佬": 1, "时间": 4, "​": 10, "方方面面": 1, "句句": 1, "干货": 1, "详": 1, "戳": 1, "L央视": 4, "网络": 1, "热点": 1, "话题": 1, "(": 2, "人民日报": 2, ")": 2, "打电话": 2, "澎湃": 1, "称": 2, "长": 1, "太": 3, "担心": 1, "来源": 2, "O网页": 1, "链接": 1, "家里": 11, "地位": 11, "昨晚": 3, "谈及": 4, "家庭": 4, "孩子": 4, "个性": 4, "不住": 4, "驻": 6, "大使": 8, "事件": 3, "感觉": 4, "朋友": 7, "背后": 4, "捅刀": 4, "当地": 2, "卢": 2, "沙野": 1, "中外": 2, "集体": 2, "加方": 5, "无端": 1, "拘捕": 1, "中方": 7, "依法": 1, "名": 1, "强制": 1, "措施": 1, "阐述": 1, "看法": 1, "五": 1, "眼": 1, "联盟": 1, "指控": 1, "设备": 2, "威胁": 1, "卢沙野": 3, "从来": 1, "拿出": 1, "证据": 1, "余瑞冬": 1, "中新": 1, "L中": 1, "！": 2, "​​": 1, "晚": 1, "直播": 2, "港澳台": 2, "群访": 2, "案": 8, "中国人": 3, "中新社": 1, "西方": 3, "华": 1, "友好": 2, "应对": 1, "过激": 1, "对此": 3, "司法": 4, "体制": 3, "潜台词": 1, "希望": 2, "处置": 1, "方式": 2, "声音": 1, "著名": 1, "学者": 1, "评论家": 1, "简单": 1, "案件": 1, "天真": 1, "一开始": 2, "定性": 1, "没错": 1, "政治": 1, "批评": 1, "态度": 1, "的确": 1, "人民": 5, "心目": 1, "形象": 1, "白求恩": 1, "医生": 1, "中加": 1, "友谊": 1, "象征": 1, "视为": 1, "发生": 1, "感情": 2, "伤害": 1, "俗话": 1, "两肋插刀": 1, "情况": 1, "刚才": 1, "一再": 1, "尽快": 1, "妥善": 1, "修复": 1, "国": 2, "关系": 2, "恢复": 1, "禁止": 2, "参与": 1, "后果": 4, "当场": 1, "撂下": 1, "狠话": 1, "使馆": 1, "提问": 1, "形势": 1, "肯定": 1, "L燃": 1, "男": 2, "卖": 2, "4": 2, "房": 2, "炒股": 3, "一辈子": 2, "3": 2, "发财": 3, "机会": 2, "2019": 2, "不容": 2, "错过": 2, "提出": 1, "人生": 1, "康波": 1, "周期": 1, "天王": 1, "周金涛": 1, "过世": 1, "粉丝": 1, "不久前": 1, "工作": 1, "12年": 1, "老": 1, "员工": 1, "社区": 1, "卖出": 1, "位于": 1, "北京": 1, "南京": 1, "四": 1, "套": 1, "房子": 1, "抄底": 1, "A股": 1, "卖房": 1, "2018年": 1, "十大": 1, "败家": 1, "排位": 1, "第一": 1, "这才": 1, "刚": 1, "过年": 1, "就要": 1, "反转": 1, "O华": 1, "挺": 1, "饺子": 1, "饼": 1}