{"9月": 11, "19日": 6, "德国": 8, "•慕尼黑": 2, "带来": 2, "Mate": 1, "系列": 8, "力作": 1, "——": 3, "华为": 55, "Mate30": 12, "！": 21, "期待": 2, "到时": 1, "见证": 3, "无限": 1, "Rethinkpossibilities": 5, "L余": 1, "承东": 1, "秒拍": 3, "视频": 15, "​​": 6, "iPhone": 3, "13日": 2, "接受": 2, "预订": 2, "都": 6, "老美": 1, "到处": 1, "打压": 1, "国人": 1, "自发": 1, "：": 16, "弃用": 1, "苹果": 6, "支持": 2, "手机": 8, "​": 15, "2019": 12, "中国": 40, "企业": 23, "500": 15, "榜单": 6, "中石化": 6, "2.74万亿": 6, "营收": 18, "第一": 9, "1105亿": 2, "研发": 6, "费用": 2, "联合会": 4, "、": 18, "企业家": 5, "协会": 5, "发布": 8, "入榜": 2, "总额": 2, "79.10万亿": 2, "元": 17, "同比": 2, "增长": 2, "11.14%": 2, "位居": 6, "榜首": 2, "石油": 4, "国家": 4, "电网": 2, "2.6万亿": 2, "2.56万亿": 2, "分列": 5, "第二": 2, "三": 11, "名": 2, "@": 4, "老板": 5, "联播L": 2, "联播": 3, "答案": 3, "揭晓": 3, "答对": 2, "视角": 2, "重构": 3, "设计": 4, "19号": 3, "·慕尼黑": 3, "将要": 2, "探索": 3, "未来": 2, "祝": 3, "开学": 3, "快乐": 2, "L华": 6, "终端": 4, "官方": 7, "战略": 2, "新兴": 3, "产业": 3, "100": 3, "京东": 4, "今日": 3, "主办": 2, "2019年": 3, "高峰": 3, "论坛": 3, "公布": 4, "战略性": 1, "领军": 1, "显示": 3, "投资": 4, "控股": 3, "有限": 2, "公司": 8, "7212亿": 4, "总收入": 2, "通信": 1, "集团": 10, "有限公司": 1, "北京": 1, "世纪": 1, "贸易": 1, "5364亿": 1, "4620亿": 2, "O2019": 3, "居": 1, "雷军": 2, "回应": 1, "超过": 3, "时间": 2, "机会": 2, "重返": 2, "世界": 3, "8月": 2, "28日": 1, "质量": 1, "40": 1, "周年": 1, "纪念": 1, "大会": 1, "小米": 11, "创始人": 2, "很多": 2, "一个": 4, "决心": 1, "基础": 2, "很": 1, "自豪": 1, "L": 1, "旗舰": 1, "看好": 2, "买": 2, "款": 3, "整点": 1, "播": 1, "每经": 2, "24点": 3, "|": 3, "香港": 2, "特区": 2, "政府": 2, "严厉": 2, "谴责": 2, "持续": 2, "升级": 2, "违法": 2, "暴力": 2, "；": 12, "任正非": 7, "主官": 4, "主管": 4, "10%": 7, "末位": 4, "淘汰": 3, "1": 1, "30日": 1, "心声": 1, "社区": 1, "公开": 1, "干部": 2, "管理": 1, "工作": 2, "汇报": 1, "会议": 1, "讲话": 1, "全文": 1, "实行": 1, "就要": 2, "3-5年": 1, "一批": 2, "平庸": 1, "惰怠": 1, "替掉": 1, "下决心": 1, "血": 1, "七成": 2, "学生": 4, "整形": 2, "资质": 2, "报告": 1, "夏季": 1, "医美": 3, "消费": 1, "群体": 2, "51%": 1, "应届": 1, "毕业生": 1, "占据": 1, "41%": 1, "看医生": 1, "机构": 1, "意识": 1, "较为": 1, "薄弱": 1, "O": 1, "淘汰O": 1, "背部": 1, "Logo": 1, "改为": 2, "整体": 1, "居中": 2, "iPhone11": 3, "背后": 2, "logo": 1, "喜欢": 2, "新品": 1, "好看": 2, "成本": 1, "下降": 1, "图说": 1, "79.1万亿": 2, "制造业": 6, "最多": 2, "工程院": 2, "院士": 2, "企联": 2, "特邀": 2, "副": 2, "会长": 2, "王": 2, "基铭": 2, "名单": 2, "化工": 2, "营业": 7, "收入": 7, "上海": 2, "汽车": 2, "9021亿": 2, "O图": 1, "正式": 3, "慕尼黑": 2, "宣传": 1, "圆环": 1, "曝光": 2, "渲染图": 1, "采用": 3, "圆形": 1, "摄像头": 2, "方形": 1, "机型": 2, "记得": 1, "昨天": 1, "阿华": 1, "提出": 1, "戳": 2, "即将": 2, "见面": 2, "星辰": 1, "宇宙": 2, "主题": 2, "上线": 1, "想": 3, "拥有": 1, "评论": 1, "直达": 1, "出手": 1, "这是": 2, "盘大": 2, "棋": 2, "开源": 2, "方舟": 6, "编译器": 1, "意味着": 1, "开发者": 1, "参与": 1, "开发": 1, "编译": 3, "过后": 1, "软件": 5, "市场": 2, "上架": 1, "下载": 2, "方舟版": 1, "运行": 1, "芯片": 2, "对话": 1, "干掉": 1, "安卓": 4, "翻译器": 1, "大幅": 1, "提高": 1, "效率": 1, "自主": 2, "系统": 3, "铺路": 2, "余承东": 1, "兼容": 1, "也许": 1, "差": 2, "这一切": 1, "悄悄": 1, "电视": 1, "搭载": 1, "推动": 1, "生态": 1, "根基": 1, "层面": 1, "高明": 1, "20多": 1, "适配": 1, "老谭": 1, "电商": 1, "科技": 1, "排名": 6, "第13": 1, "7415亿": 1, "第15": 2, "营收入": 1, "第35": 1, "电信": 2, "第37": 1, "4545亿": 1, "阿里": 2, "第45": 1, "3768亿": 1, "联想": 4, "第53": 1, "3376亿": 1, "腾讯": 1, "第60": 1, "3127亿": 1, "联通": 1, "第69": 1, "2922亿": 1, "格力": 1, "电器": 1, "第102": 1, "2000亿": 1, "第113": 1, "1749亿": 1, "百度": 1, "第237": 1, "819亿": 1, "网易": 1, "第269": 1, "671.56亿": 1, "45": 1, "53": 1, "O网页": 1, "链接": 1, "​​​": 1, "2020": 1, "届": 1, "校招": 2, "开启": 1, "面试": 5, "流程": 1, "轮": 1, "考察": 2, "告诉": 1, "简历": 1, "注册": 1, "实战": 1, "身怀": 1, "绝技": 1, "代码": 1, "神面": 1, "试官": 1, "亲身": 1, "上阵": 1, "讲解": 1, "重点": 1, "请": 1, "收下": 1, "份": 1, "通关": 1, "秘籍": 1, "一路": 1, "过关斩将": 1, "勇敢": 1, "新世界": 1, "#久": 1, "上汽": 2, "1%": 2, "+": 2, "=": 2, "借着": 1, "计算器": 4, "App": 1, "挺": 1, "5": 2, "错": 2, "索尼": 1, "三星": 2, "一加": 1, "vivo": 1, "模式": 2, "6789": 1, "正确": 1, "科学": 1, "魅族": 1, "锤科": 1, "努比亚": 1, "显示%": 1, "输入": 1, "0.1": 1, "解释": 1, "旧": 1, "寄存器": 1, "逻辑": 1, "赤裸裸": 1, "0.11": 2, "肯定": 1, "精分": 1, "一会": 1, "0.2一会": 1, "改": 1, "秋名山": 1, "车神": 2, "梦想": 1, "nova5": 1, "携": 1, "跑跑": 1, "卡丁车": 1, "竞速版": 1, "挑战赛": 1, "深圳站": 1, "选手": 1, "流畅": 1, "漂移": 1, "精湛": 1, "车技": 1, "唤起": 1, "记忆": 1, "#激": 1, "擎": 1, "盛夏": 1, "疾速": 1, "开跑": 1, "重燃": 1, "太": 1, "激情": 1, "nova5Pro毫": 1, "秒级": 1, "触控": 1, "响应": 1, "操作": 1, "体验": 1, "傲视": 1, "群雄": 1, "赢": 1, "起跑线": 1, "游戏": 1, "中心": 1, "～​": 1, "150多": 1, "地区": 1, "52万": 1, "件": 2, "作品": 2, "成就": 1, "影像": 1, "大赛": 2, "最终": 1, "选出": 1, "56": 1, "获奖": 1, "越南": 4, "拒绝": 1, "5G": 3, "东盟": 1, "运营商": 1, "军用": 1, "电子": 1, "ViettelGroup": 1, "河内": 1, "安装": 2, "爱立信": 1, "Ericsson": 1, "设备": 2, "胡志明市": 1, "诺基亚": 1, "Nokia": 1, "报道": 1, "网络": 1, "建设": 1, "中将": 1, "高通": 1, "Qualcomm": 1, "欧美": 1, "生产商": 1, "重磅": 1, "全世界": 1, "震惊": 1, "格局": 1, "发生": 1, "变化": 1, "暂": 1, "未": 1, "就此": 1, "表态": 1, "2018年": 1, "我国": 1, "经费": 3, "19600亿": 1, "1015亿": 1, "也就是说": 1, "占到": 1, "全国": 1, "5.1%": 1, "学期": 2, "刚刚": 1, "走进": 1, "大学": 1, "校园": 2, "小伙伴们": 1, "老": 1, "同学": 1, "定下": 1, "目标": 2, "立下": 1, "flag": 2, "nova": 1, "Vlog": 1, "牧场": 1, "计划": 1, "L女生": 1, "宿舍": 1, "日常": 1, "在意": 4, "客户": 1, "针对": 1, "用户": 1, "。。OV": 1, "。。": 7, "realme": 1, "IQOO": 1, "抢": 2, "红米": 1, "费力": 1, "去年": 1, "不再": 1, "实话实说": 1, "老罗": 2, "勤奋": 1, "努力": 1, "做好": 1, "同行": 1, "倒闭": 1, "这话": 1, "本身": 1, "米粉": 1, "高管": 1, "那种": 1, "刁民": 1, "害朕": 1, "心态": 1, "员工": 1, "沙特": 1, "食堂": 1, "伙食": 1, "年均": 1, "薪水": 1, "60万": 1, "土豪": 1, "钱": 1}