{"美国": 6, "威胁": 4, "意大利": 3, "华为": 44, "合作": 3, "外长": 3, "：": 9, "保护": 3, "信息": 3, "国务卿": 1, "蓬佩": 1, "奥2日": 1, "迪马约": 1, "罗马": 3, "第五": 1, "通讯": 1, "技术": 1, "(": 3, "5G": 3, ")": 3, "领域": 2, "选择": 5, "中国": 11, "企业": 1, "美方": 1, "停止": 5, "共享": 1, "情报": 1, "对此": 1, "迪马": 1, "自信": 2, "政府": 2, "国家": 3, "无意于": 1, "缔结": 1, "损害": 1, "主权": 1, "贸易": 1, "协定": 1, "O": 2, "RapBattle": 1, "VS": 1, "苹果": 6, "！": 7, "喜欢": 3, "👍LMrYang": 1, "杨家成": 1, "视频": 17, "​": 12, "三星": 9, "手机": 43, "产品": 11, "生产": 4, "韓國": 3, "廠商": 1, "時面": 1, "對": 1, "太": 2, "問題": 1, "很多": 2, "對於": 1, "印象": 1, "這幾年": 1, "很": 4, "囂張": 2, "什麼": 2, "確實": 1, "才": 2, "會": 1, "主動": 1, "挑戰": 1, "日本": 1, "科技": 3, "產業": 3, "手機": 2, "為": 4, "搶快": 1, "不惜": 1, "結果": 2, "滿": 1, "盤": 1, "皆": 1, "輸": 1, "這": 1, "陣子": 1, "瘋狂": 1, "討論": 2, "小米": 3, "、": 19, "華為": 3, "蘋果": 1, "傳音": 1, "沒人": 1, "好像": 1, "不曾": 1, "過": 2, "樣": 1, "韓": 1, "國將": 1, "會面": 1, "臨": 1, "經濟": 1, "下行": 1, "們將": 1, "升級": 1, "所以市": 1, "場會": 1, "們": 2, "吃掉": 1, "附加": 1, "價值": 1, "經": 1, "興起": 1, "70": 1, "女朋友": 1, "弟弟": 1, "爷爷": 1, "三": 2, "表弟": 1, "叔叔": 1, "婶婶": 1, "家里": 1, "15": 1, "13": 1, "德国": 1, "小伙子": 1, "keno": 1, "Keno": 1, "母亲": 3, "祝": 3, "人民": 1, "安康": 1, "德": 1, "友谊": 1, "天长地久": 1, "L": 3, "新华网": 1, "秒拍": 1, "公司": 5, "CFO": 1, "孟晚舟": 11, "出庭": 5, "變成": 1, "時裝秀": 1, "電子": 1, "腳鐐": 1, "怎樣": 1, "照樣": 1, "神態自若": 1, "從容": 1, "孟": 3, "女士": 3, "品味": 1, "真的": 1, "！！​": 1, "产业": 1, "链成": 1, "牛股": 2, "集中营": 2, "名单": 1, "都": 10, "↓↓↓": 1, "供应链": 1, "包括": 1, "零部件": 1, "厂商": 3, "半导体": 1, "材料": 1, "设备": 1, "落地": 1, "国产": 2, "替代": 1, "加速": 1, "产业链": 1, "A股": 1, "概念": 1, "一大": 1, "热门": 1, "栗子": 1, "立讯": 1, "精密": 1, "创": 1, "历史": 1, "新高": 1, "歌尔声学": 1, "翻倍": 1, "；": 1, "圣邦": 1, "股份": 2, "涨幅": 2, "高达": 1, "四": 7, "倍": 2, "汇顶": 1, "韦尔": 1, "超": 1, "...": 1, "央视": 2, "财经": 2, "酷燃": 1, "迎接": 1, "第20": 1, "萬粉": 1, "終於": 1, "盼來": 1, "第一": 8, "個": 1, "手感": 1, "覺華": 1, "為好": 1, "高大上": 1, "連手": 1, "機殼": 1, "準備": 1, "貼心": 1, "沒有": 1, "教": 1, "麼": 1, "設定": 1, "話說": 1, "這幾": 1, "天漲粉": 1, "點快": 1, "錯過": 1, "新聞": 1, "費解": 1, "30": 1, "@": 7, "终端": 2, "官方": 1, "微软": 21, "时隔": 6, "推新": 3, "屏幕": 5, "折叠": 15, "首次": 3, "搭载": 6, "安卓": 6, "系统": 7, "10月": 4, "2日": 4, "2019年": 3, "秋季": 3, "新品": 3, "发布会": 3, "发布": 9, "SurfaceDuo": 3, "这是": 3, "再次": 6, "最终": 3, "设计": 3, "未": 4, "定稿": 3, "配备": 3, "后置": 3, "摄像头": 3, "可折": 3, "叠屏": 3, "并未": 3, "柔性": 6, "屏": 3, "折叠屏": 3, "360": 3, "度": 3, "康宁": 3, "金刚": 3, "玻璃": 3, "可靠性": 3, "耐久性": 3, "疑问": 3, "当天": 3, "双屏": 4, "电脑": 3, "款": 6, "2020年": 3, "圣诞节": 3, "上市": 3, "L老板": 2, "联播": 6, "动用": 1, "力量": 1, "命令": 1, "加拿大": 1, "打击": 1, "随时": 1, "引渡": 3, "判": 1, "重刑": 1, "不愧": 2, "副董事长": 3, "世界": 3, "企业家": 1, "任正非": 1, "女儿": 1, "戴": 1, "电子": 2, "脚铐": 1, "面对": 2, "超级大国": 1, "白色": 1, "恐怖": 1, "迈出": 1, "淡定": 1, "从容": 1, "优雅": 1, "步伐": 1, "展示": 1, "代表": 1, "火拼": 1, "经济": 1, "霸权": 1, "坚定": 1, "决心": 1, "晚舟": 1, "早": 1, "归航": 1, "14亿": 1, "人为": 1, "庆生": 2, "袭": 1, "红装": 1, "佩戴": 3, "国旗": 3, "徽章": 1, "手": 1, "Mate30Pro": 3, "祖国": 6, "生日": 2, "快乐": 2, "异国": 1, "忘": 1, "申请": 2, "终止": 2, "聆讯": 2, "周二": 2, "1日": 2, "控方": 2, "陈词": 2, "身穿": 2, "红裙": 2, "襟章": 2, "离家": 3, "前往": 3, "法庭": 3, "温哥华": 2, "寓所": 3, "外用": 1, "中文": 1, "七十": 1, "华诞": 1, "祝愿": 1, "繁荣昌盛": 1, "天涯": 1, "海角": 1, "永远": 1, "此前": 2, "大都": 1, "脚腕": 1, "镣铐": 1, "痛心": 1, "有人": 1, "玩意儿": 1, "安装": 6, "软件": 1, "笔记本": 1, "碰见": 1, "Linux": 1, "👽👽": 1, "👽​": 1, "給華": 1, "個廣": 1, "告​": 1, "老板": 6, "联播L": 2, "零": 2, "壹": 2, "空间": 2, "创始人": 2, "舒畅": 2, "希望": 2, "二三十年": 2, "值得": 2, "别人": 2, "学习": 2, "东西": 1, "留下": 1, "兼": 1, "CEO": 1, "29": 1, "岁": 1, "那年": 1, "民营": 1, "航天": 1, "创业": 2, "创业者": 1, "10": 2, "困难": 1, "成功": 1, "偶然": 1, "失败": 1, "地方": 1, "留": 1, "青年": 1, "领袖": 1, "Mate30": 5, "手动": 3, "谷歌": 5, "彭博社": 2, "报道": 1, "途径": 1, "服务": 1, "亮相": 1, "媒体": 1, "测试": 1, "人员": 1, "找到": 1, "方法": 2, "下载": 1, "称": 1, "原理": 1, "名": 1, "研究者": 1, "发表": 2, "文章": 2, "阐述": 1, "失效": 1, "看图": 1, "说话": 1, "网友": 2, "型号": 1, "坐": 1, "起火": 1, "。。。": 2, "情况": 1, "P30Pro": 1, "升级": 1, "卡住": 1, "LGeek_Cao": 1, "心思": 2, "昨天": 1, "图文": 1, "来源": 1, "刚": 1, "条": 2, "消息": 1, "实话": 1, "忘记": 1, "品牌": 6, "身边": 1, "朋友": 1, "聊": 1, "长江": 1, "恋": 1, "晚会": 1, "现场": 1, "拍": 6, "糊图": 1, "怪": 1, "渣像素": 1, "稍微": 1, "修": 1, "嵩鼠": 1, "忍痛": 1, "买": 2, "P30pro": 1, "南京": 1, "音乐节": 1, "苏州": 1, "嘉年华": 1, "高清": 1, "主页": 1, "关注": 1, "迷路": 1, "许": 1, "嵩​": 1, "PC": 3, "推荐": 1, "HUAWEIMateBook": 1, "系列": 1, "推出": 1, "多屏": 2, "协同": 2, "功能": 2, "合一": 1, "文件": 1, "拖拽": 1, "键鼠": 1, "操控": 1, "体验": 1, "棒": 1, "想": 2, "国庆": 1, "搞": 1, "套": 1, "感受": 2, "下华": 1, "黑科技": 1, "~": 1, "LMa_yinqing": 1, "春节": 1, "奖励": 1, "上手": 1, "M30": 1, "三年": 1, "强大": 1, "立贴": 1, "为证": 1, "!​": 1, "重构": 1, "想象": 1, "段": 1, "7680": 1, "帧慢": 1, "动作": 1, "直升机": 1, "螺旋桨": 1, "一瞬间": 1, "静止": 1, "L宅": 1, "数码": 1, "Kael": 1, "前置": 3, "拍照": 3, "对比": 1, "这次": 1, "去掉": 1, "第三者": 1, "iPhone11Promax": 1, "mate30Pro": 1, "6": 1, "照片": 1, "台": 1, "机器": 1, "拍摄": 1, "公布": 1, "答案": 1, "猜": 1, "友情": 1, "提示": 1, "3200万": 1, "像素": 1, "1200万": 1, "素​": 1, "唯二": 1, "瀑布屏": 1, "vivoNEX3": 1, "音量": 2, "键": 1, "调节": 1, "方式": 1, "好玩": 1, "L钟": 1, "文泽": 1, "老婆": 1, "买华": 1, "班": 1, "菜": 1, "监视": 1, "7": 1, "P30pro拍": 1, "7plus": 1, "第一二": 1, "位置": 1, "果8": 1, "果7": 1, "提高": 1, "差不多": 1, "据说": 1, "11": 1, "改善": 1, "P30": 2, "媲美": 1, "回头": 1, "小伙伴": 1, "检验": 1, "告知": 1, "果机": 1, "电池": 1, "续航": 1, "能力": 2, "实在": 1, "丧失": 1, "信心": 1, "新机": 1, "赞": 1, "十一": 1, "从早到晚": 1, "不停": 1, "摄": 1, "回家": 1, "剩": 1, "38%": 1, "电量": 1, "支持": 1, "超级": 1, "快充": 1, "充电宝": 1, "半": 1, "小时": 1, "满格": 1, "吐槽": 1, "显示": 1, "摄像": 1, "用来": 1, "阅读": 1, "游戏": 1, "感觉": 2, "触屏": 1, "有时候": 1, "灵敏": 1, "京东方": 1, "LG": 1, "貌似": 1, "差距": 1, "曲屏": 1, "不大": 1, "控制": 1, "成本": 2, "弄": 1, "一个": 1, "好用": 1, "LG屏": 1, "北京": 1, "·": 1, "天安门": 1, "广场": 1, "大声": 1, "告诉": 1, "大概": 1, "iPhone11": 1, "那种": 1, "市场": 2, "oppo": 1, "vivo": 1, "竞争": 2, "越来越": 1, "压力": 2, "占有率": 1, "下降": 1, "成长": 2, "大树": 1, "参天": 1, "国际": 1, "国内": 1, "面临": 1, "波导": 1, "倒闭": 1, "非洲": 1, "传音": 1, "台湾": 1, "节目": 1, "连连": 1, "夸赞": 1, "L逗爱": 1, "重庆": 1}