{"上个月": 1, "发布": 5, "第一": 5, "支": 1, "vlog": 1, "很多": 1, "朋友": 1, "留言": 1, "希望": 2, "产品": 3, "功能": 5, "带": 1, "提前": 1, "华为": 50, "P30": 10, "系列": 3, "国内": 2, "发布会": 4, "现场": 1, "体验区": 1, "惊喜": 1, "敬请": 2, "期待": 2, "明天": 3, "！": 11, "L华": 3, "刚": 1, "视频": 4, "​​​": 1, "5G": 30, "时代": 5, "苹果": 30, "掉队": 3, "回应": 4, "5g": 3, "芯片": 11, "卖给": 3, "竞争": 2, "对手": 2, "相继": 1, "首款": 1, "手机": 15, "黄金": 1, "机遇": 1, "落后": 3, "分析": 1, "2020年": 2, "未": 1, "推出": 5, "影响": 1, "全球": 8, "市场": 7, "份额": 1, "3G": 1, "、": 10, "4G": 1, "中落": 1, "流失": 1, "忠实": 1, "果粉": 1, "O5G": 2, "未来": 3, "影像": 3, "上海": 3, "​": 18, "四处": 1, "寻": 1, "芯": 1, "韩国": 1, "美国": 7, "近日": 3, "均": 1, "用户": 1, "商用": 1, "服务": 4, "不少": 1, "厂商": 1, "早已": 1, "摩拳擦掌": 1, "智能": 8, "霸主": 1, "悄无声息": 1, "找到": 2, "英特尔": 2, "提供": 5, "三星": 5, "拒绝": 2, "高通": 8, "表达": 1, "诚意": 1, "交恶": 1, "研发": 4, "时间": 2, "注定": 1, "赛道": 1, "起步": 1, "首页": 1, "输入": 1, "汽车": 9, "字": 1, "搜索": 1, "发现": 1, "吃": 1, "口肉": 1, "花": 1, "心血": 1, "股神": 1, "夜里": 1, "11:30": 1, "睡": 1, "早上": 1, "7点": 1, "干活": 1, "透明": 1, "工厂": 1, "挖": 1, "快": 2, "逼死": 1, "真的": 2, "赚": 1, "钱": 1, "打算": 2, "破例": 3, "消息": 3, "人士": 1, "证实": 1, "一向": 1, "出售": 1, "开放": 1, "销售": 1, "巴龙": 1, "5000": 1, "限于": 1, "一家": 1, "公司": 3, "：": 8, "惊讶": 1, "立场": 1, "改变": 1, "采购": 1, "处于": 1, "困境": 1, "伸出": 1, "橄榄枝": 1, "举措": 1, "讶异": 1, "对话": 1, "O为": 1, "通愿": 1, "电话": 2, "支持": 5, "网友": 6, "爱情": 3, "……": 5, "早": 1, "去年": 1, "8月": 1, "外媒": 1, "报道": 2, "称": 1, "媒体": 1, "爆出": 1, "合作方": 1, "推迟": 1, "交付": 1, "自主": 1, "进展": 2, "缓慢": 1, "最早": 1, "2021年": 1, "才能": 1, "针对": 1, "专利": 1, "制造商": 2, "总裁": 1, "克里斯蒂亚诺·阿蒙": 1, "指出": 2, "预计": 1, "年底": 1, "地区": 1, "开通": 1, "之间": 1, "相爱": 1, "相杀": 1, "戏称": 1, "……L": 1, "央视": 2, "财经": 2, "酷燃": 1, "来源": 1, "@": 4, "点亮": 1, "九": 2, "城": 2, "强势": 1, "启动": 1, "14:30": 1, "2019": 1, "春季": 1, "新品": 1, "终端": 3, "官方": 1, "秒拍": 1, "世界": 2, "黑洞": 3, "照片": 1, "拍摄": 1, "神通": 1, "智": 1, "EMUI": 1, "9.1": 1, "中国": 2, "不见不散小E": 1, "全程": 1, "图文": 1, "直播": 1, "~": 1, "关注": 2, "转发": 4, "猜猜会": 1, "抽": 2, "送": 2, "电源": 1, "一个": 1, "抽奖": 1, "平台": 1, "助手": 3, "带给": 1, "工作": 3, "手忙脚乱": 1, "面对": 1, "十几": 1, "件": 1, "事情": 1, "贴心": 1, "井井有条": 1, "从此": 1, "告别": 1, "996": 1, "工作制": 1, "误": 1, "+": 3, "评论": 2, "几点": 1, "下班": 1, "AI": 1, "音箱": 1, "台": 2, "佩服": 1, "客户": 1, "造好车": 1, "作业": 1, "2019年": 1, "国际": 1, "车展": 3, "首次": 1, "Tier1": 1, "身份": 1, "登台": 1, "亮相": 3, "此次": 1, "带来": 1, "车联网": 1, "自动": 1, "驾驶": 2, "领域": 2, "相关": 1, "发展": 2, "供应链": 1, "颇": 1, "竞争力": 1, "技术": 4, "硬件": 1, "供应商": 1, "30pro": 1, "显微镜": 1, "沉浸": 1, "想象": 3, "星辰": 1, "大海": 1, "出发": 1, "追寻": 1, "诗": 1, "远方": 1, "天际": 1, "通✖": 1, "Booking": 1, "缤客": 1, "DigiX": 2, "未知": 2, "旅行": 2, "计划": 2, "招募": 1, "五一": 1, "小长假": 1, "机酒": 1, "包": 1, "等待": 1, "6": 1, "旅行家": 1, "答案": 1, "报名": 1, "传送门": 1, ">>": 1, ">O": 1, "网页": 1, "链接": 1, "抽送": 1, "HUAWEInova4e": 1, "语音": 1, "上线": 1, "想": 2, "逗": 1, "TA": 1, "平板": 1, "M5": 1, "青春": 1, "版": 1, "8.0": 1, "英寸": 1, "今日": 1, "正式": 3, "开售": 1, "首发": 1, "地标": 1, "感谢": 2, "关心": 1, "父亲": 2, "伤势": 1, "康复": 1, "大碍": 1, "更换": 1, "非官方": 2, "电池": 2, "故障": 2, "售后": 1, "配件": 1, "负": 1, "责任": 1, "态度": 1, "误会": 1, "歉意": 1, "认准": 1, "正规": 1, "维修": 1, "中心": 2, "害死": 1, "客服": 1, "广角": 1, "1倍": 1, "5": 1, "倍": 3, "10": 1, "50": 1, "艺术": 1, "模样": 1, "都": 3, "何种": 1, "畅想": 1, "本条": 1, "随机": 1, "抽取": 1, "名": 1, "幸运": 2, "赠送": 1, "1": 1, "颜色": 1, "随机/8GB": 1, "256GB": 1, "截止": 1, "O4月": 1, "22日": 1, "13:00": 1, "祝": 1, "好运": 1, "～​": 1, "盖尔": 1, "加朵": 2, "2019.4.9": 1, "多伦多": 1, "出席": 1, "裙装": 1, "风格": 1, "很": 1, "尝试": 1, "盖尔": 1, "GalGadot": 1, "信号": 1, "显示": 1, "一阵": 1, "激动": 1, "马上": 1, "小伙伴们": 1, "泼冷水": 1, "5Ge": 1, "📶": 1, "标准": 1, "记者": 1, "获悉": 1, "巨头": 1, "东风": 3, "合作": 2, "打造": 1, "智能化": 2, "本月": 1, "下旬": 1, "车载": 1, "通信": 1, "云端": 1, "数据": 1, "高科技": 1, "配置": 1, "一一": 1, "车上": 1, "信息": 1, "查询": 1, "车辆": 1, "管理": 2, "交通": 1, "调度": 1, "设备": 2, "此前": 1, "联手": 1, "湖北": 1, "襄阳市": 1, "签订": 1, "智行": 1, "隆中": 1, "战略": 1, "轻量化": 1, "电动化": 1, "共享化": 1, "网联化": 1, "O华": 1, "合造": 1, "国产": 1, "浪潮": 1, "来袭": 1, "yy": 9, "qx酷yy": 1, "qx": 14, "可爱": 1, "中戏": 1, "yq": 2, "x中戏y": 1, "x天猫yy": 1, "舒适圈yy": 1, "短发yy": 1, "歌": 1, "舞蹈yyqx": 1, "发型": 1, "yyqxbvyyqx": 1, "千禧龙": 1, "封面": 1, "casescyyqx纪": 1, "梵希yyqxysf": 1, "二十": 1, "石榴yyqxlbyyqxbcwyyqx": 1, "二十yy": 1, "casesc": 1, "百草味yy": 1, "优益": 1, "C康": 1, "师傅": 1, "绿": 1, "茶​": 1, "​​": 1, "防部": 2, "报告": 3, "拿下": 3, "三成": 3, "国防部": 1, "旗下": 1, "国防": 1, "创新": 1, "委员会": 1, "最新": 1, "发表": 1, "包括": 1, "中兴": 1, "在内": 1, "推进": 1, "业务": 1, "有望": 1, "28％": 1, "电信": 1, "短期": 1, "内": 1, "增长": 1, "放缓": 1, "迹象": 1, "O": 1, "幺妹": 1, "成都": 2, "晚霞": 1, "抢": 1, "头条": 1, "至少": 2, "本地": 1, "输": 2, "来得及": 1, "回家": 1, "相机": 1, "赔光": 1, "逮": 1, "尾巴": 1, "昨晚": 1, "刚好": 1, "拿到": 1, "神机": 1, "——": 1, "P30Pro": 1, "试用": 1, "......": 1, "长焦": 1, "暂且": 1, "RAW": 1, "在手": 1, "愁": 1, "吹": 1, "爆华": 1, "CEO": 1, "惧": 1, "专注于": 2, "4月": 1, "9日": 1, "首席": 1, "执行官": 1, "高东": 1, "接受": 1, "法国": 1, "费加罗": 1, "报": 1, "采访": 1, "惧怕": 1, "雄心": 1, "开拓": 1, "折叠": 1, "人工": 1, "折叠式": 1, "设计": 1, "确实": 1, "网络": 1, "成熟": 1, "轻易": 1, "碰": 1, "电脑": 1, "....": 1}