{"华为": 131, "接受": 20, "英国": 21, "议会": 13, "质询": 20, "：": 32, "世界": 16, "坦诚": 8, "相待": 7, "昨天": 7, "全球": 21, "网络": 16, "隐私官": 7, "约翰·萨福克": 7, "出席": 7, "听证会": 7, "下议院": 7, "科学": 7, "委员会": 7, "有人": 10, "直截了当": 7, "设备": 36, "跟踪": 24, "萨福克": 15, "解释": 7, "电话": 17, "技术": 13, "运营商": 16, "用户": 8, "连接": 9, "逻辑": 8, "讲": 8, "都": 18, "客户": 8, "公司": 22, "并无二致": 8, "找": 8, "发现": 6, "感到": 6, "尴尬": 6, "……": 6, "坦诚相待": 8, "或许": 7, "完美": 7, "有益": 7, "L微": 8, "丢": 8, "秒拍": 13, "视频": 26, "微丢": 2, "全世界": 3, "5G": 12, "西方": 2, "高等": 2, "农村": 2, "想": 3, "8K": 2, "电视": 2, "买": 2, "老": 2, "自信": 2, "样子": 2, "可爱": 1, "莫名": 1, "自豪": 1, "美国": 41, "拟": 1, "立法": 1, "承认": 1, "专利": 1, "L": 6, "奇闻": 2, "微爆光": 2, "​": 11, "海外版": 1, "广告": 1, "英雄": 2, "拍": 1, "太": 2, "棒": 1, "！": 10, "周遭": 1, "环境": 2, "险恶": 1, "永远": 1, "点赞": 2, "！！": 1, "注册": 4, "鸿蒙": 5, "商标": 7, "热": 1, "搞": 1, "笑榜": 1, "成绩单": 1, "截止": 1, "不错": 1, "发言": 2, "越来越": 1, "皮": 1, "人民日报": 1, "大放异彩": 1, "理由": 2, "值得": 1, "期待": 2, "~": 1, "6月": 7, "21日": 2, "武汉": 2, "@": 9, "TFBOYS": 2, "易烊": 2, "千玺": 1, "见证": 1, "颜值": 1, "升级": 1, "性能": 1, "在线": 1, "nova5": 2, "系列": 2, "正式": 2, "发布": 8, "夏天": 1, "惊喜": 1, "来得": 1, "猛烈": 1, "L华": 2, "终端": 2, "官方": 2, "英特尔": 10, "副总裁": 4, "表态": 2, "支持": 2, "期望": 3, "找到": 3, "一个": 6, "互惠": 3, "解决": 3, "方法": 3, "中国": 22, "日报": 1, "报道": 4, "当地": 2, "时间": 3, "10日": 4, "公共": 2, "政策": 2, "皮特.克利夫兰": 2, "华盛顿": 2, "一家": 3, "成功": 2, "列入": 6, "实体名单": 4, "政府": 6, "交涉": 2, "产品": 2, "价值": 4, "对此": 2, "制裁": 13, "企业": 13, "打击": 2, "利于": 2, "发展": 3, "相关": 2, "部门": 2, "沟通": 2, "5月": 2, "15日": 2, "芯片": 2, "电信": 2, "遭遇": 2, "负面": 2, "影响": 3, "包括": 5, "加拿大": 5, "、": 23, "墨西哥": 5, "西班牙": 5, "8日": 2, "外媒": 3, "HUAWEIC": 2, "ENTRAL": 2, "称": 6, "确认": 2, "提交": 3, "HongMeng": 2, "申请": 3, "爱L": 1, "试": 2, "发起": 2, "挑战": 2, "#1": 2, "不用": 3, "智能": 8, "手机": 9, "奖": 1, "1千": 1, "美元": 2, "今日": 1, "热搜": 1, "据梨": 1, "近日": 3, "名为": 1, "前沿": 1, "通讯": 1, "互联网": 1, "服务": 2, "提供商": 1, "研究": 1, "现代人": 1, "生活": 1, "翻盖": 2, "名": 1, "参与者": 1, "放弃": 1, "1000": 1, "奖励": 1, "俄罗斯": 7, "签下": 1, "巨额": 1, "协议": 3, "网友": 1, "评论": 1, "亮": 1, "俄": 1, "特朗": 1, "普害": 1, "对讲机": 2, "美": 5, "贸易战": 4, "时刻": 1, "MTS": 1, "达成": 1, "合作": 1, "测试": 1, "预计": 4, "晚些时候": 1, "相互": 1, "通信": 1, "打造": 1, "城市": 1, "时代": 1, "此举": 1, "轮值": 1, "主席": 1, "郭平": 1, "份": 1, "声明": 1, "签署": 1, "战略": 1, "意义": 1, "领域": 1, "角度": 1, "业界": 1, "专注": 1, "这是": 1, "衡量": 1, "未来": 1, "赢家": 1, "输家": 1, "战场": 1, "成果": 1, "坐": 1, "不住": 3, "嘲讽": 1, "推进": 1, "惊人": 1, "高科技": 1, "——": 1, "最终": 7, "别无选择": 1, "只能": 1, "购买": 4, "·": 1, "千": 1, "玺": 1, "解锁": 1, "颜": 1, "有料": 1, "盛夏": 1, "狂欢": 1, "来源": 1, "谷歌": 18, "警告": 8, "迫使": 8, "自力更生": 7, "新加坡": 3, "媒体": 3, "发出": 3, "短期": 3, "内": 3, "伤害": 9, "变得": 3, "统治": 3, "地位": 3, "担心": 3, "更新": 3, "安卓": 5, "操作": 6, "系统": 6, "研发": 3, "软件": 3, "后悔": 1, "上个月": 1, "美国商务部": 2, "关联": 2, "出口": 4, "管制": 2, "实体": 2, "清单": 2, "禁止": 2, "配件": 2, "白宫": 1, "官员": 1, "写信": 1, "国会": 1, "呼吁": 1, "推迟": 1, "执行": 1, "机关": 1, "承包商": 1, "禁令": 4, "吃不消": 1, "很": 1, "负担": 1, "过重": 1, "采购": 1, "科技": 2, "巨头": 2, "游说": 2, "寻求": 2, "豁免": 2, "针对": 3, "业务": 2, "往来": 2, "消息": 1, "知识": 1, "产权": 1, "组织": 1, "涉及": 1, "国家": 2, "韩国": 1, "澳大利亚": 1, "新西兰": 1, "秘鲁": 1, "菲律宾": 1, "央视": 4, "财经": 3, "酷燃": 3, "近期": 2, "O谷歌": 1, "自力更生L": 1, "中报": 1, "微评": 1, "扎心": 2, "自找": 1, "美方": 1, "苦口婆心": 1, "劝说": 1, "盟友": 2, "依然": 1, "屡": 1, "订单": 1, "原因": 1, "理解": 1, "做生意": 1, "选": 1, "价格": 1, "头号": 1, "强国": 1, "领导人": 1, "精力": 1, "民营": 1, "过不去": 1, "花": 1, "心思": 1, "想想": 1, "提高": 2, "本国": 1, "走": 1, "开放": 1, "公平": 1, "竞争": 1, "阴谋诡计": 1, "(": 1, "评论员": 1, "张周项": 1, ")": 1, "新闻": 1, "30": 1, "国": 1, "合同": 1, "耿爽": 4, "名字": 1, "免得": 1, "外交部": 1, "发言人": 1, "主持": 1, "例行": 1, "记者会": 2, "国务卿": 1, "蓬佩奥": 1, "抹黑": 1, "": 1, "言论": 1, "作出": 1, "驳斥": 1, "戳": 1, "↓": 1, "现场": 1, "L小央": 1, "2019": 1, "品牌": 4, "100": 2, "阿里": 1, "腾讯": 2, "位列": 1, "11日": 1, "BrandZ2019": 1, "亚马逊": 1, "苹果": 1, "位居": 3, "三": 1, "上榜": 1, "占比": 1, "15%": 1, "阿里巴巴": 1, "第七": 1, "第八": 1, "小米": 1, "滴滴": 1, "美团": 1, "百度": 1, "京东": 1, "15": 1, "入选": 1, "L五环": 1, "短": 1, "会上": 1, "一点": 1, "2400万": 1, "超": 1, "广角": 1, "AI三": 1, "摄": 1, "麦芒": 1, "8": 1, "12日": 1, "00:00": 1, "开售": 1, "动​": 1, "贸易": 9, "战打": 1, "不少": 1, "时日": 1, "特朗普": 3, "关税": 1, "断供": 1, "忙": 1, "不亦乐乎": 1, "昨日": 1, "海关": 1, "总署": 1, "数据": 1, "五": 2, "总额": 1, "下降": 4, "9.6%": 1, "1.09万亿": 1, "元": 3, "3.2%": 1, "减少": 1, "有限": 1, "进口": 2, "3352亿": 1, "急剧": 1, "25.7%": 1, "顺差": 1, "7506.2亿": 1, "11.9%": 1, "第二": 1, "伙伴": 2, "降级": 1, "第三": 1, "货": 1, "总值": 1, "12.5万亿": 1, "同比": 1, "增长": 5, "4.1%": 1, "6.5万亿": 1, "6.1%": 1, "5.6万亿": 1, "1.8%": 1, "进出口": 2, "地区": 1, "抵消": 1, "剩余": 1, "发动": 1, "初衷": 1, "遏制": 1, "崛起": 1, "降低": 1, "逆差": 2, "打来": 1, "打去": 1, "目标": 1, "顽强": 1, "降": 1, "痴迷者": 1, "天大": 1, "玩笑": 1, "记得": 1, "去年": 1, "年底": 1, "预期": 1, "经济": 1, "顶": 1, "快顶": 1, "倒是": 1, "始作俑者": 1, "打到": 1, "黔驴技穷": 1, "困境": 1, "前瞻性": 1, "眼光": 1, "这位": 1, "高管": 1, "提到": 1, "希望": 1, "学习": 1, "措施": 1, "全程": 1, "高能": 1, "妙语": 1, "连珠": 1, "雅思": 3, "写作": 1, "Simon雅思雅思": 1, "听力": 2, "大卫九": 1, "阅读": 1, "芝士雅思": 1, "LSimon雅思": 1, "BBC": 2, "纪录片": 2, "创始人": 1, "任正非": 1, "背后": 1, "男人": 1, "老板": 2, "联播L": 1, "联播": 1, "办公室": 1, "条": 1, "标语": 1}