{"华为": 81, "谈": 1, "首款": 3, "5G": 11, "手机": 32, "售价": 2, "：": 16, "盈利": 2, "更多": 1, "快速": 2, "接受": 2, "7月": 5, "26日": 1, "深圳": 3, "坂田": 1, "基地": 2, "推出": 1, "商用": 1, "Mate20": 2, "X": 4, "(": 2, ")": 2, "6199": 1, "元": 7, "终端": 4, "产品线": 2, "总裁": 2, "何刚": 1, "称": 3, "产品": 5, "消费者": 2, "@": 15, "中国": 12, "L": 5, "老板": 1, "联播": 1, "秒拍": 3, "视频": 14, "​": 20, "减肥": 1, "夏天": 7, "就要": 1, "清晨": 1, "迎接": 1, "夜晚": 1, "释放": 1, "喜欢": 4, "跑": 2, "WatchGT": 1, "只管": 1, "时间": 2, "跑步": 1, "实探": 2, "伟创力": 11, "珠海": 9, "工厂": 4, "涉及": 4, "生产线": 6, "停产": 3, "门口": 3, "冷清": 2, "断供": 2, "事件": 2, "25日": 2, "确认": 4, "美国": 4, "代工": 2, "厂商": 2, "——": 2, "创力处": 2, "撤出": 4, "产能": 2, "经营报": 4, "记者": 2, "实地": 2, "探访": 2, "位于": 2, "工业": 4, "园南厂": 4, "园区": 5, "内": 3, "员工": 6, "南厂": 2, "一部分": 2, "上班": 2, "人员": 2, "放假": 2, "不少": 2, "辞职": 2, "情况": 2, "栋": 2, "楼": 2, "层": 2, "厂房": 4, "作业": 2, "生产": 6, "非华": 2, "品牌": 2, "此前": 2, "闲置": 2, "O实": 1, "探伟": 1, "创力": 1, "产线": 1, "冷清L": 1, "辟谣": 1, "马鞍山": 1, "女": 1, "网红": 1, "在线": 1, "哭诉": 1, "警察": 1, "联通": 1, "支持": 1, "企业": 2, "合作商": 1, "达华": 1, "参加": 1, "商演": 1, "捅": 1, "起因": 1, "竟是": 1, "开发商": 1, "拖欠": 1, "工程款": 1, "谣言": 2, "转发": 1, "戳图": 1, "查看": 1, "本周": 2, "榜单": 1, "！": 10, "数据": 2, "分析": 1, "社会": 1, "网络": 4, "挖掘": 1, "假冒": 3, "花": 1, "3000": 1, "买": 4, "澎湃": 1, "新闻": 1, "近日": 1, "浙江": 2, "杭州": 2, "涉嫌": 1, "注册": 2, "商标罪": 1, "10": 1, "名": 2, "犯罪": 1, "嫌疑人": 1, "刑事": 1, "强制": 1, "措施": 1, "群": 1, "购买": 2, "商标": 1, "配件": 1, "旧": 2, "线上": 1, "线下": 1, "销售": 1, "全国": 1, "各省": 1, "来源": 1, "相关": 1, "人士": 1, "O": 2, "网页": 2, "链接": 2, "麒麟": 8, "810": 4, "大战": 2, "骁龙": 3, "730": 3, "深度": 2, "对比": 1, "Nova": 2, "5": 3, "/": 2, "荣耀": 9, "9": 2, "系列": 4, "简评": 1, "|": 1, "9102年": 1, "波": 1, "千": 1, "机大": 1, "乱斗": 1, "710": 1, "颗": 2, "Soc": 1, "1500": 1, "档": 1, "价位": 2, "战斗力": 2, "中低端": 1, "主打线": 1, "急": 1, "Soc来": 1, "提升": 3, "性能": 5, "表现": 1, "往年": 1, "端": 1, "处理器": 3, "大概率": 1, "同期": 1, "高通": 3, "6": 1, "7": 1, "超出": 1, "很多": 1, "预期": 1, "核心": 1, "规格": 1, "还要": 1, "好好": 1, "测试": 1, "全新": 1, "麒麟810": 1, "到底": 1, "~": 3, "哔哩": 2, "大米": 2, "评测": 3, "简": 1, "评L": 1, "O抽奖": 1, "详情": 1, "聊聊": 1, "件": 2, "很": 2, "三星": 2, "安卓": 3, "系统": 3, "刚": 1, "都": 7, "安卓机": 1, "用上": 1, "iphone": 3, "ios": 1, "真的": 1, "无比": 1, "舒服": 1, "顺滑": 1, "拍": 2, "照片": 1, "还原度": 1, "超高": 1, "身边": 1, "确实": 2, "朋友": 1, "有人": 2, "劝": 1, "信心": 1, "参考": 2, "iFixit": 2, "Mate20X5G": 2, "拆解": 1, "机器": 1, "内部": 1, "发现": 5, "巴龙": 3, "5000": 5, "麒麟980": 1, "PoP": 1, "封装": 1, "上层": 1, "运行": 1, "内存": 2, "一个": 2, "系统级": 1, "芯片": 3, "闪存": 1, "、": 17, "射频": 2, "前端": 1, "韩": 1, "SoC": 1, "电源": 1, "音频": 1, "Wi-Fi": 1, "收发": 1, "充电": 6, "刘": 2, "宪华": 2, "弹": 1, "钢琴": 1, "青春": 1, "芒果夜": 1, "吴青峰": 1, "伴奏": 1, "刘宪华": 1, "Henry-Lau苏": 1, "L沸点": 1, "娱乐": 1, "nova5": 1, "iPro": 1, "记录": 1, "盛夏": 1, "时光": 1, "热热": 1, "热热热热热": 1, "印象": 1, "深刻": 1, "小事": 1, "警方": 2, "端掉": 1, "制假": 2, "窝点": 2, "出厂价": 3, "1千": 3, "专柜": 2, "3千": 3, "出租房": 1, "平日": 1, "大门": 1, "紧闭": 1, "制作假": 1, "现场": 2, "查获": 1, "600余": 1, "零部件": 1, "组装": 1, "流向": 1, "商场": 1, "卖": 2, "团伙": 1, "售假": 1, "金额": 1, "数百万": 1, "案件": 1, "侦办": 1, "一手": 1, "Video": 2, "转手": 1, "L一手": 1, "错过": 3, "昨天": 1, "发布": 5, "不要紧": 1, "戳": 1, "支": 1, "带": 2, "双模": 2, "L华": 3, "官方": 2, "我校": 2, "技术": 11, "有限": 4, "公司": 8, "签署": 2, "校企": 2, "合作": 4, "协议": 2, "24日": 1, "信息": 4, "学院": 5, "面向": 1, "新一代": 1, "通信": 5, "ICT": 2, "高等": 1, "教育": 3, "发展": 1, "未来": 1, "人才": 1, "培养": 1, "创": 1, "领域": 2, "全方位": 1, "校长": 1, "伟军": 3, "副校长": 1, "王炎廷": 1, "教务处": 1, "计算机": 1, "职能": 1, "部门": 2, "代表": 1, "行业": 1, "徐俊": 2, "总监": 1, "事业部": 1, "区域": 2, "主管": 1, "出席": 1, "签约": 3, "仪式": 2, "三峡": 2, "大学": 4, "揭牌": 1, "期间": 1, "一行": 1, "总部": 1, "南方": 1, "松山湖": 1, "研发": 3, "工作": 1, "环境": 1, "现代化": 1, "车间": 1, "管理": 1, "模式": 1, "文化": 1, "氛围": 1, "后勤": 1, "保障": 5, "考察": 1, "体验": 1, "日报": 1, "宜昌": 1, "2宜昌·三峡": 1, "击破": 2, "联邦": 5, "快递": 5, "误投": 2, "谎言": 2, "非法": 3, "滞留": 3, "包裹": 3, "外媒": 1, "调查": 1, "怀疑": 1, "这家": 1, "逾": 1, "百": 1, "中方": 1, "违法": 1, "违规": 1, "线索": 1, "麻烦": 1, "持续": 1, "承包": 2, "娱乐圈": 3, "越来越": 2, "艺人": 2, "大佬们": 2, "偏爱": 2, "P30P": 3, "RO天空": 2, "境": 4, "小鲜肉": 2, "独宠": 2, "小P30": 3, "PRO": 2, "冰岛": 5, "幻境": 5, "颜值": 3, "征服": 2, "艺人们": 2, "选": 2, "天空": 2, "放在": 1, "晨曦": 1, "路上": 1, "饱满": 1, "生命": 1, "朝阳": 1, "前行": 1, "样子": 1, "随手": 1, "影像": 1, "成诗": 1, "热点": 1, "摄影": 1, "花粉": 1, "俱乐部": 1, "数据线": 2, "Mate20X": 1, "借给": 1, "疑惑": 2, "惊讶": 1, "型号": 1, "华为口": 1, "口（指Micro-USB": 1, "…": 2, "说到": 1, "一加": 1, "听": 2, "OPPO": 1, "子品牌": 1, "；": 2, "反正": 1, "国产": 1, "模仿": 1, "接口": 1, "口": 2, "？？？Type-C": 1, "？？？": 1, "DigiX": 3, "数字": 3, "生活节": 2, "陪": 1, "女票": 2, "逛街": 1, "生活": 1, "实验室": 3, "上学": 1, "用机": 2, "技巧": 1, "经理": 1, "讲解": 1, "解答": 1, "答": 1, "玩机": 1, "服务": 1, "": 2, "孟": 2, "鹤堂": 1, "周九": 1, "反复": 1, "鼓捣": 1, "主题": 1, "终于": 1, "出炉": 1, "！！O": 1, "提取": 1, "码:4upa": 1, "教程": 1, "预览": 1, "下图": 1, "希望": 1, "鸭​": 1, "Tech4All": 1, "突如其来": 1, "自然灾害": 1, "面前": 1, "第一": 2, "恢复": 1, "业务": 2, "畅通": 1, "连续": 1, "通信人": 1, "使命": 1, "职责": 1, "所在": 1, "云南": 1, "引入": 1, "创新型": 1, "应急": 3, "一举": 1, "能力": 2, "倍": 1, "多快好省": 1, "方案": 1, "上电": 1, "开通": 2, "自由": 1, "调度": 1, "友军": 1, "支援": 2, "协同": 1, "应急车": 1, "无人机": 1, "联合": 3, "作战": 1, "大幅度": 1, "效率": 1, "跨": 1, "高山": 1, "流水": 1, "觅": 1, "知音": 1, "伯牙": 2, "视频·Digi": 1, "X艺": 1, "视界": 1, "寻找": 1, "善琴者": 2, "发生": 1, "曲折": 1, "离奇": 1, "故事": 1, "长图": 1, "走近": 1, "寻觅": 1, "十二": 1, "时辰": 1, "转评": 1, "抽": 1, "送华": 1, "耳机": 1, "副": 1, "据悉": 1, "芯片组": 3, "硬件": 1, "供应商": 1, "寻求": 1, "减少": 1, "联发科": 1, "制造商": 1, "依赖": 1, "下半年": 1, "带有": 1, "seu新闻": 1, "聚焦": 1, "0-1": 2, "创新": 2, "东大": 2, "&": 2, "联手": 2, "23日": 1, "东南": 2, "南京": 1, "无线谷": 1, "无线": 2, "暨": 1, "委员会": 1, "2019年": 1, "会议": 1, "依托": 1, "长期": 1, "O聚焦": 1, "热心": 1, "网友": 4, "明星": 1, "拍照": 2, "颜色": 2, "相近": 2, "款": 4, "称为": 1, "吧友": 1, "9x": 1, "现象": 1, "跑分": 1, "性价比": 1, "涓流": 1, "有意思": 1, "40": 1, "w快": 1, "……": 1, "海外": 1, "门店": 1, "这是": 1, "肿么": 1, "科技": 2, "头条": 1, "20PRO": 2, "发": 1, "版本": 1, "机子": 1, "RO": 1, "姊妹机": 1, "感觉": 1, "事实上": 1, "PRODXO": 1, "评分": 1, "差": 1, "1分": 1, "世界": 1, "第二": 1, "形容": 1, "想": 1, "告诉": 1, "想要": 1, "足够": 1, "好看": 1, "P30PRO": 1, "大批量": 1, "出货": 2, "新机": 2, "均": 1, "摊": 1, "成本": 2, "抢占": 1, "市场": 1, "S730": 1, "批量": 1, "小米": 1, "开案": 1, "一两": 1, "才": 1, "上市": 1, "短期": 1, "收": 1, "回来": 1, "没关系": 1, "小编": 1, "HUAWEIMate20X": 1, "硬核": 1}