{"筹备": 1, "很": 7, "旗舰店": 22, "终于": 2, "正式": 1, "见面": 1, "现场": 6, "朋友们": 1, "热情": 1, "兴奋": 1, "感动": 1, "！": 15, "初心": 1, "辜负": 1, "全球": 12, "消费者": 15, "支持": 2, "打造": 1, "喜爱": 1, "品牌": 2, "产品": 8, "质量": 1, "、": 30, "体验": 7, "服务": 1, "创新": 1, "带给": 2, "L余": 1, "承东": 1, "视频": 16, "​": 18, "华为": 53, "起诉": 4, "传音": 6, "控股": 3, "630": 3, "项": 3, "专利": 4, "非洲": 2, "王": 2, "9月": 4, "23日": 1, "诉": 1, "深圳": 7, "股份": 1, "有限公司": 1, "6": 2, "公司": 3, "著作权": 1, "权属": 1, "侵权": 2, "纠纷": 1, "案": 1, "立案": 1, "知情": 1, "人士": 1, "称": 1, "这次": 2, "内容": 1, "算是": 2, "索赔": 1, "金额": 1, "不大": 1, "敲山震虎": 1, "招股书": 1, "显示": 1, "子公司": 1, "国家": 1, "知识": 1, "产权局": 1, "中国": 6, "境内": 1, "拥有": 1, "共计": 1, "O传音": 1, "上市": 1, "在即": 1, "首家": 7, "开业": 10, "完善": 3, "公里": 3, "形象": 5, "控制": 6, "28日": 3, "直营": 3, "万象天": 4, "以往": 3, "购物": 3, "中心": 3, "区域": 3, "店": 3, "均": 3, "加盟店": 3, "介绍": 3, "这家": 5, "40%": 3, "空间": 3, "都": 11, "留给": 3, "交流": 3, "组织": 3, "课程": 3, "活动": 3, "互动": 3, "逛": 2, "线下": 2, "手机": 13, "体验店": 2, "哪家": 2, "5G": 2, "+": 2, "AI": 2, "场景": 2, "智慧": 2, "生活": 2, "触手可及": 1, "第一": 3, "黑科技": 1, "带": 2, "试玩→": 1, "上午": 1, "5G加A": 1, "I": 1, "环境": 2, "央视": 2, "财经": 2, "记者": 2, "赶到": 1, "探访": 1, "早早": 1, "门口": 1, "排队": 1, "等候": 1, "大概": 1, "分为": 1, "三": 3, "层": 1, "购物区": 1, "体验区": 1, "功能区": 1, "设立": 1, "体验馆": 1, "微信": 1, "扫码": 1, "P30": 1, "一个": 3, "高清": 1, "前置": 1, "摄像头": 1, "快速": 1, "捕捉": 1, "面部": 1, "特征": 1, "30秒": 1, "人像": 1, "简笔画": 1, "打印": 1, "款": 1, "看似": 1, "眼镜": 1, "接打": 1, "电话": 1, "播放": 1, "音乐": 3, "好玩": 1, "戳": 1, "↓↓↓": 1, "L": 2, "酷燃": 1, "自建": 2, "意图": 2, "赋予": 2, "城市": 4, "客厅": 2, "定义": 2, "距离": 4, "文化": 2, "LNBD": 2, "徐峥": 4, "玩": 1, "上瘾": 1, "陆川": 4, "惊呼": 1, "躺赢": 1, "技术": 6, "革新": 1, "电影": 5, "语言": 3, "行业": 1, "带来": 3, "变化": 1, "——": 1, "Mate30": 8, "重构": 3, "想象": 4, "精彩": 1, "错过": 2, "~": 1, "L华": 5, "系列": 4, "小时": 2, "狂销": 2, "100万": 3, "台": 8, "这下": 1, "卢伟冰": 2, "尴尬": 1, "日前": 1, "用户": 1, "喜欢": 5, "小米": 6, "贵": 2, "2000": 1, "元": 1, "4G": 1, "太": 3, "打脸": 1, "京东": 2, "15万": 1, "Mate30pro": 1, "平台": 1, "突破": 2, "9Pro": 1, "才": 4, "销售": 1, "1.2万": 1, "高配": 1, "2000多": 1, "差距": 6, "卢": 1, "对象": 2, "抱紧": 1, "平板": 1, "M6": 1, "高能版": 1, "开黑": 1, "图片": 1, "来源": 1, "：": 8, "魔王": 1, "呸​": 1, "万象天地": 1, "听说": 1, "买到": 1, "～​": 1, "感受": 1, "Mate30Pro": 2, "拍摄": 2, "7680": 1, "帧": 1, "/": 3, "秒慢": 1, "动作": 1, "～": 4, "拍": 1, "颗": 1, "USB": 1, "电风扇": 1, "科技": 2, "杰克": 1, "升格": 1, "镜头": 1, "观众": 1, "代入感": 1, "面对": 1, "Pro超": 1, "高速": 1, "摄影": 1, "功能": 1, "坦言": 1, "真的": 1, "震惊": 1, "器材": 1, "革命": 1, "创作": 1, "更新": 1, "终端": 4, "官方": 4, "VLOG019": 1, "HUAWEI": 1, "SHOW": 1, "前天": 2, "参加": 2, "HUAWEIMATE": 1, "30": 1, "发布会": 1, "邂逅": 1, "惊喜": 1, "美": 2, "活力": 1, "抓紧": 1, "时间": 1, "拍下": 1, "支": 2, "": 1, "VLOG": 1, "分享": 1, "～L": 1, "好楠木子": 1, "红米": 1, "三星": 2, "苹果": 2, "无线": 1, "运动": 1, "海威特": 1, "蓝牙": 2, "耳机": 2, "💯": 1, "平仑": 1, "噢": 1, ">>": 2, ">": 2, "推荐": 1, "习惯": 1, "静夜": 1, "跟着": 1, "唐诗": 1, "宋词": 1, "旋律": 1, "伴": 1, "怀旧": 2, "歌声": 1, "踩": 1, "月色": 1, "清辉": 1, "走入": 1, "夜色": 1, "灯火": 1, "阑珊": 1, "逃离": 1, "霓虹灯": 1, "色彩": 1, "寻": 1, "宁静": 1, "角落": 1, "安置": 1, "心事": 1, "​​": 1, "1": 1, "P30Pro": 1, "iPhone11ProMax": 2, "加班": 1, "累": 1, "1万4": 1, "加班费": 1, "值": 1, "值​": 1, "@": 2, "NBD": 1, "东京": 5, "梦华录": 3, "朗诵集": 1, "手写": 2, "大赛": 1, "梦华": 2, "眼": 2, "探索": 2, "宋": 2, "绮年": 2, "超": 1, "社团": 1, "比赛": 1, "北宋": 1, "诗词": 1, "走过": 1, "路过": 1, "der话": 1, "麻烦": 1, "点赞": 1, "转发": 1, "汐音社": 1, "1.": 1, ".": 4, "仆今": 1, "追忆": 1, "回首": 1, "怅然": 1, "3": 1, "历史": 1, "致敬": 1, "激励": 1, "我辈": 1, "儿女": 1, "奋勇": 1, "向前": 1, "4.": 1, "春风": 1, "绿江": 1, "南岸": 1, "明月": 1, "泊船": 1, "瓜洲": 1, "5.": 1, "古风": 1, "专辑": 1, "6.千": 1, "骑拥": 1, "高牙": 1, "乘醉": 1, "听": 1, "箫鼓": 1, "吟赏": 1, "烟霞": 1, "望海潮": 1, "7.": 1, "酒酣": 1, "胸胆": 1, "开张": 1, "鬓微霜": 1, "何妨": 1, "江城子·密州": 1, "出猎": 1, "8": 1, "竹杖": 1, "芒鞋轻胜马": 1, "蓑": 1, "烟雨": 1, "平生": 1, "定风波": 1, "9": 1, "人生": 1, "到处": 1, "何似": 1, "飞鸿踏雪泥": 1, "和子": 1, "渑池": 1, "门店": 2, "设计": 2, "酷": 1, "国产": 1, "厂商": 1, "爱": 1, "四周": 1, "落地窗": 1, "感觉": 1, "图源": 1, "蒋": 1, "鸿杰": 1, "同学": 1, "任正非": 1, "当初": 1, "取名": 2, "随意": 1, "注册": 1, "想": 3, "名字": 3, "墙上": 1, "中华": 1, "有为": 1, "标语": 1, "顺手": 1, "发音": 3, "闭": 1, "口音": 1, "响亮": 1, "夏威夷": 2, "英文": 1, "hawaii": 1, "老外": 1, "读错": 1, "十几": 1, "内部": 2, "争议": 1, "改掉": 1, "改": 1, "教": 1, "外国人": 1, "发": 1, "音": 1, "老念": 1, "‘": 1, "’": 1, "投票": 1, "一大": 1, "波": 1, "买": 4, "9月份": 1, "发布": 1, "最新": 1, "一家": 1, "施工度": 1, "媲美": 1, "德国": 1, "·": 1, "华润城": 1, "人气": 1, "确实": 1, "2深圳·万象": 1, "天地": 1, "余承东": 3, "出席": 1, "万象": 1, "供不应求": 1, "地区": 1, "开售": 1, "销量": 1, "​​​": 1, "晚上": 1, "消息": 1, "建议": 1, "孟非": 2, "导演": 2, "站": 1, "微表": 1, "情解": 1, "陆导": 1, "照亮": 1, "面积": 1, "秒拍": 3, "山争": 1, "哥哥": 1, "演": 1, "能导": 1, "……": 2, "懂": 1, "辟谣": 1, "网络": 1, "文章": 1, "美国": 17, "差": 3, "十万八千": 2, "二万五千": 2, "正视": 1, "强大": 2, "坚定": 2, "学习": 2, "永远": 1, "情绪": 1, "主导": 1, "工作": 1, "社会": 1, "民粹主义": 1, "民粹": 2, "至少": 1, "言论": 1, "机会": 1, "全体": 1, "员工": 1, "危机感": 1, "盲目": 1, "乐观": 1, "狭隘": 2, "民族主义": 1, "制造": 2, "小富即安": 1, "手头": 1, "活钱": 1, "了不得": 1, "产业": 5, "增长": 1, "潜力": 1, "附加值": 1, "精钢": 1, "钻": 1, "牛仔裤": 1, "运动鞋": 1, "赶上": 2, "农民工": 1, "进城": 1, "通用": 2, "电气": 1, "波音": 1, "诺斯洛普格拉曼": 1, "霍尼韦尔": 1, "洛克希德·马丁": 1, "雷神": 1, "汤普森·拉莫·伍尔德里奇": 1, "联合": 2, "利顿": 1, "工业": 5, "达信": 1, "CSC": 1, "ITT": 1, "防务": 1, "休斯": 1, "电子": 5, "L-3": 1, "通信": 1, "艾连特": 1, "系统": 6, "哈里斯": 1, "罗克韦尔": 1, "阿尔康": 1, "韦里迪安": 1, "西利康": 1, "图解": 1, "计算": 1, "布兹·阿伦·哈密尔顿": 1, "普利迈克斯": 1, "米特里......EGG": 1, "DRS": 1, "泰": 1, "列·谢格勒": 1, "装备": 1, "支援": 1, "蒂坦": 1, "安特翁": 1, "AMGeneral": 1, "数据": 3, "奥什科什": 1, "库比克": 1, "；": 11, "汽车": 3, "陶氏": 1, "亨斯曼": 1, "PPG": 1, "伊士曼": 1, "化工": 4, "孟山都": 1, "道康宁": 1, "惠普": 1, "安捷伦": 2, "IBM": 1, "泰科": 1, "英特尔": 1, "卡特彼勒": 1, "德尔福": 1, "杜邦": 2, "江森": 1, "自控": 1, "思科": 1, "3M，迪尔": 1, "特异": 1, "施乐": 1, "艾默生": 1, "惠而浦": 1, "摩托罗拉": 1, "朗讯": 1, "辉瑞": 1, "罗氏": 1, "礼来": 1, "企业": 2, "加上": 1, "普林斯顿": 1, "哈佛": 1, "耶鲁": 1, "斯坦福": 1, "伯克利": 1, "加州": 1, "理工": 2, "麻省": 1, "芝加哥": 1, "哥伦比亚": 1, "大学": 1, "综合国力": 1, "支柱": 1, "骄傲": 1, "本钱": 1, "原因": 1, "30年": 1, "奋力": 1, "追赶": 1, "远": 1, "举例": 1, "复合材料": 2, "领域": 4, "积累": 1, "工艺": 2, "我国": 2, "25": 1, "倍": 1, "涡扇": 2, "发动机": 2, "做完": 1, "材料": 5, "试验": 3, "数量": 1, "GE": 1, "5%": 1, "尤其是": 2, "微电子": 1, "精密": 6, "仪表": 5, "仪器": 7, "国内": 1, "实验室": 1, "不好意思": 1, "别人": 2, "打招呼": 1, "传感器": 3, "精细": 1, "特种": 2, "金属": 2, "陶瓷": 1, "不可以道里计": 1, "单单": 1, "机械": 3, "高档": 3, "数控": 2, "数字化": 1, "工具": 1, "量仪": 1, "DCS": 1, "FCS": 1, "PLC": 1, "智能": 3, "20年": 1, "设备": 3, "精度": 1, "稳定性": 1, "智能化": 1, "压力": 2, "流量": 1, "物位": 1, "成份": 1, "可靠": 1, "执行器": 1, "电网": 1, "先进": 1, "量测": 1, "AMI": 1, "分析": 1, "测试": 3, "力学": 1, "性能": 2, "新型": 2, "无损": 1, "检测": 3, "国防": 1, "各类": 1, "进口": 2, "瓦森纳": 1, "协定": 1, "禁运": 1, "只能": 2, "隐蔽": 1, "战线": 1, "同志": 1, "冒险": 1, "可靠性": 2, "力敏": 1, "磁敏": 1, "复合": 1, "光纤": 1, "MEMS": 1, "生物": 1, "专用": 1, "芯片": 1, "色谱": 1, "光谱": 1, "质谱": 1, "器件": 2, "参数": 1, "轴承": 1, "液压": 1, "气动": 1, "密封": 1, "元件": 1, "齿轮": 1, "传动": 1, "装置": 2, "大型": 1, "长寿命": 1, "模具": 1, "军品": 1, "级别": 1, "变频": 1, "调速": 1, "手段": 1, "制造业": 4, "结构": 1, "优化": 1, "程度": 1, "超出": 1, "石油": 2, "煤炭": 2, "依赖": 1, "资源": 1, "占比": 3, "低": 1, "消耗": 1, "能源": 2, "意外": 1, "领先": 1, "优势": 1, "2013年": 1, "包括": 1, "制药": 1, "塑料": 1, "橡胶": 1, "占": 6, "产值": 1, "19.5%": 1, "食品": 1, "饮料": 1, "10.8%": 1, "电脑": 1, "9%": 1, "8.7%": 1, "7.8%": 1, "6.1%": 1, "航天": 1, "运输": 1, "5.9%": 1, "4.5%": 1, "4.4%": 1, "小看": 1, "机床": 1, "精细化": 1, "军工": 1, "歇菜": 1, "大打折扣": 1, "爱国": 1, "特么": 1, "家人": 1, "HW": 1, "HR": 1, "强行": 1, "吹华": 1, "不用": 1, "拍照": 1, "角度": 1, "找": 1, "节奏": 1, "烦恼": 1, "邀请": 1, "聊": 1, "直播": 1, "补": 1, "接受": 1, "采访": 1, "问及": 1, "友商": 1, "攻击": 1, "份额": 1, "下滑": 1, "撕": 1, "咬华": 1, "增加": 1, "曝光": 1, "热度": 1, "业界": 1, "做法": 1, "记得": 1, "骂": 1, "电视": 1, "垃圾": 1, "GalaxyNote10+": 1, "vivoNEX3": 1, "下半年": 1, "顶级": 2, "旗舰": 2, "想要": 2}