{"好友": 1, "群": 4, "吐槽": 2, "调侃": 1, "扔": 1, "段子": 1, "笑": 1, "开心": 1, "家庭群": 3, "总像": 1, "奇葩": 2, "跨": 1, "代沟": 1, "尬聊": 1, "、": 20, "煲": 1, "鸡汤": 1, "玩": 2, "沙雕": 2, "无所不包": 1, "有种": 1, "摸": 1, "脉门": 1, "感觉": 2, "槽点": 1, "带": 1, "节气": 1, "家味": 1, "一句话": 1, "分享": 1, "机会": 1, "赢得": 1, "华为": 55, "Mate30": 4, "！": 13, "想": 1, "家庭": 1, "哪类": 1, "内容": 2, "打压": 3, "美国": 25, "欲": 1, "祭出": 2, "马歇尔": 2, "计划": 2, "金融": 3, "时报": 3, "FT": 1, "10月": 3, "8日": 2, "报道": 3, "名": 2, "知情": 2, "人士": 2, "透露": 5, "官员": 8, "审议": 1, "诺基亚": 4, "爱立信": 4, "公司": 7, "发放": 2, "贷款": 1, "援引": 1, "政府": 7, "高级": 3, "说法": 1, "称": 4, "几十": 3, "年前": 4, "制造": 3, "电信": 3, "设备": 7, "优势": 3, "如今": 1, "拼命": 3, "回到": 2, "场": 2, "竞争": 5, "放弃": 2, "意识": 2, "国家": 2, "最佳": 1, "选择": 3, "部门": 2, "机构": 3, "都": 16, "找": 1, "方法": 1, "补充": 2, "打算": 2, "推出": 3, "5G": 15, "网络": 7, "很快": 4, "唯一": 2, "观察者": 1, "网": 1, "O为": 1, "天渐": 1, "凉": 1, "篮球": 2, "落": 1, "🏀⛹": 1, "️‍": 2, "♂️": 2, "⛹️": 2, "‍♂": 2, "️⛹": 1, "️": 1, "装备": 1, "手环": 1, "4e": 1, "精灵": 1, "纵跳": 1, "腾空": 2, "时速": 1, "高度": 1, "记": 2, "记录": 1, "活跃": 1, "时间": 3, "分配": 1, "体能": 1, "在场": 1, "活力": 1, "无限": 1, "数据": 4, "哈哈哈哈": 1, "不说": 2, "！！": 3, "🏀🏀": 2, "那天": 1, "TED": 1, "发": 1, "奔四": 1, "本嘤": 1, "嘤嘤": 2, "嘤": 1, "……": 5, "​": 13, "Mate30Pro": 6, "对比": 1, "vivoNEX3": 1, "瀑布屏": 2, "很火": 1, "观感": 1, "到底": 3, "vivo": 1, "美": 3, "看完": 1, "视频": 10, "懂": 1, "知名": 1, "数码": 2, "博主": 1, "@": 3, "科技": 6, "独自": 1, "拍摄": 1, "剪辑": 1, "后期": 1, "很": 5, "用心": 1, "辛苦": 1, "求转": 1, "评": 1, "赞": 1, "L": 2, "品牌": 4, "战略": 1, "套": 1, "朋友": 1, "好几": 1, "手机": 27, "Mate7": 1, "用到": 1, "P20Pro": 1, "系列": 6, "5G版": 1, "发售": 1, "便宜": 1, "过度": 1, "明年": 5, "回": 1, "Mate40": 1, "老婆": 3, "提出": 1, "委托": 1, "买": 7, "一个": 3, "网上": 1, "回来": 2, "拿到": 1, "一刻": 1, "傻眼": 1, "依然": 2, "熟悉": 2, "配方": 1, "系统": 1, "荣耀": 3, "20Pro": 1, "人生": 1, "建议": 1, "iPhone11": 1, "剃须刀": 1, "摄像头": 2, "丑绝": 1, "拍照": 2, "打开": 2, "速度": 2, "每次": 1, "黑屏": 1, "黄": 2, "自拍": 1, "画质": 1, "奇怪": 1, "原彩": 1, "显示": 2, "特黄": 1, "后置": 1, "焦": 1, "为啥": 1, "1万多": 1, "mate30": 1, "香": 1, "xs换屏": 1, "内部": 1, "批判": 1, "任正非": 5, "宗": 1, "罪": 1, "老板": 1, "观点": 1, "不合": 1, "当众": 1, "指出": 1, "憋": 1, "职场": 1, "教科书": 1, "戳": 1, "沟通": 1, "心理学": 1, "给出": 1, "方案": 1, "~L": 1, "掌阅": 1, "生活": 1, "27": 3, "W": 2, "无线充": 3, "小米": 8, "30": 3, "快": 4, "实测": 1, "9Pro": 2, "4000": 2, "mAh": 2, "电池": 2, "测": 2, "4500": 1, "急测": 1, "录像": 1, "拿走": 1, "25": 1, "°": 1, "室温": 1, "情况": 3, "确实": 1, "67": 2, "分钟": 4, "充满": 3, "用时": 1, "85": 1, "3960": 1, "简单": 1, "换算": 1, "充电量": 1, "总体": 2, "测试": 1, "些许": 1, "误差": 1, "深测": 1, "细聊": 1, "小白": 1, "测评": 1, "数据库": 1, "T": 1, "FBOYS": 1, "易烊": 2, "千玺": 2, "闪": 1, "够快": 1, "搞": 2, "TFBOYS": 2, "组合": 1, "🐑易": 1, "烊千玺": 1, "表情": 1, "包🐑": 1, "截图": 1, "cr华为vlog🐑​": 1, "遥控车": 1, "7680": 1, "帧超": 1, "高速": 1, "摄影": 1, "功能": 1, "玩法": 1, "很多": 1, "L华": 2, "终端": 2, "官方": 2, "秒拍": 1, "上次": 1, "陪": 1, "父母": 1, "看剧": 1, "三": 2, "智慧": 1, "屏": 1, "爱": 1, "零距离": 1, "台湾": 2, "节目": 1, "聊华": 1, "汽车": 1, "傻事": 1, "用户": 2, "产品线": 1, "副总裁": 1, "底下": 1, "馈售": 1, "拉黑": 1, "哭": 1, "中午": 1, "同事们": 1, "吃饭": 1, "办公室": 1, "mao片": 1, "有人": 1, "刚": 1, "静音": 1, "才": 1, "mate30Pro": 1, "实体": 3, "音量": 1, "键": 1, "情急": 1, "之下": 2, "差点": 1, "摔": 1, "太": 4, "尴尬": 2, "更为": 1, "宏大": 1, "历史": 2, "视野": 1, "观察": 1, "贸易战": 4, "淡定": 1, "看待": 1, "香港": 1, "骚乱": 1, "NBA": 1, "冲突": 1, "保卫战": 1, "孟晚舟": 1, "事件": 1, "封杀": 2, "中国": 7, "高科技": 1, "企业": 6, "制裁": 1, "相关": 1, "人员": 1, "呈现": 1, "持久战": 1, "消耗战": 1, "态势": 1, "发起": 1, "冲击": 1, "实质": 1, "上都": 1, "消耗": 1, "力量": 1, "涣散": 1, "贸易": 1, "战终": 1, "改变": 1, "世界": 4, "格局": 1, "西方": 1, "主导": 1, "走到": 1, "帝国主义": 1, "挽歌": 1, "复兴": 1, "再次": 2, "登上": 1, "巅": 1, "奠基": 1, "波": 1, "混战": 1, "即将": 1, "打响": 1, "realmeX2ProOPPOace一加7T": 1, "红米": 1, "8A": 1, "CC9Pro": 1, "魅族": 2, "16T": 1, "/": 1, "16sProPlus": 1, "V30": 1, "青春版": 1, "坚果": 1, "Pro3": 1, "mateX": 1, "…": 1, "智能": 1, "市场": 9, "激烈": 2, "喵": 1, "天一": 1, "新机": 2, "…​": 1, "雷军": 1, "在知乎": 1, "关注": 1, "：": 6, "国产": 2, "民族": 2, "印度": 2, "占有率": 2, "第一": 4, "骄傲": 1, "​​​": 1, "索赔": 1, "2000万": 2, "股价": 3, "暴跌": 3, "起诉": 3, "传音": 6, "忧患": 4, "远": 3, "不止": 4, "刚刚": 1, "登陆科": 1, "创板": 1, "控股": 1, "发布": 1, "公告": 1, "确认": 1, "侵权": 2, "诉讼": 2, "折射": 1, "研发": 6, "投入": 1, "非洲": 1, "份额": 2, "纷纷": 2, "下滑": 1, "O": 2, "O索赔": 1, "长话短说": 1, "高通": 1, "难": 1, "大概": 1, "苹果": 2, "芯片": 2, "5nm": 1, "爆料": 1, "11月": 1, "骁龙": 1, "865": 2, "7nmEUV": 1, "毕竟": 1, "制程": 2, "工艺": 1, "东西": 1, "1": 1, "nm": 1, "功耗": 1, "什么的": 1, "要好": 1, "加上": 1, "855+": 1, "本来": 1, "麒麟": 1, "980": 1, "三星": 1, "9825": 1, "友商": 1, "超车": 1, "相比": 2, "A14": 1, "麒麟999": 1, "暂且": 1, "性能": 1, "吃亏": 1, "7nm": 1, "iPhone": 1, "旗舰": 1, "安卓": 1, "三者": 1, "差距": 1, "佛山": 4, "东莞": 3, "大湾区": 1, "二线": 1, "城市": 1, "经济": 4, "总量": 1, "差不多": 1, "本土": 1, "或者说": 1, "民营": 1, "包括": 3, "家电": 1, "家具": 1, "电工": 1, "陶瓷": 1, "行业": 1, "全国": 2, "领先": 2, "全球": 5, "房企": 1, "碧桂园": 1, "总部": 1, "广佛": 1, "同城": 1, "；": 1, "外资": 1, "台资": 1, "寻求": 1, "深莞": 1, "一体化": 1, "发展": 1, "看好": 2, "金华OV": 1, "四": 1, "巨头": 1, "金立": 5, "高调": 1, "复出": 1, "首销": 1, "当年": 1, "创造": 2, "辉煌": 1, "成绩": 1, "复活": 1, "件": 3, "理解": 1, "创始人": 4, "气质": 2, "影响": 2, "OV": 1, "华南": 1, "具备": 1, "精彩": 1, "明天": 1, "Z-TALK": 1, "LZEALER": 1, "卖": 1, "2G": 4, "信号": 2, "覆盖": 2, "售价": 2, "主因": 1, "认可": 1, "工信部": 1, "陆续": 1, "商用": 2, "牌照": 1, "我国": 1, "正式": 1, "元年": 1, "6月": 1, "国内": 5, "厂商": 2, "中兴": 1, "抢占": 1, "先机": 1, "首批": 1, "日前": 1, "信息": 1, "通信": 4, "研究院": 2, "公布": 1, "8月": 2, "销量": 4, "报告": 3, "内": 1, "出货量": 1, "3087.5万": 1, "同比": 1, "下降": 1, "5.3%": 1, "117.7万": 1, "21.9万": 1, "日报": 2, "记者": 2, "发现": 1, "截至": 1, "依旧": 1, "算": 1, "8": 4, "售出": 1, "1049.2万": 1, "卖出": 1, "29.1万": 1, "基站": 2, "处在": 1, "大规模": 3, "部署": 1, "阶段": 1, "区域": 1, "这是": 1, "导致": 2, "温": 1, "火": 1, "原因": 3, "手机界": 1, "院长": 1, "孙燕飚": 1, "偏": 1, "换机": 1, "意愿": 1, "运营商": 1, "给予": 1, "补贴": 2, "流量": 1, "套餐": 1, "供": 1, "展示": 1, "能力": 1, "开发者": 1, "搭建": 1, "环境": 1, "少部分": 1, "发烧友": 1, "尝鲜": 1, "未": 1, "展开": 1, "对外": 1, "销售": 1, "电商": 1, "平台": 1, "存货": 1, "升级": 1, "海康": 1, "讯飞": 1, "AI": 2, "列入": 1, "清单": 2, "这次": 2, "上榜": 1, "囊括": 1, "领域": 4, "安防": 1, "技术": 7, "负": 1, "盛名": 1, "指控": 1, "理由": 1, "人权": 1, "借口": 1, "欲加之罪何患无辞": 1, "大胆": 1, "预测": 1, "未来": 2, "三年": 1, "吃掉": 1, "大部分": 1, "阿华": 1, "灵魂": 1, "换上": 1, "克隆": 1, "希望": 2, "对手": 2, "提供": 4, "信贷": 2, "纯粹": 1, "市场经济": 1, "打脸": 1, "带路": 1, "党": 1, "份": 1, "出于": 2, "禁用": 1, "陷入": 1, "困境": 1, "领导者": 1, "28％": 1, "警告": 1, "特朗普": 2, "生产": 1, "传输": 2, "所需": 1, "无线电": 2, "时代": 1, "到来": 1, "地位": 1, "好事": 1, "办法": 1, "大额": 1, "客户": 1, "丰厚": 1, "融资": 1, "条件": 1, "挑战者": 1, "甲骨文": 1, "思科": 1, "接触": 1, "兴趣": 2, "告诉": 1, "这项": 1, "业务": 1, "感": 1, "昂贵": 1, "占用": 1, "国会": 1, "农村": 1, "互联网": 1, "供应商": 1, "数百万": 1, "美元": 1, "更换": 1, "取代": 1, "当初": 1, "做法": 1, "重回": 1, "建设": 1, "研究": 1, "Mobile": 1, "Experts": 1, "兼": 1, "总裁": 1, "JoeMadden": 1, "美方": 1, "资助": 1, "举动": 1, "可取": 1, "政策": 2, "相悖": 1, "大型": 1, "买华": 1, "倒是": 1, "讨论": 1, "撤销": 1, "合作": 1, "禁令": 1, "交易": 1, "中学生": 1, "5000": 1, "块": 1, "初中": 1, "MP3": 1, "乐": 1, "鼻涕": 1, "泡": 1, "港版": 1, "Note10": 1, "外观": 1, "选​": 1, "6G": 7, "着手": 3, "首发": 2, "近日": 1, "下一代": 1, "距离": 1, "商用化": 1, "长": 1, "接受": 1, "经济学人": 1, "采访": 1, "位于": 1, "渥太华": 1, "实验室": 1, "引领": 1, "现阶段": 1, "闪存": 1, "这块": 1, "一如既往": 1, "快​": 1}