{"独家": 7, "：": 28, "竟然": 13, "美国": 46, "公司": 28, "中国": 31, "华为": 147, "执法": 12, "扣押": 29, "巨额": 14, "物资": 32, "知情": 11, "人士": 13, "透露": 5, "珠海": 6, "设有": 6, "工厂": 6, "知名": 6, "上市": 6, "代工": 12, "企业": 13, "伟创力": 34, "政府": 9, "列入": 7, "黑名单": 7, "私自": 13, "高达": 6, "7亿": 17, "元": 22, "人民币": 6, "物料": 12, "设备": 14, "此前": 9, "媒体": 6, "报道": 9, "消息": 5, "本报": 3, "相关": 5, "爆料": 4, "显示": 5, "前来": 5, "索要": 5, "归还": 7, "反而": 5, "持续": 6, "1个多": 6, "损失": 7, "O独家": 5, "！": 15, "收入": 24, "超过": 12, "阿里巴巴": 17, "腾讯": 27, "总和": 12, "任正非": 17, "赚": 10, "财富": 8, "世界": 7, "500": 7, "排名": 7, "提升": 7, "61": 6, "名": 7, "2018年": 10, "1090亿": 9, "美元": 16, "数字": 3, "明星": 3, "182": 3, "237": 3, "二者": 3, "561亿": 3, "472.7亿": 3, "超": 10, "阿里": 10, "O华": 2, "​": 7, "@": 13, "环球": 3, "时报": 3, "得知": 1, "#O": 1, "后者": 1, "#伟": 1, "创力": 5, "踢出": 8, "供应链": 12, "私扣": 5, "长": 11, "一月": 9, "近日": 3, "凤凰网": 2, "科技": 4, "体系": 3, "剔除": 3, "彭博社": 1, "统计": 1, "数据": 1, "华为处": 1, "拿到": 1, "订单": 2, "25亿": 1, "获取": 1, "营收": 1, "最多": 1, "厂商": 1, "纸": 1, "禁令": 5, "合作": 4, "关系": 1, "破灭": 1, "据悉": 1, "5月": 4, "17日": 2, "通知": 2, "全球": 5, "代工厂": 2, "马上": 2, "停止": 2, "生产": 5, "产品": 3, "不予": 1, "发货": 2, "每日": 2, "经济": 2, "新闻": 2, "获悉": 1, "期间": 2, "价值": 2, "一个": 2, "提出": 5, "多种": 2, "带来": 2, "最终": 1, "派": 1, "车": 1, "连夜": 2, "拉回": 3, "内部": 1, "告诉": 2, "记者": 3, "从伟": 1, "撤出": 1, "产能": 1, "富士康": 1, "比亚迪": 3, "承接": 2, "O伟": 3, "撕破": 5, "脸": 5, "私": 4, "扣华": 4, "生活": 1, "追逐": 1, "过程": 1, "热爱": 2, "都": 3, "想": 1, "影像": 2, "记录": 1, "P30": 1, "讲述": 1, "心里话": 1, "时刻": 1, "忘": 1, "初心": 1, "勇敢": 1, "前行": 1, "活成": 1, "束": 1, "照亮": 1, "成就": 1, "未来": 8, "利润率": 8, "8%": 6, "23%": 6, "25%": 6, "简单": 1, "不及": 1, "互联网": 1, "一半": 2, "创始人": 2, "接受": 8, "中央": 1, "电视台": 1, "采访": 7, "钱": 6, "太": 12, "战略": 2, "投入": 3, "一点": 2, "困难": 1, "公开": 1, "信息": 1, "研发": 2, "总额": 1, "千亿": 1, "总共": 1, "四": 2, "、": 17, "三星": 1, "谷歌": 1, "大众": 1, "1015亿": 1, "1060亿": 1, "1055亿": 1, "1035亿": 1, "或许": 1, "正是": 1, "明智": 1, "低": 1, "换来": 1, "人才": 3, "技术": 2, "储备": 1, "应对": 1, "风险": 1, "中文网": 1, "赚钱": 5, "2019": 6, "相较": 5, "去年": 5, "11": 5, "第61": 1, "L": 3, "老板": 11, "联播": 7, "秒拍": 8, "视频": 8, "Mate30": 1, "刘海": 1, "结构": 1, "算": 1, "稳": 1, "喜欢": 4, "屏": 1, "方案": 3, "屏旗舰": 1, "魅族": 1, "留言区": 1, "集合​": 1, "大学": 3, "科学家": 2, "给予": 2, "支持": 1, "联播L": 4, "回应": 4, "子公司": 6, "裁员": 5, "实体": 2, "清单": 2, "影响": 3, "600余": 3, "7月": 5, "24日": 1, "针对": 1, "确认": 1, "下属": 1, "68": 1, "纳入": 1, "业务": 4, "不得不": 1, "Futurewei": 1, "作出": 1, "调整": 1, "22日": 1, "雅虎": 1, "财经": 4, "实体名单": 1, "难以": 1, "管理": 1, "这家": 5, "取决于": 1, "态度": 1, "全网": 1, "博士": 5, "哭": 1, "复旦": 2, "女": 5, "交往": 2, "4": 2, "男": 1, "硕导": 2, "离婚": 2, "送": 3, "房车": 1, "5": 3, "篇": 2, "SCI": 2, "开出": 1, "两百万": 1, "年薪": 7, "招募": 1, "计算机": 1, "顶尖": 2, "众多": 1, "博士生": 3, "波": 1, "羡慕": 1, "嫉妒": 1, "网友": 1, "曝出": 1, "男生": 1, "人为": 1, "送房": 1, "送车": 1, "论文": 2, "网友们": 1, "调侃": 1, "送SCI": 1, "爱": 1, "无疑": 2, "发现": 2, "小四后": 1, "服药": 1, "自杀": 1, "事情": 1, "发酵ing": 1, "请": 1, "谨慎": 1, "吃瓜": 1, "买": 1, "手机": 9, "警方": 2, "端掉": 1, "制假": 2, "窝点": 2, "出厂价": 3, "1千": 3, "专柜": 2, "3千": 3, "浙江": 1, "杭州": 1, "出租房": 1, "平日": 1, "大门": 1, "紧闭": 1, "制作假": 1, "现场": 2, "查获": 1, "购买": 1, "旧": 1, "零部件": 1, "组装": 1, "流向": 1, "商场": 1, "卖": 2, "团伙": 1, "售假": 1, "金额": 1, "数百万": 1, "案件": 1, "侦办": 1, "一手": 1, "Video": 2, "转手": 1, "L一手": 1, "商务部": 2, "美议案": 1, "保护": 4, "专利": 1, "典型": 2, "双标": 1, "自相矛盾": 2, "参议员": 1, "议案": 1, "专利权": 1, "25日": 3, "发言人": 1, "高峰": 1, "加大": 1, "知识": 2, "产权": 2, "力度": 1, "拒绝": 2, "应有": 1, "双重": 1, "标准": 1, "希望": 1, "荒谬": 1, "法案": 1, "推进": 1, "巨头": 4, "外媒": 1, "23日": 1, "美国商务部": 1, "部长": 1, "罗斯": 2, "特朗普": 1, "计划": 1, "内": 2, "有限": 1, "出售": 1, "豁免": 1, "申请": 2, "收到": 1, "35": 1, "50多": 1, "份": 1, "预计": 1, "称": 2, "发布": 3, "约束": 1, "松动": 1, "迹象": 1, "博通": 1, "高通": 1, "英特尔": 1, "供应商": 1, "游说": 1, "放宽": 1, "当即": 1, "撕": 1, "破脸": 1, "中断": 1, "第三": 1, "拒": 1, "所有权": 2, "派车": 1, "国内": 1, "芷霓": 1, "182万": 2, "—": 3, "201万": 3, "钟钊": 2, "本科": 2, "就读于": 2, "武汉": 2, "高校": 3, "签发": 1, "封": 2, "电子": 1, "邮件": 1, "网络": 1, "刷屏": 1, "公布": 1, "届": 1, "八": 1, "学生": 1, "排": 1, "第一": 3, "90后": 2, "博士钟": 1, "钊": 1, "毕业于": 1, "华中": 1, "区间": 1, "到底": 1, "刚": 1, "毕业": 1, "百万": 1, "抢走": 1, "简介": 1, "↓↓↓": 1, "200万": 1, "O182万": 1, "今日": 2, "权威": 1, "表面": 1, "恢复": 1, "承诺": 1, "保障": 1, "条件": 1, "再次": 1, "谈崩": 1, "苹果": 2, "说出": 1, "理由": 1, "北京": 1, "机场": 1, "手持": 1, "MateX折": 1, "叠屏": 1, "余承东": 1, "明天": 1, "深圳": 2, "正式": 1, "Mate20X5G": 1, "价格": 1, "据说": 1, "贵": 1, "图片": 1, "拍摄者": 1, "李瀛寰": 1, "8月": 1, "9日": 1, "11日": 2, "开发者": 1, "大会": 1, "东莞": 1, "松山湖": 1, "场": 1, "对话": 1, "整点": 1, "播": 1, "每经": 1, "15点丨": 3, "；": 9, "留学生": 2, "唱": 2, "国歌": 2, "反击": 1, "反华": 1, "1": 2, "澳大利亚": 1, "华": 1, "游行": 1, "——": 1, "义勇军": 1, "进行曲": 1, "3": 2, "中介": 1, "13": 1, "平米": 1, "学区": 1, "瓦房": 1, "售价": 1, "30多万": 1, "22万": 1, "成交": 1, "客户": 1, "小孩": 1, "读书O": 1, "法国": 1, "炎热": 1, "天气": 1, "巴黎": 1, "圣母院": 1, "拱门": 1, "倒塌": 1, "科创板": 1, "成交额": 1, "突破": 1, "200亿O": 1, "早": 2, "丨孙": 3, "宇晨": 3, "凌晨": 5, "致歉": 2, "英国": 2, "首相": 2, "约翰逊": 2, "烧": 2, "火": 2, "10月": 2, "31日": 2, "脱欧": 2, "12": 3, "辆": 3, "悍马娶亲": 3, "主角": 3, "涉黑": 3, "通缉": 2, "孙宇晨": 3, "承认": 1, "炒作": 2, "波场": 1, "TRON": 1, "发出": 1, "致歉信": 1, "过度": 1, "营销": 1, "热衷": 1, "深感": 1, "愧疚": 1, "对此": 1, "澳洲": 1, "泳坛": 1, "传奇": 1, "炮轰": 1, "孙杨": 3, "800": 1, "米": 1, "决赛": 1, "第六": 1, "泳协": 1, "主席": 1, "继红": 1, "猜测": 1, "传闻": 1, "玷污": 1, "清白": 1, "31": 1, "省份": 1, "最低": 1, "工资": 1, "朝鲜": 2, "发射": 2, "不明": 2, "飞行器": 2, "6": 1, "3D": 1, "打印": 1, "蚂蚁": 1, "机器人": 1, "O早": 1, "发致": 2, "歉信": 2, "通缉O": 1, "新浪": 1, "科技讯": 1, "​华": 1, "哪家": 1, "": 1, "占豪": 1, "观点": 1, "接走": 1, "期": 1, "工业园": 1, "项目": 1, "拿走": 1, "市场": 1, "干掉": 1, "错误": 1, "选择": 2, "发生": 1, "就要": 1, "法律": 3, "手段": 1, "付出": 1, "惨重": 1, "代价": 1, "2月": 1, "任命": 1, "51": 1, "岁": 1, "印度": 1, "裔女": 1, "精英": 1, "首席": 1, "执行官": 1, "委托": 1, "原材料": 2, "谈判": 1, "无果": 1, "途径": 1, "解决": 1, "居然": 1, "说事": 1, "6月份": 1, "断绝": 1, "一家": 1, "利润": 1, "员工": 1, "赶紧": 1, "回": 1, "找": 1, "块": 1, "坟地": 1}