{"很多": 5, "朋友": 1, "私信": 1, "华为": 73, "5G": 28, "双模": 3, "手机": 5, "好处": 1, "科普": 1, "看完": 1, "明白": 1, "！": 11, "​": 16, "吴亦凡": 1, "代言": 1, "舒客": 2, "路遥知马力": 1, "陪": 1, "闯": 2, "天地": 2, "代言人": 1, "勇": 1, "忘": 1, "初心": 1, "舒": 1, "~": 2, "第二": 3, "届": 1, "中国": 10, "企业": 11, "新媒体": 1, "运营": 2, "弯弓奖": 1, "颁奖": 1, "典礼": 1, "小舒": 2, "拿下": 1, "2019": 2, "年度": 1, "奖": 1, "支付宝": 1, "、": 15, "美的": 1, "行业": 3, "著名": 1, "品牌": 4, "殊荣": 1, "感恩": 1, "美牙": 1, "旅": 1, "相伴": 1, "妮": 1, "关注": 1, "@": 3, "Saky": 1, "转评": 1, "抽": 1, "3": 2, "舒粉": 1, "送": 1, "人气": 1, "爆款": 1, "专研": 1, "美白": 1, "酵素": 1, "牙膏": 1, "1": 2, "支": 1, "昂O": 1, "抽奖": 1, "详情": 1, "实拍": 4, "基站": 6, "长": 2, "国家": 6, "都": 9, "买": 4, "Real5G": 2, "订单": 2, "拿到": 2, "全球": 5, "最多": 2, "西班牙": 3, "英国": 9, "欧洲": 2, "：": 13, "体积": 2, "相比4G": 2, "缩小": 2, "行李箱": 2, "安装": 2, "部署": 2, "采用": 6, "新型": 2, "液冷": 2, "散热": 2, "技术": 9, "功耗": 2, "优势": 2, "～L": 2, "老板": 4, "联播": 3, "秒拍": 4, "视频": 11, "百度": 36, "牵手": 3, "麒麟": 17, "3日": 5, "AI": 15, "国货": 3, "强强": 5, "联手": 5, "飞桨": 13, "PaddlePaddle": 4, "深度": 13, "学习": 11, "平台": 8, "芯片": 20, "对接": 3, "达成": 6, "战略": 5, "合作": 15, "消息": 2, "首席": 3, "技术官": 3, "王海峰": 6, "消费者": 5, "BG": 4, "软件": 5, "总裁": 4, "王成录": 4, "开发者": 7, "大会": 7, "打通": 2, "框架": 3, "时代": 5, "打造": 1, "算力": 1, "流畅": 1, "体验": 3, "走": 3, "智能": 3, "路": 1, "7月": 3, "北京": 2, "BaiduCreate2019": 2, "据悉": 1, "国内": 1, "唯一": 3, "开源": 1, "开放": 1, "功能": 2, "完备": 1, "领先": 1, "端测": 1, "其二者": 1, "无疑": 1, "推进": 1, "产业": 1, "智能化": 1, "脚步": 1, "鸿鹄": 5, "语音": 3, "交互": 3, "发布": 5, "举办": 1, "CT": 2, "O王": 2, "海峰": 2, "款": 3, "远场": 2, "宣告": 1, "研AI": 1, "操作": 1, "系统": 1, "自研": 1, "联合": 3, "AI底层": 1, "架构": 1, "牢固": 1, "吉利": 2, "董事长": 1, "兼": 1, "CEO": 1, "李彦宏": 2, "现场": 1, "连线": 1, "李书福": 1, "展区": 1, "黑科技": 1, "戳": 1, "链接": 2, "记者": 1, "樊": 1, "菲菲": 1, "L中报": 1, "支持": 2, "快": 2, "标准": 2, "4": 1, "知识点": 1, "带": 2, "读懂": 1, "戳图": 1, "网友": 1, "求问": 1, "厉害": 1, "为啥": 1, "耳机": 1, "还要": 1, "模仿": 1, "苹果": 3, "​​​": 1, "任正非": 8, "回应": 6, "特朗普": 9, "表态": 3, "美国": 14, "购买": 6, "产品": 7, "日前": 1, "G20": 1, "期间": 1, "供货": 1, "软化": 1, "针对": 2, "公司": 5, "销售": 1, "禁令": 3, "业务": 2, "太": 6, "影响": 7, "谈到": 1, "总统": 3, "声明": 4, "来源": 1, "证券": 1, "时报": 4, "O": 4, "美": 1, "全国": 4, "WiFi6": 2, "地铁": 7, "车站": 4, "深圳": 5, "福田": 3, "建成": 4, "联通": 4, "近日": 2, "携手": 1, "网络": 2, "接入": 1, "Wi-Fi6": 5, "拓展": 1, "枢纽": 1, "完美": 1, "融合": 1, "开启": 2, "轨道": 1, "元年": 1, "来临": 1, "高通": 2, "通信": 4, "制定者": 1, "；": 3, "成熟": 1, "引领": 1, "找": 2, "答案": 1, "哔": 1, "哩哔": 2, "UP": 1, "李杰灵": 1, "L哔": 1, "弹幕网": 1, "直击": 2, "|": 2, "泼水": 1, "一不小心": 1, "热搜": 1, "今日": 1, "包括": 2, "三": 3, "——": 1, "硬件": 1, "底层": 1, "优化": 1, "经典": 1, "模型": 1, "性能": 1, "诉求": 1, "驱使": 1, "下一代": 1, "快速": 1, "演进": 1, "+": 2, "由来已久": 1, "2017年": 1, "签署": 1, "协议": 1, "此次": 1, "深层次": 1, "开拓": 1, "人工": 2, "无限": 1, "当天": 1, "大脑": 1, "正式": 2, "升级": 1, "5.0": 1, "O百度": 1, "改写": 1, "未来": 2, "2019年": 1, "日全食": 1, "P30": 1, "Pro": 2, "记录": 1, "自然": 1, "奇观": 1, "​​": 2, "SA/NSA": 1, "组网": 1, "方式": 2, "7nm巴龙": 1, "5000": 1, "5G/4G": 1, "卡": 1, "双待": 1, "四": 1, "图带": 1, "适配": 1, "#华": 1, "爱美": 1, "仙女": 1, "错过": 1, "nova5": 1, "人像": 1, "超级": 1, "夜景": 1, "自拍": 1, "真的": 3, "很": 4, "喜欢": 1, "随手": 1, "拍": 1, "照片": 1, "温柔": 1, "清晰": 1, "爱": 1, "绮境": 1, "森林": 1, "观色": 1, "感觉": 1, "手里": 1, "炫酷": 1, "频繁": 1, "刷": 1, "自拍照": 1, "暴击": 1, "听说": 1, "印度": 1, "不用": 2, "争论": 1, "想": 2, "熟悉": 2, "3G": 1, "年后": 1, "引进": 1, "美方": 1, "解除": 1, "金融": 3, "报道": 2, "份": 1, "提出": 1, "放宽": 3, "出口": 2, "美企": 2, "专注于": 1, "事情": 2, "做好": 2, "联播L": 1, "六月": 1, "再见": 1, "七月": 1, "你好": 1, "梦想": 1, "写": 1, "成真": 1, "来到": 1, "身边": 1, "。。。": 1, "30": 1, "影像": 1, "2成都": 1, "好事": 2, "创始人": 1, "放松": 1, "设备": 4, "举动": 1, "这不": 1, "敌视": 1, "新时代": 1, "件": 1, "专注": 1, "工作": 1, "O特朗普": 1, "万物": 1, "皆": 1, "美好": 1, "上午": 1, "名": 1, "顺手": 1, "一站式": 1, "开发": 2, "苦恼": 1, "工具": 1, "繁琐": 1, "过程": 1, "裹足不前": 1, "担心": 1, "烦恼": 1, "终于": 1, "烟消云散": 1, "ModelArts": 1, "迷路": 1, "L华": 1, "推出": 3, "折叠": 1, "iPad": 1, "小米": 3, "OPPO": 1, "三星": 2, "有才": 1, "好笑": 1, "L": 1, "沈阳": 1, "热门": 1, "发现": 1, "公关": 5, "一个": 6, "神秘": 1, "组织": 1, "国产": 1, "厂商": 1, "人员": 1, "基本上": 1, "注册": 1, "微博号": 1, "唯独": 1, "农村": 1, "大爷": 1, "牛逼": 2, "策略": 1, "正确": 1, "树立": 1, "高大上": 2, "有钱人": 1, "成功": 2, "标志": 1, "溢价": 1, "每次": 1, "单一": 1, "性价比": 2, "宣传": 3, "累": 1, "傻": 1, "钱": 1, "金钱": 1, "财富": 1, "保时捷": 1, "徕卡": 1, "以此": 1, "推高": 1, "形象": 1, "路子": 1, "实话": 1, "不分对错": 1, "商业": 1, "模式": 4, "挺": 1, "。。。。": 1, "沃达丰5G": 1, "服务": 7, "沃达丰": 4, "7": 1, "城市": 1, "开通": 3, "率先": 1, "德国": 1, "意大利": 1, "漫游": 1, "电信": 1, "运营商": 1, "EE": 1, "世界": 3, "能源": 2, "汽车": 3, "5G+C-V2X": 1, "车载": 3, "评为": 1, "创新": 1, "基于": 1, "研发": 1, "首款": 1, "模组": 2, "MH5000": 1, "终端": 1, "具备": 2, "高速率": 1, "低延": 1, "能力": 2, "车路": 1, "协同": 1, "C-V2X": 1, "加快": 1, "最终": 1, "享受": 1, "高速": 1, "联接": 1, "驾乘": 1, "O网页": 1, "断供": 2, "坏": 1, "头": 1, "日本": 3, "如今": 1, "有样学样": 1, "韩国": 2, "玩起": 1, "把戏": 1, "半导体": 1, "材料": 2, "用于": 1, "折叠屏": 1, "显示": 1, "器材": 1, "LG": 1, "资源": 2, "匮乏": 2, "对外": 1, "依赖度": 1, "适合": 1, "玩法": 1, "一言不合": 1, "互害": 2, "冲击": 1, "上个世纪": 1, "萧条": 1, "时期": 1, "迫使": 1, "市场": 1, "狭小": 1, "德意日": 1, "铤而走险": 1, "导致": 1, "大战": 1, "爆发": 1, "故技重演": 1, "再次": 1, "揭开": 1, "潘朵拉": 1, "盒子": 1}