{"美国": 16, "打压": 5, "华为": 78, "中国": 26, "超越": 10, "6月": 13, "26日": 4, "播出": 4, "新闻": 8, "联播": 6, "塞尔维亚": 5, "社会党": 5, "副主席": 5, "、": 19, "议会": 5, "外事": 5, "委员会": 5, "主席": 6, "奥布拉多维奇": 5, "接受": 5, "记者": 5, "采访": 5, "：": 29, "合作": 7, "担心": 10, "信息": 5, "控制": 5, "5G": 21, "技术": 11, "先进": 9, "竞赛": 5, "赢": 5, "才": 22, "明白": 5, "水平": 5, "禁令": 4, "害怕": 4, "科技": 7, "环球": 3, "时报": 3, "三": 3, "缺": 3, "二视": 3, "频组": 3, "@": 12, "视": 3, "频L": 3, "视频": 25, "秒拍": 13, "想": 11, "都": 5, "感谢": 2, "花粉们": 1, "支持": 3, "！": 13, "面向": 1, "未来": 14, "强大": 1, "L余": 1, "承东": 1, "​": 12, "L": 3, "任正非": 34, "全世界": 22, "招天": 16, "少年": 37, "3": 2, "5": 2, "换枪": 6, "换炮": 6, "27日": 7, "内部": 12, "心声": 5, "社区": 7, "发表": 2, "创始人": 7, "讲话": 8, "称": 8, "招进": 17, "20-30": 12, "名": 23, "天才": 22, "明年": 11, "世界": 23, "200-300": 11, "3-5年": 4, "打赢": 4, "场": 4, "战争": 4, "老板": 4, "联播L": 2, "全球": 8, "创造": 9, "标准": 13, "挂出": 5, "CEO": 4, "20日": 4, "公司": 15, "EMT": 6, "经营": 6, "管理": 4, "团队": 4, "‘": 7, "泥鳅": 7, "’": 7, "钻活": 7, "组织": 7, "激活": 7, "队伍": 7, "拖": 3, "往前": 3, "走": 3, "做成": 4, "别人": 4, "都会": 5, "靠拢": 4, "澎湃": 4, "矿山": 4, "远程": 6, "挖机": 4, "秀": 1, "操作": 3, "2019MWC": 1, "上海": 2, "大会": 1, "近日": 2, "开幕": 1, "备受": 1, "瞩目": 1, "展示": 3, "智能": 2, "芯片": 1, "手机": 5, "终端": 1, "汽车": 1, "展台": 1, "特设": 1, "操控": 1, "现场": 2, "工作": 1, "人员": 1, "实时": 1, "远在": 1, "河南": 1, "挖掘机": 1, "吸引": 2, "参观者": 1, "驻足": 1, "L中": 1, "听听": 1, "人才观": 1, "真的": 1, "厉害": 2, "👍": 1, "……": 1, "L老蒋": 1, "政治": 2, "蒋中挺": 1, "投票": 1, "调整": 2, "冲锋": 2, "状态": 2, "招": 5, "焕然一新": 2, "体系": 1, "条条框框": 1, "发挥": 1, "所有人": 1, "聪明才智": 1, "英勇": 1, "作战": 1, "努力": 1, "向前": 1, "机会": 1, "上班": 1, "nova5": 2, "Pro": 2, "nova星人": 1, "pick": 1, "介绍": 1, "4": 1, "影响": 1, "发明": 1, "不得了": 1, "东西": 1, "哈哈哈": 1, "进去": 1, "L拓拉思": 1, "习近平": 3, "会见": 2, "南非": 3, "总统": 2, "拉马福萨": 3, "国家": 3, "28日": 1, "大阪": 1, "中方": 3, "深化": 1, "中南": 1, "互信": 1, "务实": 1, "南方": 3, "分享": 1, "消除": 1, "贫困": 1, "经验": 1, "发展": 1, "目标": 1, "提供": 1, "企业": 2, "南投资": 1, "二十": 1, "国": 1, "集团": 1, "金砖": 1, "多边": 1, "框架": 1, "内": 2, "沟通": 1, "协调": 1, "L央视": 1, "nova5i": 1, "今日": 1, "正式": 1, "开售": 1, "爱上": 1, "自拍": 1, "喜欢": 1, "赞": 1, "展厅": 1, "司机": 1, "师傅": 1, "将来": 1, "空调房": 1, "不再": 1, "遭罪": 1, "故事": 2, "L奥卡姆": 1, "剃刀": 1, "昨日": 1, "分钟": 2, "新闻O": 1, "招揽": 1, "TED": 1, "演讲": 3, "|": 1, "智商": 1, "超过": 1, "爱因斯坦": 1, "男孩儿": 1, "差点": 1, "埋没": 1, "JacobBarnett": 1, "8": 1, "岁": 4, "自学": 1, "大学": 3, "课程": 6, "10岁": 1, "知名": 1, "录取": 1, "15": 1, "顶尖": 1, "物理": 2, "研究所": 1, "攻读": 1, "量子": 1, "硕士": 1, "学位": 1, "诊断": 1, "智力": 1, "缺陷": 1, "Jacob": 1, "13": 1, "国际": 1, "物理学家": 1, "​LTED君": 1, "学": 3, "浙江省": 1, "天台山": 1, "国清寺": 1, "全国": 1, "闻名": 1, "旅游": 1, "景区": 1, "座": 1, "始于": 1, "隋代": 1, "古刹": 1, "依山": 1, "建": 1, "国内外": 1, "游客": 2, "对准": 1, "一个": 1, "门洞": 1, "下方": 1, "自然": 1, "光线": 1, "石板": 1, "古迹": 1, "外地": 1, "关联": 1, "拍摄": 1, "有趣": 1, "画面": 1, "影像": 1, "打卡": 1, "诗画": 2, "浙江": 2, "文旅": 1, "资讯": 1, "浙样": 1, "红TV​": 1, "Real5G": 2, "实测华": 1, "基站": 3, "体积": 2, "网速": 1, "快": 1, "辐射": 2, "家用": 2, "电器": 2, "还要": 2, "低": 2, "到底": 1, "观察者": 1, "网": 1, "小编": 1, "来到": 1, "位于": 1, "金桥": 1, "外场": 1, "实地": 1, "体验": 1, "高速": 1, "稳定": 1, "网络": 1, "小巧": 1, "安装": 1, "黑科技": 1, "成就": 2, "垮": 1, "ThisisHuawei": 1, "L微": 1, "丢": 1, "微丢": 1, "招人": 2, "发布": 1, "全员": 1, "邮件": 1, "披露": 1, "O华": 2, "网友": 1, "苹果": 1, "很": 1, "耐用": 1, "年前": 1, "iPhoneX": 1, "相当于": 1, "款": 1, "转型": 4, "罡": 1, "风锐": 1, "方向": 1, "豁然": 1, "开朗": 1, "不畏": 3, "2019": 1, "数字化": 2, "西欧": 1, "希腊": 1, "埃及": 1, "携手": 1, "客户": 1, "伙伴": 1, "引领": 1, "时代": 1, "特朗普": 2, "代言": 1, "至少": 1, "提前": 1, "推到": 1, "顶级": 1, "行列": 1, "老爷子": 1, "到处": 1, "媒体": 1, "听": 1, "发自": 1, "肺腑": 1, "首席": 3, "法务官": 3, "哪家": 3, "偷窃": 3, "领先": 3, "创新": 1, "知识": 2, "产权": 2, "白皮书": 1, "宋柳平": 1, "拥有": 1, "8万多": 1, "项": 2, "专利": 2, "包括": 1, "授权": 1, "1万多": 1, "全球化": 1, "纠纷": 1, "现象": 1, "例外": 1, "史上": 1, "涵盖": 1, "名校": 1, "一流": 1, "801": 2, "国家级": 1, "教育部": 1, "2018年": 1, "精品": 1, "在线": 1, "开放": 1, "认定": 1, "公示": 1, "结束": 1, "共有": 1, "入选": 1, "涉及": 1, "文学": 1, "艺术": 1, "历史": 1, "医学": 1, "计算机": 1, "力学": 1, "领域": 1, "在家": 1, "北大": 1, "清华": 1, "复旦": 1, "高校": 1, "优质": 1, "戳图": 1, "↓↓": 1, "放假": 1, "荒废": 1, "光阴": 1, "学习": 1, "计划": 1, "​​​": 1, "MWC2019": 1, "这是": 1, "矿工": 1, "制造业": 1, "强国": 1, "疯汇": 1}