{"上市": 7, "四": 7, "半月": 7, "华为": 52, "Mate20": 6, "系列": 8, "发货量": 7, "破": 5, "1000万": 7, "台": 11, "！": 25, "感谢": 6, "全球": 12, "消费者": 9, "支持": 6, "、": 9, "好评": 1, "认可": 3, "给出": 1, "中肯": 1, "建议": 1, "2019年": 1, "突破": 2, "期待": 2, "分享": 2, "科技": 4, "带来": 3, "喜悦": 1, "💪L": 1, "终端": 3, "公司": 3, "秒拍": 9, "视频": 13, "​​​": 1, "优酷": 3, "福利社": 1, "智慧": 5, "生活": 5, "全情": 1, "7": 2, "商城": 4, "318": 2, "周年": 3, "庆": 2, "七": 1, "盛典": 1, "之际": 1, "@": 6, "开启": 1, "全方位": 1, "场景": 1, "畅享": 1, "美好": 3, "未来": 1, "O": 4, "网页": 1, "链接": 1, "3月": 7, "18日": 1, "抽取": 1, "幸运": 1, "锦鲤": 1, "送出": 2, "荣耀": 2, "V20": 1, "手机": 13, "关注": 2, "&": 1, "转评": 2, "本条": 1, "即可": 1, "参与": 1, "抽奖": 1, "​": 21, "远": 1, "看清": 1, "探索": 3, "26日": 4, "法国": 3, "巴黎": 3, "P30": 4, "RewriteThe": 3, "Rules": 3, "启动": 1, "上海": 2, "巨型": 1, "研发": 5, "基地": 4, "占地": 4, "4000": 3, "亩": 3, "上海市": 2, "房地产": 1, "交易": 1, "中心": 2, "数据": 1, "显示": 1, "青浦": 3, "顺利": 1, "摘牌": 2, "标志": 1, "项目": 2, "开工": 1, "建设": 2, "高速": 1, "发展": 2, "阶段": 1, "此次": 1, "位于": 1, "青浦区": 1, "科创": 1, "走廊": 1, "主轴": 1, "用地": 1, "面积": 4, "100": 1, "公顷": 1, "投资": 1, "100亿": 1, "元": 1, "决心": 1, "打造": 1, "成全": 1, "中国": 1, "全世界": 1, "内": 6, "领先": 1, "地位": 1, "期": 1, "94.7万": 1, "平方米": 1, "办公区": 2, "松山湖": 1, "本部": 1, "倍": 1, "容纳": 1, "办公": 1, "人数": 1, "1.5万": 1, "占": 1, "员工": 1, "8.3％": 1, "O华": 2, "百亿": 1, "布局": 1, "高达": 1, "一个": 7, "消息": 2, "：": 15, "超过": 2, "厚爱": 1, "负": 1, "L华": 5, "官方": 2, "建川": 1, "博物馆": 1, "随手": 1, "拍": 2, "天气": 1, "暖": 1, "群野": 1, "鸭子": 1, "恐怕": 1, "迁移": 1, "飞走": 1, "合作": 2, "伙伴": 2, "Mate": 5, "走向": 2, "世界": 2, "感恩": 2, "前行": 3, "动力": 2, "希望": 2, "硬核": 3, "成就": 2, "现实版": 1, "无名之辈": 1, "16": 2, "岁": 3, "务工": 1, "小伙": 2, "拔下": 3, "展示机": 3, "拔腿": 3, "跑": 2, "5日": 1, "杭州": 1, "文新": 1, "派出所": 1, "接到": 1, "一家": 1, "店": 4, "报警": 1, "称": 4, "有名": 1, "男子": 1, "抢夺": 1, "逃离": 1, "徐某": 1, "来到": 1, "转悠": 1, "柜台": 1, "标价": 1, "1699": 1, "把玩": 1, "一会": 1, "↓↓": 2, "理由": 2, "竟是": 1, "O16": 1, "跑​": 1, "创新": 1, "体验": 1, "💪": 1, "业务": 4, "昨夜": 2, "今晨": 2, "①": 1, "5": 3, "坠毁": 2, "架": 2, "波音": 2, "款": 2, "机型": 2, "②": 1, "死里逃生": 1, "潜水员": 2, "鲸鱼": 2, "吞入": 2, "吐": 1, "吐出": 1, "摄影师": 1, "拍下": 1, "幕": 1, "③": 1, "传": 2, "捷报": 2, "国": 2, "签署": 2, "技术": 4, "协议O": 2, "0311": 1, "成绩单": 1, "2019": 2, "踏实": 1, "积累": 1, "更多": 1, "产品": 1, "预告": 1, "三星": 1, "S10+": 1, "拆解": 1, "明天": 1, "大厂": 2, "夸张": 1, "吊": 1, "6000": 1, "档": 1, "mate20pro": 1, "工艺": 1, "扎实": 1, "真的": 1, "层": 1, "装饰": 1, "贴纸": 1, "黑色": 1, "PC": 1, "B～​": 1, "余承东": 3, "内部": 5, "Windows": 1, "android": 1, "替代": 1, "方案": 2, "迫不得已": 1, "转向": 1, "不知": 2, "疲倦": 2, "中国人": 2, "双休": 2, "难": 2, "网络": 1, "广为": 1, "流传": 1, "段子": 1, "聘请": 1, "日本": 2, "专家": 3, "上任": 1, "第一": 4, "自我": 1, "介绍": 1, "工作狂": 1, "加班": 2, "请": 1, "尽量": 1, "配合": 1, "工作": 2, "深深": 1, "鞠": 1, "躬": 1, "辞职": 2, "不人道": 1, "副总裁": 3, "陈黎芳": 3, "美国": 15, "低估": 3, "团结": 3, "意志": 3, "高级": 1, "接受": 1, "加拿大": 1, "广播": 1, "CBC": 1, "专访": 1, "事实": 1, "基础": 1, "试图": 1, "舆论": 1, "影响": 1, "国家": 1, "政府": 6, "民众": 1, "高估": 1, "影响力": 1, "邀请": 1, "媒体": 1, "参观": 1, "真实": 1, "逆光": 1, "拍照": 1, "难题": 1, "THEO": 1, "朱正廷": 1, "10": 1, "青春版": 1, "线上": 1, "2400万": 1, "自拍": 2, "课堂": 1, "开课": 1, "亲自": 1, "传授": 1, "秘诀": 1, "~": 1, "想要": 1, "美丽": 1, "快": 1, "华仔": 1, "戳": 1, "L荣耀": 1, "寻找": 1, "科技股": 2, "龙头": 1, "微软": 1, "苹果": 1, "腾讯": 1, "王者": 1, "特征": 1, "1": 1, "站": 1, "爆发": 1, "前沿": 1, "所在": 1, "市场": 1, "至少": 1, "万亿": 1, "空间": 1, "效率": 1, "遥遥领先": 1, "3": 1, "国际": 1, "竞争力": 1, "4": 2, "国企": 1, "领军者": 1, "年轻": 1, "有为": 1, "上午": 1, "大中华区": 1, "时间": 1, "打破": 1, "此前": 1, "P系列": 1, "销售": 1, "记录": 1, "​​": 2, "跨越": 1, "想象": 1, "距离": 1, "未": 1, "视界": 2, "MATEX": 2, "迪拜": 1, "大佬": 1, "手华": 1, "折叠": 2, "赞不绝口": 1, "L": 2, "笑尿": 1, "幸未": 1, "错过": 1, "近在眼前": 1, "美": 1, "Mate30Pro": 1, "采用": 1, "麒麟990": 1, "+": 1, "挖孔": 1, "曲面": 1, "屏+": 1, "后置": 1, "五": 1, "摄​": 1, "心动": 1, "HUAWEIMate20": 1, "2018年": 1, "保值": 2, "国产": 1, "安卓": 1, "旗舰": 1, "OPPO": 1, "FindX": 1, "P20Pro": 1, "BillofAttainder-----": 1, "起诉": 3, "违宪": 2, "法律": 7, "BillofAttainder": 2, "常用": 1, "中文": 2, "翻译": 2, "剥夺": 6, "公权": 4, "这是": 1, "误解": 1, "此类": 1, "不仅仅": 1, "财产权": 1, "谋生权": 1, "继承权": 1, "；": 4, "attainder": 1, "动词": 2, "来源于": 1, "名词": 1, "动宾": 1, "结构": 1, "词组": 1, "文意": 1, "过度": 1, "解读": 1, "简而言之": 1, "英国": 1, "摘出": 2, "一部分": 3, "审判": 4, "定罪": 1, "没收": 1, "叛国者": 1, "财产": 2, "处死": 1, "坏": 1, "分子": 1, "corruptionofblood": 1, "实际上": 1, "整人": 5, "瞄准": 1, "定点": 2, "打击": 1, "清除": 1, "宪法": 3, "条": 2, "9": 2, "禁止": 2, "各州": 1, "制定": 2, "基于": 1, "议会": 1, "立法": 1, "三": 1, "权": 1, "分立": 1, "未经": 2, "自由": 1, "违反": 3, "正当": 1, "程序": 1, "联邦": 4, "法院": 6, "审查": 1, "律师": 2, "执照": 1, "南北": 1, "战争": 1, "项": 1, "凡": 1, "出庭": 2, "发誓": 1, "从来": 1, "叛乱": 1, "裁定": 1, "该项": 1, "法案": 2, "过往": 2, "排除": 1, "专业": 1, "谋生": 2, "职业": 1, "无疑": 1, "惩罚": 1, "exclusionfromany": 1, "theprofessionsorany": 1, "theordinaryavocationsoflifeforpastconduct": 1, "canberegardedinnootherlightthanaspunishmentforsuchconduct": 1, ".": 2, "InExparteGarland": 1, "71U.S.377": 1, "(": 1, "1866": 1, ")": 1, "能力": 1, "TA": 2, "晚安": 1, "昔日": 1, "朋友": 3, "渐行渐远": 1, "有人": 3, "地方": 1, "/": 1, "聊天": 1, "聊": 1, "一块": 1, "发现": 1, "想": 1, "都": 1, "弄": 1, "丢": 1, "聊聊": 1, "小云": 1, "随机": 1, "抽": 1, "耳机": 1, "财富": 3, "八卦": 2, "人物": 2, "小事": 1, "发布": 1, "5G": 1, "一下子": 1, "吸引": 1, "眼光": 1, "创造": 1, "奇迹": 1, "任正非": 2, "手下": 1, "悍将": 1, "操盘者": 1, "L水皮": 1, "最新": 1, "进展": 2, "收到": 2, "传票": 2, "11日": 1, "环球": 1, "时报": 1, "相关": 1, "官员": 1, "下发": 1, "60": 1, "回应": 1, "判": 1, "败诉": 1, "财年": 1, "国防": 1, "授权法": 1, "条款": 1, "律师团": 2, "法令": 1, "发出": 1, "挑战": 1, "申请": 1, "新京报": 2, "广而研": 1, "动画": 1, "广告": 1, "创意": 1, "评L": 1, "新闻": 1, "传播": 1, "学研": 1}