{"美国": 24, "启动": 6, "6G": 25, "研发": 12, "特朗普": 11, "喊话": 4, "：": 15, "尽快": 8, "部署": 8, "腾讯": 6, "科技": 6, "援引": 3, "外媒": 6, "报道": 6, "政府": 6, "下属": 4, "联邦": 8, "通信": 11, "委员会": 8, "FCC": 5, "无线电": 4, "频率": 5, "铺好": 4, "道路": 4, "周五": 4, "投票": 4, "开放": 7, "太赫兹波": 4, "频率段": 11, "有朝一日": 4, "用于": 4, "服务": 4, "95千兆": 3, "赫到": 3, "3": 3, "太": 3, "赫兹": 3, "内": 6, "提供": 7, "实验": 3, "梦想": 3, "下一代": 3, "无线": 3, "技术": 10, "工程师": 3, "工作": 5, "上个月": 4, "(": 3, "DonaldTrump": 3, ")": 3, "总统": 3, "推特": 4, "网站": 4, "提到": 4, "帖子": 3, "希望": 5, "5G": 4, "网络": 6, "L": 3, "老板": 12, "联播": 5, "秒拍": 7, "视频": 8, "来源": 1, "@": 3, "称": 5, "315": 1, "曝光台": 1, "工信部": 1, "商店": 4, "下架": 3, "社保": 4, "掌上": 2, "通App": 2, "联动": 1, "处置": 1, "机制": 1, "、": 17, "百度": 1, "华为": 44, "小米": 5, "OPPO": 4, "Vivo": 1, "360": 1, "国内": 1, "掌上通": 2, "APP": 3, "手机": 11, "责任": 1, "主体": 1, "杭州": 1, "递金": 1, "有限公司": 1, "核查": 1, "三": 5, "组织": 1, "同类": 1, "排查": 1, "检测": 1, "类似": 1, "一并": 1, "整改": 1, "O工": 1, "信部": 1, "搞机": 1, "零距离": 1, "MateBookXPro": 1, "体验": 3, "屏": 1, "笔记本": 2, "二月份": 1, "MWC": 1, "简单": 1, "摸": 1, "这次": 3, "机会": 1, "！": 9, "一个": 2, "电脑界": 1, "入门": 1, "选手": 1, "聊聊": 2, "说错": 1, "点赞": 1, "鼓励": 1, "屏幕": 2, "显示": 1, "触屏": 1, "感受": 4, "触控板": 1, "手势": 1, "HUAWEI": 1, "Share": 1, "键盘": 1, "手感": 1, "前置": 1, "镜头": 3, "独特": 1, "位置": 2, "杜比": 1, "全景声": 1, "购买": 1, "起到": 1, "参考": 1, "L钟": 1, "文泽": 1, "胖": 1, "收藏": 1, "备用": 1, "​​": 4, "苹果": 6, "核心": 2, "供应商": 2, "大盘点": 1, "​": 13, "炮轰": 1, "眼中": 1, "管理者": 1, "18": 1, "惰怠": 1, "全力": 1, "保命": 1, "刚刚": 1, "互联网": 1, "热点": 1, "原图": 3, "佳能": 1, "单反": 1, "款": 2, "带有": 1, "美颜": 1, "功能": 2, "喜欢": 1, "额": 1, "澳大利亚": 3, "批准": 3, "铁路": 3, "设备": 2, "项目": 4, "价值": 3, "2亿": 3, "美元": 3, "数字": 1, "系统": 14, "阻止": 2, "实施": 2, "超过": 1, "西": 1, "澳大利亚州": 1, "司法部": 1, "1月": 1, "敦促": 1, "澳": 1, "这家": 1, "中国": 2, "巨头": 2, "业务": 3, "研究": 1, "O澳大利亚": 1, "文": 2, "看懂": 2, "光学": 7, "行业": 2, "摄": 2, "+": 4, "潜望式": 4, "3D": 6, "2019年": 4, "市场": 2, "大有可为": 2, "创新": 3, "用户": 3, "带来": 2, "直观": 1, "提升": 3, "厂商": 3, "差异化": 1, "竞争": 1, "焦点": 1, "智能": 3, "主战场": 1, "摄像头": 4, "Sensing": 4, "阶段": 1, "主轴": 1, "带动": 1, "2018年": 2, "亮点": 1, "成像": 1, "质量": 1, "变焦": 1, "效果": 1, "有望": 3, "采用": 1, "；": 2, "带领": 1, "跟进": 1, "快速": 1, "渗透": 1, "iPhoneX": 1, "搭载": 1, "新款": 1, "iPhone": 1, "iPad": 1, "配备": 2, "未来": 2, "旗下": 1, "产品": 1, "O": 4, "确认": 2, "自研": 4, "操作": 8, "早": 1, "4月": 1, "香港": 1, "南华": 1, "早报": 2, "引用": 1, "4": 1, "知情": 2, "人士": 2, "消息": 1, "打造": 2, "自主": 1, "计划": 1, "任正非": 4, "发起": 1, "推进": 2, "公司": 13, "从来": 2, "停止": 1, "努力": 1, "视为": 1, "坏": 1, "情况": 2, "战略": 3, "投资": 1, "O华": 1, "亲自": 1, "PC": 2, "都": 8, "支持": 1, "余承东": 2, "开发": 3, "自有": 2, "以防": 2, "消费者": 1, "CEO": 1, "电脑": 1, "不再": 1, "授权": 1, "现有": 1, "Android": 1, "Windows": 1, "首选": 1, "2012年": 1, "网友": 2, "评价": 1, "…​": 1, "投稿": 1, "P30Pro": 1, "真机": 1, "指纹": 2, "好像": 1, "屏下": 1, "低": 1, "不少": 2, "按压": 1, "感觉": 1, "曲面": 1, "Mate20Pro": 1, "外观": 1, "接近": 1, "神助攻": 2, "日本": 5, "企业": 2, "分到": 2, "甜羹": 2, "新加坡": 1, "联合": 1, "近日": 1, "打压": 1, "零件": 1, "青睐": 1, "罕见": 1, "往常": 1, "倍": 1, "订单": 1, "美方": 1, "施压": 1, "转而": 1, "货": 1, "android": 1, ".": 5, "miuib": 1, "魅族": 1, "flymec": 1, "EMUId": 1, "ColorOSe": 1, "vivoFuntouchOSf": 1, "三星": 2, "贵": 2, "品牌": 1, "封闭式": 1, "硬件": 1, "确实": 1, "与众不同": 1, "比比": 1, "中高端机": 1, "小米oppovivo": 1, "软硬件": 1, "安卓": 1, "30%": 1, "买": 1, "爱国": 1, "想": 1, "TA": 1, "晚安": 1, "将要": 1, "何方": 1, "......": 1, "想到": 1, "陷入": 1, "无限": 1, "遐想": 1, "～": 1, "现今": 1, "学说": 1, "人类": 1, "源于": 1, "转评": 1, "小云": 1, "随机": 1, "抽": 1, "送出": 1, "耳机": 1, "流浪": 3, "地球": 3, "票房": 2, "口碑齐飞": 1, "特效": 6, "印象": 1, "深刻": 1, "过硬": 1, "才能": 1, "推动": 2, "逼真": 1, "发展": 1, "顶级": 1, "Macrograph": 2, "参与": 1, "场": 1, "浩大": 1, "造梦": 1, "工程": 1, "投入": 1, "120余": 1, "名": 1, "艺术家": 1, "历时": 1, "9": 1, "片中": 1, "6": 1, "场景": 1, "500": 1, "难度": 1, "后期": 2, "过程": 1, "云为": 1, "海量": 1, "算力": 1, "效率": 2, "制作": 1, "~": 1, "L手机": 2, "65548086": 2, "打工": 6, "出路": 1, "赚": 1, "5000": 1, "体制": 3, "民企": 1, "bat": 1, "稳定性": 1, "比不上": 1, "恨不得": 1, "死": 1, "学": 1, "思维": 1, "投机性": 1, "主营": 1, "稳定": 1, "尝试": 1, "加班": 2, "加班费": 1, "单休": 1, "周日": 1, "愧疚": 1, "心理": 2, "皇帝": 1, "永远": 1, "滚": 1, "说白了": 1, "国家": 1, "肯定": 2, "私人": 1, "打工强": 1, "导演": 1, "郭帆": 1, "曼哈顿": 1, "举办": 1, "影迷": 1, "见面会": 1, "影片": 1, "成功": 2, "观众": 1, "宽容": 1, "科幻": 2, "电影": 3, "好莱坞": 1, "很": 1, "差距": 1, "中国人": 1, "缺乏": 1, "想象力": 1, "工业": 1, "做出": 1, "全球": 3, "视角": 1, "才": 1, "走向": 1, "世界": 1, "谦虚": 1, "清醒": 1, "！！": 1, "拍摄": 1, "科幻片": 1, "一块": 1, "很多": 1, "协助": 1, "合作": 2, "提高": 1, "渲染": 3, "物理机": 1, "100": 1, "台": 2, "10": 1, "小时": 2, "作业": 1, "1000": 1, "云虚": 1, "拟机": 1, "简直": 1, "黑科技": 1, "质疑": 2, "平台": 1, "当年": 1, "做好": 1, "芯片": 1, "事实": 1, "证明": 1, "老总": 2, "未雨绸缪": 1, "储备": 1, "外国": 1, "卡脖子": 1, "比喻": 1, "我国": 1, "研制": 1, "原子弹": 2, "没用": 2, "放在": 1, "威慑": 1, "海底": 5, "光缆": 5, "威胁": 1, "380": 1, "条": 2, "运作": 1, "承载": 1, "95%": 1, "洲际": 1, "语音": 1, "数据": 1, "传输": 1, "2015": 1, "2020年": 1, "海洋": 1, "预计": 1, "铺设": 2, "28": 1, "占": 1, "段": 1, "期间": 1, "完工": 1, "数量": 1, "1/4": 1, "盟友": 1, "承揽": 1, "担忧": 1, "增加": 1, "监听": 1, "攻击": 1, "风险": 1, "试图": 1, "上帝": 1, "今日": 1, "吊价": 2, "更新": 1, "本来": 1, "Mate20X": 1, "昨晚": 1, "预定": 1, "上吊": 1, "活动": 1, "深入人心": 1, "供": 1, "选择": 3, "vivo": 1, "荣耀": 1, "香": 1, "客户": 1, "伙伴": 1, "华为人": 1, "……": 1, "请": 1, "理由": 1, "理念": 1, "细节": 1, "打动": 1, "期待": 1, "倾听": 1, "声音": 1, "云​": 1, "公布": 1, "试验": 1, "段L": 1}