{"孟晚舟": 67, "扣留": 15, "外交部": 7, "：": 34, "美加": 5, "澄清": 6, "！": 6, "放人": 7, "5日": 5, "外媒": 7, "消息": 11, "称": 11, "华为": 101, "创始人": 6, "任正非": 14, "女": 7, "加拿大": 65, "美方": 19, "引渡": 18, "对此": 2, "中国": 47, "发言人": 5, "耿爽": 2, "6日": 4, "中方": 9, "严正": 5, "立场": 2, "释放": 8, "拘押": 8, "人员": 5, "美": 13, "均": 5, "未": 9, "理由": 5, "做出": 1, "环球网": 1, "O": 1, "驻": 10, "使馆": 13, "立刻": 1, "恢复": 10, "人身": 11, "自由": 11, "中华人民共和国": 1, "大使馆": 7, "网站": 1, "警方": 7, "逮捕": 20, "一个": 7, "违反": 8, "、": 28, "法律": 32, "公民": 8, "侵犯": 5, "人权": 5, "反对": 3, "抗议": 4, "国": 4, "交涉": 4, "纠正": 4, "错误": 4, "做法": 4, "女士": 25, "关注": 3, "事态": 3, "发展": 4, "维护": 3, "合法": 5, "权益": 5, "CFO": 23, "被捕": 13, "新京报": 2, "驻华": 7, "愤怒": 4, "网民": 6, "大呼": 5, "……": 4, "记者": 5, "此事": 3, "激起": 2, "民众": 2, "激愤": 2, "不少": 2, "美国": 73, "官方": 6, "账号": 3, "留言": 3, "质疑": 3, "此举": 2, "无赖": 2, "无耻": 2, "@": 5, "网友": 3, "企业": 2, "制裁": 10, "打压": 2, "真的": 2, "全球": 2, "第一": 2, "超级大国": 1, "风范": 1, "主权": 1, "国家": 6, "蜕变": 1, "打手": 1, "请": 8, "加方": 4, "O美加": 2, "回应": 11, "声明": 3, "知晓": 10, "不当": 11, "加美": 1, "公正": 10, "结论": 10, "近期": 6, "公司": 27, "转机": 6, "当局": 11, "代表": 7, "政府": 15, "暂时": 6, "寻求": 6, "面临": 12, "纽约": 6, "东区": 6, "指明": 6, "指控": 16, "提供": 8, "信息": 9, "孟": 6, "体系": 9, "最终": 7, "给出": 7, "遵守": 4, "业务": 4, "所在国": 4, "法规": 11, "包括": 6, "联合国": 4, "欧盟": 4, "出口": 5, "管制": 4, "传华": 1, "12月": 7, "官网": 1, "发布": 4, "通报": 1, "事件": 5, "北": 1, "青报": 1, "雅": 1, "作出": 4, "针对": 2, "例行": 1, "记者会": 1, "应询": 1, "此案": 1, "对方": 1, "切实": 2, "保障": 2, "当事人": 2, "正当": 2, "为止": 1, "央视": 2, "黄惠馨": 1, "核心": 5, "供应商": 5, "名单": 2, "比亚迪": 2, "京东方": 2, "瑞声": 3, "科技": 4, "在列": 1, "国信": 1, "证券": 1, "分析师": 1, "统计": 2, "累计": 1, "拥有": 1, "超过": 1, "2000": 1, "上游": 1, "品类": 1, "角度": 1, "连续": 1, "金牌": 1, "DHL": 1, "富士康": 1, "高通": 1, "AnalogDevices": 1, "芯片": 2, "制造商": 1, "组装": 1, "物流": 1, "服务": 1, "提供商": 1, "O华": 3, "列​": 1, "风波": 1, "员工": 2, "拒绝": 2, "采访": 1, "今日": 3, "首展": 2, "5G": 8, "商用": 2, "终端": 2, "现场": 1, "展台": 1, "人头攒动": 1, "稍显": 1, "拥挤": 1, "看法": 3, "O风波": 1, "2.6G": 1, "频段": 1, "​": 7, "L": 1, "新闻": 1, "酷燃": 1, "视频": 5, "女儿": 9, "一家": 1, "媒体": 2, "总编辑": 3, "市场": 5, "垮": 7, "卑鄙": 5, "流氓": 9, "手段": 10, "报道": 5, "怀疑": 1, "伊朗": 4, "贸易": 3, "温哥华": 4, "首席": 3, "财务官": 3, "计划": 3, "随后": 1, "午盘": 2, "概念股": 4, "重挫": 3, "沪指": 2, "低开": 7, "低走": 3, "跌": 8, "1.28%": 2, "1日": 7, "冲击": 1, "A股": 1, "通信": 4, "板块": 1, "领跌": 1, "市": 1, "立讯": 1, "精密": 1, "光迅": 1, "产业链": 1, "相关": 2, "集体": 4, "下跌": 2, "盘面": 1, "人气": 1, "低迷": 1, "白酒": 1, "家电": 1, "消费": 1, "白马股": 1, "亦": 2, "走低": 1, "四": 1, "指数": 3, "O今日": 1, "财经": 1, "司法部": 1, "希望": 1, "保释": 1, "听证会": 1, "7日": 1, "提出": 3, "L新京报": 1, "秒拍": 2, "胡侃": 1, "第二": 1, "中兴": 7, "技术": 3, "自主性": 1, "应诉": 1, "条件": 2, "博弈": 3, "都": 5, "早些时候": 1, "情况": 1, "截然不同": 1, "L胡锡进": 1, "胡": 4, "锡进": 7, "当地": 3, "时间": 5, "环球": 2, "时报": 2, "就此": 2, "表达": 3, "场": 4, "坚定": 2, "拼": 2, "智慧": 2, "件": 5, "恶意": 2, "找茬": 2, "试图": 2, "整华": 2, "出手": 2, "竞赛": 2, "战争": 3, "驳倒": 2, "O胡": 3, "cfo": 1, "引渡法": 2, "逮捕案": 1, "大概率": 2, "阴谋": 1, "1999年": 1, "6月": 1, "17日": 1, "颁布": 1, "犯罪": 2, "标准": 1, "判处": 1, "监禁": 3, "更为": 1, "刑法": 1, "才": 1, "予以": 1, "外国": 2, "请求": 2, "司法": 4, "部长": 3, "实施": 3, "国际": 3, "刑警": 1, "组织": 1, "批准": 2, "机关": 1, "日常": 1, "工作": 1, "习惯": 1, "估计": 1, "抓捕": 2, "开会": 1, "研究": 1, "岂敢": 1, "罪犯": 1, "还要": 1, "难": 2, "圣旨": 1, "就要": 1, "乖乖": 1, "办法": 1, "竞争": 1, "关系": 2, "强权": 1, "公理": 1, "自古以然": 1, "抓": 5, "说白了": 1, "刑事": 1, "强制": 1, "措施": 1, "证明": 2, "文件": 2, "情形": 1, "60": 1, "内": 1, "提交": 1, "法官": 1, "裁定": 1, "内部": 1, "外部": 1, "合规": 1, "令人发指": 1, "事情": 2, "政治": 1, "不由得": 1, "想起": 1, "1950年": 1, "钱学森": 3, "时任": 1, "海军": 1, "次长": 1, "声称": 1, "走到": 1, "抵": 1, "5": 3, "师": 2, "兵力": 3, "不仅仅": 1, "当年": 1, "总理": 1, "斡旋": 1, "让步": 1, "换取": 1, "很": 1, "信服": 1, "再次": 1, "敲诈": 1, "影响": 5, "股市": 2, "通讯股": 2, "日前": 2, "高管": 1, "微信": 1, "朋友圈": 1, "确认": 3, "未明": 2, "早间": 1, "开盘": 2, "上证": 1, "超": 3, "1%": 2, "深证": 1, "成指": 1, "1.58%": 1, "创业板": 1, "指跌": 1, "海宜": 1, "跌幅": 2, "8%": 1, "通讯": 4, "4%": 1, "信维": 1, "高达": 1, "6%": 1, "烽火": 1, "通宇": 1, "中际": 1, "旭创": 1, "飞荣达": 1, "东方": 1, "个股": 1, "大幅": 1, "港股": 1, "形势": 1, "不容乐观": 1, "香港": 1, "恒生": 1, "2.37%": 1, "手机": 1, "配件": 1, "股": 1, "全线": 2, "舜宇": 1, "光学": 1, "5.4%": 1, "5.95%": 1, "质控": 1, "O受": 1, "指责": 1, "传回": 1, "国内": 1, "愤慨": 1, "发": 1, "↓↓↓": 1, "全文": 1, "挺": 1, "英国": 2, "电信": 2, "集团公司": 2, "设备": 4, "网络": 6, "除名": 3, "周三": 1, "BT": 2, "英布局": 1, "年内": 1, "3G": 1, "4G": 1, "陆续": 1, "移除": 1, "此前": 1, "澳大利亚": 1, "新西兰": 1, "层面": 2, "类似": 1, "为由": 1, "禁用": 1, "BT方": 1, "遵循": 1, "2006年": 1, "制定": 1, "架构": 1, "原则": 1, "潜在": 1, "合作": 2, "长": 2, "15": 1, "伦敦": 1, "地点": 1, "成功": 1, "测试": 1, "遭遇": 1, "领域": 1, "闫": 1, "东洁": 1, "韩宝仪": 1, "据悉": 1, "其因": 1, "涉嫌": 1, "明指": 1, "控​": 1, "胡锡进": 1, "老板": 2, "震撼": 1, "透漏": 1, "确实": 1, "实锤": 2, "弄错": 1, "老美": 2, "台": 1, "鞠躬": 1, "道歉": 1, "为过": 2, "撕破": 1, "脸": 1, "三": 3, "缓和": 1, "波折": 1, "挣钱": 1, "阿里": 1, "腾讯": 1, "工行": 1, "烟草": 1, "制造业": 1, "殿堂": 1, "高科技": 1, "顶峰": 1, "很多": 1, "国人": 1, "自豪感": 1, "源头": 1, "插": 1, "经济": 3, "山顶": 1, "飘扬": 1, "红旗": 1, "倒": 1, "旗帜": 1, "品德": 1, "原因": 2, "随意": 1, "我方": 1, "大国": 1, "脸面": 1, "理解": 1, "局部": 1, "反弹": 1, "狗屁": 1, "协议": 1, "面前": 1, "一文不值": 1, "投资者": 1, "小心": 1, "18年": 1, "年度": 1, "魔幻": 1, "。。。": 2, "公主": 1, "荷兰": 1, "光刻机": 1, "ASML": 1, "起火": 1, "丹华": 1, "首晟": 1, "自杀": 1, "同一个": 1, "不得不": 1, "阴谋论": 1, "害怕": 1, "最新": 2, "暂": 2, "扣": 2, "副董事长": 1, "陈黎芳": 1, "进一步": 1, "指出": 1, "好多": 1, "大律": 1, "上次": 1, "闹": 1, "大都": 1, "这次": 1, "查": 1, "哈佛": 2, "大学": 1, "法学院": 2, "资料": 2, "联邦": 1, "系列": 1, "「": 2, "」": 2, "USexportandsanctionslaws": 1, "一部分": 2, "行政": 1, "ExportAdministration": 1, "Regulations": 1, "列出": 1, "清单": 1, "命令": 1, "禁止": 1, "敏感": 3, "产品": 2, "转口": 1, "敌对": 1, "人士": 1, "手中": 1, "威胁": 3, "伤害": 1, "罚": 1, "巨款": 1, "负责人": 2, "盟国": 1, "海关": 1, "判刑": 1, "禁令": 2, "信用": 1, "评级": 1, "打折扣": 1, "生意": 1, "美国商务部": 1, "财政部": 1, "执法": 1, "处罚": 2, "30多": 1, "随便": 1, "翻翻": 1, "互联网": 1, "找到": 1, "案例": 1, "图二": 1, "2017年": 1, "GhobadGhasempour": 1, "偷卖": 1, "坐牢": 2, "2011年": 1, "荷兰人": 1, "关键": 1, "零部件": 1, "采购": 2, "签订": 1, "扩散": 1, "承诺": 1, "这是": 1, "大胆": 1, "动手": 1, "基础": 1, "路透社": 1, "实际上": 1, "调查": 1, "2015年底": 1, "开刀": 1, "试探": 1, "目的": 1, "未来": 1, "布局": 1, "本来": 1, "遏制": 1, "扩张": 1, "感到": 1, "太": 1, "意外": 1}