{"娜": 8, "美": 15, "仙家": 7, "终身": 6, "成就奖": 6, "团队": 6, "内部": 3, "PK赛": 3, "落下": 2, "帷幕": 2, "今晚": 2, "直播间": 6, "颁奖": 4, "现场": 4, "获奖者": 4, "一一": 4, "登台": 3, "领取": 4, "奖品": 11, "华为": 60, "保时捷": 4, "手机": 18, "iPad": 4, "勇抗": 1, "十点": 1, "大旗": 1, "娜美": 2, "参与": 4, "PK": 3, "所有人": 1, "肯定": 1, "仙洋": 2, "特意": 2, "颁发": 2, "一个": 13, "奖励": 2, "领头人": 2, "付出": 1, "价值": 2, "不菲": 1, "宝格丽": 3, "手镯": 4, "据说": 1, "花": 1, "7万多": 1, "恭喜娜": 3, "L快手": 2, "网红": 1, "故事": 1, "视频": 15, "！": 16, "PK赛娜": 2, "扒皮": 1, "​": 18, "2019": 1, "SPY": 1, "年度": 3, "机皇": 1, "争霸赛": 1, "小组赛": 1, "第一": 8, "场": 1, "：": 17, "Mate20Pro": 2, "对战": 1, "锤子": 1, "坚果": 1, "R1": 1, "明晚": 1, "20:00": 1, "上线": 1, "究竟": 2, "获胜": 1, "最终": 1, "还要": 1, "取决于": 1, "十万": 1, "测评": 1, "俱乐部": 1, "LZEALER": 1, "中国": 12, "秒拍": 6, "": 1, "艺术": 1, "留学": 1, "摄影": 1, "灵感": 1, "|": 1, "拍": 3, "大片": 1, "摄影师": 2, "PieroPercoco": 1, "很": 5, "喜欢": 3, "街拍": 1, "利器": 1, "2013年": 1, "iphone": 1, "拍摄": 1, "从此": 1, "一发不可收拾": 1, "作品": 1, "总会": 1, "营造": 1, "场感": 1, "好像": 2, "蹲": 1, "跑": 2, "上前": 1, "贴近": 1, "想": 6, "看清": 1, "瞬间": 1, "发现": 1, "有用": 1, "不妨": 1, "猜猜": 1, "作品集": 1, "大清早": 1, "玉渊潭": 1, "日出": 2, "不期": 1, "碰见": 1, "天狗": 1, "吃": 1, "月亮": 1, "回来": 3, "显得": 1, "格外": 2, "兴奋": 1, "告诉": 2, "中东部": 1, "地区": 1, "人均": 1, "天狗咬日": 1, "奇观": 1, "幸运": 1, "天儿": 1, "雾霾": 1, "照片": 2, "带食": 1, "隔壁": 1, "王": 1, "奶奶": 1, "闺女": 1, "mate10": 1, "晚上": 3, "11:30": 3, "斗鱼": 3, "252140": 3, "抽": 5, "mate20pro": 3, "事情": 3, "三": 2, "参考": 2, "视界": 1, "落难": 1, "欧洲": 2, "巨头": 1, "坐收渔利": 1, "台媒": 1, "称": 1, "西方": 1, "国家": 3, "基于": 1, "疑虑": 1, "禁用": 2, "设备": 6, "外界": 1, "预期": 1, "通信": 1, "对手": 3, "瑞典": 1, "爱立信": 3, "芬兰": 2, "诺基亚": 3, "坐收渔翁之利": 1, "技术": 3, "落后": 1, "难": 1, "抢到": 1, "市场": 1, "北欧": 1, "企业": 12, "优势": 1, "↓↓": 1, "L": 1, "消息": 1, "在外": 1, "遭遇": 1, "国人": 2, "感到": 1, "愤怒": 1, "一连串": 1, "反击": 1, "无比": 1, "骄傲": 1, "全球": 3, "高迪": 1, "拜塔": 1, "投": 1, "广告": 1, "燃到": 1, "爆炸": 1, "实在": 2, "解气": 1, "L龙星": 1, "镖局": 1, "GalaxyA8S": 1, "VS.": 1, "Nova4": 1, "漂亮": 1, "工作": 3, "16年": 3, "等于": 2, "深圳": 3, "1": 2, "套": 5, "房": 4, "员工": 2, "吐槽": 1, "挣": 1, "1400万": 2, "近日": 3, "名": 2, "公司": 2, "论坛": 1, "吐": 1, "xuan": 1, "槽": 1, "吸引": 1, "很多": 3, "围观": 1, "国内": 1, "8": 3, "海外": 1, "贷款": 1, "负债": 1, "股票": 1, "现金": 1, "相抵": 1, "接近": 1, "40": 1, "岁": 1, "抓住": 1, "机会": 1, "大半": 1, "辈子": 1, "都": 6, "房子": 1, "打工": 1, "希望": 2, "2019年": 4, "诸事": 1, "顺利": 1, "看完": 1, "实名": 1, "羡慕": 1, "嫉妒": 1, "恨": 1, "来源": 1, "身边": 1, "意大利": 2, "运营商": 5, "TIM": 1, "5G": 15, "测试": 5, "速率": 4, "2.7Gbps": 1, "早": 1, "签订": 1, "合同": 1, "；": 5, "印度": 1, "2018年": 5, "2月": 1, "便于": 1, "BharTIAirtel": 1, "首次": 1, "3Gbps": 1, "去年": 1, "11月": 1, "英国": 2, "Three": 1, "路由器": 1, "速度": 1, "Gbps": 2, "平均": 1, "1Gbps": 2, "成功": 1, "打脸": 1, "700": 1, "Mbps": 2, "日本": 1, "NTTDocomo": 1, "成果": 1, "最为": 1, "4.52": 1, "相比": 1, "美国": 7, "AT&T假5G": 1, "网络": 1, "195": 1, "快": 1, "21": 1, "倍": 1, "。。。": 1, "、": 12, "澳": 1, "新西兰": 1, "整体": 1, "发展": 2, "影响": 1, "推出": 3, "热点": 1, "业务": 1, "韩国": 1, "LGU+": 1, "采用": 1, "Elisa": 1, "今年初": 1, "套餐": 1, "联合": 1, "终端": 3, "维度": 1, "声音": 4, "只能": 2, "听": 1, "果壳": 1, "脑洞": 1, "小艺": 1, "献": 1, "波": 1, "神": 1, "操作": 1, "带": 2, "模样": 1, "AI": 2, "音箱": 2, "灵动": 1, "表现": 2, "关注": 2, "+": 4, "话题": 1, "智选": 2, "转发": 2, "中共": 1, "东西": 1, "样子": 1, "@": 3, "抽奖": 1, "平台": 1, "随机": 1, "送": 2, "3": 1, "L华": 3, "解锁": 1, "长": 1, "奖寻": 1, "萌宠": 1, "套路": 2, "千千万": 1, "玩": 3, "才": 1, "吾皇": 3, "巴扎黑": 1, "主题": 1, "#O": 1, "网页": 1, "链接": 1, "懂": 2, "咯": 1, "戳": 1, "小云": 1, "巴扎": 1, "黑": 1, "新年": 4, "礼盒": 1, "100": 1, "元": 2, "京东卡": 1, "服务": 1, "❗️娜": 1, "获奖": 1, "众徒": 1, "挑战": 1, "无极": 1, "限❗": 1, "️仙家": 1, "众徒弟": 1, "吃饱": 1, "纷纷": 2, "过年": 1, "直播": 1, "现身": 1, "众": 1, "徒弟": 1, "兴高采烈": 1, "划分": 1, "奖杯": 1, "几万": 1, "块钱": 1, "恶搞": 1, "师": 1, "兄弟": 1, "芥末": 1, "可乐": 1, "喝": 1, "L网": 1, "红大八卦": 1, "DxOMark": 2, "榜单": 2, "发布": 2, "31": 1, "款": 4, "登顶": 1, "评测": 1, "P20Pro": 2, "总榜": 2, "拍照榜": 1, "拍摄榜": 1, "Google": 1, "Pixel": 1, "iPhoneXSMax": 1, "HTCU12Plus": 1, "三星": 4, "GalaxyNote9": 2, "小米": 2, "MIX3": 1, "并列": 1, "第三": 1, "Mate20": 2, "系列": 2, "上市": 1, "发货量": 1, "突破": 1, "500万": 1, "台": 2, "贡献": 1, "哈尔滨": 2, "爆料": 2, "市民": 1, "投诉": 2, "刷": 2, "公交": 2, "司机": 3, "官方": 2, "客服": 2, "当做": 2, "好事": 3, "网友": 1, "苏骝亮": 1, "pay哈尔滨": 1, "城市": 1, "通刷": 1, "支付": 1, "0.9": 1, "24": 1, "路": 1, "公交车": 1, "师傅": 1, "不认": 1, "没用": 2, "听见声": 1, "不行": 3, "那天": 1, "八": 1, "交通": 1, "集团": 2, "消消气": 1, "放": 2, "马": 1, "小编": 2, "好奇": 1, "乘客": 1, "生活报": 1, "专利量": 2, "超诺基亚": 1, "高通": 1, "中兴": 2, "大唐": 2, "中坚": 1, "力量": 1, "信通院": 1, "截至": 1, "12月": 1, "28日": 1, "标准": 1, "1970": 1, "件": 3, "声明": 2, "专利": 3, "排": 3, "占比": 3, "17%": 1, "1029": 1, "第6": 1, "9%": 1, "543": 1, "第9": 1, "5%": 1, "时代": 1, "!": 1, "全国": 1, "5g": 1, "地铁站": 1, "发": 1, "传说": 1, "下半年": 2, "iPhone": 2, "太": 3, "习惯": 1, "…": 2, "组图": 2, "疑问": 1, "过于": 1, "对称": 2, "四方": 1, "块": 1, "好歹": 1, "怼": 1, "左上": 1, "角": 1, "不说": 1, "闪光灯": 1, "位置": 1, "镜头": 1, "回忆": 1, "苹果": 9, "现有": 1, "产品线": 1, "程度": 1, "产品": 2, "真实度": 1, "抱": 1, "原因": 1, "这是": 2, "提前": 1, "曝光": 2, "真机": 2, "好看": 2, "想来": 1, "iPhone5": 1, "玻璃": 2, "金属": 1, "拼接": 1, "方案": 1, "供应链": 1, "喊丑": 1, "生生": 1, "材质": 1, "救": 2, "下边": 1, "感觉": 1, "无论如何": 1, "擦": 1, "居然": 1, "折": 1, "上折": 1, "骨折": 1, "……": 2, "外媒": 1, "编辑": 3, "评选": 2, "6": 2, "智能": 3, "包括": 1, "PocophoneF1": 1, "一加": 1, "6T": 1, "GalaxyS9": 1, "谷歌": 1, "Pixel3六": 1, "详情": 1, "点击": 1, "O外媒": 1, ".": 1, "L阿伟": 1, "德国": 2, "电信": 2, "子公司": 2, "T-Mobile": 2, "软银": 1, "Sprint": 1, "合并案": 1, "接受": 1, "监管": 2, "机构": 2, "审查": 1, "开出": 1, "交换": 1, "条件": 1, "合并": 1, "提案": 1, "禁止": 1, "竞争": 2, "不顾": 1, "脸面": 1, "讲": 1, "市场经济": 1, "原则": 1, "公平": 1, "强权": 1, "政治": 1, "历史": 1, "证明": 2, "技不如人": 1, "围堵": 1, "拉大": 1, "对方": 1, "差距": 2, "恐惧": 1, "侧面": 1, "证实": 1, "强大": 1, "实力": 1, "论调": 1, "歇": 2, "哈哈哈": 1, "5S": 1, "VIVO": 1, "亏死": 1, "低端机": 1, "L一手": 1, "video": 1, "马丁": 1, "MartinGarrix2018": 1, "哥伦比亚": 1, "演出": 1, "站台": 1, "MartinGarrix": 1, "图文": 1, "资讯": 1, "L小猪": 1, "男孩": 1, "生娃": 1, "贵": 1, "搞": 1, "买": 2, "天天": 1, "舍得": 1, "日子": 1, "童车": 1, "刚": 1, "收": 1, "富康": 1, "贵​": 1, "职场": 1, "必备": 1, "实用": 1, "功能": 2, "简单": 1, "步骤": 1, "高效": 1, "图片": 1, "转PPT": 1, "文档": 1, "即刻": 1, "拥有": 2, "划": 1, "重点": 2, "世界": 4, "500": 3, "干": 3, "岁末": 1, "年初": 1, "发表": 1, "献词": 3, "犹如": 1, "百花争艳煞": 1, "透过": 1, "窥见": 1, "未来": 1, "路线图": 1, "选取": 1, "腾讯": 1, "雪松": 1, "控股": 1, "联想": 1, "碧桂园": 1, "梳理": 1, "战略": 1, "安排": 1, "期": 1, "读者": 1, "启迪": 1, "O划": 1, "这几年": 1, "理解": 1, "吹": 2, "批评": 1, "本质": 1, "牛": 2, "崛起": 1, "建立": 1, "民族": 1, "自信心": 1, "贬": 1, "清醒": 1, "知耻而后勇": 1, "长期以来": 1, "水平": 1, "评估": 2, "清晰": 1, "承认": 1, "客观": 1, "现实": 1, "人和": 1, "局面": 1, "NOKIA": 1, "大概率": 1, "创新": 2, "现阶段": 1, "困难": 1, "表面": 1, "定价": 1, "依然": 1, "宽": 1, "护城河": 1, "具备": 1, "颠覆": 1, "威胁": 1}