{"中国": 27, "华为": 47, "公司": 13, "助力": 11, "5G": 32, "远程": 28, "人体": 14, "手术": 40, "上午": 6, "携手": 7, "人民": 9, "解放军": 9, "总医院": 9, "成功": 11, "全国": 10, "基于": 7, "——": 8, "帕金森病": 8, "脑起搏器": 7, "植入": 8, "患者": 6, "北京": 6, "医生": 6, "海南": 7, "操纵": 5, "机械": 6, "臂": 6, "网络": 7, "高速率": 5, "、": 14, "带宽": 5, "低": 6, "延特性": 5, "场": 5, "跨越": 7, "3000": 7, "公里": 7, "现实": 5, "学妹": 3, "实验室": 1, "美国": 8, "品牌": 4, "有名": 1, "太": 4, "意外": 1, "居然": 1, "第一": 5, "……": 1, "拜托": 1, "L拜托": 1, "视频": 7, "​": 15, "人类": 3, "都": 9, "模拟": 3, "比如是": 1, "猪": 1, "这是": 3, "划时代": 1, "意义": 1, "渐渐": 1, "积累": 1, "也许": 2, "常态": 1, "": 3, "时代": 2, "国内": 1, "远在": 1, "「": 2, "」": 2, "操控": 2, "此次": 1, "脑": 1, "搏器": 1, "病人": 1, "术后": 1, "状态": 1, "图片": 1, "网易": 1, "手环": 1, "3": 1, "系列": 1, "支持": 1, "多种": 1, "运动": 2, "模式": 1, "50": 1, "米": 1, "防水": 1, "实时": 1, "心率": 1, "监测": 2, "睡眠": 1, "项": 2, "功能": 1, "提供": 1, "专业化": 1, "效果": 1, "评估": 1, "腕上": 1, "管家": 1, "春色": 1, "正当时": 1, "出门": 2, "健身": 1, "跑步": 1, "！": 15, "💪​": 1, "CNBC": 1, "记者": 1, "推特": 1, "首尔": 1, "游行": 5, "亲": 2, "美": 3, "华": 2, "内容": 1, "感谢": 2, "美军": 1, "华为out": 1, "标语": 1, "背后": 1, "逻辑": 1, "影响": 1, "韩": 2, "同盟": 1, "新闻": 1, "环球网": 1, "值得": 1, "街上": 1, "欢呼": 1, "驻": 1, "使馆": 1, "喝": 1, "咖啡": 1, "二货": 1, "韩国": 4, "之间": 1, "选择": 2, "挺": 1, "悲哀": 1, "小国": 1, "才": 1, "纠结": 1, "大国": 1, "本身": 1, "别人": 1, "加班": 1, "忘记": 2, "带": 3, "门卡": 3, "同事": 2, "拍完": 1, "估计": 1, "早": 1, "下班": 1, "想到": 1, "小米": 3, "9": 2, "☝️": 1, "情急": 1, "之下": 1, "抱": 1, "试试看": 1, "心理": 1, "搜": 1, "印象": 1, "真的": 1, "解决": 1, "…": 2, "智能": 1, "手机": 9, "棒": 1, "L钟": 1, "文泽": 1, "全力": 2, "保命": 2, "刚刚": 2, "前方": 1, "消息": 2, "：": 14, "路由": 1, "Q2": 1, "Pro#": 1, "AI": 2, "音箱": 1, "AWE": 1, "2019": 1, "喜": 1, "提": 1, "艾普兰": 1, "大奖": 1, "认可": 1, "未来": 4, "努力": 1, "技术": 3, "医疗": 1, "救治": 1, "越来越": 2, "随时随地": 1, "就医": 1, "成本": 1, "期待": 1, "普及": 1, "@": 4, "路过": 1, "光华门": 2, "任正非": 16, "孟晚舟": 13, "工作": 10, "开心": 6, "被捕": 10, "一个": 8, "想要": 5, "离职": 4, "加拿大": 7, "媒体": 2, "透露": 4, "去年底": 2, "女儿": 7, "去年": 3, "12月": 2, "温哥华": 3, "关系": 7, "改善": 5, "理解": 2, "生活": 3, "艰苦": 2, "称": 2, "现阶段": 2, "打算": 2, "继承人": 2, "O": 4, "父女": 5, "故宫": 3, "博物院": 1, "合作": 1, "打造": 1, "智慧": 1, "600": 1, "岁": 1, "从未": 1, "科技": 1, "Beijing'slandmarkPalaceMuseumandChinesetelecommunicationsfirmHuaweisignedastrategic": 1, "cooperationagreementonFridaytojointlycarryout": 1, "cooperationinbuildingthe5": 1, "Gtrialapplication": 1, "buildingthesmartareaofthePalaceMuseumandholdingartificialintelligencecompetitions.Thet": 1, "wosideswillsetanexamplefor5Gapplication,creatingasmartculturalheritage.Also,Huawei": 1, "willacceleratethe": 1, "intelligentconstruction": 1, "thePalaceMuseum": 2, "withitsinnovativetechnologiesandsolutionsin5G": 1, "artificialintelligence": 1, "(": 2, ")": 2, "andothertechnicalfields": 1, ".": 2, "The600-year-oldPalaceMuseumhasneverbeensoclosetoscience": 1, "andtechnology": 1, "saidShanJixiang,director": 1, "Formore:O": 1, "网页": 1, "链接": 1, "英语": 2, "起诉": 1, "政府": 2, "轮值": 2, "董事长": 2, "全程": 1, "英文": 1, "发言": 2, "3月": 2, "7日": 1, "总部": 2, "外媒": 3, "沟通": 2, "正式": 1, "提起": 2, "诉讼": 2, "郭": 1, "平在": 1, "希望": 1, "救济": 1, "措施": 3, "法院": 1, "判定": 1, "NDAA": 1, "针对": 1, "违反": 1, "宪法": 1, "颁发": 1, "永久性": 1, "禁令": 1, "禁止": 1, "实施": 1, "LTalk": 1, "拍": 1, "旭子": 1, "M2": 1, "收": 1, "粉丝": 1, "台": 1, "P20PRO": 1, "快": 1, "划痕": 1, "磕碰": 1, "简直": 1, "一模一样": 1, "盒子": 1, "配件": 1, "显脏": 1, "膜拜": 1, "爱惜": 1, "买": 1, "主力机": 1, "缺": 1, "胳膊": 1, "腿": 1, "惨不忍睹": 1, "拥有": 1, "即将": 1, "来临": 1, "开创": 1, "记录": 1, "牛": 2, "销量": 2, "占比": 2, "接近": 2, "50%": 2, "销售额": 2, "占": 2, "突破": 1, "55%": 1, "迪信通": 2, "发布": 2, "2019年": 1, "2月": 1, "销售": 1, "全渠道": 1, "数据": 2, "显示": 1, "集中度": 1, "进一步": 1, "提高": 1, "vivo": 2, "OPPO": 2, "荣耀": 2, "五": 1, "市场": 4, "总额": 1, "九成": 1, "一家": 1, "明细": 1, "份额": 3, "38.5%": 1, "位居": 1, "第二": 1, "17.7%": 1, "第三": 1, "16.6%": 1, "第四": 1, "网友": 1, "格桑小巫": 1, "爆发": 1, "反华": 1, "干嘛": 1, "胡歌": 1, "只能": 1, "签华": 1, "红人": 1, "诞生": 1, "V影": 1, "响力": 1, "峰会": 1, "#L": 1, "搞笑": 1, "涵姐": 1, "秒拍": 1, "扣前": 2, "想": 3, "事件": 2, "感情": 3, "接受": 1, "专访": 3, "这次": 2, "面对": 1, "电视台": 1, "镜头": 1, "谈": 1, "小时": 1, "后者": 1, "扣留": 2, "反而": 1, "出事": 1, "辞职": 2, "原因": 1, "干": 1, "路透社": 1, "转发": 1, "CTV": 3, "采访": 2, "独家": 1, "深圳": 1, "14日": 1, "播出": 1, "亲密": 1, "别处": 1, "明白": 1, "艰难": 1, "很": 2, "忙": 1, "隔": 1, "电话": 1, "闲聊": 1, "讲": 2, "笑话": 1, "网上": 1, "读到": 1, "轶事": 1, "件": 1, "紧密": 1, "接班人": 1, "名": 1, "管理者": 2, "擅长": 1, "各种各样": 1, "领导者": 1, "10年": 1, "20年": 1, "发生": 2, "事情": 1, "观察": 1, "能力": 2, "背景": 3, "预测": 1, "继任者": 1, "英雄": 1, "经历": 1, "很多": 1, "痛苦": 1, "伤疤": 1, "坚硬": 1, "皮肤": 1, "手持": 1, "原图": 1, "直出": 1, "黑夜": 1, "拍照": 1, "实在": 1, "香港": 1, "特区": 1, "·": 1, "圓方": 1, "别具E格": 1, "守护": 1, "隐私": 1, "纯净": 1, "空间": 1, "💪小E": 1, "头条": 1, "文章": 1, ">>": 1, "O3·15": 1, "曝光": 1, "恶意": 1, "软件": 1, "Wi-Fi": 1, "隐秘": 1, "收集": 1, "TA": 1, "晚安": 1, "梦": 1, "马": 1, "漂泊": 1, "记忆": 1, "深处": 1, "故乡": 1, "心头": 1, "雨": 1, "眼底": 1, "霜": 1, "故事": 1, "民谣": 2, "分享": 1, "打动": 1, "歌词": 1, "转评": 1, "小云": 1, "抽": 1, "送出": 1, "耳机": 1, "16日": 1, "本次": 1, "位于": 1, "医学": 1, "中心": 1, "医院": 1, "开启": 1, "新篇章": 1, "bang子": 1, "游街": 1, "抵制": 1}