{"阿华": 1, "灵魂": 1, "2019年": 4, "快要": 1, "年中": 1, "张壁纸": 1, "锁屏": 1, "款": 3, "华为": 41, "主题": 3, "点击": 1, "视频": 19, "↓": 1, "先来": 1, "：": 4, "12": 1, "包括": 2, "千": 13, "玺": 11, "套": 2, "L华": 5, "终端": 7, "官方": 2, "​": 16, "崽崽": 1, "真的": 2, "很": 4, "棒": 1, "易烊": 2, "千玺": 6, "易烊": 10, "2019": 6, "玊尔": 2, "演唱会": 3, "四": 15, "字": 19, "弟弟": 4, "yyqx": 3, "唱歌": 6, "yy": 12, "qx": 15, "跳舞": 2, "帅": 1, "好看": 3, "szdd四": 2, "四字帅": 2, "好听yy": 2, "x华为yyqx帅yyqx": 1, "千禧龙yy": 1, "qxlyyqxinsyyqxdvyyqx": 1, "舞台": 2, "qx猫yy": 1, "​​": 4, "可爱": 3, "@": 3, "艾奥": 1, "科技": 3, "荣耀": 15, "V30": 4, "nova": 3, "6拆机": 3, "对比": 4, "台": 8, "机器": 6, "内部": 4, "结构": 2, "一模一样": 2, "博主": 2, "主板": 3, "调装机": 2, "都": 11, "……": 3, "阅读": 7, "联合": 3, "新周刊": 2, "发布": 4, "年度": 5, "书单": 2, "读懂": 1, "通往": 2, "2020": 3, "行业": 1, "数据": 2, "APP": 2, "用户": 4, "规模": 2, "跻身": 1, "第一": 3, "梯队": 1, "越来越": 1, "读者": 2, "首选": 1, "海量": 1, "内容": 5, "资源": 1, "庞大": 1, "活跃": 1, "提供": 3, "扎实": 1, "画像": 1, "支撑": 1, "周刊": 1, "测量": 1, "时代": 1, "体温": 1, "精神": 2, "梳理": 1, "趋势": 1, "国内": 1, "数字": 3, "一个": 9, "风向标": 1, "份": 1, "榜单": 1, "发现": 1, "降低": 1, "读书": 1, "门槛": 1, "普及": 1, "日益": 1, "繁忙": 1, "都市人": 1, "汲取": 1, "补给": 1, "选择": 2, "回头": 1, "盘点": 1, "书事": 1, "手机": 22, "上都": 1, "书": 1, "服务": 6, "↓↓↓": 1, "O读": 1, "懂": 1, "|": 1, "发言": 1, "感动": 1, "钢铁": 1, "炼": 1, "倒下": 1, "几十": 1, "公司": 2, "站": 1, "世界": 2, "中心": 1, "守住": 1, "山头": 1, "孩子": 2, "未来": 1, "打拼": 1, "！": 13, "华为人": 2, "心声": 1, "社区": 2, "发帖子": 1, "印度": 1, "常驻": 1, "4": 4, "、": 36, "父亲": 1, "还要": 1, "海外": 2, "老": 3, "同事": 1, "很多": 4, "财务": 1, "自由": 1, "赚钱": 1, "确实": 1, "责任感": 1, "支持": 5, "向前": 1, "走": 1, "O": 1, "网页": 1, "链接": 1, "有事": 1, "没事": 1, "玩": 3, "神武": 2, "360": 1, "°": 1, "大屏": 1, "太": 1, "酷": 1, "叭": 1, "黄子韬": 1, "默默": 2, "游戏": 2, "曲哟": 1, "神武4": 1, "全新": 1, "公测": 1, "内": 2, "抽华": 1, "mate30": 1, "L": 1, "娱乐": 1, "圈长": 1, "秒拍": 2, "千玺米奇": 1, "妙妙": 1, "烊": 5, "帅好": 1, "看好": 1, "听": 2, "好听yyqxszddyyqx帅yyqx": 1, "天猫yyq": 2, "x华为yyqx": 2, "中戏": 4, "双料": 2, "第一yyqx帅yyqx": 1, "苏四字酷": 1, "四字棒": 1, "优益": 2, "Cyyqxsndnyyqx": 1, "踩点": 1, "梨涡yyqx": 1, "穿": 1, "搭": 1, "私服": 1, "四字": 3, "时尚": 1, "舞蹈": 1, "代言": 1, "硬照": 1, "四字街": 1, "舞": 1, "少年": 1, "长安": 1, "十二": 1, "时辰": 1, "L宁": 1, "采臣": 1, "男人": 1, "幸运": 1, "在于": 2, "成年": 1, "小时候": 2, "踏": 1, "条": 2, "极为": 1, "艰苦": 1, "道路": 2, "这是": 3, "可靠": 1, "；": 7, "女人": 5, "不幸": 1, "抗拒": 1, "诱惑": 1, "包围": 1, "奋发向上": 1, "鼓励": 1, "滑": 1, "到达": 1, "极乐": 1, "发觉": 1, "海市蜃楼": 1, "愚弄": 1, "为时太晚": 1, "力量": 1, "失败": 1, "冒险": 1, "耗尽": 1, "封闭": 1, "命运": 1, "内在": 1, "共谋": 2, "联结": 1, "在一起": 1, "升华": 1, "友谊": 1, "身上": 1, "敌人": 1, "----------": 1, "西蒙·波伏娃": 1, "第二性": 1, "WeLink": 3, "终于": 3, "迎来": 1, "商业化": 1, "杀器": 1, "12月": 1, "26日": 1, "公开": 1, "亮相": 1, "19万": 1, "员工": 6, "协同": 2, "办公": 2, "软件": 2, "共享": 1, "好处": 2, "1": 2, "可助": 1, "随时": 1, "随地": 1, "电脑": 2, "Pad": 1, "电子": 1, "白板": 1, "各类": 1, "设备": 5, "协作": 1, "微信": 2, "云端": 1, "在线": 1, "就要": 1, "搬迁": 1, "智能": 1, "会议": 3, "投屏": 1, "纪要": 1, "自动": 1, "文字": 1, "实时": 1, "翻译": 2, "消息": 2, "文档": 1, "邮件": 3, "多种": 1, "七": 2, "语言": 1, "3": 1, "即时": 1, "通讯": 1, "电子流": 1, "审批": 1, "文件夹": 1, "搞定": 2, "短": 1, "电话": 1, "文件": 1, "联接": 2, "业务": 2, "出差": 1, "报销": 3, "申请": 1, "考勤": 3, "团队": 2, "IM": 1, "入手": 1, "开放": 1, "平台": 2, "企业": 3, "现有": 1, "接入": 1, "群": 1, "BBS": 1, "兼容": 1, "功能": 1, "强大": 1, "吐槽": 2, "快": 1, "最牛": 1, "背后": 1, "系统": 2, "一并": 1, "打包": 1, "卖给": 1, "中小企业": 1, "差不多": 1, "水平": 1, "运作": 1, "解决": 3, "5G": 9, "厮杀": 1, "元": 2, "档": 2, "网络": 1, "覆盖": 1, "挡箭牌": 1, "理由": 1, "穷": 1, "餐贵": 1, "离谱": 2, "三星": 4, "贵": 1, "iPhone12": 1, "RedmiK305": 1, "G版": 1, "最佳": 3, "请": 2, "摸": 1, "胸脯": 1, "愣子": 1, "回答": 1, "价格": 4, "炒年底": 1, "裁员": 1, "7000": 1, "补偿": 1, "10亿": 1, "新闻": 2, "特么": 1, "有病": 1, "2007年": 2, "张冠李戴": 1, "炒作": 1, "媒体": 1, "自媒体人": 1, "智商": 1, "良心": 1, "🐶": 1, "吃": 1, "买断": 1, "工龄": 1, "入职": 1, "操作": 1, "12年": 1, "总数": 2, "增加": 2, "6000多": 1, "铁": 1, "打的": 1, "营盘": 1, "流水": 1, "兵": 1, "心甘情愿": 1, "卖命": 1, "DigiX": 1, "生活节": 1, "冬天": 1, "深圳": 1, "遇见": 2, "故宫": 3, "听单": 1, "霁翔": 1, "讲": 1, "600年": 1, "FreeBuds#3": 1, "源自": 1, "古曲": 1, "高山流水": 1, "梅花三弄": 1, "春江花月夜": 1, "灵感": 1, "逐一": 1, "定格": 1, "三": 1, "古风": 1, "耳机": 1, "盒": 1, "之上": 1, "带": 2, "听见": 1, "穿越": 1, "千年": 1, "声音": 1, "艺术": 1, "手作": 1, "喜欢": 4, "朋友": 2, "哭": 1, "抽": 2, "男孩": 1, "温柔": 1, "老土": 1, "从来": 1, "单恋": 1, "TFBOYS": 1, "L圈": 1, "教父": 1, "​易": 1, "yq": 1, "x帅": 1, "nova易烊": 1, "千玺华": 1, "阿迪易烊": 1, "c易烊": 1, "千玺日": 1, "默瓦": 1, "szddyyqx": 1, "千玺易烊": 1, "现场": 4, "liveyyqx": 1, "live四": 2, "字帅": 1, "千玺yyqx玊尔yyqx": 1, "yyqx舞美yy": 1, "唱": 1, "功李必y": 1, "yqx四": 1, "演技": 1, "网友": 1, "Mate30Pro": 2, "电动车": 1, "摔": 2, "感觉": 2, "曲面屏": 1, "玻璃": 1, "1000": 1, "打底": 1, "想": 1, "心跳": 1, "建议": 1, "买": 2, "碎屏险": 1, "曲面": 1, "屏​": 1, "赵明总": 1, "开庆": 1, "功会": 1, "发": 1, "转述": 1, "表扬辞": 1, "智慧": 2, "屏组": 1, "人物": 1, "颁奖词": 1, "无私": 1, "不遗余力": 1, "消费者": 1, "推销": 1, "专注": 1, "辛苦": 1, "宣传": 1, "9": 1, "X": 1, "花式": 1, "嘲讽": 1, "小米": 3, "note换壳": 1, ";": 2, "神速": 1, "10": 1, "W": 1, "晋升": 1, "60W;": 1, "埋头苦干": 1, "名声": 1, "丢入": 1, "深渊": 1, "破釜沉舟": 1, "电视": 2, "衬托": 1, "智慧屏": 2, "卧薪尝胆": 1, "拥有": 1, "XX": 1, "经验": 1, "产品": 1, "推广": 1, "大使": 1, "——": 2, "代言人": 1, "卢": 2, "有请": 1, "上台": 1, "领奖": 1, "鼓掌": 1, "👏👏": 3, "声临其境": 1, "第三": 1, "季": 3, "今晚": 1, "开播": 1, "周涛": 2, "加上": 1, "节目": 2, "集齐": 1, "董卿": 1, "倪萍": 1, "神仙": 1, "自带": 2, "芒果TV": 2, "优酷": 2, "腾讯": 2, "大会": 1, "安排": 1, "配置": 2, "通用": 2, "L艾奥": 1, "​​​": 2, "GalaxyS11": 1, "+": 1, "渲染": 1, "DXO榜": 1, "无敌": 1, "明年": 2, "拍照": 2, "辣鸡": 1, "竟然": 2, "干出": 1, "事儿": 1, "全网": 1, "拆机": 1, "回放": 1, "搞": 2, "到底": 2, "害怕": 1, "担心": 1, "找": 1, "缺点": 1, "优势": 1, "公关": 1, "能力": 1, "厂商": 1, "好好": 1, "学习": 1, "互联网": 1, "舆情": 2, "涉事": 1, "单位": 1, "主管": 1, "部门": 1, "第一时间": 3, "想到": 1, "永远": 1, "删帖": 6, "此前": 1, "件": 1, "事情": 3, "疯狂": 1, "才": 1, "引发": 1, "后续": 2, "更进一步": 1, "表态": 1, "知晓": 1, "方案": 1, "调查": 1, "放": 1, "负面": 1, "波澜": 1, "压": 2, "掉": 1, "估计": 1, "日常": 1, "太平": 1, "完事儿": 1, "投身": 1, "事业": 1, "年末": 1, "KPI": 1, "奋力": 1, "冲刺": 1, "渴望": 1, "爱情": 1, "紧密": 1, "筹划": 1, "跨年": 1, "惊喜": 1, "忙": 1, "减减": 1, "在家": 1, "场": 1, "音乐": 2, "派对": 1, "Sound#X": 1, "千万": 1, "无损": 1, "曲库": 1, "20万+Hi-Res": 1, "会员": 1, "端": 1, "唤醒": 1, "生活": 1, "释放": 1, "百": 1, "自我": 1, "转评": 1, "点赞": 1, "送": 1, "399": 1, "路": 2, "A2一": 1, "WSJ": 1, "分析": 1, "文章": 1, "政府": 2, "铺": 1, "全球": 1, "崛起": 1, "文": 1, "称": 1, "中国": 1, "多达": 1, "750亿": 1, "美元": 3, "财政": 1, "姐姐": 2, "穿着": 1, "清朝": 2, "宫服": 1, "拍": 1, "捕捉": 1, "Mate30": 1, "自拍": 1, "几百": 1, "年前": 1, "文化": 1, "碰撞": 1, "延禧": 1, "宫人": 1, "介绍": 1, "延禧宫": 2, "用于": 2, "养金鱼": 1, "稀有": 1, "名贵": 1, "金鱼": 1, "院子": 1, "木桶": 1, "鱼缸": 1, "App": 3, "新版": 1, "正式": 1, "上线": 1, "故障": 1, "排查": 1, "维修": 1, "~": 1, "热播剧": 1, "男主": 1, "比作": 1, "动物": 1, "庆余": 1, "大明": 1, "风华": 1, "精英": 1, "律师": 1, "锦衣": 1, "之下": 1, "电视剧": 1, "挺": 1, "XD": 1, "A基佬们": 1, "CCC": 1, "网站": 1, "扒到": 1, "疑似": 1, "新华": 1, "MateX": 1, "TAH-AN00m": 1, "信息": 1, "显示": 1, "65W快充": 1, "活动": 1, "上传": 1, "instagram": 1, "脸书": 1, "ChristmasTree4": 1, "Earth": 1, "标签": 1, "照片": 1, "捐": 1, "捐款": 1, "总额": 1, "20000": 1, "保护": 1, "雨林": 1, "iphone11Pro二": 1, "真实": 1, "早上": 1, "场晨": 1, "跑": 2, "健康": 1, "方式": 1, "迎接": 1, "只管": 1, "公里": 1, "WatchGT": 1, "2一路": 1, "陪": 1, "～": 1}