{"华为": 102, "nova6": 5, "自拍": 2, "！": 11, "感谢": 1, "场": 1, "惊喜": 1, "体验": 1, "到场": 1, "守候": 1, "世界": 1, "变得": 1, "超广角": 1, "❤️​": 1, "首席": 21, "律师": 25, "美国": 61, "取消": 24, "辩护": 28, "资格": 23, "当地": 6, "时间": 7, "12月": 9, "3日": 7, "纽约": 6, "布鲁克林": 6, "地方法院": 6, "法官": 6, "安•唐娜莉": 6, "AnnDonnelly": 6, "联邦": 8, "检察官": 6, "下令": 6, "桩": 7, "案件": 8, "詹姆斯•科尔": 6, "JamesCole": 6, "忌惮": 3, "科尔": 5, "案": 4, "熟知": 3, "美方": 3, "控诉": 3, "筹码": 3, "司法部": 4, "5月": 3, "初": 3, "利益": 5, "冲突": 3, "为由": 3, "法院": 4, "踢出": 4, "团队": 3, "观察者": 3, "网": 4, "O首席": 3, "：": 18, "保留": 5, "上诉": 5, "权利": 7, "O果然": 2, "​": 13, "列入": 4, "实体": 1, "清单": 4, "政府": 3, "针对": 4, "这家": 1, "中企": 1, "打压": 3, "——": 1, "2011年": 1, "2015年": 1, "检方": 4, "搜集": 1, "涉嫌": 2, "违反": 3, "伊朗": 1, "制裁": 6, "相关": 1, "信息": 1, "期间": 1, "号": 1, "人物": 1, "副部长": 1, "正是": 2, "随后": 1, "转投": 1, "、": 16, "公司": 8, "银行": 2, "欺诈": 2, "制裁令": 2, "罗曼": 1, ".": 1, "罗兰": 1, "崇尚": 1, "真的": 3, "面目": 1, "却步": 1, "抗议": 3, "质控": 1, "詹姆斯·科尔": 1, "支持": 8, "(": 2, ")": 2, "代理": 1, "剥夺": 1, "宪法": 2, "事实": 1, "依据": 1, "反对": 1, "这项": 1, "动议": 1, "O": 1, "4日": 3, "法庭": 1, "裁决": 3, "感到": 1, "失望": 1, "侵犯": 3, "第六": 2, "修正案": 1, "赋予": 1, "自由": 1, "选择": 1, "提出": 1, "恨国蛆": 1, "带": 3, "节奏": 3, "李爷": 3, "新京报": 1, "澎湃": 1, "新闻": 2, "为首": 1, "南方": 1, "媒体": 7, "记者": 5, "公知": 5, "大V": 1, "美": 4, "狗": 2, "自归": 1, "畜类": 1, "陈不群": 1, "都": 13, "黑华": 1, "答": 4, "检察院": 2, "认定": 2, "李洪元": 25, "疑罪": 1, "无罪": 1, "释放": 1, "中国": 6, "法律": 10, "公正": 1, "干倒": 1, "美帝": 1, "想": 4, "千": 4, "百计": 1, "干": 3, "倒": 1, "稻草": 1, "明白": 2, "法制": 1, "机构": 1, "回应": 9, "依法": 3, "起诉": 12, "绑架": 2, "全国": 4, "人民": 4, "反而": 3, "批评": 1, "同理心": 2, "道歉": 2, "不要脸": 1, "蚂蚁": 1, "强暴": 1, "大象": 1, "🐘": 1, "一个": 5, "对抗": 1, "法治": 4, "糊涂": 1, "单打独斗": 1, "司法": 2, "机关": 2, "诉求": 7, "听": 1, "无数": 1, "敲锣打鼓": 1, "太": 3, "傲娇": 1, "卖": 1, "惨": 1, "逃离": 1, "深圳": 4, "不做亏心事": 1, "鬼": 1, "敲门": 1, "通信": 2, "委员会": 3, "今日": 1, "上午": 3, "10点30分": 1, "举办": 1, "发布会": 1, "法务官": 1, "企业": 14, "沟通部": 1, "副总裁": 1, "出席": 1, "武器": 3, "维护": 2, "获胜": 1, "投票栏": 1, "写": 1, "字": 1, "易烊": 4, "千玺": 4, "2019": 1, "玊尔": 1, "演唱会": 1, "霸霸": 2, "很": 4, "宠": 1, "小孩": 1, "👏👏": 1, "nova星": 2, "发布": 2, "会见": 2, "玺": 3, "@": 7, "终端": 3, "官方": 2, "客服": 1, "光影": 1, "交织": 1, "红": 1, "经典": 1, "潮流": 1, "碰撞": 1, "明天": 1, "期待": 1, "5G": 2, "新品": 1, "冬日": 1, "沉闷": 1, "色彩": 1, "~": 1, "贝母白": 1, "夜阑灰": 1, "青山黛": 1, "丹霞橙": 1, "MatePad": 1, "Pro": 1, "冬天": 1, "格外": 1, "温暖": 1, "治愈": 1, "员工": 6, "告诉": 2, "内部": 3, "假话": 5, "风气": 5, "经济": 2, "观察": 2, "称": 3, "打算": 2, "走": 2, "途径": 2, "本人": 1, "昨晚": 1, "回到": 2, "老家": 2, "为止": 1, "接到": 1, "私下": 2, "沟通": 4, "请求": 2, "想见": 1, "解决": 4, "希望": 2, "讲": 2, "1日": 1, "首次": 1, "公开": 1, "离职": 2, "羁押": 1, "251": 2, "过程": 1, "体量": 1, "感情": 1, "毕竟": 1, "工作": 2, "十几": 1, "任正非": 4, "很多": 3, "朋友": 1, "坐": 1, "牢": 1, "业务": 3, "部门": 1, "高升": 1, "造假": 1, "事情": 4, "指使": 1, "老板": 3, "件": 1, "见到": 1, "深度": 1, "期望": 1, "健康": 1, "长远": 1, "沈": 1, "怡然": 1, "O华": 2, "人民网": 1, "发文": 1, "以势压人": 3, "试图": 1, "塑造": 1, "利用": 2, "；": 1, "尊重": 1, "结论": 1, "视而不见": 1, "这不": 1, "‘": 2, "体现": 2, "面前": 1, "人人": 1, "平等": 1, "精神": 1, "’": 2, "O华为": 1, "详情": 1, "请": 1, "点击": 1, "链接": 1, "网​": 1, "稍微": 1, "爱惜": 1, "羽毛": 1, "拼图": 1, "还原": 1, "真相": 1, "李": 4, "上司": 4, "暗示": 1, "爆其": 1, "短处": 1, "N": 3, "TB金": 2, "掏": 1, "十万": 1, "息事宁人": 1, "举报": 1, "发现": 1, "自然": 2, "报案": 3, "证据": 2, "证据链": 1, "足以": 1, "定罪": 1, "入刑": 1, "只能": 1, "放": 2, "吃瓜": 1, "群众": 1, "拉长": 1, "后续": 1, "一百": 1, "胆": 1, "再次": 1, "对簿公堂": 1, "估计": 1, "套": 1, "做法": 1, "圈子": 1, "攻略": 1, "一般而言": 1, "不错": 2, "跳槽": 1, "待遇": 1, "折腾": 1, "钱包": 1, "钱": 2, "鸟": 1, "早": 1, "矩阵": 2, "框架": 1, "组织": 2, "找": 1, "IBM": 1, "IPD": 1, "ISC": 1, "CRM": 1, "有助于": 1, "快速": 1, "发展": 3, "流程化": 1, "应对": 2, "国际化": 1, "力图": 1, "集团": 1, "层面": 1, "摆脱": 1, "矩阵化": 2, "影响": 2, "实际上": 1, "底下": 1, "BG\\BU": 1, "文化": 2, "基因": 1, "依旧": 1, "互联网": 1, "天生": 1, "扁平化": 2, "比如说": 1, "李案": 1, "模式": 1, "中层": 1, "手上": 1, "隐性": 1, "权力": 2, "用来": 1, "对付": 1, "灰色": 1, "好处": 1, "效率": 1, "坏处": 1, "权限": 1, "超出": 1, "边界": 1, "说事": 1, "金融链": 1, "这时候": 1, "智商": 1, "渣渣": 1, "自称": 1, "财经": 1, "圈": 1, "名片": 1, "印": 1, "山东": 1, "寿光": 1, "第五": 1, "大棚": 1, "第八": 1, "茬": 1, "收割": 1, "蔬菜": 1, "代表处": 1, "代代表": 1, "动用": 1, "核选项": 1, "路透社": 2, "援引": 1, "消息": 1, "人士": 1, "事态": 1, "未来": 1, "内": 1, "制定": 1, "国民": 1, "SDN": 6, "方案": 2, "白宫": 1, "国家": 2, "审议": 1, "列为": 1, "备选": 1, "冻结": 1, "财产": 3, "权益": 1, "禁止": 2, "金融": 1, "系统": 1, "美元": 1, "交易": 2, "人和": 1, "商业": 3, "往来": 1, "外国人": 1, "发生": 1, "二级": 1, "美国商务部": 1, "长罗斯": 1, "指出": 1, "敦促": 1, "供应商": 1, "转移": 1, "逃避": 1, "这是": 2, "鼓励": 1, "违法": 1, "力度": 1, "杀伤性": 1, "财政部": 1, "官网": 1, "长": 1, "1346": 1, "页": 1, "上榜": 1, "有史以来": 1, "规模": 1, "难以": 1, "估量": 1, "深重": 1, "做好": 1, "#漫": 1, "漫姐": 1, "陈漫ChenMan": 1, "掌镜": 1, "TFBOYS": 3, "千玺x": 1, "广告": 1, "大片": 1, "行事": 1, "理直气壮": 1, "有人": 3, "说理": 1, "个理": 1, "口气": 1, "柔和": 1, "关注": 3, "解释": 3, "友商": 1, "敌对": 1, "分子": 1, "吃": 1, "血": 1, "馒头": 1, "挑": 1, "刺": 1, "接受": 1, "都会": 1, "曲解": 1, "挑刺": 1, "攻击点": 1, "想来": 1, "搞大": 1, "心平气和": 1, "之间": 2, "就算": 1, "网上": 1, "舆情": 1, "汹涌": 1, "大学": 1, "毕业生": 1, "收到": 1, "份": 1, "网易": 2, "OFFER": 1, "拒绝": 1, "难": 1, "#​": 1, "余承东": 1, "竟然": 1, "阴谋论": 1, "文章": 2, "花": 1, "几百亿": 1, "黑": 1, "幕后": 1, "黑手": 1, "+": 2, "竞品": 1, "粗人": 1, "才": 2, "想到": 1, "堂堂": 1, "…": 1, "刁民": 1, "害朕": 1, "董明珠": 2, "谈华": 2, "标杆": 3, "制造业": 2, "永远": 2, "迷茫": 3, "格力": 1, "电器": 1, "董事长": 1, "近日": 1, "老大": 1, "领先者": 1, "联播L": 1, "联播": 1, "视频": 4, "金": 1, "南": 1, "教授": 1, "最新": 1, "讲座": 1, "关系": 1, "社交": 1, "L寰": 1, "亚SYHP": 1, "包": 1, "大屏": 2, "3788": 1, "平方米": 1, "好看": 1, "冷静": 1, "热情": 1, "L火羊宝": 1, "冰淇淋": 1, "毛病": 1, "惯": 1, "莫国": 1, "太平洋": 1, "警察": 1, "央视": 1, "主播": 1, "政客": 1, "病": 1, "轻": 1, "若战": 1, "便战": 1, "指手画脚": 1, "得道多助失道寡助": 1, "维权": 1, "走着瞧": 1, "反恐": 1, "涉疆": 1, "法案": 1, "LXjj_无争": 1, "才能": 1, "别人": 3, "没用": 3, "陷入": 1, "风波": 1, "当日": 1, "下午": 2, "电话": 1, "对话": 1, "浙江": 1, "外界": 1, "质疑": 1, "威胁": 1, "主管": 1, "刻意": 1, "录音": 1, "否认": 1, "截至": 1, "当面": 1, "见任": 1, "香港": 5, "事务": 2, "不容": 2, "外国": 2, "干涉": 2, "国际": 1, "资讯": 1, "快报": 1, "#1": 1, "意大利": 1, "国会": 2, "决议": 1, "港府": 1, "调查": 2, "港警": 2, "滥用": 1, "武力": 1, "北约": 1, "联合": 1, "声明": 1, "崛起": 1, "带来": 1, "挑战": 1, "3": 1, "港独": 1, "蟑螂": 1, "连署": 1, "剑桥": 1, "撤林": 1, "郑": 1, "荣誉": 1, "院士": 1, "头衔": 2, "4": 1, "澳洲": 1, "搞事": 1, "5": 1, "英国": 1, "议员": 1, "女皇": 1, "皇家": 1, "6": 1, "烤": 1, "黄瓜": 1, "百": 1, "市民": 1, "赴": 1, "美领馆": 1, "狐狸尾巴": 1, "终于": 1, "露": 1, "借着": 1, "炒作": 1, "内地": 3, "推行": 2, "保释": 2, "制度": 2, "公知粉": 1, "打砸抢": 2, "坏事": 1, "抓": 2, "忽悠": 1, "粉们": 1, "肆无忌惮": 1, "！！！​": 1, "意料": 1, "之中": 1, "牵扯": 1, "秘密": 2, "刑事": 1, "涉及": 1, "当中": 1, "认罪": 1, "赔偿金": 1, "国内": 1, "攻击": 2, "这次": 1, "形势": 1, "简单": 1, "纠纷": 1, "……": 1, "喜欢": 1, "线索": 1, "串": 1, "joshuawong": 1, "唯一": 1, "适应者": 2, "知乎": 1, "账号": 1, "东西": 1, "值得": 1, "挖": 1, "微博号": 1, "拨": 1, "心弦": 1, "发出": 1, "拟": 1, "事件": 1, "深圳市": 1, "南山区": 1, "公安": 1, "分局": 1, "递交": 1, "......": 1, "申请": 1, "社区": 1, "条": 1, "香水巷": 1, "一模一样": 1, "冲锋": 1, "配合": 1, "报": 1}