{"耀": 10, "蜜语": 10, "甜颜": 4, "想要": 1, "一个": 4, "@": 9, "华为": 51, "手机": 20, "VOGUE": 2, "服饰": 2, "美容​": 2, "明眸": 1, "璀璨": 1, "如糖": 1, "情人节": 6, "王子异": 4, "绽放": 2, "异": 2, "彩光": 1, "芒": 1, "nova4": 9, "​": 19, "快": 1, "携手": 1, "彩光芒": 1, "！": 17, "​​": 3, "": 2, "王": 4, "子异": 4, "猪蹄子": 1, "回家": 1, "过年": 1, "陪": 1, "喽": 1, "~": 1, "甜言蜜语": 1, "听": 2, "；": 3, "酷炫": 1, "日常": 2, "分享": 1, "2019年": 1, "普天下": 1, "喜": 1, "收获": 1, "同款": 3, "男友": 1, "爆款": 1, "nova星人": 1, "vlog": 1, "nova": 1, "代言人": 1, "真帅": 1, "想": 1, "崽": 1, "期待": 2, "崽崽": 1, "第二": 1, "vlog": 1, "易烊": 1, "千玺​": 1, "时而": 2, "酷炫夺目": 1, "柔情似水": 1, "耀眼": 2, "不止": 1, "小心机": 1, "——": 2, "星耀版": 5, "·": 4, "红": 3, "米奇": 1, "比心": 1, "]​": 1, "ISEE": 1, "收": 1, "波": 1, "2019": 2, "壁纸": 1, "！！": 1, "辑": 1, "红硬照": 1, "真的": 1, "闪闪": 1, "发光": 1, "诶": 1, "开工": 3, "第一": 4, "套": 1, "都": 7, "不住": 1, "手手": 1, "坐": 1, "JR": 1, "登别": 1, "下午": 1, "逛": 1, "美的": 1, "地方": 1, "冬天": 1, "伊达": 1, "时代村": 1, "江户": 1, "时代": 1, "feel": 1, "忍者": 1, "表演": 1, "很": 1, "开心": 1, "带": 4, "相机": 1, "拍": 3, "居然": 1, "古": 1, "建筑": 1, "拍摄": 1, "模式": 2, "厉害": 1, "北海道": 1, "IDC": 5, "：": 17, "苹果": 17, "第四": 5, "季度": 7, "中国": 21, "出货量": 11, "骤降": 3, "20%": 6, "市场": 13, "萎缩": 2, "报告": 2, "智能": 5, "排名": 5, "份额": 8, "11.5%": 2, "领先于": 1, "小米": 5, "整体": 1, "去年": 11, "12月": 1, "下滑": 1, "9.7%": 1, "1.03亿": 1, "跳增": 2, "23.3%": 2, "独占鳌头": 1, "29%": 2, "Oppo": 2, "Vivo": 2, "19.6%": 2, "18.8%": 2, "OIDC": 1, "王子": 3, "异过": 1, "安排": 1, "意见": 1, "暖心boy": 1, "柔情蜜意": 1, "甜": 1, "帅气": 1, "怦怦怦": 1, "心动": 1, "声音": 1, "红情人节": 1, "浪漫": 1, "宣传照": 1, "神仙": 1, "颜值": 1, "翩翩": 1, "少年": 1, "恋爱": 1, "季": 1, "TA": 2, "邂逅": 2, "真爱": 1, "爱": 1, "升温": 1, "芯片": 16, "采购": 7, "支出": 9, "剧增": 4, "45%": 7, "全球": 15, "第三": 9, "买家": 10, "Gartner": 3, "最新": 1, "数据": 5, "显示": 3, "半导体": 3, "增加": 4, "超": 2, "210亿": 5, "美元": 5, "超过": 5, "戴尔": 2, "位居": 2, "三星": 4, "企业": 2, "联想": 2, "、": 11, "步步高": 2, "跻身": 2, "十大": 2, "采购商": 2, "O华": 3, "创事": 1, "记": 1, "昂贵": 2, "吞下": 2, "后悔药": 2, "国产": 2, "慌": 2, "此前": 1, "提价": 1, "iPhoneXR": 1, "5K-6K": 1, "空间": 2, "留给": 1, "OPPO": 2, "一加": 1, "竞相": 1, "争夺": 1, "XS": 1, "Mate20Pro": 1, "8K": 1, "档": 1, "捡": 1, "便宜": 1, "回": 1, "神": 1, "低头": 1, "认错": 1, "iPhone": 2, "大幅": 2, "降价": 1, "销量": 1, "来讲": 1, "机会": 1, "失不再来": 1, "歪道道O": 1, "异🌟": 1, "•": 1, "💙": 1, "异​": 1, "港媒": 1, "美": 3, "施压": 3, "盟友": 3, "封堵": 3, "冷落": 2, "德意英": 2, "拒绝": 2, "追随": 2, "香港": 1, "亚洲": 1, "时报": 1, "网站": 1, "特朗普": 1, "政府": 1, "打压": 1, "公司": 4, "之际": 2, "美国": 6, "官员": 1, "努力": 1, "欧洲": 3, "奏效": 1, "德国": 1, "意大利": 1, "英国": 1, "近日": 2, "发出": 1, "信号": 1, "禁用": 1, "设备": 2, "O港媒": 1, "晚安": 1, "假期": 1, "结束": 1, "据说": 1, "启动": 1, "仪式": 2, "才能": 1, "活": 1, "喜欢": 2, "歌曲": 1, "穿上": 1, "炫目": 1, "衣服": 1, "顿": 1, "丰盛": 1, "早餐": 1, "……": 1, "转评": 1, "独特": 1, "小云": 1, "抽": 1, "送出": 1, "耳机": 1, "研究": 2, "占据": 1, "4.4%": 1, "占": 1, "9.1%": 1, "8.8%": 1, "展示": 1, "未来": 2, "科技": 2, "手表": 3, "AR眼镜": 3, "曝光": 1, "AR": 4, "增强": 1, "现实": 3, "Augmented": 1, "Reality": 1, "简称": 1, "区别": 1, "VR": 1, "虚拟": 3, "称之为": 1, "混合": 1, "电脑": 1, "技术": 1, "信息": 1, "真实": 2, "世界": 2, "环境": 1, "物体": 1, "实时": 1, "叠加": 1, "同一个": 1, "画面": 1, "参考图3": 1, "—": 2, "图9": 1, "产品": 1, "场景": 1, "专利": 1, "知识": 1, "产权": 1, "组织": 1, "数据库": 1, "公布": 1, "眼镜": 2, "本身": 1, "摄像头": 1, "监视器": 1, "麦克风": 1, "嵌入": 1, "一块": 1, "配对": 1, "多功能": 1, "内容": 1, "用户": 2, "眼中": 1, "图1": 1, "图2": 1, "外媒": 1, "预计": 1, "今年底": 1, "明年初": 1, "上市": 1, "感觉": 1, "数码": 1, "刚": 1, "爸妈": 1, "以色列": 1, "玩": 1, "照片": 2, "这次": 1, "Mate10Fat": 1, "OPPOR17": 1, "旗舰": 1, "震惊": 1, "拍照": 2, "中老年人": 1, "太": 1, "友好": 2, "尤其是": 1, "AI": 1, "自动": 3, "识别": 2, "人脸": 1, "打开": 1, "人像": 1, "背景": 1, "虚化": 1, "不用": 2, "选择": 3, "萌娃": 3, "摔烂": 1, "妈妈": 3, "承诺": 1, "赔到": 1, "2039年": 2, "网友": 2, "爆": 1, "春节": 1, "摔": 1, "烂": 1, "iPhoneXSMax": 1, "台": 3, "无声": 1, "协商": 1, "1月": 1, "31日": 1, "赔付": 1, "新款": 1, "争议": 1, "民事": 1, "能力": 2, "约定书": 2, "无效": 1, "另当别论": 1, "从小": 1, "树立": 1, "损坏": 1, "别人": 1, "东西": 1, "赔偿": 1, "意识": 1, "小朋友": 1, "应有": 1, "教育": 1, "5G": 2, "荣耀": 1, "vivo": 2, "牌子": 1, "详情": 1, "发布": 3, "头条": 1, "文章": 1, "李洪波": 1, "航天": 4, "经历": 2, "苦难": 2, "20年": 1, "颁发": 1, "禁令": 2, "航天不得": 1, "发射": 1, "零件": 1, "航天器": 1, "意图": 1, "封死": 1, "生路": 1, "强大": 1, "标准": 1, "奶酪": 1, "势头": 1, "减": 1, "做好": 1, "出任": 1, "绝活": 1, "O李洪波": 1, "使团": 3, "发言人": 3, "驳斥": 3, "欧盟": 3, "总部": 2, "250": 2, "间谍": 3, "捕风捉影": 3, "驻": 1, "昨天": 1, "传闻": 1, "敦促": 1, "公正": 1, "看待": 1, "中欧": 1, "关系": 2, "受访": 1, "学者": 1, "指控": 1, "近期": 1, "恶化": 1, "影响": 1, "风波": 1, "发酵": 1, "国家": 1, "担心": 1, "联盟": 1, "体系": 1, "O": 1, "返工": 1, "路上": 1, "长路": 1, "漫漫": 1, "续航": 2, "忧伤": 1, "Mate20": 2, "Pro": 1, "拥有": 1, "4200": 1, "mAh": 1, "容量": 1, "电池": 1, "强劲": 1, "持久": 1, "超长": 1, "路途": 1, "乐趣": 1, "L华": 2, "官方": 1, "秒拍": 2, "视频": 2, "四季度": 2, "华": 4, "首位": 1, "摆脱": 1, "束缚": 1, "轻松": 1, "跑出": 1, "名": 2, "玩机": 1, "技巧": 1, "朋友圈": 1, "每日": 1, "计步": 2, "排行榜": 1, "系列": 3, "精准": 1, "黑科技": 1, "上班": 1, "抖腿": 1, "健身": 1, "配": 1, "装备": 1, "轻装": 1, "上阵": 1, "稳": 1, "EMUI": 1, "暴": 1, "iPhone四": 1, "暴跌": 3, "OiPhone四": 1, "2成": 1, "崛起": 1, "知名": 1, "机构": 1, "国际": 1, "2月": 1, "11日": 1, "称": 1, "2018年": 1, "估计": 1, "同比": 2, "下降": 1, "彭博社": 1, "报道": 1, "指出": 1, "全世界": 1, "竞技场": 1, "面临": 1, "本土": 1, "竞争": 1, "对手": 1, "挑战": 1, "跳水": 1, "凸显": 1, "这家": 1, "制造商": 1, "撤退": 1, "规模": 1, "增涨": 1, "23%": 1, "1.": 1, "30.0": 1, "(": 1, "单位": 1, "百万": 1, ")": 1, "2.OPPO": 1, "20.33": 1, ".": 3, "19.44": 1, "11.85": 1, "10.3": 1, "为啥": 1, "买": 1, "不少": 1, "关注": 1, "件": 1, "即将": 1, "S10": 1, "P30": 1}