{"华为": 42, "30pro": 2, "真的": 5, "动心": 1, "！": 14, "懒得": 1, "手机": 11, "买": 3, "送": 2, "手": 1, "瘾好": 1, "顶": 1, "配": 1, "30pro8+": 1, "512G": 1, "拿来": 1, "追星": 1, "演唱会": 1, "拍": 23, "月亮": 28, "银河": 1, "转➕关": 1, "买好": 1, "开​": 1, "爱否": 7, "质疑": 5, "造假": 5, "iPhoneX": 1, "照相机": 1, "斗图": 1, "​": 16, "50": 2, "变焦": 1, "屎": 1, "油": 1, "kol野": 1, "鸡号": 1, "跪舔": 1, "尬吹": 1, "事实": 2, "垃圾": 1, "图1": 1, "10x": 1, "手动": 1, "放大": 1, "屏幕": 4, "截图": 4, "x原图": 1, "反而": 1, "10": 2, "清晰": 1, "画质": 1, "战狼": 2, "嘴脸": 1, "呵呵": 1, "P30": 5, "4": 2, "5": 2, "50x": 1, "P30Pro": 7, "相机": 5, "P图": 5, "知名人士": 1, "麦兜": 1, "回应": 3, "很": 1, "火": 3, "到底": 3, "AI算法": 4, "环形山": 1, "细节": 10, "硬P": 1, "太": 3, "严谨": 1, "测试": 2, "找到": 1, "答案": 1, "L捌月": 1, "玖日": 1, "未央": 1, "视频": 16, "简单": 2, "p图": 2, "都": 7, "热议": 1, "立刻": 1, "找出": 1, "对着": 2, "电脑": 1, "顿": 1, "拍摄": 7, "目的": 2, "想": 1, "：": 8, "样式": 1, "替换": 1, "算法": 7, "修正": 3, "轮": 1, "结论": 1, "图片": 4, "确实": 2, "找": 2, "图p": 1, "合成": 2, "点开": 1, "刀": 1, "未": 1, "剪": 1, "激动": 1, "吐槽": 1, "作假": 1, "Maidou": 1, "老师": 1, "解释": 2, "大概": 1, "理解": 1, "肯定": 2, "后期": 1, "好看": 2, "接下来": 1, "环节": 1, "讨论": 1, "接受": 2, "AI": 1, "场景": 1, "识别": 2, "蓝": 1, "草": 1, "绿": 1, "希望": 1, "评论": 1, "理性": 1, "探讨": 1, "撕逼": 1, "L钟文泽": 1, "小白": 1, "不直观": 1, "原图": 3, "第一": 1, "高斯": 1, "模糊": 1, "第二": 1, "小部分": 2, "区域": 2, "弱化": 1, "第三": 1, "丢失": 2, "第四": 1, "增加": 1, "触发": 1, "ai月亮": 1, "模式": 3, "营销": 1, "解答": 1, "疑问": 1, "问倒": 1, "伟哥": 4, "算": 2, "赢": 1, "今晚": 1, "7点": 1, "考研": 2, "专场": 1, "问答": 1, "脱口秀": 1, "专治": 1, "相关": 1, "疑难杂症": 1, "在线": 1, "直播": 1, "答疑": 2, "📣": 1, "热线": 1, "打电话": 1, "📣但": 1, "凡伟": 1, "哥答": 1, "📣限": 1, "免费": 1, "预约O": 1, "网页": 2, "链接": 2, "雷军": 13, "研发": 19, "费用": 8, "小米": 10, "投入": 7, "35亿": 7, "天文": 6, "数字": 6, "2018年": 3, "4月": 3, "25日": 2, "段": 3, "采访": 3, "本质": 2, "微软": 2, "落": 2, "帝国": 2, "创新": 2, "公司": 2, "干": 2, "同意": 3, "费用率": 3, "持续": 3, "高于": 3, "10%": 3, "说法": 3, "懂": 4, "当年": 4, "乔布斯": 2, "对此": 2, "嗤之以鼻": 2, "苹果": 2, "投2%": 2, "别人": 2, "效率": 2, "低": 2, "6月": 2, "21日": 2, "香港": 2, "上市": 2, "投资者": 2, "推介会": 2, "创业": 3, "7": 3, "@": 3, "老板": 3, "联播L": 1, "联播": 3, "秒拍": 5, "仔细": 1, "石锤": 1, "无非": 1, "照片": 4, "脸": 1, "曝光": 1, "一闪而过": 1, "3": 1, "2原图": 1, "这不": 1, "证明": 1, "取景": 3, "框": 1, "不符": 1, "参考": 1, "超级": 1, "夜景": 3, "景框": 1, "全黑": 1, "如同": 1, "白天": 1, "逻辑": 1, "后台": 1, "ISP": 1, "拍照": 2, "成像": 3, "原理": 2, "无知": 1, "拙劣": 1, "评测": 2, "确保": 1, "客观": 1, "第三方": 1, "→O": 1, "数码": 1, "刚刚": 1, "拍到": 4, "蜂鸟": 1, "米": 1, "尼": 1, "加​": 1, "随手": 1, "手持": 1, "好用": 1, "Pro": 2, "究竟": 1, "终结": 1, "流言": 1, "路灯": 1, "证": 1, "L史小千": 1, "魏布斯": 1, "看热闹": 1, "嫌": 1, "系列": 2, "科技": 4, "王编辑": 1, "30pro拍": 1, "员工": 1, "否认": 1, "直观": 1, "意义": 1, "美颜": 1, "差不多": 1, "才能": 2, "底子": 1, "优化": 1, "东西": 1, "最终": 1, "出片": 1, "才": 1, "王": 1, "编辑": 1, "字": 1, "貌似": 1, "过激": 1, "学": 1, "知识": 1, "一个": 3, "入门": 1, "放弃": 1, "过程": 1, "道理": 1, "一等奖": 1, "听到": 1, "谣言": 2, "传成": 1, "iPhone": 1, "…": 1, "可怕": 1, "……": 1, "机构": 1, "技术": 1, "大佬": 1, "搞事": 1, "粉条": 1, "…​": 1, "回答": 1, "夏天": 1, "快": 1, "戴": 1, "款": 1, "WatchGT": 1, "游泳": 1, "泳池": 1, "靓": 1, "仔": 1, "_____": 1, "终于": 1, "粉头": 1, "Pro拍": 1, "微距": 1, "挑战": 1, "时尚": 3, "艺术": 5, "未来": 3, "影像": 3, "触手可及": 1, "首次": 1, "打造": 1, "大秀": 1, "夜": 1, "、": 2, "跨界": 1, "狂欢": 1, "众多": 1, "大咖": 1, "共话": 1, "戳图": 1, "感受": 1, "现场": 1, "L": 2, "天文数字": 1, "L老板": 1, "详情": 1, "O雷军": 1, "厂商": 1, "PPT": 2, "眼镜": 1, "敦煌": 2, "研究院": 1, "特许": 1, "有幸": 1, "光线": 1, "极为": 1, "昏暗": 1, "闪光灯": 1, "世界": 1, "现存": 1, "规模": 1, "保存": 1, "完整": 1, "佛教": 1, "宝库": 1, "莫高窟": 1, "HUAWEIP": 1, "30": 2, "窟内": 1, "雕像": 1, "壁画": 1, "OHUAWEIP": 1, "揭开": 1, "大漠": 1, "古城": 1, "神秘": 1, "面纱​": 1, "有人": 1, "P30PRO": 3, "黑华": 1, "去年": 1, "mate20pro": 2, "轻松": 2, "P30pro": 1, "只能": 1, "P": 1, "正好": 1, "买到": 1, "晚上": 1, "9": 1, "实录": 2, "AI关": 1, "全程": 1, "字幕": 1, "对比": 1, "圣斗士": 1}