{"投票": 2, "：": 29, "华为": 57, "拍": 16, "月亮": 39, "申请": 13, "专利": 21, "近日": 8, "国家": 14, "知识": 6, "产权局": 6, "公布": 5, "项": 6, "名": 6, "拍摄": 18, "方法": 11, "电子": 7, "设备": 7, "模式": 5, "非专业": 3, "用户": 3, "过程": 2, "轮廓": 5, "清晰": 6, "、": 41, "晶莹": 3, "美丽": 3, "​": 17, "首批": 15, "8": 9, "款": 40, "5G": 56, "手机": 60, "3": 33, "C": 32, "认证": 47, "接受": 9, "价位": 8, "7月": 3, "16日": 2, "每日": 2, "经济": 2, "新闻": 3, "记者": 7, "中国": 26, "质量": 8, "中心": 8, "官网": 8, "查询": 2, "7": 6, "4": 15, "一加": 10, "中兴": 13, "vivo": 11, "OPPO": 12, "内部": 4, "人士": 3, "透露": 3, "3C": 5, "未": 5, "公开": 3, "即将": 1, "上市": 6, "价格": 1, "显示": 9, "高清": 1, "预览": 4, "界面": 4, "自动": 6, "识别": 5, "焦": 3, "图像": 3, "占": 7, "1": 5, "据悉": 2, "一共": 2, "三": 5, "入网": 2, "许可证": 3, "无委": 2, "核准证": 2, "证": 3, "独立": 2, "缺一不可": 2, "证书": 2, "意味着": 3, "开卖": 2, "O": 1, "小米": 3, "nova": 2, "夜色": 2, "自拍": 2, "大赛": 2, "第一": 3, "想起": 1, "上海": 1, "凌空": 1, "金鱼展": 1, "特意": 1, "晚上": 1, "窗外": 1, "浦东": 1, "金鱼": 2, "相互": 1, "映衬": 1, "闪闪": 1, "发亮": 1, "刚": 3, "拥有": 2, "nova4": 1, "感受": 1, "夜景": 1, "强大": 1, "原图": 1, "看清": 1, "纹路": 1, "可惜": 1, "那天": 1, "补": 1, "央美": 1, "雷安德罗展": 1, "自拍照": 1, "隔": 1, "一个": 2, "玻璃": 1, "水面": 1, "泳池": 1, "麻麻": 1, "合影": 1, "再次": 1, "感谢": 2, "小烊": 1, "种草": 1, "系列": 1, "拍照": 4, "很": 1, "快乐": 1, "外交部": 7, "美": 12, "打压": 8, "企业": 12, "损害": 6, "利益": 5, "美国": 14, "参众两院": 3, "议员": 7, "提出": 5, "法案": 3, "发言人": 5, "耿爽": 4, "固守": 3, "冷战": 3, "零": 3, "思维": 3, "长期": 3, "戴": 4, "有色": 3, "眼镜": 4, "看待": 3, "涉华": 4, "消极": 3, "议案": 4, "遏制": 3, "发展": 4, "破坏": 4, "关系": 3, "险恶": 3, "用心": 3, "暴露无遗": 3, "动用": 3, "力量": 3, "无端": 3, "制裁": 5, "形象": 3, "停止": 4, "央视": 4, "朱若梦": 2, "L": 3, "秒拍": 4, "视频": 8, "名叫": 1, "申请号": 1, "201910134047.X": 1, "时间": 1, "2月": 1, "22日": 1, "30pro": 2, "@": 5, "晓满": 1, "L晓满晓": 1, "满晓": 1, "！": 12, "期待": 1, "到来": 1, "品牌": 2, "厉害": 1, "→O": 1, "网页": 1, "链接": 1, "送": 3, "任选": 1, "感兴趣": 1, "参加": 1, "L实": 2, "星闻": 2, "发布": 1, "推进": 1, "芯片": 1, "网络": 1, "测试": 1, "像素": 2, "越来越": 1, "座": 2, "机像素": 1, "推荐": 1, "mate20Pro": 1, "效果": 1, "前置": 1, "棒": 1, "……": 1, "录像": 1, "牛": 2, "电影": 1, "金立": 2, "出事": 1, "刘涛": 2, "金立M": 1, "合约期": 2, "一日": 1, "2018年": 3, "11月": 1, "25日": 1, "到期": 1, "iPhone": 1, "换成": 1, "P30Pro": 1, "薛之谦": 1, "都": 7, "金立M7": 1, "破产": 1, "尾巴": 1, "佩服": 1, "朋友": 1, "连声": 1, "太": 1, "骚": 1, "晶体管": 1, "收音机": 1, "感觉": 3, "余承东": 1, "算": 2, "拍出": 1, "银河": 1, "网站": 1, "步骤": 1, "成功": 1, "任正非": 1, "解读": 1, "数学": 3, "老板": 2, "联播L": 1, "联播": 1, "观学院": 1, "飞象网": 1, "立刚": 1, "打倒": 1, "高通": 1, "台积电": 1, "傻": 1, "头脑": 1, "郭台铭": 1, "替代": 1, "富士康": 2, "玩": 1, "L微": 1, "丢": 1, "拿到": 2, "接下来": 1, "陆续": 1, "阶段": 1, "新闻O": 1, "提交": 2, "无理": 3, "办公室": 2, "消息": 1, "17日": 1, "例行": 1, "记者会": 1, "实施": 1, "措施": 1, "包括": 1, "未经": 1, "批准": 1, "商务部": 1, "移出": 1, "出口": 1, "管制": 1, "实体": 1, "清单": 1, "中方": 2, "对此": 1, "回应": 1, "美方": 5, "严正": 1, "立场": 1, "全球": 2, "产业链": 1, "供应链": 1, "世界": 1, "各国": 1, "反对": 1, "抵制": 1, "经贸": 2, "合作": 2, "互利": 1, "共赢": 1, "特朗普": 2, "总统": 1, "大阪": 1, "习近平": 1, "主席": 1, "会晤": 1, "公司": 1, "供货": 1, "兑现": 2, "承诺": 2, "事关": 1, "信誉": 1, "公信力": 1, "国际": 2, "社会": 2, "眼里": 1, "希望": 1, "公平": 1, "公正": 1, "歧视": 1, "方式": 1, "对待": 1, "有利于": 1, "健康": 1, "稳定": 1, "事情": 1, "设置": 1, "障碍": 1, "外交": 1, "相约": 1, "蓝厅": 1, "马云": 1, "谈": 1, "素质": 3, "教育": 3, "长出": 1, "一口气": 1, "贸易战": 2, "本来": 1, "教育部": 2, "激进": 1, "猛": 1, "搞": 1, "禁奥数": 1, "禁补课": 1, "降低": 2, "数理化": 2, "难度": 2, "语文": 1, "考试": 1, "成绩": 2, "奥数": 1, "竞赛": 1, "退步": 1, "忽然": 1, "发动": 1, "禁": 2, "一举": 1, "解决": 1, "争议": 1, "2019年": 3, "高考题": 1, "增加": 1, "学好": 1, "走遍": 1, "天下": 1, "老话": 1, "再度": 1, "流传": 2, "理解": 1, "悄悄": 1, "转身": 1, "调门": 1, "昨天": 1, "IMO": 1, "奥赛": 1, "试题": 1, "社区": 1, "第二": 2, "考完": 1, "关注度": 1, "有木有": 1, "高考": 1, "逼货": 1, "右图": 1, "题目": 1, "搞出": 1, "央视网": 1, "O首": 1, "装": 1, "13一": 1, "活": 1, "好好": 1, "挂": 1, "断供华": 1, "伟创力": 11, "长沙": 11, "工厂": 7, "停产": 4, "财新网": 1, "报道": 1, "称": 1, "3月": 1, "期": 2, "项目": 2, "生产": 1, "遭遇": 1, "困顿": 1, "5月": 1, "原因": 1, "禁令": 1, "影响": 1, "产能": 1, "资料": 1, "1969年": 1, "成立": 1, "硅谷": 1, "1987年": 1, "仅次于": 1, "产品": 1, "代工": 1, "30多": 1, "100多": 1, "员工": 1, "20万": 1, "珠海": 1, "深圳": 1, "苏州": 1, "设有": 1, "长沙厂": 1, "才": 1, "刚刚": 1, "投建": 1, "吸引": 1, "入驻": 1, "市政府": 2, "开出": 1, "优厚": 1, "条件": 1, "望城经": 1, "开区": 1, "管委会": 1, "工作": 1, "人员": 2, "告诉": 1, "财新": 1, "厂房": 2, "建设": 1, "免除": 1, "五": 1, "租金": 1, "提供": 1, "供华": 1, "比亚迪": 1, "接手": 1, "工仔": 2, "福利": 2, "！！": 1, "1903年": 1, "一路": 1, "走来": 1, "校园": 1, "条": 2, "承载": 1, "脚步": 1, "厚德道": 1, "元光道": 1, "承孝路": 1, "博学道": 1, "追寻": 1, "小小": 1, "幸福": 1, "携手": 1, "华为云": 1, "走": 1, "火": 1, "校道": 1, "Hebuters": 1, "猜猜": 1, "走向": 1, "关注": 1, "河北": 1, "工业": 1, "大学": 1, "转发": 1, "评论": 1, "留下": 1, "走过": 1, "次数": 1, "最多": 1, "道路": 1, "～": 1, "O7月": 1, "20日": 1, "晚": 1, "7点": 1, "抽出": 1, "幸运儿": 1, "京东": 1, "100": 1, "元": 1, "门槛": 1, "购物卡": 1, "O抽奖": 1, "详情": 1, "听说": 1, "配上": 1, "张杰": 1, "歌好": 1, "想": 1, "买": 2, "那种": 1, "5": 1, "厂商": 1, "6": 1, "终端": 1, "进网": 1, "机型": 1, "MateX5G": 1, "折": 1, "叠屏": 1, "&": 1, "Mate20X5G": 1, "版": 5, "支持": 1, "55": 1, "W快充": 1, "40W快充": 1, "天机": 1, "Axon": 1, "10": 1, "Pro5G": 1, "iQOO5G": 1, "44": 1, "W快": 3, "4一": 1, "7Pro5G": 1, "30": 1, "5O": 1, "PPO": 1, "Reno5G": 1, "三星": 1, "暂": 1, "瞅见": 1, "估计": 1, "快": 1, "～至于": 1, "魅族": 1, "...": 1, "明年": 1, "Q2": 1, "再见": 1}