{"任正非": 5, "：": 32, "感谢": 2, "特朗普": 5, "吓唬": 3, "公司": 10, "都": 5, "努力": 2, "工作": 2, "华为": 79, "心声": 1, "社区": 1, "24日": 1, "公布": 2, "接受": 1, "北欧": 1, "媒体": 1, "采访": 2, "纪要": 1, "问及": 1, "很": 4, "经历": 1, "三十": 1, "绝大多数": 1, "员工": 1, "富裕": 1, "富裕病": 1, "惰怠": 1, "、": 29, "享受": 1, "安逸": 1, "棒子": 2, "厉害": 1, "真真实实": 1, "L燃": 1, "新闻": 2, "秒拍": 3, "视频": 14, "@": 8, "燃新闻": 1, "国际": 2, "熊猫日": 1, "送上": 1, "团子": 1, "照片": 1, "太": 2, "美好": 1, "！": 15, "转评": 2, "本条": 1, "说出": 1, "爱": 1, "滚滚": 1, "一个": 9, "理由": 2, "月底": 1, "选出": 1, "3": 2, "幸运": 1, "守护者": 1, "送出": 1, "充电宝": 1, "台": 3, "快": 2, "参与": 7, "终端": 6, "官方": 2, "​O": 1, "抽奖": 1, "详情": 2, "​": 14, "总裁": 2, "公开": 1, "段": 3, "婚姻": 1, "子女们": 1, "优秀": 2, "第一": 7, "孟军": 1, "女儿": 2, "孟晚舟": 1, "现任": 1, "副董事长": 1, "CFO": 1, "中国": 13, "杰出": 1, "商界": 1, "女性": 1, "儿子": 1, "平现": 1, "下属": 1, "慧通": 1, "董事长": 1, "第二": 3, "姚凌": 1, "姚安娜": 1, "人称": 1, "公主": 1, "现年": 1, "21": 1, "岁": 1, "就读于": 1, "哈佛": 1, "大学": 1, "参加": 2, "巴黎": 1, "顶尖": 1, "名媛舞": 1, "人生": 1, "赢家": 1, "重磅": 2, "消息": 11, "我国": 2, "5G": 32, "进网": 7, "许可证": 7, "近日": 3, "工业": 3, "信息化": 2, "颁发": 2, "无线电": 2, "通信": 4, "设备": 8, "率先": 2, "基站": 6, "标志": 2, "支持": 2, "规模": 3, "部署": 2, "正式": 4, "接入": 3, "公用": 2, "电信": 7, "商用": 3, "网络": 11, "国内": 2, "早日": 1, "场景": 1, "覆盖": 1, "容量": 1, "提升": 3, "需求": 1, "用户": 3, "带来": 1, "极致": 1, "超高清": 1, "AR/VR": 1, "业务": 3, "体验": 2, "迄今为止": 1, "拿下": 1, "65": 1, "份": 1, "全球": 3, "商业": 1, "合约": 1, "32": 1, "欧洲": 1, "11": 1, "中东": 1, "10": 1, "亚太": 1, "7": 2, "美洲": 1, "1": 2, "非洲": 1, "出货": 1, "40万": 1, "O华": 2, "深圳": 1, "最新": 2, "城市": 1, "宣传片": 1, "腾讯": 1, "大疆": 1, "比亚迪": 1, "顺丰": 1, "大佬": 1, "出场": 1, "--虎扑帖ID": 1, "30139827L虎扑": 1, "步行街": 1, "英国": 27, "选": 4, "西方": 9, "玩砸": 4, "美国": 2, "总统": 1, "劝说": 1, "首相": 3, "鲍里斯·约翰逊": 2, "一度": 1, "进军": 1, "犹豫": 1, "最终": 2, "官员": 2, "承认": 1, "技术": 15, "不用": 1, "远远": 2, "甩": 3, "星期日": 4, "泰晤士报": 4, "27日": 2, "报道": 3, "约翰逊": 1, "批准": 1, "未来": 6, "这家": 1, "英媒": 1, "举动": 1, "或许": 1, "英": 1, "美": 1, "关系": 1, "裂痕": 1, "人士": 5, "透露": 3, "开发": 3, "国家": 3, "买": 4, "领域": 3, "发展": 5, "近乎": 2, "垄断": 2, "地位": 2, "事情": 2, "搞": 2, "砸": 2, "委员会": 1, "NSC": 1, "尚未": 1, "做出": 3, "白厅": 2, "预计": 2, "圣诞节": 1, "11月": 2, "建设": 1, "推迟": 1, "助力": 1, "5月": 1, "30日": 1, "6": 1, "城": 1, "地区": 1, "启动": 1, "服务": 5, "BBC": 1, "新闻网": 1, "闻讯": 1, "派出": 1, "记者团": 1, "抢先": 1, "直播": 1, "称": 4, "这是": 1, "历史性": 1, "一刻": 1, "O": 4, "发布": 3, "头条": 1, "文章": 1, "专注": 3, "主线": 3, "区块链": 12, "": 1, "财经": 1, "每日": 1, "必读": 1, "赚钱": 2, "季": 1, "周五": 1, "十一": 1, "+": 6, "区块": 1, "链+": 1, "养殖": 1, "板块": 4, "/": 1, "科技": 4, "分化": 1, "主板": 1, "放量": 1, "反弹": 2, "明日": 3, "预设": 1, "观察": 3, "成交量": 1, "放大": 1, "强势": 1, "股": 1, "接力": 1, "亏": 1, "钱": 1, "效应": 2, "减缓": 1, "鲁商": 1, "非科": 1, "创板": 1, "情绪": 1, "标杆": 1, "空间板": 1, "高度": 1, "6板": 1, "首板": 1, "数量": 1, "增加": 1, "周末": 1, "面利": 1, "即可": 2, "博弈": 1, "题材": 1, "龙头": 2, "核心": 1, "品种": 1, "办法": 1, "第一时间": 2, "买入": 1, "通道": 1, "党": 1, "优先": 1, "选择": 8, "人气": 1, "跟风": 1, "小弟": 1, "操作": 1, "感受": 4, "热度": 2, "红利": 1, "波": 3, "分歧": 1, "顺应": 1, "市场": 5, "骑上": 1, "坚定": 1, "持有": 1, "炒作": 1, "路径": 1, "参考": 1, "皮皮": 1, "写": 1, "雄安": 1, "科创": 1, "攻略": 1, "科创板": 1, "弱势": 1, "盘整": 1, "耐心": 1, "等待": 3, "恢复": 1, "微芯": 1, "生物": 1, "山石": 1, "网科": 1, "方邦": 1, "股份": 1, "南微": 1, "医学": 1, "沃尔德": 1, "铂力特": 1, "盘中": 1, "O专注": 1, "获颁": 2, "公众号": 1, "10月": 3, "25日": 1, "三大": 2, "运营商": 2, "开启": 1, "套餐": 3, "预约": 2, "超": 2, "千万": 1, "每月": 1, "免费": 1, "100G": 1, "流量": 2, "31日": 1, "价格": 1, "1日": 1, "执行": 1, "经济网": 1, "2019年": 1, "安卓": 2, "旗舰机": 1, "横评": 3, "Part": 1, "I": 1, "「": 1, "外观": 3, "屏幕": 2, "」": 1, "篇": 3, "年底": 1, "手机": 3, "战场": 1, "尘埃落定": 1, "盘点": 1, "这次": 2, "机型": 2, "三星": 1, "OPPO": 5, "VIVO": 1, "小米": 2, "六": 1, "品牌": 2, "个个": 1, "厂商": 1, "实力": 1, "当家": 1, "旗舰": 2, "本期": 1, "哈士": 1, "亓带": 1, "设计": 3, "分析": 1, "各家": 2, "表现": 3, "究竟": 2, "L": 2, "爱否": 1, "专题": 1, "PPT": 2, "云区": 2, "块链": 5, "报告": 12, "链接": 10, "讲座": 1, "工程": 2, "院士": 2, "陈纯": 2, "链上": 2, "链下": 2, "数据": 2, "协同": 2, "联盟链": 2, "方向": 2, "通俗": 1, "易懂": 1, "故事": 1, "告诉": 1, "O网页": 1, "高盛": 1, "79": 2, "页": 2, "完整": 3, "理论": 2, "实践": 2, "中文版": 2, "O高盛": 1, "毕": 1, "马威区": 2, "研究": 3, "共识": 2, "价值": 2, "互联": 2, "协议": 2, "O毕": 1, "麦肯锡": 1, "银行业": 2, "游戏": 3, "规则": 2, "颠覆者": 2, "影响": 4, "经典": 2, "O麦": 1, "肯锡": 1, "预备": 2, "跑道": 2, "枪响": 2, "O区": 1, "TED": 1, "到来": 3, "大数据": 2, "机器人": 2, "人工": 2, "智能": 7, "……": 2, "O对": 1, "授予": 1, "有限": 1, "权限": 2, "无中生有": 1, "网友": 1, "...": 1, "​​": 2, "坐车": 1, "好久": 2, "不见": 1, "高中": 1, "同学": 1, "聊": 2, "聊起": 1, "手上": 1, "Mate30Pro翡": 1, "冷翠": 1, "忘": 1, "旧": 1, "iPhone6sPlus": 1, "四": 1, "毛病": 1, "想": 2, "女生": 2, "Mate30Pro": 1, "好看": 1, "东西": 1, "带": 1, "指关节": 1, "截屏": 1, "Huawei": 1, "Share": 1, "手持": 1, "丝绢": 1, "流水": 1, "系列": 4, "功能": 1, "才": 1, "数码圈": 2, "趣事": 2, "专业": 1, "创新": 1, "经验": 1, "可靠": 1, "值得": 1, "信赖": 1, "时代": 1, "正当时": 1, "沃土": 1, "初创": 1, "企业": 1, "扶持": 1, "计划": 1, "云送": 1, "1-10万": 1, "券O": 1, "网页": 1, "创业邦": 1, "杂志": 1, "DigiX": 3, "数字": 3, "生活节": 3, "看完": 1, "Vlog": 1, "终于": 1, "马伯庸": 4, "老师": 3, "作品": 2, "细节": 1, "满满": 1, "扣人心弦": 1, "L华": 4, "拍摄": 2, "角度": 1, "不错": 3, "模特": 1, "支": 1, "阅读·DigiX": 1, "读书": 1, "马伯庸Vlog": 1, "新鲜": 1, "出炉": 1, "赶紧": 1, "戳": 1, "跟着": 1, "直击": 1, "活动": 1, "现场": 1, "小云": 1, "聊聊": 1, "喜欢": 1, "马": 1, "哪部": 1, "随机": 1, "抽": 1, "送": 1, "签名": 1, "书": 3, "长安": 2, "十二": 2, "时辰": 2, "华强": 1, "北air": 1, "pods": 1, "当场": 1, "去世": 1, "27W": 1, "无线": 1, "充电器": 1, "高端": 2, "气质": 1, "做工": 1, "细腻": 1, "越来越": 1, "想想": 1, "五六年": 1, "#趣": 1, "推荐": 2, "发": 1, "Mate305": 1, "G版": 1, "预售": 1, "搭载": 1, "麒麟9905": 1, "GSoC": 1, "优势": 2, "答案": 1, "首款": 1, "爆品": 1, "上市": 1, "L李杰灵": 1, "​​​": 1, "阿华": 1, "灵魂": 1, "外语": 1, "用时": 1, "方恨": 1, "学好": 1, "还好": 1, "技巧": 1, "蓝": 1, "绿": 1, "大厂": 1, "线下": 1, "打懵": 1, "主力": 1, "爆款": 1, "Reno": 3, "半年": 1, "时间": 2, "2999": 1, "元": 2, "降到": 1, "1799": 1, "跳水": 1, "幅度": 1, "简直": 1, "年初": 1, "节奏": 1, "P30": 1, "刚": 1, "正面": 1, "倍": 1, "焦版": 1, "PK": 1, "P30Pro": 1, "KOL们": 1, "传播": 1, "网上": 2, "挺": 1, "打崩": 1, "高地": 1, "下半年": 1, "索性": 1, "一大": 1, "性价比": 1, "机器": 1, "抢线": 1, "36": 1, "本来": 1, "规划": 2, "销量": 1, "1300万": 1, "500万": 1, "生产": 3, "停下": 1, "细微": 1, "动作": 1, "成败": 1, "平常": 1, "瞬间": 1, "激起": 1, "美丽": 1, "浪花": 1, "Mate30": 1, "Pro超": 1, "高速": 1, "摄影": 1, "见微知著": 1, "记录": 1, "奋发": 1, "精彩": 1, "金瀚": 1, "🕶️": 1, "戚薇": 2, "时尚": 1, "芭莎": 1, "秘密": 1, "物料": 1, "gm": 1, "联名": 1, "江夏": 1, "林星然": 1, "同款": 1, "配合": 1, "马亲王": 1, "功夫": 1, "阅读量": 1, "口味": 1, "刁钻": 1, "怀疑": 1, "错过": 1, "～Mark": 1, "台积电": 6, "5": 6, "nm": 4, "试产": 2, "首批": 1, "客户": 1, "苹果": 5, "在列": 1, "5nm": 6, "订单": 2, "份额": 2, "业内": 1, "情况": 1, "良率": 2, "接近": 1, "5成": 1, "月产": 1, "8万": 1, "早前": 1, "魏哲家": 1, "上周": 1, "法人": 1, "说明会": 1, "提及": 1, "制程": 2, "风险": 1, "阶段": 1, "原先": 1, "明年": 2, "上半年": 1, "量产": 2, "7nm": 1, "相较": 1, "芯片": 5, "密度": 1, "大幅": 1, "提高": 1, "80%": 1, "运算": 1, "速度": 1, "20%": 1, "m全": 1, "光罩": 1, "流片": 1, "费用": 2, "大概": 1, "3亿": 1, "人民币": 1, "包含": 1, "IP": 1, "授权": 1, "门槛": 1, "的确": 1, "观望": 1, "尝鲜": 2, "外媒": 1, "针对": 1, "iPhone": 1, "12": 1, "打造": 1, "全新": 1, "A14": 1, "处理器": 1, "采用": 1, "制造": 2, "工艺": 1, "9月底": 1, "顺利": 1, "送样": 1, "一家": 1, "期待": 1, "超过": 2, "此前": 1, "麒麟990": 1, "弃用": 1, "Cortex-A77": 1, "架构": 1, "A76": 1, "功耗": 1, "性能": 2, "之间": 1, "折中": 1, "余承东": 1, "麒麟": 1, "大幅度": 1, "体验店": 3, "货华": 1, "FreeBuds3": 1, "每家": 1, "内部": 1, "样机": 2, "托": 1, "朋友": 2, "简单": 1, "上手": 2, "质感": 1, "前代": 1, "差不多": 1, "；": 4, "降噪": 3, "程度": 1, "主动": 1, "耳机3": 1, "毕竟": 1, "入耳式": 1, "音质": 1, "高低音": 1, "层次感": 1, "4": 1, "延迟性": 1, "秒连": 1, "测试": 1, "安装": 1, "APP": 1, "配对": 1, "短促": 1, "详细": 1, "暂时": 1, "感兴趣": 1, "问问": 1, "O抽奖": 1, "高调": 1, "造车": 1, "自研": 1, "激光": 1, "雷达": 1, "自动": 1, "驾驶": 4, "专利": 2, "海外": 1, "机构": 1, "调查": 1, "显示": 1, "截止": 1, "贡献": 1, "排名": 1, "仅次于": 1, "韩国": 1, "LG": 2, "电子": 1, "通讯": 1, "标准": 1, "拥有者": 1, "牢牢": 1, "占据": 1, "名": 3, ".": 1, "众所周知": 1, "普及": 1, "互联网": 1, "风口": 1, "即将": 1, "汽车": 3, "车机": 1, "入口": 1, "面对": 1, "将近": 1, "20万亿": 1, "缺席": 1, "整车": 1, "目标": 1, "身上": 1, "大脑": 1, "梯队": 1, "转移": 1, "难事": 1, "国外": 1, "媒": 1, "ARM": 2, "提供": 2, "团队": 1, "裁定": 1, "源自": 1, "违反": 1, "供货": 1, "说话": 1, "实在": 1, "援引": 1, "情报": 1, "部门": 1, "级别": 1, "政府": 1, "争议性": 1, "有关于": 1, "会议": 1, "达成": 1, "观点": 1, "特蕾莎·梅": 1, "‘": 1, "争议": 1, "’": 1, "替代": 1, "出于": 1, "事实": 1, "答应": 1, "估计": 1, "实事求是": 1, "解决": 1, "方案": 1, "供应商": 1, "相关": 1, "负责人": 1, "落后": 1, "1-2年": 1, "输": 2, "起码": 1, "舆论": 1, "奉劝": 1, "往后": 1, "有人": 1, "质疑": 1, "闭嘴": 1, "完了": 1, "描": 1, "黑": 1, "小气": 1, "背锅": 1, "完事": 1, "花里胡哨": 1, "没用": 1}