{"华为": 92, "回应": 8, "5G": 52, "芯片": 31, "卖给": 2, "苹果": 36, "找": 3, "发": 2, "手机": 14, "帮忙": 2, "……": 4, "4月": 4, "8日": 1, "美国": 18, "科技": 2, "媒体": 1, "Engadget": 2, "援引": 3, "消息": 6, "人士": 6, "称": 9, "开放": 7, "销售": 7, "外媒": 7, "报道": 5, "：": 22, "评论": 3, "凤凰网": 1, "业务": 1, "内部": 1, "单相思": 1, "可不": 1, "O找": 1, "出售": 10, "卖": 12, "知情": 3, "证实": 1, "一家": 4, "公司": 9, "真实性": 2, "@": 6, "新浪": 2, "数码": 3, "询问": 2, "都": 8, "拒绝": 3, "对此": 4, "置评": 2, "O外媒": 2, "对外": 3, "​": 16, "第九": 2, "届": 2, "全国": 2, "大学生": 3, "绿植": 2, "领养": 2, "活动": 1, "线下": 1, "领取": 1, "种苗": 2, "线上": 1, "玩法": 1, "火热": 1, "搞定": 1, "！": 13, "快": 4, "秀出": 1, "大美": 1, "校园": 1, "、": 12, "记录": 1, "绿色": 1, "生活": 3, "奔跑": 1, "助力": 2, "环保": 1, "知识": 1, "公益": 1, "千": 1, "元": 1, "奖金": 1, "新潮": 1, "大奖": 1, "~": 1, "转发": 3, "关注": 2, "4.30": 1, "抽": 2, "名": 2, "幸运": 1, "鹅送": 1, "P20": 1, "预约": 1, "戳": 3, ">>": 1, "终端": 1, "视为": 4, "竞争": 1, "关系": 2, "此前": 3, "不对": 1, "芯片组": 1, "基带": 9, "麻烦": 1, "高通": 8, "处在": 1, "纠纷": 1, "英特尔": 1, "技术": 6, "过关": 1, "出手": 1, "拯救": 1, "感觉": 1, "百事可乐罐": 1, "可口可乐": 1, "瓶子": 1, "～": 1, "网友": 4, "放": 2, "口袋": 2, "爆炸": 2, "大腿": 2, "深度": 1, "烧伤": 2, "沸腾": 1, "宣传": 1, "国外": 1, "粉丝": 1, "排长队": 2, "买": 2, "近日": 4, "P30": 8, "系列": 6, "新加坡": 1, "一经": 1, "开售": 2, "销售一空": 1, "最先": 1, "巴黎": 1, "购华": 1, "场景": 1, "感叹": 1, "香榭丽舍": 1, "大道": 1, "排队": 1, "LV包包": 1, "iPhone": 3, "中国": 7, "企业": 2, "风": 1, "视频": 7, "#O": 1, "网页": 1, "链接": 1, "L凤凰网": 1, "承认": 2, "围堵": 5, "失败": 5, "德国": 17, "禁用": 7, "威逼": 1, "排挤": 1, "无计可施": 1, "节节": 1, "败退": 1, "强硬": 1, "拉拢": 1, "终于": 1, "表态": 1, "不再": 2, "盟友": 1, "设备": 2, "当地": 1, "时间": 2, "7日": 1, "法兰克福": 2, "汇报": 2, "政府": 8, "排除": 4, "网络": 9, "O承认": 1, "距离": 2, "EMUI": 2, "9.1": 2, "发布": 2, "11日": 2, "流畅如飞": 1, "直播": 1, "期待": 2, "黑科技": 1, "送": 1, "小天鹅": 1, "蓝牙": 1, "音箱": 1, "一个": 7, "抽奖": 1, "平台": 1, "六": 2, "未知": 4, "目的地": 1, "机酒": 1, "包": 1, "任性": 1, "玩": 1, "天际": 1, "通×": 1, "Booking": 1, "缤客": 1, "联合": 1, "发起": 1, "DigiX": 2, "旅行": 3, "计划": 4, "招募": 2, "等待": 2, "全球": 10, "旅行家": 2, "带上": 1, "走": 2, "下方": 1, "参与": 2, "详情": 1, "抽送": 1, "HUAWEInova4e": 1, "DIGIX": 2, "曝": 2, "不久前": 2, "处理器": 2, "调制解调器": 4, "5": 2, "GBalong5000": 2, "开发": 2, "工作": 2, "2020年": 2, "推出": 2, "版": 2, "暂": 2, "未": 2, "L": 2, "老板": 3, "联播": 3, "秒拍": 3, "英国": 3, "机构": 1, "批评": 1, "安全性": 3, "低下": 1, "拿出": 1, "证据": 2, "通信": 2, "总部": 1, "GCHQ": 1, "下设": 1, "国家": 3, "中心": 1, "NationalCyberSecurityCentre": 1, "官员": 1, "相当于": 1, "——": 2, "回到": 1, "2000年": 1, "水平": 2, "低劣": 1, "带来": 1, "隐患": 1, "不得不": 2, "花费": 1, "很": 4, "长": 1, "弥补": 1, "指责": 1, "基于": 2, "事实": 1, "基础": 1, "才能": 2, "意义": 1, "对话": 1, "包括": 1, "在内": 1, "不少": 1, "发出": 1, "质疑": 1, "优势": 1, "现象": 1, "记者": 1, "王": 1, "铭洁": 1, "韩宝仪": 1, "创事": 1, "记": 1, "造芯": 2, "路": 2, "别人": 3, "粮食": 3, "当年": 1, "说到": 1, "中兴": 2, "之间": 1, "故事": 1, "数据卡": 1, "解决": 1, "方案": 2, "讨价还价": 1, "大概": 1, "爽": 1, "转而": 1, "扶持": 1, "任正非": 1, "意识": 1, "万事": 1, "求人": 1, "确保": 2, "砺石": 1, "商业": 2, "O华": 2, "拉近": 1, "感受": 1, "南疆": 1, "海拔": 1, "巍峨": 1, "震撼": 1, "Pro": 1, "超级": 1, "变焦": 3, "冰川": 1, "雪山": 1, "亦": 1, "触手可及": 1, "著名": 1, "摄影师": 1, "王动": 1, "50": 1, "倍": 3, "半点": 1, "像素": 1, "环境": 2, "变大": 1, "接近": 1, "画幅": 1, "放大": 1, "局部": 1, "仅此而已": 1, "群": 1, "搓": 1, "滑": 1, "赞叹": 1, "厉害": 1, "望远镜": 2, "搞": 1, "侦查": 1, "像极": 1, "富豪": 1, "样子": 1, "浑身": 1, "金": 1, "链子": 1, "可惜": 1, "灵魂": 1, "太": 1, "土​": 1, "5g": 1, "​​": 1, "🐂​": 1, "据称": 1, "Balong5000": 5, "(": 1, "巴龙": 3, "5000": 3, ")": 1, "面向": 1, "为止": 1, "用于": 1, "自主": 1, "产品": 3, "态度": 1, "限于": 1, "独家": 1, "客户": 1, "爆料": 1, "父亲": 1, "nove3": 1, "客服": 1, "德媒": 1, "放弃": 2, "施压": 2, "总理": 1, "默克尔": 1, "反对": 1, "该国": 1, "建设": 3, "O德媒": 1, "#1": 1, "超": 1, "10万": 1, "申报": 1, "落户": 3, "深圳": 6, "不足为奇": 1, "毕竟": 1, "一线": 1, "城市": 4, "北上广深": 1, "简单": 1, "便捷": 1, "拥有": 2, "高额": 1, "补贴": 3, "本科生": 2, "15000": 2, "地区": 1, "到手": 1, "30000": 1, "刚刚": 1, "踏入": 1, "社会": 1, "来讲": 1, "笔": 1, "不菲": 1, "收入": 1, "就业": 1, "大疆": 1, "恒大": 1, "万科": 1, "比亚迪": 1, "提海": 1, "空气": 1, "新鲜": 1, "公园": 1, "高达": 2, "900": 1, "＋": 1, "座": 1, "包容": 1, "创新": 1, "追梦": 1, "品牌": 1, "用户": 2, "画像": 1, "一览": 1, "三星": 5, "老年": 1, "匈牙利": 5, "财政": 3, "部长": 3, "IT": 3, "战略": 3, "合作": 5, "伙伴": 3, "西方": 1, "担忧": 1, "今日": 1, "份": 1, "声明": 1, "发展": 1, "宽带": 1, "互联网": 2, "2025年": 1, "90%": 1, "家庭": 1, "高速": 2, "接入": 1, "服务": 1, "O匈牙利": 1, "裤子": 1, "无水": 1, "印壁": 1, "纸/17": 1, "故宫": 1, "御花园": 2, "壁纸": 3, "分享": 1, "玉兰": 1, "Tips": 1, "很久": 1, "发壁纸": 1, "懒": 1, "很多": 2, "裤衩": 1, "反馈": 1, "屏幕": 2, "尺寸": 3, "会长": 1, "全屏": 1, "测试": 1, "16:9": 1, "更改": 1, "16:8": 1, "比例": 1, "适合": 1, "愉快": 1, "严禁": 1, "商用": 4, "必究": 1, "中纹": 1, "春天": 1, "摄影": 1, "大赛": 1, "焕新": 1, "将就": 1, "美学": 1, "制霸": 1, "社交圈": 1, "AIHDR": 1, "+": 1, "精准": 1, "优化": 1, "逆光": 2, "人像": 1, "效果": 1, "脸部": 1, "光线": 1, "真实": 1, "自然": 1, "拍": 1, "美照": 1, "秘密": 1, "L华": 1, "早上": 1, "新闻": 1, "刷屏": 1, "真的": 2, "世界": 1, "好事": 1, "影响": 1, "进程": 1, "乐见其成": 1, "系统": 2, "分析": 1, "可能性": 1, "详见": 1, "下文": 1, "信息量": 1, "达成": 1, "阻力": 1, "1.": 1, "急需": 1, "迎接": 1, "到来": 1, "2019年": 1, "重点": 1, "规模": 1, "巨额": 1, "专利": 1, "官司": 1, "明年": 1, "才": 1, "正式": 1, "第三": 1, "解释": 1, "落后": 3, "一代": 3, "intel连4G": 1, "信号": 1, "差": 1, "不止": 1, "无论是": 1, "层面": 2, "最佳": 1, "选择": 2, "唯一": 3, ".": 2, "宣战": 1, "供应商": 1, "稳定": 1, "千亿": 1, "美元": 1, "产值": 1, "供应链": 1, "信心": 1, "强化": 1, "格局": 1, "第一": 1, "生意": 1, "做实": 1, "缴": 1, "专利费": 1, "消费者": 1, "3": 2, "打铁还需自身硬": 1, "1": 1, "支持": 2, "2G/3G/4G/5G": 1, "模合一": 1, "7nm": 1, "工艺": 2, "X50": 1, "只能": 1, "单模": 1, "算": 1, "Exynos5100": 1, "功耗": 1, "4G": 1, "增加": 1, "1.5": 1, "10nm": 1, "撑": 1, "不住": 1, "NSA": 1, "SA5G": 1, "组网": 1, "升级": 2, "不用": 1, "运营商": 1, "一步到位": 1, "大规模": 1, "部署": 1, "5GSA": 1, "投资": 1, "价值": 1, "最大化": 1, "Sub-6GHz": 1, "频段": 1, "下载": 3, "/": 2, "上传": 1, "速率": 2, "业界": 1, "毫米": 1, "波频": 1, "段": 1, "传速率": 1, "NR+LTE": 1, "7.5Gbps": 1, "完美": 1, "超越": 1, "下一代": 1, "3月": 1, "驻": 1, "大使": 1, "理查德·格雷内尔": 1, "警告": 1, "联邦": 2, "透露": 1, "禁止": 2, "；": 1, "网络局": 1, "3月初": 1, "提出": 1, "高度": 1, "满意": 1, "O德国": 1, "美": 1, "压德": 1, "TCL": 1, "高管": 1, "胖友": 1, "项目": 1, "骑士": 1, "伴侣": 1, "掉": 1, "钥匙": 1, "窜": 1, "密码": 1, "P30Pro": 2, "挺": 1, "好​": 1, "这次": 1, "搭载": 1, "全新": 1, "国内": 1, "未来": 1, "机型": 1, "敬请": 1, "P303888": 1, "4788": 1}