{"任正非": 64, "：": 31, "感谢": 12, "社会": 9, "各界": 7, "孟晚舟": 17, "支持": 9, "17日": 10, "华为": 89, "创始人": 12, "接受": 12, "媒体": 18, "采访": 14, "回应": 15, "女儿": 18, "、": 11, "网络": 3, "5G": 28, "热点": 1, "话题": 3, "人士": 3, "表达": 1, "关心": 6, "关注": 5, "外面": 1, "变化": 2, "影响": 5, "信心": 3, "产品": 2, "别人": 3, "都": 10, "详": 1, "↓": 1, "张意轩": 1, "O": 9, "全球": 2, "手机": 5, "电话": 12, "打通": 1, "30秒": 1, "讲": 5, "联系L": 1, "小刚": 1, "大理": 1, "视频": 4, "​": 13, "打打": 10, "讲讲": 14, "笑话": 14, "下午": 5, "围绕": 2, "近期": 3, "外界": 2, "加拿大": 2, "事件": 2, "深圳": 4, "总部": 5, "包括": 7, "环球": 6, "时报": 6, "在内": 5, "国内": 10, "一个半": 2, "小时": 2, "圆桌会": 3, "深度": 2, "沟通": 2, "向来": 2, "低调": 2, "多见": 2, "记者": 3, "问到": 3, "近况": 3, "很": 11, "中国": 34, "政府": 6, "维护": 4, "公民": 4, "权益": 4, "长期": 2, "西方": 3, "企业": 11, "盗窃": 2, "知识": 5, "产权": 5, "指责": 3, "尊重": 3, "凌志": 1, "全文": 7, "↓O": 1, "罕见": 4, "群采": 4, "坚强": 5, "打电话": 4, "对话": 1, "碰到": 7, "早": 2, "美": 10, "企业界": 2, "公司": 6, "CEO": 1, "澎湃": 1, "新闻": 1, "十几年": 1, "预计": 2, "谈": 1, "预案": 1, "正面": 1, "想": 7, "买": 5, "不行": 1, "全世界": 2, "厂家": 3, "微波": 2, "先进": 2, "基站": 4, "技术": 8, "一个": 5, "世界": 7, "一家": 1, "称": 7, "美国": 18, "政客": 1, "发声": 2, "代表": 3, "绝大部分": 1, "O对话": 1, "方向": 1, "胡侃": 1, "挺住": 1, "！": 11, "L胡": 1, "锡进": 1, "率先": 2, "研发": 3, "试验": 4, "2.6GHz": 4, "频段": 4, "测试": 7, "近日": 1, "IMT-2020": 1, "推进组": 1, "组织": 1, "空口": 1, "至此": 1, "正式": 1, "第三": 1, "阶段": 1, "NSA": 1, "独立": 2, "组网": 2, "SA": 1, "实验室": 1, "外场": 1, "覆盖": 1, "场景": 1, "最多": 1, "前期": 1, "3.5GHz": 1, "4.9GHz": 1, "本次": 1, "O华": 1, "字": 1, "长文": 1, "十几": 3, "1月": 7, "身着": 2, "蓝色": 2, "西装": 2, "七旬": 2, "脚步": 2, "轻盈": 2, "步入": 2, "会场": 2, "约定": 2, "时间": 2, "稍": 2, "晚": 2, "分钟": 4, "见到": 2, "第一": 4, "道歉": 2, "对不起": 2, "耽误": 2, "长": 2, "100": 2, "外部": 2, "噪音": 2, "仅仅": 1, "晚舟": 1, "十多": 2, "年前": 5, "意识": 1, "””": 1, "未来": 1, "五": 2, "投入": 1, "1000亿": 1, "美元": 3, "重构": 1, "极致": 1, "遵循": 1, "隐私": 1, "保护": 1, "拥有": 2, "上千": 1, "名": 1, "基础": 4, "研究": 1, "专家": 2, "工程师": 1, "想要": 1, "平等": 1, "踏踏实实": 1, "干": 1, "打破": 1, "沉默": 1, "纪要": 1, "感恩于心": 1, "回馈": 2, "小扑": 1, "粉丝": 2, "感恩": 1, "季": 1, "转发": 3, "@": 3, "猫扑": 1, "终端": 3, "官方": 3, "25日": 1, "抽": 2, "1": 1, "送": 3, "nova": 1, "4一": 1, "颜色": 1, "随机": 1, "温暖": 3, "夏": 1, "海滩": 1, "治愈": 1, "冬天": 1, "剂": 1, "良药": 1, "常年": 1, "气温": 1, "28℃": 1, "斯里兰卡": 3, "国度": 1, "过冬": 1, "东南亚": 1, "幻想": 1, "拍摄": 1, "远方": 1, "旅行": 1, "方式": 1, "摄影师": 1, "石剑": 1, "片子": 1, "一饱眼福": 1, "~": 1, "nova4": 1, "4800万": 1, "超": 1, "广角": 1, "镜头": 1, "凸显": 1, "大海": 1, "辽阔": 1, "建筑": 1, "雄伟": 1, "倍": 1, "视野": 1, "无惧": 1, "暗光": 1, "夕阳": 1, "宛若": 1, "少女": 1, "抹": 1, "微笑": 1, "迷人": 1, "灿烂": 1, "日前": 1, "|": 1, "美欲": 2, "刑事": 9, "调查": 9, "中方": 7, "真实": 5, "意图": 5, "怀疑": 5, "华尔街": 2, "日报": 2, "报道": 7, "检察官": 6, "涉嫌": 2, "窃取": 3, "T-MobileUS": 2, "美国商": 2, "业": 2, "伙伴": 2, "商业": 5, "机密": 2, "展开": 6, "消息": 3, "很快": 2, "起诉": 2, "对此": 2, "外交部": 4, "发言人": 2, "华春莹": 6, "T-Mobile": 2, "之间": 5, "纠纷": 8, "民事": 6, "联邦": 4, "案件": 6, "做法": 4, "关切": 4, "当天": 2, "记者会": 2, "T-mobile": 2, "当事人": 2, "法律": 4, "途径": 2, "妥善": 2, "解决": 2, "寻常": 2, "背后": 2, "动辄": 2, "扩大化": 2, "政治化": 2, "任意": 2, "动用": 2, "国家": 6, "机器": 2, "打压": 2, "符合": 2, "自由": 2, "公平": 4, "竞争": 4, "规则": 4, "违反": 2, "法治": 2, "精神": 5, "重申": 2, "一贯": 2, "鼓励": 2, "市场": 2, "原则": 2, "国际": 3, "遵守": 2, "当地": 2, "对外": 2, "经济": 2, "合作": 2, "希望": 2, "美方": 2, "经营": 2, "活动": 2, "提供": 2, "环境": 2, "环球网": 1, "白云怡": 1, "回答": 4, "问答": 4, "第二": 2, "群访": 2, "相对于": 1, "15日": 1, "外媒": 2, "聚焦": 1, "业务": 2, "重要性": 1, "自主": 2, "创新": 2, "谈道": 1, "从来": 1, "‘": 1, "’": 1, "词": 1, "科学技术": 1, "人类": 1, "财富": 1, "踏": 1, "前人": 1, "肩膀": 1, "上前": 1, "才能": 3, "缩短": 1, "领先": 1, "进程": 1, "O关于": 1, "夸大": 5, "作用": 3, "迫切": 2, "交流": 1, "实际上": 1, "更多": 1, "成就": 1, "跑": 1, "太": 3, "快": 2, "年青人": 1, "按捺不住": 1, "兴奋": 1, "事情": 3, "秘密": 1, "赠书": 1, "胜利": 2, "无路可走": 2, "贸易": 2, "战下": 1, "攻势": 1, "紧锣密鼓": 1, "CFO": 1, "被捕": 1, "何去何从": 1, "首次": 1, "解析": 1, "30年": 1, "制胜之道": 1, "誉为": 1, "教父级": 1, "企业家": 2, "定义": 1, "惶恐": 1, "生存": 1, "偏执": 1, "成功": 1, "绝处": 1, "制胜": 1, "向死而生": 1, "哲学": 1, "——": 1, "读书": 3, "邮箱": 1, "热": 1, "第1": 1, "+": 1, "平台": 2, "20日": 1, "截止": 1, "心动": 2, "时刻": 1, "白": 2, "WatchGT#O": 1, "网页": 1, "链接": 2, "L华": 2, "秒拍": 2, "O美欲": 1, "四": 1, "城": 1, "战报": 1, "拿下": 1, "30": 1, "份": 1, "合同": 1, "出货": 1, "2.5万": 1, "座": 1, "昨天": 1, "老总": 1, "忽略": 1, "关键": 2, "信息": 1, "当局": 1, "特朗普": 2, "感到": 1, "崩溃": 1, "遏制": 1, "不惜": 1, "紧绷": 1, "关系": 1, "盟友": 2, "软硬兼施": 1, "游说": 1, "费": 1, "大劲儿": 1, "增长": 2, "反而": 1, "坏": 3, "事儿": 1, "很多": 4, "本来": 1, "厉害": 1, "疯狂": 1, "封杀": 1, "阻击": 1, "坚定": 2, "实力": 1, "估计": 1, "控制力": 1, "国": 2, "利益": 1, "务实": 1, "例外": 1, "永远": 1, "无限": 1, "吸引力": 1, "走": 1, "最前沿": 1, "无可奈何": 1, "选择": 1, "故步自封": 1, "碾压": 1, "科学": 1, "发展": 2, "巨轮": 1, "科技": 2, "数码": 1, "推荐": 1, "首席": 2, "科学家": 2, "权威": 1, "解读": 1, "导致": 1, "进度": 1, "落伍": 1, "充满": 1, "焦躁": 1, "这是": 1, "万物": 1, "连接": 1, "原生": 1, "构建": 1, "智能": 2, "基石": 1, "本文": 1, "童文": 1, "博士": 1, "O5G": 1, "有人": 2, "独家": 2, "记忆": 2, "木浮生": 1, "电子书": 1, "晋江": 1, "本书": 1, "书": 1, "电子版": 1, "好像": 1, "QQ": 1, "阅读": 3, "掌阅": 1, "咪咕": 1, "爱奇艺": 1, "文学": 1, "kindle": 1, "商店": 1, "当当": 1, "微信": 1, "网易": 1, "书旗": 1, "……": 1, "排名": 1, "正版": 1, "授权": 1, "木": 1, "浮生": 1, "么么": 1, "哒​": 1, "担心": 2, "战会": 1, "多年": 1, "客户": 3, "卖": 1, "设备": 2, "原因": 2, "中国人": 1, "blablabla": 1, "最终": 1, "便宜": 1, "服务": 1, "了事": 1, "找到": 1, "三点": 1, "决定性": 1, "欧洲": 1, "狗逼": 1, "平时": 1, "凶": 1, "钱": 2, "斯科": 1, "模块": 1, "正儿八经": 1, "赠送": 1, "培训": 1, "定期": 1, "巡检": 1, "骂骂咧咧": 1, "下单": 1, "吼吼": 1, "没钱": 1, "才": 2, "天天": 1, "骂沙县": 1, "照样": 1, "吃": 1, "早点": 1, "刚才": 1, "偶然": 1, "提到": 1, "普通人": 1, "我答": 1, "不必": 1, "担": 1, "去年": 1, "收入": 2, "1085亿": 1, "压力": 1, "20%": 1, "1250亿": 1, "Matebook13": 1, "寄": 1, "儿子": 1, "北京": 1, "·": 1, "中城": 1, "写字楼": 1, "试探": 1, "爱情": 1, "一瞬": 1, "一生": 1, "WatchGT": 1, "O网页": 1, "面对": 1, "多变": 1, "亲自": 1, "全球化": 1, "运营": 1, "路径": 1, "再次": 1, "阐释": 1, ">>": 1, ">": 1, "详情": 1, ">O": 1, "倒下": 3, "早晚": 2, "百年": 1, "老": 1, "店": 1, "困难": 2, "去除": 1, "惰怠": 3, "祛除": 2, "挑战": 2, "自我": 3, "批判": 2, "老板": 1, "访问": 1, "信息量": 1, "仓促": 1, "应对": 1, "局面": 1, "党": 1, "议员": 1, "提案": 1, "禁止": 1, "中兴": 1, "出售": 1, "芯片": 1, ".....": 1, "纸老虎": 1, "简直": 1, "透": 1, "对比": 1, "我家": 1, "杨": 1, "来到": 1, "杨律": 3, "工作": 1, "带": 1, "娃": 1, "生活": 1, "娃离": 1, "抱": 1, "小杨": 1, "岁": 1, "放": 1, "学打声": 1, "招呼": 1, "疯玩": 1, "挪": 1, "鸡": 1, "鸭": 1, "摩托用骡拉": 1, "精致": 1, "桌上": 1, "牌子": 1, "国产": 1, "屏幕": 1, "越来越": 1, "旺盛": 1, "头发": 1, "全黑": 1, "两鬓": 1, "机会": 1, "睡": 1, "午觉": 1, "唯一": 1, "不大": 1, "大概": 1, "体重": 1, "减": 1, ".......": 1}