{"华为": 139, "折叠": 4, "手机": 16, "炒": 6, "10万": 5, "品牌": 2, "18日": 11, "上午": 2, "10时": 2, "08分": 2, "售价": 4, "16999": 2, "元": 6, "折叠屏": 2, "MateX5G": 4, "版": 2, "再度": 3, "开卖": 4, "一经": 1, "发售": 2, "：": 20, "秒光": 2, "二手": 2, "交易": 4, "平台": 2, "不少": 2, "用户": 3, "主动": 2, "原价": 2, "基础": 2, "一两千": 2, "求购": 2, "MateX": 2, "黄牛": 2, "4万": 2, "6万": 2, "炒卖": 2, "超过": 2, "nova": 2, "星球": 1, "公告": 7, "nova6": 2, "5G": 7, "前置": 1, "105": 1, "°超": 1, "广角": 1, "全球": 5, "代言人": 1, "@": 8, "TFBOYS": 1, "易烊": 1, "千玺": 1, "千纸鹤们": 1, "自拍": 1, "拍到": 1, "可爱": 1, "快": 1, "速度": 1, "L华": 2, "终端": 5, "官方": 3, "视频": 9, "​": 15, "Mate": 1, "家族": 1, "成员": 1, "MatePad": 1, "！": 11, "猜对": 1, "11月": 9, "25日": 1, "上海": 1, "抢": 2, "红包": 1, "件": 1, "4G": 2, "哥哥": 1, "绝不": 1, "Mate30": 4, "系列": 1, "5G版": 1, "底迪": 1, "快乐": 1, "重构": 3, "想象": 3, "L苑": 1, "子豪": 1, "回应": 13, "美": 12, "商务部": 9, "延期": 28, "实质性": 8, "影响": 10, "有限": 14, "改变": 6, "遭受": 6, "公平": 7, "对待": 14, "19日": 4, "美国商务部": 34, "发文": 1, "许可": 39, "延长": 13, "90": 29, "对此": 2, "临时": 16, "经营": 6, "实体": 17, "清单": 18, "美国": 54, "损害": 10, "比对": 5, "合作": 6, "公司": 23, "经济": 4, "损失": 3, "破坏": 3, "供应链": 5, "互信": 3, "呼吁": 3, "政府": 13, "停止": 5, "公正": 3, "移出": 3, "O美": 3, "豁免令": 1, "电影": 7, "发展": 1, "大众": 1, "这项": 1, "艺术": 1, "倾倒": 1, "设备": 2, "革新": 1, "语言": 1, "愈加": 1, "多元": 1, "携手": 1, "第28": 1, "届": 2, "中国": 20, "金": 1, "鸡百": 1, "花": 1, "电影节": 1, "正式": 2, "开启": 1, "影像": 1, "·": 1, "影片": 1, "竞赛": 1, "评论区": 1, "详情": 1, "创作": 1, "发布": 29, "今日": 1, "事实": 4, "此前": 3, "报道": 6, "NPR": 5, "消息": 4, "当日": 4, "企业": 15, "技术": 10, "业务": 6, "往来": 7, "路透社": 4, "称": 10, "这是": 5, "5月": 8, "列入": 8, "管制": 7, "黑名单": 5, "第三": 18, "豁免": 14, "任正非": 11, "谈华": 1, "十一": 2, "拒绝": 1, "降价": 2, "1千万": 1, "台": 4, "卖": 2, "近日": 1, "心声": 1, "社区": 1, "6日": 2, "德国": 3, "媒体": 2, "圆桌": 1, "纪要": 1, "供不应求": 1, "动员": 1, "客户": 7, "买": 1, "供应": 4, "外国": 3, "建议": 1, "赚": 1, "钱": 2, "同意": 1, "答应": 1, "总共": 1, "1000万": 1, "交": 1, "货": 1, "老板": 2, "联播L": 1, "联播": 1, "秒售罄": 1, "场面": 1, "三": 1, "首次": 1, "---": 1, "下次": 1, "开售": 1, "还要": 1, "等到": 1, "22日": 1, "O华": 2, "秒售": 1, "罄黄牛": 1, "10万一": 1, "L虎扑": 1, "步行街": 1, "黑白": 1, "照片": 1, "孩子": 1, "纯真": 1, "眼睛": 1, "显得": 1, "闪亮": 1, "很": 2, "mate30": 1, "印度": 1, "村子": 1, "闲逛": 1, "发现": 1, "这家": 1, "制作": 2, "土陶杯": 2, "一家人": 1, "父子": 1, "俩": 1, "操守": 1, "祖宗": 1, "留": 1, "家业": 1, "鲜有": 1, "外人": 1, "到来": 1, "热情": 5, "临走": 1, "依依不舍": 1, "站": 1, "家门口": 1, "送": 2, "恨不得": 1, "箩": 1, "筐": 1, "[呲": 1, "牙]": 1, "余承东": 1, "华为何": 1, "刚": 1, "印度·瓦拉纳西": 1, "机场": 1, "鸿蒙": 3, "整体": 3, "战略": 3, "董事长": 4, "器件": 2, "芯片": 3, "应对": 2, "观察报": 1, "梁华": 3, "透露": 2, "20日": 3, "相关": 4, "保证": 2, "主力": 1, "产品": 5, "基站": 1, "、": 7, "接入网": 1, "核心网": 1, "生产": 1, "保障": 1, "推迟": 2, "禁令": 4, "项": 1, "通用": 5, "针对": 2, "附属": 5, "现有": 3, "服务所": 1, "实施": 1, "消费者": 2, "不利": 1, "当天": 2, "发表": 1, "声明": 3, "未来": 1, "内向": 1, "出口": 5, "转让": 2, "特定": 3, "15日": 2, "68": 1, "8月": 2, "为期": 1, "活动": 1, "网络": 4, "持续": 1, "运营": 1, "服务": 3, "提供": 3, "支持": 1, "46": 1, "部长": 1, "威尔伯·罗斯": 1, "运营商": 4, "边远": 1, "地区": 4, "通信": 1, "状况": 1, "陷入": 2, "黑暗": 2, "罗斯": 1, "接受": 2, "福克斯": 1, "商业网": 1, "采访": 1, "农村": 1, "3G": 1, "依赖": 1, "国内": 1, "下属": 1, "工业": 1, "安全局": 1, "颁发": 3, "默认": 1, "审查": 1, "状态": 1, "否决": 1, "新闻": 1, "商业": 2, "频道": 1, "CNBC": 2, "当地": 2, "时间": 3, "广州": 1, "东西方": 1, "科技": 3, "大会": 1, "带来": 1, "记者": 3, "周舟": 1, "访问": 1, "解决": 2, "保留": 1, "生存": 1, "美联社": 1, "参观": 1, "展厅": 1, "每块": 1, "电路板": 1, "都": 2, "拍照": 1, "零部件": 1, "伤害": 1, "爱": 2, "撤销": 5, "利益": 2, "👇🏻": 5, "真的": 1, "想": 2, "总站": 1, "打脸": 1, "第一线": 1, "不停": 1, "发帖": 1, "奈何": 1, "敌方": 1, "感谢": 1, "特朗普": 2, "美媒": 2, "O": 4, "一个": 1, "办公室": 2, "内": 2, "心机tip": 1, "HUAWEIMateBook": 2, "多屏": 1, "协同": 1, "功能": 1, "文件": 1, "无需": 1, "随心": 1, "传": 1, "APP": 1, "电脑端": 1, "放肆": 1, "不用": 3, "电脑": 1, "之间": 1, "来回": 1, "切换": 1, "变身": 1, "高效": 1, "达人": 1, "从此": 1, "升职": 1, "加薪": 1, "走上": 1, "人生": 1, "巅峰": 1, "拥有": 2, "全世界": 1, "乡村": 2, "电信": 2, "购买": 2, "意味着": 1, "采购": 1, "长罗斯": 1, "偏远": 1, "O美媒": 1, "别人": 1, "两三": 1, "肯定": 1, "追": 1, "自信": 1, "底气": 1, "点赞": 1, "#6": 2, "G速率": 2, "10": 2, "100倍": 2, "6G": 2, "研发": 1, "工作": 1, "启动": 1, "领跑": 1, "甩": 1, "条": 1, "L畔鸣": 1, "许可证": 4, "借机": 1, "重创": 1, "不料": 1, "后院": 1, "起火": 1, "引来": 1, "供应商": 1, "存活": 1, "危机": 1, "为此": 1, "生效": 1, "再次": 1, "期限": 1, "创始人": 1, "兼": 1, "CEO": 1, "本月初": 1, "撤": 1, "美方": 3, "美企": 1, "批评": 3, "内部": 2, "过度": 4, "消费": 4, "国人": 4, "新京报": 1, "人民": 1, "视为": 1, "国家": 2, "骄傲": 1, "很多": 1, "中国人": 1, "选择": 1, "希望": 1, "度过": 1, "困难": 1, "时期": 1, "中心": 1, "体验": 2, "感知": 1, "放": 1, "第一": 1, "「": 1, "小白": 1, "测评": 3, "」": 1, "简单": 2, "上手": 2, "终于": 1, "好好": 1, "大热": 1, "房子": 1, "聊聊": 1, "明天": 1, "详细": 1, "Fold": 1, "对比": 1, "L小白": 2, "竖屏": 1, "30秒": 1, "带": 1, "声音": 1, "…": 1, "拿去": 1, "刚刚": 1, "发给": 1, "环球网": 3, "编辑部": 1, "全文": 1, "惊": 1, "研究": 1, "才": 2, "年前": 1, "着手": 1, "怪不得": 1, "吝啬": 1, "筹码": 1, "瑞斯拜": 1, "吃瓜": 1, "路人": 1, "蹲": 1, "赶上": 1, "波": 1, "热": 1, "实在": 1, "不愧": 1, "大佬": 1, "L麻辣": 1, "移妹": 1, "寻求": 3, "待遇": 2, "外交部": 3, "平等": 3, "发言人": 1, "耿爽": 3, "主持": 1, "例行": 1, "记者会": 1, "外媒": 1, "提问": 1, "周一": 1, "中方": 2, "贸易": 1, "谈判": 1, "负责人": 1, "对外": 1, "公开": 1, "就此": 1, "做出": 1, "立场": 1, "敦促": 1, "泛化": 1, "概念": 1, "滥用": 1, "他国": 1, "歧视性": 1, "做法": 1, "经贸": 1, "政治化": 1, "包括": 1, "志郁": 1, "自打": 1, "深圳": 1, "东莞": 1, "回来": 1, "时不时": 1, "聊华": 1, "头条": 1, "文章": 1, "汰弱留强": 2, "": 1, "财经": 1, "每日": 1, "必读": 1, "赚钱": 2, "季": 1, "周二": 1, "游戏": 1, "+": 3, "股权": 1, "/": 2, "区块链": 1, "穿戴": 1, "智能": 2, "分化": 1, "主板": 1, "放量": 1, "反弹": 1, "明日": 4, "预设": 1, "冲高": 1, "回落": 1, "观察": 2, "成交量": 1, "放大": 1, "强势": 1, "股": 2, "接力": 1, "亏": 1, "效应": 2, "减缓": 1, "鼎龙": 1, "文化": 1, "盛天": 1, "瑞达": 1, "期货": 1, "情绪": 1, "标杆": 1, "空间板": 1, "高度": 1, "4板": 1, "首板": 2, "数量": 1, "增加": 1, "早盘": 1, "风险": 1, "偏好": 1, "同学": 1, "操作": 1, "包板": 1, "1": 1, "3": 1, "涨停板": 1, "套利": 2, "优": 1, "策略": 1, "盘中": 1, "回踩": 1, "低": 2, "吸": 1, "主线": 1, "板块": 4, "人气股": 2, "超跌": 2, "轮动": 1, "吸富": 1, "一生": 1, "科创板": 1, "反复": 1, "活跃": 2, "迹象": 1, "重点": 1, "关注": 1, "金山": 1, "软件": 1, "沃尔德": 1, "瀚川": 1, "华熙": 1, "生物": 2, "安恒": 1, "信息": 1, "乐鑫": 1, "微芯": 1, "耐心": 1, "恢复": 1, "前期": 1, "不错": 1, "方向": 1, "O汰": 1, "弱留": 1, ".": 1, "金鸡": 1, "百花": 1, "开辟": 1, "全新": 1, "轻松": 1, "拍摄": 1, "需求": 1, "周期": 1, "成本": 1, "减少": 1, "金鸡奖": 1, "点燃": 1, "电影梦": 1}