{"投票": 4, "：": 11, "华为": 84, "Mate30": 48, "iPhone11": 32, "买": 9, "昨晚": 2, "德国": 6, "发布": 16, "系列": 29, "新品": 8, "余承东": 9, "称": 3, "全球": 7, "唯一": 2, "第二": 6, "5G": 22, "手机": 31, "速度": 4, "高于": 2, "三星": 4, "旗舰": 4, "苹果": 23, "刚": 8, "至今": 2, "支持": 7, "硬": 6, "​": 16, "旗舰机": 2, "跌破": 2, "5000": 2, "一个": 5, "丨": 1, "、": 18, "都": 3, "！": 11, "选": 10, "眼带": 1, "丝": 1, "笑意": 1, "姐姐": 1, "好看": 4, "平板": 2, "M6": 1, "高能": 1, "版​": 1, "纷纷": 2, "打算": 2, "入手": 2, "9月": 9, "19日": 8, "公司": 3, "慕尼黑": 9, "智能": 7, "版本": 5, "首款": 1, "20日": 3, "AppleWatchSeries5": 1, "手表": 1, "产品": 1, "中国": 5, "上市": 2, "销售": 1, "挺": 1, "发布会": 13, "全程": 3, "英文": 1, "翻译": 1, "请": 1, "观赏": 1, "……": 2, "未": 6, "预装": 4, "谷歌": 10, "服务": 8, "采用": 6, "安卓": 6, "系统": 11, "鸿蒙": 5, "此次": 1, "并未": 2, "Google": 1, "包括": 3, "邮件": 2, "地图": 2, "搜索": 2, "市场": 2, "YouTube": 1, "提供": 3, "HMS": 2, "外界": 1, "替代品": 1, "名字": 1, "提及": 1, "开源": 3, "后期": 1, "或许": 1, "方案": 1, "消费者": 7, "GMS": 2, "安装": 1, "过程": 1, "不难": 1, "最为": 1, "关键": 1, "影响": 2, "用户": 1, "信心": 1, "分析师": 1, "预测": 1, "海外": 1, "O华为": 1, "欧洲": 1, "时间": 5, "未定": 1, "mate30": 7, "iphone11": 4, "款": 5, "近日": 1, "预售": 3, "抢断": 1, "货": 1, "到底": 1, "香": 1, "最终": 1, "售价": 5, "799": 2, "欧元": 5, "Mate30Pro5G": 2, "版": 2, "1199": 2, "抢": 1, "断货": 1, "今日": 1, "正式": 1, "发售": 2, "拼多": 1, "4999": 1, "元": 2, "起售": 1, "创": 1, "全网": 1, "最低": 1, "发售价": 1, "原价": 1, "购买": 1, "退": 1, "900": 1, "现金": 1, "差价": 1, "工信部": 2, "部长": 2, "谈": 1, "日常": 1, "4G": 3, "足够": 2, "工业": 2, "互联网": 2, "苗圩": 1, "国新办": 1, "兼容SA": 1, "NSA": 1, "明年": 1, "才能": 2, "大规模": 1, "投入": 1, "独立": 1, "组网": 1, "网络": 3, "大部分": 1, "80%": 1, "老板": 4, "联播": 4, "L": 6, "视频": 18, "大河": 1, "PK": 2, "前夜": 1, "业务": 4, "CEO": 4, "#余": 4, "承东": 4, "设计": 8, "引领": 2, "行业": 2, "潮流": 2, "方形": 3, "Mate20": 3, "类似": 3, "屏幕": 4, "电池": 4, "容量": 4, "轻": 4, "刘海": 4, "短": 5, "笑声": 1, "简直": 2, "太": 1, "魔性": 1, "跟着": 1, "笑": 1, "分钟": 1, "停": 1, "嗨": 1, "感觉": 3, "人生": 2, "到达": 2, "巅峰": 1, "高潮": 1, "刷卡": 3, "买单": 1, "开心": 1, "钱": 1, "快乐": 1, "细细": 1, "平安": 1, "寻找": 2, "全国": 2, "王": 3, "瓜分": 1, "2019万": 1, "红包": 1, "2019": 1, "台": 1, "P30": 1, "相赠": 1, "壕": 1, "人性": 1, "快快": 1, "参与": 1, "报名": 1, "福同": 1, "享O": 1, "网页": 1, "链接": 1, "秒拍": 7, "当地": 1, "周四": 1, "推出": 2, "这是": 2, "深陷": 1, "美国": 2, "封堵": 1, "掣肘": 1, "程序": 1, "机型": 1, "运行": 1, "操作": 3, "上周": 1, "新一代": 1, "三": 1, "摄像头": 6, "iPhone": 1, "相比": 1, "这次": 2, "配置": 1, "滚筒式": 1, "四": 2, "据悉": 1, "亮点": 1, "侧边": 1, "触控": 1, "隔空": 1, "无线": 1, "快充": 1, "功能": 1, "戳": 1, "现场": 1, "记者": 1, "杨易林": 1, "L中报": 1, "Mate30pro拆": 1, "包儿": 1, "小报告": 1, "～L": 2, "陈震": 2, "同学": 2, "#趣": 1, "吊": 1, "路": 1, "友商": 1, "革": 1, "电影机": 1, "命": 1, "雷": 1, "友情": 1, "客串": 1, "熬夜": 1, "制作": 1, "转发": 2, "L李杰灵": 1, "晚间": 1, "Mate20X5G": 1, "第一": 4, "硬刚": 2, "完整": 1, "设计学": 3, "折叠屏": 1, "10月": 1, "19日晚": 2, "@": 2, "五环短": 1, "L五环": 1, "搭载": 2, "自研": 1, "届时": 1, "大佬": 1, "L大佬": 1, "Mate30Pro": 3, "拍摄": 3, "延时": 1, "摄影": 1, "短片": 1, "取景": 1, "意大利": 1, "多洛米蒂": 1, "附加镜": 1, "第三方": 1, "素材": 2, "闪": 1, "调色": 1, "机内": 1, "直出": 1, "三脚架": 1, "滑轨": 1, "辅助": 1, "Adobe": 1, "PremierePro": 1, "剪辑": 1, "L木西AlexanDENG": 1, "录制": 1, "电": 1, "地球": 1, "芯片": 2, "争霸": 1, "网友": 2, "滚筒": 2, "浴霸": 2, "晚上": 1, "8点": 1, "举办": 1, "带来": 1, "新机": 1, "对抗": 1, "核心": 1, "武器": 1, "4": 1, "iPhone11Pro": 1, "价格": 1, "1099": 1, "精密": 1, "——": 1, "麒麟": 1, "9905G": 1, "联接": 1, "性能": 1, "归于": 1, "芯": 1, "指甲": 1, "大小": 1, "方寸": 1, "之间": 1, "集成": 1, "多达": 1, "103亿": 1, "晶体管": 1, "不少": 1, "摄": 1, "模式": 1, "外形": 1, "洗衣机": 1, "…": 1, "央视": 1, "财经": 2, "酷燃": 1, "P30pro往": 1, "Mate30pro": 1, "克隆": 1, "迁移": 2, "数据": 2, "快": 1, "照片": 1, "挑战": 1, "？？": 1, "陈": 1, "曦图": 1, "11月": 1, "开卖": 1, "也就是说": 1, "初期": 1, "挑选": 1, "深圳": 1, "·": 1, "南山": 1, "科技园": 1, "高屏": 1, "占比": 1, "瀑布屏": 2, "厂商们": 1, "宠儿": 1, "vivo": 1, "称为": 2, "零界": 1, "屏": 1, "超曲面": 1, "环幕屏": 1, "想": 1, "品牌": 4, "地位": 2, "暴跌": 2, "會": 1, "崛起": 1, "賈布斯": 1, "蘋果": 2, "才": 1, "靈魂": 1, "現": 1, "營銷": 1, "同時": 1, "增長": 1, "快速": 1, "誰": 1, "投資": 3, "應該": 1, "個": 2, "走下坡路": 1, "還": 1, "冉冉": 1, "升起": 1, "": 1, "股市": 1, "四季": 1, "红​": 1, "拥有": 1, "Iphone11": 1, "支付宝": 2, "彭博社": 1, "报道": 1, "项": 1, "年度": 1, "态度": 1, "调查": 1, "显示": 1, "声誉": 1, "年前": 1, "第11": 1, "跌": 1, "第24": 1, "竞争": 1, "对手": 1, "名次": 1, "排": 2, "第2": 1, "名": 1, "仅次于": 1, "挤进": 1, "心中": 1, "Android": 1, "排名": 2, "第3": 1, "英特尔": 1, "第9": 1, "送": 1, "带上": 1, "助手": 2, "旅行": 1, "体验": 1, "境内": 1, "境外": 1, "智慧": 1, "右滑": 1, "出行": 1, "航班": 1, "提醒": 1, "高铁": 1, "信息": 1, "景点": 1, "推荐": 1, "汇率": 1, "换算": 1, "统统": 1, "安排": 1, "高效": 1, "直达": 1, "~": 1, "21日": 1, "美女": 1, "旅行家": 1, "怡苏": 1, "厦门": 1, "宝龙": 1, "城": 1, "DIGI": 1, "X线": 1, "活动": 1, "不见不散": 1, "华​": 1}