{"外交部": 11, "：": 37, "孟晚舟": 25, "事件": 19, "极为": 11, "恶劣": 11, "政治": 16, "美国": 25, "总统": 5, "国家": 9, "事务": 5, "助理": 5, "博尔顿": 5, "近日": 6, "美": 6, "司法部": 5, "起诉": 9, "引渡": 9, "华为": 67, "首席": 5, "财务官": 5, "并非": 5, "中国": 37, "发言人": 5, "陆慷": 5, "回应": 4, "世人": 4, "都": 11, "很": 6, "这是": 7, "正当": 4, "手段": 4, "威胁": 8, "他国": 7, "企业": 10, "、": 18, "打压": 4, "竞争": 5, "对手": 4, "干扰": 4, "市场": 5, "环境": 4, "阻挠": 4, "科技": 7, "产业": 4, "合作": 6, "中方": 5, "就此": 5, "严正": 5, "立场": 5, "再次": 4, "敦促": 8, "美方": 6, "撤销": 4, "女士": 8, "逮捕令": 4, "请求": 4, "加拿大": 7, "释放": 4, "确保": 4, "平安": 4, "回到": 5, "央视": 9, "记者": 8, "申杨": 2, "L": 5, "新闻": 7, "秒拍": 8, "视频": 11, "手机": 19, "信号": 7, "4G": 8, "E": 7, "回": 3, "客服": 4, "说出": 3, "答案": 3, "如今": 1, "互联网": 1, "时代": 1, "人人": 1, "智能": 3, "运营商": 2, "没有用": 1, "三大": 1, "联通": 1, "电信": 1, "网络": 16, "发展": 5, "2G": 3, "5G": 18, "不得不": 1, "牛": 1, "商用": 1, "4G网": 1, "有时候": 1, "发现": 1, "春节": 1, "很多": 2, "一个": 6, "过年": 1, "农村": 2, "打电话": 1, "到底": 1, "原因": 2, "基站": 1, "太": 2, "远": 1, "差": 1, "字母": 2, "跟着": 1, "难怪": 2, "变差": 1, "等级": 1, "常见": 1, "H": 3, "3": 4, "代表": 5, "自然": 1, "3G": 1, "网速": 3, "快": 1, "断网": 1, "O": 9, "网页": 1, "链接": 1, "驻": 13, "波兰": 31, "大使": 15, "放弃": 12, "损失": 11, "85亿": 11, "欧元": 11, "中波": 2, "国": 7, "之间": 2, "利益": 2, "冲突": 2, "刘": 10, "光源": 10, "接受": 11, "环球": 3, "时报": 3, "专访": 8, "谈及": 2, "关系": 3, "经受": 1, "时间": 4, "考验": 1, "向前": 1, "70": 2, "针对": 6, "幌子": 3, "打击": 4, "事实上": 4, "特定": 3, "出台": 3, "歧视性": 3, "措施": 3, "介绍": 2, "相关": 3, "数据": 3, "显示": 4, "经济": 7, "带来": 4, "波": 6, "民众": 3, "通信": 4, "成本": 3, "上涨": 3, "倍": 3, "建设": 8, "进程": 6, "延迟": 3, "数字化": 3, "落后": 4, "本报": 2, "胡侃": 1, "德国": 15, "断然": 1, "参与": 3, "德": 1, "降低": 1, "分享": 3, "情报": 13, "级别": 1, "第一": 2, "警告": 5, "盟国": 1, "出招": 1, "越来越": 2, "狠": 1, "屈服": 1, "搞出": 1, "质": 1, "次价": 1, "主权": 1, "公开": 2, "削掉": 1, "一角": 1, "L胡": 1, "锡进": 1, "​": 12, "领域": 2, "处于": 2, "领先": 1, "地位": 1, "技术": 1, "性价比": 1, "优势": 1, "欧洲": 3, "各国": 1, "迈进": 1, "最佳": 1, "伙伴": 1, "表态": 3, "不禁": 1, "止华": 1, "副总裁": 6, "陈黎芳": 8, "谈": 2, "优秀": 2, "CFO": 2, "3月": 6, "5日": 2, "下午": 1, "董事": 1, "高级": 3, "广播": 2, "公司": 9, "谈到": 1, "案件": 2, "称": 2, "勤奋": 1, "好学": 1, "同事": 1, "内部": 1, "系列": 1, "变革": 1, "做出": 1, "贡献": 1, "发生": 2, "乐观": 1, "坚强": 1, "希望": 1, "司法": 2, "系统": 2, "透明": 1, "公平": 1, "公正": 1, "O华": 1, "小小": 3, "CBC": 2, "政府": 4, "情况": 2, "都会": 2, "拒绝": 3, "安装": 2, "后门": 4, "收集": 2, "@": 5, "老板": 2, "联播L": 1, "联播": 1, "减少": 2, "7日": 1, "想": 4, "排除": 3, "本国": 2, "随后": 2, "这位": 2, "部长": 3, "收到": 3, "特朗普": 2, "警告信": 2, "削弱": 1, "共享": 2, "部门": 1, "出售": 1, "设备": 2, "设置": 1, "未经": 1, "授权": 1, "监视": 1, "活动": 1, "破坏": 1, "该国": 2, "类似": 1, "指控": 1, "早就": 1, "反驳": 1, "上周": 1, "轮值": 1, "董事长": 2, "郭平": 1, "重申": 1, "从来": 1, "将来": 1, "植入": 1, "绝不": 1, "别人": 1, "干": 2, "！": 4, "举例": 1, "#O": 1, "路过": 1, "华为店": 1, "门口": 3, "海报": 3, "拼命": 1, "忍下": 1, "进去": 2, "冲动": 1, "拍": 1, "走": 3, "返": 1, "回去": 2, "bq": 1, "忍住": 1, "😭": 1, "半天": 1, "斗争": 2, "咬牙": 1, "你好": 1, "可不可以": 1, "花钱": 1, "买": 1, "易烊千玺": 1, "旁边": 2, "(": 1, "xx": 1, ")": 1, "求求": 1, "叻": 1, "真的": 1, "🙏😭": 1, "神仙": 2, "店员": 2, "哭叻": 1, "!": 4, "特意": 1, "店": 1, "找": 1, "三": 2, "免费": 1, "激动": 1, "眼泪": 1, "花花": 1, "跑掉": 1, "喊": 1, "!!!😭": 1, "😭😭": 1, "●": 1, "余承东": 1, "不用": 2, "拧": 4, "螺丝": 3, "这两天": 1, "生产线": 2, "松山湖": 1, "基地": 1, "全自动化": 1, "偌大": 1, "工厂": 1, "工作": 1, "人员": 1, "订单": 1, "放假": 1, "友商": 1, "人头攒动": 1, "忙": 1, "人工": 2, "慢点": 1, "这不": 1, "老总": 1, "老余": 1, "#​": 1, "小米": 3, "同意": 2, "回忆": 1, "杀": 1, "2009年": 2, "2019年": 2, "年间": 1, "诺基亚": 1, "行业": 1, "巨头": 1, "跌入": 1, "谷底": 1, "三星": 2, "崛起": 1, "电脑": 1, "升级": 1, "换代": 1, "产品": 1, "出世": 1, "2029年": 1, "高科技": 1, "Harvey科技L": 1, "排挤": 2, "上周四": 1, "供应商": 1, "信息": 1, "水平": 1, "首次": 1, "盟友": 1, "影响": 1, "包括": 1, "在内": 1, "机构": 3, "反恐": 1, "依赖": 1, "安全局": 1, "NSA": 1, "中央": 1, "情报局": 1, "CIA": 1, "客户": 2, "五": 1, "眼": 1, "联盟": 1, "成员": 1, "程度": 1, "法国": 2, "威逼": 1, "微软": 6, "鸿海": 1, "郭台铭": 4, "惹不起": 2, "搞": 2, "加州": 1, "一家": 1, "地方法院": 1, "富士康": 1, "母公司": 1, "鸿海精密": 3, "违反": 1, "专利": 4, "许可": 1, "费用": 1, "炮轰": 1, "诈取": 1, "不当": 1, "保护费": 3, "指出": 1, "收取": 2, "对象": 1, "大陆": 2, "地区": 2, "品牌商": 1, "势必": 1, "面对": 1, "诉讼": 1, "反击": 1, "用户": 1, "抵制": 1, "故而": 1, "逼迫": 1, "台湾": 1, "代工厂": 1, "代为": 1, "转付": 1, "不得罪": 1, "回答": 2, "女友": 1, "出国": 1, "旅行": 1, "带": 1, "行李箱": 1, "_____": 1, "L华": 1, "终端": 1, "官方": 1, "晨读": 1, "香江": 2, "①": 1, "港区": 1, "全国": 1, "人大": 1, "王敏刚": 1, "病": 1, "逝世": 1, "终年": 1, "岁": 2, "办学": 1, "团体": 1, "东华": 1, "院": 1, "成立": 1, "独立": 1, "调查": 1, "委员会": 1, "跟进": 1, "②": 1, "四成": 1, "主修": 1, "ICT": 1, "应届": 1, "大学": 1, "毕业生": 1, "入职": 1, "薪酬": 1, "1.6万": 1, "元": 2, "③": 1, "马来西亚": 2, "数字": 1, "服务": 1, "明讯": 1, "签署": 1, "协议": 1, "加快": 1, "④": 1, "埃塞俄比亚": 1, "航空": 1, "10日": 1, "导致": 2, "157": 1, "罹难": 1, "坠机": 1, "事故": 1, "民航局": 1, "印尼": 1, "国都": 1, "下令": 1, "停飞": 1, "涉事": 1, "波音737": 1, "MAX8": 1, "⑤": 1, "阿里": 1, "布局": 1, "物流": 1, "斥资": 1, "47亿": 1, "入股": 1, "深圳": 1, "上市": 1, "申通": 1, "快递": 1, "公看": 1, "两会": 1, "详戳": 1, "→": 1, "O【": 1, "晨讀": 1, "12日": 1, "高通": 2, "闹掰": 2, "苹果": 6, "陷": 2, "困境": 2, "美媒": 2, "赢家": 3, "彭博社": 1, "报告": 1, "全球": 1, "白热化": 1, "阶段": 1, "状态": 1, "份额": 1, "占据": 1, "势头": 1, "P30Pro": 1, "照片": 1, "TheVerge": 1, "报道": 2, "6日": 1, "被捕": 1, "心疼": 1, "加大": 1, "大佬": 1, "L大佬": 1, "​​​": 2, "网传": 1, "华为p30": 1, "宣传图": 1, "翻车": 1, "尴尬": 1, "植树节": 1, "颗": 1, "树只": 1, "产出": 1, "3000": 1, "A4": 1, "大小": 1, "纸": 1, "无纸": 1, "阅读": 2, "植树": 1, "转评": 2, "电子": 1, "生活": 1, "改变": 1, "小云": 2, "抽": 2, "送华": 1, "耳机": 2, "春季": 1, "发布会": 2, "北京": 1, "26日": 1, "凌晨": 1, "1点": 1, "举办": 2, "天华": 1, "巴黎": 1, "P系列": 1, "旗舰": 1, "正面": 1, "刚": 1, "热度": 1, "关注": 1, "TA": 1, "晚安": 1, "APP": 1, "疯狂": 1, "来回": 1, "切换": 1, "打开": 1, "文档": 1, "盯": 1, "缓慢": 1, "滑动": 1, "干净": 1, "书桌": 1, "收拾": 1, "……": 1, "拖延": 1, "假装": 1, "正事": 1, "聊聊": 1, "随机": 1, "送出": 1, "对此": 1, "例行": 1, "记者会": 1, "新浪": 1}