{"天津": 2, "真冷": 1, "穿": 1, "秋裤": 1, "nova": 2, "奇遇": 3, "照相馆": 2, "平安夜": 3, "很": 1, "温暖": 1, "开心": 1, "！": 14, "华为": 74, "nova4": 2, "蜜语": 3, "红": 1, "圣诞": 3, "配": 1, "好看": 1, "相比": 1, "​": 17, "浙江": 15, "企业": 31, "：": 26, "员工": 41, "买": 18, "苹果": 29, "手机": 22, "晋升": 18, "诸暨": 5, "陶朱街道": 3, "一家": 4, "公司": 37, "贴出": 8, "公告": 8, "朋友圈": 4, "传疯": 4, "……": 4, "通知": 8, "写明": 7, "禁止": 8, "购买": 8, "产品": 27, "违反": 8, "机会": 11, "取消": 8, "补贴": 24, "鼓励": 8, "管理层": 4, "给与": 12, "发票": 4, "票": 4, "面价": 4, "50%": 4, "；": 9, "弃用": 4, "支持": 5, "25%": 4, "20%": 4, "这家": 3, "做法": 4, "L一手": 2, "video": 4, "秒拍": 8, "视频": 11, "来源": 1, "@": 11, "一手": 3, "日前": 5, "再有": 3, "抵制": 3, "晒出": 3, "丰厚": 3, "条件": 3, "看法": 2, "O": 4, "禁": 3, "违者": 3, "↓↓↓": 1, "对此": 2, "钱江": 2, "晚报": 2, "魏大勋": 4, "空降": 1, "红一起": 1, "讲述": 1, "甜蜜": 1, "浪漫": 2, "分享": 2, "英国": 5, "运营商": 5, "合作": 9, "达成": 1, "20亿": 2, "英镑": 2, "5G": 16, "协议": 2, "电信": 2, "删除": 1, "EE": 1, "沃达丰": 1, "启动": 1, "设备": 7, "测试": 4, "Three": 1, "签署": 1, "价值": 1, "网络": 7, "建设": 2, "O2": 4, "1月": 3, "伦敦": 1, "基站": 1, "金融": 2, "时报": 2, "报道": 2, "电信业": 1, "高管": 1, "禁用": 6, "推出": 1, "推迟": 1, "9": 1, "1": 3, "L": 1, "新京报": 1, "世面": 1, "陪伴": 1, "长情": 1, "告白": 1, "电源": 3, "系列": 1, "爱": 1, "充满": 1, "网页": 2, "链接": 3, "关注": 2, "转发": 2, "抽": 1, "送": 2, "20000": 1, "mAh": 1, "周三": 1, "抽奖": 3, "平台": 2, "公布": 1, "L华": 3, "终端": 5, "​​​": 1, "下令": 3, "捷克": 25, "总理": 12, "亲自": 3, "澄清": 9, "12月": 5, "23日": 4, "巴比什": 9, "布拉格": 2, "会见": 4, "建敏": 3, "大使": 4, "捷": 16, "关系": 8, "关心": 2, "交换": 2, "意见": 2, "部门": 9, "针对": 6, "中国": 13, "中兴": 4, "发布": 6, "警告": 8, "代表": 3, "政府": 10, "立场": 3, "仓促": 7, "停用": 7, "误导": 7, "国家": 9, "委员会": 4, "就此": 3, "发表": 4, "声明": 4, "作出": 3, "包括": 3, "在内": 3, "外国": 3, "投资": 3, "经营": 4, "提供": 3, "营商": 3, "环境": 3, "中华人民共和国": 1, "驻": 3, "捷克共和国": 1, "大使馆": 2, "O网页": 1, "回应": 4, "拒绝": 1, "竞争": 1, "对手": 1, "LIT": 1, "科技": 1, "数码": 1, "达人": 1, "iphone": 1, "抽送": 1, "保时捷": 1, "价格": 1, "毎部": 1, "12999": 1, "元": 2, "征集": 1, "网友们": 1, "携程": 2, "故事": 2, "欺骗": 1, "、": 10, "欺负": 1, "欺诈": 1, "无语": 1, "恶心": 1, "事情": 1, "长": 2, "短": 2, "编造": 1, "杜撰": 1, "负": 1, "法律": 1, "责任": 1, "精彩": 1, "奇葩": 1, "程度": 1, "二十": 1, "天后": 1, "送出": 1, "近日": 1, "VideoL": 1, "祝福": 1, "时刻": 2, "好心": 3, "疼魏": 3, "大勋": 5, "20181224": 3, "落地": 2, "活动": 4, "奇妙": 1, "圣诞夜": 1, "嗨": 1, "噢": 1, "～": 1, "华帝": 5, "锦鲤": 1, "热": 1, "拥有": 1, "专利": 1, "温控舱": 1, "抄": 1, "底价": 1, "3999": 1, "更新": 1, "版": 1, "零": 1, "冷水": 1, "热水器": 1, "Mate20X": 1, "戴": 1, "森吹风机": 1, "YSL唇膏": 1, "2019": 1, "犒劳": 1, "招": 1, "十全十美": 1, "豪礼": 1, "独宠": 1, "幸福": 1, "厨房": 1, "带": 1, "话题": 1, "4日": 1, "揪": 1, "幸运鹅": 1, "期间": 2, "多重": 1, "钜惠": 1, "寻鲤": 1, "启示": 1, "别样": 1, "宠": 1, "柳传志": 2, "上岸": 2, "联想": 5, "指控": 3, "卖国贼": 3, "从来": 1, "退休": 1, "站": 1, "杨元庆": 1, "身后": 1, "守": 1, "盯": 1, "撑": 1, "5月": 1, "经历": 1, "至暗": 1, "——": 2, "投票": 1, "风波": 1, "本身": 1, "近年": 1, "失误": 1, "加上": 1, "长期": 1, "吃": 1, "财政": 1, "定价": 1, "歧视": 1, "早就": 1, "诟病": 1, "民族": 1, "情绪": 1, "刺激": 1, "消费者": 1, "立刻": 1, "升级": 2, "美帝": 1, "良心": 1, "买办": 1, "O柳": 1, "传志": 1, "第二": 2, "测用": 2, "替换": 2, "诺基亚": 2, "21日": 2, "称": 3, "通讯": 4, "明年": 1, "意味着": 1, "该国": 1, "四": 1, "均": 1, "选择": 2, "5日": 1, "用户": 2, "中断": 1, "12": 1, "小时": 1, "发言人": 1, "希望": 2, "魏": 2, "|": 2, "男孩": 1, "自拍": 1, "太": 1, "可爱": 1, "杜拜": 1, "哈利法塔BurjKhalifaTower": 1, "广告": 1, "🐂": 1, "LGeorge": 1, "瓜瓜": 1, "微信": 1, "公号": 1, "日报": 1, "爱诸暨": 1, "消息": 3, "报销": 1, "费用": 1, "记者": 2, "核实": 1, "确有其事": 1, "捷方": 5, "高度": 4, "重视": 4, "国": 5, "战略": 4, "伙伴": 4, "中方": 5, "经贸": 3, "往来": 3, "务实": 3, "当天": 1, "张建敏": 3, "评价": 2, "发展": 3, "成就": 2, "进展": 2, "进一步": 2, "指出": 2, "毫无": 1, "事实": 1, "恶劣": 1, "影响": 4, "反对": 1, "纠正": 2, "错误": 2, "努力": 1, "措施": 1, "类似": 1, "事件": 4, "重演": 1, "切实": 1, "维护": 1, "合法": 2, "权益": 1, "近年来": 1, "中捷": 1, "快速": 1, "领域": 1, "交流": 2, "深化": 1, "一道": 1, "相互": 1, "尊重": 1, "互利": 1, "共赢": 1, "基础": 3, "双边": 1, "造福": 1, "人民": 1, "本月": 1, "17日": 1, "信息": 2, "办公室": 2, "民营": 1, "警示": 2, "提到": 1, "随后": 1, "为由": 1, "总理府": 1, "工作": 3, "人员": 1, "停止": 1, "争议": 1, "此前": 1, "涉及": 1, "王义": 1, "嗯嗯嗯嗯嗯": 1, "头箍": 1, "手上": 1, "圣诞节": 1, "快乐": 1, "哥哥": 1, "nova落": 1, "当面": 1, "24日": 1, "●": 1, "代言人": 1, "动态": 1, "｜": 1, "胡歌": 3, "官方": 2, "否认": 3, "领证": 2, "结婚": 3, "网友": 1, "爆料": 1, "章乐韵": 1, "接下来": 1, "出席": 1, "26日": 1, "荣耀": 2, "V20": 2, "北京": 1, "发布会": 1, "击碎": 1, "谣言": 1, "老胡": 1, "安心": 1, "胡": 1, "歌方": 1, "孟晚舟": 3, "业务": 2, "个案": 2, "收入": 2, "首超": 1, "1000亿": 3, "美元": 2, "距离": 1, "获释": 1, "未": 1, "消散": 1, "提出": 1, "质疑": 1, "担忧": 1, "美国": 1, "联盟": 3, "开出": 1, "禁入令": 1, "国内外": 1, "媒体": 1, "不实": 1, "内部": 1, "舆论": 1, "煎熬": 1, "庭审": 1, "克制": 1, "主动": 1, "发声": 1, "对内": 1, "安抚": 1, "对外": 1, "O华": 1, "超": 1, "失聪": 1, "儿童": 4, "绘声绘色": 1, "展现": 1, "读物": 1, "这是": 1, "StorySign": 3, "孩子们": 1, "礼物": 1, "强大": 2, "人工": 1, "智能": 2, "书面": 1, "文字": 1, "翻译": 1, "准确": 1, "手语": 2, "一个": 2, "名为": 1, "Star": 1, "动画": 1, "角色": 1, "屏幕": 1, "传达": 1, "聋哑": 3, "听力": 1, "障碍": 1, "享受": 2, "睡前": 1, "阅读": 2, "孩子": 1, "学习": 1, "感谢": 2, "AI": 3, "知识": 1, "公平": 1, "全球": 2, "荟": 1, "世界": 1, "声音": 1, "天生": 1, "听见": 1, "权利": 1, "联合": 1, "欧洲": 1, "聋哑人": 1, "研发": 1, "专属": 1, "利用": 1, "功能": 1, "书": 1, "中文字": 1, "转化": 1, "读书": 1, "乐趣": 1, "智慧": 1, "生活": 1, "美好": 1, "一路": 1, "#止": 1, "戈锐": 1, "评": 1, "拿下": 3, "大单": 2, "最新": 1, "马来西亚": 3, "韩国": 2, "工作组": 1, "邀请": 1, "集团": 3, "中信": 1, "参与": 1, "国内": 2, "商议": 1, "2019年": 1, "搭建": 1, "农协": 1, "银行": 1, "旗下": 2, "超过": 1, "800": 1, "分行": 1, "都会": 1, "采购": 1, "规模": 1, "突破": 1, "韩元": 1, "仅仅": 1, "全世界": 1, "内": 1, "25": 1, "商用": 1, "订单": 1, "CEO": 1, "任正非": 1, "研究": 2, "十几": 1, "聚集": 1, "三": 1, "四千": 1, "名": 1, "顶尖": 1, "科学家": 1, "业内": 1, "专家": 1, "大学": 1, "推动": 1, "试验": 1, "核心": 1, "要素": 1, "自主": 1, "掌控": 1, "五": 1, "眼": 1, "实质": 1, "政治": 2, "黑恶": 1, "团伙": 1, "面对": 1, "绞杀": 1, "非法": 1, "予以": 1, "针锋相对": 1, "行之有效": 1, "还击": 1, "挑出": 1, "澳大利亚": 1, "新西兰": 1, "市场": 1, "禁入": 1, "痛彻": 1, "骨髓": 1, "学会": 1, "做人": 1, "看好": 1, "O捷克": 1}