{"入手": 1, "华为": 107, "mate30pro": 1, "官网": 1, "配送": 1, "想象": 3, "快": 4, "真机": 1, "瘦长": 1, "倒是": 1, "适合": 1, "单手": 1, "偶尔": 1, "操作": 1, "数据": 6, "迁移": 1, "香🤗": 1, "🤗": 1, "🤗​": 1, "阿联酋": 1, "电信": 1, "5G": 19, "技术": 7, "‘": 1, "漏洞": 7, "’": 1, "证据": 2, "​": 13, "基站": 22, "量产": 6, "：": 11, "含": 8, "美国": 57, "零件": 7, "美": 4, "巨头": 6, "利润": 3, "暴跌": 5, "九成": 3, "近日": 3, "创始人": 1, "任正非": 5, "场": 1, "论坛": 1, "十月份": 2, "出货量": 3, "到达": 2, "每月": 3, "5000": 3, "台": 3, "值得": 2, "生产": 3, "零部件": 10, "差": 2, "众所周知": 2, "通信": 7, "核心": 3, "业务": 2, "此次": 2, "打压": 2, "水平": 2, "走到": 2, "世界": 9, "最前列": 2, "望尘莫及": 2, "竞争": 3, "落后": 2, "情况": 6, "国家": 4, "力量": 2, "介入": 2, "试图": 2, "压垮": 2, "企业": 16, "发展": 5, "时间": 6, "为此": 2, "实施": 2, "封锁": 4, "尤其是": 2, "半导体": 7, "领域": 2, "类型": 2, "断供": 7, "一蹶不振": 2, "反而": 5, "公布": 4, "系列": 6, "备胎": 2, "方案": 2, "如今": 2, "距离": 2, "半年": 2, "含有": 2, "摆脱": 2, "制造": 2, "依赖": 2, "排斥": 2, "合作": 8, "供应商": 2, "多年": 3, "当中": 4, "建立": 2, "深厚": 2, "感情": 4, "霸气": 2, "出于": 2, "因素": 2, "正是": 4, "真实": 2, "写照": 2, "美光": 6, "科技": 2, "发布": 4, "最新": 2, "期": 2, "财报": 7, "显示": 3, "财季": 3, "营收": 2, "50亿": 2, "美元": 6, "去年": 4, "同期": 4, "减少": 2, "将近": 4, "一半": 3, "净利润": 4, "5亿多": 2, "四十多亿": 2, "同比": 4, "9成": 2, "高通": 6, "黯然": 2, "神伤": 2, "仅仅": 2, "下降": 2, "13%": 2, "市场": 3, "份额": 2, "进一步": 3, "降低": 4, "原因": 4, "越来越": 3, "芯片": 8, "损失": 3, "客户": 2, "份": 4, "公开": 2, "英": 2, "伟达": 2, "、": 14, "英特尔": 2, "超威": 2, "股价": 2, "全线": 2, "下跌": 2, "正好": 1, "清晰": 1, "都": 15, "美方": 2, "递交": 1, "恢复": 1, "申请": 1, "至今": 1, "未": 2, "给出": 1, "回复": 1, "反观": 2, "逼": 2, "释放": 2, "能量": 2, "不用": 2, "脸色": 2, "程度": 2, "一个": 10, "忙": 2, "领先": 2, "优势": 2, "松懈": 2, "更进一步": 2, "P9": 1, "P30Pro": 1, "不知不觉": 1, "四": 3, "P系列": 1, "旗舰": 1, "手机": 11, "希望": 2, "明年": 4, "P40Pro": 1, "拍照": 2, "突破": 2, "自我": 1, "O华": 1, "同学": 1, "iPhone11": 2, "Mate30Pro好": 1, "看​": 1, "mate30": 2, "崩坏": 1, "3": 2, "测试": 3, "暂时": 2, "作废": 1, "画质": 2, "分辨率": 4, "条件": 1, "固定": 1, "更新": 3, "修复": 3, "补充": 1, "现阶段": 1, "选择": 2, "1080p": 3, "屏幕": 4, "锁定": 1, "图1": 1, "相机": 2, "拍": 1, "左边": 2, "mate30Pro": 3, "右边": 2, "黑鲨": 2, "2Pro": 2, "三星OLED": 1, "肉眼": 2, "发糊": 1, "显微镜": 1, "线条": 2, "像素": 2, "渲染": 2, "排除": 1, "焦": 1, "差别": 1, "确实": 3, "截图": 1, "对比": 3, "数侧": 1, "边缘": 1, "锯齿": 1, "大体": 1, "判断": 1, "720p": 1, "CG": 1, "贴画": 1, "影响": 2, "发现": 4, "款": 5, "游戏": 2, "照常": 1, "采用": 2, "官服": 2, "服降": 1, "这次": 3, "降": 1, "大概率": 1, "才": 5, "学会": 1, "广角": 2, "功能": 1, "搞机": 1, "讨论": 1, "从来": 1, "撕": 1, "很": 4, "好奇": 1, "提到": 1, "咬": 2, "真成": 1, "养": 1, "狗": 4, "粮": 1, "忠心": 1, "护主": 1, "品牌": 1, "真的": 2, "一家": 1, "群": 2, "弄": 1, "恶心": 1, "谷歌": 3, "安卓": 4, "系统": 9, "高危": 3, "波及": 2, "18": 3, "设备": 5, "小米": 11, "三星": 4, "中招": 1, "10月": 4, "4日": 1, "至少": 2, "现实": 3, "实例": 1, "并称": 1, "以色列": 1, "NSO": 1, "集团": 1, "利用": 1, "O谷歌": 1, "招​": 1, "预定": 1, "波": 1, "热搜": 1, "自研": 4, "电脑": 12, "鸿蒙": 3, "OS": 1, "紧张": 1, "发": 1, "提": 1, "台式": 1, "笔记本": 3, "荣耀": 5, "Magicbook": 1, "OK": 1, "！": 17, "全国": 1, "架构": 1, "搭载": 3, "国产": 2, "正式": 1, "商用": 2, "时期": 1, "暂代": 1, "朋友": 1, "微软": 1, "关系": 2, "售卖": 1, "阻止": 1, "产品": 5, "兵来将挡": 1, "水来土掩": 1, "应对": 1, "措施": 1, "到时候": 1, "网络": 2, "谣言": 1, "不攻自破": 1, "原图": 1, "本来": 1, "P": 1, "评论": 1, "一开始": 1, "解释": 1, "目的": 1, "引出": 1, "文案": 1, "怪": 1, "配图": 1, "失误": 2, "附议": 1, "赶快": 1, "把手": 1, "换成": 1, "2020年": 1, "校招": 1, "这是": 4, "陌生": 1, "打造": 1, "信息": 2, "无障碍": 1, "体验": 3, "视障": 1, "人士": 1, "拥抱": 1, "光明": 1, "热爱": 1, "赛跑": 1, "拖": 1, "前行": 1, "L华": 1, "中国": 6, "视频": 4, "事情": 3, "好处": 1, "想": 3, "庆幸": 1, "爆": 2, "肯定": 1, "爱国": 1, "营销": 2, "很多": 2, "数码": 3, "大v": 2, "夸": 2, "好事": 1, "留名": 1, "国庆": 1, "阅兵": 3, "官兵": 1, "送": 3, "平板": 5, "主动": 2, "宣传": 3, "讽刺": 1, "事实": 1, "真相": 1, "部队": 1, "统一": 1, "采购": 2, "畅玩": 1, "如果说": 1, "大V": 1, "反倒": 3, "默不作声": 1, "归根结底": 1, "偏见": 1, "厂商": 1, "踩": 1, "千亿": 1, "网上": 3, "搞": 2, "舆论": 2, "每次": 1, "出事": 1, "呼声": 1, "互联网": 1, "弱者": 1, "一点": 3, "代表": 2, "销量": 1, "口碑": 1, "做好": 2, "研发": 6, "一旁": 1, "推波助澜": 1, "导致": 1, "发酵": 1, "7万": 1, "气球": 1, "可爱": 1, "占": 2, "全球": 2, "总量": 1, "三分之二": 2, "相关": 1, "消息": 1, "振奋": 1, "人心": 1, "贡献": 1, "1华": 1, "天罡": 2, "超高集": 1, "成度": 1, "超强": 2, "运算": 1, "能力": 1, "以往": 1, "性能": 1, "增强": 1, "2.5": 1, "倍": 1, "一步到位": 1, "未来": 1, "部署": 1, "需求": 1, "锤": 2, "购买": 1, "伙伴": 1, "30年": 1, "挣钱": 1, "别人": 1, "挣": 1, "开放": 1, "买": 3, "全球化": 1, "平衡": 1, "预计": 1, "引进": 1, "总产量": 1, "翻倍": 1, "产值量": 1, "60万": 1, "150万": 1, "4": 1, "50多": 1, "合同": 1, "遍布": 1, "大洲": 1, "建设": 1, "5华": 1, "半": 1, "米": 1, "4G": 2, "搬动": 1, "安装": 1, "节省": 1, "35%": 1, "6": 1, "若干": 1, "人类": 1, "智能": 2, "基础": 1, "电竞": 1, "肝帝": 1, "翻译": 4, "有道": 1, "大概": 1, "比赛": 1, "奖金": 1, "运营": 1, "经费": 3, "不大": 1, "懂": 1, "韩语": 1, "天差地别": 1, "三": 3, "@": 3, "三子": 2, "提供": 1, "感觉": 1, "准确": 1, "通顺": 1, "原文": 1, "尽头": 1, "结束": 2, "删": 1, "万事大吉": 1, "正确": 1, "xxx_iffy_yyyyyO": 1, "网页": 1, "链接": 1, "恶劣": 1, "令人作呕": 1, "充电宝": 3, "超级": 1, "快充": 2, "发烫": 2, "npy": 1, "家里": 2, "爸妈": 1, "满意": 1, "喜欢": 3, "三点": 1, "容量": 1, "速度": 1, "10000": 1, "毫安": 1, "飞机": 1, "满电": 1, "2-3": 1, "妥妥": 1, "；": 2, "supercharge款": 1, "比用": 1, "充电线": 1, "大小": 1, "7": 1, "差不多": 1, "抓": 1, "舒服": 1, "包": 1, "放": 1, "国货": 1, "大牌": 1, "多重": 1, "保护": 1, "唯一": 2, "充多久": 1, "摸": 1, "凉凉": 1, "失手": 1, "星人": 1, "摔": 1, "好多": 1, "坏": 1, "Mate20pro": 1, "穿上": 1, "军装": 1, "迷彩": 2, "堪称": 1, "酷": 1, "壳": 1, "Mate20": 2, "浴霸": 1, "设计": 1, "具备": 1, "辨识度": 1, "掩护": 1, "细心": 1, "网友": 1, "岂止": 1, "海军": 1, "空军": 1, "优选": 2, "M6": 1, "M5Pro": 1, "陆军": 1, "特战队": 1, "摄像头": 2, "参加": 1, "舰载机": 1, "飞行员": 1, "标准": 1, "#​": 1, "眼睛": 1, "假期": 3, "游": 1, "打开": 1, "震撼": 1, "视界": 3, "Mate30": 3, "1600万": 1, "超广角": 1, "摄影": 1, "摄像": 1, "带给": 1, "广阔": 2, "束缚": 1, "方寸": 1, "装下": 1, "天地": 1, "摄影师": 1, "李珩": 1, "Kakaphoto": 1, "(": 1, "卡卡": 1, ")": 1, "1日": 1, "加拿大": 4, "总裁": 1, "女儿": 1, "孟晚舟": 11, "离开": 1, "监视": 1, "居住": 1, "豪宅": 1, "前往": 1, "法院": 1, "媒体": 1, "表达": 1, "祖国": 3, "生日": 2, "祝福": 1, "天涯": 1, "海角": 1, "永远": 1, "L中": 1, "秒拍": 1, "十一": 1, "第六": 1, "快要": 1, "还好": 1, "带": 1, "Pro​": 1, "挖": 1, "PRO": 1, "9Pro": 1, "层面": 1, "除外": 1, "深层次": 1, "海思": 4, "正面": 1, "角逐": 1, "当年": 1, "刚": 1, "拼命": 1, "亏钱": 1, "卖掉": 1, "赶上": 1, "08年": 1, "金融": 1, "危机": 1, "卖出": 2, "...": 2, "卖": 1, "……": 1, "只能": 1, "赚": 3, "钱": 5, "补贴": 2, "04年": 1, "成立": 1, "04~14": 1, "年间": 1, "国外": 1, "国内": 1, "冷嘲热讽": 1, "亏损": 3, "10年": 1, "靠着": 1, "棵": 1, "大树": 1, "勉强": 1, "活": 2, "亏出": 1, "为过": 1, "刚刚": 1, "盈利": 1, "公司": 2, "抗衡": 2, "百年": 1, "美帝": 4, "尖端": 2, "1": 1, "33": 2, "残酷": 1, "东西": 2, "xlinx": 1, "FPGA": 2, "好几十年": 1, "盆满钵满": 1, "缺": 1, "良性": 1, "循环": 1, "傲视": 1, "群雄": 1, "分到": 1, "部门": 1, "几十": 1, "人和": 1, "可怜": 1, "键盘侠们": 1, "麒麟": 2, "不行": 1, "消费者": 3, "坑": 1, "爱国税": 2, "智商税": 1, "私营": 1, "目标": 1, "小钱": 1, "大部分": 1, "买单": 1, "友商": 1, "恨不得": 1, "赶紧": 1, "死": 1, "+": 1, "智商": 1, "税": 1, "千亿千亿": 1, "终于": 2, "换来": 1, "980": 2, "苹果": 2, "SOC": 1, "并肩": 1, "疯狂": 1, "黑": 1, "晓龙": 1, "代差": 1, "高端": 1, "杠": 1, "精别": 1, "A11": 1, "那种": 1, "基带": 1, "牺牲": 1, "信号": 1, "续航": 1, "加油": 2, "盲猜": 1, "Mate30Pro": 1, "点评": 1, "贵阳": 1, "EMUI": 1, "10": 1, "居然": 1, "连选": 1, "相册": 1, "一行": 1, "照片": 1, "？？？": 1, "iOS": 1, "定制": 1, "笑": 1, "L晴天": 1, "披沥": 1, "同行": 1, "小伙伴": 1, "死亡": 1, "拍摄": 1, "白色": 3, "落": 1, "道": 1, "定汉": 1, "服​": 1, "官方": 4, "律师": 4, "度": 1, "承认": 2, "拘捕": 2, "程序": 5, "孟": 1, "转交": 2, "FBI": 2, "本周": 1, "首度": 1, "庭上": 1, "去年底": 1, "首席": 1, "财务官": 1, "错误": 1, "加国": 3, "停止": 1, "引渡": 2, "周四": 1, "3日": 1, "指控": 1, "皇家": 1, "骑警": 1, "电子": 2, "序列号": 1, "密码": 2, "联邦": 1, "调查局": 1, "违反": 1, "引渡法": 1, "律师团": 1, "指出": 1, "搜查": 1, "搜集": 1, "不利": 1, "法律": 1, "学者": 1, "狡辩": 1, "判定": 1, "被捕": 1, "终止": 1, "重获": 1, "自由": 1, "祝": 1, "快乐": 1, "维修": 1, "价格": 1, "感受": 1, "下​": 1, "辟谣": 1, "玻璃": 1, "airglass": 1, "闪光灯": 2, "双led": 1, "氙气": 1, "防抖": 1, "记忆": 1, "合金": 1, "工程师": 1, "找到": 1, "拆机": 1, "拆": 1, "碎": 1, "回头": 1, "确认": 1}