{"华为": 66, "平板": 2, "M6": 2, "异地": 1, "恋": 1, "​": 17, "这次": 1, "来到": 1, "厦门": 1, "nova涂鸦墙": 1, "打卡": 1, "！": 14, "带上": 1, "nova5": 2, "Pro": 1, "拍照": 3, "真的": 3, "超级": 2, "好看": 3, "前置": 1, "3200万": 1, "像素": 1, "自带": 1, "人像": 2, "夜景": 1, "模式": 1, "晚上": 1, "颜色": 1, "饱和度": 1, "很": 2, "光线": 1, "般的": 1, "情况": 1, "拍出": 1, "随便": 1, "拍": 2, "都": 6, "~": 1, "款": 5, "手机": 25, "颜值": 1, "太": 1, "吸睛": 1, "珊瑚": 1, "橙": 1, "机身": 1, "美到": 1, "炫酷": 1, "推荐": 1, "爱": 2, "宝贝们": 1, "辞掉": 2, "工作": 3, "10万": 6, "农民": 6, "设计": 6, "住房": 6, "20万": 2, "建": 2, "农村": 14, "别墅": 2, "房子": 11, "千篇一律": 3, "刘涛": 4, "希望": 3, "：": 13, "站": 3, "山头": 3, "指": 3, "我家": 3, "门牌号": 3, "才能": 3, "找到": 3, "辞职": 3, "请": 6, "设计师": 3, "针对": 4, "中国": 6, "定向": 4, "开发": 4, "1200多": 4, "套": 4, "户型": 4, "图纸": 4, "淘宝": 3, "销售": 3, "5": 2, "年内": 2, "建造": 2, "心仪": 2, "你家": 4, "长": 5, "样子": 4, "L": 5, "谈": 4, "秒拍": 8, "视频": 13, "这几天": 1, "刘德华": 1, "热点": 1, "空姐": 1, "合照": 1, "Mate20Pro": 1, "宣传": 1, "电影": 1, "P30Pro": 1, "辨识度": 1, "感觉": 1, "身边": 1, "越来越": 2, "明星": 1, "偷税": 1, "吸毒": 1, "原谅": 1, "袁隆平": 1, "买": 5, "羞辱": 1, "这才": 1, "时代": 2, "悲哀": 1, "AI": 3, "学习": 3, "唐乐": 1, "编曲": 4, "报道": 4, "近日": 2, "尝试": 1, "古乐": 2, "规律": 2, "唐代": 1, "诗文": 1, "春江花月夜": 3, "再现": 1, "1300": 1, "年前": 1, "声音": 2, "首款": 10, "5G": 22, "确认": 1, "7月": 2, "26日": 3, "发布": 5, "星期五": 1, "深圳": 2, "坂田": 1, "基地": 1, "此前": 1, "@": 7, "Mate20": 2, "X": 2, "机型": 2, "终端": 6, "电信": 3, "设备": 2, "进网": 3, "许可证": 5, "Mate20X5G": 1, "搭载": 1, "巴龙": 3, "5000": 3, "基带": 1, "芯片": 3, "自研": 1, "采用": 1, "7nm": 1, "工艺": 1, "制程": 1, "支持": 4, "单芯": 1, "多模": 1, "SA（5G": 1, "独立": 2, "组网": 2, "NSA": 1, "购买": 1, "口碑": 1, "程度": 2, "？？？": 1, "想象": 1, "大跌眼镜": 1, "目瞪口呆": 1, "心服口服": 1, "五体投地": 1, "闲": 1, "没事": 1, "对比": 1, "同事": 1, "猜": 2, "无一例外": 1, "右边": 4, "肯定": 1, "动态": 1, "他用": 1, "iPhone": 1, "一下子": 1, "明白": 1, "成功": 1, "民心者": 1, "天下": 1, "亲情": 1, "记事": 1, "本/2019年": 1, "记录": 2, "亲人": 1, "影像": 3, "不止": 1, "大赛": 1, "众生": 1, "相#": 1, "券商": 1, "工业": 1, "大麻": 1, "环保": 1, "氢": 1, "能源": 1, "ETC": 1, "选择": 1, "短线": 1, "品种": 1, "参考": 1, "3048": 1, "清仓": 1, "试": 1, "2907": 1, "回补": 1, "一部分": 1, "仓位": 1, "。。。。。": 1, "浅见": 1, "风险": 1, "自理": 1, "质量": 1, "发展": 1, "粤": 1, "粤靓": 1, "出口": 4, "比例": 2, "衡量": 1, "制造型": 1, "企业": 5, "能力": 2, "唯一": 2, "标准": 1, "全球": 1, "第二": 1, "覆铜膜": 1, "生产商": 1, "广东": 1, "生益": 1, "科技": 1, "股份": 1, "有限公司": 1, "副总经理": 1, "嘉林": 1, "今日": 1, "采访": 1, "东莞": 1, "早年": 1, "拥有": 1, "海外": 1, "订单": 1, "制造": 1, "中心": 1, "改革": 1, "开放": 1, "四十": 1, "年后": 1, "国内": 6, "、": 23, "中兴": 1, "海尔": 1, "美的": 1, "需求": 1, "大头": 1, "国外": 2, "设立": 1, "合资厂": 1, "转化": 1, "内销": 1, "内需": 1, "进出口": 1, "一个": 4, "记者": 3, "陆浩婷": 1, "瑾": 1, "焦洁": 1, "勇气": 4, "文章": 2, "造谣": 2, "诽谤": 1, "耍": 1, "无赖": 1, "烂": 1, "钱": 1, "带": 3, "节奏": 1, "反串": 1, "黑": 1, "搞": 3, "双标": 1, "不少": 1, "好意思": 1, "勇": 1, "气": 1, "恶意": 1, "道歉": 1, "头条": 1, "走近": 2, "吧主": 2, "骑士团": 2, "成员": 2, "O": 1, "转关": 1, "Zendure": 2, "抽": 1, "送出": 1, "A3PD": 1, "电源": 2, "+": 1, "条": 1, "PD": 1, "快充": 2, "数据线": 1, "旗舰": 2, "SuperTank": 1, "P30": 1, "7Pro": 1, "小米": 5, "9": 1, "MacBookPro": 1, "笔记本": 1, "MateBook": 1, "快速": 1, "满血": 1, "复活": 1, "27000": 1, "mAh": 1, "飞机": 1, "出差": 1, "长途": 1, "旅行": 1, "拍摄": 1, "人群": 1, "简直": 1, "必备": 1, "神器": 1, "O抽奖": 2, "详情": 2, "全民": 1, "宠粉": 1, "计划": 1, "抽奖": 1, "平台": 1, "西安": 1, "影视": 1, "公司": 10, "新品": 1, "古韵": 1, "发现": 1, "估计": 1, "才": 4, "技术": 1, "研发": 1, "投入": 1, "古诗词": 2, "注入": 1, "韵律": 1, "灵魂": 1, "听到": 1, "时间": 1, "流淌": 1, "HUAWEIMate20Pro": 1, "AI识曲": 1, "找寻": 1, "还原": 1, "盛唐": 1, "气象": 1, "诗歌": 1, "谱调": 1, "再次": 1, "奏响": 1, "领会": 1, "1300年": 1, "别样": 1, "唐曲": 1, "韵味": 1, "L华": 3, "官方": 2, "​​​": 1, "3000": 1, "档位": 1, "热门": 1, "汇总": 1, "1": 1, "iQOO2": 1, "93": 1, "nova5Pro4": 1, "荣耀": 1, "20Pro5": 1, "76": 1, "红米K20Pro7": 1, "魅族": 1, "16s8": 1, "黑鲨": 1, "游戏": 1, "29": 1, "红魔3": 1, "台": 1, "值得": 2, "习惯": 1, "匆忙": 2, "生活": 1, "错过": 1, "美好": 2, "系列": 3, "拾光": 1, "挖": 1, "同学": 1, "工程师": 1, "政府": 2, "汇丰": 1, "为啥": 1, "老": 1, "捅刀": 1, "来源": 1, "乌鸦": 1, "校尉": 1, "光芒": 1, "悄悄": 1, "溜走": 1, "消失": 1, "茫茫": 1, "夜色": 1, "之中": 1, "抓到": 1, "担心": 1, "一点": 1, "微光": 1, "轻松": 2, "捕获": 1, "HUAWEIP": 1, "30": 1, "未来": 1, "推出": 1, "7000": 3, "块": 1, "智能": 3, "——": 1, "双模": 1, "全网通": 2, "(": 1, ")": 1, "发布会": 1, "工信部": 1, "审查": 1, "拿到": 1, "入网": 1, "双卡": 1, "无需": 1, "换卡": 1, "换号": 1, "迁移": 1, "黄鑫": 1, "元": 2, "平行": 1, "视界": 1, "开启": 1, "戳": 1, "玩转": 1, "分屏": 1, "评论区": 1, "分享": 1, "有趣": 1, "玩法": 1, "任正非": 3, "学": 3, "IBM": 2, "思科": 1, "微软": 1, "花": 2, "大钱": 1, "顾问": 4, "郭台铭": 1, "不屑": 1, "拿起": 1, "手表": 1, "一眼": 1, "告诉": 1, "几点钟": 1, "收费": 1, "花上": 1, "亿": 1, "美元": 4, "团队": 3, "管理": 3, "价钱": 1, "改进": 1, "丰田": 1, "董事": 1, "退休": 1, "高级": 1, "10年": 1, "德国": 1, "工程": 2, "研究院": 1, "十几": 1, "生产": 3, "过程": 1, "走向": 3, "科学化": 1, "正常化": 1, "几万": 1, "块钱": 1, "产品": 2, "几百亿": 1, "上千亿": 1, "花好多亿": 1, "顾问费": 1, "走出": 1, "国门": 1, "全世界": 1, "交付": 1, "世界": 1, "各国": 1, "第一": 1, "规范化": 1, "往前": 1, "想": 2, "简单": 1, "陕北": 2, "汉子": 2, "打破": 1, "沉闷": 1, "印象": 1, "市场": 2, "大众": 1, "忽略": 1, "有人": 1, "餐似": 1, "师傅": 1, "村口": 1, "栋": 1, "盖": 1, "座": 1, "乡村": 1, "建房": 1, "缺失": 1, "三": 1, "合伙人": 1, "淘宝店": 1, "一家": 1, "性格": 1, "色彩": 1, "真机": 1, "三星": 2, "Note10": 2, "Mate30": 2, "喜欢": 2, "感触": 1, "互联网": 1, "一点一滴": 1, "改变": 1, "农村人": 1, "方式": 1, "美国": 6, "财长": 2, "敦促": 3, "美": 2, "申请": 3, "供货": 2, "华尔街": 1, "日报": 1, "11日": 1, "知情": 2, "人士": 2, "称": 2, "姆努钦": 3, "供应商": 1, "尽快": 1, "进展": 1, "特朗普": 1, "强硬": 1, "立场": 1, "近期": 1, "逆转": 1, "官员": 1, "努力": 1, "北京": 1, "达成": 1, "协议": 1, "分歧": 1, "管制": 1, "事项": 1, "美国商务部": 1, "负责": 1, "财政部": 1, "参与": 1, "黑名单": 1, "熟悉": 1, "相关": 1, "活动": 1, "透露": 1, "贸易": 1, "紧张": 1, "局势": 1, "冲击": 1, "接触": 1, "O美媒": 1, "豁免": 1, "故宫": 5, "合作": 1, "即将": 1, "来临": 1, "……": 1, "报名": 2, "修": 3, "考上": 1, "研究生": 1, "4万多": 1, "单霁翔": 1, "名牌": 1, "大学": 1, "硕士": 1, "机会": 1, "L中": 1, "广告费": 1, "L头号": 1, "患者": 1, "喜讯": 1, "CPEPro": 1, "无线": 1, "数据": 1, "路由器": 1, "赋": 1, "始终": 1, "走": 1, "行业": 1, "前沿": 1, "率先": 1, "消费者": 1, "带来": 1, "极速": 1, "联接": 1, "体验": 1}