{"易烊": 6, "千": 4, "玺": 4, "四": 9, "字": 10, "弟弟": 2, "yyqx": 2, "唱歌": 4, "yy": 4, "qx": 14, "跳舞": 2, "帅好": 2, "看好": 2, "听": 3, "szdd四": 2, "好看": 2, "四字帅": 2, "好听yy": 2, "x华为yyqx": 2, "中戏": 2, "双料": 2, "第一yyqx帅yy": 2, "casescyyqx": 2, "对不起yy": 2, "千禧龙yy": 2, "qxlyyqxinsyyqxdvyyqx": 2, "舞台": 2, "yyqxysfyy": 2, "casescyy": 2, "qx猫yy": 2, "@": 5, "TFBOYS": 2, "千玺": 3, "烊": 3, "军训": 1, "金灿荣": 3, "香港": 4, "演讲": 2, "(": 2, "完整版": 2, ")": 2, "美国": 9, "趴下": 2, "五": 2, "老二": 2, "国家": 2, "中国": 11, "一个": 7, "都": 9, "优点": 2, "发起": 2, "贸易战": 3, "、": 27, "封杀": 2, "华为": 37, "干涉": 2, "事务": 2, "皆": 2, "遏制": 2, "发展": 2, "以此": 2, "保住": 2, "长期": 2, "领域": 2, "综合": 2, "国力": 2, "霸主": 2, "地位": 2, "时间": 1, "长": 1, "建议": 2, "先码": 1, "！": 27, "走心": 1, "视频": 8, "L微": 1, "丢": 1, "秒拍": 4, "​": 18, "敲敲": 3, "康康": 1, "名": 1, "侦探": 1, "柯南": 1, "上线": 2, "GENTLEMONS": 5, "TER华": 5, "智能": 9, "眼镜": 6, "港": 6, "高铁": 10, "5G": 8, "全线": 4, "覆盖": 4, "近日": 2, "广东": 2, "公司": 8, "发布": 4, "消息": 2, "称": 2, "合作": 3, "全覆盖": 2, "全国": 3, "第一": 3, "条": 2, "线路": 2, "想": 5, "体验": 2, "网速": 2, "疾驰": 2, "快感": 2, "L": 2, "新华": 3, "视点": 3, "明星": 1, "偷税": 1, "吸毒": 1, "原谅": 1, "袁隆平": 1, "买": 2, "手机": 4, "羞辱": 1, "这才": 2, "时代": 1, "悲哀": 1, "✨": 2, "28": 1, "走近": 1, "混造O": 1, "Z世代": 1, "孩子": 1, "干杯": 1, "千玺K": 1, "陷落": 1, "美好": 1, "KFall-TFBOYS": 1, "千玺cr": 1, ".": 2, "L易": 1, "阿华": 1, "灵魂": 1, "刚刚": 2, "功能": 2, "酷": 4, "评论": 3, "答案": 1, "~": 2, "废青": 1, "激光笔": 1, "照射": 1, "警察": 1, "P30": 2, "PRO": 1, "超远": 1, "距离": 1, "变焦": 1, "拍下": 1, "面孔": 1, "华为p30": 1, "货": 1, "抓": 1, "L污": 1, "底线": 1, "女神": 1, "转评": 1, "抽送": 1, "YOYO": 1, "音箱": 1, "校园": 4, "AI": 2, "势力": 2, "DIGIX·人工": 1, "创新": 3, "大赛": 2, "54万": 1, "元": 3, "奖金": 1, "归属": 1, "揭晓": 1, "护心": 1, "动态": 1, "心电": 1, "检测仪": 1, "AR足球": 1, "观赛": 1, "摘取": 1, "硬件": 1, "赛道": 1, "桂冠": 1, "戳": 1, "长图": 1, "见证": 1, "荣耀": 1, "本次": 2, "展示": 1, "年轻": 2, "活力": 1, "开发者": 2, "联盟": 1, "持续": 1, "助力": 1, "期待": 1, "更多": 1, "盟友": 1, "参与": 1, "开放": 1, "引领": 1, "未来": 1, "O抽奖": 1, "详情": 1, "壳": 1, "挖掘": 1, "信息": 1, "Mate30": 1, "疑似": 2, "保留": 2, "3.5": 1, "耳机": 1, "孔": 1, "Mate30Pro": 1, "电源键": 1, "机身": 1, "比例": 1, "修长": 1, "款": 1, "底部": 1, "扬声器": 1, "开孔": 1, "闪光灯": 1, "奥利奥": 1, "镜头": 1, "布局": 1, "设计": 1, "三星": 1, "iQOO": 1, "中兴": 2, "台": 2, "送": 1, "主力机": 1, "选": 1, "台​": 1, "山海经": 1, "传": 1, "江湖": 1, "特朗普": 13, "：": 34, "禁": 10, "芯片": 9, "麒麟": 1, "操作": 1, "系统": 2, "鸿蒙": 2, "禁止": 1, "SD": 1, "NM": 1, "ARM": 2, "架构": 1, "魔改版": 1, "基带": 1, "巴龙": 1, "服务器": 2, "鲲鹏": 1, "平台": 1, "泰山": 1, "路由器": 1, "凌霄": 1, "人工": 1, "昇腾": 1, "基站": 1, "天罡": 1, "蓝牙": 2, "138": 1, "米": 1, "超级": 1, "到底": 2, "系列": 3, "昆仑": 1, "金刚": 1, "玄武": 1, "乾坤": 1, "鸿雁": 1, "磬石": 1, "浩天": 1, "白虎": 1, "鸿鹄": 1, "饕餮": 1, "火龙": 1, "紫龙": 1, "威凤": 1, "青牛": 1, "腾蛇": 1, "灵犀": 1, "青鸟": 1, "朱雀": 1, "丹雀": 1, "…………": 1, "不许": 1, "骗": 1, "谈谈": 1, "没空": 1, "扯蛋": 1, "老子": 1, "忙": 1, "研发": 1, "6G": 1, "7G": 1, "网友": 1, "头条": 1, "文章": 1, "高低": 2, "切换": 3, "赚钱": 2, "季": 1, "": 1, "财经": 1, "每日": 1, "必读": 1, "周五": 1, "深圳": 4, "/": 1, "+": 2, "股权": 1, "金融": 1, "科技": 3, "概念": 1, "主板": 1, "放量": 1, "上涨": 1, "15": 1, "分钟": 1, "分时": 1, "顶": 1, "背离": 1, "预设": 2, "明日": 3, "回踩": 2, "需求": 1, "观察": 4, "成交量": 1, "放大": 1, "强势": 1, "股": 1, "接力": 1, "衰减": 1, "热点": 1, "板块": 3, "轮动": 1, "快": 1, "九鼎": 1, "新材": 1, "非科": 1, "创板": 1, "情绪": 2, "标杆": 2, "周末": 1, "消息面": 1, "影响": 1, "高标": 1, "获利": 1, "盘锁": 1, "仓意": 1, "降低": 1, "逢高止盈": 1, "科创板": 2, "调整": 2, "耐心": 2, "企稳": 2, "龙头": 1, "沃尔德": 1, "重点": 1, "交控": 1, "瀚川": 1, "福光": 1, "股份": 1, "航天": 1, "宏图": 1, "中微": 1, "嘉元": 1, "铂力特": 1, "活跃": 1, "品种": 2, "清洗": 1, "浮筹": 1, "分化": 1, "等待": 1, "关注": 1, "盘中": 1, "逆市": 1, "狩猎": 1, "PS": 2, "2800": 1, "机会": 5, "大于": 1, "风险": 1, "推升": 1, "仓位": 1, "O高低": 1, "怀疑": 1, "大快": 1, "读者": 1, "抢段": 1, "子手": 1, "饭碗": 1, "证据": 1, "O": 1, "网页": 1, "链接": 1, "幕后": 1, "大BOSS": 1, "用n": 1, "敲棒": 1, "礼物": 2, "勾搭": 1, "无数": 1, "梗王": 1, "nova5i": 1, "……": 2, "关心": 1, "戳图": 1, "真相": 1, "心动": 1, "下场": 1, "秀": 1, "瞅": 2, "👀": 1, "场": 1, "比赛": 1, "算": 2, "满意": 1, "😄😎": 2, "终端": 1, "官方": 1, "Readingcomments👀": 1, "Prettygoodfeedbackafteryesterday": 1, "’": 1, "smatch": 1, "HuaweiP": 1, "30": 2, "Pro​": 1, "林": 1, "煐岷": 1, "清晰": 1, "版本": 1, "目不转睛": 1, "顺便": 1, "追星": 1, "女孩": 1, "L林煐岷": 1, "薄荷": 1, "巧克力": 1, "食堂": 1, "早上": 1, "散步": 1, "儿子": 3, "介绍": 1, "解释": 1, "打压": 1, "绑架": 1, "孟晚舟": 1, "来龙去脉": 1, "腾腾": 2, "明白": 1, "——": 2, "班": 1, "成绩": 3, "很": 4, "学生": 3, "害怕": 1, "赶上": 1, "办法": 1, "打扰": 1, "学习": 3, "希望": 2, "打乱": 2, "别人": 3, "阻止": 1, "追赶": 1, "大赞": 1, "正当": 1, "手段": 1, "太": 3, "坏": 1, "提高": 1, "无益": 1, "考学": 1, "全省": 1, "排名": 2, "跟班": 1, "关系": 1, "不大": 1, "结论": 1, "蠢事": 1, "天呐": 1, "神人": 1, "将来": 1, "心理": 2, "医生": 1, "到时": 1, "川普": 3, "在世": 1, "做做": 1, "疏导": 1, "难道": 1, "晓明": 1, "哥": 1, "秒到": 1, "！！！！": 1, "黑客": 1, "帝国": 1, "视感": 1, "打电话": 2, "脑补": 1, "炫酷": 1, "特工": 1, "情节": 1, "造型": 1, "真的": 1, "L哈俠": 1, "Note10": 1, "支持": 3, "模拟": 3, "输出": 5, "插": 1, "小米": 1, "转接线": 2, "官网价": 1, "9.9": 1, "29": 1, "显示": 2, "16s": 2, "硬核": 1, "数字": 2, "输出线": 1, "音质": 1, "卖": 1, "169": 1, "魅线": 1, "缺货": 1, "接上": 2, "DC02": 1, "带": 2, "音频": 2, "全局": 1, "工作": 2, "~配": 1, "AK": 1, "G动圈": 1, "自然": 1, "USB": 1, "声卡": 1, "…": 1, "感觉": 1, "时尚": 1, "颜色": 1, "吉利": 1, "汽车": 1, "将要": 1, "搭载": 1, "重磅": 1, "mate20": 1, "mate20Pro": 1, "价格": 2, "美丽": 1, "毕竟": 1, "mate30": 1, "快要": 1, "座": 1, "城市": 4, "平均": 1, "创业": 5, "年龄": 1, "27": 1, "岁": 4, "25": 1, "华强北": 1, "50": 1, "亿": 1, "富翁": 1, "粤海": 1, "街道": 1, "走出": 1, "大疆": 1, "迈瑞": 1, "创维": 1, "康佳": 1, "出名": 1, "老": 1, "企业": 1, "听说": 1, "30多": 1, "有钱人": 1, "能力": 1, "赚": 2, "很多": 2, "钱": 2, "年轻人": 1, "好几": 1, "成功": 1, "30岁": 1, "1": 1, "普通人": 1, "1辈子": 1, "胆子": 1, "技能": 1, "积累": 1, "打工": 3, "误解": 1, "从来": 1, "创业者": 1, "天堂": 1, "优秀": 1, "男人": 1, "合适": 1, "放屁": 1, "工资": 5, "腾讯": 1, "吹": 1, "高管": 1, "反而": 2, "有名": 1, "低": 1, "职场": 1, "现实": 1, "BAT": 1, "财富": 1, "自由": 2, "做梦": 1, "天才": 1, "涨": 1, "毕业": 1, "3": 1, "当务之急": 1, "一家": 1, "背": 1, "背景": 2, "指望": 1, "财务": 1, "敲": 2, "给力": 1, "告诉": 1, "改宝": 1, "日常": 1, "亲子": 1, "投稿": 1, "对着": 1, "云彩": 2, "发呆": 1, "小朋友": 1, "世界": 1, "漫天": 1, "藏": 1, "浪漫": 1, "故事": 1, "​​": 2, "金融界": 1, "华尔街": 1, "输": 1, "明年": 1, "大选": 1, "不行": 1, "扛住": 1, "经济": 1, "6.5": 1, "各种各样": 1, "太平无事": 1, "明明白白": 1, "赢": 1, "​​​": 1}