{"我国": 6, "首次": 6, "成功": 6, "5G": 32, "网络": 15, "VR": 17, "实时": 11, "制作": 13, "传输": 10, "测试": 10, "中央": 5, "广播": 5, "电视": 5, "总台": 8, "联合": 4, "中国": 17, "联通": 5, "、": 33, "华为": 72, "公司": 8, "吉林": 4, "长春": 7, "启动": 4, "春晚": 11, "分会场": 3, "直播": 3, "提供": 4, "技术": 11, "验证": 3, "接下来": 3, "央视": 4, "预热": 3, "节目": 3, "全景": 3, "互动": 3, "一批": 3, "短": 3, "视频": 20, "新媒体": 3, "平台": 3, "投放": 3, "快": 7, "！": 25, "O": 3, "美媒": 5, "：": 30, "美国": 32, "恐惧": 4, "一个": 8, "原因": 8, "物美价廉": 5, "分析": 2, "产品": 2, "影响": 2, "设备": 2, "可靠": 2, "成本": 2, "便宜": 2, "很": 3, "难": 3, "市场": 12, "找到": 3, "性价比": 2, "替代品": 2, "发现": 2, "实际上": 2, "唯一": 2, "供应商": 2, "意识": 2, "兰德": 1, "专家": 1, "詹姆斯·马尔": 1, "文农": 1, "一针见血": 1, "指出": 1, "担忧": 2, "O美媒": 3, "中车": 8, "集团": 2, "政治性": 1, "打压": 4, "全世界": 1, "先进": 2, "实力": 2, "雄厚": 1, "列车": 2, "制造商": 1, "车厢": 3, "美观": 1, "舒适": 1, "工期": 1, "短售": 1, "压倒性": 1, "优势": 2, "屡次": 1, "中标": 1, "波士顿": 1, "芝加哥": 1, "洛杉矶": 1, "费城": 1, "频频": 1, "抢单": 1, "没戏": 1, "中兴": 2, "当年": 1, "路子": 1, "一个样": 1, "地铁": 1, "标案": 1, "华盛顿": 1, "触动": 1, "政治": 5, "紧张": 1, "40": 1, "名": 1, "国会": 1, "议员": 1, "提出": 1, "忧虑": 1, "理由": 3, "抵制": 2, "情报": 2, "隐患": 3, "如果说": 1, "通讯": 1, "系统": 1, "理解": 1, "实在": 1, "找": 1, "欧洲": 4, "强势": 1, "德国": 1, "西门子": 1, "法国": 1, "阿尔斯通": 1, "占据": 1, "全球": 6, "12%": 1, "11%": 1, "份额": 2, "一家": 1, "都": 5, "占": 1, "50%": 1, "抗衡": 1, "本来": 1, "竞争": 3, "一对": 1, "冤家": 1, "居然": 1, "合并": 4, "😅": 1, "欧盟": 1, "同意": 1, "俩": 1, "这不": 1, "垄断": 3, "回答": 1, "醒醒": 1, "目的": 1, "遏制": 1, "批准": 1, "经济": 1, "错误": 1, "不止": 1, "不少": 1, "领先": 2, "世界": 1, "行业": 1, "即将": 1, "恐怕": 1, "常态": 1, "上线": 8, "芒果": 24, "专区": 16, "撒花": 1, "~": 4, "歌手": 6, "我家": 3, "闺女": 3, "...": 2, "热综": 3, "剧全": 1, "咯": 1, "@": 2, "终端": 4, "服务": 1, "用户": 8, "小伙伴": 1, "全方位": 1, "角度": 1, "姿势": 1, "追": 1, "想": 3, "告诉": 1, "果妈": 1, "说不定": 3, "明天": 6, "安排": 6, "胡侃": 1, "美": 6, "之间": 1, "展开": 1, "场": 3, "军备": 8, "竞赛": 8, "核心": 1, "传统": 1, "武器": 1, "主宰": 1, "控制": 1, "深刻": 1, "疯话": 1, "出自": 1, "匿名": 1, "官员": 2, "口": 1, "刊登": 2, "纽约": 3, "时报": 3, "难怪": 1, "疯狂": 1, "搞": 1, "L胡锡进": 1, "​": 14, "来源": 1, "新闻": 1, "O网页": 1, "链接": 2, "澄清": 5, "副总裁": 4, "未": 4, "发表": 5, "差距": 2, "相关": 3, "文章": 6, "针对": 2, "传播": 2, "差": 4, "两万五千": 2, "文": 2, "称": 3, "表述": 2, "特此": 2, "O华": 1, "网易": 1, "手机": 26, "评选": 1, "2018十": 1, "年度": 1, "人气": 1, "iPhoneXSMax": 1, "影响力": 1, "Mate20Pro": 1, "最佳": 9, "商务": 1, "三星": 2, "GalaxyNote9": 1, "创新": 1, "OPPO": 1, "FindX": 1, "设计": 1, "vivoNEX": 1, "拍照": 1, "小米": 1, "MIX3": 1, "操控": 1, "6T": 1, "关注": 3, "魅族": 1, "16th": 1, "游戏": 1, "努比亚": 1, "红魔": 1, "Mars": 1, "千元机": 1, "联想": 1, "Z5s": 1, "请问": 1, "羡慕": 1, "荣耀": 3, "朋友": 3, "声临其境": 3, "热门": 1, "综艺": 13, "电视剧": 1, "购": 7, "会员": 7, "才": 11, "3": 8, "元": 8, "过年": 1, "棒": 1, "最爱": 5, "春节": 2, "临近": 1, "火车": 1, "拥挤": 1, "过道": 1, "空气": 1, "泡面": 1, "味道": 1, "哈哈大笑": 1, "回家": 1, "印记": 1, "……": 1, "打开": 3, "APP": 2, "大剧": 1, "归家路": 1, "相伴": 2, "~​": 1, "猪年": 1, "快乐": 2, "nova4": 1, "超广角": 1, "装下": 1, "全家人": 1, "福气": 1, "L华": 2, "官方": 3, "秒拍": 3, "冬季": 5, "达沃斯": 5, "大佬": 4, "金句": 6, "集锦": 2, "一年一度": 2, "论坛": 2, "依旧": 2, "云集": 2, "频出": 2, "马云": 2, "高调": 2, "扎心": 2, "灌鸡": 2, "汤": 2, "携程": 2, "CEO": 2, "孙洁": 2, "畅谈": 2, "数据": 5, "隐私": 2, "比尔盖茨": 2, "曝出": 2, "投资": 3, "轮值": 2, "董事长": 2, "胡厚崑": 2, "重磅": 2, "预告": 2, "......": 3, "得主": 2, "L梨": 1, "彭博": 1, "新闻社": 1, "1月": 1, "24日": 1, "发布": 2, "报道": 3, "参考": 1, "消息": 1, "漫漫": 2, "返乡路": 2, "陪伴": 2, "正式": 1, "观看": 1, "海量": 2, "噢": 3, "齐": 3, "小时候": 1, "度过": 1, "快本": 1, "天天": 1, "向上": 1, "长大": 1, "格外": 1, "梅溪湖": 1, "36": 1, "子": 1, "call": 1, "神仙": 2, "爸爸们": 1, "叫好": 1, "如今": 2, "奈何": 2, "boss": 2, "娶": 2, "幸福": 1, "清北": 1, "复交": 2, "2018": 5, "届": 4, "毕业生": 6, "腾讯": 4, "青睐": 3, "金融": 2, "机构": 3, "学霸": 3, "聚集地": 3, "近日": 2, "国内": 1, "一流": 1, "高校": 2, "陆续": 1, "就业": 3, "质量": 1, "报告": 1, "披露": 3, "就业率": 1, "去向": 1, "4": 1, "代表性": 1, "双一流": 1, "清华": 2, "大学": 4, "北京大学": 1, "上海": 1, "交通": 1, "复旦": 1, "四": 1, "校": 1, "招聘": 1, "582": 1, "；": 1, "科技": 1, "有限公司": 1, "O清北": 1, "辟谣": 2, "流传": 1, "27日": 1, "声明": 1, "篇": 2, "源头": 1, "陈黎芳": 1, "2018年": 4, "4月": 1, "20日": 1, "员工": 1, "座谈": 1, "内容": 2, "节选": 1, "心声": 1, "社区": 1, "过程": 1, "媒体": 1, "稿件": 1, "添加": 1, "私货": 1, "最终": 1, "制造": 1, "无数": 1, "面目全非": 1, "|": 1, "5": 1, "G助力": 1, "下午": 1, "观众": 1, "带来": 1, "耳目一新": 1, "身临其境": 1, "感受": 1, "走": 1, "千家万户": 1, "害怕": 2, "彭博社": 1, "正是": 1, "优惠": 1, "价格": 1, "替代": 1, "政府": 5, "试图": 1, "破坏": 1, "奇迹": 1, "俄勒冈州": 1, "东部": 1, "偏远": 1, "地区": 1, "远非": 1, "口中": 1, "大坏狼": 1, "通往": 1, "21": 1, "世纪": 1, "生命线": 1, "2019": 1, "L": 1, "老板": 1, "联播": 1, "美逼": 1, "盟友": 5, "对抗": 4, "耿爽": 5, "巧妙": 5, "回应": 5, "26日": 1, "‘": 1, "逼": 2, "’": 1, "宣称": 1, "特朗普": 1, "零和": 1, "博弈": 1, "只能": 1, "赢家": 1, "对此": 1, "外交部": 1, "发言人": 1, "引用": 1, "各国": 1, "眼睛": 1, "雪亮": 1, "敦促": 1, "美方": 1, "停止": 1, "包括": 1, "在内": 1, "企业": 3, "无理": 1, "相互": 1, "合作": 3, "公平": 1, "环境": 1, "有利于": 1, "互信": 1, "事情": 1, "O美逼": 2, "拉盟友": 2, "围堵": 2, "指控": 2, "至今": 2, "均": 2, "依据": 2, "外媒": 1, "越来越": 1, "国家": 3, "面临": 1, "压力": 1, "禁止": 1, "建设": 2, "缺乏": 1, "确凿": 1, "证据": 1, "参与": 1, "间谍": 1, "活动": 1, "质疑": 1, "究竟": 1, "真的": 2, "旨在": 1, "阻止": 1, "运动": 2, "黑科技": 1, "来袭": 1, "开启": 1, "健康": 1, "自由室": 1, "内": 1, "跑": 1, "模式": 1, "感知": 1, "跑步机": 1, "震动": 1, "无需": 1, "贴身": 1, "佩戴": 1, "跑步": 1, "配件": 1, "亦可": 1, "轻松": 1, "计步": 1, "Mate20": 1, "91": 1, "岁": 1, "高龄": 1, "香港": 1, "首富": 1, "李嘉诚": 4, "助力": 2, "挺进": 1, "英国": 4, "起初": 1, "排挤": 1, "情况": 1, "轻轻": 1, "出手": 1, "任正非": 1, "解决": 1, "国际": 1, "布局": 3, "一大": 1, "难题": 1, "——": 1, "此举": 1, "攻城略地": 1, "进程": 2, "打下": 1, "里程碑": 1, "运营商": 1, "O2": 1, "基站": 1, "伦敦": 1, "落成": 1, "艰难": 1, "冲冲": 1, "未来": 1, "...O": 1, "网页": 1, "干预": 1, "迫害": 1, "企业家": 1, "颠覆": 1, "标榜": 1, "自由": 1, "价值观": 1, "输": 1, "打赢": 1, "近乎": 1, "地痞": 1, "堕落": 1, "『": 1, "抗华": 1, "新浪网": 1, "』": 1, "系列": 1, "不错": 2, "选择": 1, "归家": 1, "旅途": 1, "网剧": 1, "提名": 1, "天衣无缝": 1, "热剧": 1, "经历": 2, "负增长": 3, "有望": 1, "挑战": 1, "销冠": 1, "地位": 1, "苹果": 2, "表现": 2, "调研": 1, "Canalys": 2, "显示": 1, "智能": 4, "出货量": 2, "跌破": 1, "4亿": 1, "大关": 1, "最新": 1, "公布": 1, "全年": 1, "出货": 1, "同比": 1, "大跌": 1, "14%": 1, "3.96亿": 1, "台": 1, "持续": 1, "第二": 1, "总体": 1, "规模": 1, "回到": 1, "2014年": 1, "水平": 1, "O2018年": 1, "迷上": 1, "声入": 1, "人心": 1, "念念不忘": 1, "操心": 1, "终身": 1, "大事": 1, "还要": 1, "抽空": 1, "打架": 1}