{"中国": 20, "5G": 25, "专利": 15, "占": 3, "全球": 15, "四成": 2, "欧洲": 7, "封杀": 8, "建": 6, "花": 7, "4287亿": 6, "数据": 4, "公司": 19, "IPlytics": 3, "报告": 4, "显示": 3, "截至": 3, "2019年": 4, "4月份": 3, "华为": 97, "拥有": 6, "1554": 3, "族": 4, "标准": 7, "第一": 3, "四": 3, "36％": 3, "、": 29, "中兴": 5, "人民币": 3, "晚": 3, "半": 3, "@": 2, "老板": 7, "联播L": 2, "联播": 5, "秒拍": 6, "视频": 13, "​": 15, "库克": 4, "回应": 3, "苹果": 29, "：": 18, "想": 6, "任正非": 12, "CEO": 2, "近日": 3, "接受": 7, "采访": 7, "针对": 2, "情况": 2, "发生": 2, "报复": 2, "此前": 3, "彭博": 2, "老师": 2, "抵制": 2, "L": 6, "手机": 4, "真帅": 1, "！": 6, "奇趣": 1, "日媒": 1, "沙特": 5, "通信": 5, "大臣": 3, "告知": 2, "无意": 4, "排除": 4, "9日": 1, "沙特阿拉伯": 2, "信息": 1, "技术部": 1, "阿卜杜拉·施瓦哈": 1, "日本": 4, "共同社": 2, "透露": 1, "称": 5, "网络": 3, "排斥": 1, "产品": 2, "包括": 2, "系统": 4, "施瓦哈": 3, "一个": 11, "开放": 1, "市场": 4, "国家": 7, "企业": 5, "都": 10, "平等": 2, "详细": 1, "检查": 1, "符合": 1, "相关": 1, "乐意": 1, "做生意": 1, "言论": 1, "美国": 13, "中东": 1, "盟友": 1, "禁令": 1, "打算": 1, "统一": 1, "步调": 1, "做出": 2, "选择": 5, "O日媒": 1, "巴西": 17, "副总统": 3, "表态": 2, "巴": 3, "发展": 8, "当地": 1, "时间": 1, "7号": 1, "经济": 3, "价值报": 1, "发表": 3, "文章": 2, "莫朗": 5, "该报": 1, "政府": 3, "计划": 2, "运营": 1, "内部": 2, "信任": 1, "这家": 2, "提供": 2, "电信": 4, "技术": 11, "5月": 2, "访问": 2, "访": 1, "期间": 1, "国": 1, "媒体": 4, "看好": 1, "高科技": 1, "深化": 1, "合作": 1, "运营商": 1, "设备": 5, "央视": 1, "财经": 1, "酷燃": 2, "发布": 2, "头条": 1, "华为链": 1, "后续": 2, "跟踪": 2, "重点": 2, "O华": 1, "为链": 1, "流出": 1, "真实": 2, "故事": 1, "94年": 1, "金": 5, "森林": 6, "新人": 1, "安排": 1, "车间": 2, "承担": 1, "测试": 3, "物料": 1, "协调": 1, "工作": 4, "程控": 1, "交换机": 1, "量产": 1, "阶段": 1, "工具": 1, "简陋": 1, "加快": 1, "进度": 1, "员工": 5, "不得不": 1, "睡": 3, "机房": 1, "食堂": 8, "师傅": 8, "送饭": 1, "有一天": 1, "晚上": 2, "模样": 1, "老头儿": 1, "前来": 1, "慰问": 1, "身后": 1, "厨子": 1, "推": 1, "餐车": 1, "车上": 1, "摆放": 1, "米饭": 1, "新鲜": 1, "鱼汤": 1, "刚": 1, "自然": 1, "第二": 1, "结束": 1, "难得": 1, "找": 1, "地方": 1, "小憩": 1, "一会儿": 1, "起身": 1, "回": 1, "发现": 4, "昨天": 1, "那位": 1, "送": 1, "餐": 1, "举办": 1, "座谈会": 2, "参加": 1, "得知": 1, "消息": 2, "很": 11, "激动": 1, "希望": 3, "名字": 3, "传入": 1, "老总": 2, "耳朵": 1, "特地": 1, "早早": 1, "赶到": 1, "会场": 1, "早": 1, "笑": 1, "问金": 1, "参会": 1, "支支吾吾": 1, "心想": 1, "凑热闹": 1, "奇怪": 1, "穿": 1, "白": 1, "大褂": 1, "西装革履": 1, "会议": 1, "训话": 1, "金森林": 1, "惊呆": 1, "走": 2, "上台": 2, "竟然": 1, "来到": 1, "喜欢": 3, "低调": 1, "做人": 1, "高调": 1, "做事": 1, "正是": 1, "隐匿": 1, "聚光灯": 1, "平凡": 1, "普京": 4, "抱": 1, "平狠": 1, "这是": 2, "数字": 2, "时代": 5, "首场": 2, "技术战": 2, "6月": 1, "7日": 2, "圣彼得堡": 3, "国际": 4, "论坛": 3, "演讲": 1, "西方": 1, "鼓吹": 2, "自由": 1, "贸易": 2, "如今": 2, "竞争": 1, "对手": 1, "转向": 1, "贸易战": 1, "制裁": 1, "是非": 1, "遭受": 1, "排挤": 1, "客气": 1, "赶出": 1, "称为": 1, "垄断": 1, "加剧": 1, "世界": 3, "稳定": 1, "根源": 1, "L微": 1, "丢": 1, "Wi-Fi": 2, "联盟": 4, "SDA": 1, "组织": 3, "撤销": 4, "恢复": 3, "会员": 3, "资格": 4, "秘密": 1, "曝光": 1, "占比": 1, "难": 2, "交": 2, "巨额": 2, "授权": 2, "专利费": 2, "这次": 2, "纷纷": 1, "硬核": 1, "实力": 2, "才": 2, "偷鸡不成蚀把米": 1, "美": 3, "帝国主义": 1, "特朗普": 1, "爪牙": 1, "尴尬": 1, "固态": 1, "协会": 2, "SD": 1, "记忆卡": 1, "做法": 1, "无疑": 1, "全方位": 1, "打压": 2, "太": 1, "成熟": 1, "临时": 1, "30%": 1, "50%": 1, "贡献": 3, "还要": 2, "支付": 1, "乖乖": 1, "默默": 2, "加进": 1, "件": 3, "事情": 3, "告诉": 1, "博弈": 1, "嘴仗": 1, "最终": 1, "各国": 1, "广告": 2, "合集": 1, "满满": 1, "创意": 1, "感动": 1, "主题曲": 1, "MV拍": 1, "暖L": 1, "人人": 1, "选": 1, "美食": 1, "36%": 1, "想象": 1, "火爆": 1, "店": 1, "小米": 13, "进去": 1, "体验": 3, "极端": 1, "离店": 1, "4": 1, "套": 2, "学生": 1, "店面": 1, "…​": 1, "外媒": 2, "注册hongmeng": 1, "商标": 6, "2018年": 1, "8月": 1, "知识": 2, "产权局": 1, "商标局": 1, "注册": 4, "鸿蒙": 2, "14日": 1, "获批": 1, "报道": 2, "确认": 2, "产权": 1, "提交": 1, "HongMeng": 1, "申请": 1, "区域": 1, "O外媒": 1, "hongmeng": 2, "接连": 2, "拒绝": 3, "卖": 1, "阿里": 2, "股份": 2, "百亿": 2, "却说": 1, "孙武": 2, "后代": 1, "面临": 1, "亚马逊": 1, "高通": 1, "英特尔": 1, "一家": 1, "软银": 3, "卖掉": 1, "2.8%": 1, "美元": 1, "创始人": 3, "孙正义": 5, "现有": 1, "基站": 1, "改造": 1, "方式": 1, "淘汰": 2, "建设": 2, "不少": 1, "渊源": 1, "很多": 6, "听到": 1, "都会": 2, "中国人": 5, "事实上": 1, "家族": 1, "先人": 1, "自称": 1, "出自": 1, "春秋": 1, "著名": 1, "兵法家": 1, "血管": 1, "流": 1, "孙子": 1, "血液": 1, "认定": 1, "文化": 1, "养猪": 3, "豆腐": 3, "成功": 2, "专注": 2, "专访": 1, "问及": 1, "当初": 1, "大王": 2, "；": 1, "门槛": 1, "行业": 3, "中途": 1, "放弃": 1, "一无所有": 1, "只能": 1, "L股": 1, "海方": 1, "舟": 1, "周宇": 1, "11": 1, "操作": 1, "命名": 1, "OS": 1, "四千亿": 1, "利润": 1, "投入": 1, "研发": 2, "1": 4, "搞": 1, "房地产": 1, "增值": 1, "几十": 1, "倍": 1, "上市": 1, "圈钱": 1, "市值": 1, "肯定": 1, "上万亿": 1, "3": 4, "发": 1, "100亿": 1, "奖金": 1, "收入": 1, "几千亿": 1, "尖端": 1, "客观": 1, "确实": 1, "储备": 1, "主观": 1, "轮": 1, "底气": 2, "封锁": 1, "游刃有余": 1, "应对": 1, "压力": 4, "建立": 1, "关系": 3, "体系": 1, "支持": 5, "毛病": 2, "加上": 1, "爱国": 1, "说法": 1, "不对": 1, "天天": 1, "抹黑": 1, "东西": 1, "科技类": 1, "投放": 2, "打上": 1, "标签": 1, "反而": 4, "影响": 1, "客户": 1, "做为": 1, "科技": 3, "从业者": 1, "形势": 1, "努力": 2, "度过": 1, "难关": 1, "正确": 1, "得体": 1, "吹捧": 1, "打气": 1, "错": 1, "担心": 2, "处境": 1, "研制": 1, "芯片": 2, "不及": 1, "预期": 1, "这些个": 1, "势力": 1, "情绪": 1, "煽动": 1, "倒戈": 1, "谩骂": 1, "危难": 1, "时刻": 2, "不利": 1, "一点": 1, "手上": 1, "牌": 1, "出牌": 1, "轻易": 1, "要不起": 1, "王": 1, "炸": 1, "预料": 1, "谨慎": 2, "外面": 1, "飞天": 1, "迷": 1, "心智": 1, "反击": 1, "挺": 1, "网传": 1, "校招": 1, "人数": 1, "排名表": 1, "2019": 1, "高考": 1, "志愿": 1, "填报": 1, "同学": 1, "参考": 1, "将来": 1, "或许": 1, "机会": 1, "人间": 1, "惨剧": 1, "屏幕": 1, "碎成": 1, "渣渣": 1, "救": 1, "浙江": 1, "代表性": 1, "三": 1, "图1": 1, "用户": 9, "来源": 1, "74.6%": 2, "老": 6, "OPPO": 1, "vivo": 1, "1.5%": 1, "24.8%": 1, "27.3%": 2, "38.9": 1, "18.1%": 1, "跑": 1, "53.7%": 2, "留": 3, "20.6%": 1, "53.9%": 1, "超过": 1, "忠诚度": 2, "剩下": 1, "荣耀": 1, "OV": 2, "39.5%": 1, "13.7%": 1, "11.4%": 1, "比例": 2, "留在": 1, "处于": 2, "份额": 2, "流失": 1, "新机": 1, "存量": 1, "快速": 1, "上升期": 1, "流动": 1, "快": 1, "转化": 1, "很少": 1, "消灭": 1, "品牌": 1, "山寨机": 1, "……": 2, "习近平": 2, "第二十三": 1, "届": 1, "全会": 2, "均": 1, "致辞": 1, "治理": 1, "时期": 1, "关键": 1, "热点": 1, "话题": 1, "激起": 1, "场": 1, "俄": 1, "和声": 1, "安哥": 1, "人心不可违": 1, "众志不可挡": 1, "早上": 1, "拍照": 2, "P30": 1, "北京": 1, "·": 1, "红领巾": 1, "公园": 1, "GSMA": 1, "不用": 1, "就要": 1, "550亿": 1, "欧元": 1, "延期": 1, "18": 1, "有人": 1, "先进": 2, "便宜": 1, "提升": 1, "速度": 1, "事实": 2, "忘记": 1, "嘲笑": 1, "敌视": 1, "尊严": 3, "人类": 2, "这一切": 1, "闲扯": 1, "嘴战": 1, "摩擦": 1, "总体": 1, "乐观": 1, "态度": 1, "学术界": 1, "脱钩": 1, "基于": 1, "判断": 2, "差距": 1, "找到": 1, "替代": 1, "生产": 1, "能力": 1, "————————————————————": 1, "——": 1, "讲": 1, "书": 1, "购买": 1, "地址": 1, "改变": 1, "重申": 2, "再次": 1, "面对": 1, "领域": 1, "发达": 1, "这项": 1, "O巴西": 1, "别学": 1, "海底捞": 2, "管理": 3, "药方": 2, "治": 2, "病": 1, "上班": 1, "摸": 1, "鱼": 1, "不思进取": 1, "采用": 1, "末位": 1, "逼迫": 1, "下岗": 1, "作用": 1, "人心": 1, "涣散": 1, "效率": 1, "骤降": 1, "明明": 1, "方案": 1, "阻碍": 1, "O别学": 1, "病​": 1, "质量": 1, "mate20pro弯": 1, "折变": 1, "亮屏": 1, "Yu": 1, "​​": 3}