{"节后": 2, "上班": 1, "第一": 4, "@": 9, "TFBOYS": 5, "易烊": 9, "千玺": 7, "手工课": 3, "Vlog": 4, "上线": 1, "元气满满": 1, "nova": 2, "5": 2, "校园": 2, "大赛": 2, "评论区": 2, "惊喜": 1, "L华": 4, "终端": 5, "官方": 6, "视频": 12, "​": 15, "华为": 53, "内部": 14, "批判": 11, "任正非": 25, "宗": 14, "罪": 14, "经营": 5, "管理": 6, "不善": 5, "罚": 5, "100万": 5, "蓝血": 5, "研究": 5, "消息": 5, "2018年": 5, "3月": 5, "蓝军": 5, "组织": 6, "列出": 5, "电邮": 5, "文件": 6, "方式": 5, "公布": 5, "包括": 4, "指导": 5, "过细": 5, "急": 5, "、": 20, "中庸之道": 6, "用到": 6, "极致": 6, "自我批评": 3, "很": 9, "厉害": 3, "吵完": 3, "达成": 3, "共识": 3, "回去": 3, "L": 3, "老板": 7, "联播": 5, "确实": 3, "太": 7, "辨识度": 1, "！": 13, "细心": 1, "网友": 4, "阅兵": 1, "方队": 1, "发现": 2, "手机": 15, "接下来": 2, "想": 7, "节目": 2, "内容": 3, "投票": 2, "讨论": 1, "~": 1, "1": 1, "近期": 1, "国产": 2, "主力": 1, "机型": 2, "对比": 4, "：": 5, "7T": 2, "小米": 5, "9Pro": 2, "RenoAce": 2, "iQ": 2, "OOPro5G": 2, "魅族": 1, "16sPro": 1, "台": 2, "售价": 1, "详细": 1, "分析": 1, "5000": 1, "元": 3, "iPhone11": 1, "Mate30Pro": 3, "买": 9, "便宜": 1, "5G": 3, "选": 1, "3": 2, "旗舰": 3, "相机": 1, "iPhone11ProMax": 1, "/": 2, "Mate30ProVS": 1, "GH54": 1, "数码": 1, "编年史": 1, "2009年": 1, "四": 1, "建议": 1, "提": 2, "赶快": 1, "国庆": 2, "那天": 1, "苹果": 11, "11ProMax": 1, "感觉": 1, "11": 5, "轻": 1, "双卡": 1, "信号": 2, "不大": 1, "这样子": 1, "三": 4, "卡": 1, "不错": 1, "前天": 1, "电源": 2, "丢": 1, "寻思": 1, "支持": 5, "无线": 2, "充电": 1, "拼": 1, "多多": 1, "挺": 2, "昨天": 2, "告诉": 2, "速度": 1, "很快": 1, "上网": 1, "舒服": 1, "犹豫": 1, "NEX3": 2, "毕竟": 1, "不得不": 3, "正面": 1, "颜值": 1, "棒": 1, "今晚": 1, "吃": 2, "肯德基": 1, "点餐": 1, "美味": 1, "在线": 1, "着急": 1, "转发": 2, "赠书": 1, "": 1, "一个": 7, "故事": 2, "「": 2, "第135": 1, "期": 1, "」": 2, "分享": 1, "苦难": 1, "英雄": 1, "精彩": 1, "语录": 1, "持续": 1, "发酵": 1, "事件": 3, "回应": 1, "佩服": 1, "胸怀": 1, "采访": 1, "混淆": 1, "美国": 9, "政府": 1, "企业": 1, "煽动": 1, "民粹主义": 1, "此次": 1, "沉着": 1, "冷静": 1, "理想": 2, "站": 1, "世界": 2, "最高点": 1, "冲突": 1, "不可避免": 1, "2000年": 1, "预期": 8, "信心": 1, "决心": 1, "努力": 1, "渡过": 1, "段": 1, "时期": 1, "<": 1, "+": 1, "关注": 1, ">": 1, "鲸图书": 1, "抽": 1, "送": 1, "书": 1, "红米": 1, "三星": 3, "运动": 1, "海威特": 1, "蓝牙": 2, "耳机": 2, "💯券": 1, "平仑": 1, "噢": 1, ">>": 4, "推荐": 1, "醒来": 1, "寝室": 1, "都": 11, "还要": 1, "实习": 2, "无数": 1, "可控": 1, "状况": 1, "难过": 1, "回家": 1, "家人": 1, "那种": 1, "离开": 1, "好像": 1, "错": 5, "易": 2, "烊": 1, "千": 2, "玺": 2, "烊千玺": 1, "壁纸": 4, "烊鸵": 1, "鸵鸟": 5, "🔒死": 1, "华为vlog": 1, "自截": 1, "修​": 1, "小C": 1, "解读": 1, "历年": 1, "增长": 2, "动图": 1, "指出": 2, "趋势": 1, "全球": 1, "销量": 1, "超过": 1, "？？": 1, "不少": 2, "朋友": 2, "打du": 1, "iPhone": 2, "屏幕": 1, "很多": 1, "看法": 1, "犀利": 1, "真的": 4, "学到": 1, "全网": 2, "抵制": 1, "日本": 6, "别人": 3, "车": 2, "恨不得": 2, "破口大骂": 1, "路": 1, "地方": 1, "；": 4, "骂": 4, "好用": 1, "扣": 1, "叛徒": 1, "帽子": 1, "卖": 1, "N": 1, "倍": 1, "口口声声": 1, "爱国": 1, "天天": 1, "喊": 1, "口号": 1, "私底下": 1, "货": 2, "RealmeX2Pro": 1, "绿厂": 1, "10月份": 1, "一手": 1, "万箭齐发": 1, "无懈可击": 1, "厂商": 1, "闪": 1, "……": 1, "没错": 1, "批判会": 1, "高研班": 1, "原汁原味": 1, "心声": 1, "社区": 1, "发表": 2, "发布": 2, "HR": 1, "体系": 1, "执行": 1, "过于": 1, "机械化": 1, "僵硬化": 1, "运动化": 1, "专业": 1, "力量": 2, "发挥": 1, "……O": 1, "处罚": 1, "有种": 1, "奇怪": 2, "言论": 3, "美": 1, "之间": 1, "发生": 1, "事情": 3, "中国人": 1, "发起": 3, "贸易战": 2, "中国": 9, "认怂": 1, "(": 3, "假装": 3, "欧盟": 1, "印度": 2, "墨西哥": 1, ")": 3, "禁令": 1, "英国": 1, "德国": 1, "阿联酋": 1, "高度": 1, "评价": 1, "NBA": 4, "港独": 1, "涉及": 1, "他国": 1, "主权": 1, "底线": 1, "娱乐": 1, "切割": 1, "自由": 1, "双标": 1, "背后": 2, "政治": 1, "服": 1, "当年": 1, "侵略": 1, "富饶": 1, "讲真": 1, "大概": 3, "同意": 1, "活成": 1, "讨厌": 1, "样子": 1, "醉": 1, "幸灾乐祸": 1, "米国": 2, "针对": 2, "实体名单": 1, "最新": 1, "8": 1, "AI": 1, "公司": 6, "搞不定": 1, "增加": 1, "目标": 1, "海思": 1, "麒麟": 1, "1000": 1, "麒麟820": 1, "A14": 1, "A14x": 1, "明年": 1, "中端": 1, "上5": 1, "nm": 1, "竞争力": 1, "30pro": 1, "变焦": 3, "能力": 3, "原因": 1, "L快": 1, "测评": 1, "O太": 1, "意外": 2, "～": 1, "传音": 5, "起诉": 5, "真相": 1, "观点": 1, "本文": 1, "三千": 1, "字": 1, "全文": 1, "阅读": 1, "10": 1, "分钟": 1, "实话": 1, "UI": 1, "设计": 1, "同行": 3, "现实": 2, "知识": 3, "产权": 3, "官司": 1, "防守型": 1, "选择": 1, "行业": 2, "对外": 1, "收": 1, "钱": 1, "印象": 1, "收费": 1, "北美": 1, "文化": 1, "理解": 4, "到位": 1, "酿成": 1, "损失": 1, "将来": 1, "份": 1, "合同": 1, "变化": 1, "一开始": 1, "嘴": 1, "硬": 1, "连战": 1, "皆": 1, "输": 1, "老实": 1, "国内": 2, "仁慈": 1, "余承东": 1, "喜欢": 1, "友商": 1, "表述": 1, "情感": 1, "对得起": 1, "词": 1, "甚少": 1, "禁止": 1, "侵权": 3, "爱立信": 1, "高通": 1, "收取": 1, "高额": 1, "专利费": 1, "莫雷": 1, "光头": 1, "肖华": 1, "肖": 1, "佬": 1, "指": 1, "开国": 1, "上将": 1, "ritaxianren": 1, "骂人": 1, "人员": 2, "不当": 1, "声明": 1, "臭": 2, "长懒": 1, "转播": 1, "付钱": 1, "不要脸": 1, "长": 1, "工作": 1, "nova5pro": 1, "记录": 1, "摄影棚": 1, "剧": 1, "版镇": 1, "魂华为": 1, "用户": 1, "献礼": 1, "70": 1, "周年": 1, "宝藏": 1, "吾国": 1, "专题": 1, "主题": 2, "偶像": 2, "芭莎双人": 1, "！！！！": 1, "朱": 1, "龙": 1, "白宇": 1, "啊啊": 9, "幽畜": 1, "疯": 1, "10月": 2, "14日": 1, "记得": 1, "诞生": 4, "记": 2, "👈👈": 1, "👈": 1, "👉": 3, "立刻": 1, "马上": 1, "带": 1, "话题": 1, "发博": 1, "转博": 1, "带上": 1, "记#": 2, "千玺L": 1, "联播L": 2, "香港": 2, "废青": 1, "出卖": 1, "客户": 1, "孟晚舟": 1, "下场": 1, "汇丰": 1, "银行": 1, "腐败": 1, "超级": 1, "巨额": 1, "坏帐": 1, "裁掉": 1, "一万": 1, "名": 2, "高薪": 1, "篇": 2, "当家": 1, "iPhone11Promax": 1, "拍": 2, "夜景": 1, "第1": 1, "照片": 4, "全景": 1, "月亮": 2, "位置": 1, "大小": 1, "第2": 1, "拍照": 1, "焦": 2, "调整": 1, "第3": 1, "手动": 1, "关闭": 1, "华为aI": 1, "模式": 1, "最低": 1, "亮度": 1, "9": 1, "裁剪": 1, "正方形": 1, "去掉": 1, "水印": 1, "猜猜": 1, "拍摄": 1, "答案": 1, "涉诉": 1, "金额": 1, "2000万": 2, "控股": 1, "7日晚": 1, "公告": 1, "披露": 1, "诉讼案": 1, "细节": 1, "9月": 1, "29日": 1, "收到": 1, "深圳": 1, "中院": 1, "送达": 1, "诉状": 1, "子公司": 1, "侵犯": 2, "著作权": 1, "案件": 1, "立案": 1, "暂": 1, "未": 1, "开庭": 1, "审理": 1, "赔偿": 1, "此前": 1, "诉": 1, "专利权": 1, "较为": 1, "常见": 1, "事宜": 1, "罕见": 1, "十一": 1, "假期": 1, "快": 1, "时间": 1, "放慢": 1, "Mate30": 1, "Pro": 1, "7680": 1, "帧超": 1, "高速": 1, "摄影带": 1, "​​​": 1, "差": 7, "跟踪": 2, "影视": 1, "传媒": 1, "作品": 1, "消费": 1, "意愿": 1, "第二": 2, "旅游": 1, "数据": 4, "出入境": 1, "刨掉": 1, "第三": 2, "汽车": 2, "题材": 1, "催化": 1, "特斯拉": 1, "电子化": 1, "智能化": 1, "电动化": 1, "方向": 1, "股价": 1, "兑现": 3, "驱动": 1, "圈": 1, "面板": 1, "机床": 1, "缺": 1, "焦钢": 1, "关系": 1, "梳理": 1, "天然": 1, "厌恶": 1, "放弃": 1, "补课": 1}