{"都会": 2, "一个": 13, "魔法": 1, "平凡": 1, "日子": 1, "变得": 1, "闪闪": 1, "发光": 1, "陪": 1, "星星": 1, "洒": 1, "角落": 1, "@": 2, "赵琦君Ryan": 1, "华为": 90, "nova5": 1, "iProL": 1, "杨凯雯rr": 1, "视频": 8, "​": 20, "分享": 2, "场景": 4, "智能": 7, "生活": 1, "度过": 1, "感受": 1, "科技": 2, "温度": 1, "！": 13, "L华": 3, "终端": 1, "官方": 4, "一年一度": 1, "乌镇": 5, "戏剧节": 6, "再次": 1, "拉开": 1, "大幕": 1, "值得": 1, "期待": 1, "表演": 1, "到底": 1, "聚集": 1, "重量级": 1, "明星": 1, "大咖": 1, "传说": 1, "长街": 1, "宴究": 1, "竟": 1, "长": 2, "今晚": 1, "20:00": 1, "帅哥": 1, "携": 1, "Mate30": 25, "5G": 18, "带": 8, "宝宝们": 1, "记得": 1, "直播": 1, "Mate30Pro": 3, "第一": 3, "照片": 2, "时代": 5, "来临": 1, "WatchGT2": 4, "产品": 3, "——": 7, "出色": 2, "刚需": 1, "细节": 4, "超出": 1, "预期": 1, "综合": 1, "体验": 4, "今次": 1, "着重": 1, "推荐": 4, "三类": 1, "用户": 5, "希望": 2, "十一": 1, "大噶": 1, "提供": 4, "价值": 1, "参考": 1, "：": 19, "1": 1, "手机": 33, "常年": 1, "震动": 5, "/": 7, "静音": 1, "朋友": 8, "喜欢": 6, "铃声": 1, "即时": 1, "通讯": 2, "软件": 2, "电话": 4, "都": 13, "调成": 1, "模式": 4, "手表": 12, "手环": 8, "提示": 2, "调教": 2, "不错": 1, "微弱": 1, "剧烈": 1, "收到": 3, "信息": 5, "柔和": 1, "震动感": 1, "惊扰": 1, "烦躁感": 1, "设置": 2, "信某": 1, "Q": 1, "就算": 1, "嘈杂": 1, "户外": 4, "环境": 1, "错过": 2, "消息": 4, "来电": 2, "抬腕": 2, "显示": 2, "聊天": 1, "内容": 1, "判断": 1, "条": 1, "回复": 1, "不用": 2, "兜里": 1, "掏": 2, "低": 1, "成本": 2, "动作": 2, "取代": 1, "真的": 6, "很": 10, "踢球": 2, "打球": 1, "健身": 2, "跑步": 3, "HUAWEI": 1, "WATCHGT2": 1, "超级": 3, "蓝牙": 5, "连接": 1, "距离": 1, "150": 1, "米": 2, "实测": 1, "放": 4, "几十": 1, "场边": 1, "影响": 2, "穿墙": 1, "能力": 2, "游泳": 1, "隔壁": 1, "更衣室": 1, "收": 1, "概率": 1, "打折扣": 1, "放在": 1, "同屋": 1, "不大": 1, "绝大部分": 1, "日常": 1, "担心": 3, "关键": 4, "消除": 1, "焦虑感": 1, "家里": 1, "肯定": 1, "鞭长莫及": 1, "实用": 2, "计步": 1, "计时": 1, "功能": 6, "跑完": 1, "支付宝": 1, "二维码": 1, "便利店": 1, "买": 4, "瓶": 1, "水": 1, "一身": 1, "轻松": 3, "3": 1, "住": 1, "宿舍": 3, "合租": 1, "早起": 4, "舍友": 1, "大声": 1, "闹钟": 2, "全世界": 2, "醒": 1, ".....": 1, "力量": 1, "改善": 1, "关系": 3, "当年": 1, "上学": 1, "玩意": 1, "兄弟": 1, "哥们": 1, "集资": 1, "4": 2, "特性": 1, "常规": 1, "简单": 2, "时间": 3, "刷": 1, "公交卡": 1, "的确": 1, "；": 6, "查找": 1, "有时候": 1, "在家": 1, "强制": 1, "响铃": 1, "算": 2, "(": 1, "46mm": 1, "版": 1, "续航": 5, "关闭": 1, "心率": 2, "监测": 2, "感觉": 3, "耗电": 1, "掉": 1, "5%": 1, "电": 1, "焦虑": 1, "这时候": 1, "就要": 1, "区别": 2, "46": 3, "m款": 1, "确实": 2, "表盘": 3, "面积": 1, "UI": 1, "设计感": 1, "阅读": 1, "舒服": 3, "航强": 1, "扬声器": 2, "内": 2, "接听": 1, "意义": 1, "喜好": 1, "毕竟": 2, "1500": 2, "元": 6, "价位": 1, "高出": 1, "一千多": 1, "预算": 1, "有限": 2, "学生": 1, "性价比": 1, "相比之下": 1, "适合": 2, "礼物": 1, "送": 2, "长辈": 1, "价格": 2, "合适": 1, "仪式": 1, "感": 1, "满满": 1, "黑色": 1, "运动款": 2, "航长": 1, "想": 9, "橙色": 1, "皮质": 1, "时尚": 1, "款": 9, "7,8,9": 1, "轻薄": 1, "建议": 1, "42": 1, "版本": 2, "预计": 1, "本周五": 1, "开售": 1, "O抽奖": 1, "详情": 2, "10月": 1, "25日": 1, "总裁": 2, "任正非": 8, "75": 1, "岁": 1, "生日": 2, "封": 2, "相隔": 1, "万里": 1, "遥": 1, "女儿": 1, "孟晚舟": 3, "寄": 1, "家书": 1, "良知": 1, "中国人": 2, "感同身受": 1, "涌": 2, "家仇": 1, "国恨": 1, "致敬": 1, "祝福": 1, "快乐": 1, "苹果": 8, "、": 12, "小米": 4, "解决": 2, "办法": 3, "任性": 1, "略微": 1, "苛刻": 1, "饥饿": 1, "营销": 1, "太": 3, "iPhone11": 7, "降价": 1, "销量": 1, "不在乎": 1, "憋": 1, "狠": 1, "招": 1, "iPhone": 6, "明年": 8, "配备": 1, "120": 1, "Hz": 1, "屏幕": 2, "#​": 1, "当妈": 2, "消停": 1, "好不容易": 1, "周末": 1, "假期": 3, "娃": 4, "浪": 1, "稍": 1, "不慎": 1, "心脏": 1, "崩溃": 3, "七八": 1, "回": 2, "难道": 1, "配有": 2, "还好": 1, "儿童": 2, "～": 1, "L小精豆子": 1, "秒拍": 1, "2017年": 1, "名": 6, "员工": 8, "发现": 2, "部门": 3, "业务": 1, "数据": 5, "代码": 3, "外泄": 1, "抄袭": 1, "别人": 1, "耿直": 1, "公司": 13, "内部": 5, "网站": 1, "实名": 1, "举报": 2, "很多": 1, "领导": 8, "级别": 1, "情何以堪": 1, "死": 1, "脱": 1, "层": 1, "皮": 1, "想到": 1, "公开": 1, "发文力": 1, "挺": 1, "上海": 1, "研究所": 1, "岗位": 1, "选择": 3, "打击": 1, "报复": 1, "找": 3, "无线": 5, "产品线": 1, "邓泰华": 2, "保护": 1, "正直": 1, "💢": 1, "点评": 1, "声音": 1, "危机四伏": 1, "俗话说": 1, "忠言": 1, "逆耳": 1, "真话": 2, "面子": 2, "这是": 3, "企业": 3, "良性": 1, "发展": 1, "助推器": 1, "说话": 1, "不说": 1, "阿谀奉承": 1, "英明": 1, "玩蛋": 1, "远": 2, "路子": 1, "严肃": 1, "潮搭": 1, "颜值": 3, "担当": 2, "运动": 4, "实力": 1, "这才": 1, "盐": 1, "甜": 1, "#4": 1, "样子": 1, "+": 1, "冠佑": 1, "唱": 1, "跳版": 1, "活久": 1, "整冠": 1, "佑哥": 1, "直拍": 1, "…": 1, "画质": 1, "传上": 1, "糊成": 1, "啥样": 1, "拥有": 1, "30": 1, "L5ugarbaby": 1, "方兴东": 1, "领域": 3, "搞": 4, "马歇尔": 3, "计划": 4, "难": 3, "认同": 2, "英国": 4, "星期日": 1, "泰晤士报": 1, "27日": 1, "称": 5, "首相": 1, "鲍里斯·约翰逊": 1, "授予": 1, "参与": 1, "未来": 1, "电信": 1, "网络": 2, "争议性": 1, "许可": 1, "中国": 6, "全球": 3, "建设": 1, "发挥": 1, "越来越": 1, "影响力": 1, "西方": 1, "颇": 1, "习惯": 2, "美国": 7, "据称": 1, "抛出": 1, "试图": 1, "赶超": 1, "三大": 1, "运营商": 1, "套餐": 3, "资费": 3, "出炉": 2, "公布": 1, "O浙": 1, "传方": 1, "兴东": 1, "孩子": 3, "父母": 1, "心头": 1, "肉": 1, "节假日": 1, "出门": 1, "分分钟": 1, "受怕": 1, "溜达": 1, "乱跑": 2, "一下子": 1, "不见": 2, "拍照": 6, "配合": 1, "门分": 1, "分钟": 1, "累到": 1, "娃配": 1, "乱动": 1, "充当": 1, "摄影师": 1, "一举两得": 1, "图源": 1, "麻尾​": 1, "当初": 1, "起名": 1, "好听": 1, "钱": 1, "执照": 3, "改成": 2, "技术": 8, "成立": 1, "1987年": 1, "9月": 1, "15日": 1, "注册": 2, "资金": 1, "21000": 1, "解释": 4, "名字": 8, "创立": 1, "苦恼": 1, "冥思苦想": 1, "恰巧": 1, "墙上": 1, "心系": 1, "中华": 1, "标语": 1, "遂": 1, "取名": 2, "拿到": 3, "营业": 2, "那天": 1, "一分钱": 2, "创始人": 5, "闭": 1, "口音": 1, "响亮": 1, "本来": 2, "改掉": 1, "改": 1, "这次": 1, "随意": 1, "无数": 1, "争议": 1, "朗朗上口": 1, "乍一": 1, "听": 1, "记住": 1, "发音": 4, "夏威夷": 1, "英文": 3, "hawaii": 1, "贸易": 1, "老外": 1, "读错": 1, "更改": 1, "名称": 3, "难以": 1, "实在": 1, "保留": 1, "发起": 1, "识别": 2, "活动": 1, "鼓励": 1, "接近": 1, "WowWay": 1, "词": 2, "Wah-Way": 1, "海思": 6, "HI-SILICON": 1, "HUAWEI-SILICON": 1, "缩写": 1, "SILICON": 1, "硅": 3, "众所周知": 1, "制造": 1, "半导体": 4, "芯片": 14, "材料": 1, "代名词": 1, "百分之百": 1, "全资": 1, "控股": 1, "子公司": 1, "说法": 2, "Logo": 3, "网上": 1, "附会": 1, "高端": 1, "含义": 2, "工作": 1, "时长": 1, "最初": 1, "15": 3, "瓣": 1, "代表": 1, "陆续": 1, "出走": 1, "剩下": 2, "8": 1, "2006年": 1, "商标": 1, "八瓣": 1, "象征": 1, "八": 1, "最早": 1, "培训": 1, "高管": 1, "标志": 3, "太阳": 3, "温暖": 1, "积极向上": 1, "销售": 1, "地方": 1, "散发": 1, "光芒": 2, "logo": 1, "红色": 1, "颜色": 1, "纠正": 1, "菊花": 2, "蓬勃": 1, "向上": 1, "万众一心": 1, "并非": 1, "大道至简": 1, "成功": 1, "逻辑": 1, "从不": 1, "东西": 2, "上周": 1, "刚刚": 1, "发布": 2, "全新": 1, "手环4": 1, "支持": 8, "炫彩": 1, "个性": 1, "采用": 1, "USB": 1, "插": 1, "充电": 2, "方式": 1, "搭载": 2, "项": 1, "自研": 5, "TruSeen™": 1, "3.5心率": 1, "HUAW": 1, "EITruSlee": 1, "p™": 1, "2.0": 1, "睡眠": 2, "检测": 1, "快": 1, "精准": 1, "血氧": 1, "饱和度": 1, "质量": 3, "类型": 1, "多达": 1, "9": 1, "全方位": 1, "协助": 1, "健康": 2, "管理": 1, "性能": 3, "兼具": 1, "失望": 1, "PA": 10, "Q1": 3, "季度": 3, "量产": 3, "依赖": 2, "5月份": 1, "列入": 1, "实体": 1, "清单": 1, "禁止": 1, "采购": 1, "启用": 1, "备胎": 1, "自行": 1, "研发": 3, "最新": 1, "交给": 1, "国内": 5, "代工": 4, "小幅": 1, "供应链": 1, "人士": 1, "晶片": 1, "达人": 1, "爆料": 1, "释单": 2, "三安": 2, "集成": 2, "季": 4, "小量": 2, "产出": 2, "第二": 3, "分散": 2, "台湾": 3, "穩懋": 2, "风险": 2, "算是": 2, "国产化": 2, "环": 2, "指": 1, "PowerAmplifier": 1, "功率": 1, "放大器": 1, "射频": 1, "通信": 1, "系统": 2, "用于": 1, "信号": 6, "放大": 1, "覆盖": 1, "兼容": 1, "多种": 1, "标准": 1, "重要性": 1, "日益": 1, "增加": 1, "Skyworks": 1, "Qorvo": 1, "厂商": 3, "近年来": 1, "加大": 1, "自主": 1, "生产": 1, "力度": 1, "O华": 1, "这部": 1, "短片": 1, "悟空": 1, "刷屏": 1, "永不": 1, "天高地厚": 1, "！！": 1, "电影": 1, "L": 1, "影视": 1, "吐槽君": 1, "创新者": 1, "亡O无创新": 1, "亡": 1, "创新": 3, "机制": 1, "有料": 1, "实施": 1, "才": 2, "干货": 1, "贴近": 1, "客户": 1, "发狠": 1, "目标": 1, "搞出": 1, "断裂": 1, "领先": 1, "对手": 2, "考评": 1, "亲身": 1, "经历": 1, "写": 1, "大恩": 1, "爱": 1, "牛逼": 1, "过分": 1, "主题": 1, "第七": 1, "届": 1, "开启": 1, "本届": 1, "亮点": 1, "戏剧": 2, "场": 1, "盛会": 1, "如火如荼": 1, "CNMO": 1, "携手": 1, "见证5G": 1, "赋": 1, "传承": 1, "系列": 3, "5G版": 2, "构建": 1, "艺术": 1, "无限": 1, "重构": 1, "想象": 1, "2嘉兴·乌镇": 1, "西栅​": 1, "": 1, "TA": 1, "晚安": 1, "降温": 1, "火锅": 6, "冬天": 1, "吃": 2, "搭配": 1, "饮料": 1, "汽水": 1, "可乐": 1, "酸梅汤": 1, "奶茶": 1, "……": 1, "哪款": 1, "必备": 1, "话题": 1, "最佳": 1, "cp": 1, "聊聊": 1, "饮品": 1, "绝配": 1, "下班": 1, "走起": 1, "转评": 1, "抽送": 1, "自拍杆": 1, "​O": 1, "抽奖": 1, "汇丰": 2, "银行": 2, "往事": 1, "逢源": 1, "来源": 1, "饭统": 1, "戴": 1, "老板": 1, "2019年": 1, "老牌": 1, "资本主义": 1, "国家": 1, "国民": 1, "忙": 1, "干": 1, "件": 1, "撇清": 1, "出卖": 1, "浓眉大眼": 1, "老朋友": 1, "摇身": 1, "当起": 1, "帝国主义": 1, "带路": 1, "党": 1, "这一切": 1, "2002年": 1, "说起": 1, "影随": 1, "形动": 1, "形随": 1, "心动": 1, "人脸": 1, "观看": 1, "角度": 1, "智慧": 1, "感知": 1, "目之所向": 1, "份": 1, "AI": 1, "善意": 1, "老果": 1, "粉换机": 2, "心路": 2, "历程": 2, "6": 1, "理由": 4, "放弃": 2, "果粉": 2, "细心": 1, "铁杆数": 1, "码友": 1, "竟然": 2, "六大": 1, "厉害": 1, "这位": 1, "即将": 1, "发售": 1, "首款": 1, "集成5G": 1, "基带": 1, "SA/NSA": 1, "双模": 1, "文章": 1, "网友们": 1, "iPhone7": 6, "三年": 1, "老果粉": 2, "上旬": 1, "终于": 2, "按耐不住": 1, "躁动": 1, "内心": 2, "入手": 1, "台": 4, "Mate30手机": 1, "宣告": 1, "变身": 1, "花粉": 2, "身边": 1, "不禁": 1, "发出": 1, "灵魂": 1, "拷问": 1, "优秀": 2, "iOS": 1, "久用不卡": 1, "为啥": 1, "还要": 1, "购买": 2, "安卓": 3, "刚": 1, "大半": 1, "顶级": 1, "旗舰": 3, "内置": 1, "7nm": 1, "工艺": 1, "麒麟": 2, "990": 2, "带来": 2, "持久": 1, "流畅": 1, "久用必卡": 1, "搁": 1, "本人": 1, "开发": 1, "克隆": 1, "迁移": 3, "无需": 2, "流量": 1, "扫": 2, "即可": 1, "键": 1, "旧": 1, "联系人": 1, "短": 2, "尽数": 1, "换机": 5, "目的": 1, "捉襟见肘": 1, "32GB": 2, "储存": 3, "空间": 3, "高达": 1, "128GB": 1, "开心": 1, "忍受": 1, "抓狂": 1, "原因": 7, "升级": 1, "声称": 1, "提升": 1, "首批": 1, "上市": 1, "网评": 1, "差": 3, "莫名其妙": 1, "发热": 1, "导致": 1, "翻车": 1, "加上": 2, "18W快充": 1, "对比": 1, "40W快充": 1, "简直": 1, "天上": 1, "地下": 1, "之三": 1, "时不时": 1, "老婆": 2, "iPhoneXsMax": 2, "卧室": 2, "玩": 1, "王者": 2, "荣耀": 2, "游戏": 3, "过程": 1, "网速": 1, "460": 1, "黑线": 1, "卖到": 1, "上万": 1, "高端机": 1, "团战": 2, "活活": 1, "人头卡死": 1, "面前": 1, "老弟": 1, "P30Pro": 1, "盘": 1, "后裔局": 1, "一路": 2, "绿灯": 2, "杀到": 1, "后期": 1, "超神": 2, "接收": 1, "Wi-Fi": 1, "印象深刻": 1, "表现": 2, "强过": 1, "四": 4, "打电话": 1, "通话": 1, "毛病": 1, "消失": 1, "设计": 2, "密密麻麻": 1, "天线": 1, "光是": 1, "态度": 1, "杠杠": 1, "之五": 1, "麒麟990": 1, "赋予": 1, "强大": 1, "GPUTurbo3.O": 1, "高帧率": 1, "稳定": 2, "运行": 2, "手游": 1, "FPS": 1, "数值": 1, "60FPS": 1, "满帧": 1, "状态": 1, "偶尔": 1, "下降": 1, "56-58FPS": 1, "之间": 1, "纵享": 1, "丝滑": 1, "字": 1, "之六": 1, "新一代": 1, "超": 1, "感光": 1, "徕卡": 2, "摄": 2, "镜头": 2, "自动": 2, "AI性能": 1, "取好": 1, "控制": 1, "调出": 1, "咔嚓": 1, "声": 1, "快速": 2, "取景": 1, "拍摄": 1, "清晰": 1, "明亮": 1, "质感": 1, "色彩": 1, "过度": 1, "渲染": 1, "夜景": 2, "样张": 1, "噪点": 1, "一如既往": 1, "水准": 1, "业界": 1, "公认": 1, "转战": 1, "阵营": 1, "短短": 1, "半月": 1, "惊喜": 1, "远远": 1, "不止": 1, "提到": 1, "几点": 1, "该机": 1, "EMUI10": 1, "符合": 1, "国人": 1, "iOS13": 1, "超越": 1, ";": 1, "德国": 1, "莱茵": 1, "TUV": 1, "认证": 1, "27": 1, "W华": 1, "快充": 1, "方案": 2, "7.5W": 1, "速度": 1, "售价": 1, "3999": 1, "国行": 1, "5499": 1, "定价": 1, "超值": 1, "省下": 1, "大洋": 1, "过日子": 2, "本该": 1, "精打细算": 1, "后悔": 1, "手中": 1, "挂": 1, "闲鱼": 1, "卖好": 1, "老百姓": 1, "7": 2, "传家宝": 1, "O老果": 1, "发力": 1, "央视": 2, "主持人": 2, "大赛": 2, "人工": 2, "云管端": 1, "战略": 1, "给力": 1, "LHW前HR": 1, "吹": 1, "黑": 1, "三星": 1, "正当时": 1, "留": 1, "朋友圈": 1, "此刻": 1, "恐怕": 1, "渣": 1, "国际": 1, "大厂": 1, "倾向": 1, "打磨": 1, "算法": 1, "新机": 2, "超高像素": 1, "类似": 1, "大底": 1, "双主": 1, "摄方案": 1, "广角": 1, "电影头": 1, "有意思": 1, "跟进": 1, "潜望式": 1, "ToF": 1}