{"卢伟": 8, "冰回": 9, "怼余": 9, "承东": 11, "余承东": 15, "卢伟冰": 10, "手机": 34, "实用": 26, "价值": 26, "唇枪舌战": 1, "赞成": 2, "说法": 2, "小米": 24, "副总裁": 9, "怼华": 5, "​": 11, "：": 32, "MIXAlpha": 5, "外国": 11, "车牌": 10, "卖": 10, "一万": 4, "华为": 82, "26日": 13, "国内": 5, "发布": 17, "Mate30": 35, "系列": 20, "产品": 9, "提到": 5, "日前": 4, "刚": 4, "概念机": 8, "@": 27, "评价": 9, "称": 14, "概念": 6, "对此": 7, "发": 5, "如果说": 3, "环绕": 6, "屏": 9, "；": 7, "一个": 6, "1万": 7, "块": 6, "后续": 1, "——": 1, "联想": 5, "常程": 6, "都": 11, "！": 12, "#余": 1, "5G": 5, "消费者": 6, "业务": 5, "CEO": 3, "发布会": 7, "接受": 2, "媒体": 1, "采访": 2, "刚刚": 2, "MIXAphla": 7, "款": 3, "宣称": 1, "屏占比": 1, "超过": 2, "180%": 1, "售价": 7, "19999": 1, "元": 12, "创下": 1, "新高": 1, "新浪": 2, "科技": 3, "O余": 1, "携手": 1, "导演": 3, "徐峥": 2, "、": 25, "陆川": 2, "主持人": 1, "孟非": 1, "重构": 3, "电影": 4, "想象": 3, "今晚": 1, "19:30": 1, "解锁": 1, "时代": 2, "终端": 4, "官方": 3, "直播": 3, ".": 2, "早": 3, "财经": 7, "丨": 3, "销售额": 6, "1": 10, "分钟": 7, "破": 5, "5亿": 6, "九寨沟": 3, "景区": 3, "景观": 2, "今日": 5, "对外开放": 2, "散客": 4, "拼团": 4, "国行版": 4, "价格": 3, "公布": 2, "!": 1, "证券": 1, "时报": 1, "商城": 3, "3999": 3, "Mate30Pro": 5, "5799": 1, "Mate305": 1, "G版": 1, "4999": 1, "Mate30Pro5G": 1, "版": 3, "6899": 1, "RS": 3, "保时捷": 12, "设计": 4, "12999": 1, "30000": 1, "吨": 3, "中央": 3, "储备": 4, "冻猪肉": 3, "国庆": 3, "假期": 1, "大口吃肉": 1, "华商": 1, "商品": 1, "管理": 1, "中心": 1, "通知": 1, "9月": 9, "第3": 1, "即将": 1, "投放": 2, "市场": 2, "本次": 1, "出库": 1, "交易量": 1, "依然": 1, "截至": 1, "国庆节": 1, "第三": 1, "共有": 1, "3万": 1, "​3": 1, "柳叶刀": 2, "AI确诊": 1, "率略": 1, "高于": 1, "人类": 1, "医生": 2, "25日": 1, "发表": 2, "数字": 1, "健康": 1, "论文": 1, "AI": 2, "专业": 2, "成功": 1, "诊断": 1, "疾病": 2, "伯明翰": 1, "大学": 8, "研究": 5, "人员": 5, "分析": 1, "数据": 3, "发现": 2, "深度": 2, "学习": 1, "正确": 1, "检测": 1, "87％": 1, "病例": 1, "医疗": 1, "86％": 1, "4": 1, "加拿大": 2, "袋泡": 1, "茶包": 2, "高温": 1, "释放": 1, "百亿": 1, "塑料": 3, "颗粒": 2, "麦吉尔": 1, "指出": 1, "估计": 1, "冲泡": 1, "茶水": 1, "杯": 1, "含有": 1, "116亿": 1, "颗": 2, "31亿": 1, "纳米": 1, "5": 6, "旅行社": 3, "线路": 3, "定价": 2, "最低": 2, "400余": 2, "下午": 2, "记者": 4, "位于": 1, "成都": 1, "推出": 1, "相关": 1, "客服": 1, "1000余": 1, "不等": 1, "预订": 1, "6": 1, "阅兵": 2, "学霸": 1, "方队": 2, "71%": 2, "博士": 2, "硕士": 2, "首次": 3, "代表": 1, "全军": 1, "院校": 1, "科研": 1, "战线": 1, "军事": 1, "科学院": 1, "国防": 2, "联合": 1, "组队": 1, "阅方队": 1, "学历": 1, "7": 1, "消灭": 2, "HIV": 3, "潜在": 3, "治疗": 2, "靶点": 2, "找到": 2, "美国": 2, "加州": 1, "圣地亚哥": 1, "分校": 1, "医学院": 1, "mBio": 1, "期刊": 1, "网络版": 1, "报告": 1, "患者": 1, "体内": 1, "隐匿": 1, "艾滋病": 1, "病毒": 1, "免疫": 1, "细胞": 1, "长链": 1, "编码": 1, "RNA": 1, "lncRNA": 1, "修饰": 1, "休眠": 1, "复活": 1, "O早": 2, "商务部": 1, "中方": 1, "企业": 1, "农产品": 1, "询价": 1, "采购": 1, "Mate30流": 1, "畅度": 1, "超": 1, "iPhone11": 2, "麒麟990": 2, "AI性": 2, "超越": 2, "苹果": 7, "A13": 1, "很多": 1, "安卓": 1, "流畅度": 2, "时延": 1, "稳定性": 1, "L": 4, "新京报": 3, "视频": 22, "秒拍": 6, "#趣": 1, "拳": 1, "三星脚踢": 1, "干": 1, "翻友商": 1, "雷军": 2, "罗永浩": 1, "库克": 1, "爆笑": 1, "客串": 1, "熬夜": 1, "赶制": 1, "转发": 2, "支持": 3, "吐槽": 1, "续航": 1, "L李杰灵": 1, "总裁": 2, "集团公司": 1, "‘": 1, "’": 1, "文案": 1, "P30Pro": 1, "iPhone11ProMax": 1, "mate30": 3, "发售": 5, "排长队": 2, "翡冷": 2, "翠色": 2, "上海": 5, "旗舰": 2, "机型": 4, "当晚": 2, "18时许": 2, "新款": 3, "南京东路": 2, "授权店": 2, "门口": 2, "门店": 4, "顾客": 2, "前来": 2, "排队": 2, "购买": 2, "工作": 2, "介绍": 2, "Mate30pro": 2, "翡": 2, "冷翠": 2, "罗兰紫": 2, "配色": 2, "稀缺": 2, "正式": 3, "中国区": 2, "这次": 1, "卖点": 1, "拍摄": 1, "电影级": 1, "邀请": 1, "谈谈": 1, "卢": 1, "三": 1, "国杀": 1, "G环": 4, "绕屏": 4, "回应": 1, "集团": 2, "负责人": 1, "老板": 3, "联播L": 1, "联播": 3, "贴牌": 3, "到底": 3, "豪华": 2, "汽车": 4, "品牌": 8, "同名": 2, "家族": 2, "回": 1, "再度": 1, "质疑": 1, "厂商": 1, "责任": 1, "义务": 1, "告诉": 1, "O卢伟冰": 1, "知情权": 1, "还给": 1, "用户": 2, "7680": 2, "帧慢": 1, "动作": 2, "想": 2, "时间": 5, "轨迹": 1, "体验区": 1, "现场": 2, "展示": 1, "帧": 1, "超级": 2, "体验": 3, "瞬间": 1, "静止": 1, "震撼": 1, "隔空": 2, "操作": 2, "丝滑": 1, "滑动": 2, "抓取": 1, "截屏": 1, "测试": 1, "下载": 1, "速度": 1, "1.59": 1, "Gbps": 1, "快充": 2, "简直": 1, "真香": 1, "L梨": 1, "脚": 1, "脖子": 1, "监控器": 2, "中国": 3, "羞辱": 1, "堂堂": 1, "世界级": 1, "巨头": 1, "CFO": 1, "居然": 1, "当作": 1, "罪犯": 1, "带": 2, "愤慨": 1, "​​": 2, "之间": 1, "选": 4, ".....": 2, "L大佬": 2, "凤凰网": 4, "封面": 2, "独家": 1, "|": 1, "狂生": 2, "张五常": 3, "任正非": 6, "天才": 2, "经济学界": 1, "誉为": 1, "华人": 1, "世界": 1, "著名": 2, "经济学家": 1, "近日": 1, "力挺": 1, "人才": 1, "制度": 2, "合伙人": 1, "接轨": 1, "国际": 1, "直言": 1, "好不": 1, "本身": 1, "迟早": 1, "欧洲": 1, "非洲": 1, "越南": 1, "帮衬": 1, "此前": 1, "有意": 1, "西方": 1, "买家": 1, "出售": 1, "技术": 1, "目的": 1, "制造": 1, "竞争": 1, "对手": 2, "信心": 1, "国家": 1, "签订": 1, "后门": 1, "协议": 1, "刘春": 1, "L凤凰网": 1, "首发日": 1, "配货": 1, "1000": 1, "台": 4, "30": 1, "猪": 2, "胖": 1, "！！L": 1, "芒果": 1, "咕咕": 1, "保护壳": 1, "右边": 1, "重庆": 3, "90": 2, "周年": 2, "校庆": 2, "校友": 1, "捐赠": 2, "现金": 1, "捐": 1, "100": 2, "钢琴": 2, "名义": 1, "母校": 1, "运抵": 1, "虎溪": 1, "校区": 1, "富贵": 1, "还乡": 1, "锦衣夜行": 1, "自古": 1, "概莫": 1, "例外": 1, "#​": 2, "起售": 1, "玩": 1, "吃": 1, "螃蟹": 1, "误": 1, "猛": 1, "虎": 1, "昨天": 1, "新品": 1, "搭载": 2, "芯片": 2, "旗舰机": 1, "亮相": 1, "麒麟": 1, "9905G": 1, "发售价": 1, "场景": 2, "多屏": 1, "协同": 1, "功能": 2, "打破": 1, "电脑": 1, "传输": 1, "壁垒": 1, "3D": 1, "面容": 1, "支付": 1, "屏内": 1, "指纹": 1, "识别": 2, "双重": 1, "生物": 1, "保护": 1, "炫酷": 2, "AI隔空": 1, "操控": 1, "带来": 1, "玩法": 1, "轻轻": 1, "挥手": 1, "浏览": 1, "页面": 1, "凌空": 1, "即可": 1, "截取": 1, "屏幕": 1, "走访": 1, "卖场": 1, "新机": 2, "收到": 2, "订单量": 1, "上市": 1, "销量": 1, "持平": 1, "昨日": 1, "晚间": 1, "官微": 1, "份": 1, "显示": 1, "开售": 1, "突破": 1, "...": 1, "L央视": 1, "酷燃": 1, "交卷": 2, "太": 2, "一点点": 1, "领先": 3, "遥遥": 1, "称华": 1, "金句": 1, "满天飞": 1, "爱": 1, "DxOMark": 1, "评分": 2, "打趣道": 1, "强大": 1, "摄像头": 1, "第一": 2, "名": 1, "L老板": 1, "包教": 1, "包会": 1, "智能": 5, "计算": 6, "开课": 1, "联接": 1, "大会": 1, "战略": 2, "基于": 1, "架构": 1, "创新": 1, "投资": 1, "器族": 1, "有所为": 1, "有所不为": 1, "商业": 1, "策略": 1, "构建": 1, "开放": 1, "生态": 1, "布局": 1, "产业": 1, "航海": 1, "开启": 1, "扬帆": 1, "起航": 1, "师": 1, "老师": 1, "课堂": 1, "组成部分": 1, "秘密": 1, "L华": 2, "智慧": 3, "负": 1, "助手": 1, "入驻": 1, "大屏": 1, "体育": 1, "赛事": 1, "热门": 1, "资讯": 1, "追剧": 1, "提醒": 1, "观影": 1, "历史": 1, "菜谱": 1, "……": 1, "服务": 3, "智慧屏": 1, "贴心": 1, "周到": 1, "全家": 1, "关注": 1, "值得": 1, "买": 1, "评论": 1, "期待": 1, "10月": 1, "15日": 1, "抽奖": 1, "平台": 1, "抽": 1, "幸运": 1, "鹅送": 1, "畅享": 1, "9S4GB": 1, "+": 1, "128": 1, "G全网": 1, "通极": 1, "光蓝": 1, "O抽奖": 1, "详情": 1, "友商": 1, "怒喷": 1, "这是": 1, "发泄": 1, "多年": 1, "冲击": 1, "高端": 2, "失败": 1, "怨气": 1, "合作": 1, "官网": 1, "查到": 1, "仔细": 1, "想想": 1, "选择": 2, "群体": 1, "很": 1, "难": 1, "交集": 1, "形象": 1, "就此": 1, "终结": 1, "数码": 1, "郑爽": 1, "贵": 1, "感谢": 1, "～": 1, "听": 1, "音乐": 1, "眼镜": 1, "设备": 1, "配件": 1}