{"●": 1, "央视": 2, "权威": 1, "报道": 2, "华为": 91, "突围": 1, "18": 1, "分钟": 1, "完整版": 1, "——": 1, "介绍": 1, "技术": 7, "突破": 1, "美国": 30, "包围": 1, "提到": 4, "荣耀": 1, "智慧屏": 1, "搭载": 1, "鸿蒙": 7, "系统": 8, "！": 9, "L建华": 1, "Wei业": 1, "视频": 15, "​": 15, "任正非": 50, "：": 30, "特朗普": 25, "希望": 9, "筹码": 6, "中国": 19, "买账": 5, "创始人": 3, "兼": 2, "总裁": 2, "近日": 2, "接受": 9, "Yahoo": 4, "财经": 13, "专访": 6, "政府": 4, "瞄准": 3, "科技": 7, "巨头": 5, "举动": 3, "发表": 3, "讲话": 3, "依赖": 2, "公司": 22, "生存": 5, "提供": 3, "设备": 3, "生产": 3, "都": 20, "停": 3, "天都": 4, "提高": 3, "产量": 3, "威胁": 4, "O": 5, "B站": 1, "网友": 1, "写": 1, "段": 1, "很": 8, "意义": 1, "共勉": 1, "通信": 1, "不再": 1, "受制于人": 1, "小米": 5, "拉低": 1, "智能": 5, "手机": 27, "准入": 1, "门槛": 1, "也许": 2, "5G": 2, "建设": 1, "话语权": 1, "；": 12, "花": 1, "3000": 1, "625": 1, "企业": 6, "骄傲": 2, "关系": 3, "民生": 1, "、": 13, "国防": 1, "这是": 1, "超越": 1, "利益": 1, "事关": 1, "国家": 3, "民族": 1, "感情": 1, "尊严": 1, "投票": 1, "下流": 1, "手段": 1, "遏制": 1, "外企": 1, "双标": 1, "洋人": 1, "唯唯诺诺": 1, "华人": 1, "颐指气使": 1, "价值观": 1, "站在": 1, "尖端": 1, "利润": 1, "搞": 1, "研发": 4, "无可非议": 1, "追求": 1, "物美价廉": 1, "极致": 1, "性价比": 1, "买": 2, "纯属": 1, "喜好": 1, "干嘛": 1, "上纲": 1, "上线": 1, "花粉": 1, "米粉": 1, "互撕": 1, "人身": 1, "攻击": 1, "倒": 1, "外国人": 1, "坐收渔翁之利": 1, "": 2, "祖国": 1, "人民": 1, "朱": 1, "小华": 1, "救": 1, "战友": 1, "牺牲": 1, "24": 1, "岁": 1, "L": 3, "军视网": 1, "易": 2, "烊": 1, "千": 1, "玺": 1, "❤️": 2, "千玺": 4, "nova星": 3, "💌": 1, "四": 1, "色": 1, "nova": 1, "魅力": 1, "四射": 1, "千面千玺": 1, "昆明": 2, "天气": 1, "七月": 1, "小孩子": 1, "反反复复": 1, "偶有": 1, "阵雨": 1, "潮湿": 1, "空气": 1, "变得": 1, "阳光": 1, "明媚": 2, "跨越": 1, "城区": 1, "相约": 1, "爱琴海": 2, "体验店": 3, "一刻": 1, "活动": 1, "涂鸦": 1, "nova手": 1, "绘板": 1, "艺术": 1, "交流": 2, "学堂": 1, "你来我往": 1, "答": 1, "一次次": 2, "情感": 1, "纽带": 1, "画": 1, "猜": 1, "默契": 1, "考验": 1, "除去": 1, "灰姑娘": 1, "毒": 1, "苹果": 1, "感谢": 1, "真诚": 1, "邀请": 1, "可爱": 2, "云鹤": 1, "热情": 1, "参与": 1, "期待": 2, "相遇": 2, "@": 4, "观察者": 1, "网": 1, "账​": 1, "白岩松": 1, "美": 12, "禁令": 4, "实质性": 2, "改变": 2, "发展": 2, "才": 5, "底气": 2, "白岩": 1, "松评": 1, "L凤凰网": 2, "家人": 6, "性格": 6, "强势": 6, "7月": 15, "20日": 12, "雅虎": 9, "采访": 8, "从来": 3, "参观": 4, "政客": 3, "门前": 3, "进来": 3, "别人": 6, "开会": 3, "外面": 3, "一点": 3, "老板": 5, "联播L": 2, "联播": 8, "秒拍": 9, "​​​": 2, "整点": 2, "播": 2, "每经": 4, "17点丨": 3, "称": 14, "预计": 11, "出货": 11, "2.7亿": 12, "台": 12, "2018年": 6, "增加": 4, "7000万": 3, "北京": 3, "公租房": 3, "人脸": 3, "识别": 3, "正式": 2, "启用": 3, "作假": 2, "难上加难": 1, "1": 2, "当地": 5, "时间": 6, "YahooFinance": 4, "播发": 3, "CEO": 3, "实录": 4, "透露": 4, "麒麟": 3, "完整": 3, "芯片": 11, "解决": 9, "方案": 3, "前提": 3, "去年": 4, "依然": 7, "采购": 6, "5000万": 3, "颗": 3, "高通": 8, "授权": 4, "消费者": 3, "业务": 4, "足量": 3, "终端": 1, "总共": 1, "售出": 1, "2.06亿": 1, "科创板": 1, "首批": 1, "上市": 2, "签约": 1, "仪式": 1, "上交所": 1, "3": 2, "安泰": 2, "天宜": 1, "佳明日科": 1, "创板": 1, "启赋": 1, "基金": 1, "持股": 1, "1.75%": 1, "4": 2, "大族": 1, "激光": 1, "控股": 1, "股东": 1, "瑞士": 1, "投资": 1, "项目": 1, "银行": 1, "资金": 1, "往来": 1, "5": 1, "O每经": 2, "难上加难O": 1, "Mate20": 1, "广告": 1, "22点丨": 3, "研究": 4, "青少年": 4, "过度": 4, "社交": 4, "媒体": 4, "抑郁": 4, "电视": 4, "加重": 4, "病情": 4, "国际": 2, "炭黑": 2, "涨价": 2, "国内": 4, "有望": 2, "迎来": 2, "补涨": 1, "暂": 6, "计划": 6, "用于": 3, "谷歌": 9, "努力": 6, "选择": 3, "投入": 3, "面临": 3, "回报": 3, "21日": 2, "布达拉宫": 1, "预约": 1, "监管层": 1, "规范": 1, "公募": 1, "机构": 1, "转融": 1, "流程": 1, "补涨O": 1, "L老板": 5, "自豪": 1, "歌": 1, "改成": 1, "醉": 1, "L王": 1, "建伟": 1, "1988": 1, "白宫": 4, "讨论": 6, "禁售令": 6, "通话": 8, "谈": 4, "路透社": 2, "经贸": 2, "级别": 2, "磋商": 2, "牵头人": 2, "下周": 2, "召集": 2, "半导体": 2, "软件": 2, "行业": 2, "高管": 2, "迹象": 2, "显示": 2, "再度": 2, "面对面": 2, "会谈": 2, "结束": 2, "长": 2, "贸易战": 3, "之际": 2, "总统": 2, "19日": 3, "姆努钦": 2, "中方": 2, "代表": 2, "O白宫": 2, "发布": 1, "M68.4": 1, "寸": 1, "版": 1, "鬼触": 1, "L小白": 1, "测评": 1, "本来": 1, "想": 2, "秀段": 2, "东北话": 1, ".": 4, "nova舞": 1, "超酷": 1, "舞蹈": 1, "老铁们": 1, "学": 1, "！！": 1, "nova5": 1, "夜色": 1, "穆童": 1, "Funkytomin-NewFunky": 1, "外媒": 1, "烊千玺": 1, "TFBOYS": 1, "易烊": 1, "理想": 1, "生活": 1, "夏": 1, "烊烊": 1, "眼睛": 1, "说话": 1, "红色": 1, "鹤儿": 1, "读": 1, "懂": 1, "2019.7.20": 1, "吉林": 1, "•": 1, "长春": 1, "重庆路": 1, "爱": 1, "一个": 3, "人才": 1, "相聚": 1, "王子": 1, "浪漫": 1, "故事": 1, "续写": 1, "再次": 1, "远": 6, "超": 6, "从未": 6, "恶意": 6, "窃取": 6, "知识": 9, "产权": 9, "访问": 3, "拥有": 4, "11500": 3, "项": 3, "核心": 3, "专利": 3, "成立": 3, "初": 3, "重视": 3, "盗窃": 3, "受害者": 3, "出货量": 2, "2亿": 1, "断供": 3, "极力": 1, "围堵": 1, "情况": 1, "迅猛": 1, "增长": 4, "势头": 1, "估计": 1, "大骂": 1, "高科技": 1, "争气": 1, "骂": 1, "没用": 1, "经济": 2, "缩影": 1, "麦肯锡": 1, "7月份": 1, "最新": 1, "报告": 1, "世界": 1, "依赖度": 2, "降低": 1, "越来越": 1, "社会": 1, "消费品": 1, "零售": 1, "总额": 1, "38万亿": 1, "上一年": 1, "9%": 1, "最终": 1, "消费": 1, "支出": 1, "生产总值": 1, "影响率": 1, "76.2%": 1, "上年": 1, "18.6%": 1, "打压": 1, "2季度": 1, "欧洲": 1, "市场": 3, "环比": 1, "1.9%": 1, "下滑": 1, "同比": 1, "上涨": 1, "强劲": 1, "占比": 1, "46.1%": 1, "足以": 1, "抵消": 1, "外部": 1, "影响": 1, "剩余": 1, "不合时宜": 1, "必定": 1, "失败": 1, "原因": 1, "郑允浩": 1, "哥哥": 1, "欲": 1, "30pro": 1, "追星": 1, "女孩": 1, "值得": 1, "停产": 2, "增产": 2, "铮铮铁骨": 1, "硬核": 1, "实力": 1, "唯有": 1, "问及": 1, "看待": 1, "Intel": 1, "美光": 1, "在内": 1, "未来": 1, "伙伴": 2, "供货": 1, "购买": 1, "产品": 1, "领域": 1, "开发": 1, "取而代之": 1, "竞品": 1, "表达": 1, "通华": 1, "毕竟": 1, "推移": 1, "致力于": 1, "合作": 1}