{"华为": 132, "回应": 16, "特朗普": 26, "签": 8, "紧急": 27, "状态": 28, "：": 26, "美国": 115, "强大": 15, "15日": 14, "总统": 11, "签署": 21, "行政": 11, "命令": 12, "企业": 25, "国家": 19, "风险": 6, "生产": 6, "电信": 14, "设备": 31, "外媒": 11, "这是": 5, "禁止": 12, "美企": 6, "业务": 7, "往来": 7, "铺平": 7, "道路": 7, "公司": 7, "对此": 2, "称": 5, "5G": 16, "网络": 8, "建设": 8, "落后于": 5, "环球网": 2, "迫使": 12, "劣质": 12, "昂贵": 12, "替代": 12, "政府": 24, "发布": 4, "针对": 11, "交易令": 3, "领域": 8, "无可比拟": 8, "领导者": 7, "沟通": 7, "保障": 7, "产品": 7, "措施": 7, "​": 11, "！": 11, "凌晨": 5, "消息": 4, "当地": 6, "时间": 6, "报道": 7, "此事": 4, "都": 8, "中国": 11, "外交部": 2, "发言人": 2, "耿爽": 2, "此举": 4, "做出": 2, "评价": 2, "——": 3, "滥用": 3, "力量": 4, "光彩": 2, "公正": 2, "美国商务部": 4, "长罗斯": 2, "随后": 2, "份": 3, "声明": 6, "酝酿": 2, "超过": 2, "旨在": 2, "应对": 2, "外国": 4, "对手": 3, "信息": 2, "通信": 2, "技术": 3, "服务": 2, "供给": 2, "链": 2, "带来": 3, "威胁": 2, "路透社": 5, "、": 8, "法新社": 2, "国会": 1, "山报": 1, "指向": 1, "看上去": 1, "#O": 1, "熟睡": 1, "科技": 9, "平等": 1, "获益": 1, "EMUI": 1, "研发": 1, "团队": 1, "致力于": 3, "优化": 1, "用户": 1, "无障碍": 2, "体验": 4, "视障": 1, "人士": 2, "打通": 1, "盲道": 1, "享受": 1, "生活": 1, "世界": 2, "希望": 1, "借助": 1, "普通人": 1, "温度": 1, "胡侃": 1, "动用": 2, "国际": 4, "经济": 1, "权力": 2, "打压": 3, "标志": 1, "超级大国": 1, "国力": 1, "一家": 4, "进一步": 1, "升级": 1, "很多": 1, "厉害": 1, "老胡": 1, "以柔克刚": 1, "L胡锡进": 1, "视频": 11, "监控": 8, "协议": 11, "从未": 5, "意图": 2, "窃听": 2, "西方": 2, "消费者": 7, "英国": 7, "广播": 1, "董事长": 8, "梁华": 9, "14日": 3, "伦敦": 6, "出席": 1, "场": 1, "商业": 1, "会议": 1, "包括": 4, "在内": 2, "签订": 3, "符合": 1, "后门": 4, "标准": 3, "梁": 1, "华称": 1, "总部": 3, "实质": 1, "全球": 7, "运营": 7, "法律": 8, "收集": 2, "情报": 3, "植入": 1, "外界": 2, "担心": 1, "机构": 1, "合作": 1, "忧虑": 1, "炒作": 1, "O华": 3, "各国": 1, "打消": 1, "顾虑L": 1, "新浪": 3, "财经": 3, "评为": 1, "每次": 1, "搞笑": 2, "想起": 1, "鸡毛街": 1, "访": 1, "小孩子": 1, "童言无忌评": 1, "第一": 1, "任期": 1, "表现": 3, "全方位": 1, "花式": 1, "吐槽": 1, "献": 1, "段": 1, "经典": 1, "模仿": 1, "秀": 1, "热": 2, "榜": 1, "L": 3, "搞": 1, "笑榜": 1, "秒拍": 3, "封锁": 2, "解读": 2, "意在": 2, "5月": 5, "16日": 4, "对e": 1, "记者": 4, "最终": 6, "伤害": 5, "利益": 4, "美": 2, "拟": 1, "禁华": 1, "媒体": 4, "环球": 1, "时报": 1, "内容": 1, "侵犯": 3, "权利": 4, "引发": 4, "Huawe": 1, "iistheunparalleledleaderin5G": 1, ".": 2, "Wearereadyand": 1, "willingtoengagewiththe": 1, "USgovernmentandcomeupwitheffectivemeasurestoensureproductsecurity": 1, "RestrictingHuaweifromdoingbusinessinthe": 1, "US": 1, "willnotmakethe": 1, "USmoresecureorstronger": 1, ";": 1, "willonlyservetolimitthe": 1, "UStoinferioryetmoreexpensivealternatives,leavingthe": 1, "USlaggingbehindin5G": 1, "deployment": 1, "andeventuallyharmingthe": 1, "interests": 1, "UScompaniesandconsumers.Inaddition,unreasonablerestrictions": 1, "willinfringeuponHuawei'srightsandraiseotherseriouslegalissues.": 1, "凌志": 1, "搞机": 1, "零距离": 1, "7Pro": 4, "评测": 3, "上半年": 1, "综合": 1, "素质": 1, "手机": 9, "极为": 1, "出色": 1, "屏幕": 4, "显示": 1, "苹果": 4, "三星": 4, "一较高下": 1, "这块": 2, "日常": 1, "场景": 1, "超越": 1, "S10": 1, "拍照": 1, "OPPO": 1, "一个": 2, "支持": 4, "倍": 1, "光学": 1, "变焦": 1, "厂商": 1, "DXO": 1, "给出": 1, "111": 1, "高分": 1, "测试": 1, "暗光": 1, "弱于": 1, "直出": 1, "夜景": 1, "模式": 1, "惊喜": 1, "骁龙": 1, "855": 1, "12GB": 1, "内": 1, "存放": 1, "安卓": 1, "阵营": 1, "顶天": 1, "配置": 2, "国产": 1, "性能": 2, "追求": 1, "太过": 1, "严苛": 1, "一加": 3, "标配": 1, "曲面屏": 1, "重量": 1, "依然": 1, "挑战": 1, "接受": 5, "优势": 1, "才": 1, "无线": 2, "充电": 1, "L钟文泽": 1, "采访": 3, "所在": 2, "提出": 2, "间谍": 5, "市场": 2, "代表": 2, "实际上": 2, "遵守": 2, "所在国": 2, "规范": 2, "O实录": 2, "|": 4, "答媒体": 3, "问愿": 2, "签无": 2, "@": 8, "央视": 2, "新闻": 2, "和美": 1, "全国": 2, "鹅": 1, "简直": 1, "抬咖": 1, "行政令": 1, "发表": 1, "70": 1, "关联": 1, "列入": 4, "美方": 2, "实体": 3, "清单": 3, "未经": 1, "批准": 1, "情况": 2, "元器件": 1, "相关": 2, "刚刚": 3, "编辑部": 1, "收到": 1, "全文": 1, "霸气": 2, "项": 1, "事实上": 1, "制造": 1, "落后": 1, "马思程钰": 1, "目的": 1, "很": 4, "不少": 1, "岛叔": 1, "梳理": 1, "究竟": 1, "O": 3, "解局": 1, "华为史": 1, "实录": 1, "广告": 1, "亲身": 1, "体会": 1, "各项": 1, "绝不": 1, "爱疯": 2, "差": 1, "领先": 1, "为啥": 1, "还要": 1, "无后门": 1, "提议": 1, "近日": 1, "监视": 1, "本周": 1, "漏洞": 1, "通讯": 3, "此前": 2, "澳大利亚": 1, "新西兰": 1, "参与": 1, "国内": 1, "德国": 1, "欧阳": 1, "雪": 1, "妍": 1, "L中报": 1, "想": 2, "中兴": 5, "手段": 1, "整华": 1, "2016年": 1, "3月": 1, "违反": 1, "伊朗": 1, "制裁": 1, "禁令": 2, "为由": 1, "试图": 2, "切断": 2, "后者": 1, "供应链": 3, "被迫": 1, "达成": 1, "和解": 1, "曝料": 1, "计划": 1, "援引": 1, "观点": 1, "届时": 1, "受阻": 1, "货": 1, "卖": 1, "复旦": 1, "大学": 1, "政治系": 1, "副教授": 1, "沈逸": 1, "观察者": 1, "网": 1, "理智": 1, "逻辑": 2, "敏感": 2, "便宜": 2, "占": 2, "到底": 1, "只能": 1, "实力": 1, "对话": 1, "感到": 1, "疼": 1, "曝": 1, "专家": 1, "马克龙": 3, "封杀": 3, "法国": 4, "目标": 3, "发动": 3, "战争": 3, "合适": 2, "形式": 1, "黑名单": 1, "担忧": 1, "O马克龙": 1, "公开": 1, "反对": 1, "加拿大": 1, "确切": 1, "证据": 1, "审判": 1, "CFO": 1, "孟晚舟": 1, "女士": 4, "带上": 1, "脚镣": 3, "戴": 2, "痛苦": 2, "自述": 1, "孟": 3, "犯人": 1, "卖惨": 1, "哭丧脸": 1, "心疼": 1, "新股": 1, "获利": 1, "买": 1, "台": 2, "P30pro": 1, "518": 1, "男孩": 1, "节#": 1, "有爱": 1, "18日": 1, "海澜": 2, "官方": 1, "旗舰店": 1, "0点": 1, "抢": 1, "100": 1, "耳机": 1, "MATE20": 1, "X待": 1, "领取": 1, "关注": 1, "艾特": 1, "好友": 1, "O5月": 1, "17日": 1, "晚": 1, "23点": 1, "转发": 2, "抽": 3, "1": 3, "送": 3, "999": 1, "元": 2, "现金": 2, "红包": 2, "​​​": 1, "影像": 2, "不止": 1, "打卡": 2, "出行": 1, "方式": 1, "出门": 1, "真的": 1, "就算": 1, "白": 1, "分享": 1, "行踪": 1, "地方": 1, "意义": 1, "摄影师": 1, "打卡照": 1, "探索": 1, "与众不同": 1, "角度": 1, "鼓励": 1, "拍摄": 1, "长焦": 1, "广角": 1, "微距": 1, "功能": 1, "照片": 1, "作品": 1, "2019": 1, "大赛": 1, "图虫": 1, "赛区": 1, "地理": 1, "位置": 1, "比赛": 1, "投稿": 1, "链接": 2, "O网页": 1, "日新月异": 1, "时代": 1, "拒绝": 1, "动作": 1, "就要": 1, "快": 2, "一点": 1, "快升": 1, "91": 1, "畅快": 1, "无比": 1, "随手": 1, "粉": 1, "EMUI&": 1, "奥凯": 1, "航空": 1, "值机": 1, "&": 1, "登机": 1, "5.23日": 1, "名": 1, "老铁": 1, "Mate20": 1, "抽奖": 1, "平台": 1, "长板": 3, "推高": 1, "「": 1, "旗舰": 1, "」": 1, "定义": 2, "凰家": 1, "机皇": 1, "短板": 1, "一块": 1, "别人": 1, "相机": 1, "……": 1, "iOS": 1, "联合": 1, "定制": 1, "FluidAMOLED": 1, "显示屏": 1, "2K": 1, "级别": 1, "分辨率": 1, "曲面": 1, "基础": 1, "加上": 1, "90": 1, "Hz": 1, "刷新率": 1, "～": 2, "赶快": 1, "款": 1, "新机": 1, "刘作虎": 1, "7": 2, "发布会": 1, "L凤凰": 1}