{"虎": 1, "扑亮": 1, "回复": 1, "华为": 70, "越南": 2, "代言人": 2, "水平": 1, "​": 13, "格力": 5, "手机": 16, "还要": 6, "折叠屏": 5, "前脚": 1, "澄清": 1, "传闻": 1, "随后": 1, "发现": 3, "新增": 1, "专利": 2, "意味着": 3, "放弃": 1, "追随": 1, "三星": 1, "厂商": 1, "推出": 2, "消费者": 1, "买账": 1, "O格力": 1, "看待": 1, "任正非": 30, "：": 20, "不用": 17, "一块": 17, "美国": 39, "芯片": 17, "生产": 16, "100%": 16, "中国": 35, "产品": 19, "10月": 8, "30日": 4, "埃及": 7, "金字塔": 7, "报": 7, "发表": 7, "该报": 7, "总编辑": 7, "阿拉·萨比特": 6, "文章": 8, "对话": 7, "制裁": 7, "阻止": 7, "反而": 12, "受益": 7, "良多": 7, "公司": 21, "发展": 9, "员工": 20, "团结": 7, "努力": 5, "工作": 5, "制造": 10, "@": 7, "老板": 9, "联播L": 3, "联播": 6, "视频": 11, "整点": 1, "播": 1, "每经": 2, "18点丨": 3, "；": 5, "广州": 7, "首批": 4, "347": 4, "套": 4, "共有": 7, "产权房": 3, "对外": 4, "供应": 5, "港澳": 7, "青年": 6, "首次": 6, "申领": 3, "美": 2, "官员": 2, "称": 10, "调查": 3, "IS": 2, "头目": 1, "1": 4, "、": 16, "经济": 1, "周刊": 1, "报道": 2, "31日": 4, "政府": 2, "这家": 2, "巨头": 4, "视为": 2, "国家": 5, "威胁": 2, "列入": 2, "实体": 2, "清单": 2, "困难": 4, "研究": 3, "人员": 4, "致力于": 2, "世界": 2, "提供": 4, "开发": 2, "技术": 3, "介绍": 1, "合作": 2, "重要性": 2, "耐心": 2, "等待": 2, "研发": 10, "这是": 2, "正确": 3, "央视": 1, "新闻": 2, "近日": 1, "产权": 4, "房共": 1, "自贸": 1, "片区": 1, "重点": 2, "领域": 4, "紧缺型": 2, "人才": 5, "保障房": 3, "面向": 2, "人士": 2, "申请": 1, "这次": 1, "房": 2, "户型": 1, "三": 4, "厅": 1, "单户": 1, "面积": 1, "101~142": 1, "平方米": 1, "试点": 1, "项目": 1, "筑": 1, "花园": 1, "位于": 1, "南沙": 2, "自贸片区": 1, "珠江街": 1, "试水": 1, "住房": 1, "区域": 2, "内": 1, "予以": 1, "O": 2, "新头": 1, "目O": 1, "国内": 2, "城市": 3, "垃圾": 10, "分类": 9, "规则": 3, "都": 7, "太": 6, "出差": 1, "扫": 2, "识别": 2, "HUAWEIAirLens": 1, "一个": 7, "实用": 1, "功能": 2, "L华": 4, "终端": 3, "服务": 4, "秒拍": 3, "​​​": 1, "深圳": 6, "奖金": 2, "亿": 2, "元": 12, "11月": 6, "1日": 1, "正式": 1, "推行": 1, "奖": 1, "1000": 1, "发愁": 1, "支": 1, "时尚": 1, "大片": 1, "教": 1, "！": 10, "用户": 1, "市场": 4, "下载": 2, "AirLens": 3, "APP": 2, "拍": 3, "即识": 1, "键": 1, "切换": 1, "L": 3, "": 1, "朱正廷": 7, "THEO": 1, "🐂🍺": 1, "公里": 1, "大屏": 1, "广角": 1, "→": 3, "1倍": 1, "5": 2, "倍": 3, "10": 1, "[发": 1, "呆]": 1, "窗外": 1, "滚动": 1, "播放": 1, "chapterz": 1, "急先锋": 1, "波软": 1, "广值": 1, "值得": 1, "出资": 1, "买": 2, "迷你": 1, "追星": 1, "顶配P": 1, "30": 3, "P​": 1, "据说": 1, "颜值": 1, "差": 3, "钱": 8, "发债": 15, "手": 4, "2532亿": 6, "现金": 4, "货币网": 1, "披露": 3, "投资": 4, "控股": 2, "有限": 2, "5日": 2, "6日": 2, "发行": 6, "第二": 4, "期": 3, "中期": 5, "票据": 5, "金额": 2, "30亿": 4, "期限": 2, "3": 6, "缴款": 1, "日期": 1, "7日": 1, "8日": 1, "上市": 1, "流通": 1, "此次": 2, "距离": 1, "相隔": 1, "数据": 2, "显示": 2, "三季度": 1, "营业": 1, "收入": 1, "净利润": 1, "斩获": 1, "6033亿": 1, "535亿": 1, "账面": 1, "趴": 2, "货币": 2, "资金": 6, "缺": 1, "筹钱": 2, "2019年": 2, "说明书": 1, "预计": 1, "各项": 1, "业务": 1, "未来": 1, "稳定": 1, "增长": 1, "态势": 1, "支出": 1, "进一步": 2, "增加": 3, "拟": 1, "用于": 1, "补充": 2, "本部": 1, "下属": 1, "子公司": 1, "营运": 1, "原因": 2, "创始人": 2, "成本": 7, "很": 4, "低": 4, "融资": 2, "才": 3, "4%": 2, "企业": 2, "分红": 2, "对此": 1, "业内": 1, "分析": 2, "从前": 1, "认购": 1, "债券": 1, "备受": 1, "认可": 1, "利率": 1, "3.48%": 1, "中石油": 1, "集团": 1, "AAA": 1, "央企": 1, "有利于": 1, "优化": 1, "债务": 1, "结构": 1, "流动": 1, "一条龙": 1, "牛": 1, "涮": 1, "薯片": 1, "包装袋": 1, "汽水瓶": 1, "🥤": 1, "牛奶": 1, "盒🥛": 1, "鸡骨头": 1, "🦴": 1, "……": 2, "秒": 1, "方法": 1, "～": 1, "超": 2, "厉害": 1, "嘿嘿": 1, "上线": 1, "真蚌": 1, "转发": 1, "评论": 1, "晒出": 1, "页": 1, "截图": 1, "20日": 1, "揪": 1, "送华": 1, "畅享": 1, "9s": 1, "价值": 1, "1499": 1, "台": 1, "地址O": 1, "网页": 1, "链接": 1, "👉": 1, "O抽奖": 1, "详情": 1, "趟": 1, "四": 5, "姑娘": 1, "成功": 1, "策反": 1, "苹果": 4, "生态粉": 1, "转华": 1, "粉": 1, "全套": 1, "入华": 1, "生态": 1, "手表": 1, "电视": 1, "mate30pro": 1, "8": 1, "预期": 1, "将来": 1, "远": 1, "2厦门·加州": 1, "商业": 1, "广场": 1, "孩子": 1, "姓氏": 1, "女儿": 2, "孟晚舟": 3, "熟悉": 1, "第一": 3, "妻子": 2, "跟随": 3, "母亲": 2, "姓": 3, "副董事长": 2, "CFO": 1, "儿子": 1, "任平": 1, "父亲": 1, "低调": 1, "不显山不露水": 1, "姚安娜": 1, "总和": 1, "姚凌": 1, "青春": 1, "靓丽": 1, "哈佛": 1, "读": 1, "大学": 1, "上海": 2, "清算": 1, "公告": 1, "19": 1, "MTN002": 1, "人民币": 1, "截至": 1, "三季度末": 1, "账": 1, "也就是说": 1, "现金流": 1, "充裕": 1, "谈": 1, "O华": 1, "昨天": 1, "明星": 1, "侦探": 1, "白rap": 1, "喜欢": 4, "荣耀": 1, "青春版": 1, "设计官": 1, "白敬亭": 1, "焕新AI": 1, "生活": 1, "白": 1, "敬亭": 1, "商城": 1, "女士": 1, "被捕": 1, "11": 2, "加拿大": 5, "女": 1, "元首": 2, "希望": 2, "改善": 4, "中加": 2, "关系": 3, "总督": 1, "渥太华": 1, "会见": 1, "驻": 1, "大使": 1, "丛培武": 1, "放": 1, "回来": 1, "空头": 1, "支票": 1, "骗子": 1, "翻车": 1, "现场": 1, "马来西亚": 1, "68": 1, "岁": 3, "法师": 1, "林": 1, "文华": 1, "证明": 1, "法力无边": 1, "当众": 1, "表演": 1, "清蒸": 1, "分钟": 3, "默哀": 1, "L百态": 1, "人间": 1, "登机口": 1, "随手": 1, "照片": 1, "出自": 2, "索尼": 1, "大法": 1, "北京": 1, "·": 1, "首都": 1, "机场": 1, "T3": 1, "航站": 1, "楼​": 1, "以色列": 8, "66%": 2, "老铁": 1, "Pew": 1, "中心": 4, "年轻人": 2, "时报": 1, "由衷": 1, "阿里巴巴": 3, "功劳": 1, "以色列人": 1, "网购": 1, "电商": 1, "平台": 1, "正是": 1, "旗下": 1, "速卖通": 1, "(": 1, "Aliexpress": 1, ")": 1, "小米": 1, "科技": 1, "贡献": 1, "神奇": 1, "女侠": 1, "盖尔·加朵": 1, "代言": 1, "热点": 1, "天猫": 1, "剁手党": 2, "肯定": 1, "疯狂": 1, "购买": 1, "品牌": 1, "摩洛哥": 1, "护发油": 1, "美容仪": 1, "深受": 1, "喜爱": 1, "贸易": 1, "文化": 1, "交流": 2, "香警": 1, "告​": 1, "易烊": 5, "千": 3, "玺": 3, "世间": 1, "少年": 3, "当如": 1, "人生": 1, "路上": 1, "过客": 1, "很多": 1, "向东": 1, "西": 1, "南向": 1, "北": 1, "TFBOYS": 2, "千玺yyqx帅yyqx": 1, "可爱": 2, "yy": 6, "qx": 9, "中戏": 2, "yq": 3, "x中戏y": 1, "x天猫y": 1, "x华为yyqx": 1, "歌": 2, "舒适圈yy": 1, "短发yy": 1, "舞蹈yyqxyyqx": 1, "发型": 1, "yyqxbvyy": 1, "封面": 2, "长安": 1, "十二": 1, "时辰": 1, "四字帅": 1, "字": 4, "弟弟": 1, "艳势": 1, "番易烊": 1, "千玺KFall-TFBOYS": 1, "千玺K": 1, "陷落": 1, "美好": 1, "KIAdoreYou": 1, "实名": 1, "举报": 2, "制度": 1, "天大": 2, "笑话": 2, "HR": 6, "胡玲": 5, "体验官": 2, "自嗨": 1, "到底": 1, "报料": 1, "高某": 2, "搬到": 1, "2012": 1, "人力": 2, "资源部": 1, "异地": 1, "办公": 1, "占用": 1, "上班": 2, "时间": 2, "西安": 1, "往返": 1, "班车": 1, "想": 2, "辞退": 1, "倒是": 1, "作威作福": 2, "每次": 1, "领导": 1, "hr转": 1, "花": 1, "身上": 1, "下午": 1, "1点多": 1, "输出": 1, "无语": 1, "32": 1, "绩效": 1, "B": 1, "+": 1, "缓慢": 1, "劝退": 1, "40": 1, "高龄": 1, "三连B": 1, "依旧": 1, "杨某": 1, "交出": 1, "访谈": 1, "记录": 1, "名单": 1, "涉及": 1, "反馈": 1, "敏感": 1, "胡": 2, "出于": 1, "保护": 1, "担心": 1, "穿小鞋": 1, "誓死": 1, "交": 1, "逼": 1, "楼道": 1, "哭": 1, "4": 1, "每月": 1, "加班": 2, "160": 1, "小时": 1, "高血压": 1, "血脂": 1, "深夜": 1, "划水": 1, "资源": 1, "成员": 1, "兄弟": 1, "累死": 1, "办法": 1, "责任": 1, "真的": 1, "受尽": 1, "屈辱": 1, "咯": 1, "信号": 1, "拍照": 2, "不行": 1, "哪款": 1, "mate": 1, "断供": 1, "事件": 2, "发酵": 1, "工业化": 1, "进程": 1, "影响": 1, "深远": 1, "软件": 6, "管理层": 1, "国外": 1, "工业": 2, "苦闷": 1, "矛盾": 1, "全球": 1, "EDA": 1, "Synopsys": 2, "自然": 1, "供货": 1, "或许": 1, "解散": 1, "设立": 1, "高科技": 1, "政治": 2, "极左": 1, "响应": 1, "需求": 1, "三大": 1, "高端": 1, "CAD": 1, "PTC": 1, "官司": 1, "主动": 1, "选择": 2, "撤离": 1, "军工": 1, "损失": 2, "大把": 1, "订单": 1, "四五百": 1, "号": 1, "团队": 1, "何去何从": 1, "台湾": 2, "一部分": 2, "回": 1, "宝贵": 1, "稀缺": 1, "辞职": 1, "潮": 1, "即将": 1, "充实": 1, "大干": 1, "快": 1, "国家队": 1, "外企": 1, "精英们": 1, "宽松": 1, "环境": 1, "薪酬": 1, "机会": 1, "苦": 1, "日子": 1, "挣扎": 1, "国产": 1, "商": 1, "扩散": 1, "角度": 1, "顶尖": 1, "留": 1, "隐形": 1, "知识": 1, "创新": 1}