{"德云社": 7, "吴": 8, "鹤臣": 7, "脑出血": 4, "众筹": 6, "百万": 9, "8号": 2, "发病": 2, "11号": 2, "华为": 43, "最新": 2, "手机": 4, "发布": 5, "买": 5, "​": 10, "五一": 2, "小长假": 1, "就算": 1, "断桥": 1, "人桥": 1, "手持": 1, "P30": 3, "Pro": 1, "依然": 1, "拍出": 1, "仿佛": 1, "西湖": 1, "​​​": 1, "500万": 2, "点赞": 3, "！": 21, "这位": 3, "中国": 21, "第一": 15, "燃爆": 2, "热搜": 2, "...": 4, "23岁": 5, "就职": 5, "27": 5, "岁": 31, "环球": 4, "洲际": 4, "小姐": 7, "大赛": 4, "特区": 4, "赛区": 3, "十佳": 4, "28": 5, "赴": 5, "西藏": 5, "支教": 5, "34": 5, "中山": 6, "大学": 6, "博士": 5, "同年": 4, "接到": 4, "入伍": 4, "通知书": 4, "从此": 4, "迈入": 5, "军旅": 5, "生涯": 5, "……": 4, "女": 11, "实习舰": 3, "长韦": 3, "慧晓": 4, "昨天": 1, "段": 1, "引爆": 1, "抖音": 1, "收获": 2, "网友": 4, "惊叹": 1, "：": 14, "这是": 3, "开挂": 2, "人生": 3, "O500万": 1, "视频": 5, "来源": 2, "央视": 3, "新闻": 2, "L": 3, "秒拍": 4, "从没": 1, "恶心": 1, "一家": 2, "家里": 2, "房": 3, "车": 4, "卖": 5, "命": 1, "丢": 1, "脸": 1, "要不得": 1, "利用": 1, "盲目": 1, "同情心": 1, "100万": 3, "养老": 1, "钱": 2, "筹": 1, "？？？": 1, "对此": 1, "声明": 2, "吴鹤臣": 2, "妻子": 5, "私人": 1, "29": 3, "不用": 3, "太过": 3, "焦虑": 5, "马云": 4, "39": 4, "创业": 4, "任正非": 6, "43": 5, "创华": 2, "大佬们": 1, "大可不必": 1, "如今": 1, "人类": 1, "平均": 1, "寿命": 1, "古代人": 1, "长": 1, "很多": 2, "三十而立": 1, "传统": 1, "文化": 1, "或许": 1, "适合": 1, "当代": 1, "标准": 2, "诸如": 1, "、": 19, "柳传志": 2, "商界": 1, "大佬": 1, "都": 5, "大器晚成": 1, "典型": 1, "才": 2, "创立": 4, "公司": 5, "26": 1, "艰难": 1, "发展": 1, "终于": 2, "2013年": 1, "超越": 1, "全球": 3, "电信": 2, "设备商": 1, "爱立信": 1, "联想": 1, "科学院": 1, "计算": 2, "技术": 2, "研究所": 1, "设备": 6, "研究室": 1, "13年": 1, "磁": 1, "记录": 1, "电路": 1, "研究": 2, "http": 1, "://t.cn/EGnax": 1, "Hhttp": 1, "://t.cn": 1, "/": 1, "ESFSCRj": 1, "青春": 4, "拥抱": 1, "梦想": 1, "声音": 2, "传递": 1, "温暖": 2, "心怀": 1, "热诚": 1, "平凡": 1, "岗位": 1, "发光": 1, "五四": 3, "青年节": 2, "致敬": 1, "青年": 1, "宣言": 1, "____": 1, "关注": 3, "+": 2, "转评": 3, "抽": 3, "送": 6, "手环B": 1, "5": 2, "运动版": 1, "台": 1, "掌声": 1, "留给": 1, "目光": 1, "聚焦": 1, "前方": 1, "百年": 1, "跑": 2, "青岛": 1, "马拉松": 1, "想": 2, "只管": 1, "猛戳O": 1, "网页": 2, "链接": 3, "戴上": 1, "WatchGT": 1, "倾听": 1, "内心": 1, "~​": 1, "假期": 6, "结束": 1, "符": 3, "满满": 1, "👏👏": 1, "破": 1, "个例": 1, "吃": 2, "心心": 1, "念": 1, "很": 2, "冰激凌": 1, "🍦": 1, "爸爸": 1, "妈妈": 2, "抽空": 1, "复仇者": 1, "联盟": 2, "补": 1, "体验": 1, "滑雪": 1, "冬天": 1, "带": 1, "滑": 1, "雪": 1, "喝": 2, "酸枣汁": 1, "敲": 1, "一个": 8, "超棒": 1, "亲子": 2, "餐厅": 1, "模拟": 1, "足疗房": 1, "高级": 2, "👏": 1, "留言": 1, "告诉": 1, "揪": 1, "走心": 1, "朋友": 2, "红包": 1, "O明天": 1, "12点": 1, "公布": 3, "条": 1, "评论": 1, "上海": 1, "旅行": 4, "夜": 2, "读": 1, "年轻": 2, "不必": 2, "有人": 1, "也许": 1, "奋斗": 2, "努力": 6, "时侯": 1, "迷茫": 2, "永远": 5, "比不上": 1, "别人": 1, "白费": 1, "请": 2, "费": 1, "力气": 1, "背后": 2, "付出": 1, "加倍": 1, "幸运": 1, "实力": 1, "把握": 1, "份": 5, "运气": 1, "幸福": 1, "留": 1, "遗憾": 2, "O": 3, "夜读": 1, "弃华": 1, "年薪": 2, "海军": 2, "首位": 4, "舰长": 9, "韦慧晓": 5, "名": 4, "考入": 1, "研究生": 2, "30岁": 1, "31": 2, "军队": 2, "投": 2, "3": 1, "简历": 2, "自荐": 2, "材料": 2, "200多": 1, "页": 2, "35": 1, "郑州舰": 1, "实习": 4, "#​": 1, "": 1, "北京": 2, "套": 3, "辆": 2, "推出": 1, "P30pro": 3, "相声": 2, "演员": 1, "公众": 1, "募捐": 2, "后续": 1, "21": 1, "娇妻": 1, "回应": 7, "称": 4, "房子": 2, "房本": 1, "车子": 2, "看病": 1, "自愿": 1, "比唱": 1, "好听": 1, "远离": 1, "学会": 1, "赚钱": 2, "剑桥": 7, "ARM": 3, "总部": 3, "建": 4, "芯片厂": 2, "2021年": 4, "投入": 3, "运营": 4, "英媒": 1, "计划": 4, "英国": 10, "城外": 1, "建设": 2, "容纳": 1, "400": 2, "员工": 2, "芯片": 4, "研发": 4, "工厂": 4, "位于": 1, "芯片业": 1, "中心": 1, "地带": 1, "距离": 1, "控股": 1, "15": 1, "分钟": 1, "车程": 1, "此举": 1, "有望": 2, "地区": 1, "半导体": 1, "人才": 1, "创造": 1, "强有力": 1, "竞争": 2, "环境": 3, "O华": 2, "运营​": 1, "简单": 1, "捐": 3, "感谢": 1, "没事": 1, "逼": 1, "反正": 2, "亲戚": 1, "护工": 1, "武汉": 1, "质疑": 1, "妻张": 1, "泓艺": 1, "删除": 1, "拉": 1, "黑": 1, "......": 1, "10年": 1, "老": 1, "医保": 1, "感觉": 1, "郭德纲": 1, "道德": 1, "绑架": 1, "挺": 1, "纳闷": 1, "中大": 1, "分享": 2, "大人": 1, "开讲": 9, "百闻不如一见": 2, "传奇": 3, "电视剧": 1, "拍": 1, "成绩": 1, "地球": 1, "科学系": 1, "录取": 1, "三年": 1, "足足": 1, "写": 2, "两百多": 1, "节目": 1, "本周六": 1, "(": 1, "5月": 3, "4日": 1, ")": 1, "晚": 1, "十点半": 3, "CCTV1": 2, "首播": 1, "守候L": 1, "官方号": 3, "@": 1, "中山大学": 1, "官微": 1, "欣赏": 1, "Pro下": 1, "黄昏": 1, "晚霞": 1, "斑斓": 1, "夕阳": 1, "无限": 1, "美好": 3, "忍": 1, "不住": 1, "停": 1, "一刻": 1, "温馨": 1, "提示": 1, "即将": 1, "余额": 1, "收心": 1, "安排": 1, "DigiX": 2, "未知": 2, "旅行家": 1, "世界": 2, "嗨": 1, "四": 1, "六": 2, "旅行地": 1, "遇见": 1, "拥有": 1, "颗": 1, "探索": 3, "小云": 1, "今日": 1, "日报": 1, "报道": 2, "旅程": 1, "耳机": 1, "时代": 2, "坏": 1, "国内": 3, "媒体": 2, "近来": 1, "欢呼": 1, "美国": 8, "围堵": 1, "5G": 10, "阴谋": 1, "遭遇": 1, "西方": 6, "国家": 12, "抗拒": 1, "击破": 1, "欧盟": 3, "北约": 2, "德国": 3, "日本": 3, "澳大利亚": 2, "32": 5, "组织": 3, "代表": 4, "2－3日": 1, "捷克": 1, "首都": 1, "布拉格": 3, "准则": 3, "讨论会": 1, "建立": 3, "维护": 1, "网络": 2, "协调": 1, "政策": 3, "措施": 1, "俄罗斯": 1, "国": 7, "会议": 9, "邀请": 1, "主办方": 1, "声称": 1, "排斥": 1, "委派": 1, "参会": 1, "实际上": 1, "小圈子": 1, "或者说": 1, "政府": 6, "主导": 2, "公开": 2, "施加": 1, "压力": 1, "禁用": 1, "制造商": 1, "包括": 6, "中兴": 1, "通讯": 4, "物美价廉": 1, "强大": 1, "市场": 2, "竞争力": 1, "3日": 3, "与会": 2, "各国": 3, "约束性": 3, "提案": 2, "指出": 2, "第三": 2, "影响": 4, "供应商": 9, "整体": 2, "风险": 3, "涵盖": 1, "发达国家": 1, "华": 1, "较为": 1, "友好": 1, "东欧": 1, "披露": 1, "文件": 3, "门槛": 2, "法律": 4, "生态": 2, "系统": 3, "确实": 4, "513": 3, "英亩": 3, "土地": 3, "外媒": 2, "开设": 1, "座": 1, "规模": 1, "预计": 1, "投产": 1, "购买": 1, "未来": 1, "投资": 1, "10-20亿": 1, "英镑": 1, "光器件": 2, "制造": 1, "基地": 1, "面向": 1, "提供": 1, "光模": 1, "块": 1, "这次": 2, "享测": 1, "泡": 3, "海澡": 1, "预料": 2, "之中": 1, "无非": 1, "时间": 1, "长点": 1, "过程": 1, "海浪": 1, "符合": 4, "预期": 1, "打算": 1, "收拾": 1, "心情": 1, "工作": 1, "毕竟": 1, "红魔3": 1, "魅族": 1, "16s": 1, "OPPOreno": 1, "SONYxperia1": 1, "想到": 1, "莫名其妙": 1, "捅": 1, "刀": 1, "泼": 1, "一身": 1, "粪": 1, "涉及": 1, "敏感": 1, "关系": 4, "当事人": 1, "私下": 1, "交涉": 1, "本月": 1, "5号": 1, "6号": 1, "清白": 1, "发表": 1, "污蔑": 1, "事件": 2, "诉诸": 1, "厂家": 1, "挑事": 1, "希望": 2, "届时": 1, "多多": 1, "包涵": 1, "瓜了": 1, "最终": 1, "平和": 1, "解决": 1, "~": 2, "阳光": 1, "风雨": 1, "CCTV-1": 1, "韦": 2, "惊艳": 1, "真实": 2, "究竟": 2, "看待": 1, "称号": 1, "现场": 1, "爆出": 1, "金句": 1, "相约": 1, "晚间": 1, "档": 2, "听": 1, "篇": 2, "惊悚": 1, "标题": 2, "传疯": 1, "致命": 2, "击": 1, "欧美": 1, "国统": 1, "一5G": 1, "平实": 1, "国际": 3, "恐难": 2, "条件": 3, "路透": 2, "报导": 2, "捷克布拉格": 1, "举办": 1, "达成": 1, "协议": 7, "表态": 2, "网路": 4, "所在国": 1, "难以": 1, "此次": 4, "经济": 1, "资安": 1, "降低": 1, "潜在": 1, "提出": 1, "建议": 1, "大会": 1, "产业界": 1, "在内": 2, "利益": 1, "相关者": 1, "提升": 1, "基础": 1, "设施": 1, "连接": 1, "弹性": 1, "未": 2, "点名": 1, "厂商": 1, "检视": 1, "国安": 1, "掌控": 1, "引述": 2, "与会者": 2, "说法": 2, "考量": 1, "值得": 1, "并非": 1, "强制力": 1, "尚未": 1, "就此": 1, "讨论": 1, "参与国": 1, "签署": 2, "呼吁": 2, "忽视": 1, "大使": 1, "一次性": 1, "感到": 1, "原文": 1, "出版": 1, "巨债": 1, "第二": 2, "版": 1, "美": 1, "经贸": 1, "长篇": 1, "分析": 1, "分层": 1, "游戏": 1, "规则": 1, "制定权": 1, "层": 1, "好奇": 1, "党": 1, "文字": 1, "阅读": 1, "转发": 1, "五月": 1, "初夏": 1, "带上": 1, "天际": 1, "出发": 1, "路上": 1, "～": 1, "电源": 1, "广西": 1, "妹": 1, "今晚": 2, "登陆": 1, "土生土长": 1, "壮家妹": 1, "从小": 1, "百色": 1, "长大": 1, "防长": 6, "上任": 2, "欧洲": 3, "三大": 3, "厉害": 2, "路透社": 1, "首相": 1, "特雷莎·梅5月": 1, "1日": 1, "开除": 1, "国防": 3, "大臣": 3, "加文·威廉姆森": 1, "泄露": 1, "委员会": 1, "相关": 1, "内容": 1, "随后": 1, "特雷莎·梅任命": 1, "彭妮·莫当特": 1, "新任": 1, "历史": 1, "女性": 2, "换人": 1, "国英": 1, "德": 1, "之间": 2, "同场": 1, "PK": 1, "情况": 1, "更胜一筹": 1, "新京报": 1, "外事儿": 1, "现实": 1, "中年": 1, "收入": 2, "做生意": 1, "居多": 1, "银行": 1, "杭州": 1, "二线": 1, "省会": 1, "城市": 1, "打工": 1, "年入": 2, "企业": 1, "年纪": 1, "四五十万": 1, "不少": 1, "阿里": 1, "同学": 1, "各类": 1, "销售": 1, "电商": 1, "好几": 1, "互联网": 1, "行业": 2, "群体": 1, "大起大落": 1, "稳": 1, "担忧": 1, "抓好": 1, "敌": 1, "天下": 1, "关键": 1, "在于": 3, "加大": 1, "自主": 1, "科技": 2, "速度": 1, "认清": 1, "巨头": 1, "差距": 1, "水军": 1, "吹嘘": 1, "飘飘然": 1, "打压": 2, "美帝": 1, "算": 1, "屁": 1, "核心": 1, "最最": 1, "朝廷": 1, "信任": 1, "回到": 1, "解放前": 1, "上个月": 1, "昏招": 1, "居然": 1, "我国": 1, "遵守": 1, "数据": 1, "保护法": 1, "间谍": 1, "搞": 1, "女儿": 1, "回": 1, "消耗": 1, "掉": 1, "上层": 1, "耐心": 1}