{"数据": 5, "或许": 2, "找到": 1, "华为": 59, "盯上": 2, "原因": 3, "媒体": 2, "公号": 1, "发布": 3, "篇": 1, "名为": 1, "2018": 3, "年度": 2, "中国": 12, "研发": 4, "投入": 3, "100": 1, "企业": 8, "排行榜": 1, "文章": 2, "称": 1, "欧盟": 2, "委员会": 1, "(": 3, "EU": 1, ")": 5, "2018年": 5, "工业": 1, "投资": 1, "排名": 2, "The2018": 1, "EUIndustrialR&DInvestmentScoreboard": 1, "全球": 8, "46": 1, "国家": 3, "地区": 3, "2500": 1, "2017": 1, "会计": 1, "调查": 2, "113.34亿": 1, "欧元": 1, "人民币": 1, "891.1698亿": 1, "元": 1, "名列": 2, "第五": 1, "跻身": 1, "百强榜": 1, "含": 1, "台湾": 2, "共有": 1, "11": 1, "O": 1, "网友": 3, "发问": 1, "：": 12, "旗舰": 1, "手机": 11, "流畅": 1, "三年": 1, "​": 17, "精湛": 1, "工艺": 1, "雕琢": 1, "奢华": 1, "质感": 1, "澎湃": 1, "动力": 1, "领航": 1, "传奇": 1, "时代": 2, "Mate20": 1, "保时捷": 1, "设计": 1, "承袭": 1, "经典": 1, "速度": 7, "渴望": 1, "！": 15, "探索": 1, "Mate力": 1, "#O": 4, "网页": 5, "链接": 5, "工作": 1, "人员": 1, "出货": 1, "很快": 1, "12月": 5, "卖": 2, "货": 1, "员工": 5, "54": 2, "页": 2, "PPT": 2, "干货": 2, "解读": 2, "任职": 2, "资格": 2, "能力": 4, "管理": 2, "​​": 2, "麒麟": 2, "全新": 2, "标识": 1, "感觉": 1, "公布": 2, "芯片": 1, "吉祥物": 2, "形象": 2, "相比": 1, "图1": 1, "灵动": 1, "可爱": 1, "图6": 1, "高通": 1, "骁龙": 1, "～​": 1, "支持": 3, "国货": 1, "~": 2, "越来越": 2, "顺手": 1, "喜欢": 3, "推送": 1, "精彩": 1, "图片": 2, "~特": 1, "分享": 1, "一下下": 1, "喽😊": 1, "祝愿": 1, "好友": 1, "都": 9, "拥友": 1, "璀璨": 1, "人生": 1, "~​": 1, "、": 18, "oppo": 1, "vivo": 3, "小米": 3, "苹果": 7, "五大": 1, "品牌": 4, "开机": 3, "测试": 4, "不用": 3, "猜到": 2, "快": 3, "L": 3, "IT": 1, "杂谈": 1, "视频": 7, "拒绝": 3, "29日": 2, "外媒": 2, "TheVerge": 1, "报道": 1, "美国": 16, "电信": 2, "运营商": 3, "CenturyLink": 1, "故障": 2, "周四": 1, "晚上": 1, "用户": 4, "上网": 1, "ATM": 1, "取款": 1, "医院": 1, "病历": 1, "系统": 1, "影响": 2, "Verizon": 1, "波及": 2, "拨打": 1, "911": 2, "报警": 1, "电话": 1, "事故": 3, "持续": 1, "24": 1, "小时": 7, "通信": 3, "社会": 1, "品质": 1, "设备": 3, "网络": 3, "服务": 3, "代价": 1, "引进": 1, "中兴": 1, "稳定": 1, "天津": 1, "滨海": 1, "新区": 1, "石油": 1, "城": 1, "沙特": 1, "延布": 1, "青岛": 1, "海滨": 1, "盐碱地": 1, "德国": 1, "重工业": 1, "杜伊斯堡": 1, "风筝": 1, "乡": 1, "潍坊••••••如果": 1, "风格": 1, "迥异": 1, "土地": 1, "发生": 1, "变化": 1, "答案": 1, "无疑": 1, "城市": 5, "智慧化": 2, "智慧": 2, "解决": 1, "方案": 1, "40多": 1, "160多": 1, "座": 2, "焕发": 1, "光彩O": 1, "站": 1, "巨人": 1, "肩膀": 1, "联想": 2, "柳传志": 3, "评价": 1, "任正非": 5, "采访": 2, "大鸡": 1, "确实": 2, "走": 1, "条": 2, "独特": 2, "道理": 1, "掌声": 1, "雷动": 1, "技术": 3, "铺": 1, "胆量": 1, "气魄": 1, "目标": 2, "高远": 1, "坚定不移": 1, "敢于": 1, "冒险": 1, "王": 1, "国际化": 1, "从不": 1, "并购": 1, "国外": 2, "感到": 1, "压力": 1, "华": 1, "": 2, "@": 2, "侃侃而谈zpL": 1, "宋": 1, "敬亭": 1, "秒拍": 4, "人工": 2, "智能": 4, "EMUI": 1, "整合": 1, "特朗普": 1, "推特": 2, "双指": 1, "按压": 6, "屏幕": 2, "识别": 3, "状态": 1, "翻译": 3, "文字": 2, "信达雅": 1, "理解": 2, "差": 1, "水平": 1, "结束": 1, "地球": 1, "崩溃": 1, "日子": 1, "———————————————————————————————": 1, "——": 4, "马上": 2, "锤粉": 3, "爆炸": 6, "这是": 3, "抄袭": 2, "锤子": 9, "想": 9, "补": 1, "看法": 1, "绝大多数": 1, "洗脑": 1, "智力": 1, "简单": 1, "思考": 1, "方向": 1, "单一": 1, "1": 1, "AI": 1, "感叹": 1, "一个": 8, "交互": 2, "简化": 1, "罗": 1, "表述": 1, "发明": 2, "开源": 4, "粉广": 1, "接受": 2, "粉": 2, "智商": 1, "低": 1, "功能": 4, "软件": 1, "手指": 3, "获取": 1, "词汇": 2, "方法": 2, "申请": 1, "专利": 8, "才能": 1, "保护": 1, "段": 5, "代码": 2, "代表": 1, "拥有": 2, "查": 2, "见到": 1, "科技": 1, "授权": 1, "此项": 1, "有人": 4, "告诉": 1, "权利": 1, "缺乏": 1, "常识": 1, "3": 2, "对比": 1, "文": 1, "提到": 2, "效果": 1, "川普": 1, "双手": 1, "选": 2, "麻烦": 1, "如果说": 1, "网上": 1, "抄": 1, "4": 1, "说到": 1, "找": 1, "谈": 1, "估计": 1, "分分钟": 1, "钟": 1, "关门": 1, "5": 1, "不错": 1, "攻击": 1, "厂商": 2, "动不动": 1, "眼球": 1, "商业": 1, "发展": 2, "平时": 1, "困难": 1, "粉们": 1, "想想": 1, "5G": 8, "星座": 1, "跨年": 2, "盛典": 1, "新年": 4, "心愿": 1, "来来": 1, "晚会": 1, "费": 1, "抽": 3, "五": 4, "mate20": 1, "锦鲤": 1, "点赞": 1, "👍": 1, "2合肥": 1, "·": 1, "合肥": 1, "万达": 1, "主题": 1, "乐园": 1, "Counterpoint": 1, "高端": 4, "市场": 7, "依旧": 2, "三星": 6, "天下": 2, "第三": 1, "季度": 1, "销量": 2, "下降": 2, "5%": 2, "情况": 2, "增长": 6, "19%": 1, "47%": 1, "份额": 5, "紧随": 1, "后拥": 1, "22%": 1, "12%": 1, "OPPO": 2, "占": 1, "3%": 1, "首次": 1, "突破": 2, "位数": 1, "400-600": 1, "美元": 7, "价位": 4, "中高端": 1, "25%": 1, "接下来": 1, "21%": 2, "17%": 1, "10%": 1, "7%": 1, "一加": 1, "印度": 1, "英国": 1, "带来": 1, "600-800": 1, "占据": 1, "81%": 1, "800": 1, "独占": 1, "80%": 1, "图表": 1, "轻微": 1, "差异": 1, "统计": 1, "导致": 1, "总体": 1, "不大": 1, "西安": 1, "加拿大": 2, "领事馆": 1, "门口": 1, "呼吁": 1, "政府": 1, "恢复": 1, "CFO": 1, "孟晚舟": 1, "女儿": 1, "人身": 1, "自由": 1, "民营": 1, "企业主": 1, "垮": 1, "请": 1, "卑劣": 1, "流氓": 1, "手段": 1, "台媒": 1, "欧洲": 2, "难题": 2, "力推": 2, "布局": 3, "联合": 1, "晚报": 1, "澳大利亚": 1, "围堵": 1, "大陆": 1, "巨头": 1, "智库": 1, "学者": 1, "撰文": 1, "指出": 1, "推动": 1, "美": 1, "之间": 1, "地缘": 1, "政治": 1, "竞争": 1, "愈来愈": 1, "激烈": 1, "迫使": 1, "盟友": 1, "选边站": 1, "O台媒": 1, "前天": 1, "中国区": 1, "营销": 1, "团队": 3, "策划": 2, "据说": 1, "新来": 1, "社交": 1, "专家": 1, "创意": 1, "路子": 1, "向天": 1, "五百": 1, "干": 1, "易烊": 1, "千玺": 1, "力排众议": 1, "签下": 1, "大嘴": 1, "广州": 1, "丽兹": 1, "摄影": 1, "李万波": 1, "燃爆": 1, "分钟": 1, "国产": 1, "赶出": 1, "演变史": 1, "诺基亚": 1, "睥睨": 1, "霸榜": 1, "多年": 1, "中华": 1, "酷联": 1, "崛起": 1, "加荣耀": 1, "登顶": 1, "为啥": 1, "荣耀": 2, "分开": 1, "很": 3, "人才": 1, "76116": 1, "21日": 1, "AT&T": 1, "推出": 1, "第一": 2, "套餐": 1, "缴纳": 1, "500": 3, "设备费": 1, "每月": 1, "70": 1, "套餐费": 1, "15GB": 1, "流量": 1, "发现": 1, "下载": 4, "194.88Mbps": 1, "印第安纳波利斯": 1, "同一个": 1, "地方": 1, "4G": 1, "187.44Mbps": 1, "相差": 1, "1MB": 1, "/": 1, "秒": 1, "意大利": 1, "端": 1, "对端": 1, "连接": 1, "2.7GB": 1, "延迟": 1, "0.1": 1, "毫秒": 1, "借口": 1, "先进": 1, "拒之门外": 1, "大清": 1, "外国": 1, "奇技淫巧": 1, "何其相似乃尔": 1, "TA": 1, "晚安": 1, "一生": 1, "大概": 1, "花": 2, "3600": 1, "马桶": 1, "27万": 1, "床": 1, "1000": 1, "绿灯": 1, "150": 1, "剪": 1, "指甲": 1, "120": 1, "扣": 1, "纽扣": 1, "......": 1, "_____": 2, "造句": 1, "转评": 1, "小云": 1, "送出": 1, "耳机": 1, "副总裁": 2, "制造": 2, "超乎": 2, "普通人": 2, "想象": 2, "坚定": 2, "学习": 2, "O华": 1, "超过": 1, "西门子": 1, "世界": 2, "制造业": 1, "top15": 2, "消费者": 3, "BG": 1, "负责人": 1, "余承东": 2, "2019年": 1, "信中": 2, "透露": 1, "业务": 2, "收入": 2, "同比": 2, "50%": 1, "提前": 1, "跨越": 1, "500亿": 1, "里程碑": 1, "部门": 1, "三季度": 1, "出货量": 1, "No.2": 1, "2亿": 1, "台": 2, "大关": 1, "Mate": 1, "P系": 1, "发货量": 1, "3000万": 1, "系列": 1, "海外": 1, "180%": 1, "迅猛": 1, "此前": 1, "致辞": 1, "轮值": 1, "董事长": 1, "郭平": 1, "公司": 2, "预计": 1, "销售": 1, "1085亿": 1, "成就": 1, "千亿级": 1, "规模": 1, "制造型": 1, "市值": 1, "总市值": 1, "54.82万亿": 1, "三": 1, "腾讯": 1, "阿里": 1, "工商": 1, "银行": 1, "新进榜": 1, "上市": 2, "排": 1, "31": 1, "京东": 1, "相较": 1, "去年": 1, "29": 1, "名": 1, "跌": 1, "48": 1, "上榜": 1, "投票": 1, "nova4": 1, "GalaxyA8s": 1, "款": 1, "环球网": 1, "消息": 1, "取款机": 1, "瘫痪": 1, "吐槽": 1, "温柔": 1, "追光者": 1, "音乐": 3, "冒险家": 1, "暖心": 1, "治愈": 1, "女声": 1, "岑寧兒YoyoSham": 1, "Yoyo": 2, "自成一家": 1, "曲风": 1, "养成": 1, "新气象": 1, "专辑": 3, "Nothingis": 1, "UnderControl": 1, "上架": 1, "背后": 1, "藏": 1, "故事": 1, "速戳O": 1, "走进": 1, "独家": 1, "专访": 1, "一睹为快": 1, "关注": 1, "+": 1, "转发": 1, "送": 1, "签名": 1, "～": 1, "L华": 1, "终端": 1, "吃到": 1, "syx": 5, "plggpldd": 1, "撕逼": 1, "瓜": 1, "姐妹": 1, "补充": 1, "①": 1, "飞行": 1, "嘉宾": 1, "抢常": 1, "驻": 1, "hcy": 1, "风头": 1, "sy": 2, "x投": 1, "输": 1, "野榜": 1, "安慰": 1, "②": 1, "想要": 1, "title": 2, "压": 3, "四": 1, "字": 2, "弟弟": 2, "一头": 1, "发动": 1, "粉丝": 1, "撕华": 2, "关键": 1, "别人": 4, "gxt": 2, "代言": 2, "撕": 2, "syx代言hw": 1, "地广": 1, "③": 1, "浦发": 1, "yy": 3, "官方": 1, "打脸": 1, "一日": 1, "店长": 1, "活动": 1, "syx办": 1, "卡": 1, "太": 1, "④": 1, "xhq": 2, "超级": 1, "无辜": 1, "适合": 1, "盗墓": 1, "角色": 1, "表情": 1, "⑤": 1, "抢": 1, "咩咩": 1, "称呼": 1, "刚": 1, "出道": 1, "兔子": 1, "独角兽": 1, "⑥": 1, "透明粉": 1, "吃": 1, "草": 1, "x粉": 1, "诅咒⑦cxk": 1, "pd": 1, "名头": 1, "卡cxk": 1, "评论": 1, "⑧cln": 1, "后援会": 1, "钱": 1, "买": 1, "⑨": 1, "lh": 1, "wyf": 1, "hzt": 1, "八": 1, "颗": 1, "泡菜": 1, "不说": 1, "日常": 1, "黑": 2, "syx有用": 1, "拿来": 1, "……": 1}