{"2018": 14, "高校": 21, "就业": 14, "报告": 24, "出炉": 11, "：": 28, "清北": 5, "学生": 5, "平均": 14, "月薪": 7, "1万": 7, "日前": 7, "发布": 10, "毕业生": 35, "情况": 8, "北大": 9, "、": 37, "清华": 14, "上海": 7, "交大": 7, "复旦": 7, "大学": 7, "四": 26, "双一流": 7, "就业率": 7, "高达": 7, "98%": 7, "华为": 69, "腾讯": 9, "学校": 7, "雇主": 7, "平台": 3, "显示": 2, "应届": 14, "期望": 7, "年薪": 7, "10万+": 7, "薪资": 7, "勉强": 7, "10万": 7, "L梨": 7, "视频": 24, "文化": 9, "秒拍": 11, "！": 13, "收入": 4, "低于": 4, "期望值": 4, "清华生": 2, "@": 8, "梨视频": 2, "易烊": 2, "千": 7, "玺": 6, "世间": 1, "少年": 1, "当如": 1, "一个": 7, "bgm易烊": 1, "yyqx": 2, "字": 9, "弟弟": 7, "yy": 10, "qx": 14, "野兽派": 2, "yyqx纪梵希": 2, "帅": 2, "电影": 2, "粉丝": 3, "雕塑": 2, "​​​L烊": 2, "念": 2, "倒": 2, "​": 15, "社评": 2, "美": 4, "司法部": 4, "起诉": 11, "阵仗": 4, "大心": 2, "很": 2, "虚": 2, "美国": 27, "歇斯底里": 1, "迫害": 1, "高科技": 1, "企业": 2, "中国人": 1, "始料不及": 1, "震动": 1, "全球": 11, "商界": 1, "全力": 1, "打压": 2, "战略": 1, "决心": 2, "在乎": 1, "国际": 2, "规则": 1, "冲击": 1, "后果": 1, "司法": 2, "部长": 3, "长": 1, "起诉书": 2, "犹如": 1, "政治": 1, "老虎": 2, "抹": 1, "层": 1, "法律": 1, "口红": 1, "挡": 1, "不住": 1, "嘴里": 1, "露出": 1, "獠牙": 1, "O": 4, "品牌": 19, "500": 7, "亚马逊": 8, "蝉联": 5, "榜首华": 4, "第12": 5, "成功": 3, "保住": 3, "价值": 9, "称号": 3, "当年": 3, "增长": 3, "25%": 3, "1879亿": 3, "美元": 12, "苹果": 3, "排名": 5, "第二": 2, "1536亿": 1, "谷歌": 3, "第三": 2, "1428亿": 2, "中国": 3, "12": 3, "微信": 3, "详情O": 1, "T-mobile": 1, "案件": 2, "真相": 2, "1": 4, "案子": 2, "EPSONS": 1, "CARA": 1, "机器人": 2, "公开": 1, "销售": 1, "产品": 2, "商业": 10, "机密": 8, "T-Mobile": 21, "EPSON": 1, "机器": 1, "手上": 1, "装": 1, "橡皮头": 9, "模拟": 3, "人手": 1, "测试": 4, "手机": 10, "他家": 1, "3": 3, "2012年": 1, "签订": 1, "协议": 2, "提供": 1, "Tappy": 9, "很多": 1, "触摸": 3, "原因": 3, "技术": 2, "太": 3, "烂": 1, "手指": 2, "第三方": 1, "专家": 1, "检测": 1, "发现": 2, "过于": 1, "坚硬": 1, "overlyrigid": 1, "正确": 3, "力量": 1, "导致": 1, "感应器": 1, "弯曲": 1, "屏幕": 1, "失灵": 1, "工程师": 5, "承认": 1, "设计": 2, "这才": 1, "引发": 1, "感应": 1, "4": 1, "查找": 1, "2013年": 1, "5月": 3, "分部": 1, "名": 1, "实验室": 2, "未经": 1, "大小": 1, "测量": 1, "数据": 1, "5": 1, "随后": 1, "华盛顿州": 1, "西区": 1, "联邦": 2, "法院": 1, "非法": 1, "获取": 5, "索赔": 1, "一亿多": 1, "美金": 1, "10多": 1, "审判": 2, "陪审团": 6, "2017年": 3, "17日": 2, "做出": 2, "裁决": 7, "不当": 4, "损失": 3, "零": 5, "(": 4, "$0": 2, ")": 4, "；": 4, "获利": 2, "蓄意": 4, "恶意": 4, "支付": 3, "惩罚性": 1, "赔偿": 3, "违法": 1, "合同": 1, "索取": 1, "违约": 2, "包括": 1, "寻找": 1, "替代": 1, "增加": 1, "成本": 1, "480万": 1, "也就是说": 1, "等于": 1, "东西": 1, "一文不值": 1, "结束": 2, "不服": 2, "提出": 7, "重审": 1, "证据": 2, "足够": 1, "侵权": 2, "系列": 1, "交锋": 1, "12月": 1, "达成": 2, "相关": 1, "永久": 1, "撤诉": 1, "2016年": 1, "侵犯": 1, "13": 1, "项": 2, "专利": 2, "大部分": 2, "4G": 1, "和解": 1, "6": 1, "弄": 1, "未能": 2, "犯罪": 1, "意识": 1, "民事": 2, "案": 1, "民事案": 2, "标准": 4, "大于": 1, "刑事案": 2, "超越": 1, "质疑": 1, "后者": 1, "苛刻": 1, "低": 1, "都": 2, "证明": 2, "高标准": 1, "难以": 1, "7": 1, "政府": 5, "刑事": 4, "称": 2, "员工": 3, "拿走": 2, "手臂": 1, "roboticarm": 1, "准确": 1, "结构": 1, "棍子": 1, "顶块": 1, "橡皮": 1, "节": 1, "特殊性": 1, "替换": 1, "高清图": 1, "秘密": 1, "诉讼": 1, "文件": 2, "提到": 2, "rubbertip": 1, "这是": 2, "事情": 1, "法治": 1, "国家": 1, "采信": 1, "地位": 1, "高于": 1, "行政": 1, "法庭": 2, "认可": 1, "结论": 1, "信息": 1, "请": 2, "读": 1, "原文": 1, "涉嫌": 3, "窃取": 3, "机密案": 3, "分析": 3, "易": 1, "烊千": 1, "新岁": 1, "喜": 1, "诸事": 1, "顺易": 1, "榜首": 1, "BrandFinance": 2, "QQ": 2, "21": 2, "淘宝": 2, "23": 2, "天猫": 2, "35": 2, "来源": 1, "新浪": 1, "科技": 1, "伴随": 1, "摄影师": 1, "不仅仅": 1, "相机": 1, "专业": 1, "创作": 1, "全程": 1, "nova4": 1, "拍摄": 1, "第一": 5, "支": 1, "vlog": 2, "日月星辰": 1, "遗产": 1, "生活": 1, "光影": 1, "感觉": 1, "带上": 1, "适合": 1, "拍vlog": 1, "呈现": 1, "世界": 2, "角度": 1, "nova星人": 1, "科学": 1, "摄影": 3, "L陈海滢": 1, "头条": 1, "文章": 1, "人生": 1, "条": 2, "单行线": 1, "光机": 2, "想": 2, "回到": 2, "时刻": 2, "希望": 1, "时光": 1, "逆流": 1, "改变": 1, "成长": 5, "抉择": 1, "都会": 1, "经历": 1, "阶段": 1, "擅长": 1, "找到": 1, "做好": 1, "……": 2, "过程": 1, "亦": 1, "华为云": 1, "例外": 1, "谈谈": 2, "O假如": 1, "|": 1, "岁末": 1, "长寿": 1, "花": 1, "盛开": 1, "祝福": 1, "朋友": 1, "新年": 1, "大吉大利": 1, "幸福": 1, "安康": 1, "2019年": 1, "你好": 1, "影像": 1, "成诗": 1, "终端": 1, "官方": 1, "分列": 1, "二三": 1, "正式": 4, "引渡": 6, "孟晚舟": 8, "中方": 6, "再次": 2, "回应": 2, "外交部": 3, "发言人": 1, "办公室": 1, "公众号": 1, "消息": 1, "1月": 1, "29日": 1, "例行": 1, "记者会": 1, "记者": 1, "报道": 1, "加拿大": 1, "请求": 2, "对此": 1, "评论": 1, "耿爽": 1, "公司": 2, "第一时间": 1, "作出": 1, "方向": 1, "加方": 4, "时间": 2, "美方": 3, "严正": 3, "交涉": 2, "不顾": 1, "执意": 1, "不满": 1, "反对": 1, "敦促": 2, "撤销": 1, "女士": 3, "逮捕令": 1, "对待": 1, "立场": 1, "释放": 1, "切实": 1, "保障": 1, "合法": 1, "正当": 1, "权益": 1, "美火": 1, "取栗": 1, "L凤凰网": 1, "": 1, "美学": 1, "主题": 1, "叶子": 2, "鸭": 1, "5.0-8.0": 1, "看图": 1, "惹ｸ": 1, "ﾞｯ": 1, "!": 1, "๑•̀ㅂ•́": 1, "و✧": 1, "图标": 1, "壁纸": 1, "可爱": 4, "樱桃​": 1, "铁证": 1, "德国人": 1, "听说": 2, "买": 6, "5G": 2, "设备": 2, "监控": 1, "德国": 2, "默克尔": 4, "电话": 3, "听到": 1, "前天": 1, "控诉会": 1, "商务部长": 1, "国土": 1, "FBI": 1, "局长": 1, "华": 1, "媒体": 1, "大为": 1, "兴奋": 1, "日本": 1, "偷袭": 1, "珍珠港": 1, "牛逼": 1, "控诉": 1, "罪状": 1, "控告": 1, "提": 1, "伊朗": 1, "设备案": 1, "指控": 1, "真的": 2, "成千上万": 1, "经济": 1, "纠纷": 1, "小案": 1, "说法": 1, "遮掩": 1, "洗地": 1, "几百万": 1, "老百姓": 1, "巨款": 1, "贸易": 2, "算": 1, "搞": 1, "高度": 1, "紧张": 1, "如临大敌": 1, "遏制": 1, "特么": 1, "滴": 1, "谈判": 1, "孟": 1, "事件": 1, "进展": 1, "提示": 1, "●": 1, "霸权": 1, "套路": 2, "贼喊捉贼": 1, "总统": 1, "特朗普": 3, "总理": 1, "打电话": 1, "千万": 2, "监听": 1, "中国通": 1, "赶紧": 1, "挂断": 1, "yyqx帅yyqx": 1, "天猫yyq": 1, "x华为yyqx": 1, "中戏": 2, "双料": 1, "​​​yyqx": 1, "舒适圈yy": 1, "雕塑yy": 1, "​​": 1, "​易": 1, "烊": 2, "四字Yyqx": 1, "纸": 1, "鹤q": 1, "zh纸": 1, "鸟纸": 1, "鸟姐姐yyqxdbxjyyqxbcwyyqxbldyjyyqxlbyy": 1, "casescyyqx": 1, "二十yy": 1, "石榴": 1, "一共": 1, "十二": 1, "期": 1, "街舞": 1, "回顾": 1, "千玺": 1, "队长": 1, "最终": 1, "三": 1, "battle": 1, "L": 1, "姚": 2, "侵歉": 1, "删": 1, "顾客": 1, "占便宜": 1, "星巴克": 2, "罗永浩": 1, "爱": 1, "营销": 1, "柜台": 1, "放": 1, "22": 1, "元": 1, "瓶": 1, "矿泉水": 1, "经典": 1, "案例": 1, "告诉": 1, "占": 1, "便宜": 1, "实际上": 1, "正中": 1, "商家": 1, "下怀": 1, "打击": 1, "捉拿": 1, "L新蜜": 1, "蜂alex182": 1, "微信人": 1, "脸": 1, "快快": 2, "EMUI": 2, "小剧场": 1, "户外": 1, "输密码": 1, "担心": 1, "偷窥": 1, "手动": 1, "验证": 1, "密码": 2, "嫌": 1, "麻烦": 1, "紧急": 1, "忘记": 1, "费": 1, "戳": 1, "技能": 1, "抽奖": 1, "关注": 1, "+": 1, "转评": 1, "抽送": 1, "小天鹅": 1, "蓝牙": 1, "音箱": 1, "L华": 1, "收到": 1, "保时捷": 1, "奖品": 1, "网友": 2, "⚠️": 1, "预装": 1, "携程": 1, "APP": 1, "缷": 1, "乌龙": 1, "敬请": 1, "谅解": 1, "警告": 1, "任老": 1, "当心": 1, "纽约": 1, "诉状": 3, "被告": 1, "名字": 2, "涂": 1, "黑": 1, "暂时": 1, "公布": 1, "涂黑": 1, "创始人": 1, "作证": 1, "说谎": 1, "伪证": 1, "重罪": 1, "老爷子": 1, "工作": 1, "出国": 1, "全世界": 1, "辛苦": 1, "奔波": 1, "危险": 1, "干": 1}