{"奋斗": 1, "青春": 1, "明晚": 2, "听": 1, "中国": 17, "第一": 13, "女": 7, "实习舰": 2, "长韦": 2, "慧晓": 5, "讲述": 1, "开挂": 2, "人生": 3, "韦": 4, "实习": 3, "舰长": 9, "23岁": 5, "华为": 62, "就职": 6, "27": 4, "岁": 16, "环球": 4, "洲际": 4, "小姐": 4, "大赛": 4, "特区": 4, "赛区": 4, "十佳": 4, "28": 4, "赴": 4, "西藏": 4, "支教": 4, "34": 4, "中山": 5, "大学": 5, "博士": 6, "同年": 4, "接到": 4, "入伍": 5, "通知书": 4, "从此": 4, "迈入": 4, "军旅": 4, "生涯": 4, "……": 3, "真实": 2, "韦慧晓": 4, "究竟": 2, "十点半": 3, "档": 3, "传奇": 2, "开讲": 5, "！": 20, "@": 2, "CCTV1": 1, "精选": 1, "网友": 3, "留言": 1, "送出": 1, "奖品": 1, "名单": 1, "戳": 1, "→O": 1, "开奖": 1, "专场": 1, "送给": 1, "热爱": 1, "劳动": 1, "L": 4, "央视": 2, "新闻": 2, "秒拍": 4, "视频": 8, "站": 1, "人群": 2, "中看": 1, "不见": 2, "风景": 1, "手": 1, "P30": 1, "Pro": 1, "​​​": 1, "P30pro": 1, "拍摄": 1, "美女": 1, "距离": 5, "第2": 1, "30多": 2, "变焦": 1, "40": 1, "倍": 1, "五一": 1, "假期": 1, "旅行": 1, "必备": 1, "神器​": 1, "才": 2, "收": 4, "苹果": 28, "45亿": 5, "美元": 8, "和解": 8, "5G": 8, "芯片": 6, "霸主": 5, "找": 6, "麻烦": 5, "高通": 13, "官司": 1, "4月": 4, "16日": 1, "公司": 13, "均": 1, "发表": 2, "声明": 1, "一次性": 1, "支付": 2, "笔": 1, "费用": 1, "达成": 1, "为期": 1, "供应": 1, "专利": 2, "许可": 1, "协议": 2, "1日": 4, "生效": 1, "消息": 3, "股价": 1, "接下来": 1, "半": 1, "时间": 2, "涨幅": 1, "超过": 6, "40%": 1, "钱": 1, "5月": 1, "披露": 1, "财报": 5, "显示": 2, "这笔": 1, "解费": 1, "47亿": 2, "之间": 2, "电话": 1, "会议": 2, "高管": 1, "谈判": 4, "增强": 2, "解决": 2, "能力": 2, "财季": 2, "1.5亿": 2, "专利费": 2, "持续": 2, "解金": 1, "O才": 2, "拗": 1, "造型": 1, "摆": 1, "Pose": 1, "~": 1, "WatchGT": 1, "九": 1, "拍": 3, "转评": 1, "喜欢": 2, "​​": 3, "真的": 1, "牛爆": 1, "德国": 1, "·": 1, "柏林": 1, "​": 12, "涉嫌": 1, "泄密": 5, "英国": 12, "国防": 9, "大臣": 13, "加文·威廉姆森": 1, "解职": 5, "当地": 1, "23日": 1, "国家": 2, "委员会": 2, "(": 1, "NSC": 1, ")": 1, "有限": 1, "参与": 2, "网络": 2, "建设": 2, "随后": 1, "高度": 1, "机密": 1, "信息": 2, "泄露": 3, "媒体": 2, "威廉姆森": 3, "否认": 2, "团队": 1, "都": 8, "政府": 3, "任命": 4, "国际": 3, "开发": 3, "彭妮·莫当特": 2, "接替": 1, "担任": 1, "职": 1, "首位": 5, "女性": 5, "LSmile_hu": 1, "前任": 3, "事件": 3, "加文": 1, "⋅": 1, "彭妮•莫当特": 1, "新任": 1, "这是": 4, "报道": 1, "称": 3, "下院": 1, "议员": 1, "唯一": 1, "海军": 13, "预备役": 1, "军官": 1, "国防部": 1, "武装": 1, "力量": 1, "副大臣": 1, "2017年": 1, "2018年": 1, "30日": 1, "妇女": 1, "平等": 1, "O继": 1, "本周六": 1, "晚": 3, "很多": 1, "太过": 1, "惊艳": 1, "有人": 3, "牛": 1, "电视剧": 1, "看待": 1, "称号": 1, "现场": 1, "爆出": 1, "金句": 1, "周六": 1, "百闻不如一见": 1, "终于": 2, "等到": 1, "官方号": 1, "Mate30Pro": 2, "配置": 1, "曝光": 3, "外媒": 1, "采用": 1, "6.7": 1, "英寸": 1, "屏幕": 1, "麒麟": 1, "985": 1, "处理器": 1, "后置": 1, "四": 1, "摄": 1, "4200": 1, "毫安": 1, "电池": 1, "支持": 1, "55W快充": 1, "版本": 1, "10月": 1, "发布": 2, "法媒": 4, "：": 10, "一季度": 3, "取代": 5, "手机": 20, "销量": 16, "亚军": 6, "大增": 3, "一家": 2, "行业": 2, "跟踪": 2, "季度": 2, "智能": 8, "iPhone": 3, "这家": 2, "总部": 1, "位于": 1, "加利福尼亚州": 1, "全球": 9, "市场": 5, "日渐": 2, "饱和": 2, "占据": 3, "头": 3, "交椅": 3, "三星": 4, "O法媒": 2, "青神": 2, "汉阳": 5, "古镇": 6, "棒棒鸡": 1, "从来": 1, "大雨": 1, "偏僻": 1, "高速": 1, "公路": 1, "堵车": 1, "干": 1, "半夜": 1, "奔赴": 1, "一个": 6, "遥远": 1, "地方": 2, "传说": 1, "美食": 1, "感叹": 1, "夜摄": 1, "模式": 1, "街道": 1, "图片": 1, "全黑": 1, "情况": 1, "随手": 1, "适合": 1, "用户": 1, "多重": 1, "简直": 2, "横扫": 1, "对手": 1, "单反": 2, "相机": 2, "座": 2, "千年": 2, "显赫": 1, "水": 1, "码头": 1, "想": 1, "岷江": 1, "水路": 2, "运输": 2, "短短": 1, "百年": 1, "灰飞烟灭": 1, "交通": 1, "崛起": 1, "原有": 1, "繁华": 2, "一笔勾销": 1, "如今": 2, "只能": 1, "破败": 1, "雕龙画凤": 1, "感受": 4, "晚上": 1, "九点": 1, "镇子": 2, "漆黑": 1, "路灯": 1, "偶尔": 1, "提": 1, "夜壶": 1, "老人": 1, "幸好": 1, "记棒": 1, "棒鸡": 1, "老板": 2, "明天": 1, "佐料": 1, "买到": 1, "份": 1, "棒棒": 2, "鸡": 2, "乐山": 2, "凉拌鸡": 1, "风韵": 1, "毕竟": 1, "20多": 1, "公里": 1, "麻辣": 2, "带": 1, "丝": 1, "甜": 1, "甜味": 2, "白糖": 1, "槐花": 1, "蜂蜜": 1, "无比": 1, "骄傲": 1, "口味": 1, "大有": 1, "拳打": 1, "南山猛虎": 1, "脚": 1, "踢": 1, "北海": 1, "蛟龙": 1, "反正": 1, "嘴皮": 1, "知觉": 1, "旁边": 1, "湖": 1, "汉阳湖": 1, "湖边": 1, "忆村": 1, "民宿": 1, "高级": 1, "逼": 1, "六善": 1, "水平": 1, "随时": 1, "爆满": 1, "有钱人": 1, "实在": 1, "太": 2, "中心": 1, "城市": 1, "还原": 1, "生态": 1, "坐": 1, "走马观花": 1, "满眼": 1, "衰败": 1, "2眉山·汉阳镇": 1, "年薪": 1, "百万": 1, "迎来": 1, "韦晓慧": 2, "气象学": 1, "毕业": 1, "军方": 1, "写": 4, "长": 2, "页": 3, "自荐信": 1, "履历": 1, "特招": 1, "辽宁舰": 1, "服役": 1, "30余": 1, "年纪": 1, "天天": 2, "水兵": 1, "洗甲板": 1, "保养": 1, "设备": 1, "熟悉": 1, "礼节": 1, "升旗": 1, "哨声": 1, "吹响": 1, "停止": 1, "走动": 1, "通报": 1, "批评": 1, "；": 1, "舰艇": 3, "靠岸": 1, "早上": 1, "游泳": 1, "大连": 1, "学院": 1, "深造": 1, "驱逐舰": 2, "支队": 1, "成长": 1, "052C": 1, "导弹": 1, "郑州": 1, "舰代": 1, "年内": 1, "全训": 1, "合格": 1, "考核": 1, "人民": 2, "海图": 1, "成立": 2, "70": 1, "周年": 1, "L看舰": 1, "江南": 1, "品牌": 1, "好不": 1, "最终": 1, "厂商": 3, "实力": 2, "饱受": 1, "争议": 1, "无可": 1, "国产": 1, "研发": 1, "给力": 1, "吹": 2, "致敬": 1, "军人": 3, "名": 2, "成绩": 1, "考入": 2, "研究生": 2, "31": 2, "军队": 2, "投": 2, "三年": 1, "简历": 2, "自荐": 2, "材料": 2, "足足": 1, "两百多": 1, "​L": 1, "粉丝团": 1, "妖扬": 1, "5.3": 1, "天津": 1, "昔言": 2, "PS": 1, "间奏": 1, "惊喜": 1, "PPS": 1, "呜呜": 1, "想到": 1, "扬扬": 1, "唱": 1, "爱": 1, "死": 2, "hhh": 1, "拍照": 3, "辛苦": 1, "爱妖扬": 1, "三七": 1, "录像": 1, "还要": 1, "P30Pro": 2, "像素": 1, "吹爆": 1, "晚点": 1, "返图": 1, "周柒": 1, "发现": 1, "产品": 3, "美": 2, "iphone8plus": 1, "P30pro三": 1, "信号": 1, "特么": 1, "3G": 1, "住": 1, "山洞": 1, "用用": 1, "回头": 1, "评测": 1, "网传": 1, "iphoneXI": 1, "类似": 1, "Mate20": 1, "抢先": 1, "浴霸": 1, "设计": 2, "盗取": 1, "图纸": 1, "据说": 1, "5V1A": 1, "祖传": 1, "快充": 1, "清理": 1, "完毕": 1, "上18": 1, "W无敌快": 1, "充​": 1, "TM": 1, "服": 1, "小米": 2, "发": 2, "公告": 1, "出货量": 1, "毛": 1, "关系": 1, "触发": 1, "沸点": 1, "章口": 1, "90%": 1, "百元机": 3, "走量": 3, "翻": 1, "求证": 1, "退": 1, "一万": 1, "讲": 1, "就算": 1, "100%": 1, "Redmi7": 1, "千元机": 1, "优秀": 1, "喊": 1, "傻眼": 1, "卖": 3, "两亿": 1, "大部分": 1, "低端机": 2, "无非": 1, "贵点": 1, "美国": 5, "围剿": 1, "盟友": 1, "付出": 2, "代价": 2, "工程": 1, "霸权": 1, "施压": 1, "变本加厉": 1, "盟友们": 1, "利益": 1, "帝国": 1, "永远": 1, "自私": 1, "无情": 1, "附庸": 1, "吐槽": 1, "P月亮": 1, "事儿": 2, "立刻": 1, "无数": 1, "水军": 1, "轻": 1, "阴阳怪气": 1, "问候": 1, "家人": 1, "用词": 1, "严谨": 1, "标准": 1, "整齐划一": 1, "纯粹": 1, "恶心": 2, "估计": 1, "招": 1, "社交": 1, "质疑": 1, "差评": 1, "条": 2, "目测": 1, "爆破": 1, "一辈子": 1, "不用": 1, "阿里": 1, "高薪": 1, "➕期权": 1, "时代": 1, "即将": 1, "预计": 1, "越来越": 1, "觉醒": 1, "大笔": 1, "开支": 1, "用于": 1, "暴富": 1, "员工": 3, "身上": 1, "变化": 1, "未来": 1, "2-5年": 1, "内": 1, "发生": 1, "牛逼": 3, "本事": 2, "游戏": 1, "规则": 1, "离开": 2, "平台": 1, "官": 1, "位置": 1, "鸟": 1, "很": 2, "值": 1, "值得": 2, "买": 2, "第333": 1, "期": 1, "投票": 1, "链接": 2, "O网页": 1, "LTEST": 1, "V值": 1, "增​": 1, "列举": 1, "服气": 1, "肯定": 1, "算": 1, "此前": 1, "发起": 1, "诉讼": 1, "差点": 1, "消失": 1, "执行": 1, "副总裁": 1, "AlexRogers": 1, "件": 1, "好事": 1, "激发": 1, "讨论": 1, "详细": 1, "保密": 1, "权威": 2, "数据": 3, "出炉": 2, "第二": 3, "近在咫尺": 2, "O": 1, "内部": 1, "研究": 1, "打败": 1, "部门": 1, "号称": 1, "蓝军": 2, "部长": 1, "潘少钦": 1, "撰写": 1, "文章": 1, "针对": 1, "任正非": 3, "批判": 1, "列出": 1, "涉及": 1, "管理": 2, "思想": 2, "相关": 1, "工作": 1, "机制": 1, "10大": 1, "对待": 1, "AR": 1, "、": 1, "VR": 1, "事物": 1, "态度": 1, "用人": 1, "文化": 1, "一通": 1, "名企": 1, "30岁": 2, "3": 1, "200多": 1, "35": 1, "赢": 2, "超": 2, "余承东": 2, "冲击": 2, "战绩": 1, "耀眼": 1, "暴增": 1, "50%": 1, "19%": 1, "份额": 1, "有史以来": 1, "比例": 1, "销售商": 1, "基金报": 1, "O华": 1}