{"华为": 93, "Verizon": 35, "支付": 24, "专利费": 16, "：": 22, "超": 11, "十亿": 4, "美元": 18, "涉及": 8, "230": 14, "项": 18, "专利": 22, "外媒": 7, "报道": 12, "美国": 27, "运营商": 13, "费用": 7, "超过": 10, "10亿": 14, "客户": 6, "供应商": 10, "核心": 7, "网络": 15, "设备": 13, "、": 19, "有线": 7, "基础": 8, "建设": 6, "物联网": 7, "技术": 9, "领域": 5, "涉嫌": 6, "侵害": 5, "专利权": 5, "L": 4, "老板": 6, "联播": 4, "秒拍": 5, "视频": 9, "​": 17, "美": 5, "电信": 7, "巨头": 3, "消息": 6, "人士": 8, "透露": 3, "威瑞森": 3, "通讯": 4, "公司": 13, "(": 2, ")": 2, "ZHIFU230": 1, "授权费": 5, "金额": 4, "12日": 4, "条": 4, "华尔街": 3, "日报": 3, "发出": 2, "路透社": 3, "媒体": 4, "转载": 2, "政府": 6, "列入": 2, "实体名单": 2, "事件": 3, "最新": 2, "进展": 2, "尚未": 1, "对此": 3, "做出": 1, "回应": 1, "知情": 4, "涵盖": 2, "设施": 3, "介绍": 1, "20多": 2, "包括": 2, "科技": 3, "O外媒": 1, "许可": 4, "@": 4, "联播L": 1, "华": 1, "晨宇": 1, "宝体": 9, "踩点": 1, "√": 1, "攻略": 1, "健忘": 1, "宝体站": 2, "D站口": 1, "想": 2, "打开": 1, "地图": 1, "走": 5, "抬头": 1, "眼前": 1, "激动": 1, "外面": 3, "设有": 1, "治安亭": 2, "演唱会": 1, "估计": 1, "出入": 1, "一块": 1, "场地": 1, "很": 7, "露": 1, "露到": 1, "场外": 1, "稍微": 1, "远": 1, "30pro": 1, "拍清": 1, "山顶": 1, "五官": 1, "抢": 2, "票": 2, "外围": 1, "地儿": 1, "阔": 1, "蹦迪": 1, "操场": 1, "圈": 1, "跑道": 1, "内场": 1, "绿地": 1, "留给": 1, "团队": 3, "发挥": 1, "鸟巢": 1, "肯定": 2, "体育场": 1, "四面台": 1, "期待": 1, "场": 1, "比鸟": 1, "巢露": 1, "太": 3, "听": 1, "火们": 1, "福利": 1, "地铁": 2, "线路": 1, "宝安": 3, "机场": 2, "坐": 3, "一号线": 2, "深圳": 6, "北站": 1, "高铁": 1, "五号线": 1, "中心": 3, "号": 1, "线": 1, "一个": 4, "站": 1, "西站": 1, "走路": 1, "打车": 1, "几百": 1, "米": 1, "鲤鱼门": 1, "站口": 1, "走d": 1, "出口": 2, "门口": 1, "还要": 1, "红绿灯": 1, "人行道": 1, "华晨宇yu": 1, "11.2": 1, "http": 1, "://t.cn/AiCg5mE": 1, "I​": 1, "联播​": 1, "中国": 12, "驻": 4, "英国": 7, "大使": 4, "刘晓明": 3, "接受": 2, "广播": 1, "BBC": 5, "新闻": 5, "夜": 2, "栏目": 2, "主持人": 4, "马克·厄本": 2, "直播": 2, "专访": 3, "涉": 2, "香港": 7, "新疆": 2, "阐述": 2, "立场": 2, "回答": 2, "提问": 2, "实录": 1, "如图": 1, "海外版": 1, "广告": 1, "英雄": 2, "世界": 1, "坦诚相待": 1, "拍": 1, "棒": 1, "！": 10, "周遭": 1, "环境": 1, "险恶": 1, "永远": 1, "点赞": 1, "！！": 1, "全球": 2, "热": 1, "搞": 2, "笑榜": 1, "正式": 3, "感觉": 1, "英": 2, "反问": 2, "放弃": 2, "修例": 5, "曲解": 1, "中央": 2, "指使": 1, "事实上": 1, "从未": 1, "指示": 1, "此次": 1, "发起": 1, "起因": 1, "发生": 2, "台湾": 1, "凶杀案": 1, "O": 1, "当初": 1, "嫌": 1, "丑现": 1, "抄成": 1, "狗​": 1, "运营": 1, "商付": 1, "昨天": 1, "爆料": 1, "称": 4, "总计": 1, "相当于": 1, "去年": 1, "四季度": 1, "净利润": 1, "一半": 1, "三": 1, "2月": 2, "就此": 1, "写信": 1, "这次": 1, "赔偿": 1, "4月": 1, "特朗普": 1, "切断": 1, "美的": 1, "销售": 1, "进货": 1, "渠道": 2, "Verzion": 1, "CEO": 1, "维斯特博格": 1, "物流": 1, "生产线": 1, "看上去": 1, "‘": 1, "禁令": 2, "’": 1, "影响": 4, "O华": 4, "传": 1, "捷报": 1, "俄罗斯": 2, "签下": 1, "5G": 3, "订单": 1, "西班牙": 1, "6月": 5, "15日": 1, "开通": 1, "服务": 1, "采用": 1, "内": 2, "第二": 1, "打脸": 1, "制裁": 1, "欧洲": 1, "国家": 4, ".......": 1, "外籍": 3, "高管": 4, "坦诚": 3, "应对": 3, "质询": 3, "找": 3, "当地": 2, "时间": 1, "10号": 1, "委员会": 1, "听证会": 2, "应邀": 1, "参加": 1, "近来": 1, "持续": 1, "打压": 2, "拉拢": 1, "国": 2, "抵制": 2, "面对": 1, "议员": 1, "礼有节": 1, "主管": 1, "约翰·萨福克": 1, "公开": 1, "透明": 1, "1": 2, "100": 1, "都": 2, "不要紧": 1, "新浪": 2, "财经": 1, "任正非": 2, "办公室": 1, "标语": 1, "14亿": 1, "中华": 1, "儿女": 1, "支持": 3, "反击": 3, "环球网": 1, "L燃": 1, "易烊": 1, "千玺×": 1, "nova5": 1, "发布会": 1, "21日": 1, "武汉": 1, "TFBOYS​": 1, "干": 1, "收取": 2, "美企": 2, "天价": 2, "13日": 2, "网友": 1, "投稿": 1, "P30pro": 2, "超级": 1, "显微": 1, "功能": 1, "肉眼": 1, "蚊子": 1, "身体": 1, "纹路": 1, "拍照": 1, "一清二楚": 1, "美媒": 1, "这不": 1, "谋杀": 1, "军人": 1, "长征路": 1, "L耀眼": 1, "红": 1, "帽徽": 1, "周鸿祎": 1, "实话": 1, "L亮剣": 1, "悍然": 1, "发动": 1, "战争": 1, "纸": 1, "绝杀": 1, "优秀": 1, "高科技": 1, "企业": 1, "IT": 1, "共建": 1, "生态": 1, "成功": 2, "谷歌": 1, "打击": 1, "意义": 1, "外界": 1, "相关": 7, "心知肚明": 1, "鸿蒙": 2, "出世": 1, "安卓": 1, "阵营": 1, "崩溃": 1, "解体": 1, "晚间": 1, "难怪": 1, "上次": 1, "上个月": 1, "总裁": 1, "表忠": 1, "威胁": 1, "追专": 1, "利费": 1, "不要脸": 1, "首席": 1, "知识产权": 1, "官": 1, "告知": 1, "并非": 1, "采购": 1, "付钱": 1, "解决": 1, "购买": 1, "组合": 1, "好处": 1, "件": 1, "指出": 1, "代表": 1, "上周": 1, "纽约": 1, "会面": 1, "讨论": 2, "争议": 1, "评论": 2, "这是": 3, "潜在": 1, "法律": 1, "独有": 1, "发言人": 2, "政治": 1, "背景": 1, "都会": 1, "行业": 2, "引发": 1, "国内": 2, "国际": 1, "发表": 2, "明尼阿波利斯": 1, "芝加哥": 1, "上线": 1, "提供": 1, "1Gbps": 1, "下载": 1, "速度": 1, "大型": 1, "多年": 1, "禁止": 1, "无线": 1, "产品": 2, "官员": 1, "教唆": 1, "盟友": 1, "山": 1, "海": 1, "小人": 1, "身高": 1, "厘米": 1, "勇士": 1, "寻找": 1, "宝藏": 1, "秘密": 1, "P30": 1, "Pro": 1, "记录": 1, "趟": 1, "寻宝": 1, "旅": 1, "↓": 1, "L华": 1, "终端": 1, "官方": 1, "有人": 2, "哥伦比亚": 3, "卖": 1, "调查": 1, "博物馆": 1, "收到": 2, "wifi": 3, "名字": 1, "HUAWEI": 2, "情况": 1, "到过": 1, "巴西": 1, "全境": 1, "厄瓜多尔": 1, "公共": 1, "场合": 1, "账号": 1, "名叫": 2, "缘故": 1, "不仅仅": 1, "手机": 1, "基建": 1, "各方": 1, "下午": 2, "城北": 1, "车站": 1, "路过": 1, "座": 1, "大厦": 1, "2哥伦比亚": 1, "造谣": 1, "内部": 2, "间谍": 2, "抓": 3, "行政": 5, "拘留": 3, "训诫": 2, "记者": 2, "公安": 7, "网民": 1, "近日": 1, "网上": 1, "传播": 3, "高层": 2, "信息": 7, "大V": 2, "跟风": 1, "炒作": 1, "恶劣": 1, "部门": 1, "核实": 1, "均": 1, "谣言": 13, "机关": 6, "报案": 1, "查证": 2, "早": 1, "吴某": 4, "男": 3, "48": 1, "岁": 3, "广东": 2, "深圳人": 1, "微信群": 7, "扩散": 2, "过程": 1, "倪某": 4, "51": 1, "东莞人": 1, "加工": 2, "韩": 5, "某某": 5, "52": 1, "北京人": 1, "转发": 2, "致使": 1, "进一步": 1, "发酵": 1, "寻衅": 1, "滋事": 1, "3": 2, "到案": 1, "审查": 1, "如实": 1, "供述": 1, "违法": 1, "交代": 3, "编造": 1, "目的": 1, "炫耀": 1, "获取": 1, "能力": 1, "增加": 1, "好友": 1, "谈资": 1, "遂": 2, "电子": 1, "同学": 1, "依据": 2, "治安": 2, "管理处": 2, "罚法": 2, "龙岗": 1, "警方": 3, "给予": 2, "10日": 1, "处罚": 2, "所在": 1, "动态": 1, "较为": 1, "关注": 1, "猜测": 1, "抓者": 1, "人员": 1, "发送": 1, "南山": 1, "3日": 1, "未经": 1, "至多": 1, "发现": 1, "主动": 1, "致歉": 1, "辟谣": 1, "依法": 1, "予以": 1, "教育": 1, "韩某某": 1, "错误": 1, "规范": 1, "言行": 1, "孙": 1, "飞": 1, "曝光": 1, "款": 1, "操作": 2, "系统": 3, "AuroraOS": 2, "援引": 1, "名": 1, "说法": 1, "Aurora": 1, "极光": 1, "OS": 1, "俄方": 1, "探讨": 1, "开发": 2, "基于": 4, "开源": 1, "SailfishOS": 1, "旗鱼": 1, "Linux": 1, "诺基亚MeeGo": 1, "平台": 1, "发": 1, "成员": 1, "转投": 1, "微软": 2, "诺基亚": 1, "称之为": 1, "Jolla": 1, "测试": 1, "南京": 3, "江北研": 1, "创园": 1, "参观": 1, "ARM物": 1, "联网": 1, "协调": 1, "创新": 4, "带领": 1, "ARM7": 1, "设计": 3, "军用": 1, "用掌": 1, "电脑": 1, "加上": 1, "ARM": 3, "授权": 3, "兴趣": 1, "第一": 1, "领导": 2, "马上": 2, "项目": 1, "没法": 1, "智能": 5, "交通": 1, "驾驶": 2, "未来": 1, "机器人": 2, "演示": 1, "真的": 1, "观众": 1, "对答如流": 1, "灯杆": 1, "概念": 1, "报警": 1, "按钮": 1, "孩子": 1, "低": 1, "不妥": 1, "误警率": 1, "虚警率": 1, "统一": 1, "虚警": 1, "人脸": 3, "识别": 2, "数据": 2, "存放": 1, "人体": 1, "生物": 1, "密码": 1, "流失": 1, "删除": 1, "数据库": 1, "自由度": 1, "机械": 2, "臂": 2, "罩子": 1, "顶部": 1, "摄像头": 1, "捕捉": 1, "零件": 2, "形状": 1, "位置": 1, "AI算法": 1, "偏移": 1, "灌到": 1, "程序": 1, "随意": 1, "放置": 1, "不规则": 1, "装置": 1, "AI外挂": 1, "价值": 1, "不好意思": 1, "身份": 1, "错位": 1, "主办方": 1, "请": 2, "活动": 1, "评审": 1, "专家": 1, "原因": 1, "微薄": 1, "车马费": 1, "无关": 1, "乐意": 1, "挑刺": 1, "抬杠": 1, "临走": 1, "感谢": 1, "提醒": 1, "脸识": 1, "黑盒": 1, "鉴证": 1, "70": 1}