{"改革": 2, "春风": 2, "吹满": 2, "中国": 10, "手机": 20, "争气": 2, "花样": 2, "繁多": 2, "价格": 2, "低": 2, "外国": 3, "友人": 2, "直称奇": 2, "农历": 2, "新年": 6, "即将": 2, "到来": 2, "国产": 3, "很多": 2, "；": 8, "屏成": 2, "前沿": 2, "打孔": 2, "滑盖": 2, "歪果": 2, "仁咋": 2, "厂商们": 2, "创新": 2, "成果": 2, "听": 3, "聊": 4, "L": 1, "新浪": 1, "视频": 17, "​": 19, "创事": 1, "记": 1, "2009": 1, "VS": 2, "2019": 2, "：": 10, "2009年": 1, "全球": 4, "市场": 3, "诺基亚": 1, "、": 21, "三星": 3, "LG": 2, "摩托罗拉": 1, "索尼": 2, "爱立信": 1, "瓜分": 1, "10年": 1, "五大": 1, "国际": 2, "厂商": 2, "TOP10": 1, "除名": 1, "华为": 46, "OPPO": 3, "vivo": 2, "小米": 1, "随同": 1, "苹果": 6, "格局": 1, "都": 6, "发生": 2, "变化": 2, "O2009": 1, "大年三十": 2, "值得": 1, "期待": 2, "春晚": 3, "！": 25, "错过": 1, "精彩": 2, "节目": 2, "智能": 3, "助手": 1, "陪": 3, "春节": 6, "中午": 1, "负": 1, "屏": 1, "节目单": 1, "关注": 3, "+": 4, "转发": 4, "小云": 2, "抽": 8, "送出": 2, "Mate20": 4, "就要": 1, "拜": 1, "早年": 1, "2月": 3, "3日": 2, "直播间": 1, "nove4手机": 1, "发": 3, "万元": 1, "红包": 5, "熊迪": 2, "4号": 1, "跨年": 1, "当晚": 1, "xr手机": 1, "一大": 1, "波": 1, "压岁钱": 1, "感谢": 2, "还要": 1, "多多": 1, "指教": 1, "祝": 2, "快乐": 1, "王者": 1, "连胜": 1, "评论": 1, "点赞": 1, "平分": 1, "2000": 1, "现金": 1, "L王者": 1, "荣耀": 1, "小浪浪Mars": 1, "胡歌": 2, "只能": 1, "签华": 1, "胡": 1, "歌L": 1, "明星": 4, "搞笑榜": 1, "探索": 3, "宇宙": 1, "星辰": 1, "大海": 1, "起点": 1, "征途": 1, "回首": 1, "2018": 1, "趟": 1, "旅途": 1, "收获": 1, "颇": 1, "面临": 1, "未知": 1, "挑战": 1, "浩瀚": 1, "璀璨": 1, "星海": 1, "中都": 1, "故事": 1, "快": 3, "点开": 1, "下方": 1, "云#": 1, "远航": 1, "日志": 1, "未来": 1, "@": 9, "人人": 2, "L新浪": 1, "★": 2, "音乐": 7, "专访": 2, "——": 2, "KristianKostov": 3, "歌手": 6, "舞台": 1, "首位": 1, "00后": 1, "嘉宾": 1, "拥有": 1, "俄罗斯": 1, "保加利亚": 1, "双国籍": 1, "国": 1, "语言": 2, "欧洲": 1, "歌唱": 1, "大赛": 1, "亚军": 1, "萌帅": 1, "气质": 1, "引人注目": 1, "声音": 1, "悦耳": 1, "颜值": 1, "吸睛": 1, "寻找": 1, "听众": 1, "展示": 1, "真实面": 1, "带来": 3, "进口": 2, "侄子": 2, "🔺": 1, "KristianKostov克里斯LKristianKostovBar": 1, "敬业": 1, "签名L": 1, "搞": 1, "机圈": 1, "关晓": 1, "彤腿": 1, "TA": 3, "大长腿": 1, "关晓彤": 1, "代言": 1, "nova4": 1, "超": 1, "广角": 1, "年终奖": 1, "结婚": 1, "驾到": 1, "亲戚": 1, "邻居": 1, "组团": 1, "来盘": 1, "日子": 1, "来辽": 1, "忐忑": 1, "大boss丈": 1, "母娘": 1, "盘问": 1, "叭": 1, "别慌": 1, "跟着": 3, "别人家": 1, "女婿": 1, "家人": 3, "祝福": 1, "老婆": 1, "表白": 1, "装": 1, "彩铃": 2, "化解": 1, "丈母娘": 1, "难题": 1, "考验": 1, "O网页": 1, "链接": 3, "蔡": 1, "徐坤": 1, "陈": 1, "立农": 1, "佩奇": 1, "缤纷": 1, "戳": 1, "pickO": 1, "网页": 2, "盘": 1, "一个": 4, "趣味": 1, "睛": 1, "彩": 1, "鸭": 1, "拜年": 2, "软件": 1, "技术": 2, "有限": 1, "公司": 4, "喜欢": 10, "看完": 2, "惊呆": 1, "好在": 1, "有人": 1, "支持": 2, "国货": 1, "苏宁": 1, "易购": 2, "&": 2, "飞驰": 2, "人生": 2, "剧组": 1, "提前": 2, "猪狮大吉": 1, "多年": 1, "陪伴": 3, "猪年": 1, "送": 5, "福利": 1, "15": 1, "粉丝": 1, "电影": 1, "兑换券": 1, "L苏宁": 1, "秒拍": 2, "外面": 1, "世界": 2, "千般": 1, "不及": 1, "温情": 1, "守候": 1, "过年": 1, "回家": 3, "系列": 1, "电影级": 1, "AI人": 2, "留色": 2, "功能": 2, "记录": 2, "眼中": 1, "美的": 1, "带": 3, "话题": 1, "转评": 2, "想": 9, "抽奖": 2, "平台": 1, "随机": 1, "备咖": 1, "存储": 1, "3": 2, "L华": 2, "终端": 5, "上市": 1, "努力": 2, "创作": 4, "抚慰": 1, "心灵": 1, "带动": 1, "情绪": 1, "小k": 6, "中文": 2, "太": 1, "标准": 2, "": 1, "kristiankostov": 1, "#🔺": 1, "KristianKostov克里斯LKristianKostov": 1, "音乐站": 1, "这次": 1, "数码": 1, "设备": 1, "①": 1, "iPhoneXSMax": 1, "主力机": 1, "②": 1, "iPhoneXR": 1, "用于": 4, "应对": 1, "突发vlog": 1, "③": 1, "Mate20Pro": 1, "体验": 2, "耳机": 2, "④": 1, "Note9": 1, "⑤": 1, "MacBookPro": 1, "期间": 3, "值班": 1, "⑥": 1, "Switch": 1, "火箭": 1, "比赛": 1, "NBA": 1, "⑦": 1, "A7Riii": 1, "家庭": 1, "拍照": 2, "⑧": 1, "皮卡丘": 1, "电源": 3, "打算": 1, "拍": 4, "50": 1, "W快": 1, "犯懒": 2, "抽掉": 1, "大概": 1, "很": 8, "麻烦": 2, "放": 1, "包": 1, "划伤": 2, "屏幕": 1, "台": 1, "手边": 1, "脑壳疼": 1, "卧槽": 1, "！！！": 2, "🍋": 1, "🍋​": 1, "上海": 1, "华为云5G": 2, "Cloud": 5, "VR": 6, "服务": 9, "发布会": 2, "重磅": 1, "发布": 2, "包括": 1, "开发": 1, "套件": 1, "云Cloud": 1, "连接": 2, "开发者": 1, "社区": 1, "在内": 1, "三大": 1, "内容": 1, "业界": 2, "第一": 1, "5GeMBB": 1, "百兆": 1, "价值": 1, "业务": 1, "备受": 1, "瞩目": 1, "O华为云5G": 1, "瑟": 1, "感受": 1, "强大": 1, "前置": 1, "摄像头": 1, "黑灯瞎火": 1, "电影院": 1, "美颜": 1, "美好": 2, "生活": 3, "故事馆": 1, "5亿": 1, "用户": 2, "翻包": 1, "找卡": 1, "刷": 1, "通行": 1, "百无聊赖": 1, "放松": 1, "断网": 1, "失联": 1, "随时": 1, "联络": 1, "……": 2, "数字": 1, "手环": 1, "～": 2, "阅多": 1, "阅好": 1, "路上": 1, "打发": 1, "时间": 1, "咪咕": 3, "阅读": 4, "作家": 1, "阿彩": 2, "畅读": 1, "书": 1, "喜迎": 1, "戳O": 1, "领": 1, "机会": 1, "kindle": 1, "礼": 1, "L咪咕": 1, "醒世": 1, "警文": 1, "｜": 1, "前车之鉴": 1, "敲打": 7, "美国": 15, "动用": 3, "国家": 7, "力量": 3, "东芝": 4, "日立": 4, "富士通": 3, "80年代": 1, "日企": 1, "日本": 4, "媒体": 5, "帮凶": 2, "塑造": 1, "法律": 3, "正义": 1, "化身": 1, "发现": 1, "指控": 1, "站不住脚": 1, "套路": 1, "如出一辙": 1, "国内": 1, "知识分子": 1, "…": 1, "O敲": 2, "打华": 2, "日前": 1, "联合": 2, "杭州": 1, "5G": 1, "规模": 1, "试验": 1, "外场": 1, "率先": 1, "2.6GHzSA": 1, "独立": 1, "组网": 1, "商用": 2, "芯片": 4, "网络端": 1, "端空口": 1, "互通": 3, "测试": 2, "下行": 1, "峰值": 1, "速率": 1, "超过": 1, "1Gbps": 1, "遵循": 1, "GPP": 1, "SA架": 1, "构下": 1, "网络": 1, "空口": 2, "运营商": 1, "本次": 1, "采用": 2, "巴龙": 1, "5000": 1, "SA": 2, "核心网": 3, "集中化": 2, "部署": 2, "北京": 1, "验证": 1, "无线网": 1, "性能": 1, "可行性": 1, "外表": 1, "猥琐": 1, "帅": 1, "这话": 1, "底气": 1, "快问": 1, "快答": 1, "真的": 3, "全程": 1, "可爱": 1, "泛滥": 1, "💓💓": 1, "正值": 1, "青春": 1, "孩子": 2, "在乎": 1, "排名": 1, "酷": 1, "不在乎": 1, "🤨": 1, "录完": 1, "回去": 1, "休息": 1, "补觉": 1, "确实": 1, "长": 1, "身体": 1, "小孩": 1, "🧒": 1, "夜晚": 1, "独自": 1, "海边": 1, "漫步": 1, "赏月": 1, "罗曼蒂克": 1, "吃货": 1, "男孩": 1, "吃": 1, "东西": 1, "难以": 1, "选择": 1, "电玩": 1, "摄影": 1, "尊敬": 1, "母亲": 1, "热爱": 1, "相处": 1, "开心": 1, "友好": 1, "小K": 3, "活泼": 1, "自信": 1, "才艺": 1, "十足": 1, "美满": 1, "友善": 1, "亲人": 1, "肖邦": 1, "缓解": 1, "紧张": 1, "EdSheeran": 1, "BillieEilish": 2, "歌": 1, "合作": 1, "创作人": 1, "心理学家": 1, "沟通": 1, "安慰": 1, "别人": 1, "温暖": 1, "文化": 1, "昨晚": 1, "记得": 1, "天赋": 1, "TeamKris": 1, "大街": 1, "碰到": 1, "勇敢": 1, "求抱": 1, "加油": 1, "日媒": 1, "追赶": 2, "倒下": 2, "经济": 1, "新闻": 1, "iPhone": 1, "增长": 2, "阻碍": 1, "份额": 1, "逼近": 1, "调查": 1, "IDC": 1, "1月": 1, "30日": 1, "2018年": 1, "供货量": 1, "统计": 1, "显示": 1, "2017年": 1, "33.6%": 1, "2亿600万": 1, "排": 1, "第3": 1, "下降": 1, "3.2%": 1, "降至": 1, "2亿880万": 1, "差距": 1, "缩小": 1, "O日媒": 1, "保有": 1, "权力": 1, "方式": 2, "打压": 1, "企业": 2, "经验": 1, "做事": 1, "缜密": 1, "层面": 2, "无懈可击": 1, "跑": 1, "上当": 1, "依旧": 1, "说三道四": 1, "三菱": 1, "剽窃": 1, "IBM": 1, "案例": 1, "钓鱼": 1, "执法": 1, "苏联": 2, "出口": 1, "高级": 1, "车床": 1, "潜艇": 1, "侦听": 1, "困难": 1, "服服帖帖": 1, "走": 1, "分享": 1, "观察者": 1, "网": 1, "头条": 1, "文章": 1, "晚安": 1, "必读": 1, "公众号": 1, "放假": 1, "好单": 1, "包裹": 1, "发货": 1, "饭店": 1, "商场": 1, "关门": 2, "聊聊": 1, "梁华": 2, "伤害": 3, "机构": 3, "董事长": 1, "昨天": 1, "1日": 1, "接受": 1, "加拿大": 1, "访问": 1, "指出": 1, "做出": 1, "事情": 1, "针对": 1, "一家": 1, "公平": 1, "O梁华": 1, "早报": 1, "网​": 1}