{"华为": 54, "壁纸": 1, "侵权": 1, "起诉": 1, "传音": 1, "手机": 18, "牌子": 3, "​": 23, "马来西亚": 22, "电信": 7, "运营商": 8, "签署": 10, "5G商": 5, "合同": 8, "明讯": 11, "公司": 7, "中国": 6, "3日": 4, "为期": 3, "3": 3, "5G": 10, "商用": 3, "总理": 4, "马哈蒂尔": 11, "出席": 3, "签字": 3, "仪式": 3, "很": 5, "合作": 8, "支持": 4, "数字": 5, "经济": 3, "快速": 3, "增长": 3, "先进": 1, "技术": 3, "至关重要": 1, "作用": 1, "工业": 1, "4.0": 1, "来临": 1, "之际": 1, "改变": 1, "众多": 1, "产业": 1, "关键": 1, "驱动力": 1, "全球": 1, "竞争力": 1, "此前": 2, "希望": 1, "尽可能": 1, "采用": 2, "@": 3, "新华": 1, "国际": 1, "赞扬": 4, "O马": 2, "国庆": 1, "都": 6, "一半": 1, "才": 1, "抢到": 1, "票": 1, "电影": 7, "祖国": 3, "相遇": 1, "纸巾": 1, "哭掉": 1, "半包": 1, "素汐": 1, "张译": 1, "演技": 1, "真的": 3, "稳": 1, "！": 10, "片尾": 3, "Mate30pro": 1, "彩蛋": 2, "惊喜": 2, "四": 2, "摄": 2, "院线": 1, "银幕": 2, "「": 1, "白问": 2, "NO.91": 1, "」": 1, "上线": 1, "Mate30": 5, "系列": 3, "汇总": 2, "老": 1, "iPhone": 2, "火热": 1, "~": 2, "上市": 3, "确实": 2, "火": 1, "6000": 1, "价位": 1, "段": 3, "很多": 4, "小伙伴": 1, "购机": 1, "困惑": 1, "这期": 1, "苹果": 9, "三星": 2, "三大": 1, "旗舰": 2, "疑问": 1, "一次性": 1, "回答": 1, "热": 1, "声音": 1, "对比": 2, "上代": 1, "测试": 2, "Mate30Pro": 4, "屏幕": 1, "好看": 1, "实用": 1, "2K": 1, "拖": 2, "后腿": 1, "夜拍": 1, "前期": 1, "拍样": 1, "L小白": 1, "测评": 1, "视频": 4, "售后": 1, "爸": 2, "P20Pro": 1, "后盖": 3, "打电话": 1, "存货": 1, "现场": 1, "修": 1, "貌似": 1, "服务日": 1, "人工费": 1, "80": 1, "元": 4, "花费": 1, "400": 1, "连着": 1, "姐姐": 1, "业务": 1, "咔咔": 1, "输入": 1, "名字": 1, "手里": 1, "Mate30Pro办": 1, "碎屏险": 1, "不用": 3, "混": 1, "早晚": 1, "评测机": 1, "挺": 1, "细说": 1, "放": 2, "在售": 1, "一个": 5, "小时": 1, "回来": 1, "生态": 1, "差": 1, "电视": 1, "耳机": 2, "平板": 1, "墨镜": 1, "share": 1, "真心": 2, "不错": 1, "喜欢": 2, "多屏": 1, "协作": 1, "电脑": 1, "操作": 1, "复制": 1, "验证码": 1, "拖传": 1, "文件": 1, "办公室": 1, "拿出": 1, "老板": 1, "刷": 1, "没用": 1, "土鳖": 1, "华": 1, "主题": 1, "全局": 1, "瞌睡": 1, "の狸": 1, "截止": 1, "评论": 2, "": 1, "嘉羿": 4, "巴黎": 1, "时装周": 1, "简直": 1, "土": 1, "时尚": 2, "宣传": 2, "片土": 1, "剩": 2, "——": 2, "ErmannoScervino": 1, "意大利": 1, "顶奢": 1, "官方": 2, "品牌": 4, "中国区": 1, "唯一": 3, "邀人": 2, "&": 6, "八大": 1, "红血": 1, "LANVIN": 1, "直邀": 1, "WOOYOUNGMI": 1, "美妆": 1, "大牌": 1, "NARS": 1, "愉悦": 1, "体验官": 1, "、": 2, "美到": 1, "颤抖": 1, "发起人": 1, "荣耀": 3, "推广人": 1, "COSMO": 1, "垃圾": 1, "分类师": 1, "杂志": 2, "封": 1, "2+3": 1, "老妈": 1, "UNINE": 1, "LBluesIcing·0714": 1, "摸": 1, "良心": 1, "5499": 1, "iPhone11": 3, "5799": 1, "打动": 1, "美丽": 1, "德宏万": 1, "山水": 1, "边境": 2, "热带雨林": 1, "缅": 1, "大山": 1, "深处": 1, "藏": 1, "热带": 3, "雨林": 3, "莫里": 1, "瀑布": 1, "带来": 1, "清凉": 1, "山谷": 1, "往下": 1, "游": 1, "流去": 1, "涓涓": 1, "细流": 1, "走走": 1, "呼吸": 1, "清新": 1, "负氧离子": 1, "湿润": 1, "空气": 1, "带": 1, "甜味": 1, "景区": 1, "瑞丽": 1, "家门口": 1, "宝藏": 1, "景点": 1, "P30Pro": 1, "流光": 1, "快门": 1, "拍摄": 3, "2德宏傣族": 1, "景颇族": 1, "自治州·莫里": 1, "早": 1, "～": 1, "随身": 2, "三": 4, "件": 4, "套": 4, "iPhone11ProMax": 1, "相比": 1, "便宜": 1, "想": 3, "湊": 1, "类似": 1, "品质": 1, "放低": 1, "小米": 8, "凑出": 1, "AirPods": 1, "降噪版": 1, "路上": 1, "夺冠": 1, "演": 2, "冬冬": 1, "小可爱": 1, "韩昊霖": 1, "Finn": 1, "前段": 1, "时间": 2, "倚天": 1, "屠": 1, "龙": 1, "记": 1, "小张无忌": 1, "戏骨": 1, "提前": 2, "预定": 2, "未来": 1, "影帝": 1, "发现": 4, "mate30": 1, "拍": 1, "康康": 1, "刚": 1, "商城": 1, "款": 2, "壳": 2, "颜色": 1, "…": 2, "雾霾": 2, "蓝": 1, "万万": 1, "想到": 1, "配色": 1, "国庆档": 1, "最多": 1, "故事性": 1, "画面": 2, "远远": 1, "高于": 1, "预期": 1, "高分": 1, "出乎意料": 1, "画质": 1, "不愧": 1, "徕卡": 1, "国民": 1, "回老家": 1, "堂哥": 1, "Mate20Pro": 1, "下午": 1, "高中": 1, "同学": 2, "一下子": 1, "滚筒": 1, "洗衣机": 1, "漂亮": 1, "可爱": 1, "竟然": 1, "速度": 1, "太": 1, "快": 1, "刚刚": 1, "2020年": 1, "校招": 1, "构建": 1, "通讯": 1, "联接": 1, "消除": 1, "偏远": 1, "地区": 1, "信息": 1, "孤岛": 1, "热爱": 1, "赛跑": 1, "世界": 1, "前行": 1, "L华": 2, "网上": 1, "宽容": 1, "严厉": 1, "嘴": 1, "力挺": 1, "买": 5, "拿下": 1, "全国": 1, "销量": 4, "冠军": 1, "最新": 1, "电商": 1, "平台": 1, "数据": 1, "9月": 1, "国产": 1, "发布": 2, "用户": 3, "选择": 1, "排名": 2, "383446": 1, "台": 1, "成绩": 1, "第一": 1, "第二": 3, "名": 1, "iPhoneXR": 1, "倍": 1, "榜单": 1, "产品": 1, "拉开": 1, "身位": 1, "马电信": 1, "智慧屏": 1, "究竟": 1, "科技": 1, "徐峥": 1, "导演": 1, "感叹": 1, "躺赢": 1, "体验店": 4, "好多": 1, "想起": 1, "海军": 1, "买完": 1, "走": 1, "解释": 1, "网友": 3, "：": 2, "庆祝": 1, "70": 2, "周年": 1, "海报": 3, "全身": 1, "右上角": 2, "logo": 2, "查": 1, "找到": 1, "放在": 1, "区​": 1, "加班": 1, "6": 1, "累": 1, "一万四": 1, "加班费": 1, "值": 2, "逢": 1, "考必": 1, "决战": 1, "法考": 1, "预告": 1, "算": 1, "今晚": 1, "8:30": 1, "高铁": 1, "挣扎": 1, "车": 1, "旅客": 1, "奇怪": 1, "眼神": 1, "凝视": 1, "大白": 1, "主观": 1, "题必": 1, "背": 1, "播": 1, "方式": 1, "高级": 1, "录制": 1, "8:20": 1, "供": 1, "观摩": 1, "学习": 1, "九天": 1, "不说": 1, "字": 1, "干": 1, "十一": 1, "假期": 1, "第四": 1, "人山人海": 1, "戴上": 1, "WatchGT": 1, "2登山": 1, "入海": 1, "火锅店": 1, "推出": 1, "结账": 2, "锅底": 1, "+": 1, "活动": 1, "事情": 1, "看​": 1, "iPhone11Pro": 1, "爸劝": 1, "同意": 1, "就说": 1, "崇媚洋": 1, "书": 1, "白": 1, "读": 1, "建设": 3, "网络": 4, "媒体": 1, "报道": 1, "见证": 1, "(": 2, ")": 2, "有限": 1, "MAXIS": 1, "10月": 1, "项": 1, "协议": 1, "介绍": 1, "供应": 1, "相关": 1, "设备": 1, "服务": 2, "易于": 1, "部署": 1, "运营": 1, "引入": 1, "2月": 1, "备忘录": 1, "3月": 1, "O华": 1, "海外": 2, "没法": 1, "谷歌": 2, "短期": 1, "市场": 1, "不利": 1, "影响": 1, "长期": 1, "仁至义尽": 1, "名正言顺": 1, "鸿蒙": 2, "系统": 1, "迈出": 1, "手机业": 1, "里程碑": 1, "厂商": 1, "撑起": 1, "处理器": 1, "芯片": 1, "保护伞": 1, "期待": 1, "体验": 1}