{"五大": 1, "要点": 1, "2018": 2, "智能": 4, "手机": 16, "报告": 2, "①": 1, "国产": 4, "Android": 1, "品牌": 7, "占有率": 1, "持续": 2, "头部": 2, "格局": 1, "稳定": 1, "；": 9, "②": 1, "增量": 1, "市场": 2, "vivo": 2, "超过": 3, "iPhone": 5, "份额": 1, "最多": 1, "排名": 1, "首位": 1, "降": 1, "次席": 1, "③": 1, "用户": 4, "忠诚度": 1, "回升": 1, "吸引力": 1, "下降": 1, "换机": 2, "首选": 1, "变为": 1, "华为": 65, "④": 1, "新机": 1, "发布": 2, "内容": 1, "营销": 1, "关注": 5, "购买": 1, "新品": 1, "⑤": 1, "积极性": 1, "降低": 1, "续航": 1, "能力": 1, "内存": 1, "提升": 1, "O微博": 1, "：": 20, "寒冬": 1, "逆势": 1, "上扬": 1, "中国": 21, "外交部": 17, "敦促": 10, "美": 22, "纠正": 9, "打压": 9, "企业": 45, "错误": 10, "做法": 9, "报道": 8, "美国": 51, "电脑": 6, "杂志": 7, "英国": 8, "编辑部": 12, "寄": 6, "用于": 5, "评测": 5, "P30": 6, "联邦": 36, "快递": 40, "公司": 20, "违反": 5, "政府": 19, "禁令": 5, "为由": 5, "退回": 8, "例行": 6, "记者会": 6, "发言人": 8, "耿爽": 10, "滥用": 6, "名义": 2, "莫须有": 6, "罪名": 6, "动用": 6, "国家": 8, "力量": 3, "根源": 6, "所在": 6, "混乱": 12, "始作俑者": 12, "美方": 10, "霸凌": 5, "行径": 5, "伤害": 10, "影响": 5, "日常": 4, "运作": 10, "干扰": 5, "合作": 20, "中方": 4, "停止": 7, "各国": 7, "往来": 2, "创造": 7, "条件": 7, "央视": 8, "记者": 8, "申杨": 2, "L": 6, "新闻": 3, "秒拍": 5, "视频": 10, "苹果": 9, "SIRI": 1, "人工": 2, "对待": 1, "回复": 1, "牛X": 1, "含义": 1, "都": 7, "​": 12, "签": 2, "5G": 3, "协议": 3, "！": 12, "高校": 3, "竟然": 3, "…": 1, "近日": 3, "武汉": 1, "大学": 2, "、": 6, "东北": 1, "签署": 1, "战略": 1, "梳理": 1, "发现": 2, "O": 2, "…​": 1, "拒绝": 2, "投递": 3, "道歉": 4, "@": 3, "财经": 3, "计算机": 2, "21日": 1, "称": 6, "杂志社": 1, "名": 1, "日前": 1, "办公室": 2, "寄出": 1, "退": 1, "回来": 1, "理直气壮": 1, "告知": 1, "发货人": 1, "退货": 1, "原因": 1, "之间": 1, "此事": 1, "曝光": 1, "给出": 1, "最新": 1, "声明": 1, "这是": 3, "操作": 3, "O联邦": 3, "酷燃": 2, "送": 7, "设备": 7, "失误": 10, "6月": 2, "24日": 5, "主持": 1, "提问": 2, "第一": 3, "大概": 1, "一个": 5, "未": 2, "明址": 1, "投送": 1, "包裹": 3, "想": 4, "时间": 3, "内": 2, "一再": 6, "相关": 3, "舆论": 4, "焦点": 3, "感想": 2, "一家": 7, "大型": 3, "跨国": 3, "理应": 9, "对外": 3, "作出": 4, "解释": 5, "负责": 7, "列入": 3, "可靠": 3, "实体": 3, "清单": 3, "信息": 1, "建议": 2, "询问": 2, "主管": 2, "部门": 2, "概念": 4, "国家机器": 3, "事实": 3, "证明": 2, "再次": 3, "回应": 5, "才": 4, "媒体": 6, "对此": 4, "环球": 1, "时报": 1, "问询": 1, "做出": 2, "siri": 4, "曝": 1, "侮辱性": 1, "翻译": 7, "牛逼": 5, "英语": 3, "Siri": 6, "Huaweiisarealbitch": 1, "小米": 4, "Mimiisabitch": 1, "回": 1, "Appleissoawesome": 1, "测试": 1, "~​": 1, "刚刚": 1, "好多": 1, "同学": 1, "私信": 1, "针对": 5, "实验": 2, "看上去": 1, "确实": 1, "扎": 1, "眼睛": 1, "名称": 1, "词": 1, "基本上": 1, "机器": 1, "学习": 2, "制造者": 1, "控制": 1, "…………": 1, "试试": 1, "随机": 1, "固定": 1, "余鹏鲲": 1, "鸿蒙": 4, "初辟": 2, "宜": 2, "支持": 4, "不宜": 2, "捧杀": 2, "很多": 2, "工作者": 1, "急于": 1, "自主": 2, "系统": 2, "成长": 1, "表现": 1, "脱离": 1, "现实": 1, "预期": 1, "估计": 1, "事实上": 1, "发展": 2, "长期": 1, "国外": 2, "制裁": 2, "时极": 1, "漠视": 1, "肆意": 1, "夸大": 1, "作用": 1, "性能": 1, "O余鹏鲲": 1, "早安": 1, "七点钟": 1, "走红": 1, "地毯": 1, "明星": 1, "科学家": 1, "...L": 1, "IT": 1, "杂谈": 1, "low爆": 1, "惊喜": 1, "双标狗": 1, "天实": 1, "锤": 1, "Nova": 1, "产品": 6, "经理": 4, "CC": 1, "OPPOk3": 1, "IQ": 1, "OONeo": 1, "漂亮": 1, "早读": 1, "新京报": 3, "A02": 1, "拒": 3, "冷静": 4, "A05": 1, "北京": 1, "高考": 1, "本科": 1, "普通线": 1, "文": 1, "480": 1, "423": 1, "A08": 1, "冬奥赛区": 1, "交通": 1, "清洁": 1, "能源": 1, "车": 1, "A09": 1, "湖南": 1, "操场": 1, "埋尸": 1, "案": 1, "尸骸": 1, "确系": 1, "邓": 1, "世平": 1, "理由": 1, "故意": 1, "侮辱": 1, "依法": 1, "维权": 1, "起诉": 2, "商务部": 2, "22日": 2, "美国商务部": 1, "扣押": 2, "20多": 1, "迟迟": 1, "非法": 1, "2017年": 1, "调查": 6, "出口": 2, "许可": 1, "至今": 1, "件": 1, "电信": 1, "安哥": 1, "依据": 2, "法律": 1, "准绳": 1, "任性妄为": 1, "深夜": 1, "震惊": 1, "好牛": 1, "30pro": 1, "牛50": 1, "倍": 1, "变焦": 1, "人民": 1, "态度": 2, "雷军": 1, "买": 1, "mate20": 1, "9": 1, "没法": 1, "差距": 1, "太": 1, "远": 1, "｜": 2, "社论": 2, "误送": 1, "发生": 3, "拒送": 1, "事件": 2, "特朗普": 2, "推出": 1, "理性": 2, "举措": 1, "面前": 1, "专业": 2, "服务": 1, "赢得": 2, "信任": 1, "伙伴": 1, "火": 1, "高端": 1, "旗舰": 1, "7pro": 1, "30pro​": 1, "白天": 1, "夜晚": 1, "记录": 1, "美好": 1, "一刻": 1, "nova5": 1, "系列": 1, "留下": 1, "梦": 1, "似幻": 1, "光影": 1, "记忆": 1, "L华": 1, "终端": 1, "官方": 1, "孙正义": 2, "否认": 1, "下令": 1, "ARM断": 1, "供华": 1, "天大": 2, "误解": 2, "消息": 2, "惊呆": 2, "软银": 1, "CEO": 1, "首次": 1, "旗下": 1, "ARM": 5, "断供": 2, "参与": 1, "运营": 1, "报纸": 1, "25％": 1, "材料": 1, "供给": 1, "25%": 1, "大部分": 1, "员工": 1, "涉及": 1, "供货": 1, "老板": 2, "联播L": 1, "联播": 1, "芯片": 1, "禁用": 1, "亲人": 1, "绑架": 1, "……": 1, "任正非": 1, "顶住": 1, "千钧": 1, "压力": 1, "带领": 1, "华为人": 1, "奋力": 1, "拼搏": 1, "产业": 2, "振兴": 1, "负重": 1, "前行": 1, "无感": 1, "在意": 1, "小确幸": 1, "请": 1, "留": 1, "口德": 1, "立场": 1, "起码": 1, "善意": 1, "信仰": 1, "一钱不值": 1, "联想": 15, "下手": 2, "杨元庆": 2, "想要": 1, "回国": 2, "退路": 2, "堵死": 2, "众所周知": 1, "如今": 2, "国内": 4, "人人喊打": 1, "程度": 1, "大有": 1, "干脆": 1, "好好": 1, "势头": 1, "PC": 1, "销售": 2, "越来越": 1, "良心": 1, "舔": 3, "发起": 2, "337": 3, "2019年": 2, "5月": 1, "Neodron": 1, "1930年": 2, "关税法": 2, "第337": 2, "节": 2, "国际": 2, "贸易": 3, "委员会": 2, "ITC": 3, "提出": 1, "申请": 2, "指控": 1, "进口": 2, "触控": 1, "组件": 1, "Touch-ControlledMobileDevices,Computers,andComponentsThere": 1, "侵犯": 1, "专利权": 1, "请求": 1, "有限": 1, "排除": 1, "禁止令": 1, "指": 1, "公平": 1, "竞争": 1, "展开": 1, "遭遇": 1, "网友": 1, "狗": 1, "一无所有": 1, "的确": 1, "改名": 1, "季度": 1, "笔记本": 1, "销量": 2, "大幅度": 1, "超越": 1, "占比": 1, "跌": 2, "混": 1, "/": 1, "股霸": 1, "谢克超xkc": 1, "比尔盖茨": 1, "反思": 1, "伊朗": 1, "历史": 1, "恩怨": 1, "经贸": 1, "误退": 1, "当日": 1, "评论": 2, "很": 1, "名址": 1, "事情": 1, "短": 1, "‘": 1, "’": 1, "侯": 1, "晓晨": 1}