{"珠光": 1, "流转": 1, "炫彩": 1, "晶莹": 1, "华为": 53, "nova4": 4, "贝母": 4, "白明日": 1, "开售": 2, "戳": 2, "评论区": 1, "惊喜": 2, "​": 19, "外交部": 8, "：": 14, "国": 4, "中国": 16, "企业": 8, "5G": 19, "建设": 5, "公正": 9, "态度": 8, "近日": 5, "葡萄牙": 4, "总理": 7, "科斯塔": 5, "接受": 4, "采访": 4, "欧盟": 10, "国家": 16, "滥用": 7, "审查": 6, "歧视": 6, "投资": 6, "葡": 5, "理解": 6, "参与": 5, "网络": 18, "风险": 4, "担忧": 4, "停止": 4, "欧洲": 5, "数字": 5, "基础": 5, "设施": 4, "现代化": 4, "进程": 4, "对此": 4, "发言人": 4, "陆慷": 6, "越来越": 5, "各国": 5, "人士": 5, "建立": 4, "统一": 3, "客观": 7, "、": 20, "公开": 4, "透明": 8, "标准": 4, "建设性": 4, "倡议": 4, "央视": 3, "记者": 1, "申杨": 1, "温润": 1, "柔白": 1, "灵光溢彩": 1, "白": 3, "配色": 1, "O3月": 1, "7日": 1, "0点": 1, "正式": 1, "！": 15, "nova星人": 1, "请": 2, "➡O": 1, "网页": 1, "链接": 1, "分享": 1, "场": 1, "大咖": 2, "签赠会": 1, "听田": 1, "涛": 1, "老师": 1, "讲述": 1, "故事": 1, "想要": 1, "近距离": 1, "听到": 1, "讲座": 1, "智能": 3, "生活馆": 1, "零距离": 1, "体验": 1, "款": 3, "产品": 2, "反对": 2, "理性": 3, "英国": 1, "金融": 1, "时报": 2, "表态": 1, "段": 1, "时间": 1, "科技": 2, "上周": 1, "结束": 1, "全球": 2, "大会": 2, "期间": 1, "多国": 1, "签订": 1, "合作": 3, "协议": 1, "独立": 2, "作出": 1, "符合": 1, "利益": 2, "政策": 1, "选择": 1, "致力于": 1, "维护": 2, "公平": 1, "市场": 9, "环境": 2, "全球性": 1, "事关": 1, "国际": 3, "社会": 2, "中方": 1, "倡导": 1, "相互": 2, "尊重": 1, "平等互利": 1, "对话": 1, "应对": 1, "威胁": 1, "坦率": 1, "讲": 1, "任由": 1, "借口": 1, "破坏": 1, "阻挠": 1, "做法": 1, "大行其道": 1, "最终": 2, "影响": 1, "产业": 2, "水平": 1, "发达": 1, "经济体": 1, "统": 1, "—": 1, "O葡": 1, "一见倾心": 2, "商城": 2, "318": 1, "周年": 2, "庆": 1, "可爱": 1, "Vmall": 1, "7": 2, "到底": 1, "眨眼": 1, "tempo": 1, "34": 1, "秒": 1, "告诉": 1, "潮": 1, "耀": 1, "好看": 1, "转发": 2, "支": 1, "魔性": 1, "视频": 7, "抽": 2, "送": 1, "荣耀": 6, "YOYO": 1, "音箱": 1, "台": 1, "L荣耀honor": 1, "官方": 1, "秒拍": 1, "太": 1, "特么": 2, "贱": 1, "抢注": 1, "OPPO": 2, "R系列": 1, "商标": 2, "R17": 1, "R19": 1, "R21": 1, "三": 2, "估计": 3, "没R": 1, "系列": 2, "老": 1, "阴逼": 1, "女生": 2, "漂亮": 3, "都": 7, "9012年": 1, "新时代": 1, "女性": 2, "长": 1, "职场": 1, "赢得": 1, "自信": 1, "E起悦": 1, "活悦": 1, "美丽": 1, "关注": 1, "@": 3, "EMUI": 1, "身边": 1, "工作": 2, "能力": 3, "抽送": 1, "电源": 1, "一个": 2, "抽奖": 1, "平台": 2, "新年伊始": 1, "新一代": 1, "刀片式": 2, "基站": 4, "BladeSite": 1, "解决": 4, "方案": 2, "研制": 1, "大规模": 1, "项目": 1, "荣获": 1, "2018": 1, "年度": 1, "科学": 1, "技术": 4, "一等奖": 1, "荣誉": 1, "华为人": 1, "持之以恒": 1, "探索": 1, "时代": 2, "无线": 3, "升级": 1, "听": 1, "首席": 1, "科学家": 2, "吕": 1, "劲松": 1, "娓娓道来": 1, "L华": 1, "网友": 1, "G9": 1, "1500": 1, "元": 2, "模式": 3, "HDR": 1, "超级": 1, "夜景": 1, "拍": 2, "照片": 1, "此文": 1, "独家": 1, "深度": 1, "解密": 2, "MateX": 5, "三大": 2, "折叠": 2, "魔法": 2, "#O": 1, "才": 1, "魔": 1, "法师": 1, "来源": 1, "新闻": 2, "O": 1, "中心": 5, "揭幕": 3, "接触": 3, "源代码": 3, "5日": 1, "比利时": 1, "首都": 1, "布鲁塞尔": 2, "副董事长": 1, "胡厚崑": 1, "仪式": 1, "世界": 2, "关切": 1, "正确": 1, "方式": 1, "始于": 1, "设立": 1, "目的": 1, "——": 2, "皇冠": 1, "明珠": 1, "高级": 1, "副总裁": 1, "兼": 1, "隐私官": 1, "约翰·萨福克": 1, "O华": 2, "纽约": 1, "称": 3, "起诉": 3, "美国": 6, "政府": 3, "禁止": 1, "联邦": 1, "机构": 1, "诉讼": 1, "费钱": 1, "耗时": 1, "对峙": 1, "将要": 1, "持续": 1, "好几": 1, "悬念": 1, "利用": 1, "司法": 1, "体制": 1, "被动": 1, "防守": 1, "主动": 1, "出击": 1, "步棋": 1, "走": 1, "先手": 1, "优势": 1, "明天": 1, "​​": 2, "P30": 1, "内存": 2, "6+128": 1, "G起": 2, "预计": 2, "售价": 2, "3999": 1, "P30Pro": 1, "8+128": 1, "5399": 1, "起​": 1, "美": 1, "自有": 1, "道理": 1, "TA": 1, "晚安": 1, "姐姐": 1, "姑娘": 1, "美女": 1, "女神": 1, "女": 1, "汉子": 1, "……": 1, "称呼": 2, "多元化": 1, "转评": 1, "聊聊": 1, "平时": 1, "生活": 1, "小云": 1, "随机": 1, "送出": 1, "耳机": 1, "跳": 1, "苹果": 3, "耽误": 1, "摄影师": 1, "支持": 1, "小米": 7, "9边": 2, "充电": 2, "玩": 2, "游戏": 2, "发热": 1, "CPU": 2, "温度": 4, "高达": 1, "71": 2, "度": 3, "摄像头": 1, "右边": 5, "区域": 2, "烫手": 1, "感觉": 2, "米BOY们": 1, "黑": 1, "抬杠": 1, "录": 1, "代表": 1, "手机": 13, "背部": 2, "安兔兔": 1, "测试": 2, "mate20pro": 1, "40多": 1, "9": 3, "27W": 1, "快充": 2, "40W": 1, "建议": 1, "相比": 1, "真的": 1, "不少": 2, "夏天": 2, "L科技": 1, "圣斗士": 1, "公布": 1, "答案": 1, "图1": 1, "Mate20": 1, "评测": 1, "截图": 1, "左边": 4, "官服": 1, "渠道": 1, "服": 1, "模糊": 1, "差别": 4, "1080p": 2, "720p": 3, "Magic2": 2, "9。图三": 1, "放": 2, "显示器": 2, "画质": 2, "差": 1, "线条": 1, "柔和": 1, "连贯": 1, "差距": 1, "1080": 1, "p到": 1, "夸张": 1, "1": 1, "分辨率": 2, "降": 2, "一点点": 1, "降到": 1, "算法": 2, "还原": 1, "瑕疵": 1, "很": 3, "延迟": 1, "降低": 1, "GPU": 2, "压力": 1, "肉眼": 1, "对着": 1, "确实": 1, "调取": 1, "渲染": 1, "数据": 4, "求证": 1, "扒": 1, "刚刚": 1, "2019MWC": 1, "热": 1, "莫过于": 1, "发布": 2, "折": 4, "叠屏": 4, "全世界": 1, "媒体": 2, "目光": 1, "聚集": 1, "之上": 1, "现场": 1, "众多": 1, "业内": 2, "摸": 2, "为荣": 1, "头条": 1, "文章": 1, "维度": 2, "创新": 3, "定义": 2, "新型": 1, "通信": 3, "无人机": 4, "搭建": 1, "高速": 1, "数据链": 1, "宽带": 1, "存取点": 1, "江苏": 2, "联通": 2, "携手": 1, "研究": 2, "信号": 2, "覆盖": 2, "南京": 2, "河西CBD": 1, "水域": 1, "空间": 1, "立体": 1, "分析": 1, "棒": 1, "空中": 1, "俯瞰": 1, "美O": 1, "分公司": 1, "率先": 1, "路测": 1, "助力": 1, "低空": 1, "数字化": 1, "发展": 4, "赛诺": 2, "曝光": 2, "同比": 3, "下滑": 3, "8.9%": 1, "1月": 2, "整体": 1, "销量": 1, "五": 1, "名": 1, "vivo": 1, "销售额": 1, "排名": 1, "第一": 1, "下降": 1, "21%": 1, "；": 2, "线下": 2, "两极": 1, "分化": 1, "依然": 1, "10%": 1, "份额": 2, "分水岭": 1, "线上": 1, "变化": 1, "不大": 1, "2019年": 1, "吓人": 2, "①": 1, "+": 2, "35.2%": 1, "这是": 1, "三星": 1, "辉煌": 1, "30%": 1, "趋势": 1, "未来": 1, "40%": 1, "厂商": 1, "值": 1, "②": 1, "🍎": 1, "一月": 1, "28%": 1, "断崖式": 1, "跌落": 1, "神坛": 1, "③": 1, "逆市": 1, "增长": 1, "46%": 1, "骑": 1, "绝尘": 1, "对手": 2, "影子": 1, "格列兹曼": 1, "欲罢不能": 1, "代言人": 1, "mate20Pro​": 1, "外媒": 1, "西方": 3, "长期": 2, "低估": 2, "经济": 3, "影响力": 2, "增强": 2, "瑞士": 1, "苏黎": 1, "世报": 1, "年前": 1, "专家": 1, "怀疑": 1, "竞争": 1, "如今": 1, "诸如": 1, "跻身": 1, "领先": 1, "行列": 1, "军事": 1, "挑战": 1, "领域": 1, "斗争": 1, "打响": 1, "O外媒": 1, "事实上": 1, "跟风": 1, "折叠屏": 3, "远": 1, "出货量": 1, "有望": 1, "2021年": 1, "突破": 1, "千万": 1, "LBong": 1, "Ho棒呼": 1, "昨天": 1, "号": 1, "人物": 1, "人民": 1, "大会堂": 1, "观看": 1, "超高清": 1, "节目": 1, "这下": 1, "牛": 1, "权威": 1, "加牛": 1, "比​": 1}