{"华为": 63, "离职员工": 1, "冤枉关": 1, "看守": 1, "251": 5, "官微": 2, "评论": 2, "翻车": 2, "迎来": 1, "历史": 1, "第一": 4, "道歉": 1, "​": 17, "nova6": 2, "5G": 5, "今日": 1, "预约": 1, "前置": 4, "105": 1, "°": 1, "超广角": 1, "3200": 1, "人像": 1, "超级": 1, "夜景": 1, "自拍": 1, "！": 18, "中国": 15, "底下": 1, "清一色": 1, "都": 11, "讨伐": 1, "这是": 1, "发生": 1, "？？": 1, "金灿荣": 2, "香港": 2, "演讲": 1, "(": 2, "完整版": 1, ")": 2, "：": 25, "美国": 5, "趴下": 1, "五": 3, "老二": 1, "国家": 3, "一个": 10, "优点": 1, "发起": 1, "贸易战": 1, "、": 16, "封杀": 1, "干涉": 1, "事务": 1, "皆": 1, "遏制": 1, "发展": 2, "以此": 1, "保住": 1, "长期": 1, "领域": 1, "综合": 1, "国力": 1, "霸主": 1, "地位": 1, "L汪": 1, "大王": 1, "视频": 6, "侯金龙": 3, "目的": 3, "世界": 8, "第二": 4, "选择": 7, "11月": 3, "29日": 1, "智能": 8, "计算": 4, "产品线": 1, "鹏城": 1, "实验室": 1, "深圳": 3, "联合": 2, "发布": 1, "鹏": 1, "城云": 1, "脑Ⅱ": 1, "基本型": 1, "系统": 1, "技术": 2, "有限": 1, "公司": 9, "高级": 2, "副总裁": 1, "Cloud&AI": 1, "产品": 2, "服务": 1, "总裁": 1, "接受": 2, "观察者网": 1, "媒体": 1, "采访": 4, "接触": 1, "数字": 2, "建立": 2, "英特尔": 1, "英": 1, "伟达": 1, "微软": 1, "全世界": 1, "X86": 2, "体系": 2, "基础": 1, "危险": 1, "希望": 1, "未来": 2, "生态": 1, "鲲鹏": 1, "战略": 2, "O华": 2, "名校": 2, "学霸": 2, "毕业": 2, "超过": 2, "一半": 1, "毕业生": 4, "离开": 1, "母校": 1, "所在地": 1, "一流": 2, "高校": 1, "流向": 1, "广东省": 1, "北京市": 1, "浙江省": 1, "上海市": 1, "九校": 1, "联盟": 1, "Top10": 1, "去向": 1, "企业": 3, "当中": 1, "腾讯": 1, "网易": 2, "中兴": 1, "代表": 1, "广东": 1, "雇佣": 1, "来自于": 1, "院校": 1, "O": 3, "|": 1, "DT数": 1, "网曝": 1, "员工": 4, "离职": 3, "赔偿": 1, "起诉": 2, "勒索": 1, "羁押": 3, "图片": 1, "脉脉": 1, "爆料": 3, "李某": 8, "元于": 1, "2005年": 1, "逆变器": 1, "业务": 1, "造假": 1, "便于": 1, "2016年": 1, "内部": 1, "举报": 1, "审计": 1, "部门": 2, "负责人": 1, "调换": 1, "元": 6, "停职": 1, "随后": 2, "踢出": 1, "N": 1, "裁员": 1, "补偿": 3, "13年": 2, "工龄": 2, "商谈": 2, "33万余": 1, "实际上": 1, "HR": 2, "私人": 1, "账户": 1, "30万": 1, "想到": 1, "敲诈勒索": 1, "元便": 1, "抓": 1, "进去": 1, "好在": 1, "时录": 1, "音": 1, "检察院": 1, "公安": 1, "认定": 1, "事实": 1, "证据": 1, "声明": 2, "无罪": 1, "才": 1, "得以": 1, "释放": 1, "恢复": 2, "人身": 1, "自由": 1, "给予": 1, "10万余": 1, "检查院": 1, "发函": 1, "名誉": 1, "马克龙": 3, "发声": 2, "永不": 2, "污名化": 3, "28日": 2, "法国": 1, "总统": 1, "北约": 1, "秘书长": 1, "斯托尔滕贝格": 1, "新闻": 1, "发布会": 3, "问及": 1, "带来": 1, "风险": 1, "表态": 1, "称": 1, "永远": 1, "特定": 1, "电信": 1, "此前": 1, "德国": 2, "总理": 1, "默克尔": 2, "谈及": 1, "直言": 1, "欧盟": 1, "各国": 2, "华": 1, "政策": 1, "网络": 2, "建设": 2, "制定": 1, "机构": 1, "提供": 1, "认证": 1, "解决": 2, "供应商": 1, "设备": 1, "担忧": 1, "参与": 1, "开放": 1, "态度": 1, "O马克龙": 1, "Mate30Pro5G": 1, "手机": 8, "辨识度": 1, "真的": 2, "很": 3, "喜欢": 5, "回想": 1, "陌生人": 2, "打招呼": 1, "这次": 1, "切开": 1, "架": 1, "钢琴": 1, "分隔": 1, "弹": 1, "甚欢": 1, "Mate30": 1, "系列": 2, "距离": 3, "跨越": 1, "L华": 2, "HUAWEIMate30Pro": 1, "镜头": 4, "披": 1, "银装": 1, "故宫": 1, "军队": 1, "像是": 1, "mate20": 1, "网友": 3, "故意": 1, "折坏": 1, "MateX": 3, "屏幕": 2, "黑": 1, "笑死": 1, "花": 1, "6": 1, "W买": 1, "坏": 1, "条": 1, "黑线": 2, "打脸": 1, "下次": 1, "墨水摸": 1, "均匀": 1, "字": 1, "漏": 1, "仔细": 2, "年轻人": 1, "依旧": 1, "这下": 1, "尴尬": 1, "matex": 1, "但凡": 1, "颗": 1, "花生": 1, "不至于": 1, "醉成": 1, "这样子": 1, "小米": 12, "雷军": 11, "余承东": 11, "牛": 2, "乌镇": 1, "互联网": 2, "大会": 1, "丁磊": 1, "饭局": 1, "吃饭": 1, "端": 1, "酒杯": 1, "胡侃": 1, "相争": 1, "不服": 1, "干": 4, "铁军": 1, "勇争": 1, "翻华": 1, "超越": 3, "苹果": 6, "三星": 2, "友商": 7, "抱歉": 1, "眼里": 1, "……": 5, "小看": 1, "季度": 1, "重回": 1, "市场": 2, "最终": 1, "领军者": 1, "说不定": 1, "卖": 1, "大闸蟹": 1, "气": 1, "拿出": 1, "尖刀": 1, "MIXAlpha": 1, "掏出": 1, "折叠屏": 1, "展开": 1, "几百亿": 1, "身家": 1, "福布斯": 1, "富豪": 1, "粉丝": 2, "无数": 1, "号称": 2, "教父": 1, "打破": 1, "行业": 1, "暴利": 1, "救星": 1, "英语": 3, "口语": 1, "AreyouOk": 1, "打工仔": 1, "嘴": 1, "遮拦": 1, "大嘴": 1, "流利": 1, "国外": 1, "全程": 1, "开发": 1, "布会": 1, "雷布斯": 1, "每次": 2, "提": 1, "前不久": 1, "刻骨铭心": 1, "仇恨": 1, "拥有": 1, "幸运": 1, "懂": 1, "肯定": 1, "爱": 1, "携手": 1, "同行": 1, "相爱": 1, "相杀": 1, "明年": 2, "成功": 1, "JuanAzofeitaBodilla": 1, "哥斯达尼加雨林": 1, "名": 3, "护林员": 1, "TECH4ALL": 1, "雨林": 1, "出生": 1, "长大": 1, "感官": 1, "体会": 1, "大自然": 1, "快乐": 1, "痛苦": 1, "偷猎": 1, "滥砍滥伐": 1, "目睹": 1, "很多": 1, "栖息地": 1, "非法": 1, "破坏": 1, "期待": 3, "人工": 3, "引入": 1, "努力": 1, "终结": 1, "状况": 1, "网页": 1, "链接": 1, "VLOG047": 1, ".": 1, "久违": 1, "收获": 1, "满满": 1, "阿哲": 1, "约练": 1, "背部": 1, "💪🏽": 1, "见到": 1, "师弟": 1, "🎓": 1, "拍摄于": 1, "🎬": 1, "~": 3, "内容": 1, "11.7日": 1, "运动": 1, "VLOG": 2, "@": 8, "VLOGL": 1, "赵": 1, "宇豪": 1, "Steven": 1, "冒死": 1, "P40": 1, "六": 1, "新机": 1, "忍": 1, "不住": 1, "想": 1, "夸": 1, "评论区": 1, "见​": 1, "公关": 1, "凌晨": 1, "三点": 1, "删帖": 1, "禁言": 2, "公共关系部": 1, "绩效": 1, "集体": 1, "打A": 1, "困": 1, "睡": 1, "明早": 1, "新浪": 1, "刘虎三十": 1, "凤凰网": 1, "财经": 1, "新京报": 1, "远东": 1, "大都市": 1, "国际": 1, "经济": 1, "金融": 1, "贸易": 1, "航运": 1, "科技": 1, "创新": 3, "中心": 1, "一线": 1, "城市": 2, "几十": 1, "上海": 4, "始终": 1, "扮演": 1, "先行者": 1, "角色": 1, "12月": 2, "4日": 1, "•": 1, "不凡": 1, "云城市": 1, "峰会": 2, "2019": 2, "即将": 1, "启动": 1, "沪上": 1, "华灯": 1, "逐浪": 1, "智慧": 2, "云潮": 1, "正当时": 2, "展现": 1, "眼前": 1, "走进": 1, "驱动": 1, "申城": 1, "升级": 1, "王": 1, "俊凯": 1, "迪奥": 1, "品牌": 1, "大使": 5, "王俊凯": 1, "‼️": 2, "请": 1, "看一看": 1, "涨幅": 4, "上家": 1, "差距": 2, "三千": 1, "快": 1, "反超": 1, "边缘": 1, "徘徊不动": 1, "麻烦": 2, "赶快": 1, "进群": 2, "名次": 2, "急": 1, "！！！": 3, "这不": 1, "掉": 1, "等于": 1, "灯牌": 1, "退让": 1, "化为": 1, "/": 4, "ipad": 1, "ipad其余": 1, "型号": 1, "OPPO": 1, "小分队": 1, "步枪": 1, "「": 1, "白问": 2, "NO.97": 1, "」": 1, "安卓": 1, "Pad": 1, "凉": 1, "聊聊": 2, "实在": 1, "不好意思": 1, "上周": 1, "片子": 1, "太": 1, "停": 1, "本周": 1, "第97": 1, "期": 1, "按时": 1, "上线": 1, "MatePad": 1, "SoundX": 1, "款": 2, "新品": 1, "细节": 1, "体验": 1, "消息": 1, "旗舰": 1, "挖孔": 1, "形式": 1, "组合": 2, "分享": 1, "免费": 1, "备份": 1, "软件": 1, "L小白": 1, "测评": 1, "diao​": 1, "渲": 1, "染图": 1, "确实": 1, "骑士": 1, "颜值": 1, "高​": 1, "驻": 3, "加拿大": 3, "看望": 3, "CFO": 1, "孟晚舟": 3, "祖国": 4, "坚强": 3, "后盾": 3, "孟": 2, "早日": 2, "回归": 1, "怀抱": 1, "盯上": 1, "企业家们": 1, "撕下": 1, "伪装": 1, "为所欲为": 1, "下限": 1, "丛培武": 1, "赴": 1, "温哥华": 1, "女士": 2, "丛": 1, "亲切": 1, "慰问": 1, "政府": 1, "维护": 1, "公民": 1, "正当": 1, "合法": 1, "权益": 1, "决心": 1, "坚定不移": 1, "敦促": 1, "加方": 1, "纠正": 1, "错误": 1, "做法": 1, "尽快": 1, "措施": 1, "妥善": 1, "14亿": 1, "人民": 1, "平安": 1, "回家": 1, "直播": 1, "对比": 1, "iPad": 1, "applepencil": 1, "平板": 1, "电脑": 1, "Matepadpro": 1, "手": 1, "写笔": 1, "外观": 1, "首席": 2, "相机": 4, "工程师": 2, "罗巍": 3, "现况": 1, "解释": 1, "改进": 1, "超变焦": 1, "称为": 1, "算法": 1, "增强": 1, "广角": 1, "摄影": 3, "专业": 1, "之间": 1, "界限": 1, "越来越": 1, "模糊": 1, "硬件": 1, "适合": 1, "罗巍CyberverseL": 1, "脚": 1, "走": 1, "尖叫": 2, "分贝": 1, "数据": 1, "播报": 1, "♥️": 4, "第五": 1, "半": 1, "小时": 1, "981": 1, "加快": 1, "住": 1, "目标": 2, "三": 1, "11219": 1, "任重道远": 1, "自测": 1, "投": 1, "加群": 1, "爱奇艺": 1, "夜​": 1, "家里": 1, "Wi-Fi卡": 1, "Wi-Fi": 1, "密码": 1, "老是": 1, "忘记": 1, "路由": 1, "#A2": 1, "轻松": 1, "搞定": 1, "1日": 1, "00:00": 1, "正式": 1, "开售": 1, "官方": 1, "诉": 1, "敲诈": 1}