{"任正非": 26, "：": 23, "请": 17, "下属": 20, "吃饭": 17, "快": 15, "官大者": 6, "买单": 6, "华为": 38, "惯例": 13, "公司": 26, "会议": 9, "讲": 11, "并列": 4, "举出": 4, "高管": 5, "名字": 4, "反复": 5, "铁军": 5, "领袖": 6, "自古以来": 5, "都": 12, "关爱": 5, "霍去病": 5, "倾酒": 5, "入泉": 5, "O": 6, "快​": 2, "对着": 1, "Siri": 2, "想": 3, "台": 1, "手机": 6, "预感": 1, "再见": 1, "L刹那": 1, "数码": 1, "视频": 8, "​": 18, "庆祝": 1, "AI": 7, "开发": 2, "程序": 1, "上线": 1, "InfoQ": 1, "携手": 1, "@": 4, "中国": 7, "发起": 1, "活动": 1, "晒出": 1, "身边": 3, "分享": 1, "产品": 2, "图片": 1, "、": 11, "字母": 1, "说出": 1, "体验": 2, "AI场景": 1, "转发": 1, "+": 1, "发现": 2, "附上": 1, "超能力": 1, "标签": 1, "2月": 1, "9日": 1, "选取": 1, "30": 2, "朋友": 2, "瓜分": 1, "3000": 1, "元": 1, "现金": 1, "红包": 1, "精彩": 2, "评论": 1, "获赠": 1, "运动": 1, "蓝牙": 2, "耳机": 1, "呦": 1, "~": 2, "此话": 1, "道理": 2, "起码": 1, "团队": 1, "建设": 1, "角度": 1, "有人": 1, "古今中外": 1, "大事者": 1, "爱才如命": 1, "挥金如土": 1, "胡歌": 3, "粉丝": 1, "苹果": 2, "说道": 1, "只能": 1, "签": 1, "荣耀": 1, "代言人": 1, "很": 3, "用心": 1, "L简直": 1, "笑哭": 1, "美国": 14, "官员": 3, "盟国": 3, "合作": 3, "做出": 3, "国务院": 1, "一个": 4, "无视": 1, "电信": 2, "设备": 6, "制造商": 1, "警告": 1, "回应": 1, "显示": 1, "华盛顿": 1, "欧洲": 1, "伙伴国": 1, "压力": 1, "增大": 1, "华": 1, "主题": 1, "": 2, "设计": 1, "美学": 1, "截止": 1, "过期": 1, "3": 2, "r​": 1, "计划": 3, "波兰": 10, "建立": 4, "网络": 8, "中心": 7, "路透": 1, "消息": 1, "建": 1, "提升": 1, "当地": 1, "客户": 1, "信心": 2, "打消": 1, "担忧": 1, "业务": 2, "主管": 1, "TonnyBao": 1, "当局": 2, "这是": 4, "值得": 1, "信赖": 1, "解决": 2, "方案": 2, "O华": 2, "近日": 1, "助力": 1, "业界": 2, "率先": 1, "5GSA": 2, "真实": 2, "商用": 2, "异厂家": 4, "互通": 4, "全球": 1, "遵循": 1, "国际": 5, "3G": 1, "PP": 1, "标准": 1, "SA": 1, "独立": 1, "组网": 2, "测试": 3, "推动": 1, "加速": 2, "规模": 2, "能力": 1, "5G": 2, "研发": 1, "迈出": 1, "关键": 1, "本次": 1, "采用": 2, "华为端": 1, "端": 1, "包括": 1, "核心网": 2, "无线": 1, "终端": 1, "领先": 1, "微服务": 1, "架构": 1, "具备": 1, "灵活性": 1, "开放性": 1, "扩展性": 1, "支持": 1, "控制面": 1, "功能": 2, "注册": 2, "用户面": 1, "灵活": 1, "配置": 1, "GPP": 1, "协议": 2, "深度": 1, "理解": 1, "快速": 1, "认证": 1, "会话": 2, "删除": 1, "流程": 1, "操作": 1, "验证": 1, "后续": 1, "组合": 1, "打下": 1, "坚实": 1, "基础": 1, "马来西亚": 1, "68": 1, "岁": 1, "法师": 1, "林": 1, "文华": 1, "证明": 1, "法力无边": 1, "当众": 1, "表演": 1, "清蒸": 1, "分钟": 1, "悲剧": 1, "L爆笑": 1, "搞": 1, "事菌": 1, "秒拍": 2, "​​": 1, "电影": 1, "自拍": 1, "🤳猜": 1, "bt": 1, "w左": 1, "iPhone": 1, "📱​": 1, "创始人": 1, "精神": 2, "春节": 1, "节日": 2, "看望": 1, "员工": 2, "满面春风": 1, "佩服": 1, "忘": 1, "时刻": 1, "）们": 1, "企业": 5, "腾飞": 1, "难": 1, "猜猜": 1, "部长": 1, "挖": 1, "孔屏": 1, "感冒": 1, "火": 1, "Mate20": 1, "Pro版": 1, "还要": 1, "加价": 1, "小米": 2, "拍照": 1, "输": 1, "攻城狮们": 1, "加国": 1, "国家": 2, "名义": 4, "封杀": 1, "；": 1, "电脑": 1, "警方": 1, "在线": 1, "检查": 2, "8": 1, "NGO": 1, "公布": 1, "！": 5, "川普": 1, "内心": 1, "达成": 1, "毕竟": 1, "政绩": 1, "拼": 1, "选举": 1, "诸如": 1, "纳瓦罗莱特": 1, "细则": 1, "强硬派": 1, "很难说": 1, "最终": 2, "胜利": 1, "孟晚舟": 5, "人民": 1, "列入": 1, "2013年": 1, "改进": 1, "工作": 1, "作风": 1, "八": 1, "条": 2, "第二": 1, "提出": 1, "上级": 3, "送礼": 1, "贺卡": 1, "邮件": 2, "短信": 1, "鲜花": 1, "除外": 2, "参加": 1, "非因公": 1, "就餐": 4, "付账": 1, "AA制": 1, "公费": 3, "报销": 3, "私": 3, "费用": 3, "凡是": 2, "肯定": 2, "发票": 4, "小票": 2, "撕掉": 4, "目的": 2, "高管们": 2, "亦": 2, "中兴": 1, "麻烦": 1, "专家": 2, "指出": 2, "原因": 1, "听完": 1, "豁然": 1, "开朗": 1, "政经": 1, "风云": 1, "大人物": 1, "看法": 1, "L": 1, "大咖": 1, "称": 3, "办事处": 1, "主任": 1, "接受": 2, "安排": 1, "可靠": 1, "做好": 1, "设立": 1, "整天": 1, "厉害": 1, "內": 1, "熊猫派": 1, "歼灭": 1, "剩下": 1, "屠龙派": 1, "！！jeffsachs": 1, "好话": 1, "围剿": 1, "被迫": 1, "推特": 1, "账户": 1, "删": 1, "！！sachs": 1, "休克": 1, "疗法": 1, "搞垮": 1, "苏联": 1, "时局": 1, "变化": 1, "太": 1, "保重": 1, "猪角": 1, "元气": 1, "满满": 1, "发光": 1, "鸭": 1, "HUAWEIHiAI": 1, "Foundation": 1, "NPU": 1, "增强": 1, "模型": 1, "算力": 1, "性能": 1, "飞升": 1, "助推": 1, "C位": 1, "出道": 1, "关注": 2, "开发者": 1, "联盟": 1, "转评": 1, "抽送": 1, "耳": 1, "副": 1, "抽奖": 1, "平台": 1, "敬业": 1, "签名L": 1, "搞笑": 1, "坊": 1, "O山姆": 1, "大叔": 1, "猎物": 1, "外国": 2, "法律": 4, "诉讼": 1, "烦恼": 1, "|": 1, "CHS": 1, "加拿大": 2, "首席": 3, "财务官": 2, "女士": 1, "逮捕": 1, "背景": 1, "治外法权": 1, "假定": 1, "法规": 1, "超出": 1, "国境": 1, "检察官": 4, "解释": 2, "权威性": 1, "律师们": 1, "管辖": 1, "越来越": 3, "宽泛": 1, "桩": 1, "银行": 1, "交易": 1, "纽约": 1, "理由": 3, "境外": 1, "谷歌": 1, "Gmail": 1, "笔": 1, "贿赂": 1, "交流": 1, "声称": 1, "电子": 1, "提供商": 1, "属性": 1, "件": 1, "范畴": 1, "律师": 2, "政治": 4, "动机": 2, "引渡": 3, "抗辩": 1, "海彦": 1, "5日": 1, "环球": 1, "邮报": 1, "星期一": 1, "报道": 1, "面临": 1, "副董事长": 1, "兼": 1, "寻求": 1, "辩护": 1, "指控": 1, "出于": 1, "理查德·派克": 1, "该报": 1, "电话": 1, "采访": 1, "案": 1, "色彩": 1, "案件": 1, "一点": 1, "笼罩": 1, "层": 1, "阴云": 1, "王": 1, "君安": 1, "央视": 1, "戏曲": 1, "春晚": 1, "妈祖": 1, "全段": 1, "白马": 1, "演绎": 1, "点赞": 2, "边录": 1, "L丁子户": 1, "凡珏": 1, "总部": 15, "搬到": 6, "深圳": 8, "腾讯": 3, "平安": 2, "万科": 3, "本土": 2, "恒大": 3, "集团": 2, "百度": 3, "华南": 2, "阿里": 5, "云计算": 2, "高下": 2, "回": 1, "事儿": 1, "事成": 1, "财经": 1, "O网页": 1, "链接": 2, "有意思": 1, "毗邻": 2, "网页": 1, "很多": 1, "品牌": 1, ".": 1}