{"易": 3, "烊": 1, "千": 2, "玺": 4, "华为": 48, "爸爸": 2, "太": 4, "给力": 1, "[米奇": 1, "大哭": 1, "米奇大哭": 1, "街": 1, "都": 10, "nova": 2, "全球": 4, "代言人": 4, "易烊": 7, "千玺": 3, "无需": 1, "偶遇": 1, "闭": 1, "眼睛": 1, "随便": 1, "走": 1, "遇见": 1, "表白": 1, "一路": 1, "收获": 1, "台": 3, "nova4": 2, "模型": 2, "家里": 1, "nova3": 1, "放": 3, "外面": 1, "层膜": 1, "舍得": 1, "撕掉": 1, "英语街": 1, "宝贝": 2, "封面": 1, "@": 8, "TFBOYS": 3, "千玺yyqx": 1, "四": 8, "字": 7, "弟弟": 6, "本来": 1, "很": 4, "NC": 1, "想": 4, "进去": 1, "手": 1, "滑": 1, "底下": 1, "回答": 1, "精彩": 2, "全都": 2, "系统": 3, "芯片": 2, "………​": 1, "转身": 1, "！": 10, "捷克": 8, "国安委": 2, "：": 19, "纠正": 6, "政府": 7, "公务员": 2, "禁用": 2, "手机": 5, "错误": 5, "做法": 5, "新华社": 2, "布拉格": 1, "12月": 7, "22日": 1, "电": 2, "记者": 2, "王义": 1, "国家": 9, "委员会": 2, "21日": 2, "发表": 4, "声明": 7, "日前": 1, "机关": 1, "工作": 1, "人员": 2, "停止": 1, "网络": 8, "信息": 2, "办公室": 3, "发布": 1, "警示": 2, "涉及": 1, "用户": 1, "终端": 3, "设备": 1, "无权": 1, "评估": 1, "国际": 2, "政治": 3, "局势": 1, "法律": 5, "环境": 3, "合法": 1, "外国": 2, "投资": 1, "开放": 1, "态度": 1, "提供": 1, "O转身": 1, "轮值": 6, "董事长": 6, "胡厚崑": 7, "美国": 16, "证明": 6, "18日": 2, "下午": 1, "胡": 1, "厚崑": 1, "东莞": 1, "园区": 1, "14": 1, "Top": 1, "媒体": 2, "圆桌": 1, "采访": 2, "指控": 2, "事实": 3, "说话": 2, "记录": 2, "30年": 1, "发生": 2, "事件": 1, "O华": 2, "​": 16, "平安夜": 2, "24日": 1, "奇遇": 1, "照相馆": 1, "蜜语": 1, "红": 1, "主题日": 1, "魏大勋": 1, "陪": 1, "度过": 2, "甜蜜": 1, "正式": 3, "监管": 1, "部门": 1, "——": 3, "(": 2, "NÚKIB": 1, ")": 2, "主任": 1, "杜桑•纳夫拉蒂尔": 1, "此前": 1, "公司": 7, "软件": 1, "硬件": 1, "产品": 9, "引入": 1, "关键": 1, "威胁": 1, "O捷克": 1, "警示​": 1, "三十": 1, "未": 1, "事故": 1, "、": 9, "隐患": 1, "证据": 1, "有损": 1, "事情": 2, "荟": 1, "近日": 2, "吉隆坡": 1, "AtlasGourmetMarket": 1, "开启": 1, "圣诞": 2, "夜": 1, "活动": 1, "回馈": 1, "品牌": 1, "合作商": 1, "消费者": 1, "支持": 3, "现场": 1, "各式各样": 1, "美味": 2, "食物": 1, "表演": 1, "圣诞老人": 1, "麋鹿": 1, "小姐": 1, "送上": 1, "祝福": 2, "感谢": 1, "一如既往": 1, "喜爱": 1, "华集": 1, "南北": 1, "距离": 1, "冬至": 7, "充满": 1, "AI": 4, "拍下": 1, "家乡": 2, "美食": 1, "份": 1, "暖意": 1, "分享": 1, "小编": 1, "花粉们": 1, "Mate20": 3, "攀爬": 1, "扎根": 1, "抵御": 1, "冷硬": 1, "枯瘠": 1, "精致": 1, "剔透": 1, "还要": 2, "光里": 1, "温柔": 1, "随手": 1, "拍": 1, "摄影": 1, "西藏": 1, "植物": 1, "#​": 1, "烊千": 2, "1000": 1, "盖": 1, "章": 1, "〃'▽'〃": 1, "千玺久违": 1, "柯兔": 2, "系列": 3, "终于": 1, "更新": 3, "3": 2, "👉": 1, "🏻O": 1, "网页": 1, "链接": 5, "yyqx": 1, "qx": 14, "yy": 10, "caseec": 1, "阿易": 1, "应援": 1, "yyqx酷": 1, "猫": 1, "yyqxins": 1, "今日": 1, "吃": 5, "碗": 1, "热水饺": 1, "至味": 1, "暖": 1, "心窝": 1, "祝": 1, "阖家团": 1, "圆福": 1, "相伴": 2, "HiVision卡路": 1, "识别": 1, "芯": 1, "热量": 1, "爱": 1, "关注": 3, "+": 2, "带": 1, "话题": 1, "转发": 3, "此时此刻": 1, "______": 1, "过冬": 2, "抽奖": 3, "平台": 2, "随机": 1, "抽": 3, "送": 2, "备咖": 1, "存储": 1, "英伦灰": 1, "广告": 2, "]​": 1, "搬运工": 1, "暖心": 1, "圣诞节": 2, "聆听": 1, "天使": 1, "声音": 1, "合作": 1, "伙伴": 1, "设计": 1, "款": 1, "聋哑": 1, "儿童": 2, "阅读": 2, "appStorySign": 1, "文字": 1, "翻译": 1, "手语": 1, "卡通": 1, "形象": 1, "演绎": 1, "失聪": 1, "学习": 1, "关爱": 1, "科技": 7, "温度": 1, "L": 2, "秒拍": 7, "视频": 11, "任正非": 2, "清醒": 1, "坚定": 1, "善于": 1, "韬晦": 1, "程度": 1, "高度": 1, "韧性": 1, "O网页": 3, "WATCHGT": 1, "3日": 1, "19": 1, "戴": 2, "10": 1, "桌子": 1, "12": 1, "21%": 1, "电量": 1, "开发": 1, "智能": 1, "手表": 1, "反思": 1, "苹果": 5, "每月": 2, "扣": 1, "500": 2, "元": 2, "工资": 2, "买": 1, "国产": 1, "电子": 3, "补贴": 2, "一半": 1, "钱": 1, "安徽": 1, "阜阳": 1, "下发": 1, "通知": 1, "员工": 2, "扣除": 1, "凡": 1, "购华": 1, "均": 1, "购买价": 1, "50%": 1, "律师": 1, "爱国": 1, "引导": 1, "作用": 1, "自由": 3, "赚钱": 1, "季": 1, "L一手": 1, "video": 1, "Nova4": 1, "标配": 1, "版主": 1, "摄缩水": 1, "搞笑": 1, "爆料": 2, "哥evleaks": 1, "P30": 1, "后置": 2, "三": 1, "摄": 2, "主摄": 1, "4000万": 1, "像素": 2, "摄像头": 4, "5": 1, "倍": 1, "无损": 1, "变焦": 1, "前置": 1, "2400万": 1, "Pro版": 1, "配置": 1, "……": 4, "恐怖": 1, "疯传": 1, "出入": 1, "团结": 1, "力量": 1, "一家人": 1, "#林": 1, "后悔": 1, "华": 1, "L红星竹雨": 1, "TA": 1, "晚安": 1, "古人": 1, "讲": 4, "一阳生": 1, "大吉之日": 1, "庆冬": 1, "习俗": 2, "北方": 1, "地区": 2, "宰羊": 1, "饺子": 2, "南方": 1, "米团": 1, "汤圆": 1, "苏南人": 1, "大葱": 1, "炒豆腐": 1, "习惯": 1, "......": 1, "转评": 1, "小云": 1, "送出": 2, "耳机": 2, "收入": 1, "盒": 1, "放进": 1, "大家族": 1, "满载": 1, "预祝": 1, "达成": 1, "2018": 1, "期待": 1, "中共": 1, "认出": 1, "HUAWEI": 1, "FreeBuds2": 1, "无线": 1, "陶瓷": 1, "白": 1, "当天": 1, "公布": 1, "L华": 1, "​​​": 2, "商标": 1, "好看": 1, "瓣": 2, "仔细": 1, "琢磨": 1, "才": 2, "读": 1, "懂": 1, "一心一意": 1, "快乐": 1, "记得": 1, "千玺KDon'tTieMeDown-TFBOYS": 1, "千玺LRoseraie1128": 1, "yyqx帅yyqx": 1, "中戏": 2, "第一": 2, "可爱": 1, "qx酷yy": 1, "天猫": 1, "adidasneoyy": 1, "洗衣液yy": 1, "少年": 1, "长安": 1, "十二时辰yyqx": 1, "艳势": 1, "番": 1, "青年": 1, "沙宣": 1, "代言yyqxBottegaVeneta": 1, "亚太区": 1, "葆蝶家yy": 1, "公主": 1, "孟晚舟": 3, "演讲": 1, "未来": 1, "选择": 1, "年轻人": 1, "值得": 1, "看完": 1, "L皓伦": 1, "王": 1, "明川": 1, "民主": 1, "纷纷": 1, "官方": 1, "表态": 1, "出手": 1, "禁止": 2, "采购": 1, "中国": 5, "奇怪": 1, "国内": 2, "一点": 2, "好像": 1, "选择性": 1, "瞎": 1, "换位": 1, "思考": 1, "干": 1, "体制": 2, "内": 3, "最先": 1, "跳": 1, "公知": 1, "推墙党们": 1, "套路": 2, "大体": 1, "肯定": 1, "痛心疾首": 1, "这是": 1, "公权": 1, "压制": 1, "暴政": 1, "专制": 1, "第二": 1, "炸掉": 1, "大概": 2, "人士": 1, "多年": 2, "松散": 1, "思想": 1, "教育": 1, "管理": 1, "影响": 2, "权利": 1, "意识": 2, "膨胀": 1, "分分钟": 1, "无数": 1, "明里": 1, "暗里": 1, "反对": 3, "表现": 1, "独特": 1, "高明": 1, "第三": 1, "轮": 1, "相关": 1, "外因": 1, "从来": 1, "可怕": 1, "攘外": 1, "点名": 1, "O当": 1, "谈": 3, "忘": 3, "正义": 5, "道德": 4, "|": 1, "袁": 5, "期": 1, "老师": 1, "聊": 2, "一个": 3, "看上去": 1, "东西": 1, "实际上": 1, "原因": 1, "被捕": 1, "人才": 1, "恶法": 1, "国内法": 3, "干预": 1, "别国": 1, "早就": 1, "屡见不鲜": 1, "斗智斗勇": 1, "摸索": 1, "规避": 1, "霸道": 1, "谈论": 1, "规则": 1, "技术": 1, "唯独": 1, "关系": 1, "腾讯": 1, "L科技": 1, "哔哩": 2, "L观": 1, "工作室": 1, "评论": 2, "CCCP君": 1, "西方": 1, "道理": 3, "方式": 1, "不用": 1, "北海": 1, "迷雾": 1, "国际法": 1, "解决": 1, "搞": 4, "仲裁庭": 1, "仲裁": 1, "戳穿": 1, "贸易战": 2, "便宜": 1, "跨国": 1, "绑架": 1, "绑": 1, "抓": 1, "特务": 1, "头子": 1, "水军": 1, "都督": 1, "手段": 3, "无穷": 1, "资本主义": 1, "一肚子坏水": 1, "永远": 1, "招数": 1, "变招": 1, "放弃": 1, "失败": 1, "乐于": 1, "挫败": 1, "阴谋": 1, "昼短": 1, "夜长": 1, "智选": 3, "海雀": 3, "全景": 2, "节日": 1, "留言": 1, "表达": 1, "一句话": 1, "2018年": 1, "26日": 1, "全新": 1, "生态": 1, "#1": 1}