{"滴": 1, "梦卡": 1, "~": 2, "teamLab": 2, "触摸仲夏夜": 1, "梦": 1, "直播间": 1, "O": 1, "网页": 3, "链接": 4, "探索": 1, "夜晚": 3, "美妙": 1, "时刻": 2, "明天": 2, "nova星人": 2, "主题日": 1, "值得": 2, "期待": 3, "小伙伴们": 1, "都": 10, "安排": 1, "！": 16, "nova": 5, "夜色": 2, "自拍": 2, "大赛": 3, "苏宁": 1, "华为": 60, "超级": 1, "品日": 1, "广州": 2, "​": 15, "天啦噜": 1, "携手": 2, "打造": 1, "沉浸式": 1, "网红": 1, "登陆": 1, "绮境": 1, "乐园": 1, "喊": 1, "打卡": 1, "戳": 3, "报名O": 1, "赶快": 1, "带上": 1, "系列": 1, "手机": 19, "玩": 1, "参加": 1, "Cisco": 2, "上海": 3, "裁员": 5, "美国": 7, "网络": 3, "设备": 1, "制造商": 1, "思科": 9, "网传": 2, "赔偿": 3, "N+7": 3, "人均": 4, "100多万": 3, "网友": 4, "@": 9, "RR笑": 1, "风云": 2, "称": 6, "东银": 2, "中心": 2, "一个": 9, "部门": 4, "裁": 2, "产品": 10, "淘汰": 2, "今日": 2, "份": 1, "科技": 6, "瓜": 1, "此前": 2, "发现": 5, "代码": 5, "咨询": 2, "公司": 9, "交换机": 2, "密钥": 2, "证书": 2, "子公司": 2, "研发": 3, "对此": 2, "解释": 2, "：": 13, "测试": 3, "忘": 2, "删除": 2, "董事长": 3, "梁华": 3, "开发": 2, "系统": 6, "未雨绸缪": 2, "安卓": 5, "7月": 3, "30日": 2, "彭博": 1, "电视": 1, "访谈": 1, "政府": 3, "作出": 1, "相关": 2, "智能": 10, "操作": 2, "生态": 1, "这是": 3, "海外": 6, "市场": 4, "策略": 1, "来源": 4, "老板": 2, "联播L": 1, "联播": 1, "秒拍": 3, "视频": 9, "照亮": 2, "平凡": 2, "成功": 2, "掌声": 1, "、": 25, "笑脸": 1, "鲜花": 1, "敬佩": 1, "……": 1, "段": 3, "背后": 1, "无数": 1, "不为人知": 1, "艰辛": 1, "付出": 1, "奋斗": 1, "过程": 1, "才": 1, "闪闪": 1, "发亮": 1, "荣耀": 5, "肯定": 2, "努力": 3, "尊重": 1, "智选": 3, "OPPLE": 1, "欧普": 2, "照明": 1, "致敬": 1, "广告": 1, "L二": 1, "​​​": 1, "台风": 5, "韦帕": 1, "来袭": 1, "获取": 1, "信息": 2, "滑": 1, "主屏": 1, "助手": 1, "情景": 1, "订阅": 1, "实时": 1, "路径": 1, "卡片": 1, "高效": 1, "直达": 1, "快": 5, "关注": 1, "+": 5, "转发": 1, "8月": 2, "10日": 1, "抽": 1, "1": 2, "小可爱": 1, "送华": 1, "畅享": 1, "9plus": 1, "台": 15, "​O": 1, "抽奖": 1, "详情": 1, "一事儿": 2, "睡": 1, "刺猬": 1, "4": 2, "8": 1, "(": 5, "3": 2, "红米": 1, "vivoX27": 1, "2命苦": 1, "未能": 1, "拥有": 1, "姓名": 1, ")": 4, "vivo": 1, "最多": 2, "发": 2, "主动": 3, "第二": 3, "编": 2, "第三": 3, "客户": 3, "第四": 1, "设置": 1, "显示": 3, "型号": 1, "公众": 1, "紊乱": 1, "持续": 1, "变异": 1, "导致": 1, "不可抗力": 1, "风险": 2, "拒绝": 3, "理赔": 1, "灾难性": 1, "事故": 1, "巴金": 2, "散文": 1, "灯": 14, "「": 4, "一点": 2, "微弱": 1, "灯光": 2, "仿佛": 1, "随时": 1, "都会": 2, "黑暗": 1, "扑灭": 1, "鼓舞": 1, "走": 1, "长长": 1, "路": 1, "」": 4, "文章": 3, "反复": 1, "世界": 2, "特意": 1, "点燃": 1, "很": 6, "读": 2, "篇": 1, "那时候": 1, "刚好": 1, "触动": 1, "暖和": 1, "珍贵": 1, "字眼": 1, "文学": 1, "意象": 1, "吹灭": 1, "读书": 5, "一身": 1, "代表": 5, "光明": 1, "拨雪": 1, "寻春": 1, "烧": 1, "续昼": 1, "时间": 5, "桃李": 1, "春风": 1, "杯": 1, "酒": 1, "江湖": 1, "夜雨": 1, "希望": 1, "黑夜": 1, "黎明": 1, "漫漫": 1, "荒野": 1, "丝": 1, "人间": 1, "气": 2, "有种": 1, "情结": 1, "始终": 1, "书": 1, "点灯": 1, "翻书": 1, "伏案": 1, "书写": 1, "一整套": 1, "动作": 1, "效率": 2, "身边": 1, "陪伴": 1, "盏": 1, "足够": 1, "亮": 1, "——": 1, "贴心": 1, "写": 1, "台灯": 1, "绑定": 1, "家居": 4, "APP": 2, "款": 2, "远程": 1, "操控": 1, "开关": 1, "亮度": 1, "定时": 1, "倒计时": 1, "功能": 3, "管理": 1, "工作": 1, "华": 1, "HiLink智": 1, "生活": 1, "样子": 1, "文艺": 1, "好看": 1, "风格": 1, "百搭": 1, "安利": 1, "喜欢": 1, "朋友": 1, "～O": 1, "L华": 3, "随身": 1, "携带": 1, "电脑": 2, "负担": 1, "磁吸": 1, "键盘": 1, "M-": 1, "Penlite": 1, "触控": 1, "笔": 1, "平板": 4, "M6": 2, "键": 1, "切换": 4, "模式": 2, "解决": 2, "办公": 1, "烦恼": 1, "终端": 1, "官方": 1, "对待": 2, "美": 3, "贸易": 1, "摩擦": 2, "煽动": 1, "年轻人": 1, "情绪": 5, "面对": 1, "经贸": 1, "有人": 1, "爱国": 3, "抵制": 1, "美货": 1, "创始人": 1, "任正非": 1, "表态": 1, "狭隘": 1, "买": 6, "苹果": 5, "认同": 1, "购买": 1, "美国商": 1, "品": 1, "挂钩": 1, "现象": 1, "强国": 1, "学堂": 1, "共青团": 1, "中央": 1, "L": 1, "中国": 7, "青年报": 1, "英特尔": 3, "未": 1, "供华": 1, "断供": 1, "CEO": 4, "鲍勃•斯旺": 1, "31日": 2, "CNBC": 1, "透露": 3, "被特朗普": 1, "列入": 1, "实体": 1, "清单": 1, "季度": 4, "供应": 1, "确认": 1, "符合": 1, "法律": 1, "法规": 1, "提交": 1, "申请": 3, "销售": 5, "许可": 2, "长": 2, "用途": 1, "计算": 2, "芯片": 3, "卖": 4, "国家": 2, "O英特尔": 1, "二季度": 7, "供货": 1, "发布": 4, "头条": 2, "进击": 2, "小米": 15, "溃败": 2, "雷军": 2, "迎来": 3, "人生": 2, "艰难": 2, "一战": 2, "给出": 1, "目标": 2, "价": 2, "6.5": 1, "港元": 3, "相比": 1, "价格": 1, "折": 1, "28%": 1, "市值": 1, "1557亿": 1, "1370亿": 1, "人民币": 1, "200亿": 1, "美元": 5, "低": 2, "请": 1, "全文": 1, "O华": 1, "此刻": 1, "青岛": 1, "万象城": 1, "人山人海": 1, "面华": 1, "装修": 1, "人流": 1, "赶超": 1, "势头": 1, "。。。。。": 1, "青岛·万象": 1, "城​": 1, "5G": 7, "CPEPro": 2, "全网通": 1, "路由器": 1, "采用": 1, "7nm巴龙": 1, "5000": 1, "凌霄": 1, "双频": 1, "Wi-Fi": 1, "支持": 3, "千兆": 1, "宽带": 1, "插卡": 2, "即刻": 1, "开通": 1, "；": 5, "上网": 2, "插网线": 1, "找到": 1, "佳": 1, "摆放": 1, "位置": 1, "确保": 1, "信号": 1, "接收": 1, "引领": 1, "HiLink": 1, "时代": 1, "活力": 1, "盛夏": 1, "戴上": 1, "WatchGT": 1, "酣畅淋漓": 1, "运动": 1, "实名": 1, "举报": 1, "9": 3, "X": 2, "虚假": 2, "宣传": 2, "9X": 2, "充电": 4, "速率": 2, "竟然": 1, "稳定": 1, "11.09W": 1, "10W": 1, "这不": 1, "坑害": 1, "消费者": 1, "感觉": 1, "锁": 1, "18w": 2, "暗指": 1, "品牌": 1, "＝": 1, "12": 1, "10w＝11w": 1, "10": 2, "w≈": 1, "12w": 1, "w约": 1, "等于": 1, "数据": 5, "欧阳": 1, "秋叶": 1, "潮玩": 1, "#​": 1, "研究": 1, "机构": 1, "IDC": 1, "最新": 1, "报告": 1, "全球": 3, "出货量": 1, "排名": 1, "三星": 5, "7550万": 1, "5870万": 1, "3380万": 1, "3230万": 1, "OPPO": 1, "2950万": 1, "努": 1, "超越": 1, "问鼎": 1, "三": 2, "MIX4": 3, "无线": 2, "反向": 2, "电池": 3, "容量": 3, "XDA": 1, "会员": 1, "爆料": 1, "近期": 1, "MIUI": 1, "版本": 1, "字符串": 1, "4000": 1, "mAh": 1, "王腾": 1, "讨论": 1, "快充": 2, "回复": 1, "配备": 1, "大于": 1, "27W": 1, "有线": 1, "可能性": 1, "2019": 2, "影像": 3, "正式": 1, "截止": 1, "征稿": 1, "收获": 1, "来自于": 1, "150多": 1, "超过": 2, "50万": 1, "件": 2, "作品": 3, "接受": 1, "初审": 1, "世界级": 1, "大师": 1, "终极": 1, "评审": 1, "精彩": 1, "冠军": 1, "一同": 1, "大奖": 2, "得主": 1, "诞生": 1, "不止": 2, "O50万": 1, "投稿": 1, "!": 1, "摄影": 1, "比赛": 1, "套餐": 4, "单点": 3, "外卖": 1, "桶": 1, "玉米棒": 1, "每次": 1, "扔": 1, "健身卡": 1, "偶尔": 1, "游": 1, "泳": 1, "想要": 1, "全景": 1, "天窗": 1, "非得": 1, "配": 1, "真皮": 1, "座椅": 1, "套路": 2, "日子": 1, "束": 1, "超魔性": 1, "漫画": 1, "主人公": 1, "逃离": 1, "Tony": 1, "老师": 2, "参与": 1, "互动": 1, "上汽": 1, "MAXUSD": 1, "60一": 1, "call": 1, "不停": 1, "高低": 2, "财经": 2, "V峰会": 1, "每日": 1, "必读": 1, "周四": 1, "科": 1, "创板": 2, "公告板": 1, "/": 2, "股权": 1, "转让": 1, "概念": 2, "主板": 2, "放量": 1, "下跌": 2, "预设": 2, "止跌": 1, "反弹": 1, "观察": 5, "成交量": 1, "放大": 1, "强势": 2, "股": 1, "接力": 2, "赚钱": 1, "效应": 1, "恢复": 2, "明日": 4, "法尔胜,九": 1, "鼎": 1, "新材": 3, "非科": 1, "标杆": 2, "短期": 2, "空间板": 1, "高度": 1, "不宜": 1, "追涨": 1, "高位板": 1, "早盘": 1, "止盈": 2, "位板": 1, "科创板": 5, "低开": 1, "高走": 1, "龙头沃尔德": 1, "再度": 1, "超": 2, "预期": 2, "走强": 1, "高板": 1, "板块": 2, "重点": 1, "交控": 1, "瀚川": 1, "福光": 1, "股份": 1, "航天": 1, "宏图": 1, "铂力特": 1, "活跃": 1, "品种": 1, "集体": 1, "高潮": 1, "毕业照": 1, "逢": 1, "第一": 1, "调整": 1, "清洗": 1, "浮筹": 1, "耐心": 1, "狩猎": 1, "Ps": 1, "远离": 1, "高位": 1, "庄股": 1, "切勿": 1, "博傻": 1, "投机": 1, "O高低": 1, "条": 1, "好像": 1, "展示": 1, "瀑布屏": 1, "分辨率": 2, "FHD++": 1, "包括": 1, "蓝绿": 1, "明年": 1, "SDC": 1, "LGD": 1, "BOE": 1, "厂商": 1, "方案": 2, "21:9": 1, "遥控器": 1, "方向": 1, "步进": 1, "跟进": 1, "悬浮": 1, "窗": 1, "小部分": 1, "机型": 2, "MD": 1, "区别": 1, "干": 1, "估计": 2, "禁运": 5, "影响": 3, "销量": 8, "跌": 4, "七成": 1, "1000万": 2, "1.Counterpoint": 1, "5670五": 1, "一季度": 5, "5910万": 1, "有限": 1, ".": 3, "份额": 1, "冲到": 1, "38%": 1, "高达": 1, "3730万": 1, "比起": 1, "2990万": 1, "大幅": 1, "上涨": 1, "2920万": 1, "降": 1, "1940万": 1, "三分之一": 1, "渠道": 1, "粗略": 1, "估算": 1, "4.": 1, "5月": 1, "17日": 1, "4月": 1, "相当于": 1, "一半": 2, "假设": 2, "持平": 1, "1500万": 2, "也就是说": 1, "一个半": 1, "440万": 1, "70%": 1, "5.": 1, "禁": 1, "受益": 1, "本来": 2, "同比": 1, "8%": 1, "转为": 1, "增长": 4, "7.1%": 1, "差距": 2, "拉大": 1, "2000万": 1, "事件": 1, "缩小": 1, "500万": 1, "6": 1, "80%": 1, "冲击": 1, "cisco": 1, "传": 1, "凤凰网": 1, "报道": 1, "任RR": 1, "笑": 1, "资金": 1, "趋势": 1, "抬头": 1, "迹象": 1, "短线": 1, "余地": 1, "中线": 1, "等待": 1, "企稳": 1, "超跌": 1, "机会": 1, "连续": 1, "沃尔德": 2, "昨天": 1, "卡位": 1, "宇环": 2, "数控": 2, "晋级": 2, "龙头": 3, "节奏": 1, "后续": 2, "法尔胜": 1, "形态": 1, "跟风": 1, "九鼎": 2, "军工": 1, "股转": 1, "回踩": 1, "突破": 1, "连板": 1, "空间": 1, "缩量": 1, "华讯": 1, "方舟": 1, "小弟": 1, "股市": 1, "股票": 1, "真的": 1, "死鸟": 1, "美帝": 1, "围追": 1, "堵截": 1, "打压": 3, "上半年": 2, "营收": 3, "增长率": 2, "居然": 1, "23%": 1, "去年": 1, "20%": 1, "前年": 1, "16%": 1, "大象": 1, "依然": 1, "跑": 1, "阻碍": 1, "30%": 1, "下半年": 1, "牛": 1, "很多": 1, "运营商": 1, "友商": 1, "爱立信": 1, "11.1%": 1, "诺基亚长": 1, "4.78%": 1, "特朗普": 1, "拼命": 1, "打华": 1, "稳赢": 1, "幸灾乐祸": 1, "带路党": 1, "喊出": 1, "死": 2, "群": 1, "着急": 1, "停产": 1, "乐观": 1, "发言": 1, "忽悠": 1, "全国": 1, "至暗": 1, "突袭": 1, "封锁": 1, "倒下": 1, "反而": 1, "迸发": 1, "强大": 1, "生命力": 1, "扛住": 1, "场": 1, "前所未有": 1, "攻坚战": 1, "胜利": 2, "产业链": 1, "本质": 1, "崛起": 1, "大国": 2, "守成": 1, "之间": 1, "竞争": 2, "全方位": 1, "重中之重": 1, "汽车": 1, "航空": 1, "技术": 1, "级别": 1, "国际": 1, "一流": 1, "称雄": 1, "性能": 1, "差": 2, "软件": 1, "适配": 1, "生产力": 1, "印象": 1, "搭载": 1, "麒麟980": 1, "实力": 1, "逐个": 1, "撕下": 1, "标签": 1, "听听": 1, "潮": 1, "姜唯": 1, "上手": 1, "体验": 1, "告诉": 1, "到底": 1, "值": 1, "L锋潮": 1, "评测室": 1, "高通": 5, "取消": 2, "4G": 2, "订单": 2, "截至": 1, "6月": 1, "财年": 1, "财报": 3, "通用": 1, "会计": 1, "准则": 1, "GAAP": 1, "财季": 1, "96亿": 1, "上年": 2, "同期": 2, "56亿": 1, "73%": 1, "净利润": 1, "21亿": 1, "12亿": 1, "79%": 1, "史蒂夫·莫伦科夫": 1, "SteveMollenkopf": 1, "国内": 1, "突飞猛进": 1, "押注": 1, "业绩": 1, "展望": 1, "金融界": 1, "数说": 1, "梳理": 1, "阿里": 1, "腾讯": 1, "盈利": 1, "创利": 1, "多维度": 1, "对比": 1}