{"华为": 168, "拘前": 6, "员工": 64, "希望": 24, "道歉": 14, "离职": 25, "补偿": 15, "敲诈勒索": 13, "遭错": 3, "抓": 5, "：": 50, "李洪元": 80, "2018年": 12, "12月": 34, "16日": 2, "期间": 2, "公司": 15, "部门": 9, "主管": 4, "报案": 3, "称": 11, "深圳市": 7, "公安局": 4, "介入": 2, "刑拘": 5, "251": 26, "天后": 6, "龙岗区": 5, "人民": 6, "检察院": 14, "犯罪": 6, "事实": 16, "、": 27, "证据": 8, "符合": 2, "起诉": 24, "条件": 2, "得以": 2, "重获": 2, "自由": 6, "1日": 17, "告诉": 5, "澎湃": 7, "新闻": 10, "深圳": 6, "诉求": 7, "释放": 11, "自始至终": 3, "都": 15, "消息": 6, "坐": 3, "当面": 3, "好好": 3, "沟通": 14, "官方": 6, "客服": 2, "工作": 6, "人员": 7, "相关": 6, "信息": 2, "核实": 2, "进一步": 2, "告知": 2, "网络": 3, "舆情": 2, "O离职": 1, "不止": 2, "赔偿": 10, "羁押": 18, "90": 5, "财经": 2, "女": 1, "记者": 5, "部落": 1, "报道": 5, "4月": 2, "无线": 2, "地区": 2, "梦": 7, "所属": 2, "北非": 4, "HRBP": 2, "纪某": 2, "畅": 2, "HR": 5, "董佳": 2, "同意": 4, "N": 5, "方式": 3, "解除": 2, "劳动": 2, "合同": 3, "30日": 4, "泰国": 2, "游玩": 2, "分局": 2, "经侦": 2, "支队": 2, "第八": 2, "大队": 2, "2019年": 2, "3月": 2, "29日": 2, "此前": 3, "包括": 20, "在内": 2, "三": 3, "同事": 2, "均": 2, "猜测": 2, "透露": 2, "1月": 2, "遣送": 2, "回国": 2, "警方": 5, "变更": 4, "逮捕": 3, "原因": 2, "O不止": 1, "加拿大": 17, "拘押": 16, "周年": 12, "孟晚舟": 30, "发": 7, "公开信": 11, "苦难": 6, "岁月": 6, "拉长": 6, "之际": 6, "心声": 6, "社区": 4, "2日": 10, "发布": 4, "封": 7, "写于": 4, "温哥华": 7, "信中": 7, "经历": 5, "恐惧": 3, "痛苦": 4, "失望": 4, "无奈": 4, "煎熬": 3, "挣扎": 3, "学会": 3, "坚强": 4, "承受": 3, "从容": 3, "面对": 4, "不畏": 3, "未知": 3, "感谢": 3, "温暖": 11, "鼓励": 4, "亲爱": 3, "照亮": 7, "前行": 7, "灯塔": 7, "！": 3, "机场": 3, "至今": 3, "未": 4, "O": 3, "索要": 2, "拘留": 6, "事件": 19, "看法": 1, "回应": 29, "声明": 3, "懂": 1, "这位": 2, "可不可以": 1, "诬告": 2, "负责人": 1, "​": 3, "华春莹": 2, "正义": 2, "女士": 5, "回家": 3, "外交部": 3, "发言人": 3, "办公室": 2, "例行": 1, "记者会": 1, "发生": 2, "请问": 1, "中方": 3, "对此": 4, "评论": 1, "去年": 1, "中国": 7, "公民": 5, "副董事长": 1, "美方": 1, "无理": 3, "迄今": 1, "整年": 1, "立场": 2, "一贯": 1, "美": 1, "国": 1, "滥用": 1, "双边": 1, "引渡": 1, "条约": 1, "任意": 1, "强制": 1, "措施": 1, "侵犯": 2, "合法": 2, "权益": 26, "这是": 1, "政治": 1, "政府": 1, "维护": 16, "企业": 6, "正当": 1, "决心": 1, "坚定不移": 1, "再次": 1, "敦促": 1, "加方": 1, "对待": 10, "严正": 1, "关切": 1, "切实": 1, "举措": 1, "纠正": 1, "错误": 2, "及早": 1, "确保": 1, "早日": 2, "平安": 2, "回到": 1, "祖国": 1, "顺便": 1, "上午": 3, "写": 4, "亲笔信": 1, "题目": 1, "感动": 1, "名": 4, "扣押": 1, "无辜": 1, "年幼": 1, "孩子": 1, "母亲": 1, "年迈": 1, "父母": 1, "女儿": 1, "优雅": 1, "感到": 1, "敬佩": 1, "衷心": 1, "祝愿": 1, "外交": 1, "相约": 1, "蓝厅": 1, "L": 2, "视频": 4, "支持": 22, "法律": 31, "武器": 20, "维权": 6, "作出": 4, "权利": 12, "义务": 12, "基于": 8, "涉嫌": 13, "违法": 12, "司法": 16, "机关": 16, "举报": 16, "尊重": 7, "公安": 8, "法院": 7, "损害": 9, "体现": 9, "面前": 7, "人人": 7, "平等": 7, "法治": 7, "精神": 7, "央视": 4, "O华": 6, "笔": 3, "30万": 6, "元": 4, "赔偿款": 4, "无罪": 1, "@": 2, "时间": 4, "秒拍": 1, "他用": 1, "赔偿金": 2, "投诉": 1, "人身": 1, "今日": 1, "晚": 3, "从前": 1, "很快": 1, "日程": 1, "排": 1, "满满": 1, "很": 4, "光阴": 1, "慢慢": 1, "指尖": 1, "滑": 1, "；": 2, "陪伴": 1, "心间": 1, "对话": 2, "并非": 8, "主动": 7, "曝光": 8, "反成": 2, "敲诈勒索金": 2, "持续": 2, "发酵": 2, "下午": 1, "接受": 3, "采访": 7, "还原": 1, "当天": 1, "舆论": 5, "中心": 1, "过程": 2, "所在": 1, "业务": 1, "造假": 2, "早就": 1, "资金": 2, "占用": 2, "仓储": 1, "存货": 1, "承担": 1, "巨额": 1, "损失": 1, "出于": 1, "感情": 1, "想要": 1, "遏制": 1, "股": 1, "歪风": 1, "才": 5, "讲述": 1, "之间": 2, "被捕": 1, "关押": 1, "亲自": 1, "老人家": 1, "30": 1, "分钟": 1, "O对话": 2, "专访": 1, "矛盾": 1, "由来已久": 1, "资讯": 1, "蓝鲸": 1, "平台": 1, "8月": 2, "拿到": 5, "国家": 3, "上周三": 2, "网上": 2, "刑事": 3, "决定书": 5, "上周": 2, "文件": 2, "挺": 2, "开心": 2, "份": 3, "分享": 2, "维权群": 2, "期望": 2, "有人": 2, "帮忙": 2, "发到": 4, "内网": 2, "恢复": 2, "名誉": 2, "外面": 2, "着急": 2, "刘杰": 2, "语音": 1, "算法": 1, "专家": 1, "TECH4ALL": 1, "云语": 1, "音语义": 1, "创新": 1, "实验室": 1, "团队": 1, "合作": 2, "建立": 1, "人工": 1, "智能": 1, "探测": 1, "模型": 2, "实时": 1, "分析": 1, "蜘蛛": 1, "猴": 1, "雨林": 1, "声音": 1, "数据": 2, "为止": 1, "世界": 1, "10": 1, "利用": 1, "最新": 1, "先进": 1, "技术": 1, "保护": 1, "地球": 1, "生态": 1, "平衡": 1, "目标": 1, "O网页": 1, "链接": 1, "L华": 1, "事情": 7, "第一": 1, "这家": 2, "慈善": 1, "大方": 1, "补偿金": 1, "打压": 1, "一个": 4, "第二": 1, "高薪": 1, "闻名": 1, "入职": 1, "底薪": 1, "9000": 1, "12年": 2, "24": 2, "薪水": 1, "平均": 1, "13,000": 1, "第三": 1, "3月份": 1, "钱": 5, "12月份": 1, "第四": 1, "8": 1, "工号": 2, "第五": 1, "从来": 2, "n+1": 1, "2n": 2, "谈": 2, "十几": 1, "想": 1, "解决": 2, "内部": 2, "N+1": 1, "自动": 1, "申请": 2, "当事人": 7, "领导": 5, "肯定": 1, "太": 3, "有没有": 1, "要挟": 2, "可想而知": 1, "障碍": 1, "五": 1, "好说": 1, "八": 1, "送": 1, "走": 1, "大哥": 1, "私下": 1, "多元化": 2, "激励": 2, "付": 1, "这笔": 1, "资金会": 1, "账": 2, "类似": 1, "团建": 1, "费用": 1, "件": 3, "暂时": 1, "内审": 1, "查": 1, "自然": 4, "实话实说": 1, "几十万": 1, "报警": 2, "程序": 1, "当下": 1, "录音": 1, "证明": 1, "敲诈": 1, "反馈": 1, "误解": 1, "调查": 2, "理解": 2, "受益": 1, "任正非": 4, "喝茶": 1, "升职": 1, "加薪": 1, "高层": 1, "谈判": 1, "创业": 1, "爆料": 1, "大V": 3, "话语": 1, "处处": 1, "做事": 1, "奇怪": 1, "事实上": 1, "真实": 1, "可知": 1, "知乎": 1, "日后": 1, "公布": 1, "细节": 1, "一点": 1, "带": 1, "很多": 1, "节奏": 1, "确实": 1, "有意思": 1, "想赖": 1, "一手遮天": 1, "涉及": 2, "公诉": 1, "干涉": 1, "听": 3, "全国": 3, "围绕": 1, "遭遇": 2, "做出": 1, "正式": 1, "#O": 1, "案件": 3, "退侦": 2, "罪名": 3, "公关": 2, "暂": 1, "答复": 2, "眼前": 1, "座": 2, "大山": 2, "翻": 1, "2005年": 1, "旗下": 1, "子公司": 1, "初": 1, "第7": 1, "到期": 1, "续约": 1, "商谈": 1, "标准": 1, "金额": 1, "38万": 1, "9": 1, "最终": 1, "职务": 1, "侵占": 1, "商业": 1, "秘密": 1, "文书": 3, "辩护": 1, "律师": 3, "源于": 1, "控告": 2, "何某": 1, "东": 1, "无关": 2, "清晰": 1, "真相": 1, "针对": 1, "电龙": 1, "岗区": 1, "公开": 4, "落款": 1, "单位": 1, "代表": 1, "说法": 1, "都会": 1, "隐去": 1, "姓名": 1, "全文": 1, "环球网": 1, "看待": 2, "数据化": 1, "管理": 1, "微调查": 1, "马上": 1, "评丨": 2, "离职员工": 3, "近日": 3, "关注": 2, "焦点": 1, "曾几何时": 1, "狼性": 1, "996": 1, "单向度": 1, "推崇": 1, "效率": 2, "文化": 1, "彪悍": 1, "解释": 1, "独尊": 1, "时代": 1, "人性": 2, "维度": 1, "变得": 1, "一家": 3, "真的": 1, "有担当": 1, "云端": 1, "愿景": 1, "宏伟": 1, "抱负": 1, "一个个": 1, "活生生": 1, "残酷": 1, "公平": 2, "诚实": 1, "伙伴": 1, "消费者": 1, "表现": 1, "起码": 1, "意识": 1, "用户": 1, "才能": 1, "放心": 1, "攸关": 1, "交由": 1, "保存": 1, "O马上": 1, "网传": 1, "名义": 2, "追究": 2, "新浪": 2, "责任": 2, "发声": 1, "写给": 2, "尚未": 1, "给出": 1, "腾讯": 2, "一线": 1, "人士": 2, "开会": 1, "讨论": 1, "此事": 1, "法务": 1, "深网": 1, "接近": 1, "知情": 1, "获悉": 1, "媒体": 3, "压力": 2, "质疑": 1, "本人": 1, "买": 1, "票": 1, "回老家": 1, "休整": 1, "值得": 1, "提到": 1, "流传": 1, "内容": 1, "日报": 1, "表达": 2, "请": 1, "向前": 1, "文": 1, "读": 1, "客户端": 1}