{"投票": 3, "：": 15, "打算": 3, "手机": 50, "换成": 5, "品牌": 8, "三季度": 1, "国内": 9, "智能": 14, "市场": 31, "份额": 19, "Canalys": 6, "发布": 4, "最新": 3, "报告": 5, "中国": 23, "第三": 14, "季度": 22, "出货量": 21, "9780万": 4, "同比": 6, "收缩": 3, "3%": 4, "华为": 63, "增长": 9, "66%": 9, "占": 8, "提升": 3, "42%": 7, "​": 13, "出炉": 3, "出货": 7, "暴增": 2, "OV": 4, "小米": 9, "苹果": 24, "下滑": 6, "10月": 5, "30日": 4, "科技": 5, "调研": 1, "机构": 1, "数据": 2, "显示": 3, "大陆": 1, "2019年": 5, "环比": 1, "改善": 1, "第二": 9, "9760万": 1, "台": 2, "微弱": 1, "含": 2, "荣耀": 2, "4150万": 2, "再次": 2, "刷新": 2, "纪录": 2, "42％": 4, "年增长率": 2, "高达": 2, "66％": 2, "这是": 3, "连续": 2, "六": 3, "位数": 2, "相比之下": 1, "头部": 1, "厂商": 1, "Oppo": 1, "Vivo": 1, "进一步": 1, "受挫": 1, "合并": 1, "50％": 1, "低于": 1, "54％": 1, "2018年": 3, "64％": 1, "O": 1, "刷": 1, "#三": 2, "、": 14, "均": 4, "OPPO": 3, "vivo": 3, "位居": 2, "第五": 4, "归功": 2, "9月份": 2, "推出": 5, "iPhone11": 2, "系列": 6, "新款": 2, "机型": 3, "当季": 2, "占比": 9, "40%": 2, "明年": 8, "推": 5, "3": 6, "款": 10, "5G": 18, "O华": 3, "易": 2, "烊千玺": 2, "响指": 1, "什么的": 1, "真的": 3, "苏断": 1, "腿": 1, "米奇大哭": 1, "@": 10, "TFBOYS": 2, "易烊": 3, "千玺": 2, "nova星": 1, "L五行": 1, "缺": 1, "千i": 1, "视频": 11, "超": 1, "4成": 1, "增至": 2, "名": 2, "暴跌": 2, "澎湃": 1, "新闻": 4, "第三方": 1, "调查": 1, "公司": 12, "去年": 2, "同期": 3, "24.9%": 1, "强势": 1, "压力": 1, "排名": 2, "五": 2, "一枝独秀": 2, "拿下": 1, "增幅": 1, "四": 2, "降幅": 2, "都": 9, "超过": 2, "20%": 2, "33%": 2, "支": 1, "烟火": 1, "才能": 1, "冲破": 1, "云霄": 1, "Mate30": 5, "5G版": 4, "搭载": 2, "麒麟9905": 1, "GSoC": 1, "芯片": 5, "低": 1, "功耗": 2, "续航": 2, "11月": 3, "1日": 2, "开售": 2, "L华": 3, "—": 1, "礼炮": 1, "篇​": 1, "至少": 3, "8000万": 3, "日经": 3, "亚洲": 2, "评论": 2, "报道": 3, "夺回": 5, "全球": 13, "创新": 3, "意识": 3, "头衔": 3, "三": 6, "iPhone": 5, "配备": 3, "先进": 3, "处理器": 3, "屏幕": 3, "希望": 4, "超越": 3, "制造商": 3, "宝座": 3, "老板": 6, "联播L": 3, "联播": 3, "金灿荣": 2, "透露": 2, "买下": 1, "石墨烯": 2, "技术": 5, "称": 2, "英国": 1, "曼彻斯特": 1, "大学": 1, "老师": 2, "提出": 1, "诺贝尔": 1, "物理学": 1, "奖": 1, "实验室": 1, "百分之百": 1, "产权": 2, "买": 2, "非凡": 1, "·": 1, "破茧": 1, "腾讯": 3, "内容": 1, "开放": 1, "平台": 1, "企鹅号": 1, "角L": 1, "新京报": 1, "秒拍": 1, "当当": 1, "有礼": 1, "王": 3, "民盛": 2, "著作": 1, "崛起": 4, "深度": 2, "解读": 1, "走向": 1, "世界": 2, "路": 1, "作者": 1, "见证": 1, "参与": 1, "知识": 1, "巨人": 1, "过程": 3, "重磅": 1, "披露": 1, "任正非": 10, "管理": 2, "用人": 1, "心得": 1, "剖析": 1, "美国": 9, "打压": 1, "来龙去脉": 1, "看懂": 2, "企业": 3, "成长": 1, "！": 24, "本书": 1, "史记": 1, "微缩": 1, "工业": 1, "历程": 1, "转发": 1, "抽": 1, "赠送": 1, "精美": 1, "实体书": 1, "下单": 1, "请": 2, "O网页": 1, "链接O": 1, "抽奖": 1, "详情": 4, "想": 2, "反超": 1, "法治": 2, "速览": 1, "套餐": 2, "喜欢": 1, "①": 1, "届": 1, "国际": 1, "进口": 1, "博览会": 1, "5日": 1, "10日": 1, "上海": 1, "②": 1, "联邦": 1, "通信": 3, "委员会": 1, "中兴": 1, "国家": 1, "风险": 1, "外交部": 1, "反对": 1, "莫须有": 1, "③": 1, "港独": 1, "黄之锋": 1, "裁定": 1, "区选": 1, "提名": 1, "无效": 1, "④": 1, "首架": 1, "座": 1, "电动": 1, "飞机": 1, "试飞": 1, "成功": 1, "⑤": 1, "警察": 1, "父子": 1, "时隔": 1, "车站": 1, "相见": 1, "分钟": 2, "中央": 1, "政法委": 1, "长安剑": 1, "O5G": 1, "收费": 1, "退休": 4, "时间": 3, "政府": 2, "总裁": 1, "批准": 1, "表态": 2, "强硬": 1, "也就是说": 1, "打击": 1, "制裁": 1, "绝不": 1, "共产主义": 1, "战士": 1, "坚定": 4, "看一看": 1, "三星": 12, "电子": 3, "利润": 3, "结构": 1, "业务": 2, "多样性": 1, "含量": 1, "有过之而无不及": 1, "7成": 1, "半导体": 1, "14%": 1, "信息": 1, "9%": 1, "面板": 1, "消费": 1, "6%": 1, "图1": 1, "一个": 7, "组装": 1, "厂": 1, "产业": 1, "综合体": 1, "千万": 1, "气": 1, "巨头": 1, "引以为傲": 1, "研发": 3, "专利": 2, "优势": 1, "位列": 1, "投入": 2, "第一": 1, "持续": 1, "背景": 2, "这几年": 1, "新增": 1, "数量": 1, "仅次于": 1, "IBM": 1, "排": 1, "营收": 1, "2087亿": 1, "美元": 4, "倍": 2, "净利润": 1, "501亿": 1, "；": 1, "成长性": 1, "差": 1, "每股": 1, "净": 1, "收益": 1, "EPS": 1, "复合": 1, "年化": 1, "增速": 1, "14.4%": 1, "平均": 1, "18.7%": 1, "强大": 2, "市值": 1, "答案": 1, "2900亿": 1, "1.3万亿": 1, "零头": 1, "越南": 4, "超级": 1, "女星": 2, "正式": 1, "出任": 2, "形象": 2, "代言人": 3, "著名": 1, "ChiPu": 2, "精挑细选": 1, "终于": 1, "物色": 1, "这位": 1, "气质": 1, "佳": 1, "明星": 1, "随即": 1, "果断": 1, "签约": 1, "出生": 1, "1993年": 1, "模特": 1, "演员": 1, "社交": 1, "媒体": 1, "Facebook": 1, "拥有": 1, "800多": 1, "粉丝": 1, "人气": 1, "爆棚": 1, "接受": 2, "千玺华": 1, "nova": 1, "/": 2, "小王": 1, "子💫": 1, "玫瑰": 1, "千玺​": 1, "测试": 2, "Mate30Pro": 1, "AirPodsPro": 1, "包括": 1, "降噪": 1, "通透": 1, "模式": 1, "功能": 3, "操作": 1, "手势": 1, "耳机": 1, "安卓": 2, "兼容性": 1, "不错": 1, "有限": 1, "完美": 1, "兼容": 1, "L钟文泽": 1, "有人": 1, "偏见": 3, "错误": 1, "坏": 2, "真话": 2, "数码": 1, "博主": 1, "截图": 1, "夸华": 1, "很多": 3, "优点": 1, "放": 3, "说话": 1, "风格": 1, "夸张": 1, "原因": 2, "才": 3, "导致": 1, "错觉": 1, "大V": 1, "公正": 1, "客观": 1, "优缺点": 1, "海狗": 1, "乱": 1, "咬": 2, "很": 3, "一点": 1, "意见": 1, "！！！": 1, "喊话": 1, "特朗普": 3, "卖给": 3, "吃": 2, "仓库": 2, "烂掉": 2, "29日": 1, "心声": 1, "社区": 1, "刊发": 1, "欧洲": 1, "新闻台": 1, "采访": 1, "纪要": 1, "机会": 1, "沟通": 1, "东西": 1, "干什么": 1, "放在": 1, "长": 2, "别人": 1, "网友": 1, "总部": 1, "接待": 1, "客户": 3, "车辆": 1, "轿车": 1, "三类": 1, "奔驰": 1, "S系": 1, "奥迪": 2, "A8/A8L": 1, "A": 1, "6": 1, "中巴": 1, "考斯特": 1, "下属": 1, "惠通": 1, "服务": 3, "车队": 1, "工程部": 1, "(": 1, "简称": 1, "客工部": 1, "负责": 1, "申请": 1, "调用": 2, "总的车": 1, "辆": 1, "宝马": 1, "7系": 1, "奥迪A8L": 1, "车": 1, "专车": 1, "随时": 1, "2009年": 1, "发": 1, "邮件": 1, "代表处": 1, "子公司": 1, "一把手": 3, "迎来送往": 1, "不许": 1, "机场": 2, "接送": 1, "领导": 1, "以身作则": 1, "地方": 2, "乘车": 1, "坐": 1, "大巴": 2, "乘坐": 1, "这才": 1, "智慧": 2, "效益": 2, "创造": 1, "部门": 1, "不必": 1, "朋友": 1, "同行者": 1, "挺": 3, "李斌": 7, "兄弟": 1, "聊": 1, "真心": 2, "寇": 1, "罗马": 1, "一日": 1, "建成": 1, "阿里": 2, "经历": 2, "多多": 2, "磨难": 2, "告诉": 2, "行业": 1, "低谷": 1, "明天": 1, "征程": 1, "起点": 1, "走": 3, "曙光": 3, "期望": 1, "探索者": 2, "空间": 2, "节点": 2, "得失": 2, "结论": 2, "久而久之": 1, "都会": 1, "竞争": 1, "鼓掌": 1, "加电": 1, "『": 1, "蔚来李斌": 1, "惨": 2, "』": 1, "O蔚": 1, "弟弟": 1, "任树录": 1, "工作": 2, "身份": 1, "首席": 2, "后勤官": 1, "监事会": 1, "成员": 1, "主管": 1, "基建": 1, "树录": 1, "哥哥": 1, "一家人": 1, "家人": 1, "永远": 1, "接班人": 1, "序列": 1, "近期": 1, "关注": 1, "多屏": 1, "协同": 1, "官方": 1, "教学": 1, "学习": 1, "上手": 1, "​​​": 1, "小鹏": 3, "力挺": 3, "汽车": 1, "董事长": 1, "XP": 1, "何小鹏": 1, "李斌聊": 1, "并称": 1, "O何": 1, "光芒": 1, "遮": 1, "感谢": 1, "加持": 1, "推销员": 1, "": 1, "占豪": 1, "观点": 1, "麒麟9905G": 1, "Modem": 1, "集成": 1, "SoC": 1, "更低": 1, "持久": 1, "开启": 1, "极速": 1, "体验": 2, "自研": 1, "关键": 1, "PA": 2, "量产": 1, "依赖": 1, "指": 1, "PowerAmplifier": 1, "功率": 1, "放大器": 1, "射频": 1, "系统": 1, "用于": 1, "信号": 1, "放大": 1, "评": 1, "下手": 1, "短期": 1, "确实": 1, "负面": 1, "影响": 1, "长远": 1, "或许": 1, "因祸得福": 1, "棒": 1, "甩": 1, "好几": 1, "条": 1, "街": 1, "实事求是": 1, "领先": 1, "旗舰": 1, "重回": 1, "知情": 1, "人士": 1, "设定": 1, "销售": 1, "目标": 1, "计划": 1, "7500万-8000万": 1, "公布": 1, "情况": 1, "下降": 6, "42.4%": 1, "23%": 1, "17.9%": 1, "17.4%": 1, "9.0%": 1, "28%": 1, "5.2%": 1, "Others": 1, "31%": 1, "8.0%": 1, "~": 3, "日子": 1, "文章": 1, "太": 1, "难": 1, "乌镇": 4, "厉害": 1, "镇": 1, "前段": 1, "刚刚": 1, "互联网": 1, "大会": 1, "一年一度": 1, "戏剧节": 2, "带": 1, "戏剧": 1, "爱好者": 1, "蒙": 1, "闻讯": 1, "前来": 1, "～": 2, "首次": 1, "尝试": 1, "直播": 1, "这次": 1, "旅": 1, "拍": 1, "段": 1, "vlog": 2, "赶快": 1, "记得": 1, "留言": 1, "感受": 1, "噢": 1, "L贾若蒙": 1}