{"反击": 1, "贸易战": 4, "这几天": 1, "美": 10, "一个": 7, "动向": 1, "美国": 34, "国内": 3, "社会": 1, "精英": 2, "+": 3, "专家": 1, "学者": 1, "影响力": 1, "媒体": 2, "呼吁": 1, "结束": 1, "华": 3, "反对": 1, "加征": 2, "关税": 2, "半导体": 5, "企业": 5, "IT业": 1, "巨头": 3, "出面": 1, "力挺": 1, "华为": 101, "劝说": 1, "政府": 5, "放松": 1, "管制": 1, "业务": 2, "往来": 2, "暂停": 1, "WTO": 1, "知识": 2, "产权": 2, "诉讼": 1, "局座": 1, "召忠": 1, "WX": 1, "公众号": 1, "发表": 1, "篇": 1, "评论": 2, "文章": 1, "：": 10, "600": 1, "美企": 1, "上书": 1, "特朗普": 4, "劝": 1, "中国": 11, "受不了": 1, "！": 12, "贸易": 4, "摩擦": 8, "总统": 1, "任内": 1, "时有": 1, "发生": 3, "启动": 24, "301": 1, "调查": 2, "都": 6, "老": 1, "把戏": 1, "记得": 1, "国": 2, "关系": 1, "紧张": 1, "总会": 1, "组织": 1, "游说": 1, "国会": 1, "最终": 1, "解决": 2, "冰释前嫌": 1, "重归于好": 1, "堡垒": 1, "内部": 1, "攻破": 1, "外因": 2, "变化": 3, "条件": 1, "内因": 2, "才能": 1, "很": 2, "希望": 1, "有识之士": 1, "规劝": 1, "悬崖勒马": 1, "改邪归正": 1, "重回": 1, "冲突": 1, "对抗": 1, "相互": 1, "尊重": 1, "合作": 1, "共赢": 1, "轨道": 1, "～": 1, "助力": 9, "西班牙": 48, "15": 19, "城市": 18, "商用": 26, "5G": 40, "网络": 35, "电信": 10, "运营商": 12, "沃达丰": 12, "设备": 19, "供应商": 10, "当地": 7, "用户": 15, "期待": 7, "产品": 9, "质量": 9, "过硬": 9, "经贸": 5, "升级": 5, "打压": 12, "此举": 6, "不满": 6, "经济学家": 6, "搬起": 6, "石头": 6, "砸": 6, "脚": 6, "L": 10, "央视": 12, "新闻": 12, "秒拍": 10, "视频": 14, "今日": 3, "英国": 5, "跨国": 2, "公司": 15, "(": 2, "Vodafone": 2, ")": 2, "15日": 3, "市场": 3, "第一": 4, "提供": 2, "法国": 2, "广播": 2, "14日": 4, "报道": 4, "称": 11, "首席": 3, "执行官": 2, "尼克雷德": 2, "公开": 2, "支持": 2, "瑞士": 2, "、": 14, "开通": 2, "欧洲": 2, "国家": 4, "O西班牙": 1, "点亮": 1, "nova": 1, "创意": 1, "涂鸦": 1, "武汉": 3, "拥有": 1, "姓名": 1, "nova5": 1, "系列": 3, "新品": 1, "发布会": 1, "6月": 2, "21日": 1, "转评": 1, "提到": 1, "最先": 1, "想到": 1, "____": 1, "​": 11, "替代": 3, "安卓": 4, "外媒": 3, "技术": 4, "有限公司": 1, "高管": 3, "13日": 3, "鸿蒙": 2, "操作": 1, "系统": 5, "发布": 7, "取代": 1, "威廉森": 1, "墨西哥城": 1, "想": 3, "留在": 1, "大家庭": 1, "当中": 1, "测试": 1, "O": 1, "托班": 1, "毕业": 2, "奥斯卡": 1, "迎来": 1, "人生": 1, "典礼": 1, "父亲": 1, "哭": 1, "泪眼朦胧": 1, "照片": 1, "朦胧": 1, "抓紧": 1, "时间": 1, "P30": 1, "优秀": 1, "爱": 1, "吾": 1, "儿​": 1, "图解": 1, "手机": 6, "土味": 3, "营销": 4, "招": 2, "打败": 2, "友商": 2, "上半年": 1, "国产": 1, "品牌": 2, "小米": 1, "oppo": 1, "vivo": 1, "不少": 2, "机型": 1, "统计": 1, "40多": 1, "新机": 1, "少不了": 1, "背后": 2, "造势": 1, "早年": 1, "一句话": 1, "流行": 1, "广告": 1, "疗效": 1, "如今": 1, "看上": 1, "一会": 1, "O图解": 1, "全球": 4, "著名": 1, "近日": 1, "包括": 1, "马德里": 1, "巴塞罗那": 1, "此次": 2, "核心": 1, "@": 6, "城": 2, "O华": 1, "开启": 3, "韩国": 2, "记者": 2, "测评": 3, "东亚": 1, "日报": 1, "12日": 1, "LG": 1, "三星": 1, "款": 1, "首尔多": 1, "人口": 1, "密集": 1, "场所": 1, "三大": 2, "通信": 3, "服务商": 2, "显示": 1, "LGU+": 3, "服务": 1, "最为": 1, "稳定": 1, "唯一": 1, "构建": 2, "声音": 1, "建设": 2, "首都圈": 1, "总部": 1, "灯火": 1, "通明": 1, "一万": 1, "三": 1, "班": 1, "倒": 1, "全力以赴": 1, "搞": 1, "生态": 1, "L但斌": 1, "5g": 3, "示范": 1, "部署": 2, "时序": 1, "江西": 1, "感#": 1, "肉测": 1, "接受": 2, "议会": 1, "质询": 1, "日子": 1, "Verizon": 1, "支付": 1, "10亿": 1, "美元": 8, "专利费": 1, "消息": 2, "曝光": 1, "共和党": 1, "参议员": 1, "马可·卢比奥": 1, "MarcoRubio": 1, "推特": 1, "转载": 1, "专利": 5, "流氓": 2, "毫无": 1, "代价": 2, "高昂": 1, "索赔": 1, "报复": 1, "攻击": 1, "中国人": 2, "盗窃": 1, "；": 1, "啧啧啧": 1, "双标": 1, "玩儿": 1, "真溜": 1, "拒绝": 3, "上市": 5, "一家": 3, "科技": 4, "资本": 4, "禀性": 2, "任正非": 3, "警惕": 2, "答案": 2, "震惊": 3, "当今": 1, "忌恨": 1, "国人": 1, "骄傲": 1, "——": 2, "确保": 1, "远大": 1, "理想": 1, "短期": 1, "利益": 1, "诉求": 1, "干扰": 1, "力量": 1, "过度": 1, "介入": 1, "积累": 1, "发展": 1, "占据": 1, "领先": 2, "地位": 2, "异数": 1, "成功": 1, "路": 1, "不禁": 1, "陷入": 1, "遐想": 1, "联想": 1, "早早": 1, "O假如": 1, "易": 1, "烊千": 1, "玺": 1, "千玺": 1, "nova星": 1, "Nova5": 1, "宣传": 1, "片🎬": 1, "||": 1, "壁纸": 1, "截修": 1, "💕": 1, "世间": 1, "少年": 2, "当如": 1, "❤️": 1, "TFBOYS": 1, "易烊": 1, "千玺​": 1, "销售额": 2, "预期": 2, "20亿": 1, "博通": 10, "禁令": 4, "影响": 5, "苹果": 1, "芯片": 6, "制造商": 1, "份": 1, "制造业": 1, "预测": 1, "报告": 3, "警告": 1, "需求": 2, "下滑": 2, "5月": 2, "针对": 3, "侵蚀": 1, "行业": 1, "商业": 2, "信心": 1, "前一天": 1, "公布": 1, "截至": 1, "5日": 1, "2019": 2, "财年": 3, "第二": 1, "季度": 1, "财务": 1, "业绩": 1, "净收入": 1, "55.17亿": 1, "持续": 2, "经营": 1, "净利润": 1, "6.91亿": 1, "同比": 1, "下降": 1, "81%": 1, "下调": 1, "收入": 1, "245亿": 1, "减少": 1, "225亿": 1, "当天": 1, "总裁": 1, "分析师": 1, "电话": 1, "会议": 1, "指出": 2, "9亿": 1, "占": 1, "营收": 4, "4.3%": 1, "供应链": 1, "买家": 1, "股票": 1, "股价": 1, "纽约": 1, "早盘": 1, "交易": 1, "下跌": 1, "10%": 1, "市值": 1, "蒸发": 1, "超过": 1, "110亿": 1, "美股": 2, "板块": 1, "承压": 1, "周五": 1, "小幅": 1, "收跌": 1, "股": 1, "集体": 1, "下挫": 1, "领跌": 1, "事件": 1, "做出": 1, "量化": 1, "预估": 1, "大型": 1, "厂商": 1, "路透社": 1, "分析": 1, "引发": 1, "连锁": 1, "占比": 1, "产业链": 1, "远远": 1, "损失": 1, "财经": 1, "酷燃": 1, "选择": 1, "不凡": 1, "精进": 1, "学": 1, "课程": 1, "任意": 1, "云微": 1, "认证": 1, "送": 1, "荣耀": 1, "手环": 1, "O网页": 1, "链接": 1, "L华": 2, "这位": 1, "专业": 1, "怼": 1, "美媒": 1, "这次": 1, "怼特朗普": 1, "钟爱": 1, "福克斯": 2, "11日": 1, "联邦": 1, "检察官": 1, "国土": 1, "安全部": 1, "员工": 1, "现华": 1, "安全官": 1, "安迪•珀迪": 1, "频道": 1, "采访": 1, "威胁": 1, "后门": 1, "更换": 1, "给出": 1, "有理": 1, "回应": 1, "珀迪": 1, "很多": 1, "同盟": 1, "抵抗": 1, "不仅仅": 1, "钱": 1, "在于": 1, "发现": 1, "就此": 1, "乐意": 1, "安排": 1, "人才": 1, "平均": 1, "月薪": 1, "14110": 1, "元": 1, "微丢L": 1, "微丢": 1, "服务员": 1, "介绍": 1, "性价比": 1, "10000": 1, "才": 2, "4000多": 1, "坑": 1, "黑色": 1, "黄金": 1, "煤": 1, "工业": 1, "生产": 2, "资源": 1, "长期": 1, "开采": 1, "过程": 1, "充满": 1, "预知": 1, "危险": 1, "智": 1, "联手": 1, "打造": 1, "煤矿": 5, "大脑": 2, "方案": 1, "陆续": 1, "山西省": 1, "展开": 1, "端": 1, "一体化": 1, "方式": 1, "态势": 1, "感知": 1, "信息": 1, "共享": 1, "体系化": 1, "协同": 1, "平台": 1, "守护": 1, "O有AI": 1, "平安": 1, "随行": 1, "分享": 1, "BBC": 2, "纪录片": 2, "创始人": 1, "男人": 1, "废": 1, "九牛二虎之力围": 1, "堵华": 1, "不惜": 1, "自残": 1, "手段": 1, "依然": 1, "阻止": 1, "布局": 2, "处于": 1, "糟心": 1, "刚刚": 1, "着手": 1, "研发": 1, "6G": 2, "预计": 1, "2030年": 1, "时代": 2, "难以": 1, "撼动": 1, "围堵": 1, "恐怕": 1, "追赶": 1, "困难": 1, "失策": 1, "血性": 1, "激发": 1, "这是": 1, "凌晨": 1, "一点": 1, "灭灯": 1, "办公室": 1, "搞笑": 1, "阴阳师": 1, "音乐剧": 1, "太": 1, "惊喜": 1, "剧情": 1, "串联": 1, "场景": 1, "变幻": 1, "画": 1, "演员们": 1, "吃": 1, "可爱": 1, "长大": 1, "通道": 1, "座位": 1, "福利": 1, "划掉": 1, "反正": 1, "血槽": 1, "空": 1, "…": 2, "环节": 1, "观众": 1, "拍照": 1, "……": 1, "要华": 1, "30": 1, "弟弟": 1, "请问": 1, "为啥": 1, "标志": 1, "骗": 1, "拍死": 1, "L笑": 1, "拔": 1, "胸毛": 1}