{"日本": 8, "拆解": 4, "华为": 61, "最新": 3, "手机": 32, "：": 16, "美": 5, "制造商": 7, "零件": 25, "占比": 19, "16.3%": 4, "经济": 3, "新闻": 3, "6月": 4, "27日": 3, "发表": 3, "篇": 4, "名为": 3, "解剖": 3, "P30Pro": 12, "报道": 5, "称": 6, "公司": 7, "智能": 4, "全球": 6, "销量": 4, "排名": 5, "第二": 5, "机型": 5, "当中": 6, "美国": 21, "15": 6, "总价值": 14, "59.36": 3, "美元": 14, "占": 4, "总价": 3, "比例": 3, "；": 14, "中国": 15, "大陆": 4, "80": 4, "138.61": 4, "38.1%": 4, "869": 3, "83.71": 3, "23.0%": 3, "O日媒": 4, "价值": 1, "16%": 6, "不经意": 1, "抬头": 1, "都": 12, "收获": 1, "意外": 1, "喜": 1, "天空": 5, "颜色": 6, "心情": 2, "夏天": 1, "P30": 3, "拍下": 1, "忘": 1, "评论区": 1, "活动": 1, "详情": 1, "！": 10, "​": 16, "报姐": 1, "带": 1, "爱拍": 1, "拍拍": 1, "仙女们": 1, "种草": 1, "nova5": 6, "Pro": 5, "高级": 2, "外形": 2, "活泼": 1, "绚丽": 1, "人群": 1, "眼睛": 1, "亮": 1, "人像": 4, "超级": 2, "夜景": 5, "自拍": 1, "功能": 6, "深得人心": 1, "随手": 1, "定格": 2, "闪耀": 1, "拍": 1, "时尚": 2, "大片": 1, "神仙": 2, "颜值": 2, "漂亮": 1, "外观": 3, "真的": 5, "戳到": 1, "～": 1, "强大": 2, "拍照": 5, "清晰": 2, "美艳": 1, "时尚圈": 1, "够用": 1, "～​": 1, "网友": 1, "10": 1, "天后": 1, "电池": 1, "爆炸": 1, "［": 1, "骄傲月": 2, "挂彩": 1, "虹撑": 1, "同志": 3, "］": 1, "30日": 1, "意大利": 1, "官方": 3, "Instagram": 1, "账号": 1, "发布": 3, "六": 1, "款": 5, "配色": 1, "拼": 2, "「": 2, "彩虹旗": 1, "」": 2, "画面": 1, "配文": 1, "loveislove": 1, "支持": 2, "群体": 2, "截止": 1, "4000": 1, "条": 2, "点赞": 1, "消息": 1, "这是": 1, "亮出": 1, "撑": 1, "立场": 1, "国产": 1, "品牌": 1, "魅族": 1, "日媒": 8, "新款": 4, "拆": 4, "价格": 4, "计": 3, "依据": 2, "统计": 2, "零部件": 2, "成本": 2, "数据": 3, "台": 2, ";": 4, "台湾": 2, "地区": 2, "83": 2, "28.85": 2, "7.9%": 2, "韩国": 3, "562": 2, "28": 2, "7.7%": 2, "全文": 1, "发现": 4, "惊人": 1, "环球": 1, "时报": 1, "拆华": 1, "文章": 2, "列出": 1, "来源": 1, "中外": 1, "企业": 3, "列表": 1, "显示": 1, "京东方": 1, "科技": 6, "集团": 2, "、": 11, "海思": 1, "半导体": 1, "占据": 1, "前10": 1, "名": 1, "第1": 1, "第3": 1, "美光": 1, "Skyworks": 1, "位列": 3, "第2": 1, "第9": 1, "三星": 1, "电子": 1, "第4": 1, "索尼": 1, "第6": 1, "刷": 2, "月薪": 2, "五万": 3, "养": 3, "一个": 8, "孩子": 12, "感觉": 1, "很": 5, "绝大多数": 2, "智力": 1, "赚": 2, "日子": 1, "心态": 1, "教育": 6, "触动": 1, "民众": 1, "心中": 2, "公平": 6, "错觉": 1, "话题": 1, "写": 1, "有钱人": 1, "方式": 1, "任正非": 4, "刚": 1, "创立": 1, "钱": 6, "女儿": 12, "上心": 1, "留学": 1, "英语": 4, "等到": 2, "读书": 2, "简单": 1, "从小": 4, "请": 4, "母语": 2, "陪读": 2, "锻炼": 1, "口语": 2, "地方": 1, "高考": 3, "花钱": 1, "母语者": 1, "花费": 1, "可想而知": 1, "低": 1, "隔断": 1, "时间": 4, "评论": 1, "排": 1, "第一": 3, "体制": 1, "设计": 3, "录取": 1, "标准": 1, "莫名其妙": 1, "想想": 1, "明白": 1, "活": 1, "幻觉": 1, "接受": 2, "同等": 1, "分出": 1, "等级": 2, "清华": 1, "北大": 1, "985": 1, "211": 1, "参加": 1, "考试": 1, "道理": 1, "普通人": 1, "读": 4, "书": 1, "社会": 5, "找": 1, "份": 1, "工作": 2, "养家糊口": 1, "地位": 2, "爹妈": 2, "位置": 4, "痛苦": 1, "定位": 5, "失准": 1, "二十万": 2, "送": 2, "学费": 1, "学校": 2, "十万": 2, "有钱": 1, "买": 8, "学区房": 1, "公立": 1, "没钱": 2, "兜底": 1, "老师": 1, "补补": 1, "课": 1, "难": 1, "身边": 1, "有人": 2, "义务": 1, "失学": 1, "户口": 1, "本地": 1, "幼儿园": 1, "讲": 1, "刻薄点": 1, "分不清楚": 1, "别人家": 1, "37800": 1, "夏令营": 1, "根源": 1, "父母": 3, "房子": 1, "大小": 1, "成长": 1, "大流": 1, "私教": 1, "辅导": 1, "本科": 1, "哈佛": 1, "站": 1, "起跑线": 2, "养育": 1, "过程": 3, "认清": 1, "真实": 1, "爱": 2, "子女": 1, "想": 1, "计算": 2, "深远": 2, "到底": 3, "能力": 1, "头条": 1, "硬碰硬": 2, "比拼": 2, "内力": 2, "后退": 3, "测出": 2, "实力": 3, "上限": 2, "|": 2, "袁": 2, "岚峰": 2, "政府": 2, "恨不得": 1, "往死": 1, "掐": 1, "压上": 1, "国家": 7, "信用": 1, "打击": 1, "一家": 1, "懂": 1, "供货": 1, "国际": 1, "政治": 1, "参与者": 1, "都会": 1, "评估": 1, "做出": 1, "正面": 1, "逼迫": 1, "袁人": 1, "公开": 1, "课#O": 1, "男朋友": 1, "好看": 1, "急": 1, "轻松": 1, "解决": 1, "小姐姐们": 1, "烦恼": 1, "专业级": 1, "水准": 1, "专治": 1, "直男": 1, "男友": 1, "自救": 1, "神器": 1, "值得": 1, "拥有": 1, "~​": 1, "近日": 2, "感谢": 1, "媒体": 1, "HUAWEInova5Pro": 1, "认可": 1, "系列": 7, "年轻": 1, "产品": 1, "色彩": 1, "大胆": 1, "研发": 1, "匹配": 1, "年轻人": 1, "诉求": 1, "希望": 1, "nova星": 1, "喜欢": 1, "实拍": 4, "5G": 17, "基站": 7, "长": 2, "很多": 4, "Real5G": 3, "订单": 2, "拿到": 3, "最多": 2, "西班牙": 2, "英国": 2, "欧洲": 8, "体积": 2, "相比4G": 2, "缩小": 2, "行李箱": 2, "安装": 2, "部署": 3, "采用": 3, "新型": 3, "液冷": 2, "散热": 2, "技术": 3, "功耗": 2, "优势": 2, "～L": 2, "老板": 2, "联播": 3, "秒拍": 4, "视频": 6, "影像": 2, "不止": 1, "分享": 1, "支": 1, "2019": 1, "大赛": 1, "参赛者": 1, "精选": 1, "投稿": 3, "作品": 2, "合集": 1, "镜头": 1, "诠释": 1, "生活": 2, "感悟": 1, "美好": 3, "瞬间": 1, "感动": 1, "长存": 1, "心底": 1, "距": 1, "截稿": 1, "7月": 2, "31日": 1, "期待": 1, "通道": 1, "→O": 1, "网页": 1, "链接": 1, "L华": 2, "荣耀": 4, "李": 2, "汶翰": 2, "莫斯奇": 1, "诺联": 1, "名款": 1, "多年": 1, "ios": 1, "选择": 1, "换回": 1, "10点08": 1, "准时": 1, "开抢": 1, "出色": 1, "一流": 1, "性能": 2, "同款": 1, "@": 3, "荣耀honor": 1, "​​​": 1, "颜控": 1, "这次": 1, "不得不": 1, "圈粉": 1, "哈哈哈": 1, "手": 1, "欣赏": 1, "感受": 1, "硬核": 1, "内在": 1, "逆光": 1, "在线": 1, "满分": 1, "!": 1, "(": 1, "CNMO": 1, ")": 1, "宁静": 1, "清晨": 1, "浪漫": 1, "星空": 1, "犹如": 1, "百变": 1, "精灵": 1, "清澈": 1, "温柔": 1, "洁净": 1, "明亮": 1, "烂漫": 1, "火艳": 1, "......": 1, "时刻": 1, "韵味": 1, "45": 1, "度": 1, "角": 1, "仰望": 1, "此刻": 1, "重庆": 4, "城市": 6, "通卡": 2, "联合": 2, "推出": 3, "公交卡": 2, "3日": 1, "正式": 1, "上线": 1, "乘客": 1, "NFC": 1, "开通": 1, "Huawe": 1, "iPay": 1, "畅通卡": 2, "乘坐": 1, "公交": 1, "地铁": 7, "交通": 1, "工具": 1, "乘车": 1, "进出站": 1, "享受": 1, "实体": 1, "各项": 1, "优惠": 1, "早前": 1, "小米": 1, "MiPay": 1, "P30ProVS.OPPO": 1, "REON10": 1, "倍": 1, "变焦": 1, "版​": 1, "制裁": 2, "延迟": 2, "路透社": 1, "瑞典": 1, "电信": 1, "Tele2": 2, "CEO": 1, "Anders": 1, "Nilsson": 1, "各国": 1, "审查": 1, "设备": 2, "影响": 2, "服务": 5, "速度": 2, "放缓": 1, "投资": 1, "暂": 1, "计划": 1, "停止": 1, "销售": 1, "越来越": 1, "识破": 1, "川普": 1, "一己": 1, "私利": 1, "确保": 1, "利益": 1, "招行": 1, "不通": 1, "发展": 1, "Tech4All": 1, "深圳": 5, "携手": 1, "联通": 2, "合作": 1, "伙伴": 1, "网络": 1, "接入": 1, "Wi-Fi6": 4, "全国": 2, "车站": 3, "——": 1, "福田": 3, "枢纽": 1, "智慧": 5, "增加": 1, "亮点": 1, "建设": 1, "带来": 1, "创新": 1, "模式": 1, "市民": 4, "O": 1, "主板": 1, "小时": 1, "成交量": 1, "早盘": 2, "军工": 2, "+": 4, "概念": 2, "/": 1, "OLED": 1, "能源": 1, "汽车": 1, "略": 1, "皮皮": 1, "新仓OLED": 1, "核心": 1, "品种": 1, "汰弱留强": 1, "龙头": 1, "在手": 1, "不方": 1, "美图": 1, "。。。。。": 1, "美的": 1, "风景": 2, "路上": 1, "旅行": 1, "记录": 3, "夜晚": 1, "仲夏紫": 1, "珊瑚": 1, "橙": 1, "梦幻": 1, "聊聊": 1, "麒麟": 5, "810": 3, "颗": 1, "U": 1, "定义": 1, "主打": 1, "高端": 2, "强劲": 1, "7": 1, "Soc主": 2, "中端": 1, "均衡": 1, "9": 1, "打旗舰": 1, "极致": 1, "消费者": 1, "业务": 1, "产品线": 1, "总裁": 1, "何刚": 1, "麒麟810": 2, "芯片": 1, "未来": 1, "持续": 2, "两三千": 1, "档位": 1, "首款": 2, "Nova58": 1, "128GB": 1, "售价": 1, "2799": 1, "元": 1, "价位": 1, "...": 1, "定价": 1, "关系": 1, "吐槽": 1, "入职": 1, "培训": 1, "安排": 1, "残酷": 1, "工资": 1, "互联": 1, "终端": 1, "穿梭": 1, "信息": 1, "神经": 1, "末梢": 1, "龙岗": 5, "城区": 1, "IOC": 1, "数字": 2, "平台": 1, "实时": 1, "掌控": 1, "运行": 1, "状态": 1, "保障": 1, "出行": 1, "政务": 1, "一窗式": 1, "时代": 1, "转型": 2, "不畏": 2, "拥抱": 1, "变化": 1, "幸福": 1, "观看": 1, "电影": 1, "模样": 1, "同益": 1, "股份": 1, "上周": 1, "板": 2, "跑": 1, "3": 1, "秒": 1, "看懂": 1, "厉害": 1, "进网": 1, "远程": 2, "操控": 2, "挖掘机": 2, "行业": 2, "标杆": 1, "不仅仅": 1, "MWC2019": 1, "上海": 1, "展示": 1, "入网": 1, "场景": 1, "先进": 1, "斩获": 1, "50": 1, "商业": 1, "合同": 1, "专利": 2, "27%": 1, "投入": 1, "数千": 1, "论文": 1, "L老板": 1}