{"最低": 4, "档资费": 2, "325": 4, "元": 5, "韩国": 12, "全球": 7, "推": 2, "商用": 6, "5G": 21, "市民": 2, "直呼": 2, "4月": 11, "3日": 8, "三大": 3, "运营商": 2, "SK": 4, "、": 26, "KT": 4, "LGUplus": 3, "服务": 9, "启动": 2, "仪式": 2, "5日": 3, "周五": 2, "正式": 3, "推出": 5, "EXO": 2, "成员": 2, "参加": 2, "活动": 2, "第一": 4, "落地": 2, "国家": 2, "三": 2, "公司": 16, "起步价": 2, "均": 2, "每月": 2, "55000": 2, "韩元": 2, "L新京报": 2, "视频": 7, "秒拍": 2, "华为": 53, "停止": 23, "一般性": 25, "岗位": 21, "社招": 37, "心声": 5, "社区": 5, "刊登": 5, "任正非": 24, "消费者": 5, "BG": 5, "军团": 5, "作战": 5, "誓师": 7, "大会": 6, "讲话": 9, "称": 5, "处于": 2, "战略": 2, "结构": 2, "调整期": 2, "重心": 2, "放": 2, "业务": 2, "发文": 8, "偷偷": 14, "处分": 14, "问责": 8, "部门": 9, "过度": 18, "裁员": 9, "外面": 8, "招新人": 8, "O网页": 5, "链接": 6, "求职": 2, "必知": 1, "！": 15, "找": 2, "工作": 2, "10": 3, "关键词": 1, "①": 1, "就业": 1, "推荐表": 1, "：": 20, "学校": 3, "相关": 1, "审核": 1, "盖章": 1, "推荐": 1, "材料": 1, "每人": 1, "1": 4, "份": 2, "；": 2, "②": 1, "三方": 1, "协议": 1, "毕业生": 2, "用人": 1, "单位": 1, "据此": 1, "派遣": 1, "③": 1, "报到": 1, "证": 1, "转移": 1, "档案": 1, "户口": 1, "关系": 1, "凭证": 1, "…": 1, "​​": 5, "秋招": 1, "戳图": 1, "↓↓": 1, "转给": 1, "小伙伴": 1, "​": 13, "雷军": 3, "管理": 5, "探索": 2, "阶段": 2, "手机": 15, "定价": 2, "标华": 2, "4日": 1, "下午": 2, "3时": 1, "小米": 5, "集团": 2, "董事长": 1, "清华": 1, "大学": 1, "发表": 1, "主题": 3, "演讲": 2, "互联网": 4, "传统": 1, "倍": 1, "规模": 1, "智能": 1, "语音": 1, "交互": 1, "设备": 1, "下一代": 1, "超级": 3, "入口": 1, "建": 1, "30岁": 1, "以内": 1, "年轻人": 1, "企业": 4, "快速": 1, "成长": 1, "通道": 1, "核心": 1, "优秀": 1, "强大": 3, "责任心": 1, "自我": 1, "驱动力": 1, "梦想": 1, "抱负": 1, "心甘情愿": 1, "12点": 1, "下班": 1, "不用": 2, "老板": 2, "O雷军": 1, "Beautifuldaysll": 1, "难得": 1, "咖啡店": 1, "窝": 1, "小时": 3, "强行": 1, "Relax": 1, "很": 2, "懒散": 1, "助理": 1, "顺手": 1, "咔": 1, "意外": 1, "感觉": 2, "高级": 1, "都": 2, "舒胡": 1, "大概": 1, "壳哈哈": 1, "OtterBox": 1, "壳": 1, "防摔": 1, "专属": 1, "定制": 1, ".": 1, "开春look": 1, "@": 3, "时尚": 2, "2成都·大慈寺": 1, "这是": 3, "首次": 5, "承认": 8, "O": 3, "内部": 4, "岗位社": 2, "招​": 2, "O华": 2, "招新": 1, "来源": 1, "联播": 1, "白": 2, "黑": 3, "影": 1, "WatchGT": 1, "雅致款": 1, "点赞": 1, "喜欢": 2, "中国人": 2, "向往": 3, "BAT": 2, "相差": 2, "太": 2, "排名": 2, "出乎意料": 2, "2018年": 1, "中国": 6, "职场": 1, "哪家": 1, "25": 1, "上榜": 1, "科技": 2, "超过": 2, "一半": 1, "本土": 1, "位列": 1, "前10": 1, "名": 2, "阿里巴巴": 1, "百度": 1, "头条": 1, "复星": 1, "NIO蔚": 1, "特斯拉": 1, "滴滴": 1, "亚马逊": 1, "美团": 1, "点评": 1, "参与": 2, "网络": 4, "建设": 2, "帮忙": 2, "率先": 2, "落后": 2, "美国": 4, "吃醋": 2, "通讯商": 1, "电信": 3, "原本": 1, "打算": 1, "威瑞森": 1, "Verizon": 1, "即将": 1, "抢跑": 1, "消息": 1, "晚上": 1, "11点": 1, "开通": 1, "很多": 2, "盟友": 2, "一开始": 1, "该国": 1, "难怪": 1, "媒体": 1, "打趣": 1, "拿下": 1, "首发": 2, "感谢": 1, "明星": 1, "艺人": 1, "谢": 1, "带头": 1, "喊": 1, "口号": 1, "铁军": 1, "王者之师": 1, "势不可挡": 1, "胜利": 4, "本来": 1, "条": 4, "三星": 4, "质量": 1, "维权": 1, "挺": 1, "原博": 1, "刚": 1, "买": 1, "昨天": 1, "巧": 1, "仔细": 1, "想想": 1, "派": 1, "海军": 3, "搞": 1, "特地": 1, "评论区": 2, "跳": 1, "专业": 1, "！！！": 1, "猜": 1, "恶心": 2, "事情": 1, "主页": 1, "挂": 1, "恶臭": 1, "嘴脸": 1, "一个": 4, "500": 1, "肮": 1, "脏事": 1, "易": 1, "烊千玺": 1, "易烊": 14, "千": 12, "玺": 13, "世间": 1, "少年": 2, "当如": 1, "优益": 3, "C品牌": 1, "代言人": 1, "千玺": 2, "＇": 2, "未来": 2, "未必": 1, "走": 2, "演艺圈": 1, "路": 1, "确实": 1, "震惊": 1, "被访者": 1, "开心": 1, "TFBOYS": 1, "千玺易烊": 1, "中戏": 4, "四": 1, "字": 1, "弟弟": 1, "nova": 1, "野兽派": 1, "千玺阿迪": 1, "天猫": 1, "爸爸": 1, "沙宣": 1, "BottegaVeneta易烊": 1, "千玺康": 1, "师傅": 1, "绿": 1, "茶易": 1, "烊": 1, "百草味": 1, "C易烊千": 1, "街舞": 2, "yq": 3, "x帅yyqx": 1, "可爱": 1, "yy": 6, "qx": 9, "x纪": 1, "梵希yyq": 1, "x天猫y": 1, "x华为yyqx": 1, "歌": 1, "舒适圈yy": 1, "舞蹈": 1, "短发yy": 1, "发型": 1, "Cyyqx": 1, "康师傅": 1, "绿茶yyqx": 1, "百草味yy": 1, "2K": 1, "恒温": 1, "动物K": 1, "亲爱": 1, "L": 1, "戳出": 1, "梨涡": 1, "暂停": 2, "一不小心": 1, "就说": 1, "实话": 1, "#O": 1, "转评": 2, "抽送": 1, "价值": 1, "名家": 2, "画册": 1, "×2": 1, "春日": 1, "独家": 1, "华夏": 1, "记忆": 1, "美术馆": 1, "工笔": 1, "写意": 1, "水墨油彩": 1, "传承": 1, "经典": 1, "提升": 1, "格调": 1, "传世": 1, "国宝": 1, "搬进": 1, "赋予": 1, "巨作": 1, "生命力": 1, "变身": 1, "国风": 1, "潮牌": 1, "秘诀": 1, "藏": 1, "画卷": 1, "~": 1, "有没有": 1, "发现": 2, "件": 1, "丑": 1, "越来越": 1, "漂亮": 2, "档次": 2, "兼具": 1, "樱花": 1, "雪月": 1, "落樱缤纷": 1, "四月": 2, "Mate20": 1, "Pro": 1, "邂逅": 1, "场": 1, "美轮美奂": 1, "浪漫": 1, "清明": 1, "踏青": 1, "~​": 1, "戴": 4, "旭": 4, "美": 5, "國圍": 2, "堵華": 2, "為華": 2, "行為": 1, "失败": 1, "香港": 3, "中通社": 3, "電": 1, "為行": 1, "動": 1, "徹底": 2, "失敗": 6, "記者": 2, "田靜": 1, "新西蘭": 2, "總理": 1, "阿德恩": 2, "近日": 1, "接受": 2, "中國": 6, "中央": 1, "電視": 1, "台專": 1, "訪時": 1, "重申": 1, "新西": 1, "蘭並": 1, "沒有": 1, "禁用": 1, "華為5G": 1, "會": 1, "美國": 19, "影響": 1, "改變": 1, "國家": 5, "政策": 3, "表態": 1, "視爲": 1, "利用": 1, "五": 1, "眼": 1, "聯盟": 1, "圍堵": 3, "華為": 10, "佈局": 1, "破功": 1, "拉攏": 1, "打壓": 1, "行動": 2, "受挫": 1, "認清": 1, "現實": 1, "制定": 1, "積極": 1, "應對": 1, "未": 1, "來": 3, "時代": 1, "據": 1, "華盛頓": 1, "郵報": 1, "1日": 1, "報道": 2, "經": 3, "開始": 1, "考慮": 1, "主導": 1, "網絡": 2, "世界": 3, "裡": 1, "保證": 1, "情報": 1, "副": 1, "主任": 1, "蘇·戈登": 1, "多樣化": 1, "網路": 2, "包括": 2, "們無法": 1, "信任": 1, "技術": 3, "們": 1, "須": 1, "找到": 2, "夠": 1, "管控": 1, "相關": 1, "風險": 1, "方式": 3, "這種": 1, "稱": 1, "國官": 1, "員認識": 1, "低": 1, "成本": 1, "設備": 2, "為此": 1, "經開": 1, "始討論": 1, "採取": 2, "加密": 1, "分段化": 1, "元件": 1, "設置": 1, "標準": 1, "手段": 1, "保護": 1, "關鍵": 1, "系統": 1, "對此": 1, "福布斯": 1, "雜誌": 1, "網站": 1, "2日": 1, "評": 1, "論說": 1, "這": 2, "一行": 1, "動說": 1, "明美": 1, "國對": 1, "戰爭": 1, "著名": 1, "軍事": 1, "專家": 1, "訪問": 1, "時說": 1, "研發": 1, "對於": 1, "類": 1, "文明": 1, "發展": 1, "意義": 1, "經處": 1, "於": 1, "遙遙": 1, "領先": 1, "地位": 1, "本來": 1, "造福": 1, "國": 1, "‘": 2, "五眼聯盟": 3, "’": 2, "好事": 1, "出於": 1, "不可告人": 1, "目的": 1, "他們": 1, "居然": 1, "做出": 1, "聯合": 1, "抵制": 1, "結果": 1, "一途": 1, "事實": 1, "證明": 1, "現": 1, "僅": 1, "歐洲": 2, "理睬": 1, "威脅": 1, "連": 1, "解釋": 1, "對華": 1, "為": 2, "恐懼": 1, "電信": 1, "個": 1, "領域": 2, "超越": 1, "企業": 1, "無法": 1, "監聽": 1, "為理": 1, "嚇唬別": 1, "原因": 1, "破裂": 1, "特朗普": 2, "鷹派": 2, "集團": 2, "秉持": 1, "冷戰": 1, "思維": 1, "奉行": 1, "與中國": 1, "為敵": 1, "種": 1, "歷史": 1, "希望": 2, "從": 1, "這次": 1, "汲取": 1, "教訓": 1, "改弦更張": 1, "麼": 1, "落後": 1, "努力": 1, "學習": 1, "國現": 1, "差距": 1, "通過": 1, "正當": 1, "追趕": 1, "夜景": 1, "拍摄": 1, "春暖": 1, "阳光": 1, "三里": 1, "正是": 1, "出游": 1, "时节": 1, "开启": 1, "微距": 1, "模式": 1, "春意": 1, "做人": 1, "股市": 1, "三年": 1, "节节": 1, "✌": 1, "L熊市": 1, "猎人": 1, "近期": 1, "提供": 1, "屏保": 1, "图片": 1, "南京": 3, "照片": 1, "惊艳": 1, "·": 1, "眼​": 1, "春暖花开": 1, "之际": 1, "HUAWEIDeveloperDay": 1, "相遇": 1, "西安": 2, "技术": 3, "专家": 1, "行业": 1, "大咖": 1, "现场": 1, "解析": 1, "AI/云/AR/VR/5G": 1, "/": 1, "快": 1, "前沿": 1, "分享": 1, "实用": 1, "案例": 1, "聆听": 1, "开发者": 1, "需求": 1, "答疑": 1, "解惑": 1, "18日": 1, "周四": 1, "香格里拉": 1, "面基": 1, "吗O": 1, "网页": 1, "TA": 1, "晚安": 1, "想": 2, "谈": 1, "恋爱": 1, "呆": 1, "熬夜": 1, "有害": 1, "凌晨": 1, "才": 1, "放下": 1, "现如今": 1, "扮演": 1, "合格": 1, "矛盾": 1, "青年": 1, "聊聊": 1, "小云": 1, "随机": 1, "抽": 1, "送出": 1, "耳机": 1, "参考": 1, "艾德余": 1, "Model3": 1, "走线": 1, "如法炮制": 1, "顺便": 1, "行车": 1, "记录仪": 1, "装": 1, "手工": 1, "改造": 1, "40": 1, "W": 1, "快充": 1, "L型": 1, "充电线": 1, "车配": 1, "线": 1, "只能": 1, "3A": 1, "电流": 1, "​​​": 1}