{"投票": 1, "：": 18, "手机": 31, "计算器": 29, "算": 9, "10%": 73, "+": 32, "全线": 12, "阵亡": 12, "网友": 6, "发现": 4, "很多": 3, "计算": 21, "0.2": 9, "0.11": 13, "OPPO": 11, "、": 43, "华为": 48, "苹果": 10, "小米": 12, "款": 6, "机型": 5, "中枪": 7, "分析": 3, "称": 5, "这是": 4, "理解": 8, "*": 6, "​": 19, "均": 6, "IT之家": 4, "报道": 3, "不少": 6, "计算机": 6, "奇妙": 3, "BUG": 10, "包括": 5, "在内": 4, "原因": 5, "输入": 4, "符号": 4, "除法": 4, "相加": 5, "非科学": 4, "逻辑": 4, "连续": 4, "百分比": 5, "x10%": 4, "O手机": 2, "=": 3, "百分比相加": 2, "近日": 4, "都": 7, "记者": 3, "iPhone": 2, "测试": 3, "确实": 3, "吴涛": 1, "软通": 1, "动力": 1, "拥有": 2, "5万": 1, "名": 1, "员工": 5, "配套": 1, "企业": 6, "昨天": 1, "分享": 1, "文物": 1, "见证": 1, "历史": 2, "早上": 1, "吃饭": 1, "入职": 2, "180": 2, "详细": 1, "培训": 1, "计划": 1, "！": 10, "6": 1, "培养": 2, "周期": 1, "体现": 1, "人才": 1, "重视": 1, "程度": 1, "重点": 1, "放": 1, "15": 1, "导致力": 1, "新生代": 1, "离职率": 1, "高峰": 1, "第6": 1, "1": 1, "损失": 1, "成本": 1, "快速": 1, "提升": 1, "能力": 1, "取决于": 1, "管理者": 1, "摄影": 1, "赛事": 1, "焦": 1, "世界": 1, "|": 2, "2019": 2, "影像": 4, "大赛": 3, "获奖": 1, "作品": 4, "公开": 3, "评选": 1, "正式": 1, "揭晓": 1, "三年": 1, "规模": 1, "影响力": 1, "逐年": 1, "收到": 2, "全球": 1, "150多": 1, "国家": 2, "地区": 1, "超过": 1, "52万": 1, "件": 1, "创下": 1, "新高": 1, "获奖者们": 1, "2万": 1, "美金": 1, "现金": 1, "大奖": 1, "机会": 1, "前往": 2, "故宫": 1, "博物院": 1, "巴黎": 3, "皇宫": 1, "ParisPhoto": 1, "参展": 1, "事儿": 1, "这不": 1, "宣传片": 1, "效果": 1, "中国": 12, "高铁": 1, "太阳": 2, "刚刚": 2, "美颜": 1, "关滤镜": 1, "颜色": 1, "红": 2, "好看": 1, "@": 3, "铁路": 1, "反馈": 1, "自带": 1, "魅族": 1, "锤子": 1, "科技": 7, "努比亚": 1, "PS": 1, "本浪": 1, "O": 1, "智能": 1, "近乎": 1, "到底": 1, "等于": 1, "美媒": 1, "关键": 2, "时刻": 2, "德国": 13, "华": 9, "立场": 5, "特朗普": 3, "再次": 1, "遭遇": 1, "惨败": 1, "欧洲": 11, "英": 1, "德": 1, "美国": 4, "走": 2, "特朗": 1, "贸易战": 2, "围堵": 1, "5G": 2, "政策": 1, "破产": 1, "利益": 2, "理由": 1, "柏林": 4, "政府": 3, "一派": 1, "广阔": 1, "战略": 1, "角度": 1, "派": 2, "经贸": 2, "关系": 3, "受损": 1, "紧张": 1, "酝酿": 1, "后者": 1, "占据": 1, "上风": 1, "大西洋": 1, "理事会": 1, "网站": 1, "8月": 3, "31日": 1, "文章": 2, "原题": 1, "软": 1, "3月": 1, "意大利": 2, "铺开": 1, "地毯": 1, "领导人": 2, "之际": 2, "马克龙": 1, "邀请": 1, "总理": 1, "默克尔": 5, "欧盟": 1, "委员会": 1, "主席": 1, "容克": 1, "爱丽舍宫": 1, "会晤": 1, "法国": 6, "此举": 1, "想": 1, "传递": 1, "信息": 1, "确保": 3, "统一战线": 1, "牺牲": 1, "如今": 1, "快": 1, "半年": 1, "等待": 1, "类似": 1, "回报": 1, "即将": 1, "率领": 1, "支": 1, "德企": 1, "老总": 1, "大型": 1, "代表团": 2, "北京": 2, "知情": 1, "人士": 2, "风险": 1, "越来越": 1, "此行": 1, "一大": 1, "目标": 1, "商贸": 1, "一如既往": 1, "消息": 1, "办公室": 1, "拒绝": 1, "公司": 1, "访华": 1, "提议": 1, "访问": 1, "临近": 1, "有人": 1, "担心": 1, "害怕": 1, "经济": 2, "减速": 1, "或许": 2, "方向": 1, "软化": 1, "更多": 2, "损害": 1, "防范": 1, "可靠": 1, "治": 1, "位于": 1, "智库": 1, "墨卡托": 1, "研究": 1, "中心": 2, "副主任": 1, "霍塔": 1, "眼下": 1, "强硬": 2, "统一": 1, "障碍": 1, "态度": 1, "‘": 1, "回到": 1, "生意": 1, "’": 1, "发生": 1, "不同寻常": 1, "影响": 1, "实际上": 1, "战线": 1, "看上去": 1, "脆弱不堪": 1, "参与": 2, "一D一L": 1, "倡议": 1, "七国集团": 1, "匈牙利": 1, "希腊": 1, "葡萄牙": 1, "国": 1, "投资": 1, "脱欧": 1, "英国": 4, "危及": 1, "动作": 1, "首相": 1, "鲍里斯·约翰逊": 1, "承诺": 1, "开放": 1, "经济体": 2, "O美媒": 1, "「": 1, "美学": 3, "」": 1, "2016-2019": 1, "三星": 2, "老": 1, "旗舰": 1, "对比": 1, "L": 3, "视频": 9, "第一": 1, "来到": 1, "全国": 1, "美": 1, "大学": 4, "武汉": 2, "今晚": 1, "明哥": 1, "校招": 2, "宣讲": 1, "同学": 3, "参加": 1, "进一步": 1, "年轻人": 3, "交朋友": 1, "期待": 3, "开创": 1, "未来": 2, "任正非": 6, "主管": 4, "末位": 4, "淘汰": 4, "平庸": 4, "惰怠": 4, "干部": 6, "替掉": 4, "30日": 2, "心声": 2, "社区": 2, "董事长": 2, "管理": 2, "工作": 2, "汇报": 2, "会议": 2, "讲话": 2, "全文": 2, "主官": 2, "实行": 2, "3-5年": 2, "一批": 4, "下决心": 2, "血": 2, "老板": 2, "联播": 2, "秒拍": 3, "台湾": 1, "服兵役": 1, "禁止": 1, "携带": 1, "大陆": 1, "品牌": 2, "圈": 1, "好像": 1, "上榜": 1, "列表": 1, "感受": 4, "下​": 1, "11%": 1, "投中": 1, "L投": 1, "生活": 1, "故事": 1, "才": 1, "精彩": 1, "P30": 2, "系列": 6, "用户": 1, "征集": 1, "活动": 1, "收官": 1, "感谢": 1, "热情": 2, "未": 1, "待续": 1, "L华": 2, "终端": 1, "官方": 3, "结束": 1, "西电": 1, "宣讲会": 2, "现场": 2, "师弟": 1, "师妹们": 1, "超": 3, "青春": 1, "温暖": 1, "朝气蓬勃": 1, "学习": 1, "专业": 1, "足够": 2, "优秀": 2, "都会": 1, "提供": 1, "天花板": 1, "舞台": 1, "勇敢者": 1, "新世界": 1, "welcomeaboard": 1, "西安": 3, "·": 1, "电子": 1, "近期": 1, "新机": 1, "发布会": 5, "汇总": 1, "荣耀": 2, "20S": 1, "9月": 5, "4日": 1, "Reno": 1, "29月": 1, "10日": 2, "iPhone11": 1, "Mate30": 3, "19日": 1, "7T/7TPro": 1, "26日": 1, "vivoNEX": 1, "39月": 1, "有意思": 1, "算是": 1, "麒麟950/955": 1, "一代": 1, "正名": 1, "流畅度": 1, "全方位": 1, "吊打": 1, "高通": 1, "820": 1, "P9": 1, "轮": 2, "跑完": 2, "台": 1, "5": 1, "S7": 1, "edge": 1, "差点": 1, "卡死": 1, "当场": 1, "弹幕": 1, "炸锅": 1, "老余": 1, "吹牛逼": 1, "时隔": 1, "36": 1, "舆论": 1, "口碑": 1, "居然": 1, "B站": 1, "翻盘": 1, "刚才": 1, "交流": 1, "很": 2, "开心": 1, "场": 1, "收获": 1, "思想": 1, "碰撞": 1, "青年": 1, "vivo": 1, "牌子": 2, "卡": 1, "虹桥": 1, "高铁站": 1, "试用": 1, "全新": 1, "畅享": 1, "10Plus": 1, "5日": 1, "发布": 5, "会见": 1, "华为诺娃": 1, "了不起": 1, "烊": 1, "千": 1, "玺": 1, "胳膊": 1, "肌肉": 1, "线条": 1, "拍": 1, "年少": 1, "漂移": 2, "梦": 1, "引擎": 2, "轰鸣": 2, "唤醒": 1, "nova5": 1, "携": 1, "跑跑": 1, "卡丁车": 1, "竞速版": 1, "挑战赛": 1, "深圳站": 1, "一阵阵": 1, "带来": 1, "激情": 1, "#激": 1, "擎": 1, "盛夏": 1, "疾速": 1, "开跑": 1, "选手": 1, "搭载": 1, "麒麟980": 1, "芯片": 1, "nova5Pro": 1, "享受": 1, "极致": 1, "创造": 1, "非凡": 1, "性能": 1, "体验": 1, "戳图": 1, "氛围": 1, "速去": 1, "游戏": 1, "下载": 1, "~O": 1, "网页": 1, "链接": 2, "〈": 1, "(": 1, "੭": 2, "ˊᵕˋ": 1, ")": 1, "ଘ华": 1, "屏": 1, "翻译": 1, "功能": 1, "感觉": 1, "真滴": 1, "！！！！": 1, "〉": 1, "选": 4, "好奇": 1, "搜集": 1, "因素": 1, "1.": 1, "旗舰机": 1, "历来": 1, "海外": 3, "地点": 2, "城市": 1, "伦敦": 2, "慕尼黑": 3, "国内": 1, "晚": 1, "10": 1, "上海": 1, "Mate": 2, "去年": 1, "Mate20": 1, ".": 2, "P系列": 1, "调性": 1, "相符": 1, "沉稳": 1, "严谨": 1, "风格": 1, "契合": 1, "商务": 1, "气息": 1, "该国": 1, "举办": 1, "产品": 1, "市场": 3, "曝光度": 1, "值得一提的是": 1, "研究所": 1, "所在地": 1, "3": 1, "一个": 1, "IDC": 1, "数据": 1, "2019年": 1, "一季度": 1, "出货量": 1, "1350万": 1, "份额": 1, "25.39%": 1, "同比": 1, "2018年": 1, "Q1": 1, "猛增": 1, "66.13%": 1, "原文": 1, "O速评": 1, "篇": 1, "告诉": 1}