{"5G": 6, "时代": 5, "即将": 1, "到来": 1, "杭州": 15, "争做": 1, "全球": 11, "第一": 6, "城": 1, "VR": 2, "360": 1, "度": 1, "西湖": 1, "美景": 1, "、": 41, "远程": 1, "医疗": 1, "全息": 1, "3D": 1, "通信": 1, "都": 8, "生活": 1, "做出": 1, "改变": 4, "期待": 1, "科技": 3, "革新": 1, "创造": 3, "不凡": 16, "奇迹": 1, "带": 2, "话题": 3, "选择": 7, "转发": 8, "5月": 19, "9日": 10, "@": 22, "抽奖": 4, "平台": 5, "抽": 6, "1": 11, "送出": 2, "华为": 51, "P30": 9, "标配": 4, "云城市": 5, "峰会": 7, "走": 3, "见证": 2, "未来": 16, "！": 15, "O": 4, "网页": 3, "链接": 5, "任正非": 22, "谈华": 7, "接班人": 12, "标准": 7, "5日": 5, "心声": 5, "社区": 5, "公布": 5, "总裁": 5, "电子": 6, "邮件": 5, "这是": 5, "篇": 5, "十几": 6, "年前": 5, "谈话": 5, "提炼": 5, "四": 5, "包括": 3, "技术": 10, "客户": 7, "需求": 5, "深刻": 5, "理解": 5, "老板": 6, "联播L": 1, "联播": 7, "秒拍": 9, "视频": 22, "​": 18, "人间": 1, "天堂": 1, "如今": 1, "互联网": 1, "与生俱来": 3, "数字": 7, "浪潮": 1, "来袭": 1, "借助": 1, "驱动": 1, "变革": 1, "发展": 1, "续写": 1, "全新": 1, "分享": 1, "故事": 1, "HUAWEIP": 2, "30": 2, "快": 2, "母亲节": 3, "送": 5, "母上": 1, "大人": 1, "小编": 1, "送上": 1, "高端": 1, "大礼包": 2, "6日": 1, "11日": 1, "礼包": 1, "：": 18, "Mate20": 2, "收集": 1, "支": 2, "香奈儿": 1, "口红": 1, "一个": 6, "24": 1, "金金": 1, "猪": 2, "台": 5, "天猫": 2, "精灵": 2, "盒": 1, "美": 1, "迪惠尔": 1, "面膜": 1, "12日": 1, "当天": 1, "份": 1, "重磅": 1, "双人": 1, "邮轮": 1, "日本": 1, "游": 1, "iPhoneXSMax": 1, "套": 1, "YSL": 1, "金条": 1, "(": 1, "10": 1, ")": 1, "瓶": 1, "Dior": 1, "香水": 1, "......": 1, "优酷": 2, "剧赢": 1, "大奖": 1, "~": 3, "传送门": 1, "O网页": 2, "51": 1, "信用卡": 1, "管家": 2, "一键": 1, "账单": 1, "管理": 4, "省钱": 1, "省心": 1, "关注": 7, "条": 5, "10日": 1, "2019": 2, "探索": 3, "彭宥纶": 2, "crackpot": 2, "导演": 3, "这部": 1, "轻": 2, "科幻": 2, "短片": 2, "全程": 1, "Pro裸机": 2, "拍摄": 7, "外接": 2, "辅助": 1, "镜头": 3, "素材": 1, "质量": 1, "后期": 1, "苛刻": 2, "希望": 3, "利用": 1, "打破": 1, "艺术": 1, "创作": 1, "边界": 1, "机会": 1, "摄影师": 1, "诗人": 1, "表达": 1, "内心": 1, "想法": 1, "L华为P30": 2, "系列": 4, "新品": 2, "上市": 3, "聚焦": 1, "中国": 7, "建设": 2, "600": 1, "岁": 1, "紫禁城": 1, "时髦": 1, "故宫": 7, "博物院": 2, "掌门": 1, "首次": 1, "公开": 1, "亮相": 2, "合作": 2, "抓住": 3, "机遇": 2, "第二": 3, "届": 1, "王旭东": 1, "院长": 1, "正式": 1, "紧密": 1, "相连": 1, "宝阁": 1, "遗产": 1, "很多": 3, "3维": 1, "数据": 2, "采集": 1, "构建": 1, "媒体": 1, "网站": 1, "文物": 3, "传播": 1, "远": 1, "访问量": 1, "5000万": 1, "开发": 1, "更多": 1, "年轻人": 2, "传统": 1, "文化": 2, "下载量": 1, "超": 3, "600多万": 1, "AR": 1, "节目": 2, "交互": 1, "体验": 4, "眼球": 1, "形式": 1, "感受": 2, "带来": 1, "美好": 2, "保护": 1, "研究": 1, "无从谈起": 1, "签署": 1, "战略": 1, "协议": 1, "记者": 1, "徐梦媞": 1, "罗敏": 1, "李": 1, "亦阳": 1, "赵": 2, "小伟": 1, "鹤临": 1, "L": 2, "央视": 1, "财经": 1, "酷燃": 1, "#趣": 1, "昔日": 1, "安卓": 1, "旗舰": 1, "三星": 1, "GalaxyS3": 1, "HTCG7": 1, "摩托罗拉Defy": 1, "猎户座": 1, "德州": 2, "仪器": 2, "TI": 2, "高通": 9, "骁龙": 1, "处理器": 4, "哪家": 1, "500万": 1, "像素": 1, "P30Pro": 3, "拍照": 1, "究竟": 1, "差": 1, "评论": 1, "喜欢": 1, "L李杰灵": 1, "心痒": 1, "买": 2, "拍": 1, "黑暗": 1, "小巷": 1, "清晰": 1, "拍出": 1, "猫咪": 1, "近距离": 1, "蜜蜂": 1, "动态": 1, "直出": 1, "高清": 1, "制作": 1, "CG": 2, "特效": 1, "……": 1, "眼": 3, "过程": 1, "邂逅": 1, "太": 3, "精彩": 1, "惊喜": 1, "爱": 2, "Pro": 2, "微距": 2, "功能": 1, "AI赋": 1, "教育": 1, "创新": 1, "致敬": 1, "匠心": 1, "网易": 1, "有道": 1, "荣耀": 3, "畅玩8C": 2, "来源": 1, "挣钱": 1, "手机": 10, "壳": 1, "不错": 1, "…​": 1, "看图": 1, "填空": 1, "高颜值": 1, "WatchGT": 1, "_____": 1, "心动": 1, "图1": 1, "iPhoneX": 1, "P30Pro买": 1, "华为$": 1, "*": 1, "£": 1, "€¥": 1, "真香": 1, "影业": 2, "出品": 2, "走心": 1, "Pro无需": 1, "画面": 2, "记录": 2, "生灵": 2, "平等": 2, "敬畏": 1, "影像": 3, "温暖": 1, "人心": 1, "L华": 3, "终端": 3, "官方": 3, "缔造": 1, "心脏": 1, "麒麟": 3, "CPU": 1, "支撑": 2, "8": 1, "年间": 1, "无人问津": 1, "闪耀": 1, "恩": 1, "智浦": 1, "NXP": 1, "国外": 2, "厂家": 1, "长期": 1, "垄断": 1, "强势": 1, "突围": 1, "改写": 1, "智能": 2, "电视": 1, "厂商": 1, "依赖": 1, "芯片": 16, "历史": 4, "独占": 1, "国内": 1, "一半": 1, "市场": 5, "；": 9, "监控": 1, "领域": 2, "拿下": 1, "70%": 1, "占有率": 1, "助力": 1, "海康": 1, "大华": 1, "安防": 1, "寡头": 1, "H.265": 1, "编": 1, "解码": 1, "贡献者": 1, "拥有": 2, "最多": 1, "核心": 2, "专利": 2, "业者": 1, "定义": 1, "全世界": 1, "4K/8K": 1, "超高清": 1, "筑底": 1, "这一切": 1, "旗下": 1, "一家": 2, "极其": 1, "低调": 3, "公司": 7, "——": 2, "海思": 12, "半导体": 3, "短短": 1, "寂寂无名": 1, "厂": 1, "悄然": 1, "跻身": 2, "2018年": 1, "超越": 1, "AMD": 1, "挤进": 1, "五大": 1, "设计": 2, "阵营": 1, "相比海思": 1, "更为": 1, "神秘": 1, "掌门人": 1, "何庭波": 4, "2004年": 1, "交给": 1, "吓人": 1, "多年": 1, "系统": 2, "别人": 1, "粮": 1, "备份": 1, "老兵": 1, "戴辉": 1, "介绍": 1, "当初": 1, "定下": 1, "目标": 5, "三年": 2, "内": 1, "招聘": 1, "2000": 1, "外销": 1, "40亿": 1, "元": 1, "很快": 1, "遥遥无期": 1, "事实上": 1, "最初": 1, "数据卡": 1, "机顶盒": 1, "编解码": 1, "小有斩获": 1, "颗粒无收": 1, "进展": 1, "缓慢": 1, "2009年": 1, "才": 1, "发布": 4, "款": 3, "K3V1": 2, "K3": 1, "登山界": 1, "喀喇昆仑": 1, "第三": 1, "高峰": 2, "第12": 1, "布洛阿特峰": 1, "编码": 1, "最终": 3, "惨败": 1, "收场": 1, "一次次": 1, "反复": 1, "测试": 1, "改进": 1, "2012年": 1, "8月": 1, "寄托": 1, "厚望": 1, "K3V2": 3, "横空出世": 1, "号称": 1, "四核": 1, "A9": 1, "采用": 1, "40nm": 1, "工艺": 2, "算": 1, "成熟": 1, "产品": 1, "首款": 1, "搭载": 2, "D1四": 1, "核": 1, "发热量": 1, "网友": 1, "戏称": 1, "暖手宝": 1, "要命": 1, "长": 2, "时间": 1, "升级换代": 1, "导致": 1, "其后": 1, "D": 1, "P6": 2, "沿用": 1, "老款": 1, "冷嘲热讽": 1, "声": 1, "此起彼伏": 1, "万年": 1, "调侃": 1, "盛极一时": 1, "不少": 1, "幸灾乐祸": 1, "挑战": 1, "苹果": 4, "!": 1, "面对": 1, "外界": 2, "排山倒海": 1, "般的": 1, "质疑": 1, "内部": 2, "出奇": 1, "安静": 2, "实验室": 1, "灯火": 2, "彻夜": 1, "通明": 1, "反戈一击": 1, "2014年": 1, "初": 1, "910": 2, "基带": 1, "集成": 1, "一块": 1, "SOC": 1, "系统级": 1, "升级": 1, "28nm": 1, "追平": 1, "麒麟910": 1, "起点": 1, "芯片史": 1, "段": 1, "波澜壮阔": 1, "逆袭": 1, "自家人": 1, "嫌弃": 1, "蜕变": 2, "关键性": 1, "力量": 1, "Mate7": 1, "爆款": 1, "屡屡": 1, "引发": 1, "抢购": 1, "历经": 2, "艰辛": 2, "生命": 2, "代价": 1, "当年": 1, "撕开": 1, "防线": 1, "研发": 1, "猛人": 1, "王劲": 2, "突发": 1, "昏迷": 1, "不幸": 1, "离开": 1, "人世": 1, "人类": 1, "疯狂": 1, "世界": 5, "1996年": 1, "块": 1, "光通信": 1, "踏": 1, "攻城狮": 1, "旅": 1, "期间": 1, "痛苦": 1, "孤寂": 1, "误解": 1, "始终": 2, "初心": 1, "改": 1, "信仰": 3, "英年早逝": 1, "徐文伟": 1, "郑": 1, "宝用": 1, "李征": 1, "高戟": 1, "无数": 1, "事业": 1, "奠基人": 1, "羡慕": 1, "高薪": 1, "眼看": 1, "身边": 1, "一点": 2, "正是": 1, "永不": 1, "成就": 1, "外人": 1, "中国人": 1, "杀出": 1, "血路": 1, "Toge": 1, "therForever": 1, "倾心站": 1, "TF_Orange": 1, "Eidola": 1, "英文": 1, "站​": 1, "TFBOYS-MAHU": 1, "后援站": 1, "号": 2, "选手": 3, "小孩": 3, "拿到": 1, "单人奖": 1, "心头": 1, "肉": 2, "奖": 1, "脸": 1, "进群": 1, "亲自": 1, "道歉": 1, "三号": 1, "半年": 1, "环岛": 1, "代言华": 1, "恶毒": 1, "拉": 1, "女儿": 3, "卖": 1, "惨小草": 1, "集齐": 1, "恶臭": 1, "三": 1, "贱": 1, "签": 2, "合同": 1, "用e": 1, "签宝": 1, "可靠": 2, "深耕": 1, "行业": 2, "十六": 1, "e签宝": 1, "签名": 1, "服务": 3, "名": 1, "小伙伴": 1, "感大片": 1, "超体": 1, "感觉": 1, "文案": 2, "好奇": 1, "想": 2, "去向": 1, "墙": 1, "背后": 2, "100年": 1, "目之所及": 1, "侧耳": 1, "倾听": 1, "身体力行": 1, "猫": 1, "交换": 2, "双眼": 1, "跃动": 1, "一百": 1, "年后": 1, "城市": 1, "进化": 2, "鲜活": 1, "日常": 1, "站": 1, "交界": 1, "目睹": 1, "宏大": 1, "边缘": 1, "写字": 1, "读报": 1, "饮茶": 1, "虫": 1, "听觉": 1, "奔跑": 1, "捡起": 1, "声音": 2, "碎片": 1, "听": 1, "花": 1, "唱": 1, "歌": 1, "听见": 4, "过往": 1, "耳": 1, "细小": 1, "叶子": 1, "呵护": 1, "随时": 1, "触角": 1, "越过": 1, "屏障": 1, "钻进": 1, "手": 1, "触摸": 1, "温度": 1, "学": 1, "体会": 1, "纤细": 1, "柔软": 1, "渺小": 1, "滴水": 1, "海洋": 1, "粒": 1, "沙里": 1, "藏": 1, "延伸": 1, "细微": 1, "光明": 1, "远方": 1, "温": 1, "柔L": 1, "广告": 1, "生态": 4, "VLOG": 1, "没错": 1, "膨胀": 1, "这次": 1, "武汉": 1, "拦住": 1, "大佬们": 1, "竟然": 1, "溜": 1, "会场": 1, "应变": 1, "覆盖": 1, "全国": 1, "详情": 1, "戳": 1, "留言": 1, "回答": 1, "20:00": 1, "点赞": 1, "3": 3, "手环": 1, "4": 3, "标准版": 1, "条件": 1, "家人": 2, "子女": 2, "不接班L": 2, "称": 2, "孟晚舟": 4, "绝不": 2, "接班": 4, "具备": 2, "价值": 2, "高瞻远瞩": 2, "驾驭": 2, "商业": 2, "环境": 2, "能力": 8, "格局": 2, "视野": 2, "交易": 2, "执行": 2, "固步自封": 2, "有端": 2, "端": 2, "数量": 2, "业务": 2, "流": 2, "物流": 2, "资金流": 2, "简化": 2, "此前": 2, "L老板": 2, "晒": 1, "中签": 1, "不屑一顾": 1, "蚂蚁肉": 1, "年头": 1, "主业": 1, "不行": 1, "副业": 1, "拼": 1, "人品": 1, "大盘股": 1, "估计": 1, "赚": 1, "解锁": 1, "神装备": 1, "···": 1, "外挂": 1, "裸机": 1, "电影级": 1, "作品": 1, "暗拍": 1, "真的": 1, "录屏": 1, "手持": 1, "分钟": 2, "脚架": 1, "外置": 1, "滤镜": 1, "慢门": 1, "照片": 1, "防抖": 1, "算法": 1, "的确": 1, "夸张": 1, "欧阳": 1, "潼舢": 1, "春卷": 1, "狗": 1, "2成都": 1, "·": 1, "成都": 1, "远洋": 1, "古": 1, "L苏铁s": 1, "支付": 1, "5亿": 2, "美元": 3, "专利费": 3, "收割": 1, "瞄上": 1, "赔": 2, "45亿": 1, "交叉": 1, "授权": 1, "方式": 1, "降低": 1, "AI": 1, "联发科": 1, "企业": 1, "迎头": 1, "赶上": 1, "到底": 1, "无线": 1, "通讯": 1, "巨无霸": 1, "不得不": 1, "低头": 1, "LTongliakata": 1, "接受": 1, "CNBC": 1, "主持人": 1, "贝基·奎克": 1, "专访": 1, "库克": 1, "谈到": 1, "巴菲特": 1, "投资": 1, "自我": 1, "定位": 1, "用户": 1, "隐私": 1, "政府": 1, "监管": 1, "竞争": 1, "对手": 1, "股票": 1, "回购": 1, "收购": 1, "竞争者": 2, "O库克": 1}