{"「": 1, "选择": 8, "身在": 1, "权利": 7, "联通": 2, "世界": 8, "承诺": 5, "」": 1, "态度": 18, "关注": 6, "@": 17, "中国": 9, "+": 3, "转发": 5, "3月": 11, "22日": 1, "抽送": 1, "华为": 49, "P20": 5, "手机": 14, "台": 3, "～​": 1, "差一点": 1, "一点": 1, "！": 21, "26日": 6, "P30": 6, "探夜": 1, "L华": 3, "终端": 3, "官方": 3, "秒拍": 6, "视频": 7, "​": 21, "童话": 2, "传递": 2, "温暖": 1, "陪伴": 1, "本条": 3, "触动": 1, "一个": 1, "故事": 1, "～": 3, "抽取": 1, "同学": 1, "送": 5, "云​": 1, "可靠": 4, "这是": 4, "华为云": 4, "刷新": 1, "一刻": 1, "平安": 1, "信用卡": 1, "秀出": 2, "选": 1, "1": 5, "粉儿": 3, "硬": 1, "核宠": 1, "系列": 1, "远方": 1, "美近": 1, "咫尺": 1, "​​​": 1, "运动": 3, "穿搭": 1, "精神": 1, "小度": 1, "抽": 6, "朋友": 1, "送华": 1, "nova4e": 3, "潮": 1, "外观": 1, "动力": 1, "海马": 1, "商城": 1, "评论区": 1, "喊出": 2, "25日": 1, "小马哥": 1, "20一": 1, "电影": 1, "记录": 1, "生活": 2, "带": 1, "话题": 2, "24日": 1, "送出": 2, "抽奖": 2, "平台": 2, "昨": 1, "晚上": 1, "11:30": 1, "才": 1, "收工": 1, "家门口": 1, "仰头": 1, "树": 1, "玉兰": 1, "花": 2, "皓月": 1, "鼓励": 1, "偷偷": 1, "乱": 2, "喊": 1, "声": 2, "抓住": 1, "掏": 1, "一通": 1, "拍": 4, "拍完": 1, "高级": 1, "居然": 1, "宋画": 1, "韵味": 1, "调调": 1, "布置": 1, "恋爱": 1, "场景": 1, "可惜": 1, "美美": 1, "想": 1, "我家": 1, "徐": 1, "老师": 1, "穿": 1, "拖鞋": 1, "一把把": 1, "拎": 1, "回家": 1, "遇见": 1, "古典": 2, "品味": 1, "阅读": 1, "美好": 2, "23日": 1, "下午": 1, "DigiX": 1, "数字": 2, "生活节": 1, "阅读·DigiX": 1, "读书": 1, "登陆": 1, "重庆": 1, "时代": 1, "天街": 1, "B馆": 1, "授权": 1, "体验店": 1, "作家": 1, "安意": 3, "徜徉": 1, "国风": 1, "下方": 1, "海报": 1, "提示": 1, "即可": 1, "参加": 1, "报名": 1, "现场": 1, "机会": 1, "签名": 2, "赠书": 2, "畅享": 1, "5": 3, "知识": 6, "产权": 6, "组织": 7, "：": 12, "去年": 8, "国际": 10, "专利": 11, "申请量": 7, "全球": 8, "第一": 8, "WIPO": 3, "周二": 1, "提交": 6, "申请": 4, "50.5%": 2, "亚洲": 2, "5405": 3, "件": 7, "位居": 3, "创下": 2, "历史": 2, "一家": 2, "公司": 5, "纪录": 2, "美国": 8, "最多": 1, "国家": 2, "56,142": 1, "53,345": 1, "紧随": 1, "其后": 1, "O": 1, "安心": 1, "ThomasFarms托马斯": 1, "食品": 1, "有限公司": 1, "转评": 2, "幸运鹅": 1, "​​": 1, "发布": 1, "日本": 2, "三菱": 1, "电机": 1, "、": 4, "英特尔": 1, "高通": 1, "中兴": 1, "通讯": 1, "安哥": 1, "科技": 1, "领域": 2, "政治": 1, "动作": 1, "裹挟": 1, "实力": 1, "说话": 1, "春暖花开": 1, "超超": 2, "好看": 1, "洗脑": 1, "程度": 1, "颗": 1, "星": 1, "炫酷": 1, "自拍": 1, "NG": 1, "快": 3, "CARRY": 1, "全场": 1, "L秒": 1, "国产": 1, "OLED": 1, "屏幕": 1, "全程": 1, "DC": 1, "调光": 1, "进展": 2, "情况": 1, "黑鲨": 1, "率先": 1, "小米": 1, "调试": 1, "评估": 1, "魅族": 1, "跟进": 1, "OPPO": 1, "征集": 1, "意见": 1, "当地": 1, "时间": 1, "18日": 1, "发布会": 1, "2017年": 2, "4024": 1, "增加": 1, "1400": 1, "老板": 2, "联播L": 1, "联播": 1, "节目": 1, "真实": 2, "可爱": 1, "晓机": 1, "灵": 1, "纯粹": 1, "北京": 1, "大妞儿": 1, "关晓彤": 1, "性格": 1, "颜值": 1, "此次": 1, "嘉人": 2, "四月": 2, "刊": 2, "呈现": 1, "全新": 1, "上市": 1, "创作": 1, "封面": 3, "大片": 2, "点击": 1, "链接O": 1, "网页": 2, "链接": 3, "参与": 2, "H5互动": 1, "晓彤": 4, "同款": 2, "高颜值": 1, "前置": 1, "3200万": 1, "立体": 1, "美颜": 1, "功能": 1, "完美": 1, "升级": 1, "真实感": 1, "键": 1, "真·潮美": 1, "彤彤": 1, "大长腿": 1, "秘籍": 1, "点开": 1, "惊喜": 1, "L嘉人": 1, "伙伴": 2, "带来": 1, "优势": 2, "政策": 1, "心声": 1, "讨论": 1, "发表": 1, "观点": 1, "荣耀": 2, "YOYO": 2, "智能": 2, "音箱": 2, "小巧": 1, "机身": 1, "隐藏": 1, "音乐": 1, "能量": 1, "①": 1, "3W": 2, "大功率": 1, "；": 3, "②": 2, "英寸": 3, "频扬": 1, "声器": 1, "③": 1, "Histen": 1, "声学": 1, "算法": 1, "④": 1, "独特": 1, "反射锥": 1, "360": 1, "°": 1, "声音": 1, "扩散": 1, "沉浸式": 1, "音效": 1, "临其境": 1, "分享": 1, "单曲": 1, "循环": 1, "歌": 1, "揭开": 1, "暗夜": 1, "假面": 1, "还原": 1, "黑夜": 1, "本色": 1, "法国": 1, "巴黎": 1, "暗": 2, "发现": 1, "尽享": 1, "夜色": 1, "精彩": 1, "RewriteThe": 1, "Rules": 1, "美媒": 2, "称": 4, "美": 2, "打压": 2, "接近": 2, "破产": 2, "无计可施": 2, "政府": 1, "阻止": 1, "各国": 1, "下一代": 1, "无线": 1, "网络": 2, "电信": 2, "设备": 1, "股": 1, "攻势": 1, "成效": 1, "堪忧": 1, "亲密": 1, "盟友": 1, "反驳": 1, "威胁": 1, "论调": 1, "O美媒": 1, "一道": 1, "猜猜": 1, "远": 1, "_____": 1, "进军": 1, "时尚": 1, "圈": 1, "看完": 1, "最新": 1, "预告片": 1, "原地": 1, "圈粉": 1, "环境": 1, "拍出": 1, "超棒": 1, "色调": 1, "质感": 1, "细节": 1, "告诉": 1, "究竟": 1, "华": 1, "主题": 1, "永久": 1, "全局": 1, "美化": 1, "5.0-8.0": 1, "关": 1, "gxt": 1, "nova星人": 1, "花絮": 1, "截修": 1, "双面": 1, "杀手无辜": 1, "冷冽": 1, "关晓": 1, "彤​": 1, "首位": 1, "芯片": 9, "女": 3, "掌门": 2, "打破": 1, "国外": 1, "垄断": 1, "地位": 1, "肩华": 1, "任正非": 5, "业内": 1, "人士": 1, "透露": 1, "海思": 4, "收入": 1, "47亿": 1, "美元": 1, "同比": 1, "增长": 1, "21%": 1, "排名": 1, "第五": 1, "何庭波": 3, "带领": 1, "团队": 1, "苦心": 1, "研发": 4, "终": 1, "成功": 1, "摆脱": 1, "了无": 1, "芯": 1, "痛": 1, "领导者": 1, "一路": 1, "落后": 1, "发展": 1, "设计": 2, "全世界": 2, "前列": 1, "担任": 1, "业务": 1, "工程师": 1, "管理": 1, "部门": 1, "负责人": 1, "现任": 1, "实验室": 1, "副院长": 1, "CEO": 1, "国内": 1, "企业": 1, "掌门人": 1, "。。O": 1, "iPadmini": 1, "7.9": 1, "4:3": 1, "超低屏": 1, "占比": 1, "平板": 1, "7.2": 1, "18:9": 1, "Mate20": 1, "X": 1, "安卓": 1, "满满": 1, "干货": 2, "接受": 4, "BBC": 3, "采访": 3, "纪要": 2, "环球网": 1, "创始人": 1, "独家": 1, "专访": 1, "打击": 1, "指控": 1, "法律": 1, "解决": 1, "未来": 1, "五": 1, "投资": 1, "超过": 1, "1000亿": 1, "美金": 1, "经费": 1, "重构": 1, "先进": 1, "详见": 1, "O满满": 1, "真机": 1, "日本人": 1, "早": 1, "辟谣": 1, "20多": 1, "研究所": 3, "雇佣": 2, "外国": 1, "科学家": 1, "资深": 1, "专家": 1, "技术": 2, "成果": 2, "前阵子": 1, "央视": 1, "高调": 1, "宣传": 1, "5G": 3, "微波": 3, "买": 1, "傻": 1, "负责": 1, "研究": 2, "位于": 1, "意大利": 2, "米兰": 1, "所长": 1, "欧洲": 1, "标准": 1, "协会": 1, "毫米": 1, "波": 1, "传输": 1, "行业": 1, "规范组": 1, "主席": 1, "瞧瞧": 1, "意大利人": 1, "钱": 1, "简单": 1, "道理": 1}