{"新年": 2, "芯": 1, "机会": 2, "关注": 2, "@": 8, "周黑鸭": 1, "官方": 2, "转发": 1, "条": 1, "3": 3, "好友": 1, "清除": 1, "2018": 2, "霉运": 1, "拥有": 1, "一个": 6, "华为": 48, "mate20": 1, "手机": 10, "1月": 2, "10号": 1, "抽奖": 1, "平台": 1, "抽": 2, "送​": 1, "高通": 16, "反垄断": 3, "案": 5, "美": 3, "开庭": 5, "：": 11, "、": 38, "联想": 11, "证人": 5, "外媒": 3, "报道": 3, "美国": 12, "联邦": 2, "贸易": 2, "委员会": 3, "指控": 5, "涉嫌": 2, "损害": 2, "智能": 7, "零部件": 3, "竞争": 2, "近日": 2, "审理": 2, "该案": 2, "均": 3, "中国": 7, "企业": 4, "提供": 2, "证词": 4, "证明": 3, "威胁": 4, "拒绝": 3, "供应": 7, "芯片": 7, "支付": 3, "技术": 10, "许可费": 3, "O高通": 1, "​": 16, "思绪": 1, "都": 8, "风景": 2, "吉光片羽": 2, "遂": 2, "纪念": 2, "Mate20": 4, "系列": 3, "拍摄": 2, "泰国": 1, "人文": 1, "风景照": 1, "俘获": 1, "用心": 1, "2018年": 5, "告别": 1, "并用": 1, "满腔": 1, "热血": 1, "迎接": 1, "2019": 3, "明信片": 1, "送给": 1, "屏幕": 1, "影像": 1, "诗": 1, "寄": 2, "微醺": 1, "岁月": 1, "失意": 1, "遗憾": 1, "一道": 1, "开启": 1, "未来": 3, "浪漫": 1, "惊喜": 1, "2019年": 2, "支持": 2, "花粉们": 1, "献上": 1, "消费者": 1, "BG": 1, "成绩单": 1, "感谢": 1, "陪伴": 1, "努力": 1, "优质": 1, "产品": 5, "回馈": 1, "苹果": 10, "爆雷": 3, "赢家": 3, "高通们": 2, "公司": 11, "股价": 2, "假日": 1, "期间": 1, "大幅": 1, "下跌": 1, "市场": 2, "深远": 1, "影响": 1, "周四": 1, "暴跌": 1, "10%": 1, "周三": 1, "盘后": 1, "发出": 1, "业绩": 1, "预警": 1, "迎来": 1, "六": 1, "单日": 1, "跌幅": 1, "股神": 1, "巴菲特": 1, "第三": 2, "股东": 1, "账面": 1, "38亿": 1, "美元": 1, "浮亏": 1, "众": 1, "供应商": 1, "跟着": 1, "扑街": 1, "波及": 1, "从中": 1, "得益": 1, "造就": 1, "O": 1, "内心": 1, "OS": 1, "本来": 1, "想": 3, "好好": 1, "学习": 1, "英语": 1, "找到": 3, "借口": 1, "…": 1, "L华": 1, "终端": 1, "秒拍": 4, "视频": 13, "环环": 2, "带": 1, "世界": 3, "途经": 1, "斯里兰卡": 1, "很多": 3, "熟悉": 1, "比方说": 1, "120": 1, "元": 3, "小米": 8, "充电宝": 1, "卖": 1, "店主": 1, "原装": 1, "nova3": 1, "3000": 1, "当地": 2, "新贵": 1, "标配": 1, "旧": 1, "导游": 1, "称": 2, "华为粉": 1, "税收": 1, "过重": 1, "导致": 1, "物价": 1, "攀高": 1, "酒店": 1, "收": 1, "30%": 1, "税": 2, "汽车": 2, "进口税": 1, "几近": 1, "300%": 1, "恰好路": 1, "跑": 1, "印度": 1, "塔塔": 1, "小伙儿": 1, "车": 1, "很": 3, "舒服": 1, "交": 1, "骗子": 1, "翻车": 1, "现场": 1, "！": 10, "马来西亚": 1, "68": 1, "岁": 1, "法师": 1, "林": 1, "文华": 1, "法力无边": 1, "当众": 1, "表演": 1, "清蒸": 1, "30": 1, "分钟": 1, "悲剧": 1, "…": 1, "奇趣": 2, "L": 1, "跨越": 2, "101": 2, "热爱": 1, "不仅仅": 1, "远方": 1, "走": 2, "尊重": 1, "生态": 1, "赋予": 1, "城市": 5, "生命力": 1, "活力": 1, "天津": 1, "滨海": 1, "新区": 1, "盐碱地": 1, "南非": 1, "都市圈": 1, "艾古莱尼": 1, "充满": 1, "中世纪": 1, "情怀": 1, "意大利": 1, "古城": 1, "翁布里亚": 1, "独特": 1, "佛得角": 1, "火山": 1, "群岛": 1, "不懈努力": 1, "越来越": 1, "走向": 2, "智慧": 3, "化O": 1, "|": 1, "打卡": 1, "爆料": 1, "P30": 2, "渲染": 2, "外观": 1, "设计": 1, "TA": 1, "晚安": 1, "稳住": 1, "浪": 1, "喝": 1, "热水": 1, "早日": 1, "暴富": 1, "……": 1, "朋友": 1, "美好": 1, "生活": 2, "建议": 1, "转评": 1, "小云": 1, "送出": 1, "耳机": 1, "​​​": 1, "旗下": 4, "红米": 3, "独立": 4, "运营": 2, "金立": 5, "总裁": 3, "卢伟冰": 3, "负责": 2, "接管": 2, "3日": 1, "品牌": 2, "内部": 1, "人士": 2, "Redmi": 1, "类似于": 1, "运作": 1, "荣耀": 1, "刚": 1, "加盟": 1, "2010年": 1, "集团": 2, "担任": 1, "职": 1, "海外": 1, "业务": 3, "L新京报": 1, "新京报": 1, "千玺": 5, "nova星": 1, "BottegaVeneta": 1, "亚太区": 1, "代言人": 1, "易烊": 8, "四": 8, "周年": 1, "嘟": 1, "嘟嘴": 1, "吹": 1, "泡泡": 1, "挥挥": 1, "手": 1, "伴舞": 1, "哥哥": 1, "玩": 1, "享受": 1, "舞台": 1, "可爱": 4, "小千": 1, "TFBOYS": 2, "千": 5, "玺": 5, "cr.LLIMERENCE": 1, "1128": 1, "yy": 7, "qx": 12, "封面": 1, "少年": 2, "发型": 1, "短发yy": 1, "舞蹈yyqx": 1, "舒适圈yy": 1, "歌y": 1, "yq": 1, "x华为yyqx纪": 1, "梵希yyqx": 1, "中戏": 3, "第一": 2, "yyqx帅": 1, "四字纪": 1, "梵希": 1, "字": 7, "硬照": 1, "四字帅": 1, "bv易烊": 1, "弟弟": 2, "yyqxszddK": 1, "舒适": 1, "圈K": 1, "亲爱": 1, "K": 1, "恒温": 1, "动物": 1, "继华": 1, "中兴": 7, "TCL": 4, "罪名": 2, "抹黑": 1, "目标": 1, "华尔街": 1, "日报": 1, "网站": 1, "刊文": 1, "一家": 1, "伦敦": 1, "网络": 2, "款": 2, "天气": 1, "软件": 1, "收集": 1, "全球": 4, "用户": 1, "海量": 1, "数据": 1, "电视": 1, "此前": 1, "遭受": 2, "指责": 1, "O继": 1, "易烊": 1, "千玺": 1, "一心一意": 1, "温柔": 1, "爱": 1, "依旧": 1, "站子": 1, "混剪": 1, "千玺yyqx帅yyqx": 1, "精致": 1, "szddyyqx纪": 1, "梵希yy": 1, "novayy": 1, "BottegaVeneta葆": 1, "蝶家yy": 1, "百度": 1, "Appyyqxadidasneo易烊": 1, "长安": 1, "十二": 1, "时辰": 1, "烊": 1, "艳势": 1, "番": 1, "青年": 1, ".": 1, "守恒": 1, "Jetaime": 2, "驿站": 1, "L守恒": 1, "千玺驿站": 1, "<": 1, ">": 1, "留下": 1, "回忆": 1, "整年": 1, "光热": 1, "皆": 1, "记录": 1, "之下": 1, "熠熠生辉": 1, "正式": 1, "回应": 1, "杨学志_5G": 1, "创新": 1, "5G": 12, "辩论": 5, "1": 2, "老弟": 1, "博士": 1, "工作": 1, "专利": 1, "专著": 1, "通信": 1, "专家": 1, "高高在上": 1, "人微言轻": 1, "颠倒": 1, "事实": 1, "需求": 1, "虚构": 1, "失败": 1, "议题": 1, "参加": 1, "媒体": 1, "挺": 1, "花": 1, "时间": 1, "精力": 1, "扯": 1, "家居": 1, "互联网": 1, "一部分": 1, "基础": 2, "产业": 1, "就要": 1, "收入": 2, "数千万": 1, "明年": 1, "试": 1, "商用": 3, "NB-IoT": 1, "几亿": 1, "价值": 1, "本身": 1, "硬件": 1, "能力": 2, "整合": 1, "速度": 1, "泛在网": 1, "低": 2, "功耗": 1, "时延": 1, "万物": 1, "互联": 1, "重构": 1, "场景": 1, "eMBB": 1, "有eMTC": 1, "多种": 1, "人类": 1, "社会": 3, "推进": 1, "效率": 1, "成本": 1, "讲清": 1, "写完": 1, "时代": 1, "书": 1, "审订": 1, "敬请": 1, "此书": 1, "较为": 1, "描述": 1, "包括": 1, "消息": 1, "意外": 1, "骨头": 1, "硬": 1, "通断": 1, "供": 1, "所作所为": 1, "不少": 1, "厂家": 1, "公愤": 1, "彭博社": 1, "FTC": 2, "本周五": 1, "加州": 1, "圣何塞": 1, "法庭": 3, "据称": 1, "告知": 1, "延长": 1, "码分多址": 1, "CDMA": 1, "许可": 2, "协议": 3, "停止": 1, "法律": 2, "顾问": 1, "南芬": 1, "段": 2, "播放": 2, "说道": 2, "业内": 1, "手段": 1, "签署": 2, "某种": 1, "形式": 1, "对此": 1, "别无选择": 1, "试图": 1, "挑战": 1, "条款": 1, "客户": 1, "年中": 1, "延迟": 1, "切断": 1, "方式": 1, "打击": 1, "报复": 1, "知识": 1, "产权": 1, "副总裁": 1, "埃拉•布隆伯格": 1, "真的": 1, "兑现": 1, "中断": 2, "风险": 1, "辩称": 1, "未": 1, "更新": 2, "3G": 1, "4G": 1, "即将": 1, "结束": 1, "续约": 1, "谈判": 1, "轻易": 1, "推荐": 1, "壳": 2, "....": 1, "安卓": 1, "！！！": 2, "OPPO": 1, "VIVO": 1, "三星": 4, "魅族": 1, "一加": 1, "努比亚": 1, "锤子": 1, "统统": 1, "！！": 1, "型号": 1, "参考图3": 1, "这次": 1, "照顾": 1, "风带": 1, "流苏": 1, "浮雕": 1, "￥": 1, "9.8": 1, "DxOMark": 2, "年度": 1, "回顾": 2, "P20Pro": 2, "总评": 1, "拍照": 2, "评分": 2, "三": 2, "项": 1, "高居": 1, "排名": 5, "第几": 1, "图​": 1, "发布": 2, "统计": 1, "去年": 1, "评测": 1, "31": 1, "摄像头": 1, "得分": 4, "录像": 1, "总分": 1, "五": 1, "iPhoneXSMax": 1, "HTCU12+": 1, "GalaxyNote9": 1, "MIX3": 1, "P20": 1, "欧盟": 3, "工业": 2, "研发": 4, "投资": 2, "位列": 2, "榜首华": 1, "排": 1, "第五": 2, "电子": 1, "榜首": 1, "谷歌": 1, "母公司": 1, "Alphabet": 1, "第二": 1, "随后": 1, "德国": 1, "大众": 1, "微软": 1, "；": 2, "113.34亿": 1, "欧元": 1, "投入": 2, "名列": 2, "BAT三": 1, "总和": 1, "1.67": 1, "倍": 1, "国": 2, "西班牙": 5, "运营商": 3, "联手": 3, "试运行": 2, "挫败": 2, "特朗普": 3, "联欧": 2, "抗华": 2, "阴谋": 2, "证实": 1, "电信": 2, "沃达": 1, "Vodafone": 1, "Orange": 1, "沃达丰": 1, "6": 1, "推出": 1, "部署": 1, "尽快": 1, "合作": 1, "建设": 1, "欧洲": 2, "拥抱": 1, "科技": 3, "国家": 1, "欧洲人": 1, "选择": 1, "务实": 1, "造假": 1, "阻碍": 1, "进程": 1, "错误": 1, "道路": 1, "远": 1, "封闭": 1, "顽固": 1, "不得人心": 1, "这是": 1, "帝国": 1, "衰落": 1, "前兆": 1, "数码": 1, "孕育": 1, "诞生": 2, "生命": 1, "幸运": 1, "我国": 1, "出生": 1, "缺陷": 2, "发生率": 1, "5.6%": 1, "宝宝": 2, "健康": 2, "妈妈": 3, "孕期": 1, "直观": 1, "状况": 1, "人工": 1, "+": 1, "医疗": 1, "探索": 1, "孕": 1, "血液": 1, "基因": 2, "检测": 1, "发现": 1, "胎儿": 1, "防患于未然": 1, "O嘘": 1, "肚子": 1, "一举一动": 1, "花费": 1, "3000万": 1, "美金": 1, "买来": 1, "战略": 1, "秘诀": 1, "Mate20Pro": 1, "惊现": 1, "贷款": 1, "广告": 2, "WX": 1, "朋友圈": 1, "牛逼": 2, "腾讯": 1, "设备": 1, "五大": 1, "巨头": 1, "诺基亚": 2, "爱立信": 2, "思科": 1, "三季度": 1, "占有率": 1, "28%": 1, "分列": 1, "二三": 1, "占比": 1, "大奥": 1, "16.8%": 1, "13.2%": 1}