{"华为": 61, "mate20": 1, "春节": 9, "底色": 2, "过年": 4, "老人": 2, "孩子": 2, "可惜": 1, "～": 1, "好像": 1, "L": 1, "张雪峰": 1, "老师": 1, "视频": 9, "​": 19, "昨天": 1, "中兴": 9, "美国": 19, "参加": 2, "听证会": 2, "一个": 7, "对方": 3, "持续": 1, "党委": 5, "名单": 2, "提供": 4, "当场": 1, "都": 6, "很": 4, "配合": 6, "回去": 1, "事先": 1, "材料": 1, "肯定": 2, "看做": 1, "找": 3, "独立": 1, "董事": 1, "作证": 1, "董事会": 1, "行事": 1, "独立自主": 1, "政府": 4, "政党": 1, "干预": 1, "成员": 2, "作用": 1, "证人": 1, "中国": 14, "法律": 4, "企业": 6, "数据": 4, "设备": 3, "信任": 1, "违背": 1, "客户": 1, "请求": 1, "坐牢": 2, "遵守": 1, "等于": 1, "正面": 1, "回答": 1, "一点": 1, "内部": 1, "信息": 2, "违反": 2, "国家": 2, "保密法": 1, "不得不": 2, "怀疑": 1, "关联": 1, "太": 3, "紧密": 1, "看法": 1, "兴起": 1, "找麻烦": 1, "玩": 1, "倒是": 1, "像是": 1, "终于": 2, "明白": 2, "放": 1, "位置": 1, "apple": 1, "建": 1, "服务器": 1, "贵州": 1, "算是": 1, "醒悟": 1, "晚": 1, "快": 1, "年货节": 1, "年货": 2, "备好": 1, "份": 1, "购置": 1, "清单": 1, "！": 12, "新春": 1, "智慧": 1, "→O": 1, "网页": 1, "链接": 3, "关注": 3, "@": 6, "终端": 1, "公司": 5, "转评": 2, "年货街": 1, "发现": 5, "2018年": 1, "发布": 1, "产品": 7, "抽奖": 1, "平台": 2, "随机": 1, "抽": 3, "送": 2, "AI": 1, "音箱": 1, "3": 2, "鼓": 1, "半天": 1, "勇气": 1, "把手": 1, "六果": 1, "七": 1, "俩": 1, "惯例": 1, "货": 2, "躺": 3, "明年": 2, "新机": 3, "才": 4, "物尽其用": 1, "抓": 1, "抢救性": 1, "果机": 1, "P10": 1, "抽屉": 1, "P20": 1, "上市": 2, "拆": 1, "封": 1, "手机": 8, "老婆": 1, "实在": 1, "私密": 1, "成本": 1, "3500": 2, "拿来": 1, "奖": 1, "机会": 1, "电影": 2, "流浪": 1, "地球": 2, "讲述": 1, "太阳": 1, "即将": 1, "毁灭": 1, "未来": 3, "人类": 1, "带": 1, "逃亡": 1, "故事": 1, "宏大": 1, "瑰丽": 1, "宇宙": 1, "景象": 1, "惊心动魄": 1, "剧情": 1, "有赖于": 1, "特效": 1, "渲染": 3, "华为云": 1, "海量": 1, "算力": 1, "携手": 2, "Macrograph": 1, "搭建": 1, "革命性": 1, "环境": 1, "以往": 1, "时间": 1, "才能": 1, "工作": 3, "得以": 1, "高速": 1, "O网页": 2, "5G": 8, "首批": 4, "基站": 4, "订单": 4, "出炉": 4, "：": 12, "份额": 4, "第一": 5, "公布": 3, "2019年": 3, "规模": 2, "组网": 2, "建设": 2, "示范": 2, "工程": 2, "无线主": 2, "租赁": 2, "单一": 2, "来源": 2, "采购": 2, "、": 24, "爱立信": 4, "诺基亚": 4, "大唐": 4, "中标": 2, "250": 2, "站": 8, "5": 8, "G基站": 8, "110": 2, "80": 2, "30": 2, "O": 4, "加州": 2, "大学": 4, "伯克利": 2, "分校": 3, "停止": 1, "接受": 4, "研究": 1, "资助": 1, "自然": 1, "报道": 1, "英国": 3, "牛津": 1, "暂停": 1, "资金": 1, "世界": 7, "名校": 1, "上月": 1, "司法部": 2, "参与": 2, "窃取": 2, "技术": 4, "刑事": 1, "指控": 4, "不再": 1, "合作": 1, "德州": 1, "奥斯汀": 1, "审查": 1, "关系": 1, "内": 1, "赞助者": 1, "经济学人": 1, "精读": 1, "汇总": 1, "OneNote": 1, "+": 3, "朗文": 1, "词典": 1, "longpicP": 1, "1": 2, "本周": 1, "封面": 1, "P2": 1, "经济": 1, "形势": 2, "发展": 3, "趋势": 1, "P3": 1, "脱欧": 2, "导致": 1, "各项": 1, "待议": 1, "计划": 1, "迟迟": 1, "拖延": 1, "现状": 1, "P4": 1, "委内瑞拉": 1, "政治": 5, "P5": 1, "涌入": 1, "外国": 1, "留学生": 1, "雪人": 1, "评论": 1, "尖锐": 1, "见仁见智": 1, "P6": 1, "P7": 1, "共享": 1, "单车P": 1, "8": 1, "海参": 1, "迁徙": 1, "海洋": 1, "生物": 1, "科研": 1, "P9": 1, "文化": 1, "-studyaccount": 1, "小组": 1, "studyaccountstudywithme": 1, "域外": 1, "視角": 1, "觀點": 1, "華為案": 1, "中國": 1, "領導人": 1, "處理": 1, "外部": 1, "危機": 1, "試金石": 1, "作者": 1, "虞平": 1, "旅": 1, "美": 4, "學者": 1, "國律": 1, "師協": 1, "會": 1, "法治": 1, "項目": 1, "國": 1, "主任": 1, "麒麟980": 1, "骁龙855": 1, "主流": 1, "大型": 1, "游戏": 4, "测试": 1, "980": 4, "帧数": 1, "CPU": 1, "调度": 1, "分配": 1, "均": 1, "领先": 1, "855": 3, "跑分": 3, "吊": 1, "华丽": 1, "表现": 1, "麒麟": 1, "安卓": 2, "芯": 1, "#​": 1, "华": 1, "主题": 2, "": 1, "设计": 1, "美学": 1, "截止": 1, "过期": 1, "r​": 1, "尽职尽责": 1, "办公室": 1, "关灯": 1, "；": 2, "嘴": 1, "不在乎": 1, "始终": 1, "盼": 1, "回家": 2, "看惯": 1, "城市": 1, "喧嚣": 1, "依然": 1, "想念": 1, "家乡": 1, "小路": 1, "牵挂": 1, "面临": 1, "家庭": 1, "选择": 2, "不用": 1, "踟蹰": 1, "Fusion": 1, "ROBO": 1, "分支": 1, "机构": 1, "解决": 1, "方案": 1, "无需": 3, "值守": 1, "早日": 1, "团圆": 1, "L华": 2, "任正非": 1, "水": 1, "空气": 1, "温柔": 1, "东西": 1, "高压": 1, "小孔": 1, "喷": 1, "用于": 1, "切割": 1, "钢板": 1, "见力": 1, "孔": 2, "威力": 1, "力出": 1, "利出一孔": 1, "倒下": 1, "智能": 2, "助手": 2, "陪": 1, "想": 5, "吃": 2, "蛋糕": 1, "披萨": 1, "监督": 1, "胖": 2, "~": 1, "最多": 1, "斤": 1, "小云": 1, "电源": 1, "~​": 1, "刘": 1, "宪": 1, "封号": 1, "此人": 1, "对话": 1, "科技": 2, "无知": 1, "蛊惑力": 1, "遂": 1, "写": 1, "科普": 1, "批评": 1, "尽兴": 1, "秘密": 1, "马上": 2, "戳文": 1, "跑步机": 2, "跑步": 1, "分享": 1, "步数": 1, "朋友圈": 1, "遗憾": 1, "Mate20": 2, "系列": 2, "储物槽": 1, "精确": 1, "计步": 1, "爽": 1, "EMUI": 1, "秒拍": 3, "战略": 3, "苹果": 6, "创新": 2, "乏力": 1, "轻": 1, "奢品": 1, "涨价": 1, "三年": 1, "快消": 2, "电子": 2, "规律": 1, "最牛": 1, "奢侈品": 2, "拥有": 1, "LV": 1, "迪奥": 1, "一线": 1, "大牌": 1, "年收入": 1, "一半": 1, "等级": 1, "学": 1, "用户": 2, "流失": 1, "品牌": 1, "形象": 1, "下降": 1, "款": 2, "三": 1, "五": 1, "价格": 2, "斯": 1, "真谛": 1, "新款": 1, "调整": 2, "6000": 1, "元": 1, "中坚": 2, "早作": 1, "应对": 1, "策略": 1, "500": 1, "美元": 1, "最为": 1, "布局": 1, "义正辞严": 1, "驳斥": 2, "董事长": 2, "梁华面": 1, "加媒": 1, "道歉": 2, "出于": 1, "动机": 2, "扼杀": 2, "近日": 1, "投资": 1, "控股": 1, "梁华": 2, "加拿大": 1, "环球": 1, "邮报": 1, "采访": 1, "亦": 1, "否认": 1, "商业": 1, "机密": 1, "牵头": 1, "抵制": 1, "「": 2, "全球化": 1, "」": 2, "基于": 1, "担忧": 1, "呼吁": 1, "担心": 1, "重点": 1, "层面": 1, "绝不": 1, "做出": 1, "伤害": 1, "组织": 1, "起诉": 1, "副董事长": 1, "孟晚舟": 4, "23": 1, "项": 1, "罪名": 1, "称": 1, "陪审团": 1, "调查": 1, "指": 1, "故意": 1, "恶意": 1, "给予": 1, "正义": 2, "舆论": 1, "支持": 2, "抵消": 1, "国内": 1, "媒体": 1, "知识分子": 1, "各方": 1, "利益": 1, "势力": 1, "欢呼雀跃": 1, "这是": 1, "数码": 1, "特朗普": 1, "每日": 1, "图集": 1, "员工": 2, "四": 2, "50万": 2, "酸": 1, "！！！": 1, "脉脉": 1, "爆料": 1, "股票": 1, "TUP": 1, "分红": 2, "增值": 1, "2.61一": 1, "股": 1, "年收": 1, "工资": 1, "收": 4, "加班费": 1, "奖金": 1, "估计": 1, "网友": 1, "流下": 1, "柠檬": 1, "泪水": 1, "。。。": 1, "首席": 1, "内幕官": 1, "华为牌": 1, "水果": 1, "？？？？": 1, "本来": 1, "存心不良": 1, "出产": 1, "旧": 1, "变慢": 1, "变笨": 1, "逼迫": 1, "年前": 2, "一气之下": 1, "改用": 1, "这才": 1, "精品": 1, "万岁": 1, "·": 1, "旧金山": 1, "国际": 1, "机场": 1, "SanFranciscoInt'lAirport​": 1, "值得": 1, "深读": 1, "｜": 1, "一家": 2, "电讯": 1, "评价": 1, "讲出": 1, "件": 1, "隐约": 1, "事实": 1, "曲": 1, "无声": 1, "赞歌": 1, "……": 1, "详情": 1, "点击": 1, "照片": 2, "AI人": 1, "留色": 1, "功能": 1, "拍摄": 1, "看完": 1, "感触": 1, "真心": 1, "感谢": 1, "依旧": 1, "坚守": 1, "平凡": 2, "岗位": 1, "金": 1, "南": 1, "最新": 1, "事件": 1, "贸易战": 1, "顺丰": 1, "幽默L": 1, "武力": 1, "统一": 1, "学习": 1, "贺绍强": 1, "哲理": 1, "从来": 1, "赋予": 1, "赢得": 1, "Justiceisnevergiven,butiswon": 1, ".": 2, "贺家": 1, "推翻": 1, "多级": 1, "法院": 2, "判决": 2, "包括": 1, "上诉": 1, "114": 1, "页": 1, "全胜": 1, "外力": 1, "不屈不挠": 1, "屡败屡战": 1, "精神": 1, "男人": 1, "再有": 2, "钱": 1, "地位": 1, "意志": 1, "人人": 1, "隶使": 1, "Dieingloryorliveininfamy": 1, "thatisthe": 1, "question": 1, "L岳": 1, "东晓": 1, "律师": 1, "金猪": 1, "拱手": 1, "拜年早": 1, "祝愿": 1, "Huawe": 1, "iPay": 1, "绿色": 2, "联盟": 1, "恭祝": 1, "快乐": 1, "万事顺遂": 1, "对比": 1, "挑战": 1, "就要": 1, "大年": 1, "有空": 1, "5d2": 1, "杀": 1, "老": 1, "相机": 1, "懒得": 1, "凤凰网": 1, "台湾人": 1, "爱": 1, "当天": 1, "卖光": 1, "节目": 1, "真机": 1, "微评": 1, "谈判": 1, "涉及": 1, "引渡": 1, "后果": 1, "L王": 1, "亶文": 1}