{"身边": 1, "很多": 1, "都": 8, "亲朋好友": 1, "推荐": 2, "华为": 35, "Mate20": 13, "性能": 3, "、": 9, "拍照": 1, "航好": 1, "……": 1, "八大": 2, "理由": 3, "拒绝": 1, "！": 17, "戳": 2, "一一": 1, "来O": 1, "网页": 2, "链接": 2, "关注": 4, "转发": 5, "心动": 3, "抽": 3, "送": 4, "1": 3, "运动款": 1, "HUAWEI": 2, "WATCHGT": 1, "下周一": 1, "@": 8, "抽奖": 2, "平台": 2, "公布": 1, "​": 23, "土肥圆": 1, "求生记": 1, "减肥": 1, "保命": 1, "必备": 1, "神技": 1, "手机": 14, "支": 2, "土拨鼠": 12, "视频": 26, "居然": 1, "拍": 3, "迪士尼": 1, "赶脚": 1, "不愧": 1, "耽误": 3, "广告": 8, "公司": 5, "L华": 9, "终端": 9, "官方": 11, "秒拍": 18, "这是": 2, "条": 3, "自带": 2, "声音": 2, "：": 8, "逃生": 2, "技能": 2, "友情": 2, "提供": 2, "LMate20A": 2, "I卡路": 2, "识别": 6, "到底": 1, "一家": 2, "通信": 2, "科技": 2, "电影": 3, "不说": 1, "咆哮": 2, "主演": 2, "快乐": 2, "不止": 2, "一点": 2, "湖": 1, "小微": 1, "福利": 2, "十二月": 1, "大事": 1, "发生": 1, "亲爱": 2, "合作": 2, "伙伴": 1, "nova": 4, "即将": 1, "新品": 1, "上市": 1, "随机": 3, "抽取": 2, "幸运": 1, "宝宝": 1, "nova3": 2, "6": 1, "GB": 1, "+": 6, "128gb": 1, "台": 2, "nova4": 2, "创造": 1, "美好": 2, "秒": 1, "神": 1, "转折": 1, "一个": 8, "胖子": 1, "注定": 1, "无比": 1, "机智": 2, "才": 2, "眼界": 1, "(": 4, "6GB": 1, "128GB": 1, "12月": 6, "24日": 1, "平安夜": 1, "开奖": 1, "简直": 1, "笑": 1, "腹肌": 1, "快": 2, "点开": 1, "收获": 1, "今日": 1, "源泉": 1, "老师": 1, "课堂": 1, "去年": 1, "疯狂": 2, "丢": 5, "六": 1, "每次": 1, "找": 2, "回来": 2, "终于": 1, "耳机": 2, "第三": 1, "丢到": 1, "第几": 1, "回": 1, "确认": 1, "眼神": 1, "网红": 1, "倾情": 1, "最新": 1, "CG": 1, "动画片": 1, "美食": 2, "诱惑": 1, "墙裂": 1, "汇聚": 1, "大自然": 1, "色彩": 1, "机身": 1, "；": 4, "体验": 3, "流畅": 1, "极致": 1, "焦": 1, "徕卡": 1, "镜头": 1, "随心": 1, "切换": 1, "AI人": 1, "留色": 1, "记录": 1, "解锁": 1, "O": 1, "带": 1, "话题": 1, "打动": 1, "_____": 1, "AI": 2, "音箱": 1, "]​": 1, "参考": 2, "视界": 1, "北斗": 4, "系统": 6, "VS": 1, "美国": 2, "GPS": 2, "中国": 6, "后来者": 1, "居上": 1, "2017年": 1, "建立": 1, "导航": 2, "卫星": 1, "群": 1, "全球": 6, "定位": 1, "分庭抗礼": 1, "定于": 1, "2020年": 1, "商业性": 1, "覆盖": 1, "届时": 1, "世界": 1, "三": 1, "小米": 1, "款": 1, "兼容": 1, "制造": 1, "480万": 1, "辆": 1, "汽车": 1, "亦然": 1, "着手": 1, "打入": 1, "地方": 1, "↓↓": 1, "L": 1, "消息": 1, "侮辱": 1, "拆弹": 1, "英雄": 2, "恶搞": 1, "众怒": 1, "当年": 1, "防水": 1, "做成": 1, "催泪": 1, "情感": 1, "大戏": 1, "高下": 1, "立判": 1, "L吃瓜": 1, "错过": 1, "证明": 1, "日常": 1, "用好": 1, "卡路里": 2, "幸好": 1, "关键": 2, "时刻": 2, "学会": 1, "LHW前HR": 1, "TFBOYS": 2, "易烊": 6, "千玺易烊": 1, "千": 3, "玺": 3, "中戏": 5, "第一": 2, "yyqx帅": 1, "四": 6, "字": 7, "弟弟": 2, "yyqxszdd四字yyqx": 1, "唱歌": 3, "yy": 8, "qx": 9, "舞台": 1, "舞蹈": 1, "天猫": 2, "AdidasNeo": 1, "爸爸": 2, "幻乐": 1, "城": 1, "街": 1, "舞信": 1, "长安": 2, "十二": 2, "时辰": 2, "艳势": 2, "番": 2, "青年": 2, "丹麦": 1, "旅游": 1, "大佬": 1, "李": 1, "泌": 1, "阿易": 1, "烊烊": 1, "千野": 1, "兽派": 1, "少年": 4, "沙宣": 2, "代言人": 6, "BottegaVeneta": 1, "亚太区": 2, "葆蝶家": 2, "舒适圈": 1, "小北": 1, "短发": 1, "封面": 1, "工作室": 1, "LACOUSTIC": 1, "原声": 1, "站": 1, "救": 1, "HiVision卡路": 1, "~": 8, "危险": 1, "面前": 1, "利用": 1, "化险为夷": 1, "Get": 1, "求生": 1, "走心": 1, "⋯": 1, "提醒": 1, "圣": 1, "qing": 1, ")": 2, "诞": 1, "ren)节": 1, "jie": 1, "7日": 1, "苏宁": 2, "超级": 1, "品牌": 1, "谢谢": 2, "机会": 1, "大胆": 1, "说出": 1, "AI~L": 1, "绝美": 1, "搬": 1, "欣赏": 1, "1128": 1, "入睡": 1, "睡前": 1, "净化": 1, "yyqx": 1, "跳舞": 1, "帅好": 1, "看好": 1, "听": 1, "szdd四": 1, "好看": 1, "四字帅": 1, "好听yyqxszddyyqx帅yyqx": 1, "可爱": 2, "天猫yyq": 2, "x华为yyqx": 2, "双料": 2, "第一yyqx帅yyqx": 1, "​​": 1, ".": 1, "L潜游": 1, "几何": 1, "千玺": 2, "MAHB": 1, "盛典": 1, "界定": 1, "未来": 1, "nova星": 1, "16": 1, "岁": 1, "帅傻子嘿": 1, "玩嗨": 1, "开心": 1, "冷": 1, "裹": 1, "被子": 1, "千玺图源": 1, "水印K": 1, "舒适": 1, "圈K": 1, "恒温": 1, "动物K": 1, "千玺yy": 1, "adidasneo": 1, "洗衣液": 1, "野兽派": 1, "百炼成钢": 1, "梨涡": 1, "国家": 1, "宪法": 4, "举案例": 1, "检察官": 2, "普法": 2, "推进": 1, "全民": 1, "守法": 1, "近日": 1, "江苏省": 1, "检察院": 2, "检察长": 2, "刘": 1, "南京市": 1, "金陵": 1, "中学": 1, "带来": 1, "堂": 1, "树立": 1, "法治": 3, "意识": 2, "书写": 1, "精彩": 1, "人生": 1, "课": 1, "11月": 1, "广西": 1, "壮族": 1, "自治区": 1, "崔智友": 1, "出庭": 1, "履职": 1, "办理": 1, "高某": 1, "故意": 1, "伤害": 1, "上诉案": 1, "当庭": 1, "宣传": 2, "教育": 1, "O大": 1, "——": 1, "讲座": 1, "案例": 1, "前不久": 1, "国外": 1, "权威": 1, "机构": 1, "业界": 1, "旗舰": 1, "测评": 1, "具备": 1, "麒麟": 1, "980": 1, "卓越": 1, "7.2": 1, "英寸": 1, "全景": 1, "巨幕屏": 1, "5000": 1, "mAh": 1, "超大": 1, "容量": 1, "电池": 1, "xx": 1, "X": 2, "绝佳": 1, "游戏": 3, "表现": 1, "能力": 1, "冠军": 1, "针对": 1, "散热": 1, "优化": 1, "电梯": 1, "信号": 2, "空间": 1, "很": 2, "​​​": 2, "📱": 1, "系列": 1, "「": 1, "AI卡路": 1, "」": 1, "功能": 2, "制作": 1, "有趣": 1, "拯救": 1, "体重": 1, "L少数": 1, "派sspai": 1, "动画": 1, "不错": 1, "L酷安网": 1, "Mate20Pro": 2, "广告片": 1, "拍摄": 1, "花絮": 1, "盖尔·加朵": 1, "实力": 1, "诠释": 1, "演技": 1, "爆表": 1, "L锋潮": 1, "评测室": 1, "BA": 1, "黑凤": 1, "梨×": 1, "上海": 2, "哔哩": 3, "哔": 1, "篮球队": 1, "🏀": 1, "": 1, "黑": 3, "凤梨": 1, "电子": 2, "竞技": 2, "俱乐部": 1, "💖": 1, "昨天": 1, "探营": 1, "活动": 3, "圆满": 1, "～": 1, "大鲨鱼": 1, "郑": 1, "志龙": 1, "教练": 2, "体能师": 1, "在线": 1, "教学": 1, "VSPN": 1, "王者": 1, "荣耀": 2, "KPL": 1, "全程": 1, "这次": 1, "交流": 1, "神仙水": 1, "BA_SK": 1, "成功": 1, "取经": 1, "注重": 1, "体能": 1, "训练": 1, "身体": 3, "才能": 1, "状态": 2, "发挥": 1, "队员们": 1, "好好": 1, "锻炼": 2, "努力": 1, "发起": 1, "冲击": 1, "平时": 1, "毕竟": 1, "革命": 1, "本钱": 1, "期待": 1, "下次": 1, "再见": 1, "靓仔们": 1, "一番": 1, "Mate20X": 1, "屏幕": 1, "手感": 1, "超棒der": 1, "体验感": 1, "一流": 1, "想": 1, "靓仔": 1, "同款": 1, "快快": 1, "动手": 1, "4": 1, "17日": 1, "vivoNEX": 1, "双屏版": 1, "11日": 1, "早": 2, "三星": 1, "GalaxyA8s": 1, "10日": 1, "联想": 1, "Z5s": 1, "截胡": 1, "6日": 1, "王怡": 2, "苏VLOG81": 1, "没错": 1, "本期": 1, "主题": 1, "黑科技": 1, "好不": 1, "vlog": 1, "😯～": 1, "征集": 1, "记得": 1, "留言": 1, "告诉": 1, "答案": 1, "VLO": 1, "GsvlogL": 1, "苏VLOG": 1, "影业": 1, "巨著": 1, "分钟": 1, "完美": 1, "讲述": 1, "悬疑": 1, "惊悚": 1, "励志": 1, "一身": 1, "动漫": 1, "故事": 1, "感觉": 1, "漫威": 1, "华人": 1}