{"运动": 2, "守护": 2, "！": 11, "华为": 64, "手环": 1, "3": 4, "系列": 6, "支持": 1, "多种": 1, "模式": 1, "、": 9, "实时": 1, "心率": 1, "监测": 2, "睡眠": 1, "......": 1, "时刻": 1, "健康": 1, "!": 2, "关注": 6, "转发": 7, "直播": 6, "3月": 16, "24日": 5, "13:00": 5, "转发量": 6, "随机": 10, "抽华": 5, "nova4e三": 5, "台": 19, "颜色": 5, "nova4e": 6, "前置": 8, "3200万": 6, "​": 17, "余承东": 9, "：": 25, "希望": 6, "年底": 2, "中国": 7, "卖出": 4, "手机": 6, "14日": 3, "HILINK": 3, "生态": 8, "大会": 6, "消费者": 5, "业务": 3, "CEO": 3, "1": 2, "估计": 2, "卖": 2, "2.5": 2, "～": 2, "2.6亿": 2, "市场": 6, "份额": 2, "有望": 2, "接近": 2, "全球": 4, "第一": 3, "低端": 2, "放弃": 3, "专注": 2, "中高端": 2, "L": 2, "老板": 6, "联播": 4, "视频": 23, "发布会": 4, "马上": 1, "即将": 1, "出场": 1, "主角": 1, "——": 1, "期待": 1, "惊喜": 2, "任正非": 29, "接受": 13, "CNN": 10, "采访": 8, "特朗普": 12, "策略": 10, "都": 5, "错": 10, "美国": 42, "政府": 9, "立场": 2, "评判": 2, "产品": 2, "13日": 9, "创始人": 5, "这是": 2, "起诉": 3, "首次": 2, "媒体": 2, "世界": 4, "电信": 2, "设备": 5, "制造商": 2, "遭受": 2, "公平": 2, "对待": 3, "选择": 2, "发出": 2, "声音": 2, "危害": 2, "国家": 14, "证据": 2, "上都": 2, "‘": 2, "网络": 12, "’": 2, "坚称": 2, "女儿": 2, "法律": 2, "困境": 2, "很": 4, "冷静": 2, "周三": 2, "问及": 2, "孟晚舟": 4, "被捕": 2, "前往": 2, "感到": 2, "紧张": 2, "回答": 2, "理由": 2, "价值": 2, "律师": 2, "合适": 2, "O": 1, "永远": 2, "家电": 8, "绝不": 2, "产业": 7, "掠夺者": 5, "助力": 2, "智能": 3, "赚钱": 2, "赋能者": 3, "@": 11, "联播L": 2, "P30": 1, "Pro红色": 1, "版": 1, "渲染": 1, "曝光": 1, "距离": 1, "时间": 4, "基本上": 1, "真机": 1, "无异": 1, "后置": 2, "四": 1, "枚": 4, "镜头": 7, "超广角": 1, "4000万": 1, "素主": 1, "下方": 2, "矩形": 1, "开孔": 1, "潜望式": 1, "超长": 1, "焦": 1, "右侧": 1, "闪光灯": 1, "ToF": 1, "像素": 1, "发布": 1, "掀起": 1, "轮": 1, "数毛党": 1, "测试": 2, "正面": 2, "水滴屏": 1, "设计": 1, "底部": 2, "边框": 1, "Mate20Pro": 1, "底边": 1, "框": 1, "差不多": 1, "宽": 1, "Ov大厂": 1, "小米": 1, "9": 1, "下巴": 3, "窄": 2, "回忆": 1, "好像": 1, "P20": 1, "太": 1, "注重": 1, "追求": 1, "顶部": 1, "采用": 1, "类似": 1, "FindX": 1, "切削": 1, "工艺": 1, "程度": 1, "降低": 1, "视觉": 1, "宽度": 1, "恐吓": 8, "一个": 11, "明天": 8, "威胁": 8, "一家": 5, "公司": 8, "投资": 9, "专访": 5, "称": 3, "川普": 3, "企业": 3, "肆意": 5, "逮捕": 5, "不用": 4, "五环短": 4, "L五环": 4, "短": 5, "秒拍": 9, "美美": 1, "自拍": 2, "满满": 1, "份": 1, "想": 1, "美": 2, "战略": 3, "某人": 2, "L大佬": 2, "记得": 1, "网上": 1, "篇": 1, "报道": 1, "去年": 1, "12月": 1, "名": 1, "工作": 1, "7": 1, "老": 1, "员工": 1, "北京": 1, "深圳": 2, "南京": 1, "4": 1, "套": 1, "房": 1, "卖掉": 1, "钱": 2, "用来": 1, "抄底": 1, "A股": 1, "。。。": 1, "回头": 1, "牛人": 1, "全新": 1, "打造": 1, "自动化": 2, "拍照": 5, "实验室": 2, "设置": 1, "项": 1, "场景": 1, "灯光": 1, "人脸": 1, "考验": 1, "技术": 2, "提出": 1, "严苛": 1, "挑战": 2, "独立": 1, "L华": 1, "官方": 1, "5G": 4, "CPEPro": 1, "内置": 1, "芯片": 1, "巴龙": 1, "5000": 1, "领先": 1, "性能": 1, "强劲": 1, "；": 4, "快": 1, "拉网线": 1, "秒": 2, "即可": 1, "下载": 1, "1GB": 1, "超清": 1, "电影": 1, "家居": 1, "带来": 1, "连接": 1, "臻": 3, "品质": 3, "图文": 1, "期间": 1, "条": 1, "抽": 3, "送": 3, "HUAWEIMate20Pro": 1, "AI": 3, "音箱": 3, "​​​": 1, "nova4": 1, "6GB": 1, "+": 2, "128GB": 1, "版本": 1, "今日": 2, "正式": 3, "开售": 1, "点赞": 1, "动​": 1, "全文": 1, "OCNN": 1, "值得": 1, "研发": 1, "机器人": 1, "搞": 1, "拧": 1, "螺丝": 1, "太太": 1, "落后": 1, "LHW前HR": 1, "三": 3, "内": 1, "选华": 1, "保时捷": 1, "谈": 2, "犯罪": 1, "错误": 2, "指出": 1, "打击": 1, "科技": 2, "损害": 1, "国际": 3, "声誉": 2, "风险": 1, "残暴": 1, "态度": 1, "罪行": 1, "迟早": 1, "解决": 1, "华尔街": 1, "日报": 1, "告诉": 1, "到底": 1, "牛叉": 1, "替代": 1, "L数码": 1, "熊": 1, "浪费": 1, "生命": 1, "珍贵": 1, "分钟": 1, "Nova4e": 1, "香": 1, "L短": 1, "面对": 1, "涉华": 1, "警告": 2, "最新": 1, "进展": 1, "极度": 1, "舒适": 1, "勿": 1, "默克尔": 1, "12日": 1, "回复": 1, "堪称": 1, "打脸": 1, "德国": 1, "做主": 1, "美苦": 1, "劝": 1, "意大利": 3, "合作": 1, "迎来": 1, "总理": 1, "官宣": 1, "4月": 1, "参加": 1, "一带": 3, "一路": 3, "峰会": 1, "倡议": 1, "G7": 1, "马耳他": 1, "恐怖": 1, "政策会": 1, "吓跑": 2, "投资人": 2, "兼": 1, "首席": 1, "执行官": 1, "总部": 1, "美媒": 1, "指责": 1, "单方面": 1, "针对": 1, "反问": 1, "直言": 1, "此举": 1, "影响": 1, "公正": 1, "联邦": 1, "法院": 1, "提起": 1, "诉讼": 1, "强有力": 1, "反击": 1, "对抗": 1, "风": 1, "#O": 1, "网页": 2, "链接O": 1, "链接": 1, "海雀AI": 1, "全景": 1, "摄像头": 1, "HUAWEIHiLink": 1, "2019": 1, "闭幕": 1, "带": 1, "回顾": 1, "要点": 1, "抽奖": 1, "平台": 1, "HiLink": 1, "O华": 1, "升级": 1, "IoT": 1, "不止": 1, "拥有": 2, "实力": 1, "配备": 1, "2400万A": 1, "I超": 1, "广角": 2, "摄": 2, "高达": 1, "120": 1, "°": 1, "超大": 1, "倍": 2, "视野": 1, "捕捉": 1, "精彩": 1, "大佬": 1, "携手": 1, "腾讯": 2, "音乐": 3, "娱乐": 2, "新增": 1, "千万级": 1, "曲库": 1, "听": 1, "四月": 1, "上线": 1, "(": 1, "评论": 1, "本条": 1, ")": 1, "智选": 1, "终端": 1, "服务": 1, "据说": 1, "Mate30": 1, "长": 1, "①": 1, "屏": 1, "②": 1, "背面": 2, "潜望": 1, "五": 1, "光学": 1, "变焦": 1, "③": 1, "副屏幕": 1}