{"工信部": 14, "部长": 12, "谈": 6, "5G": 41, "手机": 34, "：": 9, "4G": 25, "中国": 17, "标准": 10, "专利": 10, "全球": 16, "第一": 10, "9月": 6, "20日": 6, "苗圩": 6, "国新办": 6, "发布会": 9, "兼容SA": 6, "NSA": 6, "华为": 49, "明年": 8, "才能": 8, "大规模": 7, "投入": 9, "独立": 7, "组网": 7, "网络": 15, "大部分": 6, "足够": 7, "80%": 7, "工业": 7, "互联网": 7, "拥有": 5, "建设": 4, "启动": 4, "L老板": 6, "联播": 6, "视频": 13, "换上": 2, "主题": 2, "打开": 1, "频率": 1, "增加": 1, "Mate30": 13, "系列": 5, "官方": 1, "前沿": 1, "科技": 1, "注入": 1, "艺术": 1, "灵魂": 1, "喜欢": 1, "套": 1, "​": 11, "5g": 1, "划": 1, "重点": 1, "!": 2, "1.": 2, "高端": 2, "需求": 1, "够用": 1, "！": 6, ".": 5, "3": 4, "网": 1, "信号": 1, "4.": 2, "兼容": 1, "买": 4, "!哈哈哈": 1, "!​": 1, "揭秘": 1, "背后": 1, "男人们": 1, "2019": 1, "联接": 1, "大会": 1, "开发者": 4, "上千": 1, "名": 2, "到场": 1, "参与": 1, "终于": 1, "有幸": 1, "见到": 1, "平时": 2, "默默无闻": 1, "潜心": 1, "技术": 1, "耕耘": 1, "大佬们": 1, "正式": 1, "发布": 1, "沃土": 2, "计划": 2, "2.0": 1, "未来": 1, "5": 3, "15亿": 1, "美金": 1, "发展": 2, "500万": 1, "智能": 2, "世界": 1, "黑土地": 1, "一直以来": 1, "创造": 1, "广阔": 1, "空间": 1, "初衷": 1, "L梨": 1, "秒拍": 1, "马来西亚": 1, "68": 1, "岁": 1, "法师": 1, "林": 1, "文华": 1, "证明": 1, "法力无边": 1, "当众": 1, "表演": 1, "清蒸": 1, "30": 1, "分钟": 3, "悲剧": 1, "…​": 1, "專利": 2, "數": 1, "個": 1, "點": 2, "關鍵": 1, "才": 1, "質": 1, "長": 1, "提到": 1, "幾個": 2, "重點": 3, "1": 2, "、": 11, "華為": 2, "NSA與SA": 1, "對於": 1, "個人": 1, "來說": 1, "夠": 1, "運用": 1, "於": 2, "網組運": 1, "4": 1, "網": 1, "組運": 1, "工業": 2, "互聯網": 2, "篩選": 1, "投資": 1, "物": 1, "聯網": 1, "概念": 3, "股票": 1, "": 1, "股市": 1, "四季": 1, "红": 1, "6.6": 1, "英寸": 1, "屏幕": 10, "手感": 1, "不错": 1, "很": 4, "边框": 2, "窄": 1, "麒麟990": 1, "处理器": 1, "4000": 2, "W超": 1, "感光": 1, "三": 1, "摄": 1, "40": 1, "W有线": 1, "快充": 2, "27": 1, "W无线": 1, "UFS3.0": 1, "存储": 1, "售价": 1, "预计": 1, "3999": 1, "起步": 1, "值": 1, "mate30": 2, "这次": 2, "oled": 1, "都": 7, "指纹": 2, "区别": 1, "版本": 3, "曲面屏": 1, "纯平": 1, "显示": 1, "效果": 1, "荣耀": 2, "20pro": 2, "lcd": 1, "要好": 1, "不用说": 1, "曲面": 1, "瀑布屏": 3, "mate30pro": 1, "厚度": 1, "薄": 3, "毫安": 2, "4500": 1, "电池": 3, "只能": 2, "尺寸": 2, "mate20pro": 1, "实话": 2, "外观": 2, "设计": 8, "制作": 1, "工艺": 1, "越来越": 1, "真机": 2, "在手": 2, "质感": 1, "不少": 3, "用户": 1, "好看": 3, "一个": 3, "iphonexr": 1, "女生": 1, "男友": 1, "好丑": 1, "想": 2, "平板": 3, "附赠": 1, "姐姐": 2, "同款": 1, "颜值": 2, "王者": 1, "侧颜": 1, "酸": 1, "高颜值": 1, "弥补": 1, "平衡": 1, "M6": 1, "高能": 1, "版​": 1, "智慧屏": 3, "生活": 3, "整合": 1, "娱乐": 1, "社交": 1, "场景": 1, "家庭": 1, "智慧": 5, "管家": 1, "L华": 3, "大​": 2, "​​": 1, "听说": 1, "很多": 1, "小伙伴": 1, "希望": 2, "城市": 2, "体验": 6, "店Plus": 2, "授权": 1, "沈阳": 1, "万象汇": 1, "开业": 1, "阿华": 1, "去到": 1, "「": 1, "小白": 1, "测评": 2, "」": 1, "上手": 3, "这是": 3, "安卓": 1, "机皇": 1, "前方": 1, "简要": 1, "Mate30Pro": 4, "爆料": 1, "超大号": 1, "奥利奥": 1, "模组": 1, "太": 5, "实机": 1, "感觉": 5, "真的": 3, "整机": 4, "语言": 1, "相机": 1, "延续": 1, "P30": 2, "风格": 1, "超大曲": 1, "面屏": 1, "关注": 1, "本期": 1, "聊聊": 1, "~": 2, "L小白": 1, "苹果": 3, "iPhone11": 6, "选": 2, "近日": 1, "慕尼黑": 1, "消费者": 1, "业务": 3, "CEO": 1, "#余": 1, "承东": 1, "硬": 1, "刚": 1, "称": 4, "方形": 1, "Mate20": 1, "类似": 1, "容量": 1, "轻": 1, "刘海": 2, "短": 1, "深圳": 1, "机场": 1, "展台": 1, "玩": 2, "背部": 2, "颜色": 1, "上都": 1, "挺": 2, "沾": 1, "重量": 3, "198g": 1, "舒服": 3, "尤其是": 1, "手里": 2, "iPhoneXSMax": 1, "网上": 1, "先前": 1, "误触": 1, "一会儿": 1, "哈但": 1, "打动": 1, "单扬": 1, "声器": 1, "拍照": 1, "录像": 1, "拍": 1, "拿来": 1, "应急": 1, "拍Vlog": 1, "iPhone11Pro": 1, "最佳": 1, "选择": 1, "王朝磊": 1, "洛钼": 1, "集团": 1, "三道庄": 1, "矿区": 2, "矿工": 1, "矿山": 1, "工作": 2, "8": 1, "采矿": 1, "驾驶": 1, "挖掘机": 2, "进山": 1, "开采": 1, "地质": 1, "状况": 1, "随时": 1, "塌方": 1, "落石": 1, "危险": 1, "坐": 1, "空调": 1, "房": 1, "远程": 1, "操控": 1, "保障": 1, "挖矿": 1, "效率": 1, "提升": 1, "家里": 1, "亲人": 1, "放心": 1, "佑猴": 1, "20190920": 1, "全程": 1, "值得": 1, "👉🏻": 2, "全场": 1, "大合唱": 1, "阿张": 2, "超近": 1, "超清": 1, "心❤": 1, "️👉": 1, "🏻": 1, "深情": 1, "呼唤": 1, "托尼": 1, "安👉": 1, "🏻佑": 1, "猴": 1, "神仙": 1, "落泪": 1, "哥哥": 1, "爱": 2, "！！": 1, "L爱": 1, "哭": 1, "解构": 1, "上海": 1, "彩色": 1, "篇": 1, "拍摄": 1, "作者": 1, "@": 2, "陈曦Stanley": 1, "退出": 3, "服务器": 7, "市场": 6, "回应": 3, "误读": 3, "19日": 1, "计算": 1, "业务部": 1, "总裁": 1, "马海旭": 1, "开放": 1, "鲲鹏": 1, "主板": 1, "优先": 1, "支持": 2, "合作": 1, "伙伴": 1, "条件": 2, "成熟": 3, "停止": 2, "TaiShan": 4, "销售": 2, "言论": 1, "外界": 1, "解读": 1, "21日": 1, "聚焦": 1, "内部": 1, "配套": 1, "公司": 1, "并非": 1, "提供": 1, "证券": 1, "网O": 1, "Pro": 1, "5G版": 1, "想到": 1, "标准版": 1, "Mate305G": 1, "Mate30Pro5G": 1, "均": 1, "登陆": 1, "治愈": 1, "聊华": 1, "L": 1, "台湾": 1, "傻事": 1, "吹": 1, "黑": 1, "正面": 1, "忙": 1, "时间": 1, "mate30/pro": 1, "课代表": 1, "一成不变": 1, "成精": 1, "粉丝": 1, "门牙屏": 1, "正是": 1, "破坏": 1, "带来": 2, "美感": 1, "持握感": 2, "PRO": 1, "整体": 2, "压手": 1, "接受": 3, "之内": 1, "整块": 1, "88": 1, "°曲率": 1, "取代": 1, "框": 1, "盖衔": 1, "接处": 1, "层": 1, "中框": 1, "过渡": 3, "缺少": 1, "一点儿": 1, "持握": 1, "手掌": 1, "传达": 1, "毛毛蹭蹭": 1, "圆润": 2, "一体": 1, "带给": 1, "S10": 1, "Note10": 1, "摄像头": 2, "亮点": 2, "凸起": 1, "网图": 1, "骗人": 1, "店员": 1, "解释": 2, "预定": 1, "反而": 1, "价格": 1, "贵": 1, "好像": 1, "我省": 1, "钱": 1, "店门": 1, "Note10+5G": 1, "欺骗": 1, "回去": 1, "喝": 1, "散装": 1, "酒": 1, "都会": 1, "回答": 1, "种瓜得瓜": 1, "种豆得豆": 1, "_______": 1, "屏": 1, "顿": 1, "饭": 1, "真香": 1, "德国": 1, "·": 1, "慕尼": 1, "黑​": 1, "奇葩": 1, "辩手": 1, "杨奇函": 1, "买到": 1, "第一时间": 1, "屏保": 1, "永远": 1, "精神": 1, "日常": 1}