{"沙特阿拉伯": 1, "王国": 1, "华为": 59, "高级": 1, "体验店": 1, "HUAWEI": 1, "RIYADH": 1, "5日": 1, "首都": 1, "利雅得": 1, "隆重": 1, "开业": 1, "！": 11, "沙特": 2, "投资": 2, "总局": 1, "副局长": 1, "中国": 18, "驻": 1, "大使": 1, "亲自": 1, "到场": 1, "门店": 1, "剪彩": 1, "媒体": 1, "现场": 3, "报道": 4, "店": 1, "内": 1, "路演": 1, "迎来": 1, "三": 2, "层": 2, "人潮": 1, "感谢": 1, "消费者": 1, "热情": 1, "支持": 3, "新年": 2, "打卡": 1, "吸": 1, "壕": 1, "气": 1, "​": 15, "雷军": 15, "取消": 10, "关注": 15, "知乎": 10, "：": 31, "民族": 15, "品牌": 11, "小米": 13, "1月": 8, "8日": 6, "主页": 5, "显示": 5, "国产": 6, "手机": 19, "印度": 5, "市场": 9, "占有率": 5, "第一": 7, "骄傲": 6, "条": 8, "500多": 4, "回答": 4, "L": 3, "老板": 6, "联播": 5, "秒拍": 8, "视频": 13, "下午": 1, "消息": 8, "公司": 13, "创始人": 1, "兼": 2, "董事长": 3, "@": 4, "联播L": 1, "袁隆平": 5, "合作": 7, "培养": 4, "海水稻": 4, "谣言": 2, "急": 2, "点赞": 3, "…": 3, "近日": 3, "称": 5, "轮值": 1, "胡厚崑": 1, "培育": 1, "15亿": 1, "亩": 2, "盐碱地": 2, "改造": 1, "1亿": 1, "良田": 1, "一时间": 1, "网友": 4, "纷纷": 1, "昨晚": 1, "发": 1, "声明": 3, "水稻": 6, "种植": 4, "业务": 8, "计划": 4, "发布": 4, "相关": 5, "不少": 2, "留言": 1, "白赞": 1, "指出": 1, "都": 8, "忽视": 1, "信息": 1, "提供": 1, "ICT": 1, "技术": 11, "土壤": 1, "数字化": 2, "助力": 2, "改良": 1, "推动": 1, "物联网": 1, "、": 42, "大数据": 1, "互联": 1, "支撑": 2, "智慧": 1, "农业": 3, "发展": 4, "提供者": 2, "客户": 1, "转型": 1, "使能者": 1, "辟谣": 3, "依然": 1, "支持者": 1, "领域": 2, "未": 1, "缺席": 1, "网上": 2, "文章": 2, "跑偏": 1, "O华": 3, "(": 1, "来源": 1, ")": 1, "热传": 1, "晚": 1, "昨天": 1, "网络": 3, "不实": 1, "环球网": 1, "科技": 3, "属实": 1, "iPhoneXS": 1, "确实": 3, "动心": 1, "最终": 2, "败给": 1, "mate20Pro": 1, "死心": 1, "想": 1, "换华": 1, "骗子": 1, "翻车": 1, "马来西亚": 1, "68": 1, "岁": 1, "法师": 1, "林": 1, "文华": 1, "证明": 1, "法力无边": 1, "当众": 1, "表演": 1, "清蒸": 1, "30": 1, "分钟": 1, "悲剧": 1, "…L": 1, "神奇": 1, "mate20": 1, "拍摄": 1, "日本": 1, "景点": 1, "看完": 1, "荣耀": 1, "v20": 1, "选": 1, "viadaphnechien": 1, "美国": 14, "告": 3, "路透社": 2, "InterDigital": 4, "2日": 2, "深圳": 2, "中级": 2, "人民法院": 2, "提起": 2, "诉讼": 2, "指控": 2, "违反": 2, "公平": 3, "歧视": 2, "条件": 2, "3G": 2, "4G": 2, "5G": 3, "无线": 3, "通信": 3, "标准": 2, "至关重要": 2, "专利": 6, "授权": 3, "义务": 2, "法院": 2, "2019年": 2, "2023年": 1, "期间": 2, "产品": 2, "使用费": 1, "2018": 5, "摄影": 1, "比赛": 1, "作品": 1, "已然": 1, "崛起": 2, "势力": 1, "大世界": 1, "#​": 1, "南极": 2, "美": 2, "始于": 1, "想象": 1, "陷于": 1, "梦幻": 1, "忠于": 1, "纯净": 1, "跟着": 1, "Mate20": 3, "X": 1, "镜头": 1, "不失为": 1, "全新": 2, "视觉": 1, "享受": 1, "O网页": 1, "链接": 1, "L华": 2, "终端": 5, "官方": 2, "​​​": 2, "轻松": 2, "图片": 1, "瞬间": 1, "变身": 1, "编辑": 2, "PPT": 1, "系列": 3, "智能": 3, "文档": 1, "功能": 1, "码PPT": 1, "灵活": 3, "走到": 1, "哪码": 1, "~": 1, "韬光养晦": 2, "手段": 2, "目标": 2, "张维为": 2, "老师": 1, "领导人": 2, "很多": 2, "大风": 1, "大浪": 1, "历练": 1, "难道": 1, "流氓": 1, "打交道": 1, "人为": 1, "孟晚舟": 4, "出手": 1, "事情": 1, "气愤": 1, "不已": 1, "当年": 1, "轰炸": 1, "大使馆": 1, "事件": 5, "撞机": 1, "很": 1, "低调": 1, "中国人": 2, "始终": 1, "一点": 2, "明白": 1, "L观": 1, "工作室": 1, "搞": 1, "创新": 3, "苹果": 9, "三星": 7, "优势": 1, "战略": 2, "只能": 1, "跑": 1, "任正非": 2, "干垮": 1, "没关系": 2, "总公司": 1, "照样": 1, "再次": 1, "干": 1, "没戏": 1, "原话": 1, "风险": 1, "退": 1, "修整": 1, "七": 1, "八百亿": 1, "美金": 1, "管道": 1, "企业": 8, "运营商": 2, "东山再起": 2, "做错": 2, "件": 2, "波及": 1, "坐标": 1, "底线": 1, "困难": 1, "压力": 1, "冒险": 1, "精神": 1, "水平": 1, "堪称": 2, "世界": 2, "街采": 1, "巴新": 1, "朋友": 1, "喜欢": 5, "麦当劳": 1, "巴新人": 1, "眼中": 2, "元素": 2, "商品": 1, "Oppo": 1, "；": 7, "美食": 1, "豆腐": 1, "火锅": 1, "烤鸭": 1, "成龙": 1, "张继科": 1, "马云": 1, "城市": 1, "北京": 2, "上海": 1, "香格里拉......": 1, "巴新街": 1, "采↓": 1, "告诉": 1, "L人民日报": 1, "发现": 1, "身边": 1, "清一色": 1, "装": 1, "面子": 1, "时代": 2, "易": 1, "烊千玺": 1, "易烊": 3, "千玺": 2, "甜甜": 2, "BottegaVeneta": 1, "亚太区": 1, "代言人": 1, "超": 2, "话题": 1, "烊": 2, "千": 2, "玺": 2, "TFBOYS": 1, "千玺华": 1, "nova四": 1, "字": 2, "弟弟": 1, "yy": 1, "qx": 1, "28四": 1, "粉丝": 1, "L甜": 1, "酸奶": 1, "盖儿": 1, "焕然一新": 1, "开启": 1, "无限": 1, "10日": 1, "配色": 1, "惊喜": 1, "来袭": 1, "年度": 3, "国家": 2, "科学": 2, "进步奖": 2, "揭晓": 1, "新一代": 1, "刀片式": 3, "基站": 7, "BladeSite": 1, "解决": 3, "方案": 2, "研制": 1, "大规模": 1, "项目": 2, "一等奖": 1, "基带": 2, "主控": 1, "传输": 2, "中频": 1, "射频": 2, "芯片": 1, "高效": 2, "节能": 1, "拼装": 3, "全刀片": 1, "形态": 1, "设计": 2, "荣誉": 1, "突破": 1, "核心": 1, "设备": 1, "竞争力": 1, "持续": 1, "领先": 1, "社会": 1, "经济效益": 1, "采用": 1, "统一": 1, "模块化": 1, "电源": 1, "电池": 1, "微波": 1, "刀片化": 1, "模块": 1, "任意": 1, "快速": 2, "组合": 1, "无缝": 1, "安装": 2, "抱杆": 1, "贴塔": 1, "墙面": 1, "屋顶": 1, "站址": 1, "无需": 1, "机房": 1, "机柜": 1, "拼": 1, "积木": 1, "简单": 1, "便捷": 1, "2G/3G/4G": 1, "制式": 1, "频": 1, "多模": 1, "策略": 1, "利用": 1, "宝贵": 1, "站点": 3, "资源": 1, "大幅": 1, "降低": 1, "获取": 1, "难度": 1, "减少": 1, "租金": 1, "应对": 1, "增长": 1, "容量": 1, "需求": 1, "状告": 1, "英特尔": 1, "广东": 1, "知名": 1, "安哥": 1, "法律": 4, "渠道": 1, "跨国": 1, "纠纷": 1, "走": 1, "必由之路": 1, "参考": 1, "O新": 1, "轮": 1, "反击": 1, "启幕": 1, "真的": 1, "禁": 1, "3g,4g,5g": 1, "补充": 1, "谢谢": 1, "空耳": 1, "篇": 1, "感觉": 1, "场": 1, "冲突": 2, "2013年": 1, "类似": 1, "官司": 1, "商业": 1, "敏感": 1, "时间": 3, "过度": 1, "解读": 1, "看懂": 2, "AI肉": 2, "搏战": 2, "百度": 2, "AI": 5, "钱": 1, "德虎": 1, "银行": 2, "保险": 1, "汽车": 1, "家电": 1, "安防": 1, "零售": 1, "医疗": 1, "甚至于": 1, "眼下": 1, "传统": 1, "意味": 1, "各类": 1, "行业": 1, "拥抱": 1, "打开": 1, "工资卡": 1, "所在": 1, "APP": 1, "跳出": 1, "顾问": 1, "推荐": 1, "电商": 1, "卖家": 1, "客服": 1, "沟通": 1, "造车": 1, "自动": 1, "驾驶": 1, "进程": 1, "轰轰烈烈": 1, "家里": 1, "越来越": 1, "电器": 1, "远程": 1, "控制": 3, "口令": 1, "编程": 1, "拍照": 1, "直男": 1, "AI手机": 1, "拍出": 1, "女友": 1, "满意": 1, "照片": 1, "直观": 1, "感受": 1, "大潮": 1, "情况": 1, "出色": 1, "竞争者": 1, "巨头们": 1, "严密": 1, "布局": 1, "O一图": 1, "鲁": 1, "大师": 1, "UI": 1, "排行榜": 1, "名": 8, "EMUI": 1, "第二": 1, "努比亚nubiaUI": 1, "第三": 1, "黑鲨": 1, "JOYUI": 1, "第四": 1, "氢OS": 1, "第五": 1, "MIUI": 1, "第六": 1, "锤子": 1, "SmartisanOS": 1, "第七": 1, "魅族": 1, "Flyme​": 1, "风云录": 2, "失势": 2, "二线": 2, "调整": 2, "2018年": 1, "暗流": 1, "涌动": 1, "标杆": 1, "疲态": 1, "OV": 1, "奋力": 1, "追赶": 1, "机会": 1, "全球": 1, "力压": 1, "追兵": 1, "赶超": 1, "苗头": 1, "格局": 1, "重构": 1, "O2018": 1, "引渡": 2, "期限": 1, "美加": 1, "电话": 1, "加媒": 1, "环球": 1, "邮报": 1, "当地": 1, "7日": 1, "加拿大": 2, "总理": 1, "特鲁多": 1, "主动": 1, "致电": 1, "总统": 1, "特朗普": 2, "敦促": 1, "中方": 1, "施压": 1, "释放": 1, "公民": 1, "催促": 1, "美方": 1, "CFO": 1, "申请": 1, "交给": 1, "此刻": 1, "政府": 1, "处于": 1, "停摆": 1, "状态": 1, "开张": 1, "未定": 1, "影响": 1, "部门": 1, "包括": 1, "司法部": 2, "直击": 2, "|": 2, "联想": 5, "担忧": 2, "杨元庆": 3, "把握": 3, "CES19": 1, "问及": 1, "担心": 1, "身上": 1, "发生": 1, "集团": 1, "CEO": 1, "回应": 1, "国际化": 1, "管理层": 1, "各国": 1, "理解": 1, "法规": 1, "保证": 1, "犯": 1, "错误": 1, "O": 1, "联邦": 1, "检察官": 1, "尼尔森": 1, "案件": 1, "拥有": 1, "决定权": 1, "白宫": 1, "否决": 1}