{"跟风": 1, "高校": 5, "通知": 6, "华为": 61, "手机": 16, "免费": 4, "上网": 1, "一个": 11, "12月": 8, "18日": 4, "河南": 3, "郑州": 3, "学校": 1, "发布": 3, "：": 20, "凡": 3, "系列": 3, "同学": 3, "值班室": 1, "登记": 3, "校园网": 1, "对此": 1, "学生": 6, "炒作": 1, "营销": 1, "推广": 1, "实惠": 3, "挺": 1, "看法": 1, "L": 3, "新浪": 1, "新闻": 4, "客户端": 1, "秒拍": 12, "视频": 20, "​": 17, "庭审": 3, "落泪": 4, "孟晚舟": 22, "日记": 20, "首次": 6, "回应": 7, "记者": 2, "21日": 4, "公司": 10, "拿到": 2, "份": 6, "女士": 4, "近日": 5, "写": 5, "日本": 15, "居民": 2, "来信": 6, "写道": 2, "保释": 8, "那天": 3, "律师": 8, "不少": 4, "陌生人": 9, "打电话": 3, "财产": 3, "担保": 4, "认可": 3, "听": 3, "番": 3, "禁不住": 3, "泪流满面": 4, "——": 6, "信任": 4, "北京": 2, "日报": 2, "写下": 1, "人间": 4, "自有": 4, "真情": 4, "习惯": 1, "长年": 1, "这是": 3, "篇": 4, "2018年": 2, "19日": 3, "当地": 1, "时间": 2, "1日": 2, "加拿大": 7, "拘押": 1, "12日": 1, "全文": 3, "昨天": 1, "晚上": 1, "封": 1, "日本人": 2, "朋友圈": 2, "内": 4, "小小": 1, "刷屏": 1, "着实": 1, "温暖": 1, "!": 1, "无数": 2, "危难": 1, "才": 1, "关爱": 1, "法庭": 1, "手续": 1, "聊天": 1, "事务所": 1, "从业": 1, "四十几年": 1, "从来": 1, "泣不成声": 1, "福岛": 1, "地震": 5, "正好": 1, "美国": 20, "IBM": 3, "总部": 1, "参加": 1, "为期": 1, "Workshop": 2, "启动": 2, "IFS": 2, "变革": 3, "资深": 1, "财务": 2, "专家": 2, "轮": 1, "详细": 1, "沟通": 2, "刚刚": 1, "应急": 3, "预案": 6, "交给": 1, "财经": 4, "负责": 1, "包括": 2, "战争": 1, "、": 27, "瘟疫": 1, "动乱": 1, "什么的": 1, "业务": 1, "团队": 1, "制定": 1, "场景": 1, "平日": 1, "组织": 3, "演练": 1, "灾难": 1, "发生": 2, "部门": 1, "设计": 5, "快速": 2, "集结": 1, "响应": 1, "确实": 1, "走": 1, "孙": 2, "趟": 1, "回来": 2, "收获": 1, "同事": 1, "分享": 1, "讨论": 2, "达成": 2, "共识": 1, "思路": 1, "机票": 1, "东京": 1, "代表处": 2, "开会": 1, "灾": 2, "重建": 2, "工作": 9, "安排": 1, "客户": 2, "网络": 2, "抢修": 1, "日常": 1, "运行": 1, "工作组": 1, "成立": 1, "刚": 1, "太": 3, "事情": 1, "震后": 1, "再次": 1, "梳理": 1, "顺序": 1, "核对": 1, "记": 1, "很多": 1, "笔记": 1, "第一": 5, "接触": 1, "危机": 2, "实施": 1, "灾后": 1, "环节": 1, "协作": 1, "障碍": 1, "积累": 1, "宝贵": 1, "经验": 1, "尼泊尔": 2, "支撑": 1, "严建": 1, "高度": 1, "赞扬": 1, "这次": 1, "经历": 2, "很": 3, "提起": 1, "自豪": 4, "好人": 1, "终": 1, "好报": 1, "想到": 1, "八": 2, "回报": 2, "展现": 1, "面前": 1, "充满": 3, "无比": 2, "宽慰": 4, "踏": 2, "航班": 2, "勇敢": 5, "害怕": 5, "心中": 5, "坚守": 5, "信念": 5, "；": 2, "上苍": 2, "始终": 2, "努力": 4, "从不": 2, "忽略": 2, "付出": 2, "AI": 1, "收入": 1, "盒": 1, "放进": 1, "产品": 2, "大家族": 1, "满载": 1, "祝福": 1, "预祝": 1, "都": 4, "2018": 1, "期待": 1, "！": 11, "关注": 2, "转发": 2, "中共": 1, "认出": 1, "抽": 2, "送": 2, "HUAWEI": 1, "FreeBuds2": 1, "无线": 1, "耳机": 1, "陶瓷": 1, "白": 1, "3": 2, "圣诞节": 1, "当天": 2, "@": 6, "抽奖": 2, "平台": 2, "公布": 1, "O网页": 1, "链接": 2, "L华": 4, "终端": 5, "​​​": 1, "心声": 2, "社区": 2, "发表": 2, "孟": 2, "事件": 7, "发声": 2, "此次": 1, "谈起": 1, "感谢": 2, "谈到": 1, "17日": 1, "市民": 2, "回顾": 1, "当年": 1, "感慨": 1, "分内": 1, "O": 3, "网费": 2, "贴出": 2, "校园": 2, "网": 2, "人员": 2, "称": 4, "30": 2, "名额": 2, "限华": 2, "用户": 2, "七环": 2, "澎湃": 2, "来源": 1, "相关": 1, "人士": 1, "央视": 1, "CFO": 3, "全文​": 1, "回击": 1, "没用": 1, "证明": 2, "西方": 1, "围堵": 1, "频发": 1, "强势": 1, "上周": 1, "新西兰": 2, "CEO": 1, "范岩": 1, "先驱报": 1, "署名": 1, "文章": 1, "轮值": 1, "董事长": 1, "胡厚崑": 1, "国际": 1, "媒体": 1, "记者会": 2, "事实": 2, "说话": 1, "点名": 1, "设备": 2, "接近于": 1, "零": 1, "发现": 2, "中国": 13, "茅台": 1, "调制": 1, "鸡尾酒": 1, "味道": 1, "隔屏": 1, "干": 1, "杯": 1, "】品": 1, "茅台酒": 1, "游": 1, "赤水河": 1, "小哥": 1, "艾瑞克": 1, "期带": 1, "走进": 1, "大美": 1, "贵州": 2, "国酒": 1, "数谷": 1, "改革": 1, "开放": 1, "40年": 1, "BAT": 1, "纷纷": 1, "选址": 1, "建立": 1, "数据": 2, "中心": 1, "因地制宜": 1, "发展": 2, "大数据": 1, "综合": 1, "试验区": 1, "找到": 1, "条": 1, "适合": 1, "道路": 1, "L中报": 1, "附作品": 1, "1": 1, "油画": 2, "角色": 2, "任正非": 2, "此件": 1, "作品": 5, "几月": 1, "中兴": 1, "时期": 1, "预感": 1, "美": 3, "贸易战": 1, "局势": 1, "下手": 1, "背景": 2, "特朗普": 1, "肆意": 1, "飞舞": 1, "头发": 1, "手势": 1, "主体": 1, "人物": 1, "忍辱负重": 1, "坚毅不屈": 1, "危机感": 1, "神态": 1, "肢体": 1, "语言": 1, "画面": 2, "右边": 2, "附上": 2, "本人": 3, "创作": 2, "以华为傲": 1, "四": 3, "字": 4, "正值": 1, "三": 2, "高管": 1, "画室": 1, "商谈": 1, "收藏": 1, "事宜": 1, "画": 1, "异议": 1, "醒目": 1, "红色": 1, "Logo": 1, "沧桑": 1, "愤懑": 1, "委屈": 1, "形象": 4, "红枫": 1, "叶光斑": 1, "寓意": 1, "加国": 2, "拘捕": 2, "光鲜": 1, "公众": 1, "鲜明": 2, "对比": 2, "表达": 2, "不满": 1, "明星": 1, "高科技": 1, "企业": 1, "艺术化": 1, "声援": 1, "中华": 1, "有为": 1, "幅": 1, "书法": 1, "枫叶形": 1, "紧紧": 1, "围困": 1, "住": 1, "上端": 1, "开口": 1, "合拢": 1, "意喻": 1, "未": 1, "结束": 1, "走向": 1, "不确定性": 1, "包含": 1, "美好": 1, "善意": 1, "想象": 1, "结局": 1, "件": 1, "画笔": 1, "客观": 1, "表现": 2, "艺术": 1, "立场": 1, "态度": 1, "教育": 1, "美育": 1, "无须": 1, "文字": 2, "自然": 1, "心领神会": 1, "账号": 1, "钻": 1, "空子": 1, "枉顾": 1, "恶意": 1, "歪曲": 1, "中伤": 1, "散布": 1, "流言": 1, "制造": 1, "混乱": 1, "意欲": 1, "何为": 1, "国外": 2, "感动": 1, ".": 1, "告L": 1, "安妮": 1, "笔录": 1, "易烊": 13, "千玺": 2, "十八": 1, "岁": 1, "成年": 1, "亦": 1, "乘风": 1, "nova星": 1, "时尚": 1, "巅峰": 1, "力量": 1, "男朋友": 1, "少年": 2, "坚定": 1, "脚步": 1, "穿过": 1, "绕": 1, "未来": 1, "缝": 1, "心海": 1, "一路": 1, "向前": 1, "闯": 1, "广阔": 1, "天地": 1, "写意": 1, "人生": 1, "胸": 1, "翻": 1, "锦绣": 1, "前程": 1, "千": 9, "玺": 9, "中戏": 5, "弟弟": 1, "nova": 2, "野兽派": 1, "千玺阿迪": 1, "天猫": 1, "爸爸": 1, "沙宣": 1, "BottegaVenetayyqx帅yyqx": 1, "可爱": 2, "yy": 10, "qx": 15, "yq": 5, "x纪": 2, "梵希yyq": 2, "x天猫y": 2, "x华为yyqx": 2, "歌": 2, "舒适圈yy": 2, "舞蹈": 2, "短发yy": 1, "发型": 1, "封面": 1, "TFBOYS": 1, "千玺KDon'tTieMeDown-TFBOYS": 1, "千玺K": 1, "亲爱": 1, "K": 1, "恒温": 1, "动物": 1, "casescyyqx": 1, "对不起yy": 1, "千禧龙yy": 1, "qxlyyqxinsyyqxdvyyqx帅yyqx": 1, "x中戏y": 1, "短发": 1, "款": 1, "棒": 1, "mate20pro": 1, "手": 1, "感棒": 1, "呆": 1, "希望": 1, "摔": 1, "回": 1, "国安局": 2, "早已": 2, "侵入": 2, "系统": 2, "高喊": 2, "搞": 2, "经济": 2, "间谍": 3, "政府": 1, "支持": 2, "黑客": 1, "活动": 2, "前所未有": 1, "大规模": 1, "起诉": 1, "联想": 1, "长": 1, "科学家": 1, "留学生": 1, "华人": 1, "连续": 1, "指责": 1, "深切": 1, "担忧": 1, "浮出": 1, "水面": 1, "上世纪中叶": 1, "麦卡锡主义": 1, "幽灵": 1, "复生": 1, "?O": 1, "全球": 1, "荟": 1, "白俄罗斯": 1, "首家": 1, "品牌": 1, "体验店": 1, "正式": 1, "开业": 1, "凌晨": 1, "死忠粉": 1, "自带": 1, "被褥": 1, "门外": 1, "通宵": 1, "排队": 1, "第一时间": 1, "感受": 1, "Mate20": 4, "黑科技": 1, "场面": 1, "火爆": 1, "变形": 1, "金刚": 1, "人偶": 1, "驻": 1, "店": 1, "互动": 1, "Mate20Pro": 3, "小时": 1, "售罄": 1, "热情": 1, "令人感动": 1, "喜爱": 1, "场": 1, "浪漫": 1, "邂逅": 1, "奇遇": 4, "照相馆": 4, "24日": 1, "1月": 1, "nova4": 2, "天津市": 1, "南开": 1, "大悦城": 1, "赴约": 1, "关晓彤": 2, "～": 1, "官方": 2, "总理": 2, "5G": 2, "不用": 1, "政治": 3, "彭博社": 1, "20日": 1, "报道": 1, "特鲁多": 2, "市场": 1, "情报": 2, "机关": 2, "五": 1, "眼": 1, "联盟": 1, "英": 1, "澳": 1, "信息": 1, "基础": 1, "近期": 1, "沃达丰": 1, "捷豹": 1, "合作": 1, "C-V2X": 3, "蜂窝车": 1, "联网": 1, "技术": 3, "研究": 1, "可喜": 1, "成果": 1, "相比": 1, "传统": 1, "拥有": 2, "传播": 1, "距离": 1, "短": 1, "时延": 1, "通信": 2, "能力": 2, "如同": 1, "蜘蛛侠": 2, "丝": 1, "车": 2, "周边": 1, "设施": 1, "互联网": 1, "相连": 1, "汽车": 2, "mate20": 1, "RS": 1, "保时捷": 2, "配": 2, "12999": 1, "元": 2, "苹果": 1, "贵": 2, "国产": 1, "选": 2, "曝光": 3, "孟写": 1, "...": 1, "O华": 1, "看完": 1, "圈粉": 1, "创意": 2, "丝毫": 1, "输": 1, "广告": 2, "![Aloha][Aloha][Aloha]L": 1, "智慧": 1, "科技": 5, "创新": 1, "美学": 1, "刷新": 1, "赢": 1, "起跑线": 1, "就要": 1, "快": 1, "天际": 1, "飞": 1, "超级": 1, "快充": 2, "疾速": 1, "充电": 1, "等待": 1, "+": 1, "带": 1, "话题": 1, "救急": 1, "随机": 1, "备咖": 1, "存储": 1, "英伦灰": 1, "谈": 1, "法律": 2, "忘": 1, "正义": 2, "道德": 2, "……": 1, "袁": 3, "期": 1, "老师": 1, "聊": 2, "看上去": 1, "影响": 1, "东西": 1, "实际上": 1, "原因": 2, "被捕": 1, "人才": 1, "意识": 1, "恶法": 1, "国内法": 1, "干预": 1, "别国": 1, "国家": 1, "做法": 1, "早就": 1, "屡见不鲜": 1, "多年": 1, "斗智斗勇": 1, "摸索": 1, "套": 1, "规避": 1, "霸道": 1, "针对": 1, "套路": 1, "一点": 1, "谈论": 1, "规则": 1, "唯独": 1, "关系": 1, "L观": 1, "工作室": 1, "摄影师": 1, "就位": 1, "新年": 1, "合影": 2, "打算": 1, "拍": 1, "Lnova": 1, "晓彤": 1, "邀": 1, "哇哈哈": 1, "老": 1, "干妈": 1, "上市": 1, "L龚": 1, "凯杰": 1, "愈来愈": 1, "艰难": 1, "不禁": 1, "戳": 1, "——O": 1, "披露": 1, "写声": 1, "援信": 1, "内容": 1, "暖心": 1, "难怪": 1, "稳": 1, "实测": 1, "iPhone": 1, "双卡": 1, "双待": 1, "功能": 1, "。。。": 1, "双卡双待": 1, "卡": 1, "不行": 2, "测试": 1, "iPhoneXSMax": 1, "抢": 2, "红包": 2, "给力": 1, "怪不得": 1, "老是": 1, "L好奇": 1, "实验室": 1}