{"华为": 47, "5G": 12, "揭秘": 1, "2012": 3, "实验室": 4, "：": 13, "未来": 2, "都": 7, "诞生": 1, "研发": 1, "首次": 2, "神秘": 1, "公开": 1, "露面": 1, "任正非": 6, "命名": 1, "创新": 1, "、": 11, "研究": 2, "平台": 1, "开发": 1, "主体": 1, "即将": 1, "产品": 1, "新型": 1, "材料": 1, "天线业界": 1, "先进": 5, "@": 6, "老板": 3, "联播": 4, "梨视": 1, "频L": 1, "秒拍": 6, "视频": 12, "​": 17, "秒": 1, "看懂": 2, "到底": 2, "厉害": 1, "首款": 1, "进网": 1, "手机": 4, "远程": 3, "操控": 2, "挖掘机": 2, "Real5G": 1, "行业": 4, "标杆": 2, "不仅仅": 1, "拼": 1, "速度": 1, "MWC2019": 1, "上海": 1, "展示": 1, "第一": 2, "款": 1, "入网": 1, "场景": 1, "基站": 1, "设备": 3, "斩获": 1, "50": 1, "商业": 1, "合同": 1, "称": 1, "专利": 2, "占比": 5, "占": 3, "27%": 1, "投入": 1, "数千": 1, "篇": 1, "论文": 1, "L老板": 1, "小米": 5, "回应": 1, "萌拍": 1, "抄袭": 3, "苹果": 8, "事件": 1, "表情": 2, "人脸": 1, "自动": 2, "生成": 2, "素材": 1, "捏": 2, "搞机": 1, "少女": 1, "图用": 1, "差不多": 1, "牛逼": 1, "节奏": 2, "带": 2, "博主": 1, "原文": 1, "确实": 1, "动不动": 1, "黑": 1, "老老实实": 1, "md": 1, "戏": 1, "A股": 8, "收复": 1, "3000": 3, "垃圾": 2, "分类": 3, "概念股": 3, "大涨": 2, "迎来": 1, "7月": 4, "开门红": 1, "沪指": 3, "涨逾": 2, "2%站": 1, "深成指": 2, "创业板指": 2, "飙升": 1, "4%": 1, "市": 2, "3488": 1, "股": 6, "上涨": 5, "104": 1, "下跌": 1, "118": 1, "涨停": 4, "跌停": 1, "1日": 4, "概念": 6, "板块": 7, "5%": 2, "星星": 1, "科技": 8, "二十": 1, "涨": 2, "3%": 1, "L新京报": 1, "​​​": 2, "新京报": 1, "发布": 2, "头条": 1, "文章": 1, "汰弱留强": 2, "赚钱": 2, "季": 1, "": 4, "财经": 2, "每日": 1, "必读": 1, "周一": 1, "(": 2, "芯片": 10, "/": 2, "半导体": 2, "OLED": 2, ")": 2, "+": 1, "环保": 1, "普涨": 2, "格局": 1, "主板": 1, "放量": 2, "预设": 1, "明日": 2, "观察": 3, "成交量": 1, "放大": 1, "强势": 3, "接力": 1, "效应": 1, "恢复": 3, "重点": 3, "泰晶": 1, "绿色": 1, "动力": 1, "情绪": 1, "走势": 1, "不及": 1, "预期": 1, "风标": 1, "套利": 2, "落袋为安": 1, "操作": 2, "1": 1, "3": 1, "涨停板": 1, "O汰": 1, "弱留": 1, "nova5": 2, "系列": 1, "虚化": 1, "繁杂": 1, "背景": 1, "拍": 1, "时尚": 1, "大片": 1, "摄影师": 2, "邵迪": 1, "迪玛希": 1, "迪玛希ARNA": 1, "U": 1, "演唱会": 1, "品品": 1, "mua～": 1, "吻wsl": 1, "…": 1, "迪尔妹妹": 1, "P30pro": 1, "拍摄": 1, "迪玛希DimashL迪玛": 1, "娇娇": 1, "券商": 2, "什么的": 1, "大佬": 2, "明天": 2, "面板": 3, "封": 1, "行情": 5, "二话": 1, "年初": 1, "路": 2, "干": 2, "三": 2, "板": 1, "基本面": 1, "价格": 1, "触底": 1, "本来": 1, "国杀": 1, "韩一": 1, "撕逼": 1, "渔翁": 1, "得利": 1, "股价": 1, "低": 1, "消费": 1, "旺季": 1, "下半年": 2, "大屏": 1, "坐等": 1, "大佬们": 1, "今晚": 2, "聚义厅": 1, "商量": 1, "举旗": 1, "笔记本": 6, "买": 6, "胡歌": 1, "只能": 1, "签华": 1, "！": 7, "O": 1, "网页": 2, "链接": 2, "喜欢": 1, "送": 1, "温度": 1, "影像": 3, "开启": 2, "2019": 4, "分享": 2, "大赛": 2, "全球": 6, "投稿": 2, "用户": 2, "中国": 14, "参赛者": 1, "编辑": 1, "精选": 1, "作品": 1, "距离": 1, "征稿": 1, "截止": 1, "时间": 2, "一个": 4, "踊跃": 1, "期待": 1, "更多": 1, "一同": 1, "镜头": 1, "精彩": 1, "画面": 1, "不止": 1, "#O": 1, "L华": 2, "官方": 1, "盘面": 2, "走": 3, "越来越": 2, "理性": 3, "价值": 7, "投资": 1, "资金": 3, "占据": 1, "主导": 3, "；": 9, "是非": 1, "领导者": 1, "游资": 2, "操盘": 1, "手法": 1, "最新": 2, "司法": 1, "解释": 1, "影响": 1, "能力": 1, "创业板": 2, "美国": 9, "解除": 1, "利好": 3, "推动": 2, "美": 5, "贸易": 3, "摩擦": 1, "缓和": 1, "利于": 1, "风险": 1, "厌恶": 1, "性型": 1, "长线": 1, "进场": 1, "加仓": 1, "核心": 2, "资产": 2, "追捧": 1, "关键": 2, "走弱": 1, "领头羊": 1, "随风": 1, "飘": 1, "弱": 1, "表现": 1, "风向": 1, "标的": 1, "特性": 2, "一览无余": 1, "全线": 4, "走强": 1, "多重": 1, "消息": 3, "刺激": 2, "三大": 3, "股指": 4, "集体": 2, "高开": 6, "1.76%": 1, "深成": 1, "指涨": 2, "2.45%": 1, "2.29%": 1, "黄金股": 1, "杀跌": 1, "逾": 1, "个股": 2, "超百股": 1, "亦": 1, "飘红": 1, "邱宇": 1, "万物": 1, "皆": 1, "AI": 1, "全世界": 2, "1900万": 1, "儿童": 3, "患有": 1, "程度": 1, "视觉": 2, "功能": 1, "障碍": 2, "低龄": 1, "配合": 1, "医生": 1, "诊疗": 1, "棘手": 1, "西班牙": 1, "医学": 1, "机构": 3, "IISAragon": 1, "联合": 1, "发起": 1, "辅助": 2, "检测": 2, "系统": 1, "TrackAI": 1, "项目": 1, "人工": 1, "智能": 1, "视力": 1, "旨在": 1, "尽快": 1, "摆脱": 1, "疾患": 1, "最终": 1, "美丽": 1, "世界": 1, "展厅": 1, "矿山": 1, "挖机": 1, "司机": 1, "师傅": 1, "将来": 1, "空调房": 1, "不再": 1, "遭罪": 1, "L奥卡姆": 1, "剃刀": 1, "日本": 4, "媒体": 1, "报道": 1, "P30Pro": 3, "组件": 5, "来源": 1, "国家": 3, "地区": 1, "金额": 1, "成本": 2, "大陆": 3, "38.1%": 2, "23%": 2, "米国": 2, "16.3%": 2, "台湾": 3, "7.9%": 1, "韩国": 3, "7.7%": 1, "1631": 2, "零件": 3, "869": 2, "53.2%": 1, "562": 2, "34.4%": 1, "83": 2, "80": 2, "4.9%": 1, "15": 2, "0.9%": 3, "禁令": 1, "闹剧": 1, "等于": 1, "广告": 1, "大疆": 1, "内": 1, "公司": 2, "热词": 3, "积累": 3, "|": 2, "卢敏": 2, "老师": 2, "六月": 3, "汇总": 1, "翻译": 1, "硕士": 1, "考研": 2, "顶住": 1, "压力": 1, "焦点": 1, "国际": 1, "会议": 1, "加油": 1, "O热词": 1, "热": 1, "词汇": 1, "总​": 1, "夏季": 2, "达沃斯": 2, "朱民": 1, "进口": 3, "卖给": 3, "O凤凰": 1, "专题": 1, "2019年": 1, "大连": 1, "塑造": 1, "金融业": 1, "分论坛": 1, "讨论": 1, "金融": 2, "研究院": 1, "院长": 1, "朱": 1, "民说": 1, "产业链": 1, "全球化": 1, "割裂": 1, "不和": 1, "合作": 1, "企业": 5, "在意": 1, "去年": 1, "4780亿": 1, "美元": 3, "产值": 1, "进口量": 1, "接近": 1, "四分之三": 1, "O朱民": 1, "L凤凰网": 1, "http": 1, "://mapi/768ab125ly1g4k5rj6gkkj20": 1, "cj": 1, "08": 1, "xwp0": 1, "财观": 1, "Vlog": 1, "特朗普": 3, "个性": 1, "得理不饶人": 1, "类型": 1, "贸易战": 1, "占到": 1, "便宜": 1, "老特": 3, "绝不": 1, "收手": 2, "穷追猛打": 1, "对方": 2, "投降": 1, "为止": 1, "加征": 2, "关税": 2, "供货": 2, "心慈手软": 1, "良心": 1, "发现": 3, "实在": 1, "逼": 1, "无奈": 1, "不得已而为之": 1, "眼看": 1, "逆差": 1, "高科技": 1, "纷纷": 1, "反水": 1, "悄悄": 1, "中小企业": 1, "反对": 1, "声": 1, "……": 2, "想": 2, "硬抗": 1, "扛": 1, "不住": 1, "实事求是": 1, "商人": 1, "一点": 1, "好处": 1, "玩": 1, "赔本": 1, "买卖": 1, "伊朗": 1, "打下": 1, "无人机": 1, "划算": 1, "生给": 1, "忍": 1, "断供": 1, "拿出": 1, "备胎": 1, "忙乎": 1, "半天": 1, "臊": 1, "搭脸": 1, "收": 1, "话音": 1, "未": 2, "落": 1, "势头": 1, "不对": 1, "硬着头皮": 1, "吞": 1, "回去": 1, "生死": 1, "看淡": 1, "不服": 1, "平头哥": 1, "面前": 1, "优点": 1, "懂得": 1, "知难而退": 1, "票": 2, "盘中": 1, "大盘": 1, "周末": 1, "股涨": 1, "科技股": 5, "玩票": 1, "首选": 1, "现实": 1, "实战": 2, "经验": 1, "才能": 1, "做出": 1, "正确": 1, "选择": 1, "上证": 1, "指数": 1, "sh000001": 1, "今日": 1, "看盘": 1, "磋商": 1, "重启": 1, "谈判": 1, "答应": 1, "3000亿": 1, "美金": 1, "商品": 1, "加税": 1, "川普": 1, "出售": 1, "零部件": 2, "消息面": 1, "转暖": 1, "有望": 1, "大幅": 1, "处在": 1, "小四浪": 1, "调整": 2, "结束": 1, "小五": 1, "浪": 1, "幅度": 1, "减仓": 1, "持有": 1, "六成仓": 1, "迎接": 1, "小五浪": 1, "收涨": 2, "掀涨": 1, "停潮": 1, "相关": 1, "爆发": 1, "单边": 1, "上扬": 1, "截至": 1, "收盘": 1, "报收": 3, "3044.90": 1, "涨幅": 3, "2.22%": 1, "9530.46": 1, "3.84%": 1, "1568.16": 1, "3.75%": 1, "谢": 1, "艺观": 1, "美企": 2, "一家": 1, "拆解": 1, "元器件": 1, "提供": 4, "59.36": 1, "日企": 1, "数量": 1, "最多": 1, "过半": 1, "金": 1, "博士": 1, "点评": 1, "自力更生": 1, "奋发图強": 1, "原创": 1, "企業": 1, "意義": 1, "造船": 1, "船": 3, "租": 1, "旧": 1, "思维": 1, "大國": 1, "博弈": 1, "竞爭": 1, "兼容": 1, "模式": 1, "更新": 1, "翻篇": 1, "L": 1, "100": 3, "品牌": 9, "四": 3, "英国": 1, "评估": 1, "榜单": 1, "共有": 1, "排名": 1, "排": 1, "第七": 1, "622.78亿": 1, "上年": 1, "增加": 1, "63.7%": 1, "O2019": 1, "温柔": 1, "梦": 1, "盛": 1, "世间": 1, "行色匆匆": 1, "摄影": 1, "6LYR": 1, "30pro": 1, "Hello": 1, "七月": 1, "盛夏": 1, "光影": 1, "​​": 1, "看图": 1, "说话": 1, "专卖店": 2, "区别": 1, "超越": 1, "正式": 1, "6月": 1, "27日": 1, "创始人": 1, "CEO": 1, "接受": 1, "加拿大": 1, "环球": 1, "邮报": 1, "采访": 2, "外界": 1, "关注": 2, "太": 1, "技术": 1, "含量": 1, "忽略": 1, "电路板": 1, "改版": 1, "工作量": 1, "实体": 1, "清单": 1, "死亡": 1, "威胁": 1, "心声": 1, "社区": 1, "O关键": 1, "时刻": 1, "建": 1, "信息": 1, "网络": 1, "卖": 1}