{"任正非": 18, "回应": 3, "谷歌": 3, "：": 13, "降": 3, "100多": 3, "亿": 3, "美元": 3, "收入": 3, "影响": 3, "接下来": 2, "三年": 6, "内": 2, "鸿蒙": 2, "打造": 2, "一个": 10, "苹果": 4, "系统": 4, "媲美": 2, "操作": 2, "华为": 52, "优势": 2, "都": 11, "硬件": 2, "软件": 4, "改变": 2, "落后": 2, "状况": 2, "O": 2, "​": 22, "听说": 1, "发": 3, "18": 1, "图片": 1, "照片": 5, "试试": 1, "回顾": 1, "金灿荣": 5, "香港": 11, "演讲": 3, "(": 3, "完整版": 3, ")": 3, "美国": 12, "趴下": 3, "五": 4, "老二": 3, "国家": 5, "中国": 16, "优点": 3, "发起": 3, "贸易战": 4, "、": 14, "封杀": 3, "干涉": 3, "事务": 3, "皆": 3, "遏制": 3, "发展": 5, "以此": 3, "保住": 3, "长期": 5, "领域": 3, "综合": 3, "国力": 3, "霸主": 3, "地位": 3, "守护": 1, "#L": 1, "泡泡": 2, "Pisces": 2, "视频": 16, "​​​": 2, "运动": 8, "装备": 1, "很": 5, "挑剔": 1, "外观": 1, "美": 3, "性能": 1, "要好": 1, "酷": 1, "青春": 1, "今日": 4, "开售": 4, "WatchGT#2": 4, "戳": 3, "~": 3, "轻装": 1, "聊聊": 1, "想": 2, "尝试": 1, "模式": 1, "！": 10, "L华": 4, "终端": 3, "官方": 3, "秒拍": 2, "潮人": 1, "出街": 1, "岂能": 1, "将就": 1, "化上": 1, "精致": 1, "妆": 1, "美美": 1, "发型": 1, "忘": 1, "配": 1, "一块": 1, "酷酷": 1, "出行": 1, "超酷": 1, "腕": 1, "黑科技": 1, "酷青春": 2, "赶紧": 1, "安排": 3, "评论区": 1, "聊": 2, "pick": 1, "款": 3, "政委": 1, "时间": 6, "长": 2, "建议": 1, "先码": 1, "女孩": 1, "辱骂声": 1, "中用": 1, "普通话": 1, "发言": 1, "特区": 1, "政府": 1, "呼吁": 1, "珍惜": 1, "停止": 1, "暴力": 1, "交易所": 2, "拟": 1, "收购": 1, "伦敦": 1, "L影视": 1, "吐槽君": 1, "CNBC": 3, "家族": 4, "揽": 1, "收华": 1, "副业": 2, "企业": 2, "报道": 1, "全球性": 1, "公司": 3, "超过": 1, "170": 1, "地区": 1, "拥有": 2, "逾": 1, "18万": 1, "名": 1, "员工": 2, "元素": 1, "成员": 1, "酒店": 1, "食品": 1, "葡萄酒": 1, "网络": 1, "扮演": 1, "关键": 1, "角色": 1, "电信": 1, "无关": 1, "女儿": 1, "孟晚舟": 1, "首席": 4, "财务官": 1, "广为人知": 1, "；": 2, "弟弟": 1, "树录": 1, "物流官": 1, "头衔": 1, "内容": 1, "包括": 1, "监督": 1, "建筑": 1, "餐饮": 1, "酒店业": 1, "儿子": 1, "现年": 1, "44": 1, "岁": 1, "任平": 1, "子公司": 2, "深圳": 1, "慧通": 1, "商务": 1, "有限公司": 1, "老板": 2, "休闲": 1, "旅游": 1, "HWTrip": 1, "任平慧通": 1, "业务": 1, "一部分": 2, "家人": 2, "继任": 1, "执行官": 2, "家庭": 1, "关系": 1, "私营": 1, "原因": 1, "信任": 1, "儒家式": 1, "分享": 1, "成功": 1, "义务感": 1, "价格": 1, "接近": 1, "iPhone11": 3, "Mate30Pro": 4, "只能": 1, "选": 6, "主力机": 1, "昨晚": 1, "才": 2, "欧盟": 1, "中立": 1, "华": 1, "汽车": 1, "钢材": 1, "66%": 1, "加征": 1, "关税": 2, "点名": 1, "发布": 2, "5G": 7, "风险": 1, "评估": 1, "警告": 1, "世界": 3, "支持": 1, "八国联军": 1, "毛衣战": 1, "丈夫": 1, "12年": 1, "去世": 1, "财产": 1, "留给": 1, "90后": 1, "妻子": 1, "莫名": 1, "地心": 1, "酸​": 1, "领导者": 1, "作用": 1, "不仅仅": 1, "可用": 1, "手机": 8, "相关": 1, "概念": 1, "电子": 2, "板块": 1, "有失": 1, "偏跛": 1, "请问": 1, "四": 1, "轮子": 1, "物联网": 1, "重头戏": 1, "概念股": 1, "宽广": 1, ".": 4, "好多": 2, "同学": 1, "私信": 1, "音量": 1, "调节": 1, "灵敏": 1, "简单": 1, "教学": 1, "技巧": 1, "✌️": 1, "L钟": 1, "文泽": 1, "最新": 4, "采访": 5, "竞争": 2, "对手": 2, "衰落": 2, "10月": 2, "10日": 1, "心声": 1, "社区": 1, "接受": 2, "财富": 1, "杂志": 1, "纪要": 1, "9月": 1, "19日": 1, "全球化": 1, "重要性": 1, "等待": 1, "美国商务部": 1, "批准": 1, "厂家": 1, "恢复": 2, "供应": 1, "拖": 1, "不利": 1, "社交": 1, "场合": 1, "蹦出": 1, "尴尬": 1, "信息": 4, "短信": 2, "提示": 1, "银行卡": 1, "余额": 1, "展示": 1, "案例": 1, "一半": 1, "发来": 1, "撒娇": 1, "……": 5, "当代": 1, "年轻人": 1, "秘密": 1, "头发": 1, "复习": 1, "惊艳": 2, "Mate30": 1, "AI": 2, "保护": 2, "功能": 2, "智能": 2, "识别": 1, "机主": 1, "私密": 2, "自动": 1, "隐藏": 1, "消息": 2, "小米": 5, "红米": 1, "三星": 2, "无线": 1, "海威特": 1, "蓝牙": 2, "耳机": 2, ">>": 3, ">": 2, "拼搏": 1, "年纪": 1, "努力": 2, "早晚": 1, "日进": 1, "寸": 1, "拱": 1, "卒": 1, "才能": 1, "遗憾": 5, "已故": 1, "亲人": 1, "手": 1, "童年": 1, "时光": 2, "回": 1, "笑容": 1, "向前": 3, "一辈子": 1, "念想": 1, "@": 2, "京东": 1, "通讯": 1, "拍摄": 1, "电影": 1, "这是": 2, "段": 2, "老": 1, "寻找": 1, "主人": 1, "遂心": 1, "旅": 1, "充满": 1, "前行": 2, "新生": 1, "旅程": 1, "带": 1, "真实": 1, "感受": 1, "埋下": 1, "馈赠": 1, "团圆": 1, "或许": 1, "残酷": 1, "从不": 1, "忘带": 1, "11日": 1, "神偷": 1, "温情": 1, "上线": 1, "背着": 1, "一路": 1, "L新": 1, "世相": 1, "完美": 1, "侧颜": 1, "杀": 1, "巧": 2, "这不": 1, "...": 2, "刚好": 1, "喜欢": 2, "拍": 2, "侧脸": 2, "朋友": 1, "...哈哈哈": 1, "相机": 1, "+": 1, "调色": 1, "求赞": 1, "": 2, "懵圈": 1, "南京": 1, "L圈歌": 1, "36": 1, "幅": 1, "2019": 1, "影像": 1, "大赛": 2, "获奖": 1, "精选": 1, "作品": 2, "入选": 1, "人民日报社": 1, "故宫": 2, "博物院": 1, "合办": 1, "人文": 1, "历史": 1, "摄影展": 1, "用户": 1, "摄影": 1, "走进": 1, "访客": 1, "观赏": 1, "确认": 1, "眼神": 1, "心动": 1, "感觉": 2, "山河": 1, "湖海": 1, "陪": 1, "体验": 1, "意见": 1, "称": 1, "周末": 1, "6": 1, "班": 1, "加班费": 3, "1.4万": 1, "也就是说": 1, "2300": 1, "元": 1, "不少": 1, "预算": 1, "6000": 1, "vivoNEX3": 1, "1990年": 1, "郭平": 3, "轮值": 1, "董事长": 1, "受命": 1, "开发": 1, "256": 1, "交换机": 2, "立项": 1, "找": 1, "谈话": 1, "导师": 1, "科研": 1, "经费": 1, "郭": 1, "平答": 1, "八九十万": 1, "1000万": 2, "东西": 1, "一下子": 1, "神圣": 1, "使命感": 3, "责任感": 1, "产品": 3, "晚上": 2, "工作": 3, "12点": 1, "实验室": 1, "干": 1, "通宵": 1, "512": 1, "研发": 1, "投入": 1, "究竟": 1, "花": 2, "钱": 1, "责任": 3, "使命": 1, "层面": 1, "没日没夜": 1, "快乐": 1, "面对": 1, "痛苦": 1, "压力": 3, "诚": 1, "生命": 3, "承受": 2, "久而久之": 1, "生活": 1, "节律": 1, "离开": 1, "负重": 1, "超载": 1, "状态": 1, "轻": 1, "失重感": 1, "渴望": 2, "承担": 1, "驱动": 1, "日复一日": 1, "刻意": 1, "推动": 1, "内心": 1, "动力": 1, "强劲": 1, "火车头": 1, "拉": 1, "趟": 1, "列车": 1, "奋勇": 1, "李召军": 1, "正能量": 1, "抓": 1, "重点": 1, "续航": 1, "长长长": 2, "花式": 1, "叫卖": 1, "哈哈哈": 1, "怀疑": 1, "炫耀": 1, "证据": 1, "点击": 1, "项": 1, "北京": 3, "商报": 1, "O网页": 1, "链接": 1, "贸易": 1, "谈判": 1, "反击": 1, "#1": 1, "协议": 1, "阶段性": 1, "达成": 1, "2.10月": 1, "15": 1, "终止": 1, "提高": 1, "3": 1, "采购": 1, "农副产品": 1, "4.": 1, "供货": 1, "5.": 1, "慢慢": 1, "谈": 1, "韩国": 2, "全球": 4, "第一": 1, "商用": 1, "提供": 1, "通信": 1, "技术": 1, "富有": 1, "创意": 1, "惊叹": 1, "奇思妙想": 1, "之中": 1, "地铁": 2, "AR": 1, "艺术展": 1, "车": 1, "无聊": 1, "快": 2, "打卡": 1, "奇趣": 1, "L": 1, "网友": 1, "下午": 1, "自燃": 1, "惨烈": 1, "现场": 1, "Mate9Pro": 1, "联想": 5, "约定": 1, "目标": 1, "市场": 2, "变化": 1, "2016年": 1, "11": 1, "16日": 1, "CEO": 3, "杨元庆": 2, "雷军": 1, "余承东": 1, "大佬": 1, "饭局": 1, "三": 1, "厂商": 2, "代表": 1, "制造": 1, "携手": 1, "跨越": 1, "TOP3": 1, "1": 1, "如今": 1, "位居": 1, "第四": 1, "差异": 1, "胡歌": 2, "［": 1, "超话": 1, "］": 1, "亲拍": 1, "激动": 1, "感谢": 1, "30proL雨": 1, "霁天": 1, "晴": 1, "0722": 1, "·": 1, "大学": 1}