{"张艺兴": 7, "工作室": 2, "声明": 1, "#1": 1, "、": 17, "解约": 9, "华为": 70, "爱国": 3, "？？": 5, "不好意思": 1, "代言": 5, "支线": 2, "品牌": 12, "从来": 1, "针对": 2, "代言人": 3, "正当": 2, "待遇": 1, "！": 30, "遵守": 1, "合约": 2, "维护": 3, "权益": 2, "并非": 1, "黑口": 1, "三星": 11, "MAC:mac": 1, "邮件": 2, "美工": 1, "人员": 1, "失误": 1, "包括": 1, "美国": 7, "法国": 1, "中国": 24, "印度": 1, "国": 2, "地图": 5, "搞错": 2, "事发": 1, "mac第一时间": 1, "语言": 1, "全球": 6, "通报": 1, "国家": 10, "道歉": 1, "放": 2, "第一": 7, "明明白白": 1, "支持": 3, "一个": 10, "原则": 2, "全世界": 2, "表率": 1, "请问": 1, "3": 1, "乐天": 2, "萨德": 1, "事件": 5, "参与": 1, "团内": 1, "韩国": 5, "成员": 1, "本人": 1, "无关": 1, "事实": 1, "都": 10, "整理": 1, "黑": 2, "依旧": 1, "装瞎": 1, "想": 2, "问问": 1, "究竟": 3, "领土": 2, "完整": 2, "利用": 1, "严肃": 1, "话题": 1, "骂": 1, "带有": 1, "偏见": 1, "自我": 1, "判断": 1, "都会": 1, "明白": 2, "这是": 2, "回": 2, "更新": 1, "：": 21, "粉丝": 1, "时刻": 1, "主权": 3, "澄清": 1, "保护": 1, "自查": 1, "后任": 1, "态度": 3, "永远": 3, "逼": 2, "目的": 1, "到底": 1, "评论": 2, "单纯": 2, "竟然": 1, "不少": 1, "放心": 1, "买": 11, "…": 1, "笑": 3, "爆": 1, "尊重": 1, "何居心": 1, "清晰": 1, "迫于": 1, "大众": 2, "压力": 3, "发现": 2, "无视": 1, "处事": 1, "敢于": 1, "面对": 1, "出事": 1, "第一时间": 1, "划清": 1, "界限": 1, "责令": 1, "修改": 1, "尚未": 1, "曝光": 1, "错误": 2, "解决": 3, "顶": 2, "做事": 1, "此举": 1, "件": 2, "事情": 2, "严重性": 1, "打击": 1, "没事": 1, "侥幸": 1, "心理": 2, "别人": 2, "有人": 2, "快": 3, "到期": 1, "合同": 1, "违约金": 1, "打折": 1, "公司": 4, "舆论": 1, "查": 1, "电子": 2, "手机": 21, "系列": 2, "敬佩": 1, "成熟": 1, "冷静": 1, "回顾": 1, "三": 3, "开发者": 4, "大会": 3, "十年磨一剑": 1, "鸿蒙": 26, "OS": 8, "Cyberverse": 1, "创新": 1, "科技": 3, "发布": 5, "可贵": 1, "优秀": 1, "业界": 1, "合作": 3, "伙伴": 3, "碰撞": 1, "思想": 1, "火花": 1, "希望": 3, "这次": 1, "带给": 1, "行业": 4, "发展": 5, "作用": 1, "明年": 1, "再见": 1, "L华": 2, "终端": 1, "视频": 9, "​": 16, "建": 3, "开源": 4, "基金": 2, "一两": 3, "内": 2, "运营": 3, "控制权": 2, "8月": 3, "10日": 2, "松湖": 1, "对话": 1, "环节": 1, "消费者": 2, "BG": 1, "软件": 2, "总裁": 8, "@": 6, "王成录": 2, "讨论": 1, "基金会": 3, "正式": 3, "公益": 1, "非盈利": 1, "开放": 1, "解释": 1, "很多": 2, "架构": 1, "运作": 1, "主导权": 1, "O华": 1, "筹建": 1, "控制": 1, "权L": 1, "老板": 1, "联播": 1, "秒拍": 2, "中卫": 1, "西瓜": 2, "名": 1, "硒砂瓜": 1, "个头": 1, "价钱": 1, "挺": 1, "便宜": 1, "八毛": 1, "瓜": 1, "52": 1, "块钱": 4, "地道": 1, "风物": 1, "P30": 1, "效果": 1, "太": 4, "手里": 1, "象假": 1, "依次": 1, "iphone": 2, "mete20": 1, "30": 2, "天师": 1, "卡赞": 1, "X": 1, "小时": 1, "奇遇": 1, "神奇": 1, "宁夏": 1, "同程": 1, "验客": 1, "手上": 1, "台": 1, "iPhonexsmax": 1, "30pro": 1, "512G": 1, "感受": 2, "非专业": 1, "人士": 2, "女性": 1, "角度": 1, "分享": 1, "📱华": 1, "30pro1": 1, "⃣️": 2, "充电": 4, "巨快": 1, "！！": 5, "剩": 2, "50%": 1, "电量": 1, "洗": 1, "澡": 1, "充满": 2, "！！！": 1, "惊呆": 1, "好快": 1, "2⃣️": 1, "拍照": 6, "亮点": 1, "原因": 2, "拍": 4, "夜景": 3, "的确": 2, "牛逼": 1, "景拍人": 1, "大光圈": 1, "10": 2, "倍": 1, "变焦": 1, "自拍": 3, "失真": 1, "美": 3, "……": 2, "这才": 1, "真实": 2, "样纸": 1, "哈哈哈3": 1, "安卓": 6, "系统": 19, "惯": 2, "感觉": 1, "流畅性": 1, "差": 2, "一点点": 1, "骄傲": 1, "4": 2, "⃣": 3, "️": 3, "反向": 1, "很": 5, "厉害": 1, "宝用": 1, "后背": 1, "iphonexsmax": 1, "速度": 1, "充耳": 1, "机会": 5, "快点": 1, "5": 1, "双卡": 1, "双待": 1, "登陆": 1, "wx": 1, "喜欢": 4, "6": 1, "颜色": 1, "好看": 1, "天空": 1, "境": 1, "📱": 1, "iPhoneXSMax": 1, "好说": 1, "真人": 1, "丑": 1, "显示": 4, "偏黄色调": 1, "用久": 1, "卡": 1, "贵": 1, "做成": 1, "真的": 3, "套用": 1, "公公": 1, "钱": 3, "中国人": 1, "赚": 2, "哈哈哈哈": 1, "黑科技": 1, "AI": 1, "智慧": 3, "视觉": 2, "美食": 1, "卡路里": 1, "饱": 1, "一半": 2, "减肥者": 1, "福音": 1, "A": 1, "I": 1, "懂": 1, "扫": 1, "晓彤": 3, "游乐园": 2, "nova5iPro": 2, "前置": 2, "3200万": 1, "人像": 1, "超级": 5, "后置": 3, "4800万AI四": 1, "摄": 1, "功能": 1, "惊艳": 1, "关晓彤": 2, "成都": 2, "nova": 1, "夜拍": 1, "照片": 1, "实力": 2, "演绎": 1, "美景": 1, "美的": 1, "荣耀": 5, "谈": 2, "电视": 6, "价格战": 3, "苹果": 3, "卖": 2, "几百": 2, "首款": 1, "操作": 9, "产品": 3, "智慧屏": 1, "赵明-George": 1, "接受": 1, "媒体": 1, "采访": 1, "谈到": 1, "注重": 1, "价值": 1, "价格": 1, "八百": 1, "一手": 1, "屏幕": 1, "Mate和P": 1, "O荣耀": 1, "L": 1, "大佬": 1, "时间": 1, "发": 1, "任正非": 1, "讲话": 1, "5G": 13, "小儿科": 1, "人工": 2, "智能": 3, "才": 3, "产业": 2, "战略": 2, "要地": 1, "核心": 1, "要素": 1, "计算": 1, "存储": 1, "超速": 1, "连接": 1, "不用": 1, "落后": 2, "魅族": 1, "高级": 1, "副总裁": 1, "李楠": 2, "评价": 2, "叫好": 1, "当年": 2, "阿里云OS": 1, "国产": 2, "无用": 1, "鲜明": 1, "对比": 1, "对抗": 1, "年轻": 2, "消费": 2, "群体": 1, "换代": 1, "618": 1, "数据": 2, "力度": 1, "看待": 1, "算是": 1, "漂亮": 1, "Note10": 1, "DxO": 1, "很快": 2, "公布": 2, "得分": 1, "Note10+": 1, "P30Pro": 3, "位置": 1, "拉": 1, ".": 1, "西方": 1, "高等": 1, "农村": 1, "8K": 1, "老": 1, "自信": 2, "样子": 1, "可爱": 1, "莫名": 1, "自豪": 1, "电影": 1, "L影": 1, "视生": 1, "时代": 3, "呼唤": 2, "打破": 2, "魔咒": 2, "多难": 2, "2018年": 1, "中兴": 19, "倪光南": 5, "学生": 1, "梁宁": 1, "段": 1, "芯片": 6, "往事": 1, "慨叹": 1, "10多": 1, "年前": 1, "搞定": 1, "知识": 1, "产权": 1, "选择": 2, "技术": 3, "路线": 1, "找": 1, "干": 2, "投入": 3, "CPU／": 1, "搞不定": 1, "依然": 3, "差距": 1, "生态": 6, "绕": 2, "Intel": 1, "跨": 1, "微软": 2, "如今": 2, "ARM": 1, "不再": 1, "花": 1, "值得": 1, "期待": 1, "主流": 2, "Windows": 1, "+": 2, "英特尔": 1, "CPU": 1, "组合": 2, "迁移": 1, "谷歌": 5, "Android": 2, "iOS+ArmCPU": 1, "或许": 1, "掀起": 2, "想象": 1, "空间": 1, "浪潮": 1, "O时代": 1, "丨": 1, "深网": 1, "屏": 1, "款": 2, "这不": 2, "未来": 1, "GalaxyNote10": 1, "＋": 1, "DxOMark": 1, "评分": 1, "排名": 1, "113分": 1, "99分": 1, "双榜": 1, "冠军": 1, "118分": 1, "101": 1, "接下来": 1, "Mate30Pro": 1, "小米": 3, "MIX4": 1, "刷新": 1, "成绩": 1, "夸过": 1, "最多": 1, "国货": 1, "昨天": 1, "带": 1, "儿子": 1, "参加": 1, "创业": 1, "大赛": 1, "晚上": 1, "群": 1, "创业者": 1, "聊起": 1, "发文": 1, "挣钱": 1, "看衰": 1, "别国": 1, "不行": 3, "才能": 2, "挟洋": 2, "自重": 1, "前瞻": 1, "执行": 1, "理解": 2, "不说": 1, "150": 1, "推": 1, "看好": 1, "晚": 1, "殊不知": 1, "不仅仅": 1, "测绘": 1, "实时": 1, "定位": 1, "GPS": 1, "北斗": 1, "补充": 2, "精准": 2, "160": 1, "地区": 1, "建设": 2, "网络": 1, "基站": 1, "能力": 1, "唯有": 1, "远": 1, "扎": 1, "天天": 1, "自重者": 1, "北京": 1, "·富力城": 1, "B区": 1, "百度": 5, "推出": 2, "巴士": 2, "否认": 1, "项目": 2, "生变": 2, "11日": 1, "公关部": 1, "回应": 4, "称": 2, "相关": 2, "内容": 1, "不实": 1, "阿波龙": 1, "车": 1, "重庆": 1, "落地": 1, "财报": 1, "19年": 1, "季度": 1, "亏损": 1, "3.27亿": 1, "元": 10, "研发": 6, "支出": 1, "42亿": 1, "同比": 1, "增长": 1, "26%": 1, "腾讯": 3, "滴滴": 1, "蔚来": 1, "入局": 1, "自动": 1, "驾驶": 1, "L五环": 1, "短": 1, "外媒": 2, "类似": 2, "Fuchsia": 2, "挑战": 4, "媲美": 2, "报道": 1, "提及": 1, "类型": 1, "设备": 1, "类似于": 1, "FuchsiaOS": 1, "倒挂": 1, "金钟": 1, "障碍": 1, "克服": 1, "O外媒": 1, "688": 1, "持续": 1, "调整": 1, "创业板": 1, "中小板": 1, "科技股": 2, "沾": 2, "市值": 1, "交易性": 1, "": 1, "Minystyle||": 1, "🌃": 1, "夜感": 1, "🐂🍺": 1, "！！​": 1, "4G": 7, "掀": 1, "降价": 7, "热潮": 2, "1000": 4, "甩卖": 2, "旧": 1, "巧合": 1, "近期": 2, "销售": 1, "平台": 3, "股": 1, "颇": 1, "清理": 1, "库存": 1, "态": 1, "天猫": 1, "统计": 1, "超过": 3, "启动": 1, "主力": 1, "机型": 2, "售价": 2, "直降": 1, "500": 1, "9": 2, "vivoX27": 1, "Note9": 1, "热门": 2, "紧跟": 1, "步伐": 1, "下调": 3, "100-400": 1, "OPPO": 1, "FindX": 1, "Magic2": 1, "700": 1, "创下": 1, "新低": 1, "总体": 1, "降幅": 1, "10%": 1, "30%": 1, "值得一提的是": 1, "上市": 1, "三四": 1, "O": 2, "换机": 2, "甩卖O": 1, "联想": 1, "总工": 1, "前天": 1, "发声": 1, "展现": 1, "无比": 1, "激动": 1, "难": 3, "市场": 1, "建立": 1, "80": 1, "终于": 1, "自主": 1, "历史": 1, "负": 1, "青春": 1, "献给": 1, "奋斗": 1, "方向": 1, "企业": 4, "含泪": 1, "离开": 1, "30岁": 1, "短短的": 1, "一句话": 1, "泪下": 1, "道尽": 1, "无奈": 1, "心酸": 1, "汇丰": 4, "银行": 3, "范宁": 4, "黄碧娟": 4, "离职": 5, "集团": 2, "行政": 3, "港媒": 1, "消息": 2, "大中华区": 2, "日前": 1, "辞职": 1, "发言人": 1, "新京报": 1, "记者": 1, "确认": 1, "总经理": 1, "离任": 1, "寻求": 1, "黄": 1, "碧娟": 1, "O汇丰": 1, "高管": 1, "工程师": 1, "吐槽": 1, "官方": 1, "在职员工": 1, "关": 1, "nova星人": 1, "相聚": 1, "八月": 1, "炙热": 1, "欢喜": 1, "温暖": 1, "陪伴": 1, "星星": 1, "女孩": 1, "甜酣": 1, "笑语": 1, "带来": 1, "灼日": 1, "清凉": 1, "心动": 1, "~​": 1, "通讯": 1, "意味着": 2, "为数不多": 1, "投资": 1, "超": 1, "100亿": 1, "领域": 1, "高科技": 1, "赚取": 1, "高层": 1, "犯": 1, "砍": 2, "掉": 1, "营销": 2, "广告": 2, "非核心": 1, "努力": 1, "恢复": 1, "标准": 3, "专利": 2, "15%": 1, "12%": 1, "体量": 1, "1/6": 1, "24%": 1, "面临": 1, "恶劣": 1, "围攻": 1, "难以": 1, "推广": 1, "表决会": 1, "高通": 1, "利益": 1, "面前": 1, "毅然": 1, "站": 1, "对手": 1, "投票权": 1, "高〈": 1, "企业权": 1, "贡献者": 1, "票": 2, "酱油": 1, "1": 1, "〉": 1, "数据库": 1, "击败": 1, "阿里": 1, "巨杉": 1, "唯一": 1, "满分": 1, "工信部": 1, "测试": 1, "国际": 1, "外国人": 1, "45%": 1, "营收": 1, "国外": 1, "表面": 1, "确实": 2, "违规": 2, "在先": 1, "告密": 1, "老美": 1, "抓": 1, "把柄": 1, "导致": 1, "理亏": 1, "力争": 1, "指责": 1, "美方": 2, "屈服": 1, "尴尬": 1, "认罚": 2, "方法": 2, "违背": 1, "契约": 1, "精神": 1, "整体": 1, "麒麟": 1, "构架": 1, "买arm": 1, "dsp": 1, "德州": 1, "仪器": 1, "冷嘲热讽": 1, "齐心协力": 1, "提升": 1, "何必": 1, "捧": 1, "踩": 2, "困难": 1, "现金链": 1, "几亿": 1, "百亿": 1, "含": 1, "港澳台": 1, "第6": 1, "76": 1, "祝福": 1, "小泽vlog": 1, "攻陷": 1, "食堂": 2, "颤抖": 1, "趟": 2, "西安": 3, "研究所": 2, "哪哪": 1, "白": 1, "灵机一动": 1, "期": 1, "vlog": 1, "风格": 1, "面食": 1, "臊子": 1, "辣子": 1, "平时": 1, "爱": 1, "吃面": 1, "吃": 1, "过瘾": 1, "L钟": 1, "文泽": 1, "​O": 1, "抽奖": 1, "详情": 1, "深击": 2, "|": 2, "备胎": 4, "野心": 2, "外界": 1, "视为": 1, "应对": 1, "禁用": 1, "对此": 1, "业务": 1, "一度": 1, "不悦": 1, "东西": 1, "事实上": 1, "打造": 1, "软硬件": 1, "闭环": 1}