{"华为": 76, "25": 12, "份": 12, "5G": 28, "商业": 15, "合同": 15, "营收": 12, "突破": 9, "1000亿": 11, "美元": 12, "技术": 9, "有限": 2, "公司": 9, "周二": 3, "超过": 6, "处于": 3, "全球": 13, "领先": 3, "地位": 3, "出货": 3, "逾": 3, "1万": 3, "基站": 3, "副董事长": 3, "兼": 3, "轮值": 4, "CEO": 5, "胡厚崑": 4, "深圳": 2, "总部": 2, "新闻": 4, "发布会": 4, "预计": 3, "历史": 4, "一个": 6, "里程碑": 4, "2017年": 1, "920亿": 1, "赚钱": 3, "季": 3, "2018年": 2, "多事": 1, "背景": 1, "美国": 10, "发起": 1, "华": 1, "贸易战": 1, "中国": 11, "遭遇": 1, "场": 1, "战役": 1, "上半年": 1, "中兴": 2, "下半年": 1, "和气": 1, "生财": 1, "企业": 7, "眼中钉肉中刺": 1, "枪打出头鸟": 1, "原因": 2, "实力": 1, "过于": 1, "强大": 3, "尤其是": 1, "名列前茅": 1, "引发": 1, "警惕": 1, "科学": 1, "国界": 1, "国家": 3, "相互": 1, "借鉴": 1, "发展": 1, "经济": 1, "一体化": 1, "产业链": 1, "一荣俱荣": 1, "一损俱损": 1, "浅显": 1, "易懂": 1, "道理": 1, "全都": 1, "讲": 1, "不通": 1, "冷战": 1, "时期": 2, "美": 1, "英": 1, "澳": 1, "五": 2, "眼": 2, "联盟": 2, "+": 1, "日本": 1, "联手": 1, "打压": 7, "封杀": 1, "拒绝": 1, "六": 1, "国": 3, "市场": 5, "这两天": 1, "法德": 1, "施压": 1, "选边": 1, "站队": 1, "排斥": 1, "爱": 2, "恨": 1, "才": 2, "！": 12, "实在": 2, "太": 1, "既生瑜何生亮": 1, "简直": 1, "气煞": 1, "这是": 3, "疯": 1, "号称": 1, "世界": 4, "领导者": 2, "拉帮结伙": 1, "拼凑": 1, "八国联军": 1, "欺压": 1, "挑战": 1, "欺人太甚": 1, "物极必反": 1, "雪压": 1, "青松松": 1, "青": 1, "霜": 1, "红叶": 1, "叶": 1, "红": 2, "巴统会": 1, "17": 1, "制裁": 1, "几十": 1, "依然": 1, "逆风": 1, "飞扬": 1, "成长": 2, "强国": 1, "14亿": 1, "中国人": 1, "10亿": 1, "手机": 15, "充满": 1, "生机": 1, "希望": 1, "数字": 2, "大部": 1, "采用": 1, "产品": 3, "前景": 1, "高铁": 1, "网购": 1, "网络": 10, "支付": 1, "都": 2, "明白": 1, "～": 1, "点亮": 1, "nova4": 4, "@": 7, "TFBOYS": 3, "易烊": 5, "千": 4, "玺": 5, "开启": 1, "段": 1, "颇": 1, "惊": 1, "nova星": 1, "探索": 1, "旅": 1, "光影": 1, "交汇": 1, "、": 7, "色彩": 1, "流转": 1, "跟着": 1, "脚步": 1, "解锁": 1, "新品": 2, "亮点": 1, "O网页": 2, "链接": 2, "L华": 1, "终端": 2, "官方": 2, "秒拍": 9, "视频": 15, "​​​": 1, "特鲁多": 4, "重申": 1, "加拿大": 4, "司法": 2, "独立": 3, "记者": 2, "：": 14, "特朗普": 4, "总理": 1, "贾斯廷·特鲁多": 1, "16日": 1, "接受": 1, "加媒": 1, "采访": 1, "提到": 1, "高管": 1, "孟晚舟": 3, "事件": 1, "针对": 1, "总统": 1, "表态": 1, "介入": 1, "案": 1, "称": 8, "重视": 1, "法治": 1, "实行": 1, "保护": 1, "追问": 1, "打电话": 1, "这话": 1, "回答": 1, "谈": 1, "新版": 1, "北美": 1, "自贸": 1, "协议": 2, "毒丸": 1, "条款": 1, "侵害": 1, "主权": 1, "满意": 1, "无需": 1, "理由": 1, "随时": 1, "退出": 1, "威胁": 1, "环球": 1, "时报": 2, "三": 2, "缺": 1, "二视": 1, "频组": 1, "视": 1, "频L": 1, "国内": 1, "苹果": 7, "专卖店": 5, "力挺": 1, "卖": 2, "隔壁": 2, "买": 3, "难道": 1, "美帝": 1, "霸道": 1, "行径": 1, "公愤": 1, "感觉": 1, "这次": 1, "无辜": 1, "近日": 3, "海外": 1, "为首": 1, "恶意": 1, "歧视": 6, "公平": 1, "对待": 1, "公开": 1, "支持": 7, "网友": 5, "网上": 1, "曝出": 1, "一家": 3, "爱国": 1, "究竟": 1, "回": 1, "这家": 3, "流动": 1, "广告牌": 1, "白色": 1, "大字": 1, "照片": 2, "清晰": 1, "老板": 1, "曝光": 1, "人满为患": 1, "对比": 1, "Mate20": 1, "影力": 1, "觉醒": 1, "俯瞰": 1, "青藏": 1, "高原": 1, "上帝": 1, "视角": 1, "江苏": 1, "​": 17, "易": 1, "烊": 1, "世贸": 1, "打卡": 1, "保释": 1, "4": 3, "反击": 1, "震撼": 1, "18日": 2, "消息": 1, "努力": 1, "制造": 1, "恐惧": 1, "利用": 1, "政治": 3, "干预": 1, "行业": 2, "增长": 1, "自豪": 2, "客户": 1, "信任": 1, "新浪": 1, "美股": 1, "O华": 3, "对话": 1, "易烊": 2, "千玺": 3, "nova": 2, "代言人": 2, "喜欢": 1, "功能": 1, "电影": 2, "少年": 2, "造型": 1, "演出": 1, "这部": 1, "吸引": 1, "地方": 1, "理解": 1, "时尚": 3, "态度": 5, "温馨": 1, "提示": 1, "大佬": 2, "示范": 1, "帅": 1, "自拍": 1, "pose": 1, "🤳喔": 1, "快": 1, "戳": 1, "👉": 1, "千玺L": 1, "IF": 1, "景区": 12, "回应": 6, "门票": 5, "利益": 6, "关系": 2, "15日": 4, "河南": 5, "神农山": 5, "发布": 4, "公告": 2, "用户": 11, "入园": 2, "质疑": 2, "工作": 2, "人员": 2, "单纯": 2, "想": 4, "并非": 2, "活动": 4, "损坏": 2, "其他人": 2, "降低": 2, "L新京报": 2, "新京报": 1, "专注": 1, "身份": 1, "亮相": 1, "品牌": 1, "温润": 1, "红色": 1, "西装": 1, "碰撞": 1, "寒冬": 1, "附上": 1, "丝": 1, "流彩": 1, "冬日": 1, "抹": 1, "显得": 1, "别样": 1, "温暖": 1, "耀眼": 1, "黑色": 1, "内搭": 1, "彰显": 1, "沉稳": 1, "蜕变": 1, "听说": 1, "拍Vlog": 1, "style君": 1, "期待": 1, "波": 1, "民族": 2, "打开": 1, "小象": 1, "优品": 1, "APP": 1, "搜索": 1, "福利": 1, "即可": 1, "6.9": 1, "块钱": 1, "到手": 1, "柠檬": 1, "茶": 1, "箱": 1, "限前": 1, "2019": 1, "名": 1, "↓↓↓": 1, "12月": 5, "老": 1, "O真": 1, "营销": 1, "反向": 1, "社评": 2, "当代": 2, "科技": 4, "冤案": 2, "构陷": 1, "纠集": 1, "力量": 1, "角度": 2, "很": 1, "正派": 1, "违背": 1, "长期": 1, "道义": 1, "和平": 1, "知识": 2, "产权": 1, "体系": 2, "自由": 1, "规则": 1, "主导": 2, "创新": 1, "粗暴": 1, "干涉": 1, "打击": 1, "地缘": 1, "倒退": 1, "科研": 1, "市场化": 1, "赋予": 1, "含义": 1, "定性": 1, "登峰造极": 1, "想必": 1, "载入": 1, "史册": 1, "O": 1, "国产": 1, "红人": 1, "诞生": 1, "L": 3, "内涵": 1, "姿势": 1, "意大利": 3, "电信": 6, "商力": 1, "挺": 1, "最佳": 3, "合作": 3, "伙伴": 2, "卓越": 3, "供应商": 3, "路透社": 1, "报道": 2, "11日": 1, "沃达丰": 2, "西奥": 1, "政府": 2, "明令禁止": 1, "外别": 1, "无他法": 1, "事实": 1, "谈论": 2, "空间": 1, "领军者": 1, "得益": 1, "能力": 2, "技能": 2, "开放": 2, "运营商": 1, "表现": 1, "基准": 1, "测试": 2, "保证": 1, "先进性": 1, "性能": 1, "无疑": 1, "改革": 1, "40": 1, "周年": 1, "创始人": 1, "总裁": 1, "任正非": 6, "1987年": 1, "领": 1, "老小": 1, "租住": 1, "棚屋": 1, "中年": 1, "离异": 1, "失业": 1, "背": 1, "200万": 1, "巨额": 1, "债务": 1, "破釜沉舟": 1, "筹集": 1, "2.1万": 1, "元": 1, "注册": 1, "成立": 1, "有限公司": 1, "研发": 2, "第一": 1, "全体": 1, "员工": 1, "失败": 1, "楼上": 1, "跳": 1, "三十": 1, "过后": 1, "如今": 1, "标杆": 1, "通信": 1, "誉为": 1, "影响力": 1, "十大": 1, "华商": 1, "人物": 1, "周一": 1, "周五": 1, "凤凰": 1, "卫视": 2, "中文台": 1, "每晚": 1, "19:05": 1, "敬请": 1, "关注": 1, "L凤凰": 1, "点赞": 1, "反对": 1, "回帖": 1, "都市": 1, "霓虹": 1, "炫彩": 1, "流光": 1, "青春": 1, "想象": 1, "配色": 1, "评论": 1, "款": 1, "心头": 1, "免票": 4, "疑蹭": 1, "热点": 2, "澎湃": 2, "焦作": 2, "风景区": 2, "官微": 2, "做法": 1, "蹭": 1, "相关": 2, "负责人": 2, "对此": 1, "未": 1, "力所能及": 2, "事情": 2, "千玺华": 1, "直播": 1, "哈哈哈": 1, "粉丝": 1, "真的": 1, "超": 1, "可爱": 1, "啃鸡腿": 1, "吃": 1, "宠溺": 1, "微笑": 2, "闹": 1, "LTF": 1, "情报局": 1, "设备": 1, "制造商": 1, "~~": 1, ".": 1, "军武": 1, "菌​": 1, "印度": 6, "不利于": 1, "建设": 2, "完整": 2, "服务": 3, "巨头": 1, "参加": 1, "试验": 1, "亚洲": 1, "落后": 1, "部长": 1, "提出": 1, "年内": 1, "加快": 1, "2022年": 1, "提供": 1, "付出": 1, "代价": 1, "跨越": 1, "101": 1, "未来": 2, "生命": 1, "呼吸": 1, "懂得": 1, "自我": 1, "学习": 1, "抱有": 1, "万万千千": 1, "需求": 1, "应变": 1, "应对": 1, "自如": 1, "智慧": 1, "解决": 1, "方案": 1, "130多": 1, "地区": 1, "故事O": 1, "8": 1, "案例": 1, "园区": 1, "断舍": 1, "全家福": 1, "前排": 1, "苏": 1, "薇": 1, "夫人": 1, "；": 1, "后排": 1, "平": 1, "总之子": 1, "姚": 1, "安娜": 1, "总次": 1, "女": 2, "总长": 1, "祝福": 2, "A股": 1, "走出": 1, "走势": 1}