{"无线": 3, "耳机": 2, "、": 16, "智能": 2, "音箱": 1, "半导体": 1, "集成": 1, "电路": 1, "华为": 40, "苹果": 3, "概念": 1, "涨幅": 1, "领先": 4, "大盘": 1, "指数": 2, "深成指": 1, "创业板": 1, "一点": 1, "​": 19, "否认": 2, "折叠屏": 6, "手机": 18, "延期": 4, "辟谣": 3, "：": 10, "MateX": 6, "计划": 4, "开售": 4, "今日": 1, "网上": 1, "媒体": 1, "称": 3, "原定": 1, "11月": 3, "15日": 2, "发售": 2, "首款": 1, "再次": 1, "未": 1, "推迟": 1, "明天": 2, "商城": 1, "时间": 1, "显示": 1, "10:08": 1, "O折": 1, "叠屏": 1, "媳妇": 1, "Mate30pro": 1, "……": 2, "…": 1, "家庭": 1, "地位": 1, "老老实实": 1, "备份": 1, "数据": 1, "～​": 1, "治愈": 1, "教": 1, "突破": 1, "美": 1, "禁令": 1, "！": 10, "L": 2, "台湾": 2, "傻事": 1, "视频": 10, "西安": 1, "基地": 1, "拥有": 1, "世界": 2, "指挥": 2, "中心": 2, "屏幕": 2, "很多": 2, "私信": 1, "图九": 1, "找": 2, "资料": 1, "没错": 1, "亩": 1, "支持": 3, "8K": 1, "高清": 1, "负责": 1, "全球": 7, "交付": 1, "网络": 1, "保障": 4, "洞察": 1, "规划": 1, "供应": 1, "事件": 2, "灾难": 1, "恢复": 2, "发布": 2, "紧急": 1, "决策": 1, "调度": 1, "资源": 1, "特意": 1, "图片": 1, "供": 1, "参考": 1, "中国": 3, "速度": 5, "宝骏": 2, "携手": 1, "中移动": 1, "驭势": 1, "科技": 6, "广西": 1, "柳州": 1, "建设": 1, "条": 1, "5G": 1, "V2X": 1, "远程": 1, "驾控": 1, "驾驶": 1, "四": 1, "项": 1, "前沿": 1, "技术": 3, "公开": 1, "测试": 2, "道路": 1, "率先": 1, "路试": 1, "国内": 2, "车企": 1, "验证": 1, "未来": 2, "趋势": 2, "消费": 1, "市场": 3, "精准": 1, "把握": 1, "点赞": 1, "正义": 1, "深圳": 1, "总部": 1, "一体化": 1, "基站": 2, "海岛": 2, "拉": 1, "光纤": 1, "海底": 1, "光缆": 1, "划算": 1, "微波": 1, "上下行": 1, "传输": 2, "抛物": 1, "面天线锅": 1, "10G": 1, "这是": 1, "独步天下": 1, "绝技": 1, "背面": 1, "天线": 4, "用户": 2, "连通": 1, "八木": 1, "鱼刺": 1, "用于": 1, "控制": 1, "八木天线": 1, "八": 1, "无关": 1, "发明者": 1, "日本人": 1, "八木秀次": 1, "头条": 1, "文章": 1, "高低": 2, "切换": 3, "": 1, "财经": 1, "每日": 1, "必读": 1, "赚钱": 2, "季": 1, "周四": 1, "股权": 1, "+": 3, "/": 2, "穿戴": 1, "区块链": 1, "分化": 1, "主板": 1, "反弹": 1, "明日": 3, "预设": 1, "冲高": 1, "回落": 1, "观察": 2, "成交量": 1, "放大": 2, "五日": 1, "线": 1, "反压": 1, "压力": 1, "强势": 1, "股": 2, "接力": 1, "亏": 1, "钱": 1, "效应": 2, "减缓": 1, "宝鼎": 1, "神马": 1, "电力": 1, "漫步者": 1, "情绪": 1, "标杆": 1, "空间板": 1, "高度": 1, "4板": 1, "首板": 1, "数量": 1, "短期": 1, "降低": 1, "风险": 1, "偏好": 1, "优": 1, "策略": 1, "盘中": 1, "回踩": 1, "低": 2, "吸": 1, "主线": 1, "板块": 4, "人气股": 2, "超跌": 2, "轮动": 1, "吸富": 1, "一生": 1, "科创板": 1, "反复": 1, "活跃": 2, "迹象": 1, "重点": 1, "关注": 3, "华熙": 1, "生物": 2, "安恒": 1, "信息": 1, "乐鑫": 1, "微芯": 1, "耐心": 1, "再度": 1, "内": 1, "前期": 1, "不错": 3, "套利": 1, "方向": 1, "O高低": 1, "一亿像素": 2, "到底": 2, "厉害": 1, "小米": 5, "CC9Pro": 3, "上手": 1, "体验": 4, "五": 1, "摄": 1, "DxOMark": 1, "评分": 1, "高达": 1, "121分": 1, "并列": 1, "第一": 2, "女生": 1, "眼中": 1, "拍照": 1, "效果": 1, "姐姐": 1, "赶紧": 1, "~": 5, "转发": 1, "抽": 1, "送": 1, "床头": 1, "灯": 1, "22号": 1, "vlog": 1, "星": 1, "​O": 1, "抽奖": 1, "详情": 1, "摩托罗拉": 2, "三星": 2, "都": 3, "太": 1, "厚": 1, "解决": 1, "痛点": 1, "另辟蹊径": 1, "致敬": 2, "经典": 1, "探索": 1, "估计": 1, "打动": 1, "不少": 1, "配置": 1, "售价": 1, "作死": 1, "买": 3, "喜欢": 2, "图MKBHD": 1, "算了": 1, "保时捷": 2, "版本": 1, "4": 1, "块钱": 1, "保护壳": 1, "？？？？": 1, "对得起": 1, "手里": 1, "Mate20": 1, "？？？": 1, "阿华": 2, "灵魂": 1, "学会": 2, "招": 1, "一个": 2, "精彩": 1, "动作": 1, "逃": 1, "眼": 1, "Mate30": 3, "Pro": 1, "7680": 1, "帧超": 1, "高速": 1, "摄影": 2, "L华": 1, "终端": 1, "官方": 2, "即刻": 1, "停售": 1, "3": 1, "款": 5, "系統": 1, "標示": 1, "為": 1, "「": 1, "國": 1, "台灣": 1, "」": 1, "華為手": 1, "機​": 1, "向往": 1, "从未": 1, "踏足": 1, "地方": 2, "远": 1, "不止": 1, "纪录": 3, "15": 1, "专业": 1, "运动": 1, "模式": 1, "WatchGT#2": 1, "陪": 1, "挑战": 1, "硬核": 1, "人生": 4, "吉尼斯": 1, "马云": 1, "iPhone11ProMax": 1, "任正非": 1, "iPad": 1, "产品": 1, "的确": 1, "很": 5, "好用": 1, "P30Pro": 1, "10": 1, "倍": 1, "变焦": 1, "拍摄": 1, "南方": 2, "盼": 1, "入冬": 1, "北方": 2, "供暖": 1, "中部": 1, "抗寒": 1, "正气": 1, "季节": 1, "温馨": 1, "提醒": 2, "出门": 1, "记得": 1, "全新": 1, "天气": 2, "评论区": 1, "比比": 1, "几度": 1, "不知": 1, "冷": 1, "2019": 1, "年度": 1, "三大": 1, "旗舰": 2, "对比": 1, "评测": 1, "Mate30ProiPhone11ProMax": 1, "Note10+": 1, "修正版": 1, "累": 1, "三": 2, "优缺点": 1, "说法": 1, "拿捏": 1, "上线": 1, "调整": 1, "这次": 2, "想": 2, "尽可能": 1, "情况": 1, "展现": 1, "希望": 2, "L小祥": 1, "啰": 1, "啰嗦": 1, "互联网": 1, "公司": 2, "觉醒": 1, "阿里": 1, "腾讯": 1, "为首": 1, "紧随": 1, "大举": 1, "签约": 1, "各类": 1, "人才": 2, "研究所": 1, "高级": 1, "研究": 1, "自傲": 1, "事情": 1, "群": 1, "铁粉": 2, "跟随": 1, "晒持": 1, "仓图": 1, "嘚瑟": 1, "晒晒": 1, "排行榜": 1, "1-27": 1, "名": 4, "圈圈": 1, "资格": 1, "抽华": 2, "mate30": 1, "一半": 1, "冲榜": 1, "上榜": 1, "骄傲": 1, "小心": 1, "居然": 2, "27": 1, "40": 1, "反败为胜": 1, "12月份": 1, "年底": 1, "活动": 1, "送给": 1, "透露": 1, "奖品": 1, "笔记本": 1, "台": 1, "给力": 1, "噢": 1, "Pro5G": 1, "版": 1, "发": 1, "短": 1, "L诸葛齉齉": 1, "电视剧": 2, "鹤唳华亭": 2, "预告": 1, "波": 1, "高能": 1, "反转": 2, "萧定权": 1, "萧睿鉴": 1, "父子": 1, "争执": 1, "好奇": 1, "今晚": 1, "春闱": 1, "泄题": 1, "轮": 1, "荣耀": 5, "自带": 2, "观看": 1, "追剧": 1, "福利社": 1, "惊喜": 1, "20191115": 1, "唐师曾": 3, "算法": 3, "独家": 1, "诸神": 1, "附体": 1, "摄自嗨": 1, "镜": 1, "微信": 1, "和平": 1, "鸭语": 1, "公众号": 1, "看沙": 1, "和尚": 1, "制造": 1, "战地": 1, "​​": 1, "L唐师": 1, "卧槽": 1, "走路": 1, "玩": 1, "也许": 1, "人性化": 1, "郑业成": 1, "影视剧": 1, "撒娇": 1, "男生": 1, "朋友": 1, "打开": 1, "听说": 1, "60": 1, "分钟": 1, "机会": 1, "Mate305G": 1, "开卖": 1, "价格": 1, "16999.00": 1, "有没有": 1, "同学": 1, "告诉": 1, "声": 1, "Matrix": 3, "Camera": 3, "究竟": 1, "表述": 1, "总裁": 1, "赵明只": 1, "矩阵": 3, "V30": 1, "设计": 1, "草图": 1, "摄像头": 1, "采用": 1, "浴霸": 1, "造型": 1, "解释": 1, "矩阵式": 1, "排列": 1, "算是": 1, "实锤": 1, "包含": 1, "曝光": 1, "凯利": 1, "@": 1, "老熊": 1, "含义": 1, "爆": 1, "料": 1, "Mate7": 2, "发展史": 1, "功臣": 1, "成功": 3, "高端": 3, "战略": 1, "还要": 1, "延后": 1, "一两": 1, "努力": 1, "感谢": 1, "通出": 1, "昏招": 1, "火龙": 1, "810": 1, "助力": 1, "间接": 1, "害死": 1, "梦": 1, "爵士": 2, "出自": 1, "宣传语": 1, "魅族": 1, "搞": 1, "冲击": 1, "女星": 1, "刘诗诗": 1, "真的": 1, "P30手机": 1, "全网": 1, "产业链": 1, "梳理": 1, "吐血": 1, "整理": 1, "收藏": 1, "备用": 1}