{"雷军": 25, "回应": 8, "华为": 50, "PK": 8, "拍": 29, "月亮": 23, "：": 16, "手机": 30, "2月": 11, "20日": 11, "小米": 41, "9": 27, "发布会": 13, "谈到": 2, "模式": 4, "公平": 2, "昨天": 2, "iPhone": 13, "、": 26, "Mate20Pro": 3, "一同": 2, "现场": 4, "照片": 8, "显示": 4, "出色": 2, "雷军纳": 2, "闷道": 2, "友商": 9, "老板": 6, "发": 7, "反正": 2, "#L": 1, "新浪": 2, "视频": 24, "diss": 4, "全程": 1, "学习": 5, "Mate20": 6, "信心": 4, "大增": 4, "新品": 2, "介绍": 2, "新机": 1, "接连": 1, "对比": 8, "芯片": 1, "拍照": 3, "都": 6, "价格": 3, "买": 4, "学": 1, "骂": 3, "～": 1, "来源": 1, "@": 8, "梨视频": 1, "L": 3, "联播": 7, "降价": 6, "促销": 4, "期间": 4, "中国": 20, "销量": 24, "飙升": 4, "83%": 4, "指": 2, "短期": 2, "效应": 2, "投资": 3, "公司": 4, "RosenblattSecurities": 1, "日前": 1, "发表": 1, "报告": 1, "称": 8, "苹果": 6, "市场": 8, "分析师": 4, "张君": 1, "投资者": 1, "刺激": 2, "销售": 3, "作用": 2, "不大": 2, "去年": 2, "智能": 3, "萎缩": 4, "逾": 3, "12%": 4, "品牌": 10, "表现": 2, "三星": 4, "外国": 1, "占到": 1, "减少": 3, "50%": 1, "消费者": 2, "L老板": 4, "秒拍": 9, "消除": 1, "方块儿": 1, "一点": 2, "！": 5, "畅享": 2, "系列": 2, "潮炫": 1, "珍珠屏": 1, "解锁": 1, "视觉": 1, "境界": 1, "转评": 1, "留下": 1, "小时候": 1, "喜欢": 2, "玩": 1, "游戏": 1, "~": 1, "小编": 1, "挑选": 1, "名": 1, "幸运": 1, "花粉": 1, "赠送": 1, "4+64G": 1, "颜色": 1, "L华": 3, "官方": 1, "​": 16, "2018": 3, "榜单": 3, "出炉": 3, "想": 2, "IDC": 2, "数据": 2, "2018年": 4, "智能机": 2, "OPPO": 4, "vivo": 6, "超过": 5, "7000万": 4, "台": 6, "优势": 3, "占据": 3, "荣耀": 7, "超越": 3, "5000万": 2, "跻身": 2, "TOP5": 2, "增加": 2, "均": 2, "下降": 2, "6%": 2, "排名": 2, "第六": 2, "跌达": 2, "74%": 2, "谢艺观": 1, "效果": 7, "吊打": 3, "晚": 3, "元宵节": 3, "余承东": 3, "赵明": 5, "联播L": 1, "别人家": 1, "相机": 4, "距离": 2, "差一点": 1, "负责人": 1, "哭晕": 2, "厕所": 2, "最新": 1, "DxO": 1, "(": 1, "评测": 1, "机构": 1, ")": 1, "得分": 1, "排": 1, "世界": 5, "第三": 1, "实际上": 1, "第二": 2, "拿到": 1, "成绩单": 1, "负责": 1, "副总裁": 1, "未来": 2, "登顶": 2, "留": 2, "一点点": 1, "空间": 2, "贵": 2, "材料": 2, "配置": 3, "实名": 1, "mate20": 1, "失望": 1, "报道": 2, "举报": 1, "卖": 3, "标准版": 1, "差距": 3, "太": 3, "五环短": 1, "L五环": 1, "短": 1, "远": 2, "讲到": 1, "感到": 1, "999": 1, "4999": 1, "L大佬": 2, "时间": 3, "不顾": 1, "美国": 4, "劝说": 2, "德国": 5, "开门": 2, "近来": 1, "卖力": 1, "撺掇": 1, "盟友": 1, "发起": 1, "围剿": 1, "本周": 1, "国家": 1, "态度": 1, "先是": 1, "英国": 1, "政府": 3, "5G": 11, "设备": 1, "风险": 1, "可控": 1, "随后": 1, "新西兰": 6, "表态": 1, "从未": 2, "排除": 3, "本国": 2, "建设": 5, "19日": 2, "美媒": 1, "华尔街": 1, "日报": 1, "援引": 1, "官员": 1, "该国": 2, "参与": 2, "高速": 1, "互联网": 1, "基础": 1, "设施": 1, "O不顾": 1, "迎华": 1, "一三五": 1, "VS.": 1, "二四六": 1, "RewriteThe": 1, "Rules": 1, "峰峦": 1, "雄伟": 1, "高耸入云": 1, "梯田": 1, "层层": 1, "如诗如画": 1, "荷兰": 1, "摄影师": 1, "Max": 1, "Rive": 1, "Pro": 1, "记录": 1, "气壮山河": 1, "不禁": 1, "官微君": 1, "感慨": 1, "很": 4, "期待": 3, "外面": 1, "走走": 1, "P30": 1, "发布": 2, "确实": 1, "鸡贼": 1, "功能": 1, "卖点": 1, "放": 1, "单一": 1, "顶": 1, "配版": 1, "乞丐": 1, "版": 1, "反而": 2, "乏味": 1, "高端": 1, "旗舰": 3, "意味着": 1, "成功": 1, "4499": 1, "元": 2, "；": 4, "喊": 1, "千万": 1, "3000": 1, "惨": 1, "好好": 1, "梳理": 1, "180": 1, "度": 3, "转弯": 2, "部长": 3, "带队": 2, "贸易团": 2, "北京": 2, "改口": 1, "一180": 1, "转折": 1, "媒体": 2, "国际": 2, "关注": 1, "当天": 1, "总理": 1, "阿德恩": 2, "一带": 3, "一路": 3, "力度": 1, "证实": 1, "经济": 1, "发展部": 1, "戴维・帕克": 1, "DavidParker": 1, "收到": 1, "邀请": 1, "4月": 1, "出席": 2, "届": 1, "合作": 1, "高峰": 1, "论坛": 1, "帕克": 1, "希望": 1, "率领": 1, "贸易": 1, "代表团": 1, "访问": 1, "O180": 1, "峰会": 1, "随行": 1, "十五": 1, "十六": 1, "圆": 2, "今晚": 1, "故宫": 1, "上半年": 1, "汇总": 1, "2.20": 1, "92.21GalaxyS102.25": 1, "索尼": 1, "XZ43.1日": 1, "IQOO": 1, "3.26": 1, "P30Pro": 1, "5月": 2, "魅族": 1, "16s": 1, "一加": 1, "7": 1, "款": 1, "新加坡": 5, "服务": 3, "上线": 2, "今日": 1, "华为云": 2, "大区": 3, "正式": 1, "开服": 1, "立足": 1, "面向": 1, "亚太区": 1, "提供": 1, "栈云": 1, "平台": 1, "AI": 3, "能力": 3, "资源": 1, "规模": 1, "海外": 1, "先进": 1, "创新": 1, "技术": 2, "方案": 1, "成果": 1, "落地": 1, "亚太": 1, "地区": 1, "众多": 1, "初创": 1, "产业": 1, "深受": 1, "裨益": 1, "推动": 2, "放心": 1, "普惠AI": 1, "​​": 2, "简": 2, "大有可为": 1, "信奉": 1, "留给": 2, "简单": 2, "客户": 1, "领先": 1, "5G端": 1, "端": 1, "助力": 1, "运营商": 1, "网络": 2, "极简": 1, "运维": 2, "大幅": 1, "提升": 1, "部署": 3, "效率": 1, "全球": 1, "大规模": 1, "快速": 1, "距": 1, "大会": 1, "开幕": 1, "5": 1, "美好": 1, "MWC2019": 1, "展台": 1, "月亮pk#L": 1, "内政部": 1, "周二": 1, "全国": 1, "广播": 1, "财经": 1, "频道": 1, "CNBC": 1, "打算": 1, "一家": 1, "。。。": 1, "支持": 1, "蓄势待发": 1, "艺术": 1, "智慧": 1, "科技": 1, "高瞻远瞩": 1, "清晰": 2, "呈现": 1, "无惧": 1, "桎梏": 1, "打破": 1, "局限": 1, "汇聚": 1, "张力": 1, "定义": 1, "规则": 1, "颠覆": 1, "想象": 1, "诚心": 1, "感知": 1, "全新": 1, "视界": 1, "3月": 1, "26日": 1, "法国": 1, "巴黎": 2, "会议": 1, "中心": 1, "浪漫": 1, "邂逅": 1, "HUAWEIP": 1, "30": 1, "热情": 1, "奔赴": 1, "倾心": 1, "站": 1, "18万": 1, "员工": 1, "平均": 1, "工资": 1, "110万": 1, "长远": 1, "本土": 1, "拯救": 1, "江宁": 1, "公安": 1, "在线": 1, "照相": 1, "新增": 1, "拍出": 1, "跑分": 1, "中排": 1, "戏称": 1, "究竟": 1, "雷军": 1, "pk": 1, "王源": 1, "代言": 1, "信号": 1, "满格": 1, "通信人": 1, "经历": 1, "苦难": 1, "勘测": 2, "设计": 2, "施工": 1, "验收": 2, "基站": 1, "工序": 1, "繁琐": 1, "细致": 1, "堪比": 1, "战场": 1, "考验": 1, "速度": 1, "快": 2, "答案": 1, "借助": 1, "BIM": 1, "数字化": 2, "规范": 1, "集成": 1, "神仙": 1, "操作": 1, "太秀": 1, "彩铃": 2, "咪咕": 1, "音乐L": 1, "O2018": 1}