{"冷静": 1, "热情": 1, "之间": 2, "华为": 48, "nova6": 7, "拍出": 2, "自拍": 11, "​": 21, "世界": 2, "科技": 3, "相联": 2, "开启": 2, "场景": 1, "智慧": 2, "生活": 5, "感受": 2, "带来": 4, "魅力": 1, "年年": 1, "有为": 1, "Mate30": 5, "重构": 3, "想象": 3, "L华": 5, "终端": 6, "官方": 4, "视频": 19, "不知不觉": 1, "10年代": 1, "一个": 3, "抓住": 3, "年末": 1, "尾巴": 1, "2019": 6, "上海": 2, "场": 2, "大展": 3, "感谢": 1, "邀请": 1, "参加": 1, "影像": 4, "不止": 3, "手机": 15, "摄影展": 1, "展区": 1, "都": 7, "惊喜满满": 1, "真的": 3, "值得": 1, "附上": 1, "观后感": 1, "：": 5, "记录": 3, "美好": 3, "L梁": 1, "一口echo": 1, "梦想": 3, "尽信": 1, "依旧": 1, "坚信": 1, "未来": 2, "导演": 4, "童画": 2, "解读": 1, "长腿": 2, "盒子": 2, "背后": 4, "深意": 1, "影片": 2, "监制": 2, "@": 7, "饶晓志": 2, "惊喜": 3, "幕后": 1, "花絮": 1, "独家": 1, "揭秘": 1, "距离": 1, "2020": 1, "9": 2, "立下": 1, "flag": 1, "介绍": 1, "小映": 1, "朋友": 2, "智能": 3, "助手": 1, "完美": 1, "收官": 1, "即日": 2, "12.31": 1, "右滑": 1, "主屏": 1, "负": 1, "屏": 7, "年终": 1, "礼": 1, "百": 1, "两千": 1, "元": 3, "飞机票": 1, "、": 34, "份": 2, "观影": 1, "红包": 1, "十万": 1, "生鲜": 1, "礼盒": 1, "免费": 1, "领": 1, "！": 14, "关+": 1, "1月": 1, "3日": 1, "现场": 3, "抓": 1, "宝宝": 1, "送华": 1, "nova5z": 1, "价值": 1, "1599": 1, "1": 1, "台": 2, "过滤": 1, "~": 3, "新年": 1, "锦鲤": 1, "莫鼠": 1, "服务": 2, "秒拍": 4, "O抽奖": 1, "详情": 1, "易烊": 2, "千玺": 4, "找到": 1, "成功": 1, "拍": 10, "粉丝": 3, "千": 2, "玺": 2, "演唱会": 1, "摆应": 1, "援灯": 1, "文字": 1, "应援": 1, "彩排": 1, "效果": 6, "原本": 1, "5G": 11, "展示": 2, "很": 7, "理想": 1, "大佬": 1, "镜头": 3, "岁": 1, "打鼓": 1, "件": 1, "热爱": 4, "枯燥": 1, "至今": 1, "动力": 1, "深夜": 1, "独自": 1, "排练室": 1, "走向": 1, "宽广": 1, "舞台": 2, "置身": 2, "黑暗": 1, "努力": 2, "发光": 2, "照亮": 1, "L时尚": 1, "芭莎BazaarV": 1, "四": 2, "韦岛": 1, "自由": 2, "潜水": 1, "大赛": 1, "纪录片": 1, "自有": 1, "人类": 1, "时刻": 2, "诞生": 1, "挑战者": 1, "拍摄者": 1, "历经": 1, "险": 1, "绝美": 1, "震撼": 1, "画面": 1, "意想不到": 1, "繁重": 1, "设备": 2, "一点": 1, "野外": 1, "拍摄": 3, "更为": 1, "Mate30Pro": 1, "携手": 1, "林子路": 1, "无际蓝": 1, "轻装": 1, "上阵": 1, "非凡": 1, "见证": 1, "极限": 1, "致敬": 1, "英雄": 1, "L": 2, "中国": 13, "国家": 4, "地理": 1, "金灿荣": 2, "香港": 2, "演讲": 1, "(": 2, "完整版": 1, ")": 1, "美国": 8, "趴下": 1, "五": 1, "老二": 1, "优点": 1, "发起": 1, "贸易战": 1, "封杀": 1, "干涉": 1, "事务": 1, "皆": 1, "遏制": 1, "发展": 4, "以此": 1, "保住": 2, "长期": 1, "领域": 2, "综合": 1, "国力": 1, "霸主": 1, "地位": 1, "L热点": 1, "余承东": 1, "手表": 1, "厂商": 3, "耳机": 1, "硬件": 1, "AIoT": 3, "小米": 4, "超过": 2, "智能物": 1, "联网": 1, "妆容": 1, "明明": 1, "高级": 1, "糊出": 1, "天际": 1, "才": 1, "出片": 1, "点击": 1, "学习": 1, "美妆": 1, "大片": 3, "教程": 1, "简单": 1, "技巧": 2, "大师级": 1, "试试": 3, "员工": 2, "网上": 1, "霸气": 1, "晒出": 1, "工资条": 1, "很多": 2, "工资": 1, "内部": 1, "最低": 1, "薪资": 1, "……": 2, "问道": 1, "青城山": 1, "拜水": 1, "都江堰": 2, "周末": 1, "带": 3, "孩子": 1, "成都": 1, "周边": 1, "饱负": 1, "盛名": 1, "流传": 1, "千古": 1, "水利工程": 1, "回到": 1, "酒店": 1, "卸下": 1, "一身": 1, "疲惫": 1, "接到": 1, "工作": 6, "电话": 2, "哀叹": 1, "声": 1, "这次": 2, "电脑": 1, "刚": 2, "入手": 1, "MatePadPro": 2, "效率": 2, "承认": 1, "一开始": 1, "颜值": 2, "俘获": 1, "搭配": 1, "易于": 1, "书写": 1, "HUAWEIM-Pencil": 1, "一体式": 1, "键盘": 1, "提升": 2, "追": 1, "热播": 1, "庆余": 1, "一心": 1, "结束": 1, "平板": 2, "娃": 2, "抢走": 1, "叽里呱啦": 1, "跟着": 1, "老外": 1, "学": 1, "英语": 1, "颇": 1, "感": 1, "欣慰": 1, "绘本": 1, "讲解": 1, "有趣": 1, "睡前": 1, "读物": 1, "母": 1, "偶尔": 1, "放松": 1, "MatePad": 1, "Pro": 1, "左手": 1, "右手": 1, "颠覆": 1, "固有": 1, "认知": 1, "专利": 3, "公布": 2, "摄像头": 1, "花样": 1, "后置": 1, "三": 2, "摄": 2, "翻转": 1, "刘": 1, "海屏": 1, "水滴屏": 1, "升降": 1, "全面屏": 1, "滑盖": 1, "挖孔屏": 1, "双屏": 1, "标配": 1, "提供": 2, "思路": 1, "NBD": 1, "LNBD": 1, "": 2, "吴": 1, "宣仪": 1, "wxy": 1, "吴宣仪": 2, "想": 3, "店": 1, "⌚": 1, "想到": 2, "满糖": 1, "现场版": 1, "火箭": 1, "少女": 1, "101": 1, "姐姐": 1, "好绝": 2, "ibao": 1, "吵Ps": 1, "请": 1, "买华": 1, "30p": 1, "糊死": 1, "L_火火Lee": 1, "DigiX": 1, "数字": 1, "生活节": 1, "探索者": 1, "AR": 2, "探秘": 1, "游戏": 2, "12月": 2, "31日": 1, "限时": 1, "全球": 2, "旗舰店": 1, "·": 1, "深圳": 1, "万象天": 1, "即可": 1, "游离": 1, "现实": 1, "虚拟": 1, "坠入": 1, "科幻": 2, "集齐": 1, "12": 1, "图标": 1, "领取": 1, "奖品": 1, "每日": 2, "上百": 1, "彩蛋": 1, "好礼": 1, "来寻": 1, "戳": 2, "小伙伴们": 1, "玩": 1, "～": 3, "转评": 1, "抽": 1, "送": 2, "畅享": 2, "10Plus": 1, "一通": 1, "穿越": 3, "时空": 1, "打给": 1, "话剧": 1, "金狮": 1, "奖": 1, "最佳": 1, "青年": 1, "作品": 1, "温情": 1, "故事": 1, "观看": 1, "爱": 1, "感动": 1, "发布": 2, "头条": 1, "文章": 1, "归来": 3, "少年": 3, "财经": 1, "必读": 1, "赚钱": 2, "季": 1, "周一": 1, "/": 1, "传感器": 1, "+": 2, "能源": 1, "汽车": 1, "股权": 1, "公告": 1, "金融": 1, "券商": 1, "分化": 1, "养殖": 1, "板块": 3, "调整": 2, "观察": 3, ";": 1, "主板": 1, "放量": 1, "下跌": 1, "预设": 1, "明日": 3, "回踩": 1, "企稳": 1, "成交量": 1, "放大": 2, "强势": 3, "股": 3, "接力": 2, "亏": 1, "钱": 1, "效应": 2, "高标": 1, "纷纷": 1, "跌停": 1, "家数": 1, "高达": 1, "32": 1, "万讯": 1, "自控": 1, "情绪": 1, "标杆": 1, "空间板": 1, "高度": 1, "4板": 1, "首板": 1, "数量": 1, "减少": 1, "大概率": 1, "持平": 1, "反弹": 2, "短期": 1, "震荡": 1, "剧烈": 1, "操作": 2, "难度": 1, "优": 1, "策略": 1, "低": 1, "吸": 1, "主线": 1, "人气股": 1, "预期": 1, "中小创": 1, "轮动": 1, "补涨": 1, "抽逢": 1, "高压缩": 1, "仓位": 1, "退": 1, "来之不易": 1, "胜利": 1, "果实": 1, "O愿": 1, "矛盾": 2, "俄罗斯": 2, "2019年": 2, "末": 1, "德国": 4, "身上": 1, "18日": 1, "默克尔": 1, "国会": 1, "拒绝": 1, "参与": 3, "建设": 3, "还要": 1, "坚定": 1, "北溪2": 1, "波兰": 1, "总统": 1, "杜达": 1, "特朗普": 1, "讨论": 1, "阻止": 2, "北溪": 1, "肯定": 1, "政治": 2, "报复": 1, "老头": 1, "腾出": 1, "手": 1, "随时": 1, "在手": 1, "善于": 1, "出乎意料": 1, "HUAWEI": 1, "「": 1, "」": 1, "艺术展": 1, "人人": 1, "艺术家": 1, "时代": 1, ".......": 1, "设置": 1, "艺术": 1, "装置": 1, "空间": 1, "像素": 1, "迷宫": 1, "深镜": 1, "隧道": 1, "荧光": 1, "花园": 1, "露天": 1, "电影院": 1, "穿行": 1, "启发": 1, "创意": 1, "灵感": 2, "无数": 1, "刷爆": 1, "朋友圈": 1, "拍照": 4, "打卡点": 1, "旅行": 1, "城瘾": 1, "懒懒": 1, "旅途": 1, "品牌": 7, "水印": 1, "清壁纸": 1, "苹果": 2, "三星": 1, "OPPO": 1, "vivo": 1, "魅族": 1, "一加": 1, "锤子": 1, "图1": 1, "图9": 1, "谁家": 1, "LOGO": 1, "好看": 1, "不顾": 1, "议会": 4, "委员会": 5, "阻挠": 2, "意大利": 8, "经济": 3, "部长": 3, "力挺": 2, "22日": 1, "接受": 1, "意媒": 1, "新闻报": 1, "采访": 1, "9月": 1, "任命": 1, "斯特凡诺": 2, "保障": 1, "立法": 1, "正确": 1, "防御": 1, "措施": 2, "中企": 2, "市场": 2, "争议": 1, "合适": 1, "价格": 1, "解决": 1, "方案": 1, "高举": 1, "旗帜": 1, "实施": 1, "保护主义": 1, "威胁": 1, "幌子": 1, "游说": 1, "欧洲": 1, "盟友": 1, "围堵": 1, "中兴": 3, "严密": 1, "审查": 1, "上周": 1, "COPASIR": 1, "提交": 1, "文件": 1, "呼吁": 1, "政府": 4, "该国": 1, "网络": 3, "保护": 1, "国内": 1, "外国": 1, "公司": 2, "影响": 1, "声称": 1, "基础": 1, "设施": 1, "安装": 1, "配置": 1, "维护": 1, "担忧": 1, "程度": 1, "随后": 1, "内阁": 1, "秘书长": 1, "里卡多•弗拉卡罗": 1, "Ric": 1, "cardoFraccaro": 1, "跟风": 1, "称": 2, "无视": 1, "相关": 1, "观点": 1, "针对": 2, "莫须有": 1, "指责": 1, "分公司": 1, "日前": 1, "回应": 1, "遵守": 1, "法律": 1, "指控": 1, "出于": 1, "地缘": 1, "原因": 1, "O不顾": 1, "首页": 1, "晒华": 1, "首发": 1, "石墨烯": 1, "电池": 2, "推特": 1, "搜": 1, "好像": 1, "条": 1, "。。。": 1, "🎉": 1, "节日": 1, "到来": 1, "仙女们": 1, "难免": 1, "少不了": 1, "摸索": 1, "终于": 1, "发现": 1, "关键": 1, "代言人": 1, "烊": 1, "没法": 1, "抱": 2, "回家": 2, "代言": 1, "😁😁": 2, "哈哈哈": 2, "nova": 1, "系列": 1, "首款": 1, "超长": 1, "待机": 1, "超薄": 2, "超大屏": 1, "速度": 1, "超快": 1, "功能": 3, "社交": 1, "媒体": 1, "吹爆": 1, "❤️": 4, "人像": 4, "模式": 4, "!": 4, "🤳": 1, "nova65G": 1, "自动": 3, "判断": 1, "肤色": 2, "光线": 1, "调至": 1, "真实": 2, "通透": 1, "状态": 1, "面部": 1, "细节": 2, "嘴唇": 1, "眼角": 1, "秀发": 1, "均匀": 1, "重点": 1, "优化": 1, "整体": 1, "风格": 1, "适度": 1, "磨皮": 1, "锐化": 1, "柔软度": 1, "成天": 1, "沉浸": 1, "美颜": 1, "当中": 1, "害死": 1, "😂😂": 1, "超级": 3, "夜景": 2, "赞": 1, "黑夜": 1, "白天": 1, "环境": 1, "表现": 1, "优秀": 1, "👋🏻": 2, "前置": 2, "超广角": 1, "人和": 1, "大景": 1, "起到": 1, "用处": 1, "😘": 1, "容下": 1, "广阔": 1, "画幅": 1, "日后": 1, "合影": 1, "不用": 1, "担心": 2, "装": 1, "~❤": 1, "焦": 2, "就算": 2, "清晰": 2, "拍妆面": 1, "神器": 1, "自带": 1, "补光": 1, "漆黑": 1, "车": 1, "内": 1, "美美": 1, "照片": 1, "❤": 1, "️趣": 1, "录": 1, "秒": 2, "变萌": 1, "萌哒": 1, "卖萌": 1, "😉💥": 1, "平心而论": 1, "冲着": 1, "买": 1, "性能": 1, "优异": 1, "赚": 2, "🙆🏻": 2, "‍♀": 2, "‍": 1, "收到": 1, "仙女": 1, "留言": 1, "小个子": 1, "显高": 1, "美": 1, "摄影": 1, "分享": 1, "用到": 1, "📷": 1, "10S": 1, "4800万": 1, "高清超": 1, "广角": 1, "秒钟": 1, "机身": 1, "强劲": 1, "续航": 1, "能力": 1, "出门": 1, "电": 1, "快": 1, "秘籍": 1, "😎": 1, "LMIF": 1, "FY": 1, "李米肥": 1, "打压": 1, "无极": 1, "限惨": 1, "美企": 1, "气噗": 1, "噗O": 1, "网页": 2, "链接": 3, "说到": 1, "作画": 1, "设计": 1, "内容": 1, "联想": 1, "PS": 1, "位板": 1, "瞬息": 1, "描绘": 2, "或许": 1, "创作者": 1, "平米": 1, "办公桌": 1, "写照": 1, "创作": 1, "烦恼": 1, "不妨": 1, "带上": 1, "TA": 1, "圣诞": 1, "来临": 1, "之际": 1, "MerryChristmas!LZEALER": 1, "2016年": 1, "iPhone": 3, "销售": 1, "阻力": 1, "国产": 1, "强大": 1, "三季度": 1, "销售额": 1, "均": 1, "跌": 2, "机构": 1, "预测": 1, "出货量": 1, "降": 1, "35%": 1, "销量": 2, "屡次": 1, "降价": 1, "被迫": 1, "迎合": 1, "停滞": 1, "困难": 1, "答案": 1, "揭晓": 1, "→_→": 1, "极客": 2, "队长": 2, "GeekLeadL": 1, "GeekLead": 1, "灰暗": 1, "就要": 1, "2.0": 1, "暗光": 1, "点亮": 1, "http": 1, "://t.cn/Aik03Snn​": 1, "榜样": 2, "100": 3, "点赞": 1, "人气王": 1, "近日": 1, "强国": 2, "盛典": 2, "名单": 1, "重磅": 1, "老": 1, "干妈": 1, "娃哈哈": 1, "pick": 1, "TA点赞": 1, "↓O": 1}