{"惊艳于": 1, "华为": 48, "夜景": 1, "模式": 1, "武汉": 1, "·": 2, "晴川": 1, "阁​": 1, "@": 12, "终端": 2, "客服": 1, "：": 9, "手机": 15, "屏幕": 7, "业界": 1, "一流OLED": 1, "OLED": 1, "显示屏": 1, "调节": 2, "亮度": 3, "PWM": 1, "控制": 2, "像素": 1, "发光": 1, "时间": 2, "方式": 2, "业内": 1, "通用": 1, "方案": 1, "产品": 2, "均": 1, "光学": 1, "检查": 1, "想": 1, "拍": 2, "条纹": 1, "照片": 1, "拍摄": 1, "自带": 1, "截屏": 1, "工具": 1, "截取": 1, "画面": 1, "7000亿": 1, "！": 4, "刚刚": 2, "​": 19, "听说": 1, "P30": 4, "拍照": 3, "很": 9, "厉害": 1, "L凤凰网": 1, "科技": 4, "秒拍": 4, "视频": 14, "真的": 1, "铁手": 1, "才能": 1, "hold": 1, "住": 1, "P30Pro": 3, "50": 2, "倍": 4, "焦​": 1, "专卖店": 1, "内": 1, "HUAWEIP": 1, "30": 1, "Pro": 1, "录": 1, "简单": 1, "粗略": 1, "上手": 2, "功能": 1, "跟随": 1, "段": 1, "录像": 1, "初步": 1, "感受": 2, "变焦": 1, "效果": 2, "L魏布斯": 1, "TA": 1, "晚安": 1, "工作": 1, "支配": 1, "现代人": 1, "好不容易": 1, "机会": 1, "度假": 1, "假期": 1, "打开": 1, "旅游": 2, "欣赏": 1, "沿途": 1, "风景": 1, "拼命": 1, "发": 1, "朋友圈": 1, "......": 1, "现如今": 1, "场": 1, "放松": 1, "旅行": 1, "要素": 1, "必需": 1, "转评": 1, "小云": 1, "抽": 2, "送出": 1, "耳机": 1, "年前": 1, "父母": 2, "买": 3, "选": 1, "小米": 2, "没错": 2, "市场": 2, "变迁": 1, "mate20": 1, "夜": 1, "俗称": 1, "夜拍": 1, "称为": 1, "微视仪": 1, "。。": 1, "李昌竹": 1, "缺德": 1, "P30Pro……L": 1, "中国": 5, "元": 6, "港刚": 1, "摸": 1, "P30pro": 2, "mate20pro长": 1, "圈": 1, "摄像头": 1, "一个": 4, "mate20pro": 1, "为啥": 1, "同质": 1, "市面": 1, "2019": 5, "IT": 6, "领袖": 6, "峰会": 6, "余承东": 16, "竟然": 1, "马化腾": 2, "推销": 2, "5G": 4, "折": 1, "叠屏": 2, "……O": 1, "独家": 1, "|": 4, "变身": 1, "推销员": 1, "MateX": 1, "(": 2, ")": 2, "中华": 1, "有为": 1, "米奇": 1, "比心": 1, "全球": 2, "做生意": 1, "美国": 1, "盯": 1, "敲打": 1, "国内": 1, "银行": 2, "面前": 1, "算": 1, "国有": 1, "四": 1, "招商": 1, "比不上": 1, "​​​": 2, "禅游": 1, "五台山": 4, "寻找": 1, "清凉": 1, "胜境": 1, "三月": 1, "倒寒": 1, "络绎不绝": 1, "朝圣": 1, "游客": 1, "、": 21, "持戒": 1, "僧侣": 1, "山内": 1, "大小": 1, "寺庙": 1, "诉说": 1, "座": 1, "唯一": 1, "汉传": 1, "藏传": 1, "佛教": 1, "共处": 1, "道场": 1, "庄严": 1, "包容": 1, "佛": 3, "学禅": 2, "游记": 2, "佛学": 1, "字语坊": 1, "服务": 1, "管委会": 1, "统一": 1, "回答": 1, "剪": 1, "片子": 1, "Mate20X": 1, "内存": 1, "电池续": 1, "航特": 1, "剪辑": 1, "APP": 1, "巧影": 1, "付费": 1, "二百多": 1, "三百多": 1, "记得": 1, "～": 1, "北京": 1, "首都": 1, "机场": 1, "T3": 1, "航站": 1, "楼​": 1, "评测": 1, "吹爆": 1, "吊打": 1, "电影机": 1, "L影视": 1, "飓风": 1, "MediaStorm": 1, "谈": 2, "推折": 1, "发现": 3, "4G": 3, "时代": 4, "分辨率": 2, "连接": 1, "连接物": 1, "带宽": 2, "能力": 1, "相比4G": 1, "10": 2, "提升": 1, "5-10": 1, "称": 1, "发展": 2, "折叠屏": 2, "O": 2, "直击": 3, "L": 3, "新浪": 3, "点赞": 1, "3": 2, "仙女": 1, "免单": 1, "￥": 1, "9.8": 1, "爱国者": 1, "浮雕": 1, "壳": 1, "这次": 1, "统统": 1, "拥有": 1, "姓名": 1, "支持": 1, "苹果": 1, "oppo": 1, "vivo": 1, "美图": 1, "多种": 1, "型号": 1, "参考": 1, "图⑨": 1, "款": 1, "好看": 2, "？？": 2, "喜欢": 1, "赶紧": 1, "评论": 1, "券": 1, "待会": 1, "马上": 1, "元券": 1, "专享": 1, "限时": 1, "领券": 1, "上市": 15, "不用": 1, "追求": 1, "财报": 4, "数字": 1, "利润": 8, "投资": 9, "未来": 11, "3月": 1, "31日": 1, "消费者": 3, "业务": 3, "CEO": 2, "谈到": 1, "企业": 3, "支撑": 2, "难": 1, "技术": 4, "投入": 5, "任正非": 2, "理念": 2, "原因": 10, "赚取": 1, "基础": 3, "研究": 2, "远期": 2, "老板": 2, "联播L": 1, "联播": 1, "实锤": 1, "烧": 1, "开水": 1, "公司": 3, "透露": 1, "导致": 1, "重视": 2, "短期": 3, "国家": 1, "核心": 2, "竞争力": 1, "因素": 1, "吊": 1, "路": 1, "相机": 1, "……": 1, "这不": 1, "当年": 1, "思域": 1, "Cars01八": 1, "卦": 1, "LTop-Cars": 1, "Pro拍": 1, "月亮": 1, "挑战": 1, "牌匾": 1, "康有为": 1, "书法": 1, "亦": 2, "犹": 1, "佛法": 1, "戒律": 1, "精于": 1, "定慧": 1, "证于": 1, "心源": 1, "妙": 1, "悟": 1, "非口手": 1, "传焉": 1, "同意": 1, "学​": 1, "回应": 1, "投不起": 1, "1": 1, "2018年": 2, "销售": 1, "收入": 2, "7212亿": 1, "超过": 4, "腾讯": 1, "阿里之和": 1, "；": 7, "去年": 2, "研发": 1, "1000亿": 1, "累计": 1, "4800亿": 1, "净利润": 1, "593亿": 1, "茅台": 1, "中石油": 1, "4": 1, "智能": 1, "发货量": 1, "2亿": 1, "台": 1, "5": 1, "首次": 1, "海外": 1, "6": 1, "持股": 1, "1%": 1, "股份": 2, "都": 2, "贡献": 1, "9万多": 1, "名": 1, "员工": 3, "持有": 3, "7": 1, "18.8万": 1, "工资": 1, "薪金": 1, "福利": 1, "1124亿": 1, "人均": 1, "年薪": 1, "60万": 1, "8": 1, "100%": 1, "股权": 2, "第三方": 1, "组织": 1, "计划": 1, "海哥": 1, "商业": 1, "观察": 1, "自然大美": 1, "打造": 1, "美学": 1, "系列": 1, "究竟": 1, "暗藏": 1, "意想不到": 1, "设计": 1, "灵感": 1, "横屏": 1, "放置": 1, "光影": 1, "魅力": 1, "牛逼": 1, "完虐": 1, "L搞机": 1, "王子": 1, "奇点": 1, "今日": 1, "深圳": 1, "首席": 1, "执行官": 1, "谈及": 1, "至今": 1, "一部分": 1, "投": 1, "很多": 1, "钱": 1, "证券": 1, "时报": 1}