{"19": 1, "厂商": 3, "5G": 32, "手机": 14, "时间表": 2, "华为": 58, "本月": 1, "24号": 1, "率先": 1, "发布": 7, "全球": 21, "首款": 1, "5G商": 1, "折叠": 1, "4月": 1, "P30": 1, "系列": 1, "荣耀": 1, "V20": 1, "版本": 1, "年初": 1, "发": 1, "大部分": 1, "都": 9, "开启": 1, "元年": 1, "苹果": 2, "等到": 1, "2020年": 1, "这时候": 1, "显示": 2, "自研5G": 1, "基带": 1, "优势": 1, "硬核": 1, "技术": 13, "才能": 1, "引领": 2, "科技": 5, "潮流": 1, "再次": 1, "5g": 1, "​": 14, "藏": 1, "不住": 1, "福韵": 1, "年味": 1, "十足": 1, "Mate20": 2, "Pro馥": 1, "蕾红": 1, "献": 1, "新年": 1, "祝福": 1, "！": 5, "2019年": 2, "红火": 1, "O": 3, "网页": 1, "链接": 2, "美国": 61, "陷害": 1, "法国": 6, "阿尔斯通": 9, "往事": 1, "足证": 1, "封杀": 1, "中兴": 4, "并非": 1, "偶然": 1, "：": 12, "高管": 1, "皮耶鲁齐": 6, "书": 3, "陷阱": 1, "2013年": 1, "出差": 1, "抓": 1, "司法部": 6, "指控": 2, "印尼": 6, "投资案": 1, "行贿": 3, "当地": 7, "政府": 11, "逼": 1, "认罪": 2, "死刑犯": 1, "关在": 1, "200多": 1, "太阳": 1, "折腾": 1, "受不了": 1, "搞": 3, "懂": 2, "就算": 2, "真的": 4, "关系": 3, "发现": 4, "通用": 4, "电气": 2, "竞争": 6, "对手": 3, "埃及": 1, "沙特": 2, "台湾": 2, "大陆": 2, "抢走": 1, "订单": 3, "暗中": 1, "雇佣": 1, "庞大": 1, "律师团": 1, "包含": 2, "官员": 5, "列出": 1, "名单": 1, "最终": 2, "调查": 2, "巴哈马": 1, "贿赂": 1, "7500W": 1, "拿到": 1, "40亿": 1, "美金": 2, "判": 1, "行贿罪": 1, "正当": 1, "至今": 1, "起诉": 1, "赔偿": 1, "一大堆": 1, "律师": 2, "勾结": 1, "很多": 3, "公司": 10, "打击": 2, "赚取": 1, "巨额": 2, "律师费": 1, "法律": 3, "详细": 1, "条款": 1, "条文": 2, "很": 3, "笼统": 1, "一个": 14, "做出": 2, "方向": 1, "解读": 1, "旷日持久": 1, "官司": 1, "花掉": 1, "亿": 1, "现金流": 1, "拿去": 1, "打官司": 1, "业务": 2, "停止": 1, "不得不": 1, "出卖": 1, "德国": 3, "西门子": 1, "日本": 3, "三菱": 1, "收购": 4, "意向": 1, "名": 3, "开出": 1, "罚款": 3, "资产": 1, "缴纳": 1, "放弃": 2, "电器": 1, "和解": 1, "总统": 2, "马克龙": 3, "2015年": 1, "经济": 5, "部长": 4, "件": 1, "事情": 4, "阴谋": 1, "议员": 2, "国会": 2, "质询": 1, "秋天": 1, "放": 2, "讲": 1, "罪名": 1, "不厚道": 1, "公开": 1, "案子": 1, "人民": 1, "才": 5, "听证会": 1, "黄": 2, "背心": 2, "爆发": 1, "唆使": 1, "转移": 1, "注意力": 1, "后任": 1, "颜色": 2, "此事": 2, "好看": 1, "﻿评": 1, "本国": 1, "企业": 3, "核心": 2, "领域": 3, "竞争力": 1, "动用": 1, "包括": 1, "间谍": 2, "手段": 2, "他国": 2, "莫须有": 1, "定罪": 1, "竟然": 1, "叫嚣": 1, "中国": 24, "干预": 1, "市场": 2, "无耻": 1, "透顶": 1, "七": 1, "合照": 1, "表情": 1, "前置": 1, "牛逼图": 1, "三": 3, "笑": 1, "兄妹": 1, "我家": 1, "强​": 1, "@": 6, "财新": 1, "周刊": 1, "封面": 2, "报道": 6, "|": 2, "孟晚舟": 3, "冲击": 2, "发动": 1, "场": 1, "司法": 1, "狙击": 1, "究竟": 1, "维护": 1, "伊朗": 1, "制裁": 1, "严密性": 1, "意欲": 1, "直指": 1, "通信": 16, "优位": 1, "无线": 3, "行业": 3, "分析师": 2, "分析": 2, "称": 4, "美": 4, "国都": 1, "希望": 1, "未来": 3, "领导者": 1, "试试": 1, "mate20pro": 1, "动作": 1, "自动": 3, "检测": 1, "运动": 1, "开拍": 1, "挺": 2, "好用": 1, "原片": 1, "不行": 3, "后期": 1, "个色": 1, "好玩儿": 1, "功能": 2, "L莲": 1, "石路": 1, "车神": 1, "视频": 7, "港": 1, "剧头": 1, "条子": 1, "钱": 1, "犯人": 1, "阿婆": 1, "阿婆话": 1, "距": 1, "个样": 1, "衰过": 1, "人果": 1, "阿sir": 1, "熟面": 1, "口喔": 1, "记唔": 1, "记得": 1, "好似": 1, "杨明": 1, "Mat": 1, "Raymond趙": 1, "永洪": 1, "LTVB": 1, "剧透社": 1, "机场": 4, "回": 1, "札幌": 4, "JR": 3, "随手": 1, "雪景": 1, "模式": 1, "拍": 1, "照片": 1, "每次": 1, "朋友": 2, "老李": 1, "开车": 3, "千岁": 1, "大概": 2, "珠海": 1, "深圳": 1, "冬天": 1, "雪地": 1, "往返": 1, "小时": 2, "新千": 1, "岁": 1, "市区": 2, "推荐": 1, "坐": 1, "快": 1, "贴士": 1, "国内": 3, "航站楼": 1, "楼下": 1, "国际": 2, "航班": 1, "smileroad下楼": 1, "买": 1, "sapporo": 1, "JR票": 1, "1070": 1, "日元": 1, "起点站": 1, "坐到": 1, "终点": 1, "40": 2, "分钟": 2, "听听": 1, "歌": 1, "窗外": 1, "札幌站": 1, "出站": 1, "出租车": 1, "总站": 1, "不用": 1, "担心": 1, "车": 1, "酒店": 1, "地址": 1, "告诉": 1, "司机": 1, "路程": 1, "超过": 3, "15": 1, "省钱": 1, "北海道": 1, "日常": 1, "县城": 2, "300": 1, "米": 1, "街道": 1, "oppo五": 1, "vivo3": 1, "品牌": 1, "线下": 1, "渠道": 4, "王者": 1, "媳妇": 1, "老家": 2, "中心": 2, "地段": 1, "店": 1, "不服": 1, "泰国": 9, "启动": 4, "测试台": 5, "8日": 1, "这是": 3, "首次": 1, "东南亚": 3, "地区": 2, "设立": 1, "O泰国": 2, "测试": 8, "台​": 1, "O猪年": 1, "简单": 3, "想法": 1, "宁南山": 1, "设备": 16, "西方": 2, "媒体": 2, "尤其是": 1, "最为": 1, "常见": 1, "场合": 1, "反复": 2, "世界": 15, "传输": 1, "观念": 1, "实际上": 2, "全世界": 8, "大规模": 4, "部署": 4, "几十": 1, "从来": 2, "网络": 20, "理解": 1, "越来越": 6, "处于": 1, "完善": 1, "水平": 3, "欧洲": 4, "韩国": 1, "发达国家": 1, "运营商": 1, "原因": 2, "监听": 2, "总和": 1, "2002年": 1, "英国": 2, "金融": 1, "时报": 1, "华盛顿": 1, "邮报": 1, "波音": 1, "领导人": 1, "制造": 2, "专机": 1, "人大": 2, "规模": 1, "安装": 1, "窃听器": 2, "事件": 3, "情报": 4, "部门": 4, "合作": 4, "证据": 1, "出于": 1, "美帝": 1, "机密": 5, "信息": 7, "窃取": 2, "2001年": 1, "南海": 1, "撞机": 1, "规模化": 1, "侦察机": 1, "接近": 1, "本土": 1, "获取": 2, "导致": 1, "侦察": 2, "飞机": 2, "舰船": 2, "每时每刻": 1, "各国": 4, "沿海": 1, "航行": 1, "中国人": 5, "控制": 1, "兴趣": 1, "能力": 4, "政治": 4, "可靠": 1, "1月": 1, "刑事": 1, "文件": 1, "提到": 1, "之间": 1, "来往": 1, "邮件": 2, "内容": 1, "内部": 1, "文档": 1, "猜测": 1, "尝试": 1, "非法": 1, "总部": 2, "服务器": 1, "正是": 1, "国产": 1, "保证": 1, "为首": 1, "搭建": 3, "先进": 3, "升级": 2, "想": 1, "困难": 1, "崛起": 2, "内": 1, "物理": 2, "替换": 2, "无疑": 1, "虚拟": 3, "偷窃": 2, "芯片": 11, "层面": 1, "掌控": 1, "其后": 1, "上游": 1, "国产化": 1, "时间": 6, "国家": 20, "(": 1, ")": 1, "大门": 1, "窄": 1, "无怪乎": 1, "偷听": 1, "最多": 1, "威胁": 3, "拼命": 1, "说华": 1, "游说": 1, "施加": 2, "压力": 2, "事实": 2, "上都": 1, "利用": 1, "话语权": 1, "强势": 1, "重复": 1, "误导": 1, "科学": 11, "精神": 10, "历史": 1, "传统": 1, "缺乏": 2, "创新": 4, "有人": 1, "抨击": 1, "具体化": 1, "中东人": 1, "有没有": 4, "拉美人": 1, "非洲": 1, "南亚": 1, "印巴人": 1, "眼光": 1, "欧美": 1, "塞尔维亚人": 1, "波兰人": 1, "意大利人": 1, "希腊人": 1, "匈牙利人": 1, "西班牙人": 1, "加拿大": 1, "主语": 1, "换成": 1, "外国": 1, "毫无": 1, "意义": 1, "反正": 2, "拿来": 1, "争论": 1, "一番": 1, "记住": 1, "人类": 1, "社会": 1, "一大半": 2, "成果": 1, "产出": 1, "极少数": 2, "10": 1, "四五": 1, "占": 3, "PCT": 1, "专利": 2, "2018年": 1, "四": 4, "五": 3, "申请量": 1, "77%": 1, "研发": 1, "高度": 1, "写": 1, "论文": 1, "引用": 1, "次数": 1, "排": 1, "专业": 3, "1%": 1, "顶尖": 1, "科学家": 2, "例子": 2, "2004-2014年": 1, "时间段": 1, "数量": 1, "74.8%": 1, "猜猜": 1, "答案": 1, "肯定": 1, "差": 2, "玩家": 1, "批判": 1, "填鸭式": 1, "教育": 1, "掉": 1, "队伍": 1, "行列": 1, "听信": 1, "类似": 1, "遗憾": 1, "P30Pro": 1, "颗": 1, "摄像头": 4, "颜值": 2, "算": 2, "高​": 1, "不仅仅": 1, "领先": 2, "背后": 1, "海思": 7, "强大": 1, "90％": 1, "安防": 2, "监控": 2, "依托": 1, "麒麟": 1, "遥遥领先": 1, "影响": 1, "利益": 1, "发展": 3, "预料": 1, "之中": 1, "借口": 1, "建设": 5, "头疼": 1, "不已": 1, "项": 2, "禁令": 1, "禁止": 4, "处理器": 2, "位于": 2, "加州": 1, "摄像机": 1, "制造商": 1, "Pelco": 1, "去年": 1, "款": 1, "清晰": 1, "分辨率": 1, "尖端": 1, "车型": 1, "设定": 2, "销售": 1, "目标": 1, "最初": 1, "计划": 4, "提供": 2, "新型": 2, "GFC": 2, "4K": 2, "相机": 3, "拒绝": 2, "用于": 1, "90%": 1, "独立": 1, "开发": 2, "同类": 1, "拥有": 1, "出色": 1, "性能": 1, "推出": 5, "平台": 6, "数字": 3, "试验期": 2, "CNBC": 1, "周五": 2, "测试点": 1, "春武": 2, "东部": 1, "走廊": 1, "EEC": 1, "一5G": 1, "项目": 1, "关注": 2, "时局": 1, "试验": 1, "期​": 1, "过完": 1, "好多": 2, "年度": 1, "策略": 1, "变量": 1, "依旧": 1, "外围": 1, "积攒": 1, "酝酿": 1, "大概率": 1, "细节": 1, "不便": 1, "谨慎": 1, "杠杆": 1, "基本功": 1, "放低": 1, "预期": 1, "踏踏实实": 1, "做事": 2, "2019": 1, "大会": 4, "2月": 2, "25": 1, "下午": 1, "4:30分": 1, "西班牙": 1, "巴塞罗那": 4, "开幕": 1, "此次": 1, "重点": 1, "渴望": 1, "下一代": 2, "推动": 2, "增长": 1, "物联网": 1, "设施": 2, "成本": 1, "低于": 1, "消息": 2, "人士": 1, "特朗普": 2, "预计": 1, "签署": 2, "电信": 4, "行政": 2, "命令": 2, "25日": 1, "28日": 1, "指令": 1, "名曰": 1, "保护": 1, "免受": 1, "试图": 1, "说服": 1, "欧盟": 1, "建立": 1, "迫在眉睫": 1, "中方": 1, "合同": 1, "消失": 1, "额外": 1, "耻辱感": 1, "改变": 1, "态度": 1, "集团": 2, "咨询": 1, "负责人": 1, "保罗·特里奥洛": 1, "监管": 1, "环境": 1, "尚未": 1, "关心": 1, "白宫": 1, "发表": 1, "评论": 1, "委员会": 1, "发言人": 1, "加勒特": 1, ".": 2, "马奎斯": 1, "盟友": 2, "志同道合": 1, "伙伴": 1, "降低": 1, "基础": 1, "风险": 1, "派出": 1, "至少": 1, "工作": 1, "人员": 1, "机构": 1, "代表团": 1, "出席": 1, "第二": 1, "来源": 1, "传达": 1, "走": 1, "急于": 1, "一点": 2, "弄": 1, "指导": 1, "扩建": 1, "替代品": 1, "亲密": 1, "外部": 1, "顾问": 1, "众议院": 1, "议长": 1, "纽特·金里奇": 1, "打电话": 1, "蓬佩奥": 1, "到底": 1, "金里奇": 1, "解释": 1, "欧亚": 1, "乔罗说": 1, "地缘": 1, "栖息地": 1, "过年": 2, "回家": 1, "搞定": 2, "熊孩子": 3, "、": 6, "手办": 1, "零食": 1, "不定": 1, "21": 1, "世纪": 1, "牛": 1, "轰轰": 1, "出品": 1, "动漫": 1, "图解": 1, "平板": 1, "M5青春": 1, "版": 1, "智能": 4, "语音": 1, "儿童": 1, "乐园": 1, "多重": 1, "护眼": 1, "轻松": 1, "七大": 1, "姑": 1, "八大": 1, "姨家": 1, "到达": 1, "卡萨布兰卡": 1, "13:51": 1, "14:51": 1, "调整": 1, "第一": 2, "碰上": 1, "切换": 1, "BUG": 1, "摩洛哥​": 1, "UP": 1, "猪": 1, "圆": 1, "玉润": 1, "猪年": 1, "AI": 1, "福气": 1, "HUAWEIHiAI": 1, "Service": 1, "精准": 1, "引流": 1, "触达": 1, "用户": 2, "找": 1, "形象": 1, "管理": 1, "开发者": 1, "联盟": 1, "转评": 1, "抽送": 1, "蓝牙": 1, "耳": 1, "副": 1, "抽奖": 1, "出门": 1, "旅游": 1, "心情": 1, "愉快": 1, "电量": 1, "拖后腿": 1, "Pro": 1, "支持": 1, "W车": 1, "载": 1, "超级": 2, "快充": 1, "新春": 1, "佳节": 1, "从容": 1, "出行": 1, "电": 1, "L华": 1, "官方": 1, "秒拍": 1, "新闻网": 1, "下图": 1, "网址": 1, "下周": 1, "川": 1, "头条": 1, "文章": 1, "小米": 2, "OPPO": 2, "vivo": 2, "超越": 2, "流浪": 2, "地球": 2, "满意": 1, "人工": 2, "相比": 1, "科幻片": 1, "当成": 1, "数据": 1, "收集": 1, "自主": 1, "方案": 1, "制定": 1, "决策": 1, "建议": 1, "一体": 1, "参谋团": 1, "莫斯": 1, "联合国": 1, "预设": 1, "吐槽": 1, "程度": 1, "基本上": 1, "音箱": 1, "新岁": 1, "千": 7, "喜": 1, "诸事": 1, "顺易": 1, "米奇": 1, "比心": 1, "易烊": 8, "千玺助梦": 1, "小将": 1, "燃动": 1, "冰雪": 1, "星空": 1, "明亮": 1, "不及": 1, "睁开": 1, "眼眸": 1, "一刻": 1, "风景": 1, "抵": 1, "梨涡": 1, "浅笑": 1, "TFBOYS": 1, "玺": 6, "L易烊": 1, "千玺": 3, "英语": 1, "听易": 1, "烊": 2, "中戏": 2, "字": 3, "弟弟": 1, "nova": 2, "代言人": 3, "野兽派": 1, "阿迪": 1, "天猫": 1, "爸爸": 1, "沙宣": 2, "葆蝶家": 1, "阿易": 1, "长安": 1, "十二": 1, "时辰": 1, "艳势": 1, "番": 1, "BottegaVeneta": 1, "亚太区": 1, "千玺易烊": 1, "唱歌": 3, "现场": 3, "liveyyqx": 1, "yy": 2, "qx": 2, "live四": 1, "四字": 1, "live": 1, "​​": 1, "​K": 1, "Don'tTieMeDown-TFBOYS": 1, "千玺K": 1, "亲爱": 1, "K": 1, "恒温": 1, "动物": 1, "K舒": 1, "适圈": 1, "不顾": 1, "台": 1, "敦促": 1, "参与": 1, "巨头": 1, "亚洲": 1, "早": 1, "盟国": 1, "O网页": 1}