{"任正非": 68, "回应": 8, "热点": 6, "底气": 2, "！": 23, "华为": 96, "创始人": 9, "、": 74, "CEO": 9, "接受": 27, "央视": 30, "专访": 36, "海报": 2, "带": 3, "精彩": 8, "观点": 10, "↓↓": 3, "​": 9, "完整": 11, "视频": 35, "：": 57, "死": 21, "①": 3, "从没": 3, "死亡": 4, "两万": 4, "枚": 4, "金牌": 3, "奖章": 4, "题词": 3, "梳理": 3, "胜利": 6, "②": 3, "关心": 16, "教育": 18, "国家": 35, "重视": 7, "重返": 7, "贫穷": 7, "③": 3, "英雄": 20, "从来": 14, "都": 22, "想": 13, "↓": 2, "L": 10, "新闻": 6, "秒拍": 12, "43": 9, "分钟": 9, "完整版": 6, "26日": 5, "晚": 5, "播出": 7, "21日": 6, "总部": 7, "面对面": 7, "内容": 5, "戳": 9, "采访": 11, "链接": 5, "文字": 8, "访谈": 8, "实录": 10, "最佳": 11, "状态": 13, "穷": 21, "教师": 11, "开放": 11, "才": 8, "未来": 15, "O独家": 3, "|": 2, "全程": 7, "转存": 3, "全文": 5, "8000": 4, "字": 4, "5月": 8, "下午": 1, "......": 1, "集锦": 2, "1": 3, "实际上": 4, "爱国": 4, "爱": 3, "希望": 9, "繁荣富强": 3, "欺负": 3, "3": 4, "美国": 104, "打压": 11, "孟晚舟": 6, "事件": 5, "发生": 2, "公司": 31, "危险": 2, "4": 4, "温哥华": 2, "软禁": 2, "担心": 2, "读": 2, "一个": 17, "狱中": 2, "博士": 2, "5": 3, "海思": 2, "本来": 4, "此前": 3, "张扬": 2, "6": 4, "海思员工": 2, "憋": 2, "回去": 2, "老婆": 6, "老": 2, "表扬": 4, "买": 12, "好几": 2, "包": 6, "回来": 2, "好不": 2, "好看": 2, "挣": 6, "钱": 6, "7": 3, "军": 2, "爬到": 2, "山顶": 2, "不和": 2, "拼": 7, "刺刀": 3, "拥抱": 3, "8": 3, "放": 3, "别人": 5, "9": 3, "感谢": 2, "三十": 2, "伴随": 2, "成长": 2, "做出": 3, "很多": 3, "无私": 2, "贡献": 2, "教": 2, "明白": 2, "走路": 2, "危机": 2, "时代": 4, "体现": 2, "企业": 17, "良心": 2, "10": 2, "学生": 3, "超过": 4, "老师": 13, "很": 5, "棒": 2, "理解": 2, "11": 2, "美": 18, "贸易": 7, "冲突": 2, "长期": 2, "持久战": 2, "短期": 2, "突击战": 4, "强大": 4, "度过": 2, "磨合": 4, "阶段": 4, "产品": 3, "切换": 2, "12": 2, "不用": 4, "完人": 4, "追求": 2, "完美": 6, "做长": 2, "这块": 2, "板": 2, "一块": 2, "长板": 2, "高桶": 2, "没用": 2, "13": 2, "如果说": 2, "待遇": 2, "孩子": 3, "优秀": 6, "马太": 2, "效应": 6, "越来越": 6, "差": 4, "马": 2, "太": 3, "14": 3, "科技": 3, "水平": 3, "强身健体": 4, "最终": 3, "文化": 2, "素质": 2, "15": 3, "……": 2, "动用": 3, "力量": 4, "他国": 6, "法国": 11, "阿尔斯通": 20, "前车之鉴": 3, "世界": 5, "警惕": 3, "本月": 1, "23日": 1, "外交部": 5, "发言人": 3, "陆慷": 3, "回答": 2, "相关": 1, "提问": 1, "枉顾": 1, "切身利益": 1, "轻易": 1, "盲从": 1, "一己": 1, "私利": 1, "无理": 1, "绝大多数": 1, "忘记": 1, "政府": 16, "干扰": 1, "市场": 2, "运行": 1, "阻挠": 1, "互利": 1, "合作": 5, "行径": 1, "始终": 2, "高度": 2, "称作": 1, "工业": 2, "明珠": 1, "2014年": 1, "拆分": 1, "电力": 4, "电网": 1, "业务": 3, "通用": 8, "收购": 4, "这项": 1, "交易": 2, "背后": 1, "正是": 2, "司法": 2, "长臂": 2, "管辖": 3, "操作": 2, "手法": 1, "O": 5, "理智": 1, "绑架": 1, "承担": 1, "安心": 1, "偷": 5, "技术": 6, "当地": 2, "时间": 4, "27日": 4, "彭博社": 6, "兼": 2, "该台": 1, "记者": 3, "主持人": 2, "提到": 1, "有人": 1, "指责": 1, "窃取": 1, "明天": 4, "差不多": 1, "环球": 2, "时报": 4, "三": 2, "缺": 2, "二视": 2, "频组": 2, "@": 7, "视": 2, "频L": 2, "赞同": 1, "报复": 1, "苹果": 5, "节目": 1, "反对": 4, "针对": 6, "报复性": 1, "措施": 1, "先进": 1, "绝不": 1, "微软": 5, "美企": 2, "警告": 4, "特朗普": 9, "封杀": 4, "自我": 2, "孤立": 2, "削弱": 3, "创新": 2, "能力": 1, "接二连三": 1, "打击": 3, "媒体": 3, "表达": 2, "担忧": 2, "25日": 1, "中国": 6, "引火烧身": 1, "电气": 3, "美国商务部": 1, "提交": 1, "书面": 1, "意见": 1, "华盛顿": 1, "经济": 5, "战争": 3, "利益": 2, "混为一谈": 1, "视为": 1, "软件": 2, "奥米勒斯": 1, "(": 1, "Omelas": 1, ")": 1, "埃文娜": 1, "手里": 1, "锤子": 1, "东西": 5, "钉子": 1, "...": 3, "架": 2, "炮": 2, "吓唬": 2, "误判": 3, "划": 1, "重点": 1, "写": 1, "高端": 1, "办法": 1, "抓": 1, "摧毁": 1, "意志": 1, "社会": 2, "注定": 1, "走向": 1, "人工": 1, "智能": 1, "基础": 4, "抓起": 1, "尊师重教": 1, "人才": 1, "领域": 2, "搏击": 1, "前途": 1, "命运": 1, "人类": 2, "灵魂": 1, "工程师": 1, "投资": 1, "决不": 1, "理想": 1, "服务": 2, "消灭": 1, "员工": 4, "全体": 1, "振奋": 1, "个个": 1, "战斗力": 1, "蒸蒸日上": 1, "禁令": 7, "引发": 3, "内": 3, "质疑": 4, "奇怪": 4, "昨天": 4, "纽约": 2, "头版": 2, "刊发": 2, "篇": 1, "封面": 2, "文章": 2, "称": 5, "导致": 2, "农村": 2, "地区": 2, "无线": 2, "设施": 2, "建设": 2, "被迫": 2, "中断": 2, "农场主": 2, "面临": 2, "外界": 3, "联络": 2, "境遇": 2, "评论": 3, "加大": 2, "华": 2, "遏制": 2, "反而": 2, "农民": 3, "深陷": 2, "雪上加霜": 2, "处境": 2, "竭力": 1, "证据": 3, "；": 1, "民众": 2, "实实在在": 2, "伤害": 1, "国内": 1, "对此": 2, "声音": 2, "邬贺铨": 2, "院士": 2, "谈华": 1, "熟练": 2, "ARM": 3, "架构": 2, "修改": 2, "抵挡": 1, "暂时性": 2, "困难": 2, "工程院": 1, "数博会": 1, "列入": 1, "实体名单": 1, "经验": 1, "芯片": 3, "设计商": 1, "断供": 4, "抵住": 1, "鸿蒙": 1, "系统": 2, "兼容": 1, "安卓": 1, "App": 1, "老板": 3, "联播": 2, "反对声": 1, "昨日": 1, "农业": 2, "补贴": 1, "协会": 1, "纷纷": 1, "喊话": 1, "创": 1, "活": 2, "长久之计": 1, "美方": 1, "影响": 2, "朱若梦": 1, "→L": 1, "→O": 1, "独家": 1, "卖": 2, "谈判": 2, "卖给": 4, "打电话": 2, "推特": 2, "好笑": 1, "五环": 1, "短视": 1, "频http": 1, "://t.cn/ECLs15": 1, "x​": 1, "沉稳": 1, "将来": 3, "手机": 2, "两三年": 1, "两三": 1, "年后": 1, "朵": 1, "鲜花": 1, "坟墓": 1, "L微": 1, "丢": 1, "民族": 2, "称号": 2, "商业性": 1, "商品": 4, "买卖": 1, "代表": 1, "政治": 1, "态度": 1, "干什么": 1, "喜好": 1, "关系": 2, "炒作": 2, "有时候": 2, "偏激": 4, "思想": 2, "民粹主义": 2, "好处": 2, "新浪": 1, "财经": 1, "外籍": 2, "高管": 4, "舌战": 2, "美媒": 2, "高能": 2, "优势": 1, "发酵": 1, "段": 1, "7日": 2, "这两天": 1, "网友": 1, "关注": 1, "首席": 5, "安全官": 2, "安迪·珀迪": 1, "有线": 1, "卫星": 1, "公共": 1, "事务": 2, "网络C": 1, "SPAN": 1, "这位": 1, "律师": 1, "联邦": 2, "检察官": 1, "国土": 1, "安全部": 1, "面对": 1, "刁钻": 2, "思路": 1, "清晰": 1, "设备": 1, "网络": 2, "套": 1, "独立": 1, "5G": 2, "可能性": 1, "关闭": 1, "一部分": 1, "安迪": 1, "均": 1, "一一": 2, "化解": 2, "详情": 1, "来源": 1, "WatchThis": 1, "字幕组": 1, "L华": 1, "嘉宾": 1, "O网页": 1, "L凤凰网": 1, "震撼人心": 2, "15大": 2, "发人深省": 2, "PTSD": 1, "患者": 1, "疯": 1, "扬言": 1, "华为粉": 1, "打死": 1, "谈": 4, "零部件": 1, "生存": 1, "多久": 1, "警察": 1, "判断": 1, "做好": 1, "持续": 1, "计划": 1, "联播L": 1, "彭博": 1, "栏目": 1, "谈到": 1, "笑道": 1, "特朗": 1, "普发": 1, "条": 1, "可笑": 1, "自相矛盾": 1, "自圆其说": 1, "判": 1, "大佬": 1, "L大佬": 1, "被捕": 2, "控制": 2, "团结": 2, "2019年": 1, "初": 1, "皮耶鲁齐": 4, "亲身": 1, "经历": 3, "写成": 1, "陷阱": 5, "反响": 1, "揭露": 1, "竞争": 7, "对手": 7, "内幕": 1, "2013年": 2, "机场": 1, "调查局": 1, "逮捕": 2, "起诉": 1, "入狱": 1, "司法部": 5, "指控": 1, "涉嫌": 1, "商业": 1, "贿赂": 1, "处以": 1, "7.72亿": 1, "美元": 4, "罚款": 3, "行业": 1, "近日": 1, "巴黎": 1, "新华社": 2, "出版": 1, "本书": 1, "犹豫": 1, "后悔": 1, "有助于": 1, "企业管理者": 1, "政治家们": 1, "清醒": 1, "意识": 1, "严重性": 1, "本质": 1, "答": 5, "书": 3, "依据": 1, "事实": 2, "法律": 5, "详细": 1, "分析": 1, "利用": 2, "经济战": 2, "武器": 3, "低价": 1, "讲述": 1, "国内法": 1, "何种": 1, "手段": 1, "目的": 1, "调查": 1, "执行官": 3, "柏珂龙": 1, "当局": 2, "耐心": 1, "以此": 1, "传递": 1, "信号": 1, "配合": 1, "监狱": 2, "自保": 1, "背着": 1, "管理层": 1, "大部分": 1, "秘密": 3, "协商": 1, "包括": 2, "在内": 1, "四分之三": 1, "道德": 2, "发起": 2, "欧洲": 4, "为此": 1, "冷战": 1, "结束": 1, "定位": 1, "情报": 3, "机构": 2, "侧重": 1, "收集": 1, "监视": 1, "斯诺登": 1, "揭发": 1, "幌子": 1, "国外": 1, "设立": 1, "域": 1, "外法": 1, "海外": 3, "腐败法": 3, "这部": 1, "1977年": 1, "出台": 1, "此后": 1, "20多": 1, "1998年": 2, "域外法": 2, "外国": 1, "服务器": 1, "邮件": 1, "管辖权": 1, "发展": 2, "组织": 1, "施压": 1, "成员": 1, "出口": 1, "遵守": 1, "随后": 1, "2001年": 1, "颁布": 1, "爱国者": 1, "法案": 2, "2005年": 1, "修订": 1, "间谍": 1, "活动": 1, "从此": 1, "得以": 1, "展开": 1, "迄今为止": 1, "此法": 1, "缴纳": 1, "1亿": 1, "29": 1, "2010年": 1, "违反": 1, "国库": 1, "支付": 1, "140亿": 1, "迫害": 1, "家庭": 1, "带来": 1, "监禁期": 1, "25": 1, "警戒": 1, "期间": 2, "隔": 1, "玻璃": 1, "妻子": 1, "监禁": 1, "放弃": 1, "职位": 1, "为由": 1, "解雇": 1, "职业": 1, "生涯": 1, "毁": 1, "实施": 2, "禁运": 1, "频频": 1, "国际": 1, "单边": 1, "制裁": 1, "维护": 1, "核电站": 2, "权力": 1, "提供": 1, "75%": 1, "一手": 1, "资料": 1, "实质": 1, "采用": 1, "策略": 2, "类似于": 1, "背景": 1, "贸易战": 1, "众所周知": 1, "领先": 1, "总统": 1, "隐瞒": 1, "真相": 1, "路人皆知": 1, "忽视": 1, "抵制": 1, "单边主义": 1, "回击": 1, "——": 1, "日前": 1, "深圳": 1, "大篇幅": 1, "谈及": 1, "狗熊": 1, "O央视": 1}