{"手机": 25, "配合": 2, "Cyberverse": 1, "技术": 1, "直观": 2, "获取": 1, "室内": 2, "室外": 3, "场景": 4, "信息": 1, "现实": 1, "虚拟": 1, "世界": 1, "交互": 2, "越来越": 1, "简单": 1, "L华": 6, "终端": 7, "官方": 6, "视频": 16, "​": 15, "华为": 56, "助力": 1, "葡萄牙": 3, "第一": 4, "5G": 18, "网络": 3, "落地": 1, "电信": 1, "运营商": 1, "NOS": 1, "公司": 3, "23日": 4, "中国": 4, "合作": 1, "北部": 1, "马托西": 1, "纽什市": 1, "建成": 1, "该国": 1, "上周": 1, "瑞士": 1, "苏黎世": 1, "第十": 1, "届": 1, "全球": 2, "宽带": 1, "论坛": 1, "产品线": 2, "总裁": 2, "杨超斌": 1, "透露": 1, "内": 1, "签署": 1, "60多": 1, "份": 2, "商业": 2, "合同": 1, "欧洲": 1, "客户": 1, "32": 1, "新华网": 1, "霸霸": 1, "宠": 1, "代言人": 1, "nova": 1, "自带": 1, "音乐": 3, "播放器": 1, "一个": 7, "模块": 1, "发帖": 1, "机会": 2, "领": 1, "少年": 2, "电影票": 1, "！": 25, "千": 2, "玺": 2, "周边": 2, "参加": 2, "@": 4, "TFBOYS": 1, "易烊": 2, "千玺": 1, "易": 1, "烊千": 1, "玺​": 1, "听": 6, "大楼": 2, "改名": 2, "中心": 3, "台": 9, "当局": 5, "跑": 3, "......": 2, "台媒": 1, "报道": 2, "外交部": 2, "声称": 1, "驻": 2, "新西兰": 1, "大城": 1, "奥克兰": 2, "台北": 2, "经济": 2, "文化": 2, "办事处": 2, "搬迁": 3, "责成": 1, "原因": 2, "所在": 1, "建筑物": 1, "更名": 1, "基于": 2, "理由": 3, "做法": 1, "岛内": 1, "网友": 6, "批评": 1, "称": 3, "：": 35, "都": 15, "包装": 1, "、": 25, "遮丑": 1, "综合": 1, "台湾": 1, "联合": 1, "新闻网": 1, "媒体": 1, "10月": 2, "原租": 1, "地址": 1, "2001年": 1, "8月": 1, "承租": 1, "18年": 1, "O": 2, "这几天": 1, "身边": 1, "程序员": 7, "收到": 1, "好友": 2, "疯狂": 1, "艾特": 1, "之际": 2, "爱护": 1, "协会": 1, "委托": 1, "研制": 1, "消除": 1, "六": 2, "宗": 1, "懒罪": 1, "懒人": 2, "包": 2, "键": 1, "O网页": 1, "链接": 1, "致敬": 1, "转评": 1, "3": 3, "说出": 1, "有用": 1, "神器": 1, "~": 4, "小云": 1, "抽": 1, "小伙伴": 1, "送出": 1, "荣耀": 1, "1万": 1, "毫安": 1, "电源": 1, "FreeBuds3": 14, "工程": 1, "机版": 1, "感受": 4, "固件": 2, "版本": 1, "1.0.0.115": 1, "这是": 1, "半入": 1, "耳式": 1, "无线": 6, "蓝牙": 1, "耳机": 12, "唯一": 1, "支持": 8, "主动": 5, "降噪": 15, "款": 3, "WatchGT2手表": 1, "搭载": 2, "麒麟A": 1, "1": 3, "芯片": 1, "内部": 1, "研发": 1, "标真": 1, "标杆": 2, "产品": 3, "苹果": 6, "AirPods": 4, "系列": 3, "定价": 3, "1199": 1, "元": 9, "双耳": 1, "播放": 2, "设备": 2, "连接": 4, "通T": 1, "WS": 1, "+": 13, "类似": 1, "方式": 1, "主副耳机": 1, "确保": 1, "出色": 1, "稳定性": 2, "降低": 3, "时延": 1, "耗电": 1, "速度": 3, "半入耳": 1, "设计": 1, "佩戴": 2, "舒适度": 2, "区别": 1, "长": 1, "时间": 2, "强于": 1, "入耳式": 2, "表现": 6, "干扰": 1, "AirPods2": 5, "级别": 1, "路段": 1, "二者": 2, "难": 2, "伯仲": 1, "极端": 1, "情况": 3, "具备": 1, "自动": 3, "切换": 2, "信道": 1, "能力": 2, "卡顿": 1, "断连": 1, "开盖": 1, "秒": 3, "取下": 1, "戴": 2, "上单": 1, "暂停": 1, "配对": 2, "之间": 3, "居然": 1, "快": 2, "相比": 2, "一代": 1, "提升": 3, "卖点": 1, "痛点": 1, "延迟": 4, "优秀": 2, "都会": 1, "攻坚": 1, "FreeBuds3连": 2, "Mate30Pro": 4, "歌": 2, "和平": 3, "精英": 3, "游戏": 3, "声音": 2, "AirPods2连": 1, "iPhone11ProMax": 3, "很": 7, "分出": 1, "有线": 1, "差距": 1, "不大": 1, "玩": 3, "给力": 1, "小米": 1, "9": 1, "Pro": 3, "0.3": 1, "高通": 2, "730G": 1, "平台": 2, "后续": 3, "优化": 1, "数据": 1, "15dB": 1, "外界": 1, "噪音": 2, "开启": 3, "效果": 6, "感觉": 3, "环境": 5, "汽车": 2, "飞机": 1, "发动机": 1, "低噪": 1, "抑制": 2, "整体": 1, "大致": 1, "小鸟": 1, "TrackAir": 1, "水平": 2, "人声": 2, "想": 5, "处于": 2, "稳定": 2, "气压": 2, "跑步": 1, "快速": 2, "行走": 1, "又或者": 1, "迎面": 1, "刮": 1, "一阵风": 1, "导致": 1, "变化": 1, "30%": 1, "大概": 2, "33": 1, "恢复": 3, "急": 1, "手动": 1, "开关": 1, "也就是说": 1, "相比之下": 1, "索尼": 1, "WF-1000": 1, "XM3": 1, "靠谱": 1, "才": 1, "优选": 1, "音质": 4, "流行": 1, "稍": 1, "这次": 1, "续航": 3, "低时": 1, "延": 1, "取消": 1, "HWA": 1, "模式": 2, "AAC": 2, "SBC": 1, "足够": 1, "请": 1, "类型": 1, "通话": 2, "清晰度": 1, "AirPods2好": 1, "马路": 1, "不错": 1, "正式": 2, "开卖": 1, "追上": 1, "50%": 2, "音量": 1, "三": 3, "小时": 3, "歌续": 1, "航大": 1, "四": 4, "电后": 1, "10": 1, "分钟": 2, "充到": 1, "电量": 2, "37": 1, "充满": 1, "100%": 1, "充电盒": 1, "充电": 2, "很快": 1, "FreeBuds3续航": 1, "快充": 1, "或多或少": 1, "弥补": 1, "OK": 1, "弹窗": 1, "动画": 1, "查看": 1, "电池盒": 1, "剩余": 1, "智慧": 2, "生活": 1, "软件": 3, "才能": 1, "功能": 1, "圆环": 1, "调节": 1, "等级": 1, "包含": 1, "音": 1, "增强": 2, "自定义": 1, "耳": 1, "双击": 1, "操作": 3, "iOS版": 1, "未来": 1, "适配": 2, "值": 1, "值得": 1, "买": 8, "旗舰": 4, "用户": 2, "入手": 2, "麒麟990": 1, "Mate30": 4, "限度": 1, "发挥": 1, "性能": 1, "iPhone": 4, "半": 1, "入耳": 1, "确实": 1, "小白鼠": 1, "霜降": 7, "节气": 2, "始霜": 1, "黄河": 1, "流域": 1, "气候": 1, "特征": 1, "全年": 1, "霜日": 1, "青藏": 1, "高原": 1, "地方": 1, "年霜日": 1, "；": 20, "福州": 1, "以南": 1, "两广": 1, "沿海": 1, "平均": 1, "年霜": 1, "广州": 1, "无霜": 1, "拍摄": 1, "秋": 1, "(": 2, "fang": 1, "气息": 1, "评论": 1, "福利": 2, "L广州": 1, "天气": 2, "O抽奖": 1, "详情": 1, "昨天": 2, "深圳": 2, "新品": 2, "发布会": 1, "亲身": 1, "刚刚": 2, "首款": 3, "爆品": 1, "上市": 4, "5G版": 1, "这款": 1, "备受": 2, "关注": 2, "到底": 2, "牵动": 1, "智能": 2, "协同": 2, "体验": 3, "跟随": 1, "镜头": 2, "​​​L爱": 1, "搞机": 1, "小nv孩": 1, "秒拍": 4, "露": 1, "成霜": 1, "微凉": 1, "波": 1, "冷空气": 1, "防寒": 1, "保暖": 1, "秋天": 2, "折叠屏": 2, "MateX": 6, "发售": 1, "现场": 2, "完成度": 1, "画面": 1, "简直": 2, "物理": 1, "外挂": 1, "16999": 8, "选择": 2, "L": 2, "数码": 1, "秦": 1, "明月": 1, "携手": 1, "主题": 1, "宝藏": 1, "吾国": 1, "DigiX": 1, "数字": 2, "生活节": 1, "主题馆": 1, "10/24-28日": 1, "登陆": 1, "西安": 1, "大唐西市": 1, "丝绸之路": 1, "起点": 1, "告诉": 2, "很多": 4, "好玩": 1, "互动": 1, "赢取": 1, "噢": 1, "服务": 1, "上海": 2, "何刚": 3, "卖": 2, "算": 2, "贵": 4, "36氪": 1, "消息": 2, "消费者": 2, "业务": 1, "此前": 1, "成熟": 2, "无论是": 1, "部件": 2, "便宜": 1, "供应商": 1, "解决": 1, "合适": 1, "工资": 1, "缺点": 1, "接受": 2, "裸奔": 1, "挂花": 1, "刚": 1, "真心": 1, "难受": 2, "😣2": 1, "压力": 1, "传感器": 1, "吃": 1, "鸡": 1, "😣": 6, "振动": 1, "弱": 1, "放": 1, "裤子": 1, "口袋": 1, "提醒": 1, "错过": 1, "好多": 1, "电话": 1, "4": 3, "触感": 1, "灵敏": 1, "曲面": 1, "屏幕": 3, "鬼样": 1, "5": 1, "夜景": 1, "拍照": 1, "预览": 1, "惨白": 2, "色彩": 2, "灯光": 1, "真实": 1, "6": 1, "人像": 1, "磨皮": 1, "美肤": 1, "太": 7, "皮肤": 1, "细节": 1, "7": 1, "绿洲": 1, "发布": 6, "头条": 1, "文章": 1, "寒潮": 2, "来袭": 3, "": 2, "财经": 1, "每日": 1, "必读": 1, "赚钱": 2, "季": 1, "周四": 1, "创业板壳": 2, "天然气": 1, "能源": 1, "/": 3, "科技": 4, "货币": 1, "养殖": 1, "分化": 1, "主板": 1, "放量": 1, "滞跌": 1, "明日": 2, "预设": 1, "反弹": 2, "观察": 3, "成交量": 1, "放大": 1, "强势": 2, "股": 2, "接力": 1, "亏": 1, "钱": 3, "效应": 2, "鲁商": 1, "发展": 2, "华谊": 2, "嘉信": 2, "非科": 1, "创板": 1, "情绪": 1, "空间板": 1, "高度": 1, "5板": 1, "首板": 1, "数量": 1, "减少": 1, "盘中": 2, "逆市": 1, "走强": 1, "人气股": 1, "优": 1, "策略": 1, "耐心": 2, "回踩": 1, "企稳": 1, "低": 1, "吸富": 1, "一生": 1, "科创板": 1, "弱势": 1, "盘整": 1, "走": 1, "连续": 1, "等待": 1, "板块": 1, "微芯": 2, "生物": 3, "山石": 1, "网科": 1, "方邦": 1, "股份": 5, "南微": 1, "医学": 1, "沃尔德": 1, "铂力特": 1, "Ps": 1, "北方": 1, "同学": 1, "下周": 2, "供暖": 1, "O寒潮": 1, "折": 2, "叠屏": 4, "#华": 1, "贴膜": 6, "缓缓": 3, "…": 3, "媒体品": 1, "鉴会": 1, "瞩目": 1, "折叠": 2, "屏": 1, "终于": 1, "售价": 2, "HUAWEIMateX8GB": 1, "512GB": 1, "版": 1, "国行": 1, "11月": 2, "15日": 2, "上午": 1, "商城": 1, "限量": 1, "销售": 1, "价格": 1, "肯定": 2, "走量": 1, "尝鲜": 1, "愁": 1, "调侃": 1, "事儿": 1, "没法": 1, "套壳": 1, "……": 3, "O5G折": 2, "水下": 1, "摄影": 1, "拍": 5, "？？": 3, "质感": 1, "吓到": 1, "夜潜": 2, "碰到": 1, "白天": 2, "有趣": 2, "超": 2, "幸运": 1, "拍到": 2, "顶": 1, "海葵": 1, "寄居蟹": 1, "真的": 3, "少见": 1, "海兔": 1, "挺": 2, "常见": 1, "表现力": 1, "惊讶": 1, "图片": 1, "长满": 1, "蓝色": 1, "眼睛": 2, "砗磲贝": 1, "石头鱼": 1, "有人": 2, "发现": 2, "超近": 1, "距离": 1, "超大": 1, "豚鱼": 1, "温顺": 1, "五": 1, "中发": 1, "帅比": 1, "记得": 1, "鱼": 3, "七": 1, "码头": 2, "一窝子": 1, "海龙": 1, "！！！": 1, "八": 1, "年幼": 1, "狮子": 1, "尾巴": 1, "九": 1, "寄": 1, "居蟹": 1, "好像": 1, "立马": 1, "惨": 1, "撞": 1, "海胆": 1, "这家": 1, "婆罗洲": 1, "潜水": 2, "马步": 1, "度假村": 1, "门口": 1, "嘻嘻": 1, "早点": 1, "休息": 1, "明天": 1, "还要": 1, "五点半": 1, "诗": 2, "巴丹": 1, "潜导": 2, "为啥": 1, "早": 1, "隆头": 1, "鹦鹉": 1, "早起": 1, "？？？": 1, "睡": 2, "古耐": 1, "年轻": 1, "旅行": 2, "#野": 1, "姚舜": 1, "带": 1, "马来西亚·BorneoDiversMabul": 1, "Resort": 1, "名": 1, "呈现": 1, "任正非": 4, "鸿蒙": 5, "取代": 2, "安卓": 5, "心声": 1, "社区": 1, "日前": 1, "刊登": 1, "美国": 1, "新闻": 1, "频道": 1, "CNBC": 1, "采访": 1, "内容": 1, "提到": 1, "系统": 4, "一部分": 1, "生态": 1, "补充": 1, "替代": 2, "关系": 1, "将来": 1, "回应": 1, "期待": 2, "FreeBuds": 1, "3来": 1, "吸引": 1, "____": 1, "破解": 1, "多屏": 1, "电脑": 1, "手游": 1, "犯规": 1, "更新": 2, "补丁": 1, "封杀": 1, "希望": 1, "口子": 1, "毕竟": 2, "刺激": 1, "销量": 1, "L明晞": 1, "十八": 1, "郑": 1, "云龙": 1, "ROA": 1, "返场": 1, "龙": 2, "嗨": 1, "飞起": 1, "庆幸": 1, "出差": 1, "果断": 1, "收": 1, "半价": 1, "首场": 1, "排票": 1, "mate30": 1, "女秀": 1, "用来": 1, "圆满": 1, "录": 1, "凑合": 1, "30号": 1, "龙首场": 1, "再见": 1, "位置": 1, "差": 1, "L霞": 1, "光韵": 1, "蔚然": 1, "本月": 1, "阿华": 1, "粉丝日": 1, "惊喜": 1, "点开": 1, "大图": 1, "查收": 1, "韩国": 1, "三星": 1, "GalaxyFold": 2, "战争": 1, "即将": 1, "打响": 1, "日本": 1, "配件": 1, "厂商": 2, "株式会社": 1, "ミヤ": 1, "ビッ": 1, "クス": 1, "☆ビ": 1, "ザ": 1, "ビ事": 1, "業部": 1, "针对": 1, "手机器": 1, "原型": 1, "试图": 1, "两头": 1, "恰饭": 1, "贴合": 1, "完美": 1, "透明度": 1, "难度": 1, "气泡": 1, "机器": 1, "合上": 1, "放一": 1, "晚上": 1, "溢出": 1, "Kang": 1, "L午": 1, "狂": 1, "VR": 2, "Glass": 1, "高速": 1, "传输": 1, "延时": 1, "本身": 1, "0-700": 1, "度": 1, "近视": 2, "调解": 1, "人群": 1, "友好": 1, "眼镜": 1, "...": 1, "Mate305G": 1, "图赏": 1, "5Glogo": 1, "城市": 1, "建": 1, "4G版": 1, "香": 1, "前段": 1, "纷纷": 1, "优势": 1, "vivoNEX3": 1, "多维度": 1, "横向": 1, "评测": 1, "旗舰机": 2, "L科氪": 1, "Krtech": 1, "开合": 1, "尽享无界": 1, "视野": 1, "双模双卡": 1, "畅游": 1, "时代": 1, "分屏": 1, "一屏": 1, "亦可": 1, "澎湃": 1, "电力": 1, "满血": 1, "复活": 1, "波澜不惊": 1, "时光": 1, "众多": 1, "精彩": 1, "强度": 1, "超出": 1, "预计": 1, "参与": 1, "天龙": 1, "光电": 1, "三板": 1, "喜欢": 2, "强势股": 1, "上影线": 1, "古鳌": 1, "金龙": 1, "机电": 1, "九洲": 1, "电气": 1, "高盟": 1, "新材": 1, "天翔": 2, "14亿": 1, "债务": 1, "有望": 1, "豁免": 1, "减免": 1, "300362": 1, ")": 1, "司法": 1, "重整": 1, "转折": 1, "壳": 2, "资源": 2, "常山": 1, "北明": 1, "带动": 1, "东方通": 1, "长城": 1, "高鸿": 1, "股份区": 1, "块链": 1, "瀚叶": 1, "四方": 1, "精创": 1, "宠物": 1, "中宠": 1, "营收": 1, "增速": 1, "稳健": 1, "细分": 1, "龙头": 1, "环保": 1, "业绩": 2, "增长": 1, "恒大": 1, "高新": 1, "家居": 1, "海鸥": 1, "住工": 1, "三季度": 1, "净利": 1, "1.08亿": 1, "同比": 1, "增": 1, "逾": 1, "倍": 1, "前期": 1, "预增": 1, "天顺": 1, "炒": 1, "冷饭": 1, "知识": 1, "产权": 1, "汉邦": 1, "高科": 1, "基本面": 1, "佳": 1, "纺织": 1, "服装": 1, "星期六": 1, "华斯": 1, "超跌": 1, "合金": 1, "投资": 1, "大连": 1, "友谊": 1, "走势": 2, "兴趣": 1, "水产": 2, "国联": 1, "当家": 1, "宏": 1, "远": 1, "预期": 1, "KCB": 1, "跌": 1, "60%": 1, "分时": 1, "下单": 1, "预定": 1, "屏款": 1, "蛋疼": 1, "到手": 1, "本来": 1, "这两年": 1, "失望": 1, "每次": 1, "新机": 1, "放弃": 1, "想法": 1, "反正": 1, "原地": 1, "踏步": 1, "款式": 1, "改变": 1, "4G": 1, "明年": 1, "屏再": 1, "机身": 1, "边框": 1, "改": 1, "iPadpro": 1, "回来": 1, "好用": 1, "5.8": 1, "英寸": 1, "顺手": 1, "国产": 1, "TM": 1, "神烦": 1, "mate305": 1, "预售": 1}