{"投票": 1, "丨": 1, "苹果": 15, "二季度": 4, "全球": 20, "销量": 16, "不及": 5, "华为": 73, "中国": 12, "手机": 25, "研究": 3, "机构": 3, "Canalys": 2, "最新": 2, "公布": 3, "数据": 5, "显示": 4, "第二": 13, "季度": 9, "智能": 8, "同比": 4, "下滑": 4, "2%": 2, "3.32亿": 2, "台": 22, "三星": 9, "榜首": 2, "出货量": 15, "增长": 7, "6%": 2, "7690万": 2, "市场": 11, "份额": 10, "21.4%": 2, "；": 7, "仅次于": 2, "位居": 2, "8%": 2, "5870": 1, "16%": 2, "排名": 4, "第三": 2, "收入": 4, "大幅": 2, "13%": 2, "3600万": 2, "12.2%": 2, "小米": 6, "、": 55, "OPPO": 3, "分列": 2, "第四": 2, "第五": 2, "9.5%": 2, "9%": 2, "3210万": 2, "3060万": 2, "新加坡": 5, "促销": 1, "热议": 1, "大爷": 1, "大妈": 1, "熬夜": 1, "排队": 2, "扑空": 1, "7月": 6, "26日": 1, "54": 1, "元": 3, "超低价": 1, "50": 3, "岁": 2, "老人": 1, "出售": 3, "Y6Pro": 1, "2019": 5, "原价": 1, "198": 1, "当地": 3, "老人们": 1, "彻夜": 1, "排到": 1, "停车场": 1, "程度": 1, "可见一斑": 1, "备货量": 1, "导致": 2, "大部分": 2, "买": 6, "@": 3, "投中": 1, "视频": 8, "L投": 1, "面临": 1, "土地": 3, "政策": 1, "住房": 4, "困境": 1, "类似": 2, "新生代": 7, "大陆": 9, "年轻人": 7, "香港": 7, "三观": 2, "差别": 1, "视野": 2, "很": 7, "国际化": 1, "哈日": 1, "欧美": 2, "影视": 1, "作品": 1, "很多": 4, "远强": 1, "辈": 1, "国家": 1, "民族": 1, "自信": 3, "正能量": 1, "态度": 2, "年轻": 2, "学生": 1, "知乎": 3, "一边倒": 2, "粉": 1, "相比之下": 2, "在知乎": 2, "舆论": 1, "氛围": 2, "明天": 2, "就要": 1, "倒闭": 1, "城市": 3, "中年": 1, "在职": 1, "员工": 2, "水木": 1, "版面": 1, "比例": 2, "冷嘲热讽": 1, "背后": 2, "原因": 2, "简单": 2, "——": 4, "大学生": 3, "产业": 3, "升级": 1, "高科技": 1, "产品": 4, "进口": 1, "替代": 1, "受益者": 1, "追求": 2, "自主": 2, "企业": 12, "打败": 1, "攒机": 1, "天然": 1, "有利于": 1, "新一代": 1, "就业": 1, "前景": 1, "一线": 2, "40": 1, "中年人": 1, "都": 17, "经历": 1, "内资": 1, "996式": 1, "崛起": 2, "所在": 1, "外资": 1, "打击": 2, "拼": 1, "老命": 1, "才": 3, "顶级": 1, "外企": 1, "如今": 2, "学校": 1, "学历": 1, "远": 2, "低于": 1, "土鳖": 1, "财富": 1, "击败": 1, "痛苦感": 1, "挺": 1, "孙杨": 1, "怼": 1, "上气": 1, "站队": 1, "话题": 2, "95": 2, "00后": 2, "网络": 3, "社区": 2, "爱国": 7, "5-10年": 2, "情绪": 5, "60后": 2, "朴素": 1, "内心": 1, "崇拜": 1, "西方": 1, "向往": 1, "澳日": 1, "客观": 3, "真实": 2, "出国": 1, "日漫": 1, "鄙视": 1, "日本": 1, "帝国主义": 1, "基于": 1, "时期": 1, "眼睁睁": 1, "发生": 1, "变化": 1, "客观性": 1, "带来": 2, "正面": 1, "受益": 1, "栗子": 2, "逛逛": 1, "早": 2, "预判": 1, "阻挡": 1, "竞品": 1, "公司": 8, "股票": 2, "资本": 2, "房价": 5, "奋斗": 1, "5": 1, "年前": 1, "正儿八经": 1, "讨论": 2, "房子": 2, "严肃": 1, "关心": 1, "工作": 1, "事业": 1, "演化": 2, "阶层": 1, "矛盾": 3, "无力感": 1, "佛系": 1, "前段": 1, "时间": 2, "推荐": 2, "流里": 1, "一个": 5, "进化": 1, "人类": 1, "天敌么": 1, "想": 5, "某种": 1, "超级": 2, "细菌": 1, "病毒": 2, "进去": 1, "赞": 1, "回答": 2, "：": 18, "资本家": 1, "高赞": 1, "分析": 1, "生育率": 1, "越来越": 2, "低": 1, "一百": 1, "人口": 7, "半": 1, "消灭": 1, "效率": 1, "天敌": 1, "动物": 1, "管用": 1, "优秀": 1, "知识": 1, "层次": 1, "逻辑": 1, "清晰": 1, "喝彩": 1, "根源": 1, "感到": 1, "愤怒": 1, "人为": 1, "绝望": 1, "改": 3, "面对": 2, "后者": 1, "缺乏": 1, "科技": 2, "上进": 1, "机会": 1, "生活": 2, "律师": 1, "医生": 1, "金融": 1, "赌马": 1, "嫁": 1, "有钱人": 1, "白手起家": 1, "普通人": 1, "自有": 3, "房屋率": 1, "房屋": 1, "自有率": 1, "常住地": 1, "心态": 1, "期待": 1, "房产": 3, "地区": 3, "缩减": 1, "供应": 2, "憋高价": 1, "痛恨": 1, "常住": 1, "澳门": 12, "例子": 1, "回归": 4, "一半": 2, "新增": 1, "减少": 1, "一大半": 1, "涨": 1, "10多": 1, "倍": 1, "高于": 1, "整体": 1, "经济": 2, "增速": 1, "几点": 1, "1": 1, "高速": 1, "出生": 1, "占": 3, "主城区": 1, "地理": 1, "位置": 1, "紧贴": 1, "加上": 1, "横琴": 1, "紧邻": 1, "开发": 2, "珠海": 2, "同城化": 1, "投资": 2, "3": 3, "高度": 4, "依赖": 1, "人均": 2, "gdp": 2, "60%": 1, "170%": 1, "融合": 3, "繁荣": 1, "稳定": 1, "基础": 1, "角度": 1, "新界": 2, "现有": 2, "势力": 1, "影响": 3, "群众": 1, "改善": 1, "条件": 1, "陆港": 2, "障碍": 1, "丁权": 1, "棕地": 1, "高尔夫": 1, "郊野": 1, "公园": 1, "耕地": 1, "开发商": 1, "屯地": 1, "写": 1, "利益": 1, "字": 1, "拉拢": 1, "原住民": 1, "地产商": 1, "赎买": 1, "历任": 1, "特首": 1, "推动": 2, "20多": 1, "实践": 1, "明星": 3, "偷税": 1, "吸毒": 1, "原谅": 1, "袁隆平": 1, "羞辱": 1, "这才": 1, "时代": 1, "悲哀": 2, "！": 10, "南木": 1, "大叔": 1, "​": 16, "董事长": 2, "梁华": 2, "生存": 2, "谋": 2, "发展": 5, "天才": 2, "成批": 2, "30日": 1, "上半年": 1, "财报": 1, "发布会": 3, "补洞": 1, "运作": 1, "平稳": 1, "组织": 1, "活力": 1, "干劲": 1, "老板": 4, "联播L": 1, "联播": 1, "秒拍": 2, "唐尼": 7, "翻车": 4, "现场": 4, "一加": 4, "代言人": 4, "发": 3, "居然": 1, "失误": 1, "确实": 1, "太": 3, "尴尬": 1, "猜": 1, "也许": 1, "官微": 1, "运营": 1, "人员": 4, "手": 1, "滑": 1, "私人": 1, "品牌": 2, "超": 4, "四成": 2, "5870万": 1, "31%": 1, "创": 1, "记录": 1, "3730万": 1, "超过": 2, "O": 2, "神": 2, "操作": 2, "价钱": 1, "请": 1, "罗伯特唐尼": 1, "竟然": 1, "条": 2, "放眼": 1, "iPhone": 1, "商务": 1, "人士们": 1, "居多": 1, "感觉": 2, "选择": 1, "电视": 2, "第一": 4, "行业": 1, "荣耀": 2, "上市": 1, "良师": 1, "MebiuW": 1, "7nm": 3, "设计": 1, "厂": 1, "量产": 5, "7nmSoCA12": 1, "面积": 1, "7SoC": 1, "A12X": 1, "A13": 1, "SoC980/810": 1, "基带": 1, "巴龙": 1, "5000": 1, "至少": 1, "985": 1, "看非": 1, "意义": 1, "HVM": 1, "更新": 1, "服务器": 1, "鲲鹏": 1, "920": 1, "AI": 1, "芯片": 1, "昇腾": 1, "910AMD": 1, "颗": 3, "超大": 1, "7nmHPC": 1, "Vega20": 1, "Navi10": 1, "如同": 1, "SoC": 1, "大小": 1, "Zen2": 1, "高通": 1, "855一": 1, "PPT": 1, "8CX": 1, "经验": 2, "外交部": 3, "谈": 2, "美企": 2, "往来": 3, "信心": 5, "美方": 3, "着急": 6, "31日": 3, "发言人": 1, "华春莹": 2, "主持": 1, "例行": 1, "记者会": 1, "报道": 1, "美国商务部": 1, "长罗斯": 1, "昨天": 3, "访问": 1, "巴西": 1, "期间": 1, "美国": 4, "政府": 2, "下周": 1, "回复": 1, "申请": 1, "许可": 1, "记者": 2, "据此": 1, "提问": 1, "中方": 1, "美": 1, "经贸": 1, "磋商": 2, "生意": 1, "的确": 1, "近期": 3, "提": 1, "希望": 2, "豁免": 1, "零部件": 1, "表达": 1, "业务": 1, "这时候": 1, "相关": 1, "负责人": 1, "表态": 1, "应对": 2, "眼前": 1, "局面": 1, "抱有": 1, "挖矿": 1, "挖": 1, "过头": 1, "聊": 1, "会议": 1, "完了": 1, "通稿": 2, "锁死": 1, "空间": 1, "职能": 1, "引导": 1, "居民": 1, "储蓄": 1, "股权": 1, "单列": 1, "科创板": 4, "盘面": 2, "推导": 1, "后续": 1, "科技股": 2, "趋势": 1, "得以": 1, "持续": 2, "谈判": 1, "对岸": 1, "发推": 1, "大选": 1, "急": 1, "不错": 1, "消息": 5, "大会": 1, "专业性": 1, "沟通": 1, "刚刚": 1, "深圳": 13, "暴雨": 1, "如注": 1, "随手": 1, "PRO": 1, "拍": 1, "总部": 1, "基地": 1, "比照": 1, "DigiX": 2, "数字": 3, "生活节": 2, "长沙站": 1, "圆满": 1, "结束": 2, "武林": 2, "群侠们": 1, "5G": 3, "缘何": 1, "赢得": 1, "万千": 1, "少女": 1, "芳心": 1, "浪遍": 1, "大江南北": 1, "丹青手": 1, "画作": 1, "自成": 1, "一派": 1, "群侠图鉴": 2, "一一": 1, "揭秘": 1, "转评": 1, "抽": 1, "送": 1, "经典": 1, "耳机": 1, "副​O": 1, "抽奖": 1, "详情": 1, "小红书": 6, "平台": 3, "下架": 8, "爆": 1, "虚假": 1, "种草": 1, "笔记": 1, "魅族": 8, "安卓": 1, "商店": 1, "知情人": 1, "透露": 1, "IOS": 1, "系统": 1, "Applestore": 1, "快": 3, "业内": 1, "人士": 1, "APP": 1, "期限": 1, "未知": 1, "外界": 1, "猜测": 1, "内容": 1, "违规": 1, "小红": 1, "书app": 1, "Q2": 2, "厂商": 1, "StrategyAnalytics": 1, "2019年": 2, "3.41亿": 1, "下降": 2, "2.6%": 1, "前三": 1, "冲击": 1, "五环短": 1, "L五环": 1, "短": 2, "营收": 1, "三亿多": 1, "500": 4, "努力": 1, "深圳人": 1, "平安": 2, "保险": 1, "威居": 1, "三": 2, "腾讯": 2, "第六": 1, "身边": 1, "深圳市": 2, "联合会": 1, "企业家": 1, "协会": 1, "简称": 1, "企联": 1, "编撰": 1, "报告": 1, "即将": 1, "正式": 1, "对外": 1, "发布": 2, "位列": 1, "正威": 1, "国际": 2, "恒大": 1, "招商": 1, "银行": 1, "万科": 1, "比亚迪": 1, "中广核": 1, "富德": 1, "生命": 1, "人寿保险": 1, "排序": 1, "遵循": 1, "通行": 1, "规则": 1, "凡": 1, "依法": 1, "注册": 1, "含": 1, "2018年": 1, "营业": 1, "3亿": 1, "人民币": 1, "包括": 1, "行政性": 1, "资产": 1, "经营性": 1, "均": 1, "申报": 1, "这是": 1, "身在": 1, "曹": 1, "营心": 1, "汉呐": 1, "收": 1, "钱": 5, "难道": 1, "代言华": 1, "？？": 1, "近日": 1, "转发": 1, "官博": 1, "广告": 1, "网友": 1, "发现": 1, "影响力": 1, "友商": 1, "帮忙": 1, "助攻": 1, "娱乐圈": 1, "艺人": 1, "增加": 3, "英国": 7, "研发": 5, "支出": 3, "计划": 1, "事务": 1, "总裁": 1, "张建岗": 1, "周二": 1, "伦敦": 1, "新闻": 2, "大学": 1, "签订": 1, "合作": 2, "协议": 1, "寻求": 1, "伙伴": 1, "关系": 1, "承诺": 1, "参与": 1, "改变": 1, "致力于": 1, "光纤": 1, "部署": 1, "C114": 1, "通信网": 1, "高考": 1, "状元": 1, "支持": 3, "国货": 2, "人民": 1, "日报": 1, "听说": 1, "套": 1, "江湖": 1, "Huawe": 1, "iPay": 1, "女孩": 1, "眉笔": 1, "帅气": 1, "老": 1, "顽童": 1, "刷剧": 1, "可爱": 1, "千晓生": 1, "阅读": 1, "听": 1, "书": 1, "温文尔雅": 1, "……": 1, "小n": 1, "v孩": 1, "犯": 1, "花痴": 1, "星星眼": 1, "女": 1, "9": 1, "P30Pro​": 1, "今早": 1, "点评": 1, "股市": 1, "收官": 1, "涨跌": 2, "上海": 1, "股": 2, "大涨": 1, "大跌": 1, "精选": 1, "个股": 1, "技巧": 1, "现阶段": 1, "赚": 2, "大钱": 1, "难": 1, "小钱": 1, "玩": 1, "下蛋": 1, "热点": 1, "围绕": 1, "走": 1, "债转股": 1, "游戏": 1, "电子": 1, "竞技": 1, "题材": 2, "概念": 2, "体育": 1, "热钱": 1, "688": 1, "板块": 3, "首批": 1, "炒": 1, "波": 1, "估值": 1, "未来": 1, "价值": 1, "风险": 2, "回调": 1, "一两": 1, "介入": 1, "行情": 1, "日子": 1, "抄": 1, "业绩": 1, "雷": 1, "衣襟": 1, "打扮": 1, "快进": 1, "快出": 1, "余承东": 1, "分享": 1, "晚上": 1, "十一点": 1, "夜空": 1, "技术": 1, "恐怖": 1, "黑夜": 1, "拍到": 1, "白天": 1, "付": 2, "房租": 2, "专卖店": 6, "卖": 2, "李楠": 1, "离职": 1, "波澜未平": 1, "撤店": 3, "裁员": 1, "再次": 2, "推上": 1, "热搜": 1, "位于": 1, "华强北路": 1, "万商": 1, "电器城": 1, "楼": 1, "改为": 1, "店员": 1, "告诉": 1, "效益": 1, "不好": 1, "O赚": 1, "Counterpoint": 2, "3.6亿": 1, "1.2%": 1, "7660万": 1, "5670万": 1, "3640万": 1, "3230万": 1, "2970万": 1, "vivo": 1, "2700万": 1, "六": 1, "realme": 1, "470万": 1, "跻身": 1, "头条": 1, "文章": 1, "耐心": 3, "狩猎": 3, "财经": 2, "V峰会": 1, "": 1, "每日": 1, "必读": 1, "周三": 1, "产业链": 1, "+": 2, "冷链": 1, "/": 2, "停车": 1, "军工": 1, "主板": 1, "缩量": 1, "下跌": 1, "预设": 2, "调整": 2, "观察": 6, "成交量": 1, "放大": 2, "强势": 1, "接力": 2, "亏": 1, "效应": 1, "避险": 1, "品种": 2, "压制": 1, "明日": 2, "法尔胜": 1, "非科": 1, "创板": 1, "标杆": 3, "短期": 2, "空间板": 1, "不宜": 1, "追涨": 1, "高位板": 1, "即可": 1, "面明朗": 1, "顺势而为": 1, "今日": 1, "高位": 2, "震荡": 1, "龙头沃尔德": 1, "再度": 1, "预期": 1, "走强": 1, "重点": 1, "交控": 1, "瀚川": 1, "福光": 1, "股份": 1, "航天": 1, "宏图": 1, "铂力特": 1, "活跃": 1, "做T": 1, "资金": 1, "迎来": 1, "清洗": 1, "浮筹": 1, "Ps": 1, "远离": 1, "庄股": 1, "切勿": 1, "博傻": 1, "投机": 1, "O耐心": 1, "下半年": 1, "Mate30": 1, "能干": 1, "Note10": 1, "黄章": 2, "否认": 1, "家族": 1, "总体": 1, "信用": 1, "要好": 1, "不少": 1, "攻击": 1, "中兴": 1, "专利": 1, "交费": 1, "感恩": 1, "对比": 1, "......": 1}