{"2019年": 4, "第一": 3, "愿望": 1, "想": 2, "很": 4, "寻找": 2, "华为红": 1, "找到": 1, "送": 2, "！": 10, "详情": 2, "戳图": 1, "​": 18, "『": 1, "EXO": 2, "粉丝": 4, "相关": 1, "』": 1, "投稿": 1, "网易": 3, "云金": 1, "唱片": 1, "投票": 1, "结束": 1, "华为": 36, "/": 5, "vivo": 1, "苹果": 4, "360": 1, "小米": 2, "oppo": 1, "商店": 1, "内": 1, "云都": 1, "收到": 2, "恶意": 1, "差评": 1, "请": 1, "劳尔": 1, "净土": 1, "医械界": 2, "新年": 8, "200多": 2, "名": 2, "应届": 2, "毕业生": 2, "解约": 2, "公司": 4, "回应": 2, "近日": 2, "网友": 1, "在知乎": 1, "平台": 1, "2018年": 4, "12月": 1, "29日": 1, "学生": 2, "电话": 1, "迈瑞": 1, "业务": 1, "调整": 1, "解除": 1, "合约": 1, "银行卡号": 1, "发到": 1, "指定": 1, "邮箱": 1, "元旦": 1, "过后": 1, "发解": 1, "约函": 1, "O": 1, "每经": 1, "听说": 1, "这次": 2, "红": 1, "带有": 1, "红色": 1, "东西": 1, "就算": 1, "找": 1, "8": 1, "评论区": 1, "补充": 1, "告诉": 1, "一个": 5, "真实": 1, "…​": 1, "2018": 1, "全球": 3, "研发": 4, "投资": 7, "排名": 6, "：": 9, "113亿": 3, "欧元": 3, "第5": 1, "欧盟": 2, "委员会": 1, "官网": 1, "给出": 1, "工业": 1, "名单": 1, "中国": 5, "438": 1, "上榜": 1, "跻身": 1, "百强榜": 1, "11": 1, "投入": 1, "世界": 2, "第五": 2, "O2018": 1, "企业": 6, "关": 1, "晓彤": 2, "nova星人": 1, "✨彤": 1, "北京": 3, "跨年": 2, "盛典": 1, "唱": 1, "歌✨": 1, "16-17": 1, "安洁西": 1, "公主": 1, "17-18": 1, "一千年": 1, "&": 2, "龙": 1, "传人": 1, "18-19": 1, "风筝": 1, "冬天": 1, "彤彤": 1, "演员": 1, "连续": 2, "三年": 3, "都": 6, "独唱": 1, "歌": 1, "不愧": 1, "亲妈台": 1, "宠gxt": 1, "@": 2, "关晓": 1, "彤​": 1, "开心": 1, "~": 3, "这位": 2, "小可爱": 2, "天天": 1, "快乐": 3, "总会": 1, "意想不到": 1, "惊喜": 1, "陈俊希": 1, "号": 1, "6510060331": 1, "恭喜": 2, "保时捷": 2, "支持": 2, "国产": 1, "开播": 1, "谢谢": 1, "兄弟们": 1, "等下": 1, "6:30": 1, "斗鱼": 1, "直播间": 1, "252140": 1, "抽": 2, "mate20pro": 1, "提前": 1, "拿走": 1, "私房钱": 1, "小老弟": 1, "🙋​": 1, "朋友": 1, "塞冬": 1, "指出": 1, "十多": 2, "年前": 1, "全国": 1, "发展": 1, "电子": 1, "产业": 1, "京": 1, "津": 1, "选择": 3, "引进": 1, "三星": 11, "外国": 1, "深圳": 1, "、": 6, "国内": 1, "年后": 1, "战略": 1, "导致": 1, "截然不同": 1, "外企": 1, "绑定": 2, "衰落": 1, "内企": 1, "发达": 1, "路线": 1, "不对": 1, "努力": 1, "天津": 7, "工厂": 2, "关闭": 2, "一线": 2, "生产": 3, "员工": 2, "就职": 2, "O三星": 1, "手机": 10, "生产线": 1, "值得一提的是": 1, "高端": 1, "项目": 5, "加快": 1, "注入": 2, "SDI二": 1, "期": 1, "开发区": 2, "签署": 1, "合作": 1, "协议": 1, "位于": 1, "逸仙": 1, "科学": 1, "工业园": 1, "建设": 1, "圆柱形": 1, "电池": 1, "占地": 1, "10万": 1, "平方米": 1, "第二": 2, "MLCC": 3, "生产商": 1, "——": 1, "电机": 2, "株式会社": 1, "兴建": 1, "汽车": 1, "预计": 1, "2019年底": 1, "建成": 2, "2020年": 1, "投产": 2, "海外": 6, "基地": 1, "24亿": 1, "美元": 1, "合计": 1, "产值": 3, "超过": 1, "200亿": 1, "元": 1, "1倍": 1, "新增": 1, "就业": 2, "数千": 1, "提供": 1, "机会": 1, "减少": 1, "反而": 2, "增加": 1, "隔壁": 1, "王": 1, "奶奶": 1, "闺女": 1, "mate10": 1, "拍": 1, "玉渊": 1, "潭​": 1, "mate20": 1, "带": 2, "太": 1, "头": 1, "。。": 1, "品牌": 1, "国外": 1, "知名": 1, "只能": 1, "排": 1, "竟然": 1, "陈瀚Siri": 1, "L陈瀚Siri": 1, "视频": 4, "王江雨": 1, "孟晚舟": 2, "引渡案": 2, "法律": 6, "政治": 4, "在商言商": 1, "法言法": 1, "走": 2, "应对": 2, "路子": 1, "聘请": 1, "律师": 1, "程序": 1, "到底": 1, "美国": 3, "加拿大": 2, "据理力争": 1, "政府": 1, "义务": 1, "遵守": 1, "美加": 1, "引渡": 1, "条约": 1, "外交": 1, "手段": 1, "合适": 1, "O王江雨": 1, "回首": 1, "华为人": 1, "路上": 1, "步履": 1, "匆匆": 1, "忘": 1, "记录": 1, "身边": 1, "美好": 1, "；": 2, "放眼": 1, "未来": 1, "视线": 1, "边际": 1, "突破": 1, "留下": 2, "记忆": 1, "份": 2, "万物": 1, "前行": 1, "痕迹": 1, "放飞": 1, "心灵": 1, "勇敢": 1, "新世界": 1, "2019": 1, "O网页": 1, "链接": 2, "居然": 1, "缺货": 1, "TA": 1, "晚安": 1, "小伙伴们": 1, "喜欢": 1, "flag": 2, "据说": 1, "件": 1, "事情": 1, "21": 1, "习惯": 1, "转评": 1, "小云": 1, "送华": 1, "耳机": 1, "网站": 1, "发帖": 1, "祝贺": 1, "....": 1, "零点": 1, "钟声": 1, "敲响": 1, "如约而至": 1, "米奇": 1, "比心": 1, "音乐": 2, "携": 1, "群星": 1, "送上": 1, "重磅": 1, "祝福": 4, "周杰伦": 1, "邓紫棋": 1, "袁": 1, "娅维": 1, "李": 1, "佳薇": 1, "毕书尽": 1, "节日": 1, "猛戳": 1, ">>O": 1, "网页": 1, "疯狂": 1, "接收": 1, "依然": 1, "生活": 1, "一刻": 1, "伴奏": 1, "HappyNewYear": 1, "L华": 2, "终端": 1, "服务": 1, "秒拍": 2, "天下": 1, "何人": 1, "不通": 1, "Apple": 1, "iPhone": 6, "发": 3, "华为官": 1, "推拿": 1, "节奏": 1, "铺天盖地": 1, "好用": 2, "阴谋论": 1, "不必": 1, "过度": 1, "解读": 1, "去年": 1, "才": 1, "讲": 1, "开放": 2, "包容": 2, "商业": 1, "本来": 1, "本身": 1, "关系": 1, "从来": 1, "抵制": 1, "自信": 1, "表现": 1, "数码": 1, "#​": 1, "官方": 3, "推特": 2, "小编": 1, "忘记": 1, "账户": 1, "推文": 4, "尼玛": 1, "喝": 1, "高级": 1, "黑": 1, "感觉": 1, "流畅": 1, "争议": 1, "每逢": 1, "佳节": 1, "胖": 1, "三": 1, "斤": 1, "Mate20": 1, "系列": 1, "卡路里": 2, "识别": 1, "轻轻": 1, "对准": 1, "食物": 1, "扫": 1, "数据": 1, "一目了然": 1, "吃出": 1, "健康": 1, "身材": 1, "发推": 2, "庆祝": 2, "祝": 1, "……": 1, "点击": 1, "O华": 2, "iPhone​": 1, "频": 2, "受阻": 2, "对手": 3, "未必": 2, "获益": 2, "为首": 1, "国": 1, "打压": 1, "竞争": 1, "诺基亚": 1, "Nokia": 1, "爱立信": 1, "Ericsson": 1, "消息": 1, "状况": 1, "简单": 1, "联合": 1, "早报": 1, "网​": 1, "A8s": 1, "定制版": 1, "机关": 1, "机动画": 1, "效果": 1, "张艺兴": 1, "本人": 1, "波": 1, "文化": 1, "棒": 1, "Nova4": 2, "代言人": 1, "易烊": 2, "千玺": 2, "群体": 1, "强大": 1, "尝试": 1, "学习": 1, "粉丝们": 1, "都会": 2, "疯掉": 1, "买": 1, "台": 1, "L科技": 1, "小公举": 1}