{"北京": 3, "夜间": 1, "惊现": 1, "飞天": 1, "看完": 1, "华为": 73, "P30": 9, "波": 1, "美图": 1, "瞬间": 2, "破案": 1, "！": 16, "反正": 1, "zqsg": 1, "酸": 1, "羡慕": 1, "现场": 1, "小伙伴儿": 1, "未来": 6, "影像": 1, "​": 15, "英": 2, "外相": 1, "：": 19, "中国": 32, "压": 1, "不住": 1, "想": 4, "办法": 1, "共存": 3, "五": 1, "眼": 1, "联盟": 9, "再现": 1, "分歧": 1, "英国": 13, "外交大臣": 7, "杰里米•亨特": 2, "昨天": 2, "设备": 16, "讨论": 1, "程度": 1, "25": 2, "年内": 1, "超越": 2, "美国": 4, "世界": 5, "经济体": 1, "找到": 3, "合作": 6, "途径": 1, "发展": 9, "这位": 1, "进一步": 1, "指出": 1, "无力": 3, "阻止": 3, "方式": 2, "新兴": 1, "大国": 1, "O": 1, "借华": 1, "谈": 2, "希望": 7, "日新月异": 4, "时代": 7, "拒绝": 4, "动作": 4, "就要": 5, "快": 8, "一点": 4, "快升": 4, "91": 4, "畅快": 4, "无比": 4, "关注": 6, "@": 15, "EMUI": 4, "美团": 1, "转发": 6, "说出": 1, "吃": 1, "吃到": 1, "食物": 1, "5月": 8, "22日": 4, "随机": 1, "送": 2, "Mate20": 4, "手机": 15, "台": 4, "抽奖": 6, "平台": 5, "联通": 7, "5G": 34, "ⁿ": 1, "生长": 2, "工作": 3, "生活": 2, "发生": 1, "变化": 1, "客服": 1, "1": 5, "名": 1, "好友": 1, "留言": 1, "畅想": 1, "智慧": 3, "5.30日": 1, "抽送": 2, "包括": 1, "畅享": 1, "9P": 1, "、": 32, "B": 1, "5": 1, "智能": 5, "手环": 1, "4": 1, "索尼": 1, "耳机": 2, "数码": 1, "大礼": 1, "全民": 1, "宠粉": 1, "计划": 4, "​O": 1, "详情": 2, "优必": 2, "选": 3, "悟空": 1, "机器人": 1, "人工": 2, "体验": 3, "抽": 3, "Mate20手机": 1, "辛识平": 1, "创新": 10, "手": 1, "擦亮": 1, "品牌": 4, "根基": 2, "全球": 9, "市场": 6, "激烈": 1, "竞争": 1, "核心": 4, "技术": 4, "才": 3, "话语权": 1, "主动权": 1, "重视": 1, "超过": 3, "千亿": 1, "元": 1, "研发": 3, "投入": 2, "增强": 1, "竞争力": 1, "兴澄": 1, "特钢": 1, "连续": 1, "九": 1, "位列": 1, "轴承钢": 1, "产销量": 1, "第一": 3, "……": 1, "落后": 2, "产业": 2, "咬定": 1, "放松": 1, "企业": 11, "突围": 1, "路": 2, "打造": 5, "崛起": 2, "L": 1, "新华": 1, "视点": 1, "秒拍": 2, "视频": 10, "期待": 1, "带来": 1, "评估": 3, "路透社": 2, "报道": 1, "14日": 2, "表态": 1, "称": 3, "政府": 1, "冷战": 2, "力量": 2, "增长": 2, "一个": 2, "强国": 1, "相处": 1, "O英": 1, "评测": 1, "重度": 1, "华为p30": 1, "系列": 4, "半": 1, "心得": 1, "iphone": 2, "O关于": 1, "选​": 1, "透": 1, "妈": 1, "手贱": 1, "更新": 3, "系统": 3, "肚子": 1, "火气": 1, "恨不得": 2, "砸": 1, "查": 1, "回退": 1, "版本": 1, "还要": 1, "清空": 1, "数据": 4, "他妈": 1, "败者": 1, "食尘": 1, "退回": 1, "小时": 1, "炸死": 1, "任正非": 2, "到底": 1, "可怕": 1, "超乎": 1, "想象": 1, "时讯": 1, "动态": 1, "停止": 1, "一般性": 1, "社招": 1, "岗位": 1, "花式": 1, "治愈": 1, "倾听": 1, "心声": 1, "传递": 1, "温暖": 1, "烦心事": 1, "回复": 1, "暖心": 1, "+": 2, "评论": 1, "送华": 1, "运动": 1, "蓝牙": 1, "2019年": 1, "Q1": 1, "行业": 4, "①": 1, "苹果": 2, "保有率": 1, "跌": 1, "第三": 4, "OPPO": 2, "占据": 3, "②": 1, "iPhoneXR成18年": 1, "Q4": 1, "上线": 1, "三": 4, "表现": 1, "最佳": 1, "机型": 5, "vivoY93s": 1, "③": 1, "季度": 2, "销量": 2, "占比": 3, "居首": 1, "攀升": 1, "27.8%": 1, "vivo": 1, "排名": 2, "第二": 3, "④": 1, "OV": 1, "包揽": 1, "OPPOA": 1, "5成": 1, "畅销": 1, "⑤": 1, "用户": 3, "忠诚度": 1, "提升": 2, "OV换机": 1, "吸引力": 1, "⑥": 1, "摄": 2, "高像素": 1, "主流": 1, "摄像头": 1, "硬件": 2, "拼": 1, "必争之地": 1, "极光": 1, "大数据": 1, "拜拜": 1, "甲骨文": 5, "推出": 2, "首款": 4, "AI": 2, "原生": 3, "数据库": 5, "上午": 1, "发布": 4, "GaussDB": 1, "IBM": 2, "公司": 11, "国内": 1, "传统": 2, "优势": 2, "IOE": 1, "话题": 1, "持续": 1, "发酵": 1, "此举": 1, "西方": 2, "发起": 2, "挑战": 3, "微软": 1, "业务": 2, "成熟": 1, "空间": 1, "很": 4, "O拜拜": 1, "外媒": 1, "P30Pro": 5, "极限": 1, "冰冻": 1, "测试": 3, "测试者": 1, "旗舰": 2, "都": 5, "失败": 1, "内": 1, "唯一": 1, "L建华": 1, "Wei业": 1, "发": 1, "弹幕": 1, "粉丝": 1, "韩国": 4, "运营": 2, "商力": 1, "挺": 1, "欧洲": 2, "美帝": 1, "搅屎棍": 1, "好好": 2, "不用": 1, "非得": 1, "到处": 1, "诬": 1, "陷华": 1, "后门": 1, "大部分": 1, "国家": 5, "明事理": 1, "首家": 1, "开通": 1, "服务": 2, "运营商": 4, "LGU+": 6, "忍无可忍": 1, "愤然": 1, "挺身而出": 1, "力挺": 1, "15日": 2, "新闻": 1, "发布会": 4, "CEO": 1, "HaHyun-hwoi": 3, "网络": 6, "基础": 2, "设施": 2, "威胁": 2, "驳斥": 1, "议员": 1, "声称": 1, "漏洞": 1, "风险": 2, "观点": 1, "公开": 1, "一家": 2, "供应商": 1, "局限于": 1, "验证": 1, "170": 1, "迄今为止": 1, "并未": 1, "建设": 3, "西班牙": 1, "国际": 1, "认证": 2, "机构": 1, "申请": 1, "明年": 1, "公众": 1, "安全性": 1, "发言": 1, "建立": 2, "3月份": 1, "LGUplus": 1, "部署": 1, "下一代": 1, "通信": 1, "首批": 1, "订单": 1, "15000": 1, "基站": 4, "占": 3, "95%": 1, "5500": 1, "据悉": 1, "10日": 1, "产品线": 1, "总裁": 1, "杨": 1, "公布": 1, "最新": 1, "成绩": 2, "显示": 2, "签署": 3, "40多": 2, "份": 6, "合同": 2, "累计": 1, "出货量": 1, "10万": 2, "10": 3, "中东": 1, "6": 1, "亚太": 1, "非洲": 1, "意味着": 1, "施压": 1, "诋毁": 1, "智简": 1, "解决": 1, "方案": 1, "依然": 1, "；": 1, "出货": 1, "MassiveMIMO": 1, "97%": 1, "电信": 2, "沃达丰": 2, "14号": 1, "证实": 1, "7月": 1, "3日": 1, "伦敦": 1, "曼彻斯特": 2, "伯明翰": 1, "利物浦": 1, "格拉斯哥": 1, "卡迪夫": 1, "布里斯托": 1, "七": 1, "城市": 2, "提供": 2, "引人注目": 1, "日前": 1, "白云鄂博": 2, "矿区": 4, "内蒙古": 2, "携手": 2, "包头": 1, "钢铁": 1, "集团": 2, "举办": 1, "赋能": 4, "智造": 1, "——": 1, "驾驶": 3, "宣告": 1, "项目": 4, "包": 1, "刚": 2, "正式": 1, "基于": 1, "条件": 1, "无人": 1, "矿车": 1, "L华": 2, "流光": 1, "快门": 1, "喷泉": 1, "流动": 1, "艺术": 1, "戳": 1, "解锁": 1, "背后": 1, "技能": 1, "官方": 1, "路透": 1, "预计": 1, "特朗普": 3, "本周": 1, "项": 1, "行政令": 2, "禁止": 3, "往来": 4, "该行": 1, "政令": 1, "指明": 1, "香港": 1, "法治": 1, "台湾": 1, "妈祖": 1, "老美": 4, "科技": 2, "剧烈": 1, "反弹": 1, "遏制": 1, "放": 1, "中兴": 2, "资格": 1, "高调": 1, "牛瓣": 1, "恐慌": 1, "抓": 1, "孟": 1, "盟友": 1, "搬运": 1, "Mrwhosetheboss一加": 1, "7Pro": 4, "三星": 2, "GalaxyS10": 1, "拍照": 1, "对比": 1, "DxOMark": 1, "得分": 1, "111/86": 1, "GalaxyS10+109/96": 1, "112/89": 1, "一加": 2, "7": 1, "来源": 1, "O网页": 2, "链接": 2, "LXiao1u": 1, "硬核": 1, "实力": 1, "芯片": 3, "总共": 2, "24": 2, "标国": 1, "内动": 1, "挂": 1, "唬人": 1, "名头": 1, "低调": 1, "有限": 1, "蕴含": 1, "无限": 1, "黑科技": 2, "超": 1, "感光": 1, "徕卡": 1, "四": 1, "EROFS": 1, "文件": 1, "方舟": 1, "编译器": 1, "小小": 1, "内部": 1, "大有": 1, "乾坤": 1, "网传": 1, "拆机": 1, "统计表": 1, "细节": 1, "准确": 1, "海思": 1, "价值": 1, "60%": 1, "不少": 1, "潜心": 1, "科研": 1, "优秀": 1, "经济": 1, "反击": 1, "美": 1, "贸易战": 1, "脊梁": 1, "底气": 1, "欲": 2, "签": 2, "行政": 2, "令禁": 2, "美企": 3, "中方": 2, "光彩": 2, "周料": 1, "生产": 1, "铺平": 1, "道路": 1, "外交部": 1, "发言人": 1, "耿爽": 1, "美方": 1, "滥用": 1, "不择手段": 1, "蓄意": 1, "抹黑": 1, "打压": 1, "特定": 1, "公正": 1, "O特朗普": 1, "彩​": 1, "这是": 1, "员工": 3, "食堂": 1, "确实": 1, "令人羡慕": 1, "去年": 1, "18万": 1, "平均": 1, "年薪": 1, "60万": 1, "上一年": 1, "薪酬": 1, "总支": 1, "支出": 1, "500亿": 1, "持股": 2, "人数": 1, "高达": 1, "96768": 1, "一半": 1, "1.14%": 1, "财聚": 1, "人散": 1, "财散": 1, "人聚": 1, "告诉": 1, "管理": 1, "模式": 2, "工资": 1, "待遇": 1, "寻": 1, "物": 1, "启事": 1, "印度": 1, "美娜": 2, "购物": 1, "中心": 1, "丢失": 1, "P9手机": 1, "值钱": 1, "好几": 1, "屏幕": 1, "破": 2, "这几年": 1, "回忆": 1, "真心": 1, "9号": 1, "旅游": 1, "美女": 1, "帅哥": 1, "叔叔": 1, "阿姨们": 1, "捡到": 2, "请": 1, "没用": 1, "真的": 1, "微友们": 1, "帮忙": 1, "感谢": 3, "信息": 1, "浦江": 1, "身边": 1, "在线": 1, "好心人": 1, "realmeX": 3, "价格": 2, "惊喜": 2, "正面": 2, "硬刚": 2, "红米": 3, "荣耀": 3, "小米系": 1, "Redmi": 1, "嘴仗": 1, "新仇": 1, "旧账": 1, "算": 1, "忽略": 1, "即将": 2, "到来": 1, "势力": 1, "realme": 2, "下午": 1, "海外": 1, "不错": 1, "新晋": 1, "厂商": 1, "回到": 1, "OrealmeX": 1, "每日": 1, "科普": 1, "石墨烯": 4, "骗局": 1, "李永乐": 1, "老师": 2, "讲碳": 1, "同素": 1, "异形体": 1, "2004年": 1, "大学": 1, "科学家": 1, "制作": 1, "石墨": 1, "分离": 1, "单层": 1, "材料": 2, "强大": 1, "导电": 1, "导热": 1, "能力": 2, "结实": 1, "拉伸": 1, "各行各业": 1, "热捧": 1, "研制": 1, "电池": 1, "有人": 1, "人类": 1, "石": 1, "墨烯": 1, "结构": 1, "样子": 1, "神奇": 1, "性质": 1, "点开": 1, "L李永乐": 1, "卧槽": 1, "相机": 2, "评分": 1, "出炉": 1, "仅次于": 1, "并列": 1, "S105": 1, "G版": 1, "111": 1, "牛": 1, "X​": 1, "报名": 3, "领航者": 4, "加速": 2, "启航": 1, "应用而生": 1, "生态": 2, "4月": 1, "23日": 1, "信通院": 1, "中电科": 1, "航天": 1, "科工": 1, "大型": 1, "央企": 1, "BATJ": 1, "互联网": 2, "设备商": 1, "央视": 1, "振华": 1, "重工": 1, "华山": 1, "医院": 1, "景域": 1, "伙伴": 2, "成立": 1, "旨在": 1, "联合": 1, "融通": 1, "聚焦": 1, "媒体": 1, "工业": 1, "交通": 1, "十大": 1, "领域": 2, "万亿": 1, "树立": 1, "标杆": 1, "构筑": 1, "商业": 1, "开创": 1, "启动": 3, "宜": 1, "世纪": 1, "江苏": 1, "广电": 1, "长城": 1, "汽车": 1, "捷豹": 1, "路虎": 1, "马钢": 1, "领军": 1, "率先": 2, "同步": 1, "成员": 2, "实施": 1, "六大": 1, "全方位": 1, "开放": 2, "相关": 2, "孵化": 4, "资源": 1, "全国": 1, "营销": 1, "安排": 1, "百亿": 1, "基金": 1, "助力": 1, "数字化": 1, "转型": 1, "200+5G": 1, "示范": 1, "50+5G": 1, "实验室": 1, "100+5G": 1, "产品": 1, "制定": 1, "20+5G": 1, "标准": 1, "聚合": 1, "1000+": 1, "单位": 1, "蓝海": 1, "试验场": 1, "独角兽": 1, "孵化器": 1, "展开": 1, "前期": 1, "十几": 1, "试点": 1, "本月底": 1, "轮": 1, "筛选": 1, "推动": 1, "落地": 1, "点击": 1, "志同道合": 1}