{"一刻": 1, "感动": 1, "汇集": 1, "一句话": 1, "蜜语": 3, "很": 3, "开心": 2, "来到": 2, "华为": 61, "nova4": 21, "发布会": 11, "期待": 2, "再见": 1, "​": 18, "温润": 1, "少年": 4, "红色": 3, "西装": 2, "碰撞": 1, "寒冬": 1, "附上": 1, "丝": 1, "流彩": 1, "现场": 8, "live": 1, "清耳悦心": 1, "述说": 1, "故事": 1, "nova": 6, "全球": 6, "代言人": 6, "@": 21, "TFBOYS": 11, "易烊": 16, "千玺并肩": 1, "同行": 1, "绽放": 1, "极致": 4, "态度": 1, "千玺": 13, "nova星": 2, "初出茅庐": 1, "稚嫩": 1, "佳境": 1, "成熟": 1, "都": 2, "引领": 2, "新一代": 3, "风潮": 1, "努力": 1, "！": 6, "流光": 1, "瞬息驹": 1, "过隙": 1, "千玺翩翩": 1, "窗边": 1, "展露": 1, "清俊": 1, "气": 1, "冬暄": 1, "和畅": 1, "抹": 1, "炙热夺目": 1, "红": 1, "突破": 1, "边界": 1, "亦": 3, "无限": 1, "创新": 2, "卓尔不群": 1, "会见": 1, "直播": 7, "链接": 13, "：": 14, "OHUAWEInova4": 1, "新品": 2, "发布": 3, "盛典": 2, "景区": 28, "手机": 29, "用户": 14, "免票": 10, "律师": 4, "解读": 5, "舍弃": 12, "利益": 12, "侵害": 10, "法律": 18, "16日": 13, "河南": 8, "沁阳": 6, "神农山": 8, "风景区": 6, "出台": 6, "政策": 13, "12月": 15, "年底": 6, "门票": 15, "工作": 6, "人员": 6, "刚刚": 4, "才": 4, "专家": 8, "蹭": 8, "热点": 8, "禁止": 3, "一手": 8, "VideoL": 4, "video": 9, "秒拍": 10, "视频": 13, "13:30": 1, "准时": 1, "点击": 1, "观看": 1, "精彩": 3, "不止": 1, "终端": 3, "官方": 5, ".": 1, "刚": 2, "不禁": 3, "L一手": 5, "推出": 6, "享": 3, "半价": 6, "新规": 6, "专用": 3, "窗口": 3, "游客": 11, "支持": 13, "国货": 6, "近日": 4, "广东": 3, "清远": 3, "13日": 3, "19日": 3, "期间": 3, "购票": 3, "待遇": 3, "；": 6, "员工": 3, "父母": 3, "游玩": 3, "纷纷": 3, "对此": 3, "解锁": 3, "份": 2, "HUAWEInova": 3, "听到": 1, "实力": 1, "种草": 1, "视野": 3, "放大": 1, "细节": 1, "注定": 1, "不凡而生": 1, "转发": 6, "转发量": 5, "抽取": 1, "粉丝": 2, "3": 1, "名": 1, "赠送": 1, "高配版": 3, "1": 3, "颜色": 3, "随机": 5, "L华": 1, "首款": 1, "自拍": 2, "极点": 6, "屏手": 1, "机华": 1, "今日": 1, "长沙": 1, "C位": 1, "出道": 1, "消费者": 1, "业务": 1, "产品线": 1, "总裁": 1, "何刚": 1, "详细": 1, "全面屏": 4, "告别": 1, "刘海": 2, "时代": 2, "4800万": 2, "超": 2, "广角": 3, "三": 2, "摄": 2, "、": 7, "拍": 1, "远": 1, "倍": 1, "无惧": 2, "暗光": 2, "自然": 1, "景深": 1, "AI微塑": 1, "美颜": 1, "智能": 1, "识别": 1, "七": 1, "脸型": 1, "模型": 1, "拥有": 2, "多重": 1, "绚丽": 1, "色彩": 2, "搭配": 1, "超高": 1, "配置": 1, "拍照": 2, "水平": 1, "给力": 1, "黑科技": 2, "值得": 1, "品牌": 2, "参加": 1, "call": 2, "分享": 1, "心得": 1, "录制": 1, "暖心蜜语": 1, "火爆": 1, "秒变": 1, "千纸鹤": 1, "海洋": 1, "5A级": 4, "易": 3, "烊千": 1, "玺": 5, "一心一意": 1, "千玺​": 2, "Madame": 1, "资讯": 1, "2018年": 3, "17日": 1, "中国": 1, "正式": 1, "系列": 1, "00后": 1, "正能量": 2, "高人气": 1, "偶像": 1, "张力": 1, "潮流": 1, "年轻人": 1, "专属": 1, "HUAWEInova4": 1, "在场": 1, "无数": 1, "nova星人": 2, "疯狂": 1, "尖叫": 1, "千": 6, "眼中": 1, "颗": 1, "闪耀": 1, "光芒": 1, "时刻": 3, "身边": 1, "传递": 1, "新星": 1, "自信": 1, "乐观": 1, "活力": 1, "印记": 1, "一个": 1, "陪伴": 1, "希望": 1, "温暖": 1, "大家庭": 1, "易烊千玺": 2, "JacksonYee": 1, "工作室": 3, "后援": 1, "官博": 2, "烊千玺": 1, "十八": 2, "岁": 2, "成年": 2, "乘风": 2, "芭能": 1, "御姐": 1, "烊": 3, "现身": 1, "耀眼": 1, "黑色": 1, "内搭": 1, "沉稳": 1, "成长": 1, "蜕变": 1, "更为": 1, "可贵": 1, "就绪": 1, "即将": 1, "呈现": 1, "登陆": 1, "星球": 1, "迎接": 1, "关注": 5, "+": 8, "高一": 2, "条": 4, "抽送": 2, "台": 4, "一家": 1, "公告": 1, "称": 1, "29日": 1, "执行": 1, "价格": 1, "云阳寨": 1, "门岗": 1, "出示": 1, "荣耀": 2, "微信": 1, "公众号": 1, "入园": 1, "李": 1, "金磊": 1, "选择": 1, "困难": 1, "……": 1, "本子": 1, "不错": 1, "…​": 1, "喜欢": 2, "2018": 1, "夜": 2, "年度": 1, "燃炸": 1, "来袭": 1, "想": 1, "亲自": 1, "": 1, "援": 1, "送": 3, "O网页": 1, "备好": 1, "易烊": 1, "梨": 1, "广纳": 1, "视界": 1, "全新": 2, "升级": 1, "镜头": 5, "高清": 1, "1600万": 1, "200万": 1, "虚化": 1, "收获": 1, "主体": 1, "硬件": 1, "HDRPro": 1, "实时": 1, "预览": 1, "录像": 1, "稳定": 1, "亮度": 1, "便携": 1, "照片": 1, "打印机": 1, "掌间": 1, "带": 2, "话题": 2, "任意": 2, "抽奖": 2, "平台": 2, "抽": 2, "nova36": 2, "GB": 4, "64": 2, "广告": 2, "上市": 1, "公司": 1, "声援": 1, "智慧": 1, "一点": 1, "科技": 1, "追求": 1, "美的": 1, "先进": 1, "技术": 2, "工艺": 2, "打造": 3, "里程碑": 2, "意义": 3, "屏下": 1, "6.4": 1, "英寸": 1, "18：9全": 1, "面屏": 1, "高屏": 1, "占比": 1, "搭载": 1, "行业": 2, "前置": 1, "摄像头": 1, "设计": 2, "带来": 1, "遮挡": 1, "整块": 1, "屏幕": 2, "浑然天成": 1, "毫无": 1, "遮": 1, "栏": 1, "181217": 1, "合集": 2, "评论": 2, "——————————————————": 1, "——": 2, "※O": 9, "网页": 10, "·": 1, "全程": 1, "cut": 1, "′": 1, "46": 1, "″※O": 1, "星闻": 1, "揭秘": 1, "五行": 2, "缺": 2, "声音": 1, "好好": 1, "听": 1, "海屿": 1, "森麓": 1, "心动": 1, "瞬间": 1, "群访": 1, "Z栗": 1, "竖屏": 1, "完整版": 1, "※": 1, "L易烊": 1, "专访": 1, "拒绝": 1, "秋裤": 1, "请求": 1, "—————————————————": 1, "———": 1, "千玺K": 1, "恒温": 1, "动物": 1, "cr.logo": 1, "博戳": 1, "👇🏻": 1, "侵歉删": 1, "屏": 2, "屏新": 1, "首创": 1, "盲孔": 1, "方案": 1, "革命性": 1, "隐藏": 1, "液晶屏": 1, "之下": 1, "内": 1, "工业": 1, "美": 1, "制造": 1, "极限": 1}