{"齐": 1, "华为": 93, "nova6": 4, "自拍": 5, "​": 9, "投票": 3, "：": 10, "刚": 17, "毕业": 17, "年薪": 23, "200万": 14, "@": 17, "华中": 11, "科技": 13, "大学": 11, "14": 9, "直博": 7, "研究生": 6, "鹏飞": 11, "面试": 6, "表现": 7, "优异": 6, "推荐": 6, "天才": 8, "少年": 7, "项目": 8, "收到": 12, "元": 19, "offer": 7, "邀约": 6, "阿里": 6, "、": 35, "腾讯": 6, "深信服": 6, "均": 6, "抛来": 6, "橄榄枝": 6, "武汉": 7, "新闻": 3, "华科": 3, "这位": 3, "学生": 7, "厉害": 2, "！": 14, "秋招季": 3, "尾声": 3, "很多": 5, "同学": 3, "着急": 3, "光电": 6, "国家": 10, "研究": 7, "中心": 6, "计算机": 6, "科学": 5, "技术": 9, "专业": 8, "左鹏飞": 5, "希望": 2, "领域": 2, "企业界": 2, "带": 5, "成功": 2, "O": 3, "视频": 12, "90后": 1, "博士": 2, "抢走": 1, "L楚天": 2, "德国": 26, "采用": 3, "设备": 13, "建设": 10, "5G": 22, "网络": 13, "当地": 4, "时间": 4, "11日": 6, "三大": 3, "电信": 16, "运营商": 9, "Telefonica": 5, "未来": 6, "年内": 3, "诺基亚": 8, "计划": 5, "借助": 3, "(": 5, "央视": 3, "记者": 7, "余鹏": 1, ")": 5, "荣耀": 1, "占": 2, "中国": 31, "线上": 1, "手机": 12, "市场": 10, "一半": 3, "份额": 4, "调查": 2, "品牌": 5, "选项": 1, "列出": 1, "评论区": 1, "补充": 1, "明年": 5, "反弹": 1, "#​": 1, "华科大": 1, "快": 2, "易烊": 7, "千玺九宫": 1, "格自": 1, "拍分": 1, "开发": 1, "x": 1, "烊": 1, "千": 6, "玺": 6, "明星": 1, "美貌": 1, "线发": 1, "福利": 1, "分期": 1, "兑现": 1, "九": 1, "宫格": 1, "nova": 2, "代言": 1, "姓": 1, "走过": 1, "路过": 1, "12月": 4, "22日": 1, "帅哥": 1, "首场": 1, "唱": 1, "关注": 2, "TFBOYS": 3, "千玺": 2, "代言华": 1, "系列": 1, "都": 7, "想要": 1, "超过": 4, "3": 1, "92年": 1, "出生": 2, "毕业生": 1, "阶段": 2, "攻读": 1, "11月": 1, "答辩": 1, "9月": 1, "发": 1, "近日": 2, "正式": 3, "签约": 1, "201万": 1, "职位": 1, "终端": 4, "全线": 2, "搭载": 2, "鸿蒙": 3, "系统": 3, "电子": 3, "产品": 3, "最多": 2, "昨日": 1, "消费者": 1, "业务": 2, "软件部": 1, "总裁": 1, "王成录": 1, "透露": 1, "平板": 3, "电脑": 2, "海内外": 1, "同步": 2, "推进": 1, "；": 12, "开源": 1, "8月": 1, "开放": 1, "nova65G": 1, "今日": 1, "开售": 1, "回家": 1, "~​": 1, "楚天": 1, "都市报": 1, "老总": 1, "任正非": 3, "女儿": 1, "姚安娜": 3, "21": 1, "岁": 2, "出生于": 1, "云南": 1, "原名": 1, "姚思为": 1, "英文": 1, "名": 2, "AnnebelYao": 1, "拥有": 1, "香港": 1, "户籍": 1, "美国": 12, "国籍": 1, "哈佛": 1, "在读": 1, "别人": 1, "起点": 1, "家世": 1, "地位": 1, "人脉": 1, "资源": 1, "顶级": 1, "娶到": 1, "老婆": 1, "起码": 2, "奋斗": 1, "三十": 1, "针对": 1, "年轻人": 2, "推出": 1, "上市": 1, "不知": 1, "看法": 2, "孟晚舟": 10, "信件": 1, "评论": 1, "站": 1, "父亲": 1, "值得": 2, "点赞": 1, "老胡": 3, "封": 2, "听说": 1, "网上": 1, "拘押": 3, "251": 2, "员工": 4, "李洪元": 27, "对比": 3, "恰当": 1, "节奏": 2, "舆论": 1, "倾向": 1, "基层": 1, "主管": 1, "报案者": 1, "释放": 1, "给予": 1, "赔偿": 1, "控制": 1, "迁怒": 1, "冷静": 1, "不妥": 1, "事件": 2, "压制": 2, "打响": 1, "关键": 2, "枪": 1, "蛮横": 1, "方式": 4, "对待": 1, "迈出": 1, "凶悍": 1, "支持": 3, "这是": 3, "美": 1, "博弈": 1, "层面": 1, "大是大非": 1, "事情": 3, "动摇": 2, "立场": 1, "看成": 1, "一个": 3, "倒": 1, "倒霉": 1, "富人": 1, "可悲": 1, "糊涂": 1, "惨": 1, "世界": 4, "视为": 1, "到底": 1, "能力": 3, "崛起": 2, "试金石": 1, "扛": 1, "掌门人": 1, "心胸": 1, "的确": 1, "处在": 1, "眼下": 1, "遭遇": 1, "前所未有": 1, "压力": 3, "承重": 1, "位置": 2, "这家": 1, "逆风": 1, "飞扬": 1, "高科技": 1, "公司": 22, "精神": 3, "鼓舞": 1, "道义": 1, "理解": 2, "公众": 1, "情绪": 2, "那种": 1, "抵制": 1, "方向": 2, "坏人": 1, "缺": 1, "大义": 1, "投机": 1, "分子": 1, "微信": 1, "骂": 2, "狠": 1, "感觉": 1, "精英": 1, "恨": 1, "关门": 1, "思维": 1, "带着": 1, "跑": 3, "快进": 1, "L神兽": 1, "妹子": 1, "爱": 1, "元宝": 1, "职场": 2, "匹配": 2, "工资": 9, "网友": 1, "纷纷": 1, "羡慕": 1, "提出": 2, "疑问": 2, "求职者": 1, "才能": 1, "教": 1, "方法": 1, "人人": 1, "L人人": 1, "秒拍": 2, "界面": 1, "轻轻": 1, "一拖": 1, "文件": 2, "共享": 1, "多屏": 1, "协同": 1, "简直": 2, "nice": 1, "办公": 1, "效率": 1, "提升": 1, "路上": 3, "工作": 2, "人群": 1, "太": 1, "贴心": 1, "高颜值": 1, "MatePad": 2, "Pro": 2, "条": 1, "靓": 1, "仔": 1, "全球": 1, "高端": 3, "苹果": 2, "三星": 2, "超": 1, "4成": 1, "机构": 1, "Counterpoint": 1, "Research": 1, "报告": 1, "第三": 2, "季度": 1, "400": 1, "美元": 1, "高端机": 1, "占据": 2, "占比": 2, "52%": 1, "排名": 1, "第二": 1, "25%": 1, "12%": 1, "智能": 2, "八成": 1, "项": 2, "投资": 2, "近来": 2, "政坛": 2, "热门": 2, "话题": 2, "此前": 2, "之内": 2, "部件": 2, "替换": 2, "核心": 3, "客户端": 2, "城市": 5, "未曾": 1, "探索": 2, "角落": 1, "带上": 1, "WatchGT#2": 1, "只管": 1, "尽头": 1, "瞧": 1, "想": 2, "座": 3, "～​": 1, "刺猬": 2, "头": 2, "成长": 2, "畏惧": 1, "黑暗": 2, "前路": 1, "感到": 1, "迷茫": 1, "非议": 1, "内心": 3, "阵痛": 1, "推": 1, "向前": 1, "力量": 2, "青年": 1, "榜样": 1, "满满": 1, "正能量": 1, "sayno": 2, "模糊sayno": 1, "束缚": 1, "追随": 1, "光芒": 1, "演绎": 1, "年轻": 1, "觉醒": 1, "虚实": 1, "幻影": 1, "聚焦": 1, "真实": 5, "自我": 1, "官方": 5, "L嘉人": 1, "出品人": 1, "/": 12, "孙赛赛": 1, "监制": 1, "Fionn": 1, "创意": 1, "策划": 1, "李李安": 1, "Lilian": 1, "团队": 3, "zestudio安泽": 1, "视觉": 1, "导演": 1, "涂松泽zestudio": 1, "制片": 1, "王冕": 1, "摄像": 2, "李": 1, "方毅": 1, "韩": 1, "琦": 1, "昊": 1, "剪辑": 1, "韩琦": 1, "包装": 1, "特效": 1, "王琰": 1, "佩芙": 1, "美术": 1, "于漫": 1, "助理": 2, "王泽": 1, "张恒": 1, "兰子": 1, "EALING": 1, "书涵": 1, "赢下": 2, "场": 3, "法律": 3, "加拿大": 5, "法院": 4, "检方": 2, "提交": 2, "证据": 3, "路透社": 1, "报道": 6, "首席": 3, "财务官": 1, "律师": 1, "赢得": 1, "法律战": 2, "不列颠哥伦比亚省": 2, "10日": 1, "发布": 4, "份": 16, "裁决": 2, "显示": 1, "法官": 3, "司法": 1, "部长": 2, "交出": 1, "被捕": 1, "副": 1, "希瑟·霍姆斯": 1, "Heather": 1, "Holmes": 1, "同意": 2, "有限公司": 1, "可能性": 1, "airof": 1, "reality": 1, "提醒": 1, "这项": 1, "有限": 4, "提到": 3, "指控": 1, "当局": 1, "不当": 1, "孟": 1, "理据": 1, "钱": 3, "西班牙": 8, "子公司": 3, "合作": 12, "芬兰": 1, "当天": 2, "新闻公报": 1, "比例": 1, "提供": 2, "入网": 1, "基站": 1, "前提": 1, "企业": 5, "相关": 1, "认证": 1, "供应商": 3, "选定": 1, "10月": 1, "政府": 7, "准则": 1, "草案": 1, "迄今": 1, "尚未": 1, "实施": 1, "浪费": 1, "执行官": 1, "马库斯": 1, "⋅哈斯": 1, "开启": 2, "增长": 1, "据悉": 1, "2020年": 2, "服务": 1, "率先": 2, "覆盖": 2, "柏林": 1, "汉堡": 1, "慕尼黑": 1, "科隆": 1, "法兰克福": 1, "5": 4, "2022年": 1, "年底": 1, "拓展": 1, "30": 1, "1600万": 1, "人口": 1, "学习": 1, "旅程": 1, "💫": 1, "火星": 1, "体验": 2, "☄️": 1, "这次": 2, "交到": 1, "朋友": 1, "回忆": 1, "添": 1, "独特": 1, "滋味": 1, "替代": 1, "重复": 1, "天气": 1, "很": 2, "冷": 1, "心暖": 1, "谢谢": 3, "夜空": 1, "亮": 1, "星": 1, "大鹅": 1, "温暖": 1, "GQ": 2, "安排": 1, "感恩": 1, "1000": 1, "观星": 1, "旅": 1, "12日": 2, "首款": 1, "Mate": 1, "命名": 1, "旗舰": 2, "即将": 1, "首销": 1, "渐变": 1, "幻彩": 1, "唯美": 1, "纯净": 1, "贝母": 1, "白": 1, "金属": 1, "流光": 1, "神秘": 1, "优雅": 1, "夜阑灰": 1, "款": 3, "配色": 1, "用户": 1, "见面": 1, "品质": 1, "打造": 1, "智慧": 1, "创新": 1, "重构": 1, "创造": 1, "华春莹": 6, "告诉": 3, "BBC": 2, "面对": 1, "抹黑": 4, "攻击": 4, "打压": 2, "还嘴": 2, "时代": 2, "一去不复返": 2, "外交部": 4, "发言人": 3, "主持": 2, "例行": 2, "记者会": 2, "外媒": 3, "提问": 2, "援引": 1, "录音": 1, "内容": 3, "称": 3, "驻": 7, "丹麦": 16, "大使": 12, "威胁": 7, "法罗群岛": 6, "签署": 8, "协议": 16, "取消": 3, "自由": 3, "贸易": 2, "协定": 3, "中方": 6, "可否": 1, "证实": 1, "消息": 1, "提": 2, "事实": 1, "错误": 2, "地区": 2, "自贸": 1, "高官": 1, "特定": 1, "才": 1, "关系": 2, "官员": 4, "会面": 2, "履职": 1, "谈": 3, "友好": 1, "维护": 2, "正当": 2, "合法": 2, "权益": 2, "媒体": 4, "误": 1, "别有用心": 1, "随后": 1, "追问": 1, "谈话": 1, "谈到": 2, "涉及": 1, "对此": 2, "回应": 1, "区别": 1, "实质": 1, "意义": 1, "难道": 1, "驻在国": 1, "名字": 3, "逻辑": 1, "处于": 1, "责任": 1, "公民": 1, "环球": 1, "时报": 1, "环球网": 1, "骜": 1, "宣称": 2, "法罗": 8, "群岛": 2, "澄清": 3, "2019年": 1, "昨天": 2, "外国": 1, "威励": 1, "就此": 1, "属实": 1, "外交大臣": 1, "选择": 2, "通信": 1, "行业": 1, "属法": 1, "罗": 1, "自主": 1, "决策": 2, "领城": 1, "相互": 3, "尊重": 3, "遵守": 1, "国际": 1, "规则": 1, "外交": 2, "政策": 1, "基础": 2, "适用于": 1, "交往": 1, "包括": 2, "伙伴": 1, "自治": 1, "总理": 1, "从未": 1, "交流": 1, "感受": 1, "胁迫": 1, "建设性": 1, "对话": 1, "政党": 1, "负责人": 7, "民众": 2, "日前": 1, "公开": 2, "阻止": 1, "极为": 1, "合适": 1, "受制于": 1, "影响": 1, "独立": 2, "恐怕": 1, "记得": 1, "前不久": 1, "发出": 1, "言论": 1, "国": 1, "不满": 1, "丹方": 1, "努力": 2, "深化": 1, "政治": 1, "互信": 1, "务实": 1, "平等": 1, "推动": 1, "中丹": 1, "互利": 1, "成果": 1, "O外媒": 1, "嘉人": 2, "2020": 1, "开年": 1, "超乎": 1, "年龄": 1, "清醒": 1, "沉稳": 1, "能量": 1, "热情": 1, "赤诚": 1, "19": 1, "已然": 1, "实力": 1, "踏进": 1, "表演": 1, "循": 1, "坚定": 1, "热爱": 1, "1月": 6, "刊": 1, "镜头": 1, "张大": 1, "封面": 2, "展示": 1, "Z世代": 1, "呈现": 1, "明朗化": 1, "……": 1, "离职": 21, "确认书": 1, "补偿": 12, "盖有": 1, "公章": 3, "承东": 7, "毫无疑问": 2, "代表": 2, "效应": 1, "下端": 1, "日期": 4, "打印": 5, "留": 2, "下划线": 1, "字体": 2, "手写": 1, "2018年": 8, "31日": 5, "协商": 4, "何承东": 3, "签字": 4, "认可": 1, "工号": 3, "空白": 1, "填写": 1, "名称": 1, "细节": 1, "逆变器": 4, "部门": 3, "事宜": 2, "口头": 1, "仅仅": 2, "过程": 3, "越权": 2, "偷盖": 1, "表达": 1, "在于": 2, "早已": 1, "数额": 6, "该案": 1, "居然": 1, "在内": 1, "矢口否认": 1, "41万": 4, "究竟": 3, "计算": 3, "本人": 1, "表述": 1, "=": 7, "2N-8年": 1, "N+1": 2, "+": 5, "补发": 2, "月工资": 1, "先来": 1, "2014年": 2, "8": 1, "8+1=9": 1, "9": 2, "共计": 1, "13.6万": 1, "月薪": 6, "标准": 6, "每月": 1, "1.5万": 1, "此次": 1, "1.6万": 3, "3月": 2, "7日": 2, "支付": 6, "N": 5, "1": 5, "8万": 3, "补偿款": 5, "简单": 1, "算出": 1, "4": 1, "约定": 1, "2N": 3, "2*12": 1, "24": 1, "减去": 1, "领取": 1, "只能": 1, "24-9-1": 1, "深圳市": 1, "当年度": 1, "平均": 1, "三": 2, "倍": 1, "*": 1, "22.4万": 2, "关心": 1, "在场": 1, "人力": 1, "资源部": 1, "四": 2, "出于": 2, "主观": 1, "动机": 2, "理由": 1, "远远": 2, "超出": 2, "财务": 1, "补": 1, "偿款": 1, "一次性": 1, "涉嫌": 1, "敲诈勒索": 1, "私盖": 1, "挪用": 1, "团建": 1, "公款": 1, "私下": 1, "水平": 1, "劳动": 2, "合同": 2, "到期": 1, "续签": 1, "手续": 1, "理论": 1, "无须": 1, "薪酬": 1, "制度": 1, "办理": 1, "即可": 1}