{"华为": 62, "手机": 10, "爆炸": 1, "……": 3, "放在": 1, "口袋": 1, "烧伤": 1, "大腿": 1, "这次": 4, "受害者": 2, "@": 8, "西瓜君zzz": 1, "称": 10, "：": 26, "Mate20": 2, "电池": 1, "维修": 1, "！": 22, "发": 1, "网上": 1, "1万": 1, "块钱": 1, "关怀费": 1, "网友": 1, "评论": 2, "日常": 1, "沸腾": 1, "危险": 1, "玩": 1, "谨慎": 1, "！！！​": 1, "日本": 3, "四": 3, "运营商": 4, "集体": 1, "排斥": 1, "拒绝": 2, "采购": 4, "5G": 28, "设备": 4, "4月": 5, "13日": 2, "朝日": 1, "新闻": 4, "报道": 6, "NTTDocomo": 1, "、": 13, "KDDI": 1, "软银": 1, "集团": 1, "乐天": 1, "订单": 1, "留给": 1, "诺基亚": 1, "爱立信": 1, "政府": 7, "强制": 1, "干预": 1, "时间": 4, "财经L": 1, "财经": 1, "秒拍": 7, "视频": 17, "急️": 2, "急": 1, "海报": 3, "征集": 1, "️华": 1, "发布史": 1, "AI算力": 1, "Atlas云": 1, "/": 2, "端": 1, "场景": 1, "人工": 1, "智能": 3, "计算": 1, "平台": 1, "重磅": 1, "上市": 1, "迟迟": 1, "难产": 1, "…": 1, "领导": 1, "很": 2, "满意": 1, "小编": 1, "急需": 1, "大神": 2, "小神": 1, "脑洞": 1, "抖机灵": 1, "挥洒": 1, "聪明才智": 1, "Atlas": 1, "系列": 7, "产品": 2, "海": 1, "报": 1, "主题": 5, "宽泛": 1, "万物": 1, "皆": 1, "AI": 1, "🏻": 1, "详情": 1, "戳": 1, "O网页": 2, "链接": 3, "~": 1, "请": 1, "评论区": 1, "留下": 1, "设计": 2, "截至": 1, "18日": 2, "点赞": 2, "3": 3, "同学": 1, "木有": 1, "关系": 1, "带": 3, "话题": 1, "转发": 2, "抽": 2, "送华": 1, "FreeBuds2": 1, "标配版": 1, "无线": 2, "耳机": 1, "开奖": 1, "小脑筋": 1, "赶紧": 2, "开动": 1, "任正非": 31, "开放": 14, "出售": 13, "芯片": 20, "15日": 1, "CNBC": 10, "播出": 2, "采访": 6, "创始人": 8, "厂商": 6, "包括": 3, "竞争": 4, "对手": 3, "苹果": 28, "11日": 1, "消费者": 5, "业务": 1, "CEO": 1, "余承东": 1, "接受": 6, "基带": 1, "售卖": 1, "想": 3, "赞同": 1, "谈": 5, "流露": 1, "乔布斯": 7, "尊敬": 1, "直言": 2, "都": 4, "公司": 9, "伟人": 2, "这是": 4, "轻描淡写": 2, "夸奖": 2, "超级": 2, "创造": 2, "互联网": 1, "时代": 1, "透露": 1, "女儿": 1, "粉丝": 1, "老板": 2, "联播L": 1, "联播": 2, "上海": 1, "天气": 1, "真的": 2, "太": 2, "棒": 1, "长焦": 1, "可玩性": 1, "感受": 1, "P30": 8, "​": 14, "对此": 6, "态度": 8, "近日": 4, "美国": 15, "专访": 5, "访": 5, "一个": 6, "一家": 3, "市场": 4, "很多": 3, "得以": 3, "生存": 3, "问及": 3, "来源": 2, "五环短": 3, "L五环": 3, "短": 3, "远方": 1, "见到": 1, "珠峰": 1, "当地": 1, "14日": 4, "商业": 3, "频道": 2, "首次": 1, "提供": 3, "公开": 1, "一点": 1, "本身": 1, "拥有": 1, "处理器": 1, "麒麟": 1, "980": 1, "发布": 2, "支持": 1, "兴趣": 2, "浓": 1, "就此": 1, "表达": 1, "观点": 1, "L环球网": 1, "文字": 1, "观察者": 1, "网": 2, "本来": 1, "攒钱": 1, "买": 1, "XSMAX": 1, "昨天": 1, "逛街": 1, "店里": 1, "逛": 1, "圈": 1, "顺便": 1, "机子": 1, "P30Pro": 2, "曲": 1, "面屏": 1, "无感": 1, "经历": 1, "S8": 1, "曲面": 1, "屏": 1, "惊艳": 1, "中缓": 1, "；": 1, "摄像头": 1, "x30": 1, "x50": 1, "追星": 1, "拍": 1, "月亮": 1, "真滴": 2, "不在乎": 1, "顶配": 1, "五千": 1, "实话": 1, "果机": 1, "截胡": 1, "屏下": 1, "指纹": 1, "解锁": 1, "酷炫": 1, "无奈": 1, "无线充": 1, "好看": 1, "充白": 1, "臻": 1, "爱": 1, "梵高": 3, "上线": 1, "走进": 1, "创作": 2, "天堂": 1, "画": 1, "复活": 1, "～": 1, "打开": 1, "名画": 1, "掌中": 1, "风景": 1, "转评": 1, "分享": 1, "喜欢": 1, "随机": 1, "名": 2, "送": 1, "笔记本": 1, "P30ProVS": 1, "Google": 1, "Pixel3": 1, "对比": 1, "测评": 1, "SPY": 1, "年度": 1, "机皇": 1, "争霸赛": 1, "讨论": 2, "数量": 1, "历史": 1, "最高峰": 1, "选取": 1, "ZEALER": 1, "订阅号": 1, "每期": 1, "都会": 1, "推送": 1, "图文": 1, "简略": 1, "版O": 1, "拍照": 1, "算": 1, "法师": 1, "承谷歌": 1, "相机": 1, "真实": 1, "表现": 1, "究竟": 1, "选择": 1, "环境": 1, "工作": 3, "累": 1, "反对": 1, "群": 1, "疯子": 2, "凑": 1, "老": 1, "带领": 1, "攻城": 1, "拔寨": 1, "屁滚尿流": 1, "挣": 1, "钱": 2, "分给": 1, "O生活": 1, "逻辑": 1, "理论": 1, "解析": 1, "996": 1, "理解": 1, "中国": 3, "澳大利亚": 4, "禁令": 2, "告上": 1, "WTO": 3, "澳媒": 1, "忧心": 1, "澳": 2, "强力": 1, "回击": 2, "悉尼": 1, "先驱": 1, "晨报": 1, "网站": 1, "禁止": 2, "参与": 4, "网络": 5, "建设": 5, "世界": 1, "贸易": 1, "组织": 1, "提出": 2, "申诉": 2, "据悉": 1, "北京": 2, "此次": 1, "度": 1, "正式": 3, "即将": 1, "上任": 1, "联邦": 2, "强有力": 2, "不止": 1, "方舟": 1, "编译器": 1, "EMUI": 1, "9.1": 1, "黑科技": 1, "↓": 1, "​​": 2, "DigiX": 2, "未知": 2, "旅行": 2, "计划": 3, "第一": 2, "站": 1, "来到": 1, "极点": 1, "云南": 2, "大理": 2, "新机": 1, "拍摄": 2, "想象": 1, "内置": 1, "生活": 2, "服务": 2, "功能": 1, "涵盖": 1, "生活方": 1, "租车": 1, "充话费": 1, "一键": 1, "租": 1, "辆": 1, "小轿跑": 1, "航程": 1, "辛苦": 1, "Booking.com": 1, "订": 1, "洱海": 1, "客栈": 1, "休闲": 1, "放松": 1, "明天": 1, "深处": 1, "探索": 2, "Booking": 1, "缤客": 1, "终端": 1, "​​​": 1, "科技": 2, "时尚": 3, "艺术": 2, "听听": 1, "媒体们": 1, "评价": 1, "～​": 1, "冈特·舒赫": 1, "害怕": 3, "技术": 3, "刺探": 1, "情报": 1, "统统": 1, "变化": 1, "间谍": 1, "优势": 1, "O冈特·舒赫": 1, "针对": 1, "到底": 1, "特朗普": 8, "深圳": 4, "总部": 2, "媒体": 3, "播放": 1, "(": 1, ")": 1, "称赞": 2, "减税": 4, "总统": 2, "短板": 2, "——": 2, "国家": 1, "别国": 1, "企业": 2, "恐吓": 1, "政策": 2, "抵消": 1, "好处": 1, "吓跑": 1, "外国": 3, "投资": 3, "O": 1, "广告": 1, "造访": 1, "频道网": 1, "总裁": 1, "有益": 1, "收益": 1, "提振": 1, "股市": 1, "策略": 1, "损害": 1, "美": 1, "风": 1, "#O": 1, "网页": 1, "L凤凰网": 1, "L老板": 1, "就业": 1, "季": 1, "求职者": 2, "寒冬": 2, "场": 2, "招聘会": 3, "平均": 5, "年薪": 5, "20万": 2, "招聘": 2, "人员": 2, "难": 2, "招": 2, "本土": 1, "名企": 1, "腾讯": 1, "比亚迪": 1, "平安": 1, "万科": 1, "悉数": 1, "出动": 1, "沃尔玛": 1, "普华永道": 1, "AIA": 1, "现身": 1, "会场": 1, "期间": 1, "3万多": 1, "职位": 1, "超过": 1, "200万": 1, "吸引": 1, "络绎不绝": 1, "O求职者": 1, "20万+": 1, "雇": 2, "奥巴马": 4, "官员": 3, "挑刺": 2, "找来": 1, "说客": 2, "高级": 1, "贾恩（Samir": 1, "Jain": 1, "游说": 3, "高官": 1, "......": 1, "忍": 1, "推特": 1, "回应": 1, "不妙": 1, "华盛顿": 1, "观察家报": 1, "贾恩于": 1, "3月": 1, "27日": 1, "通知": 1, "国会": 1, "注册": 1, "重点": 4, "放": 1, "国防": 1, "授权": 1, "法案": 1, "相关": 1, "O华": 1, "员工": 1, "70万": 1, "潘长江": 1, "姚明": 1, "身高": 1, "1.92": 1, "米": 1, "...": 1, "重压": 1, "纷纷": 1, "亮": 1, "底牌": 1, "底线": 1, "​O": 1, "围剿": 2, "|": 1, "风眼": 1, "前线": 1, "无视": 1, "警告": 2, "德国": 9, "表态": 3, "境外": 1, "施压": 1, "电信": 2, "监管": 1, "机构": 1, "排除": 1, "在外": 1, "迄今": 1, "网络局": 1, "局长": 1, "霍曼": 1, "带来": 1, "麻烦": 1, "O无视": 1, "在内": 1, "制造商": 2, "好像": 1, "发出": 1, "信号": 1, "感": 1, "释放": 1, "与其说": 1, "卖给": 1, "不如说": 1, "地位": 1, "角度": 1, "选华": 1, "交": 1, "高通": 1, "和解": 1, "今日": 2, "观察": 4, "成交量": 2, "放大": 1, "央企": 1, "国资": 1, "改革": 1, "+": 2, "长三角": 1, "自贸区": 1, "能源": 1, "汽车": 1, "概念": 1, "板块": 1, "持续性": 1, "主板": 1, "小时": 1, "1500亿": 1, "皮皮": 1, "先持股": 1, "待涨": 1, "好手": 1, "东风": 1, "保税": 1, "超短": 1, "版权": 1, "1": 1, "国改": 1, "手板": 1, "操作": 1, "机会": 1, "PS": 1, "大涨": 1, "账户": 1, "长红​": 1, "感谢": 1, "认可": 1, "未来": 1, "推动": 1, "行业": 1, "影像": 1, "美学": 1, "持续": 1, "创新": 1, "突破": 1, "轻松": 1, "记录": 1}