{"跟随": 1, "华为": 61, "视频": 14, "来到": 1, "Huawei": 1, "Mate30": 2, "x华": 1, "光影": 1, "鉴赏会": 1, "武汉": 1, "大学": 2, "大宝贝们": 1, "影像": 1, "艺术": 1, "一番": 1, "交流": 1, "感叹": 1, "科技": 4, "魅力": 2, "拍摄": 1, "微电影": 1, "样子": 1, "有料": 1, "推荐": 3, "手机": 36, "朋友": 1, "自带": 1, "追剧": 1, "综艺": 2, "一个": 8, "APP": 2, "看遍": 2, "芒果TV": 2, "、": 14, "优酷": 2, "腾讯": 2, "海量": 1, "内容": 4, "体验": 3, "很": 4, "照相": 3, "功能": 3, "未能": 2, "照清人心": 2, "……": 5, "员工": 2, "李洪元": 2, "251": 1, "事件": 4, "引发": 1, "舆论": 2, "热议": 1, "持续": 1, "客观": 1, "理性": 2, "声音": 1, "越来越": 1, "网民": 1, "情绪": 2, "回归": 1, "法律": 2, "解决": 2, "很多": 4, "共识": 1, "石锤哥": 2, "赞同": 1, "观点": 1, "喧嚣": 1, "过后": 1, "好好": 1, "梳理": 2, "人和": 1, "众生相": 1, "反思": 1, "舆情": 1, "扮演": 1, "角色": 1, "详戳": 1, "：": 9, "O华": 1, "昨天": 2, "游乐": 2, "华": 1, "音乐": 3, "肆fun": 2, "新声": 2, "校园": 2, "节": 1, "济南站": 1, "！": 14, "同学们": 1, "超": 3, "热情": 2, "～": 6, "想到": 2, "爱": 2, "吃": 2, "金牛座": 2, "台上": 1, "吃喝玩乐": 1, "真的": 2, "可爱": 1, "美食": 1, "🤣": 1, "感谢": 2, "支持": 5, "憙欢": 1, "演出": 2, "毕竟": 1, "第一": 4, "见面": 1, "分享": 1, "聊天": 2, "机会": 3, "距离": 1, "专辑": 1, "发布": 7, "同学": 2, "学习": 1, "加油": 1, "@": 6, "山东": 1, "卫视": 1, "荣耀": 6, "花粉": 1, "俱乐部": 1, "": 2, "陈明憙": 1, "高通": 10, "中国": 11, "产业链": 4, "地位": 1, "自主": 1, "研发": 2, "麒麟": 6, "处理器": 2, "厂商": 3, "都": 11, "采用": 1, "美": 2, "毛衣战": 1, "老美": 1, "出口": 1, "数万亿": 1, "规模": 1, "遭受": 1, "灭顶之灾": 1, "企业": 6, "倒闭": 1, "工人": 1, "下岗": 1, "只能": 1, "高价": 1, "买": 4, "苹果": 9, "三星": 8, "一己之力": 1, "捍卫": 1, "信息": 2, "产业": 2, "倒下": 1, "原因": 1, "当年": 1, "不计成本": 1, "芯片": 14, "任正非": 2, "讲": 3, "东西": 3, "别人": 1, "卖给": 1, "所需": 1, "部件": 1, "至少": 2, "拿来": 1, "不至于": 1, "休克": 1, "商城": 1, "线下": 2, "粉丝": 2, "活动": 2, "小组": 1, "带": 2, "抽到": 1, "打卡": 2, "坐上": 1, "火车": 1, "浏览": 1, "欧洲小镇": 2, "天气": 1, "超好": 1, "蓝天": 1, "白云": 1, "冬日": 1, "暖阳": 1, "粉丝们": 1, "拍": 1, "照片": 1, "棒": 1, "华仔": 1, "不停": 1, "盗图": 1, "关+": 1, "转评": 2, "听说": 1, "抽荣": 1, "耀": 1, "魔方": 1, "音响": 1, "~​": 1, "头条": 1, "文章": 1, "低": 3, "吸富": 3, "一生": 3, "财经": 2, "每日": 1, "必读": 1, "赚钱": 2, "季": 1, "周五": 1, "/": 5, "穿戴": 1, "智能": 6, "+": 4, "股权": 1, "公告": 1, "游戏": 2, "影视": 2, "能源": 1, "汽车": 1, "胎压": 1, "监测": 1, "剩": 1, "龙头": 2, "独立": 1, "成妖": 1, "区块": 1, "链+": 1, "ETC": 1, "板块": 3, "反复": 1, "主板": 2, "缩量": 1, "上涨": 1, "预设": 1, "明日": 3, "回落": 1, "观察": 2, "成交量": 2, "放大": 1, "强势": 3, "股": 3, "接力": 3, "亏": 1, "钱": 1, "效应": 2, "减缓": 1, "万通": 1, "智控": 1, "南宁": 1, "百货": 1, "漫步者": 1, "标杆": 2, "空间板": 1, "高度": 2, "6板": 1, "首板": 2, "数量": 1, "增加": 2, "大概率": 1, "热度": 1, "存量": 1, "博弈": 1, "先手": 1, "王": 3, "规避": 1, "三板": 1, "风险": 1, "偏好": 1, "选择": 7, "包板": 1, "1": 2, "3": 2, "涨停板": 1, "套利": 1, "反弹": 1, "优": 1, "策略": 1, "高低": 1, "切换": 1, "吸": 1, "主线": 1, "人气股": 1, "超跌": 1, "创": 1, "轮动": 1, "补涨": 1, "Ps": 1, "关注": 2, "重组": 1, "华兴": 1, "源创": 1, "科创板": 1, "O低": 1, "刚": 2, "魅特": 3, "30Pro": 2, "6000": 5, "块钱": 1, "出头": 1, "此刻": 1, "客户": 1, "服务": 1, "中心": 1, "拟": 1, "里边": 2, "倒": 1, "太": 5, "160多": 1, "G": 1, "放": 1, "克隆": 1, "即可": 1, "不用": 3, "借助": 1, "计算机": 1, "导线": 1, "热点": 1, "蓝牙": 1, "项": 1, "并举": 1, "分分钟": 2, "搞定": 1, "简直": 1, "神奇": 1, "​": 15, "寰宇": 1, "段": 3, "L": 1, "台湾": 2, "傻事": 2, "探店": 1, "攻略": 1, "｜": 1, "限时": 1, "三": 4, "奇幻": 1, "快闪店": 1, "想像力": 1, "梦幻": 1, "动心": 1, "碰撞": 1, "深圳站": 1, "快闪": 1, "全球": 7, "旗舰店": 1, "·": 1, "深圳": 3, "万象天地": 1, "色彩": 1, "浪漫": 1, "巨幅": 1, "纸雕": 1, "海底": 1, "奇景": 1, "芭蕾": 1, "女伶": 1, "优雅": 1, "投影": 1, "一同": 1, "旋转": 1, "温柔": 1, "共舞": 1, "；": 1, "抬头": 1, "观赏": 1, "星落": 1, "般的": 1, "灯球": 1, "点亮": 1, "视野": 1, "低头": 1, "邂逅": 1, "格调": 1, "机器人": 1, "闪亮": 1, "穿梭": 1, "随意": 1, "自拍": 1, "上天": 1, "好多": 1, "小奖品": 1, "一共": 1, "宝宝": 2, "千万": 1, "错过": 1, "今夜": 1, "奇遇": 1, "舞台": 1, "主角": 1, "正是": 1, "满载": 1, "精品": 1, "节目": 1, "——": 1, "用户": 4, "专享": 1, "福利": 2, "热剧": 1, "全都": 1, "自由": 1, "喜悦": 1, "无敌": 1, "省心": 1, "省钱": 1, "不用说": 1, "花式": 1, "种草": 1, "旅行": 1, "赞本": 1, "条": 1, "抽": 1, "每人": 1, "送": 1, "月卡": 1, "份": 1, "伴手礼": 1, "快": 2, "试试": 1, "手气": 1, "啾咪": 1, "张小影": 1, "实体": 3, "经济": 5, "根基": 2, "日报社": 1, "社长": 1, "兼": 1, "总编辑": 1, "小影": 2, "领袖": 1, "年会": 1, "企业家": 1, "心无旁鹜": 1, "创新": 1, "创造": 1, "踏踏实实": 1, "抓好": 1, "转型": 1, "升级": 1, "几十年": 1, "对准": 1, "城墙口": 1, "冲锋": 1, "最终": 1, "才": 1, "领域": 3, "世界": 2, "巅峰": 1, "O张": 1, "基L": 1, "新浪": 1, "金": 1, "南": 1, "高管": 1, "队伍": 1, "灵魂": 1, "血性": 1, "冷战": 1, "L武力": 1, "统一": 1, "听": 1, "歌": 4, "打电话": 1, "降噪": 1, "语音": 1, "助手": 1, "防晒凹": 1, "造型": 2, "显脸": 1, "GENTLEMONS": 1, "TER华": 1, "眼镜": 1, "司机": 1, "师傅": 1, "喜欢": 4, "聊": 1, "折叠屏": 1, "卖": 2, "一万六": 1, "抢": 2, "…": 3, "贵": 4, "疯狂": 1, "iPhoneX": 4, "花": 2, "八千多": 1, "八九千": 1, "某种": 1, "程度": 1, "改变": 1, "定价": 1, "理解": 1, "台": 3, "五六千": 1, "X": 1, "怼到": 1, "一万": 1, "块": 1, "那天": 1, "记得": 1, "北京": 1, "演播室": 1, "乔": 1, "老师": 2, "李享": 1, "发布会": 3, "售价": 1, "就算": 1, "八九千一": 2, "价格": 3, "11月": 1, "4日": 1, "预约": 1, "西单": 1, "店": 1, "iPhoneX256GB": 1, "版本": 1, "AppleCare": 1, "L钟": 1, "文泽": 1, "胖": 1, "秒拍": 1, "nova6": 2, "5G": 18, "咯": 1, "12月": 1, "5日": 1, "人民": 1, "校媒": 1, "记者": 1, "受邀": 1, "参加": 1, "亲临": 1, "现场": 2, "感受": 1, "互动": 1, "时代": 1, "生活": 1, "场景": 1, "发生": 1, "变化": 1, "我等": 1, "行李": 1, "发现": 2, "！！！": 2, "不愧": 1, "霸霸": 1, "2绍兴·杭州": 1, "萧山": 1, "机场": 1, "王北车": 2, "✖️": 1, "济南": 2, "站": 1, "久违": 1, "依旧": 1, "满满": 1, ".": 3, "邀请": 1, "相遇": 1, "美丽": 1, "城市": 1, "P.": 1, "S据说": 1, "昨晚": 1, "车": 1, "Boss": 1, "开心": 1, "路透": 1, "听到": 1, "👔": 1, "Beautyberry": 1, "玉涛": 1, "工作室": 1, "✂️": 1, "昊xHao​": 1, "麒麟芯": 1, "手机厂": 1, "大厂": 1, "控制": 1, "听话": 1, "搞死": 1, "活路": 1, "难怪": 1, "不遗余力": 1, "打击": 1, "醒醒": 1, "才能": 1, "惧": 1, "风雨": 1, "傲立": 1, "三季度": 2, "高端": 5, "市场": 18, "数据": 2, "出炉": 2, "分列": 2, "二三": 2, "调研": 1, "机构": 1, "counterpointresearch": 1, "报告": 2, "显示": 2, "第三": 2, "季度": 2, "份额": 6, "52%": 2, "紧随": 2, "其后": 2, "25%": 2, "12%": 2, "高端机": 2, "稳": 2, "欧洲": 2, "北美": 2, "不可抗力": 2, "因素": 2, "暂时": 2, "无力": 2, "获取": 2, "预算": 4, "iPhone": 3, "抑或是": 3, "张靓颖": 2, "华语": 1, "天后": 1, "八千万": 1, "买下": 1, "版权": 1, "值": 1, "评论区": 1, "走": 1, "L仙娱": 1, "肚子": 1, "饿": 1, "想": 2, "粉蒸": 1, "排骨": 1, "逛": 1, "淘宝": 1, "收藏": 1, "好几": 1, "件": 2, "衣服": 1, "微信": 1, "袋袋": 1, "公益": 1, "敲定": 1, "项目": 1, "等待": 1, "壳": 1, "打样": 1, "楼爸": 1, "1月": 1, "17号": 1, "回来": 1, "本月底": 1, "期盼": 1, "楼楼": 1, "姐姐": 1, "跨年": 1, "楠": 1, "小楠": 1, "罐罐": 1, "孩子们": 1, "体会": 2, "欲望": 1, "期待": 3, "这才": 1, "活": 1, "感觉": 1, "翡": 1, "冷翠": 1, "nova5": 1, "搭载": 1, "麒麟810": 1, "颜值": 2, "戳": 1, "上手": 1, "～​": 1, "V30Pro": 1, "拆机": 2, "自研": 2, "V30": 1, "PRO": 1, "性能": 3, "俱": 1, "佳": 1, "旗舰": 1, "辜负": 1, "V系列": 1, "电池": 1, "超快": 1, "充+": 1, "石墨": 1, "散热": 1, "大内": 1, "存高": 1, "存储": 1, "双模5G": 1, "990": 4, "集成": 1, "布局": 1, "严丝合缝": 1, "欣赏": 1, "下​": 1, "骁龙": 8, "865": 6, "765": 4, "平台": 2, "力量": 1, "网上": 1, "能力": 1, "打成一团": 1, "发展": 5, "好事": 3, "一家": 1, "供货": 1, "相互": 1, "尽快": 1, "竞争": 1, "降低": 1, "成本": 1, "这是": 1, "至今": 1, "导致": 2, "20亿": 1, "容纳": 1, "领先": 1, "自研自用": 1, "提供": 1, "通用": 1, "众多": 1, "受制": 1, "加快": 1, "进程": 1, "oppo": 1, "vivo": 1, "小米": 2, "丢人": 1, "禁令": 1, "购买": 1, "各有所长": 1, "不得罪": 1, "跑分": 2, "量产": 1, "产品": 1, "落后": 1, "基带": 2, "外挂": 1, "x55": 1, "堆叠": 1, "功耗": 2, "影响": 1, "SOC": 4, "8": 1, "系列": 2, "比如说": 1, "发热": 1, "只好": 1, "骁龙7": 1, "不及": 1, "到底": 1, "估计": 2, "不错": 1, "争论": 3, "NSA": 3, "SA": 1, "消散": 1, "双模": 1, "单模": 1, "再生产": 1, "要不久": 1, "降价": 1, "嘲笑": 1, "毫米波": 4, "看法": 1, "不必": 1, "毫米": 1, "波": 1, "美国": 3, "短": 1, "时间": 1, "有人": 1, "中国人": 1, "建基站": 1, "速度": 1, "网络": 1, "无论如何": 1, "推动": 1, "价值": 1, "消费者": 1, "香L": 1, "请": 1, "简洁": 1, "语言": 1, "描述": 1, "LOGO": 1, "寓意": 1, "(": 1, "6分": 1, ")": 1, "网友": 1, "求助": 1, "大二": 1, "女": 1, "学生": 1, "偶尔": 1, "吃鸡": 1, "魅族": 1, "16SPro": 1, "20Pro": 1, "售后服务": 1, "国内外": 1, "媒体": 1, "选择性": 1, "报道": 1, "歪": 1, "风向": 1, "误导": 1, "跟风": 1, "攻击": 1, "建议": 1, "全景": 1, "完整": 1, "真相": 1, "港警": 1, "一哥": 1, "说止": 1, "暴制": 1, "乱": 1, "刚柔并济": 1, "L建华": 1, "Wei业": 1, "消费": 2, "电子": 2, "明年": 2, "科技股": 1, "确定性": 1, "提前": 1, "锁定": 1, "主流": 1, "品种": 1, "更新换代": 1, "TWS": 2, "手表": 1, "VR": 1, "AR": 1, "需求": 1, "增长点": 1, "重点": 1, "公司": 1, "O2020": 1, "乐观": 1, "股市": 1, "悲观": 1}