{"美方": 15, "威胁": 13, "国": 10, "放弃": 5, "中国": 40, "设备": 23, "华春莹": 13, "：": 25, "公正": 11, "、": 19, "不道德": 10, "报道": 5, "美国": 34, "国务卿": 9, "蓬佩奥": 15, "匈牙利": 16, "外长": 12, "西雅尔多": 4, "记者": 6, "匈方": 5, "部署": 8, "华为": 63, "导致": 6, "合作": 26, "困难": 5, "匈": 14, "之间": 6, "都": 14, "危及": 4, "伙伴": 4, "关系": 15, "讨论": 4, "摒弃": 4, "虚伪": 4, "方式": 4, "驻": 4, "欧盟": 5, "大使": 4, "近日": 4, "公开": 4, "称": 8, "企业": 7, "国家": 24, "面临": 5, "美": 9, "制裁": 4, "报复": 4, "风险": 4, "外交部": 4, "发言人": 5, "中方": 4, "他国": 4, "破坏": 5, "干扰": 5, "炮制": 5, "威胁论": 5, "挑拨": 5, "所作所为": 5, "央视": 13, "申杨": 1, "L": 9, "新闻": 5, "秒拍": 9, "视频": 19, "当面": 1, "怼蓬": 1, "佩奥": 1, "赞赏": 2, "当地": 1, "时间": 2, "11日": 6, "彼得•西亚尔托": 1, "联合": 3, "招待会": 1, "警告": 8, "北京": 1, "握手": 1, "附加": 1, "条件": 1, "……": 2, "经济": 1, "政治": 1, "层面": 1, "负债累累": 1, "特意": 1, "点出": 1, "对此": 1, "回应": 9, "西亚尔托": 1, "基于": 1, "事实": 1, "做出": 1, "独立": 1, "客观": 1, "评价": 1, "友好": 2, "始终": 1, "发展": 7, "主旋律": 1, "中匈": 1, "针对": 1, "影响": 2, "希望": 1, "段": 1, "不遗余力": 1, "不择手段": 1, "种种": 1, "莫须有": 1, "罪名": 1, "各种各样": 1, "赤裸裸": 1, "抹黑": 1, "打压": 1, "公司": 7, "正当": 1, "权利": 1, "利益": 3, "一个": 3, "大国": 2, "应有": 1, "风度": 1, "下雪": 1, "故宫": 1, "@": 4, "TFBOYS": 1, "易烊": 1, "千玺": 1, "nova4": 1, "拍": 1, "小小": 1, "后期": 1, "一点": 1, "真的": 1, "太": 1, "爱": 3, "广角": 1, "镜头": 1, "​": 11, "洛阳": 16, "小学": 12, "期末": 5, "试卷": 15, "现华": 4, "广告": 19, "命题": 13, "老师": 13, "考察": 11, "综合": 11, "素养": 10, "2月": 5, "网友": 8, "语文": 6, "引用": 5, "手机": 9, "内容": 5, "热议": 5, "涧西区": 6, "教育局": 5, "素材": 6, "公益": 6, "敏": 5, "感受": 5, "关注": 6, "视听": 5, "学生": 6, "新京报": 6, "胡侃": 1, "记者会": 1, "当场": 1, "回怼": 1, "来访": 1, "活跃": 1, "中东欧": 6, "远离": 2, "俄": 3, "L胡锡进": 1, "社评": 1, "讨好": 2, "排挤": 2, "值": 2, "波兰": 1, "捷克": 1, "发出": 2, "跟随": 2, "抵制": 2, "信号": 1, "很": 1, "计划": 1, "开设": 1, "欧洲": 16, "后勤": 1, "中心": 2, "布达佩斯": 1, "迄今": 1, "立场": 2, "松动": 1, "西欧": 1, "盟友们": 1, "驳": 1, "华盛顿": 1, "面子": 1, "盲目": 1, "损害": 1, "统一战线": 1, "形势": 1, "远": 1, "未": 1, "明朗": 1, "恩怨": 1, "美的": 1, "自我": 2, "选择": 1, "独立性": 2, "选边站": 1, "这是": 4, "牺牲": 1, "换取": 1, "好感": 1, "误导": 1, "O社评": 1, "务卿": 3, "勿": 3, "访问": 3, "11号": 3, "盟友": 3, "声称": 3, "信息": 3, "产品": 3, "缩减": 3, "规模": 3, "L凤凰网": 3, "商业": 3, "洛阳市": 1, "2018-2019": 1, "学年": 1, "第一": 2, "学期": 1, "五": 3, "年级": 1, "考试": 1, "卷": 1, "引发": 1, "因该": 1, "4": 1, "题目": 2, "均": 1, "质疑": 2, "变相": 1, "负责": 1, "网传": 1, "属实": 1, "选": 1, "情况": 1, "看法": 1, "O洛阳": 1, "疑": 1, "2019": 1, "性能": 2, "排行榜": 1, "！": 3, "安卓": 1, "系列": 1, "基本上": 1, "小米": 2, "天下": 1, "自研": 1, "麒麟": 1, "处理器": 1, "确实": 1, "越来越": 2, "给力": 1, "超越": 1, "高通": 1, "迟早": 1, "985": 5, "毕业生": 5, "就业": 2, "北上广深": 2, "首选": 1, "BAT": 3, "重点": 3, "央企": 5, "最多": 2, "网易数": 1, "读": 1, "2018年": 2, "高校": 3, "数据": 2, "签约": 2, "包括": 2, "知名": 2, "互联网": 2, "名": 2, "建筑": 2, "电网": 2, "上汽": 2, "电子": 2, "科技": 3, "集团": 2, "二线": 3, "城市": 5, "送": 3, "钱": 2, "户口": 2, "一线": 2, "地位": 1, "难以": 1, "撼动": 1, "吸引": 1, "浙江": 1, "江苏": 1, "四川": 1, "势头": 1, "强劲": 1, "O送": 1, "留": 1, "不住": 1, "豆瓣": 4, "五星": 1, "改": 1, "一星": 3, "这次": 1, "流浪": 1, "地球": 1, "苹果": 1, "vivo": 1, "商": 1, "评分": 1, "平台": 1, "刚": 1, "名句": 1, "自由": 1, "下次": 1, "名不见经传": 1, "流量": 1, "固有": 1, "印象": 1, "工作": 2, "公布": 1, "大厂": 1, "总部": 1, "位于": 1, "同学": 2, "小新": 1, "#校": 1, "招来": 1, "?​": 1, "外媒": 2, "被迫": 2, "随美": 2, "起舞": 2, "围堵": 3, "日本": 5, "5G": 7, "步伐": 3, "耽误": 2, "新加坡": 1, "早报": 1, "技术": 4, "展现": 1, "雄心": 1, "亚于": 1, "强国": 1, "盟国": 1, "不得不": 1, "配合": 1, "棋局": 1, "走": 1, "认知": 2, "本身": 1, "后5G": 1, "战略": 2, "忽略": 1, "大数据": 1, "强势": 1, "支撑": 1, "夹": 1, "隔岸观火": 1, "迟疑": 1, "——O": 1, "岂止": 1, "人性": 1, "国际": 1, "恐怖主义": 1, "恶霸": 1, "停留": 1, "谴责": 1, "才": 1, "让让": 1, "特朗普": 1, "届": 1, "疯子": 1, "内阁": 1, "清醒": 1, "O美方": 1, "不道德​": 1, "心头": 1, "痛": 1, "斯洛伐克": 1, "再次": 1, "提起": 1, "媒": 2, "文章": 2, "左右为难": 2, "俄罗斯": 1, "文化": 1, "基金会": 1, "网站": 1, "一再": 1, "网络": 4, "需求": 1, "更为": 1, "迫切": 1, "若迫": 1, "压力": 1, "压缩": 1, "供应商": 1, "势必": 1, "过程": 1, "全球": 3, "翘楚": 1, "差距": 1, "O": 1, "紧急": 1, "呼叫": 1, "Live": 1, "主题": 1, "谈谈": 1, "同学们": 1, "做生意": 2, "创业": 1, "伙伴们": 1, "本科": 1, "毕业": 1, "老乡": 1, "大致": 1, "分为": 1, "中西部": 1, "省会": 1, "工资": 2, "缺点": 3, "忙": 1, "；": 3, "中建": 1, "局": 1, "项目": 3, "副": 1, "经理": 1, "三四十": 1, "吃喝": 1, "建某": 1, "设计院": 1, "二十": 1, "私下接": 1, "活": 1, "估计": 1, "几十万": 1, "整天": 1, "熬夜": 1, "画图": 1, "头发": 1, "白": 1, "把握": 1, "住": 1, "风口": 1, "行动力": 1, "缺一不可": 1, "淡淡": 1, "遗憾": 1, "14": 2, "夏天": 1, "中大": 1, "朋友": 1, "上海": 1, "学术": 1, "报告": 1, "老公": 2, "喝": 1, "咖啡": 1, "上班": 1, "提到": 1, "第二": 1, "迁移": 1, "东莞": 2, "松山湖": 3, "立刻": 1, "念头": 1, "深圳": 1, "产业": 1, "外迁": 1, "迹象": 1, "飞": 1, "买套": 1, "房子": 1, "学院": 1, "行政": 1, "事务": 1, "杂事": 1, "琐碎": 1, "加上": 1, "执念": 1, "成行": 1, "房价": 1, "1万一": 1, "平": 2, "17年": 1, "初": 1, "3万一": 1, "教训": 1, "知行合一": 1, "才能": 1, "成事": 1, "上万": 1, "公里": 1, "纵跨": 2, "欧": 2, "大陆": 3, "海洋": 1, "顺利": 1, "长": 3, "100G": 3, "海缆": 1, "系统": 3, "扩容": 1, "涉及": 1, "西非": 1, "15": 1, "站点": 1, "地区": 1, "登陆": 1, "配套": 1, "运维": 1, "电": 1, "中继": 1, "跨距": 1, "11500": 1, "km": 1, "最新": 1, "光穿": 1, "成本": 1, "低": 1, "业界": 1, "标杆": 1, "避开": 1, "禁令": 1, "善后": 1, "台积电": 2, "日月光": 2, "产线": 2, "O华": 2, "自然": 3, "语言": 4, "科学": 1, "试图": 1, "机器": 1, "模拟": 1, "人类": 1, "能力": 1, "传达": 1, "意图": 1, "改变": 1, "生活": 1, "AI": 1, "难": 1, "挑战": 1, "有请": 1, "华为诺亚": 1, "方舟": 1, "实验室": 1, "语音": 2, "语义": 2, "首席": 2, "科学家": 2, "刘群": 2, "答疑": 1, "解惑": 1, "究竟": 1, "多难": 1}