{"『": 1, "5G": 8, "体验": 3, "竟然": 1, "4G": 1, "差别": 1, "不大": 1, "』": 1, "iPhone11ProMax": 1, "华为": 41, "Mate30Pro5G": 1, "版本": 1, "想": 3, "聊聊": 2, "当下": 1, "生活": 2, "影响": 1, "！": 23, "L爱": 1, "马克君": 1, "视频": 8, "​O": 2, "抽奖": 2, "详情": 3, "​": 12, "智慧": 3, "屏": 3, "75": 1, "吋": 1, "新品": 1, "正式": 2, "发布": 4, "摩卡金": 1, "配色": 1, "同步": 1, "登场": 1, "三大": 2, "全新": 1, "特性": 1, "120": 1, "帧刷": 1, "新率": 1, "屏幕": 1, "搭配": 1, "音响": 1, "系统": 5, "大片": 1, "身临其境": 1, "；": 5, "隔空": 1, "手势": 1, "操控": 1, "控制": 3, "健身": 1, "节奏": 1, "随启": 1, "随停": 1, "路": 2, "投屏": 2, "支持": 1, "手机": 7, "双人": 1, "游戏": 1, "畅快": 1, "battle": 1, "智慧屏": 1, "大​": 1, "智能": 2, "音箱": 3, "下图": 1, "Sound": 1, "X": 1, "隐藏": 1, "澎湃": 1, "能量": 1, "5日": 1, "10:08": 1, "商城": 1, "开售": 1, "→O": 1, "网页": 1, "链接": 1, "关+": 1, "转评": 2, "喜欢": 1, "歌": 1, "抽": 1, "送": 1, "突破": 1, "声学": 1, "想象": 2, "SoundX": 1, "台": 2, "都": 10, "讨论": 1, "追": 1, "节目": 2, "难度": 1, "强度": 1, "太": 3, "导致": 1, "以翔": 1, "去世": 3, "嘉宾": 1, "翔": 1, "身体": 3, "抢救": 2, "失败": 1, "……": 4, "环节": 1, "居然": 1, "徒手": 1, "吊威": 1, "亚爬": 1, "70": 1, "米": 1, "大楼": 1, "顶楼": 1, "划": 1, "半空": 1, "对面": 1, "楼": 4, "节目组": 1, "设置": 5, "关卡": 1, "到底": 2, "带": 3, "脑子": 2, "野心": 2, "保护": 1, "肉身": 2, "第一": 3, "灵魂": 1, "无处": 1, "承载": 1, "工程师": 2, "36": 5, "岁": 13, "连续": 1, "22": 2, "工作": 4, "高压": 1, "状态": 2, "休息": 1, "肯尼亚": 1, "吃不消": 1, "依然": 1, "硬": 1, "扛": 1, "事发": 1, "这位": 3, "开车": 1, "头痛欲裂": 1, "天昏地暗": 2, "车": 1, "停靠": 1, "路边": 1, "意识": 1, "呕吐": 1, "吐": 1, "送到": 1, "医院": 1, "没用": 1, "无论如何": 1, "岁末": 1, "年初": 1, "猝死": 1, "新闻": 1, "努力": 1, "拼命": 1, "调查": 1, "：": 13, "一亿像素": 3, "干翻": 2, "小米": 2, "CC9Pro": 1, "拍照": 3, "评测": 6, "CC9pro": 1, "最佳": 1, "雷军": 1, "相机": 1, "部门": 1, "发年": 1, "终奖": 1, "希望": 1, "接近": 1, "习惯": 1, "需求": 2, "方式": 1, "揭晓": 1, "答案": 1, "L": 3, "爱否": 1, "科技": 9, "官方": 3, "MatePadPro": 5, "安卓": 4, "平板": 4, "谈": 4, "生产力": 6, "｜": 2, "凰家": 2, "本周": 2, "初": 4, "搭载": 3, "麒麟990": 3, "处理器": 2, "采用": 5, "顺带": 2, "推出": 2, "M-Pencil": 2, "键盘": 2, "保护套": 2, "配置": 2, "直达": 2, "旗舰级": 2, "定位": 2, "倾向": 2, "快": 4, "戳": 3, "matepad": 1, "@": 11, "终端": 1, "余承东": 1, "L凤凰": 2, "秒拍": 2, "美国": 14, "德国": 3, "排除": 1, "建设": 1, "2013年": 1, "安全局": 1, "监听": 1, "总理": 1, "制裁": 1, "公司": 3, "怒": 1, "中国": 15, "相提并论": 1, "今日": 2, "俄罗斯": 1, "RT": 1, "華為": 1, "手機": 1, "攝影": 1, "強": 1, "隨手": 1, "拍拍": 1, "很": 4, "美麗": 1, "滴厦门卡": 1, "朋友": 3, "厦门": 2, "打卡": 4, "nova6": 4, "自拍": 11, "互动": 4, "装置": 4, "真的": 2, "超": 2, "好看": 1, "忍": 1, "不住": 1, "开启": 1, "疯狂": 1, "模式": 1, "据说": 2, "9": 3, "城市": 3, "墙": 3, "姐妹们": 1, "～": 2, "​​": 2, "耶": 1, "成都": 3, "！！": 1, "这次": 1, "姬哥": 1, "背景": 2, "漂亮": 1, "特色": 1, "宽窄": 1, "巷子": 1, "九": 1, "自拍墙": 1, "邀请": 1, "朋友们": 1, "参与": 1, "带上": 2, "话题": 2, "拍": 1, "嗨": 1, "CNN": 3, "炒作": 3, "遥控": 3, "关闭": 3, "菲电网": 3, "辩称": 1, "理论": 3, "本月": 1, "中旬": 1, "菲律宾": 3, "政客": 1, "脑洞": 1, "大开": 1, "称": 4, "供电": 1, "随后": 1, "有线": 1, "电视": 1, "新闻网": 1, "煞有介事": 1, "份": 1, "泄露": 1, "报告": 1, "电网": 4, "该国": 2, "技术": 5, "越来越": 1, "依赖": 1, "产品": 1, "很快": 1, "打脸": 1, "从未": 1, "提供": 1, "设备": 1, "外交部": 1, "中方": 2, "、": 4, "威胁": 1, "菲": 1, "国家": 3, "无稽之谈": 1, "一个": 6, "台阶": 1, "外国": 1, "攻击": 1, "历史": 3, "证据": 1, "担忧": 1, "迫在眉睫": 1, "讲": 1, "OCNN": 1, "杞人忧天": 1, "荣耀": 2, "V30": 2, "mate30": 1, "麒麟": 2, "990": 1, "芯片": 3, "强主": 2, "摄IMX600": 2, "3299": 2, "元": 5, "郑州": 1, "国贸": 1, "360": 1, "敲": 1, "可爱": 3, "自然": 3, "少不了": 1, "加持": 2, "听说": 1, "座": 1, "~": 1, "​​​": 1, "头条": 1, "文章": 2, "寻底": 4, "": 4, "财经": 1, "每日": 1, "必读": 1, "赚钱": 1, "季": 1, "周三": 1, "股权": 1, "/": 3, "超跌": 2, "低价": 1, "+": 3, "半导体": 1, "能源": 1, "汽车": 1, "区块链": 1, "穿戴": 1, "反弹": 1, "主板": 1, "缩量": 1, "下跌": 1, "预设": 2, "明日": 2, "观察": 2, "成交量": 1, "放大": 1, "强势": 1, "股": 1, "接力": 1, "亏": 1, "钱": 1, "效应": 1, "减缓": 1, "麦克奥迪": 1, "诚迈": 1, "情绪": 1, "标杆": 2, "空间板": 1, "高度": 1, "3板": 1, "首板": 1, "数量": 1, "减少": 1, "皮皮": 1, "短期": 1, "回补": 2, "2870": 1, "缺口": 2, "尾盘": 1, "或许": 1, "不错": 1, "操作": 1, "机会": 2, "优": 1, "策略": 1, "企稳": 1, "信号": 1, "低": 2, "吸": 1, "主线": 1, "板块": 2, "人气股": 1, "轮动": 1, "吸富": 1, "一生": 1, "Ps:2870": 1, "大于": 1, "风险": 1, "O": 1, "2017": 1, "2019": 1, "对比": 1, "秦": 2, "老师": 2, "市场价": 1, "692": 1, "mate8": 1, "白": 1, "头发": 1, "很多": 4, "只能": 1, "常人": 1, "球痴": 1, "心思": 1, "乒乓球": 1, "国胖": 1, "上​": 1, "甲方": 5, "提案": 1, "难": 2, "爸爸": 2, "给到": 1, "Brief": 1, "反馈": 1, "晦涩": 1, "难懂": 1, "紧急": 1, "「": 1, "马上": 1, "就要": 1, "」": 1, "每次": 1, "脑暴": 1, "有限公司": 1, "同事": 1, "损得": 1, "体无完肤": 1, "小七": 2, "排除万难": 1, "坚守": 1, "前线": 1, "无数": 2, "表扬": 1, "拥有": 1, "能力": 1, "才能": 1, "抗衡": 1, "今时": 1, "L华": 1, "广告": 1, "狂人": 1, "传​": 1, "vivo": 4, "主题": 3, "设计": 2, "美学": 2, "栀子": 2, "养成": 2, "记": 2, "3.0-9.0": 1, "通用": 1, "底包": 3, "栏": 1, "师父": 1, "媛来": 1, "·讯": 1, "飞皮": 1, "泰迪": 1, "织里": 1, "红川": 1, "素材": 2, "买": 2, "布朗": 1, "熊": 1, "丢": 1, "助手": 2, "鹤闺": 1, "·": 1, "图9": 1, "TA": 1, "晚安": 1, "小说": 3, "看久": 1, "练成": 1, "一目十行": 1, "长篇小说": 1, "长": 2, "花": 1, "时间": 4, "看完": 1, "抽送": 1, "mini": 1, "蓝牙": 1, "天才": 2, "放弃": 3, "绿卡": 3, "回国": 3, "有望": 1, "年轻": 3, "诺奖": 1, "得主": 3, "领先": 1, "业内": 1, "石墨烯": 6, "超导": 5, "麻省": 2, "理工": 2, "学院": 2, "博士生": 1, "科技界": 3, "称为": 1, "怪物": 1, "预测": 2, "诺贝尔奖": 3, "究竟": 1, "做出": 1, "令人瞩目": 1, "成绩": 4, "引得": 1, "重视": 1, "喜爱": 1, "曹": 13, "人生": 2, "可谓": 1, "一路": 1, "开挂": 1, "从小": 1, "别人家": 1, "孩子": 1, "2007年": 1, "来到": 2, "深圳": 1, "耀华": 1, "实验": 1, "学校": 1, "读书": 1, "仅仅": 1, "三年": 1, "就读": 1, "完了": 1, "小学": 1, "初中": 1, "高中": 1, "课程": 1, "差": 1, "700": 1, "考进": 1, "科学技术": 1, "大学": 1, "少年": 3, "班": 3, "中科大": 2, "学习": 1, "4": 1, "学术": 1, "研究": 4, "拿到": 1, "含金量": 1, "郭沫若": 1, "奖学金": 1, "18": 1, "优异": 1, "考入": 1, "世界": 4, "名校": 1, "读": 2, "博士": 2, "期间": 1, "顶级": 1, "期刊": 1, "杂志": 1, "作者": 1, "连发": 1, "篇": 2, "重量级": 1, "论文": 1, "全世界": 1, "瞩目": 2, "重磅": 1, "介绍": 1, "发现": 3, "层": 1, "平行石": 1, "墨烯": 1, "堆成": 1, "1.1": 1, "°": 1, "微妙": 1, "角度": 1, "神奇": 1, "现象": 1, "顿时": 1, "轰动": 1, "国际": 1, "物理学界": 1, "曹原所": 1, "发明": 1, "解决": 1, "挡": 1, "中外": 1, "科学家": 1, "面前": 1, "超过": 1, "107年": 1, "科学": 1, "难题": 1, "一时间": 1, "宠儿": 1, "誉为": 1, "怪": 1, "才": 2, "留住": 1, "主动": 2, "开出": 1, "优厚": 1, "条件": 1, "不为所动": 1, "选择": 2, "世人": 1, "平淡": 1, "中国人": 1, "学成": 1, "回到": 1, "聪明": 1, "才智": 1, "贡献": 1, "祖国": 1, "确实": 3, "钦佩": 1, "领域": 2, "一下子": 1, "推到": 1, "最前沿": 1, "成果": 1, "短短的": 1, "商业化": 1, "落地": 1, "电池": 2, "先进": 1, "率先": 1, "竞争": 1, "对手": 1, "甩开": 1, "一大": 1, "截": 1, "过期": 1, "3r": 1, "购买": 1, "9.0": 1, "10.0": 1, ".": 1, "•": 1, "*": 1, "秋​": 1, "35": 2, "马云": 2, "创业": 4, "项目": 1, "尝试": 1, "靠着": 2, "英语": 1, "教师": 1, "挣点": 1, "工资": 1, "创立": 2, "阿里巴巴": 2, "集团": 1, "找到": 1, "方向": 1, "任正非": 1, "还要": 1, "八": 1, "43": 1, "1990年": 2, "王健林": 1, "香港": 1, "君悦": 1, "酒店": 1, "11": 1, "平台": 1, "望见": 1, "栋": 2, "感叹": 1, "辈": 1, "白混": 1, "盆": 1, "冷水": 1, "泼": 2, "小王": 2, "安静": 1, "白日梦": 1, "那年": 1, "油腻": 1, "壮年": 1, "男": 1, "梦": 1, "眼睛": 1, "年前": 1, "大连": 2, "西岗区": 1, "办公室": 1, "副": 1, "主任": 1, "辞职": 1, "接手": 1, "西岗": 1, "房屋": 1, "开发": 1, "——": 2, "这是": 1, "万达": 1, "前身": 2, "董明珠": 4, "辞去": 1, "孤身一人": 1, "珠海": 1, "格力": 1, "海利": 2, "空调器厂": 1, "名": 1, "业务": 1, "销售员": 1, "上班": 1, "月工资": 1, "大概": 2, "块钱": 2, "销售": 1, "提成": 1, "后勤": 1, "人员": 1, "三四千": 1, "当年": 1, "十几万": 1, "42": 1, "宗庆后": 1, "一事无成": 1, "借来": 1, "14万": 1, "承包": 1, "连年": 1, "亏损": 1, "杭州": 1, "上海": 1, "校办": 1, "企业": 1, "经营部": 1, "走": 1, "科研": 1, "机构": 1, "研究员": 1, "40": 1, "柳传志": 1, "尊重": 1, "学者": 1, "身份": 1, "投身": 1, "商海": 1, "不解": 1, "好不容易": 1, "凑够": 1, "20多万": 1, "之内": 1, "骗": 1, "精光": 1, "中年": 1, "备受": 1, "打击": 1, "差点": 1, "崩溃": 1, "股道热肠": 1, "兄": 1, "评论": 1, "有意思": 1, "强大": 1, "意义": 1, "上市": 2, "腾讯": 1, "国内": 1, "估计": 1, "瓶": 1, "酒": 1, "偏见": 1, "参考": 2, "视界": 1, "加拿大": 4, "主播": 2, "脏": 1, "水": 1, "海外": 2, "网友": 2, "总统": 1, "事务": 1, "助理": 1, "奥布莱恩": 1, "会议": 1, "警告": 1, "踢出": 1, "五": 1, "眼": 1, "联盟": 1, "美方": 2, "歪曲": 1, "事实": 1, "言论": 1, "未": 2, "附和": 1, "论调": 1, "一档": 1, "迫不及待": 1, "高调": 1, "站队": 1, "发难": 1, "生硬": 1, "表述": 1, "尴尬": 1, "消息": 1, "凰家": 1, "华": 1, "全局": 1, "9.0-9.1": 1, "の": 1, "师傅": 2, "娓笙": 1, "小美人": 1, "自购": 1, "蹲": 1, "师姐": 2, "优优": 1, "抵山河": 1, "万色·祝辣辣": 1, "生日": 1, "快乐": 1, "盐焗": 1, "星球": 1, "1": 1, "甜甜": 1, "呐​": 1, "漫画": 1, "巨头": 1, "地主": 1, "摊牌": 1, "OPPO": 4, "酝酿": 1, "手": 1, "高通": 1, "骁龙": 1, "引而不发": 1, "时代": 2, "浪潮": 1, "麒麟5GSoC": 1, "首发": 1, "三星": 1, "5GSoC": 1, "携手": 1, "高通5GSoC": 1, "方案": 1, "此情此景": 1, "吟诗": 1, "怒吼": 1, "震": 1, "苍穹": 1, "遥望": 1, "天边": 1, "三点星": 1, "笑叹": 1, "风云": 1, "高手": 1, "过招": 1, "一点通": 1, "好奇": 1, "手中": 1, "牌": 1, "像是": 1, "大招": 1, "难道": 1, "Reno3": 1, "系列": 1, "意外": 1, "惊喜": 1, "明星": 1, "偷税": 1, "吸毒": 1, "原谅": 1, "袁隆平": 1, "羞辱": 1, "这才": 1, "悲哀": 1, "Mate30Pro素皮": 1, "版": 1, "自碎": 1, "玻璃": 1, "内事": 1, "艾特": 1, "私信": 1, "判定": 2, "碎": 1, "但售": 1, "人为": 1, "后边": 1, "用用": 1, "碎​": 1, "万万": 1, "想到": 1, "该机": 1, "模全": 1, "网通": 1, "爱好": 1, "拍摄": 1, "小伙伴们": 1, "重点": 1, "关注": 1, "~​": 1}