{"华为": 110, "回应": 40, "波兰": 113, "员工": 65, "事件": 35, "：": 40, "原因": 28, "涉嫌": 22, "违反": 14, "当地": 3, "法律": 20, "终止": 28, "雇佣": 28, "关系": 27, "12日": 8, "公司": 33, "官方": 3, "代表处": 10, "王": 30, "伟晶": 30, "逮捕": 13, "调查": 11, "全球": 10, "声誉": 10, "不良": 11, "影响": 10, "依据": 9, "劳动": 9, "合同": 9, "相关": 9, "管理": 11, "立刻": 11, "遵守": 6, "业务": 3, "所在国": 6, "法规": 6, "合规": 3, "经营": 4, "记者": 2, "凌志": 1, "犯罪": 12, "@": 9, "环球": 1, "时报": 1, "加拿大": 4, "副总裁": 4, "辞职": 3, "支持": 2, "1月": 8, "11日": 2, "高级": 3, "布拉德利": 2, "ScottBradley": 1, "社交": 1, "媒体": 5, "团队": 1, "提供": 1, "咨询": 1, "服务": 1, "LinkedIn": 1, "网站": 1, "简介": 1, "备注": 1, "不再": 1, "担任": 1, "职": 1, "并未": 1, "透露": 2, "O华": 9, "扣押": 4, "外交部": 27, "8日": 10, "内部": 20, "安全局": 22, "拘押": 29, "名": 12, "中方": 22, "高度": 10, "关注": 11, "中国": 15, "驻": 9, "使馆": 10, "第一时间": 8, "约见": 8, "波": 8, "波方": 13, "尽快": 9, "案件": 9, "情况": 9, "领事": 18, "通报": 9, "尽早": 9, "安排": 9, "探视": 9, "依法": 13, "、": 40, "公正": 13, "妥善": 13, "案": 9, "切实": 8, "保障": 8, "当事人": 8, "合法": 8, "权益": 8, "人道主义": 8, "待遇": 8, "央视": 10, "申杨": 1, "新闻": 5, "网O": 1, "​": 10, "美国": 5, "第二": 2, "通讯社": 2, "合众": 1, "国际社": 1, "报道": 5, "引用": 1, "官员": 3, "销售": 1, "主管": 1, "毕业于": 1, "顶级": 2, "情报": 3, "学校": 1, "北京": 1, "外国语": 1, "大学": 1, "真的": 1, "感觉": 1, "一下子": 1, "高大上": 1, "身担": 1, "责任": 1, "瞬间": 1, "学": 1, "外交学": 1, "夜": 1, "之间": 1, "外国": 1, "闻风丧胆": 1, "人员": 3, "！": 6, "胖": 1, "深夜": 3, "身份": 2, "作出": 5, "新闻O": 1, "搞": 1, "半天": 1, "违法": 1, "抓": 2, "…": 1, "文化处": 1, "太": 1, "惨": 1, "不分青红皂白": 1, "骂": 1, "狗血淋头": 1, "实锤": 1, "完华": 1, "为人": 1, "通知": 1, "中情局": 1, "国务院": 2, "国家": 7, "皮奥特": 1, "有限公司": 1, "公共关系部": 1, "部长": 3, "华沙": 1, "被捕": 10, "昨天": 1, "机关": 1, "发言人": 2, "扎瑞": 1, "StanisławŻaryn": 1, "推特": 1, "CIA": 1, "FBI": 1, "在内": 1, "6": 1, "部门": 1, "高管": 1, "欧洲": 1, "大本营": 1, "观察者": 1, "网": 1, "探访": 2, "华强北": 2, "iPhone": 2, "机型": 2, "降价": 2, "超": 1, "2000": 2, "小米": 5, "卖": 3, "拍客": 1, "实地": 1, "深圳": 1, "获悉": 1, "款": 1, "500": 1, "元": 2, "不等": 1, "买": 1, "老": 1, "二手机": 1, "店员": 1, "称": 3, "新款": 1, "价格": 1, "贵": 1, "国产": 2, "柜台": 1, "都": 2, "苹果": 1, "有时候": 1, "货": 1, "L": 1, "老板": 1, "联播": 1, "秒拍": 1, "视频": 2, "O": 3, "网页": 1, "链接": 1, "见波": 1, "鄢": 2, "维民": 2, "创办人": 2, "无私": 2, "善良": 2, "正直": 2, "品质": 2, "导致": 2, "成功": 3, "深圳市": 1, "上市": 2, "协会": 1, "副会长": 1, "全球化": 1, "竞争": 2, "环境": 1, "两点": 1, "第一": 2, "客户": 2, "中心": 1, "发展": 3, "宗旨": 1, "生存": 3, "目标": 1, "内容": 1, "前提": 1, "基础": 3, "谈到": 1, "企业": 10, "经济": 2, "困难": 1, "时期": 1, "鄢维民": 1, "本身": 1, "来讲": 1, "构建": 1, "长期": 1, "永续": 2, "增长": 1, "始终": 1, "一个": 4, "主线": 1, "打拼": 1, "致力于": 1, "研发": 2, "工作": 1, "推进": 1, "O鄢维民": 1, "治理": 1, "研究": 2, "机制": 1, "做好": 2, "偏少": 2, "工信部": 1, "格力": 2, "工业": 1, "信息化": 1, "苗圩": 1, "第十": 1, "届": 1, "前瞻": 1, "论坛": 1, "制造业": 2, "近年来": 1, "涌现": 1, "一批": 2, "总体": 1, "国际": 1, "竞争力": 2, "偏": 1, "鼓励": 1, "聚焦": 1, "主业": 1, "培育": 1, "上下游": 1, "协同": 1, "核心": 1, "世界": 3, "一流": 1, "集团": 1, "李": 1, "金磊": 1, "转发": 2, "赠书": 2, "孟晚舟": 2, "详解": 1, "哲学": 2, "思想": 1, "任正非": 4, "精神": 1, "作品": 1, "苦难": 2, "英雄": 2, "正式": 1, "专家": 1, "王育琨": 2, "20年": 1, "秒": 1, "探知": 1, "灰度": 1, "预测": 1, "5G": 1, "走向": 2, "读者": 1, "呈现": 1, "历经": 1, "30年": 1, "变迁": 1, "思想史": 1, "一步步": 1, "全世界": 1, "打榜": 1, "乐读": 1, "书": 1, "随机": 1, "抽": 1, "5": 3, "17日": 1, "截止": 1, "针对": 5, "新浪": 2, "科技": 2, "涉": 4, "很多": 1, "忽略": 1, "国安局": 1, "指控": 2, "间谍": 4, "活动": 2, "开除": 1, "群": 1, "国内": 1, "黑子": 1, "高潮": 1, "冷血": 1, "卸磨杀驴": 1, "弃车": 1, "保帅": 1, "声音": 1, "希望": 1, "倒闭": 1, "做出": 2, "全文": 1, "最新": 1, "重点": 2, "PAP": 1, "公共": 1, "电视台": 1, "tvp": 1, "频道": 1, "时间": 1, "周五": 1, "公民": 3, "指": 1, "2018年": 2, "频频": 1, "安全门": 1, "指谪": 1, "五": 1, "眼": 1, "联盟": 1, "成员": 1, "纷纷": 1, "阻击": 1, "12月": 1, "27日": 1, "轮值": 1, "董事长": 2, "郭平": 1, "2019年": 1, "新年": 1, "致辞": 1, "恶性": 1, "挫折": 1, "消沉": 1, "领先": 1, "锐气": 1, "挫": 1, "勇": 1, "极端": 1, "公平": 1, "逼向": 1, "雷军": 2, "厂商": 1, "团结": 1, "枪口": 1, "抬高一尺": 1, "荣耀": 2, "怼": 2, "10日": 1, "红米": 1, "Redmi": 1, "发布会": 1, "接受": 1, "采访": 1, "都会": 1, "急": 1, "产品": 1, "死磕": 1, "回去": 1, "教": 2, "对手": 1, "性价比": 1, "手机": 1, "L军": 1, "武季": 1}