{"孟晚舟": 102, "保释": 60, "发声": 8, "回到": 7, "家人": 7, "身边": 7, "华为": 56, "祖国": 16, "为傲": 17, "！": 17, "这位": 2, "女": 1, "企业家": 1, "沉着": 1, "、": 34, "冷静": 1, "值得": 2, "敬重": 1, ".....": 1, "​": 10, "广告": 1, "怦然心动": 1, "背后": 2, "都": 7, "苦难": 1, "罗曼罗兰": 1, "后发": 5, "朋友圈": 11, "加拿大": 54, "外交官": 11, "康明凯": 2, "中国": 16, "拘#": 5, "首次": 9, "：": 28, "骄傲": 4, "当地": 8, "时间": 8, "11日": 12, "当晚": 3, "走出": 2, "法庭": 10, "发": 4, "这是": 3, "事发": 2, "全文": 2, "温哥华": 10, "谢谢": 4, "关心": 4, "CFO": 13, "离开": 4, "法院": 7, "获准": 6, "露面": 1, "不列颠哥伦比亚": 4, "高等": 4, "听证": 3, "听证会": 8, "结束": 9, "安保": 2, "公司": 3, "狮门": 2, "LionsGate": 1, "行政": 1, "总裁": 1, "法勒": 1, "Scot": 1, "Filer": 1, "簇拥": 1, "环球": 9, "新闻网": 6, "外媒": 1, "发布": 1, "视频": 9, "显示": 2, "全程": 1, "拒绝": 1, "回答": 1, "记者": 6, "一行人": 1, "登上": 1, "黑色": 1, "休旅车": 1, "离去": 1, "丈夫": 5, "刘": 2, "晓棕": 1, "未": 3, "同行": 1, "期待": 6, "美国": 42, "政府": 12, "公正": 10, "事件": 16, "女士": 18, "近期": 5, "当局": 8, "代表": 5, "暂时": 5, "扣留": 6, "做出": 5, "判决": 5, "同意": 7, "法律": 17, "体系": 5, "后续": 4, "给出": 5, "结论": 5, "遵守": 5, "业务": 4, "所在国": 4, "法规": 8, "包括": 8, "联合国": 4, "欧盟": 4, "出口": 4, "管制": 4, "制裁": 4, "经历": 2, "3": 4, "准许": 3, "发文": 1, "称": 7, "O直击": 1, "|": 1, "傲​": 1, "特朗普": 17, "干预": 12, "案件": 2, "外交部": 2, "回应": 11, "日前": 2, "总统": 1, "媒体": 4, "有利于": 13, "国家": 10, "达成": 3, "华": 3, "贸易": 6, "协定": 6, "司法": 2, "部门": 2, "针对": 7, "高管": 5, "12日": 1, "例行": 1, "记者会": 1, "询问": 1, "中方": 2, "此举": 1, "对此": 4, "发言人": 2, "陆慷": 1, "美方": 2, "人士": 4, "立场": 1, "领导人": 1, "高层": 1, "作出": 1, "努力": 1, "推动": 1, "事情": 1, "正确": 1, "方向": 1, "解决": 1, "时报": 3, "被捕": 6, "下午": 1, "3点多": 1, "法官": 8, "声明": 4, "逮捕": 8, "孟": 10, "基于": 3, "尚未": 2, "正式": 2, "提出": 6, "引渡": 6, "期限": 2, "60": 2, "地方": 3, "刑事犯罪": 3, "记录": 4, "健康": 2, "加上": 2, "本人": 3, "居住": 2, "诸多": 2, "情况": 3, "央视": 2, "张森": 1, "加媒": 1, "公布": 2, "保释金": 7, "来源": 2, "前华": 1, "员工": 3, "提供": 1, "50万": 2, "加元": 13, "房产": 5, "担保": 1, "GlobalNews": 1, "名": 2, "社交": 1, "1000万": 6, "700万": 6, "现金": 6, "邻居": 1, "瑜伽": 1, "教练": 1, "5万": 1, "85万": 1, "经纪人": 1, "180万": 1, "负责": 1, "期间": 1, "CEO": 2, "1000": 2, "擦泪": 6, "微笑": 8, "中华": 2, "有为": 2, "沦为": 1, "博弈": 2, "女人": 1, "很": 8, "心疼": 1, "无奈": 1, "出于": 1, "责任": 1, "必定": 1, "女儿": 3, "妻子": 1, "母亲": 1, "政治": 1, "缺": 1, "牺牲品": 1, "马航": 1, "谜": 1, "教授": 1, "自杀": 1, "去世": 1, "……": 1, "一个个": 1, "蒙上": 1, "遮羞布": 1, "真实": 1, "不堪": 1, "血腥": 1, "暴力": 1, "残忍": 1, "更尔虞我诈": 1, "勾心斗角": 1, "纵观": 1, "这几天": 1, "心中": 1, "感度": 1, "直线": 1, "感觉": 1, "民族感": 1, "大局观": 1, "消息": 1, "传出": 1, "不卑不亢": 1, "国人": 2, "一针": 1, "镇定剂": 1, "世界": 2, "态度": 3, "成功": 1, "第二": 3, "巾帼": 1, "须眉": 1, "气质": 1, "长": 2, "温婉": 1, "大气": 1, "家世": 1, "能力": 1, "出色": 1, "还要": 1, "攻读": 1, "博士": 1, "中国人": 3, "支持": 2, "国产": 2, "封": 2, ".": 3, "杀": 1, "第10": 1, "11": 1, "国": 1, "网络": 1, "瘫": 1, "痪": 1, "表态": 10, "肯定": 7, "报道": 4, "周二": 3, "司法部": 3, "有助于": 2, "北京": 3, "出面": 2, "此事": 2, "当日": 2, "白宫": 2, "接受": 2, "路透社": 3, "采访": 2, "拘押": 4, "达成史": 3, "文章": 4, "控": 2, "欺诈": 2, "罪": 2, "指": 3, "稍早前": 2, "第三": 5, "条件": 4, "支付": 3, "(": 3, ")": 3, "L环": 2, "秒拍": 5, "头条": 1, "快讯": 1, "环球网": 2, "影响": 1, "目的": 1, "打击": 1, "遏制": 1, "5G": 2, "技术": 2, "崛起": 1, "做法": 1, "可耻": 1, "典型": 1, "保护主义": 1, "行径": 1, "莆田": 1, "天下": 1, "听说": 1, "来劲": 1, "马修·李": 1, "国务院": 1, "副发言人": 3, "深表": 1, "关切": 1, "敦促": 2, "停止": 2, "马修": 3, "·": 3, "李": 3, "敦": 1, "装作": 1, "听": 1, "懂": 1, "不行": 1, "答非所问": 1, "正当": 1, "理由": 1, "副": 1, "…": 1, "别人": 1, "L微": 1, "丢": 1, "真相": 2, "三": 6, "护照": 11, "到底": 1, "公开": 1, "香港": 2, "特区": 2, "照片": 1, "领取": 1, "第一": 4, "结婚": 1, "习俗": 1, "冠夫": 1, "姓": 1, "获发": 2, "刘孟": 1, "纪录": 1, "名字": 1, "不符": 1, "导致": 1, "工作": 1, "出入境": 1, "不便": 1, "申请": 1, "改名": 1, "再次": 1, "有效期": 1, "2021年": 2, "10月": 2, "18日": 2, "备注": 1, "页": 1, "入境处": 1, "注明": 1, "补发": 1, "第XXX": 1, "XXX号": 1, "日期": 1, "当中": 1, "剪角": 1, "完整": 1, "O": 2, "獲": 1, "保釋": 1, "｜": 1, "「": 1, "護照": 1, "」": 1, "浮出": 1, "公文": 1, "汇": 1, "#1": 1, "上午": 2, "10时": 2, "最终": 1, "；": 3, "12月": 1, "6日": 1, "转机": 1, "官方": 3, "分析师": 2, "美": 1, "科技": 1, "领域": 2, "竞争": 3, "长期": 1, "持续": 1, "倒逼": 1, "加大": 1, "芯片": 2, "基础": 1, "软件": 1, "核心": 1, "投入": 1, "力度": 1, "利好": 1, "产业": 1, "发展": 1, "1": 1, "发现": 1, "国际": 3, "社会": 1, "一个": 6, "头号": 1, "沙雕": 2, "重点": 1, "反制": 1, "停": 1, "付出": 1, "沉重": 1, "代价": 1, "犯罪": 1, "侮辱": 1, "刻骨铭心": 1, "痛彻心扉": 1, "感到": 1, "多么": 1, "4": 1, "宜": 1, "剩勇": 1, "追": 2, "穷寇": 1, "沽": 1, "名学": 1, "霸王": 1, "件": 2, "妥协": 1, "欺负": 1, "上门": 1, "打到": 2, "连动": 1, "念头": 1, "想": 2, "5": 1, "惹事": 1, "绝不": 1, "穷": 1, "骨头": 1, "cfo": 2, "#6": 1, "侵犯": 2, "人权": 2, "无罪": 1, "7": 2, "角度": 1, "暴露": 1, "很多": 1, "国内": 2, "跪舔": 1, "党": 1, "吃": 1, "太": 2, "难看": 1, "恶心": 1, "之内": 1, "合适": 1, "担保人": 1, "@": 2, "释放": 1, "喊出": 1, "​​": 2, "身后": 1, "恢复": 1, "自由": 1, "L": 1, "新闻": 1, "酷燃": 1, "刚刚": 1, "画面": 1, "看起来": 1, "精神": 1, "状态": 1, "平和": 1, "优雅": 1, "镇定": 1, "自若": 1, "赢": 1, "🇨🇳": 1, "加油": 2, "L军人": 1, "指使": 1, "任正非": 2, "终于": 1, "听众席": 1, "响起": 1, "热烈": 1, "掌声": 1, "擦拭": 2, "眼泪": 2, "露出": 1, "不得不": 1, "16": 1, "项": 1, "定期": 1, "汇报": 1, "行踪": 1, "上交": 1, "......": 1, "新媒体": 1, "危机": 2, "组织": 4, "InternationalCrisisGroup": 1, "东北亚": 1, "高级": 1, "顾问": 1, "MichaelKovrig": 2, "近日": 1, "拘留": 2, "普通话": 1, "批评": 1, "强硬": 2, "政策": 2, "网友": 1, "回忆": 1, "君": 1, "2010年": 1, "洪": 1, "博培": 1, "王府井": 1, "路过": 1, "2015年": 1, "动物": 1, "保护": 1, "玉林": 1, "散步": 1, "危害": 1, "间谍": 1, "好好": 1, "查查": 1, "冤枉": 1, "好人": 1, "放过": 1, "坏人": 1, "毕竟": 1, "法治": 1, "就事论事": 1, "请": 1, "自动": 1, "关联": 1, "辣叶": 1, "记事": 1, "跨国": 1, "抓人": 1, "失望": 1, "先入为主": 1, "错": 1, "独立": 1, "乱": 1, "抓": 1, "反思": 1, "希望": 1, "借助": 1, "台湾": 1, "同胞": 1, "口": 1, "L超级": 1, "学爸": 1, "美加": 1, "大陆": 2, "柯夫瑞吉": 3, "传遭": 2, "尽力": 1, "下落": 1, "暂": 1, "相关": 1, "创办人": 1, "加国": 1, "引发": 1, "中加": 1, "外交": 1, "风波": 1, "敏感": 2, "时刻": 1, "扣押": 1, "挑动": 1, "神经": 1, "中兴": 4, "禁": 1, "卡": 1, "脖子": 1, "立刻": 1, "下发": 1, "条": 1, "指令": 1, "法务部": 1, "和解": 1, "凡是": 1, "知识": 1, "产权": 1, "互诉": 1, "取消": 1, "合作": 1, "加速": 1, "研发": 1, "语重心长": 1, "写": 1, "告诉": 1, "华为人": 1, "趁火打劫": 1, "落井下石": 1, "不许": 1, "挖": 1, "墙角": 1, "抢": 1, "对方": 1, "客户": 1, "市场": 1, "对手": 1, "国门": 1, "敌人": 1, "战友": 1, "——": 1, "格局": 1}