{"华为": 82, "P30": 13, "+": 4, "网红": 1, "料理": 1, "锅": 1, "送": 9, "！": 26, "赞": 1, "条": 2, "关注": 3, "@": 23, "馋音仙子": 1, "价值": 3, "5000": 1, "周日": 1, "开[": 1, "米奇": 1, "比心": 1, "​​": 2, "五一": 5, "放肆": 1, "嗨": 2, "加班": 1, "年假": 1, "回来": 1, "忧": 1, "精英网": 2, "专供": 1, "年薪": 7, "10万+": 1, "高薪": 1, "职位": 1, "无忧": 1, "转发": 1, "本条": 1, "1": 2, "好友": 4, "5月": 4, "7日": 1, "抽奖": 4, "平台": 4, "抽": 6, "3": 1, "精英": 1, "M5": 1, "平板": 2, "电脑": 2, "台": 3, "​": 14, "想": 7, "员工": 25, "平均": 6, "60万": 6, "近日": 4, "董事会": 5, "首席": 5, "秘书": 5, "江西生": 4, "9万多": 4, "工会": 4, "持有": 8, "公司": 14, "股份": 4, "100%": 4, "外部": 4, "政府": 4, "或者是": 4, "机构": 4, "一分钱": 4, "资本": 4, "都": 13, "掏钱": 4, "进来": 4, "治理": 3, "任正非": 4, "否决权": 4, "决定权": 4, "羡慕": 3, "年报": 3, "显示": 4, "元": 6, "持股": 4, "半": 3, "9.7万": 3, "L老板": 2, "联播": 3, "秒拍": 7, "视频": 14, "每张": 3, "照片": 9, "时光": 3, "定格": 3, "舍不得": 3, "删除": 3, "回忆": 3, "化作": 3, "岁月": 3, "经典": 4, "热爱": 3, "专业": 4, "快": 3, "拿起": 3, "手机": 31, "记录": 4, "行走": 3, "眼界": 3, "P30/P30Pro": 3, "未来": 5, "影像": 3, "摄影": 8, "大赛": 3, "热力": 3, "来袭": 3, "现面": 3, "宇宙": 3, "征集": 3, "创意": 3, "跌破": 3, "眼镜": 3, "P30Pro": 15, "赢": 3, "中国": 6, "俱乐部": 3, "转评": 5, "名": 5, "10日": 3, "终端": 5, "官方": 5, "卖萌": 1, "(": 1, "๑•.•๑": 1, ")": 1, "分享": 1, "Pro长": 1, "焦": 1, "发现": 1, "可爱": 1, "~​": 1, "魔术": 2, "时间": 2, "打开": 1, "系列": 5, "双景": 3, "录像": 3, "全景": 2, "特写": 2, "不错": 1, "精彩": 3, "玩法": 2, "拍": 3, "小编": 1, "粉丝": 1, "HUAWEIP": 1, "30": 1, "Pro8GB": 1, "256GB": 1, "天空": 1, "境": 1, "优购码": 1, "噢": 1, "~": 2, "L华": 3, "百分之百": 1, "老板": 2, "联播L": 1, "2018年": 7, "研发": 12, "破": 3, "千亿": 3, "增速": 3, "超": 3, "苹果": 4, "、": 22, "三星": 8, "支出": 2, "人民币": 1, "2014年": 1, "投入": 5, "增长": 3, "149%": 1, "全球": 5, "投资": 4, "企业": 2, "亚马逊": 2, "超越": 4, "速度": 2, "增幅": 1, "210%": 1, "微软": 1, "同期": 1, "均": 3, "不及": 1, "总量": 2, "无线": 1, "技术": 4, "排行榜": 1, "排名": 2, "第四": 1, "谷歌": 1, "母公司": 1, "Alphabet": 2, "288亿": 1, "美元": 6, "214亿": 1, "167亿": 1, "分列": 1, "三": 3, "占比": 3, "预算": 1, "占": 2, "收入": 1, "14%": 1, "位列": 1, "第二": 1, "仅次于": 1, "去年": 1, "榜单": 3, "50": 3, "唯一": 1, "一家": 2, "上榜": 1, "O华": 2, "喜欢": 1, "礼物": 1, "随手": 3, "粉": 2, "新加坡": 1, "电影院": 1, "刚刚": 1, "看完": 1, "复仇者": 1, "联盟": 1, "4": 2, "：": 13, "终局": 1, "很": 1, "片尾": 1, "演职员": 1, "名单": 1, "漫威": 1, "电影": 1, "一贯": 1, "彩蛋": 1, "终于": 2, "演员": 1, "画面": 1, "一个": 5, "月亮": 2, "神秘人": 1, "拉拽": 1, "难道": 1, "英雄": 1, "反派": 1, "——": 1, "秒": 1, "观众": 1, "明白": 1, "广告": 1, "L极": 1, "游组": 1, "昨发": 1, "信号": 1, "骂": 1, "海军": 1, "特么": 1, "扯淡": 1, "买": 4, "爱国": 1, "媳妇": 1, "颜值": 1, "/": 4, "拍照": 2, "轻便": 1, "为啥": 1, "穷": 1, "找到": 1, "铃声": 1, "歌": 1, "简直": 1, "太": 1, "完美": 1, "L": 1, "音乐": 1, "真的": 1, "iPhone": 1, "美​": 1, "旅行": 2, "偶遇": 1, "街头": 1, "功能": 1, "假期": 3, "旅途": 1, "瞬间": 1, "错过": 1, "戳": 1, "产业链": 7, "迎来": 5, "历史性": 3, "机遇": 4, "通信": 1, "设备": 1, "预计": 5, "运营商": 2, "业务": 3, "总体": 2, "营收": 5, "平稳": 1, "500亿": 4, "水平": 3, "；": 7, "半导体": 1, "安防": 2, "领域": 2, "海思": 2, "占有": 1, "50%": 2, "市场": 3, "份额": 1, "智能": 2, "增长点": 1, "AI": 1, "5G": 2, "机顶盒": 1, "芯片": 1, "消费": 1, "电子": 1, "2018": 1, "出货": 1, "2.06亿": 1, "电视": 1, "AR眼镜": 1, "值得": 1, "期待": 1, "服务": 1, "2023年": 1, "100亿": 1, "车联网": 2, "有望": 2, "填补": 1, "国内": 2, "空白": 1, "类似": 1, "博世": 1, "大陆": 1, "世界级": 1, "Tier1": 1, "供应商": 1, "面向": 1, "70%": 1, "增量": 1, "风光": 1, "无限": 1, "美好": 1, "历史": 1, "国金": 1, "证券": 1, "陆行": 1, "发布": 4, "2019年": 1, "4月": 1, "28日": 1, "O网页": 1, "链接": 1, "姐姐": 1, "手表": 1, "牌子": 1, "想起": 1, "华为p30": 1, "倍": 6, "🐂": 1, "搭配": 1, "关键": 2, "词🔍": 1, "长发": 1, "白色": 2, "长袖": 1, "连衣裙": 1, "皮鞋": 1, "GalaxyS105G": 3, "登顶": 2, "DxOMark": 5, "榜首": 2, "此前": 1, "GalaxyS10": 1, "后置": 2, "摄": 1, "109": 1, "前置": 2, "双摄": 1, "96": 1, "总分": 2, "205": 1, "跃居": 1, "冠军": 1, "宝座": 1, "最新": 2, "版本": 1, "拍摄": 4, "112分": 1, "提升": 3, "97": 1, "领先于": 1, "高达": 1, "209分": 1, "再度": 1, "刷新": 1, "纪录": 1, "名副其实": 1, "王者": 1, "..O": 1, "黄金": 1, "投资机": 1, "遇期": 1, "2025年": 1, "3000亿": 1, "美金": 1, "供应链": 2, "提供": 1, "足够": 1, "成长": 1, "空间": 1, "结构": 1, "封闭": 1, "占据": 1, "主导": 1, "地位": 1, "传统": 1, "下滑": 1, "20%": 1, "依赖": 1, "合作": 2, "伙伴": 2, "创": 1, "云计算": 1, "持续": 1, "生态": 1, "态度": 1, "发生": 1, "变化": 1, "采购": 4, "战略": 2, "价格": 1, "转型": 1, "O": 2, "深度": 1, "麒麟": 2, "985": 2, "处理器": 2, "消息": 1, "第三": 1, "季度": 1, "采用": 1, "7纳米": 1, "工艺": 1, "主频": 1, "进一步": 1, "提高": 3, "性能": 1, "10~20%": 1, "Mate30": 1, "首发": 1, "蘑菇": 1, "NKU": 1, "巴黎": 2, "时尚": 1, "旅": 1, "VLOG": 1, "漫步": 1, "香榭丽舍": 1, "大街": 1, "感受": 1, "浪漫": 1, "处处": 1, "动人": 1, "细节": 1, "精致": 1, "美照": 1, "美景": 1, "请": 1, "眼神": 1, "锁定": 1, "天际": 1, "通APP": 1, "海外": 1, "出游": 1, "省心": 1, "省力": 1, "": 1, "柯洁": 1, "杯": 1, "围甲": 1, "联赛": 1, "今日": 1, "图集": 1, "①": 1, "TA": 1, "晚安": 1, "放": 1, "四": 3, "节前": 1, "节后": 1, "周末": 1, "补班": 1, "emmm": 1, "心情": 1, "......": 1, "粉粉们": 1, "玩耍": 1, "才能": 1, "显得": 1, "来去": 1, "匆匆": 1, "聊聊": 1, "小云": 1, "随机": 1, "送出": 1, "耳机": 1, "50亿": 1, "市值": 3, "涨到": 1, "5000亿": 1, "难": 1, "青天": 1, "收藏": 1, "10": 3, "牛股": 1, "摇篮": 1, "江西": 2, "生详": 2, "解华": 2, "股权": 2, "机制": 2, "详情": 1, "身边": 1, "美女们": 1, "隐私": 4, "夸张": 1, "望远镜": 1, "早就": 1, "科技": 2, "造福": 1, "民": 1, "近期": 1, "梗": 1, "社交": 2, "网络": 2, "流传": 1, "超级": 2, "变焦": 6, "曝光": 1, "偷拍": 6, "迭出": 1, "随时随地": 1, "超远": 1, "距离": 1, "手持": 1, "众多": 1, "用户": 3, "担忧": 1, "风险": 2, "旗舰": 1, "机型": 1, "配备": 1, "枚": 3, "摄像头": 2, "4000万": 1, "像素": 3, "感光": 1, "镜头": 5, "2000万": 1, "广角": 1, "800万": 1, "潜望式": 1, "长焦": 2, "TOF": 1, "拍出": 1, "高清": 1, "优": 1, "夜景": 1, "微距": 1, "人像": 1, "效果": 1, "突破性": 1, "地方": 1, "在于": 1, "5": 1, "光学": 1, "混合": 1, "数码": 2, "记者": 1, "询问": 1, "担心": 1, "有人": 1, "爱": 2, "偷窥": 1, "办法": 1, "大数据": 1, "时代": 1, "忽略": 1, "女性": 1, "小白": 1, "生活": 1, "萌妹子": 1, "安琪": 1, "注重": 1, "本身": 1, "错": 1, "监管": 1, "情况": 1, "厂商": 1, "拓展": 1, "边界": 1, "无可厚非": 1, "Kevin": 1, "指出": 1, "确实": 1, "考验": 2, "并非": 1, "款": 1, "带来": 1, "相机": 1, "由来已久": 2, "三里屯": 1, "老": 1, "法师": 1, "美女": 1, "人类": 1, "网友们": 1, "新闻": 1, "来源": 1, "21": 1, "世纪": 1, "商业": 1, "评论": 1, "鲸": 1, "体量": 1, "BAT之": 1, "截止到": 1, "7212亿": 1, "同比": 1, "19.5%": 1, "超过": 1, "BAT三": 1, "6652.4亿": 1, "总和": 1, "稳": 1, "坐": 1, "龙头": 1}