{"任正非": 14, "有意": 4, "出售": 4, "华为": 87, "5G": 42, "技术": 22, "：": 20, "付费": 1, "永久": 3, "想要": 1, "制造": 2, "对手": 4, "9月": 9, "12日": 4, "英国": 4, "经济学人": 3, "报道": 2, "称": 5, "西方": 2, "公司": 22, "目的": 2, "一个": 9, "行业": 1, "竞争": 3, "支付": 2, "一次性": 3, "费用": 2, "现有": 2, "专利": 2, "、": 30, "许可证": 2, "代码": 2, "蓝图": 2, "生产": 2, "诀窍": 2, "分析": 1, "企业": 10, "联合": 1, "购买": 1, "情况": 1, "价值": 1, "数百亿": 1, "美元": 3, "L": 2, "老板": 1, "联播": 3, "视频": 12, "Mate30": 3, "一触即发": 2, "激活": 1, "能量": 1, "！": 6, "Rethinkpossibilities": 2, "L余": 1, "承东": 1, "​": 16, "三": 2, "发债": 19, "融资": 16, "钱": 12, "到底": 4, "缺": 9, "境内": 8, "近日": 2, "资本": 4, "市场": 11, "动作": 1, "业内": 1, "沸腾": 1, "11日": 3, "提交": 2, "文件": 2, "首次": 4, "发行": 2, "公募": 1, "债券": 5, "向来": 1, "现金": 8, "充沛": 1, "海外": 1, "关注": 4, "焦点": 1, "简单": 1, "方式": 1, "举措": 1, "渠道": 3, "布局": 3, "大众": 1, "架构": 1, "股权": 1, "结构": 2, "资金": 9, "状况": 1, "透露": 3, "讯息": 1, "背后": 1, "原因": 1, "未来": 5, "数据": 4, "看一看": 1, "端倪": 1, "O三": 1, "10日": 1, "创始人": 3, "兼": 1, "CEO": 1, "接受": 4, "杂志": 1, "采访": 6, "塑造": 1, "每日": 2, "经济": 2, "新闻": 2, "记者": 2, "证实": 1, "内容": 3, "真实性": 1, "中文": 1, "版本": 1, "提供": 1, "买家": 1, "O": 3, "石破天惊": 1, "大胆": 1, "想法": 1, "华为p30": 1, "赏月": 1, "赞": 2, "超": 1, "3千": 1, "一会": 1, "送": 1, "台": 11, "组里": 1, "热议": 1, "块": 1, "月饼": 1, "苹果": 11, "8p": 1, "华为p30p": 1, "未": 1, "修": 1, "原图": 1, "喜欢": 2, "效果": 2, "拍照": 1, "左手": 2, "右手": 3, "A": 1, "I": 1, "产业链": 6, "解析": 2, "鲲鹏": 2, "展翅": 2, "鸿蒙": 2, "初辟": 2, "时代": 2, "到来": 2, "顶尖": 2, "科技": 12, "持续": 4, "发力": 2, "自主": 2, "可控": 2, "构建": 2, "生态": 4, "体系": 2, "周期": 2, "引领者": 2, "领域": 2, "先行者": 2, "全球": 3, "智能": 4, "手机": 17, "巨头": 2, "创新": 2, "驱动": 2, "供应链": 2, "上千": 2, "螺旋": 2, "演化": 2, "成长": 2, "券商": 1, "直言": 1, "迎来": 1, "黄金": 1, "投资": 3, "机遇": 1, "期": 3, "O左手": 1, "AI": 3, "全解": 1, "析L": 1, "新浪": 1, "财经": 1, "在外": 1, "打拼": 1, "家人": 1, "吃": 2, "中秋节": 1, "团圆饭": 1, "月圆": 1, "之际": 1, "亲人": 1, "相隔": 1, "千山万水": 1, "P30": 2, "拉近": 1, "距离": 1, "赏": 1, "中秋": 2, "团圆夜": 1, "L手机": 1, "中国": 25, "秒拍": 3, "托马斯·弗里德曼": 2, "美国": 16, "政府": 2, "研究": 2, "提议": 2, "纽约": 3, "时报": 3, "专栏": 2, "作家": 1, "邀请": 1, "深圳": 1, "总部": 1, "弗里德曼": 4, "发表": 1, "拥有": 3, "结束": 1, "特朗普": 1, "战争": 1, "计划": 1, "文章": 1, "介绍": 1, "这次": 2, "‘": 1, "真诚": 2, "接洽": 1, "承诺": 1, "改变": 2, "理性": 1, "态度": 2, "对话": 1, "开放": 1, "琐事": 1, "试图": 1, "摧毁": 1, "做错": 1, "事情": 1, "讨论": 5, "找到": 1, "解决": 3, "办法": 1, "想": 1, "做法": 2, "’": 1, "O托马斯·弗里德曼": 1, "7000亿": 1, "核心": 2, "公开": 1, "孟晚舟": 2, "亲笔": 1, "签名": 1, "这几天": 1, "拟": 1, "共计": 4, "募集": 2, "60亿": 2, "元": 8, "紧张": 1, "才": 3, "发": 2, "披露": 1, "财报": 1, "字": 1, "合并": 1, "资产": 9, "负债": 2, "表看": 1, "截至": 2, "2019年": 4, "6月": 1, "30日": 1, "货币": 1, "2497.31亿": 1, "流动": 1, "5830.79亿": 1, "都": 4, "家底": 1, "丰厚": 1, "加大": 1, "研发": 1, "投入": 1, "未雨绸缪": 2, "备货": 2, "应对": 2, "贸易": 2, "制裁": 1, "影响": 1, "半年报": 1, "经营性": 1, "现金流": 3, "净额": 1, "54.48亿": 1, "相比": 2, "上半年": 4, "净利润": 1, "349.04亿": 1, "差距": 1, "用于": 2, "补充": 2, "理解": 2, "保证": 3, "手里": 1, "充足": 1, "业务": 2, "顺畅": 1, "运转": 1, "程度": 2, "接下来": 1, "交付": 1, "此次": 1, "国内": 3, "接触": 1, "快速": 1, "发展": 1, "容量": 1, "第二": 1, "美": 4, "摩擦": 1, "处于": 1, "纷争": 1, "优化": 1, "整体": 3, "不确定性": 1, "忽视": 1, "当下": 1, "展示": 4, "经营": 2, "成果": 1, "秀肌肉": 1, "作用": 1, "重压": 1, "之下": 1, "业绩": 9, "依旧": 1, "很": 3, "库存": 1, "去年": 1, "年底": 1, "增加": 1, "419亿": 1, "化解": 1, "总量": 1, "担忧": 1, "综合": 2, "实力": 4, "证明": 1, "被捕": 1, "画面": 1, "公布": 1, "终端": 13, "采购": 10, "25万": 6, "产品": 8, "招标网": 2, "获悉": 2, "通信": 8, "集团": 3, "有限": 4, "发布": 3, "信息": 2, "公告": 2, "显示": 2, "CPEpro": 2, "20万": 2, "Mate20X5G": 2, "版": 2, "5万": 2, "@": 2, "证券": 1, "报O": 1, "粉孙异性": 1, "👇👇": 1, "👇": 1, "1.": 1, "抵制": 1, "黄牛": 2, "/": 6, ".": 2, "爱国🌟": 1, "代言": 3, "三星": 3, "撕华": 1, "3": 2, "重版权": 1, "意识": 1, "演唱会": 1, "海报": 1, "疑似": 1, "上车": 1, "补票": 1, "4.": 1, "肯德基": 1, "麦当劳": 1, "抢票": 1, "5.": 1, "艹": 1, "努力": 1, "演戏": 1, "抠图": 1, "唱": 1, "来源于": 2, "豆瓣​": 1, "司法部": 3, "展开": 3, "设限": 3, "心声": 1, "社区": 1, "经济学家": 1, "托马斯．弗里德曼": 1, "话题": 1, "诚意": 2, "主动": 1, "找": 1, "沟通": 1, "无理": 1, "谈": 1, "抓住": 1, "微末": 1, "细节": 1, "想置": 1, "华为于死地": 1, "带": 2, "做出": 1, "方案": 1, "这是": 1, "网友": 1, "画": 1, "高通": 2, "联发科": 1, "英特尔": 2, "处理器": 1, "性能": 1, "诠释图": 1, "形象": 1, "贸易战": 2, "视角": 1, "错": 1, "根源": 1, "剪": 3, "羊毛": 4, "反而": 1, "跟着": 1, "买卖": 1, "公平": 1, "能力": 1, "独立自主": 1, "类似": 1, "高科技": 1, "都会": 1, "打压": 1, "对象": 1, "究竟": 2, "中秋月": 1, "圆～": 1, "拍": 1, "兔子": 1, "祝": 1, "节日": 1, "快乐": 1, "月圆人": 1, "团圆[": 1, "米奇": 1, "比心": 1, "外媒": 2, "iPhone11": 4, "落后": 2, "小米": 4, "抢先": 2, "彭博社": 2, "消息": 2, "新款": 2, "系列": 4, "推出": 4, "支持": 2, "分析师": 2, "预测": 2, "提升": 2, "需求": 5, "2020年": 2, "下半年": 3, "地位": 4, "困难": 2, "厂商": 2, "陆续": 2, "L老板": 2, "真的": 1, "卖给": 1, "卖": 7, "500亿": 1, "美金": 4, "获取": 1, "纯": 1, "利润": 1, "至少": 1, "400亿": 1, "全世界": 1, "历史": 1, "从来": 1, "纯卖": 1, "几百亿": 1, "带物": 1, "财产": 1, "值": 1, "一千多亿": 1, "市值": 1, "诺基亚": 1, "长期": 2, "收": 2, "专利费": 1, "好像": 1, "赚钱": 3, "二十年": 1, "才能": 1, "收益": 1, "数值": 1, "微软": 1, "Windows": 1, "操作": 4, "系统": 4, "层面": 1, "算": 1, "差": 1, "垄断": 2, "CPU": 1, "道理": 1, "众多": 1, "储备": 1, "很多": 4, "项": 1, "确实": 1, "名副其实": 1, "世界": 2, "第一": 2, "vsiphoneL": 1, "台湾": 1, "傻事": 1, "还要": 2, "秀": 2, "类同": 1, "土豪": 1, "爱": 1, "巨额": 1, "信用卡": 1, "银行": 1, "中期": 1, "票据": 1, "预计": 1, "规模": 2, "300亿": 1, "控股": 2, "账上": 1, "2497亿": 1, "负债率": 1, "65%": 1, "实际上": 1, "账": 2, "不少": 1, "2000多": 1, "亿": 1, "债务": 3, "工具": 1, "数十亿": 1, "利用": 2, "利率": 1, "低": 1, "环境": 1, "杠杆率": 1, "提高": 2, "效率": 1, "本次": 1, "项目": 2, "节省": 1, "自有": 1, "久期": 1, "错配": 1, "短期": 2, "手上": 1, "持有": 1, "期限": 1, "匹配": 1, "净资产": 1, "收益率": 1, "金融": 2, "机构": 2, "关系": 1, "进一步": 2, "做好": 1, "铺垫": 1, "四": 1, "营运": 1, "常规": 1, "事件": 1, "潜在": 1, "并购": 1, "机会": 1, "五": 1, "参与": 1, "负债表": 1, "打开": 1, "合作": 1, "创造": 1, "空间": 1, "O网页": 1, "链接": 1, "朋友们": 1, "猜到": 1, "功能": 1, "L华": 2, "官方": 1, "海上": 1, "生明月": 1, "天涯": 1, "30pro": 1, "无惧": 1, "黑暗": 1, "视界": 1, "光影": 1, "不止": 1, "19日": 1, "德国": 1, "慕尼黑": 1, "见证": 1, "重构": 1, "总玩": 1, "玩": 1, "的确": 1, "买": 1, "V+": 1, "麒麟990": 1, "当今": 1, "芯片组": 1, "不服": 1, "跪": 1, "习惯": 1, "来杠": 1, "傻子": 1, "计算": 1, "存储": 1, "图像": 1, "功耗": 1, "平衡": 1, "基带": 3, "芯片": 3, "SoC": 1, "长": 1, "帅": 2, "身高": 1, "体重": 1, "皮肤": 1, "面部": 1, "毛发": 1, "表情": 1, "不行": 2, "速度": 1, "缺乏": 1, "永远": 1, "外挂": 1, "水平": 1, "O麒麟": 1, "9905G": 1, "打造": 1, "业界": 1, "GPU": 1, "环节": 1, "释放": 7, "时间": 1, "顺序": 1, "1": 1, "光纤": 1, "光缆": 1, "2017年": 1, "代表": 1, "亨通": 1, "光电": 2, "过去式": 1, "2018年": 1, "PCB": 3, "三大": 1, "PC": 1, "B": 1, "沪电": 1, "股份": 5, "深南": 1, "电路": 1, "鹏鼎": 1, "底部": 2, "翻倍": 2, "原料": 1, "供应商": 1, "生益": 1, "位置": 1, "适合": 1, "介入": 1, "基站端": 1, "天线": 2, "射频": 2, "模块": 2, "A股": 1, "通宇": 1, "卓胜微": 1, "基本面": 1, "股价": 1, "太": 1, "暂时": 1, "放弃": 1, "排序": 1, "中际": 1, "旭创": 1, "光迅": 1, "易盛": 2, "看好": 1, "中报": 1, "拐点": 1, "分为": 1, "VR": 5, "AR": 2, "明年": 2, "炒": 1, "预期": 1, "标的": 4, "立讯": 1, "精密": 2, "东山": 1, "信维": 2, "歌尔": 4, "蓝[gubar]思": 1, "[/gubar]": 1, "长信": 1, "刚刚": 1, "转势": 1, "蓝思": 1, "水晶": 1, "苏大维格": 1, "易尚": 2, "款": 1, "耳机": 1, "一部分": 1, "主营": 2, "供货": 1, "纯正": 1, "正宗": 1, "4": 1, "阶段": 1, "物联网": 3, "车联网": 2, "组模": 1, "移远": 1, "移为": 1, "乐鑫": 1, "忽略": 1, "游戏": 1, "顺网": 1, "场景": 1, "梦网": 1, "端": 1, "选标": 1, "早": 1, "不用": 1, "急": 1}