{"VLOG033": 1, "华为": 63, "P30Pro": 8, "拍到": 1, "北京": 2, "夜景": 4, "猫": 1, "眨眼": 1, "！": 19, "L迪仔Dizzz": 1, "视频": 11, "​": 19, "员工": 8, "19": 3, "自爆": 1, "年薪": 2, "200万": 4, "疑似": 2, "社交": 1, "网络": 1, "爆料": 1, "2018年": 2, "年终": 1, "奖发": 1, "91万": 2, "税前": 2, "加上": 1, "股票": 1, "TUP": 1, "、": 14, "工资": 1, "年收入": 2, "妥妥": 2, "突破": 3, "入职": 1, "7": 1, "B+": 1, "专家": 1, "岗": 1, "统计": 1, "17": 1, "100万": 1, "15": 2, "50多万": 1, "13": 1, "一半": 1, "年报": 1, "数据": 2, "平均": 2, "年底": 1, "薪水": 1, "110万": 1, "包括": 2, "公司": 3, "保险": 1, "福利": 1, "支付": 1, "低于": 1, "数字": 5, "江城": 1, "探索": 1, "未": 1, "美好": 1, "DigiX": 2, "生活节": 2, "来到": 1, "武汉": 1, "4月": 7, "26日": 1, "5月": 1, "4日": 1, "实验室": 1, "阅读·DigiX": 1, "读书会": 1, "视频·Digi": 1, "X艺": 1, "视界": 1, "轮番": 1, "上演": 1, "带来": 2, "创新": 1, "潮酷": 1, "生活": 3, "体验": 2, "嘀": 1, "立刻": 1, "小云": 1, "开启": 3, "扎实": 1, "大门": 1, "转发": 4, "+": 2, "评论": 1, "抽": 3, "送出": 2, "畅享": 2, "8": 1, "E": 1, "台": 8, "证明": 3, "成都人": 1, "打卡": 1, "成都": 6, "网红": 3, "地标": 2, "错过": 2, "近距离": 1, "欣赏": 1, "200米": 3, "巨幅": 2, "天府": 3, "幻夜图": 3, "夜游": 2, "锦江": 3, "P30": 9, "大手笔": 1, "21日": 1, "携手": 1, "文旅": 1, "发起": 1, "座": 2, "城": 2, "线下": 1, "活动": 3, "高潮": 1, "系列": 6, "镜头": 1, "记录": 2, "众多": 1, "市民": 1, "媒体": 1, "光影": 1, "长廊": 1, "见证": 1, "手机": 26, "拍摄": 4, "感受": 1, "城市": 1, "魅力": 1, "引爆": 1, "天猫": 1, "超级": 1, "品牌": 3, "老百姓": 1, "排队": 9, "买": 7, "蔡英文": 2, "机型": 2, "20日": 2, "台湾": 8, "正式": 3, "开售": 6, "台媒": 2, "报道": 3, "消费者": 2, "新机": 5, "发售": 2, "抢购": 6, "超过": 4, "3500": 4, "景象": 2, "创下": 2, "预购": 2, "人数": 2, "最多": 2, "纪录": 3, "相关": 1, "岛内": 1, "网友": 1, "点赞": 1, "有人": 2, "提到": 1, "拍照": 2, "功能": 2, "强悍": 1, "禁": 1, "热卖": 1, "L环": 2, "秒拍": 4, "O华": 1, "超": 2, "创纪录": 2, "晒": 1, "分红": 1, "：": 3, "年终奖": 1, "机创": 1, "@": 13, "环球网": 1, "#笔": 1, "评测室": 1, "今日": 1, "笔记本": 1, "点评": 1, "聊": 1, "款": 2, "屏幕": 3, "素质": 1, "很": 6, "全能": 1, "本华": 1, "MateBook": 1, "14": 2, "7-8565": 1, "U": 1, "处理器": 1, "MX2502GB": 1, "独立": 1, "显卡": 1, "8GB": 1, "内存": 1, "512GB": 1, "固态": 1, "硬盘": 1, "英寸": 1, "2160*1440": 1, "分辨率": 1, "100%": 1, "sRGB": 1, "色域": 1, "IPS": 1, "屏厚": 1, "15.9": 1, "机身": 1, "1.53": 1, "kg": 1, "适配器": 1, "200g": 1, "首发": 1, "售价": 1, "6799": 1, "元": 1, "苹果": 7, "一季度": 3, "销量": 6, "落后": 3, "三分之一": 3, "降价": 2, "下滑": 4, "iPhone": 2, "进一步": 1, "公布": 2, "研究": 1, "机构": 1, "预测": 1, "显示": 2, "第一": 5, "季度": 6, "同比": 2, "22日": 1, "发布": 2, "份": 1, "财报": 1, "出货量": 1, "5900万": 3, "史上": 1, "销售": 1, "业绩": 1, "O一": 1, "": 1, "事儿": 1, "一个": 1, "理由": 1, "新加坡": 2, "......": 2, "原创": 1, "图片": 2, "摆脱": 1, "有线": 1, "束缚": 1, "聆听": 1, "无线": 2, "自由": 1, "FreeLace": 1, "耳机": 1, "23日": 1, "00:00": 1, "​​": 2, "卡顿": 1, "虾米": 1, "不用": 2, "慌": 1, "戳图": 1, "↓": 1, "硬核": 1, "黑科技": 1, "性能": 1, "🚀": 1, "关注": 4, "转评": 1, "小E": 1, "送": 2, "粉丝": 1, "路由器": 1, "WS318": 1, "增强": 1, "版": 1, "抽奖": 3, "平台": 4, "狗狗": 2, "走失": 2, "世界": 1, "地球日": 3, "熄灯": 1, "一点": 2, "光亮": 2, "照亮": 1, "萌宠": 2, "回家": 1, "路": 1, "~": 1, "解锁": 1, "HUAWEIP": 1, "30": 2, "Pro": 2, "暗光": 2, "摄像": 1, "模式": 1, "今晚": 1, "对准": 1, "拍": 4, "L华": 3, "质疑": 3, "月亮": 5, "P图": 3, "中国": 9, "网媒": 3, "主笔": 3, "炒": 2, "推出": 1, "项": 1, "主打": 1, "高达": 1, "50": 2, "倍": 2, "变焦": 2, "声称": 1, "清晰": 1, "爱否": 1, "科技": 1, "名": 3, "上周": 1, "拍片": 1, "涉嫌": 1, "利用": 1, "Photoshop": 1, "修图": 1, "内裤": 1, "图案": 1, "修改": 1, "月球": 1, "环形": 1, "山": 1, "模样": 1, "O": 1, "抽送": 2, "荣耀": 5, "V10": 3, "绿水": 1, "青山": 1, "自然": 1, "和睦": 1, "共处": 1, "变暖": 1, "沙化": 1, "赤潮": 1, "频发": 1, "雾霾": 1, "第50": 2, "孤军奋战": 2, "阅读": 2, "科幻": 2, "文学": 2, "大赛": 2, "强势": 2, "联盟君": 1, "叫来": 1, "小伙伴们": 1, "一同": 1, "地球": 5, "发声": 2, "开发者": 3, "联盟": 3, "带": 3, "话题": 3, "执笔": 4, "写": 6, "未来": 6, "好友": 2, "眼中": 1, "29日": 3, "5G": 9, "商用": 1, "加速": 1, "落地": 1, "普通人": 1, "遥远": 1, "神秘": 1, "近在眼前": 1, "到底": 1, "改变": 1, "态度": 1, "莅临": 1, "联通": 2, "合作": 1, "伙伴": 1, "大会": 1, "展台": 1, "5": 1, "时光": 1, "速度": 2, "本条": 1, "可爱": 1, "V10一": 1, "操作": 1, "江边": 1, "泛舟": 1, "真的": 1, "惬意": 1, "无限": 1, "最新": 1, "波": 1, "美照": 1, "军事": 1, "博主": 1, "游狮城": 1, "Pro拍": 1, "滨海湾": 2, "花园": 2, "·": 1, "2019年": 4, "截止": 1, "3月底": 1, "智能": 2, "发货量": 1, "4月份": 1, "才": 2, "实在": 1, "猛": 1, "四": 1, "都": 3, "2.5亿": 1, "目标": 1, "超越": 1, "剑指": 1, "三星": 1, "挑战": 1, "全球": 3, "刚才": 1, "30pro珠": 1, "光贝": 1, "母色": 1, "领导": 2, "夸奖": 1, "路子": 1, "野": 1, "朋友": 3, "买到": 2, "竟然": 1, "贵": 1, "小米": 1, "9": 1, "抢": 1, "热度": 1, "华为p30": 1, "破": 1, "千万": 1, "轻松": 1, "感情": 1, "文章": 1, "美国": 2, "挤压": 1, "逼": 1, "放弃": 1, "低调": 1, "做法": 1, "对外": 1, "战略性": 1, "技术": 2, "国家": 1, "每次": 1, "阅兵": 1, "战略": 1, "武器": 1, "亮": 2, "亮相": 1, "道理": 1, "传递": 1, "信号": 1, "很多": 2, "先进": 1, "几万": 1, "专利": 1, "欺负": 1, "连续": 1, "六大": 1, "芯片": 2, "昇腾": 1, "麒麟": 1, "鲲鹏": 1, "天罡": 1, "巴龙": 1, "凌霄": 1, "大部份": 1, "7nm": 1, "工艺": 1, "我国": 1, "设计": 2, "水平": 1, "提升": 1, "最少": 1, "10年": 2, "西方": 1, "走到": 1, "同一起": 1, "跑线": 1, "科技界": 1, "震惊": 1, "藏": 1, "暴露": 1, "冰山一角": 1, "05年": 1, "张文林": 1, "当选": 2, "3G": 3, "PPSA": 3, "副主席": 2, "中国人": 1, "游戏": 1, "圈子": 1, "Frank": 1, "2015年": 1, "代表": 1, "主席": 3, "带领": 1, "科学家": 1, "制定": 1, "4G": 1, "/": 1, "架构": 1, "标准": 1, "总算": 1, "跨越": 2, "鸿沟": 1, "GeorgMayer": 1, "全会": 1, "再次": 1, "O祖国": 1, "我辈": 1, "扛起": 1, "妈": 1, "30pro": 1, "玩": 1, "一会": 1, "手感": 1, "流畅": 1, "很快": 1, "曲面屏": 1, "挺": 1, "满意": 2, "确实": 1, "神奇": 1, "干嘛": 1, "系统": 1, "繁复": 1, "这时候": 1, "……": 2, "开机": 1, "感到": 1, "喜欢": 1, "iPhone7": 1, "LCD屏": 1, "这两天": 1, "试试": 1, "剪": 1, "效果": 3, "宠物": 1, "不仅仅": 1, "动物": 1, "长久": 1, "陪伴": 1, "身侧": 1, "家人": 1, "戳": 1, "HUAWEI": 1, "录像": 1, "Timmy": 1, "Sam": 1, "感人": 1, "时刻": 1, "蓝天": 1, "白云": 1, "春和景明": 1, "；": 2, "过往": 1, "黄沙": 1, "黑水": 1, "环境": 1, "恶化": 1, "如今": 1, "红瓦绿树": 1, "欣欣向荣": 1, "大学生": 2, "兄妹": 1, "青春": 1, "护航": 1, "在线": 1, "1": 2, "书写": 1, "收入": 1, "1797亿": 1, "增长": 4, "39%": 1, "签订": 1, "40": 1, "5G商": 1, "合同": 1, "发货": 2, "70000": 1, "基站": 1, "打压": 2, "损失": 1, "年初": 1, "20%": 1, "事实": 1, "超出": 1, "预期": 1, "件": 1, "感谢": 1, "特朗普": 1, "影响力": 1, "发展": 1, "作用": 1, "推迟": 1, "～～​": 1, "卖": 2, "绑架": 1, "爱国": 2, "用户": 1, "情怀": 1, "最终": 1, "落实": 1, "产品": 2, "原因": 1, "同意": 1, "炮火纷飞": 1, "红海": 2, "大气磅礴": 1, "流浪": 1, "扣人心弦": 1, "剧情": 1, "前所未有": 1, "震撼": 1, "视效": 1, "记住": 1, "大片": 1, "名字": 1, "第38": 1, "届": 1, "香港": 1, "电影": 1, "金像奖": 1, "颁奖会": 1, "评委": 1, "最佳": 3, "视觉": 1, "音响": 1, "动作": 1, "殊荣": 1, "授予": 1, "该片": 1, "特效": 3, "制作": 3, "Macrograph": 1, "走": 1, "领奖台": 1, "背后": 1, "华为云": 1, "功劳": 1, "得益": 1, "云海量": 1, "算力": 1, "支撑": 1, "云渲染": 1, "得以": 1, "路上": 1, "高速": 1, "奔跑": 1}