{"投票": 1, "丨": 1, "三千": 4, "多元": 3, "5G": 21, "手机": 22, "！": 13, "心理": 2, "价位": 2, "早": 2, "6月": 2, "初": 2, "中国": 17, "联通": 2, "预测": 2, "售价": 6, "上万": 3, "元": 11, "7月": 2, "26日": 2, "华为": 50, "发售": 4, "首款": 5, "商用": 2, "市场": 7, "6199": 2, "；": 11, "8月": 7, "中兴": 2, "4999": 2, "vivo": 2, "价格": 4, "最低": 2, "拉": 2, "3798": 2, "降价": 1, "一点点": 3, "防备": 3, "业内": 3, "人士": 5, "预计": 5, "近期": 2, "苹果": 3, "发布": 6, "机型": 2, "掀起": 2, "波": 2, "换机": 3, "热": 2, "雷军": 2, "称": 8, "小米": 11, "重返": 2, "世界": 16, "三": 6, "质量": 1, "协会": 1, "40": 1, "周年": 1, "纪念": 1, "大会": 10, "演讲": 1, "年轻": 1, "超越": 2, "很": 1, "企业家": 1, "都": 5, "决心": 1, "时间": 1, "基础": 1, "机会": 3, "未来": 8, "厂商": 2, "​": 21, "商务部": 7, "：": 13, "打压": 8, "企业": 24, "最终": 5, "受损": 5, "美企": 2, "发言人": 3, "高峰": 3, "很多": 3, "领域": 3, "全球": 2, "产业链": 4, "相互": 3, "依存": 3, "关系": 3, "美国": 14, "希望": 5, "美方": 3, "本国": 1, "利益": 5, "、": 45, "供应链": 3, "出发": 1, "尽快": 5, "取消": 5, "制裁": 6, "措施": 4, "央视": 2, "记者": 2, "刘颖": 1, "每次": 1, "风景": 1, "总会": 1, "感叹": 1, "大自然": 1, "才": 1, "高明": 1, "设计师": 1, "自然界": 1, "色彩": 2, "打动": 1, "L华": 3, "终端": 2, "公司": 8, "视频": 14, "29日": 5, "2019": 11, "人工": 24, "智能": 31, "上海": 5, "拉开": 1, "帷幕": 1, "最前沿": 1, "技术": 4, "产品": 1, "理念": 1, "集体": 1, "亮相": 2, "开幕式": 4, "科技部": 3, "公布": 4, "最新": 3, "一批": 3, "国家": 5, "开放": 5, "创新": 11, "平台": 7, "名单": 4, "京东": 6, "360": 5, "入选": 6, "洗牌期": 1, "潮": 1, "6月底": 1, "明年": 1, "中旬": 1, "低于": 1, "5000": 1, "品牌": 1, "争相": 1, "最初": 1, "昂贵": 1, "据悉": 1, "集团": 1, "接下来": 1, "9月份": 1, "国内": 2, "第二": 2, "款": 1, "年初": 1, "提前": 1, "欧洲": 1, "报告": 1, "指出": 1, "2020年": 1, "出货量": 1, "突破": 1, "2亿": 1, "渗透率": 1, "有望": 1, "超过": 1, "10%": 1, "时代": 1, "到来": 1, "厂商们": 1, "迎来": 1, "一个": 4, "洗牌": 1, "L": 4, "财经": 1, "酷燃": 1, "AI": 5, "WAIC": 3, "依图": 2, "明略": 2, "科技": 6, "平安": 2, "海康": 2, "威视": 2, "旷视": 2, "@": 5, "新浪": 1, "软件": 4, "硬件": 1, "走": 3, "叠加": 2, "条": 1, "线": 1, "1": 1, "原有": 1, "逻辑": 1, "背景": 1, "诠释": 1, "中报": 1, "业绩": 1, "反馈": 1, "驱动": 1, "尤其是": 1, "通信": 1, "方向": 1, "3": 2, "合作商": 1, "金融": 1, "洗脑": 1, "终于": 1, "承认": 1, "学习": 1, "坏处": 1, "……": 1, "真的": 1, "想来": 1, "打扫": 1, "卫生": 1, "贫穷": 1, "想象": 2, "帝国": 1, "↓": 1, "研发": 1, "办公区": 1, "东莞": 1, "·": 1, "松山湖": 1, "风景区": 1, "阿华": 1, "灵魂": 1, "室内": 1, "尽兴": 1, "室外": 1, "天气": 1, "喜欢": 2, "篮球": 4, "带上": 1, "今日": 2, "正式": 3, "开售": 1, "手环": 1, "4e": 1, "精灵": 1, "专业": 1, "记录": 1, "高光": 1, "时刻": 1, "华": 1, "主题": 1, "ヾ华": 1, "全局": 1, "9.0/9.1": 1, "乐园": 1, "ヾ": 2, "内": 1, "706": 1, "微信": 1, "模块": 1, "截止": 1, "不售": 1, "勿": 1, "问ヾ": 1, "夏日": 1, "遗憾": 1, "秋风": 1, "温柔": 1, "化解": 1, ".": 1, "中企": 2, "新闻": 3, "美": 4, "国": 2, "注重": 2, "国是": 1, "直通": 1, "车​": 1, "科大": 4, "讯飞": 3, "阿里": 1, "卓越": 7, "引领者": 3, "奖": 16, "SAIL": 2, "大奖": 1, "评选": 1, "麒麟980": 2, "8107": 2, "nm": 2, "芯片": 5, "荣获": 4, "新一代": 2, "语音": 3, "翻译": 3, "关键": 4, "系统": 5, "银河": 2, "水滴": 2, "远": 3, "距离": 2, "步态": 2, "识别": 2, "阿里巴巴": 3, "基于": 2, "超大": 2, "规模": 2, "神经": 2, "网络": 2, "认知": 2, "计算": 4, "先锋": 2, "KNEWS": 1, "华为云AI": 1, "+": 2, "无所不及": 1, "闪耀": 1, "展区": 1, "位于": 1, "世博": 1, "展览馆": 1, "H2A037": 1, "莅临​": 1, "走进": 1, "P30": 2, "影像馆": 1, "艺术家": 3, "潜质": 1, "艺术": 1, "加持": 1, "帧": 1, "影片": 1, "创作": 1, "想": 4, "影像": 1, "价值": 1, "普通人": 2, "借助": 1, "系列": 1, "强大": 1, "摄影": 1, "能力": 1, "创造": 1, "表达": 1, "内心": 1, "所想": 1, "打破": 1, "界限": 1, "O网页": 1, "链接": 1, "官方": 2, "秒拍": 6, "外媒": 2, "百": 3, "申请": 5, "供货": 4, "28日": 2, "路透社": 2, "援引": 2, "消息": 2, "美国商务部": 2, "收到": 2, "130多": 2, "批准": 2, "特朗普": 3, "政府": 2, "尚未": 2, "发放": 2, "许可": 3, "报道": 2, "处于": 2, "芯片商": 2, "损失": 2, "数百亿": 2, "美元": 2, "营收": 2, "O外媒": 1, "收上": 1, "份": 2, "销售": 1, "供货L": 1, "新京报": 3, "来源": 1, "海底": 4, "蓝湛湛": 1, "海水": 1, "潜入": 2, "敲": 2, "大门": 1, "翱翔": 1, "邂逅": 1, "藏": 2, "海洋": 2, "深处": 2, "神奇": 2, "物种": 2, "WatchGT": 2, "30": 2, "米": 1, "探索": 2, "所在": 1, "~": 2, "炫": 2, "打卡": 4, "LSsisylviajean": 1, "音乐": 4, "听": 3, "打开": 1, "歌时": 1, "习惯性": 1, "方式": 3, "选择": 2, "歌曲": 2, "播放": 2, "找歌": 1, "评论": 1, "安利": 1, "习惯": 1, "汪涛": 2, "2025年": 2, "采用率": 2, "86％": 1, "产业": 2, "论坛": 1, "环节": 1, "常务": 1, "董事": 1, "第一": 1, "阶段": 2, "过渡": 1, "86%": 1, "五": 1, "发展": 2, "走入": 1, "快车道": 1, "千": 1, "百业": 1, "实体": 1, "经济": 1, "融合": 1, "势能": 1, "包括": 1, "算力": 3, "算法": 1, "算距": 1, "快": 1, "重塑": 1, "生态": 1, "加速": 1, "究竟": 1, "开学": 1, "一拍即合": 1, "假期": 1, "苏沪": 1, "全方位": 1, "这次": 1, "旅行": 1, "路线": 1, "天数": 1, "适合": 1, "亲子": 1, "游": 1, "亦": 2, "航佩": 1, "戴": 1, "儿童": 2, "手表": 2, "3Pro": 1, "出行": 1, "便利": 1, "省心": 1, "不少": 1, "推荐": 1, "家长": 1, "朋友": 1, "暑假": 1, "带": 1, "宝贝们": 1, "出游": 1, "记得": 1, "戴上": 2, "Pro#L": 1, "李": 1, "航L": 1, "YH": 1, "京": 1, "夏宾": 1, "2019WA": 1, "IC": 1, "O新": 1, "一代": 1, "国家队": 1, "爱上": 1, "大赛": 2, "奖项": 4, "揭晓": 2, "纳米": 2, "获奖": 3, "开幕": 1, "颁奖": 1, "设置": 1, "应用奖": 2, "先锋奖": 2, "4": 1, "银河水": 1, "滴": 1, "O华": 1, "IFA2019": 1, "自然": 1, "超乎": 1, "期待": 1, "颁布": 1, "四": 1, "—": 4, "麒麟": 1, "讯": 1, "飞": 1, "敲敲": 1, "搞定": 1, "电话": 1, "GentleMonster": 1, "眼镜": 1, "好用": 1, "L黄晓明": 1, "工作室": 1, "向往": 1, "圣地": 1, "图片": 1, "姐姐": 1, "海面": 1, "叩问": 1, "生命": 1, "原乡": 1, "秘密": 1, "任正非": 1, "贸易": 2, "让步": 1, "放宽": 1, "捆": 1, "对不起": 1, "老百姓": 2, "穷": 1, "穷人": 1, "钱": 1, "送给": 1, "换取": 1, "——": 1, "这才": 1, "格局": 1}