{"投票": 1, "：": 16, "哪家": 3, "地图": 19, "服务": 25, "华为": 88, "发布": 36, "8月": 7, "9日": 9, "消费者": 8, "业务": 9, "总裁": 8, "张平安": 6, "称": 8, "10月": 8, "开发者": 11, "覆盖": 13, "150": 11, "国家": 12, "40": 7, "语言": 7, "高精": 7, "定位": 7, "导航": 20, "系统": 38, "汽车": 10, "、": 23, "一二三四": 7, "车道": 7, "转换": 7, "​": 18, "变道": 3, "大会": 6, "L": 5, "老板": 3, "联播": 3, "秒拍": 6, "视频": 14, "国报": 1, "微评": 1, "鸿蒙": 62, "加油": 7, "挺": 2, "正式": 16, "多年": 1, "技术": 5, "攻关": 1, "终于": 2, "走到": 1, "高光": 1, "时刻": 3, "诚然": 1, "手机": 12, "操作": 11, "第一": 4, "占领": 1, "市场": 2, "培养": 1, "生态": 2, "很": 5, "长": 2, "路": 1, "走": 1, "件": 2, "迟早": 1, "核心": 3, "终究": 1, "才能": 4, "卡脖子": 2, "国际": 1, "科技": 3, "竞争": 1, "底气": 1, "诞生": 2, "面对": 1, "危机": 1, "代表": 1, "民族": 2, "品牌": 1, "凝聚": 1, "人心": 1, "；": 1, "某种": 1, "意义": 3, "超越": 1, "一个": 4, "中华": 1, "不畏": 1, "艰难": 1, "愈": 2, "挫": 1, "勇": 1, "象征": 1, "！": 17, "(": 1, "评论员": 1, "张周项": 1, ")": 1, "记者": 5, "体验": 5, "首款": 18, "采用": 3, "OS": 7, "终端": 15, "产品": 20, "荣耀": 26, "智慧屏": 11, "10日": 4, "下午": 4, "全球": 9, "智慧": 14, "屏": 10, "环球": 1, "时报": 1, "发布会": 3, "现场": 4, "基于": 3, "设备": 3, "协同": 1, "提供": 1, "测试": 1, "硬币": 2, "大小": 1, "nfc": 1, "贴纸": 1, "碰": 1, "画面": 2, "很快": 1, "速度": 2, "投屏": 1, "电视": 4, "日常": 1, "刷": 1, "玩": 1, "游戏": 3, "随时": 3, "内容": 1, "放大": 1, "显得": 2, "热门": 1, "手游": 1, "王者": 1, "不知": 1, "网络": 1, "原因": 1, "进一步": 1, "适配": 1, "功能": 4, "屏幕": 2, "显示": 1, "感觉": 1, "卡顿": 1, "设想": 1, "家庭": 3, "智能": 4, "控制器": 1, "物联网": 1, "利用": 1, "控制": 3, "空调": 1, "电器": 1, "灵敏": 1, "过于": 1, "嘈杂": 1, "语音": 1, "款": 3, "软件": 1, "硬件": 1, "兼容": 1, "公布": 1, "消息": 3, "合作": 1, "伙伴": 1, "包括": 1, "海信": 1, "太": 2, "格兰仕": 1, "TCL": 1, "众多": 1, "公司": 2, "赵": 1, "觉珵": 1, "@": 6, "视": 1, "频L": 1, "明星": 1, "偷税": 1, "吸毒": 1, "原谅": 1, "袁隆平": 1, "买": 1, "羞辱": 1, "这才": 1, "时代": 4, "悲哀": 1, "cr南木": 1, "大叔": 1, "亮相": 4, "官方": 2, "今日": 2, "55": 2, "英寸": 2, "三面": 1, "无边": 1, "设计": 5, "屏占": 2, "高达": 1, "94%": 2, "6.9": 1, "超窄": 1, "机身": 1, "3D": 1, "圆弧": 1, "全金属": 1, "无缝": 1, "弯折": 1, "中框": 1, "钻石": 1, "纹理": 1, "美": 1, "背": 1, "炫彩": 1, "呼吸灯": 1, "动态": 1, "屏保": 1, "极简": 1, "用户": 2, "界面": 1, "屏来": 1, "第二": 1, "14:30": 1, "搭载": 6, "对此": 2, "项": 2, "感": 2, "兴趣": 2, "天地": 3, "初开": 1, "宇宙": 3, "破幕而出": 1, "余承东": 3, "提到": 1, "美国": 13, "制裁": 1, "影响": 1, "谷歌": 1, "安卓": 8, "启用": 2, "历史": 2, "警告": 1, "世人": 1, "落后": 1, "就要": 1, "挨打": 1, "发展": 1, "强大": 5, "宽": 2, "晚安": 2, "中国": 10, "真的": 1, "期待": 3, "据说": 1, "性能": 1, "3-5": 1, "倍": 4, "支持": 1, "国货": 1, "调查": 1, "选择": 1, "2019": 1, "平时": 1, "都": 10, "系列": 1, "这是": 3, "配鸿鹄": 1, "818": 4, "芯片": 4, "伸缩": 1, "摄像头": 3, "屏开": 1, "关机": 1, "快": 2, "广告": 2, "售价": 1, "3799": 1, "元": 5, "Pro": 1, "版本": 1, "4799": 1, "吴涛": 1, "L中": 1, "颠覆": 2, "想象": 2, "——": 2, "影音": 1, "娱乐": 1, "中心": 4, "信息": 1, "共享": 1, "管理": 1, "交互": 1, "1": 1, "秒": 2, "唤醒": 1, "待机": 1, "极速": 1, "开机": 1, "放": 2, "CEO": 2, "介绍": 1, "开发": 1, "初衷": 1, "出发点": 1, "Android": 1, "iOS": 1, "全新": 1, "微内核": 1, "面向": 1, "场景": 3, "分布式": 2, "O": 3, "快讯": 1, "突破": 1, "阻挠": 2, "拉美": 2, "巴西": 5, "投": 2, "8亿": 3, "美元": 3, "建厂": 3, "花样": 1, "围追堵截": 1, "5G": 9, "步伐": 1, "未": 1, "阻碍": 1, "如今": 1, "挺进": 1, "后花园": 1, "当地": 2, "时间": 2, "路透社": 1, "报道": 2, "圣保罗州": 1, "州长": 1, "若昂•多利亚": 1, "JooDoria": 1, "计划": 1, "未来": 1, "3": 2, "年内": 1, "圣保罗": 2, "投资": 1, "兴建": 1, "座": 1, "工厂": 2, "明年": 1, "3月": 1, "首次": 2, "频谱": 1, "拍卖": 1, "spectrumauction": 1, "拥有": 2, "一家": 1, "雇佣": 1, "2000": 1, "名": 1, "员工": 1, "O不顾": 1, "赵明": 2, "东莞": 2, "海思": 3, "自研": 2, "鸿鹄": 3, "配有": 2, "AI": 2, "升降": 2, "沈显昱": 1, "央视": 2, "财经": 2, "开车": 1, "喜欢": 1, "重磅": 1, "级别": 1, "上线": 1, "精度": 1, "精准": 1, "分米级": 1, "LNBD": 1, "看好": 2, "自给自足": 1, "纯": 1, "国产": 1, "自强": 1, "火": 1, "伴": 1, "~": 1, "值得": 1, "记住": 1, "当天": 1, "自主": 1, "世界": 2, "媒体": 1, "关注": 2, "法新社": 1, "推出": 2, "拼": 1, "高下": 1, "此前": 1, "遭遇": 1, "政府": 4, "禁令": 1, "一度": 1, "面临": 1, "停用": 1, "风险": 1, "硬气": 1, "前一天": 1, "再次": 2, "出尔反尔": 1, "推迟": 1, "美企": 1, "重启": 1, "外交部": 1, "发言人": 1, "华春莹": 1, "高通": 1, "英特尔": 1, "美光": 1, "企业": 3, "许可": 1, "作出": 2, "企业界": 1, "态度": 1, "承诺": 1, "告诉": 2, "最新": 2, "解答": 2, "古代": 1, "神话": 1, "故事": 1, "抽象化身": 1, "盘古开天辟地": 1, "处于": 1, "混沌": 1, "初始": 2, "阶段": 2, "意味着": 1, "万物": 1, "尘埃": 1, "落地": 1, "到底": 1, "……": 1, "O华": 1, "刷屏": 1, "附图": 1, "昨天": 1, "动作": 1, "2019年": 1, "这时候": 1, "脑海": 1, "想起": 1, "宣传片": 1, "DreamitPossible": 1, "网页": 1, "链接": 1, "发": 1, "旗下": 1, "究竟": 1, "直播": 2, "新浪": 1, ".": 1, "思路": 2, "前瞻": 1, "通信": 1, "产业": 1, "上游": 1, "基因": 1, "布局": 1, "组合": 1, "前夜": 1, "明晰": 1, "有望": 1, "至关重要": 1, "转折点": 1, "开源": 1, "足见": 1, "勇气": 1, "决心": 1, "目标": 1, "远": 2, "PC": 1, "互联网": 1, "深化": 1, "垄断": 2, "打破": 1, "世界级": 1, "平台": 1, "高度": 1, "行业": 2, "战略": 2, "架构": 1, "微内": 1, "核": 1, "老": 1, "概念": 1, "正反两面": 1, "成功": 2, "成熟": 2, "优秀": 1, "恰当": 1, "形态": 1, "三者": 1, "苹果": 1, "从来": 1, "发明": 1, "改进": 1, "妨碍": 1, "揣测": 1, "仅仅": 1, "经验": 1, "推断": 1, "状态": 1, "千万级": 1, "亿": 1, "消费": 1, "距离": 1, "艰苦卓绝": 1, "努力": 1, "收获": 1, "成果": 1, "对比": 1, "10年": 1, "战斗力": 1, "这几年": 1, "事儿": 1, "香港": 1, "警察": 3, "钢珠": 1, "打中": 1, "各种各样": 1, "武器": 1, "警棍": 1, "护盾": 1, "重打": 1, "随便": 1, "重击": 1, "心塞": 1, "挡住": 1, "颗": 1, "外来": 1, "击打": 1, "物​": 1, "铁塔": 1, "报告": 1, "基站": 4, "典型": 1, "功耗": 2, "3500W": 1, "中兴": 1, "3255W": 1, "大唐": 1, "4940W": 1, "4G": 5, "1300W": 1, "4": 1, "面积": 2, "小于": 1, "数量": 1, "至少": 1, "叠加": 1, "耗电量": 1, "12": 1, "2018": 1, "电费": 2, "开支": 1, "245亿": 1, "升级": 1, "缴纳": 1, "2940亿": 1, "2018年": 1, "利润": 1, "1177.81亿": 1, "情况": 2, "荒唐": 1, "理论": 1, "简单": 1, "推算": 1, "大致": 1, "分钟": 1, "带": 1, "字": 1, "书画": 1, "浪潮": 1, "L翼": 1, "飞书画": 1, "1999": 1, "年末": 1, "刚": 1, "十七": 1, "岁": 1, "片子": 1, "小雷": 1, "同伴": 1, "支": 1, "乐队": 2, "铁盒子": 1, "一块": 1, "法兹": 1, "效果器": 1, "鼓手": 1, "敲": 1, "纸箱": 1, "吉他": 1, "音箱": 1, "台": 1, "夏普牌": 1, "录音机": 1, "背着": 1, "家长": 1, "躲": 1, "暖气": 1, "小屋": 1, "排练": 1, "零下": 1, "二十": 1, "度": 1, "内蒙古": 1, "不觉": 1, "寒冷": 1, "冻僵": 1, "手": 1, "依旧": 1, "按住": 1, "和弦": 1, "喜悦": 1, "塞": 1, "房间": 1, "捕获": 1, "身体": 1, "深处": 1, "声音": 2, "找到": 1, "秘密": 2, "想": 1, "分享": 1, "LFIRST": 1, "青年": 1, "电影展": 1, "彭磊": 1, "新裤子": 2}