{"投票": 2, "|": 1, "华为": 99, "顶尖": 50, "应届": 9, "学生": 38, "提供": 1, "年薪": 52, "百万": 9, "总裁": 13, "签发": 11, "电子": 10, "邮件": 15, "8": 30, "2019": 22, "届": 23, "实行": 31, "年薪制": 19, "100万": 7, "～": 8, "200万": 19, "元": 25, "不等": 7, "届生": 10, "对此": 3, "想": 3, "​": 10, "：": 19, "制#": 2, "管理": 10, "顶级": 5, "挑战": 6, "薪酬": 15, "吸引": 7, "人才": 9, "全世界": 10, "招进": 10, "20-30": 10, "名": 34, "天才": 18, "‘": 3, "少年": 15, "’": 3, "增加": 4, "调整": 4, "队伍": 4, "作战": 4, "能力": 4, "结构": 5, "@": 10, "界面": 1, "新闻": 1, "O华": 4, "睇睇": 1, "广东": 5, "质量": 1, "1": 1, "分钟": 1, "快闪": 1, "视频": 10, "带": 1, "提到": 2, "想到": 1, "早茶": 1, "、": 25, "肠粉": 1, "煲汤": 1, "云吞": 1, "全国": 4, "风靡": 1, "广货": 1, "如今": 1, "大疆": 1, "腾讯": 1, "品牌": 1, "中国": 10, "企业": 2, "威名": 1, "撒播": 1, "海外": 1, "连续": 1, "30年": 1, "GDP": 1, "第一": 5, "始终": 1, "闯": 1, "试": 1, "敢为人先": 1, "！": 20, "壮丽": 1, "70": 1, "·": 1, "奋斗": 1, "新时代": 1, "L": 3, "人民": 1, "日报": 1, "秒拍": 7, "第三方": 3, "机构": 4, "称": 4, "苹果": 9, "用户": 6, "流向": 3, "QuestMobile": 2, "报告": 2, "显示": 4, "8亿月": 2, "活跃": 2, "设备": 2, "检测": 2, "市场": 2, "忠诚度": 2, "下降": 3, "转向": 1, "安卓": 3, "阵营": 1, "选择": 9, "鸭": 1, "~": 1, "任正非": 14, "通知": 3, "博士": 15, "23日": 6, "内部": 4, "发文": 2, "公布": 2, "方案": 8, "人员": 2, "最低": 3, "89.6万": 8, "201万": 14, "人士": 2, "21": 2, "世纪": 2, "经济": 2, "报道": 2, "记者": 4, "整体": 2, "都": 15, "支持": 2, "高薪": 2, "政策": 2, "相比": 3, "此前": 7, "不少": 2, "提升": 2, "运气": 1, "很": 3, "O": 2, "当中": 2, "最新": 2, "公司": 2, "研究": 3, "台": 1, "5G": 8, "手机": 14, "尘埃落定": 1, "刚刚": 1, "首款": 2, "上市": 2, "中兴": 1, "AXON10Pro5G": 1, "天猫": 2, "新品": 1, "首发": 2, "率先": 1, "开启": 2, "预售": 1, "价格": 2, "4999": 1, "折叠屏": 1, "新机": 3, "入网": 1, "许可": 1, "首批": 1, "3C": 1, "认证": 1, "扎堆": 1, "商用": 1, "元年": 1, "厂商": 2, "扎": 2, "推首": 2, "发": 2, "买": 2, "开出": 8, "谷歌": 3, "近日": 6, "发布": 9, "入选": 7, "透露": 5, "世界": 8, "计算机": 5, "竞赛": 5, "冠军": 5, "亚军": 5, "Google": 10, "五": 5, "六": 5, "倍": 5, "工资": 7, "挖走": 5, "挖": 5, "L老板": 2, "联播": 5, "招8": 1, "招聘": 2, "top2": 2, "高达": 2, "履历": 2, "花": 3, "钱": 4, "真值": 2, "……": 2, "创始人": 1, "份": 3, "上限": 1, "下限": 1, "到底": 2, "值": 2, "查询": 1, "毕业生": 1, "钟钊": 2, "论文": 1, "摘要": 1, "发现": 1, "自动化": 4, "深度": 1, "神经": 1, "网络": 5, "搜索": 2, "算法": 1, "常规": 1, "方法": 1, "计算量": 1, "降低": 1, "千分之一": 1, "": 1, "黄景瑜": 8, "荣耀": 11, "锐": 2, "科技": 2, "大使": 2, "上午": 1, "Boss@Johnny": 1, "西安": 3, "研究所": 5, "近距离": 1, "观看": 1, "(": 2, "bian": 1, ")限": 1, ")": 1, "测试": 1, "刺激": 2, "Boss": 1, "展示": 1, "9": 4, "X": 4, "瓶盖": 1, "绝技": 1, "酸": 3, "英国": 4, "政府": 3, "禁不禁": 1, "美国": 2, "表态": 2, "22日": 1, "文化": 1, "大臣": 1, "杰里米•怀特": 1, "下议院": 1, "现如今": 1, "未来": 1, "建设": 1, "参与度": 1, "还要": 1, "更为": 1, "准确": 1, "华盛顿": 1, "错": 1, "承诺": 1, "尽快": 1, "微丢L": 1, "微丢": 1, "老板": 5, "黄": 1, "景瑜": 2, "宠粉": 2, "48": 1, "分会场": 1, "派头": 1, "护鲸团": 4, "三": 2, "字": 1, "大门店": 1, "醒目": 1, "悬挂": 1, "哪家": 2, "金主": 1, "爸爸": 1, "霸气": 1, "粉丝": 2, "待遇": 1, "专属": 1, "通道": 1, "VIP观": 1, "展区": 1, "感觉": 1, "无比": 1, "骄傲": 2, "靠山": 1, "底气": 1, "仔": 1, "Johnny": 2, "谢谢": 2, "粉丝们": 1, "场": 1, "欢聚": 1, "盛宴": 1, "做为": 1, "国货": 1, "中国人": 1, "成功": 1, "预祝": 1, "大卖": 1, "图片": 1, "图源": 1, "水印": 2, "侵删": 1, "联播L": 2, "19": 1, "导师": 4, "回应": 1, "获华": 1, "方向": 2, "热门": 1, "7月": 4, "排": 2, "中科院": 2, "分析": 1, "人工": 1, "智能": 2, "领域": 2, "好找": 1, "工作": 1, "太": 1, "宣传": 1, "新京报": 2, "发布会": 2, "面孔": 1, "用心": 1, "分享": 1, "参观": 1, "完华": 1, "过程": 1, "兢兢业业": 1, "研发": 1, "小伙伴": 1, "工程师": 1, "深表": 1, "敬佩": 1, "不懈努力": 1, "才": 1, "带给": 1, "优秀": 1, "产品": 1, "鲸鸿": 1, "后援团": 1, "照片": 1, "羡慕": 2, "合到": 1, "影": 1, "员工": 1, "常": 1, "先声": 1, "惹": 1, "聊聊": 1, "记得": 1, "毕业": 1, "月薪": 2, "201万年": 1, "薪招": 1, "排名": 3, "生钟钊": 1, "副所长": 1, "刘": 1, "成林": 1, "接受": 1, "青年报": 2, "采访": 1, "这几年": 1, "薪资": 1, "发展": 1, "快": 1, "需求": 1, "薪水": 1, "高颜": 1, "硬核": 1, "PRO新": 1, "配色": 2, "冰岛": 3, "幻境": 3, "坐实": 1, "5000": 1, "拍照": 1, "旗舰": 1, "带来": 1, "全新": 1, "版本": 2, "20PRO": 1, "此次": 1, "惊艳": 1, "采用": 1, "P30pro": 1, "天空": 1, "境": 1, "同款": 1, "工艺": 2, "前卫": 1, "设计": 1, "酝酿": 1, "行业": 1, "轮": 1, "色彩": 1, "风潮": 1, "届时": 1, "30日": 1, "平台": 1, "首销": 1, "想来": 1, "款": 1, "易烊": 2, "千玺": 2, "效应": 1, "理想": 1, "生活": 1, "夏": 1, "加速": 2, "教程": 2, "如图": 1, "打开": 2, "设置": 4, "👉": 4, "应用栏": 1, "助手": 2, "授权": 1, "登录": 1, "添加": 1, "大麦网": 1, "支付宝": 1, "型号": 1, "中心": 1, "道理": 1, "TFBOYS": 1, "千": 1, "玺": 1, "地铁": 1, "爆料": 2, "疑似": 1, "Mate30pro真机": 1, "现身": 1, "刘海": 1, "曲度": 1, "曲": 1, "面屏": 1, "来源": 1, "数据": 1, "终端": 1, "份额": 1, "2018年": 2, "6月": 3, "25.5%": 1, "2019年": 2, "23.15%": 1, "换机": 1, "46%": 1, "同期": 1, "增长": 1, "2.8": 1, "百分点": 1, "更换": 1, "新款": 1, "来自于": 1, "时期": 1, "段": 1, "机型": 1, "案例": 1, "换成": 1, "比例": 1, "均": 1, "超过": 1, "27%": 1, "O第三": 1, "500": 2, "出炉": 1, "再次": 1, "震撼": 1, "2010年": 1, "首次": 1, "第397": 1, "351": 1, "315": 1, "296": 1, "285": 1, "228": 1, "129": 1, "83": 1, "72": 1, "遭遇": 1, "依旧": 1, "61": 1, "叹为观止": 1, "这是": 1, "百": 1, "唯一": 1, "搞": 1, "金融": 1, "炒": 1, "房地产": 1, "O网页": 1, "链接": 1, "消息": 1, "企业家": 1}