{"今日": 1, "春节": 2, "祝": 3, "好运": 1, "连连": 1, "红火": 1, "整年": 1, "华为": 37, "Mate20": 3, "Pro馥": 1, "蕾红": 1, "诠释": 1, "新年": 4, "美好": 1, "意义": 4, "关注": 4, "+": 3, "带": 1, "话题": 2, "转评": 2, "红": 2, "字": 2, "谐音": 1, "祝福": 1, "成语": 1, "@": 8, "抽奖": 2, "平台": 4, "随机": 1, "抽": 3, "送": 4, "运动": 1, "心率": 1, "蓝牙": 2, "耳机": 1, "R1Pro": 1, "​": 15, "刘": 1, "谦把": 1, "杨": 1, "小姐": 2, "成叶": 1, "雷": 1, "估计": 1, "犯": 1, "刘谦": 1, "错": 2, "注意力": 1, "过于": 1, "发散": 1, "手机": 9, "当成": 1, "小米": 6, "马丽": 3, "沈腾": 1, "广告": 3, "合作": 1, "很": 10, "倒": 1, "真的": 1, "有意": 1, "植入": 1, "演员": 1, "基本上": 2, "兼有": 1, "苹果": 1, "毕竟": 2, "国内": 1, "高端机": 1, "市场": 4, "政企": 1, "收入": 1, "一点点": 1, "人群": 1, "红米": 1, "林永健": 2, "mate10Pro": 1, "官微君": 1, "猪": 1, "大吉": 1, "！": 13, "今年华": 1, "5G": 19, "伴": 1, "走": 1, "春晚": 15, "会场": 2, "回传": 2, "快速": 2, "、": 15, "画面": 1, "稳定": 1, "伙伴": 1, "收看": 1, "直播": 3, "低": 1, "时延": 1, "无卡顿": 1, "时间": 11, "内": 3, "部署": 2, "克服": 1, "无线": 1, "环境": 2, "传输": 2, "线路": 1, "极寒": 1, "诸多": 1, "困难": 1, "技术": 3, "团队": 2, "点赞": 1, "结束": 1, "路": 1, "才": 3, "刚": 1, "启程": 1, "未来": 2, "加油": 1, "胡歌": 4, "只能": 2, "签华": 2, "L小阿走": 2, "秒拍": 4, "视频": 8, "孟晚舟": 5, "律师团": 3, "拟": 2, "美方": 3, "政治": 3, "动机": 3, "抗辩": 1, "美国": 5, "上周": 1, "正式": 1, "加拿大": 3, "提出": 1, "引渡": 1, "副董事长": 1, "环球": 1, "邮报": 1, "Globe": 1, "andMail": 1, "昨天": 1, "4日": 2, "报道": 6, "打算": 1, "滥用": 1, "法律": 1, "程序": 1, "为由": 1, "引渡案": 1, "辩护": 1, "O": 2, "抗": 1, "辩​": 1, "除夕夜": 2, "火眼金睛": 1, "朋友": 2, "发现": 1, "不少": 1, "身影": 1, "本届": 1, "我国": 1, "首次": 2, "4K": 1, "超高清": 5, "内容": 2, "网络": 5, "北京": 2, "长春": 2, "深圳": 2, "三": 2, "5G室": 1, "数字": 1, "系统": 1, "室外": 1, "基站": 1, "全国": 2, "观众": 2, "带来": 1, "沉浸式": 1, "观看": 1, "体验": 1, "保障": 1, "网页": 2, "链接": 3, "一大早": 1, "起床": 1, "错过": 1, "追还": 1, "来得及": 1, "慌": 1, "智能": 1, "助手": 1, "陪": 2, "负": 1, "屏": 1, "轻松": 1, "回放": 1, "节目": 1, "赶上": 1, "末班车": 1, "~": 1, "转发": 2, "事儿": 1, "小云": 1, "电源": 1, "1": 2, "~​": 1, "金猪": 1, "贺岁": 1, "迎春": 1, "纳福": 1, "2019年": 1, "央视": 1, "落下": 1, "帷幕": 1, "届": 1, "采用": 1, "三大": 1, "运营商": 7, "联合": 1, "提供": 1, "包括": 1, "终端": 7, "在内": 1, "端": 2, "解决": 1, "方案": 1, "奉献": 1, "场": 1, "美轮美奂": 1, "直播O": 1, "除夕": 1, "忙": 2, "男朋友": 1, "都": 7, "登上": 2, "头发": 1, "Tony": 1, "返乡": 1, "过年": 1, "喜欢": 1, "踩点": 1, "狂魔": 1, "跳舞": 1, "帅帅": 5, "回来": 1, "TFBOYS": 1, "易烊": 2, "千玺": 1, "千": 1, "玺": 1, "L易烊": 1, "千玺": 1, "麻麻团": 1, "国产": 2, "品牌": 2, "宣传": 1, "优秀": 1, "小品": 5, "站台": 1, "王自健": 1, "Mate20Pro": 2, "宝石": 1, "蓝": 1, "；": 4, "儿子": 1, "戳": 1, "天临": 1, "3": 1, "演戏": 1, "Mate10Pro": 1, "4": 2, "啼笑皆非": 1, "张小裴": 1, "Mate10": 1, "开心": 1, "麻花": 1, "主演": 1, "红米Note7": 1, "一同": 1, "亮相": 1, "网友": 2, "求助": 1, "：": 5, "mate20proiphonexiphonexr": 1, "款": 3, "买": 1, "台": 1, "稳点": 1, "。。": 1, "倾向于": 1, "xr": 1, "性能": 1, "赚": 1, "拼命": 1, "摇": 2, "百度": 1, "抢": 1, "11": 1, "块": 2, "熊孩子": 2, "晚上": 1, "偷摸": 1, "充值": 1, "游戏": 1, "3000": 1, "。。。": 1, "哭": 2, "奥特曼": 1, "钱": 4, "哈尔滨·革新": 1, "街区": 1, "MAX4": 1, "很多": 8, "大屏": 4, "爱好者": 1, "心中": 1, "疑问": 1, "去年": 1, "MAX3": 2, "评价": 1, "糟糕": 1, "细分": 1, "销量": 1, "隔壁": 1, "家华": 1, "一连": 1, "推出": 1, "荣耀": 2, "note10": 1, "8XMAX": 1, "畅享": 1, "MAX": 1, "X": 1, "前途": 1, "放弃": 1, "大年初一": 1, "新气象": 1, "生态": 1, "收好": 1, "中国": 4, "福": 1, "欢度": 1, "快": 2, "&": 1, "服务": 4, "花式": 1, "推广": 1, "流量": 1, "入口": 1, "2019": 1, "大展": 1, "拳脚": 1, "开发者": 1, "联盟": 1, "抽送": 1, "耳": 1, "副": 1, "听": 1, "老": 1, "情歌": 1, "越来越": 1, "用心": 1, "拍": 1, "广告L": 1, "泰国": 1, "台媒": 1, "年中": 4, "大陆": 6, "商用": 6, "时间表": 2, "显现": 2, "台湾": 2, "媒体": 1, "工信部": 4, "预商": 2, "阶段": 3, "一个": 6, "推测": 1, "十有八九": 1, "高通": 2, "单模": 1, "基带": 2, "制程": 1, "落后": 1, "商用机": 1, "也许": 1, "下半年": 1, "联发科": 1, "7": 1, "m全": 1, "网通": 1, "经济": 3, "日报": 1, "1月": 1, "30日": 1, "信息": 1, "通信": 2, "发展": 3, "司长": 1, "近日": 1, "最终": 1, "芯片": 1, "加紧": 1, "研发": 1, "可望": 1, "百姓": 2, "期盼": 1, "长": 2, "努力": 1, "尽早": 1, "拿到": 1, "援引": 1, "信息化": 1, "软件": 1, "业司": 1, "副司长": 1, "称": 2, "新一代": 1, "构筑": 1, "社会": 1, "数字化": 1, "转型": 1, "关键": 2, "基础": 1, "设施": 1, "全球": 2, "轮": 1, "科技": 1, "革命": 1, "产业": 1, "变革": 1, "驱动": 1, "力量": 1, "增长": 1, "作用": 1, "O台媒": 1, "涉嫌": 1, "窃取": 2, "美": 1, "公司": 5, "知识": 2, "产权": 2, "FBI": 1, "钓鱼": 1, "执法": 1, "设局": 1, "找": 1, "证据": 1, "总部": 1, "伊利诺伊州": 1, "初创": 1, "Akhan": 1, "星期一": 1, "(": 1, "2月": 1, ")": 1, "声明": 1, "参与": 1, "项": 1, "联邦": 1, "调查": 2, "订": 1, "含有": 1, "专利": 1, "玻璃": 1, "屏幕": 1, "样品": 3, "未": 1, "协议": 1, "完璧": 1, "归还": 1, "破坏": 1, "​​​": 1, "背后": 1, "苦难": 1, "删": 1, "希望": 1, "幸存": 1, "同款": 2, "故事": 1, "早就": 1, "航天": 1, "上演": 1, "L短线": 1, "刀客": 1, "888": 1, "主题": 3, "": 1, "设计": 1, "美学": 1, "๑华": 1, "5.0": 1, "8.0": 1, "•": 1, "┈୨": 1, "北欧": 1, "风୧": 1, "┈•๑素材": 1, "柯柯๑": 1, "状态": 2, "栏": 1, "延续": 1, "风๑": 1, "获取": 1, "方式": 1, "细改": 1, "丢": 1, "dd": 1, "赞": 1, "๑": 2, "高产": 1, "心情": 1, "发": 1, "直链": 1, "快乐": 1, "可爱": 1, "猪猪们": 1, "ฅ՞•🐽•՞ฅ​": 1, "真料bot": 1, "NEX7": 1, "队长": 1, "朱": 1, "|": 2, "廷": 1, "退出": 1, "乐华|七": 1, "子": 1, "乐华": 1, "老板娘": 1, "杜": 1, "团体": 1, "大规模": 1, "掉粉": 1, "剩下": 1, "成员": 1, "组合": 1, "出道": 1, "改名": 1, "NEXDu​": 1, "家庭": 9, "事业": 5, "难以": 1, "兼顾": 4, "吃饭": 2, "聊天": 1, "年轻": 5, "拼": 2, "三十几": 1, "岁": 1, "挣": 1, "退休": 1, "生活": 2, "忙于": 2, "工作": 9, "出身": 1, "照顾": 1, "女儿": 1, "对此": 2, "遗憾": 3, "饭桌": 1, "记得": 1, "孩子": 13, "事情": 1, "想起": 1, "任正非": 1, "采访": 1, "提到": 1, "疏忽": 1, "陪伴": 4, "玩耍": 1, "心结": 1, "爸爸": 2, "小时候": 2, "长大成人": 3, "搭建": 1, "选择": 6, "后者": 1, "放下": 1, "孩子们": 2, "原谅": 2, "理解": 2, "父母": 1, "永远": 1, "冲突": 2, "想要": 2, "真心": 1, "难": 1, "镜": 1, "花水": 1, "遥不可及": 1, "可谓": 1, "真切": 1, "体会": 1, "24": 1, "小时": 3, "睡觉": 1, "休息": 1, "但凡": 1, "分配": 3, "影响": 2, "真实": 1, "现实": 2, "少见": 1, "发生": 2, "来讲": 3, "人生": 1, "完美": 1, "年龄": 1, "需求": 3, "玩": 2, "第一": 2, "答案": 2, "肯定": 1, "成年": 1, "子女": 1, "老父亲": 1, "时光": 2, "不可逆转": 1, "早已": 2, "功成名就": 2, "企业管理者": 1, "亲力亲为": 1, "投入": 1, "大咖": 2, "太": 2, "结婚": 1, "生子": 1, "经历": 1, "打拼": 1, "年轻人": 1, "参考": 1, "解释": 1, "女": 1, "追求": 1, "财富": 1, "地位": 1, "男人": 4, "物质": 1, "足够": 1, "富足": 1, "闲": 1, "自由": 1, "支配": 1, "给到": 1, "有闲": 1, "多金": 1, "女人": 1, "梦想": 1, "可惜": 1, "残酷": 1, "证明": 1, "女孩": 1, "世界": 1, "选": 2, "互联网": 1, "大面积": 1, "故障": 4, "海外": 1, "趋向": 1, "呼叫": 2, "外媒": 1, "CNBC": 1, "电信": 1, "CenturyLink": 1, "近期": 1, "用户": 3, "办法": 2, "上网": 2, "这次": 3, "事故": 1, "涉及": 1, "地区": 3, "断网": 2, "持续": 2, "中断": 3, "911": 1, "事项": 1, "现象": 3, "此前": 1, "英国": 2, "O2": 1, "遭遇": 2, "3200万": 1, "信号": 1, "打电话": 1, "通讯": 1, "随后": 1, "证实": 1, "爱立信": 2, "过程": 1, "当中": 1, "设备": 2, "接近": 1, "3000万": 1, "抢救": 1, "恢复": 2, "30": 1, "得以": 1, "o2": 1, "一再": 1, "国外": 1, "可靠性": 1, "稳定性": 1, "下次": 1, "iPhone": 1, "携众": 1, "明星": 3, "唐嫣": 1, "王珞丹": 1, "周笔畅": 1, "任嘉伦": 1, "拜年": 1, "猪事": 1, "顺利": 1, "大吉大利": 1, "戳链": 1, "接O": 1, "下载": 1, "字体": 1, "说出": 1, "愿望": 1, "送出": 1, "签名": 1, "L华": 1}