{"华为": 91, "手机": 11, "确实": 2, "不错": 1, "！": 28, "素颜": 1, "随手": 1, "拍": 1, "发": 4, "祝": 1, "中秋": 1, "佳节": 1, "快快乐乐": 1, "​": 16, "首次": 4, "境内": 9, "发债": 10, "曝光": 3, "家底": 2, "：": 19, "手": 2, "2500亿": 3, "现金": 6, "9月": 24, "11日": 5, "提交": 3, "文件": 2, "拟": 3, "期": 4, "共计": 2, "募集": 3, "60亿": 2, "元": 13, "资金": 3, "账面": 2, "高达": 3, "2497.31亿": 2, "三年": 2, "营收": 2, "持续": 5, "位数": 2, "增长": 2, "回应": 2, "@": 14, "新京报": 4, "视频": 18, "公司": 15, "经营": 2, "稳健": 2, "现金流": 2, "充裕": 2, "本次": 1, "用于": 1, "聚焦": 1, "ICT": 1, "基础": 1, "设施": 1, "建设": 1, "手握": 1, "L": 3, "秒拍": 5, "Rethinkpossibilities": 2, "很多": 2, "美好": 1, "时刻": 1, "都": 5, "希望": 1, "走": 1, "一点": 1, "终于": 1, "愿望": 1, "L余": 1, "承东": 1, "董明珠": 6, "料定": 3, "雷军": 9, "难": 13, "赢": 7, "赌约": 6, "小米": 6, "很": 11, "超越": 6, "5日": 3, "谈": 4, "称": 9, "赌": 6, "产品": 3, "技术": 16, "世界": 7, "爱上": 3, "中国": 9, "制造": 7, "；": 7, "行业": 5, "老大": 4, "老板": 6, "联播L": 3, "联播": 3, "乐享": 1, "西博": 2, "转发": 4, "机会": 2, "荣耀": 5, "20pro": 1, "吃喝玩乐": 1, "还要": 1, "发送": 1, "三轮": 1, "福利": 4, "20-23日": 1, "第三": 1, "届": 1, "西部": 3, "国际": 4, "博览会": 1, "进出口": 1, "商品展": 1, "暨": 1, "四川": 2, "投资": 5, "大会": 4, "成都": 1, "博览城": 1, "开幕": 1, "法基": 1, "豪瑞": 1, "、": 30, "美国": 10, "可口可乐": 1, "星巴克": 1, "红旗": 2, "汽车": 2, "1500": 1, "企业": 6, "参展": 2, "共有": 1, "17": 1, "一带": 1, "一路": 1, "沿线": 1, "国家": 2, "地区": 1, "超过": 1, "100": 1, "精彩纷呈": 1, "展会": 1, "活动": 2, "送": 2, "第一": 1, "轮": 2, "关注": 4, "博览": 1, "集团": 3, "封面": 1, "新闻": 4, "博哥": 1, "15日": 1, "抽选": 1, "5": 1, "幸运": 3, "小伙伴": 1, "一等": 1, "名": 4, "20PRO": 1, "二等奖": 1, "收下": 1, "价值": 2, "800": 1, "购物卡": 1, "三等奖": 1, "三": 2, "圣罗兰": 1, "YSL": 1, "纯口": 1, "红": 1, "快": 4, "+": 1, "大奖": 1, "O抽奖": 2, "详情": 4, "#许": 2, "魏洲": 2, "仲夏": 1, "满天心": 1, "xwz": 1, "靳泽": 1, "洲洲": 2, "拆": 1, "偏拆": 1, "盒子": 2, "康康": 1, "神秘": 1, "礼物": 1, "👇": 1, "没错": 1, "欠条": 2, "预售": 1, "款": 1, "快递": 1, "原因": 3, "GENTLEMONS": 2, "TER华": 2, "智能": 6, "眼镜": 3, "addidasX": 1, "皮卡丘联": 1, "名款": 1, "渔夫帽": 1, "拖鞋": 1, "送达": 1, "特此": 1, "精准": 1, "抓到": 1, "不顾": 1, "阻拦": 1, "打开": 2, "叛逆期": 1, "许魏洲": 1, "ZZps": 1, "工作室": 1, "抖音": 1, "请": 1, "多多": 1, "支持": 2, "点赞": 1, "评论": 2, "一条龙": 1, "走起": 1, "！！！": 2, "好奇": 2, "宝贝": 1, "call": 3, "直播": 2, "硬核": 1, "打破": 1, "次元": 1, "壁": 1, "沉浸式": 1, "裸眼": 1, "3D": 1, "未来": 2, "VR": 1, "实景": 1, "18日": 3, "20日": 6, "联接": 3, "上海": 5, "世博": 6, "展览馆": 3, "&": 3, "中心": 3, "盛大": 1, "举办": 4, "超多": 2, "黑科技": 6, "炫酷": 3, "来袭": 3, "~": 6, "HC2019": 3, "疯狂": 2, "inke": 1, "映客": 1, "华为云": 2, "期待": 3, "抽": 3, "粉送": 2, "9": 3, "X": 3, "标配": 3, "台": 3, "过滤": 1, "测试": 1, "手气": 1, "噢O": 1, "抽奖": 2, "小映": 1, "户外": 2, "探险": 1, "加持": 1, "答案": 1, "件": 1, "严苛": 1, "工艺": 1, "科技": 7, "面料": 1, "冲锋衣": 2, "好看": 1, "粉丝": 1, "送出": 1, "​O": 1, "苹果": 5, "真的": 2, "太": 1, "严谨": 1, "发布会": 3, "声称": 1, "A13": 2, "处理器": 1, "相对于": 1, "A12": 2, "提升": 1, "22%": 2, "尺子": 1, "一量": 1, "条长": 1, "12": 1, "cm": 1, "14.5cm": 1, "刚好": 1, "4.5": 1, "小时": 2, "4.0": 1, "3": 3, "倍": 1, "长": 2, "营销": 1, "套路": 1, "旅行": 3, "出行": 1, "便捷": 1, "订票": 1, "服务": 1, "聪明": 1, "推荐": 1, "!": 2, "去哪儿": 1, "网": 1, "@华为云": 1, "早": 2, "财经": 3, "丨": 3, "外交部": 4, "华春莹": 4, "出神": 3, "地方": 2, "高潮": 2, "来临": 2, "上万亿": 2, "项目": 2, "上马": 2, "度": 3, "亮相": 3, "债市": 3, "30亿": 5, "中票": 3, "1": 1, "#华": 1, "春莹": 2, "反问": 1, "议员": 5, "三连": 1, "华": 1, "姐姐": 1, "神句": 1, "发言人": 2, "主持": 1, "例行": 1, "记者会": 1, "记者": 4, "报道": 5, "国会": 1, "10日": 4, "将就": 1, "暂停": 1, "香港": 10, "出售": 9, "人群": 1, "控制": 1, "执法": 2, "设备": 1, "议案": 1, "法案": 1, "禁止": 1, "出口": 1, "催泪": 1, "瓦斯": 1, "辣椒": 1, "水": 1, "橡皮": 1, "子弹": 1, "致命类": 1, "中方": 1, "对此": 1, "?华": 1, "回复": 1, "美方": 3, "想": 3, "防暴": 1, "器材": 1, "留": 1, "国内": 1, "暴力": 5, "违法": 1, "犯罪": 2, "美化": 1, "人权": 2, "自由": 1, "警方": 1, "忍辱负重": 1, "克制": 1, "污蔑": 1, "过度": 1, "类似": 1, "发生": 1, "仁善": 1, "拭目以待": 1, "不久前": 1, "国务院": 1, "港澳办": 1, "杨光": 1, "国新办": 1, "局势": 1, "看法": 1, "援引": 1, "毛泽东": 1, "主席": 2, "1963年": 1, "满江红": 1, "词": 1, "蚂蚁缘": 1, "槐夸": 1, "大国": 1, "蚍蜉撼树": 1, "再次": 1, "事务": 1, "纯属": 1, "内政": 1, "外国": 1, "政府": 2, "组织": 1, "无权": 1, "干预": 1, "#何": 1, "超琼": 3, "联合国": 2, "发声": 1, "说出": 1, "真实": 1, "人民日报": 1, "当地": 1, "时间": 2, "各界": 1, "妇女": 1, "联合": 2, "协进会": 1, "日内瓦": 1, "参加": 1, "理事会": 1, "第42": 1, "会议": 1, "发言": 1, "呼吁": 1, "停止": 1, "极端主义": 1, "留下": 1, "弥补": 1, "伤痕": 1, "发行": 4, "在即": 2, "21": 2, "世纪": 2, "经济": 2, "消息": 2, "控股": 1, "有限": 1, "筹划": 1, "银行": 2, "市场": 1, "中期": 2, "票据": 2, "本期": 1, "规模": 2, "期限": 1, "承销商": 1, "工商": 1, "评级": 3, "机构": 1, "资信": 1, "主体": 1, "长期": 1, "信用": 1, "等级": 1, "债项": 1, "均": 1, "AAA": 1, "说明书": 1, "显示": 2, "注册": 1, "200亿": 1, "O早": 1, "中票O": 1, "这部": 1, "短片": 1, "悟空": 1, "刷屏": 1, "永不": 1, "天高地厚": 1, "！！": 1, "电影": 1, "L影": 1, "视生": 1, "云": 1, "次方": 1, "只能": 1, "感谢": 1, "30pro​": 1, "任正非": 16, "大胆": 6, "提议": 2, "西方": 9, "5G": 24, "对手": 5, "下一代": 1, "极速": 1, "通信": 2, "网络": 2, "很快": 1, "工业": 2, "机器人": 1, "东西": 1, "连接": 2, "提供": 1, "渴望": 1, "为首": 1, "抹黑": 1, "创始人": 5, "兼": 3, "CEO": 3, "接受": 3, "英国": 3, "经济学人": 5, "杂志": 3, "采访": 3, "放话": 1, "有意": 4, "目的": 3, "一个": 9, "竞争": 4, "O": 5, "李": 1, "楠评": 1, "iPhone11Pro三": 1, "摄": 3, "设计": 5, "崩盘": 1, "谜": 1, "排列": 1, "不规则": 1, "开口": 1, "灶台": 1, "缺点": 1, "积灰": 1, "狗屎": 1, "三星": 2, "四": 1, "差": 1, "远": 1, "果粉": 1, "承认": 1, "版": 1, "指南": 1, "教": 1, "正确": 1, "解锁": 1, "N": 1, "神奇": 1, "功能": 1, "听": 1, "音乐": 1, "通话": 1, "AI": 1, "互动": 1, "....": 1, "敲": 1, "声息": 1, "镜": 1, "学习": 1, "L娱": 1, "乐圈": 1, "捕捉": 1, "时光": 1, "瞬间": 1, "凝结": 1, "影像": 1, "美": 1, "19日": 1, "Mate30": 2, "L华": 1, "终端": 1, "官方": 3, "深度": 2, "｜": 2, "到底": 2, "缺": 4, "钱": 2, "打算": 1, "上市": 1, "外界": 3, "始终": 2, "颇为": 1, "向来": 1, "充沛": 1, "海外": 1, "这是": 2, "面对": 1, "环境": 1, "不确定性": 1, "高筑墙": 1, "广积粮": 1, "金融": 2, "体现": 1, "利率": 1, "背后": 1, "布局": 1, "演艺圈": 1, "家居圈": 1, "媒体圈": 1, "创意圈": 1, "大咖": 1, "助力": 1, "欧派": 1, "家居": 2, "拯救": 3, "我国": 2, "高企": 1, "离婚率": 1, "率先": 1, "发起": 1, "周六": 2, "下厨": 3, "爱": 3, "公益": 1, "号召": 1, "婚姻": 1, "陪伴": 1, "爱下": 1, "厨": 1, "爱TA": 1, "TA": 1, "戳": 1, "大礼": 1, "围观": 1, "L欧派": 1, "索": 2, "大爷": 2, "政治家": 1, "发国": 1, "财": 1, "高手": 1, "痛恨": 1, "恰好": 1, "反证": 1, "正确性": 1, "先锋队": 1, "先进": 1, "精英": 1, "感到": 1, "恐惧": 1, "开放": 1, "社会": 1, "资本": 1, "天堂": 1, "黄金": 2, "时代": 2, "结束": 1, "网页": 1, "链接": 1, "网爆": 1, "Mate30pro": 1, "壳": 1, "预热": 1, "圆形": 1, "摄像头": 1, "矩阵": 1, "框架": 1, "跑": 1, "19年": 1, "热销": 1, "将要": 1, "裁员": 1, "本月": 1, "优化": 2, "6000": 3, "脉脉": 1, "员工": 8, "劝退": 2, "帖子": 2, "这位": 2, "通知": 1, "9月底": 1, "滚蛋": 1, "立马": 1, "留言": 1, "传闻": 2, "9月份": 1, "官宣": 1, "裁人": 2, "打压": 1, "知名度": 1, "飙升": 1, "阶段": 1, "火": 1, "民族": 2, "网友": 1, "英雄": 1, "艰苦": 1, "创业": 1, "站": 2, "前沿": 1, "顶端": 1, "成就": 1, "管理": 3, "脱": 1, "干系": 1, "军人化": 1, "出生": 1, "呆": 1, "狼性": 3, "强悍": 1, "团队": 1, "文化": 3, "才": 1, "做出": 1, "如今": 1, "骄人": 1, "成绩": 1, "此前": 1, "创出": 1, "上千": 2, "集体": 2, "辞职": 4, "消息然": 1, "国外": 1, "媒体": 2, "兴奋": 1, "火中取栗": 1, "坐": 1, "笑话": 1, "老爷子": 1, "轻描淡写": 1, "小事": 1, "调查": 1, "激发": 1, "潜力": 1, "岗位": 2, "互换": 2, "制度": 3, "误解": 1, "否认": 1, "末位": 2, "淘汰": 3, "一批": 1, "称职": 1, "活力": 1, "才华": 1, "喜好": 2, "选择": 1, "职业": 1, "职位": 1, "人尽其才": 1, "内部": 1, "形式": 1, "勃勃生机": 1, "越来越": 1, "熏陶": 1, "事情": 1, "去年": 1, "主官": 1, "主管": 1, "10%": 1, "谱": 1, "推": 1, "推迟": 1, "征收": 1, "商品": 1, "关税": 1, "延后": 1, "半": 1, "预计": 1, "国庆": 1, "展开": 1, "第13": 1, "会谈": 1, "这次": 1, "达成": 1, "和解": 1, "协议": 1, "差不多": 1, "毫无": 1, "意义": 1, "利好": 1, "知识": 1, "产权": 1, "贸易": 1, "Mate30Pro": 1, "真机": 1, "瀑布": 1, "屏实": 1, "锤": 1, "瀑布屏": 1, "图源": 1, "水印": 1, "缺席": 3, "刚刚": 3, "石破天惊": 3, "想法": 4, "日前": 1, "秋季": 1, "新品": 1, "猜测": 1, "新一代": 2, "iPhone": 1, "鲜明": 1, "对比": 1, "塑造": 1, "12日": 2, "证实": 1, "真实性": 1, "未": 1, "进一步": 1, "表态": 1, "买家": 3, "支付": 1, "一次性": 1, "费用": 1, "永久": 1, "现有": 1, "专利": 1, "许可证": 1, "代码": 1, "蓝图": 1, "生产": 1, "诀窍": 1, "组合": 1, "数百亿": 1, "美元": 2, "10年": 1, "研发": 1, "投入": 1, "至少": 1, "20亿": 1, "潜在": 1, "分析": 1, "爱立信": 1, "诺基亚": 1, "巨头": 2, "或许": 1, "单独": 1, "购买": 1, "情况": 1, "联盟": 1, "哪家": 1, "牵头": 1, "芷霓": 1, "左手": 1, "右手": 1, "A": 1, "I": 1, "产业链": 2, "全解": 1, "析丨": 1, "风口": 1, "鲲鹏": 1, "展翅": 1, "鸿蒙": 1, "初辟": 1, "到来": 1, "顶尖": 1, "发力": 1, "自主": 1, "可控": 1, "构建": 1, "生态": 1, "体系": 1, "周期": 1, "引领者": 1, "领域": 1, "先行者": 1, "全球": 1, "创新": 1, "驱动": 1, "供应链": 1, "螺旋": 1, "演化": 1, "成长": 1, "券商": 1, "直言": 1, "迎来": 1, "机遇": 1, "概念股": 1, "掀涨": 1, "停潮": 1, "截至": 1, "收盘": 1, "证通": 1, "电子": 2, "中威": 1, "武汉": 1, "凡谷": 1, "东方": 1, "中科": 1, "11": 1, "股": 2, "涨停": 1, "北信源": 1, "福蓉": 1, "博威": 1, "合金": 1, "涨逾": 1, "6%": 1, "中光学": 1, "激智": 1, "鹏": 1, "博士": 1, "纷纷": 1, "涨": 1, "究竟": 1}