{"iPhone": 5, "遇冷": 1, "郑州": 5, "富士康": 12, "喜": 2, "签华": 1, "订单": 11, "：": 25, "新年": 1, "招工": 12, "去年": 5, "新款": 1, "冷": 4, "春节": 11, "工人": 4, "产线": 4, "拆": 4, "加班": 7, "锐减": 4, "员工": 15, "到手": 4, "工资": 4, "2000": 1, "元": 4, "启动": 4, "轮": 4, "人员": 6, "称": 5, "拿到": 4, "华为": 61, "@": 1, "老板": 2, "联播L": 1, "联播": 4, "视频": 8, "​": 20, "博士": 13, "离职率": 10, "21.8%": 6, "任正非": 8, "反思": 6, "学历": 7, "人才": 7, "流失": 7, "份": 1, "签发": 3, "内部": 3, "邮件": 4, "显示": 1, "公司": 4, "5": 2, "累计": 4, "平均": 6, "入职": 4, "时间": 2, "长": 2, "接受": 9, "访谈": 2, "82": 3, "名": 4, "离职": 5, "56": 3, "原因": 3, "岗位": 3, "技能": 3, "匹配": 3, "、": 10, "主管": 3, "技术": 6, "能力": 4, "弱": 3, "导致": 3, "受限": 3, "O华": 8, "探访": 3, "苹果": 6, "减少": 3, "喜降": 3, "两千": 3, "L老板": 3, "#止": 1, "戈锐": 1, "评": 1, "放弃": 2, "美国": 10, "市场": 20, "综合": 1, "媒体": 6, "信息": 2, "面对": 1, "麦卡锡式": 1, "打击": 1, "迫害": 1, "应对": 1, "措施": 1, "1.": 1, "工厂": 3, "撤离": 1, "疑似": 1, ".": 4, "总裁": 1, "心脏": 1, "放": 1, "专利": 1, "授权": 1, "3": 1, "台积电": 1, "南京": 1, "建立": 1, "4.": 1, "近日": 2, "新闻": 1, "报道": 1, "一家": 2, "科技": 1, "InterDigitalInc告": 1, "反击": 1, "5G": 14, "世界": 4, "中国": 6, "消费": 1, "双优": 1, "条件": 1, "时代": 1, "看好": 1, "支持": 3, "！": 10, "轮值": 9, "董事长": 9, "徐": 13, "直军": 14, "国家": 19, "无所谓": 5, "徐直军": 5, "基于": 3, "权": 2, "选择": 5, "厂商": 2, "部署": 2, "网络": 7, "澳大利亚": 7, "广州": 12, "新西兰": 6, "老家": 5, "湖南": 1, "益阳": 4, "一个": 2, "地级市": 1, "终端": 1, "全球": 1, "荟": 1, "今日": 1, "台湾": 2, "品牌": 2, "体验": 4, "服务店": 1, "高雄": 1, "堀江": 1, "隆重": 1, "开幕": 2, "透过": 1, "一系列": 1, "活动": 1, "吸引": 1, "千": 1, "花粉": 1, "齐聚一堂": 1, "共襄盛举": 1, "店": 1, "内": 1, "设有": 1, "四": 1, "体验区": 1, "提供": 3, "八大": 1, "暖心": 1, "服务": 3, "当地": 1, "用户": 2, "多元": 1, "贴心": 1, "极致": 1, "传递": 1, "温度": 1, "精神": 1, "再次": 1, "感谢": 1, "喜爱": 1, "0点": 1, "拍": 1, "颗": 1, "白菜": 1, "~": 1, "买": 1, "款": 3, "黄色": 1, "牵": 1, "狗": 1, "手感": 1, "不错": 1, "磨蹭": 3, "脏": 1, "恭喜发财": 1, "手机": 4, "壳": 1, "￥": 1, "3.8": 1, "拍下": 1, "留言": 1, "备注": 1, "米奇": 1, "心]": 1, "一共": 1, "22": 1, "选": 1, "vivo": 1, "oppo": 1, "小米": 3, "应有尽有~​": 1, "​​​": 1, "国务院": 3, "任免": 2, "工作": 2, "2019年": 1, "2月": 1, "15日": 1, "任命": 6, "罗文": 2, "国家发展和改革委员会": 1, "副主任": 4, "；": 9, "任命钟": 1, "登华": 1, "教育部": 1, "副部长": 3, "王志军": 1, "工业": 2, "信息化": 2, "郭卫平": 1, "民族": 2, "事务": 2, "委员会": 3, "陈": 2, "尘肇": 1, "自然": 1, "资源": 1, "副总督察": 1, "专职": 1, "赵": 2, "爱明": 1, "女": 1, "国有": 1, "资产": 1, "监督": 1, "管理": 1, "刚": 1, "知识": 1, "产权局": 1, "副局长": 1, "免去": 4, "职务": 4, "李昌平": 1, "陈尘肇": 1, "审计署": 1, "副": 1, "审计长": 1, "钟登华": 1, "天津": 1, "大学": 1, "校长": 1, "哈哈哈哈哈": 1, "太": 3, "沙雕": 1, "这是": 1, "有才": 1, "！！": 1, "L匠库": 1, "都": 7, "五大": 1, "隐藏": 1, "功能": 1, "皓伦": 1, "王": 3, "明川": 2, "L皓伦": 1, "天气": 1, "iPhoneXSMax": 1, "三星": 1, "Note9": 1, "Mate20Pro": 1, "拍拍": 1, "蓝天": 1, "好看": 1, "9": 2, "三": 1, "摄": 1, "干": 1, "赢华": 1, "P20Pro": 1, "人龙": 1, "高雄市": 1, "新崛江": 1, "旗舰店": 1, "上午": 1, "开业": 1, "L": 1, "事儿": 1, "蹭": 1, "流量": 2, "store": 1, "商店": 1, "读": 1, "书": 1, "迟早": 1, "露馅": 1, "加上": 1, "提": 1, "BBC": 1, "北大": 2, "官宣": 1, "确认": 1, "翟": 1, "天临": 1, "学术": 1, "端": 1, "翟天": 1, "临🙈": 1, "真的": 1, "顶级": 1, "同学": 1, "朋友": 1, "同事": 1, "聚餐": 1, "雪梨": 1, "不好意思": 1, "掏": 1, "不见": 2, "--2019年": 2, "产业": 5, "自主化O": 1, "自主化": 1, "985": 1, "毕业生": 1, "最多": 2, "实力": 1, "代表": 1, "军工": 1, "企业": 3, "习惯": 1, "制裁": 1, "焦点": 1, "电子": 2, "体量": 1, "惊人": 1, "影响": 1, "一大": 1, "上下游": 1, "力量": 1, "自主": 1, "西方": 4, "汽车": 1, "板块": 1, "英媒": 3, "采访": 6, "原子弹": 6, "伤害人": 1, "六": 1, "英国": 4, "谈论": 1, "诸多": 1, "关心": 1, "热点": 1, "话题": 1, "包括": 1, "伤害": 3, "造福": 3, "老百姓": 3, "享受": 1, "数字化": 2, "带来": 2, "价值": 1, "13日": 1, "6": 1, "联合": 1, "期间": 1, "直面": 1, "近期": 2, "外界": 1, "关切": 1, "驳斥": 2, "不实": 1, "指控": 1, "历史": 1, "很": 4, "事情": 1, "4G": 4, "期望": 1, "只能": 1, "聚焦": 1, "运营商": 1, "举例": 1, "深圳": 3, "旁边": 1, "城市": 1, "——": 1, "设备": 4, "产品": 2, "直面6": 1, "针对": 2, "言论": 2, "组织": 2, "地缘": 3, "政治": 4, "回应": 1, "国务卿": 1, "欧洲": 1, "五": 1, "国": 1, "施压": 1, "排除": 1, "事件": 1, "普通人": 1, "政治化": 1, "持续": 1, "O徐": 1, "回击": 2, "指责": 2, "澳洲": 2, "此前": 1, "美方": 2, "中欧": 1, "停止": 1, "表态": 1, "正是": 1, "美": 1, "政府": 1, "系统": 2, "指证": 1, "斥资": 1, "20亿": 1, "美元": 1, "电信": 1, "编码": 1, "更新": 1, "指令": 1, "清晰": 1, "易读": 1, "符合": 1, "当局": 1, "受阻": 1, "担忧": 1, "推荐": 1, "小徐": 1, "总访": 1, "谈": 1, "给力": 1, "专业": 1, "角度": 3, "来讲": 1, "本来": 1, "制定": 1, "标准": 4, "公开": 1, "透明": 1, "歧视": 1, "遵守": 2, "就要": 2, "处罚": 1, "意识": 1, "形态": 1, "出发": 1, "怀疑": 1, "假设": 1, "不行": 1, "好比": 1, "终究": 1, "杀人": 2, "上帝": 1, "待遇": 1, "传输": 1, "关键": 1, "量子": 1, "计算机": 1, "才能": 1, "解密": 1, "加备注": 1, "着急": 1, "先进": 1, "法国": 2, "基站": 2, "数量": 1, "文章": 1, "TA": 1, "晚安": 1, "成年人": 2, "友谊": 2, "孩童": 1, "聊天群": 1, "商业": 1, "吹捧": 1, "一饮而尽": 1, "互诉": 1, "衷肠": 1, "样子": 1, "转评": 1, "聊聊": 1, "小云": 1, "随机": 1, "抽": 1, "送出": 1, "耳机": 1, "2014年": 1, "4": 1, "57%": 1, "留下": 1, "发挥": 4, "特有": 2, "优势": 2, "下巴": 2, "对比": 1, "mate20x": 1, "感觉": 1, "伯仲": 1, "之间": 1, "耽误": 1, "广告": 1, "创意": 1, "LBDSM": 1, "叔快": 1, "贫#": 1, "叔": 1, "把握": 1, "足以": 1, "立足": 1, "基业": 1, "长青": 1, "走向": 1, "全力": 1, "波折": 1, "不要紧": 1, "动摇": 1, "从来": 1, "煞笔": 1, "留": 1, "面子": 1, "东西": 1, "好用": 1, "便宜": 1, "宇宙": 1, "真理": 1, "21.8％": 2, "英雄无用武之地": 1, "土壤": 1, "肥力": 1, "因素": 1, "披露": 1, "年内": 1, "满怀": 1, "激情": 1, "一次次": 1, "学无所用": 1, "心灰意冷": 1, "离去": 1, "北京": 1, "下雪": 1, "河面": 1, "结冰": 1, "隔壁": 1, "奶奶": 1, "闺女": 1, "mate10": 1, "拍摄": 1, "照片": 1}