{"德国": 31, "采用": 11, "华为": 91, "设备": 29, "建设": 23, "5G": 28, "网络": 24, "当地": 8, "时间": 7, "11日": 11, "三大": 8, "电信": 16, "运营商": 21, "Telefonica": 14, "未来": 9, "年内": 7, "诺基亚": 15, "计划": 10, "借助": 7, "技术": 11, "(": 1, "央视": 7, "记者": 5, "余鹏": 1, ")": 1, "​": 11, "武汉": 2, "新闻": 6, "刚": 1, "毕业": 1, "年薪": 3, "200万": 3, "华科": 2, "这位": 2, "天才": 2, "学生": 2, "厉害": 1, "！": 15, "秋招季": 1, "尾声": 1, "很多": 1, "同学": 1, "着急": 2, "@": 13, "华中": 2, "科技": 3, "大学": 2, "鹏飞": 2, "面试": 1, "表现": 2, "优异": 1, "推荐": 1, "少年": 1, "项目": 2, "收到": 3, "元": 1, "offer": 1, "光电": 1, "国家": 5, "研究": 1, "中心": 1, "计算机": 1, "科学": 1, "专业": 2, "14": 1, "直博": 1, "研究生": 1, "邀约": 1, "阿里": 1, "、": 18, "腾讯": 2, "深信服": 1, "均": 2, "抛来": 1, "橄榄枝": 1, "左鹏飞": 1, "希望": 1, "领域": 1, "企业界": 1, "带": 4, "成功": 1, "O": 3, "视频": 11, "90后": 1, "博士": 1, "抢走": 1, "L楚天": 1, "任正非": 3, "孟晚舟": 27, "信件": 1, "评论": 1, "站": 1, "父亲": 1, "值得": 1, "点赞": 1, "老胡": 4, "封": 1, "听说": 1, "网上": 1, "拘押": 3, "251": 2, "员工": 8, "李洪元": 1, "对比": 5, "恰当": 1, "节奏": 2, "舆论": 2, "倾向": 1, "名": 2, "基层": 1, "主管": 1, "报案者": 1, "释放": 1, "给予": 1, "赔偿": 1, "都": 9, "控制": 1, "迁怒": 1, "冷静": 1, "不妥": 1, "事件": 6, "美国": 14, "压制": 2, "打响": 1, "关键": 2, "枪": 1, "蛮横": 1, "方式": 5, "对待": 1, "中国": 23, "迈出": 1, "凶悍": 1, "支持": 6, "这是": 5, "美": 3, "博弈": 1, "层面": 1, "大是大非": 1, "事情": 4, "动摇": 1, "立场": 1, "看成": 1, "一个": 6, "倒": 1, "倒霉": 1, "富人": 1, "可悲": 1, "糊涂": 1, "惨": 1, "世界": 4, "视为": 1, "到底": 3, "能力": 1, "崛起": 2, "试金石": 2, "扛": 1, "掌门人": 1, "心胸": 1, "的确": 1, "处在": 1, "眼下": 1, "遭遇": 1, "前所未有": 2, "压力": 1, "承重": 1, "位置": 2, "起码": 2, "这家": 3, "逆风": 1, "飞扬": 1, "高科技": 1, "公司": 5, "精神": 1, "鼓舞": 1, "道义": 1, "理解": 2, "公众": 1, "情绪": 3, "那种": 1, "抵制": 1, "方向": 1, "坏人": 1, "缺": 1, "大义": 1, "投机": 1, "分子": 1, "微信": 1, "骂": 2, "狠": 1, "感觉": 3, "精英": 3, "恨": 1, "关门": 1, "思维": 1, "带着": 1, "跑": 1, "项": 11, "投资": 3, "近来": 2, "市场": 3, "政坛": 2, "热门": 2, "话题": 2, "此前": 2, "之内": 2, "部件": 2, "替换": 2, "核心": 2, "客户端": 2, "赢下": 4, "场": 7, "法律": 5, "加拿大": 19, "法院": 10, "检方": 7, "提交": 5, "证据": 12, "路透社": 3, "报道": 6, "首席": 3, "财务官": 2, "律师": 2, "团队": 4, "赢得": 2, "法律战": 3, "不列颠哥伦比亚省": 3, "10日": 2, "发布": 5, "份": 4, "裁决": 5, "显示": 4, "法官": 6, "司法": 8, "部长": 5, "交出": 3, "被捕": 3, "文件": 8, "副": 1, "希瑟·霍姆斯": 1, "Heather": 1, "Holmes": 1, "同意": 1, "有限公司": 1, "看法": 2, "真实": 2, "可能性": 2, "airof": 1, "reality": 1, "提醒": 3, "这项": 1, "有限": 1, "提到": 3, "指控": 1, "当局": 1, "不当": 1, "孟": 2, "电子": 1, "理据": 1, "华春莹": 4, "告诉": 4, "BBC": 2, "：": 19, "面对": 2, "抹黑": 4, "攻击": 4, "打压": 2, "还嘴": 2, "时代": 3, "一去不复返": 2, "12月": 3, "外交部": 1, "发言人": 1, "主持": 1, "例行": 1, "记者会": 1, "外媒": 2, "提问": 1, "援引": 1, "录音": 1, "内容": 2, "称": 3, "驻": 3, "丹麦": 2, "大使": 6, "威胁": 6, "法罗群岛": 5, "签署": 1, "协议": 1, "取消": 3, "自由": 2, "贸易": 2, "协定": 3, "中方": 2, "可否": 1, "证实": 1, "消息": 1, "提": 2, "事实": 1, "错误": 2, "地区": 2, "自贸": 1, "关注": 3, "高官": 1, "企业": 4, "特定": 1, "合作": 5, "才": 1, "关系": 1, "官员": 4, "会面": 1, "履职": 1, "谈": 3, "友好": 1, "维护": 2, "正当": 2, "合法": 2, "权益": 2, "媒体": 1, "误": 1, "别有用心": 1, "随后": 2, "追问": 1, "谈话": 1, "谈到": 2, "涉及": 1, "对此": 1, "回应": 1, "区别": 1, "实质": 1, "意义": 1, "难道": 1, "驻在国": 1, "名字": 2, "逻辑": 1, "处于": 1, "责任": 1, "公民": 1, "环球": 1, "时报": 1, "环球网": 1, "骜": 1, "老总": 1, "女儿": 1, "姚安娜": 3, "21": 1, "岁": 1, "出生于": 1, "云南": 1, "原名": 1, "姚思为": 1, "英文": 1, "AnnebelYao": 1, "拥有": 2, "香港": 1, "户籍": 1, "国籍": 1, "哈佛": 1, "在读": 1, "出生": 1, "别人": 2, "起点": 1, "家世": 1, "地位": 1, "人脉": 1, "资源": 1, "顶级": 1, "娶到": 1, "老婆": 1, "奋斗": 1, "三十": 1, "针对": 3, "年轻人": 2, "推出": 1, "手机": 16, "nova6": 3, "上市": 1, "不知": 1, "理性": 1, "有利于": 1, "竞争力": 1, "符合": 1, "利益": 1, "激怒": 1, "鲁莽": 1, "施压": 1, "反感": 1, "件": 1, "未必": 1, "句号": 1, "主权": 1, "完整": 1, "无惧": 2, "胜利": 4, "O无惧": 1, "5GO": 1, "建": 1, "平板": 1, "同步": 1, "界面": 1, "轻轻": 1, "一拖": 1, "共享": 1, "多屏": 1, "协同": 1, "简直": 3, "nice": 1, "办公": 2, "效率": 3, "提升": 1, "路上": 1, "工作": 3, "人群": 1, "太": 3, "贴心": 1, "高颜值": 1, "MatePad": 2, "Pro": 2, "条": 1, "靓": 1, "仔": 1, "一块": 2, "WatchGT2手表": 1, "戴上": 1, "想": 6, "好看": 2, "真的": 1, "智能": 3, "手表": 3, "期": 1, "身材": 6, "焦虑": 4, "改变": 1, "过度": 1, "在意": 1, "状态": 1, "大声": 1, "原因": 1, "怀孕": 1, "加剧": 1, "幸运": 1, "朋友": 2, "Sabrina": 1, "邀请": 1, "更多": 1, "同理心": 1, "；": 2, "ronghui": 1, "掰": 1, "手指": 1, "算": 1, "半年": 1, "地表": 1, "孕妇": 1, "很": 2, "肚子": 1, "菜卷": 1, "创业": 1, "「": 1, "妞": 1, "」": 1, "到来": 1, "发现": 3, "节目": 1, "自信": 1, "减肥": 1, "节食": 1, "感激": 1, "track": 1, "什么的": 1, "工具": 1, "运动": 4, "记录": 4, "走": 1, "消耗": 1, "热量": 1, "走出": 1, "追踪": 2, "数据": 2, "体重": 1, "忍": 1, "声音": 1, "成就": 1, "快": 2, "年末": 1, "拍拍": 1, "肩膀": 1, "酷感": 1, "开箱": 1, "#趣": 2, "突破": 3, "无极": 2, "LAlexthe": 1, "Girl": 1, "秒拍": 1, "互联网": 2, "大赛": 2, "大厂": 3, "人员": 1, "众多": 1, "第一": 6, "届": 2, "1号": 1, "小米": 2, "2号": 1, "阿里巴巴": 1, "3号": 1, "新浪": 1, "4号": 1, "网易": 1, "5号": 1, "6号": 1, "百度": 1, "7号": 1, "8号": 1, "京东": 1, "心中": 1, "美的": 1, "一家": 1, "补充": 1, "爆照": 1, "加法院": 1, "逮捕": 3, "曝光": 2, "信息": 2, "送": 1, "FBI": 3, "CFO": 1, "1": 1, "下月": 1, "20日": 1, "迎来": 1, "重头戏": 1, "——": 1, "首场": 1, "引渡": 1, "听证会": 1, "将要": 1, "此案": 1, "号称": 1, "手": 1, "自喻": 1, "独立": 1, "执法": 6, "警察": 1, "试图": 1, "西方": 1, "公正": 1, "代言": 1, "实际上": 1, "观察者": 1, "网近期": 1, "案": 2, "相关": 3, "法庭": 2, "警员": 1, "笔记": 1, "反而": 1, "国": 1, "滥用": 1, "执法权": 1, "程序": 2, "正义": 1, "典型": 1, "案例": 1, "值得一提": 1, "披露": 1, "彼时": 1, "部门": 3, "过程": 1, "违背": 1, "本国": 2, "命令": 1, "故意": 1, "延后": 1, "3": 2, "小时": 2, "拘捕": 1, "内": 1, "非法": 1, "逼迫": 1, "分享": 1, "联邦": 2, "调查局": 2, "流程": 1, "漏洞百出": 1, "不列颠哥伦比亚": 1, "认定": 1, "漏洞": 2, "认同": 1, "辩方": 1, "捕风捉影": 1, "说法": 1, "这次": 1, "裁定": 1, "眼里": 1, "霍姆斯": 4, "裁决书": 1, "写道": 1, "提供": 2, "引人注意": 1, "举例": 1, "边境": 1, "服务局": 1, "CBSA": 1, "犯下": 1, "简单": 1, "违反": 1, "密码": 1, "移交": 1, "皇家": 1, "骑警": 1, "RCMP": 2, "足够": 1, "反驳": 1, "推论": 1, "正确": 2, "女士": 1, "随身": 1, "序列号": 1, "标识": 1, "符发": 1, "送给": 1, "空白": 1, "引发": 1, "疑点": 1, "早已": 1, "系列": 1, "轻率": 1, "遐想": 1, "猜测": 1, "结论": 1, "申请": 1, "门槛": 1, "提及": 1, "公开": 2, "行使": 1, "行政": 1, "特权": 1, "阻止": 1, "反对": 1, "提出": 1, "时间表": 1, "战加": 1, "Android": 1, "Authority": 1, "AppleAirPodsPro": 2, "Freebuds3": 1, "评测": 1, "感慨": 1, "麦克风": 2, "烂": 1, "赢": 7, "设计": 1, "苹果": 7, "第二": 1, "主动": 1, "降噪": 1, "第三": 3, "音质": 1, "第四": 1, "第五": 1, "连接": 1, "稳定性": 1, "平局": 2, "第六": 1, "易用性": 1, "第七": 1, "续航": 1, "第八": 1, "价格": 2, "iOS": 1, "系统": 1, "犹豫": 1, "买": 3, "针对性": 1, "优化": 1, "安卓": 1, "SonyWF-1000XM3": 1, "讲真": 1, "冬天": 1, "取暖": 1, "滑板": 1, "滑雪": 1, "冰天雪地": 1, "热血沸腾": 1, "习惯": 1, "发力": 1, "起跳": 1, "瞬间": 2, "复盘": 1, "动作": 1, "改进": 1, "轮": 1, "九": 1, "畅享": 1, "10S": 1, "拍摄": 3, "原片": 1, "动态": 1, "精准": 1, "画质": 1, "清晰": 1, "体会": 1, "旗舰": 2, "全球": 4, "拍照": 2, "转载": 1, "IDC": 1, "可穿戴": 5, "季度": 3, "跟踪": 1, "报告": 1, "2019年": 2, "出货量": 5, "总计": 1, "8450万": 1, "同比": 2, "增长": 4, "94.6%": 1, "单季": 1, "创下": 1, "纪录": 1, "三季度": 1, "188%": 1, "需求": 1, "激增": 1, "大部分": 1, "源于": 1, "耳机": 1, "听": 2, "占据": 1, "半": 1, "份额": 1, "腕带": 1, "红米K30": 2, "残缺版": 2, "便宜": 1, "仔细": 1, "参数": 2, "n41": 1, "n78": 1, "频段": 2, "n77": 1, "n79": 1, "荣耀": 1, "卢伟冰": 1, "雷军": 1, "降": 1, "2000": 1, "以内": 1, "835.5万": 1, "火星": 3, "机会": 2, "身边": 1, "只能": 1, "东西": 1, "选择": 1, "流浪": 1, "张雪迎": 2, "Sophie": 2, "手中": 1, "105": 1, "°": 1, "超广角": 1, "自拍": 3, "故事": 1, "敬请": 1, "期待": 1, "L华": 1, "终端": 1, "官方": 1, "12日": 1, "0:00": 1, "即将": 1, "盛大": 1, "首销": 1, "玻纤版": 1, "款": 1, "配色": 1, "贝母白": 1, "夜阑灰": 1, "率先": 1, "发售": 1, "携": 1, "Mate": 1, "一贯": 1, "高端": 1, "商务": 1, "基因": 1, "职场": 1, "开启": 1, "智慧": 4, "轻": 1, "粉丝": 1, "硬核": 2, "绑架": 1, "老": 2, "撕鸡": 3, "nova5": 1, "吃鸡": 1, "吃": 1, "鸡": 1, "游戏": 2, "挑战": 2, "硬": 1, "核": 1, "清单": 1, "✅": 1, "L老": 1, "头条": 1, "文章": 1, "耐心": 2, "狩猎": 3, "": 1, "财经": 1, "每日": 1, "必读": 1, "赚钱": 2, "季": 1, "周三": 1, "股权": 1, "+": 4, "/": 4, "影视": 1, "能源": 1, "汽车": 1, "区块链": 1, "反弹": 1, "科创": 1, "基建": 1, "周期": 1, "板块": 4, "分化": 1, "穿戴": 1, "养殖": 1, "调整": 2, "主板": 1, "缩量": 1, "上涨": 1, "预设": 1, "明日": 3, "回踩": 2, "观察": 3, "成交量": 1, "放大": 2, "强势": 3, "股": 3, "接力": 4, "亏": 2, "钱": 2, "效应": 3, "再次": 1, "万通": 1, "智控": 1, "南宁": 1, "百货": 1, "漫步者": 1, "华兴": 2, "源创": 2, "标杆": 1, "空间板": 1, "高度": 1, "6板": 1, "首板": 1, "数量": 1, "减少": 3, "大概": 1, "下降": 1, "操作": 2, "难度": 1, "增大": 1, "早盘": 1, "入场": 1, "发散": 1, "优": 1, "策略": 1, "低": 2, "吸": 1, "主线": 1, "人气股": 1, "超跌": 1, "创": 1, "轮动": 1, "补涨": 1, "吸富": 1, "一生": 1, "科创板": 1, "重点": 1, "均线": 1, "企稳": 1, "O耐心": 1, "从没": 1, "面临": 1, "情况": 1, "喘": 1, "气儿": 1, "独自": 1, "来到": 1, "L智族": 1, "GQ": 1, "航灯": 3, "机场": 5, "运行": 3, "解决": 2, "困扰": 2, "业界": 2, "通信": 3, "难题": 2, "飞行区": 1, "用于": 1, "引导": 1, "飞机": 5, "起降": 1, "滑行": 2, "提高": 2, "定位": 1, "ADS-B": 1, "获取": 1, "实时": 1, "准确": 1, "点亮": 2, "关闭": 1, "跟随": 1, "滑行道": 1, "逐个": 1, "助航灯": 2, "快速": 1, "停机位": 1, "划过": 1, "熄灭": 1, "影响": 1, "跑道": 1, "入侵": 1, "停顿": 1, "创新": 1, "专利": 1, "PLC": 1, "iot": 1, "不遗余力": 1, "数字化": 1, "转型": 1, "共建": 1, "mate30": 1, "讲述": 1, "mate30pro": 1, "冰岛": 1, "挪威": 1, "极光": 2, "延时": 3, "摄影": 2, "照片": 1, "30pro": 1, "以往": 1, "大幅度": 1, "自定义": 1, "单帧": 1, "星空": 1, "半段": 1, "教学": 1, "正片": 1, "5": 1, "分钟": 1, "豆子": 1, "欧阳": 1, "潼舢": 1, "春卷": 1, "相机": 1, "Beta": 1, "8KRAWL苏铁s": 1, "美化": 1, "PPT": 1, "拼命": 1, "编辑": 1, "Word": 1, "流泪": 1, "制作": 1, "Excel": 1, "崩溃": 1, "...": 1, "低效": 1, "不停": 1, "可爱": 1, "下手": 1, "横": 1, "快乐": 1, "之间": 1, "横刀": 1, "分分钟": 1, "南": 1, "跨越": 1, "坎": 1, "打开": 2, "MatePadPro": 1, "WPS": 1, "试试": 1, "上头": 1, "细细": 1, "品": 1, "LZEALER": 1}