{"华为": 78, "一个": 6, "女孩": 3, "安徽": 1, "农村": 2, "出身": 1, "爸": 2, "读": 1, "高中": 1, "昆山": 1, "打工": 1, "叔叔": 1, "镇": 1, "中学": 1, "老师": 1, "算": 2, "见识": 1, "同意": 1, "爸吵": 1, "架": 1, "女生": 3, "211": 1, "大学": 1, "英语": 1, "搞": 4, "8": 1, "毕业": 1, "后进": 1, "常驻": 1, "德国": 1, "龙岗": 1, "买": 2, "三": 2, "室": 2, "花": 1, "几十万": 1, "县城": 1, "叔": 2, "套": 1, "养老": 1, "感谢": 1, "早上": 1, "新闻": 1, "湖北": 2, "考省": 1, "保密局": 1, "第一": 3, "名": 1, "刷": 1, "考生": 1, "工作": 2, "不错": 2, "地级市": 1, "法委": 1, "心气": 1, "当地": 1, "找": 1, "工安": 1, "系统": 3, "对象": 1, "贫苦": 1, "人生": 1, "跨越": 1, "不用": 2, "厂妹": 1, "猪": 1, "鸡": 1, "上海": 3, "虹桥": 4, "5G": 31, "火车站": 9, "今日": 3, "携手": 3, "正式": 3, "启动": 3, "建设": 7, "网络": 25, "采用": 2, "5G室": 2, "内": 2, "数字": 3, "计划": 3, "2019年": 4, "年内": 2, "深度": 2, "覆盖": 2, "智能": 11, "出行": 2, "体验": 3, "一睹为快L": 1, "新浪": 1, "科技": 4, "视频": 4, "​": 14, "全球": 10, "智慧": 1, "仪式": 1, "元宵节": 1, "来临": 2, "之际": 1, "请": 1, "跟随": 1, "主持人": 1, "小哈": 1, "镜头": 1, "车站": 1, "L华": 1, "中国": 19, "午间": 1, "简评": 3, "携": 1, "轮": 1, "贸易": 1, "谈判": 1, "偏暖": 1, "消息": 4, "刺激": 1, "市场": 3, "再度": 1, "科技股": 3, "带动": 2, "强势": 2, "上攻": 1, "半导体": 1, "、": 29, "光伏": 1, "消费": 2, "电子": 1, "概念": 1, "国产": 1, "软件": 1, "工业": 1, "互联": 2, "反复": 1, "嘴皮": 1, "都": 4, "磨": 1, "破": 1, "制造": 2, "2025": 1, "行业": 1, "领涨": 1, "标杆": 1, "年后": 1, "掀起": 1, "行情": 2, "依然": 2, "持续": 2, "火热": 1, "~": 1, "白马": 1, "权重股": 1, "外资": 1, "助推": 1, "涨势": 1, "上午": 2, "盘": 3, "中位数": 1, "涨跌幅": 1, "来到": 1, "1.9%": 1, "普涨": 1, "背景": 1, "量能": 3, "攀升": 1, "上证": 1, "1200亿": 1, "元": 2, "深证": 1, "1800亿": 1, "足够": 1, "下午": 1, "急缩": 2, "；": 1, "早盘": 1, "用力": 1, "猛": 2, "后续": 1, "粮草": 1, "很": 2, "引发": 2, "短线": 1, "级别": 1, "调整": 2, "届时": 1, "主动": 1, "止盈": 1, "短线单": 1, "操作": 1, "策略": 1, "防守": 1, "准则": 1, "仓位": 2, "偏": 1, "低": 1, "可择": 1, "切入": 1, "5-7": 1, "左右为宜": 1, "直播": 2, "：": 27, "火速": 1, "围观": 1, "！": 10, "OnFebruary": 1, "18": 1, "China'stechgiantHuawei": 1, "willunveiltheworld'sfirst5GdigitalindoorsysteminShanghaiHongqiaoRailway": 1, "Station.JoinCGTNtoseehowfast5Gtechnologycan": 1, ".": 2, "CGTN": 1, "内部": 4, "目标": 4, "超": 2, "三星": 5, "手机商": 1, "业内": 1, "人士": 6, "称": 9, "@": 1, "手机": 11, "试图": 1, "赶超": 1, "厂商": 1, "报道": 6, "增强": 1, "芯片": 1, "解决": 4, "方案": 2, "供应": 1, "自足性": 1, "2018年": 2, "7月份": 1, "首次": 2, "超越": 1, "苹果": 4, "公司": 4, "第二": 1, "经销商": 1, "O华": 3, "商​": 1, "发布": 6, "头条": 2, "文章": 2, "Mate20": 2, "顶": 2, "Mate20P": 2, "RO": 2, "光环": 2, "平庸": 2, "辈": 2, "英闻": 2, "解码": 2, "破译": 2, "ExtraditionTreaty": 3, "美国": 16, "司法部": 2, "早前": 1, "记者会": 1, "起诉": 1, "通讯": 6, "制造商": 1, "副董事长": 1, "孟晚舟": 3, "13": 1, "项": 1, "罪名": 1, "加拿大": 2, "之间": 1, "加方": 1, "引渡": 1, "接受": 2, "审讯": 1, "L凤凰": 1, "卫视": 1, "奥地利": 4, "电信力": 2, "挺": 2, "奥媒": 2, "抵制": 5, "场": 3, "伪善": 2, "讨论": 3, "标准报": 1, "系列": 4, "西方": 3, "国家": 21, "顾虑": 1, "退出": 2, "业务": 1, "电信": 1, "官方": 2, "持有": 1, "股份": 1, "希望": 2, "合作": 2, "交通": 1, "创新": 4, "科技部": 1, "份": 4, "声明": 1, "警告": 1, "排除": 1, "阻碍": 1, "该部": 1, "怀疑": 1, "施加": 1, "压力": 2, "背后": 1, "隐藏": 1, "经济": 1, "政策": 1, "利益": 2, "O奥地利": 1, "近日": 2, "土耳其": 1, "运营商": 1, "Turkcell": 2, "选择": 1, "面向": 2, "演进": 3, "全云化": 2, "核心网": 3, "项目": 2, "云化": 3, "EPC": 1, "商用": 1, "CUPS": 1, "灰度": 1, "升级": 3, "关键": 1, "技术": 7, "提供": 3, "助力": 1, "达成": 1, "转型": 1, "平滑": 1, "集团": 1, "战略": 2, "杨洁篪": 2, "舌战": 2, "美": 3, "副总统": 3, "彭斯": 3, "企业": 4, "装": 2, "后门": 4, "搜": 1, "情报": 7, "遭遇": 1, "质疑": 1, "氛围": 1, "国务委员": 1, "中央": 1, "外事": 1, "委员会": 1, "办公室": 1, "主任": 1, "慕尼黑": 1, "发声": 1, "政府": 10, "安装": 1, "搜集": 3, "外国": 1, "为此": 2, "激烈": 1, "交锋": 1, "O杨": 1, "洁篪": 1, "搜情": 1, "报​": 1, "时代": 1, "人类": 1, "构建": 1, "万物": 1, "世界": 5, "激发": 1, "增长": 1, "极简": 1, "部署": 1, "发展": 1, "步入": 1, "快车道": 1, "信息": 2, "演绎": 1, "无处不在": 1, "联接": 1, "无所不及": 1, "MWC2019": 2, "大会": 2, "前沿": 1, "资讯": 1, "进展": 2, "2月": 3, "20日": 2, "举办": 1, "伦敦": 2, "预沟": 1, "通会": 1, "精彩": 1, "呈现": 1, "无疾而终": 2, "影响": 3, "核心": 1, "真的": 2, "竞争力": 2, "产品": 2, "只能": 1, "打架": 1, "拳头": 1, "嘴": 1, "喊": 1, "打赢": 1, "O西方": 1, "疾": 1, "终​": 1, "P30Pro": 3, "3月": 2, "26日": 2, "法国": 1, "巴黎": 1, "拍照": 2, "支持": 1, "5": 2, "倍": 1, "光学": 1, "变焦": 2, "这次": 1, "超级": 1, "功能": 1, "手机界": 1, "望远镜": 1, "立个": 1, "Flag": 1, "预计": 3, "旗舰": 2, "P30": 3, "外观": 3, "惊艳": 2, "再次": 3, "引领": 2, "潮流": 2, "左手": 1, "艺术": 1, "右手": 1, "时尚": 1, "扛鼎之作": 1, "期待": 1, "P6": 1, "态度": 1, "P9": 1, "红": 1, "蓝CP": 1, "P10": 1, "草木": 1, "绿": 1, "P20": 1, "光蓝": 1, "P系列": 1, "设计": 1, "东东": 1, "TA": 1, "晚安": 1, "一生": 1, "总会": 1, "运气": 1, "表爆棚": 1, "机会": 1, "时刻": 2, "......": 1, "生活": 3, "中都": 1, "碰到": 1, "奇迹般": 1, "走运": 1, "转评": 1, "小云": 1, "随机": 1, "抽": 1, "送出": 1, "耳机": 1, "小米": 3, "9": 1, "P20Pro": 1, "后盖": 1, "好看": 2, "风波": 3, "欧洲": 6, "独立性": 2, "试金石": 3, "傲慢": 1, "愚蠢": 1, "杀鸡取卵": 1, "迄今为止": 1, "机构": 2, "发现": 2, "设备": 19, "做手脚": 1, "非法": 1, "使用者": 1, "证据": 2, "指控": 1, "基于": 1, "想象": 1, "英国": 33, "结论": 7, "中心": 6, "认定": 1, "办法": 2, "未来": 2, "高速": 1, "风险": 7, "打消": 1, "担心": 2, "第三方": 1, "可信": 1, "依据": 1, "本来": 1, "政治": 2, "逻辑": 1, "上都": 1, "讲": 1, "不通": 1, "高科技": 1, "巨头": 1, "干": 2, "无异": 1, "自杀": 7, "强迫": 1, "等于": 1, "扼杀": 1, "新兴": 1, "产业": 3, "繁荣": 1, "贡献": 1, "一点": 1, "同日而语": 1, "近段": 1, "时间": 1, "跟着": 1, "炒作": 1, "威胁": 7, "背离": 1, "实事求是": 2, "精神": 1, "意识": 1, "形态": 2, "优先": 1, "营造": 1, "排挤": 1, "正确": 1, "推波助澜": 1, "物美价廉": 1, "高效": 1, "便宜": 1, "捍卫": 1, "独立": 1, "角色": 1, "O": 4, "社评": 1, "柳传志": 2, "改革": 3, "牺牲者": 2, "开放": 2, "企业家": 1, "七旬": 1, "联想": 2, "控股": 1, "董事长": 2, "深耕": 1, "投资": 1, "为数不多": 1, "商界": 1, "驰骋": 1, "5月": 1, "编码": 1, "投票": 1, "拿来": 1, "贸工技": 1, "技工贸": 1, "路线": 1, "专访": 1, "O柳": 1, "传志": 1, "任正非": 11, "困难": 4, "处境": 3, "催生": 3, "变革": 4, "组织": 2, "结构": 1, "18日": 1, "社区": 1, "创始人": 1, "无线": 1, "提及": 1, "外部": 1, "心态": 1, "被迫": 1, "自力更生": 1, "重磅": 2, "确认": 3, "可控": 5, "金融": 3, "时报": 3, "知情": 3, "信心": 2, "控制": 3, "公众": 3, "保证": 3, "审慎": 3, "方式": 2, "建议": 5, "防范": 4, "措施": 5, "O重磅": 1, "(": 3, "NationalCyberSecurityCentre": 1, ")": 3, "尚未": 1, "公布": 1, "报告": 2, "援引": 3, "五": 2, "眼": 2, "联盟": 2, "成员": 2, "服务商": 2, "参与": 3, "基础": 2, "设施": 2, "评估": 3, "这项": 1, "文化": 1, "媒体": 3, "体育部": 1, "DCMS": 2, "牵头": 1, "春季": 2, "包括": 4, "应对": 1, "推荐": 1, "供应商": 2, "多样化": 1, "领域": 2, "上周五": 1, "秘密": 1, "军情": 2, "六处": 2, "MI6": 1, "负责人": 3, "AlexYounge": 1, "温和": 2, "立场": 2, "太": 1, "简单": 2, "禁止": 1, "这是": 2, "各国": 2, "主权": 1, "评": 1, "费尽心机": 1, "围堵": 1, "边境": 1, "墙": 1, "裂缝": 1, "浮现": 1, "一丝生机": 1, "杨格": 1, "过于": 1, "一禁了事": 1, "权": 1, "找出": 1, "通信": 1, "总部": 1, "汉尼根": 1, "撰文": 1, "从未": 1, "实施": 1, "活动": 1, "指称": 1, "胡说八道": 1, "领导人": 1, "分量": 1, "接触": 1, "敏感": 1, "争辩": 1, "确信": 1, "面临": 1, "减轻": 1, "行事": 1, "前提": 1, "透露": 1, "调查": 1, "提出": 1, "后者": 1, "提高": 1, "多样性": 1, "区域": 1, "禁区": 1, "MaisieSly": 1, "听觉": 1, "障碍": 2, "Jamaliah": 1, "视觉": 1, "老人": 1, "充满": 1, "缺憾": 1, "渴望": 1, "交流": 1, "正常人": 1, "感知": 1, "伙伴": 1, "借助": 1, "HiAI": 1, "平台": 1, "人工": 1, "开发": 2, "改变": 1, "送给": 1, "礼物": 1, "折": 1, "叠屏": 2, "一大": 1, "热点": 1, "大厂": 1, "均": 1, "涉足": 1, "近期": 1, "拥有": 1, "黑莓": 1, "阿尔卡特": 1, "品牌": 1, "TCL": 4, "研发": 1, "可折": 1, "CNET": 2, "渠道": 1, "渲染图": 1, "专利": 2, "图像": 1, "文件": 1, "显示": 1, "至少": 1, "款": 6, "柔性": 1, "屏": 1, "平板": 1, "电脑": 1, "1": 1, "弯曲": 1, "手表": 1, "/": 1, "腕带": 1, "高管": 1, "2020年": 1, "旗下": 1, "首款": 1, "折叠": 4, "逮捕": 1, "独家": 1, "扶持": 1, "领导": 3, "估计": 1, "思路": 1, "竞争": 1, "对手": 1, "甩": 2, "远": 2, "不仁": 1, "不义": 1, "IT": 1, "逼": 1, "索尼": 4, "CEO": 4, "对话": 3, "曝光": 3, "抑郁": 3, "沿途": 3, "下蛋": 3, "鼠窜": 4, "挨打": 3, "…": 2, "成功": 4, "真相": 3, "2000年": 1, "忧郁症": 2, "患者": 1, "想": 3, "每次": 1, "孙": 2, "亚芳": 1, "电话": 1, "对比": 1, "抛开": 1, "实用性": 1, "耐用性": 1, "谈": 1, "3": 1, "屏手": 1, "厉害": 1, "更新": 1, "iPhone": 1, "LS丶Rachel": 1, "愛嫌": 1, "愛用": 1, "華為​": 1, "……": 1, "日前": 1, "会见": 1, "吉田宪一郎": 2, "会谈": 1, "纪要": 2, "流出": 1, "发问": 1, "视角": 1, "揭开": 1, "不少": 1, "鲜为人知": 1, "故事": 1, "坦言": 1, "患有": 1, "包装": 1, "样子": 1, "平视": 1, "日本": 1}