{"华为": 55, "全球": 3, "投放": 1, "精彩": 2, "广告": 1, "合集": 1, "好评": 2, "无数": 1, "创意": 1, "温暖": 1, "L": 2, "神奇": 2, "视频": 8, "@": 14, "​": 14, "5G": 16, "宣传片": 1, "提": 1, "精神": 2, "设备": 2, "亮相": 2, "英国": 1, "首次": 3, "直播": 2, "L嘉善": 1, "老顾": 1, "P30Pro": 2, "今日": 1, "下班": 1, "路上": 1, "扫街": 1, "～​": 1, "米国贼": 1, "喊": 2, "捉": 1, "贼": 1, "华姐": 1, "：": 10, "请": 1, "退休": 2, "75": 2, "岁": 3, "老人": 1, "任正非": 12, "！": 21, "糖尿病": 1, "患者": 1, "本来": 3, "都": 5, "快": 3, "熟悉": 1, "节俭": 1, "超级": 1, "爱": 1, "读书": 2, "清净": 1, "日子": 1, "近期": 5, "很": 1, "难": 1, "43": 1, "炒鱿鱼": 1, "不得不": 3, "创业": 1, "雇佣": 1, "公司": 2, "太": 4, "抛头露面": 1, "面对": 1, "全世界": 1, "背后": 1, "苦难": 2, "老": 1, "IEEE": 9, "解除": 3, "央视": 17, "报道": 29, "崔": 13, "娃": 13, "脱口秀": 19, "宝贝": 11, "中国": 19, "崔娃": 5, "TrevorNoah": 7, "节目": 8, "在线": 4, "吐槽": 11, "美国": 24, "打压": 10, "翠西": 1, "刘欣": 1, "辩论": 1, "热门": 1, "话题": 1, "近日": 1, "吴": 11, "茉彤": 11, "海外": 11, "媒体": 15, "热度": 1, "输": 1, "声援": 6, "民族": 20, "品牌": 14, "助推": 1, "文化": 9, "赞誉": 5, "连连": 1, "吴茉彤": 11, "棒": 1, "这才": 2, "性感": 1, "尤物": 1, "~": 6, "loveu": 1, "世界": 4, "魔法": 3, "学校": 1, "🌟部部": 1, "吹": 2, "波": 1, "手机": 6, "拍": 2, "肉眼": 1, "细节": 1, "城堡": 2, "内部": 2, "清晰": 1, "展现": 1, "地点": 2, "大阪": 1, "USJ": 1, "环球": 1, "影城": 1, "拍摄者": 1, "鈴木渓徳": 1, "PS": 1, "摄影": 1, "霍格沃茨": 1, "观光区": 1, "拍照": 1, "～": 1, "哈利波特": 1, "": 1, "永存​": 1, "电梯": 1, "苹果": 4, "信号": 6, "这是": 2, "现象": 1, "……": 2, "满格": 1, "难怪": 1, "差": 1, "差距": 1, "英航": 1, "视界": 1, "电影": 2, "悟空": 2, "刷屏": 1, "网友": 7, "永不": 1, "天高地厚": 2, "5月": 2, "23日": 1, "官方": 2, "发布": 1, "短片": 1, "携手": 1, "第十一": 1, "届": 1, "FIRST": 1, "影展": 1, "最佳": 2, "影片": 1, "导演": 2, "获得者": 1, "蔡成杰": 1, "拍摄": 1, "第一": 1, "支": 1, "裸机": 1, "竖屏": 1, "片长": 1, "8": 1, "分钟": 1, "片如其名": 1, "贯穿": 1, "全片": 1, "主线": 1, "正是": 1, "主人公": 1, "男孩": 1, "喜爱": 1, "孙悟空": 1, "后者": 1, "拥有": 1, "十八般": 1, "武艺": 1, "不畏": 1, "艰险": 1, "敢于": 1, "恶": 1, "势力": 1, "斗争": 1, "网友们": 2, "看完": 1, "不禁": 1, "惊呼": 2, "仿佛": 1, "真的": 1, "回到": 1, "童年": 1, "不知": 1, "L华": 1, "终端": 1, "著名": 3, "主持人": 4, "特雷弗·诺亚": 2, "片段": 2, "260万": 2, "观看": 2, "5万点赞": 2, "网民": 1, "热评": 1, "我国": 1, "女星": 9, "知行合一": 1, "助力": 1, "走向": 1, "戛纳": 2, "红毯": 2, "惊艳": 1, "至今": 1, "备受": 3, "海内外": 3, "盛赞": 1, "昂首挺胸": 1, "知名": 2, "行政": 1, "手段": 1, "封禁": 1, "正中": 1, "心窝": 1, "窝": 1, "事迹": 1, "200多": 7, "包括": 1, "路透社": 2, "在内": 1, "骄傲V5": 1, "美": 7, "崔娃TrevorNoah在线": 2, "说到": 2, "心坎儿": 2, "段": 2, "点名": 6, "点赞": 4, "发声": 2, "爱国": 1, "心棒棒哒": 1, "事件": 4, "拉": 2, "紧心": 1, "弦": 1, "大家伙": 1, "承包": 1, "笑点": 1, "西方": 1, "竞相": 1, "对象": 1, "稀饭": 2, "无可挑剔": 1, "...": 3, "转发": 2, "赠书": 1, "分享": 1, "英雄": 1, "语录": 1, "持续": 1, "发酵": 1, "回应": 1, "佩服": 2, "胸怀": 1, "采访": 1, "混淆": 1, "政府": 1, "企业": 4, "煽动": 1, "民粹主义": 1, "此次": 1, "沉着": 1, "、": 3, "冷静": 1, "理想": 2, "站": 1, "最高点": 1, "冲突": 1, "不可避免": 1, "2000年": 1, "预期": 1, "信心": 1, "决心": 1, "努力": 1, "渡过": 1, "时期": 1, "关注": 2, "书": 1, "天天": 1, "荐": 1, "3": 1, "随机": 1, "送": 1, "6月": 3, "10日": 1, "截止": 1, "O抽奖": 1, "详情": 1, "幽默": 3, "风趣": 3, "风格": 2, "三观": 2, "认可": 3, "同期": 2, "推广": 2, "身体力行": 4, "支持": 5, "高度": 3, "实力": 2, "圈粉": 2, "骄傲": 2, "芯片": 1, "供应": 1, "这下": 1, "稳": 1, "东森": 1, "新闻": 2, "bbc": 1, "5g": 1, "掐头": 1, "尾来": 1, "带": 1, "节奏": 1, "识破​": 1, "期": 1, "兴奋": 1, "发声nice": 1, "~​": 2, "TrevorNoah在线": 1, "评价": 1, "国外": 1, "网站": 1, "好样": 1, "锐": 1, "参考": 1, "这几天": 3, "三": 2, "件": 2, "大事": 2, "3日": 1, "上午": 1, "国际": 1, "电气": 1, "电子": 1, "工程师": 1, "协会": 1, "最新": 1, "消息": 3, "——": 2, "登上": 1, "热搜": 1, "上周": 1, "公然": 1, "承认": 1, "员工": 2, "发出": 1, "公开": 1, "低头": 1, "改口": 1, "服软": 1, "联邦": 1, "快递": 1, "立案": 1, "调查": 1, "发现": 1, "绝不": 1, "退让": 1, "据理力争": 1, "态势": 1, "O": 1, "百余": 1, "行合一nice": 1, "~么": 1, "哒​": 1, "P30": 4, "系列": 4, "热卖": 1, "经销商": 1, "抢夺": 2, "用户": 3, "2日": 1, "称": 2, "全力": 1, "备货": 1, "富士康": 2, "投入": 1, "精力": 1, "配合": 1, "订单": 1, "单月": 1, "销量": 1, "超": 1, "200万": 1, "台": 2, "预计": 1, "2019年": 3, "出货量": 1, "有望": 1, "突破": 1, "2000万": 1, "市场": 1, "调研": 1, "机构": 1, "CIN": 1, "NO": 1, "Research": 1, "不少": 1, "新京报": 1, "秒拍": 1, "注册": 2, "整本": 1, "山海经": 4, "炒": 1, "沸沸扬扬": 1, "有人": 1, "指出": 2, "操作": 1, "系统": 1, "鸿蒙": 4, "庄子": 1, "叶": 2, "舒宪": 2, "中原": 1, "帝鸿": 2, "帝江": 1, "才": 1, "导致": 1, "误读": 1, "创世鸟": 3, "神话": 8, "原型": 1, "以此": 1, "名": 1, "专利": 1, "确实": 1, "意味深长": 1, "文学": 3, "人类学": 1, "揭秘": 1, "激活": 2, "良渚": 2, "神徽": 2, "神话学": 2, "奠基人": 1, "称之为": 1, "人类": 1, "学派": 1, "四": 2, "证据法": 1, "学": 1, "艺术": 1, "拓展": 1, "历史": 1, "考古": 1, "研究": 1, "尝试": 1, "史前": 2, "图像": 2, "观念": 2, "阐释": 1, "本文": 1, "证据": 4, "间性": 1, "互阐": 1, "作用": 3, "带来": 1, "方法": 1, "启迪": 1, "萨满": 2, "幻象": 2, "鸟": 3, "合体": 2, "意象": 2, "入手": 1, "解读": 1, "人鸟": 1, "河姆渡": 1, "朝阳": 1, "发掘": 1, "潜含": 1, "长三角": 1, "崇拜": 1, "贯通": 1, "阐发": 1, "古": 1, "文献": 2, "神鸟帝": 1, "鸿": 1, "创世观": 1, "催生": 1, "想象": 1, "第三": 1, "叙事": 2, "一二": 1, "文物": 1, "再语": 1, "境化": 1, "提炼": 1, "董明珠": 2, "眼里": 1, "企业家": 1, "向往": 1, "/": 4, "一个": 1, "共同点": 1, "专注": 1, "董": 1, "小姐": 1, "讲": 1, "格力": 1, "房地产": 2, "业务": 4, "赚": 1, "不义之财": 1, "科技": 2, "研发": 1, "苦": 1, "笨": 1, "事情": 2, "强大": 1, "停": 1, "条": 1, "生产线": 1, "估计": 1, "上周五": 1, "伟创力": 1, "珠海": 1, "工业园": 1, "生产": 1, "恢复": 1, "走伟": 1, "创力": 1, "物料": 1, "找": 1, "复工": 1, "不用": 1, "听风就是雨": 1, "运营商": 2, "崔娃TrevorNoah": 1, "粉丝": 1, "扶摇直上": 1, "瞩目": 1, "干": 1, "漂亮": 1, "迄今为止": 1, "美股": 1, "今晚": 2, "走势": 1, "分裂": 1, "穷": 1, "死": 1, "跌破": 1, "年线": 1, "半年": 2, "线": 2, "反抽": 1, "厮": 1, "搭客": 1, "标普": 1, "500": 1, "边上": 1, "苦苦": 1, "挣扎": 1, "趋势": 1, "地球": 1, "牛皮": 1, "特没谱": 1, "总统": 1, "吹牛": 1, "资本": 1, "伸出": 1, "橄榄枝": 1, "孤哥": 1, "跌": 1, "5%": 1, "吃": 1, "壶": 1, "没完": 1, "子公司": 1, "参加": 1, "出版": 1, "过程": 1, "同行": 1, "评审": 1, "编辑": 1, "工作": 1, "会员": 1, "参与": 1, "活动": 1, "雇主": 1, "山寨": 1, "揭穿": 1, "①": 1, "禁止": 1, "②": 1, "本国": 1, "4G": 2, "标识": 1, "悄悄": 1, "改为": 1, "③": 1, "前不久": 1, "搞出": 1, "速度": 6, "嗖嗖": 1, "通讯": 1, "脚": 1, "迈": 1, "上好": 1, "台阶": 1, "去年": 1, "12月": 1, "21日": 1, "电信": 1, "AT&T": 2, "12": 1, "城市": 3, "推出": 1, "网络": 5, "胸脯": 1, "上半年": 2, "19": 2, "2020年": 2, "保证": 2, "至少": 2, "2亿": 2, "上5G": 2, "欢天喜地": 1, "对劲": 1, "数据": 1, "曝光": 1, "妈": 1, "的确": 1, "神速": 1, "测试": 1, "24MB": 1, "秒": 4, "相比4G": 1, "仅仅": 1, "0.93MB": 3, "交": 1, "1339": 1, "美元": 1, "9200": 1, "元": 1, "人民币": 1, "伸手": 1, "大要": 1, "钱": 1, "骗": 1}