{"啊啊": 2, "华为": 50, "P30Pro": 15, "好多": 1, "好看": 1, "颜色": 3, "选": 1, "转+关": 1, "抽": 1, "！": 9, "512G": 1, "内存": 1, "任选": 1, "！！": 1, "🉑️": 1, "折现": 1, "～": 2, "@": 8, "抽奖": 1, "平台": 1, "5月": 1, "5日": 1, "​": 16, "拆解": 5, "：": 10, "胶水": 4, "太": 4, "布局": 4, "紧凑": 4, "不易": 2, "维修": 4, "国外": 1, "知名": 1, "手机": 16, "团队": 1, "iFixit": 3, "近日": 2, "内部": 2, "固定": 1, "空间": 3, "十字": 1, "螺丝刀": 1, "拆卸": 1, "最终": 1, "成绩": 2, "打出": 2, "4分": 2, "满分": 1, "10分": 1, "分数": 1, "修": 2, "IT之家": 1, "OiFixit": 1, "一个": 3, "打脸": 1, "视频": 19, "爱否": 11, "质疑": 14, "拍": 30, "月亮": 38, "造假": 19, "真相": 2, "编辑": 1, "不学无术": 1, "别家": 1, "测评": 5, "很": 3, "简单": 5, "办法": 1, "验证": 1, "1": 2, "分钟": 2, "解决": 1, "AI": 14, "修图": 3, "录像": 2, "明明白白": 1, "拍到": 2, "纹理": 1, "能力": 3, "毫无疑问": 1, "理解": 3, "彭林FView": 1, "吃饭": 1, "生存": 1, "手机厂": 1, "老板": 1, "投资": 1, "P20Pro": 2, "、": 7, "大底": 1, "；": 3, "主流": 1, "都": 15, "V20": 2, "摄远": 1, "超过": 1, "米9": 1, "照相": 1, "米": 1, "9": 1, "缺乏": 2, "测试": 3, "手段": 2, "常识": 1, "就说": 1, "P图": 3, "独立": 1, "客观": 1, "第三方": 1, "底线": 1, "吃": 1, "难看": 1, "评判": 1, "标准": 1, "众人": 1, "历史": 1, "尘埃落定": 1, "公论": 1, "错": 1, "道歉": 1, "认错": 1, "丢人": 2, "死": 1, "扛": 1, "才": 1, "L那岩": 1, "​​​": 1, "昨晚": 1, "有人": 2, "旗舰": 1, "机型": 1, "拍摄": 6, "自动": 2, "P上去": 1, "王跃琨": 2, "发": 1, "消息": 1, "瞬间": 1, "轩然大波": 1, "媒体": 1, "网友": 6, "纷纷": 1, "力图证": 1, "真伪": 1, "不少": 1, "发现": 2, "模糊": 6, "确实": 2, "原本": 1, "细节": 6, "……": 5, "魏布斯": 1, "模式": 21, "天空": 1, "优化": 3, "增加": 4, "锐度": 1, "对比度": 1, "无中生有": 1, "证明": 1, "P": 2, "特意": 1, "树枝": 1, "挡住": 1, "麦兜": 1, "MaidouD": 1, "Emaidou": 1, "照片": 7, "内置": 1, "ISPP": 1, "包括": 1, "手动": 1, "手机P": 1, "真的": 2, "靠不住": 1, "找": 2, "井": 1, "肯定": 1, "小学": 1, "篇": 1, "课": 1, "文学": 1, "捞": 1, "看法": 1, "AI优化": 1, "算": 5, "算是": 1, "定义": 1, "外媒": 2, "全球": 1, "拆": 1, "镜头": 2, "占": 1, "主板": 2, "做工": 1, "集成度": 1, "精细度": 1, "以往": 3, "再次": 1, "提升": 2, "设计": 2, "提出": 1, "亮点": 2, "内嵌": 1, "诸多": 1, "自研": 1, "芯片": 1, "自主性": 1, "无疑": 1, "国内": 1, "品牌": 1, "拆机": 1, "感叹": 1, "最多": 2, "构造": 1, "精密": 1, "不愧": 1, "打电话": 1, "相机": 4, "P30": 6, "事情": 1, "远": 1, "最初": 1, "想": 1, "图1": 3, "图源": 3, "专业": 4, "3关ai": 1, "点击": 2, "屏幕": 2, "焦": 2, "糊": 1, "图片": 16, "50": 2, "倍": 2, "ai月亮": 2, "三脚架": 1, "手抖": 2, "稳": 1, "清晰": 4, "原图": 2, "很多": 1, "比对": 1, "分析": 2, "触发": 3, "额外": 1, "算法": 11, "轮廓": 3, "跟着": 1, "走": 1, "素材": 1, "明暗": 1, "信息": 2, "用到": 2, "图像": 8, "高端": 1, "提高": 2, "分辨率": 3, "接下来": 1, "解密": 1, "今晚": 1, "30pro拍": 1, "顺序": 1, "广角": 1, "1x": 1, "5x": 1, "10": 1, "30": 1, "40": 1, "50x": 1, "凑数": 1, "星星": 1, "建议": 4, "看点": 1, "带绳": 1, "壳": 1, "拍照": 5, "总怕": 1, "手里": 1, "掉": 1, "简直": 1, "心惊胆战": 1, "…​": 1, "发布": 1, "头条": 1, "文章": 1, "买": 5, "分歧日": 1, "赚钱": 1, "季": 1, "": 1, "财经": 1, "每日": 1, "必读": 1, "周五": 1, "能源": 3, "汽车": 5, "+": 6, "央企": 1, "国改": 1, "概念": 1, "长三角": 1, "自贸区": 2, "养殖": 1, "知识": 1, "产权": 1, "板块": 3, "助攻": 1, "缩量": 1, "调整": 2, "强势": 1, "股": 1, "亏": 1, "钱": 2, "效应": 1, "日内": 1, "高潮": 1, "情绪盘": 1, "明日": 1, "情绪": 2, "修复": 1, "机会": 2, "随之": 1, "酝酿": 1, "分歧": 2, "重点": 1, "关注": 1, "东风": 1, "科技": 4, "置信": 1, "电气": 1, "保税": 1, "龙头": 2, "标杆": 1, "观察": 1, "主线": 2, "3": 4, "套": 3, "优": 2, "选择": 1, "回踩": 1, "企稳": 1, "潜伏": 1, "低位": 1, "品种": 1, "轮动": 1, "低": 3, "吸富": 1, "一生": 1, "Ps": 1, "皮皮": 1, "加仓": 1, "仓长": 1, "三角": 1, "O买": 1, "人类": 1, "智慧": 1, "相通": 1, "2019年": 2, "杯": 2, "围甲": 4, "联赛": 2, "正式": 2, "开启": 1, "围观": 1, "艺术": 1, "黑白": 1, "之间": 2, "交融": 1, "请问": 1, "热搜": 2, "漏油": 1, "奔驰": 1, "模仿": 1, "小编": 1, "手法": 1, "P个": 1, "航母": 1, "#1": 1, ".": 5, "P30pro": 1, "自然": 1, "智能": 4, "左图": 1, "小白": 1, "右图": 1, "AI加": 1, "网上": 1, "填": 1, "神经": 2, "网络": 4, "训练": 1, "传统": 2, "增强": 4, "技术": 11, "效果": 2, "4.": 1, "学术": 1, "这不": 2, "标明": 1, "等于": 1, "女": 2, "漂亮": 2, "美化": 1, "女性": 1, "自拍": 1, "美女": 1, "冒充": 1, "5.": 1, "需求": 1, "喜欢": 1, "关掉": 1, "加A": 1, "I": 1, "功能": 1, "不行": 1, "图2": 1, "叶字": 1, "放大": 2, "叶": 1, "字": 2, "位置": 1, "橘色": 1, "熟悉": 1, "朋友": 3, "缩小": 1, "大概": 1, "噪声": 1, "呼之欲出": 1, "有没有": 1, "素材p": 1, "对比": 1, "等效": 1, "焦距": 1, "差不多": 1, "画幅": 1, "单反": 2, "起码": 1, "深浅": 1, "重合": 1, "p入": 1, "设备": 1, "大概率": 1, "学习": 1, "海量": 1, "概率": 1, "不大": 1, "水平": 1, "希望": 2, "借助": 1, "人士": 1, "力量": 1, "呈现": 1, "消费者": 1, "内容": 1, "感谢": 1, "帮忙": 1, "多多": 1, "补充": 1, "指点": 1, "提": 1, "莱卡": 3, "鲜艳": 3, "白天": 2, "完了": 1, "内裤": 8, "。。。": 1, "山": 1, "智久": 1, "山下": 1, "智久inhand": 1, "陪": 1, "黑科技": 1, "打印": 1, "带": 2, "扫": 2, "召唤": 1, "出P酱": 1, "祝福": 1, "情人节": 1, "剧大": 1, "赞～": 1, "哲哲": 1, "L小a_49": 1, "晚上": 1, "关ai": 1, "夜景": 1, "调色": 1, "关ai开莱卡": 1, "大光": 1, "场景": 1, "直接点一下ai": 1, "打开": 1, "关闭": 2, "广角镜": 1, "利用": 8, "透视": 1, "变形": 1, "大长腿": 1, "猜": 1, "身高": 1, "四角": 1, "延伸": 2, "拉伸感": 1, "孩子": 1, "好用": 1, "构图": 1, "入门": 1, "讲解": 1, "运动": 3, "时尚": 1, "HUAWEI": 1, "WATCHGT": 1, "潮酷": 1, "引领": 1, "风尚": 1, "多种": 1, "上山下海": 1, "快": 1, "戳": 1, "探": 1, "究竟": 1, "L华": 1, "终端": 1, "官方": 1, "秒拍": 1, "难道": 1, "来源": 1, "爱范儿L": 1, "期待": 1, "天都": 1, "5G": 2, "中国": 1, "跑": 1, "酷界": 1, "世界": 2, "顶级": 1, "赛事": 3, "——": 1, "2019": 1, "国际": 1, "体操": 1, "联合会": 1, "跑酷": 2, "世界杯": 1, "成都": 1, "青白江": 1, "开赛": 1, "此次": 2, "央视": 2, "5": 1, "直播": 4, "信号": 1, "四川": 1, "联合": 1, "建设": 1, "传输": 1, "高清": 1, "画质": 1, "延时": 1, "VR": 2, "体验": 1, "观众": 1, "沉浸式": 1, "观看": 1, "赛场": 2, "选手": 1, "做出": 1, "精彩": 1, "动作": 1, "概念股": 2, "氢": 1, "大全": 1, "源于": 1, "​​": 2, "OPPO": 1, "快充": 1, "vivo": 1, "指纹": 1, "小米": 1, "性价比": 1, "国产": 1, "越来越": 1, "硬气": 1, "厉害": 2, "碰瓷": 2, "low一点": 1, "P成": 1, "左下角": 3, "相册栏": 1, "非得": 1, "上焦": 1, "来来": 1, "节奏": 1, "30pro": 1, "拍成": 1, "环形": 1, "山": 1, "脸伸": 1, "黑p图": 1, "黑AI": 1, "黑": 1, "L魏布斯": 2, "即将": 1, "开战": 1, "重庆": 1, "队志": 1, "拼搏": 1, "追求": 1, "卓越": 1, "明天": 1, "对手": 1, "胡哥": 1, "20年": 1, "交手": 1, "棋手": 1, "老": 1, "同志": 1, "对决": 1, "青春": 1, "无敌": 1, "带来": 1, "些许": 1, "怀旧": 1, "气息": 1, "数码": 5, "第一": 1, "纠正": 3, "cmos": 3, "光谱": 3, "漂移": 2, "均": 1, "传感器": 2, "曲线": 1, "到底": 3, "色彩": 1, "插值": 1, "灰度": 2, "比度": 1, "p图": 1, "？？": 2, "作用": 1, "看清": 1, "为啥": 1, "单单": 1, "超出": 1, "认知": 1, "cpu": 1, "gpu": 1, "npu": 2, "数千": 1, "强大": 1, "反差": 1, "锐化": 1, "调节": 1, "亮度": 1, "清楚化": 1, "还原": 3, "同学": 1, "感觉": 1, "流程": 1, "软件": 1, "AdobePhotoshop": 2, "只不过": 2, "电脑": 2, "搬到": 1, "单独": 1, "放在": 1, "…": 1, "年内": 1, "懂": 2, "肉眼": 1, "代表": 1, "随便": 1, "台": 1, "下载": 1, "步骤": 1, "反对": 1, "老年机": 1, "诞生": 1, "方向": 2, "后期": 2, "还要": 1, "干嘛": 1, "领先": 1, "放": 1, "狗屁": 1, "竟然": 1, "博主": 1, "粉丝": 1, "智商": 1, "生活": 1, "简单化": 1, "搞": 2, "愚昧无知": 1, "反科学": 1, "—": 1, "事件": 2, "1.": 2, "AI月亮": 1, "拍出": 2, "硬件": 2, "推出": 1, "用户": 1, "简便化": 1, "轻松化": 1, "本来": 1, "发展": 1, "趋势": 1, "动机": 1, "无非": 1, "麻烦": 1, "细心": 1, "变环": 1, "形山": 1, "图库": 2, "刻意": 4, "想要": 2, "别人": 1, "证实": 2, "焦准": 1, "原有": 1, "失焦": 1, "情况": 1, "实事": 1, "制造": 3, "假象": 2, "事端": 1, "性质": 1, "环形山": 1, "L王": 1, "跃琨": 1, "证据": 1}