{"华为": 64, "全力": 10, "支持": 16, "中国": 52, "运营商": 17, "建好": 14, "5G": 67, "6日": 1, "上午": 3, "工信部": 4, "发放": 11, "商用": 15, "牌照": 16, "电信": 1, "、": 25, "联通": 1, "广电": 1, "标志": 3, "正式": 5, "时代": 6, "随后": 1, "官方": 1, "发文": 1, "：": 13, "公司": 19, "端": 6, "领先": 3, "能力": 6, "将来": 4, "引领": 5, "全球": 7, "40": 2, "城市": 3, "覆盖": 2, "生活": 1, "O工": 1, "信部": 1, "中兴": 1, "通讯": 1, "响应": 1, "迎接": 1, "做好": 2, "​": 21, "新闻": 2, "联播": 1, "美国": 7, "脱口秀": 3, "主持人": 1, "力挺": 1, "央视": 1, "期": 1, "节目": 1, "兴奋": 1, "宝贝": 1, "！": 25, "报道": 1, "L微": 1, "丢": 1, "秒拍": 3, "视频": 6, "夜拍": 1, "摄影": 1, "大赛": 1, "一个": 4, "夜行者": 1, "观星": 1, "爱好者": 1, "真的": 2, "吹": 1, "爆华": 1, "工业": 3, "信息化": 2, "四十": 1, "我国": 2, "通信业": 1, "经历": 1, "1G": 1, "空白": 1, "2G": 1, "跟随": 1, "3G": 1, "突破": 1, "4G": 1, "同步": 1, "探索": 3, "历程": 1, "份": 1, "成绩": 1, "来之不易": 1, "转发": 2, "敢于": 2, "砥砺": 2, "前行": 2, "通信人": 2, "致敬": 2, "人民": 1, "日报": 1, "客户端": 1, "O5G": 1, "O华": 2, "618": 2, "担心": 2, "刷爆卡": 2, "男生": 1, "租": 2, "20万": 2, "商品": 3, "女友": 4, "体验": 2, "成都": 3, "爆料": 1, "临近": 1, "刘": 1, "天猫": 1, "购物车": 1, "LV包": 1, "贵重": 1, "物品": 1, "支付宝": 1, "上将": 1, "租回": 1, "请": 1, "买": 3, "总价值": 1, "元": 1, "想": 1, "算": 1, "事儿": 1, "中兴力": 1, "挺": 4, "L甲": 1, "历史": 1, "美": 3, "经贸": 3, "获益": 2, "情况": 1, "报告": 1, "发布": 3, "从中": 1, "频频": 1, "使绊子": 1, "制裁": 1, "遣返": 1, "科学家": 1, "留学生": 1, "签证": 1, "网友": 1, "称": 2, "面签": 1, "问到": 1, "看中": 1, "回答": 1, "不予": 1, "评价": 1, "拒": 1, "影响": 1, "学术": 1, "交流": 1, "本期": 1, "尤志东": 2, "全方位": 1, "吐槽": 1, "小家子气": 1, "L": 3, "youtalkshow": 2, "金毛": 1, "莫慌": 1, "危险": 1, "原子弹": 1, "回应": 3, "2009年": 1, "着手": 1, "研究": 4, "累计": 2, "投入": 1, "20亿": 1, "美金": 1, "用于": 1, "技术": 7, "产品": 2, "研发": 4, "具备": 1, "芯片": 1, "系统": 11, "组网": 1, "唯一": 1, "提供": 2, "解决": 1, "方案": 1, "通信": 4, "企业": 3, "中报": 1, "微评": 1, "互联": 3, "才": 3, "出路": 1, "封闭": 3, "落后": 2, "领域": 5, "迈入": 1, "新时代": 1, "地球": 1, "一端": 1, "助力": 1, "英国": 1, "直播": 1, "大洋": 1, "彼岸": 1, "领导人": 1, "借口": 1, "打压": 1, "开放": 2, "一目了然": 1, "已然": 1, "到来": 1, "大势所趋": 1, "导致": 1, "希望": 1, "一点": 1, "(": 1, "评论员": 1, "张周项": 1, ")": 1, "麦芒": 2, "8": 1, "昨天": 2, "参加": 1, "手机": 10, "发布会": 1, "不止": 1, "拍照": 1, "性能": 1, "功能": 1, "越来越": 1, "强大": 1, "网速": 1, "快": 1, "传播量": 1, "不同凡响": 1, "。。": 1, "900": 1, "光影": 1, "世界": 3, "#​": 1, "清华": 9, "大学": 11, "签署": 10, "科技": 9, "合作": 12, "框架": 6, "协议": 9, "6月": 4, "3日": 2, "清华大学": 3, "副校长": 1, "尤政": 1, "有限": 2, "董事": 1, "战略": 6, "研究院": 1, "院长": 1, "徐文伟": 1, "代表": 3, "发挥": 3, "信息": 6, "优势": 6, "人才": 3, "成果": 6, "高度": 3, "率先": 3, "共建": 4, "联合": 3, "平台": 3, "提升": 3, "自主": 3, "创新": 6, "核心": 3, "竞争力": 3, "学科": 3, "发展": 6, "转化": 3, "@": 5, "O": 2, "网页": 2, "链接": 2, "75": 2, "岁": 5, "任正非": 2, "大雨": 1, "深圳": 1, "飞": 1, "北京": 2, "研究所": 1, "会见": 1, "马来西亚": 1, "飞来90": 1, "总理": 1, "马哈蒂尔": 1, "讨论": 1, "90多": 1, "都": 5, "努力": 2, "理由": 1, "骄傲": 1, "🦚​": 1, "年初": 1, "日本": 1, "测速": 2, "4.52": 1, "Gbps": 1, "对比": 1, "AT&T": 1, "195": 1, "Mbps": 1, "单位": 1, "...": 1, "这下": 1, "理解": 2, "针对": 1, "华": 1, "迈向": 1, "台阶": 1, "推进": 2, "产学": 2, "研用": 2, "协同": 2, "O清华": 2, "未来": 4, "终端": 2, "CPEPro": 2, "携": 2, "接入": 2, "关注": 2, "大事": 2, "1": 2, "拿下": 1, "俄罗斯": 3, "MTS": 2, "合同": 2, "中石化": 1, "诺瓦泰克": 1, "俄气": 1, "银行": 2, "三方": 1, "成立": 1, "合资": 1, "境内": 1, "天然气": 1, "销售": 1, "业务": 1, "不用": 2, "妄自菲薄": 1, "签约": 2, "纳指": 1, "压力山大": 1, "1955年": 1, "11": 1, "意气风发": 1, "男孩": 1, "创始人": 1, "网曝": 1, "操作": 3, "厂商": 2, "入驻": 1, "测试": 1, "鸿蒙": 3, "成功": 1, "国产": 1, "厉害": 1, "O没有": 1, "一百": 1, "企业家": 1, "站": 1, "轮值": 1, "董事长": 1, "郭平": 1, "第一": 1, "大咖": 1, "见证": 1, "仪式": 1, "祝贺": 1, "华为何": 1, "刚": 1, "余承东": 1, "+": 1, "小招": 1, "15日": 1, "抽": 1, "送": 1, "P30": 1, "台": 1, "绑": 4, "支付": 2, "「": 2, "」": 2, "招商": 1, "信用卡": 1, "打卡": 1, "6": 1, "达标": 1, "即可": 1, "瓜分": 1, "6亿": 1, "积分": 1, "福利": 1, "戳": 1, "报名": 1, "参与": 1, "​O": 1, "抽奖": 1, "详情": 1, "同心": 1, "同行": 1, "创": 1, "不凡": 1, "河工": 1, "时讯": 1, "河北": 2, "工大": 1, "我校": 1, "天津": 1, "校园": 1, "字数": 1, "全国": 1, "邮政": 1, "发": 1, "相关": 1, "地步": 1, "这是": 1, "牛叉": 1, "。。。": 2, "比起": 1, "动辄": 1, "喊": 1, "996": 1, "福报": 1, "搞": 1, "目标": 1, "疑似": 1, "界面": 2, "曝光": 2, "截图": 1, "EMUI": 1, "区别": 2, "UI": 1, "设计": 1, "逻辑": 1, "用户": 2, "友好": 1, "事情": 1, "花": 1, "太": 1, "时间": 1, "精力": 1, "学习": 1, "底层": 1, "根本性": 1, "变化": 1}