{"开源": 2, "社区": 1, "武侠": 1, "小说": 1, "江湖": 2, "氛围": 1, "：": 24, "贡献者": 1, "都": 7, "侠客": 1, "肩上": 1, "义不容辞": 1, "责任": 1, "GitHub": 1, "切磋": 1, "代码": 1, "手艺": 1, "Mentor": 2, "师傅": 1, "山头": 1, "带": 1, "成长": 1, "本期": 1, "叉树": 1, "视频": 18, "邀请": 1, "红帽": 1, "软件": 2, "首席": 1, "工程师": 2, "、": 18, "华为": 117, "能力": 2, "中心": 1, "技术": 15, "专家": 1, "@": 8, "姜宁": 1, "Willem": 1, "聊聊": 1, "Apache": 1, "路": 1, "InfoQ": 1, "二叉树": 4, "第四": 1, "季": 1, "LInfoQ": 1, "秒拍": 11, "发布": 40, "全球": 24, "首款": 47, "5G": 110, "基站": 39, "核心": 12, "芯片": 84, "1月": 13, "24日": 12, "业内": 5, "面向": 8, "天罡": 25, "介绍": 6, "支持": 14, "200M": 7, "频宽": 7, "频带": 5, "预计": 7, "重量": 9, "减少": 7, "一半": 8, "高管": 6, "会上": 7, "首次": 5, "基于": 9, "春晚": 5, "4K": 5, "直播": 7, "老板": 10, "联播L": 3, "联播": 8, "​": 12, "傲娇": 1, "！": 13, "L": 3, "来源": 1, "国产": 4, "直击": 4, "|": 6, "业界": 13, "发布会": 11, "推出": 4, "——": 7, "常务": 4, "董事": 4, "运营": 1, "BG": 2, "总裁": 6, "丁耘": 3, "称": 5, "拥有": 3, "超高集": 2, "成度": 2, "超强": 2, "算力": 2, "以往": 2, "增强": 2, "2.5": 2, "倍": 3, "O": 2, "北京": 11, "研究所": 6, "该款": 2, "尺寸": 2, "缩小": 2, "55%": 2, "减小": 2, "23%": 2, "超宽": 2, "频谱": 2, "90%": 2, "站点": 2, "改造": 2, "市电": 2, "情况": 2, "当天": 1, "MWC": 4, "预热": 1, "沟通": 1, "运营商": 1, "30": 2, "商用": 20, "合同": 4, "18": 2, "欧洲": 3, "出货": 1, "超过": 3, "2.5万": 1, "O一线": 1, "观察者": 1, "网": 1, "骄傲": 1, "5g": 4, "MWC2019": 2, "场": 2, "盛大": 1, "公布": 2, "#华": 1, "据说": 1, "本次": 1, "消费者": 6, "业务": 6, "余承东": 14, "到场": 1, "期待": 3, "新浪": 1, "手机": 29, ".": 1, "正式": 3, "下月": 3, "推5": 1, "G折": 1, "叠屏": 6, "京": 1, "测试": 2, "率先": 5, "突破": 4, "规模": 8, "关键": 4, "巴塞罗那": 3, "折": 4, "L见闻": 1, "企业家": 1, "HUAWEI5G": 1, "今日": 3, "模": 8, "终端": 13, "Balong5000": 9, "巴龙": 4, "5000": 4, "CPEPro": 2, "带来": 2, "首屈一指": 2, "高速": 2, "连接": 2, "体验": 3, "万物": 1, "互联": 1, "智慧": 3, "世界": 6, "生活": 1, "巴展": 2, "开启": 1, "时代": 1, "指日可待": 1, "2月份": 1, "折叠": 7, "屏": 6, "透露": 2, "2月": 3, "电信展": 1, "此前": 1, "小米": 1, "折叠屏": 4, "工程机": 1, "不难": 1, "想象": 1, "2019年": 1, "市场": 4, "重头戏": 1, "P20": 1, "系列": 7, "发货": 3, "1700多": 1, "台": 2, "Mate20": 2, "750万": 1, "25": 3, "国家": 3, "600": 1, "美金": 1, "智能": 3, "占有": 1, "10%": 1, "份额": 1, "官宣": 3, "关晓彤": 3, "支": 3, "vlog": 4, "全程": 1, "拍摄": 1, "国民": 1, "闺女": 1, "甜美": 1, "造型": 1, "格外": 1, "吸睛": 1, "好评": 1, "潮": 1, "值得一提的是": 1, "整支vlog": 1, "录制": 1, "nova4手机": 1, "画质": 1, "输于": 1, "相机": 1, "第一": 3, "nova星人": 1, "L关": 1, "晓彤": 1, "昨天": 1, "IMT2020": 1, "(": 1, ")": 1, "推进": 1, "第三": 1, "阶段": 1, "碾压性": 1, "优势": 1, "成绩": 1, "款": 1, "简基站": 1, "频段": 2, "全制式": 2, "全云化": 1, "全A": 1, "I全": 1, "防护": 1, "2018": 1, "科技": 2, "一等奖": 1, "参加": 1, "产品": 6, "这次": 1, "强势": 1, "高调": 1, "遥遥领先": 1, "气场": 1, "很": 2, "强大": 3, "国际": 1, "25000+5G": 1, "太": 3, "革命性": 1, "词汇": 1, "贫乏": 1, "脑子": 1, "蹦": 1, "词": 1, "牛逼": 1, "美国": 1, "率领": 1, "盟友": 1, "打压": 1, "风波": 1, "迟早": 1, "挺": 1, "发达国家": 1, "·": 2, "…": 2, "刚刚": 2, "暨": 1, "预沟": 1, "通会": 1, "CEO": 3, "25日": 1, "~": 1, "28日": 1, "2019MWC": 3, "通信": 1, "大会": 1, "O折": 1, "一个": 2, "搭配": 1, "麒麟980": 1, "处理器": 1, "单芯片": 1, "模5G": 1, "3G": 3, "4G": 11, "具备": 1, "能耗": 3, "低": 1, "延迟": 1, "短": 1, "特性": 1, "屏​": 1, "号称": 2, "快": 3, "指甲盖": 2, "性能": 3, "较为": 2, "强悍": 2, "相比4G": 2, "10": 2, "速率": 2, "提升": 2, "首款单": 2, "即将": 2, "到来": 2, "O华": 3, "无华": 1, "不说": 1, "爸妈": 2, "冬日": 1, "暖心": 1, "礼物": 1, "下载": 1, "亲情": 1, "导]": 1, "APP": 1, "教": 1, "快速": 1, "玩转": 1, "教父母": 1, "好玩": 1, "~​": 1, "L老板": 1, "部署": 3, "产品线": 1, "杨超斌": 1, "杨": 1, "超斌": 1, "天线": 4, "概念": 2, "讨论": 1, "实实在在": 1, "实测3": 1, "Gbps": 2, "现场": 3, "速度": 1, "体积": 3, "功耗": 1, "很多": 1, "怀疑": 1, "不行": 1, "证明": 2, "水平": 1, "相比": 1, "场景": 1, "走": 2, "当之无愧": 1, "签订": 1, "商业": 1, "16": 1, "事实": 1, "欧美": 1, "很快": 1, "越来越": 1, "·富力城": 1, "资深": 1, "吃饭": 1, "华为人": 1, "想法": 2, "说法": 1, "工作": 3, "年限": 1, "稍长": 1, "明白": 1, "道理": 1, "公司": 2, "超高": 1, "薪酬": 1, "买": 1, "超长": 1, "劳动": 1, "时间": 2, "洗脑": 2, "接受": 2, "留": 1, "干": 1, "滚蛋": 1, "兄弟": 1, "情谊": 1, "部门": 1, "小组": 1, "形象": 1, "冷冰冰": 1, "老人": 1, "心存": 1, "感激": 1, "情": 1, "毕竟": 2, "平台": 1, "翻": 1, "不凡": 1, "身价": 1, "自我": 1, "价值": 1, "扫地": 1, "出门": 1, "法律": 1, "赔偿": 1, "无所谓": 1, "真的": 1, "敬请": 1, "开盘": 1, "小时": 1, "点评": 1, "早盘": 1, "大盘": 4, "调整": 1, "昨晚": 1, "科创板": 2, "消息": 2, "独角兽": 1, "利好": 2, "绝大多数": 1, "股票": 1, "利空": 1, "扩容": 1, "注册制": 1, "试点": 1, "供需": 1, "关系": 1, "谈": 2, "上好": 1, "美": 1, "贸易": 1, "谈判": 1, "孟": 1, "女士": 1, "引渡": 1, "蒙上": 1, "丝": 1, "阴影": 1, "如期": 1, "达成": 1, "协议": 1, "充满": 1, "变数": 1, "特朗普": 1, "打交道": 1, "千万": 1, "实在": 1, "走势": 1, "再次": 1, "回调": 1, "板上钉钉": 1, "最少": 1, "回": 1, "2500": 1, "静": 1, "探": 1, "再择机": 1, "建仓": 1, "迟": 1, "观望": 1, "静观": 1, "​​​": 1, "快车道": 1, "创造": 1, "行业": 1, "记录": 1, "极简": 1, "网络": 1, "极致": 1, "这是": 1, "长期": 1, "积累": 1, "阵列": 1, "材料": 1, "散热": 1, "AI": 1, "算法": 1, "整合": 1, "进来": 1, "厂商": 2, "功能": 1, "5G单": 1, "小区": 1, "容量": 2, "150": 1, "Mbps": 1, "14.58": 1, "55": 1, "0瓦特": 2, "65": 1, "延1": 1, "毫秒": 1, "超级": 1, "刀片站": 1, "多天线": 1, "合一": 2, "中关村": 1, "环保": 1, "示范园": 1, "达沃斯": 2, "高朋满座": 1, "中国": 6, "议题": 1, "热点": 1, "2019": 1, "经济": 2, "论坛": 1, "年会": 1, "22日": 1, "瑞士": 1, "开幕": 1, "代表": 1, "话题": 1, "亮点": 1, "能源局": 1, "局长": 1, "章": 1, "建华": 1, "阐述": 1, "能源": 1, "现代化": 1, "战略": 2, "轮值": 1, "董事长": 2, "胡厚崑": 1, "数字": 1, "证监会": 1, "副主席": 2, "方星海": 1, "分析": 1, "金融": 1, "风险": 1, "下午": 1, "阿塞拜疆共和国": 1, "总统": 1, "伊利": 1, "哈姆·阿利耶夫": 1, "全国": 1, "工商联": 1, "王永庆": 1, "保利": 1, "集团": 1, "徐念沙": 1, "畅谈": 1, "一带": 1, "一路": 1, "机遇": 1, "会场": 1, "早已": 1, "座无虚席": 1, "戳": 1, "精彩": 1, "记者": 1, "陈卫华": 1, "BrianChang": 1, "L中报": 1, "中报": 1, "记忆": 1, "印记": 1, "回忆": 1, "清晰": 1, "；": 1, "全家福": 2, "节日": 1, "留影": 1, "岁月": 1, "痕迹": 1, "徕卡": 1, "超大": 1, "广角": 1, "镜头": 1, "拍": 1, "才": 1, "新春": 2, "正确": 1, "打开": 1, "方式": 1, "年年": 1, "有为": 1, "L华": 1, "官方": 1, "腾讯": 1, "商": 1, "去年": 1, "出货量": 1, "2.06亿": 1, "最早": 1, "内": 1, "亮相": 2, "半": 4, "米": 3, "高比": 2, "安装": 5, "省时": 2, "35%": 3, "展示": 1, "设备": 1, "简单": 1, "外观": 1, "人员": 1, "分钟": 1, "测算": 1, "节省": 1, "O直击": 1}