{"苹果": 45, "暴跌": 15, "外媒": 5, "分析": 5, "：": 21, "中国": 37, "卖": 6, "太": 6, "贵": 5, "！": 9, "1月": 8, "3日": 7, "销售": 6, "预警": 5, "打击": 5, "9.96%": 6, "创": 5, "六": 6, "单日": 5, "跌幅": 5, "市值": 5, "缩水": 5, "4460亿": 5, "美元": 8, "彭博社": 5, "报道": 6, "手机": 27, "定价": 5, "符合": 6, "行情": 5, "华为": 58, "、": 36, "小米": 9, "竞争": 5, "对手": 5, "价格": 6, "一半": 5, "困境": 5, "贸易战": 5, "公平": 5, "全球": 11, "智能": 9, "销量": 6, "2017年": 6, "下降": 5, "从未": 5, "提到": 5, "趋势": 5, "L老板": 4, "联播": 7, "秒拍": 11, "视频": 12, "有型": 1, "有格": 1, "自由": 1, "驰骋": 1, "Mate20": 3, "系列": 1, "睿智": 1, "伴侣": 1, "场合": 1, "都": 13, "魅力": 1, "翻倍": 1, "O网页": 2, "链接": 3, "​": 13, "加拿大": 31, "政府": 4, "3": 3, "13": 13, "环球": 6, "邮报": 5, "发布": 3, "独家": 2, "消息": 2, "称": 7, "外交部": 8, "该报": 2, "声明": 5, "证实": 3, "高管": 4, "孟晚舟": 10, "去年": 7, "12月": 7, "1日": 9, "温哥华": 4, "拘押": 4, "名": 19, "公民": 10, "拘捕": 9, "发言人": 3, "内地": 3, "(": 4, "包括": 3, "香港": 3, ")": 4, "8": 11, "获释": 5, "O加": 1, "事件": 6, "华": 5, "释放": 3, "加方": 1, "拘8": 3, "针对": 1, "依法": 1, "强制": 1, "措施": 1, "检": 1, "检察长": 1, "军3日": 1, "法律": 2, "处在": 1, "调查": 2, "阶段": 2, "毫无疑问": 1, "违反": 1, "我国": 1, "接受": 1, "程序": 2, "向前": 1, "推进": 1, "时报": 1, "冰冷": 2, "权健": 9, "华东": 4, "总部": 4, "经销商": 2, "暗黑": 4, "冤": 3, "2019年": 8, "涉嫌": 2, "传销": 2, "犯罪": 4, "虚假": 2, "广告": 2, "正式": 2, "立案": 2, "侦查": 2, "2018年": 6, "江苏": 2, "大丰": 2, "改": 2, "往年": 2, "年底": 2, "热闹": 2, "异常": 2, "冷清": 2, "经营": 2, "商户": 2, "对待": 1, "@": 3, "老板": 5, "联播L": 2, "BD": 1, "推送": 1, "信息": 1, "显示": 1, "著名": 1, "演员": 1, "殷桃": 2, "前夫": 1, "沈": 2, "俊成": 2, "居然": 1, "员工": 10, "算是": 2, "家属": 1, "养": 2, "沈俊成": 1, "离开": 1, "成都": 1, "代表处": 1, "沈俊": 1, "成续": 1, "签": 1, "劳动": 2, "合同": 2, "检方": 1, "份": 1, "闲人": 1, "直至": 1, "沈长": 1, "富案": 1, "发": 1, "行贿": 1, "获取": 1, "大额": 1, "订单": 1, "股价": 1, "星期四": 1, "一度": 1, "跌": 1, "百分之十几": 1, "跌停": 2, "原因": 2, "竟然": 1, "第一": 7, "财季": 1, "指标": 1, "经济": 3, "放缓": 2, "影响": 2, "大幅": 1, "下调": 1, "标志性": 1, "高科技": 1, "公司": 5, "美国": 3, "符号": 1, "颤悠": 1, "11": 1, "市场": 4, "销售量": 1, "增加": 2, "28%": 1, "9%": 1, "为啥": 1, "反而": 1, "掉": 1, "1%": 1, "正视": 1, "技术": 8, "优势": 1, "消耗": 1, "殆尽": 1, "现实": 1, "当年": 1, "引领": 1, "消费": 1, "骑": 1, "绝尘": 1, "风光": 1, "如今": 1, "老胡": 5, "iPhone4": 1, "用到": 1, "iPhone7Plus": 1, "iPhone8": 1, "iPhoneX": 1, "听说": 1, "变化": 1, "光是": 1, "涨": 2, "眼看": 1, "越来越": 3, "改用": 1, "走到": 1, "到处": 1, "专卖店": 2, "专卖区": 1, "很": 1, "佩服": 1, "毕竟": 1, "开创": 1, "时代": 2, "独特": 1, "操作": 1, "系统": 1, "绑架": 1, "很多": 2, "当下": 1, "中国人": 4, "好感": 1, "热情": 1, "消费观": 1, "政治": 1, "因素": 1, "这是": 1, "成熟": 1, "表现": 1, "一个": 2, "开放": 1, "稳定性": 2, "表达": 1, "支持": 1, "坚定": 1, "维护": 1, "中兴": 1, "权益": 1, "网友": 1, "尊重": 1, "选择": 1, "233": 1, "143": 1, "60%": 1, "回": 1, "高点": 1, "停滞": 1, "落后": 1, "提价": 1, "玩弄": 1, "好几": 1, "黑点": 1, "信号": 1, "不行": 3, "intel": 1, "基带": 2, "靠谱": 1, "高通": 2, "电池": 1, "低温": 1, "关机": 1, "拍照": 1, "女": 2, "受不了": 1, "内心": 1, "暴击": 1, "外观": 1, "造型": 1, "突破": 4, "感觉": 2, "机丑": 1, "宽边": 1, "对比": 1, "国产": 1, "高档机": 1, "弱点": 1, "5G": 11, "要命": 1, "功能": 1, "高价": 1, "通信": 1, "积累": 2, "闹翻": 1, "搞": 1, "vivo": 1, "OPPO": 3, "贸易": 1, "工作": 7, "16年": 7, "等于": 4, "深圳": 5, "1": 2, "套": 10, "房": 10, "论坛": 5, "吐槽": 5, "挣": 3, "1400万": 6, "近日": 6, "内部": 3, "公然": 3, "兼": 3, "炫富": 3, "吸引": 3, "围观": 3, "国内": 3, "海外": 3, "贷款": 3, "负债": 3, "股票": 3, "现金": 3, "相抵": 3, "接近": 3, "40": 3, "岁": 3, "抓住": 3, "机会": 3, "大半": 3, "辈子": 3, "房子": 3, "打工": 3, "希望": 3, "诸事": 3, "顺利": 4, "看完": 2, "事儿": 1, "君": 1, "实名": 1, "羡慕": 1, "嫉妒": 1, "恨": 1, "周笔": 1, "畅亲": 1, "临华": 1, "荣耀": 1, "MAGCI": 1, "活动": 1, "现场": 1, "CAll": 1, "周笔畅": 1, "穷": 1, "快乐": 1, "聪明": 1, "优美": 1, "中国话": 1, "全世界": 1, "学": 1, "话孔": 1, "夫子": 1, "国际化": 1, "9.8": 2, "风带": 2, "流苏": 2, "浮雕": 2, "壳": 4, "风手": 1, "机壳": 1, "VIVO": 2, "三星": 2, "魅族": 2, "一加": 2, "努比亚": 2, "锤子": 2, "姓名": 2, "！！": 2, "型号": 2, "参考图": 2, "9叭": 1, "~": 1, "真的": 1, "风": 1, "眼": 1, "爱上": 1, "~​": 1, "弯曲": 1, "手指": 1, "；": 2, "第二": 2, "指": 1, "关节": 1, "屏幕": 1, "画": 1, "S": 1, "第三": 4, "完整": 1, "长图": 1, "截取": 1, "成功": 1, "智慧": 1, "体验": 1, "即刻": 1, "拥有": 1, "L华": 2, "终端": 5, "官方": 2, "拘#": 1, "日前": 1, "O加方": 1, "释​": 1, "发帖": 1, "哭": 1, "企业": 2, "专利": 4, "排行榜": 2, "国家": 2, "电网": 2, "第七": 2, "2日": 1, "世界": 1, "知识": 1, "产权": 1, "组织": 2, "位列": 1, "21635": 1, "项": 2, "排列": 1, "14605": 1, "L新京报": 1, "新京报": 1, "易": 1, "烊": 1, "千": 1, "玺": 1, "自动": 1, "推": 1, "杂志": 1, "锁屏": 1, "哥哥": 1, "好看": 1, "￥": 1, "4": 1, "这次": 1, "照顾": 1, "叭": 1, "~~~": 1, "想到": 1, "汉服": 2, "娘龟": 1, "苓膏": 1, "王者": 1, "吃": 1, "鸡": 1, "游戏": 2, "笑到": 1, "X": 1, "超强": 1, "综合": 1, "性能": 1, "关键": 3, "时刻": 1, "神": 1, "队友": 1, "此前": 1, "公众": 1, "拘留": 1, "康明凯": 1, "迈克尔·斯帕弗": 1, "莎拉·麦克弗": 2, "教师": 1, "匿名": 1, "官员": 1, "媒体": 1, "透露": 1, "各种各样": 1, "理由": 1, "保释": 1, "判": 1, "缓刑": 1, "总数": 1, "900": 1, "IMT-2020": 1, "推进组": 1, "研发": 1, "试验": 1, "测试": 5, "率先": 2, "100%": 1, "通过率": 1, "核心网": 2, "本次": 2, "遵循": 1, "GPP": 1, "Release15": 1, "标准": 1, "验证": 1, "内容": 2, "包含": 1, "网络": 6, "架构": 2, "用户": 2, "之间": 3, "基于": 2, "服务化": 2, "接口": 1, "流程": 2, "核心": 1, "网": 1, "网元": 1, "经由": 1, "外部": 1, "数据": 1, "规模": 4, "商用": 2, "能力": 1, "再次": 1, "证明": 1, "具备": 1, "深厚": 1, "运营商": 1, "做好": 1, "道理": 1, "颜色": 1, "火": 1, "林允": 1, "吴": 1, "谨言": 1, "秦岚": 1, "安利": 1, "蜜语": 2, "红妆容": 1, "款": 1, "妆容": 1, "nova4": 1, "配": 1, "磕": 1, "颗": 2, "糖": 1, "甜蜜": 1, "满分": 1, "生活": 1, "苦": 2, "甜甜": 1, "上华": 1, "天猫": 2, "旗舰店": 1, "新年": 1, "IN": 1, "红": 1, "甜": 1, "L林允": 1, "Team": 1, "TA": 1, "晚安": 1, "互联网": 1, "记": 3, "东西": 2, "件": 1, "设定": 1, "闹钟": 1, "记忆": 1, "备忘录": 1, "文字": 1, "提醒": 1, "助手": 1, "随时": 1, "掌控": 1, "行程": 1, "……": 1, "方法": 1, "转评": 1, "小云": 1, "抽": 1, "送华": 1, "耳机": 1, "副": 1, "发表": 1, "头条": 1, "文章": 1, "血流成河": 1, "雷爆": 2, "恭喜": 1, "O血流成河": 1, "恭喜华": 1, "500亿": 2, "做对": 2, "新兴": 1, "给力": 1, "重击": 1, "出货量": 2, "位置": 1, "坐": 1, "稳": 1, "年度": 1, "超越": 1, "时期": 1, "三季度": 1, "No.2": 1, "2亿": 1, "台": 1, "大关": 1, "收入": 4, "计算": 1, "消费者": 1, "业务": 1, "同比": 1, "增长": 1, "50%": 1, "有望": 1, "超过": 1, "516亿": 1, "占据": 1, "集团": 1, "半壁江山": 1, "财富": 1, "500": 1, "榜单": 1, "挤进": 1, "第200": 1, "O规模": 1, "L": 1}