{"华为": 78, "正式": 4, "发布": 14, "鸿蒙": 23, "系统": 19, "讲": 1, "明白": 1, "！": 12, "10日": 3, "全球": 7, "首款": 1, "采用": 2, "产品": 2, "——": 4, "荣耀": 6, "智慧屏": 5, "很多": 3, "都": 10, "分布式": 1, "架构": 1, "、": 28, "IPC": 1, "微内核": 1, "IDE": 1, "名词": 2, "一头雾水": 1, "小编": 1, "无需": 1, "学习": 1, "专业": 2, "简单": 2, "方式": 2, "↓↓↓": 1, "​": 20, "明星": 1, "偷税": 1, "吸毒": 1, "原谅": 1, "袁隆平": 1, "买": 3, "手机": 12, "羞辱": 1, "这才": 1, "时代": 1, "悲哀": 1, "cr南木": 1, "大叔": 2, "任正非": 17, "：": 17, "赚": 7, "小钱": 7, "战胜": 8, "美国": 18, "7月": 4, "31日": 3, "千疮百孔": 3, "烂伊尔": 3, "飞机": 7, "战旗": 3, "交接": 3, "仪式": 3, "信心": 4, "补好": 3, "烂": 3, "洞": 3, "活": 3, "胜利": 7, "O": 4, "签发": 4, "最新": 2, "电邮": 4, "讲话": 4, "五": 2, "打出": 2, "支": 2, "迎接": 4, "队伍": 2, "5G": 9, "小儿科": 2, "人工": 4, "智能": 4, "才": 5, "产业": 2, "发展": 9, "战略": 2, "要地": 2, "三": 2, "核心": 2, "要素": 2, "超级": 4, "计算": 4, "存储": 2, "超速": 2, "联接": 2, "不用": 2, "落后": 2, "承受": 2, "打击": 3, "‘": 2, "二愣子": 2, "’": 2, "经历": 2, "一个": 9, "强大": 3, "国家": 3, "机器": 2, "疯狂": 2, "打压": 2, "死": 3, "初": 3, "天地": 2, "宽": 2, "一睹": 2, "操作": 6, "真容": 2, "公司": 6, "东莞": 4, "开发者": 11, "大会": 5, "搭载": 2, "据悉": 2, "兼容": 2, "Linux": 2, "Unix": 2, "安卓": 5, "跨": 2, "终端": 4, "无缝": 3, "协同": 2, "体验": 5, "到底": 2, "啥样": 2, "戳": 2, "视频": 7, "感受": 2, "⬇⬇": 2, "记者": 2, "梁": 2, "旭": 2, "王瑞平": 2, "L": 2, "新华": 2, "视点": 2, "秒拍": 1, "青春": 1, "多种": 1, "模样": 1, "理想": 1, "主题": 1, "@": 5, "FIRST": 1, "青年": 1, "电影展": 1, "张大磊": 1, "导演": 2, "特磊弗": 1, "零": 2, "外接": 1, "镜头": 1, "P30": 1, "Pro": 1, "拍摄": 2, "黑白": 2, "短片": 1, "法兹": 1, "纯粹": 1, "视觉": 2, "语言": 2, "过程": 1, "意外": 1, "惊喜": 1, "听听": 1, "未来": 3, "影像": 1, "L华": 1, "官方": 1, "": 2, "李赫宰": 1, "金毛": 1, "真的": 3, "太": 4, "嘤嘤": 1, "嘤图": 1, "1&2": 1, "崽崽图": 1, "3&4": 1, "热": 1, "风扇": 1, "塞": 1, "衣服": 1, "吹": 1, "成球": 1, "崽崽": 1, "散场": 1, "走": 2, "全场": 1, "灯牌": 1, "李哥": 2, "经纪人": 1, "拍": 1, "照但": 1, "发": 1, "可爱": 1, "哈哈哈哈": 1, "(": 1, "横跨": 1, "田径场": 1, "尽力": 1, ")": 1, "汇丰": 8, "涉案": 4, "香港": 3, "废青": 4, "经费": 2, "难辞其咎": 1, "讨好": 1, "甩锅": 1, "坑害": 1, "客户": 1, "这是": 3, "石锤": 1, "；": 4, "中国": 6, "驻": 1, "英国": 1, "大使馆": 1, "意想洗白": 1, "出手": 1, "大方": 1, "招募": 1, "工头": 1, "抽成": 1, "传销": 1, "商业": 1, "运作": 1, "费用": 1, "台湾": 1, "网络": 3, "小道": 1, "消息": 2, "黑钱": 1, "转到": 1, "平安": 2, "CEO": 5, "去职": 2, "硬伤": 1, "董事会": 2, "席位": 1, "大中华": 1, "相关": 2, "发言人": 1, "黄碧娟": 1, "离职": 2, "集团": 1, "行政": 1, "总裁": 1, "范宁": 1, "事件": 1, "说法": 1, "很": 3, "可信": 1, "90%": 1, "利润": 1, "大中华区": 1, "搞": 1, "崩盘": 1, "风险": 1, "决策": 1, "坑": 1, "错误": 1, "干掉": 1, "示好": 1, "肯定": 1, "来源": 1, "未": 1, "敢害": 1, "空穴来风": 1, "可靠": 1, "清单": 1, "易": 1, "烊千玺": 1, "易烊": 2, "千玺": 3, "TFBOYS": 1, "哭": 1, "爸爸": 2, "宠": 1, "谢谢": 1, "感动": 1, "LGZRUO": 1, "调查": 2, "妈妈": 3, "品牌": 2, "优势": 2, "拿下": 1, "爸爸们": 1, "市场": 3, "这次": 3, "情况": 2, "早安": 1, "世界": 7, "新天地": 1, "露": 1, "峥嵘": 1, "开源": 1, "智慧": 3, "大屏": 1, "……": 4, "接连": 1, "大招": 1, "说话": 2, "创新": 3, "民众": 1, "注入": 2, "活力": 1, "暂时": 1, "不畏": 2, "建立": 1, "生态": 3, "不易": 1, "征途": 1, "手": 1, "驱动力": 1, "背靠": 1, "心怀": 1, "朋友圈": 1, "加油": 1, "关": 1, "晓彤": 2, "nova星人": 1, "路途": 1, "遥远": 1, "记录": 1, "情绪": 1, "欣喜": 1, "狂欢": 1, "八月": 1, "成都": 2, "坚定不移": 1, "彤行": 1, "关晓彤": 1, "胖球": 1, "奉上": 1, "今日": 1, "狙击💘": 1, "预览": 1, "～​": 1, "上午": 1, "松山湖": 3, "欧洲小镇": 1, "本次": 1, "压轴": 1, "技术": 31, "Cyberverse": 16, "基于": 5, "地图": 17, "信息": 1, "服务": 10, "AR": 5, "结构": 2, "ToF": 2, "综合": 3, "项目": 1, "负责人": 2, "Fellow罗巍": 1, "称之为": 1, "地球级": 1, "数字": 5, "新世界": 1, "发布会": 3, "全程": 1, "直播": 1, "内容": 4, "描述": 1, "年纪": 1, "这项": 5, "似曾相识": 1, "感觉": 2, "结尾": 1, "数据": 4, "哪家": 1, "具备": 2, "甲级": 2, "测绘": 2, "资质": 5, "制作": 1, "5日": 1, "自然": 2, "资源部": 1, "公布": 1, "全国": 2, "19": 1, "我国": 1, "民用": 1, "领域": 6, "张平安": 1, "Kit": 1, "10月": 1, "覆盖": 1, "150多": 1, "地区": 1, "涉及": 1, "40": 1, "精确度": 1, "厘米级": 4, "罗巍": 7, "手段": 3, "10万": 2, "㎡": 2, "/": 4, "电子": 1, "扫描": 2, "上线": 2, "速度": 3, "70万": 1, "故宫": 1, "即可": 2, "宏观": 1, "GPS": 1, "北斗": 1, "卫星": 1, "信号": 2, "定位": 6, "室内": 2, "微观": 1, "场所": 1, "SLAM": 1, "建模": 1, "用户": 10, "分享": 2, "精度": 4, "上传": 1, "认证": 1, "才能": 1, "保护": 2, "隐私权": 1, "后续": 1, "专访": 4, "LBS": 1, "饭": 1, "吃": 1, "希望": 2, "打造": 1, "全新": 4, "平台": 2, "消费者": 3, "提供": 5, "愿景": 1, "基础": 4, "一家": 1, "能力": 9, "厂商": 1, "云管端": 2, "支持": 3, "开放": 1, "Google": 1, "ARCore": 1, "苹果": 6, "ARKit": 1, "纳入": 2, "AREngine": 1, "设备": 7, "图形": 1, "之间": 1, "性能": 1, "千差万别": 1, "一点": 2, "保证": 2, "想到": 1, "昨天": 2, "海思": 2, "业务": 7, "Fellow艾伟": 1, "提到": 2, "理解": 1, "芯片": 2, "对此": 1, "算法": 2, "AI": 4, "内": 2, "功耗": 2, "消费级": 1, "级别": 2, "开发": 1, "规范": 1, "调用": 1, "流畅": 1, "运行": 1, "初期": 2, "阶段": 3, "人流": 1, "密集": 1, "区": 1, "公共": 1, "区域": 1, "后期": 1, "移植": 1, "车载": 1, "快": 3, "商业化": 2, "解决": 1, "方案": 1, "效应": 1, "只不过": 1, "聚焦": 2, "进化": 1, "成熟": 1, "隐私": 1, "关心": 1, "推动": 1, "工作": 1, "交给": 1, "超过": 1, "91万": 1, "合作": 1, "伙伴": 1, "亿": 1, "足够": 1, "带来": 2, "机会": 1, "结束": 1, "抓紧": 1, "时间": 2, "敏感": 1, "诺基亚Here": 2, "城市": 2, "万花筒": 2, "表现": 1, "形式": 1, "Here": 2, "区别": 2, "2014年": 1, "确认": 1, "时间点": 1, "推出": 3, "合适": 2, "硬件": 1, "带": 1, "私货": 1, "2012年": 1, "诺基亚": 2, "互联网": 2, "Ovi": 2, "晓得": 1, "记得": 2, "2006年": 1, "整合": 1, "趋势": 1, "在于": 1, "定义": 1, "电脑": 1, "提供商": 1, "重心": 1, "Web而非": 1, "Wap上": 1, "媒体": 1, "同行": 1, "讨论": 1, "感慨": 1, "老师": 4, "依托": 1, "A": 1, "系列": 2, "处理器": 1, "顶星": 1, "GPU": 2, "效果": 1, "出色": 1, "iOS": 1, "游戏": 2, "教育": 2, "华为Cyberverse": 1, "顶到": 1, "极为": 1, "场景": 1, "潜力": 1, "商机": 1, "叫板": 1, "原因": 1, "2B": 1, "2C": 1, "产业链": 1, "熟悉": 1, "科技": 1, "展示区": 1, "包括": 1, "刚": 1, "CaaS分布式": 1, "放": 2, "上边": 1, "推": 1, "差不多": 2, "面向": 1, "丰满": 1, "姿态": 1, "面前": 1, "没错": 1, "瞎": 1, "沸腾": 1, "钢铁": 2, "炼成": 2, "当中": 1, "宏大": 1, "心胸": 1, "容纳": 1, "天下": 1, "人才": 1, "王肇凡": 1, "书法家": 1, "协会": 1, "会员": 1, "书法展": 1, "奖": 1, "获得者": 1, "四十": 1, "岁": 1, "辞职": 1, "致力": 1, "书法": 1, "篆刻": 1, "成功": 1, "爱好者": 1, "道路": 1, "王": 1, "套": 1, "网课": 1, "写好": 1, "柳体": 1, "楷书": 2, "想": 1, "学好": 1, "同学": 1, "设计": 1, "框架": 1, "算是": 1, "钥匙": 1, "差": 1, "运营商": 1, "牌照": 1, "空间": 3, "超高清": 1, "生产": 1, "平米": 1, "视物": 1, "沉浸式": 1, "渲染": 1, "四": 1, "自研": 1, "·": 2, "风景区": 2, "前置": 2, "。。。": 1, "魔鬼": 1, "🙈": 1, "🙈​": 1, "黑科技": 4, "2-3": 1, "毫米": 1, "波": 1, "远程": 1, "手势": 1, "控制": 1, "测距": 1, "测量": 1, "心跳": 1, "呼吸": 1, "普勒脉冲": 1, "图4": 1, "低延": 1, "投屏": 2, "屏": 2, "Miracast": 1, "60": 1, "时延": 1, "图5": 1, "市内": 1, "身边": 1, "找到": 1, "无线": 1, "改动": 2, "本身": 1, "射频": 1, "1~3": 1, "米": 1, "图6": 1, "LCD": 2, "屏下": 1, "指纹": 1, "红外线": 1, "光学": 1, "面板": 1, "7-8": 1, "MateX": 1, "那天": 1, "有人": 1, "巴龙": 1, "5000": 1, "毫米波": 1, "答案": 1, "nova": 2, "游乐园": 1, "雾": 1, "坐标": 1, "今夜": 1, "欢乐谷": 1, "幸福": 1, "闪光": 1, "旋转": 1, "木马": 1, "转~": 1, "唤醒": 1, "少女": 1, "心今": 1, "夜": 1, "美": 1, "公主": 1, "nova5": 1, "iPro": 1, "夜色": 1, "自拍": 1, "大赛": 1, "颠覆性": 3, "规划": 1, "进一步": 1, "融合": 2, "AR/VR": 2, "旅游": 2, "导航": 2, "室内外": 2, "时间表": 1, "有机": 1, "比拟": 1, "底气": 1, "怀疑": 1, "力量": 1, "一无所知": 1, "http": 1, "://t.cn": 1, "AiTmfiK": 1, "F​": 1, "cyberverse": 2, "明年": 1, "1000": 1, "地点": 1, "科创板": 1, "日报": 1, "讯": 1, "2019": 1, "第三": 1, "项": 1, "虚实": 1, "现实": 1, "链接": 2, "交互": 1, "模式": 1, "坐": 2, "旁边": 1, "OS": 3, "新闻": 1, "报道": 1, "一路上": 1, "亲切": 1, "交流": 1, "从来": 1, "坐头": 1, "舱": 1, "屈身": 1, "经济舱": 1, "换掉": 1, "适配": 1, "总统": 1, "川普": 1, "表态": 1, "做生意": 2, "不和": 1, "头条": 2, "热度": 1, "电视": 1, "选": 1, "文章": 1, "保障": 2, "生存": 3, "IT": 3, "极限": 1, "施压": 1, "本质": 1, "改善": 1, "震慑": 1, "动用": 1, "极端": 1, "顺利": 1, "重点": 1, "Mate30": 1, "快要": 1, "几度": 1, "选择": 1, "旗舰": 1, "难轮": 1, "国内": 1, "首发": 2, "单独": 1, "选项": 1, "Mate30Pro": 1, "颠覆": 2, "业界": 1, "物理": 1, "厘米": 1, "购物": 1, "交通": 1, "实景": 1, "信息化": 1, "起码": 1, "导游": 1, "行业": 1, "冲击": 1, "AR眼镜": 1, "解放": 1, "双手": 1, "增强": 1, "认知": 1, "改变": 1, "#​": 1, "吴": 1, "世勋": 1, "高清osh": 1, "请": 1, "站弟": 1, "L椒盐": 1, "沙鱼": 1}