{"华为": 150, "美": 13, "提起": 18, "诉讼": 17, "：": 37, "禁令": 21, "立法": 12, "审判": 12, "暴政": 12, "公司": 38, "最新": 7, "消息": 8, "周二": 9, "提出": 9, "简易": 10, "判决": 10, "动议": 10, "发布": 6, "技术": 15, "有限": 5, "首席": 5, "法务官": 5, "宋柳平": 5, "27日": 6, "相关": 8, "声明": 20, "法院": 10, "法案": 15, "违宪": 9, "典型": 5, "剥夺": 8, "公权": 8, "违反": 8, "正当": 8, "程序": 9, "判定": 6, "有罪": 5, "施加": 5, "措施": 5, "目的": 5, "显而易见": 5, "赶出": 5, "美国": 38, "市场": 12, "这是": 11, "宪法": 5, "禁止": 22, "央视": 11, "新闻": 14, "客户端": 4, "O华": 3, "手机": 18, "全球": 20, "份额": 13, "反超": 10, "苹果": 9, "、": 38, "SD": 10, "协会": 25, "恢复": 17, "成员": 16, "资格": 17, "登上": 1, "热搜": 1, "一季度": 5, "超过": 2, "层面": 1, "品牌": 1, "竞争": 1, "格局": 1, "努力": 1, "对此": 3, "想": 4, "选项": 1, "留言": 1, "！": 9, "行业": 7, "组织": 21, "WiFi": 4, "联盟": 18, "蓝牙": 8, "JEDEC": 8, "存储卡": 5, "SDA": 4, "会员": 7, "5月": 14, "29日": 10, "记者": 12, "发现": 3, "Wi-Fi": 4, "固态": 3, "均": 3, "当天": 2, "澎湃": 4, "官网": 2, "名单": 3, "OWiFi": 1, "包括": 2, "​": 7, "iPhone": 5, "智能": 6, "下降": 5, "Gartner": 2, "对比": 1, "数据": 1, "中国": 17, "销量": 4, "15.8％": 1, "3.2％": 1, "3月": 2, "当季": 1, "降": 1, "11.9%": 1, "15.7%": 1, "位居": 1, "第二": 2, "O": 5, "反超​": 1, "北大": 12, "教授": 19, "退出": 13, "IEEE": 54, "编委": 12, "回应": 4, "称": 4, "损伤": 2, "学术人": 3, "底线": 9, "邮件": 15, "员工": 12, "旗下": 6, "期刊": 17, "杂志": 6, "编辑": 14, "审稿人": 11, "北京大学": 1, "张海霞": 10, "发": 7, "申请": 7, "编委会": 7, "科学家": 2, "L": 5, "老板": 4, "联播": 3, "秒拍": 9, "视频": 15, "主席": 9, "公开信": 7, "今日": 1, "惊闻": 1, "下令": 7, "专家": 4, "参与": 3, "审稿": 9, "远远": 4, "超出": 7, "一个": 8, "接受": 8, "学术": 16, "做为": 4, "态度": 8, "所在": 4, "候任": 4, "写": 4, "封": 5, "无关": 4, "此前": 2, "曝光": 4, "清理": 5, "@": 6, "标准": 2, "名字": 1, "意味着": 1, "成立": 2, "2000年": 2, "松下": 1, "电器": 1, "闪迪": 1, "东芝": 1, "三": 1, "企业": 7, "1月": 1, "OSD": 1, "7日": 1, "针对": 2, "2019": 1, "财年": 1, "国防": 1, "授权法": 1, "第889": 1, "条": 1, "合宪性": 1, "联邦": 13, "请求": 1, "销售": 1, "条款": 5, "判令": 1, "永久": 1, "实施": 1, "希望": 9, "案件": 3, "执行": 4, "所有人": 2, "国际": 2, "电气": 3, "电子": 4, "工程师": 2, "内部": 1, "怒发": 1, "请辞": 1, "职": 1, "参加": 1, "科学": 2, "工作": 2, "公开": 6, "公正": 1, "公平": 1, "原则": 2, "感觉": 1, "挑战": 1, "符合": 1, "都": 2, "邀请": 1, "对手": 1, "敌人": 1, "排除": 1, "在外": 1, "梨视频": 2, "文化": 5, "L梨": 3, "任正非": 2, "办公室": 4, "首次": 1, "搪瓷缸": 1, "本书": 1, "亮": 1, "大佬": 1, "彭博社": 1, "照片": 3, "办公桌": 1, "堆满": 1, "文件": 2, "报纸": 1, "名片": 1, "翻译版": 1, "陷阱": 1, "搪瓷": 1, "缸亮": 1, "东西": 1, "藏": 1, "硬核": 1, "精神": 1, "大佬们": 1, "长": 1, "啥样": 1, "28日": 3, "第三方": 1, "机构": 1, "报告": 1, "显示": 1, "下滑": 1, "逆势": 1, "上涨": 1, "5800万": 1, "台": 2, "缩小": 1, "三星": 1, "差距": 1, "5410万": 1, "跌": 1, "4460万": 1, "去年": 1, "同期": 1, "相比": 1, "联播L": 1, "曝": 1, "InstituteofElectricalandElectronicsEngineers": 1, "当今": 1, "世界": 1, "计算机": 1, "通信": 1, "自动化": 1, "工程": 1, "研究": 1, "领域": 1, "著名": 1, "规模": 1, "营利性": 2, "跨国": 1, "接下来": 1, "投稿": 1, "文章": 1, "会议": 1, "赞助": 2, "分支": 1, "职务": 2, "都会": 1, "关联": 1, "影响": 3, "美国商务部": 1, "列入": 1, "黑名单": 2, "做出": 4, "FAQ": 1, "文档": 1, "第12": 1, "项": 1, "同行": 1, "评审": 1, "过程": 1, "法律": 1, "留在": 1, "委员会": 2, "商务部": 1, "删除": 1, "别无选择": 1, "只能": 1, "遵守": 1, "建议": 2, "请": 6, "通知": 2, "解释": 15, "情况": 3, "发送": 1, "告知": 1, "论文": 2, "分配": 1, "寻找": 1, "替代者": 1, "审核": 1, "人员": 1, "支持": 1, "力量": 1, "担任": 2, "巨头": 2, "不少": 3, "合作": 4, "这次": 3, "No": 1, "之间": 1, "此次": 1, "突发": 1, "事件": 2, "网友": 1, "三观": 1, "崩塌": 1, "国界": 1, "量子位": 1, "快递": 13, "包裹": 9, "转寄": 3, "外交部": 10, "公众": 10, "给出": 3, "发言人": 5, "陆慷": 5, "Fed": 15, "Ex": 14, "情理之中": 3, "货物": 3, "转运错": 3, "地方": 3, "发生": 15, "确实": 3, "；": 3, "一而再": 4, "再而三": 4, "身上": 4, "朱若梦": 1, "纽约": 2, "时报": 2, "禁": 2, "农村": 3, "断网": 2, "凯文·尼尔森": 1, "蒙大拿州": 1, "经营": 1, "占地": 1, "15": 1, "平方公里": 1, "农场": 2, "拖拉机": 1, "故障": 1, "他用": 1, "拍下": 1, "发给": 1, "100": 1, "公里": 1, "修理厂": 1, "失败": 1, "政府": 1, "行政": 1, "命令": 1, "国家": 1, "威胁": 1, "购买": 1, "设备": 2, "导致": 1, "尼尔森": 1, "无线": 2, "网络": 2, "升级": 1, "计划": 1, "戛然而止": 1, "电信": 1, "供应商": 2, "青年": 1, "参考O": 1, "胡侃": 1, "发出": 1, "动用": 1, "稀土": 1, "武器": 1, "反击": 1, "信号": 1, "原因": 1, "制裁": 1, "关门": 1, "贸易战": 1, "华盛顿": 1, "展示": 1, "摧毁": 1, "高科技": 1, "能力": 1, "野心": 1, "冲突": 1, "打击": 1, "削弱": 1, "对方": 1, "置于": 1, "保护": 1, "利益": 1, "之上": 1, "阶段": 1, "很多": 1, "适可而止": 1, "善良": 1, "愿望": 1, "转移": 3, "L胡锡进": 1, "独家": 2, "丨": 2, "法学": 2, "义务": 2, "配合": 2, "主管": 2, "部门": 3, "调查": 2, "近期": 1, "未": 1, "失误": 2, "转运": 3, "抱歉": 1, "承担": 1, "责任": 1, "维护": 1, "合法": 1, "权利": 1, "我国": 1, "邮政": 1, "监管": 1, "详情": 2, "↓": 1, "抗议": 3, "29": 2, "媒体": 4, "报道": 3, "NTC": 3, "北京": 6, "分会": 3, "大学": 3, "采访": 3, "确认": 3, "朋友": 3, "收到": 3, "发表": 4, "特此": 3, "日报": 3, "·": 2, "学术界": 3, "原本": 1, "承受": 1, "压力": 2, "推": 1, "风口浪尖": 1, "专业": 1, "学会": 1, "遵照": 1, "也就是说": 1, "华为人": 1, "初审": 1, "前期": 1, "政治": 1, "因素": 1, "传导": 1, "学界": 1, "同仁": 1, "直呼": 1, "荒谬": 1, "梨": 1, "来源": 1, "华尔街": 1, "国台办": 2, "台湾": 4, "两岸": 2, "经济": 2, "发展": 2, "发挥": 3, "作用": 2, "安峰山": 1, "例行": 2, "发布会": 1, "应询": 1, "公布": 1, "成就": 1, "贡献": 1, "有助于": 1, "互补": 1, "优势": 1, "强强联合": 1, "赵晶": 1, "误寄": 2, "路透社": 1, "日前": 1, "日本": 1, "寄往": 1, "试图": 1, "越南": 1, "寄": 1, "此事": 1, "引发": 1, "关注": 1, "担心": 1, "窃取": 1, "信息": 1, "问询": 1, "事情": 2, "Ex来说": 1, "记者会": 1, "反问": 1, "实在": 1, "类似": 1}