{"棺材": 2, "、": 34, "情趣": 2, "内衣": 2, "小提琴": 2, "……": 4, "中国": 11, "超猛": 2, "镇": 2, "横扫": 2, "全世界": 2, "测试": 1, "列举": 1, "有名": 1, "垄断": 1, "程度": 1, "最牛": 2, "企业": 3, "地区": 2, "估计": 1, "都会": 1, "：": 13, "华为": 42, "能源": 1, "行业": 2, "中石油": 1, "中石化": 1, "错": 1, "！": 10, "地方": 1, "想": 9, "知名": 1, "看似": 1, "名不见经传": 1, "小镇": 1, "牢牢": 1, "控制": 1, "世界": 4, "O": 1, "P30": 6, "Pro拍": 1, "头发": 1, "皮肤": 1, "钱币": 1, "恐怖": 1, "​": 18, "P30Pro": 8, "法国": 2, "一二三": 1, "新加坡": 4, "四五六": 1, "马来西亚": 3, "七八九": 1, "开卖": 2, "都": 21, "排": 1, "长": 1, "队": 1, "手机": 5, "国际": 3, "品牌": 1, "老外": 1, "抢": 1, "买": 5, "主题": 1, "春天": 1, "带": 1, "工笔": 1, "写意": 1, "水墨油彩": 1, "变身": 1, "国风": 1, "潮牌": 1, "藏": 1, "O网页": 1, "链接": 1, "关注": 1, "+": 5, "转评": 2, "抽送": 1, "价值": 2, "元": 3, "名家": 1, "画册": 1, "1": 1, "证监会": 4, "空袭": 6, "华大": 12, "基因": 12, "关联": 6, "交易": 6, "会议": 4, "培训": 4, "放过": 4, "周末": 2, "掀开": 2, "长期": 2, "cover": 2, "头": 2, "盖子": 2, "AB面": 2, "称": 4, "基因界": 2, "腾讯": 5, "利润": 2, "利益": 2, "输送": 2, "深圳": 2, "名片": 2, "科技": 3, "公司": 7, "R&D": 2, "城": 4, "零头": 2, "财务": 2, "系统": 2, "搞": 2, "混乱": 2, "董事长": 2, "汪": 2, "建": 2, "疯子": 2, "员工": 5, "活到": 2, "100": 2, "岁": 2, "三大纪律": 2, "出生": 2, "缺陷": 2, "肿瘤": 2, "晚": 2, "医院": 2, "发现": 4, "放": 3, "支架": 2, "(": 4, "心脏搭桥": 2, ")": 3, "反对": 2, "打宫": 2, "颈癌": 2, "疫苗": 2, "10年": 2, "内": 2, "合成": 2, "生命": 2, "汪健": 2, "一点": 2, "疯": 2, "炒作": 2, "盘": 2, "很": 6, "棋": 2, "O证": 2, "监会": 2, "刚刚": 1, "试": 1, "30pro": 1, "后置": 2, "摄像头": 2, "。。。。。。。。。": 1, "真的": 2, "惊呆": 1, "箭头": 1, "指": 1, "店里": 1, "拍到": 1, "视角": 1, "背后": 1, "墙上": 1, "字​": 1, "毛孔": 1, "美​": 1, "新中": 1, "关华": 1, "实体店": 1, "顺便": 1, "体验": 1, "真机": 1, "潜在": 1, "消费者": 2, "感受": 1, "屏幕": 4, "之间": 1, "差异": 1, "五": 1, "男": 1, "女": 1, "六": 3, "小哥": 1, "细腻": 1, "色彩": 1, "整体": 2, "观感": 1, "差别": 1, "告知": 1, "素质": 1, "情况": 1, "理由": 1, "拍": 5, "远": 1, "大致": 1, "差": 1, "#密室": 1, "逃脱": 1, "02": 2, "期": 2, "上线": 1, "杨幂": 2, "最佳": 1, "助攻": 1, "稳稳": 1, "到手": 1, "邓伦": 1, "实力": 1, "演绎": 1, "精致": 1, "自救": 1, "魏大勋": 1, "脑洞": 1, "开笑": 1, "翻": 1, "全场": 1, "黄明昊": 1, "火力": 1, "全开": 1, "音乐": 1, "支配": 1, "告别": 1, "吃播": 1, "谢": 1, "依霖": 1, "竟是": 1, "隐藏": 1, "金手": 1, "张国伟": 1, "花式": 1, "滑梯": 1, "心疼": 1, "好笑": 1, "爆笑": 1, "高能": 1, "就绪": 1, "来L": 1, "邓伦携": 1, "流浪": 2, "萌宠": 1, "出逃​": 1, "​​": 1, "视频": 5, "芒果": 2, "专区": 1, "海量": 1, "精彩": 1, "内容": 1, "TV": 1, "联合": 1, "会员": 1, "优惠": 1, "~": 1, "〈": 1, "つ•̀ᴥ•́": 1, "つ组": 1, "鹅": 1, "反馈": 1, "mate20": 1, "夜景": 1, "拍照": 6, "模式": 1, "返图": 1, "棒": 1, "欸": 1, "〉": 1, "台": 1, "小米": 1, "不用": 1, "爱国": 1, "毛线": 1, "关系": 1, "可不": 1, "城市": 1, "商场": 1, "排队": 5, "奶茶": 1, "情景": 1, "这是": 4, "当天": 1, "所到之处": 1, "抢购": 1, "场景": 6, "有图": 1, "真相": 1, "牛": 3, "国产": 1, "威武": 1, "成年人": 1, "字典": 1, "捷径": 1, "…": 1, "L华": 1, "终端": 1, "官方": 1, "秒拍": 1, "论坛": 1, "5": 3, "半": 3, "月薪": 1, "35K": 1, "年终": 1, "奖金": 1, "20万": 1, "年收入": 1, "70万": 3, "大厂": 2, "锻炼": 1, "嫌弃": 1, "工资": 1, "低": 1, "围城": 1, "外边": 2, "进去": 1, "呆": 1, "拿到": 1, "收入": 1, "一个": 9, "能力": 1, "工作": 1, "业绩": 1, "资历": 1, "面临": 1, "天花板": 1, "这时候": 1, "跳槽": 3, "感觉": 2, "初始": 1, "薪水": 1, "确实": 1, "证明": 2, "能干": 1, "；": 1, "闯": 1, "场": 2, "薪资": 1, "就要": 1, "第二": 1, "毕竟": 1, "一家": 1, "零": 1, "入职": 1, "总收入": 1, "李宁": 1, "三叶草": 1, "等价": 1, "售卖": 1, "地球": 1, "科幻片": 1, "无限": 1, "法则": 1, "欧美": 1, "游戏": 2, "用户": 1, "武侠": 1, "引擎": 1, "做好": 1, ".....": 1, "全华班": 2, "名字": 1, "角落": 1, "小看": 1, "终": 1, "madeinchina": 1, "等于": 1, "廉价": 1, "猎奇": 1, "底层": 1, "...": 1, "为啥": 1, "🍎": 4, "金融": 1, "数据": 2, "XS": 1, "成本": 1, "34.5": 1, "美元": 2, "231": 1, "高达": 1, "56": 1, "376": 1, "相机": 1, "模组": 1, "1.7": 1, "倍": 2, "联合国": 1, "下属": 1, "电信": 1, "联盟": 1, "150年": 1, "首位": 1, "中国籍": 1, "秘书长": 1, "赵厚麟": 1, "美国": 4, "5G": 1, "设备": 1, "指控": 1, "政治": 1, "贸易": 1, "驱动": 1, "基于": 1, "事实": 1, "证据": 1, "依据": 1, "列入": 1, "黑名单": 1, "公平": 2, "今日": 1, "图2~3": 1, "4~6": 1, "首销": 2, "场面": 1, "火爆": 1, "昨晚": 1, "居然": 1, "有人": 2, "体验店": 1, "彻夜": 1, "图1": 2, "外媒": 2, "麻省": 4, "中止": 2, "中兴": 3, "研究": 3, "合作": 3, "理工": 2, "学院": 2, "负责人": 1, "发布": 1, "消息": 1, "联邦": 1, "政府": 2, "调查": 1, "停止": 1, "技术": 1, "资助": 1, "此前": 1, "外交部": 1, "发言人": 1, "耿爽": 1, "4日": 1, "一向": 1, "支持": 2, "遵循": 1, "规则": 1, "对外": 1, "经贸": 1, "领域": 1, "遵守": 1, "当地": 1, "法律": 1, "法规": 1, "驻在国": 1, "提供": 1, "公正": 1, "歧视": 1, "环境": 1, "O外媒": 1, "TA": 1, "晚安": 1, "DigiX": 1, "未知": 1, "旅行": 3, "计划": 1, "人生": 1, "至少": 1, "冲动": 1, "奋不顾身": 1, "爱情": 1, "段": 1, "走": 2, "美好": 1, "邂逅": 1, "聊聊": 1, "小云": 1, "随机": 1, "抽": 1, "送出": 1, "耳机": 1, "任正非": 1, "回应": 1, "打压": 1, "CNN": 1, "记者": 1, "回答": 1, "惊讶": 1, "L军": 1, "武季": 1, "像素": 1, "太原": 1, "万达": 1, "华为店": 1, "逛": 1, "玩": 1, "二十": 1, "分钟": 1, "店员": 1, "一句话": 1, "碧波": 1, "瘦": 1, "水漾": 1, "清流": 1, "文运魁": 1, "星守千秋": 1, "宫灯": 1, "教坊": 1, "歌弦夜": 1, "春风": 1, "西楼": 1, "春光": 1, "正好": 1, "Mate20Pro": 1, "踏青": 1, "出游": 1, "朋友们": 1, "分享": 1, "iphone": 1, "记录": 7, "体重": 7, "软件": 3, "weightdrop": 2, "直观": 1, "清爽": 1, "简单": 1, "时间": 1, "加体": 1, "每日": 1, "每月": 1, "变化": 2, "5s": 1, "用到": 1, "8": 1, "丢失": 1, "好像": 1, "appleid": 1, "绑定": 1, "年初": 1, "mate20pro": 1, "寻找": 1, "类似": 1, "找到": 2, "健身": 1, "社交": 1, "平台": 1, "饮食": 1, "热量": 1, "附带": 3, "运动": 1, "秤": 1, "掺杂一堆": 1, "拥有": 1, "小本": 1, "喜欢": 1, "那种": 1, "观点": 1, "三": 4, "镜头": 3, "主流": 1, "旗舰": 1, "摄": 5, "多样化": 1, "需求": 1, "🍎好": 1, "光线": 1, "充足": 1, "低光": 1, "强对": 1, "比度": 1, "广角": 3, "长焦": 1, "微距": 2, "人像": 2, "花朵": 1, "🍎强": 1, "应对": 1, "风景": 1, "300": 1, "米": 1, "东西": 1, "变焦": 3, "4000": 1, "W主": 1, "主摄": 1, "tof": 1, "深度": 1, "景深": 1, "虚化": 1, "优秀": 1, "新加坡P": 1, "30": 1, "系列": 1, "挡": 1, "不住": 1, "热情": 1, "凌晨": 1, "RewriteThe": 1, "Rules": 1, "#​": 1, "P30Pro五": 1, "光学": 1, "拍摄": 1, "照片": 1, "L笑": 1, "拔": 1, "胸毛": 1}