{"华为": 50, "手机": 13, "拍摄": 1, "圣迭戈": 1, "夜景": 2, "美国": 2, "​": 12, "壳厂": 1, "泄密": 1, "～": 1, "壳": 2, "制造商": 2, "Spigen": 2, "泄露": 1, "P30": 7, "系列": 4, "保护壳": 2, "官图": 1, "外观": 1, "信息": 1, "P30Pro": 4, "均": 1, "采用": 4, "水滴屏": 1, "设计": 1, "；": 2, "背面": 1, "指纹": 2, "识别": 3, "屏幕": 2, "区别": 1, "后置": 3, "四": 3, "摄": 4, "三": 2, "六": 1, "略": 1, "略子": 1, "投稿": 1, "一个": 6, "视频": 4, "点开": 1, "界面": 1, "都": 3, "jio": 1, "很": 1, "眼熟": 1, "惹​": 1, "送": 1, "型号": 1, "推荐": 2, "​​​": 2, "精明": 1, "英国": 4, "通讯": 2, "公司": 9, "THREEUK": 2, "签订": 2, "200亿": 2, "订单": 2, "这家": 1, "李嘉诚": 2, "投资": 2, "拿下": 1, "找到": 1, "突破口": 1, "EE": 1, "、": 9, "O2": 1, "打算": 1, "合同": 1, "支持": 2, "放弃": 1, "加拿大": 1, "确实": 1, "聪明": 1, "O": 5, "网页": 4, "链接": 4, "条": 1, "技术": 3, "特朗普": 1, "推特": 1, "左边": 1, "机器": 1, "翻译": 5, "自带": 1, "功能": 2, "图片": 1, "英文": 2, "译": 1, "中文": 4, "google": 1, "不说": 1, "牛逼": 1, "中国": 4, "科幻": 2, "电影": 3, "春节": 3, "返程": 1, "在即": 1, "出行": 2, "快": 1, "Mate20": 1, "Pro": 1, "40W": 1, "超级": 1, "快充": 1, "利用": 1, "间隙": 1, "时间": 3, "快速": 1, "充电": 2, "电量": 1, "保驾护航": 1, "愁": 1, "L华": 1, "官方": 3, "秒拍": 2, "mate9": 1, "重启": 1, "想": 2, "再见": 1, "国产": 2, "📱​": 1, "S10一": 1, "改": 1, "S系列": 2, "印象": 1, "Note": 1, "方正": 1, "圆润": 1, "肥皂鹅": 1, "卵石": 1, "感觉": 1, "这次": 1, "没用": 1, "大R角": 1, "估计": 2, "基于": 1, "增大": 1, "面积": 1, "出发点": 1, "反向": 1, "耳机": 1, "玩": 1, "剩下": 1, "三星": 1, "机子": 1, "卖": 1, "选择": 1, "发表": 2, "头条": 1, "文章": 2, "泰国": 1, "东南亚": 2, "推出": 2, "5G": 4, "测试台": 1, "O泰国": 1, "测试": 1, "台​": 1, "外媒": 1, "报道": 7, "三月": 1, "亮相": 1, "巴黎": 1, "水滴屏+": 1, "期待": 1, "嘛​": 1, "野树": 1, "红梅": 1, "赞#": 1, "中华": 1, "英才": 1, "摄于": 1, "南通": 1, "盆景园": 1, "中​": 1, "广告": 2, "：": 6, "L笑笑": 1, "真情": 1, "背后": 1, "苦难": 1, "！": 5, "孟晚舟": 1, "事件": 2, "提醒": 1, "人类": 1, "从来": 1, "走出": 1, "丛林": 1, "4": 2, "日前": 1, "国外": 2, "官网": 1, "放出": 1, "透明": 1, "售价": 1, "14.99": 1, "美元": 4, "19.99": 1, "曝光": 1, "款": 2, "旗舰": 1, "全貌": 1, "十念生": 1, "|": 2, "流浪": 4, "地球": 4, "影评场": 2, "2019年": 4, "首场": 2, "舆论": 2, "阵地": 2, "争夺战": 2, "科技": 1, "产业": 2, "崛起": 2, "代表": 3, "标志": 1, "文化": 2, "跨越": 1, "7000": 1, "参与": 2, "这部": 1, "制作": 1, "这是": 1, "项": 2, "众志成城": 1, "工业": 1, "匠心": 1, "史诗": 1, "级别": 1, "里程碑式": 1, "未来": 2, "发展": 1, "培养": 1, "人才": 1, "打下": 1, "坚实": 1, "物质": 1, "基础": 1, "影片": 1, "O十": 1, "念生": 1, "哈哈哈": 1, "专卖店": 1, "尽然": 1, "小米": 2, "电视": 1, "米logo": 1, "改成": 1, "太": 1, "欲": 1, "布鲁塞尔": 3, "举办": 2, "庆祝": 2, "活动": 2, "从未": 2, "损害": 2, "国家": 4, "利益": 2, "当地": 2, "7日晚": 1, "驻": 1, "欧盟": 1, "机构": 2, "首席": 1, "刘康": 4, "现身": 1, "致辞": 1, "近来": 2, "政客": 1, "攻击": 1, "指控": 1, "感到": 2, "震惊": 1, "可笑": 1, "新华社": 1, "指出": 1, "排除": 1, "市场": 1, "意味着": 1, "网络": 5, "设备": 5, "刘": 4, "康说": 2, "多年": 1, "制造": 1, "很多": 1, "监管": 1, "电信": 4, "运营商": 2, "审查": 1, "包括": 1, "德国": 1, "沃达丰": 1, "法国": 1, "ORANGE": 1, "欧洲": 3, "主流": 1, "用户": 1, "公开": 1, "信任": 1, "赞赏": 1, "明智": 1, "做法": 1, "康": 2, "意识": 2, "形态": 2, "正确": 1, "方法": 1, "解决": 2, "西方": 1, "媒体": 2, "所有权": 1, "性质": 1, "治理": 1, "臆测": 1, "一家": 1, "百分之百": 1, "员工": 2, "持股": 1, "民营": 1, "企业": 1, "……": 1, "追求": 1, "商业": 2, "成功": 1, "遵循": 1, "操守": 1, "客户": 1, "逾": 1, "1.2万": 1, "名": 1, "70%": 1, "2018年": 1, "采购": 1, "商品": 1, "服务": 1, "价值": 1, "超过": 1, "63亿": 1, "透露": 1, "启动": 1, "提升": 1, "软件": 2, "工程": 1, "能力": 1, "项目": 2, "五": 1, "投入": 1, "20亿": 1, "下月": 1, "启用": 1, "中心": 1, "易": 1, "烊千": 1, "玺": 1, "千玺": 2, "nova星": 1, "分享": 1, "——": 1, "nova3": 1, "自拍式": 1, "感受": 1, "代言人": 1, "@": 3, "TFBOYS": 1, "易烊": 1, "近距离": 1, "美颜": 1, "暴击": 1, "舞台": 1, "王者": 1, "顶级": 1, "流量": 1, "全能": 1, "偶像": 1, "yy": 1, "qx": 1, "大佬": 1, "字": 1, "弟弟": 1, "李泌艳": 1, "势番": 1, "青年": 1, "阿易": 1, "队长": 1, "千千": 1, "烊烊": 1, "小千": 1, "长安": 1, "十二": 1, "时辰": 1, "街舞": 1, "crL华": 1, "终端": 1, "辐射": 1, "大和": 1, "排名": 1, "黑": 1, "iPhone": 1, "排行": 1, "最低": 1, "链接O": 1, "随手": 1, "拍": 2, "布达拉宫": 1, "余承东": 2, "2拉萨·布达拉宫": 1, "猪年": 1, "立下": 1, "学习": 1, "目标": 1, "达成": 1, "说好": 1, "减下": 1, "体重": 1, "甩掉": 1, "新年": 1, "面貌": 1, "华为云": 1, "沪江": 1, "祝": 1, "考试": 1, "都会": 2, "~": 1, "猛戳": 1, "新春": 1, "互动": 1, "话题": 1, "米妮": 1, "爱": 1, "知识": 1, "传遍": 1, "祖国": 1, "山川": 1, "教育": 1, "惧路": 1, "难​": 1, "GSMA": 8, "回应": 3, "MWC19": 4, "建议": 3, "禁止": 4, "失实": 3, "C114": 1, "通讯网": 1, "消息": 1, "针对": 2, "称": 4, "巴塞罗那": 3, "会议": 3, "官微": 1, "做出": 1, "2月": 1, "3日": 1, "网站": 1, "随后": 1, "相关": 1, "事实": 1, "依据": 1, "全球": 1, "通信": 1, "行业": 1, "权益": 1, "贸易": 1, "协会": 1, "意愿": 1, "权力": 1, "供应商": 2, "路透社": 1, "予以": 1, "纠正": 1, "MWC": 1, "大会": 1, "期间": 1, "董事会": 1, "讨论": 1, "业界": 1, "关注": 2, "热点": 1, "议题": 2, "议程": 1, "尚未": 1, "各家": 1, "折叠屏": 3, "拿出": 1, "成品": 1, "展示": 1, "第一": 1, "枪": 1, "假期": 1, "结束": 1, "科技圈": 1, "MWC2019": 1, "节奏": 1, "届时": 1, "发布": 1, "持续": 1, "商用": 1, "颇": 1, "看点": 1, "最新": 1, "放": 1, "渲染": 1, "新机": 1, "展开": 1, "平板": 2, "前置": 1, "摄像头": 1, "顶部": 1, "有待": 1, "开发": 1, "厚度": 1, "适配": 1, "消费者": 1, "观望": 1}