{"睡前": 1, "：": 16, "种草": 1, "华为": 41, "FreeLace": 2, "无线": 2, "耳机": 2, "小伙伴": 1, "喜欢": 3, "___": 1, "理由": 1, "​": 15, "千玺": 6, "nova星": 2, "nova": 3, "夜色": 1, "自拍": 1, "大赛": 1, "Ai": 1, "七夕": 3, "橙": 1, "热恋": 1, "开福区": 1, "万达华": 1, "授权": 1, "体验店": 1, "提前": 2, "@": 8, "TFBOYS": 2, "易烊": 6, "陷落": 1, "美好": 1, "L易烊": 1, "千": 2, "玺": 2, "湖南": 1, "粉丝团": 1, "视频": 12, "慢慢": 1, "长大": 2, "发现": 2, "一个": 9, "走过": 3, "段": 3, "日子": 1, "都": 14, "独行": 1, "时光": 1, "长": 2, "短": 1, "无可回避": 1, "巴金": 1, "散文": 1, "灯": 2, "写到": 1, "一点": 2, "微弱": 1, "灯光": 2, "仿佛": 1, "随时": 1, "都会": 1, "黑暗": 1, "扑灭": 1, "鼓舞": 1, "走": 2, "长长": 1, "路": 2, "不必": 1, "生命": 2, "空空荡荡": 1, "放心": 1, "孤独": 1, "意味着": 1, "值得": 1, "拥有": 1, "​​": 4, "智选": 5, "陪": 1, "夜晚": 2, "欧普": 1, "读": 1, "写": 2, "台灯": 1, "绑定": 2, "智能": 2, "家居": 2, "APP": 2, "科学": 1, "管理": 1, "读书": 1, "工作": 3, "时间": 2, "远程": 2, "操控": 2, "开关": 2, "、": 17, "亮度": 2, "定时": 2, "倒计时": 2, "功能": 3, "照亮": 2, "平凡": 2, "华": 1, "HiLink智": 2, "生活": 3, "穿越": 2, "回书": 2, "书": 5, "人物": 4, "性格": 2, "命运": 2, "不谋而合": 2, "快": 4, "参与": 2, "测试": 2, "O网页": 2, "链接": 2, "小米": 5, "广告费": 1, "幽默": 2, "风趣": 2, "笑话": 2, "L": 1, "全新": 2, "交互式": 1, "体验": 1, "实景": 1, "地图": 1, "AR": 1, "场景": 1, "黑科技": 1, "请": 1, "关注": 2, "8月": 1, "9日": 1, "11日": 1, "开发者": 4, "大会": 1, "HDC2019": 3, "开启": 1, "未来": 2, "智慧": 1, "L华": 2, "终端": 2, "公司": 2, "任正非": 1, "5G": 9, "基站": 5, "明年": 1, "发货": 1, "150万": 1, "……": 2, "2G": 1, "覆盖": 5, "半径": 4, "5-10": 1, "公里": 3, "3G": 1, "2-5": 1, "4G": 3, "1-3": 1, "100-300": 1, "米": 1, "误解": 1, "恨不得": 1, "玉龙": 1, "雪山": 1, "信号": 1, "才": 3, "算": 2, "成熟": 1, "稍微": 1, "社科": 1, "知识": 1, "经济": 1, "发展": 1, "本来": 1, "均匀": 1, "人口": 1, "分布": 1, "亦": 1, "内": 1, "呈现": 1, "局部": 1, "城市": 1, "+": 1, "农村": 1, "局面": 1, "健康": 1, "网络": 1, "提速": 1, "升级": 1, "环境": 2, "…": 1, "真的": 4, "买华": 1, "30pro": 1, "！": 10, "挑": 1, "颜色": 1, "易烊": 1, "啊啊": 3, "好帅": 3, "帅好": 1, "千玺华": 2, "全球": 2, "代言人": 2, "#​": 2, "爱国": 1, "买": 3, "魅族": 5, "手机": 25, "iPhone": 2, "胆战心": 1, "惊睡": 1, "国产": 1, "智能机": 1, "父": 1, "黄章": 1, "千年": 1, "精于": 1, "打磨": 1, "木匠": 1, "支持": 2, "难道": 1, "雷猴王": 1, "牛逼": 1, "天下": 1, "第一": 1, "有用": 2, "赞": 1, "🐦姐": 1, "每次": 1, "参加": 3, "活动": 2, "现场": 4, "氛围": 1, "超好": 1, "！！": 1, "谢谢": 4, "爸爸": 1, "✌": 1, "千玺​": 1, "争议性": 1, "投票": 1, "1700": 1, "元": 2, "价位": 2, "CC9": 2, "麦芒": 2, "8": 2, "选": 2, "易": 1, "烊千玺": 1, "开箱": 2, "实测": 1, "网速": 1, "惊人": 1, "下载": 2, "王者": 2, "荣耀": 7, "43": 2, "秒": 2, "国内": 1, "拿到": 2, "入网": 1, "许可证": 1, "Mate20X5G": 2, "版": 1, "正式": 1, "发售": 1, "每经": 1, "记者": 1, "测评": 1, "1700多兆": 1, "游戏": 4, "仅仅": 1, "限量": 1, "套餐": 2, "取消": 1, "小心": 1, "流量": 1, "超出": 1, "计费": 1, "LNBD": 1, "秒拍": 2, "香蕉": 2, "家族": 2, "演唱会": 2, "围观": 1, "观众": 1, "repo强": 1, "东玥": 1, "开场": 2, "挺瘦": 1, "OK": 1, "青龙": 1, "挺": 2, "嗨": 1, "王喆": 1, "今晚": 2, "妆发": 2, "太": 5, "好看": 1, "有粉": 1, "求点": 1, "高清图": 1, "废物": 1, "气死": 1, "P30": 2, "后悔": 1, "垃圾": 1, "苹果": 2, "适合": 1, "朋友": 3, "DJ哥哥": 1, "打碟": 1, "不错": 3, "尤长靖": 1, "唱功": 1, "惊到": 1, "开口": 1, "拯救": 1, "天台": 1, "惨淡": 1, "收音": 1, "高音": 1, "稳": 2, "听": 1, "唱": 1, "粉丝": 2, "饭": 1, "拍": 4, "声音": 2, "糊": 1, "落泪": 1, "尖叫声": 1, "姐姐": 1, "弟弟": 1, "下半场": 1, "听完": 1, "练习生": 1, "节目": 1, "结束": 1, "车": 1, "晚": 1, "回家": 1, "溜": 1, "很": 1, "在江湖中": 1, "耍枪": 1, "哪吒": 1, "自动": 1, "美颜": 1, "照片": 5, "面容": 1, "略": 1, "平滑": 1, "看客": 1, "深表": 1, "歉意": 1, "关键": 2, "眼神儿": 1, "看清": 1, "渣男": 1, "本质": 1, "天天": 1, "黑": 2, "花粉": 1, "背地里": 1, "P30Pro": 3, "真香": 1, "渣男实锤": 1, "！！！​": 1, "歌": 1, "/": 2, "细碎": 1, "明亮": 1, "生机勃勃": 1, "摄影": 1, "GBL": 1, "W毅": 1, "设备": 1, "mate20pro#": 1, "V影": 1, "像力": 1, "八月": 1, "你好": 1, "7月": 1, "24日": 1, "28日": 1, "中国": 1, "海军": 1, "052C型": 1, "导弹": 1, "驱逐舰": 1, "西安舰": 2, "应邀": 1, "赴": 1, "俄罗斯": 2, "圣彼得堡": 2, "俄": 1, "海军节": 1, "相关": 1, "一共": 2, "呆": 1, "4": 2, "喀琅施塔": 1, "远": 1, "400": 1, "每张": 1, "10": 1, "MB": 1, "4GB": 1, "KB": 1, "沁润": 1, "人民": 1, "解放军": 1, "深沉": 1, "炽烈": 1, "爱": 1, "拍照": 2, "Nova3": 1, "代言": 1, "质量": 1, "想要": 1, "停泊": 1, "市内": 1, "印度": 1, "型": 1, "军舰": 1, "收藏": 1, "观看": 1, "留": 1, "邮箱": 1, "发": 1, "2018": 1, "2019年": 1, "优秀": 1, "推荐": 1, "屏幕": 4, "ROG": 2, "红魔": 2, "3": 2, "充电": 1, "9": 3, "X": 3, "系列": 7, "三星": 2, "S10": 1, "系统": 1, "vivo": 1, "黑鲨": 1, "设计": 1, "最佳": 2, "MIX3": 1, "Magic2": 1, "最牛": 1, "20Pro": 1, "畅销": 1, "索尼": 1, "xperia1": 1, "GalaxyA80": 1, "联想": 1, "Z5Pro": 1, "价格": 1, "16s": 1, "红米": 1, "雷军": 1, "卢": 2, "伟冰": 1, "感想": 1, "据说": 1, "出货量": 1, "破": 1, "100万": 1, "销量": 1, "火爆": 1, "台积电": 1, "催加": 1, "麒麟810": 1, "产能": 1, "攻击": 1, "无用": 1, "功​": 1, "美国": 1, "企业": 1, "伟创力": 3, "年初": 1, "美": 1, "政府": 1, "列入": 1, "实体": 1, "清单": 1, "，，": 1, "拒绝": 1, "合作": 1, "扣留": 1, "7亿": 1, "美元": 1, "物资": 1, "随后": 1, "代工": 1, "转交": 1, "富士康": 1, "比亚迪": 2, "员工": 2, "放假": 1, "长沙": 1, "工厂": 1, "转让": 1, "珠海": 1, "6月": 1, "裁员": 1, "赔偿": 1, "方案": 1, "N+1": 1, "底薪": 1, "2000": 1, "落地": 1, "万物": 1, "互联": 1, "升起": 1, "技术": 2, "变革": 1, "勇敢者": 1, "酝酿": 1, "创新": 1, "机遇": 1, "华为云": 2, "松山湖": 1, "溪流": 1, "背坡村": 1, "饭圈": 1, "公认": 1, "情敌": 1, "赵丽颖": 2, "锐丽": 1, "复工": 1, "想当年": 1, "吃": 1, "不少": 1, "醋": 1, "地位": 1, "持续": 1, "下降": 1, "唯一": 2, "L胖颖": 1, "飞刀": 1, "讨论": 1, "7Pro": 1, "反倒": 1, "努比亚": 1, "三": 2, "素质": 1, "踊跃": 1, "购买": 1, "色弱": 1, "高度": 1, "近视": 1, "患者": 1, "利用": 1, "HiAI": 1, "开发": 2, "艾助": 1, "视器": 1, "视障": 1, "人群": 1, "金碧辉": 1, "​​​": 1, "AI": 2, "听懂人": 1, "不再": 1, "新闻": 1, "热带": 1, "雨林": 2, "深处": 1, "富有": 1, "生命力": 1, "渴望": 1, "聆听": 1, "选择": 1, "不凡": 1, "项目": 1, "开设": 1, "岗位": 1, "——": 1, "动物": 1, "语言": 3, "翻译师": 3, "发起": 1, "公开": 1, "招聘": 1, "云动物": 2, "日常": 1, "~O": 1, "听懂": 1, "雨林猴语": 1, "出炉": 1, "小时候": 1, "作家": 1, "写下": 1, "东西": 2, "才华": 1, "理解": 1, "算数": 1, "努力": 1, "最终": 1, "梦想": 2, "付出": 1, "欧普台": 1, "走向": 1, "不可思议": 1, "道路": 1, "贴心": 1, "助力": 1, "拼": 3, "多多": 1, "跳": 1, "竟然": 1, "搞出": 1, "对象": 1, "心动": 1, "指数": 1, "好像": 1, "激动": 2, "想": 1, "马上": 1, "通知": 1, "身边": 1, "仔细": 1, "想想": 1, "年轻人": 1, "年纪": 1, "早已": 1, "忘": 1, "七": 1, "夕": 1, "节日": 1, "年轻": 1, "10岁": 1, "份​": 1, "强大": 1, "对面": 1, "店情": 1, "何以": 1, "堪": 1, "搞笑": 3, "联盟": 2, "集锦": 2, "#L": 1, "有人": 1, "统计": 1, "明星": 1, "品牌": 1, "最多": 1, "很多": 1, "隐藏": 1, "尾巴": 1, "长列": 1, "薛之谦": 1, "机型": 1, "亮": 1, "剩下": 1, "金立": 1, "合约": 1, "到期": 1}