{"城市": 3, "生而不凡": 1, "坐拥": 1, "首都": 1, "、": 13, "政治": 1, "文化": 1, "中心": 1, "三千": 1, "历史": 2, "世界": 7, "一线": 1, "标签": 1, "不凡": 8, "都": 9, "关乎": 2, "选择": 6, "无数": 1, "小不凡": 1, "成就": 1, "北京": 5, "大不凡": 1, "5月": 9, "10日": 2, "华为": 47, "峰会": 3, "2019": 3, "邀": 1, "见证": 1, "数字": 1, "经济": 3, "时代": 10, "5G": 6, "人工": 1, "智能": 4, "技术": 2, "创新": 1, "O": 5, "网页": 2, "链接": 3, "转发": 4, "抽": 4, "1": 6, "送": 5, "台": 3, "P30": 4, "标配": 3, "故宫": 2, "P30Pro": 5, "拍": 3, "照片": 1, "感觉": 1, "御花园": 1, "花都": 1, "5": 2, "倍": 10, "光变": 1, "理解": 1, "实用性": 1, "场景": 1, "发现": 1, "真的": 1, "想": 2, "远": 3, "10": 1, "混合": 1, "变焦": 8, "4": 1, "有趣": 1, "开启": 2, "大光圈": 2, "模式": 5, "距离": 1, "情况": 1, "虚化": 2, "勉强": 1, "算法": 1, "错误": 1, "效果": 1, "很": 2, "满意": 1, "奥克斯": 1, "互联网": 1, "直卖": 1, "空调": 1, "关注": 1, "明天": 1, "HUAWEIP": 2, "30": 2, "9日": 3, "@": 6, "云城市": 2, "探索": 4, "杭州": 3, "未来": 2, "​": 14, "任正非": 12, "郭台铭": 11, "：": 14, "座": 6, "城": 6, "一个": 10, "改革": 4, "开放": 4, "一路": 2, "走来": 2, "富士康": 9, "已然": 2, "深圳": 10, "名片": 3, "如果说": 2, "代表": 5, "A面": 3, "B面": 5, "缺少": 3, "2019年": 3, "以往": 2, "奔波": 2, "一如既往": 2, "激流勇进": 2, "更为": 2, "凶猛": 2, "立志": 2, "走上": 2, "仕途": 2, "；": 3, "一向": 2, "退居": 2, "幕后": 2, "面对": 2, "诡谲": 2, "国际": 4, "商战": 2, "奔走": 2, "各国": 2, "媒体": 5, "采访": 2, "30年": 1, "交汇": 1, "诞生": 1, "龙华": 2, "园区": 2, "坂田": 2, "总部": 2, "相隔": 2, "条": 2, "高速": 2, "公路": 2, "邻居": 2, "上下游": 2, "年中": 1, "公司": 9, "业绩": 1, "创下": 1, "新高": 1, "奋斗者": 2, "高科技": 1, "中国": 30, "头面人物": 1, "基础": 1, "制造业": 1, "吸收": 1, "众多": 1, "中低产阶级": 1, "农业": 1, "解放": 1, "生产力": 1, "转移": 2, "工业": 1, "纯体力活": 1, "含量": 1, "岗位": 1, "正是": 1, "A": 1, "才": 1, "进程": 1, "毫秒级": 1, "精度": 1, "视频": 3, "点亮": 1, "抽奖": 1, "平台": 2, "与生俱来": 1, "！": 19, "黄子": 2, "韬到": 1, "楼下": 1, "广告": 1, "恨不得": 1, "配": 1, "华为p30": 1, "": 1, "韬​": 1, "当下": 1, "美": 3, "关系": 2, "美国": 20, "总统": 1, "特朗普": 2, "声称": 1, "周五": 1, "商品": 2, "关税": 1, "副总理": 1, "签": 3, "贸易": 3, "协议": 2, "粗暴": 1, "干涉": 1, "内政": 1, "台湾": 2, "保护法": 1, "414": 1, "票": 3, "赞成": 1, "反对": 1, "17": 1, "弃权": 1, "孟晚舟": 1, "8号": 1, "再度": 1, "出庭": 1, "甲骨文": 1, "创始人": 1, "培养": 1, "工程师": 1, "事件": 3, "综合": 1, "真实": 2, "早已": 1, "当成": 1, "敌人": 1, "保证法": 1, "对比": 2, "很多": 5, "谎言": 1, "贸易战": 1, "背景": 1, "恶意": 1, "满满": 1, "届": 1, "政府": 3, "奇葩": 1, "廉耻": 1, "好勇斗狠": 1, "负责": 1, "敲诈": 1, "国务卿": 1, "蓬佩奥": 1, "到处": 2, "坏话": 1, "国家": 3, "顾问": 1, "博尔顿": 1, "煽风点火": 1, "到底": 1, "破坏": 1, "和平": 1, "一目了然": 1, "境外": 1, "西方": 4, "付": 2, "专利费": 3, "日本": 1, "新闻": 1, "5日": 1, "报道": 2, "伊普利蒂克斯": 2, "数据": 1, "显示": 1, "截至": 1, "3月": 2, "通信": 3, "标准": 4, "专利": 11, "申请": 5, "件数": 1, "占比": 3, "34.02%": 1, "现有": 1, "4G": 4, "1.5": 1, "数量": 1, "最多": 1, "企业": 4, "15.05%": 1, "上榜": 2, "中兴": 2, "通讯": 1, "电信": 2, "科学技术": 1, "研究院": 1, "位列": 1, "第5": 1, "第9": 1, "基站": 2, "开发": 1, "相关": 3, "超过": 2, "瑞典": 1, "爱立信": 1, "芬兰": 1, "诺基亚": 1, "份额": 2, "14%": 1, "下降": 2, "百分点": 1, "参与者": 1, "高通": 1, "领域": 1, "占": 1, "居": 1, "第6": 1, "投行": 1, "富瑞": 1, "金融": 1, "集团": 1, "驻": 3, "香港": 1, "分析师": 1, "不得不": 1, "付费": 1, "购买": 1, "如今": 2, "拥有": 2, "支付": 1, "首席": 1, "执行官": 1, "蒂姆·珀尔曼": 1, "销售": 1, "使用费": 1, "来源": 1, "参考消息": 1, "OPPO": 4, "手机": 12, "60": 3, "全新": 2, "Reno": 2, "厉害": 1, "义人": 1, "天天": 2, "栏目": 2, "回归": 2, "马上": 2, "曝出": 2, "猛料": 2, "Reno10": 1, "焦版": 1, "解锁": 1, "技能": 1, "全球": 5, "性能": 5, "数码": 2, "50": 2, "功能": 1, "L义人": 1, "支持": 1, "施华": 1, "洛世奇": 1, "元素": 1, "限量版": 1, "套装": 2, "即将": 1, "开售": 1, "提前": 1, "拿到": 2, "款": 4, "抢先": 2, "O华为P30Pro": 1, "限量": 1, "套装图": 1, "赏​": 1, "黑历史": 1, "打脸": 1, "bot华": 1, "🐮🍺": 1, "oppo60": 1, "辣鸡": 1, "太": 1, "MadeinChina": 1, "骄傲": 2, "时装周": 1, "惊艳": 1, "国潮": 1, "李宁": 1, "超越": 1, "苹果": 2, "销量": 2, "第二": 1, "名": 3, "本土": 1, "制造": 1, "创造": 1, "品牌": 3, "舞台": 1, "展露": 1, "风采": 1, "近日": 1, "BrandZ2019": 1, "价值": 1, "100": 2, "榜单": 2, "发布": 3, "伊利": 1, "世界级": 1, "品质": 2, "夺得": 1, "Food": 1, "＆": 1, "Dairy": 1, "品类": 1, "行业": 4, "七连冠": 1, "比肩": 1, "质量": 1, "控制": 1, "体系": 1, "稳居": 1, "乳业": 1, "第一": 2, "阵营": 1, "喝": 1, "放心": 1, "奶": 1, "这是": 1, "人民": 1, "群众": 1, "切身利益": 1, "民生": 1, "百姓": 1, "诉求": 1, "奶业": 1, "请": 1, "加油": 1, "屏": 1, "发展": 1, "瓶颈": 1, "小米": 6, "思路": 1, "更胜一筹": 1, "此前": 1, "曝光": 1, "设计": 6, "官方": 2, "奶嘴屏": 1, "升降": 1, "镜头": 1, "刘": 1, "海屏": 1, "挖孔屏": 1, "申请日": 1, "2018年": 2, "25日": 1, "巧": 1, "日前": 1, "荷兰": 1, "LetsGoDigital": 1, "有望": 1, "推出": 1, "刘海": 2, "屏中端": 1, "知识": 1, "产权局": 1, "提交": 1, "项": 1, "外观": 1, "7日": 1, "收纳": 1, "设计库": 1, "机身": 3, "正面": 1, "顶部": 1, "呈现": 1, "圆形": 1, "自拍": 1, "摄像头": 2, "传感器": 2, "预留": 1, "空间": 1, "背面": 2, "闪光灯": 1, "指纹": 1, "位于": 1, "底部": 1, "保留": 1, "3.5": 1, "耳机": 1, "端口": 1, "日期": 1, "略": 1, "早": 1, "屏新": 1, "一点": 2, "无奖": 1, "问答": 1, "件": 2, "_____": 1, "先来": 1, "设置": 2, "帐号": 1, "~": 3, "L华": 1, "终端": 1, "酷燃": 1, "野生": 1, "动物": 1, "身旁": 1, "清晰": 1, "体会": 1, "生物": 1, "同呼吸共命运": 1, "摄影": 1, "陈曦Stanley": 1, "设备": 1, "五月": 1, "将来": 1, "回首": 1, "21": 1, "世纪": 1, "影响力": 1, "企业家": 1, ">>": 1, ">": 1, "AndroidQ": 1, "系统": 1, "凌晨": 1, "谷歌": 2, "I/O": 2, "大会": 2, "正式": 2, "首批": 2, "体验": 1, "Mate20": 1, "Pro": 1, "机型": 3, "AndroidQBeta": 1, "版本": 2, "现面": 1, "开发者": 4, "招募": 3, "戳": 2, "评论": 2, "即刻": 1, "报名": 1, "↓": 1, "​​": 2, "新机": 2, "到手": 1, "快速": 1, "分屏": 1, "操作": 2, "动态": 1, "壁纸": 1, "……": 2, "技巧": 2, "刚好": 1, "份": 1, "宝典": 1, "轻松": 1, "驾驭": 1, "六大": 2, "玩机": 2, "精髓": 1, "秒变": 1, "达人": 1, "网友": 2, "跑分": 2, "23.8万": 2, "兔兔": 2, "未": 2, "打开": 4, "今日": 1, "晒": 1, "称": 2, "实测": 1, "相比": 1, "骁龙": 1, "855": 1, "差距": 1, "对此": 1, "安兔兔": 1, "官微": 1, "回应": 1, "EMUI9": 1, "提升": 1, "续航": 1, "默认": 1, "电池": 1, "选项": 1, "手动": 1, "非性能": 1, "麒麟": 2, "980": 2, "自然": 1, "成绩": 2, "只能": 1, "反馈": 1, "发挥": 1, "用户": 1, "流畅度": 1, "区别": 1, "真机": 1, "实拍": 1, "月亮": 2, "L相机": 1, "Beta": 2, "秒拍": 1, "关舆": 1, "|": 2, "轰炸": 4, "大使馆": 4, "摩擦": 2, "抓捕": 5, "CFO": 3, "逻辑": 2, "一以贯之": 2, "O网页": 1, "当年": 2, "南联盟": 2, "本性": 1, "越来越": 2, "猖狂": 1, "针对": 2, "私营": 2, "企业主": 2, "民众": 1, "机构": 2, "人员": 1, "恶劣": 2, "暴露": 1, "面目": 1, "中国人": 1, "觉醒": 1, "真面目": 1, "思想": 1, "洗脑": 1, "亲": 1, "孟": 1, "女士": 1, "清醒": 1, "智商": 1, "汉奸": 1, "买办": 1, "事情": 1, "目的": 2, "抓杀": 1, "公民": 1, "顶级": 1, "私企": 1, "高管": 1, "草根": 1, "政权": 1, "暴力": 1, "对待": 1, "伊拉克": 1, "平民": 1, "肆意": 1, "屠杀": 1, "O关舆": 1, "助手": 2, "4月": 1, "热门": 1, "服务": 2, "见面": 1, "购物": 1, "种树": 1, "旅行": 1, "生活": 1, "段": 1, "美好": 1, "时光": 1, "+": 1, "聊聊": 1, "心中": 1, "服务榜": 1, "三": 2, "小天鹅": 1, "音箱": 1, "北京市": 1, "协会": 1, "人士": 1, "来访": 1, "聊起": 1, "想到": 1, "20年": 1, "绝不": 1, "几十": 1, "世界观": 1, "发生": 1, "变化": 1, "实干": 1, "实事": 1, "厌恶": 2, "嘴": 1, "炮": 1, "尊严": 1, "自尊": 1, "决心": 1, "中共": 1, "领导": 1, "社会": 1, "稳定": 1, "大有": 1, "希望": 2, "内心": 1, "魅族": 2, "封胶": 1, "信号": 2, "三星": 2, "快充": 1, "南非": 1, "商人": 1, "亚伯拉罕斯": 1, "年龄": 1, "圈": 1, "谜": 1, "​​​": 1, "晚挑": 1, "IP": 1, "68": 1, "防水": 1, "买": 4, "索尼": 1, "一天到晚": 3, "嚷嚷": 4, "屏幕": 1, "垃圾": 1, "旗舰": 1, "不行": 1, "四五年": 1, "机子": 1, "挑": 1, "毛病​": 1, "笑": 1, "死": 2, "～": 2, "这家": 2, "模仿": 1, "东施": 1, "效颦": 1, "员工": 3, "股票": 1, "分红": 1, "网医": 1, "纳康": 1, "火": 1, "鄙视": 1, "老板": 2, "那种": 1, "形势": 1, "离开": 1, "好找": 1, "工作": 1, "压榨": 1, "回来": 1, "好歹": 1, "国企": 1, "公关": 1, "部门": 1, "学习": 1, "团队": 1, "硬气": 1, "波": 1, "平时": 1, "线下": 1, "Mate20Pro": 1, "安卓Q": 2, "启动": 2, "时间": 1, "8日": 1, "01:00": 1, "加州": 1, "期待": 1, "安卓": 1, "QBeta": 1, "项目": 1, "面向": 1, "不限量": 1, "条件": 1, "↓↓": 1, "参与": 1, "方式": 1, "测试": 1}