{"国家级": 11, "5G": 55, "媒体": 31, "平台": 24, "厉害": 4, "华为": 64, "宣传片": 4, "热乎": 3, "出炉": 3, "！": 16, "L毒舌": 2, "游戏": 2, "秒拍": 7, "视频": 17, "​": 19, "开建": 3, "中央": 17, "广播": 18, "电视": 18, "总台": 19, "中国": 25, "电信": 7, "、": 73, "联通": 6, "公司": 14, "北京": 5, "签署": 5, "合作": 9, "建设": 10, "框架": 5, "协议": 6, "启动": 2, "我国": 4, "第一": 10, "基于": 4, "技术": 25, "新媒体": 2, "L": 3, "央视": 3, "新闻": 3, "2018年": 7, "即将": 1, "结束": 1, "重温": 1, "黑科技": 4, "石墨": 1, "烯液": 1, "冷散热": 1, "快人": 1, "GPUTurbo": 3, "技能": 1, "满分": 1, "快充": 2, "反充": 1, "……": 5, "感恩": 1, "花粉们": 2, "一路": 2, "陪伴": 3, "见证": 1, "成长": 2, "比心": 1, "关注": 2, "+": 5, "带": 1, "话题": 1, "转发": 3, "印象": 1, "深刻": 1, "机会": 1, "HUAWEIMate206GB": 1, "64": 1, "GB": 1, "全网": 1, "通版": 1, "1": 2, "广告": 1, "]​": 1, "@": 5, "设计师": 1, "兰玉": 1, "遇见": 1, "nova4": 1, "蜜语": 2, "红": 1, "无限": 1, "蜜意": 1, "柔情": 1, "油然而生": 1, "款": 1, "红定制": 1, "服装": 1, "心动": 1, "全球": 7, "手机": 5, "电话": 1, "打通": 1, "到底": 1, "看完": 1, "L小刚": 1, "大理": 1, "突破": 1, "科技": 5, "边界": 1, "再度": 1, "诠释": 1, "生活": 3, "美学": 1, "人文": 2, "生态": 1, "一体": 1, "智能": 10, "生活馆": 3, "杭州": 2, "黄龙": 2, "万科": 2, "邀": 1, "共享": 1, "美好": 1, "传递": 1, "新年": 8, "心意": 1, "终端": 2, "快": 2, "石墨烯": 1, "散热": 1, "材料": 1, "多重": 1, "亮相": 1, "皆": 1, "一步一脚印": 1, "成果": 1, "这一切": 1, "都": 8, "同事": 2, "辛勤": 1, "付出": 1, "消费者": 1, "支持": 3, "2019年": 4, "努力": 2, "爱": 1, "项": 3, "下周四": 1, "抽": 4, "送": 4, "手环": 1, "B5时": 1, "尚版": 1, "抽奖": 2, "公布": 1, "为之一振": 1, "：": 11, "世界": 17, "神奇": 1, "慎海雄": 6, "会见": 2, "董事长": 13, "梁华": 4, "中宣部": 3, "副部长": 4, "台长": 3, "有限": 4, "介绍": 1, "4K": 8, "超高清": 11, "频道": 2, "开播": 2, "情况": 1, "测试": 5, "进展": 1, "研发": 1, "转播": 1, "数据": 1, "存储": 1, "传输": 6, "深度": 2, "转达": 1, "任正非": 2, "问候": 1, "前期": 1, "基础": 2, "进一步": 1, "深化": 1, "信心": 1, "产业": 3, "发展": 8, "提供": 5, "强有力": 1, "支撑": 2, "员工": 3, "54": 1, "页": 1, "PPT": 1, "干货": 1, "解读": 1, "任职": 1, "资格": 1, "能力": 1, "管理": 1, "#1": 1, "上午": 1, "；": 6, "网络": 4, "信息": 1, "设施": 1, "升级": 3, "跨": 1, "领域": 3, "全方位": 1, "层次": 1, "融合": 1, "坚实": 1, "转型": 1, "关键": 1, "生产": 2, "要素": 1, "3": 2, "单纯": 1, "制造商": 2, "革新者": 1, "强强": 2, "联手": 2, "日本": 2, "加班": 1, "大神": 1, "入职": 1, "三": 2, "投降": 1, "轮值": 8, "发": 2, "贺词": 4, "公平": 7, "逼向": 7, "12月": 7, "27日": 2, "消息": 2, "郭": 2, "平发": 2, "不经": 2, "艰难困苦": 6, "玉汝于成": 4, "致辞": 6, "郭平": 7, "透露": 2, "预计": 2, "销售": 2, "收入": 2, "1085亿": 2, "美元": 2, "同比": 2, "增长": 2, "21%": 2, "称": 3, "恶性": 3, "事件": 6, "挫折": 3, "消沉": 3, "领先": 3, "锐气": 3, "挫": 3, "勇": 3, "极端": 3, "背后": 2, "苦难": 2, "困难": 2, "压力": 2, "变得": 2, "团结": 2, "强大": 4, "愿景": 2, "使命": 3, "数字": 2, "带入": 2, "家庭": 2, "组织": 2, "构建": 2, "万物": 2, "互联": 2, "沉舟": 2, "侧畔": 2, "千": 2, "帆": 2, "乘风破浪": 2, "休想": 2, "阻挡": 2, "步伐": 2, "O华": 3, "喷": 1, "出差": 1, "途中": 1, "电动": 1, "牙刷": 3, "电": 1, "发现": 1, "反向": 2, "充电": 2, "充电动": 1, "知识": 1, "传承": 1, "联接": 4, "角落": 1, "光明": 1, "距离": 1, "遥远": 1, "旅途": 1, "思念": 1, "无处不在": 1, "生命": 1, "感知": 1, "创造": 1, "不止": 1, "眼前": 1, "想象": 1, "未来": 2, "元旦": 1, "10": 2, "小伙伴": 1, "定制": 1, "U盘": 1, "贺卡": 1, "L图": 1, "鉴华": 1, "台湾": 1, "甚为": 1, "不解": 1, "国": 1, "政府": 2, "跟随": 1, "美国": 1, "禁用": 1, "反而": 1, "英国": 1, "意大利": 1, "包括": 2, "加拿大": 1, "电讯商": 1, "通信": 5, "捷克": 1, "总理": 1, "当面": 1, "澄清": 1, "仓促": 1, "停用": 1, "产品": 5, "误导": 1, "原因": 2, "服务": 2, "一家": 1, "订单": 1, "规模": 1, "业务量": 1, "超越": 1, "爱立信": 1, "高通": 1, "三星": 1, "诺基亚": 1, "知名": 2, "首屈一指": 1, "领军者": 1, "国家": 4, "想": 1, "不得不": 1, "美帝": 1, "羡慕": 1, "嫉妒": 1, "恨": 1, "年度": 2, "出货量": 1, "首超": 1, "苹果": 1, "这次": 1, "EMUI": 1, "9.0": 1, "视觉": 1, "观感": 1, "操作": 2, "流畅度": 1, "体验": 2, "上都": 1, "更新": 1, "花粉": 1, "朋友们": 1, "下载": 1, "留言": 1, "功能": 1, "吸引": 1, "一个": 1, "10000": 1, "mAh快": 1, "充版": 1, "电源": 1, "今日": 2, "中心": 1, "试营业": 1, "这是": 2, "太原": 1, "上海": 1, "第三": 2, "门店": 1, "秉持": 1, "·": 2, "绿色": 1, "理念": 1, "简风": 1, "设计": 2, "空间": 1, "布局": 2, "分为": 1, "体验区": 2, "互动": 1, "售后": 1, "交流区": 2, "休闲": 1, "设备": 1, "智能化": 2, "控制": 1, "链接": 2, "IoT": 1, "设有": 1, "学习": 1, "分享": 2, "打造": 3, "体验馆": 1, "可期": 1, "三十": 1, "积累": 1, "必将": 1, "大有可为": 2, "新刊": 1, "预告": 1, "法国": 8, "浪漫": 1, "时尚": 1, "巴黎": 3, "香格里拉": 1, "大酒店": 1, "穿着": 2, "浅香": 1, "槟色": 1, "薄纱": 1, "长裙": 1, "创始人": 1, "女儿": 2, "姚安娜": 1, "骑士": 1, "比利时": 1, "王子": 1, "跳": 1, "华尔兹": 1, "舞池": 1, "翩翩起舞": 1, "华裔": 1, "建筑": 2, "大师": 1, "贝聿铭": 1, "孙女": 1, "贝安娜": 1, "奥斯卡": 1, "影帝": 1, "福里斯特·惠特克": 1, "特鲁": 1, "18": 1, "名门": 3, "少女": 3, "身边": 1, "男伴": 1, "大都": 1, "门第": 1, "显赫": 1, "商业": 1, "巨子": 1, "新贵": 1, "皇族": 1, "公子": 1, "家族": 1, "企业": 1, "后裔": 1, "一年一度": 1, "克利翁": 1, "成年": 1, "舞会": 1, "严苛": 1, "标准": 2, "筛选": 1, "年龄": 1, "16-22": 1, "岁": 1, "接受": 1, "邀请": 1, "高定": 1, "礼服": 1, "顶级": 1, "社交": 1, "舞台": 1, "首秀": 1, "开启": 1, "名媛": 1, "旅": 1, "酒店": 1, "窗外": 1, "燃烧": 1, "11月": 1, "24日": 1, "黄": 3, "马甲": 3, "运动": 3, "第二": 1, "轮": 2, "日子": 1, "不顾": 1, "禁令": 1, "高举": 1, "推翻": 1, "资产阶级": 1, "马克龙": 3, "下台": 1, "标语": 1, "10余万": 1, "走": 1, "香榭丽舍": 3, "街头": 2, "游行": 1, "示威": 1, "侨报": 1, "晚些时候": 1, "报道": 1, "写道": 1, "美丽": 1, "大街": 2, "哭泣": 1, "1日": 2, "尽头": 1, "著名": 1, "标志性": 1, "象征": 1, "胜利": 1, "辉煌": 1, "凯旋门": 1, "内部": 1, "博物馆": 1, "打砸抢": 1, "洗劫": 1, "件": 1, "文物": 1, "破坏": 1, "22日": 1, "连续": 1, "6": 1, "走上": 1, "死亡": 1, "上千": 1, "受伤": 1, "被捕": 1, "制造": 1, "很多": 2, "不便": 1, "民调": 1, "场": 1, "70%": 1, "支持率": 1, "下降": 1, "18%": 1, "19": 1, "当选": 1, "总统": 1, "得票率": 1, "高达": 1, "65%": 1, "承载": 1, "寻求": 1, "改变": 1, "愿望": 1, "欧洲": 1, "对抗": 1, "右翼": 1, "民粹主义": 1, "崛起": 1, "先锋": 1, "内容": 3, "请": 1, "28日": 3, "第35": 2, "期": 2, "Vista": 2, "天下": 2, "封面": 1, "故事长": 1, "二维码": 1, "阅读": 1, "联合": 4, "抢抓": 1, "机遇": 1, "当天": 1, "党": 2, "宣传": 1, "思想": 1, "文化": 1, "阵地": 1, "新时代": 1, "工作": 1, "大局": 1, "着力": 1, "国际": 1, "一流": 1, "新型": 1, "主流": 1, "举措": 1, "运营商": 2, "担": 1, "职责": 1, "国内": 2, "市场": 1, "开拓": 1, "消费": 1, "务实": 1, "国务院": 1, "办公室": 1, "主任": 1, "徐麟": 1, "工业": 1, "信息化": 1, "罗文": 1, "总局": 1, "副局长": 1, "张宏森": 1, "网信办": 1, "总工程师": 1, "兼": 1, "协调局": 1, "局长": 1, "赵泽良": 1, "集团": 3, "杨杰": 1, "有限公司": 1, "副总经理": 1, "李正茂": 1, "王晓初": 1, "出席": 1, "签约": 1, "仪式": 1, "实验室": 4, "环境": 2, "创新": 2, "选取": 1, "试点": 1, "城市": 1, "测试点": 1, "建立": 2, "端": 4, "试验": 2, "系统": 2, "全力": 2, "推动": 3, "核心": 2, "节目": 3, "验证": 2, "研究": 2, "制定": 2, "直播": 2, "信号": 1, "文件": 2, "接收": 2, "制作": 2, "规范": 2, "行业": 2, "引领": 1, "全国": 1, "两会": 1, "力争": 1, "各项": 1, "此前": 1, "三大": 1, "为期": 1, "均": 1, "成功": 2, "代表": 1, "最新": 1, "尖端": 1, "趋势": 1, "当今": 1, "竞争": 1, "高速率": 1, "低": 1, "时延": 1, "容量": 1, "飞跃": 1, "契机": 2, "10月": 1, "日均": 1, "播出": 1, "8": 1, "小时": 1, "原创": 1, "商用": 1, "资源": 1, "持续": 1, "探索": 1, "大数据": 1, "人工": 1, "业务": 1, "赋能": 1, "AI": 3, "战略": 1, "自主": 1, "可控": 1, "影响力": 1, "来源": 1, "O网页": 1, "据说": 1, "技巧": 1, "指关节": 1, "画S": 1, "截取": 1, "屏幕": 1, "长图": 1, "示范": 1, "~": 1, "Mate20": 2, "L华": 1, "官方": 1, "太": 1, "🐄🍻": 1, "？？？？？？＼": 1, "MoschinoxHuaweiHonorV202018": 1, "联名": 1, "系列": 2, "福利": 1, "～": 1, "抽送": 1, "音箱": 1, "脑洞": 1, "时间": 1, "声音": 6, "才能": 1, "完美": 2, "记录": 1, "答案": 1, "黑": 1, "胶": 1, "唱片": 1, "刻": 1, "纹路": 2, "精确": 1, "复制": 1, "唱盘": 1, "声能": 1, "电能": 1, "机械": 1, "相互": 1, "转化": 1, "带来": 3, "原味": 1, "音乐": 1, "数字化": 1, "音质": 1, "打折": 1, "着急": 1, "O好": 1, "东西": 1, "值得": 1, "复刻": 1, "竟然": 2, "水": 1, "展现": 1, "声色": 1, "盛宴": 1, "蓄势待发": 1, "评论": 1, "29日": 1, "18:00": 1, "台": 1, "A": 1, "I音箱": 1, "京": 1, "旨在": 1, "加速": 1, "编": 1, "播": 1, "传": 1, "环节": 1, "革命性": 1, "变化": 1, "传播": 1, "跨越式": 1, "聚焦": 1, "荣耀": 2, "越来越": 3, "牛": 1, "友商": 1, "难": 1, "追赶": 1, "优秀": 1, "摄": 1, "屏下": 1, "镜头": 1, "Linkturbo": 1, "液冷散热": 1, "旗舰": 1, "标配": 1, "为啥": 1, "牛🐂": 1, "预示": 1, "IT": 1, "数码": 1, "排行榜": 1, "喜报": 1, "经历": 1, "2018": 1, "评测": 1, "P20": 1, "Pro": 1, "笔记本": 1, "平板": 1, "可穿戴": 1, "出众": 1, "实力": 1, "耀眼": 1, "成绩": 1, "斩获": 1, "76": 1, "大奖": 1, "官微君": 1, "迫不及待": 1, "想要": 1, "一同": 1, "份": 1, "喜悦": 1, "动力": 1, "感谢": 1, "赞": 1}