{"外交部": 4, "：": 14, "打压": 5, "华为": 88, "赤裸裸": 3, "科技": 4, "霸权主义": 3, "近期": 6, "孟晚舟": 4, "事件": 6, "持续": 1, "引发": 3, "外界": 5, "关注": 2, "19日": 7, "例行": 1, "发布会": 1, "媒体": 9, "昨天": 1, "邀请": 5, "国际": 1, "记者": 3, "沟通": 1, "对此": 1, "发言人": 3, "华春莹": 5, "称": 13, "介绍": 1, "公司": 10, "运行": 1, "情况": 8, "作用": 1, "意义": 1, "影响": 5, "去向": 1, "密集": 1, "全球": 17, "第一": 3, "通讯": 1, "设备": 5, "供应商": 1, "国家": 8, "都": 6, "很": 5, "合作": 8, "产品": 2, "质量": 1, "信誉": 1, "包括": 2, "安全性": 1, "伙伴": 4, "肯定": 2, "一家": 1, "证据": 2, "势力": 1, "指责": 1, "威胁": 2, "事实": 8, "确凿": 1, "发展": 4, "政治化": 1, "莫须有": 1, "罪名": 1, "抹黑": 2, "中国": 15, "高科技": 5, "企业": 10, "这是": 3, "狭隘": 1, "有罪": 1, "推定": 1, "思维": 1, "本质": 1, "贸易": 1, "投资": 1, "保护主义": 1, "违反": 1, "WTO": 1, "歧视": 3, "原则": 1, "权利": 2, "各方": 1, "尊重": 1, "攻击": 1, "办法": 1, "阻挡": 1, "成长": 1, "走向": 1, "世界": 3, "步伐": 1, "O": 3, "手机": 18, "耽误": 1, "影视": 1, "出新": 1, "作品": 1, "！": 14, "居然": 1, "盯": 1, "冰壶": 3, "L华": 7, "终端": 7, "官方": 6, "秒拍": 14, "视频": 22, "​": 16, "印度": 16, "邀华": 5, "参加": 7, "5G": 39, "测试": 9, "时报": 2, "18日": 2, "报道": 22, "西方": 2, "提出": 2, "质疑": 3, "当下": 2, "此举": 2, "显示": 2, "印": 2, "领导层": 2, "之间": 2, "政治": 4, "善意": 2, "美国": 3, "联合": 2, "盟友": 2, "展开": 2, "背景": 2, "附和": 2, "声音": 3, "有人": 2, "站": 2, "公道": 2, "17日": 5, "电信": 4, "运营商": 8, "协会": 2, "致信": 2, "政府": 16, "部门": 2, "传闻": 2, "排除": 3, "做法": 3, "损害": 2, "数字": 2, "通信": 5, "前景": 2, "东北欧": 2, "地区": 1, "高级": 1, "体验店": 1, "HUAWEI": 1, "WARSZAWA": 1, "近日": 8, "波兰": 1, "首都": 1, "华沙": 1, "盛大": 1, "开业": 1, "迎来": 1, "参与": 5, "庆典": 1, "空手道": 1, "冠军": 1, "&": 1, "健身": 1, "达人": 1, "安娜•莱万多夫斯卡": 1, "(": 3, "足球": 1, "巨星": 1, "莱万": 1, "太太": 1, ")": 3, "、": 2, "歌手": 1, "Sarsa": 1, "脱口秀": 1, "大王库巴": 1, "到场": 1, "助阵": 1, "消费者": 2, "近距离": 1, "互动": 1, "用心": 1, "建": 1, "店": 1, "精魂": 1, "图带": 1, "感受": 1, "当天": 1, "壮观": 1, "景象": 1, "回应": 11, "经营": 6, "整体": 6, "稳健": 6, "25": 6, "商用": 12, "合同": 6, "针对": 2, "相关": 9, "公共": 3, "事务部": 5, "心声": 1, "社区": 1, "发布": 10, "50多": 3, "商业": 5, "签署": 3, "协议": 3, "基站": 3, "发货量": 3, "超过": 4, "10,000": 2, "行业": 4, "内": 4, "遥遥领先": 2, "O华": 1, "广告": 6, "创意": 1, "哈哈哈哈哈": 2, "人工": 1, "智能": 3, "盲人": 2, "视障": 1, "人士": 1, "团队": 1, "基于": 1, "Mate20Pro": 3, "强大": 1, "AI": 1, "能力": 1, "开发": 1, "FacingEmotions": 1, "程序": 1, "人类": 1, "七": 1, "常见": 1, "表情": 1, "转换": 1, "阅读": 1, "情绪": 1, "绽放": 1, "灿烂": 1, "笑容": 1, "感动": 1, "温暖": 2, "​​​": 1, "12月": 6, "公告": 5, "不符": 7, "错误": 4, "解读": 4, "外部": 2, "压力": 2, "困难": 2, "不错": 2, "成就": 2, "赚钱": 1, "季": 2, "德国": 3, "业务": 8, "获悉": 1, "；": 3, "法国": 2, "建设": 2, "日本": 11, "标书": 2, "答复": 2, "实验局": 2, "新西兰": 2, "提交": 2, "方案": 2, "意见": 2, "监管": 2, "流程": 2, "尚未": 2, "走": 2, "客户": 2, "均": 2, "斡旋": 2, "2019年": 4, "上半年": 2, "搭载": 2, "芯片": 2, "下半年": 2, "规模": 2, "程春雨": 1, "景区": 14, "免票": 4, "入园": 7, "热度": 4, "蹭": 4, "河南": 2, "神农山": 3, "用户": 5, "门票": 5, "争议": 2, "河北": 2, "邢台": 2, "4A": 2, "崆山": 2, "白云洞": 2, "持华": 2, "游客": 2, "挂牌价": 2, "100": 2, "元": 2, "管理处": 2, "L": 4, "时间": 3, "IPO": 4, "上市": 6, "首日": 2, "破发": 4, "禁止": 4, "采购": 4, "软银": 6, "股价": 4, "暴跌": 4, "15%": 4, "孙正义": 2, "创建": 2, "资产": 2, "东京": 3, "证交所": 2, "创": 2, "日本史": 2, "大规模": 2, "仅次于": 2, "当年": 2, "阿里巴巴": 2, "收盘": 2, "市场": 2, "分析": 2, "老板": 3, "联播": 2, "态度": 2, "利益": 4, "关系": 1, "15日": 1, "@": 4, "老": 1, "网友": 1, "工作": 1, "人员": 1, "单纯": 1, "想": 2, "并非": 1, "活动": 1, "损坏": 1, "其他人": 1, "降低": 1, "L新京报": 1, "新京报": 1, "看完": 2, "条": 1, "脑子": 1, "一个": 3, "想法": 1, "一无所知华": 1, "脑洞": 1, "真的": 1, "跪": 1, "澄清": 2, "海外": 2, "段": 2, "时期": 2, "频频": 2, "就此": 2, "披露": 2, ";": 3, "技术": 1, "处于": 1, "业界": 1, "领先": 2, "地位": 1, "唯一": 1, "提供": 3, "端": 2, "系统": 1, "厂商": 1, "截至": 1, "发货": 1, "数量": 1, "1万": 1, "产品线": 1, "总裁": 1, "刚": 1, "2018": 1, "年度": 1, "预计": 1, "突破": 1, "2亿": 2, "台": 1, "纪念版": 1, "2018年": 1, "25日": 1, "推出": 1, "轮值": 1, "董事长": 1, "胡厚昆": 1, "业绩": 1, "预测": 1, "营收": 1, "1000亿": 1, "美元": 2, "去年": 1, "920亿": 1, "增长": 1, "8.7%": 1, "北京": 1, "日报": 1, "O部分": 1, "拘留": 8, "第三": 5, "名": 9, "加拿大": 14, "周二": 2, "证实": 2, "公民": 6, "首席": 2, "财务官": 2, "被捕": 2, "挂钩": 2, "全国": 2, "邮报": 2, "该部": 2, "得知": 2, "遵守": 2, "隐私法": 2, "为由": 2, "细节": 2, "早报网": 1, "千万": 1, "买": 2, "好几": 1, "每日": 1, "内涵": 1, "段子": 1, "今日": 1, "——": 1, "IT之家": 1, "mate20pro": 1, "拍照": 1, "异议": 1, "列强": 1, "随意": 1, "欺辱": 1, "一句话": 1, "犯": 1, "犯人": 1, "三": 1, "倍": 1, "奉": 1, "活跃": 1, "边界": 1, "城市": 1, "丹东": 1, "商人": 1, "斯帕弗（MichaelSpavor": 1, "外交官": 1, "康明凯": 1, "MichaelKovrig": 1, "报复": 1, "拘捕": 1, "快乐": 1, "源泉": 1, "打Call": 1, "希望": 1, "源源不断": 1, "更新": 1, "哈哈哈哈": 1, "神": 1, "转折": 1, "才": 1, "风格": 1, "场": 1, "比赛": 1, "一本正经": 1, "……": 2, "..": 1, "袁立": 2, "烧饼": 1, "女人": 1, "病": 1, "得罪": 2, "？？": 1, "他妈": 1, "贱​": 1, "神反转": 1, "毛病": 1, "联播L": 1, "易": 1, "烊": 1, "千": 10, "玺": 10, "爱": 2, "那天": 1, "阳光": 1, "净化": 1, "易烊": 11, "中戏": 3, "yyqx帅": 1, "四": 3, "字": 4, "弟弟": 2, "nova": 2, "野兽派": 1, "千玺阿迪": 1, "爸爸": 1, "沙宣": 1, "BottegaVeneta葆": 1, "蝶家": 1, "​​": 1, "​易烊": 1, "千玺yyqx四": 1, "帅K": 1, "恒温": 1, "动物": 1, "天猫": 1, "首位": 1, "代言人": 2, "舞台": 1, "王者": 1, "编舞": 1, "神顶级": 1, "流量": 1, "全能": 1, "偶像": 1, "千玺yyqx": 1, "大佬": 1, "李泌艳": 1, "势番": 1, "阿易": 1, "队长": 1, "千千": 1, "烊烊": 1, "小千": 1, "长安": 1, "十二": 1, "时辰": 1, "开心": 1, "加油": 1, "嗷": 1, "代表处": 1, "手町": 1, "办公室": 1, "收到": 1, "都内": 1, "市民": 1, "来信": 1, "信中": 1, "写道": 1, "2011年": 1, "东": 1, "地震": 1, "撤退": 1, "逃离": 1, "冒险": 1, "灾区": 1, "抢修": 1, "设施": 1, "动用": 1, "力量": 1, "单方面": 1, "对方": 1, "日本人": 1, "感到": 1, "羞愧": 1, "超暖心": 1, "电视": 1, "圣诞节": 2, "假日": 1, "讲述": 1, "聋哑": 1, "女孩": 1, "度过": 1, "前夜": 1, "这期": 1, "镜头": 1, "文化": 1, "体现": 1, "社会": 1, "责任感": 1, "包容": 1, "推荐": 1, "观看": 1, "L钟": 1, "文泽": 1, "胖": 1, "火": 1, "重庆": 1, "话版": 1, "感觉": 1, "真滴": 1, "有毒": 1, "L汇": 1, "荆州": 1}