{"易烊": 26, "千": 13, "玺": 13, "刺猬": 8, "头": 8, "成长": 6, "路上": 1, "畏惧": 1, "黑暗": 2, "前路": 1, "感到": 1, "迷茫": 1, "非议": 1, "动摇": 1, "内心": 3, "方向": 1, "@": 17, "TFBOYS": 6, "阵痛": 1, "推": 3, "向前": 1, "力量": 2, "青年": 2, "榜样": 1, "千玺": 20, "满满": 1, "正能量": 1, "sayno": 2, "、": 17, "模糊sayno": 1, "束缚": 1, "追随": 1, "光芒": 1, "！": 15, "华为": 70, "nova6": 11, "5G": 10, "方式": 4, "演绎": 3, "年轻": 1, "觉醒": 1, "虚实": 1, "幻影": 1, "聚焦": 1, "真实": 5, "自我": 1, "未来": 4, "终端": 4, "官方": 8, "L嘉人": 1, "秒拍": 2, "视频": 16, "出品人": 1, "/": 16, "孙赛赛": 1, "监制": 3, "Fionn": 1, "创意": 1, "策划": 1, "李李安": 1, "Lilian": 1, "团队": 1, "zestudio安泽": 1, "视觉": 1, "导演": 5, "涂松泽zestudio": 1, "制片": 1, "王冕": 1, "摄像": 2, "李": 1, "方毅": 1, "韩": 1, "琦": 1, "昊": 1, "剪辑": 1, "韩琦": 1, "包装": 1, "特效": 1, "王琰": 1, "佩芙": 1, "美术": 1, "于漫": 1, "助理": 2, "王泽": 1, "张恒": 1, "兰子": 1, "EALING": 1, "书涵": 1, "全球": 3, "高端": 8, "手机": 18, "苹果": 6, "份额": 6, "占": 4, "一半": 5, "三星": 3, "超": 1, "4成": 1, "市场": 16, "研究": 1, "机构": 1, "Counterpoint": 2, "Research": 1, "报告": 1, "第三": 4, "季度": 2, "公司": 18, "400": 2, "美元": 2, "高端机": 2, "占据": 4, "超过": 5, "占比": 4, "52%": 2, "排名": 2, "第二": 6, "25%": 2, "12%": 2, "中国": 5, "智能": 4, "八成": 3, "品牌": 3, "嘉人": 4, "2020": 4, "开年": 9, "封": 2, "超乎": 2, "年龄": 1, "清醒": 1, "沉稳": 1, "能量": 1, "少年": 3, "热情": 1, "赤诚": 1, "19": 2, "岁": 3, "已然": 1, "努力": 2, "实力": 1, "踏进": 1, "表演": 1, "循": 1, "坚定": 1, "热爱": 1, "自拍": 14, "2020年": 1, "1月": 6, "刊": 1, "镜头": 2, "张大": 1, "封面": 15, "展示": 1, "Z世代": 1, "独立": 1, "精神": 1, "自由": 1, "(": 2, "呈现": 1, ")": 1, "颜值": 1, "发型": 2, "都": 12, "任性": 1, "造型": 1, "搭配": 1, "雀斑": 1, "妆": 1, "登嘉人": 1, "杂志": 1, "黑白": 1, "复古": 2, "时尚": 1, "很": 7, "酷": 1, "​": 15, "前置": 4, "诠释": 3, "千禧": 3, "一代": 3, "​​": 2, "偏远": 1, "艰苦": 1, "地区": 1, "欧洲": 1, "高地": 1, "永远": 1, "坚守": 1, "客户": 3, "承诺": 1, "工程": 1, "技术": 2, "改进": 1, "数学": 1, "算法": 1, "突破": 2, "创新": 3, "带来": 1, "改变": 1, "中西合璧": 1, "讲述": 3, "海外": 3, "拓展": 2, "故事": 3, "研发": 2, "中心": 1, "建立": 1, "消费者": 1, "业务": 1, "发展": 2, "戳": 2, "2000年代": 1, "facts": 2, "L华": 4, "心声": 5, "社区": 2, "职业": 1, "运动员": 1, "阵容": 1, "出演": 1, "裸机": 1, "下水": 1, "拍摄": 2, "……": 2, "机器": 1, "障碍": 1, "创作者": 1, "Mate30": 4, "电影": 3, "泳往": 2, "春天": 2, "张扬张": 2, "杨": 2, "发出": 1, "感叹": 1, "重构": 3, "想象": 3, "拓宽": 1, "创作": 1, "边界": 1, "孙媛媛": 2, "独家": 1, "揭秘": 1, "事情": 2, "明朗化": 1, "李洪元": 30, "发布": 10, "离职": 22, "协议": 16, "确认书": 1, "很多": 1, "疑问": 1, "：": 16, "份": 14, "补偿": 12, "盖有": 1, "公章": 3, "签署": 7, "承东": 7, "；": 11, "毫无疑问": 2, "代表": 3, "法律": 1, "效应": 1, "值得": 1, "下端": 1, "日期": 4, "打印": 5, "位置": 1, "留": 2, "下划线": 1, "字体": 2, "手写": 1, "2018年": 8, "31日": 5, "协商": 4, "当天": 1, "何承东": 3, "签字": 4, "认可": 1, "电脑": 1, "名字": 1, "工号": 3, "空白": 1, "填写": 1, "名称": 1, "细节": 1, "逆变器": 4, "部门": 3, "负责人": 6, "事宜": 2, "口头": 1, "仅仅": 2, "一个": 11, "过程": 3, "越权": 2, "偷盖": 1, "表达": 1, "在于": 2, "早已": 1, "数额": 6, "该案": 1, "调查": 1, "居然": 2, "包括": 2, "在内": 1, "矢口否认": 1, "41万": 4, "元": 12, "究竟": 3, "计算": 3, "本人": 1, "表述": 1, "=": 7, "2N-8年": 1, "N+1": 2, "+": 8, "补发": 2, "月工资": 1, "先来": 1, "2014年": 2, "8": 1, "8+1=9": 1, "9": 2, "工资": 4, "共计": 1, "13.6万": 1, "月薪": 6, "标准": 6, "每月": 1, "1.5万": 1, "此次": 1, "1.6万": 3, "3月": 2, "7日": 2, "支付": 6, "N": 5, "1": 5, "8万": 3, "补偿款": 5, "简单": 2, "算出": 1, "4": 1, "5": 3, "约定": 1, "2N": 3, "2*12": 1, "24": 2, "减去": 1, "领取": 1, "同意": 1, "只能": 4, "这次": 2, "24-9-1": 1, "14": 3, "深圳市": 1, "当年度": 1, "平均": 1, "三": 3, "倍": 1, "*": 3, "22.4万": 2, "提出": 1, "关心": 1, "在场": 1, "人力": 2, "资源部": 1, "四": 2, "出于": 2, "主观": 1, "动机": 2, "理由": 1, "远远": 2, "超出": 2, "财务": 1, "补": 1, "偿款": 1, "一次性": 1, "款": 3, "涉嫌": 1, "敲诈勒索": 1, "关键": 1, "压力": 1, "私盖": 1, "挪用": 1, "团建": 1, "公款": 1, "私下": 1, "水平": 1, "劳动": 2, "合同": 2, "到期": 1, "续签": 1, "手续": 1, "理论": 1, "无须": 1, "薪酬": 1, "制度": 1, "办理": 1, "即可": 1, "千玺x": 1, "年刊": 1, "｜": 1, "手持": 1, "登封": 1, "潮流": 1, "风": 1, "皮衣": 1, "大胆": 2, "革新": 1, "足够": 2, "勇敢": 1, "12月": 8, "12日": 1, "首款": 1, "Mate": 1, "命名": 1, "旗舰": 2, "平板": 1, "MatePad": 1, "Pro": 2, "即将": 1, "开启": 1, "首销": 1, "渐变": 1, "幻彩": 1, "唯美": 1, "纯净": 1, "贝母": 1, "白": 1, "金属": 1, "流光": 1, "神秘": 1, "优雅": 1, "夜阑灰": 1, "配色": 1, "率先": 1, "用户": 3, "见面": 1, "品质": 1, "打造": 1, "智慧": 1, "体验": 1, "科技": 3, "职场": 1, "创造": 4, "卢伟冰": 3, "吐槽": 2, "友商": 5, "小米": 2, "发布会": 4, "惊现": 1, "定义": 3, "10日": 1, "Redmi新品": 1, "中国区": 1, "总裁": 1, "现场": 1, "播放": 1, "称": 1, "Redmi": 1, "这不": 2, "集成式": 1, "双模": 1, "才": 1, "V30": 1, "第一": 2, "标杆": 1, "老板": 5, "联播L": 2, "联播": 3, "2019": 3, "玊尔": 1, "演唱会": 2, "1128十九": 1, "生日": 1, "快乐": 1, "☎☎": 1, "☎": 1, "烊": 1, "？？": 1, "台": 1, "模全": 1, "网通": 1, "拥有": 1, "麒麟": 1, "990": 1, "芯片": 3, "16": 1, "核": 1, "GPU": 1, "运行": 1, "唰唰唰": 1, "抢": 2, "12.22": 1, "号": 1, "门票": 1, "？？？": 1, "想": 3, "冬季": 1, "感受": 8, "青春": 3, "热血": 1, "冈仁波齐": 1, "执导": 1, "水": 1, "媒介": 2, "段": 1, "理想": 1, "笃定": 1, "↓": 1, "观看": 1, "影片": 1, "水下": 1, "视界": 1, "肖战": 1, "互不": 1, "影响": 2, "选择": 1, "闭麦": 1, "回到": 1, "老": 1, "本行": 1, "领域": 1, "打脸": 1, "再次": 1, "针对": 3, "粉丝": 3, "配合": 2, "公关": 2, "嘚": 1, "霞姐": 1, "基础": 1, "工作": 2, "①": 1, "商店": 1, "百万": 2, "预约": 6, "助力": 2, "43万": 1, "请": 4, "补充": 3, "官网": 1, "79万": 1, "至少": 2, "19日": 1, "所有人": 3, "评论": 2, "控评": 1, "日常": 1, "务必": 2, "附带": 1, "相关": 1, "话题": 1, "江湖": 1, "一战": 1, "肖战版": 1, "令狐": 2, "②": 1, "依旧": 1, "利用": 2, "douyin": 1, "重点": 2, "即刻": 1, "美图": 1, "短": 1, "宣传": 4, "链接": 1, "扩散": 1, "错过": 1, "昨天": 2, "小时": 1, "补救": 2, "最佳": 1, "时段": 1, "经人": 1, "建议": 3, "游戏": 6, "经验": 1, "izhan": 2, "论坛": 1, "类型": 2, "重叠": 1, "贴吧": 1, "发帖": 1, "身份": 2, "推广": 2, "避开": 1, "代言人": 1, "情况": 3, "直言": 1, "推荐": 1, "尺度": 1, "话术": 1, "党们": 1, "自行": 1, "把握": 1, "最终": 1, "留下": 1, "长期": 1, "玩家": 1, "人中": 1, "度": 1, "人均": 1, "宣传口": 1, "阿霞": 1, "蜂巢": 1, "广告": 1, "投放": 2, "肖战": 1, "宣传语": 1, "二维码": 1, "积少成多": 1, "滴水穿石": 1, "19号": 1, "大规模": 1, "③": 1, "人际": 1, "关系网": 1, "亲友": 1, "同学": 1, "同事": 1, "网友群": 1, "游戏群": 1, "小额": 1, "红包": 1, "讨": 1, "巧求": 1, "④": 1, "事实": 1, "提前": 2, "官宣": 3, "幕后": 1, "黑手路": 1, "透": 1, "被迫": 1, "短片": 1, "物料": 1, "制作": 1, "发生": 1, "产品": 3, "打乱": 1, "进程": 1, "预热": 1, "程度": 1, "定局": 1, "针对于": 1, "措施": 1, "针对性": 1, "要强": 1, "——": 1, "补偿性": 1, "加倍": 1, "搞": 2, "损失": 1, "热度": 1, "抽奖": 1, "修改": 1, "计划": 1, "增加": 1, "互动": 1, "时间": 1, "后者": 1, "完美": 1, "做且": 1, "规模": 1, "大事": 1, "掉": 1, "链子": 1, "理智": 1, "这两天": 1, "经历": 2, "团结一心": 1, "都会": 1, "加油": 1, "员工": 3, "设崩": 1, "全国": 7, "人民": 7, "支持": 3, "竟然": 1, "公开": 1, "造谣​": 1, "拍": 1, "服装": 1, "难": 3, "驾驭": 1, "弟弟": 1, "整套": 1, "slay": 1, "拜年票": 1, "反馈": 1, "年线": 1, "亏": 3, "钱": 4, "票": 4, "中芯国际": 1, "港股": 1, "匮乏": 1, "流动性": 1, "原因": 1, "阶段": 1, "美方": 1, "封锁": 1, "目标": 1, "历次": 1, "内部": 2, "动员": 1, "摆脱": 1, "美国": 1, "依赖": 2, "向上": 1, "游走": 1, "设计": 1, "早晚": 1, "代工": 1, "台积电": 1, "企业": 2, "国产": 1, "中芯": 1, "纳米": 1, "矮子": 1, "里头": 1, "拔": 1, "高个": 1, "持有": 2, "年内": 1, "基本面": 1, "变化": 1, "等到": 1, "绍兴": 1, "项目": 1, "投产": 1, "避嫌": 1, "内": 1, "反向": 1, "交易": 1, "最初": 1, "标志": 1, "一共": 1, "15": 2, "花瓣": 1, "成立": 1, "创始人": 2, "任正非": 10, "孟晚舟": 8, "发": 4, "公开信": 7, "合适": 5, "没法": 2, "9日": 2, "2日": 4, "接受": 3, "加拿大": 3, "环球": 3, "邮报": 3, "采访": 4, "纪要": 3, "近日": 2, "感谢": 2, "忙": 3, "干活": 3, "财富": 3, "消耗": 5, "太": 7, "精力": 5, "L": 1, "阳光": 1, "晃动": 1, "毛寸": 1, "正是": 2, "不羁": 1, "荷尔蒙": 1, "爆棚": 1, "气息": 1, "扑面而来": 1, "多重": 1, "加速": 1, "直面": 1, "世界": 1, "不实": 1, "信息": 1, "禁言": 1, "就说": 1, "251": 1, "事件": 1, "当事人": 1, "leedeson": 1, "常理": 1, "出牌": 1, "靠谱": 1, "感觉": 1, "媒体": 1, "对此": 1, "专访": 1, "国内": 1, "凤凰网": 1, "消息": 2, "数据": 2, "显示": 2, "Q3": 2, "nova65G": 1, "3200万": 1, "像素": 1, "!!!": 1, "🤙🏿": 3, "1987年": 1, "创立": 1, "至今": 1, "历经": 1, "大浪淘沙": 1, "兢兢业业": 1, "时刻": 1, "机遇": 2, "奋斗": 1, "时代": 1, "行业": 1, "造就": 1, "天时": 1, "地利": 1, "伙伴": 2, "宽容": 1, "信任": 1, "给与": 1, "服务": 1, "机会": 1, "孤注一掷": 1, "定制化": 1, "走向": 1, "国际化": 1, "管理": 2, "变革": 1, "开端": 1, "1990年代": 1, "上午": 1, "录": 1, "节目": 1, "编导": 2, "聊": 1, "此人": 1, "智商": 2, "低": 1, "玩": 1, "十几": 1, "不见": 1, "升职": 1, "领导": 3, "罩": 1, "早就": 1, "姥姥": 1, "短处": 1, "要挟": 1, "几十万": 2, "脑筋": 1, "心术": 1, "分析": 1, "别人": 1, "大半年": 2, "监狱": 1, "生活": 2, "赔": 1, "十万": 1, "挣钱": 1, "耽误": 1, "道歉": 1, "白扯": 1, "发现": 1, "资金": 1, "流失": 1, "报案": 2, "天经地义": 1, "罪名": 2, "拘押": 1, "公安": 1, "检察院": 1, "伪证": 1, "提供": 1, "证言": 1, "走人": 1, "算了": 1, "甘心": 1, "为人": 1, "找": 1, "合作": 1, "煽动": 1, "舆论": 1, "闹": 2, "反感": 1, "发假": 1, "境外": 1, "势力": 1, "避孕套": 1, "反复": 1, "还要": 1, "套": 1, "资源": 1, "办法": 1, "销售": 1, "上班": 1, "干什么": 1, "脑子": 1, "短路": 1, "货": 1, "弄得": 1, "人不人鬼不鬼": 1, "走着瞧": 1, "国人": 1, "昨日": 1, "改善": 1, "收入": 1, "洞察": 1, "能力": 1, "领导人": 1, "深刻": 1, "背景": 1, "回来": 1, "CFO": 2, "意志": 1, "坚强": 1, "O": 1, "666": 1, "无数": 1, "少女": 1, "心中": 1, "闪光": 1, "寸头": 1, "张扬": 1, "个性": 1, "永不": 1, "服输": 1, "倔强": 1, "想到": 2, "～​": 1, "小小": 1, "追球": 1, "笑点": 1, "步数": 1, "改戴": 1, "手表": 1, "冲步数": 1, "黄子韬": 2, "挣步": 1, "雪地": 1, "夜跑": 1, "艰难": 1, "后边儿": 1, "~": 1, "原谅": 1, "救生": 1, "衣卡": 1, "住": 1, "笑": 1, "鹅叫": 1, "哈哈哈L": 1, "娱塘": 1, "大佬": 1}