{"长沙": 19, "惊现": 1, "华为": 66, "无人机": 17, "表演": 6, "点屏": 4, "手机": 7, "明日": 3, "发布": 4, "迎接": 1, "nova4": 11, "今晚": 4, "动用": 1, "数百": 2, "架": 3, "橘子": 9, "洲头": 9, "场": 5, "灯光": 7, "秀": 5, "吸睛": 1, "亮": 10, "发布会": 4, "12月": 7, "17日": 4, "13:30": 2, "L华": 8, "终端": 8, "官方": 8, "秒拍": 13, "视频": 15, "​": 22, "景区": 3, "用户": 3, "免票": 1, "律师": 1, "解读": 1, "：": 11, "舍弃": 2, "利益": 2, "侵害": 2, "法律": 3, "16日": 3, "河南": 1, "沁阳": 1, "神农山": 1, "风景区": 1, "出台": 1, "政策": 2, "年底": 1, "门票": 1, "工作": 2, "人员": 1, "刚刚": 1, "才": 2, "专家": 1, "蹭": 1, "热点": 1, "禁止": 5, "@": 1, "一手": 2, "VideoL": 1, "video": 1, "刷屏": 4, "朋友圈": 2, "举办": 2, "现场": 2, "幅": 2, "3D": 2, "画面": 2, "展示": 2, "据悉": 2, "回": 1, "很": 2, "酷炫": 1, "！": 12, "夜空": 3, "今夜": 1, "活跃": 1, "课本": 1, "诗词": 1, "点点": 1, "星空": 2, "新品": 2, "湖南": 2, "国际": 5, "会展": 2, "中心": 2, "星辰": 1, "点亮": 3, "明天": 3, "胡侃": 1, "美国": 17, "纠集": 1, "盟友": 3, "集体": 1, "打压": 2, "开创": 1, "一个": 2, "拉盟友": 1, "对付": 1, "中国": 5, "恶劣": 1, "先例": 1, "盟国": 1, "作对": 1, "导致": 1, "冷战": 1, "过分": 1, "出头鸟": 1, "予以": 1, "惩戒": 1, "打痛": 1, "国家": 4, "美": 4, "博弈": 3, "中选": 1, "一边站": 1, "代价": 1, "L胡锡进": 1, "梅西": 1, "代言": 1, "O12月": 1, "19:30": 1, "星": 1, "L余": 1, "承东": 1, "外媒": 2, "西方": 5, "收紧": 4, "围堵圈": 4, "彭博社": 1, "报道": 2, "、": 9, "日本": 1, "澳大利亚": 4, "新西兰": 2, "这家": 1, "公司": 2, "网络": 9, "基础": 1, "设施": 1, "产品": 2, "德国": 3, "审查": 1, "法国": 4, "步入": 1, "友好": 1, "境地": 1, "电信": 1, "关键": 2, "零部件": 1, "设置": 1, "防范": 1, "措施": 1, "项目": 1, "高度": 1, "警惕": 1, "名单": 2, "心照不宣": 1, "针对": 1, "O外媒": 2, "撕开": 3, "5G": 15, "霸权": 3, "突破口": 3, "围绕": 2, "声音": 2, "崛起": 3, "意义": 3, "层面": 2, "眼光": 2, "长远": 2, "超越": 4, "超": 1, "...": 1, "文字": 1, "版": 1, ">": 2, ">O": 2, "网页": 3, "链接": 3, "新浪": 1, "长微博": 1, "想": 4, "翡": 1, "冷翠": 1, "高尔夫": 1, "球场": 1, "挥杆": 1, "热情": 1, "沙漠": 1, "保时捷": 1, "赛车": 1, "极光": 1, "星云": 1, "黑洞": 1, "探险": 1, "Mate20": 1, "系列": 1, "带": 1, "赴": 1, "微观": 1, "世界": 2, "奇幻": 1, "旅程": 1, "闪耀": 1, "爱国": 1, "季粉": 1, "群": 1, "引渡": 1, "孟晚舟": 2, "达成": 1, "协议": 1, "任正非": 1, "活": 2, "这是": 5, "最低": 1, "纲领": 2, "陪": 1, "L军": 1, "武季": 1, "极点": 2, "啊啊": 1, "爸爸": 1, "跪下": 1, "外面": 1, "安排": 1, "解锁": 1, "奥秘": 1, "尽请": 1, "期待": 2, "点开": 1, "大图": 1, "Pick": 1, "直播": 1, "平台": 1, "精彩": 3, "~​": 1, "发生": 1, "事件": 2, "心境": 1, "难平": 1, "朋友": 1, "之间": 1, "舆论": 1, "读到": 1, "O": 2, "想到": 1, "只顾": 1, "低头": 1, "走路": 1, "~": 2, "送入": 1, "天空": 1, "编织": 1, "一幅幅": 1, "炫丽": 1, "画卷": 1, "星眸": 1, "璀璨": 2, "星城": 2, "触碰": 1, "EMUI提": 1, "一点点": 1, "意见": 1, "L钟文泽": 1, "晚上": 1, "Nova4": 2, "大秀": 1, "堪称": 1, "震撼": 2, "引来": 1, "众人": 1, "围观": 1, "花": 1, "分钟": 1, "拍摄": 1, "最终": 1, "压缩": 1, "38": 1, "秒": 1, "版本": 1, "点评": 1, "关注": 1, "易烊": 2, "千玺": 1, "空降": 1, "喜欢": 2, "千": 1, "玺": 1, "L盘点": 1, "科技": 1, "黄小平": 1, "欧洲": 3, "国": 3, "表态": 2, "排斥": 1, "技术": 5, "芬兰": 1, "电视台": 1, "引述": 1, "研究": 1, "机构": 1, "运营商": 2, "看法": 1, "特定": 1, "风险": 1, "内政部": 1, "发言人": 1, "反对": 1, "建设": 3, "中将": 1, "设备": 4, "厂商": 1, "排除": 1, "在外": 1, "合作": 2, "葡萄牙": 1, "意大利": 1, "新增": 1, "大国": 1, "外交": 1, "学者": 1, "网站": 2, "竞争": 2, "顶峰": 1, "迟早": 1, "单独": 1, "召集": 1, "中兴": 4, "纳入": 1, "立场": 1, "情况": 1, "亚洲": 1, "地区": 1, "事实上": 1, "势力": 1, "影响": 1, "延伸": 1, "战略": 2, "超级大国": 1, "舞台": 1, "定位": 1, "五": 4, "眼": 3, "联盟": 3, "盯": 1, "悉尼": 1, "先驱": 1, "晨报": 1, "13日": 1, "刊载": 1, "眼睛": 1, "炮制": 1, "扼杀": 1, "加拿大": 1, "英国": 1, "参与": 1, "协调": 1, "晚安": 2, "重庆": 1, "德普": 1, "外国语": 1, "学校": 1, "演讲": 1, "未来": 2, "选择": 5, "年轻人": 1, "1992年": 1, "大学": 1, "毕业": 1, "进一步": 1, "深造": 1, "拒签": 1, "1": 1, "天赋": 1, "机器": 1, "职业": 1, "；": 2, "适合": 1, "最佳": 1, "执着": 1, "3": 1, "思辨": 1, "能力": 1, "获取": 1, "知识": 1, "小编": 1, "甲": 1, "2.0": 1, "打卡": 1, "小猫": 1, "米莎": 2, "L小猫": 1, "张捷": 1, "|": 3, "企业": 1, "中华": 1, "民族": 1, "决战": 1, "O张捷": 1, "牛弹琴": 1, "禁": 1, "硝烟": 2, "战争": 2, "环顾": 1, "全球": 1, "第一": 1, "走": 1, "建议": 1, "咄咄逼人": 1, "O牛弹琴": 1, "消息": 2, "137": 3, "城市": 5, "刷": 2, "京津冀": 4, "互通卡": 4, "列表": 2, "提示": 1, "市民": 1, "带有": 1, "交通": 1, "联合": 2, "标志": 1, "一卡通": 2, "全国": 2, "搭乘": 1, "公交": 1, "地铁": 1, "北京": 1, "近日": 1, "小米": 1, "推出": 1, "元": 1, "开卡": 1, "畅行": 1, "活动": 1, "今日": 1, "明年": 1, "2月": 1, "14日": 1, "在线": 1, "免费": 1, "开通": 1, "互联": 1, "O好": 1, "九": 1, "没完": 1, "为啥": 1, "差距": 1, "太": 2, "外话": 1, "展开": 1, "图是说": 1, "收入": 1, "占": 3, "2017年": 1, "国内": 2, "3051亿": 1, "总收入": 1, "6036": 1, "一半": 1, "美洲": 3, "393亿": 1, "增长": 1, "亚太": 1, "一共": 1, "非洲": 1, "中东": 1, "第二": 1, "干预": 1, "驱逐": 1, "去年": 1, "掉": 1, "10%": 1, "搞": 1, "死": 1, "挺": 1, "讨厌": 1, "格外": 1, "聚": 1, "观看": 1, "浪漫": 1, "300": 1, "缓缓": 1, "升起": 1, "无数": 1, "长沙人": 1, "见证": 1, "时刻": 1, "～": 1}