{"明星": 1, "偷税": 1, "吸毒": 1, "原谅": 1, "袁隆平": 2, "买": 2, "华为": 48, "手机": 2, "羞辱": 1, "这才": 1, "时代": 2, "悲哀": 1, "！": 8, "央视": 1, "专访": 2, "​": 19, "外媒": 4, "爆料": 5, "：": 16, "汇丰": 14, "银行": 10, "脱罪": 3, "暗地里": 5, "阴": 6, "近日": 4, "英国": 8, "金融": 5, "时报": 7, "披露": 3, "称": 4, "洗钱": 3, "违反": 3, "制裁": 3, "法案": 3, "系列": 4, "美国": 7, "司法部": 7, "盯上": 3, "逃脱": 3, "处罚": 3, "同意": 3, "案件": 3, "配合": 5, "调查": 4, "路透社": 1, "内部": 1, "搞到": 1, "份": 3, "用来": 1, "起诉": 1, "公司": 5, "材料": 1, "罗织": 1, "动手": 1, "罪名": 1, "提供": 2, "最终": 3, "导致": 3, "高管": 3, "加拿大": 1, "抓": 1, "报道": 3, "透露": 1, "年初": 1, "中方": 1, "解释": 1, "被迫": 1, "上周": 1, "创始人": 2, "任正非": 10, "接受": 2, "采访": 2, "说法": 1, "详情": 1, "戳": 1, "↓O": 1, "环球": 2, "微信": 1, "公号": 1, "员工": 5, "入职": 2, "180": 2, "详细": 2, "培训": 1, "计划": 1, "6": 2, "培养": 2, "周期": 1, "体现": 1, "企业": 3, "人才": 1, "重视": 1, "程度": 1, "重点": 1, "放": 1, "15": 2, "导致力": 1, "新生代": 1, "离职率": 1, "高峰": 1, "第6": 1, "1": 1, "损失": 1, "成本": 1, "快速": 1, "提升": 1, "能力": 1, "取决于": 1, "管理者": 1, "​​": 2, "长安": 1, "十二": 1, "时辰": 1, "植入": 4, "不错": 1, "赞": 1, "一个": 2, "@": 6, "留白": 1, "影视": 1, "五": 1, "周年": 2, "爸爸": 3, "直播": 2, "赞助": 1, "屏幕": 1, "滚动": 1, "nova": 1, "代言": 2, "广告": 3, "通盈": 1, "中心": 1, "大楼": 1, "承包": 1, "体育场": 1, "都": 5, "千玺红": 1, "那时候": 1, "嫉妒": 1, "红": 2, "眼": 1, "努力": 2, "理由": 1, "争气": 1, "才能": 1, "匹配": 1, "实力": 2, "爸爸们": 1, "坚定": 1, "代言人": 1, "正确": 1, "选择": 1, "优秀": 2, "代言商": 1, "六": 1, "尽量": 1, "灯牌": 1, "粉丝": 1, "队": 1, "内": 1, "竞争": 1, "易烊": 2, "千玺": 2, "花木兰": 11, "推特": 4, "外国": 4, "网友": 8, "质疑": 2, "花木": 6, "兰额": 4, "头": 4, "硬核": 3, "台词": 2, "家族": 4, "带来": 4, "荣耀": 5, "华木兰": 1, "实锤": 1, "预告片": 3, "趋势榜": 2, "欧美": 3, "logo": 4, "多亏": 1, "前段": 1, "时间": 2, "川普": 1, "卖力": 1, "宣传": 1, "越来越": 1, "熟悉": 1, "怀疑": 1, "美": 1, "中国": 3, "受害者": 2, "被捕": 2, "O外媒": 1, "​​​": 1, "仿妆": 1, "看完": 1, "nova星": 1, "终端": 1, "官方": 1, "绮境": 1, "森林": 1, "🐉": 1, "Nova5pro": 1, "TFBOYS": 1, "千玺​": 1, "苹果": 7, "隐私": 2, "榜样": 3, "登上": 1, "法国": 1, "著名": 1, "新闻": 1, "周刊": 1, "观点": 2, "杂志": 1, "最新": 1, "期": 1, "封面": 1, "改变": 1, "历史": 1, "标题": 1, "刊登": 1, "肖像照": 1, "长": 1, "页": 1, "篇幅": 1, "本人": 1, "专题": 1, "保护": 1, "用户": 1, "数据": 2, "问到": 1, "鸿蒙": 1, "操作": 2, "系统": 3, "谷歌": 1, "安卓": 2, "Android": 1, "MacOSX": 1, "快": 2, "谨慎": 1, "给出": 2, "答案": 1, "很": 1, "技术": 2, "论据": 1, "报告": 1, "速度": 1, "60％": 1, "赞同": 1, "股市": 2, "午评": 1, "沪指": 3, "跌": 2, "2.46%": 2, "市": 2, "上涨": 2, "个股": 2, "下跌": 1, "A股": 1, "三大": 1, "股指": 1, "早盘": 1, "单边": 1, "下挫": 1, "盘中": 1, "一度": 1, "跌逾": 1, "3%": 1, "市场": 2, "猪肉": 1, "板块": 2, "表现": 1, "强势": 1, "黄金": 1, "、": 14, "海思": 1, "稀土": 1, "燃料": 1, "电池": 1, "领跌": 1, "总体": 1, "情绪": 1, "低迷": 1, "截至": 1, "午间": 1, "收盘": 1, "报收": 3, "2936": 1, "；": 3, "深成": 1, "指跌": 2, "2.55%": 1, "9202": 1, "创业板": 1, "2.56%": 1, "1508": 1, "沪股": 1, "通净": 2, "流出": 2, "25亿": 1, "深股": 1, "10亿": 1, "兰额头": 1, "……": 1, "英": 2, "政府": 4, "四": 2, "运营商": 3, "不及": 2, "找": 2, "搞": 2, "5G": 5, "散布": 1, "威胁论": 1, "做出": 1, "合作": 2, "沃达丰": 2, "EE": 1, "O2": 1, "Three四": 1, "抢先": 1, "该国": 1, "开发": 1, "网络": 3, "7": 1, "城市": 2, "推出": 1, "服务": 1, "参与": 2, "建设": 1, "O英": 1, "兰外网": 1, "额头": 1, "hhh": 1, "关注点": 1, "清奇": 1, "😂​": 1, "超": 2, "细腻": 1, "超从容": 1, "超敏感": 1, "P30": 1, "影像": 3, "表达": 1, "未来": 1, "LHUAWEIP": 1, "30": 1, "届": 1, "太": 4, "有梗": 1, "打钱": 1, "从军": 1, "回": 1, "正常人": 1, "逃离": 1, "死亡": 1, "相亲": 1, "妆错": 1, "认成": 1, "男主": 1, "黑人大": 1, "兄弟": 1, "黑豹": 1, "沙雕": 1, "表情包": 1, "刘亦菲": 1, "7月": 1, "7日": 1, "驻": 1, "大使": 3, "刘晓明": 1, "香港": 3, "新疆": 1, "广播": 1, "BBC": 1, "旗舰": 1, "访谈": 1, "节目": 1, "现场": 1, "末任": 1, "港督": 1, "彭定康": 2, "错误": 1, "言论": 1, "作出": 1, "强硬": 1, "表态": 1, "断然": 1, "拒绝": 1, "指责": 1, "批评": 1, "身体": 1, "21": 1, "世纪": 1, "脑袋": 1, "留在": 1, "旧殖民": 1, "全文": 1, "实录": 1, "如图": 1, "O驻英": 1, "驳彭": 1, "定康": 1, "修例": 1, "引渡": 1, "罪犯": 1, "": 1, "蔡程昱": 1, "第三": 1, "波": 1, "条": 1, "忘": 1, "夸华": 1, "真心": 1, "夸": 1, "！！！": 1, "插腰": 1, "蔡": 2, "提裤": 1, "提": 1, "不止": 1, "裤子": 1, "哈哈哈": 1, "爱国": 1, "蔡水印": 1, "麻烦": 1, "卖": 4, "贵": 3, "便宜": 1, "厂商": 1, "挤压": 1, "死": 1, "钱": 1, "发给": 1, "股东": 1, "懒散": 1, "大规模": 1, "投入": 1, "科研": 1, "一部分": 1, "赠送": 1, "大学": 2, "支持": 1, "教授": 1, "研究": 2, "经费": 1, "占有": 1, "成果": 1, "理论": 1, "基础": 1, "超前": 1, "纪录": 2, "锻炼": 1, "25号": 1, "WatchGT": 1, "运动": 2, "手表": 1, "AppleWatch": 1, "安装": 1, "APP": 1, "蓝牙": 1, "通话": 1, "播放": 1, "音乐": 1, "+": 1, "中长续航": 1, "续航": 2, "确实": 1, "失望": 1, "到手": 1, "充电": 1, "100%": 1, "用到": 1, "正好": 1, "十四": 1, "睡眠": 1, "监测": 2, "连续": 1, "心率": 1, "码字": 1, "睡觉": 1, "戴": 1, "剩下": 1, "25%": 1, "电": 1, "看样子": 1, "轻轻松松": 1, "震惊": 1, "强大": 1, "麒麟": 2, "810": 2, "处理器": 1, "吊打": 1, "高通": 1, "骁龙": 2, "855": 2, "高顿": 1, "CPA": 1, "学霸": 1, "分享": 2, "财务": 1, "经理": 1, "职场": 1, "道理": 1, "刚": 1, "吐槽": 1, "完华": 1, "传输": 1, "50": 1, "分钟": 1, "一眼": 1, "照片": 1, "真香": 1, "P30pro": 1, "原图": 1, "直出": 1, "摄影": 1, "林晶图九": 1, "才": 1, "游客": 1, "样子": 1, "故宫": 2, "香": 1, "Cartier": 1, "邀请": 1, "看展": 1, "vlog": 1, "剪": 1, "发图": 1, "超显": 1, "瘦": 1, "连衣裙": 1, "值得": 1, "拥有": 1, "第二": 1, "款": 2, "7nm": 2, "芯片": 3, "实体": 1, "首次": 2, "曝光": 1, "A12": 1, "麒麟980": 1, "世界": 1, "第四": 1, "工艺": 2, "麒麟810": 2, "历时": 1, "三年": 1, "研发": 1, "超过": 1, "1000": 1, "名": 1, "半导体": 1, "设计": 1, "专家": 1, "耗费": 1, "5000多": 1, "块": 1, "工程": 1, "验证": 1, "开发板": 1, "集成": 1, "自研": 1, "达芬奇": 1, "架构": 1, "NPU": 1, "神经": 1, "加速": 1, "单元": 1, "AI算力": 1, "全球": 1, "第一": 1}