{"使命": 1, "必达": 1, "！": 18, "盘点": 2, "2019": 4, "中国": 23, "十大": 1, "科技": 9, "成就": 2, "：": 18, "第一": 6, "创造": 1, "历史": 1, "2019年": 1, "科学家": 1, "硬核": 1, "嫦娥": 1, "四号": 1, "传回": 1, "人类": 4, "月球": 1, "背影": 1, "这是": 2, "首次": 1, "登陆": 1, "月背": 1, "开启": 1, "突破": 3, "新篇章": 1, "；": 8, "工信部": 1, "发放": 1, "5G": 13, "牌照": 1, "捷龙": 1, "号": 1, "飞": 1, "成功": 2, "中科院": 1, "发现": 1, "迄今": 1, "黑洞": 1, "华为": 74, "发布": 3, "鸿蒙": 1, "操作": 2, "系统": 3, "……": 2, "微盘点": 1, "@": 5, "梨视频": 1, "文化": 2, "L梨": 1, "视频": 15, "秒拍": 1, "提升": 2, "镜精": 1, "致度": 1, "手机": 17, "自拍": 10, "大法": 2, "烫x": 1, "nova6": 4, "💥": 4, "五官": 2, "精致": 1, "脸型": 1, "上镜": 2, "照片": 1, "眼看": 1, "大幅": 1, "精致度": 1, "妆容": 1, "360": 1, "度": 1, "细节": 5, "tips": 1, "合集": 1, "收好": 1, "化妆": 1, "小时": 1, "拍照": 6, "女生": 1, "们化": 1, "妆当然": 1, "告别": 1, "土味": 1, "独家": 1, "分分钟": 1, "高级": 1, "感up": 1, "好看": 1, "姑娘们": 1, "暗喜": 1, "一整天": 1, "快": 4, "学": 1, "姐妹们": 1, "分享": 1, "满意": 1, "自拍照": 1, "评论区": 1, "走": 1, "波": 1, "鸭": 1, "~": 1, "L易烫YCC": 1, "O抽奖": 1, "详情": 1, "艰难": 1, "起步": 1, "服务": 4, "全世界": 5, "30亿": 5, "跨越": 1, "生存": 1, "门槛": 1, "尝试": 1, "找到": 1, "践行": 1, "理想": 2, "——": 2, "创新": 1, "改善": 2, "生活": 5, "希望": 4, "科学技术": 4, "未来": 11, "世界": 4, "美好": 4, "1987年": 4, "诞生": 4, "深圳": 5, "栋": 4, "居民楼": 4, "联接": 4, "170": 4, "国家": 10, "人口": 4, "手段": 5, "人才": 4, "目的": 4, "故事": 3, "延续": 3, "戳": 2, "观看": 2, "纪录": 6, "短片": 6, "facts": 2, "L华": 5, "心声": 3, "社区": 3, "​": 18, "iPhone十年": 1, "售出": 2, "14亿": 2, "美国": 7, "众议院": 3, "法案": 3, "禁止": 5, "政府": 5, "采购": 2, "设备": 7, "国会": 3, "山报": 1, "16日": 3, "消息": 2, "称": 5, "当地": 1, "时间": 2, "周一": 1, "(": 2, ")": 1, "项": 1, "威胁": 2, "企业": 12, "购买": 3, "电信": 4, "联邦": 5, "通信": 3, "委员会": 3, "11月": 2, "22日": 2, "运营商": 2, "补贴": 2, "资金": 3, "中兴": 3, "美方": 3, "针对": 1, "友善": 1, "举动": 1, "随后": 1, "就此": 1, "声明": 1, "FCC": 1, "此项": 1, "基于": 1, "片面": 1, "信息": 1, "法律": 2, "错误": 2, "解读": 1, "证据": 1, "情况": 3, "认定": 1, "违反": 2, "立法": 1, "正当": 2, "程序": 1, "原则": 1, "涉嫌": 1, "违法": 1, "12月": 3, "5日": 1, "总部": 1, "新闻": 1, "发布会": 2, "起诉": 1, "美": 2, "宪法": 1, "行政诉讼法": 1, "外交部": 4, "发言人": 4, "耿爽": 3, "回应": 1, "此事": 1, "再次": 4, "敦促": 1, "停止": 3, "泛化": 1, "概念": 1, "蓄意": 1, "抹黑": 1, "指责": 1, "特定": 1, "无理": 1, "打压": 1, "经营": 1, "活动": 5, "提供": 2, "公平": 3, "公正": 2, "歧视": 2, "环境": 3, "奉劝": 1, "为名": 1, "锁住": 1, "囚禁": 1, "详戳": 1, "O怕": 1, "持续": 2, "自我": 2, "Misaya若风": 1, "从没": 1, "放松": 1, "胜者": 1, "王": 1, "电竞": 1, "速度": 3, "击败": 1, "对手": 2, "制胜": 1, "时代": 1, "5": 2, "G助": 1, "领潮": 1, "终端": 2, "官方": 2, "届": 1, "朋友圈": 1, "大赛": 1, "正式": 3, "请": 2, "前方": 1, "发来": 1, "一手": 1, "作品": 1, "任正非": 14, "金钱": 1, "第四": 4, "讲述": 1, "憧憬": 1, "L": 2, "赶紧": 1, "功能": 1, "完善": 1, "尴尬": 1, "L钱": 1, "佳威": 1, "武霸": 1, "气帅": 1, "BBCStoryWorks": 1, "制作": 1, "苹果": 2, "iPhone": 5, "换成": 2, "安卓": 2, "德方": 3, "网络": 7, "关切": 3, "理解": 2, "办公室": 2, "17日": 3, "例行": 1, "记者会": 1, "记者": 1, "德国": 6, "社民党": 2, "联盟党": 1, "达成": 1, "份": 1, "提案": 2, "供应商": 1, "来源国": 1, "监督": 1, "影响": 2, "排除": 3, "操纵": 1, "间谍": 1, "德": 2, "核心": 1, "报道": 1, "反对": 1, "内部": 2, "表决": 1, "中方": 2, "对此": 1, "评论": 1, "尤其是": 1, "领导人": 1, "遭受": 1, "监听": 1, "惨痛": 1, "经历": 1, "指出": 1, "建立": 1, "事实": 1, "基础": 1, "理性": 1, "内": 1, "推行": 1, "保护主义": 1, "借口": 1, "经贸": 1, "合作": 2, "泛政治化": 1, "意识形态化": 1, "近来": 1, "国内": 2, "讨论": 1, "党派": 1, "人士": 1, "政治": 1, "在外": 1, "倾向": 1, "担忧": 1, "一贯": 2, "倡导": 1, "开放": 4, "包容": 1, "、": 9, "竞争": 6, "市场经济": 1, "精神": 1, "背道而驰": 1, "损害": 2, "利益": 2, "国际": 1, "声誉": 1, "立场": 1, "从未": 1, "支持": 4, "他国": 1, "安装": 1, "后门": 1, "收集": 1, "外国": 1, "情报": 1, "相互": 1, "包括": 1, "欧洲": 1, "在内": 1, "各国": 1, "参与": 1, "市场": 5, "一个": 3, "营商": 1, "外交": 1, "相约": 1, "蓝厅": 1, "腾讯": 4, "阿里": 1, "争抢": 1, "给出": 1, "年薪": 1, "201万": 1, "好好": 1, "读书": 1, "真的": 2, "人生": 1, "逆袭": 1, "捷径": 1, "自研": 1, "麒麟": 1, "9905": 1, "GSOC": 1, "优势": 1, "小米": 2, "K30": 1, "干": 1, "2000": 1, "价位": 1, "蓝绿厂": 1, "捡起": 1, "明星": 1, "代言": 1, "路子": 1, "魅族": 1, "联想": 2, "玩家": 1, "估计": 1, "很": 1, "难": 1, "大厂": 2, "2020年": 1, "看好": 1, "哪家": 1, "国产": 2, "表现": 1, "头条": 1, "文章": 1, "低": 3, "吸富": 3, "一生": 3, "": 1, "财经": 2, "每日": 1, "必读": 1, "赚钱": 2, "季": 1, "周二": 1, "股权": 1, "/": 4, "公告": 1, "+": 5, "穿戴": 1, "智能": 2, "能源": 1, "汽车": 1, "锂电": 1, "金融": 1, "券商": 1, "分化": 1, "区块链": 1, "科创": 1, "基建": 1, "周期": 1, "养殖": 1, "板块": 3, "企稳": 1, "迹象": 1, ";": 1, "主板": 1, "放量": 1, "上涨": 1, "预设": 1, "明日": 3, "回踩": 1, "盘整": 1, "观察": 2, "成交量": 2, "放大": 1, "强势": 2, "股": 2, "接力": 2, "亏": 1, "钱": 1, "效应": 2, "减缓": 1, "南宁": 1, "百货": 1, "万通": 1, "智控": 1, "南京": 1, "证券": 1, "情绪": 1, "标杆": 1, "空间板": 1, "高度": 1, "4板": 1, "首板": 2, "数量": 1, "减少": 1, "大概": 1, "大盘": 1, "筹码": 1, "密集": 1, "区": 1, "重点": 1, "关注": 1, "短期": 1, "震荡": 1, "剧烈": 1, "难度": 1, "变大": 1, "风险": 1, "偏好": 1, "选择": 1, "包板": 1, "1": 1, "3": 2, "涨停板": 1, "套利": 1, "优": 1, "策略": 1, "吸": 1, "主线": 1, "人气股": 1, "超跌": 1, "创": 1, "轮动": 1, "补涨": 1, "O低": 1, "很多": 1, "都": 8, "背后": 1, "关键": 2, "因素": 1, "1.": 1, "李嘉诚": 1, "自传": 3, "告诉": 7, "娶": 1, "富豪": 1, "表妹": 1, "庄月明": 1, "舅父": 2, "家族": 1, "发展": 1, "塑胶": 1, "花挣": 1, "桶": 1, "金": 1, ".": 3, "微软盖茨": 1, "书": 1, "母亲": 1, "IBM": 1, "董事": 3, "儿子": 1, "促成": 1, "生意": 1, "股神": 1, "巴菲特": 1, "8": 1, "岁": 1, "参观": 1, "纽交所": 1, "议员": 1, "父亲": 2, "带": 2, "高盛": 1, "接待": 1, "4.万科": 1, "王石": 1, "老丈人": 1, "当年": 2, "广东": 1, "省委": 1, "副书记": 1, "5.": 1, "岳父": 1, "四川省": 1, "副省长": 1, "6": 1, "马化腾": 1, "盐田港": 2, "上市": 1, "公司": 2, "笔": 1, "投资": 1, "李": 2, "泽楷": 2, "母公司": 1, "关系": 1, "无需": 1, "易烊": 4, "千玺": 4, "玊尔": 1, "演唱会": 1, "TFBOYS": 3, "2018/1217/181217": 1, "nova4": 1, "哥哥": 1, "适合": 1, "红色": 1, "🔴♥": 1, "️": 1, "cr.logo": 1, "IAdoreYou": 1, "冷静": 1, "热情": 1, "之间": 1, "至少": 1, "好用": 1, "社长": 1, "抽????": 1, "抽": 1, "柳": 1, "老爷子": 1, "卸任": 1, "值得": 1, "竖": 1, "大拇指": 1, "搭": 1, "班子": 1, "战略": 1, "队伍": 2, "三板斧": 1, "算是": 2, "中式": 1, "管理": 2, "启蒙": 1, "教材": 1, "喷": 1, "美帝": 1, "良心": 1, "款": 3, "笔记本": 2, "不错": 1, "攻入": 1, "后醒": 1, "HP": 1, "Dell": 1, "睡眼": 1, "惺忪": 1, "众星捧月": 1, "口诛笔伐": 1, "近期": 1, "开播": 2, "即将": 1, "剧酷": 1, "大明": 1, "风华": 1, "今日": 1, "开播鹅": 1, "精英": 1, "律师": 1, "三生三世": 1, "枕上书": 1, "芒果": 1, "锦衣": 1, "之下": 1, "播": 1, "庆余": 1, "鹤唳华亭": 1, "夜": 1, "新娘": 1, "内容": 2, "荣耀": 2, "用户": 2, "打开": 1, "自带": 1, "APP": 1, "芒果TV": 1, "优酷": 1, "追剧": 1, "福利": 1, "机会": 1, "赢": 1, "余承东": 6, "半辈子": 1, "经验": 1, "赶鸭子上架": 1, "不快": 1, "发热": 1, "倒": 1, "挺": 1, "气": 1, "砸": 2, "脸上": 1, "气馁": 1, "一口气": 1, "失败": 1, "余承": 1, "东快": 1, "下课": 1, "时刻": 1, "站": 1, "送": 1, "架": 1, "战斗机": 1, "模型": 1, "鼓励": 1, "零": 1, "起飞": 1, "资源": 1, "P6": 2, "研发": 1, "上千": 1, "背板": 1, "供应": 1, "商试": 1, "100万": 1, "才": 2, "量产": 1, "引爆": 1, "一路": 1, "凯歌": 1, "雷军": 1, "并驾齐驱": 1, "企业家": 1, "小儿科": 2, "产品": 3, "长期": 2, "处于": 2, "领先": 2, "地位": 2, "片中": 1, "人工": 1, "支撑": 1, "芯片": 1, "担负": 1, "http": 1, "://t.cn/AiDnNtur​": 1, "关心": 1, "Mate30Pro5G": 4, "版": 2, "4G版": 3, "差异": 1, "DXO": 2, "几点": 1, "评价": 1, "①": 1, "5G版": 3, "拥有": 4, "变焦": 1, "成像": 1, "能力": 5, "画面": 2, "增加": 1, "②": 1, "人像": 1, "模式": 1, "背景": 1, "虚化": 1, "效果": 2, "③": 1, "弱光": 1, "还原": 1, "④": 1, "超广角": 2, "镜头": 1, "抗畸": 1, "描述": 1, "感觉": 1, "升级": 1, "改变": 1, "来自于": 1, "硬件": 1, "层面": 1, "下降": 1, "Mate30Pro": 2, "中央": 1, "广播": 1, "电视": 1, "总台": 1, "举办": 1, "品牌": 3, "强国": 2, "盛典": 2, "年度": 1, "殊荣": 1, "副总裁": 1, "李一": 3, "男": 3, "2000年": 1, "不合": 1, "愤然": 1, "离职": 1, "心痛": 1, "不已": 1, "分红": 1, "价值": 1, "1000万": 1, "带走": 1, "上百": 1, "技术": 2, "骨干": 1, "创立": 1, "港湾": 3, "宽带": 1, "IP": 1, "领域": 1, "占有率": 1, "7%-8%": 1, "10%": 1, "15%": 1, "二者": 1, "实力": 1, "2006年": 1, "阻止": 1, "卖给": 1, "西门子": 1, "导致": 1, "外流": 1, "遂": 1, "全资": 1, "收购": 1, "何以容天下": 1, "格局": 1, "李召军": 1, "正能量": 1, "问下": 1, "超越": 2, "Mate30Pro5": 1, "GDXO": 1, "三星": 1, "顶尖": 1, "太": 1, "激烈": 1, "dxo得分": 1, "补考": 1, "DxOMark": 2, "公布": 2, "得分": 5, "总分": 2, "123": 1, "登顶": 2, "榜单": 2, "121": 1, "CC9Pro": 1, "并列": 1, "送测": 1, "成绩": 1, "依旧": 1, "变化": 1, "这次": 1, "终于": 1, "DxO": 1, "改进": 1, "噪点": 1, "稳定": 1, "自动": 1, "焦": 1, "优化": 1, "方向": 1, "热爱": 1, "义无反顾": 1, "最终": 1, "梦想": 1, "加持": 1, "微博O": 1, "网页": 1, "链接": 1, "134分": 1, "102分": 1, "123分": 1, "刷新": 1}