{"快": 4, "投票": 1, "华为": 69, "苹果": 5, "选": 4, "旗舰": 2, "手机": 17, "发布": 5, "iPhone11": 2, "Mate30": 7, "2019年": 4, "第四": 2, "季度": 2, "关注": 2, "款": 3, "科技": 7, "产品": 3, "消费者": 4, "早已": 2, "纠结": 2, "品牌": 2, "​": 16, "上海": 2, "交大": 2, "应届": 2, "硕士": 3, "签约": 5, "曝出": 1, "月薪": 3, "哀叹": 1, "：": 6, "后悔": 4, "！": 15, "网友": 5, "这是": 2, "赤裸裸": 2, "秀": 2, "近日": 1, "互联网": 2, "职场": 1, "社区": 1, "名": 3, "拿到": 2, "阿里巴巴": 1, "腾讯": 3, "offer": 1, "现场": 3, "谈": 1, "薪资": 3, "30K": 3, "加上": 4, "终奖": 1, "保底": 1, "10万": 1, "包": 1, "45万": 1, "学生": 1, "脑袋": 1, "热": 2, "冷静": 1, "仔细": 1, "分析": 1, "阿里": 1, "待遇": 4, "感觉": 2, "股票": 2, "地位": 5, "谈完": 1, "太": 8, "对此": 1, "安慰": 1, "楼主": 2, "国家": 2, "贡献": 1, "钱": 2, "不少": 2, "才": 2, "研究生": 1, "干": 1, "三年": 2, "都": 15, "不到": 1, "价位": 1, "证明": 1, "学历": 1, "能力": 5, "不错": 2, "站": 2, "山顶": 1, "自然": 2, "涨": 1, "任正非": 4, "老总": 1, "员工": 3, "金子": 1, "发光": 1, "至少": 1, "60万": 1, "届生": 1, "真的": 3, "工作": 2, "着落": 1, "知足": 1, "去年": 3, "博士": 3, "最低": 1, "16": 1, "优秀": 2, "17": 1, "情况": 1, "脑子": 1, "发热": 1, "28K": 1, "一个": 7, "毁约": 1, "幸福": 1, "违约": 1, "违约金": 1, "清华": 1, "签华": 1, "几百万": 1, "妈": 1, "吵醒": 1, "CEO": 2, "O网页": 1, "链接": 2, "传统": 2, "物理": 1, "、": 22, "化学": 1, "成像": 1, "原理": 2, "相机": 3, "拍摄": 3, "最新": 1, "电子": 1, "智能": 8, "技术": 8, "摄影": 4, "留下": 1, "细节": 1, "清晰": 1, "富有": 1, "创意": 1, "影像": 1, "记录": 3, "力量": 1, "O": 2, "网页": 1, "GENTLE": 1, "MONS": 1, "TER华": 2, "眼镜": 4, "品品": 1, "赞费": 1, "加罗": 1, "内页": 2, "黑色": 2, "皮衣": 2, "搭配": 1, "白色": 1, "T恤": 1, "帅气": 1, "干净利落": 1, "gm华": 1, "撕漫": 1, "男本": 1, "男": 2, "想": 2, "赞哥": 1, "哥演": 1, "禁欲": 1, "精英": 1, "角色": 2, "再见": 1, "美国": 12, "5月": 2, "关闭": 1, "57": 2, "工厂": 2, "本月": 1, "批量": 1, "生产": 2, "含": 2, "组件": 2, "5G": 20, "基站": 8, "16日": 1, "特朗普": 1, "政府": 2, "列入": 1, "黑名单": 1, "撤离": 1, "近年": 1, "算是": 1, "研发": 5, "领导": 1, "企业": 4, "全球": 3, "交付": 1, "超过": 1, "20万": 1, "启用": 1, "路透社": 1, "报导": 1, "计划": 1, "2020年": 1, "产量": 1, "增加": 1, "倍": 1, "撤出": 1, "市场": 2, "成功": 1, "脱离": 1, "走": 2, "异常": 1, "坚定": 1, "——": 2, "实力": 1, "谈判": 1, "合作": 1, "可靠": 1, "保证": 1, "支持": 3, "国产": 1, "游戏": 3, "沙雕": 1, "瞬间": 2, "听说": 1, "很多": 2, "四": 2, "指": 3, "轻松": 2, "带妹": 1, "王牌": 1, "@": 4, "高龄": 1, "玩家": 1, "老陈": 1, "玩": 1, "手": 1, "教": 1, "不用": 2, "抱": 1, "大腿": 3, "技巧": 1, "告别": 1, "工具人": 1, "ProL": 1, "很": 6, "饿": 1, "视频": 12, "发布会": 2, "种草": 1, "Pro": 2, "7680": 3, "帧超": 3, "高速": 3, "黑科技": 1, "想到": 2, "功能": 1, "拍下": 1, "快门": 3, "看完": 1, "按动": 1, "充满": 1, "仪式感": 1, "摄影师": 1, "竟然": 1, "莫名": 1, "感动": 1, "终端": 4, "官方": 3, "http": 1, "://t.cn/Ai3c": 1, "3": 2, "GX​": 1, "极点": 2, "屏畅": 1, "享": 1, "视野": 1, "超清夜": 1, "拍": 1, "夜色": 1, "动人": 1, "带": 3, "读懂": 1, "畅享": 1, "10": 1, "美": 1, "​​": 2, "着急": 1, "听听": 1, "用户": 1, "L梨": 2, "秒拍": 4, "15": 1, "闺蜜": 1, "生日": 2, "精心": 1, "操办": 1, "送": 2, "nova5Pro": 1, "体验": 1, "北京": 3, "高空": 1, "直升机": 1, "旅": 3, "飞机": 1, "俯瞰": 1, "万里长城": 1, "美妙": 1, "并用": 1, "这部": 1, "期": 1, "vlog": 2, "希望": 1, "回忆": 1, "青春": 1, "记忆": 1, "nova": 1, "5": 1, "校园": 1, "大赛": 1, "L常": 1, "飞飞": 2, "推迟": 4, "折": 3, "叠屏": 3, "10月": 4, "23日": 2, "新品": 2, "外界": 1, "预计": 1, "大概率": 2, "MateX": 6, "上个月": 1, "业务": 2, "余承东": 1, "透露": 1, "解决": 1, "年内": 1, "上市": 3, "4月": 1, "三星": 1, "折叠屏": 1, "良率": 2, "事件": 1, "一度": 1, "鲸头": 1, "鹳": 1, "河边": 1, "发呆": 1, "长鼻猴": 1, "白面": 1, "僧面": 1, "猴": 1, "树丛": 1, "悠然自得": 1, "牛奶": 1, "蛙": 1, "冠斑": 1, "犀鸟": 1, "加勒比": 1, "红鹳": 1, "白": 1, "鹈鹕": 1, "路": 1, "动物": 2, "明星": 2, "……": 6, "新加坡": 1, "博物": 1, "万万": 1, "Mate": 1, "Mate30Pro": 3, "神奇": 1, "片": 1, "寄凉": 2, "ExpressMyMind": 1, "转角": 1, "爱": 2, "电梯": 1, "弯片崽": 1, "正好": 1, "差点": 1, "撞到": 1, "惊吓": 1, "鹿眼": 1, "bq": 1, "行程": 1, "打扰": 1, "营业": 1, "戴": 1, "口罩": 1, "摘掉": 1, "帅气逼人": 1, "依然": 1, "礼貌": 1, "孩子": 1, "红色": 1, "celine": 1, "针织衫": 1, "适合": 1, "片崽": 1, "短毛": 1, "好帅": 1, "！！！": 3, "脸": 1, "啊啊": 2, "！！！！": 1, "片寄": 1, "凉太": 1, "RyotaKatayose": 1, "#片": 1, "跨海": 1, "追星": 1, "周杰伦": 1, "忙": 1, "天昏地暗": 1, "时间": 2, "吃饭": 1, "溜": 1, "狗": 1, "努力": 1, "kao": 1, "内存": 1, "爆炸": 1, "分钟": 1, "拍到": 1, "L长岛": 1, "第一": 3, "妃糖": 1, "kaokao": 1, "中国": 4, "通信卫星": 2, "公司": 4, "微波通信": 1, "团队": 1, "搞": 1, "宇航局": 1, "通信": 6, "卫星": 2, "秒": 2, "渣都不剩": 1, "总裁": 3, "讲": 1, "欧美": 2, "地方": 1, "光纤": 2, "铺设": 1, "部署": 1, "数据": 2, "大带": 1, "宽": 2, "光缆": 3, "才能": 3, "回传": 2, "固定": 1, "网络": 1, "独家": 1, "突破": 2, "微波": 7, "带宽": 2, "只用": 1, "无线": 1, "方式": 1, "全世界": 1, "厂商": 2, "最多": 2, "只能": 1, "微波带": 1, "二十分之一": 1, "替代": 1, "连接": 1, "地区": 2, "安装": 1, "200G": 1, "世界": 2, "第二": 2, "100倍": 1, "当中": 1, "关键": 1, "核心": 2, "传输": 1, "远远": 1, "超越": 1, "西方": 1, "民用": 1, "军用": 1, "主导": 1, "我国": 1, "对手": 1, "完整版": 2, "华仔": 2, "抢先品": 1, "14：00": 1, "商城": 1, "APP": 1, "搜索": 1, "解锁": 2, "白敬亭": 3, "收获": 1, "同份": 1, "快乐": 1, "关+": 1, "转评": 1, "小白": 2, "印象": 1, "抽": 1, "10.22日": 1, "荣耀": 6, "青春版": 1, "门票": 1, "白": 1, "敬亭": 1, "L荣耀": 1, "​O": 1, "抽奖": 1, "详情": 1, "火箭": 1, "助推器": 2, "助力": 1, "太空": 1, "+": 1, "云+AI": 1, "碰撞": 1, "火花": 1, "17日": 1, "西安": 1, "选择": 2, "不凡": 1, "云城市": 2, "峰会": 4, "2019": 4, "举办": 2, "华为云": 1, "政企": 2, "升级": 1, "未来": 2, "客户": 1, "实践": 1, "加速": 2, "云计算": 1, "服务": 1, "西北": 1, "发展": 3, "进程": 1, "云南": 1, "武汉": 1, "安徽": 1, "敬请": 1, "期待": 1, "肖战": 1, "MadameFigaro": 1, "新鲜": 1, "出炉": 1, "清冷": 1, "表情": 1, "配": 1, "克制": 1, "张扬": 1, "时尚": 1, "表现力": 1, "满分": 1, "撩到": 1, "佩戴": 2, "GENTLEMONS": 1, "小赞": 1, "尝试": 1, "特工": 1, "1/8000": 1, "到底": 1, "发生": 1, "捕捉": 1, "眨眼": 1, "重构": 2, "动作": 3, "想象": 2, "L华": 2, "中关村": 1, "论坛": 3, "18日": 1, "上午": 1, "AIWorld": 1, "人工": 1, "AI": 1, "元力": 1, "重启": 1, "科大": 1, "讯飞": 1, "轮值": 1, "胡郁": 1, "微软": 1, "(": 2, "亚洲": 1, ")": 2, "工程院": 1, "院长": 1, "王": 1, "永东": 1, "BG": 1, "软件": 1, "王成录": 1, "旷视": 1, "首席": 1, "科学家": 1, "孙剑": 1, "滴滴": 1, "出行": 1, "AILabs": 1, "负责人": 1, "叶杰平": 1, "嘉宾": 1, "出席": 1, "演讲": 2, "直播": 2, ">>": 1, "新浪": 1, ".": 1, "推墙派": 1, "无非": 1, "那时候": 1, "标榜": 1, "外面": 2, "言论": 2, "自由": 2, "早年": 1, "确实": 1, "对比": 3, "灯塔亚克西": 1, "时代": 1, "眼光": 1, "看待": 1, "长臂": 1, "管辖": 1, "禁售": 1, "芯片": 1, "扯遮": 1, "羞布": 1, "发现": 1, "推墙": 1, "派": 1, "翻来覆去": 1, "智商": 1, "比起": 1, "颜色": 1, "革命": 1, "难民": 1, "韭菜": 1, "开心": 1, "观点": 1, "日内瓦": 1, "删帖": 1, "公约": 1, "达成": 2, "半斤八两": 1, "长期": 2, "现状": 1, "MebiuW": 1, "性价比": 1, "越来越": 1, "低": 2, "原因": 1, "营销": 4, "成本": 1, "No1": 1, "1": 1, "公关": 2, "开销": 3, "日益": 1, "增长": 2, "大事": 1, "小事": 1, "眼睛": 1, "沙子": 1, "数量": 1, "庞大": 1, "海军": 1, "铺天盖地": 1, "广告": 1, "请": 1, "代言": 2, "OV": 2, "厂妹机": 2, "代言人": 2, "孙杨": 1, "过期": 1, "算": 3, "胡歌": 1, "到期": 1, "持续": 2, "段": 1, "赵丽颖": 1, "顺带": 1, "白宇": 1, "朱正廷": 1, "黄景瑜": 1, "李现": 1, "当红": 1, "小鲜肉": 2, "单款": 1, "代言费": 1, "买单": 1, "OPPO": 1, "天团": 1, "散": 1, "活跃": 1, "可行": 1, "发挥": 1, "极致": 1, "厂": 1, "即线": 1, "线下": 1, "小米": 1, "模式": 1, "模仿": 1, "发扬光大": 1, "李": 1, "肖": 1, "近期": 1, "杂志": 1, "封面": 1, "皆": 2, "当下": 1, "GENTLEMONSTER": 1, "联名": 1, "出镜": 1, "质感": 1, "气质": 1, "在线": 1, "神采奕奕": 1, "男友": 1, "暖心": 1, "温柔": 1, "邻家": 1, "赞": 1, "中意": 1, "深度": 1, "测评": 1, "聊": 1, "1/1.54": 1, "英寸": 1, "广角": 1, "4000万": 3, "直出": 2, "表现": 1, "第1": 1, "第2": 1, "4": 1, "四合一": 2, "1000万": 3, "截": 1, "放大图": 1, "解析力": 1, "4000": 1, "区别": 1, "放大": 1, "长江": 1, "二桥": 1, "斜拉索": 1, "清晰度": 1, "画面": 2, "纯": 1, "净度": 1, "纯净": 1, "长": 1, "查看": 1, "原图": 1, "保存": 1, "相册": 1, "金灿荣": 2, "香港": 2, "趴下": 1, "五": 1, "老二": 1, "优点": 1, "发起": 1, "贸易战": 1, "封杀": 1, "干涉": 1, "事务": 1, "遏制": 1, "以此": 1, "保住": 1, "领域": 1, "综合": 1, "国力": 1, "霸主": 1, "L大碗姐": 1, "够用": 1, "四指学": 1, "发愁": 1, "Pro侧屏": 1, "触控": 1, "模拟": 1, "手柄": 1, "神机": 1, "无须": 1, "修": 1, "神技": 1, "队伍": 1, "闪": 1, "星": 1, "凤凰": 1, "晒出": 1, "Mate305G": 1, "版": 1, "青山": 1, "黛": 1, "赏": 1, "喜欢": 1, "双曲面": 1, "主办": 1, "第十": 1, "届": 1, "宽带": 2, "GlobalMBBForum": 1, "15-16日": 1, "瑞士": 1, "苏黎世": 1, "会议": 1, "前行": 1, "主题": 1, "探索": 1, "ICT": 1, "行业": 1, "途径": 1, "玩性": 1, "操作": 2, "简单": 1, "易懂": 1, "八步": 1, "分解": 1, "震撼": 1, "大片": 1, "唾手可得": 1, "小伙伴们": 1, "试试": 1, "​​​": 1, "韦尔": 1, "股份": 1, "市盈率": 1, "财报": 1, "弱点": 1, "港资": 2, "加仓": 2, "供应商": 1, "稳定": 3, "107": 1, "重仓": 1, "期间": 1, "补仓": 1, "最低价": 1, "误": 1, "卖出": 2, "只求": 1, "轻割": 1, "请问": 1, "阿某哥": 1, "建议": 1, "吸高": 1, "抛": 1, "学会": 1, "东西": 1, "趋势": 2, "股": 1, "走弱": 1, "肯定": 1, "缺点": 2, "科技股": 2, "内资": 1, "调整期": 1, "弱": 1, "中报": 1, "大盘": 1, "业绩": 2, "差": 1, "立讯": 1, "精密": 1, "终于": 1, "辣": 1}