{"rayli星闻": 1, "GENTLEMONS": 2, "TER华": 2, "智能": 4, "眼镜": 2, "带": 3, "对话": 1, "真实": 1, "ONER": 1, "✨": 1, "佩戴": 3, "接受": 2, "采访": 1, "三": 5, "成员": 2, "@": 11, "木子": 1, "洋K": 1, "WIN": 1, "灵超DIDI": 1, "岳岳": 1, "PINK": 1, "RAY": 1, "无需": 1, "直面": 1, "采访者": 1, "过程": 1, "感觉": 2, "轻松": 1, "愉悦": 1, "～": 7, "透露": 1, "团队": 1, "未来": 5, "规划": 1, "展现": 1, "有爱": 1, "小弟": 1, "灵超": 1, "表达": 2, "大学": 4, "生活": 13, "期待": 6, "跟着": 1, "gentlemonsterofficial": 1, "聆听": 1, "阳光": 2, "少年": 1, "内心": 2, "声音": 1, "L瑞丽网": 1, "视频": 20, "雷军": 2, "称": 1, "小米": 9, "相机": 1, "技术": 2, "登上": 5, "世界": 11, "巅": 2, "拍": 5, "月亮": 1, "华为": 59, "选": 4, "​": 8, "前往": 2, "克雷塔罗市": 1, "离开": 2, "墨西哥城": 1, "！": 15, "第二": 1, "墨西哥": 5, "城市": 1, "克雷塔罗": 1, "拜访": 1, "一个": 14, "当地": 1, "粉丝": 1, "员工": 2, "人员": 1, "中兴": 2, "三大": 2, "华人圈": 2, "：": 8, "1": 2, "广东人": 1, "个体": 1, "生意人": 1, "大型": 3, "中企": 1, "庞大": 1, "数量": 1, "3": 3, "搞": 1, "旅游": 1, "公司": 5, "第三": 1, "华人": 1, "圈子": 1, "很": 3, "之间": 2, "下图": 1, "乘坐": 2, "巴士": 6, "ETN": 1, "小时": 2, "车程": 1, "价格": 1, "440": 1, "比索": 1, "160": 2, "人民币": 1, "听说": 1, "日本人": 2, "拦路": 1, "持枪": 1, "劫持": 2, "经历": 1, "挑选": 1, "选择": 3, "时间段": 2, "中午": 1, "12点": 1, "发车": 1, "下午": 1, "2点半": 1, "抵达": 1, "避开": 1, "夜间": 1, "事件": 1, "三年": 4, "发生": 1, "机率": 1, "风险": 2, "降": 3, "最低": 1, "直达": 1, "关心": 1, "都": 12, "心领": 1, "吉利": 1, "墨西哥·墨西哥城": 1, "总裁": 2, "任正非": 5, "四": 5, "提到": 4, "衡水": 9, "中学": 11, "座": 2, "扎根": 2, "河北省": 2, "贫困": 2, "地区": 2, "名牌": 2, "视为": 2, "华为人": 2, "自强不息": 2, "、": 17, "摆脱": 2, "困境": 2, "标杆": 2, "100多": 2, "周测": 2, "48": 2, "考试": 2, "2万多": 2, "卷子": 4, "绕": 2, "地球": 2, "圈": 2, "刮目相看": 2, "成绩": 2, "2011年": 2, "考上": 2, "香港": 2, "毕业生": 2, "高一": 2, "高三": 2, "试卷": 2, "保存": 2, "在一起": 2, "高达": 2, "2.41": 2, "米": 2, "坚信": 2, "通往": 2, "清华": 2, "北大": 2, "路": 2, "铺": 2, "深知": 2, "喜欢": 4, "竞争": 5, "放过": 2, "李召军": 1, "正能量": 1, "捡": 2, "便宜": 2, "模型机": 2, "陈": 3, "杭州": 1, "火车": 1, "东站": 1, "排队": 1, "买": 2, "票": 1, "名": 2, "男子": 2, "急": 1, "用钱": 1, "低价": 1, "转卖": 1, "台": 2, "新款": 1, "手机": 24, "一番": 1, "讨价还价": 1, "一千五百": 1, "块钱": 1, "走": 2, "发现": 2, "竟然": 3, "L1818": 1, "黄金眼": 1, "艺术": 13, "词": 1, "自带": 2, "神秘": 1, "高傲": 1, "气质": 1, "普通人": 4, "距离": 1, "遥不可及": 1, "事实上": 1, "感知": 1, "体现": 1, "平凡": 6, "点滴": 1, "之中": 1, "举起": 1, "拍下": 1, "粉色": 1, "晚霞": 1, "听到": 1, "老": 2, "歌": 1, "为之动容": 1, "机会": 2, "大师": 5, "并肩": 1, "分享": 1, "感受": 7, "段": 2, "超级": 1, "美好": 2, "记忆": 1, "11月": 6, "7日": 3, "10日": 4, "2019": 13, "影像": 19, "大赛": 9, "5000": 5, "件": 5, "全球": 7, "用户": 8, "拍摄": 4, "优秀": 9, "作品": 13, "巴黎": 10, "皇宫": 4, "国际": 5, "摄影": 18, "艺术展": 5, "ParisPhoto": 5, "众多": 5, "名作": 4, "展出": 4, "平凡人": 1, "顶尖": 6, "博览会": 4, "成就": 1, "梦想": 1, "不止": 8, "L华": 7, "官方": 6, "秒拍": 7, "获奖": 4, "作品展": 4, "5000+": 2, "亮相": 2, "首席": 2, "展ParisPhoto": 2, "获奖者": 2, "来到": 4, "现场": 3, "见证": 2, "殿堂": 3, "高光": 2, "时刻": 2, "举办": 1, "希望": 3, "建设": 1, "展示": 1, "平台": 2, "自我": 1, "提升": 1, "寻找": 2, "满足感": 1, "充满": 3, "无限": 2, "一如既往": 1, "持续": 2, "探索": 1, "创新": 1, "开拓": 1, "领域": 1, "照片": 4, "真的": 4, "一同": 1, "展览": 1, "7": 2, "想象": 3, "善于": 1, "观察": 2, "眼光": 1, "独特": 2, "视角": 1, "拍出": 2, "惊叹": 1, "并肩而立": 1, "北京": 4, "|": 2, "Mate305": 1, "G快": 1, "闪店": 2, "北京站": 1, "坐标": 1, "王府井": 1, "中环": 2, "层": 1, "西区": 1, "展厅": 1, "2019年": 1, "听": 1, "最多": 1, "关键词": 1, "5G": 24, "字": 1, "名列前茅": 1, "大华": 1, "快": 4, "程度": 1, "简单": 1, "一点": 1, "网速": 1, "低": 2, "时延": 1, "4K": 1, "超高清": 1, "直播": 3, "清晰": 2, "流畅": 1, "不用": 1, "担心": 1, "抢": 1, "门票": 1, "爽": 1, "大一": 1, "医疗": 1, "家居": 1, "汽车": 1, "改变": 1, "方式": 1, "直观": 2, "带来": 3, "酣畅": 1, "淋漓": 1, "接下来": 1, "外观": 1, "这家": 1, "快闪店": 1, "太": 3, "酷炫": 1, "重构": 2, "大字": 1, "不禁": 1, "入场": 2, "沉浸式": 2, "通道": 2, "360": 1, "度": 1, "速度": 6, "感": 1, "倒计时": 1, "时代": 2, "VR": 3, "设备": 1, "体验": 7, "沉浸": 1, "自拔": 1, "赶快": 1, "大面积": 1, "Mate30": 7, "体验区": 1, "空间": 1, "布置": 1, "超": 1, "仪式感": 1, "PC": 1, "无缝": 1, "连接": 2, "高清": 1, "通话": 1, "比赛": 1, "5": 1, "G云VR": 1, "游戏": 1, "眼前": 1, "4": 1, "隔空": 3, "操作区": 1, "科幻片": 1, "场景": 2, "星系": 1, "指挥官": 1, "系列": 4, "操作": 2, "功能": 2, "滑动": 1, "截取": 1, "图片": 1, "屏幕": 2, "联动": 1, "显示": 1, "整块": 1, "像是": 1, "拥有": 2, "星辰": 1, "大海～5": 1, "速度区": 1, "安置": 1, "流光": 1, "效果": 2, "投射灯": 1, "感。6，5G4G": 1, "对比区": 1, "对比": 3, "5G4G": 1, "变化": 2, "保时": 2, "捷区": 1, "捷款": 1, "真心": 1, "心水": 1, "～～～": 1, "东西": 2, "分分钟": 1, "大片": 1, "小伙伴们": 1, "远": 1, "限定": 1, "男友": 1, "玩转": 1, "绿洲": 1, "颜色": 2, "老是": 1, "出错": 1, "卖": 1, "30pro换": 1, "11": 2, "香预": 1, "警​": 1, "王俊凯": 1, "烊": 1, "千": 3, "玺": 1, "王源": 1, "庆生": 1, "OPPO": 1, "三分": 1, "天下": 1, "「": 1, "送": 1, "礼": 1, "」": 1, "FreeBuds#3": 2, "性能": 1, "半入": 1, "耳式": 1, "结构": 1, "主动": 1, "降噪": 4, "加上": 1, "骨声纹": 1, "传感器": 1, "降风": 1, "噪导": 1, "组合": 1, "多重": 1, "环境": 1, "音": 1, "搭配": 1, "开盖": 1, "反向": 1, "无线": 1, "充电": 1, "FreeBuds3": 1, "舒适性": 1, "不错": 2, "兼顾": 1, "稳固性": 1, "转发": 2, "评论": 1, "习惯": 2, "耳机": 1, "抽出": 1, "同学": 1, "送出": 1, "随机": 1, "L科技": 1, "美学": 1, "O抽奖": 1, "详情": 1, "大佬": 1, "场面": 1, "辛运": 1, "爱": 2, "懂": 1, "时间": 1, "L虎扑": 1, "步行街": 1, "如今": 1, "拍照": 2, "日常": 1, "借由": 1, "随时随地": 1, "记录": 3, "情绪": 1, "不再": 1, "专利": 1, "优质": 1, "内容": 2, "输出者": 1, "创造": 2, "独一无二": 1, "创作": 3, "——": 3, "平庸": 1, "创造力": 1, "叩响": 1, "大门": 1, "德国": 2, "总理": 2, "默克尔": 5, "欧盟": 4, "委员会": 4, "主席": 1, "冯德莱恩": 4, "各国": 1, "网络": 2, "达成": 2, "立场": 2, "总理府": 1, "开会": 1, "交谈": 1, "这是": 2, "可取": 1, "会员国": 1, "询问": 1, "现状": 1, "内": 1, "共识": 1, "制定": 1, "项": 1, "应对": 1, "机遇": 1, "战略": 1, "计划": 1, "12月": 1, "1日": 1, "上任": 1, "设立": 1, "28": 1, "国": 2, "中国": 4, "态度": 1, "外交官": 1, "面临": 1, "美国": 3, "国务卿": 1, "蓬佩奥": 1, "排除": 2, "扩展": 2, "俄罗斯": 1, "政治": 1, "分歧": 1, "2G": 1, "3G": 1, "联邦政府": 1, "单一": 1, "供应商": 1, "提供商": 1, "提出": 2, "相关": 1, "IT": 1, "安全法": 1, "→_→": 1, "情况": 1, "干扰": 1, "同意": 1, "mate30Pro": 1, "上市": 2, "更新": 2, "五六": 1, "版本": 2, "挺": 1, "刚刚": 1, "版": 1, "刚": 3, "简直": 1, "机器": 1, "拿去": 1, "评分": 1, "没准": 1, "提高": 1, "激烈": 1, "mate30": 1, "川西": 1, "印象": 1, "静谧": 1, "木格": 1, "措": 1, "清晨": 1, "湖面": 1, "荡漾": 1, "层层": 1, "水雾": 1, "山顶": 1, "好像": 1, "云海": 1, "缠绕": 1, "山腰": 1, "巍峨": 1, "雪山顶": 1, "印染": 1, "旗云": 1, "翻滚": 1, "雅拉": 1, "雪山": 1, "交相呼应": 1, "木雅": 1, "金塔": 1, "暮鼓晨钟": 1, "仿佛": 1, "犹": 1, "耳畔": 1, "～～～photobyhuawe": 1, "imate30pro": 1, "PapaJames": 1, "NASA": 1, "爱好者": 1, "Jeff": 1, "星空": 1, "旅": 1, "南京": 2, "·": 1, "新街口": 1, "昨天": 1, "好几": 1, "网友": 1, "发": 1, "信息": 1, "多年": 1, "名声": 1, "心声": 1, "论坛": 1, "理想主义": 1, "大神": 1, "狂怼": 1, "牺牲": 1, "职业": 1, "生涯": 1, "青春": 1, "激情": 1, "工作": 1, "连年": 1, "A": 1, "不少": 1, "当成": 1, "主人翁": 1, "思考": 2, "无拘无束": 1, "写": 4, "名篇": 1, "十大": 2, "内耗": 2, "3MS": 1, "世上": 1, "无X三年": 1, "怼": 1, "研发": 2, "强度": 1, "效率": 1, "查后台": 1, "盯上": 1, "高升": 2, "名义": 1, "干": 1, "部门": 1, "实在": 1, "无聊": 1, "才": 1, "豁": 1, "学习": 2, "讨论": 1, "改进": 2, "全文": 1, "登报": 1, "这下": 1, "高管": 3, "尴尬": 1, "敏感度": 1, "意识": 1, "广开言路": 1, "骗人": 1, "X反感": 1, "倒": 1, "语气": 1, "眼神": 1, "反感": 1, "马仔": 1, "鲜廉寡耻": 1, "毫无": 1, "遮掩": 1, "拍马": 1, "逢": 1, "弄虚作假": 1, "典型": 1, "官僚": 1, "当初": 1, "实名": 1, "投诉": 1, "道德": 1, "不了了之": 1, "官官相护": 1, "照样": 1, "恩怨": 1, "心结": 1, "适合": 2, "服从": 1, "想": 2, "自由": 1, "性格": 2, "毕业": 1, "干干": 1, "不行": 1, "动辄": 1, "加班": 1, "身心": 1, "家庭": 1, "抱怨": 1, "青岛": 1, "碧蓝": 1, "海浪": 1, "粼粼": 1, "波光": 1, "；": 1, "川": 1, "藏": 1, "线": 1, "自驾": 1, "汉堡": 1, "港口": 1, "烟花": 1, "旅行": 2, "暂时": 1, "跳脱": 1, "琐碎": 1, "行进": 1, "过往": 1, "瞬间": 2, "总会": 1, "心生": 1, "这次": 1, "精彩": 2, "永远": 1, "NEXTIMAGE": 1, "HUAWEINEXT": 1, "IMAGE": 1, "带进": 1, "iPhone11": 1, "鄙视链": 3, "iOS": 1, "鄙视": 1, "安卓": 1, "只能": 1, "优越感": 1, "来自于": 1, "见识": 1, "缺少": 1, "悲悯": 1, "库克": 1, "何必": 1, "着急": 1, "波": 1, "直降": 1, "500": 1, "官宣": 1, "参与": 1, "天猫": 1, "补贴": 1, "降价": 1, "1111": 1, "元": 1, "苹果": 1, "预算": 1, "之内": 1, "影响": 1, "L五环": 1, "短": 1, "拿到": 1, "逛": 1, "故宫": 1, "理由": 1, "Papi酱": 1, "算": 2, "综艺": 2, "女王": 1, "女儿们": 1, "恋爱": 1, "明星": 1, "侦探": 1, "心动": 1, "offer": 1, "档": 1, "播": 1, "Papi": 1, "老师": 2, "表现": 1, "荣耀": 1, "追Papi": 1, "APP": 1, "观看": 1, "芒果TV": 1, "优酷": 1, "腾讯": 1, "光影": 1, "温度": 1, "镜头": 3, "定格": 2, "用心": 1, "大胆": 1, "将来": 1, "身影": 1, "业内": 1, "人士": 2, "谈": 1, "CC9Pro": 2, "总分": 1, "追平": 1, "Mate30Pro": 2, "尊享版": 1, "DXO": 1, "并列": 1, "核心": 1, "8P": 1, "明年": 1, "旗舰机": 1, "标配": 1, "方案": 4, "未": 1, "大规模": 1, "量产": 1, "阶段": 1, "供应链": 1, "下代": 1, "7P": 1, "老实": 1, "不见得": 1, "公允": 1, "O集": 1, "微网": 1, "静默": 1, "力量": 2, "声": 1, "咔哒": 1, "画面": 1, "留住": 1, "动人": 2, "故事": 2, "治愈": 2, "抚慰": 1, "心灵": 1, "越来越": 1, "强大": 1, "7-10日": 1, "带到": 1, "20191108": 1, "唐师曾": 3, "P30P": 1, "对决": 1, "M30P": 1, "独家": 1, "诸神": 1, "附体": 1, "摄自嗨": 1, "镜": 1, "到底": 1, "关注": 1, "微信": 1, "公众号": 1, "战地": 1, "​​": 2, "​​​L": 1, "十一": 1, "装满": 2, "购物车": 1, "心情": 1, "场": 3, "临场感": 1, "演唱会": 1, "魔法": 1, "特效": 1, "3D": 1, "时尚": 3, "走秀": 1, "5G版": 1, "统统": 1, "8日": 1, "空间馆": 1, "王府": 1, "正式": 1, "开馆": 1, "潮人": 1, "打卡": 1, "胜地": 1, "陆续": 1, "深圳": 1, "重庆": 1, "九": 1, "城": 1, "开启": 1, "科技": 1, "秀": 1, "不容": 1, "错过": 1, "营销": 7, "基本法": 2, "作者": 2, "本身": 1, "企业": 2, "海尔": 1, "空调": 1, "总监": 1, "帅康": 1, "集团": 1, "常务": 1, "副总裁": 1, "营销界": 1, "奖项": 2, "金鼎奖": 1, "获得者": 2, "品牌界": 1, "太阳": 1, "花奖": 1, "南开": 1, "管理学": 1, "博士": 1, "现身说法": 1, "专家": 1, "角度": 1, "读者": 1, "找出": 1, "体系": 1, "差距": 1, "切实可行": 1, "路线": 1, "书": 1, "推荐": 1, "职场": 1, "事儿": 1, "培训": 1, "摄影师": 1, "思维": 1, "误区": 1, "很多": 1, "懂得": 1, "品味": 1, "细心": 1, "源于": 1, "高于": 1}