{"日本": 3, "三大": 1, "运营商": 3, "重启": 2, "华为": 17, "手机": 3, "销售": 3, "：": 10, "安卓": 2, "系统": 1, "更新": 2, "8月": 2, "20日": 2, "通信": 1, "都": 3, "科摩": 1, "公司": 2, "接受": 6, "P30Pro": 1, "预订": 1, "此前": 1, "KDDI": 1, "软银": 1, "运营": 1, "美国": 10, "禁令": 1, "影响": 1, "主流": 1, "暂停": 1, "消费者": 1, "担心": 1, "L": 2, "老板": 3, "联播": 2, "秒拍": 3, "视频": 5, "​": 16, "胡": 3, "春杨": 3, "/": 2, "@": 19, "UNINE": 8, "胡春杨": 4, "降落": 1, "GENTLEMONS": 21, "TER华": 22, "智能": 23, "眼镜": 23, "方": 1, "书剑": 1, "感谢": 1, "邀请": 2, "[米奇": 1, "心]": 1, "喜欢": 2, "～​": 1, "灵": 3, "超🔹": 1, "20190821": 2, "GM墨镜": 1, "戴": 2, "爱": 1, "墨镜": 2, "摘": 1, "可爱": 2, "灵超DIDI​": 2, "任正非": 11, "中国": 11, "贸易": 5, "让步": 4, "放宽": 3, "制裁": 6, "创始人": 2, "外媒": 1, "专访": 4, "美": 2, "捆": 2, "利益": 6, "对不起": 1, "老百姓": 2, "穷": 1, "穷人": 1, "钱": 1, "送给": 1, "特朗普": 1, "换取": 2, "希望": 1, "坚定不移": 1, "克服": 1, "叫苦": 1, "喊": 1, "打赢": 1, "坦言": 1, "减轻": 1, "摩擦": 1, "O": 2, "超": 1, "呼吸": 1, "": 5, "木子": 4, "洋✨": 2, "190821GM": 3, "上海": 2, "群访": 1, "只能": 2, "歌": 1, "KSilence-Marshmello/Khalid": 1, "家庭": 2, "教师": 1, "洋K": 2, "WIN​": 2, "王": 1, "喆": 1, "受邀": 1, "出席": 1, "发售": 1, "活动": 2, "天马行空": 1, "王子": 1, "王喆": 1, "王喆A": 2, "ko": 2, "体验": 1, "全新": 1, "科技": 2, "林": 1, "小室": 1, "跪拜": 1, "林": 1, "同学": 1, "集合": 1, "时尚": 1, "生活": 1, "提供": 1, "便利": 1, "更为": 1, "造型": 1, "增加": 1, "新意": 1, "超🧸": 1, "𝑯𝒊": 1, "𝒅𝒆": 1, "𝒊𝒏": 1, "𝒚𝒐": 1, "𝒖𝒓": 1, "𝒉𝒆": 1, "𝒂𝒓": 1, "𝒕": 1, "✦​": 1, "英媒": 2, "实录": 2, "关头": 3, "妥协": 3, "出路": 3, "近日": 1, "兼": 1, "首席": 1, "执行官": 1, "英国": 1, "天空": 1, "电视台": 1, "纪要": 1, "作用": 1, "摧毁": 1, "想到": 1, "本来": 1, "坚强": 2, "事到临头": 1, "发现": 1, "挺": 1, "唯有": 1, "做好": 1, "真真实实": 1, "体现": 2, "全世界": 2, "人民": 1, "服务": 1, "价值": 1, "作出": 2, "牺牲": 1, "L燃": 1, "新闻": 1, "🌳": 1, "190821": 2, "站台": 1, "岳": 2, "岳pinkray": 2, "💜": 1, ".": 2, "差": 1, "岳岳": 3, "PINK": 2, "RAY​": 2, "5G": 3, "高通": 1, "CEO": 1, "吃惊": 1, "西方": 1, "高等": 1, "农村": 1, "想": 2, "8K": 1, "电视": 1, "买": 1, "老": 1, "自信": 1, "样子": 1, "莫名": 1, "自豪": 1, "全球": 2, "热": 2, "搞笑": 1, "榜": 1, "搞": 1, "笑榜": 1, "酷酷哒": 1, "😎​": 1, "宋": 1, "继扬": 1, "✨": 1, "Bethe": 1, "Gentleman🕶": 1, "宋继扬": 1, "唱歌": 1, "神奇": 1, "谢谢": 1, "周": 1, "觅​": 1, "金灿荣": 2, "香港": 2, "演讲": 1, "(": 1, "完整版": 1, ")": 1, "趴下": 1, "五": 1, "老二": 1, "国家": 1, "一个": 2, "优点": 1, "发起": 1, "贸易战": 1, "、": 2, "封杀": 1, "干涉": 1, "事务": 1, "皆": 1, "遏制": 1, "发展": 1, "以此": 1, "保住": 1, "长期": 1, "领域": 1, "综合": 1, "国力": 1, "霸主": 1, "地位": 1, "L哈俠": 1, "选择题": 1, "Mate20X5G": 1, "版": 2, "三星": 1, "Note10+5G": 1, "台": 1, "选择": 1, "🆒": 1, "镜头": 1, "宠儿": 1, "2019.8.21GENTLEMOSTER": 1, "Iweare": 1, "yewear": 1, "李": 2, "振宁": 2, "🐨": 2, "漂亮": 1, "未": 1, "矜贵": 1, "李振宁": 2, "中国人": 2, "女儿": 2, "苦": 2, "采访": 1, "实体": 1, "清单": 1, "延期": 1, "估计": 1, "取消": 2, "才能": 2, "联播L": 1, "🔮": 1, "出道": 1, "周年": 1, "GMx": 1, "猫": 1, "嘴巴": 1, "还要": 1, "装酷": 1, "🕶️": 1, "文字": 1, "局限性": 1, "美好": 1, "事物": 1, "谬误": 1, "倒是": 1, "问问": 1, "老天爷": 1, "到底": 1, "读": 1, "几万": 1, "本书": 1, "形容": 1, "千分之一": 1, "🌙": 1, "管栎": 3, "迷惑": 2, "刚刚": 1, "哥哥": 1, "好像": 1, "栎​": 1, "管": 1, "栎🌙": 1, "#👓": 1, "0821": 1, "GM站": 1, "台𝐩": 1, "𝐫𝐞": 1, "𝐯𝐢": 1, "𝐞𝐰": 1, "落子": 1, "无悔": 1, "胡春杨·#GENTLEMONS": 1, "GentleMonster": 1, "X华": 1, "LostAtSea-DaveThomasJunior": 1}