{"iPhone11": 5, "华为": 79, "Mate30": 22, "迎来": 2, "对决": 3, "！": 20, "狂": 2, "排队": 3, "预售": 5, "火爆": 5, "20日": 2, "苹果": 14, "系列": 13, "开售": 2, "19日": 6, "刚": 2, "亮相": 2, "预订": 2, "苹果店": 1, "门口": 1, "人头攒动": 1, "；": 1, "新机": 1, "天猫": 1, "京东": 1, "超": 2, "12万": 2, "台": 8, "选择": 3, "浴霸": 3, "滚筒": 2, "明星": 2, "偷税": 2, "吸毒": 2, "原谅": 2, "袁隆平": 3, "买": 7, "手机": 20, "羞辱": 2, "这才": 2, "时代": 2, "悲哀": 2, "​": 14, "A股": 3, "公司": 7, "摆摆": 1, "手": 1, "芯片": 21, "江湖": 1, "路": 2, "难": 2, "走": 2, "9月": 6, "震撼": 1, "发布": 5, "鲲鹏": 2, "+": 2, "昇腾": 2, "双引擎": 1, "核心": 2, "基础": 1, "芯片族": 1, "2004年": 1, "投资": 3, "研发": 6, "第一": 6, "颗": 3, "嵌入式": 1, "历经": 1, "15": 1, "投入": 2, "超过": 1, "2万": 1, "名": 1, "工程师": 1, "条": 2, "路上": 3, "骑": 1, "绝尘": 1, "上市": 3, "不少": 2, "投身": 1, "产业": 1, "近年来": 1, "国家": 3, "出台": 1, "扶持": 1, "政策": 1, "造芯": 1, "技术": 6, "、": 31, "高端": 1, "人才": 1, "缺一不可": 1, "L": 1, "新浪": 1, "财经": 1, "视频": 11, "外媒": 6, "现场": 5, "测试": 6, "：": 12, "成功": 8, "安装": 8, "谷歌": 10, "实测": 3, "运行": 3, "官方": 8, "消息": 4, "此次": 3, "预装": 3, "Google": 6, "服务": 8, "近日": 4, "手动": 3, "GooglePlay": 3, "顺利": 3, "下载": 3, "L老板": 2, "联播": 4, "安兔兔": 18, "事情": 1, "本来": 2, "想": 2, "讨论": 2, "正好": 1, "借着": 1, "机会": 1, "老": 1, "别人": 1, "ARM": 8, "架构": 16, "这话": 1, "专业": 4, "人士": 1, "听": 1, "都": 15, "笑掉": 1, "大牙": 1, "将来": 1, "质疑": 1, "会造": 1, "光刻机": 2, "元器件": 2, "原材料": 2, "冯诺依曼": 1, "改": 2, "原理": 2, "计算机": 2, "起源": 1, "……": 1, "…": 9, "寻思": 1, "美国": 3, "三星": 9, "微软": 1, "三": 3, "偏偏": 1, "盯": 1, "上华": 1, "难道": 1, "非得": 1, "18": 1, "武艺": 1, "样样": 1, "精通": 1, "开矿": 1, "不行": 1, "矿": 1, "自然界": 1, "生产": 3, "算": 10, "自研": 5, "一个": 10, "星球": 1, "事儿": 1, "没法": 1, "小米": 4, "红米": 1, "无线": 2, "运动": 1, "海威特": 1, "蓝牙": 2, "耳机": 3, "💯券": 1, "平仑": 1, "噢": 1, ">>": 5, ">": 4, "推荐": 1, "淡定": 1, "冷静": 1, "理智": 1, "清醒": 1, "静气": 3, "与生俱来": 1, "历练": 1, "积累": 1, "静以修身": 1, "宁静": 1, "无以致远": 1, "每临": 1, "大事": 1, "才能": 1, "处变不惊": 1, "运筹于胸": 1, "不变应万变": 1, "坦然": 1, "面对": 1, "得失": 1, "心静如水": 1, "心情": 1, "水": 1, "​​": 2, "5G": 8, "挖掘机": 7, "挖矿": 3, "秀": 1, "驾驶员": 4, "3连屏": 2, "如同": 2, "玩": 3, "游戏": 3, "河南": 2, "洛阳": 2, "栾川": 2, "钼矿": 2, "全球": 2, "遥控": 1, "30": 1, "辆": 1, "无人": 1, "驾驶": 2, "纯": 1, "电动": 1, "运输车": 1, "坐": 1, "空调": 1, "房": 1, "远程": 4, "操控": 2, "工作": 1, "保障": 1, "效率": 3, "提升": 2, "O华为秀": 1, "怂": 1, "阴阳怪": 1, "气儿": 1, "佩服": 1, "一点": 1, "东西": 1, "居然": 1, "发表": 3, "勇气": 1, "arm": 1, "框架": 1, "我国": 1, "原子弹": 2, "外国": 1, "发现": 1, "核裂": 1, "自主": 5, "杂交": 2, "孟德尔": 1, "开创": 1, "水稻": 1, "请": 1, "找": 1, "0%": 1, "~": 2, "100%": 1, "口": 2, "海军": 1, "民族": 3, "骄傲": 11, "这是": 2, "身为": 1, "官博": 1, "以其昏昏使人昭昭": 1, "机构": 3, "铁": 1, "证据": 1, "摆": 2, "事实": 1, "讲": 1, "道理": 2, "不专业": 2, "运营": 2, "小编": 2, "行业": 1, "相关": 1, "知识": 5, "缺乏": 1, "建议": 1, "补课": 1, "勿聒": 1, "噪乱": 1, "视听": 1, "公版": 9, "简单": 2, "沙子": 2, "可惗": 1, "在位": 1, "谋事": 1, "公平": 1, "权威": 1, "日渐": 1, "衰": 1, "无端": 1, "弄笔": 1, "何人": 1, "剿袭": 1, "麒麟芯": 1, "悔": 1, "见识": 1, "丑语": 1, "诋": 1, "热搜": 1, "据说": 1, "业余": 3, "骂": 1, "麒麟": 7, "跑分": 1, "可信": 2, "Play": 2, "@": 4, "老板": 4, "联播L": 2, "章子怡": 2, "秦海璐": 2, "梅婷": 4, "曾黎": 4, "中戏": 3, "96": 3, "聚会": 3, "网友": 2, "大呼": 1, "放眼望去": 1, "演技派": 2, "开播": 1, "电视剧": 2, "远方": 4, "简直": 2, "刘烨": 2, "马": 1, "伊琍": 1, "保剑锋": 2, "神仙": 2, "阵容": 2, "遇上": 1, "搭配": 1, "荣耀": 2, "用户": 3, "打开": 1, "观看": 2, "SOC": 1, "从来": 1, "国产": 6, "代表": 2, "什么的": 1, "定位": 1, "商业": 1, "在商言商": 1, "极端": 2, "思维": 2, "很": 2, "可怕": 1, "否定": 1, "评论": 1, "经典": 2, "基于": 4, "瓦良格": 1, "号": 1, "辽宁": 1, "舰算": 1, "日德法": 1, "引进": 1, "整合": 1, "升级": 2, "高铁": 1, "采用": 2, "AL31": 1, "歼20": 1, "前期": 1, "苏联": 1, "专家": 1, "参与": 1, "中国": 5, "英语": 2, "代码": 1, "编程": 1, "很多": 1, "开源": 1, "曾排": 1, "世界": 2, "超级": 2, "企业": 1, "炼钢": 1, "挖": 1, "棉花": 1, "才": 2, "曼哈顿": 2, "离屏": 2, "9825": 3, "72": 1, "帧": 4, "高通": 5, "855": 3, "71": 1, "GPU": 3, "76": 1, "990": 4, "分数": 1, "最低": 1, "也就是说": 1, "排名": 1, "麒麟990": 3, "授权": 2, "通捧": 1, "捧": 1, "刚好": 1, "踩": 1, "引发": 1, "众怒": 1, "锤": 1, "吃相": 1, "难看": 1, "终于": 1, "翻车": 1, "概念股": 3, "涨": 2, "30日": 1, "涨幅": 3, "25%": 1, "大牛股": 1, "300%": 1, "新款": 1, "线上": 1, "平台": 1, "证券": 1, "时报": 1, "报道": 1, "8月": 1, "强势": 2, "概念": 2, "指数": 2, "时间": 2, "暴涨": 1, "30％": 1, "沪电": 1, "股份": 2, "累计": 1, "304%": 1, "韦尔": 1, "最新": 2, "动态": 1, "市盈率": 1, "接近": 1, "惊人": 1, "1900": 1, "倍": 1, "高达": 1, "25％": 1, "史上": 1, "疯狂": 3, "1": 2, "至少": 1, "摄": 1, "网上": 1, "吐槽": 1, "专卖店": 1, "依然": 1, "果粉": 2, "国内": 3, "线下": 1, "刚刚": 2, "O史": 1, "火爆​": 1, "操作": 3, "无人矿山": 1, "开采": 1, "运输": 1, "节约": 1, "人工": 1, "成本": 1, "1200万": 1, "30%": 1, "增加": 1, "矿工们": 1, "远离": 1, "矿区": 1, "危险": 1, "遥控室": 1, "利用": 1, "通信": 1, "设备": 1, "显示屏": 1, "好像": 1, "轻松": 1, "舒适": 1, "阅读·DigiX": 2, "读书会": 1, "正式": 2, "领读人": 2, "阿来": 4, "老师": 5, "上台": 1, "演讲": 1, "观众": 1, "分享": 2, "阅读": 8, "理解": 1, "写作": 2, "人生": 1, "探讨": 1, "青年": 1, "朋友们": 1, "勇攀高峰": 1, "探索": 1, "未来": 2, "鼓励": 1, "书迷们": 1, "热情": 1, "踊跃": 1, "提问": 1, "话题": 1, "转评": 2, "随机": 2, "抽": 2, "送": 6, "副": 1, "DigiX": 2, "数字": 2, "生活节": 2, "​O": 1, "抽奖": 1, "详情": 1, "背景": 2, "谈": 1, "客观": 1, "评测": 1, "软件": 3, "竟然": 1, "言论": 2, "感到": 1, "诧异": 1, "知名": 1, "娱乐": 2, "博主": 1, "发展": 1, "懂": 2, "指令": 1, "相当于": 1, "语言": 2, "提供": 1, "图纸": 3, "参数": 2, "最终": 1, "内部": 1, "设计": 5, "有人": 1, "写": 2, "本书": 1, "书": 1, "该书": 1, "产权": 2, "浅显": 1, "图1": 1, "里边": 1, "基带": 2, "NPU": 2, "ISP": 1, "图像": 1, "模块": 1, "海思": 3, "联发科": 1, "流程": 1, "需求": 1, "民众": 1, "粉丝们": 1, "贬成": 1, "值得": 2, "确实": 2, "远": 1, "落后": 2, "海思不懈": 1, "努力": 1, "整体性": 1, "赶超": 1, "公认": 1, "大陆": 1, "太": 3, "孤独": 1, "推出": 2, "澎湃": 2, "S1": 2, "雷军": 1, "提出": 1, "做成": 1, "沙子价": 1, "豪言壮语": 1, "肯定": 1, "说成": 1, "祝": 1, "早日": 2, "主流": 1, "搞": 2, "期待": 3, "升起": 1, "冉冉": 1, "芯": 1, "希望": 2, "资本": 1, "对待": 1, "评价": 2, "标准": 2, "双重": 1, "领域": 2, "迈回": 1, "一大": 1, "歉": 1, "上午": 1, "兔兔": 1, "学艺": 1, "精": 1, "发出": 1, "误导": 1, "道歉": 1, "A76": 1, "G76": 1, "集成": 1, "选": 1, "9905G": 1, "没错": 1, "昨天": 1, "到手": 1, "Mate30Pro": 1, "价格": 1, "26号": 1, "公布": 1, "7000多": 1, "慢速": 1, "摄影": 1, "等待": 1, "固件": 1, "L小娴": 1, "米": 1, "八": 1, "晚上": 1, "小区": 1, "散步": 1, "拍": 2, "iPhone11Pro": 1, "Mate20Pro": 1, "夜景": 1, "模式": 1, "对比": 1, "组图": 1, "iPhone": 1, "搭载": 1, "处理器": 1, "27W": 1, "闪充": 1, "强大": 1, "拍照": 2, "功能": 1, "打算": 2, "购买": 2, "11月": 1, "款": 1, "余承东": 2, "禁令": 2, "解除": 1, "立刻": 1, "/": 1, "缘故": 1, "安卓": 1, "商店": 1, "YouTube": 1, "地图": 1, "Chrome": 1, "消费者": 2, "集团": 1, "CEO": 1, "黑名单": 1, "剔除": 1, "再次": 1, "组件": 1, "更新": 1, "‘": 1, "夜": 1, "之内": 1, "’": 1, "添加": 1, "回": 1, "..": 1, "这部": 1, "短片": 1, "悟空": 1, "刷屏": 1, "永不": 1, "天高地厚": 1, "！！": 1, "电影": 2, "#L": 1, "院菌": 1, "合体": 1, "今晚": 1, "马伊琍": 1, "戏派": 1, "相遇": 1, "自带": 1, "一对": 1, "欢喜": 1, "冤家": 1, "二十年": 1, "创业": 1, "感觉": 1, "": 1, "云次": 1, "方郑": 1, "大爷": 1, "尽力": 1, "真的": 1, "沙雕": 1, "画风": 2, "懵逼": 1, "可爱": 4, "完蛋": 1, "…特": 1, "好奇": 1, "喝": 4, "起劲": 1, "特好": 1, "脸": 1, "颜艺": 1, "嘬腮": 1, "生活": 1, "不易": 1, "猫": 2, "叹气": 1, "揉揉": 1, "眼睛": 1, "困": 1, "。。。": 1, "超绝": 1, "！！！": 1, "越发": 1, "词": 1, "表达": 1, "喜爱": 2, "情": 1, "大龙tei": 1, "辛巴": 4, "上演": 1, "历史": 2, "宠粉": 1, "🍎": 1, "墙": 1, "画面": 1, "报备": 1, "下次": 1, "100": 2, "奔驰": 2, "🚗": 1, "开启": 1, "直播": 1, "🍎📱": 1, "透露": 1, "300": 1, "货": 1, "明天": 1, "回调": 1, "申请": 2, "汽车": 1, "订购": 1, "送给": 1, "粉丝": 1, "多多": 1, "关注": 1, "辛": 1, "有志": 1, "L九卦": 1, "读书": 1, "厦门站": 1, "特聘": 1, "倡导": 1, "全民": 1, "计划": 1, "业务": 1, "产品部": 1, "部长": 1, "彭雅": 1, "女士": 1, "颁发": 1, "领读": 1, "证书": 1, "Mate20X5G": 1, "版": 1, "感受": 1, "魅力": 1, "自拍杆": 1}