{"鹿晗方": 1, "否认": 1, "晚会": 2, "替身": 1, "张艺兴": 2, "灵活": 1, "百变": 1, "代言": 3, "一而再再而三": 1, "骂": 1, "解约": 1, "女星": 1, "人民日报": 1, "造谣": 1, "央视": 1, "鹿晗": 1, "很": 3, "久前": 1, "团队": 1, "引导": 1, "外网": 2, "抹黑": 1, "华为": 52, "甩锅": 1, "得心应手": 1, "一个": 9, "都": 10, "​": 14, "肖战": 2, "学校": 1, "波": 1, "硬广": 1, "北京": 2, "·": 2, "中国": 9, "科学院": 2, "大学": 2, "雁栖湖": 2, "校区": 2, "晒": 2, "1万": 2, "iPhone11": 2, "订单": 2, "晒华": 2, "拍": 2, "月亮": 3, "朋友圈": 3, "拨": 4, "赢": 2, "这两天": 1, "刷屏": 1, "～": 1, "声明": 1, "出品": 1, "秒杀": 1, "苹果": 4, "画质": 1, "！": 12, "抢": 1, "新款": 1, "顶": 2, "浴霸": 1, "摄像头": 1, "5G": 17, "抉择": 1, "O晒": 1, "易": 1, "烊": 1, "千": 2, "玺": 2, "版本": 1, "听": 2, "好听": 1, "耳朵": 1, "坏": 1, "视频": 11, "cr.dy.logoL": 1, "零": 1, "度": 1, "月光": 1, "坠星河·": 1, "yy": 3, "qx": 9, "李必yyqx": 1, "阿易yyqxsehyyqxjccggksyyqxjys易烊": 1, "四": 5, "字": 5, "弟弟": 1, "yyqx": 1, "唱歌": 2, "跳舞": 1, "帅好": 1, "看好": 2, "szdd四": 1, "好看": 1, "四字帅": 1, "好听yy": 1, "x华为yyqx": 1, "中戏": 1, "双料": 1, "第一yyqx帅yy": 1, "casescyyqx": 1, "对不起yy": 1, "千禧龙yy": 1, "qxlyyqxinsyyqxdvyyqx": 1, "舞台": 1, "yyqxysfyy": 1, "casescyy": 1, "qx猫yy": 1, "二十yy": 1, "石榴": 1, "crlogo": 1, "撤出": 2, "美国": 10, "取消": 2, "投资": 3, "裁员": 2, "上万": 2, "外媒": 1, "9月": 5, "13日": 1, "报道": 2, "特朗普": 2, "制裁": 1, "举措": 1, "推出": 1, "美": 2, "发展": 2, "步履维艰": 1, "高层": 1, "不得不": 1, "做出": 1, "业务": 2, "转移": 1, "CEO": 3, "日前": 1, "正式": 2, "市场": 1, "前景": 1, "明朗": 1, "撤离": 1, "忍耐": 1, "限度": 1, "贸易": 1, "霸凌": 1, "企业": 2, "忍无可忍": 1, "​​​": 1, "中企": 1, "表态": 1, "：": 5, "得知": 1, "消息": 2, "错愕不已": 1, "眼下": 1, "2020": 1, "大选": 1, "即将": 3, "临近": 1, "举动": 1, "竞选": 1, "无疑": 1, "雪上加霜": 1, "O网页": 2, "链接": 4, "食堂": 7, "沙特华": 1, "海外": 2, "员工": 7, "再次": 4, "刷爆": 1, "网络": 1, "留住": 3, "开出": 1, "拒绝": 1, "高薪": 1, "泪流满面": 1, "胃": 1, "努力": 2, "想必": 1, "吃": 2, "官方": 3, "心声": 1, "社区": 1, "曝光": 4, "沙特": 1, "伙食": 1, "身处": 1, "沙漠": 1, "放肆": 1, "海鲜": 1, "年均": 1, "薪水": 1, "60万": 1, "公司": 7, "土豪": 1, "钱": 3, "重点": 3, "每日": 2, "重样": 1, "特色": 2, "菜": 1, "辣椒酱": 2, "餐桌": 1, "吃到": 1, "家乡": 1, "好比": 1, "回到": 2, "祖国": 1, "无比": 1, "亲切": 1, "李召军": 1, "正能量": 1, "小米": 4, "红米": 1, "三星": 1, "无线": 2, "运动": 1, "海威特": 1, "蓝牙": 2, "耳机": 5, "💯券": 1, ">>": 3, ">": 2, "推荐": 1, "感情": 1, "念念不忘": 1, "心情": 1, "理解": 1, "足够": 1, "充实": 1, "快乐": 5, "想": 4, "分开": 1, "理由": 1, "肯定": 1, "时间": 2, "淡化": 1, "记得": 1, "幸福": 1, "东西": 1, "安慰": 1, "超前": 1, "想象": 1, "重构": 1, "先锋": 1, "设计": 6, "19日": 1, "慕尼黑": 1, "遇见": 2, "Mate30": 2, "RS": 2, "保时捷": 2, "Rethinkpossibilities": 2, "L华": 3, "终端": 3, "秒拍": 1, "雷军": 1, "9": 1, "发布会": 2, "怼华": 1, "mate20": 1, "配置": 1, "卖": 3, "4000多": 1, "接受": 2, "讲真": 1, "手机": 8, "不仅仅": 1, "简单": 1, "硬件": 1, "堆砌": 1, "芯片": 3, "、": 12, "技术": 6, "售后": 1, "品牌": 5, "价值": 1, "......": 1, "综合": 2, "考量": 1, "综合力": 1, "对比": 1, "差距": 1, "自主": 1, "研发": 1, "核心": 1, "远": 2, "超": 1, "角度": 1, "贵": 1, "自然": 1, "道理": 1, "消费者": 1, "傻": 1, "买贵": 1, "选": 1, "怼友商": 1, "感觉": 1, "太": 4, "自信": 1, "大厂": 1, "开发": 1, "布会": 1, "从来": 1, "怼": 1, "竞争": 2, "对手": 2, "做好": 1, "取长补短": 1, "L": 2, "IT": 1, "杂谈": 1, "发布": 1, "头条": 1, "文章": 1, "冲高": 2, "减仓": 2, "赚钱": 1, "季": 1, "": 4, "财经": 1, "必读": 1, "周四": 1, "/": 2, "科技": 11, "金融": 1, "主板": 1, "缩量": 1, "上涨": 1, "15": 1, "分钟": 1, "级别": 1, "分时": 1, "背离": 2, "预设": 1, "明日": 4, "回落": 1, "观察": 3, "成交量": 2, "放大": 2, "才能": 1, "化解": 1, "强势": 1, "股": 1, "接力": 1, "亏": 1, "效应": 1, "空间板": 1, "高度": 1, "压缩": 1, "4板": 1, "中威": 1, "电子": 1, "非科": 1, "创板": 1, "情绪": 1, "标杆": 2, "关注": 3, "盘中": 2, "逆市": 1, "人气股": 1, "风险": 1, "偏好": 1, "选择": 1, "首板": 1, "包板": 1, "1": 2, "涨停板": 1, "套利": 1, "不及": 1, "预期": 2, "风标": 1, "主动": 1, "止盈": 1, "落袋为安": 1, "耐心": 2, "回踩": 1, "10日": 2, "线": 1, "入场": 1, "机会": 1, "优": 1, "策略": 1, "潜伏": 1, "轮动": 1, "科创板": 1, "调整": 1, "沃尔德": 1, "乐鑫": 2, "南微": 1, "医学": 1, "福光": 1, "股份": 6, "瀚川": 1, "智能": 3, "嘉元": 1, "板块": 1, "活跃": 1, "等待": 1, "增量": 1, "资金": 1, "打造": 2, "O冲高": 1, "产业": 1, "链​": 1, "中秋节": 1, "独自": 1, "飞机": 1, "✈️": 1, "赏月": 2, "P30": 1, "真的": 1, "惊到": 1, "五毛": 1, "陪伴": 1, "感动": 1, "一早": 1, "起床": 1, "见到": 1, "闪宝": 1, "……": 1, "生活": 1, "很多": 2, "布料": 1, "缝制": 1, "欢喜": 2, "祝": 1, "天天": 1, "M9": 1, "质量": 2, "杠杠": 1, "舍不得": 1, "!华": 1, "会上": 1, "手": 1, "!": 1, "档次": 1, "!​": 1, "美学": 1, "主题": 2, "截止": 2, "过期": 1, "福利": 2, "5": 1, "迟到": 1, "中秋": 2, "9.0-9.1": 1, "色块": 1, "获取": 1, "方式": 1, "p9": 1, "关键词": 1, "估计": 1, "审核": 1, "明天": 1, "试": 1, "据说": 1, "习惯": 1, "TypeC": 1, "接口": 1, "华为口": 1, "身边": 1, "突破": 1, "认知": 1, "边界": 1, "缔造": 1, "臻世": 1, "杰作": 1, "19日·慕尼黑": 1, "创": 1, "未": 2, "款": 5, "心水": 1, "入手": 1, "FreeLace": 1, "皓月": 1, "银": 1, "16日": 1, "00:00": 1, "开售": 1, "分享": 1, "循环": 1, "歌": 1, "___": 1, "快点": 1, "铁粉群": 1, "今晚": 1, "汇报": 1, "筋膜": 1, "枪华": 1, "30": 1, "30pro价": 1, "透": 1, "？？": 1, "外面": 1, "开会": 1, "好奇": 1, "累": 1, "才": 2, "放心": 1, "爱": 1, "diss": 1, "唯利是图": 1, "利益": 2, "蠢事": 1, "签约": 1, "队友": 1, "经纪": 1, "保住": 4, "title": 1, "撕华": 1, "辱华": 1, "劣迹": 1, "这不": 1, "算": 1, "屡屡": 1, "爱国": 2, "做文章": 1, "激进": 1, "分子": 1, "无政府派": 1, "协调": 1, "一点": 1, "做派": 1, "pd": 1, "职": 1, "硬": 1, "撕桃": 1, "合作": 1, "伙伴": 1, "不和": 1, "女": 1, "明星": 1, "撕而": 1, "统一战线": 1, "转嫁": 1, "怒火": 1, "两边": 1, "讨好": 1, "离团": 1, "离职": 1, "份": 1, "收入": 1, "频繁": 1, "轧戏": 1, "不胜枚举": 1, "当下": 1, "现实": 1, "那种": 1, "捞钱": 1, "样子": 1, "创始人": 1, "兼": 1, "任正非": 1, "英国": 1, "经济学人": 1, "杂志": 1, "采访": 1, "放话": 1, "有意": 1, "西方": 1, "出售": 1, "目的": 1, "制造": 1, "称": 1, "买家": 1, "支付": 1, "一次性": 1, "费用": 1, "永久": 1, "现有": 1, "专利": 1, "许可证": 1, "代码": 1, "蓝图": 1, "生产": 1, "诀窍": 1, "宋祖儿": 1, "感谢": 1, "华为p30": 1, "保安": 1, "拦": 1, "拍到": 1, "清哈哈哈": 1, "疯": 1, "图书馆": 1, "跑": 1, "那时候": 1, "睡觉": 1, "江滨": 1, "拍摄": 1, "摄影人": 1, "摄影​": 1, "MateX5G": 2, "俄": 1, "电信": 3, "试验区": 4, "测速": 1, "高达": 2, "2.19": 1, "Gbps": 1, "10月份": 1, "上市": 1, "折叠屏": 1, "旗舰": 2, "MateX": 2, "越来越": 1, "热": 1, "颜值": 1, "担当": 2, "性能": 1, "该机": 1, "调试": 1, "工作": 2, "大规模": 1, "量产": 1, "阶段": 2, "近日": 2, "俄罗斯": 3, "Beeline": 2, "Luzhniki": 2, "体育": 3, "中心": 3, "建造": 3, "一块": 2, "最新": 1, "一代": 1, "成功": 1, "测试": 4, "服务": 2, "值得": 1, "Beeline5": 1, "G试验区": 1, "一部分": 2, "部署": 3, "Big": 1, "SportsArena": 1, "入口": 1, "大型": 1, "赛事": 1, "音乐会": 1, "期间": 2, "地区": 1, "用户": 2, "数据": 2, "流量": 1, "密度": 1, "人员": 2, "包括": 1, "Mate20X5G": 1, "单个": 1, "设备": 1, "峰值": 1, "传输": 1, "速率": 1, "2.19Gbit/s": 1, "据悉": 1, "Luzhniki5G": 1, "建设": 1, "采用": 1, "解决": 2, "方案": 2, "运营商": 1, "人口": 1, "密集": 1, "城市": 1, "区域": 1, "轻盈": 1, "紧凑": 1, "节能": 1, "快速": 1, "过程": 2, "符合": 1, "法律": 1, "华": 1, "挂": 1, "不售": 1, "图标": 1, "锁屏": 1, "系统": 2, "商店": 1, "绿植": 1, "小清新": 1, "底包": 1, "@": 3, "苏姝": 2, "超苏": 2, "师傅": 1, "眼底": 1, "星澄​": 1, "年少": 1, "时代": 1, "全民": 2, "漂移": 4, "影响": 1, "nova5": 1, "系列": 1, "携": 1, "跑跑": 1, "卡丁车": 1, "竞速版": 1, "挑战赛": 1, "西安站": 1, "一同": 1, "夏天": 2, "#激": 1, "擎": 1, "盛夏": 1, "疾速": 1, "开跑": 1, "现场": 1, "选手": 1, "搭载": 2, "硬核": 2, "加持": 1, "nova5Pro": 1, "完美": 1, "速去": 1, "游戏": 6, "下载": 1, "感受": 1, "激情": 1, "~O": 1, "网页": 1, "金灿荣": 1, "香港": 2, "演讲": 1, "趴下": 1, "五": 1, "老二": 1, "国家": 1, "优点": 1, "发起": 1, "贸易战": 1, "封杀": 1, "干涉": 1, "事务": 1, "皆": 1, "遏制": 1, "以此": 1, "长期": 1, "领域": 1, "国力": 1, "霸主": 1, "地位": 1, "L哈俠": 1, "​​": 2, "中秋月": 1, "娉婷": 1, "看兔": 1, "隐暮": 1, "睹云": 1, "小园": 1, "幽静": 1, "聆秋声": 1, "不见": 1, "嫦娥": 1, "偷灵": 1, "药": 1, "欲": 1, "照魂": 1, "十五月儿": 1, "十七明": 1, "浣溪": 1, "沙过": 1, "基于": 2, "中世纪": 1, "文明": 1, "背景": 1, "还原": 1, "恢弘": 1, "古代": 1, "战争": 2, "世界": 1, "玩家": 1, "战意": 2, "漫天": 1, "流石": 1, "火羽": 1, "敌人": 1, "真刀真枪": 1, "肉搏": 1, "享受": 1, "视觉": 1, "画面": 1, "流畅": 1, "操控": 1, "体验": 1, "请": 1, "网易": 1, "鸣": 1, "工作室": 1, "制作人": 1, "王希": 1, "讲述": 1, "支持": 2, "网游": 1, "产业链": 2, "环节": 1, "业绩": 8, "释放": 7, "顺序": 1, "光纤": 1, "光缆": 1, "2017年": 1, "代表": 1, "亨通": 1, "光电": 2, "过去式": 1, "2018年": 1, "PCB": 3, "2019年": 1, "上半年": 1, "三大": 1, "PC": 1, "B": 1, "沪电": 1, "深南": 1, "电路": 1, "鹏鼎": 1, "控股": 1, "底部": 2, "翻倍": 2, "原料": 1, "供应商": 1, "生益": 1, "位置": 1, "下半年": 1, "基站端": 1, "天线": 2, "射频": 2, "模块": 2, "A股": 1, "通宇": 1, "通讯": 1, "；": 2, "卓胜微": 1, "基本面": 1, "股价": 1, "暂时": 1, "放弃": 1, "规模": 1, "排序": 1, "中际": 1, "旭创": 1, "光迅": 1, "易盛": 2, "中报": 1, "拐点": 1, "3": 1, "分为": 1, "VR": 5, "AR": 2, "产品": 2, "明年": 2, "炒": 1, "标的": 4, "立讯": 1, "精密": 2, "东山": 1, "信维": 2, "通信": 4, "歌尔": 4, "蓝思": 2, "长信": 1, "刚刚": 1, "转势": 1, "水晶": 1, "苏大维格": 1, "易尚": 2, "展示": 3, "来源于": 1, "主营": 2, "供货": 1, "纯正": 1, "正宗": 1, "未来": 1, "4": 1, "物联网": 3, "车联网": 2, "组模": 1, "移远": 1, "移为": 1, "忽略": 1, "顺网": 1, "场景": 1, "梦网": 1, "集团": 1, "端": 1, "选标": 1, "早": 1, "不用": 1, "急": 1, "凉城": 1, "暖": 1, "445": 1, "Mate30Pro": 4, "真机": 2, "刘海": 2, "+": 1, "瀑布": 1, "屏稳": 1, "流传": 1, "疑似": 1, "上手": 1, "实测": 1, "大曲率": 1, "瀑布屏": 1, "一览无余": 1, "下巴": 1, "窄": 1, "早前": 1, "配备": 2, "6.6~6.8": 1, "英寸": 1, "分辨率": 1, "1176": 1, "2400": 1, "AMOLED": 1, "瀑": 1, "布屏": 1, "麒麟990": 1, "处理器": 1, "FaceID2.0": 1, "屏下": 1, "指纹": 1, "识别": 1, "运行": 1, "Android": 1, "10": 1, "EMUI10": 1, "谷歌": 1, "App": 1, "物理": 1, "音量": 2, "按键": 1, "改用": 1, "虚拟": 1, "条": 1, "Yu": 1}