{"刚刚": 7, "华为": 148, "深圳": 16, "总部": 17, "发布": 9, "声明": 9, "：": 37, "起诉": 65, "美国": 147, "政府": 95, "​": 19, "外媒": 5, "记者会": 9, "项": 4, "北京": 1, "时间": 1, "10时": 1, "CNBC": 2, "、": 10, "美联社": 1, "路透社": 1, "彭博社": 1, "BBC": 1, "媒体": 1, "受邀": 1, "参加": 1, "轮值": 7, "董事长": 7, "郭平": 11, "联邦": 14, "法院": 16, "提起": 10, "诉讼": 13, "指控": 6, "2019年": 5, "国防": 13, "授权法": 10, "第889": 8, "条款": 19, "违反": 5, "宪法": 8, "国会": 9, "立法": 3, "惩罚": 1, "从未": 2, "展示": 2, "支持": 6, "证据": 11, "不得不": 2, "法律": 5, "予以": 1, "回应": 5, "违背": 3, "妨碍": 1, "参与": 6, "公平": 4, "竞争": 5, "最终": 5, "伤害": 4, "消费者": 5, "希望": 1, "做出": 1, "有益": 1, "正确": 1, "2019": 3, "NDAA889": 1, "条": 5, "阻止": 1, "客户": 3, "提供": 7, "服务": 5, "损害": 2, "声誉": 1, "机会": 1, "这是": 2, "程序": 3, "滥用": 1, "讲话": 3, "高额": 1, "投资": 1, "全球": 1, "5G": 7, "领导者": 1, "证明": 1, "怀疑": 1, "国家": 2, "产品": 7, "动机": 1, "到底": 1, "担心": 1, "先进": 3, "技术": 3, "赶超": 1, "‘": 1, "’": 1, "提到": 2, "入侵": 14, "服务器": 17, "窃取": 7, "邮件": 7, "源代码": 6, "找到": 2, "危害": 2, "网络": 4, "参议员": 2, "马克·卢比奥": 2, "污蔑": 2, "公司": 8, "称": 1, "889": 3, "焦点": 1, "禁止": 7, "行政": 4, "部门": 3, "机构": 6, "获取": 3, "中兴": 2, "中国": 18, "企业": 13, "通讯": 5, "硬件": 3, "都": 1, "点名": 1, "首席": 1, "法务官": 1, "宋柳平": 1, "建立": 1, "众多": 1, "错误": 1, "未经": 2, "证实": 1, "验证": 1, "基础": 1, "法案": 13, "假设": 1, "符合": 1, "事实": 1, "控制": 1, "拥有": 1, "记录": 1, "机制": 1, "迄今为止": 1, "德克萨斯州": 1, "普莱诺": 1, "地区": 2, "起诉书": 1, "司法": 1, "情况": 2, "购买": 1, "设备": 1, "签署": 4, "合同": 1, "资助": 1, "贷款": 1, "剥夺": 1, "公权": 1, "正当": 15, "；": 1, "试图": 1, "执法": 1, "裁决": 2, "违法": 4, "三": 4, "权": 1, "分立": 1, "原则": 1, "此前": 1, "纽约": 1, "时报": 10, "引用": 2, "消息": 1, "人士": 1, "说法": 1, "预报": 1, "所在地": 2, "得克萨斯州": 1, "告上": 1, "法庭": 2, "对象": 1, "去年": 3, "白宫": 1, "授权": 3, "一家": 1, "！": 3, "未能": 1, "销售": 5, "竭尽所能": 1, "试": 1, "消除": 1, "立法者": 1, "疑虑": 1, "别无选择": 1, "只能": 2, "挑战": 1, "禁令": 3, "O华": 8, "外交部": 12, "理解": 7, "3月": 5, "7日": 7, "发言人": 5, "陆慷": 11, "主持": 1, "例行": 3, "美": 10, "答": 1, "记者": 4, "指出": 1, "合宪性": 2, "本身": 5, "实际上": 3, "涉华": 5, "消极": 3, "内容": 3, "提出": 5, "严正": 7, "交涉": 5, "反对": 1, "立场": 3, "举动": 8, "合法": 13, "方式": 9, "维护": 7, "权益": 7, "问道": 1, "会同": 1, "一道": 1, "为止": 1, "澎湃": 1, "新闻": 8, "曝光": 4, "一个": 2, "核弹": 2, "现场": 4, "视频": 22, "爆料": 3, "环球": 9, "缺": 3, "二视": 3, "频组": 3, "@": 6, "视": 3, "频L": 3, "秒拍": 9, "涉嫌": 12, "发布会": 10, "外界": 6, "透露": 7, "维权": 2, "对此": 4, "中方": 4, "央视": 3, "申杨": 1, "L": 4, "攻击": 3, "​​": 1, "​L": 1, "产品线": 2, "总裁": 2, "杨超斌": 2, "排除": 2, "影响": 2, "人民": 3, "享受": 2, "权利": 2, "上午": 6, "行业": 3, "专家": 1, "观点": 1, "市场": 1, "降低": 1, "至少": 1, "15%": 2, "成本": 3, "节省": 2, "金额": 1, "高达": 1, "200亿": 1, "美元": 1, "破坏": 1, "抬高": 1, "运营商": 1, "建网": 1, "减缓": 1, "部署": 1, "节奏": 1, "经济": 1, "导致": 1, "承担": 1, "额外": 1, "费用": 1, "全人类": 1, "带来": 1, "福祉": 1, "发展": 1, "设限": 1, "杨": 1, "超斌": 1, "O网页": 1, "链接": 1, "违宪": 5, "官方": 1, "今日": 1, "针对": 4, "财年": 2, "请求": 1, "判定": 1, "判令": 1, "永久": 1, "实施": 1, "违宪​": 1, "始终": 2, "(": 2, "法理": 2, ")": 2, "被迫": 2, "这项": 2, "反击": 2, "手段": 2, "期待": 1, "有利于": 1, "律师": 3, "阵容": 2, "大所": 3, "+": 3, "1": 3, "精品": 3, "强所": 2, "德克萨斯": 1, "东区": 3, "此次": 1, "聘请": 1, "团队": 1, "包括": 1, "源代": 1, "码​": 1, "植入": 1, "广告": 3, "......": 1, "趁机": 1, "正式": 3, "场合": 1, "华为人": 1, "忘": 1, "新产": 1, "折叠屏": 1, "手机": 1, "MateX": 1, "亮": 1, "严肃": 1, "秒变": 1, "大片": 1, "L微": 1, "丢": 1, "微丢": 1, "本周四": 2, "得州": 2, "总统": 2, "8月": 2, "入法": 2, "当天": 2, "回答": 2, "提问": 2, "时即": 2, "此举": 2, "欲": 1}