{"Rethinkpossibilities": 2, "猜猜": 1, "华为": 83, "Mate30": 6, "突破": 3, "日常": 1, "体验": 2, "L华": 3, "终端": 5, "公司": 23, "视频": 21, "​": 6, "与生俱来": 1, "探索": 1, "精神": 1, "激发": 1, "约束": 1, "无尽": 1, "想象": 4, "戳": 1, "隐藏": 1, "重点": 2, "信息": 3, "官方": 1, "秒拍": 8, "比亚迪": 10, "电子": 6, "接盘伟": 2, "创力": 4, "长沙": 11, "超级": 5, "工厂": 7, "代工": 3, "手机": 35, "今日": 5, "量产": 2, "伟创力": 3, "一家": 3, "华": 1, "美国": 36, "制裁": 1, "拒绝": 2, "履行": 1, "合同": 1, "按时": 1, "交货": 1, "私自": 1, "扣押": 1, "价值": 1, "4亿": 1, "原物料": 1, "随即": 1, "终止": 1, "合作": 2, "纠纷": 1, "官司": 1, "当中": 1, "发": 1, "新闻": 2, "在于": 1, "6月": 1, "11号": 1, "注册": 1, "签约": 1, "设备": 14, "调试": 1, "批量": 1, "生产": 4, "满打满算": 1, "花": 1, "90": 2, "时间": 4, "遥想": 1, "年初": 1, "台商": 1, "郭": 1, "董": 1, "中国": 22, "大陆": 1, "留": 1, "内地": 1, "稳定": 1, "就业": 1, "同种": 1, "性质": 1, "此次": 1, "回应": 1, "郭董": 1, "取而代之": 1, "三": 5, "……": 2, "速度": 3, "服气": 1, "麒麟": 2, "990": 1, "首批": 4, "正式": 5, "下线": 5, "制造": 2, "商伟": 1, "8月": 2, "踢出": 1, "供应链": 1, "上午": 3, "位于": 3, "望城经": 2, "开区": 2, "智能": 15, "产业园": 2, "有限": 2, "湖南": 1, "省委": 1, "常委": 1, "、": 32, "市委": 1, "书记": 1, "胡": 1, "衡华": 1, "董事长": 1, "兼": 2, "总裁": 5, "王传福": 1, "全球": 13, "采购": 1, "认证": 1, "管理部": 1, "民": 1, "致辞": 1, "O伟": 1, "停产": 1, "预警": 1, "！！": 1, "外观": 2, "性能": 4, "续航": 1, "面面俱到": 1, "平板": 2, "M6": 2, "高能版": 2, "？？": 1, "独特": 1, "对抗": 1, "波纹": 1, "设计": 2, "炫彩": 1, "流动": 1, "光影": 1, "辉映": 1, "背面": 1, "带来": 3, "酷炫": 1, "幻影": 1, "双色": 1, "气息": 1, "爆棚": 1, "麒麟980": 1, "旗舰级": 1, "处理器": 1, "+": 3, "PC": 1, "级液": 1, "冷散": 1, "热": 1, "无可挑剔": 1, "游戏": 3, "尽情": 1, "驰聘": 1, "6100": 2, "mAh大": 2, "电池": 2, "耐力": 1, "十足": 1, "！": 11, "酣畅淋漓": 1, "骚年": 1, "！！​": 1, "余承东": 7, "：": 27, "鸿蒙": 12, "系统": 16, "首款": 2, "P40": 4, "明年": 4, "3月": 5, "发布": 11, "9月": 12, "6日": 3, "德国": 4, "IFA": 2, "相关": 4, "沟通": 3, "会上": 2, "称": 8, "就绪": 2, "安卓": 8, "第一": 12, "款": 3, "搭载": 5, "随时": 3, "迁移": 2, "很快": 2, "优先": 2, "L老板": 3, "联播": 6, "任正非": 19, "谈": 3, "票": 14, "否决权": 14, "领导": 4, "团队": 6, "继承": 8, "包括": 8, "家人": 12, "8日": 5, "洛杉矶": 4, "时报": 4, "采访": 6, "谈到": 6, "拥有": 6, "最初": 1, "想法": 1, "阶段": 2, "取消": 1, "英国": 6, "脱欧": 1, "影响": 2, "100%": 2, "民主": 1, "保留": 2, "写入": 1, "管理": 5, "条例": 1, "权利": 8, "享受": 4, "L": 3, "老板": 4, "推荐": 1, "创始人": 1, "接受": 2, "BBC": 4, "访谈": 3, "这次": 2, "记者": 1, "水平": 3, "不少": 3, "东西": 1, "当年": 1, "集资": 1, "创立": 2, "赚钱": 3, "股东": 1, "退出": 2, "一个": 5, "股份": 2, "稀释": 1, "分给": 1, "员工": 1, "1%": 3, "通信": 4, "产业": 4, "失败": 4, "归罪于": 4, "崛起": 5, "走错": 5, "路": 5, "5G": 30, "小儿科": 3, "产品": 7, "太": 3, "忽略": 3, "决策": 2, "缺点": 1, "社会": 2, "未来": 5, "机会": 3, "窗": 2, "人工": 10, "欧洲": 5, "做出": 2, "贡献": 2, "战略性": 1, "第二": 3, "本土": 1, "投资": 1, "5G化": 1, "价格": 2, "降": 1, "农村": 1, "孩子": 2, "贫穷": 1, "都": 9, "条件": 1, "网上": 1, "世界": 8, "提高": 1, "素质": 1, "将来": 1, "人类": 1, "创造": 1, "财富": 1, "能力": 1, "增强": 1, "全文": 1, "O任": 1, "纪要": 2, "时代": 4, "咋样": 1, "刚": 1, "岛叔": 1, "柏林": 2, "IF": 2, "A展": 2, "这是": 1, "百年": 1, "国际": 4, "消费": 1, "电子展": 1, "展会": 1, "主题": 1, "吸引": 2, "1800余": 1, "厂商": 2, "参展": 1, "TCL": 3, "在内": 1, "90多": 1, "企业": 7, "很多": 2, "巨头": 2, "同台": 1, "竞技": 1, "现场": 2, "芯片": 5, "家电": 1, "包圆": 1, "入口": 1, "大展厅": 1, "折叠屏": 1, "8KQLED": 1, "电视": 2, "神奇": 1, "屏幕": 6, "语音": 1, "家具": 1, "掌控": 1, "解放": 1, "双手": 1, "展区": 1, "老外": 1, "媒体": 4, "达人": 1, "直播": 2, "对着": 1, "一通": 1, "体验式": 1, "解说": 1, "消费品": 1, "市场": 19, "是日": 1, "韩": 1, "占据": 1, "大头": 1, "越来越": 2, "布局": 2, "站稳": 1, "脚跟": 1, "恰好": 1, "超车": 1, "机遇": 1, "畅想": 1, "奇思妙想": 1, "嘲笑": 2, "小米": 6, "毕竟": 1, "很": 4, "努力": 2, "国产": 4, "拍照": 1, "无线": 3, "充电": 1, "敢于": 1, "30W": 1, "投入": 1, "人力": 1, "物力": 1, "测试": 2, "行业": 1, "推动": 1, "作用": 1, "性价比": 2, "利润": 1, "进取": 1, "给予": 1, "鼓励": 1, "荣耀": 2, "首次": 2, "开放": 1, "展示": 2, "实验室": 5, "模拟": 3, "漫游": 2, "场景": 1, "9日": 3, "下午": 2, "Vera30": 1, "麒麟990": 1, "系列": 4, "北京": 1, "介绍": 1, "网络": 10, "制式": 1, "无缝": 1, "接入": 1, "行走": 1, "穿梭": 1, "国家": 3, "还原": 1, "2018年": 2, "成立": 1, "谈华": 1, "继任者": 4, "七": 3, "小组": 6, "享有": 3, "O": 3, "权力": 1, "@": 2, "联播L": 1, "确认": 2, "载有": 1, "谷歌": 3, "App": 3, "科技": 10, "Ausdroid": 1, "2019": 1, "消费者": 2, "业务": 2, "软件部": 1, "王成禄": 1, "运行": 1, "Android": 1, "10": 4, "可用": 2, "19日": 2, "找到": 1, "开发": 5, "替代品": 1, "用户": 1, "界面": 1, "熟悉": 1, "程序": 1, "O华": 1, "提供": 1, "取代": 1, "主人": 1, "承担": 1, "中心": 2, "重任": 1, "O网页": 2, "链接": 4, "头条": 1, "文章": 2, "控制": 3, "节奏": 3, "季": 1, "": 2, "财经": 1, "每日": 1, "必读": 1, "周一": 1, "/": 1, "金融": 1, "汽车": 1, "主板": 1, "放量": 1, "上涨": 1, "15": 1, "分钟": 5, "级别": 1, "顶": 1, "背离": 2, "预设": 1, "明日": 3, "冲高": 1, "回落": 1, "观察": 3, "成交量": 2, "放大": 2, "持续": 1, "化解": 1, "强势": 2, "股": 3, "接力": 1, "效应": 1, "恢复": 1, "天津": 1, "普林": 1, "山鼎": 1, "非科": 1, "创板": 1, "情绪": 1, "标杆": 2, "风险": 1, "偏好": 1, "选择": 1, "首板": 1, "包板": 1, "1": 3, "涨停板": 1, "套利": 1, "线": 1, "高位": 1, "震荡": 1, "抛低": 1, "吸": 1, "优": 1, "策略": 1, "潜伏": 1, "轮动": 1, "科创板": 1, "调整": 1, "沃尔德": 1, "乐鑫": 1, "南微": 1, "医学": 1, "福光": 1, "瀚川": 1, "板块": 2, "活跃": 1, "盘中": 1, "耐心": 1, "等待": 1, "增量": 1, "资金": 2, "打造": 1, "占有率": 1, "三星": 25, "机强": 2, "众所周知": 1, "销量": 4, "名": 1, "遥遥领先": 1, "数据": 2, "3亿": 1, "台": 6, "苹果": 7, "2.08亿": 1, "2.06亿": 1, "2019年": 2, "季度": 1, "7630万": 1, "5870万": 1, "3800万": 1, "差距": 1, "成绩": 1, "前提": 1, "之下": 1, "份额": 2, "跌至": 1, "依然": 2, "实力": 1, "有人": 2, "奇怪": 1, "到底": 2, "支撑": 1, "关系": 1, "公平": 1, "早": 1, "功能机": 1, "著名": 1, "品牌": 4, "海外": 6, "渠道": 1, "声誉度": 1, "算": 2, "后来者": 1, "智能机": 1, "才": 4, "晚": 1, "几十": 1, "自然": 1, "低": 1, "本身": 1, "旗舰": 4, "就算": 1, "承认": 1, "机差": 1, "硬件": 1, "配置": 3, "差": 1, "顶级": 1, "采用": 5, "从来": 1, "213.260": 1, "0.01%": 1, "不用": 1, "Galaxy": 1, "自成": 2, "一派": 1, "国产机": 2, "执着": 1, "刘": 2, "海屏": 2, "水滴屏": 1, "异形屏": 1, "对称": 1, "全视曲": 1, "面屏": 1, "搞": 1, "打孔屏": 1, "感觉": 1, "顺眼": 1, "优势": 1, "差价": 1, "不大": 1, "低档": 1, "这几年": 1, "中低档": 1, "注重": 1, "最终": 2, "真的": 3, "央行": 1, "降准": 1, "释放": 1, "9000亿": 1, "降凖": 1, "實": 1, "打實": 1, "資金": 3, "進入": 1, "實體": 2, "裡": 1, "行情": 4, "來": 2, "杠杠": 1, "午盤": 1, "創": 1, "業板": 1, "漲": 1, "1.02": 1, "個點": 1, "告訴": 1, "裏": 1, "大人物": 6, "打板": 4, "最多": 1, "板塊": 1, "誰為": 1, "代表": 1, "華為": 1, "概念": 1, "16": 2, "個": 3, "物聯": 1, "網": 1, "數據": 1, "路上": 1, "嗎聽": 1, "說": 2, "買豬肉": 1, "概念股": 1, "為": 1, "兩": 1, "個字": 1, "嗎": 1, "未": 1, "企業": 1, "經來": 1, "助力": 1, "剛": 1, "開始": 1, "害怕": 1, "股市": 1, "四季": 1, "红": 1, "看盘": 1, "「": 7, "输": 1, "恐": 1, "输AI": 1, "」": 7, "心声": 1, "社区": 1, "故事": 1, "工场": 1, "纪录片": 1, "再次": 1, "5g": 1, "指出": 4, "实际上": 1, "领域": 4, "落后": 3, "预期": 1, "AI": 1, "走到": 2, "列入": 1, "实体": 1, "清单": 1, "运营": 1, "观点": 1, "尖端": 2, "基本上": 2, "依赖": 1, "担负": 1, "网路": 1, "联接": 4, "传送": 1, "接入网": 1, "核心网": 1, "长期": 1, "处在": 1, "领先": 2, "地位": 1, "年代": 1, "通讯": 1, "强国": 1, "强制性": 1, "推行": 1, "CDMA": 2, "WiMAX": 2, "全世界": 2, "动员": 2, "到处": 1, "潮流": 1, "3": 3, "GPP": 1, "正确": 1, "道路": 1, "导致": 1, "没落": 1, "冯": 1, ".": 4, "诺依曼": 1, "Vonneumannstructure": 1, "电脑": 3, "架构": 3, "超大规模": 1, "存储": 3, "超速": 2, "超大": 2, "规模": 1, "本来": 1, "光纤": 1, "超算": 1, "容量": 1, "大规模": 1, "和光": 1, "提到": 1, "法治": 1, "政府": 2, "信任": 1, "买下": 1, "500多": 1, "英亩": 1, "土地": 1, "兴建": 1, "晶片": 2, "800": 1, "G光": 1, "出口": 2, "WorldJournal": 1, "微软": 6, "史密斯": 3, "批评": 2, "特朗普": 3, "对待": 2, "方式": 3, "一点": 2, "恶意": 1, "打压": 1, "华尔街": 1, "日报": 1, "企业界": 1, "首席": 1, "法律": 2, "顾问": 1, "布拉德·史密斯": 1, "BradSmit": 1, "彭博社": 2, "un-American": 1, "坚实": 1, "事实": 2, "逻辑": 1, "条款": 1, "依托": 1, "情况": 1, "此类": 1, "措施": 1, "购买": 3, "技术": 18, "监管": 1, "机构": 1, "封杀": 1, "作出": 1, "解释": 1, "回复": 2, "认同": 1, "才能": 1, "这才": 1, "行事": 1, "酒店": 2, "业作": 1, "例子": 1, "告诉": 2, "销售": 2, "操作": 2, "好比": 1, "开门": 1, "客房": 1, "安放": 1, "床铺": 1, "餐厅": 1, "放": 1, "食品": 1, "担心": 1, "即将": 1, "到来": 1, "美国商务部": 1, "押下": 1, "重注": 1, "实施": 1, "量子": 1, "计算": 1, "开发者": 1, "大会": 1, "OS": 1, "CEO": 1, "网页": 1, "开工": 1, "走势": 2, "毛病": 1, "典型": 1, "个股": 1, "无需": 2, "理会": 1, "大盘": 2, "指数": 1, "股看": 1, "中小板": 1, "创业板": 1, "强劲": 1, "高开": 1, "高走": 1, "态势": 1, "科技股": 1, "轮番": 1, "爆拉": 1, "热点": 1, "散": 1, "元器件": 1, "集成": 1, "电路": 1, "PCB": 1, "走差": 1, "向上": 1, "扩展": 1, "空间": 1, "有望": 1, "百股": 1, "涨停": 2, "加油​": 1, "当面": 1, "试官": 1, "张嘴": 1, "提": 2, "钱": 2, "抓牢": 2, "原则": 2, "反客为主": 2, "5": 2, "半": 2, "从待": 1, "多年": 1, "外企": 1, "离职": 1, "应聘": 1, "轮": 2, "面试": 4, "业务面": 1, "面试官": 2, "部门": 4, "主管": 1, "老何": 10, "对答如流": 1, "点头": 1, "笑": 1, "完了": 1, "想要": 1, "过程": 3, "快": 1, "想": 5, "项目": 2, "经理": 1, "岗位": 5, "‘": 1, "客户群": 2, "负责人": 1, "’": 1, "JD（JobDescription": 1, "描述": 1, "兼具": 1, "负责": 1, "究竟": 2, "管理岗": 2, "岗": 1, "核心": 1, "职能": 1, "放低": 1, "培养": 1, "支持": 2, "配": 1, "基于": 1, "业务量": 1, "至少": 2, "4": 1, "考核": 3, "权限": 1, "关联": 1, "组织": 3, "归属": 1, "有意思": 1, "平常": 1, "高效": 1, "配合": 1, "整体": 2, "来劲": 1, "拿笔": 1, "会议室": 1, "白板": 1, "画": 1, "blabla": 1, "将近": 1, "陆续": 2, "职业": 2, "晋升": 2, "通道": 2, "绩效": 2, "机制": 2, "逐一": 1, "解答": 1, "小时": 2, "50": 1, "回答": 1, "应聘者": 1, "离开": 1, "接到": 1, "HR": 1, "短信": 1, "通知": 1, "恭喜": 1, "请": 1, "次日": 1, "顺利": 1, "复盘": 1, "招来": 1, "反感": 2, "1.": 1, "工作": 5, "方向": 2, "提出": 1, "疑问": 1, "明晰": 1, "职责": 1, "把握": 1, "后续": 2, "侧重": 1, "不至于": 1, "跑偏": 1, "理解": 1, "透彻": 1, "省心": 1, "确实": 1, "聚焦": 1, "搭建": 1, "跨": 1, "协作": 1, "遵循": 1, "流程": 1, "找": 1, "解决": 1, "深谙": 1, "其理": 1, "作答": 1, "不厌其烦": 1, "长远": 2, "利益": 3, "并非": 1, "拍板": 1, "没用": 1, "；": 1, "二来": 1, "有利于": 1, "判断": 1, "惹": 1, "捎带": 1, "提及": 2, "涨薪": 1, "自动": 1, "奖惩": 1, "规则": 1, "张口问": 1, "每月": 1, "有数": 1, "万物": 2, "运转": 1, "生命": 1, "圆": 1, "创造力": 1, "回归": 1, "源": 1, "边界": 1, "赋予": 1, "创新": 1, "慕尼黑": 1, "重构": 1, "屏下": 4, "指纹": 5, "知情": 1, "人士": 1, "透露": 1, "内部": 1, "供应商": 1, "之间": 1, "最早": 1, "2020": 1, "版": 1, "iPhone": 3, "据悉": 1, "竞争": 1, "OPPO": 1, "新款": 1, "功能": 2, "正面": 1, "生物": 1, "识别": 2, "增加": 1, "凹槽": 1, "参考消息": 1, "O为": 1, "摆脱": 1, "困境": 1, "——": 1, "2100年": 1, "古墓": 2, "发现": 2, "文物": 1, "网友": 3, "难道": 1, "近日": 1, "俄罗斯": 1, "考古队": 1, "座": 1, "2100": 1, "年前": 1, "发掘": 1, "古": 1, "匈奴": 1, "时期": 1, "女性": 1, "陪葬": 1, "腰带": 1, "配饰": 1, "黑色": 1, "长方形": 1, "物品": 1, "镶": 1, "绿松石": 1, "红玉髓": 1, "珍珠母": 1, "大小": 1, "类似": 1, "戏称": 1, "酷似": 1, "iphone": 1, "不服": 1, "姓名": 1, "风": 1, "L凤凰网": 1, "标的": 1, "优先级": 1, "排": 1, "序": 1, "早盘": 1, "延续": 1, "上演": 1, "涨停潮": 1, "截至": 1, "发稿": 1, "晶": 1, "依米康": 1, "润欣": 1, "12": 1, "东信和平": 1, "涨逾": 1, "8%": 1, "合力": 1, "泰": 1, "天和": 1, "防务": 1, "崇达": 1, "均": 1, "程度": 1, "拉升": 1, "下半年": 1, "我国": 1, "旗下": 1, "加快": 1, "中兴": 1, "iQOO": 1, "vivo": 2, "副线": 1, "上市": 1, "梅": 1, "新育": 1, "越南": 9, "排华": 3, "此前": 1, "建设": 1, "奉行": 1, "政策": 1, "表态": 1, "爱立信": 4, "诺基亚": 4, "还要": 1, "自主": 2, "研发": 1, "一番": 1, "实践": 1, "碰壁": 1, "声": 2, "广播": 1, "电台": 1, "报道": 2, "频段": 1, "放弃": 1, "转向": 1, "国内": 1, "运营商": 1, "Viettel": 1, "声称": 1, "近期": 1, "Viettel子": 1, "Metfone": 1, "柬埔寨": 1, "铺设": 1, "大话": 1, "实干": 1, "难": 1, "违反": 1, "客观": 1, "经济": 1, "规律": 1, "自找": 1, "麻烦": 1, "纯属": 1, "笑话": 1, "2019.9.9": 1, "看完": 1, "英雄": 1, "打野": 1, "爱": 1, "本命": 1, "蔡文姬": 1, "大招": 1, "音效": 1, "超棒": 1, "跟着": 1, "主播": 1, "一块": 1, "嗨": 1, "投屏": 1, "超清": 1, "画质": 1, "画面": 1, "60": 1, "帧": 1, "电": 1, "超": 1, "清屏": 1, "双声道": 1, "适合": 1, "天天": 1, "玩": 1, "安排": 1, "！！！L": 1, "棉花": 1, "大哥哥": 1}