{"华为": 106, "nova": 8, "全球": 6, "代言人": 7, "@": 18, "TFBOYS": 15, "易烊": 23, "千": 10, "玺": 14, "活力": 2, "登场": 1, "律动": 1, "节奏": 3, "点燃": 1, "舞台": 2, "未来": 2, "少年": 4, "携手": 1, "同行": 1, "记录": 2, "精彩": 4, "瞬间": 2, "见证": 1, "美好": 1, "时刻": 1, "​": 20, "中国": 14, "半": 3, "iOS": 2, "用户": 5, "换机": 4, "转投": 2, "安卓": 3, "马克西姆": 1, "集团": 1, "数据": 4, "显示": 2, "苹果": 5, "安装": 1, "用户群": 1, "流失率": 1, "5%": 1, "9%": 1, "流入率": 1, "7%": 1, "低于": 1, "2017年": 1, "13%": 1, "分析": 1, "公司": 17, "QuestMobile": 1, "监测": 1, "忠诚度": 1, "下降": 1, "2019年": 1, "上半年": 1, "46%": 1, "选择": 2, "投入": 1, "阵营": 1, "数字": 1, "去年": 1, "同期": 1, "增加": 1, "2.8%": 1, "27.8%": 1, "界面": 1, "新闻O": 1, "|": 1, "首选": 1, "起诉": 11, "美国": 19, "联邦": 9, "通信": 7, "委员会": 7, "法院": 4, "提交": 2, "起诉书": 2, "请求": 2, "认定": 2, "FCC": 2, "禁止": 2, "参与": 4, "补贴": 2, "资金": 2, "项目": 2, "违反": 2, "宪法": 2, "行政诉讼法": 2, "央视": 2, "记者": 1, "张奇斌": 1, "孙": 1, "继文": 1, "率性": 1, "青春": 1, "抹": 1, "炙热": 1, "红温暖": 1, "冬日": 1, "午后": 1, "千玺": 19, "现身": 1, "新品": 5, "发布会": 11, "nova星": 8, "稍后": 1, "解锁": 1, "胡侃": 1, "海啸": 4, "般的": 2, "负面": 2, "舆情": 9, "包围": 1, "寻找": 1, "一个": 13, "理性": 3, "高处": 1, "看一看": 1, "场": 7, "舆论": 10, "图形": 1, "究竟": 1, "L胡锡进": 1, "视频": 14, "追梦路": 1, "一刻": 1, "都": 10, "值得": 1, "自拍": 1, "谢谢": 2, "来到": 1, "nova6": 11, "系列": 8, "5G": 4, "现场": 2, "支持": 4, "nova星人": 1, "员工": 11, "李洪元": 12, "251": 14, "事件": 16, "带": 3, "轰轰烈烈": 1, "超出": 1, "事情": 6, "应有": 1, "逻辑": 5, "老胡": 6, "穿越": 1, "互联网": 1, "激烈": 3, "新闻": 4, "老": 1, "司机": 1, "想": 10, "朋友们": 1, "：": 10, "一家": 4, "机构": 2, "面对": 3, "冲击": 1, "应对": 1, "手段": 3, "局限": 1, "风波": 2, "符合": 2, "公众": 7, "利益": 6, "方式": 1, "着陆": 1, "唯一": 1, "可行": 1, "情绪": 3, "回到": 1, "常识": 1, "事物": 1, "原本": 2, "国家": 4, "真实": 1, "关系": 2, "回过头": 1, "探寻": 1, "脉络": 2, "摆脱": 1, "夸大": 1, "东西": 1, "试图": 1, "误导": 1, "用意": 1, "旗帜": 1, "海平面": 1, "飘扬": 1, "羁押": 5, "责任": 2, "名": 3, "基层": 2, "主管": 3, "报案者": 1, "报案": 3, "法律": 4, "准确": 2, "客观": 1, "接下来": 1, "程序": 2, "遗憾": 1, "赔偿": 2, "表达": 1, "态度": 1, "司法": 6, "影响": 1, "有人": 2, "怀疑": 3, "干预": 1, "过程": 2, "证据": 5, "动机": 2, "深圳": 3, "龙岗区": 1, "检察院": 3, "不予": 1, "讲": 2, "规则": 1, "搞": 2, "迫害": 2, "这不": 3, "价值观": 1, "充满": 1, "风险": 2, "有罪": 1, "推定": 1, "主导": 1, "声明": 4, "很": 7, "短": 1, "批评": 7, "缺少": 1, "温度": 2, "最新": 1, "当中": 1, "隐情": 2, "促使": 1, "低调": 1, "、": 18, "简短": 1, "回应": 2, "也许": 1, "段": 2, "时间": 1, "进一步": 1, "补充": 1, "权且": 1, "公关": 2, "失误": 2, "很多": 1, "联想": 1, "无情": 1, "坊间": 1, "狼性": 1, "文化": 1, "传闻": 1, "用来": 1, "佐证": 1, "关怀": 1, "高于": 1, "平均线": 1, "成功": 1, "善待": 1, "凝聚力": 1, "一路": 1, "打拼": 1, "经历": 1, "艰难困苦": 1, "眼下": 1, "全世界": 2, "世界": 1, "第一": 2, "强国": 1, "猛烈": 1, "打压": 1, "冷酷": 1, "队伍": 1, "早就": 2, "散": 1, "尊重": 1, "情感": 1, "印象": 1, "或许": 2, "重视": 2, "死": 2, "海外": 1, "市场": 4, "开拓": 1, "面临": 3, "挑战": 2, "国内": 3, "闪失": 1, "根据地": 1, "看法": 1, "傲慢": 3, "不在乎": 1, "敢于": 1, "耍": 1, "大牌": 1, "走南闯北": 1, "认同": 1, "多么": 1, "不合": 1, "商业": 1, "经验": 2, "抵触": 1, "不能不": 3, "来源于": 1, "舆论场": 2, "想象": 2, "就事论事": 1, "信息": 3, "对称": 2, "误解": 1, "责怪": 1, "奇怪": 1, "针对": 4, "请": 2, "件": 1, "事中": 1, "共鸣": 1, "不满": 1, "包括": 1, "工作": 1, "稳定": 1, "发生": 3, "冲突": 1, "处于": 1, "劣势": 1, "遭遇": 2, "冤屈": 1, "报": 1, "案": 1, "发酵": 4, "危机感": 1, "全都": 1, "倾泻": 1, "头": 1, "承受": 1, "负荷": 1, "一部分": 1, "困难": 1, "卷入": 1, "案件": 5, "审理": 1, "看上去": 1, "最初": 1, "举报": 2, "随后": 1, "扑向": 1, "实话": 1, "打死": 1, "这是": 3, "自然": 1, "整理": 1, "当下": 1, "崛起": 1, "时期": 1, "承重": 1, "想要": 1, "美方": 1, "思路": 1, "诅咒": 1, "争议": 1, "层面": 2, "判断": 1, "涉及": 3, "根本性": 1, "肯定": 1, "否定": 2, "战略": 1, "中国人": 2, "能力": 1, "拒绝": 1, "始终": 2, "原点": 1, "徘徊": 1, "篇": 1, "文章": 1, "面貌": 1, "亲者痛仇者快": 1, "干": 1, "警惕": 1, "方向": 1, "时代": 1, "拥有": 1, "集体": 1, "情商": 1, "希望": 1, "坚强": 1, "正确": 1, "声音": 1, "做好": 1, "历史": 1, "辜负": 1, "诚恳": 1, "百折不回": 1, "团队": 1, "今日": 1, "上午": 1, "10点30分": 1, "举办": 1, "首席": 5, "法务官": 3, "律师": 3, "企业": 2, "沟通部": 2, "副总裁": 2, "出席": 1, "正式": 1, "新浪": 2, "科技": 1, "直播": 5, ".": 3, "2011年": 1, "高铁": 1, "内外": 1, "全力": 1, "围剿": 1, "攻击": 2, "。。。": 1, "走": 3, "再次": 1, "感谢": 1, "社会": 1, "关注": 1, "劳动": 2, "纠纷": 2, "12月": 1, "5日": 1, "媒体": 2, "问及": 1, "宋柳平": 2, "称": 1, "涉嫌": 1, "违法": 1, "犯罪": 2, "发布": 1, "相关": 1, "老板": 2, "联播L": 1, "联播": 1, "易": 8, "烊千玺": 1, "深邃": 1, "海洋": 1, "火山": 1, "终于": 1, "惊醒": 1, "🌋": 1, "LLIMERENCE": 1, "1128": 1, "​​​": 2, "一心一意": 1, "「": 1, "心上": 1, "用力": 1, "枪": 1, "」": 1, "LBeWith": 1, "Jackson": 1, "陪伴站": 1, "四": 2, "字": 2, "弟弟": 3, "高清": 1, "有码": 1, "拿走": 1, "谢": 1, "易烊": 2, "千玺​": 3, "期待": 1, "全新": 2, "一代": 1, "亮点": 3, "快": 1, "围观": 1, "～": 1, "终端": 3, "官方": 2, "烊千": 5, "Nova": 1, "6": 2, "奶哦": 1, "星球": 2, "奇妙": 2, "幻境": 4, "戳": 1, "回顾": 1, "L华": 2, "众": 1, "事务所": 1, "合伙人": 1, "GlenNager": 1, "宋凯": 1, "发言": 1, "财经": 1, "欣赏": 1, "探索": 1, "美学": 2, "设计": 1, "道路": 1, "造诣": 1, "6.57": 1, "英寸": 1, "双摄": 1, "极点": 1, "屏": 1, "3D": 1, "曲面": 1, "玻璃": 1, "机身": 1, "握持感": 1, "圆润": 1, "纤薄": 1, "创新": 1, "工艺": 1, "突破": 1, "带来": 2, "镜": 1, "潮流": 1, "呈现": 1, "前所未有": 1, "色彩": 1, "光影": 1, "如同": 1, "时空": 1, "美梦": 1, "诗意": 1, "自由": 1, "生长": 1, "年轻人": 1, "定义": 1, "独具": 1, "个性": 1, "美": 6, "体验": 1, "Photography": 1, "Clothing": 1, "XUNRUO": 1, "熏若": 1, "熏": 1, "Lights": 1, "Hess脚脚": 1, "扣扣": 1, "子午": 2, "评论": 1, "私欲": 5, "华": 2, "势力": 5, "政治": 13, "目的": 7, "地步": 1, "桩": 2, "刑事": 3, "引发": 4, "网络": 4, "演变": 3, "香港": 6, "修例": 4, "大陆": 3, "人权": 6, "贸易": 2, "摩擦": 3, "也就是说": 1, "简单": 2, "单一": 1, "孤立": 1, "人为": 1, "推向": 1, "此前": 1, "预料": 1, "高度": 1, "意识": 3, "形态": 3, "较量": 2, "国际": 2, "此文": 1, "打算": 1, "本身": 2, "动笔": 1, "墨": 1, "网上": 4, "公开": 2, "综合": 2, "公安": 1, "机关": 1, "原因": 1, "侵害": 1, "嫌疑": 1, "释放": 1, "最终": 2, "案子": 1, "条件": 2, "决定书": 1, "写": 1, "事实": 4, "代表": 4, "疑罪": 2, "法理": 1, "意味着": 1, "当初": 1, "依据": 1, "错": 1, "道歉": 4, "认知": 1, "错误": 1, "比方说": 1, "眼看": 1, "偷走": 1, "钱包": 2, "人证": 1, "报警": 1, "警察": 3, "抓": 1, "赃物": 1, "嫌犯": 1, "扔": 1, "找到": 1, "缺失": 1, "只能": 1, "放人": 1, "(": 3, "请问": 1, "小偷": 1, "提": 1, "所以说": 1, "指责": 2, "缺乏": 1, "逼": 2, "这几天": 1, "观察": 2, "结论": 1, "此次": 2, "出于": 1, "极其": 1, "膨胀": 3, "合规": 1, "合法": 1, "金钱": 1, "追求": 1, "竟然": 2, "前程": 1, "天真": 2, "执拗": 1, "押在": 1, "总裁": 2, "任正非": 3, "身上": 1, "不惜": 1, "门口": 1, "拦截": 1, "这次": 2, "发现": 2, "势头": 1, "有利于": 1, "疯狂": 1, "不可思议": 1, "管理": 1, "方案": 1, "为由": 1, "提出": 3, "接见": 1, "商谈": 1, "迁怒": 1, "示好": 1, "频频": 1, "伸橄榄枝": 1, "判定": 1, "舍不得": 1, "福利": 1, "只不过": 1, "借用": 1, "高压": 1, "示软": 1, "软硬兼施": 1, "接纳": 1, "重用": 1, "咸鱼": 1, "翻身": 1, "计划": 1, "小聪明": 1, "挺": 1, "预谋性": 1, "录音": 1, "明证": 1, ")": 2, "过于": 1, "自负": 1, "人生": 1, "说到底": 1, "太过": 1, "害得": 1, "不择手段": 1, "正好": 1, "别人": 1, "利用": 1, "各方": 1, "煽动": 1, "恶意": 1, "引导": 1, "关乎": 1, "大战": 2, "至此": 2, "之间": 2, "博弈": 1, "政战": 1, "拉开": 1, "序幕": 1, "谈": 1, "国内外": 4, "作用": 1, "环境": 3, "严峻": 2, "表现": 1, "①": 2, "升级": 1, "高科技": 1, "领域": 1, "内": 1, "围堵": 1, "呈": 1, "愈演愈烈": 1, "势": 1, "②": 2, "近日": 1, "法案": 1, "涉港": 1, "涉疆": 1, "人权牌": 1, "制裁": 1, "③": 2, "港乱": 1, "至今": 1, "平息": 1, "反弹": 1, "趋势": 1, "爆发": 1, "介入": 1, "指向": 1, "可怕": 1, "变化": 1, "意图": 2, "越来越": 2, "险恶": 1, "公知": 1, "反动": 1, "半隐忍": 1, "蛰伏": 1, "赤裸裸": 1, "肆无忌惮": 1, "跳到": 1, "台前": 1, "个案": 1, "背书": 1, "证明": 2, "合理性": 1, "体制": 1, "图1": 1, "—": 2, "3": 1, "国外": 1, "重量级": 1, "某音": 1, "相当于": 1, "人民日报": 1, "做出": 1, "大肆": 1, "政府": 1, "侵犯": 1, "现状": 1, "水军": 1, "账号": 1, "评论区": 1, "蜂拥而至": 1, "矛头": 1, "引向": 1, "孟晚舟": 2, "不义": 1, "正义": 1, "④": 1, "反对派": 1, "五大": 1, "诉求": 2, "类似": 1, "八大": 1, "所在地": 1, "警方": 1, "示威": 1, "游行": 1, "申请": 1, "难道": 2, "民主": 1, "模式": 1, "复制": 1, "4": 1, "5": 1, "中外": 1, "相互": 1, "勾结": 1, "配合": 1, "线上": 1, "线下": 1, "稍微": 1, "一点": 1, "脑子": 1, "端倪": 1, "寻常": 1, "行文": 1, "不必": 1, "何在": 1, "干什么": 1, "昭然若揭": 1, "献舞": 1, "嗨爆": 1, "环绕": 1, "立体声": 1, "尖叫": 1, "帅": 2, "跳舞": 1, "赞": 1, "粉丝": 1, "武汉": 1, "L龙": 1, "二Pro": 1, "记住": 1, "跟随": 1, "！": 2, "SOHUFASHION·星鲜事": 1, "一身": 1, "黑色": 2, "高领衫": 1, "搭配": 1, "红色": 1, "夹克": 1, "工装": 1, "马甲": 1, "亮相": 1, "烊": 2, "玺晕": 1, "!!": 1, "神仙": 1, "位置": 1, "😭": 1, "太": 2, "叭L": 1, "五行": 1, "缺": 2, "千i": 2, "千玺": 1, "191205": 1, "L易家": 1, "星火": 1, "2019": 2, "玊尔": 2, "演唱会": 2, "舞蹈": 2, "直拍": 1, "千玺LCynosure": 1, "千玺图": 1, "频站": 1, "甜甜": 1, "宝贝": 1, "表白": 1, "眼神": 1, "千玺LLI": 1, "MAR1128": 1, "19": 1, "岁": 1, "支": 1, "冷静": 1, "热情": 1, "L少年": 1, "意气_4444x": 1, "憋": 1, "笑": 1, "臭屁": 1, "555": 1, "L五行": 1}