{"外媒": 8, "爆料": 12, "：": 27, "汇丰": 28, "银行": 19, "！": 14, "暗地里": 12, "阴": 12, "华为": 89, "@": 5, "环球": 1, "时报": 16, "报道": 5, "称": 8, "近日": 6, "英国": 11, "金融": 15, "披露": 6, "洗钱": 6, "违反": 6, "制裁": 7, "法案": 6, "美": 2, "司法部": 13, "盯上": 6, "逃脱": 6, "处罚": 6, "同意": 6, "案件": 6, "配合": 11, "调查": 7, "中国": 11, "公司": 15, "受害者": 5, "最终": 6, "导致": 7, "高管": 5, "被捕": 5, "O外媒": 5, "​": 13, "脱罪": 1, "系列": 5, "美国": 28, "路透社": 1, "内部": 1, "搞到": 1, "份": 2, "用来": 1, "起诉": 1, "材料": 1, "罗织": 1, "动手": 1, "罪名": 1, "提供": 2, "加拿大": 1, "抓": 1, "透露": 5, "年初": 4, "中方": 4, "解释": 4, "被迫": 4, "上周": 4, "创始人": 4, "任正非": 23, "接受": 5, "采访": 9, "说法": 4, "详情": 1, "戳": 1, "↓O": 1, "秋季": 2, "发布": 3, "鸿蒙": 16, "系统": 25, "手机": 15, "买": 4, "孟晚舟": 1, "挖来": 2, "天才": 9, "薪酬": 4, "谷歌": 6, "很快": 3, "上市": 4, "入职": 4, "门槛": 2, "大学": 2, "一个": 12, "考试": 6, "题目": 2, "才": 5, "面试": 2, "机会": 2, "世界": 7, "计算机": 2, "竞赛": 2, "金牌": 4, "工资": 2, "水平": 2, "5": 4, "倍": 4, "、": 13, "6": 2, "40": 2, "获得者": 2, "挖": 2, "一批": 2, "进来": 2, "少年": 8, "明年": 2, "涌": 2, "L": 3, "老板": 2, "联播": 2, "秒拍": 3, "视频": 5, "网友": 2, "上海": 1, "苹果": 8, "垄断": 1, "质疑": 1, "安兔兔": 1, "跑分": 2, "作弊": 1, "改名": 1, "小米": 2, "暴涨": 1, "9万": 1, "3": 1, "图4": 1, "改成": 1, "mix3": 1, "厉害": 1, "安卓": 9, "快": 4, "指出": 2, "失误": 3, "7月": 2, "4日": 1, "法国": 1, "新闻": 1, "周刊": 1, "杂志": 2, "观点": 1, "LePoint": 1, "最新": 3, "期": 2, "封面": 1, "董事长": 1, "担任": 1, "主角": 1, "延迟": 1, "小于": 1, "毫秒": 1, "完美": 1, "物联网": 2, "自动": 1, "驾驶": 1, "问到": 1, "‘": 1, "’": 1, "操作": 8, "MacOSX": 1, "谨慎": 1, "回答": 1, "很": 2, "给出": 1, "技术": 7, "论据": 1, "承认": 1, "竞争": 1, "相比": 1, "缺乏": 1, "程序": 1, "生态": 5, "O热点": 1, "|": 2, "昨天": 2, "贝尔格莱德": 2, "诺维萨德": 1, "过桥": 1, "熟悉": 1, "logo": 2, "很多": 3, "这次": 2, "贸易": 1, "战才": 1, "这是": 1, "时代": 2, "国家": 7, "前段": 1, "时间": 2, "找到": 1, "稿件": 1, "都": 8, "找": 2, "折服": 1, "心情": 1, "南斯拉夫": 2, "大使馆": 3, "公里": 1, "二十年": 3, "误炸": 1, "国防": 2, "预算": 2, "千亿": 1, "此后": 1, "逐年": 1, "提升": 1, "2019年": 2, "1.19万亿": 1, "炸": 1, "拐点": 2, "针对": 4, "打压": 3, "改变": 2, "发生": 1, "事情": 2, "态度": 1, "面对": 1, "但愿": 1, "场": 1, "贸易战": 2, "好事": 1, "2塞尔维亚·诺维萨德": 1, "科创版": 1, "疯狂": 1, "炒作": 1, "记住": 1, "烟花": 1, "冷彩云易散": 1, "穿": 1, "华丽": 1, "衣服": 1, "肉体": 1, "凡胎": 1, "从来": 1, "鼓励": 1, "指导": 1, "腾讯": 3, "大江": 1, "山野": 1, "打拼": 1, "企业": 3, "喂食": 1, "太": 2, "毁人不倦": 1, "理性": 1, "远离": 2, "风险": 1, "喧嚣": 1, "搞出": 1, "想象": 3, "能力": 3, "创新": 3, "走向": 1, "台阶": 1, "下半年": 2, "关注": 2, "摄像头": 1, "期待": 4, "牛逼": 1, "芯片": 4, "突破": 2, "4G": 1, "CPU": 1, "综合体": 1, "计算": 1, "存储": 1, "多种": 1, "基带": 4, "整合": 2, "5G": 18, "无论是": 1, "巴龙": 1, "5000": 1, "高通X50": 1, "X55": 1, "独立": 1, "9月": 1, "Mate30": 1, "支持": 3, "功能": 1, "麒麟": 1, "990": 1, "进去": 1, "改写": 1, "格局": 1, "领先": 3, "功耗": 1, "电池": 1, "大小": 1, "通信": 1, "效果": 1, "都会": 1, "影响": 3, "全世界": 1, "相形见绌": 1, "不知": 1, "惊喜": 1, "南非": 4, "总统": 4, "嫉妒": 6, "": 1, "魔道": 3, "祖师": 1, "动画": 1, "☞": 1, "主题": 4, "壁纸": 1, "☜": 1, "深夜": 1, "冲动": 1, "花": 1, "9": 2, "块": 2, "杯": 1, "奶茶": 1, "价格": 1, "真的": 2, "第一": 2, "商店": 1, "好坑": 1, "据说": 1, "开心": 2, "切换": 1, "人物": 1, "动态": 1, "蓝": 1, "哥哥": 1, "忘羡": 1, "放": 1, "转圈圈": 1, "耶": 1, "治愈": 1, "易烊": 2, "千玺x": 1, "易": 1, "烊": 3, "千": 12, "玺": 12, "满分": 2, "时尚": 2, "2019.06": 1, "nova5": 2, "宣传": 2, "TVC": 1, "TFBOYS": 3, "易烊": 18, "千玺": 6, "Shirts|Zickness@zickness_officialfrom": 1, "magmode": 1, "名堂": 1, "先进": 1, "放宽": 2, "纳瓦罗": 2, "2日": 1, "销售": 1, "含量": 1, "低": 1, "少量": 1, "半导体": 3, "产品": 3, "坏处": 1, "供货": 2, "对象": 1, "限于": 1, "新一代": 1, "通讯": 1, "标准": 1, "措施": 1, "禁止": 1, "交易": 1, "实体": 1, "清单": 1, "预计": 1, "美方": 1, "公布": 2, "解除": 1, "列表": 1, "包括": 2, "日本": 1, "在内": 1, "行业": 1, "之间": 2, "经贸": 1, "谈判": 1, "备受": 1, "各方": 1, "本身": 2, "希望": 1, "全球": 5, "公用": 1, "开放": 2, "发展": 1, "关键": 1, "建立": 2, "两三": 1, "微评": 1, "听到": 1, "速度": 1, "60％": 1, "心潮澎湃": 1, "指望": 1, "没戏": 1, "O": 3, "千玺": 1, "nova星": 1, "2019.06.14": 1, "衬衫": 1, "Zickness@zickness_official​": 1, "万字": 2, "曝光": 3, "谈": 3, "140": 3, "136": 3, "用华": 3, "5日": 1, "心声": 1, "社区": 1, "篇": 1, "6月": 1, "24日": 1, "媒体": 1, "纪要": 1, "诸多": 1, "热门": 1, "话题": 1, "回应": 1, "计划": 1, "市场": 1, "谈吐": 1, "足以": 1, "展现": 1, "底气": 1, "自信": 1, "号": 1, "外号": 1, "外观观": 1, "开设": 1, "栏目": 1, "懂": 1, "骗": 1, "读书": 1, "内容": 1, "内刊": 1, "文摘": 1, "中和": 1, "聊": 2, "海外": 1, "项目": 1, "华为人": 1, "L微": 1, "丢": 1, "刚": 1, "酒店": 1, "北京": 3, "旗舰店": 1, "装修": 1, "国贸": 1, "听说": 1, "就要": 1, "开业": 1, "·": 1, "富力": 1, "广场": 1, "三": 1, "款": 2, "重量级": 1, "旗舰": 1, "iPhoneXIMax": 1, "Mate30Pro": 1, "三星": 1, "Note10": 1, "渲染图": 1, "陆续": 1, "蔡康禾": 1, "狠": 2, "不利": 2, "讽刺": 1, "意味": 1, "想": 1, "优势": 1, "地位": 2, "做法": 1, "确保": 1, "断供": 1, "出于": 2, "商业": 1, "理由": 1, "生产": 1, "较为": 1, "落后": 1, "替代品": 1, "情况": 1, "依赖": 1, "自给自足": 1, "这样一来": 1, "得以": 1, "O蔡康禾": 1, "李必": 1, "长安": 1, "十二": 1, "时辰": 1, "淬火而生": 1, "百炼成钢": 1, "精金": 1, "锻造": 1, "坚毅": 1, "内心": 1, "勇敢": 1, "践己": 1, "初衷": 1, "改": 1, "旅": 1, "歌": 1, "汗水": 1, "见证": 1, "奇迹": 1, "诞生": 1, "实力": 1, "铸就": 1, "舞台": 2, "王者": 1, "千玺[cp": 1, "]易": 1, "烊千": 1, "玺帅": 1, "粉丝": 1, "可爱": 3, "中戏": 3, "yyqx帅": 1, "四": 7, "字": 8, "弟弟": 4, "nova": 1, "野兽派": 1, "千玺阿迪": 1, "沙宣": 1, "BottegaVeneta葆": 1, "蝶家": 1, "szddyyqx": 1, "千玺易烊": 1, "唱歌": 3, "现场": 3, "liveyyqx": 1, "yy": 6, "qx": 6, "live四": 2, "四字": 2, "字帅": 1, "苏四字": 1, "甜": 1, "雕塑": 1, "千玺yyq": 1, "x帅": 1, "舞蹈": 1, "/": 1, "cp]KDon'tTieMeDown-TFBOYS": 1, "千玺K": 1, "亲爱": 1, "谜底": 1, "揭晓": 1, "传": 1, "沸沸扬扬": 1, "并非": 1, "用于": 1, "不对": 1, "研发": 1, "波": 1, "666": 1, "阿里": 2, "市值": 3, "分列": 1, "100": 1, "5万亿": 1, "估计": 1, "总和": 1, "拉马福萨": 2, "心理": 1, "日前": 1, "指责": 1, "经济体": 1, "带来": 1, "美好": 1, "未来": 1, "一家": 1, "超过": 2, "惩罚": 1, "这家": 1, "网页": 1, "链接": 1}