{"华为": 84, "轮值": 7, "董事长": 8, "回应": 10, "特朗普": 27, "封杀": 10, "推文": 6, "：": 43, "竞争": 25, "美国": 59, "赢": 2, "先进": 7, "科技": 2, "北京": 4, "时间": 5, "2月": 6, "21日": 6, "晚间": 1, "发展": 5, "5G": 54, "技术": 21, "发送": 1, "条": 2, "随后": 1, "胡厚崑": 5, "建设": 6, "网络": 18, "O华": 1, "反转": 1, "！": 16, "英": 1, "、": 12, "德": 1, "表态": 1, "发推": 1, "改口": 1, "称": 9, "获胜": 5, "英国": 7, "通讯": 2, "情报": 1, "机构": 2, "——": 1, "政府": 10, "通信": 3, "总部": 1, "GCHQ": 1, "主任": 1, "汉尼根": 1, "RobertHannigan": 1, "金融": 1, "时报": 4, "撰文": 1, "NCSC": 1, "从未": 1, "发现": 2, "证据": 1, "证明": 2, "中国": 4, "恶意": 1, "活动": 1, "采用": 2, "都": 10, "代表": 4, "接受": 9, "风险": 3, "断言": 1, "无稽之谈": 1, "路透社": 1, "言论": 1, "反驳": 1, "设备": 5, "威胁": 2, "国家": 4, "指控": 1, "德国": 6, "同盟国": 2, "项": 1, "调查": 3, "并未": 1, "显示": 1, "秘密": 1, "窃取": 1, "数据": 1, "联邦": 1, "信息": 1, "办公室": 1, "BSI": 1, "官员": 4, "专家": 1, "相关": 1, "未": 1, "不当": 2, "一家": 1, "构建": 4, "基础": 1, "设施": 1, "龙头": 1, "供应商": 2, "价格": 1, "低": 1, "业务": 2, "工业界": 1, "担心": 1, "德企": 1, "市场": 6, "支持": 1, "尽快": 4, "新西兰": 8, "态度": 6, "发生": 2, "排除": 2, "此前": 1, "2018年": 1, "11月": 1, "澳大利亚": 1, "安全局": 1, "GCSB": 2, "为由": 1, "阻止": 2, "公司": 10, "Spark": 2, "形势": 1, "好转": 1, "首相": 1, "JacindaArdern": 1, "消除": 1, "担忧": 2, "尚未": 1, "最终": 3, "不少": 1, "组建": 1, "印度": 1, "无线": 1, "泰国": 1, "开放": 1, "测试": 1, "开设": 1, "东南亚": 1, "第一": 7, "试验台": 1, "菲律宾": 1, "环球": 4, "电信": 1, "对手": 1, "计划": 1, "利用": 1, "本国": 1, "优势": 1, "无奈": 1, "推特": 9, "希望": 7, "尽可能": 1, "快": 3, "6G": 4, "标准": 1, "智能": 3, "加紧": 1, "努力": 1, "落后": 2, "未来": 6, "领域": 5, "甩": 1, "身后": 1, "理由": 2, "当下": 1, "社评": 2, "灵活": 2, "自我": 2, "解套": 2, "花费": 1, "心思": 1, "选择": 5, "很": 6, "技巧": 1, "老谋深算": 1, "高标准": 1, "切入": 1, "敌对": 1, "还原": 1, "拥有": 2, "本色": 1, "O": 5, "​": 17, "外媒": 5, "伸出": 4, "橄榄枝": 4, "总统": 4, "发表": 2, "外国": 2, "随时": 1, "O外媒": 1, "橄榄枝​": 2, "川普": 4, "这几天": 1, "恼火": 1, "大骂": 1, "搞": 2, "高铁": 2, "蠢材": 1, "唯一": 1, "烂尾": 1, "工程": 1, "丢尽": 1, "脸面": 1, "更有甚者": 1, "才": 2, "思科": 1, "忽悠": 1, "5": 1, "Ｇ": 1, "绕": 1, "专利": 1, "等于": 1, "发文": 1, "企业": 2, "这项": 1, "关键": 1, "透过": 1, "连接": 1, "疾速": 3, "来袭": 1, "倒计时": 2, "24日": 4, "MWC2019": 6, "西班牙": 2, "巴塞罗那": 4, "见证": 1, "关注": 1, "+": 3, "话题": 1, "转评": 2, "说说5G": 2, "时代": 2, "期待": 1, "事情": 1, "____": 1, "@": 5, "抽奖": 1, "平台": 2, "随机": 1, "抽": 1, "送": 3, "子母路": 1, "Q2": 1, "1母": 1, "1子": 1, "L华": 2, "终端": 2, "秒拍": 4, "视频": 7, "越来越": 5, "年轻人": 2, "外卖": 2, "工厂": 2, "年后": 1, "组装": 1, "线": 1, "需求": 1, "暴增": 1, "富士康": 1, "遭逢": 1, "三年": 1, "前所未见": 1, "工人": 2, "短缺": 1, "局面": 1, "一丁半点": 1, "对半": 1, "减少": 1, "制造业": 2, "招": 2, "送外": 1, "卖": 1, "饿了么": 1, "全职": 1, "骑手": 1, "均": 1, "收入": 1, "8000": 1, "元": 1, "高处": 1, "走": 1, "~": 1, "这次": 2, "机智": 1, "喜气": 1, "阻击": 1, "安哥": 1, "游戏": 1, "#O": 1, "网页": 1, "链接": 1, "转发": 3, "O胡厚崑": 1, "回怼": 1, "建": 4, "MJ车": 1, "谈": 3, "75": 1, "岁": 1, "创始人": 4, "出门": 1, "开车": 1, "座驾": 1, "劳斯莱斯": 1, "幻影": 1, "奔驰": 1, "迈巴赫": 1, "雷克萨斯": 1, "老款": 1, "LX": 1, "硬汉​": 1, "探索": 1, "化身": 1, "先锋": 1, "邀": 1, "穿梭": 1, "新时代": 1, "生活": 2, "变化": 1, "消费者": 1, "请": 2, "联接": 2, "传送门": 1, "就绪": 1, "晚": 1, "21:00": 1, "锁定": 2, "官方": 3, "带": 1, "开启": 1, "充满": 1, "想象": 1, "确认": 3, "派": 2, "高官": 2, "参加": 2, "一带": 3, "一路": 3, "国际": 3, "合作": 4, "高峰": 3, "论坛": 3, "禁令": 1, "关系": 2, "面临": 1, "挑战": 1, "22日": 1, "封": 1, "回复": 2, "邮件": 1, "外交": 1, "贸易部": 1, "发言人": 1, "贸易": 1, "出口": 1, "增长": 2, "部长": 1, "戴维·帕克": 1, "出席": 1, "四月": 1, "举办": 1, "并称": 1, "高度": 1, "重视": 1, "中方": 1, "伙伴": 1, "递出": 2, "国会": 1, "山报": 1, "网站": 1, "当地": 1, "……": 3, "取胜": 3, "封锁": 1, "淡化": 1, "一时间": 1, "难": 1, "到底": 1, "三星": 10, "任正非": 14, "记者": 3, "专访": 5, "大度": 1, "感谢": 7, "不停": 1, "宣传": 6, "合同": 2, "听": 1, "想": 4, "近日": 2, "CEO": 2, "首次": 1, "采访": 4, "大人物": 5, "原本": 3, "常人": 3, "谈论": 3, "影响力": 3, "...": 1, "真的": 1, "谢谢": 3, "提携": 1, "知识": 1, "产权": 1, "争议": 1, "做出": 2, "一点": 1, "员工": 1, "给予": 1, "奖励": 1, "新闻": 1, "来源": 2, "L": 3, "发": 3, "做好": 1, "老板": 2, "联播": 2, "​​​": 1, "解锁": 1, "内容": 1, "21:00-22:00": 1, "手机": 5, "直播": 1, "畅享": 2, "精彩": 1, "威胁论": 2, "人为": 1, "生意": 2, "接到": 1, "机场": 2, "门口": 1, "广告位": 1, "不对": 1, "迪拜": 1, "拿到": 2, "位置": 1, "让给": 1, "MWC": 1, "证件": 1, "入场券": 1, "绳子": 1, "距": 1, "世界": 1, "大会": 1, "开幕": 1, "3": 2, "无处不在": 1, "；": 3, "普惠AI": 1, "无所不及": 1, "开拓": 1, "创新": 2, "商业": 2, "融汇": 1, "三大": 1, "热点": 1, "美好": 1, "开创": 1, "展区": 5, "位于": 1, "FiraGranVia": 1, "1号馆": 1, "1H50": 1, "3号馆": 1, "I": 1, "30": 1, "4号馆": 1, "城市": 1, "7号馆": 1, "7C21": 1, "7C31": 1, "度": 2, "美媒": 2, "从不": 3, "参与": 3, "间谍": 3, "加拿大": 2, "扣押": 3, "孟晚舟": 2, "纯粹": 2, "出于": 2, "政治": 4, "动机": 2, "广播": 2, "BBC": 1, "哥伦比亚": 1, "曝光": 1, "针对": 1, "指使": 1, "案": 1, "CNN": 1, "节目": 2, "发起": 1, "投票": 3, "打击": 1, "原因": 2, "19日": 1, "账号": 1, "发布": 1, "24%": 1, "因素": 3, "61%": 1, "13%": 1, "2%": 1, "L视频": 1, "GalaxyS10+DXOMark": 1, "得分": 4, "出炉": 1, "拍照": 2, "114分": 2, "97": 2, "总分": 1, "109": 2, "后置": 2, "P20Pro/Mate20Pro": 1, "并列": 5, "前置": 3, "自拍": 2, "96分": 1, "相机": 2, "长沙": 1, "·": 1, "司门口": 1, "高管": 2, "推称": 1, "胜利": 1, "主动": 1, "同意": 1, "观点": 1, "建立": 1, "O特朗普": 1, "原子弹": 1, "转告": 1, "L大佬": 1, "昨天": 1, "谈判": 1, "靠谱": 1, "正面": 1, "权势": 1, "上海": 1, "列车": 1, "运行": 1, "火车站": 2, "O5G": 1, "DxOMark": 4, "公布": 4, "S10+": 4, "拍摄": 1, "总得": 1, "109分": 2, "Mate20Pro": 2, "P20Pro": 2, "录像": 1, "小米": 1, "9": 1, "第三": 1, "退": 1, "第四": 1, "96": 2, "遥遥": 1, "领先": 1, "排": 1, "脸": 1, "光明正大": 2, "眼看": 1, "打压": 1, "五": 1, "眼": 1, "联盟": 1, "崩": 1, "…": 1, "毫无疑问": 1, "郑重其辞": 1, "拒之门外": 2, "明眼人": 1, "一眼": 1, "口中令": 1, "屈居人": 1, "对象": 1, "正是": 2, "施压": 1, "盟友": 1, "名": 1, "行政": 1, "手段": 1, "干预": 1, "讽刺": 1, "本人": 1, "评估": 2, "预测": 2, "局势": 1, "评分": 3, "日前": 1, "官网": 1, "正式": 1, "全新": 1, "GalaxyS10": 2, "款": 1, "综合": 1, "水平": 1, "高分": 1, "超越": 1, "旗舰": 1, "详情": 1, "点击": 1, "O109": 1}