{"掀起": 1, "黑白照": 1, "风潮": 1, "P9": 3, "系列": 5, "人像": 3, "摄影": 8, "大师": 2, "P10": 4, "徕卡AI三": 1, "摄": 3, "P20": 5, "华为": 50, "P系列": 7, "手机": 9, "艺术": 1, "道路": 1, "突破": 3, "3月": 7, "26日": 6, "法国": 4, "巴黎": 4, "P30": 7, "负": 1, "期待": 3, "！": 16, "款": 2, "晒晒": 1, "得意": 1, "作品": 1, "​": 21, "DigiX": 2, "数字": 2, "生活节": 1, "重庆站": 1, "如火如荼": 1, "潮酷": 1, "好玩": 1, "生活": 1, "实验室": 1, "精彩": 1, "快": 1, "渝中区": 1, "时代": 2, "天街": 1, "C馆": 1, "UG层": 1, "中庭": 1, "打卡": 1, "体验": 1, "戳": 1, "视频": 14, "探": 1, "究竟": 1, "关注": 2, "+": 5, "转发": 4, "抽": 2, "送": 2, "运动": 1, "手环": 1, "～": 1, "L华": 4, "终端": 5, "服务": 1, "芯片": 2, "找": 1, "由头": 1, "费城": 1, "半导体": 1, "指数": 1, "嚓": 1, "嚓嚓": 1, "摄像头": 9, "私信": 1, "讨论": 1, "看法": 1, "一个": 7, "高清": 2, "固定": 1, "摆放": 1, "电视": 5, "智能化": 1, "体感": 4, "语音": 3, "唤醒": 1, "监测": 1, "客厅": 2, "休眠": 1, "有人": 1, "待机": 1, "状态": 1, "开机": 2, "立刻": 1, "诸如此类": 1, "功能": 4, "很": 6, "简单": 3, "电子": 1, "猫眼": 1, "早就": 1, "模组": 1, "造价": 1, "便宜": 2, "噱头": 1, "场景": 1, "很多": 1, "不对": 3, "锁定": 4, "当中": 1, "交付": 1, "头像": 1, "识别": 3, "说话": 1, "跳舞": 1, "画面": 3, "好像": 1, "春晚": 1, "好几": 1, "摄像机": 1, "切换": 1, "镜头": 2, "春节": 1, "家人": 1, "拜年": 1, "秀": 1, "小孩": 1, "才艺": 1, "判断": 1, "追踪": 1, "不行": 1, "这是": 2, "小米": 7, "海思": 1, "AI": 2, "搞": 2, "现场": 2, "连接": 1, "大会": 4, "就要": 1, "1": 2, "8": 1, "平板": 1, "笔记本": 1, "都": 5, "市场": 1, "增量": 1, "有限": 1, "行业": 2, "背景": 1, "份额": 1, "例外": 1, "讲到": 1, "扯": 1, "吃瘪": 1, "智能": 4, "价格": 1, "京东": 1, "高科技": 1, "企业": 2, "电商": 1, "米粉": 1, "降维": 1, "打击": 1, "有助于": 1, "接受": 1, "事实": 1, "不抬杠哈": 1, "77": 1, "投稿": 1, "篇": 1, "浏览器": 1, "推送": 1, "简直": 2, "评论": 2, "无语": 1, "——————————————————": 1, "———": 1, "男生": 1, "艾滋病": 2, "主力军": 2, "3": 1, "女生": 1, "女神": 1, "想法": 1, "题目": 1, "都会": 1, "迷": 1, "明明": 1, "男性": 4, "得病": 1, "为啥": 1, "还给": 1, "女性": 3, "分类": 2, "玩": 2, "？？": 1, "原理": 1, "作者": 1, "默认": 1, "观众": 1, "才": 3, "艾滋": 1, "主力": 1, "敌视": 1, "神奇": 1, "思路": 1, "事儿": 1, "男人": 4, "之间": 1, "对话": 1, "失礼": 1, "女": 1, "孩子": 1, "一句话": 1, "——": 2, "远离": 1, "探索": 2, "美学": 1, "科技": 1, "最佳": 1, "方式": 1, "P9徕卡": 1, "双摄": 2, "经典": 2, "黑白": 2, "徕": 1, "卡AI三": 1, "带来": 3, "惊喜": 1, "拭目以待": 1, "RewriteThe": 2, "Rules": 2, "#​": 1, "画幅": 1, "只怕": 1, "场面": 1, "视野": 1, "官方": 3, "秒拍": 5, "真的": 2, "璧山": 3, "高空": 1, "俯瞰": 2, "朝夕相处": 1, "大地": 1, "熟悉": 1, "景象": 1, "模样": 1, "上帝": 1, "视角": 1, "带": 1, "幕": 1, "无比": 1, "惊艳": 1, "眼中": 1, "@": 5, "重庆": 2, "龙湖": 2, "三": 2, "好友": 1, "27日": 1, "抽取": 1, "5": 2, "盆友": 1, "送出": 3, "50": 1, "元": 1, "加油卡": 1, "幸运鹅": 1, "L": 2, "中华": 1, "有为": 1, "真机": 2, "钱": 1, "拥有": 2, "L笑": 1, "拔": 1, "胸毛": 1, "拍": 2, "世界": 4, "随心而动": 1, "挪威": 4, "不再": 1, "设备": 3, "现有": 1, "4G": 1, "网络": 4, "基站": 4, "拆除": 2, "重建": 1, "5G": 3, "建设": 2, "额外": 1, "成本": 2, "1.4万": 1, "旧": 1, "建立": 1, "诺基亚": 1, "爱立信": 1, "60万": 1, "克朗": 1, "70500": 1, "美元": 1, "......O": 1, "美国": 3, "抵制": 1, "欧洲": 7, "买单": 1, "徕卡": 2, "、": 22, "专业": 1, "聚焦": 1, "影像": 1, "技术": 3, "追求": 1, "革新": 1, "产品": 2, "理念": 1, "再次": 1, "官网": 3, "揭秘": 2, "P30Pro": 5, "距离": 2, "发布会": 2, "时间": 2, "泄密": 1, "越来越": 1, "这次": 3, "消息": 1, "海外": 1, "10": 3, "倍": 3, "变焦": 3, "项": 1, "名": 1, "Dual-ViewVideo": 1, "录制": 2, "颗": 1, "工作": 1, "二中": 1, "半": 1, "O华": 1, "详细": 1, "信息": 1, "天气": 1, "暖似": 1, "日子": 1, "寸": 2, "有意思": 1, "：": 6, "勇敢": 1, "猫": 1, "P10APP": 1, "Palettenara": 1, "Hello": 1, "三月": 1, "遇见": 2, "春光": 1, "吹": 1, "黑": 1, "2019年": 1, "值得": 1, "安卓": 1, "旗舰": 1, "​​​": 1, "打脸": 1, "空前": 2, "团结": 2, "彭博社": 1, "去年": 1, "夏天": 1, "特朗普": 1, "政府": 1, "发起": 1, "场": 1, "攻势": 1, "试图": 1, "说服": 1, "盟国": 1, "电信": 2, "禁用": 2, "中国": 7, "有限公司": 1, "为止": 1, "国家": 1, "发布": 4, "禁令": 1, "合同": 1, "领导人": 1, "希望": 1, "超高速": 1, "无线": 1, "推动": 1, "数据": 1, "经济": 1, "增长": 1, "O打脸": 1, "林": 1, "志炫": 1, "今晚": 2, "年会": 1, "🎊": 1, "燃情": 1, "时刻": 1, "🎉": 1, "林志炫TerryLin": 1, "燃爆": 1, "8K": 2, "刮一阵": 1, "风": 1, "": 1, "李健": 2, "感谢": 2, "还要": 1, "淡定": 1, "手抖": 1, "dei不dei?": 1, "不止": 1, "演唱会": 1, "广州": 1, "站": 1, "Lblueblue_o_0": 1, "胡歌": 1, "严谨": 1, "代言人": 1, "只能": 1, "签华": 1, "哈哈哈哈": 1, "L制": 1, "杖妹": 1, "非洲": 2, "上千万": 2, "中国人": 2, "淘金": 2, "品牌": 3, "安踏": 1, "名创": 1, "传音": 1, "联想": 1, "vivo": 1, "OPPO": 1, "美的": 1, "输出": 1, "依然": 3, "弱": 1, "化妆品": 1, "日化": 1, "首饰": 1, "品类": 1, "阵亡": 1, "超市": 1, "整排": 1, "排": 1, "知名": 1, "国际": 2, "联合利华": 1, "宝洁": 2, "雀巢": 1, "卡夫": 1, "一刻": 1, "感受": 1, "差距": 1, "国内": 1, "媒体": 1, "意淫": 1, "嘲笑": 1, "殊不知": 1, "全球": 1, "竞争力": 1, "遥遥领先": 1, "出海": 1, "大势所趋": 1, "任重道远": 1, "长期": 1, "不懈": 1, "努力": 1, "崛起": 1, "核心": 1, "动力": 1, "O非洲": 1, "之际": 1, "回顾": 2, "发展史": 1, "名不见经传": 1, "默默无闻": 1, "弄潮儿": 1, "享誉": 1, "拍照": 1, "机皇": 1, "…": 1, "经历": 1, "太": 2, "故事": 1, "P1": 1, "P2": 1, "P6": 1, "P7": 1, "P8": 1, "即将": 2, "坎坷": 1, "创新": 2, "绽放": 1, "涵盖": 1, "余承东": 1, "奋斗史": 2, "国产": 1, "凝结": 1, "老": 1, "用户": 1, "集体": 1, "记忆": 1, "感慨": 1, "颇": 1, "排球": 3, "影院": 1, "郎平": 2, "激情": 2, "岁月": 2, "自我": 2, "团队": 3, "超越": 2, "昨天": 1, "生态": 1, "伙伴": 1, "2019": 1, "福州": 1, "拉开": 1, "帷幕": 1, "聚而生·": 1, "进化": 1, "主题": 2, "女排": 2, "主教练": 1, "特邀": 1, "嘉宾": 1, "上午": 1, "演讲": 1, "环节": 1, "分享": 1, "格局": 1, "技战术": 1, "发展": 1, "过程": 1, "应变": 1, "成长": 1, "合作": 1, "精神": 1, "迎接": 1, "挑战": 1, "完整": 1, "今日": 2, "妙趣横生": 1, "鲜活": 1, "畅享": 1, "趣味": 1, "活力": 1, "朴": 1, "宝剑": 1, "站姐们": 1, "下午": 1, "尽情": 1, "欣赏": 1, "神颜": 1, "期望": 1, "留下": 1, "亲手": 1, "拍摄": 1, "独有": 1, "回忆": 1, "隆重": 1, "介绍": 1, "mate20Pro": 1, "拉近": 2, "遥远": 1, "屏幕": 1, "玩密室": 1, "逃脱": 2, "四": 1, "爱": 1, "nova4e": 1, "自拍": 1, "哥哥": 1, "姐姐": 1, "困在": 1, "密室": 1, "八点戳右O": 1, "网页": 1, "链接": 1, "在线": 1, "揪": 1, "美": 1, "少年": 1, "小天鹅": 1, "音箱": 1, "苹果": 1, "清水套": 1, "重点": 1, "观察": 4, "成交量": 2, "放大": 1, "主线": 1, "依旧": 1, "一带": 2, "一路": 2, "创投": 1, "广电系": 1, "超清": 2, "实业": 1, "情绪": 1, "标杆": 1, "即可": 1, "第一": 1, "小时": 1, "1800亿": 1, "短期": 1, "高位": 1, "震荡": 1, "区间": 1, "降低": 1, "风险": 1, "偏好": 1, "不宜": 1, "追高": 1, "接力": 1, "高位板": 1, "皮皮": 1, "计划": 1, "折腾": 1, "持续性": 1, "4K": 1, "下周": 1, "Ps": 1, "点赞": 1, "大赚": 1, "账户": 1, "长红": 1, "西南": 2, "医科": 2, "时光": 1, "段": 1, "可谓": 1, "闹": 1, "沸沸扬扬": 1, "继华": 1, "试用": 1, "神机": 1, "问世": 1, "没错": 1, "亮相": 1, "首款": 1, "折叠": 1, "小伙伴们": 1, "新机": 1, "颜值": 1, "有没有": 1, "心动": 1, "共青团": 1, "大学": 1, "委员会": 1, "TA": 1, "晚安": 1, "时光机": 1, "穿梭": 1, "回到": 1, "10年": 1, "人生": 1, "建议": 1, "转评": 1, "聊聊": 1, "小云": 1, "随机": 1, "耳机": 1}