{"央视": 23, "新闻": 7, "直播": 5, "专访": 24, "！": 7, "任正非": 59, "回应": 7, "热点": 5, "日前": 3, "华为": 116, "创始人": 6, "、": 29, "CEO": 7, "深圳": 1, "总部": 6, "接受": 13, "面对面": 8, "外界": 1, "关心": 3, "发展": 1, "大篇幅": 1, "谈": 11, "基础": 3, "教育": 8, "海思": 4, "设立": 2, "背后": 4, "故事": 2, "美": 5, "贸易": 4, "↓": 2, ".": 2, "很": 10, "超然": 3, "：": 35, "死": 13, "两万": 3, "枚": 3, "奖章": 3, "写": 4, "梳理": 3, "去掉": 3, "胜利": 3, "高端": 3, "产品": 4, "美国": 45, "办法": 3, "L": 9, "视频": 20, "对话": 1, "5月": 9, "21日": 2, "下午": 2, "记者": 2, "董": 2, "倩": 2, "这是": 2, "时隔": 1, "120": 1, "再次": 1, "第二": 1, "国内": 1, "电视": 2, "媒体": 2, "谈及": 3, "点击": 1, "新浪": 2, "科技": 2, "​": 6, "邬贺": 1, "铨谈": 1, "事件": 4, "熟练": 5, "ARM": 8, "架构": 5, "修改": 6, "贵阳": 1, "数博会": 4, "5G": 17, "智联": 1, "万物": 1, "数字": 1, "慧通": 1, "未来": 1, "论坛": 1, "中国": 8, "工程院": 2, "院士": 3, "邬贺铨": 3, "称": 7, "CPU": 1, "买": 1, "V8": 1, "永久": 1, "使用权": 1, "消化": 1, "东西": 1, "不见得": 1, "提供": 4, "V9": 1, "升级": 1, "O邬": 1, "贺铨": 1, "夜读": 1, "丨山·海·经": 1, "近日": 3, "4月": 1, "注册": 1, "一批": 1, "商标": 1, "曝光": 1, "昆仑": 1, "白虎": 1, "当康": 1, "皆": 1, "取自": 1, "山海经": 2, "不止": 1, "古今语怪": 1, "祖": 1, "山": 1, "海": 1, "纬": 1, "行经": 1, "世界": 3, "上古": 2, "社会": 1, "生活": 1, "百科全书": 1, "纵观": 1, "中华": 1, "五千": 1, "文明史": 1, "奇书": 1, "独一无二": 1, "夜深": 1, "不妨": 1, "循": 1, "先民": 1, "足迹": 1, "溯游": 1, "捕捉": 1, "兽": 1, "无穷": 1, "奥秘": 1, "……": 2, "O山·海·经": 1, "墨西哥": 8, "餐厅": 11, "店": 2, "消费用": 1, "送": 3, "卷饼": 2, "一家": 5, "名为": 3, "TaqueriaTachitos": 3, "贴出": 1, "告示": 1, "携带": 1, "设备": 12, "食客": 1, "消费": 2, "超过": 3, "60": 2, "比索": 2, "22": 2, "元": 2, "人民币": 2, "免费": 3, "获赠": 1, "一个": 6, "玉米卷": 3, "理解": 2, "痛苦": 2, "社交": 1, "配": 1, "拥抱": 2, "图片": 1, "O墨西哥": 1, "预感": 1, "手机": 2, "点赞": 1, "关注": 1, "@": 4, "奥黛丽ho哥": 1, "抽": 1, "台": 1, "P30": 1, "!": 1, "6月": 1, "2号": 1, "抽奖": 1, "平台": 1, "希望": 11, "国家": 13, "繁荣富强": 9, "欺负": 9, "26日": 6, "晚间": 3, "消息": 5, "独家": 3, "主持人": 3, "操": 3, "份": 4, "也许": 3, "别人": 4, "闲心": 3, "回答": 3, "爱国": 3, "爱": 3, "人才": 4, "储备": 3, "各国": 1, "网罗": 1, "优秀": 1, "英国": 1, "建": 1, "芯片": 2, "工厂": 1, "招": 3, "动手": 1, "能力": 1, "德国": 1, "博士": 2, "五六": 1, "倍": 1, "工资": 2, "新西伯利亚": 1, "大学": 1, "计算机": 1, "竞赛": 1, "冠军": 1, "进来": 1, "俄罗斯": 2, "提高": 1, "待遇": 1, "很多": 3, "科学家": 1, "工作": 3, "O": 6, "全程": 3, "穷": 4, "教师": 2, "场": 1, "篇幅": 1, "特谈": 1, "话题": 1, "戳": 1, "微软": 6, "停止": 3, "合作": 2, "Windows": 3, "暂停": 3, "供应": 2, "订单": 3, "南华": 1, "早报": 1, "知情": 1, "人士": 1, "透露": 1, "列入": 2, "黑名单": 1, "购买": 1, "技术": 2, "效仿": 1, "谷歌": 1, "做法": 1, "之间": 1, "业务": 3, "领域": 1, "笔记本": 1, "电脑": 1, "操作": 2, "系统": 3, "内容": 2, "相关": 1, "服务": 5, "都": 7, "这家": 2, "公司": 5, "遵守": 1, "政府": 8, "对此": 1, "来源": 1, "老板": 5, "联播": 5, "O微软": 1, "副总裁": 4, "鲁勇": 4, "专利": 4, "全球": 6, "排名": 2, "第一": 4, "超": 2, "企业": 5, "2019年": 3, "发表": 2, "演讲": 2, "将近": 2, "核心": 3, "占比": 2, "15%": 2, "20%": 2, "面临": 2, "外部": 2, "挑战": 2, "通信": 2, "产业": 2, "自豪": 2, "行业": 2, "领先": 2, "秒拍": 7, "国际": 1, "友人": 1, "支持": 2, "赠": 4, "用户": 4, "玉米": 1, "卷": 1, "鸡翅": 2, "围追": 1, "堵截": 1, "愈加": 1, "变本加厉": 1, "国内外": 1, "网友": 2, "空前": 1, "高涨": 1, "这不": 1, "餐馆": 1, "赠菜": 1, "方式": 2, "力挺": 1, "彭博社": 1, "报道": 3, "位于": 1, "墨西哥城": 1, "运营商": 14, "尚未": 1, "当地": 1, "焦灼": 1, "状态": 10, "营销": 1, "机会": 1, "(": 1, ")": 1, "客人": 1, "发布": 2, "Facebook": 1, "帖子": 1, "旁边": 1, "环球": 1, "时报": 5, "英文版": 1, "O用": 1, "挺": 1, "纽约": 4, "警告": 1, "禁华": 1, "冲击": 1, "农村": 5, "无线": 4, "网络": 12, "名": 5, "担忧": 2, "登上": 1, "25日": 2, "正是": 1, "特朗普": 1, "禁令": 1, "传输": 1, "信号": 1, "成本": 3, "低廉": 1, "无线网": 4, "人口": 1, "稀少": 1, "地区": 2, "供应商": 1, "1/4": 1, "小型": 3, "代表": 1, "55": 1, "组织": 2, "估计": 1, "中兴": 1, "替代": 1, "花费": 2, "8": 2, "10亿": 1, "美元": 2, "无独有偶": 1, "这两天": 1, "流传": 1, "段": 1, "实际上": 2, "出自": 1, "1月": 1, "20日": 1, "CCTV": 1, "频道": 1, "播出": 1, "节目": 3, "西方": 1, "高档": 1, "别墅": 2, "群": 2, "大规模": 1, "每家": 1, "每户": 1, "铺": 1, "光纤": 1, "进去": 1, "想": 4, "小基站": 1, "装": 1, "方圆": 1, "全世界": 4, "L环": 1, "崔娃": 2, "脱口秀": 2, "吐槽": 2, "作弊": 1, "耍赖": 1, "攻击": 3, "行政": 1, "手段": 2, "封禁": 1, "相比": 1, "如同": 1, "LD": 1, "DVD": 1, "区别": 1, "遥遥领先": 1, "打压": 1, "监视": 1, "可惜": 1, "L中报": 1, "周鸿祎": 6, "领导权": 3, "截获": 3, "侦听": 3, "数据": 3, "极客": 1, "公园": 1, "Rebuild2019": 1, "商业": 1, "峰会": 1, "禁用": 1, "电信": 4, "劳民伤财": 2, "针对": 2, "交易令": 1, "干扰": 1, "经营": 1, "损害": 1, "消费者": 2, "利益": 1, "包括": 3, "斯科比": 1, "在内": 1, "两万多": 1, "平方公里": 1, "偏远": 1, "——": 1, "尼蒙特": 1, "采访": 1, "70%": 1, "来自于": 1, "首席": 1, "执行官": 1, "基尔戈": 1, "威胁": 1, "过分": 1, "炒作": 1, "更换": 3, "太": 2, "影响": 1, "协会": 2, "顾问": 1, "卡丽·贝内特": 1, "高度": 1, "依赖": 1, "费钱": 1, "费时": 1, "预计": 1, "数亿": 1, "三": 1, "七": 3, "时间": 2, "才能": 1, "毫无": 1, "财经": 2, "酷燃": 1, "完美": 5, "没用": 3, "从来": 3, "不用": 3, "完人": 3, "典型": 1, "短板": 2, "不行": 1, "笨": 2, "要死": 1, "家里": 1, "太太": 1, "女儿": 1, "骂": 1, "做长": 1, "这块": 1, "板": 1, "拼": 2, "一块": 1, "长板": 1, "高桶": 1, "用人": 1, "完整": 1, "追求": 1, "缺点": 2, "就要": 1, "好好": 1, "观察": 1, "重用": 1, "科技战": 2, "网络战": 3, "360": 3, "退市": 2, "先见之明": 2, "董事长": 2, "这两年": 1, "事情": 1, "气愤": 1, "举国之力": 1, "对抗": 1, "一点": 1, "意外": 1, "封杀": 1, "原因": 1, "想要": 1, "国安局": 1, "六": 1, "年前": 1, "入侵": 1, "邮件": 1, "利用": 1, "国家级": 1, "部队": 1, "专业": 1, "发起": 2, "抵御": 1, "害怕": 1, "破坏": 1, "布局": 1, "才": 3, "员工": 7, "充满": 3, "战斗力": 5, "处境": 2, "危险": 6, "惰怠": 2, "服从": 2, "分配": 2, "艰苦": 2, "地方": 2, "这才": 2, "全体": 2, "振奋": 2, "个个": 2, "蒸蒸日上": 2, "最佳": 2, "谈华": 1, "抵挡": 1, "暂时性": 2, "困难": 2, "实体名单": 1, "经验": 1, "设计商": 1, "断供": 1, "抵住": 1, "鸿蒙": 1, "兼容": 1, "安卓app": 1, "标准": 1, "撤销": 1, "资格": 1, "发": 1, "篇": 1, "知乎": 1, "文章": 1, "分析": 1, "透彻": 1, "真实": 1, "清醒": 1, "耐心": 1, "嘿哈": 1, "]​": 1, "拍到": 1, "近期": 1, "凌晨": 1, "办公": 1, "大楼": 1, "霸权": 1, "无理": 1, "制裁": 1, "丝": 1, "懈怠": 1, "退却": 1, "保密柜": 1, "备胎": 1, "芯片们": 1, "尽快": 1, "转正": 1, "战士": 1, "彻夜": 1, "倒下": 1, "依然": 1, "灯火": 1, "通明": 1, "#​": 1, "#L": 1, "董事会": 4, "17": 3, "成员": 4, "梁华": 1, "接替": 1, "担任": 2, "职": 2, "20年": 2, "孙": 1, "亚芳": 1, "对外": 1, "掌舵者": 1, "郭平": 2, "徐": 2, "直军": 2, "胡": 2, "厚崑": 2, "孟晚舟": 2, "四": 3, "副董事长": 1, "担当": 1, "重任": 1, "常务": 2, "董事": 2, "丁耘": 2, "余承东": 2, "总裁": 3, "何庭波": 1, "位列": 1, "任职": 2, "年限": 1, "均": 1, "老兵": 1, "创立": 1, "上世纪": 1, "80": 1, "90": 1, "年代": 1, "晚": 1, "汪涛": 2, "投资": 1, "委员会": 2, "主任": 1, "陈": 1, "黎芳": 1, "公共": 1, "事务部": 1, "阎": 1, "力大": 1, "BG": 1, "1997年": 1, "密集": 1, "意味着": 1, "高管": 1, "至少": 1, "名单": 1, "进一步": 1, "缩小": 1, "授权": 1, "事项": 1, "决策": 2, "监督": 1, "执行": 1, "中心": 1, "易烊": 1, "千玺yy": 1, "qx": 9, "搁浅": 1, "有人": 1, "听": 2, "版本": 1, "！！！": 2, "音质": 1, "呜呜": 2, "好听": 1, "耳朵": 1, "怀孕": 1, "TFBOYS": 1, "易烊": 12, "千玺yyqx": 1, "唱歌": 1, "字": 2, "弟弟": 1, "szddsd纸鸟znjj": 1, "歌": 2, "烊": 1, "千": 10, "玺": 10, "中戏": 4, "nova": 1, "野兽派": 1, "千玺阿迪": 1, "天猫": 1, "爸爸": 1, "沙宣": 1, "BottegaVenetayyqx帅yyqx": 1, "可爱": 1, "yy": 6, "yq": 2, "x纪": 1, "梵希yyq": 1, "x天猫y": 1, "x华为yyqx": 1, "舒适圈yy": 1, "舞蹈": 1, "短发yy": 1, "发型": 1, "少年": 2, "封面": 1, "说到": 1, "街舞": 1, "想到": 1, "千玺": 1, "世间": 1, "当如": 1, "crlogo": 1, "侵删": 1, "L千": 1, "苏": 1, "大队长": 1}