{"明星": 2, "偷税": 2, "吸毒": 2, "原谅": 2, "袁隆平": 3, "买": 5, "华为": 75, "手机": 11, "羞辱": 2, "这才": 2, "时代": 6, "悲哀": 2, "！": 18, "南木": 1, "大叔": 1, "​": 17, "中国": 35, "联通": 39, "辟谣": 11, "支持": 23, "：": 16, "造谣者": 6, "胆子": 6, "@": 5, "官方": 2, "消息": 3, "近日": 7, "自媒体": 5, "编造": 5, "企业": 10, "居然": 6, "国内": 8, "四": 10, "运营商": 7, "、": 69, "迎来": 4, "动作": 4, "5G": 27, "合作商": 4, "终于": 4, "可惜": 4, "谣言": 6, "合作": 5, "采购": 5, "颠倒": 5, "黑白": 5, "主观": 5, "臆断": 5, "肆意": 6, "歪曲": 6, "恶意": 6, "诽谤": 6, "媒体": 1, "博眼球": 1, "毫无": 1, "底线": 3, "谴责": 5, "居心不良": 4, "凭空": 4, "捏造": 4, "滥": 4, "扣帽子": 4, "煽动": 1, "公众": 1, "情绪": 1, "误导": 1, "社会": 1, "舆论": 1, "极度": 1, "负": 1, "责任": 1, "造谣": 5, "污蔑": 5, "保留": 3, "法律": 4, "手段": 3, "维护": 3, "公司": 13, "合法": 3, "权益": 3, "权利": 3, "O联通": 2, "搞": 2, "台": 1, "平板": 2, "M6": 1, "体验": 2, "推荐": 1, "乐队": 1, "夏天": 2, "开杜": 1, "视听": 1, "全球": 3, "首款": 1, "杜比": 2, "全景声": 1, "+": 2, "视界": 1, "扬声器": 1, "太": 1, "舒服": 1, "车专": 1, "言平": 1, "手秋": 1, "一个": 7, "幸运": 1, "可爱": 1, "「": 1, "手环": 1, "3Pro": 1, "」": 1, "~": 1, "L诸葛齉齉": 1, "秒拍": 2, "视频": 7, "网络": 12, "组网": 10, "试验": 10, "工作": 10, "7月": 1, "13日": 4, "晚": 2, "发文": 4, "称": 7, "中兴": 5, "爱立信": 5, "通信": 7, "设备": 7, "制造商": 6, "证券": 2, "时报·e": 1, "宮": 1, "脇咲良": 1, "香港": 1, "演唱会": 1, "repo": 1, "暂时": 1, "发": 4, "感受": 1, "华为p30": 1, "全程": 1, "拍": 2, "小亮": 5, "咳嗽": 1, "什么的": 1, "一清二楚": 1, "喝": 1, "水": 1, "超": 1, "很": 3, "心疼": 1, "真人": 1, "真的": 4, "好看": 2, "照片": 1, "难": 1, "体现": 1, "梦": 1, "诶": 1, "见到": 1, "喜欢": 1, "偷看": 1, "地方": 3, "樱吹": 1, "反正": 1, "死": 2, "段": 1, "指": 1, "镜头": 1, "马上": 1, "挥起": 1, "樱花": 1, "皮肤": 1, "援棒": 1, "笑": 1, "点点": 1, "头招": 1, "手": 1, "照顾": 1, "现场": 2, "拍到": 1, "下场": 1, "倒下": 1, "水扶": 1, "尽量": 1, "试试": 1, "上瘾": 1, "结束": 1, "第一": 2, "想": 2, "赶快": 1, "见面": 1, "网传": 2, "怒斥": 2, "声明": 2, "国家": 3, "部署": 2, "诺基亚": 2, "中信科": 2, "扶持": 2, "带动": 2, "芯片": 2, "终端": 2, "产业链": 2, "发展": 7, "壮大": 2, "?​": 1, "时报": 1, "央视": 1, "专访": 1, "读": 1, "浙江": 1, "大学": 2, "田涛": 1, "教授": 3, "剑桥": 1, "贾吉商": 1, "学院": 1, "管理学": 1, "毕马威": 1, "教席": 1, "DavidDeCremer": 2, "联合": 1, "撰写": 1, "基于": 1, "人性": 1, "基础": 2, "之上": 1, "激励": 2, "制度": 1, "实验": 1, "很多": 1, "团队": 11, "设计": 1, "思考": 2, "国大": 1, "听": 2, "课": 1, "参与": 1, "互动": 1, "收获": 1, "签名": 1, "版": 1, "新书": 1, "Huawei:leadership": 1, "culture": 1, "andconnectivity": 1, "朋友": 1, "质量": 1, "屏幕": 1, "莫名其妙": 1, "脱胶": 1, "翘起": 1, "依旧": 1, "理想": 1, "惠山": 2, "浜": 1, "无锡": 1, "古镇": 3, "条": 3, "小河浜": 1, "全长": 1, "公里": 1, "名为": 1, "惠山浜": 1, "河流": 1, "水路": 1, "唯一": 1, "通道": 1, "当年": 2, "清朝": 1, "康熙": 1, "乾隆": 1, "帝": 1, "十二": 1, "来到": 1, "均": 1, "不起眼": 1, "小河": 1, "上乘": 1, "船": 1, "图片": 1, "前置": 1, "3200万": 1, "人像": 1, "超级": 1, "夜景": 3, "nova5": 2, "拍摄": 1, "疑似": 1, "Mate30": 1, "真机": 1, "设计图": 1, "曝光": 1, "标配版": 1, "Pro版": 1, "真假": 1, "自行": 1, "判断": 1, "加拿大": 3, "🇨🇦·溫哥華": 1, "震撼": 1, "華為": 2, "手機": 2, "強": 1, "攝影": 1, "功能": 1, "現": 1, "幾乎": 1, "帶": 1, "單": 1, "出門": 1, "數": 1, "隨意": 1, "拍攝": 1, "即可": 1, "不用": 1, "修片": 1, "路上": 1, "世界": 3, "#": 1, "旅行": 1, "华": 1, "·": 1, "温哥华": 1, "广场": 1, "O5G": 1, "带": 2, "玩": 1, "怒": 1, "记者": 2, "任正非": 3, "花上": 1, "亿": 1, "美元": 4, "请": 4, "IBM": 1, "顾问": 2, "管理": 12, "花": 1, "价钱": 1, "改进": 1, "丰田": 1, "董事": 2, "退休": 1, "高级": 1, "10年": 1, "德国": 1, "工程": 2, "研究院": 1, "十几": 1, "才": 5, "生产": 4, "过程": 1, "走向": 3, "科学化": 1, "正常化": 1, "几万": 1, "块钱": 1, "产品": 2, "几百亿": 1, "上千亿": 1, "花好多亿": 1, "顾问费": 1, "走出": 1, "国门": 1, "全世界": 1, "都": 3, "交付": 1, "各国": 1, "学习": 2, "规范化": 1, "往前": 1, "简单": 2, "6月": 2, "30日": 1, "常务": 1, "BG": 1, "总裁": 1, "丁耘": 1, "25日": 1, "上海": 1, "2019年": 3, "大会": 1, "演讲": 1, "#L": 1, "晚上": 1, "锻炼": 1, "WatchGT": 1, "P30": 1, "系列": 1, "首部": 1, "动画": 1, "短片": 1, "暗夜": 1, "追光": 1, "明天": 1, "即将": 1, "上映": 1, "戳": 1, "预告": 1, "先睹为快": 1, "并称": 1, "安哥": 1, "尊重": 1, "事实": 1, "勿": 1, "传播": 1, "守住": 1, "边界": 1, "道德": 1, "鸿蒙": 1, "系统": 1, "日前": 1, "腾讯": 1, "首测": 1, "数据": 1, "运行": 1, "速度": 1, "快": 1, "安卓": 1, "60%": 1, "禁": 2, "60": 2, "美国": 4, "打压": 1, "创始人": 1, "此前": 1, "采访": 1, "制裁": 1, "影响": 2, "外部": 1, "环境": 1, "风云变幻": 1, "诸多": 1, "挑战": 1, "董事长": 2, "梁华": 2, "依然": 1, "持续": 4, "活": 2, "越来越": 1, "O华": 2, "Mate20Pro": 1, "升级": 1, "固件": 1, "30": 1, "倍": 2, "变焦": 2, "月亮": 5, "模式": 4, "开启": 1, "关闭": 1, "P30Pro": 1, "区别": 1, "防抖": 1, "稳定性": 1, "稍": 1, "差一点": 1, "中午": 1, "吃饭": 1, "聊": 1, "上半年": 1, "厂商": 1, "成功": 1, "营销": 1, "案例": 1, "消费者": 1, "成本": 1, "理解": 1, "长焦": 2, "含义": 1, "50": 1, "用户": 1, "晦涩": 1, "卖点": 1, "充电": 1, "五": 3, "分钟": 1, "通话": 1, "小时": 1, "易懂": 1, "年前": 1, "好事者": 1, "领导": 1, "讲话": 1, "内部": 3, "文章": 2, "整理": 1, "火车": 3, "头传": 3, "告": 2, "研发": 2, "员工": 9, "书": 2, "原生": 2, "家庭论": 2, "字字珠玑": 2, "案": 2, "例集": 2, "戏": 1, "名著": 3, "时至今日": 1, "引用": 1, "释例": 1, "——": 1, "骨干": 5, "表现": 1, "探讨": 1, "价值": 7, "评价": 8, "分配": 2, "战略": 1, "指挥所": 1, "建": 1, "炮火": 1, "业务": 6, "前移": 2, "某部": 1, "08年": 2, "首批": 1, "输送": 1, "一线": 2, "同事": 2, "陆续": 2, "回国": 2, "踏上": 1, "征途": 1, "总部": 1, "A": 4, "基层": 2, "主管": 3, "外派": 6, "提供": 2, "空间": 1, "职级": 1, "3": 1, "18B": 1, "支": 1, "10": 1, "定A": 1, "梯队": 1, "接替": 1, "发达": 4, "地区": 4, "政策": 1, "变化": 2, "首次": 1, "派往": 1, "地点": 1, "发生": 2, "家庭": 2, "成员": 1, "健康": 2, "缘故": 1, "艰苦": 2, "地区部": 1, "反复": 1, "沟通": 1, "坚持不去": 1, "讨论": 1, "予以": 1, "降职": 1, "降薪": 1, "转岗": 1, "专家": 2, "陷入": 2, "深思": 1, "重点": 1, "培养": 1, "识别": 1, "火车头": 1, "连续": 5, "加满": 1, "油": 1, "情况": 1, "养兵千日": 1, "用兵一时": 1, "用兵": 1, "关键": 1, "掉": 1, "链子": 1, "干部": 10, "选拔": 3, "误区": 1, "到底": 1, "符合": 2, "价值观": 5, "部门": 2, "对照": 1, "标准": 1, "核心": 3, "认同": 3, "客户": 1, "中心": 1, "奋斗者": 1, "长期": 1, "艰苦奋斗": 3, "文化": 1, "安排": 1, "匪夷所思": 1, "意愿": 1, "组织": 3, "专业": 1, "急迫": 1, "需求": 1, "不用说": 1, "吃苦": 1, "在先": 1, "冲锋": 1, "这次": 1, "事件": 2, "品德": 3, "唯才是举": 1, "多维度": 1, "考察": 3, "绩效": 5, "能力": 2, "一技之长": 1, "忽略": 2, "考量": 1, "出事": 1, "倍感": 1, "惊讶": 1, "反思": 2, "提出": 2, "警示": 1, "未来": 2, "仅仅": 1, "依据": 1, "业绩": 1, "身先士卒": 1, "吃苦在先": 1, "处处": 1, "表率": 1, "作用": 1, "第三": 1, "感觉": 1, "加满油": 1, "本人": 1, "错觉": 1, "松懈": 1, "思想": 2, "弦": 1, "；": 2, "过度": 1, "表扬": 1, "导致": 1, "自信心": 1, "膨胀": 1, "错误": 1, "这一切": 1, "努力": 1, "理所当然": 1, "科学": 1, "公正": 1, "顺境": 1, "麻痹": 1, "原地": 1, "踏步": 1, "固步自封": 1, "进一步": 1, "角度": 1, "敲响": 1, "警钟": 1, "系统工程": 1, "赋能": 1, "期望值": 1, "具备": 2, "奋斗": 1, "经验": 1, "以此": 1, "牵引": 1, "有时候": 1, "摔": 1, "跤": 1, "件": 1, "好事": 1, "吃一堑长一智": 1, "挫败": 1, "打击": 1, "人生": 1, "磨练": 1, "提升": 1, "类似": 1, "治病": 1, "救人": 1, "教育": 1, "辅导": 1, "深刻": 1, "导向": 1, "发挥": 1, "特长": 1, "做起": 1, "早日": 1, "合格": 1, "管理者": 1, "应有": 1, "素质": 1, "全文": 1, "链接": 1, "详见": 1, "断供华": 1, "1": 2, "伟创力": 11, "长沙": 11, "工厂": 7, "停产": 4, "财新网": 1, "报道": 1, "3月": 1, "期": 2, "项目": 2, "遭遇": 1, "困顿": 1, "5月": 1, "原因": 1, "禁令": 1, "产能": 1, "资料": 1, "显示": 1, "1969年": 1, "成立": 1, "硅谷": 1, "1987年": 1, "仅次于": 1, "富士康": 1, "第二": 1, "电子": 1, "代工": 1, "30多": 1, "拥有": 1, "100多": 1, "座": 1, "20万": 1, "名": 2, "珠海": 1, "深圳": 1, "苏州": 1, "设有": 1, "长沙厂": 1, "2018年": 2, "刚刚": 1, "投建": 1, "吸引": 1, "入驻": 1, "市政府": 2, "开出": 1, "优厚": 1, "条件": 1, "望城经": 1, "开区": 1, "管委会": 1, "人员": 2, "告诉": 1, "财新": 1, "厂房": 2, "建设": 1, "免除": 1, "租金": 1, "供华": 1, "比亚迪": 1, "接手": 1, "工大": 1, "微享": 1, "西工大": 2, "携手": 2, "陕西": 2, "电信": 2, "率先": 2, "欲": 1, "👇👇": 2, "👇O": 1, "重磅": 1, "丨": 1, "鞠": 1, "婧祎": 1, "国风": 1, "年轻": 1, "好处": 1, "L冉辞旧小梦": 1, "魅族": 1, "黄章": 1, "谈": 1, "后年": 1, "算": 1, "成熟": 1, "粉丝": 1, "喷": 1, "智能": 2, "万物": 4, "互联": 4, "绿色": 2, "报告": 1, "署名": 1, "指出": 1, "ICT": 1, "绿化": 1, "技术": 1, "加大": 1, "投入": 1, "打造": 1, "无处不在": 1, "联接": 1, "无所不及": 1, "场景": 1, "智慧化": 1, "O绿色": 1, "构建": 1, "美好": 1}