{"美国": 9, "施压": 2, "盟友": 3, "封杀": 3, "华为": 54, "欧委会": 3, "表态": 6, "：": 13, "不予": 5, "理睬": 6, "四": 3, "知情": 2, "人士": 2, "22日": 1, "路透社": 2, "透露": 1, "针对": 3, "呼吁": 4, "参与": 2, "5G": 4, "建设": 1, "欧盟": 9, "委员会": 2, "下周": 3, "作出": 2, "报道": 3, "称": 4, "数字": 2, "主管": 2, "安德鲁斯·安西普": 1, "26日": 3, "提出": 1, "建议": 2, "敦促": 2, "国家": 4, "分享": 2, "数据": 3, "应对": 2, "相关": 3, "网络": 3, "风险": 2, "对此": 1, "评论": 2, "安西普": 1, "指导": 1, "法律": 1, "效力": 1, "政治": 1, "影响力": 1, "最终": 3, "促使": 1, "立法": 1, "禁止": 1, "交由": 1, "各国": 1, "基于": 1, "做出": 2, "O": 4, "樱花": 1, "盛开": 1, "季节": 1, "相约": 1, "江城": 1, "武汉": 1, "首家": 1, "授权": 1, "体验": 1, "店Plus": 1, "今日": 1, "正式": 1, "开业": 1, "！": 11, "数数": 1, "视频": 8, "产品": 2, "_____": 1, "L华": 3, "终端": 3, "官方": 3, "秒拍": 5, "​": 18, "哈哈哈": 1, "一大": 1, "群": 1, "歪果": 1, "朋友": 3, "迪信通": 1, "卖": 1, "买": 1, "大概": 1, "雷军": 1, "手机": 8, "拍": 7, "月亮": 3, "华为何": 1, "刚": 2, "忍": 1, "不住": 1, "。。。": 1, "距离": 3, "指尖": 1, "消失": 1, "美景": 1, "倒计时": 2, "3": 9, "P30": 5, "拉近": 2, "世界": 4, "": 3, "筑": 1, "建": 1, "文O": 1, "中国": 8, "建筑师": 2, "丢失": 1, "建筑": 1, "黄金": 1, "篇": 1, "行业": 1, "反思": 1, "文章": 1, "写": 1, "透彻": 1, "相比": 1, "笨": 1, "鸟🐤": 1, "小聪明": 1, "走": 1, "弯路": 1, "90后": 1, "设计师": 1, "P30Pro": 7, "真机": 1, "配色": 3, "美": 4, "LC": 1, "科技": 1, "网页": 1, "链接": 2, "华": 1, "主题": 1, "设计": 3, "美学": 1, "截止": 1, "不售​": 1, "电视": 5, "一个": 7, "航天人": 4, "李洪波": 1, "讲演": 1, "感触": 1, "颇": 1, "火箭": 1, "发射": 1, "第一": 1, "20年": 1, "上演": 1, "版": 1, "事件": 2, "阻止": 1, "航天": 2, "发展": 2, "打压": 2, "感谢": 2, "造就": 1, "事业": 2, "点赞": 1, "👍": 1, "当年": 2, "神5": 2, "上天": 2, "台柱子": 1, "症状": 1, "放": 1, "工作": 1, "升天": 1, "确诊": 1, "直肠癌": 1, "晚期": 1, "悲痛欲绝": 1, "哀求": 1, "不惜": 1, "代价": 1, "挽救": 1, "生命": 1, "实在": 3, "回天乏术": 1, "30多": 1, "岁": 1, "跟随": 1, "喜爱": 1, "支": 2, "年轻": 1, "队伍": 1, "强大": 1, "团队": 1, "祝": 1, "保重": 1, "身体": 1, "层": 1, "楼": 1, "卢伟冰": 1, "拍单": 1, "反取": 1, "景器": 1, "讽刺": 1, "认认真真": 1, "相机": 1, "取景器": 1, "算是": 1, "懵": 1, "…": 2, "雷": 1, "转发": 4, "条": 2, "仔细": 1, "内容": 1, "夸红": 1, "米": 1, "小米": 2, "宣传": 1, "节奏": 2, "懂": 1, "…​": 1, "彭博社": 2, "孟晚舟": 4, "喜欢": 1, "苹果": 5, "iPhone": 2, "、": 7, "MBA": 1, "扣": 1, "份": 1, "庭审": 1, "文件": 1, "加拿大": 2, "警方": 1, "去年": 1, "12月": 1, "1日": 1, "温哥华": 1, "国际": 1, "机场": 1, "逮捕": 1, "CFO": 1, "没收": 1, "后者": 1, "iPhone7Plus": 1, "MacBookAir": 1, "iPadPro": 1, "辩护": 1, "律师": 2, "提交": 1, "申请": 1, "获取": 1, "设备": 4, "存储": 1, "副本": 1, "随后": 1, "密封": 1, "司法": 1, "部门": 1, "邮件": 1, "检察": 1, "机关": 1, "同意": 1, "移交": 1, "不列颠哥伦比亚": 1, "法院": 1, "登记处": 1, "等待": 1, "客户": 2, "特权": 1, "评估": 1, "清单": 1, "携带": 1, "——": 1, "Mate20": 1, "RS": 1, "保时捷": 1, "枚": 1, "闪迪": 1, "闪存盘": 1, "SIM卡": 1, "智能": 4, "领域": 3, "对手": 1, "公司": 8, "竞争": 2, "关系": 1, "紧张": 1, "元旦": 1, "期间": 1, "发生": 1, "「": 1, "员工": 2, "发": 2, "推文": 1, "」": 1, "例子": 1, "涉事": 1, "降": 1, "一级": 1, "职级": 1, "月薪": 1, "降低": 1, "5000": 1, "元": 1, "O网页": 1, "感觉": 1, "这是": 1, "电影": 2, "效果": 2, "预告片": 1, "确实": 2, "不错": 2, "技术": 2, "一向": 1, "强项": 1, "反正": 1, "预": 1, "告（tou": 1, "挺": 1, "值得": 1, "期待": 2, "片里": 1, "知识点": 1, "读懂": 1, "L逆时针": 1, "极光": 1, "力压": 2, "高通": 5, "候选人": 6, "成功": 4, "当选": 6, "GPPSA": 4, "全会": 4, "主席": 8, "3GPP": 2, "全球": 2, "通信": 3, "标准化": 1, "组织": 2, "第83": 2, "SA全会": 4, "情况": 1, "击败": 1, "意味着": 1, "未来": 1, "标准": 2, "制定权": 1, "话语权": 1, "意义": 1, "祝贺": 1, "#​": 1, "前辈": 1, "出道": 1, "二十": 1, "载": 1, "实绩": 1, "时代": 2, "诺基": 1, "抗": 1, "旺仔": 1, "卑斯费加罗": 1, "配分": 1, "袋": 1, "大粉": 1, "连发": 1, "十几": 1, "还要": 1, "挽尊": 1, "咖": 1, "抬​": 1, "系列": 2, "3月": 1, "法国": 1, "巴黎": 1, "蓄势待发": 1, "RewriteThe": 1, "Rules": 1, "心肌": 1, "梗死": 1, "多发于": 1, "中老年": 1, "群体": 2, "近年来": 1, "我国": 1, "心肌梗死": 1, "发病": 1, "年轻化": 1, "健康": 3, "饮食": 1, "作息": 1, "习惯": 1, "影响": 1, "因素": 1, "冠心病": 1, "心梗": 1, "疾病": 1, "@": 3, "鲁南": 4, "制药": 4, "欣康": 2, "药物": 1, "治疗": 1, "主力军": 1, "关注": 2, "抽": 3, "送": 1, "L鲁南": 1, "护航": 1, "送华": 1, "TA": 1, "晚安": 1, "误入": 1, "夸夸群": 2, "恭喜": 1, "都会": 1, "收到": 2, "别人": 2, "夸奖": 1, "赞扬": 1, "心情": 1, "安慰": 1, "今晚": 1, "小云": 2, "开设": 1, "求夸": 1, "夸": 1, "随机": 1, "送出": 2, "耳机": 1, "雨季": 1, "来临": 1, "秒": 2, "晴空万里": 1, "倾盆大雨": 1, "城市": 1, "显得": 1, "落寞": 1, "无助": 1, "幸好": 1, "助手": 2, "异常": 1, "天气": 1, "提醒": 1, "雨": 1, "记得": 1, "带伞": 1, "给予": 1, "贴心": 1, "关怀": 1, "满满": 1, "安全感": 1, "+": 1, "聊聊华": 1, "感动": 1, "瞬间": 1, "电源": 1, "~​": 1, "林": 1, "志炫": 1, "林志炫TerryLin志": 1, "炫": 1, "福州": 2, "生态": 1, "伙伴": 3, "大会": 1, "2019": 1, "回": 1, "片出": 1, "不好": 1, "见谅": 2, "太": 3, "热情": 1, "挤": 1, "尽力": 1, "深夜": 1, "出图": 1, "修直": 1, "家里": 1, "电脑": 2, "顺手": 1, "老大": 2, "状态": 1, "很": 6, "依旧": 1, "美美": 1, "帅帅": 1, "音乐": 1, "一如既往": 1, "棒棒": 1, "记录": 1, "美妙": 1, "一刻": 1, "相逢": 1, "希望": 1, "美好": 1, "记忆": 1, "下次": 1, "封禁": 3, "外媒": 2, "23日": 1, "援引": 1, "名": 1, "别国": 1, "副主席": 2, "安德鲁斯•安西普": 1, "下周二": 1, "开箱": 3, "曝光": 3, "双曲": 1, "面水": 2, "滴屏": 2, "发布": 1, "临近": 1, "新机": 1, "爆料": 1, "越来越": 1, "放出": 1, "照片": 1, "显示": 1, "采用": 1, "曲": 1, "包装盒": 1, "经典": 1, "徕卡": 1, "标识": 1, "英文": 1, "证实": 1, "该机": 1, "搭载": 1, "后置": 1, "摄": 1, "……": 1, "详情": 1, "点击": 1, "O华为P": 1, "30": 1, "Pro": 1, "双曲面": 1, "水滴": 1, "屏​": 1, "包装": 1, "全新": 1, "天空": 2, "镜": 1, "玩": 1, "菊厂": 1, "业界": 1, "独树一帜": 1, "难": 1, "模仿": 1, "独有": 1, "变色": 1, "辨识度": 1, "颜色": 1, "抢手": 1, "卖爆": 1, "蓝": 1, "幽紫": 1, "淡雅": 1, "沁人": 1, "心境": 1, "漂亮": 1, "慌": 2, "入局": 1, "业务": 1, "时机": 1, "算": 1, "早": 1, "众": 1, "传统": 1, "家电": 1, "巨头": 1, "虎视眈眈": 1, "跨界": 1, "探索": 1, "互联网": 1, "同行": 1, "高速": 1, "掘进": 1, "即将": 1, "登场": 1, "究竟": 1, "样貌": 1, "几成": 1, "胜算": 1, "O华": 1, "企业家": 1, "刚刚": 1, "GPP": 3, "GeorgMayer": 5, "担任": 1, "3G": 1, "PPCT1": 1, "CT1": 1, "CT": 1, "IETF": 1, "联络人": 1, "推动": 2, "周边": 1, "合作": 1, "很多": 1, "贡献": 1, "此次": 1, "角逐": 1, "EddyHall": 1, "激烈": 1, "兴奋": 1, "本人": 1, "荣幸": 1, "产业": 2, "各界": 1, "信任": 1, "认可": 1, "持续": 1, "架构": 1, "演进": 1, "打造": 1, "高效": 1, "易用": 1, "ICT": 1, "基础": 1, "信息": 1, "平台": 1, "字": 1, "形容": 1, "外观": 1, "哥": 1, "毕竟": 1, "笔记本": 1, "说到底": 1, "Windows": 1, "芯片": 3, "厂商": 2, "另类": 2, "竞赛": 3, "台湾": 1, "中时": 1, "电子报": 1, "投片": 1, "越发": 1, "白热化": 1, "打算": 1, "全力": 1, "冲刺": 1, "旗下": 1, "海思": 1, "出货量": 1, "连带": 1, "想要": 1, "夕间": 1, "打败": 1, "台积电": 1, "名单": 1, "地位": 1, "恐怕": 1, "须要": 1, "段": 1, "时间": 1, "努力": 1}