{"高科技类": 1, "中企": 2, "玻利维亚": 6, "见到": 1, "安防": 8, "公司": 21, "猪": 15, "黑": 1, "1": 1, "太": 3, "忙": 1, "小猪": 3, "粉丝": 1, "一个": 14, "圣克鲁斯": 1, "城市": 2, "很": 3, "遗憾": 1, "碰面": 1, "全国": 10, "出差": 1, "约定": 1, "夹缝": 1, "时间": 4, "O": 2, "下午": 3, "12点": 1, "2点": 1, "三点": 2, "飞机": 2, "短暂": 1, "见面": 1, "小时": 3, "：": 31, "企业": 20, "营销": 1, "模式": 1, "碎片化": 1, "平均": 1, "订单": 1, "2万": 1, "块": 1, "华为": 64, "委内瑞拉": 1, "华人": 1, "小朝": 1, "聊": 1, "听说": 1, "基础": 1, "设施": 1, "赚到": 1, "钱": 1, "听到": 1, "说法": 2, "企分": 1, "工程类": 2, "高科技": 7, "起码": 1, "盈利": 1, "所在": 1, "待遇": 1, "优厚": 1, "税后": 1, "几十万": 1, "工资": 1, "包": 1, "吃": 1, "住行": 1, "刚": 1, "毕业": 1, "1994年": 1, "出生": 1, "不少": 1, "同龄人": 1, "羡慕": 1, "榜样": 1, "全球": 8, "监控": 6, "产业": 10, "中国": 38, "占领": 2, "安防类": 1, "产品": 7, "监控器": 2, "顺便": 1, "提": 1, "2000年": 1, "特定": 1, "地方": 4, "才": 1, "2001年": 2, "911": 1, "转折点": 1, "反恐": 1, "需求量": 1, "大增": 1, "都": 18, "成立": 1, "2010年": 1, "轮": 1, "竞争": 2, "淘汰": 1, "剩下": 1, "30多": 1, "一家": 1, "2018年": 2, "三": 3, "实际上": 3, "占去": 1, "一半": 1, "第一": 7, "500亿": 1, "第二": 3, "200亿": 1, "第三": 1, "欧洲": 4, "几十亿": 1, "……": 8, "足以": 2, "领域": 4, "优势": 4, "3": 2, "企业们": 1, "不仅仅": 1, "行业": 2, "通讯": 1, "基站": 2, "中兴": 1, "对手": 3, "爱立信": 8, "诺基亚": 1, "电子": 1, "占地": 1, "终端": 2, "手机": 14, "造船业": 1, "韩国": 1, "高超": 1, "相关": 5, "本国": 1, "市场": 8, "70%": 1, "利润": 1, "国内": 1, "13亿": 1, "人口": 1, "就算": 2, "美国": 10, "封锁": 1, "影响": 2, "本身": 1, "庞大": 1, "支撑": 1, "升级": 2, "换代": 1, "～": 1, "如今": 1, "吞并": 1, "快": 1, "恐慌": 2, "导致": 2, "诸多": 1, "理由": 2, "打压": 1, "例外": 1, "制裁": 3, "拉美": 1, "技术": 5, "芯片": 7, "供货": 1, "反倒": 1, "促成": 1, "短": 1, "内": 2, "研发": 8, "替代": 1, "买": 1, "库存": 1, "缓冲": 1, "喘息期": 1, "4": 2, "西方": 10, "制造": 4, "联想": 1, "廉价": 1, "质量": 1, "轻工业": 1, "日常": 1, "接触": 1, "小百货": 1, "走": 2, "修路": 1, "修桥": 1, "挖矿": 1, "超越": 3, "得益于": 1, "数理类": 1, "人才": 1, "充裕": 1, "5": 3, "落后": 2, "大型": 4, "精密": 4, "机械": 2, "工业": 3, "差": 1, "一大": 1, "截": 1, "积累": 2, "周期": 2, "几十": 1, "还要": 1, "长": 2, "过程": 3, "产业链": 1, "上游": 1, "高端": 1, "制造业": 1, "机床": 1, "光刻机": 2, "猪举": 1, "例子": 1, "荷兰": 2, "生产": 3, "机器": 2, "电路": 1, "纳米": 1, "意味着": 1, "运行": 1, "顺畅": 1, "自动化": 1, "包括": 2, "高铁": 1, "动车": 1, "贴片机": 1, "台": 1, "卖": 1, "几亿": 1, "元": 4, "依旧": 2, "零部件": 2, "追赶": 1, "仅仅": 1, "美": 5, "帝国主义": 1, "最终": 1, "目的": 1, "想": 5, "消灭": 1, "抹杀": 1, "科技": 2, "崛起": 1, "！": 9, "国人": 1, "记住": 2, "关闭": 1, "GPS": 1, "耻辱": 1, "​": 14, "搜": 1, "荣耀": 8, "智慧屏": 3, "媒体": 5, "稿": 1, "确实": 1, "暗示": 1, "明示": 1, "60W": 1, "关键词": 1, "60": 2, "W+5000": 1, "档": 1, "+": 2, "加上": 1, "网友": 2, "截图": 1, "客服": 1, "回复": 1, "W音箱": 1, "文章": 1, "IT": 1, "168": 1, "O老熊": 1, "科普": 1, "价格": 1, "衡量": 1, "唯一": 1, "标准": 1, "驱动": 1, "O网页": 2, "链接": 2, "iMobile": 1, "中华网": 1, "O荣耀": 3, "智慧": 4, "屏双": 2, "十一": 2, "首战": 2, "大捷": 2, "成同": 2, "档位": 2, "销量": 7, "冠军": 2, "极客": 1, "公园": 1, "知乎": 1, "屏Pro": 1, "鸿蒙": 7, "系统": 8, "、": 32, "55寸4K": 1, "广告": 1, "…": 1, "小米": 5, "电视": 1, "虚": 1, "此刻": 1, "旺角": 2, "香港": 3, "自由行": 2, "风平浪静": 1, "新闻": 4, "到处": 2, "逛": 1, "拍": 1, "自媒体": 1, "波鞋街": 1, "看球鞋": 1, "希望": 2, "和平平": 1, "被捕": 1, "代价": 1, "很多": 2, "内地": 1, "游客": 1, "华为p30": 1, "不禁": 1, "30": 1, "L": 3, "加加": 1, "视频": 8, "挪威": 5, "电信": 7, "参与": 1, "5G": 14, "建设": 3, "13日": 1, "发布会": 2, "总裁": 2, "兼": 1, "首席": 1, "执行官": 1, "西格韦·布雷克": 1, "未来": 1, "年内": 1, "改造": 2, "网络": 3, "现有": 1, "供应商": 1, "设备": 1, "维护": 1, "4G": 2, "地区": 1, "布雷克": 1, "推迟": 1, "合作": 4, "期待": 1, "感到": 1, "满意": 1, "带": 1, "节奏": 1, "路透": 1, "宣称": 1, "弃用": 1, "官方": 1, "北京": 2, "自动": 6, "驾驶": 5, "车辆": 3, "获准": 1, "载人": 3, "载物": 2, "测试": 5, "北京市交通委": 1, "提出": 1, "招募": 1, "志愿者": 1, "18": 1, "岁": 1, "明年": 4, "普及": 1, "精确": 1, "操控": 1, "延时": 1, "6环": 1, "乘坐": 1, "苹果": 3, "开发": 2, "谱儿": 2, "北大": 6, "教授": 6, "世界级": 3, "认同": 1, "联通": 4, "打通": 2, "5GSA": 4, "商用": 2, "网FirstCall": 1, "12月": 3, "9日": 1, "上午": 1, "广东省": 1, "分公司": 2, "组织": 2, "中讯": 1, "邮电": 1, "咨询": 1, "设计院": 1, "有限公司": 1, "广东": 1, "团队": 1, "专家": 1, "广州": 1, "天河区": 1, "外场": 1, "覆盖": 1, "信号": 1, "验证": 1, "商用网": 2, "FirstCall": 1, "正式": 2, "拉开": 1, "序幕": 1, "NSA": 1, "海外": 2, "SA组网": 1, "成功": 2, "大陆": 1, "小镇": 1, "王飞": 2, "老师": 2, "中午": 1, "机场": 2, "特意": 1, "改出": 1, "清晰": 1, "山寨": 1, "建筑": 1, "介绍": 1, "图1~4": 1, "复制": 2, "意大利": 2, "著名": 2, "Castelvecchio城堡": 1, "图6~9": 1, "现实": 1, "Castelvecchio古堡": 1, "始建于": 1, "中世纪": 1, "Castelvecchio": 1, "1959年": 1, "73": 1, "卡罗·斯卡帕": 1, "修复": 2, "斯卡帕": 2, "经典": 2, "代表作": 1, "美颜": 1, "相机": 3, "古堡": 1, "全新": 1, "状态": 1, "P30": 1, "AI": 1, "智能": 2, "细节": 1, "抹去": 1, "现代主义": 1, "买椟还珠": 1, "SOCIARCH": 1, "说到": 1, "镇": 1, "拍摄": 2, "@": 1, "feiarch": 1, "图9": 1, "露怯": 1, "~": 1, "民族": 1, "品牌": 1, "12": 1, "区": 2, "地名": 1, "命名": 1, "之间": 1, "轨道": 1, "火车": 2, "连接": 1, "站": 1, "报": 1, "巴黎": 1, "布鲁日": 1, "Mate30Pro": 4, "RedmiK30": 3, "后置": 2, "布局": 1, "好看": 3, "Redmi": 2, "英国": 5, "创新": 3, "体验": 2, "中心": 2, "落成": 1, "揭幕": 1, "仪式": 1, "16日": 1, "伦敦": 1, "隆重": 1, "主流": 1, "运营商": 2, "机构": 2, "生态": 1, "孵化": 1, "大学": 1, "研究": 1, "业界": 1, "分析师": 1, "业务": 5, "伙伴": 1, "参加": 1, "本次": 1, "揭幕式": 1, "领先": 3, "商业": 1, "世界": 3, "窗口": 1, "汇聚": 1, "共享": 1, "案例": 1, "涵盖": 1, "游戏": 1, "娱乐": 1, "传播": 1, "健康": 2, "医疗": 1, "L华": 1, "「": 1, "」": 1, "推出": 1, "消费者": 2, "软件部": 1, "王成彔": 1, "透露": 2, "平板": 1, "电脑": 1, "全线": 1, "搭载": 1, "亦": 1, "同步": 1, "推进": 2, "王": 1, "成彔": 1, "完善": 1, "成熟": 1, "嘅": 1, "预计": 2, "8月": 1, "开源": 1, "公共": 2, "事务": 1, "高级": 1, "副总裁": 2, "JoyTan": 1, "早前": 1, "受访": 1, "操作": 1, "代码": 1, "行数": 1, "安全性": 1, "2020年": 1, "Linux": 1, "届时": 1, "有望": 1, "第五": 1, "数位": 1, "装置": 1, "作业": 1, "天下": 2, "": 3, "深圳": 3, "小天": 2, "任正非": 1, "放声": 1, "大笑": 1, "每日": 1, "经济": 1, "告诉": 1, "答案": 1, "雷军": 1, "感觉": 2, "冒犯": 1, "潘": 1, "粤明": 1, "刚才": 2, "段": 1, "L长": 1, "安数码君": 1, "狗东自营": 1, "旗舰店": 1, "开卖": 4, "2.4W": 1, "V305G": 1, "9": 1, "2.6W": 1, "V30Pro5G": 1, "1.9W华": 1, "nova6": 1, "1.4W​": 1, "阶段": 2, "贸易": 2, "协定": 1, "落实": 1, "iPhone": 2, "关税": 2, "解禁": 1, "无期": 1, "扰攘": 1, "贸易战": 1, "终于": 1, "今日": 1, "14日": 1, "凌晨": 1, "达成": 1, "协议": 1, "加征": 1, "惩罚性": 1, "死线": 1, "谈判": 1, "众多": 1, "事前": 1, "加税": 1, "拖累": 1, "松": 1, "一口气": 1, "Apple": 1, "huawei": 2, "mate30pro": 2, "mate30": 2, "身边": 1, "越来越": 1, "地铁": 1, "用户": 1, "不再": 1, "中年人": 1, "老板": 3, "年轻人": 1, "接受": 1, "普及率": 1, "场合": 1, "独特": 1, "外形": 1, "设计": 3, "老远": 1, "认出": 1, "购买": 1, "优缺点": 1, "实在": 1, "评论": 1, "红米": 1, "事件": 1, "好好": 1, "嘴": 1, "功夫": 1, "好不": 1, "交给": 1, "评判": 1, "舆论": 1, "等于": 2, "口碑": 1, "发布": 1, "拆过机": 1, "怪怪": 1, "温柔": 2, "不止": 1, "瞬间": 3, "力量": 1, "重庆": 1, "武汉": 1, "青岛": 1, "西安": 1, "上海": 1, "探索": 1, "止境": 1, "遇见": 1, "治愈": 1, "第七": 1, "城": 1, "探索者们": 1, "周末": 1, "画": 1, "场": 2, "运动": 1, "CLUB": 1, "跑者": 1, "分享会": 1, "马拉松": 2, "一路": 1, "陪伴": 1, "赛后": 1, "高光": 1, "时刻": 1, "明天": 1, "只管": 1, "跑": 1, "深马赛": 1, "道见": 1, "投入": 5, "1015亿": 1, "占": 9, "5.2%": 4, "专利": 4, "贡献": 1, "10%": 4, "最牛": 1, "张志学": 3, "称": 3, "对此": 2, "同意": 1, "基带": 1, "功耗": 1, "增加": 1, "电池": 3, "容量": 1, "提升": 1, "厂商": 1, "最低": 2, "VIVO": 1, "4500mah": 1, "三星": 1, "4300": 1, "4200": 1, "OPPO": 1, "4000": 1, "至少": 1, "承认": 2, "行贿": 2, "贿赂": 1, "打败": 2, "近日": 1, "司法部": 3, "瑞典": 1, "运营": 1, "设备商": 1, "17年": 1, "国": 1, "以此": 1, "增长": 1, "越南": 1, "印度尼西亚": 1, "科威特": 1, "沙特": 1, "吉布提": 1, "均行": 1, "过贿": 1, "起诉": 1, "选择": 1, "和美": 1, "和解": 1, "缴纳": 1, "10亿": 1, "美元": 1, "罚金": 1, "折合": 1, "人民币": 1, "74亿": 1, "11月": 1, "25日": 1, "高调": 1, "签约": 1, "合同": 1, "75": 1, "远": 1, "超": 1, "65": 1, "想到": 1, "背后": 1, "肮脏": 1, "手段": 1, "2019": 1, "值得": 1, "件": 1, "事儿": 1, "点赞": 1, "联播": 2, "摄": 1, "采用": 3, "环形": 4, "方形": 1, "排列": 2, "理解": 1, "竖向": 1, "算": 2, "碰瓷": 1, "哪家": 1, "挑战": 3, "杰西": 2, "喜欢": 1, "事情": 1, "精彩": 1, "滴": 1, "流下": 1, "汗水": 1, "喜悦": 1, "成长": 1, "这次": 1, "刺激": 1, "24": 2, "硬核": 2, "带上": 1, "nova5": 1, "硬核vlog": 1, "遇上": 1, "生活": 1, "机会": 1, "变的": 1, "硬": 1, "核": 1, "清单": 1, "✅": 1, "L陈康纳": 1, "P40": 1, "有朝一日": 1, "光华": 1, "管理": 1, "学院": 1, "销售额": 1, "GDP": 1, "0.78%": 1, "始终": 1, "坚信": 1, "自主": 1, "道路": 1, "长久": 1, "持续": 1, "发展": 1, "不竭": 1, "动力": 1, "体验店": 1, "MateSound": 1, "X帝": 1, "瓦雷": 1, "竟然": 1, "干出": 1, "LGeek_Cao": 1, "吴军": 3, "回应": 2, "点评": 2, "腾讯": 3, "争议": 2, "中肯": 2, "评价": 2, "阿里": 2, "认可": 2, "此前": 1, "四": 1, "互联网": 1, "引发": 1, "百度": 1, "吃老本": 1, "谷歌": 1, "平庸": 1, "ToB": 1, "基因": 1, "特殊性": 1, "一向": 1, "好处": 1}