{"舌尖": 4, "中国": 9, "重构": 12, "美食": 1, "想象": 8, "摄影师": 5, "@": 3, "白波": 4, "白": 1, "华为": 53, "Mate30": 9, "Pro": 3, "拍摄": 5, "重塑": 4, "·": 4, "时光": 4, "记录": 1, "希望": 6, "、": 21, "生命": 3, "文化": 8, "传承": 4, "动人": 1, "瞬间": 1, "电影": 2, "创作": 2, "点击O": 1, "网页": 1, "链接": 2, "购买": 3, "L华": 6, "终端": 6, "官方": 7, "视频": 10, "​": 18, "易": 2, "烊千玺": 1, "易烊": 13, "千玺": 13, "11": 2, "约定": 2, "TFBOYS": 2, "哥哥": 1, "L爱崽": 1, "秒拍": 4, "万万": 1, "Mate": 1, "想到": 1, "神奇": 2, "动物": 1, "竟然": 1, "拍下": 1, "生灵": 1, "认得": 1, "整点": 1, "播": 1, "早": 1, "财经": 4, "丨": 3, "世界": 5, "互联网": 5, "大会": 5, "今日": 4, "开幕": 2, "；": 4, "英国": 5, "脱欧": 8, "波澜": 4, "：": 25, "关键": 4, "投票": 4, "推迟": 4, "英": 4, "首相": 6, "坚称": 4, "10月": 11, "31日": 4, "外媒": 3, "美国": 6, "公司": 13, "5G": 11, "技术": 11, "授权": 5, "展开": 3, "谈判": 8, "1": 2, "央视": 1, "新闻": 1, "援引": 2, "天空": 1, "电视台": 1, "消息": 3, "当地": 1, "时间": 3, "19日": 5, "修正案": 1, "当晚": 1, "鲍里斯·约翰逊": 1, "议员们": 1, "发函": 1, "正式": 1, "欧盟": 3, "商谈": 1, "延期": 3, "告诉": 1, "未来": 2, "并非": 1, "解决": 2, "方案": 1, "约翰逊": 1, "提醒": 1, "拒绝": 2, "议会": 1, "尽快": 1, "环球": 1, "时报": 1, "路透社": 1, "报道": 4, "电信": 3, "设备": 1, "巨头": 1, "高管": 2, "周五": 4, "透露": 4, "网络": 2, "早期": 2, "高级": 2, "副总裁": 2, "兼": 2, "董事": 2, "彭博说": 1, "长期": 1, "交易": 1, "一次性": 1, "转移": 1, "方式": 2, "兴趣": 1, "名称": 1, "数量": 2, "3": 2, "2019": 4, "海归": 7, "就业力": 2, "调查": 3, "报告": 3, "显示": 3, "理工科": 3, "薪资": 2, "最为": 2, "中新网": 1, "就业": 2, "行业": 2, "五": 1, "名": 1, "金融业": 1, "(": 5, "15.20%": 1, ")": 5, "信息": 3, "传输": 1, "软件": 1, "服务业": 1, "13.08%": 1, "制造业": 1, "11.30%": 1, "教育": 1, "9.70%": 1, "体育": 1, "娱乐业": 1, "7.12%": 1, "专业": 2, "背景": 1, "3-5年": 1, "年薪": 1, "15万-20万": 1, "元": 3, "占比": 1, "41.67%": 1, "2019年": 7, "40.2%": 1, "起薪": 1, "10万-20万": 1, "74%": 1, "受访者": 1, "留学": 1, "成本": 1, "5": 2, "年内": 1, "收回": 1, "4": 1, "三亚": 3, "人才": 4, "购房": 3, "新政": 2, "大专": 2, "学历": 2, "购": 1, "套": 2, "房产": 2, "中新": 1, "经纬": 1, "记者": 1, "三亚市": 1, "住房": 1, "城乡": 1, "建设局": 1, "政府": 1, "部门": 2, "网站": 1, "全日制": 1, "工作": 5, "缴纳": 2, "社保": 2, "个税": 2, "即可": 1, "海南省": 2, "对比": 1, "外地": 1, "购房者": 1, "60": 1, "楼市": 1, "限购": 1, "政策": 1, "此番": 1, "放宽": 1, "门槛": 3, "爆冷": 2, "！": 11, "日本": 2, "女乒": 3, "世界杯": 2, "全军": 2, "覆没": 2, "淘汰赛": 1, "阶段": 1, "平野": 1, "美宇": 1, "轮": 1, "比赛": 1, "3:4": 2, "敌持": 1, "外卡": 1, "参赛": 1, "选手": 1, "赛会": 1, "三": 1, "号": 1, "种子": 1, "石川": 1, "佳纯": 1, "33": 1, "岁": 1, "老将": 1, "冯": 1, "天薇": 1, "对决": 1, "败北": 1, "止步": 1, "1/4": 1, "决赛": 1, "至此": 1, "国乒": 1, "女将": 1, "刘诗雯": 1, "朱雨玲": 1, "顺利": 1, "挺进": 1, "八": 1, "O早": 2, "环炸": 1, "产品": 1, "深陷": 1, "爆炸门": 1, "用户": 5, "0jewelry": 1, "爆料": 2, "称": 2, "消费": 1, "高达": 1, "四千": 1, "多元": 1, "P20Pro": 1, "手机": 11, "11日": 1, "下午": 1, "2点30": 1, "发生": 2, "自燃": 1, "事件": 1, "反而": 1, "禁言": 1, "面对": 1, "店": 1, "欺客": 1, "不满": 1, "问到": 1, "平民": 1, "老百姓": 1, "欺负": 1, "请": 2, "网友": 1, "评评理": 1, "对此": 1, "L运": 1, "营商": 1, "NEWS": 1, "推荐": 2, "纪录片": 6, "全程": 1, "Mate30Pro": 2, "故事": 4, "讲述": 2, "照相馆": 1, "产科": 1, "医生": 1, "篆刻": 1, "老师": 1, "公益": 1, "组织": 1, "发起者": 1, "职业": 2, "也许": 1, "熟知": 1, "承载": 2, "意义": 1, "这部": 2, "本身": 1, "影像": 1, "工程院": 2, "院士": 4, "倪光南": 6, "谈": 5, "鸿蒙": 7, "国产": 5, "操作": 8, "系统": 10, "生态": 8, "支持": 6, "阿里巴巴": 1, "都": 9, "芯片": 2, "研发": 3, "布局": 2, "产业": 2, "不仅仅": 2, "O": 4, "烊": 1, "千": 2, "玺": 2, "十月": 1, "二十号": 1, "更新": 2, "完毕": 1, "新鲜事": 2, "收录": 1, "24": 1, "条": 2, "⭕️": 1, "上海": 1, "未": 3, "公开": 1, "1⃣易烊": 1, "歌": 1, "预告": 1, "亲自": 2, "设计": 3, "封面": 1, "2⃣": 1, "湖南": 1, "金曲": 1, "70": 1, "周年": 1, "播出": 1, "⃣": 1, "百草味": 1, "物料": 1, "补档": 1, "10月份": 3, "合集": 1, "持续": 1, "9月份": 1, "九月份": 1, "8月份": 1, "08月": 1, "7月份": 2, "6月份": 2, "分享": 1, "相册": 1, "保存": 1, "美好": 1, "图cr": 1, "IAdoreYou": 2, "抽空": 1, "聊下": 1, "诚迈": 4, "科技": 6, "做出": 1, "百分七十": 1, "利润率": 1, "很": 4, "简单": 1, "位置": 1, "收盘": 1, "利润": 2, "周末": 2, "减仓": 1, "明天": 1, "机会": 2, "撤退": 1, "踩踏": 1, "有人": 1, "持有": 2, "代表": 1, "走": 2, "国庆节": 1, "9": 1, "收获": 2, "8": 1, "涨停": 1, "概念股": 1, "传闻": 2, "由来已久": 1, "而今": 1, "纸": 1, "回复": 2, "深交所": 3, "关注函": 2, "落地": 1, "不攻自破": 1, "17日": 1, "收": 1, "合作": 1, "情况": 1, "20日": 1, "关注": 2, "函称": 1, "参与": 2, "建设": 1, "核心": 1, "发布": 2, "头条": 1, "文章": 1, "降低": 3, "风险": 4, "偏好": 4, "": 1, "每日": 1, "必读": 1, "赚钱": 1, "季": 1, "/": 2, "+": 4, "业绩": 1, "食品": 1, "二胎": 1, "主板": 1, "放量": 1, "下跌": 2, "明日": 2, "预设": 1, "中继": 1, "观察": 3, "成交量": 1, "放大": 1, "强势": 1, "股": 1, "接力": 1, "亏": 1, "钱": 1, "效应": 1, "依旧": 1, "壹网": 1, "壹创": 1, "非科": 1, "创板": 1, "情绪": 1, "标杆": 1, "空间板": 1, "高度": 1, "4板": 1, "面利": 1, "创业板": 1, "壳票": 1, "首板": 2, "增加": 1, "存量": 1, "博弈": 1, "先手": 1, "重要性": 1, "错过": 1, "放弃": 1, "选择": 1, "包板": 1, "涨停板": 1, "套利": 1, "优": 1, "策略": 1, "耐心": 1, "回踩": 1, "企稳": 2, "低": 1, "吸富": 1, "一生": 1, "科创板": 1, "迹象": 1, "铂力特": 1, "南微": 1, "医学": 1, "方邦": 1, "股份": 2, "重点": 1, "另外沃尔德": 1, "乐鑫": 1, "福光": 1, "瀚川": 1, "智能": 1, "板块": 1, "活跃": 1, "盘中": 1, "nova5z": 4, "亮相": 1, "搭载": 1, "麒麟810": 1, "21日": 2, "开启": 2, "预售": 1, "介绍": 1, "成员": 1, "拥有": 1, "优越": 1, "性能": 1, "即将": 1, "上线": 1, "硬核": 1, "Z世代": 1, "附上": 1, "宣传": 1, "海报": 2, "正面": 1, "采用": 3, "极点": 1, "屏": 1, "前置": 1, "3200万": 1, "像素": 1, "摄像头": 3, "后置": 2, "4800万AI四": 1, "摄": 2, "背面": 1, "四": 1, "Mate20": 1, "系列": 2, "语言": 1, "矩形": 1, "模组": 1, "机身": 1, "同色": 1, "保留": 1, "指纹": 1, "识别": 1, "模块": 1, "O网页": 1, "售后": 1, "刑侦": 1, "能力": 1, "😂": 1, "建议": 1, "同学": 1, "ID": 1, "登录": 1, "查找": 1, "定位": 2, "追踪": 1, "准确": 1, "摔坏": 1, "L钟文泽": 1, "人像": 1, "蒙蔽": 1, "事无巨细": 2, "老板": 3, "不大": 1, "年前": 1, "马云": 10, "任正非": 4, "坐": 2, "飞机": 1, "机场": 5, "碰到": 1, "读书": 1, "讨论": 1, "见到": 2, "打招呼": 2, "往前": 1, "登机口": 1, "群": 2, "阿里": 6, "行李箱": 2, "平放": 1, "地上": 1, "圈": 1, "打牌": 4, "马": 1, "回来": 1, "找": 1, "HR": 5, "老大": 2, "找到": 1, "当事人": 2, "辛苦": 1, "大伙": 1, "聚聚": 1, "出差": 1, "一阵阵": 1, "反馈": 1, "猜": 1, "事情": 4, "意识": 1, "制度": 2, "规范": 2, "前提": 1, "适配": 1, "脱离": 1, "一家": 1, "企业": 1, "价值观": 3, "管理": 3, "改善": 1, "耍流氓": 1, "想": 1, "追究": 2, "轻而易举": 1, "写进": 1, "现行": 1, "价值": 1, "生活": 1, "快乐": 1, "件": 3, "违背": 1, "骂人": 1, "回去": 1, "责任": 1, "询问": 1, "职位": 1, "影响力": 1, "指挥": 1, "判断": 1, "人力": 1, "资源部": 1, "负责人": 1, "插手": 1, "负责": 1, "糟糕": 1, "莫过于": 1, "家长式": 1, "管理者": 3, "头疼": 1, "敢于": 1, "优秀": 2, "善于": 1, "鼓励": 1, "越来越": 1, "独当一面": 1, "打算": 1, "平板": 2, "挖孔": 1, "带来": 1, "革新": 1, "聚焦": 1, "第六": 1, "届": 1, "新华网": 1, "直播": 1, "瞰": 1, "天下": 1, "乌镇": 2, "访谈": 1, "带": 1, "大咖": 1, "思考": 1, "魅族": 2, "推出": 3, "16sPro": 2, "国家": 3, "宝藏": 3, "王": 2, "勾践": 2, "剑": 2, "定制": 3, "礼盒": 2, "价格": 1, "版本": 1, "2699": 1, "包装": 1, "内": 1, "包含": 1, "钥匙扣": 1, "充电宝": 1, "记事本": 1, "此前": 1, "很多": 1, "厂商": 1, "定制版": 1, "iQOO": 1, "OPPO": 2, "详情": 1, "O魅族": 1, "快": 4, "vx": 1, "打开": 1, "公众号": 1, "发送": 1, "铃声": 1, "悄悄话": 1, "千玺​": 1, "教学": 1, "第四": 1, "弹": 1, "释放": 1, "双手": 1, "尽享": 1, "自由": 1, "AI隔空": 1, "操控": 1, "上滑": 1, "下翻": 1, "轻轻": 1, "摆动": 1, "手掌": 1, "凌空": 1, "握拳": 1, "截屏": 1, "智慧": 1, "体验": 1, "～": 1, "终于": 1, "小米": 2, "神机": 1, "MIXAlpha": 1, "玻璃": 1, "MateX": 1, "大美": 1, "新疆": 1, "#喀纳斯湖": 1, "月亮湾": 1, "卧龙湾": 1, "美景": 1, "睡前": 1, "安利": 1, "一个": 1, "——": 1, "看似": 1, "平凡": 1, "回忆": 1, "背负": 1, "心灵": 1, "使命": 1, "平实": 1, "感动": 2, "晚安": 1, "沸腾": 4, "Redmi": 1, "学习": 1, "普通人": 2, "打动": 1, "作品": 1, "片子": 1, "喜欢": 1, "朋友": 1, "荣耀": 2, "拉低": 2, "平均": 1, "素质": 1, "评论": 1, "素​": 1, "卖": 2, "美企": 2, "彭博": 1, "敲定": 1, "长": 1, "段": 1, "碧海": 1, "蓝天": 1, "灿烂": 1, "心情": 1, "听说": 1, "流行": 1, "nova5": 1, "Pro拍Vlog": 1, "技巧": 1, "立刻": 2, "Vlog": 1, "呈现": 1, "片级": 1, "质感": 1, "选": 1, "7T": 1, "Mate30Pro​": 1, "难": 1, "推广": 1, "市场": 2, "发展": 1, "创造": 1, "完善": 1, "网上": 1, "据说": 1}