{"美国": 13, "情报界": 1, "：": 17, "加快": 2, "部署": 2, "中国": 3, "全球": 3, "5G": 5, "设备": 2, "4月": 6, "23日": 1, "国家": 1, "情报": 1, "总监": 1, "办公室": 1, "发": 1, "推特": 1, "称": 4, "步伐": 1, "此前": 1, "特朗普": 1, "赢": 1, "干预": 1, "华为": 62, "媒体": 1, "报道": 1, "德法": 1, "都": 8, "不再": 1, "阻挠": 1, "@": 6, "五环短": 1, "视频": 20, "L五环": 1, "短": 1, "秒拍": 9, "​": 16, "很多": 4, "方舟": 11, "编译器": 14, "感受": 1, "体验": 14, "流畅": 2, "、": 13, "快速": 2, "5": 1, "年前": 1, "布局": 2, "终于": 2, "黑科技": 2, "带到": 1, "面前": 1, "业界": 2, "开源": 3, "希望": 1, "合作": 1, "伙伴": 1, "消费者": 1, "带来": 1, "段": 3, "带": 3, "看懂": 1, "原理": 1, "L华": 6, "终端": 6, "官方": 6, "吹": 1, "黑": 1, "手机": 9, "的确": 1, "美​": 1, "100": 2, "秒": 2, "崛起": 2, "营收": 6, "超越": 4, "中兴": 4, "爱立信": 4, "追": 2, "苹果": 5, "！": 8, "25日": 2, "心声": 3, "社区": 3, "发布": 2, "展示": 2, "1992年": 2, "2018年": 4, "27": 3, "友商": 2, "对比": 4, "追赶": 3, "7212亿": 2, "元": 2, "L": 2, "老板": 3, "联播": 2, "画画": 1, "件": 1, "很": 2, "妙": 1, "放纵": 1, "想象": 1, "画笔": 1, "不用": 1, "打开": 2, "摄像头": 1, "记录": 1, "美好": 1, "转发": 7, "条": 1, "一个": 7, "好友": 1, "喜欢": 3, "APP": 1, "支付": 1, "5月": 2, "12日": 1, "抽奖": 2, "平台": 2, "抽": 1, "幸运鹅": 1, "送华": 1, "P30一": 1, "台": 1, "~​": 1, "任正非": 9, "兴奋": 4, "打压": 6, "团结": 3, "万众一心": 3, "24日": 3, "公布": 3, "接受": 6, "CNN": 5, "采访": 7, "纪要": 4, "援引": 2, "名人": 2, "名言": 2, "堡垒": 6, "内部": 11, "攻破": 2, "外部": 2, "松散": 2, "惰怠": 2, "之中": 2, "挤压": 3, "密度": 2, "下决心": 2, "产品": 3, "做好": 6, "全文": 3, "请戳": 2, "→O": 2, "未来": 3, "发展": 3, "2万": 5, "员工": 9, "转岗": 6, "传闻": 3, "属实": 4, "娱圈": 1, "星姐": 1, "支持": 2, "抵制": 1, "造谣": 1, "1": 1, "确实": 1, "；": 3, "人数": 1, "两万": 1, "回应": 1, "近日": 1, "网传": 2, "名": 6, "CNBG": 3, "转岗CBG": 2, "对此": 1, "记者": 2, "消息": 2, "公司": 6, "人才": 2, "流动": 3, "开放": 4, "鼓励": 1, "态度": 1, "面向": 1, "岗位": 1, "机会": 1, "超过": 1, "1万": 1, "业务": 4, "部门": 2, "之间": 1, "包括": 1, "运营商": 1, "CBG": 1, "在内": 1, "获取": 1, "所需": 1, "谢": 1, "艺观": 1, "一路": 1, "走来": 1, "提升": 6, "用户": 10, "EMUI": 7, "5.0": 1, "天生": 1, "快": 2, "一生": 1, "8.2": 1, "GPUTurbo": 1, "9.0": 1, "LinkTurbo": 1, "9.1": 2, "超级": 3, "文件": 6, "系统": 12, "创新": 3, "反哺": 1, "安卓": 5, "产业": 3, "输出": 1, "优秀": 1, "成果": 2, "努力": 3, "扎实": 1, "技术": 10, "攻关": 1, "落到实处": 1, "关注": 7, "系列": 5, "直播": 5, "转发量": 5, "抽送": 5, "半入式": 5, "耳机": 5, "9": 5, "实​": 1, "早": 2, "多年": 2, "投入": 3, "数百": 1, "专家": 1, "团队": 1, "历经": 1, "尝试": 2, "机器": 1, "代码": 1, "翻译": 1, "P30": 4, "搭载": 2, "全新": 1, "开发": 3, "编译": 2, "程序": 3, "运行": 3, "机制": 1, "DNA": 1, "层面": 1, "改造": 1, "大幅": 2, "降低": 3, "随机卡顿": 1, "持久": 1, "革命性": 1, "突破": 3, "性能": 7, "操作": 1, "流畅度": 1, "享受": 1, "极致": 1, "分钟": 1, "详解": 1, "内存": 1, "回收": 2, "高效": 1, "随时": 2, "影响": 2, "谢谢": 1, "送滴": 1, "如今": 1, "高端": 1, "玩家": 2, "好用": 1, "！！！": 1, "国货": 1, "今日": 1, "份": 1, "随堂": 1, "测验": 1, "听": 2, "真的": 2, "戳": 1, "解读": 1, "↓": 1, "简单": 1, "易用": 1, "持续": 2, "注重": 1, "回馈": 1, "行业": 1, "构建": 1, "阶段": 1, "开发者": 2, "提供": 1, "集成": 1, "环境": 1, "学习": 2, "成本": 2, "受益": 1, "2019年": 2, "邀请": 1, "生态": 2, "相机": 1, "30pro": 1, "深度": 1, "30": 1, "+": 2, "3号": 1, "抽出": 1, "爱音箱mini": 1, "L辰": 1, "科技": 1, "测评": 1, "推荐": 1, "解释": 2, "低调": 2, "沉默": 1, "羔羊": 1, "别人": 1, "回答": 1, "忍耐": 2, "先前": 1, "走出": 1, "国门": 2, "共产主义": 1, "退回": 1, "国内": 2, "资本主义": 1, "资本": 1, "分给": 1, "收入": 1, "主义": 1, "喋喋不休": 1, "去向": 1, "世界": 6, "……": 1, "精力": 2, "用于": 1, "管理": 1, "服务": 1, "客户": 1, "理解": 1, "文章": 1, "那种": 1, "有罪": 1, "推定": 1, "霸权主义": 1, "国度": 1, "养成": 1, "骨子里": 1, "傲慢": 1, "双标": 1, "O华": 1, "P30Pro&Reno": 1, "｜": 1, "外观": 2, "&": 1, "夜景": 2, "P30Pro": 4, "vlogger": 1, "录像": 1, "选择": 2, "期": 2, "多向": 1, "展现": 1, "拍照": 3, "能力": 1, "本来": 1, "做成": 1, "Reno": 2, "太过": 1, "大部分": 1, "篇幅": 1, "讨论": 1, "带给": 1, "惊喜": 1, "情况": 1, "翻车": 1, "#花式": 1, "种草": 1, "牧场": 1, "VLOG": 1, "萌草菌": 1, "LFinch": 1, "番茄": 1, "Pro": 1, "AR": 1, "测量": 1, "随身": 1, "尺子": 1, "丈量": 1, "生活": 1, "心思": 1, "官宣": 1, "畅享": 1, "#9，4GB": 1, "128GB": 1, "版": 1, "开售": 1, "评论": 1, "买": 2, "首选": 1, "因素": 1, "磨砺": 1, "终": 1, "硕果": 1, "优化": 1, "软件": 2, "时间": 1, "研发": 2, "板块": 1, "无人区": 1, "路上": 1, "积累": 1, "2009年": 1, "创建": 1, "编译组": 1, "2013年": 1, "推出": 1, "自研": 1, "HCC": 1, "通信": 1, "领域": 1, "领先": 1, "关键": 1, "作用": 1, "背后": 1, "华为人": 1, "前赴后继": 1, "无数": 1, "正式": 1, "见面": 1, "昨天": 1, "相亲": 2, "女": 1, "屌丝": 2, "iPhoneX": 1, "15": 1, "年初": 1, "荣耀": 1, "6": 1, "打算": 1, "reno": 1, "马上": 1, "五": 2, "年纪": 1, "轻轻": 1, "老": 1, "古董": 1, "适合": 1, "车子": 1, "房子": 1, "随便": 1, "喝": 1, "饮料": 1, "走": 1, "伴随": 1, "期许": 1, "责任": 1, "从未": 1, "停下": 1, "脚步": 1, "聆听": 1, "渴求": 1, "声音": 1, "打造": 2, "智慧": 1, "场景": 1, "读取": 1, "顺畅": 1, "2016年": 1, "4.1": 1, "P9": 1, "首次": 1, "规模": 1, "商用": 1, "F2FS": 1, "替代": 1, "传统": 1, "EXT4": 1, "分区": 2, "读": 2, "写流": 1, "畅度": 1, "20%": 2, "(": 1, "EROFS": 1, ")": 1, "采用": 3, "专利": 1, "压缩": 1, "算法": 1, "加持": 1, "随机": 1, "平均": 1, "减少": 1, "14%": 1, "空间": 3, "占用": 1, "128G": 1, "初始": 1, "相比": 1, "Ext4": 1, "节省": 1, "2GB": 1, "相当于": 1, "1000": 1, "照片": 1, "500": 1, "歌曲": 1, "穷": 3, "高科技": 2, "问及": 1, "生存": 3, "盈利": 1, "担心": 2, "价格": 3, "一点": 2, "竞争": 1, "对手": 1, "市场": 2, "排挤": 1, "卖": 1, "维护": 1, "秩序": 1, "投资": 2, "厉害": 1, "科研": 1, "处在": 2, "全世界": 1, "人工": 1, "智能": 1, "芯片": 1, "三": 1, "第二": 1, "Tech4All": 1, "到底": 1, "懂": 1, "硬核": 1, "不凡": 1, "爽滑": 1, "忘": 1, "寄": 1, "盲测": 1, "OPPO": 1, "三星": 1, "S10": 1, "前置": 1, "镜头": 1, "人像": 1, "虚化": 3, "模式": 1, "美颜": 1, "默认": 3, "开启": 1, "效果": 3, "手动": 1, "调节": 1, "曝光": 1, "参数": 1, "自动": 1, "拍摄": 1, "iPhone": 1, "故意": 1, "丑化": 1, "嫌疑": 1, "参赛": 1, "勘误": 1, "更新": 1, "图1": 2, "设置": 2, "…": 1, "上次": 1, "拉满": 1, "补充": 1, "图4": 1, "型号": 1}