{"狂": 1, "风": 1, "速度": 2, "冲冲": 1, "～野": 1, "迷人": 1, "5G": 11, "网络": 1, "！": 12, "吹吹冷风": 1, "华为": 84, "Mate30": 1, "Pro5G": 1, "人生": 1, "谁与争锋": 1, "选": 1, "台": 1, "同款": 1, "手机": 12, "LnG家": 1, "猫": 1, "视频": 15, "​O": 2, "抽奖": 2, "详情": 2, "​": 16, "影展": 1, "顺便": 1, "拍": 3, "上交": 2, "捂": 1, "好几": 1, "超好": 1, "📷": 1, "南": 4, "2019": 4, "想": 8, "感谢": 6, "即将": 1, "结束": 1, "不得不": 3, "中国": 12, "企业": 17, "2019年": 2, "确实": 1, "算": 1, "贸易": 1, "禁令": 1, "消费": 1, "市场": 5, "不景气": 1, "环境": 1, "依旧": 1, "不少": 2, "冷静": 1, "独立": 1, "思考": 1, "勇敢": 1, "向前": 1, "陪伴": 1, "信任": 1, "面对": 1, "难题": 2, "力量": 1, "都": 4, "值得": 1, "联合": 1, "@": 2, "蔚来": 1, "发起": 1, "话题": 1, "三": 1, "TA": 1, "陪": 3, "度过": 1, "2020": 2, "BelieveinBetter": 1, "任正非": 21, "：": 18, "特朗普": 6, "走廊": 8, "退休": 3, "华尔街": 16, "日报": 16, "总编": 1, "MattMurray": 2, "员工": 4, "引导": 1, "进展厅": 1, "走过": 1, "一个": 11, "这是": 3, "承载": 1, "信息": 3, "很": 12, "美": 1, "150多": 1, "俄罗斯": 1, "著名": 1, "画家": 2, "画": 2, "国家": 6, "美国": 33, "制裁": 4, "生活": 1, "困难": 2, "着落": 1, "经济": 1, "画画": 2, "川普": 2, "总统": 1, "看一看": 1, "在任": 1, "期间": 1, "热烈": 1, "机会": 2, "访问": 1, "热情": 1, "接待": 1, "毕竟": 1, "创新型": 1, "O": 7, "称": 9, "判断": 7, "失误": 7, "输": 5, "接受": 6, "采访": 9, "撤销": 5, "实体": 9, "清单": 9, "生存": 7, "押": 4, "错宝": 2, "华为押": 2, "厘米": 2, "波": 2, "毫米波": 3, "留": 1, "活": 1, "永远": 3, "保留": 5, "拥抱": 2, "全球化": 2, "公司": 11, "供应": 5, "器件": 2, "；": 4, "不必": 1, "教": 1, "随时": 3, "监控": 1, "老公": 5, "地方": 1, "妙招": 1, "第一": 1, "件": 1, "帐号": 3, "密码": 3, "拿到": 1, "切记": 2, "千万": 1, "泄露": 1, "刑讯": 1, "逼供": 1, "卖身": 1, "美人计": 2, "之下": 1, "打开": 2, "空间": 2, "开启": 2, "查找": 2, "功能": 7, "查时": 1, "实用": 1, "工具": 1, "位置": 1, "电话": 2, "音量": 1, "播放": 1, "铃声": 2, "跳": 1, "丢": 1, "找到": 1, "远程": 1, "锁定": 1, "设备": 2, "擦除": 1, "数据": 1, "开发": 1, "多种": 1, "用途": 1, "保护": 1, "建议": 1, "马上": 1, "开会": 1, "汇报": 1, "工作": 3, "疯狂": 1, "寻找": 1, "投影": 1, "数据线": 1, "担心": 1, "救星": 1, "昨天": 2, "华为云WeLink": 2, "智能": 5, "平台": 2, "正式": 2, "推出": 1, "电脑": 1, "、": 17, "PAD": 1, "无线": 2, "接入": 2, "投屏": 1, "键": 1, "触发": 1, "快速": 1, "好事": 1, "可不": 1, "点击": 3, "抢先": 1, "感受": 3, "强大": 1, "网页": 3, "链接": 3, "L华为云": 2, "DigiX": 1, "数字": 1, "生活节": 1, "有时候": 1, "一句话": 1, "本书": 2, "影响": 3, "估量": 1, "周日": 1, "阅读·DigiX": 1, "读书": 1, "邀请": 1, "故宫": 3, "学院": 1, "院长": 1, "单霁翔": 2, "老师": 1, "全球": 2, "旗舰店": 1, "·": 1, "深圳": 1, "万象天地": 1, "聊聊": 1, "或许": 1, "意外": 1, "收获": 1, "转评": 2, "作家": 1, "抽": 2, "送": 2, "签名书": 1, "馆舍": 1, "天地": 1, "走向": 1, "大千世界": 1, "5": 3, "遇见": 1, "600年": 1, "否认": 1, "巨额": 7, "政府": 21, "补贴": 7, "25日": 2, "刊文": 1, "宣称": 1, "财政": 4, "崛起": 3, "对此": 3, "26日": 2, "下午": 1, "发表": 1, "声明": 4, "报道": 7, "基于": 2, "错误": 3, "混乱": 2, "逻辑": 2, "无视": 2, "30多": 2, "研发": 3, "投入": 2, "19万": 2, "客户": 3, "中心": 2, "长期": 2, "艰苦奋斗": 2, "享受": 4, "高新技术": 3, "政策": 5, "支持": 8, "待遇": 3, "扶持": 2, "本土": 1, "双标": 1, "......": 1, "玩陪": 2, "讲陪": 2, "作业": 2, "阅读": 4, "童话": 2, "诗文": 2, "全都": 2, "带": 2, "娃": 2, "犯愁": 2, "百万": 2, "精品": 2, "书库": 2, "书": 4, "听": 2, "宜L": 2, "终端": 5, "服务": 3, "秒拍": 4, "机场": 2, "一个样": 1, "零零后": 1, "摄影": 1, "发烧": 1, "友林": 1, "墨": 1, "眼里": 1, "就算": 1, "各种各样": 1, "荣耀": 1, "V30": 1, "曙光": 1, "橙": 1, "加成": 1, "棒": 1, "作品": 1, "艺考": 1, "加油": 1, "品牌": 1, "影响力": 1, "外观": 1, "设计": 1, "注重": 1, "差异化": 1, "MatePadPro": 1, "挖": 1, "孔": 1, "屏": 1, "iPadPro": 1, "浴霸": 1, "摄像头": 1, "。。。。": 1, "加降": 1, "噪": 1, "加价": 1, "真AirPods2": 1, "——": 2, "FreeBuds3": 1, "深度": 1, "体验": 2, "隔音": 1, "半": 1, "开放式": 1, "耳机": 2, "主动": 1, "降噪": 2, "水平": 2, "Freebuds3": 1, "款": 2, "超出": 1, "预期": 2, "度": 2, "L趣": 1, "评测": 1, "近日": 1, "消息": 1, "曝出": 1, "裁员": 1, "7000": 1, "名": 1, "合同": 1, "到期": 1, "35": 1, "岁": 1, "为此": 1, "支付": 1, "10亿": 1, "元": 1, "赔偿金": 1, "在所不惜": 1, "在家": 1, "身临其境": 1, "宇宙": 1, "浩瀚": 1, "这不": 1, "科幻": 1, "电影": 2, "场景": 1, "VR": 2, "Glass": 1, "奇妙": 1, "2020toge": 3, "新世界": 1, "～​": 1, "广告": 1, "男": 1, "主角": 1, "面熟L": 1, "地瓜": 1, "熊": 1, "老六": 1, "美媒": 1, "750亿": 3, "美元": 3, "资助": 2, "长文": 2, "反击": 1, "系列": 1, "优待": 1, "大做文章": 1, "单纯": 1, "挂钩": 1, "试图": 1, "制造": 1, "关系": 3, "补助": 3, "信贷": 2, "措施": 3, "税收": 1, "减免": 2, "形式": 1, "累计": 2, "高达": 1, "助力": 1, "一家": 3, "名不见经传": 1, "供应商": 1, "发展": 1, "世界": 1, "电信": 1, "高新": 2, "包括": 2, "外资": 2, "质疑": 2, "专业": 2, "媒体": 2, "动机": 2, "目的": 2, "近来": 1, "频繁": 1, "针对": 2, "负": 1, "责任": 1, "选择性": 3, "声誉": 3, "法律": 2, "维护": 2, "权利": 2, "更为": 1, "年中": 1, "运营": 2, "资金": 3, "来自于": 2, "经营": 4, "积累": 4, "外部": 3, "融资": 5, "同期": 1, "国内外": 1, "相关": 1, "金额": 1, "不及": 1, "收入": 2, "千分之三": 1, "渲染": 2, "背景": 1, "回击": 1, "搞": 10, "房地产": 5, "通信": 4, "12月": 3, "27日": 2, "心声": 1, "社区": 1, "发布": 2, "创始人": 3, "纪要": 3, "时间": 1, "11月": 1, "5日": 1, "当年": 1, "股份": 1, "干": 3, "散": 1, "行业": 1, "傻": 1, "苦": 2, "累": 2, "赚钱": 2, "倾": 1, "国": 1, "围堵": 1, "禁止": 1, "本国": 1, "零部件": 1, "力度": 1, "击": 1, "想到": 2, "倒下": 1, "反而": 1, "越战": 1, "逆势": 1, "成长": 1, "老美": 2, "面子": 1, "等于": 1, "全世界": 1, "树立": 1, "标杆": 1, "思来": 1, "算了": 1, "找": 2, "台阶": 1, "江湖": 1, "混": 1, "再次": 1, "莫须有": 1, "方式": 1, "背后": 1, "打垮": 1, "手段": 1, "不行": 1, "靠山": 1, "太": 1, "对手": 2, "中华": 1, "民族": 1, "自强不息": 1, "精神": 1, "缩影": 1, "远": 1, "将来": 1, "沮丧": 1, "发现": 1, "越来越": 1, "站到": 1, "面前": 1, "大海捞针": 1, "同事": 1, "交流": 1, "懂": 2, "小微": 2, "语音": 1, "助手": 1, "随地": 1, "呼叫": 1, "沟通": 1, "办公": 1, "模式": 1, "多功能": 1, "下方": 1, "探": 1, "究竟": 1, "影像": 4, "不止": 2, "艺术展": 2, "打破": 1, "界限": 1, "演绎": 1, "互动式": 1, "经典": 1, "默剧": 1, "智慧屏": 2, "L华": 3, "官方": 2, "查理": 1, ".": 1, "卓别林": 1, "堪称": 1, "世纪": 1, "喜剧": 1, "大师": 1, "每次": 1, "心情": 1, "得以": 1, "治愈": 1, "据说": 2, "穿越": 1, "路人": 1, "飙起": 1, "戏": 1, "回": 1, "康康": 1, "回应": 2, "成功": 2, "任意": 2, "揣测": 2, "指华": 1, "收取": 1, "发出": 1, "指": 2, "当日": 1, "拨款": 1, "融通": 1, "税项": 1, "评估": 1, "援引": 1, "分析师": 1, "分析": 1, "有助于": 1, "提供": 1, "慷慨": 1, "条款": 1, "竞争": 1, "低": 1, "30%": 1, "价格": 1, "私营": 1, "占比": 1, "接近": 1, "90%": 1, "操作": 1, "市场化": 1, "运作": 1, "债务": 1, "成本": 1, "符合": 1, "O华": 2, "推荐": 1, "讲": 1, "很多": 1, "故事": 1, "1": 1, "炊事员": 1, "难怪": 1, "生日": 1, "老": 1, "上场": 1, "做菜": 1, "3": 2, "销售": 1, "利润": 1, "4": 1, "选择": 2, "6G": 3, "带宽": 1, "宽": 1, "意义": 1, "东西": 1, "频段": 1, "跃": 1, "走": 1, "赌对": 1, "基站": 1, "传送": 1, "核心网": 1, "零件": 2, "版本": 1, "6": 1, "莫贝克": 1, "电源": 1, "成立": 1, "消失": 1, "7": 1, "窗": 1, "人工": 1, "未来": 1, "社会": 1, "样子": 1, "想象": 1, "外媒": 1, "制作": 1, "P40Pro": 1, "正面": 1, "置单": 1, "摄": 2, "打孔": 1, "+": 3, "曲面": 1, "屏+": 1, "后置": 1, "矩阵": 1, "五": 1, "颜值": 1, "京东": 2, "魔方": 1, "自拍": 3, "分钟": 1, "P图": 1, "小时": 1, "100": 2, "？？？": 1, "nova6": 1, "带来": 1, "前置": 1, "105": 1, "超": 1, "广角": 1, "镜头": 1, "3200万": 1, "自动": 1, "焦+": 1, "人像": 1, "超级": 1, "夜景": 1, "分分钟": 1, "美照": 1, "戳": 1, "12": 1, "期": 1, "免息": 1, "戳O": 1, "终于": 1, "姐妹们": 1, "张大": 1, "百": 1, "挑战": 1, "L京东": 1, "通讯": 1, "年终": 1, "盛典": 2, "悦耳": 1, "圣诞": 1, "悄然": 1, "落幕": 1, "终": 1, "完美": 1, "句号": 1, "主题": 1, "快闪店": 1, "人潮": 1, "火爆": 1, "潮玩": 1, "互动区": 1, "千": 1, "份": 1, "精美": 2, "好礼": 1, "全场": 1, "高能": 1, "停": 1, "明年": 1, "12·21": 1, "不见不散": 1, "2020年": 1, "定制": 1, "日历": 1}