{"高校": 3, "食堂": 4, "贴用": 2, "华为": 84, "手机": 18, "半价": 3, "厨师": 1, "：": 20, "佩服": 2, "任正非": 2, "创业": 2, "精神": 2, "2月": 9, "26日": 3, "河南": 1, "信阳": 1, "窗口": 1, "吃": 1, "水饺": 1, "纸条": 2, "同学": 2, "关注": 7, "讨论": 1, "师傅": 1, "创始人": 1, "想": 3, "点赞": 1, "才": 1, "称": 9, "有种": 1, "冲动": 1, "L时间": 1, "拍客": 1, "秒拍": 3, "视频": 20, "​": 20, "外媒": 1, "描述": 1, "上手": 1, "MateX": 3, "感受": 1, "屏幕": 1, "展开": 3, "很": 4, "平坦": 2, "都": 6, "与众不同": 2, "美国": 5, "科技": 3, "媒体": 1, "TheVerge": 1, "发布": 14, "体验": 2, "评测者": 1, "VladSavov": 1, "款": 2, "外表": 1, "光滑": 1, "设计": 2, "精美": 1, "折叠屏": 3, "折叠": 4, "中线": 1, "L": 3, "全球": 1, "魔王": 1, "回应": 12, "美": 16, "MV": 12, "知情": 12, "非官方": 6, "出品": 6, "27日": 3, "网友": 13, "歌曲": 8, "引发": 7, "极大": 6, "众多": 6, "小朋友": 6, "拍摄": 6, "内容": 7, "宣扬": 6, "国产": 6, "爱": 6, "官方": 7, "官微": 6, "@": 8, "花粉": 6, "俱乐部": 6, "对此": 6, "这部": 7, "作品": 6, "、": 12, "未": 6, "参与": 7, "情况": 6, "自发": 7, "创作": 7, "O网页": 6, "链接": 6, "今日": 3, "联想": 3, "高管": 3, "西班牙": 1, "大会": 3, "冷嘲热讽": 1, "忍": 1, "不住": 1, "鄙视": 1, "外器": 1, "拼装场": 1, "遂": 1, "电脑": 1, "笔记本": 1, "替换": 1, "垃圾": 1, "垃圾筐": 1, "接下来": 1, "请": 3, "欣赏": 1, "儿童": 1, "L毒舌": 1, "数码": 1, "AT&T": 2, "能力": 5, "打压": 3, "出于": 3, "政治": 6, "目的": 3, "运营商": 1, "事业部": 1, "副部长": 1, "压力": 1, "不得不": 2, "承认": 1, "一家": 1, "企业": 5, "市场": 1, "成功": 1, "问及": 1, "毫不犹豫": 1, "回答": 1, "OAT&T": 1, "产品线": 1, "副总裁": 1, "李小龙": 1, "线秀": 1, "5G": 7, "基站": 4, "顺便": 1, "秀": 1, "倍": 4, "焦​": 1, "屏元": 2, "PK": 1, "三星": 4, "买": 1, "大战": 1, "开启": 1, "！": 8, "20日": 1, "GalaxyFold": 1, "24日": 1, "吓人": 2, "价格": 1, "不同点": 1, "老板": 1, "联播": 1, "戴旭": 1, "公司": 2, "讲座": 2, "核心": 1, "技术": 4, "的确": 2, "革命": 4, "军事": 1, "世界": 4, "格局": 1, "重塑": 1, "自主": 1, "研发": 1, "路": 3, "中国": 8, "正确": 1, "走": 1, "强大": 2, "指日可待": 1, "当年": 1, "抗美援朝": 1, "战争": 1, "两弹一星": 1, "态度": 1, "代表": 1, "雄心": 1, "十四亿": 1, "同仇敌忾": 1, "告诉": 2, "总统": 1, "复兴": 1, "力量": 1, "阻断": 1, "O戴旭": 1, "全文": 1, "刚刚": 2, "组委会": 2, "告知": 1, "Mate20": 2, "最佳": 2, "影力官": 1, "+": 1, "影像": 2, "大赛": 1, "推荐奖": 1, "奖品": 1, "保时捷": 1, "定制版": 1, "礼物": 1, "嘻嘻": 1, "开心": 1, "赞": 1, "声明": 1, "下午": 3, "网上": 1, "网络": 1, "下载": 1, "发": 1, "一会": 1, "主动": 1, "删除": 1, "本人": 2, "制作": 2, "其他人": 1, "无关": 1, "新浪": 2, "财经": 1, "众": 1, "蓝v": 1, "搞": 1, "好像": 1, "原因": 1, "整齐划一": 1, "黑": 1, "动作": 1, "想起": 1, "去年": 1, "锤子": 1, "一批": 1, "新闻": 2, "感觉": 1, "蹊跷": 1, "展示": 1, "摸": 1, "杨元庆": 3, "PPT": 1, "产品": 4, "CEO": 1, "火热": 1, "发表": 1, "看法": 1, "很多": 1, "厂商": 2, "依然": 1, "ppt": 1, "放在": 1, "玻璃": 1, "瓶子": 1, "客户": 1, "隔": 1, "远": 1, "一点": 1, "担心": 1, "真实": 1, "用户": 1, "触摸": 1, "新京报": 2, "​​​": 1, "P30Pro": 2, "变焦": 3, "照片": 1, "跪": 2, "效果": 2, "全世界": 1, "肯定": 1, "10": 1, "光学": 1, "5": 1, "这次": 2, "🍎": 1, "甩远": 1, "突突直跳": 1, "太": 2, "哭": 1, "争夺战": 2, "上演": 2, "欧洲": 4, "国家": 2, "难舍": 2, "日媒": 1, "2019": 2, "巴塞罗那": 1, "通信": 3, "25日": 1, "开幕": 1, "围绕": 1, "新一代": 1, "标准": 1, "诺基亚": 1, "激烈": 1, "竞争": 1, "影响": 1, "各国": 1, "竞争力": 1, "产业": 1, "基础": 2, "保障": 1, "观点": 1, "出发": 1, "呼吁": 1, "排除": 1, "设施": 1, "建设": 1, "成本": 1, "经济": 1, "合理性": 1, "判断": 1, "之间": 1, "摇摆": 1, "O5G": 1, "TA": 1, "晚安": 1, "应付": 1, "上下班": 1, "路途": 1, "轻": 1, "小说": 2, "/": 2, "网文": 1, "；": 2, "电影": 1, "电视剧": 1, "名声大噪": 1, "原著": 1, "阅读": 1, "精选": 1, "推荐": 1, "书": 1, "……": 2, "契机": 1, "转评": 1, "聊聊": 1, "小云": 1, "随机": 1, "抽": 1, "送出": 1, "耳机": 1, "MWC2019": 1, "前方": 1, "佳绩": 1, "～": 1, "期间": 1, "Pro": 1, "性能": 1, "出色": 1, "系统": 1, "卓越": 1, "续航": 1, "创新": 2, "充电": 1, "解决": 1, "方案": 1, "突破性": 1, "荣获": 1, "主办方": 1, "GSMA": 1, "颁发": 1, "智能": 1, "奖": 1, "感谢": 2, "支持": 2, "认可": 1, "未来": 2, "砥砺": 1, "前行": 1, "头条": 1, "文章": 1, "BBC": 1, "专访": 2, "背后": 2, "男人": 2, "完整版": 2, "孟晚舟": 2, "父亲": 1, "心疼": 1, "磨难": 1, "人生": 2, "难得": 1, "机会": 1, "大一": 1, "件": 1, "成长": 1, "插": 2, "翅膀": 2, "政府": 1, "一个": 1, "坚强": 1, "将来": 1, "飞翔": 1, "OBBC": 1, "吐槽": 1, "软": 1, "营销": 1, "立马": 1, "嚷嚷": 1, "阴谋论": 1, "证据": 1, "看懂": 1, "懂": 1, "办法": 1, "放": 1, "9": 1, "大概": 1, "明白": 1, "为所欲为": 1, "比起": 1, "亲自": 1, "下场": 1, "宣传撕": 1, "巧妙": 1, "弄": 2, "群众": 1, "喜闻乐见": 1, "话题度": 1, "自媒体": 1, "蓝V": 1, "矩阵": 1, "传播": 1, "东西": 1, "友商": 1, "没法": 2, "怼": 1, "档": 1, "酸": 1, "爱国": 2, "自来水": 1, "试验": 1, "陆续": 1, "持续": 1, "＝": 1, "话题": 1, "热度": 1, "兴趣": 1, "翻": 1, "细": 1, "海军": 1, "找": 1, "麻烦": 1, "实话": 1, "操作": 1, "厉害": 1, "不服": 1, "不行": 1, "历经": 1, "千辛万苦": 1, "终于": 1, "凑": 1, "齐": 1, "手机界": 1, "TFBOY": 1, "小米": 1, "王源": 1, "OPPO": 1, "王俊凯": 1, "易烊": 1, "千玺": 1, "正面": 1, "颜值": 1, "好看": 1, "当事人": 1, "讲": 1, "解放军": 1, "总政": 1, "著名": 1, "词作家": 1, "李幼容": 1, "词曲": 1, "作家": 1, "表达": 2, "感情": 2, "80多": 1, "岁": 1, "老": 2, "军人": 2, "一代": 1, "经历": 1, "思想": 2, "方式": 1, "价值观": 1, "喜欢": 1, "接受": 1, "以此": 1, "攻击": 1, "谩骂": 1, "带": 1, "节奏": 1, "过分": 1, "#​": 1, "刷屏": 1, "相关": 1, "人士": 1, "歌": 1, "内部": 1, "L虎嗅APP": 1, "新机": 1, "演示": 1, "机型": 2, "搭载": 1, "徕卡": 1, "四": 1, "摄": 1, "神秘": 1, "Mate": 1, "概念机": 1, "猪": 1, "八": 1, "戒": 1, "嘲笑": 1, "孙悟空": 1, "金箍棒": 1, "九齿钉": 1, "耙": 1, "差不多": 1}