{"蓬佩奥": 4, "菲律宾": 12, "小心": 2, "华为": 100, "菲防长": 4, "反杀": 2, "3月": 8, "1日": 8, "扬言": 2, "缺乏": 3, "透明度": 2, "、": 30, "风险": 2, "达成": 7, "协议": 7, "合同": 2, "声称": 2, "美国": 29, "企业": 6, "最佳": 2, "伙伴": 2, "国防部长": 2, "洛伦扎纳": 4, "当天": 2, "回应": 4, "理由": 6, "担心": 4, "（什么": 2, "……": 2, "看起来": 2, "很": 9, "开放": 2, "全国": 2, "：": 43, "秘密": 2, "瞒": 2, "住": 4, "O蓬佩奥": 2, "渲染": 2, "威胁": 4, "感谢": 7, "当年": 2, "收": 10, "恩": 12, "！": 21, "摩托罗拉": 44, "拒": 6, "收购": 25, "75亿": 14, "美元": 22, "报价": 5, "太": 8, "贵": 8, "2月": 5, "27日": 5, "英国": 6, "金融": 7, "时报": 7, "公布": 5, "任正非": 5, "COO迈克·扎菲罗夫斯基": 5, "旧照": 5, "2003年": 6, "有意": 6, "最终": 6, "人事": 5, "变动": 5, "中断": 5, "如今": 6, "早已": 5, "联想": 6, "29亿": 5, "真心": 4, "通信业": 5, "历史": 9, "全球": 6, "电信": 6, "设备": 7, "公司": 14, "销量": 5, "第二": 5, "智能": 5, "手机": 15, "厂商": 8, "L": 3, "老板": 8, "联播": 6, "视频": 9, "谢不收之恩": 1, "16年": 5, "当初": 2, "@": 6, "联播L": 2, "久等": 1, "nova4": 1, "贝母": 1, "白明日": 1, "预售": 1, "戳": 1, "评论": 1, "惊喜": 1, "​": 9, "差点": 8, "卖身": 9, "网友": 4, "谢": 3, "杀": 4, "后者": 3, "↓↓": 2, "关键": 2, "时刻": 2, "换帅": 3, "新任": 1, "首席": 2, "执行官": 2, "拒绝": 3, "一个": 11, "知名": 3, "外国": 2, "价格": 2, "发难": 1, "O华": 3, "恩怨": 1, "远": 1, "不止": 1, "OYO": 4, "酒店": 4, "第一": 2, "异地": 2, "情侣": 1, "终于": 1, "见面": 1, "带上": 1, "思念": 1, "心情": 1, "坐": 1, "专列": 1, "立马": 1, "送": 1, "Ta": 1, "时常": 1, "电话": 1, "~": 3, "转发": 1, "本博": 1, "关注": 2, "3.8日": 1, "抽": 2, "1": 3, "Nova3手机": 1, "10": 1, "电影票": 1, "福利": 1, "LOYO": 1, "加拿大": 27, "推进": 8, "孟晚舟": 24, "引渡": 24, "听证会": 3, "司法": 30, "部长": 14, "当地": 6, "时间": 6, "案": 15, "签发": 24, "授权": 24, "对此": 19, "2日": 5, "发布": 7, "律师": 9, "声明": 9, "称": 9, "指控": 8, "出于": 7, "政治": 8, "动机": 7, "情况": 9, "推进令": 7, "感到": 17, "失望": 16, "孟": 13, "女士": 17, "不当": 7, "起诉": 7, "程序": 12, "滥用": 7, "希望": 7, "合法": 6, "权利": 6, "过程": 7, "阶段": 6, "保护": 6, "启动": 3, "总统": 1, "有助于": 1, "中国": 16, "贸易": 1, "干预": 1, "犯罪": 2, "同意": 2, "符合": 1, "双重": 1, "原则": 1, "3": 2, "4": 1, "环球网": 3, "司法部": 10, "早": 2, "6日": 1, "西方": 3, "媒体": 1, "分析": 1, "上诉": 1, "抗辩": 1, "长": 1, "华尔街": 1, "日报": 1, "援引": 1, "案例": 2, "抗": 1, "辩长": 1, "13年": 1, "才": 2, "泰国": 1, "审判": 1, "毫无疑问": 1, "这是": 1, "迫害": 2, "系统": 3, "帮凶": 1, "刚刚": 2, "伊朗": 1, "运营": 1, "何为": 1, "违反": 2, "制裁": 2, "对待": 1, "解释": 1, "空间": 1, "高管": 3, "刑事": 1, "追究": 1, "内": 1, "打压": 2, "一部分": 1, "高速": 1, "发展": 4, "走": 1, "最前列": 1, "科技": 1, "力量": 1, "视为": 1, "崛起": 2, "符号": 1, "耿耿于怀": 1, "遏制": 1, "能力": 6, "蒙难": 1, "父亲": 1, "带": 1, "华为人": 1, "吓倒": 1, "巴塞罗那": 1, "展示": 1, "屏幕": 1, "折叠": 2, "梦幻": 1, "般的": 1, "5G": 14, "回答": 1, "顶住": 1, "全线": 1, "压力": 1, "社会": 2, "鼓励": 1, "支持": 3, "逆风": 1, "飞扬": 1, "究竟": 1, "外部": 1, "阻力": 1, "凶悍": 1, "内力": 1, "强劲": 1, "试金石": 1, "外媒": 5, "报道": 6, "每次": 1, "路过": 1, "都会": 1, "开心": 1, "易烊": 2, "千玺Lbriony_skyyyy": 1, "观察者": 1, "网": 1, "外交部": 3, "敦促": 3, "加方": 3, "释放": 2, "平安": 2, "回到": 2, "发言人": 2, "陆慷": 1, "执意": 2, "针对": 1, "公民": 2, "发表": 1, "谈话": 1, "再次": 1, "美方": 1, "撤销": 1, "逮捕令": 1, "请求": 1, "中方": 1, "不满": 1, "反对": 1, "提出": 1, "严正": 1, "交涉": 1, "O网页": 1, "链接": 1, "中新网": 1, "网站": 1, "O": 2, "全文": 1, "O加": 1, "MWC2019": 1, "落地": 2, "MWC": 1, "冲击": 1, "展台": 1, "醒目": 1, "标语": 1, "5": 1, "Gison": 1, "爱立信": 1, "诺基亚": 1, "中兴": 3, "都": 22, "提供": 1, "全套": 1, "传输网": 1, "承载网": 1, "核心网": 1, "基站": 7, "芯片": 7, "网络": 4, "切片": 1, "边缘": 1, "计算": 1, "成熟": 1, "产品": 1, "以往": 2, "提": 1, "体积": 1, "耗能": 1, "机柜": 1, "还要": 1, "庞大": 1, "天线": 1, "方向": 1, "攻下": 1, "整合": 1, "提高": 1, "效率": 2, "降低": 1, "成本": 1, "台式机": 1, "笔记本": 1, "电脑": 1, "未来": 1, "建设": 1, "高度": 1, "集成": 1, "爆发": 2, "小米": 3, "三星": 8, "索尼": 1, "oppo": 1, "一加": 1, "众多": 1, "时代": 1, "高通": 1, "海思": 1, "阵营": 1, "联发科": 1, "展锐": 1, "成气候": 1, "大势": 1, "水平": 1, "超越": 1, "已往": 1, "感觉": 1, "垂直": 1, "多年": 3, "商用": 1, "积累": 1, "4G": 3, "微信": 1, "3G": 1, "爽": 1, "博世": 1, "工业": 1, "制造": 1, "早就": 1, "柔性": 1, "部署": 1, "大幅度": 1, "提升": 2, "急不可耐": 1, "机会": 1, "基础": 1, "国家": 1, "强大": 2, "强将": 1, "指标": 1, "往事": 3, "改变": 3, "电信业": 3, "披露": 1, "未果": 1, "感慨": 1, "交易": 3, "势必": 1, "进程": 1, "千玺": 2, "好帅": 1, "!": 2, "TFBOYS": 1, "易烊": 1, "(": 1, "记得": 1, "vx": 1, "终端": 1, "公众号": 1, "回复": 1, "易烊千玺": 1, "四": 2, "字": 1, "收图": 1, ")": 1, "华盛顿": 1, "泼脏": 1, "水": 1, "众议院": 1, "情报": 1, "委员会": 1, "2012年": 1, "份": 1, "报告": 1, "攻击": 1, "相对来说": 1, "温和": 1, "搬出": 1, "重型": 1, "武器": 1, "描述": 1, "文明": 1, "问问": 1, "这一切": 1, "到底": 1, "O作为": 1, "批准": 1, "眼中": 1, "管理者": 1, "18": 2, "惰怠": 1, "​​": 2, "华": 1, "主题": 1, "": 2, "设计": 2, "美学": 1, "截止": 1, "过期": 1, "r​": 1, "发布会": 1, "隔空": 1, "GalaxyFold": 1, "折": 1, "叠屏": 1, "PPT": 1, "调侃": 1, "挺": 1, "国产": 1, "社交": 2, "推广": 3, "频率": 1, "低": 1, "OPPO": 2, "荣耀": 1, "推高管": 1, "大佬": 1, "风格": 1, "雷": 1, "翻车": 1, "揶揄": 1, "无形": 1, "之中": 1, "相比之下": 1, "克制": 1, "带来": 1, "线上": 1, "用户": 2, "人性化": 1, "感知": 1, "弱": 1, "意识": 1, "推个": 1, "冯恩": 1, "老师": 1, "方法": 1, "指明": 1, "道路": 1, "提前": 1, "曝": 1, "料": 1, "听听": 1, "声音": 1, "面临": 1, "上边": 1, "三星L": 1, "路透社": 2, "员工": 4, "股东": 4, "派发": 3, "数十亿": 3, "现金": 6, "股息": 4, "消息": 3, "技术": 1, "有限": 1, "总值": 1, "增幅": 1, "3%": 1, "六": 1, "名": 1, "人士": 2, "2018年": 2, "每股": 2, "股": 1, "息料": 1, "1.02": 1, "元": 3, "增至": 1, "1.05": 1, "收益": 1, "下降": 1, "7%": 1, "2.61": 1, "拆股": 2, "1.56": 1, "年薪": 1, "O路": 1, "透社": 1, "20190302": 1, "「": 22, "黃金": 3, "唱": 15, "・": 1, "爆": 2, "黃子": 3, "華為": 1, "羅金": 1, "榮開": 1, "金口自爆": 1, "兄弟": 4, "背棄": 3, "理想": 3, "轉": 1, "行揸": 1, "的士": 3, "」": 22, "羅": 4, "金榮": 8, "Wing": 30, "樂": 1, "隊幕": 1, "玩家": 1, "成員": 1, "樂隊": 2, "95年": 1, "成軍": 1, "可惜": 1, "出道": 1, "兩年": 1, "遇上": 1, "倒閉": 1, "被迫": 1, "解散": 1, "不過": 1, "來": 2, "沒有": 1, "放棄": 1, "音樂": 6, "身邊": 1, "默默": 1, "經": 3, "世唔": 1, "知係": 1, "咪親": 1, "形容": 1, "老友": 2, "華": 4, "今晚": 2, "這位": 1, "齊齊": 1, "現身": 3, "娛果": 1, "facebook": 1, "特備": 1, "節目": 2, "‧爆": 1, "子華神": 2, "講明": 1, "為": 1, "金": 1, "盆o": 1, "浪口": 1, "子華": 13, "蘋果": 1, "大樓": 1, "開": 1, "金口": 1, "場圍觀": 1, "壹傳": 1, "媒": 1, "同事": 2, "個個": 1, "拍掌": 1, "叫好": 1, "當": 3, "說罷": 1, "兩人": 1, "相識": 1, "經過": 2, "抵死": 1, "問": 2, "現場": 1, "哋": 2, "聽唔": 1, "聽": 2, "明佢": 1, "講乜": 1, "唱歌": 1, "啲人": 1, "係咁": 3, "件": 2, "發生": 1, "喺": 1, "身上": 1, "唔明": 2, "佢講": 1, "乜嘢": 1, "說": 7, "指": 4, "某年": 1, "拍": 1, "電影": 1, "剛巧": 1, "租用": 1, "寓所": 1, "晚上": 1, "酒吧": 1, "遇見": 1, "悉剛": 1, "拍戲": 1, "屋主": 1, "過": 3, "認識": 1, "當年": 7, "港台": 1, "PA": 1, "導演": 1, "訪問": 2, "兩個": 1, "單位": 2, "個": 5, "參加": 3, "完譚": 1, "詠麟": 6, "模仿": 3, "大賽": 2, "冠軍": 1, "導": 1, "演指": 1, "嘈": 1, "亂": 1, "會紅": 1, "Beyond": 1, "時": 3, "正子": 1, "實": 3, "區夏": 1, "日樂": 1, "逍遙": 1, "歌唱": 1, "子華隨": 1, "即講": 1, "笑說": 4, "原來": 1, "誤": 1, "會咗": 1, "咁多": 2, "填詞": 2, "應覺": 2, "見": 3, "子華說": 1, "記": 1, "係": 10, "97": 1, "諗吓": 1, "幾": 2, "敏感": 1, "明明": 1, "想": 5, "寫": 2, "英國": 3, "唔寫": 1, "咁": 3, "係應": 1, "該覺": 1, "會": 2, "見嘅": 1, "講": 6, "覺": 3, "幾好": 1, "好似": 2, "講緊": 1, "嘅": 7, "關係": 1, "男女": 1, "情慾": 1, "關": 1, "床": 1, "觔斗": 1, "落床": 1, "分手": 1, "97年": 1, "自資": 2, "唱片": 2, "笑指": 1, "擅長": 1, "說沒": 1, "辦法": 2, "為沒": 1, "欣賞": 1, "即說": 1, "據": 1, "香港": 1, "認": 1, "為係": 1, "音樂人": 1, "Busking": 4, "係羅": 1, "時佢": 1, "女人": 2, "街": 2, "街頭": 1, "表演": 1, "快要": 1, "乞食": 1, "好多": 5, "有人": 1, "掟": 2, "鏹水": 2, "一日": 2, "唔知": 2, "旺角": 1, "點解": 1, "淋": 1, "差人": 1, "捉唔": 1, "為佢": 2, "哋係": 1, "佢當": 1, "年係": 1, "冒住": 1, "生命": 1, "危險": 1, "隨緣": 1, "樂助": 1, "因為": 3, "指定": 1, "收錢": 1, "變成": 1, "小販": 1, "子華問": 1, "最多": 1, "收過": 1, "錢": 2, "Wing說": 1, "試過": 1, "500": 1, "蚊": 2, "最少": 1, "仲": 1, "係掟": 1, "出嚟": 1, "話": 4, "懶型": 1, "舊歌": 1, "忘我": 1, "子華待": 1, "唱罷": 1, "介紹": 2, "這": 1, "歌": 5, "狂野": 1, "詩意": 1, "咗詞": 1, "作曲": 3, "子華chitchat": 1, "讚子": 1, "華對": 1, "認知": 2, "他們": 1, "喜歡Blues": 1, "為子": 1, "棟篤": 1, "笑": 1, "戲叻": 1, "實佢": 1, "喺音樂": 1, "還": 1, "這種": 1, "風格": 1, "出新": 1, "循環數": 1, "獅子": 1, "山下": 1, "海闊": 2, "天空": 2, "子華聽": 1, "唱完": 1, "講到": 1, "歌詞": 1, "誰人": 1, "識": 1, "咗羅": 1, "幾年": 1, "佢點": 1, "解唔": 1, "佢嘅": 2, "難行": 1, "除咗": 1, "掟兩蚊": 1, "冇人": 1, "搵佢": 1, "出碟": 2, "辛苦": 1, "賺嘅": 1, "唔夠": 1, "請": 1, "一手": 1, "腳": 1, "晒出": 1, "嚟出": 1, "冇乜": 1, "人理": 1, "搵": 1, "食啫": 1, "唔係": 4, "賺": 1, "大錢": 1, "對唔": 1, "做唔": 1, "華睇": 1, "請羅": 1, "騷": 1, "嘅製": 1, "作嘢": 1, "係唔": 1, "咗": 2, "邊度": 1, "直言": 1, "心噏": 1, "中國啲": 1, "比賽": 1, "佢同": 1, "三": 1, "番": 1, "咗內": 1, "終於": 1, "爭取": 1, "機會": 2, "李克勤": 1, "齊": 2, "『": 2, "紅日": 1, "』": 2, "獲": 1, "兩": 3, "佢仲": 1, "高興": 1, "send": 1, "畀": 1, "睇": 1, "艱辛": 1, "罷子": 1, "說對": 1, "出來": 1, "謂": 1, "克勤": 3, "時睇": 1, "直頭": 1, "畀佢": 1, "嚟": 1, "啲": 2, "feel": 1, "識羅": 1, "係喺": 1, "嗰個": 1, "場合": 1, "佢": 5, "似譚": 1, "唱腔": 1, "張國榮": 3, "將兩": 1, "個死": 1, "對頭": 1, "晒": 1, "真係": 1, "世界": 2, "和平": 1, "普京": 1, "金仔": 1, "俾": 1, "搞": 3, "掂喎": 1, "即時": 1, "出譚": 1, "忘": 1, "何地": 1, "轉行": 1, "佢唱": 1, "諗": 2, "並冇": 1, "明天": 1, "行街": 1, "作詞": 1, "難": 1, "於是": 3, "譚詠麟": 2, "卡拉ok": 1, "佢試": 1, "吓唱": 1, "睇吓": 1, "邊個": 1, "似啲": 1, "嗰個人": 1, "嘅腔": 1, "嘅歌": 1, "咁掂": 1, "嗰時": 1, "諗嘅": 1, "當然": 2, "係失": 1, "敗咗": 1, "上完": 1, "醉咗": 1, "冇咗": 1, "上年": 1, "講佢": 1, "作歌": 1, "冇辦": 1, "法喇": 1, "過佢": 1, "幾次": 1, "揸": 1, "講笑": 1, "唔緊": 1, "㗎": 1, "試": 1, "過坐": 1, "司機": 1, "不停": 1, "開心": 1, "為為": 1, "生計": 1, "擔心": 1, "搵到": 1, "錢出": 1, "碟": 1, "成功": 3, "當初": 1, "譚": 2, "還拍": 1, "心口說": 1, "concept": 1, "負": 1, "全責": 1, "佢搵人": 1, "寫嘅": 1, "唔好": 1, "搞喇": 1, "年喇": 1, "唔": 1, "最初": 1, "學": 1, "過譚": 1, "話畀": 1, "佢聽": 1, "尾聲": 1, "合唱": 1, "藍天": 1, "这次": 2, "领先": 2, "折叠屏": 2, "背后": 2, "csmo": 1, "产业": 1, "上下游": 1, "协同": 2, "产业链": 1, "MateX": 1, "高端机": 1, "国人": 1, "振奋": 1, "深度": 1, "合作": 1, "开发": 1, "价值": 1, "创造": 1, "BOE愿": 1, "助力": 1, "品牌": 1, "制造业": 1, "强国": 1, "供给": 1, "侧": 1, "改革": 1, "哪家": 1, "#O": 1, "戏称": 3, "后续": 1, "尽职": 1, "调查": 1, "顺利": 1, "这笔": 1, "结构": 1, "精心": 1, "确保": 1, "监管": 1, "机构": 1, "发生": 1, "冲突": 1, "偶然性": 1, "戏剧性": 1, "时任": 1, "ChrisGalvin": 1, "辞职": 1, "SunMicrosystems": 1, "前任": 1, "总裁": 1, "EdZander": 1, "位置": 1, "Zander": 1, "上任": 1, "谈判": 1, "董事会": 1, "大部分": 1, "支付": 1, "多么": 1, "讽刺": 1, "竟然": 1, "嫌华": 2, "卖": 1}