{"余承东": 7, "：": 40, "华为": 97, "操作": 12, "系统": 14, "快": 5, "秋天": 5, "面世": 1, "提到": 3, "OS": 11, "、": 44, "晚": 4, "明年": 4, "春天": 4, "面市": 6, "打通": 2, "手机": 5, "电脑": 8, "平板": 2, "电视": 6, "汽车": 2, "智能": 2, "穿戴": 2, "产品": 4, "统一": 2, "一个": 16, "兼容": 2, "安卓": 3, "Web": 2, "相关": 4, "编译": 1, "运行": 1, "性能": 1, "提升": 1, "超过": 1, "60%": 1, "中国": 17, "经营网": 1, "任正非": 48, "19": 2, "年前": 2, "差点": 3, "卖给": 11, "美国": 32, "手续": 4, "都": 12, "5月": 6, "21日": 10, "总部": 6, "接受": 13, "媒体": 4, "采访": 9, "2000年": 1, "初": 2, "100亿": 3, "美元": 1, "完了": 3, "对方": 2, "董事会": 1, "换届": 1, "作罢": 1, "山顶": 1, "相遇": 1, "L": 3, "老板": 2, "联播": 4, "秒拍": 6, "视频": 9, "来源": 2, "@": 4, "谈": 8, "妻子": 4, "关系": 11, "融洽": 4, "结婚证": 4, "前妻": 6, "帮忙": 4, "上午": 3, "梨": 1, "家庭": 2, "婚姻": 2, "三": 2, "小孩": 2, "叱咤风云": 2, "现任": 2, "太太": 4, "结婚": 2, "出生证": 2, "L老板": 2, "​": 8, "风向": 2, "|": 2, "硬汉": 1, "挨打": 2, "倒下": 3, "2019年": 1, "5G": 6, "商用": 1, "元年": 1, "再次": 2, "遭遇": 4, "挑战": 1, "相比": 1, "此前": 2, "大战": 1, "愈发": 1, "成熟": 1, "实力": 1, "雄厚": 1, "保留": 1, "危机感": 1, "国内": 5, "民众": 1, "空前": 1, "支持": 1, "声音": 2, "异常": 1, "冷静": 1, "绑架": 1, "社会": 4, "爱国": 7, "情绪": 1, "热血沸腾": 1, "口号": 1, "满天飞": 1, "打仗": 1, "不行": 1, "没用": 1, "最终": 1, "打赢": 1, "才": 3, "真的": 1, "苦难": 1, "给予": 1, "不止": 1, "饥饿": 1, "穷苦": 1, "钢铁": 1, "意志": 1, "无私": 1, "品格": 1, "如今": 1, "前途未卜": 1, "永远": 2, "O硬汉": 1, "微软": 8, "下架": 2, "笔记本": 4, "中止": 3, "Windows": 2, "授权": 2, "外媒": 3, "上周末": 2, "在线": 2, "商店": 4, "删除": 2, "列表": 2, "搜索": 2, "硬件": 2, "设备": 2, "消费者": 4, "业务": 3, "CEO": 4, "透漏": 2, "自研OS": 2, "时间": 2, "财经": 2, "期待": 1, "！": 11, "好用": 3, "买": 6, "L何": 1, "凯文": 1, "特朗普": 3, "恨": 3, "外交官": 3, "幽默": 2, "解答": 2, "苹果": 6, "切成": 2, "碎片": 2, "名": 1, "给出": 1, "方向": 1, "驻": 1, "巴基斯坦": 1, "使馆": 1, "临时代办": 1, "赵": 1, "立坚": 1, "国外": 1, "社交": 1, "推特": 1, "发布": 1, "切成片": 1, "照片": 3, "开玩笑": 1, "突发": 1, "新闻": 4, "痛恨": 1, "一家": 3, "民营": 2, "企业": 13, "原因": 1, "揭晓": 1, "标识": 1, "……": 1, "O特朗普": 1, "回应": 8, "人民": 2, "日报": 2, "底气": 4, "骨气": 4, "做好": 9, "90": 3, "临时": 3, "执照": 2, "外部": 2, "环境": 2, "变化": 4, "关键": 2, "收拾": 2, "精神": 2, "自作": 2, "主宰": 2, "争分夺秒": 2, "本职工作": 2, "过不去": 2, "沟坎": 2, "赢": 2, "硬仗": 2, "O": 6, "人民日报": 2, "央视": 9, "专访": 10, "透露": 3, "背后": 3, "恋爱": 4, "小伙子": 7, "俄罗斯": 3, "科学家": 3, "会谈": 2, "数学": 2, "十几": 2, "天天": 2, "玩": 2, "干什么": 2, "2G": 2, "3G": 2, "突破": 4, "马上": 2, "实验": 2, "无线电": 2, "领先": 3, "爱立信": 2, "大规模": 2, "占领": 2, "欧洲": 2, "市场": 3, "4G": 2, "很": 7, "厉害": 2, "差一点": 3, "公司": 16, "美金": 2, "合同": 2, "签订": 2, "团队": 8, "花": 4, "衣服": 4, "穿着": 2, "海滩": 2, "比赛": 4, "跑步": 2, "乒乓球": 2, "星期": 2, "发生": 3, "董事长": 2, "否决": 2, "收购": 3, "回来": 3, "讨论": 3, "卖": 6, "投降派": 2, "妥协派": 2, "事情": 2, "想": 3, "少壮派": 2, "激进派": 2, "山头": 2, "肯定": 2, "拼": 2, "刺刀": 2, "爬南坡": 2, "带": 2, "牛肉": 2, "咖啡": 2, "爬坡": 4, "带着": 2, "干粮": 2, "山上": 2, "思想": 2, "备胎": 3, "计划": 2, "王毅": 2, "打压": 2, "典型": 4, "经济": 3, "霸凌": 2, "外交": 1, "部长": 1, "希望": 1, "正当": 1, "发展": 5, "权利": 1, "试图": 1, "阻碍": 1, "进程": 1, "例证": 1, "事实": 1, "依据": 1, "情况": 2, "莫须有": 1, "罪名": 1, "动用": 1, "国家": 4, "力量": 4, "无端": 1, "这是": 6, "外交部": 1, "网站": 1, "鸿蒙": 3, "太": 4, "燃": 2, "混沌": 1, "世界": 2, "太元": 1, "即将": 1, "盘古开天地": 1, "肩负": 1, "民族": 3, "大任": 1, "居然": 1, "热搜": 1, "说风凉话": 1, "TM服": 1, "！！！": 1, "全稿": 1, "缺数学家": 1, "物理学家": 1, "工程": 1, "技术": 1, "人才": 6, "真心": 1, "建议": 1, "教育部": 1, "合作": 2, "研究型": 1, "大学": 1, "职业性": 1, "学校": 1, "招生": 2, "国际化": 1, "！！": 1, "境界": 1, "学习": 1, "一辈子": 1, "！！！​": 1, "伤痕累累": 1, "皮糙": 1, "肉厚": 1, "英雄": 1, "自古": 1, "磨难": 1, "昨天": 2, "记者": 7, "伤痕": 1, "累累": 2, "烂": 1, "飞机": 3, "架": 1, "二战": 1, "筛子": 1, "浑身": 1, "弹孔": 1, "伊尔2": 1, "依然": 1, "飞行": 1, "终于": 1, "返回": 1, "喜欢": 1, "飞": 2, "修": 1, "热点": 4, "海康": 5, "威视": 5, "断供": 2, "传闻": 1, "暂时": 2, "未": 1, "接到": 2, "消息": 4, "22日": 2, "早间": 1, "报道": 1, "供应商": 2, "开盘": 1, "逼近": 1, "跌停": 1, "对此": 1, "投资者": 2, "负责人": 2, "称": 3, "交流": 1, "会议": 1, "海思": 2, "理解": 5, "需求": 1, "网页": 1, "链接": 1, "正解": 2, "禁": 2, "投入": 2, "贸易战": 2, "创始人": 3, "深圳": 1, "下午": 3, "中央": 3, "广播": 3, "总台": 3, "近期": 1, "美国商务部": 1, "工业": 1, "安全局": 1, "列入": 1, "实体名单": 1, "随后": 1, "谷歌": 1, "暂停": 2, "服务": 1, "全球": 1, "资本": 1, "科技": 2, "芯片": 8, "板块": 1, "震动": 1, "持续": 2, "站上": 1, "舆论": 1, "关注": 1, "最高点": 1, "时隔": 1, "4": 3, "坐": 1, "镜头": 1, "这位": 1, "75": 1, "岁": 1, "老人": 1, "始终": 1, "面带微笑": 1, "禁令": 2, "关键词": 2, "抛": 1, "陈迪说": 1, "金句": 2, "值得": 1, "点赞": 2, "不用": 1, "政治": 4, "挂钩": 1, "网民": 1, "赞誉": 1, "；": 1, "诸多": 1, "常识": 1, "大方": 1, "说出": 1, "微妙": 1, "舆情": 1, "弥足珍贵": 1, "深刻": 1, "全球化": 1, "挑起": 1, "矛盾": 1, "对抗": 3, "文明": 1, "冲突": 2, "L陈迪": 1, "两万": 1, "字": 2, "独家": 4, "强盛": 3, "小学": 3, "教师": 3, "讲台": 3, "2点30分": 1, "面对面": 3, "董": 2, "倩": 2, "场": 1, "谈及": 1, "美": 1, "贸易": 2, "篇幅": 1, "特谈": 1, "基础": 2, "教育": 2, "话题": 2, "首次": 1, "那场": 1, "特意": 1, "引用": 1, "说法": 1, "客户端": 1, "梳理": 1, "剧透版": 1, "重磅": 1, "内容": 2, "飨": 1, "关心": 1, "网友": 1, "O两万": 1, "日前": 2, "新闻O": 2, "胡侃": 1, "大疆": 2, "无人机": 2, "下手": 1, "华盛顿": 2, "打击": 1, "必将": 1, "损害": 1, "越来越": 1, "群体": 1, "美方": 2, "筹码": 1, "迫使": 1, "谈判": 1, "让步": 1, "扑空": 1, "L胡锡进": 1, "谈恋爱": 1, "痛": 1, "这家": 3, "西方": 4, "卡住": 3, "脖子": 3, "硬气": 1, "归功": 1, "未雨绸缪": 1, "得益于": 1, "设计": 1, "制造": 2, "封测": 1, "集体": 2, "崛起": 1, "有目共睹": 1, "机器": 1, "——": 1, "光刻机": 2, "生产": 1, "霸主": 1, "ASML": 2, "荷兰": 1, "称为": 1, "分析": 1, "发家史": 1, "有助于": 1, "行业": 1, "O痛": 1, "社评": 2, "心胸": 2, "执政": 2, "中国人": 1, "邪不压正": 1, "政府": 2, "搞": 1, "套": 1, "邪": 1, "手里": 1, "优势": 1, "不可一世": 1, "历史": 6, "垃圾箱": 1, "教训": 1, "霸权": 1, "奸商": 1, "有害": 1, "超级大国": 1, "持久": 1, "兴旺": 1, "或许": 1, "短": 1, "近代史": 1, "缺少": 1, "曲折": 1, "东方": 1, "打交道": 1, "比例": 1, "南辕北辙": 1, "经验": 1, "之间": 1, "拓展": 1, "思维": 1, "方式": 2, "日本": 5, "运营商": 5, "延期": 4, "发售": 6, "P30": 3, "新机": 2, "通信": 1, "KDDI": 2, "软银": 2, "新款": 1, "系列": 2, "合约机": 2, "一大": 1, "NTTdocomo": 1, "预约": 1, "三大": 1, "均": 1, "机型": 2, "实属": 1, "罕见": 1, "安心": 1, "销售": 1, "确认": 2, "影响": 3, "正确": 1, "认本": 1, "事件": 1, "信息": 2, "足以": 1, "做出": 1, "观察者": 1, "网": 1, "团团": 1, "热榜": 1, "MV": 1, "青春": 2, "模样": 1, "①": 1, "总裁": 1, "凌晨": 1, "致信": 1, "员工": 3, "多年": 1, "夜": 1, "自立": 1, "​​": 2, "②": 1, "南京": 2, "大屠杀": 1, "添": 1, "新证": 1, "珍贵": 1, "胶片": 1, "记录": 1, "日军": 1, "轰炸": 1, "上海": 1, "画面": 1, "忘": 1, "③": 1, "乾坤": 1, "未定": 1, "皆": 1, "黑马": 1, "高考": 1, "在即": 1, "分秒必争": 1, "OS半": 2, "揭": 2, "面纱": 2, "国产": 2, "走出": 2, "陪跑队": 2, "晚间": 1, "O华": 1, "全文": 1, "实录": 1, "归纳": 1, "1": 1, "格局": 2, "遭受": 3, "有史以来": 1, "强度": 1, "女儿": 1, "逮捕": 1, "感谢": 1, "30年": 2, "寻求": 1, "解决": 1, "办法": 1, "建设": 1, "人类": 1, "自信": 3, "期限": 1, "实质性": 1, "增长": 1, "减缓": 1, "负增长": 1, "刀": 1, "劈": 1, "斧": 1, "砍": 1, "山呼海啸": 1, "岿然不动": 1, "面对": 1, "第一": 1, "国举": 1, "全国": 1, "针对": 2, "领导人": 1, "云淡风轻": 1, "3": 1, "理想": 5, "当年": 1, "艰苦创业": 1, "敬佩": 1, "欠缺": 1, "浮躁": 1, "很多": 1, "忘却": 1, "事实上": 1, "件": 2, "终将": 1, "成功": 1, "胸怀": 2, "劫难": 1, "家人": 1, "怂恿": 1, "领域": 2, "竞争": 3, "对手": 2, "恶意": 1, "制裁": 1, "不卑不亢": 1, "夸": 1, "优点": 1, "5": 1, "远见": 2, "早早": 2, "预料": 1, "一度": 1, "牛仔帽": 1, "之下": 1, "工作": 1, "时刻": 1, "拒": 1, "命运": 1, "捉弄人": 1, "份": 1, "拒绝": 1, "成就": 1, "纯": 1, "品牌": 1, "6": 1, "智慧": 2, "提出": 1, "全世界": 1, "投资": 2, "科研": 1, "项目": 2, "反哺": 1, "得以": 1, "高科技": 1, "壮大": 2, "了不起": 1, "葛": 1, "大爷": 1, "21": 1, "世纪": 1, "贵": 1, "一脉相承": 1, "尊重": 1, "重视": 1, "7": 1, "大度": 2, "持股": 1, "享受": 1, "带来": 1, "红利": 1, "股份": 1, "1%": 1, "一点": 1, "成员": 1, "分享": 1, "利益": 1, "刘邦懂": 1, "道理": 1, "天下": 1, "阿里": 1, "完善": 1, "股": 1, "激励": 1, "让利": 1, "缩小": 1, "份额": 1, "访谈": 1, "短短": 1, "挖掘": 1, "纯属": 1, "蛇精病": 1, "正好": 1, "纯粹": 1, "挺": 1, "不妥": 1, "情怀": 1, "何乐不为": 1, "截个图": 1, "证明": 1}