{"外媒": 3, "：": 11, "华为": 68, "淘汰": 10, "10%": 7, "管理者": 7, "轮值": 6, "董事长": 10, "徐直军": 3, "2020年": 16, "全力以赴": 1, "开发": 1, "操作": 1, "系统": 2, "涵盖": 1, "存储": 1, "商店": 1, "服务": 1, "这是": 1, "中国": 2, "市场": 1, "销售": 2, "智能": 2, "设备": 1, "基础": 1, "徐": 5, "直军": 5, "清除": 2, "平庸": 2, "自满不前": 2, "员工": 3, "企业": 3, "摆脱": 4, "自满": 4, "情绪": 4, "都会": 2, "辞去": 2, "表现": 3, "差": 3, "末位": 7, "主管": 7, "#O": 1, "拟": 1, "感谢": 1, "nova6": 4, "记录": 5, "永别": 1, "2019": 6, "2020toge": 4, "​": 21, "昨晚": 1, "成都": 1, "现场": 1, "听": 1, "评书": 1, "75": 3, "岁": 4, "刘兰芳": 1, "老师": 1, "大牛人": 1, "坐": 1, "第六": 1, "排": 1, "手机": 9, "拍": 1, "生存": 3, "明年": 1, "第一": 1, "要务": 1, "公司": 8, "发表": 2, "谋": 2, "发展": 2, "砥砺": 2, "奋进": 2, "新年": 10, "致辞": 4, "称": 2, "预计": 3, "艰难": 2, "增速": 2, "太": 6, "上半年": 2, "快": 4, "内部": 2, "滋生": 2, "支持": 2, "运营": 1, "部门": 2, "合并": 1, "缩小": 1, "规模": 1, "增加": 1, "分配": 1, "辞职": 1, "走": 1, "三年": 1, "感受": 3, "无比": 1, "幸运": 1, "体验": 5, "教会": 1, "宽容": 1, "理解": 1, "世界": 4, "糟心": 1, "事儿": 1, "都": 4, "发生": 2, "始终": 1, "一个": 4, "维度": 1, "美好": 3, "希望": 2, "力量": 1, "东西": 1, "才": 2, "观察者": 1, "5G": 6, "广阔": 3, "装进": 1, "生活": 1, "L时尚": 2, "芭莎BazaarV": 2, "秒拍": 5, "视频": 17, "2019年": 8, "收入": 5, "超": 2, "8500亿": 2, "元": 2, "增长": 6, "18%": 5, "未": 1, "预期": 2, "12月": 3, "31日": 2, "发布": 1, "全年": 1, "同比": 4, "年初": 1, "整体": 1, "经营": 1, "稳健": 1, "经受": 1, "住": 1, "考验": 1, "全力": 1, "打造": 1, "HMS": 1, "生态": 1, "基于": 1, "鲲鹏": 1, "昇腾": 1, "处理器": 1, "产品": 1, "方向": 1, "@": 3, "老板": 2, "联播L": 1, "联播": 2, "今晚": 2, "跨年夜": 3, "度过": 1, "自拍": 5, "时刻": 2, "期待": 2, "到来L": 1, "牧场": 1, "计划": 1, "酷燃": 2, "关注": 1, "转发": 1, "抽送": 1, "nova65G": 2, "台": 1, "​O": 1, "抽奖": 1, "详情": 1, "飞": 1, "飞飞": 1, "小伙伴": 1, "吾皇": 1, "巴扎": 1, "黑": 1, "主题": 1, "....": 1, "微盘点": 1, "跨年": 6, "回望": 3, "新闻": 4, "搜索": 3, "热词": 2, "即将": 1, "澎湃": 2, "频率": 1, "关键词": 1, "区块链": 1, "、": 20, "滴滴": 1, "奔驰": 1, "猪肉": 1, "NBA": 1, "垃圾": 1, "分类": 1, "……": 3, "124": 1, "秒": 1, "带": 1, "回顾": 1, "网友们": 1, "关心": 1, "话题": 1, "O跨年": 1, "L": 2, "心痛": 1, "！": 16, "高通": 3, "公布": 1, "收费": 1, "标准": 1, "全网": 1, "小米": 2, "OV": 1, "魅族": 1, "一加": 1, "芯片": 3, "卖出": 1, "1": 2, "3000": 1, "通交": 1, "97-150": 1, "国产": 1, "厂商": 1, "低头": 1, "缴费": 1, "交": 1, "几百亿": 1, "日子": 1, "个头": 1, "担心": 1, "麒麟": 1, "性能": 1, "赶超": 1, "同期": 1, "收": 2, "专利费": 2, "任正非": 2, "知识": 1, "产权": 1, "用来": 1, "保护": 1, "进攻": 1, "技术": 2, "创新": 1, "时间": 3, "打官司": 1, "企业家": 1, "胸怀": 1, "善良": 1, "新世界": 2, "马云": 2, "再见": 1, "柳传志": 2, "退隐": 1, "董明珠": 2, "斗志": 2, "…": 1, "财经": 3, "表情": 2, "大盘点": 1, "↓": 2, "热闹": 1, "片段": 1, "失落": 1, "瞬间": 2, "一生": 1, "为人": 1, "低调": 1, "神秘": 1, "创始人": 1, "开启": 1, "采访": 1, "模式": 1, "；": 3, "联想": 1, "父": 1, "真的": 1, "解甲归田": 1, "阿里巴巴": 1, "成立": 1, "周年": 1, "之际": 1, "正式": 2, "卸任": 2, "董事局": 1, "主席": 1, "65": 1, "依然": 1, "减": 1, "场": 2, "混改": 1, "事件": 1, "格力": 1, "奋斗": 1, "更多": 1, "大咖": 1, "戳": 1, "央视": 1, "​​": 1, "​请": 1, "选择": 1, "独属于": 1, "仪式感": 1, "——": 1, "演唱会": 4, "国内": 1, "鼻祖": 1, "湖南": 3, "卫视": 3, "邀请": 1, "TFBOYS": 1, "吴亦凡": 1, "杨": 1, "紫": 1, "王一博": 2, "阵容": 1, "荣耀": 3, "用户": 2, "自带": 2, "同步": 1, "观看": 1, "直播": 1, "感觉": 1, "安排": 1, "2020": 6, "L老板": 1, "「": 1, "影像": 2, "·": 1, "不止": 1, "」": 1, "艺术展": 1, "开幕": 1, "打卡": 1, "块": 1, "MatePad": 2, "Pro": 1, "巨幅": 1, "插画": 1, "印象深刻": 1, "想到": 1, "官方": 6, "剧透": 1, "发现": 1, "幅": 1, "画": 2, "暗藏": 1, "鼠年": 1, "玄机": 1, "想": 4, "亲自": 1, "miss掉": 1, "隐藏": 1, "老鼠": 1, "彩蛋": 1, "顺便": 1, "解锁": 2, "美照": 1, "～": 1, "各家": 1, "年终": 1, "盘点": 1, "很": 2, "亮眼": 1, "进化": 1, "带来": 1, "满满": 1, "惊喜": 1, "科技": 1, "潮牌": 1, "音乐": 1, "电竞": 1, "玩出": 1, "新潮": 1, "花样": 1, "品品": 1, "就要": 1, "智慧": 2, "远": 1, "L荣耀honor": 1, "Flag年": 1, "年翻": 1, "车年": 1, "年立": 1, "空间": 3, "翻车": 1, "Flag~​": 1, "走走停停": 1, "尽收眼": 1, "镜头": 2, "旅途": 1, "定格": 1, "105": 1, "°": 1, "前置": 1, "超广角": 1, "合拍": 1, "人生": 1, "高光": 2, "终端": 4, "祝": 1, "快乐": 2, "马上": 1, "寒假": 1, "舍不得": 1, "舍友": 1, "分离": 1, "点击": 1, "校园": 2, "大片": 1, "教程": 1, "键": 1, "清新": 1, "文艺风": 1, "回家": 1, "好友": 1, "波": 1, "美美": 1, "～L": 1, "舞台": 1, "合集": 1, "彩排": 2, "骑": 1, "摩托": 1, "还要": 1, "水": 1, "唱跳": 1, "杨紫": 1, "高空": 1, "梦幻": 1, "王源化": 1, "烟熏妆": 1, "兴奋": 1, "打开": 1, "芒果TV": 1, "优酷": 1, "腾讯": 1, "内容": 1, "~​": 1, "此刻": 1, "在握": 1, "刷": 1, "朋友": 1, "嗨": 1, "影响": 1, "别人": 1, "玩": 1, "联合": 1, "座": 1, "城市": 1, "年轻人": 1, "将要": 1, "屏": 1, "跨越": 2, "趴": 1, "瞧瞧": 1, "L华": 2, "1220亿": 3, "美元": 3, "英国": 1, "金融": 1, "时报": 1, "报道": 1, "出货量": 1, "2.4亿": 1, "上年": 1, "2.06亿": 1, "O华": 1, "一家": 2, "子公司": 3, "高管": 3, "变更": 3, "孟晚舟": 3, "退出": 3, "董事": 2, "11月": 1, "本月": 1, "数据": 1, "显示": 1, "26日": 1, "全资": 1, "杭州": 1, "通信": 1, "有限": 1, "郭平": 1, "法定": 1, "代表人": 1, "田兴普": 1, "接任": 1, "新增": 1, "董事庞": 1, "云光": 1, "O杭州": 1, "董事会": 1, "调整": 1, "田兴": 1, "普任": 1, "陪伴": 1, "刚好": 1, "身边": 1, "末": 1, "时分": 1, "相伴": 1, "走入": 1, "MatePadPro愿": 1, "陪": 1, "见证": 1, "爱": 1, "温暖": 1, "️": 1, "LZEALER": 1, "VR": 1, "Glass": 1, "解决": 1, "划船": 1, "冲浪": 1, "刺激": 1, "在家": 1, "盘ta": 1, "不堪不求人": 1, "好感": 1, "不予": 1, "难堪": 1, "踏实": 1, "永不止步": 1, "芥": 1, "眜": 1, "RAYNL": 1, "芥眜": 1, "安安静静": 1, "躺": 1, "Flag": 3, "记得": 1, "莫慌": 1, "轻松": 1, "不翻车": 1, "开年": 1, "消息": 1, "授权": 1, "店Plus": 2, "呼和浩特": 1, "振华": 1, "广场": 1, "明天": 1, "开业": 1, "开到": 1, "插画师们": 1, "Pro画": 1, "好看": 1, "旗舰": 1, "平板": 1, "买": 1, "机哥": 1, "画画": 1}