{"任正非": 69, "坦言": 2, "华为": 58, "内部": 7, "：": 45, "机构": 4, "臃肿": 6, "人浮于事": 4, "1987年": 2, "44": 2, "岁": 2, "零": 2, "创办": 2, "面对": 3, "央视": 26, "采访": 7, "回避": 2, "外部": 2, "未来": 6, "精干": 2, "管理": 2, "层级": 2, "PPT": 2, "会议": 2, "无效": 2, "劳动": 2, "L": 12, "新闻": 9, "秒拍": 11, "视频": 24, "解释": 9, "未": 17, "入选": 5, "改革": 23, "先锋": 6, "主动": 15, "放弃": 10, "专访": 18, "1月": 7, "20日": 6, "播出": 6, "面对面": 7, "节目": 9, "100": 5, "名": 5, "开放": 18, "杰出": 16, "贡献": 16, "对象": 4, "称号": 4, "原因": 5, "想": 7, "精力": 13, "搞": 7, "开会": 7, "坐": 14, "不住": 9, "小时": 7, "全程": 6, "接受": 15, "首次": 12, "回应": 17, "人物": 12, "名单": 13, "​": 19, "处于": 3, "危险": 5, "外界": 2, "言论": 2, "称": 4, "至少": 3, "增长": 2, "20%": 2, "部门": 2, "都": 5, "跃跃欲试": 2, "计划": 2, "报低": 2, "一点": 2, "压": 2, "奖金": 2, "加拿大": 6, "禁止": 3, "参与": 3, "5G": 5, "承担": 3, "后果": 3, "外交部": 3, "中国": 4, "威胁": 2, "项目": 1, "发言人": 1, "华春莹": 1, "例行": 1, "记者会": 1, "领域": 4, "全球": 4, "领先": 1, "供应商": 1, "不和": 1, "合作": 1, "肯定": 1, "损失": 1, "从来": 1, "发出": 3, "声音": 1, "加方": 1, "讲": 10, "道理": 1, "O": 8, "中奖": 1, "！": 5, "第二": 2, "波": 1, "抽奖": 2, "送": 3, "新年": 1, "礼物": 1, "转发": 1, "@": 8, "研友": 1, "26日": 1, "抽": 3, "送华": 1, "笔记本": 1, "电脑": 3, "88": 1, "定制": 2, "版": 4, "36": 3, "3": 2, "选": 2, "1": 1, "钥匙链": 1, "年后": 1, "统一": 1, "发货": 1, "平台": 1, "注①": 1, "2020": 6, "参考": 1, "地址": 1, "数学": 6, "一三": 1, "预售": 1, "正版": 2, "张宇": 3, "考研": 4, "高数": 2, "18": 2, "+": 2, "线代": 1, "9讲": 2, "概率": 1, "(": 3, "册": 1, ")": 3, "十八": 1, "时代": 3, "二为": 1, "现货": 1, "27": 1, "高等": 1, "+线性": 1, "数9": 1, "数十八": 1, "注②": 1, "新书": 1, "发布会": 1, "复习": 1, "指导": 1, "同学": 1, "不用": 1, "L宇哥": 1, "访谈": 3, "回答": 1, "微波": 1, "世界": 1, "别人": 1, "买": 5, "谈": 3, "孟晚舟": 5, "很": 2, "长": 1, "时间": 2, "解决": 2, "一百": 2, "精英": 1, "很多": 1, "经营": 3, "值得": 1, "收藏": 1, "LHW前HR": 1, "CFO": 1, "被捕": 1, "感谢": 1, "党": 1, "国家": 5, "一个": 6, "公民": 1, "权利": 1, "保护": 2, "晚": 1, "频道": 1, "17日": 2, "下午": 1, "深圳": 4, "总部": 1, "创始人": 4, "兼": 2, "CEO": 2, "针对": 3, "女儿": 3, "扣押": 3, "、": 5, "打压": 2, "一一": 2, "作出": 2, "电视": 2, "媒体": 6, "法律": 1, "力量": 1, "信心": 2, "儿女": 2, "翅膀": 1, "硬": 1, "自由": 1, "飞翔": 1, "期望": 2, "照顾": 1, "父母": 1, "回忆": 2, "杀": 2, "手机": 9, "对比": 2, "挑战": 2, "2009年": 4, "2019年": 2, "年间": 2, "科技": 4, "发展": 3, "诺基亚": 2, "行业": 2, "巨头": 2, "跌入": 2, "谷底": 2, "三星": 2, "小米": 2, "崛起": 2, "升级": 2, "换代": 2, "产品": 5, "出世": 2, "2029年": 2, "高科技": 2, "魔王": 2, "易": 2, "烊": 1, "千": 2, "玺": 2, "烊千玺": 1, "表情包": 1, "这位": 2, "网友": 2, "劝": 2, "克制": 1, "散发": 1, "魅力": 1, "频率": 1, "TFBOYS": 1, "易烊": 1, "关键词": 1, "Nova4": 1, "来源": 1, "关闭": 3, "公司": 10, "利益": 4, "驱使": 3, "国际": 2, "30年": 1, "170": 1, "30多亿": 1, "提供": 1, "服务": 1, "记录": 1, "独立": 1, "商业": 1, "网络": 3, "隐私": 1, "站": 1, "客户": 8, "潘刚": 1, "伊利": 5, "食品": 4, "近日": 1, "券商": 1, "调研": 1, "风波": 1, "潘": 1, "刚": 1, "第一": 1, "系统": 1, "愿景": 2, "思路": 1, "目光": 1, "局限": 1, "乳业": 1, "市场": 1, "标雀巢": 1, "达能": 1, "健康": 1, "集团": 1, "2020年": 1, "千亿": 1, "营收": 1, "十足": 1, "中泰证券": 1, "估测": 1, "估值": 1, "长期": 1, "25X": 1, "O潘": 1, "刚谈": 1, "标达": 1, "雀巢": 1, "今日": 1, "春运": 1, "过年": 1, "倒计时": 1, "年味": 1, "依旧": 1, "生活": 1, "Mate20": 1, "系列": 2, "新春": 2, "智慧": 3, "L华": 2, "终端": 2, "官方": 2, "|": 1, "申请": 6, "记者": 2, "谈及": 2, "承认": 3, "的确": 3, "提出": 3, "对此": 2, "想要": 2, "放到": 3, "参加": 3, "社会": 3, "活动": 3, "就要": 5, "消耗": 3, "板凳": 4, "溜号": 4, "这不": 2, "光彩": 4, "潮州": 1, "分享": 1, "美联社": 2, "JoeMcDonald": 2, "抱歉": 1, "争论": 1, "美国": 1, "政府": 2, "澳大利亚": 1, "卖": 1, "设备": 1, "厂商": 1, "信任": 1, "电信": 1, "基础": 1, "设施": 1, "运行": 1, "机密": 1, "数据": 1, "手上": 1, "如果说": 1, "国安部": 1, "找到": 1, "事情": 2, "保证": 1, "所在国": 1, "卖给": 1, "倒是": 1, "刚刚": 1, "这家": 1, "关掉": 1, "中心": 1, "绝不": 1, "危害": 1, "苹果": 2, "榜样": 1, "学习": 1, "面临": 1, "侵犯": 1, "纪要": 1, "主持人": 2, "40年": 1, "纪念": 1, "大会": 1, "中央": 1, "表彰": 1, "市委": 1, "市政府": 1, "加上": 1, "真的": 3, "放": 1, "国内": 1, "CCTV": 1, "谈到": 1, "这是": 1, "…": 1, "改开": 1, "人工": 3, "智能": 3, "到底": 1, "计算机": 3, "统计学": 4, "日前": 1, "课": 1, "审计学": 1, "大数据": 2, "统计": 1, "..": 1, "L见闻": 1, "企业家": 1, "频繁": 2, "逼": 2, "......": 1, "北京": 1, "周日": 1, "晚间": 2, "栏目": 1, "问到": 1, "公共": 1, "关系": 1, "部逼": 1, "公共关系部": 1, "危机": 1, "转换": 1, "阶段": 1, "理解": 2, "18万": 1, "员工": 3, "风": 1, "#O": 1, "网页": 1, "链接": 1, "L凤凰网": 1, "拍菜": 1, "无敌": 1, "原图": 1, "晚上": 1, "小心": 1, "今年份": 1, "春节": 1, "安排": 1, "请": 1, "查收": 1, "～": 1, "年年": 1, "有为": 1, "Mate": 1, "四": 1, "摄像头": 1, "布局": 1, "预测": 1, "霸气": 2, "欧美": 2, "不可不": 2, "计较": 2, "全文": 2, "此前": 1, "金融": 2, "时报": 2, "裁员": 2, "警告": 2, "艰难": 3, "做好": 3, "上周五": 1, "发": 1, "封": 1, "讲话": 1, "形势": 1, "严峻": 1, "预想": 1, "光明": 1, "发现": 1, "目标": 1, "不切实际": 1, "修正": 1, "素质": 1, "差": 1, "降低": 1, "劳务费": 1, "上班": 1, "時間": 1, "華為": 1, "人潮": 1, "輸": 1, "蘋果": 1, "台湾": 1, "·": 1, "光華": 1, "數位": 1, "新天地": 1, "GuangHuaDigitalPlaza": 1}