{"魅族": 1, "16sPro": 1, "、": 12, "iQ": 1, "OOPro": 1, "RedmiK20Pro": 1, "华为": 54, "nova5Pro": 1, "价位": 1, "段": 1, "手机": 11, "选": 2, "​": 18, "探索": 1, "快": 1, "速度": 3, "连接": 1, "场景": 1, "9": 1, "天后": 1, "IFA2019": 3, "重构": 4, "芯片": 3, "5G": 13, "万物": 1, "互联": 1, "时代": 2, "想象": 4, "L华": 5, "终端": 2, "公司": 7, "视频": 13, "​​​": 1, "gentlemonster": 1, "联名": 1, "墨镜": 2, "🕶️": 1, "听": 1, "音乐": 1, "电话": 1, "放": 1, "白色": 1, "眼镜盒": 1, "充电": 1, "音质": 1, "好好": 1, "！！！！": 1, "环绕": 1, "立体声": 1, "走路": 1, "有种": 1, "走": 1, "迪厅": 1, "效果": 1, "听歌": 1, "（什么": 1, "都": 5, "匹配": 1, "蓝牙": 1, "～": 1, "座机": 1, "广子": 1, "！！​": 1, "胡": 1, "春杨": 2, "🌳": 1, "胡": 1, "暴风": 1, "成长": 1, "君子": 1, "云胡": 1, "喜": 1, "山": 1, "水": 2, "远": 1, "浮云": 1, "寄": 1, "跃然纸上": 1, "自然": 1, "跳脱": 1, "小确幸": 1, "沉吟": 1, "耳畔": 1, "干净": 1, "可爱": 1, "弯弯": 1, "笑眼": 1, "映入眼帘": 1, "酷炫": 1, "奶凶": 1, "时尚": 1, "镜头": 1, "感星": 1, "光为": 1, "奔赴": 1, "仲": 1, "夏夜": 1, "披星戴月": 1, "@": 2, "UNINE": 1, "胡春": 1, "杨": 1, "GENTLEMONS": 1, "TER华": 1, "智能": 1, "眼镜": 1, "倒计时": 1, "36": 1, "小时": 2, "加油": 1, "爱": 2, "力量": 2, "穿越": 2, "时空": 1, "维度": 1, "感受": 1, "星际": 1, "值得": 1, "反复": 1, "回味": 1, "观看": 2, "电影": 9, "诸多": 1, "细节": 4, "安排": 1, "中探寻": 1, "故事": 1, "幽深": 1, "发现": 1, "妙处": 1, "台": 1, "观影": 2, "设备": 2, "答案": 1, "越来越": 3, "懂": 3, "平板": 6, "M6": 4, "L": 1, "刘": 1, "老师": 1, "秒拍": 2, "演唱会": 1, "明星": 1, "带": 3, "单反": 1, "P30Pro": 1, "烊": 1, "千": 1, "玺": 1, "丁海鹏": 1, "名": 1, "十六": 1, "岁": 1, "中学生": 1, "开发者": 2, "向往": 1, "奇妙": 1, "数字": 3, "世界": 3, "抱有": 1, "新鲜感": 1, "时间": 2, "组建": 1, "一个": 5, "三十多": 1, "研发": 3, "团队": 2, "忙碌": 1, "疲惫": 1, "创造": 1, "款": 1, "简洁": 1, "舒适": 1, "主题": 1, "大家庭": 1, "请": 2, "开发": 1, "中国": 11, "莫斯科": 5, "研究院": 5, "：": 16, "脑门": 6, "纸骗": 1, "人脸": 4, "识别": 7, "系统": 8, "！": 15, "近日": 3, "发表": 2, "研究": 2, "纸": 4, "现今": 3, "开源人": 3, "脸": 3, "ArcFace": 4, "人类": 3, "贴纸": 3, "纹路": 2, "迷惑AI": 2, "算法": 2, "欺骗": 2, "AI": 4, "摄像头": 2, "监控": 2, "沦陷": 2, "L知": 2, "未": 4, "科技": 7, "很多": 3, "乍一看": 1, "枯燥": 1, "无味": 1, "深究": 1, "细思极恐": 1, "去年": 1, "好戏": 1, "电影院": 2, "失望": 1, "至极": 1, "黄渤": 1, "才能": 2, "不至于": 1, "拍出": 1, "作品": 1, "这部": 2, "仅仅": 1, "搞笑片": 1, "错": 1, "回来": 1, "翻": 1, "解析": 2, "竟然": 1, "算是": 1, "悬疑片": 1, "列如": 1, "影片": 2, "时不时": 1, "蜥蜴": 2, "特写": 1, "暗喻": 1, "岛上": 2, "布满": 1, "腐尸": 1, "才": 1, "引来": 1, "证明": 1, "生活": 1, "时光": 1, "出自": 1, "主角": 2, "臆想": 1, "或许": 1, "活人": 1, "类似": 1, "数不胜数": 1, "翻完": 1, "背脊": 1, "发凉": 1, "好似": 1, "从没": 1, "第二": 1, "再次": 2, "走进": 1, "部片": 1, "送": 2, "真香": 1, "电影票": 1, "留意": 1, "理解": 1, "影响": 2, "好片": 1, "烂片": 1, "L毒舌": 1, "雷军": 4, "小米": 3, "机会": 2, "重返": 2, "三": 2, "质量": 1, "协会": 1, "40": 1, "周年": 1, "纪念": 1, "大会": 1, "演讲": 2, "称": 6, "毕竟": 1, "年轻": 1, "根基": 1, "扎实": 1, "超过": 3, "苹果": 5, "企业家": 1, "决心": 1, "基础": 2, "O董": 1, "明珠": 1, "开启": 2, "赌约": 1, "试": 1, "创事": 1, "记": 1, "骗": 2, "出品": 1, "FaceID": 1, "阵亡": 1, "图片": 1, "开源": 1, "量子": 1, "O骗": 1, "Mate30Pro": 1, "高清": 1, "渲染": 1, "想": 3, "拥有": 1, "PC级": 1, "液冷": 1, "散热": 1, "技术": 5, "高能版": 1, "明天": 1, "00:00": 1, "预售": 1, "七侠": 1, "沪电": 1, "股份": 2, "深南": 1, "电路": 1, "立讯": 1, "精密": 1, "生益": 1, "歌尔": 1, "飞荣达": 1, "光弘": 1, "灵动": 2, "梦幻": 2, "苏音蓝": 1, "nova5": 2, "Pro": 1, "全新": 1, "色彩": 1, "即将": 3, "见面": 1, "8月": 2, "30日": 2, "开售": 2, "记得": 1, "准时": 1, "众人": 1, "皆": 2, "醉果": 2, "独醒": 2, "急": 2, "行业": 2, "对劲": 1, "自华": 1, "发布": 1, "第一": 1, "Mate20": 1, "X": 1, "品牌商": 1, "接踵而至": 1, "三星": 1, "Note10": 1, "中兴": 1, "Axon": 1, "vivo": 1, "IQOO": 1, "相继": 1, "推出": 1, "支持": 1, "先行者": 1, "X1": 1, "国内": 1, "热火朝天": 1, "发展": 1, "领跑者": 1, "不紧不慢": 1, "一点": 1, "参与": 1, "竞赛": 1, "弯道": 1, "超车": 1, "O众人": 1, "任正非": 5, "清醒": 2, "无比": 1, "佩服": 1, "公开": 2, "上半年": 2, "很": 2, "挺": 1, "客户": 1, "同情": 3, "付": 1, "货款": 1, "销量": 1, "增大": 1, "显得": 1, "现金流": 1, "并非": 1, "真实": 1, "众所周知": 1, "营收": 1, "突破": 1, "4000亿": 1, "卖": 1, "1.18亿": 1, "涨": 1, "24%": 1, "如今": 1, "增长": 1, "归结": 1, "处于": 1, "危机": 2, "关头": 1, "这是": 3, "多么": 2, "意识": 1, "正是": 1, "走到": 1, "无惧": 1, "困难": 1, "这不": 1, "团结": 1, "国产": 1, "真的": 1, "崛起": 1, "自信": 1, "终于": 1, "回归": 1, "德国": 5, "网络": 1, "主权": 1, "不得不": 1, "承认": 1, "建设": 2, "隔离": 1, "6月": 1, "中旬": 1, "联邦": 1, "经济": 3, "部长": 3, "阿尔特迈尔": 1, "短期": 1, "内": 2, "访华": 1, "上海": 1, "会见": 1, "集团": 1, "总裁": 1, "会面": 1, "本来": 2, "德方": 1, "设定": 1, "秘密": 1, "状态": 1, "最终": 2, "德": 1, "媒体": 3, "通告": 1, "毫无疑问": 1, "聪明": 1, "皮球": 1, "踢": 1, "华盛顿": 1, "看好": 1, "老总": 1, "屈从": 1, "美国": 7, "压力": 1, "O": 2, "密会": 1, "体验": 1, "超乎": 1, "邀": 1, "迈入": 1, "9月": 2, "6日": 2, "·": 1, "柏林": 1, "期待": 1, "关注": 1, "金": 1, "南": 1, "将军": 1, "队伍": 1, "灵魂": 1, "血性": 1, "下半部": 1, "L军": 1, "武季": 1, "纤薄": 1, "轻巧": 1, "机身": 1, "光影": 1, "Pro苏音蓝": 1, "美国商务部": 3, "收到": 1, "130多": 1, "份": 2, "申请": 2, "销售": 1, "许可证": 2, "公布": 1, "数量": 1, "远远": 1, "长罗斯": 1, "7月份": 1, "披露": 1, "50": 1, "发言人": 1, "跨": 1, "部门": 1, "流程": 1, "重视": 1, "子公司": 1, "许可": 1, "请求": 1, "找到": 2, "安卓": 3, "替代品": 2, "外媒": 3, "俄": 2, "搭载": 2, "俄罗斯": 2, "展开": 1, "商谈": 1, "36万": 1, "电脑": 1, "安装": 1, "Aurora": 1, "操作": 1, "用于": 1, "俄国": 1, "明年": 1, "人口": 1, "普查": 1, "列入": 1, "实体": 1, "清单": 1, "寻找": 1, "替代": 1, "OS": 1, "取代": 2, "谷歌": 1, "报道": 2, "试点": 1, "项目": 1, "消息": 1, "自主": 1, "核心": 1, "软件": 1, "---": 1, "高斯": 1, "数据库": 2, "正式": 1, "入选": 1, "国家机关": 1, "采购": 1, "巨头": 1, "甲骨文": 1, "强势": 1, "保障": 1, "信息": 1, "持续": 1, "发力": 1, "不可思议": 1, "近在眼前": 1, "现实": 1, "官方": 1, "美方": 3, "施压": 1, "打算": 1, "弃ARM": 1, "RISC-V": 3, "昇腾": 1, "910AI": 1, "处理器": 1, "发布会": 1, "提到": 1, "施加": 1, "采用": 1, "ARMv8": 1, "永久": 1, "授权": 1, "获取": 1, "ARM": 1, "值得一提的是": 1, "基金会": 1, "成员": 1, "应对": 1, "措施": 1, "可谓": 1, "未雨绸缪": 1, "布局": 1, "理念": 1, "面对": 1, "重压": 1, "惧色": 1, "底气": 1, "奥巴马": 3, "站台": 2, "福耀": 2, "玻璃": 2, "市值": 3, "四": 3, "暴增": 3, "38亿": 3, "独家": 2, "这家": 2, "火": 3, "总统": 1, "夫妇": 1, "投资": 2, "纪录片": 2, "工厂": 1, "该片": 1, "讲述": 2, "曹德旺": 1, "俄亥俄州": 1, "代顿市": 1, "建厂": 1, "种种": 1, "事情": 1, "带火": 1, "元": 1, "O华": 1, "高楼": 1, "大厦": 1, "废墟": 1, "荡": 1, "秋千": 1, "蜘蛛": 1, "难不成": 1, "发电": 1, "彩色": 1, "打印机": 1, "复现": 1, "方法": 1, "迁移": 1, "基站": 1, "维护": 1, "过程": 1, "工程师": 1, "免不了": 1, "跋山涉水": 1, "野外": 1, "危险": 1, "环境": 1, "作业": 1, "改进": 1, "传统": 1, "现场": 1, "勘站": 1, "方式": 2, "联合": 1, "武汉": 2, "大学": 2, "摄影": 2, "测量": 2, "引入": 1, "通信": 1, "工程": 1, "领域": 2, "构建": 1, "站点": 2, "孪生": 1, "重塑": 1, "部署": 1, "黎曼": 1, "实验室": 1, "主任": 1, "副教授": 1, "孙明伟": 1, "博士": 1, "创新": 1, "电信": 1, "带来": 1, "交付": 1, "模式": 1, "变革": 1}