{"易烊": 2, "千玺无水": 1, "印华": 1, "壁纸": 1, "@": 12, "TFBOYS": 5, "易烊": 17, "千玺and": 1, "手机": 20, "冷色": 1, "调​": 1, "近日": 3, "白俄罗斯": 1, "首家": 1, "品牌": 3, "体验店": 1, "正式": 3, "开业": 1, "消费者": 3, "前一天": 1, "凌晨": 1, "排队": 1, "店里": 1, "华为": 83, "Mate20Pro": 3, "小时": 1, "售罄": 1, "！": 21, "热情": 1, "令人感动": 1, "感谢": 1, "喜爱": 1, "支持": 7, "​": 12, "名": 3, "日本": 5, "市民": 4, "致信": 2, "：": 16, "称": 4, "孟晚舟": 3, "恩人": 2, "悲伤": 3, "网络": 4, "流传": 1, "封": 1, "写": 1, "公司": 20, "声援信": 1, "信中": 1, "首席": 1, "财务官": 1, "加拿大": 3, "警方": 2, "拘捕": 1, "感到": 3, "——": 1, "2011年": 1, "地震": 2, "期间": 1, "都": 6, "忙": 1, "撤离": 1, "灾区": 1, "抢修": 1, "损坏": 1, "通信": 5, "设施": 1, "一家": 1, "伸出": 1, "援手": 1, "理由": 1, "措施": 2, "动用": 1, "国家": 4, "力量": 1, "单方面": 1, "排除": 2, "做法": 1, "背离": 1, "做人": 1, "常理": 1, "悲哀": 1, "、": 20, "难受": 1, "一个": 10, "日本人": 1, "羞愧": 1, "O": 1, "扣": 1, "「": 1, "WISHTHEBEST": 1, "WITHTHEBEST": 1, "」": 1, "电脑": 1, "穿戴": 1, "配件": 1, "产品": 4, "大家族": 1, "想": 4, "打包": 1, "圣诞": 5, "礼物": 2, "2018": 3, "期待": 3, "大礼包": 1, "明天": 2, "抽送": 1, "O网页": 1, "链接": 2, "南京": 8, "地铁": 6, "车站": 4, "扫码": 8, "进站": 6, "测试": 6, "174": 2, "公开": 3, "站": 2, "通道": 2, "开启": 2, "支付宝": 2, "NFC": 4, "银联": 2, "一揽子": 2, "解决": 3, "方案": 2, "ApplePay": 2, "Pay": 4, "小米": 2, "……": 3, "开通": 2, "日期": 2, "请": 2, "官方": 2, "告知": 2, "为准": 2, "捷克特朗普": 1, "下令": 2, "内阁": 1, "工作": 2, "人员": 2, "禁用": 1, "美联社": 1, "当地": 1, "时间": 2, "12月": 3, "18日": 1, "消息": 3, "捷克": 1, "总理": 2, "安德烈·巴比什": 1, "AndrejBabis": 1, "当天": 1, "禁止": 3, "政府": 5, "办公室": 1, "该国": 1, "工业": 1, "贸易部": 1, "随即": 1, "部门": 3, "效仿": 1, "网易": 1, "老总": 1, "丁磊": 1, "波": 1, "水平": 1, "虎扑帖ID": 1, "24692558L虎扑": 1, "步行街": 1, "秒拍": 8, "视频": 11, "景区": 5, "国产": 3, "用户": 8, "免费": 2, "半票": 2, "有人": 4, "…": 1, "河南": 1, "神农山": 1, "游客": 1, "执行": 1, "门票": 3, "价格": 1, "政策": 1, "陆续": 1, "五折": 1, "此事": 2, "立刻": 1, "引发": 1, "网友": 3, "热议": 1, "营销": 1, "值得": 2, "点赞": 1, "反对": 2, "这是": 6, "歧视": 2, "优惠": 2, "更多": 1, "蹭": 2, "热点": 2, "法律": 2, "专家": 4, "解读": 1, "舍己利人": 1, "此举": 1, "无可厚非": 1, "业内": 1, "人士": 2, "指出": 1, "相关": 1, "精神": 2, "平等": 1, "享有": 1, "同等": 1, "权利": 1, "义务": 1, "商家": 1, "无权": 1, "刻意": 1, "划分": 1, "免票": 1, "涉嫌": 1, "反向": 3, "对此": 1, "O景区": 1, "易": 3, "烊千玺": 1, "千玺": 7, "十八": 1, "岁": 1, "成年": 1, "亦": 1, "乘风": 1, "nova星": 2, "yy": 12, "qx": 15, "硬照": 1, "yyqx帅": 1, "很": 7, "偏执": 1, "固执": 1, "早安": 1, "爸爸": 3, "爱​": 1, "兄弟": 1, "寒夜": 2, "GodLike没事": 1, "关系": 3, "上头": 2, "昨天": 4, "也有说": 1, "不对": 1, "地方": 3, "挑衅": 1, "受不了": 1, "这次": 1, "总决赛": 1, "死": 1, "站BA": 1, "BA黑": 1, "凤梨": 1, "电子": 1, "竞技": 1, "俱乐部": 1, "老子": 1, "Call": 1, "1W": 1, "奖金": 2, "+": 5, "台": 2, "Mate20": 4, "还要": 3, "10": 1, "包": 1, "火锅": 2, "底料": 2, "预测": 1, "2W": 1, "收入": 2, "囊中全发": 1, "粉丝": 1, "福利": 1, "输": 1, "当场": 1, "暴吃": 1, "~": 2, "KPL": 1, "秋季": 1, "赛": 1, "LRNG": 1, "笑": 1, "特鲁多": 2, "5G": 12, "设备": 10, "政治家": 2, "俄罗斯": 1, "塔斯社": 1, "20日": 1, "报道": 2, "周三": 1, "渥太华": 1, "记者": 1, "中国": 13, "推出": 2, "第五": 2, "系统": 3, "情况": 1, "做出": 2, "政治": 4, "影响": 1, "夏天": 1, "美国": 6, "购买": 1, "中兴": 1, "通讯": 1, "电信": 3, "一再": 1, "宣称": 1, "情报": 1, "合作": 6, "安装": 1, "程序": 3, "用来": 2, "监视": 1, "盗窃": 1, "信息": 3, "暗中": 1, "更换": 1, "反复": 1, "否认": 1, "指控": 1, "此前": 1, "大型": 1, "软银": 1, "集团": 1, "(": 1, "SoftBankGroup": 1, ")": 1, "即将": 1, "放弃": 1, "O特鲁多": 1, "荣耀": 1, "Magic2": 1, "公关": 3, "牛逼": 1, "删": 2, "还好": 1, "截图": 1, "花": 1, "钱": 3, "💰": 1, "为啥": 1, "买": 1, "修理": 1, "受​": 1, "奇遇": 2, "邂逅": 1, "24日": 1, "1月": 1, "1日": 1, "nova4": 2, "照相馆": 1, "邀": 1, "赴": 1, "场": 2, "蜜语": 1, "红": 1, "浪漫": 2, "心动": 1, "烊千": 2, "玺": 13, "一心一意": 1, "哈哈哈哈哈": 1, "可爱": 3, "甜甜": 2, "烊": 3, "大伙": 1, "跟着": 1, "打哈欠": 1, "不知": 1, "滴": 1, "宝贝": 2, "一点": 1, "今夜": 1, "好眠": 1, "千玺cr.logo": 1, "侵歉": 1, "删y": 1, "yq": 3, "x帅yyqx": 1, "中戏": 6, "第一": 3, "qx酷yy": 1, "nova": 2, "全球": 4, "代言人": 2, "天猫": 2, "adidasneoyy": 1, "洗衣液": 1, "出手": 1, "实力": 3, "打脸": 2, "五": 3, "眼": 3, "联盟": 3, "25": 1, "份": 1, "商业": 1, "合同": 1, "规模": 1, "排名": 1, "首位": 2, "成绩": 1, "还击": 1, "世界": 4, "证明": 1, "说话": 1, "塞翁失马": 1, "如今": 1, "风暴": 1, "何尝": 1, "广告": 4, "提升": 2, "认知度": 1, "O出": 1, "手": 1, "参考": 3, "视界": 1, "法国": 2, "市长": 1, "老人": 1, "许愿": 1, "3G": 2, "外国": 2, "找": 1, "亲爱": 1, "圣诞老人": 1, "座": 1, "漂亮": 1, "基站": 1, "接入": 1, "城": 1, "梅拉市": 1, "副市长": 1, "理查德": 1, "发布": 1, "条": 1, "求助": 1, "推文": 1, "火": 1, "戳": 1, "详情": 1, "↓↓": 1, "L": 1, "不少": 1, "任正非": 3, "孟": 1, "事件": 1, "讲话": 1, "表态": 1, "希望": 3, "融入": 1, "国际": 11, "体系": 1, "表达": 1, "低调": 1, "入选": 1, "改革": 1, "开放": 1, "100": 1, "姿态": 1, "理解": 2, "感受": 2, "跻身": 2, "世界级": 1, "百年": 1, "企业": 8, "殿堂": 1, "发展": 4, "突破": 1, "走向": 3, "外部": 2, "环境": 2, "极为": 1, "面对": 1, "匹配": 1, "社会": 4, "西方": 2, "瓶颈": 1, "在于": 2, "思考": 1, "盟友": 2, "技术": 4, "抵制": 1, "判断": 1, "短": 1, "内": 1, "地缘": 2, "制约": 1, "摸": 1, "边界": 2, "触": 1, "行业": 3, "敏感": 1, "云词": 1, "触及": 1, "理论": 1, "窄于": 1, "非敏感": 1, "一流": 1, "关键": 1, "点位": 1, "才能": 1, "长远": 1, "立足": 1, "东西": 3, "情怀": 1, "谦虚": 1, "放": 1, "语境": 1, "濒临": 1, "冷战": 1, "非上市": 1, "地位": 2, "对外部": 1, "明晰": 1, "股权": 1, "结构": 3, "治理": 2, "匮乏": 1, "披露": 1, "瞬间": 1, "短板": 1, "塑造": 1, "代表": 1, "本来": 1, "设想": 1, "资本": 1, "市场": 1, "股东": 2, "保留": 1, "现状": 1, "独善其身": 1, "十字路口": 1, "接纳": 1, "角度": 1, "引入": 2, "董事": 1, "管理层": 1, "证券": 2, "交易所": 1, "上市": 2, "注册": 1, "存托": 1, "形式": 1, "路径": 1, "联想": 1, "阿里": 1, "腾讯": 1, "道路": 1, "一下子": 1, "缺乏": 1, "liability": 1, "对内": 1, "对外": 1, "讲": 1, "大国": 1, "剧烈": 1, "变动": 1, "企业家": 1, "真实": 1, "心声": 1, "真的": 1, "好好": 2, "看一看": 1, "进一步": 1, "展开": 1, "说到": 1, "逃离": 1, "宅女": 1, "身份": 1, "摆脱": 1, "萎靡不振": 1, "拒绝": 1, "平平无奇": 1, "告别": 1, "四肢": 1, "无力": 1, "系列": 1, "充电": 2, "背后": 1, "电": 2, "光芒": 1, "四射": 1, "火力": 1, "全开": 1, "关注": 4, "带": 4, "话题": 3, "转发": 3, "一刻": 1, "点亮": 1, "抽奖": 3, "平台": 3, "随机": 3, "抽": 3, "送": 3, "运动": 1, "蓝牙": 1, "耳机": 2, "5": 1, "]​": 1, "今日": 1, "策略": 1, "1": 1, "通产丽星sz": 1, "002243": 1, "收购": 1, "深圳": 1, "创投": 1, "图像": 1, "$亚": 1, "夏": 1, "汽车": 1, "sz": 2, "002607": 1, "$": 1, ".": 1, "长途": 1, "啦涨": 1, "停板": 1, "..": 1, "依旧": 1, "放量": 1, "板": 1, "泰": 1, "永": 1, "长征sz002927": 1, "纠结": 1, "灯心人": 1, "进场": 1, "晚上": 1, "利好": 2, "概念": 1, "稍微": 1, "上车": 1, "3": 1, "科技": 3, "300302": 1, "天津": 1, "麒麟": 1, "建立": 3, "战略": 5, "合伙": 1, "自主": 1, "可控": 1, "龙头": 1, "股": 1, "L炒": 1, "短线": 1, "老李": 1, "新闻": 1, "支付": 2, "发布O": 1, "提醒": 1, "惊呆": 1, "TA": 1, "无线": 2, "十足": 1, "电量": 1, "告急": 1, "拯救": 1, "10000": 1, "mAh": 1, "电源": 1, "SuperCharge快": 1, "充版": 1, "L华": 4, "终端": 3, "Jingelbells,Jingelbells": 1, "丝带": 1, "载": 1, "祝福": 1, "智慧": 2, "汇聚": 1, "华丽": 1, "圣诞树": 1, "官微君": 1, "家族": 1, "共度": 1, "快乐": 1, "圣诞节": 1, "收到": 1, "惊喜": 1, "___": 1, "HUAWEI": 1, "FreeBuds2": 1, "陶瓷": 1, "白": 1, "]O": 1, "网页": 1, "爸": 1, "三星": 2, "屏幕": 1, "中奖": 1, "质量": 2, "太": 1, "靠谱": 1, "民族": 2, "全家": 1, "做起": 2, "一家人": 1, "三": 1, "！！！": 3, "中华": 1, "有为": 1, "崛起": 1, "丢掉": 2, "苹果": 1, "2成都": 1, "·": 1, "民航": 1, "飞行": 1, "学院": 1, "新津": 1, "分院": 1, "关爱": 1, "温度": 1, "东北欧": 1, "团队": 1, "基于": 1, "强大": 1, "AI": 1, "能力": 1, "开发": 1, "FacingEmotions": 1, "视障": 1, "声音": 1, "阅读": 1, "情绪": 1, "生活": 2, "赞": 1, "电广": 2, "传媒": 3, "签订": 2, "协议": 3, "公告": 1, "有限": 1, "长沙": 1, "签署": 1, "同意": 2, "服务": 1, "提供": 1, "资源": 1, "共享": 1, "领域": 3, "伙伴": 1, "5G端": 1, "端": 1, "建设": 1, "示范": 1, "4K": 1, "业务": 1, "孵化": 1, "媒体": 1, "人才": 1, "培养": 1, "深度": 1, "核心": 1, "竞争力": 2, "O电广": 1, "红装": 1, "耀目而来": 1, "迷人": 1, "苏音暖": 1, "唱​": 1, "20181217": 1, "千": 11, "NothingtoLose": 2, "分享": 1, "动态": 1, "L20181217": 1, "千玺​": 1, "韩国": 2, "运营商": 2, "力挺": 1, "170余": 1, "未": 1, "彭博社": 1, "LGU+Corp.": 1, "驳斥": 1, "巨头": 1, "日益": 1, "增长": 1, "担忧": 1, "威胁": 1, "说法": 1, "予以": 1, "LGU+": 1, "执行长": 1, "Ha": 1, "170": 1, "提出": 1, "人类": 2, "计算": 4, "估计": 1, "逊色": 1, "花栗鼠": 2, "毕竟": 1, "懂得": 1, "算算": 1, "冬天": 1, "吃掉": 1, "榛子": 1, "幸好": 1, "祖先": 1, "几万": 1, "年前": 1, "发现": 1, "好日子": 1, "数量": 1, "搞": 1, "迸发": 1, "文明": 1, "火花": 1, "#芯": 1, "智能": 2, "无所不及": 1, "定义": 1, "未来": 1, "时刻": 1, "大会": 1, "批评": 2, "讨论": 1, "血汗": 1, "工厂": 1, "成功": 1, "很多": 3, "原因": 1, "绝大部": 1, "分员": 1, "回报": 4, "公平": 1, "分配": 1, "机制": 1, "创举": 1, "一半": 1, "员工": 8, "持股": 1, "同类": 1, "倍": 1, "多倍": 1, "雷锋": 1, "吃亏": 1, "理念": 1, "累": 2, "压力": 2, "其乐融融": 1, "创造力": 1, "进取": 1, "找到": 2, "舞台": 1, "机会": 1, "成果": 1, "投资人": 1, "老板们": 1, "才": 2, "榜样": 1, "善待": 5, "努力": 1, "奋斗": 1, "这不": 1, "倒闭": 1, "很快": 1, "饭": 1, "吃": 1, "十几万": 1, "离职": 1, "感情": 1, "杜建国": 1, "千玺易烊": 1, "智族": 1, "GQ": 2, "封面": 2, "00后": 1, "头像": 1, "封闭": 1, "货车": 2, "想像": 1, "装进": 2, "喜欢": 1, "不当": 1, "艺人": 1, "职业": 1, "出租车": 1, "司机": 1, "四": 1, "字": 1, "弟弟": 1, "野兽派": 1, "千玺阿迪": 1, "沙宣": 1, "BottegaVenetayyqx帅yyqx": 1, "x纪": 1, "梵希yyq": 1, "x天猫y": 1, "x华为yyqx": 1, "歌": 1, "舒适圈yy": 1, "舞蹈": 1, "短发yy": 1, "发型": 1, "少年": 1, "L智族": 1}