{"全球": 6, "电信": 11, "设备": 38, "：": 26, "华为": 140, "力压": 2, "诺基亚": 5, "第一": 9, "5G": 30, "专利": 8, "领先": 4, "近日": 1, "市场": 8, "调研": 2, "机构": 6, "数据": 4, "显示": 1, "2018年": 4, "三季度": 2, "份额": 4, "逼近": 2, "30%": 6, "处于": 1, "中兴": 6, "位列": 2, "第五": 2, "名": 2, "数量": 2, "截至": 1, "排": 4, "49.5%": 2, "高通": 2, "第四": 2, "O": 5, "业界": 1, "​": 9, "捷克": 18, "总理": 6, "澄清": 1, "禁用": 1, "手机": 19, "国家": 21, "委员会": 4, "21日": 4, "发表": 7, "声明": 14, "纠正": 10, "政府": 11, "日前": 4, "机关": 4, "工作": 4, "人员": 6, "停止": 4, "错误": 10, "做法": 9, "网络": 16, "信息": 4, "办公室": 8, "发布": 5, "警示": 4, "涉及": 4, "用户": 4, "终端": 5, "无权": 4, "评估": 4, "国际": 9, "政治": 10, "局势": 4, "法律": 6, "环境": 8, "合法": 4, "外国": 4, "投资": 4, "开放": 5, "态度": 4, "提供": 4, "O用": 1, "出面": 1, "信号": 1, "英3": 3, "公司": 23, "称": 11, "达成": 8, "20亿": 8, "英镑": 8, "协议": 8, "英国": 26, "媒体": 12, "报道": 5, "运营商": 17, "O2": 13, "透露": 4, "测试": 12, "证实": 6, "明年": 11, "1月份": 2, "新一代": 1, "通讯": 5, "试运营": 1, "届时": 2, "伦敦": 6, "200多": 2, "地点": 2, "硬件": 2, "包括": 4, "努力": 2, "确保": 2, "做好": 2, "上市": 2, "O英3": 2, "联想": 46, "差": 5, "12月": 8, "23日": 5, "北大": 5, "光华": 5, "新年": 5, "论坛": 5, "中国": 7, "工程院": 5, "院士": 5, "、": 36, "总工程师": 4, "倪光南": 18, "30年": 5, "犹如": 6, "龟兔赛": 6, "跑": 6, "估值": 8, "一度": 4, "5": 5, "倍": 15, "50": 3, "路线": 13, "不对": 8, "知识": 5, "产权": 5, "0股权": 3, "都": 13, "很": 12, "L老板": 4, "联播": 4, "秒拍": 4, "视频": 5, "针对": 6, "O捷克": 2, "；": 12, "第二": 1, "西班牙": 1, "1月": 3, "发言人": 2, "保证": 3, "客户": 1, "享受": 1, "最佳": 4, "体验": 1, "供应商": 2, "合作": 1, "基站": 2, "无线": 1, "希望": 1, "替换": 2, "彭博社": 1, "介绍": 1, "合同数": 1, "签好": 1, "测用": 1, "指出": 2, "三": 3, "建立": 3, "正式": 3, "运营": 5, "如华": 5, "走错": 4, "1995年": 2, "销售额": 2, "4.5": 2, "市值": 1, "超过": 1, "始终": 2, "研发": 5, "投入": 5, "股权": 2, "科技": 4, "激励": 2, "好O": 1, "新华社": 2, "财富": 3, "评": 2, "年度": 3, "款": 6, "智能": 4, "一加": 1, "入选": 1, "评选": 1, "五": 3, "iPhoneXSMax": 1, "软硬件": 1, "集大成者": 1, "谷歌": 1, "Pixel3": 1, "亮点": 2, "软件": 1, "工具": 1, "处理器": 1, "融入": 1, "人工": 1, "Mate20Pro": 1, "聪明": 1, "6T": 1, "性价比": 1, "屏下": 1, "指纹": 2, "三星": 1, "Note9": 1, "安卓": 3, "旗舰": 1, "标杆": 1, "选​": 1, "谈": 2, "10": 5, "归结": 3, "关": 1, "晓彤": 2, "nova星人": 1, "2016年": 1, "10月": 1, "8日": 1, "官宣": 1, "至今": 1, "见证": 1, "gxt": 1, "一路": 1, "成长": 1, "21": 1, "岁": 1, "未来": 1, "长": 4, "忘": 1, "初心": 1, "彤行": 1, "！": 4, "@": 7, "官方": 2, "关晓": 1, "彤​": 1, "轮值": 8, "董事长": 5, "胡厚崑": 11, "现场": 4, "答": 4, "14": 3, "纪要": 3, "18日": 1, "下午": 2, "东莞": 1, "园区": 1, "Top": 1, "记者": 5, "圆桌": 1, "采访": 1, "指控": 1, "事实": 2, "说话": 1, "记录": 4, "发生": 1, "事件": 2, "领域": 1, "技术": 4, "创新": 1, "圆桌会": 1, "首次": 2, "先进": 2, "热": 1, "实验室": 3, "结构": 1, "材料": 1, "内部": 1, "参观": 1, "体现": 1, "公开": 1, "透明": 1, "形象": 1, "信息量": 1, "美国": 14, "联合": 2, "小兄弟": 2, "打压": 2, "塌": 2, "通信": 4, "圈子": 2, "混": 2, "学": 2, "文史哲": 2, "经济": 2, "文人": 2, "诉诸": 2, "感情": 2, "脑子": 2, "思考": 2, "全世界": 3, "扯": 2, "不用": 6, "情报": 2, "政客": 12, "一家": 2, "服务": 4, "成本": 2, "低": 3, "花钱": 4, "一个": 9, "莫须有": 4, "CEO": 3, "没用": 3, "西方": 2, "走马灯": 2, "明天": 5, "台上": 2, "下台": 2, "永远": 4, "品质": 2, "价": 2, "便宜": 2, "产品": 2, "印度": 2, "排除": 4, "一转眼": 2, "有人": 2, "权力": 2, "台面": 2, "表演": 2, "铁板一块": 2, "接受": 2, "一扯": 2, "钱": 8, "静观": 2, "干嘛": 4, "菲律宾": 2, "阿基诺": 2, "马上": 2, "拼命": 2, "转眼": 2, "风平浪静": 2, "实力": 4, "提升": 2, "好好": 2, "干活": 2, "小点": 2, "扛": 2, "住": 2, "名义": 2, "付": 3, "很快": 2, "澳大利亚": 2, "反对党": 2, "责问": 2, "拿出": 2, "证据": 3, "1000亿": 2, "美元": 4, "增长": 2, "20%": 2, "世界": 3, "大部分": 2, "都会": 2, "用华": 3, "走着瞧": 2, "北京": 4, "·": 3, "乐成": 2, "中心": 2, "A座": 2, "三十": 2, "五十": 2, "零股权": 2, "推荐": 2, "18": 4, "原汁原味": 1, "流言": 1, "以正视听": 1, "业务": 1, "进展": 1, "情况": 1, "很多": 4, "挖坑": 1, "有罪": 1, "推定": 1, "语气": 1, "胡": 3, "回答": 5, "再次": 1, "确认": 1, "营收": 1, "千亿": 1, "至少": 1, "12": 2, "不等": 1, "全文": 1, "给力": 1, "O华": 3, "问​": 1, "晒": 2, "2B": 1, "耐心": 1, "丫": 2, "无数": 1, "太": 6, "SB": 1, "烦透": 1, "耐住": 1, "性子": 1, "骂人": 1, "一点": 1, "感激": 1, "情": 1, "寒心": 1, "买": 11, "二奶机": 1, "爱国": 1, "喜欢": 4, "备机": 2, "纠结": 1, "毛": 1, "随便": 2, "顺眼": 1, "丫连": 1, "选": 2, "白色": 1, "黑色": 2, "爹": 1, "……": 1, "硬哥": 2, "选择": 1, "配置": 2, "颜值": 1, "稍微": 1, "过得去": 1, "mate10": 1, "mate20pro": 2, "贵": 2, "主力机": 1, "摄像头": 1, "自动": 2, "关机": 1, "不行": 1, "朋友": 1, "电池": 1, "3": 2, "想": 1, "买华": 1, "满意": 1, "挺": 2, "失望": 1, "mate20": 1, "为啥": 2, "算了": 1, "SE保险": 1, "小米": 1, "配件": 1, "家居": 1, "适合": 2, "😂": 1, "麻烦": 1, "价格": 1, "攒": 1, "......": 1, "学生": 1, "党": 1, "学校": 1, "畅享8": 1, "9": 2, "畅享": 1, "好像": 1, "支持": 2, "安全性": 1, "支付宝": 1, "微信": 1, "mate9": 2, "毛病贼": 1, "备用机": 2, "挑": 1, "闭": 1, "眼睛": 1, "屏": 1, "感觉": 1, "陶瓷": 1, "白": 1, "好看": 1, "耀石": 1, "黑": 1, "iPhone8": 1, "博主": 1, "真心": 1, "提醒": 1, "累": 2, "问问": 1, "其他人": 1, "估计": 1, "差不多": 1, "感受": 2, "聊天": 2, "发": 2, "一百多": 1, "条": 2, "截图": 2, "模糊": 1, "渣浪": 1, "生成": 1, "O聊天": 1, "英媒": 2, "顶住": 1, "压力": 2, "金融": 2, "时报": 2, "网站": 1, "推进": 1, "这家": 2, "面临": 1, "越来越": 1, "位于": 1, "11月": 1, "担忧": 1, "部署": 1, "O网页": 2, "链接": 2, "过劫": 2, "多年": 1, "遏制": 1, "高潮": 1, "威胁": 1, "为由": 1, "阻止": 1, "号召": 1, "盟友": 1, "抵制": 1, "孟晚舟": 1, "牵动": 1, "太平洋": 1, "两岸": 1, "商界": 1, "人士": 1, "导致": 1, "人心惶惶": 1, "大型": 1, "互联网": 1, "高层": 1, "谋求": 1, "海外": 1, "扩张": 1, "企业": 1, "危险": 1, "半": 1, "地球": 1, "关闭": 1, "高歌猛进": 1, "极力": 1, "｜": 2, "完整": 1, "外媒": 1, "提问": 1, "尖锐": 1, "有理有据": 1, "不卑不亢": 1, "视为": 1, "风险": 2, "…": 1, "零": 1, "会议": 1, "实录": 1, "阅读": 1, "重点": 1, "标注": 1, "建议": 1, "收藏": 1, "时间": 3, "周日": 1, "(": 1, ")": 1, "第二十": 1, "届": 1, "出席": 3, "演讲": 2, "1988-1995": 1, "阶段": 1, "技工贸": 1, "胜过": 1, "贸工技": 1, "67亿": 1, "元": 1, "谈及": 1, "差距": 1, "发展": 1, "好处": 1, "尊重": 1, "http": 1, "://t.cn/E4OhI": 1, "HH": 1, "暖心": 1, "时刻": 1, "安利": 1, "魏大勋": 7, "24日": 2, "哥哥": 1, "天津": 2, "落地": 1, "活动": 9, "麻豆": 4, "热情": 1, "申请": 1, "名额": 1, "xyy们": 1, "踊跃": 1, "报名": 1, "米奇": 1, "比心": 1, "]✔": 1, "详情": 1, "地址": 1, "南开": 1, "大悦城": 1, "周一": 1, "17:00": 1, "✔": 4, "参与": 2, "1": 4, "关注": 1, "魏大勋de": 1, "工作室": 1, "后援会": 1, "超话": 4, "等级": 2, "6级": 1, "相关": 2, "数30": 1, "今日": 1, "计入": 1, "总数": 2, "4": 1, "贡献": 2, "积分": 2, "15分": 1, "遵守": 1, "秩序": 2, "听从": 1, "组织": 1, "安排": 1, "方式": 1, "请": 2, "参加": 1, "宝宝": 1, "页面": 1, "条数": 1, "邮件": 3, "邮箱": 1, "wdx0412_medal": 1, "163.com": 1, "收到": 1, "回复": 1, "审核": 3, "超时": 1, "不再": 1, "截止": 2, "晚": 1, "21:30": 1, "通知": 1, "温馨": 1, "提示": 1, "禁止": 2, "私自": 1, "转名额": 1, "影响": 1, "抽奖": 1, "信誉": 1, "自觉": 1, "维护": 1, "●": 1, "消息": 2, "城": 1, "三大": 1, "采用": 1, "初试": 1, "惨": 1, "老弟": 1, "打脸": 1, "试": 1, "EE": 2, "沃达丰": 2, "华尔街": 1, "日报": 1, "严正": 1, "做出": 1, "正确": 1, "抉择": 1, "数码": 1, "Hello5G": 1, "第一5G": 1, "遥遥领先": 1, "力挺": 1, "Polar码": 1, "占比": 1, "5.8%": 1, "远远": 1, "落后": 1, "搞华": 1, "P30Pro": 1, "真机": 1, "后置": 1, "四": 1, "摄": 1, "光学": 1, "变焦": 1, "闪光灯": 1, "心率": 1, "检测": 1, "新媒体": 1, "艺术": 4, "广告": 2, "无解": 1, "迪拜": 2, "登场": 1, "高楼": 1, "哈利法塔": 2, "828": 1, "米": 1, "楼层": 1, "162": 1, "层": 1, "造价": 1, "15亿": 1, ".": 1, "L": 1, "无解无界": 1, "在内": 1, "赚钱": 1, "季": 1}