{"6月": 6, "21日": 1, "华为": 68, "nova5": 4, "​": 10, "直播": 5, "：": 21, "任正非": 47, "对话": 20, "美国": 54, "科技": 6, "大咖": 1, "回答": 1, "媒体": 4, "提问": 1, "深圳": 10, "总部": 4, "著名": 8, "经济学家": 5, "乔治·吉尔德": 12, "麻省": 2, "理工": 2, "学院": 2, "实验室": 2, "创始人": 9, "尼葛洛庞帝": 1, "围绕": 1, "、": 31, "市场": 4, "企业": 12, "展开": 2, "讨论": 1, "跟随": 1, "@": 8, "中国": 8, "日报": 2, "现场": 3, "三": 1, "大咖会": 1, "碰出": 1, "火花": 2, "CD": 1, "#O": 1, "网页": 2, "链接": 2, ".": 2, "千玺": 2, "nova星": 2, "粉色": 1, "西装🍧": 1, "易烊": 4, "千": 3, "玺": 3, "真的": 1, "温柔": 1, "好帅": 1, "(•̀∀︎•́": 1, ")": 2, "✧︎": 1, "TFBOYS": 2, "千玺​": 2, "「": 1, "开箱": 1, "×": 1, "一日": 1, "侦探": 2, "考验": 2, "」": 1, "拍清": 1, "全景": 1, "细节": 2, "手机": 6, "！": 21, "唱歌": 1, "平板": 1, "上山下海": 1, "手表": 1, "涨": 1, "姿势": 1, "场": 1, "密谋": 1, "……": 1, "顺利": 1, "通关": 1, "评": 1, "＋": 1, "揪": 1, "1": 1, "可爱": 1, "送": 1, "台": 1, "P30": 1, "Pro": 1, "剁手": 1, "→O": 1, "LBigger": 1, "研究所": 1, "秒拍": 8, "视频": 20, "晕噢": 1, "": 1, "烊": 1, "四": 1, "才": 5, "发": 1, "自拍": 1, "LPredestination-Z": 1, "五": 5, "年内": 5, "投": 5, "1000亿": 5, "美金": 4, "网络": 20, "架构": 5, "重构": 4, "今日": 2, "下午": 8, "2点": 4, "兼": 4, "CEO": 8, "数字": 8, "时代": 7, "三大": 5, "思想家": 11, "福布斯": 5, "撰稿人": 5, "连线": 5, "杂志": 5, "专栏": 5, "作家": 5, "尼古拉斯·内格罗蓬特": 9, "100": 4, "分钟": 4, "交流": 6, "谈话": 4, "提及": 3, "搭成": 2, "一个": 13, "信任": 2, "简单": 2, "快捷": 2, "可信": 2, "至少": 2, "欧洲": 3, "G7PR": 1, "标准": 2, "财务": 1, "打击": 5, "科研": 1, "投入": 1, "减少": 1, "改造": 1, "人类": 5, "贡献": 1, "O": 4, "构L": 1, "新浪": 1, "财经": 1, "广电": 5, "5G": 14, "建设": 8, "首批": 7, "试点": 4, "落地": 3, "贵阳": 1, "实验网": 3, "贵广": 3, "联合": 2, "参与": 2, "17日": 12, "记者": 3, "官网": 2, "发现": 2, "发布": 2, "篇": 1, "文章": 1, "国家": 9, "总局": 3, "副局长": 1, "张宏森": 1, "北京": 1, "专题": 1, "听取": 1, "试验区": 1, "情况": 2, "汇报": 1, "贵阳市": 1, "城市": 3, "抢占": 1, "制高点": 1, "发展": 5, "先机": 1, "这是": 2, "牌照": 1, "广电系": 1, "消息": 2, "O广电系": 1, "阻扰": 1, "想到": 2, "打击面": 2, "宽": 2, "阻挠": 6, "步伐": 6, "公司": 15, "理解": 1, "富有": 1, "道德": 1, "良心": 1, "挫折": 4, "发自": 2, "本心": 1, "政治家": 3, "事务": 1, "看法": 3, "战略": 2, "决心": 1, "都": 3, "中报": 2, "L中报": 3, "100%": 4, "后门": 8, "学者": 9, "吉尔德": 2, "内格罗蓬特": 1, "设备": 6, "全世界": 1, "签订": 2, "协定": 2, "签约": 1, "保证": 1, "百分百": 1, "思想": 4, "领袖": 3, "1分": 1, "半": 1, "看懂": 1, "牛": 1, "2019年": 2, "届时": 3, "国际": 5, "电视台": 3, "CGTN": 3, "旗下": 3, "节目": 3, "世界": 4, "观察": 3, "主持人": 3, "田薇": 3, "主持": 3, "这次": 4, "本次": 4, "会谈": 4, "活动": 3, "L时差": 2, "西班牙": 5, "开通": 4, "商用": 3, "核心": 5, "供应商": 4, "跨国": 2, "电信": 2, "运营商": 2, "沃达丰": 3, "15日": 2, "正式": 3, "启动": 2, "该国": 2, "覆盖": 2, "15": 2, "据悉": 1, "沃达丰5G": 2, "十几": 1, "长期": 1, "合作": 9, "关系": 2, "作出": 1, "示范": 1, "提供": 1, "借鉴": 1, "新华": 4, "视点": 6, "L新华": 1, "NOVA5": 1, "温文儒": 1, "雅贵": 1, "公子": 1, "立马": 1, "凑": 1, "蹭": 1, "合照": 1, "鸿蒙": 4, "系统": 6, "中兴": 2, "支点": 2, "操作": 3, "入围": 2, "税务": 2, "段": 1, "时间": 1, "很多": 10, "预计": 1, "10月份": 1, "取代": 1, "安卓": 1, "不再": 1, "受制于人": 1, "未来": 2, "开发": 3, "先行": 1, "日前": 1, "信息化": 1, "产品": 1, "采购": 1, "名单": 1, "快": 1, "技术": 7, "主题": 3, "相关": 1, "携手": 1, "服务": 1, "带": 1, "体验": 1, "⬇": 1, "美元": 1, "GDPR": 1, "L": 1, "老板": 1, "联播": 1, "彭林": 2, "起诉": 7, "涉嫌": 2, "虚假": 6, "宣传": 6, "脏话": 1, "没钱": 1, "听": 1, "兔道": 1, "到底": 2, "干什么": 1, "事情": 1, "兔子": 1, "请教": 1, "朋友": 1, "狐狸": 1, "解答": 1, "感觉": 2, "不大": 1, "月亮": 5, "50": 1, "倍": 1, "变焦": 2, "拍": 3, "+": 1, "AI": 2, "算法": 3, "成像": 1, "告诉": 1, "质疑": 1, "很": 2, "真实": 1, "用户": 1, "有人": 1, "较真": 1, "学习": 7, "能力": 1, "比如说": 1, "50x": 1, "拍出": 1, "AI会": 1, "自学": 1, "图片": 2, "强化": 2, "输出": 1, "逼真": 1, "2012年": 1, "图2": 1, "疑似": 1, "恶意": 1, "碰瓷": 4, "就要": 1, "界定": 1, "打假": 2, "厂商": 1, "....": 1, "消费者": 6, "更多": 3, "屁股": 1, "脑袋": 1, "终于": 1, "兔": 2, "出手": 1, "描述": 1, "壮士": 1, "独自": 1, "面对": 3, "强大": 2, "法务": 1, "团队": 1, "舆论": 3, "压力": 3, "选择": 1, "辞职": 3, "谋求": 1, "真相": 1, "监管": 1, "部门": 1, "投诉": 2, "方式": 1, "亲们": 1, "大义凛然": 1, "退": 1, "股份": 1, "对了": 1, "网上": 1, "网名": 1, "随遇而安": 1, "亲发": 1, "股权": 1, "结构": 1, "刚才": 2, "讲": 1, "亲": 1, "维护": 1, "权益": 1, "不对": 1, "支持": 4, "对方": 1, "肯定": 1, "当下": 1, "爱": 1, "等同于": 1, "爱国": 1, "分析": 1, "敏感点": 1, "铤而走险": 2, "想起": 1, "柴静": 1, "敢于": 1, "利益": 1, "诱惑": 2, "不言而喻": 1, "情于": 1, "理于": 1, "大局": 1, "发生": 1, "总裁": 1, "美": 3, "最牛": 1, "表态": 3, "太": 3, "忙": 1, "等闲": 1, "一点": 1, "没收": 1, "专利费": 2, "收": 1, "日本": 2, "韩国": 1, "台湾": 1, "欠": 1, "零部件": 2, "切换": 3, "软件": 2, "版本": 1, "时期": 1, "撤": 1, "控制": 1, "供应链": 1, "工作": 1, "断供": 1, "确实": 2, "霸气": 2, "全球": 1, "历史": 2, "从未有过": 1, "挑": 1, "IT": 1, "科技界": 1, "强硬": 1, "实在": 1, "激动": 1, "振奋": 1, "21世纪": 1, "第一": 1, "下杠": 1, "精精神": 1, "苹果": 3, "🍎": 1, "神马": 1, "干系": 1, "康师傅": 1, "红烧": 2, "牛肉面": 1, "速食袋": 1, "粒": 1, "芝麻": 1, "牛肉": 2, "干": 1, "称之为": 1, "靠P": 1, "想象": 1, "传统": 1, "胶卷": 1, "后期": 1, "化学": 1, "药水": 1, "一大堆": 1, "调配": 1, "照片": 1, "AI美颜": 1, "相机": 1, "请": 1, "吃": 1, "人头饭": 1, "堡仔饭": 1, "拉肠": 1, "老婆饼": 1, "食猫面": 1, "盲公饼": 1, "油炸鬼": 1, "鸡仔饼": 1, "夫妻": 1, "肺片": 1, "麻婆": 1, "豆腐": 1, "瓶": 1, "女儿": 1, "红": 1, "找": 1, "检测": 1, "机构": 1, "告": 1, "管饱": 1, "。。": 1, "Ps": 1, "图二": 1, "澳大利亚": 1, "P": 1, "上海": 1, "·": 1, "虹桥": 1, "机场": 1, "停机坪": 1, "...": 1, "George": 2, "Gilder": 2, "NicholasNegroponte": 2, "未来学家": 1, "誉为": 1, "接受": 1, "华尔街": 1, "采访": 1, "反而": 2, "活化": 1, "经济": 1, "基础": 1, "机会": 1, "拥抱": 1, "(": 1, "MITMediaLab": 1, "创办人": 1, "称为": 1, "数字化": 1, "预言家": 1, "撰文": 1, "禁止": 2, "通信": 1, "伤害": 1, "新华社": 1, "电": 1, "白瑜": 1, "眼里": 3, "卖": 1, "天线": 1, "装": 1, "推特": 1, "APP": 1, "自爆": 1, "大疆": 1, "航模": 1, "无人机": 1, "背后": 1, "用途": 1, "竹蜻": 1, "蜓": 1, "区别": 1, "航天": 2, "水平": 1, "停": 1, "两弹一星": 1, "发射量": 1, "超过": 1, "唯一": 1, "单一": 1, "自有": 1, "空间站": 1, "天宫": 1, "妨碍": 1, "依旧": 1, "大国": 1, "蛹": 2, "钻": 2, "勤劳": 1, "蜜蜂": 1, "终身": 1, "寻蜜": 1, "；": 1, "肮脏": 1, "苍蝇": 1, "一生": 1, "找屎": 1, "碰撞": 1, "发出": 1, "公告": 1, "值得": 2, "全程": 1, "对外": 1, "LCGTN": 1, "聊": 2, "发言": 1, "要点": 1, "东西": 8, "记恨": 3, "好多": 1, "少量": 1, "恨": 1, "漫长": 1, "小小": 1, "段段": 1, "差错": 1, "一辈子": 1, "落后": 1, "永远": 1, "行业": 1, "领导者": 1, "坚强": 2, "焕发": 2, "社会": 8, "共赢": 2, "孤立": 2, "信息": 4, "单独": 2, "做成": 2, "才能": 2, "赶上": 2, "需求": 2, "享受": 2, "福祉": 2, "条": 2, "道路": 2, "金": 1, "南": 1, "将军": 1, "演讲": 1, "队伍": 1, "灵魂": 1, "血性": 1, "上半部": 1, "L军": 1, "武季": 1, "犯": 2, "错误": 2, "正当": 1, "业务": 1, "重塑": 1, "格局": 1, "或者说": 1, "崩溃": 1, "瓦解": 1, "之间": 1, "互信": 1, "本身": 1, "解决": 1, "政治性": 1, "先马": 1, "文": 2, "开放": 2, "态度": 2, "尼古拉斯·尼葛洛": 1, "庞帝": 1, "交谈": 1, "谈到": 1, "预估": 1, "全文": 1}