{"韦慧晓": 1, "中国": 15, "海军": 2, "第一": 4, "女": 2, "实习": 2, "舰长": 2, "23岁": 1, "华为": 68, "就职": 1, "27": 1, "岁": 5, "环球": 1, "洲际": 1, "小姐": 1, "大赛": 1, "特区": 1, "赛区": 1, "十佳": 1, "同年": 1, "名": 1, "考入": 1, "中山": 1, "大学": 1, "研究生": 1, "28": 1, "赴": 1, "西藏": 1, "支教": 1, "30岁": 1, "博士": 1, "31": 1, "军队": 1, "投": 2, "3": 2, "简历": 1, "自荐": 1, "材料": 1, "写": 1, "200多": 1, "页": 1, "35": 2, "迈入": 1, "军旅": 1, "生涯": 1, "郑州舰": 1, "素材": 1, "来源": 1, "：": 15, "央视": 1, "新闻": 3, "​": 22, "确实": 2, "反思": 1, "过度": 1, "美颜": 2, "追求": 1, "极致": 1, "没错": 1, "包括": 1, "都": 7, "整成": 2, "范冰冰": 1, "男": 1, "吴京": 1, "照片": 4, "通信": 2, "舆情": 1, "员工": 1, "导演": 5, "@": 4, "麦子眼里": 1, "未来": 5, "影像": 6, "发现": 2, "双眼": 1, "真实": 2, "美好": 3, "P30": 7, "Pro": 5, "拍摄": 8, "2500余": 3, "制作": 3, "定格": 3, "动画": 5, "大象": 6, "科技": 10, "表达": 2, "传统": 4, "艺术": 4, "质感": 2, "L华": 6, "终端": 9, "官方": 8, "视频": 16, "2019年": 2, "Q1": 4, "财报": 2, "手机": 18, "出货": 5, "5900万": 5, "台": 6, "同比": 3, "增长": 5, "50%": 3, "仔细": 1, "挖": 1, "数字": 4, "层层": 2, "递": 1, "进去": 1, "1": 2, "、": 26, "IDC": 1, "数据": 1, "年前": 1, "2018": 1, "3930万": 2, "三星": 9, "一半": 1, "年后": 1, "增速": 1, "季度": 2, "8成": 1, "差距": 2, "急速": 1, "缩小": 1, "如今": 1, "全球": 5, "近乎": 1, "停滞": 1, "略微": 1, "负增长": 1, "吃": 2, "口": 2, "别人": 1, "大增": 1, "环比": 4, "持平": 2, "2018年": 4, "Q2": 2, "5400万": 1, "出货量": 2, "Q4": 3, "6050万": 1, "平略": 2, "跌": 4, "一点": 1, "略": 2, "一个": 7, "2017年": 1, "4100万": 1, "下降": 1, "产品": 3, "发布": 9, "节奏": 3, "P系列": 1, "二季度": 3, "初": 1, "Mate": 2, "系列": 7, "三季度末": 1, "荣耀": 3, "比P": 1, "晚": 1, "V系列": 1, "略晚": 1, "——": 3, "淡季": 3, "新机": 6, "去年": 1, "相比Q1": 1, "40%": 1, "得益": 1, "P20": 1, "一季度": 3, "三季度": 2, "密集": 1, "发布期": 2, "高速": 1, "很": 6, "恐怖": 1, "单季": 1, "超": 4, "问鼎": 1, "世界": 2, "分析": 2, "旗舰": 1, "机型": 1, "销量": 3, "赶超": 1, "小结": 1, "降": 1, "旺季": 1, "台阶": 2, "这是": 1, "断人": 2, "活路": 2, "相比之下": 1, "二线": 1, "厂商": 2, "弱势": 1, "尽量": 1, "机断": 1, "档期": 1, "景象": 1, "区别": 1, "利益": 2, "相关者": 1, "位谋其职": 1, "客观": 1, "思考": 3, "出路": 1, "骗": 1, "4": 1, "闲": 1, "铁稳": 1, "机器": 2, "友商": 1, "激进": 1, "诚意": 1, "泥巴": 1, "肉搏": 1, "推出": 1, "1499": 1, "红米pk性": 1, "价比": 1, "明年": 1, "斗争": 1, "惨烈": 1, "只能": 2, "快": 1, "大幅度": 1, "拍照": 3, "SoC下放": 1, "才能": 1, "势头": 1, "芯片": 8, "系统": 3, "软件": 4, "偏": 1, "基础": 4, "研发": 2, "2万": 1, "试图": 1, "打造": 1, "条": 4, "产业链": 1, "服务器": 3, "从云到端": 1, "操作": 1, "自有": 1, "生态": 1, "足够": 2, "支撑": 1, "正向": 1, "循环": 1, "三五": 1, "链条": 2, "成熟": 1, "发生": 1, "质变": 1, "行事": 1, "风格": 1, "暂时": 1, "借力": 1, "慢慢": 1, "淡化": 1, "替代": 1, "寒武纪": 1, "耐心": 1, "不顾": 1, "短期": 1, "扶持": 2, "自研": 2, "国产": 1, "面板厂": 1, "先是": 1, "应用层": 1, "创新": 1, "弥补": 1, "基础层": 1, "卖": 2, "能力": 2, "摧枯拉朽": 1, "上周": 1, "运营商": 1, "总部": 1, "同学": 1, "吃饭": 1, "设备商": 1, "起起落落": 1, "感触": 1, "最开始": 1, "服务": 4, "7*24": 1, "小时": 3, "随叫随到": 1, "定制化": 1, "解决": 1, "客户": 3, "诉求": 1, "外企": 2, "甲方": 1, "按部就班": 1, "走": 1, "流程": 1, "技术": 5, "用途": 1, "分点": 1, "订单": 1, "骄傲": 1, "类似": 2, "路子": 1, "客户体": 1, "感强": 1, "电池": 1, "信号": 1, "做起": 1, "养": 1, "一步步": 1, "华为云": 1, "养自": 1, "研arm": 1, "嵌入式": 3, "领域": 1, "LiteOS": 1, "AI": 1, "下放": 1, "宏大": 1, "蓝图": 1, "横向": 1, "纵向": 1, "皆": 1, "布局": 1, "人恨": 1, "折叠屏": 2, "推迟": 4, "上市": 4, "昨天": 1, "一度": 1, "倔强": 1, "原定": 1, "4月": 1, "26日": 1, "发售": 1, "GalaxyFold": 1, "折": 1, "叠屏": 1, "时间": 2, "韩联社": 1, "猜测": 1, "长": 1, "值得": 1, "同期": 1, "MateX": 2, "9月份": 1, "谣言": 1, "辟谣": 1, "6月": 1, "变动": 1, "公布": 1, "检查": 1, "初步": 1, "称": 2, "铰链": 1, "顶部": 1, "底部": 1, "暴露": 1, "区域": 1, "撞击": 1, "设备": 3, "内部": 1, "不明": 1, "物体": 1, "影响": 1, "显示": 2, "性能": 1, "15年": 1, "华为p8": 1, "iphone6s": 1, "6s": 1, "8": 1, "FreeLace": 1, "无线": 1, "耳机": 1, "正式": 3, "开售": 3, "喜欢": 1, "错过": 1, "！": 13, "O": 2, "网页": 1, "链接": 2, "光线": 1, "暗": 1, "记录": 1, "可爱": 1, "样子": 1, "~": 1, "秒拍": 7, "培训": 5, "中心": 4, "启用": 2, "关注": 1, "面向": 2, "界面": 2, "独立": 1, "场地": 1, "位于": 1, "滨江区": 1, "六": 1, "路": 1, "近日": 1, "举办": 1, "乔迁": 1, "仪式": 1, "建筑": 1, "美感": 1, "内核": 1, "赢得": 1, "参培": 1, "学员": 1, "来宾": 1, "赞叹": 1, "窗口": 1, "170": 1, "国家": 2, "高端": 1, "人才": 1, "提供": 1, "ICT": 1, "O华": 1, "金融": 4, "干将": 2, "眉山论剑": 1, "开放": 1, "面临": 1, "风险": 1, "肯定": 1, "损失": 2, "想想": 1, "制造业": 1, "崛起": 1, "国际": 2, "巨头": 1, "大地": 1, "冲击": 1, "国企": 1, "民企": 1, "竞争": 1, "越来越": 1, "振华": 1, "大疆": 1, "腾讯": 1, "……": 2, "将来": 1, "美国": 5, "狠": 2, "想": 2, "围堵": 1, "绑架": 1, "下三路": 1, "耍赖": 1, "泼皮": 1, "仍旧": 1, "逆势而上": 1, "陈平": 1, "老师": 1, "锻炼": 1, "一批": 1, "任正非": 2, "战将": 1, "才": 1, "价值": 1, "L观": 1, "工作室": 1, "努力": 1, "推动": 1, "行业": 1, "突破": 1, "生活": 1, "创作": 2, "麦子": 5, "HUAWEIP": 1, "30": 1, "意义": 2, "L华为": 1, "国内": 1, "国外": 2, "便宜": 2, "不必": 1, "感谢": 3, "小米": 2, "OPPO": 2, "Vivo": 1, "买": 3, "Cisco": 1, "倒是": 1, "AMD": 1, "给力": 1, "Intel": 1, "挤": 1, "牙膏": 1, "道理": 2, "三文娱": 1, "资讯": 1, "广告": 1, "糯糯": 2, "旁白": 2, "豪无": 1, "抵抗力": 1, "刚刚": 1, "古色古香": 1, "背景": 1, "音乐": 1, "搭配": 1, "儿童": 1, "短片": 1, "增色": 1, "不少": 2, "L三": 1, "文娱": 1, "国漫": 1, "观察": 1, "灵魂": 1, "拷问": 1, "多久": 1, "读完": 1, "本书": 1, "____": 1, "读书日": 1, "平板": 1, "M5": 1, "青春版": 1, "读本": 1, "书吧": 1, "​​​": 1, "头条": 1, "文章": 1, "月亮": 2, "造假": 2, "O关于": 1, "NASA": 1, "天文级": 1, "相机": 1, "10亿": 1, "像素": 1, "概念": 1, "！！": 1, "猛L": 1, "胡椒": 1, "台湾省": 1, "3500": 2, "排队": 2, "抢购": 2, "创纪录": 2, "台湾": 1, "新作": 2, "风": 1, "满满": 1, "寓言": 1, "故事": 1, "拍": 1, "意境": 1, "最牛": 1, "竟然": 1, "媲美": 1, "专业": 2, "器材": 1, "党": 1, "神短片": 1, "粉丝": 1, "迫不及待品": 1, "作品": 1, "一如既往": 1, "富有": 1, "深意": 1, "爱豆": 1, "优秀": 1, "繁重": 1, "砖业": 1, "精品": 1, "亲民": 1, "CALL": 1, "如同": 1, "科幻": 1, "大片": 1, "展示": 1, "5G": 10, "操控": 1, "智能": 2, "机器人": 1, "逗": 1, "在场": 1, "中东": 1, "土豪们": 1, "哈哈大笑": 1, "当场": 1, "回家": 1, "上海": 1, "建": 1, "500": 2, "基站": 1, "L建华": 1, "Wei业": 1, "联通": 3, "合作": 2, "伙伴": 1, "大会": 1, "友好": 2, "体验": 2, "首批": 2, "公众": 1, "零距离": 1, "12": 3, "品牌": 2, "15": 1, "款": 1, "MATE20X": 1, "中兴": 2, "天机": 1, "AXON": 1, "10pro": 1, "MIX3": 1, "RENO": 1, "vivoNEX": 1, "努比亚mini5G": 1, "CPE": 1, "MC801": 1, "TCL": 1, "F296": 1, "诺基亚": 1, "FASTMILE": 1, "HTCSmarthub": 1, "模组": 1, "移远rg500": 1, "/": 1, "闻泰WM518": 1, "通F": 1, "G100": 1, "职业": 1, "规划": 5, "本质": 1, "上都": 1, "贫穷": 1, "说白了": 1, "打工": 1, "挣钱": 2, "年薪": 2, "千万": 1, "20年": 1, "老板": 2, "脚": 1, "踢开": 1, "归零": 1, "重头": 1, "回到": 1, "10年": 1, "案例": 1, "太": 3, "阿里": 1, "百万": 1, "40": 1, "干": 1, "工资": 1, "低": 1, "实在": 1, "找": 1, "天天": 1, "在家": 1, "孩子": 1, "无所事事": 1, "工作": 1, "好听": 1, "总监": 2, "VP": 1, "难": 1, "听点": 1, "高级": 1, "打工仔": 1, "朋友": 1, "顺丰": 1, "优选": 1, "6": 1, "7": 1, "CEO": 1, "他妈": 1, "高管": 1, "赤裸裸": 1, "当成": 1, "召之即来挥之即去": 1, "狗": 1, "占": 1, "1.01%": 1, "股权": 1, "背后": 1, "原因": 2, "点赞": 1, "L": 1, "万事通": 1, "方舟": 2, "编译器": 1, "介绍": 1, "措辞": 1, "软": 1, "大概": 1, "内容": 1, "iPhone": 3, "落后": 2, "三分之一": 2, "分析师": 2, "定价": 2, "发货量": 1, "；": 1, "研究": 1, "机构": 1, "3700万": 1, "4200万": 1, "之间": 1, "节节": 1, "败退": 1, "80%": 1, "错误": 1, "iPhoneXR": 1, "价格": 1, "降低": 1, "20%": 1, "L新京报": 1, "本文": 1, "图片": 2, "题图": 1, "差不多": 1, "P30Pro": 4, "后期": 1, "裁剪": 1, "意图": 1, "游客": 1, "视角": 1, "身份": 1, "表现": 1, "旅游": 1, "事情": 1, "过分": 1, "苛求": 1, "画质": 1, "合适": 1, "呈现": 1, "屏幕": 1, "马上": 1, "分享": 1, "朋友圈": 1, "地方": 1, "本身": 1, "变为": 1, "小伙伴": 1, "OTA": 1, "搞定": 1, "成都": 1, "相遇": 1, "专家": 2, "战略": 2, "一味": 1, "攻击": 1, "无计可施": 1, "消费者": 1, "商业": 1, "频道": 1, "网站": 1, "不久前": 1, "特朗普": 1, "发出": 1, "雄心勃勃": 1, "号召": 1, "竞赛": 1, "赢": 1, "输": 1, "政府": 1, "缺乏": 1, "发展": 1, "清晰": 1, "搬": 1, "应对": 1, "挑战": 1, "O网页": 1, "查到": 1, "7亿": 1, "成立": 1, "一家": 1, "哈勃": 2, "投资": 1, "公司": 2, "听": 1, "名字": 1, "感觉": 2, "大事": 1, "这几年": 1, "舍得": 1, "钱": 1, "反观": 1, "这两天": 1, "老总": 1, "拿出": 1, "一亿": 1, "研发费": 1, "大肆": 1, "炫耀": 1, "有时候": 1, "低调": 1, "圈粉": 1, "窦": 1, "靖童": 1, "幻月": 1, "颠覆": 1, "经典": 1, "新生": 1, "忍": 1, "不住": 1, "好几": 1, "人生": 1}