{"喜欢": 2, "一个": 7, "从来": 1, "固定": 1, "形态": 1, "找到": 2, "陪": 1, "回": 2, "校园": 1, "@": 2, "杨凯雯rr": 1, "华为": 50, "nova5": 1, "iProL": 1, "赵": 1, "琦君": 1, "Ryan": 1, "视频": 10, "​": 16, "iPhone11": 8, "Mate30": 27, "迎来": 1, "对决": 1, "！": 11, "狂": 1, "排队": 1, "预售": 2, "火爆": 2, "20日": 4, "苹果": 6, "系列": 23, "开售": 1, "19日": 2, "刚": 3, "亮相": 1, "预订": 1, "苹果店": 1, "门口": 1, "人头攒动": 1, "；": 5, "新机": 1, "天猫": 1, "京东": 1, "超": 2, "12万": 1, "台": 1, "选择": 4, "浴霸": 3, "滚筒": 1, "买": 7, "错": 3, "5G": 19, "手机": 24, "信号": 5, "机型": 3, "明年": 4, "网": 4, "9月": 7, "工信部": 2, "部长": 2, "苗圩": 2, "称": 3, "市场": 7, "商业": 2, "发布": 14, "11": 2, "款": 3, "大部分": 1, "都": 10, "是非": 2, "独立": 6, "组网": 5, "(": 2, "NSA": 4, ")": 2, "体现": 2, "性能": 2, "SA": 4, "网络": 5, "兼容": 3, "建": 1, "基本上": 1, "才": 3, "大规模": 2, "投入": 2, "L": 2, "老板": 2, "联播": 2, "": 4, "吴": 2, "世勋": 2, ".": 1, "Taokaenoi": 1, "代言人": 1, "wu世勋": 1, "EXO190922": 1, "EXplOrationinBangkokD": 1, "-3": 1, "9P": 1, "priwpriww": 1, "P30P": 1, "RO": 1, "宝藏": 1, "！！！": 1, "拍": 1, "神仙生图": 1, "！！！​": 1, "秀": 1, "挖掘机": 1, "：": 26, "驾驶员": 1, "3连屏": 1, "如同": 1, "玩": 4, "游戏": 2, "--虎扑帖ID": 1, "29504029L虎扑": 1, "步行街": 1, "北京": 2, "西北": 1, "五环": 2, "中关村": 1, "软件园": 3, "高薪": 2, "IT": 1, "企业": 3, "包括": 2, "百度": 1, "、": 20, "滴滴": 1, "新浪": 1, "互联网": 1, "IBM": 1, "汤森路透": 1, "知名": 3, "外企": 1, "联想": 1, "国内": 2, "几十万": 1, "软件": 2, "人才": 1, "汇聚": 1, "住房": 1, "需求": 1, "新房": 1, "动辄": 1, "九万十万": 1, "老破": 2, "七八万": 1, "码农": 1, "无力": 1, "承受": 1, "目光": 1, "投向": 1, "以北": 1, "地铁站": 2, "沿线": 1, "7月份": 1, "推荐": 2, "位于": 1, "地铁": 1, "昌平线": 1, "沙河站": 1, "中海": 4, "丽春": 2, "湖墅": 2, "项目": 11, "距离": 1, "600": 1, "米": 2, "整体": 2, "容积率": 1, "1.05": 1, "洋房": 10, "下叠": 11, "合院": 1, "罕见": 1, "6": 3, "层": 6, "电梯": 1, "小板楼": 1, "别墅区": 1, "六": 1, "记忆": 1, "市面": 1, "在售": 1, "唯一": 1, "上次": 1, "售洋房": 1, "售罄": 1, "识货": 1, "买到": 2, "不用": 2, "气馁": 1, "楼王": 1, "推": 1, "未来": 4, "陆续": 1, "推出": 1, "售楼处": 2, "样板间": 3, "负责人": 1, "告诉": 1, "实体": 1, "近期": 1, "对外开放": 1, "先睹为快": 1, "参观": 2, "性价比": 1, "同学": 4, "户型": 1, "89": 1, "㎡": 4, "总价": 3, "500w": 1, "单价": 2, "5.6w": 1, "/": 5, "总共": 1, "3层": 1, "总面积": 1, "260": 1, "660": 1, "折合": 1, "2.5w": 1, "物超所值": 1, "精装修": 1, "交付": 1, "标准": 2, "三": 1, "卧": 1, "卫": 1, "居住层": 1, "负": 1, "下沉式": 1, "采光": 2, "很": 7, "带": 1, "花园": 1, "厨房": 1, "+": 4, "餐厅": 1, "客厅": 1, "负二": 1, "做成": 1, "儿童": 1, "游乐区": 1, "健身房": 1, "影音室": 1, "随心所欲": 1, "布置": 1, "经济": 1, "实惠": 2, "别墅": 1, "空间": 1, "功能": 4, "层次": 1, "分明": 1, "DIY": 1, "价格": 1, "660w": 1, "清河": 1, "100P": 1, "两居室": 1, "不少": 2, "卖": 1, "码农区": 1, "小换": 1, "改善": 2, "吸引": 1, "地方": 3, "密度": 1, "低": 2, "楼间": 2, "距": 2, "40": 1, "足够": 1, "奢侈": 1, "楼": 1, "毫无": 1, "压力": 1, "精装": 1, "赘述": 1, "详细": 1, "介绍": 1, "周边": 2, "打造": 2, "19": 1, "平米": 1, "超级": 1, "商业体": 1, "五彩城": 1, "体量": 1, "肯定": 1, "沙河": 1, "地标性": 1, "建筑": 1, "房子": 1, "保值": 1, "增值": 1, "大有": 1, "好处": 1, "生态": 1, "环境": 2, "街": 1, "隔": 1, "3500": 1, "亩": 1, "丽春湖": 1, "稀缺": 1, "临水": 1, "居": 1, "平时": 1, "沿湖": 1, "跑步": 1, "健身": 1, "尚湖": 1, "世家": 1, "泰禾丽春湖": 1, "院子": 1, "高档": 1, "低密": 1, "社区": 1, "品质": 2, "居住": 1, "都会": 1, "不错": 1, "适合": 1, "北边": 1, "工作": 1, "优良": 1, "出品": 1, "必属": 1, "精品": 1, "感": 1, "兴趣": 1, "销售": 2, "经理": 1, "杨": 1, "小米": 1, "女士": 1, "实地": 1, "15801417758": 1, "WX": 1, "推万": 1, "近日": 2, "EXO": 1, "泰国": 1, "演唱会": 1, "泰妃": 1, "热议": 2, "P30PRO": 1, "摄像": 1, "尊": 1, "🐮🍺": 1, "惹​": 1, "变身": 2, "奥利奥": 2, "Mate30Pro&Mate30": 1, "真机": 2, "上手": 2, "体验": 3, "|": 1, "9月份": 1, "旗舰机": 1, "小伙伴": 1, "关注": 2, "正式": 1, "等到": 1, "26号": 1, "线下": 2, "体验店": 1, "样机": 1, "接下来": 1, "现场": 1, "~L": 1, "大米": 2, "评测": 2, "哔哩": 2, "O": 2, "「": 1, "」": 1, "Mate30Pro": 1, "体验O": 1, "抽奖": 1, "详情": 2, "收藏": 1, "看懂": 1, "产业链": 4, "MATE30": 1, "华": 1, "主题": 1, "摄像头": 2, "芯片": 6, "韦尔豪威": 1, "800万": 1, "长焦": 1, "封测": 1, "供应链": 2, "长电": 1, "华天": 1, "代工": 1, "中芯国际": 1, "华力": 1, "华虹": 1, "模组": 1, "欧菲光": 1, "舜宇": 1, "丘钛": 1, "联创": 1, "屏幕": 3, "京东方": 2, "TCL": 2, "玻璃": 1, "盖板": 1, "蓝思": 1, "科技": 7, "散热": 1, "系统": 3, "领益": 1, "智造": 1, "电池": 1, "欣旺达": 1, "NOR": 1, "兆": 2, "创新": 2, "屏下": 1, "指纹": 1, "汇顶": 1, "快": 2, "充电源": 1, "管理": 1, "圣邦": 1, "股份": 2, "功率": 1, "半导体": 3, "闻泰": 1, "安世": 1, "天线": 1, "立讯": 1, "精密": 2, "信维": 1, "通信": 1, "硕贝德": 1, "射频": 1, "卓胜微": 1, "三安": 1, "光电": 1, "线路板": 1, "鹏鼎": 1, "控股": 1, "东山": 1, "设备": 1, "大族": 1, "长川": 1, "北方": 1, "精测": 1, "来源": 1, "西南": 1, "证券": 1, "用户": 1, "4G": 1, "够用": 1, "一批": 1, "科技股": 1, "走出": 1, "大牛": 1, "行情": 3, "元器件": 1, "股票": 1, "共性": 2, "走": 2, "趋势性": 2, "抛去": 1, "基本面": 1, "研究": 1, "技术面": 1, "处在": 1, "通道": 1, "均": 1, "线": 1, "多头": 2, "排列": 2, "周月线": 1, "趋势": 4, "稳步": 1, "均线": 1, "走高": 1, "放量": 2, "关键": 1, "加速": 1, "牛股": 2, "危险": 1, "找": 2, "刚刚": 2, "涨幅": 1, "算": 1, "科技类": 1, "个股": 2, "跟踪": 1, "操作": 2, "类似": 1, "3000": 1, "2300": 1, "数码": 1, "天才": 1, "10年": 1, "6G": 1, "问世": 1, "#L": 1, "秒拍": 3, "头条": 1, "文章": 1, "耐心": 4, "回补": 3, "缺口": 3, "财经": 1, "每日": 1, "必读": 1, "赚钱": 1, "季": 1, "周一": 1, "基建": 1, "高铁": 1, "能源": 1, "汽车": 1, "无人": 1, "驾驶": 1, "主板": 1, "缩量": 1, "下跌": 1, "明日": 2, "预设": 1, "冲高": 1, "回落": 1, "观察": 3, "成交量": 1, "放大": 2, "反弹": 1, "才能": 1, "持续": 1, "强势": 1, "股": 1, "接力": 1, "亏": 1, "钱效": 1, "减缓": 1, "空间板": 1, "高度": 1, "降低": 1, "5板": 1, "东方": 1, "中科": 1, "华培": 1, "动力": 1, "金奥博": 1, "非科": 1, "创板": 1, "情绪": 1, "标杆": 2, "短期": 1, "回踩": 2, "2950": 1, "区域": 1, "震荡": 1, "概率": 1, "风险": 1, "偏好": 1, "首板": 1, "包板": 1, "1": 2, "涨停板": 1, "套利": 1, "2957": 1, "企稳": 2, "加仓": 1, "机会": 1, "吸富": 1, "一生": 1, "科创板": 1, "迹象": 1, "沃尔德": 1, "铂力特": 1, "乐鑫": 1, "南微": 1, "医学": 1, "福光": 1, "瀚川": 1, "智能": 2, "板块": 2, "活跃": 1, "盘中": 1, "等待": 1, "增量": 1, "资金": 1, "O耐心": 1, "发布会": 2, "余承东": 1, "拖": 1, "疲惫": 1, "身体": 1, "手里": 1, "公司": 4, "发": 2, "中秋": 1, "月饼": 1, "回家": 2, "中秋节": 1, "忙": 1, "资深": 1, "农产品": 1, "期货": 1, "大佬": 1, "L总": 1, "从不": 1, "炒": 1, "不屑": 1, "早": 1, "发现": 1, "大吃一惊": 1, "难道": 1, "坂田": 1, "基地": 1, "服务": 3, "上海": 2, "尊贵": 1, "VIP": 1, "第一": 1, "邀请": 1, "对象": 1, "连忙": 1, "询问": 1, "随便": 2, "掏": 1, "笔记本": 1, "弄出": 1, "连接": 1, "界面": 1, "xxxx_5G": 1, "wifi": 1, "🍎": 1, "照相": 1, "鬼影": 2, "网上": 1, "相机": 2, "高级": 1, "单反": 1, "微单": 1, "求真务实": 1, "精神": 1, "mate20Pro": 1, "测试": 1, "随意": 1, "九": 2, "绝不": 1, "挑选": 1, "眼神": 1, "朋友们": 1, "秋分": 2, "时节": 1, "螃蟹": 3, "肥美": 1, "吃": 3, "开心": 1, "懂": 2, "😄": 1, "L华": 4, "供应商": 7, "名单": 4, "曝光": 3, "国产": 3, "厂商": 3, "重点": 1, "扶持": 2, "硅谷": 1, "分析": 1, "狮": 1, "收盘": 1, "天下": 1, "冰火": 1, "跌停": 1, "同事": 1, "持有": 6, "猪肉": 1, "学习": 1, "逻辑": 10, "安心": 4, "学": 3, "想": 1, "大成": 2, "经历": 1, "成长": 1, "必不可少": 1, "变化": 1, "明明": 1, "稍": 1, "回暖": 1, "回本": 1, "稳定": 1, "心态": 1, "环": 1, "预估": 1, "波动": 1, "幅度": 1, "接受": 1, "情况": 1, "好像": 1, "交流会": 1, "开会": 1, "AI隔空": 1, "操控": 1, "抬手": 1, "即可": 1, "滑动": 1, "浏览": 1, "页面": 1, "无需": 1, "触碰": 1, "简单": 1, "官方": 2, "收到": 1, "智慧屏": 3, "颜值": 1, "几分": 1, "明星": 1, "偷税": 1, "吸毒": 1, "原谅": 1, "袁隆平": 1, "羞辱": 1, "这才": 1, "时代": 1, "悲哀": 1, "智慧": 3, "屏": 2, "化身": 1, "皮皮": 1, "影视": 1, "长成": 1, "创意": 1, "满分": 1, "终端": 1, "放下": 1, "放大镜": 1, "反而": 1, "猜猜": 1, "这是": 1, "轻轻": 1, "一点": 1, "碰": 1, "投屏": 1, "26日": 2, "大​": 1, "感受": 1, "下余": 1, "承东": 1, "余式": 1, "英语": 1, "太": 2, "有意思": 1, "mate30": 1, "L建华": 1, "Wei业": 1, "研发": 1, "费用": 1, "20亿": 1, "技术": 3, "富豪": 1, "很多": 2, "厂家": 1, "大书特书": 1, "感觉": 2, "不值一提": 1, "提": 7, "举例": 1, "WiFi": 1, "业界": 1, "高达": 1, "1.7Gbps": 1, "老": 1, "路由器": 1, "支持": 3, "UFS3.0": 1, "闪存": 1, "提3": 1, "线性": 1, "马达": 1, "提4": 1, "GPS": 1, "定位": 1, "提5": 1, "标配": 1, "NFC": 1, "红外": 1, "3.5": 1, "耳机孔": 1, "FM": 1, "7": 1, "三分": 1, "解决": 1, "曲面": 1, "误触": 1, "8": 1, "麒麟990": 1, "GeekBench": 1, "安卓": 1, "土豪": 1, "别人": 1, "讲": 1, "半天": 1, "排": 1, "队": 1, "正面": 2, "交锋": 2, "新品": 3, "谁主沉浮": 2, "巨头": 2, "启动": 1, "发售": 2, "策略": 2, "调整": 1, "升温": 1, "存量": 1, "何种": 1, "抢夺": 1, "引发": 1, "O华": 1, "美国": 1, "踢": 1, "光光": 1, "23日": 1, "消息": 2, "全力": 1, "生产": 1, "希望": 1, "冲击": 1, "送": 1, "部件": 1, "至少": 1, "比例": 1, "提升": 1, "关心": 1, "OLED屏": 1, "供应": 1, "三星": 1, "后期": 1, "网页": 1, "链接": 1, "谷歌": 5, "断供": 1, "影响": 3, "优势": 2, "德国": 1, "禁止": 1, "搭载": 1, "预装": 1, "天风": 1, "国际": 1, "海外": 1, "出货": 1, "有限": 1, "预计": 1, "2019年": 1, "下半年": 1, "出货量": 1, "2000万": 1, "O谷": 1, "歌断": 1, "供": 1, "平板": 1, "M6": 1, "EMUI": 1, "全新": 1, "升级": 1, "平行": 1, "视界": 1, "多达": 1, "54": 1, "分屏": 1, "显示": 1, "上榜": 1, "​​": 2}