{"华为": 112, "：": 22, "上半年": 31, "营收": 4, "4013亿": 6, "元": 12, "总计": 2, "1200亿": 5, "研发": 5, "投入": 5, "今日": 2, "深圳": 4, "总部": 3, "发布": 12, "财报": 10, "报告": 2, "显示": 3, "人民币": 3, "同比": 6, "增长": 12, "23.2%": 5, "净": 3, "利润率": 3, "8.7%": 3, "；": 6, "消费者": 4, "业务": 9, "2208亿": 2, "占比": 5, "55%": 2, "运营商": 2, "1465亿": 2, "36.5%": 2, "企业": 3, "316亿": 2, "占": 3, "7.9%": 2, "董事长": 26, "梁华": 21, "计划": 2, "投资": 2, "包括": 2, "L大佬": 2, "时间": 2, "秒拍": 8, "视频": 11, "面临": 2, "困难": 7, "依然": 2, "很": 5, "改变": 3, "方向": 3, "7月": 15, "30日": 15, "举办": 1, "2019年": 9, "业绩": 14, "发布会": 12, "公司": 15, "出席": 1, "发表": 1, "主题": 1, "演讲": 1, "运作": 2, "平稳": 2, "、": 12, "组织": 2, "稳定": 1, "管理": 1, "各项": 1, "财务": 1, "指标": 1, "表现": 1, "稳健": 1, "经营": 2, "五月份": 1, "收入": 6, "快": 2, "‘": 1, "实体": 2, "清单": 2, "’": 1, "市场": 9, "惯性": 1, "暂时": 1, "影响": 4, "节奏": 2, "未来": 11, "充满": 2, "信心": 6, "持续": 3, "克服": 1, "短期": 3, "挑战": 2, "一个": 2, "发展": 8, "时期": 1, "O华": 3, "迎难而上": 1, "停止": 4, "生产": 3, "2019": 3, "销售": 6, "美国": 13, "程度": 3, "可控": 2, "迄今为止": 1, "中断": 1, "发货": 2, "@": 3, "老板": 8, "联播": 7, "L": 3, "对外": 2, "公布": 3, "解读": 2, "阐述": 2, "展望": 2, "新浪": 2, "科技": 2, "直播": 4, ".": 2, "​": 16, "创始人": 1, "任正非": 4, "接受": 1, "雅虎": 1, "财经": 1, "采访": 1, "透露": 1, "很多": 2, "消息": 2, "将心比心": 1, "一如既往": 1, "记者": 4, "极为": 1, "高明": 1, "回答": 2, "策略": 4, "一针见血": 1, "对方": 1, "明白人": 1, "听": 1, "懂任": 1, "……": 1, "否认": 4, "鸿蒙": 13, "噱头": 8, "起初": 3, "针对": 6, "物联网": 3, "回应": 3, "系统": 13, "质疑": 3, "一开始": 3, "IoT物": 3, "联网": 3, "操作": 4, "产品": 7, "应对": 3, "谈判": 3, "内": 2, "政府": 4, "安卓": 5, "手机": 17, "长期": 2, "7Pro": 1, "代言": 1, "在线": 1, "翻车": 1, "P30Pro": 1, "波": 1, "完胜": 1, "枣庄": 3, "身边": 1, "厉害": 1, "这位": 1, "学子": 2, "刚": 1, "毕业": 2, "年薪": 2, "200万": 2, "老总": 1, "签字": 1, "聘用": 2, "！": 6, "获悉": 1, "全世界": 1, "招进": 1, "天才": 5, "少年": 3, "刚刚": 1, "入职": 1, "8": 1, "都": 6, "博士": 1, "枣庄": 1, "新鲜事": 1, "2枣庄": 1, "50": 1, "份": 2, "商用": 1, "5G": 2, "合同": 1, "全球": 2, "基站": 1, "超过": 3, "15万": 1, "这是": 2, "5月份": 1, "列入": 1, "实体名单": 1, "第一": 2, "成批": 2, "补洞": 1, "活力": 1, "员工": 1, "干劲": 1, "生存": 2, "谋": 2, "联播L": 2, "苹果": 8, "爱": 1, "拍用": 1, "琢磨": 1, "平板": 1, "越来越": 2, "贵且": 1, "亮点": 1, "溜达": 1, "着想": 1, "买买买": 1, "买": 1, "不行": 1, "马上": 1, "8月": 2, "10日": 2, "搭载": 1, "荣耀": 2, "智慧": 2, "屏": 2, "就要": 1, "活": 3, "称": 3, "外部": 2, "环境": 1, "东方": 1, "财富": 1, "逆风": 1, "飞扬": 1, "供应商": 5, "陆续": 1, "供货": 5, "半年报": 3, "增": 1, "牛": 2, "断断续续": 2, "恢复": 5, "关键": 2, "尚未": 1, "首席": 1, "供应官": 1, "感激": 1, "支持": 1, "表态": 1, "加快": 1, "相关": 1, "审批": 1, "期盼": 1, "承诺": 1, "补充": 1, "领域": 1, "供应": 1, "下半年": 2, "智能": 3, "海外": 1, "能力": 1, "生态": 1, "马": 1, "一会儿": 1, "下月": 1, "大会": 1, "关注度": 1, "提升": 1, "说不定": 1, "中短线": 1, "机会": 1, "打野": 1, "会上": 1, "L老板": 1, "央视": 1, "热评": 2, "半年": 2, "赢得": 2, "尊敬": 3, "肩负": 2, "期待": 3, "数据": 2, "印证": 1, "韧性": 1, "纵深": 1, "5月": 1, "带来": 1, "困扰": 1, "成绩单": 1, "举动": 1, "有限": 1, "风险": 1, "中国": 6, "一家": 4, "优秀": 1, "报以": 2, "O央视": 1, "坂田": 1, "全年": 1, "客户": 2, "贡献": 1, "中华民族": 1, "时代": 1, "最终": 1, "人类": 1, "首次": 3, "公开": 2, "直播​": 1, "#二": 1, "季度": 7, "销量": 7, "居首": 1, "下滑": 8, "14%": 3, "研究": 1, "机构": 1, "Canalys": 2, "第二": 6, "大幅": 1, "30%": 1, "出货量": 5, "3730万": 2, "台": 11, "突破": 1, "38%": 1, "稳居": 1, "排名": 2, "榜首": 1, "品牌": 3, "均": 1, "二季度": 1, "570万": 2, "第五": 2, "分析": 1, "普及": 1, "疲弱": 1, "整体": 1, "6%": 1, "连续": 1, "第九": 1, "OPPO": 3, "vivo": 4, "小米": 4, "分列": 1, "第四": 2, "18%": 1, "19%": 1, "20%": 2, "1790万": 2, "1710万": 2, "1150万": 2, "O二": 1, "份额": 4, "四成": 1, "终端": 1, "亮眼": 1, "1.18亿": 1, "24%": 1, "国内": 1, "唯一": 1, "款": 2, "到时候": 1, "算": 1, "真的": 1, "猛": 1, "31%": 2, "oppo": 1, "下降": 3, "接近": 1, "5": 1, "机潮": 1, "特朗普": 1, "广告": 1, "加火": 1, "逆势": 1, "的确": 1, "感觉": 1, "行业": 2, "互联网": 1, "赢家": 1, "通吃": 1, "残酷": 1, "canalys2019年": 1, "38.2%": 1, "18.3%": 1, "第三": 1, "17.5%": 1, "11.8%": 1, "5.8%": 1, "去年": 1, "天亮": 1, "黑夜": 1, "好过": 1, "答": 2, "独大": 3, "良心": 3, "痛": 3, "体验": 4, "南华": 1, "提问": 1, "喜爱": 2, "服务": 3, "压力": 1, "2018年": 1, "1090亿": 1, "美元": 1, "数字": 1, "明星": 1, "阿里巴巴": 1, "腾讯": 1, "赚": 1, "HowisHuawei'sbusinessperformanceinthefirsthalfof": 1, "ChairmanLiangHuasharesHuawei'sbusinessresultsforthefirsthalfofthe": 1, "yearand": 1, "thecompany'sstrategiesforthefuture.CGTN": 1, "美": 1, "企伟": 1, "创力": 2, "私扣": 2, "资产": 2, "踢出": 1, "供应链": 2, "体系": 2, "29日": 1, "伟创力": 2, "事件": 1, "发酵": 1, "媒体": 1, "报道": 1, "称伟": 1, "削弱": 1, "利润": 1, "重组": 1, "剔除": 1, "撤出": 1, "产能": 1, "富士康": 1, "比亚迪": 1, "承接": 1, "L新京报": 1, "": 1, "吴青峰": 1, "这时候": 1, "恨": 1, "木有": 1, "拍": 1, "月亮": 1, "LBunny": 1, "重回": 1, "三年": 1, "发": 1, "说对": 1}