{"华为": 149, "海思": 59, "致信": 23, "员工": 35, "：": 39, "多年": 33, "备胎": 55, "夜": 32, "科技": 27, "自立": 22, "！": 34, "凌晨": 28, "总裁": 41, "列入": 12, "美国商务部": 13, "工业": 16, "安全局": 12, "(": 6, "BIS": 10, ")": 6, "实体名单": 10, "云淡风轻": 8, "季节": 8, "公司": 56, "做出": 15, "极限": 17, "生存": 22, "假设": 20, "预计": 17, "美国": 56, "先进": 10, "芯片": 30, "技术": 20, "持续": 20, "客户": 15, "服务": 20, "永远": 10, "发生": 8, "数千": 12, "儿女": 10, "走": 8, "科技史": 7, "最为": 7, "悲壮": 7, "长征": 7, "打造": 25, "日夜": 4, "星夜兼程": 4, "艰苦": 4, "前行": 6, "历史": 14, "选择": 12, "之间": 19, "开放": 6, "创新": 6, "刚刚": 2, "环球网": 6, "编辑部": 4, "收到": 4, "封": 11, "信件": 4, "全文": 4, "尊敬": 2, "全体": 2, "同事们": 2, "此刻": 3, "估计": 3, "得知": 3, "entitylist": 2, "产品": 19, "领域": 4, "广阔": 2, "器件": 3, "多元": 2, "面对": 2, "数以千计": 2, "难题": 2, "无数": 2, "失败": 2, "困惑": 2, "从来": 2, "放弃": 3, "年头": 2, "走出": 2, "迷茫": 2, "希望": 2, "难免": 2, "一丝丝": 2, "失落": 2, "不甘": 2, "担心": 2, "启用": 3, "压": 2, "保密柜": 7, "命运": 3, "年轮": 2, "转到": 2, "黑暗": 3, "时刻": 4, "超级大国": 3, "毫不留情": 2, "中断": 3, "全球": 6, "合作": 8, "产业": 4, "体系": 3, "疯狂": 3, "毫无": 3, "依据": 2, "条件": 4, "放入": 2, "!": 12, "心血": 3, "兑现": 6, "承诺": 6, "努力": 3, "连成一片": 3, "挽狂": 3, "澜于": 3, "倒": 7, "确保": 6, "大部分": 12, "战略": 7, "连续": 5, "供应": 5, "至暗": 3, "日子": 4, "平凡": 2, "时代": 3, "英雄": 2, "立志": 2, "数字": 2, "世界": 6, "带给": 2, "、": 16, "家庭": 2, "组织": 2, "构建": 3, "万物": 2, "互联": 3, "智能": 5, "理想": 2, "路": 2, "再有": 2, "一个": 9, "换胎": 2, "缓冲区": 2, "消失": 2, "出生": 2, "同步": 2, "方案": 6, "前路": 2, "更为": 2, "艰辛": 2, "勇气": 2, "智慧": 3, "毅力": 2, "施压": 3, "挺直": 2, "脊梁": 2, "奋力": 2, "滔天": 2, "巨浪": 2, "方显": 2, "英雄本色": 2, "艰难困苦": 4, "铸造诺亚": 2, "方舟": 2, "何庭波": 12, "2019年": 3, "5月": 10, "17日": 10, "转正": 17, "深夜": 3, "发文": 3, "心声": 1, "社区": 1, "转发": 1, "留情": 1, "理由": 1, "情况": 11, "O华": 7, "总统": 5, "特朗普": 2, "15日": 1, "签署": 2, "行政令": 2, "国家": 14, "紧急": 3, "状态": 4, "禁止": 4, "企业": 10, "危害": 1, "生产": 2, "电信": 5, "设备": 2, "矛头": 1, "直指": 1, "刚": 1, "新闻": 3, "确实": 1, "一大": 1, "跳": 1, "这是": 6, "极为": 1, "事态": 1, "理解": 1, "遭受": 1, "威胁": 1, "911": 1, "事件": 3, "面临": 1, "战争": 2, "闹": 1, "半天": 1, "阻止": 1, "市场": 2, "搞笑": 1, "民营": 1, "惧怕": 1, "如临大敌": 1, "权力": 2, "对抗": 1, "一家": 3, "中国": 22, "民企": 2, "前所未有": 1, "闻所未闻": 1, "实属": 2, "罕见": 1, "解读": 1, "太": 2, "强大": 4, "胆小": 1, "很": 2, "制定": 1, "细则": 1, "禁令": 2, "高端": 2, "出口": 1, "5G": 21, "闭关锁国": 1, "节奏": 1, "都": 10, "卖给": 1, "留": 3, "发霉": 1, "年后": 1, "白": 1, "拒之门外": 1, "关起": 1, "一统": 1, "抱残守缺": 1, "玩儿4G": 1, "下届": 1, "发现": 1, "不仅仅": 1, "错过": 3, "时间": 6, "整整": 1, "第四": 2, "革命": 6, "元年": 1, "天佑": 2, "中华": 4, "有为": 1, "领头羊": 1, "第三": 1, "赶上": 1, "尾巴": 1, "一马当先": 1, "弄潮": 1, "大数据": 1, "云计算": 1, "物联网": 1, "人工": 1, "信息": 1, "目的": 4, "互通": 1, "操作": 1, "资源": 2, "共享": 1, "横向": 1, "一体化": 1, "扁平化": 1, "村庄": 1, "人类": 1, "共同体": 1, "建设": 3, "发展": 6, "走向": 1, "富强": 1, "自绝于": 1, "大势": 1, "疑神疑鬼": 1, "退约": 1, "退群": 1, "推行": 1, "孤立主义": 1, "政策": 1, "误判": 1, "衰落": 1, "骑驴看唱本": 1, "走着瞧": 1, "～": 1, "产业链": 5, "人士": 5, "库存": 6, "至少": 4, "缓冲": 4, "运营商": 6, "BG": 1, "名": 3, "负责人": 1, "十多": 1, "年前": 1, "IBM": 1, "内部": 4, "提出": 1, "业务": 7, "连续性": 5, "管理": 1, "替代": 1, "计划": 4, "性能": 1, "短期": 1, "媲美": 1, "原有": 1, "去年": 3, "布局": 2, "预料": 2, "相关": 4, "关键": 2, "未来": 2, "缓冲期": 2, "财": 1, "燃": 1, "​": 5, "工程师": 2, "一生": 2, "荣耀": 2, "发表": 3, "表达": 2, "决心": 2, "@": 6, "老板": 3, "联播L": 1, "联播": 2, "秒拍": 4, "视频": 5, "轮值": 3, "董事长": 3, "胡厚崑": 3, "保障": 5, "极端": 5, "经营": 5, "影响": 9, "16日": 5, "实体": 5, "清单": 4, "意味着": 1, "政府": 5, "许可": 1, "供货": 3, "发布": 10, "处于": 2, "政治": 4, "打压": 12, "最新": 3, "对此": 4, "研究": 3, "开发": 3, "投入": 4, "提及": 1, "策略": 2, "文": 1, "写道": 1, "’": 4, "浮出": 1, "水面": 1, "美": 8, "6": 4, "供应商": 7, "股价": 3, "狂": 2, "泻": 2, "逾": 3, "500亿": 4, "市值": 4, "蒸发": 4, "近日": 1, "正式": 1, "美企": 2, "出售": 1, "商务部": 2, "发言人": 2, "高峰": 1, "反对": 4, "国内法": 1, "实施": 1, "单边": 1, "制裁": 1, "敦促": 1, "美方": 2, "停止": 3, "错误": 1, "做法": 2, "暴跌": 1, "马克龙": 3, "公开": 1, "当地": 1, "法国": 2, "巴黎": 1, "峰会": 1, "VivaTech": 1, "观点": 1, "封锁": 2, "发起": 1, "场": 4, "科技战": 2, "贸易战": 5, "恰当": 1, "环球": 1, "时报": 1, "三": 1, "缺": 1, "二视": 1, "频组": 1, "视": 1, "频L": 1, "谈": 3, "封堵": 3, "针对": 1, "旗下": 1, "半导体": 3, "称": 3, "‘": 1, "困难": 2, "挡": 2, "不住": 2, "步伐": 4, "办致": 2, "出于": 2, "揭开": 2, "虚伪": 2, "面具": 2, "阴霾": 2, "过后": 2, "阳光": 2, "普照": 2, "请": 3, "坚定": 2, "信心": 2, "踏踏实实": 2, "做好": 2, "本职工作": 2, "奋斗": 2, "阻挡": 2, "附华": 2, "媒体": 2, "声明": 2, "这不": 2, "符合": 4, "利益": 5, "经济": 2, "损失": 2, "数以万计": 2, "就业": 2, "岗位": 2, "破坏": 2, "供应链": 3, "互信": 2, "尽快": 2, "就此": 2, "寻求": 2, "救济": 2, "解决": 4, "措施": 2, "降低": 2, "二〇一九年": 2, "五月": 2, "十六日": 2, "深为": 1, "感动": 1, "硬骨头": 1, "清醒": 2, "韧性": 1, "垮": 1, "早就": 1, "未雨绸缪": 1, "出发": 1, "被迫": 1, "物竞天择": 1, "胁迫": 1, "意外": 1, "站到": 1, "承重": 1, "位置": 2, "从未有过": 1, "大规模": 1, "动用": 2, "国力": 1, "屹立": 2, "象征": 1, "抛弃": 1, "商业": 1, "原则": 2, "讲": 1, "法律": 1, "行政": 1, "野蛮": 1, "中国人": 2, "看懂": 1, "性质": 1, "看清": 1, "精英": 1, "群体": 1, "试图": 1, "击垮": 1, "恶毒": 1, "野心": 1, "幻想": 1, "仅仅": 1, "让步": 1, "善意": 1, "自强": 1, "和平共处": 1, "性格": 1, "帝国主义": 1, "邪恶": 1, "东西": 1, "较量": 1, "遭遇": 2, "告诉": 3, "国企": 1, "注定": 1, "冲突": 1, "同一个": 1, "阵营": 1, "团结一心": 1, "共度": 1, "时艰": 1, "漫长": 1, "博弈": 1, "最终": 3, "胜利": 1, "别无选择": 1, "越来越": 1, "涵义": 1, "消费": 1, "环节": 1, "额外": 1, "意义": 1, "进一步": 1, "壮大": 1, "找到": 1, "恶劣": 1, "改革": 1, "方式": 1, "搞": 2, "收缩式": 1, "防守": 1, "社会": 1, "活力": 1, "输": 2, "一两": 1, "现实": 1, "民族": 1, "悠长": 1, "责任": 1, "致员": 1, "工信": 1, "硬气": 1, "厉害": 2, "女": 2, "掌门": 2, "今日": 1, "激情": 1, "澎湃": 1, "全员信": 1, "信中": 1, "男性": 1, "主导": 1, "鲜有": 1, "女性": 1, "出彩": 1, "缔造": 1, "奇迹": 1, "改写": 1, "O硬气": 1, "外交部": 2, "歧视性": 2, "特定": 2, "不利于": 2, "问及": 1, "发动": 1, "合适": 1, "法方": 2, "多边主义": 1, "陆慷": 1, "中方": 1, "赞赏": 1, "参与": 1, "公正": 1, "态度": 1, "滥用": 1, "标准": 1, "有悖": 1, "公平": 1, "竞争": 1, "央视": 3, "L": 2, "公开信": 3, "O海思": 1, "邮件": 1, "英国": 9, "手机": 14, "地区": 3, "开通": 5, "网络": 4, "伦敦": 3, "Mate20X5G": 4, "版本": 4, "款": 6, "6月": 4, "上市": 3, "搭载": 4, "首款": 2, "7纳米": 2, "工艺": 2, "模": 2, "巴龙": 3, "5000": 4, "誉为": 3, "配置": 1, "此前": 2, "4G版": 1, "接近": 1, "采用": 2, "麒麟980": 1, "处理器": 1, "配备": 1, "7.2": 1, "英寸": 1, "全景": 1, "巨幕屏": 1, "介绍": 1, "5月底": 1, "接受": 1, "预订": 1, "EE": 1, "02": 1, "沃达丰": 3, "指定": 1, "经销商": 1, "销售": 1, "西欧": 1, "消费者": 3, "首席": 1, "营销官": 1, "安德鲁·加里希": 1, "发布会": 1, "精力": 1, "芯片组": 1, "带来": 1, "无缝": 1, "体验": 1, "2月": 1, "通信": 1, "大会": 1, "首次": 1, "推出": 1, "基于": 1, "商用": 1, "MateX": 1, "折叠屏": 1, "设计": 1, "速度": 1, "欧洲": 1, "前列": 1, "城市": 3, "陆续": 1, "本月": 1, "14日": 1, "7月初": 1, "7": 1, "年底": 1, "12": 1, "提供": 1, "首批": 1, "名单": 2, "三星": 1, "厂商": 2, "小米": 1, "新华": 1, "视点": 1, "据悉": 1, "英": 1, "P30": 1, "+": 1, "网红": 1, "料理": 1, "锅": 1, "送": 2, "赞": 1, "条": 1, "关注": 1, "米": 1, "妈妈": 1, "价值": 1, "23号": 1, "开[": 1, "米奇": 1, "比心": 1, "]​": 1, "美系": 1, "商务": 1, "活动": 1, "少部分": 1, "蛋大": 1, "痛恨": 1, "金毛": 1, "沉默": 1, "服务器": 1, "通知": 1, "韩": 1, "暂停": 1, "提货": 1, "等待": 1, "高通": 1, "博通": 1, "intel": 1, "Nvidia": 1, "美光": 1, "skyworks": 1, "Ti": 1, "Onsemi": 1, "HP": 1, "dell": 1, "停": 2, "大写": 1, "无奈": 1, "狗日的": 1, "疯王": 1, "启动": 1, "惹": 1, "叛国": 1, "麻烦": 1, "观望": 1, "真的": 3, "检验": 1, "到底": 1, "口号": 1, "一己之力": 1, "挑战": 1, "顶尖": 1, "佑": 1, "披露": 1, "核心": 1, "共有": 1, "92": 1, "占": 1, "最多": 1, "33": 1, "占比": 1, "36%": 1, "24": 1, "比例": 1, "27%": 1, "类别": 1, "划分": 1, "集成": 1, "电路": 1, "软件": 1, "通讯": 3, "依赖度": 1, "颇": 1, "记者": 1, "昨晚": 1, "洛杉矶": 1, "朋友": 1, "下手": 1, "困境": 1, "中兴": 2, "早": 1, "孟": 1, "女士": 1, "加拿大": 1, "非法": 1, "扣押": 1, "加速": 1, "早上": 1, "消息": 1, "运转": 1, "不用": 1, "卡住": 1, "脖子": 1, "长国人": 1, "志气": 1, "解气": 1, "配套": 1, "厂家": 1, "倒是": 1, "这才": 1, "美帝": 2, "搬起": 2, "石头": 2, "砸": 2, "脚": 1, "烂谱": 1, "快": 1, "使劲": 1, "亡": 1, "死": 1, "70": 1, "从未": 1, "改变": 1, "致敬": 1}