{"第二": 1, "季度": 1, "苹果": 6, "全球": 2, "卖出": 1, "1230万": 1, "台": 3, "平板": 3, "三星": 2, "490万": 1, "华为": 65, "330万": 1, "买": 5, "选": 2, "品牌": 5, "​": 17, "助力": 2, "摩纳哥": 6, "全境": 2, "覆盖": 2, "5G": 25, "国家": 2, "平均": 4, "下载": 4, "速度": 4, "4G": 7, "10": 5, "倍": 4, "7月": 2, "9日": 2, "电信": 3, "商用": 2, "仪式": 2, "中国": 5, "公司": 16, "设备": 3, "信号": 2, "遍布": 2, "平方公里": 2, "国土": 2, "上空": 2, "网络": 11, "到底": 2, "快": 2, "新华社": 2, "记者": 2, "近日": 2, "亲测": 2, "发现": 3, "戳": 1, "视频": 11, "感受": 3, "⬇L": 1, "新华": 2, "视点": 3, "秒拍": 9, "美国": 31, "高管": 4, "喊话": 4, "：": 13, "想禁": 4, "禁": 8, "点心": 8, "8月": 7, "2日": 6, "首席": 6, "官安迪": 5, "接受": 5, "采访": 5, "系列": 4, "措施": 4, "盟友": 4, "很多": 5, "选择": 5, "拒绝": 4, "禁止": 4, "建议": 4, "澳大利亚": 4, "想": 4, "禁华": 4, "@": 2, "老板": 6, "联播L": 1, "联播": 5, "时代": 3, "智能": 3, "网联": 2, "汽车": 2, "上汽": 1, "通用": 1, "五菱": 1, "旗下": 1, "宝骏": 3, "联手": 1, "打造": 1, "驾驭": 1, "技术": 5, "全新": 1, "车系": 1, "横空出世": 1, "告诉": 1, "叫作": 1, "国民级": 1, "神车": 1, "搭载": 1, "博世": 1, "版本": 1, "车联网": 2, "系统": 6, "手机": 7, "互联": 1, "L2": 1, "级别": 1, "自动": 1, "驾驶": 1, "辅助": 1, "安全系数": 1, "直线": 1, "升高": 1, "声音": 1, "操控": 1, "车内": 1, "科技感": 1, "提前": 2, "魅力": 1, "车": 1, "预售": 1, "L喵喵": 1, "丢": 3, "恶果": 2, "显现": 2, "！": 11, "伟创力": 4, "执法": 1, "停止": 1, "代工": 3, "扣押": 1, "物料": 1, "付出": 1, "惨痛": 1, "代价": 1, "消息": 2, "称": 1, "不当": 1, "踢出": 1, "供应链": 1, "种种": 1, "长沙": 1, "工厂": 3, "关门": 1, "珠海": 1, "业务部": 1, "裁员": 1, "官方": 1, "妥善": 1, "员工": 3, "安置": 1, "初步": 1, "拟定": 1, "赔偿": 2, "方案": 2, "N+1+": 1, "8月份": 1, "工资": 1, "+": 2, "签约": 1, "奖": 1, "对此": 1, "前伟": 1, "创力": 1, "不买账": 1, "门口": 1, "拉": 1, "横幅": 2, "抗议": 5, "不公平": 1, "现象": 1, "首发": 2, "鸿蒙": 2, "智慧": 1, "屏": 1, "电视": 1, "产品": 3, "iot": 1, "最高层": 1, "确认": 1, "未来": 3, "肯定": 1, "发": 1, "事情": 2, "mate30": 1, "安卓": 1, "内测": 1, "机型": 1, "排除": 1, "掉": 1, "路边社": 1, "自主": 3, "操作": 2, "早": 2, "明年": 2, "发布": 1, "50": 1, "上市": 4, "第一": 1, "挑": 1, "都": 5, "猜猜": 1, "款": 2, "可能性": 1, "大​": 1, "整点": 1, "播": 1, "每经": 1, "24点": 3, "|": 4, "香港": 7, "市民": 3, "美领馆": 4, "干预": 3, "事务": 3, "；": 2, "中标": 3, "乌克兰": 4, "首都": 3, "基辅": 3, "地铁": 4, "项目": 3, "1": 2, "、": 48, "3日": 1, "上午": 1, "青年": 1, "王": 2, "鸣达": 2, "众": 1, "好友": 2, "来到": 3, "驻": 1, "港": 1, "总领馆": 1, "大门": 2, "递交": 1, "封": 1, "抗议信": 1, "黑色": 1, "铁门": 1, "紧闭": 1, "应答": 1, "受不了": 1, "身边": 1, "年轻人": 3, "蛊惑": 1, "上街": 1, "自发": 3, "表达": 2, "群": 1, "诉求": 2, "老年人": 1, "带": 2, "孩子": 1, "母亲": 1, "数百": 1, "名": 1, "冒雨": 1, "手举": 1, "国旗": 2, "区旗": 1, "标语牌": 1, "言语": 1, "分公司": 1, "发表": 1, "公报": 1, "建设": 1, "3": 1, "热浪": 1, "席卷": 1, "格陵兰": 1, "冰川": 1, "融化": 1, "120亿": 1, "吨": 1, "创": 2, "历史": 1, "纪录": 1, "O每经": 1, "梁振英": 1, "公开": 1, "悬赏": 1, "100万": 1, "港币": 1, "缉捕": 1, "扔海": 1, "暴徒": 1, "O": 1, "声援": 2, "通知": 1, "一个": 4, "公交": 2, "秘书": 1, "App": 2, "1日": 1, "暂停": 1, "用户": 4, "开放": 1, "服务": 1, "反正": 1, "喉舌": 1, "没用": 1, "坐": 1, "P系列": 1, "发展史": 1, "喜欢": 1, "供应商": 3, "个股": 1, "分享": 1, "核心": 1, "生益": 1, "科技": 11, "中利": 1, "集团": 1, "沪电": 2, "股份": 6, "比亚迪": 1, "立讯": 1, "精密": 2, "京东方": 1, "中航": 1, "光电": 2, "顺丰": 1, "控股": 1, "深天马A": 1, "光迅": 1, "华工": 2, "长飞": 1, "光纤": 1, "深南": 2, "电路": 2, "歌尔": 1, "亨通": 1, "蓝思": 1, "纬度": 1, "收入": 2, "占比": 3, ")": 5, "超过": 3, "20%": 1, "飞荣": 1, "材料": 1, "器材": 1, "PCB": 2, "(": 2, "激光": 1, "闻泰": 2, "ODM": 1, "光弘": 1, "EMS": 1, "电": 2, "连接器": 1, "星星": 1, "盖板": 1, "玻璃": 1, "兴达": 1, "显示": 1, "器组": 1, "营收": 1, "10%": 1, "电声": 1, "声学": 1, "器件": 1, "长盈": 1, "欧": 1, "菲光": 1, "摄像头": 2, "硕贝德": 1, "天线": 1, "天马": 1, "屏幕": 2, "顺络": 1, "电子": 1, "被动": 1, "元件": 1, "产业链": 1, "替代": 1, "紫光": 1, "国微": 1, "圣邦": 1, "收购": 1, "安世": 1, "半导体": 1, "兆": 1, "创新": 1, "存储器": 1, "韦尔": 1, "芯片": 5, "汇顶": 1, "指纹": 1, "长": 1, "封测": 3, "华天": 1, "通富": 1, "微电": 1, "北京": 1, "君正": 1, "CPU": 1, "真相": 1, "L": 6, "手环": 1, "送给": 1, "家人": 1, "监控": 1, "心率": 1, "计量": 1, "步数": 1, "运动量": 1, "监测": 1, "睡眠": 1, "质量": 1, "……": 2, "支持": 2, "支付": 1, "功能": 1, "多多": 1, "便宜": 1, "好用": 1, "虎": 1, "扑": 1, "老哥": 1, "体验店": 1, "NBA": 1, "球员": 2, "海沃德": 2, "这是": 1, "商务": 1, "活动": 2, "体验": 5, "秀": 1, "HDC2019": 1, "​​​": 2, "云独": 1, "八大": 1, "武林": 2, "秘籍": 1, "不凡": 1, "称霸": 1, "成就": 1, "一代": 1, "豪侠": 1, "O2019": 1, "ChinaJoy": 1, "超级": 1, "玩家": 1, "晋级": 1, "攻略": 1, "早安": 1, "七点钟": 1, "任正非": 1, "当年": 1, "谈": 1, "差距": 1, "深切": 1, "企业家": 1, "格局": 1, "令人钦佩": 1, "IT": 1, "杂谈": 1, "读创": 1, "直播": 3, "深圳": 7, "4日": 1, "10日": 1, "联通": 1, "中兴": 1, "信通院": 1, "联合": 1, "主办": 1, "2019年": 2, "福田": 1, "高铁站": 1, "举办": 1, "本届": 1, "5": 3, "Gison": 1, "主题": 1, "奇妙": 1, "商报": 1, ".": 1, "P100Pro": 1, "变焦": 1, "效果": 2, "搞": 1, "机圈": 1, "？？？": 1, "才": 1, "三大": 1, "姑": 1, "四": 1, "大婶": 1, "五": 1, "大姨": 1, "安全官": 1, "投入": 2, "20亿": 2, "美元": 2, "提升": 1, "软件": 3, "改善": 1, "工程": 1, "过程": 1, "消除": 1, "代码": 1, "冗余": 1, "增加": 1, "安全性": 1, "兼容": 1, "坚信": 1, "件": 1, "但凡": 1, "良心": 1, "数码": 2, "博主": 1, "推荐": 1, "网友": 1, "麦芒8": 2, "毫无": 1, "亮点": 1, "废财": 1, "机器": 3, "性价比": 1, "百花齐放": 1, "绝大部分": 1, "价位": 1, "地上": 1, "轻松": 1, "摩擦": 1, "180": 1, "回合": 1, "客气": 1, "简直": 1, "见识": 1, "知识": 1, "考验": 1, "大一": 1, "压死": 1, "Mate30Pro": 1, "整俩": 1, "viai": 1, "冰宇": 1, "宙​": 1, "奇文共赏": 1, "标志": 1, "哪吒": 1, "撞衫": 1, "巧合": 1, "国漫": 1, "崛起": 1, "华用": 1, "瓢敲": 1, "黄渤": 1, "哈哈哈哈胆": 1, "小华": 1, "综艺": 2, "豁": 1, "平时": 1, "打​": 1, "领域": 1, "储备": 1, "巨头": 1, "英特尔": 1, "高通": 1, "博通": 1, "德州": 1, "仪器": 1, "英": 1, "伟达": 1, "韩国": 1, "英国": 1, "ARM": 1, "预见": 1, "最牛": 1, "拭目以待": 1, "L新华": 1, "火锅店": 1, "推出": 1, "结账": 2, "锅底": 1, "看​": 1, "刚才": 1, "朋友": 2, "聊天": 1, "越来越": 1, "估计": 1, "10月": 1, "才能": 1, "只能": 1, "。。。。。。。": 1, "也许": 1, "营销": 1, "线下": 1}