{"比尔盖茨": 22, "谈": 7, "华为": 66, "：": 27, "中国": 32, "东西": 16, "都": 26, "坏": 16, "美国": 30, "诸如": 1, "飞机": 8, "引擎": 2, "软件": 4, "想法": 15, "疯狂": 14, "看待": 5, "技术": 19, "创新": 12, "L凤凰网": 1, "科技": 5, "视频": 15, "​": 11, "很": 16, "11月": 10, "6日": 10, "DealBook": 2, "大会": 2, "比尔·盖茨": 2, "接受": 10, "采访": 8, "阻止": 6, "现实": 5, "商品": 3, "服务": 4, "客观": 11, "测试": 6, "评判": 2, "好坏": 3, "想": 5, "@": 5, "老板": 2, "联播L": 1, "联播": 3, "早安": 1, "！": 15, "一大": 1, "清早": 1, "與": 1, "公主": 1, "巡山": 1, "不幸": 1, "結果": 1, "華為手": 1, "機​": 1, "纽约": 5, "时报": 5, "政府": 9, "制裁": 3, "风趣": 1, "发言": 1, "论证": 1, "清晰": 2, "逻辑": 3, "层层": 1, "递进": 1, "直指": 1, "过于": 1, "多疑": 5, "简直": 2, ".....": 1, "核心": 2, "信息点": 1, "好事": 2, "评价": 1, "质疑": 1, "基于": 3, "主观": 2, "判断": 3, "疯": 2, "怀疑": 5, "产品": 3, "讲": 1, "道理": 2, "美": 1, "国是": 1, "互惠": 1, "互利": 1, "关系": 4, "看清": 1, "才能": 1, "程度": 1, "降低": 1, "战争": 1, "可能性": 1, "好好": 2, "利用": 4, "中国人": 4, "标准": 3, "当年": 3, "微软": 4, "windows": 1, "系统": 1, "留": 2, "国安局": 1, "后门": 2, "代码": 2, "各国": 2, "公开": 1, "检测": 2, "检查": 1, "对待": 4, "理由": 1, "赚钱": 3, "卖给": 1, "公司": 7, "发": 1, "条": 1, "指令": 2, "熄火": 1, "——": 2, "制造": 1, "硬": 2, "一个": 11, "打上": 1, "国籍": 2, "标签": 1, "请问": 1, "员工": 9, "曾祖母": 1, "写": 1, "世界": 4, "款": 4, "信任": 2, "翻译": 1, "燃新闻": 1, "LYouTube": 1, "精选": 1, "相互": 2, "对方": 2, "优势": 2, "当地": 1, "时间": 4, "直播": 1, "回答": 1, "看法": 5, "努力": 2, "情况": 1, "这不": 1, "件": 2, "L知": 1, "未": 1, "雷军": 4, "称": 4, "小米": 10, "相机": 4, "巅": 3, "内部": 5, "信嘉奖": 2, "相机部": 3, "手机": 5, "登上": 2, "7日晚": 1, "CEO": 2, "发布": 4, "通报": 1, "嘉奖": 1, "近日": 1, "CC9Pro": 1, "DxO": 1, "分数": 1, "121分": 1, "Mate30Pro": 1, "并列": 1, "第一": 3, "信中": 1, "这是": 5, "突破": 1, "了不起": 1, "成就": 1, "标志": 1, "O": 2, "登顶": 1, "DxO雷": 1, "军发": 1, "L老板": 2, "比尔.盖茨": 3, "危险": 1, "到底": 2, "窃听": 1, "方法": 1, "很多": 6, "Windows": 1, "间谍": 1, "源代码": 1, "展示": 2, "消除": 1, "戒心": 1, "有趣": 1, "例子": 1, "买": 14, "零件": 1, "购买": 3, "空中": 1, "失灵": 1, "L钟文泽": 2, "7": 6, "工资": 8, "套": 3, "房": 2, "辆": 3, "豪车": 2, "晒出": 2, "存款": 4, "看错": 2, "小编": 1, "职场": 2, "论坛": 4, "帖子": 2, "奔驰": 4, "网友": 5, "壕": 2, "回": 1, "毕业": 1, "工作": 4, "快": 1, "二线": 1, "城市": 2, "房子": 4, "父母": 2, "农村": 1, "家里": 2, "三四千": 1, "块钱": 1, "接近": 2, "60万": 4, "问问": 1, "收入": 2, "水平": 1, "补充": 1, "130万": 1, "贷款": 1, "首付": 1, "70万": 1, "程序员": 3, "总收入": 1, "车子": 1, "加上": 1, "总共": 1, "180万": 1, "开支": 1, "算": 4, "进去": 1, "6": 2, "钱": 7, "20万": 1, "开销": 1, "平均": 2, "10万": 1, "将近": 1, "80万": 1, "综合": 2, "税后": 1, "260万": 1, "税前": 1, "320万": 1, "年收入": 1, "50万": 1, "忽略": 1, "前期": 3, "低": 5, "为止": 1, "年薪": 1, "百万": 1, "评论": 1, "大部分": 1, "优秀": 1, "级别": 1, "至少": 1, "团队": 1, "领导": 1, "难怪": 1, "选择": 2, "加班": 3, "不错": 2, "赚": 1, "300万": 1, "vivo": 1, "上班": 1, "相比": 1, "差距": 1, "真的": 1, "羡慕": 1, "研究生": 1, "本科生": 1, "也许": 1, "区别": 1, "校招": 1, "本事": 1, "难": 2, "面试": 1, "风光": 1, "背后": 1, "付出": 1, "能力": 1, "天生": 1, "学习": 1, "提升": 1, "任正非": 13, "三": 1, "孩子": 1, "姓氏": 1, "女儿": 2, "孟晚舟": 1, "熟悉": 1, "妻子": 2, "跟随": 3, "母亲": 2, "姓": 3, "副董事长": 1, "、": 38, "CFO": 1, "儿子": 3, "任平": 4, "父亲": 2, "低调": 2, "不显山不露水": 1, "姚安娜": 1, "总和": 1, "第二": 1, "姚凌": 1, "青春": 1, "靓丽": 1, "哈佛": 1, "读": 1, "大学": 3, "外国": 2, "专家": 2, "对谈": 3, "数字": 3, "主权": 3, "回应": 3, "华盛顿": 1, "特朗普": 1, "对话": 5, "10月": 1, "下午": 1, "深圳": 1, "总部": 1, "举办": 1, "第三": 1, "期": 1, "咖啡": 2, "活动": 1, "邀请": 1, "智能": 1, "工厂": 1, "工业": 2, "4.0": 1, "精神": 1, "父": 1, "德国": 1, "生产": 1, "自动化": 1, "教授": 1, "德特勒夫·齐尔克": 1, "联合国": 1, "安理会": 1, "主席": 1, "新加坡": 1, "国立": 1, "李光耀": 1, "公共": 1, "政策": 1, "学院": 1, "创始": 1, "院长": 1, "马凯硕": 1, "创始人": 1, "心声": 1, "社区": 1, "7日": 1, "此次": 1, "全文": 2, "环球网": 1, "稍作": 1, "删减": 1, "实录": 1, "摘录": 1, "链接": 2, "点击": 1, "...": 1, "危机": 3, "客户": 4, "到访": 3, "食堂": 3, "吃": 2, "起肉": 1, "增进": 1, "契机": 1, "增加": 2, "69%": 1, "班车": 1, "上下车": 1, "吃饭": 1, "O视频": 1, "|": 2, "肉L": 1, "新京报": 1, "秒拍": 3, "五环短": 1, "L五环": 1, "短": 1, "311/365": 1, "口袋": 1, "日常": 1, "记录": 1, "ShotonHUAWEIMate30Pro2": 1, "香港": 1, "报道": 3, "罕见": 3, "谈及": 3, "L燃": 1, "新闻": 1, "家人": 1, "接班人": 1, "不行": 1, "据悉": 1, "名": 1, "旗下": 1, "主管": 1, "商务": 1, "接待": 1, "培训": 1, "惠通": 1, "难得": 1, "颇": 1, "风格": 1, "外界": 1, "消息": 3, "杀入": 1, "地产圈": 1, "实际上": 2, "购地": 1, "实体": 1, "进军": 1, "房地产业": 1, "建设": 1, "厂区": 1, "职工": 1, "宿舍": 1, "李召军": 1, "正能量": 1, "越南": 1, "代言人": 1, "感受": 2, "头条": 1, "文章": 1, "高度": 4, "": 1, "财经": 2, "每日": 1, "必读": 1, "季": 1, "周四": 1, "区块链": 1, "+": 1, "/": 4, "主板": 1, "缩量": 1, "回踩": 2, "企稳": 1, "明日": 3, "预设": 1, "再度": 2, "冲击": 1, "3010": 1, "压力": 1, "观察": 2, "成交量": 2, "放大": 1, "强势": 2, "股": 1, "接力": 1, "亏": 1, "效应": 2, "减缓": 1, "四方": 1, "精创": 1, "当代": 1, "东方": 1, "情绪": 1, "标杆": 1, "空间板": 1, "5板": 1, "首板": 2, "数量": 1, "反弹": 1, "风险": 1, "偏好": 1, "包板": 1, "1": 1, "涨停板": 1, "套利": 2, "优": 1, "策略": 1, "盘中": 1, "吸": 1, "主线": 1, "板块": 3, "人气股": 2, "超跌股": 1, "轮动": 1, "吸富": 1, "一生": 1, "科创板": 1, "端次": 2, "活跃": 1, "迹象": 1, "重点": 3, "关注": 1, "鸿泉物联": 1, "安恒": 1, "信息": 1, "新股": 1, "恢复": 1, "内": 1, "超跌": 1, "方向": 1, "O量": 1, "国家": 3, "出手": 2, "666": 1, "5G": 4, "用上": 1, "6G": 6, "就要": 1, "发展": 2, "央视": 1, "3日": 1, "科技部": 1, "会同": 1, "改革委": 1, "教育部": 1, "信息化": 1, "中科院": 1, "自然科学": 1, "基金委": 1, "北京": 1, "组织": 1, "研发": 2, "启动会": 1, "开发": 1, "并行": 1, "规模化": 1, "远": 2, "对此": 1, "消费者": 1, "业务": 3, "余承东": 1, "估计": 1, "10年": 1, "研究": 2, "商用": 1, "阶段": 1, "O网页": 1, "苹果": 2, "对比": 1, "第1": 1, "原始": 1, "状态": 1, "部署": 1, "第2": 1, "直播间": 1, "走": 1, "带": 2, "跑": 2, "跳": 1, "100": 1, "画面": 2, "第3": 1, "坐": 1, "座位": 1, "停": 1, "分钟": 3, "韩国": 3, "涉外": 3, "婚姻": 4, "女婿": 1, "吃香": 1, "统计厅": 2, "占": 2, "新郎": 3, "占比": 2, "公布": 1, "调查": 1, "数据": 1, "显示": 1, "2018年": 1, "人数": 1, "持续": 1, "增长": 1, "全年": 1, "结婚": 1, "登记": 1, "总量": 1, "百": 1, "夫妻": 1, "9": 1, "跨国": 1, "中国籍": 1, "9.2%": 1, "位居": 1, "外籍": 1, "服": 2, "哈哈哈哈": 1, "神仙": 1, "剧情": 1, "5万": 1, "现金": 1, "iPhone11": 1, "Mate20": 1, "X": 1, "(": 1, ")": 1, "MacbookPro13": 1, "1亿欢乐豆": 1, "Adidas": 1, "椰子": 1, "鞋": 1, "…": 3, "好多": 1, "大奖": 1, "抽": 1, "宠粉": 2, "嘉年华": 1, "宠": 1, "大手笔": 1, "L": 1, "嘉年​": 1, "大气": 1, "打压": 1, "计划": 1, "捐赠": 1, "3亿": 1, "美元": 1, "学术": 1, "国界": 1, "眼中": 1, "斜杠": 1, "青年": 1, "模特": 1, "VLOGGER": 1, "健身": 1, "达人": 1, "这次": 2, "WatchGT#2": 1, "都市": 1, "探索者": 1, "训练": 1, "理念": 1, "方式": 1, "适合": 1, "只管": 1, "探寻": 1, "阿华": 1, "灵魂": 1, "小伙伴": 1, "Mate30": 1, "系列": 1, "AI隔空": 1, "操控": 1, "姿势": 1, "功能": 1, "有用": 1, "L华": 1, "终端": 1, "官方": 2, "实力": 2, "渐渐": 2, "国际": 2, "认可": 2, "近期": 2, "5g": 2, "旗舰机": 2, "天猫": 2, "首发": 2, "色": 2, "售罄": 2, "市场": 3, "期待": 2, "可见一斑": 2, "高管": 1, "董事长": 3, "前瞻性": 3, "运营商": 2, "首席": 1, "技术官": 2, "PaulScanlan": 1, "2019": 1, "财富": 1, "全球": 2, "谈到": 1, "转让": 1, "专利": 1, "太": 3, "在意": 1, "份额": 1, "供应链": 2, "环节": 1, "贸易": 1, "O华": 1, "搞": 1, "要点": 1, "就算": 2, "腾讯": 2, "阿里": 2, "有人": 1, "996": 6, "过劳死": 2, "掀起": 1, "瑞金": 2, "医院": 3, "滔天": 1, "批判": 1, "浪潮": 1, "Why": 1, "体系": 1, "本质": 2, "BAT": 3, "的确": 1, "干": 2, "狗": 1, "给到": 1, "超过": 1, "同行": 2, "超": 1, "闭嘴": 1, "猛烈": 1, "大棒": 1, "高高": 1, "举起": 1, "一头": 1, "糖": 1, "圆": 1, "香": 1, "甜": 1, "概率": 1, "出离": 1, "愤怒": 2, "底层": 1, "拼搏": 1, "再996": 1, "不好意思": 1, "参加": 1, "同学": 1, "聚会": 1, "白粉": 1, "心白菜": 1, "日复一日": 1, "活": 1, "雷锋": 1, "赌": 1, "将来": 2, "熬": 4, "出头": 3, "媳妇": 1, "成婆": 1, "主治": 1, "主任": 1, "往上": 1, "屌": 1, "天天": 1, "Dior": 1, "飞扬": 1, "跋扈": 1, "随意": 1, "差遣": 1, "资源": 1, "渠道": 1, "轻松": 1, "建立": 1, "倒贴": 1, "上门": 1, "这话": 1, "郑": 1, "正但": 1, "实话": 1, "在于": 1, "向上": 1, "通道": 1, "实在": 1, "收": 1, "狭": 1, "太尖": 1, "一将功成万骨枯": 1, "路数": 1, "保证": 1, "KPI": 2, "潜规则": 1, "潜路数": 1, "包括": 1, "限于": 1, "讨好": 1, "迎合": 1, "奉承": 1, "贿赂性": 1, "贿赂": 1, "宫斗": 1, "排挤": 1, "合纵连横": 1, "新年": 1, "庙": 1, "敲头钟": 1, "般的": 1, "运气": 1, "叵测": 1, "成功率": 1, "成功": 2, "一辈子": 1, "退休": 1, "不得不": 1, "忍受": 1, "成功者": 1, "遭受": 1, "创伤": 1, "痛快": 1, "痛苦": 1, "氛围": 1, "硬核": 1, "不用": 1, "背景": 1, "死去": 1, "情感": 1, "当事者": 1, "家庭": 1, "感到": 2, "极端": 1, "侮辱": 1, "委屈不平": 1, "公众": 1, "既有": 1, "代入感": 1, "悲哀": 1, "好像": 1, "这一切": 2, "原因": 2, "我国": 1, "话题": 2, "触动": 1, "心弦": 1, "人间": 1, "一句话": 1, "患": 1, "寡患不均": 1, "患寡": 1, "不均": 1, "本身": 1, "毫无": 1, "亚马逊": 1, "简单": 2, "人生": 1, "赢家": 1, "YellowIntimacyCountry": 1, "Relative": 1, "明白": 1, "自然": 1, "事情": 1, "究竟": 1, "WatchGT2": 1, "开箱": 1, "手表": 1, "家里人": 1, "正好": 1, "玩玩": 1, "线": 2, "好几": 1, "店里": 1, "发现": 1, "随便": 1, "一块": 1, "十一线": 1, "减": 1, "50": 1, "元": 1, "十一": 1, "天才": 1, "发货": 1, "线下": 1, "橙色": 2, "卖": 1, "黑色": 1, "好看": 1}