{"感动": 7, "！": 7, "13": 15, "岁": 30, "少年": 16, "卖": 11, "画救": 8, "患癌": 7, "姑姑": 30, "重庆": 6, "思汗": 27, "父母": 7, "离异": 6, "托付": 6, "33": 6, "何建华": 21, "抚养": 8, "照顾": 7, "侄子": 7, "放弃": 10, "成家": 10, "如今": 7, "癌症": 8, "复发": 7, "病情": 6, "不容乐观": 6, "热爱": 6, "绘画": 12, "救治": 8, "中心": 7, "门外": 6, "挥毫": 7, "泼墨": 7, "筹款": 6, "治病": 6, "愿望": 6, "活": 6, "两三": 6, "长大": 7, "希望": 8, "伯乐": 6, "发现": 6, "才能": 6, "北京": 4, "青年报": 3, "O网页": 2, "链接": 4, "近日": 1, "沙区": 1, "小龙坎": 1, "重庆市": 1, "公共": 1, "卫生": 1, "医疗": 1, "寒风": 1, "卖画": 1, "挣钱": 1, "↓↓": 2, "据悉": 2, "1": 1, "离婚": 1, "丢给": 1, "↓": 1, "卖掉": 1, "字画": 1, "O13": 1, "L正能量": 1, "News": 1, "秒拍": 5, "视频": 10, "一批": 1, "易烊": 12, "千玺": 3, "18": 1, "成年": 1, "生日": 1, "华为": 42, "手机": 16, "制作": 1, "壁纸": 2, "好好": 1, "学习": 1, "帅": 1, "极点": 1, "图片": 1, "大佬": 1, "千玺粉们": 1, "喜欢": 2, "款": 2, "适合": 1, "全屏": 1, "(": 1, "本人": 1, "有限": 1, "测试": 1, "状况": 1, ")": 1, "​": 6, "O姑姑": 1, "侄儿": 1, "画": 1, "救姑": 1, "网友": 5, "拍照": 5, "翻译": 3, "功能": 5, "英文": 1, "现场": 1, "教学": 1, "360手机": 1, "好用": 1, "360": 1, "连接": 1, "服务器": 1, "成功": 1, "软件": 1, "调教": 1, "L": 2, "科技": 1, "圣斗士": 2, "广告": 8, "讽": 6, "苹果": 13, "：": 9, "这次": 9, "iPhone": 9, "埋": 8, "站": 3, "爽": 3, "全世界": 3, "众所周知": 3, "秘密": 3, "11月": 3, "28日": 3, "推特": 3, "发布": 4, "捧": 3, "华为式": 3, "最新": 4, "全程": 3, "西班牙语": 4, "选用": 3, "智利": 7, "著名": 3, "演员": 5, "黑粉": 3, "iPhone4": 4, "iPhone4S": 4, "@": 3, "梨视": 1, "频L": 1, "老板": 3, "联播": 3, "Mate20Pro": 7, "打开": 2, "头条": 1, "数码": 2, "页卡": 1, "四": 3, "条": 2, "新闻": 1, "1.": 1, "确认": 1, "开发": 1, "操作": 2, "系统": 1, ".": 2, "Mate20": 1, "隐藏": 1, "3": 1, "体验": 1, "4.": 1, "沦为": 1, "隐形": 1, "贫困": 1, "人口": 1, "专用": 1, "机头": 1, "匹配": 1, "算法": 1, "退": 1, "相得益彰": 1, "​​​": 2, "TA": 1, "晚安": 1, "小时候": 1, "、": 11, "阿拉蕾": 1, "七龙珠": 1, "珠格格": 1, "贴纸": 2, "贴满": 1, "童年": 1, "青空": 1, "爱豆": 1, "海报": 2, "占据": 2, "床头": 2, "书本": 1, "/": 1, "转评": 1, "小云": 1, "抽": 1, "送出": 1, "耳机": 1, "副": 1, "千": 10, "玺": 10, "回": 1, "学校": 1, "胖": 1, "虎": 1, "彩虹": 1, "屁": 1, "易": 1, "烊千玺": 1, "四千万": 1, "粉丝": 1, "福利": 1, "动作": 1, "干净利落": 1, "赏心悦目": 1, "烊": 1, "中戏": 2, "第一": 1, "yyqx帅": 1, "字": 1, "弟弟": 1, "nova": 1, "野兽派": 1, "千玺阿迪": 1, "爸爸": 1, "沙宣": 1, "BottegaVeneta": 1, "TFBOYS": 1, "​LTFBOYS": 1, "O": 2, "网页": 2, "": 1, "制造业": 1, "强国L": 1, "温暖": 1, "世间": 1, "青年": 1, "报O": 1, "俩": 1, "公司": 1, "发展": 1, "路线": 1, "定位": 1, "都": 5, "只不过": 1, "熟悉": 1, "业务": 3, "技术": 3, "出身": 1, "通信": 1, "起家": 2, "确实": 3, "靠着": 1, "通讯": 1, "国际": 1, "很": 3, "市场": 2, "份额": 1, "研发": 2, "实力": 2, "不容小觑": 1, "小米": 5, "本质": 1, "互联网": 3, "企业": 1, "旨在": 1, "打造": 1, "生态": 2, "入口": 1, "环": 1, "重点": 1, "单纯": 1, "硬件": 1, "服务": 3, "储备": 1, "刚": 1, "一个": 2, "大众": 1, "日常": 1, "必需品": 1, "关系": 1, "产品": 1, "实话": 1, "旗舰机": 1, "国产": 1, "优秀": 1, "一点": 1, "毋庸置疑": 1, "无论站": 1, "挺": 2, "认真者": 1, "鼓掌": 1, "评价": 2, "首次": 1, "公布": 1, "核心": 1, "供应商": 1, "名单": 1, "爱股": 1, "P20": 2, "系列": 1, "自由": 1, "任性": 1, "屏手": 1, "势": 1, "这下": 1, "害": 1, "难": 1, "选择": 2, "前置": 1, "指纹": 1, "导航": 1, "手势键": 1, "升级": 4, "屏手势": 1, "全面屏": 1, "手势": 1, "方案": 1, "交互": 1, "逻辑": 1, "iPhoneX": 1, "太": 4, "差别": 1, "屏幕": 2, "滑": 3, "返回": 2, "一级": 1, "底部": 2, "主界面": 1, "边缘": 1, "停顿": 1, "多任务": 1, "界面": 1, "方法": 1, "EMUI": 1, "9.0一样": 1, "会员": 1, "找到": 1, "点击": 1, "尝鲜": 1, "下载": 1, "重启": 1, "疑似": 2, "畅享": 2, "9": 1, "曝光": 1, "型号": 1, "DUB-AL00": 1, "骁龙": 1, "450": 1, "处理器": 1, "720P": 1, "配置": 2, "杠上": 1, "发": 1, "讽刺": 3, "感觉": 1, "外国人": 1, "幽默": 1, "好像": 1, "懂": 1, "国外": 1, "社交": 1, "平台": 2, "启用": 1, "电视剧": 3, "针对": 1, "挖苦": 1, "超大广角": 2, "夜拍": 2, "本杰明": 2, "深夜": 2, "郊外": 1, "埋藏": 1, "东西": 1, "挖": 1, "诅咒": 1, "镜头": 1, "跳转": 1, "类似": 1, "截图": 1, "当作": 1, "一点点": 1, "露": 1, "外面": 1, "清晰": 2, "圆形": 1, "Home键": 1, "一旁": 1, "美女": 1, "赞赏": 1, "刚刚": 1, "杰明": 1, "埋葬": 1, "过程": 1, "拍": 2, "利用": 1, "宣传": 2, "邀请": 1, "一对": 1, "明星": 1, "拍摄": 2, "对话": 1, "基本上": 1, "主打": 1, "拉丁美洲": 1, "朋友": 1, "腾讯云": 1, "阿里云": 1, "百度": 1, "京东云": 1, "美团": 1, "……": 1, "价格": 1, "超值": 1, "？？？": 1, "只用": 1, "西部": 1, "评论": 1, "意外": 1, "超卖": 1, "经验": 1, "谢谢": 1}