{"TFBOYS六": 1, "周年": 1, "全新": 2, "EP": 1, "第一": 4, "告白": 2, "同名": 1, "主打曲": 1, "上线": 1, "喜马拉雅": 1, "慰藉": 1, "音": 1, "华为": 50, "nova": 3, "翩翩": 1, "少年": 5, "长安": 1, "百姓": 1, "守护": 2, "神": 1, "意气": 1, "小北": 1, "六": 1, "载": 1, "终究": 1, "定义": 1, "易烊": 3, "千玺": 2, "@": 1, "TFBOYS": 2, "复古": 1, "年代": 1, "感穿": 1, "搭": 1, "​": 1, "千玺​": 1, "初遇": 1, "目光": 1, "交错": 1, "顷刻间": 1, "电石": 1, "火花": 1, "8月": 5, "7日": 2, "nova5": 2, "Pro星": 2, "耀": 2, "限定": 2, "礼盒": 2, "甜蜜": 1, "开售": 2, "！": 10, "橙": 1, "热恋": 1, "七夕": 2, "错过": 2, "快": 1, "评论区": 1, "分享": 2, "心动": 1, "瞬间": 1, "~": 2, "L华": 3, "终端": 3, "官方": 3, "视频": 10, "​​​": 2, "nova星": 1, "定制": 1, "礼物": 1, "吸引": 3, "准时": 1, "L": 3, "​": 18, "明星": 1, "都": 6, "取代": 1, "iPhone": 1, "这是": 1, "为啥": 1, "大猴": 1, "嘈嘈": 1, "急雨": 1, "小猴": 1, "切切": 1, "私语": 1, "雨林": 2, "猴群": 1, "聊": 1, "云动物": 1, "语言": 4, "翻译师": 4, "告诉": 1, "三": 1, "华为云": 2, "项目": 1, "开设": 1, "岗位": 2, "——": 1, "动物": 5, "百里挑一": 1, "爱心": 1, "交流": 1, "大使": 1, "9月": 2, "HC2019": 1, "联接": 1, "大会": 1, "奉上": 1, "惊喜": 1, "中国": 6, "公交": 1, "秘书声": 1, "援": 1, "即日": 1, "停止": 1, "苹果": 2, "用户": 1, "开放": 1, "服务": 2, "直至": 1, "制裁": 1, "解除": 1, "为止": 1, "此举": 1, "美国": 25, "芯片": 5, "巨头": 3, "淡定": 2, "日本": 1, "媒体": 4, "报道": 7, "称": 4, "高通": 2, "7月": 2, "31日": 1, "发布": 4, "业绩": 1, "预期": 1, "2019年": 3, "营业": 1, "收入": 1, "上年": 1, "同期": 1, "最多": 1, "下降": 1, "26%": 1, "智能": 4, "手机": 8, "半导体": 2, "销量": 1, "减少": 1, "自主": 3, "生产": 1, "公司": 4, "市场": 14, "份额": 12, "面临": 1, "压力": 1, "加大": 1, "O华": 1, "为此": 1, "利好": 1, "：": 14, "肯德基": 1, "+": 11, "茅台": 1, "防守": 1, "猪": 1, "黄金": 2, "军工": 1, "种子": 1, "稀土": 2, "进攻": 1, "券商": 2, "5G": 2, "云+": 1, "系统": 1, "网安": 1, "辣": 1, "鸡​": 1, "强大": 1, "对面": 1, "店情": 1, "何以": 1, "堪": 1, "走心": 1, "L笑": 1, "沙雕": 1, "恋爱": 1, "定律": 1, "新招": 1, "玩出": 1, "引力": 1, "甜蜜期": 1, "情侣": 1, "不妨": 1, "试": 1, "大胆": 1, "畅快": 1, "游玩": 1, "玩闹": 1, "相互": 1, "5": 1, "秒拍": 4, "Mate20X5G": 1, "版": 1, "技术": 1, "独立": 1, "更进一步": 1, "硬件": 2, "相关": 2, "四": 1, "闪存": 1, "美光": 1, "功放": 2, "Qorvo": 2, "、": 5, "skyworks": 2, "WIFI": 2, "博通": 2, "海思": 4, "自研": 3, "准确": 1, "一点": 1, "4G": 1, "版本": 1, "变化": 2, "地方": 1, "功夫": 1, "增加": 2, "代工": 3, "台湾": 1, "稳懋": 1, "也就是说": 1, "唯一": 1, "供应商": 1, "企业": 4, "神奇": 2, "Mate20": 1, "系列": 4, "款": 1, "P30": 1, "条": 1, "信息": 1, "一个": 3, "可不": 1, "依赖": 2, "器件": 1, "角度": 1, "总和": 1, "产业链": 2, "毕竟": 1, "朋友": 2, "路": 1, "走": 1, "；": 1, "绝大多数": 1, "很": 1, "毛病": 1, "群": 1, "冷战": 1, "思维": 1, "死而不僵": 1, "政客": 1, "讲话": 1, "实锤": 1, "当年": 1, "搞": 2, "小米": 2, "成立": 1, "荣耀": 2, "想到": 1, "北大": 2, "光华": 3, "教授": 3, "任正非": 4, "创办": 2, "早期": 2, "员工": 3, "学习": 1, "阿庆嫂": 3, "张志学": 2, "全国": 1, "文化": 1, "年会": 1, "成功": 1, "得益": 1, "创始人": 1, "经历": 1, "同一个": 1, "时代": 1, "人中": 1, "较为": 1, "少见": 1, "人生": 1, "砺炼": 1, "沙家浜": 1, "客户": 1, "客": 1, "O北大": 1, "早年": 1, "时期": 1, "学": 1, "外媒": 2, "汇丰": 2, "银行": 2, "CEO": 2, "辞职": 2, "路透社": 1, "消息": 2, "原因": 2, "弗林特": 1, "董事长": 1, "塔克": 1, "业务": 2, "分歧": 2, "并未": 1, "提及": 1, "首席": 3, "财务官": 1, "孟晚舟": 1, "加拿大": 1, "被捕": 1, "事件": 1, "环球": 1, "时报": 1, "年底": 1, "鸿蒙": 1, "OS": 1, "售价": 1, "2000": 1, "元": 1, "目的": 1, "消费者": 1, "开发者": 1, "买": 2, "明天": 1, "P30Pro": 1, "主力机": 1, "高管": 3, "喊话": 3, "白宫": 1, "想禁": 3, "禁": 5, "网络": 5, "L老板": 1, "联播": 3, "头条": 1, "文章": 1, "归来": 3, "": 1, "财经": 1, "每日": 1, "必读": 1, "赚钱": 2, "季": 1, "周一": 1, "科": 1, "创板": 3, "/": 3, "科技股": 3, "出口": 1, "外销": 1, "永磁": 1, "概念": 3, "主板": 1, "缩量": 1, "下跌": 1, "预设": 3, "明日": 5, "止跌": 1, "反弹": 1, "盘整": 2, "五日": 1, "线": 1, "反压": 1, "观察": 5, "成交量": 1, "放大": 2, "强势": 1, "股": 1, "接力": 2, "效应": 1, "恢复": 1, "美格": 1, "银河": 1, "磁体": 1, "非科": 1, "情绪": 2, "标杆": 2, "短期": 1, "空间板": 1, "高度": 1, "不宜": 1, "追涨": 1, "高位板": 1, "不少": 2, "风票": 1, "地板": 1, "摩擦": 1, "关注": 1, "盘中": 1, "逆市": 1, "标的": 2, "低": 1, "吸富": 1, "一生": 1, "科创板": 3, "今日": 2, "高位": 2, "震荡": 1, "龙头沃尔德": 1, "板块": 2, "重点": 1, "新光": 1, "光电": 1, "睿创": 1, "微纳": 1, "交控": 1, "科技": 2, "瀚川": 1, "福光": 1, "股份": 1, "航天": 1, "宏图": 1, "铂力特": 1, "活跃": 1, "品种": 1, "挖掘": 1, "低位": 2, "轮动": 1, "补涨": 1, "资金": 1, "追高": 1, "意愿": 1, "迎来": 1, "调整": 1, "清洗": 1, "浮筹": 1, "耐心": 1, "狩猎": 1, "Ps": 1, "历尽": 1, "千": 1, "帆": 1, "O": 1, "长话短说": 1, "翻译": 2, "据说": 1, "姐姐": 1, "700多": 1, "份": 1, "简历": 1, "挑": 1, "入职": 1, "工作": 1, "听雨": 1, "声音": 1, "听": 1, "挺": 1, "智慧": 1, "得知": 1, "猴": 1, "🐒": 1, "不禁": 1, "陷入": 1, "沉思​": 1, "交恶伟": 2, "创力": 2, "裁员": 3, "超": 3, "列入": 1, "实体": 1, "清单": 1, "美资": 1, "伟创力": 1, "缩减": 1, "长沙": 1, "珠海": 1, "产线": 1, "停产": 1, "工厂": 1, "万人O": 1, "知乎": 1, "瘾": 1, "TSMC": 1, "做手脚": 1, "发现": 1, "👉O": 1, "网页": 1, "链接": 1, "近日": 1, "开除": 2, "名": 1, "华裔": 1, "士兵": 1, "竟然": 1, "爷爷": 1, "参加": 1, "解放军": 2, "理由": 1, "够雷人": 1, "使命": 1, "解放": 2, "米国": 1, "紧张兮兮": 1, "试想": 1, "越战": 1, "朝鲜": 1, "战争": 1, "后代": 1, "公知": 1, "答应": 1, "龙头": 2, "报告": 1, "抬头": 1, "抗跌": 1, "借科": 1, "由头": 1, "利润": 1, "支撑": 1, "跌": 1, "有底": 1, "照片": 1, "大学": 1, "同学": 1, "女孩": 1, "住": 1, "赤峰市": 1, "松山区": 2, "身高": 1, "165": 1, "cm": 1, "年龄": 1, "27": 1, "岁": 1, "3日": 1, "晚8点": 1, "松城": 1, "家园": 1, "散步": 1, "至今": 1, "未": 1, "家人": 3, "报警": 1, "监控": 1, "拍到": 1, "进英金": 1, "公园": 2, "其后": 1, "内": 1, "失踪": 1, "出门": 1, "身上": 1, "带有": 1, "串": 1, "钥匙": 3, "灰色": 1, "熊": 1, "扣": 1, "公安": 1, "介入": 1, "调查": 1, "焦急": 1, "万分": 1, "请": 1, "提供": 1, "线索": 1, "重谢": 1, "电话": 1, "吴": 1, "187-4766-3531/134-8476-5529": 1, "蔡": 1, "程昱": 1, "「": 1, "心中": 1, "野兽": 1, "肆意": 1, "疯长": 1, "念头": 1, "」": 1, "——————————————": 1, "2019.8.5": 1, "湖南": 1, "卫视": 1, "宣传片": 1, "正式": 1, "录制": 1, "效果": 1, "修生": 1, "调亮": 1, "昨天": 1, "加糊": 1, "随便": 1, "高糊": 1, "挡": 1, "不住": 1, "昱": 1, "美貌": 1, "点心": 4, "2日": 2, "官安迪": 2, "接受": 2, "采访": 2, "措施": 2, "盟友": 2, "很多": 2, "选择": 3, "拒绝": 2, "禁止": 2, "建议": 2, "澳大利亚": 2, "想": 2, "禁华": 2, "老板": 2, "Vol.100": 1, "上海": 1, "ChinaJoy": 1, "体验": 1, "探展": 1, "有趣": 1, "东西": 1, "游戏": 1, "行业": 1, "云计算": 1, "赋能": 1, "未来": 1, "肯定": 1, "发生": 1, "革命性": 1, "期待": 2, "不凡": 1, "L传奇": 1, "学长": 1, "​O": 1, "抽奖": 1, "详情": 1, "调研": 1, "机构": 1, "CounterPoint": 1, "Q2": 1, "国内": 1, "出货量": 12, "情况": 1, "①": 1, "包含": 1, "3520万": 1, "台": 11, "36%": 1, "同比": 10, "增长": 4, "23%": 1, "②": 1, "OPPO": 1, "1870万": 1, "19%": 2, "下滑": 6, "7%": 1, "③": 1, "vivo": 1, "1850万": 1, "5%": 1, "④": 1, "1150万": 1, "12%": 1, "15%": 1, "⑤": 1, "590万": 1, "6%": 2, "29%": 1, "⑥": 1, "三星": 1, "80万": 2, "1%": 3, "⑦": 1, "魅族": 1, "62%": 1, "⑧": 1, "一加": 1, "60万": 1, "77%": 1, "⑨": 1, "中兴": 1, "30万": 2, "四舍五入": 2, "0%": 2, "13%": 1, "⑩": 1, "联想": 1, "45%": 1, "Other": 1, "阵营": 1, "540万": 1, "61%": 1, "Mate30Pro": 1, "屏幕": 1, "玻璃": 2, "不再": 1, "康宁": 1, "大猩猩": 1, "改为": 1, "研发": 1, "AirGlass": 2, "近期": 1, "专利": 1}