{"任正非": 13, "：": 27, "华为": 139, "全世界": 9, "招天": 1, "才": 1, "少年": 12, "未来": 5, "创造": 3, "标准": 12, "6月": 9, "27日": 8, "内部": 6, "心声": 3, "社区": 5, "挂出": 3, "创始人": 3, "、": 23, "CEO": 2, "20日": 4, "公司": 44, "EMT": 3, "经营": 2, "管理": 1, "团队": 1, "讲话": 3, "称": 5, "招进": 6, "20-30": 3, "名": 7, "天才": 11, "明年": 3, "想": 3, "世界": 15, "200-300": 3, "‘": 3, "泥鳅": 3, "’": 3, "钻活": 3, "组织": 7, "激活": 3, "队伍": 3, "拖": 1, "往前": 1, "走": 1, "做成": 1, "先进": 1, "别人": 1, "都会": 1, "靠拢": 1, "O": 4, "招揽": 5, "济南": 1, "感受": 1, "DigiX": 1, "数字": 1, "生活节": 1, "魅力": 1, "@": 10, "终端": 5, "服务": 1, "(": 3, "Ps": 1, "入手": 1, "台": 5, "千玺哥": 1, "TFBOYS": 1, "易烊": 1, "千": 1, "玺": 1, "代言": 1, "nova5": 1, "开心": 2, "❤️": 3, ")": 3, "​": 12, "发布": 18, "知识": 71, "产权": 68, "白皮书": 22, "政治化": 11, "威胁": 5, "全球": 27, "技术": 22, "创新": 41, "有限": 3, "高级": 3, "副总裁": 3, "首席": 8, "法务官": 8, "宋柳平": 17, "基础": 8, "沦为": 7, "政客": 7, "工具": 7, "伤害": 7, "专利": 33, "保护": 22, "制度": 7, "信心": 7, "政府": 10, "选择性": 9, "剥夺": 10, "摧毁": 10, "根基": 10, "分享": 10, "5G": 17, "成果": 10, "展厅": 1, "矿山": 1, "远程": 1, "挖机": 1, "司机": 1, "师傅": 1, "将来": 1, "空调房": 1, "操作": 10, "不再": 1, "遭罪": 1, "上海": 4, "·": 1, "国际": 3, "博览": 1, "中心": 1, "L奥卡姆": 1, "剃刀": 1, "视频": 17, "美国": 30, "拟": 2, "立法": 8, "承认": 2, "上午": 2, "呼吁": 7, "勿": 6, "此前": 3, "报道": 4, "参议员": 4, "卢比奥": 4, "提出": 4, "禁止": 4, "法院": 2, "企业": 5, "索要": 2, "专利费": 2, "数据": 3, "显示": 2, "2015年": 3, "收入": 3, "累计": 8, "超过": 7, "14亿": 3, "美元": 5, "记者": 4, "戴": 2, "铠": 2, "亦": 2, "马思": 2, "剑桥": 6, "教授": 6, "收专": 2, "利费": 2, "一家": 3, "外国": 2, "深圳": 6, "发布会": 9, "期间": 2, "播放": 3, "段": 3, "第三方": 3, "学者": 3, "证言": 3, "讲述": 3, "大学": 4, "贾吉商": 2, "学院": 2, "Peter": 2, "Williamson": 2, "400多": 3, "制定": 3, "交叉": 6, "许可": 9, "协议": 2, "联盟": 2, "开源": 15, "阻止": 2, "行使": 2, "实施": 3, "...": 2, "辩论": 2, "实事求是": 2, "基于": 2, "情感": 2, "政治": 2, "权宜之计": 2, "视": 1, "频L": 1, "秒拍": 7, "拥有": 1, "87805": 4, "项": 8, "中国": 10, "总部": 4, "份": 4, "名为": 3, "尊重": 8, "知识产权": 7, "必由之路": 7, "透露": 1, "截至": 3, "2018年": 6, "授权": 8, "11152": 3, "对外": 2, "支付": 3, "60亿": 2, "费用": 2, "合法": 2, "80%": 2, "外媒": 2, "绕开": 2, "禁令": 2, "供货": 1, "美光": 1, "科技": 2, "恢复": 2, "芯片": 6, "出货": 1, "预计": 1, "需求": 1, "下半年": 1, "股价": 1, "大涨": 1, "英特尔": 1, "微软": 1, "承诺": 1, "设备": 1, "提供": 1, "软件": 1, "更新": 1, "支持": 3, "制造商": 1, "找到": 1, "方法": 1, "出售": 1, "产品": 3, "老板": 7, "联播L": 3, "联播": 4, "周鸿祎": 9, "建议": 9, "鸿蒙": 9, "参与": 9, "打造": 9, "首届": 3, "2019": 5, "南京": 4, "大会": 6, "方式": 4, "开发": 5, "系统": 14, "安卓": 4, "IT": 4, "产业": 13, "互联网": 5, "一个": 7, "生态": 8, "人人": 3, "人人为我": 3, "谈": 2, "手机": 7, "厂商": 5, "26日": 1, "360": 1, "集团": 1, "董事长": 1, "兼": 1, "机制": 1, "L五环": 1, "短": 1, "国防部": 3, "军方": 4, "背景": 2, "例行": 1, "记者会": 1, "针对": 1, "研究": 3, "人员": 1, "研发": 2, "新闻": 5, "发言人": 1, "任国强": 1, "学术": 1, "评论": 1, "众所周知": 1, "自主": 1, "发展": 5, "民营": 2, "5月底": 1, "初": 1, "新加坡": 2, "香格里拉": 1, "对话会": 1, "国防部长": 1, "魏凤": 1, "老总": 1, "军人": 1, "关系": 1, "环球": 1, "时报": 1, "环球网": 1, "郭媛丹": 1, "L": 2, "秩序": 3, "捍卫者": 3, "发表": 3, "国立": 1, "英国": 1, "知名": 1, "德克里默": 1, "构建": 1, "产权库": 1, "运动": 1, "份子": 1, "规范化": 1, "互通": 1, "光纤": 1, "联接": 1, "一部分": 1, "通信": 1, "日益": 1, "体现": 1, "经济": 1, "开拓者": 1, "这是": 1, "故事": 2, "核心": 4, "在于": 1, "发明": 1, "人类": 4, "智慧": 1, "偷窃": 1, "胜利": 1, "定义": 1, "L环球网": 1, "日报": 1, "产权部": 2, "部长": 2, "欧洲": 2, "数量": 2, "排": 3, "第2": 1, "第16": 1, "刚刚": 2, "提问": 2, "丁建新": 1, "介绍": 3, "排名": 1, "第二": 1, "第十六": 1, "开放": 4, "合作": 6, "态度": 4, "公平": 3, "歧视": 3, "原则": 3, "运营商": 3, "商讨": 2, "4G": 4, "持有人": 2, "行业": 2, "消费者": 9, "30多": 3, "成功": 3, "包括": 3, "白瑜": 1, "孙": 1, "飞": 1, "P30": 4, "销售": 1, "一千万": 3, "打开": 1, "抽屉": 1, "真实": 1, "千玺": 1, "nova星": 1, "夸一": 1, "夸": 1, "NOVA": 1, "拍照": 2, "功能": 1, "米奇": 1, "心]": 1, "官方": 1, "大奖": 1, "揭晓": 1, "！": 8, "2019年": 1, "智能": 1, "硬件": 1, "质量": 1, "报告": 1, "公布": 1, "P30Pro": 1, "3500": 1, "元": 2, "档": 2, "综合": 2, "评测": 4, "第一": 2, "专题": 2, "五星": 2, "游戏": 1, "；": 1, "畅享": 1, "9S": 1, "1500": 1, "详情": 1, "请戳": 1, "↓": 1, "投入": 1, "早": 1, "2009年": 1, "商用": 1, "元年": 1, "启动": 1, "年间": 1, "网络": 1, "五": 1, "领域": 2, "全方位": 1, "端": 2, "推出": 1, "模商": 1, "CPE": 1, "模全": 2, "网通": 2, "Balong5000": 1, "Mate20X5G": 1, "网证": 1, "探索": 1, "前沿": 1, "携手": 1, "伙伴": 1, "构筑": 1, "场景": 1, "体验": 1, "​​​": 1, "详细": 2, "实践": 1, "贡献": 2, "法律": 2, "私有": 1, "财产": 1, "程序": 1, "解决": 1, "纠纷": 1, "历程": 1, "案件": 1, "法庭": 2, "认定": 1, "恶意": 1, "窃取": 1, "判决": 1, "承担": 1, "赔偿": 1, "责任": 1, "众多": 1, "融入": 1, "3G": 1, "公开": 1, "宋": 2, "柳平": 2, "指出": 1, "国家": 1, "客户": 1, "购买": 1, "事实上": 1, "表达": 1, "立场": 2, "组合": 1, "武器化": 1, "技照": 1, "FRAND": 1, "讨论": 1, "持续": 1, "社会": 1, "价值": 1, "自有": 1, "重磅": 1, "圈": 1, "高下": 1, "立判": 1, "都": 2, "急": 1, "未": 1, "量产": 1, "麒麟": 1, "810": 1, "处理器": 1, "只字未提": 1, "实验室": 3, "宣传": 1, "2012": 2, "晒晒": 1, "百宝箱": 1, "依然": 1, "默默无闻": 1, "耕耘": 1, "…​": 1, "MWCSH2019": 1, "•": 2, "会上": 1, "交流": 1, "看法": 1, "消息": 1, "系列": 3, "上市": 2, "85": 2, "销量": 2, "突破": 3, "P20": 1, "提前": 1, "62": 1, "认可": 2, "硬": 1, "实力": 1, "证明": 1, "感谢": 2, "网友": 1, "买": 1, "MWC2019": 1, "现场": 1, "传来": 1, "佳讯": 1, "业务": 1, "产品线": 1, "总裁": 1, "华为何": 1, "刚": 1, "截止": 1, "1000万": 1, "信赖": 1, "负": 1, "期待": 1}