{"购买": 4, "折叠屏": 7, "手机": 6, "苹果": 7, "专利": 3, "5月": 8, "28日": 1, "美国": 43, "商标局": 1, "授予": 1, "用于": 1, "电子": 8, "设备": 7, "折叠": 1, "显示屏": 1, "此前": 4, "华为": 77, "三星": 1, "均": 3, "发布": 4, "旗下": 9, "对此": 2, "网友": 3, "视力": 1, "屏幕": 1, "；": 6, "很": 3, "鸡肋": 1, "折断": 1, "原因": 2, "留言区": 1, "讨论": 2, "CGTN": 10, "女": 16, "主播": 37, "刘欣": 20, "FOX": 13, "翠西": 12, "电视": 10, "交锋": 10, "应约": 3, "商业": 4, "频道": 3, "TrishRegan": 2, "美": 9, "贸易": 11, "相关": 9, "话题": 3, "场": 4, "公开": 7, "辩论": 8, "这是": 7, "中国": 32, "首次": 11, "正面": 4, "公平": 7, "、": 60, "知识产权": 5, "关税": 8, "发展中国家": 7, "地位": 6, "美方": 6, "国家": 14, "资本主义": 6, "长": 4, "16": 7, "分钟": 4, "对话": 9, "约辩": 4, "OCGTN": 3, "计算机": 5, "学会": 15, "发表": 4, "声明": 10, "：": 41, "暂时": 2, "中止": 2, "IEEE": 49, "通信": 5, "交流": 2, "合作": 3, "刚刚": 2, "@": 7, "CCF": 7, "不当": 1, "全文": 1, "惊悉": 1, "电气": 7, "工程师": 7, "(": 8, ")": 8, "CommunicationsSociety,ComSoc": 1, "日前": 1, "所属": 1, "刊物": 3, "主编": 2, "编委": 2, "发出": 1, "通知": 1, "禁止": 6, "员工": 9, "参加": 3, "审稿": 7, "学术": 13, "评价": 2, "活动": 5, "一个": 12, "开放": 6, "国际性": 2, "组织": 11, "信息": 3, "技术": 25, "领域": 2, "从业者": 1, "共同体": 3, "会员": 11, "世界各地": 1, "包括": 5, "此次": 2, "遗憾": 2, "ComSoc": 4, "竟": 3, "当地": 3, "法律": 2, "为由": 1, "违背": 1, "遵循": 2, "平等": 3, "非政治化": 1, "原则": 1, "准则": 1, "背离": 1, "倡导": 1, "价值观": 1, "使命": 1, "创新": 1, "卓越": 1, "造福": 1, "人类": 2, "fostertechnologicalinnovationandexcellenceforthe": 1, "benefitofhumanity": 1, "符合": 1, "标榜": 1, "愿景": 1, "目标": 1, "改善": 1, "环境": 5, "专业": 2, "人士": 2, "贡献": 1, "认可": 1, "全球": 7, "角落": 1, "必不可少": 1, "willbeessentialtotheglobaltechnicalcommunityandtotechnicalprofessional": 1, "severywhere,andbeuniversallyrecognized": 1, "forthecontributionsoftechnologyandoftechnicalprofessionalsinimprovingglobalconditions": 1, "保护": 7, "学者": 3, "角度": 1, "出发": 1, "措施": 1, "1.": 1, ";": 7, ".": 2, "建议": 2, "主办": 2, "会议": 7, "投稿": 4, "3": 4, "即刻": 1, "生效": 1, "2019年": 2, "30日": 8, "马来西亚": 13, "总理": 13, "永远": 4, "先进": 5, "尽可能": 8, "日本": 9, "东京": 3, "亚洲": 4, "未来": 3, "大会": 3, "马哈蒂尔": 8, "远远": 2, "超过": 2, "领先": 3, "很多": 2, "接受": 7, "情况": 3, "都": 12, "拥有": 3, "超级大国": 2, "微丢L": 1, "微丢": 1, "秒拍": 6, "视频": 13, "读懂": 3, "跨洋": 2, "对抗": 2, "傲慢": 2, "外媒": 1, "称": 4, "电视史": 1, "奇观": 1, "这次": 1, "戳": 1, "↓O": 1, "！": 9, "亮相": 2, "英": 3, "5G": 16, "直播": 12, "时间": 3, "周四": 2, "英国": 11, "广播": 2, "公司": 20, "BBC": 2, "网络": 2, "早间": 2, "节目": 4, "信号": 4, "电信": 2, "巨头": 3, "BT": 2, "EE": 4, "运营商": 4, "提供": 2, "主持人": 3, "激动": 2, "社交": 2, "媒体": 4, "账号": 2, "分享": 2, "幕后": 2, "花絮": 2, "镜头": 2, "对准": 2, "说道": 2, "支持": 3, "Vodafone": 2, "参与": 13, "建设": 3, "传言": 2, "层出不穷": 2, "事实": 2, "证明": 2, "机构": 3, "依旧": 2, "开启": 2, "时代": 2, "记者": 5, "韩宝仪": 1, "欧阳": 1, "雪": 2, "妍": 1, "L中报": 2, "中方": 6, "反制": 1, "商务部": 5, "华": 8, "外资": 4, "企业": 11, "合法": 5, "权益": 5, "发言人": 3, "高峰": 2, "回答": 6, "打压": 3, "报复": 3, "手段": 2, "政府": 5, "坚定不移": 2, "深化": 2, "改革": 2, "致力于": 2, "各类": 2, "打造": 2, "稳定": 2, "透明": 2, "预期": 2, "国际": 7, "一流": 2, "营商": 2, "央视": 5, "刘颖": 1, "力挺": 3, "敦促": 2, "全世界": 4, "实力": 2, "联合": 1, "通讯社": 1, "报道": 2, "第25": 1, "届": 1, "经济": 5, "研讨会": 1, "主题": 1, "演讲": 1, "利用": 1, "L时差": 1, "​": 8, "承认": 5, "华为人": 5, "论文": 5, "发": 3, "青年报": 1, "协会": 10, "简称": 3, "早晨": 1, "文官网": 1, "份": 3, "中英文": 2, "法规": 3, "公众": 2, "一部分": 2, "出版物": 2, "同行": 2, "评议": 2, "编辑": 4, "过程": 3, "合规": 2, "截至": 1, "北京": 4, "大学": 4, "清华大学": 1, "高校": 1, "就此": 3, "提出": 1, "抗议": 3, "O": 2, "日报": 1, "L但斌": 1, "……": 1, "国界": 1, "怒退": 1, "北大": 2, "教授": 4, "黑名单": 2, "科学家": 2, "忍": 2, "29日": 4, "下令": 1, "清理": 1, "审稿人": 4, "消息": 6, "关注": 1, "显示": 1, "InstituteofElectricalandElectronicsEngineers": 1, "封": 1, "邮件": 3, "期刊": 9, "杂志": 3, "科研": 1, "经费": 1, "曝光": 1, "学术圈": 1, "轩然大波": 1, "北京大学": 1, "科学技术": 1, "学院": 1, "张海霞": 3, "致信": 1, "主席": 4, "此举": 1, "远": 1, "超出": 1, "学术人": 1, "底线": 1, "做为": 1, "态度": 1, "申请": 1, "退出": 1, "所在": 2, "编委会": 1, "当天": 1, "环球": 1, "时报": 1, "专访": 1, "O怒": 1, "退": 1, "新闻": 5, "文字": 1, "内容": 1, "翠西·里根": 1, "表态": 3, "挺华": 1, "外交部": 3, "实话": 3, "公道": 3, "近日": 1, "马方": 1, "西方": 2, "生产": 1, "竞争力": 1, "产品": 1, "威胁": 1, "对手": 1, "陆慷": 1, "坦率": 1, "讲": 1, "希望": 1, "听一听": 1, "这位": 1, "资深": 1, "政治家": 1, "劝告": 1, "发展": 2, "摆": 1, "心态": 1, "从中": 1, "带来": 1, "互利": 1, "共赢": 1, "机遇": 1, "O马来西亚": 1, "挺": 3, "30秒": 1, "Trish": 1, "至少": 1, "三": 1, "插话": 1, "机会": 1, "明白": 1, "多么": 1, "！！！！": 1, "加油": 1, "再有": 1, "对面": 1, "朋友": 2, "网": 2, "？？？": 1, "清华": 6, "副教授": 7, "辞去": 7, "职务": 9, "刘奕群": 7, "斥责": 2, "做法": 2, "程序": 3, "中午": 1, "本科生": 1, "答辩": 1, "NTC": 1, "分会": 1, "惊闻": 1, "专家": 4, "评审": 2, "事件": 4, "发酵": 2, "国内": 2, "科学": 2, "澎湃": 3, "确认": 2, "承担": 2, "尽快": 2, "流程": 2, "辞掉": 2, "学生": 3, "O清华": 1, "L环球网": 1, "恢复": 4, "成员": 4, "资格": 4, "WiFi": 1, "联盟": 4, "蓝牙": 2, "JEDEC": 2, "SD": 1, "存储卡": 1, "SDA": 1, "行业": 3, "Wi-Fi": 1, "固态": 1, "电": 1, "今晨": 1, "16日": 1, "负责": 1, "执行": 1, "出口": 2, "管制": 2, "条例": 2, "美国商务部": 1, "工业": 1, "安全局": 1, "BIS": 1, "名单": 1, "违反": 1, "民事": 1, "刑事": 1, "处罚": 1, "罚款": 1, "监禁": 1, "纽约": 2, "注册": 1, "非政治性": 1, "非营利": 1, "遵守": 2, "地区": 1, "管辖权": 1, "内": 1, "义务": 1, "志愿者": 1, "全体": 2, "标准": 10, "行使": 1, "投票权": 2, "制定": 1, "提交": 1, "提案": 2, "限令": 1, "影响": 1, "轻微": 1, "社评": 2, "镜子": 4, "无所不用其极": 1, "最新": 1, "例子": 1, "总部": 4, "一家": 2, "民间": 1, "人员": 1, "稿件": 1, "编审权": 1, "迄今": 1, "为止": 1, "全方位": 1, "打击": 1, "表现": 1, "赤裸裸": 1, "专制": 1, "野蛮": 1, "凶狠": 1, "浮出": 1, "水面": 1, "负面": 1, "性格": 1, "清醒": 1, "看懂": 1, "引以为傲": 1, "相比": 1, "面目全非": 1, "外企": 1, "发布会": 1, "某种": 1, "遭受": 1, "O中方": 1, "6": 3, "犀利": 2, "提问": 2, "丨": 2, "汇总": 2, "1": 1, "谈判": 2, "发问": 3, "之间": 1, "达成": 1, "协议": 1, "带有": 1, "诚意": 1, "尊重": 1, "代表": 1, "贸易战": 1, "不利": 1, "问道": 4, "知识": 1, "产权": 1, "偷窃": 1, "伤害": 1, "刘欣反": 1, "问下": 1, "投资": 5, "意愿": 1, "问问": 1, "利润": 1, "丰厚": 1, "共享": 1, "刘": 2, "欣回": 1, "答道": 2, "学习": 1, "规则": 1, "付费": 1, "4": 1, "总体量": 1, "14亿": 1, "人口": 2, "人均": 4, "GDP": 2, "不及": 1, "六分之一": 1, "5": 1, "2016年": 1, "16%": 1, "商品": 2, "征收": 1, "9.9%": 1, "刘欣说": 1, "降低": 1, "想法": 1, "消费者": 1, "便宜": 2, "价格": 2, "买到": 2, "美国商": 1, "品": 1, "定义": 1, "欣解": 1, "释道": 1, "特色": 1, "市场经济": 1, "市场": 2, "发挥": 1, "主导": 1, "作用": 3, "国有": 1, "减少": 1, "控制": 1, "来源": 1, "CGTN）O": 1, "美女": 1, "工资": 2, "高达": 2, "70万": 2, "传华": 1, "项": 2, "条": 2, "O华": 2, "当选": 1, "79": 1, "国": 2, "高通": 8, "糟": 1, "GPP": 2, "深圳": 1, "第83": 1, "本次": 1, "全会": 1, "选举": 1, "候选人": 1, "GeorgMayer": 1, "EddyHall": 1, "情理": 1, "之中": 1, "话语权": 1, "长期": 1, "垄断": 1, "通讯": 1, "后起之秀": 1, "唯有": 1, "竞争": 3, "陌生": 1, "毕竟": 1, "3GPP": 1, "联想": 3, "个体": 1, "票": 2, "差": 1, "输掉": 1, "决定性": 1, "投给": 1, "换来": 1, "骂名": 1, "终于": 1, "前耻": 1, "任正非": 2, "2-3年": 1, "不用": 1, "L墨說": 1, "財經": 1, "L何天恩": 1, "难怪": 1, "使出": 1, "混身": 1, "解数": 1, "制裁": 1, "华为O": 1, "一百": 1, "企业家": 1, "站": 1, "百亿": 2, "松山湖": 2, "欧洲小镇": 4, "数万": 2, "研发者": 2, "工作": 3, "童话": 2, "重庆": 1, "渝帆": 1, "占地": 1, "面积": 2, "2000": 1, "亩": 1, "分为": 1, "十二": 1, "组团": 1, "牛津": 1, "温德米尔": 1, "卢森堡": 1, "布鲁日": 1, "弗里堡": 1, "勃艮第": 1, "维罗纳": 1, "巴黎": 1, "格拉纳达": 1, "博洛尼亚": 1, "海德尔堡": 1, "克伦诺夫": 1, "12": 1, "经典": 1, "建筑": 2, "126万": 1, "平方": 1, "团团": 1, "热榜": 1, "谈": 1, "大门": 1, "敞开": 1, "奉陪到底": 1, "①": 1, "史上": 1, "隔空": 1, "互怼": 1, "​​": 2, "②": 1, "锐评": 1, "封堵": 1, "十四亿": 1, "痴人说梦": 1, "③": 1, "澄清": 1, "未": 1, "断供": 1, "困难": 1, "高端": 1, "芯片": 1, "青春": 1, "声音": 1, "包裹": 2, "联邦": 7, "快递": 7, "误运": 1, "送": 1, "回应": 1, "本月": 1, "19日": 1, "20日": 1, "寄": 1, "件": 1, "转运": 2, "田纳西州": 1, "孟菲斯市": 1, "昨天": 1, "财经": 2, "电话": 2, "采访": 3, "负责人": 3, "重复": 1, "再次": 1, "单纯": 1, "失误": 2, "下达": 1, "指示": 1, "询问": 1, "名": 1, "作出": 1, "真的": 1, "展开": 1, "调查": 1, "始终": 1, "给出": 1, "质疑": 1, "收到": 1, "封口令": 1, "统一": 1, "L": 1, "酷燃": 1, "​​​": 1}