{"任正非": 43, "：": 35, "挖来": 5, "天才": 11, "少年": 9, "薪酬": 9, "谷歌": 12, "华为": 80, "入职": 9, "门槛": 4, "大学": 7, "一个": 7, "考试": 10, "系统": 41, "题目": 3, "才": 6, "面试": 4, "机会": 4, "世界": 10, "计算机": 4, "竞赛": 4, "金牌": 8, "工资": 4, "水平": 4, "5": 9, "倍": 7, "、": 22, "6": 4, "40": 4, "获得者": 4, "挖": 4, "一批": 4, "进来": 3, "明年": 3, "涌": 3, "来源": 1, "中国": 12, "基金报": 1, "南非": 27, "总统": 12, "美国": 23, "惩罚": 7, "嫉妒": 11, "超越": 8, "一家": 3, "名": 3, "公司": 14, "‘": 2, "’": 2, "这家": 2, "这是": 4, "拉马福萨": 8, "当地": 2, "时间": 3, "7月": 10, "5日": 4, "出席": 2, "场": 5, "公开": 2, "活动": 6, "讲话": 2, "正是": 2, "美": 9, "贸易": 3, "摩擦": 2, "背景": 4, "加紧": 2, "5G": 15, "网络": 6, "建设": 4, "当天": 2, "米德兰": 3, "数字": 4, "经济": 6, "峰会": 4, "贸易战": 2, "阻碍": 3, "发展": 3, "直言": 2, "争斗": 2, "出于": 2, "O": 8, "鸿蒙": 26, "速度": 13, "很": 10, "安卓": 20, "快": 15, "4日": 6, "创始人": 2, "接受": 9, "法国": 6, "观点": 7, "杂志": 7, "LePoint": 2, "采访": 6, "称": 5, "操作": 16, "MacOSX": 4, "延迟": 5, "小于": 5, "毫秒": 5, "承认": 4, "缺乏": 5, "程序": 3, "生态": 3, "体系": 2, "观察者": 1, "网": 1, "O网页": 1, "链接": 2, "​": 12, "仲夏": 1, "夜色": 2, "流光溢彩": 1, "nova5": 11, "系列": 7, "自拍": 7, "奇幻夜": 5, "前置": 1, "3200万": 1, "人像": 1, "超级": 4, "夜景": 2, "L华": 1, "终端": 1, "官方": 2, "秒拍": 5, "视频": 5, "白天": 1, "夜晚": 2, "动人": 1, "美景": 1, "！": 16, "举办": 2, "很多": 3, "时尚": 1, "达人们": 1, "参加": 1, "角度": 1, "体验": 3, "古风": 1, "诗意": 1, "美学": 1, "~​": 1, "易": 1, "烊": 1, "千": 3, "玺": 3, "❤️": 1, "千玺": 1, "nova星": 1, "骄阳": 1, "烈日": 1, "江水": 1, "绵延": 1, "轻轨": 1, "呼啸": 1, "绿树": 1, "掩映": 1, "红衣": 1, "人儿": 1, "赴约": 1, "至此": 1, "朵朵": 1, "俏": 1, "重庆": 2, "时代": 1, "天街": 1, "B馆": 1, "授权": 4, "体验店": 2, "携华": 1, "盛夏": 1, "来临": 1, "贴心": 1, "输送": 1, "剂": 1, "清凉": 1, "甘洌": 1, "山城": 1, "新鲜": 1, "百变": 1, "白昼": 1, "热情": 2, "火耿直辣": 1, "夜幕城": 1, "依山傍水": 1, "清风": 1, "徐徐": 1, "沁人": 1, "甜": 1, "有趣": 1, "学堂": 1, "带领": 1, "探索": 1, "酷潮": 1, "快乐": 1, "彩绘": 1, "涂鸦": 1, "画出": 1, "带": 2, "回家": 1, "安逸": 1, "午后": 1, "落地": 1, "窗边": 1, "笔": 1, "画": 2, "一心一意": 1, "置身": 1, "面对": 1, "代言": 1, "心动": 1, "偷乐": 1, "感谢": 2, "邀请": 1, "到场": 1, "渝鹤": 1, "参与": 1, "期待": 2, "相遇": 1, "今夜": 2, "梦": 1, "@": 1, "TFBOYS": 1, "易烊": 1, "国际": 1, "接吻日": 1, "今日": 2, "示爱": 1, "对象": 4, "我家": 1, "可爱": 1, "分享": 1, "你家": 1, "小主": 1, "戳": 1, "评论区": 1, "P30": 1, "作品": 3, "征集": 1, "第一": 2, "颐和园": 3, "幸运": 1, "哈哈哈哈": 1, "嘚瑟": 1, "年轻": 1, "多元": 1, "夜拍": 2, "创作": 1, "实验": 1, "小杨": 1, "全程": 1, "走": 1, "拍": 2, "拍到": 1, "停": 1, "款": 1, "手机": 6, "真的": 2, "景美人": 1, "好看": 3, "太": 3, "太太": 1, "酷炫": 1, "政府": 4, "律师": 2, "禁华": 1, "证据": 2, "无所谓": 2, "本周": 1, "项": 2, "法庭": 1, "动议": 2, "宣称": 1, "国会": 2, "目的": 2, "保护": 1, "免受": 1, "攻击": 1, "这项": 1, "法律": 1, "预防性": 1, "意味着": 2, "剥夺": 1, "公权": 1, "法案": 1, "声称": 1, "最终": 1, "证明": 2, "做错": 1, "纽约": 1, "时报": 3, "标题": 1, "潜在": 1, "间谍": 1, "威胁": 1, "禁止": 1, "正当": 1, "……O": 1, "法治": 1, "美方": 1, "禁售令": 1, "表态": 1, "很快": 4, "上市": 4, "L": 2, "老板": 2, "联播": 2, "妹子": 1, "长廊": 1, "来场": 1, "夜游": 1, "眼球": 1, "控制": 1, "不住": 1, "眼": 1, "带来": 5, "技术": 10, "约翰内斯堡": 1, "第四": 2, "工业": 3, "革命": 2, "电信": 1, "运营商": 1, "此前": 1, "致信": 1, "封杀": 1, "现有": 1, "3G": 1, "4G": 1, "影响": 1, "才能": 1, "支持": 2, "国家": 8, "新华社": 1, "喜欢": 1, "皇家": 1, "避暑": 1, "胜地": 1, "展露": 1, "古色古香": 1, "美感": 1, "如今": 1, "潮流": 1, "风尚": 1, "法媒": 3, "专访": 4, "60％": 3, "董事长": 2, "登上": 2, "著名": 2, "新闻": 4, "周刊": 2, "期": 2, "封面": 2, "当期": 2, "发表": 2, "长": 2, "15": 2, "页": 2, "专题": 2, "报道": 2, "完美": 3, "物联网": 4, "自动": 3, "驾驶": 3, "指出": 2, "构建": 2, "为的是": 3, "同步": 3, "连接": 3, "走向": 3, "智能": 4, "社会": 3, "方式": 5, "问到": 2, "(": 1, "Android": 1, ")": 1, "苹果": 5, "谨慎": 2, "给出": 4, "答案": 2, "份": 5, "论据": 2, "报告": 4, "60%": 3, "竞争": 1, "失误": 1, "相比": 1, "解决": 2, "着手": 1, "研发": 2, "商店": 1, "替代品": 1, "试图": 1, "吸引": 1, "开发者": 2, "澎湃": 2, "黑科技": 1, "邀": 1, "HDC2019": 1, "大会": 1, "即将": 1, "8月": 1, "9日": 2, "11日": 1, "松山湖": 1, "相见": 1, "早": 2, "财经": 2, "丨": 2, "；": 8, "科创板": 1, "22日": 2, "开市": 2, "首批": 2, "25": 2, "康": 1, "利润": 1, "造假": 1, "119亿": 1, "1": 1, "6月": 1, "24日": 1, "英国": 2, "金融": 2, "全球": 4, "140": 3, "136": 3, "用华": 1, "注册": 1, "商标": 1, "教育部": 2, "职业": 1, "教育": 1, "成人": 1, "教育司": 1, "负责人": 1, "谢俐": 1, "省份": 1, "原则": 1, "至少": 1, "本科": 1, "高校": 2, "开设": 2, "家政": 2, "专业": 2, "鼓励": 1, "3": 3, "科": 1, "创板": 1, "企业": 2, "总集": 1, "资额": 1, "311亿": 1, "4": 1, "国内": 1, "成品": 1, "油价": 1, "24时": 1, "上调": 1, "成都": 2, "垃圾": 2, "分类": 2, "干湿": 1, "版": 1, "草案": 1, "新城": 2, "控股": 2, "发公": 1, "开信": 1, "受害": 1, "家庭": 1, "歉意": 1, "致歉": 1, "7": 1, "杀死": 1, "癌细胞": 1, "感冒": 1, "病毒": 1, "发现": 2, "8": 1, "巴西": 1, "里约": 1, "州长": 1, "奥运": 1, "贿选": 1, "200万": 1, "美元": 1, "买": 2, "9": 1, "选票": 1, "互动": 1, "发布": 2, "2019": 1, "毕业生": 5, "租住": 1, "数据": 2, "显示": 1, "应届": 2, "租房": 4, "压力": 1, "六成半": 1, "挣": 1, "房租": 2, "压力山大": 1, "九成": 1, "希望": 3, "低于": 1, "3000": 1, "元": 4, "类型": 1, "选择": 2, "超": 1, "8成": 1, "合租": 1, "每月": 2, "花费": 1, "A.1千": 1, "B.1千-2千": 1, "C.2千": 1, "D": 1, ".": 3, "房": 1, "房贷": 1, "…": 1, "O早": 1, "总裁": 2, "媒体": 3, "谈": 2, "关键": 1, "1.": 1, "猛烈": 1, "打击": 1, "2023年": 1, "销售": 1, "收入": 1, "3000亿": 1, "美金": 1, "独霸": 1, "谈判": 1, "让步": 1, "民族": 1, "利益": 1, "鞠躬尽瘁": 1, "关系": 4, "崛起": 1, "繁荣富强": 1, "4.": 1, "马上": 1, "一万多": 1, "优秀": 1, "大学生": 1, "5.": 1, "领域": 2, "领先": 2, "实力": 1, "秒杀": 1, "中华": 1, "正非": 1, "乃国": 1, "幸": 1, "中兴": 1, "事件": 2, "有识之士": 2, "痛斥": 1, "土鳖": 1, "短视": 1, "80年代": 1, "全国": 2, "半导体": 1, "产业": 1, "事实上": 1, "80": 1, "年代": 2, "困扰": 1, "独立自主": 2, "CPU": 2, "飞机": 2, "农民": 1, "种田": 1, "化肥": 1, "居民": 1, "用电": 1, "保障": 1, "铁不成钢": 1, "钢": 1, "成材": 1, "引进": 2, "火电": 1, "水电": 1, "冶金": 1, "化工": 1, "联合": 1, "设计": 1, "合作": 1, "制造": 2, "方法": 1, "消化": 1, "吸收": 1, "装备": 1, "能力": 1, "新世纪": 1, "电力": 1, "钢铁": 2, "突飞猛进": 1, "发电量": 1, "产量": 1, "占": 1, "一半": 1, "都": 5, "得益": 1, "当年": 1, "决策": 1, "基础": 1, "资格": 1, "道理": 2, "懂": 3, "……话": 1, "回来": 1, "追": 1, "热点": 1, "哗众取宠": 1, "5-6": 1, "插画师": 1, "侵权": 4, "找到": 1, "帮忙": 1, "搜索": 1, "内容": 1, "比对": 1, "小米": 2, "动漫": 1, "主题": 5, "版权方": 1, "包括": 1, "付费": 1, "非官方": 1, "注明": 1, "OPPO": 2, "图片": 1, "提供": 1, "联想": 1, "暂时": 1, "借到": 1, "品牌": 1, "正式": 1, "受理": 1, "投诉": 2, "下架": 1, "妥善": 1, "制度": 1, "减少": 1, "概率": 1, "准入": 1, "机制": 2, "两手抓": 1, "两手": 1, "硬": 1, "三亚": 1, "偶遇": 1, "宋慧乔": 2, "真人": 1, "瘦": 1, "相机": 1, "拉近": 1, "原图": 1, "宋仲基": 1, "离婚": 1, "2三亚·CDF三亚": 1, "免税店": 1, "网页": 1, "朴佑镇": 1, "190706sbssuperconcert": 1, "별자": 1, "리⭐": 1, "華為": 1, "mate20pro拍": 1, "視頻": 1, "這樣": 1, "這示": 1, "範": 1, "單位": 1, "L19991102MG": 1, "本身": 1, "超过": 3, "名叫": 1, "4IRSA": 1, "拉马": 1, "福萨": 1, "重申": 1, "上个月": 1, "产品线": 1, "杨超斌": 1, "签署": 1, "5G商": 1, "合同": 1, "非洲": 1, "唯一": 1, "商用": 1, "全世界": 2, "135": 2, "肯定": 2, "不用": 2, "澳大利亚": 2, "记者": 1, "特朗普": 2, "打电话": 1, "就算": 1, "听": 1, "英文": 1, "搞": 2, "地产": 1, "语言": 1, "表达": 1, "提到": 1, "L微": 1, "丢": 1, "坐到": 1, "谈判桌": 1, "态度": 1, "松动": 1, "情况": 1, "推出": 1, "本来": 1, "回答": 1, "有人": 1, "一厢情愿": 1, "臆测": 1, "只好": 1, "比喻": 1, "夫妻": 1, "布局": 1, "备胎": 1, "计划": 1, "称之为": 1, "自主": 1, "也就是说": 2, "背信弃义": 1, "预判": 1, "真实": 1, "面目": 1, "暴露": 1, "自废武功": 1, "不仅仅": 1, "简单": 1, "替代": 1, "表述": 1, "印刷": 1, "电路板": 1, "交换机": 1, "路由器": 1, "中心": 1, "兼容": 1, "下一代": 1, "互联网": 1, "操控": 1, "构造": 1, "远": 2, "运行": 1, "效率": 1, "高于": 1, "世俗": 1, "眼光": 1, "难": 1, "评判": 1, "抱负": 1, "套用": 1, "老话": 1, "燕雀": 1, "鸿鹄之志": 1, "庸人自扰": 1, "絮叨": 1, "井水": 1, "冷暖": 1, "目标": 1, "星辰大海": 1}