{"华为": 95, "有为": 5, "在编": 2, "1.5万多": 2, "基础": 7, "研究": 8, "科学家": 2, "专家": 2, "金钱": 4, "知识": 4, "6万多": 2, "应用型": 2, "人才": 2, "开发": 4, "产品": 9, "17日": 5, "身着": 2, "蓝色": 2, "休闲": 2, "西装": 2, "创始人": 3, "任正非": 20, "国内": 4, "媒体": 5, "座谈": 2, "描述": 2, "公司": 12, "自主": 2, "此前": 3, "外界": 1, "低调": 1, "到底": 2, "黑科技": 1, "16日": 1, "、": 17, "内": 3, "环环": 1, "手机": 8, "生产": 1, "车间": 1, "见识": 1, "高端": 1, "炼": 1, "先进": 1, "热": 1, "技术": 10, "高级": 2, "结构": 1, "材料": 1, "很": 9, "曝光": 1, "实验室": 1, "明白": 2, "5G": 15, "领跑": 1, "世界": 3, "O华": 3, "：": 27, "背景": 1, "资源": 1, "脑袋": 5, "一无所有": 4, "一批": 2, "中国人": 4, "外国人": 3, "集合": 1, "成就": 1, "激动": 2, "日子": 1, "参加": 1, "神探": 1, "蒲松龄": 1, "发布会": 1, "荣耀": 4, "Magic2": 1, "送": 3, "成龙": 1, "大哥": 4, "想到": 2, "开心": 2, "立马": 1, "四处": 1, "找包": 1, "包": 1, "三": 1, "拿给": 1, "都": 12, "好几": 2, "台": 1, "国人": 1, "国货": 1, "走到": 1, "一个": 5, "地方": 2, "推荐": 1, "太久膜": 1, "碎": 1, "膜": 1, "笑cry": 1, "平易近人": 1, "合影": 1, "签名": 1, "通通": 1, "答应": 1, "语无伦次": 1, "辈": 1, "紫": 1, "节奏": 1, "下周一": 1, "大事": 1, "公布": 3, "！": 14, "刚才": 1, "NHK": 1, "电视": 1, "纪录片": 1, "讲": 2, "美": 6, "高科技": 3, "冷战": 1, "构造": 1, "讲到": 1, "阿里巴巴": 4, "邓迪": 1, "区块链": 1, "中国": 21, "领先": 2, "意义": 2, "浅显": 1, "易懂": 1, "收获": 1, "​": 11, "网友": 4, "@": 6, "Hjordis": 1, "评选": 1, "抽": 2, "保时捷": 1, "质疑": 1, "亦": 1, "沟通": 1, "叙": 1, "携程": 1, "遭遇": 2, "慎重": 1, "取消": 1, "获奖": 1, "资格": 1, "周知": 1, "泡": 1, "2019": 2, "新年": 2, "快乐": 1, "谈": 6, "CFO": 1, "孟晚舟": 3, "被捕": 1, "感谢": 1, "党": 1, "国家": 21, "公民": 2, "权利": 1, "保护": 1, "1月": 2, "兼": 1, "CEO": 2, "深圳": 1, "接受": 5, "专访": 3, "针对": 5, "女儿": 1, "加拿大": 10, "扣押": 1, "法律": 3, "力量": 1, "信心": 5, "解决": 1, "儿女": 2, "翅膀": 1, "硬": 1, "自由": 1, "飞翔": 1, "期望": 2, "照顾": 1, "父母": 1, "L央视": 1, "新闻": 6, "秒拍": 6, "视频": 10, "「": 1, "驻": 5, "大使": 6, "加国": 3, "若禁": 3, "肯定": 5, "后果": 7, "」": 1, "当地": 2, "时间": 1, "卢沙野": 3, "使馆": 1, "采访": 5, "女士": 1, "违反": 1, "逮捕": 1, "名": 2, "危害": 2, "活动": 1, "强制": 1, "卢": 3, "沙野": 3, "警告": 2, "禁止": 2, "电信": 2, "巨头": 2, "参与": 3, "该国": 2, "项目": 2, "呼吁": 2, "政府": 4, "部门": 3, "做出": 2, "明智": 2, "选择": 2, "LKevin": 1, "纽约": 1, "当年": 1, "小米": 1, "Max": 1, "广告": 3, "导演": 4, "前天": 1, "刷屏": 1, "佩琪": 1, "张大鹏": 1, "Mate20": 1, "土拨鼠": 1, "太空": 1, "广角": 1, "宣传": 1, "链家": 1, "三国版": 1, "麦当劳": 1, "世界杯": 1, "麦辣鸡腿": 1, "金球堡": 1, "L小米": 1, "一家": 3, "微波": 6, "全世界": 6, "Huawe": 1, "iisconfidentthatWesterncountries": 1, "willhavetobuyitsproductsbecause": 1, "theircompetitiveness": 1, "theChinesetelecomgiant's": 1, "andfounder": 1, "RenZhengfeitoldCCTVinanexclusiveinterviewonThursday": 1, ".": 3, "Whenyou": 1, "havesuperiorproducts": 1, "thereisnoneedtoworryaboutbuyers,and": 1, "Ihaveneverworriedabout": 1, "Renrepliedwhenaskedabouthowtocopewithsomecountries'restrictionsandbansonthecompany": 1, "RensaidHuawe": 1, "iisthe": 1, "bestinthe": 1, "areaof5G": 1, "theonlymanufacturerintheworldthatiscapableofequipping5Gbasestationswiththestate": 1, "the-artmicrowavetechnology,whichperfectlysuitsWesterncountrieswherescattered": 1, "villasareubiquitousandare": 1, "inneedofhigh-speedinformationservices": 1, "Formore:O": 1, "网页": 1, "链接": 2, "LCGTN": 1, "封杀": 3, "欧": 5, "美国": 14, "家非": 3, "买": 18, "打压": 6, "央视": 6, "竞争": 3, "傻": 1, "亏": 2, "这是": 1, "比赛": 1, "和平": 1, "办法": 2, "实施": 1, "禁令": 1, "影响": 3, "L": 3, "求助": 1, "mate20pro": 2, "苹果": 1, "X": 1, "建议": 1, "台北": 1, "MAX20": 1, "存卡": 1, "现场": 1, "从不": 2, "担忧": 2, "很多": 9, "东西": 2, "计较": 4, "市场经济": 2, "客户": 7, "中心": 2, "卖给": 2, "西方": 1, "政客": 1, "民粹": 2, "泄私": 1, "愤": 1, "工具": 1, "无所不用其极": 1, "冲突": 1, "最前沿": 1, "牺牲品": 1, "传老美": 1, "五": 2, "年前": 2, "事情": 1, "刑事": 1, "调查": 2, "德国": 6, "欲": 1, "排除": 2, "感觉": 1, "琅琊榜": 1, "局面": 1, "老美": 1, "梁": 5, "王": 7, "上一代": 1, "霸主": 1, "祁王": 5, "厚积薄发": 1, "继任者": 1, "海外": 2, "开疆": 1, "破土": 1, "企业": 8, "赤焰军": 5, "杀手锏": 1, "国": 2, "担当": 1, "举世": 1, "欣赏": 1, "内心": 1, "嫉妒": 1, "恐慌": 1, "苦于": 1, "找": 2, "机会": 2, "对付": 1, "夏江": 3, "谢玉": 2, "捕捉": 1, "梁王": 3, "心思": 1, "麻烦": 1, "投": 1, "名状": 1, "谢": 1, "玉弄": 1, "莫须有": 1, "打击": 1, "集团": 4, "无所谓": 1, "真假": 1, "波兰": 1, "台湾": 1, "日本": 2, "澳大利亚": 1, "气势汹汹": 1, "猜忌": 1, "反感": 1, "持续": 1, "祁": 2, "声名鹊起": 1, "闷声发大财": 1, "难": 1, "决裂": 1, "在所难免": 1, "讲话": 2, "精神": 2, "收缩": 1, "不行": 2, "TA": 1, "晚安": 1, "洗澡": 1, "真困": 1, "洗": 1, "完澡": 1, "……": 1, "听歌": 1, "书": 1, "聊天": 1, "刷": 1, "玩": 1, "游戏": 1, "想": 3, "睡": 2, "转评": 1, "聊聊": 1, "睡前": 1, "件": 1, "小云": 1, "送出": 1, "耳机": 1, "唯有": 1, "灵魂": 1, "安静": 1, "才": 2, "周末": 1, "逛": 1, "花市": 1, "玩出": 1, "味": 1, "影像": 1, "成诗": 1, "": 1, "摄影": 2, "终端": 6, "官方": 1, "摄影​": 1, "2019年": 5, "营收": 12, "目标": 16, "1259亿": 6, "美元": 13, "超": 2, "五成": 1, "KPI": 1, "消费者": 3, "BG": 8, "650亿": 2, "运营商": 3, "441亿": 2, "168亿": 2, "面临": 1, "挑战": 1, "困难": 2, "五成​": 1, "中加": 1, "关系": 2, "陷入": 1, "高度": 1, "紧张": 1, "之际": 1, "O": 2, "转转": 1, "追杀": 1, "数据": 2, "1万多": 1, "博士": 1, "俄罗斯": 1, "数学家": 1, "人才济济": 1, "年薪": 2, "超过": 7, "100万": 1, "一万": 1, "500万": 1, "1000": 1, "研发": 1, "经费": 1, "高达": 2, "896亿": 1, "三巨头": 1, "员工": 5, "3万": 2, "百度": 3, "5万": 1, "腾讯": 3, "总共": 1, "11万": 1, "全球": 5, "总数": 1, "17万": 1, "利润": 2, "234亿": 1, "242亿": 1, "105亿": 1, "总额": 1, "580亿": 1, "70％": 1, "拿走": 1, "2000年": 1, "国外": 2, "赚": 3, "回": 1, "钱": 3, "1.39万亿": 1, "纳税": 6, "70多亿": 1, "109亿": 1, "22亿": 1, "总和": 1, "337亿": 1, "科技": 2, "实力": 1, "很快": 1, "找到": 1, "替代": 2, "100%": 1, "上市": 4, "资本": 1, "控制": 1, "中华": 1, "历史": 1, "第一": 1, "百": 1, "民营": 1, "来去": 1, "之间": 2, "于帅洋": 1, "琢": 1, "玉郎": 1, "总裁": 1, "转发": 1, "解释": 1, "来自于": 2, "身边": 1, "工作": 3, "朋友": 2, "通讯": 1, "设备": 1, "突破": 1, "驻点": 1, "市场": 6, "印度": 1, "巴基斯坦": 1, "非洲": 2, "南": 1, "区域": 1, "拖家带口": 1, "介绍": 1, "生活": 3, "艰苦": 1, "异国他乡": 1, "突发": 1, "事件": 1, "兼顾": 1, "家庭": 1, "去年": 3, "离职": 1, "高管": 1, "谈到": 1, "特色": 1, "太太团": 1, "可想而知": 1, "团队": 1, "滋润": 1, "状态": 2, "对比": 1, "可知": 1, "地区": 1, "回到": 1, "盯": 1, "欧美": 1, "别人": 3, "默默": 1, "亚非拉": 2, "疑问": 1, "很早以前": 1, "瓶": 3, "数码": 1, "5": 1, "墨水": 2, "成本": 1, "大概": 1, "块": 1, "RMB": 1, "卖": 6, "100-120": 1, "美金": 2, "定价": 1, "70": 1, "抢购": 1, "吨": 1, "买完": 1, "还要": 1, "merci": 1, "法语": 1, "谢谢": 1, "价格": 2, "想象": 1, "全新": 1, "领悟": 1, "情况": 1, "格局": 1, "老是": 1, "愁": 1, "加上": 1, "办事处": 1, "售后": 1, "轻松": 1, "担心": 1, "国际": 3, "贸易": 4, "从来": 1, "抵制": 2, "道德": 1, "谴责": 2, "绝大多数": 1, "生存": 1, "明明": 1, "便宜": 1, "倍": 1, "质量": 1, "上等": 1, "花": 1, "高价": 2, "冤大头": 1, "实际上": 2, "资金": 1, "情怀": 1, "拥护": 1, "一点": 2, "布局": 1, "积累": 1, "多年": 1, "经验": 2, "例子": 1, "款": 1, "大国": 1, "平起平坐": 1, "归属": 1, "抛弃": 1, "奔往": 1, "货": 1, "芯片": 2, "加密": 1, "手段": 1, "物美价廉": 1, "口碑": 1, "需求": 2, "封锁": 1, "毫无": 1, "只能": 1, "调低": 2, "吃": 1, "不少": 1, "暂时": 1, "有人": 1, "规避": 1, "方法": 2, "展开": 1, "意会": 1, "1": 1, "聪明": 1, "在于": 1, "变通": 1, "不用": 1, "傻乎乎": 1, "告诉": 1, "别国": 1, "转口": 1, "3....": 1, "军工": 1, "出口": 1, "方式": 1, "任老": 1, "说话": 1, "无奈": 1, "说服力": 1, "回应": 2, "晚舟": 2, "坚强": 2, "公共": 1, "部逼": 1, "18万": 1, "传递": 1, "碰到": 1, "业务": 4, "拓展": 1, "变化": 1, "甩": 2, "禁用": 1, "華為": 1, "新機": 1, "現排": 1, "隊潮": 1, "網驚": 1, "這些": 1, "台灣人": 1, "嗎不然": 1, "鬼嗎": 1, "蒋丰": 1, "微观": 1, "董事": 1, "副总裁": 1, "陈黎芳": 1, "近日": 1, "座谈会": 1, "说到": 1, "正视": 1, "强大": 1, "差距": 1, "坚定": 1, "学习": 2, "永远": 1, "情绪": 1, "主导": 1, "社会": 1, "支持": 1, "民粹主义": 1, "内部": 1, "至少": 1, "言论": 1, "全体": 1, "危机感": 1, "盲目": 1, "乐观": 1, "狭隘": 1, "民族主义": 1, "拍照": 1, "厉害": 1, "未来": 1, "国产": 1, "厂商": 1, "超越": 1, "哪家": 1, "刚刚": 1, "1085亿": 1, "程度": 1, "增长": 4, "速度": 1, "定到": 1, "20%": 2, "步子": 1, "扎实": 2, "15%": 1, "行业": 1, "企业网": 1, "都会": 1, "不错": 2, "压力": 1, "通信": 1, "系统": 1, "北京": 1, "·": 1, "富力": 1, "城​": 1, "CBG": 1, "半壁江山": 1, "条": 1, "街": 1, "大招": 2, "报道": 1, "昨晚": 1, "庆功会": 1, "上攻": 1, "为首": 1, "眼": 1, "联盟": 2, "利用": 1, "污蔑": 1, "诋毁": 1, "商誉": 1, "绑架": 1, "经理人": 1, "下作": 1, "无耻": 1, "越战越勇": 1, "三年": 1, "处于": 1, "持平": 1, "走势": 1, "逆风": 1, "飞扬": 1, "发力": 1, "相当于": 1, "增加": 1, "30%": 1, "胸有成竹": 1, "估计": 1, "春节": 1, "就要": 1, "秀": 1, "肌肉": 1, "董明珠": 1, "昨天": 1, "演讲": 1, "发布": 1, "格力": 3, "1991年": 1, "成立": 1, "2018年": 2, "累计": 1, "一千亿多": 1, "一千多亿": 1, "27年": 1, "贬低": 1, "财富": 1, "贡献": 2, "实在": 1, "太": 1, "税收": 1, "接近": 1, "1%": 1, "自己人": 1, "打脸": 1, "商报": 1, "制定": 1, "网络": 1, "建设": 1, "做法": 1, "招致": 1, "BDI": 2, "工业": 1, "反对": 1, "指控": 1, "证据": 1, "证实": 1, "O网页": 1, "社论": 1, "丨": 2, "杯": 2, "咖啡": 2, "吸收": 2, "宇宙": 2, "能量": 2, "智慧": 2, "源于": 2, "重视": 2, "成功": 1, "值得": 1, "相关": 1, "政策": 1, "制定者": 1, "借鉴": 1, "开放": 1, "不懈努力": 1, "理想主义": 1, "现实主义": 1, "并重": 1, "创新": 1, "双轮": 1, "驱动": 1, "原则": 1, "O社论": 1}