{"突发": 6, "！": 12, "孟晚舟": 71, "反诉": 8, "加拿大": 91, "政府": 101, "律师": 22, "起诉": 24, "环球": 7, "邮报": 4, "3日": 5, "消息": 11, "拘押": 3, "华为": 95, "高管": 4, "提起": 29, "民事": 4, "诉讼": 36, "指控": 18, "侵犯": 19, "宪法": 29, "权利": 17, "对象": 8, "包括": 3, "边境": 21, "服务局": 17, "皇家": 19, "骑警": 19, "称": 15, "当局": 3, "逮捕": 16, "海关": 3, "常规": 3, "检查": 4, "幌子": 4, "审讯": 14, "利用": 3, "机会": 3, "强迫": 3, "提供": 3, "证据": 5, "信息": 3, "控告": 4, "联邦": 21, "尚未": 8, "作出": 3, "O": 8, "环球网": 1, "当地": 10, "媒体": 14, "报道": 20, "公司": 26, "首席": 11, "财务官": 11, "女士": 17, "律师团": 12, "、": 41, "警察": 9, "未": 14, "告知": 11, "情况": 11, "搜查": 13, "做法": 21, "都": 15, "央视": 8, "记者": 2, "张森": 1, "​": 11, "5G": 7, "手机": 7, "大盘点": 2, "三星": 3, "LG": 1, "各有千秋": 1, "选择": 2, "款": 2, "2019年": 1, "技术": 10, "产业化": 1, "商用化": 1, "进程": 1, "加速": 1, "厂商": 1, "层出不穷": 1, "折叠屏": 2, "S10+": 1, "全球": 1, "关注": 2, "中意": 1, "L界": 1, "面Vnews": 1, "秒拍": 2, "视频": 5, "外媒": 10, "美国": 80, "指": 3, "违背": 8, "纽约": 11, "时报": 14, "英国": 4, "路透社": 10, "总部": 6, "所在": 3, "得克萨斯州": 4, "告上": 5, "法庭": 10, "去年": 4, "国会": 7, "白宫": 3, "签署": 3, "国防": 4, "授权": 5, "法案": 10, "项": 4, "条款": 10, "禁止": 11, "机构": 8, "中国": 21, "一家": 4, "通讯": 4, "企业": 7, "中兴": 4, "引述": 3, "人士": 3, "说法": 6, "理由": 4, "剥夺": 3, "公权": 3, "情形": 3, "审": 3, "判": 3, "法律": 17, "最新": 3, "确认": 3, "给出": 3, "回应": 4, "周四": 3, "再次": 4, "邀请": 3, "国际": 7, "参加": 3, "深圳": 3, "场": 10, "新闻": 12, "发布会": 3, "近期": 3, "系列": 4, "发动": 3, "盟友": 3, "封杀": 3, "发起": 5, "反击": 6, "@": 8, "O外媒": 2, "美": 4, "胡侃": 1, "挺住": 2, "封": 2, "市场": 5, "就要": 5, "产品": 4, "取代": 2, "卖": 2, "零件": 2, "生产": 2, "抓": 2, "打官司": 1, "降": 2, "斯": 2, "必将": 1, "承受": 1, "种种": 2, "磨难": 2, "一个": 8, "亦": 2, "L胡锡进": 1, "任正非": 1, "太": 1, "老实": 1, "碰上": 1, "群": 1, "西方": 3, "流氓": 1, "对方": 1, "力量": 1, "嗓门": 1, "吃亏": 1, "可悲": 1, "踩": 1, "精神": 3, "洋奴": 1, "不少": 1, "骂": 2, "理解": 2, "国": 2, "挨骂": 1, "发泄": 1, "情绪": 1, "一头": 2, "迫害": 6, "帮腔": 1, "叫好": 1, "死活": 1, "明白": 1, "碰到": 2, "病人": 1, "拉黑了事": 1, "案": 5, "国内外": 1, "很多": 2, "维护": 1, "权益": 5, "唯一": 1, "刚才": 1, "宣称": 1, "!O": 1, "：": 12, "违宪​": 1, "2018年": 1, "12月": 3, "1日": 4, "飞机": 1, "过境": 1, "温哥华": 3, "警方": 2, "加方": 4, "加美": 1, "引渡": 16, "协议": 1, "实施": 3, "保释": 1, "3月": 4, "6日": 1, "出庭": 1, "听证": 1, "裁决": 1, "+": 1, "客户": 1, "端O": 1, "司法": 8, "大战": 1, "拉开": 2, "帷幕": 2, "加油": 1, "社评": 3, "部门": 3, "羁押": 1, "期间": 1, "名义": 1, "逼供": 1, "同一天": 1, "启动": 5, "程序": 8, "意味着": 1, "体系": 4, "政治": 10, "斗争": 1, "旷日持久": 1, "消耗战": 1, "民营": 1, "看成": 1, "洗劫": 1, "昂贵": 1, "官司": 7, "路": 2, "退": 1, "只能": 1, "守护": 1, "清白": 1, "推迟": 1, "美方": 6, "坏": 1, "这是": 2, "针对": 2, "一眼": 1, "看穿": 1, "闹剧": 1, "美加": 5, "之间": 2, "做成": 1, "装腔作势": 1, "看似": 1, "逼真": 1, "显示": 1, "强势": 1, "服务": 1, "工具化": 1, "能力": 1, "舆论": 1, "总体": 1, "勇气": 1, "捅破": 1, "层": 1, "窗户纸": 1, "语": 1, "道出": 1, "真相": 1, "驻华": 1, "大使": 1, "丢": 1, "官": 1, "国家": 4, "利益": 1, "狭隘": 1, "绑架": 1, "当成": 1, "真的": 1, "全力": 1, "应对": 3, "条": 1, "费时": 1, "耗力": 1, "破财": 1, "走到": 1, "行业": 1, "领军": 1, "位置": 1, "盯上": 1, "出头鸟": 1, "不得不": 1, "付": 1, "代价": 1, "纯": 1, "引发": 1, "大规模": 1, "持续": 1, "轰动": 1, "乔布斯": 1, "在世": 1, "原因": 1, "吃官司": 1, "恐怕": 1, "轰动一时": 1, "议员": 1, "带": 1, "怨愤": 1, "咬牙切齿": 1, "正是": 1, "担忧": 1, "竞争": 2, "引导": 1, "作用": 1, "示范": 1, "希望": 1, "最终": 1, "转机": 1, "漫长": 1, "环节": 1, "良知": 1, "法治": 1, "主导": 1, "打破": 1, "巧妙": 1, "操弄": 1, "推动": 1, "体系性": 1, "随波逐流": 1, "顶层": 1, "意识": 1, "游戏": 1, "肮脏": 1, "不难": 1, "找到": 1, "撤销": 2, "想": 1, "肯定": 1, "很": 1, "冲击": 1, "努力": 3, "打赢": 1, "牵制": 1, "科研": 1, "分心": 1, "进一步": 1, "强大": 2, "挑战": 1, "资本": 1, "表现": 1, "意志": 1, "坚强": 1, "证明": 1, "压": 1, "倒": 1, "挤": 1, "垮": 1, "坦然": 1, "接受": 1, "高科技": 1, "网络": 1, "建设": 1, "领先": 1, "销售": 1, "顶": 1, "压力": 1, "堪称": 1, "水平": 1, "才": 2, "不负众望": 1, "环球网O": 1, "诉讼​": 4, "​​": 4, "外交部": 2, "敦促": 3, "释放": 2, "平安": 2, "回到": 2, "发言人": 1, "陆慷": 3, "4日": 1, "逮捕令": 1, "请求": 1, "切实": 1, "保障": 1, "合法": 3, "正当": 1, "错上加错": 1, "提问": 1, "中方": 1, "支持": 2, "建议": 1, "事件": 2, "立场": 1, "滥用": 1, "双边": 1, "条约": 1, "公民": 2, "强制": 1, "措施": 1, "网页": 1, "链接": 1, "明尼苏达": 3, "大学": 3, "拒绝": 2, "孔院": 2, "启示": 2, "感慨": 1, "值得": 1, "效仿": 1, "制定": 1, "保守": 1, "社会": 1, "政策": 1, "依据": 1, "开放": 2, "四十": 1, "积累": 1, "经验": 1, "外部": 1, "环境": 1, "变化": 1, "动摇": 1, "搞": 1, "过头": 1, "可笑": 1, "警醒": 1, "引以为戒": 1, "出差": 1, "背包": 1, "轻点": 1, "咸鱼": 1, "超级": 1, "壹号": 1, "第一": 1, "感觉": 1, "轻": 1, "键盘": 1, "别扭": 1, "type-c": 3, "电源": 1, "充电器": 1, "通用": 1, "分享": 1, "……": 1, "加媒": 1, "中宏网": 1, "L中宏网": 1, "涉嫌": 1, "违宪": 1, "早就": 1, "拯救": 1, "公主": 3, "武器": 1, "检察官": 2, "外交官": 1, "交往": 1, "懂": 1, "国情": 1, "操作": 1, "手法": 1, "CFO": 1, "事务局": 3, "机场": 1, "拘留": 2, "违反": 2, "代表": 1, "事务所": 1, "GudmundsethMickelsonLLP": 1, "周日": 1, "发表": 1, "声明": 2, "份": 1, "索赔": 1, "通知": 1, "提交": 3, "卑诗省": 1, "法院": 4, "官员": 4, "孟": 2, "例行": 1, "被捕": 1, "非法": 3, "搜身": 1, "拘禁": 1, "询问": 1, "公职": 1, "人员": 1, "不当": 1, "监禁": 1, "赔偿": 1, "停留": 1, "欺诈": 1, "规避": 1, "伊朗": 1, "制裁": 1, "案件": 1, "外交": 1, "争端": 1, "证实": 1, "联邦政府": 1, "辩护": 1, "常识": 1, "等于": 1, "1999年": 1, "引渡法": 1, "材料": 1, "形式": 1, "申请": 2, "司法部": 2, "发出": 1, "指令": 1, "同意": 1, "受理": 1, "期限": 1, "内": 1, "开庭": 1, "审理": 1, "法官": 2, "裁定": 2, "放人": 1, "结束": 1, "行政": 1, "决策": 1, "也就是说": 1, "不予": 1, "截然不同": 1, "关卡": 1, "空间": 1, "遇事": 1, "冷静": 1, "分析": 1, "独立": 1, "思考": 1, "针锋相对": 1, "提出": 1, "方案": 1, "千万": 1, "以己度人": 1, "戴旭": 1, "胡乱": 1, "叫嚣": 1, "法盲": 1, "喷子": 1, "误导": 1, "黔西南": 1, "布依族": 1, "苗族": 1, "自治州·兴义": 1, "富康": 1, "酒店": 1, "近日": 1, "陆续": 1, "发布": 2, "折叠": 2, "TCL": 1, "概念": 1, "公布": 1, "首创": 1, "DragonHinge": 1, "专利": 1, "铰链": 1, "MateX": 1, "世界": 1, "首款": 1, "L新京报": 1, "援引": 1, "中企": 1, "微观": 1, "两会": 2, "张业遂": 1, "停止": 1, "合作": 1, "公正": 2, "不道德": 2, "声音": 1, "情报法": 1, "说事": 1, "渲染": 1, "特定": 1, "风险": 1, "手段": 1, "干预": 1, "经济": 1, "世贸": 1, "组织": 1, "规则": 1, "干扰": 1, "公平": 1, "秩序": 1, "典型": 1, "双重": 1, "标准": 1, "小米": 2, "目标": 4, "；": 3, "红米": 1, "荣耀": 2, "星果": 1, "对手": 1, "假想图": 1, "蛮": 1, "有意思": 1}