{"谷歌": 25, "：": 12, "华为": 77, "手机": 33, "路透": 5, "报道": 6, "美国": 14, "禁令": 14, "计划": 6, "9月": 7, "欧洲": 15, "推出": 6, "Mate30": 8, "系列": 9, "搭载": 6, "服务": 6, "数据": 6, "显示": 8, "市场": 15, "份额": 9, "遭受": 5, "影响": 6, "第一": 7, "季度": 12, "24.9％": 5, "下滑": 6, "第二": 9, "19.3％": 5, "轮值": 4, "董事长": 4, "此前": 4, "预测": 5, "减少": 4, "100多": 4, "亿": 4, "美元": 4, "销售额": 4, "@": 7, "老板": 9, "联播L": 3, "联播": 6, "视频": 13, "今日": 3, "2019": 5, "影像": 9, "大赛": 9, "公布": 3, "获奖": 3, "名单": 2, "经由": 1, "玛格南": 2, "摄影师": 2, "SteveMcCurry": 2, "、": 19, "AlecSoth": 1, "GueorguiPinkhassov": 1, "BiekeDepoorter": 1, "普利策奖": 1, "获奖者": 1, "刘": 1, "香成": 1, "世界级": 1, "摄影": 4, "大师": 1, "评选": 2, "19": 1, "国家": 2, "56": 2, "参赛者": 1, "脱颖而出": 2, "！": 14, "感受": 4, "世界": 2, "爱好者们": 1, "分享": 2, "精彩": 1, "瞬间": 1, "O网页": 3, "链接": 5, "​": 14, "徐": 3, "直军": 3, "L": 3, "幅": 1, "佳作": 1, "全球": 4, "五十多万": 1, "作品": 6, "赛事": 1, "号召": 1, "用户": 2, "随时随地": 1, "拍摄": 4, "故事": 2, "记录": 1, "情绪": 1, "喜欢": 5, "苹果": 6, "发布会": 3, "时间": 4, "都": 13, "期待": 2, "场": 2, "无论是": 1, "蛙鸣鸟啼": 1, "线上": 1, "会议": 2, "如临": 1, "现场": 1, "体验感": 1, "愿望": 1, "L华": 2, "终端": 3, "公司": 11, "首家": 1, "机场": 4, "体验店": 2, "深圳": 1, "宝安": 1, "正式": 5, "开业": 1, "想": 3, "想来": 1, "一个": 8, "约定": 1, "希望": 4, "见到": 1, "nova5": 1, "Pro苏音蓝": 1, "10:08": 1, "开售": 1, "快": 1, "握住": 1, "抹蓝": 1, "不止": 1, "揭晓": 2, "三年": 1, "规模": 1, "影响力": 1, "逐年": 1, "收到": 2, "150多": 1, "地区": 1, "超过": 4, "52万": 1, "件": 2, "创下": 1, "历史": 2, "新高": 1, "关注": 1, "刚": 2, "结束": 2, "请": 1, "很多": 3, "咖来": 1, "评委": 1, "拍": 1, "阿富汗": 1, "少女": 1, "据说": 1, "大奖": 1, "得主": 1, "两万": 1, "美金": 2, "戳链": 1, "接O": 1, "网页": 2, "围观": 1, "抖机": 1, "灵大赛": 1, "打算": 1, "__________": 1, "参赛": 1, "内部": 1, "流出": 1, "真实": 2, "94年": 1, "金": 5, "森林": 6, "新人": 1, "安排": 1, "车间": 2, "承担": 1, "测试": 3, "物料": 1, "协调": 1, "工作": 1, "程控": 1, "交换机": 1, "量产": 2, "阶段": 1, "工具": 1, "简陋": 1, "加快": 1, "进度": 1, "员工": 4, "不得不": 1, "睡": 3, "机房": 1, "食堂": 8, "师傅": 8, "送饭": 1, "有一天": 1, "晚上": 1, "模样": 1, "老头儿": 1, "前来": 1, "慰问": 1, "身后": 1, "厨子": 1, "推": 1, "餐车": 1, "车上": 1, "摆放": 1, "米饭": 1, "新鲜": 1, "鱼汤": 1, "自然": 1, "任正非": 6, "难得": 1, "找": 1, "地方": 2, "小憩": 1, "一会儿": 1, "起身": 1, "回": 1, "发现": 2, "昨天": 1, "那位": 1, "送": 1, "餐": 1, "举办": 1, "座谈会": 2, "参加": 1, "得知": 1, "消息": 2, "很": 4, "激动": 1, "名字": 1, "传入": 1, "老总": 2, "耳朵": 1, "特地": 1, "早早": 2, "赶到": 1, "会场": 1, "早": 2, "笑": 1, "问金": 1, "参会": 1, "支支吾吾": 1, "心想": 1, "凑热闹": 1, "奇怪": 1, "穿": 1, "白": 1, "大褂": 1, "西装革履": 1, "训话": 1, "金森林": 1, "惊呆": 1, "走": 2, "上台": 2, "竟然": 1, "来到": 1, "低调": 1, "做人": 1, "高调": 1, "做事": 1, "正是": 1, "选择": 1, "隐匿": 1, "聚光灯": 1, "平凡": 1, "三千": 1, "多元": 1, "5G": 17, "换机": 2, "潮": 1, "6月": 1, "初": 1, "中国": 6, "联通": 1, "售价": 3, "上万": 1, "元": 5, "6月底": 1, "业内": 2, "人士": 5, "预计": 3, "明年": 1, "中旬": 1, "价格": 3, "低于": 1, "5000": 1, "品牌": 1, "争相": 1, "发布": 5, "最初": 1, "昂贵": 1, "7月": 1, "26日": 1, "发售": 2, "首款": 3, "商用": 1, "6199": 1, "；": 5, "8月": 1, "中兴": 1, "4999": 1, "vivo": 1, "最低": 1, "拉": 1, "3798": 1, "据悉": 1, "小米": 5, "集团": 3, "接下来": 1, "9月份": 1, "国内": 1, "款": 2, "年初": 1, "提前": 1, "近期": 2, "机型": 1, "掀起": 1, "波": 1, "热": 1, "央视": 1, "财经": 3, "L央视": 1, "酷燃": 1, "懒": 1, "程度": 1, "当代人": 1, "生活": 2, "现状": 1, "——": 1, "床": 1, "远方": 1, "一句话": 1, "搞定": 1, "事情": 1, "绝不": 1, "手指头": 1, "~": 1, "AI": 1, "音箱": 1, "RedmiNote8": 1, "性价比": 1, "vivoOPPO": 2, "拍照": 1, "好看": 2, "质量": 1, "iPhone": 2, "流畅": 1, "游戏": 1, "卡": 2, "手里": 1, "代工厂": 1, "新增": 2, "绿色": 2, "紫色版": 1, "10日": 1, "接近": 1, "富士康": 1, "称": 1, "新机": 2, "支持": 1, "充电": 1, "接口": 1, "摄像头": 2, "三": 2, "排列": 1, "类似": 1, "Mate20": 1, "浴霸": 3, "摄": 1, "代号": 1, "904": 1, "XR": 1, "升级版": 1, "双待": 1, "7": 1, "颜色": 2, "取消": 1, "红色": 1, "特别版": 1, "紫色": 1, "(": 1, "澎湃": 1, "新闻": 1, ")": 1, "荣耀": 2, "真的": 1, "火": 1, "细数": 1, "明星": 1, "李": 2, "赵丽颖": 1, "黄": 1, "景瑜": 1, "嘉弈": 1, "王一博": 1, "汶翰": 1, "叶": 1, "禹含": 1, "洪一诺": 1, "出境": 1, "听": 1, "这是": 3, "万物": 1, "生长": 1, "旋律": 1, "声音": 1, "丛林": 1, "无垠星辰": 1, "IFA2019": 1, "打开": 1, "音乐": 1, "新世界": 1, "官方": 1, "购买": 1, "时代": 1, "意味着": 2, "拿到": 1, "Mate20X5G": 1, "版": 1, "台": 1, "带来": 1, "震撼人心": 1, "改变": 1, "发生": 1, "这次": 1, "长": 1, "聊聊": 1, "正片": 1, "大概": 1, "3": 1, "分钟": 1, "请务": 1, "转发": 1, "L宅": 1, "数码": 1, "Kael": 1, "O抽奖": 1, "详情": 1, ".": 1, "真心": 1, "感谢": 2, "参与": 1, "女孩": 1, "每次": 1, "会晤": 1, "尊重": 1, "💙": 1, "图虫": 1, "推荐": 1, "​​​": 3, "海外": 1, "堪忧": 1, "29日": 1, "外媒": 1, "即将": 1, "到来": 1, "设备": 4, "MateX": 1, "2019年": 5, "Q2": 1, "智能": 1, "出货": 1, "情况": 3, "研报": 1, "出货量": 1, "同比": 1, "16％": 1, "850万": 1, "财经L": 1, "学会": 1, "招": 1, "相册": 2, "照片": 2, "美美哒": 1, "iPad": 1, "采用": 1, "设计": 1, "热议": 1, "团团": 1, "ipad": 1, "只好": 1, "实用": 1, "有趣": 2, "技巧": 1, "带给": 1, "朋友": 1, "依旧": 1, "美丽": 1, "试试": 1, "人人": 1, "秒拍": 1, "​​": 1, "毫米波5G": 1, "孤家寡人": 1, "权威": 2, "报告": 4, "上半年": 3, "RAN": 4, "LTE": 3, "小站": 3, "ICT": 1, "行业": 1, "研究": 1, "机构": 1, "Dell": 2, "’": 2, "Oro": 2, "无线": 2, "接入": 2, "网络": 2, "5": 1, "GNR": 1, "领先": 1, "位列": 1, "份": 1, "5GNR": 3, "领域": 1, "30%": 1, "40%": 1, "主流": 3, "频段": 4, "Sub6GHz": 2, "中东": 1, "收入": 3, "占": 1, "整体": 1, "95%": 1, "低": 1, "Sub1GHz": 1, "高频": 1, "毫米": 1, "波部署": 1, "增加": 1, "北美": 1, "驱动": 1, "估计": 1, "毫米波": 1, "忽略": 1, "计": 1, "妄图": 1, "打压": 1, "模式": 1, "痴心妄想": 1, "反科学": 1, "军工": 1, "联合体": 1, "太过": 1, "发达": 1, "抢光": 1, "报应": 1, "清频": 1, "5-10年": 1, "那时候": 1, "覆盖": 1, "新疆": 1, "内": 1, "四季": 1, "南方": 1, "阿缓": 1, "nova2s": 1, "带": 1, "旅行": 1, "": 1, "摄影​": 1, "担心": 1, "狠": 1, "招数": 1, "台湾": 2, "芯片": 4, "代工": 3, "巨头": 2, "台积": 1, "施压": 1, "断供": 2, "业务": 1, "海思": 1, "玩完": 1, "告诉": 1, "简单": 1, "中芯国际": 2, "14": 3, "纳米": 3, "工艺": 2, "很快": 1, "投入": 1, "比利时": 1, "微电子": 1, "研究院": 1, "扶持": 1, "届时": 1, "用于": 1, "通信": 1, "系统": 2, "IT": 1, "高端": 1, "生产线": 1, "性能": 1, "够用": 2, "加上": 1, "中低端": 1, "台积电": 2, "轻松": 1, "保证": 1, "一千亿": 1, "销售": 1, "损失": 1, "陷入": 1, "苦难": 2, "随时": 1, "盟友": 1, "实施": 1, "猛烈": 2, "打击": 2, "惨": 1, "扛": 1, "住": 2, "力量": 1, "顶": 1, "政治": 1, "经济": 1, "产业链": 1, "中华民族": 1, "撑起": 1, "擎天大伞": 1, "14亿": 1, "人民": 1, "免受": 1, "科技": 1, "产业": 1, "崩溃": 1, "确实": 1, "图片": 1, "美的": 1, "刚刚": 1, "落下": 1, "帷幕": 1, "50万": 1, "投稿": 1, "堪称": 1, "年度": 1, "盛事": 1, "拍出": 1, "戳": 1, "学习": 1, "一下O": 1, "方舟": 1, "编译器": 1, "明天": 1, "开源": 1, "适配": 1, "条": 1, "讨论": 1, "🙋🏻": 1, "‍♂": 1, "️​": 1, "华尔街": 1, "日报": 1, "独家": 1, "知情": 2, "透露": 1, "检察官": 1, "调查": 1, "涉嫌": 1, "技术": 1, "盗窃": 1, "事件": 2, "现有": 1, "针对": 1, "这家": 1, "电信": 1, "刑事": 1, "案件": 1, "审查": 1, "包括": 1, "指控": 1, "多年": 1, "人和": 1, "窃取": 1, "知识": 1, "产权": 1, "竞争": 1, "对手": 1, "招募": 1}