{"崔娃": 7, "脱口秀": 15, "吐槽": 9, "美国": 57, "政府": 6, "作弊": 8, "耍赖": 8, "攻击": 9, "华为": 129, "近日": 7, "节目": 8, "行政": 7, "手段": 14, "封禁": 7, "5G": 28, "中国": 35, "相比": 7, "如同": 7, "LD": 7, "DVD": 7, "区别": 7, "技术": 17, "遥遥领先": 7, "打压": 10, "想": 8, "监视": 7, "全世界": 7, "可惜": 6, "L中报": 10, "视频": 37, "秒拍": 19, "​": 11, "注册": 31, "鸿蒙": 29, "商标": 24, "网友": 5, "感叹": 1, "字": 2, "太": 1, "寓意": 1, "众多": 7, "都": 15, "出自": 7, "山海经": 9, "鸿鹄": 2, "、": 13, "乾坤": 2, "昆仑": 2, "玄武": 1, "朱雀": 1, "凌霄": 1, "麒麟": 1, "不得不": 1, "取名": 4, "讲究": 1, "喜欢": 1, "诗经": 1, "楚辞": 1, "典故": 1, "琼瑶": 1, "小说": 1, "名字": 2, "孩子": 3, "买": 1, "翻": 2, "参考": 1, "引用": 1, "崔天凯": 8, "：": 23, "遭遇": 6, "实在": 6, "不同寻常": 5, "中方": 10, "措施": 6, "维护": 6, "权益": 6, "当地": 3, "时间": 3, "24日": 10, "驻": 3, "大使": 3, "崔": 3, "天凯": 3, "接受": 3, "彭博": 3, "电视台": 3, "采访": 3, "美": 5, "贸易": 4, "事件": 5, "阐述": 2, "立场": 6, "谈判": 2, "不确定性": 2, "很": 3, "程度": 2, "美方": 4, "频繁": 2, "改变": 2, "始终": 2, "一贯": 2, "出尔反尔": 2, "企业": 3, "人民": 4, "国家": 14, "合法": 3, "谈": 3, "动用": 3, "力量": 5, "民营": 3, "公司": 5, "主持人": 13, "力挺": 6, "！": 13, "@": 9, "中报": 4, "报道": 7, "著名": 6, "激光": 5, "影碟": 5, "纷纷": 4, "评论区": 3, "留言": 3, "认同": 3, "整本山": 7, "海经": 7, "这是": 1, "中华": 1, "浪漫": 1, "王尼玛": 1, "WiFi": 5, "联盟": 13, "暂时": 6, "撤销": 5, "会员": 11, "资格": 11, "意味着": 3, "未来": 4, "参与": 4, "无线": 4, "标准": 7, "制定": 6, "回应": 1, "组织": 2, "#别": 1, "担心": 1, "底气": 1, "影响": 1, "孤立无援": 1, "任人宰割": 1, "民众": 1, "都会": 1, "支持": 1, "央视": 1, "锐评": 2, "绝地": 2, "反击": 2, "居安思危": 2, "精神": 1, "正是": 1, "攀登": 1, "科技": 3, "高峰": 1, "所在": 1, "L": 9, "新闻": 1, "联播": 10, "国际": 1, "安卓": 2, "官网": 3, "移除": 2, "手机": 2, "P30": 1, "MateX": 2, "折叠": 1, "Android": 2, "展示": 1, "界面": 1, "P30Pro": 1, "款": 1, "设备": 2, "此前": 1, "谷歌": 2, "暂停": 5, "合作": 1, "海外版": 1, "更新": 1, "随后": 1, "任正非": 2, "办法": 1, "解决": 1, "消息": 2, "称": 6, "wifi": 1, "显示": 8, "名单": 4, "老板": 10, "联播L": 1, "市场": 1, "世界": 1, "第一": 1, "环球网": 1, "​​​": 1, "知识": 8, "产权局": 8, "商标局": 7, "网站": 8, "申请": 13, "日期": 12, "2018年": 7, "8月": 6, "公告": 6, "2019年": 6, "5月": 7, "14日": 6, "传说": 6, "一个": 6, "时代": 6, "混沌": 6, "世人": 6, "比作": 6, "远古": 6, "时期": 6, "意外": 6, "日报O": 1, "寻常": 1, "日报": 2, "感受": 1, "芯片": 2, "实力": 2, "L环球网": 1, "梨": 1, "天沛": 1, "传": 1, "Wi-Fi": 9, "蓝牙": 3, "协会": 9, "；": 1, "负责": 2, "批准": 1, "认证": 1, "BluetoothSIG": 1, "授权": 1, "SD": 7, "成员": 2, "消失": 1, "SD卡": 1, "microSD卡": 1, "O": 1, "网页": 1, "链接": 1, "特朗普": 2, "崔娃TrevorNoah": 1, "幸运": 1, "狂人": 1, "不惜": 1, "ICT": 2, "大赛": 1, "2018-2019": 1, "全球": 3, "总决赛": 1, "深圳": 1, "基地": 1, "拉开": 1, "序幕": 1, "精英们": 1, "大显身手": 1, "高下": 1, "领略": 1, "各国": 1, "代表队": 1, "风采": 1, "标注": 1, "商品": 1, "用于": 1, "操作": 1, "系统": 1, "程序": 1, "进一步": 1, "搜索": 1, "查到": 1, "鸿雁": 2, "简直": 1, "神话": 1, "战争": 2, "传统": 1, "信息战": 1, "科技战": 1, "……": 3, "A国": 1, "冷战": 1, "思维": 1, "多年": 1, "一点": 1, "改": 1, "认认真真": 1, "好好": 2, "学习": 1, "学问": 1, "立国": 2, "工业": 1, "日媒": 1, "日经": 1, "亚洲": 1, "评论": 1, "存储卡": 2, "均": 1, "移出": 1, "JEDEC": 1, "固态": 1, "自愿": 1, "撤回": 1, "发言人": 1, "份": 1, "电子": 1, "邮件": 1, "声明": 1, "剥夺": 1, "情况": 1, "遵守": 2, "美国商务部": 3, "命令": 3, "有限": 2, "涵盖": 1, "活动": 1, "Authority": 1, "同日": 1, "分析": 1, "生产": 1, "产品": 1, "发展": 1, "再有": 1, "发言权": 1, "SDA": 1, "删除": 1, "媒体": 1, "回复": 1, "信中": 1, "证实": 1, "观察者": 1, "网": 1, "O日媒": 1, "事先": 1, "海思": 1, "博士": 1, "+": 1, "2020": 1, "届": 1, "应届生": 1, "招聘": 1, "西安": 2, "交通": 2, "大学": 2, "签约": 1, "就业": 3, "4214": 1, "人数": 2, "315": 1, "历年来": 1, "最多": 1, "单位": 1, "画": 1, "飞": 1, "大展宏图": 1, "加油华": 1, "科比": 1, "凌晨": 2, "4点": 1, "洛杉矶": 1, "1点": 1, "食堂": 1, "L笑": 1, "拔": 1, "胸毛": 1}