{"华为": 74, "启动": 9, "6G": 15, "研究": 10, "手机": 37, "几G": 2, "确认": 2, "加拿大": 12, "网络": 3, "称": 2, "大学": 3, "研究者": 3, "展开": 2, "洽谈": 3, "相关": 1, "人员": 1, "：": 11, "5G": 54, "很": 2, "展望": 2, "进化": 1, "一部分": 2, "信号": 1, "​": 22, "开售": 7, "中国": 10, "北京": 4, "营业厅": 3, "售出": 2, "8月": 12, "16日": 9, "第一": 7, "款": 4, "商用": 7, "Mate20X5G": 8, "首销": 2, "开启": 3, "上午": 1, "台": 10, "公司": 3, "三里屯": 1, "首位": 3, "买到": 2, "公开": 1, "渠道": 3, "发售": 12, "女士": 2, "媒体": 5, "工作者": 1, "用户": 3, "新京报": 1, "联想": 6, "股价": 4, "暴跌": 4, "背后": 2, "市场": 3, "营收": 2, "下滑": 2, "净利润": 3, "1/16": 2, "15日": 5, "@": 3, "发布": 2, "财季": 1, "业绩": 4, "1.62亿": 1, "美元": 2, "11亿": 1, "人民币": 1, "同比": 1, "增": 1, "111%": 1, "对此": 1, "成绩": 1, "集团": 2, "董事长": 1, "兼": 1, "CEO": 1, "杨元庆": 1, "财年": 1, "季度": 1, "成功": 1, "延续": 1, "向上": 1, "攀登": 1, "态势": 1, "这是": 2, "艰苦": 1, "整合": 1, "转型": 1, "一个": 5, "开端": 1, "公布": 1, "当天": 1, "6%": 1, "一度": 1, "跌": 1, "超": 8, "8%": 1, "知名": 1, "企业": 3, "何以": 1, "市界O": 1, "NO.1": 1, "💜": 1, "☪​": 1, "刘": 3, "老师": 2, "解说": 2, "高分": 1, "烧脑": 1, "科幻": 1, "电影": 6, "星际": 1, "穿越": 1, "剧情": 1, "、": 14, "画面": 1, "配乐": 1, "都": 5, "堪称": 1, "精良": 1, "配合": 1, "超强": 1, "影音": 1, "功能": 2, "平板": 2, "M6": 2, "重温": 1, "仿佛": 1, "置身": 1, "IMAX影院": 1, "！": 10, "同学": 1, "值得": 3, "二刷": 2, "经典": 1, "推荐": 1, "L": 2, "秒拍": 2, "视频": 10, "老邪": 2, "老": 1, "邪心": 1, "休·杰克曼": 1, "主演": 1, "小众": 1, "马戏": 1, "王": 1, "这部": 2, "毫无疑问": 1, "场": 1, "身临其境": 1, "般的": 1, "视听": 1, "盛宴": 1, "歌": 1, "舞台": 1, "表演": 1, "反复": 1, "观看": 1, "L老邪说": 1, "10:08": 2, "双模": 5, "Mate20": 7, "X": 7, "(": 5, ")": 5, "就要": 1, "上手": 1, "感受": 1, "字": 1, "____": 1, "猜": 1, "L华": 1, "终端": 2, "官方": 7, "境外": 2, "曝": 3, "探索": 2, "报道": 2, "渥太华": 3, "中心": 1, "研发": 4, "下一代": 1, "无线": 1, "技术": 1, "驻": 1, "策略": 1, "副总裁": 1, "SongZhang": 1, "演进": 1, "落实": 1, "落地": 1, "布局": 2, "O": 2, "整点": 1, "播": 1, "每经": 3, "8点": 3, "丨华": 3, "首款": 10, "预约量": 9, "突破": 9, "100万": 8, "今日": 10, "正式": 12, "；": 11, "网民": 2, "人均": 2, "装": 2, "56": 2, "APP": 3, "1": 1, "截至": 4, "中午": 2, "12点": 2, "唯一": 2, "支持": 2, "SA/NSA": 2, "10点": 3, "预约": 10, "四": 3, "下午": 2, "3点半": 2, "商城": 5, "人数": 8, "32.7万": 2, "京东": 2, "旗舰店": 6, "24.4万": 2, "天猫": 3, "24.3万": 2, "苏宁": 2, "易购": 2, "9.5万": 2, "印度": 1, "真人": 1, "假冒AI": 1, "编程": 1, "骗取": 1, "2950万": 1, "融资": 1, "3": 1, "每日": 2, "时长": 1, "4.7": 1, "小时": 1, "4": 1, "上海": 1, "暴雨": 1, "#O": 1, "美国": 2, "加州": 1, "政要": 1, "反对": 1, "华": 1, "加征": 1, "关税": 1, "韩国": 1, "军方": 1, "朝鲜": 1, "今晨": 1, "发射": 1, "枚": 1, "不明": 1, "飞行": 1, "物O": 1, "Mate20X": 2, "购买": 2, "尝鲜": 1, "O网页": 1, "链接": 2, "任正非": 3, "接受": 1, "英国": 2, "天空": 1, "新闻台": 1, "专访": 1, "抵挡": 1, "住": 1, "压力": 1, "特朗普": 2, "宣传": 1, "全世界": 1, "人民": 1, "厉害": 1, "空间": 1, "帮忙": 1, "打开": 1, "​L寰亚SYHP": 1, "心声": 1, "社区": 1, "微信": 1, "公号": 1, "文章": 1, "O华": 2, "旅行": 1, "美妙": 1, "在于": 1, "目的地": 2, "邂逅": 1, "许许多多": 1, "颜色": 2, "心目": 1, "最佳": 1, "快": 2, "nova5": 1, "iPro": 1, "段": 1, "色彩": 1, "旅": 1, "想": 2, "时间": 2, "上5G": 1, "份": 1, "详细": 1, "攻略": 1, "百万": 1, "真的": 4, "欣慰": 1, "孩子": 1, "长大": 1, "期待": 1, "之余": 1, "肯定": 1, "很多": 3, "小伙伴": 2, "跃跃欲试": 1, "买": 5, "钱": 1, "套餐": 1, "号码": 1, "戳": 1, "疑问": 1, "全都": 1, "答案": 1, "央视": 1, "财经": 1, "酷燃": 1, "NO.29": 1, "越来越": 1, "超前": 1, "时代": 2, "标准": 1, "制定者": 1, "才": 3, "铺开": 1, "代表": 1, "未来": 1, "产业": 1, "竞争": 2, "各国": 1, "激烈": 1, "场景": 2, "较量": 1, "请问": 1, "全球": 2, "火车站": 1, "位于": 1, "城市": 1, "上市": 3, "10时": 1, "08分": 1, "标配": 1, "8GB": 1, "+": 3, "256GB": 1, "售价": 2, "6199": 2, "元": 2, "线上": 1, "线下": 1, "同步": 1, "久等": 1, "多久": 1, "尴尬": 1, "中关村": 1, "在线": 1, "老哥": 1, "测华": 1, "游戏": 1, "延迟": 2, "造假": 1, "抓包": 1, "训练营": 1, "模式": 2, "打人": 1, "机测": 1, "……": 2, "G测": 1, "10": 2, "畅": 1, "体验机": 1, "柠檬": 1, "参观": 1, "东莞": 1, "。。。": 3, "办公室": 1, "体会": 1, "姥姥": 1, "大观园": 1, "心情": 1, "深圳": 1, "广东": 2, "智造": 1, "全国": 1, "珠三角": 3, "完胜": 2, "长三角": 3, "数据": 1, "显示": 1, "品牌": 3, "美的": 1, "格力": 1, "vivo": 1, "爆发": 2, "扛起": 1, "国货": 1, "大旗": 1, "崛起": 1, "小熊": 1, "电器": 1, "近日": 1, "成交": 1, "TOP100": 1, "名单": 1, "共有": 1, "40": 1, "上榜": 1, "数量": 1, "倍": 1, "L五环": 1, "短": 1, "「": 1, "小白": 1, "测评": 2, "」": 1, "~": 2, "快速": 2, "体验": 5, "国内": 1, "量产": 1, "模": 1, "开通": 1, "运营商": 2, "包": 1, "所在地": 1, "建": 1, "基站": 1, "提前": 1, "本期": 1, "简单": 1, "回答": 1, "现状": 1, "到底": 1, "可不可以": 1, "L小白": 1, "高尚": 1, "内部": 1, "员工": 2, "持股": 1, "富裕": 1, "目标": 1, "1%": 1, "大家族": 1, "为首": 1, "李嘉诚": 1, "走": 1, "这才": 1, "社会主义": 1, "道路": 1, "国": 1, "情怀": 1, "企业家": 1, "敬仰": 1, "13日": 1, "实验室": 1, "引领": 1, "发展": 1, "2月": 1, "招聘": 1, "名": 1, "增加": 1, "15%": 1, "投资": 1, "贵": 2, "小巡": 1, "说事": 1, "鸿蒙": 2, "OS": 1, "提到": 1, "分布式": 1, "系统": 1, "部署": 1, "跨平台": 1, "能力": 1, "黑科技": 1, "演示": 1, "嵌入": 1, "EMUI": 1, "不用": 1, "数据线": 1, "电脑": 1, "无缝": 1, "互联": 1, "互通": 1, "L建华": 1, "Wei业": 1, "地铁": 3, "神奇": 2, "地方": 3, "Mate30": 2, "系列": 1, "新机": 1, "偷拍": 1, "站": 1, "山": 2, "昨天": 1, "涨": 2, "别人": 1, "轮": 4, "骗场": 1, "进来": 1, "地主": 1, "场外": 1, "骗来": 1, "符合": 1, "利益": 1, "检视": 1, "仓位": 1, "估值": 1, "太": 1, "科技": 1, "主线": 1, "低位": 1, "死": 1, "肉": 1, "没钱": 1, "打算": 1, "换票": 1, "咸鱼": 1, "玩": 1, "版": 1, "24年": 1, "网龄": 1, "一早": 1, "有没有": 2, "买华": 2, "冲动": 2, "B&O": 1, "beat": 1, "TomFord": 1, "dyson": 1, "礼品O": 1, "今晚": 1, "22:00": 1, "淘宝": 1, "直播": 1, "通通": 1, "送给": 1, "三星": 1, "Note10": 1, "小米": 1, "雷军": 1, "网": 1, "差": 1, "评论区": 1, "排好队": 1, "安排": 1}