{"很": 5, "开心": 1, "来到": 1, "华为": 53, "nova4": 8, "奇遇": 3, "照相馆": 3, "邂逅": 1, "蜜语": 5, "红": 2, "甜蜜": 1, "浪漫": 2, "马上": 2, "2019年": 4, "新年": 11, "愿望": 4, "体重": 2, "瘦到": 2, "位数": 2, "​": 18, "平凡": 1, "坚守": 2, "必将": 1, "闪光": 1, "Mate20": 1, "系列": 1, "人像": 1, "留色": 1, "一个": 4, "都": 3, "生活": 4, "主角": 1, "O": 3, "网页": 2, "链接": 4, "关注": 2, "转发": 2, "想": 3, "功能": 1, "留住": 1, "2018年": 11, "人物": 1, "瞬间": 2, "抽": 1, "送": 1, "1": 1, "运动款": 1, "HUAWEI": 1, "WATCHGT": 1, "周六": 1, "@": 12, "抽奖": 2, "平台": 2, "公布": 2, "未来": 1, "可期": 1, "欢喜": 1, "元旦": 1, "之际": 1, "艾艾君": 1, "教": 1, "第一": 2, "锦鲤": 2, "①": 1, "本条": 1, "艾艾贴②": 1, "插入": 1, "话题": 1, "目标": 1, "许愿": 1, "③": 1, "3": 1, "好友": 2, "万元": 1, "礼": 1, "轻松": 1, "抱走": 1, "iPhoneXsmax": 1, "、": 6, "联想": 1, "Air": 1, "笔记本": 1, "Mate20X": 1, "美的": 1, "智能": 7, "冰箱": 1, "~": 2, "自行": 1, "戳图": 1, "！": 15, "听说": 1, "运势": 1, "～": 2, "12月": 6, "31日": 1, "每日": 1, "随机": 1, "揪出": 1, "幸运": 1, "送上": 1, "福气": 1, "豪礼": 1, "年度": 6, "出货量": 8, "首超": 3, "苹果": 15, "出货": 2, "超": 5, "2亿": 6, "台": 4, "全球": 13, "第二": 11, "手机": 11, "厂商": 3, "日媒": 4, "26日": 4, "报道": 6, "称": 6, "制造商": 4, "2018": 2, "超过": 7, "首次": 5, "整年": 3, "击败": 4, "公司": 13, "IDC": 4, "数据": 4, "显示": 4, "第三": 4, "季度": 4, "市场": 4, "份额": 4, "14.6%": 4, "13.2%": 4, "排名": 4, "老板": 7, "联播L": 2, "联播": 5, "秒拍": 7, "视频": 8, "媒体": 1, "特朗普": 4, "下令": 2, "美": 4, "企禁": 2, "中兴": 5, "通讯": 2, "设备": 5, "中方": 4, "回应": 5, "国家": 4, "证据": 2, "情况": 3, "滥用": 2, "名义": 2, "莫须有": 2, "罪名": 2, "科技": 3, "交流": 2, "合作": 4, "活动": 5, "政治化": 2, "企业": 2, "经营": 3, "设置": 2, "种种": 2, "障碍": 2, "实际上": 2, "无异于": 2, "自我": 2, "关闭": 2, "通向": 2, "开放": 2, "大门": 6, "公平": 2, "O媒体": 1, "深圳": 2, "虐童": 2, "事件": 2, "进展": 1, "：": 15, "女童": 1, "父母": 1, "刑事": 2, "立案": 1, "侦查": 1, "强制": 1, "措施": 1, "发布": 5, "利用": 1, "非法": 1, "刘某": 1, "监管": 1, "子女": 1, "状况": 1, "家中": 1, "安装": 1, "网络": 2, "监控": 1, "摄像头": 3, "账号": 1, "密码": 1, "便利": 1, "登录": 1, "偷窥": 1, "下载": 1, "编辑": 1, "违反": 1, "相关": 3, "法律": 1, "依法": 1, "作出": 1, "行政": 1, "处罚": 1, "平安宝": 1, "安​": 1, "L": 3, "来源": 1, "任正非": 2, "谈": 1, "5": 1, "gL": 1, "投资": 1, "舆情": 1, "4800万": 1, "广角": 1, "三": 1, "摄": 1, "自拍": 1, "极点": 1, "屏": 1, "今日": 2, "10:08": 2, "正式": 3, "开售": 2, "英国": 4, "大臣": 3, "5G": 6, "担忧": 4, "国防部": 4, "傲慢": 3, "偏见": 3, "针对": 1, "国防": 1, "提供": 1, "技术": 3, "27日": 2, "12月份": 1, "例行": 1, "记者会": 1, "新闻": 1, "发言人": 2, "吴谦": 1, "英方": 1, "表态": 1, "心中": 1, "根深蒂固": 1, "焦虑": 1, "纠结": 1, "期待": 1, "已久": 1, "TFBOYS": 1, "易烊": 1, "千玺": 1, "同款": 1, "终于": 1, "购机": 1, "赠自": 1, "拍杆": 1, "享花": 1, "/": 2, "农行": 1, "招行": 1, "6": 1, "期": 1, "免息": 1, "O网页": 1, "晓彤": 3, "nova": 2, "代言人": 1, "出席": 1, "首销": 1, "日线": 1, "现场": 2, "爆料": 1, "请": 1, "在座": 1, "女孩们": 1, "手": 2, "轮值": 5, "董事长": 5, "致辞": 6, "艰难困苦": 4, "休想": 2, "阻挡": 2, "步伐": 2, "郭平": 4, "透露": 1, "预计": 2, "销售": 2, "收入": 3, "1085亿": 2, "美元": 2, "同比": 2, "增长": 2, "21%": 2, "这次": 1, "题目": 1, "玉汝于成": 2, "郭": 1, "平称": 1, "平静": 1, "从未": 1, "停下": 1, "脚步": 1, "O华": 3, "首销日": 1, "关晓彤": 1, "带": 1, "红妆容": 1, "亮相": 1, "偶": 1, "戳": 1, "下图": 1, "~​": 1, "外部": 1, "压力": 1, "困难": 2, "依然": 2, "誓言": 1, "推动": 1, "发展": 1, "。。。": 1, "支持": 3, "guys": 1, "mate20": 2, "感来": 1, "太": 5, "本来": 1, "圈粉": 1, "想到": 1, "惊艳": 1, "起初": 1, "嫌弃": 1, "mate": 2, "背后": 1, "正方形": 1, "区域": 1, "丑乖": 2, "挺": 1, "可爱": 1, "操作": 2, "习惯": 1, "类似": 1, "转换": 1, "喜欢": 2, "边界": 1, "滑动": 3, "退回": 1, "界面": 1, "设定": 1, "毕竟": 1, "星人": 1, "单手": 1, "操控": 1, "大拇指": 1, "伸到": 1, "屏幕": 1, "摔": 1, "碎屏": 1, "几率": 1, "很多": 1, "贴心": 1, "方式": 1, "增加": 1, "使用感": 1, "包括": 1, "限于": 1, "长": 1, "选择": 1, "复制": 1, "文字": 1, "内容": 2, "双手": 1, "指长": 1, "图片": 1, "识别": 1, "网上": 1, "搜索": 1, "照片": 2, "说不定": 1, "搜到": 1, "衣服": 1, "电量": 1, "真心": 1, "适合": 1, "在外": 1, "坐车": 1, "坐": 2, "高铁": 1, "飞机": 1, "鹅": 1, "荣耀": 2, "业绩": 1, "客户": 2, "真切": 1, "认可": 1, "质疑": 1, "排挤": 2, "感谢": 3, "伙伴": 1, "社会": 1, "各界": 1, "信任": 1, "员工": 2, "努力": 1, "奋斗": 1, "家属们": 1, "奉献": 1, "折现": 1, "发出": 1, "👏👏": 1, "抽O": 1, "短": 1, "发布会": 2, "换汤不换药": 1, "V20": 1, "Nova4": 1, "究竟": 1, "区别": 1, "L短": 1, "": 1, "宋": 1, "轶": 1, "碧海": 1, "蓝天": 1, "作伴": 1, "nova星人": 1, "宋轶xiaoyiy": 1, "i趣": 1, "玩": 1, "红版": 1, "感受": 1, "广阔": 1, "视野": 1, "体验": 1, "卓越": 1, "音质": 1, "仙女": 2, "&": 1, "终端": 1, "官方": 1, "淡雅": 1, "浓烈": 1, "交汇": 1, "掀": 1, "红色": 2, "时尚": 3, "风暴": 1, "外交部": 3, "禁止": 3, "华春莹": 1, "冬季": 3, "梁睿瑶": 1, "近日": 1, "美国": 2, "起诉": 1, "T-Mobile": 1, "电信": 1, "运营商": 1, "拒绝": 1, "签署": 2, "专利": 1, "授权": 1, "协议": 1, "4G": 1, "赔偿": 1, "8000万": 1, "人民币": 1, "刚刚": 1, "停止": 2, "日本": 3, "安川": 3, "电机": 3, "订单": 2, "彭博社": 1, "13日": 1, "冻结": 1, "采购": 1, "社长": 1, "采访": 1, "23%": 1, "中国": 3, "股价": 1, "模样": 1, "母婴": 1, "时代": 2, "上周": 1, "推荐": 1, "百度": 1, "天朝": 1, "科技界": 1, "CP": 1, "联合": 1, "语音": 1, "小度": 1, "模式": 1, "拿到": 1, "产品": 3, "女儿": 1, "把玩": 1, "动手": 1, "嘴": 1, "寒冷": 1, "温暖": 1, "家庭": 1, "安利": 1, "爱": 1, "搞机": 2, "老父亲": 1, "每次": 2, "神器": 1, "家里人": 1, "便捷": 1, "成就感": 1, "爆棚": 1, "这才": 1, "动力": 2, "厨师": 1, "来源于": 1, "食客们": 1, "带来": 1, "美味": 1, "全年": 1, "名": 1, "三星": 1, "11月": 1, "1日": 1, "财报": 1, "销量": 2, "库克": 1, "卖": 1, "钱": 1, "当年": 1, "看法": 1, "格局": 1, "确实": 1, "敬佩": 1, "IT": 1, "杂谈": 1, "博物馆": 1, "湿地": 1, "群野": 1, "鸭子": 1, "拍": 2, "发": 1, "……": 2, "野鸭": 1, "警惕": 1, "走近": 1, "飞到": 1, "远处": 1, "远": 1, "只能": 1, "拍出": 1, "效果": 1, "友": 2, "方案": 1, "选": 1, "买部": 1, "超长": 1, "焦距": 1, "相机": 1, "OK": 1, "带上": 1, "床": 1, "毛毯": 1, "头": 1, "插满": 1, "树枝": 1, "涂成": 1, "大花脸": 1, "潜伏": 1, "拍摄": 1, "我默": 1, "案": 1, "贵": 1, "二案": 1, "冷": 3, "遂": 1, "办法": 1, "潜水": 1, "默": 1, "吩咐": 1, "助理": 1, "晚上": 1, "成都": 1, "有事": 1, "火锅": 1, "取消": 1, "过期": 1, "酱酒": 1, "喝": 1, "陪": 1, "吃": 1, "稀饭": 1, "馒头": 1, "✖": 1, "️关": 1, "礼貌": 1, "小姑娘": 1, "下午": 1, "见面": 1, "流程": 1, "哥哥": 2, "结束": 1, "辛苦": 2, "记忆犹新": 1, "实在": 1, "消息": 1, "人士": 1, "统领": 1, "明年": 1, "项": 1, "政令": 1, "原因": 1, "竞赛": 1, "提前": 1, "下手": 1, "挡": 1, "外面": 1, "年轻": 1, "突破": 1, "著名": 1, "设计师": 1, "兰玉": 1, "携手": 1, "跨界": 1, "定制": 1, "青春": 1, "宋轶": 1, "套": 1, "服饰": 1, "完美": 1, "呈现": 1, "创业": 1, "果敢": 1, "温迪": 1, "变换": 1, "盐": 1, "甜": 1, "线下": 1, "实力": 1, "演绎": 1, "演员": 1, "深厚": 1, "功底": 1, "抹": 1, "闪耀": 1, "自信": 1, "着实": 1, "着迷": 1}