{"罗永浩": 3, "吐槽": 1, "周杰伦": 2, "人民": 1, "日报": 1, "评打榜": 1, "偶像": 1, "发光": 1, "成功": 3, "不无道理": 1, "锤子": 1, "不无": 1, "原因": 1, "请": 1, "嘴": 1, "留情": 1, "一个": 4, "科技": 9, "公司": 3, "老板": 6, "学会": 1, "关心": 2, "无关紧要": 1, "用心": 1, "产品": 4, "学学": 1, "华为": 54, "做成": 1, "企业家": 1, "都": 6, "喷": 1, "@": 10, "​": 19, "首款": 13, "折叠屏": 16, "手机": 37, "入网": 19, "许可": 17, "工信部": 2, "中心": 2, "显示": 2, "MateX": 4, "此前": 4, "高管": 2, "透露": 2, "款": 13, "有望": 2, "上市": 2, "型号": 2, "TAH-AN00": 2, "终端": 4, "款式": 2, "折叠": 8, "这是": 2, "第二": 2, "5G": 12, "O华": 2, "为首": 3, "许可​": 1, "nova5i": 1, "公主": 1, "画师": 1, "屏幕": 3, "工作": 3, "原理": 1, "形态": 1, "突破": 1, "！": 20, "将要": 1, "开启": 1, "新时代": 1, "究竟": 4, "视频": 20, "解答": 1, "~": 1, "viaL": 1, "科学": 1, "懂": 2, "恭喜华": 1, "速率": 2, "快": 3, "华": 2, "刚": 1, "带": 2, "体验": 1, "HUAWEIMateX": 1, "接入": 1, "网络": 1, "亲测": 1, "下载": 1, "超过": 2, "1Gbps": 1, "点击": 1, "：": 11, "L": 4, "秒拍": 6, "钱": 1, "最佳": 1, "定价": 1, "期待": 3, "开售": 2, "卖": 2, "价格": 3, "尺寸": 1, "8": 1, "英寸": 1, "任正非": 8, "家人": 2, "特朗普": 3, "性格": 2, "强势": 2, "7月": 6, "20日": 3, "接受": 1, "雅虎": 3, "财经": 4, "采访": 1, "从来": 1, "美国": 4, "参观": 1, "政客": 1, "门前": 1, "进来": 1, "别人": 1, "开会": 1, "外面": 1, "提到": 3, "一点": 1, "来源": 1, "联播": 4, "中国": 6, "电信": 2, "设备": 2, "进网": 2, "许可证": 2, "双模": 2, "Mate20X5G": 2, "版": 5, "26日": 2, "发布": 8, "华春莹": 5, "外交部": 5, "新闻司": 4, "司长": 5, "你好": 1, "经典": 2, "语录": 1, "很": 3, "担心": 1, "苹果": 1, "窃听": 1, "改用": 1, "周一": 1, "上午": 1, "官方": 1, "网站": 1, "更新": 1, "正式": 1, "公布": 1, "、": 11, "发言人": 2, "陆慷": 3, "去向": 1, "北美": 1, "大洋洲司": 1, "接棒": 1, "值得": 2, "接替": 1, "出任": 1, "正是": 1, "前不久": 1, "刚刚": 1, "结束": 1, "中央": 1, "党校": 1, "中青班": 1, "培训": 1, "回到": 1, "戳": 1, "问答": 1, "深圳": 3, "卫视": 1, "L直": 1, "新闻": 1, "nova舞": 2, "终于": 2, "见面": 1, "编": 1, "一部分": 1, "～": 3, "酷": 1, "赶紧": 1, "battle": 2, "nova5": 2, "夜色": 2, "美": 3, "L陈博文": 1, "CasterCrew": 1, "2009-2019年": 1, "企业": 7, "世界": 6, "500": 5, "排名": 6, "变化": 1, "2019年": 1, "财富": 3, "全球": 1, "十大": 1, "第五": 1, "京东": 1, "第八": 1, "10年": 1, "数量": 1, "增多": 1, "逐年": 1, "大幅度": 1, "提升": 1, "L梨": 1, "鸿蒙": 4, "虚实": 2, "进退": 1, "冒险": 1, "签署": 1, "系列": 3, "内部": 1, "改革": 1, "文件": 1, "备胎": 1, "计划": 1, "按下": 1, "启动": 1, "键": 1, "外界": 1, "最为": 1, "放出": 1, "自主": 3, "操作": 1, "系统": 1, "事实上": 1, "业务": 1, "底线": 1, "思维": 1, "法律": 1, "舆论": 1, "场绝": 1, "反击": 1, "组合": 1, "通盘": 1, "策略": 1, "应对": 1, "当下": 1, "危机": 1, "环": 1, "杂志O": 1, "进退​": 1, "研发": 5, "投入": 4, "Top10": 2, "起底": 1, "盘点": 1, "第一": 1, "名": 4, "竟": 2, "BAT": 1, "总和": 1, "L知": 1, "未": 1, "超酷炫": 1, "喜欢": 1, "赶快": 1, "挑战": 1, "我等": 1, "LARMY-XCREW-JC俊": 1, "​​​": 1, "越来越": 1, "明星": 1, "用华": 1, "趋势": 1, "挡": 1, "不住": 1, "甄子": 1, "丹手": 1, "黄金版": 1, "P30pro酷": 1, "轰动": 1, "日本": 2, "天朝": 2, "黑科技": 3, "国产": 1, "爆发": 1, "大疆": 1, "……": 1, "逆天": 1, "袭来": 1, "如今": 1, "吓呆": 1, "歪": 1, "果仁": 1, "想到": 1, "平常": 1, "见怪不怪": 1, "网红": 1, "收下": 1, "膝盖": 1, "O": 1, "网页": 1, "链接": 2, "辟谣": 5, "谣言": 5, "粉碎机": 1, "净网": 1, "2019": 1, "上周": 1, "榜单": 1, "新鲜": 1, "出炉": 1, "交通法": 1, "15日": 1, "实施": 1, "涉及": 1, "灭火器": 1, "安全带": 1, "旧谣": 1, "炒": 1, "开车": 1, "警察": 1, "打人": 1, "劝架": 1, "大胆": 1, "网友": 2, "断章取义": 1, "行政": 1, "处罚": 1, "联通": 1, "支持": 1, "广东": 1, "运钞车": 1, "劫": 1, "警方": 3, "展开": 1, "涉假": 1, "清查": 1, "父亲": 1, "杀死": 1, "亲生": 1, "儿子": 1, "虎毒不食子": 1, "接到": 1, "警情": 1, "长江": 1, "涨潮": 1, "鳄鱼": 3, "爬": 2, "上岸": 1, "远": 1, "嫌": 1, "累": 1, "三亚": 1, "大东湾": 1, "咬": 1, "画面": 1, "太": 1, "血腥": 1, "鲸鱼": 1, "救治": 1, "2017年": 1, "造谣者": 1, "刚通网": 1, "沸沸扬扬": 1, "马鞍山": 1, "女子": 3, "骚扰": 1, "通报": 1, "均": 1, "编造": 1, "依法": 1, "刑事": 1, "强制": 1, "措施": 1, "当街": 1, "抢": 1, "十七八": 1, "岁": 1, "男孩": 1, "偷器官": 1, "熊孩子": 1, "外出": 1, "家长": 1, "强行": 1, "回家": 1, "造谣": 2, "张嘴": 1, "跑断": 1, "腿": 1, "万人转": 1, "兼听则明": 1, "偏信则暗": 1, "理智": 1, "自散": 1, "拒绝": 2, "传谣": 1, "戳图": 1, "捉谣记": 1, "互联网": 1, "联合": 1, "平台": 1, "公安": 1, "同城": 1, "美的": 2, "烟火": 2, "——": 2, "夜华": 1, "也许": 2, "凌晨": 1, "四点": 1, "洛杉矶": 1, "晚上": 1, "十点": 1, "溪流": 1, "背坡村": 1, "万家灯火": 1, "菊厂": 1, "奋斗": 2, "乘风破浪": 1, "挂": 1, "云帆": 1, "无悔": 2, "青春": 1, "亦": 1, "人间": 1, "盛年": 1, "重来": 1, "一日": 1, "难": 1, "晨": 1, "From": 1, "孟晚舟": 1, "3C": 1, "认证": 1, "一共": 1, "6": 1, "拿到": 1, "中兴": 1, "天机10": 1, "Pro5G": 1, "OPPO": 1, "Reno5G": 1, "三": 2, "MateX5G": 1, "折": 1, "叠屏": 1, "独特": 1, "设计": 1, "号称": 1, "麒麟980": 1, "+": 1, "巴龙": 1, "5000": 1, "基带": 1, "55": 1, "W": 1, "超级": 1, "闪充": 1, "置": 1, "通用": 1, "摄": 2, "4000万": 1, "像素": 2, "广角": 2, "Mate20Pro": 1, "同款": 1, "IMX600": 1, "＋": 5, "16": 1, "MP超": 1, "8M": 1, "P长": 1, "焦": 1, "亮点": 1, "据说": 1, "暑期": 1, "估计": 1, "15999": 1, "意义": 1, "招": 2, "6000": 2, "员工": 2, "出货": 2, "2.7亿": 4, "专访": 2, "生产": 4, "买": 2, "高通": 4, "1亿": 2, "芯片": 6, "不用": 2, "依然": 2, "选择": 2, "合作": 2, "称": 2, "不再": 3, "供应": 2, "停止": 1, "提高": 2, "产量": 2, "先进": 1, "风险": 1, "低": 1, "联播L": 1, "王": 1, "跃琨": 1, "评测": 1, "。。。。。": 1, "7nm": 1, "工艺": 1, "旗舰级": 1, "麒麟810": 2, "4800万": 1, "夜拍": 1, "···明天": 1, "14:30": 1, "揭晓": 1, "荣耀": 2, "9": 1, "X": 1, "记得": 1, "锁定": 1, "花花": 1, "图文": 1, "直播": 2, "想": 1, "可爱": 1, "上华": 1, "观看": 1, "O网页": 1, "骄傲": 1, "自豪": 1, "央视": 2, "主动": 2, "入伍": 1, "自来水": 2, "大军": 1, "中国海": 1, "陆": 1, "空": 1, "三军": 1, "；": 1, "刘德华": 1, "刘涛": 1, "蔡少芬": 1, "沈腾": 1, "郑恺": 1, "众多": 1, "娱乐圈": 1, "大咖": 1, "近日": 1, "麒麟": 1, "810": 1, "即将": 1, "八月": 1, "智慧": 2, "屏": 2, "报道": 1, "品牌": 2, "新晋": 1, "成员": 1, "力量": 1, "号召力": 1, "各行各业": 1, "民族": 1, "渴望": 1, "呼唤": 1, "联接": 1, "未来": 1, "HUAWEIMate20X5G": 1, "疑问": 1, "指关节": 1, "交互": 1, "为啥": 1, "抄": 1, "曝光": 1, "Nova5iPro真": 1, "机照": 1, "Mate20": 1, "翡": 1, "冷翠": 1, "纹理": 1, "变身": 1, "浴霸": 1, "4": 1, "4800W": 1, "800W": 1, "200W": 2, "LCD": 1, "挖": 1, "孔": 1, "后置": 1, "指纹": 1, "下巴": 1, "稍宽": 1, "质感": 1, "相比": 1, "Mate": 1, "差": 1, "消息": 1, "搭载": 1, "前置": 1, "3200万": 1, "4000": 1, "毫安": 1, "电池": 1, "感觉": 1, "Nova": 1, "产品线": 1, "稍": 1, "乱": 1, "配": 1, "图源": 1, "水印": 1, "杂志": 1, "最新": 1, "Apple位列": 1, "第11": 1, "三星": 1, "第15": 1, "微软": 1, "第60": 1, "61": 1, "小米": 2, "首次": 1, "上榜": 1, "第468": 1, "九": 1, "时间": 1, "名单": 1, "表现": 1, "肯定": 1}