{"摩托罗拉": 1, "推出": 2, "折叠": 4, "手机": 40, "MotorolaRazr": 1, "款": 6, "翻盖": 1, "折": 2, "叠屏": 2, "此前": 1, "三星": 1, "华为": 65, "折叠屏": 4, "设计": 5, "思路": 1, "对此": 1, "喜欢": 4, "横折": 1, "竖折": 1, "​": 17, "台湾": 18, "标为": 4, "中国": 15, "台": 10, "当局": 7, "跳脚": 4, "：": 5, "逼": 4, "电信": 11, "商停": 4, "卖": 5, "针对": 2, "系统": 5, "标示": 3, "改为": 2, "民进党": 2, "开出": 2, "第一": 4, "枪": 2, "14日": 6, "岛内": 3, "五大": 3, "电信商": 2, "停止": 3, "销售": 2, "P30": 2, "、": 14, "P30Pro": 2, "Nova5T": 2, "3": 4, "改善": 3, "为止": 2, "联合": 4, "新闻网": 3, "报道": 3, "5": 2, "业者": 3, "回复": 2, "称": 4, "近期": 2, "减少": 2, "进货": 2, "加上": 2, "库存": 2, "本来": 2, "配合": 2, "国家": 3, "通讯": 2, "传播": 2, "委员会": 2, "办理": 2, "O": 2, "Mate": 1, "家族": 1, "添": 1, "成员": 1, "期待": 1, "11月": 5, "25日": 1, "上海": 1, "！": 19, "昨天": 2, "ELLEMEN": 5, "电影": 9, "英雄": 8, "盛典": 7, "Mate30": 12, "5G版": 3, "直播": 8, "讲真": 1, "拥有": 4, "5G": 20, "适合": 1, "网速": 2, "真的": 6, "一个": 3, "惊喜": 1, "秒": 1, "下载": 1, "快感": 1, "卡顿": 1, "机型": 1, "领军者": 1, "系列": 4, "摄像头": 5, "双主": 1, "摄/7680": 1, "帧": 1, "高速": 1, "摄影": 2, "/": 1, "电影级": 2, "镜头": 5, "平时": 2, "需求": 1, "完美": 1, "拍出": 1, "VLOG": 1, "视频": 9, "强大": 3, "影像力": 2, "值得": 1, "～": 1, "HUAWEIMateX": 3, "发售": 2, "感兴趣": 1, "朋友们": 2, "万象": 1, "天地": 1, "旗舰店": 1, "上手": 3, "体验": 6, "​​​": 1, "(": 1, "NCC": 3, ")": 1, "透露": 1, "包括": 3, "中华": 1, "大哥大": 1, "远传": 1, "星": 1, "亚太": 1, "代理": 1, "商讯崴": 1, "贩卖": 1, "讯崴": 2, "尽快": 1, "3C达人": 1, "这次": 1, "更新": 1, "刻意": 1, "技术": 2, "疏忽": 1, "理解": 1, "品牌": 2, "立场": 1, "发布": 4, "新机": 1, "Mate30Pro恐": 1, "影响": 2, "大陆": 1, "小米": 2, "OPPO": 1, "VIVO": 1, "回应": 1, "名": 4, "业内": 1, "人士": 2, "全球": 4, "市场": 3, "占": 1, "比例": 1, "退出": 1, "不大": 1, "仰赖": 1, "采购": 2, "台厂": 1, "供应链": 1, "冲击": 1, "届时": 1, "势必": 1, "降低": 1, "担心": 2, "以此": 1, "加剧": 1, "两岸": 1, "对抗": 1, "欲": 1, "停": 1, "松山湖": 1, "欧洲小镇": 1, "两万": 1, "员工": 2, "美的": 2, "办公": 2, "环境": 2, "条": 1, "苹果": 2, "笔记本": 1, "太": 1, "贵": 2, "找": 1, "价格": 1, "接受": 1, "上午": 2, "官网": 1, "抢到": 2, "MateX": 2, "二级": 1, "看一看": 2, "…………": 1, "……": 1, "免费": 1, "夜宵": 1, "工牌": 1, "份": 1, "加班": 1, "都": 7, "Mate30Pro": 2, "拍照": 3, "对比": 1, "iPhone11ProMax": 1, "性能": 2, "玩": 1, "游戏": 2, "码哥": 1, "宠粉": 1, "计划": 1, "L数码": 1, "酷燃": 1, "飞": 1, "火山": 1, "腿": 1, "软": 1, "美": 1, "相机": 2, "拍": 4, "2保山·火山": 1, "地热": 1, "地质": 1, "公园": 1, "软硬件": 1, "均": 1, "自主": 1, "知识": 1, "产权": 1, "首款": 4, "搭载": 1, "PC级": 1, "CPU台": 1, "式机": 1, "——": 1, "太行": 1, "220s": 1, "正式": 1, "亮相": 1, "独立": 2, "显卡": 1, "输": 1, "主流": 1, "台式机": 1, "选": 1, "深度": 1, "麒麟": 1, "操作": 1, "预装": 1, "学习": 1, "编程": 1, "开发": 1, "图形": 1, "娱乐": 1, "软件": 2, "预计": 1, "明年": 1, "产量": 1, "60万": 1, "数码": 1, "L建华": 1, "Wei业": 1, "2019年": 2, "智能": 2, "硬件": 2, "质量": 2, "报告": 2, "综合": 4, "能力": 4, "测评": 2, "项": 2, "五星级": 4, "评价": 4, "智慧屏": 1, "感谢": 1, "产品": 4, "认可": 1, "鼓励": 1, "未来": 1, "努力": 2, "优质": 1, "带给": 1, "北京": 2, "举办": 2, "吸引": 1, "背后": 1, "幕后": 2, "众所周知": 1, "拍摄": 3, "超级": 1, "心意": 1, "旅游": 1, "暗": 2, "像素": 2, "清晰": 1, "超": 3, "暗拍": 1, "功能": 1, "4000万": 1, "天气": 1, "明朗": 1, "情况": 1, "糊": 1, "烦恼": 1, "最先": 1, "融合": 1, "AI": 1, "带": 1, "愿望": 1, "一番": 1, "空话": 1, "心动": 1, "小伙伴": 1, "赶紧": 1, "同款": 1, "深圳": 1, "总部": 1, "见到": 1, "自研": 1, "硬盘": 1, "容量": 1, "高达": 2, "32TB": 1, "看错": 1, "G是T": 1, "高清": 1, "装": 1, "上万": 1, "想要": 1, "外媒": 1, "P40Pro": 4, "概念": 3, "渲染": 2, "屏下": 1, "隐藏": 1, "前置": 1, "采用": 2, "瀑布": 1, "屏侧": 1, "边上": 1, "很多": 2, "图标": 1, "后置": 1, "数量": 1, "6": 1, "颗": 3, "序列": 1, "升级": 1, "四": 2, "3DTOF": 1, "上市": 1, "支持": 3, "购买": 1, "2Gbps": 3, "驾到": 1, "共享": 3, "M连片": 2, "网络": 4, "落地": 1, "青岛": 2, "联通": 6, "共建": 2, "精品": 2, "网": 1, "城": 1, "近日": 1, "山东": 2, "公司": 1, "200MHz": 1, "频谱": 2, "带宽": 2, "双载波": 1, "聚合": 2, "测试": 4, "现网": 2, "5G单": 1, "用户": 2, "下行": 1, "峰值": 1, "速率": 2, "乘坐": 1, "体验车": 1, "畅享": 1, "无缝": 1, "覆盖": 1, "单点": 1, "连片": 1, "创出": 1, "新高": 1, "迈进": 1, "时代": 4, "本次": 1, "M载波": 1, "基站": 1, "设备": 2, "终端": 4, "商用": 2, "Mate20X5G": 1, "版": 3, "发挥": 1, "200M": 1, "优势": 1, "构建": 1, "领先": 1, "带来": 1, "1+1>2": 1, "极致": 1, "#L": 1, "秒拍": 2, "波": 1, "回忆": 3, "杀": 1, "满满": 1, "不知不觉": 1, "养": 1, "毛": 1, "团子": 1, "时间": 1, "好快": 1, "苏苏": 1, "YOYO": 1, "快": 2, "三": 1, "岁": 1, "希望": 2, "健健康康": 1, "照片": 2, "嫌": 1, "抓住": 1, "很": 1, "不错": 2, "爸爸": 1, "康康": 1, "": 1, "萌宠": 1, "铲屎官": 1, "周末": 1, "第二": 1, "期": 1, "智慧": 1, "屏": 3, "​​": 2, "初冬": 1, "遗落": 1, "人间": 1, "诗": 1, "Pro": 1, "拍到": 1, "L华": 1, "官方": 1, "。。。": 1, "土豪": 1, "年度": 1, "理财": 3, "。。": 1, "真心": 1, "难": 1, "抢": 1, "好多": 1, "涅槃君": 1, "想到": 1, "粉丝群": 1, "粉丝们": 1, "纷纷": 1, "失败": 1, "贵阳": 1, "雷军": 3, "提环": 1, "绕屏": 1, "形态": 2, "秒光": 1, "15日": 4, "董事长": 1, "@": 2, "2019": 1, "合作": 1, "伙伴": 1, "大会": 1, "再次": 1, "推荐": 1, "研发": 1, "环绕": 2, "定价": 1, "19999": 1, "元": 4, "MATEX": 1, "还要": 1, "高出": 1, "3000": 1, "财联社": 1, "CC": 2, "财经": 2, "L财联社": 1, "MateX5G": 1, "屏旗": 1, "舰某": 1, "鱼": 1, "炒到": 1, "W-6W": 1, "开售": 3, "全网通": 1, "8GB": 1, "+": 4, "512GB": 2, "星际蓝": 2, "售价": 2, "16999": 2, "早间": 1, "证券报": 1, "记者": 1, "商城": 1, "获悉": 1, "屏5G": 1, "双模": 1, "10时": 1, "08分": 1, "全网": 1, "通8GB": 1, "CPU": 1, "型号": 1, "麒麟980": 1, "巴龙": 1, "5000": 1, "SA": 1, "NSA": 1, "组网": 1, "方式": 1, "4G": 1, "卡": 1, "双待": 1, "O华": 1, "心中": 1, "江湖": 1, "梦": 1, "例外": 1, "幻想": 1, "行侠仗义": 1, "走遍": 1, "天下": 1, "才": 1, "发现": 1, "平凡": 1, "默默无闻": 1, "小人物": 1, "付出": 1, "mate30": 2, "全程": 2, "场": 1, "活动": 2, "感光": 1, "徕卡": 1, "摄": 1, "影像": 2, "画面": 1, "好评": 1, "mate305": 1, "G版": 1, "专业": 1, "技能": 1, "图片": 1, "生动": 1, "回顾": 1, "精彩": 1, "开场片": 1, "带上": 1, "玩法": 1, "LELLEMEN": 1, "14号": 1, "影子": 1, "整场": 1, "群星": 1, "云集": 1, "呈现": 1, "行业": 1, "关注": 1, "焦点": 1, "运营商": 1, "套餐": 1, "确实": 2, "感受": 1, "悄悄": 1, "改变": 1, "生活": 1, "付费": 2, "维修": 5, "旧": 3, "配件": 3, "网友": 1, "返回": 1, "拒绝": 1, "律师": 1, "物权法": 1, "所有权": 1, "消费者": 1, "2012年": 1, "6月": 1, "8月": 1, "中消协": 1, "公开": 1, "点评": 1, "霸王": 1, "条款": 1, "零件": 1, "强制": 1, "留": 1, "件": 1, "LGeek_Cao": 1, "橙色": 1, "男生": 1, "倾向": 1, "绿色": 1, "素皮": 1, "感觉": 1, "~": 1, "想": 2, "买": 1, "…​": 1, "智闪": 1, "碰": 1, "快速": 1, "刷卡": 1, "简单": 1, "设置": 1, "省心": 1, "省力": 1, "戳": 1, "下方": 1, "图文get": 1, "详细": 1, "攻略": 1}