{"孟晚舟": 37, "家门口": 6, "记者": 10, "披萨": 12, "加拿大": 32, "通讯社": 3, "13日": 4, "消息": 3, "华为": 41, "CFO": 5, "日前": 5, "温哥华": 5, "家中": 3, "六": 3, "份": 7, "外卖": 3, "四": 7, "蹲守": 3, "门口": 3, "据悉": 3, "媒体": 3, "朋友": 1, "随后": 3, "传递": 3, "沿街": 3, "建筑": 3, "工地": 3, "工人们": 3, "庭审": 3, "直播": 3, "记录": 6, "显示": 4, "保释": 15, "条件": 3, "期间": 3, "不列颠哥伦比亚省": 3, "；": 7, "晚上": 3, "11点": 3, "早上": 3, "6点": 3, "家里": 3, "随时": 3, "狮门": 3, "安保": 3, "公司": 7, "24": 3, "小时": 3, "间断": 3, "监控": 3, "环球": 3, "时报": 3, "视频": 16, "曝光": 4, "寒风": 2, "尽显": 2, "坚强": 2, "不列颠哥伦比亚": 3, "高等": 3, "法院": 6, "当地": 3, "时间": 3, "11日": 3, "下午": 3, "作出": 3, "裁决": 3, "批准": 6, "首席": 3, "财务官": 3, "申请": 6, "一个": 6, "教育": 3, "女": 3, "商人": 3, "犯罪": 3, "当天": 3, "法庭": 3, "否认": 3, "美国": 6, "指控": 3, "新华社": 3, "L": 6, "新浪": 3, "财经": 3, "秒拍": 9, "民众": 5, "致电": 2, "中国": 31, "驻": 6, "使馆": 6, "：": 6, "政府": 9, "错误": 4, "致歉": 5, "12月": 8, "12日": 2, "市民": 3, "专程": 2, "来到": 2, "送": 2, "段": 5, "亲手": 2, "砍伐": 2, "云杉木": 4, "名": 6, "伐木": 2, "工人": 2, "加方": 2, "无理": 2, "拘押": 2, "公民": 4, "女士": 4, "感到": 2, "愤慨": 2, "外形": 2, "酷似": 2, "象征": 2, "北极熊": 2, "希望": 3, "以此": 2, "表达": 2, "人民": 4, "友好": 2, "感情": 2, "连日来": 2, "富有": 2, "正义感": 2, "电话": 2, "、": 6, "发来": 2, "邮件": 2, "网上": 2, "发帖": 2, "呼吁": 3, "释放": 2, "被捕": 2, "#O": 2, "网页": 2, "链接": 2, "17日": 6, "nova4": 8, "闪耀": 2, "焦": 1, "！": 9, "千玺": 6, "nova星": 3, "@": 11, "TFBOYS": 5, "易烊": 6, "千": 3, "玺": 4, "http": 1, "://t.cn/EUiEYH5": 1, "​": 14, "突破": 1, "边界": 1, "敬请": 2, "期待": 2, "L易烊": 1, "携手": 1, "点亮": 1, "未知": 1, "精彩": 1, "逆袭": 1, "12": 1, "手机": 13, "销量": 1, "超": 1, "iPhone": 1, "天猫": 1, "晚": 1, "公布": 1, "双12": 1, "销售": 9, "榜单": 1, "荣耀": 2, "品牌": 4, "金额": 4, "件数": 3, "第一": 2, "单品": 3, "桂冠": 1, "Mate20Pro": 1, "摘得": 1, "8": 1, "X": 1, "勇夺": 1, "双11": 1, "苹果": 2, "位于": 1, "项": 1, "数据": 1, "榜首": 1, "买": 2, "款": 1, "国产": 1, "谢艺观": 1, "推荐": 1, "引领": 1, "朝流": 1, "时尚": 1, "360": 1, "°": 1, "死角": 1, "实力派": 1, "nova星人": 1, "携": 1, "蜜语": 3, "红": 4, "带": 1, "品尝": 1, "热烈": 1, "粉": 1, "甜蜜": 1, "惊喜": 1, "~": 1, "L时尚": 1, "ESQ": 1, "想要": 1, "绽放": 1, "光彩": 1, "足够": 1, "出彩": 1, "触碰": 1, "才能": 1, "焦点": 1, "千玺L": 1, "终端": 1, "官方": 1, "产品线": 5, "负责人": 1, "5G": 15, "时代": 7, "流量": 3, "汽车": 2, "永不": 1, "碰撞": 2, "2018": 1, "全球": 1, "物联网": 1, "峰会": 1, "副总裁": 4, "杜叶青": 2, "谈": 3, "最新": 1, "行业": 1, "发展": 1, "趋势": 1, "即将": 1, "到来": 1, "公众": 1, "提供": 1, "商用": 2, "版本": 1, "随意": 1, "驾驶": 1, "节能": 1, "车队": 1, "安装": 1, "相关": 1, "设备": 1, "开车": 1, "发生": 1, "究竟": 4, "任正非": 4, "差距": 1, "这才": 1, "企业家": 1, "风范": 1, "L逗": 1, "玩": 1, "系列": 1, "创事": 1, "记": 1, "内部": 2, "讲话": 4, "西方": 1, "国家": 3, "认同": 1, "内容": 1, "惊叹": 1, "横贯": 1, "东西": 2, "跨": 1, "古今": 1, "视野": 1, "开阔": 1, "思想": 1, "深邃": 1, "极其": 1, "宽广": 1, "胸怀": 1, "审视": 1, "文明": 1, "差异": 1, "从中": 1, "找到": 2, "适用于": 1, "方法论": 1, "未来": 2, "增加": 2, "信心": 1, "O": 1, "光影": 2, "交织": 2, "流动": 1, "霓虹": 2, "斑驳": 2, "星耀版": 2, "·": 2, "用上": 3, "限量": 3, "套餐": 3, "大概": 1, "明年": 1, "6月": 1, "推出": 1, "整体": 1, "进程": 1, "最终": 1, "运营商": 1, "不用": 2, "担心": 2, "速度": 1, "O华": 1, "昨天": 1, "难过": 1, "明天": 1, "⋯⋯": 1, "做事": 1, "做人": 1, "都": 1, "腰杆": 1, "挺直": 1, "#1": 1, ".": 4, "展示": 1, "中国人": 2, "非凡": 1, "气度": 1, "国际": 1, "形象": 1, "加分": 1, "大众": 1, "同情心": 1, "3": 1, "无形中": 1, "美誉度": 1, "事件": 1, "危中": 1, "有机": 1, "无数": 1, "公关费": 1, "广告费": 1, "心态": 1, "必胜": 2, "封杀": 2, "第10": 2, "11": 2, "网络": 2, "瘫痪": 2, "!​": 2, "​​": 1, "微话": 1, "Logo": 2, "喜欢": 3, "为华": 1, "大有作为": 1, "请": 1, "评": 1, "赞": 1, "走": 1, "易": 1, "烊千": 1, "明星": 1, "过冬": 1, "越来越": 1, "冬天": 1, "裹": 1, "棉袄": 1, "穿": 1, "烊": 1, "字": 5, "弟弟": 1, "yyqx": 1, "唱歌": 2, "yy": 2, "qx": 2, "跳舞": 1, "帅好": 1, "看好": 1, "听": 1, "szdd四": 1, "好看": 1, "四字帅": 1, "好听yy": 1, "x华为yyqx": 1, "中戏": 1, "双料": 1, "第一yyqx帅yyqx": 1, "可爱": 1, "KDon'tTieMeDown-TFBOYS": 1, "千玺图cr": 1, "Mate20pro": 1, "拍摄": 1, "上师大": 1, "校园": 1, "上海": 1, "师范": 1, "大学": 1, "欧盟": 1, "德国": 1, "法国": 1, "感受": 1, "退出": 2, "奥巴马": 1, "总统": 1, "签署": 1, "伊核": 2, "协议": 2, "企业": 1, "伊朗": 1, "业务": 1, "往来": 1, "违法": 1, "抓捕": 2, "出头": 1, "做法": 1, "后果": 1, "伐木工": 1, "扛": 1, "造型": 1, "木": 1, "大使馆": 1, "歉意": 1, "受害者": 1, "有人": 1, "吃亏": 2, "违反": 2, "法律": 2, "抓": 3, "排除": 1, "犯法": 1, "遭罪": 1, "自由": 1, "家人": 1, "担惊受怕": 1, "日子": 1, "挑事儿": 1, "主动": 1, "让步": 1, "掰腕子": 1, "占": 1, "便宜": 1, "央视": 1, "新闻": 1, "铭记": 1, "历史": 1, "振兴中华": 1, "加油": 1, "🙏": 1, "🙏🙏": 1, "🙏​": 1, "香港": 1, "立法会": 1, "叶": 1, "刘": 1, "淑仪": 1, "购买": 1, "换成": 1, "支持": 1, "公報": 1, "公網": 1, "这几天": 1, "估计": 1, "找": 2, "愚蠢": 1, "倒霉蛋": 1, "公知": 3, "区分": 1, "很": 1, "简单": 1, "借口": 1, "兴高采烈": 1, "违法者": 1, "愤愤不平": 1}