{"#智": 1, "新春": 2, "家乡": 2, "都": 4, "独特": 2, "情怀": 1, "秦淮河": 1, "畔": 1, "小桥": 1, "流水": 1, "火锅": 1, "口": 2, "鲜香": 1, "…": 1, "关注": 5, "+": 5, "转评": 2, "一句话": 1, "证明": 1, "_____人": 1, "小云": 1, "抽": 4, "送出": 2, "华为": 58, "畅享": 1, "8e手机": 1, "​": 21, "索罗斯": 4, "称": 8, "中企": 2, "主导": 6, "5G": 15, "威胁": 4, "世界": 12, "华春莹": 8, "：": 11, "人士": 4, "端正": 4, "态度": 7, "放远": 4, "眼光": 6, "金融": 3, "投资家": 2, "周四": 2, "出席": 2, "达沃斯": 2, "论坛": 2, "一个": 5, "晚宴": 2, "发出": 4, "警告": 2, "中国": 9, "企业": 6, "技术": 5, "发展": 10, "各国": 4, "化解": 2, "中兴": 2, "通讯": 2, "公司": 4, "市场": 11, "占据": 2, "地位": 2, "带来": 6, "接受": 3, "风险": 2, "对此": 3, "25日": 2, "外交部": 2, "例行": 2, "记者会": 2, "回应": 7, "颠倒": 4, "黑白": 4, "是非": 4, "言论": 7, "毫无": 4, "意义": 4, "值": 4, "驳": 4, "当今": 4, "开门": 2, "修路": 2, "关门": 2, "筑": 2, "墙": 2, "一目了然": 2, "说道": 2, "发表": 4, "指出": 2, "全球化": 2, "时代": 2, "秉持": 2, "开放": 2, "胸襟": 2, "包容": 2, "才能": 2, "国": 4, "之间": 4, "关系": 2, "开辟": 2, "广阔": 3, "空间": 4, "呼吁道": 2, "希望": 2, "美方": 2, "环球": 2, "时报": 2, "环球网": 1, "报道": 1, "记者": 1, "李": 1, "司坤": 1, "孟晚舟": 13, "牛津": 8, "停华": 8, "资助": 11, "近日": 4, "处于": 3, "保释": 3, "阶段": 3, "孟": 3, "晩舟": 3, "日媒": 7, "投稿": 7, "谈及": 3, "大学": 3, "从未": 3, "想": 5, "过从": 3, "合作": 3, "伙伴": 3, "获取": 3, "专利": 3, "研究": 6, "成果": 3, "科学": 3, "基础": 3, "O": 4, "​​​": 1, "驻华": 3, "大使": 3, "收回": 3, "引渡": 3, "说错": 3, "外媒": 1, "加拿大": 1, "约翰·麦卡勒姆": 1, "1月": 3, "24日": 3, "针对": 2, "事件": 1, "错误": 1, "讲话": 1, "麦卡勒姆": 2, "本周": 1, "早些时候": 1, "高管": 1, "理由": 2, "反对": 1, "暗示": 1, "案": 2, "出于": 1, "政治": 1, "动机": 1, "份": 9, "声明": 1, "很": 4, "遗憾": 2, "法律": 2, "程序": 1, "评论": 3, "混乱": 1, "O加": 1, "爱": 2, "礼物": 1, "到家": 1, "贺岁": 1, "小金猪": 1, "敲开": 1, "家属": 1, "2019": 1, "届": 1, "菊厂": 1, "萌": 1, "家门": 1, "回家": 2, "送福": 1, "！": 16, "转发": 2, "抽送": 1, "小伙伴": 1, "深圳": 1, "·": 1, "总部": 1, "水土": 1, "养": 1, "手机": 19, "北上": 1, "喜欢": 2, "洋气": 1, "苹果": 4, "东北人": 1, "抗冻": 1, "新疆": 1, "内蒙": 1, "诺基亚": 1, "核桃": 1, "四川": 2, "锤子": 4, "这是": 2, "指": 1, "直播": 3, "互动": 1, "赢": 1, "好礼": 1, "年夜饭": 2, "太": 3, "科技": 1, "15点": 1, "荣耀": 5, "吃掉": 1, "八大": 1, "菜系": 1, "直播间": 1, "黑科技": 1, "速速": 1, "打开": 1, "电脑": 1, "坐等": 1, "商城": 2, "→PC": 1, "O网页": 2, "链接": 3, "(": 3, "送": 2, "台": 4, "Waterplay": 1, "平板": 1, "1": 3, "手环": 1, "3": 3, "国际": 1, "资本": 5, "消灭": 1, "卢": 1, "麒元": 1, "、": 16, "创造": 1, "資本": 2, "逻辑": 1, "出牌": 1, "成功": 1, "案例": 1, "上市": 3, "割": 2, "韭菜": 2, "；": 4, "崇尚": 1, "实业": 1, "迷信": 1, "内路部": 1, "员工": 2, "股制": 1, "走": 1, "富裕": 1, "社会主义": 1, "色彩": 1, "道路": 1, "灭掉": 1, "4": 1, "老到": 1, "看穿": 1, "立刻": 1, "权力": 1, "猎物": 1, "均田": 2, "搞": 1, "井田": 1, "不行": 1, "公有制": 1, "国有": 1, "公有": 2, "私有": 1, "阿里": 1, "牛": 1, "缴": 1, "税": 1, "分红": 1, "5": 1, "黑": 1, "不止": 2, "洋人": 1, "黑华": 1, "国人": 1, "狠": 1, "早已": 1, "权贵": 1, "得罪": 1, "镰刀": 1, "当年": 1, "誰毁": 1, "鞍钢": 2, "宪法": 2, "复活": 1, "懂得": 1, "阶级": 1, "仇": 1, "民族": 1, "恨": 1, "样样": 1, "痛彻": 1, "骨髓": 1, "支持": 3, "境内外": 1, "联手": 1, "玩": 1, "莫须有": 1, "智慧": 1, "生活": 2, "第一": 1, "章": 1, "玲珑": 2, "宝塔": 1, "碎": 1, "城郊": 1, "密林": 1, "场": 4, "恶战": 1, "传闻": 1, "永": 1, "记忆": 1, "争斗": 1, "发挥": 1, "关键": 1, "作用": 1, "……": 2, "猜猜": 1, "后续": 1, "剧情": 1, "随机": 2, "粉丝": 1, "价值": 1, "303": 1, "元": 6, "花币卡": 1, "纪念册": 1, "孝心": 1, "教父母": 1, "智能": 5, "中老年人": 1, "小白": 1, "推出": 1, "亲情": 1, "向导": 1, "APP": 1, "语音": 1, "文字": 1, "教学": 1, "模式": 1, "指导": 1, "前往": 1, "下载": 1, "体验": 1, "易": 1, "烊千玺": 1, "易烊": 4, "千玺助梦": 1, "小将": 1, "燃动": 1, "冰雪": 1, "明天": 1, "晚上": 1, "金牌": 1, "经理人": 1, "千玺": 1, "期待": 1, "期": 2, "精彩": 1, "@": 8, "TFBOYS": 1, "千玺K": 1, "亲爱": 1, ".": 1, "千": 1, "玺": 1, "四": 6, "字": 5, "硬照": 1, "弟弟": 1, "甜yyqx": 1, "唱歌": 3, "yy": 3, "qx": 3, "跳舞": 1, "szdd四": 1, "好看": 1, "四字帅": 1, "好听yy": 1, "x华为yyqx": 1, "中戏": 1, "双料": 1, "第一yyqx帅yyqx": 1, "可爱": 2, "天猫": 1, "Mate20": 2, "系列": 1, "徕卡": 1, "超大": 1, "广角": 2, "镜头": 1, "纵深": 1, "拍景": 1, "壮观": 1, "带给": 1, "视野": 1, "尽收眼里": 1, "带": 1, "话题": 1, "超广角": 1, "拍": 1, "抽奖": 2, "平台": 1, "全景": 1, "相机": 1, "酷玩版": 1, "广告": 1, "]L": 1, "官方": 2, "秒拍": 2, "视频": 2, "别人家": 1, "年会": 2, "配": 1, "齐": 1, "过年": 1, "人人": 1, "礼才": 1, "配齐": 1, "陌陌": 1, "1600": 1, "万元": 1, "福袋": 1, "Mate": 1, "Switch": 1, "游戏机": 1, "AppleWatch": 1, "Bose": 1, "耳机": 1, "小米": 1, "音箱": 2, "人手": 1, "赛诺": 1, "12月": 2, "数据": 1, "智能机": 1, "容量": 1, "3129万": 1, "同比": 3, "下降": 2, "17.9%": 1, "整体": 1, "五": 2, "名": 1, "vivo": 1, "OPPO": 1, "份额": 3, "总和": 1, "81.1%": 1, "唯一": 1, "互联网": 1, "品牌": 1, "14.2%": 1, "超过": 1, "位列": 1, "第四": 1, "线下": 1, "10%": 1, "日前": 1, "英国": 1, "查尔斯": 1, "王子": 1, "Prince": 1, "Charles": 1, ")": 2, "创立": 1, "一家": 1, "慈善": 1, "机构": 1, "不再": 1, "Huawei": 1, "捐赠": 1, "对抗": 1, "全球": 3, "间谍": 1, "指控": 1, "遭受": 1, "最新": 2, "打击": 1, "西方": 3, "越来越": 1, "抵制": 1, "社评": 2, "全世界": 3, "稍": 1, "头脑": 1, "美国": 3, "名行": 1, "阻止": 2, "高科技": 1, "崛起": 1, "做好": 1, "斗争": 1, "博弈": 2, "持久战": 1, "寸": 1, "时光": 1, "开谢": 1, "珍惜": 1, "芒花": 1, "盛开": 1, "季节": 1, "美": 1, "——": 3, "林清玄": 1, "成全": 1, "拍摄于": 1, "西安": 2, "浐灞": 1, "生态区": 1, "2019年": 1, "你好": 1, "影像": 1, "成诗": 1, "摄影": 1, "终端": 2, "陕西省": 1, "文化": 1, "旅游厅": 1, "30": 5, "5G商": 3, "合同": 3, "发": 3, "首款": 2, "基站": 3, "芯片": 2, "常务": 1, "董事": 1, "运营商": 1, "BG": 1, "总裁": 1, "丁耘": 1, "发布会": 1, "18": 1, "欧洲": 1, "9份": 1, "中东": 1, "亚太": 1, "截至": 1, "2018年": 2, "25000": 1, "世界各地": 1, "O华": 1, "禁华": 1, "禁": 2, "联想": 2, "微信": 1, "……台": 1, "当局": 2, "黑名单": 2, "未": 1, "网友": 3, "炸": 1, "台湾": 2, "媒体": 1, "继台": 1, "部门": 2, "上周": 1, "枪": 1, "阻绝": 1, "设备": 2, "内部": 1, "网络": 1, "计划": 1, "3月底": 1, "列出": 1, "禁止": 1, "相关": 1, "公共": 1, "包括": 1, "大陆": 2, "产品": 4, "狠呛": 1, "iPhone": 1, "组装": 1, "有种": 1, "禁用": 1, "嘲讽": 1, "韩国": 1, "瑜货": 1, "蔡英文": 1, "豁": 1, "保值": 2, "iPhoneXS": 1, "坚挺": 1, "款": 1, "保值率": 1, "名列前茅": 1, "iPhoneXr": 1, "跌": 1, "十大": 1, "榜单": 1, "热点": 1, "引发": 1, "国家": 3, "角力": 2, "社会": 1, "充满": 1, "质疑": 1, "声音": 1, "打赢": 3, "发布": 1, "头条": 1, "文章": 1, "回答": 2, "战争": 2, "O用": 1, "缺席": 2, "销量": 2, "大幅": 2, "增长": 2, "出货量": 2, "预计": 1, "去年": 3, "15%": 1, "三星": 1, "巨头": 1, "营收": 2, "预警": 1, "高端": 1, "需求": 1, "依然": 1, "强劲": 1, "2.06亿": 1, "面向": 1, "消费者": 1, "业务": 1, "创纪录": 1, "520亿": 1, "美元": 1, "增加": 1, "50%": 1, "O虽": 1, "华为诺亚": 1, "方舟": 1, "实验室": 1, "实习": 1, "邀约O": 1, "网页": 1, "申请": 1, "改口": 1, "打压": 3, "阵线": 2, "裂缝": 2, "新西兰": 3, "总理": 1, "阿德恩": 1, "保证": 1, "给予": 1, "公平": 1, "对待": 1, "此前": 1, "该国": 1, "销售": 1, "转缓": 1, "种种": 1, "迹象": 1, "不时": 1, "噪音": 1, "政策": 1, "层面": 1, "轻易": 1, "把门": 1, "关死": 1, "原因": 1, "O改口": 1, "赚": 2, "百亿": 2, "戴森": 4, "中国人": 2, "买": 2, "首富": 2, "财富": 3, "总额": 2, "1223亿": 2, "贵": 1, "卷发棒": 1, "售价": 2, "超": 1, "3500": 1, "相当于": 1, "低配版": 1, "P20": 1, "断货": 1, "吹风机": 1, "卖": 1, "3000": 1, "扫地": 1, "吸尘": 1, "机器人": 1, "6490": 1, "解码": 1, "帝国": 1, ">>": 1, ">": 1, "基金报": 1, "AI": 1, "小艺": 2, "召唤": 1, "小冰": 3, "调皮": 1, "动听": 1, "懂": 1, "成语": 1, "星座": 1, "运势": 1, "电影": 1, "讲": 1, "故事": 1, "聊": 1, "本条": 1, "赠华": 1, "A": 1, "I音箱": 1, "服务": 5, "LAI无疆": 1, "P30": 2, "P30Pro": 1, "渲染": 1, "屏幕": 1, "6.1": 1, "英寸": 2, "6.5": 1, "麒麟": 1, "980": 1, "处理器": 1, "12GB": 1, "运存": 1, "P30三": 1, "摄P": 2, "Pro四": 1, "Pro": 1, "40W快充": 1, "22.5": 1, "W华": 1, "引领": 1, "拍照": 1, "革命": 1, "摄": 1, "春节": 2, "打烊": 1, "温暖": 1, "全天候": 1, "期间": 1, "全国": 1, "957": 1, "客户": 1, "中心": 1, "营业": 1, "客服": 1, "7*24": 1, "小时": 1, "在线": 1, "团圆": 1, "守候": 1}