{"中国": 15, "第一": 4, "辆": 1, "汽车": 7, "驶出": 1, "、": 7, "电影": 2, "制片厂": 1, "诞生": 1, "…": 1, "吉林": 10, "一开始": 1, "选择": 8, "不凡": 14, "演绎": 2, "如今": 2, "吉林省": 3, "再度": 1, "迈出": 1, "创新": 2, "发展": 2, "路": 1, "4月": 14, "28日": 10, "华为": 73, "城市": 1, "峰会": 2, "2019": 2, "相约": 1, "+": 4, "智能": 4, "赋能": 1, "数字化": 2, "转型": 2, "转评": 1, "本条": 1, "抽": 7, "1": 9, "名": 5, "小伙伴": 4, "送P": 2, "30": 2, "标配": 4, "台": 5, "@": 16, "抽奖": 5, "平台": 5, "开奖": 1, "！": 11, "O网页": 3, "链接": 8, "寻找": 4, "续写": 4, "答案": 4, "一个": 2, "黑土地": 1, "孕育": 1, "工业": 2, "基因": 1, "工程": 1, "产业": 4, "摇篮": 1, "发展史": 1, "承载": 1, "无数": 1, "光辉": 1, "梦想": 1, "借助": 1, "技术": 3, "升级": 1, "装": 1, "引擎": 1, "优势": 2, "云城市": 1, "走": 1, "助力": 1, "座": 1, "城续": 1, "写": 1, "转发": 5, "手机": 14, "1部O": 1, "网页": 5, "P30": 8, "PRO新": 1, "落入": 2, "马桶": 4, "进水": 2, "最高级": 5, "防水": 7, "防住": 2, "落水": 1, "坏": 1, "成都": 2, "市民": 2, "巫": 7, "花": 2, "5988": 2, "元": 6, "购买": 3, "P30pro": 2, "精湛": 2, "工艺": 2, "全方位": 2, "打造": 4, "IP": 2, "68": 2, "防尘": 2, "抗水": 2, "机身": 2, "官方": 5, "宣传": 2, "显示": 3, "不小心": 2, "掉入": 2, "捡起": 2, "自动": 3, "关机": 2, "启动": 3, "售后": 2, "针对": 3, "生活": 5, "溅水": 2, "调查": 2, "IP68": 4, "等级": 2, "这是": 3, "质量": 4, "红星": 2, "新闻": 2, "记者": 2, "用户": 4, "身份": 1, "咨询": 1, "客服": 4, "解释": 2, "称": 7, "：": 11, "款": 3, "实验": 2, "条件": 2, "才": 2, "日常": 1, "O": 6, "P30P": 1, "RO": 1, "对此": 4, "中心": 2, "蜀": 1, "汉路店": 1, "工作": 2, "人员": 2, "核实": 1, "件": 1, "事情": 2, "流程": 1, "都": 6, "公司": 4, "程序": 1, "执行": 1, "过多": 1, "透露": 1, "情况": 1, "投诉": 1, "金牛区": 1, "市场": 1, "监督": 1, "管理局": 1, "26日": 1, "上午": 1, "十点半": 1, "相关": 1, "部门": 4, "见证": 1, "协商": 2, "解决": 1, "此事": 1, "英国": 21, "松口": 2, "批准": 2, "参与": 13, "5G": 31, "建设": 11, "每日": 2, "电讯报": 2, "国家": 5, "委员会": 3, "同意": 7, "设施": 4, "限于": 2, "非核心": 5, "零件": 2, "网络": 6, "香": 1, "​": 15, "聚焦": 1, "体验": 4, "构筑": 1, "开放": 3, "生态": 2, "消费者": 7, "BG": 1, "软件部": 1, "王成录": 1, "系列": 1, "发布": 1, "带来": 2, "深度": 1, "优化": 1, "EMUI": 2, "9.1": 1, "系统": 2, "未来": 5, "持续": 2, "提供": 2, "优质": 1, "服务": 2, "希望": 2, "多多": 1, "交流": 1, "硬": 1, "实力": 1, "支付宝": 2, "傻眼": 1, "五一": 2, "放肆": 1, "嗨": 1, "关注": 2, "＋": 1, "3": 1, "好友": 1, "送": 5, "售价": 1, "4288": 1, "][": 1, "8+128": 1, "GB": 1, "5月": 1, "1日": 1, "幸运": 1, "锦鲤": 1, "点赞": 1, "心上": 1, "人​": 1, "​​": 1, "赏": 1, "漫天": 1, "飞雪": 1, "听见": 1, "朗朗": 1, "书声": 1, "嗅到": 1, "杏花": 1, "芬芳": 1, "遇见": 1, "荣耀": 2, "大学": 1, "条": 1, "5": 1, "每人": 2, "手环4": 1, "6": 1, "吉大": 2, "马克杯": 1, "校徽": 1, "徽章": 1, "iPhone": 3, "销量": 3, "落后": 2, "三分之一": 2, "分析师": 2, "定价": 2, "太": 3, "财报": 1, "一季度": 2, "发货量": 1, "超": 2, "5900万": 1, "；": 2, "研究": 1, "机构": 1, "分析": 1, "3700万": 1, "4200万": 1, "之间": 2, "节节": 1, "败退": 1, "80%": 1, "原因": 2, "错误": 1, "iPhoneXR": 1, "价格": 1, "降低": 1, "50%": 1, "20%": 1, "L新京报": 1, "视频": 6, "秒拍": 2, "选择品": 1, ".": 1, "智车": 1, "物联网": 1, "智慧": 1, "出行": 2, "玩转": 1, "别样": 1, "精彩": 1, "话题": 1, "互动": 1, "云​": 1, "极致": 2, "品质": 1, "肩负": 1, "强大": 1, "重任": 1, "新时代": 1, "美好": 1, "美妙": 1, "追求": 1, "华为云": 1, "栩栩如生": 1, "定格": 2, "动画": 2, "大象": 1, "素材": 1, "均": 1, "Pro": 1, "拍摄": 1, "导演": 1, "麦子眼里": 1, "童心": 1, "P30Pro": 1, "过程": 1, "简单": 1, "L华": 1, "终端": 2, "花儿": 1, "倒映": 1, "天空": 1, "境": 1, "美": 1, "幅": 1, "画": 1, "配色": 1, "越来越": 1, "牛x": 1, "美国": 6, "情报界": 1, "加快": 2, "部署": 2, "全球": 6, "设备": 2, "23日": 2, "情报": 1, "总监": 1, "办公室": 1, "发": 1, "推特": 1, "步伐": 1, "此前": 2, "川普": 1, "赢": 1, "干预": 1, "媒体": 2, "报道": 4, "德法": 1, "不再": 1, "阻挠": 1, "五环短": 1, "L五环": 1, "短": 1, "假期": 1, "七": 1, "行程": 1, "安排": 1, "分享": 1, "波": 1, "镜头": 1, "美景": 1, "期待": 1, "即将": 1, "到来": 1, "旅行": 1, "首相": 3, "核心": 2, "当地": 1, "时间": 1, "22日": 2, "内阁": 1, "大臣": 2, "会议": 1, "商讨": 1, "特蕾莎·梅松口": 1, "与会": 1, "让步": 1, "心存": 1, "疑虑": 1, "回应": 3, "政府": 6, "事实": 1, "证据": 5, "出发": 1, "企业": 1, "领先": 1, "科技": 1, "享受": 1, "快": 1, "可靠": 2, "通信": 2, "总部": 1, "下设": 1, "批评": 1, "安全性": 1, "低下": 1, "指责": 1, "基于": 4, "罗": 1, "瑜": 1, "TFBOYS": 1, "易烊": 2, "千玺": 1, "全世界": 3, "偶像": 2, "男孩儿": 1, "感谢": 1, "努力": 1, "天分": 1, "善良": 1, "千玺yyq": 1, "x帅": 1, "四": 3, "字": 3, "弟弟": 2, "szdd帅": 1, "天猫": 1, "首位": 1, "代言人": 2, "nova": 1, "舞台": 1, "王者": 1, "顶级": 1, "流量": 1, "全能": 1, "中戏": 1, "大佬": 1, "李": 1, "泌": 1, "阿易": 1, "烊烊": 1, "小千": 1, "长安": 1, "十二": 1, "时辰": 1, "yyqx": 1, "唱歌": 1, "yy": 1, "qx": 1, "跳舞": 1, "帅好": 1, "看​": 1, "骂": 2, "就要": 2, "发布会": 1, "老是": 2, "拉": 1, "友商": 1, "踩乎": 1, "别人": 2, "显得": 1, "格调": 1, "胸怀": 1, "广告": 1, "海报": 1, "借鉴": 1, "单反": 1, "照片": 1, "支持": 4, "键盘": 2, "围攻": 1, "金": 1, "白银": 1, "消费": 1, "买": 2, "东西": 2, "外形": 1, "好看": 1, "配置": 1, "喜人": 1, "神马": 1, "情怀": 2, "半": 1, "毛": 1, "钱": 2, "关系": 1, "彰显": 1, "爱国": 1, "捐": 1, "捐物": 1, "买卖": 1, "手里": 1, "不好意思": 1, "脸上": 1, "贴金": 1, "信仰": 1, "充值": 1, "干": 1, "cherry": 1, "AF1": 1, "downtown版": 1, "坚信": 1, "定焦": 1, "必胜": 1, "变焦": 1, "情结": 4, "厂": 1, "顶配": 1, "买单": 1, "从来": 1, "糟蹋": 1, "别家": 1, "在于": 1, "虚荣心": 1, "无关": 1, "划": 1, "重点": 1, "13999": 1, "电脑": 1, "国货": 1, "联通": 2, "合作": 2, "伙伴": 1, "大会": 1, "带": 1, "看展": 1, "开网": 1, "#​": 2, "特朗普": 2, "内": 1, "损害": 1, "利益": 1, "年前": 1, "打击": 1, "利比亚": 1, "破坏": 1, "能源": 1, "布局": 1, "威胁": 2, "委内瑞拉": 1, "伊朗": 1, "鼓动": 1, "围堵": 1, "中国人": 1, "签证": 1, "阻止": 1, "科学家": 1, "访问": 1, "……": 1, "居然": 1, "柬埔寨": 1, "贸易": 1, "说三道四": 1, "无所不用其极": 1, "澄清": 1, "2万": 5, "员工": 10, "转岗": 5, "传闻": 1, "属实": 2, "网传": 1, "CNBG": 2, "转岗CBG": 1, "消息": 1, "内部": 5, "人才": 3, "流动": 6, "鼓励": 1, "态度": 1, "面向": 1, "岗位": 1, "机会": 1, "超过": 1, "1万": 1, "业务": 13, "包括": 1, "运营商": 5, "CBG": 1, "在内": 1, "很多": 1, "获取": 1, "所需": 1, "既有": 1, "本人": 1, "意愿": 2, "自主": 1, "发起": 1, "尊重": 1, "基础": 3, "推荐": 1, "战略": 1, "导向": 1, "诉求": 1, "限地": 1, "商业": 1, "放弃": 1, "风险": 1, "可控": 1, "特蕾莎·梅开": 1, "绿灯": 1, "一步步": 1, "放开": 1, "特蕾莎·梅": 1, "担任": 1, "主席": 1, "诸如": 1, "天线": 2, "有限": 1, "审查": 2, "发言人": 1, "供应链": 2, "保证": 1, "审查​": 1, "双标狗": 1, "VS": 1, "小米": 1, "头条": 1, "大神": 1, "直击": 1, "|": 1, "传": 1, "今日": 1, "2018年": 1, "业绩": 1, "佳": 1, "改革": 1, "暂": 1, "未": 1, "置评": 1, "事实上": 1, "收入": 2, "连续": 1, "增长": 2, "瓶颈": 1, "30%": 1, "同比": 1, "来源": 1, "O传": 1, "提升": 2, "永无止境": 1, "25日": 1, "14:00·": 1, "北京": 1, "技术·#EMUI": 1, "沙龙": 1, "聊聊": 1, "超级": 1, "文件": 1, "方舟": 1, "编译器": 1, "黑科技": 1, "背后": 1, "故事": 1, "性能": 1, "开创": 1, "明天": 1, "良心": 1, "福利": 2, "6月": 1, "10日": 1, "维修": 1, "屏幕": 1, "特大": 1, "旗舰": 1, "P20Pro": 1, "换屏": 1, "399": 1, "249": 1, "想": 1, "制裁": 1, "成功": 1, "部件": 1, "高度": 1, "自研化": 1, "中国化": 1, "国内": 3, "产业链": 2, "信任": 1, "两亿多台": 1, "验证": 1, "摆脱": 1, "西方": 1, "掣肘": 1, "带动": 1, "双向": 1, "利好": 1, "集群": 1, "壮大": 1, "老美": 1, "推出": 2, "车载": 3, "模组": 4, "世界": 2, "首款": 2, "路透社": 1, "据称": 1, "车用": 1, "凸显": 1, "致力于": 1, "驾驶": 1, "供应商": 1, "雄心": 1, "交通": 1, "产品": 1, "推动": 1, "快速": 1, "迈向": 1, "时代": 1, "2019年": 1, "下半年": 1, "行业": 1, "开启": 1, "商用": 1, "进程": 1}