{"中国": 89, "外交部": 23, "：": 40, "敦促": 33, "美方": 30, "停止": 11, "包括": 12, "华为": 114, "在内": 11, "企业": 51, "无理": 21, "打压": 14, "北京": 6, "时间": 13, "1月": 16, "29日": 15, "凌晨": 10, "美国": 63, "司法部": 43, "公司": 31, "、": 82, "子公司": 15, "副董事长": 20, "首席": 20, "财务官": 20, "孟晚舟": 81, "指控": 39, "声称": 10, "即将": 10, "加拿大": 16, "提出": 35, "女士": 38, "引渡": 42, "请求": 24, "对此": 11, "发言人": 12, "耿爽": 17, "中方": 61, "高度": 9, "关切": 9, "起诉": 17, "政府": 14, "一贯": 5, "依法": 5, "合规": 5, "基础": 5, "对外": 5, "经济": 5, "合作": 5, "各国": 5, "运营": 5, "提供": 7, "公平": 7, "公正": 15, "歧视": 5, "环境": 5, "指出": 2, "段": 5, "动用": 5, "国家": 6, "力量": 5, "抹黑": 5, "打击": 5, "特定": 5, "扼杀": 5, "正当": 25, "合法": 35, "经营": 5, "背后": 5, "很": 8, "政治": 14, "操弄": 5, "客观": 9, "对待": 22, "捍卫": 9, "权益": 30, "案": 10, "严正": 23, "立场": 21, "美": 22, "国": 10, "滥用": 10, "之间": 10, "双边": 10, "条约": 10, "公民": 20, "强制": 10, "措施": 10, "侵犯": 10, "再次": 13, "撤销": 18, "逮捕令": 18, "发出": 10, "正式": 13, "错误": 10, "道路": 10, "走": 10, "远": 10, "加方": 13, "释放": 11, "切实": 11, "保障": 11, "美火": 11, "取栗": 11, "央视": 2, "记者": 9, "黄惠馨": 1, "清北": 3, "复交": 5, "2018": 8, "届": 8, "毕业生": 13, "腾讯": 8, "青睐": 6, "近日": 2, "国内": 3, "一流": 2, "高校": 4, "陆续": 2, "发布": 2, "就业": 6, "质量": 2, "报告": 2, "披露": 3, "就业率": 2, "去向": 2, "4": 2, "代表性": 2, "双一流": 2, "清华": 4, "大学": 8, "北京大学": 2, "上海": 2, "交通": 2, "复旦": 2, "数据": 4, "学霸": 3, "聚集地": 3, "四": 3, "校": 3, "招聘": 4, "582": 2, "科技": 3, "有限公司": 2, "221": 1, "共计": 2, "74": 1, "证券报": 1, "O清北": 2, "胡侃": 1, "发起": 1, "23": 2, "项": 3, "刑事": 3, "长长": 1, "起诉书": 5, "迫害": 4, "老虎": 1, "嘴": 1, "抹": 1, "层": 1, "法律": 6, "口红": 1, "L胡锡进": 1, "视频": 7, "​": 4, "回应": 11, "感到": 7, "失望": 9, "午间": 2, "针对": 12, "日报": 1, "孟": 3, "被捕": 3, "试图": 3, "纽约": 4, "东区": 3, "调查": 3, "讨论": 3, "拒绝": 3, "给出": 3, "理由": 3, "否认": 6, "附属": 4, "机构": 5, "犯有": 4, "违反": 4, "各项": 4, "罪名": 8, "不知": 3, "晓孟": 3, "不当": 4, "法院": 6, "最终": 4, "结论": 4, "马": 1, "金融": 1, "；": 1, "春晚": 2, "5G": 13, "直播": 2, "期待": 1, "28日": 1, "联通": 1, "联合": 1, "中央": 2, "广播": 2, "电视": 3, "总台": 2, "吉林": 1, "长春": 2, "启动": 1, "网络": 2, "VR": 1, "实时": 1, "制作": 1, "传输": 2, "测试": 3, "分会场": 1, "技术": 3, "验证": 1, "这是": 1, "我国": 1, "媒体": 3, "实验室": 1, "13日": 2, "成功": 1, "4K": 1, "推动": 1, "平台": 1, "建设": 2, "突破": 1, "LYouTube": 1, "热门": 1, "秒拍": 4, "蒙难": 1, "掩饰": 1, "偏见": 1, "仇恨": 1, "打出": 1, "市场": 3, "抵制": 1, "组合拳": 1, "崛起": 2, "不易": 1, "表现": 1, "高科技": 3, "成长": 1, "壮大": 1, "艰难": 1, "疾风知劲草": 1, "勇敢": 1, "地上": 1, "法庭": 1, "场": 1, "权力": 1, "保卫战": 1, "时报": 1, "报道": 4, "视": 1, "控制权": 1, "竞争": 1, "军备": 3, "竞赛": 3, "战略": 1, "证据": 3, "可谓": 1, "比比皆是": 1, "挺住": 2, "任正非": 1, "！": 8, "打垮": 1, "美丽": 1, "逆风": 1, "飞扬": 1, "回答": 1, "2019年": 2, "打算": 1, "玩": 1, "玩儿": 1, "第一": 4, "站": 1, "来到": 1, "天堂": 1, "苏": 1, "杭": 1, "苏州": 1, "顺便": 1, "nova4": 1, "台": 1, "适合": 1, "拍vlog": 1, "手机": 3, "nova星人": 1, "vlog#L郭": 1, "姐哒": 1, "网站": 2, "反对": 3, "立刻": 2, "放人": 2, "主持": 1, "例行": 1, "记者会": 1, "实录": 1, "评论": 4, "答": 8, "上午": 1, "作出": 1, "方向": 1, "交涉": 3, "不顾": 1, "执意": 1, "不满": 1, "O": 4, "当局": 1, "寻求": 1, "28号": 1, "响应": 1, "称": 4, "指": 1, "获准": 1, "保释": 2, "当地": 1, "29号": 1, "不列颠哥伦比亚省": 1, "出席": 1, "更改": 1, "条件": 1, "聆讯": 1, "知晓": 1, "凤凰": 1, "卫视": 1, "蔡咏芝": 1, "苗南": 1, "综合": 2, "O美": 2, "请问": 3, "社评": 4, "歇斯底里": 2, "想法": 2, "野蛮": 1, "方式": 1, "蔑视": 1, "商业": 3, "规则": 1, "几十": 1, "全球化": 1, "浪潮": 1, "运动": 2, "设备": 2, "搜集": 1, "情报": 1, "仅仅": 1, "想象": 1, "可能性": 2, "华盛顿": 2, "剥夺": 1, "领先": 1, "权利": 1, "推倒": 1, "逻辑": 2, "赤裸裸": 1, "地缘": 1, "摆": 1, "桌面": 1, "O网页": 1, "链接": 1, "西区": 1, "秘密": 2, "案件": 1, "相关": 2, "民事": 1, "诉讼": 1, "早已": 1, "和解": 2, "西雅图": 1, "陪审团": 1, "诉请": 1, "做出": 1, "赔偿": 1, "主观": 1, "恶意": 1, "裁决": 1, "O华": 2, "阵仗": 2, "大心": 2, "虚": 2, "星期一": 1, "社会": 2, "都": 3, "给予": 2, "支持": 2, "尽量": 1, "制约": 1, "幅度": 1, "层面": 1, "道义": 1, "鼓励": 1, "镇定": 1, "坚强": 1, "民营": 1, "颗": 1, "明星": 1, "压垮": 1, "挫折": 1, "害怕": 2, "一个": 4, "原因": 3, "——": 1, "物美价廉": 1, "彭博社": 1, "24日": 1, "发文": 1, "分析": 1, "产品": 2, "影响": 1, "可靠": 1, "成本": 1, "便宜": 1, "难": 1, "找到": 1, "性价比": 1, "替代品": 1, "二十": 1, "电信": 1, "贫困": 1, "偏远": 1, "地区": 1, "座机": 1, "服务": 2, "高速": 1, "担忧": 1, "发现": 2, "实际上": 1, "唯一": 1, "供应商": 1, "意识": 1, "发展": 1, "寻找": 3, "确凿": 1, "研究": 2, "潜在": 1, "水平": 1, "......O": 1, "美媒": 1, "@": 3, "参考消息": 1, "年会": 1, "特等奖": 1, "mate20X": 1, "姐": 1, "送给": 1, "宝宝们": 1, "快": 1, "点赞": 1, "给姐": 1, "好运": 1, "～​": 1, "呷哺": 1, "九重": 2, "豪礼": 1, "强势": 1, "来袭": 1, "新年": 2, "聚": 1, "财气": 1, "添": 1, "喜庆": 1, "2月": 2, "20日": 1, "期间": 1, "转发": 2, "3": 2, "好友": 1, "①": 1, "线": 1, "上将": 1, "抽": 3, "名": 1, "送": 2, "HelloKitty": 1, "马克杯": 1, "手环": 1, "②": 1, "店": 2, "出示": 1, "消费": 2, "120": 2, "即可": 1, "参与": 2, "抽奖": 2, "百分百": 1, "中奖": 2, "③": 1, "点购": 1, "酱料": 1, "礼盒": 1, "套餐": 1, "河北": 3, "银行卡": 1, "支付": 1, "追加": 1, "机会": 1, "线下": 1, "活动": 2, "山西": 2, "河南": 2, "三": 2, "门店": 1, "通用": 1, "奖卡": 2, "中奖率": 1, "100%": 1, "合计": 1, "238362": 1, "奖品": 3, "mate20手机": 1, "vivox23手机": 1, "桶": 1, "金": 1, "套装": 1, "大奖": 1, "手软": 1, ".......": 1, "联发": 1, "价值": 1, "191万": 1, "元": 1, "力度": 1, "丰厚": 1, "数量": 1, "赶紧": 1, "呷": 1, "哺约": 1, "": 1, "石家庄": 1, "美食": 1, "红": 2, "波": 1, "锦鲤": 1, "！！！": 1, "网友": 1, "脑洞": 1, "表情包": 1, "收好": 1, "谢": 1, "传送门": 1, "赢": 1, "礼​": 1, "优雅": 1, "跑": 1, "胖友圈": 1, "L华": 1, "终端": 1, "官方": 1, "冬季": 2, "达沃斯": 2, "大佬": 2, "金句": 3, "集锦": 1, "一年一度": 1, "论坛": 1, "依旧": 1, "云集": 1, "频出": 1, "马云": 1, "高调": 1, "扎心": 1, "灌鸡": 1, "汤": 1, "携程": 1, "CEO": 1, "孙洁": 1, "畅谈": 1, "隐私": 1, "比尔盖茨": 1, "曝出": 1, "最佳": 2, "投资": 1, "轮值": 1, "董事长": 1, "胡厚崑": 1, "重磅": 1, "预告": 1, "......": 1, "才": 1, "得主": 1, "梨视频": 1, "L梨": 1, "小米": 1, "柔宇": 1, "柔性": 5, "屏": 4, "争论": 1, "听说": 1, "MWC": 2, "展示": 1, "努比亚": 1, "思考": 1, "18年": 1, "8月": 1, "IFA": 1, "展出": 1, "款": 1, "命名": 1, "α": 1, "屏穿": 1, "戴式": 1, "原型机": 1, "冠以": 1, "腕机": 1, "用户": 1, "洞察": 1, "柔性屏": 1, "形态": 1, "戴": 1, "手上": 2, "和谐": 1, "实用": 1, "特征": 1, "黑科技": 1, "人性化": 1, "场景": 1, "年后": 1, "见证": 1, "物种": 1, "L倪飞": 1}