{"华为": 86, "注册": 20, "整本山": 1, "海经": 1, "这是": 4, "中华": 2, "浪漫": 2, "！": 29, "​": 12, "国家": 13, "知识": 8, "产权局": 8, "：": 41, "鸿蒙": 21, "商标": 16, "商标局": 4, "网站": 4, "显示": 5, "申请": 7, "标注": 3, "商品": 3, "用于": 3, "操作": 8, "系统": 10, "程序": 3, "进一步": 3, "搜索": 3, "查": 2, "鸿鹄": 2, "、": 29, "鸿雁": 2, "乾坤": 2, "昆仑": 2, "网友": 6, "纷纷": 10, "简直": 4, "中国": 27, "神话": 6, "O华": 4, "你好": 1, "明天": 1, "自研": 2, "实锤": 3, "全网": 1, "刷屏": 2, "初辟": 1, "天地": 1, "始开": 1, "盘古": 1, "艰辛": 1, "难": 1, "掩": 1, "雄心": 1, "卡脖子": 1, "核心": 1, "技术": 2, "买": 1, "不经": 1, "一番": 1, "筚路蓝缕": 1, "春华秋实": 1, "备胎": 2, "夜": 1, "转正": 2, "有人": 1, "甘于": 1, "坐上": 1, "冷板凳": 1, "外面": 1, "风雨": 2, "唯有": 1, "踏踏实实": 1, "做好": 2, "才能": 2, "闯出": 1, "生路": 1, "新闻": 12, "联播": 4, "国际": 4, "锐评": 4, "封堵": 20, "十四亿": 16, "人口": 20, "市场": 28, "痴人说梦": 16, "近日": 11, "外企": 16, "针对": 9, "中止": 9, "合作": 16, "谣言": 8, "做出": 9, "澄清": 8, "美国": 66, "政府": 9, "停止": 8, "供货": 8, "出口": 8, "管制令": 8, "损害": 8, "包括": 8, "企业": 10, "在内": 8, "利益": 8, "不得人心": 8, "基于": 8, "各国": 8, "发展": 12, "诉求": 8, "市场经济": 8, "规律": 8, "构建": 8, "全球": 12, "产业链": 8, "政客": 16, "拥有": 8, "搬起": 4, "石头": 4, "砸": 4, "脚": 4, "美方": 9, "蛮横": 4, "行径": 4, "理智": 4, "疯狂": 4, "豆农": 4, "飞机": 4, "制造商": 4, "芯片": 8, "制造商们": 4, "提供": 4, "一个": 7, "14亿": 4, "全球化": 4, "打压": 6, "始终": 4, "世界": 12, "敞开": 4, "大门": 4, "投资": 4, "热土": 4, "贸易": 4, "乐园": 4, "自筑": 4, "藩篱": 4, "加速": 4, "星条": 4, "旗号": 4, "驶向": 4, "与世隔绝": 4, "孤岛": 4, "L": 9, "央视": 13, "秒拍": 14, "视频": 18, "@": 11, "5月": 11, "24日": 3, "日期": 2, "2018年": 1, "8月": 1, "公告": 1, "2019年": 2, "14日": 2, "专用": 1, "权限期": 1, "2029年": 1, "13日": 1, "消费者": 2, "业务": 1, "CEO": 3, "余承东": 1, "确认": 1, "研发": 3, "自有": 2, "快": 1, "秋天": 1, "晚": 1, "明年": 1, "春天": 1, "面市": 1, "报道": 1, "称": 3, "命名": 1, "任正非": 10, "第一": 4, "23日": 5, "创始人": 4, "兼": 2, "接受": 5, "时代": 7, "杂志": 2, "专访": 2, "谈": 3, "遭遇": 2, "动机": 2, "暂时": 2, "关系": 3, "进去": 1, "迫切": 1, "概念": 1, "环球": 3, "时报": 3, "三": 3, "缺": 3, "二视": 3, "频组": 3, "视": 3, "频L": 4, "内部": 5, "员工": 9, "家人": 4, "劝": 6, "离职": 4, "逃兵": 4, "心声": 3, "社区": 3, "发布": 3, "·": 2, "华为人": 2, "分享": 1, "故事": 2, "岗位": 1, "事情": 3, "​​​": 1, "孟晚舟": 4, "抓": 3, "本来": 2, "错误": 2, "再次": 1, "谈及": 1, "女儿": 1, "加拿大": 1, "都": 3, "犯罪": 1, "...": 2, "敢于": 1, "东西": 1, "公开": 2, "证明": 2, "NBA": 1, "总决赛": 1, "巅峰": 1, "对决": 1, "老徐": 1, "商量": 1, "兄弟们": 1, "送": 1, "波": 1, "福利": 1, "脱发": 1, "发际线": 1, "高等": 1, "头发": 1, "私信": 1, "咨询": 1, "靠谱": 1, "转发": 1, "+": 1, "关注": 2, "徐鲁抽": 1, "10": 1, "每人": 1, "1": 1, "P30Pro": 1, "￥": 1, "5488": 1, "6月": 1, "15号": 1, "开奖": 1, "抽奖": 2, "平台": 1, "​O": 1, "详情": 1, "生活": 1, "简单": 2, "勇往直前": 2, "官方": 1, "很多": 2, "讲述": 1, "发生": 1, "身上": 1, "↓↓": 2, "经历": 1, "彩虹": 1, "风浪": 1, "成长": 1, "形形色色": 1, "霸凌主义": 1, "回击": 1, "O生活": 1, "词": 1, "百度": 1, "百科": 1, "解释": 1, "点沙": 1, "成芯": 1, "粒": 1, "沙": 1, "逆袭": 1, "路": 1, "……": 3, "应对": 2, "威胁": 3, "断供": 1, "拿出": 1, "——": 1, "海思": 1, "应战": 1, "话题": 3, "推向": 1, "舆论": 2, "热点": 1, "制造": 1, "涉及": 1, "高科技": 2, "芯": 1, "处在": 1, "阶段": 1, "面临": 1, "戳图": 1, "怼": 1, "王健林": 1, "目标": 2, "毒害": 2, "青少年": 3, "2017年": 1, "场合": 1, "动不动": 1, "搞": 1, "挣": 1, "钱": 1, "奋斗": 1, "梨视": 1, "老板": 3, "英国": 3, "听说": 1, "手机": 2, "拍": 1, "月亮": 1, "太": 3, "棒": 1, "日前": 1, "公司": 1, "交易令": 1, "影响": 1, "民众": 1, "热情": 1, "戳": 1, "惊喜": 1, "哥哥": 1, "姐姐": 1, "⬇": 1, "⬇L": 1, "新华": 1, "视点": 1, "问到": 1, "证据": 3, "蓬佩奥": 2, "不停": 2, "转移": 2, "当地": 1, "时间": 1, "国务卿": 1, "CNBC": 1, "电视台": 1, "采访": 3, "主持人": 1, "问及": 1, "回答": 1, "彭佩奥": 1, "顾": 1, "反复": 1, "声称": 1, "5G": 1, "符合": 1, "西方": 5, "价值观": 1, "体系": 1, "周刊": 1, "美": 5, "谈判": 1, "价值": 1, "人民": 2, "网评": 2, "从容": 4, "背后": 2, "整体": 2, "加持": 2, "极限": 1, "施压": 1, "之际": 1, "媒体": 1, "内容": 1, "企业家": 1, "自信": 1, "大气": 1, "呈现": 1, "谈笑风生": 1, "之间": 1, "角度": 1, "审视": 1, "探询": 1, "实力": 1, "支撑": 1, "宏阔": 1, "特征": 1, "O": 3, "醒来": 1, "发现": 2, "高三": 1, "想": 2, "380": 1, "/": 3, "遇见": 1, "一刻": 1, "凛冬": 1, "散尽": 1, "星河": 1, "长明": 1, "4&6": 1, "华": 1, "材料": 1, "作文": 1, "范文": 1, "有志": 1, "有为": 1, "(": 1, "抄": 1, "很": 1, "着急": 1, "将就": 1, "叭": 1, "路上": 1, "写题": 1, "studyaccount​": 1, "惊呆": 2, "消息": 2, "20日": 1, "路透社": 1, "援引": 1, "人士": 1, "谷歌": 1, "更新": 1, "安卓": 1, "次日": 1, "西欧": 1, "业务部": 1, "副总裁": 1, "回应": 1, "早已": 2, "方案": 1, "地区": 1, "测试": 1, "预计": 1, "很快": 1, "上市": 1, "名称": 1, "流传": 1, "网络": 1, "记者": 1, "子龙": 1, "浩天": 1, "青鸟": 1, "朱雀": 2, "燃": 1, "|": 1, "一批": 1, "山海经": 1, "神兽": 1, "蛇": 1, "白虎": 1, "灵豸": 1, "饕餮": 1, "海": 1, "蓝兽": 1, "紫薇星": 1, "…": 1, "感受": 1, "科研人": 1, "科学": 1, "修仙": 1, "国外": 1, "Thename": 1, "Huawei'ssoon": 1, "introducedself": 1, "developedoperatingsystemhaswonapplauseonChinesesocialmediaforitscultural": 1, "significance.Thewebsite": 1, "theTrademarkOffice": 1, "NationalIntellectualPropertyAdministrationshowsthatthecompanyhastrademarked": 1, "Hongmeng": 1, ".": 2, "Manyonline": 1, "havepointedout": 1, "theOSname'sreferencetoancientChinesemythologyandclassicalliterature.Thecompanyisrollingoutitsownplatformtoreplacethe": 1, "Androidsystemafter": 1, "GoogleblockeditsaccesstoupdatesinlinewiththeU.S.recentsanctionsontheChinesecompany": 1, "社评": 2, "班": 2, "农恶语": 2, "诳世": 2, "大戏": 1, "方始": 1, "史蒂夫·班农": 1, "南华": 1, "早报": 1, "干掉": 1, "达成": 1, "协议": 1, "倍": 1, "这位": 1, "右翼": 1, "领袖": 1, "发出": 1, "最新": 1, "狂言": 1, "激进": 1, "华": 1, "态度": 1, "迫使": 1, "一点": 1, "呼应": 1, "往前": 1, "走": 1, "远": 1, "逼": 1, "脱钩": 1, "科技": 1, "经济": 1, "冷战": 1, "势必": 1, "抵制": 1, "超大": 1, "繁荣": 1, "动力": 1, "来源": 1, "经贸": 1, "跟从": 1, "无疑": 1, "选择": 1, "戏方": 1}