{"华为": 95, "全球": 6, "注册": 1, "鸿蒙": 2, "商标": 2, "包括": 5, "加拿大": 2, "、": 21, "墨西哥": 2, "西班牙": 7, "6月": 7, "8日": 1, "外媒": 2, "HUAWEIC": 1, "ENTRAL": 1, "称": 1, "确认": 1, "提交": 1, "HongMeng": 1, "申请": 1, "L": 1, "老板": 4, "联播": 2, "秒拍": 11, "视频": 20, "​": 15, "美": 9, "贸易": 9, "全国": 9, "委员会": 12, "会长": 9, "狠批": 1, "特朗普": 4, "谋杀": 11, "权力": 1, "开枪": 5, "！": 12, "试图": 4, "‘": 1, "’": 1, "美国": 17, "CNBC": 3, "新闻网": 1, "11日": 4, "简短": 1, "克雷格·艾伦": 1, "当天": 1, "资本": 1, "交易": 1, "峰会": 2, "发言": 1, "点名": 1, "批评": 1, "政府": 10, "针对": 1, "做法": 4, "艾伦": 1, "希望": 1, "排除": 1, "网络": 13, "很": 2, "简单": 1, "下令": 1, "禁用": 1, "即可": 1, "列入": 8, "实体": 8, "清单": 8, "禁止": 4, "公司": 10, "做生意": 4, "(": 1, ")": 1, "赶尽杀绝": 4, "为此": 1, "举例": 1, "发问": 1, "陌生人": 4, "敲门": 4, "进来": 4, "权": 4, "打死": 4, "L微": 5, "丢": 5, "来源": 2, "：": 20, "微丢": 3, "英国": 17, "运营": 3, "商力": 1, "挺华": 1, "5G": 12, "立场": 4, "@": 8, "中国": 7, "日报": 1, "报道": 2, "近日": 4, "通信": 3, "运营商": 8, "拟": 2, "上书": 3, "紧急": 2, "会议": 2, "探讨": 2, "技术": 4, "设备": 18, "运营商们": 2, "担心": 2, "迟迟": 2, "不对": 2, "投资": 2, "电信": 3, "基础": 2, "设施": 2, "世界": 9, "通讯": 4, "领域": 2, "领导者": 2, "地位": 2, "本周一": 2, "主席": 2, "约翰•萨福克": 2, "JohnSuffolk": 2, "接受": 8, "大众": 3, "性能": 3, "检验": 2, "L中报": 2, "15": 4, "城": 3, "本周": 2, "开通": 2, "10日": 2, "跨国": 1, "沃达丰": 1, "本周六": 1, "15日": 2, "城市": 3, "启动": 1, "商用": 1, "马德里": 1, "巴塞罗那": 1, "瓦伦西亚": 1, "塞维利亚": 1, "至此": 1, "欧洲": 3, "第一": 1, "推出": 3, "这项": 1, "服务": 1, "国家": 4, "此前": 1, "瑞士": 1, "圣马力诺": 1, "国": 1, "观察者": 2, "网": 2, "这部": 2, "短片": 2, "悟空": 2, "刷屏": 2, "永不": 2, "天高地厚": 2, "！！": 1, "电影": 1, "L影": 1, "视生": 1, "采用": 1, "投入": 1, "急": 1, "回应": 1, "科技": 1, "专责": 1, "质询": 7, "萨福克": 6, "赤裸裸": 1, "站": 1, "面前": 1, "才能": 1, "改进": 1, "产品": 3, "欧阳": 1, "雪": 1, "妍": 1, "小米": 1, "MIUI": 1, "适配": 1, "OS": 1, "21日": 1, "武汉": 1, "TFBOYS": 1, "易烊": 1, "千玺": 1, "见证": 1, "颜值": 1, "升级": 1, "在线": 1, "nova5": 1, "系列": 2, "正式": 2, "发布": 1, "夏天": 1, "好看": 1, "L华": 2, "终端": 2, "官方": 2, "议会": 4, "坦诚": 2, "相待": 2, "隐私官": 3, "出席": 2, "听证会": 2, "下议院": 2, "科学": 2, "有人": 3, "直截了当": 2, "跟踪": 7, "解释": 2, "电话": 4, "用户": 3, "连接": 2, "逻辑": 3, "讲": 2, "都": 10, "客户": 2, "并无二致": 2, "找": 2, "发现": 5, "感到": 2, "尴尬": 2, "……": 3, "坦诚相待": 2, "或许": 2, "完美": 2, "有益": 2, "时代": 1, "到来": 1, "成就": 1, "商业": 1, "模式": 1, "——": 2, "游戏": 5, "传统": 1, "PC": 1, "客户端": 2, "本地": 1, "电脑": 4, "转向": 1, "玩家": 1, "手机": 5, "纵横": 1, "天地": 1, "XLabs": 1, "网易": 1, "雷火": 1, "游戏部": 1, "联合": 1, "市面": 1, "国产": 1, "逆水寒": 1, "优化": 1, "配置": 1, "线华": 1, "快": 1, "接收": 1, "O5G": 1, "福利": 1, "玩端": 1, "游": 1, "性​": 1, "造谣": 1, "内部": 2, "间谍": 4, "3": 3, "警方": 1, "依法": 1, "拘留": 1, "网民": 1, "网上": 1, "传播": 2, "抓": 2, "高层": 1, "信息": 4, "大V": 1, "跟风": 1, "炒作": 1, "恶劣": 1, "影响": 1, "部门": 1, "核实": 1, "均": 1, "谣言": 2, "公安": 2, "机关": 2, "报案": 1, "涉嫌": 2, "寻衅": 1, "滋事": 1, "吴某": 1, "倪某": 1, "韩": 1, "某某": 1, "案": 1, "审查": 1, "如实": 1, "供述": 1, "违法": 1, "中央": 1, "政法委": 1, "长安剑": 1, "牛": 2, "人才": 1, "全球化": 1, "约翰·萨福克": 2, "CIO": 2, "部长": 1, "首席": 1, "安全官": 1, "上次": 2, "回答": 1, "滴水不漏": 1, "征服": 1, "网友": 1, "下属": 1, "团队": 1, "创始人": 1, "俩": 1, "牛人": 1, "质询方": 1, "代表": 2, "交流": 1, "确实": 1, "清白": 1, "前天": 2, "石锤": 1, "情报": 3, "机构": 2, "华伟": 2, "证据": 2, "脑残": 1, "早": 2, "huawei": 2, "军工": 1, "企业": 6, "抹黑": 2, "民营": 1, "生产": 1, "民用": 1, "军队": 2, "搞": 2, "混淆": 2, "故意": 1, "从不": 1, "纠正": 1, "到处": 1, "相关": 1, "阴暗": 1, "下作": 1, "曝光": 1, "2012年": 1, "份": 2, "成立": 4, "制造": 1, "目标": 2, "典型": 1, "恶意": 1, "蠢": 2, "坏": 2, "失业": 1, "之下": 3, "走投无路": 1, "一个": 2, "代理": 1, "卖": 1, "交换机": 1, "2002年": 1, "三": 2, "险些": 1, "破产": 1, "后续": 1, "才": 3, "走": 1, "国外": 1, "精英": 1, "愚民": 1, "民众": 1, "驴子": 1, "O网页": 1, "链接": 2, "计划": 2, "2021年": 2, "合作": 4, "自动": 2, "驾驶": 2, "汽车": 4, "金融": 1, "时报": 1, "日本": 1, "厂商": 1, "提供": 1, "人工": 1, "智能": 1, "支持": 2, "奥迪": 1, "广汽": 1, "丰田": 1, "长安": 1, "任正非": 3, "造车": 1, "联播L": 1, "女儿": 1, "姚安娜": 2, "98年": 1, "白富美": 1, "超盈": 1, "老公": 1, "辛奇隆": 1, "超欣": 1, "关系": 1, "不错": 1, "日常": 1, "跟着": 1, "开会": 1, "旅游": 1, "度假": 1, "哈佛": 1, "常青藤": 1, "校友们": 1, "聚会": 1, "交换": 1, "资源": 2, "四": 2, "太": 1, "想": 4, "撮合": 1, "何猷君": 1, "何家": 1, "资产": 2, "背景": 1, "联姻": 1, "红三代": 1, "平安": 1, "如今": 1, "排": 1, "钱": 1, "大部分": 1, "gj": 1, "红": 1, "后手": 1, "明面": 1, "操作": 1, "全世界": 2, "西方": 2, "高等": 2, "农村": 2, "8K": 2, "电视": 2, "买": 3, "自信": 2, "底气": 1, "点赞": 1, "L环球": 1, "纪录": 1, "频道": 1, "Verizon": 1, "支付": 1, "专利费": 1, "迎来": 1, "大转机": 1, "封杀": 1, "科学家": 1, "厉害": 1, "超乎": 1, "想象": 1, "双语": 1, "扎心": 3, "翻译": 2, "外交部": 1, "发言人": 1, "耿爽": 1, "介绍": 1, "截至": 1, "6日": 1, "30": 1, "46": 1, "5G商": 1, "合同": 1, "美方": 1, "段": 1, "时间": 1, "苦口婆心": 1, "劝说": 1, "盟友": 1, "名字": 1, "听": 1, "戳图": 1, "↓↓↓": 1, "克雷格•艾伦": 3, "华盛顿": 1, "场": 4, "投资者": 1, "相当于": 3, "L美": 1, ".": 1, "企业家": 1, "办公室": 1, "条": 1, "横幅": 1, "成功": 2, "朋友": 1, "敌人": 1, "L清南": 1, "师兄": 1, "奥克斯": 3, "格力": 1, "举报": 1, "引导": 1, "民族": 1, "大义": 1, "一大": 1, "败笔": 1, "挺": 1, "封锁": 1, "屈服": 1, "低头": 1, "硬": 1, "墙缝": 1, "开花": 1, "国人": 1, "感受": 1, "鼓舞": 1, "赢得": 1, "很多": 1, "回复": 1, "避而不谈": 1, "质量": 2, "真的": 2, "指数": 1, "达标": 1, "办法": 1, "解决": 2, "爱国": 4, "名义": 1, "鸵鸟": 1, "公关": 1, "智商": 1, "捉急": 1, "框": 1, "装": 1, "容忍": 1, "粗制滥造": 1, "欺骗": 1, "消费者": 1, "努力": 1, "据说": 1, "涂鸦画": 1, "nova": 2, "藏": 1, "座": 1, "默默": 1, "nova星人": 1, "探索": 1, "戳": 1, "5": 1, "驻扎": 1, "暗处": 1, "马来": 1, "狐蝠": 1, "喜爱": 1, "攀爬": 1, "树干": 1, "棉顶": 1, "????": 1, "降落": 1, "远处": 1, "枝桠": 1, "冠斑": 1, "犀鸟": 1, "带": 1, "P30Pro逛": 1, "新加坡": 1, "动物园": 1, "眼睛": 1, "够用": 1, "p.": 1, "s.": 1, "京东": 2, "618": 2, "期间": 1, "品牌": 1, "全场": 2, "优惠": 1, "600": 1, "元": 1, "机会": 1, "赢": 1, "万元": 1, "景大": 1, "礼包": 1, "购机": 1, "攻略": 1, "O": 1, "网页": 1, "拿到": 1, "P30": 1, "。。。": 1, "静静": 1, "摸": 1, "12999": 1, "保时捷": 1, "设计": 1, "版本": 1, "SIM卡": 1, "P30Pro": 1, "7Pro": 1, "插错": 1, "菊花": 1, "后者": 1, "黑色": 1, "天线条": 1, "起到": 1, "隐蔽": 1, "作用": 1, "老": 1, "样子": 1, "可爱": 1, "莫名": 1, "自豪": 1, "L媒体人": 1, "张晓磊": 1}