{"11": 8, "各省": 1, "消费榜": 1, "各类": 1, "榜单": 2, "10亿": 6, "俱乐部": 8, "15": 4, "亿": 5, "299": 5, "手机": 18, "三": 11, "：": 14, "苹果": 11, "、": 72, "华为": 65, "荣耀": 15, "小米": 6, "出口": 1, "品牌": 17, "第一": 5, "老外": 1, "买": 5, "美妆": 1, "欧莱雅": 4, "兰蔻": 4, "雅诗兰": 1, "黛箱": 1, "包": 1, "Charles&kith": 1, "秀丽": 1, "个护": 1, "飞利浦": 2, "护舒宝": 1, "苏菲​": 1, "VLOG057": 1, "一块": 2, "HUAWEI": 1, "WATCHGT2": 1, "秀": 1, "！": 21, "体验": 1, "摘戴率": 1, "某种": 3, "程度": 1, "忘": 1, "智能": 1, "手表": 4, "这块": 2, "到底": 1, "场": 2, "试验": 1, "…": 3, "接下来": 1, "邀": 1, "康康": 2, "42": 1, "WatchGT#2": 1, "视频": 8, "FreeBuds": 1, "3L迪仔Dizzz": 1, "秒拍": 1, "尤": 1, "长靖": 1, "尤长": 2, "靖连名": 1, "带": 2, "姓": 1, "靖壁纸": 1, "改": 1, "|": 1, "型号": 1, "款": 2, "适合": 1, "喜欢": 2, "抱走": 1, "～​": 1, "选择": 7, "Play": 2, "3": 5, "全新": 1, "配色": 1, "非黑即白": 1, "潮玩": 1, "姿态": 1, "年轻": 1, "绝不": 1, "妥协": 1, "玩酷": 1, "子弟": 1, "一体化": 1, "纯白": 2, "设计": 1, "冰岛": 1, "白": 1, "注入": 1, "女性": 1, "纯粹": 1, "雅致": 1, "人生": 1, "睁开": 1, "极致": 1, "黑眸": 1, "注视": 1, "未来": 1, "​": 14, "跻身": 1, "元": 13, "7": 1, "国货": 2, "破": 3, "天猫": 6, "公布": 1, "数据": 6, "24": 1, "小时": 1, "内": 1, "成交额": 3, "突破": 3, "1亿": 3, "迈入": 2, "单日": 2, "成交": 2, "占": 1, "半数": 1, "包括": 2, "美的": 3, "海尔": 3, "格力": 2, "南极": 1, "耐克": 3, "国际": 1, "大牌": 1, "上榜": 2, "BBC": 1, "纪录片": 4, "发布": 5, "任正非": 8, "亲述": 2, "早期": 4, "创业史": 4, "天下": 4, "11月": 7, "11日": 7, "真实": 2, "故事": 3, "讲述": 2, "片中": 2, "称": 5, "代理": 2, "销售": 2, "交换机": 2, "卖": 2, "很": 6, "供货": 2, "逼到": 2, "产品": 3, "那时候": 2, "无路可走": 2, "想念": 2, "成功": 2, "茶缸": 2, "员工": 22, "愿景": 3, "O网页": 2, "链接": 4, "别人家": 2, "公司": 7, "发放": 8, "20亿": 9, "奖金": 11, "人均": 5, "10万": 3, "计入": 2, "年终奖": 2, "晚间": 1, "发奖": 1, "消息": 2, "登上": 1, "热搜": 1, "据悉": 1, "份": 7, "人人": 1, "一个": 11, "阳光": 2, "普照": 1, "工资": 2, "；": 3, "第二": 1, "参与": 1, "国产": 2, "组件": 1, "切换": 1, "人员": 1, "奋斗": 3, "特别奖": 1, "人数": 2, "说法": 1, "有异": 1, "9万多": 1, "慧通": 1, "产线": 1, "2万多": 1, "16": 1, "估计": 1, "4万": 1, "2万": 1, "O华": 1, "发": 4, "刷屏": 1, "胡玲": 2, "离职": 9, "手续": 1, "很快": 1, "段": 1, "时间": 2, "闹": 1, "沸沸扬扬": 1, "同志": 1, "来得及": 1, "想": 2, "系统": 1, "查": 1, "不到": 1, "1": 3, "保护": 1, "内部": 1, "没法": 1, "老板": 1, "目光如炬": 1, "容得": 1, "沟通": 2, "方法": 1, "值得": 2, "反思": 1, "一线": 2, "战士": 1, "战斗力": 1, "一如既往": 1, "成本": 1, "越来越": 1, "4": 1, "请": 1, "主动": 1, "职场": 1, "人事": 1, "数字": 3, "深圳": 7, "智慧": 3, "校园": 3, "深大": 1, "科技": 3, "美好": 1, "大学": 6, "伴随": 1, "特区": 1, "长": 1, "窗口": 1, "高等教育": 1, "智慧化": 1, "信息化": 1, "勇立": 1, "潮头": 1, "携手": 1, "合作": 1, "建设": 1, "全球": 2, "标杆": 1, "示范": 1, "便捷": 1, "信息": 1, "服务": 1, "支撑": 1, "校区": 1, "运行": 1, "驱动": 1, "教学": 1, "科研": 1, "创新": 3, "应有尽有": 1, "即日": 1, "关注": 1, "@": 2, "tag": 1, "转发": 1, "本条": 1, "菌菌": 1, "11.17日": 1, "抽": 1, "小伙伴": 1, "送出": 1, "手环4": 1, "～O": 1, "抽奖": 1, "详情": 1, "强迫": 1, "孕期": 1, "高龄": 2, "女": 1, "事情": 2, "如果说": 1, "代表": 1, "形象": 2, "坦诚": 1, "讲": 1, "希望": 1, "这家": 1, "懂得": 1, "人道主义": 1, "37": 1, "岁": 1, "孕妇": 1, "这时候": 1, "工作": 2, "家庭": 1, "陷入": 1, "经济": 1, "困窘": 1, "境地": 1, "遮挡": 1, "残忍": 1, "恶臭": 1, "Vivo": 1, "抢跑": 2, "5G": 3, "蹭车": 2, "没落": 2, "三星": 8, "比华": 2, "缺": 4, "民族": 2, "芯": 2, "自信心": 2, "近日": 1, "行业": 1, "调研": 1, "机构": 1, "Canalys": 1, "显示": 5, "vivo": 8, "销量": 3, "大幅": 1, "下滑": 1, "23%": 1, "1750万": 1, "不及": 1, "一半": 2, "长期以来": 1, "基础": 1, "硬件": 1, "开发": 2, "缺乏": 2, "投入": 1, "积累": 1, "先机": 1, "唯一": 1, "尝试": 1, "联合": 1, "研发": 4, "意图": 1, "获取": 1, "芯片": 2, "能力": 1, "技术": 6, "受制于人": 1, "节奏": 1, "半": 1, "拍": 3, "常态": 1, "亡羊补牢": 1, "为时未晚": 1, "奋起直追": 1, "决心": 1, "顺风车": 1, "搭到": 1, "走到": 1, "远": 1, "这一切": 1, "未": 1, "可知": 1, "魅族": 1, "殷鉴不远": 1, "OVivo": 1, "厂商": 1, "独立": 1, "想到": 1, "季": 1, "秋冬": 1, "搭配": 3, "败": 1, "单品": 1, "居然": 2, "畅享": 2, "10Plus": 1, "赤": 1, "茶橘": 1, "见到": 1, "如同": 2, "艺术品": 1, "手里": 1, "简直": 1, "整体": 1, "画龙点睛": 1, "笔": 1, "颜值": 2, "背后": 1, "实力": 1, "后置": 1, "4800万A": 1, "I超": 1, "广角": 2, "摄": 2, "1600万": 1, "前置": 1, "白天": 1, "夜晚": 1, "秒": 1, "成片": 1, "MateX": 2, "折叠": 2, "iPhone": 1, "厉害": 1, "都": 8, "爵士": 2, "信号": 1, "这是": 1, "傲娇": 1, "商品": 1, "暂": 1, "支持": 2, "iOS": 1, "设备": 4, "购买": 1, "无情": 1, "姚琛yc": 1, "姚琛": 2, "活力": 1, "白羊": 1, "谢谢": 2, "琛琛": 2, "推": 1, "保佑": 1, "拿到": 1, "华为杯": 1, "国": 1, "小小": 1, "瑟": 1, "记得": 1, "比赛": 1, "难熬": 1, "那段": 1, "刚好": 1, "vlog": 1, "听话": 1, "应援": 1, "论文": 1, "写完": 1, "努力": 3, "辜负": 1, "果不其然": 1, "回馈": 1, "粉上": 1, "件": 1, "多么": 1, "幸运": 1, "R1SE": 1, "Mate30Pro5G": 1, "网络": 2, "测试": 1, "顺便": 1, "对比": 1, "4G": 1, "iPhone11ProMax": 1, "L数码": 1, "酷燃": 1, "创业": 2, "力量": 1, "同比": 2, "去年": 3, "增加": 1, "62": 1, "雅诗兰黛": 2, "......": 2, "国内外": 1, "知名": 1, "翻": 1, "倍": 1, "小可爱们": 1, "快": 1, "送": 1, "调查": 1, "折叠屏": 4, "资金": 1, "雄厚": 1, "Fold折叠屏": 1, "阿华": 1, "灵魂": 1, "公交": 1, "卡门禁卡": 1, "刷": 1, "卡": 1, "早": 1, "默认卡": 1, "用上": 1, "Mate30": 1, "功能": 1, "点赞": 1, "L华": 1, "终端": 1, "官方": 3, "昨天": 1, "表盘": 8, "O": 2, "网页": 2, "很多": 1, "咋装": 1, "简单": 4, "写下": 1, "流程": 1, "华米": 2, "Bip": 1, "VergeLite": 1, "GTR": 1, "Cor": 1, "系列": 1, "手环": 2, "#4": 1, "Amazfit/Mifit": 2, "客户端": 1, "下载": 2, "安装": 3, "文件": 4, "管理器": 1, "打开": 2, "/": 4, "Android": 1, "data/com.huami.watch.hmwatchmanager": 1, "files/watch_skin_local": 1, "路径": 1, "watch_skin_local": 1, "文件夹": 2, "找到": 1, ".": 1, "bin": 1, "复制": 1, "名字": 1, "换掉": 1, "你从amazfitwatchfaces上下载": 1, "表盘名": 1, "即可": 2, "Pace": 1, "Stratos": 1, "Verge": 1, "网站": 2, "WFZ格式": 1, "连接": 2, "电脑": 1, "WatchFace": 1, "断开": 1, "设置": 1, "偏好": 1, "更换": 2, "APK格式": 1, "提供": 1, "APKInstaller": 1, "出错": 1, "建议": 1, "格式": 1, "#5": 1, "GT/GT2手头": 1, "教程": 1, "挺": 1, "L午": 1, "狂": 1, "睡": 1, "冠军": 5, "自带": 1, "惯性": 2, "十一": 5, "再次": 2, "卫冕": 2, "过往": 1, "屡": 1, "佳绩": 1, "打破": 1, "记录": 1, "首次": 2, "开挂": 1, "停": 1, "2019年": 3, "落": 1, "帷幕": 1, "刷新": 1, "创造": 1, "成绩": 2, "夺得": 1, "+": 2, "京东": 2, "苏宁": 1, "易购": 1, "品类": 1, "当日": 1, "累计": 1, "平台": 2, "领跑": 2, "全能": 1, "创": 1, "新高": 1, "明年": 1, "连续": 1, "夺冠": 2, "老": 1, "晒出": 1, "19": 1, "年前": 1, "存折": 1, "双11": 4, "战报": 2, "销售额": 4, "超华": 2, "牌子": 1, "往年": 1, "相比": 1, "战况": 1, "出人意料": 1, "——": 1, "频繁": 1, "吐槽": 1, "乏力": 1, "价格": 1, "贵": 1, "赢家": 1, "截至": 3, "24时": 3, "排名": 1, "紧随": 1, "其后": 1, "OPPO": 1, "期间": 1, "iPhone11": 1, "降": 1, "4799": 1, "Mate30Pro4G": 1, "版本": 1, "售价": 1, "还要": 1, "低": 1, "4299": 1, "Mate304": 1, "G版": 1, "500": 1, "当天": 1, "超越": 1, "登顶": 1, "姐妹们": 1, "冬天": 2, "拍出": 1, "绝美": 1, "照片": 1, "10S": 1, "拥有": 1, "超": 1, "AI三": 1, "实力派": 1, "引爆": 1, "打卡": 7, "上午": 1, "9：00": 1, "上班": 1, "9：01": 1, "就算": 1, "迟到": 2, "改为": 1, "9：05": 1, "年内": 2, "忘记": 1, "分钟": 1, "次数": 1, "超过": 1, "劳动": 2, "态度": 6, "绩效": 1, "考核": 2, "等级": 1, "变为": 2, "C": 2, "至少": 1, "升职": 1, "加薪": 1, "出路": 1, "剩下": 1, "也许": 1, "有人": 1, "为人": 1, "像是": 1, "执行": 1, "考勤": 2, "制度": 1, "体现": 1, "信任": 1, "否认": 1, "管理": 3, "才": 1, "塑造": 1, "高效": 1, "执行力": 1, "案例": 1, "按时": 1, "证明": 1, "正确": 2, "事件": 1, "企业": 2, "确认": 1, "此前": 1, "网上": 1, "爆料": 1, "普照奖": 1, "该奖": 1, "感谢": 1, "自华": 1, "5月": 1, "制裁": 1, "L老板": 1, "联播": 1, "最终": 1, "出炉": 1, "涉及": 1, "21": 1, "类目": 1, "共有": 2, "阿迪达斯": 1, "优衣库": 1, "南极人": 1, "玉兰": 1, "油": 1, "戴森": 1, "西门子": 1, "李宁": 1, "松鼠": 1, "GXG": 1, "森马": 1, "Zara": 1, "百丽": 1, "茅台": 1, "百草味": 1, "良品": 1, "铺子": 1, "H&M": 1, "江南": 1, "布衣": 1, "雅戈尔": 1, "联商": 1, "网O": 1, "游戏界": 1, "面对": 1, "二为": 1, "Fold": 1, "屏": 2, "游戏": 2, "界面": 2, "四": 1, "MateX折": 1, "叠屏": 1, "视野": 1, "阿里": 8, "挖": 2, "人才": 4, "离开": 4, "心疼": 2, "新一代": 1, "接班人": 1, "张勇": 1, "编号": 1, "二十多万": 1, "在职": 2, "11万": 1, "也就是说": 1, "多年": 1, "阿里人": 3, "杭州": 1, "全国": 1, "贡献": 1, "价值": 1, "马云": 1, "中国": 1, "培养": 1, "数百": 1, "CEO": 1, "级别": 2, "人物": 1, "使命": 1, "依然": 1, "永远": 1, "文化": 1, "看待": 1, "方式": 1, "苦恼": 1, "难": 1, "留住": 1, "博士": 1, "教授": 1, "找": 1, "原因": 1, "改进": 1, "宝贵": 1, "宝": 1, "都会": 1, "阿里巴巴": 1, "副总裁": 1, "解释": 2, "智慧屏": 1, "电视": 2, "区别": 2, "半天": 1, "明白": 1, "L": 1}