{"创业者": 1, "不为人知": 1, "艰辛": 1, "勇敢": 1, "面对": 1, "前方": 1, "沟壑": 1, "彷徨": 1, "无助": 1, "；": 13, "孤立无援": 1, "困境": 1, "负重": 1, "前行": 1, "请": 2, "放弃": 8, "希望": 1, "忘记": 1, "态度": 4, "坚定": 1, "支持": 4, "一个": 4, "正确": 1, "选择": 41, "承诺": 2, "华为": 54, "可靠": 1, "L华": 4, "中国": 10, "视频": 23, "​": 15, "任正非": 36, "：": 25, "养猪": 38, "专家": 3, "豆腐": 38, "大王": 25, "创始人": 14, "接受": 20, "媒体": 11, "专访": 13, "谈到": 1, "成功": 22, "专注": 21, "当初": 12, "中途": 7, "一无所有": 7, "只能": 10, "乞丐": 1, "L大佬": 1, "时间": 2, "秒拍": 4, "远在天边": 1, "亦": 1, "近在眼前": 1, "P30": 5, "系列": 1, "3月": 5, "26日": 3, "法国": 1, "巴黎": 1, "！": 8, "终端": 3, "官方": 5, "​​​": 2, "胡侃": 1, "印度人": 2, "动不动": 1, "烧": 1, "商品": 1, "抵制": 1, "货": 1, "当成": 1, "爱国": 2, "表现": 2, "很多": 2, "中国人": 1, "大概": 1, "方式": 1, "理解": 1, "角度": 1, "老胡": 1, "敬请": 1, "网友": 1, "批评": 2, "苹果": 1, "手机": 5, "发帖": 1, "中兴": 1, "L胡锡进": 1, "都会": 10, "BBC": 7, "问及": 11, "造就": 2, "门槛": 11, "很": 25, "电信": 11, "行业": 12, "@": 7, "老板": 4, "联播L": 2, "联播": 2, "德国": 7, "美": 3, "怨气": 2, "爆发": 2, "美国": 16, "占领国": 2, "上任": 1, "未": 2, "驻德": 1, "大使": 1, "格雷内尔": 2, "国防": 2, "开支": 1, "、": 27, "伊核": 1, "协议": 1, "北溪": 1, "-2": 1, "号": 1, "天然气": 1, "管道": 1, "5G": 10, "默克尔": 2, "政府": 5, "指手画脚": 1, "周二": 1, "提出": 1, "未来": 4, "预算": 1, "低于": 1, "北约": 1, "2024年": 1, "占": 1, "GDP": 1, "2%": 1, "担忧": 1, "迹象": 2, "这下": 1, "议员们": 1, "忍": 1, "议院": 1, "副主席": 1, "库比金": 1, "公开": 1, "视格": 1, "雷内尔": 1, "人物": 2, "名": 1, "外交官": 1, "占领军": 1, "高级": 1, "专员": 1, "不得不": 1, "忍耐": 1, "极限": 1, "视作": 1, "限定": 1, "内": 3, "离境": 1, "O德国": 1, "采访": 8, "纪要": 4, "满满": 2, "干货": 4, "回应": 1, "技术": 3, "远远": 1, "领先": 1, "西方": 1, "公司": 5, "5": 2, "G光": 1, "交换": 1, "光芯片": 1, "艰难": 1, "东西": 3, "感谢": 3, "广告": 2, "小小": 1, "强大": 1, "国家": 1, "机器": 1, "PK": 1, "无上": 1, "光荣": 1, "40": 1, "回答": 2, "详文": 1, "O满满": 2, "L见闻": 9, "企业家": 9, "‘": 2, "卖": 5, "芯片": 4, "’": 2, "好笑": 3, "事件": 1, "总裁": 1, "罕见": 1, "加大": 1, "外媒": 1, "宣传": 4, "攻势": 1, "19日": 2, "哥伦比亚": 1, "广播": 1, "钱": 1, "赚": 1, "卖给": 2, "逼": 1, "想": 2, "三": 1, "官员": 1, "蓬佩奥": 1, "彭斯替": 1, "本来": 1, "老百姓": 2, "都": 2, "打开": 2, "看一看": 1, "全世界": 1, "世界": 4, "影响力": 1, "...": 1, "全文": 1, "请戳": 1, "→O": 1, "CBS": 1, "易烊": 4, "千玺": 3, "nova4": 1, "发布会": 1, "vlog": 1, "工作": 1, "状态": 1, "主演": 1, "千": 1, "玺": 1, "旁白": 1, "胖": 1, "虎": 1, "哈哈哈": 1, "vlog多多": 1, "益善": 1, "吖L": 1, "娱圈": 1, "欧巴": 1, "远": 1, "近到": 1, "27日": 1, "00:00": 1, "即将": 1, "开启": 1, "预售": 1, "探索": 1, "权利": 2, "职位": 1, "关注": 2, "猎聘网": 1, "华为云": 1, "转发": 3, "本条": 2, "说出": 1, "期待": 2, "抽": 1, "幸运鹅": 1, "每人": 1, "送出": 1, "荣耀": 1, "手环": 1, "4一": 1, "独家": 1, "称": 1, "打击": 1, "指控": 1, "法律": 1, "解决": 1, "五": 2, "投资": 1, "超过": 1, "1000亿": 1, "美金": 1, "研发": 2, "经费": 1, "网络": 2, "重构": 1, "先进": 1, "O": 1, "扼杀": 1, "掉": 1, "阅读": 2, "传递": 1, "价值": 1, "资讯": 1, "ZAKER": 1, "抽取": 1, "同学": 1, "送": 2, "P20": 1, "抽奖": 1, "平台": 1, "一月": 1, "想要": 1, "款": 1, "？a.GalaxyS10+b.三": 1, "星": 1, "fold": 1, "折叠": 1, "屏手": 1, "机c": 1, ".": 4, "Prod": 1, "小米": 1, "9e.OPP": 1, "OR": 1, "ENOF": 1, "vivoI": 1, "QOOG": 1, "魅族": 1, "16sh.IPhoneXSMaxj.诺基亚9Pu": 1, "review​": 1, "电商部": 1, "领导人": 1, "性化": 1, "散打哥": 1, "以身作则": 1, "散": 1, "打哥": 2, "直播": 2, "电话卡": 1, "星期六": 1, "带货": 1, "快手": 1, "告诉": 1, "下午": 1, "4点散": 1, "清远": 1, "乡村": 3, "新闻": 1, "官陆": 1, "飞红": 1, "书记": 1, "刘逢明": 1, "村长": 1, "台": 1, "新闻官": 2, "携": 1, "南方": 1, "农村": 1, "报": 1, "拍": 1, "短": 1, "点开": 1, "手误点": 1, "奢侈品": 1, "心动": 1, "感觉": 1, "画面": 1, "美感": 1, "藏": 1, "不少": 1, "小心机": 1, "~": 2, "拥有": 1, "拍照": 1, "跑步": 1, "调焦": 1, "嘻嘻嘻": 1, "~~~": 1, "新机": 1, "上市": 1, "种草": 1, "宝宝": 1, "卡脖子": 2, "供应链": 2, "国产": 6, "替代": 7, "路": 2, "水平": 1, "半导体": 1, "精密": 3, "仪器": 1, "航空": 1, "航天": 2, "我国": 1, "未能": 1, "竞争": 1, "优势": 2, "集成": 1, "电路": 1, "产品": 1, "硬件": 1, "领域": 2, "智能": 1, "笔记本": 1, "电脑": 2, "平板": 1, "消费": 1, "电子": 1, "占据": 1, "性能": 1, "稍微": 1, "差一点": 1, "商业": 1, "竞争力": 1, "降低": 1, "程度": 1, "分成": 1, "传感器": 1, "调制器": 1, "连接器": 1, "代表": 2, "紫光": 2, "光迅": 1, "旭创": 1, "同创": 1, "立讯": 1, "长盈": 1, "电器": 1, "中航": 1, "光电": 1, "中低端": 1, "硬盘": 1, "可用": 1, "海思": 1, "展锐": 1, "汉": 1, "天下": 1, "韦尔": 1, "股份": 2, "圣邦": 1, "验证": 1, "测试": 1, "光器件": 1, "软件": 1, "CPU": 1, "GPU": 1, "数据库": 1, "暂": 1, "找到": 1, "供应商": 1, "信建": 1, "投TMT": 1, "团队": 1, "O防止": 1, "三月": 1, "江城": 1, "樱花": 1, "______": 1, "首家": 1, "授权": 1, "体验": 1, "店Plus": 1, "23日": 1, "武汉": 1, "汉街": 1, "打压": 2, "挫折": 1, "不买账": 1, "巴西": 5, "无意": 1, "设限": 2, "全球": 1, "近期": 1, "频频": 1, "受阻": 1, "第一": 1, "轮": 1, "频谱": 2, "拍卖": 2, "围绕": 1, "争议": 1, "拉开": 1, "帷幕": 1, "总理": 1, "反对": 1, "通信": 1, "企业": 3, "排除": 1, "该国": 1, "建设": 1, "总统": 1, "助理": 1, "打算": 2, "市场": 1, "设置": 1, "生意": 1, "系统": 1, "漏洞": 1, "O巴西": 1, "大事": 1, "搞": 1, "连载": 1, "节目": 1, "奥侃": 1, "每周一": 1, "期": 2, "每期": 1, "分钟": 2, "传播": 1, "专业": 1, "有趣": 1, "科技": 1, "知识": 1, "讲": 1, "背后": 1, "故事": 1, "起诉": 1, "1": 1, "剪辑": 1, "版": 1, "完整版": 1, "地址": 1, "扩散": 1, "O网页": 1, "链接": 1, "L奥卡姆": 1, "剃刀": 1}