{"胡侃": 2, "波兰": 82, "美国": 21, "打压": 3, "华为": 113, "帮凶": 9, "中国": 44, "东欧": 2, "国家": 4, "极少": 2, "发生": 2, "公开": 4, "间谍案": 7, "纠纷": 3, "老胡": 7, "记得": 2, "之间": 2, "间谍": 16, "冲突": 2, "挑起": 2, "纷争": 2, "国际": 4, "通例": 2, "做出": 6, "回应": 11, "付出": 3, "代价": 3, "L胡锡进": 2, "视频": 6, "​": 13, "活动": 8, "抓": 1, "员工": 36, "王": 24, "伟晶": 22, "很快": 1, "发": 2, "声明": 5, "解除": 2, "雇佣": 14, "关系": 17, "外界": 2, "认罪": 1, "情况": 2, "舆论": 7, "孟晚舟": 5, "逮捕": 21, "全力": 2, "营救": 1, "对比": 1, "抛弃": 1, "道德": 1, "指责": 3, "猛": 1, "成立": 2, "想": 4, "指控": 10, "背后": 1, "影子": 1, "这是": 4, "一部分": 1, "罪名": 4, "呼应": 1, "设备": 3, "政府": 9, "搜集": 2, "情报": 3, "违反": 8, "伊朗": 1, "禁运": 1, "局部": 1, "争议": 1, "两回事": 1, "声誉": 6, "突袭": 1, "非法": 1, "科技": 2, "商业": 1, "违背": 1, "内部": 1, "规章": 1, "法律": 17, "风险": 2, "驾驭": 1, "公司": 18, "18万": 1, "全球": 7, "通信": 1, "巨头": 1, "王伟": 2, "晶案": 2, "意味": 1, "切割": 5, "努力": 2, "管用": 1, "动机": 1, "危局": 1, "被迫": 1, "选择": 1, "合同": 9, "意味着": 2, "停止": 1, "合法": 5, "权益": 5, "保护": 6, "使馆": 4, "第一": 2, "时间": 3, "提出": 1, "领事": 3, "探视": 1, "援助": 1, "此案": 2, "全世界": 2, "内": 1, "广受": 1, "关注": 1, "波方": 5, "公正": 2, "审理": 1, "仔细": 1, "加拿大": 6, "拘捕": 1, "发表": 3, "很": 2, "简短": 1, "体系": 1, "最终": 2, "给出": 1, "结论": 1, "加方": 2, "触犯": 1, "过境": 1, "操作": 1, "震动": 1, "世界": 1, "法理": 1, "外交": 1, "漏洞": 1, "都": 9, "激烈": 1, "中方": 4, "应对": 1, "挑战": 1, "复制": 1, "案": 4, "公民": 11, "打半点": 1, "折扣": 1, "发起": 1, "一个": 5, "针对": 2, "逻辑": 1, "层面": 1, "千万": 1, "打倒": 1, "力量": 1, "忽悠": 1, "带": 2, "节奏": 1, "民营": 3, "高科技": 2, "企业": 4, "认认真真": 1, "搞": 1, "技术": 6, "远离": 1, "地缘": 2, "政治": 4, "超越": 1, "找上门": 1, "导致": 1, "蒙难": 1, "可想而知": 1, "多难": 1, "唯一": 1, "当做": 1, "给予": 2, "理解": 1, "、": 18, "同情": 1, "鼓励": 1, "挺住": 1, "经受": 1, "成长": 1, "壮大路": 1, "注定": 1, "遭遇": 3, "疾风暴雨": 1, "洗礼": 1, "部门": 5, "：": 30, "无关": 7, "1月": 6, "8日": 2, "安全局": 6, "名": 8, "官员": 2, "路透": 2, "11日": 4, "援引": 2, "媒体": 4, "消息": 3, "报道": 8, "此事": 2, "(": 4, "13日": 2, ")": 4, "环球网": 2, "编辑部": 2, "路透社": 3, "最初": 2, "发现": 2, "后续": 3, "增加": 3, "细节": 2, "发言人": 6, "关联": 5, "O波兰": 4, "环球": 2, "时报": 1, "社评": 5, "这次": 5, "时报社": 1, "文章": 2, "称": 11, "内政部长": 2, "星期六": 2, "北约": 3, "欧盟": 2, "排除": 2, "欧洲": 2, "市场": 2, "制定": 2, "立场": 2, "提到": 1, "历史": 1, "侵略": 1, "瓜分": 1, "很多": 2, "保障": 1, "放在": 1, "政策": 1, "首要": 1, "位置": 1, "驻军": 1, "明白": 1, "惩罚": 1, "无需": 1, "顾忌": 1, "西方": 2, "欺负": 3, "犯": 2, "冒犯": 1, "应有": 1, "O": 5, "网页": 2, "链接": 3, "PS": 1, "希望": 1, "网友们": 1, "理性": 1, "讨论": 1, "类似": 1, "过激": 1, "情绪": 1, "可取": 1, "探访": 4, "华强北": 4, "iPhone": 4, "机型": 4, "降价": 5, "超": 3, "2000": 4, "小米": 5, "卖": 6, "12日": 6, "拍客": 2, "实地": 2, "深圳": 2, "获悉": 2, "款": 1, "500": 2, "元": 5, "不等": 2, "买": 5, "老": 2, "二手机": 2, "店员": 2, "新款": 2, "价格": 2, "贵": 2, "国产": 2, "柜台": 2, "苹果": 5, "有时候": 2, "货": 2, "L": 2, "老板": 2, "联播": 2, "秒拍": 4, "布鲁津斯基": 1, "机关": 2, "星期五": 1, "推特": 2, "公布": 1, "被捕": 10, "人员": 1, "身份": 2, "特意": 1, "CIA": 1, "FBI": 1, "国务院": 1, "官方": 3, "账号": 1, "千": 1, "系列": 1, "当天": 1, "更新": 1, "内容": 1, "扎伦": 2, "StanislawZaryn": 2, "谈到": 2, "男子": 2, "件": 3, "工作": 3, "无关​": 1, "原因": 15, "终止": 16, "晚间": 1, "代表处": 6, "涉嫌": 14, "调查": 9, "事件": 16, "不良": 5, "影响": 5, "依据": 5, "劳动": 5, "相关": 5, "管理": 4, "立刻": 5, "O华": 2, "违法": 4, "2018年": 1, "国内": 3, "通讯": 1, "厂商": 3, "研发": 3, "费用": 1, "投入": 3, "排名": 1, "差距": 1, "！": 5, "马来西亚": 1, "68": 1, "岁": 1, "法师": 1, "林": 1, "文华": 1, "证明": 1, "法力无边": 1, "当众": 1, "表演": 1, "清蒸": 1, "30": 1, "分钟": 1, "悲剧": 1, "L迷": 1, "厨房": 1, "头条": 1, "火烧": 1, "流云": 1, "悬": 1, "彩虹": 1, "星空": 1, "银河": 1, "血月": 1, "盈缺": 1, "日月": 2, "交替": 1, "万物": 1, "流转": 1, "BYHUAWEIP": 1, "PRO&MATE": 1, "10": 1, "@": 2, "手机": 2, "VSCOAP": 1, "P​": 1, "驻": 4, "波": 3, "尽快": 3, "通报": 3, "第一时间": 1, "约见": 1, "外交部": 1, "此前": 2, "O中": 1, "战狼": 1, "精神": 1, "#x": 1, "东方": 2, "雅利安人": 1, "犯罪": 4, "]华": 1, "遵守": 6, "业务": 3, "所在国": 6, "法规": 7, "合规": 3, "经营": 3, "国资": 1, "参与": 1, "标签": 1, "象征": 1, "意义": 1, "社会": 3, "协助": 1, "维护": 2, "义务": 1, "重创": 1, "信心": 1, "打击": 2, "事情": 2, "海外": 2, "证据": 1, "极少数": 1, "屁股": 1, "坐": 1, "鼓噪": 1, "理由": 1, "动用": 1, "资源": 1, "一家": 1, "埋单": 1, "决不": 1, "搭理": 1, "声音": 1, "骚扰": 1, "误导": 1, "本国": 1, "所有制": 1, "履行": 1, "职责": 1, "略略": 1, "投稿": 1, "提问": 1, "本人": 1, "渠道": 2, "服玩家": 2, "去年": 1, "湾湾": 1, "那种": 2, "随身": 2, "wifi登": 1, "游戏": 2, "中心": 2, "天际": 1, "通里": 1, "流量": 3, "才": 1, "肝yys": 1, "大江山": 1, "超鬼": 1, "肝": 1, "月末": 1, "日本": 2, "请问": 1, "旅游": 1, "wifi": 1, "登上": 1, "……": 3, "销售": 1, "总监": 1, "因该": 1, "法院": 1, "羁押": 1, "3": 2, "面临": 1, "10年": 1, "有期徒刑": 1, "领英": 1, "信息": 1, "显示": 1, "2011年": 1, "格但斯克": 1, "领事馆": 1, "程度": 1, "减低": 1, "损害": 1, "上策": 1, "荣耀": 4, "越来越": 2, "牛": 2, "爆发": 3, "销量": 1, "产品力": 1, "Mate20Pro": 1, "V20": 1, "Nova4": 1, "采用": 1, "屏下": 1, "镜头": 1, "液冷散热": 1, "旗舰": 1, "标配": 2, "GPUturbo": 1, "Linkturbo": 1, "三": 1, "摄": 1, "40": 1, "W快": 1, "15W": 1, "无线": 1, "快充": 1, "领先": 1, "包括": 1, "三星": 2, "吹": 1, "十几": 1, "几百亿": 1, "千亿": 1, "积累": 1, "持续": 1, "释放": 1, "预见": 1, "未来": 2, "三年": 2, "五": 1, "取代": 1, "创新": 1, "央视": 1, "新闻": 1, "O网页": 1, "TA": 1, "晚安": 1, "听歌": 1, "打开": 1, "音乐": 1, "每日": 1, "推荐": 1, "歌单": 1, "搜": 1, "喜欢": 1, "歌手": 1, "专辑": 1, "听": 2, "亦": 1, "重复": 1, "播放": 1, "曲库": 1, "下载": 1, "单曲": 1, "日常": 1, "歌": 1, "挑选": 1, "歌曲": 1, "转评": 1, "聊聊": 1, "小云": 1, "抽": 1, "送出": 1, "耳机": 1, "律师": 1, "戳破": 1, "肺管子": 1, "爸": 1, "任正非": 1, "?长": 1, "公主": 1, "皆": 1, "弃子": 1, "牵涉": 3, "当局": 1, "服务": 1, "机构": 1, "符合": 1, "#止": 1, "戈锐": 1, "评": 1, "抓华": 1, "全文": 1, "雇员": 1, "事实": 1, "尚未": 1, "披露": 1, "一点": 1, "肯定": 1, "前华": 1, "案情": 1, "简单": 1, "妥善": 1, "马上": 1, "解雇": 3, "快速": 1, "顺水推舟": 1, "案件": 2, "单纯化": 1, "处于": 1, "美": 1, "战略": 3, "博弈": 1, "大时局": 1, "产业": 1, "掐尖": 1, "首当其冲": 1, "政治性": 1, "王案": 2, "百害而无一利": 1, "磨盘": 1, "拉": 1, "解脱": 1, "有人": 1, "坐实": 1, "纯粹": 1, "外行": 1, "对方": 1, "房东": 1, "合作": 1, "减少": 1, "分离": 1, "再次": 1, "回国": 1, "起诉": 1, "赔偿": 1, "恢复": 1, "什么的": 1, "劳动法": 1, "孟案": 2, "无奈": 1, "蠢货": 1, "太": 2, "带路党": 1, "看待": 1, "FULL": 1, "第1": 1, "期": 1, "研究院": 1, "院长": 1, "张维为": 1, "全方位": 1, "剖析": 1, "发展": 1, "绑架": 1, "高管": 1, "究竟": 1, "阴谋": 1, "卫视": 1, "高清": 1, "L武力": 1, "统一": 1, "澄清": 3, "深陷": 1, "公关": 1, "危机": 1, "昨晚": 1, "涉间": 1, "谍案": 1, "出于": 1, "南部": 1, "小镇": 1, "只能": 1, "处在": 1, "阶段": 1, "——": 1, "2012年": 1, "12月": 1, "开工": 1, "2013年": 1, "3月": 1, "仅仅": 1, "南方": 1, "镇": 1, "Ożarowice": 1, "新天": 1, "先进": 1, "无线LTE": 1, "全镇": 1, "30%": 1, "上网": 2, "每家": 1, "每户": 1, "便捷": 1}