{"华为": 99, "设备": 42, "亮相": 12, "英国": 73, "首次": 32, "5G": 83, "直播": 66, "：": 29, "最终": 4, "！": 27, "@": 9, "中国": 10, "日报": 4, "报道": 6, "当地": 10, "时间": 10, "周四": 6, "广播": 10, "公司": 28, "BBC": 21, "网络": 20, "早间": 8, "节目": 16, "这是": 11, "信号": 16, "电视": 22, "电信": 12, "巨头": 7, "BT": 7, "旗下": 7, "EE": 19, "运营商": 16, "提供": 7, "主持人": 16, "激动": 7, "社交": 9, "媒体": 10, "账号": 8, "分享": 8, "幕后": 8, "花絮": 8, "镜头": 10, "对准": 10, "说道": 7, "支持": 10, "英": 9, "此前": 5, "、": 11, "Vodafone": 4, "参与": 4, "建设": 5, "传言": 4, "层出不穷": 4, "事实": 4, "证明": 4, "机构": 4, "依旧": 4, "开启": 7, "时代": 4, "O": 3, "L中报": 6, "视频": 33, "秒拍": 15, "迪拜": 4, "签": 1, "合同": 1, "哈利法塔": 2, "免费": 1, "广告": 3, "太": 6, "炫": 1, "L胖哥": 1, "杨力": 1, "​": 10, "助力": 4, "开通": 6, "服务": 9, "近日": 2, "六": 2, "城市": 5, "正式": 4, "启用": 4, "基础": 2, "设施": 2, "记者": 7, "网友": 1, "展示": 1, "——": 2, "特意": 2, "解释": 3, "L": 7, "央视": 6, "新闻": 6, "5月": 3, "30日": 9, "一个": 5, "连线": 1, "走到": 1, "转播车": 1, "介绍": 1, "关键": 1, "第一": 5, "成功": 1, "实时": 1, "转播": 1, "环球": 1, "时报": 1, "三": 1, "缺": 1, "二视": 1, "频组": 1, "一季度": 1, "可穿戴": 7, "出货量": 3, "猛增": 3, "282%": 2, "5.6": 2, "倍": 2, "苹果": 6, "IDC": 1, "公布": 1, "数据": 5, "显示": 1, "全球": 9, "份额": 4, "10%": 1, "落后于": 1, "26%": 1, "小米": 1, "13%": 1, "三星": 1, "占据": 1, "9%": 1, "市场": 3, "同比": 5, "增长率": 2, "152%": 1, "本季": 1, "增加": 1, "282.2%": 2, "相比之下": 1, "49.5%": 1, "O一": 1, "季度": 2, "喜欢": 1, "品牌": 2, "智能": 4, "手表": 4, "手环": 1, "退出": 2, "IEEE": 3, "北大": 1, "教授": 2, "抗议": 3, "到底": 5, "29日": 1, "电气": 1, "电子": 1, "工程师": 1, "学会": 1, "北京": 2, "大学": 1, "信息": 1, "科学技术": 1, "学院": 1, "张海霞": 1, "科学": 1, "戴上": 1, "有色": 1, "眼镜": 1, "涉": 1, "企业": 2, "都会": 1, "想": 2, "影响": 1, "决策": 2, "力量": 1, "政治": 1, "走开": 1, "人民": 1, "网L": 1, "共青团": 1, "中央": 1, "马哈蒂尔": 7, "尽可能": 4, "美国": 29, "永远": 2, "技术": 7, "领先": 2, "世界": 3, "接受": 6, "科技": 4, "强国": 1, "马来西亚": 5, "总理": 4, "日本": 6, "第25": 1, "届": 1, "亚洲": 1, "未来": 2, "国际": 2, "交流会": 1, "发表": 2, "开场": 1, "演讲": 1, "(": 1, "图1": 1, ")": 1, "表态": 2, "引发": 1, "西方": 1, "极大": 1, "关注": 1, "新加坡": 1, "副": 1, "王瑞杰": 1, "会议": 1, "警告": 1, "华盛顿": 1, "合作": 3, "选择": 2, "罕见": 1, "公开": 2, "谴责": 1, "彭博社": 1, "以此": 1, "称": 3, "盛赞": 1, "围堵": 1, "不屑一顾": 1, "进一步": 1, "盟友": 1, "抵制": 1, "破灭": 1, "O马哈蒂尔": 1, "陷阱": 9, "作者": 4, "希望": 7, "阿尔斯通": 9, "高管": 3, "皮耶鲁齐": 4, "名": 5, "合著": 3, "书": 3, "出版": 3, "反响": 3, "本书": 2, "揭露": 1, "政府": 1, "打击": 1, "竞争": 4, "对手": 3, "内幕": 1, "利用": 2, "法律": 2, "经济战": 2, "武器": 2, "削弱": 2, "正当": 3, "手段": 3, "阿尔斯": 1, "通​": 1, "签署": 1, "500亿5G": 1, "大单": 1, "​​​": 1, "庆祝": 1, "签约": 1, "超大额": 1, "订单": 1, "500亿": 1, "人民币": 1, "规模": 1, "国王": 1, "下令": 2, "赠予": 1, "贵": 1, "户外": 1, "3": 1, "分钟": 2, "保证": 2, "效果": 1, "周边": 1, "建筑": 1, "关灯": 1, "L习": 1, "五一": 1, "销量": 2, "213%": 2, "增长": 5, "14%": 1, "第三": 3, "统计": 1, "；": 1, "14.8%": 1, "排": 1, "得益于": 1, "无线": 1, "耳机": 1, "普及": 1, "消费": 2, "情报L": 1, "情报": 1, "首秀": 4, "震惊": 3, "网速": 3, "快": 6, "主播": 2, "实测华": 1, "携手": 1, "商用": 4, "本次": 1, "发布": 4, "覆盖": 1, "六大": 1, "包括": 1, "伦敦": 3, "加的夫": 1, "爱丁堡": 1, "曼彻斯特": 1, "伯明翰": 1, "贝尔法斯特": 1, "45万": 1, "用户": 3, "注册": 1, "升级": 1, "申请": 1, "位于": 1, "营业厅": 1, "30号": 2, "一早": 1, "顾客": 1, "排起": 1, "长": 1, "队": 1, "想要": 1, "尝试": 1, "带来": 1, "体验": 2, "测试": 2, "繁忙": 1, "地区": 1, "100~150": 1, "Mbps": 1, "速度": 2, "EE仅有C": 1, "Band": 1, "40": 1, "MHz": 1, "频谱": 1, "上线": 1, "基于": 2, "O华": 2, "燃新闻": 1, "年初": 2, "法国": 6, "弗雷德里克·皮耶鲁齐": 2, "采访": 4, "L燃": 1, "流量": 7, "措手不及": 1, "6": 3, "城": 1, "率先": 1, "启动": 1, "派出": 1, "记者团": 1, "抢先": 1, "国内": 2, "历史性": 1, "一刻": 1, "超出": 2, "Sim卡": 2, "上限": 1, "不得不": 2, "延后": 1, "充流量": 1, "O网页": 2, "链接": 2, "澎湃": 1, "当天": 1, "导致": 1, "很快": 1, "用完": 1, "来源": 1, "研发": 4, "能力": 3, "很": 4, "发展": 2, "东京": 2, "呼吁": 2, "美": 2, "对话": 1, "解决": 1, "贸易": 1, "争端": 1, "期望": 1, "水平": 1, "现实": 1, "财经": 4, "酷燃": 2, "新华社": 1, "伙伴": 1, "推动": 1, "可靠": 1, "连接": 1, "L甲": 1, "历史": 1, "～": 1, "包裹": 2, "误运": 1, "联邦": 5, "快递": 5, "回应": 1, "回答": 2, "本月": 1, "19日": 1, "20日": 1, "寄": 1, "件": 1, "转运": 2, "总部": 2, "所在": 1, "田纳西州": 1, "孟菲斯市": 1, "日前": 1, "电话": 2, "相关": 2, "负责人": 2, "重复": 1, "声明": 1, "再次": 1, "事件": 1, "工作": 1, "单纯": 1, "失误": 2, "下达": 1, "指示": 1, "询问": 1, "情况": 1, "作出": 1, "中报": 1, "L军人": 1, "亲身": 1, "经历": 2, "揭批": 1, "攻击": 1, "对象": 1, "针对": 1, "套路": 1, "发生": 1, "身上": 1, "#O": 1, "伟创力": 1, "装逼": 1, "第一时间": 1, "终止": 1, "威胁": 1, "都": 1, "第二": 2, "安排": 1, "150": 1, "辆": 1, "车辆": 1, "拉回": 1, "原材料": 1, "麒麟": 5, "处理器": 7, "主胎": 1, "手机": 3, "业务": 2, "立马": 1, "高端": 1, "损失": 1, "惨重": 1, "好在": 1, "当年": 1, "成就": 1, "感谢": 1, "用钱": 1, "投票": 1, "老板": 1, "远见": 1, "忧患": 1, "意识": 1, "轮值": 1, "董事长": 1, "徐直军": 1, "投资": 1, "委员会": 1, "竞争力": 1, "第四": 1, "余承东": 1, "代表": 1, "终端": 1, "管理层": 1, "顶": 1, "压力": 1, "旗舰机": 1, "骂": 1, "扛住": 1, "第五": 1, "群": 3, "人员": 1, "员工": 2, "事情": 1, "做好": 1, "险": 1, "幸好": 1, "停": 1, "无机": 1, "黑": 1, "跳梁": 1, "小丑": 2, "有时候": 1, "拉倒车": 1, "产业链": 1, "绊脚石": 1, "踢到": 1, "改变": 1, "荣耀": 1, "系列": 1, "辉煌": 1, "冲破": 2, "SIM卡": 1, "传输": 2, "推迟": 1, "15": 1, "发推": 1, "内": 1, "换卡": 1, "L微": 1, "丢": 1, "强大": 1, "体现": 1, "人才": 1, "薪酬": 1, "待遇": 1, "职级": 1, "工资": 1, "体系": 1, "体会": 1, "华为人": 1, "团结": 1, "自信": 1, "激情": 1, "创新": 1, "道理": 1, "资料": 1, "IT": 1, "杂谈": 1}