{"手机": 14, "生图": 1, "SEVENTEEN": 1, "据说": 2, "1": 2, "ip": 1, "11pro拍": 1, "剩下": 1, "都": 9, "华为": 39, "30pro": 1, "贵": 2, "才": 2, "拥有": 3, "哥哥": 1, "高清": 3, "美颜": 2, "555": 1, "(": 1, "crtwt": 1, ")": 1, "​": 17, "荣耀": 34, "V30": 15, "系列": 7, "5G": 22, "智慧": 6, "场景": 7, "发布会": 9, "正式": 3, "明哥": 1, "@": 11, "赵明-George": 2, "开讲": 1, "！": 21, "制噪者": 1, "Fise": 1, "挑战赛": 1, "倾听": 1, "年轻人": 2, "声音": 1, "改变": 1, "生活": 4, "为此": 1, "联合华": 1, "XLabs": 1, "青年志": 1, "发布": 6, "青年": 1, "空降": 1, "手册": 1, "定义": 2, "101": 1, "L荣耀": 1, "秒拍": 4, "视频": 19, "音箱": 10, "发烧友": 1, "喜欢": 3, "买": 3, "放": 2, "家里": 1, "有事": 1, "没事": 1, "打开": 3, "听听": 1, "歌": 1, "嗨": 1, "很": 3, "太": 1, "智能": 6, "这次": 4, "帝瓦雷": 2, "合作": 4, "想": 2, "体验": 4, "魅力": 1, "尖端": 1, "技术": 2, "放在": 1, "碰": 1, "传音": 1, "、": 39, "盖": 1, "静音": 1, "功能": 2, "经验": 1, "款": 3, "一对": 1, "客厅": 1, "音效": 1, "超棒": 1, "L华": 4, "终端": 5, "官方": 2, "余承东": 2, "：": 10, "SoundX": 3, "华": 1, "销量": 2, "超": 5, "苹果": 3, "HomePod": 2, "11月": 3, "26日": 3, "售价": 1, "1999": 1, "元": 10, "音响": 1, "采用": 3, "圆柱": 1, "造型": 1, "低音": 1, "喇叭": 1, "高磁性": 1, "钕铁硼": 1, "稀土": 1, "材质": 2, "消费者": 1, "业务": 1, "CEO": 1, "公司": 2, "层面": 1, "徕卡": 1, "级别": 1, "中国": 8, "市场": 1, "肯定": 1, "超过": 1, "选择": 1, "购买": 1, "哪款": 1, "只能": 1, "「": 1, "小白": 2, "测评": 4, "」": 1, "标杆": 6, "V30Pro": 4, "首款": 2, "旗舰": 4, "V系列": 4, "Vera": 1, "V10": 1, "V20": 1, "机器": 2, "表现": 2, "均衡": 1, "IMX600Y": 1, "有线": 2, "无线": 6, "快充": 4, "990": 2, "处理器": 2, "配置": 1, "slogan": 1, "实际上": 1, "手": 1, "本期": 1, "聊聊V30Pro": 1, "L小白": 1, "直播": 4, "•": 1, "14点30分": 1, "北京": 5, "届时": 1, "业务部": 1, "总裁": 2, "携": 1, "带": 5, "走": 1, "代言人": 1, "李": 1, "现": 1, "黄景瑜": 1, "现场": 3, "快": 6, "戳": 2, "收看": 2, "~": 2, "新京报": 2, "经济": 3, "新闻": 1, ".": 2, "今儿": 1, "nova6": 5, "自拍": 10, "互动": 3, "装置": 3, "打卡": 2, "强大": 1, "脸": 1, "瞬间": 1, "～": 1, "活动": 3, "话题": 1, "转发": 1, "条": 1, "晒出": 1, "含有": 1, "元素": 1, "6": 2, "照片": 2, "表情": 1, "赵": 1, "烦烦": 1, "拼出": 1, "抽取": 1, "超级": 4, "六": 1, "天才": 1, "送出": 1, "台": 2, "新华": 1, "nova6手机": 1, "截止": 1, "时间": 1, "12月": 1, "4日": 1, "12:00": 1, "666": 1, "偷偷": 1, "真的": 2, "好好": 1, "搞机": 2, "零距离": 1, "拍照": 1, "第二": 1, "水平": 1, "极其": 1, "考验": 1, "刀法": 1, "依然": 1, "用户": 1, "旗舰机": 1, "期待": 3, "Mate30Pro": 2, "本质": 1, "冲突": 1, "镜头": 8, "；": 8, "后盖": 1, "设计": 1, "前置": 3, "屏幕": 1, "L钟文泽": 1, "新品": 4, "下午": 2, "赵明": 1, "观众": 1, "展示": 2, "连接": 1, "网络": 2, "速度": 1, "延时": 1, "误差": 1, "低": 1, "拍摄": 2, "快速": 1, "充电": 3, "优势": 1, "产品": 2, "价格": 1, "性能": 1, "参数": 1, "相关": 1, "信息": 2, "联网": 1, "环球": 2, "时报": 1, "三": 1, "缺": 1, "二视": 1, "频组": 1, "视": 1, "频L": 1, "发#": 1, "2017": 2, "2019": 2, "对比": 1, "晒晒": 1, "颗": 1, "人工": 1, "芯片": 4, "麒麟": 6, "9702019": 1, "5GSoC": 1, "点赞": 1, "~​": 1, "朋友": 3, "湖滨": 2, "银泰": 1, "背景墙": 1, "设置": 2, "有趣": 1, "开启": 1, "疯狂": 1, "模式": 1, "拼nova": 1, "拼": 2, "杭州": 1, "银泰in77": 1, "九": 1, "城市": 4, "玩": 1, "拍": 2, "德国": 5, "部长": 3, "辩护": 2, "重提": 2, "棱镜门": 4, "美": 3, "大使": 4, "怒称": 2, "这是": 2, "美国": 8, "侮辱": 3, "道德": 2, "≠": 1, "国家": 1, "为由": 1, "盟友": 1, "协力": 1, "封杀": 1, "俨然": 1, "时代": 2, "话事人": 1, "口说无凭": 1, "说辞": 1, "当年": 3, "受害者": 1, "信服": 1, "上周日": 1, "经济部": 1, "时任": 1, "默克尔": 2, "内阁": 1, "幕僚长": 1, "彼得•阿尔特迈尔": 1, "场": 1, "电视": 1, "辩论": 1, "质疑者们": 1, "发出": 1, "灵魂": 1, "拷问": 1, "监听": 2, "抵制": 1, "驻": 1, "听闻": 1, "立刻": 1, "发声": 1, "再度": 1, "同盟": 1, "情谊": 1, "说事": 1, "划等号": 1, "阿尔特迈尔": 1, "类比": 1, "成千上万": 1, "捍卫": 1, "美军": 1, "士兵": 1, "数以百万": 1, "致力": 1, "西方": 1, "联盟": 1, "究竟": 1, "这位": 1, "正面": 1, "回应": 1, "O": 1, "受辱": 1, "25": 1, "全球": 1, "品牌": 1, "江湖": 1, "诺基亚": 2, "称霸": 1, "15": 1, "摩托": 1, "短短的": 1, "领跑": 2, "3": 3, "97年": 1, "取代": 1, "诺记": 1, "王国": 1, "持续": 1, "2011年": 1, "崩塌": 1, "三星": 1, "一个": 2, "L数据化": 1, "管理": 1, "收官": 1, "硬件": 2, "算是": 1, "下半年": 1, "硬核": 1, "搭载": 6, "集成": 1, "双模5G": 1, "基带": 1, "SoC": 1, "提升": 1, "带给": 1, "惊喜": 2, "锁定": 1, "浪人": 1, "TV": 1, "新浪": 1, "#码": 1, "chine": 1, "姐姐": 2, "聊": 1, "世界": 2, "大会": 1, "寻宝": 1, "旅": 1, "宝藏级": 1, "行业": 1, "盛会": 1, "缺少": 1, "宝藏": 1, "盘点": 1, "展区": 1, "精彩": 1, "码姐": 1, "Antenna": 1, "竟然": 1, "尬": 1, "段": 1, "儿野狼Disco": 1, "火速": 1, "围观": 1, "张若昀": 1, "李": 6, "沁": 2, "陈道明": 2, "吴刚": 2, "辛": 2, "芷蕾": 2, "宋": 2, "轶": 2, "主演": 2, "肖战": 2, "郭": 2, "小冉": 2, "纯": 2, "王阳": 2, "曙光": 2, "出演": 2, "电视剧": 1, "庆余": 2, "今晚": 2, "8点": 2, "开播": 2, "/": 2, "自带": 3, "服务": 2, "双模": 2, "V30/V30": 1, "Pro": 3, "6.57": 1, "英寸": 1, "双摄": 2, "魅": 1, "眼屏": 1, "全系": 2, "支持": 4, "配备": 3, "990+": 1, "巴龙": 1, "5000": 1, "7nm5G": 1, "模": 1, "PRO版": 3, "7nm+EUV": 1, "工艺": 1, "9905": 1, "GSoc": 1, "4000万": 2, "主摄": 1, "800万": 4, "长焦": 2, "广角": 2, "Pro版": 1, "超感": 1, "光主": 1, "摄Pro版": 1, "1200万": 1, "像素": 1, "独立": 1, "电影": 2, "OIS四": 1, "轴": 1, "光学": 1, "防抖": 1, "MatrixCamera": 2, "相机": 2, "矩阵": 2, "3200万": 1, "+": 6, "续航": 1, "标准版": 1, "4200": 1, "mAh大": 2, "电池": 2, "4100": 1, "40": 1, "W有线": 1, "27W": 1, "7.5W": 1, "反向": 1, "内置": 1, "NFC": 1, "公交卡": 1, "门禁卡": 1, "液冷": 1, "散热": 1, "蓝牙": 1, "侧边": 1, "指纹": 1, "识别": 2, "V306GB": 1, "128GB": 3, "3299": 1, "8GB": 2, "3699": 1, "PRO8GB": 1, "3899": 1, "256GB": 1, "4199": 1, "城": 1, "如火如荼": 1, "有意": 1, "参战": 1, "朋友们": 3, "热": 1, "找出": 1, "插画": 1, "评论区": 1, "nova65": 1, "G拼": 1, "2015年": 1, "6s": 1, "秒杀": 1, "2018年": 1, "Mate20Pro": 1, "牛": 1, "逼L": 1, "大师兄": 1, "翡": 1, "冷翠": 1, "骗": 1, "……": 5, "只不过": 1, "翠": 1, "过头": 1, "昨天": 1, "MatePad": 2, "划个": 1, "重点": 1, "错过": 1, "请": 1, "分钟": 1, "亮点": 1, "正合奇": 1, "胜": 1, "天舒天舒": 1, "送给": 1, "写": 1, "书": 1, "恒大": 6, "天舒": 2, "辞职": 1, "东方": 2, "港湾": 2, "工作": 2, "力荐": 2, "宇通": 1, "客车": 1, "格力": 1, "股价": 2, "这几年": 1, "分红": 1, "每股": 1, "19": 1, "市值": 1, "300亿": 1, "2600亿": 1, "执着": 1, "反复": 1, "本书": 1, "一路": 1, "心路": 1, "历程": 1, "争议": 1, "本身": 1, "带来": 1, "丰厚": 1, "回报": 1, "棒": 1, "👍": 1, "不止": 1, "霸屏": 1, "两点半": 1, "工业": 1, "大学": 1, "没法": 1, "来到": 1, "忘": 1, "线上": 1, "L赵明-": 1, "George": 1, "": 1, "胡歌": 2, "1206": 1, "南方": 2, "车站": 2, "聚会": 2, "有生之年": 1, "亲眼": 1, "爱": 1, "十几": 1, "男人": 1, "小时": 1, "回": 1, "追星": 1, "女孩": 1, "为啥": 1, "拍到": 1, "一半": 1, "狂挤": 1, "人群": 1, "差点": 1, "窒息": 1, "设备": 1, "sonya7m2+tamron": 1, "28": 1, "75": 1, "30pro2": 1, "苏州": 1, "·": 1, "龙湖": 1, "狮山天街": 1, "贫民窟": 1, "影集": 1, "mate30pro5g版": 1, "充满": 1, "视界": 1, "绚丽": 1, "全面屏": 1, "多屏": 1, "协同": 1, "EMUI": 1, "分屏": 1, "熄屏": 1, "速记": 1, "4096": 1, "压感": 1, "笔势": 1, "磁吸": 1, "新奇": 1, "很多": 1, "创造": 1, "梦想": 1, "重构": 1, "创造力": 1, "发现": 1, "终于": 1, "昀": 1, "聊天": 1, "流畅": 2, "通话": 4, "环境": 1, "光线": 1, "昏暗": 1, "男朋友": 1, "担心": 1, "好看": 1, "Mate30": 2, "畅连": 3, "平台": 1, "转关": 1, "黑卡×": 1, "山东": 1, "中公": 1, "教育": 1, "12.5日": 1, "过滤": 1, "抽": 1, "送": 1, "100": 1, "京东卡": 1, "L玩机": 1, "技巧": 1, "在线": 1, "​O": 1, "抽奖": 1, "详情": 1, "影像": 1, "强主": 1, "摄IMX600": 1, "深度": 2, "定制": 1, "底层": 1, "算法": 1, "融合": 1, "突破性": 1}