{"华为": 64, "获首": 4, "5G": 47, "终端": 19, "进网": 17, "许可证": 19, "Mate20X5G": 1, "版": 1, "搭载": 2, "模": 1, "芯片": 1, "巴龙": 1, "5000": 1, "这是": 1, "全球": 10, "首款": 1, "单芯": 1, "多模5G": 1, "基带": 1, "该款": 1, "手机": 11, "采用": 1, "7.2": 1, "英寸": 1, "OLED屏": 1, "麒麟980": 1, "处理器": 1, "后置": 1, "4000万": 1, "+": 2, "2000万": 1, "800万三": 1, "摄": 1, "电池": 1, "容量": 1, "4200": 1, "mAh": 1, "支持": 2, "40W快充": 1, "6月": 4, "英国": 4, "上市": 3, "售价": 1, "999": 1, "英镑": 1, "8800": 1, "RMB": 1, "买": 1, "​": 19, "联邦": 26, "快递": 29, "CEO": 9, "回应": 3, "事件": 2, "：": 20, "美国": 36, "法规": 5, "逼迫": 4, "24日": 12, "弗雷德里克·史密斯": 3, "接受": 4, "福克斯": 3, "新闻台": 3, "采访": 5, "谈": 4, "面对": 4, "美国商务部": 15, "巨额": 4, "罚款": 4, "威胁": 4, "公司": 8, "检查": 4, "包裹": 8, "内容": 4, "符合": 13, "进出口": 7, "管制": 4, "受够": 4, "告上": 4, "法庭": 4, "史密斯": 3, "份": 5, "名单": 3, "1100": 3, "实体": 3, "上周五": 3, "刚刚": 3, "增加": 3, "5": 5, "地缘": 3, "政治": 3, "贸易": 3, "争端": 3, "越来越": 3, "公共": 3, "承运人": 3, "带来": 3, "承受": 3, "负担": 3, "……": 1, "充当": 4, "警察": 4, "希望": 3, "法院": 4, "准许": 3, "豁免": 3, "@": 7, "视频": 19, "O联邦": 2, "误": 3, "美": 4, "逼": 1, "L": 4, "秒拍": 10, "加拿大": 38, "孟晚舟": 44, "律师": 23, "指出": 6, "放弃": 14, "引渡": 22, "利益": 12, "当地": 11, "媒体": 5, "报道": 4, "首席": 7, "财务官": 7, "四": 4, "时间": 7, "签署": 11, "项": 7, "声明": 13, "政府": 18, "引渡案": 7, "团队": 9, "司法": 20, "部长": 3, "戴维·拉梅蒂": 3, "DavidLametti": 3, "提出": 3, "法律": 3, "结束": 6, "程序": 12, "伤害": 3, "历史": 5, "外交": 5, "政策": 5, "情况": 2, "都": 11, "维护": 5, "本国": 5, "价值观": 5, "原则": 5, "央视": 8, "新闻": 4, "客户端": 2, "#O": 1, "呼吁": 6, "停止": 6, "常务": 6, "董事": 6, "2/3": 7, "发布": 5, "商用": 13, "网络": 6, "部署": 7, "25日": 5, "上海": 2, "拉动": 2, "中国": 18, "数字化": 2, "升级": 2, "主题": 2, "GisON": 2, "峰会": 3, "、": 13, "运营商": 3, "事业部": 2, "总裁": 3, "丁耘": 5, "演讲": 2, "截止": 2, "内": 2, "50": 6, "5G商": 2, "合同": 11, "设备": 13, "发货量": 2, "超过": 2, "15万": 3, "套": 2, "来自于": 3, "韩国": 2, "瑞士": 2, "芬兰": 2, "国家": 2, "记者": 2, "凌志": 1, "视": 2, "频L": 2, "双胞胎": 4, "兄弟": 4, "高考": 3, "同考": 2, "668": 2, "称": 5, "大学": 4, "毕业": 4, "想": 4, "进华": 4, "工作": 4, "黑龙江": 2, "双鸭山": 2, "张骜": 2, "张骏": 2, "一对": 2, "参加": 2, "理科": 2, "总成绩": 2, "668分": 2, "父母": 2, "称为": 2, "陪读": 2, "睡": 2, "3": 2, "客厅": 2, "分数": 2, "惊喜": 2, "打算": 2, "兄弟俩": 2, "将来": 2, "一手": 4, "VideoL": 2, "video": 2, "吐露": 2, "实情": 2, "...": 2, "张森": 1, "环球": 1, "时报": 1, "三": 3, "缺": 1, "二视": 1, "频组": 1, "起诉": 3, "哥伦比亚": 1, "特区": 1, "地区": 1, "提起": 2, "诉讼": 2, "寻求": 1, "禁止": 1, "执行": 1, "出口": 1, "管理": 1, "条例": 1, "相关": 1, "禁令": 2, "此前": 2, "曝出": 1, "近期": 1, "拒绝": 2, "投递": 1, "一个": 2, "装有": 1, "引发": 1, "不满": 1, "股市": 1, "本周": 1, "开盘": 1, "第一": 1, "股价": 1, "下跌": 1, "2.7%": 1, "L央视": 1, "快讯": 1, "！": 5, "Mate20": 10, "X": 10, "电信": 11, "O华": 3, "O": 2, "编号": 3, "001": 3, "台": 1, "首批": 2, "交付": 1, "品牌": 1, "涉及": 1, "中兴": 1, "小米": 1, "OPPO": 1, "vivo": 1, "预计": 1, "7月底": 1, "陆续": 1, "启动": 1, "双模": 5, "Mate20X": 1, "国内": 2, "财经": 1, "消息": 2, "SA/NSA": 1, "双卡双待": 1, "就绪": 1, "最早": 1, "7月": 1, "银子": 1, "发": 2, "提供": 3, "持续": 2, "飞": 2, "下午": 1, "BG": 1, "披露": 1, "截至": 1, "发货": 1, "模块": 1, "市场": 1, "为止": 1, "正式": 2, "三分之二": 1, "老板": 2, "联播L": 1, "联播": 1, "品质": 1, "时代": 1, "生活": 1, "马上": 1, "开启": 1, "外交部": 2, "点名": 2, "商务部": 1, "执法": 2, "机构": 2, "日前": 1, "违反": 1, "为由": 1, "邮寄": 1, "给出": 1, "解释": 1, "遵循": 1, "做生意": 1, "最新": 1, "官方": 1, "L环球网": 1, "实力": 1, "发声": 1, "昨天": 1, "睡觉": 1, "刷到": 1, "好几": 1, "立马": 1, "落泪": 1, "小孩": 1, "做错": 1, "风向": 1, "吹": 1, "期待": 2, "这部": 2, "作品": 1, "傻": 1, "孩子": 1, "发布会": 1, "走": 1, "回来": 1, "开心": 1, "少年": 1, "宣传": 1, "电影": 1, "😖": 1, "超越": 1, "苹果": 1, "工具": 2, "证据": 2, "Fed": 2, "Ex": 2, "证明": 2, "VLOG.53": 1, "解锁": 2, "影音": 1, "黑科技": 2, "荣幸": 1, "再次": 1, "邀请": 2, "武汉": 2, "神秘": 1, "拍": 1, "支": 1, "": 1, "VLOG": 1, "想到": 1, "此次": 1, "出行": 1, "连续": 1, "暴雨": 1, "只好": 1, "小龙虾": 1, "为伴": 1, "…L": 1, "岚岚": 1, "冒险": 1, "更进一步": 1, "通讯": 1, "产品": 2, "认证": 1, "才": 1, "接入": 1, "公用": 1, "电信网": 1, "销售": 1, "新京报": 1}