{"快讯": 1, "！": 21, "今日": 8, "中国": 68, "邮政": 55, "华为": 85, "结为": 16, "战略": 27, "合作": 46, "伙伴": 21, "@": 27, "邮政​": 1, "​": 14, "央视": 6, "新闻": 5, "​​": 14, "官宣": 4, "：": 13, "公司": 29, "创": 5, "未来": 6, "​​​": 3, "6月": 10, "5日": 5, "集团公司": 4, "签署": 7, "协议": 12, "金融": 8, "业务": 9, "、": 55, "科技": 9, "创新": 8, "寄递": 8, "物流": 7, "人才": 6, "培养": 4, "分布式": 3, "架构": 3, "咨询": 3, "规划": 3, "智慧": 10, "园区": 3, "云计算": 3, "大数据": 3, "SDN": 3, "敏捷": 6, "网络": 8, "网点": 3, "转型": 7, "绿色": 3, "节能": 3, "数据": 3, "中心": 5, "分支": 3, "领域": 5, "技术": 11, "前瞻性": 3, "课题": 3, "研究": 4, "探索": 4, "ICT": 8, "邮务": 4, "三大": 4, "板块": 4, "数字化": 5, "联合": 10, "成立": 4, "邮政·华": 2, "实验室": 2, "储蓄": 4, "银行": 4, "·": 3, "库克": 3, "从未": 2, "针对": 2, "苹果": 7, "报复": 3, "当地": 2, "时间": 4, "4日": 4, "CEO": 1, "蒂姆•库克": 1, "接受": 1, "CBS": 1, "电视台": 1, "采访": 1, "问到": 1, "美国": 14, "打压": 3, "很": 3, "长": 1, "段": 2, "都": 2, "给予": 1, "对方": 1, "尊重": 1, "供应链": 1, "遍布": 1, "全球": 1, "iPhone": 1, "加征": 1, "关税": 1, "影响": 2, "环球": 1, "时报": 1, "三": 1, "缺": 1, "二视": 1, "频组": 1, "视": 1, "频L": 1, "视频": 18, "秒拍": 6, "重温": 1, "精神": 3, "落": 1, "凤凰": 1, "涅槃": 1, "43": 1, "岁": 1, "离开": 1, "体制": 1, "内": 1, "创业": 1, "两万": 1, "块": 1, "起家": 1, "年入": 1, "千亿": 1, "美元": 2, "创造": 1, "奇迹": 1, "任正非": 1, "企业": 2, "有种": 1, "戳": 1, "↓↓": 1, "听": 1, "马丁马": 1, "虎": 1, "讲述": 1, "创业史": 1, "华为力": 1, "扛": 1, "压力": 1, "艰难": 1, "时刻": 4, "感受": 1, "民族": 1, "成长": 1, "艰辛": 1, "L中报": 4, "不禁": 4, "英国": 13, "情报": 6, "分享": 5, "特朗普": 8, "服软": 1, "特雷莎·梅与特朗普": 2, "记者会": 3, "记者": 4, "达成": 4, "差异": 2, "报道": 5, "上周": 2, "5G": 5, "陆续": 2, "城市": 2, "提供": 2, "服务": 2, "设备": 3, "中报": 2, "称": 4, "英": 2, "美": 6, "将就": 2, "特蕾莎梅": 1, "接话": 1, "周二": 1, "总统": 1, "唐纳德•特朗普": 1, "首相": 2, "特蕾莎•梅": 1, "唐宁街": 1, "10号": 1, "问及": 1, "通讯": 1, "共享": 4, "回": 1, "复道": 1, "事情": 1, "站": 1, "旁边": 1, "梅": 2, "话题": 2, "泰晤士报": 1, "3日": 2, "引述": 1, "名": 1, "高级": 1, "政府": 1, "官员": 1, "会谈": 1, "参与": 1, "建设": 1, "此举": 2, "威胁": 2, "韩宝仪": 1, "杨易林": 1, "消息": 2, "据悉": 1, "证券": 1, "时报网": 1, "O": 1, "清华": 6, "大学": 6, "框架": 2, "有限": 1, "董事": 1, "研究院": 1, "院长": 1, "徐文伟": 2, "一行": 1, "访问": 1, "清华大学": 3, "校长": 1, "邱勇": 1, "工字厅": 1, "会见": 1, "来宾": 1, "副校长": 1, "尤政": 1, "代表": 2, "发挥": 1, "信息": 2, "通信": 1, "优势": 5, "成果": 2, "高度": 1, "率先": 1, "共建": 1, "研发": 1, "平台": 1, "推进": 2, "产学": 1, "研用": 1, "协同": 1, "提升": 2, "自主": 1, "能力": 2, "核心": 2, "竞争力": 2, "学科": 1, "发展": 5, "转化": 1, "校企": 2, "座谈会": 2, "同期": 1, "当天": 1, "围绕": 1, "进一步": 1, "深化": 1, "交流": 1, "O网页": 1, "链接": 1, "北京": 3, "本部": 1, "近日": 2, "著名": 1, "脱口秀": 1, "主持人": 1, "特雷弗·诺亚": 1, "TrevorNoah": 1, "在线": 1, "吐槽": 2, "评价": 1, "节目": 1, "片段": 1, "国外": 1, "网站": 1, "260万": 1, "观看": 1, "5万点赞": 1, "L": 1, "实力": 1, "主播": 1, "加油华": 1, "后续": 1, "建立": 3, "关系": 3, "互补": 3, "资源": 3, "集团": 3, "介绍": 1, "内容": 1, "赵文君": 1, "联邦": 6, "快递": 9, "粗暴": 1, "包裹": 3, "运输": 1, "董事长": 2, "刘爱力": 1, "轮值": 1, "徐": 1, "直军": 1, "出席": 1, "仪式": 1, "副总经理": 1, "温少祺": 1, "中国区": 1, "总裁": 1, "鲁勇": 1, "智能": 2, "时代": 1, "千兆": 4, "悄然": 1, "走入": 1, "千家万户": 1, "宽带": 1, "体验": 5, "升级": 2, "随时": 2, "连接": 1, "世界": 1, "角落": 1, "；": 2, "生活": 3, "覆盖": 1, "万物": 1, "4K/8K": 1, "VR": 1, "带来": 2, "震撼": 2, "视觉": 1, "乘上": 1, "智能化": 1, "快车": 1, "走进": 1, "7月": 1, "16日": 1, "2019": 1, "高端": 1, "精彩": 1, "亮相": 1, "敬请": 1, "期待": 3, "O2019": 1, "开启": 1, "此时此刻": 1, "岛叔": 1, "想": 1, "东风": 2, "暗讽": 2, "千万": 2, "搬起": 2, "石头": 2, "砸": 2, "脚": 2, "晚": 2, "9时": 1, "发博": 1, "单位": 1, "口碑": 1, "肯定": 1, "……": 1, "快递哥": 1, "捞": 1, "条": 1, "疑似": 1, "媒体": 2, "披露": 1, "日本": 1, "寄往": 2, "试图": 1, "越南": 1, "亚洲": 1, "办事处": 1, "此事": 1, "引发": 1, "社会": 1, "关注": 1, "1日": 1, "违反": 1, "我国": 1, "快递业": 1, "法规": 1, "国家": 1, "部门": 1, "立案": 1, "调查": 1, "每日": 1, "经济": 1, "截至": 1, "3号": 1, "7时": 1, "周一": 1, "美股": 1, "盘前": 1, "大跌": 1, "3.14%": 1, "以此": 1, "计算": 1, "市值": 1, "开盘": 1, "蒸发": 1, "12.6亿": 1, "人民币": 1, "87亿": 1, "元": 1, "员工": 3, "深夜": 2, "外卖": 4, "纸条": 2, "留言": 2, "众人": 1, "感动": 2, "鸿蒙": 2, "OS": 1, "系统": 3, "面对": 2, "贸易战": 1, "帝国主义": 1, "嚣张": 1, "气焰": 1, "恶意": 1, "制裁": 1, "奋发图强": 1, "加班加点": 1, "自研": 1, "替代": 1, "计划": 1, "难能可贵": 1, "面临": 2, "困难": 2, "国内": 1, "很多": 2, "纷纷": 3, "发声": 1, "支持": 3, "大部分": 2, "网友": 3, "网上": 1, "加班": 1, "拿到": 1, "单子": 1, "写": 1, "加油": 1, "辛苦": 1, "自有": 1, "正义": 1, "国人": 1, "体现": 1, "团结一心": 1, "决心": 1, "宣传片": 1, "科幻": 1, "终将": 1, "现实": 1, "L清南": 1, "师兄": 1, "老板": 2, "联播L": 1, "联播": 1, "麦芒": 1, "8": 1, "6GB": 1, "+": 1, "128GB": 1, "内存": 1, "搭载": 1, "EROF": 1, "S华": 1, "超级": 1, "文件": 1, "随机": 1, "读取": 1, "速度": 1, "20%": 1, "操作": 3, "自如": 1, "GPUTurbo新": 1, "高帧率": 1, "游戏": 1, "一触即发": 1, "EMUI": 1, "9.0": 1, "流畅": 1, "AI": 2, "高铁": 1, "模式": 2, "电梯": 1, "切换": 1, "4G": 1, "/": 1, "WLAN": 1, "尽享": 1, "畅快": 1, "热搜": 2, "第二": 3, "抢先": 2, "中午": 1, "基于": 1, "相关": 1, "一度": 1, "登榜": 1, "转载": 1, "自古": 1, "红": 1, "绿": 1, "cp": 1, "关键": 1, "自家人": 1, "靠谱": 1, "综合": 1, "O热搜": 1}