{"昙花": 2, "光线": 1, "环境": 1, "只能": 2, "暗影": 1, "独自": 1, "绽放": 2, "超": 1, "感光": 1, "模式": 1, "打扰": 1, "情况": 3, "长": 1, "时间": 5, "清晰": 1, "捕捉": 2, "黑暗": 1, "轨迹": 1, "暗夜": 1, "别样": 1, "震撼": 1, "美": 2, "L华": 5, "终端": 3, "官方": 3, "视频": 10, "​": 17, "德国": 18, "总理": 5, "默克尔": 4, "亲自": 3, "下令": 3, "华为": 49, "开放": 2, "5G": 16, "网络": 10, "无惧": 1, "外部": 1, "压力": 3, "霸气": 1, "据悉": 2, "自主": 4, "研发": 5, "运算": 1, "速度": 2, "高达": 1, "秒": 1, "1300万亿": 1, "超级": 3, "计算机": 3, "位于": 1, "沈阳": 1, "航空": 4, "工业": 2, "气动院": 2, "投入": 1, "支撑": 1, "气动": 1, "计算": 7, "流体力学": 2, "研究": 3, "领域": 1, "设计": 1, "、": 19, "验证": 1, "提升": 2, "我国": 1, "创新": 1, "能力": 2, "CPU": 1, "鲲鹏": 1, "920": 1, "数据库": 2, "高斯": 1, "存储": 1, "设备": 13, "操作": 10, "系统": 14, "电源": 1, "核心": 2, "组件": 1, "公司": 5, "实力": 1, "确实": 1, "强大": 1, "！": 15, "这次": 1, "中国": 6, "风洞": 1, "试验": 2, "工程": 1, "数据": 1, "分析": 1, "预研性": 1, "课题": 1, "需求": 1, "流体": 2, "力学": 2, "软件": 2, "开发": 1, "高性能": 1, "技术": 5, "联合": 1, "推进": 1, "国产": 2, "mate30pro": 1, "手机": 10, "壳": 1, "真的": 1, "路": 1, "网友": 3, "玩": 1, "起飞": 1, "听说": 1, "流行": 1, "nova5": 1, "Pro拍Vlog": 1, "技巧": 1, "Vlog": 1, "立刻": 1, "呈现": 1, "片级": 1, "质感": 1, "韶华": 1, "飞逝": 1, "依然": 1, "腔": 1, "柔情": 1, "少年": 1, "红尘": 1, "陌上": 1, "注定": 1, "别离": 1, "等下": 1, "一个": 3, "轮回": 1, "重逢": 1, "光阴": 1, "隔": 1, "岁月": 1, "秋风": 1, "菩提树": 1, "花": 1, "花落": 2, "心静": 1, "禅[": 1, "玫瑰": 1, "喜欢": 2, "@": 2, "荣耀": 1, "广角": 1, "镜头": 1, "画面": 1, "2不丹·廷布​": 1, "发布": 3, "头条": 1, "文章": 1, "：": 14, "汰弱留强": 2, "": 2, "财经": 1, "每日": 1, "必读": 1, "赚钱": 2, "季": 1, "周一": 1, "/": 2, "科技": 4, "+": 4, "金融": 1, "大湾区": 1, "业绩": 1, "预增": 1, "主板": 1, "放量": 1, "上涨": 1, "明日": 2, "预设": 1, "冲高": 1, "回落": 1, "观察": 3, "成交量": 2, "放大": 3, "持续": 1, "震荡": 1, "盘整": 1, "回踩": 2, "空间": 1, "强势": 2, "股": 2, "接力": 3, "亏": 1, "钱": 1, "效应": 2, "减缓": 1, "天顺": 1, "股份": 3, "诚迈": 1, "非科": 1, "创板": 1, "情绪": 2, "标杆": 1, "(": 1, "早盘": 1, "谨防": 1, "高标": 1, "切勿": 1, "追涨": 1, "空间板": 1, "高度": 1, "5板": 1, "首板": 2, "数量": 1, "增加": 2, "恢复": 1, "优": 1, "策略": 1, "选择": 4, "包板": 1, "1": 2, "涨停板": 1, "套利": 1, "反弹": 1, "面临": 1, "关键": 1, "逢高": 1, "兑现": 1, "利润": 1, "耐心": 1, "企稳": 1, "机会": 1, "科创板": 1, "筑底": 1, "南微": 1, "医学": 1, "铂力特": 1, "乐鑫": 1, "重点": 1, "关注": 1, "另外沃尔德": 1, "方邦": 1, "福光": 1, "瀚川": 1, "智能": 2, "板块": 1, "活跃": 1, "盘中": 1, "O汰": 1, "弱留": 1, "路透社": 2, "确认": 2, "排除": 5, "报道": 2, "名": 5, "高级": 2, "政府": 1, "官员": 1, "10月": 2, "14日": 2, "建设": 1, "此前": 2, "运营商": 1, "警告": 1, "称": 6, "禁用": 1, "建成": 1, "推迟": 1, "数十亿": 1, "美元": 1, "成本": 1, "O路透": 1, "采用": 1, "发展": 2, "刹那芳华": 2, "永恒": 3, "Mate30Pro4K": 1, "延时": 3, "摄影": 5, "记录": 3, "短暂": 1, "美丽": 3, "刚": 1, "拒绝": 4, "忽悠": 1, "孟晚舟": 1, "无罪": 1, "释放": 1, "回国": 1, "感恩": 1, "祖国": 1, "强盛": 1, "雄起": 1, "！！！​": 1, "整点": 1, "播": 1, "每经": 2, "21点": 3, "丨孙": 3, "小果": 6, "再审": 5, "案件": 3, "开庭": 5, "审理": 5, "19": 4, "涉案": 3, "公职": 4, "人员": 4, "关系人": 4, "移送": 4, "审查": 3, "起诉": 3, "；": 6, "李": 2, "心草": 2, "家属": 4, "调解": 4, "孙": 4, "案": 2, "2019年": 1, "云南省": 4, "人民法院": 1, "审判": 1, "监督": 1, "程序": 1, "强奸": 1, "强制": 1, "侮辱": 1, "妇女": 1, "故意": 1, "伤害": 1, "寻衅": 1, "滋事": 1, "依法": 2, "记者": 1, "人民": 1, "检察院": 1, "获悉": 1, "检察": 2, "机关": 3, "近日": 1, "出狱": 1, "涉嫌": 2, "黑社会": 1, "性质": 1, "组织": 2, "犯罪": 2, "提起": 1, "公诉": 1, "监察": 1, "小果案": 1, "职务": 1, "李心草": 5, "否认": 2, "营销": 2, "炒作": 2, "消息": 2, "云南": 1, "警方": 2, "调查": 1, "意外": 1, "落水": 1, "接受": 2, "尸检": 1, "报告": 4, "都": 7, "9月": 1, "15日": 1, "事发": 1, "3": 3, "小时": 1, "涉事": 1, "男性": 1, "罗某": 1, "保证": 1, "碰": 1, "违禁品": 1, "碰过": 1, "语言": 1, "刺激": 1, "劝酒": 1, "舅妈": 1, "三": 1, "索赔": 1, "80": 1, "90万": 1, "对方": 1, "难处": 1, "不欢而散": 1, "想": 1, "真相": 1, "爆料": 1, "李家人": 1, "妈妈": 1, "O": 1, "设备O": 1, "审": 1, "昙花一现": 2, "一瞬": 1, "Mate30": 3, "Pro4K": 2, "影像": 1, "昙花一夜间": 1, "花开": 1, "瞬间": 4, "永远": 2, "珍藏": 1, "苹果": 8, "年内": 5, "推出": 4, "自有": 2, "基带": 5, "芯片": 5, "乐观": 2, "估计": 3, "FastCompany": 1, "发表": 1, "份": 1, "证实": 1, "计划": 2, "三年": 2, "内": 1, "评": 1, "理解": 1, "领先": 1, "至少": 1, "Huawe": 1, "iPay": 1, "职场": 3, "通关": 2, "记": 1, "钱包": 1, "年轻人": 1, "初入": 1, "时常": 1, "困惑": 1, "工匠": 1, "专注": 1, "细节": 1, "培养": 1, "竞争力": 1, "激情": 1, "抱负": 1, "梦想": 1, "顺利": 1, "任正非": 3, "鸿蒙": 9, "两三": 2, "媲美": 2, "iOS": 2, "日前": 1, "CEO": 1, "美国": 2, "财富": 1, "杂志": 1, "采访": 1, "问到": 1, "面向": 2, "未来": 1, "款": 1, "基于": 1, "微内核": 1, "场景": 1, "分布式": 1, "平板": 1, "电视": 1, "汽车": 1, "可穿戴": 2, "皆": 1, "适配": 1, "完善": 1, "快": 2, "重构": 1, "想象": 1, "定格": 1, "无限": 1, "精彩": 1, "学习": 1, "产品": 1, "经理": 1, "论坛": 1, "倾听": 1, "用户": 1, "声音": 1, "收集": 1, "意见": 1, "从中": 1, "改进": 1, "地方": 1, "优先": 1, "改善": 2, "更多": 1, "参与": 1, "XDA": 1, "投放": 1, "广告": 1, "…": 2, "评论": 1, "激动": 1, "开滤镜": 1, "效果": 1, "小米": 2, "红米": 1, "三星": 2, "无线": 2, "运动": 1, "海威特": 1, "蓝牙": 2, "耳机": 2, "💯券": 1, ">>": 3, ">": 2, "推荐": 2, "牵挂": 1, "贫穷": 2, "无非": 1, "晚上": 1, "吃": 2, "牛排": 1, "馒头": 1, "区别": 1, "无损": 1, "快乐": 1, "爱上": 1, "才": 2, "深深": 1, "感受": 1, "带来": 1, "自卑": 1, "​​​": 1, "折": 1, "叠屏": 1, "开卖": 2, "上游": 1, "产业链": 1, "MateX": 1, "量产": 1, "工作": 3, "折叠屏": 3, "生产": 1, "难度": 1, "供货量": 1, "很多": 2, "10月底": 1, "国内": 1, "摩托罗拉": 1, "品牌": 2, "放行": 2, "媒体": 1, "办公室": 1, "投票": 1, "不禁": 1, "通信": 1, "相当于": 1, "亲": 1, "美的": 1, "反华": 1, "政客": 1, "联盟": 1, "批评": 1, "青山": 1, "挡": 1, "不住": 1, "毕竟": 1, "东流": 1, "机械": 1, "卖": 1, "几千": 1, "雇佣量": 1, "牺牲": 1, "取悦": 1, "好了": 1, "仆从": 1, "国": 1, "搁浅": 1, "半山腰": 1, "到时候": 1, "里外": 1, "TA": 1, "晚安": 1, "生活": 2, "致力于": 1, "东西": 1, "安利": 4, "身边": 1, "别人": 1, "过度": 3, "烦恼": 1, "ta喜欢": 1, "电影": 1, "疯狂": 1, "安利ta": 1, "爱豆": 1, "同一个": 1, "笑点": 1, "搞笑": 1, "......": 1, "带": 1, "话题": 1, "聊聊": 1, "困扰": 1, "转评": 1, "抽送": 1, "台": 1, "充电器": 1, "​O": 1, "抽奖": 1, "详情": 2, "系列": 1, "AI隔空": 1, "功能": 1, "不用": 1, "毛病": 1, "展示": 1, "手": 1, "挺": 1, "看​": 1, "夏天": 1, "遗憾": 1, "秋天": 1, "惊喜": 1, "铺垫": 1, "Jamie-hua": 1, "大赛": 1, "不凡": 1, "摄影​": 1, "多年": 1, "源于": 1, "侵权": 1, "删除": 1, "L格调Moment9": 1, "2020年": 3, "全球": 4, "份额": 3, "2％": 2, "第五": 3, "市场": 2, "调研": 1, "机构": 1, "Counterpoint": 1, "给出": 1, "最新": 1, "2%": 1, "超越": 1, "Linux": 1, "……": 1, "点击": 1, "O报告": 1, "先行": 1, "示范区": 1, "先锋": 1, "深圳人": 2, "深圳": 11, "工资": 3, "超过": 2, "一万": 2, "也许": 2, "过客": 2, "房价": 1, "悲催": 1, "上学": 2, "难": 2, "考上": 1, "公办": 2, "高中": 1, "比考": 1, "大学": 1, "搬到": 1, "东莞": 1, "华为人": 1, "孩子": 1, "意识": 1, "明年": 1, "9月底": 1, "小区": 1, "配套": 1, "幼儿园": 1, "改": 1, "普惠": 1, "教育": 1, "导致": 1, "逃离": 1, "状况": 1, "难以": 1, "段": 1, "不得不": 2, "离开": 2, "年轻": 1, "收入": 1, "打拼": 2, "起色": 1, "回老家": 1, "刘": 2, "海屏": 2, "厂商": 3, "反而": 1, "本领": 1, "原因": 1, "看好": 1, "3D": 2, "结构": 2, "安全性": 1, "指纹": 1, "识别": 1, "无须": 1, "动手": 1, "一眼": 1, "屏幕": 1, "即可": 1, "解锁": 2, "为止": 1, "体验": 1, "无感": 1, "舒适": 1, "方案": 1, "业内": 1, "商用": 1, "极少": 1}