{"三星": 20, "回怼": 5, "华为": 64, "昨天": 2, "发布会": 20, "嘲讽": 2, "服气": 2, "发": 4, "条": 6, "​": 19, "P30": 18, "巴黎": 4, "当地": 1, "时间": 1, "周二": 1, "法国": 2, "本次": 1, "产品": 1, "发布": 5, "距离": 1, "苹果": 11, "24": 1, "小时": 1, "推称": 1, "感谢": 2, "暖场": 1, "接下来": 1, "环节": 1, "造势": 1, "2018年": 1, "结束": 1, "连发": 2, "三": 2, "推特": 1, "内容": 1, "谢谢": 3, "英雄": 1, "支持": 4, "创新者": 1, "一成不变": 1, "喊话": 1, "点名": 1, "不少": 1, "网友": 2, "发起": 1, "挑战": 1, "方式": 1, "很": 1, "幽默": 1, "有人": 1, "好比": 1, "碰瓷": 1, "可取": 1, "记者": 1, "韩宝仪": 1, "视频": 22, "BrianChang）L": 1, "中国": 2, "日报": 1, "本华": 1, "手机": 19, "海军": 1, "！！！": 1, "卧槽": 1, "20pro买早": 1, "50": 5, "倍": 9, "变焦": 9, "真的": 3, "服": 1, "！！！！！！！": 1, "追星": 4, "梦L": 1, "木子": 1, "肆意": 1, "首款": 1, "智能": 3, "眼镜": 4, "：": 9, "联手": 1, "时尚": 1, "潮牌": 1, "干掉": 1, "谷歌glass": 1, "3月": 3, "26日": 3, "@": 9, "余承东": 5, "现场": 2, "观众": 1, "带来": 2, "款": 3, "有趣": 1, "潮流": 1, "单品": 1, "侧面": 1, "碰触式": 1, "触控": 1, "拥有": 3, "无线": 2, "充眼": 1, "镜盒": 1, "称": 4, "原本": 1, "想": 2, "戴": 1, "上场": 1, "脸": 1, "太": 4, "最终": 1, "放弃": 1, "…L": 1, "见闻": 1, "企业家": 1, "秒拍": 5, "官方": 4, "反击": 1, "配图": 1, "文字": 1, "暗示": 1, "银河样": 2, "单反": 2, "拍": 9, "造假": 2, "以往": 1, "P30Pro单": 1, "反样": 1, "闹开": 1, "事情": 1, "很快": 1, "反转": 1, "这次": 4, "摄影师": 1, "木西AlexanDENG": 1, "公开": 1, "拍摄": 4, "样张": 2, "只用": 1, "确实": 1, "拍到": 1, "银河": 3, "P30Pro": 16, "拍照": 11, "能力": 1, "赞不绝口": 1, "夜景": 1, "iPhoneXS": 2, "对比": 1, "简直": 1, "夜视仪": 2, "夜晚": 3, "白天": 1, "图9": 1, "8": 1, "输惨": 1, "刀": 2, "未": 2, "剪": 2, "30s": 1, "！": 21, "拖": 2, "影": 2, "？？": 1, "怀着": 1, "沉重": 1, "心情": 1, "录": 1, "揭秘": 1, "很多": 1, "原图": 1, "链接": 2, "版": 1, "O网页": 1, "L木西AlexanDENG": 1, "亮点": 1, "眨眼": 1, "22": 1, "秒": 1, "带": 1, "欣赏": 1, "系列": 5, "魅力": 2, "L华": 1, "终端": 1, "转发": 3, "抽奖": 2, "1": 3, "好友": 1, "龙小湖": 1, "平台": 1, "抽取": 1, "幸运": 1, "送上": 1, "20pro": 1, "公交": 1, "上七": 1, "拐": 2, "八": 1, "煎熬": 1, "；": 2, "堵": 1, "路上": 2, "一动不动": 1, "焦灼": 1, "地铁": 1, "醒来": 1, "坐过站": 1, "慌张": 1, "……": 2, "穿越": 1, "大半": 1, "城市": 2, "路途": 1, "永远": 1, "充斥": 1, "绝望": 1, "奔波": 1, "L": 1, "云南": 1, "龙湖": 1, "玩": 2, "望远镜": 3, "上瘾": 1, "～": 2, "发现": 1, "P30pro": 1, "听筒": 1, "打电话": 2, "挺": 1, "声音": 1, "………​": 1, "P极": 1, "暗光": 1, "测试": 1, "实录": 1, "凌晨": 1, "修仙": 1, "实拍": 1, "希望": 2, "消除": 1, "怀疑": 1, "真实": 1, "魔幻": 1, "极暗光": 1, "L木": 1, "西AlexanDENG": 1, "第一": 9, "公布": 1, "DxOMark": 2, "测评": 1, "超越": 1, "Mate20pro": 1, "、": 12, "P20pro": 1, "S10+": 1, "成功": 1, "问鼎": 1, "全球": 4, "［": 1, "辣评": 1, "P30P": 1, "30": 3, "Pro": 2, "］": 1, "theGalaxyPhonecan": 1, "notseegalaxy": 1, "2019": 1, "L老七": 1, "搞机": 1, "零距离": 1, "天空": 2, "镜": 2, "开箱": 1, "体验": 7, "数码": 3, "真远": 1, "期": 1, "远在": 1, "同事": 1, "观察": 1, "旧金山": 1, "配音": 1, "联动": 1, "主打": 1, "卖点": 1, "5": 2, "光学": 2, "10": 2, "混合": 2, "配色": 1, "名字": 1, "推出": 3, "关注": 1, "简单": 1, "到底": 1, "表现": 2, "L钟": 1, "文泽": 1, "胖": 1, "HuaweiP": 1, "超": 2, "美動": 1, "圖來": 1, "話說": 1, "大清早": 1, "這麼": 1, "豐盛": 2, "視覺": 1, "大餐": 1, "點": 1, ".": 1, "Gal真": 1, "好好": 1, "…": 1, "日常": 1, "詞窮": 1, "鹹魚": 1, "博主": 1, "配": 1, "美": 1, "GalGadot": 1, "盖尔": 1, "加朵": 2, "迷人": 1, "涌有": 1, "戏": 1, "怼": 2, "硬": 2, "潜望式": 3, "镜头": 3, "崛起": 2, "概念股": 3, "涨疯": 2, "老": 1, "对手": 1, "场": 1, "软": 1, "硬核": 1, "采用": 1, "徕卡": 2, "四": 2, "摄影像": 1, "系统": 1, "超级": 1, "焦下": 1, "月亮": 3, "大涨": 1, "年内": 1, "涨幅": 1, "复权": 1, "*": 1, "ST凡谷": 1, "中科": 1, "曙光": 1, "科技": 1, "南天": 1, "信息": 1, "东方": 1, "通位": 1, "五": 1, "O先戏": 1, "昨晚": 2, "秀": 1, "肌肉": 1, "慌": 1, "焦段": 1, "差距": 1, "#趣": 1, "DXO": 2, "112": 1, "世界": 2, "排名": 1, "霸气": 1, "造型": 1, "拳打": 1, "脚": 1, "踢": 1, "40W": 1, "充电宝": 1, "折合": 1, "人民币": 1, "700多": 1, "评论": 1, "喜欢": 1, "L李杰灵": 1, "公布盖尔": 1, "宣传": 2, "广告片": 1, "LWHYLAB": 1, "牛逼": 1, "女孩儿": 1, "值得": 1, "友商": 2, "窄": 2, "轻": 2, "双景": 2, "录像": 2, "消费者": 1, "业务": 1, "CEO": 1, "重写": 1, "规则": 1, "Diss": 1, "相比": 1, "首创": 2, "感光": 1, "摄": 1, "一块": 1, "屏幕": 1, "视野": 1, "diss": 1, "时差": 1, "L时差": 1, "放出": 1, "盖尔·加朵": 1, "女": 1, "帅气": 1, "Christopher": 1, "L人人": 1, "长焦": 3, "都": 5, "垃圾​": 1, "短": 1, "次要": 1, "L短": 1, "晚上": 1, "直出": 1, "修": 1, "照片": 2, "桌面": 1, "脚架": 1, "差": 1, "光线": 1, "环境": 1, "足够": 1, "称赞": 1, "图五": 1, "张兄": 1, "冷": 1, "天儿": 1, "陪": 1, "宁思": 1, "潇潇": 1, "·": 1, "Paris​": 1, "得分": 3, "牛": 1, "感觉": 1, "兼": 1, "夜视": 1, "仪​": 1, "上手": 2, "厉害": 1, "前方": 1, "童鞋": 1, "篇": 1, "详细": 1, "看完": 1, "不用": 1, "扛": 1, "短炮": 2, "O华为P": 1, "替代": 1, "创事": 1, "记": 1, "骂": 2, "死": 2, "走": 1, "手里": 1, "死死": 1, "掐": 1, "七": 1, "寸": 1, "绿屏": 1, "GALAXY官": 1, "博发": 1, "六": 1, "字": 1, "屏": 2, "实力": 1, "焦": 1, "绿": 1, "技术": 2, "产能": 1, "良品率": 1, "好几": 1, "官司": 1, "iPhoneX": 1, "只能": 1, "OLED": 1, "显示屏": 1, "华商": 1, "韬略": 1, "微博O": 1, "三星​": 1, "戴上": 1, "Ta": 1, "享受": 1, "FreeLace": 1, "耳机": 1, "智慧": 1, "闪连": 1, "沉浸式": 1, "音质": 1, "戳图": 1, "↓": 1, "总分": 2, "才": 1, "名": 3, "登上": 1, "(": 1, "简称": 1, "DxO": 2, ")": 1, "后置": 2, "排行榜": 1, "位置": 1, "对此": 1, "不服": 1, "GalaxyS10+": 1, "前置": 1, "超过": 1, "依然": 1}