{"@": 10, "飞象网": 2, "项": 7, "立刚": 4, "：": 12, "中国": 21, "通信业": 6, "30年": 2, "——": 3, "一无所有": 4, "世界": 9, "第一": 3, "提出": 2, "5G": 25, "标准": 2, "立项": 2, "提": 2, "18": 2, "说起": 2, "华为": 73, "都": 11, "满满": 2, "自豪感": 2, "30多": 2, "年前": 2, "只能": 3, "高价": 2, "买": 6, "外国": 2, "设备": 9, "本期": 2, "观学院": 2, "通信": 2, "行业": 2, "观察家": 2, "梳理": 2, "走向": 2, "过程": 5, "企业": 5, "努力": 2, "背后": 2, "大国": 2, "博弈": 2, "为此": 2, "做出": 5, "贡献": 2, "关键": 2, "人物": 2, "L微": 2, "丢": 2, "秒拍": 5, "视频": 7, "手机": 8, "创作": 1, "摄影师": 1, "SergioPucci": 1, "全新": 1, "尝试": 1, "P30Pro": 2, "有趣": 1, "摄影": 3, "功能": 3, "惊叹": 1, "不已": 1, "期待": 1, "更多": 1, "朋友": 1, "带上": 1, "P30": 1, "旅行": 1, "探索": 1, "、": 21, "发现": 2, "感知": 1, "寻常": 1, "魅力": 1, "！": 10, "L华": 1, "终端": 1, "公司": 4, "​": 13, "6月": 2, "16日": 1, "上午": 2, "爱否": 3, "科技": 4, "创始人": 1, "彭林": 2, "辞去": 1, "职务": 1, "名义": 2, "起诉": 1, "拍": 15, "月亮": 16, "涉嫌": 1, "虚假": 1, "宣传": 2, "一个": 14, "2月": 1, "申请": 6, "专利": 7, "北京": 1, "法定": 1, "代表人": 1, "股东": 1, "董事长": 1, "辞职": 1, "20日": 1, "成立": 1, "一家": 2, "天津": 1, "有限公司": 1, "签署": 3, "50": 9, "合同": 12, "称": 2, "28": 2, "欧洲": 2, "董事会": 1, "成员": 1, "高级": 1, "副总裁": 3, "陈黎芳": 1, "全球": 15, "50多": 2, "份": 2, "商业": 1, "华": 1, "晨宇": 1, "表情": 1, "让owhat": 1, "安排": 1, "三": 1, "苹果": 1, "抢到": 1, "大麦见L": 1, "随意": 1, "静静": 1, "yu": 1, "拒": 4, "归还": 4, "物料": 6, "伟创力": 15, "剔除": 11, "供应链": 11, "7月": 3, "17日": 3, "消息": 1, "美资": 1, "代工": 1, "巨头": 1, "位于": 1, "长沙": 5, "望城": 1, "经济": 2, "开发区": 1, "工厂": 6, "停产": 3, "原因": 11, "外界": 1, "猜测": 1, "美国": 9, "禁令": 1, "影响": 2, "凤凰网": 1, "独家": 1, "获悉": 1, "体系": 4, "熟悉": 2, "合作": 6, "人士": 2, "透露": 2, "纳入": 3, "实体": 4, "清单": 3, "马上": 3, "停止": 8, "包括": 3, "生产": 9, "拒绝": 3, "发货": 5, "所有权": 3, "珠海": 2, "表面": 2, "恢复": 2, "业务": 4, "几经": 2, "反复": 2, "承诺": 2, "保障": 4, "条件": 2, "最终": 4, "据悉": 2, "持续": 2, "O伟": 2, "创力": 2, "后续": 2, "火": 1, "校道": 1, "高校": 1, "种草": 1, "大赛": 2, "江安": 1, "长桥": 1, "迈入": 1, "望江": 1, "红门": 1, "明远湖": 1, "畔": 1, "踱步": 1, "双荷池": 1, "华西坝": 1, "钟声": 1, "依然": 1, "每日": 1, "敲响": 1, "水光": 1, "闪动": 1, "人影": 1, "穿梭": 1, "条": 2, "道路": 1, "细数": 1, "青春": 1, "时光": 1, "路": 1, "留下": 1, "专属": 1, "记忆": 1, "大学": 1, "​​": 2, "云​": 1, "强硬": 2, "生意": 2, "连夜": 2, "派": 2, "150": 2, "辆": 4, "货车": 2, "拉回": 2, "厂区": 2, "传出": 2, "停工": 2, "影像": 2, "不止": 1, "参与": 1, "借口": 1, "玛格南": 1, "大师": 1, "2019": 1, "评委": 1, "AlecSoth": 1, "HUAWEIP": 1, "30": 2, "Pro": 1, "记录": 1, "孤独": 2, "小屋": 1, "空寂": 1, "夜色": 1, "静谧": 1, "牧场": 1, "......": 1, "浓郁": 1, "诗人": 1, "特质": 1, "诗般": 1, "空荡": 1, "镜头": 2, "评论区": 1, "小编": 1, "分享": 2, "~O": 1, "网页": 1, "链接": 1, "很多": 2, "华为p30": 1, "系列": 2, "太": 3, "厉害": 1, "iPhone": 1, "为啥": 1, "经验": 1, "告诉": 1, "iphone": 1, "锁定": 2, "焦距": 5, "光圈": 1, "自动": 4, "调整": 1, "曝光": 6, "区域": 1, "触摸": 2, "亮区": 1, "照片": 6, "变暗": 1, "暗区": 1, "画面": 2, "亮": 2, "图1": 1, ".": 6, "手": 1, "轻触": 1, "屏幕": 1, "黄色框": 2, "/": 3, "焦": 1, "上灯": 1, "效果": 6, "老是": 1, "散发": 1, "光芒": 1, "焦上": 3, "状况": 1, "白天": 1, "东西": 1, "很": 4, "如果说": 1, "夜景": 4, "想要": 1, "就要": 1, "手动": 3, "调节": 3, "3": 8, "假设": 1, "灯": 1, "拉到": 1, "5": 3, "倍": 3, "佳": 1, "亮度": 1, "4.": 1, "曝光度": 2, "好些": 1, "模糊": 1, "这是": 1, "拉伸": 1, "手晃动": 1, "1": 2, "感觉": 1, "稍微": 1, "一点": 1, "晃动": 1, "质量": 2, "5.": 1, "样张": 1, "三角": 1, "辅助": 1, "差距": 1, "毕竟": 1, "iPhoneX": 1, "最多": 1, "拉": 1, "像素": 1, "不错": 1, "6": 2, "合成": 2, "发": 2, "朋友圈": 2, "单发": 1, "景观": 1, "才": 1, "有意思": 1, "拍摄": 5, "要点": 1, "1.": 1, "最低": 1, "稳定器": 1, "三脚架": 1, "耐心": 1, "多练": 1, "单反": 1, "情况": 1, "绰绰有余": 1, "亲爱": 1, "搭配师们": 2, "机型": 2, "闪退": 1, "知晓": 1, "加紧": 1, "推进": 1, "修复": 1, "涉及": 1, "检测": 1, "时间": 1, "带来": 1, "不便": 1, "深感": 1, "抱歉": 1, "请": 1, "谅解": 2, "": 1, "闪耀": 1, "暖暖​": 1, "年薪": 1, "42万": 1, "留": 1, "这位": 1, "程序员": 1, "小哥": 1, "纠结": 1, "茅台": 11, "千": 2, "元": 4, "股": 1, "争议": 1, "关头": 1, "创出": 2, "新高": 2, "引领": 1, "股市": 1, "价值": 1, "投资": 1, "嫉妒": 1, "没有用": 1, "当今": 1, "同等": 1, "重要性": 1, "牛B": 1, "贵州": 1, "负责": 2, "全世界": 1, "攻城掠地": 1, "创造": 2, "财富": 3, "回笼": 1, "货币": 1, "守住": 1, "中国人": 2, "制造业": 1, "辛辛苦苦": 1, "赚": 1, "钱": 4, "房": 1, "美元": 1, "存到": 1, "国外": 1, "洋酒": 2, "葡萄酒": 1, "消费": 2, "掉": 1, "还给": 1, "洋人": 1, "富裕": 2, "阶层": 2, "心目": 1, "地位": 1, "与日俱增": 1, "时尚": 1, "高档": 3, "红酒": 1, "赶出": 1, "市场": 3, "进口": 1, "替代": 1, "效应": 1, "国家": 2, "贵州省": 1, "巨额": 1, "汗马功劳": 1, "茅台酒": 1, "理直气壮": 1, "大张旗鼓": 1, "提价": 1, "占领": 1, "高端": 1, "酒": 1, "利润": 1, "葛光柠": 1, "证券": 1, "红": 1, "周刊": 1, "官网": 1, "网友": 1, "投稿": 1, "nova5iPro": 1, "资料": 1, "挖": 1, "孔屏": 1, "+": 1, "麒麟": 1, "810+": 1, "丐爵": 1, "同款": 1, "浴霸": 1, "四": 1, "摄": 1, "售价": 1, "控制": 1, "2K": 1, "线下": 1, "爆款": 1, "机​": 1, "推出": 2, "鸿蒙": 1, "系统": 1, "逗": 1, "商用": 12, "产品线": 2, "甘斌": 2, "近日": 3, "介绍": 4, "公开": 2, "信息": 2, "60": 2, "网络": 2, "3G": 2, "4G": 2, "相比": 2, "发展": 4, "速度": 2, "前所未有": 2, "韩国": 2, "4月": 2, "3日": 3, "100万": 2, "用户": 5, "预计": 2, "三年": 2, "内": 2, "5亿": 2, "户": 2, "超过": 2, "15万": 2, "基站": 2, "O华": 2, "早": 2, "财经": 4, "丨": 3, "警方": 4, "通报": 5, "常州": 6, "死": 4, "10": 5, "伤": 4, "车祸": 4, "事故": 5, "；": 9, "原材料": 2, "2000": 2, "斤": 2, "假发": 2, "价格": 2, "堪": 2, "LV包": 1, "交通": 1, "男": 1, "司机": 1, "途中": 2, "晕厥": 2, "交警": 1, "晚": 1, "肇事": 1, "驾驶人": 1, "徐某某": 1, "口吐": 1, "带": 1, "血": 1, "白沫": 1, "车辆": 1, "失控": 1, "10时": 1, "47分许": 1, "苏D": 1, "34Y35": 1, "号": 1, "黑色": 1, "奔驰": 1, "客车": 1, "撞到": 1, "电动": 1, "自行车": 1, "13": 1, "受伤": 1, "名": 2, "伤者": 1, "抢救": 1, "无效": 1, "死亡": 1, "治疗": 1, "生命": 1, "危险": 1, "泰国": 1, "水上": 1, "餐厅": 1, "坍塌": 1, "4": 1, "MH370": 1, "起飞": 1, "装载": 1, "89": 1, "公斤": 1, "不明": 1, "物品": 1, "深海": 1, "勇士号": 1, "海底": 1, "垃圾场": 1, "研究": 1, "全职": 1, "妈妈": 1, "记忆力": 1, "下降率": 1, "O早": 1, "LV包O": 1, "首次": 1, "登月": 1, "搞笑": 1, "话题": 1, "想到": 1, "硬核": 1, "广告": 1, "L怕": 1, "傻哟": 1, "刘": 1, "涛换": 1, "薛之谦": 1, "金立M7": 1, "到底": 1, "签": 1, "代言": 1, "夜里": 1, "拍照": 2, "噪点": 1, "清晰": 2, "自拍": 3, "技术": 1, "到位": 1, "痛点": 1, "解决": 1, "难题": 1, "Nova5Pro": 1, "人像": 1, "超级": 2, "人景": 1, "分离": 1, "光线": 1, "下拍": 1, "夜晚": 1, "任性": 1, "心动": 1, "L搞机": 1, "公主": 1, "产品": 1, "气死": 1, "美帝": 1, "任仁雄": 1, "倪光南": 2, "30岁": 2, "选择": 3, "创业": 2, "工程院": 1, "院士": 1, "18日": 1, "安徽": 1, "卫视": 1, "品格": 1, "节目": 1, "工程师": 1, "足够": 1, "创新": 1, "能力": 1, "CEO": 1, "合适": 2, "CTO": 1, "L": 1, "老板": 1, "联播": 1, "​​​": 2, "快讯": 1, "未来": 1, "列入": 1, "名单": 1, "正确": 1, "被动": 1, "主动": 1, "不等": 1, "断供": 1, "历史": 1, "悠久": 1, "政府": 2, "事情": 1, "讲": 1, "给予": 1, "媒体": 1, "忽悠": 1, "诬陷": 1, "中断": 1, "供应": 1, "命令": 1, "背": 1, "V峰会": 1, "8月": 1, "4日": 1, "5日": 1, "红人节": 1, "成都": 1, "汇丰": 6, "劝": 1, "善良": 1, "英国": 1, "金融": 1, "时报": 1, "披露": 1, "银行": 2, "洗钱": 2, "司法部": 2, "盯上": 1, "逃脱": 1, "处罚": 1, "同意": 1, "配合": 1, "客户": 1, "相关": 1, "出卖": 1, "调查": 1, "机构": 1, "导致": 1, "高管": 1, "加拿大": 1, "扣押": 1, "洗": 1, "墨西哥大": 1, "毒枭": 1, "毫无": 1, "廉耻": 1, "增设": 1, "网点": 1, "一批": 1, "无良": 1, "公知": 1, "洗地": 1, "凉凉": 1, "知识": 1, "产权局": 1, "公布": 1, "方法": 2, "电子": 1, "模式": 1, "非专业": 1, "轮廓": 1, "晶莹": 1, "美丽": 1, "花粉": 1, "？？": 1, "玩": 1, "玩死": 1, "…​": 1}