{"呼吸": 1, "找到": 1, "年轻": 2, "心跳": 1, "律动": 3, "；": 2, "回眸": 1, "发现": 4, "灵动": 1, "色彩": 2, "节拍": 1, "华为": 71, "nova5": 8, "#千玺": 1, "nova星": 3, "！": 15, "L华": 5, "终端": 4, "官方": 4, "秒拍": 9, "视频": 17, "​": 12, "昂首": 1, "姿态": 1, "感受": 2, "青春": 3, "澎湃": 1, "@": 12, "TFBOYS": 6, "易烊": 7, "千玺": 5, "开启": 1, "宣言": 1, "帅气": 1, "nova星人": 2, "同学": 2, "登陆": 1, "nova": 2, "星球": 1, "见证": 1, "带来": 1, "惊喜": 1, "6月": 8, "21日": 3, "武汉": 3, "担任": 1, "高级": 1, "副总裁": 2, "竞洋": 1, "兄": 1, "微信": 1, "发": 1, "一个": 18, "——": 1, "垮": 2, "感动": 1, "企业": 10, "、": 45, "国家": 17, "精诚": 1, "团结": 1, "励精图治": 1, "发奋图强": 1, "别人": 1, "此刻": 1, "中国": 13, "确实": 1, "挑战": 1, "困难": 2, "改革": 1, "开放": 2, "融入": 1, "世界": 9, "迈": 1, "坎": 1, "光明": 1, "未来": 3, "L但斌": 1, "跟着": 1, "走近": 1, "变幻": 1, "节奏": 1, "力量": 1, "·": 2, "不畏": 1, "前路": 1, "逆境": 1, "无惧": 1, "声音": 1, "眼中": 1, "华光": 1, "璀璨": 1, "星辉": 1, "勇敢": 1, "逐梦": 1, "率性而为": 1, "全新": 1, "系列": 2, "即将": 3, "起航": 1, "点燃": 1, "无限": 1, "欧洲": 13, "市场": 14, "胜": 1, "苹果": 2, "：": 20, "一季度": 1, "出货量": 4, "同比": 4, "增长": 5, "66.13%": 2, "14日": 2, "IDC": 1, "数据": 3, "显示": 3, "2019年": 5, "第一": 8, "季度": 2, "智能": 5, "手机": 11, "下跌": 1, "2.74%": 1, "小米": 1, "33.26%": 1, "五": 2, "厂商": 3, "唯一": 1, "份额": 1, "创": 1, "新低": 1, "五环短": 1, "L五环": 1, "短": 1, "NOVA5": 1, "红衣": 1, "哥哥": 1, "酷炫": 1, "勒": 1, "搓": 1, "手手": 1, "期待": 1, "千玺​": 2, "5G": 27, "城": 4, "德新社": 4, "消息": 5, "沃达丰": 10, "公司": 14, "近日": 6, "采用": 8, "设备": 12, "商用": 11, "服务": 11, "15号": 4, "本周六": 4, "西班牙": 19, "15": 13, "城市": 13, "投入": 9, "运营": 9, "报道": 7, "包括": 6, "马德里": 4, "巴塞罗那": 4, "巴伦西亚": 4, "网络": 13, "运营商": 6, "瑞士": 3, "英国": 3, "开通": 4, "此前": 4, "德国": 8, "总理": 3, "默克尔": 3, "都": 13, "技术": 14, "相关": 2, "特定": 3, "排除": 3, "建设": 3, "大门": 4, "L": 2, "央视": 4, "财经": 5, "酷燃": 4, "易": 1, "烊": 1, "千": 1, "玺": 1, "爸爸": 1, "给力": 1, "！！！！": 1, "学校": 1, "音乐节": 1, "千玺Lsweeties不加s": 1, "Brand": 2, "Z™": 2, "全球": 4, "价值": 3, "品牌": 9, "百强榜": 1, "排名": 1, "提升": 1, "第47": 2, "道阻且长": 1, "追求": 1, "极致": 1, "道路": 1, "奋进": 1, "前行": 1, "千玺华": 1, "代言人": 1, "好酷": 1, "辟谣": 1, "本周": 1, "谣言": 3, "TOP10": 1, "高管": 3, "美国": 29, "间谍": 1, "海南": 1, "禁止": 2, "赌博": 1, "卖淫": 1, "嫖娼": 1, "数学帝": 1, "葛军": 1, "参加": 1, "2019": 1, "年度": 1, "高考": 1, "数学": 1, "卷命题": 1, "叒信": 1, "戳图": 1, "查看": 1, "本期": 1, "榜单": 1, "~": 1, "分析": 1, "社会": 1, "挖掘": 1, "舌战": 1, "福克斯": 2, "主播": 1, "170": 1, "证据": 1, "到访": 1, "11日": 1, "联邦": 1, "检察官": 1, "国土": 1, "安全部": 1, "员工": 1, "现华": 1, "首席": 2, "安全官": 1, "安迪•珀迪": 1, "接受": 1, "商业": 1, "频道": 1, "采访": 1, "威胁": 1, "后门": 1, "更换": 1, "代价": 2, "想": 1, "给出": 1, "有理": 1, "回应": 1, "珀迪": 1, "很多": 4, "同盟": 1, "抵抗": 1, "不仅仅": 1, "钱": 1, "在于": 1, "就此": 1, "调查": 1, "乐意": 1, "安排": 1, "L微": 1, "丢": 1, "L央视": 2, "MAGA": 1, "专利": 7, "中国人": 1, "盗窃": 1, "知识": 1, "产权": 1, "流氓": 3, "日前": 1, "外媒": 3, "路透社": 1, "称": 7, "电信": 1, "Verizon": 1, "230": 1, "项": 2, "支付": 2, "费用": 1, "预计": 1, "总额": 1, "10亿": 3, "美元": 3, "曝光": 1, "共和党": 1, "参议员": 2, "马可·卢比奥": 2, "MarcoRubio": 1, "推特": 1, "转载": 1, "新闻": 1, "评论": 1, "毫无": 1, "高昂": 1, "索赔": 1, "报复": 1, "攻击": 1, "风闻": 1, "社区": 2, "O美": 1, "nova5Pro": 1, "上架": 1, "配置": 1, "不详": 1, "四": 1, "摄": 1, "8+128": 1, "颜色": 1, "很": 9, "梦幻": 1, "外观": 1, "网摘": 1, "2000年": 1, "国内": 7, "倍受": 1, "打压": 3, "政府": 4, "北上": 1, "广运": 1, "营商": 1, "鄙视": 1, "私有": 1, "公有": 1, "领导": 1, "公开": 1, "压制": 1, "不得不": 1, "非洲": 2, "开拓": 1, "悲壮": 1, "博案": 1, "谋生": 1, "才": 2, "活": 2, "成功": 2, "件": 2, "1": 1, "民营": 2, "日子": 1, "好过": 1, "环境": 4, "适合": 1, "成长": 1, "第二": 1, "诞生": 1, "复制": 1, "头号": 1, "强国": 1, "弄": 2, "七": 1, "荤": 1, "八素": 1, "紧急": 1, "状态": 1, "国人": 1, "条件": 1, "反射": 1, "遗憾": 1, "任正非": 3, "意志": 1, "坚强": 1, "贪": 1, "金钱": 1, "抱负": 1, "志气": 1, "远大": 1, "理想": 1, "脚踏实地": 1, "埋头苦干": 1, "精神": 1, "经历": 1, "骇人听闻": 1, "人生": 1, "磨难": 1, "企业家": 1, "灯笼": 1, "难找": 1, "房地产": 1, "捞钱": 1, "这次": 2, "财经O": 1, "15日": 2, "投放": 1, "加油": 2, "看图": 1, "说事": 1, "反击": 1, "出手": 1, "美金": 1, "声称": 2, "高额": 1, "专利费": 1, "金额": 1, "超": 1, "引用": 1, "名言": 1, "进攻": 2, "防御": 1, "！！！​": 1, "贸易战": 1, "愈演愈烈": 1, "深刻": 1, "体现": 3, "科技": 17, "重要性": 1, "高科技": 8, "新时代": 1, "武器": 1, "落后": 2, "受制于人": 1, "源于": 1, "人才": 5, "重视": 1, "层面": 1, "施行": 1, "减税": 1, "政策": 1, "鼓励": 1, "发展": 7, "行业": 1, "春天": 1, "来临": 1, "早": 1, "北京": 2, "海淀": 2, "中关村": 9, "多年": 1, "地方": 1, "取代": 2, "位置": 1, "优质": 1, "百度": 1, "腾讯": 1, "网易": 2, "滴滴": 1, "联想": 1, "研发": 1, "人员": 2, "学历": 1, "工资": 1, "消费": 2, "能力": 1, "居住": 7, "品质": 3, "小区": 3, "实在": 1, "太": 3, "贵": 1, "动辄": 1, "两三千万": 1, "无非": 1, "承受": 1, "职住": 1, "平衡": 1, "早年": 1, "硅谷": 1, "工作": 2, "海归": 1, "个个": 1, "大牛": 1, "薪水": 1, "依然": 1, "买": 4, "套": 1, "匹配": 1, "国外": 1, "房子": 2, "只能": 1, "90": 1, "平": 1, "二手房": 1, "学区房": 1, "蜗居": 1, "痛点": 1, "简直": 1, "随处可见": 1, "闲聊": 1, "不少": 1, "真的": 1, "租": 1, "去年": 2, "万科": 6, "翡翠": 2, "书院": 2, "项目": 13, "出乎": 1, "意料": 1, "询问": 1, "背后": 1, "思考": 1, "想法": 1, "距离": 2, "上班": 1, "通勤": 1, "产品": 5, "本身": 1, "棒": 1, "低": 1, "密度": 1, "精装修": 1, "车": 1, "分流": 1, "装修": 3, "标准": 1, "超过": 2, "如园": 2, "豪宅": 2, "提供": 4, "想要": 1, "生活": 1, "方式": 2, "大阳台": 1, "种花": 1, "种草": 1, "小孩": 1, "内": 2, "尽情": 1, "玩耍": 1, "老人": 1, "休憩": 1, "全屋": 1, "家居": 1, "符合": 1, "人士": 1, "偏爱": 1, "超前": 1, "意识": 1, "当下": 1, "好奇心": 1, "驱动": 1, "现场": 1, "仔细": 1, "本来": 1, "熟悉": 2, "地处": 1, "核心区": 1, "地铁": 1, "16号线": 1, "永丰站": 1, "1.5": 1, "公里": 3, "隔": 2, "壹号": 1, "大型": 1, "商业体": 1, "北边": 1, "几百": 1, "米": 1, "还要": 1, "修建": 3, "中粮": 1, "悦城": 1, "北侧": 1, "故宫": 1, "北院区": 1, "东侧": 1, "条": 2, "马路": 1, "三": 1, "科技园": 1, "分校": 1, "西侧": 1, "超大": 1, "绿心": 1, "公园": 1, "整体": 1, "配套": 1, "完善": 1, "参观": 1, "完样": 1, "板间": 1, "用心": 2, "天然": 1, "大理石": 1, "地面": 1, "中央": 1, "空调": 2, "+": 1, "地暖": 1, "新风": 1, "系统": 7, "TOTO": 1, "马桶": 1, "西门子": 1, "冰箱": 1, "烤箱": 1, "高标准": 1, "看完": 1, "理解": 1, "租房": 1, "朋友们": 1, "选择": 1, "营造": 2, "硬件": 1, "软件": 1, "人文": 1, "努力": 2, "探索": 1, "模式": 1, "主推": 1, "180P": 1, "精装": 1, "叠拼": 1, "10年": 3, "总租金": 1, "350-400w": 1, "首付": 1, "100": 3, "w连": 1, "成本": 1, "租金": 2, "3w": 1, "西山": 1, "壹号院": 1, "选": 1, "签": 1, "保证": 1, "涨": 1, "逼": 1, "搬家": 1, "预算": 1, "有限": 1, "需求": 1, "迫切": 1, "人群": 1, "划算": 1, "感": 1, "兴趣": 1, "电话": 1, "张经理": 1, "17180067608": 1, "复旦": 1, "人物": 1, "谢希德": 2, "半导体": 4, "之母": 2, "天空": 2, "中兴": 2, "事件": 6, "堂": 1, "芯片": 9, "课": 1, "电子": 6, "元器件": 1, "就是了": 1, "信息": 2, "制高点": 1, "产业": 1, "水平": 1, "关系": 1, "竞争力": 1, "事实上": 1, "研究": 2, "起步": 1, "大幅": 1, "进程": 1, "感谢": 2, "O谢希德": 1, "来源": 1, "科学报": 1, "时代": 3, "楷模": 1, "发布厅": 1, "日本": 16, "东芝": 18, "1987年": 6, "制裁": 5, "遭遇": 2, "只不过": 1, "做错": 1, "LOGO": 1, "电器": 1, "笔记本": 1, "电视机": 1, "领域": 17, "如今": 2, "鲜有": 1, "类别": 1, "授权": 1, "变卖": 1, "接近": 1, "倒闭": 1, "三菱": 1, "集团公司": 1, "沦落": 1, "地步": 1, "出于": 1, "捍卫": 1, "本土": 2, "做法": 1, "5月份": 1, "实施": 1, "同年": 1, "4月份": 1, "3亿多": 1, "存储器": 1, "加收": 1, "百分之100": 1, "关税": 1, "这是": 1, "1985年": 2, "生产商": 1, "独占鳌头": 1, "十大": 1, "占有": 3, "五成": 1, "5": 1, "3": 1, "席位": 1, "航天": 1, "飞机": 1, "柏": 1, "光纤": 1, "机械": 2, "占上风": 1, "利于": 1, "竞争": 1, "名义": 2, "采购": 1, "富士通": 1, "在内": 2, "倾销": 1, "提起": 1, "301": 1, "条款": 1, "起诉": 1, "历史": 1, "惊人": 1, "对比": 3, "5月": 1, "发起": 1, "自信": 1, "碾压": 2, "嫉妒": 1, "强大": 1, "陈词": 1, "性质": 2, "向前": 1, "苏联": 1, "精度": 1, "机床": 1, "一家": 1, "法国": 1, "未能": 1, "幸免": 1, "伊朗": 1, "欲加之罪何患无辞": 1, "禁令": 1, "自废武功": 2, "本国": 1, "入狱": 2, "辞职": 1, "7月": 1, "1988年": 1, "4月": 1, "开发": 2, "FSX": 1, "战斗机": 1, "表面": 1, "实则": 1, "从中": 1, "获取": 1, "从此": 1, "打开": 1, "导致": 2, "多余": 1, "举措": 1, "衰退": 1, "存储": 1, "掘墓": 1, "因素": 2, "实际上": 1, "过于": 1, "钻研": 1, "运营者": 1, "遭受": 2, "打击": 1, "营销": 1, "断代": 1, "挫折": 1, "做好": 1, "受挫": 1, "防患于未然": 1, "提前": 1, "打下": 1, "坚实": 1, "基础": 1, "招拆": 1, "招": 1, "未雨绸缪": 1, "不可企及": 1, "一如既往": 1, "支持": 2, "折叠": 3, "推迟": 2, "发售": 2, "9月": 2, "上市": 1, "三星": 2, "影响": 2, "测试": 2, "CNBC": 1, "发言人": 1, "原定": 1, "MateX": 2, "推出": 1, "重重": 1, "态度": 1, "谨慎": 1, "基于": 1, "谷歌": 1, "Android": 1, "操作": 2, "EMUI": 1, "暂": 1, "被迫": 1, "转向": 1, "自研": 1, "六": 1, "九": 1, "老板": 2, "联播L": 1, "联播": 1, "咨询": 1, "艾媒": 1, "发布": 2, "国牌": 3, "专题": 1, "报告": 2, "内需": 1, "崛起": 1, "国产": 1, "文化": 1, "热": 1, "多重": 1, "焕发": 1, "新生": 1, "到来": 1, "严选": 1, "李宁": 1, "类型": 1, "代表": 1, "建树": 1, "O": 2, "出炉": 1, "位列": 1, "名": 1, "8%": 1, "权威": 1, "机构": 1, "消费者": 1, "认可": 1, "加拿大": 2, "外长": 2, "拒绝": 2, "出面": 2, "阻止": 2, "孟晚舟": 2, "引渡": 2, "弗理兰": 1, "周四": 2, "财务官": 1, "提议": 1, "开创": 1, "危险": 1, "先例": 1, "公共": 1, "事务部": 1, "总裁": 1, "威廉姆森": 1, "鸿蒙": 1, "安卓": 1, "网页": 1, "链接": 1, "锁屏": 4, "广告": 5, "用户": 5, "抱怨": 2, "昨天": 1, "住宿": 1, "预订": 1, "网站": 1, "Booking.com": 1, "整合": 1, "杂志": 1, "功能": 1, "后者": 1, "图片": 1, "设置": 1, "每次": 1, "解锁": 1, "都会": 1, "发生": 1, "变化": 1, "锁": 1, "屏现": 1, "O科技": 1, "早报": 1, "|": 1, "科创板": 1, "正式": 1, "开板": 1, "iPhone恐": 1, "缺乏": 1, "新意": 1}