{"感动": 2, "！": 16, "13": 6, "岁": 13, "少年": 6, "卖": 2, "画救": 2, "患癌": 3, "姑姑": 13, "重庆": 3, "思汗": 12, "父母": 3, "离异": 3, "托付": 3, "33": 3, "何建华": 9, "抚养": 3, "照顾": 3, "侄子": 3, "放弃": 3, "成家": 3, "如今": 3, "癌症": 3, "复发": 3, "病情": 3, "不容乐观": 3, "热爱": 3, "绘画": 6, "救治": 3, "中心": 3, "门外": 3, "挥毫": 3, "泼墨": 3, "筹款": 4, "治病": 4, "愿望": 3, "活": 4, "两三": 4, "长大": 4, "希望": 3, "伯乐": 3, "发现": 3, "才能": 3, "北京": 2, "青年报": 2, "L正能量": 2, "News": 2, "秒拍": 12, "视频": 13, "即可": 1, "华为": 54, "nova4": 8, "​": 20, "银联": 6, "付": 4, "一半": 5, "12.12": 2, "半价": 4, "补贴节": 2, "！！！": 2, "联合": 2, "40万": 2, "线上": 2, "线下": 2, "商户": 2, "、": 17, "全国": 2, "银行": 2, "苹果": 13, "三星": 3, "小米": 5, "倾情": 2, "推出": 2, "疯狂": 2, "活动": 2, "折": 2, "上折": 2, "立减": 2, "倍": 5, "积分": 2, "10亿": 2, "补贴": 2, "抢": 2, "12": 2, "​​": 4, "结局": 1, "差点": 1, "眼泪": 1, "流": 1, "…": 1, "瞬间": 2, "想": 2, "相爱": 1, "相杀": 1, "同事": 1, "谢谢": 1, "AI": 2, "12月": 10, "7日": 3, "苏宁": 2, "超级": 1, "品牌": 4, "波骚": 1, "操作": 1, "服气": 1, "L": 5, "手机": 3, "亮": 1, "自拍": 2, "全面屏": 2, "时代": 1, "广告": 6, "对着干": 2, "：": 12, "这次": 6, "iPhone": 3, "埋": 6, "爽": 3, "全世界": 3, "众所周知": 3, "秘密": 3, "11月": 4, "28日": 3, "推特": 3, "发布": 8, "讽": 4, "捧": 3, "华为式": 3, "最新": 4, "全程": 3, "西班牙语": 3, "选用": 3, "智利": 3, "著名": 3, "演员": 3, "黑粉": 2, "iPhone4": 3, "iPhone4S": 3, "@": 2, "梨视": 2, "频L": 2, "老板": 4, "联播": 4, "没钱": 3, "买": 5, "；": 2, "钱": 1, "卖画": 1, "O网页": 1, "链接": 1, "随时随地": 1, "自在": 1, "分享": 1, "线": 1, "束缚": 1, "Mate20": 2, "无线": 2, "投屏": 1, "功能": 1, "电脑": 1, "电视": 1, "连接": 1, "轻便": 1, "推荐": 1, "难过": 1, "浴霸翡": 1, "冷翠": 1, "顶配版": 1, "小心": 1, "掉地": 1, "磕": 1, "一个": 2, "碰": 1, "早": 1, "「": 2, "趣": 1, "评测": 1, "商城": 1, "」": 2, "保护壳": 1, "全球": 8, "首款": 1, "极点": 3, "——": 2, "新机": 1, "时间": 3, "17号": 3, "地点": 1, "长沙": 5, "易": 1, "烊千玺": 1, "做为": 1, "代言人": 1, "现场": 1, "拭目以待": 1, "Nova": 1, "4": 3, "期待": 2, "易烊": 1, "千玺": 1, "十八": 1, "成年": 1, "亦": 1, "乘风": 1, "畅享": 1, "9Plus6GB": 1, "+": 3, "128GB": 1, "版本": 2, "1999": 1, "元": 3, "正式": 3, "开售": 1, "挖孔": 1, "屏新机": 1, "17日": 2, "任正非": 9, "女儿": 9, "带": 3, "揭秘": 6, "国际": 2, "名媛": 8, "舞会": 10, "珠宝": 7, "卢浮宫": 7, "近日": 1, "巴黎": 9, "LeBal": 1, "创始人": 4, "姚安娜": 1, "首次": 1, "亮相": 2, "公众": 1, "1日": 2, "VPhotoX艾诚": 2, "专访": 4, "逐一": 1, "后台": 4, "存放": 2, "礼服": 2, "房间": 2, "情况": 1, "L大佬": 1, "7000亿": 3, "再次": 2, "震惊": 2, "世界": 2, "轮值": 1, "董事长": 1, "2018年": 4, "营收": 4, "超过": 4, "1000亿": 2, "美元": 4, "大关": 1, "同比": 2, "增长": 2, "17%": 1, "看错": 1, "千亿": 2, "企业": 2, "折合": 1, "人民币": 1, "这是": 1, "第三": 1, "迈入": 1, "俱乐部": 1, "电子": 1, "公司": 1, "中国": 4, "牛": 1, "年收入": 5, "阿里": 1, "3": 3, "阿里巴巴": 3, "2018": 2, "财年": 2, "业绩": 1, "全年": 1, "收入": 1, "2500亿": 1, "也就是说": 2, "1/3": 1, "格力": 2, "董明珠": 1, "说法": 1, "电器": 1, "2000亿": 1, "格里": 1, "1/4": 1, "7": 1, "2017年": 1, "智能": 1, "发货量": 1, "将近": 1, "2亿": 1, "台": 1, "33%": 1, "接近": 1, "第二": 2, "福布斯": 1, "价值榜": 1, "100": 1, "公布": 1, "84亿": 1, "价值": 1, "连续": 1, "榜单": 1, "依旧": 1, "唯一": 1, "上榜": 1, "搞": 2, "金融": 1, "炒": 1, "房地产": 1, "上市": 1, "赚": 1, "国外": 1, "2017": 1, "缴税": 1, "超": 2, "710亿": 1, "纳税额": 1, "拿下": 1, "民营": 1, "500": 1, "第一": 1, "员工": 1, "人均": 1, "年薪": 1, "70万": 1, "民族": 1, "骄傲": 1, "参观": 2, "名媛舞": 2, "试衣间": 4, "珠宝展": 2, "Annabel": 4, "参加": 2, "VPhotox艾诚": 2, "珠宝间": 2, "L见闻": 2, "企业家": 2, "视点": 1, "斯坦福": 1, "大学": 2, "DAWNBenchmark": 1, "排行榜": 2, "云ModelArts": 1, "10分": 1, "28": 1, "秒": 1, "成绩": 1, "图像": 1, "识别": 2, "训练": 2, "排名": 1, "第一斯坦福": 1, "DWANBench": 1, "用来": 1, "衡量": 1, "端": 2, "深度": 2, "学习": 2, "模型": 1, "推理": 1, "性能": 1, "权威": 1, "基准": 1, "测试": 1, "平台": 2, "业界": 1, "技术": 1, "领先性": 1, "TA": 1, "晚安": 1, "心中": 1, "都": 2, "难忘": 1, "书": 1, "影响": 3, "指引": 1, "阅读": 1, "生活": 1, "立体": 1, "思想": 1, "层次": 1, "分明": 1, "本书": 1, "转评": 1, "小云": 1, "抽": 1, "送出": 1, "耳机": 1, "副": 1, "​​​": 1, "嘛​": 1, "AnnabelYao": 1, "24日": 1, "晚": 1, "屏": 3, "奇妙": 1, "交响乐": 1, "SoundofLight": 1, "诞生": 1, "取景于": 1, "挪威特罗姆": 1, "瑟星": 1, "空下": 1, "绚烂": 1, "极光": 2, "智慧": 4, "芯": 1, "Pro": 1, "定制": 1, "系统": 1, "分析": 1, "特征": 1, "元素": 3, "转化": 1, "音乐": 1, "纳入": 1, "编曲": 1, "顶级": 1, "指挥家": 1, "乐团": 1, "维也纳": 1, "勃拉姆斯": 1, "音乐厅": 1, "演奏": 1, "花粉们": 1, "听完": 1, "交响曲": 1, "官微君": 1, "震撼": 1, "终端": 1, "荟": 1, "柯南": 1, "赵贰": 1, "新版": 1, "视觉": 3, "圣诞节": 1, "心愿": 1, "条": 1, "1": 2, "变身": 1, "时尚": 1, "买手": 1, "神农": 1, "百": 1, "草": 1, "翻译": 3, "能手": 1, "瘦成": 1, "闪电": 1, "玩机": 1, "技巧": 1, "试试": 1, "全新": 1, "~": 2, "贴心": 1, "升级": 2, "支持": 1, "识物": 1, "定帧": 1, "定格": 1, "住": 1, "清晰": 1, "卡路里": 1, "独立": 1, "tab": 1, "精确": 1, "呈现": 1, "三大": 1, "营养": 1, "含量": 1, "AR": 1, "拍照": 2, "随心": 1, "切换": 1, "用户": 1, "开放": 1, "此前": 1, "消息": 1, "主打": 1, "搭载": 1, "麒麟980": 1, "处理器": 1, "6GB": 1, "RAM": 1, "摄": 2, "索尼": 1, "IMX498": 1, "后置": 2, "三": 1, "1600万": 2, "2400万": 1, "像素": 1, "指纹": 1, "关心": 1, "开孔": 1, "大小": 1, "大概": 1, "4.5mm": 1, "观感": 1, "不大": 1, "对比": 1, "刘海": 1, "占比": 1, "92%": 1, "美国": 1, "找": 1, "盟友": 1, "围堵": 1, "5G": 2, "规格": 1, "算": 1, "到底": 1, "厉害": 1, "台湾": 2, "媒体": 1, "报道": 1, "喜欢": 1, "同胞": 1, "吹": 1, "听": 1, "劲儿": 1, "笑姐": 1, "标签": 1, "华": 1, "科技": 1}