{"华为": 67, "副总裁": 14, "：": 22, "美国": 27, "技术": 24, "差": 14, "两万五千": 8, "公司": 17, "董事": 3, "陈黎芳": 3, "近日": 4, "员工": 7, "座谈会": 3, "通用": 3, "汽车": 3, "、": 37, "波音": 3, "因特尔": 3, "大型": 3, "企业": 8, "加上": 4, "普林斯顿": 3, "哈佛": 3, "耶鲁": 3, "斯坦福": 3, "伯克利": 4, "加州": 5, "理工": 6, "麻省": 3, "芝加哥": 3, "哥伦比亚": 3, "大学": 8, "才": 9, "综合国力": 3, "支柱": 3, "骄傲": 3, "本钱": 3, "强大": 4, "原因": 4, "30年": 3, "奋力": 3, "追赶": 3, "距离": 5, "十万八千": 3, "远": 5, "二万五千": 3, "O华": 5, "任正非": 5, "高调": 3, "宣扬": 1, "5G": 34, "微波": 9, "回": 1, "接受": 3, "央视": 16, "采访": 2, "宣称": 1, "全球": 7, "第一": 3, "西方": 1, "国家": 5, "肯定": 1, "买": 4, "傻": 1, "传遍": 1, "宣言": 1, "太": 1, "密集": 1, "研究": 4, "心得": 1, "国际": 2, "电信": 3, "联盟": 1, "规划": 1, "2020年": 2, "时代": 2, "中国": 13, "项": 3, "得天独厚": 1, "优势": 3, "光纤": 4, "骨干网": 1, "接入网": 1, "遍布": 1, "全国": 3, "接入率": 1, "遥遥领先": 1, "网络": 11, "铺设": 3, "提供": 2, "基础": 1, "地广人稀": 1, "土地": 1, "私有化": 1, "困难": 1, "未来": 4, "信号": 1, "回传": 4, "很": 3, "手绘": 1, "知识点": 1, "关键": 2, "简单": 1, "基站": 2, "运营商": 1, "总部": 1, "信息": 3, "传输": 2, "唯一": 1, "替代": 1, "措施": 1, "传统": 3, "通信": 1, "不便": 1, "电缆": 1, "地方": 1, "行业": 2, "没落": 1, "几十": 1, "研究所": 2, "3": 1, "米兰": 1, "所长": 1, "欧洲": 1, "标准": 1, "协会": 1, "毫米": 1, "波": 1, "规范组": 1, "主席": 1, "全世界": 1, "招大牛": 1, "服务": 3, "牛逼": 1, "！": 7, "瞄": 1, "方向": 1, "集智": 1, "攻关": 1, "持续": 1, "多年": 3, "原有": 1, "载波": 1, "解决": 1, "频率": 1, "带宽": 3, "抗": 1, "径": 1, "衰落": 1, "数字化": 4, "IP化": 1, "几十Mbp": 1, "s速率": 1, "提升": 2, "10": 1, "Gbps": 1, "方式": 1, "军校": 1, "工作": 1, "熟悉": 1, "微波通信": 2, "理解": 1, "绝然": 1, "2018年": 2, "巴塞罗那": 2, "大会": 1, "一鸣惊人": 1, "考察": 1, "一家": 1, "高度": 1, "4": 1, "外媒": 1, "谈": 1, "犯傻": 1, "充足": 1, "底气": 1, "澄清": 11, "未": 9, "发表": 9, "美": 7, "差距": 6, "相关": 6, "文章": 4, "针对": 3, "传播": 3, "文": 3, "称": 3, "表述": 3, "特此": 3, "​": 15, "歌手": 1, "摩登": 4, "兄弟": 8, "刘": 3, "宇宁": 3, "/": 3, "摩登": 2, "老大": 1, "开屏": 4, "抖音": 1, "今日": 1, "头条": 1, "火山": 1, "视频": 14, "音乐": 2, "首页": 1, "荣耀": 6, "手机": 13, "自带": 3, "桌面": 2, "推送": 2, "系统": 3, "想象": 1, ")": 3, "湖南台": 1, "天天": 1, "转呐": 1, "包围": 1, "@": 7, "MD_摩登": 2, "K不求-MD": 1, "出门": 1, "购物": 1, "忽然": 1, "想": 7, "吃": 3, "灌汤": 2, "小笼": 1, "夸口": 1, "都": 11, "找": 1, "普林大千": 1, "美食": 1, "林": 1, "好吃": 3, "包": 1, "来不及": 1, "呼朋引伴": 1, "顺路": 1, "拐": 1, "进去": 1, "一个": 3, "干掉": 1, "屉": 4, "听": 2, "讨论": 2, "签证": 1, "政治": 2, "个体": 1, "影响": 1, "预料": 1, "疯": 1, "害怕": 1, "P.": 1, "S:": 1, "刚刚": 2, "回来": 1, "路上": 1, "师妹": 1, "打电话": 1, "Edison": 1, "带": 1, "笼包": 2, "坐等": 1, "重点": 2, "为啥": 1, "只能": 1, "堂": 1, "外卖": 1, "味道": 1, "不对": 1, "敲": 1, "黑板": 1, "划": 1, "实验室": 5, "师xdjm": 1, "将来": 1, "老": 1, "有人": 1, "宠": 1, "娃哈哈": 1, "电池": 1, "厚道": 1, "旗舰": 1, "99": 1, "元": 1, "🍎": 2, "608": 1, "米奇": 2, "比心": 1, "动物": 1, "世界": 1, "心]": 1, "早上": 1, "开机": 1, "跳": 1, "开心": 1, "笑": 1, "🤣": 1, "🤣🤣": 1, "赞": 1, "CEO": 1, "回应": 3, "996": 1, "工作制": 1, "赞给": 1, "回报": 1, "足够": 1, "张五常": 1, "我辈": 2, "堪比": 2, "上市": 1, "漂亮": 1, "财报": 1, "市场": 1, "缩小": 1, "规模": 2, "生存": 1, "养活": 1, "O张": 1, "五常": 1, "联通": 17, "携手": 3, "京": 1, "开通": 2, "面向": 1, "媒体": 4, "直播": 10, "5G室": 3, "内": 4, "覆盖": 5, "2019年": 3, "春晚": 5, "日益": 1, "临近": 1, "合作": 3, "进展": 1, "历年": 1, "会场": 1, "保障": 3, "伙伴": 1, "联合": 2, "中央": 1, "广播": 1, "电视": 1, "台布": 1, "放": 2, "设备": 8, "1号": 1, "演播厅": 1, "这是": 2, "配合": 1, "超高清": 6, "VR": 4, "室分": 2, "强有力": 1, "周边": 1, "外宏站": 1, "大楼": 2, "协同": 1, "全方位": 2, "支撑": 1, "业务": 11, "新媒体": 4, "采集": 3, "编辑": 2, "环节": 1, "带来": 1, "创新性": 1, "发展": 2, "观众": 2, "延时": 1, "观看": 1, "异地": 1, "现场": 1, "演出": 1, "单位": 1, "建设": 1, "验证": 5, "依托": 2, "北京": 8, "建成": 1, "金融街": 3, "精品": 1, "实验网": 1, "车": 1, "载体": 1, "远端": 1, "车载": 1, "摄像机": 1, "成功": 3, "4K": 4, "画面": 1, "实时": 4, "连续": 1, "1Gbps": 1, "无缝": 1, "道路": 1, "场景": 2, "+": 4, "长安街": 1, "沿线": 1, "街景": 1, "CDN云": 1, "点播": 2, "端到端": 1, "实验": 1, "本次": 1, "标志": 2, "迈出": 1, "走向": 1, "商用": 1, "孵化": 1, "基于": 3, "在线": 3, "低": 1, "时延": 2, "助力": 1, "国家级": 1, "活动": 1, "落地": 1, "呈现": 1, "精彩": 1, "5": 2, "G助力": 1, "微信": 2, "年会": 5, "人手": 1, "1": 1, "顶配": 2, "iPhone": 3, "陌陌": 2, "全员": 1, "耳机": 3, "音箱": 2, "别人家": 1, "季": 1, "土豪": 1, "羡慕": 1, "红包": 2, "礼品": 1, "必不可少": 1, "延续": 1, "发": 3, "苹果": 3, "每人": 1, "抽": 2, "定制版": 1, "福袋": 1, "配齐": 1, "手表": 1, "跳槽": 1, "老板": 2, "联播L": 1, "联播": 1, "秒拍": 3, "网上": 1, "同学": 1, "朋友圈": 1, "大奖": 2, "换成": 1, "Mate20": 3, "iPhoneXSMax": 1, "所在": 1, "春节": 1, "期间": 1, "957": 1, "客户": 1, "中心": 1, "营业": 1, "客服": 1, "7*24": 1, "小时": 1, "王毅": 2, "各国": 4, "勿": 2, "莫须有": 3, "借口": 3, "打压": 4, "新华社": 1, "报道": 2, "前天": 1, "结束": 1, "法国": 1, "意大利": 1, "行前": 1, "访问": 1, "证据": 1, "情况": 1, "动用": 1, "力量": 2, "抹黑": 1, "打击": 1, "特定": 1, "做法": 1, "公正": 1, "不道德": 1, "权利": 1, "维护": 1, "幌子": 1, "损害": 1, "扼杀": 1, "正当": 1, "合法": 1, "经营": 1, "呼吁": 1, "警惕": 1, "抵制": 1, "霸凌": 1, "行径": 1, "O王": 1, "毅促": 1, "一键": 1, "搞定": 1, "外文": 1, "邮件": 2, "轻松": 1, "翻译": 1, "全文": 1, "秘密": 1, "_____": 1, "L华": 1, "终端": 5, "官方": 2, "言论": 2, "官微": 1, "闲鱼": 3, "统计": 1, "地区": 2, "爱": 5, "品牌": 1, "东三省": 1, "山东": 1, "云南": 1, "西藏": 1, "；": 1, "东南": 1, "沿海": 1, "中西部": 1, "两广": 1, "小米": 1, "四川": 1, "…": 1, "锤子": 1, "TA": 1, "晚安": 1, "大热": 1, "知否": 3, "主题曲": 1, "小云": 2, "单曲": 1, "循环": 1, "古风": 1, "歌曲": 2, "真的": 2, "近期": 1, "宝藏": 1, "～": 1, "收藏": 1, "评论": 2, "推荐": 1, "随机": 1, "送出": 1, "听话": 1, "撤": 1, "政府": 2, "资金": 3, "被迫": 2, "拆除": 2, "路透社": 1, "日前": 1, "分校": 2, "会议": 1, "欧文": 1, "更换": 1, "台": 1, "制造": 1, "音频": 1, "远离": 1, "去年": 3, "8月": 2, "特朗普": 1, "签署": 1, "国防": 1, "授权": 1, "法案": 3, "禁止": 1, "联邦": 2, "受助者": 1, "中兴": 1, "生产": 1, "遵守": 1, "经费": 1, "资讯": 1, "点评": 1, "利用": 1, "商业": 1, "竞争": 1, "遏制": 1, "赤裸裸": 1, "政治经济学": 1, "经济": 3, "国人": 1, "自强": 1, "努力": 1, "国产": 2, "芯片": 4, "端": 1, "端验证": 1, "核心网": 1, "承载网": 1, "无线": 1, "现网": 2, "运行": 1, "1月": 1, "24日": 1, "发布": 2, "性能": 1, "巴龙": 2, "5000": 2, "案例": 1, "元器件": 1, "突破": 1, "确保": 1, "北京市": 1, "产业": 2, "布局": 1, "先发": 1, "陆续": 1, "示范区": 1, "首钢": 1, "示范": 1, "园区": 2, "亦庄": 1, "开发区": 1, "海淀": 1, "稻香湖5G": 1, "驾驶": 1, "实验区": 2, "超大": 1, "超低": 1, "超高": 1, "可靠": 1, "理论": 1, "2Gbps": 1, "行峰": 1, "值速率": 1, "支持": 1, "超宽带": 1, "时光": 1, "匆匆": 1, "生命": 1, "美好": 1, "也许": 1, "正是": 1, "在于": 1, "留住": 1, "岁月": 1, "带给": 1, "份": 1, "感动": 1, "拍摄于": 1, "西安": 2, "浐灞": 1, "生态区": 1, "欧亚": 1, "论坛": 1, "永久": 1, "会址": 1, "锦江": 1, "酒店": 1, "你好": 1, "生活": 1, "影像": 1, "成诗": 1, "摄影": 1, "陕西省": 1, "文化": 2, "旅游厅": 1, "华": 1, "晨宇": 2, "#华": 1, "王牌": 2, "挖坟": 1, "小华": 1, "小学": 1, "耳钉": 2, "黑猫": 1, "警长": 1, "耳": 1, "(": 2, "老鼠": 1, "好酷": 1, "记者": 1, "姐姐": 1, "可爱": 2, "🌸": 1, "🌸挠": 1, "挠头": 1, "额": 1, "……": 1, "早期": 1, "见识": 1, "华晨": 2, "宇": 1, "520": 1, "酷": 1, "宇盘": 1, "座": 1, "城": 1, "L": 1, "碗": 1, "甜鸦mer": 1, "红米": 1, "note7": 1, "吊": 1, "P20Pro": 1, "问问": 1, "脸": 1, "静静": 3, "]​": 1, "送": 1, "产品": 1, "Mate20pro保": 1, "时捷": 1, "面子": 1, "很多": 2, "普惠": 1, "项目": 1, "huaweiwatchGT": 1, "记住": 1, "时间": 1, "扬帆": 1, "远行": 1, "加油": 1, "·": 1, "富力": 1, "城​": 1, "群里": 1, "粉丝": 1, "聊天": 1, "感叹": 1, "纵观": 1, "国内": 2, "厂商": 4, "不得不": 1, "承认": 1, "事实": 1, "——": 1, "领先": 1, "软硬件": 1, "积累": 1, "上马": 2, "快": 1, "远远": 1, "走": 1, "关注": 1, "对象": 1, "三星": 1, "对手": 1, "举例": 1, "屏下": 1, "镜头": 1, "最先": 1, "量产": 1, "40W快充": 1, "拍照": 2, "很快": 1, "下放": 1, "中端": 2, "系列": 1, "水平": 1, "液冷": 1, "散热": 1, "高端": 1, "速度": 1, "钱": 1, "行动力": 1, "眼光": 1, "干": 1, "赢华": 1, "五": 1, "黄金": 1, "山川": 1, "海洋": 1, "飞鸟": 1, "鱼": 1, "云海": 1, "数据": 1, "孤岛": 1, "云#": 1, "ROMA": 1, "联接O": 1, "网页": 1, "链接": 1, "厉害": 1, "年前": 1, "吐槽": 2, "科技": 1, "居然": 1, "键盘": 1, "鼠标": 1, "旧": 1, "像是": 1, "上淘": 1, "亲自": 1, "签发": 1, "工资": 1, "年终奖": 2, "人均": 2, "分红": 1, "27万": 1, "24": 1, "月工资": 1, "蛮": 1, "勤俭节约": 1, "闲置": 1, "物品": 1, "卖": 1}