{"余承东": 11, "：": 24, "华为": 75, "开发": 15, "自有": 15, "操作": 20, "系统": 28, "以防": 7, "外媒": 4, "报道": 3, "称": 5, "消费者": 4, "业务": 3, "CEO": 3, "@": 7, "公司": 6, "智能": 5, "手机": 14, "电脑": 2, "美国": 11, "科技": 9, "巨头": 4, "不再": 5, "授权": 5, "现有": 5, "Android": 5, "Windows": 3, "首选": 3, "知情": 2, "人士": 3, "2012年": 4, "O余": 2, "承东": 2, "​": 19, "故宫": 16, "博物院": 8, "合作": 9, "打造": 7, "5G": 19, "智慧": 7, "3月": 7, "15日": 2, "签署": 2, "战略": 2, "协议": 2, "示范": 2, "、": 17, "建设": 4, "院区": 2, "举办": 2, "人工": 2, "大赛": 3, "进一步": 2, "推动": 3, "数字化": 2, "信息化": 2, "智慧化": 2, "单霁翔": 2, "院长": 2, "＂": 2, "600": 2, "岁": 2, "从未": 2, "插": 2, "翅膀": 2, "畅想": 2, "未来": 4, "O故宫": 2, "一见倾心": 1, "遇见": 1, "玺": 3, "美好": 2, "TFBOYS": 1, "易烊": 3, "千玺": 3, "商城": 3, "318": 1, "周年": 1, "庆": 1, "送": 2, "祝福": 2, "！": 12, "潮品": 1, "生活": 1, "期待": 2, "~O": 1, "网页": 1, "链接": 2, "关注": 1, "+": 1, "转发": 2, "抽": 1, "烊": 1, "千": 2, "大礼包": 1, "1": 1, "L华": 3, "视频": 10, "x易烊": 1, "NOVA": 1, "3一月": 1, "出货": 1, "200万": 1, "火爆": 1, "背后": 1, "出力": 1, "七夕": 1, "到来": 1, "推出": 1, "相思红": 1, "定制": 2, "借势": 1, "四": 1, "字": 1, "弟弟": 1, "首档": 1, "纪录片": 1, "千玺拾": 1, "贰画": 1, "场": 3, "内容": 2, "营销": 2, "社交": 1, "媒体": 4, "粉丝": 1, "瞬间": 1, "引爆": 1, "..": 1, "L明星": 1, "奇迹​": 1, "任正非": 15, "孟晚舟": 16, "被捕": 7, "原本": 6, "想": 9, "辞职": 7, "开心": 8, "14日": 4, "播出": 4, "加拿大": 7, "CTV": 7, "采访": 8, "一个": 6, "工作": 6, "这次": 6, "事情": 3, "女儿": 4, "关系": 3, "紧密": 3, "擅长": 3, "管理": 3, "技术": 3, "背景": 3, "接管": 3, "老板": 2, "联播L": 1, "联播": 3, "": 1, "王": 1, "子异": 2, "牛": 1, "!": 1, "支持": 2, "明星": 1, "王子异": 1, "品牌": 1, "关联": 1, "热度": 1, "很": 1, "🔥": 1, "点赞": 1, "👍​": 1, "扣前": 2, "事件": 3, "父女": 2, "感情": 3, "接受": 3, "专访": 3, "面对": 1, "电视台": 1, "镜头": 1, "谈": 1, "小时": 1, "透露": 5, "后者": 1, "扣留": 1, "反而": 1, "出事": 1, "原因": 2, "干": 1, "路透社": 1, "都": 2, "独家": 1, "深圳": 1, "总部": 1, "节选": 1, "请": 1, "点击": 1, "O": 4, "深L": 1, "环球网": 1, "北约": 11, "欧洲": 5, "司令": 5, "威逼": 2, "德国": 13, "切断": 2, "军事": 3, "通信": 2, "上周": 1, "表态": 2, "不禁": 1, "驻德": 1, "大使": 1, "竟": 1, "情报": 1, "共享": 1, "威胁": 2, "议员": 1, "回怼": 1, "指手画脚": 1, "如今": 1, "防卫": 1, "做文章": 1, "盟军": 2, "美军": 1, "柯蒂斯·斯卡帕罗蒂": 1, "CurtisScaparrotti": 1, "近日": 2, "警告": 1, "国防": 2, "通讯": 6, "部队": 1, "中断": 1, "德军": 2, "今日": 1, "全球": 5, "知名": 1, "第三方": 1, "检测": 1, "检验": 1, "认证": 1, "机构": 4, "莱茵": 2, "TÜV": 2, "颁发": 2, "CE证书": 2, "标志": 2, "HUAWEIMateX": 2, "测试": 3, "评估": 2, "首款": 2, "欧盟": 2, "公告": 2, "认可": 3, "感谢": 1, "权威": 1, "持续": 1, "产业": 1, "成熟": 1, "发展": 2, "提供": 2, "体验": 2, "服务": 1, "L老板": 2, "采用": 6, "停止": 2, "历史": 1, "哨声": 1, "特朗普": 2, "政府": 5, "致函": 1, "禁止": 1, "发声": 1, "军队": 2, "统帅": 1, "暨": 1, "司令部": 1, "斯卡帕罗蒂": 2, "回答": 1, "众议院": 1, "委员会": 1, "提问": 1, "做出": 1, "透过": 1, "默克尔": 1, "压力": 1, "~~~评": 1, "回想": 1, "联想": 1, "去年": 1, "解释": 1, "投票": 1, "理由": 1, "『": 1, "国界": 1, "』": 1, "讽刺": 1, "本月": 1, "即将": 2, "巴黎": 3, "发布": 2, "P30": 3, "首次": 1, "大规模": 1, "三星": 5, "AMOLED": 2, "屏幕": 3, "谍照": 1, "曲面屏": 1, "信息": 1, "吻合": 1, "花": 1, "极大": 1, "(": 2, "诚": 1, "jia": 1, ")": 1, "意（ge": 1, "终于": 1, "打动": 2, "BOE": 1, "LGD": 1, "万能": 1, "备胎": 1, "。。": 1, "回": 1, "带沟": 1, "只能": 1, "拭目以待": 1, "有事": 1, "没事": 1, "缺": 1, "缺货": 1, "偷情": 1, "规划": 2, "P": 1, "mate": 1, "全线": 1, "Amoled": 1, "喜欢": 1, "享受": 1, "每次": 1, "按下": 1, "快门": 1, "定格": 1, "世界": 3, "26日": 2, "法国": 2, "RewriteThe": 1, "Rules": 1, "见证": 1, "摄影": 2, "突破": 1, "评论区": 1, "PC": 1, "西方": 1, "企业": 1, "启用": 1, "据悉": 1, "研发": 1, "戳": 1, "此文": 1, "一千万": 2, "Mate20": 3, "系列": 2, "功能": 2, "做好": 2, "B": 2, "计划": 5, "意在": 1, "谷歌": 1, "替代品": 1, "指": 1, "启动": 2, "距离": 1, "夏天": 1, "70": 1, "减肥": 1, "安排": 1, "手环": 1, "终端": 1, "官方": 1, "开腔": 2, "立场": 2, "评判": 2, "产品": 3, "CNN": 1, "加紧": 1, "说服": 1, "盟国": 1, "无线": 1, "网络": 1, "禁用": 1, "电信": 2, "设备": 2, "否认": 1, "风险": 1, "呼吁": 1, "证据": 1, "支撑": 1, "声明": 1, "创始人": 2, "制造商": 1, "遭受": 1, "公平": 1, "对待": 1, "Mate20Pro": 1, "性能": 1, "对比": 1, "小米": 2, "9": 1, "才": 3, "安卓": 1, "旗舰": 1, "机皇": 1, "L搞机": 1, "侠客": 1, "影像": 5, "致力于": 1, "用户": 1, "受益": 1, "盛事": 1, "包括": 1, "影赛": 1, "大师": 1, "班": 1, "学院": 1, "活动": 1, "昨天": 1, "著名": 1, "玛格南": 1, "图片社": 1, "合办": 1, "第一": 1, "大师班": 1, "玛格": 1, "南": 1, "顶级": 1, "摄影师": 1, "现场": 1, "100多": 1, "专业": 1, "分享": 1, "魅力": 1, "本月底": 1, "2019年": 1, "踊跃": 1, "参赛": 1, "改写": 1, "规则": 1, "如约而至": 1, "离职": 1, "上班": 1, "打电话": 1, "聊天": 1, "透漏": 1, "本来": 1, "打算": 1, "离开": 1, "有人": 1, "劝劝": 1, "肯定": 1, "充满": 1, "舒服": 1, "L见闻": 1, "企业家": 1, "​​​": 1, "P30/P30": 1, "Pro": 1, "据说": 1, "诚意": 1, "质量": 1, "via.摩卡": 1, "场景": 1, "灯光": 1, "人脸": 1, "拍照": 3, "提出": 1, "挑战": 2, "全新": 1, "自动化": 1, "实验室": 1, "昨日": 1, "刚刚": 1, "nova4e": 1, "独立": 1, "颜值派": 1, "实力派": 1, "详情": 1, "开发者": 1, "联盟": 1, "秒拍": 1, "迫不得已": 2, "用来": 1, "限于": 1, "情况": 1, "始终": 1, "顺利": 1, "史上": 1, "苹果": 1, "核心": 1, "供应商": 1, "大盘点": 1, "收藏": 1, "备用": 1}