{"nova": 4, "1.25亿": 1, "nova星人": 1, "全球": 3, "代言人": 1, "@": 6, "TFBOYS": 9, "易烊": 7, "千玺": 4, "一同": 1, "见证": 1, "精彩": 4, "华为": 57, "6": 2, "L华": 3, "终端": 3, "官方": 4, "视频": 16, "​": 21, "美国": 8, "人急": 2, "：": 9, "故意": 3, "暗示": 1, "5G": 5, "强硬": 1, "措施": 1, "英国": 11, "首相": 11, "约翰逊": 9, "手机": 12, "自拍": 9, "照片": 1, "发布": 1, "社交": 2, "媒体": 6, "账户": 1, "——": 2, "天空": 1, "新闻网": 1, "5日": 3, "报道": 4, "针对": 1, "带来": 1, "国家": 2, "风险": 1, "所属": 1, "保守党": 1, "人士": 1, "解释": 3, "本人": 1, "借用": 1, "工作": 1, "人员": 1, "福布斯": 1, "网站": 3, "关注": 1, "一个": 5, "此举": 1, "有意": 1, "无意": 1, "评论": 1, "称": 1, "如果说": 1, "、": 6, "意在": 1, "引发": 1, "议论": 1, "奇怪": 1, "无心": 1, "当下": 1, "政治": 1, "环境": 1, "太": 7, "拥有": 1, "公开": 1, "理所当然": 1, "员工": 3, "很": 6, "遗憾": 1, "Mate30": 1, "后者": 1, "展示": 1, "功能": 1, "创新": 2, "O": 1, "错过": 2, "发布会": 8, "分钟": 2, "带": 2, "回顾": 2, "nova6": 3, "系列": 2, "新品": 2, "前华": 2, "谈": 2, "李洪元": 2, "251": 4, "事件": 6, "抽丝剥茧": 2, "方式": 2, "分析": 2, "此次": 2, "海外": 4, "势力": 2, "幕后": 2, "运作": 2, "L上帝": 1, "鹰_5zn": 2, "才": 1, "监听": 1, "苹果": 3, "三星": 3, "国内": 1, "蠢货": 1, "打击": 1, "不仅仅": 1, "通信": 1, "！": 21, "为啥": 1, "害怕": 1, "民众": 1, "支持": 1, "票": 1, "一大": 1, "笔": 1, "广告费": 1, "多元": 2, "定义": 1, "未来": 2, "上限": 1, "拥抱": 1, "云致力": 1, "产业": 1, "开发者": 1, "提供": 1, "轮子": 1, "云上": 1, "落地": 1, "浪": 1, "登录": 1, "进程": 1, "#​": 1, "改变": 1, "中国": 6, "保释": 2, "制度": 4, "推行": 1, "电子": 3, "脚镣": 3, "传统": 1, "监狱": 1, "执行": 2, "成本": 2, "错判": 1, "赔偿": 1, "高昂": 1, "完善": 1, "可靠": 1, "简单": 2, "经济": 1, "社区": 1, "刑罚": 1, "人性": 1, "各方": 1, "低": 1, "世界": 1, "各国": 1, "成功": 2, "实践": 1, "借鉴": 1, "意义": 1, "带上": 1, "nova65G": 2, "JAN易烊": 1, "现场": 2, "气氛": 1, "棒": 1, "印象": 1, "nova6vlog神器": 1, "提醒": 1, "抢": 1, "红包": 1, "手表": 1, "波": 1, "秀": 1, "四": 2, "字": 3, "弟弟": 2, "颜": 1, "真的": 1, "VLOG": 1, "生活": 1, "宠粉": 1, "计划": 1, "L俊晖": 1, "JAN": 1, "袁莉黑": 1, "袁": 1, "莉吹": 1, "华远": 3, "私企": 2, "越来越": 2, "国企": 2, "……": 2, "唱衰": 1, "": 1, "厨子": 1, "磨刀": 1, "纽约": 2, "时报": 1, "中文网": 4, "民心": 2, "篇": 2, "文章": 1, "，，": 1, "此文": 1, "作者": 1, "网名": 2, "袁莉nyt": 1, "2011": 1, "高铁": 2, "出事": 1, "华尔街": 9, "日报": 9, "主编": 2, "袁莉wsj": 1, "写": 1, "殇": 1, "这位": 1, "袁莉": 4, "常驻": 1, "北京": 3, "新华社": 2, "驻": 2, "国际": 3, "新闻": 3, "编辑": 2, "专栏": 2, "作家": 2, "电信业": 2, "记者": 3, "2004年": 1, "担任": 1, "泰国": 1, "老挝": 1, "阿富汗": 1, "驻外": 1, "就读于": 1, "哥伦比亚": 1, "大学": 2, "乔治·华盛顿": 1, "关系": 1, "硕士": 1, "学位": 1, "2008年": 1, "回国": 1, "负责": 2, "急": 1, "华求": 1, "狗": 1, "粮": 1, "毕竟": 1, "美帝": 1, "跳跳": 1, "不对": 1, "长": 1, "华人": 1, "面孔": 1, "屁股": 1, "坐": 2, "太平洋": 1, "对岸": 1, "实力": 1, "带货": 1, "英": 3, "节目": 5, "鲍里斯·约翰逊": 1, "接受": 1, "独立": 1, "电视台": 1, "采访": 1, "主持人": 1, "合影": 1, "图片": 1, "显示": 1, "拍照": 2, "外观": 1, "确认": 1, "手中": 1, "P20Pro": 1, "安哥": 1, "嘴": 1, "诚实": 1, "L": 3, "魔王": 1, "冬天": 1, "想到": 1, "大雪": 1, "纷飞": 1, "景象": 1, "睫毛": 1, "都": 5, "打上": 1, "白白": 1, "软软": 1, "霜": 1, "简直": 1, "美": 1, "~": 3, "可惜": 1, "雪": 1, "画": 2, "楚楚": 1, "冻人": 1, "冬日": 1, "雪花": 1, "妆": 2, "快": 1, "GET": 1, "❄​": 1, "免费": 1, "广告": 1, "341/365": 1, "|": 1, "路過": 1, "東莞": 1, "舊城": 1, "區": 1, "隨手": 1, "拍": 1, "ShotonHUAWEIMate30Pro2": 1, "东莞": 1, "上帝": 1, "​​​": 1, "金": 2, "南": 2, "教授": 1, "内部": 1, "演讲": 1, "将军": 1, "(": 1, "略长": 1, "🐎": 1, ")": 1, "L步军": 1, "统领": 1, "重点": 1, "仔细": 1, "听": 1, "9s": 1, "头": 1, "撞": 1, "车门": 1, "哈哈哈": 1, "千": 5, "玺": 5, "缺": 1, "揉": 1, "揉头": 1, "带🔗": 1, "互评": 1, "yyqxszddqzh四": 1, "粉丝yyqx": 1, "中戏": 2, "yy": 3, "qx": 8, "第一": 1, "yq": 2, "x帅yyqx": 1, "可爱": 1, "yyqx甜yyqx": 1, "优秀": 1, "yyqx苏yy": 1, "舞蹈y": 1, "x华为yyq": 1, "x天猫yy": 1, "短发yy": 1, "硬照yyqx": 1, "千禧龙yy": 1, "舒适圈yyqx": 1, "对不起yy": 1, "歌": 1, "少年": 1, "优益": 1, "Cyyqx": 1, "百草味": 1, "​​": 2, "​易": 1, "烊": 1, "cr.L": 1, "喵星人": 1, "LQ": 1, "秒拍": 1, "讲座": 1, "冷战": 1, "L武力": 1, "统一": 1, "价格": 1, "买": 2, ".": 1, "从没": 1, "平台": 1, "骂": 1, "热搜": 1, "降": 1, "请": 1, "aqy": 1, "给出": 1, "道歉": 2, "王俊凯": 3, "压缩": 2, "行程": 2, "改": 1, "航班": 2, "王源": 2, "特意": 1, "国外": 2, "回来": 4, "倒": 2, "时差": 3, "结束": 3, "公然": 1, "溜粉": 1, "今日": 1, "一问aqy": 1, "倒闭": 1, "爱奇艺": 4, "长沙": 2, "·": 1, "县​": 1, "尖叫": 2, "夜": 2, "晚上": 1, "压轴": 1, "砍": 5, "三": 1, "tfboys": 1, "王": 1, "俊凯": 1, "改签": 1, "王源倒": 1, "打算": 1, "直播": 1, "画面": 1, "糊": 1, "算了": 1, "肖战": 1, "竟然": 1, "出场": 1, "几十": 1, "秒": 1, "蜜汁": 1, "操作": 1, "■": 1, "welearn": 2, "外网": 2, "时讯": 2, "◆SKYNEWS": 1, "大型": 1, "真香": 1, "刚": 1, "踢出": 1, "网络": 1, "多久": 1, "转头": 1, "开心": 2, "香": 2, "薯条": 1, "炸鱼": 1, "welearn": 1, "双语": 1, "素材库": 1, "决战": 1, "考研": 1, "P30Pro": 2, "Mate30Pro": 2, "选": 2, "台下": 1, "等到": 1, "散场": 1, "气愤": 1, "难道": 1, "飞机": 1, "故障": 1, "差点": 1, "人命": 1, "王源重": 1, "感冒": 1, "请假": 1, "连轴": 1, "转华": 1, "五六": 1, "小时": 1, "观众": 1, "过分": 1, "话筒": 1, "个例": 1, "案子": 1, "网上": 1, "沸腾": 1, "否定": 1, "扯": 1, "BBC": 2, "放": 1, "鸽子": 1, "纪录": 1, "短片": 1, "中西合璧": 1, "讲述": 1, "2000年": 1, "市场": 1, "拓展": 1, "故事": 1, "研发": 2, "中心": 1, "建立": 1, "消费者": 1, "业务": 1, "发展": 1, "IT": 1, "数码": 1, "排行榜": 1, "引入": 1, "IPD": 1, "作用": 2, "系统": 1, "后续": 1, "群起": 1, "学习": 1, "工业": 1, "厂家": 1, "产品": 1, "质量": 1, "管理": 1, "打通": 1, "任督": 1, "二脉": 1, "IBM": 3, "顾问": 1, "时薪": 1, "680": 1, "美元": 1, "那时候": 1, "工资": 1, "5000多": 1, "据说": 1, "报价": 1, "对半": 1, "一分钱": 1, "感动": 1, "全力以赴": 1, "LHW前HR": 1, "公司": 1, "成立": 1, "🇨🇳": 2, "1987年": 1, "🇺🇸": 7, "戴尔:1984年": 1, "联想": 1, "1984年": 1, "1976年": 1, "微软": 1, "1975年": 1, "英特尔:1968年": 1, "🇯🇵": 5, "索尼": 1, "1946年": 1, "惠普": 1, "1939年": 1, "🇰🇷": 1, "1938年": 1, "摩托罗拉": 1, "1928年": 1, "松下": 1, "1918年": 1, "IBM:1911年": 1, "日立": 1, "1910年": 1, "任天堂": 1, "1889年": 1, "东芝": 1, "1875年": 1, "🇫🇮": 1, "诺基亚:1865年": 1, "川普": 1, "代言": 2, "显得": 1, "微不足道": 1, "!": 1, "希望": 1, "紧张": 1, "复习": 1, "!​": 1}