{"美方": 30, "苦口婆心": 30, "劝说": 30, "盟友": 30, "华为": 70, "签约": 15, "5G": 19, "耿爽": 30, "：": 20, "名字": 30, "听": 30, "扎心": 30, "外交部": 15, "发言人": 15, "介绍": 13, "截至": 14, "6月": 17, "6日": 14, "全球": 20, "30": 15, "国家": 46, "46": 15, "份": 15, "5G商": 15, "合同": 15, "包括": 16, "段": 15, "时间": 16, "欧洲": 15, "L": 12, "央视": 18, "新闻": 17, "酷燃": 13, "视频": 20, "美国": 9, "国务卿": 2, "蓬佩奥": 4, "日前": 4, "接受": 2, "采访": 2, "再次": 2, "称": 8, "中国": 12, "企业": 2, "难保": 2, "信息": 2, "通讯": 5, "技术": 4, "隐私": 2, "数据": 3, "保护": 2, "保证": 2, "驳斥": 2, "走到": 2, "都": 2, "可惜": 2, "言论": 2, "充斥": 2, "谎言": 2, "谬论": 2, "韩晓明": 1, "@": 10, "断供": 1, "谷歌": 2, "后悔": 2, "曝": 3, "取消": 2, "禁令": 2, "理由": 3, "清新": 2, "脱俗": 2, "8日": 2, "援引": 1, "金融": 2, "时报": 1, "消息": 5, "Google": 3, "官方": 5, "努力": 1, "延期": 1, "豁免": 2, "人士": 2, "游说": 1, "特朗普": 1, "政府": 1, "出口": 1, "禁止令": 1, "进一步": 1, "延迟": 1, "实施": 1, "给出": 1, "最新": 1, "安卓": 3, "更新": 1, "风险": 1, "O断": 1, "供华": 1, "响亮": 1, "枪": 1, "鸿蒙": 17, "系统": 18, "运行": 3, "速度": 3, "超安卓": 2, "越来越": 1, "！": 4, "阿里": 1, "腾讯": 5, "百度": 1, "巨头": 2, "发力": 1, "生态圈": 1, "注入": 1, "股": 1, "活力": 1, "据悉": 1, "QQ": 1, "团队": 2, "EMUI": 1, "成立": 1, "联合": 1, "组织": 1, "小米": 5, "OV": 1, "厂商": 3, "派出": 1, "人员": 2, "实测": 3, "显示": 1, "快": 2, "60％": 1, "业内": 1, "猜测": 1, "首次": 1, "搭载": 2, "P40": 1, "手机": 6, "注册": 4, "商标": 5, "预计": 1, "自研": 2, "四季度": 1, "推出": 4, "9日": 1, "外媒": 2, "范畴": 1, "操作": 3, "程序": 2, "、": 18, "计算机": 1, "软件": 1, "基本上": 1, "印证": 1, "此前": 1, "说法": 1, "L新京报": 1, "秒拍": 5, "​": 9, "喷": 1, "罗": 1, "玉凤": 1, "封号": 1, "鼓": 1, "公司": 5, "HUAWEIC": 1, "ENTRAL": 1, "确认": 1, "提交": 1, "HongMeng": 1, "申请": 1, "加拿大": 1, "墨西哥": 1, "西班牙": 1, "OPPO": 2, "VIVO": 2, "科技": 1, "纷纷": 1, "老板": 2, "联播L": 1, "联播": 1, "灵动": 1, "潮美": 1, "感受": 1, "nova星人": 3, "青春": 2, "张扬": 3, "这次": 1, "nova": 1, "专属": 3, "icon": 3, "带来": 1, "惊喜": 1, "期待": 1, "nova5": 3, "发布会": 1, "L华": 4, "终端": 4, "人民": 1, "日报": 1, "奇幻": 1, "秘境": 1, "自由": 1, "肆意": 2, "多元": 2, "浪潮": 2, "尊重": 2, "真实": 2, "绽放": 2, "热力": 1, "来袭": 2, "猜猜": 1, "呈现": 2, "L央视": 1, "封杀": 1, "第22": 1, "打出": 1, "强绝": 1, "反杀": 1, "首测": 1, "60%": 1, "完善": 1, "放弃": 1, "投进": 1, "怀抱": 1, "本次": 1, "Vogue": 3, "Film": 3, "时装": 2, "电影": 2, "盛典": 1, "联手": 1, "未来": 1, "影像": 1, "第一": 3, "拍摄": 2, "P30": 2, "Pro零": 1, "摄裸机": 1, "来宾们": 1, "欣赏": 1, "这部": 1, "陈冲": 1, "赵薇": 1, "周冬雨": 1, "演绎": 1, "刘雨霖": 1, "导演": 1, "执导": 1, "短片": 1, "生命": 1, "现场": 2, "Pro": 1, "捕捉": 1, "精彩": 1, "瞬间": 1, "制裁": 1, "一个": 4, "下手": 1, "支付宝": 1, "微信": 2, "支付": 2, "体系": 1, "影响": 1, "远": 1, "超过": 1, "华裔": 1, "餐厅": 1, "收": 1, "人民币": 1, "钱": 2, "交税": 1, "服务": 1, "贸易": 1, "收入": 1, "税": 1, "交给": 1, "动手": 1, "迟早": 1, "干": 1, "情况": 1, "痛苦": 1, "非洲": 2, "---------O": 1, "网页": 1, "链接": 1, "开启": 1, "建设": 3, "站点": 2, "优化": 1, "部署": 3, "过程": 2, "面临": 1, "2.6G": 1, "频谱": 2, "重耕": 1, "准入": 1, "流程": 1, "基站": 1, "配套": 1, "资源": 1, "匮乏": 1, "诸多": 1, "挑战": 1, "为此": 1, "提出": 1, "价值": 1, "最大化": 4, "站址": 1, "优势": 1, "网络": 4, "能效": 1, "体验": 1, "原则": 1, "聚焦": 1, "痛点": 1, "全力": 1, "运营商": 1, "高效": 1, "便捷": 1, "建": 1, "站": 1, "姿态": 1, "火热": 1, "助力": 1, "支援": 2, "100万": 1, "台": 1, "安装": 1, "测试": 1, "派": 1, "加紧": 1, "适配": 1, "均": 1, "加上": 1, "四": 2, "世界": 1, "将近": 1, "40%": 1, "市场": 1, "份额": 1, "前途": 1, "无限": 1, "光明": 1, "事儿": 2, "刮目相看": 1, "2011年": 2, "春天": 1, "利比亚": 4, "...": 1, "事情": 1, "爆发": 3, "基地": 1, "班加西": 6, "反对派": 3, "住在": 1, "的黎波里": 3, "执政者": 1, "卡扎菲": 2, "冲突": 1, "直播": 1, "提": 1, "发起": 1, "内战": 2, "地区": 1, "撤离": 1, "公民": 1, "侨民": 1, "成功": 2, "有赖于": 1, "图布鲁克": 1, "支持": 1, "优先": 1, "准许": 1, "船只": 1, "靠岸": 1, "提供": 1, "安保": 1, "整天": 1, "挨炸": 1, "按下不表": 1, "悍然": 1, "留下": 1, "撤": 1, "基础": 1, "设施": 1, "切断": 1, "光缆": 1, "想尽": 1, "办法": 1, "保障": 1, "断断续续": 1, "7月": 1, "14日": 1, "加派": 1, "8月": 1, "22日": 1, "占领": 1, "天下": 1, "包容": 1, "远见": 1, "吃惊": 1}