{"华为": 45, "智能": 3, "助手": 3, "陪": 1, "春节": 3, "期待": 2, "好久": 1, "春晚": 10, "终于": 1, "节目单": 4, "！": 20, "激动": 2, "瞄": 2, "一眼": 2, "发现": 5, "貌似": 3, "看点": 2, "挺": 3, "朋友们": 2, "晚上": 2, "关注": 7, "+": 4, "转发": 3, "节目": 3, "小云": 1, "抽送": 1, "送出": 2, "Mate20": 9, "​": 20, "拜年": 3, "祝": 3, "朋友": 1, "新春": 6, "快乐": 5, "#智": 1, "古人": 1, "过年": 1, "竟然": 2, "玩": 1, "前方": 1, "年兽": 1, "出没": 1, "结局": 1, "万万": 1, "想到": 1, "……": 4, "…": 1, "剧透": 1, "转评": 3, "有趣": 1, "细节": 1, "抽": 5, "粉粉": 1, "畅享": 1, "8e": 1, "手机": 11, "第六": 1, "届": 1, "喜爱": 1, "钟文泽": 1, "杯": 1, "摄影": 2, "大赛": 2, "腊月": 1, "二十九日": 1, "风光组": 1, "入围": 1, "作品": 1, "选播": 1, "这次": 1, "投稿": 3, "同学们": 1, "iPhone": 1, "比例": 1, "三星": 1, "同学": 1, "预期": 1, "感觉": 1, "平时": 1, "用户": 5, "不少": 1, "方法": 1, "条": 1, "置顶": 1, "评论": 2, "世界": 2, "顿": 2, "年夜饭": 3, "细琐": 1, "平凡": 1, "人间": 1, "烟火": 1, "系列": 4, "超级": 1, "微距": 1, "模式": 4, "感受": 1, "细微处": 1, "爱意": 1, "、": 12, "徕卡": 1, "超大": 1, "广角": 1, "收藏": 1, "满屏": 1, "幸福": 2, "带": 2, "话题": 2, "都": 8, "@": 7, "抽奖": 4, "平台": 4, "随机": 2, "送": 4, "全景": 1, "相机": 2, "L华": 3, "终端": 3, "公司": 4, "秒拍": 4, "视频": 5, "祝愿": 1, "安康": 1, "回望": 1, "聚焦": 1, "体验": 1, "开放": 1, "创新": 1, "构筑": 1, "场景": 2, "品质": 1, "智慧": 3, "生活": 1, "打造": 1, "合作": 4, "共赢": 1, "生态": 1, "展望": 1, "未来": 2, "面临": 2, "前所未有": 1, "机遇": 1, "挑战": 1, "以往": 1, "坚定": 1, "慧": 1, "万物": 1, "创": 1, "值": 1, "来临": 1, "之际": 1, "目标": 1, "Mate20Pro": 2, "台": 1, "福利": 1, "五台": 1, "mate20": 1, "辞": 1, "旧岁": 1, "除夕": 3, "辞年": 1, "想想": 1, "源叔": 2, "源氏": 2, "辣条": 1, "辣片": 1, "条件": 2, "老规矩": 1, "艾特": 1, "三": 1, "好友": 1, "好运": 1, "快动": 1, "手指": 1, "L辣条": 1, "易": 1, "烊千玺": 1, "易烊": 3, "千玺": 1, "戴": 1, "假发": 1, "发型": 1, "舞蹈": 1, "绝配": 1, "TFBOYS": 1, "千玺L": 1, "CORONET": 1, "皇冠": 1, "千": 1, "玺": 1, "站": 1, "忙": 1, "发": 1, "祝福": 2, "分屏": 1, "把握": 1, "一刻": 1, "精彩": 1, "除夕夜": 1, "熬到": 1, "_______": 1, "手环B": 1, "3": 2, "青春": 1, "版": 1, "1": 3, "猪年": 2, "简单": 2, "想法": 2, "全世界": 2, "监听": 1, "美国": 4, "超过": 1, "总和": 1, "中国": 2, "正是": 1, "中兴": 1, "国产": 1, "通信": 3, "设备": 2, "才": 1, "保证": 1, "崛起": 1, "网络": 1, "物理": 1, "西方": 1, "替换": 1, "无疑": 1, "虚拟": 1, "偷窃": 1, "机密": 1, "信息": 1, "能力": 2, "O猪年": 1, "员工": 7, "很": 1, "辛苦": 1, "钱": 1, "很多": 3, "分红": 3, "奖金": 1, "50万": 2, "老": 2, "100万": 1, "一家人": 1, "团聚": 1, "热闹": 1, "装下": 1, "最多": 1, "一整桌": 1, "团圆": 1, "完满": 1, "超广角": 1, "统统": 1, "容纳": 1, "万事顺意": 1, "​​​": 2, "前天": 1, "伯克利": 3, "终止": 1, "科研": 2, "最新": 1, "窃取": 1, "技术": 2, "指控": 2, "担心": 1, "中国人": 1, "希望": 2, "事情": 1, "发生": 1, "影响": 2, "美": 1, "校企": 1, "之间": 1, "学术": 2, "交流": 1, "有担当": 1, "公开": 1, "公正": 1, "调查": 1, "事件": 1, "无中生有": 1, "个案": 1, "尽快": 1, "消除": 1, "疑惑": 1, "顾虑": 1, "此事": 1, "一味": 1, "归于": 1, "政府": 3, "打压": 1, "为止": 2, "好像": 1, "正式": 1, "回应": 1, "政治": 1, "压力": 1, "传统": 1, "喜欢": 1, "对着": 1, "干": 1, "正确": 1, "原则": 1, "做为": 1, "学界": 1, "泰斗": 1, "诚信": 1, "知识": 1, "产权": 1, "尊重": 1, "容忍": 1, "伙伴": 1, "教授": 1, "不轨": 1, "质疑": 1, "学校": 1, "停止": 1, "活动": 1, "澄清": 1, "小米": 4, "/": 6, "魅族": 4, "商店": 5, "加载": 3, "异常": 2, "网友": 3, "反馈": 3, "故障": 1, "小编": 1, "手上": 1, "Pro7": 1, "验证": 1, "详情": 1, "点击": 1, "：": 3, "O小米": 1, "客户端": 2, "找": 1, "估计": 1, "客服": 1, "在线": 1, "千万": 1, "下线": 1, "大大们": 1, "～": 1, "今晚": 2, "端": 1, "游戏": 2, "中心": 1, "华为端": 1, "登陆": 1, "樱子": 1, "紧急": 2, "报错": 1, "定位": 1, "所在": 1, "修复": 1, "请": 1, "耐心": 1, "等待": 1, "下～": 1, "再次": 1, "预祝": 1, "新年": 1, "保时捷": 2, "四": 3, "眼": 1, "车灯": 1, "摄像头": 1, "太": 1, "余承东": 1, "华为何": 1, "刚": 1, "福气": 1, "传递": 1, "~": 1, "参与": 1, "集福卡": 1, "赢华": 1, "RS": 1, "设计": 1, "大奖": 1, "戳": 1, "惊喜": 1, "年年": 1, "有为": 1, "#​": 1, "疑似": 2, "自曝": 1, "年终奖": 1, "股票": 2, "轻松": 1, "20万": 2, "名": 1, "社交": 1, "发帖": 1, "股": 1, "收益": 1, "2.61": 1, "元": 2, "合计": 1, "收入": 1, "自称": 1, "跟帖": 1, "拿到": 1, "至少": 1, "百万": 1, "级别": 1, "马上": 1, "冷": 2, "官方": 2, "说出": 2, "真相": 2, "媒体": 1, "实测": 1, "冬天": 1, "低温": 4, "表现": 1, "有口皆碑": 1, "针对性": 1, "研发": 2, "环境": 4, "锂": 1, "电池": 4, "化学": 1, "活性": 1, "下降": 1, "致使": 1, "内阻": 1, "变大": 1, "导致": 3, "整体": 1, "性能": 1, "恶化": 1, "输出": 1, "充足": 1, "电量": 3, "续航": 1, "大幅": 2, "缩短": 1, "研究": 1, "显示": 1, "℃": 1, "锂电池": 1, "释放": 1, "相当于": 1, "常温": 1, "六成": 1, ";": 1, "足够": 1, "瞬时": 1, "电压": 2, "电流": 1, "高频": 1, "难以": 1, "顺畅": 1, "面部": 1, "解锁": 1, "拍照": 1, "措施": 1, "包括": 1, "采用": 1, "4000": 1, "mAh+": 1, "容量": 1, "锂离子": 1, "确保": 1, "轻易": 1, "低于": 1, "工作": 1, "门限": 1, "关机": 1, "类似": 1, "内": 1, "建数": 1, "枚": 1, "温控": 1, "传感器": 1, "多于": 1, "常规": 1, "水平": 1, "冷马上": 1, "启动": 1, "应对": 1, "4": 1, "温度": 1, "三维": 1, "变量": 1, "适配": 1, "方案": 1, "进一步": 1, "提升": 1, "耐寒": 1, "手套": 1, "O": 1, "新画": 1, "顺便": 1, "企划": 1, "预告": 1, "想": 1, "一个": 1, "小华": 1, "主角": 1, "pv": 1, "这是": 1, "第一": 1, "尝试": 1, "力叭": 1, "......": 1, "P30Pro": 1, "摄": 1, "渠道": 1, "服": 1, "炸": 1, "辣鸡": 1, "1/1": 1, "回答": 1, "HaoI_C": 1, "价值": 1, "￥": 1, "81.00": 1, "快": 1, "花": 1, "围观": 1, "~O": 1, "答​": 1, "央视": 1, "联排": 1, "网传": 1, "十几份": 1, "到底": 1, "无意间": 1, "居然": 1, "2019": 1, "波": 1, "稳": 1, "肯定": 1, "错": 1, "猪": 1, "佩奇": 1, "]​": 1, "下载": 1, "百度": 1, "APP": 3, "抢": 1, "红包": 1, "崩溃": 1, "Store": 1, "推广": 1, "崩": 1}