{"纽约": 2, "时报": 7, "记者": 9, "：": 24, "华为": 99, "董事": 4, "外国人": 2, "公司": 10, "财报": 11, "发布会": 4, "美国": 23, "消除": 1, "西方": 5, "政府": 11, "担忧": 4, "轮值": 6, "董事长": 6, "郭": 1, "平则": 1, "回应": 2, "员工": 4, "持股": 2, "拥有": 1, "控制": 1, "很": 5, "管理层": 1, "早年": 1, "都": 10, "成长": 1, "情报": 7, "能力": 4, "秘密": 1, "环球": 5, "英文版": 5, "陈青青": 5, "社评": 2, "谷歌": 8, "中国": 15, "走": 2, "北京": 2, "开设": 1, "一个": 2, "人工": 1, "智能": 2, "研究": 2, "中心": 2, "军方": 1, "激进": 1, "舆论": 1, "批评": 1, "这是": 2, "华盛顿": 1, "致力于": 1, "高科技": 3, "领域": 2, "打压": 2, "例子": 1, "阻止": 2, "盟友": 3, "产品": 5, "扼杀": 1, "企业": 3, "努力": 2, "合作": 2, "浇灭": 1, "市场": 3, "热情": 1, "2010年": 1, "搜索": 1, "业务": 5, "撤出": 1, "价值观": 1, "压力": 6, "迫使": 1, "离开": 2, "为由": 1, "项目": 1, "互联网": 1, "遵守": 1, "法律": 2, "情况": 1, "来华": 1, "信息": 4, "产业": 1, "巨头": 2, "搜集": 4, "义务": 1, "这才": 1, "现实": 1, "O": 1, "首席": 3, "法务官": 3, "上市": 7, "计划": 6, "问及": 1, "缓解": 1, "为首": 1, "国家": 6, "宋柳平": 2, "100%": 2, "股权": 4, "第三方": 2, "组织": 5, "持有": 3, "股份": 2, "​": 13, "吃": 3, "难看": 3, "郭平": 6, "3月": 9, "29日": 6, "年度": 4, "出于": 2, "目的": 2, "心知肚明": 2, "段": 2, "时间": 6, "游说": 2, "5G": 18, "建设": 2, "放弃": 2, "设备": 4, "评论": 2, "外部": 2, "改善": 4, "安全性": 2, "运营": 2, "变得": 2, "停止": 2, "脚步": 2, "高级": 3, "副总裁": 3, "配合": 7, "部门": 3, "外界": 1, "基于": 1, "2018年": 21, "情报法": 1, "相关": 1, "陈黎芳": 4, "再次": 2, "类似": 1, "法案": 2, "、": 18, "澳大利亚": 1, "AA": 1, "通信": 1, "行业": 3, "协助": 1, "当地": 1, "执法": 2, "机构": 3, "震惊": 1, "陈": 1, "黎芳": 1, "失败者": 1, "心理": 1, "竞争": 2, "抹黑": 1, "希望": 1, "——": 1, "​​": 3, "年报": 2, "交出": 1, "份": 3, "成绩单": 1, "！": 8, "面对": 1, "激烈": 1, "持续": 1, "强力": 1, "研发": 20, "创新": 1, "客户": 1, "创造": 1, "价值": 1, "开放": 1, "包容": 1, "态度": 1, "拥抱": 1, "未来": 3, "张语格": 3, "❤️": 1, "语格": 1, "0511": 2, "生日": 3, "快乐": 2, "想不起": 1, "张扬无畏": 1, "梦想": 1, "影子": 1, "身影": 1, "有幸": 1, "相遇": 1, "相伴": 1, "日光": 1, "镀": 1, "成熟": 1, "月华": 1, "增添": 1, "妩媚": 1, "带走": 1, "青涩": 1, "带来": 1, "优秀": 1, "掉": 1, "喜欢": 1, "守护": 1, "本期": 1, "送": 1, "爱": 1, "豆上": 1, "拾柒": 2, "开屏": 2, "主角": 1, "@": 3, "SNH48": 1, "转发": 1, "本条": 1, "即可": 1, "解锁": 1, "当天": 1, "应援": 1, "46": 1, "页": 1, "PPT": 1, "内部": 1, "团队": 1, "晋升": 1, "资格": 1, "标准": 3, "体系": 1, "世界": 1, "管理": 1, "内涵": 1, "干货": 1, "值得": 1, "收藏": 1, "英国": 6, "网络": 12, "发": 2, "报告": 10, "监管": 1, "本周四": 1, "NCSC": 3, "当日": 1, "发布": 8, "最新": 1, "调查": 1, "电信": 1, "运营商": 1, "提高": 1, "技术": 2, "实力": 2, "构建": 1, "水平": 1, "保障": 2, "评估": 5, "公共": 2, "2019年": 1, "称": 3, "未能": 1, "证明": 1, "实质性": 4, "威胁": 2, "提出": 5, "软件": 4, "工程": 2, "发展": 4, "出炉": 2, "未": 3, "做出": 2, "改进": 2, "严肃": 1, "对待": 2, "涉及": 1, "关切": 1, "AngusMcNeice": 1, "闫": 1, "东洁": 1, "视频": 15, "欧阳": 1, "雪": 1, "妍": 1, "L中报": 2, "秒拍": 4, "P30": 4, "这次": 1, "OIS": 5, "效果": 1, "确实": 1, "不错": 1, "添加": 1, "形状": 2, "记忆": 2, "合金": 3, "原理": 1, "镍钛": 1, "做成": 1, "金属": 1, "丝": 1, "25": 1, "微米": 1, "细": 1, "微电流": 1, "加热": 1, "快速": 1, "发生": 2, "形变": 1, "驱动力": 1, "防抖": 1, "模组": 2, "校正": 1, "传统": 2, "装置": 7, "驱动器": 1, "音圈": 1, "马达": 1, "(": 2, "VCM)式O": 1, "IS": 4, "SMA)式O": 1, "VCM-SMA式O": 2, "压": 1, "电式": 1, "步进": 1, "马达式": 1, "优点": 1, "驱动": 1, "速度": 1, "快": 1, "体积": 2, "功耗": 1, "低": 2, "效率": 1, "SMA": 1, "放": 1, "手机": 7, "推动": 2, "减少": 2, "70%": 1, "厚度": 1, "15": 1, "触点": 1, "7": 1, "组装": 2, "简单": 1, "电磁": 1, "干扰": 1, "位置": 1, "传感器": 1, "适合": 1, "大规模": 1, "生产": 1, "早": 2, "哈钦森": 1, "2015年": 1, "找到": 2, "新科": 1, "实业": 1, "有限公司": 1, "专利": 1, "供应链": 1, "联合": 2, "4": 1, "资料": 1, "图片": 1, "。。。": 1, "首次": 4, "集团": 1, "第一": 2, "营收": 4, "来源": 1, "显示": 3, "消费者": 2, "支柱": 1, "全年": 3, "3489亿": 1, "元": 21, "同比": 12, "增长": 13, "45.1%": 2, "占": 6, "48.4%": 1, "土": 1, "澳前": 1, "总理": 1, "特恩布尔": 1, "连续": 1, "当下": 1, "全球": 6, "四": 3, "供应商": 1, "中兴": 3, "北欧": 1, "诺基亚": 4, "爱立信": 1, "五": 2, "眼": 1, "联盟": 1, "特恩": 1, "布尔": 1, "感慨": 1, "态势": 1, "失败": 1, "significantfailure": 1, "川": 1, "约谈": 1, "老大": 1, "当成": 1, "笑话": 1, "盎格鲁撒克逊": 1, "精英": 1, "下一代": 1, "科技": 2, "树": 1, "关键": 1, "借口": 1, "报": 2, "收入": 11, "破": 2, "千亿": 5, "美元": 6, "投入": 7, "远": 2, "超": 7, "A股": 4, "销售": 7, "7212亿": 5, "19.5%": 4, "；": 10, "净利润": 5, "593亿": 6, "25.1%": 6, "费用": 12, "1015亿": 4, "14.1%": 4, "4800亿": 4, "亮点": 3, "1000亿": 2, "板块": 1, "三": 1, "开花": 1, "亮点四：5G": 1, "商用": 1, "落地": 1, "10年": 1, "5": 1, "倍": 1, "参考": 1, "2017年": 1, "3000多": 1, "总计": 3, "5962亿": 1, "通讯": 1, "排进": 1, "3": 1, "O华": 4, "安装": 4, "后门": 4, "外媒": 1, "提问": 1, "索要": 1, "回答": 1, "提供": 2, "领导人": 1, "场合": 1, "澄清": 1, "他国": 1, "Mrwhosetheboss": 1, "Provs": 1, "三星": 1, "S10": 1, "+": 3, "iPhoneXSMax": 1, "拍照": 2, "对比": 1, "测试": 1, "建议": 1, "油管": 1, "4K": 1, "评测": 1, "O网页": 1, "链接": 3, "搬运": 1, "太": 1, "影响": 1, "判断": 1, "LXiao1u": 1, "易烊": 1, "千玺": 1, "易烊": 2, "千玺": 1, "一点": 3, "甜甜": 1, "「": 1, "忙": 1, "选择": 1, "回家": 1, "家里": 1, "9": 1, "猫": 1, "」": 1, "TFBOYS": 1, "千玺yyqx": 1, "字": 2, "弟弟": 2, "yy": 2, "qx": 1, "封面": 1, "x华为yyq": 1, "x帅": 1, "可爱": 1, "净利": 2, "深圳": 1, "总部": 1, "位列": 2, "欧盟": 2, "工业": 2, "投资": 3, "排名": 2, "第五": 2, "超过": 2, "公布": 2, "25%": 1, "朋友圈": 1, "P30Pro": 1, "巴黎": 1, "拍": 2, "样片": 1, "推荐": 1, "｜": 1, "爆料": 1, "猛": 1, "搞垮": 1, "任正非": 1, "老总": 1, "频频": 1, "现身": 1, "手段": 1, "面临": 1, "当年": 1, "……": 1, "联通": 7, "晋入": 1, "山西": 7, "独家": 4, "支撑": 2, "圣火": 2, "采集": 2, "直播": 7, "28日": 2, "芮城": 1, "中华人民共和国": 1, "第二": 1, "届": 1, "青年": 1, "运动会": 1, "仪式": 1, "人类": 1, "180万年": 1, "火": 1, "西侯度": 2, "遗址": 1, "呈现": 1, "全国": 2, "人民": 1, "面前": 1, "演播": 1, "现场": 6, "转播": 3, "无人机": 2, "CPE": 1, "先进": 1, "广播": 1, "电视台": 1, "频道": 2, "均": 1, "联调": 1, "部署": 1, "机位": 1, "高清": 1, "画面": 5, "全流程": 1, "实时": 11, "回传": 1, "固定": 1, "VR": 8, "图像": 1, "拼接": 3, "利用": 1, "流": 2, "推送": 2, "平台": 2, "眼镜": 4, "观众": 2, "观看": 2, "航拍": 1, "空": 1, "传输": 2, "此次": 1, "媒体": 2, "新媒体": 1, "融合": 1, "融": 1, "事业": 1, "纵深": 1, "生动": 1, "实践": 2, "内容": 1, "展示": 1, "小时": 1, "延": 1, "360": 1, "度": 1, "全景": 1, "实景": 1, "演示": 1, "综合": 1, "电视": 1, "天空": 1, "境": 1, "遇见": 1, "布达拉宫": 1, "年收入": 1, "突破": 1, "消息": 1, "今日": 1, "总收入": 1, "汇率": 1, "1070亿": 1, "30年": 2, "记录": 2, "这两年": 1, "恶意": 1, "攻击": 1, "事件": 1, "20亿": 1, "年内": 1, "提升": 1, "确保": 2, "程序": 1, "发现": 1, "马": 1, "大片": 2, "11": 1, "Pro": 1, "拍出": 1, "漂亮": 1, "星轨": 1, "星空": 1, "摄影": 2, "技巧": 1, "L史小千": 1, "交大": 1, "Live": 1, "学霸": 1, "大学生": 1, "写": 2, "千": 1, "代码": 2, "自制": 1, "探测": 1, "机器人": 2, "offer": 1, "25日": 1, "西安": 1, "交通": 1, "大学": 1, "研究生": 1, "谭帏": 2, "花费": 1, "6": 1, "上千": 1, "制作": 1, "危险": 1, "化工厂": 1, "监测": 1, "精准": 1, "定位": 1, "泄漏点": 1, "发送": 1, "消防": 1, "人员": 1, "处置": 1, "介绍": 1, "拿到": 1, "招聘": 1, "录用": 1, "通知": 1, "L一手": 1, "video": 1, "​​​": 1, "老外": 1, "30": 1, "p给": 1, "拆": 1, "镜头": 1, "主板": 1, "一半": 1, "喇叭": 1, "震动": 1, "单元": 1, "性能": 1, "散热": 1, "恐怕": 1, "同轴线": 1, "价位": 1, "射频": 1, "大刀": 1, "真的": 1, "中规中矩": 1, "偏": 1}