{"此番": 1, "回": 1, "京": 1, "局座": 2, "同游": 1, "老城": 1, "大啖": 1, "卤煮": 1, "发现": 1, "都": 9, "华为": 65, "手机": 14, "年初": 1, "嘿嘿": 1, "喝": 1, "久违": 1, "北冰洋": 1, "汽水": 1, "穿越": 1, "般的": 1, "后海": 1, "野": 1, "冰球赛": 1, "早早": 1, "乡愁": 1, "东西": 5, "悄悄": 1, "高楼": 1, "大厦": 1, "缝隙": 1, "生长": 1, "北京": 2, "故乡": 1, "梦里": 1, "蔚蓝": 1, "金黄": 1, "……": 3, "中国": 34, "精彩": 2, "​": 13, "法国": 14, "禁华": 3, "打脸": 4, "来得": 1, "太": 2, "快": 4, "龙卷风": 1, "！": 12, "海外": 2, "市场": 10, "受挫": 2, "这次": 4, "刚": 2, "信誓旦旦": 2, "表达": 2, "路透社": 2, "14日": 6, "篇": 3, "文章": 2, "称": 7, "美国": 15, "盟友": 2, "国家": 9, "纷纷": 2, "5G": 6, "技术": 5, "排除": 2, "在外": 2, "德国": 4, "公司": 6, "改变": 2, "合作": 5, "策略": 2, "真的": 4, "一个": 9, "说法": 2, "矛盾": 2, "经济": 6, "部长": 4, "亲口": 2, "肯定": 2, "作出": 2, "贡献": 2, "运营商": 5, "跳": 2, "企业": 16, "件": 7, "证实": 3, "路透": 3, "、": 7, "彭": 2, "博为": 2, "代表": 2, "英": 2, "美": 4, "媒体": 5, "偶尔": 2, "特朗普": 3, "描述": 2, "FAKENEWS": 2, "(": 3, "新闻": 2, ")": 3, "O华": 1, "禁": 1, "彭博": 1, "12月": 7, "17日": 2, "13:30": 1, "湖南": 2, "国际": 1, "会展": 1, "中心": 1, "聚焦": 1, "nova4": 2, "自拍": 1, "极点": 1, "全面屏": 1, "视频": 15, "全程": 1, "直播": 1, "邀": 1, "同步": 1, "见证": 1, "O网页": 1, "链接": 3, "韩媒": 7, "分析": 3, "三星": 13, "天津": 13, "工厂": 13, "关门": 4, "：": 15, "占有率": 8, "0.7%": 8, "崛起": 4, "韩国": 4, "位于": 4, "制造": 6, "31日": 4, "停产": 5, "此举": 4, "原因": 6, "影响": 4, "销售量": 4, "持续": 4, "下滑": 4, "第三": 6, "季度": 4, "关闭": 4, "产能": 4, "L时差": 4, "秒拍": 9, "4": 1, "3": 1, "省委": 5, "书记": 5, "造访": 2, "意在": 2, "推动": 2, "领域": 3, "发展": 4, "11日": 1, "杜家毫": 1, "调研": 1, "软件": 1, "长沙": 2, "分部": 1, "；": 2, "12日": 1, "13日": 2, "江西": 1, "刘奇": 1, "鹰潭": 1, "听取": 1, "赣": 1, "情况": 1, "介绍": 1, "云南": 1, "陈豪": 1, "省长": 1, "阮": 1, "成发": 1, "率": 1, "党政": 1, "代表团": 1, "考察": 1, "终端": 2, "总部": 1, "项目": 1, "机器": 1, "有限公司": 1, "均": 3, "坚定不移": 1, "支持": 4, "O三": 1, "易": 1, "烊千": 1, "玺": 3, "千玺": 4, "nova星": 1, "飞机": 1, "天啊": 1, "啊啊": 3, "！！！": 2, "机场": 1, "占领": 1, "！！！！": 1, "屏": 1, "反正": 1, "走": 2, "！！！华": 1, "爱": 1, "！！！！！": 1, "@": 5, "TFBOYS": 1, "易烊": 5, "官方": 2, "花式": 1, "抽奖": 2, "收到": 1, "指环": 4, "试": 1, "好用": 1, "很多": 1, "想": 2, "送": 3, "感觉": 1, "差": 1, "附赠": 2, "台": 2, "nova3手机": 1, "关注": 4, "转发": 3, "条": 2, "抽": 3, "千玺带盐": 1, "nova3": 1, "中华": 2, "有为": 2, "30日": 1, "平台": 1, "时差": 1, "千": 2, "X华": 1, "携手": 1, "点亮": 1, "未知": 1, "眼睛": 1, "眨": 1, "LTF": 1, "情报局": 1, "加拿大": 17, "外长": 6, "防长": 7, "赶赴": 2, "华盛顿": 2, "求援": 1, "抱怨": 1, "弗里兰": 1, "萨詹": 1, "国务卿": 1, "蓬佩奥": 3, "马蒂斯": 3, "会谈": 2, "此次": 1, "加双部长": 1, "恰逢": 1, "关系": 2, "陷入": 1, "紧张": 1, "敏感": 1, "时刻": 1, "本月": 1, "1日": 1, "听命": 1, "无端": 1, "拘押": 1, "首席": 1, "财务官": 1, "孟晚舟": 7, "引发": 1, "愤怒": 1, "谴责": 1, "中方": 3, "名": 5, "涉嫌": 1, "危害": 1, "活动": 3, "依法": 1, "审查": 4, "猜测": 1, "展开": 1, "报复": 1, "O": 4, "从未": 1, "孤独": 1, "寻找": 1, "智青年": 1, "限时": 1, "启动": 1, "即将": 1, "2018": 1, "机智": 1, "过人": 1, "躲过": 1, "生活": 1, "大大小小": 1, "坑": 1, "想必": 1, "小云": 2, "找": 1, "智": 1, "青年": 1, "戳图": 1, "参与": 1, "Mate20": 2, "大奖": 1, "只能": 1, "留": 1, "咯": 2, "~": 3, "耳机": 1, "任正非": 1, "谈": 1, "苹果": 2, "差距": 1, "这才": 1, "企业家": 1, "风范": 1, "L媒体人": 1, "张晓磊": 1, "Deutsche": 1, "Telekom": 1, "reviewsHuaweities": 1, ";": 1, "Orangesaysnoon5G": 1, "电信": 3, "审视": 1, "Orange": 1, "清华": 2, "经管": 1, "院宁": 1, "向东": 1, "落地": 2, "可不": 2, "大学": 2, "管理": 1, "学院": 1, "教授": 4, "宁向东": 1, "2019Money": 1, "+": 2, "趋势": 1, "大会": 1, "暨": 1, "新浪": 1, "财经": 1, "战略": 1, "升级": 2, "发布会": 3, "10": 1, "100": 1, "牛": 1, "网页": 2, "掌门人": 1, "烧": 1, "死": 1, "鸟": 1, "凤凰": 1, "族": 1, "广西": 1, "开山老祖": 1, "剑": 1, "创": 1, "天地": 1, "返": 1, "粤": 1, "可见狼性": 1, "文化": 1, "可贵": 1, "": 1, "巴萨": 1, "梅西": 1, "广告": 1, "球场": 2, "穿": 1, "10号": 1, "喜欢": 1, "花": 1, "1400亿": 1, "用于": 1, "研发": 2, "专利": 3, "小米": 3, "琢磨": 1, "拼装": 1, "成本": 1, "低": 1, "~​": 1, "～": 2, "T-Mobile": 4, "6月份": 1, "提出": 1, "260亿": 1, "美元": 2, "收购": 2, "第四": 1, "无线": 1, "Spirint": 3, "政府": 6, "利用": 1, "机会": 1, "进一步": 1, "孤立": 1, "计划": 1, "切割": 1, "这是": 5, "收购案": 1, "委员会": 2, "批准": 1, "前提": 1, "股东": 1, "施压": 2, "停止": 1, "外国": 2, "投资": 1, "设备": 4, "先进": 1, "廉价": 1, "办法": 1, "近日": 1, "正式": 1, "起诉": 1, "赔偿": 1, "8000万": 1, "拒绝": 1, "签署": 1, "授权": 1, "建议": 1, "改用": 1, "爱立信": 1, "诺基亚": 1, "傻缺": 1, "扣押": 2, "孟": 1, "司法": 1, "事件": 5, "死手": 1, "遵循": 1, "法律": 1, "莫须有": 1, "罪名": 1, "干涉": 1, "控制": 1, "本国": 2, "对外": 1, "自由": 1, "全球": 3, "唯一": 1, "超级大国": 1, "力量": 1, "打压": 1, "无非": 1, "平等": 1, "不道德": 1, "方式": 1, "维系": 1, "科技": 1, "统治力": 1, "秃子": 1, "头顶": 1, "虱子": 1, "—": 1, "明摆着": 1, "感谢": 1, "直言不讳": 1, "国人": 1, "看清": 1, "真相": 1, "美加": 2, "2+2": 2, "会议": 2, "记者": 6, "追问": 4, "扣": 5, "务卿": 2, "国务院": 2, "接待": 2, "未": 2, "主动": 2, "提及": 2, "CFO": 2, "案": 2, "提问": 2, "环节": 2, "反复": 2, "政治": 4, "干预": 2, "混为一谈": 2, "L微": 2, "丢": 2, "微丢": 1, "围堵": 1, "切碎": 1, "有才": 1, "Logo": 1, "层": 1, "四级": 1, "考试": 2, "翻车": 1, "常用": 1, "单词": 1, "抓": 1, "不准": 1, "系列": 1, "AR": 1, "全屏": 1, "翻译": 2, "功能": 1, "日常": 2, "外文": 2, "词汇": 1, "指": 1, "轻": 1, "屏幕": 1, "即可": 1, "轻松": 1, "学好": 1, "积累": 1, "L华": 1, "驻华": 3, "大使": 3, "获准": 2, "探视": 3, "康明凯": 2, "延烧": 1, "出于": 1, "国安": 1, "目的": 1, "公民": 2, "案件": 1, "外交部": 1, "麦家廉": 1, "拘留": 1, "外交官": 1, "尽快": 1, "会见": 1, "迈克尔": 1, "O加": 1, "康明": 1, "凯​": 1, "抬华": 1, "贬": 1, "记得": 1, "贸易战": 1, "禁止": 2, "出售": 1, "芯片": 2, "中兴": 1, "讽刺": 1, "结构": 1, "央央": 1, "大国": 1, "人口": 1, "众多": 1, "竟然": 1, "科创板": 1, "诞生": 1, "自主": 2, "创新": 2, "鼓励": 1, "不难": 1, "拥有": 1, "卖": 1, "便宜": 1, "性价比": 1, "加油": 1, "希望": 1, "靠着": 1, "抄袭": 1, "组装": 1, "任重而道远": 1, "…": 1, "好好": 1, "西方": 3, "法治": 1, "无关": 1, "公公": 1, "带路": 1, "党们": 1, "|": 2, "哥大": 2, "评华": 2, "场": 2, "计": 2, "后果": 2, "经济战": 1, "附加": 1, "图片": 1, "这位": 1, "哈佛": 1, "公道": 1, "立刻": 1, "有人": 1, "收": 1, "钱": 1, "战​": 1, "诸国": 1, "带": 1, "日本": 1, "赶上": 1, "解决": 1, "二十年": 1, "观点": 1, "动不动": 1, "不行": 1, "修炼": 1, "内功": 1, "到时候": 1, "承认": 1, "？？": 1, "庆幸": 1, "鬼话": 1, "放弃": 3, "生产": 1, "联手": 1, "手段": 1, "抵制": 1, "幕": 1, "超级": 2, "比赛": 1, "双叒": 1, "宠粉": 1, "今晚": 1, "20:30": 1, "曼城": 1, "VS埃弗顿": 1, "蓝色": 1, "风暴": 1, "专场": 1, "1": 1, "小可爱": 1, "送华": 1, "荣耀": 1, "畅玩": 1, "平板": 1, "看球": 1, "游戏": 1, "搞定": 1, "货戳": 1, "→O": 1, "通信": 1, "业务": 2, "第一": 1, "评论区": 1, "唠唠": 1, "眼中": 1, "拟人化": 1, "形象": 1, "开奖": 1, "年终奖": 1, "2019": 1, "请": 1, "一点": 1}