{"5G": 51, "商用": 16, "牌照": 13, "下发": 6, "立刻": 6, "手机": 30, "3日": 9, "工信部": 5, "称": 4, "近期": 4, "发放": 7, "意味着": 2, "用户": 8, "很快": 3, "上5G": 2, "一批": 2, "发布": 4, "华为": 72, "Mate20X5G": 4, "版": 8, "、": 22, "三星": 2, "S105": 2, "G版": 4, "小米": 2, "Mix35": 2, "OPPO": 2, "Reno5G": 2, "vivoNEX5G": 2, "中兴": 3, "天机": 2, "AXON10": 2, "售价": 2, "不菲": 2, "上万": 2, "元": 8, "标配": 2, "标价": 2, "12800": 2, "吴涛": 2, "联邦": 25, "快递": 29, "市值": 6, "蒸发": 6, "！": 18, "史": 1, "贵": 8, "快件": 8, "送错": 8, "包裹": 8, "87亿": 12, "美国": 15, "发生": 4, "未": 4, "名址": 4, "投递": 4, "损害": 4, "合法": 4, "权益": 4, "违反": 4, "我国": 7, "快递业": 4, "法规": 4, "国家": 5, "部门": 4, "立案": 4, "调查": 5, "截至": 5, "北京": 5, "时间": 7, "6月": 12, "19时": 2, "周一": 4, "美股": 4, "盘前": 4, "大跌": 4, "3.14%": 4, "以此": 4, "计算": 4, "开盘": 6, "12.6亿": 4, "美元": 10, "人民币": 4, "当日": 2, "21时": 2, "30分": 2, "跌": 2, "2.02%": 2, "瑞银": 2, "目标": 2, "价": 2, "161": 2, "下调": 2, "136": 2, "O史": 4, "史上": 3, "1日": 3, "央视": 6, "新闻": 5, "报道": 8, "19:00": 2, "反观": 3, "A股": 3, "市场": 3, "昨天": 2, "物流": 3, "板块": 3, "逆势": 3, "上涨": 3, "每日": 2, "经济": 3, "包括": 1, "SD存储卡": 1, "协会": 3, "SDA": 1, "Wi-Fi": 1, "联盟": 2, "蓝牙": 2, "技术": 4, "JEDEC": 1, "固态": 1, "行业": 1, "组织": 2, "恢复": 2, "会员": 1, "资格": 2, "2019年": 3, "；": 9, "全球": 3, "学术": 1, "IEEE": 5, "正式": 2, "：": 17, "解除": 3, "禁令": 2, "！！！": 1, "评审": 1, "审稿": 2, "打铁还需自身硬": 1, "​": 7, "很多": 2, "朋友": 1, "都": 4, "好奇": 1, "网络": 9, "速率": 10, "快": 5, "折": 4, "叠屏": 6, "HUAWEIMateX": 5, "实测": 2, "网速": 3, "vlog": 1, "L华": 1, "刚": 5, "视频": 11, "​​​": 3, "Baby": 1, "中国": 9, "电视": 1, "脱口秀": 2, "节目": 4, "主持人": 1, "崔娃TrevorNoah": 1, "前段": 1, "犀利": 1, "吐槽": 2, "火": 1, "期": 3, "兴奋": 3, "宝贝": 2, "世界": 4, "收视": 1, "群体": 1, "L微": 2, "丢": 2, "秒拍": 7, "@": 4, "微丢​": 1, "​​": 6, "现身": 4, "折叠屏": 2, "测": 2, "下载": 9, "秒": 3, "超": 4, "1Gbps": 9, "透露": 2, "在即": 2, "元年": 3, "4日": 4, "上海": 5, "研究所": 5, "产品线": 5, "总裁": 7, "何刚": 5, "5": 4, "G折": 2, "接入": 4, "亲测": 5, "专利": 2, "排名": 2, "第一": 2, "2570": 2, "件": 2, "42": 2, "合同": 3, "老板": 4, "联播L": 2, "联播": 3, "深圳": 1, "女子": 1, "闯进": 1, "体验店": 1, "二话没说": 1, "平板": 1, "全都": 1, "砸": 1, "L": 1, "奇趣": 1, "科技": 3, "日报": 2, "到底": 3, "列入": 1, "美国商务部": 1, "实体名单": 1, "专家": 1, "参与": 2, "忽": 1, "刀光剑影": 1, "浮现": 1, "心中": 1, "一家": 1, "民企": 1, "面前": 1, "号称": 1, "头号": 1, "强国": 1, "答案": 1, "简单": 1, "归结": 1, "贸易": 1, "竞争": 1, "远": 1, "角度": 1, "更为": 1, "惊悚": 1, "疯狂": 2, "扼杀": 1, "背后": 2, "一个": 1, "公正": 1, "秩序": 1, "革新": 1, "力量": 1, "做出": 2, "反扑": 1, "O科技": 1, "超过": 5, "公司": 1, "特朗普": 7, "施压": 4, "英国": 11, "打压": 3, "梅": 5, "首相": 5, "立场": 5, "强硬": 5, "泰晤士报": 3, "访": 1, "英": 4, "第二": 1, "特雷莎·梅会": 2, "对峙": 1, "禁止": 1, "建设": 1, "提出": 2, "反对": 1, "意见": 1, "引述": 1, "官员": 3, "特雷莎·梅": 1, "事件": 2, "方法": 1, "道歉": 3, "共建": 1, "美": 6, "之间": 2, "分享": 1, "情报": 4, "威胁": 2, "名": 1, "资深": 1, "这位": 1, "……": 1, "至今": 1, "为此": 1, "国": 2, "合作": 2, "安全性": 1, "通信": 3, "渠道": 1, "公共": 1, "降低": 1, "决不": 1, "O特朗普": 1, "浮世": 1, "绘#": 1, "加油": 1, "民族": 1, "企业": 1, "就要": 1, "份": 1, "底气": 1, "霸气": 1, "G速率": 1, "上研": 1, "办公室": 1, "提前": 1, "体验": 3, "很": 1, "棒": 1, "详细": 2, "内容": 2, "点击": 1, "vlogO": 1, "网页": 1, "链接": 5, "高三": 1, "考前": 2, "押题": 2, "2019": 1, "高考": 1, "1": 1, "文综": 1, "——": 1, "补充": 1, "政治": 1, "大题": 1, "高清版": 1, "囊括": 1, "贸易战": 1, "转到": 1, "晚上": 1, "睡觉": 1, "碰到": 1, "赚": 1, "早": 1, "财经": 3, "丨": 3, "本周": 2, "wwdc": 1, "iPad": 1, "系统": 5, "苹果": 2, "号称史": 1, "MacPro": 1, "价格": 1, "5999": 1, "iOS13": 1, "推出": 2, "黑暗": 1, "模式": 1, "孙宇晨": 1, "456万": 1, "拍下": 2, "巴菲特": 4, "午餐": 4, "巨头": 1, "反垄断": 1, "科技股": 2, "暴跌": 1, "教育部": 1, "第1": 1, "号": 1, "留学": 1, "预警": 1, "参加": 1, "请教": 1, "留言": 1, "O早": 2, "监管": 1, "重拳": 1, "致美": 1, "重挫": 1, "历史": 1, "最高价": 1, "竞拍人": 1, "揭晓": 1, "FANG万亿": 1, "90后": 1, "区块链": 1, "人士": 1, "崔": 1, "娃": 1, "TrevorNoah": 1, "打击": 1, "喷": 1, "赶上": 1, "热乎": 1, "不说": 2, "运营商": 1, "搞": 2, "糊弄人": 1, "段": 2, "喊": 1, "同事": 1, "怀疑": 1, "Spy": 1, "Spyname": 1, "AfricaPandaL微丢": 1, "微丢": 1, "年前": 3, "iphone8": 1, "卖": 1, "6199": 1, "当今": 1, "网红": 1, "旗舰": 1, "P30P": 1, "5988": 1, "牛掰": 1, "牛": 1, "掰​": 1, "荣耀": 3, "赵明": 2, "吹牛": 2, "90": 2, "产品": 2, "吹成": 3, "60分": 1, "2日": 1, "接受": 1, "采访": 1, "笑称": 1, "各种各样": 1, "通讯": 2, "LinkTurbo": 1, "啥样": 1, "别人": 1, "60": 1, "临别": 2, "会谈": 4, "还要": 2, "特蕾莎·梅": 1, "实质性": 1, "自贸": 1, "协议": 1, "脱欧": 1, "气候": 1, "变化": 1, "伊朗": 1, "话题": 1, "展开": 1, "讨论": 1, "即将": 1, "离任": 1, "节骨眼": 1, "美方": 1, "依然": 1, "放话": 1, "政府": 3, "禁用": 1, "设备": 1, "不惜": 1, "中断": 1, "共享": 1, "伦敦": 1, "白厅": 1, "届": 1, "决策": 1, "影响": 1, "无需": 1, "展示": 1, "利益": 1, "交织": 1, "O梅": 1, "任内": 1, "幕僚": 1, "让步": 1, "L老板": 1, "基于": 2, "知识": 6, "增强": 2, "语言": 3, "模型": 5, "ERNIE:Enhanced": 1, "Language": 1, "RepresentationwithInformative": 1, "Entities": 1, "论文": 3, "解读": 2, "ACL2019": 2, "本文": 2, "清华": 1, "大学": 1, "华为诺亚": 1, "方舟": 1, "实验室": 1, "发表": 1, "工作": 2, "图谱": 2, "信息": 1, "训练": 1, "大规模": 1, "文本": 1, "语料": 1, "先验": 1, "学习": 1, "字": 1, "词": 1, "有助于": 1, "解决": 1, "抽象": 1, "自然": 1, "实验": 1, "项": 2, "NLP": 2, "表现": 2, "超越": 2, "BERT": 2, "O网页": 2, "源码": 1, "OACL2019": 1, "|": 1, "谣言": 2, "真的": 1, "恶毒": 1, "不得不": 1, "紧急": 1, "辟谣": 1, "应对": 1, "危机": 1, "努力": 1, "战时": 1, "状态": 1, "贡献": 1, "捅": 1, "刀": 1, "这是": 1, "编造": 1, "散播": 1, "居心": 1, "#​": 1, "昨日": 1, "此前": 1, "迪拜": 2, "签": 1, "哈利法塔": 1, "免费": 1, "广告": 1, "太": 1, "炫": 1, "！！L": 1, "媒体": 1, "印象": 1, "媒曝": 1, "错运": 1, "配合": 1, "想起": 1, "马云": 5, "yunos": 4, "安卓": 1, "层": 1, "效率": 1, "低": 1, "心理": 1, "想": 1, "垃圾": 1, "硬件": 1, "性能": 1, "过剩": 1, "削弱": 1, "垄断": 1, "好事": 1, "慢慢": 1, "发展": 1, "收购": 1, "魅族": 2, "安装": 1, "经营": 1, "能力": 1, "差": 1, "卡顿": 1, "前途": 1, "接触": 1, "业务部": 1, "关注": 1, "一阵": 1, "不再": 1, "推动": 1, "闲置": 1, "告诉": 1, "火锅店": 1, "结账": 2, "锅底": 1, "+": 1, "活动": 1, "事情": 1, "千兆5G": 1, "消息": 1, "华为何": 1, "MateX": 1, "工业": 1, "信息化": 1}