{"小伙": 3, "放弃": 6, "华为": 44, "工作": 6, "创业": 3, "麻辣拌": 12, "：": 15, "想": 11, "吃": 6, "正宗": 6, "口味": 3, "辽宁": 3, "抚顺": 6, "享誉": 3, "全国": 3, "食材": 3, "土豆": 3, "、": 12, "豆皮": 3, "丸子": 3, "豆泡": 3, "原料": 3, "煮": 3, "过后": 3, "沥干": 3, "水分": 3, "调味": 3, "料拌": 3, "均匀": 3, "广州": 3, "美院": 3, "毕业": 3, "李易明": 3, "份": 3, "UI": 3, "设计师": 3, "回家": 3, "一家": 3, "小店": 3, "@": 3, "淘宝": 1, "吃货": 4, "L淘宝": 3, "秒拍": 5, "视频": 12, "关注": 1, "+": 1, "转发": 3, "抽": 2, "送": 3, "AI": 3, "音箱": 2, "1": 2, "台": 4, "手机": 14, "为伴": 2, "万物": 2, "互联": 2, "构建": 2, "场景": 2, "智慧": 2, "生活": 5, "体验": 2, "自如": 2, "方式": 2, "L": 2, "中国": 9, "联通": 1, "​": 13, "昨天": 1, "提": 1, "热门": 1, "一下子": 1, "400多万": 1, "阅读": 1, "。。。。。。": 1, "澄清": 1, "照片": 1, "iPhone": 1, "拍": 4, "。。。": 1, "免得": 1, "误会": 1, "太": 2, "牛": 1, "…": 3, "入手": 1, "国货": 1, "！！": 1, "买": 2, "粉丝": 1, "款": 2, "五千": 1, "选": 1, "段": 1, "时间": 1, "卡到": 1, "爆​": 1, "周立波": 1, "实测": 1, "苹果": 3, "掉进": 1, "水里": 2, "没事": 1, "环球": 1, "时报": 2, "社评": 2, "英国": 8, "应有": 2, "回报": 2, "媒体": 1, "上周": 1, "泄露": 1, "国家": 2, "理事会": 1, "参与": 1, "5G": 13, "网络": 3, "非核心": 1, "建设": 1, "激起": 1, "轩然大波": 1, "特雷莎·梅": 1, "首相": 2, "国会": 1, "保密": 1, "级别": 1, "会议": 1, "内容": 3, "外泄": 1, "颇为": 1, "震惊": 1, "此事": 1, "调查": 1, "；": 2, "发出": 2, "梅": 1, "改变": 1, "立场": 1, "声音": 1, "包括": 1, "大西洋": 1, "对面": 1, "美国": 7, "O环球": 1, "差点": 1, "忘": 1, "和尚": 2, "主题": 2, "上线": 1, "！": 11, "oppo": 1, "vivo": 1, "商店": 1, "搜索": 1, "找到": 1, "正版": 3, "授权": 4, "快": 1, "！！！​": 1, "小泽vlog": 1, "闲聊": 1, "P30": 1, "月亮": 4, "P30Pro": 2, "故事": 2, "网上": 1, "炒": 1, "乱七八糟": 1, "衍生": 1, "各式各样": 1, "确实": 1, "拍照": 1, "模式": 1, "这期": 1, "本来": 1, "拍摄": 1, "聊天": 1, "想到": 1, "居然": 2, "干说": 1, "针对": 1, "厂商": 1, "驱动": 1, "L钟文泽": 1, "P30pro": 1, "看L": 1, "曼谷": 1, "雨季": 1, "雨": 1, "停": 1, "测试": 2, "塞": 1, "防水": 1, "胶": 1, "情况": 1, "三星": 2, "S10+": 1, "都": 2, "10": 1, "厘米": 1, "常温": 1, "自来水": 1, "3": 1, "分钟": 1, "究竟": 1, "趣": 1, "评测": 1, "钱": 3, "女友": 1, "mate某": 1, "型号": 2, "只能": 1, "再次": 1, "沉痛": 1, "哀悼": 1, "智商": 1, "希望": 1, "尖端": 1, "技术": 2, "领域": 1, "独立自主": 1, "意在": 1, "努力": 1, "制造": 3, "障碍": 1, "早": 5, "上世纪": 1, "90年代初": 1, "海思": 3, "前身": 1, "开发": 1, "芯片": 4, "......": 1, "增长": 3, "自行": 1, "设计": 2, "公司": 2, "ArmHoldings": 1, "知识": 1, "产权": 1, "日本": 2, "软银": 1, "集团": 1, "拥有": 1, "这家": 1, "股权": 1, "O华": 1, "研发": 1, "赶上": 1, "日企": 1, "眼里": 1, "有人": 1, "质量": 2, "英语": 1, "写": 1, "耐久度": 1, "发布会": 1, "塑料": 2, "外层": 1, "折叠": 1, "痕迹": 1, "早期": 2, "抚平": 1, "老化": 2, "妊娠纹": 1, "这是": 2, "软质": 1, "材料": 1, "特性": 1, "改良": 1, "难以": 1, "根除": 1, "打开": 2, "捋": 1, "不平": 1, "才": 1, "半": 1, "折痕": 1, "产品": 2, "副作用": 1, "肯定": 1, "尝鲜": 1, "听": 2, "找": 3, "——": 2, "香港": 1, "南华": 1, "早报": 1, "东南亚": 3, "竞争": 2, "一个": 2, "关键": 1, "地区": 1, "排除": 1, "通牒": 1, "落空": 1, "——O": 1, "黑": 1, "用户": 1, "海军": 2, "名字": 1, "聚齐": 1, "陆海空": 1, "三军": 1, "喷": 1, "数码": 1, "#​": 1, "日媒": 2, "计划": 5, "发布": 2, "电视机": 3, "5月": 2, "1日": 1, "讯": 1, "日经": 2, "亚洲": 2, "评论": 3, "引用": 1, "知情": 4, "人士": 4, "消息": 2, "称": 2, "推出": 3, "全球": 10, "首款": 3, "电视": 7, "配备": 3, "模块": 2, "高端": 2, "8K": 2, "分辨率": 2, "显示器": 2, "意味着": 2, "下一代": 2, "高速": 2, "下载": 2, "数据量": 2, "360": 2, "度": 2, "虚拟": 2, "现实": 2, "节目": 2, "此前": 1, "消费者": 1, "业务": 1, "CEO": 1, "余承东": 1, "接受": 1, "采访": 1, "重申": 1, "未来": 2, "传统": 1, "时代": 1, "家庭": 1, "大屏": 1, "含有": 1, "功能": 1, "屏幕": 2, "智能": 3, "老板": 1, "联播": 1, "2019年": 1, "Q1": 1, "出货量": 2, "汇总": 1, "50%": 2, "🍎": 2, "下滑": 1, "20%": 1, "市场": 2, "份额": 4, "17%": 1, "第二": 1, "12%": 1, "速度": 2, "最多": 1, "年后": 1, "宇宙": 1, "第一": 3, "沸腾": 1, "随手": 1, "粉": 1, "俱乐部": 2, "转评": 1, "抓": 1, "小伙伴": 2, "送A": 1, "I音箱": 1, "抽奖": 1, "平台L": 1, "过完": 1, "很": 2, "周五": 1, "周二": 1, "终于": 1, "迎来": 1, "五一": 1, "小长假": 1, "假期": 1, "睡": 1, "自然醒": 1, "懒觉": 1, "溜达": 1, "DigiX": 2, "数字": 2, "生活节": 1, "武汉": 2, "站": 1, "活动": 1, "持续": 1, "4日": 1, "楚河汉街": 1, "戏台": 1, "小云": 2, "玩": 1, "长": 2, "长长图": 1, "带": 1, "直击": 1, "实验室": 1, "耳机": 1, "副": 1, "外媒": 1, "爆料": 1, "MateX": 1, "疑似": 1, "翻车": 1, "​​": 1, "晒": 1, "奇葩": 1, "求助": 1, "刚": 1, "P20pro": 1, "Meat": 1, "20pro": 1, "天天": 1, "吃喝玩乐": 1, "洗剪吹": 1, "陌生人": 1, "……": 1, "丑": 1, "恨丑": 1, "丑人多作怪": 1, "丑八": 1, "怪": 1, "人道": 1, "毁灭": 1, "→_→O": 1, "网页": 1, "链接": 1, "远离": 1, "迷茫": 1, "学会": 1, "赚钱": 1, "习惯": 2, "空自": 1, "架": 1, "先进": 2, "F35": 2, "战机": 3, "上月": 1, "初": 1, "坠入": 1, "1500": 1, "米": 1, "深海": 1, "美": 1, "军": 1, "全力": 1, "打捞": 2, "美军": 1, "此次": 1, "搜救": 1, "队伍": 1, "核心": 1, "梵高": 1, "号": 1, "潜水": 1, "支援": 1, "船": 2, "招商": 1, "重工": 1, "深圳": 1, "回": 1, "老美": 1, "窃取": 1, "机密": 1, "山姆": 1, "泼": 1, "污水": 1, "抵制": 1, "央企": 1, "贸易": 1, "谈判": 1, "团队": 1, "尴尬": 2, "不得不": 1, "欧美": 1, "很多": 1, "富人区": 1, "家家": 1, "光纤": 1, "不仅仅": 1, "WIFI": 1, "才能": 1, "富人": 1, "带宽": 1, "流量": 1, "费用": 1, "下降": 2, "不少": 1, "引援": 1, "O日媒": 1, "​​​": 1, "差": 2, "四": 2, "百分点": 2, "距离": 2, "霸主": 2, "一步之遥": 2, "一季度": 1, "销量": 1, "同比": 1, "8%": 1, "22%": 1, "超过": 1, "对手": 1, "上涨": 1, "18%": 1, "O": 1}