{"英前": 1, "官员": 1, "称": 11, "未": 3, "发现": 2, "中国": 18, "恶意": 2, "网络": 4, "活动": 3, "证据": 2, "华春莹": 2, "：": 20, "事实": 2, "说话": 2, "报道": 9, "英国": 2, "情报": 3, "机构": 3, "政府": 7, "通信": 5, "总部": 1, "主管": 1, "撰文": 1, "从未": 1, "华为": 76, "外交部": 1, "发言人": 1, "回应": 6, "的确": 1, "全球": 3, "内": 1, "盟友": 3, "窃听": 1, "监控": 1, "希望": 1, "各方": 1, "都": 6, "尊重": 1, "公平": 5, "自由": 1, "竞争": 2, "市场": 9, "原则": 1, "企业": 1, "合作": 1, "创造": 1, "、": 18, "公正": 1, "歧视": 1, "环境": 1, "相关": 1, "行业": 1, "健康": 1, "发展": 1, "央视": 1, "记者": 2, "黄惠馨": 1, "新西兰": 28, "硬核": 4, "广告": 15, "5G": 30, "橄榄球赛": 7, "新西兰队": 7, "近日": 8, "刊登": 8, "写": 3, "错过": 3, "先进": 5, "技术": 12, "国家": 13, "为由": 5, "阻止": 3, "该国": 3, "销售": 3, "设备": 11, "口风": 3, "放松": 3, "路透社": 3, "总理": 3, "给予": 3, "对待": 3, "@": 8, "新京报": 4, "视频": 11, "L": 3, "秒拍": 3, "王俊凯": 1, "大哥": 1, "代言OPPO": 1, "王源": 1, "老二": 1, "代言": 2, "小米": 4, "手机": 7, "易烊": 1, "千玺": 1, "老三代": 1, "言华": 1, "Nova": 1, "TFboys": 1, "老四": 1, "品牌": 2, "花式": 1, "种草": 1, "​": 17, "刚才": 1, "拍": 2, "东京": 1, "夜": 1, "查看": 1, "大图": 1, "情人节": 8, "快乐": 2, "小公举们": 1, "！": 14, "wishlist": 1, "梦想成真": 1, "嘉人": 2, "广角": 5, "恋": 3, "成全": 1, "送": 2, "份": 2, "超": 2, "甜蜜": 3, "嘉": 1, "情人礼": 1, "——": 2, "集红": 1, "热烈": 1, "粉": 1, "一体": 1, "nova": 2, "4": 2, "蜜": 2, "语红·星耀版": 1, "高配": 1, "4800万": 1, "像素": 1, "高清": 1, "三": 2, "摄": 2, "捕捉": 2, "蜜恋": 1, "时刻": 2, "117": 1, "°超": 1, "镜头": 1, "视野": 1, "翻倍": 1, "美景": 1, "尽收眼底": 1, "戳": 1, "O网页": 1, "链接": 1, "即可": 2, "开启": 2, "pick": 1, "想要": 1, "情人": 1, "礼": 1, "转发": 1, "条": 1, "爱": 1, "TA": 3, "留言": 1, "甜": 1, "蜜语": 2, "参与": 5, "抽取": 1, "潮酷": 1, "梦幻": 1, "语红": 1, "米奇": 1, "心]": 1, "中奖": 1, "2月": 3, "16日": 1, "携": 1, "欧阳娜娜": 1, "日志": 1, "抽奖": 1, "平台": 1, "公布": 1, "敬请": 1, "期待": 1, "Mate20": 1, "系列": 1, "秀恩爱": 1, "招": 1, "触": 1, "来电": 1, "心动": 2, "祝": 1, "匈牙利": 3, "外长": 2, "节": 1, "打脸": 1, "美国": 18, "指责": 1, "走": 2, "太": 2, "照照": 1, "放下": 1, "虚伪": 1, "面纱": 1, "身为": 1, "北约": 2, "缔约国": 1, "东方": 1, "情结": 1, "欧洲": 6, "照顾": 1, "心情": 1, "顾及": 1, "传统": 1, "友谊": 1, "表现": 1, "不易": 1, "LCGTNAMERICA": 1, "快用": 1, "nova4": 6, "爱慕": 1, "细节": 1, "顺利": 1, "摆脱": 1, "友达": 1, "恋爱": 2, "头衔": 1, "~": 1, "打算": 1, "度过": 1, "耀": 2, "纯情": 1, "爱意": 1, "怦然心动": 1, "星耀版": 1, "·": 1, "红": 1, "见证": 1, "表白": 1, "情话": 1, "就算": 1, "外国": 1, "国产": 1, "卖": 1, "贬": 1, "低华": 1, "公知": 1, "文章": 3, "危言耸听": 1, "挺": 2, "传播力": 1, "前阵子": 1, "篇": 3, "贬低": 1, "大规模": 1, "MIMO": 2, "专业": 1, "人士": 1, "简直": 1, "胡扯": 1, "油管": 2, "很多": 1, "讲座": 3, "四": 1, "讲": 2, "五": 2, "远": 1, "距离": 2, "微波": 1, "军用": 1, "接力机": 1, "微波通信": 1, "二十": 1, "公里": 2, "150": 1, "刷新": 1, "认知": 1, "英文": 2, "不灵": 1, "听": 1, "费劲": 1, "磕巴": 1, "请问": 2, "中文版": 1, "台湾": 2, "公主": 1, "孟晚舟": 1, "加拿大": 2, "扣押": 1, "感到": 1, "幸灾乐祸": 2, "一月": 1, "法国": 5, "出版": 1, "本书": 1, "「": 1, "陷阱": 1, "」": 1, "当中": 1, "详述": 1, "阿尔斯通": 1, "公司": 6, "司法": 2, "部门": 1, "勒索": 1, "敲诈": 5, "高管": 1, "逮捕": 1, "审判": 1, "之下": 1, "羁押": 1, "发生": 1, "身上": 1, "地位": 2, "群": 1, "台湾人": 1, "戒慎恐惧": 1, "L蘇恆": 1, "台灣": 1, "整版": 5, "硬气": 3, "禁令": 3, "外媒": 3, "禁止": 2, "当地": 2, "基础": 2, "建设": 9, "橄榄球": 2, "错失": 2, "消费者": 3, "价格": 2, "蒙受": 2, "损失": 2, "O华": 1, "(": 1, ")": 1, "店": 2, "VS": 1, "魅族": 1, "差距": 1, "赣州": 1, "第一": 3, "礼物": 1, "听懂": 1, "专属": 1, "FreeBuds": 1, "2Pro": 1, "陶瓷": 1, "白": 1, "开售": 1, "9": 2, "4800W三": 1, "照片": 1, "能干": 1, "P20Pro": 1, "37M）​": 1, "。。": 2, "财经": 1, "国防": 1, "大学金": 1, "南": 1, "将军": 1, "公开": 1, "演讲": 1, "透露": 1, "任正非": 4, "告诉": 1, "核心": 1, "领先": 1, "5": 1, "断供": 1, "零部件": 1, "能力": 1, "应对": 1, "中兴": 1, "两点": 1, "预计": 1, "干": 2, "到底": 1, "趴": 1, "老美": 1, "产业": 2, "霸权": 1, "确实": 2, "本世纪": 1, "人物": 1, "推动": 2, "中华": 1, "民族": 1, "全人类": 1, "竭尽全力": 1, "想": 1, "拉": 1, "痴心妄想": 1, "哈佛": 1, "博士": 2, "谈": 3, "域外": 2, "管辖权": 2, "事件": 2, "解套": 2, "O哈佛": 1, "王": 1, "孟源": 1, "集团": 1, "特朗普": 2, "伙": 1, "工作": 1, "软弱": 1, "看成": 1, "软": 1, "柿子": 1, "反复": 1, "Alstom": 1, "整死": 1, "各国": 1, "不满": 1, "正式": 1, "提出": 1, "事业": 1, "实质": 1, "弄": 1, "发布": 3, "头条": 1, "测评": 2, "商城": 1, "终端": 1, "王子异": 1, "": 1, "王子": 1, "异O华": 1, "线下": 1, "挖": 2, "孔屏": 2, "挖孔": 1, "好看": 1, "刘海": 1, "当年": 1, "刚": 1, "慢慢": 1, "接受": 1, "外观": 1, "…​": 1, "动静": 1, "一个": 2, "智能": 1, "助手": 1, "唱": 1, "情歌": 1, "孤单": 1, "收获": 1, "甜甜": 1, "爱情": 1, "或许": 1, "惊喜": 1, "来临": 1, "～": 1, "关注": 1, "+": 1, "转评": 1, "聊聊": 1, "技巧": 1, "小云": 1, "抽": 1, "电源": 1, "美": 1, "打压": 7, "计划": 5, "恐": 3, "落空": 3, "表态": 3, "无华为难5G": 3, "德国": 13, "部会": 2, "代表": 2, "上6日": 1, "开会": 2, "德中": 3, "外交": 3, "关系": 4, "潜力": 3, "进度": 5, "层面": 3, "通盘": 3, "考量": 7, "排除": 7, "条件": 2, "提升": 2, "公共": 2, "标准": 2, "信息": 2, "3月": 1, "频段": 1, "招标": 1, "参考": 1, "消息": 2, "P30": 1, "漂亮": 1, "14日": 1, "像是": 1, "不得不": 1, "打到": 1, "人民": 1, "如同": 1, "乒乓球": 1, "项": 4, "出手": 1, "国民": 1, "体育": 1, "运动": 1, "类比": 1, "侧面": 1, "实力": 1, "恐落": 2, "空": 2, "新加坡": 2, "联合": 2, "早报": 2, "最终": 1, "因素": 3, "商机": 2, "O美": 2, "高科技": 2, "产业链": 2, "拉动": 1, "作用": 1, "实在": 1, "全军": 1, "覆没": 1, "聊天": 1, "感受": 1, "快": 1, "推出": 1, "东西": 3, "牛逼": 4, "vivo": 1, "马上": 1, "旗舰": 1, "四舍五入": 1, "板上钉钉": 1, "帮忙": 2, "争气": 2, "当局": 1, "很": 2, "实诚": 1, "也就是说": 1, "听从": 1, "莫须有": 1, "乱黑": 1, "影响": 1, "德": 1, "早就": 2, "学": 1, "不要脸": 1, "幌子": 1, "科技": 1, "出口": 1, "产品": 2, "吃": 1, "兜": 1, "一点": 1, "背景": 1, "4G": 1, "互联网": 1, "本来": 2, "落后": 3, "承受": 1, "13日": 1, "欧盟": 1, "大国": 1, "此项": 1, "宣示": 1, "意义": 1, "为首": 1, "眼": 1, "联盟": 1, "成员": 1, "包括": 1, "澳大利亚": 1, "错愕": 1, "进一步": 1, "理解": 1, "政治": 1, "算计": 1, "决策": 1, "现实": 1, "媒体": 1, "商报": 1, "电信": 1, "专利": 1, "执": 1, "世界": 1, "牛耳": 1, "执行": 1, "困难": 1, "被迫": 1, "特定": 1, "厂商": 1, "风险": 1}