{"统计": 1, "选择": 11, "华为": 65, "5G": 23, "设备": 13, "欧洲": 7, "国家": 9, "地区": 6, "英国": 4, "、": 58, "法国": 4, "德国": 2, "挪威": 15, "意大利": 2, "摩纳哥": 2, "西班牙": 2, "瑞士": 2, "爱尔兰": 2, "葡萄牙": 2, "荷兰": 2, "芬兰": 2, "希腊": 1, "塞浦路斯": 1, "奥地利": 1, "罗马尼亚": 1, "匈牙利": 1, "土耳其": 1, "瑞典": 2, "俄罗斯": 1, "塞尔维亚": 1, "也就是说": 1, "超": 3, "信息": 3, "确认": 2, "​​​": 2, "品牌": 3, "手机": 20, "任正非": 2, "女儿": 1, "姚安娜": 2, "21": 2, "岁": 2, "出生于": 1, "中国": 13, "云南": 1, "英文": 1, "名": 3, "AnnebelYao": 1, "拥有": 4, "香港": 2, "户籍": 1, "美国": 4, "国籍": 1, "哈佛": 1, "大学": 4, "在读": 1, "老任": 1, "公主": 1, "出生": 1, "别人": 1, "起点": 1, "家世": 1, "地位": 1, "人脉": 1, "资源": 1, "都": 18, "顶级": 1, "张扬": 1, "个性": 1, "忠于": 1, "自我": 3, "束缚": 1, "敢作敢为": 1, "；": 7, "爱": 1, "玩会": 1, "玩": 2, "圈层": 1, "大神": 1, "善用": 1, "科技": 6, "赋能": 1, "信仰": 1, "时代": 2, "拖": 1, "世界": 6, "往前": 1, "走": 1, "荣耀": 4, "青年": 3, "回顾": 1, "2019": 4, "澎湃": 1, "新闻": 1, "联合": 1, "@": 10, "HONOR": 1, "年轻人": 1, "热爱": 2, "领域": 1, "评选": 1, "耀眼": 1, "年度": 1, "十大": 1, "闪耀": 1, "到底": 1, "很多": 9, "希望": 4, "评论": 1, "简单": 1, "1.": 2, "一个": 9, "社会": 5, "文化": 5, "结构": 2, "脑袋": 1, ".": 3, "发达": 2, "例证": 1, "本身": 4, "缺乏": 1, "民族": 2, "自信": 1, "表现": 2, "沃尔玛": 2, "宜家": 1, "Costco": 1, "优衣库": 1, "公司": 25, "全球": 6, "受益": 1, "3": 3, "小米": 19, "钱": 2, "研发": 10, "财报": 2, "关键": 1, "读": 1, "员工": 6, "一流": 1, "高校": 1, "人才": 1, "高薪": 1, "吸引": 1, "4.": 1, "深度": 1, "研究": 1, "发展": 3, "路径": 1, "熟读": 1, "讲话": 2, "阶段": 1, "终端": 2, "战略": 2, "企业": 15, "低价": 6, "榜样": 1, "11": 1, "智能": 3, "最低价": 1, "399": 1, "友商": 1, "型号": 2, "提醒": 1, "谬论": 1, "通篇": 1, "逗号": 1, "问号": 1, "句号": 1, "建议": 1, "回": 2, "小学": 1, "学好": 1, "语文": 1, "中学": 1, "学学": 1, "逻辑": 2, "发表": 1, "大论": 1, "宜": 1, "丢人现眼": 1, "Mate30ProVS": 1, "iPhone8Plus": 1, "和平": 1, "精英": 1, "打开": 3, "速度": 2, "对比": 1, "Mate30Pro": 2, "完胜": 1, "！": 19, "视频": 15, "来源": 1, "音L": 1, "搞机": 1, "小罗": 1, "​": 13, "吴军": 3, "回应": 2, "点评": 2, "腾讯": 4, "争议": 2, "：": 17, "中肯": 2, "评价": 2, "阿里": 20, "认可": 4, "此前": 2, "副总裁": 1, "四": 4, "互联网": 3, "引发": 1, "百度": 1, "苹果": 3, "吃老本": 1, "谷歌": 1, "平庸": 1, "ToB": 1, "基因": 1, "对此": 1, "称": 4, "特殊性": 1, "一向": 1, "好处": 1, "L": 2, "老板": 2, "联播": 2, "蓝": 1, "绿": 1, "厂": 1, "打架": 2, "打到": 1, "国外": 4, "充气": 1, "五": 1, "分钟": 1, "大战": 1, "小时": 2, "旁边": 2, "纷纷": 2, "国货": 2, "越来越": 3, "流行": 1, "随之": 1, "散播": 1, "老外": 1, "挺": 2, "节奏": 1, "L帝": 1, "官微": 1, "国产": 1, "偏见": 1, "技术": 2, "到位": 1, "入手": 1, "带": 1, "迪士尼试": 1, "试": 1, "真的": 5, "震撼": 1, "莱卡": 1, "电影": 6, "摄": 1, "名不虚传": 2, "逆光": 1, "夜景": 1, "广角": 1, "相机": 1, "成像": 1, "效果": 1, "9": 1, "款": 2, "拍摄": 4, "第一": 4, "安卓": 1, "系统": 1, "水平": 1, "有限": 1, "很": 11, "强大": 1, "外媒": 2, "报道": 2, "显示": 1, "数量": 2, "国": 3, "O": 2, "超过": 3, "信通": 3, "熊猫": 3, "观点": 1, "不少": 1, "附和": 1, "才": 1, "映射": 1, "当下": 2, "消费者": 6, "心态": 1, "畸形": 1, "九成": 1, "网友": 1, "学历": 1, "本科": 1, "事实": 1, "难": 3, "想象": 1, "市场": 4, "成熟": 1, "发达国家": 1, "一家": 3, "产品": 5, "卖": 4, "便宜": 5, "横加": 1, "指责": 1, "误国": 6, "高度": 6, "事实上": 1, "商品": 4, "价格": 6, "降低": 2, "生产": 3, "效率": 5, "提升": 5, "工业": 1, "革命": 1, "稀缺": 1, "大规模": 1, "量产": 1, "以往": 1, "王公": 1, "贵族": 1, "才能": 1, "涌进": 1, "寻常": 1, "百姓家": 1, "民富国强": 1, "落": 2, "帝国": 1, "就此": 1, "诞生": 2, "马克思": 1, "共产主义": 1, "宣言": 1, "「": 6, "」": 6, "描述": 1, "低廉": 1, "用来": 1, "摧毁": 1, "万里长城": 1, "征服": 1, "野蛮": 1, "顽强": 1, "仇外": 1, "心理": 1, "重炮": 1, "健康": 2, "经营": 1, "卖出": 1, "低": 4, "内部": 1, "高效率": 1, "方式": 1, "——": 3, "商业": 1, "模式": 2, "创新": 3, "带来": 4, "996": 2, "......": 1, "回到": 2, "当年": 6, "一代": 1, "1999": 4, "元": 7, "横空出世": 1, "整合": 1, "供应链": 1, "渠道": 1, "极限": 1, "扁平化": 1, "利用": 1, "中华": 4, "酷联": 2, "智能机": 2, "贵": 1, "这才": 1, "极速": 1, "机会": 1, "崛起": 1, "正是": 1, "借鉴": 1, "成功": 1, "经验": 2, "一点": 1, "余承东": 1, "提起": 1, "随后": 1, "红米": 1, "跨入": 1, "千": 5, "门槛": 1, "加速": 1, "我国": 2, "普及": 1, "4G": 2, "弯道": 1, "超车": 1, "奠定": 1, "规模": 1, "基础": 1, "这是": 5, "概念": 1, "不说": 2, "潘": 1, "九堂": 1, "提到": 1, "costco": 1, "运营": 3, "追求": 2, "SpaceX": 2, "生存": 2, "火箭": 1, "发射": 1, "成本": 1, "赢得": 1, "订单": 1, "筚路蓝缕": 1, "基站": 2, "竞争": 3, "对手": 2, "20%": 1, "竞争力": 3, "体现": 1, "爱国": 2, "国内": 4, "亚当•斯密": 1, "国富论": 1, "中将": 3, "个体": 1, "称为": 1, "经济人": 1, "指": 1, "理性": 2, "做出": 2, "利益": 3, "最大化": 1, "……": 2, "出于": 1, "本意": 1, "情况": 1, "经济学": 1, "养活": 1, "赚取": 1, "利润": 1, "用于": 1, "提高": 1, "质优价廉": 1, "自然": 1, "生产力": 1, "经费": 2, "思想": 1, "觉悟": 1, "买单": 1, "砸锅": 1, "铁炼": 1, "钢铁": 1, "区别": 1, "不用": 2, "买": 2, "家当": 1, "捐": 1, "XX": 1, "电": 1, "三": 1, "季度": 1, "投入": 4, "53亿": 1, "toC": 1, "数字": 1, "从来": 2, "单独": 1, "透露": 1, "业务": 3, "BG": 1, "费用": 4, "OV": 1, "不对": 2, "公开": 2, "沈义人": 1, "去年": 1, "年底": 1, "对外": 1, "宣传": 1, "2019年": 1, "全年": 1, "OPPO": 1, "40亿": 1, "陈明永": 1, "改口": 1, "100亿": 1, "上市": 3, "裁定": 1, "标准": 2, "列举": 1, "投入比": 1, "消费": 1, "电子": 1, "待遇": 2, "半": 1, "雷军": 2, "刚": 1, "拿出": 1, "1.63亿": 1, "奖励": 1, "380": 1, "人均": 1, "43万": 1, "国际": 2, "形象": 2, "售价": 1, "营销": 1, "充足": 1, "厂商": 1, "印度": 1, "年轻": 2, "500": 1, "早": 1, "2016年": 1, "代表": 1, "登上": 1, "Wired": 1, "杂志": 1, "版": 1, "封面": 1, "4": 3, "标题": 1, "it'stimetocopychina": 1, "难道": 4, "想": 7, "学": 1, "深马": 1, "风景": 1, "运动": 1, "CLUB": 1, "探索者们": 1, "手中": 1, "努力": 1, "进取": 1, "样子": 2, "向上": 1, "拼搏": 1, "姿态": 1, "奋斗": 2, "脚步": 1, "探索": 2, "未知": 1, "身影": 1, "记录": 1, "奔跑": 1, "画卷": 1, "段": 2, "超燃": 1, "致敬": 1, "只管": 1, "跑": 1, "": 2, "马拉松": 1, "L黑猫": 1, "黑": 1, "自拍": 5, "精致": 1, "猪猪": 1, "女孩们": 1, "生活": 1, "必不可少": 1, "工作": 6, "最多": 1, "内容": 2, "拍拍拍": 1, "模特": 3, "十多": 1, "就要": 1, "分享": 2, "同学": 1, "教": 2, "拍照": 1, "nova6": 3, "在家": 1, "速成": 1, "大片": 1, "随手": 1, "拍": 3, "摄影": 1, "L高靓Tina": 1, "千玺": 5, "nova星": 1, "今日": 1, "份": 1, "冬日": 1, "限定": 1, "温柔": 1, "nova": 2, "星球": 1, "ツ": 1, "渝鹤们": 2, "上午": 1, "来到": 2, "体沙": 1, "坪坝": 1, "华宇": 2, "赛玛": 2, "特华": 2, "授权": 2, "体验店": 2, "愉快": 1, "旅": 1, "无关": 1, "人间": 1, "无关风月": 1, "不见一日": 1, "皆": 2, "念想": 1, "笔": 1, "划": 1, "所想": 1, "念": 2, "跃然纸上": 1, "一平一仄": 1, "所感": 1, "胸": 1, "半日": 1, "互动": 1, "收获": 1, "满满": 1, "笑容": 1, "溢满": 1, "盛开": 1, "红色": 1, "感谢": 1, "沙坪坝": 1, "邀请": 1, "参与": 6, "期待": 2, "相聚": 1, "❤": 1, "TFBOYS": 5, "易烊": 8, "易烊千玺": 1, "粉丝团": 1, "联盟": 1, "官方": 1, "发布": 1, "头条": 1, "文章": 1, "财经": 1, "每日": 1, "必读": 1, "赚钱": 2, "季": 1, "周五": 2, "股权": 1, "/": 4, "公告": 1, "+": 6, "金融": 1, "(": 1, "券商": 1, "穿戴": 1, "能源": 1, "汽车": 1, "锂电": 1, "区块链": 1, "科创": 1, "基建": 1, "周期": 1, "养殖": 1, "板块": 3, "企稳": 1, "迹象": 1, ";": 1, "主板": 1, "放量": 1, "上涨": 1, "预设": 1, "明日": 3, "回落": 1, "观察": 3, "成交量": 1, "放大": 1, "强势": 2, "股": 2, "接力": 2, "亏": 1, "效应": 2, "减缓": 1, "南宁": 1, "百货": 1, "情绪": 2, "标杆": 1, "空间板": 1, "8板": 1, "首板": 1, "增加": 1, "大盘": 1, "涨停板": 2, "家数": 1, "背离": 1, "大概": 1, "修复": 1, "操作": 1, "难度": 1, "风险": 1, "偏好": 1, "1": 1, "套利": 1, "反弹": 1, "优": 1, "策略": 1, "吸": 1, "主线": 1, "人气股": 1, "超跌": 1, "创": 1, "轮动": 1, "补涨": 1, "吸富": 1, "一生": 1, "O量": 1, "壁纸图": 1, "壁纸": 3, "长": 1, "～": 1, "华为机": 1, "桌面": 1, "喜欢": 4, "随机": 1, "自定义": 1, "～​": 1, "周六": 1, "趟": 1, "杭州": 1, "美术": 1, "学院": 2, "同学们": 1, "场": 1, "Huawei": 1, "Mate30": 2, "x华": 1, "光影": 1, "鉴赏会": 1, "喜爱": 1, "观赏": 1, "采用": 1, "微电影": 1, "短片": 2, "曲江": 1, "涛": 1, "导演": 2, "执导": 1, "李": 2, "少红": 1, "监制": 1, "曲江涛": 1, "孙子": 1, "讲": 2, "有趣": 2, "亲情": 1, "故事": 3, "父子情": 1, "现场": 1, "笑声": 1, "实际上": 1, "理解": 1, "事情": 3, "毕竟": 1, "工具": 2, "专业": 1, "摄影机": 1, "创作者": 1, "影像": 2, "竖屏": 1, "美学": 1, "革新": 1, "方向": 1, "刚好": 1, "推荐": 1, "自带": 1, "追剧": 1, "综艺": 1, "看遍": 1, "芒果TV": 1, "优酷": 2, "海量": 1, "羡慕": 2, "记得": 1, "疯狂": 1, "还要": 1, "碟店": 2, "租碟": 2, "冬天": 1, "大风大雪": 1, "搭": 1, "公交车": 1, "市里": 1, "碟": 1, "真实": 1, "辛苦": 1, "有时候": 1, "18.19年": 1, "入坑": 2, "新粉": 1, "万众瞩目": 1, "天猫": 3, "代言": 3, "中戏": 2, "双料": 1, "男刊": 1, "满贯": 2, "女刊": 1, "质量": 1, "七七八八": 1, "意义": 1, "头衔": 1, "优秀": 1, "作品": 1, "演技": 1, "长安": 2, "票房": 1, "破": 2, "15亿": 1, "全民": 1, "热议": 1, "娱乐圈": 1, "众多": 1, "艺人": 1, "弟弟": 2, "想到": 3, "圈内": 1, "粉丝": 6, "猛增": 1, "唱": 2, "抢票": 1, "人数": 1, "百万": 1, "好像": 1, "基数": 2, "路人盘": 1, "数据": 1, "烊": 2, "玺": 4, "永远": 1, "骑": 3, "绝尘": 3, "死": 1, "忠粉": 1, "做事": 2, "叫动": 1, "正比": 1, "现象": 1, "不通": 1, "重视": 1, "线下": 2, "应援": 2, "能力": 1, "不用说": 1, "陪": 3, "！！！": 1, "脱饭": 1, "复兴": 1, "贡献": 1, "无与伦比": 2, "过不去": 1, "人民": 2, "敌人": 1, "我党": 1, "放": 2, "理念": 1, "电信": 17, "无惧": 1, "威胁": 2, "建设": 9, "北大": 3, "教授": 2, "张志学": 2, "占": 5, "全国": 5, "5.2%": 2, "专利": 2, "10%": 2, "12月": 1, "14日": 1, "光华": 2, "新年": 1, "论坛": 1, "管理": 1, "世界级": 1, "2018年": 1, "销售额": 1, "GDP": 1, "0.78%": 1, "科普": 1, "作战": 1, "13日": 2, "网络": 5, "总裁": 2, "兼": 2, "首席": 2, "执行官": 2, "西格韦·布雷克": 1, "未来": 1, "5": 1, "年内": 1, "改造": 1, "现有": 1, "供应商": 2, "维护": 2, "升级": 1, "O挪威": 1, "老人": 1, "配": 1, "路由器": 1, "大事": 1, "NFC": 1, "碰": 1, "配对": 1, "连上": 1, "费劲": 2, "扯": 1, "输": 1, "密码": 1, "整点": 1, "播": 1, "每经": 2, "24点": 3, "|": 3, "新华": 1, "Telenor": 1, "媒体": 1, "排除": 1, "布雷克": 1, "理由": 1, "推迟": 1, "合作": 3, "感到": 1, "满意": 2, "北欧": 1, "运营商": 2, "缅甸": 1, "巴基斯坦": 1, "泰国": 1, "马来西亚": 1, "用户": 1, "1亿": 1, "这家": 1, "10年": 1, "女": 2, "总理": 1, "组阁": 1, "19": 1, "部长": 1, "12": 1, "女性": 1, "85后O": 1, "爱立信": 6, "承认": 2, "行贿": 2, "贿赂": 1, "打败": 2, "司法部": 3, "设备商": 1, "17年": 1, "以此": 1, "增长": 1, "越南": 1, "印度尼西亚": 1, "科威特": 1, "沙特": 1, "吉布提": 1, "均行": 1, "过贿": 1, "美": 1, "起诉": 1, "和美": 1, "和解": 1, "缴纳": 1, "10亿": 1, "美元": 1, "罚金": 1, "折合": 1, "人民币": 1, "74亿": 1, "11月": 2, "25日": 1, "高调": 1, "签约": 1, "商用": 1, "合同": 9, "75": 1, "远": 1, "65": 1, "背后": 1, "肮脏": 1, "手段": 3, "公平": 1, "本事": 1, "挣钱": 1, "卑劣": 1, "获取": 1, "暂时": 1, "胜利": 1, "数码": 1, "刚才": 2, "本地": 1, "汉唐": 1, "书城": 1, "发现": 1, "查询": 1, "iPad": 1, "平板": 1, "银行": 1, "联通": 1, "营业厅": 1, "换成": 2, "集体": 1, "厉害": 1, "有失公允": 1, "等待": 2, "667": 2, "市值": 3, "4万亿": 4, "寄": 3, "漏洞百出": 1, "离职": 4, "证明": 8, "坊间": 1, "太平": 1, "网易": 1, "浪": 2, "瓜友们": 1, "应接不暇": 1, "废话": 1, "瓜": 1, "终于": 3, "收到": 2, "开具": 7, "解除": 8, "劳动": 7, "想当初": 1, "无数": 1, "拒": 1, "万般": 1, "无奈": 1, "拿起": 1, "法律": 1, "武器": 1, "权利": 1, "仲裁": 1, "一审": 2, "上诉": 1, "法院": 1, "判定": 2, "不予": 1, "有钱": 1, "确实": 1, "任性": 1, "六月": 1, "发函": 1, "渺无音讯": 1, "二审": 2, "判决": 2, "哭笑不得": 1, "做人": 2, "太": 2, "补开": 3, "问问": 1, "HR": 6, "开给": 2, "大爷": 1, "反正": 1, "当初": 1, "非法": 1, "胁迫": 1, "接受": 1, "给出": 1, "赔偿": 1, "合法": 3, "如今": 1, "拖到": 1, "出具": 3, "加上": 1, "字": 3, "底线": 3, "诚信": 1, "忽悠": 1, "卖命": 1, "可不": 1, "过分": 1, "良心": 1, "痛": 1, "请": 4, "阿里巴巴": 1, "材料": 3, "页": 1, "纸": 1, "纳闷": 1, "刚刚": 1, "号称": 1, "懂": 2, "«": 1, "共和国": 1, "合同法": 1, "实施": 1, "条例": 1, "»": 1, "第二十四": 1, "条": 1, "用人": 1, "单位": 2, "终止": 2, "写明": 1, "期限": 1, "日期": 1, "岗位": 1, "年限": 1, "东西": 1, "只能": 1, "毫无": 1, "花": 1, "小钱": 1, "正儿八经": 1, "尽快": 1, "依法": 1, "所需": 1, "劳动者": 4, "卑微": 1, "权益": 4, "心力": 1, "强硬": 1, "态度": 1, "网友们": 2, "予以": 1, "谴责": 1, "桃子": 1, "资本家": 4, "自觉": 1, "恶心": 1, "哥们": 1, "沃夫": 1, "不好意思": 1, "承诺": 2, "天下": 1, "生意": 1, "精神": 2, "kpi": 1, "折": 1, "民企": 1, "条件": 1, "打破": 1, "成文": 1, "过客": 1, "表面": 1, "明明": 1, "干": 1, "邪恶": 1, "粉饰太平": 1, "一大": 1, "群": 1, "脑残粉": 1, "无脑": 1, "拥护": 1, "支持": 1, "维权": 1, "恒大": 1, "恶": 1, "会见": 1, "天日": 1, "不作恶": 1, "违反": 1, "劳动法": 1, "偏偏": 1, "堆": 1, "无产阶级": 1, "孝子贤孙": 1, "自嗨": 1, "实在": 1, "脑子": 1, "馥莉": 1, "踩": 1, "脚下": 1, "践踏": 1, "美其名曰": 1, "叫好": 2, "有意思": 1, "想想": 2, "天天": 1, "加班费": 1, "年龄": 1, "生病": 1, "辞退": 1, "恐怖": 1, "无语": 1, "SiO": 1, "风格": 1, "不久以后": 1, "遭受": 1, "环境": 1, "饶过": 1, "看门狗": 1, "狠": 1, "参考": 1, "拯救": 1, "姜哥": 1, "黑人": 1, "管家": 1, "值得": 1, "记住": 1, "件": 1, "事儿": 1, "职场": 1, "筷子": 1, "练熟": 1, "学会": 1, "穿": 1, "汉服": 1, "老旧": 1, "换上": 1, "新款": 1, "临走": 1, "带回": 1, "倒卖": 1, "挣": 2, "差价": 1, "往返": 1, "回来": 1, "大快朵颐": 1, "交换生": 1, "青岛": 2, "吃": 1, "习惯": 1, "胃口": 2, "甭": 1, "操心": 1, "座": 1, "海滨": 1, "城市": 1, "🏖️": 1, "海洋": 2, "·": 2, "家俊": 1, "kkkkkarchun&TingTing": 1, "坐": 1, "nova65": 1, "G手机": 1, "周末": 3, "画报": 3, "CoverStory": 1, "图片": 1, "墙": 1, "聊": 2, "🤳": 1, "ModernStudio": 1, "STYLE": 1, "iWeekly": 1, "上海": 1, "8号": 1, "桥": 1, "创意": 1, "园​": 1, "玊尔": 1, "演唱会": 1, "1128十九": 1, "生日": 1, "快乐": 1, "随意": 1, "哼唱": 1, "简直": 1, "苏": 1, "炸": 1, "歌": 1, "听": 1, "全都": 1, "千玺cr:L烊": 1, "倒": 1, "秒拍": 1, "​​": 1, "千玺yyqx": 1, "千千": 1, "烊烊": 1, "小烊": 1, "千帅": 1, "可爱": 1, "十二": 1, "时辰": 1, "必华": 1, "代言人": 2, "adidasneo易烊": 1, "XadidasOriginalsXadidasneo": 1, "双线": 1, "优益": 1, "C百草味": 1, "依云": 1, "喜马拉雅": 1, "K冷静": 1, "热情": 2, "之间": 1, "K念": 1, "千玺KIAdoreYou": 1, "深圳": 2, "万象天地": 1, "旗舰店": 1, "逛": 2, "店里": 4, "店": 1, "高大上": 1, "装修": 1, "布置": 1, "舒服": 1, "素质": 1, "男帅": 1, "漂亮": 1, "服务": 1, "眼镜": 1, "酷": 1, "可惜": 1, "MateX折": 1, "叠屏": 1, "展示柜": 1, "上手": 1, "Anyway": 1, "男": 2, "朋友": 1, "两点": 1, "体验": 1, "帅哟": 1}