{"雷军": 4, "称": 2, "小米": 17, "华为": 57, "相爱": 3, "相杀": 3, "昨日": 1, "新品": 2, "发布会": 6, "提及": 1, "竞争": 1, "：": 14, "世界": 7, "刻骨铭心": 1, "仇恨": 1, "友商": 6, "真的": 2, "拥有": 2, "幸运": 1, "懂": 1, "肯定": 2, "爱": 1, "携手": 1, "同行": 1, "关系": 2, "11月": 8, "5日": 2, "欧洲": 3, "开发者": 6, "大会": 4, "HUAWEIDeveloperDayEurope": 2, "亮相": 2, "全球": 5, "网络": 2, "峰会": 2, "WebSummit": 2, "千": 2, "名": 2, "合作": 2, "伙伴": 2, "迎接": 2, "5G": 6, "+": 2, "X": 4, "带来": 5, "无限": 2, "机遇": 2, "构建": 2, "场景": 2, "智慧": 5, "生态": 4, "HMS": 4, "持续": 2, "开放": 4, "耀星": 2, "计划": 4, "投入": 2, "10亿": 2, "美元": 2, "资源": 2, "激励": 2, "赋能": 2, "创新": 2, "本次": 2, "精彩纷呈": 2, "Workshop": 2, "主题": 5, "演讲": 3, "介绍": 2, "能力": 2, "服务": 3, "开发": 2, "注入": 2, "动能": 2, "；": 4, "精心": 2, "布置": 2, "互动": 2, "展区": 2, "、": 17, "Codelabs": 2, "编程": 2, "竞赛": 2, "参观者": 2, "美好": 2, "生活": 2, "体验": 2, "都": 11, "好奇": 1, "棚户区": 1, "男孩": 1, "平时": 1, "穿搭": 2, "拍照": 2, "搭配": 2, "技巧": 1, "访谈": 1, "形式": 1, "分享": 1, "帅气": 1, "减肥": 1, "秘密": 1, "带上": 1, "WatchGT#2": 1, "只管": 1, "跑": 1, "​": 17, "北京": 2, "秋": 1, "短暂": 1, "美": 1, "足够": 1, "惊艳": 1, "手机": 20, "摄于": 1, "正觉寺": 1, ".": 3, "五塔寺": 1, "CC9Pro长": 1, "焦": 1, "对比": 2, "P30Pro": 2, "OPPO": 1, "Reno10": 3, "倍": 11, "焦版": 1, "第一": 3, "变焦": 9, "第二": 3, "5": 3, "默认": 1, "6": 1, "第三": 1, "10": 3, "第四": 1, "50": 3, "焦下": 1, "数码": 1, "解析力": 1, "CC9Pro": 5, "光学": 2, "画面": 1, "噪点": 1, "下三者": 1, "长": 1, "查看": 1, "原图": 1, "自行": 1, "三星": 2, "正式": 1, "公布": 1, "折叠屏": 3, "GalaxyFold": 1, "价格": 1, "15999": 1, "元": 2, "MateX5G": 1, "折": 1, "叠屏": 1, "便宜": 1, "1000": 1, "喜欢": 4, "款": 2, "阿华": 1, "灵魂": 1, "FreeBuds": 2, "3": 2, "一个": 5, "中文": 1, "名字": 1, "希望": 2, "评论区": 1, "说出": 1, "答案": 1, "随机": 2, "抽": 2, "送华": 1, "FreeBuds3一": 1, "颜色": 1, "截止": 1, "12日": 1, "23:00": 1, "​O": 2, "抽奖": 2, "详情": 3, "短": 1, "年轻人": 2, "收获": 1, "人生": 1, "亿": 1, "买": 3, "台": 2, "！": 7, "本场": 1, "输家": 1, "视频": 12, "星": 1, "L短": 1, "任正非": 20, "咖啡": 6, "对话": 11, "数字": 6, "主权": 5, "今日": 1, "下午": 3, "创始人": 4, "新加坡": 2, "国立": 2, "大学": 2, "李光耀": 2, "公共": 2, "政策": 2, "学院": 2, "创始": 2, "院长": 2, "马凯硕": 2, "智能": 7, "工厂": 3, "工业": 4, "4.0": 3, "精神": 2, "父": 3, "德国": 3, "生产": 4, "自动化": 3, "教授": 3, "DetlefZuehlke": 3, "展开": 1, "新浪": 1, "科技": 1, "直播": 4, "越南": 4, "代言人": 4, "感受": 1, "#趣": 1, "一亿像素": 1, "相机": 1, "DXO": 1, "登顶": 1, "雷": 2, "全程": 1, "骚话": 1, "连篇": 1, "激情": 1, "解释": 1, "「": 1, "干": 2, "翻": 2, "」": 1, "转发": 2, "评论": 1, "L李杰灵": 1, "6日": 5, "深圳": 4, "坂田": 1, "F1-1C": 1, "新闻": 1, "发布厅": 1, "大咖": 1, "探讨": 1, "关注": 1, "Mate30": 2, "预装": 1, "谷歌": 2, "系统": 3, "销售量": 2, "很": 3, "活动": 3, "美国": 2, "停止": 1, "供应": 1, "销售": 1, "影响": 2, "海外": 1, "接受": 3, "系列": 2, "@": 3, "NBD": 2, "LNBD": 2, "​​​": 1, "店铺": 1, "首页": 1, "预览": 1, "加购": 1, "微淘": 1, "直播间": 1, "抽送": 1, "超": 3, "好看": 1, "📱": 1, "快": 2, "这次": 1, "国潮": 2, "代表性": 1, "定制": 3, "✌️": 1, "版本": 2, "中国": 5, "卫裤": 1, "旧款": 1, "水洗": 1, "工艺": 1, "超爱": 1, "复古": 1, "历史感": 1, "蓝色": 1, "🔹": 1, "传统": 2, "书法": 1, "字体": 1, "标视": 1, "觉识": 1, "别度": 1, "用料": 1, "99": 1, "棉": 1, "上身": 1, "超级": 2, "舒服": 1, "棉裤": 1, "舒适感": 1, "👍卫": 1, "衣料": 1, "活力": 1, "橙🍊": 1, "标时髦": 1, "现代感": 1, "十足": 1, "黑豹": 1, "绵羊": 1, "毛": 1, "打底": 1, "灯芯": 1, "绒面": 1, "包": 1, "棉服": 1, "套": 1, "💯": 1, "零": 1, "梦": 1, "11/11": 1, "0点": 1, "开拍": 1, "抛掉": 4, "纷扰": 2, "烦恼": 2, "预售": 2, "开启": 1, "戴上": 2, "静": 2, "演员": 2, "模特": 1, "双重": 1, "身份": 1, "颜值": 2, "气质": 2, "水平": 2, "去年": 2, "12月": 1, "1日": 1, "公主": 1, "孟晚舟": 3, "加拿大": 4, "转机": 1, "忽然": 1, "被捕": 1, "调解": 1, "无效": 1, "其后": 1, "中方": 2, "发现": 2, "输华肉": 2, "产品": 4, "卫生": 2, "证书": 2, "签发": 2, "漏洞": 1, "暂停": 1, "进口": 2, "肉类": 1, "10月": 1, "25日": 1, "75": 1, "岁": 1, "生日": 1, "脚戴": 1, "电子": 3, "镣铐": 1, "发": 1, "朋友圈": 1, "回来": 1, "9日": 1, "近期": 1, "评估": 1, "加方": 1, "提出": 2, "整改": 1, "同意": 1, "恢复": 2, "政府": 2, "主管": 1, "部门": 1, "回国": 1, "老外": 1, "游": 1, "支付": 1, "猪肉": 1, "财经": 1, "头条": 1, "管理": 3, "否决权": 4, "还要": 1, "继承": 1, "早已": 1, "票": 1, "继承权": 2, "家人": 1, "公司": 2, "选举": 1, "人员": 1, "轮流": 1, "FreeBuds3": 1, "全网": 1, "独家": 2, "UNINE": 1, "听": 2, "UNINE": 3, "音频": 2, "9": 1, "温柔": 1, "男声": 1, "戳": 1, "猜出": 1, "戳O": 1, "网页": 1, "链接": 1, "完整": 1, "应援": 1, "打榜": 1, "每日": 1, "支持": 1, "最多": 1, "成员": 1, "APP": 1, "开屏": 2, "单人": 1, "李汶翰": 1, "送": 1, "香奈儿": 1, "口红": 2, "L华": 1, "终端": 1, "O抽奖": 1, "有意思": 2, "数据": 1, "2019年": 3, "9月": 1, "国内": 3, "市场": 4, "总体": 2, "出货量": 4, "3623.6万": 1, "同比": 3, "下降": 2, "7.1%": 1, "1-9月": 1, "2.87亿": 1, "5.7%": 1, "苹果": 5, "IPHONE11": 1, "销量": 1, "远": 2, "预期": 1, "通知": 1, "供应商": 1, "增加": 1, "产量": 1, "全年": 1, "iPhone": 1, "有望": 1, "突破": 1, "8000万": 1, "业务": 1, "三季度": 2, "发货量": 1, "超过": 2, "1.85亿": 1, "增长": 1, "26%": 1, "军嘴": 1, "代表": 1, "敌视": 1, "感谢": 1, "装": 1, "恨": 1, "咬牙切齿": 1, "19年": 1, "单季": 1, "份额": 3, "同期": 1, "24.9%": 1, "暴涨": 1, "42.4%": 1, "代价": 1, "OV": 2, "萎缩": 1, "细节": 1, "22%": 1, "回落": 2, "17.5%": 1, "幅度": 3, "20%": 1, "7%": 1, "掉到": 1, "5.2%": 1, "25%": 1, "13.1%": 1, "跌到": 1, "9%": 1, "31%": 1, "三": 2, "也就是说": 1, "大幅": 1, "挤占": 1, "憋屈": 1, "惨": 1, "股价": 1, "一目了然": 1, "9HKD": 1, "晃荡": 1, "坐实": 1, "腰斩股": 1, "成就": 1, "菩萨": 1, "一点": 1, "火气": 1, "蝴蝶": 1, "效应": 2, "消费品": 1, "整体": 1, "潜在": 1, "需求": 1, "经济": 2, "触底": 1, "客观": 1, "事实": 1, "接下来": 1, "导致": 1, "十一": 1, "化妆品": 1, "超越": 1, "预售额": 1, "雅诗兰黛": 1, "兰蔻": 1, "欧莱雅": 1, "取代": 1, "海尔": 1, "对么": 1, "一环扣一环": 1, "问华": 1, "安装": 2, "后门": 2, "回应": 2, "总部": 2, "举办": 1, "邀请": 1, "联合国": 1, "安理会": 1, "主席": 2, "对谈": 1, "问到": 1, "到底": 2, "信息": 3, "永远": 1, "都会": 1, "技术": 4, "解决": 2, "最终": 1, "法律": 1, "汽车": 1, "制造商": 2, "车祸": 1, "承担": 1, "责任": 1, "设备": 1, "国家": 1, "遵循": 1, "各国": 1, "监管": 1, "记者": 1, "范凌志": 1, "好像": 1, "忘": 1, "……": 2, "挺美": 1, "调查": 1, "国产": 2, "品牌": 2, "看好": 2, "加速": 2, "人工": 3, "到来": 2, "总裁": 1, "未来": 2, "发展": 2, "蓬勃": 1, "社会": 3, "想象": 2, "70-80年": 1, "大规模": 1, "存储": 1, "连接": 2, "做好": 1, "光纤": 1, "提高": 1, "效率": 1, "财富": 1, "畅连": 1, "通话": 1, "私人": 1, "健身房": 1, "家里": 1, "屏": 1, "用来": 1, "看剧": 1, "全家": 1, "收益": 1, "园区": 1, "F1": 1, "展厅": 2, "参观": 1, "传说": 1, "微波": 2, "圆盘": 1, "微波天线": 1, "很多": 2, "前阵子": 1, "央视": 1, "采访": 1, "谈": 1, "Mbps": 1, "提升": 1, "Gbps": 1, "傻": 1, "底气": 1, "米兰": 1, "研究所": 1, "这项": 1, "了不起": 1, "革新": 1, "做出": 1, "贡献": 1, "该所": 1, "所长": 1, "电信": 1, "标准": 1, "协会": 1, "毫米": 1, "波": 1, "传输": 1, "行业": 1, "规范组": 1, "天价": 1, "请": 1, "顶级": 1, "专家": 1, "信息量": 1, "内行": 1, "门道": 1, "空时": 1, "一一": 1, "·": 1, "研发": 1, "中心": 1, "〔F区": 1, "〕": 1, "算": 1, "30": 1, "W充": 1, "电器": 1, "0%": 1, "100%": 1, "充电": 3, "时间": 1, "确实": 1, "40W": 2, "速度": 1, "前期": 1, "快速": 1, "环节": 1, "不错": 1, "~": 1, "小白": 1, "测评": 1, "数据库": 1}