{"华为": 66, "Mate30": 12, "系列": 8, "5G版": 4, "今日": 5, "开售": 13, "！": 19, "搭载": 1, "麒麟9905": 1, "GSoC": 1, "芯片": 1, "5G": 24, "模全": 1, "网通": 1, "速度": 2, "构建": 1, "联接": 1, "镜头": 1, "再造": 1, "光影": 1, "美": 3, "重构": 2, "想象": 2, "L华": 3, "终端": 4, "官方": 7, "视频": 22, "​": 14, "手机": 22, "分钟": 11, "卖": 5, "1亿": 4, "全球": 4, "出货量": 8, "三季度": 4, "连超": 2, "苹果": 9, "11月": 6, "1日": 5, "正式": 8, "4999": 4, "元": 6, "起售": 2, "消息": 3, "10:15": 3, "1": 7, "销售额": 5, "亿": 4, "数据": 5, "显示": 5, "2019年": 2, "第三": 5, "季度": 5, "智能": 3, "暴涨": 2, "29%": 2, "居": 2, "三星": 3, "位列": 2, "第二": 5, "下降": 6, "7%": 2, "连续": 2, "超": 3, "选择": 2, "购买": 2, "想": 5, "一个": 10, "翱翔": 1, "天空": 2, "少年": 3, "挑战": 1, "之内": 1, "学会": 1, "Ollie": 1, "nova5": 1, "iProL": 1, "刘阳": 1, "Cary": 1, "Mate305G": 1, "热销": 1, "概念股": 1, "全线": 1, "飘红": 1, "中国": 5, "、": 9, "联通": 1, "电信": 1, "三大": 2, "运营商": 2, "上线": 2, "商用": 2, "套餐": 3, "商城": 3, "获悉": 1, "10:08": 1, "售价": 2, "@": 3, "究竟": 2, "L": 1, "秒拍": 6, "任正非": 4, "三": 3, "孩子": 2, "姓氏": 2, "女儿": 4, "孟晚舟": 2, "都": 19, "很": 12, "熟悉": 2, "第一": 4, "妻子": 4, "跟随": 6, "母亲": 4, "姓": 6, "公司": 9, "副董事长": 2, "CFO": 2, "儿子": 2, "任平": 2, "父亲": 2, "工作": 6, "低调": 2, "不显山不露水": 2, "姚安娜": 2, "总和": 2, "姚凌": 2, "青春": 2, "靓丽": 2, "哈佛": 2, "读": 2, "大学": 2, "李召军": 1, "正能量": 1, "五环短": 1, "L五环": 1, "短": 1, "HUAWEIMate30Pro5G": 1, "~": 4, "皮质": 1, "后盖": 1, "手感": 2, "确实": 1, "优秀": 1, "橙色": 1, "配": 1, "金色": 1, "搭配": 2, "高级": 2, "稍微": 1, "厚": 1, "丢": 2, "小伙伴": 1, "版": 1, "✋": 1, "HR": 22, "实话": 2, "判断": 1, "外传": 2, "不利": 1, "保证": 1, "绝不": 1, "真的": 3, "建议": 4, "看一看": 1, "胡玲": 6, "长文": 1, "帖子": 3, "控诉": 3, "一家": 1, "规模": 1, "超过": 1, "级别": 1, "企业": 8, "内部": 1, "论坛": 1, "曝光": 1, "机制": 1, "也就是说": 1, "施压": 1, "辞职": 1, "疾呼": 2, "员工": 21, "莫名其妙": 1, "穿": 2, "小鞋": 1, "不至于": 1, "世界": 2, "好人": 7, "坏人": 3, "薛定谔": 1, "猫": 1, "考验": 3, "面对": 1, "胡工": 2, "写": 6, "明明白白": 1, "：": 4, "岗位": 5, "职责": 5, "领导": 8, "意志": 4, "发生": 1, "分歧": 1, "基层": 1, "取舍": 1, "关系": 3, "管理": 5, "一线": 3, "生产": 1, "部门": 3, "处境": 1, "着想": 1, "一点": 1, "很多": 2, "班车": 4, "食堂": 3, "加班": 13, "过于": 1, "严苛": 1, "反馈": 1, "天天": 1, "时间": 3, "琢磨": 1, "清退": 2, "算": 1, "劝": 1, "小看": 1, "考勤": 2, "挖掘": 1, "挖出": 2, "无效": 1, "划水": 2, "顺便": 1, "听到": 1, "天下": 1, "一家亲": 1, "老板": 9, "雇HR": 1, "花钱": 1, "目的": 1, "自然": 1, "赚": 1, "钱": 9, "赚钱": 1, "站": 1, "立场": 1, "权益": 2, "新人": 1, "包括": 1, "刚": 2, "入职": 1, "这是": 3, "好事": 1, "一腔热血": 1, "调研": 2, "辛苦": 2, "图表": 1, "报告": 1, "拿到": 1, "上级": 2, "面前": 1, "大声": 1, "一两": 1, "聪明": 1, "年轻人": 1, "意识": 1, "所在": 1, "收敛": 1, "锋芒": 1, "倒向": 1, "为名": 1, "除草": 1, "难凉": 1, "热血": 2, "这次": 1, "局势": 1, "不对": 1, "付出": 1, "代价": 1, "好报": 1, "典型": 1, "例子": 1, "或许": 1, "吃饭": 2, "良心": 1, "饭碗": 2, "改善": 2, "伙食": 1, "赚到": 1, "抱歉": 2, "明明": 1, "……": 3, "说不定": 1, "对面": 1, "谈话": 1, "为难": 1, "可惜": 1, "得选": 1, "忍": 1, "不住": 1, "发": 2, "问卷": 1, "调查": 3, "提": 4, "意见": 2, "署名": 2, "千万": 1, "告诉": 1, "字": 2, "线上": 1, "提交": 1, "拿来": 1, "混在": 1, "打乱": 1, "顺序": 1, "汇总": 1, "文员": 1, "有人": 1, "昨晚": 1, "参加": 3, "畅享": 8, "10": 8, "潮酷": 1, "幻夜": 4, "派对": 3, "简直": 2, "嗨": 1, "翻天": 1, "极致": 2, "暗夜": 2, "拍照": 4, "体验": 4, "炫酷": 1, "夜光": 1, "喷绘": 1, "惊喜": 1, "盲盒": 1, "玩": 1, "开心": 2, "现场": 2, "实力派": 2, "&": 1, "颜值": 1, "爆表": 1, "主角": 1, "硬": 1, "核圈粉": 1, "炫彩": 1, "新颖": 1, "外表": 1, "惊艳": 1, "强悍": 1, "夜拍": 2, "性能": 3, "心动": 1, "得分": 1, "台": 2, "高颜值": 1, "神器": 2, "带": 1, "回家": 1, "~~​": 1, "市场": 2, "9780万": 1, "去年": 2, "同期": 1, "3%": 1, "除华": 1, "厂商": 1, "均": 1, "低于": 1, "20%": 1, "份额": 2, "小米": 2, "13.1%": 1, "9%": 1, "同比": 1, "33%": 1, "。。。。。": 1, "学弟": 1, "学妹": 1, "抛弃": 1, "蜜蜂网": 1, "科技": 1, "iPhone11Pro": 2, "深度": 1, "本期": 1, "围绕": 2, "Mate30Pro": 1, "Note10": 1, "+": 2, "相机": 1, "前置": 1, "后置": 2, "拍摄": 2, "录音": 1, "对比": 2, "生态": 1, "粗略": 1, "看法": 1, "留言": 1, "讨论": 2, "感谢": 2, "关注": 2, "支持": 3, "鼓励": 1, "努力": 2, "制作": 1, "内容": 1, "呈现": 1, "谢谢": 1, "LDaniel": 1, "吴涛": 1, "爆品": 1, "7": 1, "七": 1, "京东": 1, "通讯": 1, "排行榜": 1, "单品": 1, "销量榜": 1, "Mate30Pro5G": 3, "排": 1, "Mate305": 1, "G排": 1, "昨天": 1, "受邀": 1, "活动": 2, "打卡": 1, "多种": 1, "主题": 1, "视觉": 1, "10一": 1, "探索": 1, "拥有": 3, "4800万": 2, "超清": 2, "双摄": 2, "暗": 1, "环境": 1, "压力": 1, "三脚架": 1, "手持": 1, "收获": 1, "超级": 1, "夜景": 2, "随时": 1, "捕捉": 1, "夜": 1, "好看": 3, "在手": 1, "酷炫": 1, "全息": 2, "幻彩": 2, "设计": 3, "采用": 2, "盗梦": 1, "空间": 1, "时空": 1, "概念": 1, "纳米": 1, "纹理": 1, "技术": 1, "带来": 3, "颠覆性": 1, "效果": 1, "晚上": 2, "举办": 1, "凸显": 1, "色彩": 1, "记录": 2, "～": 2, "民意": 2, "资费": 1, "公布": 1, "；": 3, "备受": 1, "迎来": 1, "轮": 1, "购机潮": 1, "热潮": 1, "之下": 1, "一番": 1, "剑拔弩张": 1, "景象": 1, "对此": 2, "梨": 1, "展开": 1, "5": 1, "G香": 1, "香": 1, "L梨": 1, "打飞": 1, "太": 4, "值得": 2, "好好": 2, "分享": 1, "惹": 1, "树上": 1, "南瓜": 1, "灯": 1, "羽毛": 1, "翅膀": 1, "背景": 1, "墙": 1, "led": 1, "彩线": 1, "灯帘": 1, "临时": 1, "tatoo": 1, "安排": 1, "尽情": 1, "拍": 4, "旁边": 1, "照片": 1, "打印": 1, "探": 1, "过路": 1, "四": 2, "色": 1, "喜欢": 1, "境": 1, "无云": 1, "蓝天": 1, "放": 1, "近乎": 1, "隐身": 1, "摸": 2, "滑溜溜": 1, "自pei": 1, "完胜": 1, "超长": 1, "待机": 1, "功能": 3, "千": 1, "性价比": 1, "超高": 2, "唯一": 1, "遗憾": 1, "自拍": 1, "服装": 1, "再有": 1, "机会": 1, "搞": 5, "鬼娃娃": 1, "版本": 3, "4G": 2, "跑分": 2, "麒麟": 2, "9905G": 2, "提升": 2, "CPU": 1, "核": 1, "GPU两者": 1, "差距": 1, "不大": 2, "安兔兔": 1, "两万分": 1, "来自于": 1, "闪存": 1, "功耗": 1, "小白": 1, "测评": 1, "数据库": 1, "王": 1, "大脸": 1, "vlog": 1, "探秘": 1, "乌镇": 2, "戏剧节": 2, "终于": 1, "来到": 1, "——": 1, "1300": 1, "历史": 1, "小镇": 1, "感受": 2, "魅力": 1, "好吃": 1, "热闹": 1, "好玩": 1, "长街宴": 1, "偶遇": 1, "夸": 1, "帅": 1, "粉丝": 2, "眼光": 1, "盛大": 1, "宴会": 1, "Pro5G": 1, "4000万": 1, "徕卡": 1, "摄像头": 1, "清夜": 1, "摄": 1, "夜幕": 1, "场景": 2, "清晰": 1, "展现": 1, "轻松": 1, "智慧屏": 1, "畅连": 1, "生活": 2, "无限": 1, "反向": 1, "充电": 1, "AI": 2, "识别": 2, "实用": 1, "身边": 1, "贴心": 1, "助手": 1, "十一大": 1, "开启": 1, "快": 2, "瞧瞧": 1, "L王": 1, "义博": 1, "好物": 1, "推荐": 1, "咯": 1, "新出": 2, "FreeBuds#3": 2, "无线": 1, "耳机": 2, "惊艳到": 1, "圆": 1, "弧形": 1, "外壳": 1, "海豚": 1, "仿生": 1, "贴合": 1, "耳道": 1, "佩戴": 1, "舒适": 1, "抗干扰": 1, "能力": 2, "降噪": 1, "一大": 1, "亮点": 1, "入手": 1, "这几天": 1, "篇": 1, "人力": 2, "资源": 1, "火爆": 2, "妹纸": 2, "负责": 1, "收集": 1, "程序员们": 1, "餐饮": 1, "满意": 1, "上司": 1, "名单": 1, "交": 1, "解决": 2, "同意": 1, "爆": 1, "哈哈哈": 1, "精髓": 1, "控述": 4, "160": 4, "小时": 5, "怀疑": 2, "造假": 4, "逼": 2, "哭": 3, "10月": 1, "30日": 1, "资源部": 1, "长帖": 1, "举报": 1, "导师": 2, "杨瑞峰": 1, "高雁": 1, "懒政": 1, "失职": 1, "细节": 2, "直指": 1, "政策": 2, "导向": 1, "文化": 4, "举例": 1, "健身房": 2, "锻炼": 1, "杨": 1, "情况": 1, "业务": 1, "HR们": 1, "挖": 1, "苟同": 1, "称": 1, "研发": 6, "兄弟们": 1, "占用": 1, "休息": 1, "免费": 1, "调休": 1, "难道": 1, "运动": 3, "建": 1, "来源": 1, "市界": 1, "O华": 2, "胡羚": 1, "实名": 5, "举报华": 1, "引发": 1, "瓜": 1, "越来越": 1, "名著": 1, "告": 1, "书": 1, "居然": 1, "猝死": 1, "案例": 1, "事件": 1, "知乎": 1, "感觉": 1, "人物": 1, "好多": 1, "职场": 1, "永远": 1, "矛盾": 1, "阿里巴巴": 1, "那种": 2, "高端": 1, "驭人术": 1, "西方": 1, "麦当劳": 1, "肯德基": 1, "升级": 1, "进阶版": 1, "高薪": 1, "凝聚力": 1, "自觉": 1, "氛围": 3, "感染": 1, "向上": 1, "主动": 1, "象征": 1, "个头": 1, "团队": 3, "集体": 1, "自动": 2, "推": 1, "走": 1, "玩法": 1, "一般来说": 1, "画虎不成反类犬": 1, "推进": 1, "只能": 1, "权威": 1, "经验": 1, "洗脑": 1, "反复": 1, "洗": 1, "累": 3, "套": 1, "方法": 1, "核心": 4, "在于": 2, "待遇": 4, "打造": 1, "画": 1, "大饼": 1, "没用": 1, "这时候": 1, "关键": 1, "厉害": 2, "创始人": 2, "创业": 1, "充足": 1, "口绽": 1, "莲花": 1, "传销": 1, "一流": 1, "到底": 2, "学": 1, "技能": 1, "不言而喻": 1, "美国": 1, "CNBC": 1, "驻华": 1, "记者": 1, "启动": 1, "下载": 1, "提高": 1, "倍": 1, "L寰亚SYHP": 1, "合格": 1, "男孩": 1, "WatchGT#2": 1, "神仙": 1, "安利": 1, "打电话": 1, "听": 1, "音乐": 1, "休闲": 1, "耽误": 1, "L华为": 1, "马赛克": 1, "1.0": 1, "姐弟": 1, "录": 2, "30pro": 1, "马上": 1, "导": 1, "！！！": 1, "憋闷": 1, "爆哭": 1, "甜": 3, "背后": 1, "既许": 1, "偏爱": 1, "尽余生": 1, "慷慨": 1, "特么": 1, "web": 1, "L墨者": 1, "柒柒": 1, "2012": 1, "实验室": 1, "爆出": 1, "大料": 1, "160多": 1, "关心": 1, "长": 1, "吃": 1, "块": 1, "一对": 1, "大闸蟹": 1, "32": 1, "岁": 2, "绩效": 2, "B": 1, "劝退": 1, "40": 1, "同事": 1, "上班": 1, "鱼": 1, "连B": 1, "随心所欲": 1, "瞠目结舌": 1, "五千": 1, "兄弟": 1, "易烊": 5, "千玺": 2, "IAdoreYou": 1, "11": 1, "约定": 1, "梨涡": 1, "追光": 1, "顶级": 1, "全能": 1, "偶像": 1, "朗月清风": 1, "最佳": 2, "品牌": 1, "代言": 1, "商业": 1, "价值": 1, "标杆": 2, "舞蹈": 1, "王子": 1, "灵魂": 1, "画手": 1, "经济": 1, "封面": 2, "声控": 1, "福利": 1, "新声蓬勃": 1, "未来": 1, "可期": 1, "绅士": 1, "风范": 1, "百炼成钢y": 1, "yq": 3, "x酷yy": 1, "qx": 8, "可爱": 1, "yy": 4, "中戏": 1, "x中戏y": 1, "x天猫yy": 1, "舒适圈yy": 1, "短发yy": 1, "歌": 1, "舞蹈yyqx": 1, "发型": 1, "yyqx": 1, "千禧龙": 1, "TFBOYS": 2, "千玺K": 1, "陷落": 1, "美好": 1, "KFall-TFBOYS": 1, "千玺KIAdoreYou": 1, "千玺L": 1, "宇宙": 1, "限量": 1, "深圳": 2, "施行": 1, "垃圾": 3, "分类": 3, "朋友们": 1, "自研": 1, "HUAWEIAirLens": 1, "AI帮": 1, "种类": 1, "座": 1, "城市": 1, "规则": 1, "键": 1, "切换": 1, "循环": 1, "智慧": 1, "持续": 1, "发展": 1, "初心": 1, "起点": 1, "转评": 1, "抽": 1, "送": 1, "音箱": 1, "服务": 1, "​O": 1, "抽奖": 1, "详情": 1}