{"明星": 5, "偷税": 2, "吸毒": 2, "原谅": 2, "袁隆平": 3, "买": 11, "华为": 61, "手机": 8, "羞辱": 2, "这才": 2, "时代": 2, "悲哀": 2, "！": 23, "央视": 1, "专访": 1, "​": 16, "南木": 1, "大叔": 1, "造谣者": 3, "胆子": 3, "近日": 3, "公司": 15, "媒体": 8, "编造": 3, "支持": 8, "企业": 5, "居然": 3, "国内": 4, "四": 4, "运营商": 5, "、": 52, "联通": 18, "迎来": 3, "动作": 3, "5G": 23, "合作商": 3, "终于": 3, "可惜": 3, "谣言": 6, "中国": 31, "合作": 10, "采购": 5, "颠倒": 3, "黑白": 3, "主观": 3, "臆断": 3, "肆意": 3, "歪曲": 3, "恶意": 3, "诽谤": 3, "博眼球": 2, "毫无": 2, "底线": 2, "谴责": 2, "居心不良": 2, "凭空": 4, "捏造": 4, "滥": 4, "扣帽子": 4, "煽动": 2, "公众": 2, "情绪": 2, "误导": 2, "社会": 5, "舆论": 2, "极度": 2, "负": 2, "责任": 6, "造谣": 2, "污蔑": 2, "保留": 2, "法律": 2, "手段": 2, "维护": 2, "合法": 2, "权益": 2, "权利": 2, "国有": 2, "大型": 2, "骨干": 1, "央企": 1, "站稳": 1, "政治": 4, "立场": 1, "时刻": 1, "牢记": 1, "肩负": 1, "经济": 6, "坚定": 1, "捍卫": 1, "资产": 1, "国家": 5, "网络": 9, "部署": 2, "中兴": 1, "爱立信": 1, "诺基亚": 3, "中信科": 1, "通信": 1, "设备": 5, "制造商": 1, "组网": 5, "试验": 1, "工作": 2, "探索": 1, "创新": 3, "扶持": 1, "带动": 1, "芯片": 1, "终端": 3, "制造业": 1, "产业链": 1, "发展": 4, "壮大": 1, "商用": 2, "始终": 1, "SA": 2, "独立": 4, "目标": 1, "持续": 4, "推动": 2, "关键": 3, "技术": 8, "突破": 1, "推进": 2, "R16": 1, "标准": 1, "协议": 2, "成熟": 1, "基站": 1, "具备": 1, "NSA/SA": 1, "/": 5, "双模": 1, "能力": 1, "；": 5, "选择": 1, "公平": 1, "公正": 1, "公开": 2, "方式": 1, "开放": 2, "理念": 2, "产业": 2, "生态": 1, "建设": 2, "发力": 1, "各界": 1, "伙伴": 3, "业务": 2, "商业": 1, "运营": 2, "多方位": 1, "立体化": 1, "相关": 1, "垂直": 1, "行业": 2, "有机": 1, "融合": 1, "携手": 1, "各方": 1, "打造": 1, "良性": 1, "生态链": 1, "生态圈": 1, "数字化": 1, "转型": 1, "回应": 3, "：": 11, "今日": 1, "晚间": 1, "@": 4, "官方": 4, "发布": 3, "声明": 1, "称": 2, "O": 1, "制裁": 4, "美国": 17, "信息量": 2, "太": 3, "汪思波": 1, "2019-07-13": 1, "台": 1, "军售": 1, "1": 1, "意味着": 1, "实质性": 2, "自主": 1, "才": 2, "这是": 4, "贸易战": 1, "成果": 1, "贡献": 3, "未来": 5, "欧洲牌": 2, "地缘": 1, "俄罗斯": 1, "牌": 1, "抗衡": 2, "飞机": 2, "老实": 1, "波音": 2, "空客": 2, "3": 1, "C919": 1, "有生路": 1, "发": 1, "适航证": 1, "购买": 1, "4": 2, "实力": 1, "平等": 2, "地位": 1, "玩法": 1, "全球": 5, "市场": 7, "世界": 3, "一个": 4, "讨好": 2, "都": 15, "傻X": 1, "5": 1, "GDP": 1, "玩意": 3, "很": 6, "靠谱": 1, "倍": 3, "总统": 1, "6": 1, "中国人": 1, "大国": 3, "公民": 1, "心态": 1, "充满": 3, "理想": 2, "自信": 1, "全人类": 2, "爱": 1, "反击": 1, "7月": 1, "13日": 1, "晚": 1, "微信": 1, "公众号": 1, "名为": 1, "文章": 2, "文": 1, "辟谣": 2, "每日": 1, "新闻": 2, "成人": 1, "。。。": 2, "营长": 1, "老子": 1, "P30": 2, "拿来": 1, "L笑": 1, "拔": 1, "胸毛": 1, "视频": 5, "供华": 2, "伟创力": 4, "长沙": 2, "工厂": 2, "停产": 2, "期": 2, "项目": 2, "比亚迪": 3, "接手": 2, "O断": 1, "长沙伟": 1, "创力": 1, "刚": 1, "想": 6, "禁令": 3, "打击": 1, "生意": 3, "转给": 1, "代工": 1, "禁止": 2, "真的": 3, "胡乱": 1, "操作": 2, "看样子": 1, "恢复": 1, "关系": 3, "坏": 2, "折腾": 1, "损失": 1, "很多": 1, "细节": 1, "胡": 1, "搞": 2, "雪球": 1, "热议": 1, "上海人": 1, "羡慕": 1, "深圳": 3, "上海": 1, "好像": 1, "知名": 1, "科技": 3, "摇篮": 1, "腾讯": 1, "大疆": 1, "近年来": 1, "走": 1, "白马": 1, "好多": 3, "……": 5, "2018": 1, "报告": 1, "发布会": 1, "董事长": 1, "梁华": 1, "活": 2, "越来越": 1, "保证": 1, "客户": 2, "稳定": 1, "用户": 1, "面向": 1, "共赢": 2, "供应商": 1, "构建": 1, "万物": 1, "互联": 1, "智能": 1, "深层次": 1, "协作": 1, "差异": 1, "数字": 1, "服务": 2, "惠及": 1, "L华": 1, "无聊": 1, "对比": 2, "P30Pro": 3, "Nova5Pro": 1, "荣耀": 1, "20Pro": 1, "官网": 2, "维修": 1, "备件": 1, "价格": 1, "200万": 1, "像素": 1, "景深": 1, "微距": 1, "镜头": 1, "便宜": 1, "土豪": 1, "同事": 1, "当场": 1, "16s": 1, "400": 1, "块": 2, "回收": 1, "掉": 1, "P10": 1, "表妹": 1, "电池": 1, "耐用": 1, "iPhoneXR": 1, "店里": 1, "台华": 2, "店员": 1, "究竟": 1, "？？？": 1, "截图": 1, "倒序": 1, "国资委": 1, "中心": 1, "挖坑": 1, "博君": 1, "肖": 1, "天天": 1, "向上": 1, "！！": 2, "说到做到": 1, "！！！": 2, "门票": 1, "白送": 1, "趟": 1, "钱": 2, "30pro": 1, "五十": 1, "焦照": 1, "清ggdd": 1, "美": 1, "打钱": 1, "诱惑": 1, "婚后": 1, "回门": 1, "bjyx": 1, "夏日": 1, "限定": 1, "难": 2, "赞": 1, "耶啵": 1, "铜矿": 1, "穷": 1, "票": 1, "炒": 1, "贵": 1, "舍不得": 1, "！！！​": 1, "法国": 7, "301": 2, "原因": 1, "GAFA税": 1, "这两年": 1, "法美": 1, "欧美": 1, "发现": 1, "特朗普": 3, "早就": 1, "动手": 1, "德法": 1, "国": 2, "欧盟": 1, "各国": 1, "发号施令": 1, "提出": 1, "参与": 2, "国防": 1, "开支": 1, "占": 1, "总预算": 1, "指标": 2, "伊朗": 2, "听从": 1, "放弃": 1, "核": 1, "马克龙": 1, "默克尔": 1, "一笑而过": 1, "公共": 1, "演讲": 1, "指名": 1, "批驳": 1, "痴心妄想": 1, "O遭": 1, "美式": 1, "大法": 1, "伺候": 1, "手": 1, "花木兰": 1, "柔晰": 1, "暮色妆": 1, "画": 1, "logo​": 1, "胖孃": 1, "孃发": 1, "工资": 1, "包胖": 1, "孃孃": 1, "老板": 1, "员工": 1, "配": 1, "电脑": 2, "莫法": 1, "上班": 1, "晓得": 1, "耍斗": 1, "地主": 1, "…": 2, "惹不起": 1, "苏菲": 1, "配胖": 1, "妈华": 1, "澳大利亚": 1, "全国": 1, "断网": 1, "自然": 1, "灾害": 1, "恐怖": 1, "天灾": 1, "人祸": 1, "袋鼠": 1, "建议": 1, "早日": 1, "上马": 1, "有人": 3, "小白鼠": 1, "演练": 1, "西欧": 2, "剩德法": 1, "正式": 1, "开通": 3, "英": 1, "西": 1, "试点": 1, "加上": 1, "德国": 2, "抹黑": 1, "莫须有": 1, "测试": 2, "系统": 1, "源代码": 1, "英国": 1, "欧洲": 1, "监听": 1, "惧怕": 1, "规避": 1, "何乐不为": 1, "德国人": 1, "傻": 1, "大众": 6, "CEO迪斯": 1, "承认": 1, "当下": 1, "汽车": 4, "实际上": 1, "一家": 1, "烙印": 1, "集团": 2, "旗下": 2, "核心": 1, "品牌": 1, "销量": 1, "一半": 2, "奥迪": 1, "保时捷": 1, "单一": 1, "利润": 1, "核电站": 1, "依赖": 1, "理由": 1, "搞坏": 1, "再次": 1, "前身": 1, "西门子": 2, "+": 1, "阿尔卡特朗讯": 1, "合并": 1, "老家": 2, "阿尔卡特": 1, "收购": 1, "研发": 1, "部门": 1, "就业": 1, "中欧": 1, "交换": 1, "关闭": 1, "受害": 1, "搞定": 1, "NSA": 1, "SA几乎": 1, "厂家": 1, "快": 1, "能耗": 1, "低": 1, "4G": 1, "亏": 1, "早早": 1, "分肥": 1, "备胎": 1, "不用": 2, "懂": 1, "7Pro": 1, "副": 1, "摄虚化": 1, "模式": 1, "喜欢": 2, "左边": 1, "右边": 1, "胡歌": 1, "签华": 1, "代言人": 1, "值": 1, "搞笑": 1, "谜": 1, "笑": 1, "L": 1, "节操": 1, "秒拍": 1, "易": 1, "烊千玺": 1, "千玺": 1, "生活": 1, "夏": 1, "来人": 1, "代言转": 1, "赞评": 1, "O网": 1, "页链": 1, "接华": 1, "刚O": 1, "网页": 2, "链接": 3, "商城": 1, "O网页": 1, "终端O": 1, "条": 1, "转发": 1, "破千": 1, "TFBOYS": 1, "易烊": 1, "千玺​": 1, "头条": 1, "鸿蒙": 2, "OS": 2, "成功": 2, "三星": 2, "微软": 2, "参考": 2, "印度": 2, "经验": 2, "O华": 1, "信": 1, "花絮": 1, "信shin8989": 1, "结束": 1, "北京": 1, "满满": 1, "回家": 1, "~": 2, "对不起": 1, "带": 1, "玩信": 1, "哥哥": 1, "很快": 1, "公布": 1, "歌会": 1, "消息": 2, "歌": 1, "唱": 1, "官宣": 1, "千山万水": 1, "准时": 1, "赴约": 1, "下次": 1, "倒是": 1, "说错": 1, "Mate20X5G": 1, "版": 1, "参数": 1, "厚度": 1, "8.38": 1, "重量": 1, "233": 1, "克": 1, "逼近": 1, "索半": 1, "斤": 1, "双标": 1, "现场": 1, "网友": 1, "蠢": 1, "扫毒": 1, "宣传": 1, "刘德华": 1, "竟然": 1, "秦海璐": 1, "营销": 3, "里边": 1, "苹果": 3, "逻辑": 1, "iPhone": 1, "好用": 1, "潮": 1, "玩": 1, "西安": 1, "Mate20Pro": 3, "标准版": 1, "售价": 1, "下调": 1, "4499": 1, "元": 1, "当年": 1, "赶上": 1, "屏幕": 1, "风波": 1, "缺货": 1, "抢": 1, "京东": 1, "300": 1, "买到": 1, "综合": 1, "产品力": 1, "巅峰": 1, "50": 1, "变焦": 1, "极暗": 1, "环境": 1, "拍照": 1, "执念": 1, "推荐": 1, "拆华": 1, "M6": 1, "10": 1, "寸": 2, "8": 1, "火么": 1, "笔记本": 1, "理解": 2, "超前": 1, "平板": 1, "像是": 1, "停留": 1, "上世纪": 1, "边框": 1, "打算": 1, "停靠": 1, "055": 1, "驱么": 1, "～​": 1, "本事": 2, "高级": 1, "副总裁": 1, "董事": 1, "陈黎芳": 1, "的确": 1, "贴上": 1, "爱国": 4, "标签": 5, "打上": 1, "就要": 2, "格力": 1, "空调": 1, "反正": 1, "国产": 1, "糊涂": 1, "产品": 2, "做好": 1, "长治久安": 1, "在意": 1, "别人": 1, "搞好": 1, "评": 1, "段": 1, "清醒": 1, "睿智": 1, "发言": 1}