{"华为": 112, "回应": 6, "李洪元": 19, "事件": 10, "名": 9, "工作": 9, "超过": 5, "10年": 5, "老": 8, "员工": 58, "索要": 10, "30万": 12, "元": 11, "离职": 27, "补": 5, "偿款": 5, "起诉": 17, "敲诈勒索": 10, "深圳市": 9, "公安局": 7, "刑事": 7, "拘留": 14, "/": 11, "逮捕": 5, "长": 5, "8": 8, "13年": 2, "协商": 2, "经济": 6, "补偿": 19, "款": 6, "331776.73": 2, "扣除": 2, "税金": 2, "3万": 2, "到账": 2, "部门": 10, "主管": 3, "秘书": 4, "银行": 2, "账户": 4, "转账": 4, "交易": 2, "摘要": 2, "2018年": 3, "12月": 5, "涉嫌": 2, "证据": 4, "正是": 2, "记录": 2, "侦查": 4, "机关": 5, "补充": 2, "最终": 7, "2019年": 3, "8月": 2, "龙岗区": 2, "人民": 3, "检察院": 2, "犯罪": 2, "事实": 2, "、": 11, "符合": 2, "条件": 2, "重获": 2, "自由": 2, "案件": 1, "站": 2, "敲诈": 2, "公司": 33, "罪名": 2, "251": 25, "无罪": 6, "释放": 2, "国家": 7, "赔偿": 11, "此事": 2, "互联网": 2, "发酵": 2, "针对": 5, "舆论": 7, "声讨": 3, "老胡": 8, "询问": 2, "对此": 3, "作出": 6, "一个": 18, "说法": 5, "想": 8, "评论": 4, "遭遇": 12, "同情": 6, "司法": 3, "判": 4, "给予": 3, "这是": 4, "事情": 12, "对错": 3, "一锤定音": 3, "结论": 4, "公众": 3, "弱者": 2, "情绪": 5, "健康": 2, "强大": 2, "发生": 4, "纠纷": 4, "公正": 5, "对待": 2, "遗憾": 3, "很多": 3, "出于": 2, "朴素": 2, "感情": 2, "负面": 2, "十几万": 2, "堪称": 2, "电信": 2, "帝国": 2, "内部": 3, "组织": 2, "管理": 9, "结构": 2, "注定": 2, "冲突": 5, "方式": 7, "化解": 3, "缺陷": 3, "支持": 3, "件": 9, "公平": 5, "温度": 2, "解决": 6, "过度": 3, "上纲上线": 2, "道义": 2, "否定": 2, "理性": 2, "实事求是": 2, "都会": 2, "差错": 2, "难": 2, "免俗": 2, "客观": 2, "总体": 2, "科学": 2, "综合": 2, "效果": 2, "报道": 5, "投入": 2, "巨额": 3, "资金": 2, "用于": 2, "优化": 2, "5G": 4, "网络": 2, "技术": 2, "走到": 2, "世界": 4, "前列": 2, "中国": 8, "培养": 2, "锻炼": 2, "人才": 2, "孤立": 2, "扣上": 2, "沉重": 2, "帽子": 2, "贴上": 2, "应有": 2, "标签": 2, "希望": 3, "早点": 3, "呼吁": 2, "创造": 2, "氛围": 2, "敲诈勒": 4, "索华": 3, "网易": 5, "暴力": 3, "曝出": 3, "待遇": 3, "：": 31, "O因": 1, "工信部": 1, "约谈": 1, "小米": 7, "18": 1, "企业": 6, "国内": 2, "哪家": 2, "科技": 3, "制造业": 2, "友好": 2, "网红": 1, "太": 4, "难当": 1, "播": 2, "卡": 3, "开黑": 1, "依然": 2, "输": 1, "玩": 2, "动画片": 1, "失灵": 1, "担心": 1, "！": 12, "随行": 1, "WiFi": 2, "随时": 2, "随地": 1, "安全感": 1, "L华": 1, "视频": 1, "​": 10, "晚间": 1, "@": 3, "环球": 1, "时报": 1, "总编辑": 1, "胡锡进": 1, "发文": 1, "一事置评": 1, "胡": 2, "锡进": 3, "全文": 1, "O胡": 1, "底下": 2, "翻车": 1, "一塌糊涂": 1, "小事": 1, "封堵": 1, "全网": 1, "公愤": 1, "通天": 1, "执行力": 1, "拦": 1, "不住": 1, "悠悠": 1, "众口": 1, "x乎": 1, "删": 1, "瞬间": 2, "一辈子": 1, "不用": 1, "产品": 1, "顶到": 1, "榜首": 1, "尽快": 1, "地步": 1, "糊弄": 1, "过不去": 1, "牛逼": 1, "沸腾": 1, "终于": 2, "发现": 1, "送": 2, "监狱": 1, "至今": 1, "不明不白": 1, "表态": 1, "死": 1, "花": 1, "钱": 5, "爱国": 1, "旗号": 1, "赚": 1, "黑心钱": 1, "深圳": 2, "腾讯": 1, "打官司": 2, "赢": 1, "黑暗": 1, "势力": 1, "华": 1, "整整": 1, "去年": 1, "1日": 3, "首席": 2, "财务官": 2, "孟晚舟": 5, "加拿大": 5, "温哥华": 1, "转机": 1, "无理": 1, "拘押": 1, "抗争": 1, "10": 1, "天后": 1, "获准": 1, "保释": 1, "1月": 1, "29日": 1, "美国": 2, "司法部": 1, "提出": 2, "指控": 2, "政府": 1, "引渡": 1, "请求": 1, "有次": 1, "出庭": 1, "戴": 1, "电子": 1, "镣铐": 1, "照片": 1, "深深": 1, "刺痛": 1, "国人": 1, "撕下": 1, "伪装": 1, "莫须有": 1, "疯狂": 1, "打压": 1, "面对": 1, "第一": 2, "强国": 1, "霸凌": 1, "屈服": 1, "海思": 1, "总裁": 1, "何庭波": 1, "封": 1, "揭示": 1, "深谋远虑": 1, "十四年磨一剑": 1, "备胎": 1, "计划": 1, "转正": 1, "鼓舞": 1, "士气": 1, "实力": 1, "一路": 1, "攻城": 1, "拔寨": 1, "所向披靡": 1, "占据": 1, "全球": 1, "三分之二": 1, "市场": 1, "份额": 1, "手机": 5, "差点": 1, "超越": 1, "三星": 1, "大嘴哥": 1, "余承东": 1, "略": 1, "祝福": 1, "回来": 1, "凤凰网": 1, "财经": 2, "篇": 1, "文章": 2, "撑多久": 1, "官微": 2, "刷": 1, "​​": 2, "朋友": 1, "预言": 1, "搞": 1, "迟早": 1, "反噬": 1, "。。。": 1, "一语成谶": 1, "律师": 2, "告诉": 1, "害怕": 3, "长期": 1, "劳动者": 3, "代理": 1, "劳动": 6, "仲裁": 2, "败诉": 1, "数以十万计": 1, "补偿金": 1, "赔偿金": 1, "传染": 1, "到底": 2, "前期": 2, "调解": 1, "一部分": 1, "爽快": 1, "杠": 1, "原因": 1, "在于": 1, "很": 6, "顺利": 1, "拿到": 4, "数以百计": 1, "千计": 1, "计": 1, "纷纷": 2, "效法": 1, "扛": 1, "住": 1, "暴击": 1, "伤害": 1, "理解": 1, "十几": 1, "绝不": 1, "唯一": 1, "轻轻松松": 1, "几十万": 1, "肯定": 1, "都": 8, "善罢甘休": 1, "想象": 1, "时间": 1, "节点": 1, "办公室": 1, "地方": 1, "领导": 1, "负责": 1, "应对": 1, "办法": 1, "高额": 1, "轻松": 1, "效仿": 2, "不知": 1, "想像": 1, "过后": 1, "大部分": 1, "网上": 2, "鸣其不平": 1, "岂有来者": 1, "明知": 1, "无畏人": 1, "或许": 2, "熬": 1, "幸运": 1, "内容": 2, "曝光": 1, "新闻": 2, "猜测": 1, "抓": 1, "举报": 1, "背叛": 1, "目的": 1, "12年": 1, "立功": 1, "升职": 1, "任正非": 2, "接见": 1, "无奈": 1, "中年": 1, "实用主义者": 1, "黄昏": 1, "31万": 1, "䃼偿": 1, "数字": 1, "估计": 1, "气": 1, "事后": 1, "报复": 1, "昏招": 1, "背锅侠": 1, "法律": 3, "想见": 1, "高层": 1, "今晚": 2, "当即": 1, "立断": 1, "周一": 1, "拨乱反正": 1, "离职员工": 1, "冤枉": 1, "关关": 1, "看守": 1, "陆续": 1, "媒体": 3, "评论区": 1, "刷屏": 1, "促成": 1, "首次": 1, "致歉": 1, "…": 1, "5": 1, "图6": 1, "搜狐": 2, "竟然": 1, "独家": 1, "良心": 1, "": 2, "王俊凯": 1, "情况": 2, "这次": 1, "打投": 2, "型号": 3, "不利": 1, "只能": 1, "电脑": 7, "角度": 1, "突破": 1, "群": 3, "混乱": 2, "打投群": 3, "仅仅": 1, "三": 2, "散粉": 6, "群:271": 1, "电脑群": 1, "建议": 2, "粉进": 2, "内": 1, "详细": 1, "教程": 1, "工坊": 3, "新粉": 1, "进群": 1, "审核": 3, ":蟹": 1, "泡泡": 9, "审核群": 1, "熬夜": 1, "精英": 1, "日夜": 1, "打榜": 6, "用户": 1, "冲榜": 1, "排名": 3, "第五": 1, "距离": 1, "第四": 2, "差距": 3, "打退堂鼓": 1, "家人": 1, "不少": 1, "导致": 1, "找": 1, "方向": 1, "努力": 1, "肖": 2, "战x": 2, "肖战": 4, "歌": 2, "爱奇艺": 4, "数据": 2, "播报": 2, "17:30": 1, "🔥": 2, "增幅": 3, "4174": 1, "🆘": 2, "差值": 4, "涨幅": 2, "+": 5, "439": 1, "持续": 1, "我方": 1, "速度": 1, "减缓": 1, "⚠": 1, "️下": 1, "阶段": 3, "目标": 3, "缩小": 2, "1.5": 1, "w实": 1, "👉O": 2, "网页": 4, "链接": 4, "活动": 2, "直通": 2, "👉🏻O": 2, "虾": 1, "‼️": 4, "数据站": 2, "打榜群": 2, "群爱": 2, "奇艺": 2, "2群": 2, "互助群": 2, "苹果": 4, "星": 2, "推沸点二": 1, "群星": 1, "推沸点": 2, "奋斗群": 2, "机型": 1, "头条": 2, "旗舰店": 1, "AppleStore": 1, "高级": 1, "店": 1, "逼格": 1, "·": 1, "华润城": 1, "万象天": 1, "资本": 3, "权力": 3, "边界": 1, "法度": 1, "约束": 1, "救济": 1, "渠道": 1, "置身": 1, "个体": 2, "巨霸": 1, "机器": 1, "枚": 1, "螺丝钉": 1, "荣光": 1, "不再": 1, "替代": 1, "牺牲": 1, "成型": 1, "本身": 1, "恒具": 1, "扩张": 1, "势能": 1, "难以": 1, "驾驭": 1, "高度": 2, "行业": 1, "地域": 1, "归于": 1, "寡头": 1, "顶端": 1, "利于": 1, "管控": 1, "底部": 1, "无望": 1, "有感": 1, "HR": 1, "～​": 1, "纸": 1, "包住": 1, "火": 1, "删帖": 1, "压制": 1, "网友": 2, "毅力": 1, "反而": 1, "跟进": 1, "未知": 1, "官方": 1, "道歉": 1, "公开": 1, "驻": 2, "大使": 2, "探望": 2, "坚定": 1, "维护": 1, "公民": 1, "合法": 1, "权益": 1, "被捕": 1, "周年": 1, "前夕": 1, "前往": 1, "并称": 1, "祖国": 1, "14亿": 1, "坚强": 1, "后盾": 1, "受访": 1, "学者": 1, "分析": 1, "明年": 1, "反制": 1, "措施": 1, "请": 2, "登录": 1, "联合": 1, "早报网": 1, "阅读": 1, "控": 2, "羁押": 3, "长达": 1, "引发": 1, "热议": 1, "左下角": 1, "关注": 1, "新鲜事": 1, "快": 1, "进展": 1, "天​": 1, "发布": 3, "机会": 3, "大于": 3, "风险": 4, "每日": 1, "必读": 1, "赚钱": 2, "季": 1, "周五": 1, "股权": 1, "超跌": 2, "低价": 1, "预期": 1, "能源": 2, "汽车": 2, "区块链": 1, "养殖": 1, "分化": 1, "主板": 2, "放量": 1, "下跌": 1, "预设": 2, "明日": 2, "探底": 1, "企稳": 2, "观察": 3, "成交量": 1, "放大": 2, "强势": 3, "股": 2, "接力": 1, "亏": 1, "效应": 2, "青海": 1, "华鼎": 1, "龙星": 1, "化工": 1, "江苏": 1, "国泰": 1, "标杆": 1, "空间板": 1, "3板": 1, "首板": 2, "数量": 1, "增加": 1, "回补": 1, "2870": 1, "缺口": 1, "先于": 1, "恢复": 1, "板块": 3, "持续性": 1, "偏好": 1, "同学": 1, "选择": 1, "包板": 1, "1": 1, "3": 1, "涨停板": 1, "套利": 1, "震荡": 1, "磨底": 1, "优": 1, "策略": 1, "信号": 1, "低": 2, "吸": 1, "主线": 1, "人气股": 1, "轮动": 1, "吸富": 1, "一生": 1, "Ps:2870": 1, "O": 1, "22:00": 1, "9970": 1, "897": 1, "❗️": 8, "⚠️": 3, "1w以内": 1, "！！！": 1, "实时": 1, "无需": 1, "所有群": 1, "包": 1, "教学": 1, "2017-2019": 1, "牢厂": 1, "今日": 1, "花粉": 1, "王": 1, "俊凯": 1, "！！！！！": 1, "急急": 1, "急⚠": 1, "️": 1, "加群": 2, "找到": 1, "271": 1, "群华": 1, "化为": 1, "ipad": 1, "ipadOPPO": 1, "OPPO": 1, "小分队": 1, "步枪": 1, "vivo": 1, "vivo​": 1, "索款": 1, "冤": 1, "一姐": 2, "看法": 1, "本案": 1, "三点": 1, "值得": 1, "尤其是": 1, "争议": 3, "谈判": 1, "陪同": 1, "全程": 1, "录音": 1, "类似": 1, "说不清": 1, "状况": 1, "；": 2, "劳资": 2, "关系": 2, "处于": 1, "地位": 1, "仁义": 2, "依法": 1, "依规": 1, "挖坑": 1, "下套": 1, "公检法": 1, "时刻": 1, "想到": 1, "刑法": 2, "谦抑性": 1, "民事": 1, "各方": 1, "善用": 1, "滥用": 1, "善良": 1, "做好": 1, "分内之事": 1, "合同法": 1, "讲堂": 1, "记得": 1, "最新": 1, "概念机": 1, "采用": 1, "全新": 3, "环绕": 4, "屏": 4, "设计": 3, "舒服": 1, "开卖": 1, "Mate30Pro": 3, "配备": 2, "瀑布": 1, "屏幕": 1, "看上去": 2, "算": 1, "酷炫": 1, "丑": 1, "刘海": 1, "碍眼": 1, "外媒": 1, "基于": 1, "概念": 2, "iPhone12Pro": 3, "看完": 1, "落后": 1, "设计图": 1, "惊艳": 1, "毕竟": 1, "养眼": 2, "额头": 1, "边框": 2, "深坑": 1, "OLED": 1, "面板": 1, "机身": 1, "包裹": 2, "瀑布屏": 1, "保留": 1, "一点点": 2, "缝隙": 1, "留": 1, "版本": 1, "真的": 1}