{"起诉": 23, "华为": 92, "评测人": 5, "离开": 5, "创办": 5, "公司": 16, "P30Pro": 5, "月亮": 19, "结束": 2, "近日": 4, "爱否": 14, "科技": 16, "创始人": 10, "@": 13, "彭林FView": 4, "辞去": 4, "职务": 3, "名义": 4, "拍": 13, "涉嫌": 11, "虚假": 12, "宣传": 16, "诉求": 1, "索赔": 1, "涉及": 2, "模式": 6, "注明": 4, "这是": 4, "算法": 11, "添加": 2, "细节": 3, "事实": 1, "#O": 2, "西班牙": 6, "开通": 6, "商用": 4, "5G": 19, "网络": 12, "核心": 6, "供应商": 6, "跨国": 2, "电信": 2, "运营商": 2, "沃达丰": 2, "15日": 2, "正式": 2, "启动": 2, "该国": 2, "首批": 2, "覆盖": 4, "15": 2, "城市": 2, "设备": 9, "据悉": 2, "沃达丰5G": 4, "十几": 2, "长期": 2, "合作": 2, "关系": 2, "国家": 5, "作出": 2, "示范": 2, "提供": 2, "借鉴": 2, "戳": 3, "视频": 15, "⬇": 1, "️L": 1, "新华": 2, "视点": 3, "秒拍": 4, "变脸": 4, "戏法": 1, "收": 4, "专利费": 4, "美国": 18, "华": 8, "议员": 4, "坐": 1, "不住": 1, "扣": 2, "中国": 15, "帽子": 3, "窃取": 2, "知识": 8, "产权": 8, "近年来": 2, "政客们": 2, "反复": 2, "炒作": 2, "热点": 2, "6月": 5, "13日": 3, "攻击": 2, "盗窃": 2, "政客": 2, "马尔科·卢比奥": 2, "发现": 2, "企业": 5, "收取": 2, "费用": 2, "仿佛": 2, "忘记": 2, "言论": 2, "转而": 2, "换上": 2, "幅": 2, "面孔": 2, "指责": 3, "专利": 8, "流氓": 2, "观察者": 1, "网O": 1, "卢比奥": 2, "彭林": 18, "辞职": 4, "一个": 7, "消费者": 4, "身份": 4, "此前": 2, "质疑": 4, "华为p30": 1, "造假": 7, "王跃琨": 1, "直播": 2, "开除": 4, "……": 5, "​": 12, "采购": 7, "数量": 10, "最多": 8, "核心网": 9, "大单": 8, "中标": 10, "公布": 8, "此次": 3, "赢家": 3, "MME": 1, "招标": 1, "、": 21, "中兴": 5, "爱立信": 7, "诺基亚": 5, "219": 1, "22": 1, "153": 1, "56": 1, "套": 2, "；": 3, "SAE-GW": 1, "369": 1, "21": 1, "231": 1, "60": 1, "O": 3, "单华": 3, "↓": 1, "L新华": 1, "找": 3, "专业": 2, "检测": 1, "机构": 6, "接受": 2, "委托": 2, "第一": 1, "聆听": 1, "世界": 2, "成才率": 1, "商学院": 3, "学习": 2, "号称": 1, "成材率": 1, "500": 1, "当中": 1, "2/3": 1, "董事长": 1, "副董事长": 1, "1/3": 1, "CEO": 2, "都": 16, "毕业": 1, "任正非": 4, "学校": 1, "管理": 3, "经验": 1, "独门": 1, "改造": 2, "究竟": 1, "身上": 1, "学到": 1, "央视": 2, "主播": 1, "逍遥狐狸": 1, "周运": 1, "揭秘": 1, "！": 3, "L": 2, "财经": 1, "酷燃": 1, "：": 17, "发生": 1, "此事": 1, "进展": 2, "提起": 1, "话题": 1, "正是": 2, "员工": 2, "王": 5, "跃琨": 3, "16日": 3, "北京": 1, "有限公司": 1, "职位": 1, "地方": 1, "手机": 4, "内": 2, "用户": 3, "增加": 1, "提示": 1, "消息": 2, "舆论": 1, "哗然": 1, "毕竟": 5, "公开": 2, "P图": 1, "程度": 1, "随后": 1, "罚": 1, "月工资": 1, "内容": 2, "停": 1, "短短的": 1, "前方": 1, "打仗": 1, "后方": 1, "断粮": 1, "利益": 4, "事大": 1, "政治": 2, "敏感性": 1, "太": 2, "低": 2, "维权": 3, "得分": 1, "时间": 4, "没事找事": 1, "背后": 1, "捅刀": 1, "牛逼": 1, "彭林维": 1, "权成": 1, "损害": 2, "请问": 1, "这几天": 1, "剧透": 1, "只好": 2, "发": 1, "无聊": 1, "打发": 1, "…": 1, "沙漠": 1, "晚上": 1, "亮": 2, "想到": 2, "试了试": 1, "很": 2, "可惜": 1, "手": 1, "实在": 1, "稳": 1, "机会": 1, "架子": 1, "试试": 1, "L陈震": 1, "同学": 1, "同一个": 1, "商场": 1, "层": 1, "小米": 1, "联想": 1, "粉湖": 1, "P30pro": 1, "照片": 4, "标准": 2, "拍摄": 4, "鲜艳": 1, "到底": 1, "希望": 4, "现实": 1, "一模一样": 1, "想要": 1, "～​": 1, "2019年": 1, "支持": 2, "5GNSA": 1, "功能": 1, "升级": 1, "单一": 1, "来源": 2, "信息": 1, "公告": 2, "成功": 1, "新京报O": 1, "中标​": 1, "O华": 1, "北电": 4, "死": 2, "谋杀": 2, "对手": 3, "O北电": 1, "75亿": 2, "美元": 2, "卖给": 2, "摩托罗拉": 5, "谈成": 2, "总裁": 3, "穿花": 2, "衣服": 2, "董事会": 4, "批准": 2, "美方": 1, "看不起": 2, "给否": 1, "扎": 1, "跑去": 1, "救火": 1, "胡乱": 1, "收购": 7, "股市": 1, "得救": 1, "2009年": 1, "倒闭": 1, "西方": 1, "社会": 1, "款": 2, "机子": 1, "带来": 1, "50": 1, "倍": 1, "体验": 3, "美妙": 1, "搞": 2, "挺": 2, "禁令": 1, "举国": 1, "打压": 1, "毫无疑问": 1, "举动": 1, "利用": 1, "大肆": 1, "正当": 1, "理由": 2, "客观": 1, "帮凶": 1, "4月": 1, "国内": 1, "评测": 4, "跃坤": 2, "提出": 1, "机器": 1, "P": 1, "引发": 1, "轩然大波": 1, "事件": 1, "发酵": 1, "选择": 8, "回应": 1, "证据": 2, "黑": 1, "厂商": 1, "为由": 1, "放弃": 1, "上午": 2, "发布": 2, "林": 1, "俊杰": 1, "SANCTUARY•HEFEI": 1, "瞬间": 1, "想": 1, "留住": 1, "1080": 1, "后排": 1, "小号": 1, "视角": 1, "30pro​": 1, "2003年": 1, "12月": 1, "2004年": 1, "1月": 1, "5日": 1, "人事": 1, "任命": 1, "银湖": 1, "资本": 1, "SilverLake": 1, "董事": 1, "总经理": 1, "爱德华·詹德": 1, "出任": 1, "谈妥": 1, "扎菲罗夫斯基": 1, "判": 1, "出局": 1, "詹德": 1, "重视": 1, "直截": 1, "当地": 1, "否决": 1, "等待": 1, "兜头": 1, "浇": 1, "盆": 1, "冷水": 1, "创业": 1, "初期": 1, "QQ": 3, "当年": 1, "马化腾": 2, "新浪": 1, "王志东": 2, "搜狐": 1, "张朝阳": 1, "寻求": 1, "卖掉": 1, "朝阳们": 1, "技术": 5, "含量": 1, "遂": 1, "拒绝": 1, "硬着头皮": 3, "最终": 2, "腾讯": 2, "市值": 1, "全球": 5, "TOP10": 1, "当初": 1, "有人": 2, "都会": 1, "卖身": 1, "被否": 1, "只能": 4, "这才": 1, "巨头": 1, "努力": 2, "投机": 1, "思维": 1, "妄想": 1, "幻象": 1, "成就": 1, "别无选择": 1, "走": 1, "剩下": 1, "条": 4, "唯一": 1, "道路": 2, "弱小": 1, "硬": 1, "抗": 1, "强大": 2, "竞争": 1, "勇者": 1, "狭路": 1, "获胜": 1, "个体": 1, "男人": 1, "踏上": 1, "极为": 1, "艰苦": 1, "女人": 1, "拼搏": 1, "老公": 1, "父亲节": 2, "快乐": 1, "亲爱": 1, "楠": 2, "一大早": 1, "收到": 1, "HUAWEIP": 2, "30Pro": 1, "开心": 1, "😘": 1, "问候": 1, "鼓励": 1, "拥抱": 1, "脚踏实地": 1, "做出": 1, "作品": 1, "感谢": 2, "王一楠": 1, "终端": 1, "官方": 1, "美媒": 2, "拥有": 2, "超": 2, "5万": 2, "项": 4, "专家": 4, "彭博社": 2, "报道": 2, "Anaqua": 2, "平台": 2, "全世界": 4, "共有": 2, "56492": 2, "电讯": 2, "高科技": 2, "领域": 2, "去年": 2, "美": 4, "1680": 2, "消费": 4, "情报​": 1, "情报": 2, "情报L": 1, "​​​": 1, "为所欲为": 1, "一次次": 2, "法务": 1, "毫发无损": 1, "遗忘": 1, "上演": 1, "周而复始": 1, "泰国": 1, "摄影师": 1, "小哥": 1, "30": 1, "PRO": 1, "拍出": 1, "曼谷": 1, "厉害": 1, "。。。": 2, "相机": 1, "哈哈​": 1, "讲述": 1, "过程": 3, "客服": 1, "反馈": 2, "对方": 1, "告知": 2, "现象": 1, "协会": 1, "投诉": 1, "短": 1, "不得已": 1, "路": 2, "寻找": 1, "公证处": 1, "权威": 1, "堵死": 1, "出发点": 1, "理解": 1, "拍到": 1, "好事": 1, "算": 7, "真的": 1, "变焦": 1, "性能": 1, "度": 1, "当下": 1, "智能": 1, "参与": 1, "美颜": 1, "长": 1, "超级": 1, "夜景": 1, "真实": 1, "环境": 1, "想象": 1, "后续": 2, "取证": 1, "艰难": 1, "盖棺定论": 1, "时间段": 1, "确实": 1, "敏感": 1, "件": 1, "算是": 1, "相关": 1, "证明": 2, "蹭": 2, "热度": 2, "碰瓷": 1, "勇士": 1, "相比无端": 1, "动机": 1, "揣测": 1, "道德": 1, "关注": 1, "案件": 1, "产品": 1, "市场": 1, "透明": 1, "时代": 1, "砸": 1, "体面": 1, "网页": 1, "链接": 1, "评论": 1, "95%": 1, "分析": 1, "道理": 1, "L老蒋": 1, "蒋中挺": 1, "面对": 1, "海军": 1, "一如既往": 1, "拿出": 1, "爱国牌": 2, "反正": 1, "没事": 1, "套路": 2, "有事": 1, "熊孩子": 1, "奇怪": 1, "横竖": 1, "好坏": 1, "护": 1, "顶": 1, "爱国": 1, "飞起": 1, "场合": 1, "这位": 1, "网友": 1, "写": 1, "形象": 1, "竟": 1, "无力": 1, "反驳": 1, "...": 1}