{"外媒": 1, "消息": 1, "华为": 54, "Mate30Pro": 1, "配备": 1, "2K": 1, "屏幕": 1, "K屏": 1, "长续": 1, "航天然": 1, "矛盾": 1, "2K屏": 2, "长续航": 2, "在乎": 2, "​": 20, "五": 3, "怼": 1, "八": 1, "条": 1, "款": 6, "产品": 3, "小米": 3, "高管": 1, "惊慌": 1, "荣耀": 4, "9": 1, "X": 1, "唯一": 3, "@": 7, "卢伟冰": 1, "卢": 2, "连怼": 2, "找到": 1, "充电": 1, "短板": 1, "！": 6, "隔壁": 1, "大米": 1, "评测": 1, "麒麟": 1, "810": 1, "高通": 1, "骁龙": 1, "730": 1, "锤爆": 1, "不止": 1, "芯片": 1, "优势": 2, "读写": 1, "速度": 1, "可惜": 1, "绝口不提": 1, "今晚": 1, "加油": 1, "每日": 1, "乐": 1, "科技": 1, "潮玩": 1, "第一": 8, "聆听": 4, "IBM": 2, "叫板": 2, "身价": 4, "20亿": 4, "美元": 7, "全球": 5, "华人": 6, "首富": 4, "王安": 8, "当成": 2, "前车之鉴": 4, "称为": 2, "电脑": 8, "大王": 2, "哈佛": 2, "博士": 3, "首位": 2, "美国": 8, "总统": 2, "自由": 2, "奖章": 2, "发明": 2, "磁芯": 2, "存储器": 2, "改变": 2, "计算机": 2, "产业": 2, "历史": 2, "创立": 2, "公司": 10, "1986年": 2, "富豪榜": 2, "第五": 2, "很快": 2, "封闭": 2, "系统": 2, "、": 6, "资本": 3, "束缚": 2, "任人唯亲": 2, "家族式": 2, "管理": 3, "衰败": 2, "最终": 2, "1999年": 2, "消失": 2, "任正非": 3, "经历": 2, "中学": 2, "写入": 2, "一个": 7, "倒下": 2, "书": 2, "当中": 2, "都": 17, "警示": 2, "据此": 2, "做出": 2, "决策": 2, "讲述": 2, "↓": 2, "逍遥狐狸": 2, "运L": 2, "央视": 2, "财经": 2, "酷燃": 2, "视频": 6, "德阳": 1, "生活": 1, "投票": 1, "丨": 1, "首款": 3, "5G": 19, "手机": 28, "售价": 4, "6199": 3, "元": 6, "买": 3, "26日": 2, "深圳": 1, "发布": 1, "Mate20X": 1, "版": 1, "8GB": 1, "+": 1, "256GB": 1, "版本": 1, "7月": 3, "预售": 1, "8月": 2, "16日": 1, "开售": 2, "马伊琍": 7, "文章": 7, "离婚": 9, "赢家": 2, "俩": 2, "发": 2, "他俩": 2, "娱乐圈": 2, "越来越": 2, "艺人": 2, "大佬们": 2, "偏爱": 2, "P30P": 2, "RO天空": 2, "境": 4, "小鲜肉": 2, "独宠": 2, "PRO": 2, "冰岛": 4, "幻境": 4, "选": 2, "天空": 2, "下月": 2, "开卖": 3, "北上": 2, "上半年": 3, "建": 2, "座": 5, "基站": 5, "商用": 2, "终于": 1, "公开": 1, "信息": 2, "显示": 1, "包括": 1, "中兴": 2, "vivo": 1, "品牌": 1, "在内": 1, "上市": 1, "建设": 3, "如火如荼": 1, "截至": 1, "6月底": 1, "三": 1, "基础": 1, "电信": 1, "运营商": 2, "北京": 1, "5285": 1, "上海市": 1, "副市长": 1, "吴清": 1, "6月": 1, "25日": 1, "上海": 1, "全市": 1, "5": 2, "G基站": 1, "超过": 1, "3000": 1, "广东": 1, "建成": 1, "8949": 1, "O": 1, "1x": 1, "26/7/8p": 1, "设置": 1, "缩放": 1, "调整": 1, "3oppo": 1, "4": 1, "型号": 2, "太": 1, "累": 1, "辽​": 1, "狠": 1, "届生": 3, "201万": 2, "": 1, "李": 1, "艺彤": 1, "李艺彤": 2, "蝉联": 1, "SNH48": 1, "多亏": 1, "30pro": 1, "超强": 1, "变焦": 1, "暗光": 1, "拍摄": 1, "才": 1, "山顶": 1, "拍": 1, "偶像": 1, "一刻": 1, "总选": 1, "夺冠": 1, "颁奖": 1, "focusLNanoka": 1, "移动路": 1, "家族": 1, "成员": 1, "CPEPro": 1, "4G路": 1, "2Pro": 1, "29日": 1, "00:00": 1, "正式": 1, "入手": 1, "本次": 2, "官宣": 1, "赞助": 2, "……": 1, "网友": 1, "给出": 1, "分析": 2, "感觉": 1, "头头是道": 1, "人民日报": 2, "华": 2, "美企": 2, "捅": 2, "刀子": 2, "放": 2, "冷箭": 2, "意欲": 2, "何为": 2, "?O": 1, "?​": 1, "永远": 1, "低估": 1, "P30Pro": 1, "能力": 1, "真的": 1, "一条心": 1, "渐行渐远": 1, "去年": 1, "旗舰": 1, "新款": 2, "发售": 1, "时间": 1, "相隔": 2, "半年": 2, "感情": 2, "选择": 1, "保时": 1, "捷款": 1, "Mate20": 2, "渐渐": 1, "落后于": 1, "世界": 2, "落后": 1, "鲁迅": 1, "潮流": 2, "朵": 1, "花": 3, "美的": 1, "想": 1, "稳固": 1, "分手": 1, "一半": 1, "关注点": 1, "居然": 1, "何刚": 1, "初期": 2, "盈利": 1, "板块": 1, "产业链": 1, "差不多": 1, "相较于": 1, "4G": 3, "时代": 2, "零组件": 1, "线路": 1, "设计": 1, "耐热": 1, "程度": 1, "皆": 1, "砸": 2, "大钱": 1, "研发": 1, "技术": 2, "材料": 1, "设备": 1, "化学": 1, "制程": 1, "支出": 1, "增加": 1, "敢于": 1, "投资": 1, "关键": 1, "在于": 1, "高频率": 1, "物理": 1, "特性": 1, "传输": 1, "距离": 1, "短": 1, "基地": 3, "台": 3, "需求": 1, "密度": 1, "至少": 1, "倍": 1, "覆盖率": 1, "室内": 1, "讯号": 1, "变更": 1, "仰赖": 1, "布建": 1, "成本": 2, "低": 2, "小型": 1, "市场": 1, "容量": 1, "算": 1, "虾仁": 1, "20年": 2, "IT": 2, "行业": 3, "变迁": 2, "爱立信": 3, "告别": 2, "O看": 1, "跌出": 1, "500": 2, "互联网": 2, "很": 1, "电信业": 1, "苦逼": 1, "增长": 3, "存量": 1, "博弈": 1, "收入": 1, "下滑": 1, "利润": 1, "下跌": 2, "不用": 1, "大增": 1, "接受": 1, "半导体": 1, "赚钱": 1, "京东": 1, "30%": 1, "中国": 4, "榜单": 1, "崛起": 1, "挤占": 1, "美": 2, "德": 1, "名额": 1, "Type-C": 1, "接口": 1, "乐视": 1, "为啥": 1, "好多": 1, "华为口": 1, "如果说": 1, "顶": 1, "Mate20P": 1, "RO": 1, "光环": 1, "平庸": 1, "辈": 1, "称": 2, "P30": 1, "营销": 1, "噱头": 1, "务实派": 1, "行L": 1, "请": 1, "测评君": 1, "​O": 1, "抽奖": 1, "详情": 1, "有人": 2, "张嘴": 1, "免费": 1, "挑": 1, "百万": 1, "重奖": 2, "人才": 5, "简单": 2, "粗暴": 2, "表白": 2, "23日": 1, "创始人": 1, "签发": 1, "份": 2, "总裁": 1, "电子": 1, "邮件": 3, "2019": 2, "届": 2, "顶尖": 4, "毕业生": 2, "实行": 2, "年薪制": 2, "8": 2, "名": 2, "员工": 1, "均": 1, "学历": 1, "年薪": 1, "最低": 1, "89.6万": 1, "打赢": 1, "未来": 1, "商业": 3, "战争": 1, "吸引": 1, "顶级": 2, "挑战": 1, "薪酬": 1, "展示": 1, "信服": 1, "人才观": 1, "打脸": 1, "读书": 1, "无用": 1, "传达": 1, "观念": 1, "：": 1, "渴慕": 1, "知识": 1, "尊重": 1, "应有": 1, "薪资": 1, "待遇": 1, "O华": 1, "传递": 1, "观": 1, "联邦": 7, "快递": 8, "净利润": 4, "同比": 4, "暴跌": 4, "88%": 3, "伟创力": 3, "61%": 1, "作死": 1, "死": 1, "公布": 2, "最新": 2, "财报": 2, "5.4亿": 2, "这是": 1, "震惊": 1, "业绩": 1, "雷": 1, "​​​": 1, "此前": 1, "恶劣": 1, "导致": 1, "用户": 1, "提出": 1, "质疑": 1, "纷纷": 1, "停止": 1, "业务": 1, "合作": 1, "Mate20X5G": 1, "联通": 3, "启动": 1, "线上": 1, "线下": 1, "预约": 1, "体验": 1, "!L": 1, "秒拍": 1, "终端": 1, "官方": 1, "送": 2, "存活": 1, "方式": 1, "客户": 4, "委托": 1, "货物": 3, "快捷": 1, "目的地": 1, "保守": 1, "秘密": 1, "偏": 1, "邪": 1, "扣押": 2, "送到": 1, "检查": 1, "无视": 1, "权益": 1, "做法": 1, "无异": 1, "饭碗": 1, "报应": 1, "本财年": 1, "超": 1, "规格": 1, "制裁": 1, "擅自": 1, "7亿": 1, "物料": 1, "带来": 1, "损失": 1, "愚蠢": 1, "付出": 1, "代价": 1, "季度": 1, "当季": 1, "4487.2万": 1, "61.4%": 1, "交易": 1, "本质": 1, "互利": 1, "共赢": 1, "损害": 2, "利益": 2, "肆意": 1, "践踏": 1, "诚信": 1, "做生意": 1, "贸易战": 1, "刷": 1, "存在感": 1, "企业": 1, "生命": 1, "开玩笑": 1}