{"炙热": 2, "红色": 2, "热情": 2, "点燃": 2, "此刻": 1, "万千蜜语": 1, "甜颜": 1, "nova": 3, "4星": 1, "耀版": 1, "蜜语": 7, "红": 6, "耀": 8, "@": 8, "华为": 35, "手机": 41, "VOGUE": 1, "服饰": 1, "美容L": 1, "官方": 7, "秒拍": 9, "视频": 16, "​": 21, "王俊凯": 5, "OPPO": 3, "王源": 6, "小米": 11, "易烊": 5, "千玺华": 1, "TFBOYS三": 2, "🐷": 1, "分开": 1, "发展": 2, "其他人": 1, "活路": 1, "​​​": 1, "拿下": 3, "代言": 7, "oppo代言": 1, "烊": 1, "千": 4, "玺": 4, "nova4": 7, "霓虹": 1, "闪耀": 1, "智慧": 1, "光芒": 1, "绽放": 1, "不止": 1, "情人节": 4, "王子异": 7, "异": 1, "记录": 2, "浪漫": 4, "时刻": 2, "L华": 6, "快": 2, "感受": 1, "溢出": 1, "屏幕": 2, "帅气": 1, "甜蜜": 4, "！": 17, "人气": 2, "小鲜肉": 1, "星耀版": 6, "·": 5, "搭": 1, "T": 2, "FBOYS北": 1, "电": 1, "中戏": 1, "伯克利oppo华为": 1, "小米兰": 1, "蔻沙": 1, "宣欧": 1, "莱雅": 1, "没钱": 2, "买": 6, "团饭": 1, "折叠屏": 13, "扎堆": 2, "上市": 2, "：": 7, "价格": 4, "超顶": 2, "配": 2, "iPhone": 3, "5G": 8, "厂商": 3, "纷纷": 1, "瞄准": 2, "这块": 1, "战场": 1, "12日": 1, "三星": 5, "2月": 2, "20日": 1, "发布": 3, "首款": 2, "此前": 1, "消费者": 2, "CEO": 1, "余承东": 1, "证实": 1, "24日": 1, "巴塞罗那": 1, "世界": 1, "通信": 1, "大会": 1, "期间": 1, "折叠": 2, "、": 16, "近期": 1, "动作": 2, "频频": 1, "业内": 1, "人士": 1, "分析": 1, "指出": 1, "技术": 2, "难题": 1, "设计": 2, "便利": 1, "程度": 1, "高昂": 1, "量产": 1, "认可": 1, "前景": 1, "存疑": 1, "O折": 2, "叠屏": 2, "颜值": 1, "过人": 1, "才华": 1, "出众": 1, "哥哥": 1, "喜欢": 1, "带来": 1, "暖冬": 1, "恋歌": 1, "般的": 1, "告白": 2, "诺基亚": 5, "崛起": 2, "逼华": 2, "宝座": 2, "死": 2, "不曾": 1, "想": 3, "时间": 1, "王者": 1, "归来": 1, "四季度": 1, "财报": 1, "销售额": 1, "68亿": 1, "欧元": 1, "扭亏为盈": 1, "全年": 1, "股价": 2, "飙升": 1, "30%": 1, "诺基亚5G": 1, "服务": 1, "占": 1, "公司": 2, "营收": 1, "90%": 1, "全球": 2, "电信": 1, "设备": 1, "市场": 1, "28%": 1, "份额": 1, "稳居": 1, "榜首": 1, "；": 6, "17%": 1, "位列": 2, "第二": 1, "O诺基亚": 1, "今日": 2, "份": 4, "暴击": 1, "超高": 1, "偶像": 1, "携手": 2, "2019": 5, "来临": 1, "之际": 1, "定格": 1, "精彩": 2, "不快": 1, "戳": 2, "~": 1, "代言OPPO": 2, "齐": 2, "王俊": 1, "凯oppo": 1, "选": 2, "说错": 1, "确实": 1, "很多": 1, "人称": 1, "USB": 1, "C": 1, "华为口": 1, "对此": 1, "数据线": 1, "生产者": 1, "宣传": 1, "体现": 1, "爱国": 1, "凭华": 1, "打折": 1, "店家": 1, "一个": 3, "道理": 1, "利用": 1, "民众": 1, "情怀": 1, "促销": 1, "苹果": 4, "发布会": 1, "C口": 1, "百家号": 1, "公众号": 1, "发": 1, "猜": 1, "都": 14, "猜到": 1, "……": 1, "解锁": 1, "惊喜": 1, "BRO": 1, "红碰": 1, "撞出": 1, "火花": 2, "！！": 1, "FBOYSsdfj": 1, "团粉": 1, "没法": 1, "做人": 1, "系列": 1, "飘柔": 1, "沙宣": 1, "欧莱雅": 1, "戴尔惠普": 1, "AdidasNikeFILAHM": 1, ";": 4, "野兽派roseonly": 1, "掌阅": 1, "读书": 1, "QQ": 1, "阅读": 1, "肯德基": 1, "必胜客": 1, "欧莱雅兰": 1, "蔻纪": 1, "梵希": 1, "Swatch萧邦": 1, "六": 1, "核桃": 1, "优益": 1, "c士": 1, "力架": 1, "奥利奥": 1, "百草味": 1, "竞争": 1, "对手": 2, "吃": 5, "还好": 1, "电脑": 1, "syc不配": 1, "追星": 2, "想来": 1, "sdfj": 1, "错": 1, "TFBOYS": 2, "组合": 1, "FanClub": 1, "峰峻": 1, "文化": 1, "挨打": 1, "贵": 2, "倍": 2, "A股": 1, "相关": 1, "概念股": 1, "表现": 1, "业内人士": 1, "接受": 2, "记者": 1, "采访": 1, "首批": 1, "预估": 1, "15000~20000": 1, "元": 1, "还要": 1, "并非": 1, "2019年": 2, "智能": 4, "终端": 2, "销售量": 2, "90万": 1, "预计": 1, "2020年": 1, "185万": 1, "O网页": 1, "链接": 2, "迷倒": 1, "万千": 1, "少女": 1, "美": 1, "少女们": 1, "尖叫": 1, "代言官": 1, "三": 2, "千玺✖": 1, "️华": 1, "✖": 1, "️oppo王源": 1, "✖️": 1, "新西兰": 5, "英式": 3, "橄榄球": 2, "——": 1, "这是": 1, "报纸": 1, "刊登": 1, "广告": 2, "禁止": 1, "国家": 2, "名单": 2, "包括": 1, "美国": 2, "英国": 1, "德国": 1, "意大利": 1, "日本": 1, "澳大利亚": 1, "印度": 1, "展开": 1, "公关": 2, "努力": 1, "得体": 1, "面向": 1, "新国": 1, "公众": 1, "克服": 1, "阻力": 1, "": 1, "王": 2, "子异": 2, "「": 1, "爸爸": 1, "绝美": 1, "物料": 1, "粗剪": 1, "超剪": 1, "短剧": 1, "情向": 1, "」": 1, "灼灼": 1, "日光": 1, "冰雪": 1, "融化": 1, "甜言蜜语": 1, "•": 1, "捕捉": 1, "心动": 1, "感谢": 1, "邀请": 1, "参与": 1, "合作": 1, "期待": 1, "擦出": 1, "王子": 1, "异L": 1, "仙子": 1, "头条": 1, "文章": 1, "企业": 3, "磨好": 4, "豆腐": 4, "妈": 4, "听": 1, "任正非": 1, "直落": 1, "话语": 1, "脑子": 1, "一下子": 1, "冒出": 1, "意念": 2, "带": 1, "妈妈": 1, "爱": 1, "敬畏": 1, "创造": 1, "产品": 3, "了不得": 1, "围堵": 1, "客户": 1, "共情": 1, "落地": 1, "顶": 1, "无数": 1, "颗": 1, "正义": 1, "原子弹": 1, "O做": 1, "叠加": 2, "卷曲": 3, "电视": 2, "柔性": 4, "显示": 3, "元年": 4, "主流": 1, "均": 1, "方向": 2, "加码": 1, "布局": 1, "印证": 1, "下一代": 1, "确定性": 1, "迭代": 1, "基于": 1, "未来": 1, "OLED": 1, "有望": 1, "尺寸": 2, "规模": 1, "渗透": 1, "爆发": 1, "小学": 2, "期末": 2, "考题": 3, "出题人": 2, "孩子": 2, "爸妈": 2, "贴近": 1, "生活": 1, "河南": 1, "洛阳": 1, "涧西区": 2, "五": 1, "年级": 1, "试卷": 1, "品牌": 2, "介绍": 2, "素材": 1, "出题": 1, "网友": 1, "质疑": 1, "答题": 1, "学生": 2, "观看": 1, "填写": 1, "答案": 2, "语文": 1, "教研员": 1, "武强": 2, "回应": 1, "称": 1, "希望": 1, "案例": 1, "一点": 1, "距离": 1, "总共": 1, "27": 1, "统一": 1, "大题": 1, "阅卷": 1, "情况": 1, "很": 2, "答对": 1, "送": 1, "分题": 1, "O": 1, "网页": 1, "TA": 1, "晚安": 1, "每次": 1, "长假": 1, "总会": 1, "心理": 1, "难以": 1, "起床": 1, "熬夜": 1, "精神": 1, "贼": 1, "清醒": 1, "上班": 1, "全身": 1, "无力": 1, "......": 1, "节后": 1, "综合症": 1, "转评": 1, "小云": 1, "抽": 1, "送出": 1, "耳机": 2, "更新": 1, "A8S": 1, "AirPods": 1, "港": 1, "带票": 1, "S9，S9+": 1, "Note9": 1, "调价": 1, "HUAWEI": 1, "WatchGT微调": 1, "华为B5": 1, "Watch2Pro": 1, "皆": 1, "2长": 1, "沙·五一": 1, "广场": 1, "投放": 1, "广告词": 1, "Huawe": 1, "iislikerugbywithout": 1, "NewZealand": 1, "国家队": 1, "全黑队": 1, "橄榄球界": 1, "碾压": 1, "数十": 1, "无敌": 1, "类似": 1, "我国": 1, "乒乓球队": 1, "新加坡": 1, "大叔": 1, "中国": 1, "L": 1, "简直": 1, "笑哭": 1, "代言人": 1, "凑": 1, "UnboxTherapy": 1, "拥有": 1, "摄像头": 2, "16": 1, "盲测": 1, "最终": 1, "获胜": 1, "iPhoneXS": 1, "Pixel3": 1, "Mate20Pro": 1, "冠军": 1, "LUnboxTherapy": 1, "收入": 1, "面子": 1, "工作": 1, "折射": 1, "社会": 1, "压力": 3, "太": 1, "员工": 1, "流水线": 1, "工人": 1, "不用": 2, "动脑": 1, "聊聊厂妹": 1, "下班": 1, "骑": 1, "自行车": 1, "厂妹": 1, "厂哥": 1, "撸串": 1, "喝酒": 1, "关键": 1, "房": 1, "车": 1, "落户": 1, "学区房": 1, "小孩": 1, "上学": 1, "挣": 1, "钱": 1, "老": 1, "自然": 2, "回老家": 1, "打打牌": 1, "吃瓜": 1, "群众": 1, "眼睛": 1, "盯": 1}