{"华为": 64, "消费者": 2, "业务": 2, "发展": 4, "一个": 7, "全新": 2, "历史": 6, "阶段": 1, "+": 1, "荣耀": 14, "很": 9, "全球": 22, "第一": 6, "手机": 35, "厂商": 3, "未来": 7, "坚定": 2, "方向": 1, "撸": 1, "袖子": 1, "埋头苦干": 1, "：": 5, "1.": 2, "品牌": 3, ".": 5, "中国": 11, "四": 2, "3": 2, "全力": 1, "支持": 2, "竞争力": 3, "产品": 3, "渠道": 1, "、": 17, "零售": 1, "加大": 1, "投入": 1, "超越": 5, "甩开": 1, "对手": 2, "4.": 1, "都": 12, "敢于": 1, "创新": 3, "智慧": 1, "场景": 5, "产业": 2, "王者": 1, "！": 10, "新西兰": 12, "总理": 9, "访华": 1, "今晚": 2, "央视": 1, "记者": 1, "水均益": 2, "专访": 2, "中新": 2, "关系": 2, "国": 1, "合作": 1, "阿德恩": 4, "期待": 1, "参与": 2, "5G": 3, "建设": 1, "政府": 1, "立场": 2, "旅游": 3, "条": 4, "路线": 1, "好玩": 1, "22:30": 1, "锁定": 1, "CCTV13": 1, "@": 8, "↓": 1, "驻华": 1, "大使馆": 1, "​": 16, "小新": 2, "直播": 2, "手里": 1, "经历": 2, "必不可少": 1, "通信": 5, "工具": 1, "冬天": 1, "掉": 1, "电快": 1, "台": 5, "制作": 1, "上市": 1, "测试": 3, "8": 4, "X": 4, "硬": 1, "核": 1, "品质": 1, "探秘": 1, "旅": 1, "活动": 1, "机会": 1, "走": 3, "西安": 1, "研究所": 1, "亲自": 1, "性能": 1, "带来": 2, "热乎乎": 1, "一手": 1, "资料": 1, "新闻网": 1, "领先": 2, "技术": 25, "揭秘": 3, "整合": 1, "30年": 1, "独家": 1, "模拟": 1, "240": 1, "运营商": 1, "网络": 1, "环境": 4, "发射": 1, "信号": 1, "…": 1, "上周五": 1, "老熊": 1, "带队": 1, "媒体": 2, "花粉": 1, "西研所": 1, "实验室": 1, "销量": 2, "破": 1, "千万": 2, "秘密": 1, "戳": 2, "视频": 15, "探": 1, "究竟": 1, "转抽": 1, "送": 3, "L荣耀": 1, "秒拍": 4, "国产": 1, "⃣": 1, "️台": 1, "🔥转": 1, "关注": 1, "瘦课": 1, "CEO": 2, "金哥": 1, "Kimoon": 1, "滤开": 1, "签约": 1, "代言人": 1, "猛🥰": 1, "英国": 2, "终端": 3, "荟": 1, "昨日": 1, "P30": 8, "系列": 5, "中东": 1, "发布会": 1, "登顶": 1, "迪拜": 1, "哈利法塔": 1, "闪耀": 1, "黑夜": 1, "改写": 1, "影像": 5, "规则": 1, "灯光": 1, "变换": 1, "呼应": 1, "主题": 1, "惊艳到": 1, "L华": 5, "公司": 5, "毕业季": 1, "临近": 1, "华为云": 1, "严肃": 1, "敲": 1, "黑板": 1, "划": 1, "重点": 1, "学习": 1, "提升": 2, "终身": 1, "事业": 1, "特效师": 2, "朝圣": 1, "路": 1, "不仅仅": 1, "创造": 2, "电影": 1, "流浪": 1, "地球": 1, "恢弘": 1, "瑰丽": 1, "宇宙": 2, "造梦者": 1, "执念": 1, "致敬": 1, "选择": 1, "可靠": 1, "转评": 1, "抽": 1, "1": 2, "粉丝": 1, "手环": 1, "4Running": 1, "版": 1, "枚": 3, "从来": 1, "爆炸": 1, "买": 1, "师伟": 1, "欠抽": 1, "梁": 1, "名嘴": 1, "王伟": 2, "牺牲": 1, "国家": 2, "安宁": 2, "作出": 1, "贡献": 2, "梁氏": 3, "才": 4, "说书": 1, "骗": 1, "钱": 1, "竟然": 1, "咒骂": 1, "王": 2, "伟及": 1, "纪念": 1, "人味": 1, "搞": 1, "虚无": 1, "美国": 6, "打压": 1, "中兴": 2, "时刻": 2, "站": 1, "带": 3, "节奏": 1, "希望": 4, "主管": 2, "部门": 3, "清晰": 1, "态度": 1, "——": 1, "抽梁": 1, "氏": 1, "网民": 1, "出手": 1, "难道": 1, "做出": 1, "O": 2, "网页": 1, "链接": 2, "会谈": 3, "提及": 2, "李克强": 3, "企业": 4, "相互": 1, "投资": 2, "营造": 1, "公平": 1, "公正": 1, "透明": 1, "便利": 1, "非歧视": 1, "营商": 2, "4月": 1, "1日": 1, "人民": 1, "大会堂": 1, "来华": 1, "正式": 1, "访问": 1, "新方": 1, "各国": 1, "提供": 4, "歧视": 1, "当即": 1, "领跑": 1, "标准": 16, "11432": 1, "看错": 2, "第三": 3, "名": 2, "海思": 1, "远": 1, "超": 4, "爱立信": 1, "诺基亚": 2, "高通": 4, "5000": 1, "余承东": 5, "外号": 1, "大嘴": 1, "老": 1, "大话": 1, "外人": 1, "爱": 2, "吹牛": 5, "苹果": 13, "厂家": 2, "超过": 3, "5": 2, "三星": 15, "数据": 4, "算": 2, "2018年": 1, "2.9亿": 1, "2.08亿": 1, "第二": 3, "2.06亿": 1, "小米": 4, "1.2亿": 1, "第四": 1, "oppo1.1亿": 1, "第五": 1, "2019年": 3, "几率": 1, "毕竟": 1, "下滑": 1, "依然": 1, "增长": 1, "差距": 1, "不大": 2, "差": 2, "200多万": 1, "难度": 2, "刚": 1, "百花齐放": 1, "好几百": 1, "大可乐": 1, "辣椒": 1, "青橙": 1, "甲鱼": 1, "优米": 1, "各种各样": 1, "如今": 4, "全都": 1, "挂": 1, "传统": 2, "大厂": 2, "酷派": 1, "金立": 1, "没落": 1, "联想": 1, "市场占有率": 1, "可怜": 1, "锤子": 1, "凉": 1, "魅族": 1, "日子": 1, "越来越": 2, "难过": 1, "国内": 1, "排": 1, "上名": 1, "oppo": 1, "vivo": 1, "加上": 1, "六": 1, "摩托罗拉": 1, "lg": 1, "索尼": 1, "忽略": 1, "干倒": 1, "一家": 1, "真的": 3, "五": 2, "一一": 1, "灵验": 1, "就算": 1, "牛人": 2, "格局": 1, "马云": 1, "刘强东": 1, "常人": 1, "理解": 1, "千亿": 1, "营收": 1, "沃尔玛": 1, "锁死": 1, "4/3": 1, "更新": 1, "爱国​": 1, "跑楼": 1, "顶拿": 1, "Mate20Pro": 1, "S10": 2, "拍": 5, "1080P": 1, "60": 1, "帧": 1, "拍摄": 7, "参数": 1, "段": 1, "素材": 2, "这块": 4, "稳定": 1, "真心": 1, "功夫": 2, "优化": 1, "拍照": 3, "确实": 1, "优势": 1, "创作": 1, "流行": 1, "体验": 1, "9": 1, "试": 1, "挺": 1, "稳": 1, "对比": 3, "L": 1, "科技": 2, "Milk": 1, "股": 1, "正宗": 1, "讲": 2, "概念": 1, "实实在在": 1, "供货": 1, "拿下": 1, "好多": 1, "订单": 1, "。。": 1, "谋划": 1, "一部分": 1, "股份": 1, "转让": 1, "引入": 1, "战投": 2, "转给": 1, "产业链": 2, "上游": 1, "巨头": 1, "事情": 3, "倒计时": 1, "兴趣": 1, "评论": 2, "到时候": 1, "进一步": 1, "提示": 1, "挑": 1, "择机": 1, "私信": 1, "提醒": 1, "束": 1, "催生": 1, "种子": 1, "光芒": 1, "生长": 1, "皆": 1, "计划": 1, "即将": 1, "揭晓": 1, "​​": 2, "搭载": 1, "4000万": 2, "像素": 1, "广角": 2, "摄像头": 3, "1600万": 1, "素超": 1, "800万": 1, "素长": 1, "焦": 1, "感光": 2, "徕卡": 1, "三": 2, "摄": 1, "岂能": 1, "错过": 1, "逆转": 1, "死亡": 1, "游戏": 1, "视野": 1, "全开": 1, "官方": 1, "iPhoneXSMax": 2, "GalaxyS10+": 2, "P30Pro": 4, "微弱": 1, "光线": 1, "S10+": 1, "默认": 1, "开启": 1, "优化器": 1, "自动": 1, "HDR": 1, "照片": 3, "均": 1, "触发": 2, "夜景": 2, "模式": 2, "秒": 2, "合成": 2, "等待": 1, "时间": 2, "P30Pro三": 1, "2.5": 1, "有人": 1, "拿到": 1, "短码": 1, "宣传": 1, "很多": 2, "专利": 17, "国际": 19, "两回事": 1, "简单": 1, "发明": 2, "方法": 2, "知识": 2, "产权": 1, "成功": 2, "注册": 2, "别人": 2, "付费": 2, "了不起": 1, "中学生": 1, "申请": 1, "PCT": 3, "价值": 1, "PCT指": 1, "用于": 1, "之间": 1, "交换": 1, "授权": 2, "抵": 1, "掏钱": 1, "产权组": 1, "组织": 4, "报告": 1, "近年来": 1, "数量": 1, "相差": 1, "遥遥": 1, "领先于": 1, "内": 1, "互通": 1, "互联": 1, "操作": 1, "鸡": 1, "鸭": 1, "一统天下": 1, "审批": 1, "机构": 1, "标准化": 2, "负责": 1, "备选": 1, "项": 10, "选出": 1, "金贵": 1, "去年": 3, "写": 2, "文章": 1, "查询": 1, "统计": 2, "1000多": 2, "日本": 1, "600": 1, "29": 3, "评为": 1, "隆重": 1, "件": 1, "大事": 1, "实力": 1, "顶尖": 1, "领域": 2, "引领者": 1, "地位": 1, "后续": 1, "无尽": 1, "好处": 1, "前阵子": 1, "Polar码": 1, "投票": 3, "选为": 1, "艰苦卓绝": 1, "努力": 1, "万分": 1, "残酷": 1, "竞争": 1, "想": 5, "不用": 2, "选用": 1, "3G": 1, "时代": 1, "4000多": 1, "CDMA": 1, "道路": 1, "条条": 1, "躲": 1, "业界": 1, "通交": 1, "专利费": 2, "称为": 1, "高通税": 1, "闭关锁国": 1, "交流": 1, "本身": 3, "所有人": 1, "交钱": 1, "定为": 1, "必要性": 1, "收": 1, "金额": 1, "薄利多销": 1, "盯": 1, "狮子大开口": 1, "开口": 1, "没用": 1, "好几千": 1, "未必": 1, "上次": 2, "网友们": 1, "关心": 1, "对此": 1, "不必": 1, "悬殊": 1, "担忧": 1, "这是": 1, "存量": 2, "BP机": 1, "退出": 1, "舞台": 1, "记录": 2, "统领": 1, "太": 1, "现实": 1, "意义": 1, "增量": 1, "增加": 1, "看法": 1, "碾压": 1, "出货量": 2, "2亿": 1, "非洲": 1, "杀入": 1, "！！​": 1, "试试": 1, "倍": 5, "变焦": 4, "效果": 1, "走到": 1, "行业": 1, "前列": 1, "改进": 1, "难": 1, "不得不": 1, "打破": 1, "基础": 1, "东西": 2, "挑战": 1, "此次": 1, "突破": 2, "40多": 1, "RGGB": 1, "首创": 1, "RYY": 1, "B阵列": 1, "这项": 1, "在于": 1, "颜色": 1, "调节": 1, "研发": 1, "兄弟": 1, "长": 1, "攻关": 1, "调校": 1, "配合": 1, "强大": 1, "算法": 2, "最终": 1, "RYYB": 2, "传感器": 1, "进光量": 1, "40%": 1, "摄影": 1, "暗拍": 1, "表现力": 1, "优秀": 1, "潜望式": 2, "镜头": 2, "起底": 1, "OPPO": 1, "角逐": 1, "竞技场": 1, "智能": 6, "场": 1, "围绕": 1, "明争暗斗": 1, "愈演愈烈": 1, "屏大战": 1, "AI": 1, "芯片": 1, "大战": 1, "轮": 1, "3月": 2, "26日": 1, "推出": 1, "P...": 1, "分享": 1, "雪球": 1, "客户端": 1, "O版权": 1, "声明": 1, "本文": 1, "经智": 1, "ID:zhidxcom": 1, "转载": 1, "取消": 2, "用户": 4, "BL码": 2, "折腾": 1, "花钱": 1, "买码": 1, "外国": 1, "黑客": 1, "内部": 1, "人员": 1, "查到": 1, "请": 2, "好好": 1, "查": 2, "贵司": 2, "内控": 1, "员工": 1, "灰产": 1, "财路": 1, "解锁": 1, "选择权": 1, "还给": 1, "肯定": 2, "小钱": 1, "害群之马": 1, "华": 1, "照样": 1, "评测": 1, "三者": 1, "优缺点": 1, "状况": 1, "担心": 1, "/": 1, "莱卡": 1, "相机": 2, "开发": 1, "项目": 1, "吸引": 1, "眼球": 1, "拍出": 1, "想要": 1, "保留": 1, "猜": 1, "O网页": 1, "这位": 1, "妹子": 1, "到底": 3, "居然": 1, "折成": 1, "这样子": 1, "...": 1, "型号": 1, "只能": 1, "旗舰": 1, "资讯": 1, "前期": 1, "上手": 2, "功能": 2, "镜": 1, "天涯": 1, "经典": 1, "说法": 1, "27": 1, "~": 1, "270": 1, "区间": 1, "10": 1, "能力": 1, "放": 1, "数码": 2, "常见": 1, "好用": 1, "焦段": 1, "加送": 1, "16": 1, "超广角": 1, "款": 1, "拍拍": 1, "网红": 1, "城市": 1, "重庆": 1, "验证P": 1, "30": 1, "Pro": 1, "打的": 1, "更何况": 1, "1300": 1, "50": 1, "一试": 1, "元件": 1, "过程": 1, "偏色": 1, "情况": 2, "难得": 1, "调教": 1, "不错": 1, "软件": 1, "偶尔": 1, "翻车": 1, "后期": 1, "OTA": 1, "画质": 1, "OK": 1, "有趣": 1, "走近": 1, "线下": 1, "游客": 1, "感知": 1, "超级": 1, "口碑": 1, "收获": 1, "O上手": 1, "不止": 1, "望远镜": 1, "夜视仪": 1, "近身": 2, "肉搏": 2, "版图": 2, "再现": 2, "变数": 2, "季": 1, "百分点": 1, "问鼎": 1, "龙头": 1, "折叠机": 1, "旗舰机": 1, "力求": 1, "市场": 1, "面临": 1, "分配": 1, "之际": 1, "O华": 1, "牛逼": 1}