{"苹果": 35, "iphone11": 5, "华为": 83, "mate30": 4, "选": 3, "款": 9, "中国": 12, "品牌": 18, "地位": 10, "暴跌": 10, "年前": 4, "第11": 4, "跌": 4, "第24": 4, "竞争": 3, "对手": 3, "名次": 3, "排": 7, "第2": 3, "近日": 1, "新品": 2, "预售": 1, "抢断": 1, "货": 1, "推出": 3, "产品": 4, "——": 2, "售价": 2, "799": 1, "欧元": 1, "手机": 27, "Mate30": 39, "发布会": 16, "直播": 7, "侧边": 3, "操控": 5, "隔空": 4, "操作": 3, "无线": 2, "快充": 3, "超": 2, "慢慢": 1, "动作": 1, "夜景": 1, "升级": 1, "HUAWEIMate30": 2, "系列": 24, "看点": 1, "旗舰": 2, "据说": 1, "智慧屏": 1, "一同": 1, "亮相": 2, "关注": 1, "@": 4, "新浪": 2, "浪人": 1, "TV": 1, "～": 1, ".": 3, "​": 18, "黑科技": 1, "：": 15, "支持": 9, "AI隔空": 3, "19日": 3, "德国": 5, "慕尼黑": 5, "发布": 10, "①": 1, "滑动": 2, "、": 16, "抓取": 1, "截屏": 1, "无需": 1, "触碰": 1, "屏幕": 10, "自在": 1, "②": 1, "AI": 2, "信息": 2, "保护": 2, "功能": 2, "智能": 6, "识别": 1, "机主": 1, "陌生人": 1, "注视": 1, "隐藏": 1, "消息": 1, "内容": 1, "隐私": 1, "③": 1, "随心": 1, "可识": 2, "别人": 2, "脸": 2, "观看": 2, "角度": 3, "转换": 2, "横竖屏": 3, "L华": 4, "终端": 3, "官方": 2, "视频": 12, "新机": 3, "亮点": 6, "举办": 2, "正式": 2, "下半年": 1, "多多": 1, "包括": 2, "全球": 9, "首款": 2, "4000万": 4, "像素": 2, "电影级": 1, "拍摄": 2, "集成": 1, "5G": 7, "芯片": 4, "保时捷": 2, "设计": 12, "高达": 1, "15000": 1, "多元": 1, "……": 2, "支付宝": 5, "第一": 6, "第二": 4, "项": 2, "年度": 2, "消费者": 6, "态度": 2, "调查": 3, "显示": 2, "声誉": 6, "2017年": 3, "第5": 3, "对此": 2, "O": 2, "彭博社": 1, "今日": 1, "援引": 1, "份": 3, "国外": 1, "机构": 1, "报告": 2, "称": 2, "名": 2, "安卓": 1, "大疆": 1, "微信": 1, "Bilibili": 1, "小米": 3, "iPhone三": 1, "摄VS华": 1, "四": 5, "摄": 8, "刚刚": 1, "摄像头": 11, "首次": 1, "对比": 2, "iPhone": 1, "浴霸": 1, "三": 2, "好看": 4, "！": 11, "➕": 1, "瀑": 1, "布屏": 1, "40": 1, "W超": 1, "期待": 2, "环形": 1, "镜头": 1, "模组": 1, "88": 2, "度": 2, "弯曲": 2, "瀑布屏": 1, "麒麟": 2, "990": 1, "新一代": 1, "颇": 1, "提升": 1, "体验": 1, "AI相关": 1, "现场": 2, "上演": 1, "谷歌": 1, "服务": 1, "禁用": 1, "影响": 1, "机型": 1, "欧洲": 1, "上市": 1, "ING": 1, "直击": 1, "ING": 1, "投票": 1, "iPhone11": 12, "买": 7, "9月": 6, "20日": 1, "发售": 1, "前夜": 1, "业务": 6, "CEO": 4, "#余": 2, "承东": 3, "硬": 4, "刚": 6, "引领": 4, "行业": 4, "潮流": 4, "方形": 4, "Mate20": 4, "类似": 4, "电池": 4, "容量": 4, "轻": 7, "刘海": 4, "短": 5, "跌破": 1, "5000": 1, "HUAWEIMateBook": 1, "多屏": 1, "协同": 1, "连接": 1, "简单": 1, "文件": 1, "拖拽": 1, "键鼠": 1, "PC": 2, "端刷": 1, "太": 1, "酷": 2, "L": 5, "想": 1, "宝宝": 1, "秒拍": 3, "Mate30Pro": 8, "告诉": 1, "7680": 2, "帧": 2, "高速": 2, "摄影": 4, "到底": 1, "震撼": 1, "物理": 2, "音量键": 2, "采用": 2, "6.62": 1, "英寸": 2, "OLED": 2, "屏": 2, "6.53": 1, "环幕": 1, "值得": 1, "去除": 1, "即可": 1, "音量": 1, "调节": 1, "配色": 1, "星河银": 1, "罗": 1, "兰紫": 1, "翡": 1, "冷翠": 1, "亮": 1, "黑色": 1, "青山黛": 1, "丹霞": 1, "橙": 1, "素皮": 1, "；": 3, "Mate305G": 1, "搭载": 4, "麒麟9905": 1, "GSoC": 2, "5GSA": 2, "/": 2, "NSA": 2, "架构": 2, "双卡双待": 2, "4G卡": 1, "在线": 2, "记者": 1, "吴涛": 1, "图片": 2, "余承东": 8, "全程": 2, "设计学": 3, "电": 3, "19日晚": 3, "老板": 6, "联播": 5, "步行街": 1, "话题": 1, "神仙": 1, "打架": 1, "颜值": 2, "mate30pro": 2, "技术": 1, "美学": 1, "巧妙": 1, "融合": 1, "RS": 1, "致敬": 1, "一个": 1, "追求": 1, "极致": 1, "公司": 1, "真机": 3, "这次": 1, "邀请": 1, "世界": 1, "著名": 1, "大师": 1, "布列泽": 1, "凸显": 1, "大气": 1, "精致": 1, "特质": 1, "摄影师": 1, "本人": 1, "亲自": 1, "出镜": 1, "添": 1, "风采": 1, "配置": 2, "重点": 1, "首发": 1, "9905": 1, "内置": 1, "基带": 1, "4G": 1, "速度": 1, "展示": 1, "环节": 1, "选择": 1, "三星": 3, "Note10+5G": 1, "Mate30Pro5G": 1, "快": 1, "卡槽": 1, "依然": 1, "「": 1, "卡托": 1, "」": 1, "nanoSIM卡": 1, "SIM卡": 1, "更换": 1, "NM内存卡": 1, "存储": 1, "拓展": 1, "假设": 2, "MIX4": 2, "都": 2, "卖": 2, "五千": 2, "元": 2, "牛旁": 1, "听生": 1, "脑瘫": 2, "博士": 2, "苦读": 1, "8": 1, "成兰州": 1, "大学": 2, "荣誉": 2, "研究生": 2, "17日": 1, "兰州": 2, "谢炎廷": 2, "患有": 1, "2011年": 1, "数学": 1, "统计": 1, "学院": 1, "旁听生": 1, "本科": 1, "生起": 1, "旁听8年": 1, "读到": 1, "执着": 1, "打动": 1, "兰大": 1, "授予": 1, "称号": 1, "校长": 1, "严纯": 1, "佩戴": 1, "校徽": 1, "L一手": 1, "video": 1, "联播L": 1, "26%": 3, "增长": 5, "折叠屏": 3, "10月": 1, "截止": 1, "2019年": 1, "6月": 1, "销量": 1, "249%": 1, "音箱": 1, "256%": 1, "可穿戴": 1, "278%": 1, "确认": 1, "下月": 2, "中国区": 1, "发货": 1, "O余": 1, "上半年": 1, "想好": 1, "note10": 1, "Mate": 2, "方式": 1, "变为": 1, "敬请": 1, "今晚": 1, "20:00": 1, "这不": 1, "很": 1, "姐妹们": 1, "为啥": 1, "大华": 1, "国产": 1, "不用": 1, "Huaweiholdsthe": 1, "Europeanlaunchofitslatestflagshipphone": 1, "Huawei": 1, "Mate30series.CGTN": 1, "影像": 1, "力量": 1, "新生": 1, "HUAWEIMate30Pro": 1, "徕卡": 1, "电影": 2, "素超": 3, "感光": 2, "双主": 1, "800万": 2, "素长": 2, "焦": 2, "3D": 1, "深感": 1, "1600万": 1, "广角": 1, "划时": 1, "代级": 1, "硬件": 1, "创作": 1, "转评": 1, "转发量": 1, "抽取": 1, "粉丝": 1, "1": 1, "赠送": 1, "HUAWEIMate30Pro8GB": 1, "+": 1, "256GB": 1, "(": 1, "颜色": 1, "随机": 1, ")": 1, "O抽奖": 1, "详情": 1, "擦": 1, "这是": 1, "刚需": 1, "回": 1, "沸腾": 1, "不管是": 1, "系统": 1, "切换": 1, "极其": 1, "愚蠢": 1, "LBlood旌旗": 1}