{"感恩于心": 1, "回馈": 6, "科技": 5, "改变": 1, "生活": 3, "新浪": 3, "华为": 72, "感恩": 6, "季": 4, "加码": 1, "转发": 10, "关注": 7, "@": 12, "终端": 6, "官方": 3, "随机": 2, "抽取": 1, "1": 2, "网友": 1, "送出": 2, "HUAWEIMate20Pro": 1, "馥蕾": 1, "红一": 1, "1月": 14, "21日": 1, "开奖": 1, "​": 16, "任正非": 24, "罕见": 2, "接受": 4, "外媒": 3, "采访": 4, "：": 9, "2019年": 7, "营收": 1, "增速": 2, "低于": 2, "20%": 2, "遭遇": 2, "中兴": 5, "命运": 1, "绝不": 2, "损人": 1, "国家": 7, "利益": 2, "上市": 3, "公司": 3, "漂亮": 5, "财报": 1, "市场": 2, "缩减": 1, "规模": 2, "活": 1, "未来": 2, "多年": 1, "研发": 2, "投入": 1, "事情": 1, "身上": 1, "发生": 1, "O": 3, "损害": 1, "黑枪": 1, "欧美": 1, "炒作": 1, "理由": 2, "禁用": 4, "设备": 9, "台湾": 10, "开出": 2, "第一": 2, "枪": 2, "东森": 1, "新闻云": 1, "14日": 2, "报道": 1, "称": 7, "背景": 1, "工业": 1, "技术": 6, "研究院": 1, "工研院": 5, "当日": 1, "发布": 4, "份": 2, "公告": 3, "15日": 4, "中午": 1, "该院": 1, "办公": 2, "场所": 2, "禁止": 2, "手机": 7, "、": 32, "计算机": 2, "台媒": 1, "临时": 1, "内部": 3, "媒体": 4, "紧急": 1, "会商": 1, "改为": 1, "‘": 1, "’": 1, "无线": 2, "网络": 6, "成立": 1, "1973年": 1, "经济部": 1, "设立": 1, "高新科技": 1, "产业": 1, "火车头": 1, "中央社": 1, "援引": 1, "总代理": 1, "讯崴": 1, "出口": 1, "产品": 1, "均": 1, "符合": 1, "法规": 1, "通讯": 1, "传播": 1, "委员会": 1, "NCC": 1, "民视": 1, "新闻": 2, "提到": 1, "去年": 2, "12月": 2, "国安会": 1, "秘书长": 1, "李大维": 1, "1日": 1, "实施": 1, "资安": 1, "管理法": 1, "关键": 1, "基础": 1, "设施": 1, "大陆": 1, "信息": 2, "软件": 1, "服务": 1, "部门": 1, "机关": 1, "明禁": 1, "率先": 1, "首次": 3, "回应": 5, "孟晚舟": 11, "扣押": 7, "否认": 2, "中国": 6, "政府": 2, "间谍": 2, "活动": 2, "指控": 2, "指": 1, "从未": 1, "收到": 1, "提供": 2, "正当": 1, "请求": 1, "思念": 2, "女儿": 3, "美": 2, "贸易": 2, "摩擦": 1, "颗": 1, "芝麻": 1, "美国": 5, "善待": 1, "企业": 2, "才能": 3, "吸引": 1, "投资": 2, "L凤凰网": 1, "秒拍": 5, "视频": 6, "感念": 1, "过往": 1, "支持": 1, "陪伴": 2, "惊喜": 2, "礼": 1, "1.15": 1, "凤凰网": 1, "25日": 2, "HUAWEI": 1, "FreeBuds2Pro": 1, "台": 7, "颜色": 1, "赠书": 3, "胜利": 2, "无路可走": 2, "战下": 1, "攻势": 1, "紧锣密鼓": 1, "CFO": 1, "被捕": 3, "讲": 1, "何去何从": 1, "解析": 1, "30年": 3, "制胜之道": 1, "誉为": 1, "教父级": 1, "企业家": 2, "定义": 1, "精神": 4, "惶恐": 1, "生存": 1, "偏执": 1, "成功": 2, "绝处": 1, "制胜": 1, "向死而生": 1, "商业": 1, "哲学": 5, "——": 1, "书": 1, "天天": 2, "荐": 1, "送": 4, "热": 3, "第1": 3, "+": 5, "平台": 5, "抽": 4, "20日": 3, "截止": 3, "！": 9, "西方": 4, "通缉": 1, "原因": 3, "落后": 1, "半会儿": 1, "标准": 6, "顺藤摸瓜": 1, "摸": 1, "躺床": 1, "睡觉": 1, "都": 8, "吓哭": 1, "抵制": 1, "破坏": 1, "高铁": 1, "走": 1, "回": 1, "越来越": 1, "当年": 1, "大清": 1, "成长": 1, "路上": 1, "注定": 1, "独自": 1, "前行": 1, "过程": 1, "想": 2, "感谢": 1, "搜狐": 1, "；": 5, "小狐": 1, "抽奖": 1, "抽送": 1, "平板": 1, "M5": 1, "WiFi": 1, "版": 1, "王健林": 8, "作词": 4, "万达": 16, "歌": 13, "水平": 1, "可惜": 1, "作曲": 2, "12日": 4, "集团": 6, "2018年": 5, "工作": 5, "总结会": 4, "年会": 4, "30": 4, "周年": 4, "搞": 4, "歌词": 4, "征集": 4, "很多": 4, "写": 10, "万科": 4, "花": 4, "时间": 5, "一个": 7, "L老板": 4, "联播": 4, "46": 1, "页": 1, "PPT": 1, "团队": 1, "晋升": 1, "资格": 1, "体系": 1, "这是": 2, "世界": 1, "巨头": 1, "管理": 5, "内涵": 1, "干货": 1, "值得": 1, "收藏": 1, "​​": 2, "封": 1, "感谢信": 1, "转交": 1, "粉丝": 1, "一不小心": 1, "弄": 1, "丢": 1, "快": 2, "想信": 1, "抓": 1, "优秀": 1, "送华": 1, "nova4": 1, "日前": 2, "中央": 2, "广播": 2, "电视": 3, "总台": 2, "联合": 1, "深圳": 7, "5G": 19, "4K": 2, "传输": 2, "测试": 4, "走过": 1, "36": 1, "央视": 2, "春晚": 3, "分会场": 2, "历史性": 1, "超高清": 2, "内容": 1, "我国": 3, "国家级": 1, "建设": 1, "突破": 1, "标志": 1, "打造": 1, "强大": 1, "引领力": 1, "传播力": 1, "影响力": 1, "国际": 7, "一流": 1, "新型": 1, "主流": 1, "加快": 1, "推进": 1, "试验": 1, "示范": 1, "迈出": 1, "坚实": 1, "步伐": 1, "承载": 1, "直播": 4, "部署": 2, "开通": 1, "采用": 1, "华为端": 1, "端": 1, "包括": 2, "64T64": 1, "R": 1, "基站": 1, "AAU": 1, "核心": 1, "网": 1, "商用": 1, "CPE": 1, "摄像机": 1, "对接": 1, "现场": 1, "稳定": 1, "80Mbps": 1, "上传": 1, "能力": 1, "学习": 1, "很": 1, "紧张": 1, "一块": 1, "～": 1, "打开": 1, "主题": 3, "搜索": 1, "达芬奇": 2, "小云": 1, "见证": 1, "作品": 3, "全球": 1, "首发": 1, "重温": 1, "文艺": 1, "复兴": 1, "时期": 1, "旷世": 1, "佳作": 1, "pick": 1, "款": 2, "转评": 1, "耳机": 1, "副": 1, "来临": 2, "值钱": 2, "文末": 2, "彩蛋": 2, "称为": 1, "元年": 1, "意味着": 1, "通信": 1, "落地": 1, "4G": 1, "启动": 1, "难以": 1, "料想": 1, "微信": 1, "抖音": 3, "层面": 1, "革新": 1, "公众": 1, "忽视": 1, "极大": 1, "程度": 1, "影响": 1, "O5G": 1, "中企": 2, "专利": 3, "超": 2, "2400": 3, "项": 5, "超过": 3, "占比": 1, "30%": 1, "昨天": 1, "工信部": 1, "透露": 1, "主导": 1, "49": 1, "电信": 1, "联盟": 1, "牵头": 1, "新立": 1, "项目": 1, "73": 2, "推动": 1, "O华": 2, "年年": 2, "唱": 2, "感受": 3, "~": 3, "事件": 5, "详解": 2, "思想": 2, "苦难": 4, "英雄": 4, "正式": 2, "<": 2, "条": 2, ">": 2, "王育琨": 4, "打榜": 2, "专家": 2, "研究": 2, "20年": 2, "秒": 5, "探知": 2, "灰度": 2, "预测": 2, "竞争": 4, "走向": 4, "读者": 2, "呈现": 2, "历经": 2, "变迁": 2, "思想史": 2, "一步步": 2, "全世界": 2, "表态": 2, "创办人": 2, "想念": 2, "财务长": 1, "加拿大": 1, "父亲": 1, "「": 2, "蛮": 1, "」": 2, "案件": 1, "乐观": 1, "静候": 1, "总统": 1, "川普": 1, "干预": 1, "此事": 1, "涉及": 1, "传闻": 1, "ETtoday": 1, "报导": 1, "O网页": 1, "链接": 3, "(": 9, "rosie": 1, ")": 9, "施压": 1, "英": 1, "国": 1, "本国": 1, "收入": 9, "目标": 3, "1250亿": 3, "美元": 3, "也许": 1, "困难": 1, "创始人": 1, "面临": 1, "挑战": 1, "头条": 1, "文章": 2, "看待": 2, "雷军": 2, "红米Note7": 2, "发布会": 2, "亲自": 2, "Diss": 2, "/": 2, "荣耀": 2, "說": 2, "華為": 1, "現": 1, "連": 1, "間諜": 1, "工具": 1, "資料": 1, "來源": 1, "位於": 1, "華盛頓": 1, "特區": 1, "研究所": 1, "奇怪": 1, "下載": 1, "FB": 1, "IG": 2, "沒有": 2, "收集": 2, "用戶": 2, "資訊": 2, "資安": 1, "問題": 1, "玩個": 1, "會": 1, "洩密": 1, "實因為抖音": 1, "下載量": 1, "經": 1, "超越": 1, "嚴重": 1, "威脅": 1, "當然": 1, "手": 1, "打擊": 1, "西安": 1, "兴庆宫": 1, "寻梅不遇": 1, "随拍": 1, "恋上": 1, "冬日": 1, "影像": 1, "成诗": 1, "华": 1, "20pro": 1, "摄影": 1, "城​": 1, "腊月": 1, "年货": 1, "京东": 2, "知否": 2, "家人": 1, "守候": 1, "即将": 1, "回家": 1, "团圆": 1, "不妨": 1, "寄托": 1, "贴心": 1, "礼物": 1, "22日": 1, "JOY": 1, "携手": 1, "文鳐": 1, "wényáo": 1, "鱼": 1, "通天": 1, "犀": 1, "驺吾": 1, "zōuwú": 1, "上古": 1, "瑞兽": 1, "带来": 2, "祝福": 1, "oppo": 1, "泸州": 1, "老窖": 1, "良品": 1, "铺子": 1, "众多": 1, "大牌": 1, "花样": 1, "优惠": 1, "戳": 1, "~O": 1, "网页": 1, "济南": 1, "爆料": 1, "毕业生": 7, "专业": 4, "挣钱": 1, "山大": 1, "山师": 1, "就业": 2, "报告": 2, "近日": 1, "山东": 6, "大学": 4, "师范大学": 2, "2018": 3, "届": 3, "质量": 2, "本届": 1, "10999": 1, "接收": 4, "本科生": 2, "最多": 3, "有限公司": 2, "78": 1, "硕士生": 1, "电网": 1, "137": 1, "博士生": 1, "69": 1, "70": 2, "齐鲁": 2, "医院": 1, "79": 1, "新东方": 1, "教育": 2, "有限": 2, "72": 1, "建筑": 1, "股份": 1, "9510": 1, "音乐": 2, "学院": 1, "6557": 1, "元": 10, "最低": 1, "法学院": 1, "3991": 1, "本科": 1, "师范类": 3, "科学": 1, "4986": 1, "技术学": 1, "4907": 1, "低": 1, "化学": 1, "3766": 1, "物理学": 1, "4055": 1, "美术学": 1, "4084": 1, "表演": 1, "7236": 1, "法语": 1, "6979": 1, "播音": 1, "主持": 1, "艺术": 1, "6922": 1, "晚报": 1, "写好": 1, "DxOMark": 1, "Mate20Pro": 2, "在内": 1, "新机": 1, "很快": 1, "公布": 1, "成绩": 1, "取代": 1, "P20Pro": 1, "地位": 1, "商报": 3, "记者": 2, "探访": 2, "生产": 3, "基地": 2, "28.5": 3, "平均": 1, "产出": 1, "长": 1, "答案": 1, "3日": 1, "实地": 1, "东莞": 1, "松山湖": 1, "送料": 1, "包装": 1, "出货": 1, "120": 1, "米": 1, "自动化": 1, "生产线": 2, "隔": 1, "智能": 2, "下线": 1, "2010年": 1, "发货量": 1, "300万": 1, "数字": 2, "2亿": 1, "8": 1, "年间": 1, "增长": 1, "66": 1, "倍": 1, "出货量": 1, "背后": 1, "设计": 1, "机械臂": 1, "数字化": 1, "精确": 1, "执行": 1, "控制": 1, "中心": 1, "指令": 1, "不见": 1, "意识": 1, "细节": 1, "当中": 1, "报": 1}