{"谢谢": 1, "华为": 74, "爱": 5, "梅溪湖": 2, "声浪": 1, "四": 1, "放": 2, "波澜万丈": 1, "！！​": 1, "沙雕": 1, "设计": 2, "……": 1, "​": 15, "": 3, "阿云嘎": 3, "感恩": 1, "朋友": 3, "圆梦": 1, "火线": 1, "购入": 1, "30pro": 1, "好用": 1, "！": 12, "原片": 1, "修": 1, "足够": 1, "震撼": 1, "感谢": 1, "声入": 1, "人心": 1, "实力": 1, "颜值": 1, "俱": 1, "佳": 1, "今日": 1, "美好": 1, "珍藏": 2, "音乐剧": 1, "演员": 2, "#​": 2, "美国": 29, "检方": 22, "律师": 15, "疑": 1, "主管": 6, "调查": 6, "上周": 4, "5月": 5, "2日": 4, "法院": 5, "取消": 5, "案件": 5, "重量级": 6, "辩护": 16, "资格": 5, "原因": 5, "对此": 4, "反对": 4, "真相": 6, "浮出": 6, "水面": 6, "：": 9, "代表": 5, "这位": 4, "正是": 4, "案": 4, "前辈": 4, "、": 18, "司法部": 7, "副部长": 4, "詹姆斯•科尔": 3, "JamesCole": 4, "后者": 4, "疑似": 4, "当年": 4, "参与": 4, "O美": 1, "换律": 1, "师疑": 1, "美": 2, "下华": 1, "手机": 11, "拍摄": 1, "功能": 1, "仗": 1, "四周": 1, "楼远": 1, "在家": 2, "身子": 1, "走来走去": 1, "考上": 4, "清华": 6, "北大": 5, "毕业": 4, "记者": 1, "梳理": 1, "5": 3, "大学": 2, "北京": 5, "毕业生": 5, "就业": 4, "质量": 1, "报告": 1, "试图": 2, "发现": 4, "人生": 1, "轨迹": 1, "清北": 5, "超": 2, "半数": 1, "深造": 3, "数据": 2, "国内": 2, "升学": 2, "出国（境）": 2, "占据": 3, "比例": 7, "选择": 4, "签": 2, "三方": 2, "高校": 3, "都": 7, "占": 2, "40%": 2, "五": 1, "逐年": 1, "下降": 1, "失落": 1, "广东": 2, "学子": 2, "心目": 1, "地位": 3, "崛起": 4, "相比于": 1, "上海": 1, "低": 2, "行业": 1, "公司": 2, "连续": 2, "3": 2, "抢到": 1, "最多": 2, "；": 1, "2017年": 1, "腾讯": 2, "才": 1, "TOP5": 1, "名": 1, "单里": 1, "O": 5, "很多": 4, "事情": 1, "想": 3, "一等": 1, "时间": 4, "不等": 1, "父母": 1, "年迈": 1, "步伐": 1, "…": 1, "小时候": 1, "妈妈": 8, "承诺": 2, "母亲节": 7, "兑现": 1, "@": 5, "EMUIL": 1, "EMUI": 2, "秒拍": 2, "视频": 3, "5G": 12, "下载": 3, "速率": 2, "100M": 2, "秒": 3, "5G商": 1, "用箭": 1, "弦下": 1, "载速率": 1, "超过": 3, "领域": 1, "头部": 1, "厂商": 2, "竞争": 1, "并驱争先": 1, "国产": 1, "OV": 1, "中兴": 1, "小米": 1, "投入": 1, "财力": 1, "首批": 1, "队列": 1, "一席之地": 1, "究竟": 1, "快": 1, "10日": 2, "OPPO": 1, "超级": 5, "旗舰店": 1, "发布": 3, "星火": 1, "计划": 1, "邀请": 1, "李易峰": 1, "三": 1, "体验官": 2, "抢先": 1, "感受": 2, "网络": 2, "急速": 1, "流畅": 1, "朱文强": 1, "现场": 1, "一个": 4, "2GB": 1, "大小": 1, "游戏": 1, "只用": 1, "据悉": 1, "相较4G": 1, "版本": 2, "行速率": 1, "下行": 1, "提升": 1, "8": 1, "倍": 3, "时延": 1, "降低": 2, "65%": 1, "O5G": 1, "商用": 1, "箭": 1, "弦": 1, "速度": 1, "100M/秒": 1, "教教": 1, "陈思进": 1, "估算": 1, "专利费": 4, "1": 1, "专利": 5, "官司": 1, "输": 1, "消息": 1, "随口": 1, "编": 1, "谣言": 1, "芯片": 1, "企业": 1, "业务": 3, "通信": 1, "高通": 6, "无关": 1, "运营商": 2, "2018年": 1, "收入": 3, "2940亿": 1, "元": 2, "通信业": 1, "通行": 1, "5%": 2, "收": 1, "147亿": 1, "拥有": 1, "3G": 1, "4G": 1, "交叉": 2, "授权": 1, "绝不": 1, "收费": 1, "收到": 1, "1%": 1, "不错": 1, "4": 1, "学": 1, "常识": 1, "贩卖": 1, "焦虑": 1, "骗": 2, "一辈子": 1, "追": 1, "英雄": 1, "明天": 1, "粉丝": 1, "P30": 3, "影像": 3, "不止": 1, "母亲": 5, "臂弯": 1, "温柔": 1, "时光": 1, "孩童": 1, "美的": 2, "记忆": 2, "大赛": 2, "评委": 1, "著名": 1, "时尚": 1, "摄影师": 1, "ErikMadiganHeck": 1, "HUAWEIP": 1, "30": 1, "Pro": 1, "定格": 1, "温馨": 2, "画面": 1, "记录": 1, "母爱": 1, "动人": 1, "瞬间": 2, "上传": 1, "2019": 1, "官网": 1, "分享": 1, "样子": 1, "O网页": 1, "链接": 1, "更换": 2, "如今": 3, "转投": 3, "团队": 3, "科尔": 8, "熟知": 3, "此案": 3, "控诉": 3, "筹码": 3, "利益": 3, "冲突": 3, "随手": 1, "拍": 2, "夜景": 2, "13": 1, "Pro图": 1, "24": 2, "iPhoneXR": 1, "整体": 3, "氛围": 1, "表达": 3, "胜": 1, "细节": 1, "算法": 1, "调教": 1, "三年": 1, "抢": 1, "留": 1, "京": 1, "工作": 2, "网友": 1, "投稿": 1, "果粉": 1, "Ren": 1, "o圈": 1, "粉咋办": 1, "体验": 4, "类似": 1, "Reno刚": 1, "机器": 1, "评价": 1, "中等偏上": 1, "50": 1, "拍照": 2, "气势汹汹": 1, "Reno": 2, "厚重": 1, "太": 1, "感冒": 1, "实用": 3, "段": 3, "光学": 1, "变焦": 1, "能力": 1, "对比": 1, "单发": 1, "暗光": 1, "亮": 1, "屏幕": 1, "观感": 1, "很": 5, "香": 1, "建议": 1, "1.": 1, "实体店": 1, "亲自": 1, "手感": 1, ".": 1, "自营": 1, "渠道": 1, "买": 1, "台": 1, "难以": 1, "接受": 1, "退货": 1, "退掉": 1, "可能性": 1, "水准": 1, "找": 1, "詹姆斯-科尔": 1, "为由": 1, "提出": 3, "动议": 1, "依据": 1, "程序": 1, "拖延": 3, "国家": 1, "法律": 1, "杂志": 1, "指出": 1, "这是": 1, "常用": 1, "手段": 1, "长": 1, "成本": 1, "获取": 1, "搜集": 1, "辩方": 1, "不利": 1, "信息": 1, "2019年": 1, "1月": 1, "15日": 1, "告知": 1, "科技": 2, "USA": 1, "随后": 1, "内": 1, "约谈": 1, "同事": 1, "劝退": 1, "3月": 2, "6日": 1, "正式": 1, "回应": 1, "14日": 1, "庭审": 1, "子公司": 1, "无罪": 1, "文": 2, "带": 2, "看透": 2, "中国": 4, "房价": 3, "9": 2, "秘密": 2, "深圳": 1, "无疑": 1, "几十": 1, "耀眼": 1, "成长股": 1, "招商": 1, "平安": 1, "近年来": 2, "大疆": 1, "比亚迪": 1, "氢": 1, "燃料": 1, "电池": 1, "概念": 1, "龙头": 2, "雄韬": 1, "股份": 1, "一批批": 1, "涌现": 1, "基本面": 2, "极其": 1, "强大": 1, "份": 2, "未来": 1, "奔": 1, "硅谷": 1, "湾区": 1, "网红": 1, "城市": 1, "杭州": 1, "成都": 1, "涨幅": 1, "39.90%": 1, "56.55%": 1, "竟然": 1, "跑输": 1, "大市": 1, "到底": 1, "发生": 1, "柯洁": 2, "杯": 1, "围甲": 1, "联赛": 1, "赛果": 1, "九": 1, "执白": 1, "166": 1, "手": 1, "盘胜": 1, "杨鼎新": 1, "八": 1, "恭喜柯柯​": 1, "关注": 3, "+": 1, "转发": 3, "相关": 2, "故事": 3, "抽": 4, "送": 4, "套": 2, "子母路": 2, "Q2Pro": 2, "​​": 2, "图1": 1, "创业": 1, "注册地": 1, "终端": 2, "东莞": 1, "总部": 1, "认证": 1, "央视": 1, "顾问": 1, "造谣": 2, "专利权": 1, "争夺": 1, "败诉": 2, "交": 1, "3000亿": 1, "简直": 1, "可笑": 1, "谈判": 1, "何谓": 1, "排名": 1, "全球": 1, "第一": 1, "第六": 1, "远": 1, "落后于": 1, "确实": 2, "支付": 1, "苹果": 2, "3G/4": 1, "G确": 1, "优势": 1, "紧要": 1, "关头": 1, "背后": 1, "捅": 1, "刀子": 1, "商城": 1, "说出": 1, "长大": 1, "童年": 1, "万能": 1, "魔": 1, "法师": 1, "魔法": 1, "女孩": 2, "担心": 1, "搭载": 1, "9.1": 1, "系列": 1, "一键": 1, "唤醒": 1, "语音": 1, "助手": 1, "解决": 1, "~": 1, "时刻": 2, "守护": 1, "之间": 2, "可爱": 1, "荣耀": 1, "半入式": 1, "耳机": 1, "抽奖": 3, "平台": 1, "​O": 2, "详情": 2, "快充": 2, "真的": 3, "情况": 2, "美滋滋": 1, "玩儿": 1, "电视": 1, "懒得": 1, "充电": 1, "突然间": 1, "吃饭": 1, "救命": 1, "两点": 1, "吹": 1, "爆O": 1, "PPO": 1, "iPhone": 1, "懒": 1, "出门": 1, "你好": 1, "联通": 2, "华": 1, "主题": 1, "美学": 1, "截止不卖": 1, "AI": 6, "开发": 4, "难": 1, "难于上青天": 1, "才能": 1, "消除": 1, "开发者": 2, "望而生畏": 1, "障碍": 1, "轻松": 1, "时代": 1, "刚刚": 1, "举办": 1, "技术": 2, "沙龙": 2, "北京站": 1, "活动": 1, "找到": 1, "满意": 1, "答案": 1, "不凡": 2, "成就": 1, "O华": 1, "简单": 1, "代名词": 1, "换华": 1, "——": 1, "自拍": 1, "好看": 1, "前置": 1, "颜滤镜": 1, "效果": 1, "堪比": 1, "美图": 1, "小时": 1, "到来之际": 1, "声": 1, "辛苦": 1, "逝去": 1, "爱意": 1, "永存": 1, "空间": 1, "感动": 1, "转评": 1, "随机": 1, "音箱": 1, "L华": 1, "服务": 1}