{"报告": 3, "：": 9, "苹果": 12, "手机": 29, "95后": 6, "北京": 1, "大学": 1, "发布": 1, "心理": 1, "白皮书": 1, "显示": 1, "时间": 1, "8.33": 2, "小时": 3, "社交": 2, "用时": 2, "长": 2, "接近": 1, "购买": 1, "平均": 2, "价格": 1, "3662": 1, "元": 2, "收入": 1, "2210": 1, "品牌": 2, "三": 2, "名": 1, "、": 19, "荣耀": 3, "华为": 60, "O报告": 1, "长​": 1, "台湾": 6, "用户": 2, "谈": 3, "推荐": 3, "身边": 2, "朋友": 2, "30": 2, "20日": 2, "台": 2, "发售": 1, "昨天": 2, "上午": 3, "9点": 2, "有人": 2, "排队": 6, "昨晚": 1, "粉丝": 2, "送": 1, "夜宵": 1, "……": 2, "分隔": 1, "符": 1, "发文": 1, "感受": 3, "记得": 2, "年前": 1, "水果七": 1, "一个": 6, "听": 2, "都": 6, "拍": 3, "照片": 2, "单眼": 1, "想到": 1, "横": 1, "放弃": 1, "水果": 3, "跳到": 1, "P10plus": 3, "刚": 2, "拿到": 1, "买": 3, "P10": 4, "壳": 1, "街上": 1, "一家": 1, "卖": 2, "大陆": 1, "很": 9, "烂": 1, "难": 1, "只能": 1, "淘X": 1, "订": 1, "感想": 1, "拍照": 5, "真的": 3, "满意": 1, "操作": 1, "从来": 1, "当机": 2, "(": 1, "H什么C": 1, "安卓": 1, "系统": 1, "不爽MD": 1, "整天": 1, ")": 1, "工作": 1, "旅游": 1, "带给": 2, "很多": 6, "惊艳": 1, "听到": 1, "去年": 1, "不小心": 1, "摔": 1, "地上": 3, "镜头": 1, "修～": 2, "吃": 1, "冰半": 1, "支": 2, "掉进": 1, "冰裡": 1, "喇叭": 1, "挂": 1, "修到": 1, "太太": 2, "问要": 1, "修好": 1, "P30pro": 2, "到来": 1, "发表": 1, "P30": 8, "太太人": 1, "香港": 1, "二话不说": 1, "回来": 1, "谢谢": 2, "想": 2, "监控": 3, "...": 2, "试问": 1, "平民": 1, "到底": 1, "好处": 1, "难不成": 1, "新闻": 1, "无言": 1, "感谢": 1, "功成身退": 1, "这两年": 1, "帮忙": 1, "PS": 1, "至身": 1, "五六": 1, "弃": 1, "投华": 1, "前置": 1, "摄像头": 1, "对比": 2, "伤害": 1, "试试": 1, "L掌": 1, "镇江": 1, "视频": 10, "​": 15, "華為": 1, "開": 1, "賣​": 1, "春夏之交": 1, "雨生": 1, "百谷": 1, "系列": 3, "2.5cm": 1, "超微": 1, "距": 1, "世界": 3, "倾听": 1, "雨露": 1, "声音": 1, "守护": 1, "朵": 1, "花": 1, "绽放": 1, "​​": 4, "台北": 4, "2千": 2, "求购": 3, "~": 5, "——": 1, "台中": 1, "高雄": 1, "预购": 1, "人群": 1, "到达": 1, "千": 3, "11点": 1, "绿媒": 1, "报道": 1, "L斯图卡98": 1, "#密室": 1, "逃脱": 2, "04": 1, "期": 2, "上线": 1, "！": 11, "难度": 1, "升级": 1, "杨幂": 1, "被困": 1, "崩溃": 1, "邓伦": 1, "吓到": 1, "掉线": 1, "魏大勋": 1, "晋升": 1, "副": 1, "队长": 1, "黄明昊": 1, "出逃": 1, "过程": 1, "意外": 1, "落单": 1, "状况": 1, "百": 1, "金手": 1, "谢": 1, "依霖": 1, "hold": 1, "不住": 1, "张国伟": 1, "跑到": 1, "光脚": 1, "不易": 1, "每周六": 1, "中午": 1, "12点": 1, "密逃": 1, "六子": 1, "逆风": 1, "翻盘": 1, "L04": 1, "惊叫": 1, "拳击馆": 1, "芒果": 2, "专区": 1, "海量": 1, "精彩": 1, "内容": 1, "+": 5, "TV": 1, "联合": 1, "会员": 1, "优惠": 1, "自带": 3, "正能量": 3, "努力": 2, "当做": 1, "生活": 1, "习惯": 1, "动力": 1, "身上": 1, "光芒": 1, "磁场": 1, "吸引": 1, "别人": 1, "心中": 1, "即日": 1, "关注": 1, "@": 5, "Gmarket_Global": 1, "转发": 1, "1": 1, "好友": 1, "留言": 1, "机会": 1, "抱走": 1, "小G": 1, "平板": 1, "电脑": 1, "大奖": 2, "抽奖": 1, "平台": 1, "五一": 1, "放肆": 1, "嗨": 1, "陪同": 1, "孙异": 1, "来到": 1, "南京": 1, "参加": 1, "少年": 1, "中国": 7, "国风": 2, "音乐节": 1, "暨": 1, "青少年": 1, "喜爱": 1, "音乐": 1, "颁奖": 1, "典礼": 1, "现场": 2, "穿": 1, "汉服": 1, "小哥哥": 1, "姐姐": 1, "歌手": 1, "上台": 1, "表演": 1, "拍到": 1, "折": 1, "叠屏": 1, "拆机": 3, "原作者": 1, "删": 1, "外部": 1, "压力": 1, "厂商": 2, "担心": 1, "公之于众": 1, "害怕": 1, "类似": 1, "合页式": 1, "折叠": 1, "构造": 1, "吹嘘": 1, "工艺": 2, "大相径庭": 1, "100多": 1, "精密": 1, "零件": 1, "MateX": 1, "铰链": 1, "水平": 1, "高下": 1, "立判": 1, "数码": 1, "#​": 1, "O网": 1, "页链": 1, "接年": 1, "4月": 1, "泰国": 7, "首都": 1, "曼谷": 1, "抵达": 1, "第1": 1, "中饭": 1, "导游": 1, "享受": 1, "泰式": 5, "礼仪": 1, "按摩": 9, "这是": 1, "女子": 1, "房间": 2, "1/2": 1, "按摩师": 3, "拒绝": 1, "好看": 1, "此前": 1, "人为": 2, "举起": 1, "mate20": 1, "配合": 1, "摆出": 1, "姿势": 1, "姑娘": 2, "凑趣": 1, "长长的": 1, "走廊": 2, "坐": 2, "接到": 1, "活儿": 1, "百分之九十": 1, "女": 2, "年轻": 1, "男子": 1, "动作": 2, "整齐划一": 1, "左腿": 1, "整齐": 1, "难以": 1, "想起": 2, "千手": 1, "眼佛": 1, "舞蹈": 1, "花样": 1, "并非": 3, "发给": 1, "历史": 1, "800多": 1, "方法": 1, "发源于": 1, "古": 1, "印度": 2, "西部": 1, "据称": 1, "创始人": 1, "王": 1, "御医": 1, "吉瓦科": 1, "库玛": 1, "至今": 1, "人民": 2, "奉为": 1, "医学": 1, "父": 1, "传统": 4, "医药": 2, "知识": 1, "技法": 1, "传教": 1, "僧人": 1, "带入": 1, "泰王": 1, "召集": 1, "吸收": 1, "宝贵": 1, "经验": 1, "铭刻": 1, "大理石": 1, "镶嵌": 1, "瓦特波": 1, "卧佛寺": 1, "游廊": 1, "壁上": 1, "训练": 1, "基地": 1, "暧昧": 1, "气氛": 1, "倒是": 1, "热情": 1, "感动": 1, "游客": 1, "进来": 2, "围住": 1, "简单": 1, "中文": 1, "招呼": 1, "走": 1, "按摩师们": 1, "沮丧": 1, "无精打采": 1, "笑意": 1, "盈盈": 1, "调研": 1, "男性": 1, "选": 1, "小米": 2, "女性": 1, "喜OV": 1, "中老年": 1, "钟情": 1, "買華": 1, "為現": 1, "場L": 1, "傻事": 1, "iPhoneX": 3, "挽救": 1, "市场": 4, "Kantar": 1, "一季度": 1, "机型": 1, "iPhoneXR": 1, "官网": 1, "下架": 1, "线下": 1, "渠道": 1, "活跃": 1, "款": 2, "热销": 1, "带动": 1, "iPhone": 1, "整体": 1, "销量": 1, "下滑": 2, "0.4%": 1, "冲击": 1, "表现": 1, "不错": 1, "爱": 2, "心动": 2, "超级": 2, "变焦": 4, "拉近": 1, "距离": 1, "怦然心动": 1, "惊喜": 1, "L华": 1, "终端": 2, "公司": 1, "秒拍": 4, "周末": 1, "小聚": 1, "P30Pro": 11, "50": 3, "倍": 3, "LLAC": 1, "庆舍": 1, "L炙热Mike_": 1, "联通": 2, "合作": 1, "伙伴": 2, "大会": 1, "嘉宾": 1, "寄语": 1, "轮值": 1, "董事长": 1, "郭平": 1, "支持": 3, "联通端": 1, "端": 1, "5G": 2, "网络": 2, "部署": 1, "自动": 1, "驾驶": 1, "技术": 2, "降本": 1, "增效": 1, "智慧": 1, "运营": 1, "携手": 1, "推进": 1, "新媒体": 1, "制造": 1, "医疗": 1, "百业": 1, "普及": 1, "构建": 1, "美好": 1, "智能": 9, "5": 1, "魔幻": 3, "现实": 3, "社会": 5, "水军": 5, "互联网": 1, "生态": 3, "一二": 1, "内部": 1, "据说": 2, "打听": 1, "细节": 1, "问到": 1, "讲讲": 1, "粗略": 1, "天发": 1, "提到": 1, "评论": 3, "搜索": 1, "涌入": 1, "不乏": 1, "别有用心": 1, "搅": 1, "混水": 1, "扶持": 1, "粉丝团": 1, "故意": 1, "引导": 2, "舆论": 2, "算": 1, "高级": 1, "站": 2, "舞台": 1, "科技": 3, "领袖": 2, "经济": 2, "圈层": 1, "民众": 2, "心目": 1, "发自": 1, "热爱": 1, "实战": 1, "抹黑": 1, "污水": 1, "带": 1, "节奏": 2, "一齐": 1, "外衣": 1, "充满": 1, "野蛮": 1, "方式": 2, "原始": 2, "角力": 1, "底层": 2, "残疾人": 3, "失业": 2, "人口": 2, "组织": 2, "管理": 2, "规划": 1, "上网": 1, "发帖": 1, "赚钱": 1, "件": 1, "本身": 1, "推动": 1, "生计": 1, "政府": 1, "水": 1, "军头": 1, "严密": 1, "制定": 1, "话题": 1, "扮演": 1, "类型": 1, "角色": 1, "早已": 1, "成熟": 1, "产业链": 1, "写": 1, "观点": 2, "卖钱": 1, "上到": 1, "意见": 1, "过于": 1, "匪夷所思": 1, "不必": 1, "怀疑": 1, "多半": 1, "利益": 1, "推手": 1, "受害者": 1, "LiuJingyao": 1, "京东": 2, "刘强东": 1, "强奸案": 1, "事情": 1, "勇敢": 1, "选择": 2, "女生": 2, "出身": 2, "富裕": 2, "家庭": 1, "贫困": 1, "足够": 1, "认理": 1, "逻辑": 1, "摆": 1, "事实": 1, "眼中": 1, "公义": 1, "跟着": 1, "情绪": 1, "跑": 1, "公关": 1, "依然": 1, "不堪": 1, "羞辱": 1, "受害": 1, "饭局": 1, "强东": 1, "勾肩搭背": 1, "生长": 1, "风情": 1, "难怪": 1, "搭上": 1, "条理": 1, "占据": 1, "帖子": 1, "评论区": 1, "陀思妥耶夫斯基": 1, "书名": 1, "侮辱": 2, "损害": 2, "侮辱者": 1, "成倍": 1, "损害者": 1, "怜悯": 1, "踩上": 1, "脚": 1, "资本": 2, "力量": 1, "好像": 1, "囚笼": 1, "自相残杀": 1, "困兽犹斗": 1, "愤怒": 1, "抱": 1, "看戏": 1, "心态": 1, "寻找": 1, "自己人": 1, "命运": 1, "共同体": 1, "办法": 1, "敬意": 1, "献给": 1, "LiuJingyao同学": 1, "浑浊": 1, "光明": 1, "懦弱": 1, "勇气": 1, "大型": 1, "真香": 1, "开卖": 1, "三里屯": 1, "顺电": 1, "不少": 1, "货": 1, "赵明": 1, "称": 1, "成功": 3, "过剩": 1, "积累": 1, "听起来": 1, "气人": 1, "互联": 2, "时代": 2, "一战": 2, "赛道": 1, "后来者": 1, "赶超": 1, "近在眼前": 1, "消费者": 1, "业务": 1, "船": 1, "转向": 1, "不再": 1, "唯一": 1, "主角": 1, "；": 1, "竞争者": 1, "IoT": 1, "战略": 2, "优先": 1, "在于": 1, "看准": 1, "目标": 1, "高效": 1, "执行力O": 1, "后置": 1, "4": 1, "摄": 1, "年度": 1, "旗舰": 1, "可怕": 1, "美女": 1, "测评": 1, "月球": 1, "表面": 1, "昆虫": 1, "绒毛": 1, "硬核": 1, "L嘿丝": 1, "易烊": 1, "千玺易烊": 1, "千玺": 1, "！！": 3, "阿华": 1, "牛批": 1, "官方": 1, "博华": 1, "真滴": 1, "棒棒": 1, "！！L": 1, "亚洲": 1, "长腿": 1, "天团": 1, "团长": 1, "地铁": 1, "一对": 1, "情侣": 2, "Mate20": 1, "P20Pro": 1, "机​": 1, "天文": 6, "摄影": 10, "功能": 3, "TWAN": 6, "认证": 3, "著名": 1, "TIPA": 1, "最佳": 2, "拍摄": 3, "夜间": 1, "印象": 2, "深刻": 2, "全球": 1, "项目": 1, "联合国": 1, "教育": 1, "科学": 1, "文化": 1, "UNESCO": 1, "国际": 2, "天文学": 1, "联合会": 1, "IAU": 1, "提供": 3, "展示": 1, "摄影师": 1, "作品": 1, "无与伦比": 1, "低光": 2, "摄像": 1, "能力": 1, "低": 1, "风景": 1, "成果": 1, "图像": 2, "夜空": 2, "元素": 2, "地球": 1, "借助": 1, "硬件": 2, "优化": 1, "软件": 1, "特性": 1, "视为": 1, "适合": 1, "捕捉": 1, "赞赏": 1, "StarTrail": 1, "绚丽": 1, "星轨": 1, "模式": 2, "拥有": 1, "相机": 3, "效果": 2, "TWAN评": 1, "审团": 1, "留下": 1, "高达": 1, "30秒": 1, "曝光": 1, "出色": 2, "1/1.7": 1, "英寸": 1, "SuperSpectrum": 1, "传感器": 1, "RGGB": 1, "Bayer": 1, "滤波器": 1, "相比": 1, "采用": 1, "黄色": 1, "像素": 2, "替换": 1, "绿色": 1, "ISO": 1, "等级": 1, "409,600": 1, "成像": 1, "财富": 1, "书架": 1, "回避": 1, "上市": 1, "官司": 1, "请": 1, "倒下": 1, "O": 1, "四": 1, "与众不同": 1}