{"选择": 6, "抛弃": 1, "放弃": 2, "一诺千金": 1, "！": 13, "30多": 1, "华为": 65, "始终": 1, "秉承": 1, "简单": 1, "留给": 2, "客户": 1, "坚信": 1, "权利": 3, "可靠": 4, "承诺": 3, "态度": 5, "@": 10, "说出": 1, "亮出": 2, "中国": 19, "转发": 2, "任选": 1, "一个": 4, "倒下": 1, "、": 24, "枪林弹雨": 1, "成长": 1, "图书": 2, "抽": 2, "1": 1, "送": 1, "P20": 1, "手机": 23, "台": 1, "50": 1, "每人": 1, "送华": 1, "选": 2, "回应": 3, "企业": 6, "利用": 5, "WiFi": 9, "探针": 8, "收集": 5, "用户": 2, "信息": 5, "：": 18, "无效": 3, "央视": 2, "315": 7, "晚会": 2, "曝光": 1, "盒子": 2, "隐私": 1, "事情": 1, "对此": 2, "称": 12, "EMUI": 2, "8.0": 2, "版本": 2, "MAC": 4, "地址": 4, "随机化": 2, "防范": 2, "此类": 1, "攻击": 1, "指": 1, "开启": 1, "每次": 1, "扫描": 2, "热点": 2, "携带": 2, "都": 11, "随机": 2, "生成": 2, "就算": 2, "获取": 2, "正确": 2, "大数据": 2, "匹配": 2, "吴涛": 1, "聚焦": 1, "全世界": 1, "目光": 1, "想要": 1, "答案": 1, "处在": 2, "风口浪尖": 1, "​": 16, "针对": 1, "爆出": 3, "公司": 10, "自动": 1, "消费者": 8, "官方": 2, "旗下": 1, "O华": 2, "领航": 1, "预见": 1, "未来": 4, "能力": 2, "稳扎稳打": 1, "砥砺": 1, "前行": 1, "海报": 1, "有感": 1, "​​": 2, "2019": 4, "品牌榜": 3, "支付宝": 1, "海尔": 1, "盒马": 1, "生鲜": 1, "欧莱雅": 1, "格力": 1, "茅台": 1, "联想": 1, "伊利": 1, "美的": 1, "……": 2, "行业": 3, "NO.1": 1, "齐聚": 1, "PK": 1, "支持": 4, "每日": 3, "经济": 4, "新闻": 2, "美好": 2, "商业": 2, "研究": 2, "中心": 2, "期间": 2, "评选": 2, "敬请": 1, "关注": 1, "感谢": 1, "苏宁": 1, "易购": 1, "商道": 1, "纵横": 1, "详情": 2, "点击": 1, "链接O": 1, "消费": 5, "拉动": 1, "马车": 1, "升级": 1, "分级": 2, "主题": 1, "一年一度": 1, "节日": 1, "全国": 3, "奉献": 1, "厚礼": 1, "网友": 1, "投票": 7, "专家": 8, "社会": 1, "责任": 2, "方法": 1, "3月": 3, "15日": 1, "出版": 1, "趋势": 1, "报告": 1, "特刊": 1, "希望": 4, "活动": 1, "赋予": 1, "含义": 1, "质量": 1, "究竟": 1, "难以": 1, "想象": 1, "LIT": 1, "大智": 1, "视频": 6, "七": 1, "周年": 3, "迈向": 1, "赛道": 1, "助力": 1, "智慧": 1, "场景": 2, "商城": 3, "可期": 1, "生日": 1, "快乐": 1, "318": 2, "庆": 2, "福州": 3, "路上": 2, "到处": 2, "华为云": 1, "陪伴": 2, "机场": 2, "生态": 2, "伙伴": 3, "大会": 2, "21日": 2, "22日": 2, "外媒": 5, "不顾": 2, "美国": 37, "反对": 3, "德": 4, "澳": 6, "铁路": 20, "采用": 6, "设备": 13, "新加坡": 4, "联合": 1, "早报": 1, "德国": 9, "股份": 2, "排除": 1, "参与": 1, "通讯": 2, "系统": 6, "更新": 1, "工程": 1, "网络": 10, "中将": 1, "技术": 10, "澳大利亚": 7, "政府": 14, "日前": 1, "批准": 3, "提供": 5, "数字": 1, "通信": 15, "阻止": 1, "实施": 2, "——O": 1, "电视": 7, "余承东": 3, "传统": 6, "家电": 2, "业务": 1, "CEO": 1, "传言": 1, "产品": 9, "具备": 2, "功能": 1, "智能": 3, "大屏": 1, "突破": 1, "市面": 1, "常规性": 1, "取代": 1, "难道": 1, "款": 2, "55": 1, "英寸": 1, "想到": 1, "小米": 2, "魅族": 1, "三": 1, "品牌": 1, "缺点": 1, "进化": 1, "关键": 9, "借助": 2, "数字化": 2, "!": 2, "图片报": 2, "17日": 5, "报道": 12, "该国": 4, "19日": 2, "拍卖": 2, "5G": 15, "频谱": 2, "许可证": 2, "时刻": 2, "媒体": 7, "订单": 2, "消息": 3, "无独有偶": 2, "近日": 4, "证实": 2, "西": 3, "澳大利亚州": 3, "合同": 4, "通信业": 2, "项立": 2, "刚": 2, "例子": 2, "证明": 3, "做出": 2, "才": 4, "国际": 3, "政治": 5, "声音": 2, "国家": 2, "影响": 4, "决定性": 2, "O德": 2, "美媒": 2, "创新": 5, "买": 2, "著名": 1, "科技": 6, "theverge": 1, "落后于": 1, "苹果": 3, "三星": 4, "占据": 1, "75%": 1, "市场": 2, "份额": 1, "刘": 1, "海屏": 1, "中国人": 1, "用上": 1, "水滴屏": 1, "挖孔屏": 1, "滑盖": 1, "屏": 1, "双屏": 1, "只能": 1, "落后": 2, "LG": 1, "oppo": 1, "推折": 1, "叠屏": 1, "合作": 1, "赞华": 2, "OPPO": 2, "折叠": 3, "即将": 2, "嫉妒": 2, "不已": 2, "知名": 1, "TheVerge": 1, "设计": 2, "Oppo": 1, "旗舰": 1, "日益": 1, "世界": 2, "硬件": 2, "乏味": 1, "损害": 1, "挑战": 1, "极限": 1, "O美媒": 1, "久久续航": 1, "原装": 1, "电池": 1, "一口价": 1, "更换": 1, "服务": 9, "再次": 1, "上线": 1, "71": 1, "机型": 1, "猛戳": 1, "→O网": 1, "页链": 1, "接​": 1, "启动": 6, "6": 2, "研发": 13, "金": 1, "博士": 1, "点评": 1, "昨天": 1, "谈到": 1, "提出": 1, "概念": 1, "商业化": 1, "测试": 1, "整整": 1, "10年": 1, "6G": 21, "技術": 1, "论证": 1, "2013年": 1, "深藏不露": 1, "国內": 1, "研发期": 1, "嚷嚷": 1, "引发": 1, "竟爭": 1, "对手": 2, "高度": 2, "警觉": 1, "反制": 1, "行動": 1, "失败": 1, "咋辦": 1, "走": 1, "美": 5, "西方": 1, "拒絕": 1, "准入": 1, "5G6G": 1, "誰知": 1, "空降": 1, "事實": 1, "下属": 4, "联邦": 9, "委员会": 9, "FCC": 4, "无线电": 4, "频率": 4, "铺好": 4, "道路": 4, "相关": 3, "开放": 6, "太赫兹波": 4, "频率段": 11, "有朝一日": 4, "用于": 4, "95千兆赫": 1, "(": 4, "Ghz": 1, ")": 4, "3": 2, "太": 2, "赫兹": 2, "Thz": 1, "内": 3, "实验": 2, "梦想": 2, "下一代": 2, "无线": 2, "工程师": 2, "工作": 2, "主席": 1, "潘基特": 1, "份": 1, "声明": 1, "迈出": 1, "一大": 1, "创新者": 1, "强有力": 1, "激励": 1, "鼓励": 1, "电波": 1, "开发": 1, "保护": 2, "现有": 1, "用途": 1, "AT＆T": 1, "竞争": 1, "威瑞森": 1, "Verizon": 1, "首家": 1, "销售": 1, "GalaxyS105G": 1, "运营商": 3, "下月": 1, "芝加哥": 1, "明尼阿波利斯": 1, "推出": 3, "商用": 2, "排名": 2, "第三": 1, "T-Mobile": 1, "30": 1, "城市": 2, "第四": 1, "Sprint": 1, "2019年": 1, "9": 1, "四": 1, "全国性": 1, "之内": 1, "4G": 2, "时代": 3, "上网": 3, "速度": 3, "几十兆": 1, "几百兆": 1, "Mbps": 1, "光纤": 1, "几千兆": 1, "水平": 2, "电影": 1, "秒钟": 1, "下载": 1, "提升": 1, "不得而知": 1, "·": 1, "圣克拉拉": 1, "转评": 1, "抽送": 1, "蓝牙": 1, "耳": 1, "副": 1, "联盟君": 1, "征集": 1, "盟友们": 1, "ARVR": 1, "设想": 1, "宇宙": 1, "海洋": 1, "天空": 1, "神秘": 1, "未知": 1, "领域": 1, "充满": 1, "向往": 1, "HUAWEIDeveloperDay": 1, "广州": 1, "站": 1, "揭晓": 1, "开发者": 1, "联盟": 1, "DIGIX": 1, "极客": 1, "AR/VR": 1, "大赛": 1, "获奖": 1, "作品": 2, "大咖": 1, "现场": 1, "解析": 1, "打造": 1, "戳": 1, "O网页": 1, "链接": 2, "回顾": 1, "十万": 1, "元": 1, "大奖": 1, "看好": 1, "评论": 1, "~": 1, "华说": 1, "早安": 1, "好久": 1, "终于": 1, "等到": 1, "项目": 3, "价值": 3, "2亿": 2, "澳元": 3, "人报": 1, "2.05亿": 1, "交通": 3, "部长": 1, "丽塔·萨菲奥蒂": 1, "13日": 1, "告知": 1, "议会": 1, "公共": 1, "管理局": 1, "收到": 1, "确认": 1, "交付": 1, "禁令": 1, "刑事": 1, "指控": 1, "影响O": 1, "特朗普": 7, "喊话": 3, "尽快": 6, "部署": 6, "腾讯": 3, "援引": 3, "上个月": 2, "推特": 2, "L": 3, "老板": 3, "联播": 3, "秒拍": 5, "独家": 1, "爽": 1, "投标": 1, "好像": 1, "美帝": 1, "那种": 1, "发": 1, "神经": 1, "环球": 1, "时报": 1, "商报": 1, "最先": 1, "供应商": 2, "国有": 2, "拥有": 1, "敏感": 1, "信号": 1, "级别": 1, "一级": 1, "调控": 1, "境内": 1, "通往": 1, "境外": 1, "瑞士": 6, "导报": 1, "写信": 1, "打算": 1, "屈服": 1, "压力": 1, "法律": 1, "国外": 1, "采购": 1, "基础": 1, "设施": 1, "据称": 1, "运营": 1, "SUNRISE": 1, "签订": 1, "建设": 1, "早点": 1, "TA": 1, "马甲线": 1, "WatchGT": 1, "L华": 1, "终端": 1, "#O": 1, "带来": 1, "启发": 1, "领先": 1, "地位": 1, "强国": 1, "惧怕": 1, "不利": 1, "因素": 1, "锋芒": 1, "露后": 1, "打压": 4, "环境": 1, "乐观": 1, "说服": 1, "各国": 1, "放心": 1, "这是": 1, "难度": 1, "着手": 1, "列入": 1, "日程": 1, "国大": 2, "法学院": 3, "副教授": 3, "王江雨": 3, "金融": 3, "欺诈案": 3, "包装": 3, "国立": 1, "大学": 1, "违反": 1, "伊朗": 1, "制裁": 1, "加拿大": 1, "协助": 1, "逮捕": 1, "引渡": 1, "副董事长": 1, "孟晚舟": 1, "O": 2, "周五": 1, "帖子": 2, "折叠屏": 1, "MateX": 1, "高清": 1, "上手": 1, "想": 2, "LC": 1, "网页": 1, "上周五": 1, "95千兆": 1, "赫到": 1, "DonaldTrump": 1, "总统": 1, "网站": 1, "提到": 1}