{"人民": 2, "网评": 2, "：": 12, "峥嵘": 2, "2019": 8, "斗争": 4, "成长": 3, "机遇": 1, "挑战": 2, "美": 2, "经贸": 1, "摩擦": 1, "形势": 1, "教育课": 1, "香港": 2, "修例": 1, "风波": 1, "西式": 1, "民主课": 1, "极限": 1, "施压": 1, "华为": 50, "实践": 1, "课": 1, "风云": 1, "激荡": 1, "夺取": 1, "胜利": 1, "克服": 1, "发展": 1, "过程": 3, "阶段性": 1, "困难": 1, "解决": 2, "适应性": 1, "才能": 1, "变得": 1, "走": 1, "远": 1, "O": 1, "解释": 2, "美国": 11, "主持人": 4, "反正": 3, "同意": 3, "事件": 1, "爆发": 1, "分公司": 1, "首席": 1, "安全官": 1, "安迪⋅珀迪": 1, "AndyPurdy": 1, "面对": 1, "媒数": 1, "轮": 1, "集火": 1, "均": 1, "一一": 1, "化解": 1, "本周": 1, "华尔街": 1, "日报": 1, "篇": 1, "针对": 1, "失实": 1, "报道": 6, "美媒": 1, "自嗨": 1, "做出": 1, "回应": 1, "CNBC": 2, "新闻网": 1, "本月": 1, "27日": 1, "再度": 1, "邀请": 2, "珀迪": 3, "做客": 1, "编辑部": 1, "后者": 1, "澄清": 1, "内容": 1, "采访": 1, "打断座": 1, "上宾": 1, "发言": 1, "无视": 1, "阐述": 1, "坚信": 1, "主流": 4, "媒体": 3, "说出": 1, "说辞": 1, "做法": 2, "网民": 1, "愤慨": 1, "有人": 2, "称": 2, "翻车": 1, "竟然": 2, "联想": 1, "去年": 1, "彭博社": 1, "著名": 2, "芯片": 2, "政治": 1, "宣传": 1, "O不论": 1, "读懂": 1, "通往": 1, "2020": 3, "读书": 5, "大概": 1, "世上": 1, "划算": 1, "件": 1, "花上": 1, "少许": 1, "时间": 3, "即可": 2, "学习": 1, "一辈子": 1, "经验": 2, "数字": 6, "阅读": 2, "普及": 1, "简单": 1, "不必": 1, "包": 1, "装": 1, "本书": 1, "发愁": 1, "手机": 24, "、": 18, "一个": 9, "APP": 2, "随时随地": 1, "精神": 1, "世界": 2, "联合": 1, "新周刊": 2, "发布": 3, "份": 1, "年度": 4, "书单": 2, "轻松": 1, "网友": 1, "都": 23, "读": 1, "宝藏": 1, "书": 1, "人文": 1, "历史": 1, "传记": 1, "纪实": 1, "情感": 1, "小说": 1, ".....": 1, "各类": 1, "应有尽有": 1, "书荒": 1, "读者": 1, "尽情": 1, "马住": 1, "图片": 2, "来源": 1, "员工": 4, "入职": 2, "180": 2, "详细": 1, "培训": 1, "计划": 2, "！": 21, "6": 1, "培养": 2, "周期": 1, "体现": 1, "企业": 3, "人才": 1, "重视": 1, "程度": 1, "重点": 1, "放": 1, "15": 1, "导致力": 1, "新生代": 1, "离职率": 1, "高峰": 1, "第6": 1, "1": 1, "损失": 1, "成本": 1, "快速": 1, "提升": 1, "能力": 4, "取决于": 1, "管理者": 1, "​": 9, "余承东": 6, "半辈子": 1, "任正非": 6, "赶鸭子上架": 1, "款": 4, "不快": 1, "发热": 1, "倒": 1, "挺": 2, "快": 2, "气": 1, "砸": 2, "脸上": 1, "气馁": 1, "一口气": 1, "5": 4, "失败": 1, "内部": 1, "传言": 1, "余承": 1, "东快": 1, "下课": 1, "关键": 1, "时刻": 1, "站": 1, "支持": 5, "送": 3, "架": 1, "战斗机": 1, "模型": 1, "鼓励": 1, "零": 1, "起飞": 1, "资源": 1, "P6": 2, "研发": 2, "队伍": 1, "上千": 1, "背板": 1, "供应": 1, "商试": 1, "100万": 1, "才": 3, "量产": 1, "引爆": 1, "市场": 1, "一路": 1, "凯歌": 1, "中国": 8, "第一": 5, "全球": 4, "第二": 2, "业务": 3, "营业额": 1, "破": 1, "4000亿": 1, "板块": 3, "证券法": 1, "修订": 1, "草案": 1, "股票": 1, "DigiX": 6, "生活节": 5, "阅读·DigiX": 2, "深圳站": 2, "圆满": 1, "收官": 1, "小云": 3, "沉浸": 1, "单霁翔": 5, "老师": 3, "遇见": 5, "故宫": 8, "600年": 7, "主题": 2, "演讲": 3, "火爆": 1, "气氛": 2, "错过": 2, "现场": 2, "感受": 1, "没关系": 1, "戳": 1, "视频": 18, "带": 2, "回顾": 1, "精彩": 1, "金句": 4, "频出": 3, "印象": 3, "深刻": 2, "转评": 1, "随机": 1, "抽": 2, "Nova": 1, "5一": 1, "台": 5, "L华": 3, "终端": 5, "服务": 3, "秒拍": 4, "公布": 1, "HUAWEIHiCar": 2, "智慧": 8, "互联": 4, "期盼": 1, "实车": 1, "首款": 2, "搭载": 2, "宝骏": 3, "RC-6": 2, "登场": 1, "恍然大悟": 1, "惊喜": 1, "满满": 1, "黑科技": 2, "功能": 3, "想到": 3, "互联网": 1, "巨头": 1, "全家": 1, "桶式": 1, "生态": 2, "颠覆": 1, "过往": 1, "智能": 2, "出行": 1, "想象": 3, "就要": 2, "Hi出": 2, "3": 2, "@": 3, "新宝骏": 2, "汽车": 6, "名": 1, "场面": 1, "3699": 2, "小米": 11, "电视": 6, "5Pro": 3, "对战": 1, "2999": 2, "荣耀": 9, "屏": 3, "标准版": 1, "动图": 1, "感觉": 4, "场景": 4, "太": 2, "适合": 2, "这几天": 1, "智慧屏": 1, "拆机": 2, "对比": 2, "忍": 2, "不住": 3, "想": 7, "笑": 1, "听说": 1, "卢伟冰": 1, "卢": 1, "这两天": 1, "研究": 1, "nova6": 1, "V30": 1, "系列": 5, "一批": 1, "带货": 1, "搞": 1, "旗舰": 3, "红米redmi": 1, "评论区": 1, "艾特": 1, "L长": 1, "安数码君": 1, "换成": 1, "苹果": 1, "游泳": 1, "运动员": 1, "孙杨": 1, "科技": 3, "品牌": 1, "发布会": 1, "13亿": 1, "祖国": 1, "越来越": 2, "强大": 1, "LSun": 1, "刘磊": 1, "火热": 1, "带来": 3, "观众": 1, "掌声": 1, "阵阵": 1, "热烈": 1, "摘录": 1, "重量级": 2, "减肥": 2, "网红": 3, "嗓子": 1, "沙哑": 1, "秩序": 1, "喊": 1, "牢记": 1, "好事": 1, "读书会": 2, "院长": 3, "讲": 1, "有意思": 1, "故事": 1, "5G": 7, "发生": 1, "改变": 1, "陈永东": 1, "毫米": 6, "波": 6, "带宽": 1, "频谱": 4, "低": 4, "频段": 4, "打主意": 1, "毫米波": 1, "规划": 3, "差不多": 1, "26GHz": 1, "60GHz": 1, "段": 2, "穿透力": 1, "差": 2, "覆盖": 3, "各国": 1, "自然": 1, "技术": 2, "方向": 4, "Sub6": 3, "6GHz": 1, "频率": 5, "政府": 2, "三大": 1, "运营商": 1, "广电": 1, "手里": 1, "700": 1, "MHz频率": 1, "很快": 1, "突破": 4, "角色": 1, "选择": 6, "主导": 1, "作用": 2, "相互": 1, "沟通": 1, "推进": 1, "军方": 1, "占": 1, "完整": 2, "宽带": 1, "主攻": 1, "28": 1, "GHz": 1, "干": 3, "半": 1, "效果": 1, "只好": 1, "追Sub6": 1, "耽误": 1, "领先": 1, "低频": 1, "深度": 1, "这是": 4, "一开始": 1, "走错": 1, "路": 1, "错误": 1, "系统": 2, "设备": 1, "全世界": 2, "产业链": 1, "家珍": 1, "凯库拉": 3, "最佳": 2, "赏鲸": 1, "美图": 1, "喜欢": 3, "座": 1, "头鲸": 1, "花样": 1, "跳水": 1, "腾空": 1, "优美": 1, "鲸跳": 1, "座头鲸": 1, "角度": 1, "拍": 2, "---": 1, "P30": 1, "吹": 1, "黑": 2, "三": 3, "雪山": 2, "鲸尾": 3, "景鲸": 1, "诗": 1, "远方": 1, "完美": 1, "代表": 1, "凯库拉---": 1, "大海": 1, "四": 2, "粗算": 1, "抹香": 1, "起码": 1, "5000多": 1, "翘": 1, "莫属": 1, "小名": 1, "matimati": 1, "五": 1, "地球": 1, "生物": 1, "----": 1, "蓝鲸": 2, "速度": 1, "运气": 3, "要好": 1, "六": 1, "南": 1, "露脊": 1, "海豚": 2, "形状": 1, "颜色": 1, "怪异": 1, "高速": 1, "前行": 1, "抓拍": 1, "不易": 1, "七": 1, "长须鲸": 1, "路过": 1, "饱餐": 1, "顿": 1, "磷虾": 1, "痛快": 1, "拉": 1, "粑粑": 1, "八": 1, "号称": 1, "难看": 1, "鲸类": 3, "谢氏塔": 1, "喙鲸": 1, "连续": 2, "三年": 1, "活体": 1, "观鲸": 4, "胜地": 1, "95%": 1, "出海": 1, "成功率": 1, "海洋学家": 1, "教科书": 1, "九": 1, "虎鲸": 3, "胖": 1, "虎": 1, "一家": 1, "遛崽": 1, "1万5千": 1, "公里": 1, "海岸线": 1, "新西兰": 4, "总数": 1, "超": 2, "处于": 1, "珍稀": 1, "动物": 2, "观赏": 1, "鄙视": 1, "链顶端拉": 1, "小伙伴们": 1, "观": 1, "过鲸": 1, "评论": 1, "中选": 1, "2020年": 1, "收到": 1, "鲸鱼": 1, "明信片": 1, "芸": 1, "取景": 1, "告别": 1, "旅行": 2, "愿望": 1, "清单": 1, "拒绝": 1, "表演": 1, "海洋馆": 1, "碾压": 1, "惨": 1, "产品": 4, "渠道": 1, "营销": 2, "高维": 2, "优势": 2, "处理器": 1, "画面": 1, "音质": 1, "低维": 1, "挡": 2, "到处": 1, "直播": 1, "补充": 1, "LHW前HR": 1, "身边": 2, "从来": 4, "告诉": 3, "教训": 1, "自拍": 6, "居然": 1, "自动": 2, "焦": 4, "。。。": 1, "手动": 1, "买": 5, "人和": 1, "bug": 1, "网上": 3, "吐槽": 1, "搜": 1, "真的": 3, "超级": 1, "震惊": 1, "拍照": 1, "朋友": 1, "好好": 1, "缺少": 1, "几千万": 1, "像素": 1, "虚": 1, "熊哥": 1, "爸": 1, "很": 11, "不错": 1, "流畅": 1, "低端": 1, "9012年": 1, "好笑": 1, "1000": 1, "块": 3, "距离": 1, "还好": 1, "刚": 1, "发现": 1, "退货": 1, "。。": 2, "需求": 2, "小伙伴": 1, "参考": 1, "小雪人": 1, "MatePad": 1, "Pro": 1, "创作": 2, "可爱": 1, "平板": 2, "素皮": 1, "材质": 1, "丹霞": 2, "橙": 2, "青山": 1, "黛": 1, "配色": 1, "开卖": 1, "心动": 1, "招募": 1, "100": 1, "画师": 1, "拼成": 1, "火": 1, "粉太t": 1, "md": 1, "人品": 1, "坏": 1, "机器": 1, "tmd": 5, "私信": 1, "找": 1, "没理": 1, "群": 3, "ID": 1, "愣说": 1, "收": 3, "钱": 4, "黑子": 1, "便宜": 1, "山寨机": 1, "操": 1, "真tmd": 1, "恶心": 1, "低劣": 1, "猥琐": 1, "劲头": 1, "十足": 1, "苍蝇": 1, "搜索": 1, "吵架": 1, "波人": 1, "肯定": 1, "关注": 1, "转发量": 1, "不大": 2, "水军": 1, "奇": 1, "怪": 1, "HUAWEI": 2, "HiCar": 2, "互联量": 1, "吃": 1, "螃蟹": 1, "车型": 1, "远程": 1, "控制": 1, "家居": 1, "开关": 1, "手势": 1, "操作": 3, "健康": 1, "监测": 1, "亮点": 1, "分布式": 1, "平台": 2, "用户": 2, "1+8+N": 1, "智慧化": 1, "体验": 5, "数亿": 1, "无缝": 1, "连接": 1, "旗舰店": 1, "追星": 1, "一会": 1, "学院": 1, "来到": 1, "聊聊": 1, "事儿": 1, "期待": 1, "粉": 1, "一个个": 1, "神经病": 1, "我家": 1, "五六": 1, "卡": 2, "个例": 3, "没错": 1, "错": 1, "卧槽": 1, "流氓": 1, "老百姓": 1, "测评": 1, "厂商": 1, "营销号": 1, "N": 1, "煮": 1, "粥": 1, "喝": 1, "毛病": 1, "还要": 1, "考证": 1, "医疗": 1, "事故": 1, "致残": 1, "医院": 1, "逻辑": 1, "水平": 1, "引战": 1, "头条": 1, "文章": 1, "吸富": 3, "一生": 3, "": 1, "财经": 1, "每日": 1, "必读": 1, "赚钱": 2, "季": 1, "周五": 1, "经济": 1, "文化": 1, "传媒": 1, "+": 5, "/": 5, "半导体": 1, "光刻": 1, "胶": 1, "能源": 1, "锂电": 1, "钴": 1, "股权": 1, "公告": 1, "金融": 1, "(": 1, "券商": 1, "调整": 3, "养殖": 1, "企稳": 1, "反弹": 1, "观察": 3, ";": 1, "主板": 1, "放量": 1, "下跌": 1, "预设": 1, "明日": 3, "成交量": 1, "放大": 1, "强势": 3, "股": 3, "接力": 3, "亏": 1, "效应": 2, "减缓": 1, "威唐": 1, "工业": 1, "星期六": 1, "欣龙": 1, "控股": 1, "容大": 1, "感光": 1, "情绪": 1, "标杆": 1, "空间板": 1, "高度": 1, "6板": 1, "连板": 2, "增多": 1, "首板": 2, "数量": 2, "减少": 1, "背离": 1, "大概率": 1, "下降": 1, "难度": 1, "变大": 1, "早盘": 1, "做错": 1, "优": 1, "策略": 1, "吸": 1, "主线": 1, "油气": 1, "人气股": 1, "预期": 1, "创板": 1, "潜伏": 1, "轮动": 1, "补涨": 1, "O低": 1, "听": 1, "8K": 3, "下载": 2, "8192*4320": 2, "遗憾": 1, "条件": 1, "24": 1, "帧": 1, "7680*4220": 2, "HEVC": 1, "下手": 1, "电脑": 1, "PR": 1, "软件": 1, "分辨率": 1, "转换": 1, "格式": 2, "正确": 1, "碰": 1, "说不定": 1, "播放": 1, "剥夺": 1, "动手": 2, "机会": 1, "秒开": 1, "鸿鹄": 1, "嚣张": 1, "丰衣足食": 1, "查": 1, "UHD8K": 1, "科普": 1, "纠正": 1, "嘉宾": 1, "哈哈哈": 1, "不愧": 1, "偶像": 1, "打孔屏": 1, "OV": 1, "单挖孔": 1, "努力": 1, "挖孔": 1, "P40Pro": 1, "渲染": 1, "单打孔": 1, "大众": 1, "审美": 1, "赞同": 1, "小单": 1, "打孔": 1, "前置": 2, "双摄": 1, "真心": 1, "超广角": 1, "镜头": 1, "合照": 1, "方案": 2, "凑数": 1, "区别": 1, "摄像头": 1, "72": 1, "小时": 1, "上海": 3, "走进": 1, "场": 3, "魔幻": 1, "空间": 1, "光敏": 1, "过敏者": 1, "谨慎": 1, "观看": 1, "西欧": 1, "回来": 1, "阿弥": 2, "回家": 1, "参加": 2, "艺术": 1, "影像": 1, "未来": 1, "大展": 1, "尾": 1, "大脑": 1, "皮层": 1, "酥麻": 1, "快感": 1, "VLOGL狂": 1, "ASTRO": 1, "祝": 1, "新年": 1, "快乐": 1, "财源广进": 1, "锁屏": 1, "底部": 1, "模糊": 1, "渐变": 1, "图3": 1, "一共": 1, "聪明人": 1, "画": 1, "重金": 1, "留": 1, "；": 1, "聪明": 1, "眼里": 1, "流失": 1, "第三": 1, "傻子": 1, "跟着": 1, "跑": 1, "傻": 1, "留下": 1, "慢慢": 1, "升到": 1, "位置": 1, "​​": 3, "Mate30": 3, "出货量": 3, "1200万": 2, "刚才": 1, "嘴嘴": 1, "聊天": 1, "销量": 3, "势头": 1, "猛": 1, "下架": 1, "2000万": 1, "稍早前": 1, "上市": 1, "60": 1, "700万": 1, "同比": 1, "增长": 1, "75%": 1, "平均": 1, "价位": 1, "6千": 1, "元": 1, "贵": 1, "友商": 1, "心理": 1, "阴影": 1, "面积": 1, "鸡尾酒": 1, "曼哈顿": 1, "字体": 2, "英文": 1, "大小": 1, "Q版": 1, "间距": 1, "上机无bug": 1, "机型": 1, "自测​": 1, "天气": 1, "晴朗": 1, "周末": 1, "开心": 1, "受邀": 1, "授权": 1, "店Plus": 1, "无锡": 1, "崇安寺": 1, "开业": 1, "仪式": 1, "当天": 1, "玩": 1, "很多": 1, "有趣": 1, "游戏": 1, "环节": 1, "自带": 1, "！！": 1, "芒果TV": 1, "优酷": 1, "腾讯": 1, "海量": 1, "好用": 1, "好几": 1, "会员": 1, "上华": 1, "视界": 1, "优秀": 1, "L曲": 1, "玮玮": 1}