{"美国商务部": 34, "解禁": 14, "华为": 92, "供货": 13, "西方": 11, "媒体": 5, "报道": 13, "美国": 33, "企业": 7, "中国": 20, "公司": 14, "做生意": 5, "出售": 2, "产品": 2, "消息": 5, "官方": 7, "网站": 8, "确认": 7, "部长": 5, "罗斯": 9, "黑名单": 9, "环球": 3, "时报": 5, "​": 13, "英国": 5, "路透社": 2, "、": 25, "纽约": 2, "华尔街": 2, "日报": 2, "北京": 2, "时间": 13, "昨晚": 3, "9日": 13, "发放": 3, "许可": 6, "列入": 2, "实体名单": 4, "——": 3, "前提": 4, "生意": 5, "国家": 37, "威胁": 8, "此事": 2, "刊登": 2, "份": 2, "发言稿": 3, "颁发": 2, "并称": 2, "此举": 2, "落实": 3, "总统": 4, "特朗普": 3, "日本": 2, "大阪": 2, "G20": 3, "峰会": 3, "中方": 2, "做出": 5, "承诺": 3, "处在": 2, "制裁": 7, "交易": 2, "O": 3, "……": 1, "明星": 1, "偷税": 1, "吸毒": 1, "原谅": 1, "袁隆平": 1, "买": 3, "手机": 17, "羞辱": 1, "这才": 1, "时代": 5, "悲哀": 1, "！": 21, "加持": 5, "5G": 37, "全覆盖": 11, "诞生": 3, "法新社": 2, "当地": 6, "摩纳哥": 17, "欧洲": 7, "全世界": 3, "第一": 4, "这是": 4, "该国": 3, "运营商": 4, "电信": 14, "基于": 4, "技术": 14, "中新社": 2, "位置": 2, "推介": 4, "私人": 2, "商业": 2, "客户": 2, "兼容": 2, "智能": 3, "这项": 2, "官网": 2, "支持": 2, "Mate20": 4, "X型": 2, "3月": 2, "韩国": 2, "争抢": 2, "最先": 2, "开通": 2, "覆盖": 2, "程度": 2, "有限": 2, "用户": 2, "体验": 2, "差强人意": 2, "随后": 2, "西班牙": 2, "纷纷": 2, "推出": 6, "服务": 2, "去年": 2, "试图": 2, "别国": 2, "兜售": 2, "毫无": 2, "证据": 2, "说法": 2, "总经理": 2, "马丁•佩罗耐": 2, "MartinPeronnet": 2, "5月": 2, "拥护": 2, "合作": 5, "立场": 2, "O华": 3, "观察者": 1, "网": 1, "华": 1, "任正非": 2, "：": 13, "救华": 2, "人民": 3, "利益": 2, "牺牲": 2, "解决": 1, "贸易": 1, "关系": 2, "大事": 1, "亿万": 1, "生活": 3, "掺和": 1, "贸易战": 1, "谈": 2, "就要": 1, "好处": 1, "让步": 1, "挨打": 1, "钱": 1, "一点": 2, "艰苦奋斗": 1, "意志": 1, "坚强": 1, "": 1, "「": 1, "转发": 1, "有奖": 1, "」": 1, "段": 3, "镰仓": 1, "旅拍": 1, "随身": 1, "带": 3, "台": 1, "平板": 4, "M6": 3, "拍": 6, "很多": 4, "新品": 1, "感受": 1, "科技": 3, "实用": 2, "款": 1, "搭载": 1, "同款": 1, "旗舰级": 1, "Kirin980": 1, "处理器": 1, "性能": 1, "真的": 1, "；": 14, "创新": 1, "平行": 1, "视界": 1, "功能": 4, "同一个": 1, "屏": 2, "显示": 1, "操作": 4, "耽误": 1, "智慧": 1, "视觉": 1, "扫": 2, "日文": 1, "菜单": 1, "秒变": 1, "中文": 1, "都": 9, "出差": 1, "很": 3, "顺便": 1, "告诉": 1, "正式": 1, "开售": 1, "转+": 1, "评此": 1, "条": 2, "@": 7, "抽奖": 1, "平台": 1, "抽": 1, "幸运": 1, "鹅送": 1, "副": 1, "无线": 5, "蓝牙": 1, "耳机": 1, "暑假": 1, "计划": 1, "玩": 2, "带上": 3, "M6一": 1, "出发": 1, "O抽奖": 1, "详情": 1, "普京": 13, "做法": 11, "吃惊": 4, "遏制": 6, "竞争": 9, "对手": 9, "发展": 9, "前途": 4, "俄罗斯": 2, "俄": 3, "中部": 2, "城市": 2, "叶卡捷琳堡": 2, "全球化": 4, "当天": 3, "乌拉尔": 3, "联邦": 3, "大学": 4, "学生": 6, "见面": 2, "面对": 2, "全球": 9, "内": 2, "并未": 2, "提升": 2, "竞争力": 2, "反而": 2, "螺丝": 3, "出路": 3, "禁止": 6, "院校": 2, "专业": 6, "学习": 2, "明白": 2, "封闭": 2, "知识": 2, "流向": 4, "第三世界": 2, "亚洲": 2, "必将": 2, "新华": 1, "视点": 1, "长": 1, "新京报": 2, "视频": 7, "7月": 7, "刊出": 1, "长罗斯": 1, "作出": 1, "L": 2, "秒拍": 3, "留学生": 4, "选修": 3, "惊讶": 4, "美": 3, "选": 1, "6月": 1, "20日": 1, "年度": 1, "直播": 1, "连线": 1, "称": 3, "打压": 1, "意在": 1, "阻止": 1, "昨天": 1, "谈到": 1, "话题": 1, "俄新社": 1, "接见": 1, "感到": 1, "决心": 1, "上紧": 1, "打击": 1, "O普京": 1, "网友": 3, "嘴": 1, "身体": 1, "诚实": 1, "安哥": 1, "安侠们": 1, "商务部": 2, "O美": 1, "国外": 1, "P30Pro": 1, "记录": 1, "孩子": 2, "乡村": 1, "拍照": 3, "干嘛": 1, "30岁": 1, "女友": 1, "意义": 1, "年后": 1, "照片": 3, "珍贵": 1, "早": 2, "财经": 3, "丨华": 3, "8月": 10, "开发者": 10, "大会": 16, "抓紧": 8, "调试": 8, "鸿蒙": 10, "9": 3, "科": 2, "创板": 3, "新股": 2, "今日": 4, "申购": 2, "马化腾": 2, "2.3万": 2, "员工": 2, "发": 2, "股票": 2, "奖励": 2, "人均": 2, "45万": 1, "1": 3, "系统": 8, "近日": 2, "松山湖": 2, "基地": 3, "本次": 5, "自研": 2, "记者": 2, "内部": 3, "完善": 2, "至今": 2, "未": 2, "人社部": 1, "回应": 1, "80后": 1, "养老金": 2, "保证": 1, "长期": 1, "按时": 1, "足额": 1, "3": 1, "阿联酋": 1, "富豪": 1, "拖": 1, "南极": 1, "冰山": 1, "回国": 1, "耗资": 1, "10亿": 1, "4": 1, "男孩": 2, "免费": 1, "接种": 1, "HPV": 1, "疫苗": 1, "5": 2, "辽宁": 1, "#驾": 1, "轿车": 1, "撞": 1, "6": 2, "死": 1, "伤案": 1, "被告": 1, "死刑": 1, "福建": 1, "发布": 5, "489": 1, "暴雨": 1, "预警": 1, "武夷山": 1, "景区": 1, "关闭": 1, "7": 2, "身长": 1, "堪": 1, "一元": 1, "硬币": 1, "直径": 1, "青岛": 1, "海关": 1, "查获": 1, "澳洲": 1, "巨无霸": 1, "宠物": 1, "蚂蚁": 1, "8": 2, "瑞典": 1, "垃圾": 3, "够用": 1, "回收率": 1, "99%": 1, "分类": 1, "上海人": 1, "喝完": 1, "奶茶": 1, "洗洗": 1, "杯子": 1, "外卖": 1, "餐具": 1, "10": 1, "未来": 1, "电竞": 1, "人才": 2, "200万": 1, "薪资": 1, "平均": 1, "工资": 1, "1-3": 1, "倍": 1, "互动": 1, "搜狗": 2, "CEO": 1, "王小川": 1, "2019": 1, "互联网": 2, "健康": 2, "顾虑": 1, "50%": 1, "搜索": 2, "引擎": 2, "搜索量": 1, "医疗": 1, "病": 1, "A": 1, "B偶尔": 1, "用C": 1, "从来": 1, "不用": 2, "医院": 1, "O早": 1, "45万O": 1, "邀请": 1, "1500": 1, "伙伴": 1, "5000": 1, "名": 1, "历来": 1, "规模": 1, "会议": 1, "界面": 1, "开史": 1, "大规模": 1, "背后": 1, "功臣": 1, "网络": 1, "对此": 1, "代表": 1, "希望": 1, "样板": 1, "新京": 1, "报动": 1, "新闻": 1, "李奥": 1, "晚上": 1, "出门": 2, "室外": 1, "自拍": 2, "太": 3, "黑": 2, "修图": 1, "软件": 1, "救": 1, "肤色": 1, "噪点": 1, "可怕": 1, "终于": 1, "解锁": 1, "方法": 1, "nova5": 1, "Pro": 1, "人像": 1, "超级": 1, "夜景": 2, "开挂": 1, "夜": 1, "阻挡": 1, "面容": 1, "清晰": 1, "呈现": 1, "武汉": 1, "汉阳": 2, "nova涂鸦墙": 1, "打卡": 2, "朋友们": 1, "效果": 1, "惊呆": 1, "一个个": 1, "nova": 2, "系列": 2, "针对": 1, "年轻人": 1, "品牌": 1, "女孩": 1, "喜欢": 1, "人物": 1, "风景": 1, "惊艳": 1, "后置": 1, "超广角": 1, "光线": 1, "强弱": 1, "颜值": 1, "在线": 2, "壳": 1, "出手": 1, "闪亮": 1, "宝宝": 1, "～": 1, "拥有": 1, "赶紧": 1, "造涂": 1, "鸦墙": 1, "刚才": 1, "安仁镇": 1, "早晨": 1, "黑夜": 1, "焦虑": 1, "沮丧": 1, "恐惧": 1, "太阳": 1, "立马": 1, "早上": 1, "吃饭": 1, "国内": 2, "数据": 5, "终端": 6, "设备": 5, "进网": 5, "许可证": 5, "颁给": 1, "CPEPro": 3, "迈进": 1, "新时代": 1, "期待": 1, "变化": 1, "初": 1, "节点": 1, "刚好": 1, "接上": 1, "7.22科": 1, "开张": 1, "轮": 1, "谈判": 1, "亮点": 1, "框架": 1, "依旧": 1, "1+8+N": 1, "估计": 1, "发行": 1, "折叠屏": 1, "造势": 1, "重点": 2, "一个": 5, "大屏": 2, "原有": 1, "家居": 1, "车载": 1, "汽车": 2, "电子化": 3, "智能化": 2, "带来": 1, "催化": 1, "刚烈": 1, "ETC": 1, "强装": 1, "拉长": 1, "现象": 1, "轴即": 1, "反馈": 1, "方式": 1, "电视": 1, "领域": 1, "颠覆性": 1, "进展": 1, "toC": 1, "方向": 3, "突破": 1, "toB": 1, "工业": 2, "底层": 1, "IOT": 1, "连接": 1, "踪线": 1, "首款": 5, "26日": 3, "星期五": 1, "深圳": 1, "坂田": 1, "人士": 1, "属实": 1, "日期": 1, "准确": 1, "此前": 1, "X": 1, "机型": 1, "​​​O": 1, "响": 1, "。。。。。": 1, "短线": 1, "概念": 1, "大麻": 1, "芯片": 1, "半导体": 1, "观察": 1, "中兴": 1, "封杀": 1, "区别": 1, "到位": 1, "​​​": 1, "2018": 1, "届": 1, "全国": 1, "顶尖": 1, "高校": 1, "毕业生": 1, "就业": 1, "储备": 1, "弹幕": 1, "好像": 1, "想": 1, "测测": 1, "想想": 1, "确实": 1, "年头": 1, "安卓": 1, "试试": 1, "兴趣": 1, "赞": 1, "意​": 1, "速度": 1, "万物": 1, "互联": 1, "世界": 1, "猜用": 1, "谁家": 1, "小央": 1, "L小央": 1, "快讯": 1}