{"人民": 12, "日报": 7, "钟声": 8, "：": 20, "中国": 100, "公民": 48, "合法": 32, "、": 57, "正当": 26, "权益": 32, "不容": 14, "侵犯": 30, "加拿大": 61, "温哥华": 14, "转机": 16, "华为": 75, "公司": 40, "首席": 4, "财务官": 4, "孟晚舟": 20, "竟然": 3, "美方": 59, "为由": 7, "拘押": 32, "这是": 4, "于法不顾": 4, "不合": 4, "于情": 4, "性质": 16, "极其": 15, "恶劣": 16, "停止": 3, "一个": 9, "应有": 4, "交代": 4, "才能": 4, "为此": 6, "付出": 6, "沉重": 4, "代价": 7, "O": 9, "胡侃": 1, "支持": 1, "心疼": 1, "任正非": 2, "父女": 1, "无疑": 1, "社会": 5, "女士": 4, "扣": 1, "事件": 6, "主流": 2, "态度": 2, "L胡锡进": 1, "秒拍": 1, "视频": 1, "​": 5, "外交部": 29, "召见": 25, "美国": 64, "驻华": 23, "大使": 25, "负责人": 23, "提出": 23, "严正": 34, "交涉": 25, "2018年": 9, "12月": 14, "9日": 12, "副部长": 11, "乐玉成": 16, "紧急": 12, "布兰斯塔德": 11, "无理": 11, "加方": 19, "抗议": 14, "乐": 6, "玉成": 6, "指出": 13, "所作所为": 11, "中方": 40, "对此": 14, "反对": 12, "敦促": 11, "务必": 10, "高度": 11, "重视": 10, "立场": 11, "措施": 11, "纠正": 13, "错误": 13, "做法": 16, "撤销": 13, "逮捕令": 13, "视": 10, "作出": 11, "进一步": 10, "做出": 3, "件": 1, "足以": 1, "国际": 9, "深感": 1, "震惊": 1, "事情": 5, "惹事": 2, "小看": 2, "信心": 2, "意志": 2, "实力": 2, "获悉": 1, "相关": 3, "情况": 4, "第一时间": 1, "第一": 2, "时间": 2, "当事人": 6, "提供": 6, "领事": 1, "协助": 2, "8日": 3, "麦家廉": 1, "释放": 4, "人员": 3, "切实": 2, "保障": 2, "必将": 2, "后果": 2, "承担": 2, "责任": 4, "想": 2, "公理": 1, "正义": 2, "肆意妄为": 1, "之间": 3, "模糊": 1, "地带": 1, "CFO": 5, "被捕": 4, "cfo": 1, "德国": 5, "媒体": 7, "发文力": 1, "挺": 1, "谴责": 7, "违反": 5, "自由": 2, "贸易": 2, "精神": 2, "！": 7, "明镜": 1, "周刊": 1, "国家": 17, "证据": 6, "喊": 1, "禁止": 3, "设备": 8, "从来": 1, "拿出": 2, "证明": 2, "真的": 1, "研究": 3, "对比": 1, "德国人": 1, "严谨": 1, "工作": 2, "一点": 1, "铺天盖地": 1, "策划": 1, "对准": 1, "商业": 1, "用意": 1, "很": 2, "思科": 1, "诺基亚": 1, "竞争": 4, "关系": 5, "场": 1, "占有": 1, "优势": 1, "原文": 1, "报道": 2, "截图": 1, "图文": 1, "材料": 2, "眼科": 1, "医生": 1, "大学": 1, "叶": 1, "同学": 1, "锐评": 2, "人权": 5, "卫士": 2, "一向": 1, "法律": 8, "完备": 1, "公平": 3, "自居": 1, "司法": 3, "公正": 3, "皇帝": 1, "衣": 1, "霸权": 5, "无赖": 1, "内核": 1, "赤裸裸": 1, "暴露": 1, "世人": 1, "面前": 1, "环球网": 3, "粗暴": 2, "对待": 4, "法治": 2, "不列颠哥伦比亚": 1, "高等": 1, "法院": 1, "当地": 5, "星期五": 1, "高管": 2, "保释": 1, "听证会": 1, "未": 4, "裁决": 1, "休庭": 1, "星期一": 1, "开庭": 1, "外媒": 1, "援引": 1, "法庭": 2, "记者": 2, "身穿": 1, "绿色": 1, "上衣": 1, "戴": 1, "手铐": 1, "人道": 1, "假象": 1, "@": 2, "牛弹琴": 1, "三": 3, "信号": 2, "深夜": 1, "发文": 1, "人民日报": 7, "评论": 1, "狠话": 1, "斗争": 1, "形势": 1, "吓大": 1, "放人": 1, "勿谓言之不预也": 1, "O牛弹琴": 1, "新华社": 7, "同声": 4, "针对": 4, "扣押": 3, "新华": 3, "时评": 3, "发声": 2, "全球": 3, "手机": 3, "用户": 3, "照片": 1, "定格": 1, "瞬间": 1, "都": 11, "记录": 1, "世界": 2, "热爱": 1, "生活": 1, "思考": 1, "北京": 2, "电": 2, "吴": 1, "黎明": 1, "陈勇": 1, "连日来": 1, "当局": 2, "引发": 1, "舆论": 1, "关注": 2, "讲": 2, "偏听偏信": 1, "一面之词": 1, "抓": 2, "法于": 1, "理于": 1, "情不容": 1, "通报": 1, "指控": 7, "信息": 1, "知晓": 2, "孟": 2, "不当": 1, "发言人": 2, "均": 1, "国": 2, "无论是": 1, "按属": 1, "原则": 2, "无权": 1, "过问": 1, "众所周知": 1, "一贯": 1, "国内法": 1, "凌驾": 1, "国际法": 1, "之上": 1, "长臂": 1, "管辖": 1, "霸道": 2, "行径": 2, "早已": 1, "诟病": 1, "置": 1, "规则": 3, "不顾": 1, "唯": 1, "马首是瞻": 1, "埋单": 1, "放": 1, "嘴边": 1, "不分青红皂白": 1, "过境": 1, "未经": 1, "审判": 1, "定罪": 1, "重刑犯": 1, "羞辱": 1, "人格": 1, "尊重": 1, "高血压": 1, "睡眠": 1, "5月": 1, "刚": 1, "颈部": 1, "手术": 1, "人道主义": 1, "安排": 1, "危险": 1, "先例": 1, "中加": 1, "损害": 1, "领导人": 1, "说法": 2, "提前": 1, "通气": 1, "放任": 1, "发生": 4, "助长": 1, "单边": 1, "伤害": 1, "感情": 1, "奉劝": 1, "执迷不悟": 1, "网站": 4, "日媒": 1, "称": 5, "日本": 24, "拟": 4, "采购": 6, "中兴": 22, "产品": 12, "驻": 4, "使馆": 2, "表态": 2, "大使馆": 4, "消息": 1, "7日": 2, "报": 3, "政府": 10, "机构": 7, "关切": 2, "风险": 2, "知名": 2, "电子": 3, "通信": 6, "供应商": 2, "全世界": 2, "发达国家": 2, "市场": 5, "拥有": 2, "声誉": 2, "进口": 2, "雇佣": 2, "诸多": 2, "员工": 4, "经济": 4, "贡献": 2, "3.11": 2, "地震": 2, "克服": 2, "困难": 2, "修复": 2, "灾区": 2, "受损": 2, "通讯": 2, "履行": 2, "企业": 22, "法规": 2, "授权": 2, "预装": 2, "后门": 2, "窃听": 2, "间谍": 3, "装置": 2, "对外": 2, "合作": 4, "过程": 3, "遵守": 2, "本国": 2, "涉嫌": 2, "特定": 4, "歧视性": 2, "不利于": 2, "吸引": 2, "外资": 2, "利于": 2, "日方": 2, "看待": 2, "投资": 2, "营商": 2, "环境": 2, "央视": 1, "新闻": 1, "女": 1, "逮捕": 1, "提严": 2, "实话": 1, "坎": 1, "国内": 1, "伊朗": 4, "卖": 1, "东西": 1, "制裁": 5, "担心": 1, "禁运": 3, "10月": 2, "11日": 1, "能源部": 2, "广核": 2, "理由": 3, "华人": 1, "20年": 2, "参与": 1, "核": 2, "研发": 1, "生产": 1, "同意": 1, "招人": 1, "29日": 1, "美国商务部": 1, "福建": 1, "晋华": 1, "联华": 1, "台湾": 1, "美光": 2, "司法部": 1, "偷窃": 1, "技术": 1, "照样": 1, "找": 1, "丰富多彩": 1, "尺度": 1, "控": 1, "程度": 1, "行政": 1, "这次": 3, "试图": 1, "刑事": 2, "稍微": 1, "值得": 1, "安慰": 1, "扣留": 1, "机会": 1, "2017年": 1, "4月": 1, "客观": 1, "绑架": 1, "建国": 1, "初": 1, "科学家": 1, "关税战": 1, "高科技": 1, "轰炸": 2, "杀害": 1, "中国人": 1, "热战": 1, "干": 1, "干出": 1, "奇怪": 1, "手段": 1, "打击": 1, "对方": 2, "整天": 1, "法制": 2, "犯": 1, "幼稚病": 1, "不说": 1, "19": 1, "年前": 3, "下达": 1, "执行": 1, "命令": 1, "官员": 1, "军官": 1, "飞行员": 1, "至今": 1, "肇事": 1, "罚款": 1, "交往": 1, "利益": 1, "才": 1, "亲密": 1, "西方": 1, "盟友": 1, "活动": 1, "刺探": 1, "情报": 1, "崛起": 1, "守成者": 1, "激烈": 1, "打压": 3, "必经": 1, "路": 1, "也就是说": 1, "历史": 1, "进程": 1, "之中": 1, "感受": 1, "社论": 1, "科技": 3, "服务": 1, "警方": 2, "拘捕": 1, "据说": 1, "且不说": 1, "本身": 1, "毫无": 1, "依据": 1, "不少": 1, "政客": 1, "视为": 1, "眼中钉": 1, "背后": 2, "政治": 1, "交易": 2, "长期以来": 1, "不遗余力": 1, "花样": 1, "翻新": 1, "5G": 1, "领域": 1, "挑战": 1, "维护": 1, "不惜": 1, "独立": 1, "幌子": 1, "未免": 1, "过于": 1, "高昂": 1, "跟踪": 2, "通信业": 3, "几十": 2, "三十": 1, "受尽": 1, "屈侮": 1, "瓜分": 1, "大国": 1, "占": 2, "小国": 1, "1000": 1, "元": 1, "2万一": 1, "老百姓": 1, "换来": 2, "一件件": 1, "衬衫": 1, "矿石": 1, "木材": 1, "大唐": 1, "烽火": 1, "长飞": 1, "一点点": 1, "血泪": 1, "累死": 1, "终于": 1, "开疆拓土": 1, "高校": 1, "经费": 1, "花": 1, "办法": 1, "报销": 1, "钱": 1, "交税": 1, "交来": 1, "发展": 1, "暗算": 1, "说话": 1, "捅": 2, "刀子": 1, "早入": 1, "别国籍": 1, "老": 1, "油渣": 1, "算了": 1, "早就": 1, "异国人": 1, "吃": 1, "动不动": 1, "刀": 1, "人心": 2, "肉": 1, "长": 1, "香港": 1, "行政区": 1, "·": 1, "金钟": 1, "美": 4, "九": 1, "看懂": 1, "到底": 1, "​​": 2, "「": 1, "究竟": 1, "举报": 4, "」": 1, "汇丰": 3, "银行": 1, "监督员": 3, "调查": 2, "原因": 1, "洗钱": 1, "罚": 1, "数亿": 1, "美元": 1, "派驻": 1, "名": 1, "举证": 1, "skycom": 1, "2015年底": 1, "奥马巴": 1, "时代": 2, "伊": 2, "升温": 1, "阶段": 1, "段": 1, "蜜月期": 1, "川普": 1, "僵": 1, "达成": 1, "和平": 1, "核能": 1, "协议": 1, "核议题": 1, "进展": 1, "暗中": 1, "份": 3, "台下": 1, "名单": 2, "交给": 1, "FBI": 1, "秘密": 2, "包括": 2, "清单": 1, "30": 1, "在内": 1, "附图": 1, "多年": 1, "搜集": 1, "下手": 1}