{"晚": 2, "TA": 3, "都": 11, "回家": 2, "华为": 79, "AI": 3, "音箱": 2, "O网页": 1, "链接": 2, "L华": 3, "终端": 4, "官方": 4, "秒拍": 2, "视频": 9, "​​​": 1, "慢慢": 2, "党": 2, "靠拢": 2, "送": 4, "堆": 1, "手机": 23, "壳": 2, "条": 2, "iphoneX": 1, "ipX": 2, "～": 4, "机型": 2, "请": 4, "顺手": 2, "赞": 2, "点赞": 2, "选": 2, "礼物": 3, "笑纳": 2, "莫嫌弃": 2, "～btw": 1, "买": 2, "奥特曼": 1, "阵子": 1, "MASON": 1, "很": 2, "迷他": 1, "感染": 1, "…": 1, "🙄​": 1, "法国": 1, "摄影师": 1, "MatthieuVenot": 1, "擅长": 1, "镜头": 1, "色彩": 2, "寻找": 1, "生活": 2, "乐趣": 1, "摄影": 1, "大神": 2, "捕捉": 1, "身边": 1, "诗": 1, "远方": 1, "化身": 1, "缤纷": 1, "捕捉者": 1, "评论区": 1, "分享": 1, "影像": 2, "！": 18, "​": 16, "三": 1, "iphoneXSMAX": 1, "ipXSMAX": 2, "～​": 1, "纽约": 3, "时报": 3, "报道": 3, "美国": 25, "起诉": 15, "政府": 19, "刚才": 1, "媒体": 2, "采访": 1, "此事": 1, "真心": 1, "感叹": 1, "高人": 1, "打赢": 1, "官司": 3, "未必": 1, "想": 3, "效果": 1, "：": 17, "1": 6, "底气": 1, "抓": 1, "包": 1, "绝不": 1, "硬": 1, "扛": 1, "还要": 2, "站": 2, "心中无鬼": 1, "设备": 7, "胡扯": 1, "球踢": 1, "情报": 1, "部门": 1, "一个": 10, "官员": 1, "5G": 16, "这是": 1, "嘴": 1, "炮": 1, "别人": 1, "办法": 1, "法庭": 3, "证据": 5, "摆": 1, "尤其是": 1, "实锤": 1, "这下": 1, "难": 1, "花": 3, "大钱": 1, "找": 2, "实实在在": 1, "放": 1, "国际": 1, "技术": 5, "专家": 1, "认同": 1, "纳税人": 1, "钱": 2, "3": 2, "打消": 1, "世界": 8, "国家": 4, "疑虑": 2, "长": 2, "时间": 4, "过硬": 1, "消除": 1, "走向": 1, "4": 1, "天大": 1, "广告": 3, "指责": 1, "实质性": 1, "能力": 1, "强大": 3, "品牌": 2, "形象": 2, "提升": 1, "奠定": 1, "顶级": 1, "企业": 10, "影响": 1, "太": 3, "关注": 4, "过程": 1, "价值": 2, "芭莎": 1, "带": 3, "时装周": 2, "巴黎": 2, "接近": 1, "尾声": 1, "这几天": 1, "忙碌": 1, "芭姐带": 1, "零距离": 1, "欣赏": 1, "T台": 2, "优雅": 1, "流畅": 1, "女性": 2, "线条": 1, "挂": 1, "古典": 2, "画作": 1, "白色": 1, "墙壁": 1, "掠过": 1, "层次": 1, "白雪": 1, "纯白": 1, "篇章": 1, "磅礴": 1, "女神": 1, "nova4": 1, "贝母": 2, "白捕": 1, "后台": 1, "场外": 1, "精彩": 2, "瞬间": 1, "白": 1, "明天": 1, "时刻": 1, "记得": 1, "亚洲": 1, "炫美": 1, "景观": 1, "大道": 1, "大唐": 1, "不夜城": 1, "雕塑": 1, "": 3, "摄影人": 1, "西安": 1, "发布": 4, "成诗": 1, "@": 6, "中国": 9, "图库tukuchina": 1, "西安市": 1, "文化": 1, "旅游局": 1, "曲江": 1, "旅游": 1, "Mate20": 1, "音乐": 1, "补": 1, "舒伯特": 1, "创作": 1, "200年": 1, "第八": 1, "交响曲": 1, "遗作": 1, "经典": 1, "致敬": 1, "设计": 6, "美学": 1, "全局": 1, "主题": 3, "5.0/8.0": 1, "久等": 1, "详情": 2, "助手": 1, "游艇": 1, "小朋友": 1, "动态": 1, "壁纸": 2, "预览": 1, "O": 4, "网页": 1, "姐姐": 1, "小辣椒": 1, "漫剪辑": 1, "阿鱼丫": 1, "爱": 2, "苹果": 4, "完败": 1, "第二": 5, "弹": 1, "央视": 1, "鲁健": 1, "吐槽": 1, "两会": 2, "禁止": 2, "充电宝": 1, "槽点": 1, ".....": 1, "期": 4, "分钟": 13, "彩蛋": 1, "探访": 1, "发现": 1, "秘密": 1, "5": 5, "G样机": 1, "诞生": 1, "VLOG": 1, "香港": 2, "、": 29, "L凯雷": 1, "感觉": 1, "这两年": 1, "上海": 4, "先进": 2, "制造业": 1, "新动": 1, "满满": 1, "2019年": 2, "伊始": 1, "研发": 4, "基地": 3, "土地": 1, "正式": 2, "出让": 1, "体量": 1, "占位": 1, "青浦": 1, "科创": 1, "走廊": 1, "建设": 3, "发展": 3, "主轴": 1, "占地": 2, "面积": 2, "高达": 3, "94.7万": 1, "㎡": 1, "办公区": 1, "4000": 2, "亩": 1, "松山湖": 2, "本部": 1, "倍": 3, "投资": 3, "规模": 2, "比肩": 1, "总部": 3, "71亿": 1, "元": 5, "年产值": 1, "预计": 3, "100亿": 1, "势必": 1, "全球": 3, "领先": 2, "中心": 1, "北京": 1, "·": 1, "永定": 1, "门桥": 1, "留": 1, "盏": 1, "灯": 1, "解决": 3, "方案": 6, "高通": 5, "上次": 1, "记者": 3, "副总裁": 1, "公司": 5, "紧张": 3, "蠢": 1, "本来": 1, "节奏": 1, "压制": 1, "芯片": 9, "受益人": 1, "四": 1, "第一": 3, "2/3/4/5G": 1, "全网通": 2, "降低": 2, "基带": 1, "工作": 1, "过于": 1, "费电": 1, "兼容SA": 2, "NSA": 3, "很快": 2, "独立": 2, "网络": 6, "SA": 2, "海思巴龙": 1, "5000": 1, "第三": 1, "7": 1, "nm": 1, "工艺": 1, "海思": 1, "一家": 2, "第四": 2, "速度": 4, "快": 9, "成熟": 1, "体验": 1, "面向": 1, "未来": 3, "兼容": 1, "当下": 1, "水平": 2, "商用": 2, "估计": 1, "Q4": 1, "才": 3, "差不多": 1, "落后": 1, "大半年": 1, "希望": 1, "推出": 3, "中意": 2, "款": 3, "大盘点": 1, "选择": 1, "产业化": 1, "商用化": 1, "进程": 1, "加速": 1, "厂商": 1, "层出不穷": 1, "MateX折": 1, "叠屏": 1, "三星": 2, "GalaxyS105": 1, "G版": 2, "小米": 11, "Mix35G": 1, "LGV50": 1, "ThinQ": 1, "双屏": 1, "中兴": 2, "Axon": 1, "10": 1, "Pro5G": 1, "版": 1, "摩托罗拉": 1, "MotoZ35": 1, "......": 1, "L电": 1, "商报": 1, "李嘉诚": 2, "再次": 1, "助攻": 1, "事实": 1, "打脸": 1, "跑": 2, "网友": 2, "提问": 1, "传媒": 1, "专业": 2, "研究生": 1, "MateBookXPro": 1, "MacBookPro": 1, "建议": 1, "玩": 1, "游戏": 1, "果断": 3, "只能": 2, "Windows": 1, "软件": 1, "需求": 1, "屏幕": 1, "显示": 1, "分辨率": 1, "适配": 1, "触控板": 1, "操作": 1, "真的": 1, "年轻": 1, "气盛": 1, "学生": 1, "Mac": 1, "网站": 1, "不用": 1, "担心": 1, "电脑": 1, "中毒": 1, "省心": 1, "IQ": 3, "OO44": 1, "W": 1, "超级": 1, "快充": 2, "927W": 1, "充电": 11, "详细": 1, "对比": 2, "1.": 1, "OO": 2, "插上": 2, "充电器": 7, "功率": 8, "升到": 2, "35W": 1, "缓慢": 1, "37W": 1, "峰值": 3, "16": 1, "9": 7, "23W": 1, "24W": 1, "22": 1, "Mate20Pro": 2, "仅仅": 2, "36": 1, "W上": 1, ".": 2, "IQOO": 10, "0%": 2, "充到": 3, "100%": 4, "耗时": 3, "47": 1, "跃居": 1, "仅次于": 2, "OPPO": 1, "50W": 1, "60": 2, "数据库": 6, "第五": 2, "效率": 2, "换算": 1, "充入": 4, "85": 1, "mAh": 4, "55mAh": 1, "iPhoneXSMax": 2, "原装": 1, "15": 1, "一万": 1, "块钱": 1, "4.": 1, "30": 3, "充上": 2, "电池": 4, "容量": 2, "持续": 2, "高功率": 1, "输出": 5, "半": 2, "小时": 5, "15.46Wh": 1, "霸榜": 2, "11.07Wh": 1, "排名": 3, "5.": 1, "得益": 1, "18.6Wh": 1, "4200": 1, "充满": 3, "15Wh": 1, "也就是说": 1, "紧急": 1, "6.几乎": 1, "依然": 1, "2-4W": 1, "算": 1, "低": 1, "阶段": 1, "涓流": 2, "时功率": 1, "降到": 1, "0.几W": 1, "电量": 1, "直至": 1, "R17Pro": 1, "66": 1, "82": 1, "现阶段": 1, "下半年": 1, "即将": 2, "一大": 1, "波": 1, "中怕": 1, "算是": 1, "个中": 1, "相比": 1, "小段": 1, "差距": 1, "起码": 1, "拨": 1, "讲": 1, "小白": 1, "测评": 1, "VX": 1, "更新": 1, "S10+": 1, "9SE": 1, "数据": 6, "邀请": 1, "黑": 1, "加拿大": 3, "赵": 1, "淇欣": 1, "3月": 2, "24日": 1, "27日": 1, "访问": 1, "深圳": 1, "P30": 4, "顶部": 6, "底部": 5, "平": 3, "类似": 1, "Lumia": 1, "800": 1, "爆料": 3, "消息": 2, "系列": 2, "采用": 1, "平面": 1, "常见": 1, "弧面": 1, "类似于": 1, "lumia800": 1, "竖": 1, "桌子": 1, "美媒": 1, "突发": 2, "孟晚舟": 2, "案": 2, "国内外": 1, "很多": 1, "维护": 1, "权益": 1, "唯一": 1, "法律": 1, "英国": 1, "路透社": 1, "外媒": 1, "宣称": 1, "O美媒": 1, "彭博": 2, "银团": 2, "贷款": 6, "五": 3, "中资": 3, "银行": 7, "募": 1, "140亿": 3, "1月份": 1, "笔": 2, "筹集": 1, "中国银行": 1, "开发": 1, "招商": 1, "工商": 1, "贷款人": 1, "知情": 1, "人士": 1, "3亿": 1, "美元": 1, "等值": 1, "武士": 1, "搁置": 1, "日本": 1, "投资者": 1, "参与": 2, "O传华": 1, "为期": 1, "金额": 1, "美": 1, "自有": 1, "道理": 1, "晚安": 1, "小云": 2, "场": 1, "聊天": 1, "照顾": 1, "情绪": 1, "女生": 1, "魅力": 2, "现如今": 1, "转评": 1, "聊聊": 1, "随机": 1, "抽": 1, "送出": 1, "耳机": 1, "海军": 1, "奋进": 1, "新时代": 1, "支持": 2, "继华": 1, "称": 1, "所在": 1, "得克萨斯州": 1, "告上": 1, "对象": 1, "去年": 1, "国会": 1, "白宫": 1, "签署": 1, "国防": 1, "授权": 1, "法案": 1, "项": 1, "条款": 2, "联邦": 1, "机构": 1, "通讯": 3, "P30Pro": 1, "挺": 1, "好看": 1, "图片": 1, "潘石屹": 1, "达人": 1, "放出": 1, "新版": 1, "渲染": 1, "有趣": 1, "一点": 1, "全平": 1, "爆料人": 1, "解释": 1, "这不": 1, "PS": 1, "失误": 1, "本身": 1, "想起": 1, "早": 1, "LumiaO": 1, "关键": 1, "爱华": 2, "作者": 4, "发": 2, "致歉": 2, "声明": 2, "兴趣": 2, "无关": 1, "近日": 2, "歌曲": 3, "引发": 1, "事件": 1, "发酵": 1, "随后": 1, "陆续": 1, "扒出": 1, "刘": 1, "泰然": 1, "俱乐部": 1, "出品": 1, "毕业": 1, "MV": 1, "拍摄": 1, "一时间": 1, "推到": 1, "风口浪尖": 1, "……": 1, "点击": 1, "关​": 1, "才能": 2, "撑起": 1, "路由Q2Pro": 1, "今日": 1, "开售": 1, "法务部": 1, "忙": 1, "案子": 1, "面临": 1, "困难": 1, "程度": 1, "格局": 1, "高度": 1, "前所未有": 1, "国外": 1, "前方": 1, "马上": 1, "战火纷飞": 1, "国内": 3, "背后": 1, "捅": 1, "刀子": 1, "腹背受敌": 1, "胜算": 1, "不大": 1, "俄罗斯": 1, "原因": 1, "最终": 1, "败诉": 1, "司法": 1, "失败": 1, "仗": 1, "对外": 1, "精气神": 1, "#​": 1, "申万": 1, "宏源": 1, "物联网": 11, "策略": 1, "方向": 5, "布局": 5, "完善": 2, "通信": 6, "物理": 1, "平台": 2, "均": 1, "实力": 2, "聚焦": 1, "行业": 3, "包括": 2, "智能": 7, "水电表": 2, "车载": 1, "家居": 1, "生态": 6, "领域": 2, "战略": 2, "模组": 4, "依赖": 2, "合作": 3, "伙伴": 1, "移为": 2, "日海": 1, "供应": 1, "金卡": 2, "宁波": 1, "水表": 1, "三川": 1, "智慧": 1, "捷顺": 1, "科技": 1, "停车": 1, "乐心": 1, "医疗": 1, "穿戴": 1, "进展": 1, "阿里": 2, "加大": 1, "力度": 1, "阿里云": 5, "方式": 1, "云强": 1, "上游": 1, "连接": 1, "合作方": 1, "广和通": 2, "新兴": 1, "进一步": 1, "阿里云IoT": 1, "获取": 1, "基于": 2, "考量": 1, "大都": 1, "共享": 1, "18年": 1, "顺丰": 1, "典型": 1, "实例": 1, "所有权": 1, "不可避免": 1, "引领物": 1, "联网": 1, "看好": 1, "电力线": 1, "载波": 3, "PLC": 3, "产业": 1, "东软": 2, "鼎信": 1, "侧": 1, "处于": 1, "初级阶段": 1, "各项": 1, "标准": 1, "统一": 1, "时点": 1, "推荐": 1, "标的": 1, "数字": 3, "包容": 1, "联接": 1, "农村": 3, "人口": 2, "RuralStar": 1, "90+": 1, "展开": 1, "部署": 1, "上千万": 1, "接入": 1, "赞比亚": 1, "开通": 1, "RuralStarLite": 1, "基站": 1, "偏远": 2, "提供": 1, "无线": 1, "服务": 1, "探秘": 1, "带入": 1, "非洲": 1, "腹地": 1}