{".": 2, "🍊": 2, "橙色": 1, "时代": 1, "期待": 1, "华为": 59, "MatePad": 3, "Pro": 1, "发布": 2, "！": 17, "这次": 2, "多屏": 2, "协同": 2, "智慧": 2, "分屏": 1, "无线": 2, "反向": 1, "充电": 1, "超": 1, "适合": 1, "加上": 1, "90%": 1, "屏占": 1, "4096": 1, "压": 1, "感手": 1, "写笔": 2, "平板": 7, "新时代": 1, "~": 4, "​": 13, "易": 1, "烊千玺": 1, "易烊": 5, "千玺": 8, "1128十九": 1, "岁": 2, "生日": 6, "快乐": 3, "妈": 2, "！！！！": 2, "阿华霸霸": 1, "真的": 2, "直男式": 1, "宠爱": 1, "！！！": 1, "请": 7, "打开": 1, "音乐": 8, "话题": 8, "圈": 2, "浪漫": 1, "@": 9, "TFBOYS": 3, "千": 4, "玺": 5, "L易烊": 1, "千玺de": 1, "红鞋": 1, "视频": 11, "任正非": 8, "：": 7, "谷歌": 11, "世界": 5, "第一": 7, "26日": 3, "接受": 4, "CNN": 4, "采访": 3, "针对": 2, "尚未": 2, "拿到": 2, "供货": 2, "许可": 4, "后备": 2, "计划": 2, "主持人": 3, "问到": 3, "如今": 3, "全球": 3, "第二": 3, "回答": 3, "称": 4, "这不": 3, "时间": 5, "微软": 2, "出售": 2, "软件": 2, "申请": 2, "确切": 2, "消息": 2, "丢": 2, "L微": 1, "秒拍": 3, "同学": 2, "下周": 1, "nova6": 6, "系列": 2, "5G": 4, "发布会": 4, "～": 2, "主题": 1, "上线": 1, "同框": 1, "壁纸": 2, "点击O": 1, "网页": 9, "链接": 9, "制作": 1, "小泽vlog": 1, "MatePadPro": 2, "体验": 2, "说白了": 1, "打造": 2, "生态": 2, "这是": 2, "一个": 4, "感受": 3, "M6上": 1, "小试牛刀": 1, "终于": 1, "全新": 1, "暴露": 1, "野心": 1, "支持": 3, "倾斜": 1, "笔触": 1, "手": 1, "组合": 1, "按键": 1, "键盘": 1, "夹": 1, "、": 35, "平行": 1, "视界": 1, "一屏多": 1, "电脑": 1, "模式": 1, "多种": 1, "越过": 1, "安卓": 3, "适配": 1, "努力": 2, "引导": 1, "开发者": 1, "尽可能": 1, "屏幕": 2, "增加": 2, "信息": 2, "提升": 1, "效率": 1, "都": 8, "难度": 1, "；": 1, "情况": 2, "做成": 1, "影响力": 1, "L钟": 1, "文泽": 1, "胖": 1, "声": 6, "谢谢": 6, "戳O": 1, "感谢": 6, "一路": 7, "家人": 6, "贴心": 4, "长辈": 4, "关心": 6, "朋友": 6, "知心": 5, "成长": 6, "耐心": 8, "追梦": 5, "信心": 7, "狠心": 5, "感恩节": 8, "小编": 1, "邀": 5, "谈": 5, "谈心": 5, "讲述": 5, "生活": 6, "感恩": 8, "时刻": 5, "带": 5, "肆F": 4, "UN": 4, "心声": 7, "转评": 6, "12月": 8, "2日": 6, "抽": 7, "送": 6, "荣耀": 6, "9": 5, "X": 5, "手机": 8, "​O": 4, "抽奖": 5, "详情": 7, "「": 1, "飞": 1, "强壮": 1, "眺望": 1, "」": 1, "19": 1, "爱豆": 1, "演员": 1, "闪闪": 1, "发光": 1, "颗": 1, "星": 1, "独家": 1, "专栏": 1, "易烊": 1, "送上": 1, "祝福": 1, "戳": 5, "→O网": 1, "页链": 1, "接​": 1, "金利来": 2, "男装": 2, "#肆": 2, "FUN": 2, "关注": 3, "Goldlion": 1, "终端": 5, "服务": 2, "写下": 1, "Mr.G": 1, "幸运": 1, "9X": 1, "1": 4, "O抽奖": 2, "看待": 1, "网传": 2, "员工": 2, "离职": 2, "补偿": 5, "起诉": 2, "勒索": 1, "羁押": 3, "251": 4, "事件": 2, "过程": 1, "李某": 7, "元于": 1, "2005年": 1, "公司": 4, "逆变器": 1, "业务": 1, "造假": 1, "便于": 1, "2016年": 1, "11月": 2, "内部": 1, "举报": 1, "审计": 1, "部门": 2, "负责人": 1, "调换": 1, "元": 11, "停职": 1, "随后": 2, "踢出": 1, "N": 2, "裁员": 2, "13年": 1, "工龄": 1, "商谈": 1, "33万余": 1, "实际上": 1, "HR": 3, "私人": 1, "账户": 1, "30万": 1, "想到": 1, "敲诈勒索": 1, "元便": 1, "抓": 1, "进去": 1, "好在": 2, "检察院": 1, "公安": 1, "认定": 1, "事实": 1, "证据": 1, "声明": 1, "无罪": 2, "才": 1, "得以": 1, "释放": 1, "恢复": 3, "人身": 1, "自由": 1, "给予": 1, "国家": 3, "10万余": 1, "检查院": 1, "发函": 1, "名誉": 1, "→O": 4, "小谷": 2, "转发": 2, "分享": 1, "故事": 2, "带上": 3, "记得": 1, "上海": 3, "欢乐谷": 2, "爱": 3, "♥️O": 1, "·": 1, "琉璃": 1, "光院": 1, "太": 2, "好看": 1, "数码": 2, "相机": 1, "只能": 2, "聂": 1, "将就": 1, "拍": 1, "离职员工": 2, "冤枉关": 1, "看守": 1, "网友": 1, "爆料": 1, "李": 3, "洪某": 3, "系华": 1, "劳动法": 1, "诬告": 1, "敲诈": 1, "八": 1, "看守所": 1, "老婆": 1, "拿出": 1, "相关": 2, "录音": 1, "法律": 1, "公道": 1, "判": 1, "小意": 1, "意粉": 1, "送出": 1, "李铁": 2, "共享": 2, "经济": 2, "中国": 4, "发展": 5, "快": 3, "欧": 2, "美国": 4, "反而": 2, "寸步难行": 2, "城市": 3, "城镇": 1, "改革": 1, "中心": 1, "首席": 2, "经济学家": 1, "新浪": 2, "金麒麟": 1, "论坛": 1, "享受": 1, "好处": 1, "互联网": 1, "很多": 1, "外卖": 1, "新生": 1, "事物": 1, "原因": 1, "制度": 1, "利益": 2, "团体": 1, "固化": 1, "主体": 1, "制约": 1, "导致": 1, "迟缓": 1, "正视": 1, "L": 2, "财经": 2, "宝宝": 1, "细心": 1, "用心": 1, "飞鹤": 1, "唱邀": 1, "创始人": 1, "兼": 1, "执行官": 1, "专访": 1, "创新": 1, "强大": 1, "未来": 1, "几十": 1, "包括": 1, "超越": 1, "O": 3, "微丢": 1, "今日": 1, "发糖": 1, "1128": 1, "千玺同框": 1, "机会": 3, "错过": 1, "～O": 1, "霸霸": 1, "微信": 2, "公众号": 2, "发送": 2, "见到": 1, "高清": 1, "自拍": 3, "互动": 1, "装置": 1, "空降": 1, "全国": 1, "城": 1, "小伙伴们": 1, "打卡": 1, "拼": 1, "想": 4, "参与": 1, "活动": 1, "评论区": 1, "告诉": 1, "阿华": 1, "L华": 1, "官方": 2, "杀": 1, "红眼": 1, "利索": 1, "明后年": 2, "重返": 2, "海外": 2, "市场": 3, "并称": 1, "能力": 1, "L大佬": 1, "​​​": 1, "早期": 1, "K3V2": 1, "发": 1, "热卡顿": 1, "P7": 1, "涉嫌": 1, "跑分": 1, "作弊": 1, "3DMark": 1, "取消": 1, "成绩": 1, "Mate8": 1, "红屏门": 1, "P9": 1, "单反": 1, "照片": 2, "做样": 1, "发生": 1, "爆炸": 1, "P10": 1, "闪": 1, "存门": 1, "Mate20pro绿": 1, "屏门": 1, "P30pro": 1, "拍照": 1, "偏色": 1, "Mate30pro素": 1, "皮版": 1, "镜头": 1, "盖碎": 1, "裂门": 1, "……": 3, "门门相扣": 1, "件件": 1, "实锤": 1, "从来": 1, "不专业": 1, "编辑": 1, "错误": 1, "华粉": 1, "天天": 1, "打脸": 1, "逻辑": 1, "你家": 1, "脸": 1, "猪头": 1, "？？": 1, "好像": 1, "发表": 1, "简短": 1, "不行": 1, "感情": 1, "实验": 1, "数据": 1, "才能": 1, "说话": 1, "群": 1, "粉丝": 1, "听": 1, "好话": 1, "循环": 1, "播放": 1, "完了": 1, "何必": 1, "跑": 1, "受气": 1, "向来": 1, "观点": 1, "一家": 1, "测评": 1, "供": 1, "参考": 1, "东西": 1, "需求": 1, "务实": 1, "剁手": 1, "心怀": 1, "万物": 1, "可爱": 1, "今晚": 1, "奉上": 1, "空间": 2, "FM": 1, "节目": 1, "回顾": 1, "生命": 1, "值得": 1, "瞬间": 1, "聊聊": 1, "记录": 1, "小天鹅": 1, "蓝牙": 1, "音箱": 2, "惊": 1, "扩散": 1, "庆生": 1, "call": 1, "最新": 1, "动态": 1, "5日": 2, "新品": 2, "店里": 1, "初步": 2, "试玩": 1, "SoundX": 1, "耳机": 2, "名": 1, "拔草": 1, "师": 1, "夷": 2, "长技": 1, "很": 3, "长": 1, "段": 1, "路": 1, "走": 1, "产品": 1, "苹果": 1, "吊打": 1, "毕竟": 1, "价位": 1, "一分钱一分货": 1, "规律": 1, "日常": 1, "消费": 1, "潜心": 1, "听感": 2, "不错": 2, "低音": 1, "确实": 1, "扎实": 1, "紧致": 1, "整体": 1, "Bose": 1, "mini": 1, "2代": 1, "差不多": 1, "远": 1, "一点": 1, "声音": 1, "能量": 1, "衰减": 1, "环境": 2, "干扰": 1, "因素": 1, "HomePods": 1, "对比": 1, "量级": 1, "可比性": 1, "MateX": 1, "玻璃": 1, "罩子": 1, "远观": 1, "亵玩": 1, "高人": 1, "指点": 1, "摆放": 1, "角度": 1, "讲究": 1, "完美": 1, "避开": 1, "掰平": 1, "褶皱感": 1, "建": 2, "人才": 3, "房": 3, "子公司": 3, "拍下": 4, "12万": 3, "平方米": 4, "土地": 2, "售价": 3, "周边": 3, "便宜": 2, "15000": 2, "27日": 1, "广东省": 1, "东莞市": 1, "网上": 1, "交易": 1, "方式": 1, "成功": 1, "挂牌": 1, "出让": 1, "松山湖": 3, "宗": 1, "商住": 1, "用地": 1, "东莞": 2, "绿苑": 2, "实业": 2, "投资": 2, "有限": 2, "底价": 1, "84490万": 1, "摘得": 1, "规划": 1, "这块": 1, "用作": 1, "园区": 2, "重点": 1, "高端": 1, "企业": 1, "精装修": 1, "高于": 2, "10050": 1, "/": 7, "内": 1, "流转": 1, "启信宝": 1, "显示": 1, "地块": 1, "控股": 1, "全资": 1, "查询": 1, "发现": 1, "房价": 3, "2.6万": 1, "价格": 2, "为准": 1, "该地": 1, "销售": 1, "10500": 1, "㎡": 1, "远远": 1, "低于": 1, "基本上": 1, "二三线": 1, "O华": 1, "头条": 1, "文章": 1, "补缺": 3, "": 1, "每日": 1, "必读": 1, "赚钱": 2, "季": 1, "周四": 1, "股权": 1, "超跌": 2, "低价": 1, "+": 3, "基建": 1, "一带": 1, "智能": 1, "穿戴": 1, "略": 1, "区块链": 1, "养殖": 1, "板块": 3, "反弹": 1, "科技": 1, "分化": 1, "主板": 2, "缩量": 1, "下跌": 1, "预设": 2, "明日": 2, "寻底": 2, "观察": 2, "成交量": 1, "放大": 2, "强势": 2, "股": 2, "接力": 1, "亏": 1, "钱": 1, "效应": 2, "青海": 1, "华鼎": 1, "新农": 1, "开发": 1, "海": 1, "联讯": 1, "情绪": 1, "标杆": 1, "空间板": 1, "高度": 1, "2板": 1, "首板": 2, "数量": 1, "皮皮": 1, "短期": 1, "回补": 2, "2870": 1, "缺口": 2, "尾盘": 1, "或许": 1, "操作": 1, "做好": 1, "入场": 1, "先于": 1, "风险": 2, "偏好": 1, "选择": 1, "包板": 1, "3": 1, "涨停板": 1, "套利": 1, "优": 1, "策略": 1, "企稳": 1, "信号": 1, "低": 2, "吸": 1, "主线": 1, "人气股": 1, "轮动": 1, "吸富": 1, "一生": 1, "Ps:2870": 1, "大于": 1, "O耐心": 1, "换上": 1, "头像": 1, "锁": 1, "！！": 1, "门票": 1, "早安": 1, "美": 1, "祝": 1, "一整天": 1, "心情": 1, "L毒舌": 1}