{"未来": 3, "手机": 36, "趋势": 2, "5G": 10, "折叠": 6, "屏幕": 15, "2019年": 2, "世界": 8, "通信": 2, "大会": 3, "刚刚": 1, "巴塞罗那": 1, "落幕": 1, "华为": 70, "MateX": 10, "技术": 11, "热点": 1, "话题": 2, "折叠屏": 24, "功能": 2, "限于": 1, "轻轻": 1, "掰": 1, "小型": 1, "平板": 1, "电脑": 2, "呈现": 1, "面前": 1, "词": 1, "网络": 2, "流传": 1, "许久": 1, "或许": 1, "转折点": 1, "期待": 1, "记者": 1, "AngusMcNeice": 1, "视频": 14, "杨易林": 1, "L": 4, "中国": 13, "日报": 1, "秒拍": 3, "五": 2, "大佬": 4, "泼冷水": 2, "：": 19, "雷军": 4, "杨元庆": 5, "OPPO": 4, "VIVO": 2, "元年": 2, "三星": 19, "、": 12, "亮出": 2, "竞争": 3, "对手": 4, "纷纷": 2, "泼": 2, "冷水": 2, "量产性": 2, "电池": 3, "可怜": 2, "很多": 4, "厂商": 4, "依然": 2, "PPT": 4, "产品": 10, "价格": 4, "......": 2, "L老板": 2, "联播": 4, "​": 14, "镜头": 4, "记住": 1, "样子": 1, "影像": 2, "交流": 1, "经历": 1, "带上": 1, "Mate20": 1, "Pro": 1, "丈量": 1, "山海": 1, "边际": 1, "驻": 5, "加拿大": 4, "大使": 6, "美国": 15, "渲染": 2, "全世界": 3, "都": 15, "近日": 2, "卢沙野": 2, "国会": 1, "山报": 1, "发表": 3, "文章": 3, "西方": 1, "国家": 5, "声称": 2, "设备": 7, "危害": 1, "提出": 1, "质疑": 2, "卢": 1, "沙野": 1, "国际": 2, "制造": 2, "炒作": 4, "实际上": 1, "广告": 4, "人民": 2, "领域": 3, "棒": 2, "O驻": 1, "想": 8, "折": 1, "叠屏": 5, "！": 4, "全球": 2, "首款": 1, "惊艳": 1, "轻松": 2, "破万": 1, "吓退": 1, "国人": 1, "业内人士": 1, "柔性": 2, "屏": 1, "试水": 1, "阶段": 4, "材料": 2, "研发": 3, "费用": 1, "成熟度": 1, "兼容性": 1, "有待": 1, "提升": 1, "一大": 1, "改变": 1, "市场": 1, "格局": 1, "量产": 2, "有望": 1, "下降": 1, "抄起": 1, "折叠机": 1, "经营报": 1, "事实": 1, "证明": 1, "做机": 1, "再次": 1, "偶遇": 1, "@": 5, "余承东": 9, "一路": 1, "喝": 1, "柠檬": 1, "水切": 1, "磋重": 1, "钻研": 1, "/": 7, "踏踏实实": 1, "突破": 1, "高端": 2, "虚心": 1, "学习": 2, "敢于": 1, "承认": 1, "错误": 1, "拼": 1, "...": 4, "受益": 1, "多多": 1, "约好": 1, "深圳": 1, "体系": 1, "携手": 1, "用户": 1, "带来": 1, "体验": 6, "你好": 1, "高2": 1, "阿联酋​": 1, "S10+": 1, "Note9": 1, "iPhoneXSMAX": 1, "Mate20P": 1, "RO": 1, "外放": 1, "对比": 2, "L请": 1, "测评君": 1, "外媒": 4, "slashleaks": 1, "曝光": 2, "P30Pro": 3, "机照": 1, "感受": 2, "​​​": 2, "老兵": 1, "公益": 1, "短片": 2, "感谢": 1, "服役": 1, "时刻": 1, "睁开": 1, "眼睛": 1, "敞开": 1, "怀抱": 1, "拥抱": 1, "吸取": 1, "优秀": 1, "东西": 1, "美": 4, "L军": 1, "武季": 1, "联想": 4, "高下": 1, "立判": 1, "集团": 2, "副总裁": 2, "合影": 1, "发": 2, "不用": 1, "韩国人": 2, "脸色": 2, "1": 5, "消息": 5, "坏": 2, "此前": 1, "OLED": 3, "面板": 3, "产能": 1, "韩国": 1, "LG垄断": 1, "国内": 3, "企业": 3, "难免": 1, "卡住": 1, "脖子": 1, "近年来": 1, "京东方": 1, "天马": 1, "辉光电": 1, "代表": 1, "发力": 1, "国产": 2, "成功": 1, "供应链": 2, "大规模": 1, "关键": 1, "上游": 1, "依赖": 1, "进口": 1, "O华": 2, "的确": 1, "业界": 1, "最佳": 1, "L枪": 1, "玫瑰": 1, "当地": 1, "时间": 1, "2月": 1, "27日": 1, "国会山": 1, "时报": 3, "署名": 2, "称": 5, "排挤": 1, "原因": 2, "恐怕": 1, "在于": 1, "威胁": 1, "政治": 1, "干预": 1, "打压": 1, "O": 2, "马来西亚": 1, "网红": 1, "拿到": 1, "一个": 8, "媒体": 5, "机器": 1, "L小啤Derek": 1, "一年一度": 1, "巴展": 1, "落下": 1, "帷幕": 1, "分享": 1, "MWC2019": 3, "精彩": 2, "瞬间": 1, "L华": 1, "消费者": 4, "业务": 4, "轮值": 3, "董事长": 4, "郭": 2, "平愤": 2, "炮轰": 2, "背后": 2, "欺人太甚": 1, "退无可退": 1, "郭平总": 1, "英国": 1, "金融": 1, "封锁": 1, "NSA": 1, "安全局": 1, "监听": 1, "难": 1, "全文": 1, "设计": 8, "砍": 4, "掉": 4, "太": 8, "CEO": 3, "近期": 2, "接受": 2, "BusinessInsider": 2, "采访": 2, "最初": 2, "类似于": 2, "GalaxyFold": 10, "砍掉": 2, "款": 4, "机型": 2, "评价": 2, "说道": 2, "进一步": 2, "补充": 2, "解决": 2, "方案": 4, "最终": 2, "取消": 2, "三": 2, "项目": 2, "超过": 2, "运行": 2, "Android": 2, "系统": 2, "可折": 2, "智能": 3, "工作": 2, "原理": 2, "包括": 2, "内部": 3, "外部": 2, "显示": 4, "一部分": 4, "处于": 2, "起步": 2, "上市": 2, "开售": 6, "Fold": 2, "4月": 2, "26日": 2, "夏季": 2, "IT之家": 2, "老板": 2, "真机图": 1, "下方": 1, "颗": 2, "好像": 2, "采用": 1, "类似": 1, "潜望式": 2, "闪光灯": 1, "ToF": 1, "德国": 7, "禁用": 3, "盼": 2, "签": 2, "无间谍": 2, "协议": 3, "新加坡": 1, "联合": 1, "早报": 1, "部门": 3, "总理": 1, "默克尔": 1, "希望": 1, "达成": 1, "项": 1, "互不": 1, "间谍": 1, "活动": 1, "交换": 1, "电信": 1, "巨头": 1, "排除": 1, "建设": 1, "学者": 1, "政府": 1, "矛盾": 1, "心理": 1, "担忧": 1, "O外媒": 1, "行业": 1, "声音": 1, "四起": 1, "发布": 2, "MateX折": 1, "持续": 1, "刷屏": 1, "报道": 1, "日前": 2, "diss折": 1, "超出": 1, "三年": 1, "概念": 2, "(意": 1, "停留": 1, ")": 1, "一语": 1, "激起": 1, "千": 1, "层": 1, "浪": 1, "针对": 1, "公众": 1, "续航": 1, "软件": 1, "适配": 1, "社交": 1, "平台": 3, "成熟性": 1, "攻克": 1, "O网页": 1, "链接": 1, "科技": 1, "物种": 1, "竞相": 1, "亮相": 1, "智慧": 2, "终端": 2, "配件": 1, "场景": 2, "生活": 1, "AR": 1, "VR": 1, "互动": 1, "多元": 1, "布局": 1, "升级": 1, "带": 2, "回顾": 1, "展区": 2, "现场": 1, "前所未有": 1, "交互": 1, "关注": 1, "+": 1, "转评": 1, "抽奖": 1, "随机": 1, "抽": 1, "送": 1, "手环B": 1, "3": 1, "青春": 1, "版": 1, "员工": 5, "现金": 4, "红利": 4, "提高": 5, "3%": 4, "路透": 2, "价值": 1, "数十亿": 1, "美元": 1, "分析": 1, "人士": 1, "此举": 1, "有助于": 1, "士气": 1, "这笔": 1, "支出": 1, "利润": 1, "增长": 1, "公司": 2, "发展": 1, "充满": 1, "信心": 1, "O路透": 1, "西安曲": 1, "江南湖": 1, "夜景": 1, "西安": 2, "爆料": 1, "成诗": 1, "西安市": 1, "文化": 1, "旅游局": 1, "曲江": 1, "旅游": 1, "官方": 1, "微观": 1, "秦​": 1, "刚才": 1, "同学": 2, "评论": 1, "倍": 1, "光学": 1, "变焦": 1, "努力": 1, "值得": 2, "炫耀": 1, "后续": 1, "慢慢": 1, "普及": 1, "老罗": 2, "整合商": 2, "装": 5, "孙子": 1, "看完": 1, "信以为真": 1, "像是": 1, "攒机": 1, "机箱": 1, "内存": 2, "显卡": 2, "精密": 1, "同等": 1, "类比": 1, "角度": 1, "完整": 1, "故意": 1, "省略": 1, "准确": 1, "厂": 2, "等待": 1, "大厂": 1, "成熟化": 1, "成熟": 1, "真机": 1, "任正非": 4, "社会": 2, "聪明人": 2, "欣赏": 2, "指出": 1, "战时": 1, "状态": 1, "战略": 1, "方针": 1, "组织": 1, "结构": 2, "调整": 1, "面向": 1, "目标": 1, "主战": 1, "去除": 2, "多余": 1, "非主战": 2, "程序": 1, "平庸": 1, "共享": 1, "讲": 1, "故事": 1, "预算": 1, "称雄": 1, "产品线": 3, "关闭": 1, "做齐": 1, "思想": 1, "错": 1, "做优": 1, "优": 1, "引进": 1, "别人": 1, "组合": 1, "孟晚舟": 1, "演讲": 1, "选择": 1, "年轻人": 1, "L晚": 1, "安污话": 1, "公开信": 3, "知名": 1, "IT": 1, "有限公司": 1, "官网": 1, "刊登": 1, "封": 2, "高级": 1, "陈黎芳": 1, "写给": 1, "刊发": 1, "内容": 1, "……": 1, "L环球": 1, "英文": 1, "上海版": 1}