{"华为": 77, "终端": 24, "明年": 27, "全线": 20, "搭载": 20, "鸿蒙": 34, "系统": 37, "品牌": 3, "电子": 2, "产品": 14, "最多": 3, "昨日": 3, "消费者": 8, "业务": 9, "软件部": 8, "总裁": 8, "王成录": 9, "透露": 5, "手机": 21, "、": 28, "平板": 18, "电脑": 16, "海内外": 7, "同步": 7, "推进": 8, "；": 9, "开源": 5, "8月": 5, "正式": 5, "开放": 5, "​": 12, "O华": 3, "外​": 1, "任正非": 15, "：": 23, "消费类": 6, "设备": 8, "摆脱": 6, "美": 4, "技术": 6, "依赖": 6, "心声": 4, "社区": 4, "发布": 4, "创始人": 3, "接受": 3, "加拿大": 8, "媒体": 3, "环球": 4, "邮报": 4, "采访": 3, "纪要": 2, "时间": 6, "美国": 21, "未": 2, "实体": 4, "清单": 4, "影响": 9, "刚": 2, "制裁": 3, "预测": 2, "财务": 2, "数据": 2, "下滑": 2, "实际上": 2, "快": 2, "年底": 3, "增长": 2, "很": 3, "厉害": 2, "信任": 2, "危机": 2, "O": 3, "爱立信": 19, "承认": 5, "国": 6, "行贿": 8, "数千万": 5, "美元": 10, "罚": 6, "超": 2, "10亿": 1, "12月": 6, "7日": 3, "公司": 12, "17年": 4, "为此": 4, "检方": 4, "达成": 4, "和解": 4, "交付": 4, "10.605亿": 3, "人民币": 3, "74亿": 6, "元": 6, "解金": 4, "对比": 3, "近年": 3, "财报": 3, "这笔": 3, "罚金": 3, "相当于": 3, "单季": 3, "营收": 3, "五分之一": 3, "意味着": 3, "支付": 3, "罚款": 4, "四季度": 3, "现金流": 3, "试图": 3, "5G": 9, "领域": 8, "交手": 4, "业绩": 5, "LNBD": 3, "视频": 21, "@": 6, "NBD": 3, "安卓": 2, "苹果": 3, "iOS": 1, "垄断": 1, "市场": 7, "当下": 1, "支持": 4, "购买": 2, "智能": 4, "​​": 1, "微距": 2, "壁纸": 2, "造景": 1, "大法": 1, "鹿子": 2, "老师": 2, "教": 1, "拍": 3, "平民": 1, "大片": 2, "！": 11, "台": 1, "音响": 1, "制造": 1, "海浪": 1, "暴风雪": 1, "效果": 2, "拍出": 1, "媲美": 1, "好莱坞": 1, "摄影师": 1, "微缩": 1, "景观": 1, "！！": 1, "第一": 1, "尝试": 1, "居然": 1, "成功": 1, "多亏": 1, "Sound#X": 1, "想到": 1, "低音炮": 1, "震撼": 1, "音箱": 1, "平衡": 1, "👍": 1, "到底": 1, "都": 2, "卷+关": 1, "揪": 2, "小可爱": 1, "500": 1, "学": 1, "摄影": 2, "基金": 1, "评论": 1, "三": 1, "送": 1, "买": 1, "零食": 1, "奶茶": 1, "": 2, "东西L": 1, "东西": 1, "251": 1, "事件": 3, "最新": 1, "消息": 3, "今日": 1, "员工": 3, "李洪元": 6, "发": 1, "诬告": 1, "陷害": 1, "深圳市": 4, "检察院": 5, "立案": 3, "挥手": 1, "耳光": 1, "顿时": 1, "晕头转向": 1, "找": 1, "北": 1, "慌忙": 1, "删": 2, "子午": 1, "舆情": 1, "观察": 3, "整点": 1, "播【": 1, "每经": 2, "8点": 3, "丨除": 2, "深圳": 2, "特区": 1, "报": 1, "9日": 3, "O每经": 1, "丨": 1, "262": 1, "上市": 2, "全年": 1, "预喜": 1, "近期": 1, "资金": 1, "持续": 1, "涌入": 1, "经济": 2, "产业": 1, "ETF": 1, "丁俊晖": 1, "时隔": 1, "第三": 1, "捧": 1, "英锦赛": 1, "冠军": 1, "奖杯O": 1, "最终": 3, "目的": 3, "消灭": 3, "NathanVanderKlippe": 2, "驻": 1, "亚洲": 1, "记者": 1, "孟": 2, "女士": 2, "被捕": 2, "请问": 1, "2017年": 1, "调查": 2, "面临": 1, "风险": 2, "孟晚舟": 2, "政治": 1, "策划": 1, "长期": 1, "排斥": 1, "销售": 1, "收缩": 1, "高级": 2, "干部": 1, "当地": 1, "逃避": 2, "法律": 1, "高管": 1, "工作": 1, "早": 1, "当成": 1, "一个": 6, "小国": 1, "授权": 2, "代表处": 1, "决策": 1, "销售额": 1, "太": 2, "起头": 1, "加紧": 1, "内部": 1, "结构性": 1, "调整": 1, "做好": 1, "开发": 1, "体系": 1, "环境": 1, "生存": 1, "才能": 1, "解决": 1, "方案": 1, "称": 4, "王": 1, "成录": 1, "优先": 1, "选用": 1, "实在": 1, "才": 1, "采用": 1, "O除": 1, "预计": 2, "上次": 1, "预告": 1, "武汉": 1, "收到": 2, "好多": 1, "留言": 1, "推荐": 2, "过早": 1, "赵": 1, "师傅": 1, "下午": 1, "参加": 1, "nova6": 1, "发布会": 1, "nova6vlog": 1, "神器": 1, "记录": 1, "美好": 1, "瞬间": 1, "想": 3, "爷爷": 3, "油饼": 3, "包": 3, "烧麦": 3, "好好": 3, "吃": 3, "L绵羊": 1, "料理": 1, "leedeson": 1, "吹": 1, "晚上": 1, "牛逼": 1, "删帖": 1, "干": 2, "戏": 1, "精": 1, "听": 1, "全国": 4, "人民": 3, "起诉": 1, "Y咋尿遁": 1, "猴": 1, "耍": 1, "律师": 1, "包括": 3, "陈有西": 1, "屁": 1, "8日": 1, "联接": 2, "很快": 1, "未来": 3, "助力": 1, "汽车": 2, "超级": 2, "特区报": 1, "三星": 2, "旗舰": 2, "外观": 2, "设计": 2, "对手": 4, "每日": 2, "新闻": 1, "报道": 2, "后者": 1, "值得一提的是": 1, "早料": 1, "到会": 1, "高额": 1, "罚单": 1, "提前": 1, "12.3亿": 1, "应对": 1, "美方": 1, "财经L": 1, "财经": 2, "北美": 2, "地区": 2, "研发": 3, "中心": 4, "轻易": 1, "放弃": 3, "国家": 3, "件": 1, "……": 3, "世界": 1, "立足之地": 1, "明年底": 3, "力争": 3, "第五": 4, "操作": 8, "早前": 1, "公共": 1, "事务": 1, "副总裁": 1, "JoyTan": 1, "援引": 1, "调研": 2, "报告": 2, "超过": 1, "Linux": 3, "数字": 1, "第5": 1, "发博": 1, "补充": 1, "回复": 1, "内容": 1, "不实": 1, "原博": 1, "认证": 1, "发文": 1, "中级": 1, "删除": 1, "树欲静而风不止": 1, "钱": 2, "走人": 1, "也许": 1, "挑起": 1, "神经": 1, "配合": 1, "势力": 1, "难": 1, "下场": 1, "走": 2, "瞅": 1, "表演": 1, "暴露": 1, "真面目": 1, "。。": 1, "O行贿": 1, "74亿LNBD": 1, "忍": 1, "五": 1, "小米": 1, "红米": 1, "死磕": 1, "荣耀": 1, "雷军": 1, "安排": 1, "生死": 1, "看淡": 1, "不服": 1, "L杨": 1, "梦想": 1, "头条": 1, "文章": 1, "王者": 2, "归来": 3, "必读": 1, "赚钱": 3, "季": 1, "周一": 1, "/": 5, "科技": 1, "穿戴": 1, "+": 3, "股权": 1, "游戏": 1, "影视": 1, "区块链": 1, "能源": 1, "分化": 1, "科创": 1, "基建": 1, "周期": 1, "板块": 3, "企稳": 1, "反弹": 1, "主板": 1, "放量": 1, "上涨": 1, "预设": 1, "明日": 3, "回踩": 1, "盘整": 1, "成交量": 1, "放大": 1, "强势": 4, "股": 3, "接力": 3, "亏": 1, "效应": 3, "减缓": 1, "万通": 1, "智控": 1, "南宁": 1, "百货": 1, "漫步者": 1, "情绪": 1, "标杆": 1, "空间板": 1, "高度": 1, "4板": 1, "首板": 2, "数量": 1, "减少": 1, "大概率": 1, "下降": 1, "邮储": 1, "银行": 1, "难度": 1, "规避": 1, "三板": 1, "偏好": 1, "同学": 1, "选择": 1, "包板": 1, "1": 1, "3": 1, "涨停板": 1, "套利": 1, "优": 1, "策略": 1, "低": 2, "吸": 1, "主线": 1, "人气股": 1, "超跌": 1, "创": 1, "轮动": 1, "补涨": 1, "吸富": 1, "一生": 1, "科创板": 1, "再次": 1, "涨": 1, "停标": 1, "华兴": 1, "源创": 1, "关注": 1, "连续": 1, "行情": 1, "耐心": 1, "恢复": 1, "O王者": 1, "暂缓": 2, "登陆": 2, "PC": 2, "确认": 1, "日前": 1, "机构": 1, "Counterpoint": 1, "Research": 1, "自主": 1, "2020年": 2, "全球": 4, "2%": 1, "份额": 3, "超越": 1, "千玺": 3, "nova星": 1, "易烊": 4, "2019": 1, "玊尔": 1, "演唱会": 1, "沈阳": 6, "线下": 3, "活动": 2, "Nova": 2, "6": 1, "来袭": 1, "紧随": 1, "后主": 1, "推机型": 1, "Nova6": 1, "现场": 1, "邀请": 1, "纸鸟": 1, "姐姐": 1, "大学生": 1, "年轻": 1, "群体": 1, "流程": 1, "艺术": 1, "涂鸦": 1, "人像": 1, "分享": 1, "主题": 1, "学堂": 1, "环节": 1, "12.14号": 1, "地点": 1, "万象": 1, "汇华": 1, "体验店": 1, "铁西": 1, "建设": 2, "东路": 1, "158": 1, "号": 1, "现场会": 1, "诸多": 1, "礼物": 1, "发放": 1, "限于": 1, "抱枕": 1, "海报": 1, "期待": 1, "到来": 1, "风里雨": 1, "万象汇": 1, "💕": 1, "TFBOYS": 2, "千玺K": 1, "冷静": 1, "热情": 1, "之间": 1, "千": 1, "玺": 1, "美鹤": 1, "加群": 1, "报名": 1, "👉": 1, "12.14": 1, "活动群": 1, "机会": 1, "喜欢": 1, "极光": 1, "记得": 2, "带上": 1, "Mate30": 1, "Pro": 1, "L华": 1, "官方": 1, "2％": 1, "排名": 1, "Android": 1, "39%": 1, "Windows35%": 1, "iOS13.87%": 1, "macOS": 1, "5.92%": 1, "0.77%": 1, "L五环": 1, "短": 1, "金": 1, "博士": 1, "点评": 1, "王石": 1, "评价": 1, "＂": 1, "狡猾": 2, "老谋深算": 2, "老任": 2, "中国": 1, "微不足道": 1, "变形": 1, "民营": 1, "老大": 1, "叱咤风云": 1, "如鱼得水": 1, "万众": 1, "欢腾": 1, "风头": 1, "盖": 1, "名流": 1, "权贵": 1, "子孙辈": 1, "大都": 1, "远远": 1, "历害": 1, "过人": 1, "地方": 1, "双马": 1, "望尘莫及": 1, "人才": 1, "L机": 2, "智猫": 2, "网友": 1, "来稿": 1, "选登": 1, "河童": 1, "见面": 1, "德国": 3, "外长": 1, "HeikoMaas": 1, "星期刚": 1, "参与": 1, "发表": 1, "反对": 1, "谈话": 1, "这两天": 1, "扒": 1, "党": 1, "SPD": 1, "社民党": 1, "党代表": 1, "大会": 1, "赞助商": 1, "。。。": 1}