{"昨天": 1, "带": 1, "手机": 21, "华为": 61, "拍下": 1, "领导人": 1, "乘车": 1, "天安门": 2, "阅兵": 3, "照片": 3, "挺": 1, "清晰": 1, "战机": 1, "编队": 1, "飞过": 1, "很": 11, "震撼": 1, "庆典": 1, "结束": 1, "离场": 1, "祖国": 3, "心❤": 1, "️​": 1, "​​": 1, "北京": 2, "·": 1, "广场": 1, "​": 19, "Mate30": 16, "手动": 13, "安装": 22, "谷歌": 16, "彭博": 1, "此前": 4, "途径": 4, "产品": 4, "服务": 4, "用户": 3, "下载": 5, "研究院": 2, "JohnWu": 2, "周二": 4, "发布": 3, "文章": 8, "详细": 2, "解释": 2, "方式": 4, "篇": 2, "一经": 2, "发表": 6, "失效": 4, "O华": 1, "mateX": 1, "正式": 1, "上市": 2, "博主": 2, "上手": 2, "深度": 1, "一个": 3, "实话": 1, "羡慕": 1, "用上": 1, "四": 1, "摄": 1, "机身": 1, "挺薄": 1, "希望": 1, "尽快": 1, "体验": 3, "拍出": 1, "风景": 1, "星河不语": 1, "岁月": 1, "无声": 1, "Pro4K": 1, "延时": 1, "摄影": 2, "重构": 1, "想象": 1, "L华": 2, "终端": 1, "官方": 1, "视频": 9, "彩​": 1, "岩": 1, "科技": 1, "评测": 1, "Mate30Pro": 5, "全线": 1, "崩坏": 1, "屏幕": 1, "亮度": 1, "490": 1, "防抖": 2, "抖成": 1, "狗": 1, "P30P": 2, "吊打": 1, "性能": 1, "五五": 1, "游戏": 2, "帧数": 1, "、": 8, "抖动率": 1, "发热": 1, "都": 27, "P30Pro": 1, "情况": 1, "穿": 1, "红裙": 2, "戴": 1, "国旗": 2, "襟章": 2, "出庭": 2, "孟晚舟": 7, "：": 7, "祝": 2, "母亲": 2, "生日": 2, "快乐": 2, "副董事长": 1, "申请": 1, "终止": 1, "引渡": 1, "聆讯": 1, "(": 1, "1日": 2, ")": 1, "控方": 1, "陈词": 1, "身穿": 1, "佩戴": 1, "离家": 1, "前往": 1, "法庭": 1, "温哥华": 2, "寓所": 1, "传媒": 1, "O网页": 2, "链接": 2, "支付宝": 1, "傻眼": 1, "！": 7, "彭博社": 7, "原理": 4, "研究": 2, "人员": 4, "阐明": 2, "10月": 3, "2日": 2, "报道": 4, "款": 3, "亮相": 2, "媒体": 3, "测试": 2, "找到": 2, "方法": 4, "称": 3, "名": 2, "研究者": 2, "阐述": 2, "L老板": 2, "联播": 2, "魅族": 1, "排面": 1, "据说": 1, "这是": 2, "员工": 2, "打卡": 1, "记录": 1, "太": 1, "凶残": 1, "央视": 2, "新闻": 2, "直播间": 3, "播出": 2, "段": 3, "节目": 1, "航拍": 1, "镜头": 2, "拍": 1, "拍摄": 5, "地点": 2, "黄河": 2, "三峡": 2, "随后": 1, "上传": 1, "最牛": 2, "摄像机": 2, "日本": 4, "高官": 1, "猛夸": 2, "中国": 2, "店员": 1, "推荐": 1, "真香": 1, "定律": 1, "再次": 1, "生效": 1, "香飘": 1, "各界": 1, "庆祝": 2, "中华": 1, "人民": 1, "共和国": 1, "成立": 1, "70": 1, "周年": 1, "大会": 1, "厚生": 1, "劳动": 1, "大臣": 1, "东京都": 1, "知事": 1, "手上": 1, "型号": 1, "难道": 1, "P30": 2, "系列": 4, "L": 1, "人才": 1, "76116": 1, "6G": 7, "路上": 2, "到底": 2, "6": 3, "5G": 2, "开发": 2, "并行": 1, "规模化": 1, "远": 1, "估计": 1, "10年": 1, "南京": 1, "航空": 1, "航天": 1, "大学": 1, "电子": 3, "信息": 1, "工程": 1, "学院": 1, "常务": 1, "副院长": 1, "吴启晖": 1, "网速": 1, "快": 2, "100倍": 1, "秒": 2, "1TB": 1, "意味着": 3, "1": 1, "内": 1, "电影": 1, "感觉": 2, "时延": 1, "O华为": 1, "盼": 1, "厂商": 2, "更新": 3, "系统": 3, "苹果": 4, "这两天": 1, "天天": 4, "有点儿": 1, "夸张": 1, "连着": 1, "仨": 1, "固件": 2, "fix": 1, "堆": 1, "bug​": 1, "旗舰": 1, "不用": 1, "买": 1, "第一": 1, "厂商们": 1, "适配": 1, "天一": 1, "本来": 1, "想": 3, "躺床": 1, "玩会": 1, "和平": 1, "精英": 1, "台": 2, "机器": 1, "支持": 1, "画质": 1, "高帧率": 1, "算了": 1, "玩": 1, "一会儿": 1, "10点": 1, "转播": 1, "微软": 1, "surface": 1, "新品": 1, "发布会": 2, "长": 3, "曝光": 2, "国产": 1, "花样": 1, "繁多": 1, "条": 3, "iPhone11": 2, "安卓": 1, "流水": 1, "简单": 1, "操作": 1, "L钟文泽": 1, "库克": 1, "谈": 1, "降价": 2, "#信": 1, "老头": 1, "鬼话": 1, "呵呵": 1, "呵​": 1, "无人机": 1, "领导者": 1, "大疆": 2, "创新": 1, "合作": 2, "颠覆": 1, "传统": 1, "自拍": 2, "摄像": 2, "自拍杆": 1, "灵眸": 1, "云台3": 1, "大幅度": 1, "提升": 1, "强大": 1, "分布式": 1, "技术": 1, "汽车": 1, "硬件": 1, "资源": 1, "能力": 1, "快速": 1, "融合": 2, "打造": 2, "跨": 1, "设备": 3, "无缝": 1, "流转": 1, "HiCar": 1, "智慧": 1, "车载": 1, "一路": 2, "同行": 1, "~": 1, "脑袋瓜": 1, "记性": 1, "记得": 2, "坏人": 1, "好好": 1, "工作": 2, "建设": 1, "社会主义": 1, "米": 1, "包": 1, "最多": 1, "努力": 2, "多年": 1, "算": 1, "违法": 1, "犯罪": 1, "克星": 1, "挣钱": 1, "交税": 1, "没落": 2, "抹黑": 1, "国家": 1, "从不": 1, "喷": 1, "坏蛋": 1, "眼里": 1, "警棍": 1, "败类": 1, "爱国贼": 1, "深圳": 2, "女子": 1, "闯进": 1, "体验店": 1, "二话没说": 1, "平板": 1, "全都": 1, "砸": 1, "行动君": 1, "日常": 4, "77": 1, "书": 2, "阅读": 1, "家里": 1, "看完": 1, "创业": 6, "传记": 2, "爱彼": 1, "迎传": 1, "华为传": 1, "欣赏": 1, "企业": 15, "成长": 1, "想到": 2, "竟然": 2, "困难": 6, "变化": 4, "从未": 1, "停息": 1, "每次": 1, "领先": 1, "光环": 1, "荣誉": 1, "好像": 1, "轻松": 1, "到达": 1, "顶峰": 1, "惯性": 1, "市场": 5, "很多": 2, "倒闭": 1, "利好": 1, "商业": 1, "资讯": 1, "忽视": 1, "小部分": 1, "这家": 1, "公司": 8, "发展": 7, "很快": 1, "福利": 1, "幸福": 1, "办公": 1, "环境": 1, "优质": 1, "所在": 1, "面临": 6, "总会": 1, "向往": 3, "看似": 1, "安稳": 2, "机构": 1, "黄粱一梦": 1, "一家": 3, "都会": 1, "常态": 1, "尤其是": 1, "瞬息万变": 1, "世界": 3, "耳熟能详": 1, "名字": 1, "早就": 1, "一个个": 1, "消失": 1, "摩托罗拉": 1, "诺基亚": 1, "IBM": 1, "乐视": 1, "皇太吉": 1, "酷6": 1, "百度": 1, "国内": 3, "近似": 1, "LongDuan": 1, "往日": 1, "好日子": 1, "美誉度": 1, "一塌糊涂": 1, "亏损": 1, "人人": 1, "网上": 1, "搜索": 1, "成功": 2, "率": 1, "低": 1, "失败率": 1, "95%": 1, "这不": 1, "个例": 1, "路": 3, "无数": 3, "告别": 1, "各种各样": 1, "处境": 2, "难": 1, "爱": 1, "彼迎": 1, "初期": 1, "生死未卜": 1, "投资": 1, "创始人": 1, "饱腹": 1, "好不容易": 1, "壮大": 2, "客户们": 1, "不可控": 1, "各国": 1, "政府": 1, "干涉": 1, "从来": 1, "消停": 1, "；": 1, "苦": 3, "苦难史": 1, "想要": 2, "海外": 4, "一点": 1, "靠山": 1, "信任": 1, "俄罗斯": 1, "六": 1, "突破": 2, "非洲": 1, "还要": 2, "面对": 3, "战乱": 1, "拓展": 1, "中东": 1, "牺牲": 1, "利益": 1, "征战": 1, "欧洲": 1, "泼": 1, "泼冷水": 1, "进军": 1, "美国": 5, "饱受": 1, "打击": 1, "ZF": 1, "阻断": 1, "国": 1, "力量": 1, "阻碍": 1, "充满": 1, "无奈": 1, "痛苦": 2, "认可": 1, "内部": 1, "一次次": 1, "改革": 1, "记者": 1, "任正非": 3, "弱点": 1, "真诚": 1, "三年": 2, "垮": 1, "钱": 1, "派": 2, "买房": 1, "陪": 1, "小孩": 1, "地方": 1, "呆": 1, "如日中天": 1, "快垮": 1, "可想而知": 1, "背后": 1, "危机感": 1, "压力": 6, "减少": 1, "考验": 1, "这几年": 1, "半年": 1, "时间": 2, "抑郁症": 1, "重重": 1, "时常": 2, "夜里": 1, "哭": 1, "度过": 1, "难关": 1, "带领": 1, "时期": 1, "迭代": 1, "心理": 1, "状态": 1, "越来越": 1, "如今": 1, "强力": 1, "出击": 1, "女儿": 1, "内忧": 1, "管理": 1, "外忧": 1, "强国": 1, "大敌": 1, "看起来": 1, "足以": 1, "灭顶": 1, "坚韧不拔": 1, "从容": 1, "或许": 1, "走": 1, "选择": 2, "放弃": 1, "后者": 2, "迎难而上": 1, "生活": 1, "天都": 2, "如履薄冰": 1, "战战兢兢": 1, "喜悦": 1, "永远": 1, "一瞬间": 1, "依然": 1, "财富": 1, "机会": 1, "拥有": 2, "自由": 1, "造梦": 1, "创业者": 2, "造梦人": 1, "创造": 2, "奇迹": 1, "改变": 1, "社会": 1, "推动": 1, "美好": 1, "一生": 1, "意识": 1, "感受": 1, "平凡": 1, "之中": 1, "惊喜": 1, "提醒": 1, "眼前": 1, "看待": 1, "瞬间": 1, "经历": 1, "渺小": 1, "未来": 1, "💪立": 1, "梦想": 1, "清单": 1, "参观": 1, "学习": 1, "爱彼迎": 1, "留言": 1, "抽": 1, "送给": 1, "求职季": 1, "@": 1, "职场": 1, "麒麟": 5, "1000": 4, "抢占": 1, "5nm": 2, "工艺": 3, "研发": 1, "Mate40": 1, "处理器": 1, "冠以": 1, "称号": 1, "基于": 1, "台积电": 1, "5": 1, "nm": 1, "制程": 2, "7nmFinFETPlusEUV": 1, "9905": 1, "G集": 1, "高达": 1, "103亿": 1, "晶体管": 2, "平方毫米": 1, "多达": 1, "1.713亿": 1, "腾讯": 1, "财经": 1, "摄影级": 1, "初次": 1, "山水": 1, "毫无": 1, "广角": 1, "表现": 1, "优秀": 1, "出自": 1, "手": 1, "L长": 1, "安数码君": 1, "网友": 1, "点评": 1, "VS": 1, "阿里": 1, "认同": 1, "?​": 1, "Play": 1, "后续": 1, "Google": 4, "过程": 1, "运行": 1, "流行": 1, "程序": 1, "GoogleMaps": 1, "Gmail": 1, "非正式": 1, "加拿大": 4, "边境": 3, "事务局": 3, "误": 2, "密码": 3, "交与": 2, "警方": 2, "侵犯": 2, "宪法": 2, "权利": 2, "首席": 1, "财政官": 1, "当地": 1, "再度": 1, "不列颠哥伦比亚": 1, "高等": 1, "法院": 1, "辩护": 1, "团队": 1, "指": 1, "CanadaBorderServicesAgency": 1, "职员": 1, "电脑": 1, "交给": 1, "皇家": 1, "骑警": 1, "联邦": 1, "调查局": 1, "秘密": 1, "刑事": 1, "调查": 1, "O": 1, "只好": 1, "拱手": 1, "送人": 1, "上海": 1, "提到": 1, "米国": 1, "Z裁": 1, "全年": 1, "出货量": 1, "三亿": 1, "内容": 1, "下滑": 1, "运营": 1, "商会": 1, "采购": 1, "势必": 1, "重心": 1, "转移": 1, "接下来": 1, "全力": 1, "挤占": 1, "品牌": 1, "份额": 2, "截止": 1, "接近": 1, "40%": 1, "旅游": 1, "发现": 1, "出镜率": 1, "50%": 1, "梦": 1}