{"汇丰": 12, "银行": 4, "才": 1, "孟晚舟": 1, "案": 2, "真凶": 1, "如今": 2, "市值": 4, "下跌": 2, "、": 21, "裁员": 4, "CEO": 6, "开溜": 4, "古代": 1, "行军": 1, "打仗": 1, "都": 4, "讲究": 1, "一个": 9, "师出有名": 1, "正义": 2, "才能": 1, "胜利": 1, "一点": 1, "华为": 93, "美国": 18, "身上": 1, "体现": 1, "淋漓尽致": 1, "特朗普": 3, "全国": 1, "挑战": 1, "封锁": 1, "击败": 1, "必胜": 1, "真理": 1, "输掉": 1, "科技战": 1, "众多": 3, "美企": 3, "暴跌": 2, "伟创力": 23, "关停": 1, "百亿": 1, "大厂": 1, "一家": 1, "关键": 1, "时刻": 1, "捅刀": 1, "巨头": 2, "出事": 1, "这家": 2, "系列": 5, "不当": 1, "司法部": 4, "盯上": 1, "逃脱": 1, "调查": 2, "惩罚": 2, "竟": 1, "同意": 1, "协助": 2, "公司": 7, "案件": 1, "最终": 2, "导致": 3, "高管": 2, "被捕": 1, "此事": 1, "缄口不语": 1, "至今": 1, "给出": 1, "解释": 1, "躲过": 1, "依旧": 1, "全球": 4, "风暴": 1, "保全": 1, "8月": 16, "5日": 5, "范宁": 2, "卸任": 1, "跟随": 1, "引来": 1, "猜测": 2, "包括": 2, "内部": 2, "斗争": 1, "不满": 1, "战略": 1, "违法": 1, "活动": 1, "涉嫌": 1, "山雨欲来风满楼": 1, "一再": 1, "无关": 1, "赚": 1, "钱": 1, "接踵而至": 1, "简单": 2, "裁掉": 1, "4000": 1, "名": 4, "高级": 1, "职位": 1, "员工": 1, "鲜明": 1, "对比": 1, "扩充": 1, "生产线": 1, "还要": 1, "招进": 1, "少年": 1, "天才": 1, "证明": 1, "打压": 1, "受挫": 1, "越战越勇": 1, "跃": 1, "第一": 4, "通讯": 2, "供应商": 1, "！": 9, "过度": 3, "响应": 4, "禁令": 5, "祭出": 1, "数亿": 13, "索赔": 8, "律师函": 4, "5月": 5, "美方": 3, "针对": 1, "出台": 1, "随后": 1, "时间": 1, "中国": 18, "无视": 1, "法律": 1, "拒绝": 2, "归还": 2, "珠海": 1, "工厂": 1, "价值": 4, "4亿": 2, "元": 18, "人民币": 5, "生产": 1, "设备": 9, "原材料": 1, "半成品": 1, "发言人": 2, "6日": 2, "份": 2, "声明": 3, "置评": 3, "O过度": 1, "扣押": 5, "物资": 12, "分享": 1, "兩個": 1, "月亮": 1, "🌜分": 1, "別來": 1, "自🍎": 1, "……": 6, "​": 12, "突破": 2, "海外": 3, "市场": 7, "困局": 3, "：": 10, "日本": 11, "运营商": 11, "恢复": 7, "发售": 15, "P30": 12, "手机": 21, "7日": 3, "此前": 9, "三大": 2, "计划": 4, "2019年": 3, "Lite": 6, "发布": 5, "称": 4, "暂停": 4, "原因": 3, "政府": 5, "Google": 2, "程序": 4, "O华": 5, "破": 1, "L": 3, "新京报": 2, "视频": 14, "秒拍": 7, "鸿蒙": 4, "系统": 6, "9日": 7, "问世": 4, "报道": 3, "预计": 2, "广东": 1, "东莞": 2, "开发者": 8, "大会": 7, "自研": 1, "操作": 2, "近期": 2, "投放": 1, "LNBD": 1, "@": 6, "NBD": 1, "亿": 2, "赔偿": 11, "损失": 6, "巨额": 1, "近日": 2, "扣留": 4, "7月": 1, "8日": 1, "媒体": 2, "援引": 1, "人士": 3, "消息": 1, "拖欠": 1, "应付": 1, "账款": 1, "剔出": 1, "供应链": 1, "体系": 1, "Q1": 1, "财报": 1, "显示": 3, "一季度": 1, "净利": 1, "同比": 1, "下降": 1, "六成": 1, "五环短": 1, "L五环": 1, "短": 1, "确认": 4, "安全性": 4, "谷歌": 6, "软件": 6, "朝日": 2, "新闻": 2, "KDDI": 6, "软银": 4, "担心": 2, "担": 2, "制裁": 3, "更新": 2, "老板": 4, "联播L": 1, "联播": 3, "外国": 1, "曝料": 1, "合同": 1, "制造": 1, "商伟": 1, "创力": 2, "寻求": 2, "列入": 2, "实体": 1, "清单": 1, "非法": 2, "郭福林": 1, "金额": 3, "知情": 2, "周一": 1, "发": 2, "涉及": 1, "收入": 2, "误工": 1, "材料": 2, "浪费": 2, "更换": 2, "本财年": 1, "季度": 1, "净利润": 1, "4487.2万": 1, "美元": 2, "换算": 1, "3.2亿": 1, "属实": 1, "数目": 1, "观察者": 1, "网": 1, "O伟": 1, "美": 3, "缺": 1, "美工": 1, "自荐": 1, "找": 1, "网图": 1, "调整": 2, "5": 1, "min内": 1, "稍微": 1, "字": 2, "1官": 1, "宣图": 1, "99％": 1, "接近": 1, "怂": 1, "p1": 1, "删": 2, "真的": 2, "等到": 1, "cbs": 1, "来源": 1, "正式": 3, "路透社": 1, "代工厂": 1, "交易": 1, "实体名单": 1, "发函": 1, "O网页": 1, "链接": 1, "商品": 1, "加征": 1, "关税": 1, "判定": 1, "汇率": 3, "操纵": 1, "国": 1, "断供": 2, "台": 1, "军售": 1, "鼓动": 1, "港独": 1, "这一切": 1, "搞垮": 1, "苏联": 6, "套路": 1, "对付": 3, "草台": 1, "班子": 1, "全然": 1, "当今": 1, "不可同日而语": 1, "经济": 8, "体量": 2, "GDP": 4, "坐": 1, "1": 1, "卢布": 1, "折合": 1, "1.7": 1, "官方": 4, "计算": 4, "实际上": 1, "实力": 1, "远": 1, "表面": 1, "看上去": 1, "强大": 1, "超过": 4, "60%": 1, "老二": 1, "关口": 1, "购买力": 1, "平价": 1, "25%": 1, "当年": 1, "结构": 2, "失调": 1, "甲类": 1, "工业": 4, "占": 3, "投资": 1, "85%": 1, "乙类": 1, "发展": 2, "缓慢": 1, "农业": 1, "处于": 1, "萎缩": 1, "状态": 1, "相比之下": 1, "世界": 2, "唯一": 2, "门类": 1, "齐全": 1, "国家": 1, "韧性": 1, "很": 1, "难": 1, "方式": 1, "击垮": 1, "国内": 3, "2018年": 1, "消费": 1, "规模": 1, "95.36%": 1, "增长": 4, "速度": 3, "2020年": 1, "超越": 1, "引领": 1, "未来": 2, "科技": 1, "革命": 1, "领域": 1, "5G": 5, "量子": 2, "通信": 1, "超算": 1, "电子": 1, "商务": 1, "人工": 1, "智能": 3, "高铁": 1, "大有": 1, "后来居上": 1, "势": 1, "想": 2, "手段": 1, "打错": 1, "算盘": 1, "制造业": 1, "比重": 2, "低": 1, "百分之十几": 1, "债务": 1, "负担": 1, "过重": 1, "国债": 1, "110%": 1, "上一代": 1, "互联网": 1, "技术": 3, "优势": 1, "时代": 1, "丧失": 1, "背景": 1, "贸然": 1, "前所未有": 1, "对手": 1, "鱼死网破": 1, "豪赌": 1, "胜算": 1, "网友": 1, "保时捷": 1, "MateRS": 1, "电池": 1, "今晚": 1, "拍下": 1, "夜色": 1, "nova5": 1, "Mate30Pro": 1, "地铁": 1, "曝光": 1, "刘海": 1, "+": 1, "曲面": 1, "屏实": 1, "锤​": 1, "印度": 2, "屈服": 1, "压力": 1, "排除": 1, "华": 1, "业务": 1, "实施": 1, "反向": 1, "EMUI": 7, "10": 5, "即将": 3, "登场": 3, "打破": 4, "终端": 7, "边界": 4, "晚间": 1, "预告": 1, "11日": 3, "届时": 1, "全新": 3, "亮相": 1, "基础": 1, "娱乐": 1, "社交": 1, "助手": 1, "见证": 2, "生活": 2, "形态": 1, "多样化": 1, "用户": 1, "享受": 1, "最佳": 1, "跨终端": 1, "体验": 3, "解决": 1, "无缝": 1, "自由": 2, "流转": 2, "消费者": 2, "BG": 1, "总裁": 1, "王成录": 1, "透露": 1, "揭秘": 1, "这项": 1, "神秘": 1, "菜嫂": 2, "早期": 1, "女": 5, "海龟": 1, "陪": 1, "同学": 3, "大中华区": 1, "苦大仇深": 1, "剩女": 1, "家庭": 1, "幸福": 1, "美满": 1, "奶奶": 1, "女码": 1, "农": 1, "略": 1, "姿色": 1, "女人": 2, "奇葩": 1, "见到": 1, "死": 1, "条": 1, "海底针": 1, "苹果": 4, "转向": 2, "尤其是": 1, "买": 1, "爸妈": 1, "拍照": 1, "不错": 1, "原本": 1, "备用机": 1, "主力": 1, "王康": 2, "至少": 1, "差距": 1, "感觉": 1, "之间": 1, "距离": 1, "这两年": 1, "想法": 1, "青年人": 1, "越来越": 2, "7月底": 1, "第三方": 2, "机构": 2, "QuestMobile": 1, "报告": 1, "8亿月": 1, "活跃": 1, "检测": 1, "数据": 1, "时期": 1, "价格": 1, "段": 1, "机型": 2, "案例": 1, "换成": 1, "比例": 1, "均": 1, "27%": 1, "调研": 1, "Canalys": 1, "38.2%": 1, "份额": 1, "位于": 1, "去年": 1, "同期": 1, "相比": 1, "31%": 1, "品牌": 1, "O": 2, "公布": 1, "款": 4, "海报": 1, "文案": 1, "提到": 1, "稳定": 1, "期待": 1, "~​": 1, "7亿": 3, "扣长": 2, "一月": 2, "本周一": 1, "Flex": 1, "无故": 1, "物料": 1, "私自": 1, "长": 1, "期间": 1, "所有权": 1, "提出": 1, "多种": 1, "带来": 1, "汇聚": 1, "5000": 1, "展示": 1, "最新": 1, "黑科技": 1, "成就": 1, "开发": 1, "大神": 1, "亲密": 1, "切磋": 1, "通关": 1, "秘技": 1, "零距离": 1, "感受": 1, "码农": 2, "神器": 2, "届": 1, "实在": 1, "炫酷无比": 1, "向往": 1, "HDC2019": 2, "松山湖": 1, "小哥哥": 1, "姐姐": 1, "嗨皮": 1, "七夕": 1, "赶快": 1, "2019": 1, "开幕": 1, "方舟": 4, "编译器": 4, "安卓": 1, "提高": 1, "运行": 1, "提升": 1, "流畅度": 1, "所需": 1, "开销": 1, "年轻": 1, "名不经传": 1, "产品": 2, "艰辛": 1, "不易": 1, "篇": 1, "长文": 1, "探究": 1, "来龙去脉": 1, "前世今生": 1, "新贵": 1, "荣光": 1, "使命​": 1, "天猫": 3, "4G": 3, "集体": 2, "降价": 1, "开启": 1, "清仓": 1, "甩卖": 1, "模式": 1, "P30Pro": 1, "售价": 2, "下调": 4, "500": 1, "小米": 1, "9": 1, "vivox27": 1, "热门": 1, "紧跟": 1, "步伐": 1, "100": 1, "400": 1, "不等": 1, "OPPO": 1, "FindX": 1, "1000": 1, "统计": 1, "平台": 1, "30余": 1, "清晨": 1, "手机控": 1, "唤醒": 1, "梦想": 1, "铃声": 1, "畅联": 1, "万物": 1, "日益": 1, "需求": 1, "来到": 1, "一同": 1, "探寻": 1, "智慧": 1, "L华": 2, "刚刚": 1, "鲲鹏": 4, "生态": 3, "基地": 3, "落户": 2, "成都": 3, "关注": 1, "签订": 1, "项目": 1, "合作": 1, "协议": 1, "标志": 1, "天府": 2, "实验室": 1, "新区": 1, "省委": 1, "常委": 1, "市委": 2, "书记": 1, "锐平": 1, "会见": 1, "轮值": 1, "董事长": 1, "郭平": 2, "一行": 1, "副书记": 1, "市长": 1, "罗强": 1, "出席": 1, "签约": 1, "夜": 1, "城🌆": 1, "摄影": 1, "JACKZHANG0707": 1, "盛夏": 1, "光影": 1, "八月": 1, "你好": 1, "": 1, "摄影​": 1, "帅": 1, "机长": 1, "乘风破浪": 1, "太": 1, "酷": 1, "美的": 1, "风景": 1, "一束束": 1, "光线": 1, "穿破": 1, "丛丛": 1, "乌云": 1, "点亮": 1, "阴沉": 1, "海面": 1, "仿佛": 1, "冲破": 1, "艰难险阻": 1, "坚韧": 1, "力量": 1, "宋": 1, "寅用": 1, "记录": 1, "心里话": 1, "影像": 2, "超": 1, "好看": 1, "贸易战": 1, "韩": 1, "僵硬": 1, "感": 1, "兴趣": 1, "建议": 1, "阅读": 1, "『": 1, "君临": 1, "』": 1, "跨": 1, "世纪": 1, "复仇": 1, "战​": 1}