{"冻skr人": 1, "！": 18, "节气": 2, "家味": 2, "爸妈": 3, "提醒": 2, "穿": 4, "秋裤": 4, "降温": 2, "夜间": 1, "华北": 1, "大部": 1, "迎秋雨": 1, "江南": 1, "中部": 1, "以北": 1, "气温": 1, "下降": 1, "4-8": 1, "℃": 1, "冷冷": 1, "冰雨": 1, "脸上": 1, "胡乱": 1, "拍": 3, "美丽": 1, "冻人": 1, "乖乖": 1, "听": 1, "妈妈": 1, "穿上": 1, "带": 3, "写": 1, "趣事": 1, "机会": 2, "赢": 1, "华为": 63, "Mate30": 2, "@": 3, "碧桂园": 1, "投票": 1, "：": 19, "美": 1, "贸易": 1, "谈判": 1, "最新": 1, "消息": 6, "1.": 1, "协议": 1, "阶段性": 1, "达成": 1, ".": 2, "10月": 12, "15": 1, "终止": 1, "提高": 1, "关税": 1, "3": 1, "中国": 8, "采购": 1, "农副产品": 1, "4.": 1, "恢复": 1, "供货": 1, "5.": 1, "11月": 1, "apec": 1, "会议": 1, "签": 1, "文件": 1, "6": 1, "美国": 1, "代表团": 1, "来京": 1, "谈": 3, "7": 4, "慢慢": 1, "谈好": 1, "​": 17, "首款": 9, "鸿蒙": 32, "系统": 29, "手机": 42, "17日": 11, "动作": 2, "发": 5, "搭载": 14, "系列": 1, "再度": 1, "预告": 1, "推出": 12, "款": 6, "创新": 5, "全面屏": 6, "情况": 1, "采用": 1, "屏下": 3, "隐藏式": 4, "前置": 6, "摄像头": 7, "设计": 3, "O华": 4, "网游": 1, "改编": 1, "电影": 2, "征途": 2, "上海": 1, "举办": 1, "发布会": 1, "刘宪华": 1, "饰演": 1, "角色": 1, "宝藏": 1, "男孩": 1, "很": 6, "善良": 1, "、": 4, "努力": 1, "透露": 2, "奉献": 1, "很多": 2, "第一": 3, "戴头套": 1, "古装": 1, "古时候": 1, "对白": 1, "挑战": 1, "不说": 1, "八": 1, "块": 1, "腹肌": 1, "L新浪": 1, "视频": 7, "安卓": 1, "苹果": 1, "iOS": 1, "垄断": 1, "市场": 3, "当下": 1, "支持": 5, "购买": 2, "荣耀": 11, "好像": 2, "翻车": 1, "原博": 1, "刚刚": 1, "删": 2, "白嫖": 6, "百": 5, "官微": 6, "水军": 8, "国际": 1, "大厂": 2, "做出": 1, "言而无信": 1, "事情": 1, "21": 1, "丨": 2, "发布": 6, "新机": 2, "晒出": 1, "预告图": 1, "改": 1, "以往": 1, "启用": 1, "业内": 1, "人士": 5, "放入": 1, "屏幕": 1, "内": 2, "正确": 1, "难": 1, "O21": 1, "丨华": 1, "L21": 1, "世纪": 1, "经济": 3, "报道": 1, "预售": 1, "盯死": 1, "毕竟": 1, "拥有": 1, "好几万": 1, "拼": 1, "速度": 1, "WatchGT#2": 1, "表盘": 1, "轻盈": 1, "；": 1, "功能": 1, "强续航": 1, "能力": 1, "佳": 1, "昨天": 1, "开售": 1, "销量": 1, "惊人": 1, "戴上": 1, "炫酷表": 1, "街上": 1, "靓": 1, "仔": 1, "听说": 1, "男子": 1, "马拉松": 1, "首次": 1, "跑进": 1, "小时": 1, "扫平": 1, "障碍": 1, "只管": 1, "跑": 1, "剩下": 1, "统统": 1, "搞定": 1, "L华": 1, "终端": 1, "官方": 4, "秒拍": 1, "年内": 6, "操作": 7, "计划": 7, "12日": 2, "网络": 8, "传言": 2, "称": 7, "对此": 1, "澎湃": 2, "新闻": 2, "记者": 4, "属实": 5, "都": 10, "小米": 3, "理性": 2, "评价": 2, "​​": 2, "这次": 2, "可不": 1, "否认": 2, "人证": 1, "物证": 1, "！！！​": 1, "内部": 4, "未": 3, "回应": 3, "今日": 1, "早间": 1, "财经": 3, "人员": 1, "获悉": 1, "不予": 1, "秒懂": 1, "摆脱": 1, "依赖症": 1, "国产": 2, "突破": 1, "核心": 4, "技术": 3, "前一阵": 1, "中兴": 1, "5G": 8, "网友": 1, "满满": 1, "购买欲": 1, "商用": 1, "世界": 1, "我国": 3, "信息": 2, "发展": 2, "实力": 1, "振奋": 1, "冷静": 1, "看待": 1, "如今": 1, "芯片": 3, "产能": 1, "工艺": 1, "落后": 1, "2018年": 1, "集成": 1, "电路": 1, "进口额": 1, "超过": 1, "3000亿": 1, "美元": 1, "80%": 1, "依赖": 2, "进口": 1, "原因": 3, "产业": 2, "起步": 1, "晚": 1, "受制于人": 1, "电脑": 1, "CPU": 3, "基本上": 1, "英特尔": 1, "份额": 1, "低": 1, "工程院": 1, "院士": 1, "邬贺铨": 1, "央视": 2, "频道": 1, "讲堂": 1, "栏目": 1, "提到": 1, "百姓": 1, "买": 4, "PC": 2, "性能": 1, "超算": 1, "领先": 1, "滞后": 1, "坚信": 1, "国家": 1, "企业": 1, "推动": 1, "快速": 1, "崛起": 1, "L": 2, "酷燃": 1, "进来": 1, "挨夸": 1, "英国": 4, "电信": 4, "CEO": 2, "移除": 4, "设备": 4, "当地": 1, "时间": 3, "10日": 1, "集团": 1, "BT": 1, "总裁": 2, "Philip": 1, "Jansen": 1, "承认": 1, "科技": 1, "巨头": 1, "基础": 1, "设施": 1, "此前": 1, "公司": 4, "半": 1, "架构": 1, "第四": 1, "通讯": 1, "(": 1, "4G": 3, ")": 1, "O": 1, "三年": 1, "联想": 3, "玩笑": 1, "当真": 1, "西平": 1, "话语": 1, "#​": 1, "全民": 1, "时代": 1, "开放": 1, "长沙": 1, "火": 1, "多久": 1, "?​": 1, "离职": 3, "感到": 2, "难过": 2, "近日": 1, "员工": 3, "论坛": 1, "发贴": 1, "从未": 1, "名": 1, "接受": 2, "工作": 2, "环境": 1, "离开": 1, "跳到": 1, "厂": 1, "落差": 1, "难以": 1, "提起": 1, "直言不讳": 1, "忙": 1, "10点半": 1, "下班": 1, "苦": 1, "待遇": 1, "业界": 1, "公认": 1, "优": 1, "问世": 1, "相关": 1, "消费者": 1, "业务": 1, "专注于": 1, "打造": 1, "HMS": 1, "生态": 1, "据悉": 1, "传闻": 1, "指": 1, "Nova5T": 1, "法国": 3, "欧洲": 1, "上线": 1, "产品": 1, "五千": 1, "多元": 1, "iPhone11": 1, "mate30pro": 1, "vivoNex3": 1, "选择": 1, "看重": 1, "余承东": 1, "雇": 2, "付钱": 1, "早上": 1, "话题": 1, "挺": 1, "热闹": 1, "查": 1, "信息源": 1, "硅谷": 1, "一个": 3, "哥们": 1, "推特": 1, "17号": 1, "媒体": 1, "注意图": 1, "一右上角": 1, "束光": 1, "机子": 1, "大概率": 1, "挖孔": 1, "太": 2, "啥手": 1, "上个月": 1, "1993年": 1, "中午": 1, "吃饭": 1, "资深": 1, "高管": 1, "餐厅": 1, "排队": 2, "打饭": 1, "老板": 3, "脸色": 1, "生病": 1, "冒出": 1, "吃": 1, "顿": 2, "——": 1, "2000年": 1, "任正非": 2, "夜半": 1, "惊悸": 1, "每月": 1, "发出": 1, "3亿多": 1, "人民币": 1, "薪水": 2, "长": 1, "神经": 1, "处于": 1, "高度": 1, "紧张": 1, "乃至于": 1, "恐惧": 2, "状态": 1, "才": 1, "天天": 1, "思考": 1, "失败": 1, "成功": 1, "视而不见": 1, "忧心": 1, "随时": 1, "垮掉": 1, "……": 1, "30年": 1, "感受": 1, "痛苦": 4, "创业者": 1, "区别": 1, "大小": 1, "李召军": 1, "正能量": 1, "港独": 1, "四处": 2, "乱窜": 1, "最终": 2, "促成": 1, "全世界": 1, "爱国": 1, "特朗普": 1, "打压": 1, "成就": 1, "影响力": 1, "香港": 1, "中通社": 1, "真的": 2, "推荐": 1, "Mate30Pro": 2, "城市": 1, "推": 1, "稳定": 2, "处在": 1, "信号": 1, "地方": 1, "反而": 1, "网速": 1, "3G": 1, "现象": 1, "真心": 1, "参观": 1, "相机": 2, "修": 1, "....": 1, "北京": 2, "·": 1, "总部": 1, "园区": 1}