{"工作": 3, "发愁": 1, "华仔": 3, "收到": 2, "邮件": 1, "@": 1, "TFBOYS": 1, "易烊": 3, "千": 4, "玺": 3, "粉丝团": 1, "请": 3, "电影": 4, "！": 16, "少年": 1, "快乐": 1, "简单": 2, "表白": 2, "华为": 49, "nova": 1, "全球": 1, "代言人": 1, "千玺": 2, "千纸鹤们": 1, "找": 1, "一个": 3, "家属": 1, "关+": 1, "转评": 2, "抽": 2, "5": 1, "纸": 1, "鹤送": 1, "抱枕": 1, "表达": 1, "爱": 2, "焕新AI": 1, "生活": 4, "易": 1, "烊": 1, "​O": 1, "抽奖": 1, "详情": 2, "整点": 1, "播": 1, "每经": 1, "16点丨": 3, "我国": 5, "密码法": 6, "2020年": 5, "1月": 5, "1日": 5, "施行": 5, "；": 6, "未来": 10, "种子": 5, "项目": 5, "首次": 5, "落地": 3, "克罗地亚": 7, "内蒙古": 2, "自治区": 2, "党委": 2, "书记": 2, "李纪恒": 2, "任命": 2, "民政部": 2, "部长": 2, "1": 1, "、": 24, "新华": 1, "视点": 1, "十三": 1, "届": 1, "全国": 1, "人大": 1, "常委会": 1, "第十四": 1, "会议": 1, "26日": 2, "下午": 1, "表决": 1, "旨在": 1, "规范": 2, "密码": 4, "管理": 2, "事业": 1, "发展": 2, "保障": 1, "网络": 3, "信息": 2, "提升": 1, "科学化": 1, "规范化": 1, "法治化": 1, "水平": 1, "领域": 1, "综合性": 1, "基础性": 1, "法律": 1, "​​": 5, "北京": 4, "大兴": 5, "国际": 6, "机场": 6, "正式": 2, "对外": 1, "开放": 1, "新华社": 1, "记者": 3, "北京市": 1, "商务局": 1, "获悉": 1, "航空": 2, "口岸": 1, "25日": 3, "国家": 1, "验收": 1, "对外开放": 1, "10月": 6, "27日": 1, "零时": 1, "9": 1, "公司": 12, "航班": 2, "首都": 2, "转场": 1, "运营": 1, "迎来": 1, "港澳台": 1, "即将": 2, "到来": 1, "2019年": 2, "冬春": 1, "航季": 1, "预计": 1, "开通": 1, "116": 1, "条": 2, "航线": 1, "3": 4, "据e": 1, "萨格勒布": 1, "仪式": 1, "10": 1, "名": 1, "赴": 2, "中国": 12, "参加": 1, "培训": 1, "当地": 3, "学生": 1, "送行": 1, "这是": 5, "选派": 1, "人才": 1, "华": 1, "2007年": 1, "三大": 1, "电信": 1, "运营商": 1, "合作": 1, "关系": 1, "建立": 2, "近50": 1, "团队": 1, "90%": 1, "员工": 4, "O每经": 2, "DigiX": 2, "数字": 2, "生活节": 1, "长安": 1, "诗意": 1, "浓": 1, "城阅": 1, "千年": 1, "28日": 1, "实验室": 1, "西安": 1, "站": 1, "大唐": 1, "西市": 1, "体验": 7, "唐诗": 1, "终端": 2, "服务": 2, "碰撞": 1, "火花": 1, "戳图": 1, "回顾": 1, "学": 1, "诗句": 1, "喜欢": 1, "送": 2, "耳机": 1, "副": 1, "​": 16, "小泽vlog": 1, "：": 16, "Mate30Pro": 4, "影像": 1, "评测": 1, "徕卡": 1, "镜头": 3, "带": 1, "大理": 6, "苍山": 2, "洱海": 3, "借着": 1, "玩": 2, "机会": 2, "详细": 1, "相机": 1, "拍照": 2, "录像": 1, "功能": 1, "这次": 4, "核心": 2, "升级": 2, "测试": 4, "画质": 1, "色彩": 1, "视频": 25, "防抖": 1, "4K": 3, "1080P": 1, "对比": 1, "固件": 1, "夜景": 1, "版本": 6, "拍摄": 4, "效果": 1, "大疆": 3, "OSMOMobile3": 2, "配对": 1, "云台": 3, "差别": 1, "手机": 16, "第一": 3, "真的": 1, "太": 5, "美": 1, "巍峨": 1, "静谧": 1, "小吃": 1, "炒菜": 1, "都": 15, "此前": 1, "旅行": 3, "吃": 3, "拍": 2, "自然": 1, "和谐": 1, "相处": 1, "L钟文泽": 2, "O抽奖": 1, "物理": 1, "外挂": 1, "MateX折": 1, "叠屏": 1, "鸡": 1, "--虎扑帖ID": 1, "30097958L虎扑": 1, "步行街": 1, "特朗普": 9, "吐槽": 2, "iPhone": 3, "推特": 1, "喊话": 1, "苹果": 3, "首席": 1, "执行官": 1, "蒂姆·库克": 1, "Home键": 1, "难": 1, "按钮": 1, "远胜于": 1, "滑动": 1, "刚刚": 1, "替华": 1, "广告": 1, "代言": 1, "美国": 4, "总统": 1, "操心": 1, "指纹": 3, "解锁": 1, "面部": 1, "识别": 1, "这部": 1, "短片": 1, "悟空": 1, "刷屏": 1, "永不": 1, "天高地厚": 1, "！！": 1, "L": 1, "影视": 1, "吐槽君": 1, "听说": 1, "产品线": 2, "副总裁": 5, "李小龙": 5, "怼": 1, "围观": 1, "自行": 2, "搜索": 2, "补": 1, "后续": 1, "截图": 1, "毫米波": 1, "测速": 1, "软件": 1, "民科": 1, "局": 1, "输": 1, "孟晚舟": 2, "任正非": 15, "生日": 2, "看哭": 1, "75": 1, "岁": 1, "发": 1, "朋友圈": 2, "封": 1, "字迹": 1, "工整": 1, "充满": 2, "真挚": 1, "手": 1, "写信": 1, "送出": 1, "祝福": 1, "异国": 1, "脚带": 1, "监控": 1, "字里行间": 1, "流露": 1, "父女": 1, "真情": 1, "坚定": 1, "团聚": 1, "信心": 1, "憧憬": 1, "崛起": 1, "任老": 1, "加油": 1, "钱": 6, "华尔街": 2, "欧洲": 2, "喝": 2, "咖啡": 2, "投资": 3, "24日": 2, "心声": 2, "社区": 2, "发布": 4, "15日": 1, "接受": 2, "北欧": 2, "媒体": 2, "采访": 3, "纪要": 2, "回忆": 1, "经历": 2, "通信": 4, "产品": 2, "大学": 1, "老师": 1, "教科书": 2, "开发": 1, "路": 2, "一步步": 1, "走": 2, "一点": 1, "别人": 6, "差一点": 2, "穿": 1, "O": 1, "感谢": 3, "吓唬": 3, "努力": 3, "公布": 1, "问及": 1, "很": 1, "三十": 1, "绝大多数": 1, "富裕": 1, "富裕病": 1, "惰怠": 1, "享受": 1, "安逸": 1, "棒子": 2, "厉害": 1, "真真实实": 1, "提问": 1, "想": 3, "参观": 1, "同意": 2, "回答": 1, "拥抱": 1, "办公室": 2, "看一看": 1, "漂亮": 1, "L燃": 1, "新闻": 2, "秒拍": 2, "燃": 1, "下半年": 1, "买": 1, "模": 1, "5G": 13, "嫌": 1, "Mate30": 1, "系列": 3, "价格": 3, "党": 1, "～": 1, "荣耀": 1, "V30": 1, "Nova6": 1, "认证": 1, "入网": 1, "/": 2, "40": 1, "W快": 1, "充/": 1, "11月": 1, "后者": 1, "4G": 1, "爆料": 1, "12月": 1, "5号": 1, "估计": 1, "起步价": 1, "都会": 1, "低于": 1, "小米": 4, "评价": 1, "倒": 1, "外国人": 1, "乘虚而入": 1, "收鱼翁": 1, "庆幸": 1, "认同": 1, "获颁": 1, "无线电": 1, "设备": 3, "进网": 1, "许可证": 1, "BBC": 1, "纪录片": 1, "创始人": 1, "优秀": 2, "企业家": 1, "求职季": 1, "财经": 1, "L皓伦": 1, "王": 1, "明川": 1, "工读": 2, "牲抹": 1, "黑战": 1, "三战": 2, "三": 2, "败": 2, "根源": 2, "人品": 1, "不行": 2, "脸工": 1, "读牲": 1, "无疑": 1, "大规模": 1, "自暴": 1, "三星": 10, "note10": 2, "+": 4, "国行": 2, "w功能": 1, "打脸": 5, "帮倒忙": 1, "跪员": 1, "搞": 1, "基T之流": 1, "落坑": 1, "智商": 1, "能力": 1, "漏洞": 2, "洗地": 1, "半天": 1, "抹黑": 4, "银行": 1, "公告": 2, "相关": 1, "机型": 1, "支付": 1, "支付宝": 1, "王思聪": 1, "求购": 1, "MateX": 1, "见过世面": 1, "货": 1, "拼命": 1, "说P": 1, "毫米": 4, "波频": 1, "段门": 1, "心术不正": 1, "道德": 1, "底线": 1, "发动": 1, "真相": 1, "敬畏": 2, "消费者": 1, "特斯拉": 5, "梦": 2, "背后": 2, "124": 2, "供应链": 2, "三季报": 1, "确实": 2, "喜出望外": 1, "诸多": 1, "亮点": 1, "之中": 1, "1.43亿": 1, "美元": 2, "盈利": 1, "惊喜": 1, "惊叹": 1, "位于": 1, "上海": 1, "超级": 1, "工厂": 2, "启动": 1, "试生产": 1, "距离": 1, "这家": 1, "许可": 1, "仅仅": 1, "168": 1, "如同": 1, "拉动": 1, "产业链": 2, "繁荣": 1, "理由": 1, "期待": 1, "代表": 1, "造车": 1, "势力": 1, "提振": 1, "传统": 1, "汽车": 1, "制造": 2, "截然不同": 1, "全新": 1, "国泰君安": 1, "徐云飞": 1, "时间": 2, "O特斯拉": 1, "分享": 1, "客栈": 1, "对着": 1, "延时": 2, "15": 2, "秒钟": 1, "成片": 1, "大概": 1, "分钟": 1, "底下": 1, "拖": 1, "自拍杆": 1, "稳": 2, "风": 1, "晃": 1, "体会": 1, "录制": 1, "门槛": 1, "降低": 2, "放": 1, "早": 1, "年前": 1, "用户": 2, "随手": 1, "拍出": 1, "马云": 1, "不好意思": 8, "慢性": 2, "自杀": 2, "唯一": 2, "优点": 3, "错": 2, "改": 2, "面子观": 2, "做出": 1, "贡献": 2, "中高层": 1, "骨干": 1, "全体": 2, "制度": 1, "研制": 1, "生产": 1, "销售": 1, "不少": 1, "……": 1, "推动": 2, "善于": 2, "反省": 1, "反思": 1, "一块": 1, "海棉": 1, "长处": 1, "吸收": 1, "进来": 1, "转化": 1, "思想": 1, "逻辑": 1, "语言": 1, "民主": 1, "倾听": 1, "意见": 1, "很多": 1, "碍于": 1, "面子": 1, "错失": 1, "大好": 1, "断送": 1, "前途": 1, "1.": 1, "乞丐": 1, "要饭": 1, "饿死": 1, ".": 3, "商户": 1, "账": 1, "门店": 1, "心仪": 1, "4.": 1, "客户": 3, "签单": 1, "成交": 1, "5.": 1, "来往": 1, "平庸": 1, "6": 1, "认错": 1, "熟人": 1, "陌生人": 1, "早安": 1, "心语": 1, "吃瓜": 1, "网友": 1, "爱国": 1, "拆掉": 1, "Note105G": 1, "国行版": 1, "波天线": 2, "实力": 1, "玩起": 1, "双标": 1, "售卖": 1, "拆除": 1, "圆": 1, "～​": 1, "不用": 1, "等到": 1, "遥远": 1, "迈入": 1, "美好": 1, "科技": 1, "智能": 2, "时代": 1, "感受": 1, "温馨": 1, "全屋": 1, "清晨": 1, "夜晚": 1, "每时每刻": 1, "HUAWEIHiLink": 1, "构建": 1, "万物": 1, "互联": 2, "引领": 1, "智慧": 2, "L华": 1, "官方": 1, "​​​": 1, "亲自": 1, "下场": 1, "撕逼": 1, "瑟瑟": 1, "发抖": 1, "说话": 1, "国内": 1, "发布会": 1, "PPT": 1, "关键": 1, "打码": 1, "操作": 2, "骚": 1, "极速": 1, "联通": 5, "山东": 3, "青岛港": 2, "5GSA": 4, "工业级": 1, "控制": 3, "近日": 1, "网研院": 1, "联合": 1, "前湾港": 1, "港口": 2, "现有": 1, "业务": 1, "系统": 3, "割接": 1, "自研": 1, "工业": 2, "网关": 1, "协议": 1, "适配": 1, "电路": 1, "仿真": 1, "借助": 1, "MEC": 2, "边缘": 2, "服务器": 1, "成功": 1, "桥吊": 1, "远程": 2, "高清": 3, "混合": 1, "承载": 1, "集装箱": 1, "抓取": 1, "回传": 2, "完美": 2, "商用": 2, "基站": 1, "自动化": 1, "带宽": 1, "确保": 1, "30路": 1, "需求": 1, "可靠性": 1, "PLC": 1, "契合": 1, "以往": 1, "光纤": 1, "方式": 1, "损耗": 1, "快": 2, "维护": 1, "难度": 1, "弊端": 1, "建设": 1, "开辟": 1, "蓝海": 1, "行业": 2, "组建": 1, "切片": 1, "专网": 1, "计算": 1, "提供": 1, "示范": 1, "屈": 1, "郁颖": 1, "一天天": 1, "节奏": 1, "稍微": 1, "忙": 1, "错过": 1, "…": 2, "结束": 1, "硬核": 1, "技术": 1, "不专业": 1, "实测": 1, "这块": 1, "N": 1, "主题": 1, "片子": 1, "好几": 1, "中肯": 1, "大面积": 1, "测​": 1, "牌牌": 1, "琦": 1, "粉丝": 1, "不错": 2, "香": 1, "L快手": 1, "网红": 1, "故事": 1, "mate30pro": 1, "更新": 1, "修正": 1, "同学": 1, "提到": 1, "游戏": 1, "当中": 1, "分辨率": 1, "前段": 1, "针对": 1, "上市": 2, "Note10": 1, "区别": 1, "版": 1, "阉割": 1, "波": 2, "生们": 1, "非要": 1, "老江湖": 1, "课": 1, "世界": 1, "江山": 1, "资深": 1, "工程师": 1, "李": 1, "谈笑风生": 1, "市场": 1, "1%": 1, "韩国人": 1, "中国人": 1, "忠心": 1, "感动": 1, "痛哭流涕": 1, "数码": 1, "每日": 1, "车事": 1, "华": 1, "造起": 2, "激光": 6, "雷达": 6, "Velodyne": 2, "干嘛": 2, "关注": 1, "自动": 4, "驾驶": 4, "这几天": 1, "研发": 1, "消息": 1, "L4-L5": 1, "级别": 1, "感知": 1, "元件": 1, "测试车": 2, "必备品": 1, "重要性": 1, "不言而喻": 1, "产能": 1, "7.5万": 1, "套": 1, "占": 1, "一半": 1, "O当": 1, "有才": 1, "试试": 1, "​​L": 1, "开心": 1, "治愈": 1, "#趣": 1, "推荐": 1, "Mate305": 1, "G版": 1, "预售": 1, "搭载": 1, "麒麟9905": 1, "GSoC": 1, "旗舰": 1, "优势": 1, "答案": 1, "首款": 1, "爆品": 1, "L李杰灵": 1}