{"任正非": 5, "75": 2, "岁": 3, "大雨": 1, "深圳": 1, "飞来": 2, "客户": 1, "90多": 1, "马来西亚": 3, "讨论": 1, "5G": 3, "老人": 1, "都": 11, "拼": 1, "借口": 1, "努力": 1, "华为": 48, "总裁": 3, "北京": 1, "研究所": 1, "会见": 2, "前来": 1, "造访": 1, "总理": 1, "马哈蒂尔": 5, "陪同": 1, "介绍": 2, "现场": 2, "体验": 3, "服务": 2, "智能": 3, "城市": 1, "制造": 1, "、": 8, "交通": 1, "行业": 3, "给予": 1, "高度": 2, "评价": 1, "此前": 1, "依托": 1, "MateX折": 1, "叠屏": 1, "手机": 13, "第一": 3, "通话": 1, "马媒体": 1, "公众": 1, "关注": 4, "过程": 1, "亲切": 1, "友好": 1, "语言": 1, "不通": 1, "洋溢": 1, "孩童": 1, "般的": 1, "笑容": 1, "导演": 1, "@": 10, "麦子": 1, "合作": 2, "全新": 1, "突破": 1, "定格": 1, "动画": 1, "大象": 1, "素材": 1, "P30": 11, "Pro": 1, "帧": 2, "拍摄": 2, "作品": 1, "空间感": 1, "质感": 1, "表现": 1, "十足": 1, "科技": 2, "艺术": 1, "创作": 1, "简单": 2, "L华": 3, "终端": 3, "官方": 3, "视频": 9, "​": 19, "女友": 5, "面子": 1, "！": 11, "男生": 1, "陪": 2, "考研": 2, "考上": 3, "名校": 1, "失利": 1, "安徽": 1, "大学": 2, "大四": 1, "学生": 1, "孙润华": 2, "早晨": 2, "图书馆": 2, "占位": 2, "自习": 1, "称": 1, "6点半": 1, "发现": 2, "队伍": 1, "；": 2, "5点半": 1, "排队": 1, "考试": 1, "一天天": 1, "越来越": 1, "最终": 1, "抱": 1, "书": 2, "想": 4, "试试": 1, "心态": 1, "走": 1, "考场": 1, "想到": 1, "倒": 1, "华中": 1, "感觉": 2, "老天": 1, "玩": 2, "L一手": 1, "video": 1, "秒拍": 7, ".": 3, "一手": 1, "Video": 1, "荣耀": 11, "赵明": 4, "回应": 4, "厂商": 6, "口水战": 6, "：": 4, "读书人": 4, "网上": 2, "说话": 2, "做事": 4, "底线": 4, "4月": 2, "27日": 2, "赵明-George": 2, "之间": 3, "擅长": 2, "热衷": 2, "基因": 4, "品牌": 3, "性格": 2, "做法": 2, "线": 2, "LOW": 2, "碰瓷": 2, "瓷": 2, "王": 2, "消费者": 2, "清清楚楚": 2, "这是": 2, "暗示": 1, "L老板": 1, "联播": 2, "林在范": 1, "190428": 1, "林": 1, "范#林": 1, "范JUS2": 1, "190427": 1, "JUS2": 1, "曼谷": 1, "showcaseDay2饭": 1, "拍图": 1, "cr:myspace_Bs禁": 1, "改": 1, "商用": 1, "转载": 1, "请": 4, "注明": 1, "出处": 1, "Pro拍": 1, "追星": 1, "必备": 1, "拍": 4, "哥哥": 2, "好好": 1, "看​": 1, "双景": 4, "录像": 4, "功能": 3, "上线": 3, "全景": 1, "特写": 1, "精彩": 2, "加倍": 1, "~": 1, "期待": 2, "_____": 1, "莱万": 1, "导游": 1, "斯基": 1, "带": 5, "玩转": 2, "慕尼黑": 2, "五一": 2, "劳动节": 1, "就要": 1, "假期": 1, "出游": 2, "打算": 1, "率先": 1, "带领": 1, "游览": 1, "跟随": 1, "P30Pro": 2, "镜头": 3, "观赏": 1, "精心": 1, "挑选": 1, "景色": 1, "英国": 2, "花园": 1, "EnglischerGarten": 1, "出发": 1, "L莱万多夫斯基": 1, "Lewy": 1, "听说": 1, "很多": 3, "买": 1, "回来": 1, "方式": 1, "送给": 1, "感受": 1, "杀": 1, "马特": 1, "第三方": 1, "主题": 1, "名字": 1, "3D": 1, "动态": 1, "心L": 1, "晴天": 1, "披沥": 1, "申明": 1, "这不": 1, "一个": 8, "广告": 1, "游客": 1, "熊猫": 1, "有意思": 1, "吃": 2, "东西": 1, "耳朵": 1, "一动一动": 1, "好玩": 1, "远": 1, "摄像": 1, "拉近": 2, "一点": 2, "很": 3, "才": 1, "哥": 1, "不用": 1, "哼L": 1, "黑白": 1, "宝宝": 1, "甲": 1, "⬅️": 1, "P30Pro➡": 1, "️右": 1, "iPhone": 1, "X直": 1, "无滤镜": 1, "供": 1, "参考": 1, "系列": 4, "打开": 2, "APP": 1, "—": 4, "升级": 2, "尝鲜": 1, "申请": 3, "软件": 1, "更新": 1, "系统": 1, "9.1.0.153": 1, "版本": 1, "即可": 1, "分享": 2, "记录": 1, "时刻": 1, "同事": 1, "mate20": 1, "拍照": 1, "吊": 1, "iPhone8": 1, "快": 1, "说服": 1, "……": 4, "不用说": 1, "30": 1, "照相机": 1, "顺便": 2, "打电话": 1, "试": 1, "魅族": 1, "16s": 1, "夜景": 1, "大疆": 2, "有人": 1, "泄露": 1, "源代码": 1, "公司": 5, "源码": 2, "管理": 3, "区别": 1, "例子": 1, "楼": 2, "调试": 1, "代码": 3, "搜包": 1, "笔记本": 2, "接口": 2, "USB": 1, "封条": 1, "记得": 1, "进楼": 1, "花": 1, "时间": 1, "真的": 3, "叹为观止": 1, "反而": 1, "微软": 2, "Windows": 1, "开发": 1, "权限": 3, "FTE": 1, "全职": 1, "员工": 1, "FullAccess": 1, "下载": 1, "随便": 1, "200多": 1, "G": 1, "Windows源": 1, "到处": 1, "跑": 1, "思科": 2, "通信": 1, "松散": 1, "随意": 1, "带出": 1, "访问": 1, "工作": 1, "相关": 1, "不难": 1, "炎": 1, "亚纶": 1, "拍到": 1, "右手": 1, "live唱": 1, "棒": 1, "脸": 1, "照片": 1, "感谢": 1, "水水": 1, "亞": 1, "P20": 1, "水印": 1, "水怪😂": 1, "修": 1, "修😂": 1, "炎亞綸": 1, "AaronYan": 1, "选择": 2, "不凡": 1, "DeeCamp": 1, "四": 1, "城": 1, "联动": 1, "五": 1, "学术": 1, "实战": 1, "闭门": 1, "训练": 1, "六百": 1, "招生": 1, "席位": 1, "学术界": 1, "产业界": 2, "顶级": 1, "大咖": 1, "创新": 1, "工场": 1, "在内": 1, "超过": 4, "企业": 1, "走进": 1, "真实": 1, "场景": 1, "转AI": 1, "炫酷": 1, "课题": 1, "在校生": 1, "开拓": 1, "视野": 1, "加速": 1, "AI": 1, "人才": 1, "入营O": 1, "网页": 1, "链接": 1, "转发": 3, "5月": 1, "16日": 1, "抽": 4, "1": 2, "送": 3, "台": 3, "20i": 1, "标配": 1, "TA": 1, "晚安": 1, "平时": 1, "线上": 1, "听": 2, "歌": 1, "习惯": 1, "小云会": 1, "当日": 1, "推荐": 1, "删掉": 1, "不大": 1, "喜欢": 1, "循环": 1, "一整天": 1, "转评": 1, "聊聊": 1, "小云": 1, "随机": 1, "送出": 1, "耳机": 2, "讲堂": 1, "确保": 1, "帐号": 1, "云用": 1, "告诉": 1, "↓↓↓": 1, "新机": 1, "杠杠": 1, "+": 2, "副": 1, "德国": 1, "connect": 1, "屏幕": 2, "打分": 1, "三星": 3, "S10": 1, "还要": 1, "卖": 1, "1080P": 1, "2K屏": 1, "善": 1, "测": 1, "B事": 1, "理解": 1, "能力": 1, "存活": 1, "兴趣": 1, "知乎": 2, "搜": 1, "楼斌": 1, "欢乐": 1, "建议": 1, "国家教委": 1, "九年制": 1, "义务教育": 1, "语文": 1, "课": 1, "排": 1, "节": 1, "鲁迅": 1, "文章": 1, "阅读": 2, "意淫": 1, "删": 1, "减掉": 1, "后遗症": 1, "动不动": 1, "原意": 1, "加戏": 1, "海狗": 1, "乐土": 1, "不对": 1, "毕竟": 2, "狗": 1, "无辜": 1, "针对": 1, "用户": 2, "苹果": 4, "信号": 2, "柴": 1, "状况": 1, "2G": 2, "4G": 1, "哈哈哈": 1, "骄傲": 1, "昆明": 1, "Life": 1, "开业": 1, "活动": 1, "采访": 1, "克制": 1, "欣喜": 1, "L": 1, "老板": 1, "公布": 1, "设备": 2, "线路图": 1, "显示": 2, "MateX": 1, "上市": 2, "日期": 1, "七月": 2, "依然": 1, "消息": 2, "内部": 1, "人士": 1, "款": 2, "机器": 1, "六月": 1, "提前": 1, "产业链": 1, "指出": 1, "首批": 1, "备货量": 1, "至少": 1, "10万": 1, "售价": 1, "14000": 1, "元": 3, "加大": 1, "力度": 1, "测试": 1, "耐久度": 1, "环节": 1, "阅读·DigiX": 1, "读书会": 1, "昨日": 1, "圆满": 1, "落下": 1, "帷幕": 1, "此次": 1, "分享会": 1, "张晓晗": 1, "Oliver": 1, "带来": 1, "青春": 1, "文学": 1, "感悟": 1, "戳图": 1, "回顾": 1, "作家": 1, "来到": 1, "读书": 1, "5": 1, "少女": 1, "回答": 1, "亲笔": 1, "签名": 1, "DigiX": 1, "数字": 1, "生活节": 1, "P30Pro长": 1, "焦": 1, "RNG": 1, "英雄": 1, "联盟": 1, "战队": 1, "营收": 3, "体量": 1, "超越": 1, "BAT之和": 1, "2010年": 1, "营业": 1, "收入": 1, "平均": 1, "复合": 1, "增速": 2, "18.7%": 1, "起营": 1, "收体量": 1, "巨头": 2, "段": 1, "差距": 1, "远远": 1, "国内": 2, "BAT三": 2, "截止到": 1, "2018年": 1, "7212亿": 1, "同比": 1, "19.5%": 1, "6652.4亿": 1, "总和": 1, "高通": 1, "从业者": 1, "爆出": 1, "40": 1, "芯片": 1, "泄密": 1, "漏洞": 1, "窃取": 1, "机密": 1, "资讯": 1, "波及": 1, "多达": 1, "数十亿": 1, "Android": 1, "美国": 1, "制裁": 1, "莫须有": 1, "指控": 1, "至今": 1, "确切": 1, "证据": 1, "发生": 1, "换成": 1, "海思": 1, "舆论": 3, "早": 1, "炸锅": 1, "差别": 1, "到底": 1, "#​": 1, "每次": 1, "妹子": 1, "吃饭": 1, "结账": 1, "大部分": 1, "原因": 1, "电": 1, "上厕所": 1, "反向": 1, "充电": 1, "电充": 1, "妥妥": 1, "！！": 1, "带上": 1, "尿布": 1, "群": 1, "女人": 1, "买单": 1, "博主": 1, "包纸": 1, "玩机": 1, "这辈子": 1, "入手": 1, "评论区": 2, "答案": 1, "可怕": 1, "回复": 1}