{"9月": 16, "24日": 11, "小米": 22, "发布会": 9, "@": 10, "雷军": 18, "环绕": 1, "屏": 1, "手机": 9, "售价": 1, "19999": 1, "元": 7, "；": 3, "忘": 1, "diss": 3, "苹果": 4, "华为": 68, "称": 5, "无线": 16, "反向": 5, "快充": 8, "快": 7, "倍": 6, "反充": 7, "iPhone": 8, "充电": 6, "友商": 16, "地上": 11, "摩擦": 11, "这次": 2, "幕": 2, "震惊": 3, "​": 10, "孟晚舟": 71, "发": 12, "朋友圈": 21, "感谢": 10, "风雨同行": 9, "！": 11, "加拿大": 19, "温哥华": 10, "当地": 11, "时间": 17, "23日": 13, "上午": 16, "公司": 20, "首席": 11, "财务官": 11, "非法": 2, "拘押": 2, "案": 3, "不列颠哥伦比亚": 6, "高等": 6, "法院": 11, "再次": 21, "开庭": 14, "审理": 38, "北京": 4, "心声": 8, "社区": 8, "公开": 4, "截图": 4, "条": 3, "表达": 4, "谢意": 4, "配": 4, "当天": 8, "出庭": 11, "照片": 4, "全文": 2, "：": 33, "米": 3, "阳光": 3, "照进": 3, "......O": 1, "引渡案": 36, "实质性": 22, "阶段": 20, "司法": 2, "清白": 2, "凌晨": 1, "控辩": 8, "将就": 8, "案件": 8, "证据": 8, "关键": 8, "辩论": 8, "发言人": 6, "支持": 3, "孟": 1, "女士": 10, "无罪": 1, "程序": 1, "独立性": 1, "公正性": 1, "L": 10, "人民": 1, "日报": 1, "视频": 13, "技术": 3, "谈到": 4, "5G": 3, "本身": 1, "一个": 4, "充电器": 1, "拥有": 2, "9": 1, "老板": 4, "联播": 5, "微笑": 2, "赴": 3, "家中": 8, "走": 11, "带": 8, "笑容": 7, "冒雨": 4, "守候": 4, "记者": 13, "问候": 8, "央视": 8, "张森": 1, "新闻": 6, "O": 3, "以往": 5, "程序性": 5, "也就是说": 6, "媒体": 9, "发表": 5, "声明": 5, "无辜": 5, "不便": 5, "透露": 6, "情况": 7, "律师团": 5, "法庭": 5, "公正": 5, "独立": 5, "作出": 5, "裁决": 5, "硬": 2, "刚": 3, "贵": 2, "价格": 6, "都": 8, "起步价": 2, "虚标": 1, "测试": 1, "很多": 3, "体会": 1, "L五环": 1, "短": 1, "......": 1, "充得": 2, "7.5W": 2, "​​​": 1, "新闻L": 1, "、": 6, "头条": 1, "董事长": 4, "美国": 15, "禁令": 4, "太": 4, "影响": 4, "下午": 2, "梁华": 5, "深圳": 1, "总部": 1, "参加": 2, "环球": 3, "时报社": 1, "德国": 9, "博世": 1, "基金会": 1, "主办": 1, "第三": 2, "届": 1, "德": 3, "美": 3, "论坛": 2, "负责人": 1, "座谈": 1, "问到": 1, "相关": 1, "放入": 1, "清单": 2, "运营": 1, "面向": 2, "ICT": 2, "领域": 3, "洞": 1, "补好": 1, "供应": 1, "消费者": 2, "组织": 1, "力量": 1, "攻关": 1, "计划": 1, "两三年": 1, "解决": 2, "操作": 1, "系统": 2, "生态": 2, "政府": 1, "希望": 1, "安卓": 1, "产品": 2, "全球": 2, "提供": 2, "服务": 1, "时报": 2, "谢": 1, "戎彬": 1, "凌志": 1, "O华": 1, "外国": 1, "朋友": 1, "列入": 1, "实体": 1, "业务": 1, "实质": 1, "老胡": 1, "一大": 2, "媒体人": 1, "参观": 1, "嘉宾": 1, "梁": 1, "华坦率": 1, "回答": 2, "老外们": 1, "尖锐": 1, "提问": 1, "外国人": 1, "印象": 2, "垮": 1, "出货": 1, "各项": 1, "销售": 1, "中断": 1, "终端": 1, "两三": 1, "年内": 1, "自信": 1, "老外": 1, "深刻": 1, "L胡锡进": 1, "任正非": 22, "乔布斯": 12, "人类": 3, "贡献": 3, "日前": 2, "发布": 4, "接受": 6, "电视": 3, "台": 5, "纪录片": 4, "采访": 7, "纪要": 5, "称为": 2, "中国": 6, "回应": 2, "创造": 1, "互联网": 1, "哲学": 2, "追求": 2, "完美": 1, "信奉": 2, "灰度": 2, "妥协": 2, "白": 1, "黑": 1, "之间": 1, "极致": 1, "性格": 1, "环球网": 1, "电视台": 3, "生死置之度": 3, "5月份": 1, "讲述": 1, "家庭": 1, "当兵": 1, "复员": 1, "创业": 1, "历程": 1, "面对": 2, "家人": 2, "双重": 2, "打击": 2, "生死置": 3, "度": 3, "生命": 3, "阅读": 1, ">": 1, ">O": 1, "9点30分": 2, "身穿": 2, "蓝色": 2, "裙装": 2, "院子": 2, "门口": 2, "本杰": 1, "明⋅豪斯": 1, "BenjaminHowes": 2, "刚刚": 2, "否认": 2, "5月": 2, "20日": 2, "L老板": 1, "对比": 1, "新品": 1, "领先": 1, "硬刚": 1, "L大佬": 1, "背后": 2, "苦难": 2, "​​": 1, "跌": 2, "700": 1, "iPhone11": 3, "暗夜": 5, "绿": 2, "跳水": 3, "炒家": 2, "盯上": 1, "Mate30": 3, "杭州": 1, "一家": 1, "数码": 2, "广场": 1, "经营": 1, "生意": 1, "吴": 2, "21日": 2, "坚挺": 1, "绿版": 2, "破发": 1, "版本": 1, "早就": 1, "破官": 1, "网价": 1, "傍晚": 1, "256G": 1, "绿色": 1, "iPhone11ProMax": 1, "11050": 1, "22日": 1, "早上": 1, "卖": 1, "11300": 1, "市场": 2, "批发价": 1, "10300": 1, "零售价": 1, "10700": 1, "官网": 1, "报价": 1, "10899": 1, "小吴": 1, "到货": 1, "抛售": 1, "系列": 2, "销量": 1, "很": 6, "可观": 1, "10多": 1, "机器": 1, "目光": 1, "瞄准": 1, "26日": 1, "发行": 1, "O网页": 1, "链接": 1, "钱江": 1, "晚报": 1, "一大早": 1, "来到": 1, "位于": 1, "工力所": 1, "实验室": 1, "振动台": 1, "震动": 1, "试验": 2, "分析": 1, "研究": 1, "内置": 1, "传感器": 1, "真实": 1, "地震": 1, "记录": 1, "用机": 1, "(": 1, ")": 1, "加油": 2, "……": 1, "​#": 1, "徐峥": 2, "孟非": 2, "互侃": 1, "自带": 1, "高光": 1, "这是": 1, "光头会": 1, "戴": 1, "墨镜": 1, "持瓜以待": 1, "扣后": 1, "递": 2, "条子": 1, "小心": 2, "依然": 1, "阿根廷": 5, "创始人": 1, "问道": 1, "女儿": 5, "去年": 1, "12月": 1, "1日": 1, "被捕": 1, "消息": 1, "第一": 2, "守": 1, "规矩": 1, "犯罪": 1, "抓": 2, "监狱": 2, "第二": 1, "纸条子": 1, "带给": 1, "‘": 5, "爸爸": 1, "矛头": 1, "对准": 1, "一点": 1, "’": 5, "飞到": 1, "开会": 1, "会议": 1, "组织者": 1, "生死": 1, "危险": 1, "改革": 4, "稳定": 1, "发展": 3, "意义": 2, "严厉": 1, "制裁": 1, "太太": 1, "整晚": 1, "睡觉": 2, "等待": 1, "过境": 1, "国家": 1, "信息": 1, "出境": 1, "飞机": 3, "告诉": 1, "滑行": 1, "才": 2, "放心": 2, "返回": 1, "平安": 1, "回来": 1, "家里": 1, "人才": 1, "陪": 1, "聊聊天": 1, "抓到": 1, "正好": 2, "二百": 2, "历史": 1, "读": 2, "学": 2, "写": 1, "本书": 1, "讲": 1, "未来": 1, "崛起": 1, "学习": 2, "代表处": 1, "成功": 1, "带动": 1, "遭遇": 1, "贸易战": 1, "七": 1, "文件": 1, "建立": 1, "自我": 1, "堡垒": 1, "作用": 1, "BG": 1, "一把手": 1, "半年": 1, "混乱": 1, "最终": 1, "世界": 1, "游走": 1, "笼子": 1, "装": 1, "价值": 1, "有人": 1, "思想家": 1, "思想": 2, "现场": 1, "活": 1, "潇洒": 1, "走上": 1, "正轨": 1, "都会": 1, "照样": 1, "紧张": 1, "干": 1, "制度": 2, "英国": 1, "文明": 1, "管理": 2, "独裁": 1, "方式": 1, "三十": 1, "努力": 1, "心安": 1, "现身": 1, "本杰明·豪斯": 1, "究竟": 1, "秒拍": 1, "携手": 1, "导演": 1, "陆川": 1, "主持人": 1, "定档": 1, "927": 1, "解锁": 1, "电影": 1, "时代": 1}