{"这是": 2, "@": 7, "MD_摩登": 1, "兄弟": 2, "刘": 1, "宇宁": 1, "歌手": 1, "首访": 1, "华为": 63, "音乐": 2, "新鲜": 1, "出炉": 2, "想": 2, "创作": 1, "背后": 5, "故事": 3, "戳O": 1, "网页": 1, "链接": 2, "探": 1, "究竟": 1, "关注": 3, "+": 6, "转发": 2, "感悟": 1, "抽": 4, "送": 3, "": 2, "摩登": 1, "刘宇宁": 1, "亲笔": 1, "签名": 1, "5": 2, "！": 4, "​": 11, "孟": 1, "公主": 1, "篇": 1, "文章": 2, "想到": 1, "一点": 2, "教授们": 2, "爱国": 1, "青年": 1, "小小": 1, "争吵": 1, "起因": 1, "纷纷": 1, "回帖": 1, "国内": 2, "高校": 8, "合作": 3, "专利": 8, "国外": 1, "才": 6, "国际": 3, "欧美": 1, "通行": 1, "做法": 7, "：": 19, "所有权": 1, "实行": 1, "双标": 2, "企业": 61, "很多": 5, "中国": 18, "独有": 1, "三星": 1, "韩国": 1, "强势": 1, "市场": 6, "做出": 1, "妥协": 1, "美国": 1, "1980年": 1, "Bayh-Dole": 1, "法案": 1, "政府": 5, "支持": 4, "项目": 2, "知识": 2, "产权": 2, "从此": 1, "制度": 4, "日臻": 1, "完善": 1, "归属": 1, "态度": 1, "日趋": 1, "无论如何": 1, "亚洲": 1, "贸易战": 1, "攻击": 1, "倒是": 1, "事实": 1, "数据": 1, "显示": 2, "转化": 1, "带来": 1, "收益": 1, "低": 1, "学校": 1, "足以": 1, "支付": 1, "负责": 1, "技术": 3, "转移": 1, "工作": 1, "人员": 2, "工资": 1, "原因": 4, "研究": 2, "成果": 1, "质量": 1, "价值": 1, "低下": 1, "报告": 1, "2American·NorthCarolinaWake": 1, "图说": 2, "新年伊始": 4, "超": 4, "裁员": 8, "潮": 6, "涨薪": 3, "2018年": 2, "下半年": 2, "公司": 9, "曝大": 2, "规模": 3, "2019年": 9, "伊始": 2, "全球": 7, "势头": 2, "减": 2, "苹果": 3, "阿里": 2, "、": 35, "都": 10, "躲过": 2, "冬天": 2, "房地产": 2, "互联网": 2, "汽车": 2, "医药": 2, "行业": 4, "格外": 2, "寒冷": 2, "蔓延": 2, "媒体": 3, "O图": 2, "涨": 1, "薪​": 1, "记录": 1, "免得": 1, "忘记": 1, "发现": 1, "一个": 5, "现象": 1, "这次": 1, "事情": 6, "各类": 1, "谈": 1, "自由": 1, "面对": 2, "舆论": 1, "枪林弹雨": 1, "遮蔽": 1, "释放": 1, "信号": 1, "牛掰": 1, "民企": 3, "离开": 1, "组织": 1, "外部": 1, "干扰": 1, "强化": 1, "管理": 1, "控制": 1, "包括": 2, "薪资": 1, "奖金": 1, "激励": 1, "模式": 1, "效率": 1, "兼顾": 1, "社会效益": 1, "稳定": 1, "承担": 1, "社会": 2, "责任": 1, "强有力": 1, "领导": 1, "国资": 1, "参与": 1, "私企": 2, "老板": 3, "感受": 1, "不得不": 1, "接受": 11, "动作": 1, "一步步": 1, "落实": 1, "婆婆": 1, "日子": 1, "结束": 7, "小媳妇": 1, "听到": 1, "硬话": 1, "高数": 1, "微积分": 1, "高维": 1, "生命体": 1, "人民": 1, "服务": 2, "第一": 2, "期": 1, "手机": 22, "公式": 2, "编辑器": 1, "HLWRC": 1, "手动": 1, "操作": 1, "集合": 1, "1分部": 1, "积分法": 1, "积分": 2, "大小": 1, "输入": 1, "∫ln³xdx,1": 1, "＜x": 1, "＜e": 1, "海离薇": 1, "不定": 1, "竞赛": 2, "深夜": 1, "福利": 1, "345678": 1, "禁止": 2, "断章取义": 1, "代值": 1, "cosx泰勒": 1, "乘法": 1, "天下": 1, "题库": 1, "瞎编": 1, "乱": 1, "原创": 1, "极限": 1, "题目": 1, "绝望": 1, "独自": 1, "从容赴死": 1, "数学": 1, "任正非": 10, "东北": 2, "往事": 2, "卖": 1, "裸": 1, "设备": 6, "意识": 2, "形态": 1, "运营商": 1, "掌控": 1, "近期": 6, "西方": 1, "很": 1, "严厉": 1, "挫折": 1, "国家": 38, "走向": 1, "开放": 3, "改革": 3, "繁荣": 1, "O": 5, "TA": 1, "晚安": 1, "时刻": 1, "越来越": 2, "爸妈": 1, "耐寒": 1, "小云": 2, "竟": 1, "爱上": 1, "穿": 1, "羊绒衫": 1, "......": 1, "转评": 1, "聊聊": 1, "送出": 1, "耳机": 3, "配": 1, "齐": 1, "微信": 3, "年会": 2, "人手": 1, "1": 2, "顶配": 2, "iPhone": 2, "陌陌": 2, "全员": 1, "音箱": 2, "别人家": 1, "季": 1, "土豪": 1, "羡慕": 1, "红包": 2, "礼品": 1, "必不可少": 1, "延续": 1, "多年": 1, "发": 3, "传统": 1, "每人": 1, "定制版": 1, "福袋": 1, "配齐": 1, "手表": 1, "跳槽": 1, "L": 2, "联播": 1, "秒拍": 2, "视频": 7, "财新": 3, "周刊": 1, "回答": 11, "文": 2, "|": 5, "记者": 15, "张而弛": 1, "女儿": 1, "孟晚舟": 3, "加拿大": 1, "海外": 1, "不利": 1, "消息": 2, "频传": 1, "站": 1, "风暴": 1, "中心": 1, "引领": 1, "巨轮": 1, "驶出": 1, "危险": 1, "水域": 1, "客户端": 1, "发表": 1, "头条": 1, "引渡": 1, "反击": 2, "震撼": 2, "世界": 4, "O引渡": 1, "21": 1, "世纪": 1, "经济": 2, "报道": 3, "北京": 4, "联通": 3, "国产": 2, "5G": 15, "终端": 3, "芯片": 11, "业务": 2, "验证": 3, "携手": 1, "基于": 2, "端到": 1, "端验证": 1, "(": 3, "核心网": 1, "承载网": 1, "无线": 1, "基站": 5, ")": 1, "现网": 2, "运行": 1, "1月": 8, "24日": 2, "发布": 6, "性能": 1, "—": 1, "巴龙": 2, "5000": 1, "案例": 1, "首款": 6, "采用": 1, "8": 2, "英寸": 1, "BOE柔": 1, "性屏": 1, "双向": 1, "折叠": 3, "余承东": 2, "MWC2019": 1, "通信": 4, "大会": 3, "期间": 1, "2月": 3, "25-28日": 1, "正式": 1, "值得一提的是": 1, "搭载": 1, "麒麟980": 1, "50005": 1, "G基带": 1, "款": 3, "柔性": 4, "折叠屏": 2, "称": 2, "折": 1, "叠屏": 1, "快": 1, "4月": 1, "上市": 1, "屏幕": 2, "相关": 2, "个股": 1, "天马A": 1, "000050": 1, "计划": 1, "增加": 1, "投资": 1, "145亿": 1, "元": 3, "第6": 1, "AMOLED": 1, "产线": 1, "产能": 1, "；": 3, "维信诺": 1, "002387": 1, "拥有": 1, "OLED": 1, "3000": 1, "件": 6, "成功": 1, "开发": 1, "180": 1, "度": 2, "360": 1, "柔卷": 1, "曲屏": 1, "精测": 1, "电子": 2, "300567": 1, "监测": 1, "系统": 1, "中标": 1, "柔宇": 1, "科技": 9, "6": 1, "生产线": 1, "丹邦": 1, "002618": 1, "电路": 1, "材料": 1, "制造商": 1, "供应商": 1, "30余": 1, "场馆": 1, "加上": 1, "配套": 1, "馆": 1, "好几百": 1, "员工": 2, "绝大部分": 1, "本镇": 1, "乡亲": 1, "建川": 2, "大家庭": 1, "友爱": 1, "八": 2, "九": 2, "幸运": 1, "抽到": 1, "同款": 1, "小伙子": 1, "次仁": 1, "藏族": 1, "得力": 1, "干将": 1, "保安": 2, "起步": 1, "干": 1, "队长": 1, "现任": 1, "重庆": 1, "博物馆": 1, "馆长": 1, "助理": 1, "王毅谈": 4, "事件": 7, "∶": 5, "动用": 16, "力量": 16, "抹黑": 14, "打压": 23, "公正": 21, "不道德": 18, "当地": 4, "时间": 6, "25日": 5, "晚": 6, "即将": 6, "法国": 6, "意大利": 7, "之际": 7, "国务委员": 8, "兼": 8, "外长": 9, "王毅": 26, "采访": 5, "看待": 5, "公开": 16, "是非": 5, "曲直": 5, "证据": 8, "情况": 9, "打击": 9, "特定": 8, "作法": 8, "外交部": 1, "官方": 2, "网站": 1, "O网页": 1, "谈及": 2, "此次": 2, "欧洲": 2, "体会": 2, "提问": 5, "显而易见": 4, "政治": 8, "意图": 4, "操弄": 4, "各国": 6, "应对": 2, "无理": 2, "霸凌": 2, "行径": 2, "予以": 2, "警惕": 2, "抵制": 2, "生存": 4, "发展": 4, "最终": 3, "竞争": 4, "提供": 4, "公平": 4, "透明": 2, "营商": 4, "环境": 4, "权利": 4, "维护": 4, "信息": 4, "幌子": 6, "莫须有": 4, "借口": 4, "损害": 4, "扼杀": 6, "正当": 5, "合法": 5, "经营": 6, "黄智贤": 2, "台独": 3, "脑残": 3, "优秀": 3, "近日": 3, "台媒": 1, "爆出": 1, "台": 3, "当局": 2, "编制": 1, "份": 5, "大陆": 2, "高科技": 1, "详细": 1, "黑名单": 1, "大概": 1, "3月底": 1, "联想": 1, "均": 2, "赫然": 1, "在列": 1, "出台": 1, "公务": 1, "电脑": 1, "连接": 1, "社交": 1, "平台": 1, "新浪": 1, "行政": 1, "命令": 1, "对此": 1, "岛内": 1, "资深": 1, "媒体人": 1, "星球": 1, "26日": 1, "发文": 1, "硬刚": 1, "支": 2, "OPPO": 1, "配戴": 1, "小米": 2, "手环": 1, "‘": 1, "’": 1, "全文": 1, "O黄智贤": 1, "深圳": 8, "神秘": 1, "红头文件": 2, "撕开": 2, "口子": 2, "资金": 1, "商标": 1, "无形": 1, "资产": 1, "入股": 1, "雇工": 1, "人数": 1, "时光": 1, "倒回": 1, "1987年": 2, "4日": 1, "称为": 1, "18号": 2, "暂行": 1, "视为": 1, "民营": 1, "准生证": 1, "靠着": 1, "起家": 1, "巨头": 1, "熟悉": 1, "名字": 1, "创始人": 1, "43": 1, "岁": 1, "南海": 1, "石油": 1, "停薪留职": 1, "名": 1, "出资": 1, "2万": 1, "申请": 1, "创办": 1, "民间": 1, "身份": 1, "市政府": 1, "批准": 1, "感慨": 1, "文件": 1, "创建华": 1, "僵化": 1, "大胆": 1, "率先": 1, "打开": 1, "创业": 1, "大门": 1, "创新": 2, "城": 2, "梦想": 1, "启航": 1, "创造": 2, "财富": 1, "最为": 1, "独特": 1, "一道": 2, "风景": 1, "特区": 1, "弄潮儿": 1, "四面八方": 1, "赶到": 1, "引发": 1, "场": 1, "洪水": 1, "般的": 1, "创办潮": 1, "沉淀": 1, "中兴": 1, "比亚迪": 1, "金蝶": 1, "研祥": 1, "创维": 1, "……": 1, "纪念": 1, "40": 1, "周年": 1, "中央": 1, "广播": 1, "电视": 1, "总台": 1, "联合": 1, "广东": 1, "省委": 1, "宣传部": 2, "市委": 1, "推出": 1, "纪录片": 2, "今晚": 1, "19:50": 1, "播出": 1, "第六": 1, "央视": 1, "财经": 1, "酷燃": 1, "凤凰": 5, "独家": 4, "表态": 4, "外交部长": 3, "卫视": 3, "特派": 3, "金亮": 3, "O凤凰": 2, "L凤凰网": 2, "产品": 1, "封杀": 1, "核心": 2, "——": 5, "天罡": 2, "集成度": 1, "算力": 1, "频谱": 1, "带宽": 1, "突破": 1, "尺寸": 1, "缩小": 1, "55%": 1, "重量": 1, "减轻": 1, "23%": 1, "功耗": 1, "节省": 1, "21%": 1, "安装": 1, "4": 1, "G基站": 1, "缩短": 1, "一半": 1, "L新京报": 1, "新京报": 1, "连续": 2, "拿下": 2, "首发权": 2, "耐人寻味": 2, "面向": 1, "新一代": 1, "标准": 1, "──": 1, "MWC": 1, "摸黑": 2, "O王": 3, "毅谈": 3, "成都": 1, "小辣条们": 1, "年终奖": 1, "辣辣": 1, "收到": 1, "新年": 2, "礼物": 1, "三": 3, "Mate20": 1, "OPPOA": 1, "7": 1, "X": 2, "荣耀": 2, "简直": 1, "开心": 1, "感谢": 1, "辣条们": 1, "送给": 1, "条": 1, "艾特": 1, "好友": 1, "选": 1, "送上": 1, "666": 1, "现金": 1, "统一": 1, "下周五": 1, "开奖": 1, "祝": 1, "好运": 1, "～L": 1, "麻辣": 1, "移妹": 1, "不道德​": 1, "25号": 1, "现场": 1, "外国": 1, "罗马": 1, "夜色": 1, "浓": 1, "华灯初上": 1, "西安": 2, "南门": 1, "永宁门": 1, "你好": 1, "生活": 1, "影像": 1, "成诗": 1, "摄影": 1, "城​": 1, "上半年": 1, "新机": 1, "汇总": 1, "GalaxyS10": 1, "系列": 2, "2月华": 1, "93月": 1, "P30": 1, "3月": 1, "一加": 1, "75月": 1, "204月": 1, "期待": 1}