{"齐": 1, "华为": 48, "nova6": 11, "自拍": 18, "​": 14, "投票": 3, "：": 7, "刚": 16, "毕业": 16, "年薪": 20, "200万": 11, "@": 14, "华中": 9, "科技": 12, "大学": 12, "14": 6, "直博": 6, "研究生": 5, "鹏飞": 9, "面试": 5, "表现": 5, "优异": 5, "推荐": 5, "天才": 6, "少年": 5, "项目": 6, "收到": 10, "元": 6, "offer": 6, "邀约": 5, "阿里": 5, "、": 25, "腾讯": 5, "深信服": 5, "均": 5, "抛来": 5, "橄榄枝": 5, "易烊": 12, "千玺九宫": 6, "格自": 6, "拍分": 6, "开发": 6, "年轻人": 2, "忠于": 2, "自我": 4, "展现": 4, "表达": 2, "nova": 5, "全球": 4, "代言人": 3, "千玺": 7, "5G": 21, "手机": 9, "态度": 2, "！": 15, "新品": 2, "今日": 5, "开售": 6, "体验": 5, "~": 3, "荣耀": 2, "占": 1, "中国": 13, "线上": 1, "市场": 3, "一半": 1, "份额": 1, "调查": 1, "品牌": 2, "选项": 1, "列出": 1, "评论区": 2, "补充": 1, "明年": 2, "反弹": 1, "#​": 2, "阿华": 1, "灵魂": 1, "分享": 2, "成语": 1, "新解": 1, "据说": 1, "nova星人": 1, "才能": 2, "猜中": 1, "脑洞": 1, "大开": 1, "词语": 1, "华科大": 1, "学生": 5, "武汉": 5, "光电": 5, "国家": 8, "研究": 5, "中心": 5, "计算机": 6, "专业": 6, "快": 2, "92年": 1, "出生": 1, "左鹏飞": 4, "毕业生": 3, "博士": 1, "阶段": 2, "攻读": 1, "科学": 4, "技术": 4, "11月": 1, "答辩": 1, "9月": 1, "发": 2, "近日": 2, "正式": 2, "签约": 5, "201万": 1, "职位": 1, "nova65G": 1, "带": 6, "回家": 2, "~​": 2, "x": 1, "烊": 1, "千": 1, "玺": 1, "明星": 1, "美貌": 1, "线发": 1, "福利": 1, "分期": 1, "兑现": 1, "九": 2, "宫格": 2, "代言": 1, "姓": 1, "走过": 1, "路过": 1, "12月": 2, "22日": 1, "帅哥": 1, "首场": 1, "唱": 1, "关注": 1, "TFBOYS": 2, "代言华": 1, "系列": 2, "都": 7, "想要": 1, "超过": 1, "3": 1, "职场": 1, "能力": 2, "匹配": 3, "工资": 5, "网友": 3, "纷纷": 1, "羡慕": 1, "提出": 1, "疑问": 1, "求职者": 1, "教": 1, "方法": 1, "人人": 1, "视频": 12, "L人人": 1, "秒拍": 3, "nova星": 2, "引领": 1, "时尚": 1, "承载": 1, "青年": 1, "梦想": 1, "X": 1, "潮流": 1, "大不一样": 2, "华科": 1, "这位": 1, "厉害": 1, "秋招季": 2, "尾声": 2, "很多": 4, "同学": 2, "着急": 3, "希望": 1, "领域": 1, "企业界": 1, "成功": 1, "楚天": 1, "都市报": 1, "L楚天": 1, "钱": 5, "工作": 2, "西班牙": 8, "电信": 8, "德国": 14, "子公司": 3, "合作": 8, "11日": 1, "公司": 5, "芬兰": 1, "诺基亚": 2, "建设": 3, "网络": 2, "(": 3, ")": 3, "有限": 3, "当天": 1, "发布": 4, "新闻公报": 1, "比例": 1, "提供": 2, "入网": 1, "基站": 1, "设备": 5, "前提": 1, "企业": 1, "相关": 1, "认证": 1, "核心": 1, "供应商": 4, "选定": 1, "10月": 1, "政府": 9, "准则": 1, "草案": 1, "迄今": 1, "尚未": 1, "实施": 1, "想": 7, "浪费": 1, "时间": 1, "首席": 1, "执行官": 1, "马库斯": 1, "⋅哈斯": 1, "业务": 1, "开启": 1, "增长": 1, "据悉": 1, "2020年": 1, "服务": 1, "率先": 1, "覆盖": 2, "柏林": 1, "汉堡": 1, "慕尼黑": 1, "科隆": 1, "法兰克福": 1, "5": 2, "座": 3, "城市": 5, "2022年": 1, "年底": 1, "拓展": 1, "30": 1, "1600万": 1, "人口": 1, "O": 2, "未曾": 1, "探索": 3, "角落": 1, "带上": 1, "WatchGT#2": 1, "只管": 1, "跑": 2, "尽头": 1, "路上": 1, "瞧": 1, "～​": 1, "学习": 2, "旅程": 1, "💫": 1, "火星": 7, "☄️": 1, "这次": 1, "交到": 1, "朋友": 2, "回忆": 1, "添": 1, "独特": 2, "滋味": 1, "替代": 1, "重复": 1, "天气": 1, "很": 1, "冷": 1, "心暖": 1, "谢谢": 3, "夜空": 2, "亮": 1, "星": 1, "大鹅": 1, "温暖": 1, "GQ": 2, "安排": 1, "感恩": 1, "1000": 1, "观星": 2, "旅": 3, "等到": 1, "四": 1, "字": 1, "弟弟": 1, "九宫格": 1, "路": 1, "美女": 1, "速度": 1, "抢购": 1, "拍": 5, "派": 1, "杂交": 1, "水稻": 1, "父": 1, "袁隆平": 2, "院士": 2, "送": 1, "全新": 2, "Mate30": 1, "RS": 1, "保时捷": 1, "设计": 1, "对此": 2, "敞亮": 1, "值得一提的是": 1, "89": 1, "岁": 1, "高龄": 1, "默默": 1, "无私奉献": 1, "袁": 1, "老": 1, "思想": 1, "境界": 1, "值得": 1, "尊重": 4, "外媒": 1, "宣称": 2, "驻": 7, "丹麦": 17, "大使": 9, "威胁": 5, "法罗": 10, "群岛": 2, "澄清": 3, "2019年": 1, "12日": 1, "外交部": 6, "发言人": 3, "华春莹": 3, "主持": 1, "例行": 1, "记者会": 1, "记者": 2, "提问": 1, "称": 2, "昨天": 2, "外国": 1, "威励": 1, "法罗群岛": 1, "就此": 1, "中方": 5, "媒体": 3, "报道": 3, "内容": 1, "属实": 1, "外交大臣": 2, "告诉": 2, "选择": 5, "错误": 2, "通信": 2, "行业": 3, "属法": 1, "罗": 1, "自主": 1, "决策": 2, "领城": 1, "相互": 3, "遵守": 1, "国际": 1, "规则": 1, "外交": 2, "政策": 1, "基础": 2, "适用于": 1, "交往": 1, "包括": 1, "伙伴": 1, "关系": 1, "自治": 1, "总理": 1, "部长": 1, "从未": 1, "交流": 1, "感受": 1, "胁迫": 1, "会面": 1, "建设性": 1, "对话": 1, "政党": 1, "负责人": 1, "民众": 3, "美国": 5, "日前": 2, "公开": 4, "阻止": 1, "极为": 1, "合适": 1, "受制于": 2, "压力": 2, "影响": 1, "独立": 1, "恐怕": 2, "记得": 2, "前不久": 2, "发出": 2, "言论": 2, "国": 2, "不满": 2, "丹方": 2, "努力": 1, "深化": 1, "政治": 1, "互信": 1, "务实": 1, "平等": 1, "精神": 1, "推动": 1, "中丹": 1, "互利": 1, "成果": 1, "O外媒": 1, "竟然": 1, "置身": 1, "浩瀚": 1, "星海": 1, "张雪迎": 3, "Sophie": 3, "105": 2, "°": 2, "超广角": 2, "寻找": 1, "真实": 1, "入手": 1, "解锁": 1, "打开": 1, "方式": 1, "美妆": 1, "教程": 1, "特写": 1, "拍妆容": 1, "细节": 1, "虚焦": 1, "报告": 1, "显示": 2, "名校": 1, "收割机": 1, "人数": 3, "最多": 2, "浙江": 2, "广州": 1, "日报": 1, "数据": 2, "数字化": 1, "研究院": 1, "GDI": 1, "智库": 1, "一流": 1, "高校": 2, "就业": 1, "数鉴": 1, "双一流": 1, "排名": 2, "前三": 1, "电子": 1, "制造业": 1, "建筑": 1, "金融": 1, "频率": 1, "西北": 1, "工业": 1, "梨视频": 1, "文化": 2, "L梨": 1, "辟谣": 1, "；": 1, "L小央": 1, "小央": 1, "黑": 1, "请": 1, "脑子": 1, "政要": 1, "十几": 1, "小时": 1, "可爱": 2, "流泪": 1, "读": 1, "文案": 1, "哈哈哈": 1, "教教": 1, "在家": 1, "拍出": 1, "好看": 1, "写真": 1, "畅享": 1, "10S": 1, "4800万": 1, "高清": 1, "三": 1, "摄": 1, "拍照": 1, "不用": 3, "修": 1, "快感": 1, "拥有": 1, "一番": 1, "一整天": 1, "不怎么": 1, "担心": 3, "充电": 1, "安全感": 1, "女生": 1, "幸福": 1, "4000": 1, "mAh": 1, "超": 1, "强续": 1, "航大": 1, "电池": 1, "拍摄": 1, "全程": 1, "光线": 1, "顺光": 1, "逆光": 1, "清晰": 1, "AI夜": 1, "功能": 1, "强大": 1, "～": 2, "120": 1, "°超": 1, "广角": 1, "镜头": 2, "记录": 1, "精彩": 1, "瞬间": 1, "风景": 1, "自动": 1, "美颜": 1, "俘虏": 1, "芳心": 1, "简直": 1, "喜欢": 1, "哭": 1, "小可爱们": 1, "赶紧": 1, "学": 1, "家拍": 1, "拍拍": 1, "包子": 1, "VLOG": 1, "L包纸": 1, "包纸": 1, "肉肉": 1, "过年": 1, "款": 2, "Mate30Pro": 1, "小米": 1, "9": 1, "Pro": 1, "V30ProvivoNEX3": 1, "5g手机": 1, "平行": 1, "宇宙": 1, "也许": 1, "色彩": 1, "星球": 1, "穿梭": 1, "浩瀚星河": 1, "场": 1, "时空": 1, "穿越": 1, "居住": 1, "颗": 1, "一望无际": 1, "荒漠": 1, "戈壁": 1, "星河": 2, "……": 1, "装下": 2, "此次": 1, "伙伴们": 1, "来到": 1, "冷湖": 1, "营地": 1, "↓": 1, "赶快": 1, "观看": 1, "影片": 1, "一同": 1, "探秘": 1, "L华": 1, "终端": 1, "官方": 1, "穿着": 1, "宇航服": 1, "漫步": 1, "6视界": 1, "日落": 1, "浪漫": 1, "奇妙": 1, "前置": 1, "世界": 1, "头条": 1, "文章": 1, "降低": 3, "风险": 3, "偏好": 3, "": 1, "财经": 1, "每日": 1, "必读": 1, "赚钱": 2, "季": 1, "周四": 1, "股权": 1, "/": 6, "公告": 1, "+": 4, "半导体": 1, "芯片": 1, "能源": 1, "汽车": 1, "区块链": 1, "科创": 1, "基建": 1, "周期": 1, "板块": 4, "调整": 2, "养殖": 1, "企稳": 1, "迹象": 1, ";": 1, "主板": 1, "缩量": 1, "下跌": 1, "预设": 1, "明日": 3, "回踩": 1, "观察": 3, "成交量": 1, "放大": 2, "强势": 3, "股": 3, "接力": 4, "亏": 2, "效应": 3, "再次": 1, "南宁": 1, "百货": 1, "晶方": 1, "华兴": 1, "源创": 1, "情绪": 1, "标杆": 1, "空间板": 1, "高度": 1, "7板": 1, "首板": 1, "数量": 1, "减少": 1, "大概": 1, "下降": 1, "操作": 1, "难度": 1, "增大": 1, "早盘": 1, "入场": 1, "发散": 1, "优": 1, "策略": 1, "低": 2, "吸": 1, "主线": 1, "人气股": 1, "超跌": 1, "创": 1, "轮动": 1, "补涨": 1, "吸富": 1, "一生": 1, "刚才": 1, "件": 1, "事情": 1, "昨晚": 1, "喝醉": 1, "第二": 1, "找": 1, "这是": 1, "P20Pro": 1, "质量": 1, "杠杠": 1}