[{"text": "\n                    【外媒：#华为将淘汰10%管理者#】华为轮值董事长徐直军表示，2020年华为将“全力以赴”开发自己的移动操作系统，该系统将会涵盖云存储和应用商店等服务，这是“在中国以外的市场销售智能设备的基础”。徐直军还表示，华为将会继续清除平庸的管理者，以及自满不前的员工，因为华为需要让企业摆脱自满情 ​  展开全文c \n                    【外媒：#华为将淘汰10%管理者#】华为轮值董事长徐直军表示，2020年华为将“全力以赴”开发自己的移动操作系统，该系统将会涵盖云存储和应用商店等服务，这是“在中国以外的市场销售智能设备的基础”。徐直军还表示，华为将会继续清除平庸的管理者，以及自满不前的员工，因为华为需要让企业摆脱自满情绪，他们每年都会辞去表现最差的10%的管理者。#华为2020年末位淘汰主管# O外媒：华为2020年拟淘汰10%表现最差管理者 收起全文d\n", "author": "新浪科技", "time": "新浪科技2019年12月31日13:45 来自微博weibo.com", "transmit": " 转发 61", "comment": "评论 365", "zan": " 2337"}, {"text": "\n                    感谢华为nova6为我记录了今年的最后几天永别了，2019#2020together# ​                ", "author": "Panta点打不出来Q", "time": "Panta点打不出来Q2019年12月31日21:27 来自nova65G自拍大不一样", "transmit": " 转发 27", "comment": "评论 111", "zan": " 1418"}, {"text": "\n                    昨晚，成都，现场听评书，真不像75岁的人，刘兰芳老师，大牛人也。 另外，我坐第六排，用华为手机拍的。 ​                ", "author": "樊建川", "time": "樊建川2019年12月31日07:37 来自华为Mate30保时捷设计", "transmit": " 转发 70", "comment": "评论 134", "zan": " 843"}, {"text": "\n                    【华为董事长徐直军：生存是明年第一要务 #华为2020年末位淘汰主管#】华为公司轮值董事长徐直军今天发表了题为《求生存，谋发展，砥砺奋进》的2020年新年致辞。他称，2020年预计将是“艰难的一年”，公司的增速不太可能像今年上半年那样快，#华为2020年末位淘汰10%主管#，以摆脱公司内部滋生的自满情 ​  展开全文c \n                    【华为董事长徐直军：生存是明年第一要务 #华为2020年末位淘汰主管#】华为公司轮值董事长徐直军今天发表了题为《求生存，谋发展，砥砺奋进》的2020年新年致辞。他称，2020年预计将是“艰难的一年”，公司的增速不太可能像今年上半年那样快，#华为2020年末位淘汰10%主管#，以摆脱公司内部滋生的自满情绪。一些支持甚至运营部门将会被合并或者缩小规模，增加的员工可能会被重新分配到其他部门。 收起全文d\n", "author": "凤凰网科技", "time": "凤凰网科技2019年12月31日09:02 来自微博weibo.com", "transmit": " 转发 564", "comment": "评论 2600", "zan": " 29710"}, {"text": "\n                    辞职走出去的这三年，经常会为“自己正感受着”而觉得无比幸运，这些体验和感受教会我的是更加宽容地去理解这个世界。糟心的事儿每天都在发生，但我始终相信在一个更大更广的维度里，让人感受到美好，希望和力量的东西，才是会一直存在的。新的一年，继续做观察者，和#华为nova6#5G一起，把广阔世界 ​  展开全文c \n                    辞职走出去的这三年，经常会为“自己正感受着”而觉得无比幸运，这些体验和感受教会我的是更加宽容地去理解这个世界。糟心的事儿每天都在发生，但我始终相信在一个更大更广的维度里，让人感受到美好，希望和力量的东西，才是会一直存在的。新的一年，继续做观察者，和#华为nova6#5G一起，把广阔世界装进生活。L时尚芭莎BazaarV的秒拍视频 收起全文d\n", "author": "王小猴儿_", "time": "王小猴儿_2019年12月31日19:40 来自微博weibo.com", "transmit": " 转发 835", "comment": "评论 794", "zan": " 2571"}, {"text": "\n#华为新年致辞#【#华为2019年收入超8500亿元# ，增长18%未达预期】12月31日，华为轮值董事长徐直军发布新年致辞表示，预计华为全年实现销售收入超8500亿，同比增长约18%。尽管没有达到年初预期，但公司整体经营稳健，基本经受住了考验。2020年要全力打造HMS生态，同时要把基于鲲鹏与昇腾处理器的产品作 ​  展开全文c \n#华为新年致辞#【#华为2019年收入超8500亿元# ，增长18%未达预期】12月31日，华为轮值董事长徐直军发布新年致辞表示，预计华为全年实现销售收入超8500亿，同比增长约18%。尽管没有达到年初预期，但公司整体经营稳健，基本经受住了考验。2020年要全力打造HMS生态，同时要把基于鲲鹏与昇腾处理器的产品作为一个重要增长方向。#华为2020年末位淘汰主管# @老板联播 L老板联播的微博视频 收起全文d\n", "author": "梨视频", "time": "梨视频2019年12月31日10:10 来自手机平板·视频社区", "transmit": " 转发 65", "comment": "评论 732", "zan": " 4024"}, {"text": "\n                    今晚是跨年夜，你将和谁一起度过？#自拍大不一样# 记录下美好的时刻，期待新年更好的到来  L微博牧场计划的酷燃视频 关注并转发视频抽送华为nova6 5G手机一台 ​ O抽奖详情 ​                ", "author": "微博牧场计划", "time": "微博牧场计划2019年12月31日16:00 来自日常·视频社区", "transmit": " 转发 1038", "comment": "评论 308", "zan": " 416"}, {"text": "\n                    飞飞飞，冲冲冲，用华为的小伙伴快去体验吾皇巴扎黑新主题.... ​                ", "author": "吾皇的白茶", "time": "吾皇的白茶2019年12月31日11:36 来自微博weibo.com", "transmit": " 转发 64", "comment": "评论 329", "zan": " 3586"}, {"text": "\n#微盘点# 【跨年回望：新闻搜索热词里的2019】在即将过去的2019年里，澎湃新闻被搜索频率最高的关键词有：区块链、华为、滴滴、奔驰、5G、猪肉、NBA、垃圾分类等……124秒带你回顾网友们最关心的话题。O跨年回望：新闻搜索热词里的2019 L澎湃新闻的微博视频 ​                ", "author": "澎湃新闻", "time": "澎湃新闻2019年12月31日19:33 来自微博weibo.com", "transmit": " 转发 76", "comment": "评论 52", "zan": " 219"}, {"text": "\n                    太心痛了！高通公布了自己的5G收费标准，全网小米，OV，魅族，一加，等用高通芯片的手机，每卖出1部3000的手机，要向高通交97-150元。而除华为以外的国产手机厂商，低头缴费也就罢了，只是这样的每年交几百亿日子何时是个头。然而华为就不需要担心，因为麒麟芯片性能已经赶超同期的高通芯片。其次华为 ​  展开全文c \n                    太心痛了！高通公布了自己的5G收费标准，全网小米，OV，魅族，一加，等用高通芯片的手机，每卖出1部3000的手机，要向高通交97-150元。而除华为以外的国产手机厂商，低头缴费也就罢了，只是这样的每年交几百亿日子何时是个头。然而华为就不需要担心，因为麒麟芯片性能已经赶超同期的高通芯片。其次华为也不会收专利费，之前任正非就说过知识产权是用来保护自己，而不是进攻他人，为了技术创新，哪有那么多时间去打官司收专利费！这就是一个75岁企业家的胸怀，太善良了！#华为##小米# 收起全文d\n", "author": "股市女人", "time": "股市女人2019年12月31日00:46 来自微博weibo.com", "transmit": " 转发 203", "comment": "评论 2379", "zan": " 8305"}, {"text": "\n#新年新世界#【马云的再见、柳传志的退隐、董明珠的斗志…#2019财经表情#大盘点来了↓】今天我们回望2019，有太多热闹的片段、有太多的失落的瞬间。今年，一生为人低调神秘的华为创始人任正非，全面开启了采访模式；“联想之父”75岁的柳传志真的解甲归田了；马云在阿里巴巴成立20周年之际，正式卸任董 ​  展开全文c \n#新年新世界#【马云的再见、柳传志的退隐、董明珠的斗志…#2019财经表情#大盘点来了↓】今天我们回望2019，有太多热闹的片段、有太多的失落的瞬间。今年，一生为人低调神秘的华为创始人任正非，全面开启了采访模式；“联想之父”75岁的柳传志真的解甲归田了；马云在阿里巴巴成立20周年之际，正式卸任董事局主席；65岁的董明珠依然斗志不减，一场混改事件为她争取到了更多为格力奋斗的时间……更多财经大咖表情，戳视频↓  L央视财经的酷燃视频 收起全文d\n", "author": "央视财经", "time": "央视财经2019年12月31日23:20 来自微博weibo.com", "transmit": " 转发 82", "comment": "评论 23", "zan": " 227"}, {"text": "\n#华为2020年末位淘汰主管# 你会继续支持华为吗？  ​​​ 请选择 ​                ", "author": "王才祥wcx", "time": "王才祥wcx2019年12月31日19:12", "transmit": " 转发 23", "comment": "评论 45", "zan": " 9647"}, {"text": "\n                    独属于跨年夜的仪式感——看跨年演唱会。作为国内跨年演唱会的鼻祖，湖南卫视今年邀请到了TFBOYS、吴亦凡、杨紫、王一博……这样的阵容，华为和荣耀用户使用手机自带的#华为视频# 就能同步观看湖南卫视跨年演唱会直播，感觉是时候安排了！ ​                ", "author": "野居青年", "time": "野居青年2019年12月31日18:30 来自微博weibo.com", "transmit": " 转发 212", "comment": "评论 290", "zan": " 812"}, {"text": "\n                    【华为董事长徐直军：#华为2020年末位淘汰主管#】12月31日，华为公司轮值董事长徐直军1发表了题为《求生存，谋发展，砥砺奋进》2020新年致辞。他称，2020预计将是“艰难的一年”，公司增速不太可能像今年上半年那样快，华为2020年末位淘汰10%主管，以摆脱公司内部滋生的自满情绪。L老板联播的微博视频 ​                ", "author": "新浪科技", "time": "新浪科技2019年12月31日23:02 来自手机平板·视频社区", "transmit": " 转发 58", "comment": "评论 34", "zan": " 261"}, {"text": "\n                    之前华为「新影像·不止所见」手机影像艺术展开幕时候就来打卡过，当时就对200块#华为MatePad#Pro组成的2020新年巨幅插画印象深刻，没想到看到华为官方微博剧透，才发现这幅画还暗藏了“鼠年”玄机！我就又来了，想亲自看看被miss掉的隐藏老鼠彩蛋，顺便解锁了新的美照啦啦啦～#2020together# ​                ", "author": "大胃妖精cici", "time": "大胃妖精cici2019年12月31日13:35 来自微博weibo.com", "transmit": " 转发 418", "comment": "评论 543", "zan": " 1385"}, {"text": "\n                    又到了各家年终盘点的时候了，荣耀今年很亮眼哦！每一次的进化，都带来满满的惊喜，不管是科技、潮牌、音乐、还是电竞，都玩出了不一样的新潮和花样！一起来品品。2020就要来了，5G智慧新世界还会远吗？L荣耀honor官方微博的秒拍视频 ​                ", "author": "娱乐圈小青年", "time": "娱乐圈小青年2019年12月31日20:45 来自手机平板·视频社区", "transmit": " 转发 1045", "comment": "评论 1136", "zan": " 2483"}, {"text": "\n                    Flag年年翻车年年立，2020年，和#华为云空间#一起，立个不翻车Flag~ ​                ", "author": "娱小读同学", "time": "娱小读同学2019年12月31日17:00 来自微博weibo.com", "transmit": " 转发 276", "comment": "评论 551", "zan": " 576"}, {"text": "\n                    走走停停，广阔世界尽收眼中，用镜头记录旅途，定格那些美好瞬间。#华为nova6#5G 105°前置超广角镜头，与世界合拍，记录更广阔的人生，助她大不一样。新的一年也要继续用华为nova6 5G记录自己的高光时刻！@华为终端官方微博 祝大家新年快乐#自拍大不一样#L时尚芭莎BazaarV的秒拍视频 ​                ", "author": "时尚芭莎", "time": "时尚芭莎2019年12月31日19:47", "transmit": " 转发 827", "comment": "评论 221", "zan": " 763"}, {"text": "\n                    马上寒假了，舍不得与舍友分离？点击get#华为nova6#5G#自拍大不一样#校园大片教程，一键解锁清新文艺风，回家前先跟好友来一波美美的校园自拍吧～ L自拍大不一样 ​                ", "author": "华为终端官方微博", "time": "华为终端官方微博2019年12月31日10:00 来自微博weibo.com", "transmit": " 转发 144", "comment": "评论 315", "zan": " 1202"}, {"text": "\n                    跨年夜可能是每年的最全舞台合集了，从彩排来看王一博骑摩托、还要水中唱跳，杨紫高空梦幻彩排，王源化起了烟熏妆，湖南卫视的跨年演唱会非常让人期待，更让人兴奋地是华为和荣耀用户打开自带的#华为视频# 直接就能看芒果TV、优酷、腾讯视频的内容，今晚就能看起来~ ​                ", "author": "杀马特强子", "time": "杀马特强子2019年12月31日17:50 来自微博weibo.com", "transmit": " 转发 88", "comment": "评论 100", "zan": " 218"}, {"text": "\n                    2020年的此刻还在握着小手机刷微博的朋友，看这里！虽然我们没有出去嗨，但不影响看看别人怎么玩的！华为联合十座城市的年轻人将要用#华为智慧屏#来一场跨越空间的#跨年#趴，快来瞧瞧！#2020together#L华为终端官方微博的秒拍视频 ​                ", "author": "原图妈", "time": "原图妈2019年12月31日22:45 来自微博weibo.com", "transmit": " 转发 259", "comment": "评论 409", "zan": " 1091"}, {"text": "\n                    【#华为2019年收入1220亿美元# 同比增长18%】据英国《金融时报》报道，华为2019年收入同比增长18%至1220亿美元。#华为2019年智能手机出货量2.4亿部#，上年为2.06亿部。O华为2019年收入1220亿美元 同比增长18% ​                ", "author": "新浪科技", "time": "新浪科技2019年12月31日07:22 来自微博weibo.com", "transmit": " 转发 82", "comment": "评论 13", "zan": " 114"}, {"text": "\n                    【又一家华为子公司高管变更：孟晚舟退出董事】继今年11月后，本月又一家华为子公司的高管发生变更。数据显示，12月26日，华为全资子公司杭州华为企业通信技术有限公司高管出现变更，华为轮值董事长郭平卸任法定代表人、董事长，由田兴普接任。此外，孟晚舟退出董事，新增董事庞云光。 ​  展开全文c \n                    【又一家华为子公司高管变更：孟晚舟退出董事】继今年11月后，本月又一家华为子公司的高管发生变更。数据显示，12月26日，华为全资子公司杭州华为企业通信技术有限公司高管出现变更，华为轮值董事长郭平卸任法定代表人、董事长，由田兴普接任。此外，孟晚舟退出董事，新增董事庞云光。O杭州华为董事会调整：孟晚舟退出 田兴普任董事长 收起全文d\n", "author": "新浪财经", "time": "新浪财经2019年12月31日09:03 来自微博weibo.com", "transmit": " 转发 13", "comment": "评论 19", "zan": " 194"}, {"text": "\n                    最好的陪伴是：当你刚好需要，而我就在身边。2019 年末时分，你希望与谁一起相伴走入新的一年？华为 MatePad Pro 愿陪你一起跨越时间，见证爱与温暖。2020，新年快乐️  LZEALER中国的微博视频 ​                ", "author": "ZEALER中国", "time": "ZEALER中国2019年12月31日15:44 来自手机平板·视频社区", "transmit": " 转发 550", "comment": "评论 21", "zan": " 67"}, {"text": "\n                    没有什么事是一个#华为VR#Glass解决不的，划船冲浪的刺激，在家就能体验，盘ta！#2020together# L华为终端官方微博的秒拍视频 ​                ", "author": "柚子娱乐", "time": "柚子娱乐2019年12月31日18:40 来自微博weibo.com", "transmit": " 转发 401", "comment": "评论 362", "zan": " 1907"}, {"text": "\n                    2019，对于你，有什么想说的吗？得到，失去，高光，不堪不求人好感，不予人难堪踏实做自己吧！2020，我们永不止步。@华为终端官方微博 芥眜RAYN L芥眜的微博视频 ​                ", "author": "芥眜", "time": "芥眜2019年12月31日18:19 来自iPhoneX", "transmit": " 转发 10", "comment": "评论 146", "zan": " 241"}, {"text": "\n                    【外媒：华为将淘汰10%管理者】华为轮值董事长徐直军表示，华为将会继续清除平庸的管理者，以及自满不前的员工，因为华为需要让企业摆脱自满情绪，他们每年都会辞去表现最差的10%的管理者。 ​                ", "author": "IT互联网资讯", "time": "IT互联网资讯2019年12月31日14:57", "transmit": " 转发 144", "comment": "评论 599", "zan": " 3123"}, {"text": "\n                    2019年最后一天啦，那些安安静静躺了一年的Flag，你还记得吗？莫慌，有了#华为云空间#，新年Flag轻松实现！2020年，你的不翻车Flag，准备好了吗？ ​                ", "author": "李杰灵", "time": "李杰灵2019年12月31日17:00 来自微博weibo.com", "transmit": " 转发 7", "comment": "评论 34", "zan": " 200"}, {"text": "\n                    2020年开年的好消息， 华为授权体验店Plus（呼和浩特振华广场）明天正式开业！新的一年，说说看你想让华为体验店Plus开到哪里呢？ ​                ", "author": "华为终端官方微博", "time": "华为终端官方微博2019年12月31日15:00 来自微博weibo.com", "transmit": " 转发 30", "comment": "评论 194", "zan": " 565"}, {"text": "\n                    这些画都是插画师们用#华为MatePad#Pro画出来的，很好看！华为最新的旗舰平板我也想买，可是机哥我根本不会画画。 ​                ", "author": "搞机圈的那些事", "time": "搞机圈的那些事2019年12月31日19:00 来自微博weibo.com", "transmit": " 转发 31", "comment": "评论 198", "zan": " 288"}]