[{"text": "\n#优酷福利社#世界之酷不止一点，#华为nova4#，关注@优酷 转发此微博，随机抽取1人送一部手机（nova3 6GB+128GB一台），12月9日开奖哦 ​                ", "author": "优酷", "time": "优酷2018年12月05日10:00 来自微博weibo.com", "transmit": " 转发 7666", "comment": "评论 4434", "zan": " 3254"}, {"text": "\n                    联通世界不止一点，#华为nova4#。关注@中国联通  +转发，抽送一部nova3手机（6GB+128GB），12月12日开。 ​                ", "author": "中国联通", "time": "中国联通2018年12月05日09:32", "transmit": " 转发 16938", "comment": "评论 12482", "zan": " 3760"}, {"text": "\n                    闪耀不止一点，@微博电视剧 与#华为nova4#共同发放福利！【转发此微博，随机抽取1人送一部手机（nova3 6GB+128GB一台），12月9日开奖】 ​                ", "author": "微博电视剧", "time": "微博电视剧2018年12月05日09:00 来自微博weibo.com", "transmit": " 转发 7518", "comment": "评论 5253", "zan": " 4183"}, {"text": "\n                    超值不止一点，必须是自拍极点全面屏——#华为nova4#！转发此微博，揪一个小啵啵1部nova3手机（6GB+128GB）！ ​                ", "author": "苏宁手机", "time": "苏宁手机2018年12月05日10:18 来自微博weibo.com", "transmit": " 转发 6661", "comment": "评论 3731", "zan": " 2489"}, {"text": "\n                    本次的叶秋评测测试了一下华为手机的识图、翻译、3D扫描及拍照功能！#哔哩哔哩# 这扫描建模真是太好笑了！！ L【叶秋评测】华为mate20，pro，p20pro，20x拍照讲解vs三星note9 UP：@欧阳秋叶 ​                ", "author": "哔哩哔哩弹幕网", "time": "哔哩哔哩弹幕网2018年12月05日13:47 来自微博weibo.com", "transmit": " 转发 25", "comment": "评论 64", "zan": " 256"}, {"text": "\n                    资讯不止一点，期待#华为nova4# 的到来。关注@搜狐 并转发微博，12月20日，小狐将通过@微博抽奖平台 抽送nova3 6GB+128GB一台。 ​                ", "author": "搜狐", "time": "搜狐2018年12月05日10:06 来自iPhone客户端", "transmit": " 转发 4487", "comment": "评论 3912", "zan": " 2358"}, {"text": "\n                    英特尔和华为今日成功完成全球首个2.6GHz频段基于3GPP Release 15标准9月份版本、SA架构的5G NR（新空口）互操作性测试。测试中使用了英特尔MTP 5G平台和支持2.6GHz频段、160MHz大带宽的华为5G NR商用版本，并成功打通First Call。测试的完成是2.6GHz频段5G NR产业成熟和大规模商用发展的关键里程碑。 ​                ", "author": "华为中国", "time": "华为中国2018年12月05日20:13 来自微博weibo.com", "transmit": " 转发 37", "comment": "评论 94", "zan": " 1083"}, {"text": "\n                    品质阅读不止一点，#华为nova4# 。关注大阅阅并转发，抽1人送【nova3手机】一台，12月9日开奖！ ​                ", "author": "掌阅读书", "time": "掌阅读书2018年12月05日10:00 来自微博weibo.com", "transmit": " 转发 6705", "comment": "评论 5497", "zan": " 4647"}, {"text": "\n                    【英国军情六处：5G以华为技术为基础，很难抉择用不用】据华尔街日报3日报道，美国正向盟友们施压，要求他们不要用华为5G技术，美国认为会存在网络安全的风险。英国情报机构最高负责人、军情六处处长扬格称，5G技术主要是华为技术为基础，“英国在是否使用华为5G技术上面临艰难抉择。” ​                ", "author": "新浪军事", "time": "新浪军事2018年12月05日10:11 来自微博weibo.com", "transmit": " 转发 50", "comment": "评论 107", "zan": " 132"}, {"text": "\n易烊千玺 【小痘痘节选】易烊千玺脸上的那颗痘痘，一个普通的过路人会以为它和你们的一样，但它单独一颗就胜过你们全部，因为它是易烊千玺用涂鸦装饰的，因为它是易烊千玺亲手用华为拍下的，因为它是易烊千玺吃多了中戏的鸡腿和馄饨长出来的，因为它是易烊千玺熬夜熬出来的。因为易烊 ​  展开全文c \n易烊千玺 【小痘痘节选】易烊千玺脸上的那颗痘痘，一个普通的过路人会以为它和你们的一样，但它单独一颗就胜过你们全部，因为它是易烊千玺用涂鸦装饰的，因为它是易烊千玺亲手用华为拍下的，因为它是易烊千玺吃多了中戏的鸡腿和馄饨长出来的，因为它是易烊千玺熬夜熬出来的。因为易烊千玺倾听过它的哀怨，它的吹嘘，有时甚至是因为它的沉默。因为它是易烊千玺脸上的痘痘。@TFBOYS-易烊千玺 收起全文d\n", "author": "Duidui_wifi", "time": "Duidui_wifi2018年12月05日18:08 来自易烊千玺超话", "transmit": " 转发 714", "comment": "评论 517", "zan": " 2038"}, {"text": "\n欢go中国不止一点，#华为nova4#。【转发此微博，随机抽取1人送一部nova3手机（6GB+128GB），12月12日开奖】 ​                ", "author": "中国电信营业厅官微", "time": "中国电信营业厅官微2018年12月05日15:13 来自专业版微博", "transmit": " 转发 3310", "comment": "评论 2116", "zan": " 1134"}, {"text": "\n                    据知情人士透露，#华为nova4# 的好不止一点！就像我小王ji的魅力不止帅气这一点一样转发，抽1位送 华为nova3 ​                ", "author": "京东手机通讯", "time": "京东手机通讯2018年12月05日10:48 来自微博weibo.com", "transmit": " 转发 4539", "comment": "评论 1830", "zan": " 1630"}, {"text": "\n                    有这样一个艺术家，把艺术创作玩得淋漓尽致，他笔下的艺术世界，异彩纷呈，想象非凡......他就是艺术家@林帝浣 ！12月9日，小林老师将空降重庆，现身#华为主题艺术沙龙#，用华为Mate 20X跨界创作，带大家领略诗情画意的艺术世界！戳O网页链接即可报名参与！转评抽送3个签名日历+3个定制帆布 ​  展开全文c \n                    有这样一个艺术家，把艺术创作玩得淋漓尽致，他笔下的艺术世界，异彩纷呈，想象非凡......他就是艺术家@林帝浣 ！12月9日，小林老师将空降重庆，现身#华为主题艺术沙龙#，用华为Mate 20X跨界创作，带大家领略诗情画意的艺术世界！戳O网页链接即可报名参与！转评抽送3个签名日历+3个定制帆布袋+3张50元京东卡～ 收起全文d\n", "author": "华为终端云服务", "time": "华为终端云服务2018年12月05日21:00 来自微博weibo.com", "transmit": " 转发 167", "comment": "评论 222", "zan": " 106"}, {"text": "\n#设计秀# [第1326期]教你鼠绘华为手机图标！设计思路及方法，值得借鉴，记得练习，转需~ ​​​​（作者： 馒头  xueui.cn ） ​​​​                ", "author": "UI资源库", "time": "UI资源库2018年12月05日23:05 来自微博weibo.com", "transmit": " 转发 121", "comment": "评论 1", "zan": " 89"}, {"text": "\n                    拍到立刻得到的幸福有多远？#华为Mate20#系列支持Huawei Share 一键打印，用手机自动搜索连接打印机，你想要的好照片就能马上拿到手中！O网页链接 ​                ", "author": "余承东", "time": "余承东2018年12月05日20:06 来自HUAWEIMate20Pro", "transmit": " 转发 13", "comment": "评论 87", "zan": " 200"}, {"text": "\n                    【姜超：2019年经济与资本市场展望】如果未来我们下决心收缩货币、减轻税负，那么将会有越来越多的企业会像华为学习，中国的研发创新将充满希望。美国里根在80年代开启了收缩货币、大幅减税的新政，带来了股债双牛的行情，我们在过去两年的金融去杠杆带来了今年的债券牛市，而我们相信今年开始的减税降 ​  展开全文c \n                    【姜超：2019年经济与资本市场展望】如果未来我们下决心收缩货币、减轻税负，那么将会有越来越多的企业会像华为学习，中国的研发创新将充满希望。美国里根在80年代开启了收缩货币、大幅减税的新政，带来了股债双牛的行情，我们在过去两年的金融去杠杆带来了今年的债券牛市，而我们相信今年开始的减税降费也会孕育新一轮股票牛市！O姜超：2019年经济与资本市场展望，中国资本市场或迎接历史机会 收起全文d\n", "author": "新财富杂志", "time": "新财富杂志2018年12月05日07:23 来自iPhone8Plus", "transmit": " 转发 80", "comment": "评论 28", "zan": " 50"}, {"text": "\n                    【英国最大电信服务运营商BT将华为移除出其核心5G网络竞标名单】BT公司还准备在未来两年内将其核心4G网络中的华为设备移除。虽然BT已将华为从其核心5G网络竞标者名单中移除，但BT方面发言人仍表示，华为是该公司“重要的设备供应商和创新合作伙伴”。美国、澳大利亚和新西兰已出于安全方面的考虑阻止 ​  展开全文c \n                    【英国最大电信服务运营商BT将华为移除出其核心5G网络竞标名单】BT公司还准备在未来两年内将其核心4G网络中的华为设备移除。虽然BT已将华为从其核心5G网络竞标者名单中移除，但BT方面发言人仍表示，华为是该公司“重要的设备供应商和创新合作伙伴”。美国、澳大利亚和新西兰已出于安全方面的考虑阻止了使用华为的5G设备 收起全文d\n", "author": "创业家传媒", "time": "创业家传媒2018年12月05日16:56 来自微博weibo.com", "transmit": " 转发 262", "comment": "评论 571", "zan": " 277"}, {"text": "\n                    不怕神一样的对手，就怕疯狂掉线的队友！想要全心投入不掉线？#华为Mate20#X了解一下？L华为手机官方的秒拍视频 ​                ", "author": "华为终端官方微博", "time": "华为终端官方微博2018年12月05日19:02 来自微博weibo.com", "transmit": " 转发 35", "comment": "评论 103", "zan": " 477"}, {"text": "\n                    近日，中国电信国家双创能力开放服务基地正式揭牌，中国电信双创基地暨中国电信5G双创能力开放中心、中国电信物联网产业生态创新中心对外开放。其中，中国电信5G双创能力开放中心将为全行业合作伙伴提供5G垂直应用研发试验环境。此前，深圳电信与华为已成立5G重大联合项目组，并取得诸多突破性成绩，目 ​  展开全文c \n                    近日，中国电信国家双创能力开放服务基地正式揭牌，中国电信双创基地暨中国电信5G双创能力开放中心、中国电信物联网产业生态创新中心对外开放。其中，中国电信5G双创能力开放中心将为全行业合作伙伴提供5G垂直应用研发试验环境。此前，深圳电信与华为已成立5G重大联合项目组，并取得诸多突破性成绩，目前已完成并发布5G领域多个项目，包括开通中国电信首个5G站点，完成首个5G无人机试飞，建成首个独立组网连片覆盖，部署首个5G数字化室分等。 收起全文d\n", "author": "华为中国", "time": "华为中国2018年12月05日14:12 来自微博weibo.com", "transmit": " 转发 16", "comment": "评论 77", "zan": " 339"}, {"text": "\n                    nova 4泄漏 提前发布  华为三星 率先发布开启新一代全面屏手机  Nova是华为青年系列的主力军 定价2K元上下 从曝光的图可以看出 设计相当圆润 左上角挖空代表了下一代安卓机的整体外观！ ​                ", "author": "智能科技", "time": "智能科技2018年12月05日19:56 来自iPhoneXSMax", "transmit": " 转发 20", "comment": "评论 128", "zan": " 252"}, {"text": "\n                    【英国电信将剥离华为4G设备 并禁止其竞标核心5G设备】据英国《金融时报》报道，英国电信将在未来两年内从其核心4G网络中彻底移除华为设备，以确保公司的手机业务符合内部政策。该政策旨在在电信基础设施中边缘化华为设备。同时，英国电信禁止华为参与竞标#5G# 网络设备供应合同。O英国电信将剥离华为4G设备 并禁止其竞标核心5G设备 ​                ", "author": "新浪科技", "time": "新浪科技2018年12月05日16:40 来自微博weibo.com", "transmit": " 转发 39", "comment": "评论 91", "zan": " 54"}, {"text": "\n                    【11月国内Android手机性能排行榜出炉：华为Mate 20系列屠榜】今日，安兔兔发布了11月国内Android手机性能排行榜。搭载麒麟980的Mate 20系列本月继续位居前三名，荣耀Magic 2也杀入榜单，位居第四，其次是黑鲨游戏手机Helo、一加6T、黑鲨游戏手机、努比亚X、一加6、小米8。这个结果你怎么看？ ​                ", "author": "手机中国", "time": "手机中国2018年12月05日14:30 来自微博weibo.com", "transmit": " 转发 15", "comment": "评论 181", "zan": " 182"}, {"text": "\n                    从1986年我国第一座移动通信基站在秦皇岛调试完成，到2018年我国已建成约640万个基站，其间时光已走过32年。展望未来，我们看到5G与AI正在迸发出崭新的火花，而新一代的通信人已在路上。12月6-8日，欢迎莅临#2018中国移动全球合作伙伴大会#华为展台，共同开启智能世界的探索之旅O网页链接 ​                ", "author": "华为中国", "time": "华为中国2018年12月05日13:23 来自微博weibo.com", "transmit": " 转发 18", "comment": "评论 27", "zan": " 348"}, {"text": "\n                    视频戳泪点，年关将至，细数今年或者前几十年，有没有你最想感谢的人？仅管你不被全世界认可，总有那么一个人，默默的为你撑起全世界，放手让你勇敢一搏。 12月7日，苏宁华为超级品牌日，给自己一次说#谢谢你的AI# 的机会~ L苏宁手机的秒拍视频 ​                ", "author": "魏泽楷", "time": "魏泽楷2018年12月05日15:40 来自微博weibo.com", "transmit": " 转发 316", "comment": "评论 185", "zan": " 915"}, {"text": "\n                    今天早上快到公司的时候一摸兜，发现Mate 20 Pro不见了。当时相当绝望，毕竟再顺利买到不知道是什么时候。先给出租车师傅打电话，看了一下后座，师傅说没有手机。然后给华为那个号码打电话，拨通了，还没关机。华为好像是不支持未解锁状态下直接关机。当时的内心戏是，可能小偷还没来得及拔卡！于是 ​  展开全文c \n                    今天早上快到公司的时候一摸兜，发现Mate 20 Pro不见了。当时相当绝望，毕竟再顺利买到不知道是什么时候。先给出租车师傅打电话，看了一下后座，师傅说没有手机。然后给华为那个号码打电话，拨通了，还没关机。华为好像是不支持未解锁状态下直接关机。当时的内心戏是，可能小偷还没来得及拔卡！于是打开华为的查找手机功能对手机进行定位，发现定位的位置赫然显示在我家。从早到晚定位了好几次，显示手机位置一直在我家。看来小偷可能顺便撬开我家门在我家休息了。一会回家会会这个小偷。希望小偷是娜扎 收起全文d\n", "author": "钟文泽", "time": "钟文泽2018年12月05日18:11 来自很想红的iPhoneXR", "transmit": " 转发 13", "comment": "评论 179", "zan": " 269"}, {"text": "\n                    估计不是好决定，但一定是会后悔的决定！英国特勤局局长警告：必须对华为做出“一些决定”。12月4日消息，据金融时报报道，英国特勤局局长亚历克斯• 扬格（Alex Younger）在一次演讲中，表达了对中国通信设备厂商华为的安全担忧。亚历克斯• 扬格在演讲中表示，在美国、新西兰和澳大利亚这样的密切情 ​  展开全文c \n                    估计不是好决定，但一定是会后悔的决定！英国特勤局局长警告：必须对华为做出“一些决定”。12月4日消息，据金融时报报道，英国特勤局局长亚历克斯• 扬格（Alex Younger）在一次演讲中，表达了对中国通信设备厂商华为的安全担忧。亚历克斯• 扬格在演讲中表示，在美国、新西兰和澳大利亚这样的密切情报合作伙伴禁止华为参与5G移动网络建设之后，英国必须对华为做出“一些决定”。 收起全文d\n", "author": "杜文龙", "time": "杜文龙2018年12月05日10:05 来自HUAWEIMate9Pro", "transmit": " 转发 17", "comment": "评论 82", "zan": " 114"}, {"text": "\n                    中文满分！@ChristopherOfficial 深情献唱周兴哲《你好不好》#华为音乐# 专访#christopher# @Christopher资讯 @ChristopherNews LHimalaya_带斑点的喵的秒拍视频 ​                ", "author": "Himalaya_带斑点的喵", "time": "Himalaya_带斑点的喵2018年12月05日14:52 来自christopher超话", "transmit": " 转发 47", "comment": "评论 16", "zan": " 119"}, {"text": "\n#对TA说晚安#每首歌的歌词背后都蕴藏着一则不为人知的故事，包含了创作者太多太多的情感......和小云说说【哪句歌词曾经说破你的心声？】转评，小云将抽一位送出华为耳机一副。 ​​​​                ", "author": "华为终端云服务", "time": "华为终端云服务2018年12月05日22:00 来自微博weibo.com", "transmit": " 转发 209", "comment": "评论 359", "zan": " 138"}, {"text": "\n                    【华为为全球失聪儿童研发新人工智能（ AI）技术  外国网友:为我的孩子谢谢你】华为英国官推透露华为一项新人工智能（AI）技术，可以把图书文字转化为卡通人物手语动画，来帮助全球失聪孩子更好的感知世界。外国网友看到后非常感动，其中一位他有一个7岁的孩子，已经植入2颗人工耳蜗，他为他的孩子 ​  展开全文c \n                    【华为为全球失聪儿童研发新人工智能（ AI）技术  外国网友:为我的孩子谢谢你】华为英国官推透露华为一项新人工智能（AI）技术，可以把图书文字转化为卡通人物手语动画，来帮助全球失聪孩子更好的感知世界。外国网友看到后非常感动，其中一位他有一个7岁的孩子，已经植入2颗人工耳蜗，他为他的孩子感谢华为。还有很多网友说这是一项伟大有意义的科技创新。想说的是，企业不仅是为了利益，还要有更多的社会责任感，关爱更多需要帮助的人，华为用自己最新的人工智能（AI）技术帮助那些失聪儿童，让他们能自主去感知接近正常儿童能感知的世界，让他们的童年更加美好多彩，华为这项技术功德无量标签:#华为##科技##数码##人工智能# 收起全文d\n", "author": "建华Wei业", "time": "建华Wei业2018年12月05日08:18 来自华为超话", "transmit": " 转发 34", "comment": "评论 41", "zan": " 140"}, {"text": "\n                    在圣诞节倒计时的时候，也提醒下各位，快到年底了，有没有今年最想感谢的人？12月7日苏宁华为超级品牌日，来苏宁易购给TA买一台华为手机吧，说一句#谢谢你的AI# L苏宁手机的秒拍视频 ​                ", "author": "C科技", "time": "C科技2018年12月05日16:45 来自微博weibo.com", "transmit": " 转发 160", "comment": "评论 49", "zan": " 54"}]