[{"text": "\n                    【#德国将采用华为设备建设5G网络#】当地时间11日，德国三大电信运营商之一Telefonica宣布，将在未来几年内扩大网络建设。据了解，目前该运营商使用的设备来自诺基亚和华为，并计划在建设5G网络时继续借助诺基亚和华为的技术。(央视记者余鹏) ​                ", "author": "央视新闻", "time": "央视新闻2019年12月11日19:25 来自微博weibo.com", "transmit": " 转发 1255", "comment": "评论 2001", "zan": " 38539"}, {"text": "\n#武汉新闻#【#刚毕业就年薪200万#,华科这位天才学生厉害了！】秋招季的尾声，在很多同学还在着急时。@华中科技大学 学生左鹏飞，由于面试表现优异，他被推荐给华为“天才少年”项目，收到了年薪200万元的offer。左鹏飞是华中科技大学武汉光电国家研究中心计算机科学与技术专业的14级直博研究生， ​  展开全文c \n#武汉新闻#【#刚毕业就年薪200万#,华科这位天才学生厉害了！】秋招季的尾声，在很多同学还在着急时。@华中科技大学 学生左鹏飞，由于面试表现优异，他被推荐给华为“天才少年”项目，收到了年薪200万元的offer。左鹏飞是华中科技大学武汉光电国家研究中心计算机科学与技术专业的14级直博研究生，他不仅收到了华为的邀约，阿里、腾讯、深信服均向其抛来了“橄榄枝”。左鹏飞说，希望在自己现在的专业领域做到更大更强，在企业界带几个成功的项目。O【视频】年薪200万！华科90后博士被华为“抢走” L楚天视频的微博视频 收起全文d\n", "author": "楚天都市报", "time": "楚天都市报2019年12月11日09:17 来自校园·视频社区", "transmit": " 转发 2142", "comment": "评论 5464", "zan": " 108770"}, {"text": "\n                    看了任正非对孟晚舟信件的评论，他站得高，而且作为父亲，他能那样说尤其值得点赞。老胡也没看孟晚舟的那封信，我是听说了网上一些人把孟晚舟与被拘押251天的华为前员工李洪元做对比。我认为这种对比同样是不恰当的。我认为这种对比是一种带节奏的舆论倾向。华为前员工被拘押251天，华为的一名基层主 ​  展开全文c \n                    看了任正非对孟晚舟信件的评论，他站得高，而且作为父亲，他能那样说尤其值得点赞。老胡也没看孟晚舟的那封信，我是听说了网上一些人把孟晚舟与被拘押251天的华为前员工李洪元做对比。我认为这种对比同样是不恰当的。我认为这种对比是一种带节奏的舆论倾向。华为前员工被拘押251天，华为的一名基层主管是报案者，但对该员工进行拘押和后来释放他，以及给予国家赔偿，都不是华为能够控制的。一些人迁怒华为，如果冷静来看，严重不妥。 孟晚舟事件是美国压制华为打响的关键一枪，也是美国以蛮横方式对待中国迈出的凶悍一步。我们必须支持孟晚舟和华为，这是中美博弈层面的大是大非。我们如果这个时候因为别的事情动摇这一基本立场，把孟晚舟看成一个“好了那么久也该倒倒霉了”的富人，那是一种令人可悲的糊涂。 能把华为打得多惨，已经被世界视为美国到底有多大能力压制中国崛起的试金石。任正非自己总是强调，华为的事情他们会自己扛，这是这位华为掌门人有心胸的表现。但是华为的确处在中国崛起眼下遭遇美国前所未有压力最承重的位置上，我们大家能帮华为一把，当然要帮。最起码我们要给这家逆风飞扬的中国高科技公司以精神上的鼓舞和道义上的支持。 老胡理解在华为前员工事件上公众的一些情绪，但是把那种情绪朝着抵制华为的方向带节奏的那些人，或是一些坏人，或是一些缺大义的投机分子。老胡在微信上看到的那些骂华为骂得最狠的人，感觉他们真是与美国那些精英一样，恨不能华为关门。我们大家的思维决不能被他们带着跑了。  收起全文d\n", "author": "胡锡进", "time": "胡锡进2019年12月11日15:42 来自HUAWEIP30Pro", "transmit": " 转发 733", "comment": "评论 3254", "zan": " 17152"}, {"text": "\n                    【#德国将采用华为设备建设5G网络#】当地时间11日，德国三大电信运营商之一Telefonica宣布了一项重大投资计划，Telefonica表示将在未来几年内扩大网络建设。据了解，目前该运营商使用的设备来自诺基亚和华为，并计划在建设5G网络时继续借助诺基亚和华为的技术。近来，是否允许华为设备进入德国5G市场 ​  展开全文c \n                    【#德国将采用华为设备建设5G网络#】当地时间11日，德国三大电信运营商之一Telefonica宣布了一项重大投资计划，Telefonica表示将在未来几年内扩大网络建设。据了解，目前该运营商使用的设备来自诺基亚和华为，并计划在建设5G网络时继续借助诺基亚和华为的技术。近来，是否允许华为设备进入德国5G市场成了德国政坛的热门话题之一，此前德国最大的电信运营商德国电信曾宣布在两年之内将全部华为部件替换出其核心网络。（央视新闻客户端） 收起全文d\n", "author": "环球网", "time": "环球网2019年12月11日19:22 来自微博weibo.com", "transmit": " 转发 129", "comment": "评论 158", "zan": " 3110"}, {"text": "\n                    【#孟晚舟赢下一场法律战# 加拿大法院要求检方提交更多证据】据路透社11日报道，华为首席财务官孟晚舟的律师团队赢得了一场法律战，根据加拿大不列颠哥伦比亚省最高法院10日发布的一份裁决结果显示，法官要求加拿大司法部长交出更多与孟晚舟被捕有关的证据和文件。不列颠哥伦比亚省最高法院副首席法官 ​  展开全文c \n                    【#孟晚舟赢下一场法律战# 加拿大法院要求检方提交更多证据】据路透社11日报道，华为首席财务官孟晚舟的律师团队赢得了一场法律战，根据加拿大不列颠哥伦比亚省最高法院10日发布的一份裁决结果显示，法官要求加拿大司法部长交出更多与孟晚舟被捕有关的证据和文件。不列颠哥伦比亚省最高法院副首席法官希瑟·霍姆斯（Heather Holmes）同意华为技术有限公司的法律团队的看法，认为他们的主张具有“有真实可能性”（air of reality）。但是法官也提醒说，这项裁决是有限的，并没有提到华为指控加拿大当局不当处理孟的电子设备一事是否有理据支持。O孟晚舟赢下一场法律战 加拿大法院要求检方提交更多证据 收起全文d\n", "author": "每日经济新闻", "time": "每日经济新闻2019年12月11日11:59 来自微博weibo.com", "transmit": " 转发 114", "comment": "评论 432", "zan": " 2546"}, {"text": "\n                    【华春莹告诉BBC记者：面对抹黑攻击打压，中国不能还嘴的时代一去不复返了】12月11日，外交部发言人华春莹主持例行记者会。有外媒记者提问，外媒援引一份录音内容报道称，中国驻丹麦大使曾威胁法罗群岛，如果当地不与华为签署5G协议，就取消自由贸易协定。中方可否证实这一消息?华春莹表示，你提的这 ​  展开全文c \n                    【华春莹告诉BBC记者：面对抹黑攻击打压，中国不能还嘴的时代一去不复返了】12月11日，外交部发言人华春莹主持例行记者会。有外媒记者提问，外媒援引一份录音内容报道称，中国驻丹麦大使曾威胁法罗群岛，如果当地不与华为签署5G协议，就取消自由贸易协定。中方可否证实这一消息?华春莹表示，你提的这个问题有事实错误，中国和法罗群岛地区并没有自由贸易协定。如果没有自贸协定，何来取消一说?又何来中国大使要取消一说?但是如果你关注美国，它的高官在满世界范围抹黑和攻击中国的企业，威胁有关国家不要与中国特定企业开展合作，你就能真正的理解什么才是威胁。据我了解，中国和法罗群岛地区有着良好的合作关系，中国驻丹麦大使同法罗群岛官员的会面是正常的履职，谈的是友好与合作，维护的是中国企业的正当合法权益。你提到的有关媒体报道的内容有误，完全是别有用心。BBC记者随后追问，是否中国大使在与法罗群岛官员谈话时谈到华为或者涉及到未来的可能合作呢?对此，华春莹回应称，谈还是没有谈到华为，你认为有任何的区别和实质意义吗?美国的官员可以满世界抹黑攻击中国的华为，难道中国大使跟所驻在国的官员谈合作的时候就不能提到中国公司的名字吗?这是什么逻辑?你是不是觉得中国还是应该处于那样的时候，即美国可以满世界抹黑攻击打压我们，而我们连名字都不可以提，更不能还嘴，是这样吗?我告诉你，这样的时代一去不复返了。我们有责任坚决维护中方的公民、中国企业的正当合法权益。（环球时报-环球网报道 记者 张骜） 收起全文d\n", "author": "环球网", "time": "环球网2019年12月11日17:03 来自微博weibo.com", "transmit": " 转发 264", "comment": "评论 181", "zan": " 1551"}, {"text": "\n                    【德国电信运营商宣布将采用华为设备建设5G网络】当地时间11日，德国三大电信运营商之一Telefonica宣布了一项重大投资计划，Telefonica表示将在未来几年内扩大网络建设。据了解，目前该运营商使用的设备来自诺基亚和华为，并计划在建设5G网络时继续借助诺基亚和华为的技术。近来，是否允许华为设备进 ​  展开全文c \n                    【德国电信运营商宣布将采用华为设备建设5G网络】当地时间11日，德国三大电信运营商之一Telefonica宣布了一项重大投资计划，Telefonica表示将在未来几年内扩大网络建设。据了解，目前该运营商使用的设备来自诺基亚和华为，并计划在建设5G网络时继续借助诺基亚和华为的技术。近来，是否允许华为设备进入德国5G市场成了德国政坛的热门话题之一，此前德国最大的电信运营商德国电信曾宣布在两年之内将全部华为部件替换出其核心网络。（央视新闻客户端） 收起全文d\n", "author": "环球时报", "time": "环球时报2019年12月11日19:23", "transmit": " 转发 106", "comment": "评论 156", "zan": " 1502"}, {"text": "\n华为老总任正非的小女儿姚安娜今年21岁，出生于中国云南，原名是姚思为，英文名Annebel Yao，先后拥有香港户籍与美国国籍。哈佛在读。姚安娜出生就是比别人起点高，无论家世、地位，人脉资源都是顶级的，谁要是娶到她做老婆，最起码少奋斗三十年。华为针对年轻人推出的新手机nova6已经上市，不知作为年 ​  展开全文c \n华为老总任正非的小女儿姚安娜今年21岁，出生于中国云南，原名是姚思为，英文名Annebel Yao，先后拥有香港户籍与美国国籍。哈佛在读。姚安娜出生就是比别人起点高，无论家世、地位，人脉资源都是顶级的，谁要是娶到她做老婆，最起码少奋斗三十年。华为针对年轻人推出的新手机nova6已经上市，不知作为年轻人的姚安娜对自家的新手机有什么看法呢？ 收起全文d\n", "author": "股市女人", "time": "股市女人2019年12月11日09:29", "transmit": " 转发 1083", "comment": "评论 2134", "zan": " 6988"}, {"text": "\n                    德国电信三大运营商之一Telefonica决定使用诺基亚和华为设备建设5G网络，这是一个理性的决定。它有利于Telefonica保持竞争力，并且符合德国的国家利益。Telefonica的这个决定可能会激怒美国。美国驻德国大使一直就华为问题向德国鲁莽施压，引起德国舆论的反感。这件事未必已经有了句号。而Telefonica ​  展开全文c \n                    德国电信三大运营商之一Telefonica决定使用诺基亚和华为设备建设5G网络，这是一个理性的决定。它有利于Telefonica保持竞争力，并且符合德国的国家利益。Telefonica的这个决定可能会激怒美国。美国驻德国大使一直就华为问题向德国鲁莽施压，引起德国舆论的反感。这件事未必已经有了句号。而Telefonica的决定能否坚持到底，老胡认为，将是德国国家主权是否完整的试金石。 收起全文d\n", "author": "胡锡进", "time": "胡锡进2019年12月11日19:42 来自HUAWEIP30Pro", "transmit": " 转发 122", "comment": "评论 507", "zan": " 2886"}, {"text": "\n                    【无惧威胁，华为胜利：#德国将采用华为设备建设5G网络#】 据央视新闻，当地时间11日，德国三大电信运营商之一Telefonica宣布了一项重大投资计划，Telefonica表示将在未来几年内扩大网络建设。据了解，目前该运营商使用的设备来自诺基亚和华为，并计划在建设5G网络时继续借助诺基亚和华为的技术。 ​  展开全文c \n                    【无惧威胁，华为胜利：#德国将采用华为设备建设5G网络#】 据央视新闻，当地时间11日，德国三大电信运营商之一Telefonica宣布了一项重大投资计划，Telefonica表示将在未来几年内扩大网络建设。据了解，目前该运营商使用的设备来自诺基亚和华为，并计划在建设5G网络时继续借助诺基亚和华为的技术。O无惧威胁，华为胜利：这家德国电信运营商宣布采用华为设备建设5G O无惧威胁，华为胜利：这家德国电信运营商宣布采用华为设备建设5G 收起全文d\n", "author": "每日经济新闻", "time": "每日经济新闻2019年12月11日20:48 来自微博weibo.com", "transmit": " 转发 46", "comment": "评论 31", "zan": " 464"}, {"text": "\n                    【#德国将采用华为设备建5G网络#】当地时间11日，德国三大电信运营商之一Telefonica宣布，将在未来几年内扩大网络建设。据了解，目前该运营商使用的设备来自诺基亚和华为，并计划在建设5G网络时继续借助诺基亚和华为的技术。（央视） ​                ", "author": "人民网", "time": "人民网2019年12月11日19:28 来自人民网微博", "transmit": " 转发 51", "comment": "评论 63", "zan": " 494"}, {"text": "\n                    【#德国将采用华为设备建设5G网络#】#德国电信运营商宣布采用华为设备#当地时间11日，德国三大电信运营商之一Telefonica表示，将在未来几年内扩大网络建设。据了解，目前该运营商使用的设备来自诺基亚和华为，并计划在建设5G网络时继续借助诺基亚和华为的技术。@央视新闻 ​                ", "author": "中国新闻网", "time": "中国新闻网2019年12月11日19:35 来自微博weibo.com", "transmit": " 转发 36", "comment": "评论 37", "zan": " 342"}, {"text": "\n                    在平板上面还能同步手机界面，轻轻一拖就可以实现文件共享，多屏协同简直nice，办公效率大大提升！对于我们一直在路上的工作人群来说，简直太贴心！拿着高颜值的#华为MatePad#Pro，我就是这条gai最靓的仔！ ​                ", "author": "摄影师李小月", "time": "摄影师李小月2019年12月11日20:50 来自微博weibo.com", "transmit": " 转发 692", "comment": "评论 1159", "zan": " 1596"}, {"text": "\n                    我最近收到了一块华为Watch GT2手表，戴上之后我就想，好看是真好看，但人真的需要一块智能手表吗？我之前做了期身材焦虑的视频，想让自己改变对身材过度在意的状态，其实当时还有个我不想大声说出来的原因，就是怀孕加剧了我的身材焦虑。幸运的是，在我身材焦虑的时候，我的朋友 Sabrina 对我说要 ​  展开全文c \n                    我最近收到了一块华为Watch GT2手表，戴上之后我就想，好看是真好看，但人真的需要一块智能手表吗？我之前做了期身材焦虑的视频，想让自己改变对身材过度在意的状态，其实当时还有个我不想大声说出来的原因，就是怀孕加剧了我的身材焦虑。幸运的是，在我身材焦虑的时候，我的朋友 Sabrina 对我说要邀请更多同理心给自己；ronghui 掰着手指算给我这半年我做了多少事情，说我是地表最强孕妇，她告诉我：你已经做得很好了。 我肚子里的菜卷，是和我开始创业做「绝对是个妞」一起到来的。后来我发现，是做事情、做节目会让我更加自信和满足，而不是减肥、节食、和别人身材做比较。于是我也开始感激那些 track 我做了什么的工具，比如我的运动手表，它不断记录和告诉我今天多走了多少步，多消耗了多少热量。它帮助我走出身材焦虑的方式是：去追踪运动数据，而不是跟追踪体重数据。不是看你忍了多少，而是看你做了多少。其实我们都需要一个朋友、一种声音来提醒自己所拥有的和所实现的成就，让我们可以在这个快到年末的时候，拍拍自己的肩膀，跟自己说：你做得很好。#酷感开箱##趣突破 无极限# LAlextheGirl的秒拍视频 收起全文d\n", "author": "Alex绝对是个妞儿", "time": "Alex绝对是个妞儿2019年12月11日18:15 来自微博weibo.com", "transmit": " 转发 487", "comment": "评论 680", "zan": " 1011"}, {"text": "\n                    【#德国将采用华为设备建设5G网络#】当地时间11日，德国三大电信运营商之一Telefonica宣布，将在未来几年内扩大网络建设。据了解，目前该运营商使用的设备来自诺基亚和华为，并计划在建设5G网络时继续借助诺基亚和华为的技术。@央视新闻 ​                ", "author": "中国日报", "time": "中国日报2019年12月11日19:42 来自微博weibo.com", "transmit": " 转发 18", "comment": "评论 24", "zan": " 262"}, {"text": "\n#互联网公司最美员工大赛# 互联网大厂公司人员众多，第一届大厂最美员工大赛；1号，小米2号，阿里巴巴3号，新浪4号，网易5号，腾讯6号，百度7号，华为8号，京东你们心中最美的员工是哪一家？（欢迎大厂员工补充爆照） ​                ", "author": "IT观察猿", "time": "IT观察猿2019年12月11日16:42 来自微博weibo.com", "transmit": " 转发 172", "comment": "评论 285", "zan": " 838"}, {"text": "\n#华为#【#孟晚舟赢下一场法律战# ，加法院要求检方提交更多证据】加拿大逮捕孟晚舟文件曝光 手机信息被送至FBI，华为CFO孟晚舟被捕一事已经过去1年。下月20日，孟晚舟事件迎来重头戏——首场引渡听证会将要举行。          据路透社11日报道，华为首席财务官孟晚舟的律师团队赢得了一场法律战，根据加 ​  展开全文c \n#华为#【#孟晚舟赢下一场法律战# ，加法院要求检方提交更多证据】加拿大逮捕孟晚舟文件曝光 手机信息被送至FBI，华为CFO孟晚舟被捕一事已经过去1年。下月20日，孟晚舟事件迎来重头戏——首场引渡听证会将要举行。          据路透社11日报道，华为首席财务官孟晚舟的律师团队赢得了一场法律战，根据加拿大不列颠哥伦比亚省最高法院10日发布的一份裁决结果显示，法官要求加拿大司法部长交出更多与孟晚舟被捕有关的证据和文件。      此案中，号称“手握证据”的美国检方以及自喻“独立执法”的加拿大警察，试图为西方“司法公正”代言。然而实际上，据观察者网近期获得的多份与此案相关的法庭司法文件、警员执法笔记显示，“孟晚舟事件”反而是这两国“滥用执法权”、“程序不正义”的一个典型案例。值得一提，有关孟晚舟案相关文件，加拿大法院目前已经披露。     彼时，加拿大执法部门在逮捕孟晚舟过程中，不仅违背本国法院命令，故意延后3个小时拘捕孟晚舟。3个小时内，加拿大执法部门非法逼迫孟晚舟交出手机信息，将其分享给美国联邦调查局（FBI）。     加拿大执法部门执法流程漏洞百出，连加拿大法院都看不下去。就在今天（12月11日），加拿大不列颠哥伦比亚法院认定本国检方在处理“逮捕孟晚舟”一事上存在“证据漏洞”，并认同辩方对检方“捕风捉影”的说法。这次裁定结果，在路透社眼里，是孟晚舟团队的一场司法胜利。     霍姆斯法官在裁决书中写道，她发现加拿大司法部长提供的证据存在“引人注意的漏洞”，并举例称，为什么加拿大边境服务局（CBSA）犯下了“简单的错误”，即“违反法律地将其要求孟晚舟提交的密码，移交给了加拿大皇家骑警（RCMP）”。霍姆斯还说，司法部长没能提供足够多的证据“来反驳根据其他证据就能得出的推论，即RCMP不正确地将孟女士随身设备的序列号和其他标识符发送给了美国联邦调查局（FBI）。”      霍姆斯法官表示，这些证据上的空白所引发的疑点，“早已不是针对这一系列事件的轻率遐想或猜测”，因此使她得出结论：孟晚舟一方的申请“达到了有真实可能性的门槛。”   据报道，该裁决并不要求所提及的文件必须公开，加拿大司法部长也可主张行使行政特权来阻止相关文件的公开，而孟晚舟一方可能会在法庭上表示反对。另外，霍姆斯的裁决也没有提出任何时间表。O孟晚舟赢下一场法律战 加法院要求检方提交更多证据 收起全文d\n", "author": "人才76116", "time": "人才761162019年12月11日13:08 来自HUAWEIP20", "transmit": " 转发 149", "comment": "评论 318", "zan": " 1806"}, {"text": "\n                    看了下Android Authority针对Apple AirPods Pro和华为Freebuds 3的对比评测，感慨下，Apple AirPods Pro这个麦克风到底做的有多烂，感觉出来一个对比的就能赢他。第一项设计：苹果赢，第二项主动降噪：苹果赢，第三项音质：苹果赢，第四项麦克风：华为赢，第五项连接稳定性：平局，第六项易用性：苹 ​  展开全文c \n                    看了下Android Authority针对Apple AirPods Pro和华为Freebuds 3的对比评测，感慨下，Apple AirPods Pro这个麦克风到底做的有多烂，感觉出来一个对比的就能赢他。第一项设计：苹果赢，第二项主动降噪：苹果赢，第三项音质：苹果赢，第四项麦克风：华为赢，第五项连接稳定性：平局，第六项易用性：苹果赢，第七项续航：平局，第八项价格：华为赢。总结：如果你是iOS系统，就别犹豫了，直接买苹果，如果你是华为手机，买华为，因为有针对性的优化，如果你是其他安卓手机买Sony WF-1000XM3。 收起全文d\n", "author": "午后狂睡", "time": "午后狂睡2019年12月11日17:06 来自微博weibo.com", "transmit": " 转发 47", "comment": "评论 214", "zan": " 565"}, {"text": "\n                    讲真，冬天的正确取暖方式还是运动。不管是滑板还是滑雪，都能让你在冰天雪地里热血沸腾。我习惯记录每一次发力和起跳的瞬间，然后再来复盘这些动作还有哪里需要改进，几轮下来，技术会有明显突破。以下九张均是由#华为畅享#10S拍摄的原片，每一个动态瞬间都记录得非常精准，画质清晰。一部手机能做到 ​  展开全文c \n                    讲真，冬天的正确取暖方式还是运动。不管是滑板还是滑雪，都能让你在冰天雪地里热血沸腾。我习惯记录每一次发力和起跳的瞬间，然后再来复盘这些动作还有哪里需要改进，几轮下来，技术会有明显突破。以下九张均是由#华为畅享#10S拍摄的原片，每一个动态瞬间都记录得非常精准，画质清晰。一部手机能做到的，需要你用运动来体会。#趣突破 无极限# 收起全文d\n", "author": "师义龙dragon", "time": "师义龙dragon2019年12月11日15:00 来自微博weibo.com", "transmit": " 转发 171", "comment": "评论 293", "zan": " 2725"}, {"text": "\n华为和苹果旗舰，你认为谁是全球拍照第一？ 华为和苹果旗舰，你认为谁是全球拍照第一？ ​                ", "author": "C科技", "time": "C科技2019年12月11日20:45", "transmit": " 转发 13", "comment": "评论 117", "zan": " 7478"}, {"text": "\n                    转载：IDC发布的《全球可穿戴设备季度跟踪报告》显示，2019年第三季度全球可穿戴设备出货量总计达8450万部，同比增长94.6%，单季出货量创下新纪录。三季度，华为可穿戴设备在中国的出货量同比增长188%，是中国增长最快的公司之一。可穿戴设备需求激增大部分源于耳机等可听设备的增长。在2019年第三季度 ​  展开全文c \n                    转载：IDC发布的《全球可穿戴设备季度跟踪报告》显示，2019年第三季度全球可穿戴设备出货量总计达8450万部，同比增长94.6%，单季出货量创下新纪录。三季度，华为可穿戴设备在中国的出货量同比增长188%，是中国增长最快的公司之一。可穿戴设备需求激增大部分源于耳机等可听设备的增长。在2019年第三季度，仅可听设备就占据了可穿戴设备市场出货量近半份额，其次是腕带和智能手表。 收起全文d\n", "author": "wu2198", "time": "wu21982019年12月11日08:16", "transmit": " 转发 37", "comment": "评论 264", "zan": " 8316"}, {"text": "\n                    【红米K30，一部残缺版5G手机！】小米发布红米K30，成为目前最便宜的5G手机。然而，仔细看参数发现，这是一部仅支持n41、n78两个5G频段，不支持n77、n79两个5G频段的残缺版5G手机。 华为、荣耀5G手机全部支持！如此重要的事，@卢伟冰 @雷军 都没说。提醒注意！ ​  展开全文c \n                    【红米K30，一部残缺版5G手机！】小米发布红米K30，成为目前最便宜的5G手机。然而，仔细看参数发现，这是一部仅支持n41、n78两个5G频段，不支持n77、n79两个5G频段的残缺版5G手机。 华为、荣耀5G手机全部支持！如此重要的事，@卢伟冰 @雷军 都没说。提醒注意！#5G手机价格降至2000以内# #5G手机出货量达835.5万部# 收起全文d\n", "author": "速报哥", "time": "速报哥2019年12月11日13:07 来自微博weibo.com", "transmit": " 转发 74", "comment": "评论 905", "zan": " 3733"}, {"text": "\n                    如果给你一次去火星的机会，身边只能带一样东西，你会选择什么？流浪“火星”的第一天，@张雪迎Sophie 手中只有一部#华为nova6#5G，想知道她用105°超广角自拍记录了哪些故事？敬请期待。#自拍大不一样# L华为终端官方微博的微博视频 ​                ", "author": "华为终端官方微博", "time": "华为终端官方微博2019年12月11日11:01 来自微博视频", "transmit": " 转发 2373", "comment": "评论 1474", "zan": " 3595"}, {"text": "\n                    12月12日0:00，#华为MatePad#Pro 即将盛大首销。玻纤版的两款配色贝母白、夜阑灰将率先发售，携华为Mate一贯的高端、精英、商务基因，为你而来！各位职场精英，准备好开启你的智慧轻办公时代了吗？ ​                ", "author": "宅数码Kael", "time": "宅数码Kael2019年12月11日19:30 来自微博weibo.com", "transmit": " 转发 173", "comment": "评论 57", "zan": " 283"}, {"text": "\n                    这届粉丝也太硬核了，直接“绑架”老撕鸡，用#华为nova5#z和老撕鸡一起硬核吃鸡！如果可以和我一起吃鸡，游戏中#你最想挑战的硬核清单✅ #是什么呢？ L老撕鸡的微博视频 ​                ", "author": "老撕鸡", "time": "老撕鸡2019年12月11日20:12 来自手机游戏·视频社区", "transmit": " 转发 345", "comment": "评论 420", "zan": " 608"}, {"text": "\n                    发布了头条文章：《耐心狩猎》 财经每日必读 #微博赚钱季#  周三股权+游戏/影视+新能源汽车最强，区块链反弹，次新/科创+大基建/周期等板块分化，华为/科技（穿戴智能）+养殖板块调整，主板缩量上涨（预设明日回踩调整，注意观察成交量能否有效放大）强势股接力的亏钱效应再次放大，明日万通 ​  展开全文c \n                    发布了头条文章：《耐心狩猎》 财经每日必读 #微博赚钱季#  周三股权+游戏/影视+新能源汽车最强，区块链反弹，次新/科创+大基建/周期等板块分化，华为/科技（穿戴智能）+养殖板块调整，主板缩量上涨（预设明日回踩调整，注意观察成交量能否有效放大）强势股接力的亏钱效应再次放大，明日万通智控，南宁百货，漫步者，华兴源创等作为情绪标杆观察，空间板高度到6板，首板数量减少，明日强势股接力赚钱效应大概会下降，操作难度增大，早盘不要着急入场接力，先观察强势股接力的亏钱效应会不会继续发散，耐心狩猎，最优策略是低吸主线板块人气股和超跌中小创板块等轮动补涨，低吸富一生。科创板重点关注华兴源创，关注回踩重要均线企稳后的操作机会。 O耐心狩猎 收起全文d\n", "author": "lesliesay", "time": "lesliesay2019年12月11日16:51 来自微博weibo.com", "transmit": " 转发 431", "comment": "评论 180", "zan": " 535"}, {"text": "\n@张雪迎Sophie 从没想过自己有一天会突然面临这种情况，前所未有的挑战简直让人喘不过气儿，在确定自己必须独自面对后，来到火星的第一天，她决定这样做#华为nova6# #自拍大不一样# L智族GQ的微博视频 ​                ", "author": "智族GQ", "time": "智族GQ2019年12月11日11:00 来自微博weibo.com", "transmit": " 转发 1853", "comment": "评论 1583", "zan": " 1778"}, {"text": "\n华为智慧助航灯机场已开始运行，解决了困扰业界的通信难题 华为智慧助航灯在机场飞行区用于引导飞机起降和滑行，可以提高机场运行效率和安全，通过多点定位或ADS-B来获取飞机实时位置，准确点亮和关闭助航灯，飞机可以跟随滑行道上逐个点亮的助航灯，快速滑行至停机位，当飞机划过后，助 ​  展开全文c \n华为智慧助航灯机场已开始运行，解决了困扰业界的通信难题 华为智慧助航灯在机场飞行区用于引导飞机起降和滑行，可以提高机场运行效率和安全，通过多点定位或ADS-B来获取飞机实时位置，准确点亮和关闭助航灯，飞机可以跟随滑行道上逐个点亮的助航灯，快速滑行至停机位，当飞机划过后，助航灯迅速熄灭，以免对随后的飞机造成影响，而且可以让跑道入侵的事件减少，更加安全，减少不必要的停顿，提高运行效率。 华为采用创新的通信方式和专利的PLC-iot技术，解决了困扰业界的通信难题，未来华为将不遗余力的帮助机场进行数字化转型，共建智慧机场。 收起全文d\n", "author": "长安数码君", "time": "长安数码君2019年12月11日19:12 来自荣耀V30PRO5G", "transmit": " 转发 17", "comment": "评论 99", "zan": " 462"}, {"text": "\n#华为mate30# 这个视频讲述了我是如何用华为mate30pro在冰岛和挪威拍摄极光延时摄影和照片的！m30pro的延时摄影程序比以往所有手机都有了大幅度的进步，可以自定义单帧的曝光参数，从而实现了极光和星空的延时拍摄。前半段是教学，正片5分钟开始。@华为手机 @我是豆子 @欧阳潼舢 @春卷 @相机Beta  ​  展开全文c \n#华为mate30# 这个视频讲述了我是如何用华为mate30pro在冰岛和挪威拍摄极光延时摄影和照片的！m30pro的延时摄影程序比以往所有手机都有了大幅度的进步，可以自定义单帧的曝光参数，从而实现了极光和星空的延时拍摄。前半段是教学，正片5分钟开始。@华为手机 @我是豆子 @欧阳潼舢 @春卷 @相机Beta @8KRAW L苏铁s的微博视频 收起全文d\n", "author": "苏铁s", "time": "苏铁s2019年12月11日19:50 来自摄影摄像·视频社区", "transmit": " 转发 213", "comment": "评论 88", "zan": " 249"}, {"text": "\n                    为美化 PPT 拼命、为编辑 Word 流泪、为制作 Excel 崩溃 ... 低效的工作不停地向我这个小可爱下手，成了横在我与快乐之间的一把横刀，分分钟让人觉得我太“南”了吧！如何跨越工作的这道“坎”，打开方式是关键！不信你用华为 MatePad Pro 打开 WPS 试试，en！上头的感觉你细细品！  ​  展开全文c \n                    为美化 PPT 拼命、为编辑 Word 流泪、为制作 Excel 崩溃 ... 低效的工作不停地向我这个小可爱下手，成了横在我与快乐之间的一把横刀，分分钟让人觉得我太“南”了吧！如何跨越工作的这道“坎”，打开方式是关键！不信你用华为 MatePad Pro 打开 WPS 试试，en！上头的感觉你细细品！ LZEALER中国的微博视频 收起全文d\n", "author": "ZEALER中国", "time": "ZEALER中国2019年12月11日20:25 来自手机平板·视频社区", "transmit": " 转发 58", "comment": "评论 76", "zan": " 259"}]