[{"text": "\n                    狂的像风，速度冲冲冲～野的迷人，5G网络中！要不要一起吹吹冷风，看#华为Mate30#Pro 5G 速度人生谁与争锋【选一人得一台同款手机】 LnG家的猫的微博视频 ​ O抽奖详情 ​                ", "author": "nG家的猫", "time": "nG家的猫2019年12月27日21:30 来自手机平板·视频社区", "transmit": " 转发 2951", "comment": "评论 8821", "zan": " 18744"}, {"text": "\n                    在华为影展顺便拍的这组图 上交了上交了也捂了好几天了超好拍，大家也可以去📷！ ​                ", "author": "卧蚕阿姨", "time": "卧蚕阿姨2019年12月27日20:32 来自iPhone11ProMax", "transmit": " 转发 231", "comment": "评论 2978", "zan": " 11583"}, {"text": "\n#最南2019你最想感谢谁# 【即将结束的2019，你想感谢谁？】不得不说，对于中国的企业，2019年确实是不算容易的一年。前有对华为的贸易禁令，后有消费市场的不景气。但如此“南”的环境下，依旧有不少企业用冷静而独立的思考，勇敢向前。也有不少陪伴和信任，让我们面对难题时更有力量。这些都值得感谢 ​  展开全文c \n#最南2019你最想感谢谁# 【即将结束的2019，你想感谢谁？】不得不说，对于中国的企业，2019年确实是不算容易的一年。前有对华为的贸易禁令，后有消费市场的不景气。但如此“南”的环境下，依旧有不少企业用冷静而独立的思考，勇敢向前。也有不少陪伴和信任，让我们面对难题时更有力量。这些都值得感谢！今天，我们联合@蔚来 发起话题#最南2019你最想感谢谁#， @ 出你最想感谢的三个TA，感谢他们陪你度过如此“南”的2019，#2020 Believe in Better#。 收起全文d\n", "author": "Vista看天下", "time": "Vista看天下2019年12月27日12:34 来自微博云剪", "transmit": " 转发 345", "comment": "评论 242", "zan": " 648"}, {"text": "\n                    【任正非：欢迎特朗普来华为看“特朗普走廊” 退休后也行】《华尔街日报》总编Matt Murray：你们的员工在引导我们进展厅走过一个走廊时，说这是“特朗普走廊”，所以下面的走廊是不是承载什么特别的信息？任正非：没有。但是它很美，是由150多个俄罗斯著名画家画的。因为他们国家受美国制裁，生活困 ​  展开全文c \n                    【任正非：欢迎特朗普来华为看“特朗普走廊” 退休后也行】《华尔街日报》总编Matt Murray：你们的员工在引导我们进展厅走过一个走廊时，说这是“特朗普走廊”，所以下面的走廊是不是承载什么特别的信息？任正非：没有。但是它很美，是由150多个俄罗斯著名画家画的。因为他们国家受美国制裁，生活困难没有着落，由于经济困难而来为我们画画的。他们说“没有川普制裁，根本不可能有这么多画家为你们画画的”。Matt Murray：你觉得特朗普总统会到这里来看一看这个走廊吗？任正非：非常欢迎他来。如果他在任期间不方便，可以退休以后过来，我们会很热烈地欢迎他。有机会来华为访问，我们会很热情接待，毕竟美国是伟大的创新型国家。O任正非:欢迎特朗普来华为看\"特朗普走廊\" 退休后也行 收起全文d\n", "author": "新浪财经", "time": "新浪财经2019年12月27日13:08 来自微博weibo.com", "transmit": " 转发 56", "comment": "评论 161", "zan": " 829"}, {"text": "\n#任正非称美国在5G上判断失误#【任正非：美国不是真正输给华为 而是在5G上判断失误】任正非接受《华尔街日报》采访时称，华为不需要美国撤销实体清单，没有美国也可以生存很好。美国在5G上有判断失误的问题，不是真正输给华为，而是押错宝了，华为押的是厘米波，他押的是毫米波。O任正非：美国不是真正输给华为 而是在5G上判断失误 ​                ", "author": "新浪科技", "time": "新浪科技2019年12月27日12:28 来自OPPOReno3Pro5G", "transmit": " 转发 51", "comment": "评论 43", "zan": " 429"}, {"text": "\n                    【任正非：实体清单留着吧，没美国也可以活的很好】任正非在接受《华尔街日报》采访时表示，华为不需要美国撤销实体清单，实体清单永远保留好了，没有美国也可以生存很好。但是我们仍然会拥抱全球化的，美国公司供应器件，我们欢迎；如果没有供应，我们也能生存下来。 O任正非：不必撤销实体清单，没有美国也可以生存很好 ​                ", "author": "观察者网", "time": "观察者网2019年12月27日14:39 来自微博weibo.com", "transmit": " 转发 84", "comment": "评论 201", "zan": " 1371"}, {"text": "\n                    教大家一个随时监控老公在什么地方的妙招。第一件事，华为手机的华为帐号和密码你得拿到，大家切记千万不能泄露了，对老公你可以用刑讯逼供和卖身美人计获得，这个获得一切就在你掌握之下了，进入华为帐号，打开云空间，开启老公手机的查找我的手机功能。想查时打开实用工具的查找手机功能，就能看到 ​  展开全文c \n                    教大家一个随时监控老公在什么地方的妙招。第一件事，华为手机的华为帐号和密码你得拿到，大家切记千万不能泄露了，对老公你可以用刑讯逼供和卖身美人计获得，这个获得一切就在你掌握之下了，进入华为帐号，打开云空间，开启老公手机的查找我的手机功能。想查时打开实用工具的查找手机功能，就能看到老公手机现在在什么位置。不仅如此，如果老公不接电话，你还可以用最大音量播放铃声，把他吓一跳。当然这个功能主要是你自己手机丢了，找到自己手机，还可远程锁定设备，擦除数据。一个功能我们可以开发多种用途不是？切记，要把帐号和密码保护好，怎么获得密码，我建议用美人计。 收起全文d\n", "author": "飞象网项立刚", "time": "飞象网项立刚2019年12月27日20:23 来自HUAWEIMateX5G", "transmit": " 转发 90", "comment": "评论 77", "zan": " 214"}, {"text": "\n                    马上开会汇报工作，还在疯狂寻找投影数据线？别担心，救星来了！昨天，#华为云WeLink#智能工作平台正式推出，让你无论使用电脑、手机还是PAD，都可以随时无线接入，立即投屏，一键触发快速进行。这种好事可不能我一个人知道，点击视频让你抢先感受它的强大功能。O网页链接  ​  展开全文c \n                    马上开会汇报工作，还在疯狂寻找投影数据线？别担心，救星来了！昨天，#华为云WeLink#智能工作平台正式推出，让你无论使用电脑、手机还是PAD，都可以随时无线接入，立即投屏，一键触发快速进行。这种好事可不能我一个人知道，点击视频让你抢先感受它的强大功能。O网页链接 L华为云的微博视频 收起全文d\n", "author": "环球网", "time": "环球网2019年12月27日20:03 来自原创短剧/短片·视频社区", "transmit": " 转发 169", "comment": "评论 163", "zan": " 397"}, {"text": "\n#DigiX数字生活节#有时候一句话、一本书会对人的影响是无法估量的。这个周日，华为阅读·DigiX读书会邀请到了故宫学院院长单霁翔老师，在华为全球旗舰店·深圳万象天地和你聊聊故宫，或许你会有意外的收获。转评说说对你影响最深的作家或一本书，抽送单霁翔签名书《从“馆舍天地”走向“大千世界”》5本 ​  展开全文c \n#DigiX数字生活节#有时候一句话、一本书会对人的影响是无法估量的。这个周日，华为阅读·DigiX读书会邀请到了故宫学院院长单霁翔老师，在华为全球旗舰店·深圳万象天地和你聊聊故宫，或许你会有意外的收获。转评说说对你影响最深的作家或一本书，抽送单霁翔签名书《从“馆舍天地”走向“大千世界”》5本。#遇见故宫600年# 收起全文d\n", "author": "华为终端云服务", "time": "华为终端云服务2019年12月27日19:00 来自微博weibo.com", "transmit": " 转发 96", "comment": "评论 79", "zan": " 61"}, {"text": "\n#华为否认巨额政府补贴#美国《华尔街日报》25日刊文宣称，华为从政府得到巨额财政补贴，以助其崛起。对此，华为26日下午发表声明称，报道基于错误信息和混乱逻辑，无视华为过去30多年在研发上的巨额投入和19万员工以客户为中心的长期艰苦奋斗。华为在声明中称，华为享受了中国政府对高新技术企业的政策 ​  展开全文c \n#华为否认巨额政府补贴#美国《华尔街日报》25日刊文宣称，华为从政府得到巨额财政补贴，以助其崛起。对此，华为26日下午发表声明称，报道基于错误信息和混乱逻辑，无视华为过去30多年在研发上的巨额投入和19万员工以客户为中心的长期艰苦奋斗。华为在声明中称，华为享受了中国政府对高新技术企业的政策支持，除此之外没有任何特殊待遇。企业享受国家的政策补贴很正常啊，美国政府也会扶持他们本土企业的吧？这双标...... 收起全文d\n", "author": "IT观察猿", "time": "IT观察猿2019年12月27日15:29 来自微博weibo.com", "transmit": " 转发 154", "comment": "评论 266", "zan": " 1424"}, {"text": "\n                    陪玩陪讲陪作业?华为阅读童话诗文全都有，助你带娃不犯愁。#华为阅读# 百万精品书库，看书听书两相宜L华为终端云服务的秒拍视频 ​                ", "author": "思想聚焦", "time": "思想聚焦2019年12月27日19:40 来自微博weibo.com", "transmit": " 转发 68", "comment": "评论 127", "zan": " 512"}, {"text": "\n                    机场都是一个样？在#零零后摄影发烧友林墨#眼里就算是机场也有各种各样 有了华为#荣耀V30#曙光之橙加成 一定会有更棒的作品 还有 艺考加油啊 ​                ", "author": "LostINMOtown", "time": "LostINMOtown2019年12月27日08:01 来自🎰iPhone客户端", "transmit": " 转发 72", "comment": "评论 9", "zan": " 56"}, {"text": "\n                    看见没有，品牌影响力起来以后，外观设计更注重的是差异化。前有华为MatePad Pro的挖孔屏，后有iPad Pro 2020的浴霸摄像头。。。。 ​                ", "author": "数码闲聊站", "time": "数码闲聊站2019年12月27日21:20", "transmit": " 转发 15", "comment": "评论 179", "zan": " 1624"}, {"text": "\n                    【加降噪不加价的真 AirPods 2——华为 FreeBuds 3 深度体验】在不隔音的半开放式耳机上加入主动降噪功能，能达到什么样的降噪水平呢？使用了一个多月，我觉得华为 Freebuds 3 是一款超出我预期，完成度非常高的全无线耳机。 L趣评测的微博视频 ​ O抽奖详情 ​                ", "author": "趣评测", "time": "趣评测2019年12月27日19:00 来自评测开箱·视频社区", "transmit": " 转发 381", "comment": "评论 132", "zan": " 191"}, {"text": "\n                    近日，有消息曝出，华为要裁员7000名合同到期的35岁以上的员工，即便是可能会为此支付10亿元以上的赔偿金也在所不惜。 ​                ", "author": "月光博客", "time": "月光博客2019年12月27日14:26 来自微博weibo.com", "transmit": " 转发 557", "comment": "评论 652", "zan": " 4233"}, {"text": "\n                    在家就能“身临其境”地感受宇宙浩瀚，这不是科幻电影的场景，这是#华为VR#Glass的奇妙体验，#2020together#一起来感受VR新世界～ ​                ", "author": "华为终端官方微博", "time": "华为终端官方微博2019年12月27日18:00 来自微博weibo.com", "transmit": " 转发 32", "comment": "评论 55", "zan": " 804"}, {"text": "\n                    这个华为广告的男主角，有点面熟 L地瓜熊老六的微博视频 ​                ", "author": "地瓜熊老六", "time": "地瓜熊老六2019年12月27日17:10 来自vivoiQOO生而强悍", "transmit": " 转发 67", "comment": "评论 70", "zan": " 519"}, {"text": "\n                    【又来！美媒称华为获750亿美元政府资助 华为长文反击】《华尔街日报》 25日又拿华为从政府政策中合理获得的一系列优待大做文章，通过把华为在全球的崛起单纯地与“国家支持”挂钩，试图制造出一种华为与中国政府“不一般的关系”。称华为获得的补助、信贷措施、税收减免和其他形式的“国家资助”累计 ​  展开全文c \n                    【又来！美媒称华为获750亿美元政府资助 华为长文反击】《华尔街日报》 25日又拿华为从政府政策中合理获得的一系列优待大做文章，通过把华为在全球的崛起单纯地与“国家支持”挂钩，试图制造出一种华为与中国政府“不一般的关系”。称华为获得的补助、信贷措施、税收减免和其他形式的“国家资助”累计高达750亿美元，助力华为从一家名不见经传的电话供应商发展成世界上最大的电信设备公司。 对此，华为表示，该公司与在中国的其他高新企业（包括外资企业）一样，享受了中国政府对高新技术企业的政策支持，除此之外没有任何特殊待遇，他们不得不质疑《华尔街日报》作为一家专业媒体的动机和目的。近来，《华尔街日报》频繁针对华为进行不负责任的选择性报道，对华为的声誉造成了巨大的影响。华为保留采取法律措施维护自身声誉的权利。 更为重要的是，在过去十年中，华为的运营资金主要来自于企业自身经营积累及外部融资，并不是政府补贴；同期累计获得的国内外研发相关政府补助金额，还不及收入的千分之三。 O《华尔街日报》渲染“政府背景”，华为长文回击 收起全文d\n", "author": "观察者网", "time": "观察者网2019年12月27日14:00 来自微博weibo.com", "transmit": " 转发 63", "comment": "评论 120", "zan": " 1177"}, {"text": "\n                    陪玩陪讲陪作业?华为阅读童话诗文全都有，助你带娃不犯愁。#华为阅读# 百万精品书库，看书听书两相宜L华为终端云服务的秒拍视频 ​                ", "author": "勺布斯", "time": "勺布斯2019年12月27日17:05 来自微博weibo.com", "transmit": " 转发 105", "comment": "评论 373", "zan": " 381"}, {"text": "\n#任正非称自己最应该搞房地产#【任正非：我最应该去搞房地产，不应该搞通信】12月27日，华为心声社区发布创始人任正非接受《华尔街日报》的采访纪要，采访时间为11月5日。“当年如果不分股份给大家，我们可能就是一个小公司，干一干就散了，重新又去干一个行业。怎么知道我不会去搞房地产呢？我最应该 ​  展开全文c \n#任正非称自己最应该搞房地产#【任正非：我最应该去搞房地产，不应该搞通信】12月27日，华为心声社区发布创始人任正非接受《华尔街日报》的采访纪要，采访时间为11月5日。“当年如果不分股份给大家，我们可能就是一个小公司，干一干就散了，重新又去干一个行业。怎么知道我不会去搞房地产呢？我最应该的是去搞房地产，不应该搞通信，这么傻，又苦又累又不赚钱。”任正非说。#搞通信又苦又累又不赚钱#O任正非：我最应该去搞房地产，不应该搞通信 收起全文d\n", "author": "凤凰网财经", "time": "凤凰网财经2019年12月27日20:50 来自微博weibo.com", "transmit": " 转发 39", "comment": "评论 134", "zan": " 543"}, {"text": "\n                    美国倾一国之力，全面围堵华为，禁止本国企业供应华为零部件，如此大的力度，本以为一击必中，没想到华为不仅没有倒下，反而越战越强，逆势成长。搞得老美很没面子，华为等于给全世界树立了一个标杆，美国的制裁也不过如此。    老美思来想去，不能就这么算了，得给自己找个台阶，否则以后还怎么在江 ​  展开全文c \n                    美国倾一国之力，全面围堵华为，禁止本国企业供应华为零部件，如此大的力度，本以为一击必中，没想到华为不仅没有倒下，反而越战越强，逆势成长。搞得老美很没面子，华为等于给全世界树立了一个标杆，美国的制裁也不过如此。    老美思来想去，不能就这么算了，得给自己找个台阶，否则以后还怎么在江湖上混呢？于是再次以“莫须有”的方式宣布，华为背后有政府支持。我们的制裁之所以没有把华为打垮，不是因为我们的手段不行，而是因为华为有“靠山”。     任正非在接受《华尔街日报》采访时表示，关于政府支持一事，美国人显然是想多了。华为并不需要政府帮助来撤销实体清单。他说：“就让实体清单永远保留好了，华为没有美国也可以生存得很好。”     美国人显然还不太了解中国这样的对手，华为只是中华民族自强不息精神的一个缩影，在不远的将来，美国会十分沮丧地发现，有越来越多的华为站到了它的面前。 收起全文d\n", "author": "陶永谊", "time": "陶永谊2019年12月27日15:21", "transmit": " 转发 121", "comment": "评论 126", "zan": " 687"}, {"text": "\n                    大公司找人如大海捞针，同事间交流成难题。#华为云WeLink#昨天正式发布，这是一款更懂企业的智能工作平台。小微智能语音助手功能，可以随时随地呼叫小微，越沟通越懂你，共同开启智能办公新模式。想了解更多功能，点击下方视频一探究竟！O网页链接 L华为云的微博视频 ​                ", "author": "科普君XueShu雪树", "time": "科普君XueShu雪树2019年12月27日18:30 来自微博weibo.com", "transmit": " 转发 105", "comment": "评论 124", "zan": " 778"}, {"text": "\n#新影像不止所见#手机影像艺术展，如何打破空间界限，演绎互动式经典默剧？点击视频了解一下：#华为智慧屏##2020together# L华为终端官方微博的微博视频 ​                ", "author": "华为终端官方微博", "time": "华为终端官方微博2019年12月27日16:01 来自影音智能·视频社区", "transmit": " 转发 18", "comment": "评论 41", "zan": " 846"}, {"text": "\n                    查理.卓别林堪称这个世纪最伟大的喜剧大师，每次心情不好的时候看他的电影，总是能得以治愈。据说最近穿越到了#新影像不止所见#手机影像艺术展，还和路人飙起戏？怎么回事？#华为智慧屏##2020together#一起来康康！L华为终端官方微博的秒拍视频 ​                ", "author": "圈内扒婆", "time": "圈内扒婆2019年12月27日16:40 来自微博weibo.com", "transmit": " 转发 899", "comment": "评论 631", "zan": " 1567"}, {"text": "\n                    【#华为回应巨额政府补贴报道#：选择性地对华为的成功进行任意揣测】针对《华尔街日报》指华为收取国家巨额补助崛起的报道，12月26日华为公司发出声明，指该报道基于错误的信息和混乱的逻辑，无视华为过去30多年在研发上的巨额投入和19万员工以客户为中心的长期艰苦奋斗，选择性地对华为的成功进行任意 ​  展开全文c \n                    【#华为回应巨额政府补贴报道#：选择性地对华为的成功进行任意揣测】针对《华尔街日报》指华为收取国家巨额补助崛起的报道，12月26日华为公司发出声明，指该报道基于错误的信息和混乱的逻辑，无视华为过去30多年在研发上的巨额投入和19万员工以客户为中心的长期艰苦奋斗，选择性地对华为的成功进行任意揣测，不得不质疑《华尔街日报》作为一家专业媒体的动机和目的，并表示保留采取法律措施维护自身声誉的权利。当日《华尔街日报》在报道中称，其根据对华为所获拨款、信贷融通、税项减免以及其他财政扶持的评估，指华为从中国政府获得750亿美元的财政支持。《华尔街日报》援引分析师和客户的分析，称这些财政支持有助于华为提供慷慨的融资条款以及比竞争对手低30%左右的价格。对此，华为在声明中表示，公司与中国政府的关系和其他在中国经营的私营企业与中国政府的关系没有任何不同。“我们与在中国的其他高新企业（包括外资企业）一样，享受了中国政府对高新技术企业的政策支持，除此之外没有任何特殊待遇。华为公司的运营资金主要来自于企业自身经营积累及外部融资，而不是政府补贴。过去十年企业自身经营积累占比接近90%；公司的外部融资操作都是市场化运作，债务成本符合市场水平。”O华为回应巨额政府补贴报道：资金来自自身积累和融资 收起全文d\n", "author": "新浪财经", "time": "新浪财经2019年12月27日09:53 来自微博weibo.com", "transmit": " 转发 23", "comment": "评论 21", "zan": " 272"}, {"text": "\n                    强烈推荐：华为创始人任正非接受美国《华尔街日报》采访纪要！在采访中，任总讲了很多故事：1、没想到任总当过两年炊事员，难怪生日老自己上场做菜。2、华为有个走廊叫“川普走廊”3、今年的销售收入和利润比预期高了4、美国在5G上有判断失误的问题。美国选择6G，认为6G带宽更宽、意义更大， ​  展开全文c \n                    强烈推荐：华为创始人任正非接受美国《华尔街日报》采访纪要！在采访中，任总讲了很多故事：1、没想到任总当过两年炊事员，难怪生日老自己上场做菜。2、华为有个走廊叫“川普走廊”3、今年的销售收入和利润比预期高了4、美国在5G上有判断失误的问题。美国选择6G，认为6G带宽更宽、意义更大，美国觉得这个东西应该很好。它选择了毫米波的高频段，是错误的，美国不能跃过5G去走6G。而华为赌对了5、我们在5G基站、传送、接入、核心网已经可以没有美国零件了。当然我们还有一个版本是可以有美国零件的。6、华为莫贝克电源公司的成立和消失7、5G以后，最大的机会窗应该是人工智能，未来社会变成什么样子，还是不可想象的。O华为创始人任正非接受华尔街日报采访纪要 收起全文d\n", "author": "HW前HR", "time": "HW前HR2019年12月27日12:15 来自HUAWEIMate30Pro5G", "transmit": " 转发 221", "comment": "评论 69", "zan": " 695"}, {"text": "\n                    外媒制作的一组华为P40Pro渲染图正面中置单摄打孔+曲面屏+后置矩阵五摄你们觉得这颜值如何？ ​                ", "author": "IT抢先报", "time": "IT抢先报2019年12月27日11:54 来自微博weibo.com", "transmit": " 转发 79", "comment": "评论 280", "zan": " 743"}, {"text": "\n                    【任正非：美国不是真正输给华为 而是在5G上判断失误】采访中，任正非表示，华为不需要美国撤销实体清单，实体清单永远保留好了，没有美国也可以生存很好。但是我们仍然会拥抱全球化的，美国公司供应器件，我们欢迎；如果没有供应，我们也能生存下来。美国在5G上有判断失误的问题，不是真正输给华为， ​  展开全文c \n                    【任正非：美国不是真正输给华为 而是在5G上判断失误】采访中，任正非表示，华为不需要美国撤销实体清单，实体清单永远保留好了，没有美国也可以生存很好。但是我们仍然会拥抱全球化的，美国公司供应器件，我们欢迎；如果没有供应，我们也能生存下来。美国在5G上有判断失误的问题，不是真正输给华为，而是押错宝了，华为押的是厘米波，他押的是毫米波。 收起全文d\n", "author": "IT互联网资讯", "time": "IT互联网资讯2019年12月27日14:17", "transmit": " 转发 198", "comment": "评论 724", "zan": " 3238"}, {"text": "\n#京东小魔方#自拍一分钟，P图两小时。如果图上有100个人呢？？？华为nova 6带来前置105度超广角镜头+3200万自动对焦+人像超级夜景，即便有100个人也能分分钟拍出美照，不信戳视频！据说12月27日京东12期免息，戳O网页链接 终于可以姐妹们来张大不一样的自拍了！ ​  展开全文c \n#京东小魔方#自拍一分钟，P图两小时。如果图上有100个人呢？？？华为nova 6带来前置105度超广角镜头+3200万自动对焦+人像超级夜景，即便有100个人也能分分钟拍出美照，不信戳视频！据说12月27日京东12期免息，戳O网页链接 终于可以姐妹们来张大不一样的自拍了！#百人自拍挑战# L京东手机通讯的秒拍视频 收起全文d\n", "author": "游戏外设狂", "time": "游戏外设狂2019年12月27日13:15 来自微博weibo.com", "transmit": " 转发 322", "comment": "评论 330", "zan": " 424"}, {"text": "\n#华为应用市场年终盛典#悦耳的圣诞铃声悄然落幕，“有你，就够了”——华为应用市场2019年终盛典也画上了一个完美的句号。主题快闪店人潮火爆，5大潮玩互动区+千余份精美好礼，全场高能根本停不下来！明年12· 21，我们不见不散！转评抽送3本华为应用市场2020年精美定制日历。L华为终端云服务的微博视频 ​                ", "author": "华为终端云服务", "time": "华为终端云服务2019年12月27日18:00 来自微博weibo.com", "transmit": " 转发 197", "comment": "评论 139", "zan": " 65"}]