[{"text": "\n                    【全球电信设备：华为力压诺基亚拿第一 #5G# 专利领先】近日，市场调研机构数据显示，2018年前三季度全球电信设备市场份额中，华为市场份额已经逼近30%，处于第一，中兴位列第五名。专利数量方面，截至目前，华为排在第一，专利数据达到了49.5%，高通排在第四位。O全球电信设备:华为力压诺基亚拿第一 5G专利业界领先 ​                ", "author": "新浪科技", "time": "新浪科技2018年12月23日22:30 来自微博weibo.com", "transmit": " 转发 433", "comment": "评论 422", "zan": " 2634"}, {"text": "\n                    【用华为不安全？#捷克总理澄清禁用华为手机#】捷克国家安全委员会21日发表声明，纠正政府日前要求机关工作人员停止使用华为手机的错误做法。声明说，之前捷克国家网络与信息安全办公室发布的“安全警示”不涉及普通用户和终端设备，该办公室也无权评估其他国家的国际政治局势或法律和政治环境。声明说 ​  展开全文c \n                    【用华为不安全？#捷克总理澄清禁用华为手机#】捷克国家安全委员会21日发表声明，纠正政府日前要求机关工作人员停止使用华为手机的错误做法。声明说，之前捷克国家网络与信息安全办公室发布的“安全警示”不涉及普通用户和终端设备，该办公室也无权评估其他国家的国际政治局势或法律和政治环境。声明说，捷克对所有合法外国投资持开放态度，并将继续为其提供有利环境。O用华为不安全？这个国家总理出面，纠正了错误信号 收起全文d\n", "author": "每日经济新闻", "time": "每日经济新闻2018年12月23日10:25 来自微博weibo.com", "transmit": " 转发 73", "comment": "评论 203", "zan": " 631"}, {"text": "\n                    【英3家公司称将使用华为设备 已达成20亿英镑协议】据英国媒体报道，英国移动电信运营商O2透露，该公司将继续在5G测试中使用华为的设备。O2已经证实将于明年1月份进行新一代5G通讯网络的试运营，届时将在伦敦200多个地点使用华为的硬件设备。O2表示，该公司将继续在伦敦进行5G测试，其中包括努力确保其 ​  展开全文c \n                    【英3家公司称将使用华为设备 已达成20亿英镑协议】据英国媒体报道，英国移动电信运营商O2透露，该公司将继续在5G测试中使用华为的设备。O2已经证实将于明年1月份进行新一代5G通讯网络的试运营，届时将在伦敦200多个地点使用华为的硬件设备。O2表示，该公司将继续在伦敦进行5G测试，其中包括努力确保其网络“做好了5G准备”，为公司的上市做准备。O英3家公司称将使用华为设备 已达成20亿英镑协议 收起全文d\n", "author": "凤凰网财经", "time": "凤凰网财经2018年12月23日08:15 来自微博weibo.com", "transmit": " 转发 280", "comment": "评论 1373", "zan": " 2563"}, {"text": "\n                    联想和华为差在哪？在12月23日北大光华新年论坛上，中国工程院院士、联想前总工程师倪光南称，联想与华为这30年犹如“龟兔赛跑”。联想估值曾一度是华为的5倍，而现在华为估值已是联想的50倍，并表示，联想“路线不对”“知识产权0股权”，而华为做得都很好。L老板联播的秒拍视频 ​                ", "author": "新浪科技", "time": "新浪科技2018年12月23日14:19 来自微博weibo.com", "transmit": " 转发 176", "comment": "评论 314", "zan": " 257"}, {"text": "\n                    【捷克政府纠正针对华为手机的错误做法】捷克国家安全委员会21日发表声明，纠正政府日前要求机关工作人员停止使用华为手机的错误做法。声明说，之前捷克国家网络与信息安全办公室发布的“安全警示”不涉及普通用户和终端设备，该办公室也无权评估其他国家的国际政治局势或法律和政治环境。声明说，捷克 ​  展开全文c \n                    【捷克政府纠正针对华为手机的错误做法】捷克国家安全委员会21日发表声明，纠正政府日前要求机关工作人员停止使用华为手机的错误做法。声明说，之前捷克国家网络与信息安全办公室发布的“安全警示”不涉及普通用户和终端设备，该办公室也无权评估其他国家的国际政治局势或法律和政治环境。声明说，捷克对所有合法外国投资持开放态度，并将继续为其提供有利环境。O捷克政府纠正针对华为手机的错误做法 收起全文d\n", "author": "环球时报", "time": "环球时报2018年12月23日09:44 来自微博weibo.com", "transmit": " 转发 57", "comment": "评论 238", "zan": " 366"}, {"text": "\n                    【诺基亚，下；华为，上】英国第二大移动通讯运营商“西班牙电信英国公司”（O2）明年1月将继续测试华为5G设备。该公司发言人表示，为“保证客户享受最佳网络体验，将与所有供应商合作”。O2将于明年1月开始，在伦敦200个通讯基站测试华为的5G无线通讯设备，希望替换目前正在使用中的诺基亚设备。华为 ​  展开全文c \n                    【诺基亚，下；华为，上】英国第二大移动通讯运营商“西班牙电信英国公司”（O2）明年1月将继续测试华为5G设备。该公司发言人表示，为“保证客户享受最佳网络体验，将与所有供应商合作”。O2将于明年1月开始，在伦敦200个通讯基站测试华为的5G无线通讯设备，希望替换目前正在使用中的诺基亚设备。华为发言人向彭博社介绍，该合同数周以前就已签好。 O英国电信运营商O2将测用华为5G设备，替换诺基亚 收起全文d\n", "author": "环球网", "time": "环球网2018年12月23日14:11", "transmit": " 转发 45", "comment": "评论 60", "zan": " 238"}, {"text": "\n                    【英3家公司称将使用华为设备 已达成20亿英镑协议】据英国媒体报道，英国移动电信运营商O2透露，该公司将继续在5G测试中使用华为的设备。报道还指出，有三家公司还证实了已经与华为达成了20亿英镑的协议，将在英国各地建立#5G# 网络，并准备在明年开始正式运营。O英3家公司称将使用华为设备 已达成20亿英镑协议 ​                ", "author": "新浪科技", "time": "新浪科技2018年12月23日12:42 来自专业版微博", "transmit": " 转发 102", "comment": "评论 139", "zan": " 619"}, {"text": "\n                    【联想为什么不如华为了？倪光南：联想路线走错了】倪光南于#北大光华新年论坛#称，华为联想这30年来犹如龟兔赛跑，1995年，联想销售额是华为的4.5倍，现在华为市值基本超过联想50倍。联想为什么不如华为了？他表示，一是华为始终坚持研发投入，二是华为股权对科技人员产生了激励。但联想在这两方面都 ​  展开全文c \n                    【联想为什么不如华为了？倪光南：联想路线走错了】倪光南于#北大光华新年论坛#称，华为联想这30年来犹如龟兔赛跑，1995年，联想销售额是华为的4.5倍，现在华为市值基本超过联想50倍。联想为什么不如华为了？他表示，一是华为始终坚持研发投入，二是华为股权对科技人员产生了激励。但联想在这两方面都做得不好O联想为什么不如华为了？倪光南：联想路线走错了 收起全文d\n", "author": "新浪财经", "time": "新浪财经2018年12月23日12:18 来自微博weibo.com", "transmit": " 转发 208", "comment": "评论 473", "zan": " 308"}, {"text": "\n                    【捷克政府发表声明：纠正针对华为手机的错误做法】捷克国家安全委员会21日发表声明，纠正政府日前要求机关工作人员停止使用华为手机的错误做法。声明说，之前捷克国家网络与信息安全办公室发布的“安全警示”不涉及普通用户和终端设备，该办公室也无权评估其他国家的国际政治局势或法律和政治环境。声 ​  展开全文c \n                    【捷克政府发表声明：纠正针对华为手机的错误做法】捷克国家安全委员会21日发表声明，纠正政府日前要求机关工作人员停止使用华为手机的错误做法。声明说，之前捷克国家网络与信息安全办公室发布的“安全警示”不涉及普通用户和终端设备，该办公室也无权评估其他国家的国际政治局势或法律和政治环境。声明说，捷克对所有合法外国投资持开放态度，并将继续为其提供有利环境。新华社 O捷克政府发表声明：纠正针对华为手机的错误做法 收起全文d\n", "author": "澎湃新闻", "time": "澎湃新闻2018年12月23日12:09 来自360安全浏览器", "transmit": " 转发 53", "comment": "评论 95", "zan": " 231"}, {"text": "\n                    【《财富》评年度最佳5款智能手机：华为、一加入选】《财富》评选了年度最佳五款智能手机：iPhone XS Max是软硬件集大成者；谷歌Pixel 3最大亮点在软件工具；在处理器中融入人工智能，使华为Mate 20 Pro更聪明；一加6T有很好的性价比，屏下指纹是亮点；三星Note 9是安卓旗舰标杆。O《财富》评年度最佳5款智能手机：华为、一加入选 ​                ", "author": "新浪科技", "time": "新浪科技2018年12月23日21:36 来自微博weibo.com", "transmit": " 转发 28", "comment": "评论 42", "zan": " 73"}, {"text": "\n                    【#倪光南谈联想和华为差在哪#：路线不对，华为研发投入是联想10倍】中国工程院院士、联想前总工程师倪光南称，联想与华为这30年犹如“龟兔赛跑”。联想估值曾一度是华为的5倍，而现在华为估值已是联想的50倍。倪光南归结为联想“路线不对”“知识产权0股权”，而华为做得都很好。 L老板联播的秒拍视频 ​                ", "author": "观察者网", "time": "观察者网2018年12月23日15:52 来自iPhoneX", "transmit": " 转发 392", "comment": "评论 685", "zan": " 716"}, {"text": "\n关晓彤#华为nova星人关晓彤# 从2016年10月8日官宣至今，见证gxt一路成长，21岁未来很长，不忘初心继续彤行！@华为终端官方微博 @关晓彤 ​                ", "author": "是囡妈啊", "time": "是囡妈啊2018年12月23日11:43 来自关晓彤超话", "transmit": " 转发 21", "comment": "评论 38", "zan": " 242"}, {"text": "\n                    【华为轮值董事长胡厚崑现场答14家国际媒体纪要】12月18日下午，华为轮值董事长胡厚崑在东莞新园区与来自14家Top国际媒体的记者举行了媒体圆桌。在采访中，胡厚崑表示，对于安全指控，最好是让事实说话。事实是：华为一直保持着良好的网络安全记录，30年来没有发生过严重的网络安全事件。同时，胡厚崑 ​  展开全文c \n                    【华为轮值董事长胡厚崑现场答14家国际媒体纪要】12月18日下午，华为轮值董事长胡厚崑在东莞新园区与来自14家Top国际媒体的记者举行了媒体圆桌。在采访中，胡厚崑表示，对于安全指控，最好是让事实说话。事实是：华为一直保持着良好的网络安全记录，30年来没有发生过严重的网络安全事件。同时，胡厚崑强调了华为在5G领域技术创新和市场领先。媒体圆桌会前，首次向媒体开放了先进热技术实验室、先进结构材料实验室及内部网络安全实验室的参观，体现了华为更公开、透明的形象。O信息量极大：华为轮值董事长胡厚崑现场答14家国际媒体纪要 收起全文d\n", "author": "环球网", "time": "环球网2018年12月23日14:46", "transmit": " 转发 49", "comment": "评论 20", "zan": " 238"}, {"text": "\n                    美国联合小兄弟打压华为、中兴，有些觉得天要塌下来，尤其那些根本不是通信圈子混，学点文史哲经济法律的，好象又要出大问题似的。文人，只会诉诸感情，自己吓自己，哪会真有脑子思考？今天全世界扯不用华为设备的是情报机构，是政客。没有一家运营商，运营商需要技术好、服务好、成本低的设备，不用 ​  展开全文c \n                    美国联合小兄弟打压华为、中兴，有些觉得天要塌下来，尤其那些根本不是通信圈子混，学点文史哲经济法律的，好象又要出大问题似的。文人，只会诉诸感情，自己吓自己，哪会真有脑子思考？今天全世界扯不用华为设备的是情报机构，是政客。没有一家运营商，运营商需要技术好、服务好、成本低的设备，不用华为用谁？多花钱，为一个莫须有的安全问题。华为轮值CEO胡厚崑说得好，美国没用过华为的设备，怎么知道有安全问题。西方国家政客走马灯一样，今天这样说，明天那样说，今天在台上，明天就下台了。运营商永远在，永远要高品质、好服务、价便宜的产品。印度说排除华为，一转眼又说用华为。英国有人说排除华为，又说要用了。捷克总理说不用华为，然后又有机构说总理没这权力。其实现在台面上不过是政客表演，这政客也不是铁板一块，而且所有运营商都不会接受政客一扯自己就多30%的钱，这钱政客会出吗？这事就是静观其变，该干嘛干嘛，菲律宾小阿基诺时，以为马上会拼命，转眼就风平浪静了，靠什么，实力在那里。华为、中兴这事，无它，提升实力，好好干活，小点国家没一个扛得住，为一个莫须有名义，多付30%的钱，这些国家钱多？很快澳大利亚的反对党会责问政府为什么要多花钱？它真能拿出证据？明年华为会从今天的1000亿美元，增长20%，世界上大部分国家都会用华为5G。不信走着瞧。 2北京·乐成中心A座 收起全文d\n", "author": "飞象网项立刚", "time": "飞象网项立刚2018年12月23日12:07 来自华为Mate10保时捷设计", "transmit": " 转发 243", "comment": "评论 140", "zan": " 527"}, {"text": "\n                    【#倪光南谈联想和华为差在哪#：路线不对，华为研发投入是联想十倍】在 12 月 23 日北大光华新年论坛上，中国工程院院士、联想前总工程师倪光南称，联想与华为这三十年犹如“龟兔赛跑”。联想估值曾一度是华为的五倍，而现在华为估值已是联想的五十倍。倪光南归结为联想“路线不对”“知识产 ​  展开全文c \n                    【#倪光南谈联想和华为差在哪#：路线不对，华为研发投入是联想十倍】在 12 月 23 日北大光华新年论坛上，中国工程院院士、联想前总工程师倪光南称，联想与华为这三十年犹如“龟兔赛跑”。联想估值曾一度是华为的五倍，而现在华为估值已是联想的五十倍。倪光南归结为联想“路线不对”“知识产权零股权”，而华为做得都很好。L老板联播的秒拍视频 收起全文d\n", "author": "ZEALER中国", "time": "ZEALER中国2018年12月23日13:23", "transmit": " 转发 93", "comment": "评论 392", "zan": " 349"}, {"text": "\n                    美国联合小兄弟打压华为、中兴，有些觉得天要塌下来，尤其那些根本不是通信圈子混，学点文史哲经济法律的，好象又要出大问题似的。文人，只会诉诸感情，自己吓自己，哪会真有脑子思考？今天全世界扯不用华为设备的是情报机构，是政客。没有一家运营商，运营商需要技术好、服务好、成本低的设备，不用 ​  展开全文c \n                    美国联合小兄弟打压华为、中兴，有些觉得天要塌下来，尤其那些根本不是通信圈子混，学点文史哲经济法律的，好象又要出大问题似的。文人，只会诉诸感情，自己吓自己，哪会真有脑子思考？今天全世界扯不用华为设备的是情报机构，是政客。没有一家运营商，运营商需要技术好、服务好、成本低的设备，不用华为用谁？多花钱，为一个莫须有的安全问题。华为轮值CEO胡厚崑说得好，美国没用过华为的设备，怎么知道有安全问题。西方国家政客走马灯一样，今天这样说，明天那样说，今天在台上，明天就下台了。运营商永远在，永远要高品质、好服务、价便宜的产品。印度说排除华为，一转眼又说用华为。英国有人说排除华为，又说要用了。捷克总理说不用华为，然后又有机构说总理没这权力。其实现在台面上不过是政客表演，这政客也不是铁板一块，而且所有运营商都不会接受政客一扯自己就多付30%的钱，这钱政客会出吗？这事就是静观其变，该干嘛干嘛，菲律宾小阿基诺时，以为马上会拼命，转眼就风平浪静了，靠什么，实力在那里。华为、中兴这事，无它，提升实力，好好干活，小点国家没一个扛得住，为一个莫须有名义，多付30%的钱，这些国家钱多？很快澳大利亚的反对党会责问政府为什么要多花钱？它真能拿出证据？明年华为会从今天的1000亿美元，增长20%，世界上大部分国家都会用华为5G。不信走着瞧。 2北京·乐成中心A座 收起全文d\n", "author": "飞象网项立刚", "time": "飞象网项立刚2018年12月23日12:22 来自华为Mate10保时捷设计", "transmit": " 转发 124", "comment": "评论 112", "zan": " 386"}, {"text": "\n                    强烈推荐：华为轮值董事长胡厚崑答记者18问，原汁原味。这里面有大量的对不实流言的以正视听，和华为业务进展情况。里面很多记者挖坑，甚至有罪推定的语气，胡总回答的很好他再次确认，华为今年营收过千亿美元。华为5G至少领先12个月到18个月不等。全文很长，也非常给力： O华为轮值董事长胡厚崑答记者问 ​                ", "author": "HW前HR", "time": "HW前HR2018年12月23日09:08 来自HUAWEIMate20Pro", "transmit": " 转发 680", "comment": "评论 144", "zan": " 541"}, {"text": "\n                    很久不晒2B了，今天晒一个，我耐心的回答了丫无数个问题，最后一个问题太SB，我真是烦透了，但还是耐住性子没骂人，结果一点感激之情都没有，真让人寒心。丫要买一个二奶机，因为爱国，非要买自己本不喜欢的华为，我说备机还纠结毛啊，随便买个顺眼的，结果丫连自己喜欢什么都不知道，选白色黑色还问 ​  展开全文c \n                    很久不晒2B了，今天晒一个，我耐心的回答了丫无数个问题，最后一个问题太SB，我真是烦透了，但还是耐住性子没骂人，结果一点感激之情都没有，真让人寒心。丫要买一个二奶机，因为爱国，非要买自己本不喜欢的华为，我说备机还纠结毛啊，随便买个顺眼的，结果丫连自己喜欢什么都不知道，选白色黑色还问我，我是你爹啊……硬哥，该怎么选择？随便买个安卓吧，备机要求不高，买个喜欢的就行华为里面配置和颜值稍微过得去的就是mate10、mate20pro了，但mate20pro、太贵了，比我主力机还贵。但很多人说p10太差了。微博上很多人用了一年出了很多问题，摄像头不能用、自动关机、打不开应用，而且配置也不行，我有一朋友也是用p10，也就一年多，电池都一天3冲了那你就别买这款啊，安卓手机有那么多可我就想买华为家的手机，但是没一款手机让我满意。对华为挺失望的（没有针对mate20）。今天看了几款华为手机，都不怎么样。所以为啥非要买华为因为挺喜欢华为公司的，算了还是买SE保险些。小米对我而言是买配件和家居的，不适合买手机😂又来麻烦你了，这两个应该选哪个呢？p20价格有点高，要攒很久......（学生党，在学校里用太好，不安全）华为畅享8和9哪个好呀？畅享9好像不支持指纹，那安全性太低了，怎么用支付宝和微信呀？华为mate9和p10（毛病贼多）哪个适合当备用机呀？备用机还有啥可挑的，闭着眼睛屏感觉买那mate9陶瓷白好看还是耀石黑呢？我的iPhone8（黑色）。硬哥，你的官方怎么看？求你别问我了求你别当博主了（真心提醒）。看着累。你什么意思只是看着累，问问其他人吧，估计跟我差不多一样的感受。全部聊天记录发不出来，一百多条呢，截图太长了模糊，渣浪自动生成的聊天记录也不全。 O聊天记录 收起全文d\n", "author": "硬哥", "time": "硬哥2018年12月23日16:29 来自iPhoneXSMax", "transmit": " 转发 457", "comment": "评论 931", "zan": " 402"}, {"text": "\n                    【英媒：英国移动公司顶住政治压力 坚持用华为5G设备】英国《金融时报》网站：英国移动通信网络运营商O2将在明年1月推进测试华为的5G设备，尽管这家中国电信设备供应商正面临越来越大的政治压力。O2将在位于伦敦各地的200个基站测试华为设备。这将是自11月美国和英国表示对这家中国公司有安全担忧以来 ​  展开全文c \n                    【英媒：英国移动公司顶住政治压力 坚持用华为5G设备】英国《金融时报》网站：英国移动通信网络运营商O2将在明年1月推进测试华为的5G设备，尽管这家中国电信设备供应商正面临越来越大的政治压力。O2将在位于伦敦各地的200个基站测试华为设备。这将是自11月美国和英国表示对这家中国公司有安全担忧以来，华为5G设备首次被部署。O网页链接 收起全文d\n", "author": "参考消息", "time": "参考消息2018年12月23日17:00 来自微博weibo.com", "transmit": " 转发 103", "comment": "评论 73", "zan": " 316"}, {"text": "\n                    【华为过劫】2018年，美国多年来对华为的遏制达到高潮，不仅以安全威胁为由阻止华为进入美国市场，还号召其盟友共同抵制华为，孟晚舟事件，更是牵动太平洋两岸的商界人士的心，导致人心惶惶。一位大型互联网公司高层称，对于正在谋求海外扩张的企业来说，现在已到了最危险的时候。O华为过劫：若半个地球市场关闭 华为还能高歌猛进吗? ​                ", "author": "新浪科技", "time": "新浪科技2018年12月23日19:00 来自微博weibo.com", "transmit": " 转发 32", "comment": "评论 67", "zan": " 74"}, {"text": "\n                    【极力推荐｜华为胡厚崑回答国际媒体18个问题完整纪要】外媒提问很尖锐，胡总回答有理有据，不卑不亢。有美国记者问:美国把华为视为安全风险…胡总:美国华为设备几乎为零，都没用过怎么知道有风险，证据呢？会议实录很长，方便大家阅读做了重点标注，建议收藏。#华为# #科技#  O华为轮值CEO胡厚崑回答国际媒体18个问题 ​                ", "author": "建华Wei业", "time": "建华Wei业2018年12月23日07:46 来自HUAWEIMate20Pro", "transmit": " 转发 423", "comment": "评论 111", "zan": " 333"}, {"text": "\n                    【联想为什么不如华为了？倪光南：联想路线走错了】北京时间周日(12月23日)，“第二十届北大光华新年论坛”在北京举行，中国工程院院士倪光南出席并发表演讲。倪光南在演讲中表示，华为联想这30年来犹如龟兔赛跑，在1988-1995第一阶段，联想的“技工贸”胜过了华为的“贸工技”，在1995年，联想销售额6 ​  展开全文c \n                    【联想为什么不如华为了？倪光南：联想路线走错了】北京时间周日(12月23日)，“第二十届北大光华新年论坛”在北京举行，中国工程院院士倪光南出席并发表演讲。倪光南在演讲中表示，华为联想这30年来犹如龟兔赛跑，在1988-1995第一阶段，联想的“技工贸”胜过了华为的“贸工技”，在1995年，联想销售额67亿元，是华为的4.5倍。谈及联想和华为的差距，倪光南表示是路线问题。一方面，华为始终坚持研发投入，此外，华为股权对科技人员产生了激励。“联想现在做得不好，一是因为路线不对，而是知识产权0股权对公司发展没有好处。”O联想为什么不如华为了？倪光南：联想路线走错了【联想和华为你更尊重谁？】http://t.cn/E4OhIHH 收起全文d\n", "author": "凤凰网财经", "time": "凤凰网财经2018年12月23日12:50 来自微博weibo.com", "transmit": " 转发 131", "comment": "评论 209", "zan": " 99"}, {"text": "\n                    【捷克政府纠正针对华为手机的错误做法】捷克国家安全委员会21日发表声明，纠正政府日前要求机关工作人员停止使用华为手机的错误做法。声明说，之前捷克国家网络与信息安全办公室发布的“安全警示”不涉及普通用户和终端设备，该办公室也无权评估其他国家的国际政治局势或法律和政治环境。声明说，捷克 ​  展开全文c \n                    【捷克政府纠正针对华为手机的错误做法】捷克国家安全委员会21日发表声明，纠正政府日前要求机关工作人员停止使用华为手机的错误做法。声明说，之前捷克国家网络与信息安全办公室发布的“安全警示”不涉及普通用户和终端设备，该办公室也无权评估其他国家的国际政治局势或法律和政治环境。声明说，捷克对所有合法外国投资持开放态度，并将继续为其提供有利环境。（新华社）O网页链接 收起全文d\n", "author": "参考消息", "time": "参考消息2018年12月23日09:37 来自微博weibo.com", "transmit": " 转发 37", "comment": "评论 26", "zan": " 141"}, {"text": "\n#暖心时刻#  #向全世界安利魏大勋# 明天12月24日@魏大勋 哥哥会在天津出席华为手机落地活动。小麻豆感受到了大家的热情，特又申请了12个活动名额，欢迎xyy们踊跃报名。[米奇比心]✔活动详情：地址：天津南开大悦城时间：2018年12月24日（周一）下午17:00✔参与要求：1、关注@魏大勋  ​  展开全文c \n#暖心时刻#  #向全世界安利魏大勋# 明天12月24日@魏大勋 哥哥会在天津出席华为手机落地活动。小麻豆感受到了大家的热情，特又申请了12个活动名额，欢迎xyy们踊跃报名。[米奇比心]✔活动详情：地址：天津南开大悦城时间：2018年12月24日（周一）下午17:00✔参与要求：1、关注@魏大勋 @魏大勋de工作室  及@魏大勋后援会；2、魏大勋超话等级6级及以上；3、发布“魏大勋”相关微博数30条及以上（今日微博不计入总数）；4、超话贡献积分15分及以上；5、能够保证出席活动，能够保证遵守活动现场秩序，听从组织和安排。✔参与方式：1、请能够参加活动的宝宝将超话页面等级、“魏大勋”相关微博条数及超话贡献积分截图（如图）发邮件至小麻豆邮箱：wdx0412_medal@163.com ；2、小麻豆收到邮件后回复审核结果，超时不再审核。✔截止时间1、12月23日（今天）晚21:30前；2、活动截止后，小麻豆会进行审核及邮件通知结果。✔温馨提示1、禁止私自转名额，否则将会影响之后的抽奖活动信誉；2、活动现场请大家自觉维护秩序，注意安全。 收起全文d\n", "author": "魏大勋后援会", "time": "魏大勋后援会2018年12月23日18:20 来自魏大勋超话", "transmit": " 转发 13", "comment": "评论 65", "zan": " 141"}, {"text": "\n                    ●华为5G重要消息｜再下一城！多家英媒证实，英国三大运营商将采用华为5G设备，都在明年初试运营，美国惨被老弟英国打脸。据英国《金融时报》等媒体消息，英国移动电信运营商O2透露，该公司将继续在5G测试中使用华为的设备。O2已证实将于明年1月份进行5G通讯网络试运营，届时将在伦敦200多个地点使 ​  展开全文c \n                    ●华为5G重要消息｜再下一城！多家英媒证实，英国三大运营商将采用华为5G设备，都在明年初试运营，美国惨被老弟英国打脸。据英国《金融时报》等媒体消息，英国移动电信运营商O2透露，该公司将继续在5G测试中使用华为的设备。O2已证实将于明年1月份进行5G通讯网络试运营，届时将在伦敦200多个地点使用华为硬件设备。O2表示，该公司将继续在伦敦进行5G测试，其中包括努力确保其网络“做好5G准备”，为公司的上市做准备。报道还指出，包括英国EE和沃达丰他们也将使用华为设备进行5G测试。这三家公司还证实了已经与华为达成了20亿英镑的协议，将在英国各地建立5G网络，并准备在明年开始正式运营。之前美国华尔街日报说美国严正要求英国禁止华为，看来英国最后做出了正确的抉择#华为##科技##数码##5G##Hello 5G# 收起全文d\n", "author": "建华Wei业", "time": "建华Wei业2018年12月23日11:36 来自华为超话", "transmit": " 转发 79", "comment": "评论 62", "zan": " 214"}, {"text": "\n                    【华为全球通信市场份额第一 5G专利第一】市场调研机构数据，2018年前三季度全球电信设备份额中，华为已经逼近30%，全球第一，遥遥领先，中兴位列第五名。专利数量方面，力挺Polar码的华为排在第一，专利数据达49.5%，高通排在第四位，专利占比只有5.8%，远远落后华为。知道美国为啥搞华为了吧？ ​                ", "author": "C科技", "time": "C科技2018年12月23日23:00", "transmit": " 转发 53", "comment": "评论 179", "zan": " 298"}, {"text": "\n华为P30 Pro真机，后置四摄，10倍光学变焦，双闪光灯，支持心率检测！ ​                ", "author": "C科技", "time": "C科技2018年12月23日20:33", "transmit": " 转发 23", "comment": "评论 240", "zan": " 266"}, {"text": "\n#新媒体·艺术##广告艺术##艺术无解#“华为迪拜广告”登场世界第一高楼迪拜-哈利法塔！哈利法塔高828米，楼层总数162层，造价15亿美元。. L艺术无解无界的微博视频 ​                ", "author": "艺术无解无界", "time": "艺术无解无界2018年12月23日17:49 来自微博视频", "transmit": " 转发 66", "comment": "评论 25", "zan": " 158"}, {"text": "\n                    【英3家公司称将使用华为设备，已达成20亿英镑协议】据英国媒体报道，英国移动电信运营商O2透露，该公司将继续在5G测试中使用华为的设备。包括EE和沃达丰在内的其他几家英国运营商也已经表示，他们也将使用华为的设备进行5G测试。有三家公司还证实了已经与华为达成了20亿英镑的协议，将在英国各地建立5 ​  展开全文c \n                    【英3家公司称将使用华为设备，已达成20亿英镑协议】据英国媒体报道，英国移动电信运营商O2透露，该公司将继续在5G测试中使用华为的设备。包括EE和沃达丰在内的其他几家英国运营商也已经表示，他们也将使用华为的设备进行5G测试。有三家公司还证实了已经与华为达成了20亿英镑的协议，将在英国各地建立5G网络，并准备在明年开始正式运营。 收起全文d\n", "author": "界面新闻", "time": "界面新闻2018年12月23日13:01 来自微博weibo.com", "transmit": " 转发 25", "comment": "评论 35", "zan": " 91"}, {"text": "\n#微博赚钱季# 【联想和华为差在哪？倪光南：路线不对，华为研发投入是联想十倍】在12月23日北大光华新年论坛上，中国工程院院士、联想前总工程师倪光南称，联想与华为这三十年犹如“龟兔赛跑”。联想估值曾一度是华为的五倍，而现在华为估值已是联想的五十倍。倪光南归结为联想“路线不对”“知识产权 ​  展开全文c \n#微博赚钱季# 【联想和华为差在哪？倪光南：路线不对，华为研发投入是联想十倍】在12月23日北大光华新年论坛上，中国工程院院士、联想前总工程师倪光南称，联想与华为这三十年犹如“龟兔赛跑”。联想估值曾一度是华为的五倍，而现在华为估值已是联想的五十倍。倪光南归结为联想“路线不对”“知识产权零股权”，而华为做得都很好。L老板联播的秒拍视频 收起全文d\n", "author": "微博股票", "time": "微博股票2018年12月23日14:21 来自微博weibo.com", "transmit": " 转发 26", "comment": "评论 52", "zan": " 66"}]