[{"text": "\n#首个国家级5G新媒体平台# 厉害了，咱的5G，华为5G宣传片热乎出炉！L毒舌游戏的秒拍视频 ​                ", "author": "N乌托邦帮主无名B", "time": "N乌托邦帮主无名B2018年12月28日14:55 来自微博weibo.com", "transmit": " 转发 1897", "comment": "评论 964", "zan": " 14589"}, {"text": "\n                    【首个国家级5G新媒体平台开建】今天，中央广播电视总台与中国电信、中国移动、中国联通及华为公司在北京共同签署合作建设5G新媒体平台框架协议，在中央广播电视总台启动建设我国第一个基于5G技术的国家级新媒体平台。L央视新闻的秒拍视频 ​                ", "author": "央视新闻", "time": "央视新闻2018年12月28日17:30 来自微博weibo.com", "transmit": " 转发 951", "comment": "评论 482", "zan": " 4546"}, {"text": "\n                    2018年即将结束，重温我们这一年的“黑科技”，石墨烯液冷散热、快人一步GPU Turbo、技能满分的快充和反充……感恩花粉们一路陪伴，见证我们一路成长，比心！关注+带话题#华为有技术#，转发微博说说你印象最深刻的华为黑科技，就有机会获得HUAWEI Mate 20 6GB+64GB 全网通版1个。[广告] ​                ", "author": "华为终端公司", "time": "华为终端公司2018年12月28日12:00 来自微博weibo.com", "transmit": " 转发 2327", "comment": "评论 2200", "zan": " 1300"}, {"text": "\n                    当@设计师兰玉 遇见#华为nova4#蜜语红，无限的蜜意与柔情油然而生。这款蜜语红定制服装，你心动了吗？ ​                ", "author": "华为终端官方微博", "time": "华为终端官方微博2018年12月28日10:00 来自nova4自拍极点全面屏", "transmit": " 转发 517", "comment": "评论 263", "zan": " 1167"}, {"text": "\n#全球首个5G手机电话打通# 华为和5G到底是什么联系 看完这个视频你就知道了 L小刚在大理的微博视频 ​                ", "author": "小刚在大理", "time": "小刚在大理2018年12月28日14:25 来自iPhoneXAndroid", "transmit": " 转发 576", "comment": "评论 1080", "zan": " 5525"}, {"text": "\n                    不断突破科技边界，再度诠释生活美学！集科技、人文、生态于一体的华为智能生活馆（杭州黄龙万科），邀您共享美好生活、传递新年心意 ​                ", "author": "华为终端官方微博", "time": "华为终端官方微博2018年12月28日12:24 来自微博weibo.com", "transmit": " 转发 29", "comment": "评论 66", "zan": " 488"}, {"text": "\n                    2018年是华为智能终端技术成长非常快的一年，手机快充、石墨烯散热材料、GPU Turbo等等多重“黑科技”的亮相，皆是华为一步一脚印的智能成果。这一切都离不开所有同事的辛勤付出和消费者的陪伴支持，2019年我们继续努力。说说你最爱华为的哪一项黑科技，下周四我将抽送1个华为手环 B5 时尚版，由 ​  展开全文c \n                    2018年是华为智能终端技术成长非常快的一年，手机快充、石墨烯散热材料、GPU Turbo等等多重“黑科技”的亮相，皆是华为一步一脚印的智能成果。这一切都离不开所有同事的辛勤付出和消费者的陪伴支持，2019年我们继续努力。说说你最爱华为的哪一项黑科技，下周四我将抽送1个华为手环 B5 时尚版，由@微博抽奖平台 公布。 收起全文d\n", "author": "徐钦松Jim", "time": "徐钦松Jim2018年12月28日20:49 来自HUAWEIMate20Pro", "transmit": " 转发 403", "comment": "评论 498", "zan": " 443"}, {"text": "\n华为5G宣传片，让人为之一振！首个国家级5G新媒体平台： 世界5G，中国华为，厉害了 L最神奇的视频的秒拍视频 ​                ", "author": "最神奇的视频", "time": "最神奇的视频2018年12月28日21:16 来自微博weibo.com", "transmit": " 转发 794", "comment": "评论 99", "zan": " 1150"}, {"text": "\n                    【慎海雄会见华为董事长梁华】今天，中宣部副部长、中央广播电视总台台长慎海雄在北京会见华为技术有限公司董事长梁华。慎海雄介绍了总台4K超高清频道开播以来的情况和5G新媒体平台测试进展，表示将继续加强与华为在5G技术研发应用、超高清视频转播、数据存储传输等方面的深度合作。梁华转达了任正非 ​  展开全文c \n                    【慎海雄会见华为董事长梁华】今天，中宣部副部长、中央广播电视总台台长慎海雄在北京会见华为技术有限公司董事长梁华。慎海雄介绍了总台4K超高清频道开播以来的情况和5G新媒体平台测试进展，表示将继续加强与华为在5G技术研发应用、超高清视频转播、数据存储传输等方面的深度合作。梁华转达了任正非对慎海雄的问候。他表示，华为公司将在前期与总台在超高清技术合作的基础上，进一步深化双方合作，有信心为总台5G平台建设和超高清产业发展提供强有力的技术支撑。 收起全文d\n", "author": "央视新闻", "time": "央视新闻2018年12月28日13:30 来自微博weibo.com", "transmit": " 转发 324", "comment": "评论 261", "zan": " 2000"}, {"text": "\n华为员工，54页PPT干货解读华为任职资格与员工能力管理 ​                ", "author": "每天学点经济学", "time": "每天学点经济学2018年12月28日18:00 来自微博weibo.com", "transmit": " 转发 141", "comment": "评论 5", "zan": " 122"}, {"text": "\n#首个国家级5G新媒体平台#1）今天上午，中央广播电视总台与中国电信、中国移动、中国联通及华为公司在北京共同签署合作建设5G新媒体平台框架协议；2）5G网络是信息基础设施的又一次全面升级，能为跨领域、全方位、多层次的产业深度融合提供坚实支撑，将成为我国转型发展中的关键生产要素；3）华为不是 ​  展开全文c \n#首个国家级5G新媒体平台#1）今天上午，中央广播电视总台与中国电信、中国移动、中国联通及华为公司在北京共同签署合作建设5G新媒体平台框架协议；2）5G网络是信息基础设施的又一次全面升级，能为跨领域、全方位、多层次的产业深度融合提供坚实支撑，将成为我国转型发展中的关键生产要素；3）华为不是单纯的手机制造商，也是技术革新者，强强联手！厉害了！ 收起全文d\n", "author": "钱皓", "time": "钱皓2018年12月28日16:28 来自微博weibo.com", "transmit": " 转发 40", "comment": "评论 31", "zan": " 286"}, {"text": "\n                    日本加班大神入职华为，三个月就投降了！ ​                ", "author": "袁炫华", "time": "袁炫华2018年12月28日14:12 来自vivoX23AI非凡摄影", "transmit": " 转发 162", "comment": "评论 254", "zan": " 1123"}, {"text": "\n                    【华为轮值董事长发贺词:不公平把我们逼向世界第一】据@华为中国 12月27日消息，华为轮值董事长郭平发了《不经艰难困苦，何来玉汝于成》的2019年新年致辞。在致辞中，郭平透露2018年，公司预计实现销售收入1085亿美元，同比增长21%。还称不因一时一事的恶性事件、挫折消沉了我们领先世界的锐气。我们会 ​  展开全文c \n                    【华为轮值董事长发贺词:不公平把我们逼向世界第一】据@华为中国 12月27日消息，华为轮值董事长郭平发了《不经艰难困苦，何来玉汝于成》的2019年新年致辞。在致辞中，郭平透露2018年，公司预计实现销售收入1085亿美元，同比增长21%。还称不因一时一事的恶性事件、挫折消沉了我们领先世界的锐气。我们会越挫越勇，相反是这些极端不公平事件，把我们逼向了世界第一。伟大的背后都是苦难，困难和压力只会使我们变得更团结、更强大，我们一定能够实现愿景和使命：把数字世界带入每个人、每个家庭、每个组织，构建万物互联的智能世界。沉舟侧畔千帆过，乘风破浪会有时，任何艰难困苦，休想阻挡我们前进的步伐。O华为轮值董事长郭平新年致辞：不经艰难困苦，何来玉汝于成 收起全文d\n", "author": "环球时报", "time": "环球时报2018年12月28日11:10 来自微博weibo.com", "transmit": " 转发 221", "comment": "评论 280", "zan": " 1239"}, {"text": "\n                    喷了，同事出差途中电动牙刷没电了，结果发现华为手机的反向充电能给牙刷充电#华为手机反向充电动牙刷# ​                ", "author": "首席内幕官", "time": "首席内幕官2018年12月28日22:34 来自过气老王的iPhone客户端", "transmit": " 转发 145", "comment": "评论 378", "zan": " 1330"}, {"text": "\n                    【愿】为了知识不断传承   我们联接角落与光明；为了距离不再遥远   我们联接旅途与思念；为了智能无处不在   我们联接生命与感知；为了创造不止眼前   我们联接想象与未来 转发微博，元旦抽10位小伙伴送华为定制U盘和新年贺卡 L图鉴华为的秒拍视频 ​                ", "author": "华为招聘", "time": "华为招聘2018年12月28日09:37 来自微博weibo.com", "transmit": " 转发 495", "comment": "评论 246", "zan": " 164"}, {"text": "\n                    台湾媒体甚为不解！为何之前多国政府跟随美国禁用华为，但现在却都出而反而，英国，日本，意大利，包括加拿大电讯商都表示会继续使用华为的5G通信技术！捷克总理更当面澄清仓促决定停用华为产品是被误导！原因就是现在全球真正能提供5G服务的就华为一家。华为5G通信技术在全球可以称得上是第一了，而华 ​  展开全文c \n                    台湾媒体甚为不解！为何之前多国政府跟随美国禁用华为，但现在却都出而反而，英国，日本，意大利，包括加拿大电讯商都表示会继续使用华为的5G通信技术！捷克总理更当面澄清仓促决定停用华为产品是被误导！原因就是现在全球真正能提供5G服务的就华为一家。华为5G通信技术在全球可以称得上是第一了，而华为5G订单的规模在全球业务量已经超越爱立信、高通、三星、诺基亚等知名科技公司，成为了首屈一指的5G领军者。这些国家不想用中国的华为，但又不得不用华为，这就是华为让美帝羡慕嫉妒恨的主要原因！#华为年度出货量首超苹果# 收起全文d\n", "author": "彩云香江", "time": "彩云香江2018年12月28日08:40 来自HUAWEIMate10Pro", "transmit": " 转发 44", "comment": "评论 21", "zan": " 85"}, {"text": "\n                    这次EMUI9.0升级在视觉观感、操作流畅度和智能体验上都有更新，花粉朋友们可以下载体验，也可以留言说说哪个功能最吸引你，我将抽送一个华为10000mAh快充版移动电源。 ​                ", "author": "华为何刚", "time": "华为何刚2018年12月28日19:29 来自HUAWEIMate20Pro", "transmit": " 转发 242", "comment": "评论 382", "zan": " 236"}, {"text": "\n                    今日，华为智能生活馆在杭州黄龙万科中心试营业，这是继太原、上海之后的第三家生活馆。门店秉持“科技·人文·绿色”的理念，极简风设计，空间布局分为：产品体验区、互动体验区、售后交流区、休闲交流区，设备智能化控制链接华为IoT平台，设有学习分享平台等。打造智能生活体验馆，未来可期。 ​                ", "author": "华为终端公司", "time": "华为终端公司2018年12月28日18:24 来自微博weibo.com", "transmit": " 转发 18", "comment": "评论 42", "zan": " 119"}, {"text": "\n                    【华为轮值董事长郭平新年贺词：不公平把我们逼向世界第一】“不因一时一事的恶性事件、挫折消沉了我们领先世界的锐气。我们会越挫越勇，相反是这些极端不公平事件，把我们逼向了世界第一。”郭平表示，“华为有三十年的积累，必将大有可为，我们每个员工也大有可为。” O华为轮值董事长郭平新年贺词：不公平把我们逼向世界第一   ​                ", "author": "新浪财经", "time": "新浪财经2018年12月28日08:25 来自微博weibo.com", "transmit": " 转发 264", "comment": "评论 566", "zan": " 728"}, {"text": "\n#新刊预告#【这个法国不浪漫】时尚之都法国巴黎，香格里拉大酒店。穿着浅香槟色薄纱长裙，华为创始人任正非小女儿姚安娜在“骑士”比利时王子的陪伴下，跳起了华尔兹。舞池里一起翩翩起舞的，还有华裔建筑设计大师贝聿铭的孙女贝安娜、奥斯卡影帝福里斯特·惠特克的女儿特鲁等18位名门少女。她们身 ​  展开全文c \n#新刊预告#【这个法国不浪漫】时尚之都法国巴黎，香格里拉大酒店。穿着浅香槟色薄纱长裙，华为创始人任正非小女儿姚安娜在“骑士”比利时王子的陪伴下，跳起了华尔兹。舞池里一起翩翩起舞的，还有华裔建筑设计大师贝聿铭的孙女贝安娜、奥斯卡影帝福里斯特·惠特克的女儿特鲁等18位名门少女。她们身边的男伴也大都门第显赫，包括商业巨子新贵、皇族公子、知名家族企业后裔……这里是一年一度的克利翁名门少女成年舞会。每一年，经过严苛标准筛选，年龄16-22岁的20位左右全球名门少女接受邀请，穿着几个月之前就开始准备的高定礼服，在这个世界顶级社交舞台首秀，开启自己的名媛之旅。酒店窗外，巴黎在燃烧。11月24日，也是“黄马甲”运动第二轮行动的日子，不顾政府禁令，高举“推翻资产阶级”、“马克龙下台”等标语，10余万法国人走上香榭丽舍等街头。游行示威迅速升级，于是，《法国侨报》在晚些时候的报道里写道，“美丽的香榭丽舍大街在哭泣……”一周之后，12月1日，“黄马甲”运动第三轮行动，香榭丽舍大街尽头，法国最著名标志性建筑、象征胜利与辉煌的巴黎凯旋门，内部博物馆遭打砸抢洗劫，多件文物遭破坏。至12月22日，“黄马甲”连续6周走上街头，已造成多人死亡、上千人受伤、被捕。不过，虽然制造了很多不便，但据民调，这场运动，获得了70%法国人的支持。另一边，马克龙的支持率却下降到了18%。19个月之前，马克龙当选法国总统时，得票率还高达65%。当时，他承载着法国人寻求改变的愿望，也成为欧洲对抗极右翼民粹主义崛起的先锋……更多内容请关注2018年12月28日第35期《Vista看天下》封面故事长按二维码，阅读2018年第35期《Vista看天下》 收起全文d\n", "author": "Vista看天下", "time": "Vista看天下2018年12月28日10:24 来自微博weibo.com", "transmit": " 转发 128", "comment": "评论 69", "zan": " 343"}, {"text": "\n                    【华为轮值董事长发贺词:不公平把我们逼向世界第一】据@华为中国 12月27日消息，华为轮值董事长郭平发了《不经艰难困苦，何来玉汝于成》的2019年新年致辞。在致辞中，郭平透露2018年，公司预计实现销售收入1085亿美元，同比增长21%。还称不因一时一事的恶性事件、挫折消沉了我们领先世界的锐气。我们会 ​  展开全文c \n                    【华为轮值董事长发贺词:不公平把我们逼向世界第一】据@华为中国 12月27日消息，华为轮值董事长郭平发了《不经艰难困苦，何来玉汝于成》的2019年新年致辞。在致辞中，郭平透露2018年，公司预计实现销售收入1085亿美元，同比增长21%。还称不因一时一事的恶性事件、挫折消沉了我们领先世界的锐气。我们会越挫越勇，相反是这些极端不公平事件，把我们逼向了世界第一。伟大的背后都是苦难，困难和压力只会使我们变得更团结、更强大，我们一定能够实现愿景和使命：把数字世界带入每个人、每个家庭、每个组织，构建万物互联的智能世界。沉舟侧畔千帆过，乘风破浪会有时，任何艰难困苦，休想阻挡我们前进的步伐。O华为轮值董事长郭平新年致辞：不经艰难困苦，何来玉汝于成 收起全文d\n", "author": "环球网", "time": "环球网2018年12月28日12:27", "transmit": " 转发 73", "comment": "评论 58", "zan": " 409"}, {"text": "\n                    【强强联合抢抓发展新机遇 我国首个国家级“5G新媒体平台”在中央广播电视总台开建】12月28日，我国第一个基于5G技术的国家级新媒体平台在中央广播电视总台开建。当天，中央广播电视总台与中国电信、中国移动、中国联通及华为公司在北京共同签署合作建设5G新媒体平台框架协议。这是作为党的宣传思想 ​  展开全文c \n                    【强强联合抢抓发展新机遇 我国首个国家级“5G新媒体平台”在中央广播电视总台开建】12月28日，我国第一个基于5G技术的国家级新媒体平台在中央广播电视总台开建。当天，中央广播电视总台与中国电信、中国移动、中国联通及华为公司在北京共同签署合作建设5G新媒体平台框架协议。这是作为党的宣传思想文化重要阵地的中央广播电视总台服务新时代党和国家工作大局，着力打造国际一流新型主流媒体的重要举措；也是国家媒体联手运营商制造商，共担职责使命，促进形成强大国内市场，开拓消费新领域的务实之举。中宣部副部长、国务院新闻办公室主任徐麟，中宣部副部长、中央广播电视总台台长慎海雄，工业和信息化部副部长罗文，国家广播电视总局副局长张宏森，中央网信办总工程师兼网络安全协调局局长赵泽良，中国电信集团有限公司董事长杨杰，中国移动通信集团有限公司副总经理李正茂， 中国联合网络通信集团有限公司董事长王晓初，华为技术有限公司董事长梁华等出席签约仪式。根据协议，中央广播电视总台联合中国电信、中国移动、中国联通、华为公司，合作建设国家级5G新媒体平台。通过联合建设“5G媒体应用实验室”积极开展5G环境下的视频应用和产品创新。“5G媒体应用实验室”将在国内选取10个5G试点城市和相应的测试点，建立端到端的应用试验系统。全力推动5G核心技术在央视4K超高清节目传输中的技术测试和应用验证，研究制定基于5G技术进行4K超高清视频直播信号与文件传输、接收、制作技术规范等5G新媒体行业标准，引领5G新媒体技术应用。2019年全国两会前，力争完成5G媒体应用实验室各项应用测试。此前，中央广播电视总台已经与三大运营商和华为公司进行了为期3个月的5G传输测试，均获成功。5G代表着移动通信最新最尖端的发展趋势,是当今世界科技发展与竞争的重要领域。其高速率、低时延、大容量的特点将为媒体行业实现新的飞跃提供重大发展契机。今年10月1日，中央广播电视总台成功开播4K超高清频道，目前日均播出8小时原创超高清4K节目，为5G网络的商用提供了丰富的内容资源。中央广播电视总台台长慎海雄表示，将持续探索媒体智能化应用，以大数据、人工智能技术为5G新媒体平台建设和业务生产赋能，形成“4K+5G+AI”的战略布局，努力打造自主可控、具有强大影响力的国家级5G新媒体平台。（来源：中央广播电视总台央视新闻）O网页链接 收起全文d\n", "author": "中国之声", "time": "中国之声2018年12月28日19:00", "transmit": " 转发 26", "comment": "评论 ", "zan": " 71"}, {"text": "\n                    据说这个小技巧很多人不知道！只要用指关节画S，就能截取屏幕长图。快看操作示范~#华为Mate20# L华为终端官方微博的秒拍视频 ​                ", "author": "华为终端官方微博", "time": "华为终端官方微博2018年12月28日17:00 来自秒拍网页版", "transmit": " 转发 55", "comment": "评论 124", "zan": " 419"}, {"text": "\n华为也太🐄🍻了吧？？？？？？＼Moschino x Huawei Honor V20 2018联名系列 ​                ", "author": "直男什么值得买", "time": "直男什么值得买2018年12月28日19:27", "transmit": " 转发 62", "comment": "评论 75", "zan": " 214"}, {"text": "\n                    【福利来了～抽送华为AI音箱】脑洞时间到：声音怎么才能被完美记录下来？AI先给个答案：像黑胶唱片那样把声音刻下来。声音的纹路被精确复制在唱盘上，声能、电能和机械能的相互转化带来了声音的“原味”。那音乐数字化后音质就打折了吗？别着急。O好东西都值得复刻，那声音呢？ 中，声音纹路竟然在水中完美展现 ​  展开全文c \n                    【福利来了～抽送华为AI音箱】脑洞时间到：声音怎么才能被完美记录下来？AI先给个答案：像黑胶唱片那样把声音刻下来。声音的纹路被精确复制在唱盘上，声能、电能和机械能的相互转化带来了声音的“原味”。那音乐数字化后音质就打折了吗？别着急。O好东西都值得复刻，那声音呢？ 中，声音纹路竟然在水中完美展现，声色盛宴蓄势待发，而这靠的竟然是……转发+评论，29日18:00抽2人各送一台华为AI音箱@微博抽奖平台 收起全文d\n", "author": "果壳", "time": "果壳2018年12月28日16:01 来自微博weibo.com", "transmit": " 转发 336", "comment": "评论 518", "zan": " 409"}, {"text": "\n                    中央广播电视总台、中国电信、中国移动、中国联通、华为于今日在京签署《合作建设5G新媒体平台框架协议》，旨在加速5G技术与超高清视频产业的结合，为视频内容的采、编、播、传等各个环节带来革命性的变化，推动广播电视媒体和传播技术实现跨越式发展。“5G新媒体平台”将聚焦5G环境下的视频应用和产品 ​  展开全文c \n                    中央广播电视总台、中国电信、中国移动、中国联通、华为于今日在京签署《合作建设5G新媒体平台框架协议》，旨在加速5G技术与超高清视频产业的结合，为视频内容的采、编、播、传等各个环节带来革命性的变化，推动广播电视媒体和传播技术实现跨越式发展。“5G新媒体平台”将聚焦5G环境下的视频应用和产品创新，通过启动“5G媒体应用实验室”，建立端到端的应用试验系统，全力推动5G核心技术在4K超高清节目传输中的技术测试和应用验证，并研究制定基于5G技术进行4K超高清视频直播与文件传输、接收、制作的技术规范。 收起全文d\n", "author": "华为中国", "time": "华为中国2018年12月28日15:47 来自微博weibo.com", "transmit": " 转发 66", "comment": "评论 84", "zan": " 590"}, {"text": "\n华为、荣耀现在越来越牛了，新技术越来越多，友商越来越难追赶，比如优秀的三摄、屏下镜头、Link turbo、GPU Turbo、液冷散热（旗舰标配了）等等，华为荣耀为啥这么牛🐂？ ​                ", "author": "C科技", "time": "C科技2018年12月28日09:40", "transmit": " 转发 18", "comment": "评论 471", "zan": " 249"}, {"text": "\n#首个国家级5G新媒体平台# 华为5G宣传片热乎出炉！2018年12月28日，中央广播电视总台与中国电信、中国移动、中国联通及华为公司在北京共同签署合作建设5G新媒体平台框架协议，预示着5G将为媒体发展带来新的契机。 L全球IT数码排行榜的秒拍视频 ​                ", "author": "全球IT数码排行榜", "time": "全球IT数码排行榜2018年12月28日16:02 来自秒拍网页版", "transmit": " 转发 186", "comment": "评论 107", "zan": " 155"}, {"text": "\n                    喜报！在经历2018年度全球媒体多项评测后，#华为Mate20#系列、#华为P20#Pro、华为笔记本、平板及可穿戴等产品凭借出众实力，都取得了非常耀眼的成绩，共斩获76项大奖。官微君迫不及待想要与花粉们一同分享这份喜悦，你们的支持是我们最大的动力，感谢。 ​                ", "author": "华为终端公司", "time": "华为终端公司2018年12月28日10:31 来自HUAWEIMate20", "transmit": " 转发 106", "comment": "评论 70", "zan": " 204"}, {"text": "\n#首个国家级5G新媒体平台# 厉害了，咱的5G，华为5G宣传片热乎出炉！点个赞吧！L毒舌游戏的秒拍视频 ​                ", "author": "彭大石", "time": "彭大石2018年12月28日15:54", "transmit": " 转发 22", "comment": "评论 1", "zan": " 134"}]