[{"text": "\n                    很高兴的跟大家分享一个新的历史记录，2018年华为智能手机发货量（含荣耀）已经突破2亿台！感谢全球消费者和合作伙伴的热情支持！面向未来，我们将秉承“我们的起点和终点都是消费者”的核心理念，勇于创新，努力成为新一轮智慧手机革命的探索者和引领者，持续为消费者创造价值，让华为品牌真正为全球 ​  展开全文c \n                    很高兴的跟大家分享一个新的历史记录，2018年华为智能手机发货量（含荣耀）已经突破2亿台！感谢全球消费者和合作伙伴的热情支持！面向未来，我们将秉承“我们的起点和终点都是消费者”的核心理念，勇于创新，努力成为新一轮智慧手机革命的探索者和引领者，持续为消费者创造价值，让华为品牌真正为全球消费者所喜爱。关注并转评这条微博，我将随机抽送HUAWEI Mate 20 Pro(8GB+256GB 颜色随机）2亿台纪念版一部，下周三@微博抽奖平台 公布！ 收起全文d\n", "author": "余承东", "time": "余承东2018年12月25日10:19 来自华为Mate20保时捷设计", "transmit": " 转发 25234", "comment": "评论 24629", "zan": " 10342"}, {"text": "\n华为在亚太地区最大的高级体验店近日开业，坐落于泰国曼谷著名的Siam Paragon（暹罗百丽宫），用全产品线的设计展示和一对一讲解服务，为消费者打造耳目一新的体验！开业当天吸引了许多忠实粉丝前来，感谢大家的热情支持 ​                ", "author": "余承东", "time": "余承东2018年12月25日19:55 来自华为Mate20保时捷设计", "transmit": " 转发 51", "comment": "评论 149", "zan": " 819"}, {"text": "\n华为在迪拜塔的视频很牛，能专门为这个楼量体裁衣的视频绝了。华为影业公司还是有实力的。 LHW前HR的微博视频 ​                ", "author": "HW前HR", "time": "HW前HR2018年12月25日15:18 来自微博视频", "transmit": " 转发 4684", "comment": "评论 681", "zan": " 6851"}, {"text": "\n                    在失聪儿童的世界里，圣诞节的欢声笑语不再是一件遥远的事。华为联合欧洲聋哑人联盟等研发出聋哑儿童专属阅读应用——StorySign，运用#HUAWEI HiAI# 智慧能力，将书面文字翻译成手语，让聋哑和听障儿童享受阅读的乐趣，助力孩子更健康快乐成长！L华为终端公司的秒拍视频 ​​​                ", "author": "余承东", "time": "余承东2018年12月25日20:08 来自华为Mate20保时捷设计", "transmit": " 转发 302", "comment": "评论 293", "zan": " 1914"}, {"text": "\n                    你可以不买华为，但必须支持华为，支持国产！#iPhone迎史上最大优惠# L老股民大张的微博视频 ​                ", "author": "老股民大张", "time": "老股民大张2018年12月25日12:58 来自iPhone客户端", "transmit": " 转发 363", "comment": "评论 1503", "zan": " 10748"}, {"text": "\n                    【华为董事长今天出面首谈孟晚舟】今天上午，华为公司在深圳总部举行了一次中国媒体圆桌会议，董事长梁华在会上透露，孟晚舟事件发生后，华为员工自发制作了一款印有 \" 灯塔在守候，晚舟早归航 \" 字样的杯子声援孟晚舟。\" 我本人也很牵挂她，我们应该更好的聚焦工作，案件已在司法过程，华为内部应该更 ​  展开全文c \n                    【华为董事长今天出面首谈孟晚舟】今天上午，华为公司在深圳总部举行了一次中国媒体圆桌会议，董事长梁华在会上透露，孟晚舟事件发生后，华为员工自发制作了一款印有 \" 灯塔在守候，晚舟早归航 \" 字样的杯子声援孟晚舟。\" 我本人也很牵挂她，我们应该更好的聚焦工作，案件已在司法过程，华为内部应该更好地做好本职工作，困难和挑战让我们更坚强。感谢全球所有支持华为和孟晚舟的人 !\" 梁华说。  O华为董事长今天出面首谈孟晚舟 收起全文d\n", "author": "头条新闻", "time": "头条新闻2018年12月25日17:57 来自微博weibo.com", "transmit": " 转发 122", "comment": "评论 515", "zan": " 659"}, {"text": "\n                    【华为员工自制咖啡杯 印有“灯塔在守候 晚舟早归航”】华为董事长梁华今日出席华为媒体沟通会上表示，事件发生以后，公司业务运作一切正常，大部分员工仍聚焦工作。梁华介绍到，在采访现场的咖啡杯上印有“灯塔在守候，晚舟早归航”，也是员工自发制作的。华为现在要做的，就是把业务做好，服务好客户 ​  展开全文c \n                    【华为员工自制咖啡杯 印有“灯塔在守候 晚舟早归航”】华为董事长梁华今日出席华为媒体沟通会上表示，事件发生以后，公司业务运作一切正常，大部分员工仍聚焦工作。梁华介绍到，在采访现场的咖啡杯上印有“灯塔在守候，晚舟早归航”，也是员工自发制作的。华为现在要做的，就是把业务做好，服务好客户，困难和挑战只会使公司更坚强。O华为员工自制咖啡杯，印有“灯塔在守候 晚舟早归航” 收起全文d\n", "author": "新浪财经", "time": "新浪财经2018年12月25日10:22 来自专业版微博", "transmit": " 转发 100", "comment": "评论 104", "zan": " 393"}, {"text": "\n                    【华为董事长回应孟晚舟事件:公司业务运作一切正常】12月25日，华为董事长梁华在深圳接受了国内媒体的采访，就孟晚舟事件、5G等热点事件做出了回应。梁华称，加拿大事件发生后，社会各界对公司表示了关心，感谢全球所有对华为、孟晚舟女士的关心。他强调，华为公司业务运作一切正常。 ​  展开全文c \n                    【华为董事长回应孟晚舟事件:公司业务运作一切正常】12月25日，华为董事长梁华在深圳接受了国内媒体的采访，就孟晚舟事件、5G等热点事件做出了回应。梁华称，加拿大事件发生后，社会各界对公司表示了关心，感谢全球所有对华为、孟晚舟女士的关心。他强调，华为公司业务运作一切正常。O华为董事长梁华：业绩不错，5G基站商用发货过万 收起全文d\n", "author": "环球网", "time": "环球网2018年12月25日18:08 来自微博weibo.com", "transmit": " 转发 430", "comment": "评论 311", "zan": " 1314"}, {"text": "\n                    【华为员工制作水杯牵挂孟晚舟：灯塔在守候，晚舟早归航】12月25日，华为在其深圳总部举办中国媒体圆桌会，华为董事长梁华在会上透露，孟晚舟事件发生后，华为员工特意做了一款杯子声援孟晚舟。梁华说，“我本人也很牵挂她，我们应该更好的聚焦工作，案件已在司法过程，华为内部应该更好地做好本职工作 ​  展开全文c \n                    【华为员工制作水杯牵挂孟晚舟：灯塔在守候，晚舟早归航】12月25日，华为在其深圳总部举办中国媒体圆桌会，华为董事长梁华在会上透露，孟晚舟事件发生后，华为员工特意做了一款杯子声援孟晚舟。梁华说，“我本人也很牵挂她，我们应该更好的聚焦工作，案件已在司法过程，华为内部应该更好地做好本职工作，困难和挑战让我们更坚强。感谢全球所有支持华为和孟晚舟的人！” 收起全文d\n", "author": "环球网", "time": "环球网2018年12月25日10:29 来自360安全浏览器", "transmit": " 转发 98", "comment": "评论 94", "zan": " 596"}, {"text": "\n                    【英国电信：华为仍是5G网络设备“重要供应商”】英国电信公司发言人24日对新华社记者说，中国华为公司仍然是这家英国最大电信运营商在第四代、第五代移动通信技术（4G和5G）网络和固定网络方面的一个“重要设备供应商”。　　这名发言人当天接受新华社记者采访时说，自2005年起，英国电信就与华为开 ​  展开全文c \n                    【英国电信：华为仍是5G网络设备“重要供应商”】英国电信公司发言人24日对新华社记者说，中国华为公司仍然是这家英国最大电信运营商在第四代、第五代移动通信技术（4G和5G）网络和固定网络方面的一个“重要设备供应商”。　　这名发言人当天接受新华社记者采访时说，自2005年起，英国电信就与华为开展合作。目前该公司与华为在5G网络建设上的合作进展顺利。　　近期一些媒体称，英国电信5G网络的核心网不再采用华为设备。这名发言人表示，英国电信采取多厂家部署策略，尽管华为并不参与5G网络核心网的建设，但仍会参与5G网络其他重要部分的建设，华为“是我们很重视的创新合作伙伴”，英国电信对华为的态度和策略没有改变。　　华为提供给新华社记者的一份声明表示，“核心网”在电信行业是一个技术名词，指移动网络中一个特定组成部分，但并非网络建设投资中最大的部分。声明说：“华为遵循英国电信‘不同网络，不同供应商’的原则，很早就明确了与这家公司的合作模式，即不参与核心网建设，并沿用至今。”　　经过10余年合作，华为已为英国电信提供了大量固定网络和移动网络设备，参与了英国国家宽带项目、4G项目等多个重要项目建设，两家公司也正在全力推进5G网络建设。华为说：“目前与英国电信在5G网络建设上的一些安排并不是最近才作出的决定，是两家公司着眼长远、共同协商的结果。” 收起全文d\n", "author": "新华视点", "time": "新华视点2018年12月25日22:13 来自微博weibo.com", "transmit": " 转发 179", "comment": "评论 190", "zan": " 452"}, {"text": "\n                    圣诞节的奇幻世界，装载梦的色彩。#华为nova4#，让梦幻的色彩，变成爱的对白。 ​                ", "author": "华为终端官方微博", "time": "华为终端官方微博2018年12月25日14:52 来自nova4自拍极点全面屏", "transmit": " 转发 11218", "comment": "评论 602", "zan": " 2475"}, {"text": "\n                    Merry Christmas！华为nova陪你玩转圣诞节 L华为终端官方微博的秒拍视频 ​                ", "author": "华为终端官方微博", "time": "华为终端官方微博2018年12月25日11:00 来自微博weibo.com", "transmit": " 转发 694", "comment": "评论 222", "zan": " 1035"}, {"text": "\n#站在世界看世界#AI随行翻译大使，沟通无国界~关注@华为EMUI 和@华为云 ，并转评本微博，说说你最喜欢的手机功能是什么，抽一位小可爱送【荣耀畅玩8C手机】![米奇比心]@微博抽奖平台 ​                ", "author": "华为EMUI", "time": "华为EMUI2018年12月25日19:05 来自微博weibo.com", "transmit": " 转发 2121", "comment": "评论 2510", "zan": " 1029"}, {"text": "\n                    【华为董事长回应“孟晚舟事件”】12月25日，华为董事长梁华首次回应“孟晚舟事件”：孟晚舟事件发生后，公司一切运转正常，我本人也很牵挂她，感谢全球所有支持华为和孟晚舟的人。据梁华透露，孟晚舟事件发生后，华为员工特意做了一款杯子声援孟晚舟。O华为董事长今天出面首谈孟晚舟 ​                ", "author": "凤凰网", "time": "凤凰网2018年12月25日18:06 来自微博weibo.com", "transmit": " 转发 25", "comment": "评论 76", "zan": " 247"}, {"text": "\n                    姜妍这胸～太诱人了吧？大华为姜妍擦防晒霜，姜妍害羞!李治廷搞笑吃醋!#姜妍# L钱坑-的秒拍视频 ​                ", "author": "搞笑年度排行榜", "time": "搞笑年度排行榜2018年12月25日18:23 来自微博云剪", "transmit": " 转发 45", "comment": "评论 39", "zan": " 534"}, {"text": "\n                    圣诞节，分享一个好消息：华为手机全球发货量正式突破2亿台。1月1日，“2亿”纪念版手机，惊喜来临。 ​                ", "author": "华为终端官方微博", "time": "华为终端官方微博2018年12月25日12:22 来自微博weibo.com", "transmit": " 转发 381", "comment": "评论 541", "zan": " 2385"}, {"text": "\n                    【突破2亿，再创新高】秉承着「我们的起点和终点都是消费者」的核心理念，2018年12月25日，华为消费者业务宣布：华为智能手机发货量突破2亿台（含荣耀）！2亿，一个里程碑式的数字，凝聚着智慧与科技、坚持与努力。感谢一路走来消费者与合作伙伴的陪伴与支持。我们将不忘初心，砥砺前行。 ​                ", "author": "华为终端公司", "time": "华为终端公司2018年12月25日10:31 来自微博weibo.com", "transmit": " 转发 100", "comment": "评论 235", "zan": " 1098"}, {"text": "\n                    【曾是全球最高市值公司的思科，才是美国打压华为的幕后推手？】 ​​​​（砺石商业评论） ​                ", "author": "股市股道", "time": "股市股道2018年12月25日07:44 来自360安全浏览器", "transmit": " 转发 375", "comment": "评论 151", "zan": " 716"}, {"text": "\n                    【华为董事长梁华：获得26个5G商用合同，未来将投入20亿美元构建安全体系】12月25日上午，华为技术有限公司董事长梁华表示，华为已获得26个5G商用合同。梁华认为，安全问题应回归技术、用事实说话，回到对公司的客观评价上来。“华为把安全视作在全球开展业务的最高纲领。面对更开放、更多变的网络环境 ​  展开全文c \n                    【华为董事长梁华：获得26个5G商用合同，未来将投入20亿美元构建安全体系】12月25日上午，华为技术有限公司董事长梁华表示，华为已获得26个5G商用合同。梁华认为，安全问题应回归技术、用事实说话，回到对公司的客观评价上来。“华为把安全视作在全球开展业务的最高纲领。面对更开放、更多变的网络环境，我们今后将投入20亿美元，构建全流程的产品安全体系。”O华为董事长梁华：获得26个5G商用合同，未来将投入20亿美元构建安全体系 收起全文d\n", "author": "每日经济新闻", "time": "每日经济新闻2018年12月25日14:43 来自搜狗高速浏览器", "transmit": " 转发 20", "comment": "评论 22", "zan": " 118"}, {"text": "\n                    【华为宣布全年手机发货量破2亿台 P20系列超1600万台】华为P20系列上市以来全球发货量超过1600万台，女性用户占比接近一半；华为Mate20上市两个月发货量突破500万台；截止2018年底，全球华为nova系列用户累计超过6500万，华为智能手机正为全球170多个国家的超过5亿消费者提供服务。O华为宣布全年手机发货量破2亿台 P20系列超1600万台 ​                ", "author": "新浪科技", "time": "新浪科技2018年12月25日09:30 来自微博weibo.com", "transmit": " 转发 40", "comment": "评论 107", "zan": " 134"}, {"text": "\n                    书书书书书......挑几本好书！在经典中穿越时空，在最美年华爱上阅读！这个圣诞，和华为阅读、狐友一起，足不出户，品阅天下事#焕新生活乐趣#！关注@华为终端云服务 和@搜狐，转评本微博并@ 一位好友，1月2日小狐将抽送华为畅享8e一部，再抽送华为耳机一副。  ​  展开全文c \n                    书书书书书......挑几本好书！在经典中穿越时空，在最美年华爱上阅读！这个圣诞，和华为阅读、狐友一起，足不出户，品阅天下事#焕新生活乐趣#！关注@华为终端云服务 和@搜狐，转评本微博并@ 一位好友，1月2日小狐将抽送华为畅享8e一部，再抽送华为耳机一副。 @微博抽奖平台 收起全文d\n", "author": "搜狐", "time": "搜狐2018年12月25日10:33", "transmit": " 转发 1354", "comment": "评论 1469", "zan": " 430"}, {"text": "\n                    今日华为媒体沟通会采访现场的咖啡杯上印有“灯塔在守候，晚舟早归航”，华为董事长梁华介绍，为员工自发制作。同款咖啡杯你想要吗 ​                ", "author": "新浪科技", "time": "新浪科技2018年12月25日10:10 来自微博weibo.com", "transmit": " 转发 46", "comment": "评论 81", "zan": " 140"}, {"text": "\n                    姜妍这胸～太诱人了吧？大华为姜妍擦防晒霜，姜妍害羞!李治廷搞笑吃醋!#姜妍# L钱坑-的秒拍视频 ​                ", "author": "闽与南", "time": "闽与南2018年12月25日13:33 来自关注我没错iPhoneX(深空灰)", "transmit": " 转发 35", "comment": "评论 26", "zan": " 344"}, {"text": "\n                    【倪光南称联想股改不成功：柳传志持股高达16%，华为任正非占股才0.5%~1.5%】在12月23日北大光华新年论坛上，中国工程院院士、联想前总工程师倪光南称联想股改不成功，柳传志控股太多，高达16%。而乔布斯、盖茨、任正非占股才在0.5%~1.5%之间，这在中外高技术企业里很特殊。L老板联播的秒拍视频 ​                ", "author": "第一财经日报", "time": "第一财经日报2018年12月25日12:16 来自微博weibo.com", "transmit": " 转发 74", "comment": "评论 57", "zan": " 59"}, {"text": "\n                    姜妍这胸～太诱人了吧？大华为姜妍擦防晒霜，姜妍害羞!李治廷搞笑吃醋!#姜妍# L钱坑-的秒拍视频 ​                ", "author": "铜陵夜话", "time": "铜陵夜话2018年12月25日16:46 来自微博云剪", "transmit": " 转发 9", "comment": "评论 14", "zan": " 218"}, {"text": "\n#无华不说#第一，当然要祝花粉们圣诞快乐！第二，独乐乐不如众乐乐！别藏着了，你的华为手机里有怎样的「圣诞大片」？快把这些温暖美好的瞬间分享在评论中，收获来自更多花粉的祝福吧！ ​                ", "author": "华为手机", "time": "华为手机2018年12月25日21:16 来自专业版微博", "transmit": " 转发 17", "comment": "评论 119", "zan": " 438"}, {"text": "\n华为又创造了一个国产手机记录——3788起步的P20全球卖了1600万台，8个月卖了1600万台，其他国产高端机销量只是P20的零头，如果按照均价4500计算，P20贡献了720亿营收。吓不吓人？ ​                ", "author": "C科技", "time": "C科技2018年12月25日09:45", "transmit": " 转发 31", "comment": "评论 497", "zan": " 352"}, {"text": "\n                    【远未结束！美国已经“盯”华为很久了】以美国为首的“五眼联盟”对华为的关注有相当长的历史。被曝光的一份机密文件指出，美国国家安全局试图寻找华为公司与中国军方存在关系的证据，同时也试图寻找华为的技术漏洞。为达到这一目的，美国国安局暗中监视着华为在深圳的总部服务器，甚至试图监控华为多 ​  展开全文c \n                    【远未结束！美国已经“盯”华为很久了】以美国为首的“五眼联盟”对华为的关注有相当长的历史。被曝光的一份机密文件指出，美国国家安全局试图寻找华为公司与中国军方存在关系的证据，同时也试图寻找华为的技术漏洞。为达到这一目的，美国国安局暗中监视着华为在深圳的总部服务器，甚至试图监控华为多个高管的通信记录。华为以“绝佳回应”反击—— O远未结束！美国已经“盯”华为很久了 收起全文d\n", "author": "参考消息", "time": "参考消息2018年12月25日11:11 来自微博weibo.com", "transmit": " 转发 68", "comment": "评论 44", "zan": " 134"}, {"text": "\n华为 nova 4已折现发出置顶还有两部明天就开戳这里转走吧O网页链接 ​                ", "author": "大佬", "time": "大佬2018年12月25日23:28 来自iPhone8Plus", "transmit": " 转发 20", "comment": "评论 101", "zan": " 353"}, {"text": "\n                    【倪光南揭联想股权内幕：科技人员控股0%，而柳传志却控股16%】我们看一下中外的高技术企业的股权变化。苹果股权最初是，投入知识产权和资产的乔布斯为45%，最后他是0.45%。华为股权最初是，投入资产的任正非为80%，现在是1.4%。计算所公司最初是，投入知识产权的科技人员的股权包含在计算所的股权中， ​  展开全文c \n                    【倪光南揭联想股权内幕：科技人员控股0%，而柳传志却控股16%】我们看一下中外的高技术企业的股权变化。苹果股权最初是，投入知识产权和资产的乔布斯为45%，最后他是0.45%。华为股权最初是，投入资产的任正非为80%，现在是1.4%。计算所公司最初是，投入知识产权的科技人员的股权包含在计算所的股权中，但股改后，随着计算所股权的归零，也被归零了。柳传志没投入资产和知识产权，最初是副总经理，是0%。股改后他的股权不断增加，现在是15.9%。一个没投入知识产权和资产的公司高管，拥有那么多股权，这在中外高技术企业中是很特殊的。L微丢的秒拍视频 收起全文d\n", "author": "科工力量", "time": "科工力量2018年12月25日11:32 来自微博weibo.com", "transmit": " 转发 109", "comment": "评论 126", "zan": " 107"}]