[{"text": "\n#易烊千玺刺猬头# 在成长的路上，你可曾畏惧黑暗，对前路感到迷茫？你可曾经受非议，动摇了内心的方向？对@TFBOYS-易烊千玺 来说，成长的阵痛恰恰是推着他不断向前的力量。作为青年榜样，千玺一直用他满满的正能量对“黑暗”say no、对模糊say no、对束缚say no，追随着内心的光芒！这一次，他将与 ​  展开全文c \n#易烊千玺刺猬头# 在成长的路上，你可曾畏惧黑暗，对前路感到迷茫？你可曾经受非议，动摇了内心的方向？对@TFBOYS-易烊千玺 来说，成长的阵痛恰恰是推着他不断向前的力量。作为青年榜样，千玺一直用他满满的正能量对“黑暗”say no、对模糊say no、对束缚say no，追随着内心的光芒！这一次，他将与#华为nova6#5G一起，用不一样的方式，演绎年轻力量的觉醒，于虚实幻影中聚焦真实自我，让未来，大不一样！@华为终端官方微博  L嘉人的秒拍视频出品人/@孙赛赛 视频监制/Fionn创意策划/@李李安Lilian视频团队/@zestudio安泽视觉导演/@涂松泽zestudio 制片/王冕摄像/李方毅、韩琦、何昊剪辑/韩琦包装特效/王琰、佩芙 美术/于漫摄像助理/王泽助理/张恒、兰子、EALING、张书涵 收起全文d\n", "author": "嘉人", "time": "嘉人2019年12月10日16:01 来自明星日常·视频社区", "transmit": " 转发 33374", "comment": "评论 3300", "zan": " 16619"}, {"text": "\n                    【#全球高端手机苹果份额占一半# 三星和华为加起来不超4成】根据市场研究机构Counterpoint Research的报告，今年第三季度，苹果公司在400美元以上高端机市场占据了超过一半份额，占比达52%，排名第二和第三的三星和华为的市场占比分别为25%和12%。在中国高端智能手机市场，华为占据了中国超过八成的高 ​  展开全文c \n                    【#全球高端手机苹果份额占一半# 三星和华为加起来不超4成】根据市场研究机构Counterpoint Research的报告，今年第三季度，苹果公司在400美元以上高端机市场占据了超过一半份额，占比达52%，排名第二和第三的三星和华为的市场占比分别为25%和12%。在中国高端智能手机市场，华为占据了中国超过八成的高端智能手机市场份额。 你的手机是什么品牌？ 收起全文d\n", "author": "凤凰网科技", "time": "凤凰网科技2019年12月10日07:53 来自微博weibo.com", "transmit": " 转发 173", "comment": "评论 2395", "zan": " 68137"}, {"text": "\n#嘉人2020开年封# #易烊千玺刺猬头# 他有着超乎年龄的清醒与沉稳，也有着能量少年的热情与赤诚，19岁的@TFBOYS-易烊千玺 已然用努力和实力踏进了真正的表演之门，并将循着内心的坚定与热爱，让未来，大不一样！#自拍大不一样# 嘉人2020年1月刊，易烊千玺用自拍镜头完成了一张大不一样的封面，为我们展 ​  展开全文c \n#嘉人2020开年封# #易烊千玺刺猬头# 他有着超乎年龄的清醒与沉稳，也有着能量少年的热情与赤诚，19岁的@TFBOYS-易烊千玺 已然用努力和实力踏进了真正的表演之门，并将循着内心的坚定与热爱，让未来，大不一样！#自拍大不一样# 嘉人2020年1月刊，易烊千玺用自拍镜头完成了一张大不一样的封面，为我们展示Z世代的独立精神与自由主张！@华为终端官方微博 (本张封面由#华为nova6# 5G 自拍呈现) 收起全文d\n", "author": "嘉人", "time": "嘉人2019年12月10日15:23 来自nova65G自拍大不一样", "transmit": " 转发 20501", "comment": "评论 1487", "zan": " 11587"}, {"text": "\n                    千玺用#华为nova6#自拍封面，#易烊千玺开年封面#果然有颜值的人，连发型都可以任性。#易烊千玺刺猬头#造型搭配雀斑妆登嘉人杂志，演绎黑白复古时尚。19岁大不一样的易烊千玺，很酷！ ​                ", "author": "全球时尚", "time": "全球时尚2019年12月10日12:35 来自微博weibo.com", "transmit": " 转发 1294", "comment": "评论 1194", "zan": " 12478"}, {"text": "\n@TFBOYS-易烊千玺 用#华为nova6#5G前置自拍#易烊千玺开年封面#，诠释大不一样的千禧一代。 ​​​​                ", "author": "华为终端官方微博", "time": "华为终端官方微博2019年12月10日12:22 来自微博weibo.com", "transmit": " 转发 16218", "comment": "评论 3506", "zan": " 21961"}, {"text": "\n                    8年前我们放手一搏，放弃低端贴牌，走向自主研发的中高端道路。经过多年在技术创新和全球业务上的精心布局，华为的产品和服务经受住了市场的检验，我们坚信唯有不断创新，才能在激烈的市场竞争中立于不败之地。                \n                                    从偏远的艰苦地区到欧洲市场高地，永远坚守对客户的承诺。从工程技术的改进到数学算法突破，总是相信创新带来改变。#华为是谁# 第三集《中西合璧》，讲述了华为在海外市场的拓展和创新故事、首个海外研发中心的建立，以及消费者业务的发展。戳视频，了解华为在2000年代的成长故事。#华为facts#   ​  展开全文c \n                                    从偏远的艰苦地区到欧洲市场高地，永远坚守对客户的承诺。从工程技术的改进到数学算法突破，总是相信创新带来改变。#华为是谁# 第三集《中西合璧》，讲述了华为在海外市场的拓展和创新故事、首个海外研发中心的建立，以及消费者业务的发展。戳视频，了解华为在2000年代的成长故事。#华为facts# L华为心声社区的微博视频 收起全文d\n", "author": "余承东", "time": "余承东2019年12月06日11:55 来自其他综合·视频社区", "transmit": " 转发 159", "comment": "评论 1253", "zan": " 4448"}, {"text": "\n                    全职业运动员阵容出演、裸机下水拍摄……“当机器已经不构成障碍，每个人都可以成为真正的创作者。”监制#华为Mate30#手机电影《泳往春天》的导演@张扬张杨 发出了这样的感叹。#Mate30重构想象#如何拓宽电影创作边界？来看导演孙媛媛独家揭秘！ L华为终端官方微博的微博视频 ​                ", "author": "华为终端官方微博", "time": "华为终端官方微博2019年12月10日12:00 来自手机平板·视频社区", "transmit": " 转发 484", "comment": "评论 391", "zan": " 2752"}, {"text": "\n                    事情已经逐渐明朗化了……随着李洪元发布了《离职协议》和《确认书》，其实已经说明的很多疑问：首先让我们来看看这份《离职补偿》这份《离职协议》盖有华为公司的公章，签署人分别是何承东和李洪元；毫无疑问，对于李洪元而言，这份《离职协议》即代表了华为公司官方，具有法律效应。值得注意的 ​  展开全文c \n                    事情已经逐渐明朗化了……随着李洪元发布了《离职协议》和《确认书》，其实已经说明的很多疑问：首先让我们来看看这份《离职补偿》这份《离职协议》盖有华为公司的公章，签署人分别是何承东和李洪元；毫无疑问，对于李洪元而言，这份《离职协议》即代表了华为公司官方，具有法律效应。值得注意的是，这份《离职协议》下端的日期，以及签署双方的打印方式，日期位置，具体日期留有下划线；签署人双方，华为公司是打印字体，但李洪元却是手写字体；这份《离职协议》，应该不是2018年1月31日协商当天打印出来的，而是在此之前，就已经由何承东打印出来，就等着何承东签字认可了。何承东在电脑上打印这份协议时，把李洪元的名字和工号，以及签字日期留了空白，填写好了华为公司的名称。这个细节，说明了什么？说明了在2018年1月31日之前，李洪元已经与何承东等逆变器部门主要负责人，就自己离职补偿事宜，做过多次的口头协商。2018年1月31日，仅仅只是一个签字的过程。无论何承东签署的这份《离职协议》是否越权，或者是否偷盖了华为的公章，但这份协议，毫无疑问是真实有效的代表了华为公司的真实表达。问题其实并不在这里：问题在于，这份协议既然早已协商好了具体的补偿数额，但是在该案的调查过程中，居然包括李洪元、何承东在内的多位负责人，都矢口否认在2018年1月31日之前，李洪元和逆变器的负责人协商过离职补偿事宜。对于李洪元而言，这个具体的41万余元的补偿数额，究竟是怎么计算出来的？据李洪元本人表述，这个41万余元的数额，是这样计算出来的：“41万=2N-8年（N+1）+换工号补发一个月工资”让我们先来看看，李洪元在2014年离职的时候，获得的8年（N+1）是多少数额？8+1=9，华为公司当时补偿给了李洪元9个月的工资，共计13.6万元，换言之，李洪元的月薪标准，是每月约1.5万元；2018年李洪元此次离职时，他的工资标准是约1.6万元，这根据华为公司在2018年3月7日支付给李洪元N+1=8万元补偿款，可以简单算出。N+1=4+1=5；5个月的工资补偿，共8万元，月薪标准约1.6万元；现在，让我们来看看这份《离职协议》约定的2N究竟应该是多少？2N，即是2*12=24个月，减去李洪元在2014年曾经领取过9个月的补偿款，以及1个月的换工号补发工资，那么李洪元的2N要求即使能够获得华为公司的同意，也只能在这次离职过程中，获得24-9-1=14个月的月薪补偿；由于李洪元的月薪标准并没有超过深圳市当年度平均月薪的三倍，即按照李洪元的实际月薪标准补偿；14个月*1.6万=22.4万元；这就是李洪元提出的2N的全部补偿款；如果这份《离职协议》是真实有效的，那么华为公司采取什么方式支付补偿款，就不再是李洪元所需要关心的问题了。但2N的补偿数额，就是22.4万元；现在，问题很清楚了：2018年1月31日签署这份《离职协议》的时候，在场的有逆变器人力资源部负责人何承东，以及逆变器其他三位负责人。何承东等四人，是出于什么主观动机和理由，签署了这份远远超出正常计算标准数额的离职协议的？华为公司官方，显然并不知道这份《离职协议》的存在，否则华为公司财务在2018年3月7日支付李洪元离职补偿款的时候，就必然应该一次性的支付41万元的补偿款了，而不是仅仅支付了N+1，共5个月的补偿款8万元。李洪元究竟是否涉嫌敲诈勒索，其实关键问题就在于：何承东等四个华为公司的部门负责人，是出于什么动机，或者受到了什么压力，越权签字私盖公章，甚至挪用部门团建公款，向李洪元私下支付了远远超出正常水平的离职补偿款？需要说明的是，李洪元的离职，属于劳动合同到期，不再续签的正常手续，理论上说，华为公司官方无须和李洪元签署《离职协议》，按照公司薪酬制度以及《劳动合同》办理即可。 收起全文d\n", "author": "司马3忌", "time": "司马3忌2019年12月10日15:46 来自360安全浏览器", "transmit": " 转发 357", "comment": "评论 623", "zan": " 2359"}, {"text": "\n                    易烊千玺 x 嘉人2020开年刊封面｜手持#华为nova6#5G前置自拍登封，复古潮流风的皮衣，和大胆革新的#易烊千玺刺猬头#，自拍即是封面，足够真实足够勇敢。#易烊千玺开年封面# ​                ", "author": "Awesomethings", "time": "Awesomethings2019年12月10日14:30 来自微博weibo.com", "transmit": " 转发 3058", "comment": "评论 387", "zan": " 5541"}, {"text": "\n                    12月12日，华为首款以Mate命名的旗舰平板#华为MatePad#Pro即将开启首销。渐变幻彩、唯美纯净的贝母白，金属流光、神秘优雅的夜阑灰，两款配色将率先与用户见面，以旗舰品质打造智慧体验，以创新科技重构职场创造。 ​                ", "author": "科技Milk", "time": "科技Milk2019年12月10日22:00 来自微博weibo.com", "transmit": " 转发 68", "comment": "评论 286", "zan": " 895"}, {"text": "\n#卢伟冰吐槽友商#【#小米发布会惊现华为发布会视频#：友商帮我们定义成第二代5G手机】12月10日，Redmi新品发布会上，小米中国区总裁卢伟冰现场播放华为发布会视频称，Redmi是第二代5G手机，但这不是我们定义的，是友商帮我们定义的，只有集成式双模5G才是第二代，友商V30作为第一代5G手机怎么能叫标杆 ​  展开全文c \n#卢伟冰吐槽友商#【#小米发布会惊现华为发布会视频#：友商帮我们定义成第二代5G手机】12月10日，Redmi新品发布会上，小米中国区总裁卢伟冰现场播放华为发布会视频称，Redmi是第二代5G手机，但这不是我们定义的，是友商帮我们定义的，只有集成式双模5G才是第二代，友商V30作为第一代5G手机怎么能叫标杆。 #卢伟冰吐槽友商# @老板联播 L老板联播的微博视频 收起全文d\n", "author": "新浪科技", "time": "新浪科技2019年12月10日16:02 来自互联网·视频社区", "transmit": " 转发 123", "comment": "评论 189", "zan": " 1525"}, {"text": "\n#易烊千玺2019玊尔演唱会##易烊千玺1128十九岁生日快乐# ☎☎☎@TFBOYS-易烊千玺 喂！易烊千玺你在吗？？能把你的那台5G双模全网通！拥有麒麟990芯片！16核GPU！运行唰唰唰！自拍大不一样的华为nova6借我用来抢抢你12.22号演唱会门票吗？？？ ​  展开全文c \n#易烊千玺2019玊尔演唱会##易烊千玺1128十九岁生日快乐# ☎☎☎@TFBOYS-易烊千玺 喂！易烊千玺你在吗？？能把你的那台5G双模全网通！拥有麒麟990芯片！16核GPU！运行唰唰唰！自拍大不一样的华为nova6借我用来抢抢你12.22号演唱会门票吗？？？@TFBOYS-易烊千玺 收起全文d\n", "author": "千家无名氏", "time": "千家无名氏2019年12月10日11:11 来自易烊千玺超话", "transmit": " 转发 382", "comment": "评论 226", "zan": " 1247"}, {"text": "\n                    想在这个冬季感受青春的小热血？《冈仁波齐》导演@张扬张杨 监制，青年导演孙媛媛执导，使用#华为Mate30#Pro拍摄的手机电影《泳往春天》，以“水”为媒介讲述了一段为了小理想而笃定坚持的青春。↓观看影片，感受#Mate30重构想象#的水下视界。 L华为终端官方微博的微博视频 ​                ", "author": "华为终端官方微博", "time": "华为终端官方微博2019年12月10日10:00 来自手机平板·视频社区", "transmit": " 转发 1246", "comment": "评论 40", "zan": " 268"}, {"text": "\n肖战  虽然我总说为了互不影响我选择闭麦，然而回到我的老本行领域了，我也不怕自打脸再次针对粉丝如何配合公关多嘚吧两句了。霞姐，你们能做的基础工作如下：①完成应用商店的百万预约助力（华为目前43万，苹果用户请补充）和官网预约的百万助力（目前79万）后，整个12月，或者至少12月19日 ​  展开全文c \n肖战  虽然我总说为了互不影响我选择闭麦，然而回到我的老本行领域了，我也不怕自打脸再次针对粉丝如何配合公关多嘚吧两句了。霞姐，你们能做的基础工作如下：①完成应用商店的百万预约助力（华为目前43万，苹果用户请补充）和官网预约的百万助力（目前79万）后，整个12月，或者至少12月19日之前，所有人，在发布任何微博以及进行任何评论（控评+日常评论）时，务必附带相关话题#这江湖等你一战# 和#肖战版令狐冲# ②依旧是所有人，利用起douyin(重点）,即刻起配合美图和短视频等方式去进行宣传和预约链接扩散，错过了昨天的24小时，未来两天是补救的最佳时段。经人建议后补充：*请有游戏经验的izhan多在各个游戏论坛和有游戏类型以及用户类型重叠的贴吧进行发帖，以非粉丝身份进行宣传推广和建议预约，避开代言人情况，直言游戏推荐，尺度和话术游戏党们可自行把握，一个游戏最终留下的长期玩家大多在这些人中。二度补充：*人均媒介，我们每个人都是宣传口，比如有阿霞建议的蜂巢广告投放，肖战令狐冲+宣传语+预约二维码，积少成多，滴水穿石，在19号前大规模投放下去。③人际关系网包括亲友/同学/同事/网友群/游戏群（重点）多做宣传，小额红包讨个巧求个预约很容易。④做上述事情时，请所有人明确一个事实：这次提前官宣是因幕后黑手路透造成的一次被迫公关，宣传短片也好真正的物料也好甚至没有完全制作完成，这种情况的发生通常是为了影响产品的市场推广，打乱产品的发布进程。在【预热程度不够】【准备不充分】却只能提前官宣已成定局的情况下，针对于此能采取的补救措施，针对性要强，就是——【粉丝补偿性加倍搞起损失的热度】和【官方进行其他方面如抽奖和修改官宣计划增加互动来争取准备时间】。后者，完美已经在做且做得很好了，那么前者，我也充分相信，以izhan的规模和遇大事没掉链子过的理智，即便这两天经历过多，但是只要团结一心，都会完成的超乎想象。请大家务必一起努力，加油。 收起全文d\n", "author": "苏子起解", "time": "苏子起解2019年12月10日21:48 来自肖战超话", "transmit": " 转发 2048", "comment": "评论 1540", "zan": " 4807"}, {"text": "\n@TFBOYS-易烊千玺 用#华为nova6#5G前置自拍#易烊千玺开年封面#，诠释大不一样的千禧一代。 ​                ", "author": "华为手机", "time": "华为手机2019年12月10日14:57 来自微博weibo.com", "transmit": " 转发 16030", "comment": "评论 815", "zan": " 10041"}, {"text": "\n华为前员工李洪元这人设崩了，全国人民这么支持你，竟然公开造谣 ​                ", "author": "宋敬亭", "time": "宋敬亭2019年12月10日13:08 来自荣耀V305G", "transmit": " 转发 652", "comment": "评论 1676", "zan": " 12854"}, {"text": "\n                    千玺自己用#华为nova6#拍的封面，#易烊千玺刺猬头#虽然发型和服装都比较难驾驭，但弟弟整套演绎相当slay。#易烊千玺开年封面# 2020，一起大不一样！ ​                ", "author": "全球时尚视线", "time": "全球时尚视线2019年12月10日12:40 来自微博weibo.com", "transmit": " 转发 461", "comment": "评论 455", "zan": " 2806"}, {"text": "\n                    每年都有一个拜年票，前几年的反馈也都可以，从年线看没让大家亏过钱。但是今年决定推一个可能会让大家亏钱的票：中芯国际。这个票可能会让大家亏钱，是因为他在港股，匮乏流动性。为什么推这个票呢？原因很简单，不管第一阶段的协议怎么样，美方封锁华为的目标是不会变的。在历次内部动员中，任总 ​  展开全文c \n                    每年都有一个拜年票，前几年的反馈也都可以，从年线看没让大家亏过钱。但是今年决定推一个可能会让大家亏钱的票：中芯国际。这个票可能会让大家亏钱，是因为他在港股，匮乏流动性。为什么推这个票呢？原因很简单，不管第一阶段的协议怎么样，美方封锁华为的目标是不会变的。在历次内部动员中，任总也不断强调摆脱对美国产品的依赖。随着华为不断向上游走，芯片设计突破是早晚的问题，但只要代工还在依赖台积电或者其它企业，那么国产芯片就还是不够安全。中芯虽然目前只够得着14纳米，但矮子里头拔高个，也只能是他了。这个票，我个人已经持有了一年左右，未来一年内，如果没有基本面的重大变化，将继续持有，等到绍兴项目投产。为了避嫌至少三个月内不进行反向交易。 收起全文d\n", "author": "唐史主任司马迁", "time": "唐史主任司马迁2019年12月10日08:15 来自iPhone7Plus", "transmit": " 转发 212", "comment": "评论 230", "zan": " 1844"}, {"text": "\n华为最初的标志一共15个花瓣，代表着当时成立的15个创始人。 ​                ", "author": "冷知识bot", "time": "冷知识bot2019年12月10日13:26", "transmit": " 转发 873", "comment": "评论 1428", "zan": " 17899"}, {"text": "\n                    【#任正非批孟晚舟发公开信#：不合适，全国人民没法跟她一起感受】9日，华为心声发布任正非2日接受加拿大《环球邮报》的采访纪要。针对孟晚舟近日发布公开信感谢大家支持，任正非表示：“全国人民都忙着要干活，要创造财富，不能消耗太多精力来跟她一起感受。” L老板联播的微博视频 ​                ", "author": "Vista看天下", "time": "Vista看天下2019年12月10日21:06 来自社会热点·视频社区", "transmit": " 转发 44", "comment": "评论 266", "zan": " 1510"}, {"text": "\n                    千玺用#华为nova6#自拍封面，#易烊千玺刺猬头#阳光下晃动的毛寸正是少年的不羁，荷尔蒙爆棚的青春气息扑面而来。多重身份，加速成长。#易烊千玺开年封面# 以自拍直面世界，诠释大不一样的千禧一代。 ​                ", "author": "圈内教父", "time": "圈内教父2019年12月10日13:15 来自微博weibo.com", "transmit": " 转发 464", "comment": "评论 545", "zan": " 1810"}, {"text": "\n                    【华为前员工李洪元发布不实信息被禁言！】昨天就说了，华为251事件当事人、华为前员工李洪元@leedeson ，总是不按常理出牌，不太靠谱。 这个感觉，自从看到媒体对此人的专访之后就产生了。 最后一图，大家可以再看一下。 ​                ", "author": "速报哥", "time": "速报哥2019年12月10日14:25", "transmit": " 转发 122", "comment": "评论 579", "zan": " 2362"}, {"text": "\n                    【全球高端手机市场苹果占一半，国内高端手机市场华为占八成】凤凰网科技消息，据 Counterpoint 数据显示，2019 Q3 季度，苹果公司在 400 美元以上高端机市场占据了超过一半份额，占比达 52%，排名第二和第三的三星和华为的市场占比分别为 25% 和 12%。另一方面，2019 Q3 数据显示，在中国高端智能手 ​  展开全文c \n                    【全球高端手机市场苹果占一半，国内高端手机市场华为占八成】凤凰网科技消息，据 Counterpoint 数据显示，2019 Q3 季度，苹果公司在 400 美元以上高端机市场占据了超过一半份额，占比达 52%，排名第二和第三的三星和华为的市场占比分别为 25% 和 12%。另一方面，2019 Q3 数据显示，在中国高端智能手机市场，华为手机占据了中国超过八成的高端智能手机市场份额。#全球高端手机苹果份额占一半#，问题来了，你现在在用什么手机品牌呢？ 你现在在用的手机，它的品牌是？ 收起全文d\n", "author": "爱范儿", "time": "爱范儿2019年12月10日14:18 来自微博weibo.com", "transmit": " 转发 9", "comment": "评论 41", "zan": " 1987"}, {"text": "\n                    我天，这张是华为nova 6 5G 前置3200万像素镜头下的自拍!!!🤙🏿🤙🏿🤙🏿 #易烊千玺嘉人2020开年封# ​                ", "author": "浅浅百川", "time": "浅浅百川2019年12月10日11:50 来自易烊千玺超话", "transmit": " 转发 741", "comment": "评论 90", "zan": " 815"}, {"text": "\n华为从1987年创立至今，历经了多次大浪淘沙！我们兢兢业业，时刻都在为下一个机遇而奋斗。                \n                                    时代和行业的发展机遇，造就了华为成长的天时地利 客户和伙伴的宽容信任，给与了华为服务客户的机会 第二集《孤注一掷》，讲述了华为在中国市场的定制化、为走向国际化经历的管理变革，以及海外市场拓展的开端。 戳视频，了解华为在1990年代的成长故事。#华为facts# #华为是谁# L华为心声社区的微博视频 ​                                ", "author": "余承东", "time": "余承东2019年11月22日14:19 来自科技·视频社区", "transmit": " 转发 80", "comment": "评论 253", "zan": " 1557"}, {"text": "\n                    【#任正非批孟晚舟发公开信#：不合适，全国人民没法跟她一起感受】12月9日，华为心声发布任正非12月2日接受加拿大《环球邮报》的采访纪要。针对孟晚舟近日发布公开信感谢大家支持，任正非表示\"全国人民都忙着要干活，要创造财富，不能消耗太多精力来跟她一起感受。\"@老板联播 L老板联播的微博视频 ​                ", "author": "梨视频", "time": "梨视频2019年12月10日19:20 来自社会热点·视频社区", "transmit": " 转发 32", "comment": "评论 181", "zan": " 932"}, {"text": "\n                    上午录一个节目，编导就和我聊几句李洪元，我说此人智商很低，会把自己玩了。在华为十几年了，不见升职，不是领导罩着，早就姥姥家了。哪个企业多少没些问题？你要离职会以领导短处要挟，多拿几十万？动这脑筋，不是心术问题，明显就是智商不够。这编导说，那我不会。我继续分析，你搞别人，也就得 ​  展开全文c \n                    上午录一个节目，编导就和我聊几句李洪元，我说此人智商很低，会把自己玩了。在华为十几年了，不见升职，不是领导罩着，早就姥姥家了。哪个企业多少没些问题？你要离职会以领导短处要挟，多拿几十万？动这脑筋，不是心术问题，明显就是智商不够。这编导说，那我不会。我继续分析，你搞别人，也就得几十万，结果呢？大半年监狱生活，你愿意吗？赔十万，这种生活大半年，自己挣钱不也耽误了。今天这个样还想华为道歉，这不是白扯，华为发现内部资金流失，报案天经地义，被多个罪名拘押，那是公安和检察院的事，华为只能报案，什么罪名，是华为定的？伪证那也是提供证言的人，也不是华为。这事最后拿钱走人，也就算了，还不甘心，为人利用，以后还能工作，找合作伙伴吗？这人谁敢用？还想煽动舆论，闹一下行了，越闹越让人反感，还发假消息，对境外势力，他不过个避孕套，还能反复用？还要见任总，还有套人力资源管理办法，你一个做研发、销售的，上班在干什么？就一个脑子短路的货，最后把自己弄得人不人鬼不鬼，不信走着瞧。 收起全文d\n", "author": "飞象网项立刚", "time": "飞象网项立刚2019年12月10日13:23 来自HUAWEIMate20X5G", "transmit": " 转发 308", "comment": "评论 265", "zan": " 1984"}, {"text": "\n                    【#任正非批孟晚舟发公开信#：不合适，消耗国人太多精力】昨日华为心声发布12月2日华为创始人任正非接受加拿大《环球邮报》的采访纪要。任正非在采访中表示，孟晚舟12月2日发布的公开信不合适，“全国人民都忙着要干活，要创造财富，争取改善自己的收入，不能消耗太多精力来跟她一起感受。没有洞察能力 ​  展开全文c \n                    【#任正非批孟晚舟发公开信#：不合适，消耗国人太多精力】昨日华为心声发布12月2日华为创始人任正非接受加拿大《环球邮报》的采访纪要。任正非在采访中表示，孟晚舟12月2日发布的公开信不合适，“全国人民都忙着要干活，要创造财富，争取改善自己的收入，不能消耗太多精力来跟她一起感受。没有洞察能力的人，很难能领导这个公司。况且华为这样一个科技公司，领导人需要有深刻的技术背景。孟晚舟回来还是继续做CFO，当然这个CFO意志更坚强了。”O任正非批孟晚舟发公开信：不合适，全国人民不能消耗太多精力跟她一起感受 收起全文d\n", "author": "凤凰网财经", "time": "凤凰网财经2019年12月10日15:57 来自微博weibo.com", "transmit": " 转发 163", "comment": "评论 700", "zan": " 4389"}, {"text": "\n                    千玺自拍都能当封面，#华为nova6#666，#易烊千玺刺猬头#这就是无数少女心中的闪光少年啊！比寸头更张扬个性的刺猬头，不正是千玺坚持真我、永不服输的倔强吗？更是没想到#易烊千玺开年封面#居然是千玺的自拍，也是real大胆了～ ​                ", "author": "星娱酱", "time": "星娱酱2019年12月10日13:25 来自微博weibo.com", "transmit": " 转发 1161", "comment": "评论 1028", "zan": " 2838"}, {"text": "\n                    《小小的追球》笑点太多，前面 #华为nova6# 手机上的步数不够，又改戴手表冲步数，黄子韬为了挣步数，雪地夜跑够艰难了，没想到更难的还在后边儿~原谅我看到 #黄子韬被救生衣卡住# 笑出了鹅叫哈哈哈 L娱塘大佬的秒拍视频 ​                ", "author": "扒皮匠", "time": "扒皮匠2019年12月10日22:15 来自微博weibo.com", "transmit": " 转发 1285", "comment": "评论 1142", "zan": " 4168"}]