[{"text": "\n                    【日本将华为中兴排除出采购清单 外交部回应】今天，日本政府为防止网络攻击、确保网络安全，出台新的政府采购相关规定。有媒体报道称，日方此举意在配合美国，将中国华为和中兴两家企业事实上排除在日本政府采购名单之外。对此，外交部发言人陆慷表示，中国企业在日投资合作的本质是互利双赢，中方也 ​  展开全文c \n                    【日本将华为中兴排除出采购清单 外交部回应】今天，日本政府为防止网络攻击、确保网络安全，出台新的政府采购相关规定。有媒体报道称，日方此举意在配合美国，将中国华为和中兴两家企业事实上排除在日本政府采购名单之外。对此，外交部发言人陆慷表示，中国企业在日投资合作的本质是互利双赢，中方也要求日方为中国企业在日本经营发展提供公平、透明、非歧视的环境。中方将对日方有关规定的执行情况保持密切关注。L央视新闻的秒拍视频 收起全文d\n", "author": "头条新闻", "time": "头条新闻2018年12月10日21:44 来自微博weibo.com", "transmit": " 转发 5947", "comment": "评论 6444", "zan": " 15339"}, {"text": "\n                    【#董事长回应员工买苹果手机将处罚#：已有十几个员工买国产手机，希望全国企业响应】12月10日，深圳科技企业梦派科技官网发文声援华为：员工购买华为或中兴手机有补贴，购买苹果手机要处罚，拿到美国出口订单双倍补贴。公司董事长刘丹告诉梨视频，现已有十几名员工新换手机都用国产了，全国企业 ​  展开全文c \n                    【#董事长回应员工买苹果手机将处罚#：已有十几个员工买国产手机，希望全国企业响应】12月10日，深圳科技企业梦派科技官网发文声援华为：员工购买华为或中兴手机有补贴，购买苹果手机要处罚，拿到美国出口订单双倍补贴。公司董事长刘丹告诉梨视频，现已有十几名员工新换手机都用国产了，全国企业都要声援华为。而他本人多年来，一直使用国产手机。据悉，梦派科技1/4订单来自美国，同时与华为有间接供应关系。L老板联播的秒拍视频 收起全文d\n", "author": "新浪财经", "time": "新浪财经2018年12月10日19:52 来自微博weibo.com", "transmit": " 转发 1622", "comment": "评论 8522", "zan": " 5688"}, {"text": "\n                    【日本将华为中兴排除在采购清单外 外交部：日方应为中企经营提供公平、非歧视环境】今天，日本政府为防止网络攻击、确保网络安全，出台新的政府采购相关规定。有媒体报道称，日方此举意在配合美国，将中国华为和中兴两家企业事实上排除在日本政府采购名单之外。对此，外交部发言人陆慷表示，中国企业 ​  展开全文c \n                    【日本将华为中兴排除在采购清单外 外交部：日方应为中企经营提供公平、非歧视环境】今天，日本政府为防止网络攻击、确保网络安全，出台新的政府采购相关规定。有媒体报道称，日方此举意在配合美国，将中国华为和中兴两家企业事实上排除在日本政府采购名单之外。对此，外交部发言人陆慷表示，中国企业在日投资合作的本质是互利双赢，中方要求日方为中国企业在日本经营发展提供公平、透明、非歧视的环境。中方将对日方有关规定的执行情况保持密切关注。L央视新闻的秒拍视频 （记者李宁） 收起全文d\n", "author": "人民日报", "time": "人民日报2018年12月10日18:47 来自微博weibo.com", "transmit": " 转发 813", "comment": "评论 1951", "zan": " 3727"}, {"text": "\n                    【日本将华为中兴排除出采购清单，外交部：中企不应受歧视对待】据朝日新闻报道，当地时间12月10日，日本政府在首相官邸召开各府省厅网络攻击对策负责人出席的会议，会议决定事实上将两大中国通信巨头华为和中兴的产品排除在政府采购清单之外。日本官房长官菅义伟10日也在记者会上指出，“不采购被植入 ​  展开全文c \n                    【日本将华为中兴排除出采购清单，外交部：中企不应受歧视对待】据朝日新闻报道，当地时间12月10日，日本政府在首相官邸召开各府省厅网络攻击对策负责人出席的会议，会议决定事实上将两大中国通信巨头华为和中兴的产品排除在政府采购清单之外。日本官房长官菅义伟10日也在记者会上指出，“不采购被植入窃取、破坏信息和令信息系统停止等恶意功能的设备是极其重要的”。报道指出，日本政府虽然没有指名道姓地禁止这两家企业，但是各府省厅已表明将这类具有网络安全隐患的机器和在线服务排除出政府采购清单。在10日的例行记者会上，中国外交部发言人陆慷表示，中方已就此事与日方通过外交渠道进行沟通，中国企业在日本的正常经营活动不能受到任何歧视性对待。（《环球时报》三缺二视频组）@这视频 L这视频的秒拍视频 收起全文d\n", "author": "环球时报", "time": "环球时报2018年12月10日16:53 来自微博weibo.com", "transmit": " 转发 940", "comment": "评论 3695", "zan": " 2715"}, {"text": "\n                    【日本将华为中兴排除在采购清单外 中国外交部：日方应为中企经营提供公平、非歧视环境】今天，日本政府为防止网络攻击、确保网络安全，出台新的政府采购相关规定。有媒体报道称，日方此举意在配合美国，将中国华为和中兴两家企业事实上排除在日本政府采购名单之外。对此，外交部发言人陆慷表示，中国 ​  展开全文c \n                    【日本将华为中兴排除在采购清单外 中国外交部：日方应为中企经营提供公平、非歧视环境】今天，日本政府为防止网络攻击、确保网络安全，出台新的政府采购相关规定。有媒体报道称，日方此举意在配合美国，将中国华为和中兴两家企业事实上排除在日本政府采购名单之外。对此，外交部发言人陆慷表示，中国企业在日投资合作的本质是互利双赢，中方也要求日方为中国企业在日本经营发展提供公平、透明、非歧视的环境。中方将对日方有关规定的执行情况保持密切关注。L央视新闻的秒拍视频 收起全文d\n", "author": "央视新闻", "time": "央视新闻2018年12月10日18:05 来自微博weibo.com", "transmit": " 转发 569", "comment": "评论 1050", "zan": " 3018"}, {"text": "\n                    【日本将华为中兴排除出采购清单 中国外交部：中企不应受歧视对待】据朝日新闻报道，当地时间12月10日，日本政府决定事实上将两大中国通信巨头华为和中兴的产品排除在政府采购清单之外。日本官房长官菅义伟称，“不采购被植入窃取、破坏信息和令信息系统停止等恶意功能的设备是极其重要的”。报道指出 ​  展开全文c \n                    【日本将华为中兴排除出采购清单 中国外交部：中企不应受歧视对待】据朝日新闻报道，当地时间12月10日，日本政府决定事实上将两大中国通信巨头华为和中兴的产品排除在政府采购清单之外。日本官房长官菅义伟称，“不采购被植入窃取、破坏信息和令信息系统停止等恶意功能的设备是极其重要的”。报道指出，日本政府虽然没有指名道姓地禁止这两家企业，但是各府省厅已表明将这类具有网络安全隐患的机器和在线服务排除出政府采购清单。在10日的例行记者会上，中国外交部发言人陆慷表示，中方已就此事与日方通过外交渠道进行沟通，中国企业在日本的正常经营活动不能受到任何歧视性对待。L日本将中兴华为排除出采购清单 中国外交部：中企不应受歧视 收起全文d\n", "author": "新浪军事", "time": "新浪军事2018年12月10日17:45 来自微博weibo.com", "transmit": " 转发 1157", "comment": "评论 3344", "zan": " 4361"}, {"text": "\n                    【董事长回应#员工买苹果手机将处罚#：已有十几个员工买国产手机，希望全国企业响应】12月10日，深圳科技企业梦派科技官网发文声援华为：员工购买华为或中兴手机有补贴，购买苹果手机要处罚，拿到美国出口订单双倍补贴。公司董事长刘丹告诉@梨视频 ，现已有十几名员工新换手机都用国产了，全国企 ​  展开全文c \n                    【董事长回应#员工买苹果手机将处罚#：已有十几个员工买国产手机，希望全国企业响应】12月10日，深圳科技企业梦派科技官网发文声援华为：员工购买华为或中兴手机有补贴，购买苹果手机要处罚，拿到美国出口订单双倍补贴。公司董事长刘丹告诉@梨视频 ，现已有十几名员工新换手机都用国产了，全国企业都要声援华为。而他本人多年来，一直使用国产手机。据悉，梦派科技1/4订单来自美国，同时与华为有间接供应关系。#员工买苹果手机将处罚# @老板联播 L老板联播的秒拍视频 收起全文d\n", "author": "梨视频", "time": "梨视频2018年12月10日20:17 来自微博weibo.com", "transmit": " 转发 925", "comment": "评论 2433", "zan": " 2833"}, {"text": "\n                    【孟晚舟事件│叶刘淑仪：将换用华为手机以示支持】华为财务总监（CFO）孟晚舟12月1日在温哥华国际机场被加拿大扣留引发舆论高度关注。由于孟晚舟持有香港护照，曾任保安局局长和入境处处长的香港立法会议员叶刘淑仪表示，“香港入境处设有热线协助在外的居民，如果孟女士求助，香港入境处一定帮。”叶 ​  展开全文c \n                    【孟晚舟事件│叶刘淑仪：将换用华为手机以示支持】华为财务总监（CFO）孟晚舟12月1日在温哥华国际机场被加拿大扣留引发舆论高度关注。由于孟晚舟持有香港护照，曾任保安局局长和入境处处长的香港立法会议员叶刘淑仪表示，“香港入境处设有热线协助在外的居民，如果孟女士求助，香港入境处一定帮。”叶刘淑仪还表示，自己虽然不会呼吁所以全港市民去买华为，但自己“一定会将手机转成华为，支持这间公司”。 O​孟晚舟事件│葉劉淑儀：將換用華為手機以示支持 L大公報-大公網的秒拍视频 收起全文d\n", "author": "大公報-大公網", "time": "大公報-大公網2018年12月10日14:20 来自微博weibo.com", "transmit": " 转发 3007", "comment": "评论 3682", "zan": " 16242"}, {"text": "\n                    【加拿大人开始担忧\"中国报复\"：以后开拓中国市场难了】加拿大环球新闻网称，拘押华为高管引发加在华公民和企业可能遭遇报复的关切。加拿大国际治理创新中心全球安全项目主任汉普森表示：“中方可能以牙还牙，我们要做好准备。”加拿大广播公司称，阿尔伯塔大学中国研究所所长戈登·霍尔登表示，加拿大 ​  展开全文c \n                    【加拿大人开始担忧\"中国报复\"：以后开拓中国市场难了】加拿大环球新闻网称，拘押华为高管引发加在华公民和企业可能遭遇报复的关切。加拿大国际治理创新中心全球安全项目主任汉普森表示：“中方可能以牙还牙，我们要做好准备。”加拿大广播公司称，阿尔伯塔大学中国研究所所长戈登·霍尔登表示，加拿大正试图加强和中国的贸易关系，减少对美商业依赖，拘押孟晚舟无疑会损害加拿大的声誉。他认为此事发生后加拿大想开拓中国市场将变得更加困难。 O加拿大人开始担忧″中国报复″：以后开拓中国市场难了 收起全文d\n", "author": "新浪财经", "time": "新浪财经2018年12月10日08:49 来自微博weibo.com", "transmit": " 转发 2022", "comment": "评论 1306", "zan": " 3540"}, {"text": "\n                    【#董事长回应员工买苹果手机将处罚#：已有十几个员工买国产手机  希望全国企业响应】12月10日，深圳科技企业梦派科技官网发文声援华为：员工购买华为或中兴手机有补贴，购买苹果手机要处罚，拿到美国出口订单双倍补贴。公司董事长刘丹表示，现已有十几名员工新换手机都用国产了。L老板联播的秒拍视频 ​                ", "author": "新浪科技", "time": "新浪科技2018年12月10日22:55 来自微博weibo.com", "transmit": " 转发 216", "comment": "评论 3113", "zan": " 1883"}, {"text": "\n                    【欧盟人士称因“强制后门”对华为等中国企业感到担忧 中国外交部：基于“猜测”而设置障碍的做法非常荒谬】据报道，欧盟委员会副主席安西普称，欧盟不得不对华为等中国企业感到担忧。中国政府可能要求科技企业与情报部门合作，如通过安装“强制后门”访问加密数据。对此，外交部发言人陆慷回应：基于 ​  展开全文c \n                    【欧盟人士称因“强制后门”对华为等中国企业感到担忧 中国外交部：基于“猜测”而设置障碍的做法非常荒谬】据报道，欧盟委员会副主席安西普称，欧盟不得不对华为等中国企业感到担忧。中国政府可能要求科技企业与情报部门合作，如通过安装“强制后门”访问加密数据。对此，外交部发言人陆慷回应：基于“猜测”而设置障碍的做法非常荒谬。华为与很多国家都开展了很好的合作，我们到现在都没有听说过哪个国家因为跟华为合作而产生安全问题。中国政府一贯鼓励中国企业在遵守国际规则和当地法律基础上开展对外经济合作。希望有关国家能为中国企业投资、经营、合作提供公平、透明和公正的环境，不要再出于其他目的为中国企业的正常运营设置不必要的人为障碍。（央视记者申杨） 收起全文d\n", "author": "央视新闻", "time": "央视新闻2018年12月10日18:35 来自微博weibo.com", "transmit": " 转发 484", "comment": "评论 711", "zan": " 3359"}, {"text": "\n                    使用苹果手机开除，使用华为手机奖励500元，企业家用实际行动支持华为！ ​                ", "author": "IT科技侠", "time": "IT科技侠2018年12月10日06:07 来自微博weibo.com", "transmit": " 转发 2635", "comment": "评论 9073", "zan": " 22608"}, {"text": "\n                    【日本将华为中兴排除出采购清单，外交部：中企不应受歧视对待】今天，日本政府为防止网络攻击、确保网络安全，出台新的政府采购相关规定。有媒体报道称，日方此举意在配合美国，将中国华为和中兴两家企业事实上排除在日本政府采购名单之外。对此，外交部发言人陆慷表示，中国企业在日投资合作的本质是 ​  展开全文c \n                    【日本将华为中兴排除出采购清单，外交部：中企不应受歧视对待】今天，日本政府为防止网络攻击、确保网络安全，出台新的政府采购相关规定。有媒体报道称，日方此举意在配合美国，将中国华为和中兴两家企业事实上排除在日本政府采购名单之外。对此，外交部发言人陆慷表示，中国企业在日投资合作的本质是互利双赢，中方也要求日方为中国企业在日本经营发展提供公平、透明、非歧视的环境。中方将对日方有关规定的执行情况保持密切关注。L央视新闻的秒拍视频 收起全文d\n", "author": "新浪财经", "time": "新浪财经2018年12月10日18:31 来自微博weibo.com", "transmit": " 转发 360", "comment": "评论 298", "zan": " 836"}, {"text": "\n                    中国政府强烈干预孟晚舟被抓事件，向加拿大、美国施压，受到舆论的广泛好评。但我看到有一些人很快就说了，政府这样做是在帮倒忙，不利于孟晚舟获释，因为美加司法是独立的，云云。我相信，如果政府真的沉默了，让华为自己去解决这个问题，马上又会有一些人说，政府严重失职，我们政府与美国政府比起来 ​  展开全文c \n                    中国政府强烈干预孟晚舟被抓事件，向加拿大、美国施压，受到舆论的广泛好评。但我看到有一些人很快就说了，政府这样做是在帮倒忙，不利于孟晚舟获释，因为美加司法是独立的，云云。我相信，如果政府真的沉默了，让华为自己去解决这个问题，马上又会有一些人说，政府严重失职，我们政府与美国政府比起来在向海外公民提供领事保护方面差太远了。而且大家信不信，这两拨人会在很大程度上重叠，是同一拨人。我只能说，政府别在意有些骂声，集中精力把事情解决好比什么都重要。我很讨厌一些公知一人骑一匹草泥马四处转悠的派头，但冷静下来，又不能不说，存在他们的声音，整体上对这个社会具有建设性。政府需要有能力在他们挑刺儿的骂骂咧咧中开展工作，而且兼听他们意见的内容，少计较表达意见的态度。华为这么受尊敬的企业，任正非这么受尊敬的企业家，近来都在网上遭到种种谣言恶语的攻讦。这充分说明，只要强大，有权力，遭到负恶舆论的纠缠就注定是不可避免的，这大概是人类社会达成某种平衡的一种法则。我们的社会必须去适应这种法则，而不是试图改变它。 收起全文d\n", "author": "胡锡进", "time": "胡锡进2018年12月10日12:35 来自iPhone7Plus", "transmit": " 转发 1338", "comment": "评论 3037", "zan": " 5260"}, {"text": "\n#创事记#【懂任正非的人】在华为的传阅文件上，只有孙亚芳和任正非能够署名“某总”，其他人都得署全名，孙亚芳在华为的地位可谓一人之下、万人之上。公司虽然还有几位常务副总裁，但都需要直接或间接向孙亚芳汇报。有评论说，“孙亚芳有势力，是说她在华为就代表着任正非。”O最懂任正非的人 ​                ", "author": "新浪科技", "time": "新浪科技2018年12月10日10:35 来自微博weibo.com", "transmit": " 转发 76", "comment": "评论 48", "zan": " 398"}, {"text": "\n                    【多家企业发通知声援华为：换手机选苹果等同放弃年终奖 】多家企业发通知声援华为，买华为，抵制苹果已渐渐成为一个声势浩大的潮流。湛江某酒店新规；员工更换手机选华为、送500元消费券！换手机选苹果、等同放弃优秀员工+年终奖。！O多家企业声援华为：员工买苹果手机等同放弃年终奖！ ​                ", "author": "环球市场播报", "time": "环球市场播报2018年12月10日16:47 来自微博weibo.com", "transmit": " 转发 1478", "comment": "评论 1673", "zan": " 1320"}, {"text": "\n                    转：《华盛顿邮报》：刑诉华为CFO是阻遏中国的弱智方法。这份美国权威报纸分析如下：1）逮捕任正非女儿跟逮捕乔布斯女儿一样是阴险而愚蠢的政治错误；2）任何违规，美国政府都可以选择追究与不追究；3）三星、爱立信都是伊朗的主要电信供应商，美国单挑华为说事，意识形态因素明显；4）美国最高法院的 ​  展开全文c \n                    转：《华盛顿邮报》：刑诉华为CFO是阻遏中国的弱智方法。这份美国权威报纸分析如下：1）逮捕任正非女儿跟逮捕乔布斯女儿一样是阴险而愚蠢的政治错误；2）任何违规，美国政府都可以选择追究与不追究；3）三星、爱立信都是伊朗的主要电信供应商，美国单挑华为说事，意识形态因素明显；4）美国最高法院的精神是反对美国法在境外执行；5） 逮捕华为CFO起不到实际遏制华为的效果，反而被视为试图给中国施压的粗鲁蛮动，并给美国企业带来被中国报复的风险。美国人民希望在中美竞争中获胜，但不是通过这种低级的手段。 收起全文d\n", "author": "余承东", "time": "余承东2018年12月10日13:05 来自华为Mate20保时捷设计", "transmit": " 转发 1572", "comment": "评论 1351", "zan": " 2734"}, {"text": "\n                    领导说孟晚舟被美国绑票了，5G大战开始了。咱公司规模小，下班一人发一台华为手机支持一下华为，把苹果都换掉，说一套做一套让人看不起。 L军武季的微博视频 ​                ", "author": "军武季", "time": "军武季2018年12月10日05:26 来自阿季专享版Android", "transmit": " 转发 793", "comment": "评论 1682", "zan": " 7794"}, {"text": "\n                    天马行空、脑洞大开，#华为Mate20#新一代珍珠屏，袖珍舞台给你非凡视野！O网页链接 ​                ", "author": "余承东", "time": "余承东2018年12月10日20:19 来自华为Mate20保时捷设计", "transmit": " 转发 73", "comment": "评论 473", "zan": " 1345"}, {"text": "\n                    多家企业声援华为：员工买苹果手机等同放弃年终奖！（新浪） ​                ", "author": "蓝鲸财经记者工作平台", "time": "蓝鲸财经记者工作平台2018年12月10日17:13 来自Android", "transmit": " 转发 1353", "comment": "评论 601", "zan": " 774"}, {"text": "\n                    【深圳厂商发通知声援华为：员工买苹果手机将处罚】梦派科技官网今日发布《关于声援华为的通知》公告。公告表示，公司所有相关产品设计，优先使用华为海思的芯片方案，员工个人购买华为和中兴手机，公司给予市场价格15%的补贴；若购买苹果手机，按照市价，公司给予100%的处罚。公司办公设备、连同员工 ​  展开全文c \n                    【深圳厂商发通知声援华为：员工买苹果手机将处罚】梦派科技官网今日发布《关于声援华为的通知》公告。公告表示，公司所有相关产品设计，优先使用华为海思的芯片方案，员工个人购买华为和中兴手机，公司给予市场价格15%的补贴；若购买苹果手机，按照市价，公司给予100%的处罚。公司办公设备、连同员工购车均停止采购美国品牌。（新浪科技）O深圳厂商发通知声援华为：员工买苹果手机将处罚 收起全文d\n", "author": "Vista看天下", "time": "Vista看天下2018年12月10日15:13 来自微博weibo.com", "transmit": " 转发 389", "comment": "评论 909", "zan": " 356"}, {"text": "\n                    评论：中美开撕会怎样？中兴被迫签城下之盟，那是因为国企不能随便垮，毕竟……华为虽然立足于一切靠自己，然而时至今日，在国际产业链的大分工中，没有谁可以完全的绝对的不受制于人，只有位于产业链顶端的极少数企业除外……中美两国如果彻底撕破脸，美帝彻底切断中国每年2000多亿的芯片供应，带 ​  展开全文c \n                    评论：中美开撕会怎样？中兴被迫签城下之盟，那是因为国企不能随便垮，毕竟……华为虽然立足于一切靠自己，然而时至今日，在国际产业链的大分工中，没有谁可以完全的绝对的不受制于人，只有位于产业链顶端的极少数企业除外……中美两国如果彻底撕破脸，美帝彻底切断中国每年2000多亿的芯片供应，带来的结果无非是两个：一是，倒逼中国尽快实现产业升级转型，在短时间内尽快实现JY“核高基”的民用化……这个过程一定会很痛苦，但是，长痛不如短痛！二是，美国国内的产业链顶端高科技企业的产品（包括专利使用），立即陷入全面滞销，被迫寻找一个至少能与中国规模比肩的新买家，否则……毕竟，世界工厂，目前地球上只有中国一家……毕竟，卖不出去的大量芯片还不如大豆，大豆起码还能煮着吃……毕竟，美国长、短期国债的收益，已经开始倒挂了……如果不是这样的话，美帝现在还跟你谈个毛啊，早就直接弄死你了，还犯得着再使用抓扣人质这种见不得人的下三滥手段吗？最后三句话：一，事到万难须放胆！二，以斗争求团结，则团结存，以妥协退让求团结，则团结亡！三，能战方能止战，准备打，才可能不必打，越是不能打，越是可能会挨打，这就叫战争与和平的辩证法！贸易战，如此，新冷战，亦如此…… 收起全文d\n", "author": "书房点兵", "time": "书房点兵2018年12月10日11:34 来自HUAWEIMate20", "transmit": " 转发 337", "comment": "评论 201", "zan": " 609"}, {"text": "\n                    【日本将华为中兴排除出采购清单，外交部：中企不应受歧视对待】有媒体报道，日本政府10日决定事实上将中国华为和中兴的产品排除出政府采购清单。外交部发言人陆慷10日表示，中国企业在日投资合作的本质是互利双赢，中方也要求日方为中国企业在日本经营发展提供公平、透明、非歧视的环境。中国企业在日 ​  展开全文c \n                    【日本将华为中兴排除出采购清单，外交部：中企不应受歧视对待】有媒体报道，日本政府10日决定事实上将中国华为和中兴的产品排除出政府采购清单。外交部发言人陆慷10日表示，中国企业在日投资合作的本质是互利双赢，中方也要求日方为中国企业在日本经营发展提供公平、透明、非歧视的环境。中国企业在日本的正常经营活动不能受到任何歧视性对待。O外交部：中国在日企业投资本质是互利双赢 收起全文d\n", "author": "中国新闻网", "time": "中国新闻网2018年12月10日16:59 来自专业版微博", "transmit": " 转发 140", "comment": "评论 467", "zan": " 363"}, {"text": "\n                    天台太聒噪？不如轻松一“点”  #华为nova4# L华为终端官方微博的秒拍视频 ​                ", "author": "华为终端官方微博", "time": "华为终端官方微博2018年12月10日14:06 来自秒拍网页版", "transmit": " 转发 4060", "comment": "评论 1337", "zan": " 4278"}, {"text": "\n                    【日本将华为中兴排除在采购清单外 中国外交部：日方应为中企经营提供公平、非歧视环境】今天，日本政府为防止网络攻击、确保网络安全，出台新的政府采购相关规定。有媒体报道称，日方此举意在配合美国，将中国华为和中兴两家企业事实上排除在日本政府采购名单之外。对此，外交部发言人陆慷表示，中国 ​  展开全文c \n                    【日本将华为中兴排除在采购清单外 中国外交部：日方应为中企经营提供公平、非歧视环境】今天，日本政府为防止网络攻击、确保网络安全，出台新的政府采购相关规定。有媒体报道称，日方此举意在配合美国，将中国华为和中兴两家企业事实上排除在日本政府采购名单之外。对此，外交部发言人陆慷表示，中国企业在日投资合作的本质是互利双赢，中方也要求日方为中国企业在日本经营发展提供公平、透明、非歧视的环境。中方将对日方有关规定的执行情况保持密切关注。L央视新闻的秒拍视频（央视） 收起全文d\n", "author": "新京报", "time": "新京报2018年12月10日20:26 来自微博weibo.com", "transmit": " 转发 155", "comment": "评论 630", "zan": " 202"}, {"text": "\n                    【陆慷：已有20多国企业与华为签署5G商用合约】在10日的例行记者会上，中国外交部发言人陆慷在回答提问时提到，有一些国家的企业已经与华为签署了合作协议。 “具体是哪些国家呢？”对于《环球时报》记者的追问，陆慷说，已经有20多个国家的企业已经与华为签署了5G商用合约。至于很多国家认为华为是值 ​  展开全文c \n                    【陆慷：已有20多国企业与华为签署5G商用合约】在10日的例行记者会上，中国外交部发言人陆慷在回答提问时提到，有一些国家的企业已经与华为签署了合作协议。 “具体是哪些国家呢？”对于《环球时报》记者的追问，陆慷说，已经有20多个国家的企业已经与华为签署了5G商用合约。至于很多国家认为华为是值得信赖的，可以合作的伙伴，这样的例子还是很多的。O陆慷：已有20多国企业与华为签署5G商用合约 收起全文d\n", "author": "环球时报", "time": "环球时报2018年12月10日17:22 来自微博weibo.com", "transmit": " 转发 94", "comment": "评论 354", "zan": " 566"}, {"text": "\n                    【鸠山由纪夫：日本政府排挤华为体现其从属美国的现实】12月7日，有日媒报道，鉴于中国通信设备巨头华为和中兴被指与中国情报机构有关，日本政府基本决定，事实上将这两家公司的产品排除出政府采购清单。12月10日，在主题为“改革开放与合作共赢”的“2018从都国际论坛”上，日本前首相鸠山由纪夫就此 ​  展开全文c \n                    【鸠山由纪夫：日本政府排挤华为体现其从属美国的现实】12月7日，有日媒报道，鉴于中国通信设备巨头华为和中兴被指与中国情报机构有关，日本政府基本决定，事实上将这两家公司的产品排除出政府采购清单。12月10日，在主题为“改革开放与合作共赢”的“2018从都国际论坛”上，日本前首相鸠山由纪夫就此事接受了《环球时报》记者的采访，他表示，这体现出日本现政府从属于美国的现实。鸠山指出，在贸易上采用更先进的技术是理所应当的，而日本政府受到了美国特朗普政府的影响而采取了这样的政策，”日本政府采取这样不可思议的手段去限制一个中国企业，更加体现了现政府是怎样从属于美国的现实。”O鸠山由纪夫：日本政府排挤华为体现其从属美国的现实 收起全文d\n", "author": "环球时报", "time": "环球时报2018年12月10日18:06 来自微博weibo.com", "transmit": " 转发 108", "comment": "评论 228", "zan": " 486"}, {"text": "\n                    【欧盟人士称因“强制后门”对华为等中国企业感到担忧 外交部回应】10日，外交部发言人陆慷在例行记者会上表示，这种基于“猜测”对企业正常经营设置障碍的做法是非常荒谬的。在当前经济全球化的背景下，我相信这也不利于各国开展互利合作。华为是一家自主发展的中国民营企业，与世界很多国家都开展 ​  展开全文c \n                    【欧盟人士称因“强制后门”对华为等中国企业感到担忧 外交部回应】10日，外交部发言人陆慷在例行记者会上表示，这种基于“猜测”对企业正常经营设置障碍的做法是非常荒谬的。在当前经济全球化的背景下，我相信这也不利于各国开展互利合作。华为是一家自主发展的中国民营企业，与世界很多国家都开展了很好的合作，我们到现在都没有听说过哪个国家因为跟华为合作而产生安全问题。据我了解，华为已与二十几个国家的企业签署了5G商用合约。这说明，华为是得到充分认可的。 收起全文d\n", "author": "头条新闻", "time": "头条新闻2018年12月10日18:38 来自微博weibo.com", "transmit": " 转发 121", "comment": "评论 235", "zan": " 443"}, {"text": "\n                    【日本将华为中兴排除在采购清单外 中国外交部：日方应为中企经营提供公平、非歧视环境】今天，日本政府为防止网络攻击、确保网络安全，出台新的政府采购相关规定。有媒体报道称，日方此举意在配合美国，将中国华为和中兴两家企业事实上排除在日本政府采购名单之外。对此，外交部发言人陆慷表示，中国 ​  展开全文c \n                    【日本将华为中兴排除在采购清单外 中国外交部：日方应为中企经营提供公平、非歧视环境】今天，日本政府为防止网络攻击、确保网络安全，出台新的政府采购相关规定。有媒体报道称，日方此举意在配合美国，将中国华为和中兴两家企业事实上排除在日本政府采购名单之外。对此，外交部发言人陆慷表示，中国企业在日投资合作的本质是互利双赢，中方也要求日方为中国企业在日本经营发展提供公平、透明、非歧视的环境。中方将对日方有关规定的执行情况保持密切关注。（央视） 收起全文d\n", "author": "人民网", "time": "人民网2018年12月10日18:13 来自搜狗高速浏览器", "transmit": " 转发 122", "comment": "评论 318", "zan": " 398"}, {"text": "\n                    #日本将华为中兴排除出采购清单#🇨🇳 华为，加油！中国，加油！【今天，华为震惊了世界！向华为和任正非致敬！ ​】↓↓ ​                ", "author": "三亚事儿", "time": "三亚事儿2018年12月10日20:58 来自@三亚事儿Android", "transmit": " 转发 430", "comment": "评论 898", "zan": " 3134"}]