[{"text": "\n                    【外交部：打压华为是赤裸裸的科技霸权主义】近期，孟晚舟事件持续引发外界关注。在19日举行的外交部例行发布会上，有媒体问昨天华为邀请国际记者沟通是否对孟晚舟事件有帮助。对此，外交部发言人华春莹称，华为邀请记者或者向外界更好地介绍自己，帮助外界更好地认识他们公司的运行情况。关于其作用 ​  展开全文c \n                    【外交部：打压华为是赤裸裸的科技霸权主义】近期，孟晚舟事件持续引发外界关注。在19日举行的外交部例行发布会上，有媒体问昨天华为邀请国际记者沟通是否对孟晚舟事件有帮助。对此，外交部发言人华春莹称，华为邀请记者或者向外界更好地介绍自己，帮助外界更好地认识他们公司的运行情况。关于其作用意义和影响，应该去向华为公司了解。关于近期外界对华为的密集关注，华春莹说华为作为全球第一大通讯设备的供应商和许多国家都开展了很好的合作，它产品的质量信誉包括安全性方面都是受到了合作伙伴的广泛的充分的肯定，也没有任何一家有什么证据来说明华为真像某些势力或者某些国家指责的那样在安全方面存在威胁。现在有些国家在没有任何事实根据和确凿证据的情况下，将正常的科技发展合作政治化，以可能存在安全威胁的莫须有罪名，抹黑打压华为等中国高科技企业，华春莹说。“这是非常狭隘的，有罪推定的思维。本质上是赤裸裸的科技霸权主义和贸易投资保护主义，也违反了WTO非歧视的原则。”华春莹说。华春莹强调中国的发展权利，包括中国高科技企业的发展权利，应该得到各方充分的尊重。任何的抹黑和攻击都没有办法阻挡中国企业成长发展走向世界的步伐。O外交部：打压华为是赤裸裸的科技霸权主义 收起全文d\n", "author": "环球网", "time": "环球网2018年12月19日17:41", "transmit": " 转发 56701", "comment": "评论 27777", "zan": " 157445"}, {"text": "\n                    被手机耽误的华为影视公司又出新作品了！这一次，他们居然盯上了冰壶！ L华为终端官方微博的秒拍视频 ​                ", "author": "回忆专用小马甲", "time": "回忆专用小马甲2018年12月19日14:35 来自微博weibo.com", "transmit": " 转发 1428", "comment": "评论 843", "zan": " 2178"}, {"text": "\n                    【印度邀华为参加5G测试】“中国高科技企业华为已被邀请在印度参加5G测试”，《印度时报》18日报道称，在西方国家对华为提出质疑的当下，“印度此举显示出中印领导层之间的政治善意”。在美国联合盟友对华为展开政治打压的背景下，印度有一些附和声音，但也有人站出来说公道话。17日，印度电信运营商协 ​  展开全文c \n                    【印度邀华为参加5G测试】“中国高科技企业华为已被邀请在印度参加5G测试”，《印度时报》18日报道称，在西方国家对华为提出质疑的当下，“印度此举显示出中印领导层之间的政治善意”。在美国联合盟友对华为展开政治打压的背景下，印度有一些附和声音，但也有人站出来说公道话。17日，印度电信运营商协会致信政府部门称，任何根据“传闻”排除某些企业的做法都可能会损害整个国家的数字通信前景。O印度邀华为参加5G测试 收起全文d\n", "author": "环球时报", "time": "环球时报2018年12月19日10:50 来自微博weibo.com", "transmit": " 转发 262", "comment": "评论 382", "zan": " 2394"}, {"text": "\n                    东北欧地区部首个华为高级体验店“HUAWEI WARSZAWA”近日于波兰首都华沙盛大开业，两天迎来近万人参与庆典！前空手道冠军&健身达人安娜•莱万多夫斯卡(足球巨星莱万的太太)、歌手Sarsa以及脱口秀大王库巴也到场助阵，与消费者近距离互动。用心建店，必有精魂，一组图带大家感受下当天的壮观景象 ​  展开全文c \n                    东北欧地区部首个华为高级体验店“HUAWEI WARSZAWA”近日于波兰首都华沙盛大开业，两天迎来近万人参与庆典！前空手道冠军&健身达人安娜•莱万多夫斯卡(足球巨星莱万的太太)、歌手Sarsa以及脱口秀大王库巴也到场助阵，与消费者近距离互动。用心建店，必有精魂，一组图带大家感受下当天的壮观景象！ 收起全文d\n", "author": "余承东", "time": "余承东2018年12月19日20:07 来自华为Mate20保时捷设计", "transmit": " 转发 60", "comment": "评论 178", "zan": " 905"}, {"text": "\n                    【华为回应5G报道：全球经营整体稳健 已获25个商用合同】针对近日华为5G相关报道，华为公共及政府事务部在华为“心声社区”发布情况说明称，公司全球经营整体稳健。已获得25个5G商用合同，并与全球50多个商业伙伴签署合作协议，5G基站商用发货量已超过10,000个，行业内遥遥领先。O华为回应5G报道:全球经营整体稳健 已获25个商用合同 ​                ", "author": "新浪科技", "time": "新浪科技2018年12月19日16:09 来自微博weibo.com", "transmit": " 转发 1186", "comment": "评论 640", "zan": " 2100"}, {"text": "\n华为能不能成为世界第一的通信公司我不知道，但是它肯定是通信公司里广告做得最有创意的哈哈哈哈哈L华为终端官方微博的秒拍视频 ​                ", "author": "英国那些事儿", "time": "英国那些事儿2018年12月19日12:10 来自微博weibo.com", "transmit": " 转发 590", "comment": "评论 298", "zan": " 2607"}, {"text": "\n                    人工智能如何帮助盲人或视障人士“看到”更多的世界？华为东北欧团队基于华为Mate 20 Pro强大的AI能力，开发了Facing Emotions程序，通过将人类七种常见的表情转换为声音，帮助盲人也能“阅读”情绪。看到他们因此能够绽放灿烂笑容，很感动很温暖L华为终端公司的秒拍视频 ​​​                ", "author": "余承东", "time": "余承东2018年12月19日20:40 来自华为Mate20保时捷设计", "transmit": " 转发 136", "comment": "评论 315", "zan": " 1230"}, {"text": "\n                    【#华为回应5G报道#：全球经营整体稳健，已获25个商用合同】12月19日，针对近日华为5G的相关报道，华为公共及政府事务部发布公告称，部分报道与事实不符，或被错误解读，公司目前全球经营整体稳健。尽管遇到了较大的外部压力和困难，但在商业上仍然取得了不错的成就，现已获得25个5G商用合同，并与全球 ​  展开全文c \n                    【#华为回应5G报道#：全球经营整体稳健，已获25个商用合同】12月19日，针对近日华为5G的相关报道，华为公共及政府事务部发布公告称，部分报道与事实不符，或被错误解读，公司目前全球经营整体稳健。尽管遇到了较大的外部压力和困难，但在商业上仍然取得了不错的成就，现已获得25个5G商用合同，并与全球50多个商业伙伴签署合作协议，5G基站商用发货量已超过10,000个，行业内遥遥领先。#微博赚钱季# 收起全文d\n", "author": "第一财经日报", "time": "第一财经日报2018年12月19日17:58 来自微博weibo.com", "transmit": " 转发 137", "comment": "评论 411", "zan": " 2129"}, {"text": "\n                    【华为：部分5G相关报道与事实不符 在德国业务一切正常】 记者19日从华为获悉，近期媒体上出现的部分华为5G相关报道与事实不符，或被错误解读。目前，华为在德国的业务一切正常；积极参与法国各运营商的5G建设；在日本，正积极参与运营商的5G标书答复和实验局测试；新西兰政府虽对运营商提交的5G方案有 ​  展开全文c \n                    【华为：部分5G相关报道与事实不符 在德国业务一切正常】 记者19日从华为获悉，近期媒体上出现的部分华为5G相关报道与事实不符，或被错误解读。目前，华为在德国的业务一切正常；积极参与法国各运营商的5G建设；在日本，正积极参与运营商的5G标书答复和实验局测试；新西兰政府虽对运营商提交的5G方案有不同意见，但监管流程尚未走完，客户均表示与政府继续斡旋，与华为合作保持不变。2019年上半年将发布搭载5G芯片的5G智能手机，并将在2019年下半年实现规模商用。(程春雨) 收起全文d\n", "author": "中国新闻网", "time": "中国新闻网2018年12月19日20:39 来自微博weibo.com", "transmit": " 转发 125", "comment": "评论 94", "zan": " 353"}, {"text": "\n                    【景区回应#持华为手机免票入园#：这样的热度我们愿意蹭】近日，河南神农山景区因“华为手机用户免门票”引发争议。17日，河北邢台4A景区崆山白云洞发布公告，持华为手机游客可以免门票入园，景区挂牌价为100元。19日景区管理处回应称，“这样的热度我们愿意蹭”。L时间视频的秒拍视频 ​                ", "author": "新浪财经", "time": "新浪财经2018年12月19日18:40 来自微博weibo.com", "transmit": " 转发 89", "comment": "评论 408", "zan": " 268"}, {"text": "\n                    【#日本最大IPO上市首日破发#：受禁止采购华为设备影响，软银股价暴跌15%】12月19日，孙正义所创建的日本软银电信业务资产在东京证交所上市，创日本史上最大规模IPO，在全球仅次于当年阿里巴巴上市。至收盘时，软银股价破发暴跌15%，市场分析可能是受到日本政府禁止采购华为设备影响。 ​  展开全文c \n                    【#日本最大IPO上市首日破发#：受禁止采购华为设备影响，软银股价暴跌15%】12月19日，孙正义所创建的日本软银电信业务资产在东京证交所上市，创日本史上最大规模IPO，在全球仅次于当年阿里巴巴上市。至收盘时，软银股价破发暴跌15%，市场分析可能是受到日本政府禁止采购华为设备影响。L老板联播的秒拍视频 收起全文d\n", "author": "新浪财经", "time": "新浪财经2018年12月19日19:38 来自微博weibo.com", "transmit": " 转发 77", "comment": "评论 285", "zan": " 193"}, {"text": "\n                    【景区回应#持华为手机免票入园#：景区自己的态度 和华为没有利益关系】12月15日，@不老神农山 发布公告，全球华为手机用户可免门票入园。有网友质疑这对其他手机用户有歧视。景区工作人员回应称，单纯想表明态度，并非歧视其他用户，“我们这个活动没有损坏其他人的利益，只是我们利益降低了而已”。 ​  展开全文c \n                    【景区回应#持华为手机免票入园#：景区自己的态度 和华为没有利益关系】12月15日，@不老神农山 发布公告，全球华为手机用户可免门票入园。有网友质疑这对其他手机用户有歧视。景区工作人员回应称，单纯想表明态度，并非歧视其他用户，“我们这个活动没有损坏其他人的利益，只是我们利益降低了而已”。L新京报我们视频的秒拍视频 @新京报我们视频 收起全文d\n", "author": "中国日报", "time": "中国日报2018年12月19日19:29 来自微博weibo.com", "transmit": " 转发 34", "comment": "评论 119", "zan": " 280"}, {"text": "\n                    看完这条视频，我脑子里只有一个想法：我们其实对冰壶一无所知华为这脑洞真的给跪了！L华为终端官方微博的秒拍视频 ​                ", "author": "机智的何先生", "time": "机智的何先生2018年12月19日12:20 来自微博weibo.com", "transmit": " 转发 3294", "comment": "评论 4437", "zan": " 11331"}, {"text": "\n                    【部分报道与事实不符！华为澄清海外5G业务情况】最近一段时期，媒体上频频出现华为5G的相关报道，就此华为方面发布了“近期媒体对华为5G相关报道的情况说明”，披露部分报道与事实不符，或被错误解读。华为方面就此说明，目前华为在德国的业务一切正常;华为也积极参与法国各运营商的5G建设;在日本， ​  展开全文c \n                    【部分报道与事实不符！华为澄清海外5G业务情况】最近一段时期，媒体上频频出现华为5G的相关报道，就此华为方面发布了“近期媒体对华为5G相关报道的情况说明”，披露部分报道与事实不符，或被错误解读。华为方面就此说明，目前华为在德国的业务一切正常;华为也积极参与法国各运营商的5G建设;在日本，华为正在积极参与运营商的5G标书答复和实验局测试;新西兰政府虽对运营商提交的5G方案有不同意见，但监管流程尚未走完，客户均表示与政府继续斡旋，与华为合作保持不变。华为方面称，公司在5G技术和商用上处于业界领先地位，是目前行业内唯一能提供端到端5G全系统的厂商。尽管遇到了外部压力和困难，华为在商业上仍然取得了不错的成就。截至目前，华为已经获得25个5G商用合同，并与全球50多个商业伙伴签署合作协议，华为的5G基站商用发货数量也已经超过1万个，在行业内领先。2019年上半年，华为将发布搭载5G芯片的5G智能手机，并将在2019年下半年实现规模商用。华为消费者业务手机产品线总裁何近日刚则宣布华为手机2018年度全球发货量预计突破2亿台。华为方面表示，其“2亿”纪念版手机将在2018年12月25日推出。华为轮值董事长胡厚昆近日还披露，在业绩方面，华为预测今年营收将超过1000亿美元，较去年的920亿美元增长8.7%。（北京日报）O部分报道与事实不符！华为澄清海外5G业务情况 收起全文d\n", "author": "环球网", "time": "环球网2018年12月19日19:33", "transmit": " 转发 90", "comment": "评论 84", "zan": " 362"}, {"text": "\n                    【景区回应#持华为手机免票入园#：这样的热度我们愿意蹭】近日，河南神农山景区因“华为手机用户免门票”引发争议。17日，河北邢台4A景区崆山白云洞发布公告，持华为手机游客可以免门票入园，景区挂牌价为100元。19日景区管理处回应称，“这样的热度我们愿意蹭”。@时间视频 L时间视频的秒拍视频 ​                ", "author": "Vista看天下", "time": "Vista看天下2018年12月19日17:06 来自微博weibo.com", "transmit": " 转发 23", "comment": "评论 194", "zan": " 189"}, {"text": "\n                    【加政府：#中国拘留第三名加拿大人#】加拿大政府周二证实第三名加拿大公民被中国拘留，但没有把最新这起事件同华为首席财务官孟晚舟被捕事件挂钩。据加媒体《全国邮报》报道，加拿大全球事务部发言人说，该部得知一名加拿大公民被拘留，但以遵守隐私法为由不提供其他更多细节。（早报网） ​                ", "author": "新浪新闻", "time": "新浪新闻2018年12月19日15:17 来自专业版微博平台", "transmit": " 转发 51", "comment": "评论 154", "zan": " 362"}, {"text": "\n                    千万不要买华为，买了以后好几年换不了新手机！#景区回应持华为手机免票入园# L每日内涵段子的微博视频 ​                ", "author": "每日内涵趣事", "time": "每日内涵趣事2018年12月19日16:32", "transmit": " 转发 233", "comment": "评论 585", "zan": " 1619"}, {"text": "\n                    【华为回应近期5G相关报道：全球经营整体稳健】华为公共及政府事务部今日发布了一则公告——《近期媒体对华为5G相关报道的情况说明》，《说明》中称，最近一段时期，媒体上频频出现华为5G的相关报道，部分报道与事实不符，或被错误解读，在此特别给大家说明一下情况。(IT之家) ​                ", "author": "凤凰网科技", "time": "凤凰网科技2018年12月19日15:46 来自专业版微博", "transmit": " 转发 185", "comment": "评论 274", "zan": " 1805"}, {"text": "\n华为mate20pro，目前拍照最好的手机，没有异议吧！ ​                ", "author": "IT科技侠", "time": "IT科技侠2018年12月19日09:08 来自微博weibo.com", "transmit": " 转发 858", "comment": "评论 2094", "zan": " 4117"}, {"text": "\n#加政府 中国拘留第三名加拿大人# 现在的中国不再是被列强随意欺辱的中国了，就一句话“人若犯我我必犯人”，而且还是三倍奉还！加拿大政府周二证实第三名加拿大公民被中国拘留，但没有把最新这起事件同华为首席财务官孟晚舟被捕事件挂钩。据加媒体《全国邮报》报道，加拿大全球事务部发言人说， ​  展开全文c \n#加政府 中国拘留第三名加拿大人# 现在的中国不再是被列强随意欺辱的中国了，就一句话“人若犯我我必犯人”，而且还是三倍奉还！加拿大政府周二证实第三名加拿大公民被中国拘留，但没有把最新这起事件同华为首席财务官孟晚舟被捕事件挂钩。据加媒体《全国邮报》报道，加拿大全球事务部发言人说，该部得知一名加拿大公民被拘留，但以遵守隐私法为由不提供其他更多细节。这是一个月以来中国拘留的第三名加拿大公民。另两人是活跃于中朝边界城市丹东的商人斯帕弗（Michael Spavor）和加拿大前外交官康明凯（Michael Kovrig）。外界普遍认为前两者被拘留是中国对加拿大政府采取的报复行动。#加拿大公民被拘捕# 收起全文d\n", "author": "彩云香江", "time": "彩云香江2018年12月19日17:04 来自HUAWEIMate10Pro", "transmit": " 转发 45", "comment": "评论 227", "zan": " 498"}, {"text": "\n                    最近华为的广告就是我的快乐源泉，为华为打Call！希望能源源不断一直更新下去啊哈哈哈哈L华为终端官方微博的秒拍视频 ​                ", "author": "追风少年刘全有", "time": "追风少年刘全有2018年12月19日11:45 来自微博weibo.com", "transmit": " 转发 803", "comment": "评论 894", "zan": " 1603"}, {"text": "\n                    果然，神转折才是华为的风格。本以为是场冰壶比赛，然而，他们在一本正经地……..？！L华为终端官方微博的秒拍视频 ​                ", "author": "思想聚焦", "time": "思想聚焦2018年12月19日14:25 来自微博weibo.com", "transmit": " 转发 216", "comment": "评论 112", "zan": " 826"}, {"text": "\n                    袁立这烧饼女人是有病么？人家华为得罪了美国的利益，人家得罪你袁立了？？……真他妈贱 ​                ", "author": "黄毅清", "time": "黄毅清2018年12月19日22:21 来自神笔马良•iPhoneXSMax", "transmit": " 转发 175", "comment": "评论 744", "zan": " 1354"}, {"text": "\n                    【印度邀华为参加5G测试】“中国高科技企业华为已被邀请在印度参加5G测试”，《印度时报》18日报道称，在西方国家对华为提出质疑的当下，“印度此举显示出中印领导层之间的政治善意”。在美国联合盟友对华为展开政治打压的背景下，印度有一些附和声音，但也有人站出来说公道话。17日，印度电信运营商协 ​  展开全文c \n                    【印度邀华为参加5G测试】“中国高科技企业华为已被邀请在印度参加5G测试”，《印度时报》18日报道称，在西方国家对华为提出质疑的当下，“印度此举显示出中印领导层之间的政治善意”。在美国联合盟友对华为展开政治打压的背景下，印度有一些附和声音，但也有人站出来说公道话。17日，印度电信运营商协会致信政府部门称，任何根据“传闻”排除某些企业的做法都可能会损害整个国家的数字通信前景。O印度邀华为 收起全文d\n", "author": "环球网", "time": "环球网2018年12月19日10:59", "transmit": " 转发 34", "comment": "评论 65", "zan": " 239"}, {"text": "\n                    看完这个视频我只想说，这种神反转很华为，完全没毛病哈哈哈哈哈 L华为终端官方微博的秒拍视频 ​                ", "author": "热门搞笑排行榜", "time": "热门搞笑排行榜2018年12月19日19:20 来自微博weibo.com", "transmit": " 转发 1042", "comment": "评论 228", "zan": " 1012"}, {"text": "\n                    【#日本最大IPO上市首日破发#：受禁止采购华为设备影响，软银股价暴跌15%】12月19日，孙正义所创建的日本软银电信业务资产在东京证交所上市，创日本史上最大规模IPO，在全球仅次于当年阿里巴巴上市。至收盘时，软银股价破发暴跌15%，市场分析可能是受到日本政府禁止采购华为设备影响。@老板联播  ​  展开全文c \n                    【#日本最大IPO上市首日破发#：受禁止采购华为设备影响，软银股价暴跌15%】12月19日，孙正义所创建的日本软银电信业务资产在东京证交所上市，创日本史上最大规模IPO，在全球仅次于当年阿里巴巴上市。至收盘时，软银股价破发暴跌15%，市场分析可能是受到日本政府禁止采购华为设备影响。@老板联播 L老板联播的秒拍视频 收起全文d\n", "author": "梨视频", "time": "梨视频2018年12月19日18:13 来自微博weibo.com", "transmit": " 转发 45", "comment": "评论 66", "zan": " 186"}, {"text": "\n易烊千玺  我爱那天的阳光和你【净化】易烊千玺中戏，易烊千玺中戏第一，yyqx帅，四字弟弟，易烊千玺nova，易烊千玺华为，易烊千玺野兽派，易烊千玺阿迪，易烊千玺好爸爸，易烊千玺沙宣,易烊千玺 bv,易烊千玺 Bottega Veneta 葆蝶家 ​​​易烊千玺  yyqx   四字  帅 ​  展开全文c \n易烊千玺  我爱那天的阳光和你【净化】易烊千玺中戏，易烊千玺中戏第一，yyqx帅，四字弟弟，易烊千玺nova，易烊千玺华为，易烊千玺野兽派，易烊千玺阿迪，易烊千玺好爸爸，易烊千玺沙宣,易烊千玺 bv,易烊千玺 Bottega Veneta 葆蝶家 ​​​易烊千玺  yyqx   四字  帅K恒温动物天猫首位代言人 华为nova全球代言人 舞台王者 编舞大神 顶级流量 全能偶像 易烊千玺 yyqx 四字 中戏 大佬 四字弟弟 李泌 艳势番 阿易 易队长 千千 烊烊 小千 长安十二时辰      大家今天也要开心！也要加油嗷图cr 收起全文d\n", "author": "北欧十度以内的气温", "time": "北欧十度以内的气温2018年12月19日09:11 来自易烊千玺超话", "transmit": " 转发 63", "comment": "评论 51", "zan": " 409"}, {"text": "\n                    12月17日，华为日本代表处大手町办公室收到了东京都内一名普通市民的来信，信中写道，2011年东日本大地震，其他公司都在撤退、逃离时，只有华为冒险进入灾区抢修通信设施。对于日本直接动用国家力量单方面将华为进行排除的做法，对方表示，“作为一个日本人我感到羞愧。” ​                ", "author": "风闻社区", "time": "风闻社区2018年12月19日21:59 来自微博weibo.com", "transmit": " 转发 231", "comment": "评论 59", "zan": " 268"}, {"text": "\n                    【华为Mate20 Pro超暖心电视广告】圣诞节将至，华为发布了Mate20 Pro的假日季广告。讲述的是一名聋哑小女孩是如何度过圣诞节前夜的。这期广告华为的产品出现的镜头不多，但是出现之后却非常温暖。企业文化所体现出的社会责任感与包容和爱，这是大企业应该具有的。推荐观看：L钟文泽并不胖的秒拍视频 ​                ", "author": "钟文泽", "time": "钟文泽2018年12月19日16:21 来自微博weibo.com", "transmit": " 转发 137", "comment": "评论 188", "zan": " 493"}, {"text": "\n#印度邀华为参加5G测试# 近日，有媒体报道称，中国高科技企业华为已被邀请在印度参加5G测试。最近华为很火啊，重庆话版华为新广告，感觉真滴有毒啊！ L汇荆州的秒拍视频 ​                ", "author": "汇荆州", "time": "汇荆州2018年12月19日12:40 来自HUAWEIMate10", "transmit": " 转发 136", "comment": "评论 104", "zan": " 433"}]