[{"text": "\n#朱亚文 头像咋换#电视剧大明风华为宣传新剧，剧组演员都换了头像，不过朱亚文表示我太难了，这孙子谁想换谁换 ​                ", "author": "八倍镜追剧女孩", "time": "八倍镜追剧女孩2019年12月20日19:28", "transmit": " 转发 235", "comment": "评论 314", "zan": " 4947"}, {"text": "\n来#新影像不止所见#手机影像艺术展，揭秘百人用200台#华为MatePad#Pro共绘的新年巨幅插画。点击O网页链接即刻入手，一起来画~L华为终端官方微博的微博视频 ​                ", "author": "华为终端官方微博", "time": "华为终端官方微博2019年12月20日23:26 来自微博视频", "transmit": " 转发 781", "comment": "评论 584", "zan": " 2871"}, {"text": "\n                    北方大雪纷飞，这里四季如春。这次来三亚旅行，用#华为nova6# 5G拍了2019年超满意的几张照片～前置超广角轻松收录三亚美景，离脸20cm自动对焦，面部清晰睫毛都能拍的根根分明，真的只能用amazing来形容了！在昏暗的夜色中也能拍摄出超高清超惊艳的大片，记录生活中每一个精彩的瞬间。#自拍大不一样# ​                ", "author": "黄星星fanfan", "time": "黄星星fanfan2019年12月20日16:40 来自微博weibo.com", "transmit": " 转发 2418", "comment": "评论 3465", "zan": " 7584"}, {"text": "\n                    Henry刘宪华为《当你沉睡时》制作并演唱的《It’s You》拿下Spotify年度最佳串流韩国OST第一，并且是连续两年拿到第一 ​                ", "author": "扒圈老鬼", "time": "扒圈老鬼2019年12月20日10:07 来自HenryLau刘宪华超话", "transmit": " 转发 226", "comment": "评论 421", "zan": " 4773"}, {"text": "\n华为消费者业务CEO透露，华为手机今年全球出货量预计在2.3亿部左右，将超过苹果。。。不要忘记苹果占全球手机利润的六成！ ​                ", "author": "wu2198", "time": "wu21982019年12月20日19:16", "transmit": " 转发 100", "comment": "评论 690", "zan": " 12128"}, {"text": "\n圣诞节要来啦！你来华为商城挑礼物，华仔也有给你挑选好看的礼物哦！【关+转评】今晚10点就抽5个小可爱送@FLOWERPLUS花加 圣诞花束一份！来试试看这次有没有被圣诞老人选中呀 ​ O抽奖详情 ​                ", "author": "华为商城", "time": "华为商城2019年12月20日10:54 来自微博weibo.com", "transmit": " 转发 461", "comment": "评论 537", "zan": " 223"}, {"text": "\n#旧厨吐槽大会# 都2020年了，你家还在用乱糟糟的旧厨房吗？是否因为每次看到老旧的厨房而懒癌发作不想靠近？或是年限太久线路老化，每次下厨提心吊胆，生怕易燃易爆炸？ 欧派#厨旧迎新季#宠粉福利风暴来袭！O姐在线邀请大家一起吐槽旧厨房，将那些旧厨虐心瞬间统统一吐为快！在这里吐槽不会 ​  展开全文c \n#旧厨吐槽大会# 都2020年了，你家还在用乱糟糟的旧厨房吗？是否因为每次看到老旧的厨房而懒癌发作不想靠近？或是年限太久线路老化，每次下厨提心吊胆，生怕易燃易爆炸？ 欧派#厨旧迎新季#宠粉福利风暴来袭！O姐在线邀请大家一起吐槽旧厨房，将那些旧厨虐心瞬间统统一吐为快！在这里吐槽不会被diss还有奖品拿！我们总共抽取186位小可爱，分别送出价值3999元旧厨改造免单基金、华为mate30 pro手机及迪奥热门口红色号、100元京东购物卡！ 厨旧迎新欧派给你满满宠爱福利！让大家不再被旧厨房所困扰！为你们一站式换新！请各位路过的小哥哥小姐姐仔细阅读吐槽攻略哟～吐槽攻略： 关注@欧派家居集团，转发本条抽奖微博，带话题#旧厨吐槽大会#评论吐槽，并晒出你家旧厨房照片！助力话题热度飙升，即为成功参与活动。  第一波开奖时间：12月25日圣诞节，抽2名各送华为mate30 pro手机一台；抽1名送3999元旧厨改造免单基金；抽10名各送迪奥口红一支；抽50名各送100元京东购物卡一张；  第二波开奖时间：1月1日元旦，抽1名送华为mate30 pro手机一台；抽2名各送3999元旧厨改造免单基金；抽10名各送迪奥口红一支；抽50名各送100元京东购物卡一张； 第三波开奖时间：1月8日，抽10名各送迪奥口红一支；抽50名各送100元京东卡一张； 奖品如此丰厚，大家还不快快参与行动？旧厨迎新季，看看谁是新年“锦鲤”啦？ L欧派家居集团的微博视频 O抽奖详情 收起全文d\n", "author": "欧派家居集团", "time": "欧派家居集团2019年12月20日12:10 来自微博视频", "transmit": " 转发 10241", "comment": "评论 1273", "zan": " 430"}, {"text": "\n                    你喜欢自拍吗？我喜欢。这期视频，带着#华为nova6# 5G手机一起记录下生活中那些平凡又美好的瞬间。让我们#自拍大不一样# L笑笑同学啊_的微博视频 ​ O抽奖详情 ​                ", "author": "笑笑同学啊_", "time": "笑笑同学啊_2019年12月20日19:18 来自日常·视频社区", "transmit": " 转发 82", "comment": "评论 1680", "zan": " 1873"}, {"text": "\n#冬日恋歌情话挑战# 还记得当年那条“始终没有发送出去”的短信吗？@刘宪华Henry-Lau 新歌《可是我爱你》温情上线，HenryLau刘宪华  温暖富有磁性的声音诉尽了一个成熟大男孩心底的无限往事。PS:听大华唱“我爱你”这谁顶得住啊来#华为音乐# 收听这首歌，聆听冬日里最美情话~ ​  展开全文c \n#冬日恋歌情话挑战# 还记得当年那条“始终没有发送出去”的短信吗？@刘宪华Henry-Lau 新歌《可是我爱你》温情上线，HenryLau刘宪华  温暖富有磁性的声音诉尽了一个成熟大男孩心底的无限往事。PS:听大华唱“我爱你”这谁顶得住啊来#华为音乐# 收听这首歌，聆听冬日里最美情话~O网页链接 L华为终端云服务的微博视频 收起全文d\n", "author": "华为终端云服务", "time": "华为终端云服务2019年12月20日10:30 来自微博weibo.com", "transmit": " 转发 156", "comment": "评论 214", "zan": " 853"}, {"text": "\n                    【美芯片巨头获“华为许可证”，股价大涨】继美国科技行业“龙头老大”微软（Microsoft）之后，该国芯片业巨头美光科技也宣布自己进入了“白名单”。当地时间18日，美光发布声明表示，已经获得了向其最大客户华为供应某些产品所需的全部许可证。该公司同时称，预计其财务表现在2020财年第二季度\"周期性 ​  展开全文c \n                    【美芯片巨头获“华为许可证”，股价大涨】继美国科技行业“龙头老大”微软（Microsoft）之后，该国芯片业巨头美光科技也宣布自己进入了“白名单”。当地时间18日，美光发布声明表示，已经获得了向其最大客户华为供应某些产品所需的全部许可证。该公司同时称，预计其财务表现在2020财年第二季度\"周期性触底\"后，将于明年复苏。上述消息一出，美光股价在当天的盘后交易中大涨近4%，次日收盘继续收涨2.81%。O美光科技：已获得向华为供货的许可证，业绩明年复苏 收起全文d\n", "author": "观察者网", "time": "观察者网2019年12月20日13:31 来自微博weibo.com", "transmit": " 转发 181", "comment": "评论 140", "zan": " 1411"}, {"text": "\n                    【#华为将超苹果成全球第二#，今年出货量预计达2.3亿部，三星仍为第一】12月20日据华为消费者业务CEO余承东透露，华为手机今年全球出货量将达2.3亿部左右，或将超过苹果位列全球手机第二位。三星全球手机出货量或达3.23亿部，仍为全球第一大手机品牌。2019年前三季度华为全球出货量均超苹果。 ​  展开全文c \n                    【#华为将超苹果成全球第二#，今年出货量预计达2.3亿部，三星仍为第一】12月20日据华为消费者业务CEO余承东透露，华为手机今年全球出货量将达2.3亿部左右，或将超过苹果位列全球手机第二位。三星全球手机出货量或达3.23亿部，仍为全球第一大手机品牌。2019年前三季度华为全球出货量均超苹果。@五环短视频 L五环短视频的微博视频 收起全文d\n", "author": "新浪科技", "time": "新浪科技2019年12月20日22:46 来自手机平板·视频社区", "transmit": " 转发 38", "comment": "评论 168", "zan": " 349"}, {"text": "\n                    我最爱的拍照功课又有新要点分享给大家，比如年末必打卡艺术展华为#新影像不止所见#一看就很好拍啊，6大不同风格展区、还有摄影大师现场教学，12月21号一起看展哦！ ​                ", "author": "兔牙Yolanda", "time": "兔牙Yolanda2019年12月20日22:35 来自微博weibo.com", "transmit": " 转发 123", "comment": "评论 134", "zan": " 1337"}, {"text": "\n                    【有机问答】第2期：想买 华为Mate30pro 的同学提问，已经买了的同学回答。过滤云测评经常看到，有同学买手机之前，想咨询一些问题，想知道手机的实际使用感受，但是，很多回答的人并没有真的买那台手机微博有个特点，就是可以看回答人的手机型号小尾巴。所以在这条微博下提问 ​  展开全文c \n                    【有机问答】第2期：想买 华为Mate30pro 的同学提问，已经买了的同学回答。过滤云测评经常看到，有同学买手机之前，想咨询一些问题，想知道手机的实际使用感受，但是，很多回答的人并没有真的买那台手机微博有个特点，就是可以看回答人的手机型号小尾巴。所以在这条微博下提问后，就可以确保得到，真正买了这台手机的人的回答了我先来：请问已经买了 华为Mate30的同学，你们拍过几次月亮🌙 收起全文d\n", "author": "那岩", "time": "那岩2019年12月20日22:08 来自Weibo.intl", "transmit": " 转发 8", "comment": "评论 465", "zan": " 944"}, {"text": "\n                    腾讯给员工发上亿年终奖励被网友骂一天，原因太让人震惊。 近日，腾讯为了庆祝腾讯云完成100亿营收，奖励腾讯云团队一人一部iPhone 11 Pro，网传此次奖励金额将超1亿。原本这就是一个让人酸的员工奖励，没想到全网超半数人都在指责腾讯，为什么不买华为手机，为什么不让员工自己挑手机，更有甚至将这次 ​  展开全文c \n                    腾讯给员工发上亿年终奖励被网友骂一天，原因太让人震惊。 近日，腾讯为了庆祝腾讯云完成100亿营收，奖励腾讯云团队一人一部iPhone 11 Pro，网传此次奖励金额将超1亿。原本这就是一个让人酸的员工奖励，没想到全网超半数人都在指责腾讯，为什么不买华为手机，为什么不让员工自己挑手机，更有甚至将这次奖励推到国家高度，着实惊呆了一众看客。其实腾讯这样做的原因不难猜，1、苹果手机的品牌价值还是很高的，这些年发苹果手机当员工奖励已经是大企业默认的标配，目前把华为当做年终奖励的公司不能说没有，但上新闻的是少之又少。连华为老总都表示自己家人都在用苹果手机，肯定苹果的价值。    2、华为和腾讯同身为深圳企业，两者竞争很激烈，此次福利是发给腾讯云员工，要知道腾讯云和华为云的竞争可是相当激烈，属于竞品公司，于情于理都不可能支持对家的产品。 收起全文d\n", "author": "股市女人", "time": "股市女人2019年12月20日18:12", "transmit": " 转发 193", "comment": "评论 2044", "zan": " 4591"}, {"text": "\n                    萌萌的熊猫宝宝用#华为nova6#5G广角自拍，脸更小噢！#自拍大不一样# ​                ", "author": "华为终端官方微博", "time": "华为终端官方微博2019年12月20日20:45 来自微博weibo.com", "transmit": " 转发 44", "comment": "评论 103", "zan": " 638"}, {"text": "\n                    越冷越想跑的原因是，不想让寒冬小瞧自己！#只管去跑#，#华为WatchGT#2助你开启热炼！【关+转评】华仔抽送华为WatchGT 2运动款一台，可不准再说太冷不跑步啦！L华为终端官方微博的秒拍视频 ​ O抽奖详情 ​                ", "author": "华为商城", "time": "华为商城2019年12月20日15:20 来自微博weibo.com", "transmit": " 转发 816", "comment": "评论 729", "zan": " 263"}, {"text": "\n                    For 华为#新影像不止所见# 🕹地址：上海西岸艺术中心 #2019上海最后一场大展# 2上海·西岸艺术中心 ​                ", "author": "HenrySwift", "time": "HenrySwift2019年12月20日19:43 来自iPhone11ProMax", "transmit": " 转发 10", "comment": "评论 26", "zan": " 232"}, {"text": "\n                    【华为被指虚假宣传：荣耀智慧屏被证实虚假宣传性能3倍】昨天下午，小米Redmi电视经理潘达发布了对华为荣耀智慧屏Pro的拆机和测试视频，证实了荣耀智慧屏Pro音响最大功率只有2*12W，与华为官方宣传的60W性能功率相差了近3倍。并抨击其诚信问题，不应该诡辩。拆机视频中指出，荣耀智慧屏Pro在官方宣传 ​  展开全文c \n                    【华为被指虚假宣传：荣耀智慧屏被证实虚假宣传性能3倍】昨天下午，小米Redmi电视经理潘达发布了对华为荣耀智慧屏Pro的拆机和测试视频，证实了荣耀智慧屏Pro音响最大功率只有2*12W，与华为官方宣传的60W性能功率相差了近3倍。并抨击其诚信问题，不应该诡辩。拆机视频中指出，荣耀智慧屏Pro在官方宣传页面上宣称音响功率为6*10瓦，其总裁也在各媒体和采访中宣传荣耀智慧屏Pro为60W功率。但是经过专业拆机验证，发现其内部仅预置左右两个双通道扬声器，仅是每个扬声器有三个发声单元，其每个扬声器的最大功率也仅有12瓦。你怎么看？ 收起全文d\n", "author": "Sun_刘磊", "time": "Sun_刘磊2019年12月20日13:07", "transmit": " 转发 112", "comment": "评论 769", "zan": " 2760"}, {"text": "\n                    【#华为将超苹果成全球第二#，今年出货量预计达2.3亿部，三星仍为第一】据华为消费者业务CEO余承东透露，华为手机今年全球出货量将达2.3亿部左右，或将超过苹果位列全球手机第二位。三星全球手机出货量或达3.23亿部，仍为全球第一大手机品牌。 华为、三星、苹果，你更看好哪家的未来？ ​                ", "author": "电商在线", "time": "电商在线2019年12月20日19:35 来自购物车里的iPhoneXR", "transmit": " 转发 5", "comment": "评论 70", "zan": " 3450"}, {"text": "\n#华为将超苹果成全球第二# 华为今年很不容易堪称民族之光！我自己用的就是华为！支持国货，从小事做起 ​                ", "author": "百盛説", "time": "百盛説2019年12月20日19:57 来自微博weibo.com", "transmit": " 转发 119", "comment": "评论 91", "zan": " 149"}, {"text": "\n                    肖战OPPO、王一博Redmi、蔡徐坤vivo、易烊千玺华为、手机品牌代言人，你会为谁买？ 选一个？ ​                ", "author": "渠洋", "time": "渠洋2019年12月20日18:29 来自微博weibo.com", "transmit": " 转发 8", "comment": "评论 55", "zan": " 2748"}, {"text": "\nHenryLau刘宪华 #刘宪华新歌可是我爱你# Henry刘宪华为《当你沉睡时》制作并演唱的《It’s You》拿下Spotify年度最佳串流韩国OST第一，并且是连续两年拿到第一，大华 @刘宪华Henry-Lau L闻娱教父的微博视频 ​                ", "author": "闻娱教父", "time": "闻娱教父2019年12月20日15:20 来自HenryLau刘宪华超话", "transmit": " 转发 226", "comment": "评论 331", "zan": " 1952"}, {"text": "\n                    美国的高科技企业，要是还想卖东西给华为的话，就需要向美国商务部递交申请。目前几百份申请递上去了，排队呢！申请审批谁说了算？现在的权限是，一把手负责制，统一由罗斯负责。罗斯是川大爷内阁为数不多的“老人”了，是川大爷的忠仆和忠实盟友。所以，根据美国钱权交易合法化，权力寻租制度化的 ​  展开全文c \n                    美国的高科技企业，要是还想卖东西给华为的话，就需要向美国商务部递交申请。目前几百份申请递上去了，排队呢！申请审批谁说了算？现在的权限是，一把手负责制，统一由罗斯负责。罗斯是川大爷内阁为数不多的“老人”了，是川大爷的忠仆和忠实盟友。所以，根据美国钱权交易合法化，权力寻租制度化的特点，这就是迫使高科技企业明里暗中要做一些有利于川大爷和共和党的事情，这样才能寻个方便。高科技企业以前是民主党的铁钱箱，现在这个局面下，恐怕得让利一点给共和党了。说到底，资本主义的事，嘴上都是主义，心里都是生意。 #AmericaFUCKYEAH# 收起全文d\n", "author": "维稳先锋卡菊轮", "time": "维稳先锋卡菊轮2019年12月20日17:39 来自微博weibo.com", "transmit": " 转发 118", "comment": "评论 50", "zan": " 801"}, {"text": "\n                    【报告：#苹果占手机市场三分之二利润#，三星第二占17%】全球性行业分析公司Counterpoint的数据显示，苹果2019年第三季度攫取了智能手机行业66％的利润；三星排在第二，占行业利润的17％；华为排在第三。2019年第三季度，全球手机整体利润同比下降11％至120亿美元。在十大品牌中，只有三星和华为实现了 ​  展开全文c \n                    【报告：#苹果占手机市场三分之二利润#，三星第二占17%】全球性行业分析公司Counterpoint的数据显示，苹果2019年第三季度攫取了智能手机行业66％的利润；三星排在第二，占行业利润的17％；华为排在第三。2019年第三季度，全球手机整体利润同比下降11％至120亿美元。在十大品牌中，只有三星和华为实现了营收的年增长。@老板联播 L老板联播的微博视频 收起全文d\n", "author": "梨视频", "time": "梨视频2019年12月20日17:54 来自微博weibo.com", "transmit": " 转发 14", "comment": "评论 66", "zan": " 141"}, {"text": "\n                    【深度解析！鸿蒙操作系统有何特别之处？面对部分西方国家施压，“鸿蒙”又应如何突出重围？】It is believed that some Western countries are trying to strangle China's tech companies by banning them from using Windows or Google Play Store this year. This has led to a rapid growth of Ch ​  展开全文c \n                    【深度解析！鸿蒙操作系统有何特别之处？面对部分西方国家施压，“鸿蒙”又应如何突出重围？】It is believed that some Western countries are trying to strangle China's tech companies by banning them from using Windows or Google Play Store this year. This has led to a rapid growth of Chinese replacements of these products, such as open-source Linux and app stores tailored for local needs. Huawei released in August its homegrown operating system, HarmonyOS. But what makes Huawei's HarmonyOS system special and how it manages to break through the West's software lockdown? For more: O网页链接 LCGTN的微博视频 收起全文d\n", "author": "CGTN", "time": "CGTN2019年12月20日15:13 来自科技·视频社区", "transmit": " 转发 50", "comment": "评论 29", "zan": " 154"}, {"text": "\n                    .                         以江山为曲                         歌罢一场盛世繁华                         执年华为笔                         写尽一生风月清雅 海右书香#情感V时代##遇见美好# ​                ", "author": "海右书香", "time": "海右书香2019年12月20日08:01 来自海右书香超话", "transmit": " 转发 37", "comment": "评论 167", "zan": " 114"}, {"text": "\n                    【#华为将超苹果成全球第二#，今年出货量预计达2.3亿部，三星仍为第一】12月20日据华为消费者业务CEO余承东透露，华为手机今年全球出货量将达2.3亿部左右，或将超过苹果位列全球手机第二位。三星全球手机出货量或达3.23亿部，仍为全球第一大手机品牌。2019年前三季度华为全球出货量均超苹果。 ​  展开全文c \n                    【#华为将超苹果成全球第二#，今年出货量预计达2.3亿部，三星仍为第一】12月20日据华为消费者业务CEO余承东透露，华为手机今年全球出货量将达2.3亿部左右，或将超过苹果位列全球手机第二位。三星全球手机出货量或达3.23亿部，仍为全球第一大手机品牌。2019年前三季度华为全球出货量均超苹果。@五环短视频 L五环短视频的微博视频 收起全文d\n", "author": "新浪科技", "time": "新浪科技2019年12月20日19:32 来自手机平板·视频社区", "transmit": " 转发 10", "comment": "评论 108", "zan": " 217"}, {"text": "\n#华为平板MatePad Pro#丹霞橙也太好看了吧，在沉闷的冬季，太需要一抹亮色打破非黑即白的单调。带它出门，走路都带风。更重要的是，有了它，我们可以随时切换生活和工作模式。👩‍💻 2北京·回龙观 ​                ", "author": "山口团子", "time": "山口团子2019年12月20日11:46 来自OnePlus7Pro", "transmit": " 转发 44", "comment": "评论 54", "zan": " 59"}, {"text": "\n#雷军手机屏保#上次开发布会的时候雷军说干翻华为是误解，不过还是要把友商按地上摩擦#为什么让我看这种视频# L黄掌柜007的微博视频 ​                ", "author": "黄掌柜007", "time": "黄掌柜0072019年12月20日18:08 来自人间冰阔落", "transmit": " 转发 32", "comment": "评论 37", "zan": " 308"}, {"text": "\n                    不知道是不是5G双模制式切换太耗电，很多厂商默认开启的是NSA模式。不过有些人嘲讽华为选择SA+NSA双模在开发者选项，结果有的厂商直接暂时屏蔽选项，有的得在拨号盘输代码开启 ​                ", "author": "数码闲聊站", "time": "数码闲聊站2019年12月20日16:53", "transmit": " 转发 12", "comment": "评论 239", "zan": " 2404"}]