[{"text": "\n                    【孟晚舟给家门口的记者们点披萨】据加拿大通讯社13日消息，华为CFO孟晚舟日前在温哥华的家中叫了六份披萨外卖，其中四份是给蹲守在自家门口的记者们点的。据悉，媒体朋友们随后将披萨传递给了沿街一处建筑工地的工人们。据庭审直播记录中显示的保释条件，孟晚舟在保释期间必须待在不列颠哥伦比亚省； ​  展开全文c \n                    【孟晚舟给家门口的记者们点披萨】据加拿大通讯社13日消息，华为CFO孟晚舟日前在温哥华的家中叫了六份披萨外卖，其中四份是给蹲守在自家门口的记者们点的。据悉，媒体朋友们随后将披萨传递给了沿街一处建筑工地的工人们。据庭审直播记录中显示的保释条件，孟晚舟在保释期间必须待在不列颠哥伦比亚省；晚上11点到早上6点必须待在家里，随时能被联系到；由狮门安保公司进行24小时不间断监控。（环球时报） 收起全文d\n", "author": "头条新闻", "time": "头条新闻2018年12月13日17:35 来自微博weibo.com", "transmit": " 转发 40148", "comment": "评论 24954", "zan": " 194414"}, {"text": "\n                    【孟晚舟获保释后视频曝光 寒风中尽显坚强】加拿大不列颠哥伦比亚省高等法院当地时间11日下午作出裁决，批准华为公司首席财务官孟晚舟的保释申请。法院方面表示，孟晚舟是“一个受过良好教育的女商人”，并且“没有任何犯罪记录”，决定批准其保释申请。孟晚舟当天在法庭上否认了美国的指控。（新华社 ​  展开全文c \n                    【孟晚舟获保释后视频曝光 寒风中尽显坚强】加拿大不列颠哥伦比亚省高等法院当地时间11日下午作出裁决，批准华为公司首席财务官孟晚舟的保释申请。法院方面表示，孟晚舟是“一个受过良好教育的女商人”，并且“没有任何犯罪记录”，决定批准其保释申请。孟晚舟当天在法庭上否认了美国的指控。（新华社） L新浪财经的秒拍视频 收起全文d\n", "author": "新浪财经", "time": "新浪财经2018年12月13日08:29 来自秒拍网页版", "transmit": " 转发 2122", "comment": "评论 774", "zan": " 7960"}, {"text": "\n                    【加拿大民众致电中国驻加使馆：为加政府错误行为向中国致歉】12月12日，一位加拿大市民专程来到中国驻加使馆，送来一段他亲手砍伐的云杉木。他说，我是一名伐木工人，对加方日前在温哥华无理拘押中国公民孟晚舟女士感到愤慨。这段云杉木外形酷似象征加拿大的“北极熊”，希望以此表达我对中国人民的友 ​  展开全文c \n                    【加拿大民众致电中国驻加使馆：为加政府错误行为向中国致歉】12月12日，一位加拿大市民专程来到中国驻加使馆，送来一段他亲手砍伐的云杉木。他说，我是一名伐木工人，对加方日前在温哥华无理拘押中国公民孟晚舟女士感到愤慨。这段云杉木外形酷似象征加拿大的“北极熊”，希望以此表达我对中国人民的友好感情。作为一个加拿大人，我为加政府的错误行为向中国人民致歉。连日来，许多富有正义感的加拿大普通民众不断给中国驻加使馆打来电话、发来邮件或在网上发帖，呼吁加政府立即释放孟晚舟女士。#华为CFO孟晚舟被捕#O网页链接 收起全文d\n", "author": "央视新闻", "time": "央视新闻2018年12月13日15:14 来自微博weibo.com", "transmit": " 转发 634", "comment": "评论 715", "zan": " 4083"}, {"text": "\n                    12月17日，#华为nova4#闪耀焦“点”！#千玺在nova星等你#@TFBOYS-易烊千玺http://t.cn/EUiEYH5 ​                ", "author": "华为手机", "time": "华为手机2018年12月13日16:17 来自HUAWEIMate20Pro", "transmit": " 转发 33470", "comment": "评论 2318", "zan": " 15882"}, {"text": "\n                    12月17日，#华为nova4#突破边界，敬请期待！#千玺在nova星等你# @TFBOYS-易烊千玺 L易烊千玺携手nova4点亮未知精彩 ​                ", "author": "华为终端官方微博", "time": "华为终端官方微博2018年12月13日16:00 来自nova4自拍极点全面屏", "transmit": " 转发 47408", "comment": "评论 5012", "zan": " 20198"}, {"text": "\n                    【孟晚舟给家门口的记者们点披萨】据加拿大通讯社13日消息，华为CFO孟晚舟日前在温哥华的家中叫了六份披萨外卖，其中四份是给蹲守在自家门口的记者们点的。据悉，媒体随后将披萨传递给了沿街一处建筑工地的工人们。据庭审直播记录中显示的保释条件，孟晚舟在保释期间必须待在不列颠哥伦比亚省；晚上11 ​  展开全文c \n                    【孟晚舟给家门口的记者们点披萨】据加拿大通讯社13日消息，华为CFO孟晚舟日前在温哥华的家中叫了六份披萨外卖，其中四份是给蹲守在自家门口的记者们点的。据悉，媒体随后将披萨传递给了沿街一处建筑工地的工人们。据庭审直播记录中显示的保释条件，孟晚舟在保释期间必须待在不列颠哥伦比亚省；晚上11点到早上6点必须待在家里，随时能被联系到；由狮门安保公司进行24小时不间断监控。（环球时报） 收起全文d\n", "author": "Vista看天下", "time": "Vista看天下2018年12月13日19:55 来自iPhone客户端", "transmit": " 转发 74", "comment": "评论 147", "zan": " 458"}, {"text": "\n                    【逆袭！“双12”华为手机销量超iPhone】天猫13日晚公布的“双12”手机销售榜单显示，华为手机和荣耀手机分别获得了品牌销售金额、品牌销售件数第一名。在单品销售上，销售金额桂冠由华为Mate20Pro摘得，荣耀8X则勇夺销售件数第一。而在“双11”，苹果位于品牌销售金额、单品销售金额、单品销售件数等 ​  展开全文c \n                    【逆袭！“双12”华为手机销量超iPhone】天猫13日晚公布的“双12”手机销售榜单显示，华为手机和荣耀手机分别获得了品牌销售金额、品牌销售件数第一名。在单品销售上，销售金额桂冠由华为Mate20Pro摘得，荣耀8X则勇夺销售件数第一。而在“双11”，苹果位于品牌销售金额、单品销售金额、单品销售件数等多项数据的榜首。你准备买新手机吗，买哪款国产手机？ （谢艺观） 收起全文d\n", "author": "中国新闻网", "time": "中国新闻网2018年12月13日19:27 来自专业版微博", "transmit": " 转发 87", "comment": "评论 407", "zan": " 714"}, {"text": "\n#先生推荐# 不只有引领朝流的时尚范，还是360°无死角的实力派，nova星人@TFBOYS-易烊千玺 携#华为nova4# 蜜语红，带你品尝红之热烈，粉之甜蜜。更多关于nova4的惊喜，12月17日敬请期待~L时尚先生ESQ的秒拍视频 ​                ", "author": "时尚先生Esquire", "time": "时尚先生Esquire2018年12月13日16:01 来自专业版微博", "transmit": " 转发 19478", "comment": "评论 835", "zan": " 6432"}, {"text": "\n                    想要绽放光彩，必须足够出彩；只有触碰极“点”，才能成为焦点！#华为nova4#12月17日，#千玺在nova星等你#！@TFBOYS-易烊千玺 L华为终端官方微博的秒拍视频 ​                ", "author": "华为商城", "time": "华为商城2018年12月13日18:12 来自HUAWEInova3", "transmit": " 转发 25278", "comment": "评论 921", "zan": " 4839"}, {"text": "\n                    【华为产品线负责人：5G时代下用手机不考虑流量、开汽车永不碰撞】在2018全球物联网峰会上，华为5G产品线副总裁杜叶青谈到了最新的行业发展趋势。他表示，5G时代即将到来，华为已经可以为公众提供5G的商用版本。在5G时代，手机流量随意用，无人驾驶的节能车队也会出现。5G时代，安装了相关设备的汽车， ​  展开全文c \n                    【华为产品线负责人：5G时代下用手机不考虑流量、开汽车永不碰撞】在2018全球物联网峰会上，华为5G产品线副总裁杜叶青谈到了最新的行业发展趋势。他表示，5G时代即将到来，华为已经可以为公众提供5G的商用版本。在5G时代，手机流量随意用，无人驾驶的节能车队也会出现。5G时代，安装了相关设备的汽车，开车时是不会发生碰撞的。@究竟视频 L究竟视频的秒拍视频 收起全文d\n", "author": "新浪财经", "time": "新浪财经2018年12月13日15:43 来自专业版微博", "transmit": " 转发 200", "comment": "评论 300", "zan": " 467"}, {"text": "\n                    【孟晚舟获保释后视频曝光】加拿大不列颠哥伦比亚省高等法院当地时间11日下午作出裁决，批准华为公司首席财务官孟晚舟的保释申请。法院方面表示，孟晚舟是“一个受过良好教育的女商人”，并且“没有任何犯罪记录”，决定批准其保释申请。孟晚舟当天在法庭上否认了美国的指控。（新华社）  ​  展开全文c \n                    【孟晚舟获保释后视频曝光】加拿大不列颠哥伦比亚省高等法院当地时间11日下午作出裁决，批准华为公司首席财务官孟晚舟的保释申请。法院方面表示，孟晚舟是“一个受过良好教育的女商人”，并且“没有任何犯罪记录”，决定批准其保释申请。孟晚舟当天在法庭上否认了美国的指控。（新华社） L新浪财经的秒拍视频 收起全文d\n", "author": "Vista看天下", "time": "Vista看天下2018年12月13日08:45 来自iPhone客户端", "transmit": " 转发 44", "comment": "评论 202", "zan": " 398"}, {"text": "\n                    任正非谈华为和苹果的差距，这才是一个企业家该有的风范#孟晚舟给家门口记者们点披萨# L逗你玩系列的秒拍视频 ​                ", "author": "大河南阳", "time": "大河南阳2018年12月13日21:19 来自微博云剪", "transmit": " 转发 960", "comment": "评论 297", "zan": " 3479"}, {"text": "\n                    【#孟晚舟给家门口的记者们点披萨#】据加拿大通讯社13日消息，华为CFO孟晚舟日前在温哥华的家中叫了六份披萨外卖，其中四份是给蹲守在自家门口的记者们点的。据悉，媒体随后将披萨传递给了沿街一处建筑工地的工人们。据庭审直播记录中显示的保释条件，孟晚舟在保释期间必须待在不列颠哥伦比亚省；晚上1 ​  展开全文c \n                    【#孟晚舟给家门口的记者们点披萨#】据加拿大通讯社13日消息，华为CFO孟晚舟日前在温哥华的家中叫了六份披萨外卖，其中四份是给蹲守在自家门口的记者们点的。据悉，媒体随后将披萨传递给了沿街一处建筑工地的工人们。据庭审直播记录中显示的保释条件，孟晚舟在保释期间必须待在不列颠哥伦比亚省；晚上11点到早上6点必须待在家里，随时能被联系到；由狮门安保公司进行24小时不间断监控。（环球时报） 收起全文d\n", "author": "中国日报", "time": "中国日报2018年12月13日22:04 来自微博weibo.com", "transmit": " 转发 34", "comment": "评论 70", "zan": " 242"}, {"text": "\n                    【孟晚舟获保释后视频曝光 寒风中尽显坚强】加拿大不列颠哥伦比亚省高等法院当地时间11日下午作出裁决，批准华为公司首席财务官孟晚舟的保释申请。法院方面表示，孟晚舟是“一个受过良好教育的女商人”，并且“没有任何犯罪记录”，决定批准其保释申请。孟晚舟当天在法庭上否认了美国的指控。 ​  展开全文c \n                    【孟晚舟获保释后视频曝光 寒风中尽显坚强】加拿大不列颠哥伦比亚省高等法院当地时间11日下午作出裁决，批准华为公司首席财务官孟晚舟的保释申请。法院方面表示，孟晚舟是“一个受过良好教育的女商人”，并且“没有任何犯罪记录”，决定批准其保释申请。孟晚舟当天在法庭上否认了美国的指控。L新浪财经的秒拍视频（新华社） 收起全文d\n", "author": "新浪新闻客户端", "time": "新浪新闻客户端2018年12月13日09:32 来自专业版微博平台", "transmit": " 转发 22", "comment": "评论 80", "zan": " 230"}, {"text": "\n#创事记#【任正非内部讲话：不被西方国家认同 因为做得还不够好】讲话的内容让人惊叹，横贯东西，纵跨古今，视野之开阔，思想之深邃，以极其宽广的胸怀去审视东西文明的差异，并从中找到适用于自己的方法论。不过，从任正非的讲话，对@华为中国 的未来增加了一份信心。O任正非内部讲话曝光 ​                ", "author": "新浪科技", "time": "新浪科技2018年12月13日18:56 来自微博weibo.com", "transmit": " 转发 146", "comment": "评论 130", "zan": " 223"}, {"text": "\n                    光影交织流动，霓虹斑驳闪耀。#华为nova4#星耀版·蜜语红，12月17日，为你而来。 ​                ", "author": "华为终端官方微博", "time": "华为终端官方微博2018年12月13日14:03 来自nova4自拍极点全面屏", "transmit": " 转发 20242", "comment": "评论 1241", "zan": " 4901"}, {"text": "\n#5G来了#【华为5G产品线副总裁：5G时代会让大家用上不限量套餐】华为5G产品线副总裁杜叶青表示，华为大概明年6月推出#5G# 手机，而5G商用整体进程最终由运营商决定。他还表示，未来的5G时代会让大家用上不限量套餐，不用再担心流量和速度。O华为5G产品线副总裁：5G时代会让大家用上不限量套餐 @究竟视频 L究竟视频的秒拍视频 ​                ", "author": "新浪科技", "time": "新浪科技2018年12月13日16:21 来自微博weibo.com", "transmit": " 转发 136", "comment": "评论 191", "zan": " 568"}, {"text": "\n华为您好，昨天的事，今天就别难过了。明天的事，今天也不用担心⋯⋯不管做事，还是做人，我们都要把腰杆挺直！ ​                ", "author": "wu2198", "time": "wu21982018年12月13日17:39", "transmit": " 转发 28", "comment": "评论 153", "zan": " 3437"}, {"text": "\n#孟晚舟给家门口记者们点披萨# 1. 展示中国人的非凡气度，给中国人国际形象加分。 2.获得记者和大众的同情心。3.无形中为华为品牌增加了美誉度。  孟晚舟事件我一直认为危中有机，处理好了可是省了无数的公关费和广告费呀。希望孟晚舟保持好的心态，中国必胜！ ​                ", "author": "AC饶谨", "time": "AC饶谨2018年12月13日23:16 来自HUAWEIP20", "transmit": " 转发 26", "comment": "评论 19", "zan": " 655"}, {"text": "\n                    封杀华为的第10天，11个国家网络瘫痪 ! ​                ", "author": "我们都爱看科普", "time": "我们都爱看科普2018年12月13日09:05 来自微博weibo.com", "transmit": " 转发 119", "comment": "评论 81", "zan": " 429"}, {"text": "\n                    封杀华为的第10天，11个国家网络瘫痪 ! ​​​                ", "author": "娱小读同学", "time": "娱小读同学2018年12月13日11:08 来自iPhone6s", "transmit": " 转发 861", "comment": "评论 196", "zan": " 399"}, {"text": "\n#微话华为#【华为的Logo俺喜欢，您呢？】华为，为华，大有作为。如果您喜欢华为的Logo，那就请您转一下，评一下，点个赞再走，好吗？ ​                ", "author": "陈里", "time": "陈里2018年12月13日11:20", "transmit": " 转发 222", "comment": "评论 340", "zan": " 1264"}, {"text": "\n易烊千玺#明星过冬越来越认真# 冬天到了，要裹紧你的小棉袄，多穿点易烊千玺 四字 四字弟弟  yyqx唱歌 yyqx跳舞 帅 好看 好听 szdd 四字 四字好看 四字帅 四字唱歌好听 yyqx 华为 yyqx 中戏 yyqx 双料第一 yyqx 帅 yyqx 可爱#Don't Tie Me Down-TFBOYS-易烊千玺# ​  展开全文c \n易烊千玺#明星过冬越来越认真# 冬天到了，要裹紧你的小棉袄，多穿点易烊千玺 四字 四字弟弟  yyqx唱歌 yyqx跳舞 帅 好看 好听 szdd 四字 四字好看 四字帅 四字唱歌好听 yyqx 华为 yyqx 中戏 yyqx 双料第一 yyqx 帅 yyqx 可爱KDon't Tie Me Down-TFBOYS-易烊千玺@TFBOYS-易烊千玺图cr. 收起全文d\n", "author": "盐盐气息", "time": "盐盐气息2018年12月13日17:24 来自易烊千玺超话", "transmit": " 转发 30", "comment": "评论 41", "zan": " 241"}, {"text": "\n                    霓虹斑驳，光影交织。12月17日，#华为nova4#星耀版·蜜语红，为你而来！ ​                ", "author": "华为商城", "time": "华为商城2018年12月13日16:10 来自HUAWEInova3", "transmit": " 转发 12735", "comment": "评论 338", "zan": " 1289"}, {"text": "\n                    一组用华为Mate20 pro手机拍摄的上师大校园@上海师范大学 @华为手机 ​                ", "author": "-阿亮学长-", "time": "-阿亮学长-2018年12月13日16:12 来自iPhone客户端", "transmit": " 转发 135", "comment": "评论 63", "zan": " 291"}, {"text": "\n#加拿大民众向中国致歉#美国不管欧盟德国法国感受，退出奥巴马总统签署的伊核协议，然后说中国企业华为与伊朗有业务往来是违法，让加拿大抓捕中国公民孟晚舟。加拿大替美国出头做法后果严重。也让一些加拿大人看不下去。一名伐木工扛着一段造型木，找到中国大使馆，向中国表示歉意。孟晚舟是受害者，加 ​  展开全文c \n#加拿大民众向中国致歉#美国不管欧盟德国法国感受，退出奥巴马总统签署的伊核协议，然后说中国企业华为与伊朗有业务往来是违法，让加拿大抓捕中国公民孟晚舟。加拿大替美国出头做法后果严重。也让一些加拿大人看不下去。一名伐木工扛着一段造型木，找到中国大使馆，向中国表示歉意。孟晚舟是受害者，加拿大同样有人吃亏。现在，已经有两个加拿大人因为违反中国法律被抓了。不排除以后还有加拿大人犯法被抓。孟晚舟在加拿大遭罪，两个加拿大人在中国失去自由，其家人同样开始了担惊受怕的日子。在这个问题上，挑事儿的是加拿大政府，吃亏的是两名加拿大公民。如果不主动让步，加拿大跟中国掰腕子，占不到便宜。 收起全文d\n", "author": "张冶0003", "time": "张冶00032018年12月13日12:26 来自vivo全新水滴屏手机", "transmit": " 转发 17", "comment": "评论 274", "zan": " 663"}, {"text": "\n                    【加拿大民众致电中国驻加使馆：为加政府错误行为向中国致歉】12月12日，一位加拿大市民专程来到中国驻加使馆，送来一段他亲手砍伐的云杉木。他说，我是一名伐木工人，对加方日前在温哥华无理拘押中国公民孟晚舟女士感到愤慨。这段云杉木外形酷似象征加拿大的“北极熊”，希望以此表达我对中国人民的友 ​  展开全文c \n                    【加拿大民众致电中国驻加使馆：为加政府错误行为向中国致歉】12月12日，一位加拿大市民专程来到中国驻加使馆，送来一段他亲手砍伐的云杉木。他说，我是一名伐木工人，对加方日前在温哥华无理拘押中国公民孟晚舟女士感到愤慨。这段云杉木外形酷似象征加拿大的“北极熊”，希望以此表达我对中国人民的友好感情。作为一个加拿大人，我为加政府的错误行为向中国人民致歉。连日来，许多富有正义感的加拿大普通民众不断给中国驻加使馆打来电话、发来邮件或在网上发帖，呼吁加政府立即释放孟晚舟女士。#华为CFO孟晚舟被捕#O网页链接（@央视新闻 ） 收起全文d\n", "author": "中国之声", "time": "中国之声2018年12月13日15:32 来自Android", "transmit": " 转发 20", "comment": "评论 28", "zan": " 106"}, {"text": "\n                    铭记历史，振兴中华，华为加油，中国必胜！🙏🙏🙏🙏 ​                ", "author": "wu2198", "time": "wu21982018年12月13日09:17", "transmit": " 转发 11", "comment": "评论 63", "zan": " 2039"}, {"text": "\n                    香港立法会叶刘淑仪:我不会呼吁市民购买华为手机，但我会把自己的手机换成华为，以支持这间公司 L大公報-大公網的秒拍视频 ​                ", "author": "TheLancet-Vivian", "time": "TheLancet-Vivian2018年12月13日00:36 来自言己iPhoneXSMax", "transmit": " 转发 33", "comment": "评论 24", "zan": " 469"}, {"text": "\n#孟晚舟给家门口记者们点披萨#等着吧，加拿大政府这几天估计会找中国谈了。两个违反中国法律的加拿大人，成了愚蠢加拿大政府的倒霉蛋。中国公知普遍不喜欢华为和孟晚舟。区分什么人是中国公知，很简单。对美国退出伊核协议，找借口抓孟晚舟一事兴高采烈，对中国抓捕两名加拿大违法者愤愤不平的就是中国 ​  展开全文c \n#孟晚舟给家门口记者们点披萨#等着吧，加拿大政府这几天估计会找中国谈了。两个违反中国法律的加拿大人，成了愚蠢加拿大政府的倒霉蛋。中国公知普遍不喜欢华为和孟晚舟。区分什么人是中国公知，很简单。对美国退出伊核协议，找借口抓孟晚舟一事兴高采烈，对中国抓捕两名加拿大违法者愤愤不平的就是中国公知。 收起全文d\n", "author": "张冶0003", "time": "张冶00032018年12月13日20:06 来自vivo全新水滴屏手机", "transmit": " 转发 82", "comment": "评论 333", "zan": " 985"}]