[{"text": "\n                    【公司规定#用苹果产品每月扣500元#工资，买国产电子产品补贴一半的钱】近日，安徽阜阳一公司下发通知，员工使用苹果电子产品，每月工资扣除500元，凡新购华为电子产品，均按照实际购买价的50%进行补贴。律师说，虽然有爱国引导作用，但用什么是员工的自由。对该公司的规定，部分网友质疑其 ​  展开全文c \n                    【公司规定#用苹果产品每月扣500元#工资，买国产电子产品补贴一半的钱】近日，安徽阜阳一公司下发通知，员工使用苹果电子产品，每月工资扣除500元，凡新购华为电子产品，均按照实际购买价的50%进行补贴。律师说，虽然有爱国引导作用，但用什么是员工的自由。对该公司的规定，部分网友质疑其炒作。L一手video的秒拍视频 收起全文d\n", "author": "头条新闻", "time": "头条新闻2018年12月14日13:06 来自微博weibo.com", "transmit": " 转发 876", "comment": "评论 8474", "zan": " 4195"}, {"text": "\n                    触碰极点，成为焦点，12月17日，#华为nova4#@TFBOYS-易烊千玺 与你不见不散！#千玺在nova星等你# L华为终端官方微博的秒拍视频 ​                ", "author": "余承东", "time": "余承东2018年12月14日20:16 来自千玺在nova星等你超话", "transmit": " 转发 20785", "comment": "评论 5898", "zan": " 8525"}, {"text": "\n                    原来华为的logo是这个意思:切苹果 ​                ", "author": "李晓鹏1982", "time": "李晓鹏19822018年12月14日10:25 来自HUAWEIMate9Pro", "transmit": " 转发 4062", "comment": "评论 4453", "zan": " 68456"}, {"text": "\n                    【日本软银决定弃用华为4G设备】据《日本经济新闻》13日报道，日本移动通信运营商之一的软银决定逐步更换华为4G基站设备，转向瑞典爱立信和芬兰诺基亚等公司。软银是日本唯一采用华为、中兴通讯基站的日本通讯商。相应地，其在明年开始建设的5G基站也计划向前述北欧公司订货。 《联合早报》14日报道称 ​  展开全文c \n                    【日本软银决定弃用华为4G设备】据《日本经济新闻》13日报道，日本移动通信运营商之一的软银决定逐步更换华为4G基站设备，转向瑞典爱立信和芬兰诺基亚等公司。软银是日本唯一采用华为、中兴通讯基站的日本通讯商。相应地，其在明年开始建设的5G基站也计划向前述北欧公司订货。 《联合早报》14日报道称，华为已暂停从一家日本供应商购买器材。（观察者网）O日本软银决定弃用华为4G设备 改用爱立信诺基亚 收起全文d\n", "author": "环球时报", "time": "环球时报2018年12月14日17:30 来自微博weibo.com", "transmit": " 转发 561", "comment": "评论 2597", "zan": " 2545"}, {"text": "\n                    保时捷赛道、高尔夫球场、露天电影院……#华为Mate20#系列进入微观世界，来了一场奇妙探秘！ 你觉得TA还可以化身成什么？一起来开开脑洞 ​                ", "author": "余承东", "time": "余承东2018年12月14日20:44 来自华为Mate20保时捷设计", "transmit": " 转发 134", "comment": "评论 227", "zan": " 1051"}, {"text": "\n                    【公司规定#用苹果产品每月扣500#工资，买国产电子产品补贴一半的钱】近日，安徽阜阳一公司下发通知，员工使用苹果电子产品，每月工资扣除500元，凡新购华为电子产品，均按照实际购买价的50%进行补贴。律师说，虽然有爱国引导作用，但用什么是员工的自由。对该公司的规定，部分网友质疑其炒 ​  展开全文c \n                    【公司规定#用苹果产品每月扣500#工资，买国产电子产品补贴一半的钱】近日，安徽阜阳一公司下发通知，员工使用苹果电子产品，每月工资扣除500元，凡新购华为电子产品，均按照实际购买价的50%进行补贴。律师说，虽然有爱国引导作用，但用什么是员工的自由。对该公司的规定，部分网友质疑其炒作。L一手video的秒拍视频 收起全文d\n", "author": "环球网", "time": "环球网2018年12月14日13:40", "transmit": " 转发 111", "comment": "评论 1161", "zan": " 700"}, {"text": "\n                    【受孟晚舟事件影响  #加拿大鹅取消中国内地店开业#】受华为创始人女儿孟晚舟事件影响，有投资者担心中国消费者未来或会对加拿大的品牌产生不满情绪，甚至发起抵制活动，上周四纽约股票交易所上市公司加拿大鹅（GOOS.US）的股价暴跌8.44%，周五收盘则下挫6.64%，本周二进一步下跌1.25%，近4个交易日市 ​  展开全文c \n                    【受孟晚舟事件影响  #加拿大鹅取消中国内地店开业#】受华为创始人女儿孟晚舟事件影响，有投资者担心中国消费者未来或会对加拿大的品牌产生不满情绪，甚至发起抵制活动，上周四纽约股票交易所上市公司加拿大鹅（GOOS.US）的股价暴跌8.44%，周五收盘则下挫6.64%，本周二进一步下跌1.25%，近4个交易日市值共蒸发15亿美元超过100亿人民币。O受孟晚舟事件影响 加拿大鹅取消明天中国内地店开业 收起全文d\n", "author": "新浪财经", "time": "新浪财经2018年12月14日20:37 来自微博weibo.com", "transmit": " 转发 161", "comment": "评论 164", "zan": " 486"}, {"text": "\n                    简单一“点”、极净一“点”、奇妙一“点” ，#华为nova4# ，惊喜不止一点点。L华为终端官方微博的秒拍视频 ​​​                ", "author": "余承东", "time": "余承东2018年12月14日21:58 来自华为Mate20保时捷设计", "transmit": " 转发 176", "comment": "评论 241", "zan": " 1323"}, {"text": "\n                    【任正非谈华为与苹果差距：苹果本质上是软件公司】2015年，华为创始人、总裁任正非接受采访时坦承，虽然外观、质量上有不少人喜欢华为，但与苹果还有差距，苹果本质上是软件公司，华为是硬件公司，性质不同……L老板联播的秒拍视频 ​                ", "author": "新浪科技", "time": "新浪科技2018年12月14日22:00 来自微博weibo.com", "transmit": " 转发 196", "comment": "评论 455", "zan": " 285"}, {"text": "\n#张老师课堂# 今天入手华为mate20pro还有一款高端大气上档次的手表，分分钟感觉人生到了巅峰！！！我觉得十分有必要下次抽奖的时候送这个华为手表！！还有这个背面三个摄像头的手机！你们想要不？？？？ ​                ", "author": "张雪峰老师", "time": "张雪峰老师2018年12月14日13:08 来自HUAWEIMate20Pro", "transmit": " 转发 31", "comment": "评论 521", "zan": " 1656"}, {"text": "\n                    【公司规定#用苹果产品每月扣500元#工资，买国产电子产品补贴一半的钱】近日，安徽阜阳一公司下发通知，员工使用苹果电子产品，每月工资扣除500元，凡新购华为电子产品，均按照实际购买价的50%进行补贴。律师说，虽然有爱国引导作用，但用什么是员工的自由。@一手Video L一手video的秒拍视频 ​                ", "author": "Vista看天下", "time": "Vista看天下2018年12月14日13:30 来自微博weibo.com", "transmit": " 转发 94", "comment": "评论 369", "zan": " 135"}, {"text": "\n                    【受孟晚舟事件影响 #加拿大鹅内地开业取消#】受华为创始人女儿孟晚舟被捕影响，奢侈羽绒品牌加拿大鹅不仅股价大跌，且原本定于明日在北京开业的中国内地首家店也暂停开业。时尚商业快讯援引业内消息人士证实了上述消息。截至昨日股市收盘，加拿大鹅股价继续暴跌，市值已经跌破60亿美元via.澎湃新闻  ​  展开全文c \n                    【受孟晚舟事件影响 #加拿大鹅内地开业取消#】受华为创始人女儿孟晚舟被捕影响，奢侈羽绒品牌加拿大鹅不仅股价大跌，且原本定于明日在北京开业的中国内地首家店也暂停开业。时尚商业快讯援引业内消息人士证实了上述消息。截至昨日股市收盘，加拿大鹅股价继续暴跌，市值已经跌破60亿美元via.澎湃新闻 O受孟晚舟事件影响 加拿大鹅取消明天中国内地店开业 收起全文d\n", "author": "凤凰周刊", "time": "凤凰周刊2018年12月14日21:07 来自iPhoneX", "transmit": " 转发 211", "comment": "评论 565", "zan": " 825"}, {"text": "\n                    【获准保释第二天 华为CFO孟晚舟出门了】当地时间13日，在获准保释第二天，华为CFO孟晚舟在一名安保人员陪同下出门了。根据保释规定，孟晚舟可以在限定的范围内，包括温哥华、本拿比、列治文、北岸等活动。 ​                ", "author": "凤凰网", "time": "凤凰网2018年12月14日10:26 来自微博weibo.com", "transmit": " 转发 55", "comment": "评论 141", "zan": " 267"}, {"text": "\n                    【炒作？某公司规定#用苹果产品每月扣500工资#，买国产电子产品补贴一半的钱】近日，安徽阜阳一公司下发通知，员工使用苹果电子产品，每月工资扣除500元，凡新购华为电子产品，均按照实际购买价的50%进行补贴。律师说，虽然有爱国引导作用，但用什么是员工的自由。对该公司的规定，部分网友 ​  展开全文c \n                    【炒作？某公司规定#用苹果产品每月扣500工资#，买国产电子产品补贴一半的钱】近日，安徽阜阳一公司下发通知，员工使用苹果电子产品，每月工资扣除500元，凡新购华为电子产品，均按照实际购买价的50%进行补贴。律师说，虽然有爱国引导作用，但用什么是员工的自由。对该公司的规定，部分网友质疑其炒作。@一手Video L一手video的秒拍视频 收起全文d\n", "author": "新浪财经", "time": "新浪财经2018年12月14日13:08 来自微博weibo.com", "transmit": " 转发 77", "comment": "评论 478", "zan": " 121"}, {"text": "\n                    【公司规定：#用苹果产品每月扣500#工资 这买国产电子产品补贴一半的钱】近日，安徽阜阳一公司下发通知，员工使用苹果电子产品，每月工资扣除500元，凡新购华为电子产品，均按照实际购买价的50%进行补贴。网友质疑该公司的规定为炒作，对此你啥看法？O用苹果产品每月扣500元  买国产电子有产品补贴 ​                ", "author": "新浪新闻", "time": "新浪新闻2018年12月14日13:54 来自专业版微博平台", "transmit": " 转发 104", "comment": "评论 478", "zan": " 502"}, {"text": "\n#华为Mate20#系列的奇幻旅程，一场童话冒险就此展开：冬日里露营垂钓，飞舞冰上世界；黑夜中露天观影，逐梦宇宙世界...[米奇比心]关注+带话题#华为Mate20#转发微博说说假如变身小人，你最想去图中的____冒险，由@微博抽奖平台 随机抽送华为运动蓝牙耳机 5个。 [广告] ​                ", "author": "华为终端公司", "time": "华为终端公司2018年12月14日18:05 来自微博weibo.com", "transmit": " 转发 682", "comment": "评论 672", "zan": " 590"}, {"text": "\n易烊千玺#千玺在nova星等你# 12月17日！易烊千玺华为首发极点屏手机给你想看的@TFBOYS-易烊千玺 表情包产出@鹤国皮酱刘女士 ​                ", "author": "Duidui_wifi", "time": "Duidui_wifi2018年12月14日10:06 来自易烊千玺超话", "transmit": " 转发 121", "comment": "评论 38", "zan": " 635"}, {"text": "\n                    【炒作？某公司规定#用苹果产品每月扣500工资#，买国产电子产品补贴一半的钱】近日，安徽阜阳一公司下发通知，员工使用苹果电子产品，每月工资扣除500元，凡新购华为电子产品，均按照实际购买价的50%进行补贴。律师说，虽然有爱国引导作用，但用什么是员工的自由。对该公司的规定，部分网友 ​  展开全文c \n                    【炒作？某公司规定#用苹果产品每月扣500工资#，买国产电子产品补贴一半的钱】近日，安徽阜阳一公司下发通知，员工使用苹果电子产品，每月工资扣除500元，凡新购华为电子产品，均按照实际购买价的50%进行补贴。律师说，虽然有爱国引导作用，但用什么是员工的自由。对该公司的规定，部分网友质疑其炒作。@一手Video L一手video的秒拍视频 收起全文d\n", "author": "梨视频", "time": "梨视频2018年12月14日12:32 来自微博weibo.com", "transmit": " 转发 56", "comment": "评论 265", "zan": " 193"}, {"text": "\n#夜读#【“离开华为三年，我才真正意识到狼性文化的可贵”】华为掌门人任正非曾说，烧不死的鸟就是凤凰。就我目前接触的数百名离职华为人来说，提到华为，他们最高频的一个词，是感谢。因为华为的狼性文化，深刻塑造了前华为人坚韧拼搏、永不言败的奋斗精神。这种精神，令他们能在新领域披荆斩棘，无往 ​  展开全文c \n#夜读#【“离开华为三年，我才真正意识到狼性文化的可贵”】华为掌门人任正非曾说，烧不死的鸟就是凤凰。就我目前接触的数百名离职华为人来说，提到华为，他们最高频的一个词，是感谢。因为华为的狼性文化，深刻塑造了前华为人坚韧拼搏、永不言败的奋斗精神。这种精神，令他们能在新领域披荆斩棘，无往不利。所以，这些涅槃重生的凤凰的感谢，发自肺腑。O【夜读】“离开华为三年，我才真正意识到狼性文化的可贵” 收起全文d\n", "author": "21世纪经济报道", "time": "21世纪经济报道2018年12月14日21:43 来自微博weibo.com", "transmit": " 转发 119", "comment": "评论 ", "zan": " 152"}, {"text": "\n#华为nova4#帅到极“点”，12月17日，敬请期待！#千玺在nova星等你# @TFBOYS-易烊千玺 L易烊千玺携手nova4点亮未知精彩 ​                ", "author": "华为终端公司", "time": "华为终端公司2018年12月14日10:00 来自HUAWEIMate20X", "transmit": " 转发 27823", "comment": "评论 932", "zan": " 3356"}, {"text": "\n                    千万不要买华为，买了以后好几年换不了新手机！#电影# L电影主的秒拍视频 ​                ", "author": "影视生", "time": "影视生2018年12月14日08:03 来自微博视频", "transmit": " 转发 66", "comment": "评论 80", "zan": " 682"}, {"text": "\n#日本软银弃用华为4G设备# 其实目前针对华为的围剿是中兴案后的延续，说实话，从一开始美国的目标就是华为，中兴只不过是前哨战。斥候探路，结果没想到灭了对方的前锋营。胜利喜悦之余，当然想乘胜追击，扩大战果。而日本，澳大利亚，法国，加拿大之流，也只是他人棋盘上的子而已。它们的所作所为 ​  展开全文c \n#日本软银弃用华为4G设备# 其实目前针对华为的围剿是中兴案后的延续，说实话，从一开始美国的目标就是华为，中兴只不过是前哨战。斥候探路，结果没想到灭了对方的前锋营。胜利喜悦之余，当然想乘胜追击，扩大战果。而日本，澳大利亚，法国，加拿大之流，也只是他人棋盘上的子而已。它们的所作所为其实并不必放在心上，放眼当今天下，唯有中国和美国打架，地球才会抖三抖。你说它们这一串国家，看上去像模像样，其实都不是时代发展的主流了。现在的问题是，美国直捣中军，前哨战中兴新败，目前华为虽然没有受到什么致命打击。但我总觉得，孟晚舟被捕事件只是一个插曲，用来转移大家的视线，所谓明修栈道，暗度陈仓，背地里有些什么盘算我们不得而知，才是最危险的。单纯的防守肯定无法持久面对如此强大的敌人，所以，首先我们要找到一个桥头堡，稳住阵脚，不能被一波节奏带走。稳固防守之后，就是要反击！没有反击的防守，是被人轻视的，是没有活路的。适当的时候，假装自己落入险境，还能看一下谁是真朋友，谁是真敌人。日本软银弃用华为又怎么样，它们敢弃用驻日美军吗？所以啊，日本翻不了天。华为要做到的就是自我的强大，前进的脚步不停止，商业社会，谁的技术好，谁的成本低，才是王道。要恢复采购，也只是一句话的事，不是吗？所以，现在重中之重是破局中美贸易争端，目前看来，我们还是在守势，反击的痛点还没找到，应该多点耐心。 收起全文d\n", "author": "杰森斯坦森印", "time": "杰森斯坦森印2018年12月14日19:44 来自微博weibo.com", "transmit": " 转发 203", "comment": "评论 360", "zan": " 2681"}, {"text": "\n华为老总任正非的那篇关于西方文明的文章大家应该都看过了。任总对于西方文明真的是爱戴崇仰啊，以至于有些盲目，犯了不少常识性错误。有人说，对于西方文明的信仰就是华为成功的原因，这个我信：（1）我们确实有很多东西需要向西方学习（2）站在矮檐下，不得不低头，盲目信仰西方，会帮助你逆来顺受， ​  展开全文c \n华为老总任正非的那篇关于西方文明的文章大家应该都看过了。任总对于西方文明真的是爱戴崇仰啊，以至于有些盲目，犯了不少常识性错误。有人说，对于西方文明的信仰就是华为成功的原因，这个我信：（1）我们确实有很多东西需要向西方学习（2）站在矮檐下，不得不低头，盲目信仰西方，会帮助你逆来顺受，心理上安然，有利于生意的成功。这是实际情况，我绝没有讽刺的意思。然而，就仅仅是因为他太成功了，西方人把他女儿抓起来了。而且，这还不算完，中国的公公带路党们，一方面利用他的这篇文章大力兜售逆向种族主义，另一方面，对于他的女儿极尽嘲弄诋毁造谣之能事，大量P图，手段之下流，叹为观止！这一切，只是因为他们的西方主子跟任总翻了脸，这一切，能说是没有组织的吗？这，也是西方文明的一部分！我想，任总是一个智商绝对够用的人，据说少年时也是一个学霸。他到今天的这个心路历程，估计会是令人唏嘘的。我在一篇头条文章中说了，这种心路历程，其实是中国人的心路历程的一个缩影。太祖在《论人民民主专政》一文中说：“帝国主义的侵略打破了中国人学西方的迷梦。很奇怪，为什么先生老是侵略学生呢？中国人向西方学得很不少，但是行不通，理想总是不能实现。”这是当时的中国人的心路历程。改革开放以来，已经四十年，中国人，至少是一些还没有忘记尊严为何物的中国人，又经历了一个类似的心路历程。过去已经成为历史，未来正在我们脚下展开，一个新的文明喷薄欲出…… 收起全文d\n", "author": "王小东", "time": "王小东2018年12月14日11:18 来自隔壁老王Android", "transmit": " 转发 317", "comment": "评论 153", "zan": " 271"}, {"text": "\n#tokyotube#《日本街头采访：日本民众如何看待华为？》LTokyotube甜甜的秒拍视频 ​                ", "author": "我是你的甜甜啊", "time": "我是你的甜甜啊2018年12月14日16:31 来自iPhoneX", "transmit": " 转发 149", "comment": "评论 674", "zan": " 1219"}, {"text": "\n                    【日本通信运营商软银决定弃用华为4G设备】据日本经济新闻13日报道，日本移动通信运营商软银决定逐步更换华为4G基站设备，转向爱立信和诺基亚等公司。2019年开始建设的5G也计划向前述北欧公司订货。报道称，这项决定的背景是日本政府以信息泄露等安全风险为由，在事实上采取了排除中国通信设备的手段。 ​                ", "author": "新浪军事", "time": "新浪军事2018年12月14日15:14 来自微博weibo.com", "transmit": " 转发 67", "comment": "评论 198", "zan": " 125"}, {"text": "\n                    每个记忆，用心留存，#让爱有迹可循#。寒冷冬日，一起分享一下你生活中的暖心瞬间吧~ 我们将随机抽取3位花粉送出华为智能体脂秤一个。L华为手机官方的秒拍视频 ​                ", "author": "华为手机", "time": "华为手机2018年12月14日12:00 来自HUAWEIMate20Pro", "transmit": " 转发 2555", "comment": "评论 464", "zan": " 805"}, {"text": "\n#日本软银弃用华为4G设备#有人说日本公司，不想合作就放弃，有这么好大惊小怪的？！但问题是如果让软银自己选，它是不会这样做的。它是被迫的，这是政府的意志。这也在提醒我们要掌握核心科技，才能成为世界品牌，才能不受制于人。中国，再快点崛起吧。 ​                ", "author": "猎王Tech", "time": "猎王Tech2018年12月14日21:20 来自Android", "transmit": " 转发 18", "comment": "评论 73", "zan": " 556"}, {"text": "\n                    有点觉醒了！加拿大媒体：真正威胁国际法治的是美国！加拿大《环球邮报》12月13日文章，原题：对国际法治的真正威胁是美国而非中国。美国在一个执意要压制中国的政府领导下，正把世界推向灾难，如同当年的欧洲列强那样。如今对国际法治进而全球和平的最大威胁不是华为或中国，而是特朗普政府。 ​                ", "author": "杜文龙", "time": "杜文龙2018年12月14日09:23 来自HUAWEIMate9Pro", "transmit": " 转发 109", "comment": "评论 103", "zan": " 469"}, {"text": "\n                    【日本软银不再使用中国电信设备】虽然日本政府强调制定采购新规的目的并非排除特定企业，但这一做法的效应已经开始显现。《日本经济新闻》13日报道称，针对现行的4G设备，日本移动通信运营商之一的软银确定更换华为等中国造基站的方针，将逐步改为爱立信和诺基亚的产品。在建设5G网络时，也将排除中国 ​  展开全文c \n                    【日本软银不再使用中国电信设备】虽然日本政府强调制定采购新规的目的并非排除特定企业，但这一做法的效应已经开始显现。《日本经济新闻》13日报道称，针对现行的4G设备，日本移动通信运营商之一的软银确定更换华为等中国造基站的方针，将逐步改为爱立信和诺基亚的产品。在建设5G网络时，也将排除中国制造。O日本软银不再使用中国电信设备 收起全文d\n", "author": "凤凰网", "time": "凤凰网2018年12月14日09:21 来自微博weibo.com", "transmit": " 转发 59", "comment": "评论 308", "zan": " 100"}, {"text": "\n#创事记#【一曲无声的赞歌：为什么群众如此喜爱和拥护华为？】这是一家被美国忌惮无比的公司，却又是一家学习美国成长起来的公司。慷慨地对待每一个奋斗的个体，用科学的制度释放他们的生命力，中国人就会不断创造出奇迹，一个公司如此，一个国家也如此。@饭统戴老板 O一曲无声的赞歌 ​                ", "author": "新浪科技", "time": "新浪科技2018年12月14日11:35 来自微博weibo.com", "transmit": " 转发 130", "comment": "评论 191", "zan": " 131"}]