[{"text": "\n                    受华为邀请参加了百人共绘2020的活动，现场百位画师每人用#华为MatePad#Pro画一小块，最后拼出的大图效果特别惊艳！拍了我自己额外画的部分给你们看看~ ​                ", "author": "麻尾", "time": "麻尾2019年12月21日19:50 来自微博weibo.com", "transmit": " 转发 4202", "comment": "评论 503", "zan": " 4910"}, {"text": "\n                    【余承东：#华为手机超苹果全球第二中国第一# ，#华为成中国最大表厂耳机厂# 】12月21日，华为2019花粉年会上，华为消费者业务CEO余承东表示，我们成长为全球第二大智能手机厂家，成为中国销量、销售额和品牌都是第一的智能终端厂家。我跟团队提出要求，华为进入每个领域一定要做到第一，现在我们已经 ​  展开全文c \n                    【余承东：#华为手机超苹果全球第二中国第一# ，#华为成中国最大表厂耳机厂# 】12月21日，华为2019花粉年会上，华为消费者业务CEO余承东表示，我们成长为全球第二大智能手机厂家，成为中国销量、销售额和品牌都是第一的智能终端厂家。我跟团队提出要求，华为进入每个领域一定要做到第一，现在我们已经成中国最大的手表厂、耳机厂，第三季度我们的Pad也超越苹果成为中国市场份额的第一。L老板联播的微博视频 收起全文d\n", "author": "新浪财经", "time": "新浪财经2019年12月21日19:00 来自手机平板·视频社区", "transmit": " 转发 232", "comment": "评论 266", "zan": " 1116"}, {"text": "\n                    接到华为的邀请参加了#华为MatePad#Pro百人共绘2020活动，可以找找我的画在哪里，也欢迎来看展哦～ ​                ", "author": "時一二", "time": "時一二2019年12月21日20:10 来自微博weibo.com", "transmit": " 转发 546", "comment": "评论 106", "zan": " 610"}, {"text": "\n#新影像不止所见#感谢华为的邀请，有幸见证2019上海最后一场大展。印象最深的作品是跳芭蕾的小女孩海莉，小女孩穿着练功服，小小的身体努力做着标准的动作。看着照片总觉得她是小时候练功的自己，好的影像作品真的能让人与人心灵共通，这就是影像的魅力，超级棒！ ​                ", "author": "叶青Julia", "time": "叶青Julia2019年12月21日21:01 来自HUAWEIMate30Pro5G", "transmit": " 转发 3542", "comment": "评论 2512", "zan": " 13109"}, {"text": "\n                    【持续投资芯片制造业：华为入股晶圆级光芯片企业成第二大机构股东】近日，华为哈勃科技新增对外入股企业上海鲲游光电科技。鲲游光电致力于探索通过半导体工艺与光学工艺的融合，以半导体晶圆思路设计、制成纳米级光学芯片。华为持续投资芯片制造企业，加快补漏芯片制造端短板！#华为##科技# ​                ", "author": "建华Wei业", "time": "建华Wei业2019年12月21日09:06 来自HUAWEIMate20Pro", "transmit": " 转发 175", "comment": "评论 141", "zan": " 1240"}, {"text": "\n#新影像不止所见#很棒的一次体验 “2019上海最后一场大展”感谢华为的邀请 也感受到了竖屏电影的新鲜有趣 希望大家新的一年所有的努力都能有所收获 ​                ", "author": "魏天浩", "time": "魏天浩2019年12月21日21:31 来自小太阳Android", "transmit": " 转发 18472", "comment": "评论 15319", "zan": " 22612"}, {"text": "\n                    今天要为大家科普一下【大熊猫的冷知识】：其实大熊猫是纵裂瞳孔，更适合在夜晚看清事物，所以大熊猫也喜欢在夜晚觅食……至于纵裂瞳孔到底什么样？让我们一起从国宝大熊猫用#华为nova6#5G拍摄的自拍中寻找答案吧 ​                ", "author": "科普君XueShu雪树", "time": "科普君XueShu雪树2019年12月21日15:25 来自微博weibo.com", "transmit": " 转发 145", "comment": "评论 163", "zan": " 622"}, {"text": "\n                    喜欢自拍🤳，想要成为自拍里的王者，只会p图是不够的。这次Emma就带上DXO自拍评分第一名的#华为nova6#5G 自拍手机给大家打卡了上海各个地标，果真是#自拍大不一样#，就算不带摄影师也可以拍出专业大片，前置3200w+800w像素的超广角双摄，什么场景都能hold住！想要看看是不是真的这么神奇，点Emma的 ​  展开全文c \n                    喜欢自拍🤳，想要成为自拍里的王者，只会p图是不够的。这次Emma就带上DXO自拍评分第一名的#华为nova6#5G 自拍手机给大家打卡了上海各个地标，果真是#自拍大不一样#，就算不带摄影师也可以拍出专业大片，前置3200w+800w像素的超广角双摄，什么场景都能hold住！想要看看是不是真的这么神奇，点Emma的vlog解锁自拍新姿势，参加#自拍大不一样#，一起晒出你们的最x自拍，还有机会获得同款手机哦。L唐艺然Emma的秒拍视频 收起全文d\n", "author": "唐艺然Emma", "time": "唐艺然Emma2019年12月21日20:16", "transmit": " 转发 2330", "comment": "评论 2690", "zan": " 2530"}, {"text": "\n                    百余人的创作团队，在200块#华为MatePad#Pro上进行绘画创作，完成了这幅2020群组作品，真的是科技为艺术创作赋能，太酷了！这幅作品在上海艺术中心A馆展览，这次展览也号称#2019上海最后一场大展#，又多了一处网红打卡地，点击O网页链接可以预约~ ​                ", "author": "IT科技侠", "time": "IT科技侠2019年12月21日22:55 来自微博weibo.com", "transmit": " 转发 129", "comment": "评论 160", "zan": " 376"}, {"text": "\n华为“新影像•不止所见”手机影像艺术展在西海岸艺术中心开展啦，用富于创造力的方式呈现了华为手机的优秀作品，这场沉浸式神体验，感受到了属于华为手机的影像的奇妙世纪，特别是手机长焦、暗光拍摄以及50倍放大的作品，真是一场视觉盛宴，如果你也感兴趣，可以前去西海岸艺术中心感受一下鸭～ ​  展开全文c \n华为“新影像•不止所见”手机影像艺术展在西海岸艺术中心开展啦，用富于创造力的方式呈现了华为手机的优秀作品，这场沉浸式神体验，感受到了属于华为手机的影像的奇妙世纪，特别是手机长焦、暗光拍摄以及50倍放大的作品，真是一场视觉盛宴，如果你也感兴趣，可以前去西海岸艺术中心感受一下鸭～ #2019上海最后一场大展##上海旅行##365个旅行故事# O抽奖详情 收起全文d\n", "author": "在路上-小词", "time": "在路上-小词2019年12月21日23:08", "transmit": " 转发 957", "comment": "评论 1056", "zan": " 4728"}, {"text": "\n                    习惯了在旅行中看见美景就用水彩画下来🎨然后送给朋友或者沿途的陌生人，我会得到一个微笑，有时候是一个拥抱… 感谢华为的邀请，让我参加了#华为MatePad#Pro“百人共绘2020”活动，和其他画师👩🏻‍🎨一起拼成一幅2020，艺术源于生活，其实艺术就在你的眼中……🍑  ~彩色2020年，我来啦~ ​  展开全文c \n                    习惯了在旅行中看见美景就用水彩画下来🎨然后送给朋友或者沿途的陌生人，我会得到一个微笑，有时候是一个拥抱… 感谢华为的邀请，让我参加了#华为MatePad#Pro“百人共绘2020”活动，和其他画师👩🏻‍🎨一起拼成一幅2020，艺术源于生活，其实艺术就在你的眼中……🍑  ~彩色2020年，我来啦~ 收起全文d\n", "author": "我的名字叫木鱼", "time": "我的名字叫木鱼2019年12月21日22:50 来自微博weibo.com", "transmit": " 转发 327", "comment": "评论 814", "zan": " 2332"}, {"text": "\n                    创作定格动画《大象》后，我常思考影像短片如何做到能在最短时间里传达信息并打动观众，成就让人难忘的影像作品。在《大象》呈现半年后的今天，我们相约华为#新影像不止所见#艺术展，一起聊聊关于手机短片创作的幕后感受。O12月22号下午4点，上海西岸艺术中心 。O网页链接 ​                ", "author": "麦子", "time": "麦子2019年12月21日22:24", "transmit": " 转发 24", "comment": "评论 52", "zan": " 643"}, {"text": "\n                    【任正非：华为2020年增长幅度估计在10%左右】任正非在11月18日接受《洛杉矶时报》表示，对2020年没有太大担心，认为还会有一定规模的发展。2020年是华为全年在美国的制裁下生存，这样会更加让世界知道，华为在美国的强力制裁下还会生存得非常好。他表示，华为在2020年的增长估计会在10%左右，这可能是 ​  展开全文c \n                    【任正非：华为2020年增长幅度估计在10%左右】任正非在11月18日接受《洛杉矶时报》表示，对2020年没有太大担心，认为还会有一定规模的发展。2020年是华为全年在美国的制裁下生存，这样会更加让世界知道，华为在美国的强力制裁下还会生存得非常好。他表示，华为在2020年的增长估计会在10%左右，这可能是最低点，也许还会好一些。O任正非：华为2020年增长幅度估计在10%左右 收起全文d\n", "author": "新浪财经", "time": "新浪财经2019年12月21日14:39 来自微博weibo.com", "transmit": " 转发 25", "comment": "评论 80", "zan": " 427"}, {"text": "\n                    【任正非：已做好实体清单永不撤销的准备】12月20日，华为心声社区发布了华为创始人兼CEO任正非接受《洛杉矶时报》专访的采访纪要。谈及华为未来的业务发展时，任正非表示，已经做好了美国永远不撤销实体清单的心理准备，华为的增长是建立在坚实的基础上的。“本来华为公司没有这么大的增长决心和计划 ​  展开全文c \n                    【任正非：已做好实体清单永不撤销的准备】12月20日，华为心声社区发布了华为创始人兼CEO任正非接受《洛杉矶时报》专访的采访纪要。谈及华为未来的业务发展时，任正非表示，已经做好了美国永远不撤销实体清单的心理准备，华为的增长是建立在坚实的基础上的。“本来华为公司没有这么大的增长决心和计划，反而是美国制裁，逼我们要争口气……由于实体清单的制裁，激活了整个组织，员工增加了奋进的努力，他们知道不努力的结果就是死亡。”任正非说。O任正非：已做好美国永不撤销实体清单的心理准备 收起全文d\n", "author": "观察者网", "time": "观察者网2019年12月21日13:13 来自360安全浏览器", "transmit": " 转发 59", "comment": "评论 213", "zan": " 1318"}, {"text": "\n华为各型号效果图在此，大家可以做个参考现在的预定量比工厂起定量还差一些，大家要买的抓紧啦~（楼楼 黄白屋） ​                ", "author": "2楼哎呦喂多多", "time": "2楼哎呦喂多多2019年12月21日23:01 来自🌸iPhoneXR", "transmit": " 转发 10", "comment": "评论 148", "zan": " 367"}, {"text": "\n#新影像不止所见#手机影像艺术展，将近100人，如何在200块#华为MatePad#Pro上共同创作一幅新年插画？点击视频揭秘→  L华为终端官方微博的微博视频 ​                ", "author": "华为终端官方微博", "time": "华为终端官方微博2019年12月21日20:34 来自微博视频", "transmit": " 转发 ", "comment": "评论 ", "zan": " 12"}, {"text": "\n                    【余承东：#华为手机超苹果全球第二中国第一# ，#华为成中国最大表厂耳机厂# 】12月21日，华为2019花粉年会上，华为消费者业务CEO余承东表示，我们成长为全球第二大智能手机厂家，成为中国销量、销售额和品牌都是第一的智能终端厂家。我跟团队提出要求，华为进入每个领域一定要做到第一，现在我们已经 ​  展开全文c \n                    【余承东：#华为手机超苹果全球第二中国第一# ，#华为成中国最大表厂耳机厂# 】12月21日，华为2019花粉年会上，华为消费者业务CEO余承东表示，我们成长为全球第二大智能手机厂家，成为中国销量、销售额和品牌都是第一的智能终端厂家。我跟团队提出要求，华为进入每个领域一定要做到第一，现在我们已经成中国最大的手表厂、耳机厂，第三季度我们的Pad也超越苹果成为中国市场份额的第一。 L老板联播的微博视频 收起全文d\n", "author": "宇辉战舰", "time": "宇辉战舰2019年12月21日18:07 来自手机平板·视频社区", "transmit": " 转发 101", "comment": "评论 96", "zan": " 423"}, {"text": "\n                    看对话，夫妻两人关系挺好的，刚有了孩子，最后还是选择了自杀，太可惜了。抑郁症这东西三个方面要重视：一是重度抑郁有一定概率自杀性，这是必然的，是因为体内神经递质出问题了，精神疾病并不都是精神方面的，身体内部器质也出问题了，和感冒发烧一回事，重度抑郁必须要吃药控制。抑郁程度如何，网 ​  展开全文c \n                    看对话，夫妻两人关系挺好的，刚有了孩子，最后还是选择了自杀，太可惜了。抑郁症这东西三个方面要重视：一是重度抑郁有一定概率自杀性，这是必然的，是因为体内神经递质出问题了，精神疾病并不都是精神方面的，身体内部器质也出问题了，和感冒发烧一回事，重度抑郁必须要吃药控制。抑郁程度如何，网上有标准自测题，可以测试下。二是抑郁症和工作强度关系极大，过度劳累，得不到休息，就会恶化病情。尤其是睡眠不好，更是如此。有些内省人格，如爱反思自责心思重，是抑郁症高发人群，以前认识一华为哥们，再累躺着说就睡着了，啥事都不往心里去，这样的人一般没问题。三就是除了吃药外，还要注意其他几方面调养，如运动，晒太阳，有亲情，有爱情，以前认识一朋友，也是差点自杀了，年把不出门，最后看金刚经之类的度过来了，宗教也是一宗心里调节方法了。O长安福特AE工程师之死：吉大毕业，入职8年，年仅30岁抑郁跳楼身亡，他在公司到底经历了什么？ 收起全文d\n", "author": "投资舆情", "time": "投资舆情2019年12月21日23:33 来自360安全浏览器", "transmit": " 转发 ", "comment": "评论 ", "zan": " 785"}, {"text": "\n                    【任正非：#华为已做好美永不撤销实体清单准备# 】12月20日，华为心声社区发布了华为创始人兼CEO任正非接受《洛杉矶时报》专访的采访纪要。采访中，谈及华为未来的业务发展时，任正非表示，已经做好了美国永远不撤销实体清单的心理准备，华为的增长是建立在坚实的基础上的。O任正非：已做好美国永不撤销实体清单的心理准备 ​                ", "author": "新浪科技", "time": "新浪科技2019年12月21日20:20 来自微博weibo.com", "transmit": " 转发 30", "comment": "评论 44", "zan": " 222"}, {"text": "\n                    2020年即将到来，绘画爱好者们用华为MatePad Pro为2020年共同完成一幅作品，它是我们对2020的祝福和希冀，也是对艺术爱好者的鼓励。有幸成为了其中的一小块，新的一年一起加油 ​                ", "author": "夏小鲟", "time": "夏小鲟2019年12月21日22:41 来自iPhoneX", "transmit": " 转发 8", "comment": "评论 11", "zan": " 185"}, {"text": "\n                    【5G到底能给我们带来什么？华为Mate30 Pro 5G版体验】在已经覆盖5G网络的深圳，使用华为Mate30 Pro 5G的真实网速到底有多少？在这种网速下究竟能给我什么样的体验？华为Mate30 Pro 5G版作为5G先锋究竟如何？带着这些疑问我开始了体验之旅。#华为Mate30#  L王奔宏的秒拍视频 ​                ", "author": "王奔宏", "time": "王奔宏2019年12月21日20:20 来自微博weibo.com", "transmit": " 转发 135", "comment": "评论 183", "zan": " 457"}, {"text": "\n#任正非预计华为明年增长10%#【任正非：预计明年华为增长10%，后年实现规模化增长】12月20日，华为心声社区发布创始人任正非接受《洛杉矶时报》采访纪要，采访时间为11月18日。在此次采访中，任正非表示，2020年是华为全年在美国的制裁下生存，这样会更加让世界知道，华为在美国的强力制裁下还会生存得 ​  展开全文c \n#任正非预计华为明年增长10%#【任正非：预计明年华为增长10%，后年实现规模化增长】12月20日，华为心声社区发布创始人任正非接受《洛杉矶时报》采访纪要，采访时间为11月18日。在此次采访中，任正非表示，2020年是华为全年在美国的制裁下生存，这样会更加让世界知道，华为在美国的强力制裁下还会生存得非常好。他预测，华为在2020年应该会继续增长，但是增长幅度不会太高，“今年十月份的增长幅度已经下降到17%，估计2020年会在10%左右，这可能是最低点的估计，也许还会好一些。”任正非表示，他预计2021年华为可能会开始规模性增长，但是公司的高层团队认为恢复规模化增长在2022年，“这点我个人与高层团队是有分歧的。” 收起全文d\n", "author": "每日经济新闻", "time": "每日经济新闻2019年12月21日19:12 来自微博weibo.com", "transmit": " 转发 17", "comment": "评论 16", "zan": " 97"}, {"text": "\n                    强烈推荐，华为创始人任正非接受《洛杉矶时报》采访纪要，任总又说了很多内幕，华为已做好美永不撤销实体清单准备！在访谈总，任总表示：现在预测，华为在2020年应该还是会增长，但是增长幅度不会太高。今年十月份的增长幅度已经下降到17%，估计2020年会在10%左右，这可能是最低点的估计，也许还会好 ​  展开全文c \n                    强烈推荐，华为创始人任正非接受《洛杉矶时报》采访纪要，任总又说了很多内幕，华为已做好美永不撤销实体清单准备！在访谈总，任总表示：现在预测，华为在2020年应该还是会增长，但是增长幅度不会太高。今年十月份的增长幅度已经下降到17%，估计2020年会在10%左右，这可能是最低点的估计，也许还会好一些。我认为，2021年可能我们会开始规模性增长，但是高层团队认为恢复规模化增长在2022年，这点我个人与高层团队是有分歧的。我认为他们考虑得更加稳妥一些，所以我签发的文件是预测2022年开始规模化增长。我们已经做好了美国永远不撤销实体清单的心理准备。我们不会狭隘地走自主创新、自力更生的道路，不会退缩到中国市场做一个“门槛猴”。我不担心华为在美国打击下能否活下来，而是担心三、五年以后华为能不能持续领先。我们不是用囤积芯片的方式来发展的。现在问题是供应不了市场，为什么市场上岀现抢购，是因为我们生产不出这么多东西，芯片也供应不上，特别是台积电产量不足于满足大的需求。O华为创始人任正非接受《洛杉矶时报》采访纪要 收起全文d\n", "author": "HW前HR", "time": "HW前HR2019年12月21日22:37 来自HUAWEIMate30Pro5G", "transmit": " 转发 281", "comment": "评论 107", "zan": " 896"}, {"text": "\n华为还是输了！腾讯倒戈站边库克！5G 投票没选华为，联想落得一世骂名，这次腾讯重蹈覆辙再惹争议。 ​                ", "author": "Geek_Cao", "time": "Geek_Cao2019年12月21日22:20 来自iPhone11ProMax", "transmit": " 转发 197", "comment": "评论 1406", "zan": " 5249"}, {"text": "\n                    2020年，让我们一起飞得更高，一起荣耀！ @华为何刚 ​                ", "author": "赵明-George", "time": "赵明-George2019年12月21日16:26 来自荣耀V30PRO5G", "transmit": " 转发 85", "comment": "评论 202", "zan": " 1448"}, {"text": "\n                    今年的主流5G手机盘点：华为：Mate20X、Mate30系列、荣耀v30系列、Nova6 5G。小米：小米9Pro、Redmi K30 5G。三星：Note10+、A90 5G。VIVO：iQOO Pro、Nex3 5G、X30系列。OPPO：Reno3系列（即将上市） ​                ", "author": "苯科技", "time": "苯科技2019年12月21日11:40", "transmit": " 转发 72", "comment": "评论 123", "zan": " 347"}, {"text": "\n                    ♡ 用华为nova 5T拍摄！#马场富美加#导览涩谷最新网红景点「VOGUE GIRL JAPAN」 ​                ", "author": "haruru", "time": "haruru2019年12月21日10:00 来自微博weibo.com", "transmit": " 转发 125", "comment": "评论 40", "zan": " 211"}, {"text": "\n                    【余承东：#华为成全球第二大智能手机厂家# 】12月21日，华为2019花粉年会上，华为消费者业务CEO余承东表示，我们成长为全球第二大智能手机厂家，成为中国销量、销售额和品牌都是第一的智能终端厂家。我跟团队提出要求，华为进入每个领域一定要做到第一，现在我们已经成中国最大的手表厂、耳机厂，第三 ​  展开全文c \n                    【余承东：#华为成全球第二大智能手机厂家# 】12月21日，华为2019花粉年会上，华为消费者业务CEO余承东表示，我们成长为全球第二大智能手机厂家，成为中国销量、销售额和品牌都是第一的智能终端厂家。我跟团队提出要求，华为进入每个领域一定要做到第一，现在我们已经成中国最大的手表厂、耳机厂，第三季度我们的Pad也超越苹果成为中国市场份额的第一。L老板联播的微博视频 O余承东：华为已成中国最大的手表厂、耳机厂(视频) 收起全文d\n", "author": "新浪科技", "time": "新浪科技2019年12月21日19:23 来自手机平板·视频社区", "transmit": " 转发 23", "comment": "评论 85", "zan": " 403"}, {"text": "\n                    朵唯还没死透啊外观高仿苹果，海报宣传模仿小米，型号名称模仿华为…恶心到家了，记得以前还挺有格调的。 ​                ", "author": "新青年科技-Jack", "time": "新青年科技-Jack2019年12月21日19:14 来自真香警告", "transmit": " 转发 23", "comment": "评论 189", "zan": " 1045"}, {"text": "\n                    之前发过一些华为FreeBuds 3与Airpods的对比，很多人不相信华为的耳机在某些重要性能提现上已经超越了苹果，因为那些对比数据我也是网上查阅资料得来的，自己手上并没有苹果产品做以对比，所以就拍了这个视频，用很直观的显示来阐述华为FreeBuds3连接手机的速度和无线充电的演示。有苹果产品的可以自己 ​  展开全文c \n                    之前发过一些华为FreeBuds 3与Airpods的对比，很多人不相信华为的耳机在某些重要性能提现上已经超越了苹果，因为那些对比数据我也是网上查阅资料得来的，自己手上并没有苹果产品做以对比，所以就拍了这个视频，用很直观的显示来阐述华为FreeBuds3连接手机的速度和无线充电的演示。有苹果产品的可以自己试试连接手机速度跟这个对比怎么样，到底谁更快一点？ L矿工的风采的微博视频 收起全文d\n", "author": "矿工的风采", "time": "矿工的风采2019年12月21日09:15 来自影音智能·视频社区", "transmit": " 转发 41", "comment": "评论 422", "zan": " 1329"}]