[{"text": "\n                    #华为被拘前员工希望华为道歉#【离职补偿变敲诈勒索遭错抓的华为前员工：希望华为向自己道歉】华为前员工李洪元2018年12月16日离职期间，华为公司部门主管报案称其敲诈勒索，深圳市公安局介入将其刑拘。251天后，深圳市龙岗区人民检察院认为，犯罪事实不清、证据不足，不符合起诉条件，决定对李洪元不 ​  展开全文c \n                    #华为被拘前员工希望华为道歉#【离职补偿变敲诈勒索遭错抓的华为前员工：希望华为向自己道歉】华为前员工李洪元2018年12月16日离职期间，华为公司部门主管报案称其敲诈勒索，深圳市公安局介入将其刑拘。251天后，深圳市龙岗区人民检察院认为，犯罪事实不清、证据不足，不符合起诉条件，决定对李洪元不起诉，李洪元得以重获自由。12月1日，李洪元告诉澎湃新闻，目前人在深圳，最大的诉求是希望华为跟自己道歉。李洪元表示，从被释放到现在，自始至终华为都没有任何消息，“（华为）能不能坐下来当面和我好好沟通，见我一面？”12月1日，华为官方客服工作人员告诉澎湃新闻，相关信息需核实之后进一步告知，目前已将网络舆情反映至相关部门。#华为前员工# O离职补偿变敲诈勒索遭错抓的华为前员工：希望华为向自己道歉 收起全文d\n", "author": "澎湃新闻", "time": "澎湃新闻2019年12月02日14:50 来自360安全浏览器", "transmit": " 转发 6243", "comment": "评论 15484", "zan": " 249120"}, {"text": "\n                    【华为前员工：不止李洪元，我也曾因离职赔偿被羁押90天】财经女记者部落报道称，2018年4月，华为无线地区部前员工曾梦与所属的北非HR BP纪某沟通不畅后，北非HR董佳同意以2N方式解除劳动合同。2018年12月30日，在泰国游玩的曾梦被深圳市公安局龙岗区分局经侦支队第八大队羁押，从2018年12月30日到2019 ​  展开全文c \n                    【华为前员工：不止李洪元，我也曾因离职赔偿被羁押90天】财经女记者部落报道称，2018年4月，华为无线地区部前员工曾梦与所属的北非HR BP纪某沟通不畅后，北非HR董佳同意以2N方式解除劳动合同。2018年12月30日，在泰国游玩的曾梦被深圳市公安局龙岗区分局经侦支队第八大队羁押，从2018年12月30日到2019年3月29日，被羁押90天。此前，他多次联系包括李洪元在内的三位同事，均联系不上，猜测其也被羁押。据曾梦透露，今年1月被遣送回国后，华为向警方变更了一次逮捕原因。O不止李洪元 华为又一前员工被羁押90天 收起全文d\n", "author": "新浪财经", "time": "新浪财经2019年12月02日21:55 来自微博weibo.com", "transmit": " 转发 7217", "comment": "评论 6265", "zan": " 67759"}, {"text": "\n                    【被加拿大拘押一周年，#孟晚舟发公开信#：苦难把岁月拉长】在被加拿大拘押一周年之际，华为“心声社区”12月2日发布了一封孟晚舟12月1日写于加拿大温哥华的公开信。孟晚舟在信中说，这一年，经历了恐惧和痛苦，失望和无奈，煎熬和挣扎。这一年，学会了坚强承受，从容面对，不畏未知。在信中，孟晚舟还 ​  展开全文c \n                    【被加拿大拘押一周年，#孟晚舟发公开信#：苦难把岁月拉长】在被加拿大拘押一周年之际，华为“心声社区”12月2日发布了一封孟晚舟12月1日写于加拿大温哥华的公开信。孟晚舟在信中说，这一年，经历了恐惧和痛苦，失望和无奈，煎熬和挣扎。这一年，学会了坚强承受，从容面对，不畏未知。在信中，孟晚舟还感谢大家对她的温暖和鼓励，“亲爱的你们，这些温暖都是照亮我前行的灯塔！”2018年12月1日，孟晚舟在温哥华机场被加拿大警方拘押，至今未获自由。O被加拿大拘押一周年，孟晚舟发公开信：苦难把岁月拉长 收起全文d\n", "author": "环球网", "time": "环球网2019年12月02日07:55", "transmit": " 转发 2214", "comment": "评论 4891", "zan": " 47637"}, {"text": "\n                    #华为被拘前员工希望华为道歉#【离职补偿变敲诈勒索遭错抓的华为前员工：希望华为向自己道歉】华为前员工李洪元2018年12月16日离职期间，华为公司部门主管报案称其敲诈勒索，深圳市公安局介入将其刑拘。251天后，深圳市龙岗区人民检察院认为，犯罪事实不清、证据不足，不符合起诉条件，决定对李洪元不 ​  展开全文c \n                    #华为被拘前员工希望华为道歉#【离职补偿变敲诈勒索遭错抓的华为前员工：希望华为向自己道歉】华为前员工李洪元2018年12月16日离职期间，华为公司部门主管报案称其敲诈勒索，深圳市公安局介入将其刑拘。251天后，深圳市龙岗区人民检察院认为，犯罪事实不清、证据不足，不符合起诉条件，决定对李洪元不起诉，李洪元得以重获自由。12月1日，李洪元告诉澎湃新闻，目前人在深圳，最大的诉求是希望华为跟自己道歉。李洪元表示，从被释放到现在，自始至终华为都没有任何消息，“（华为）能不能坐下来当面和我好好沟通，见我一面？”12月1日，华为官方客服工作人员告诉澎湃新闻，相关信息需核实之后进一步告知，目前已将网络舆情反映至相关部门。#华为前员工# （澎湃新闻）#华为前员工被拘251天##华为员工索要离职补偿被拘留##李洪元# “华为前员工”事件，你怎么看法？ 收起全文d\n", "author": "沈阳晚报", "time": "沈阳晚报2019年12月02日15:56 来自HUAWEIMate30Pro5G", "transmit": " 转发 215", "comment": "评论 1741", "zan": " 46903"}, {"text": "\n                    #华为被拘前员工希望华为道歉##李洪元回应华为声明#不懂就问：这位前员工可不可以起诉华为诬告？报案的华为部门主管会不会先被刑拘？ 华为是诬告吗？如果是相关负责人会被刑拘吗？ ​                ", "author": "工业科技迷", "time": "工业科技迷2019年12月02日16:51", "transmit": " 转发 62", "comment": "评论 1026", "zan": " 28084"}, {"text": "\n                    【华春莹：希望大家用更多的正义和温暖照亮　孟晚舟女士前行、回家的灯塔】“外交部发言人办公室”消息，在12月2日外交部例行记者会上，有记者问：12月1日是孟晚舟事件发生满一年，请问中方对此有何评论？　　华春莹：去年12月1日，中国公民、华为公司副董事长孟晚舟被加拿大应美方要求无理拘押，迄今 ​  展开全文c \n                    【华春莹：希望大家用更多的正义和温暖照亮　孟晚舟女士前行、回家的灯塔】“外交部发言人办公室”消息，在12月2日外交部例行记者会上，有记者问：12月1日是孟晚舟事件发生满一年，请问中方对此有何评论？　　华春莹：去年12月1日，中国公民、华为公司副董事长孟晚舟被加拿大应美方要求无理拘押，迄今已经一整年了。中方在孟晚舟事件上的立场是一贯和明确的。美加两国滥用其双边引渡条约，对中国公民任意采取强制措施，严重侵犯中国公民合法权益，这是一起严重的政治事件。中国政府维护中国公民和企业正当合法权益的决心是坚定不移的。我们再次强烈敦促加方认真对待中方严正立场和关切，以切实举措纠正错误，及早释放孟晚舟女士，确保她早日平安回到祖国。　　顺便说一句，我今天上午也看到了孟晚舟女士在她被无理拘押一周年之际写的一封亲笔信，题目是《你们的温暖，是照亮我前行的灯塔》。我看了以后非常感动。孟晚舟女士作为一名被无理扣押的无辜的中国公民，作为年幼孩子的母亲和年迈父母的女儿，在经历了这么多痛苦、失望和无奈之后，仍然能如此坚强和优雅地面对，令人感到十分敬佩。我们衷心祝愿她早日平安回家，也希望大家用更多的正义和温暖照亮孟晚舟女士前行、回家的灯塔。 #跟我看外交##与发言人相约蓝厅# L外交部发言人办公室的微博视频 收起全文d\n", "author": "外交部发言人办公室", "time": "外交部发言人办公室2019年12月02日16:51 来自微博视频", "transmit": " 转发 1879", "comment": "评论 3717", "zan": " 19965"}, {"text": "\n                    【#华为回应前员工李洪元事件# ：#华为支持李洪元运用法律武器维权#】华为前员工李洪元离职后被起诉敲诈勒索，羁押251天后，因犯罪事实不清、证据不足释放。对此，华为今天作出回应：华为有权利，也有义务，并基于事实对于涉嫌违法的行为向司法机关举报。我们尊重司法机关，包括公安、检察院和法院的决 ​  展开全文c \n                    【#华为回应前员工李洪元事件# ：#华为支持李洪元运用法律武器维权#】华为前员工李洪元离职后被起诉敲诈勒索，羁押251天后，因犯罪事实不清、证据不足释放。对此，华为今天作出回应：华为有权利，也有义务，并基于事实对于涉嫌违法的行为向司法机关举报。我们尊重司法机关，包括公安、检察院和法院的决定。如果李洪元认为他的权益受到了损害，我们支持他运用法律武器维护自己的权益，包括起诉华为。这也体现了法律面前人人平等的法治精神。（央视）O华为回应：支持李洪元运用法律武器维护自己的权益 收起全文d\n", "author": "新浪财经", "time": "新浪财经2019年12月02日21:33 来自微博weibo.com", "transmit": " 转发 2959", "comment": "评论 1931", "zan": " 73893"}, {"text": "\n                    【#华为被拘前员工希望华为道歉#：从被释放到现在没有任何消息】前华为员工李洪元因一笔30万元的离职赔偿款被起诉敲诈勒索，羁押251天后，因犯罪事实不清、证据不足无罪释放。12月1日，李洪元告诉@澎湃新闻 ，目前人在深圳，最大的诉求是希望华为跟自己道歉。李洪元表示，从被释放到现在，自始至终华为 ​  展开全文c \n                    【#华为被拘前员工希望华为道歉#：从被释放到现在没有任何消息】前华为员工李洪元因一笔30万元的离职赔偿款被起诉敲诈勒索，羁押251天后，因犯罪事实不清、证据不足无罪释放。12月1日，李洪元告诉@澎湃新闻 ，目前人在深圳，最大的诉求是希望华为跟自己道歉。李洪元表示，从被释放到现在，自始至终华为都没有任何消息，“（华为）能不能坐下来当面和我好好沟通，见我一面？”L时间视频的秒拍视频 收起全文d\n", "author": "头条新闻", "time": "头条新闻2019年12月02日18:12 来自国际快讯·视频社区", "transmit": " 转发 1241", "comment": "评论 1816", "zan": " 12656"}, {"text": "\n                    【#华为回应前员工被拘251天#：支持他用法律武器维护权益 包括起诉华为】华为前员工李洪元因离职赔偿金问题，被投诉敲诈勒索，遭羁押251天，最后因证据不足被检察院决定不起诉而获得人身自由。今日，华为回应称：“华为有权利，也有义务，并基于事实对于涉嫌违法的行为向司法机关举报。我们尊重司法机 ​  展开全文c \n                    【#华为回应前员工被拘251天#：支持他用法律武器维护权益 包括起诉华为】华为前员工李洪元因离职赔偿金问题，被投诉敲诈勒索，遭羁押251天，最后因证据不足被检察院决定不起诉而获得人身自由。今日，华为回应称：“华为有权利，也有义务，并基于事实对于涉嫌违法的行为向司法机关举报。我们尊重司法机关，包括公安、检察院和法院的决定。如果李洪元认为他的权益受到了损害，我们支持他运用法律武器维护自己的权益，包括起诉华为。这也体现了法律面前人人平等的法治精神。” 收起全文d\n", "author": "央视新闻", "time": "央视新闻2019年12月02日21:58 来自微博weibo.com", "transmit": " 转发 3209", "comment": "评论 11121", "zan": " 77915"}, {"text": "\n                    【#华为回应前员工李洪元被拘251天#：华为有权利也有义务举报涉嫌违法行为】12月2日晚，华为回应前员工李洪元事件称：华为有权利，也有义务，并基于事实对于涉嫌违法的行为向司法机关举报。我们尊重司法机关，包括公安、检察院和法院的决定。如果李洪元认为他的权益受到了损害，我们支持他运用法律武器 ​  展开全文c \n                    【#华为回应前员工李洪元被拘251天#：华为有权利也有义务举报涉嫌违法行为】12月2日晚，华为回应前员工李洪元事件称：华为有权利，也有义务，并基于事实对于涉嫌违法的行为向司法机关举报。我们尊重司法机关，包括公安、检察院和法院的决定。如果李洪元认为他的权益受到了损害，我们支持他运用法律武器维护自己的权益，包括起诉华为。这也体现了法律面前人人平等的法治精神。 收起全文d\n", "author": "人民日报", "time": "人民日报2019年12月02日22:06 来自微博weibo.com", "transmit": " 转发 3195", "comment": "评论 11786", "zan": " 93091"}, {"text": "\n                    【孟晚舟写在一年之际：你们的温暖 是照亮我前行的灯塔】在被加拿大拘押一周年之际，华为“心声社区”12月2日发布了一封孟晚舟12月1日写于加拿大温哥华的公开信。孟晚舟表示：从前的深圳，时间总是过得很快，每天日程都是排得满满的。现在，时间总是过得很慢。一年光阴，慢慢地从指尖滑过；一年的陪伴 ​  展开全文c \n                    【孟晚舟写在一年之际：你们的温暖 是照亮我前行的灯塔】在被加拿大拘押一周年之际，华为“心声社区”12月2日发布了一封孟晚舟12月1日写于加拿大温哥华的公开信。孟晚舟表示：从前的深圳，时间总是过得很快，每天日程都是排得满满的。现在，时间总是过得很慢。一年光阴，慢慢地从指尖滑过；一年的陪伴，你们的温暖和鼓励一直在我心间。O孟晚舟被加拿大拘押一周年发公开信：苦难把岁月拉长 收起全文d\n", "author": "新浪财经", "time": "新浪财经2019年12月02日08:23 来自专业版微博", "transmit": " 转发 2523", "comment": "评论 2218", "zan": " 65243"}, {"text": "\n                    【对话被拘251天#华为前员工#：并非主动曝光，希望和华为沟通】一笔30万元的离职赔偿款反成“敲诈勒索金”，华为前员工李洪元遭到251天拘留一事持续发酵。12月1日下午，李洪元接受记者采访，还原了他从华为离职当天到成为舆论中心的全过程。他在采访中称，他所在部门业务造假很早就开始了，公司大量 ​  展开全文c \n                    【对话被拘251天#华为前员工#：并非主动曝光，希望和华为沟通】一笔30万元的离职赔偿款反成“敲诈勒索金”，华为前员工李洪元遭到251天拘留一事持续发酵。12月1日下午，李洪元接受记者采访，还原了他从华为离职当天到成为舆论中心的全过程。他在采访中称，他所在部门业务造假很早就开始了，公司大量资金被占用，仓储、存货方面都承担着巨额损失。他是出于对华为的感情，想要遏制这股歪风才举报。他还讲述与部门主管之间的沟通过程，以及离职后被捕和关押251天的经历。最后李洪元表示：“我还是希望和华为沟通，最好是任总能够亲自来和我沟通，就占用他老人家30分钟时间吧。”O对话华为被拘251天前员工：并非主动曝光，希望和华为沟通 收起全文d\n", "author": "凤凰网", "time": "凤凰网2019年12月02日10:44 来自微博weibo.com", "transmit": " 转发 1187", "comment": "评论 2769", "zan": " 43242"}, {"text": "\n                    【专访华为前员工：不止李洪元，曾梦也曾因离职赔偿被羁押 90 天】华为与员工之间有关离职赔偿的矛盾由来已久。2018 年 4 月，华为无线地区部前员工曾梦与所属的北非 HR BP 纪某沟通不畅后，北非 HR 董佳同意以 2N 方式解除劳动合同。2018 年 12 月 30 日，在泰国游玩的曾梦被深圳市公安局龙岗区分 ​  展开全文c \n                    【专访华为前员工：不止李洪元，曾梦也曾因离职赔偿被羁押 90 天】华为与员工之间有关离职赔偿的矛盾由来已久。2018 年 4 月，华为无线地区部前员工曾梦与所属的北非 HR BP 纪某沟通不畅后，北非 HR 董佳同意以 2N 方式解除劳动合同。2018 年 12 月 30 日，在泰国游玩的曾梦被深圳市公安局龙岗区分局经侦支队第八大队羁押，从 2018 年 12 月 30 日到 2019 年 3 月 29 日，被羁押 90 天。此前，他多次联系包括李洪元在内的三位同事，均联系不上，猜测其也被羁押。据曾梦透露，今年 1 月被遣送回国后，华为向警方变更了一次逮捕原因。（资讯来自 蓝鲸财经记者工作平台） 收起全文d\n", "author": "ZEALER中国", "time": "ZEALER中国2019年12月02日21:02", "transmit": " 转发 1114", "comment": "评论 1385", "zan": " 13105"}, {"text": "\n                    【#华为被拘前员工称并非主动曝光#，希望和华为沟通】李洪元表示“我8月被释放，但拿到国家赔偿是在上周三。网上被曝光的是《刑事赔偿决定书》是上周才有的文件。拿到赔偿后，我挺开心的，就把这份决定书分享到了华为离职员工维权群里，期望有人能帮忙发到华为心声内网，以恢复名誉。结果不知道是谁发 ​  展开全文c \n                    【#华为被拘前员工称并非主动曝光#，希望和华为沟通】李洪元表示“我8月被释放，但拿到国家赔偿是在上周三。网上被曝光的是《刑事赔偿决定书》是上周才有的文件。拿到赔偿后，我挺开心的，就把这份决定书分享到了华为离职员工维权群里，期望有人能帮忙发到华为心声内网，以恢复名誉。结果不知道是谁发到外面去了，我自己也非常着急。”O对话华为被拘251天前员工：并非主动曝光，希望和华为沟通 收起全文d\n", "author": "界面新闻", "time": "界面新闻2019年12月02日09:54 来自微博HTML5版", "transmit": " 转发 2284", "comment": "评论 3941", "zan": " 26750"}, {"text": "\n                    刘杰是华为的一名语音算法专家。#TECH4ALL#在华为云语音语义创新实验室里，他与他的团队密切合作，建立了人工智能探测模型，能够实时分析蜘蛛猴和雨林的声音数据。到目前为止，这些模型已经在世界上10个国家得到了应用。利用华为最新的先进技术，保护地球生态平衡是刘杰的目标。O网页链接  ​  展开全文c \n                    刘杰是华为的一名语音算法专家。#TECH4ALL#在华为云语音语义创新实验室里，他与他的团队密切合作，建立了人工智能探测模型，能够实时分析蜘蛛猴和雨林的声音数据。到目前为止，这些模型已经在世界上10个国家得到了应用。利用华为最新的先进技术，保护地球生态平衡是刘杰的目标。O网页链接 L华为中国的微博视频 收起全文d\n", "author": "华为中国", "time": "华为中国2019年12月02日19:00 来自其他综合·视频社区", "transmit": " 转发 450", "comment": "评论 10227", "zan": " 97705"}, {"text": "\n                    #华为员工索要离职补偿被拘留# 华为这个事情其实我们首先可以考虑几个问题，第一，华为这家公司虽然不慈善，但是一直很大方，为什么会为了30万补偿金去打压一个普通员工。第二，华为公司一直以高薪闻名，一个员工为什么入职底薪9000，12年后，补偿了24个月的薪水才30万，平均下来13,000左右。第三， ​  展开全文c \n                    #华为员工索要离职补偿被拘留# 华为这个事情其实我们首先可以考虑几个问题，第一，华为这家公司虽然不慈善，但是一直很大方，为什么会为了30万补偿金去打压一个普通员工。第二，华为公司一直以高薪闻名，一个员工为什么入职底薪9000，12年后，补偿了24个月的薪水才30万，平均下来13,000左右。第三，为什么3月份给的钱12月份才抓人。第四，华为8年换一次工号，为什么会有24个月的补偿。第五，华为离职补偿从来都是n+1，从来没有过2n，为什么能够谈下来2n？还是十几年的2N？想清楚这些问题，事情也就好解决了。首先华为内部的N+1补偿我了解了一下，都是自动的，不需要申请也会有。不过这个当事人申请了2N，领导也同意了，为什么同意呢？我相信肯定不是因为他做的太好了，中间有没有要挟之类的，大家可想而知。不过这里有一个实际的障碍就是，之后五年的补偿好说，前八年换了工号的补偿公司是不可能给的，为了送走这位大哥，HR私下从部门的多元化激励资金付了这笔钱。（华为的部门多元化激励资金会在HR个人账上，类似团建费用）这件事情暂时得到了解决。但12月公司内审的时候，就被查出来了，公司问钱哪里去了，领导自然实话实说，任何一个公司少了几十万，自然也会报警，之后就是正常的法律程序了。以当下证据，自然也没有问题。后来录音只是证明，敲诈事实并不清楚，但多要钱是事实。华为的处理可以说是对领导反馈的一种误解，但也谈不上太大的错误。把敲诈勒索调查和举报联系起来，是当事人自己的理解，但目前看，华为报警的只是账上少了钱。而且当事人一直希望借举报这件事情能够获得一些受益，见领导，和任正非喝茶，升职加薪之类。即便这件事发生之后，也希望借此和华为高层谈判，获得创业支持，甚至可以去起诉微博爆料的大V。其实话语中处处都是要挟，这种做事方式被起诉敲诈勒索也就不奇怪了。事实上，举报造假这个事情是不是真实目前都未可知，一切也都是这个人以及知乎前员工自己的理解，领导受到什么样的处理现在也不清楚，如果日后华为会公布这些细节，可能会更清楚一点。但我觉得目前带的很多节奏，确实不太有意思，尤其是上来就让华为道歉的，说华为想赖离职补偿的以及一手遮天的。而且我一直觉得涉及公诉的事情，舆论最好不要干涉司法。 收起全文d\n", "author": "万能的大熊", "time": "万能的大熊2019年12月02日10:47 来自360安全浏览器", "transmit": " 转发 385", "comment": "评论 1827", "zan": " 6372"}, {"text": "\n                    【#李洪元回应华为声明#：大家看看先 我听全国人民的】围绕华为前员工李洪元因离职赔偿金问题遭遇251天拘留一事，华为做出正式回应：“如果李洪元认为他的权益受到了损害，我们支持他运用法律武器维护自己的权益，包括起诉华为。”李洪元在看到华为官方回应后表示：“大家看看先，我听全国人民的。” ​  展开全文c \n                    【#李洪元回应华为声明#：大家看看先 我听全国人民的】围绕华为前员工李洪元因离职赔偿金问题遭遇251天拘留一事，华为做出正式回应：“如果李洪元认为他的权益受到了损害，我们支持他运用法律武器维护自己的权益，包括起诉华为。”李洪元在看到华为官方回应后表示：“大家看看先，我听全国人民的。”#华为支持李洪元运用法律武器维权#O李洪元回应华为声明：大家看看先 我听全国人民的 收起全文d\n", "author": "新浪财经", "time": "新浪财经2019年12月02日23:05 来自微博weibo.com", "transmit": " 转发 1565", "comment": "评论 5310", "zan": " 89996"}, {"text": "\n                    【华为前员工被羁押251天，案件两次退侦、罪名两次变更 华为公关人员：暂无官方答复】“我觉得眼前有座大山。但这座大山，我现在翻不过去。”2005年起，李洪元在华为及其旗下子公司工作了12年。2018年初第7次合同到期后，华为决定不再与其续约，双方商谈后确定，公司对其以“2N”的标准进行离职补偿， ​  展开全文c \n                    【华为前员工被羁押251天，案件两次退侦、罪名两次变更 华为公关人员：暂无官方答复】“我觉得眼前有座大山。但这座大山，我现在翻不过去。”2005年起，李洪元在华为及其旗下子公司工作了12年。2018年初第7次合同到期后，华为决定不再与其续约，双方商谈后确定，公司对其以“2N”的标准进行离职补偿，补偿总金额38万余元。拿到补偿的9个月后，李洪元被深圳公安机关刑拘、逮捕，最终被深圳市龙岗区检察院决定不起诉。在被羁押的251天里，他先后涉嫌职务侵占、侵犯商业秘密、敲诈勒索三个罪名。从相关法律文书和李洪元辩护律师的调查结果来看，李洪元被抓源于华为的控告。12月1日华为HR人员何某东向记者表示，控告李洪元的事情“和华为公司无关”，也和自己无关，“你可以去联系检察院那边，可以了解更清晰的真相”。12月2日上午，华为的一名公关人员称，针对李洪元的事，现在还没有官方答复。12月2日上午，电龙岗区检察院一名工作人员表示，“我们的文书都是公开的，上面的落款是我们单位那就可以代表我们的说法。”该工作人员还表示，如果是检察院公开的文书都会隐去当事人姓名，“现在所有的公开都不是我们主动的公开。”采访全文：O华为前员工被羁押251天 案件两次退侦、罪名两次变更 收起全文d\n", "author": "搜狐新闻", "time": "搜狐新闻2019年12月02日13:13 来自微博weibo.com", "transmit": " 转发 1380", "comment": "评论 1681", "zan": " 16108"}, {"text": "\n                    【被加拿大拘押一周年，#孟晚舟发公开信#：苦难把岁月拉长】在被加拿大拘押一周年之际，华为“心声社区”12月2日发布了一封孟晚舟12月1日写于加拿大温哥华的公开信。孟晚舟在信中说，这一年，经历了恐惧和痛苦，失望和无奈，煎熬和挣扎。这一年，学会了坚强承受，从容面对，不畏未知。在信中，孟晚舟还 ​  展开全文c \n                    【被加拿大拘押一周年，#孟晚舟发公开信#：苦难把岁月拉长】在被加拿大拘押一周年之际，华为“心声社区”12月2日发布了一封孟晚舟12月1日写于加拿大温哥华的公开信。孟晚舟在信中说，这一年，经历了恐惧和痛苦，失望和无奈，煎熬和挣扎。这一年，学会了坚强承受，从容面对，不畏未知。在信中，孟晚舟还感谢大家对她的温暖和鼓励，“亲爱的你们，这些温暖都是照亮我前行的灯塔！”2018年12月1日，孟晚舟在温哥华机场被加拿大警方拘押，至今未获自由。（环球网） 收起全文d\n", "author": "头条新闻", "time": "头条新闻2019年12月02日11:05 来自微博weibo.com", "transmit": " 转发 698", "comment": "评论 1494", "zan": " 5050"}, {"text": "\n                    你如何看待#华为前员工被拘251天# 事件的回应？#数据化管理的微调查# 你如何看待华为对事件的回应？ ​                ", "author": "数据化管理", "time": "数据化管理2019年12月02日21:58 来自iPhone11Pro", "transmit": " 转发 82", "comment": "评论 372", "zan": " 11144"}, {"text": "\n                    【#华为前员工#：并非主动曝光 希望和华为沟通】一笔30万元的离职赔偿款反成“敲诈勒索金”，华为前员工李洪元遭到251天拘留一事正在持续发酵。李洪元表示“我8月被释放，但拿到国家赔偿是在上周三。网上被曝光的是《刑事赔偿决定书》是上周才有的文件。拿到赔偿后，我挺开心的，就把这份决定书分享到 ​  展开全文c \n                    【#华为前员工#：并非主动曝光 希望和华为沟通】一笔30万元的离职赔偿款反成“敲诈勒索金”，华为前员工李洪元遭到251天拘留一事正在持续发酵。李洪元表示“我8月被释放，但拿到国家赔偿是在上周三。网上被曝光的是《刑事赔偿决定书》是上周才有的文件。拿到赔偿后，我挺开心的，就把这份决定书分享到了华为离职员工维权群里，期望有人能帮忙发到华为心声内网，以恢复名誉。结果不知道是谁发到外面去了，我自己也非常着急。”O华为被拘251天前员工：并非主动曝光 希望和华为沟通 收起全文d\n", "author": "新浪财经", "time": "新浪财经2019年12月02日10:00 来自微博weibo.com", "transmit": " 转发 759", "comment": "评论 798", "zan": " 24937"}, {"text": "\n#被拘押一周年孟晚舟发公开信#【被拘押一周年，#孟晚舟发公开信#：苦难把岁月拉长】在被加拿大拘押一周年之际，华为“心声社区”12月2日发布了一封孟晚舟12月1日写于加拿大温哥华的公开信。孟晚舟在信中说，这一年，经历了恐惧和痛苦，失望和无奈，煎熬和挣扎。这一年，学会了坚强承受，从容面对，不畏 ​  展开全文c \n#被拘押一周年孟晚舟发公开信#【被拘押一周年，#孟晚舟发公开信#：苦难把岁月拉长】在被加拿大拘押一周年之际，华为“心声社区”12月2日发布了一封孟晚舟12月1日写于加拿大温哥华的公开信。孟晚舟在信中说，这一年，经历了恐惧和痛苦，失望和无奈，煎熬和挣扎。这一年，学会了坚强承受，从容面对，不畏未知。在信中，孟晚舟还感谢大家对她的温暖和鼓励，“亲爱的你们，这些温暖都是照亮我前行的灯塔！”2018年12月1日，孟晚舟在温哥华机场被加拿大警方拘押，至今未获自由。O被加拿大拘押一周年，孟晚舟发公开信：苦难把岁月拉长 收起全文d\n", "author": "凤凰网财经", "time": "凤凰网财经2019年12月02日08:39 来自微博weibo.com", "transmit": " 转发 609", "comment": "评论 1417", "zan": " 18656"}, {"text": "\n                    【马上评丨华为该如何对待离职员工，我们又该如何对待华为】30万离职赔偿款、251天拘留、一份《刑事赔偿决定书》，华为前员工李洪元的遭遇近日成为舆论关注的焦点。曾几何时，“狼性”、996这些单向度推崇效率的企业文化彪悍到不需要解释。然而效率独尊的时代总要过去。舆论对大企业离职员工的关注反映 ​  展开全文c \n                    【马上评丨华为该如何对待离职员工，我们又该如何对待华为】30万离职赔偿款、251天拘留、一份《刑事赔偿决定书》，华为前员工李洪元的遭遇近日成为舆论关注的焦点。曾几何时，“狼性”、996这些单向度推崇效率的企业文化彪悍到不需要解释。然而效率独尊的时代总要过去。舆论对大企业离职员工的关注反映出，人性的维度正在变得重要起来。一家大企业是否真的有担当，不仅体现在云端的愿景、宏伟的抱负，更体现在如何对待一个个活生生的人。假如一家企业残酷地对待自家员工，如何相信它会公平诚实地对待合作伙伴和消费者？人们会根据一家公司如何对待员工来决定如何对待这家公司，这很公平自然。企业必须表现出起码的人性意识，用户才能放心将与自身安全攸关的数据交由其保存处理。#华为前员工#O马上评丨华为该如何对待离职员工，我们又该如何对待华为 收起全文d\n", "author": "澎湃新闻", "time": "澎湃新闻2019年12月02日13:36 来自360安全浏览器", "transmit": " 转发 1099", "comment": "评论 2491", "zan": " 20399"}, {"text": "\n                    【网传华为前员工称可以自己的名义来追究某新浪大V的法律责任；但当事人律师发声：“写给任正非的一封信”并非是其所写】就华为前员工李洪元事件，目前华为官方尚未给出回应。据腾讯一线，华为内部人士表示，涉及具体案件，华为正在开会讨论此事，法务已在处理中。据澎湃新闻此前报道，12月1 ​  展开全文c \n                    【网传华为前员工称可以自己的名义来追究某新浪大V的法律责任；但当事人律师发声：“写给任正非的一封信”并非是其所写】就华为前员工李洪元事件，目前华为官方尚未给出回应。据腾讯一线，华为内部人士表示，涉及具体案件，华为正在开会讨论此事，法务已在处理中。据澎湃新闻此前报道，12月1日，李洪元受采访时表示，目前人在深圳，最大的诉求是希望华为跟自己道歉。#华为被拘前员工希望华为道歉# 另据腾讯深网报道，从接近李洪元的知情人士处获悉，自媒体对其事件进行报道和采访以来，他压力非常大，尤其是关于希望能够对话任正非的诉求，受到来自许多舆论的质疑，本人压力过大已买票准备回老家休整。值得注意的是，李洪元在信中提到，“如果公司愿意，可以以我的名义来追究某新浪大V的法律责任。” 最新消息，就网络流传的“写给任正非的一封信”，当事人律师表示，此内容并非是当事人所写。 收起全文d\n", "author": "虎嗅APP", "time": "虎嗅APP2019年12月02日17:59", "transmit": " 转发 567", "comment": "评论 491", "zan": " 3692"}, {"text": "\n                    【华为回应前员工李洪元被拘251天：华为有权利也有义务举报涉嫌违法行为】12月2日晚，华为回应前员工李洪元事件称：华为有权利，也有义务，并基于事实对于涉嫌违法的行为向司法机关举报。我们尊重司法机关，包括公安、检察院和法院的决定。如果李洪元认为他的权益受到了损害，我们支持他运用法律武器维 ​  展开全文c \n                    【华为回应前员工李洪元被拘251天：华为有权利也有义务举报涉嫌违法行为】12月2日晚，华为回应前员工李洪元事件称：华为有权利，也有义务，并基于事实对于涉嫌违法的行为向司法机关举报。我们尊重司法机关，包括公安、检察院和法院的决定。如果李洪元认为他的权益受到了损害，我们支持他运用法律武器维护自己的权益，包括起诉华为。这也体现了法律面前人人平等的法治精神。@人民日报 收起全文d\n", "author": "人民网", "time": "人民网2019年12月02日22:56 来自微博weibo.com", "transmit": " 转发 869", "comment": "评论 5952", "zan": " 43144"}, {"text": "\n                    【#华为回应李洪元事件# ：华为有权利也有义务举报涉嫌违法行为】12月2日晚，华为回应前员工李洪元事件称：华为有权利，也有义务，并基于事实对于涉嫌违法的行为向司法机关举报。“我们尊重司法机关，包括公安、检察院和法院的决定。如果李洪元认为他的权益受到了损害，我们支持他运用法律武器维护自己 ​  展开全文c \n                    【#华为回应李洪元事件# ：华为有权利也有义务举报涉嫌违法行为】12月2日晚，华为回应前员工李洪元事件称：华为有权利，也有义务，并基于事实对于涉嫌违法的行为向司法机关举报。“我们尊重司法机关，包括公安、检察院和法院的决定。如果李洪元认为他的权益受到了损害，我们支持他运用法律武器维护自己的权益，包括起诉华为。这也体现了法律面前人人平等的法治精神。” #华为支持李洪元运用法律武器维权# O华为回应李洪元事件：华为有权利也有义务举报涉嫌违法行为 收起全文d\n", "author": "澎湃新闻", "time": "澎湃新闻2019年12月02日21:39 来自微博weibo.com", "transmit": " 转发 1707", "comment": "评论 2847", "zan": " 21079"}, {"text": "\n                    #华为回应前员工李洪元被拘251天#【#华为回应前员工李洪元事件# 支持李洪元运用法律武器维护自己的权益】华为前员工李洪元离职后被起诉敲诈勒索，羁押251天后，因犯罪事实不清、证据不足释放。近日，李洪元接受多家媒体采访并表达了个人诉求。对此，华为今天作出回应：华为有权利，也有义务，并基于 ​  展开全文c \n                    #华为回应前员工李洪元被拘251天#【#华为回应前员工李洪元事件# 支持李洪元运用法律武器维护自己的权益】华为前员工李洪元离职后被起诉敲诈勒索，羁押251天后，因犯罪事实不清、证据不足释放。近日，李洪元接受多家媒体采访并表达了个人诉求。对此，华为今天作出回应：华为有权利，也有义务，并基于事实对于涉嫌违法的行为向司法机关举报。我们尊重司法机关，包括公安、检察院和法院的决定。如果李洪元认为他的权益受到了损害，我们支持他运用法律武器维护自己的权益，包括起诉华为。这也体现了法律面前人人平等的法治精神。O华为回应前员工李洪元事件：支持他运用法律武器维护权益，包括起诉华为（央视新闻） #华为支持李洪元运用法律武器维权# 收起全文d\n", "author": "环球网", "time": "环球网2019年12月02日21:37", "transmit": " 转发 1150", "comment": "评论 3503", "zan": " 11206"}, {"text": "\n                    《华为，请立即向前员工李洪元道歉》一文在此可读。 ​                ", "author": "洛杉矶房东", "time": "洛杉矶房东2019年12月02日00:04 来自iPhone11", "transmit": " 转发 2962", "comment": "评论 798", "zan": " 9232"}, {"text": "\n                    【#华为回应前员工被羁押251天#：支持他维权】#华为支持李洪元运用法律武器维权#华为前员工李洪元离职后被起诉敲诈勒索，羁押251天后，因犯罪事实不清、证据不足释放。近日，李洪元接受多家媒体采访并表达了个人诉求。对此，华为今天作出回应：华为有权利，也有义务，并基于事实对于涉嫌违法的行为向司 ​  展开全文c \n                    【#华为回应前员工被羁押251天#：支持他维权】#华为支持李洪元运用法律武器维权#华为前员工李洪元离职后被起诉敲诈勒索，羁押251天后，因犯罪事实不清、证据不足释放。近日，李洪元接受多家媒体采访并表达了个人诉求。对此，华为今天作出回应：华为有权利，也有义务，并基于事实对于涉嫌违法的行为向司法机关举报。如果李洪元认为他的权益受到了损害，我们支持他运用法律武器维护自己的权益，包括起诉华为。（央视新闻） 收起全文d\n", "author": "中国新闻网", "time": "中国新闻网2019年12月02日21:55 来自微博weibo.com", "transmit": " 转发 442", "comment": "评论 4521", "zan": " 30300"}, {"text": "\n                    【#华为回应李洪元事件#：支持李洪元运用法律武器维护自己的权益】据央视新闻客户端报道，华为今天就“李洪元事件”作出回应：华为有权利，也有义务，并基于事实对于涉嫌违法的行为向司法机关举报。我们尊重司法机关，包括公安、检察院和法院的决定。如果李洪元认为他的权益受到了损害，我们支持他运用 ​  展开全文c \n                    【#华为回应李洪元事件#：支持李洪元运用法律武器维护自己的权益】据央视新闻客户端报道，华为今天就“李洪元事件”作出回应：华为有权利，也有义务，并基于事实对于涉嫌违法的行为向司法机关举报。我们尊重司法机关，包括公安、检察院和法院的决定。如果李洪元认为他的权益受到了损害，我们支持他运用法律武器维护自己的权益，包括起诉华为。这也体现了法律面前人人平等的法治精神。O华为回应前员工李洪元事件：支持李洪元运用法律武器维护自己的权益 收起全文d\n", "author": "凤凰网", "time": "凤凰网2019年12月02日21:34 来自微博weibo.com", "transmit": " 转发 618", "comment": "评论 6068", "zan": " 49817"}]