[{"text": "\n#德国反对将华为排除在5G建设之外#【默克尔重申：反对将华为排除在5G网络建设之外】德国总理默克尔在德国联邦议院上重申，反对将华为公司排除在5G网络建设范围之外。默克尔称，她赞成尽一切努力确保网络安全，华为不仅在德国，在欧洲其他国家都参与了第二、第三和第四代网络建设。O默克尔重申：反对将华为排除在5G网络建设之外 ​                ", "author": "新浪科技", "time": "新浪科技2019年12月19日08:30 来自微博weibo.com", "transmit": " 转发 688", "comment": "评论 654", "zan": " 59005"}, {"text": "\n#德国反对将华为排除在5G建设之外#【默克尔：我没有从中国政府听到任何为华为向德国施压的声音】“我没有从中国政府听到任何施压的声音。”据法新社消息，当地时间18日，德国总理默克尔在被问及北京是否正施压柏林无视禁止华为参与德国5G建设的呼声时作出上述回应。报道称，向默克尔提问的是德国议员， ​  展开全文c \n#德国反对将华为排除在5G建设之外#【默克尔：我没有从中国政府听到任何为华为向德国施压的声音】“我没有从中国政府听到任何施压的声音。”据法新社消息，当地时间18日，德国总理默克尔在被问及北京是否正施压柏林无视禁止华为参与德国5G建设的呼声时作出上述回应。报道称，向默克尔提问的是德国议员，而默克尔也重申，她反对单独排除任何企业。O关键时刻，默克尔说了句公道话！ 收起全文d\n", "author": "环球网", "time": "环球网2019年12月19日16:29 来自微博weibo.com", "transmit": " 转发 121", "comment": "评论 202", "zan": " 3836"}, {"text": "\n#德国反对将华为排除在5G建设之外#德国总理默克尔在德国联邦议院上重申，反对将华为公司排除在5G网络建设范围之外。你认为在全球化的时代有国家会配合美国吗？ 你认为在全球化的时代有国家会配合美国吗？ ​                ", "author": "工业科技迷", "time": "工业科技迷2019年12月19日17:40 来自非iPhone11", "transmit": " 转发 16", "comment": "评论 67", "zan": " 15733"}, {"text": "\n                    【默克尔重申：#德国反对将华为排除在5G建设之外# 】12月18日，德国总理默克尔在德国联邦议院上重申，反对将华为公司排除在5G网络建设范围之外。默克尔称，她赞成尽一切努力确保网络安全，华为不仅在德国，在欧洲其他国家都参与了第二、第三和第四代网络建设。  L老板联播的微博视频 ​​​                ", "author": "新浪科技", "time": "新浪科技2019年12月19日18:05 来自科技·视频社区", "transmit": " 转发 37", "comment": "评论 93", "zan": " 1010"}, {"text": "\n                    泫雅新专辑的封面太美了吧，简直就是花园美少女! 整个 look 看得小杨也是心痒痒的，想画一个这样美美的仿妆。 步骤都在图里啦，喜欢的姐妹们也可以试着画画看。 对了，这组照片是用最新的#华为nova6# 5G拍滴，不管多远多近的距离都能拍的很清晰， 离脸 20cm 自动对焦，睫毛根根分明，妆容细节清晰， ​  展开全文c \n                    泫雅新专辑的封面太美了吧，简直就是花园美少女! 整个 look 看得小杨也是心痒痒的，想画一个这样美美的仿妆。 步骤都在图里啦，喜欢的姐妹们也可以试着画画看。 对了，这组照片是用最新的#华为nova6# 5G拍滴，不管多远多近的距离都能拍的很清晰， 离脸 20cm 自动对焦，睫毛根根分明，妆容细节清晰，真的厉害了！#自拍大不一样# 收起全文d\n", "author": "112页", "time": "112页2019年12月19日19:30 来自微博weibo.com", "transmit": " 转发 40", "comment": "评论 1769", "zan": " 1614"}, {"text": "\n                    你心目中的2019年最强安卓旗舰是哪一部？华为Mate 30 Pro？一加7T Pro？小米9 Pro？三星Note10+？（只能发4个选项，大家见谅） 你心目中的2019年最强安卓旗舰是哪一部？ ​                ", "author": "移动叔叔", "time": "移动叔叔2019年12月19日11:14 来自微博十大热心吃瓜群众", "transmit": " 转发 172", "comment": "评论 436", "zan": " 24807"}, {"text": "\n                    点赞沈阳警方半夜通报：1提级侦办；2重申自查；3决心办成铁案，三个点重树公信、恢复信任。这是近阶段看到海啸與情中官方最快的、也是最诚恳之一的响应，同时没有推诿给所谓法律、推卸给舆情监管部门，推责给这个那个势力，比手机企业好多了，有担当的一个机构     从西安奔驰女到华为251，傲慢 ​  展开全文c \n                    点赞沈阳警方半夜通报：1提级侦办；2重申自查；3决心办成铁案，三个点重树公信、恢复信任。这是近阶段看到海啸與情中官方最快的、也是最诚恳之一的响应，同时没有推诿给所谓法律、推卸给舆情监管部门，推责给这个那个势力，比手机企业好多了，有担当的一个机构     从西安奔驰女到华为251，傲慢、错误的危机应对，自身不解决，甚至动用环球时报，而正能量的與论本质上不是私器，每动用一次都是让其实并不属于媒体的公器背书一次，这些操作者真是视而不见：这都是让高维度监管的公信、国家的公信、爱国网友的热情损耗于他处、在买单。【警情通报】2019年9月19日，沈阳大学2018级研究生王某宇被本校同学殴打并持水果刀划伤致轻伤二级。沈阳市公安局经过初步调查，已决定将案件提级管辖，由市局成立专案组负责侦办此案，务求将该案办成铁案。同时，已责成由市局纪检监察、警务督察和法制控申等部门组成的联合调查组，对该案执法办案过程全面彻查，并据情对存在慢作为等问题的责任人员依纪依规严肃处理。案件侦办和调查处理情况将及时向社会公布。沈阳市公安局衷心感谢广大网友一直以来对沈阳公安工作的厚爱与监督，希望广大网友继续对我们的工作给予关心和支持。 #沈大捅伤学生事件三人被刑拘##沈阳市公安局回应在校大学生被伤害# #沈阳大学研究生被捅# #沈阳大学# #沈阳大学学生被伤害已被立为刑事案件# #因奖学金被同学打伤住院# 收起全文d\n", "author": "凯雷", "time": "凯雷2019年12月19日01:54", "transmit": " 转发 1114", "comment": "评论 660", "zan": " 5543"}, {"text": "\n                    带着#华为MatePad#Pro出差，踩点了电影#南方车站的聚会#取景地，非常高效的生产力工具。 L林初寒的微博视频 ​                ", "author": "林初寒", "time": "林初寒2019年12月19日22:30 来自微博weibo.com", "transmit": " 转发 3343", "comment": "评论 2236", "zan": " 10315"}, {"text": "\n                    人类可抵达海拔8844.43米的珠峰之巅，但仅凭闭一口气能够下潜的海底极限又是多少？自由潜水正是世界上最危险的极限运动之一。林子路导演新纪录片《无际蓝》讲述主人公陆文婕从“双料女博士”到自由潜“女神”的身份转换，突破内心恐惧，挑战人体生理极限；自古英雄多磨难，无论是攀登珠穆朗玛峰的北坡 ​  展开全文c \n                    人类可抵达海拔8844.43米的珠峰之巅，但仅凭闭一口气能够下潜的海底极限又是多少？自由潜水正是世界上最危险的极限运动之一。林子路导演新纪录片《无际蓝》讲述主人公陆文婕从“双料女博士”到自由潜“女神”的身份转换，突破内心恐惧，挑战人体生理极限；自古英雄多磨难，无论是攀登珠穆朗玛峰的北坡精神，还是挑战人类负海拔的自由深潜，只有不断打破自我限定，才能拥抱属于自己的无际蓝。  L中国国家地理的微博视频 收起全文d\n", "author": "中国国家地理", "time": "中国国家地理2019年12月19日18:40 来自微博weibo.com", "transmit": " 转发 240", "comment": "评论 162", "zan": " 991"}, {"text": "\n                    数字生活，一起更美好。今年#DigiX数字生活节#已走过九城，即将迎来2019年收官之站——深圳站。12月20日至2020年1月3日，我们一起探索更美好的数字生活；来DigiX读书会与故宫学院院长单霁翔#遇见故宫600年# ；与萨克斯演奏家杨桐在DigiX艺视界欢度圣诞。转评本微博为今年的自己打个分，抽送华为Nova5一 ​  展开全文c \n                    数字生活，一起更美好。今年#DigiX数字生活节#已走过九城，即将迎来2019年收官之站——深圳站。12月20日至2020年1月3日，我们一起探索更美好的数字生活；来DigiX读书会与故宫学院院长单霁翔#遇见故宫600年# ；与萨克斯演奏家杨桐在DigiX艺视界欢度圣诞。转评本微博为今年的自己打个分，抽送华为Nova5一台。 O抽奖详情 收起全文d\n", "author": "华为终端云服务", "time": "华为终端云服务2019年12月19日11:45 来自微博weibo.com", "transmit": " 转发 1388", "comment": "评论 1212", "zan": " 433"}, {"text": "\n#德国反对将华为排除在5G建设之外#还是那句任正非说过的话：“华为5G，谁不买谁傻。”嚣张但是实在#5G为何硬核# L麻辣小移妹的微博视频 ​                ", "author": "麻辣小移妹", "time": "麻辣小移妹2019年12月19日16:17", "transmit": " 转发 66", "comment": "评论 236", "zan": " 2963"}, {"text": "\n                    【默克尔：我没有从中国政府听到任何为华为向德国施压的声音】“我没有从中国政府听到任何施压的声音。”据法新社消息，当地时间18日，德国总理默克尔在被问及北京是否正施压柏林无视禁止华为参与德国5G建设的呼声时作出上述回应。报道称，向默克尔提问的是德国议员，而默克尔也重申，她反对单独排除任 ​  展开全文c \n                    【默克尔：我没有从中国政府听到任何为华为向德国施压的声音】“我没有从中国政府听到任何施压的声音。”据法新社消息，当地时间18日，德国总理默克尔在被问及北京是否正施压柏林无视禁止华为参与德国5G建设的呼声时作出上述回应。报道称，向默克尔提问的是德国议员，而默克尔也重申，她反对单独排除任何企业。安哥：欢迎各国搭乘中国发展的高速列车！L老板联播的微博视频 #德国反对将华为排除在5G建设之外# 收起全文d\n", "author": "中国长安网", "time": "中国长安网2019年12月19日18:53 来自科技·视频社区", "transmit": " 转发 72", "comment": "评论 164", "zan": " 710"}, {"text": "\n                    每次去旅行，却只会拍路人照？#华为nova6#5G在线视频教学，解锁你的自拍力，从此让你的旅行#自拍大不一样#，马上拍一张试试吧！ L自拍大不一样 ​                ", "author": "华为终端官方微博", "time": "华为终端官方微博2019年12月19日10:00 来自微博weibo.com", "transmit": " 转发 509", "comment": "评论 544", "zan": " 1744"}, {"text": "\n                    心理学、管理学最实用的18个定律 ​​​#德国反对将华为排除在5G建设之外#  ​                ", "author": "职场大讲坛", "time": "职场大讲坛2019年12月19日18:47 来自vivoAI智慧拍照X21", "transmit": " 转发 106", "comment": "评论 ", "zan": " 84"}, {"text": "\n                    曾经看过季未燃手绘的插画作品，真的令人叹服。坚持自我，看清心中热爱，#华为nova6#5G前置自动对焦功能，实现自拍“远近都清晰”，为他记录更清晰的自我。#自拍大不一样#L时尚芭莎BazaarV的秒拍视频 ​                ", "author": "Awesomethings", "time": "Awesomethings2019年12月19日16:50 来自微博weibo.com", "transmit": " 转发 317", "comment": "评论 1053", "zan": " 1938"}, {"text": "\n                    戴上#华为VR#Glass，一度认为自己进入了另一个星球，新时代必备娱乐神器，没跑了！ L华为终端官方微博的秒拍视频 ​                ", "author": "教父娱乐", "time": "教父娱乐2019年12月19日14:40 来自微博weibo.com", "transmit": " 转发 857", "comment": "评论 454", "zan": " 2223"}, {"text": "\n阿云嘎阿云嘎北京到达听说阿云嘎有空间识别障碍（说人话！哦。。就是路痴），这是在用华为室内导航在找行李吗？其实可以不用的，我可以带路的，帅哥哥（*/∇＼*） L娱情前线的微博视频 ​​​                ", "author": "娱情前线", "time": "娱情前线2019年12月19日12:14 来自阿云嘎超话", "transmit": " 转发 284", "comment": "评论 154", "zan": " 767"}, {"text": "\n                    万物皆互联，世界更智能 #5G来了，选择华为云# L华为中国的微博视频 ​                ", "author": "华为中国", "time": "华为中国2019年12月19日22:31 来自微博视频", "transmit": " 转发 329", "comment": "评论 710", "zan": " 4864"}, {"text": "\n                    【默克尔：中国政府并未施加压力 #德国反对将华为排除在5g建设之外# 】12月18日，德国联邦议院上，德国总理默克尔重申反对将华为排除在5G网络建设之外：“我原则上反对将一家公司排除在外，但我支持尽一切努力确保安全……对我，中国政府并未说什么施加压力。”@世面 L新京报我们视频的秒拍视频 ​                ", "author": "新京报我们视频", "time": "新京报我们视频2019年12月19日19:56 来自科技·视频社区", "transmit": " 转发 24", "comment": "评论 29", "zan": " 243"}, {"text": "\n                    你用什么手机？#德国反对将华为排除在5G建设之外# 你现在用的什么手机 ​                ", "author": "沈阳大小事", "time": "沈阳大小事2019年12月19日17:21 来自抽奖博主的Android", "transmit": " 转发 24", "comment": "评论 29", "zan": " 4813"}, {"text": "\n                    发布了头条文章：《买在分歧日》 财经每日必读 #微博赚钱季#  周四华为/科技+影视文化/网络游戏+新能源汽车最强，大金融(券商）分化，区块链+大基建/周期+养殖板块有企稳的迹象;主板缩量上涨（预设明日继续回踩，观察成交量能否有效放大）强势股接力的亏钱效应放大，高标纷纷调整，前期人气板 ​  展开全文c \n                    发布了头条文章：《买在分歧日》 财经每日必读 #微博赚钱季#  周四华为/科技+影视文化/网络游戏+新能源汽车最强，大金融(券商）分化，区块链+大基建/周期+养殖板块有企稳的迹象;主板缩量上涨（预设明日继续回踩，观察成交量能否有效放大）强势股接力的亏钱效应放大，高标纷纷调整，前期人气板块工业大麻等轮动反弹，明日星期六，绿庭投资等作为情绪标杆观察，空间板高度到5板，首板数量减少，明日强势股接力赚钱效应大概率会下降，短期震荡会比较剧烈，操作难度会变大，高标不宜盲目接力博傻，作为情绪标杆观察即可，注意高低切换，风险偏好高的可选择首板（反包板）或者1进2进3涨停板套利，最优策略是低吸主线板块人气股和超跌中小创板块等轮动补涨，买在分歧日，低吸富一生。 O买在分歧日 收起全文d\n", "author": "lesliesay", "time": "lesliesay2019年12月19日17:00 来自微博weibo.com", "transmit": " 转发 405", "comment": "评论 202", "zan": " 609"}, {"text": "\n                    【默克尔重申：#德国反对将华为排除在5G建设之外# 】12月18日，德国总理默克尔在德国联邦议院上重申，反对将华为公司排除在5G网络建设范围之外。默克尔称，她赞成尽一切努力确保网络安全，华为不仅在德国，在欧洲其他国家都参与了第二、第三和第四代网络建设。 @老板联播 L老板联播的微博视频 ​                ", "author": "梨视频", "time": "梨视频2019年12月19日18:50 来自科技·视频社区", "transmit": " 转发 9", "comment": "评论 21", "zan": " 95"}, {"text": "\n                    2019年，我们迎来了5G的商用元年，也迎来了很多机遇和挑战；2020年，荣耀将继续用青春和热血，与世界对饮。12月21日，明哥在#花粉年会#上等你们，欢迎全球的花粉们回家！ @花粉俱乐部 L荣耀手机的秒拍视频 ​                ", "author": "赵明-George", "time": "赵明-George2019年12月19日10:03 来自其他综合·视频社区", "transmit": " 转发 111", "comment": "评论 233", "zan": " 1248"}, {"text": "\n                    在美国和反对党的共同压力下，德国政府被迫推迟决定是否允许华为参与德国的5G建设 L上帝之鹰_5zn的微博视频 ​                ", "author": "上帝之鹰_5zn", "time": "上帝之鹰_5zn2019年12月19日00:42 来自微博weibo.com", "transmit": " 转发 55", "comment": "评论 286", "zan": " 3210"}, {"text": "\n                    已经在用华为5G了，真香#德国反对将华为排除在5G建设之外# ​                ", "author": "全景一哥", "time": "全景一哥2019年12月19日16:59 来自HUAWEIMate30Pro5G", "transmit": " 转发 93", "comment": "评论 262", "zan": " 2393"}, {"text": "\n                    德国之声这个华为的片子大家看一下 L腥闻人的微博视频 ​                ", "author": "腥闻人", "time": "腥闻人2019年12月19日04:09 来自iPhoneXSMax", "transmit": " 转发 149", "comment": "评论 50", "zan": " 501"}, {"text": "\n#德国反对将华为排除在5G建设之外#【默克尔：我没有从中国政府听到任何为华为向德国施压的声音】“我没有从中国政府听到任何施压的声音。”据法新社消息，当地时间18日，德国总理默克尔在被问及北京是否正施压柏林无视禁止华为参与德国5G建设的呼声时作出上述回应。报道称，向默克尔提问的是德国议员， ​  展开全文c \n#德国反对将华为排除在5G建设之外#【默克尔：我没有从中国政府听到任何为华为向德国施压的声音】“我没有从中国政府听到任何施压的声音。”据法新社消息，当地时间18日，德国总理默克尔在被问及北京是否正施压柏林无视禁止华为参与德国5G建设的呼声时作出上述回应。报道称，向默克尔提问的是德国议员，而默克尔也重申，她反对单独排除任何企业。（环球网） 收起全文d\n", "author": "侠客岛", "time": "侠客岛2019年12月19日19:00", "transmit": " 转发 27", "comment": "评论 105", "zan": " 738"}, {"text": "\n                    对白·让我们和更好的你聊聊 EP06金一南将军最新震撼演讲：美国为何打压华为？（EP5→O网页链接 L武力统一的微博视频 ​                ", "author": "武力统一", "time": "武力统一2019年12月19日16:53 来自武统超话", "transmit": " 转发 240", "comment": "评论 31", "zan": " 216"}, {"text": "\n                    全球销量可以吊打苹果和华为，为啥在国内就混不下去了？ ​                ", "author": "科技新一", "time": "科技新一2019年12月19日23:46", "transmit": " 转发 63", "comment": "评论 1741", "zan": " 7556"}, {"text": "\n                    whatttt？在家就能体验划船！不仅如此，还有IMAX巨幕+海量内容，简直太coooool！今天10点开售，作为时尚潮人的你，不来一个吗！#华为VR# L华为终端官方微博的秒拍视频 ​                ", "author": "柚子娱乐", "time": "柚子娱乐2019年12月19日13:55 来自微博weibo.com", "transmit": " 转发 440", "comment": "评论 379", "zan": " 2830"}]