[{"text": "\n                    【人民网评：峥嵘2019，我们在伟大斗争中成长】过去的一年，有机遇也有挑战。中美经贸摩擦给我们上了“形势教育课”，“香港修例风波”给我们上了“西式民主课”，“极限施压”华为给我们上了“斗争实践课”，在风云激荡中，我们夺取了伟大斗争新胜利。克服发展过程中的阶段性困难，解决成长过程中的适 ​  展开全文c \n                    【人民网评：峥嵘2019，我们在伟大斗争中成长】过去的一年，有机遇也有挑战。中美经贸摩擦给我们上了“形势教育课”，“香港修例风波”给我们上了“西式民主课”，“极限施压”华为给我们上了“斗争实践课”，在风云激荡中，我们夺取了伟大斗争新胜利。克服发展过程中的阶段性困难，解决成长过程中的适应性挑战，我们才能变得更强，走得更远。O人民网评：峥嵘2019，我们在伟大斗争中成长 收起全文d\n", "author": "人民网", "time": "人民网2019年12月29日08:45 来自微博weibo.com", "transmit": " 转发 248", "comment": "评论 102", "zan": " 553"}, {"text": "\n                    【不论华为如何解释，美国主持人：反正我不同意】华为事件爆发后，华为美国分公司首席安全官安迪⋅珀迪（Andy Purdy）面对美媒数轮“集火”，均一一化解。本周《华尔街日报》一篇针对华为的失实报道，引起美媒“自嗨”。尽管华为方面已经对报道做出回应，但CNBC新闻网本月27日再度邀请珀迪做客编 ​  展开全文c \n                    【不论华为如何解释，美国主持人：反正我不同意】华为事件爆发后，华为美国分公司首席安全官安迪⋅珀迪（Andy Purdy）面对美媒数轮“集火”，均一一化解。本周《华尔街日报》一篇针对华为的失实报道，引起美媒“自嗨”。尽管华为方面已经对报道做出回应，但CNBC新闻网本月27日再度邀请珀迪做客编辑部，要求后者澄清报道内容。然而，采访过程中CNBC多次打断座上宾的发言。主持人甚至无视珀迪的阐述，坚信美国主流媒体报道，说出“反正我不同意（珀迪的说辞）”的话。这种做法引起部分网民愤慨。有人称美国主流媒体在香港问题的报道上已经“翻车”多次，这主持人竟然还信。也有人将此联想到去年彭博社著名的“芯片门”报道，称这又是一次美国主流媒体的政治宣传。O不论华为如何解释，美国主持人：反正我不同意 收起全文d\n", "author": "观察者网", "time": "观察者网2019年12月29日16:21 来自iPhone7Plus", "transmit": " 转发 243", "comment": "评论 465", "zan": " 4141"}, {"text": "\n#读懂2019，通往2020# 读书大概是这世上最划算的一件事了，花上少许时间，即可学习人家一辈子的经验。而数字阅读的普及更让读书变得简单方便，不必再为包里装不下一本书而发愁，一部手机、一个APP即可随时随地丰富我们的精神世界。#华为阅读# 联合新周刊发布的这份年度书单，让你轻松了解过去这一年广 ​  展开全文c \n#读懂2019，通往2020# 读书大概是这世上最划算的一件事了，花上少许时间，即可学习人家一辈子的经验。而数字阅读的普及更让读书变得简单方便，不必再为包里装不下一本书而发愁，一部手机、一个APP即可随时随地丰富我们的精神世界。#华为阅读# 联合新周刊发布的这份年度书单，让你轻松了解过去这一年广大网友门都读过哪些“宝藏”好书，人文历史、传记纪实、情感小说.....各类书单应有尽有，书荒的读者可尽情马住。（图片来源：新周刊） 收起全文d\n", "author": "思想聚焦", "time": "思想聚焦2019年12月29日17:25 来自微博weibo.com", "transmit": " 转发 286", "comment": "评论 89", "zan": " 874"}, {"text": "\n                    【华为新员工入职：180天详细培训计划！】新员工的前6个月的培养周期往往体现出企业对于人才培养的重视程度，但许多企业往往只将重点放在前15天，导致力新生代员工的离职率高峰出现在入职第6个月到1年，让企业损失大量的成本，如何快速提升新员工的能力，取决于前180天管理者做了什么。 ​                ", "author": "老高电商圈子", "time": "老高电商圈子2019年12月29日15:00 来自微博weibo.com", "transmit": " 转发 214", "comment": "评论 109", "zan": " 249"}, {"text": "\n                    余承东前半辈子没做手机的经验，被任正非赶鸭子上架。做了一款手机，反应不快、发热倒挺快，气的任正非把手机砸在了他的脸上。余承东不气馁，一口气做了5款手机，都失败了。华为内部都传言说，余承东快下课了。关键时刻，任正非站了出来：不支持余承东，就是不支持我。任正非还送了余承东一架战斗机 ​  展开全文c \n                    余承东前半辈子没做手机的经验，被任正非赶鸭子上架。做了一款手机，反应不快、发热倒挺快，气的任正非把手机砸在了他的脸上。余承东不气馁，一口气做了5款手机，都失败了。华为内部都传言说，余承东快下课了。关键时刻，任正非站了出来：不支持余承东，就是不支持我。任正非还送了余承东一架战斗机模型，鼓励他从零起飞。余承东把所有资源，都砸在了华为P6上，研发队伍达上千人。手机上的背板，供应商试了100万片，才敢量产。结果，华为P6引爆市场。华为手机一路凯歌，成为了中国第一全球第二。华为手机业务今年营业额破4000亿，成为华为最大的业务板块。#证券法修订草案获通过##华为##股票# 收起全文d\n", "author": "价值投资日志", "time": "价值投资日志2019年12月29日22:28 来自iPhoneX", "transmit": " 转发 608", "comment": "评论 2309", "zan": " 12159"}, {"text": "\n#DigiX数字生活节#华为阅读·DigiX读书会深圳站已经圆满收官啦！小云还沉浸在单霁翔老师做#遇见故宫600年#主题演讲时的火爆气氛中。错过了现场感受也没关系，戳视频小云带你回顾精彩，单霁翔老师金句频出，你印象最深刻的是哪一句？转评随机抽送华为Nova5一台。L华为终端云服务的秒拍视频 ​                ", "author": "华为终端云服务", "time": "华为终端云服务2019年12月29日23:24 来自互联网·视频社区", "transmit": " 转发 1465", "comment": "评论 1034", "zan": " 379"}, {"text": "\n华为公布HUAWEI HiCar智慧互联以来，大家都一直期盼着看到实车的一天。今天，首款搭载HUAWEI HiCar智慧互联的新宝骏RC-6登场，才让人恍然大悟，也惊喜满满！不仅有各种黑科技功能，更让人没想到的是，各大互联网巨头与新宝骏组成了“全家桶式”生态互联，完全颠覆了过往对智能出行的想象！ ​  展开全文c \n华为公布HUAWEI HiCar智慧互联以来，大家都一直期盼着看到实车的一天。今天，首款搭载HUAWEI HiCar智慧互联的新宝骏RC-6登场，才让人恍然大悟，也惊喜满满！不仅有各种黑科技功能，更让人没想到的是，各大互联网巨头与新宝骏组成了“全家桶式”生态互联，完全颠覆了过往对智能出行的想象！#我就要Hi出你想象#！#2019最后3天#@新宝骏汽车 收起全文d\n", "author": "互联网全资讯", "time": "互联网全资讯2019年12月29日22:30 来自微博weibo.com", "transmit": " 转发 2717", "comment": "评论 3181", "zan": " 7015"}, {"text": "\n                    名场面，3699的小米电视5Pro对战2999的荣耀智慧屏标准版    前几天我做了几个动图，感觉这个场景太适合这几天，小米电视还有荣耀智慧屏的拆机对比了，忍不住做了个视频，越看越想笑    听说卢伟冰，卢总这两天又在研究华为nova6和荣耀V30系列了，新的一批带货又开始了吗？要不要也搞一 ​  展开全文c \n                    名场面，3699的小米电视5Pro对战2999的荣耀智慧屏标准版    前几天我做了几个动图，感觉这个场景太适合这几天，小米电视还有荣耀智慧屏的拆机对比了，忍不住做了个视频，越看越想笑    听说卢伟冰，卢总这两天又在研究华为nova6和荣耀V30系列了，新的一批带货又开始了吗？要不要也搞一个这两款手机对比小米旗舰手机还有红米redmi旗舰手机的拆机呢？    评论区艾特一下，你们最想让他看的人吧！ L长安数码君的微博视频 收起全文d\n", "author": "长安数码君", "time": "长安数码君2019年12月29日18:09 来自影视剪辑·视频社区", "transmit": " 转发 181", "comment": "评论 487", "zan": " 2646"}, {"text": "\n                    说好一起用荣耀，你却换成了苹果。著名游泳运动员孙杨曾在某科技品牌发布会上表示：“中国有13亿人，如果每个人都用上华为荣耀手机，那么我们的祖国就会越来越强大。”你怎么看？ LSun_刘磊的微博视频 ​                ", "author": "Sun_刘磊", "time": "Sun_刘磊2019年12月29日20:28", "transmit": " 转发 105", "comment": "评论 712", "zan": " 3193"}, {"text": "\n#DigiX数字生活节#华为阅读·DigiX读书会深圳站正在火热进行中，单霁翔老师给我们带来主题为#遇见故宫600年#的演讲。现场金句频出，观众们掌声阵阵，气氛十分热烈！小云为大家带来部分金句摘录。“我不是重量级，我在减肥呢”、“我不是网红，我是被网红”、“我嗓子总是沙哑的是维持秩序喊出来的 ​  展开全文c \n#DigiX数字生活节#华为阅读·DigiX读书会深圳站正在火热进行中，单霁翔老师给我们带来主题为#遇见故宫600年#的演讲。现场金句频出，观众们掌声阵阵，气氛十分热烈！小云为大家带来部分金句摘录。“我不是重量级，我在减肥呢”、“我不是网红，我是被网红”、“我嗓子总是沙哑的是维持秩序喊出来的”、“大家一定要牢记，一个人要多做好事啊”。 收起全文d\n", "author": "华为终端云服务", "time": "华为终端云服务2019年12月29日20:46 来自HUAWEIMate30Pro", "transmit": " 转发 1716", "comment": "评论 33", "zan": " 67"}, {"text": "\n#DigiX数字生活节#读书会上，单院长的#遇见故宫600年#讲了许多有意思的故事，印象最深的是这个600年，会变成5G智慧故宫，下一个600年，故宫又会发生什么样的改变呢？L华为终端云服务的秒拍视频 ​                ", "author": "热门搞笑排行榜", "time": "热门搞笑排行榜2019年12月29日23:50 来自互联网·视频社区", "transmit": " 转发 310", "comment": "评论 281", "zan": " 785"}, {"text": "\n@陈永东 说几句5G毫米波的事。5G需要更大带宽，就需要更多频谱，低频段的频谱不多了，就往高频段打主意，毫米波被规划为5G频谱，这差不多是26GHz到60GHz。但是这段频谱穿透力差，覆盖范围小。5G开始研发，各国规划自己的频段，对于中国自然也会用毫米波，但是如果开始就做毫米波，技术问题极多，所以 ​  展开全文c \n@陈永东 说几句5G毫米波的事。5G需要更大带宽，就需要更多频谱，低频段的频谱不多了，就往高频段打主意，毫米波被规划为5G频谱，这差不多是26GHz到60GHz。但是这段频谱穿透力差，覆盖范围小。5G开始研发，各国规划自己的频段，对于中国自然也会用毫米波，但是如果开始就做毫米波，技术问题极多，所以中国的方向是Sub6，就是用6GHz以下频率，最后中国政府也把这一段频率规划给三大运营商，而中国广电手里还可清一些700MHz频率，这样很快取得了技术突破。这其中华为有重要角色，但政府的选择和主导也有作用。是相互沟通与推进结果。美国也不是完全没有Sub6的频率，但它有些被军方占了，不完整，另外美国想拿5G当移动宽带用，所以它需更多的频率，开始主攻毫米波，就是28GHz左右的频段，干了一年半，效果极差，只好又去追Sub6，这时间就耽误了。中国领先美国，把低频干好，还是会干毫米波，但毫米波得做深度覆盖，全面覆盖还是Sub6的频率。这是美国一开始走错了路，选择错误。至于系统设备，美国完全没有。5G全世界全产业链，只有中国最完整。 收起全文d\n", "author": "飞象网项立刚", "time": "飞象网项立刚2019年12月29日22:51 来自HUAWEIMate20X5G", "transmit": " 转发 368", "comment": "评论 380", "zan": " 1663"}, {"text": "\n#数家珍# 2019年度凯库拉最佳赏鲸美图 ，你最喜欢的哪一张？图一，两座头鲸花样跳水，同时腾空，这是年度最优美鲸跳！二, 还是座头鲸，角度特别，并且还是手机拍的---华为P30，不吹不黑。三, 雪山与鲸尾。景鲸都有，有诗也有远方，完美代表凯库拉---雪山遇大海！四, 最高鲸尾，粗算一下，每年看到 ​  展开全文c \n#数家珍# 2019年度凯库拉最佳赏鲸美图 ，你最喜欢的哪一张？图一，两座头鲸花样跳水，同时腾空，这是年度最优美鲸跳！二, 还是座头鲸，角度特别，并且还是手机拍的---华为P30，不吹不黑。三, 雪山与鲸尾。景鲸都有，有诗也有远方，完美代表凯库拉---雪山遇大海！四, 最高鲸尾，粗算一下，每年看到抹香鲸尾起码有5000多次，最高最翘的，非它莫属，小名为matimati。五，地球上最大的生物----蓝鲸！能看到速度极快的蓝鲸，运气要好！六，南露脊海豚，这形状比颜色怪异的海豚经常高速前行，抓拍不易。七，长须鲸，路过凯库拉饱餐一顿磷虾后痛快地拉粑粑。八，号称全世界最难看（到）的鲸类，谢氏塔喙鲸。连续三年，这里都看到活体。叫观鲸胜地，不仅因这有95%的出海观鲸成功率，也因这能看到各种鲸类，有些连海洋学家都只在教科书图片才看过。九，最受欢迎的鲸类？虎鲸！胖虎一家在遛崽！在1万5千公里的海岸线，新西兰虎鲸总数不超200只，如果在这看到的话，你将处于珍稀动物观赏鄙视链顶端拉！计划来观鲸的小伙伴们，你最想看到哪一张图中场景？观过鲸的，你看过图几？ 我们将从评论中选三位，你们将在2020年收到凯库拉的鲸鱼明信片！#只有芸知道取景地# #告别2019# #新西兰旅行# #年度最佳# #带着微博去旅行# #新西兰# #观鲸# #虎鲸# #2020新西兰愿望清单# #拒绝动物表演# #不去海洋馆# 收起全文d\n", "author": "新西兰凯库拉观鲸", "time": "新西兰凯库拉观鲸2019年12月29日07:39 来自微博weibo.com", "transmit": " 转发 137", "comment": "评论 125", "zan": " 113"}, {"text": "\n                    2999荣耀智慧屏比3699小米电视5Pro，碾压比较惨！在产品、渠道和营销中，产品是最高维的，荣耀的产品优势，尤其处理器、画面和音质对小米电视5Pro是高维打低维，这是小米营销优势挡不住的。因为大家到处看不到直播视频，我就补充一下吧。 LHW前HR的微博视频 ​                ", "author": "HW前HR", "time": "HW前HR2019年12月29日17:21 来自评测开箱·视频社区", "transmit": " 转发 182", "comment": "评论 408", "zan": " 2469"}, {"text": "\n#那些身边的人从来不告诉你的教训# 可能我是世界上最后一个知道华为手机自拍居然不能自动对焦的人吧。。。自动不能对焦，手动也不可以没买之前，身边从来都没有人和我说过华为手机有个那么大的bug。网上也几乎没看到过吐槽华为手机产品有问题的。所以今天搜了一下我真的是超级震惊，因为对我 ​  展开全文c \n#那些身边的人从来不告诉你的教训# 可能我是世界上最后一个知道华为手机自拍居然不能自动对焦的人吧。。。自动不能对焦，手动也不可以没买之前，身边从来都没有人和我说过华为手机有个那么大的bug。网上也几乎没看到过吐槽华为手机产品有问题的。所以今天搜了一下我真的是超级震惊，因为对我们这种比较常自拍，或者喜欢拍照的朋友来说，不能好好自拍就是缺少了一个主要的功能，有几千万像素都是虚的。之前熊哥和我给我爸也买了一台，我自己今天用了感觉其实也还是很不错很流畅没有很低端的感觉。结果没想到会有自拍无法对焦这种，都9012年了还会出现的（想不到吧）的问题，我都觉得好笑（1000块不到的手机都可以近距离对焦自拍）我在买之前完全都不知道这个问题，还好刚买就发现了还能退货。。每个人对手机需求不同，想换手机又喜欢自拍的小伙伴一定要参考再做选择。。 收起全文d\n", "author": "睡兔初空", "time": "睡兔初空2019年12月29日21:04 来自nova5Pro人像超级夜景", "transmit": " 转发 13", "comment": "评论 97", "zan": " 390"}, {"text": "\n                    这个小雪人由#华为MatePad#Pro创作，挺可爱的。最近这款旗舰平板的素皮材质（丹霞橙、青山黛配色）也开卖了，那个丹霞橙我很心动。 对了，华为招募100位画师在200块平板上创作，最后拼成的那张图很火，大家看看如何？ ​                ", "author": "黑客师", "time": "黑客师2019年12月29日19:30 来自微博weibo.com", "transmit": " 转发 523", "comment": "评论 539", "zan": " 533"}, {"text": "\n华为粉太tmd黑了。说我人品不好，抽到坏机器。这种我都忍了，根本没理。还有tmd私信找的，我也没理。tmd来了一群新ID，从来没见过的，愣说我是收了钱的黑子。说我图便宜买山寨机。操，真tmd恶心低劣，猥琐劲头十足。来了一群大苍蝇。我还说你们是tmd收了钱，专门来搜索，过来吵架的呢。我从 ​  展开全文c \n华为粉太tmd黑了。说我人品不好，抽到坏机器。这种我都忍了，根本没理。还有tmd私信找的，我也没理。tmd来了一群新ID，从来没见过的，愣说我是收了钱的黑子。说我图便宜买山寨机。操，真tmd恶心低劣，猥琐劲头十足。来了一群大苍蝇。我还说你们是tmd收了钱，专门来搜索，过来吵架的呢。我从来没见过你们这波人，你肯定不关注我，这贴转发量也不大，你告诉我你咋来的？你不是水军，都奇了怪了。 收起全文d\n", "author": "屠龙的胭脂井", "time": "屠龙的胭脂井2019年12月29日21:22 来自HUAWEIMate305G", "transmit": " 转发 159", "comment": "评论 528", "zan": " 2801"}, {"text": "\n                    新宝骏发布全球首款搭载HUAWEI HiCar智慧互联量产汽车RC-6，成了第一个吃螃蟹的车型， HUAWEI HiCar智慧互联不仅可以远程控制家居开关，更有手势操作功能，还有健康监测等黑科技亮点，通过全场景分布式平台，可为汽车用户带来“1+8+N”的全场景智慧化终端体验，实现与数亿华为智能终端生态无缝连接 ​  展开全文c \n                    新宝骏发布全球首款搭载HUAWEI HiCar智慧互联量产汽车RC-6，成了第一个吃螃蟹的车型， HUAWEI HiCar智慧互联不仅可以远程控制家居开关，更有手势操作功能，还有健康监测等黑科技亮点，通过全场景分布式平台，可为汽车用户带来“1+8+N”的全场景智慧化终端体验，实现与数亿华为智能终端生态无缝连接#2019最后3天# #我就要Hi出你想象#@新宝骏汽车 收起全文d\n", "author": "科技圈大佬", "time": "科技圈大佬2019年12月29日22:50 来自微博weibo.com", "transmit": " 转发 2216", "comment": "评论 2349", "zan": " 5594"}, {"text": "\n#DigiX数字生活节#第一次过来华为全球旗舰店，没想到是来“追星”。一会故宫学院院长单霁翔将来到DigiX读书会与大家聊聊#遇见故宫600年#的那些事儿！期待！ ​                ", "author": "思想聚焦", "time": "思想聚焦2019年12月29日18:30 来自微博weibo.com", "transmit": " 转发 69", "comment": "评论 107", "zan": " 721"}, {"text": "\n华为粉一个个都跟神经病一样。我家五六个华为，都不卡，所以你的卡就一定是个例，所以我们没错，你有错。卧槽，你们是不是流氓啊。你以为老百姓跟你们这群测评手机，拿厂商钱的营销号一样，一下拿N个手机煮粥喝？我这一个手机有毛病，我tmd还要考证这是不是个例？你tmd被医疗事故致残了， ​  展开全文c \n华为粉一个个都跟神经病一样。我家五六个华为，都不卡，所以你的卡就一定是个例，所以我们没错，你有错。卧槽，你们是不是流氓啊。你以为老百姓跟你们这群测评手机，拿厂商钱的营销号一样，一下拿N个手机煮粥喝？我这一个手机有毛病，我tmd还要考证这是不是个例？你tmd被医疗事故致残了，医院跟你说，你只是个例，你认不认？有没有点逻辑。就这个水平，还来引战？ 收起全文d\n", "author": "屠龙的胭脂井", "time": "屠龙的胭脂井2019年12月29日23:04 来自HUAWEIMate305G", "transmit": " 转发 405", "comment": "评论 629", "zan": " 3283"}, {"text": "\n                    发布了头条文章：《低吸富一生》 财经每日必读 #微博赚钱季# 周五网红经济（文化传媒）+华为/科技（半导体/光刻胶）+新能源汽车（锂电/钴）+股权（公告）最强，大金融(券商）调整，养殖板块企稳反弹（继续观察能否正连续）;主板放量下跌（预设明日继续调整，观察成交量能否有效放大）强势股接 ​  展开全文c \n                    发布了头条文章：《低吸富一生》 财经每日必读 #微博赚钱季# 周五网红经济（文化传媒）+华为/科技（半导体/光刻胶）+新能源汽车（锂电/钴）+股权（公告）最强，大金融(券商）调整，养殖板块企稳反弹（继续观察能否正连续）;主板放量下跌（预设明日继续调整，观察成交量能否有效放大）强势股接力的亏钱效应减缓，明日威唐工业，星期六，欣龙控股，容大感光等作为情绪标杆观察，空间板高度到6板，连板增多但首板数量减少，连板和首板数量背离，明日强势股接力赚钱效应大概率会下降，强势股接力操作难度会变大，早盘注意宁愿错过不要做错，当然最优策略是低吸主线板块（华为/科技+汽车/油气）人气股和有送转预期的中小创板块潜伏等轮动补涨，低吸富一生。  O低吸富一生 收起全文d\n", "author": "lesliesay", "time": "lesliesay2019年12月29日10:57 来自微博weibo.com", "transmit": " 转发 406", "comment": "评论 191", "zan": " 678"}, {"text": "\n                    小米电视5用户注意听，你们能不能看8K视频就看下面的操作你们会不会了    目前网上下载的主流8K视频都是8192*4320的，但是很遗憾，小米不支持，小米支持需要满足四个条件：24帧、7680*4220、HEVC、运气    所以你们可能得需要自己动一下手：首先你需要一台电脑，下载一个PR软件，然后进 ​  展开全文c \n                    小米电视5用户注意听，你们能不能看8K视频就看下面的操作你们会不会了    目前网上下载的主流8K视频都是8192*4320的，但是很遗憾，小米不支持，小米支持需要满足四个条件：24帧、7680*4220、HEVC、运气    所以你们可能得需要自己动一下手：首先你需要一台电脑，下载一个PR软件，然后进行分辨率转换，然后看一下格式是否正确，最后碰一下运气，说不定它就可以播放了呢    而荣耀智慧屏这边剥夺了大家自己动手的机会，竟然任何格式都是秒开，不就是用了#华为# 的鸿鹄芯片吗？嚣张什么呀    选择小米电视5，自己动手，丰衣足食    对了，查了一下8K是8192*4320，而7680*4220是UHD 8K，有没有人再来科普一下 收起全文d\n", "author": "长安数码君", "time": "长安数码君2019年12月29日16:32 来自荣耀手机Android", "transmit": " 转发 45", "comment": "评论 297", "zan": " 1722"}, {"text": "\n#DigiX数字生活节#读书会上，单霁翔院长#遇见故宫600年#的演讲金句频出，“纠正一下，我不是重量级嘉宾，我正在减肥呢”哈哈哈，不愧是我偶像。L华为终端云服务的秒拍视频 ​                ", "author": "思想聚焦", "time": "思想聚焦2019年12月29日23:55 来自互联网·视频社区", "transmit": " 转发 81", "comment": "评论 135", "zan": " 754"}, {"text": "\n                    在打孔屏的方向上，像OV选择了单挖孔，往小的方向努力，而荣耀、小米选择了双挖孔的方向，华为目前还没定，但从网上的P40 Pro渲染图来看，应该也是极小单打孔。我相信大众审美应该都更赞同极小单打孔的做法吧？其实前置双摄真心觉得作用不大，除了加个超广角镜头拍合照，其他方案感觉都和凑数没啥区别 ​  展开全文c \n                    在打孔屏的方向上，像OV选择了单挖孔，往小的方向努力，而荣耀、小米选择了双挖孔的方向，华为目前还没定，但从网上的P40 Pro渲染图来看，应该也是极小单打孔。我相信大众审美应该都更赞同极小单打孔的做法吧？其实前置双摄真心觉得作用不大，除了加个超广角镜头拍合照，其他方案感觉都和凑数没啥区别。 你更支持哪种前置摄像头方案？ 收起全文d\n", "author": "Hey贝塔", "time": "Hey贝塔2019年12月29日04:28", "transmit": " 转发 17", "comment": "评论 22", "zan": " 1685"}, {"text": "\n                    2020前72小时，我在上海走进了一场魔幻空间！（该视频光敏过敏者谨慎观看）从西欧回来，阿弥没有第一时间回家，而是受到华为的邀请，去上海参加了一场跟艺术、影像还有未来有关的展，它既是上海最后一场大展，也给我的2019收了个尾。相信我，这个视频会让你体验大脑皮层酥麻的快感！VLOG  ​  展开全文c \n                    2020前72小时，我在上海走进了一场魔幻空间！（该视频光敏过敏者谨慎观看）从西欧回来，阿弥没有第一时间回家，而是受到华为的邀请，去上海参加了一场跟艺术、影像还有未来有关的展，它既是上海最后一场大展，也给我的2019收了个尾。相信我，这个视频会让你体验大脑皮层酥麻的快感！VLOG L狂阿弥_的微博视频 收起全文d\n", "author": "狂阿弥_", "time": "狂阿弥_2019年12月29日22:30 来自旅行·视频社区", "transmit": " 转发 20", "comment": "评论 52", "zan": " 362"}, {"text": "\nASTRO 先祝大家新年快乐财源广进（华为锁屏底部有模糊渐变用图3更适合） ​                ", "author": "TonyStark的小可爱", "time": "TonyStark的小可爱2019年12月29日23:07 来自ASTRO超话", "transmit": " 转发 21", "comment": "评论 33", "zan": " 126"}, {"text": "\n                    任正非说过，华为一共就三种人，第一种就是聪明人，业务能力很强，解决问题能力也很强，这类是华为要画重金留下来的；第二类也很聪明的，能力也很强，但在他们眼里可能还有更高的平台，华为挡不住他们流失。第三类，就是傻子，一直跟着华为跑，如果不“傻”，就不会留下了，慢慢升到这么高位置。 ​​  展开全文c \n                    任正非说过，华为一共就三种人，第一种就是聪明人，业务能力很强，解决问题能力也很强，这类是华为要画重金留下来的；第二类也很聪明的，能力也很强，但在他们眼里可能还有更高的平台，华为挡不住他们流失。第三类，就是傻子，一直跟着华为跑，如果不“傻”，就不会留下了，慢慢升到这么高位置。 ​​​​#华为##任正非# 收起全文d\n", "author": "股市女人", "time": "股市女人2019年12月29日11:46 来自微博weibo.com", "transmit": " 转发 116", "comment": "评论 200", "zan": " 1091"}, {"text": "\n华为Mate30系列出货量，突破1200万台    刚才和嘴嘴聊天，他告诉我Mate 30系列的出货量已经突破了1200万台，而且销量势头越来越猛，下架前销量突破2000万也不是没可能    稍早前余承东表示华为Mate30系列上市60天全球出货量超700万，同比增长75%    这个平均价位在5、6千 ​  展开全文c \n华为Mate30系列出货量，突破1200万台    刚才和嘴嘴聊天，他告诉我Mate 30系列的出货量已经突破了1200万台，而且销量势头越来越猛，下架前销量突破2000万也不是没可能    稍早前余承东表示华为Mate30系列上市60天全球出货量超700万，同比增长75%    这个平均价位在5、6千元的手机，这么贵销量还这么好，求友商的心理阴影面积 收起全文d\n", "author": "长安数码君", "time": "长安数码君2019年12月29日20:16 来自荣耀手机Android", "transmit": " 转发 20", "comment": "评论 253", "zan": " 1024"}, {"text": "\n                    鸡尾酒系列之【曼哈顿 】：这个字体有两种英文+两种大小分别是系统和Q版调整过字体间距，华为上机无bug其他机型自测 ​​​                ", "author": "他是泽叔", "time": "他是泽叔2019年12月29日12:59 来自字体超话", "transmit": " 转发 186", "comment": "评论 699", "zan": " 211"}, {"text": "\n                    天气晴朗的周末，很开心能受邀去华为授权体验店Plus（无锡崇安寺）参加开业仪式，当天还玩了很多有趣的游戏环节，不过印象最让我深刻的还是体验到了手机自带的#华为视频#，太方便了！！一个APP就可以同时满足自己想看芒果TV、优酷、腾讯视频的的海量需求，真的好用，一下自己省了好几个会员，真的体验 ​  展开全文c \n                    天气晴朗的周末，很开心能受邀去华为授权体验店Plus（无锡崇安寺）参加开业仪式，当天还玩了很多有趣的游戏环节，不过印象最让我深刻的还是体验到了手机自带的#华为视频#，太方便了！！一个APP就可以同时满足自己想看芒果TV、优酷、腾讯视频的的海量需求，真的好用，一下自己省了好几个会员，真的体验到了“上华为视频，看遍全视界”的优秀！ L曲玮玮的秒拍视频 收起全文d\n", "author": "曲玮玮", "time": "曲玮玮2019年12月29日20:00 来自微博weibo.com", "transmit": " 转发 54", "comment": "评论 80", "zan": " 1093"}]