[{"text": "\n                    nova一直在进步，1.25亿nova星人也会和nova全球代言人@TFBOYS-易烊千玺 一同见证更多精彩#华为nova6# L华为终端官方微博的微博视频 ​                ", "author": "华为终端官方微博", "time": "华为终端官方微博2019年12月07日12:44 来自微博视频", "transmit": " 转发 25519", "comment": "评论 3354", "zan": " 44204"}, {"text": "\n                    【美国人急：他是不是故意用华为？】“在暗示对华为5G问题采取强硬措施后，英国首相约翰逊使用华为手机自拍，并将照片发布在自己的社交媒体账户上”——据英国天空新闻网等媒体5日报道，针对约翰逊使用华为手机“可能带来国家安全风险”，约翰逊所属的保守党人士解释说，这个华为手机不是首相本人的， ​  展开全文c \n                    【美国人急：他是不是故意用华为？】“在暗示对华为5G问题采取强硬措施后，英国首相约翰逊使用华为手机自拍，并将照片发布在自己的社交媒体账户上”——据英国天空新闻网等媒体5日报道，针对约翰逊使用华为手机“可能带来国家安全风险”，约翰逊所属的保守党人士解释说，这个华为手机不是首相本人的，而是借用工作人员的。不过，美国《福布斯》网站5日更关注另一个问题： 约翰逊此举是有意还是无意？评论称，如果说约翰逊故意使用一部借来的华为手机自拍、意在社交媒体上引发议论，这并不奇怪。但这也可能是无心之举。 鉴于当下的政治环境，约翰逊不太可能自己拥有并公开使用华为手机，但没有什么是理所当然的。 一位华为员工表示，很遗憾首相使用的不是Mate30，后者能更好地展示华为的5G功能和创新。O美国人急：他是不是故意用华为？ 收起全文d\n", "author": "环球时报", "time": "环球时报2019年12月07日13:50 来自微博weibo.com", "transmit": " 转发 158", "comment": "评论 393", "zan": " 6184"}, {"text": "\n                    错过发布会？一分钟带你回顾#华为nova6#系列5G新品发布会的精彩 L华为终端官方微博的微博视频 ​                ", "author": "华为终端官方微博", "time": "华为终端官方微博2019年12月07日14:00 来自手机平板·视频社区", "transmit": " 转发 35275", "comment": "评论 1186", "zan": " 10161"}, {"text": "\n                    前华为员工谈李洪元251事件，以抽丝剥茧的方式分析此次事件，以及海外势力的幕后运作 L上帝之鹰_5zn的微博视频 ​                ", "author": "上帝之鹰_5zn", "time": "上帝之鹰_5zn2019年12月07日11:44 来自微博weibo.com", "transmit": " 转发 3529", "comment": "评论 7007", "zan": " 40374"}, {"text": "\n                    错过发布会？一分钟带你回顾#华为nova6#系列5G新品发布会的精彩L华为终端官方微博的微博视频 ​                ", "author": "华为终端客服", "time": "华为终端客服2019年12月07日14:08 来自手机平板·视频社区", "transmit": " 转发 24493", "comment": "评论 779", "zan": " 4281"}, {"text": "\n#英国首相华为自拍#其实首相心里很清楚，只有用华为才不被美国监听，苹果三星是不敢用的。但是国内还有一些蠢货在打击自家华为，华为不仅仅是手机，通信安全太重要了！这就是为啥美国害怕华为不让他做强做大。无论英国如何出决定，英国民众绝对支持华为的一票，华为又省了一大笔广告费！这个可以有！ ​                ", "author": "潘明先生", "time": "潘明先生2019年12月07日11:10", "transmit": " 转发 148", "comment": "评论 903", "zan": " 6312"}, {"text": "\n                    多元定义未来上限，拥抱多元，就是现在。华为云致力为产业开发者提供最好的轮子。在最好的云上，把你的应用落地浪起来#登录未来进程# ​                ", "author": "华为中国", "time": "华为中国2019年12月07日15:52", "transmit": " 转发 35", "comment": "评论 1842", "zan": " 11575"}, {"text": "\n                    我觉得，华为251事件最应该改变的是中国的保释制度，推行电子脚镣制度，传统的监狱执行成本高，错判的国家赔偿高昂，如果能完善保释制度，通过电子脚镣可以安全可靠、简单经济地在社区执行刑罚，更人性，各方成本也更低，世界各国电子脚镣制度的成功实践，对中国也有积极的借鉴意义。 ​                ", "author": "月光博客", "time": "月光博客2019年12月07日13:50 来自微博weibo.com", "transmit": " 转发 315", "comment": "评论 405", "zan": " 1672"}, {"text": "\n                    带上nova 6 5G ，去JAN 易烊千玺！nova 6 5G发布会现场的气氛很棒！我印象最深的是nova 6 vlog神器和可以提醒抢红包的华为手表，这波太秀了还有四字弟弟的颜是真的很能打了#我的VLOG生活# #视频宠粉计划# #华为nova6# L俊晖JAN的微博视频 ​                ", "author": "俊晖JAN", "time": "俊晖JAN2019年12月07日20:10 来自日常·视频社区", "transmit": " 转发 370", "comment": "评论 542", "zan": " 2668"}, {"text": "\n                    袁莉黑华为，结果华为越做越大！袁莉吹华远，结果华远越做越小！华为，一个私企，越来越像国企！华远，一个国企，越来越像私企…… ​                ", "author": "地瓜熊老六", "time": "地瓜熊老六2019年12月07日17:43 来自vivoiQOO生而强悍", "transmit": " 转发 118", "comment": "评论 443", "zan": " 2650"}, {"text": "\n                    “唱衰中国，你最行？！”厨子磨刀华为的251事件，纽约时报中文网的《华为是如何在中国失去民心的》一篇文章，，此文的作者网名叫“袁莉nyt”。 2011高铁出事的时候，她在华尔街日报中文网做主编，网名叫“袁莉wsj”，写了篇《中国高铁之殇》。这位袁莉是《华尔街日报》中文网主编，常驻 ​  展开全文c \n                    “唱衰中国，你最行？！”厨子磨刀华为的251事件，纽约时报中文网的《华为是如何在中国失去民心的》一篇文章，，此文的作者网名叫“袁莉nyt”。 2011高铁出事的时候，她在华尔街日报中文网做主编，网名叫“袁莉wsj”，写了篇《中国高铁之殇》。这位袁莉是《华尔街日报》中文网主编，常驻北京。曾任新华社驻北京国际新闻编辑，华尔街日报网站专栏作家和《华尔街日报》报道美国电信业的记者。袁莉2004年在纽约加入《华尔街日报》，曾担任华尔街日报网站专栏作家袁莉和《华尔街日报》报道美国电信业的记者。加入《华尔街日报》前，袁莉曾任新华社驻北京国际新闻编辑，并在泰国、老挝和阿富汗任驻外记者。她先后就读于哥伦比亚大学和乔治·华盛顿大学，分别获得新闻和国际关系硕士学位。她于2008年回国负责《华尔街日报》中文网。这么个人，要急着反华求狗粮也正常，毕竟负责的是美帝的媒体！她不出来跳跳还真不对呢，她虽然是长着华人的面孔，但是屁股坐在太平洋对岸啊！ 收起全文d\n", "author": "胖子陈越", "time": "胖子陈越2019年12月07日10:45 来自HUAWEIMate20", "transmit": " 转发 478", "comment": "评论 225", "zan": " 1964"}, {"text": "\n                    【实力带货！#英首相上节目用华为手机自拍#】据英国媒体5日报道，英国首相鲍里斯·约翰逊接受独立电视台采访时，与两位主持人自拍合影。图片显示，约翰逊拍照用的手机外观上与华为手机非常相似。华为方面已向媒体确认，约翰逊手中的手机，是华为P20 Pro。安哥：嘴上这么说，行动很诚实。  ​  展开全文c \n                    【实力带货！#英首相上节目用华为手机自拍#】据英国媒体5日报道，英国首相鲍里斯·约翰逊接受独立电视台采访时，与两位主持人自拍合影。图片显示，约翰逊拍照用的手机外观上与华为手机非常相似。华为方面已向媒体确认，约翰逊手中的手机，是华为P20 Pro。安哥：嘴上这么说，行动很诚实。 L全球视频大魔王的微博视频 ​ 收起全文d\n", "author": "中国长安网", "time": "中国长安网2019年12月07日13:42 来自祖国反黑站超话", "transmit": " 转发 83", "comment": "评论 191", "zan": " 797"}, {"text": "\n                    冬天的时候总是会想到 #大雪# 纷飞的景象 连睫毛都打上了白白软软的霜 简直太美啦~ 可惜还没见过那么大的雪 画个楚楚“冻人”的#冬日雪花妆#满足一下吧！ 话说华为nova6 拍照也太清楚了吧~ 这个妆你们觉得怎么样？快点GET起来！❄ ​                ", "author": "蒲儿姓蒲", "time": "蒲儿姓蒲2019年12月07日15:40 来自微博weibo.com", "transmit": " 转发 19", "comment": "评论 1081", "zan": " 1707"}, {"text": "\n#英国首相华为自拍#这个免费广告，做得好！ ​                ", "author": "地瓜熊老六", "time": "地瓜熊老六2019年12月07日09:56 来自vivoiQOO生而强悍", "transmit": " 转发 125", "comment": "评论 323", "zan": " 4434"}, {"text": "\n                    341 / 365 | 路過東莞舊城區隨手拍Shot on HUAWEI Mate30 Pro 2东莞 ​                ", "author": "Ivansidorenko", "time": "Ivansidorenko2019年12月07日16:16 来自HUAWEIMate30Pro5G", "transmit": " 转发 29", "comment": "评论 64", "zan": " 249"}, {"text": "\n                    【前华为员工谈李洪元251事件，以抽丝剥茧的方式分析此次事件，以及海外势力的幕后运作】 L上帝之鹰_5zn的微博视频 ​​​                ", "author": "习五一", "time": "习五一2019年12月07日14:18 来自iPhone11", "transmit": " 转发 194", "comment": "评论 668", "zan": " 2628"}, {"text": "\n                    金一南教授华为内部演讲！将军是怎样产生的！(视频略长，先🐎后看吧！) L步军统领的微博视频 ​                ", "author": "步军统领", "time": "步军统领2019年12月07日21:18", "transmit": " 转发 459", "comment": "评论 24", "zan": " 343"}, {"text": "\n                    画个重点，你们仔细听9s的“啊”，头撞车门上了哈哈哈哈哈哈哈哈哈，易烊千玺你缺一个我给你揉揉头@TFBOYS-易烊千玺 【带🔗互评】四字弟弟  yyqx  szdd qzh 四字粉丝 yyqx中戏 yyqx中戏第一 yyqx帅 yyqx可爱 yyqx甜 yyqx优秀 yyqx苏  yyqx舞蹈  yyqx华为 yyqx天猫 yyqx短发 yyqx硬照  ​  展开全文c \n                    画个重点，你们仔细听9s的“啊”，头撞车门上了哈哈哈哈哈哈哈哈哈，易烊千玺你缺一个我给你揉揉头@TFBOYS-易烊千玺 【带🔗互评】四字弟弟  yyqx  szdd qzh 四字粉丝 yyqx中戏 yyqx中戏第一 yyqx帅 yyqx可爱 yyqx甜 yyqx优秀 yyqx苏  yyqx舞蹈  yyqx华为 yyqx天猫 yyqx短发 yyqx硬照 yyqx千禧龙 yyqx舒适圈 yyqx对不起 yyqx新歌 yyqx少年的你  yyqx优益Cyyqx百草味 ​​​易烊千玺视频cr.L喵星人LQ的秒拍视频 ​ 收起全文d\n", "author": "_易醉_", "time": "_易醉_2019年12月07日13:01 来自易烊千玺超话", "transmit": " 转发 176", "comment": "评论 218", "zan": " 1029"}, {"text": "\n                    金一南在华为的精彩讲座~#冷战# L武力统一的微博视频 ​                ", "author": "武力统一", "time": "武力统一2019年12月07日21:07 来自武统超话", "transmit": " 转发 289", "comment": "评论 18", "zan": " 244"}, {"text": "\n                    问个简单的问题：如果苹果、三星和华为价格相同，你会买： . ​                ", "author": "搞机圈的那些事", "time": "搞机圈的那些事2019年12月07日15:12 来自iPhoneX", "transmit": " 转发 30", "comment": "评论 203", "zan": " 4231"}, {"text": "\n#没有TFBOYS的节目# 从没在平台骂过谁，热搜一直在降，有一说一，请aqy给出合理解释，向TFBOYS和TFBOYS道歉，王俊凯压缩行程，改航班，王源特意从国外回来，倒时差，易烊千玺一结束华为发布会就赶回来，公然溜粉今日一问aqy倒闭了吗@爱奇艺 2长沙·长沙县 ​                ", "author": "cy-青豆", "time": "cy-青豆2019年12月07日09:49 来自HUAWEInova3", "transmit": " 转发 31", "comment": "评论 8", "zan": " 197"}, {"text": "\n#爱奇艺尖叫之夜# 等了一晚上，最后的压轴说砍就砍了，爱奇艺连句官方的解释和道歉都没有，三小只#没有tfboys的节目# 王俊凯压缩行程改签航班，王源倒时差从国外赶回来，易烊千玺一结束华为发布会就赶过来，爱奇艺不打算出来说明一下吗？更绝的是，直播画面糊也就算了，肖战竟然只出场几十秒，这都是什 ​  展开全文c \n#爱奇艺尖叫之夜# 等了一晚上，最后的压轴说砍就砍了，爱奇艺连句官方的解释和道歉都没有，三小只#没有tfboys的节目# 王俊凯压缩行程改签航班，王源倒时差从国外赶回来，易烊千玺一结束华为发布会就赶过来，爱奇艺不打算出来说明一下吗？更绝的是，直播画面糊也就算了，肖战竟然只出场几十秒，这都是什么蜜汁操作啊 收起全文d\n", "author": "禁止曝光", "time": "禁止曝光2019年12月07日09:09", "transmit": " 转发 175", "comment": "评论 246", "zan": " 490"}, {"text": "\n                    ■welearn外网时讯◆SKY NEWS#英首相上节目用华为手机自拍#大型真香现场：刚说要将华为踢出英国5G网络没多久， 转头就拿着华为开心自拍。真香，比薯条和炸鱼还香！welearn中英双语素材库 #welearn外网时讯##决战考研# ​​​                ", "author": "朱伟老师", "time": "朱伟老师2019年12月07日12:19 来自welearn中英双语素材库超话", "transmit": " 转发 9", "comment": "评论 54", "zan": " 126"}, {"text": "\n                    现在买手机，华为 P30 Pro和华为Mate 30 Pro你会怎么选？ 华为 P30 Pro和华为Mate 30 Pro你怎么选？ ​                ", "author": "高压锅数码", "time": "高压锅数码2019年12月07日08:10", "transmit": " 转发 43", "comment": "评论 92", "zan": " 4323"}, {"text": "\n#TFBOYS坐台下等到散场#太气愤了！难道王俊凯@TFBOYS-王俊凯 倒时差，飞机还出了故障差点没了人命，王源@TFBOYS-王源 重感冒 请假从美国回来，易烊千玺@TFBOYS-易烊千玺 连轴转 华为发布会结束后赶过来，是叫你们砍节目的吗？是来当五六小时的观众的吗？过分#尖叫之夜话筒# ​                ", "author": "菇娘映像", "time": "菇娘映像2019年12月07日18:20", "transmit": " 转发 8", "comment": "评论 6", "zan": " 200"}, {"text": "\n华为失去了民心吗？就因为一个个例案子在网上沸腾而把整个华为所有都否定，这也太扯了吧…… ​                ", "author": "腥闻人", "time": "腥闻人2019年12月07日18:07", "transmit": " 转发 54", "comment": "评论 799", "zan": " 3428"}, {"text": "\n#BBC被英国首相放鸽子# #英国首相华为自拍# BBC《华为是谁》纪录短片：中西合璧——讲述华为从2000年在海外市场的拓展和创新故事、首个海外研发中心的建立，以及消费者业务的发展！  L全球IT数码排行榜的微博视频 ​                ", "author": "全球IT数码排行榜", "time": "全球IT数码排行榜2019年12月07日13:50 来自360安全浏览器", "transmit": " 转发 413", "comment": "评论 211", "zan": " 593"}, {"text": "\n华为成功引入IPD的作用，这个系统对华为、甚至后续群起学习的中国的工业厂家产品研发和质量管理，真是打通任督二脉的作用。华为给IBM顾问时薪是680美元，任总那时候自己工资也就是5000多。据说当时IBM报价是准备给对半砍的，任总却一分钱不砍，IBM很感动，全力以赴。 LHW前HR的微博视频 ​                ", "author": "HW前HR", "time": "HW前HR2019年12月07日22:48 来自HUAWEIMate30Pro5G", "transmit": " 转发 104", "comment": "评论 82", "zan": " 494"}, {"text": "\n                    看这些公司是哪一年成立的:🇨🇳华为:1987年🇺🇸戴尔:1984年🇨🇳联想:1984年🇺🇸苹果:1976年🇺🇸微软:1975年🇺🇸英特尔:1968年🇯🇵索尼:1946年🇺🇸惠普:1939年🇰🇷三星:1938年🇺🇸摩托罗拉：1928年🇯🇵松下:1918年🇺🇸IBM:1911年🇯🇵 ​  展开全文c \n                    看这些公司是哪一年成立的:🇨🇳华为:1987年🇺🇸戴尔:1984年🇨🇳联想:1984年🇺🇸苹果:1976年🇺🇸微软:1975年🇺🇸英特尔:1968年🇯🇵索尼:1946年🇺🇸惠普:1939年🇰🇷三星:1938年🇺🇸摩托罗拉：1928年🇯🇵松下:1918年🇺🇸IBM:1911年🇯🇵日立:1910年🇯🇵任天堂:1889年🇯🇵东芝:1875年🇫🇮诺基亚:1865年 收起全文d\n", "author": "笑翻车了", "time": "笑翻车了2019年12月07日21:44 来自微博weibo.com", "transmit": " 转发 170", "comment": "评论 257", "zan": " 2105"}, {"text": "\n                    川普和约翰逊都为华为代言了，我代言就显得微不足道啦!希望大家紧张复习的同时开心一下! ​                ", "author": "数学汤家凤", "time": "数学汤家凤2019年12月07日19:51 来自HUAWEIMate9", "transmit": " 转发 5", "comment": "评论 100", "zan": " 716"}]