[{"text": "\n                    你，多久没有停下来好好与自己对话了？我相信，自在随性才是生活的奥义。这一次，我们不问目的地，跟着风前行 。@华为终端云服务 #有智青年#，就是要自在随性。 Laki猫咪的秒拍视频 ​                ", "author": "aki猫咪", "time": "aki猫咪2018年12月31日22:00 来自微博weibo.com", "transmit": " 转发 4283", "comment": "评论 4551", "zan": " 11873"}, {"text": "\n华为员工，54页PPT干货解读华为任职资格与员工能力管理 ​​​​                ", "author": "经典经济学", "time": "经典经济学2018年12月31日21:32 来自微博weibo.com", "transmit": " 转发 66", "comment": "评论 2", "zan": " 56"}, {"text": "\n                    如果有华为，怎么会断网呢？ ​                ", "author": "孤烟暮蝉", "time": "孤烟暮蝉2018年12月31日19:22 来自HUAWEIMate20Pro", "transmit": " 转发 81", "comment": "评论 132", "zan": " 378"}, {"text": "\n                    只需两个步骤，图片秒转PPT，还可以进行编辑和分享。点击视频，get职场新技能 #华为Mate20# L华为终端官方微博的秒拍视频 ​                ", "author": "华为终端官方微博", "time": "华为终端官方微博2018年12月31日15:00 来自秒拍网页版", "transmit": " 转发 76", "comment": "评论 91", "zan": " 495"}, {"text": "\n华为mate20pro和一加6t迈凯轮版，价钱差不多，你会选择哪个？ ​                ", "author": "IT科技侠", "time": "IT科技侠2018年12月31日13:42 来自微博weibo.com", "transmit": " 转发 11", "comment": "评论 398", "zan": " 206"}, {"text": "\n                    泡面小姐姐力挺华为，其背后的真实原因竟然是这样的……猝不及防 L张奶霞的秒拍视频 ​                ", "author": "张奶霞", "time": "张奶霞2018年12月31日19:44 来自点赞就送iPhone8Plus", "transmit": " 转发 2549", "comment": "评论 1029", "zan": " 2386"}, {"text": "\n                    美国哥伦比亚大学教授萨克斯（Jeffrey Sachs）在被誉为“世界上最具智慧的专栏”《世界报业辛迪加》（Project Syndicate）撰文，以“对华为开战”为题批评美政府“玩弄国际法”。这篇为华为发声的文章引起美国国内的批评，有人骂萨克斯是“卖国贼”，还有《华盛顿邮报》记者质问他“是不是收了中国政府 ​  展开全文c \n                    美国哥伦比亚大学教授萨克斯（Jeffrey Sachs）在被誉为“世界上最具智慧的专栏”《世界报业辛迪加》（Project Syndicate）撰文，以“对华为开战”为题批评美政府“玩弄国际法”。这篇为华为发声的文章引起美国国内的批评，有人骂萨克斯是“卖国贼”，还有《华盛顿邮报》记者质问他“是不是收了中国政府的钱’。萨克斯之后亲上火线否认收受利益，目前他的推特帐号已经被封杀关闭删除。头条文章：《美国学者替华为发声遭指控“收钱、卖国贼”推特帐号被封杀关闭》 #孟晚舟获得保释# O美国学者替华为发声遭指控“收钱、卖国贼”推特帐号被封杀关闭 收起全文d\n", "author": "黄胜友", "time": "黄胜友2018年12月31日21:58 来自微博weibo.com", "transmit": " 转发 353", "comment": "评论 111", "zan": " 182"}, {"text": "\n                    “我44岁的时候，在经营中被骗了200万，被国企南油集团除名，曾求留任遭拒绝，还背负还清200万债。妻子又和我离了婚，我带着老爹老娘弟弟妹妹在深圳住棚屋，创立华为公司。我没有资本、没有人脉、没有资源、没有技术、没有市场经验，我唯有勇敢向前。我用了27年把华为带到世界500强，行业世界第一的位 ​  展开全文c \n                    “我44岁的时候，在经营中被骗了200万，被国企南油集团除名，曾求留任遭拒绝，还背负还清200万债。妻子又和我离了婚，我带着老爹老娘弟弟妹妹在深圳住棚屋，创立华为公司。我没有资本、没有人脉、没有资源、没有技术、没有市场经验，我唯有勇敢向前。我用了27年把华为带到世界500强，行业世界第一的位置。我不觉得跌倒可怕，可怕的是再也站不起来！”---任正非 收起全文d\n", "author": "人民正能量", "time": "人民正能量2018年12月31日09:01 来自微博weibo.com", "transmit": " 转发 34", "comment": "评论 26", "zan": " 125"}, {"text": "\n易烊千玺 专属手帐更新，你的唇边，有阳光的味道P6绘画cr.@YukinLee61 p7水彩画cr.@千家画伶 @TFBOYS-易烊千玺 yyqx 四字弟弟 快乐大本营 华为nova ins更新… ​                ", "author": "易喵燚烊", "time": "易喵燚烊2018年12月31日11:15 来自易烊千玺超话", "transmit": " 转发 19", "comment": "评论 24", "zan": " 102"}, {"text": "\n                    这个世界习惯给每一件事赋予答案，而我坚信，当我带着天际通，走遍世界的那一刻，我才真正找到了属于自己的答案 @华为终端云服务 #有智青年#就是要奇思妙想。L辜什么锦的秒拍视频 ​                ", "author": "辜什么锦", "time": "辜什么锦2018年12月31日22:05 来自微博weibo.com", "transmit": " 转发 683", "comment": "评论 611", "zan": " 935"}, {"text": "\n关晓彤#祝福时刻##华为nova星人关晓彤# 2018最后一天准备和往常一样收拾好买好零食等跨年最想一起跨年的人也依旧是这个女孩gxt@关晓彤 L梨子最爱123的微博视频 ​                ", "author": "梨子最爱123", "time": "梨子最爱1232018年12月31日09:52 来自关晓彤超话", "transmit": " 转发 30", "comment": "评论 32", "zan": " 628"}, {"text": "\n                    小米 VS 华为 两家体验店对着开，线下交锋，谁能赢？💫😄 微博视频 New Year’s Song ​                ", "author": "飞扬发髻", "time": "飞扬发髻2018年12月31日13:42 来自微博视频", "transmit": " 转发 16", "comment": "评论 204", "zan": " 309"}, {"text": "\n                    在一个充满竞争和技术日新月异的世界里，不全力以赴抢占战略制高点，就不可避免会成为落伍者。这个现象在工业革命早期就已经显露出来，在新技术革命的今天演绎得更为淋漓尽致。美国拒绝华为技术，不过是放弃了全球最优资源整合的机会，这阻止不了华为，却会为自身的发展设置障碍。这样的道理，美国的精 ​  展开全文c \n                    在一个充满竞争和技术日新月异的世界里，不全力以赴抢占战略制高点，就不可避免会成为落伍者。这个现象在工业革命早期就已经显露出来，在新技术革命的今天演绎得更为淋漓尽致。美国拒绝华为技术，不过是放弃了全球最优资源整合的机会，这阻止不了华为，却会为自身的发展设置障碍。这样的道理，美国的精英阶层未必不懂，但短视和妒忌让他们做出了最差的选择。这大概就是天道轮回、大国兴衰的共同规律吧。 收起全文d\n", "author": "陶永谊", "time": "陶永谊2018年12月31日08:46 来自荣耀V10我AI的快", "transmit": " 转发 21", "comment": "评论 13", "zan": " 94"}, {"text": "\n                    【部分中国企业补贴员工买华为手机】加拿大应美国要求拘捕华为首席财务官孟晚舟后，激发部分中国企业对华为的声援与支持，包括为购买华为手机的员工提供补贴，甚至警告旗下员工不要购买苹果公司的产品。O中企补贴员工买华为手机 ​                ", "author": "早报网", "time": "早报网2018年12月31日11:20 来自微博weibo.com", "transmit": " 转发 33", "comment": "评论 197", "zan": " 72"}, {"text": "\n                    “我44岁的时候，在经营中被骗了200万，被国企南油集团除名，曾求留任遭拒绝，还背负还清200万债。妻子又和我离了婚，我带着老爹老娘弟弟妹妹在深圳住棚屋，创立华为公司。我没有资本、没有人脉、没有资源、没有技术、没有市场经验，我唯有勇敢向前。我用了27年把华为带到世界500强，行业世界第一的位 ​  展开全文c \n                    “我44岁的时候，在经营中被骗了200万，被国企南油集团除名，曾求留任遭拒绝，还背负还清200万债。妻子又和我离了婚，我带着老爹老娘弟弟妹妹在深圳住棚屋，创立华为公司。我没有资本、没有人脉、没有资源、没有技术、没有市场经验，我唯有勇敢向前。我用了27年把华为带到世界500强，行业世界第一的位置。我不觉得跌倒可怕，可怕的是再也站不起来！”---任正非 收起全文d\n", "author": "中国正能量", "time": "中国正能量2018年12月31日09:01 来自微博weibo.com", "transmit": " 转发 18", "comment": "评论 8", "zan": " 110"}, {"text": "\n                    新年新征途，辞旧迎新2019，我们一路奋斗，#海雀AI全景摄像头#领你启程开启智慧家庭新时代。关注@海雀科技 和@华为智选 转发评论并@ 三位好友说出你的新年愿望，我们将在2019年1月7日抽奖送出华为智选全新生态产品#海雀AI全景摄像头#3台。 ​                ", "author": "海雀科技", "time": "海雀科技2018年12月31日10:13 来自微博weibo.com", "transmit": " 转发 3251", "comment": "评论 396", "zan": " 130"}, {"text": "\n                    改革开放40年，最热词是创新。但任何创新都是基于文化基础之上的，基于前人的成果之上的。没有任何一人能凭空去创造一个奇迹。不论是互联网还是华为的科技创新，都是建立在科学基础的基本原理之上的创新。文化的创新更是如此。谨以此文，感谢给崇德动漫帮助的所有的人。O改革40年，主场有我们 一一崇德动漫2019年新年献词 ​                ", "author": "赵先德", "time": "赵先德2018年12月31日16:41 来自iPhone8Plus", "transmit": " 转发 20", "comment": "评论 14", "zan": " 39"}, {"text": "\n                    iPhone XS Max VS. 华为Mate20 Pro，哪个更好看？ ​                ", "author": "C科技", "time": "C科技2018年12月31日19:14", "transmit": " 转发 14", "comment": "评论 138", "zan": " 210"}, {"text": "\n                    认真看过宣传片并且结合论文才明白最后一个20长什么样子，某20新型手机，长60，宽50，新一代四核cpu，续航20000kmin，重260g，附加30g装饰，速度2，中心式信息系统，反向充电 侦测其他手机 干扰电视信号等集一身，主要使用新一代水上漂UI，打遍天下无敌手，对，我说的就是华为新一代mate20旗舰手机！ ​  展开全文c \n                    认真看过宣传片并且结合论文才明白最后一个20长什么样子，某20新型手机，长60，宽50，新一代四核cpu，续航20000kmin，重260g，附加30g装饰，速度2，中心式信息系统，反向充电 侦测其他手机 干扰电视信号等集一身，主要使用新一代水上漂UI，打遍天下无敌手，对，我说的就是华为新一代mate20旗舰手机！ 收起全文d\n", "author": "巷内", "time": "巷内2018年12月31日01:08 来自iPhone客户端", "transmit": " 转发 17", "comment": "评论 23", "zan": " 50"}, {"text": "\n                    目前很多产业都面临着长期危机，比如传统能源，我注意到德国作为老牌煤炭企业，今年也关闭了最后一家煤矿，中国未来可能会长期使用煤炭和石油，但使用的规模有可能存在巨大的下降潜力，这就是长线问题；再比如汽车和各类电器，未来进入人工智能时代，这些领域都面临着产业变革，如今小米华为等等也都纷 ​  展开全文c \n                    目前很多产业都面临着长期危机，比如传统能源，我注意到德国作为老牌煤炭企业，今年也关闭了最后一家煤矿，中国未来可能会长期使用煤炭和石油，但使用的规模有可能存在巨大的下降潜力，这就是长线问题；再比如汽车和各类电器，未来进入人工智能时代，这些领域都面临着产业变革，如今小米华为等等也都纷纷涉足，谁能胜出真不好说，光靠估值投资会出大问题。 收起全文d\n", "author": "馬曼然", "time": "馬曼然2018年12月31日18:37 来自360安全浏览器", "transmit": " 转发 28", "comment": "评论 18", "zan": " 79"}]