[{"text": "\n#华为已获25份5G商业合同#【华为宣布已获25份5G商业合同 营收将突破1000亿美元】华为技术有限公司周二宣布，已获得了超过25份5G商业合同，在5G商业合同方面处于全球领先地位，并已出货了逾1万个5G基站。华为副董事长兼轮值CEO胡厚崑在深圳总部的一次新闻发布会上表示，预计今年公司总营收将超过1000亿 ​  展开全文c \n#华为已获25份5G商业合同#【华为宣布已获25份5G商业合同 营收将突破1000亿美元】华为技术有限公司周二宣布，已获得了超过25份5G商业合同，在5G商业合同方面处于全球领先地位，并已出货了逾1万个5G基站。华为副董事长兼轮值CEO胡厚崑在深圳总部的一次新闻发布会上表示，预计今年公司总营收将超过1000亿美元，“这将是我们公司历史上的一个重大里程碑。”华为2017年营收为920亿美元。#微博赚钱季# 收起全文d\n", "author": "新浪财经", "time": "新浪财经2018年12月18日15:49 来自专业版微博", "transmit": " 转发 7177", "comment": "评论 7209", "zan": " 52772"}, {"text": "\n                    2018年乃多事之年，大背景是美国发起对华贸易战，中国遭遇两场重大战役:上半年是中兴，下半年是华为。和气生财，两家企业怎么就成为美国眼中钉肉中刺了呢？枪打出头鸟，主要原因是两家企业实力过于强大，尤其是在5G技术上名列前茅，引发美国警惕。科学无国界，不同国家可以相互借鉴，共同发展。经济一 ​  展开全文c \n                    2018年乃多事之年，大背景是美国发起对华贸易战，中国遭遇两场重大战役:上半年是中兴，下半年是华为。和气生财，两家企业怎么就成为美国眼中钉肉中刺了呢？枪打出头鸟，主要原因是两家企业实力过于强大，尤其是在5G技术上名列前茅，引发美国警惕。科学无国界，不同国家可以相互借鉴，共同发展。经济一体化，全球产业链，你中有我，我中有你，一荣俱荣，一损俱损。这些浅显易懂的道理2018年全都讲不通了，因为这一年进入了“新冷战时期”。美英加澳新“五眼联盟”+日本联手打压封杀华为，拒绝其进入六国5G技术市场。这两天又开始对法德施压，美国要求两国选边站队，排斥华为。我不爱华为，你们也不能爱，要跟我一起恨才对！为什么？因为华为实在是太强大了，既生瑜何生亮，如此强大之华为，简直是气煞我也！美国这是疯了吗？号称世界领导者如此拉帮结伙拼凑八国联军欺压华为挑战中国实在是欺人太甚！物极必反，雪压青松松更青，霜打红叶叶更红。巴统会17国对中国制裁了几十年，中国依然逆风飞扬成长为世界强国！14亿中国人有10亿人用华为手机这个企业就会充满生机和希望，巨大的中国数字市场如果大部采用中兴华为5G产品，前景将会怎样？看看中国高铁中国网购和网络支付就都明白了～ 收起全文d\n", "author": "局座召忠", "time": "局座召忠2018年12月18日09:45 来自华为Mate20保时捷设计", "transmit": " 转发 1403", "comment": "评论 2205", "zan": " 6746"}, {"text": "\n                    点亮#华为nova4#，@TFBOYS-易烊千玺 开启了一段颇有惊“玺”的nova星探索之旅。光影交汇、色彩流转，跟着他的脚步一起解锁新品亮点！ O网页链接L华为终端官方微博的秒拍视频 ​​​                ", "author": "余承东", "time": "余承东2018年12月18日20:04 来自华为Mate20保时捷设计", "transmit": " 转发 18747", "comment": "评论 698", "zan": " 7233"}, {"text": "\n                    【特鲁多重申加拿大司法独立，记者问：那你给特朗普说了吗？】加拿大总理贾斯廷·特鲁多16日在接受加媒采访时提到了华为高管孟晚舟被拘事件。针对美国总统特朗普表态说他可能会介入此案，特鲁多称，“加拿大重视法治，我们将实行并保护司法独立。”记者追问，“那么你给特朗普打电话说过这话吗？”特鲁 ​  展开全文c \n                    【特鲁多重申加拿大司法独立，记者问：那你给特朗普说了吗？】加拿大总理贾斯廷·特鲁多16日在接受加媒采访时提到了华为高管孟晚舟被拘事件。针对美国总统特朗普表态说他可能会介入此案，特鲁多称，“加拿大重视法治，我们将实行并保护司法独立。”记者追问，“那么你给特朗普打电话说过这话吗？”特鲁多回答“没有”。在谈到新版“北美自贸协议”的“毒丸条款”是否侵害加拿大主权时，特鲁多表示，如果美国不满意，无需理由就可能随时退出协议，特朗普已经威胁过多次。（《环球时报》三缺二视频组）@这视频 L这视频的秒拍视频 收起全文d\n", "author": "环球时报", "time": "环球时报2018年12月18日16:31 来自微博weibo.com", "transmit": " 转发 503", "comment": "评论 698", "zan": " 888"}, {"text": "\n                    【国内苹果专卖店力挺华为：卖什么苹果，去隔壁买华为手机】不会吧，难道美帝的霸道行径已经引起这么大的公愤了？感觉这次苹果手机有点无辜。近日华为在海外遭到了美国为首的五眼联盟的恶意歧视，受到了不公平的对待被美国打压。所以中国许多企业公开支持华为。     近日却有网友在网上曝出了一 ​  展开全文c \n                    【国内苹果专卖店力挺华为：卖什么苹果，去隔壁买华为手机】不会吧，难道美帝的霸道行径已经引起这么大的公愤了？感觉这次苹果手机有点无辜。近日华为在海外遭到了美国为首的五眼联盟的恶意歧视，受到了不公平的对待被美国打压。所以中国许多企业公开支持华为。     近日却有网友在网上曝出了一家最爱国的苹果手机专卖店，这究竟是怎么一回事呢？   原来这家苹果专卖店在自己的流动广告牌上打出了卖什么苹果是隔壁买华为这几个白色的大字，从照片中可以清晰的看到，这家苹果专卖店里似乎只有老板一个人。这和近日网友曝光的华为手机专卖店人满为患形成了强烈的对比。 收起全文d\n", "author": "人才76116", "time": "人才761162018年12月18日11:40 来自HUAWEIP20", "transmit": " 转发 3609", "comment": "评论 4985", "zan": " 23396"}, {"text": "\n#Mate20影力觉醒# 俯瞰青藏高原，来自华为的上帝视角。#江苏# @华为终端官方微博 ​                ", "author": "浅笑盈盈中", "time": "浅笑盈盈中2018年12月18日14:44 来自HUAWEIMate20Pro", "transmit": " 转发 156", "comment": "评论 402", "zan": " 2418"}, {"text": "\n易烊千玺 世贸华为打卡 ​                ", "author": "千玺大佬的美鹤Jacky", "time": "千玺大佬的美鹤Jacky2018年12月18日12:02 来自易烊千玺超话", "transmit": " 转发 1776", "comment": "评论 240", "zan": " 1473"}, {"text": "\n                    孟晚舟被保释才4天，华为反击震撼世界！ ​                ", "author": "电商行业", "time": "电商行业2018年12月18日16:00 来自微博weibo.com", "transmit": " 转发 2838", "comment": "评论 2198", "zan": " 14884"}, {"text": "\n                    【华为宣布已获25份5G商业合同 营收将突破1000亿美元】18日消息，华为周二宣布，已获得了超过25份5G商业合同，在5G商业合同方面处于全球领先地位，并已出货了逾1万个5G基站。华为副董事长兼轮值CEO胡厚崑称：“尽管一些市场努力制造对华为的恐惧，并利用政治干预行业增长，但我们自豪地说，我们的客户 ​  展开全文c \n                    【华为宣布已获25份5G商业合同 营收将突破1000亿美元】18日消息，华为周二宣布，已获得了超过25份5G商业合同，在5G商业合同方面处于全球领先地位，并已出货了逾1万个5G基站。华为副董事长兼轮值CEO胡厚崑称：“尽管一些市场努力制造对华为的恐惧，并利用政治干预行业增长，但我们自豪地说，我们的客户仍然信任我们。”（新浪美股）O华为宣布已获25份5G商业合同 营收将突破1000亿美元 收起全文d\n", "author": "Vista看天下", "time": "Vista看天下2018年12月18日17:33 来自微博weibo.com", "transmit": " 转发 101", "comment": "评论 134", "zan": " 868"}, {"text": "\n                    if 对话易烊千玺 ，作为华为nova全球代言人，他最喜欢#华为nova4# 的哪些功能？在电影《少年的你 》中突破造型演出，那这部电影最吸引他的地方是？他理解的时尚态度又是什么？温馨提示，大佬还示范了他觉得最帅的自拍pose🤳喔，快戳视频 get 👉@TFBOYS-易烊千玺 ​  展开全文c \n                    if 对话易烊千玺 ，作为华为nova全球代言人，他最喜欢#华为nova4# 的哪些功能？在电影《少年的你 》中突破造型演出，那这部电影最吸引他的地方是？他理解的时尚态度又是什么？温馨提示，大佬还示范了他觉得最帅的自拍pose🤳喔，快戳视频 get 👉@TFBOYS-易烊千玺 L-IF时尚-的秒拍视频 收起全文d\n", "author": "if视频", "time": "if视频2018年12月18日18:44 来自易烊千玺超话", "transmit": " 转发 8293", "comment": "评论 1057", "zan": " 5179"}, {"text": "\n                    【#景区回应用华为手机免门票#：景区自己的态度 和华为没有利益关系】15日，河南神农山 景区发布公告称全球华为手机用户可免门票入园。有网友质疑这对其他手机用户有歧视。景区工作人员回应称，单纯想表明态度，并非歧视其他用户，“我们这个活动没有损坏其他人的利益，只是我们利益降低了而已”。 ​  展开全文c \n                    【#景区回应用华为手机免门票#：景区自己的态度 和华为没有利益关系】15日，河南神农山 景区发布公告称全球华为手机用户可免门票入园。有网友质疑这对其他手机用户有歧视。景区工作人员回应称，单纯想表明态度，并非歧视其他用户，“我们这个活动没有损坏其他人的利益，只是我们利益降低了而已”。L新京报我们视频的秒拍视频 @新京报我们视频 收起全文d\n", "author": "Vista看天下", "time": "Vista看天下2018年12月18日14:48 来自微博weibo.com", "transmit": " 转发 63", "comment": "评论 398", "zan": " 342"}, {"text": "\n#专注自家# @TFBOYS-易烊千玺 以华为nova全球代言人的身份亮相品牌新品发布会。温润少年与红色西装的碰撞，为寒冬附上一丝流彩，冬日里有了这一抹红而显得别样温暖耀眼。黑色内搭却又彰显易烊千玺 的沉稳蜕变。听说千玺以后还会用新手机拍Vlog，让style君先期待一波！ ​                ", "author": "精品购物指南", "time": "精品购物指南2018年12月18日16:08 来自易烊千玺超话", "transmit": " 转发 8337", "comment": "评论 150", "zan": " 954"}, {"text": "\n为民族产品自豪，只要你使用的是华为手机，打开小象优品APP，搜索【我要福利】即可6.9块钱到手柠檬茶一箱，仅限前2019名华为用户↓↓↓ ​                ", "author": "仗义疏财小象君", "time": "仗义疏财小象君2018年12月18日17:11 来自微博weibo.com", "transmit": " 转发 90", "comment": "评论 5", "zan": " 2349"}, {"text": "\n                    【华为宣布已获25份5G商业合同 营收将突破1000亿美元】华为周二宣布，已获得了超过25份5G商业合同，在#5G# 商业合同方面处于全球领先地位，并已出货了逾1万个5G基站。华为轮值CEO胡厚崑表示，预计今年华为总营收将超过1000亿美元，这是华为历史上的一个重大里程碑。O华为宣布已获25份5G商业合同 营收将突破1000亿美元 ​                ", "author": "新浪科技", "time": "新浪科技2018年12月18日16:32 来自微博weibo.com", "transmit": " 转发 367", "comment": "评论 337", "zan": " 1470"}, {"text": "\n                    【#景区回应用华为手机免门票#：景区自己的态度 和华为没有利益关系】12月15日，@不老神农山 发布公告，全球华为手机用户可免门票入园。有网友质疑这对其他手机用户有歧视。景区工作人员回应称，单纯想表明态度，并非歧视其他用户，“我们这个活动没有损坏其他人的利益，只是我们利益降低了而已”。 ​  展开全文c \n                    【#景区回应用华为手机免门票#：景区自己的态度 和华为没有利益关系】12月15日，@不老神农山 发布公告，全球华为手机用户可免门票入园。有网友质疑这对其他手机用户有歧视。景区工作人员回应称，单纯想表明态度，并非歧视其他用户，“我们这个活动没有损坏其他人的利益，只是我们利益降低了而已”。O真有景区宣布持华为手机免门票！是正常营销，还是反向歧视？ L新京报我们视频的秒拍视频 收起全文d\n", "author": "新浪财经", "time": "新浪财经2018年12月18日15:32 来自微博weibo.com", "transmit": " 转发 45", "comment": "评论 389", "zan": " 243"}, {"text": "\n                    【社评：打压华为是当代最大的科技冤案】美国构陷华为，并且纠集一些力量打压这家从哪个角度看都很正派的中国公司，严重违背长期支持了全球科技进步的基本道义，是对和平时期由知识产权体系及自由市场规则主导的科技创新体系的粗暴干涉和打击，是让地缘政治主导一切的大倒退。科研活动和它们的市场化被 ​  展开全文c \n                    【社评：打压华为是当代最大的科技冤案】美国构陷华为，并且纠集一些力量打压这家从哪个角度看都很正派的中国公司，严重违背长期支持了全球科技进步的基本道义，是对和平时期由知识产权体系及自由市场规则主导的科技创新体系的粗暴干涉和打击，是让地缘政治主导一切的大倒退。科研活动和它们的市场化被赋予这么多政治含义，而且受到如此绝对的定性，这样的登峰造极想必将被载入史册。O社评：打压华为是当代最大的科技冤案 收起全文d\n", "author": "环球时报", "time": "环球时报2018年12月18日09:50 来自微博weibo.com", "transmit": " 转发 80", "comment": "评论 198", "zan": " 380"}, {"text": "\n                    你可以不买华为，但是必须支持华为，支持国产#红人的诞生# L内涵姿势的微博视频 ​                ", "author": "搞笑星仔", "time": "搞笑星仔2018年12月18日19:02", "transmit": " 转发 129", "comment": "评论 414", "zan": " 2066"}, {"text": "\n                    【华为宣布已获25份5G商业合同 营收将突破1000亿美元】华为副董事长兼轮值CEO胡厚崑在深圳总部的一次新闻发布会上表示，预计今年公司总营收将超过1000亿美元，“这将是我们公司历史上的一个重大里程碑。O华为宣布已获25份5G商业合同 营收将突破1000亿美元 ​                ", "author": "新浪证券", "time": "新浪证券2018年12月18日15:53 来自微博weibo.com", "transmit": " 转发 532", "comment": "评论 458", "zan": " 3030"}, {"text": "\n                    【意大利电信商力挺华为：5G最佳合作伙伴，最卓越的供应商】据路透社报道，12月11日，沃达丰意大利公司CEO比西奥在一次活动中表示，“华为是5G网络的最佳合作伙伴，我们将会继续与华为合作，除非意大利政府明令禁止，我们除了与政府保持一致外别无他法。但事实是，据我所知，当我们谈论华为时，我们是 ​  展开全文c \n                    【意大利电信商力挺华为：5G最佳合作伙伴，最卓越的供应商】据路透社报道，12月11日，沃达丰意大利公司CEO比西奥在一次活动中表示，“华为是5G网络的最佳合作伙伴，我们将会继续与华为合作，除非意大利政府明令禁止，我们除了与政府保持一致外别无他法。但事实是，据我所知，当我们谈论华为时，我们是在谈论一家已经取得巨大市场空间的领军者，这得益于其卓越的技术能力和最佳技能，并充分将这种技能开放给电信运营商。” “沃达丰不断对所有供应商的能力和表现进行基准测试，我可以保证，从技术先进性和性能的角度来看，华为无疑是最卓越的供应商之一。” 收起全文d\n", "author": "新浪军事", "time": "新浪军事2018年12月18日13:40 来自微博weibo.com", "transmit": " 转发 116", "comment": "评论 128", "zan": " 413"}, {"text": "\n#改革开放40周年# 【华为技术有限公司主要创始人、总裁任正非】1987年，领着一家老小租住在棚屋的任正非人到中年，离异、失业，还身背200万的巨额债务。他破釜沉舟，筹集了2.1万元，注册成立华为技术有限公司。研发第一个产品时，任正非对全体员工说：“如果研发失败了，我只有从楼上跳下去。”三十年 ​  展开全文c \n#改革开放40周年# 【华为技术有限公司主要创始人、总裁任正非】1987年，领着一家老小租住在棚屋的任正非人到中年，离异、失业，还身背200万的巨额债务。他破釜沉舟，筹集了2.1万元，注册成立华为技术有限公司。研发第一个产品时，任正非对全体员工说：“如果研发失败了，我只有从楼上跳下去。”三十年过后，如今的华为已经成长为中国民族企业的标杆、全球通信技术行业的领导者，任正非也被誉为“世界最具影响力的十大华商人物”之一。周一到周五，凤凰卫视中文台，每晚19:05，敬请关注！ L凤凰卫视的秒拍视频 收起全文d\n", "author": "凤凰卫视", "time": "凤凰卫视2018年12月18日16:01 来自微博weibo.com", "transmit": " 转发 104", "comment": "评论 83", "zan": " 186"}, {"text": "\n#微博赚钱季#我的下一部手机应用是华为，支持的点赞！反对的回帖说明原因？ ​                ", "author": "wu2198", "time": "wu21982018年12月18日16:51", "transmit": " 转发 72", "comment": "评论 423", "zan": " 4964"}, {"text": "\n                    都市霓虹、炫彩流光。关于青春的想象，尽在#华为nova4#的时尚配色。评论说一说，哪一款是你的心头之好？ ​                ", "author": "华为终端官方微博", "time": "华为终端官方微博2018年12月18日16:22 来自nova4自拍极点全面屏", "transmit": " 转发 145", "comment": "评论 670", "zan": " 1204"}, {"text": "\n                    【河南一景区对华为用户免票，被疑蹭热点】L澎湃新闻的秒拍视频 12月15日，河南焦作。神农山风景区官微发布，对华为用户免票。有网友表示这种做法是\"蹭热点\"，景区相关负责人对此未明确回应，称是想做一些力所能及的事情支持。O网页链接 ​                ", "author": "澎湃新闻", "time": "澎湃新闻2018年12月18日21:30 来自微博weibo.com", "transmit": " 转发 70", "comment": "评论 247", "zan": " 225"}, {"text": "\n                    【易烊千玺】易烊千玺华为nova4发布会直播，哈哈哈，粉丝真的超可爱了，“他在啃鸡腿”“多吃点”，看大佬宠溺的微笑，你们就闹吧，我就微笑看着 LTF情报局的秒拍视频 ​                ", "author": "TF情报局", "time": "TF情报局2018年12月18日10:26 来自微博网页", "transmit": " 转发 260", "comment": "评论 35", "zan": " 1260"}, {"text": "\n                    【河南神农山景区宣布：对华为用户免票】12月15日，河南焦作。神农山风景区官微发布，对华为用户免票。景区相关负责人回应称，是想做一些力所能及的事情支持。L澎湃新闻的秒拍视频 ​                ", "author": "观察者网", "time": "观察者网2018年12月18日21:38 来自微博weibo.com", "transmit": " 转发 69", "comment": "评论 215", "zan": " 538"}, {"text": "\n                    一个小知识：华为是全球最大的电信设备制造商~~via.军武菌 ​                ", "author": "新浪军事", "time": "新浪军事2018年12月18日12:01 来自微博weibo.com", "transmit": " 转发 46", "comment": "评论 116", "zan": " 320"}, {"text": "\n                    【印度：允许华为5G测试，打压不利于我们4年建设完整5G服务】印度时报12月18日报道称，中国电信巨头华为公司已经被允许在印度参加5G试验。印度在电信技术上比亚洲其他国家落后。印度电信部长提出，在4年内加快建设5G网络服务，要赶在2022年提供完整的5G服务。而若对华为打压，或令印度付出一定代价。 ​                ", "author": "新浪军事", "time": "新浪军事2018年12月18日15:05 来自微博weibo.com", "transmit": " 转发 48", "comment": "评论 127", "zan": " 321"}, {"text": "\n#跨越101#未来的网络是具有生命的，因为它会用数字呼吸，还懂得自我学习。即使每个人、每个企业对网络抱有万万千千的需求，网络也能随需应变、应对自如，因为未来的网络是智慧的。当前，华为企业网络解决方案已广泛应用于全球130多个国家和地区，这就是我们今天要说的网络故事O全球8大案例，看园区网络如何“断舍离” ​                ", "author": "华为中国", "time": "华为中国2018年12月18日15:00 来自微博weibo.com", "transmit": " 转发 18", "comment": "评论 95", "zan": " 270"}, {"text": "\n#华为获25份5G商业合同#营收将突破1000亿美元，这是华为历史上的一个重大里程碑。 ​                ", "author": "少年不打太极", "time": "少年不打太极2018年12月18日16:41 来自iPhoneX", "transmit": " 转发 35", "comment": "评论 191", "zan": " 1031"}, {"text": "\n                    【任正非先生的全家福照片】前排左起：左一任正非，左二苏薇（任总夫人）；后排左起：左一任平（任总之子），左二姚安娜（任总次女），左三孟晚舟（任总长女）。 祝福任总！祝福华为！#A股能否走出独立走势# #微博赚钱季# ​                ", "author": "老股民大张", "time": "老股民大张2018年12月18日20:52 来自iPhone客户端", "transmit": " 转发 1045", "comment": "评论 571", "zan": " 4072"}]