[{"text": "\n                    此番回京，与局座同游老城，大啖卤煮。除了发现大家都换华为手机了（我年初就换了嘿嘿），局座并喝到了久违的北冰洋汽水，我看到了穿越般的后海野冰球赛。许多曾经以为早早变成乡愁的东西，又都悄悄从高楼大厦的缝隙里生长出来。北京，我的故乡，在梦里你蔚蓝金黄……#中国有我##北京有你更精彩# ​                ", "author": "高晓松", "time": "高晓松2018年12月15日23:06 来自华为Mate20保时捷设计", "transmit": " 转发 1819", "comment": "评论 2980", "zan": " 36625"}, {"text": "\n                    【“法国禁华为？”打脸来得太快就像龙卷风！】华为在海外市场又受挫？这次是一周前刚信誓旦旦表达欢迎华为的法国？路透社14日一篇文章称，考虑到美国的盟友国家由于安全考虑都纷纷将华为的5G技术排除在外，法国和德国的公司也在考虑改变他们与中国公司的合作策略。那么问题来了，法国真的会是一个说 ​  展开全文c \n                    【“法国禁华为？”打脸来得太快就像龙卷风！】华为在海外市场又受挫？这次是一周前刚信誓旦旦表达欢迎华为的法国？路透社14日一篇文章称，考虑到美国的盟友国家由于安全考虑都纷纷将华为的5G技术排除在外，法国和德国的公司也在考虑改变他们与中国公司的合作策略。那么问题来了，法国真的会是一个说法前后矛盾的国家吗？为何在经济部长亲口肯定华为在法国所作出的贡献后，最大的运营商之一又跳出来说我们不欢迎中国企业呢？原来，在这件事上，证实了以路透、彭博为代表的英美媒体偶尔真的是特朗普所描述的“FAKE NEWS”(假新闻)。O华为5G在法国被禁？路透彭博被法国最大运营商出来打脸了…… 收起全文d\n", "author": "环球时报", "time": "环球时报2018年12月15日19:10 来自微博weibo.com", "transmit": " 转发 262", "comment": "评论 693", "zan": " 887"}, {"text": "\n                    12月17日13:30，湖南国际会展中心，聚焦#华为nova4#自拍极点全面屏。华为视频将全程直播，邀您一起同步见证。O网页链接 ​                ", "author": "华为终端公司", "time": "华为终端公司2018年12月15日10:55 来自微博weibo.com", "transmit": " 转发 32175", "comment": "评论 1678", "zan": " 6766"}, {"text": "\n                    【#韩媒分析三星天津工厂关门#：市场占有率仅0.7%，华为等中国企业崛起】韩国位于天津的手机制造工厂将于12月31日停产，韩媒称此举最重要的原因是：三星受华为等中国企业影响，在中国的手机销售量持续下滑，今年第三季度中国市场占有率仅为0.7%，三星因而决定关闭产能较大的天津工厂。 ​  展开全文c \n                    【#韩媒分析三星天津工厂关门#：市场占有率仅0.7%，华为等中国企业崛起】韩国位于天津的手机制造工厂将于12月31日停产，韩媒称此举最重要的原因是：三星受华为等中国企业影响，在中国的手机销售量持续下滑，今年第三季度中国市场占有率仅为0.7%，三星因而决定关闭产能较大的天津工厂。L时差视频的秒拍视频 收起全文d\n", "author": "新浪财经", "time": "新浪财经2018年12月15日23:00 来自微博weibo.com", "transmit": " 转发 112", "comment": "评论 687", "zan": " 274"}, {"text": "\n                    【#韩媒分析三星天津工厂关门#：市场占有率仅0.7%，华为等中国企业崛起】韩国位于天津的手机制造工厂将于12月31日停产，韩媒称此举最重要的原因是：三星受华为等中国企业影响，在中国的手机销售量持续下滑，今年第三季度中国市场占有率仅为0.7%，三星因而决定关闭产能较大的天津工厂。 ​  展开全文c \n                    【#韩媒分析三星天津工厂关门#：市场占有率仅0.7%，华为等中国企业崛起】韩国位于天津的手机制造工厂将于12月31日停产，韩媒称此举最重要的原因是：三星受华为等中国企业影响，在中国的手机销售量持续下滑，今年第三季度中国市场占有率仅为0.7%，三星因而决定关闭产能较大的天津工厂。L时差视频的秒拍视频 收起全文d\n", "author": "新浪新闻", "time": "新浪新闻2018年12月15日22:21 来自专业版微博平台", "transmit": " 转发 135", "comment": "评论 355", "zan": " 204"}, {"text": "\n                    【4天3位省委书记造访华为 意在推动其在5G等领域发展】11日，湖南省委书记杜家毫调研了华为软件长沙分部；12日至13日，江西省委书记刘奇在鹰潭听取了华为公司在赣发展情况介绍。12月13日至14日，云南省委书记陈豪、省长阮成发，率党政代表团考察了华为终端总部项目、华为机器有限公司。他们均表示，将 ​  展开全文c \n                    【4天3位省委书记造访华为 意在推动其在5G等领域发展】11日，湖南省委书记杜家毫调研了华为软件长沙分部；12日至13日，江西省委书记刘奇在鹰潭听取了华为公司在赣发展情况介绍。12月13日至14日，云南省委书记陈豪、省长阮成发，率党政代表团考察了华为终端总部项目、华为机器有限公司。他们均表示，将坚定不移支持华为发展。O三位省委书记造访华为 意在推动其在5G等领域发展 收起全文d\n", "author": "新浪财经", "time": "新浪财经2018年12月15日09:55 来自专业版微博", "transmit": " 转发 287", "comment": "评论 117", "zan": " 894"}, {"text": "\n易烊千玺#千玺在nova星等你# 一下飞机我的天啊啊啊啊啊啊啊！！！长沙机场已经被占领了吧！！！！我数不清有多少个屏反正走两步就看到一个走两步又看到一个！！！华！！！我爱你！！！！！@TFBOYS-易烊千玺 @华为终端官方微博 ​                ", "author": "柯基_Feeling", "time": "柯基_Feeling2018年12月15日10:36 来自易烊千玺超话", "transmit": " 转发 2736", "comment": "评论 606", "zan": " 3324"}, {"text": "\n#花式抽奖# 今天我收到了这个指环，试了一下比一般的指环好用很多，就想着给你们送一个，但是光有指环感觉差了一些东西，所以我附赠一台华为nova3手机关注我转发此条抽一位送手机指环附赠一台易烊千玺带盐的华为nova3，中华有为，支持  12月30日开@微博抽奖平台 ​                ", "author": "原图喵bot", "time": "原图喵bot2018年12月15日19:26 来自iPhoneXSMax", "transmit": " 转发 6897", "comment": "评论 6109", "zan": " 7670"}, {"text": "\n                    【#韩媒分析三星天津工厂关门#：市场占有率仅0.7%，华为等中国企业崛起】韩国位于天津的手机制造工厂将于12月31日停产，韩媒称此举最重要的原因是：三星受华为等中国企业影响，在中国的手机销售量持续下滑，今年第三季度中国市场占有率仅为0.7%，三星因而决定关闭产能较大的天津工厂。@时差视频  ​  展开全文c \n                    【#韩媒分析三星天津工厂关门#：市场占有率仅0.7%，华为等中国企业崛起】韩国位于天津的手机制造工厂将于12月31日停产，韩媒称此举最重要的原因是：三星受华为等中国企业影响，在中国的手机销售量持续下滑，今年第三季度中国市场占有率仅为0.7%，三星因而决定关闭产能较大的天津工厂。@时差视频 L时差视频的秒拍视频 收起全文d\n", "author": "梨视频", "time": "梨视频2018年12月15日22:02 来自iPhoneX", "transmit": " 转发 69", "comment": "评论 373", "zan": " 253"}, {"text": "\n                    【易烊千玺】易烊千玺X华为：易烊千玺携手nova4点亮未知精彩，千玺这眼睛一眨 LTF情报局的秒拍视频 ​                ", "author": "TF情报局", "time": "TF情报局2018年12月15日22:40 来自微博网页", "transmit": " 转发 96", "comment": "评论 18", "zan": " 994"}, {"text": "\n                    【加拿大外长防长赶赴华盛顿，求援？还是抱怨？】加拿大外长弗里兰和防长萨詹14日赶赴华盛顿，与美国国务卿蓬佩奥及防长马蒂斯会谈。此次美加双部长会谈，恰逢中国与加拿大关系突然陷入紧张的敏感时刻，加拿大本月1日听命美国无端拘押华为公司首席财务官孟晚舟，引发中国上下的愤怒与强烈谴责。过去几 ​  展开全文c \n                    【加拿大外长防长赶赴华盛顿，求援？还是抱怨？】加拿大外长弗里兰和防长萨詹14日赶赴华盛顿，与美国国务卿蓬佩奥及防长马蒂斯会谈。此次美加双部长会谈，恰逢中国与加拿大关系突然陷入紧张的敏感时刻，加拿大本月1日听命美国无端拘押华为公司首席财务官孟晚舟，引发中国上下的愤怒与强烈谴责。过去几天，中方先后证实两名加拿大人因涉嫌从事危害中国国家安全的活动被依法审查，一些加拿大人猜测中方在展开“报复”。O“我们从未这样孤独” 收起全文d\n", "author": "环球网", "time": "环球网2018年12月15日08:27", "transmit": " 转发 95", "comment": "评论 123", "zan": " 256"}, {"text": "\n                    【寻找#有智青年#活动限时启动】在即将过去的2018，你是否曾因为机智过人，躲过生活里大大小小的坑？如果有，想必你就是小云要找的有智青年。快戳图参与活动，不然像#华为Mate20#这样的大奖就只能小云自己留着咯~。转发此微博，抽送耳机一个。 ​                ", "author": "华为终端云服务", "time": "华为终端云服务2018年12月15日12:30 来自微博weibo.com", "transmit": " 转发 1739", "comment": "评论 440", "zan": " 701"}, {"text": "\n                    任正非谈华为和苹果的差距，这才是一个企业家该有的风范 L媒体人张晓磊的秒拍视频 ​                ", "author": "媒体人张晓磊", "time": "媒体人张晓磊2018年12月15日09:02 来自秒拍网页版", "transmit": " 转发 141", "comment": "评论 31", "zan": " 194"}, {"text": "\n                    【他们又说法国禁华为，这次打脸更快！】华为在海外市场又受挫？这次是一周前刚信誓旦旦表达欢迎华为的法国？路透社14日一篇题为Deutsche Telekom reviews Huawei ties; Orange says no on 5G (德国电信重新审视和华为的关系；法国电信Orange说在5G方面不会考虑华为)的文章称，考虑到美国的盟友国家由 ​  展开全文c \n                    【他们又说法国禁华为，这次打脸更快！】华为在海外市场又受挫？这次是一周前刚信誓旦旦表达欢迎华为的法国？路透社14日一篇题为Deutsche Telekom reviews Huawei ties; Orange says no on 5G (德国电信重新审视和华为的关系；法国电信Orange说在5G方面不会考虑华为)的文章称，考虑到美国的盟友国家由于安全考虑都纷纷将华为的5G技术排除在外，法国和德国的公司也在考虑改变他们与中国公司的合作策略。那么问题来了，法国真的会是一个说法前后矛盾的国家吗？为何在经济部长亲口肯定华为在法国所作出的贡献后，最大的运营商之一又跳出来说我们不欢迎中国企业呢？原来，在这件事上，证实了以路透、彭博为代表的英美媒体偶尔真的是特朗普所描述的“FAKE NEWS”(假新闻)。O他们又说法国禁华为，这次打脸更快！ 收起全文d\n", "author": "环球网", "time": "环球网2018年12月15日16:48", "transmit": " 转发 52", "comment": "评论 71", "zan": " 177"}, {"text": "\n                    【清华经管院宁向东:中国企业得落地 光有个华为可不行】清华大学经济管理学院教授宁向东在#2019 Money+趋势大会#暨新浪财经战略升级发布会上称“中国企业也得落地，光有一个华为可不行！中国有10家、100家华为这样的企业，我觉得就牛了。”O网页链接 ​                ", "author": "新浪财经", "time": "新浪财经2018年12月15日19:41 来自专业版微博", "transmit": " 转发 42", "comment": "评论 100", "zan": " 197"}, {"text": "\n华为掌门人曾说，烧不死的鸟就是凤凰。我族广西开山老祖，也说过剑在人在，不创天地不返粤。可见狼性文化的可贵！ ​                ", "author": "wu2198", "time": "wu21982018年12月15日22:08", "transmit": " 转发 30", "comment": "评论 130", "zan": " 2159"}, {"text": "\n巴萨 梅西给华为打广告：在球场上我穿10号 球场外我更喜欢20。 ​                ", "author": "萨村小推", "time": "萨村小推2018年12月15日20:08 来自巴萨超话", "transmit": " 转发 108", "comment": "评论 197", "zan": " 919"}, {"text": "\n华为每年花1400亿用于研发专利，小米每天琢磨怎么把手机拼装的更好成本更低。支持华为~ ​                ", "author": "愤怒的WZY", "time": "愤怒的WZY2018年12月15日19:27 来自iPhone客户端", "transmit": " 转发 48", "comment": "评论 520", "zan": " 1437"}, {"text": "\n华为真不容易啊～美国第三大运营商T-Mobile于今年6月份提出260亿美元收购第四大无线运营商Spirint，而收购必须要通过国家审查，美国政府正在利用这个机会进一步孤立华为。现在T-Mobile和Spirint计划与华为全面切割，这是收购案得到美国国家安全委员会批准的前提。美国政府一直向T-Mobile的德国大 ​  展开全文c \n华为真不容易啊～美国第三大运营商T-Mobile于今年6月份提出260亿美元收购第四大无线运营商Spirint，而收购必须要通过国家审查，美国政府正在利用这个机会进一步孤立华为。现在T-Mobile和Spirint计划与华为全面切割，这是收购案得到美国国家安全委员会批准的前提。美国政府一直向T-Mobile的德国大股东施压，要求他们与华为停止合作，而且美国外国投资委员会一直对Spirint进行国家安全审查。其实美国电信企业是非常愿意跟华为合作的，设备先进廉价，但在政府施压下他们也没办法。近日华为正式在美国起诉了T-Mobile，要求赔偿8000万美元，因为他们使用了华为大量专利，但现在拒绝签署专利授权了。而且还使用了大量华为设备，美政府建议他们是改用爱立信和诺基亚的设备。哪个傻缺还继续认为扣押孟只是司法事件？美国政府对华为下死手遵循的是哪条法律？以莫须有的罪名干涉控制本国企业的对外合作，这就是自由经济？以全球唯一超级大国的力量打压一个外国企业，无非就是用不平等不道德的方式维系本国的科技统治力，这是秃子头顶上的虱子—明摆着。感谢特朗普的直言不讳，令太多国人看清了真相。 收起全文d\n", "author": "奥卡姆剃刀", "time": "奥卡姆剃刀2018年12月15日12:09 来自HUAWEIMate20Pro", "transmit": " 转发 220", "comment": "评论 271", "zan": " 323"}, {"text": "\n                    【美加“2+2”部长会议：记者都在追问孟晚舟和被扣加拿大人】14日，美国务卿和防长在国务院接待加拿大外长、防长，并召开了记者发布会。虽然蓬佩奥和马蒂斯均未主动提及华为CFO孟晚舟案和2名加拿大人在中国被扣，但媒体提问环节中，记者全在追问这两件事。加外长则反复强调“没有政治干预”，并表示不 ​  展开全文c \n                    【美加“2+2”部长会议：记者都在追问孟晚舟和被扣加拿大人】14日，美国务卿和防长在国务院接待加拿大外长、防长，并召开了记者发布会。虽然蓬佩奥和马蒂斯均未主动提及华为CFO孟晚舟案和2名加拿大人在中国被扣，但媒体提问环节中，记者全在追问这两件事。加外长则反复强调“没有政治干预”，并表示不应该将两件事混为一谈。L微丢的秒拍视频 收起全文d\n", "author": "新浪视频", "time": "新浪视频2018年12月15日11:05 来自微博weibo.com", "transmit": " 转发 35", "comment": "评论 69", "zan": " 75"}, {"text": "\n                    【美加“2+2”部长会议：记者都在追问孟晚舟和被扣加拿大人】14日，美国务卿和防长在国务院接待加拿大外长、防长，并召开了记者发布会。虽然蓬佩奥和马蒂斯均未主动提及华为CFO孟晚舟案和2名加拿大人在中国被扣，但媒体提问环节中，记者全在追问这两件事。加外长则反复强调“没有政治干预”，并表示不 ​  展开全文c \n                    【美加“2+2”部长会议：记者都在追问孟晚舟和被扣加拿大人】14日，美国务卿和防长在国务院接待加拿大外长、防长，并召开了记者发布会。虽然蓬佩奥和马蒂斯均未主动提及华为CFO孟晚舟案和2名加拿大人在中国被扣，但媒体提问环节中，记者全在追问这两件事。加外长则反复强调“没有政治干预”，并表示不应该将两件事混为一谈。（@微丢 ）L微丢的秒拍视频 收起全文d\n", "author": "观察者网", "time": "观察者网2018年12月15日10:57 来自微博weibo.com", "transmit": " 转发 81", "comment": "评论 304", "zan": " 126"}, {"text": "\n                    这是华为被围堵的原因吗？华为把苹果切碎了有才！ ​                ", "author": "杜文龙", "time": "杜文龙2018年12月15日18:17 来自HUAWEIMate9Pro", "transmit": " 转发 81", "comment": "评论 98", "zan": " 598"}, {"text": "\n                    原来华为的Logo还有这层意思哈哈哈哈哈哈哈哈 ​                ", "author": "脊梁in上海-印济良", "time": "脊梁in上海-印济良2018年12月15日08:22 来自iPhone客户端", "transmit": " 转发 136", "comment": "评论 110", "zan": " 554"}, {"text": "\n#四级考试翻车#考试时，常用单词总抓不准？#华为Mate20#系列AR全屏翻译功能让你在日常就能get外文词汇！双指轻按屏幕，即可轻松翻译，学好外文要从日常积累开始哦～L华为手机官方的秒拍视频 ​                ", "author": "华为手机", "time": "华为手机2018年12月15日15:59 来自HUAWEIMate20Pro", "transmit": " 转发 20", "comment": "评论 66", "zan": " 315"}, {"text": "\n                    【加拿大驻华大使已获准探视康明凯】华为孟晚舟事件仍在延烧。中方出于国安目的扣押两位加拿大公民的案件正在审查中。加拿大外交部表示，加拿大驻华大使麦家廉已获准探视遭中国政府拘留的加拿大前外交官康明凯，并继续争取尽快会见另一名被扣公民迈克尔。O加驻华大使已探视康明凯 ​                ", "author": "凤凰网", "time": "凤凰网2018年12月15日14:45 来自微博weibo.com", "transmit": " 转发 23", "comment": "评论 80", "zan": " 110"}, {"text": "\n                    其实没有说抬华为贬小米的意思。还记得贸易战美国禁止出售芯片给中兴。直接的讽刺到了中国的经济结构。央央大国人口众多竟然连芯片都做不出来。科创板的诞生对自主创新的鼓励对华为的支持其实不难看出中国想拥有些属于自己的东西。不是说小米不好，其他不好。你有的东西我有，我卖的比你便宜， ​  展开全文c \n                    其实没有说抬华为贬小米的意思。还记得贸易战美国禁止出售芯片给中兴。直接的讽刺到了中国的经济结构。央央大国人口众多竟然连芯片都做不出来。科创板的诞生对自主创新的鼓励对华为的支持其实不难看出中国想拥有些属于自己的东西。不是说小米不好，其他不好。你有的东西我有，我卖的比你便宜，这叫性价比高。你没有的东西我有，那可就不一样咯~加油~希望咱们不要总是靠着抄袭或者组装创新任重而道远啊… 收起全文d\n", "author": "愤怒的WZY", "time": "愤怒的WZY2018年12月15日21:04 来自iPhone客户端", "transmit": " 转发 28", "comment": "评论 228", "zan": " 712"}, {"text": "\n                    好好看看，那些说西方都是法治国家，华为孟晚舟事件跟政治无关的中国公公带路党们！又一篇：关注 | 哥大教授评华为事件：这是一场不计后果的经济战附加图片，因为这位哈佛大学的名教授说了几句公道话，立刻有人说他是收了华为的钱O关注 | 哥大教授评华为事件：这是一场不计后果的经济战 ​                ", "author": "王小东", "time": "王小东2018年12月15日15:46 来自隔壁老王Android", "transmit": " 转发 160", "comment": "评论 19", "zan": " 97"}, {"text": "\n                    【韩国媒体看三星天津工厂关门：市场占有率仅0.7%，华为等中国企业崛起】三星位于天津的手机制造工厂将于12月31日停产，韩媒称此举最重要的原因是：三星受华为等中国企业影响，在中国的手机销售量持续下滑，今年第三季度中国市场占有率仅为0.7%，因而决定关闭产能较大的天津工厂。 ​  展开全文c \n                    【韩国媒体看三星天津工厂关门：市场占有率仅0.7%，华为等中国企业崛起】三星位于天津的手机制造工厂将于12月31日停产，韩媒称此举最重要的原因是：三星受华为等中国企业影响，在中国的手机销售量持续下滑，今年第三季度中国市场占有率仅为0.7%，因而决定关闭产能较大的天津工厂。#三星天津手机工厂停产# L时差视频的秒拍视频 收起全文d\n", "author": "新财富杂志", "time": "新财富杂志2018年12月15日12:07 来自iPhone8Plus", "transmit": " 转发 26", "comment": "评论 73", "zan": " 113"}, {"text": "\n                    现在西方诸国带着日本一起以所谓安全的原因禁止使用华为设备就清楚说明一件事。你以为技术赶上来了就能解决所有问题了么？二十年前，这就是一些人坚持的观点啊。动不动，我们就是不如人家啊，我们就是技术不行，我们修炼好内功，到时候人家会承认你的。现在有些领域时候已经到了，然后呢？？真庆 ​  展开全文c \n                    现在西方诸国带着日本一起以所谓安全的原因禁止使用华为设备就清楚说明一件事。你以为技术赶上来了就能解决所有问题了么？二十年前，这就是一些人坚持的观点啊。动不动，我们就是不如人家啊，我们就是技术不行，我们修炼好内功，到时候人家会承认你的。现在有些领域时候已经到了，然后呢？？真庆幸，当时没有按照这些人的鬼话，按他们的意思放弃从生产到研发，放弃制造升级，放弃技术自主。不然，我们今天都看不到西方联手以政治手段抵制中国制造这一幕呢。 收起全文d\n", "author": "吐槽鬼", "time": "吐槽鬼2018年12月15日15:06", "transmit": " 转发 257", "comment": "评论 283", "zan": " 580"}, {"text": "\n                    超级比赛日又双叒来宠粉啦！今晚20:30曼城VS埃弗顿！蓝色风暴，华为专场，关注+转发，抽1位小可爱送华为荣耀畅玩平板，看球游戏全搞定！还有更多华为好货戳→O网页链接 中华有为！通信业务全球第一，手机业务全球第三……评论区唠唠你眼中的大华为，假如华为拟人化，应该是个什么样的形象呢 ​  展开全文c \n                    超级比赛日又双叒来宠粉啦！今晚20:30曼城VS埃弗顿！蓝色风暴，华为专场，关注+转发，抽1位小可爱送华为荣耀畅玩平板，看球游戏全搞定！还有更多华为好货戳→O网页链接 中华有为！通信业务全球第一，手机业务全球第三……评论区唠唠你眼中的大华为，假如华为拟人化，应该是个什么样的形象呢？（17日开奖）#超级年终奖# #2019请对我好一点# 收起全文d\n", "author": "转运大狮", "time": "转运大狮2018年12月15日11:54 来自专业版微博", "transmit": " 转发 891", "comment": "评论 1063", "zan": " 320"}]