[{"text": "\n                    很开心来到#华为nova4#奇遇照相馆，与你们一起邂逅蜜语红的甜蜜与浪漫。马上就是2019年了，我的新年愿望是体重瘦到两位数，你们呢？ ​                ", "author": "关晓彤", "time": "关晓彤2018年12月27日20:02 来自nova4自拍极点全面屏", "transmit": " 转发 14538", "comment": "评论 10176", "zan": " 48251"}, {"text": "\n                    在平凡中坚守，必将在坚守中闪光。#华为Mate20#系列人像留色，每一个你都可以是生活的主角。O网页链接关注并转发本微博，说说你最想用这个功能留住2018年的哪个人物瞬间，我抽送1个运动款HUAWEI WATCH GT，周六@微博抽奖平台 公布。 ​                ", "author": "余承东", "time": "余承东2018年12月27日20:17 来自华为Mate20保时捷设计", "transmit": " 转发 2356", "comment": "评论 1689", "zan": " 1476"}, {"text": "\n                    【未来可期，常有欢喜】元旦之际，艾艾君教你如何成为2019年的“第一锦鲤”。①转发本条微博并关注@艾艾贴 ②插入话题#2019年的小目标#进行许愿③@3位好友，万元大礼轻松抱走iPhone Xs max、联想小新Air笔记本、华为Mate20X、美的智能冰箱啦~（多到说不完，自行戳图）！听 ​  展开全文c \n                    【未来可期，常有欢喜】元旦之际，艾艾君教你如何成为2019年的“第一锦鲤”。①转发本条微博并关注@艾艾贴 ②插入话题#2019年的小目标#进行许愿③@3位好友，万元大礼轻松抱走iPhone Xs max、联想小新Air笔记本、华为Mate20X、美的智能冰箱啦~（多到说不完，自行戳图）！听说看见就转的人，新年运势更好哦～12月31日起，由@微博抽奖平台 每日随机揪出幸运锦鲤，送上新年福气豪礼。 收起全文d\n", "author": "艾艾贴", "time": "艾艾贴2018年12月27日10:00 来自微博weibo.com", "transmit": " 转发 64838", "comment": "评论 4457", "zan": " 3058"}, {"text": "\n                    【#华为年度出货量首超苹果#！2018年出货超2亿台，成全球第二大手机厂商】据日媒12月26日报道称，华为将成为全球第二大智能手机制造商，2018年度出货量超过2亿台，首次整年击败苹果公司。根据IDC数据显示，2018年第三季度华为市场份额14.6%，超过苹果的13.2%，排名全球第二。@老板联播  ​  展开全文c \n                    【#华为年度出货量首超苹果#！2018年出货超2亿台，成全球第二大手机厂商】据日媒12月26日报道称，华为将成为全球第二大智能手机制造商，2018年度出货量超过2亿台，首次整年击败苹果公司。根据IDC数据显示，2018年第三季度华为市场份额14.6%，超过苹果的13.2%，排名全球第二。@老板联播 L老板联播的秒拍视频 收起全文d\n", "author": "梨视频", "time": "梨视频2018年12月27日11:41 来自微博weibo.com", "transmit": " 转发 301", "comment": "评论 613", "zan": " 1269"}, {"text": "\n                    【媒体称特朗普或下令美企禁用中兴华为通讯设备 中方回应】个别国家在没有任何证据的情况下，滥用国家安全的名义，以莫须有的罪名将正常科技交流合作活动政治化，对中方企业正常经营活动设置种种障碍和限制，这实际上无异于自我关闭通向开放的大门、进步的大门和公平的大门 O媒体称特朗普或下令美企禁用中兴华为通讯设备 中方回应 ​                ", "author": "财新网", "time": "财新网2018年12月27日22:02 来自财新网", "transmit": " 转发 2788", "comment": "评论 1159", "zan": " 463"}, {"text": "\n                    【#华为年度出货量首超苹果# 成全球第二大手机厂商】据日媒26日报道，华为将成为全球第二大智能手机制造商，2018年度出货量超过2亿台，首次整年击败苹果公司。根据IDC数据显示，2018年第三季度华为市场份额14.6%，超过苹果的13.2%，排名全球第二。@老板联播 L老板联播的秒拍视频 ​                ", "author": "Vista看天下", "time": "Vista看天下2018年12月27日13:49 来自微博weibo.com", "transmit": " 转发 31", "comment": "评论 164", "zan": " 312"}, {"text": "\n                    【#深圳虐童事件进展#：对女童父母刑事立案侦查，并采取刑事强制措施】#深圳虐童事件#两位视频发布人利用非法获得的刘某华为监管子女状况在家中安装的网络监控摄像头账号及密码的便利，多次登录摄像头偷窥，并下载编辑后发布，其行为违反相关法律，对二人依法作出行政处罚。 @平安宝安 ​                ", "author": "新京报", "time": "新京报2018年12月27日19:29 来自微博weibo.com", "transmit": " 转发 132", "comment": "评论 282", "zan": " 280"}, {"text": "\n                    【#华为将首次年度超过苹果#，成为全球第二大手机厂商】据日媒12月26日报道，华为将成为全球第二大智能手机制造商，2018年出货量超2亿，首次整年击败苹果公司。IDC数据显示，2018年第三季度华为市场份额14.6%，超过苹果的13.2%，排名全球第二。L老板联播的秒拍视频 （来源：@老板联播 ） ​                ", "author": "每日经济新闻", "time": "每日经济新闻2018年12月27日12:18 来自微博weibo.com", "transmit": " 转发 31", "comment": "评论 50", "zan": " 264"}, {"text": "\n华为任正非谈5g L投资舆情的秒拍视频 ​                ", "author": "投资舆情", "time": "投资舆情2018年12月27日10:41 来自iPhone客户端", "transmit": " 转发 673", "comment": "评论 170", "zan": " 306"}, {"text": "\n                    4800万超广角三摄，自拍极点全面屏，#华为nova4#今日10:08正式开售！ ​                ", "author": "华为终端官方微博", "time": "华为终端官方微博2018年12月27日10:04 来自nova4自拍极点全面屏", "transmit": " 转发 8755", "comment": "评论 614", "zan": " 2310"}, {"text": "\n                    【英国防大臣对华为5G表示担忧 国防部：“反映他们的傲慢和偏见”】针对英国国防大臣对华为在英国提供5G网络技术表示担忧，27日，在国防部12月份的例行记者会上，国防部新闻发言人吴谦表示，“英方一些人的表态，我认为反映了他们心中根深蒂固的傲慢和偏见，焦虑与纠结”。O英国防大臣对华为5G表示担忧 国防部：“反映他们的傲慢和偏见” ​                ", "author": "环球时报", "time": "环球时报2018年12月27日16:40 来自微博weibo.com", "transmit": " 转发 41", "comment": "评论 73", "zan": " 260"}, {"text": "\n                    你们期待已久的@TFBOYS-易烊千玺 同款#华为nova4# 终于来啦！今日10:08正式开售，购机赠自拍杆，还享花呗/农行/招行6期免息哦~O网页链接 ​                ", "author": "华为商城", "time": "华为商城2018年12月27日09:53 来自nova4自拍极点全面屏", "transmit": " 转发 10888", "comment": "评论 490", "zan": " 2045"}, {"text": "\n#关晓彤新年愿望#今天，关晓彤作为华为nova代言人出席了nova4首销日线下活动，现场爆料2019年的新年愿望是体重瘦到两位数，请在座的女孩们举个手，我想看看有多少人的新年愿望都是这个。 ​                ", "author": "娱乐圈神评", "time": "娱乐圈神评2018年12月27日23:13 来自微博weibo.com", "transmit": " 转发 1024", "comment": "评论 1147", "zan": " 1203"}, {"text": "\n                    【华为轮值董事长新年致辞：任何艰难困苦休想阻挡我们前进步伐 】12月27日，华为轮值董事长郭平发布新年致辞中透露：2018年，公司预计实现销售收入1085亿美元，同比增长21%。郭平这次致辞的题目是：“不经艰难困苦，何来玉汝于成”。郭平称，华为在这“极不平静”的一年里，从未停下前进的脚步。 ​  展开全文c \n                    【华为轮值董事长新年致辞：任何艰难困苦休想阻挡我们前进步伐 】12月27日，华为轮值董事长郭平发布新年致辞中透露：2018年，公司预计实现销售收入1085亿美元，同比增长21%。郭平这次致辞的题目是：“不经艰难困苦，何来玉汝于成”。郭平称，华为在这“极不平静”的一年里，从未停下前进的脚步。O华为轮值董事长新年致辞：任何艰难困苦休想阻挡我们前进步伐 收起全文d\n", "author": "环球网", "time": "环球网2018年12月27日15:53 来自360安全浏览器", "transmit": " 转发 78", "comment": "评论 44", "zan": " 298"}, {"text": "\n#华为nova4#首销日，@关晓彤 带蜜语红妆容亮相奇遇照相馆，你偶遇到了吗？戳下图get现场情况~ ​                ", "author": "华为终端官方微博", "time": "华为终端官方微博2018年12月27日20:00 来自nova4自拍极点全面屏", "transmit": " 转发 119", "comment": "评论 224", "zan": " 849"}, {"text": "\n                    虽然遇到较大外部压力和困难，华为依然誓言推动5G技术发展。。。支持华为，下一部手机就是你了！ ​                ", "author": "wu2198", "time": "wu21982018年12月27日12:37", "transmit": " 转发 17", "comment": "评论 299", "zan": " 3405"}, {"text": "\n                    guys，华为mate20用后感来了，太好用了吧！！！本来被p20圈粉没想到被mate20惊艳！其实起初是有些嫌弃mate背后的正方形摄像头区域，但后来也觉得丑乖丑乖挺可爱的。mate的操作习惯和苹果类似，不会在转换使用的时候不适应。特别喜欢左右边界都可滑动退回上一个界面的设定，毕竟手小星人单手操控的时候 ​  展开全文c \n                    guys，华为mate20用后感来了，太好用了吧！！！本来被p20圈粉没想到被mate20惊艳！其实起初是有些嫌弃mate背后的正方形摄像头区域，但后来也觉得丑乖丑乖挺可爱的。mate的操作习惯和苹果类似，不会在转换使用的时候不适应。特别喜欢左右边界都可滑动退回上一个界面的设定，毕竟手小星人单手操控的时候如若需要将大拇指伸到最左滑动屏幕时摔手机并碎屏的几率非常大。还有很多贴心智能小操作方式，大大增加了使用感，包括但不限于长按可直接滑动选择需要复制的文字内容，双手指长按图片可识别并在网上直接搜索相关内容（比如就可以按我的照片说不定就能搜到衣服链接了），还有电量真心太适合在外坐车坐高铁坐飞机的鹅了呀！喜欢 收起全文d\n", "author": "卤鹅干锅鹅_向天歌", "time": "卤鹅干锅鹅_向天歌2018年12月27日22:01 来自HUAWEIMate20Pro", "transmit": " 转发 76", "comment": "评论 799", "zan": " 4702"}, {"text": "\n                    【华为轮值董事长郭平新年致辞】“困难越大，荣耀也越大”。2018年，公司预计实现销售收入1085亿美元，同比增长21%。经营业绩是全球客户对我们最真切的认可，也是对质疑和排挤最有力的回应。感谢客户、合作伙伴和社会各界对我们的信任与支持！感谢全球员工的努力奋斗，感谢员工家属们的支持和奉献！  ​  展开全文c \n                    【华为轮值董事长郭平新年致辞】“困难越大，荣耀也越大”。2018年，公司预计实现销售收入1085亿美元，同比增长21%。经营业绩是全球客户对我们最真切的认可，也是对质疑和排挤最有力的回应。感谢客户、合作伙伴和社会各界对我们的信任与支持！感谢全球员工的努力奋斗，感谢员工家属们的支持和奉献！ O华为轮值董事长郭平新年致辞：不经艰难困苦，何来玉汝于成 收起全文d\n", "author": "华为中国", "time": "华为中国2018年12月27日13:35 来自微博weibo.com", "transmit": " 转发 437", "comment": "评论 936", "zan": " 1301"}, {"text": "\n                    两部华为nova4已折现发出👏👏这里还有一部苹果在抽O网页链接 ​                ", "author": "大佬", "time": "大佬2018年12月27日00:24 来自iPhone8Plus", "transmit": " 转发 21", "comment": "评论 142", "zan": " 456"}, {"text": "\n#短的发布会# 换汤不换药？荣耀V20跟华为Nova4究竟有什么区别？L短的发布会的秒拍视频 ​                ", "author": "短的发布会", "time": "短的发布会2018年12月27日00:14 来自微博weibo.com", "transmit": " 转发 41", "comment": "评论 192", "zan": " 605"}, {"text": "\n宋轶 碧海蓝天作伴，nova星人 @宋轶xiaoyiyi 趣玩蜜语红版#华为nova4#，感受广阔视野，体验卓越音质。小仙女&@华为终端官方微博 ，淡雅与浓烈交汇，共掀浪漫红色时尚风暴。 ​                ", "author": "宋轶工作室", "time": "宋轶工作室2018年12月27日13:32 来自宋轶超话", "transmit": " 转发 40", "comment": "评论 39", "zan": " 428"}, {"text": "\n                    【外交部回应特朗普考虑禁止美公司使用中兴华为设备】外交部发言人华春莹表示，个别国家在没有任何证据的情况下，滥用国家安全的名义，以莫须有的罪名将正常科技交流合作活动政治化，对中方企业正常经营活动设置种种障碍和限制，这实际上无异于自我关闭通向开放的大门、进步的大门和公平的大门。 ​  展开全文c \n                    【外交部回应特朗普考虑禁止美公司使用中兴华为设备】外交部发言人华春莹表示，个别国家在没有任何证据的情况下，滥用国家安全的名义，以莫须有的罪名将正常科技交流合作活动政治化，对中方企业正常经营活动设置种种障碍和限制，这实际上无异于自我关闭通向开放的大门、进步的大门和公平的大门。O外交部回应特朗普考虑禁止美公司使用中兴华为设备 收起全文d\n", "author": "新浪科技", "time": "新浪科技2018年12月27日21:31 来自微博weibo.com", "transmit": " 转发 73", "comment": "评论 28", "zan": " 150"}, {"text": "\n                    【华为大约在冬季】梁睿瑶：据报道，近日华为正式在美国起诉T-Mobile电信运营商，称其拒绝与华为签署专利授权协议，却依然使用华为的4G相关技术，华为要求其赔偿8000万人民币。对于刚刚宣布停止与华为进行5G合作的日本，华为也停止了与日本安川电机的订单。据彭博社报道，12月13日，华为冻结了日本安川 ​  展开全文c \n                    【华为大约在冬季】梁睿瑶：据报道，近日华为正式在美国起诉T-Mobile电信运营商，称其拒绝与华为签署专利授权协议，却依然使用华为的4G相关技术，华为要求其赔偿8000万人民币。对于刚刚宣布停止与华为进行5G合作的日本，华为也停止了与日本安川电机的订单。据彭博社报道，12月13日，华为冻结了日本安川电机公司的采购订单。安川电机社长在采访中称，公司约23%的收入来自中国，他很担忧公司股价。O华为大约在冬季 收起全文d\n", "author": "新财富杂志", "time": "新财富杂志2018年12月27日18:35 来自微博weibo.com", "transmit": " 转发 148", "comment": "评论 124", "zan": " 346"}, {"text": "\n#生活的模样# #母婴v时代# 上周推荐的华为和百度这对天朝科技界CP，联合发布的智能语音小度模式，这周拿到产品和女儿把玩了一下。不动手，用嘴说，就能在这个寒冷的冬季，过上温暖的家庭生活，安利了。对于一个爱搞机的老父亲来说，每次通过一个神器，让家里人的生活变的更便捷，成就感爆棚，这才是我 ​  展开全文c \n#生活的模样# #母婴v时代# 上周推荐的华为和百度这对天朝科技界CP，联合发布的智能语音小度模式，这周拿到产品和女儿把玩了一下。不动手，用嘴说，就能在这个寒冷的冬季，过上温暖的家庭生活，安利了。对于一个爱搞机的老父亲来说，每次通过一个神器，让家里人的生活变的更便捷，成就感爆棚，这才是我搞机的动力。就像厨师最大的动力，一定来源于给食客们每次带来不一样的美味。 收起全文d\n", "author": "灰爸遛遛遛", "time": "灰爸遛遛遛2018年12月27日20:00 来自微博weibo.com", "transmit": " 转发 173", "comment": "评论 204", "zan": " 556"}, {"text": "\n                    【华为年度出货量首超苹果，2018年出货超2亿台】12月26日，据日媒报道，华为将成为全球第二大智能手机制造商，2018年出货量超2亿，全年出货量首次击败苹果公司。IDC数据显示，2018年第三季度华为市场份额14.6%，超过苹果的13.2%，排名全球第二，第一名是三星。苹果公司11月1日发布财报，宣布公司将不 ​  展开全文c \n                    【华为年度出货量首超苹果，2018年出货超2亿台】12月26日，据日媒报道，华为将成为全球第二大智能手机制造商，2018年出货量超2亿，全年出货量首次击败苹果公司。IDC数据显示，2018年第三季度华为市场份额14.6%，超过苹果的13.2%，排名全球第二，第一名是三星。苹果公司11月1日发布财报，宣布公司将不再公布产品的销量，库克称销量已经不重要的，重要的是卖了多少钱。L老板联播的秒拍视频 收起全文d\n", "author": "第一财经日报", "time": "第一财经日报2018年12月27日10:49 来自iPhone客户端", "transmit": " 转发 38", "comment": "评论 58", "zan": " 114"}, {"text": "\n                    尽管华为受到了那么多排挤，但任正非当年对美国的看法是这样的，格局确实令人敬佩！ L中国IT杂谈的秒拍视频 ​                ", "author": "中国IT杂谈", "time": "中国IT杂谈2018年12月27日07:37", "transmit": " 转发 295", "comment": "评论 42", "zan": " 247"}, {"text": "\n                    博物馆湿地里，有群野鸭子。我想拍几张好照片，微博上发出来……可是，野鸭警惕的很，我一走近，他就飞到远处去了，华为手机虽好，远了，也只能拍出这个效果。友说：两个方案，你选，一是买部超长焦距相机，那就OK了。二是带上一床毛毯，头上插满树枝，涂成大花脸，潜伏起来手机拍摄。我默了一下，“ ​  展开全文c \n                    博物馆湿地里，有群野鸭子。我想拍几张好照片，微博上发出来……可是，野鸭警惕的很，我一走近，他就飞到远处去了，华为手机虽好，远了，也只能拍出这个效果。友说：两个方案，你选，一是买部超长焦距相机，那就OK了。二是带上一床毛毯，头上插满树枝，涂成大花脸，潜伏起来手机拍摄。我默了一下，“一案”太贵，“二案”太冷。遂问：还有什么办法？友说：那你就只有潜水过去拍了。我又默了一下，觉得更冷了。于是，我吩咐助理：晚上我去成都有事，火锅取消了，过期酱酒不喝了，我陪他吃稀饭馒头就可以了…… 收起全文d\n", "author": "樊建川", "time": "樊建川2018年12月27日16:33 来自HUAWEIMate20Pro", "transmit": " 转发 39", "comment": "评论 134", "zan": " 230"}, {"text": "\n华为nova奇遇照相馆✖️关晓彤 很有礼貌的小姑娘 下午见面对流程的时候会说哥哥好 结束之后 会说哥哥辛苦了 记忆犹新～ 只是今天实在太冷了 辛苦 ​                ", "author": "主持人祝嘉伟", "time": "主持人祝嘉伟2018年12月27日20:39 来自iPhone7Plus", "transmit": " 转发 31", "comment": "评论 83", "zan": " 183"}, {"text": "\n                    消息人士说，大统领明年会签署一项政令：全面禁止使用华为和中兴设备。原因是5G竞赛马上开始。这个时候必须提前下手，把来自中国的产品挡在外面。 ​                ", "author": "大英良心汉弗莱", "time": "大英良心汉弗莱2018年12月27日18:31 来自iPhone7", "transmit": " 转发 141", "comment": "评论 202", "zan": " 226"}, {"text": "\n                    年轻就该不断突破，科技也可以很时尚。著名设计师兰玉携手#华为nova4#跨界定制青春时尚，其好友宋轶更是将这套蜜语红服饰完美呈现。从“创业时代”里的果敢温迪瞬间变换为可盐可甜的小仙女，线下实力演绎“我就是演员”深厚功底！这一抹蜜语红色闪耀着自信的光，着实令人着迷！ ​                ", "author": "Awesomethings", "time": "Awesomethings2018年12月27日13:00 来自微博weibo.com", "transmit": " 转发 208", "comment": "评论 145", "zan": " 695"}]