[{"text": "\n                    【小泽vlog：Sound X评测 华为为什么要做个高端音箱？】在刚看到华为发布 Sound X 的时候，我其实很好奇，华为为什么要去搞一个智能音箱？毕竟这家厂商之前把主要的产品重心都放在手机上。带着这个问题我开始使用了 Sound X 一段时间，并终于明白了华为的目的。这其实也是推动华为做电视的一个核心原因 ​  展开全文c \n                    【小泽vlog：Sound X评测 华为为什么要做个高端音箱？】在刚看到华为发布 Sound X 的时候，我其实很好奇，华为为什么要去搞一个智能音箱？毕竟这家厂商之前把主要的产品重心都放在手机上。带着这个问题我开始使用了 Sound X 一段时间，并终于明白了华为的目的。这其实也是推动华为做电视的一个核心原因。 L钟文泽的微博视频 O抽奖详情 收起全文d\n", "author": "钟文泽", "time": "钟文泽2019年12月18日10:00 来自评测开箱·视频社区", "transmit": " 转发 6064", "comment": "评论 1475", "zan": " 2938"}, {"text": "\n                    谁能看破你坚强背后的软肋？或许#华为Mate30#Pro可以点击O网页链接即可入手。说说看你的软肋是___？ L华为终端官方微博的微博视频 ​                ", "author": "华为终端官方微博", "time": "华为终端官方微博2019年12月18日12:01 来自手机平板·视频社区", "transmit": " 转发 536", "comment": "评论 512", "zan": " 3190"}, {"text": "\n#三星手机彻底退出中国制造# 三星手机在中国确实没啥市场了，以前大街上到处是苹果三星的店，现在大街上最多的是华为小米vivo的店了，国产品牌雄起，与国家的发展强大同步！ 你现在用的是啥牌子的手机？ ​                ", "author": "天空菌", "time": "天空菌2019年12月18日09:28", "transmit": " 转发 21", "comment": "评论 83", "zan": " 6990"}, {"text": "\n                    【来了！中国品牌发展（企业）指数100榜单】今日，人民日报“中国品牌发展指数”正式发布。华为、阿里巴巴、上汽集团、腾讯、中国移动、中国石油、格力、国家电网、中国工商银行、中国建筑等100家企业品牌入围“中国品牌发展（企业）指数100榜单”。其中，你最关注的品牌是？O人民日报中国品牌发展指数(CBDI)研究报告（2019） ​                ", "author": "人民网", "time": "人民网2019年12月18日10:43 来自人民网微博", "transmit": " 转发 480", "comment": "评论 128", "zan": " 325"}, {"text": "\n                    将熔化的玻璃靠重力自然滴入冰水中，就会形成这些如同蝌蚪状的“玻璃泪滴”。被俗称为“鲁珀特之泪”的这种玻璃有着奇妙的物理特性：泪珠本身比一般玻璃坚硬很多，能在8吨压力下不碎，然而，若是抓住其纤细的尾巴、稍微施加一些压力，那么整颗玻璃泪就会瞬间爆裂四溅、彻底粉碎。既是盔甲，又是软肋， ​  展开全文c \n                    将熔化的玻璃靠重力自然滴入冰水中，就会形成这些如同蝌蚪状的“玻璃泪滴”。被俗称为“鲁珀特之泪”的这种玻璃有着奇妙的物理特性：泪珠本身比一般玻璃坚硬很多，能在8吨压力下不碎，然而，若是抓住其纤细的尾巴、稍微施加一些压力，那么整颗玻璃泪就会瞬间爆裂四溅、彻底粉碎。既是盔甲，又是软肋，所以，谁是你的小尾巴啊？ L华为终端官方微博的微博视频 收起全文d\n", "author": "科普君XueShu雪树", "time": "科普君XueShu雪树2019年12月18日18:10 来自手机平板·视频社区", "transmit": " 转发 417", "comment": "评论 268", "zan": " 1205"}, {"text": "\n                    【#任正非称本来已准备退休# ，美国的打压让我产生了动力】12月18日，华为心声社区刊发任正非接受拉美、西班牙媒体采访的纪要。任正非表示，可能因为美国总打压我们，让我产生了动力，本来我都准备退休了，然后他打我一下，又让我留下给公共关系部打工。@老板联播 L老板联播的微博视频 ​                ", "author": "梨视频", "time": "梨视频2019年12月18日12:39 来自微博weibo.com", "transmit": " 转发 21", "comment": "评论 63", "zan": " 438"}, {"text": "\n                    柳传志和任正非同岁，你更喜欢谁？镇江籍#柳传志卸任联想控股董事长#柳传志1944年4月出生的江苏镇江，今年75岁。毕业西安电子科技大学，40岁创立联想。任正非也出生于1944年，但是比柳传志小了6个月，毕业于重庆大学，44岁创立华为。 柳传志和任正非，你更喜欢谁？ ​                ", "author": "掌上镇江", "time": "掌上镇江2019年12月18日19:09", "transmit": " 转发 26", "comment": "评论 162", "zan": " 6357"}, {"text": "\n#三星手机彻底退出中国制造#，在中国的市场份额仅剩下0.8%。你现在用的是哪个品牌的手机？欢迎评论补充~ 你现在用的是哪个品牌的手机？ ​                ", "author": "电商报", "time": "电商报2019年12月18日10:15 来自微博weibo.com", "transmit": " 转发 6", "comment": "评论 21", "zan": " 1304"}, {"text": "\n                    【任正非：本来已准备退休 美国的打压让我产生了动力】华为“心声社区”12月18日发布任正非接受拉美、西班牙等国媒体采访纪要。采访中，任正非打趣道：“可能因为美国总打压我们，让我产生了动力。本来我都准备退休了，然后他打我一下，又让我留下给公共关系部打工。”有记者询问“受到美国制裁后， ​  展开全文c \n                    【任正非：本来已准备退休 美国的打压让我产生了动力】华为“心声社区”12月18日发布任正非接受拉美、西班牙等国媒体采访纪要。采访中，任正非打趣道：“可能因为美国总打压我们，让我产生了动力。本来我都准备退休了，然后他打我一下，又让我留下给公共关系部打工。”有记者询问“受到美国制裁后，华为做好了备用计划或备胎计划的准备”的更详细情况。对此，任正非表示，华为过去是一家很穷的公司，并不是像美国公司一样积累了大量现金。大家知道，做一颗CPU是很难的，全世界除了英特尔非常成功外，其他公司很难做出CPU来。“我们这么穷的公司也要把CPU做出来，备份，使我们有安全感，大家想想这有多难，而且不仅是做了CPU，还有NPU、GPU、昇腾、鲲鹏……都做出来了，这些没有十几年的准备是做不出来的。所以，即使离开美国的供给，我们是能独立对客户提供服务的。”他说道。任正非同时强调，“但是我们依然拥抱与美国公司合作，只要美国公司给我们供应的器件，我们还是大规模采用。我们的自立并不是我们的长远方针，还是坚定不移拥抱全球化。”O任正非接受西语媒体采访：我们依然与美国公司合作 收起全文d\n", "author": "观察者网", "time": "观察者网2019年12月18日16:42 来自专业版微博", "transmit": " 转发 65", "comment": "评论 224", "zan": " 1558"}, {"text": "\n                    【#任正非称本来已准备退休#，美国的打压让我产生了动力】任正非本月11日接受拉美、西班牙媒体采访，华为心声社区12月18日刊发纪要。关于上市问题，任正非表示，判断华为是不是一家好公司，要看行动和做事结果，而不是上市与否。关于其目前的工作动力，任正非表示，可能因为美国总打压我们，让我产生了 ​  展开全文c \n                    【#任正非称本来已准备退休#，美国的打压让我产生了动力】任正非本月11日接受拉美、西班牙媒体采访，华为心声社区12月18日刊发纪要。关于上市问题，任正非表示，判断华为是不是一家好公司，要看行动和做事结果，而不是上市与否。关于其目前的工作动力，任正非表示，可能因为美国总打压我们，让我产生了动力，本来我都准备退休了，然后他打我一下，又让我留下给公共关系部打工。此外，任正非称，美国实体清单是否延期，对华为已经没有影响了；华为在西班牙的5G会建成欧洲最好的5G网络。O任正非：本来已准备退休 美国的打压让我产生了动力 L老板联播的微博视频 收起全文d\n", "author": "新浪财经", "time": "新浪财经2019年12月18日11:37 来自专业版微博", "transmit": " 转发 47", "comment": "评论 52", "zan": " 473"}, {"text": "\n                    【盘点#2019中国十大科技成就#：数个“第一”，创造历史】2019年科学家们完成的硬核科技成就有点多：嫦娥四号传回人类首张月球背影像图，这是人类首次登陆月背，也开启了中国科技突破新篇章；时速600公里高速磁浮样车下线；工信部发放5G商用牌照；“捷龙一号”首飞成功；中科院发现迄今最大黑洞； ​  展开全文c \n                    【盘点#2019中国十大科技成就#：数个“第一”，创造历史】2019年科学家们完成的硬核科技成就有点多：嫦娥四号传回人类首张月球背影像图，这是人类首次登陆月背，也开启了中国科技突破新篇章；时速600公里高速磁浮样车下线；工信部发放5G商用牌照；“捷龙一号”首飞成功；中科院发现迄今最大黑洞；华为发布鸿蒙操作系统……L梨视频文化的秒拍视频 收起全文d\n", "author": "每日经济新闻", "time": "每日经济新闻2019年12月18日07:32 来自社会热点·视频社区", "transmit": " 转发 42", "comment": "评论 11", "zan": " 70"}, {"text": "\n                    发布了头条文章：《回踩企稳皆买点》 财经每日必读 #微博赚钱季# 周三股权/公告+科创板/次新+华为/科技+影视文化/网络游戏最强，新能源汽车+大金融(券商）分化，区块链+大基建/周期+养殖板块有企稳的迹象;主板缩量下跌（预设明日回踩企稳，观察成交量能否有效放大）强势股接力的亏钱效应减缓 ​  展开全文c \n                    发布了头条文章：《回踩企稳皆买点》 财经每日必读 #微博赚钱季# 周三股权/公告+科创板/次新+华为/科技+影视文化/网络游戏最强，新能源汽车+大金融(券商）分化，区块链+大基建/周期+养殖板块有企稳的迹象;主板缩量下跌（预设明日回踩企稳，观察成交量能否有效放大）强势股接力的亏钱效应减缓，明日南宁百货，万通智控，南京证券,卓易信息等作为情绪标杆观察，空间板高度到5板，首板数量增加，明日强势股接力赚钱效应大概会维持，但大盘进入筹码密集套牢区，重点关注成交量能是否能持续，短期震荡会比较剧烈，操作难度会变大，高标不宜盲目接力博傻，作为情绪标杆观察即可，注意高低切换，风险偏好高的可选择首板（反包板）或者1进2进3涨停板套利，最优策略是低吸主线板块人气股和超跌中小创板块等轮动补涨，回踩企稳后皆是买点，做好入场准备，低吸富一生。 O回踩企稳皆买点 收起全文d\n", "author": "lesliesay", "time": "lesliesay2019年12月18日16:55 来自微博weibo.com", "transmit": " 转发 378", "comment": "评论 199", "zan": " 641"}, {"text": "\n                    网友：永远不要低估华为P30Pro的能力 ​                ", "author": "让笑声飞", "time": "让笑声飞2019年12月18日10:30 来自微博weibo.com", "transmit": " 转发 78", "comment": "评论 403", "zan": " 2669"}, {"text": "\n                    vivo 正式加入无涓流充电大家庭，X30 Pro 33W充电器，4350mAh电池，半小时充入70%，充满用时57分钟，快于40W的华为Mate30~#小白测评数据库# ​                ", "author": "小白测评", "time": "小白测评2019年12月18日11:29 来自微博weibo.com", "transmit": " 转发 21", "comment": "评论 450", "zan": " 3856"}, {"text": "\n                    当华为mate30Pro和苹果iPhone11 Pro max放到一起，尴尬了实验了半天没什么解决办法，只能把nfc关了。装了公交卡我说怎么这两天耗电这么快看来不能把华为苹果放一个裤兜里。同事对我说，有车不开车天天还坐公交车。问题来了，你从家到公司要花多长时间？ L那岩的微博视频 ​                ", "author": "那岩", "time": "那岩2019年12月18日15:04 来自iOS版Android", "transmit": " 转发 22", "comment": "评论 236", "zan": " 1014"}, {"text": "\n#华为Mate30#Pro 5G版8GB+128GB版本正式开售！DXOMARK智能手机排行榜摄像头整体得分第一，超感光徕卡电影四摄带来精彩影像体验。5G生活，现在开启！点击O网页链接即可购买。 ​                ", "author": "华为终端官方微博", "time": "华为终端官方微博2019年12月18日09:30 来自微博weibo.com", "transmit": " 转发 45", "comment": "评论 237", "zan": " 903"}, {"text": "\n                    【使命必达！盘点#2019中国十大科技成就#：数个“第一”，创造历史】2019年科学家们完成的硬核科技成就有点多：嫦娥四号传回人类首张月球背影像图，这是人类首次登陆月背，也开启了中国科技突破新篇章；工信部发放5G牌照；“捷龙一号”首飞成功；中科院发现迄今最大黑洞；华为发布鸿蒙操作系统…… ​  展开全文c \n                    【使命必达！盘点#2019中国十大科技成就#：数个“第一”，创造历史】2019年科学家们完成的硬核科技成就有点多：嫦娥四号传回人类首张月球背影像图，这是人类首次登陆月背，也开启了中国科技突破新篇章；工信部发放5G牌照；“捷龙一号”首飞成功；中科院发现迄今最大黑洞；华为发布鸿蒙操作系统……L梨视频文化的秒拍视频 收起全文d\n", "author": "新浪科技", "time": "新浪科技2019年12月18日02:57 来自社会热点·视频社区", "transmit": " 转发 40", "comment": "评论 9", "zan": " 65"}, {"text": "\n                    又是一年年末了，今年收获一个手表#荣耀MagicWatch#2，它强续航、可通话、可播音乐、表盘一碰即传，其中最让我心仪的还是在我运动时把手机放在150米之内也可以自由切换音乐，同时还可以自由通话！15种运动模式，游泳还可以测心率，爱了12月20日开售，喜欢的可以留意一下。 ​                ", "author": "张译文Yeokmoon", "time": "张译文Yeokmoon2019年12月18日14:05 来自微博weibo.com", "transmit": " 转发 2319", "comment": "评论 3585", "zan": " 6198"}, {"text": "\n                    2019年十大最奢侈手机，iPhone 11 Pro Max排第十，华为Mate30保时捷排第九。你买了哪台？准备买哪台？ ​                ", "author": "一枚搞机的原子弹", "time": "一枚搞机的原子弹2019年12月18日18:31 来自HUAWEIMate30Pro5G", "transmit": " 转发 33", "comment": "评论 121", "zan": " 147"}, {"text": "\n                    【任正非：本来已准备退休 美国的打压让我产生了动力】华为创始人任正非在深圳接受拉美、西班牙等媒体采访时称：“可能因为美国总打压我们，让我产生了动力。本来我都准备退休了，然后他打我一下，又让我留下给公共关系部打工。”任正非还强调，“我们依然拥抱与美国公司合作。”O任正非：本来已准备退休 美国的打压让我产生了动力 ​                ", "author": "新浪科技", "time": "新浪科技2019年12月18日12:41 来自微博weibo.com", "transmit": " 转发 15", "comment": "评论 40", "zan": " 219"}, {"text": "\n                    现在确实没有什么事实证明峰值功率维持时间更长的无涓流充电策略对电池寿命甚至对安全性有何影响，所以就总时长而言这种充电调度策略更快，也就出现了新30多W超40W快充的情况但以华为为代表的涓流充电系普遍激活高瓦数快充的时间很短，充一会儿就激活了，这种也有好处是可以更好的利用碎片化充电时间 ​  展开全文c \n                    现在确实没有什么事实证明峰值功率维持时间更长的无涓流充电策略对电池寿命甚至对安全性有何影响，所以就总时长而言这种充电调度策略更快，也就出现了新30多W超40W快充的情况但以华为为代表的涓流充电系普遍激活高瓦数快充的时间很短，充一会儿就激活了，这种也有好处是可以更好的利用碎片化充电时间，随手插一会儿就是快充。所以目前还是各有各的优势，但在外化宣传上，充电时间缩短更容易被用户感知，也就更有优势一些。还有就是UI快充……这个……大家自己看表格吧#小白测评数据库# 收起全文d\n", "author": "小白测评", "time": "小白测评2019年12月18日13:29 来自微博weibo.com", "transmit": " 转发 21", "comment": "评论 257", "zan": " 1228"}, {"text": "\n                    【工信部原部长李毅中：华为的经验值得学习和赞扬】工业和信息化部原部长、中国工业经济联合会会长李毅中在#新京报财经峰会#上表示，华为现在遭到美国封锁打压，华为有底气，是因为掌握了5G专利世界总数的1/4。任正非说要把研发费用占销售收入20%-30%拿出来搞基础研发，很有远见。华为的经验值得我们学 ​  展开全文c \n                    【工信部原部长李毅中：华为的经验值得学习和赞扬】工业和信息化部原部长、中国工业经济联合会会长李毅中在#新京报财经峰会#上表示，华为现在遭到美国封锁打压，华为有底气，是因为掌握了5G专利世界总数的1/4。任正非说要把研发费用占销售收入20%-30%拿出来搞基础研发，很有远见。华为的经验值得我们学习和赞扬。O工信部原部长李毅中：华为的经验值得学习和赞扬 收起全文d\n", "author": "新浪财经", "time": "新浪财经2019年12月18日10:41 来自专业版微博", "transmit": " 转发 31", "comment": "评论 84", "zan": " 318"}, {"text": "\n#华为或在欧洲建设5G组件工厂#【华为梁华：正在就欧洲建设5G组件工厂进行可行性研究】华为董事长梁华接受法新社采访时表示，正在就欧洲建设5G组件工厂进行可行性研究。O华为梁华：正在就欧洲建设5G组件工厂进行可行性研究 ​                ", "author": "新浪科技", "time": "新浪科技2019年12月18日20:39 来自微博weibo.com", "transmit": " 转发 15", "comment": "评论 50", "zan": " 150"}, {"text": "\n#任正非称本来都准备退休了#【任正非：本来已准备退休 美国的打压让我产生了动力】任正非本月11日接受拉美、西班牙媒体采访，华为心声社区今日刊发纪要。关于上市问题，任正非表示，判断华为是不是一家好公司，要看行动和做事结果，而不是上市与否。关于其目前的工作动力，任正非表示，“可能因为美国 ​  展开全文c \n#任正非称本来都准备退休了#【任正非：本来已准备退休 美国的打压让我产生了动力】任正非本月11日接受拉美、西班牙媒体采访，华为心声社区今日刊发纪要。关于上市问题，任正非表示，判断华为是不是一家好公司，要看行动和做事结果，而不是上市与否。关于其目前的工作动力，任正非表示，“可能因为美国总打压我们，让我产生了动力，本来我都准备退休了，然后他打我一下，又让我留下给公共关系部打工。”此外，任正非称，美国实体清单是否延期，对华为已经没有影响了；华为在西班牙的5G会建成欧洲最好的5G网络。（华为心声社区） 收起全文d\n", "author": "每日经济新闻", "time": "每日经济新闻2019年12月18日11:55 来自搜狗高速浏览器", "transmit": " 转发 11", "comment": "评论 16", "zan": " 96"}, {"text": "\n#余承东预告华为P40#你们认为华为P40会使用什么系统？ 你们认为华为P40会使用什么系统？ ​                ", "author": "搞机爵士", "time": "搞机爵士2019年12月18日16:13", "transmit": " 转发 9", "comment": "评论 53", "zan": " 2229"}, {"text": "\n                    【任正非：华为是不是好公司不在于上市，大家黑一下华为就恢复了本色】18日，华为心声社区发布创始人任正非在深圳接受拉美、西班牙等国媒体采访纪要，采访时间为12月11日。任正非称，判断华为是不是一家好公司，要看行动和做事的结果，而不是上市与否。采访中，任正非打趣道：“可能因为美国总打压我 ​  展开全文c \n                    【任正非：华为是不是好公司不在于上市，大家黑一下华为就恢复了本色】18日，华为心声社区发布创始人任正非在深圳接受拉美、西班牙等国媒体采访纪要，采访时间为12月11日。任正非称，判断华为是不是一家好公司，要看行动和做事的结果，而不是上市与否。采访中，任正非打趣道：“可能因为美国总打压我们，让我产生了动力。本来我都准备退休了，然后他打我一下，又让我留下给公共关系部打工。”O任正非：华为是不是好公司不在于上市，大家黑一下华为就恢复了本色｜CEO说 收起全文d\n", "author": "钛媒体APP", "time": "钛媒体APP2019年12月18日16:26 来自微博weibo.com", "transmit": " 转发 384", "comment": "评论 182", "zan": " 720"}, {"text": "\n#三星手机彻底退出中国制造#将清算昆山三星电机，员工赔偿达N＋5，在中国的市场份额仅剩下0.8%。遥想那些年，市场上还都是三星、诺基亚、摩托罗拉，而如今，市面上大多是苹果、华为、小米、OPPO，一茬接一茬的! ​                ", "author": "喊我豆奶酱", "time": "喊我豆奶酱2019年12月18日10:40 来自HUAWEInova青春版", "transmit": " 转发 132", "comment": "评论 83", "zan": " 405"}, {"text": "\n                    刚出时候买的华为Mate 30 pro，今天早上开电梯的时候不小心板了一下，心痛啊，据说是上海第一台5G“新翡冷翠”。然后隔日又买了一台“新星河银”，真香。成功转为花粉。 ​​​                ", "author": "数码IT迷", "time": "数码IT迷2019年12月18日11:12", "transmit": " 转发 77", "comment": "评论 190", "zan": " 305"}, {"text": "\n                    如何用手机拍出大片感满满的短片？华为视频携手#华为Mate30#系列走进高校，为师生们现场解答，体验重构影像的魅力。评论区说说你印象最深刻的电影片段是什么，随机抽十位各送华为影视VIP会员月卡一张，截至12月20日23:00。  L华为终端官方微博的微博视频 ​ O抽奖详情 ​                ", "author": "华为终端官方微博", "time": "华为终端官方微博2019年12月18日20:02 来自微博视频", "transmit": " 转发 94", "comment": "评论 239", "zan": " 339"}, {"text": "\nHenryLau刘宪华#千万别去b站搜刘宪华# “首先 sunny最大的优点是李秀满的侄女” “要不我们结婚吧  我会对你好的”我华为了“上位”也是拼了 哈哈哈这个宝藏男孩承包了我一晚上的笑点 L_叫我小宝贝儿的微博视频 ​                ", "author": "_叫我小宝贝儿", "time": "_叫我小宝贝儿2019年12月18日21:43 来自HenryLau刘宪华超话", "transmit": " 转发 18", "comment": "评论 24", "zan": " 340"}]