[{"text": "\n#柳传志和任正非同岁#  你更喜欢谁？据晚点Post透露，柳传志将卸任联想董事长，预计本周宣布。柳传志1944年4月出生的江苏镇江，今年75岁。毕业西安电子科技大学，40岁创立联想。任正非也出生于1944年，但是比柳传志小了6个月，毕业于重庆大学，44岁创立华为。#柳传志将退休# 联想和华为你更喜欢哪家企业？ ​                ", "author": "凤凰网科技", "time": "凤凰网科技2019年12月16日20:50", "transmit": " 转发 480", "comment": "评论 979", "zan": " 37454"}, {"text": "\n#趣体验#趣评测杯2019年度手机颁奖典礼，最值得期待手机华为Mate X，最高端手机小米MIX Alpha，设计最惊艳奖夏普R3，最佳充电黑科技手机荣耀9X，年度宇宙机皇荣耀Play 3e，快来看看还有哪些幸运的得奖机型。L趣评测的微博视频 ​ O抽奖详情 ​                ", "author": "李杰灵", "time": "李杰灵2019年12月16日20:04 来自手机平板·视频社区", "transmit": " 转发 2174", "comment": "评论 1037", "zan": " 2924"}, {"text": "\n周杰伦 【周杰伦新单曲部分内地成绩汇总，King！】QQ音乐飙升指数达1628%QQ音乐流行指数达816%QQ音乐新歌榜日榜第一腾讯旗下三大音乐平台由你音乐榜空降第一QQ音乐MV榜单第一咪咕音乐尖叫榜第一苹果音乐国语流行排行榜空降第一苹果音乐所有类型排行榜空降第一华为音乐人气飙升榜、新 ​  展开全文c \n周杰伦 【周杰伦新单曲部分内地成绩汇总，King！】QQ音乐飙升指数达1628%QQ音乐流行指数达816%QQ音乐新歌榜日榜第一腾讯旗下三大音乐平台由你音乐榜空降第一QQ音乐MV榜单第一咪咕音乐尖叫榜第一苹果音乐国语流行排行榜空降第一苹果音乐所有类型排行榜空降第一华为音乐人气飙升榜、新歌榜双榜第一QQ音乐热门歌手榜保持第一酷狗音乐热门歌手榜保持第一酷我音乐热门歌手榜保持第一咪咕音乐华语男歌手保持第一（全部歌手亦是第一，只是咪咕官方区分）周杰伦个人微信指数达1079万 12月15号的微信热点上榜#周杰伦新歌我是如此相信# 收起全文d\n", "author": "AllForJay周杰伦个站", "time": "AllForJay周杰伦个站2019年12月16日14:01 来自周杰伦超话", "transmit": " 转发 188", "comment": "评论 106", "zan": " 684"}, {"text": "\n                    今天聊聊手机，数码圈的东西我不咋懂！但是近年来手机厂商和汽车品牌合作款倒是层出不穷，华为和保时捷设计，OPPO和兰博基尼，一加和迈凯伦，不知道法拉利会被哪家拉去合作？说说这两款你喜欢哪个吧#保时捷##迈凯伦# 你喜欢一加迈凯伦还是华为保时捷！ ​                ", "author": "Top-Cars", "time": "Top-Cars2019年12月16日12:30 来自跑车超话", "transmit": " 转发 23", "comment": "评论 96", "zan": " 8747"}, {"text": "\n                    Bose耳机降噪怎么样？华为手机好用吗？ ​                ", "author": "闪飞", "time": "闪飞2019年12月16日12:28", "transmit": " 转发 98", "comment": "评论 399", "zan": " 2031"}, {"text": "\n                    $小米集团-W(01810)$ 中国区总裁卢伟冰昨日针对网友#小米低价误国#言论作出回应称：1.当一个人认为是中国的社会文化和结构出了“问题”的时候，一定是他自己脑袋出了“问题；2.以发达国家来“例证”本身就是缺乏民族自信的表现，况且“发达\"国家出现了沃尔玛，宜家，Costco, 优衣库这些公司和品牌， ​  展开全文c \n                    $小米集团-W(01810)$ 中国区总裁卢伟冰昨日针对网友#小米低价误国#言论作出回应称：1.当一个人认为是中国的社会文化和结构出了“问题”的时候，一定是他自己脑袋出了“问题；2.以发达国家来“例证”本身就是缺乏民族自信的表现，况且“发达\"国家出现了沃尔玛，宜家，Costco, 优衣库这些公司和品牌，全球受益；3.小米有没有钱做研发，看看小米财报就可以（关键要会读）。小米的员工很多来自全球一流高校的人才，没有高薪吸引不来；4. 我深度研究了华为的发展路径，熟读任总讲话以及任总在不同阶段关于手机终端的战略讲话，华为是中国企业“低价”战略的榜样，并且双11智能手机最低价399也是友商某型号。 那么你如何看待“低价误国”这种说法？ 收起全文d\n", "author": "雪球", "time": "雪球2019年12月16日10:10 来自微博weibo.com", "transmit": " 转发 31", "comment": "评论 286", "zan": " 3332"}, {"text": "\n易烊千玺#千玺在nova星等你# “如果你说你在下午四点来，从三点钟开始，我就开始感觉很快乐，时间越临近，我就越来越感到快乐。” 终于，期待了这么久的安阳万达华为体验店线下粉丝品鉴会活动结束啦！我们也很快乐地和大家一起度过了连续四天每一个美好的下午。风霜雨雪也拦不住我们热爱 ​  展开全文c \n易烊千玺#千玺在nova星等你# “如果你说你在下午四点来，从三点钟开始，我就开始感觉很快乐，时间越临近，我就越来越感到快乐。” 终于，期待了这么久的安阳万达华为体验店线下粉丝品鉴会活动结束啦！我们也很快乐地和大家一起度过了连续四天每一个美好的下午。风霜雨雪也拦不住我们热爱的步伐，感谢华为粑粑为我们提供这么好的现场这么多礼物；感谢华为安阳授权店的小哥哥小姐姐们；感谢冒雨雪去现场的鸟姐！华为&千纸鹤安阳第一次合作圆满结束！期待下次见啦❤@TFBOYS-易烊千玺 @华为终端官方微博 收起全文d\n", "author": "易烊千玺河南粉丝团", "time": "易烊千玺河南粉丝团2019年12月16日13:16 来自易烊千玺超话", "transmit": " 转发 193", "comment": "评论 118", "zan": " 357"}, {"text": "\n华为三星苹果都出了降噪耳机，但是我觉得还是bose的更好，我给我朋友看了这张图，他立马就服了… ​                ", "author": "水哥爱搞机", "time": "水哥爱搞机2019年12月16日17:42", "transmit": " 转发 183", "comment": "评论 401", "zan": " 2920"}, {"text": "\n                    情侣间一吵架就拉黑？华为Share这个小功能可以做你的爱情神助攻。不用流量，面对面即可传图片、传视频、传文件，比蓝牙快N倍，赶紧去试试吧！🔒定@山东中公教育 #mate30华为Share#转+说说你对华为Share的感受，12.22抽1人送【100元京东卡】 ​ O抽奖详情 ​                ", "author": "我的火锅还是自己chi吧", "time": "我的火锅还是自己chi吧2019年12月16日17:53 来自转发抽奖超话", "transmit": " 转发 4065", "comment": "评论 439", "zan": " 182"}, {"text": "\n                    发布了头条文章：《高低切换》 财经每日必读 #微博赚钱季#  周一股权/公告+华为/科技（穿戴智能）+新能源汽车（胎压监测）最强，大金融(券商）分化，区块链+次新/科创+大基建/周期+养殖板块有企稳的迹象;主板放量上涨（预设明日冲高回踩，观察成交量能否有效放大）强势股接力的亏钱效应减缓， ​  展开全文c \n                    发布了头条文章：《高低切换》 财经每日必读 #微博赚钱季#  周一股权/公告+华为/科技（穿戴智能）+新能源汽车（胎压监测）最强，大金融(券商）分化，区块链+次新/科创+大基建/周期+养殖板块有企稳的迹象;主板放量上涨（预设明日冲高回踩，观察成交量能否有效放大）强势股接力的亏钱效应减缓，明日南宁百货等作为情绪标杆观察，空间板高度到9板，首板数量增加，明日强势股接力赚钱效应大概会维持，但大盘短期有顶背离迹象，操作难度会变大，风险偏好高的可选择首板（反包板）或者1进2涨停板套利，注意高低切换，最优策略是低吸主线板块人气股和超跌中小创板块等轮动补涨，低吸富一生。 O高低切换 收起全文d\n", "author": "lesliesay", "time": "lesliesay2019年12月16日16:52 来自微博weibo.com", "transmit": " 转发 414", "comment": "评论 185", "zan": " 564"}, {"text": "\n                    外媒Anandtech的高通865评测出来了。初步看了一下，CPU功耗让我有点意外，GPU比华为麒麟990 4G版好，不过优势也不是太明显，感觉整体进步程度没有大家预期的高。讲真，现在我很期待麒麟990 5G版的成绩，海思有可能会依靠更好的制程，在能效方面表现得更出色。另外，A站怀疑工程机空载过高，数据以 ​  展开全文c \n                    外媒Anandtech的高通865评测出来了。初步看了一下，CPU功耗让我有点意外，GPU比华为麒麟990 4G版好，不过优势也不是太明显，感觉整体进步程度没有大家预期的高。讲真，现在我很期待麒麟990 5G版的成绩，海思有可能会依靠更好的制程，在能效方面表现得更出色。另外，A站怀疑工程机空载过高，数据以实际上市机器为准。 收起全文d\n", "author": "宅数码Kael", "time": "宅数码Kael2019年12月16日21:40 来自HUAWEIMate30Pro5G", "transmit": " 转发 26", "comment": "评论 64", "zan": " 313"}, {"text": "\n#大明风华定档1217# 最近追剧少女也太幸福了吧！《庆余年》《大明风华》都是期待了好久的剧，终于来了！使用华为和荣耀手机的朋友们更幸福，使用手机自带的#华为视频# 直接就能看芒果TV、优酷、腾讯视频的内容，还有追剧福利，能赢5G手机！你们最期待哪部剧开播呢？O网页链接 ​                ", "author": "追剧少女韩芳芳", "time": "追剧少女韩芳芳2019年12月16日20:00 来自微博weibo.com", "transmit": " 转发 1091", "comment": "评论 751", "zan": " 1963"}, {"text": "\n                    在15000+这个价位：华为Meta30保时捷版，和小米MIX Alpha 你们会选哪个？ ​ 在15000+价位，这两款手机选哪个？ ​                ", "author": "渠洋", "time": "渠洋2019年12月16日16:36 来自热心吃瓜群众", "transmit": " 转发 5", "comment": "评论 77", "zan": " 3835"}, {"text": "\n                    美国遏制华为的时候，却有四个中国人“补刀”富士康的郭台铭，应该排在第一位吧，因为他完美诠释了现代版“东郭先生与狼”的故事，在富士康危机关头，华为主动送了大笔订单，也是让富士康起死回生。而反观华为“落难”富士康是第一时间撇清与华为“关系”，更是“补刀”不与华为供货。现在也是失去了 ​  展开全文c \n                    美国遏制华为的时候，却有四个中国人“补刀”富士康的郭台铭，应该排在第一位吧，因为他完美诠释了现代版“东郭先生与狼”的故事，在富士康危机关头，华为主动送了大笔订单，也是让富士康起死回生。而反观华为“落难”富士康是第一时间撇清与华为“关系”，更是“补刀”不与华为供货。现在也是失去了大批国内企业订单，在国外资本市场苟延残喘。第二个“打假人士”方舟子，在华为提出“备胎”更是喊破喉咙的诋毁，大家现在也是看到，华为海思和鸿蒙实力是非常强大的，当初各处蹭热度的方舟子也是账号被封。第三个就是彭林，自称独立做测评的第三方，诋毁华为做假，还妄言举报华为，宣称辞掉自己公司，企图披上“消费者”的名义。但是没多久就被网友扒出在天津成立爱否公司。第四个就是网络上风靡一时的“万人迷”凤姐罗玉凤。为了蹭热度更是占用公共资源，咒骂华为为什么不倒闭，也是导致自己账号被封杀。这四个人真的是应了一句话“善恶终有报，天道好轮回。不信抬头看，苍天绕过谁。”反观现在的华为，真的是有多少赞美，就会有多少诋毁。 收起全文d\n", "author": "股市女人", "time": "股市女人2019年12月16日09:21", "transmit": " 转发 118", "comment": "评论 474", "zan": " 1465"}, {"text": "\n                    上鸿蒙，刚刚，华为突然宣布！ ​                ", "author": "电商行业", "time": "电商行业2019年12月16日21:30 来自微博weibo.com", "transmit": " 转发 134", "comment": "评论 532", "zan": " 3142"}, {"text": "\n#E周报# 24：华为251事件漫谈，罗永浩鲨纹招商大会简评这期的科技分享有：华为251事件、罗永浩鯊纹技术、5G毫米波、红米K30与RedmiBook 13……  L杨牧宸的微博视频 ​                ", "author": "杨牧宸", "time": "杨牧宸2019年12月16日23:56 来自评测开箱·视频社区", "transmit": " 转发 81", "comment": "评论 470", "zan": " 861"}, {"text": "\n                    最便宜的小米手机对比最便宜的华为手机，最贵的小米手机对比最贵的华为手机，发现了啥 ​                ", "author": "科技新一", "time": "科技新一2019年12月16日12:24", "transmit": " 转发 50", "comment": "评论 456", "zan": " 2640"}, {"text": "\n#电视剧大明风华# 终于盼来了！明日开播，不负大明！汤唯 、朱亚文 、邓家佳 、乔振宇 、王学圻 、张艺兴、俞灏明 、梁冠华 ......期待大家的表现 使用华为和荣耀手机的朋友可以直接打开手机自带的#华为视频#来看，一个APP就能看芒果TV、优酷、腾讯视频的内容，还有追剧福利，能赢5G手机……《大 ​  展开全文c \n#电视剧大明风华# 终于盼来了！明日开播，不负大明！汤唯 、朱亚文 、邓家佳 、乔振宇 、王学圻 、张艺兴、俞灏明 、梁冠华 ......期待大家的表现 使用华为和荣耀手机的朋友可以直接打开手机自带的#华为视频#来看，一个APP就能看芒果TV、优酷、腾讯视频的内容，还有追剧福利，能赢5G手机……《大明风华》《庆余年》《明星大侦探》都能安排了！O网页链接 收起全文d\n", "author": "娱乐扒皮", "time": "娱乐扒皮2019年12月16日20:00 来自微博weibo.com", "transmit": " 转发 424", "comment": "评论 907", "zan": " 2527"}, {"text": "\n                    给爷爷的新礼物，#华为Sound#X，Push-Push对称式声学平衡，大音量也能稳如泰山。一句话形容下这台音箱，你会说___？ L华为终端官方微博的微博视频 ​                ", "author": "华为终端官方微博", "time": "华为终端官方微博2019年12月16日18:05 来自影音智能·视频社区", "transmit": " 转发 31", "comment": "评论 109", "zan": " 439"}, {"text": "\n#过年就去武隆# 【凛冬已至 仙女山冰雪季强势归来！说出最爱的雪上娱乐，赢取华为智能运动手表】2019第十届武隆仙女山国际冰雪季12月21日震撼来启！在海拔2033米，拥有33万亩森林、10万亩天然草原上，一起感受持续2个月的滑雪(刺激)、赏雪(惊艳)乐趣，耍雪就去仙女山。关注并转发说出你最爱的 ​  展开全文c \n#过年就去武隆# 【凛冬已至 仙女山冰雪季强势归来！说出最爱的雪上娱乐，赢取华为智能运动手表】2019第十届武隆仙女山国际冰雪季12月21日震撼来启！在海拔2033米，拥有33万亩森林、10万亩天然草原上，一起感受持续2个月的滑雪(刺激)、赏雪(惊艳)乐趣，耍雪就去仙女山。关注并转发说出你最爱的雪上娱乐，23日@微博抽奖平台 选3人送出华为GT 2 L武隆旅游的微博视频 O抽奖详情 收起全文d\n", "author": "武隆旅游", "time": "武隆旅游2019年12月16日12:40 来自微博视频", "transmit": " 转发 646", "comment": "评论 421", "zan": " 755"}, {"text": "\n                    【#华为员工摩洛哥失踪26日# 父亲：相信儿子还活着】12月16日，距离23岁重庆籍华为员工邓博文于摩洛哥失踪已26日。11月21日，邓博文下班后失联，其父母得知消息后赶赴当地寻人17天未果。父亲邓兴文表示，儿子的护照、银行卡都还在宿舍，完全没有离开的征兆，他坚信儿子还平安活着。@新京报我们视频  ​  展开全文c \n                    【#华为员工摩洛哥失踪26日# 父亲：相信儿子还活着】12月16日，距离23岁重庆籍华为员工邓博文于摩洛哥失踪已26日。11月21日，邓博文下班后失联，其父母得知消息后赶赴当地寻人17天未果。父亲邓兴文表示，儿子的护照、银行卡都还在宿舍，完全没有离开的征兆，他坚信儿子还平安活着。@新京报我们视频 L世面的秒拍视频 收起全文d\n", "author": "世面", "time": "世面2019年12月16日19:49 来自社会热点·视频社区", "transmit": " 转发 204", "comment": "评论 95", "zan": " 150"}, {"text": "\n                    来来来，来投票。标配都是8+128，荣耀V30 Pro/华为Nova6 5G版/vivo X30 Pro你们更喜欢哪个呢 荣耀V30 Pro/华为Nova6 5G/vivo X30Pro\n\n三选一 ​                ", "author": "科技疯报", "time": "科技疯报2019年12月16日21:46 来自小米9Pro5G", "transmit": " 转发 6", "comment": "评论 71", "zan": " 2472"}, {"text": "\n                    易烊千玺的华为 nova6肖战 OPPO Reno3王一博 Redmi K30蔡徐坤 vivo S5 你最喜欢哪家厂商代言人？ ​                ", "author": "搞机爵士", "time": "搞机爵士2019年12月16日10:50", "transmit": " 转发 15", "comment": "评论 55", "zan": " 2504"}, {"text": "\n                    米国破解支付宝微信刷脸支付，仅苹果iPhone和华为手机抵挡住了破解    米国智能公司称他们用3d面具骗过支付宝、微信支付，用照片在荷兰最大机场通过人脸识别，并用同样方式进入咱们火车站。    该公司称测试中，苹果Face ID和华为系统被证实抵挡住了3d面具的“攻击”，因为这两者使用了更 ​  展开全文c \n                    米国破解支付宝微信刷脸支付，仅苹果iPhone和华为手机抵挡住了破解    米国智能公司称他们用3d面具骗过支付宝、微信支付，用照片在荷兰最大机场通过人脸识别，并用同样方式进入咱们火车站。    该公司称测试中，苹果Face ID和华为系统被证实抵挡住了3d面具的“攻击”，因为这两者使用了更复杂的光成像技术！ #智能让社会进步#，但同时也会带来一些漏洞，所以一定要选择实力强劲的公司对智能产品，以防受到损失！消息来源：中国经济网 收起全文d\n", "author": "长安数码君", "time": "长安数码君2019年12月16日15:42 来自nova65G自拍大不一样", "transmit": " 转发 76", "comment": "评论 173", "zan": " 1039"}, {"text": "\n                    辣鸡华为P30Pro，拍照一点都不厉害，这么“近”的距离竟然都“翻车”O\n    今晚19：30#vivo  X30系列新品发布会#，vivo X30支持60倍数字变焦，相信在这个场景一定可以干翻华为 L长安数码君的微博视频 ​                ", "author": "长安数码君", "time": "长安数码君2019年12月16日19:17 来自荣耀V30PRO5G", "transmit": " 转发 27", "comment": "评论 250", "zan": " 1261"}, {"text": "\n                    【华为被美国打压，任正非如何硬核回击，进入上海学校美女教师的教学课件：“硬核”回应美国封杀，华为底气何在？】今日，上海教育新闻网刊登了该课件详细内容，主要包括内容分析、学情分析、教学重难点、教学说明、板书设计及资源设计等内容。网友们怎么看？     在本节课中，围绕 ​  展开全文c \n                    【华为被美国打压，任正非如何硬核回击，进入上海学校美女教师的教学课件：“硬核”回应美国封杀，华为底气何在？】今日，上海教育新闻网刊登了该课件详细内容，主要包括内容分析、学情分析、教学重难点、教学说明、板书设计及资源设计等内容。网友们怎么看？     在本节课中，围绕“华为被美国封杀”这一时政新闻，把《道德与法治》课程相关目标和社会主义核心价值观的落实融入进来，通过对新闻事件全面深入的分析讨论，帮助学生发掘新闻背后蕴含的道理，引导学生关注社会事件、促进学生了解国家发展，激发其认同感、自豪感和使命感。    本节课的设计，立足思想政治学科核心素养，充分考虑到初中生的认知阶段和特点，通过设计和组织一系列的学生活动，达到教学目标。首先，通过设问“现如今，人们出门最不会忘记带的是什么？”这一生活化的问题，引入要讨论的话题主角——华为，激发学生的学习兴趣，引发课堂关注度。紧接着，抛出“华为被美国封杀”这一热门新闻。通过组织“我的观察”、“出谋划策”和“践行成长”三个层层递进的学生活动，分析“华为被美国封杀”的背景原因、应对措施和后续影响。     在“我的观察”环节，学生在学习单的提示下，通过小组讨论、代表发言、教师适时引导，逐步得出“被封杀”事件的本质原因——华为的发展影响到美国的利益，因此不断受到打压和封杀。随即进入到“出谋划策”环节，教师运用情境教学法，引导学生思考——如果自己是华为的一员、是华为的管理者，在这种情况下，如何突出重围？组织学生头脑风暴，提出自己的应对办法，找到问题解决的核心问题——自主创新，并出示华为创始人任正非的“硬核”回应，并分析如此回应背后的“底气”何在：     通过将新闻素材和教学资源有机串联起来，逐步得出实现自主创新的若干重要举措——技术研发、资金投入、人才资源等等。接着，从这一事件本身体现的企业创新，延伸到自主创新对国家经济、国家安全和长远发展的重要意义，明确认识“只有依靠自主创新，才能把握发展的主动权”，并通过华为未雨绸缪的一系列准备，引导学生感受到自主创新带来的强大自信、国家发展带来的强大实力，形成情感共鸣和价值认同。O网页链接 收起全文d\n", "author": "人才76116", "time": "人才761162019年12月16日19:04 来自HUAWEIP20", "transmit": " 转发 74", "comment": "评论 91", "zan": " 286"}, {"text": "\n华为你是在炫富吗？这么多明星、名人用华为还请什么代言 ​                ", "author": "宋敬亭", "time": "宋敬亭2019年12月16日19:49 来自荣耀V305G", "transmit": " 转发 39", "comment": "评论 438", "zan": " 1432"}, {"text": "\n                    没有别的意思，单纯想问问 2万元的手机，非买不可，你买哪个品牌？ ​                ", "author": "科技杰克", "time": "科技杰克2019年12月16日17:55", "transmit": " 转发 7", "comment": "评论 76", "zan": " 2207"}, {"text": "\n                    肖战oppo，王一博红米，蔡徐坤vivo，易烊千玺华为，谁的手机代言更厉害，你会为谁买？  都来选 ​                ", "author": "扒婆爱吐槽", "time": "扒婆爱吐槽2019年12月16日14:53 来自微博weibo.com", "transmit": " 转发 135", "comment": "评论 115", "zan": " 1516"}, {"text": "\n                    不太懂科技行业，问问业内人士这些新题材新概念是华为提出来的多还是苹果多？ ​                ", "author": "天津股侠", "time": "天津股侠2019年12月16日22:30 来自天津股侠Android", "transmit": " 转发 4", "comment": "评论 64", "zan": " 1903"}]