[{"text": "\n                    在冷静和热情之间，用#华为nova6#拍出大不一样。#自拍大不一样# ​                ", "author": "TFBOYS-易烊千玺", "time": "TFBOYS-易烊千玺2019年12月23日12:24 来自nova65G自拍大不一样", "transmit": " 转发 100万+", "comment": "评论 218119", "zan": " 1158099"}, {"text": "\n                    世界再大，科技让我们彼此相联，新的一年，和华为一起开启全场景智慧生活，感受科技带来的魅力。#智慧相联 年年有为##Mate30重构想象#L华为终端官方微博的微博视频 ​                ", "author": "华为终端官方微博", "time": "华为终端官方微博2019年12月23日11:19 来自科技·视频社区", "transmit": " 转发 24586", "comment": "评论 18051", "zan": " 111586"}, {"text": "\n                    不知不觉已经是10年代的最后一个月了，抓住年末的尾巴 ，去#2019上海最后一场大展# 感谢华为的邀请 参加#新影像不止所见#手机摄影展，每个展区都惊喜满满，真的值得一去 附上观后感：生活本应不止所见 。记录生活的美好，就是一种美好。 L梁一口echo的微博视频 ​                ", "author": "梁一口echo", "time": "梁一口echo2019年12月23日20:00 来自微博weibo.com", "transmit": " 转发 71", "comment": "评论 588", "zan": " 5875"}, {"text": "\n                    “梦想是什么？梦想应该是当旁人不尽信的时候，你依旧坚信在未来某一天它将会实现。”导演童画这样解读《长腿盒子》背后的深意。#华为Mate30#又给影片监制@饶晓志 带来了怎样的惊喜？#Mate30重构想象#的幕后花絮独家揭秘。  L华为终端官方微博的微博视频 ​                ", "author": "华为终端官方微博", "time": "华为终端官方微博2019年12月23日12:33 来自手机平板·视频社区", "transmit": " 转发 1470", "comment": "评论 845", "zan": " 4124"}, {"text": "\n                    【距离2020还有9天】今年立下的flag你完成了多少？给大家介绍一下小映的朋友 #华为智能助手#为你的2019完美收官，即日起至12.31，右滑华为手机主屏至负一屏，惊喜年终好礼，百张两千元任飞机票、万份观影红包，十万元生鲜礼盒免费领！关+转，1月3日现场抓一位宝宝送华为nova 5z手机（价值1599元）1台， ​  展开全文c \n                    【距离2020还有9天】今年立下的flag你完成了多少？给大家介绍一下小映的朋友 #华为智能助手#为你的2019完美收官，即日起至12.31，右滑华为手机主屏至负一屏，惊喜年终好礼，百张两千元任飞机票、万份观影红包，十万元生鲜礼盒免费领！关+转，1月3日现场抓一位宝宝送华为nova 5z手机（价值1599元）1台，不过滤~新年锦鲤非你莫鼠L华为终端云服务的秒拍视频 O抽奖详情 收起全文d\n", "author": "inke映客", "time": "inke映客2019年12月23日17:01 来自微博weibo.com", "transmit": " 转发 166095", "comment": "评论 949", "zan": " 1690"}, {"text": "\n#易烊千玺找到你是我最伟大的成功##易烊千玺拍粉丝#千玺演唱会现场为粉丝摆应援灯文字应援，彩排时效果真的非常好，原本怕粉丝看不到还用自己的#华为nova6# 5G手机拍了下来。虽然现场展示效果不是很理想，但是，谁还不是在大佬镜头里出现过的人呢~ ​                ", "author": "圈老汉", "time": "圈老汉2019年12月23日12:05 来自微博weibo.com", "transmit": " 转发 411", "comment": "评论 708", "zan": " 3067"}, {"text": "\n                    从9岁开始，打鼓就成了一件我热爱但又枯燥的事，坚持至今，热爱就是我的动力。即使深夜独自一人在排练室，我也知道我会走向更宽广的舞台。如果置身黑暗，那就努力让自己发光吧！#华为nova6#5G照亮我的热爱。L时尚芭莎BazaarV的秒拍视频 ​                ", "author": "杨宇昊Drummer", "time": "杨宇昊Drummer2019年12月23日18:05 来自nova65G自拍大不一样", "transmit": " 转发 131", "comment": "评论 131", "zan": " 1115"}, {"text": "\n                    四个人、四部手机，是如何拍出韦岛自由潜水大赛纪录片的？自有影像记录以来，人类每一次伟大时刻的诞生，除挑战者外，更有来自拍摄者的历经万险。绝美震撼的画面背后是意想不到的繁重设备，这一点在野外拍摄中更为突出。而这一次，华为Mate30 Pro携手林子路导演带来《无际蓝》，轻装上阵，效果非凡。让 ​  展开全文c \n                    四个人、四部手机，是如何拍出韦岛自由潜水大赛纪录片的？自有影像记录以来，人类每一次伟大时刻的诞生，除挑战者外，更有来自拍摄者的历经万险。绝美震撼的画面背后是意想不到的繁重设备，这一点在野外拍摄中更为突出。而这一次，华为Mate30 Pro携手林子路导演带来《无际蓝》，轻装上阵，效果非凡。让我们一起见证极限记录背后的拍摄，致敬镜头背后的英雄。  L中国国家地理的微博视频 收起全文d\n", "author": "中国国家地理", "time": "中国国家地理2019年12月23日17:30 来自微博weibo.com", "transmit": " 转发 159", "comment": "评论 39", "zan": " 561"}, {"text": "\n                    【金灿荣香港演讲(完整版)】金灿荣：美国曾整趴下五个老二国家，而中国有一个他们都没有的优点。现在美国对中国发起的贸易战、封杀华为、干涉香港事务等等，皆是遏制中国发展的行为，以此来保住美国长期在各个领域和综合国力上的霸主地位。  L热点集的微博视频 ​                ", "author": "热点集", "time": "热点集2019年12月23日23:19 来自微博视频", "transmit": " 转发 610", "comment": "评论 113", "zan": " 670"}, {"text": "\n                    余承东说华为现在是中国最大的手表厂商和耳机厂商，而现在中国最大的智能硬件（AIoT）厂商是小米，你们觉得华为在AIoT领域会超过小米吗？ 你们认为华为会在AIoT（智能物联网）超过小米吗？ ​                ", "author": "科技新一", "time": "科技新一2019年12月23日09:16 来自微博weibo.com", "transmit": " 转发 28", "comment": "评论 205", "zan": " 11203"}, {"text": "\n                    妆容明明很高级，一自拍就糊出天际，怎么拍才出片？点击视频学习#华为nova6#5G#自拍大不一样#美妆大片教程，用最简单技巧让你拍出大师级大片，不信拍一张试试吧！ L自拍大不一样 ​                ", "author": "华为终端官方微博", "time": "华为终端官方微博2019年12月23日10:00 来自微博weibo.com", "transmit": " 转发 372", "comment": "评论 396", "zan": " 1428"}, {"text": "\n                    今天，一华为员工在网上霸气地晒出工资条。很多人都觉得这个工资非常高，但是一些华为的内部员工说这可是最低薪资…… ​                ", "author": "今日聊城头条", "time": "今日聊城头条2019年12月23日12:07 来自iPhone7", "transmit": " 转发 176", "comment": "评论 2019", "zan": " 14895"}, {"text": "\n                    “问道青城山，拜水都江堰”这个周末带孩子去成都周边饱负盛名的都江堰，了解这流传千古的水利工程后，回到酒店，还未来得及卸下了一身的疲惫，又接到工作电话，哀叹一声。这次没有带电脑，试试刚入手的华为MatePad Pro工作效率如何，我承认一开始却是被它的颜值俘获。搭配易于书写的HUAWEI M-Pencil ​  展开全文c \n                    “问道青城山，拜水都江堰”这个周末带孩子去成都周边饱负盛名的都江堰，了解这流传千古的水利工程后，回到酒店，还未来得及卸下了一身的疲惫，又接到工作电话，哀叹一声。这次没有带电脑，试试刚入手的华为MatePad Pro工作效率如何，我承认一开始却是被它的颜值俘获。搭配易于书写的HUAWEI M-Pencil和一体式键盘，让工作效率大大提升。还能一屏分两屏，一边工作，一边追最近热播的庆余年，一心也可以二用。结束工作后，平板被娃抢走，叽里呱啦跟着老外学英语，我颇感欣慰。绘本也能代替我们讲解有趣的睡前读物，让为母也能偶尔放松一下。#华为MatePad# Pro 左手带娃，右手工作，完全颠覆了我对平板的固有认知。 收起全文d\n", "author": "任袁泰山", "time": "任袁泰山2019年12月23日20:21 来自HUAWEIMatePadPro", "transmit": " 转发 137", "comment": "评论 85", "zan": " 1122"}, {"text": "\n#华为新专利公布#【#华为公布新专利# 摄像头又有新花样  后置三摄可翻转】刘海屏、水滴屏、升降全面屏、滑盖全面屏、挖孔屏、双屏等等是现在全面屏手机的标配。不过，除了上述全面屏之外，华为新专利提供了一种新的全面屏思路。@NBD视频 LNBD视频的微博视频 ​                ", "author": "每日经济新闻", "time": "每日经济新闻2019年12月23日15:46 来自专业版微博", "transmit": " 转发 15", "comment": "评论 36", "zan": " 104"}, {"text": "\n吴宣仪wxy#吴宣仪我想开个店# 舞台⌚ 没想到今天能看到满糖现场版@火箭少女101_吴宣仪 姐姐好绝！好绝！好绝！ibao好吵Ps：请不要买华为了各位 这就是p30p的效果，糊死了 L_火火Lee_的微博视频 ​                ", "author": "_火火Lee_", "time": "_火火Lee_2019年12月23日19:30 来自吴宣仪超话", "transmit": " 转发 95", "comment": "评论 49", "zan": " 587"}, {"text": "\n#DigiX数字生活节#5G探索者AR探秘游戏即日起至12月31日限时开启！来华为全球旗舰店·深圳万象天地即可游离在现实与虚拟之间，坠入科幻世界。游戏中集齐12个应用图标还能领取奖品，更有每日上百个彩蛋好礼等你来寻。戳视频看小伙伴们怎么玩的吧～转评，抽送华为畅享10 Plus一台。L华为终端云服务的秒拍视频 ​                ", "author": "华为终端云服务", "time": "华为终端云服务2019年12月23日21:00 来自微博weibo.com", "transmit": " 转发 1653", "comment": "评论 992", "zan": " 373"}, {"text": "\n                    假如能够打一通“穿越”时空的电话，你最想打给谁？中国话剧金狮奖最佳导演@饶晓志 监制，青年导演童画作品《长腿盒子》就用#华为Mate30#展示了一个温情的科幻“穿越”故事。观看影片，感受#Mate30重构想象#带来的爱与感动。  L华为终端官方微博的微博视频 ​                ", "author": "华为终端官方微博", "time": "华为终端官方微博2019年12月23日12:07 来自手机平板·视频社区", "transmit": " 转发 794", "comment": "评论 64", "zan": " 433"}, {"text": "\n                    发布了头条文章：《愿归来仍是少年》 财经每日必读 #微博赚钱季#  周一华为/科技（传感器）+新能源汽车+股权（公告）最强，大金融(券商）分化，养殖板块继续调整（继续观察）;主板放量下跌（预设明日回踩企稳，观察成交量能否有效放大）强势股接力的亏钱效应放大，高标纷纷调整（跌停家数高达 ​  展开全文c \n                    发布了头条文章：《愿归来仍是少年》 财经每日必读 #微博赚钱季#  周一华为/科技（传感器）+新能源汽车+股权（公告）最强，大金融(券商）分化，养殖板块继续调整（继续观察）;主板放量下跌（预设明日回踩企稳，观察成交量能否有效放大）强势股接力的亏钱效应放大，高标纷纷调整（跌停家数高达32家），明日万讯自控等作为情绪标杆观察，空间板高度到4板，首板数量减少，明日强势股接力赚钱效应大概率会持平或者反弹，短期震荡会比较剧烈，但强势股操作难度会变小，当然最优策略是低吸主线板块人气股和有送转预期的中小创板块等轮动补涨，反抽逢高压缩仓位，且战且退，保住今年来之不易的胜利果实，愿归来仍是少年。  O愿归来仍是少年 收起全文d\n", "author": "lesliesay", "time": "lesliesay2019年12月23日17:03 来自微博weibo.com", "transmit": " 转发 371", "comment": "评论 197", "zan": " 594"}, {"text": "\n                    美国与中国的具体矛盾，美国与俄罗斯的具体矛盾，在2019年末都集中到了德国身上。18日默克尔在德国国会表示不会拒绝华为参与德国5G建设，她还要坚定地与俄罗斯建设北溪2。而波兰总统杜达在与特朗普讨论如何阻止北溪2？ ​德国肯定会遭到美国政治报复，等老头腾出手来。 ​                ", "author": "后沙月光本尊", "time": "后沙月光本尊2019年12月23日00:26 来自HUAWEIP30Pro", "transmit": " 转发 54", "comment": "评论 102", "zan": " 511"}, {"text": "\n                    “手机随时拿在手里，更善于抓住生活中那些出乎意料的时刻！”#2019上海最后一场大展#，HUAWEI「新影像   不止所见」手机影像艺术展。人人都可成为艺术家的时代.......穿越大展设置的艺术装置空间，在像素迷宫，深镜隧道，荧光花园，露天电影院里穿行，被启发创意灵感无数，应该会成为刷爆朋友圈的拍 ​  展开全文c \n                    “手机随时拿在手里，更善于抓住生活中那些出乎意料的时刻！”#2019上海最后一场大展#，HUAWEI「新影像   不止所见」手机影像艺术展。人人都可成为艺术家的时代.......穿越大展设置的艺术装置空间，在像素迷宫，深镜隧道，荧光花园，露天电影院里穿行，被启发创意灵感无数，应该会成为刷爆朋友圈的拍照打卡点！#旅行城瘾##懒懒的旅途# 收起全文d\n", "author": "刘小懒", "time": "刘小懒2019年12月23日11:02 来自iPhone11Pro", "transmit": " 转发 853", "comment": "评论 1082", "zan": " 1994"}, {"text": "\n                    【手机品牌无水印高清壁纸】苹果、三星、华为、OPPO、vivo、小米、魅族、一加、锤子，图1～图9谁家的LOGO最好看？ ​                ", "author": "测评君", "time": "测评君2019年12月23日21:33", "transmit": " 转发 35", "comment": "评论 127", "zan": " 538"}, {"text": "\n                    【不顾议会委员会阻挠，意大利经济发展部长力挺华为】在22日接受意媒《新闻报》采访时，今年9月刚被任命为经济发展部长的斯特凡诺表示，“我们已经通过了保障国家安全的立法。只要采取正确的防御措施，中企华为进入意大利市场就不会有争议”。“华为以最合适的价格提供最好的解决方案”，斯特凡诺表 ​  展开全文c \n                    【不顾议会委员会阻挠，意大利经济发展部长力挺华为】在22日接受意媒《新闻报》采访时，今年9月刚被任命为经济发展部长的斯特凡诺表示，“我们已经通过了保障国家安全的立法。只要采取正确的防御措施，中企华为进入意大利市场就不会有争议”。“华为以最合适的价格提供最好的解决方案”，斯特凡诺表示，我们“不能一边高举市场的旗帜，另一边又实施保护主义”。一直来美国打着“安全威胁”的幌子，游说意大利和其他欧洲盟友“围堵”华为，并对中兴进行严密审查。上周，意大利议会国家安全委员会（COPASIR）在提交给议会的一份文件中，呼吁政府考虑阻止华为、中兴参与该国的5G网络建设。采取更多措施保护国内5G网络，以免受到华为、中兴等与外国政府有联系的公司所影响。 该委员会还声称，对中企参与5G网络基础设施的安装、配置和维护的担忧在很大程度上是“有根据的”。 随后，意大利政府内阁秘书长里卡多•弗拉卡罗（Riccardo Fraccaro）也跟风称，政府不能无视该委员会的相关观点。 而针对这些“莫须有”的指责，华为意大利分公司日前回应称，公司“遵守意大利法律，任何针对华为的指控都是出于地缘政治的原因”。 O不顾议会委员会阻挠，意大利经济发展部长力挺华为 收起全文d\n", "author": "观察者网", "time": "观察者网2019年12月23日11:39 来自微博weibo.com", "transmit": " 转发 54", "comment": "评论 53", "zan": " 717"}, {"text": "\n                    看首页很多人都在晒华为将会首发石墨烯电池这张图，去推特搜了下，好像没看到这条啊。。。 ​                ", "author": "大米评测", "time": "大米评测2019年12月23日17:45 来自微博weibo.com", "transmit": " 转发 55", "comment": "评论 245", "zan": " 2558"}, {"text": "\n                    🎉随着各种节日的到来，小仙女们难免少不了自拍，经过我的摸索，终于发现了#华为nova6#5G，最关键的是nova6的代言人是易烊千玺，既然没法把千玺抱回家，就把他代言的手机抱回家吧~😁😁哈哈哈作为华为nova系列首款5G手机，除了超长待机、超薄、超大屏、反应速度超快外，今年华为的拍照功能在各 ​  展开全文c \n                    🎉随着各种节日的到来，小仙女们难免少不了自拍，经过我的摸索，终于发现了#华为nova6#5G，最关键的是nova6的代言人是易烊千玺，既然没法把千玺抱回家，就把他代言的手机抱回家吧~😁😁哈哈哈作为华为nova系列首款5G手机，除了超长待机、超薄、超大屏、反应速度超快外，今年华为的拍照功能在各种社交媒体上被吹爆了，好嘛！❤️人像模式你看!🤳在华为nova6 5G的人像模式下，它能自动判断出我的肤色，智能地将不同光线下的肤色调至最真实通透的状态，而在面部细节处理上，我的嘴唇、眼角、秀发等细节均匀的进行了重点的优化，并根据整体风格进行了适度的磨皮、锐化、提升柔软度等操作，让我成天沉浸在自己的美颜当中，真是害死人了!😂😂❤️人像超级夜景自拍效果也是很赞的!即使是在黑夜，拍出的效果也和白天环境下自拍表现一样优秀!👋🏻👋🏻❤️前置超广角镜头这个特点在人和大景或是和朋友一起自拍时就起到了很大的用处😘这样就可以容下更广阔的画幅，日后合影自拍再也不用担心装不下啦！😁😁哈哈哈~❤自动对焦就算离很近，它也能自动对焦，并且超级清晰，真的是拍妆面的一把神器呀～❤️自带补光功能就算是在漆黑的车内也能拍出美美的照片❤️趣AR可以录视频也可以拍照，用了这个模式一秒就变萌萌哒，可以说是卖萌模式啦😉💥平心而论是冲着千玺买的手机，但没想到性能这么优异，赚了赚了🙆🏻‍♀‍🙆🏻‍♀ #自拍大不一样# 收起全文d\n", "author": "大培cp", "time": "大培cp2019年12月23日22:08 来自nova65G自拍大不一样", "transmit": " 转发 1402", "comment": "评论 4358", "zan": " 6509"}, {"text": "\n                    经常收到小仙女留言：“小个子怎么拍显高？”“怎么拍得又清晰又美？”这些关于手机摄影的问题，所以一直很想分享我经常用到的技巧。📷这次换了新手机#华为畅享#10S，有4800万高清超广角三摄，秒秒钟拍大片，超薄机身颜值也高。最惊喜的是大电池的强劲续航能力，出门拍照一天也不担心没电，快来看看 ​  展开全文c \n                    经常收到小仙女留言：“小个子怎么拍显高？”“怎么拍得又清晰又美？”这些关于手机摄影的问题，所以一直很想分享我经常用到的技巧。📷这次换了新手机#华为畅享#10S，有4800万高清超广角三摄，秒秒钟拍大片，超薄机身颜值也高。最惊喜的是大电池的强劲续航能力，出门拍照一天也不担心没电，快来看看我的拍摄秘籍吧！😎@华为手机 LMIFFY李米肥的秒拍视频 收起全文d\n", "author": "MIFFY李米肥", "time": "MIFFY李米肥2019年12月23日18:05 来自手机平板·视频社区", "transmit": " 转发 288", "comment": "评论 513", "zan": " 1431"}, {"text": "\n                    美国打压华为无极限 惨遭美企反弹气噗噗 O网页链接 ​                ", "author": "台湾傻事", "time": "台湾傻事2019年12月23日22:08 来自微博weibo.com", "transmit": " 转发 22", "comment": "评论 79", "zan": " 603"}, {"text": "\n                    说到作画、设计这些内容时，大家就会联想到 PS、数位板。抓住瞬息灵感，描绘生活的美好，或许是每一位创作者的梦想，而一平米的办公桌却成为了他们的真实写照。如果你还在为“创作设备自由”烦恼，不妨试试华为 MatePad Pro，带上 TA 在圣诞来临之际，描绘专属于你的 Merry Christmas!  ​  展开全文c \n                    说到作画、设计这些内容时，大家就会联想到 PS、数位板。抓住瞬息灵感，描绘生活的美好，或许是每一位创作者的梦想，而一平米的办公桌却成为了他们的真实写照。如果你还在为“创作设备自由”烦恼，不妨试试华为 MatePad Pro，带上 TA 在圣诞来临之际，描绘专属于你的 Merry Christmas! LZEALER中国的微博视频 收起全文d\n", "author": "ZEALER中国", "time": "ZEALER中国2019年12月23日23:20 来自手机平板·视频社区", "transmit": " 转发 22", "comment": "评论 85", "zan": " 236"}, {"text": "\n                    2016年开始，iPhone全球销售受到巨大阻力。同时华为等国产品牌开始强大。2019年，前三季度iPhone销售额均大跌。12月机构预测 #中国iPhone出货量大降35%#  。销量大跌、屡次降价、被迫迎合、销量停滞。#苹果为何在中国遇到大量困难#？答案为你揭晓→_→@极客队长GeekLead L极客队长GeekLead的微博视频 ​                ", "author": "新浪科技", "time": "新浪科技2019年12月23日15:31 来自手机平板·视频社区", "transmit": " 转发 16", "comment": "评论 46", "zan": " 160"}, {"text": "\n                    如若置身灰暗，就要努力让自己发光。#华为nova6#5G前置人像超级夜景2.0功能，于暗光处点亮热爱，助他大不一样。#自拍大不一样#@华为终端官方微博http://t.cn/Aik03Snn ​                ", "author": "时尚芭莎", "time": "时尚芭莎2019年12月23日18:19", "transmit": " 转发 1398", "comment": "评论 475", "zan": " 1483"}, {"text": "\n                    【为2019榜样100品牌点赞！谁是人气王？】近日，在2019#中国品牌强国盛典#上，2019中国品牌强国盛典榜样100品牌名单，重磅发布！华为、老干妈、娃哈哈……100个品牌，你pick谁？戳链接为TA点赞↓O网页链接 ​                ", "author": "央视财经", "time": "央视财经2019年12月23日16:38 来自360安全浏览器", "transmit": " 转发 21", "comment": "评论 13", "zan": " 42"}]