[{"text": "\n                    【#华为终端明年全线搭载鸿蒙系统# 你用什么品牌的电子产品最多？】昨日，华为消费者业务软件部总裁王成录透露，明年华为除了手机、平板和电脑，其他终端产品将全线搭载鸿蒙系统，并在海内外同步推进；鸿蒙系统的全面开源也将在明年8月正式开放。 你用什么品牌的电子产品最多？ ​                ", "author": "新浪财经", "time": "新浪财经2019年12月09日10:01 来自微博weibo.com", "transmit": " 转发 105", "comment": "评论 287", "zan": " 38524"}, {"text": "\n                    【除手机、平板和电脑以外 #华为终端明年全线搭载鸿蒙系统#】昨日，华为消费者业务软件部总裁王成录透露，明年华为除了手机、平板和电脑，其他终端产品将全线搭载鸿蒙系统，并在海内外同步推进；鸿蒙系统的全面开源也将在明年8月正式开放。O华为终端明年全线搭载鸿蒙系统 除手机平板电脑外 ​                ", "author": "新浪财经", "time": "新浪财经2019年12月09日07:42 来自微博weibo.com", "transmit": " 转发 752", "comment": "评论 1112", "zan": " 15162"}, {"text": "\n                    【任正非：今明两年#华为消费类设备将摆脱对美技术依赖#】华为心声社区发布创始人任正非接受加拿大媒体《环球邮报》的采访纪要，任正非表示，今明两年时间，华为的消费类设备将完全摆脱对美国技术的依赖，而且目前未受到“实体清单”的影响。“实体清单刚制裁时，我们预测财务数据会有下滑；但实际上现 ​  展开全文c \n                    【任正非：今明两年#华为消费类设备将摆脱对美技术依赖#】华为心声社区发布创始人任正非接受加拿大媒体《环球邮报》的采访纪要，任正非表示，今明两年时间，华为的消费类设备将完全摆脱对美国技术的依赖，而且目前未受到“实体清单”的影响。“实体清单刚制裁时，我们预测财务数据会有下滑；但实际上现在快到年底了，我们今年的增长很厉害，没有出现信任危机。”O任正非：今明两年华为消费类设备将摆脱对美技术依赖 收起全文d\n", "author": "新浪科技", "time": "新浪科技2019年12月09日21:43 来自微博weibo.com", "transmit": " 转发 201", "comment": "评论 1085", "zan": " 10672"}, {"text": "\n                    【#爱立信承认在多国行贿#数千万美元 #爱立信被罚超10亿美元#】12月7日，爱立信承认，该公司在近17年来在多国存在行贿行为，为此已与美国检方达成和解，交付10.605亿美元（约合人民币74亿元）的和解金。对比该公司近年财报，这笔罚金相当于爱立信单季营收的五分之一，这意味着爱立信在支付了罚款后，今 ​  展开全文c \n                    【#爱立信承认在多国行贿#数千万美元 #爱立信被罚超10亿美元#】12月7日，爱立信承认，该公司在近17年来在多国存在行贿行为，为此已与美国检方达成和解，交付10.605亿美元（约合人民币74亿元）的和解金。对比该公司近年财报，这笔罚金相当于爱立信单季营收的五分之一，这意味着爱立信在支付了罚款后，今年四季度的现金流将受到影响，这将对试图在5G领域和华为交手的爱立信造成业绩影响。LNBD视频的微博视频 @NBD视频 收起全文d\n", "author": "财经网", "time": "财经网2019年12月09日12:08 来自财经·视频社区", "transmit": " 转发 224", "comment": "评论 318", "zan": " 4151"}, {"text": "\n#华为终端明年全线搭载鸿蒙系统#在安卓和苹果iOS系统垄断市场的当下，你会支持购买鸿蒙系统的智能设备吗？  ​ 明年你会支持购买鸿蒙系统的智能设备吗？  ​ ​                ", "author": "工业科技迷", "time": "工业科技迷2019年12月09日09:33", "transmit": " 转发 203", "comment": "评论 757", "zan": " 33498"}, {"text": "\n                    【微距壁纸造景大法】鹿子老师又来教你们拍平民大片了！用一台音响就制造海浪和暴风雪效果，并拍出媲美好莱坞摄影师的微缩景观大片！！第一次尝试拍微距壁纸居然很成功，多亏了#华为Sound#X，没想到低音炮这么震撼！能在帮我完成特殊效果的同时，还能保持音箱自身平衡👍到底怎么拍的，视频里都说 ​  展开全文c \n                    【微距壁纸造景大法】鹿子老师又来教你们拍平民大片了！用一台音响就制造海浪和暴风雪效果，并拍出媲美好莱坞摄影师的微缩景观大片！！第一次尝试拍微距壁纸居然很成功，多亏了#华为Sound#X，没想到低音炮这么震撼！能在帮我完成特殊效果的同时，还能保持音箱自身平衡👍到底怎么拍的，视频里都说了！卷+关，揪一位小可爱【500元学摄影基金】评论揪三位，送鹿子老师给你们买的零食奶茶！做个东西 L做个东西的微博视频 收起全文d\n", "author": "做个东西", "time": "做个东西2019年12月09日16:22 来自摄影摄像·视频社区", "transmit": " 转发 1270", "comment": "评论 1012", "zan": " 4040"}, {"text": "\n                    【251事件最新消息】今日华为前员工李洪元发微博说：就他被诬告、陷害一事深圳市检察院已立案。结果，深圳市检察院挥手就是一耳光，李洪元顿时晕头转向，一下找不到北，慌忙删了微博。#子午舆情观察# ​                ", "author": "子午侠士", "time": "子午侠士2019年12月09日22:48 来自HUAWEIMate10", "transmit": " 转发 229", "comment": "评论 624", "zan": " 4390"}, {"text": "\n                    每经整点播【每经8点丨除手机、平板和电脑以外 #华为终端明年全线搭载鸿蒙系统#】除手机、平板和电脑以外 华为终端明年全线搭载鸿蒙系统深圳特区报12月9日消息，昨日，华为消费者业务软件部总裁王成录透露，明年华为除了手机、平板和电脑，其他终端产品将全线搭载鸿蒙系统，并在海内外同步推进；鸿蒙 ​  展开全文c \n                    每经整点播【每经8点丨除手机、平板和电脑以外 #华为终端明年全线搭载鸿蒙系统#】除手机、平板和电脑以外 华为终端明年全线搭载鸿蒙系统深圳特区报12月9日消息，昨日，华为消费者业务软件部总裁王成录透露，明年华为除了手机、平板和电脑，其他终端产品将全线搭载鸿蒙系统，并在海内外同步推进；鸿蒙系统的全面开源也将在明年8月正式开放。O每经8点丨262家上市公司全年业绩预喜；近期资金持续涌入新经济产业类ETF；丁俊晖时隔十年第三次捧起英锦赛冠军奖杯 O每经8点丨除手机、平板和电脑以外 华为终端明年全线搭载鸿蒙系统 收起全文d\n", "author": "每日经济新闻", "time": "每日经济新闻2019年12月09日08:11 来自微博weibo.com", "transmit": " 转发 33", "comment": "评论 124", "zan": " 579"}, {"text": "\n                    【任正非：我们认为美国的最终目的是要消灭华为公司】Nathan VanderKlippe，《环球邮报》驻亚洲记者：在孟女士在加拿大被捕前两年，她就没有去过美国了。请问华为是不是从2017年开始就已经知道美国正在进行调查而且孟女士正面临风险了？任正非：孟晚舟事件应该是美国政治上的行动策划。华为在美国市 ​  展开全文c \n                    【任正非：我们认为美国的最终目的是要消灭华为公司】Nathan VanderKlippe，《环球邮报》驻亚洲记者：在孟女士在加拿大被捕前两年，她就没有去过美国了。请问华为是不是从2017年开始就已经知道美国正在进行调查而且孟女士正面临风险了？任正非：孟晚舟事件应该是美国政治上的行动策划。华为在美国市场长期受排斥，在美国已经没有什么销售，业务收缩了，高级干部去了也无事可做，为什么要去美国呢？所以都不去美国了。Nathan VanderKlippe：所以，不去美国并不是为了避免在当地被捕或者逃避法律问题？任正非：不是逃避。而是因为我们高管没有工作需要去美国。我们早几年就已经把美国市场当成一个小国市场来处理，授权代表处自己决策，因为销售额太小了。 任正非：我们认为美国的最终目的是要消灭华为公司，孟晚舟事件只是起头。只有加紧把自己内部的结构性调整做好，使产品开发体系适应制裁环境，坚决让公司生存下来，才能有解决问题的方案。O任正非：我们认为美国的最终目的是要消灭华为公司 收起全文d\n", "author": "观察者网", "time": "观察者网2019年12月09日20:57 来自专业版微博", "transmit": " 转发 349", "comment": "评论 1489", "zan": " 8088"}, {"text": "\n                    【除手机、平板和电脑 #华为终端明年全线搭载鸿蒙系统#】华为消费者业务软件部总裁王成录称，明年华为除了手机、平板和电脑，其他终端产品将全线搭载鸿蒙系统；鸿蒙系统的全面开源也将在明年8月正式开放。王成录称，#华为手机仍优先选用安卓系统#，只有实在用不了了才会采用鸿蒙。O除手机、平板和电脑 华为终端明年全线搭载鸿蒙系统 ​                ", "author": "新浪科技", "time": "新浪科技2019年12月09日07:50 来自微博weibo.com", "transmit": " 转发 61", "comment": "评论 853", "zan": " 7714"}, {"text": "\n                    【任正非：今明两年时间#华为消费类设备将摆脱对美技术依赖#】华为心声社区发布创始人任正非接受加拿大媒体《环球邮报》的采访纪要，他预计，今明两年时间，华为的消费类设备将完全摆脱对美国技术的依赖，而且目前未受到“实体清单”的影响。“实体清单刚制裁时，我们预测财务数据会有下滑；但实际上现 ​  展开全文c \n                    【任正非：今明两年时间#华为消费类设备将摆脱对美技术依赖#】华为心声社区发布创始人任正非接受加拿大媒体《环球邮报》的采访纪要，他预计，今明两年时间，华为的消费类设备将完全摆脱对美国技术的依赖，而且目前未受到“实体清单”的影响。“实体清单刚制裁时，我们预测财务数据会有下滑；但实际上现在快到年底了，我们今年的增长很厉害，没有出现信任危机。”（华为心声社区） 收起全文d\n", "author": "每日经济新闻", "time": "每日经济新闻2019年12月09日21:52 来自微博weibo.com", "transmit": " 转发 48", "comment": "评论 81", "zan": " 330"}, {"text": "\n                    上次预告要去武汉，就收到好多留言和推荐，过早就只去了最多人推荐的赵师傅！下午参加了#华为nova6#的发布会，用nova6 vlog神器记录下这些美好瞬间，我只想说：爷爷，油饼包烧麦好好吃啊！爷爷，油饼包烧麦好好吃啊！爷爷，油饼包烧麦好好吃啊！  L绵羊料理的微博视频 ​                ", "author": "绵羊料理", "time": "绵羊料理2019年12月09日20:42 来自美食·视频社区", "transmit": " 转发 177", "comment": "评论 724", "zan": " 1620"}, {"text": "\n@leedeson 你吹了一晚上牛逼，删帖干啥了？你个戏精不是要听全国人民的？全国人民支持华为支持你起诉，你Y咋尿遁了？你把全国人民当猴耍呢？还是把全国律师包括陈有西当个屁了？ ​                ", "author": "无为李爷", "time": "无为李爷2019年12月09日23:53 来自HUAWEIP10Plus", "transmit": " 转发 186", "comment": "评论 226", "zan": " 2824"}, {"text": "\n                    【除手机、平板和电脑以外 #华为终端明年全线搭载鸿蒙系统#】8日，华为消费者业务软件部总裁王成录透露，明年华为除了手机、平板和电脑，其他终端产品将全线搭载鸿蒙系统，并在海内外同步推进；鸿蒙系统的全面开源也将在明年8月正式开放。“现在主要是华为手机和自己的产品进行联接，很快华为手机将会 ​  展开全文c \n                    【除手机、平板和电脑以外 #华为终端明年全线搭载鸿蒙系统#】8日，华为消费者业务软件部总裁王成录透露，明年华为除了手机、平板和电脑，其他终端产品将全线搭载鸿蒙系统，并在海内外同步推进；鸿蒙系统的全面开源也将在明年8月正式开放。“现在主要是华为手机和自己的产品进行联接，很快华为手机将会和任何品牌的终端产品实现联接。” 王成录说，未来华为将助力汽车成为下一个超级终端。（深圳特区报）O华为终端明年全线搭载鸿蒙系统 收起全文d\n", "author": "财经网", "time": "财经网2019年12月09日09:35 来自微博weibo.com", "transmit": " 转发 72", "comment": "评论 145", "zan": " 856"}, {"text": "\n华为、苹果、三星旗舰，哪个外观设计最好？ 华为、苹果、三星旗舰，哪个外观设计最好？ ​                ", "author": "C科技", "time": "C科技2019年12月09日14:21 来自三星GalaxyS10+", "transmit": " 转发 16", "comment": "评论 122", "zan": " 9092"}, {"text": "\n                    【在多国行贿数千万美元 华为5G领域的“最强对手”#爱立信被罚74亿元#】12月9日，据每日经济新闻报道，近17年来，#爱立信承认在多国行贿#，为此已与美国检方达成和解，向后者交付约74亿元的和解金。值得一提的是爱立信早料到会收到高额罚单，提前准备约12.3亿美元以应对美方的调查。罚款一事将会对在5G ​  展开全文c \n                    【在多国行贿数千万美元 华为5G领域的“最强对手”#爱立信被罚74亿元#】12月9日，据每日经济新闻报道，近17年来，#爱立信承认在多国行贿#，为此已与美国检方达成和解，向后者交付约74亿元的和解金。值得一提的是爱立信早料到会收到高额罚单，提前准备约12.3亿美元以应对美方的调查。罚款一事将会对在5G领域和华为交手的爱立信造成业绩影响。@时间财经 L时间财经的微博视频 收起全文d\n", "author": "新浪科技", "time": "新浪科技2019年12月09日12:40 来自财经·视频社区", "transmit": " 转发 38", "comment": "评论 5", "zan": " 144"}, {"text": "\n#华为消费类设备将摆脱对美技术依赖#【任正非：未来华为北美地区研发会以加拿大为中心】12月9日，华为心声社区发布创始人任正非接受加拿大媒体《环球邮报》的采访时表示，华为研发中心会从美国移出来，会以加拿大为中心。华为不会轻易放弃一个国家，如果因为一件事就放弃一个国家、再放弃一个国家…… ​  展开全文c \n#华为消费类设备将摆脱对美技术依赖#【任正非：未来华为北美地区研发会以加拿大为中心】12月9日，华为心声社区发布创始人任正非接受加拿大媒体《环球邮报》的采访时表示，华为研发中心会从美国移出来，会以加拿大为中心。华为不会轻易放弃一个国家，如果因为一件事就放弃一个国家、再放弃一个国家……，那华为在世界上就没有立足之地了。O任正非：未来华为北美地区研发会以加拿大为中心 收起全文d\n", "author": "新浪科技", "time": "新浪科技2019年12月09日23:28 来自微博weibo.com", "transmit": " 转发 28", "comment": "评论 83", "zan": " 417"}, {"text": "\n                    【#鸿蒙明年底力争成第五大操作系统#】据报道，华为消费者业务软件部总裁王成录表示，明年华为除了手机、平板和电脑，其他终端产品将全线搭载鸿蒙系统，并在海内外同步推进。早前，华为公共事务高级副总裁JoyTan援引市场调研公司的报告称，鸿蒙预计将在明年底超过Linux，成为第五大最受欢迎的智能数字 ​  展开全文c \n                    【#鸿蒙明年底力争成第五大操作系统#】据报道，华为消费者业务软件部总裁王成录表示，明年华为除了手机、平板和电脑，其他终端产品将全线搭载鸿蒙系统，并在海内外同步推进。早前，华为公共事务高级副总裁JoyTan援引市场调研公司的报告称，鸿蒙预计将在明年底超过Linux，成为第五大最受欢迎的智能数字终端操作系统。O华为全面推进鸿蒙系统 明年年底力争成第5大操作系统 收起全文d\n", "author": "新浪科技", "time": "新浪科技2019年12月09日16:13 来自微博weibo.com", "transmit": " 转发 52", "comment": "评论 61", "zan": " 1106"}, {"text": "\n华为前员工李洪元发博：深圳市检察院已立案。补充：检察院回复内容不实，李洪元原博已删。 ​                ", "author": "王员外", "time": "王员外2019年12月09日15:34 来自真香警告", "transmit": " 转发 118", "comment": "评论 375", "zan": " 1775"}, {"text": "\n                    认证华为前员工李洪元发文深圳市中级检察院立案消息，又自己删除。树欲静而风不止，李洪元拿钱走人，也许是一个好结果。想不断挑起神经，甚至配合某些势力，难有好下场，不信可以走着瞅。表演太多，就会暴露真面目。 ​                ", "author": "飞象网项立刚", "time": "飞象网项立刚2019年12月09日23:00 来自HUAWEIMate20X5G", "transmit": " 转发 163", "comment": "评论 258", "zan": " 2367"}, {"text": "\n#爱立信被罚74亿#【行贿数千万美元 华为5G领域“最强对手”被罚！】12月7日，爱立信承认，该公司在近17年来在多国存在行贿行为，为此已与美国检方达成和解，交付10.605亿美元（约合人民币74亿元）的和解金。对比该公司近年财报，这笔罚金相当于爱立信单季营收的五分之一，这意味着爱立信在支付了罚款后 ​  展开全文c \n#爱立信被罚74亿#【行贿数千万美元 华为5G领域“最强对手”被罚！】12月7日，爱立信承认，该公司在近17年来在多国存在行贿行为，为此已与美国检方达成和解，交付10.605亿美元（约合人民币74亿元）的和解金。对比该公司近年财报，这笔罚金相当于爱立信单季营收的五分之一，这意味着爱立信在支付了罚款后，今年四季度的现金流将受到影响，这将对试图在5G领域和华为交手的爱立信造成业绩影响。 @NBD视频 LNBD视频的微博视频 收起全文d\n", "author": "每日经济新闻", "time": "每日经济新闻2019年12月09日11:51 来自财经·视频社区", "transmit": " 转发 35", "comment": "评论 29", "zan": " 72"}, {"text": "\n                    【行贿数千万美元 华为5G领域“最强对手”被罚！】12月7日，爱立信承认，该公司在近17年来在多国存在行贿行为，为此已与美国检方达成和解，交付10.605亿美元（约合人民币74亿元）的和解金。对比该公司近年财报，这笔罚金相当于爱立信单季营收的五分之一，这意味着爱立信在支付了罚款后，今年四季度的现 ​  展开全文c \n                    【行贿数千万美元 华为5G领域“最强对手”被罚！】12月7日，爱立信承认，该公司在近17年来在多国存在行贿行为，为此已与美国检方达成和解，交付10.605亿美元（约合人民币74亿元）的和解金。对比该公司近年财报，这笔罚金相当于爱立信单季营收的五分之一，这意味着爱立信在支付了罚款后，今年四季度的现金流将受到影响，这将对试图在5G领域和华为交手的爱立信造成业绩影响。 。O行贿数千万美元 华为5G领域“最强对手”被罚74亿 LNBD视频的微博视频 收起全文d\n", "author": "新浪财经", "time": "新浪财经2019年12月09日11:47 来自财经·视频社区", "transmit": " 转发 29", "comment": "评论 51", "zan": " 131"}, {"text": "\n                    忍了五年了，原来小米红米死磕华为荣耀是雷军安排的任务。生死看淡，不服就干！ L杨超有个大梦想的微博视频 ​                ", "author": "杨超有个大梦想", "time": "杨超有个大梦想2019年12月09日12:19 来自82年的Android", "transmit": " 转发 124", "comment": "评论 410", "zan": " 1485"}, {"text": "\n                    发布了头条文章：《王者归来》 财经每日必读 #微博赚钱季#  周一华为/科技（穿戴智能）+股权+游戏/影视（区块链）最强，新能源汽车分化，次新/科创+大基建/周期等板块企稳反弹，主板放量上涨（预设明日回踩盘整，注意观察成交量能否有效放大）强势股接力的亏钱效应减缓，明日万通智控，南宁百 ​  展开全文c \n                    发布了头条文章：《王者归来》 财经每日必读 #微博赚钱季#  周一华为/科技（穿戴智能）+股权+游戏/影视（区块链）最强，新能源汽车分化，次新/科创+大基建/周期等板块企稳反弹，主板放量上涨（预设明日回踩盘整，注意观察成交量能否有效放大）强势股接力的亏钱效应减缓，明日万通智控，南宁百货，漫步者等作为情绪标杆观察，空间板高度到4板，首板数量减少，明日强势股接力赚钱效应大概率会下降，邮储银行上市，操作难度变大，规避三板以上的强势股接力，风险偏好高的同学可以选择首板/反包板或者1进2进3的涨停板套利，最优策略是低吸主线板块人气股和超跌中小创板块等轮动补涨，低吸富一生，科创板再次出现涨停标的（华兴源创），关注能否王者归来走出正连续行情，耐心等赚钱效应恢复。 O王者归来 收起全文d\n", "author": "lesliesay", "time": "lesliesay2019年12月09日17:10 来自微博weibo.com", "transmit": " 转发 348", "comment": "评论 176", "zan": " 551"}, {"text": "\n#鸿蒙暂缓登陆手机PC平板#【华为鸿蒙系统确认暂缓登陆手机PC平板 明年全线搭载至其余终端产品】日前，华为消费者业务软件部总裁王成录透露，明年华为除了手机、平板和电脑，其他终端产品将全线搭载鸿蒙系统，并在海内外同步推进。市场调研机构Counterpoint Research的报告称，华为自主操作系统鸿蒙将在 ​  展开全文c \n#鸿蒙暂缓登陆手机PC平板#【华为鸿蒙系统确认暂缓登陆手机PC平板 明年全线搭载至其余终端产品】日前，华为消费者业务软件部总裁王成录透露，明年华为除了手机、平板和电脑，其他终端产品将全线搭载鸿蒙系统，并在海内外同步推进。市场调研机构Counterpoint Research的报告称，华为自主操作系统鸿蒙将在2020年全球取得2%的市场份额，超越Linux成为全球第五大操作系统。LNBD视频的微博视频 （@NBD视频 ） 收起全文d\n", "author": "每日经济新闻", "time": "每日经济新闻2019年12月09日17:01 来自手机平板·视频社区", "transmit": " 转发 17", "comment": "评论 38", "zan": " 114"}, {"text": "\n#千玺在nova星等你##易烊千玺2019玊尔演唱会# 【沈阳华为线下活动】Nova6 强势来袭 沈阳华为线下活动紧随其后主推机型Nova 6 现场邀请纸鸟姐姐和大学生等年轻群体，流程包括艺术涂鸦、人像摄影分享、Nova主题学堂等环节时间：12.14号 地点：沈阳万象汇华为授权体验店          （铁西建设东路 1 ​  展开全文c \n#千玺在nova星等你##易烊千玺2019玊尔演唱会# 【沈阳华为线下活动】Nova6 强势来袭 沈阳华为线下活动紧随其后主推机型Nova 6 现场邀请纸鸟姐姐和大学生等年轻群体，流程包括艺术涂鸦、人像摄影分享、Nova主题学堂等环节时间：12.14号 地点：沈阳万象汇华为授权体验店          （铁西建设东路 158号）现场会有诸多小礼物发放 包括但不限于易烊千玺抱枕、海报等 期待你们的到来 风里雨里沈阳万象汇等你💕@TFBOYS-易烊千玺 K冷静和热情之间-TFBOYS-易烊千玺沈阳美鹤加群报名哦👉华为12.14沈阳线下活动群 收起全文d\n", "author": "易烊千玺后援会官博", "time": "易烊千玺后援会官博2019年12月09日12:36 来自易烊千玺超话", "transmit": " 转发 88", "comment": "评论 88", "zan": " 745"}, {"text": "\n                    有机会一定要和喜欢的人去看一次极光，记得带上#华为Mate30#Pro。说说看你想和谁一起去看？  L华为终端官方微博的微博视频 ​                ", "author": "华为终端官方微博", "time": "华为终端官方微博2019年12月09日19:53 来自风光旅拍·视频社区", "transmit": " 转发 76", "comment": "评论 108", "zan": " 529"}, {"text": "\n                    【#鸿蒙明年底力争成第五大操作系统# 2020年全球份额将达2％】华为消费者业务软件部总裁王成录表示，明年华为除了手机、平板和电脑，其他终端产品将全线搭载鸿蒙系统，并在海内外同步推进。目前，操作系统的全球份额排名：Android39%、Windows35%、iOS13.87%、macOS5.92%、Linux0.77%。 ​  展开全文c \n                    【#鸿蒙明年底力争成第五大操作系统# 2020年全球份额将达2％】华为消费者业务软件部总裁王成录表示，明年华为除了手机、平板和电脑，其他终端产品将全线搭载鸿蒙系统，并在海内外同步推进。目前，操作系统的全球份额排名：Android39%、Windows35%、iOS13.87%、macOS5.92%、Linux0.77%。L五环短视频的微博视频 收起全文d\n", "author": "电商报", "time": "电商报2019年12月09日20:15 来自财经·视频社区", "transmit": " 转发 170", "comment": "评论 454", "zan": " 1286"}, {"text": "\n#金博士点评# 王石评价任正非：＂非常非常狡猾的，非常老谋深算……其实，老任能在复杂中国将华为从微不足道变形为民营老大，叱咤风云，如鱼得水，万众欢腾，风头盖过几乎所有的名流权贵，子孙辈大都在美国加拿大，光凭非常非常狡猾和老谋深算是远远不够的……一定有着更历害过人的地方，双马也望尘 ​  展开全文c \n#金博士点评# 王石评价任正非：＂非常非常狡猾的，非常老谋深算……其实，老任能在复杂中国将华为从微不足道变形为民营老大，叱咤风云，如鱼得水，万众欢腾，风头盖过几乎所有的名流权贵，子孙辈大都在美国加拿大，光凭非常非常狡猾和老谋深算是远远不够的……一定有着更历害过人的地方，双马也望尘莫及。老任是超级人才，绝对的。 L机智猫的微博视频 L机智猫的微博视频 收起全文d\n", "author": "克里斯托夫-金", "time": "克里斯托夫-金2019年12月09日07:34 来自iPhoneXR", "transmit": " 转发 119", "comment": "评论 123", "zan": " 520"}, {"text": "\n                    网友来稿选登：大家还记得那个和河童见面的德国外长Heiko Maas么？他上星期刚对华为参与德国5G建设发表反对谈话，结果这两天被扒出来，华为是他那个党（SPD：德国社民党）的党代表大会的赞助商之一。。。 ​                ", "author": "上帝之鹰_5zn", "time": "上帝之鹰_5zn2019年12月09日09:26 来自微博weibo.com", "transmit": " 转发 54", "comment": "评论 157", "zan": " 2660"}]