[{"text": "\n                    明天起。以后每周日在微博给大家发一台华为的手机！随机抽取幸运观众！大家注意哦。以后每周日一台！我就不相信你们用不上华为！ ​                ", "author": "我的名字是阿哲", "time": "我的名字是阿哲2018年12月29日13:55 来自iPhone客户端", "transmit": " 转发 1037", "comment": "评论 7225", "zan": " 7855"}, {"text": "\n                    精致的人绝不会放过任何一件好的单品，时髦是从一件件单品搭配而出的气场。细节出众的#华为nova4# 蜜语红不但能配合不同风格造型轻松搭配彰显属于你的个性，流行的炫红机身设计还能让你成为年末派对焦点，让每张聚会照片都留下你时髦的印记。 ​​​                ", "author": "男人装", "time": "男人装2018年12月29日19:57 来自iPhone客户端", "transmit": " 转发 507", "comment": "评论 209", "zan": " 552"}, {"text": "\n                    【这个冬天，动口不“冻”手】在这个寒冷的冬天，一场人和手机的冬日虐恋在户外频繁发生着，当冻僵的手指戳一个表情都困难时，那种在寒风中颤抖的绝望，你经历过嘛...如果现在用一句话，就能轻松搞定这些麻烦的事，你想要嘛?↓↓戳视频了解↓↓丨现在转发，对@飞碟说 设置 『特别关注』，在1月3日，从 ​  展开全文c \n                    【这个冬天，动口不“冻”手】在这个寒冷的冬天，一场人和手机的冬日虐恋在户外频繁发生着，当冻僵的手指戳一个表情都困难时，那种在寒风中颤抖的绝望，你经历过嘛...如果现在用一句话，就能轻松搞定这些麻烦的事，你想要嘛?↓↓戳视频了解↓↓丨现在转发，对@飞碟说 设置 『特别关注』，在1月3日，从中抽5位，送上#华为FreeBuds#2 Pro无线耳机。丨L飞碟说的秒拍视频 收起全文d\n", "author": "飞碟说", "time": "飞碟说2018年12月29日10:56 来自微博weibo.com", "transmit": " 转发 3568", "comment": "评论 519", "zan": " 1003"}, {"text": "\n                    你的华为手机今天闹铃响了吗 ​                ", "author": "摩尔金融", "time": "摩尔金融2018年12月29日08:47 来自iPhone7", "transmit": " 转发 93", "comment": "评论 823", "zan": " 842"}, {"text": "\n                    【#全城寻找吃堡锦鲤# 2019，请让我做你一年的饭票，好吗？】12月29日-1月1日，厦门沙坡尾吃堡“锦鲤争霸”美食节，吃货的狂欢盛宴！参与锦鲤争霸竞技挑战，365种闽南美食全年免单券、华为Mate20X、小米滑板车…有吃有玩有得拿，逛吃走起！快来pick你最爱的闽南好料！ ​                ", "author": "厦门美食", "time": "厦门美食2018年12月29日17:20 来自微博weibo.com", "transmit": " 转发 35", "comment": "评论 39", "zan": " 245"}, {"text": "\n                    2018年度旗舰手机实境拍摄大PK！#iPhone Xs Max# vs #华为Mate20 Pro# vs #小米MIX3#，大家认为谁才是最佳人像王？为感谢今年大家的支持，转发并关注我们将抽一人送出价值1276元的原装苹果 Airpods耳机一副。1月5日开奖，快来试试你的运气吧~ @微博抽奖平台 LBingo实验室的微博视频 ​                ", "author": "Bingo实验室", "time": "Bingo实验室2018年12月29日16:31 来自微博视频", "transmit": " 转发 1882", "comment": "评论 1096", "zan": " 1005"}, {"text": "\n#科技鲜闻# 【华为第三个智能生活馆试营业啦】华为第三个智能生活馆今天在杭州迎来了试营业，该店位于杭州市中心的黄金地段杭州黄龙万科中心，不仅引入了很多智慧店铺系统，更有产品体验、互动体验等丰富功能区，融智慧科技人文关怀、绿色生态于一体！小浪带你看看~O华为这次把国内手机店的逼格抬了一抬 ​                ", "author": "新浪科技", "time": "新浪科技2018年12月29日11:38 来自微博weibo.com", "transmit": " 转发 11", "comment": "评论 41", "zan": " 64"}, {"text": "\n                    2018最后一个工作日，元旦打算去哪里玩？带上#华为Mate20#去旅行，记录新一年美好瞬间。 ​                ", "author": "华为终端官方微博", "time": "华为终端官方微博2018年12月29日16:48 来自微博weibo.com", "transmit": " 转发 35", "comment": "评论 69", "zan": " 483"}, {"text": "\n                    回顾2018华为手机成绩单，每一个数字背后离不开广大用户的支持，是收获更是责任；长跑没有终点，2019年我们期待更上一层楼，带来优质的、有价值的产品回馈大家，祝朋友们假期愉快！ ​                ", "author": "华为何刚", "time": "华为何刚2018年12月29日19:23 来自HUAWEIMate20Pro", "transmit": " 转发 27", "comment": "评论 36", "zan": " 240"}, {"text": "\n#华为 孟晚舟 # 2019年快要到来了，我们的晚舟还被扣押在万里冰封的加拿大。她不能回来陪伴老父亲一起跨年，老父亲已经75岁了。她因为高血压和睡眠问题，今年5月才做过手术。她手上必须24小时佩戴GPS手镯。晚舟，您好吗？今天开始，希望上微博的中国人，都说一句：晚舟，新年好！ ​                ", "author": "深万林", "time": "深万林2018年12月29日20:33 来自微博weibo.com", "transmit": " 转发 191", "comment": "评论 103", "zan": " 116"}, {"text": "\n华为精神：不公平把我们逼向世界第一！公司轮值董事长郭平27日发表2019新年致辞时称：“不公平把我们逼向世界第一。”他表示今年营业额预计达1085亿美元，年增21%。没有压力、没有歧视、没有围堵，就没有第一的动力。有人感谢贫穷，但更有人感谢敌人 ​                ", "author": "杜文龙", "time": "杜文龙2018年12月29日13:19 来自HUAWEIMate9Pro", "transmit": " 转发 98", "comment": "评论 124", "zan": " 569"}, {"text": "\n                    元旦了，送个福利给大家，看着华为荣耀手机壳还不错，弄了一个送一位，关注@鬼鬼李 转走即可，1月6日通过@微博抽奖平台 抽一位送华为手机壳（为防止手机型号不匹配会附带全新未查封手机一部） ​                ", "author": "李题", "time": "李题2018年12月29日11:39 来自鬼鬼李超话", "transmit": " 转发 2975", "comment": "评论 2183", "zan": " 1387"}, {"text": "\n                    【华为5G威胁英国安全？英国前高官：想法实在愚蠢】在关于华为在英国电信基础设施领域的作用的争论中，政府通信总部前负责人罗伯特·汉尼根呼吁群众采取冷静的态度。他称，目前有关华为和中国技术，一种不正常的兴奋正在滋长。这是由很多东西一起推动的，却不是由对有关技术或可能威胁的理解推动的。今 ​  展开全文c \n                    【华为5G威胁英国安全？英国前高官：想法实在愚蠢】在关于华为在英国电信基础设施领域的作用的争论中，政府通信总部前负责人罗伯特·汉尼根呼吁群众采取冷静的态度。他称，目前有关华为和中国技术，一种不正常的兴奋正在滋长。这是由很多东西一起推动的，却不是由对有关技术或可能威胁的理解推动的。今后，中国技术不仅会是最便宜的，也会是最高级的，因此，在英国全面禁止中国技术的想法实在愚蠢。O华为5G威胁英国安全?英前高官:封杀中国技术“愚蠢” 收起全文d\n", "author": "新浪财经", "time": "新浪财经2018年12月29日10:10 来自专业版微博", "transmit": " 转发 55", "comment": "评论 4", "zan": " 161"}, {"text": "\n                    早就听说华为要在杭州开第三座智能生活馆，今天终于等到了！多种支付方式任你选择，电子屏幕一键式下单不要太好用，极大的精简了以前繁琐的购物流程，省下来的时间还可以去VR和游戏区享受开心一刻！pick～ ​                ", "author": "数字尾巴", "time": "数字尾巴2018年12月29日00:10 来自微博weibo.com", "transmit": " 转发 591", "comment": "评论 696", "zan": " 606"}, {"text": "\n                    由@共青团中央学校部 联合@微博校园 @微博跑步 共同发起的#校园跑# 线上活动顺利收官，话题阅读量达2.6亿，参与大学生人数达7万+！活动升级，#校园运动季# 主题故事同时掀起冬季运动热潮！运动不息，跑步不止，转发本条微博，1月5日抽一位同学送【华为p20手机】一部！ ​                ", "author": "中华全国学联", "time": "中华全国学联2018年12月29日18:06 来自荣耀10AI变色更潮美", "transmit": " 转发 5876", "comment": "评论 3055", "zan": " 3543"}, {"text": "\n#新影像不止所见#华为新影像学院来到上海华为智能生活馆，Ins摄影大神@raykoo8018 为现场的学员们分享了他的宝贵经验，气氛热烈。后续在智能生活馆我们还会陆续举办有关摄影、亲子、运动健康等课程，欢迎大家关注！ ​                ", "author": "华为手机", "time": "华为手机2018年12月29日21:00 来自HUAWEIMate20Pro", "transmit": " 转发 15", "comment": "评论 34", "zan": " 242"}, {"text": "\n华为麒麟处理器刚刚发布了新标识，从动画麒麟变成了3D麒麟。哪个更好看？ ​                ", "author": "C科技", "time": "C科技2018年12月29日21:36", "transmit": " 转发 13", "comment": "评论 113", "zan": " 210"}, {"text": "\n                    权健全面反攻丁香医生！10万+刷屏：保卫权健=保卫华为！   O权健全面反攻丁香医生！10万+刷屏：保卫权健=保卫华为！天津市调查了，说权健的问题是夸大宣传，就这样了。这事就看点热闹，药酒还在，产值大的多当然要保卫。 ​                ", "author": "风云学会陈经", "time": "风云学会陈经2018年12月29日08:34 来自HUAWEIMate9", "transmit": " 转发 286", "comment": "评论 165", "zan": " 242"}, {"text": "\n                    【英媒：华为不惧“封堵”实现强劲增长】英国《金融时报》：尽管发生“恶性事件”和来自外国政府“极端不公平”待遇，但预计2018年华为公司的收入仍将增长21%。华为轮值董事长郭平说，华为“不因一时一事的恶性事件、挫折消沉了我们领先世界的锐气。我们会越挫越勇，相反是这些极端不公平事件，把我们 ​  展开全文c \n                    【英媒：华为不惧“封堵”实现强劲增长】英国《金融时报》：尽管发生“恶性事件”和来自外国政府“极端不公平”待遇，但预计2018年华为公司的收入仍将增长21%。华为轮值董事长郭平说，华为“不因一时一事的恶性事件、挫折消沉了我们领先世界的锐气。我们会越挫越勇，相反是这些极端不公平事件，把我们逼向了世界第一”。 O英媒：华为不惧“封堵”实现强劲增长 收起全文d\n", "author": "参考消息", "time": "参考消息2018年12月29日10:59 来自微博weibo.com", "transmit": " 转发 31", "comment": "评论 18", "zan": " 183"}, {"text": "\n                    【哈尔滨地铁正式支持Apple pay过闸】2018年12月29号-1月5号，手机PAY1分钱乘地铁试运行，单日单设备4次，绑定的实体卡需62开头，不分区间，一律1分钱。（与公交不冲突）支持设备，iPhone Apple pay，三星pay，华为 HUAWEI Pay，小米Pay。手表过闸视频：L东旭Kyler的微博视频 手机过闸视频： ​  展开全文c \n                    【哈尔滨地铁正式支持Apple pay过闸】2018年12月29号-1月5号，手机PAY1分钱乘地铁试运行，单日单设备4次，绑定的实体卡需62开头，不分区间，一律1分钱。（与公交不冲突）支持设备，iPhone Apple pay，三星pay，华为 HUAWEI Pay，小米Pay。手表过闸视频：L东旭Kyler的微博视频 手机过闸视频：L东旭Kyler的微博视频 哈尔滨爆料 （via @东旭Kyler） 小编提示：目前活动不分乘车区间，全线均为1分钱，测试阶段，仅能在带有扫码的地铁闸机上使用闪付，若遇到无法出站等问题请到客服中心处理。 ​​​ 收起全文d\n", "author": "哈尔滨指南", "time": "哈尔滨指南2018年12月29日13:30 来自微博weibo.com", "transmit": " 转发 83", "comment": "评论 194", "zan": " 168"}, {"text": "\n                    【华为新年贺词：不公平把我们逼向世界第一】华为轮值董事长郭平发了《不经艰难困苦，何来玉汝于成》的2019年新年致辞。在致辞中，郭平称：“不因一时一事的恶性事件、挫折消沉了我们领先世界的锐气。我们会越挫越勇，相反是这些极端不公平事件，把我们逼向了世界第一。”郭平表示，2018年，公司预计 ​  展开全文c \n                    【华为新年贺词：不公平把我们逼向世界第一】华为轮值董事长郭平发了《不经艰难困苦，何来玉汝于成》的2019年新年致辞。在致辞中，郭平称：“不因一时一事的恶性事件、挫折消沉了我们领先世界的锐气。我们会越挫越勇，相反是这些极端不公平事件，把我们逼向了世界第一。”郭平表示，2018年，公司预计实现销售收入1085亿美元，同比增长21%。华为与运营商签定了26个5G商用合同，10000多个5G基站已发往世界各地；全球160多个城市、世界500强企业中的211家，选择华为作为其数字化转型的伙伴；智能手机出货量超过2亿台，PC业务和IoT智能家居生态也取得可喜的突破；华为云已上线18大类140多个云服务。对于人事管理，郭平表示要避免干部队伍四平八稳平庸化，避免华为成为一家平庸的公司。要以奋斗为本，贡献面前人人平等。要以法律遵从的确定性，应对国际政治的不确定性。郭平表示，“华为有三十年的积累，必将大有可为，我们每个员工也大有可为。”@华为中国 O华为轮值董事长郭平新年贺词：不公平把我们逼向世界第一 收起全文d\n", "author": "台湾那点事儿", "time": "台湾那点事儿2018年12月29日08:15 来自岛主的iPhone客户端", "transmit": " 转发 39", "comment": "评论 96", "zan": " 290"}, {"text": "\n                    今天作为科技迷给大家安利一家超赞的店，华为智能生活馆。之前听说过上海店，一直想去体验，没想到杭州店试营业了！试用了一下nova4新机，人像自拍非常惊艳，各种体验区也做得很用心，强烈推荐VR区域，沉浸式效果非常棒！ ​                ", "author": "袁俊川Aska大魁", "time": "袁俊川Aska大魁2018年12月29日16:45 来自微博weibo.com", "transmit": " 转发 6152", "comment": "评论 3393", "zan": " 7219"}, {"text": "\n                    一个动作，实现手机资料瞬间转移。准备换#华为Mate20#的你，赶紧学习起来~ L华为终端官方微博的秒拍视频 ​                ", "author": "华为终端官方微博", "time": "华为终端官方微博2018年12月29日19:01 来自秒拍网页版", "transmit": " 转发 40", "comment": "评论 77", "zan": " 457"}, {"text": "\n#科技大佬2019新年致辞#【华为@余承东 2019新年致辞：做智慧全场景产业的王者】华为余承东发布致员工2019新年信，对于2019年，他表示，万亿美金巨量市场空间大幕拉开，智能终端行业面临格局式大洗牌。华为在未来要成为全球少数能存活下来的智能终端厂商里最强的一家。O华为余承东2019新年致辞：未来做智慧全场景产业王者 ​                ", "author": "新浪科技", "time": "新浪科技2018年12月29日11:08 来自微博weibo.com", "transmit": " 转发 16", "comment": "评论 43", "zan": " 66"}, {"text": "\n                    【无现金也能坐地铁！石家庄地铁即日起可扫码购票刷手机乘车】#石家庄身边事#12月29日，石家庄地铁公司在全线各车站自助售票机开通扫码购票功能，支付宝、微信、银联云闪付等在线支付APP均可购票。此外，石家庄地铁已支持华为、三星、小米部分手机直接刷手机过闸。  O无现金也能坐地铁！石家庄地铁即日起可扫码购票刷手机乘车 ​                ", "author": "石家庄发布", "time": "石家庄发布2018年12月29日10:52 来自微博weibo.com", "transmit": " 转发 93", "comment": "评论 151", "zan": " 165"}, {"text": "\n                    我发表了头条文章:《今天，华为发出胜利宣言，致敬华为，致敬任正非》 O今天，华为发出胜利宣言，致敬华为，致敬任正非 ​                ", "author": "黄生看金融", "time": "黄生看金融2018年12月29日00:32", "transmit": " 转发 46", "comment": "评论 18", "zan": " 259"}, {"text": "\n                    日前，华为携手首发集团及其下属速通公司、奥迪中国完成全国首例实际高速公路场景的车路协同测试，包括时速达到80km/h的L4级自动驾驶和提升高速公路行车安全的智能辅助驾驶，整个测试基于C-V2X（蜂窝网络的V2X）。测试中演示了车路协同在高速公路第一阶段应用时应重点关注的10余项关键场景、价值与实现 ​  展开全文c \n                    日前，华为携手首发集团及其下属速通公司、奥迪中国完成全国首例实际高速公路场景的车路协同测试，包括时速达到80km/h的L4级自动驾驶和提升高速公路行车安全的智能辅助驾驶，整个测试基于C-V2X（蜂窝网络的V2X）。测试中演示了车路协同在高速公路第一阶段应用时应重点关注的10余项关键场景、价值与实现方案，例如前方紧急制动预警、前方事故预警、异常闯入物预警、自动变道超车、自动减速、自动紧急停车等，迈出全国智慧高速落地的关键一步。华为通过提供路侧感知终端和包含路侧单元RSU、路侧计算设备RSS、V2X Server的C-V2X解决方案，把延崇高速打造为智慧高速公路。同时，华为提供车载单元OBU和移动数据中心MDC，并利用在自动驾驶系统上的技术积累，帮助奥迪打造智能网联汽车，完成基于车路协同的高速公路场景L4级自动驾驶演示。 收起全文d\n", "author": "华为中国", "time": "华为中国2018年12月29日13:53 来自微博weibo.com", "transmit": " 转发 43", "comment": "评论 54", "zan": " 386"}, {"text": "\n                    用火红的夕阳送走2018年最后一个工作日感恩每一位支持和帮助华为手机前进的朋友们2019年，你的梦想是什么？写在这里，也许我们可以一起努力实现… 2上海·华为技术有限公司上海研究所 ​                ", "author": "华为何刚", "time": "华为何刚2018年12月29日23:15 来自华为Mate20保时捷设计", "transmit": " 转发 19", "comment": "评论 114", "zan": " 272"}, {"text": "\n华为终端为什么增长这么快？因为他们能拍出这样的广告！你看完就知道，心到了、技术到了，用心走向用户，用户就会走向华为。 LHW前HR的微博视频 ​                ", "author": "HW前HR", "time": "HW前HR2018年12月29日16:24 来自HUAWEIMate20Pro", "transmit": " 转发 49", "comment": "评论 51", "zan": " 198"}, {"text": "\n华为的反向充电酷酷哒！ ​                ", "author": "猴大宝", "time": "猴大宝2018年12月29日15:59 来自HUAWEIMate20Pro", "transmit": " 转发 28", "comment": "评论 183", "zan": " 727"}]