[{"text": "\n                    【看到这组数据，我们或许可以找到华为被盯上的原因】今天，有自媒体公号发布了一篇名为《2018年度中国研发投入100强企业排行榜》的文章。文章称，欧盟委员会(EU)发布了《2018年欧盟工业研发投资排名》(The 2018 EU Industrial R&D Investment Scoreboard)，对全球46个国家和地区的2500家主要企业2017 ​  展开全文c \n                    【看到这组数据，我们或许可以找到华为被盯上的原因】今天，有自媒体公号发布了一篇名为《2018年度中国研发投入100强企业排行榜》的文章。文章称，欧盟委员会(EU)发布了《2018年欧盟工业研发投资排名》(The 2018 EU Industrial R&D Investment Scoreboard)，对全球46个国家和地区的2500家主要企业2017会计年度研发投入进行了调查。中国华为以113.34亿欧元（约合人民币891.1698亿元）的研发投入名列中国企业之首，在全球名列第五位。跻身百强榜的中国企业(含台湾地区)共有11家。O这或许是华为被盯上的原因 收起全文d\n", "author": "环球网", "time": "环球网2018年12月30日17:56", "transmit": " 转发 55", "comment": "评论 36", "zan": " 194"}, {"text": "\n                    网友发问：华为旗舰手机能流畅使用三年吗？ ​                ", "author": "IT科技侠", "time": "IT科技侠2018年12月30日09:05 来自微博weibo.com", "transmit": " 转发 181", "comment": "评论 3325", "zan": " 1889"}, {"text": "\n                    以精湛工艺雕琢奢华质感，以澎湃动力领航传奇时代，#华为Mate20保时捷设计#承袭经典，满足你对速度的渴望！#探索新Mate力#O网页链接 ​                ", "author": "华为终端公司", "time": "华为终端公司2018年12月30日11:00 来自微博weibo.com", "transmit": " 转发 44", "comment": "评论 77", "zan": " 361"}, {"text": "\n华为的工作人员说，现在华为出货速度很快，12月卖的是12月的货。 ​                ", "author": "飒飒肖", "time": "飒飒肖2018年12月30日09:54 来自HUAWEIMate10", "transmit": " 转发 56", "comment": "评论 490", "zan": " 1287"}, {"text": "\n华为员工，54页PPT干货解读华为任职资格与员工能力管理 ​​​​                ", "author": "投中网", "time": "投中网2018年12月30日18:32 来自微博weibo.com", "transmit": " 转发 57", "comment": "评论 ", "zan": " 37"}, {"text": "\n华为麒麟的全新标识，大家感觉如何？ ​                ", "author": "数码研究所", "time": "数码研究所2018年12月30日12:40", "transmit": " 转发 16", "comment": "评论 98", "zan": " 246"}, {"text": "\n华为公布了麒麟芯片的全新吉祥物形象，相比之前的形象（图 1），更加的灵动可爱图 6 为高通骁龙的吉祥物～ ​                ", "author": "少数派sspai", "time": "少数派sspai2018年12月30日17:14", "transmit": " 转发 25", "comment": "评论 65", "zan": " 41"}, {"text": "\n                    支持国货以来~华为手机用的是越来越顺手了~特别喜欢华为推送的精彩图片~特分享一下下喽😊祝愿好友都拥友璀璨人生~ ​                ", "author": "55玉兔", "time": "55玉兔2018年12月30日18:30 来自HUAWEIP20Pro", "transmit": " 转发 490", "comment": "评论 106", "zan": " 14"}, {"text": "\n华为员工，54页PPT干货解读华为任职资格与员工能力管理 ​                ", "author": "互联网分析沙龙", "time": "互联网分析沙龙2018年12月30日14:30 来自微博weibo.com", "transmit": " 转发 36", "comment": "评论 2", "zan": " 27"}, {"text": "\n                    网友做的华为、oppo、vivo、小米、苹果五大品牌手机开机速度测试。不用看你都能猜到苹果一定是开机最慢的，可是开机最快的你不一定能猜到。 L中国IT杂谈的微博视频 ​                ", "author": "中国IT杂谈", "time": "中国IT杂谈2018年12月30日20:34", "transmit": " 转发 24", "comment": "评论 187", "zan": " 207"}, {"text": "\n                    为什么不应该拒绝华为，12月29日，据外媒The Verge报道，美国电信运营商CenturyLink出现故障，直到周四的晚上用户都无法上网，ATM取款、医院病历系统都受到影响，连一些Verizon的用户也受到波及，甚至不能拨打911报警电话。这个事故持续了24小时。这不仅是重大通信事故，而且波及社会安全，没有高品质 ​  展开全文c \n                    为什么不应该拒绝华为，12月29日，据外媒The Verge报道，美国电信运营商CenturyLink出现故障，直到周四的晚上用户都无法上网，ATM取款、医院病历系统都受到影响，连一些Verizon的用户也受到波及，甚至不能拨打911报警电话。这个事故持续了24小时。这不仅是重大通信事故，而且波及社会安全，没有高品质的设备和网络服务支持，这种事故就是必然的代价，相信引进华为和中兴，美国的网络会更稳定，也会更安全。 收起全文d\n", "author": "飞象网项立刚", "time": "飞象网项立刚2018年12月30日08:38 来自华为Mate10保时捷设计", "transmit": " 转发 44", "comment": "评论 50", "zan": " 124"}, {"text": "\n                    天津滨海新区、石油之城沙特延布、青岛海滨的盐碱地、德国重工业之都杜伊斯堡、风筝之乡潍坊••••••如果要问这些风格迥异的土地上发生着什么共同的变化，答案无疑就是城市的智慧化。华为智慧城市解决方案已经服务于40多个国家的160多座城市，让每一座城市都焕发出智慧的光彩O让城市智慧化“站在巨人的肩膀上” ​                ", "author": "华为中国", "time": "华为中国2018年12月30日16:02 来自微博weibo.com", "transmit": " 转发 14", "comment": "评论 27", "zan": " 241"}, {"text": "\n                    【联想柳传志怎么评价华为任正非？】柳传志在一次采访表示：觉得华为任正非是其心里的大鸡！说任正非和华为确实走出了一条独特的道理，这点我们做不了！（此时掌声雷动）采访中说华为技术铺在前面，其胆量和气魄是自己所没有的！柳传志认为任正非目标高远、坚定不移、敢于冒险、技术为王！用自己的品 ​  展开全文c \n                    【联想柳传志怎么评价华为任正非？】柳传志在一次采访表示：觉得华为任正非是其心里的大鸡！说任正非和华为确实走出了一条独特的道理，这点我们做不了！（此时掌声雷动）采访中说华为技术铺在前面，其胆量和气魄是自己所没有的！柳传志认为任正非目标高远、坚定不移、敢于冒险、技术为王！用自己的品牌国际化，从不并购，让国外企业感到压力！华为联想@侃侃而谈zp L宋敬亭的秒拍视频 收起全文d\n", "author": "宋敬亭", "time": "宋敬亭2018年12月30日22:30 来自荣耀Note10大屏旗舰", "transmit": " 转发 85", "comment": "评论 52", "zan": " 61"}, {"text": "\n                    任何人工智能都需要通信支持，华为EMUI把更多人工智能和通信整合起来。这个特朗普的推特是张图，只要双指按压屏幕，就能进入识别状态，翻译出的文字，虽然不是信达雅，但绝对能理解意思，比差水平的翻译强多了。2018年结束了，地球没崩溃，日子还在继续过。———————————————————— ​  展开全文c \n                    任何人工智能都需要通信支持，华为EMUI把更多人工智能和通信整合起来。这个特朗普的推特是张图，只要双指按压屏幕，就能进入识别状态，翻译出的文字，虽然不是信达雅，但绝对能理解意思，比差水平的翻译强多了。2018年结束了，地球没崩溃，日子还在继续过。—————————————————————————————————此贴后面，马上有锤粉说大爆炸，然后有锤粉说这是抄袭锤子的，我想补一下关于锤粉的看法，这些人绝大多数是被洗脑的智力简单，思考方向单一的人。原因如下：1，此条是关于AI翻译能力的感叹，不是一个交互，这些人会把这样一个复杂的能力，马上就简化为交互。2，关于大爆炸，罗的表述是他们发明的，而且要开源给大家用，结果大家不用。这被锤子粉广为接受。这说明锤子粉智商之低。首先这大爆炸功能，不是一个开源软件，这样一个用手指按压屏幕获取词汇的方法，是要申请专利，你才能得到保护。而实现这个功能，可以通过多段不同的代码来实现，开源代码，并不代表你拥有这个专利。我查一下专利，没有见到锤子科技已经被授权此项专利。（当然有人能查到，也可以告诉我。)锤子粉能接受开源，就拥有权利了，这是缺乏常识。3，我对比一下大爆炸和我文中提到华为这个功能，在专利上也是一个用手指按压识别词汇，另一个是双手指按压识别图片，这是两个完全不同的专利。使用效果也不一样，我要看川普这段话，我双手按压就行了，我用大爆炸还得把这个范围全选上，更麻烦了。如果说按压就是锤子发明的，我看网上已经有人说大爆炸是抄他的功能。4，说到专利，如果华为要找锤子谈专利，估计锤子分分钟钟都得关门。5，一个小的应用，确实也不错，拿这个来攻击所有厂商，动不动就成了大厂商抄袭他的，这能得眼球，但是不是商业发展之道，平时帮助你的人就会越来越少，遇到困难就更不会有人帮助你。锤子粉们想想是不是这样？5G时代 收起全文d\n", "author": "飞象网项立刚", "time": "飞象网项立刚2018年12月30日07:56 来自5G时代超话", "transmit": " 转发 25", "comment": "评论 60", "zan": " 67"}, {"text": "\n#星座跨年盛典# 有没有人新年心愿是想换一部新手机哒来来来 满足你跨年晚会我们将会免！费！抽！取！五部华为mate20！五部！五部！想做2018最后锦鲤的快来点赞👍 2合肥·合肥万达主题乐园 ​                ", "author": "合肥融创文旅城", "time": "合肥融创文旅城2018年12月30日14:37 来自iPhone客户端", "transmit": " 转发 13", "comment": "评论 43", "zan": " 151"}, {"text": "\n                    【Counterpoint数据：全球高端手机市场依旧是苹果三星的天下】2018年第三季度，在全球手机销量下降5%的情况下，高端手机销量增长19%。其中苹果获得47%高端市场份额，三星紧随其后拥22%，华为 12%，OPPO和vivo各占5%，小米3%。这也是华为的高端份额首次突破到两位数。三星在400-600美元价位（中高端 ​  展开全文c \n                    【Counterpoint数据：全球高端手机市场依旧是苹果三星的天下】2018年第三季度，在全球手机销量下降5%的情况下，高端手机销量增长19%。其中苹果获得47%高端市场份额，三星紧随其后拥22%，华为 12%，OPPO和vivo各占5%，小米3%。这也是华为的高端份额首次突破到两位数。三星在400-600美元价位（中高端）份额全球最高25%，接下来是苹果（21%），华为 （17%）， vivo （10%)），OPPO （7%）。一加则是这个价位段增长速度最快的品牌，增长主要由中国、印度、英国市场带来。在600-800美元价位段上，苹果与三星占据81%市场份额。在800美元以上价位段，苹果独占80%市场份额。#图表部分与文字数据部分有轻微差异，可能是统计方法不同导致的，总体影响不大。 收起全文d\n", "author": "钟文泽", "time": "钟文泽2018年12月30日09:19 来自微博weibo.com", "transmit": " 转发 16", "comment": "评论 349", "zan": " 91"}, {"text": "\n                    我在西安加拿大领事馆门口呼吁：要求美国、加拿大政府立即恢复华为CFO孟晚舟（任正非女儿）的人身自由。作为中国一位民营企业主，我要说，美国在市场上打不垮华为，请不要采取卑劣的流氓手段。 ​                ", "author": "浙商卢献星", "time": "浙商卢献星2018年12月30日19:54 来自浙商會iPhone客户端", "transmit": " 转发 36", "comment": "评论 38", "zan": " 229"}, {"text": "\n                    【台媒：华为与欧洲的难题——美国力推“无中国”5G布局】台湾《联合晚报》：美国、澳大利亚等国家围堵中国大陆电信巨头华为，美国智库学者撰文指出，美国推动“无中国”的5G布局，以及美中之间地缘政治竞争愈来愈激烈的情况下，将迫使美国的盟友选边站—— O台媒：华为与欧洲的难题——美国力推“无中国”5G布局 ​                ", "author": "参考消息", "time": "参考消息2018年12月30日12:31 来自微博weibo.com", "transmit": " 转发 25", "comment": "评论 25", "zan": " 58"}, {"text": "\n                    接前天的微博，这就是华为中国区新的营销团队策划，据说一位新来的社交媒体策划专家的创意。这种路子你让华为原来的团队向天再借五百年也想不出来，想出来也不敢干。易烊千玺也是这个新团队力排众议签下的。而余大嘴也不用出来卖了，这就是进步。  L广州丽兹摄影李万波的秒拍视频（#秒拍#O网页链接） ​                ", "author": "摩卡", "time": "摩卡2018年12月30日11:59", "transmit": " 转发 77", "comment": "评论 61", "zan": " 120"}, {"text": "\n                    【燃爆！3分钟视频看国产手机如何把国外品牌赶出前五？】十年智能手机发展演变史：从诺基亚睥睨天下，到三星霸榜多年，再到中华酷联崛起、再到华为加荣耀手机登顶。不过这视频为啥把华为和荣耀分开？不是很理解 L人才76116的微博视频 ​                ", "author": "人才76116", "time": "人才761162018年12月30日14:05", "transmit": " 转发 39", "comment": "评论 66", "zan": " 96"}, {"text": "\n                    12月21日，美国的AT&T运营商推出第一个5G套餐，用户需缴纳500美元的设备费，每月70美元的套餐费，但只有15GB的流量。用户使用后发现，“5G”设备的下载速度只有194.88Mbps，而在印第安纳波利斯同一个地方测试4G网络，下载速度为187.44Mbps，两者相差不到1MB/每秒。而华为在意大利测试的点对点、端对端 ​  展开全文c \n                    12月21日，美国的AT&T运营商推出第一个5G套餐，用户需缴纳500美元的设备费，每月70美元的套餐费，但只有15GB的流量。用户使用后发现，“5G”设备的下载速度只有194.88Mbps，而在印第安纳波利斯同一个地方测试4G网络，下载速度为187.44Mbps，两者相差不到1MB/每秒。而华为在意大利测试的点对点、端对端的5G数据连接测试，下载速度达到2.7GB，下载延迟只有0.1毫秒。美国以所谓的“安全”问题为借口，拒绝华为的5G设备，其实是将先进技术拒之门外。这与大清拒绝外国的“奇技淫巧”又何其相似乃尔。 收起全文d\n", "author": "陶永谊", "time": "陶永谊2018年12月30日17:53 来自荣耀V10我AI的快", "transmit": " 转发 135", "comment": "评论 185", "zan": " 175"}, {"text": "\n#对TA说晚安#我这一生，大概要花3600小时在马桶上，27万小时在床上，1000小时在等绿灯，150小时在剪指甲，120小时在扣纽扣......以【我今年，花了_____小时在_____】造句。转评小云将抽一位送出华为耳机。 ​                ", "author": "华为终端云服务", "time": "华为终端云服务2018年12月30日22:00 来自微博weibo.com", "transmit": " 转发 164", "comment": "评论 255", "zan": " 126"}, {"text": "\n                    《华为副总裁：真正的美国制造，超乎普通人的想象，华为正在坚定地学习》 O华为副总裁：真正的美国制造，超乎普通人的想象，华为正在坚定地学习 ​                ", "author": "辽阔草原锡林郭勒", "time": "辽阔草原锡林郭勒2018年12月30日20:58 来自微博大佬的好友圈超话", "transmit": " 转发 202", "comment": "评论 47", "zan": " 102"}, {"text": "\n华为将超过西门子，成为世界制造业top1512月29日，华为消费者BG负责人余承东发布了致员工2019年新年信。他在信中透露，华为消费者业务收入同比增长近50%，较目标提前一年跨越500亿美元里程碑。几天前，华为消费者业务部门宣布，2018年前三季度华为智能手机出货量上升至全球No.2，突破2亿台大关。余承 ​  展开全文c \n华为将超过西门子，成为世界制造业top1512月29日，华为消费者BG负责人余承东发布了致员工2019年新年信。他在信中透露，华为消费者业务收入同比增长近50%，较目标提前一年跨越500亿美元里程碑。几天前，华为消费者业务部门宣布，2018年前三季度华为智能手机出货量上升至全球No.2，突破2亿台大关。余承东在信中提到，华为Mate和P系的全球发货量近3000万台。与此同时，荣耀系列也已经在海外市场实现180%的迅猛增长。而在此前的新年致辞中，华为轮值董事长郭平表示，2018年，公司预计实现销售收入1085亿美元，同比增长21%。按照华为今年数据，成就千亿级的规模以后，他很有可能成为全球top15的制造型企业。 收起全文d\n", "author": "机工战略", "time": "机工战略2018年12月30日10:13 来自iPhone6Plus", "transmit": " 转发 24", "comment": "评论 67", "zan": " 76"}, {"text": "\n                    2018中国市值500强企业公布。500强公司总市值54.82万亿。前三依旧为腾讯，阿里和工商银行。小米作为新进榜的上市企业排31。京东相较去年下降了29名，跌出前20，排名48。华为由于没上市，所以没上榜。 ​                ", "author": "锋潮科技", "time": "锋潮科技2018年12月30日11:39 来自Weibo.intl", "transmit": " 转发 11", "comment": "评论 41", "zan": " 48"}, {"text": "\n                    外媒投票调查：华为nova 4比三星Galaxy A8s更受欢迎你更喜欢哪一款？ ​                ", "author": "数码研究所", "time": "数码研究所2018年12月30日14:53", "transmit": " 转发 11", "comment": "评论 79", "zan": " 213"}, {"text": "\n                    环球网消息，美国运营商故障，部分地区取款机，911都瘫痪了。没有用华为所以很安全，遭到美国网友的推特吐槽。 ​                ", "author": "欧阳秋叶", "time": "欧阳秋叶2018年12月30日10:02", "transmit": " 转发 9", "comment": "评论 39", "zan": " 103"}, {"text": "\n                    她是温柔的追光者，她是音乐世界里的冒险家，她就是暖心治愈女声@岑寧兒YoyoSham 。想知道Yoyo自成一家的独特曲风如何养成？新年新气象，新专辑《Nothing is Under Control》已经在华为音乐上架了，背后藏着怎样的故事？速戳O网页链接走进#华为音乐#独家专访一睹为快吧！关注+转发，抽送Yoyo ​  展开全文c \n                    她是温柔的追光者，她是音乐世界里的冒险家，她就是暖心治愈女声@岑寧兒YoyoSham 。想知道Yoyo自成一家的独特曲风如何养成？新年新气象，新专辑《Nothing is Under Control》已经在华为音乐上架了，背后藏着怎样的故事？速戳O网页链接走进#华为音乐#独家专访一睹为快吧！关注+转发，抽送Yoyo签名专辑一张～ L华为终端云服务的秒拍视频 收起全文d\n", "author": "华为终端云服务", "time": "华为终端云服务2018年12月30日12:00 来自微博weibo.com", "transmit": " 转发 93", "comment": "评论 48", "zan": " 85"}, {"text": "\n                    #O网页链接##O网页链接#我吃到的关于syx和其他plggpldd撕逼的瓜，其他欢迎姐妹补充 ①syx作为飞行嘉宾，非要去抢常驻hcy的风头，想把syx投到第一，结果输了，选了一个野榜来自我安慰②想要在华为的title上压四字弟弟一头，发动粉丝撕华为，关键是别人gxt ​  展开全文c \n                    #O网页链接##O网页链接#我吃到的关于syx和其他plggpldd撕逼的瓜，其他欢迎姐妹补充 ①syx作为飞行嘉宾，非要去抢常驻hcy的风头，想把syx投到第一，结果输了，选了一个野榜来自我安慰②想要在华为的title上压四字弟弟一头，发动粉丝撕华为，关键是别人gxt也代言了，别人也没有撕啊，要不是撕华为，我的不知道syx代言hw了，我们那边的地广是gxt③代言浦发，想在title上压yy，结果被官方打脸，后面一日店长活动也是让yy去的，因为syx办的卡太少了④xhq超级无辜，有人说xhq适合盗墓的某个角色，然后就被撕了，我就是这个表情⑤抢yy的咩咩称呼，syx你刚出道是不是兔子么，后面是独角兽⑥二字弟弟小透明粉说了不喜欢syx吃草，就被syx粉诅咒⑦cxk，一直想用pd名头压别人，还卡cxk评论⑧cln，用别人后援会的钱买syx专辑⑨lh，wyf，hzt以及八颗小泡菜就不说了，日常被黑，只要syx有用，就拿来黑…… 收起全文d\n", "author": "泡芙好好吃啊啊", "time": "泡芙好好吃啊啊2018年12月30日14:43 来自HUAWEIMate9", "transmit": " 转发 58", "comment": "评论 198", "zan": " 170"}]