[{"text": "\n华为nova全球代言人@TFBOYS-易烊千玺  活力登场，律动节奏点燃舞台。未来与少年继续携手同行，记录精彩瞬间，见证美好时刻。 ​                ", "author": "易烊千玺JacksonYee工作室", "time": "易烊千玺JacksonYee工作室2019年12月05日19:36 来自易烊千玺超话", "transmit": " 转发 24026", "comment": "评论 14768", "zan": " 139263"}, {"text": "\n                    【#中国近半iOS用户换机时转投安卓#】马克西姆集团的数据显示，从苹果安装用户群来看，流失率从5%上升到了9%。与此同时，苹果的流入率是7%，低于2017年的13%。在中国，数据分析公司Quest Mobile的监测数据也显示，苹果用户的忠诚度在今年有所下降。2019年上半年，约46%的iOS用户在换机时选择投入安卓阵 ​  展开全文c \n                    【#中国近半iOS用户换机时转投安卓#】马克西姆集团的数据显示，从苹果安装用户群来看，流失率从5%上升到了9%。与此同时，苹果的流入率是7%，低于2017年的13%。在中国，数据分析公司Quest Mobile的监测数据也显示，苹果用户的忠诚度在今年有所下降。2019年上半年，约46%的iOS用户在换机时选择投入安卓阵营，这一数字比去年同期增加了2.8%。其中，27.8%的苹果用户在换机时选择了华为。@界面新闻 O数据 | 中国近半苹果用户换机时转投安卓，华为是首选 收起全文d\n", "author": "财经网", "time": "财经网2019年12月05日20:25 来自微博weibo.com", "transmit": " 转发 2303", "comment": "评论 16921", "zan": " 191352"}, {"text": "\n                    【#华为将起诉美国联邦通信委员会#】华为今天在美国法院提交起诉书，请求法院认定美国联邦通信委员会（FCC）有关禁止华为参与联邦补贴资金项目的决定违反了美国宪法和《行政诉讼法》。#华为起诉美国联邦通信委员会#（央视记者 张奇斌 孙继文） ​                ", "author": "央视新闻", "time": "央视新闻2019年12月05日10:32 来自微博weibo.com", "transmit": " 转发 1530", "comment": "评论 13126", "zan": " 77330"}, {"text": "\n                    率性少年展青春活力，一抹炙热的红温暖冬日午后。华为nova全球代言人@TFBOYS-易烊千玺 现身华为新品发布会，#千玺在nova星等你# ，稍后解锁更多精彩瞬间。 ​                ", "author": "易烊千玺JacksonYee工作室", "time": "易烊千玺JacksonYee工作室2019年12月05日16:10 来自易烊千玺超话", "transmit": " 转发 ", "comment": "评论 ", "zan": " "}, {"text": "\n#胡侃# 华为被海啸般的负面舆情包围。让我们一起寻找一个理性的高处，看一看这场舆论海啸的图形究竟是什么。  L胡锡进的微博视频 ​                ", "author": "胡锡进", "time": "胡锡进2019年12月05日22:27 来自科技·视频社区", "transmit": " 转发 1091", "comment": "评论 3481", "zan": " 22682"}, {"text": "\n                    追梦路上的少年，每一刻都大不一样，都值得用自拍记录。谢谢华为nova全球代言人@TFBOYS-易烊千玺 来到#华为nova6#系列5G新品发布会现场，也谢谢所有支持我们的nova星人 ​                ", "author": "华为终端官方微博", "time": "华为终端官方微博2019年12月05日21:37 来自微博weibo.com", "transmit": " 转发 17649", "comment": "评论 1541", "zan": " 9120"}, {"text": "\n华为前员工李洪元被拘251天的事件最后带出如此轰轰烈烈的舆情，已经超出了事情本应有的逻辑。老胡作为穿越了这些年互联网一次又一次激烈舆情的新闻“老司机”，想对朋友们说一句：任何一家公司或者机构面对这样的舆论冲击，其应对手段都是有局限的。让这场风波以最符合中国公众利益的方式来着陆，唯一 ​  展开全文c \n华为前员工李洪元被拘251天的事件最后带出如此轰轰烈烈的舆情，已经超出了事情本应有的逻辑。老胡作为穿越了这些年互联网一次又一次激烈舆情的新闻“老司机”，想对朋友们说一句：任何一家公司或者机构面对这样的舆论冲击，其应对手段都是有局限的。让这场风波以最符合中国公众利益的方式来着陆，唯一可行和有效的是我们大家从情绪中回到常识和事物的原本逻辑，想一想华为与中国国家利益和公众利益的真实关系，再回过头来探寻一下事情原本的脉络，摆脱那些夸大的东西和试图误导我们大家的用意，让理性的旗帜在情绪的海平面上重新飘扬起来。首先，李洪元被羁押251天，华为有多大责任？华为的一名基层主管是报案者，这一报案在法律上可能准确，也可能不准确。客观说，华为的责任就这么大。接下来是法律程序，李洪元被令人遗憾地羁押了251天，国家赔偿表达了对这一羁押的法律态度。但这些都是司法程序问题，不是华为能够影响的。 有人怀疑华为干预了这个过程，但没有任何这方面的证据，而且华为那样做的动机是什么？为什么深圳龙岗区检察院最后做的又是不予起诉的决定呢？华为是一家讲法律和讲规则的公司，对一名前员工搞司法迫害，这不符合该公司的基本价值观，而且是充满风险的。老胡认为，我们在做这种怀疑时，不应使用对华为有罪推定的逻辑，并让它主导舆论。 华为的声明很短，老胡也批评了这一声明“缺少温度”。但据我最新了解，这当中有一些隐情，促使华为低调、简短地回应。也许过一段时间，事情的脉络会得到进一步的补充，在这之前，我们权且将这作为华为的一次“公关失误”。那么它因此该受到多大的批评呢？ 很多人联想到，华为一定对自己的员工很无情。坊间关于华为“狼性文化”的传闻被用来作为对这一批评的佐证。但我想说，华为对员工的关怀不可能不高于中国公司的平均线。任何成功的公司，都首先必须善待员工，否则它决不可能有凝聚力。华为一路打拼到今天，经历了多少艰难困苦，眼下又在全世界所有大公司中遭到世界第一强国最猛烈的打压，它如果对员工是冷酷的，队伍早就散了。 华为的声明给人以不尊重公众情感的印象。我前面说了，它或许是隐情所致，或许是公关失误，但一家大公司不重视公众情绪，也是决不可能的。华为正被美国往死里打，它的海外市场开拓面临严重挑战，国内市场更加成为它不能出闪失的根据地。它怎么能不重视公众的看法呢？有一种怀疑是，华为傲慢，就是不在乎。我想说，全世界不可能有一家真正敢于面对自己的市场耍大牌的公司，华为这种走南闯北，知道获得一个市场的认同是多么不容易的公司，它的“傲慢”完全不合逻辑，与最基本的商业经验相抵触。因此不能不说，这种“傲慢”来源于舆论场的想象。 就事论事地批评华为，我认为是正常的，有时因为信息不对称，出现对华为的误解和责怪，也不奇怪。但是形成针对华为海啸般的负面舆情，我就不认为是正常的了。 请注意，舆论在这件事中有几个共鸣和不满，包括工作不稳定的风险，与机构发生冲突时个人处于劣势并受到迫害，在司法上遭遇被不合理羁押的冤屈等等。华为只是一名基层主管报了案，舆论发酵起来后，就将这些危机感全都倾泻到华为公司的头上，这不应该是华为承受的负荷。 老胡不能不说，舆论场针对华为的激烈发酵，有一些是信息不对称所致，还有相当一部分是“带节奏”的结果。在华为最困难、最需要支持的时候，它因为卷入了一起受到国家赔偿的案件，案件审理结果看上去没有支持华为最初的举报，随后所形成的舆论海啸就扑向了华为，说实话，以老胡的经验，打死我都不相信这是一个完全自然的过程。 到了这时，我觉得大家需要让理性出来帮着做一些整理了。华为是当下中国崛起遭遇挑战时期承重最大的公司之一。美国很明确想要让它死，国内也有少数人顺着美方的思路在诅咒它。在具体的争议层面，事情是一个逻辑，但当我们的判断涉及对华为的根本性肯定或否定时，一定有战略利益和动机会参与其中。作为中国人，我们要有能力拒绝这种参与，让华为的事情始终在它的原点周围徘徊。 对华为的正常批评没有问题，老胡上一篇文章就批评了它，但今天形成的针对华为的舆论面貌，不能不说令亲者痛仇者快。我们不能这样干啊，警惕不被人朝那样的方向带了节奏，这是我们中国人在这个复杂时代必须拥有的集体情商。 也希望华为坚强，正确地面对公众的各种声音。请做好你们的事情，并且相信，历史不会辜负诚恳和百折不回的团队。  收起全文d\n", "author": "胡锡进", "time": "胡锡进2019年12月05日19:00 来自HUAWEIP30Pro", "transmit": " 转发 2446", "comment": "评论 6188", "zan": " 41835"}, {"text": "\n                    今日上午10点30分，华为在深圳举办重要新闻发布会。华为首席法务官、华为首席律师、华为企业沟通部副总裁等出席。#华为将正式起诉美国联邦通信委员会# 新浪科技的微博直播 . ​                ", "author": "新浪科技", "time": "新浪科技2019年12月05日10:35 来自微博网页版", "transmit": " 转发 241", "comment": "评论 3199", "zan": " 20806"}, {"text": "\n                    今天的华为就像2011年高铁，那时遭到内外全力围剿攻击。。。结果还是走出来了 ​                ", "author": "斯图卡98", "time": "斯图卡982019年12月05日00:22 来自360安全浏览器", "transmit": " 转发 1747", "comment": "评论 746", "zan": " 25833"}, {"text": "\n                    【#华为再次回应前员工事件# ：感谢社会公众关注，这不是一个劳动纠纷事件】12月5日，华为召开媒体发布会，#华为将起诉美国联邦通信委员会#。在被问及李洪元事件时，华为首席法务官宋柳平称表示，这并不是是一个劳动纠纷事件，华为是对涉嫌违法犯罪进行举报，华为已经发布相关声明。@老板联播  ​  展开全文c \n                    【#华为再次回应前员工事件# ：感谢社会公众关注，这不是一个劳动纠纷事件】12月5日，华为召开媒体发布会，#华为将起诉美国联邦通信委员会#。在被问及李洪元事件时，华为首席法务官宋柳平称表示，这并不是是一个劳动纠纷事件，华为是对涉嫌违法犯罪进行举报，华为已经发布相关声明。@老板联播 L老板联播的微博视频 收起全文d\n", "author": "梨视频", "time": "梨视频2019年12月05日11:45 来自社会热点·视频社区", "transmit": " 转发 387", "comment": "评论 4481", "zan": " 25441"}, {"text": "\n易烊千玺 在深邃的海洋里 火山终于惊醒🌋@TFBOYS-易烊千玺  LLIMERENCE1128的微博视频 ​​​                ", "author": "LIMERENCE1128·迷恋", "time": "LIMERENCE1128·迷恋2019年12月05日16:27 来自易烊千玺超话", "transmit": " 转发 11710", "comment": "评论 2081", "zan": " 10716"}, {"text": "\n#一心一意，易烊千玺##千玺在nova星等你# 「 在我心上用力地开一枪。」@TFBOYS-易烊千玺 LBeWithJackson_易烊千玺陪伴站的微博视频 ​                ", "author": "BeWithJackson_易烊千玺陪伴站", "time": "BeWithJackson_易烊千玺陪伴站2019年12月05日17:13 来自易烊千玺超话", "transmit": " 转发 6374", "comment": "评论 1352", "zan": " 9552"}, {"text": "\n                    四字弟弟在#华为nova6# 发布会上高清有码大图拿走不谢。 易烊千玺 ​                ", "author": "勇气数码君", "time": "勇气数码君2019年12月05日20:07 来自HUAWEIP30Pro", "transmit": " 转发 3656", "comment": "评论 603", "zan": " 3625"}, {"text": "\n                    大家期待已久的#华为nova6#系列5G新品发布会正在直播中，全新一代#华为nova6#5G有哪些亮点？快来和@TFBOYS-易烊千玺 一起围观吧～ 华为终端官方微博的微博直播 . ​                ", "author": "华为终端官方微博", "time": "华为终端官方微博2019年12月05日14:00 来自微博网页版", "transmit": " 转发 62624", "comment": "评论 2220", "zan": " 49978"}, {"text": "\n易烊千玺#千玺在nova星等你# Nova 6 华为发布会（今天有点奶哦）@TFBOYS-易烊千玺 ​                ", "author": "TheChans-易烊千玺个站", "time": "TheChans-易烊千玺个站2019年12月05日17:15 来自易烊千玺超话", "transmit": " 转发 3404", "comment": "评论 723", "zan": " 4576"}, {"text": "\n                    【#华为将起诉美国联邦通信委员会#】华为今天在美国法院提交起诉书，请求法院认定美国联邦通信委员会（FCC）有关禁止华为参与联邦补贴资金项目的决定违反了美国宪法和《行政诉讼法》。（央视新闻） ​                ", "author": "环球时报", "time": "环球时报2019年12月05日10:37", "transmit": " 转发 114", "comment": "评论 1897", "zan": " 12237"}, {"text": "\n                    在？想和华为nova系列代言人@TFBOYS-易烊千玺 一起走进nova星球的奇妙幻境吗？戳视频，一起回顾#华为nova6#系列的精彩亮点吧 L华为终端公司的微博视频 ​                ", "author": "华为终端公司", "time": "华为终端公司2019年12月05日16:30 来自原创短剧/短片·视频社区", "transmit": " 转发 5928", "comment": "评论 1370", "zan": " 7534"}, {"text": "\n                    【正直播：#华为新闻发布会#】华为首席法务官宋柳平，华为首席律师、众达律师事务所合伙人Glen Nager，华为企业沟通部副总裁宋凯等发言。 新浪财经的微博直播 . ​                ", "author": "新浪财经", "time": "新浪财经2019年12月05日10:32 来自微博网页版", "transmit": " 转发 76", "comment": "评论 512", "zan": " 2541"}, {"text": "\n                    很欣赏#华为nova6#系列在探索美学设计的道路上的造诣。6.57英寸双摄极点全面屏，3D曲面玻璃机身，握持感更显圆润纤薄。通过创新工艺突破，带来“幻境之镜”的潮流美学， 它呈现出前所未有的色彩光影，让人如同进入时空幻境。想象、美梦、诗意、自由生长，正如年轻人一样，不被定义，独具个性之美， ​  展开全文c \n                    很欣赏#华为nova6#系列在探索美学设计的道路上的造诣。6.57英寸双摄极点全面屏，3D曲面玻璃机身，握持感更显圆润纤薄。通过创新工艺突破，带来“幻境之镜”的潮流美学， 它呈现出前所未有的色彩光影，让人如同进入时空幻境。想象、美梦、诗意、自由生长，正如年轻人一样，不被定义，独具个性之美，给我带来全新体验。Photography：我Clothing: @XUNRUO熏若-熏 Lights：@Hess脚脚 、扣扣 收起全文d\n", "author": "海和蓝", "time": "海和蓝2019年12月05日18:00 来自微博weibo.com", "transmit": " 转发 102", "comment": "评论 980", "zan": " 5533"}, {"text": "\n                    【#子午评论# 华为251事件：李洪元的私欲与反华势力的政治目的】 华为251事件发酵到现在这个地步，已经由一桩普通刑事案件所引发的一般网络舆情，演变为一场不仅针对华为，而且涉及到香港修例问题、大陆人权和司法问题，以及中美贸易摩擦等重大政治问题方面。     也就是说251事件已经不是那么简 ​  展开全文c \n                    【#子午评论# 华为251事件：李洪元的私欲与反华势力的政治目的】 华为251事件发酵到现在这个地步，已经由一桩普通刑事案件所引发的一般网络舆情，演变为一场不仅针对华为，而且涉及到香港修例问题、大陆人权和司法问题，以及中美贸易摩擦等重大政治问题方面。     也就是说251事件已经不是那么简单了，它已经由单一、孤立的一桩刑事案件所引发的舆情，被人为的推向了一个此前没有预料到的高度，变成了一场激烈的意识形态较量，甚至这种较量已经到了国际政治的层面。     此文我不打算在251事件本身上大动笔墨了，简单说两句：从网上公开的各种信息综合来看，华为向公安机关报案的原因是因为华为认为前员工李洪元侵害了华为的利益，有犯罪嫌疑。     那么为什么李洪元在被羁押了251天之后又被释放了呢，那是因为检察院最终认为李洪元的案子不够起诉条件。为什么不够起诉条件呢，检察院的《不起诉决定书》里写的很清楚，是因为“事实不清，证据不足”。     这里需要强调的是：事实不清，并不代表没有事实，证据不足，也并不代表没有证据。换言之，李洪元没有被起诉是依照“疑罪从无”这个法理进行处理的，但这并不意味着华为当初的报案没有任何事实和依据。     网上许多人认为李洪元既然没有被起诉，那么华为就一定错了，就必须道歉，这种认知是错误的。     比方说你眼看着一个人偷走了你的钱包，也有别的人证，你报警后，警察把人抓了，但作为赃物的钱包却由于嫌犯扔了而始终都没有找到，那么证据缺失，警察也就只能放人了(与疑罪从无法理一样一样的）。请问这个时候，假如这个小偷提出来让你道歉，你愿意吗，你会道歉吗？所以说指责华为没有道歉、缺乏温度的人，不是二逼，就是二逼。     通过这几天的观察，我们基本可以得出一个结论，那就是华为前员工李洪元他自己在此次事件中本身没有政治目的，只有出于利益方面的私欲，而且这种私欲极其膨胀。膨胀到不仅有不合规、不合法的对金钱的追求，更重要的是，他竟然把他未来的前程天真的、执拗的押在了华为总裁任正非的身上，为了达到这个目的，作为华为普通员工的他曾经不惜在公司门口拦截总裁任正非，这次251事件网上发酵之后，他发现舆论势头有利于自己，更是变得疯狂且不可思议，竟然以自己有更好的管理方案为由，提出要任正非接见他，与他商谈。     综合事件发生后他非但不迁怒于华为，而且多次向华为示好，频频向华为伸橄榄枝，我们基本可以判定：他心里根本就舍不得华为的高福利，只不过想借用舆论的高压和自己的示软，企图采取软硬兼施的手段，让华为重新接纳并重用他，从而实现自己的咸鱼翻身计划罢了。     李洪元这个人小聪明挺多(预谋性的对主管进行录音就是明证) ，但又过于天真和自负，总想着能通过非正常手段达到自己的人生目的。说到底，都是私欲太过膨胀害得。他的这种为了私欲不择手段，正好被别人利用了。一个普通刑事案件所引发的网络舆情，在各方的煽动和恶意引导下，最终演变成了一场关乎意识形态和国际政治的网络舆论大战。至此，一场涉及香港问题、大陆司法和人权问题，甚至中美之间政治博弈问题的网上政战拉开了序幕。     要谈国内外反华势力在这次华为251事件中的作用和目的，我们首先得搞清楚我们当前所面临的国内外政治环境。我们当前所面临的国内外政治环境之严峻主要表现在以下几个方面：     ①中美贸易摩擦仍然在升级，美国在高科技领域，仍然在全球范围内围堵以华为为代表的中国公司，而且呈愈演愈烈之势。     ②近日美国通过了两个人权法案，一个涉港，一个涉疆。美国企图打人权牌对中国进行制裁。     ③由修例风波引发的港乱至今没有平息，而且有反弹趋势。     那么在这种严峻的国内外政治环境下爆发的251网络舆情，由于各种政治势力的介入，我们发现它的指向发生了可怕的变化，它的政治意图越来越明显，它的目的越来越险恶。     ①国内，以公知为代表的反动势力，由过去的半隐忍、半蛰伏，赤裸裸的、肆无忌惮的跳到了台前。他们公开批评中国为警察国家，用251这起个案来为香港的反修例背书，企图由此证明香港反修例的合理性。同时，攻击中国的司法体制以及人权（图1—3）。     ②国外，美国的重量级媒体(美国某音相当于中国的人民日报)就251事件迅速做出反应，对华为大肆指责，意思是作为中国政府支持的华为公司侵犯员工的人权，由此来否定中国的人权现状（图6）。     ③大量水军账号在各评论区蜂拥而至，他们把矛头由华为引向孟晚舟，由孟晚舟引向中美关系，企图用华为的“不义”，来证明美国在中美摩擦问题上的“正义”。     ④在此次事件中，有人提出了和香港反对派五大诉求非常类似的所谓八大诉求，并意图向华为公司所在地的深圳警方提出了示威游行的申请，这难道不是香港“民主”模式在大陆的复制吗（图4—5）？     综上，各位难道看不出来251事件已经演变成了由中外各政治势力相互勾结、互相配合的一场线上线下的意识形态大战了吗？我想只要稍微动一点脑子，你都能看出其中的端倪和不寻常。     行文至此，我就不必再多说什么了，他们的政治目的何在，想干什么，其实已经昭然若揭。#子午舆情观察# 收起全文d\n", "author": "子午侠士", "time": "子午侠士2019年12月05日21:37 来自HUAWEIMate10", "transmit": " 转发 616", "comment": "评论 1756", "zan": " 9015"}, {"text": "\n                    易烊千玺献舞#华为nova6# 新品发布会，现场嗨爆了，环绕立体声的“尖叫”，四字弟弟很帅，跳舞也很赞啊，粉丝在哪里？ 2武汉 L龙二Pro的微博视频 ​                ", "author": "龙二Pro", "time": "龙二Pro2019年12月05日16:35", "transmit": " 转发 4332", "comment": "评论 846", "zan": " 6156"}, {"text": "\n#华为nova6#系列的精彩亮点，你都记住了吗？跟随华为nova系列代言人@TFBOYS-易烊千玺 一起走进nova星球的奇妙幻境吧！  L华为终端官方微博的微博视频 ​​​                ", "author": "华为手机", "time": "华为手机2019年12月05日16:19 来自手机平板·视频社区", "transmit": " 转发 12088", "comment": "评论 1003", "zan": " 6242"}, {"text": "\n#SOHUFASHION·星鲜事##华为nova6#系列5G新品发布会，全球代言人@TFBOYS-易烊千玺 一身黑色高领衫搭配红色夹克和黑色工装马甲亮相！你有没有被千玺弟弟帅到？ ​                ", "author": "搜狐时尚", "time": "搜狐时尚2019年12月05日18:36 来自易烊千玺超话", "transmit": " 转发 2359", "comment": "评论 364", "zan": " 1179"}, {"text": "\n易烊千玺 晕啊!!这是什么神仙位置😭太近了叭 L五行缺千i的微博视频 ​                ", "author": "五行缺千i", "time": "五行缺千i2019年12月05日23:29 来自易烊千玺超话", "transmit": " 转发 5226", "comment": "评论 795", "zan": " 6982"}, {"text": "\n易烊千玺易烊千玺少年的你 191205 华为nova6 L易家星火_易烊千玺的微博视频 ​                ", "author": "易家星火_易烊千玺", "time": "易家星火_易烊千玺2019年12月05日16:35 来自iPad客户端", "transmit": " 转发 3225", "comment": "评论 441", "zan": " 3856"}, {"text": "\n易烊千玺#千玺在nova星等你##易烊千玺2019玊尔演唱会# nova6发布会舞蹈直拍@TFBOYS-易烊千玺 LCynosure_易烊千玺图频站的微博视频 ​                ", "author": "Cynosure_易烊千玺图频站", "time": "Cynosure_易烊千玺图频站2019年12月05日21:58 来自易烊千玺超话", "transmit": " 转发 3395", "comment": "评论 530", "zan": " 3238"}, {"text": "\n易烊千玺#千玺在nova星等你# 华为nova全球代言人甜甜宝贝@TFBOYS-易烊千玺 ​                ", "author": "EndlessLove_易烊千玺个站", "time": "EndlessLove_易烊千玺个站2019年12月05日16:51 来自易烊千玺超话", "transmit": " 转发 560", "comment": "评论 51", "zan": " 440"}, {"text": "\n易烊千玺 #千玺在nova星等你# #易烊千玺2019玊尔演唱会# 其实早就跟你表白过了在看你的一个眼神里@TFBOYS-易烊千玺 LLIMAR1128的微博视频 ​                ", "author": "LIMAR1128", "time": "LIMAR11282019年12月05日17:21 来自微博视频", "transmit": " 转发 3103", "comment": "评论 461", "zan": " 3583"}, {"text": "\n易烊千玺#千玺在nova星等你# 19岁的第一支舞蹈舞台只属于你@TFBOYS-易烊千玺 #冷静和热情之间-TFBOYS-易烊千玺# L少年意气_4444x的微博视频 ​                ", "author": "少年意气_4444x", "time": "少年意气_4444x2019年12月05日16:43 来自易烊千玺超话", "transmit": " 转发 4331", "comment": "评论 847", "zan": " 5845"}, {"text": "\n易烊千玺 这段憋笑太臭屁了 555#千玺在nova星等你# L五行缺千i的微博视频 ​                ", "author": "五行缺千i", "time": "五行缺千i2019年12月05日16:27 来自易烊千玺超话", "transmit": " 转发 3455", "comment": "评论 755", "zan": " 4999"}]