[{"text": "\n台剧想见你#想见你# 伏笔截图整理+分析第二波 5-8集：【涉及剧透，未看勿点】1-12集时间线&伏笔截图整理第一波1-4集戳👉O网页链接 截图整理第三波9-12集13-14预告 👉O网页链接............👇这4集主要分为三个阶段：黄雨萱一穿陈韵如、回2019 ​  展开全文c \n台剧想见你#想见你# 伏笔截图整理+分析第二波 5-8集：【涉及剧透，未看勿点】1-12集时间线&伏笔截图整理第一波1-4集戳👉O网页链接 截图整理第三波9-12集13-14预告 👉O网页链接............👇这4集主要分为三个阶段：黄雨萱一穿陈韵如、回2019、二穿👇一穿细节：p1：李子维跟莫俊杰表示自己对陈韵如没有感觉p2：陈韵如和一穿陈韵如的黄雨萱，写字的笔迹变了p3：李子维发现从医院醒来后的陈韵如跟以前不一样了p4：一穿中的黄雨萱误以为自己是陈韵如，而黄雨萱和王诠胜是梦5：公车上的黄雨萱被叫醒，一穿结束，此时黄雨萱以为陈韵如李子维是梦👇回到2019细节：p6：李子维忍不住看了黄雨萱发给王诠胜的短信p7：李子维跟舅舅说，忍了这么多年，是从哪一年开始算忍？1999？2017？舅舅问他怎么不接了，他说这不是打给我的，是打给王诠胜的。（后面分析）p8：李子维房间黑板上的时间线，我只看清了飞机失事。（感谢私信补充图，图源水印）p9：李子维2017年到2019年间给王诠胜手机号充值用的是加拿大账户，说明他这期间一直在加拿大，甚至有可能从魂穿王诠胜开始，身体就一直在加拿大，这也是当初告诉陈韵如说高中毕业后会移民的地方。p10：2019年的舅舅告诉黄雨萱，陈韵如曾经告诉他自己是黄雨萱，所以在舅舅和李子维的记忆里，黄雨萱的数次魂穿（结合13-14预告应该还有三穿）都是真实且已经发生过的事件，而此刻时间线上的黄雨萱才完成一穿。综上，我猜测在1999年陈韵如去世后，李子维魂穿王诠胜再到2017年穿回李子维身体后，舅舅和李子维就在等待2019年到来，并促成黄雨萱魂穿陈韵如这件事的发生：上一篇有讲到38岁的李子维是故意出现在黄雨萱的视线中的，故意送一样的蛋糕。然后又送了当年送给陈韵如的随身听，并坐在黄雨萱身后见证了一穿过程（p3）；舅舅也故意拿出了陈韵如的日记本。2019年的李子维已经掌握了穿越技巧，才会做这些事来促成黄雨萱的魂穿。可能是自己穿越的经验，也有可能是当年黄雨萱数穿过后已经掌握了技巧并告诉了李子维。这样的话，就是黄雨萱促成了李子维魂穿王诠胜，因为在1998年，李子维已经知道黄雨萱未来会和跟自己一样的王诠胜在一起（p4）。这又形成了第二个闭环：互相促成对方魂穿。（第一个闭环是感情上的闭环，见第一波1-4集整理贴）李子维为什么不接黄雨萱电话说那是打给王诠胜的。因为在2017年后，李子维做回了自己，一直忍住没有看短信，是不能在2019年之前提早让黄雨萱发现他在使用手机破坏黄雨萱的正常魂穿流程。而到了2019年，不接电话，是因为这个时间线上，黄雨萱才完成一穿，算是刚认识李子维这个人，他不能用自己的嘴告诉她会发生什么，他必须等她自己去经历后面的二穿三穿……才能让她爱上真正的他——李子维，从1998年就开始喜欢上黄雨萱的李子维。而不是那个2011年才认识她的“王诠胜”。p11：关于班长就是医生，这块截出来主要是班长保留的报纸上，有当年陈韵如去世的报道。报道上写，莫姓少年是嫌疑人，具体细节待查。👇二穿细节：p12：黄雨萱看到陈韵如的日记本上自己“梦中”（一穿）写下的字，明白这不是梦，是真的发生过的魂穿。开始尝试二次魂穿，失败。p13：黄雨萱发现日记本后面写着“他就是王诠胜”，二穿成功。关于穿越技巧：结合一穿和二穿，以及中间失败一次的经验，我猜测两种可能性：1.伍佰那首歌，必须从开头开始听，失败那一次播放随身听后，歌是从中间开始听的；2.必须在听歌的同时，看着给对方发的短信，因为两次穿成功都是在边听歌边看短信之后入睡。（评论补充第三种可能：是“想见你”，戒指上有提示，只有真的想见你的时候才可以，当然听歌应该也是必要条件之一。失败那次可能是因为黄雨萱单纯的想测试方法并没有真的“想见你”所以失败了）关于魂穿时间点：黄雨萱二穿来到的是一穿结束前一点的时间点，说明一穿过后，陈韵如自己的灵魂也没有回去。如果二穿结束，三穿再回去的时间点也是二穿结束的前一点点。那可能陈韵如在被袭击之后，灵魂就再也回不去了……p14：黄雨萱二穿后开始一顿分析，此时还是冲着王诠胜来的，所以觉得自己来错了，大喊为什么来这里。p15：李子维对“陈韵如”动心，其实这就是黄雨萱为什么来这里的答案，李子维线的爱情故事开始了。p16：黄雨萱尝试穿回2019失败，一穿结束我们看到是被公车司机叫醒的，这一次是睡在家里，应该没人会叫醒她……所以二穿会以什么方式结束，我很期待。p17：魂穿王诠胜的李子维很爱看穿越片，可能也是在做研究哈哈哈。他说自己如果可以穿越想往回穿，也许因为在这个闭环里，他只能往前穿，而且早就知道未来会发生的事。p18：魂穿王诠胜的李子维说，如果你回去找我，你不用开口我一看到你就知道你会是我爱的人。大概就像2011“再次”遇见你的时候，一看到你，就知道是你。（未完待续） 收起全文d\n", "author": "中影小水", "time": "中影小水2019年12月26日17:32 来自台剧想见你超话", "transmit": " 转发 183", "comment": "评论 154", "zan": " 983"}, {"text": "\n华为跟华尔街日报干起来了…华为态度非常强硬。 ​                ", "author": "午后狂睡", "time": "午后狂睡2019年12月26日16:53 来自微博weibo.com", "transmit": " 转发 385", "comment": "评论 382", "zan": " 11043"}, {"text": "\n                    想要Get千玺同款#华为nova6#5G？12月27日#京东小魔方#开启，白条可享12期免息，每天10.4元起，更多惊喜点击大图发现↓ ​​​​                ", "author": "华为终端官方微博", "time": "华为终端官方微博2019年12月26日20:00 来自微博weibo.com", "transmit": " 转发 14727", "comment": "评论 2049", "zan": " 10476"}, {"text": "\n                    近日华为辞退7000员工火了，大家对于华为可能损失10亿，震惊程度还可以接受，毕竟家大业大。大家无法想通的是，此次大裁员，员工中不仅包括孙亚芳，还有他自己。一个人对自己都这么狠，他还有对手么？谁还敢做他的对手？职场中家大业大的华为如此果断，势必会带动行业很多公司，大刀阔斧的改革， ​  展开全文c \n                    近日华为辞退7000员工火了，大家对于华为可能损失10亿，震惊程度还可以接受，毕竟家大业大。大家无法想通的是，此次大裁员，员工中不仅包括孙亚芳，还有他自己。一个人对自己都这么狠，他还有对手么？谁还敢做他的对手？职场中家大业大的华为如此果断，势必会带动行业很多公司，大刀阔斧的改革，藏在角落的你，还没有危机感么？曾经有个老大哥，一路走来教会我很多，现在总结出来，送给大家：1，低调做人，好好做事。2，公司离开了谁，一样可以转下去。3，领导让你做事，最起码你还有做事的机会。4，年轻人不怕失业，人到中年才怕失业。5，你过去，现在，不论多么辉煌，公司垮了，你也就完蛋了，平台很重要。6，人生那么长，多去培养自己的赚钱能力，社会这么多元，只要用心，你一定会寻找到适合自己的。7，你认为自己行，你努力就一定行。除了高尖端行业，剩下很多行业没有那么难，自己钻进去就行了。 收起全文d\n", "author": "人力资源研究", "time": "人力资源研究2019年12月26日11:19 来自iPhoneXR", "transmit": " 转发 409", "comment": "评论 738", "zan": " 5688"}, {"text": "\n                    阿里、腾讯、百度、华为职级及薪资信息。 ​​​​                ", "author": "老高电商圈子", "time": "老高电商圈子2019年12月26日18:39 来自微博weibo.com", "transmit": " 转发 1123", "comment": "评论 362", "zan": " 1581"}, {"text": "\n                    自由潜水正是世界上最危险的极限运动之一。人类可抵达海拔8844.43米的珠峰之巅，但仅凭一口气，能够下潜的海底极限又是多少？纪录片《无际蓝》讲述主人公陆文婕从“双料女博士”到自由潜“女神”的身份转换—突破内心恐惧，挑战人体生理极限。自古英雄多磨难，无论是攀登珠穆朗玛峰的北坡精神，还是挑 ​  展开全文c \n                    自由潜水正是世界上最危险的极限运动之一。人类可抵达海拔8844.43米的珠峰之巅，但仅凭一口气，能够下潜的海底极限又是多少？纪录片《无际蓝》讲述主人公陆文婕从“双料女博士”到自由潜“女神”的身份转换—突破内心恐惧，挑战人体生理极限。自古英雄多磨难，无论是攀登珠穆朗玛峰的北坡精神，还是挑战人类负海拔的自由深潜，只有不断打破自我限定，才能拥抱属于自己的无际蓝，《无际蓝》全程使用华为Mate30 Pro拍摄。L华为终端官方微博的微博视频 收起全文d\n", "author": "财经网", "time": "财经网2019年12月26日15:47 来自风景旅拍·视频社区", "transmit": " 转发 47", "comment": "评论 19", "zan": " 92"}, {"text": "\n                    发布了头条文章：《卖在一致时》 财经每日必读 #微博赚钱季#  周四华为/科技（半导体/光刻胶）+新能源汽车（锂电）+股权（公告）+网红/文化传媒概念最强，大金融(券商）反弹，养殖板块继续调整（继续观察）;主板缩量上涨（预设明日冲高回落盘整，观察成交量能否有效放大）强势股接力的亏钱效 ​  展开全文c \n                    发布了头条文章：《卖在一致时》 财经每日必读 #微博赚钱季#  周四华为/科技（半导体/光刻胶）+新能源汽车（锂电）+股权（公告）+网红/文化传媒概念最强，大金融(券商）反弹，养殖板块继续调整（继续观察）;主板缩量上涨（预设明日冲高回落盘整，观察成交量能否有效放大）强势股接力的亏钱效应减缓，明日威唐工业，星期六，南京证券等作为情绪标杆观察，空间板高度到5板，首板数量增加，明日强势股接力赚钱效应大概率会维持，但早盘提防继续缩量加速，不宜追涨接力，卖在情绪一致时（耐心观察成交量再决定是否回补仓位），当然最优策略是低吸主线板块（华为/科技+汽车/油气）人气股和有送转预期的中小创板块潜伏等轮动补涨，低吸富一生。  O卖在一致时 收起全文d\n", "author": "lesliesay", "time": "lesliesay2019年12月26日16:56 来自微博weibo.com", "transmit": " 转发 428", "comment": "评论 205", "zan": " 705"}, {"text": "\n                    承认差距这么难吗？昨天发了华为 Mate30 Pro 的拆机图，对比了 iPhone ，有人就在下面 ETC 说拆解的正反错了。iPhone 因为一体性强，向来都是从正面屏幕拆解的，有时候还会用到吸盘。 苹果的设计师一直对产品内部空间有着强迫症般的高标准，看很多苹果产品的内部都是视觉享受，强迫 ​  展开全文c \n                    承认差距这么难吗？昨天发了华为 Mate30 Pro 的拆机图，对比了 iPhone ，有人就在下面 ETC 说拆解的正反错了。iPhone 因为一体性强，向来都是从正面屏幕拆解的，有时候还会用到吸盘。 苹果的设计师一直对产品内部空间有着强迫症般的高标准，看很多苹果产品的内部都是视觉享受，强迫症福音。至于图九，我觉得拿拆开一大块盖板前来说事是有失公允的。 收起全文d\n", "author": "Geek_Cao", "time": "Geek_Cao2019年12月26日08:46 来自OPPORenoAce", "transmit": " 转发 31", "comment": "评论 403", "zan": " 1369"}, {"text": "\n                    《华尔街日报》称华为获得巨额财政补贴发展起来，不知这是不是袁莉这个坏女人推动弄的文章。我看这个内心长叹，现在也轮到美国人写这种酸文了，相信以后这类酸文还会更多。写这种不过是配合美国政府说华为是政府支持起来的，就有安全问题，不能买华为设备和产品。这些傻货根本不了解通信业历史，20年 ​  展开全文c \n                    《华尔街日报》称华为获得巨额财政补贴发展起来，不知这是不是袁莉这个坏女人推动弄的文章。我看这个内心长叹，现在也轮到美国人写这种酸文了，相信以后这类酸文还会更多。写这种不过是配合美国政府说华为是政府支持起来的，就有安全问题，不能买华为设备和产品。这些傻货根本不了解通信业历史，20年前中国通信行业有巨大中华四大企业，巨龙是真的有军方背景，创始人就是军队专家，但是巨龙没发展好，今天基本没有声音。大唐是工信部技术研究院发展而来，曾经是中国通信业最有技术实力的，TD-SCDMA也是它主推的，要说国家支持，对大唐应该是支持最多，即使这样那时做TD时，大家也感叹不过几亿资金，帮不了大忙。大唐发展也一般，最后被信科整合。中兴有一部分国资，但是上市公司，发展的渐渐落后于华为。唯有华为完全无国资，挺多说是集体所有制，华为的几万员工是股东。说政府补贴应该是支持国有企业，怎么会是没有国资的华为？那些傻蛋不了解中国通信业，想当然以为补贴能让企业发展做大，这世界上所有做强都是自己干的，补贴就完，不信看看拿了美国政府大量补贴的波音。 收起全文d\n", "author": "飞象网项立刚", "time": "飞象网项立刚2019年12月26日20:28 来自HUAWEIMate20X5G", "transmit": " 转发 135", "comment": "评论 131", "zan": " 818"}, {"text": "\n                    【美媒称华为享受中国政府巨额支持得以崛起 华为回应】美媒25日刊文宣称，华为公司从中国政府处得到巨额财政补贴，以助其崛起。对此，华为26日下午发表声明称，其报道基于错误信息和混乱逻辑，无视华为过去30多年在研发上的巨额投入和19万员工以客户为中心的长期艰苦奋斗。华为保留采取法律措施维护自 ​  展开全文c \n                    【美媒称华为享受中国政府巨额支持得以崛起 华为回应】美媒25日刊文宣称，华为公司从中国政府处得到巨额财政补贴，以助其崛起。对此，华为26日下午发表声明称，其报道基于错误信息和混乱逻辑，无视华为过去30多年在研发上的巨额投入和19万员工以客户为中心的长期艰苦奋斗。华为保留采取法律措施维护自身声誉的权利。O美媒称华为享受中国政府巨额支持得以崛起 华为回应 收起全文d\n", "author": "新浪财经", "time": "新浪财经2019年12月26日17:40 来自微博weibo.com", "transmit": " 转发 78", "comment": "评论 74", "zan": " 108"}, {"text": "\n                    今天想问问你：在冷冰冰的科学中，你见过哪些浪漫的事？#日偏食# 世界被科学不断推进，我们拥有了#2019年中国十大科技成果# 。带着想象力去理解这一切，你会发现那些隐藏的美妙奇迹。#新世相Live# 和华为云一起，邀请“未来事务管理局”创始人兼 CEO，科学松鼠会、果壳网的联合创始人 姬少亭 ​  展开全文c \n                    今天想问问你：在冷冰冰的科学中，你见过哪些浪漫的事？#日偏食# 世界被科学不断推进，我们拥有了#2019年中国十大科技成果# 。带着想象力去理解这一切，你会发现那些隐藏的美妙奇迹。#新世相Live# 和华为云一起，邀请“未来事务管理局”创始人兼 CEO，科学松鼠会、果壳网的联合创始人 姬少亭@小姬AI ，来跟我们聊一聊，她从身边的科幻作家，以及科研工作者身上所看到的浪漫故事。扫描海报二维码，马上报名。我们一起用科学造梦。 收起全文d\n", "author": "新世相", "time": "新世相2019年12月26日11:34 来自专业版微博", "transmit": " 转发 189", "comment": "评论 280", "zan": " 818"}, {"text": "\n                    100人的合照只能别人帮忙拍？看了#京东小魔方#这个#百人自拍挑战#，他们居然用华为nova 6完成了自拍，我才知道原来百人合照还能这么拍！逛京东搜华为nova 6，解锁自拍新姿势，听说12月27日有优惠，戳O网页链接 限时12期免息哦！L京东手机通讯的秒拍视频 ​                ", "author": "回忆专用小马甲", "time": "回忆专用小马甲2019年12月26日21:40 来自微博weibo.com", "transmit": " 转发 902", "comment": "评论 437", "zan": " 324"}, {"text": "\n                    今天试用了#华为nova6#5G的自拍功能，体验感简直不要太好，自动对焦的同时，还原精致面孔，秒变高级脸！喜欢拍照的我马上拿上手尝试了不同拍照模式～#自拍大不一样#人像模式不仅自带美颜和滤镜，还可以切换广角镜头。夜景模式让夜晚不再黑乎乎一片，自动补光，清晰出片。趣AR模式有超多趣味变妆，满 ​  展开全文c \n                    今天试用了#华为nova6#5G的自拍功能，体验感简直不要太好，自动对焦的同时，还原精致面孔，秒变高级脸！喜欢拍照的我马上拿上手尝试了不同拍照模式～#自拍大不一样#人像模式不仅自带美颜和滤镜，还可以切换广角镜头。夜景模式让夜晚不再黑乎乎一片，自动补光，清晰出片。趣AR模式有超多趣味变妆，满足不同场景哦从此爱上nova6~跟我一起用华为nova6 5G享同款自拍吧 2杭州 收起全文d\n", "author": "sosay是大妮", "time": "sosay是大妮2019年12月26日20:06 来自nova65G自拍大不一样", "transmit": " 转发 544", "comment": "评论 990", "zan": " 5391"}, {"text": "\n                    荣耀v30被正名了，确实是5G真香机啊    荣耀V30Pro是华为麒麟990 5G芯片，4000元档位无敌的存在，以前还不觉得，OPPO reno3系列和vivo X30系列发布之后感受深刻，果然是全靠友商衬托啊    荣耀V30系列估计要躺赢了荣耀你用这么好的芯片是不是有失公允啊？ ​                ", "author": "长安数码君", "time": "长安数码君2019年12月26日17:00 来自荣耀V30PRO5G", "transmit": " 转发 31", "comment": "评论 295", "zan": " 1085"}, {"text": "\n                    原本是一场第三方硬碰硬的产品实力比拼，对于全面被碾压的结果，友商表面上承认差距，暗地里不反思改进，却始终不休不止的带节奏，歪曲事实颠倒黑白，实在令人不齿，比如： 1、  利用瞬时截图，狡辩MEMC动态补偿无用，甚至不如没有MEMC的小米电视5 ；2、  罔顾自家产品“8K Ready”涉嫌虚假宣传，狡 ​  展开全文c \n                    原本是一场第三方硬碰硬的产品实力比拼，对于全面被碾压的结果，友商表面上承认差距，暗地里不反思改进，却始终不休不止的带节奏，歪曲事实颠倒黑白，实在令人不齿，比如： 1、  利用瞬时截图，狡辩MEMC动态补偿无用，甚至不如没有MEMC的小米电视5 ；2、  罔顾自家产品“8K Ready”涉嫌虚假宣传，狡辩高码率4K、8K播放无用，芯片解码能力无用；3、  狡辩音源质量不行、两款音量标准不一样、收音麦克位置摆放不公平；4、  狡辩测试视频文件大小不一致；5、  狡辩荣耀智慧屏PRO并非6个10W扬声器，只有两个；6、  狡辩荣耀智慧屏PRO价格高于小米电视5，完全没有可比性。 对于以上几点，我只能说可笑至极！既然友商垂死挣扎、心有不甘，真诚欢迎更多媒体、机构全方位对比验证。如果公正公平，即便拿荣耀智慧屏（2999元）对比小米电视5 PRO（3699元），我们也完全有自信！但如果恶意作假污蔑，我们也一定会揭穿。 收起全文d\n", "author": "申开朗_SKY", "time": "申开朗_SKY2019年12月26日13:12 来自荣耀20PRO", "transmit": " 转发 93", "comment": "评论 654", "zan": " 3639"}, {"text": "\n                    【《华尔街日报》称华为享受政府巨额支持得以崛起，华为回应：不负责任的报道，无视19万员工奋斗】美国《华尔街日报》25日刊文宣称，华为公司从中国政府处得到巨额财政补贴，以助其崛起。对此，华为26日下午发表声明称，《华尔街日报》的报道基于错误信息和混乱逻辑，无视华为过去30多年在研发上的巨额 ​  展开全文c \n                    【《华尔街日报》称华为享受政府巨额支持得以崛起，华为回应：不负责任的报道，无视19万员工奋斗】美国《华尔街日报》25日刊文宣称，华为公司从中国政府处得到巨额财政补贴，以助其崛起。对此，华为26日下午发表声明称，《华尔街日报》的报道基于错误信息和混乱逻辑，无视华为过去30多年在研发上的巨额投入和19万员工以客户为中心的长期艰苦奋斗。华为保留采取法律措施维护自身声誉的权利。以下为华为方面声明全文：O《华尔街日报》称华为享受政府巨额支持得以崛起，华为回应：不负责任的报道，无视19万员工奋斗 收起全文d\n", "author": "环球网", "time": "环球网2019年12月26日17:00 来自微博weibo.com", "transmit": " 转发 25", "comment": "评论 76", "zan": " 399"}, {"text": "\n#最期待的5G产品# 今年工信部向中国电信、中国移动、中国联通、中国广电发放 5G 商用牌照，我国正式进入 5G 商用元年。从各大KOL晒出的测速记录就可以看出，5G已是当前炙手可热的话题，5G很快就会走入我们的生活。此外，现在的iPhone11只是过渡品，iPhone12全系支持5G。明年你会选择哪个厂商的5G手机？ ​  展开全文c \n#最期待的5G产品# 今年工信部向中国电信、中国移动、中国联通、中国广电发放 5G 商用牌照，我国正式进入 5G 商用元年。从各大KOL晒出的测速记录就可以看出，5G已是当前炙手可热的话题，5G很快就会走入我们的生活。此外，现在的iPhone11只是过渡品，iPhone12全系支持5G。明年你会选择哪个厂商的5G手机？ 明年你会选择哪个厂商的5G手机？ 收起全文d\n", "author": "阿森", "time": "阿森2019年12月26日17:40 来自微博weibo.com", "transmit": " 转发 10", "comment": "评论 17", "zan": " 2954"}, {"text": "\n                    【各公司年会拉开帷幕，12月年会相关搜索达到2735万次】不管手头多少工作，年会都是雷打不动的。数据显示，12月，年会相关搜索词在某电商平台达到2735万次，其中最难的是创意，年会创意节目搜索近180万次。网友：#准备年会的我太难了#L又见科技的秒拍视频 ​                ", "author": "思想聚焦", "time": "思想聚焦2019年12月26日16:45 来自微博weibo.com", "transmit": " 转发 93", "comment": "评论 157", "zan": " 648"}, {"text": "\n                    惊了，华为官方推特和华尔街日报撕起来了（两个都是官方号），我去吃个瓜 ​                ", "author": "我是HYK", "time": "我是HYK2019年12月26日17:22 来自OnePlus7T", "transmit": " 转发 66", "comment": "评论 663", "zan": " 2972"}, {"text": "\n                    2019#华为智能助手#春节档广告片墙裂推荐，沙雕可爱中，又带着温情是怎么回事？致敬平凡生活中不平凡的你，2020继续奋斗！华为手机主屏右滑，点击“更多服务”，领取精选服务福利，数量有限，我先滑为敬，告辞！ L华为终端云服务的秒拍视频 ​                ", "author": "热门搞笑排行榜", "time": "热门搞笑排行榜2019年12月26日11:55 来自微博weibo.com", "transmit": " 转发 288", "comment": "评论 222", "zan": " 793"}, {"text": "\n                    遥远的喵星有一个关于#日偏食#的古老传说：在天狗食日的那天，会有一只猫猫侠出现拯救世界……真相究竟如何？让我们的主角用#华为Mate30#Pro为你呈现~想看下集的点赞让我看到~ ​​​​ ​                ", "author": "华为终端官方微博", "time": "华为终端官方微博2019年12月26日19:00 来自微博weibo.com", "transmit": " 转发 46", "comment": "评论 108", "zan": " 756"}, {"text": "\n                    当代人所倾向的独居生活，远比想象中的忙碌和有趣。这源于社会对独身者越来越友好，也来自科技对独身者越来越关照。带上#华为智能助手#，相信2019年有多辛苦，2020就会有多甜。L华为终端云服务的秒拍视频 ​                ", "author": "思想聚焦", "time": "思想聚焦2019年12月26日16:25 来自微博weibo.com", "transmit": " 转发 79", "comment": "评论 144", "zan": " 781"}, {"text": "\n                    【华为针对华尔街日报报道的回复】1. 《华尔街日报》发表的这篇文章所依据的是错误的信息和拙劣的推理。 本文就华维尔是如何发展成今天这个样子作了一些粗浅的推测。然而，事实是，华为的成功是我们30年来在研发上的大量投资，我们对客户需求的关注，以及我们19万多名员工的奉献精神的结果。 这个 ​  展开全文c \n                    【华为针对华尔街日报报道的回复】1. 《华尔街日报》发表的这篇文章所依据的是错误的信息和拙劣的推理。 本文就华维尔是如何发展成今天这个样子作了一些粗浅的推测。然而，事实是，华为的成功是我们30年来在研发上的大量投资，我们对客户需求的关注，以及我们19万多名员工的奉献精神的结果。 这个《华尔街日报》是一个专业的媒体渠道，所以我们不得不质疑它发表这篇文章的动机和目的。2。 华为是一家由员工全资拥有的私营企业。在过去的30多年里，我们将年收入的10% 到15% 用于研发。 我们在过去十年中的研发投资总额接近730亿美元。 仅在2018年，我们的研发支出就达到了150亿美元，根据2018年欧盟工业研发投资记录显示，华为已经成为全球第五大研发支出企业。 这使得华为远远超过思科、诺基亚和爱立信，后者分别排在第25、27和43位。 从2009年到2019年，华为在5G 上已经花费了超过40亿美元。 这比来自美国和欧洲所有主要设备供应商的投资总和还多。 如此大规模的研发投资推动了华为的创新和发展，也是华为成功的关键因素。3。 华为与中国政府的关系与其它在中国运营的私营企业没有什么不同。 与其他在中国运营的科技公司一样，包括那些来自海外的公司，华为也得到了中国政府的一些政策支持。 但是我们从来没有得到任何额外的或特殊的待遇。 我们的营运资金主要来自我们自己的商业运作和外部融资，而不是政府补贴。 在过去的10年中，我们90% 的营运资金来自我们的业务运营。 华为的外部融资遵循所有的市场规则，我们的债务成本符合市场标准。4。 事实上，每一家在中国运营的科技公司，只要满足一定的条件，都有权从政府那里获得一定的补贴。 这包括来自国外的科技公司。 提供给科技公司的补贴主要用于支持研究项目。 华为和其他公司一样申请政府补贴。 正如文章本身所说，西方政府提供补贴以支持技术研究项目也很常见。 在过去的十年中，华为从国内外政府获得的研发补贴总额不到我们总收入的0.3% 。 在2018年，我们只收到了相当于年收入0.2% 的补贴。5. 最近，《华尔街日报》发表了一系列关于华为的虚伪和不负责任的文章。 这些文章严重损害了华为的声誉。 华为保留采取法律行动的权利，以保护我们的声誉。 收起全文d\n", "author": "买买提X", "time": "买买提X2019年12月26日20:17 来自微博weibo.com", "transmit": " 转发 215", "comment": "评论 25", "zan": " 656"}, {"text": "\n                    高原的美，让人无时无刻都想按下快门。这里是今年10月在西藏拍摄的4K延时摄影记录，分享给大家，希望即将到来的2020年，大家都能收获属于自己的绝美风景。原创背景音乐 by MöSS@华为手机 @华为终端官方微博 #华为Mate30# #Mate30重构想象# 巡礼喜马拉雅 | 一部手机的高原旅行  ​  展开全文c \n                    高原的美，让人无时无刻都想按下快门。这里是今年10月在西藏拍摄的4K延时摄影记录，分享给大家，希望即将到来的2020年，大家都能收获属于自己的绝美风景。原创背景音乐 by MöSS@华为手机 @华为终端官方微博 #华为Mate30# #Mate30重构想象# 巡礼喜马拉雅 | 一部手机的高原旅行 L原羚计划的微博视频 收起全文d\n", "author": "原羚计划", "time": "原羚计划2019年12月26日19:30 来自风景旅拍·视频社区", "transmit": " 转发 115", "comment": "评论 44", "zan": " 144"}, {"text": "\n                    今天下午，#华为#就“美国《华尔街日报》25日刊文宣称，华为公司从中国政府处得到750亿美元财政补贴，以助其崛起”一事发布严正声明。 ​                ", "author": "寰亚SYHP", "time": "寰亚SYHP2019年12月26日22:41", "transmit": " 转发 55", "comment": "评论 230", "zan": " 1224"}, {"text": "\n#新影像不止所见#手机影像艺术展，将近100人，如何在200块#华为MatePad#Pro上共同创作一幅新年插画？点击视频揭秘→ L华为MatePad ​                ", "author": "华为终端官方微博", "time": "华为终端官方微博2019年12月26日10:00 来自微博weibo.com", "transmit": " 转发 103", "comment": "评论 135", "zan": " 634"}, {"text": "\n#华为nova6#SE后置4800万AI四摄：广角、景深、高清三种模式各自出色，精彩记录轻舞飞扬的独特姿态 L华为终端官方微博的微博视频 ​                ", "author": "华为终端官方微博", "time": "华为终端官方微博2019年12月26日11:00 来自微博视频", "transmit": " 转发 45", "comment": "评论 97", "zan": " 909"}, {"text": "\n                    自拍脸比太阳大？夜景自拍看不清？手短拍不全？#百人自拍挑战#了解一下，100个人同时自拍，关键是还能清清楚楚看见每个人的脸，华为nova6前置105度超广角镜头厉害了！戳 O网页链接 立即拥有，赶紧逛京东get同款自拍神器！#京东小魔方# L京东手机通讯的秒拍视频 ​                ", "author": "留几手", "time": "留几手2019年12月26日21:05 来自微博weibo.com", "transmit": " 转发 440", "comment": "评论 381", "zan": " 935"}, {"text": "\n                    有一种风中凌乱叫你跑起来真好看！#只管去跑#每一公里，#华为WatchGT#2一路陪着你～  L华为终端官方微博的微博视频 ​                ", "author": "华为终端官方微博", "time": "华为终端官方微博2019年12月26日12:00 来自微博视频", "transmit": " 转发 34", "comment": "评论 58", "zan": " 833"}, {"text": "\n#京东小魔方#自拍一分钟，P图两小时。如果图上有100个人呢？？？ 华为nova 6带来前置105度超广角镜头+3200万自动对焦+人像超级夜景，即便有100个人也能分分钟拍出美照，不信戳视频！据说12月27日京东12期免息，戳 O网页链接  终于可以姐妹们来张大不一样的自拍了！ ​  展开全文c \n#京东小魔方#自拍一分钟，P图两小时。如果图上有100个人呢？？？ 华为nova 6带来前置105度超广角镜头+3200万自动对焦+人像超级夜景，即便有100个人也能分分钟拍出美照，不信戳视频！据说12月27日京东12期免息，戳 O网页链接  终于可以姐妹们来张大不一样的自拍了！#百人自拍挑战# L京东手机通讯的秒拍视频 收起全文d\n", "author": "鞭鞭于白水", "time": "鞭鞭于白水2019年12月26日20:25 来自微博weibo.com", "transmit": " 转发 106", "comment": "评论 176", "zan": " 964"}]