[{"text": "\n                    当每一刻的感动汇集成一句话，就有了我们共同的蜜语。很开心今天来到#华为nova4#发布会，期待再见。 ​                ", "author": "TFBOYS-易烊千玺", "time": "TFBOYS-易烊千玺2018年12月17日21:36 来自nova4自拍极点全面屏", "transmit": " 转发 100万+", "comment": "评论 100万+", "zan": " 857000"}, {"text": "\n                    温润少年与红色西装的碰撞，为寒冬附上一丝流彩。现场live清耳悦心，述说少年故事。与华为nova全球代言人@TFBOYS-易烊千玺 并肩同行，绽放极致态度#千玺在nova星等你#。 ​                ", "author": "易烊千玺JacksonYee工作室", "time": "易烊千玺JacksonYee工作室2018年12月17日19:43 来自易烊千玺超话", "transmit": " 转发 43898", "comment": "评论 11121", "zan": " 92169"}, {"text": "\n                    从初出茅庐的稚嫩到已入佳境的成熟，#华为nova4#与@TFBOYS-易烊千玺 都为引领新一代风潮而努力！ ​                ", "author": "余承东", "time": "余承东2018年12月17日18:41 来自华为Mate20保时捷设计", "transmit": " 转发 26702", "comment": "评论 1649", "zan": " 19977"}, {"text": "\n                    流光瞬息驹过隙，华为nova全球代言人@TFBOYS-易烊千玺  翩翩而来，窗边少年展露清俊之气，冬暄和畅是一抹炙热夺目的红，突破边界亦得无限可能。极致创新，卓尔不群#千玺在nova星等你# ，一会见。 ​直播链接：OHUAWEI nova 4 新品发布盛典 ​                ", "author": "易烊千玺JacksonYee工作室", "time": "易烊千玺JacksonYee工作室2018年12月17日14:33 来自易烊千玺超话", "transmit": " 转发 45242", "comment": "评论 13473", "zan": " 95063"}, {"text": "\n                    【#景区对华为手机用户免票#，律师解读：舍弃自己利益不侵害他人，法律上没问题】16日，河南沁阳，神农山风景区出台新政策，从12月16日到年底，景区对华为手机用户免门票。工作人员表示，此政策刚刚才出来。法律专家表示，不管是否是蹭热点，景区舍弃自己利益不侵害他人，法律不禁止。@一手Video  ​  展开全文c \n                    【#景区对华为手机用户免票#，律师解读：舍弃自己利益不侵害他人，法律上没问题】16日，河南沁阳，神农山风景区出台新政策，从12月16日到年底，景区对华为手机用户免门票。工作人员表示，此政策刚刚才出来。法律专家表示，不管是否是蹭热点，景区舍弃自己利益不侵害他人，法律不禁止。@一手Video L一手video的秒拍视频 收起全文d\n", "author": "Vista看天下", "time": "Vista看天下2018年12月17日12:08 来自微博weibo.com", "transmit": " 转发 1027", "comment": "评论 7017", "zan": " 7295"}, {"text": "\n#华为nova4#新品发布会将于今天13:30准时开始！点击观看，精彩不止一“点”。 华为终端官方微博的微博直播 . ​                ", "author": "华为终端官方微博", "time": "华为终端官方微博2018年12月17日13:00 来自微博网页版", "transmit": " 转发 61174", "comment": "评论 16871", "zan": " 59951"}, {"text": "\n                    【#景区对华为手机用户免票#，律师解读：舍弃自己利益不侵害他人，法律上没问题】16日，河南沁阳，神农山风景区出台新政策，从12月16日到年底，景区对华为手机用户免门票。工作人员表示，此政策刚出来。法律专家表示，不管是否是蹭热点，景区舍弃自己利益不侵害他人，法律不禁止。L一手video的秒拍视频 ​                ", "author": "头条新闻", "time": "头条新闻2018年12月17日14:45 来自微博weibo.com", "transmit": " 转发 721", "comment": "评论 1578", "zan": " 2823"}, {"text": "\n                    【景区推出#用华为手机享半价门票#新规，设专用窗口，游客：支持国货】近日，广东清远一景区推出新规，在12月13日至19日期间，游客凭华为手机现场购票，可获门票半价待遇；员工使用华为手机，父母可免票游玩。游客纷纷对此表示支持，“支持华为，支持国货”。@一手Video L一手video的秒拍视频 ​                ", "author": "梨视频", "time": "梨视频2018年12月17日17:03 来自微博weibo.com", "transmit": " 转发 461", "comment": "评论 1264", "zan": " 2198"}, {"text": "\n#华为nova4#已全部解锁，我们还为你准备了一份蜜语，来自HUAWEI nova全球代言人@TFBOYS-易烊千玺 ，你们听到了吗？ ​                ", "author": "华为终端官方微博", "time": "华为终端官方微博2018年12月17日17:18 来自微博weibo.com", "transmit": " 转发 15731", "comment": "评论 1577", "zan": " 10699"}, {"text": "\n                    看@TFBOYS-易烊千玺 实力种草#华为nova4#，一起解锁新视野，放大每一处细节，注定为不凡而生。转发发布会微博，我们将从转发量最高的发布会微博中抽取转发粉丝3名，各赠送华为nova4高配版手机1部（颜色随机） L华为终端官方微博的秒拍视频 ​                ", "author": "华为终端官方微博", "time": "华为终端官方微博2018年12月17日14:58 来自秒拍网页版", "transmit": " 转发 17454", "comment": "评论 3708", "zan": " 9703"}, {"text": "\n                    【#景区对华为手机用户免票#，律师解读：舍弃自己利益不侵害他人，法律上没问题】12月16日，河南沁阳，神农山风景区出台新政策，从12月16日到年底，景区对华为手机用户免门票。工作人员表示，此政策刚刚才出来。法律专家表示，不管是否是蹭热点，景区舍弃自己利益不侵害他人，法律不禁止。@一手Video  ​  展开全文c \n                    【#景区对华为手机用户免票#，律师解读：舍弃自己利益不侵害他人，法律上没问题】12月16日，河南沁阳，神农山风景区出台新政策，从12月16日到年底，景区对华为手机用户免门票。工作人员表示，此政策刚刚才出来。法律专家表示，不管是否是蹭热点，景区舍弃自己利益不侵害他人，法律不禁止。@一手Video L一手video的秒拍视频 收起全文d\n", "author": "新浪财经", "time": "新浪财经2018年12月17日13:05 来自专业版微博", "transmit": " 转发 172", "comment": "评论 944", "zan": " 1257"}, {"text": "\n华为首款自拍极点全面屏手机华为nova4今日长沙C位出道！华为消费者业务手机产品线总裁何刚详细解读“极点全面屏”，全面告别刘海时代，高配版4800万超广角三摄，看得更清、拍得更远、双倍视野更广、无惧暗光、自然景深；AI微塑美颜，能够智能识别七种脸型模型，新一代nova4拥有多重绚丽色彩搭配和超高 ​  展开全文c \n华为首款自拍极点全面屏手机华为nova4今日长沙C位出道！华为消费者业务手机产品线总裁何刚详细解读“极点全面屏”，全面告别刘海时代，高配版4800万超广角三摄，看得更清、拍得更远、双倍视野更广、无惧暗光、自然景深；AI微塑美颜，能够智能识别七种脸型模型，新一代nova4拥有多重绚丽色彩搭配和超高配置拍照水平，给力黑科技，值得更期待！华为nova品牌全球代言人易烊千玺参加发布会为nova4打call，分享使用心得，用手机录制暖心蜜语，火爆现场秒变千纸鹤海洋。@华为终端官方微博 收起全文d\n", "author": "时装LOFFICIEL", "time": "时装LOFFICIEL2018年12月17日19:21 来自微博weibo.com", "transmit": " 转发 13486", "comment": "评论 391", "zan": " 2887"}, {"text": "\n                    【蹭热点？#5A级景区对华为手机用户免票#，专家：舍弃自己利益，法律上没问题】12月16日，河南沁阳，神农山风景区出台新政策，从12月16日到年底，景区对华为手机用户免门票。工作人员表示，此政策刚刚才出来。法律专家表示，不管是否是蹭热点，景区舍弃自己利益不侵害他人，法律不禁止。 ​  展开全文c \n                    【蹭热点？#5A级景区对华为手机用户免票#，专家：舍弃自己利益，法律上没问题】12月16日，河南沁阳，神农山风景区出台新政策，从12月16日到年底，景区对华为手机用户免门票。工作人员表示，此政策刚刚才出来。法律专家表示，不管是否是蹭热点，景区舍弃自己利益不侵害他人，法律不禁止。#景区对华为手机用户免票# L一手video的秒拍视频 收起全文d\n", "author": "凤凰网财经", "time": "凤凰网财经2018年12月17日09:21 来自专业版微博", "transmit": " 转发 502", "comment": "评论 4565", "zan": " 4156"}, {"text": "\n易烊千玺#一心一意，易烊千玺# 华为发布会@TFBOYS-易烊千玺 ​                ", "author": "TheChans-易烊千玺个站", "time": "TheChans-易烊千玺个站2018年12月17日16:11 来自易烊千玺超话", "transmit": " 转发 1792", "comment": "评论 293", "zan": " 2261"}, {"text": "\n#Madame资讯# 2018年12月17日，@华为中国  正式发布新一代nova4系列手机，00后正能量高人气偶像@TFBOYS-易烊千玺 也出现在发布会现场，凭借极具张力的潮流色彩以及年轻人专属黑科技“极点全面屏”，HUAWEI nova4获得了在场无数nova星人的疯狂尖叫。在易烊千玺眼中，HUAWEI nova是一颗闪耀着光芒，时刻 ​  展开全文c \n#Madame资讯# 2018年12月17日，@华为中国  正式发布新一代nova4系列手机，00后正能量高人气偶像@TFBOYS-易烊千玺 也出现在发布会现场，凭借极具张力的潮流色彩以及年轻人专属黑科技“极点全面屏”，HUAWEI nova4获得了在场无数nova星人的疯狂尖叫。在易烊千玺眼中，HUAWEI nova是一颗闪耀着光芒，时刻给身边人传递正能量的新星，是自信、乐观、有活力的印记。他说，很开心每一个特殊时刻都有nova和粉丝的陪伴，并希望更多nova星人加入这个温暖的大家庭。@易烊千玺JacksonYee工作室 @易烊千玺后援会官博 易烊千玺 #易烊千玺十八岁成年亦乘风# 收起全文d\n", "author": "MadameFigaro中文版", "time": "MadameFigaro中文版2018年12月17日20:12 来自专业版微博", "transmit": " 转发 12983", "comment": "评论 274", "zan": " 1616"}, {"text": "\n#芭能御姐#易烊千玺 华为nova全球代言人@TFBOYS-易烊千玺 现身发布会现场，红色西装的耀眼，黑色内搭的沉稳，正如少年一直以来不断地成长与蜕变。你很重要，更为可贵。 ​                ", "author": "芭莎能量", "time": "芭莎能量2018年12月17日21:22 来自易烊千玺超话", "transmit": " 转发 7079", "comment": "评论 204", "zan": " 1125"}, {"text": "\n                    一切准备就绪，精彩即将呈现。现在和我们一起登陆nova星球，共同迎接#华为nova4#。【关注+转发发布会直播微博，从转发量最高一条微博中抽送一台#华为nova4#】 ​                ", "author": "华为终端云服务", "time": "华为终端云服务2018年12月17日13:00 来自微博weibo.com", "transmit": " 转发 13855", "comment": "评论 477", "zan": " 746"}, {"text": "\n                    【景区推出#用华为手机享半价门票#新规，设专用窗口，游客：支持国货】近日，广东清远一景区推出新规，在12月13日至19日期间，游客凭华为手机现场购票，可获门票半价待遇；员工使用华为手机，父母可免票游玩。游客纷纷对此表示支持，“支持华为，支持国货”。L一手video的秒拍视频 ​                ", "author": "新浪财经", "time": "新浪财经2018年12月17日17:09 来自微博weibo.com", "transmit": " 转发 170", "comment": "评论 663", "zan": " 567"}, {"text": "\n                    【蹭热点？5A级景区对华为手机用户免票 专家：舍弃自己利益，法律上没问题】12月16日，河南沁阳，神农山风景区出台新政策，从12月16日到年底，景区对华为手机用户免门票。工作人员表示，此政策刚刚才出来。法律专家表示，不管是否是蹭热点，景区舍弃自己利益不侵害他人，法律不禁止。 ​  展开全文c \n                    【蹭热点？5A级景区对华为手机用户免票 专家：舍弃自己利益，法律上没问题】12月16日，河南沁阳，神农山风景区出台新政策，从12月16日到年底，景区对华为手机用户免门票。工作人员表示，此政策刚刚才出来。法律专家表示，不管是否是蹭热点，景区舍弃自己利益不侵害他人，法律不禁止。L一手video的秒拍视频 收起全文d\n", "author": "新浪新闻", "time": "新浪新闻2018年12月17日11:44 来自专业版微博平台", "transmit": " 转发 82", "comment": "评论 345", "zan": " 415"}, {"text": "\n                    【河南一家5A级景区宣布：#华为手机用户免门票#】河南5A级景区神农山近日发布公告称，自2018年12月16日起至2018年12月29日止，对使用华为手机的游客执行免门票的价格政策，游客在景区云阳寨门岗出示华为、荣耀品牌手机且关注神农山微信公众号后可直接入园。（李金磊） ​                ", "author": "中国新闻网", "time": "中国新闻网2018年12月17日15:56 来自微博weibo.com", "transmit": " 转发 96", "comment": "评论 290", "zan": " 524"}, {"text": "\n                    选择困难了……华为新出的这个本子不错啊… ​                ", "author": "贰手艺术家", "time": "贰手艺术家2018年12月17日15:21", "transmit": " 转发 818", "comment": "评论 1794", "zan": " 5030"}, {"text": "\n@TFBOYS-易烊千玺 来到了#华为nova4# 现场，他说最喜欢的是红色，你们呢？2018微博之夜年度盛典燃炸来袭，想亲自去见易烊千玺 吗？应援打call就送微博之夜门票：O网页链接 ​                ", "author": "新浪手机", "time": "新浪手机2018年12月17日14:52", "transmit": " 转发 384", "comment": "评论 125", "zan": " 929"}, {"text": "\n#华为nova4#全部解锁完成！这里有一份蜜语已备好，它来自HUAWEI nova全球代言人@TFBOYS-易烊千玺 ，你们喜欢吗？易烊千玺 ​                ", "author": "华为商城", "time": "华为商城2018年12月17日17:38 来自微博weibo.com", "transmit": " 转发 15579", "comment": "评论 491", "zan": " 1868"}, {"text": "\n                    【景区对华为手机用户免票 律师解读：舍弃自己利益不侵害他人，法律上没问题】16日，河南沁阳，神农山风景区出台新政策，从12月16日到年底，景区对华为手机用户免门票。工作人员表示，此政策刚出来。法律专家表示，不管是否是蹭热点，景区舍弃自己利益不侵害他人，法律不禁止。L一手video的秒拍视频（梨 ​  展开全文c \n                    【景区对华为手机用户免票 律师解读：舍弃自己利益不侵害他人，法律上没问题】16日，河南沁阳，神农山风景区出台新政策，从12月16日到年底，景区对华为手机用户免门票。工作人员表示，此政策刚出来。法律专家表示，不管是否是蹭热点，景区舍弃自己利益不侵害他人，法律不禁止。L一手video的秒拍视频（梨视频） 收起全文d\n", "author": "新京报", "time": "新京报2018年12月17日15:08 来自微博weibo.com", "transmit": " 转发 133", "comment": "评论 392", "zan": " 241"}, {"text": "\n                    【无惧暗光，广纳视界】#华为nova4#全新升级三摄镜头，高配版：4800万高清广角镜头+1600万超广角镜头+200万虚化镜头，收获更广视野，主体更突出；硬件级HDR Pro支持实时预览，无论拍照或录像，时刻保持稳定亮度。更有华为便携照片打印机，精彩尽在掌间。【关注+带话题#华为nova4#转发任意直播微博 ​  展开全文c \n                    【无惧暗光，广纳视界】#华为nova4#全新升级三摄镜头，高配版：4800万高清广角镜头+1600万超广角镜头+200万虚化镜头，收获更广视野，主体更突出；硬件级HDR Pro支持实时预览，无论拍照或录像，时刻保持稳定亮度。更有华为便携照片打印机，精彩尽在掌间。【关注+带话题#华为nova4#转发任意直播微博，从转发量最高的一条中使用@微博抽奖平台 随机抽送1台华为nova 3 6GB+64GB（颜色随机）】[广告] 收起全文d\n", "author": "华为终端公司", "time": "华为终端公司2018年12月17日14:15 来自微博weibo.com", "transmit": " 转发 10476", "comment": "评论 341", "zan": " 579"}, {"text": "\n                    【景区推出#用华为手机享半价门票#新规，设专用窗口，游客：支持国货】近日，广东清远一景区推出新规，在12月13日至19日期间，游客凭华为手机现场购票，可获门票半价待遇；员工使用华为手机，父母可免票游玩。游客纷纷对此表示支持，“支持华为，支持国货”。@一手Video L一手video的秒拍视频 ​                ", "author": "Vista看天下", "time": "Vista看天下2018年12月17日17:27 来自微博weibo.com", "transmit": " 转发 50", "comment": "评论 245", "zan": " 219"}, {"text": "\n                    两家上市公司声援华为！ ​                ", "author": "侯宁", "time": "侯宁2018年12月17日11:01 来自HUAWEIMate20X", "transmit": " 转发 1412", "comment": "评论 2700", "zan": " 5155"}, {"text": "\n                    【智慧一点，全新科技】追求极致之美的#华为nova4#通过先进的技术和工艺，打造出里程碑意义的屏下“极点全面屏”，6.4英寸18：9全面屏，拥有更高屏占比；搭载行业最小前置摄像头，避免“刘海”设计带来的遮挡，打造真正意义的全面屏，整块屏幕浑然天成，毫无遮“栏”。【关注+带话题 ​  展开全文c \n                    【智慧一点，全新科技】追求极致之美的#华为nova4#通过先进的技术和工艺，打造出里程碑意义的屏下“极点全面屏”，6.4英寸18：9全面屏，拥有更高屏占比；搭载行业最小前置摄像头，避免“刘海”设计带来的遮挡，打造真正意义的全面屏，整块屏幕浑然天成，毫无遮“栏”。【关注+带话题#华为nova4#转发任意直播微博，从转发量最高的一条中使用@微博抽奖平台 随机抽送1台华为nova 3 6GB+64GB（颜色随机）】[广告] 收起全文d\n", "author": "华为终端公司", "time": "华为终端公司2018年12月17日13:57 来自微博weibo.com", "transmit": " 转发 10684", "comment": "评论 312", "zan": " 539"}, {"text": "\n#易烊千玺十八岁成年亦乘风# 181217 华为nova4发布会合集（见评论）————————————————————【官方图】※O网页链接 烊微博※O网页链接 工作室※O网页链接 工作室※O网页链接 华为官博【官方视频】※O网页链接 荣耀·全程 ​  展开全文c \n#易烊千玺十八岁成年亦乘风# 181217 华为nova4发布会合集（见评论）————————————————————【官方图】※O网页链接 烊微博※O网页链接 工作室※O网页链接 工作室※O网页链接 华为官博【官方视频】※O网页链接 荣耀·全程cut 20′46″※O网页链接 星闻揭秘（直播合集）※O网页链接 五行缺千（声音好好听）※O网页链接 五行缺千（等着哦）※O网页链接 海屿森麓（心动瞬间）【群访视频】※O网页链接 ZZZ栗（高清竖屏完整版）※L易烊千玺专访：拒绝秋裤请求 ————————————————————@TFBOYS-易烊千玺 K恒温动物  图cr.logo原博戳评论链接👇🏻（侵歉删） 收起全文d\n", "author": "B1128资源合集站_易烊千玺", "time": "B1128资源合集站_易烊千玺2018年12月17日18:40 来自易烊千玺超话", "transmit": " 转发 1378", "comment": "评论 252", "zan": " 865"}, {"text": "\n#华为nova4#自拍极点全面屏，引领全面屏新时代。首创屏幕盲孔方案，革命性地将镜头隐藏于液晶屏之下，打造行业内具有里程碑意义的“极点全面屏”——工业设计的极美之点，技术创新的极致之点，制造工艺的极限之点。【关注+转发发布会直播微博，从转发量最高一条微博中抽送一台#华为nova4#】 ​                ", "author": "华为终端云服务", "time": "华为终端云服务2018年12月17日14:12 来自微博weibo.com", "transmit": " 转发 13006", "comment": "评论 353", "zan": " 977"}]