[{"text": "\n                    Redmi刚刚宣布@UNIQ-王一博 成为Redmi红米代言人。看来红米又要圈一批粉了～ 和华为nova6 5G的代言人@TFBOYS-易烊千玺  你更pick谁～ 你更pick Redmi代言人还是华为nova代言人？ #王一博换手机# ​                ", "author": "新浪手机", "time": "新浪手机2019年12月03日10:09 来自微博weibo.com", "transmit": " 转发 6407", "comment": "评论 509", "zan": " 145383"}, {"text": "\n                    【马上评｜拒不道歉的华为：没有同理心，让人害怕】“你告去啊！”大概可以用这4个字，来概括公众等了整整一天的、华为对李洪元案的回应：没有道歉，不屑解释，不想沟通，实力掉粉，居高临下。的确，关押了李洪元251天的，是深圳司法机关。但是，深圳市司法机关已经通过国家赔偿的形式“认错”了。路上 ​  展开全文c \n                    【马上评｜拒不道歉的华为：没有同理心，让人害怕】“你告去啊！”大概可以用这4个字，来概括公众等了整整一天的、华为对李洪元案的回应：没有道歉，不屑解释，不想沟通，实力掉粉，居高临下。的确，关押了李洪元251天的，是深圳司法机关。但是，深圳市司法机关已经通过国家赔偿的形式“认错”了。路上踩到别人一脚，还要说声对不起，因为华为的举报，导致一个公民丧失人身自由，长达251天，于情、于理就不应该说声道歉吗？要明白，华为的举报是经生效法律文书确认的“失实”的举报。以华为之大，以华为之强，可以在法律范围内，让一个员工的生活天翻地覆。但是，能力越大，责任越大；狼性之外，还当有同理心和悲悯。#华为被拘前员工希望华为道歉#O马上评｜拒不道歉的华为：没有同理心，让人害怕 收起全文d\n", "author": "澎湃新闻", "time": "澎湃新闻2019年12月03日10:52 来自360安全浏览器", "transmit": " 转发 4398", "comment": "评论 16988", "zan": " 58900"}, {"text": "\n                    【#华春莹讽刺蓬佩奥好像祥林嫂#】近日，美国国务卿蓬佩奥称，华为涉嫌在一些国家从事间谍活动，特别点名窃取德国、英国等国的知识产权。对此，华春莹回应：鲁迅小说《祝福》中的祥林嫂，总是喋喋不休地唠叨着同样的话题。我看蓬佩奥先生现在的行为举止，非常像祥林嫂。只不过祥林嫂唠叨的是一些无害的 ​  展开全文c \n                    【#华春莹讽刺蓬佩奥好像祥林嫂#】近日，美国国务卿蓬佩奥称，华为涉嫌在一些国家从事间谍活动，特别点名窃取德国、英国等国的知识产权。对此，华春莹回应：鲁迅小说《祝福》中的祥林嫂，总是喋喋不休地唠叨着同样的话题。我看蓬佩奥先生现在的行为举止，非常像祥林嫂。只不过祥林嫂唠叨的是一些无害的废话，而蓬佩奥先生叨唠的，都是有毒的谎言。L央视新闻的微博视频 收起全文d\n", "author": "人民日报", "time": "人民日报2019年12月03日17:51 来自微博weibo.com", "transmit": " 转发 1707", "comment": "评论 2253", "zan": " 38768"}, {"text": "\n                    【华为前员工被拘251天风波 你支持事件中哪一方？】在华为工作13年的华为前员工李洪元因索要离职补偿，遭华为指控敲诈勒索，被羁押251天。最终因“犯罪事实不清、证据不足”被释放。这个事件，你支持其中哪一方？#华为前员工# #李洪元回应华为声明# #华为回应李洪元事件# 华为前员工被拘风波，你支持哪一方？  ​  展开全文c \n                    【华为前员工被拘251天风波 你支持事件中哪一方？】在华为工作13年的华为前员工李洪元因索要离职补偿，遭华为指控敲诈勒索，被羁押251天。最终因“犯罪事实不清、证据不足”被释放。这个事件，你支持其中哪一方？#华为前员工# #李洪元回应华为声明# #华为回应李洪元事件# 华为前员工被拘风波，你支持哪一方？ O华为前员工因离职赔偿遭251天拘留 收起全文d\n", "author": "凤凰网", "time": "凤凰网2019年12月03日10:29 来自微博weibo.com", "transmit": " 转发 354", "comment": "评论 1891", "zan": " 54599"}, {"text": "\n                    【关于“251”事件，华为应该自己来解释清楚】#马前卒施工队# #睡前消息# 首先，本期节目是【睡前消息】第50期，感谢各位同学对督工、蛋卷、施工队和观视频一直以来的支持，希望我们很快会在100期的时候再见面（催更暗示）！然后，蛋卷已经满血复活，之前看来纯粹就是吃太丰富了一点，之后我们会注 ​  展开全文c \n                    【关于“251”事件，华为应该自己来解释清楚】#马前卒施工队# #睡前消息# 首先，本期节目是【睡前消息】第50期，感谢各位同学对督工、蛋卷、施工队和观视频一直以来的支持，希望我们很快会在100期的时候再见面（催更暗示）！然后，蛋卷已经满血复活，之前看来纯粹就是吃太丰富了一点，之后我们会注意让它节制些……这一期除了作为第50期节目的特别回顾之外，还有一个大家都很关心的话题：华为“251”事件。其实小勺子上传过的许多视频里，尤其是2019这一年，就提到过许多次华为，并且绝大部分时候是正面意义的内容。华为确实做出了实打实的成绩，这使得华为在中国国内获得了许多支持者，并且这种支持并不普通，让华为在中国人心目中超越了一般企业的意义。既然获得了不普通的支持，那就更有必要重视这份信任的珍贵。无论“251”事件背后有什么真真假假，华为都是那个应该最先面对的，如果错了就承认，如果没错就更该解释清楚，不该不说话，更不能希望别人不说话。L观视频工作室的秒拍视频 收起全文d\n", "author": "观视频工作室", "time": "观视频工作室2019年12月03日22:23 来自原创短剧/短片·视频社区", "transmit": " 转发 7071", "comment": "评论 4616", "zan": " 40570"}, {"text": "\n                    我相信的李洪元事件真相1. 李洪元离职，正常补偿是n+1，他有人力资源主管何某的把柄。于是就威胁揭发（泄露公司机密），要了2n的补偿。何某个人出资以免他揭发，由秘书周某个人转账。2. 何某最后还是事发了，动用了公司印章，被华为处罚。但是李洪元全身而退，华为觉得要告他，所以离职9个月过后来 ​  展开全文c \n                    我相信的李洪元事件真相1. 李洪元离职，正常补偿是n+1，他有人力资源主管何某的把柄。于是就威胁揭发（泄露公司机密），要了2n的补偿。何某个人出资以免他揭发，由秘书周某个人转账。2. 何某最后还是事发了，动用了公司印章，被华为处罚。但是李洪元全身而退，华为觉得要告他，所以离职9个月过后来告。3. 告来告去证据不足，因为私人转账不代表就是他敲诈了。也不能说就是威胁泄露公司机密，没有证据。4. 我个人相信事件真相如此，很多事能解释。没有足够证据，关起来没法起诉，但是华为和深圳警方又相信他真做了，于是一直想找办法起诉。最后还是证据不足。5. 李洪元也知道不能深究，所以就要求不要炒大。他的态度很明显，不是完全无辜理直气壮要巨额赔偿，而是“证据不足要把我放出来”。 收起全文d\n", "author": "风云学会陈经", "time": "风云学会陈经2019年12月03日13:54 来自小米9", "transmit": " 转发 1209", "comment": "评论 5422", "zan": " 33872"}, {"text": "\n#漫的片# 漫姐@陈漫ChenMan 掌镜@TFBOYS-易烊千玺 x 华为NOVA6 广告大片高清大图和微博开屏来啦～ ​                ", "author": "studiosix", "time": "studiosix2019年12月03日12:54 来自微博weibo.com", "transmit": " 转发 21418", "comment": "评论 1710", "zan": " 9904"}, {"text": "\n                    【#华春莹说蓬佩奥好像祥林嫂#】近日，美国国务卿蓬佩奥称，华为涉嫌在一些国家从事间谍活动，特别点名窃取德国、英国等国的知识产权。对此，华春莹回应：鲁迅小说《祝福》中的祥林嫂，总是喋喋不休地唠叨着同样的话题。我看蓬佩奥先生现在的行为举止，非常像祥林嫂。只不过祥林嫂唠叨的是一些无害的废 ​  展开全文c \n                    【#华春莹说蓬佩奥好像祥林嫂#】近日，美国国务卿蓬佩奥称，华为涉嫌在一些国家从事间谍活动，特别点名窃取德国、英国等国的知识产权。对此，华春莹回应：鲁迅小说《祝福》中的祥林嫂，总是喋喋不休地唠叨着同样的话题。我看蓬佩奥先生现在的行为举止，非常像祥林嫂。只不过祥林嫂唠叨的是一些无害的废话，而蓬佩奥先生叨唠的，都是有毒的谎言。 L央视新闻的微博视频 via央视 收起全文d\n", "author": "环球网", "time": "环球网2019年12月03日17:15", "transmit": " 转发 1694", "comment": "评论 750", "zan": " 11244"}, {"text": "\n#胡侃# 华为既非之前一些人捧的神，也非李洪元事件后一些人骂的鬼。我主张将华为看成一个了不起、但同时又是复杂的公司。毕竟十几万人啊，管理出它的战斗力来，殊为不易。我同意对华为声明“缺少温度”的批评，希望华为能听得进批评。同时我依然祝福华为继续强大、成功。 L胡锡进的微博视频 ​                ", "author": "胡锡进", "time": "胡锡进2019年12月03日22:44 来自法律·视频社区", "transmit": " 转发 1188", "comment": "评论 7065", "zan": " 36920"}, {"text": "\n                    【任正非：#华为研发中心将从美国迁至加拿大#】12月2日，加拿大《环球邮报》发布了对正非的访问。任正非表示，按照美国制裁的禁令，我们不能和美国自己的员工沟通。我们北美没有市场，总部还是在墨西哥，但将会把位于美国的研发中心移至加拿大。 另外，#华为计划在欧洲生产部分5G设备#，以缓解外界对美 ​  展开全文c \n                    【任正非：#华为研发中心将从美国迁至加拿大#】12月2日，加拿大《环球邮报》发布了对正非的访问。任正非表示，按照美国制裁的禁令，我们不能和美国自己的员工沟通。我们北美没有市场，总部还是在墨西哥，但将会把位于美国的研发中心移至加拿大。 另外，#华为计划在欧洲生产部分5G设备#，以缓解外界对美国所谓“安全问题”引发的担忧。L老板联播的微博视频 收起全文d\n", "author": "深蓝财经", "time": "深蓝财经2019年12月03日17:48 来自财经·视频社区", "transmit": " 转发 532", "comment": "评论 8051", "zan": " 85138"}, {"text": "\n                    【澎湃新闻评拒不道歉的华为：没有同理心，让人害怕】华为的巨轮轰隆隆碾过，却不屑向被压倒的小草说一声道歉！于是，所有小草都生气了。再大的企业，也是由一个个劳动者组成的；再大的道德光环，也不能侵蚀一个公民的尊严和人身自由。（澎湃新闻） O澎湃新闻评拒不道歉的华为：没有同理心，让人害怕 ​                ", "author": "头条新闻", "time": "头条新闻2019年12月03日07:12 来自微博weibo.com", "transmit": " 转发 3855", "comment": "评论 2644", "zan": " 8699"}, {"text": "\n                    #李洪元回应华为声明#感谢各位朋友、同行对这几日华为员工因涉嫌敲诈勒索罪最终获得不起诉决定这一案件的持续关注，谢连喜主任及本人作为辩护人对本次事件做如下几点声明。 第一，本次案件的不起诉决定本身证明了我国目前法治建设的进步，为保护我国公民的合法权益，我国的司法机关不会因为报案人的社 ​  展开全文c \n                    #李洪元回应华为声明#感谢各位朋友、同行对这几日华为员工因涉嫌敲诈勒索罪最终获得不起诉决定这一案件的持续关注，谢连喜主任及本人作为辩护人对本次事件做如下几点声明。 第一，本次案件的不起诉决定本身证明了我国目前法治建设的进步，为保护我国公民的合法权益，我国的司法机关不会因为报案人的社会地位以及经济实力进行评判，而是坚决以事实为依据，以法律为准绳进行公正的司法。第二，不需要因为本次事件就对我们的民族产业进行道德上的攻击，任何企业都在成长，都会出现不尽人意之处，关注、监督是好的方式，以偏概全的攻击则应禁止。第三，辩护人在办理案件过程中也是坚决以事实为依据，以法律为准绳去对案件进行细致分析、客观评判、大胆假设、小心求证的发表法律意见，这也是得益于深圳良好的司法环境以及深圳律协对刑事律师的支持与保护。 收起全文d\n", "author": "意本谢连喜律师", "time": "意本谢连喜律师2019年12月03日08:51 来自HUAWEIMate20", "transmit": " 转发 1249", "comment": "评论 2631", "zan": " 8083"}, {"text": "\n                    #李洪元让大家冷静冷静#【#李洪元回应华为声明#：大家看看先，我听全国人民的】“大家看看先，我听全国人民的。”12月2日晚间，在看到华为官方的正式回应后，华为前员工李洪元对第一财经记者如是说。在当天傍晚，面对网络上的发酵，李洪元曾对记者说：“冷静冷静吧。”O李洪元回应华为声明：大家看看先，我听全国人民的    ​  展开全文c \n                    #李洪元让大家冷静冷静#【#李洪元回应华为声明#：大家看看先，我听全国人民的】“大家看看先，我听全国人民的。”12月2日晚间，在看到华为官方的正式回应后，华为前员工李洪元对第一财经记者如是说。在当天傍晚，面对网络上的发酵，李洪元曾对记者说：“冷静冷静吧。”O李洪元回应华为声明：大家看看先，我听全国人民的   #华为前员工##华为前员工被拘251天##华为回应前员工被拘251天# #华为支持李洪元运用法律武器维权# 华为前员工事件，你有什么看法？ 收起全文d\n", "author": "沈阳晚报", "time": "沈阳晚报2019年12月03日08:37 来自HUAWEIMate30Pro5G", "transmit": " 转发 66", "comment": "评论 973", "zan": " 17952"}, {"text": "\n华为的声明受到诟病。它把李洪元事件当成了纯法律官司，它的声明从法律角度看无懈可击。但是它没有对公众的情绪进行有温度的回应，不能不说，华为这次输了“情”。可以理解的是，华为是个有十几万员工的大公司，其管理的难度是惊人的。华为推行管理的标准化，一切按公司制度和法律来。它处理李洪元事 ​  展开全文c \n华为的声明受到诟病。它把李洪元事件当成了纯法律官司，它的声明从法律角度看无懈可击。但是它没有对公众的情绪进行有温度的回应，不能不说，华为这次输了“情”。可以理解的是，华为是个有十几万员工的大公司，其管理的难度是惊人的。华为推行管理的标准化，一切按公司制度和法律来。它处理李洪元事件遵循的就是公司通常的治理逻辑，而没有给围绕这件事形成的大规模社会态度予以特别照顾。 华为认为，他们举报涉嫌违法的行为没有错，关了李洪元251天，后来又释放他并给予国家赔偿，这是华为无法影响的司法过程，对错都是司法机关的事，要由后者承担责任。华为的逻辑从法律上说站得住脚，它拒绝与李洪元进一步“私了”和向公众的不满情绪妥协，就是要维护法律和规则作为华为处理各种危机的主线，它不想让情感来主导这一切。 或许超级大公司都倾向于奉行这种原则，因为法律和规则的确定性高，而情感却可能是双刃剑。华为能走到今天，与它每年都投巨资来加强公司的制度化治理，大量吸取国际跨国公司的管理经验，显然是有关的。 然而华为生活在社会里，而且首先生活在中国社会中，人们对华为的支持和喜爱，有很大一部分已经转换为“情”。李洪元事件存在错误拘押251天的硬伤，而华为又处在这个悲剧的源头位置，从情的角度看，在公众对此事严重不满并且同情一名弱者的时候，华为仅仅从法律的角度将自己与它报案之后在司法程序中出现的悲剧断然切割，这在舆论场上无论如何都是让人遗憾的。 华为至少应当在出现如此大规模舆情的情况下，在坚持“法”的情况下，向公众做更深入说明，与“情”做一个积极的沟通，它们的中间地带应当是“理”。如果华为在这个时候退缩到“法”的防线之后，它就可能丢掉“理”的大片回旋空间，对它是不利的。 客观说，因为华为太有名、太树大招风了，几乎吸引了公众围绕李洪元事件的全部注意力，这影响了大家开展更全面的探讨和反思。老胡认为，这件事更值得反思的是我们的司法程序。一个人被拘留后，不是重罪，能否更多地采取保释制度，在调查期间允许其取保候审呢？那样的话，李洪元就不至于在证据不足的情况下被关押那么多天。老胡希望，法律专家多出来说话，我们需要更加实实在在的经验总结和进步。 这件事情肯定会对华为的形象造成一定影响，华为应当将此案作为一个教训来总结。同时老胡还是呼吁，大家不要过度将此事上纲上线。中国只有一个华为，它有长处，也有弱点，或许我们应当接受一个“复杂的华为”。我的希望是，华为在各种挑战和批评中能够继续前行。 收起全文d\n", "author": "胡锡进", "time": "胡锡进2019年12月03日14:13 来自HUAWEIP30Pro", "transmit": " 转发 2955", "comment": "评论 9571", "zan": " 50468"}, {"text": "\n                    【#华春莹说蓬佩奥像祥林嫂#】近日，美国国务卿蓬佩奥称，华为涉嫌在一些国家从事间谍活动。对此，华春莹回应：鲁迅小说《祝福》中的祥林嫂，总是喋喋不休地唠叨着同样的话题。我看蓬佩奥先生现在的行为举止，非常像祥林嫂。只不过祥林嫂唠叨的是一些无害的废话，而蓬佩奥先生叨唠的，都是有毒的谎言。 ​  展开全文c \n                    【#华春莹说蓬佩奥像祥林嫂#】近日，美国国务卿蓬佩奥称，华为涉嫌在一些国家从事间谍活动。对此，华春莹回应：鲁迅小说《祝福》中的祥林嫂，总是喋喋不休地唠叨着同样的话题。我看蓬佩奥先生现在的行为举止，非常像祥林嫂。只不过祥林嫂唠叨的是一些无害的废话，而蓬佩奥先生叨唠的，都是有毒的谎言。@央视新闻 L央视新闻的微博视频 收起全文d\n", "author": "人民网", "time": "人民网2019年12月03日17:27 来自微博weibo.com", "transmit": " 转发 892", "comment": "评论 842", "zan": " 5178"}, {"text": "\n                    【华春莹:蓬佩奥先生现在的行为举止，非常像祥林嫂】近日，美国国务卿蓬佩奥称，华为涉嫌在一些国家从事间谍活动，特别点名窃取德国、英国等国的知识产权。对此，华春莹回应：鲁迅小说《祝福》中的祥林嫂，总是喋喋不休地唠叨着同样的话题。我看蓬佩奥先生现在的行为举止，非常像祥林嫂。只不过祥林嫂 ​  展开全文c \n                    【华春莹:蓬佩奥先生现在的行为举止，非常像祥林嫂】近日，美国国务卿蓬佩奥称，华为涉嫌在一些国家从事间谍活动，特别点名窃取德国、英国等国的知识产权。对此，华春莹回应：鲁迅小说《祝福》中的祥林嫂，总是喋喋不休地唠叨着同样的话题。我看蓬佩奥先生现在的行为举止，非常像祥林嫂。只不过祥林嫂唠叨的是一些无害的废话，而蓬佩奥先生叨唠的，都是有毒的谎言。L央视新闻的微博视频 收起全文d\n", "author": "环球时报", "time": "环球时报2019年12月03日17:50 来自微博weibo.com", "transmit": " 转发 412", "comment": "评论 546", "zan": " 9222"}, {"text": "\n#华为nova6# #千玺在nova星等你# 每次宣传照都特别特别帅！想看高清图 L你是有多性感的微博视频 易烊千玺 ​                ", "author": "你是有多性感", "time": "你是有多性感2019年12月03日10:16", "transmit": " 转发 3501", "comment": "评论 434", "zan": " 3644"}, {"text": "\n                    【#丁磊经常学习华为管理方法#：我早就看到他们很厉害了，他们是真枪实弹的能力】2018年，网易公司创始人丁磊在@吴晓波 《十年二十人》节目中谈到华为时表示，2000年的时候就觉得华为很厉害，“那时经常看华为内部的材料，跟他们学习管理方法。我自己做通信行业出身，我知道他们的能力是真枪实 ​  展开全文c \n                    【#丁磊经常学习华为管理方法#：我早就看到他们很厉害了，他们是真枪实弹的能力】2018年，网易公司创始人丁磊在@吴晓波 《十年二十人》节目中谈到华为时表示，2000年的时候就觉得华为很厉害，“那时经常看华为内部的材料，跟他们学习管理方法。我自己做通信行业出身，我知道他们的能力是真枪实弹的能力，全球部署通信网络的能力。”O丁磊怒赞华为：我早就看到很厉害了，他们是真枪实弹 收起全文d\n", "author": "凤凰网科技", "time": "凤凰网科技2019年12月03日16:41 来自微博weibo.com", "transmit": " 转发 387", "comment": "评论 182", "zan": " 2605"}, {"text": "\n                    跟大家分享一个华为这次事件的瓜：    有博主表示在华为李洪元251事件之后他经历了三件事情：【一】立刻有境外媒体联系他，希望他能够做一个华为做过什么恶的名单，然后……【二】他有一个朋友是国内某大型网站的编辑，在这件事情发生之后，他们网站发现，在某一个时间点，有大量新号注册，以重复的 ​  展开全文c \n                    跟大家分享一个华为这次事件的瓜：    有博主表示在华为李洪元251事件之后他经历了三件事情：【一】立刻有境外媒体联系他，希望他能够做一个华为做过什么恶的名单，然后……【二】他有一个朋友是国内某大型网站的编辑，在这件事情发生之后，他们网站发现，在某一个时间点，有大量新号注册，以重复的相似的文案在各个新闻下面刷251以及华为的负面……【三】知乎上有人故意带节奏，并且很严重……    详细的大家可以去找一下这个视频看，我不发表过多的言论，大家理性吃瓜就行#华为研发中心将从美国迁至加拿大# 收起全文d\n", "author": "长安数码君", "time": "长安数码君2019年12月03日19:52 来自荣耀V30PRO5G", "transmit": " 转发 302", "comment": "评论 974", "zan": " 4890"}, {"text": "\n                    【澎湃评论：#拒不道歉的华为没有同理心# 让人害怕】12月2日晚间，华为针对前员工李洪元事件发布回应称#华为支持李洪元运用法律武器维权#：“华为有权利，也有义务，并基于事实对于涉嫌违法的行为向司法机关举报。”“我们尊重司法机关，包括公安、检察院和法院的决定。如果李洪元认为他的权益受到了损 ​  展开全文c \n                    【澎湃评论：#拒不道歉的华为没有同理心# 让人害怕】12月2日晚间，华为针对前员工李洪元事件发布回应称#华为支持李洪元运用法律武器维权#：“华为有权利，也有义务，并基于事实对于涉嫌违法的行为向司法机关举报。”“我们尊重司法机关，包括公安、检察院和法院的决定。如果李洪元认为他的权益受到了损害，我们支持他运用法律武器维护自己的权益，包括起诉华为。”对此，@澎湃新闻 发表评论称，“华为对李洪元案的回应没有道歉，不屑解释，不想沟通，实力掉粉，居高临下”，“拒不道歉的华为没有同理心，让人害怕”。O澎湃评论：拒不道歉的华为没有同理心 让人害怕 收起全文d\n", "author": "凤凰网财经", "time": "凤凰网财经2019年12月03日00:04 来自微博weibo.com", "transmit": " 转发 811", "comment": "评论 3130", "zan": " 21367"}, {"text": "\n                    【火力全开！#华春莹花式怼蓬佩奥#】“蓬佩奥的作为非常像祥林嫂。” “他们装睡不爱听，我们也没有办法！”“我们这些三观正常的人，还有什么话可以说？” 华春莹金句频出回应美国国务卿蓬佩奥对华为涉嫌在一些国家从事间谍活动的不实指控。（记者 周瑾 孟哲）L中报视频的秒拍视频 ​                ", "author": "中国日报", "time": "中国日报2019年12月03日18:00 来自微博weibo.com", "transmit": " 转发 467", "comment": "评论 593", "zan": " 4772"}, {"text": "\n                    灵动变幻的蓝，如海一般蕴含无限想象。#华为nova6#系列5G新品发布会，倒计时2天！#自拍大不一样# ​                ", "author": "华为终端官方微博", "time": "华为终端官方微博2019年12月03日10:30 来自微博weibo.com", "transmit": " 转发 24229", "comment": "评论 2099", "zan": " 10641"}, {"text": "\n                    滚！炒作你妹啊！不要绑架全国人民！你爱起诉不起诉，关全国人民屌事？全国人民是你爷爷奶奶？ #华为支持李洪元运用法律武器维权# 牢厂都出来了，这群吃狗粮的吃相真难看 ​                ", "author": "无为李爷", "time": "无为李爷2019年12月03日08:12 来自HUAWEIP10Plus", "transmit": " 转发 1057", "comment": "评论 1484", "zan": " 10471"}, {"text": "\n                    【任正非：#华为研发中心将从美国迁至加拿大# 】3日，华为创始人任正非在接受加拿大媒体《环球邮报》采访时表示，因为华为目前和美国员工不能打电话、不能发邮件、不能接触，这样的话美国的发展就受到了阻碍，所以华为计划将其研发中心从美国转移至加拿大。你认为华为的研发能力会越来越强吗？ ​  展开全文c \n                    【任正非：#华为研发中心将从美国迁至加拿大# 】3日，华为创始人任正非在接受加拿大媒体《环球邮报》采访时表示，因为华为目前和美国员工不能打电话、不能发邮件、不能接触，这样的话美国的发展就受到了阻碍，所以华为计划将其研发中心从美国转移至加拿大。你认为华为的研发能力会越来越强吗？L财联社CC新闻的微博视频 ​ 收起全文d\n", "author": "工业科技迷", "time": "工业科技迷2019年12月03日17:47 来自财经·视频社区", "transmit": " 转发 281", "comment": "评论 1962", "zan": " 8915"}, {"text": "\n                    我一个朋友分享给我的帖子，他是华为前员工，离职时18级，他说这个帖子值得看看。我拜读了一下，感觉逻辑说的很通顺，有一定可信度。既然当事人什么也不说，只能通过这种方式侧面了解了。一家之言，权当参考。 ​                ", "author": "股社区", "time": "股社区2019年12月03日15:37 来自NEX35G", "transmit": " 转发 1014", "comment": "评论 2027", "zan": " 12404"}, {"text": "\n                    【李洪元再回应：中午火车离开深圳回老家 不敢在深圳待着】“现在不敢在深圳待了，已经买了票正在收拾东西准备回老家。”华为前员工李洪元对腾讯新闻透露，在看到华为昨天的回应后，以及如今舆情汹涌，他认为回老家最妥当。此前李洪元被起诉敲诈勒索，羁押251天后因证据不足被释放O一线 | 李洪元再回应：中午火车离开深圳回老家 不敢在深圳待着 ​                ", "author": "界面新闻", "time": "界面新闻2019年12月03日09:49 来自微博weibo.com", "transmit": " 转发 891", "comment": "评论 5641", "zan": " 38444"}, {"text": "\n                    已经被删的一篇龙岗看守所体验，现在回头看当中关于华为的描写，就显得意味深长了 ​                ", "author": "休城社会闲散人士", "time": "休城社会闲散人士2019年12月03日07:50 来自iPhone", "transmit": " 转发 3380", "comment": "评论 242", "zan": " 9278"}, {"text": "\n                    进去251天，这个胖子瘦了30斤。 O兽爷丨大象踩了他一脚 ​                ", "author": "兽爷", "time": "兽爷2019年12月03日23:36 来自微博weibo.com", "transmit": " 转发 2076", "comment": "评论 669", "zan": " 8412"}, {"text": "\n华为报警处理纠纷，错在哪了？依法报警，这恰恰是我们倡导的法治精神呀？如果说，连报警都是错的，那么媒体的法治精神在哪里？如此口诛笔伐，恐怕不是为了什么正义吧！华为遇到问题，报警处理，这不是问题，这也是正常的处理问题方法，依法处理，走法律途径，这也是中国法治社会的必然要求，每个单 ​  展开全文c \n华为报警处理纠纷，错在哪了？依法报警，这恰恰是我们倡导的法治精神呀？如果说，连报警都是错的，那么媒体的法治精神在哪里？如此口诛笔伐，恐怕不是为了什么正义吧！华为遇到问题，报警处理，这不是问题，这也是正常的处理问题方法，依法处理，走法律途径，这也是中国法治社会的必然要求，每个单位，每个个人，每个媒体，都要有这种理念，不要无知无畏做法盲。像华为补偿纠纷，就三个方法：第一，协商，双方讨价还价，达成一致，这是最理想的结果。第二，诉讼，李某如果不服，而华为不增加补偿，那么最佳做法是，李某当原告，华为当被告，让法院来裁决。第三，现在问题是，双方协商不成，李某又不去起诉，还总找华为沟通，作为华为怎么办？只能报警，这是没有问题的。如果华为作伪证，那么可以追究华为的法律责任，这是另外一个话题，也需要证据，如果华为仅仅是根据事实，依法报警，那么华为的责任在哪？我是一点都看不出来，而且我认为华为做的是对的。对于涉嫌违法行为，就应该报警，这也是公民法人该尽的义务。至于251天问题，这不是华为造成的，是执法层面的问题，是公安局和检察院的办案问题，所以国家赔偿也跟华为无关，公安局检察院又不是华为的保卫处，这点道理澎湃还不明白吗？所以，澎湃新闻的评论纯属法盲＋无赖，无知＋无耻。碰瓷华为，澎湃第一！#以案说法##必知法律常识##微博法律大讲堂##华为前员工被拘251天##华为回应前员工被拘251天##华为回应前员工李洪元被拘251天# 收起全文d\n", "author": "韩东言", "time": "韩东言2019年12月03日13:09 来自HUAWEIMate20X", "transmit": " 转发 331", "comment": "评论 2415", "zan": " 8026"}, {"text": "\n                    我并不讨厌华为，甚至我还买过华为的产品（路由器）质量不错。之所以我不用华为手机是因为我用了十年iOS系统，我已不适应别的系统了，跟国货洋货半毛钱关系都没有，我是一个现代国际化社会里一个平凡而自由的消费者，我不是义和团骨干，仅此而已。但我反感华为企业形象里弥漫着浓重的政治气息和所谓红 ​  展开全文c \n                    我并不讨厌华为，甚至我还买过华为的产品（路由器）质量不错。之所以我不用华为手机是因为我用了十年iOS系统，我已不适应别的系统了，跟国货洋货半毛钱关系都没有，我是一个现代国际化社会里一个平凡而自由的消费者，我不是义和团骨干，仅此而已。但我反感华为企业形象里弥漫着浓重的政治气息和所谓红色血统，这是企业刻意经营的效果？还是粉红群众一厢情愿献给华为的热情呢？我认为两者皆而有之，它们在互相利用，最终也注定互相损害……那些平时里高喊『不买华为不爱国』教牙牙学语的孩子唱《华为美》的愚蠢败类和今天对华为粉转黑扬言『失望，我再也不买华为了』的人应该是同一群人，我想和这群空虚寂寞…想必在现实生活中极度缺乏存在感的这群粉蛆们说句实在话『科技是为全人类服务的，科技本身没有国界。购买科技产品我们只需要看性能质量和性价比就足够了，没必要戏那么足。历史一次次的印证，样板戏唱多了必遭清算反噬，无论是人还是企业。不信您搜搜…曾经那些个根正苗红呼风唤雨的权利弄潮儿最终下场又如何？更何况您只是一根荒郊野地里的烂韭菜苗，躲在键盘后面嘚瑟什么啊？唱这出儿…轮得着你么？』 收起全文d\n", "author": "夏河", "time": "夏河2019年12月03日15:53 来自iPhone11ProMax", "transmit": " 转发 1520", "comment": "评论 877", "zan": " 9813"}]