[{"text": "\n                    据统计，目前明确表示选择华为5G设备的欧洲国家或地区有英国、法国、德国、挪威、意大利、摩纳哥、西班牙、瑞士、爱尔兰、葡萄牙、荷兰、芬兰、希腊、塞浦路斯、奥地利、罗马尼亚、匈牙利、土耳其、瑞典、俄罗斯和塞尔维亚，也就是说，#超20个欧洲国家选择华为5G设备#，该信息也得到华为欧洲的确认。  ​  展开全文c \n                    据统计，目前明确表示选择华为5G设备的欧洲国家或地区有英国、法国、德国、挪威、意大利、摩纳哥、西班牙、瑞士、爱尔兰、葡萄牙、荷兰、芬兰、希腊、塞浦路斯、奥地利、罗马尼亚、匈牙利、土耳其、瑞典、俄罗斯和塞尔维亚，也就是说，#超20个欧洲国家选择华为5G设备#，该信息也得到华为欧洲的确认。 ​​​ 你会选择哪个品牌的5G手机？ 收起全文d\n", "author": "微博科技", "time": "微博科技2019年12月15日19:52 来自iPhone客户端", "transmit": " 转发 148", "comment": "评论 181", "zan": " 23631"}, {"text": "\n华为任正非的小女儿姚安娜今年21岁，出生于中国云南，英文名Annebel Yao，先后拥有香港户籍与美国国籍，哈佛大学在读。作为老任家的二公主，姚安娜出生就是比别人起点高，无论家世、地位，人脉资源都是顶级的。 ​​​                ", "author": "TheLancet-Vivian", "time": "TheLancet-Vivian2019年12月15日08:58 来自言已iPhone11ProMax", "transmit": " 转发 886", "comment": "评论 2384", "zan": " 12946"}, {"text": "\n                    他们张扬个性，忠于自我，不受束缚敢作敢为；他们爱玩会玩，是各自圈层的大神；他们善用科技赋能自我，科技是他们的信仰，他们将在5G时代拖着世界往前走，他们就是“荣耀青年”。回顾2019，澎湃新闻联合@荣耀HONOR ，在年轻人热爱的各个领域中，评选出最耀眼的“2019年度十大荣耀青年”， ​  展开全文c \n                    他们张扬个性，忠于自我，不受束缚敢作敢为；他们爱玩会玩，是各自圈层的大神；他们善用科技赋能自我，科技是他们的信仰，他们将在5G时代拖着世界往前走，他们就是“荣耀青年”。回顾2019，澎湃新闻联合@荣耀HONOR ，在年轻人热爱的各个领域中，评选出最耀眼的“2019年度十大荣耀青年”，#荣耀青年 世界因你而闪耀#，他们到底是谁？ 收起全文d\n", "author": "澎湃新闻", "time": "澎湃新闻2019年12月15日14:28 来自微博weibo.com", "transmit": " 转发 1034", "comment": "评论 77", "zan": " 214"}, {"text": "\n                    今天很多人@我希望我评论一下，简单说几句:1.当一个人认为是中国的社会文化和结构出了“问题”的时候，一定是他自己脑袋出了“问题；2.以发达国家来“例证”本身就是缺乏民族自信的表现，况且“发达\"国家出现了沃尔玛，宜家，Costco, 优衣库这些公司和品牌，全球受益；3.小米有没有钱做研发，看 ​  展开全文c \n                    今天很多人@我希望我评论一下，简单说几句:1.当一个人认为是中国的社会文化和结构出了“问题”的时候，一定是他自己脑袋出了“问题；2.以发达国家来“例证”本身就是缺乏民族自信的表现，况且“发达\"国家出现了沃尔玛，宜家，Costco, 优衣库这些公司和品牌，全球受益；3.小米有没有钱做研发，看看小米财报就可以（关键要会读）。小米的员工很多来自全球一流高校的人才，没有高薪吸引不来；4. 我深度研究了华为的发展路径，熟读任总讲话以及任总在不同阶段关于手机终端的战略讲话，华为是中国企业“低价”战略的榜样，并且双11智能手机最低价399也是友商某型号。最后提醒，“谬论”通篇全部是逗号，只有一个问号，连句号都没有。建议还是先回小学学好语文，回中学学学逻辑再出来发表“大论”为宜，否则就有点丢人现眼了。 收起全文d\n", "author": "卢伟冰", "time": "卢伟冰2019年12月15日14:50 来自RedmiK30全速热爱", "transmit": " 转发 1172", "comment": "评论 3522", "zan": " 24728"}, {"text": "\n华为Mate 30Pro VS iPhone8 Plus 和平精英打开速度对比，华为Mate 30Pro完胜！视频来源某音 L搞机小罗的微博视频 ​                ", "author": "搞机小罗", "time": "搞机小罗2019年12月15日11:54", "transmit": " 转发 415", "comment": "评论 2657", "zan": " 7151"}, {"text": "\n                    【#吴军回应点评腾讯争议#：都是中肯评价，对阿里和华为一直认可】此前腾讯原副总裁吴军点评四家互联网公司引发争议：“百度已无希望、苹果吃老本、谷歌平庸、腾讯没To B基因”。对此，吴军回应称这些公司对于自己没有什么特殊性，仅是中肯评价。自己一向认可阿里和华为，并没有拿好处。 ​  展开全文c \n                    【#吴军回应点评腾讯争议#：都是中肯评价，对阿里和华为一直认可】此前腾讯原副总裁吴军点评四家互联网公司引发争议：“百度已无希望、苹果吃老本、谷歌平庸、腾讯没To B基因”。对此，吴军回应称这些公司对于自己没有什么特殊性，仅是中肯评价。自己一向认可阿里和华为，并没有拿好处。L老板联播的微博视频 收起全文d\n", "author": "新浪财经", "time": "新浪财经2019年12月15日23:52 来自财经·视频社区", "transmit": " 转发 44", "comment": "评论 118", "zan": " 269"}, {"text": "\n                    蓝绿两厂打架都打到国外了，充气五分钟，大战两小时，旁边华为小米纷纷表示随着国货在世界上越来越流行，它们各自的 企 业 文 化 也随之散播世界各地，别说这老外打架挺有节奏的。#国货之光# #企业文化# L帝吧官微的微博视频 ​                ", "author": "帝吧官微", "time": "帝吧官微2019年12月15日00:34 来自微博视频", "transmit": " 转发 154", "comment": "评论 246", "zan": " 2053"}, {"text": "\n                    以前对国产手机有偏见，觉得各种技术不到位。为了5G入手了华为Mate 30 Pro，今天带去迪士尼试了试，结果真的有被震撼到，莱卡电影级四摄名不虚传。无论逆光、夜景还是广角，相机成像效果非常突出！以下9张都是这款手机拍摄，第一次用安卓系统，个人水平也有限，但是手机真的很强大！ ​                ", "author": "格兰芬多公共休息室", "time": "格兰芬多公共休息室2019年12月15日11:33 来自HUAWEIMate30Pro5G", "transmit": " 转发 19", "comment": "评论 57", "zan": " 287"}, {"text": "\n                    【外媒：#超20个欧洲国家选择华为5G设备#】据外媒报道，信息显示目前选择华为5G设备的欧洲国家数量已经达到21个，该信息也得到华为欧洲的确认。目前明确表示选择华为5G设备的国家或地区有英国、法国、德国、挪威、意大利、摩纳哥、西班牙、瑞士、爱尔兰、葡萄牙、荷兰、芬兰等国。O欧洲目前超过20个国家或地区选择华为5G设备 ​                ", "author": "新浪科技", "time": "新浪科技2019年12月15日13:25 来自专业版微博", "transmit": " 转发 40", "comment": "评论 73", "zan": " 406"}, {"text": "\n                    信通小熊猫的观点能得到不少的附和，本身才是映射出当下部分消费者的心态畸形，以及九成网友学历不足本科的事实。很难想象，在任何一个市场，不管成熟与否，不管是不是发达国家，消费者会因为一家企业的产品卖得便宜而对其横加指责，并且上升到误国的高度。事实上，商品价格的普遍降低，是社会生产 ​  展开全文c \n                    信通小熊猫的观点能得到不少的附和，本身才是映射出当下部分消费者的心态畸形，以及九成网友学历不足本科的事实。很难想象，在任何一个市场，不管成熟与否，不管是不是发达国家，消费者会因为一家企业的产品卖得便宜而对其横加指责，并且上升到误国的高度。事实上，商品价格的普遍降低，是社会生产效率提升的表现。工业革命之后，大量社会稀缺商品被大规模量产，以往王公贵族才能拥有的商品，涌进寻常百姓家，民富国强的日不落帝国就此诞生。马克思的《共产主义宣言》对「低价」有过这样的描述：“商品的低廉价格，是它用来摧毁一切万里长城、征服野蛮人最顽强的仇外心理的重炮。”一家健康经营的企业，如果相同的产品甚至更好的产品能够卖出更低的价格，一定是其内部拥有更高效率的生产方式——可能是商业模式创新带来的效率提升、可能是生产技术的创新带来的效率提升、当然也有可能是996带来的效率提升......回到小米来说，当年小米一代1999元的横空出世，是高度整合供应链、渠道极限扁平化再利用互联网模式创新带来的结果，当年的中华酷联，比1999元的小米便宜的智能机有很多，比1999元的小米贵的智能手机有很多，但并没有一款比1999元的小米更好的产品，这才给了小米极速发展的机会。而中华酷联中华为后来的重新崛起，正是借鉴了很多小米成功的经验——这一点余承东自己也多次提起（图2）。随后红米的诞生，让品牌智能机的价格跨入千元门槛，极大了加速了我国移动互联网的普及，给我国在4G时代实现弯道超车奠定了规模基础，这是误国吗？低价是一个相对的概念，不说潘九堂提到的沃尔玛、costco这些一直通过运营效率提升来追求「低价」的公司，即便是像Space X这样的科技公司，其生存之道也是通过降低火箭发射成本靠更低的价格来赢得市场订单，「低价」的Space X误国了吗？华为同样如此，不说当年任正非筚路蓝缕怎么过来的，即便是现在，华为5G基站价格普遍比竞争对手便宜20%也是其竞争力的主要体现。怎么华为在国外卖更便宜的基站是爱国，小米在国内把手机卖便宜点就误国了呢？亚当•斯密在《国富论》中将市场中的个体称为经济人，指的是每个人都是理性的，人们做出的任何选择都是为了实现自我利益的最大化。“……他追求自己的利益，往往使他能比在真正出于本意的情况下更有效地促进社会的利益。”这是现代经济学的基本逻辑。消费者不需要考虑企业如何生存，如何养活自己的员工，如何赚取更多的利润用于研发以提高竞争力，消费者只要理性选择质优价廉的产品，企业自然会去发展生产力以获得更强的竞争力。如果企业的研发经费需要消费者的思想觉悟来买单，那和当年砸锅卖铁炼钢铁并没有什么区别，大家也不用买手机了，全部家当捐给XX最爱国，少玩点手机还能给国家省点电。回到小米来说，今年前三个季度，小米的研发投入为53亿元，对于一家完全to C的科技公司来说，这个数字并不小——华为从来没有单独透露过其消费者业务BG的研发费用，OV从来不对外公开财报，沈义人去年年底对外宣传2019年全年OPPO的研发投入是40亿，后来陈明永改口成100亿，但非上市公司和上市公司对研发费用的裁定标准是否一样大家并不知道。除此之外，大家能列举出几家研发费用投入比小米高的国内消费电子科技公司？至于员工待遇，半个月前，雷军刚拿出1.63亿奖励380名员工，人均43万。至于国际形象，售价高、营销经费充足的某厂商在印度的形象是这样的（图3），而作为全球最年轻的世界500强，早在2016年，雷军就代表小米登上《Wired》杂志英国版封面（图4），标题是「it's time to copy china」，难道英国人也想学小米误国吗？ 收起全文d\n", "author": "秦一一", "time": "秦一一2019年12月15日20:06", "transmit": " 转发 305", "comment": "评论 370", "zan": " 3130"}, {"text": "\n                    深马的风景，就在华为运动健康CLUB探索者们的手中。努力进取的样子，向上拼搏的姿态，不断奋斗的脚步，探索未知的身影，都记录在我们奔跑的画卷里。一段超燃的视频，致敬热爱与坚持的我们。#只管去跑#马拉松 L黑猫的黑的微博视频 ​                ", "author": "黑猫的黑", "time": "黑猫的黑2019年12月15日21:57 来自马拉松超话", "transmit": " 转发 1632", "comment": "评论 2150", "zan": " 11993"}, {"text": "\n                    “自拍”已经成为很多精致猪猪女孩们生活中必不可少的一个部分。我的工作中最多的内容就是拍拍拍！做模特十多年，已经有了非常多的拍摄经验。所以！今天我们这个视频我就要分享很多同学让我出的教大家如何拍照，并且呢是教大家如何用#华为nova6#5G在家自拍速成大片！#随手拍# #手机摄影#  ​  展开全文c \n                    “自拍”已经成为很多精致猪猪女孩们生活中必不可少的一个部分。我的工作中最多的内容就是拍拍拍！做模特十多年，已经有了非常多的拍摄经验。所以！今天我们这个视频我就要分享很多同学让我出的教大家如何拍照，并且呢是教大家如何用#华为nova6#5G在家自拍速成大片！#随手拍# #手机摄影# L高靓Tina的微博视频 收起全文d\n", "author": "高靓Tina", "time": "高靓Tina2019年12月15日22:00 来自nova65G自拍大不一样", "transmit": " 转发 1614", "comment": "评论 1299", "zan": " 2410"}, {"text": "\n#千玺在nova星等你##华为nova6# 今日份冬日限定温柔来自nova星球ツ渝鹤们上午来到体沙坪坝华宇赛玛特华为授权体验店，开始了愉快的探索之旅。#自拍大不一样# 无关人间，无关风月，不见一日，所行之事皆言做念想。一笔一划，所想所念跃然纸上；一平一仄，所见所感皆存于胸。半日与nova6的互动让大家都 ​  展开全文c \n#千玺在nova星等你##华为nova6# 今日份冬日限定温柔来自nova星球ツ渝鹤们上午来到体沙坪坝华宇赛玛特华为授权体验店，开始了愉快的探索之旅。#自拍大不一样# 无关人间，无关风月，不见一日，所行之事皆言做念想。一笔一划，所想所念跃然纸上；一平一仄，所见所感皆存于胸。半日与nova6的互动让大家都收获满满，笑容溢满在盛开的红色里。感谢沙坪坝华宇赛玛特华为授权体验店的邀请和渝鹤们的积极参与，期待下一次相聚❤@TFBOYS-易烊千玺 @易烊千玺地区粉丝团联盟 @华为终端官方微博 收起全文d\n", "author": "易烊千玺重庆粉丝团", "time": "易烊千玺重庆粉丝团2019年12月15日19:55 来自易烊千玺超话", "transmit": " 转发 76", "comment": "评论 23", "zan": " 114"}, {"text": "\n                    发布了头条文章：《量能决定高度》 财经每日必读 #微博赚钱季#   周五股权/公告+大金融(券商）+华为/科技（穿戴智能）+新能源汽车（锂电）最强，区块链+次新/科创+大基建/周期+养殖板块有企稳的迹象;主板放量上涨（预设明日冲高回落，观察成交量能否有效放大）强势股接力的亏钱效应减缓，明日 ​  展开全文c \n                    发布了头条文章：《量能决定高度》 财经每日必读 #微博赚钱季#   周五股权/公告+大金融(券商）+华为/科技（穿戴智能）+新能源汽车（锂电）最强，区块链+次新/科创+大基建/周期+养殖板块有企稳的迹象;主板放量上涨（预设明日冲高回落，观察成交量能否有效放大）强势股接力的亏钱效应减缓，明日南宁百货等作为情绪标杆观察，空间板高度到8板，首板数量增加，但周五大盘情绪和涨停板家数背离，明日强势股接力赚钱效应大概会修复，操作难度变小，风险偏好高的可选择1进2进3涨停板套利，量能决定反弹高度，最优策略是低吸主线板块人气股和超跌中小创板块等轮动补涨，低吸富一生。  O量能决定高度 收起全文d\n", "author": "lesliesay", "time": "lesliesay2019年12月15日10:56 来自微博weibo.com", "transmit": " 转发 429", "comment": "评论 181", "zan": " 581"}, {"text": "\n                    这是我的壁纸图，你们的壁纸长什么样～ 后面的是华为机我的桌面，喜欢它随机换壁纸所以就没自定义壁纸～ ​                ", "author": "初晓敏", "time": "初晓敏2019年12月15日21:10 来自iPhone客户端", "transmit": " 转发 17", "comment": "评论 399", "zan": " 746"}, {"text": "\n                    周六的时候，去了一趟杭州，在中国美术学院跟同学们一起做了一场#华为视频# 的Huawei Mate30 x 华为视频光影鉴赏会。除了分享各自对电影的喜爱，还一起观赏了完全采用Mate30拍摄的微电影《你的样子》。这个短片由曲江涛导演执导，李少红监制。跟曲江涛导演的《孙子从美国来》一样，这个短片讲的也是一 ​  展开全文c \n                    周六的时候，去了一趟杭州，在中国美术学院跟同学们一起做了一场#华为视频# 的Huawei Mate30 x 华为视频光影鉴赏会。除了分享各自对电影的喜爱，还一起观赏了完全采用Mate30拍摄的微电影《你的样子》。这个短片由曲江涛导演执导，李少红监制。跟曲江涛导演的《孙子从美国来》一样，这个短片讲的也是一段有趣的亲情故事，关于父子情的故事。拍得很有趣，现场也是笑声不断。实际上，用手机拍摄电影，在当下已经不是不可理解的事情了。毕竟，设备只是工具，无论是专业摄影机还是手机，都只是帮助你讲好故事的工具而已，而最重要的，还是创作者本身。我也很期待之后有更多更好的手机影像出现，尤其是竖屏影像，我一直认为这是个可以做更多美学革新的方向。最后，如果你也刚好在用华为手机，那推荐你用华为手机自带的华为视频来看电影、追剧、看综艺，在那里，能看遍芒果TV、优酷、腾讯视频等等海量内容，特别全！真是羡慕你们啊，还记得当年我上大学的时候，也是最疯狂喜欢电影的时候，那时还要去碟店租碟来看。冬天的话，要冒着大风大雪，搭近一个小时的公交车去市里的碟店租碟或者还碟，真实辛苦啊。而现在，打开手机就能看电影了。真好！ 收起全文d\n", "author": "桃桃淘电影", "time": "桃桃淘电影2019年12月15日12:30 来自微博weibo.com", "transmit": " 转发 714", "comment": "评论 221", "zan": " 272"}, {"text": "\n                    有时候挺羡慕18.19年入坑的新粉，入坑时他已经是万众瞩目，华为天猫代言，中戏双料第一，男刊满贯女刊准满贯，代言质量好没有七七八八的没意义头衔。还有优秀的个人作品，第一次被认可演技的长安，票房破15亿全民热议的小少，甚至娱乐圈都有众多艺人表示喜欢弟弟。可是让我没想到的是，他在圈内逐渐被 ​  展开全文c \n                    有时候挺羡慕18.19年入坑的新粉，入坑时他已经是万众瞩目，华为天猫代言，中戏双料第一，男刊满贯女刊准满贯，代言质量好没有七七八八的没意义头衔。还有优秀的个人作品，第一次被认可演技的长安，票房破15亿全民热议的小少，甚至娱乐圈都有众多艺人表示喜欢弟弟。可是让我没想到的是，他在圈内逐渐被认可后，在粉丝猛增个唱抢票人数破百万后，粉丝却好像变得不那么能打？在需要粉丝基数路人盘的数据上易烊千玺永远一骑绝尘，可是需要死忠粉真正为他做事的时候却很难叫动，这个不成正比的现象让我有点想不通。以后会越来越重视线下应援，我要看到一骑绝尘的粉丝基数对应一骑绝尘的线下应援能力。 【不用说我会陪我会陪这种话！我要看人做事！！！陪谁不会！他的粉丝就不会有脱饭的】 收起全文d\n", "author": "一碗糊萝卜", "time": "一碗糊萝卜2019年12月15日19:22 来自易烊千玺超话", "transmit": " 转发 463", "comment": "评论 180", "zan": " 1461"}, {"text": "\n                    信通小熊猫：华为对民族复兴的贡献将是无与伦比的，谁和华为过不去，谁就是中国人民的敌人！（无与伦比？你把我党放在哪里？）信通小熊猫：小米能在中国拥有大量粉丝和市场，本身就说明中国这个社会文化和结构是有问题的，小米低价理念其实就是在误国。 ​                ", "author": "搞机Time", "time": "搞机Time2019年12月15日12:07 来自心系天下のAndroid", "transmit": " 转发 88", "comment": "评论 415", "zan": " 5202"}, {"text": "\n                    挪威电信公司无惧美国威胁，继续使用华为设备建设5G ​                ", "author": "上帝之鹰_5zn", "time": "上帝之鹰_5zn2019年12月15日14:58 来自微博weibo.com", "transmit": " 转发 29", "comment": "评论 163", "zan": " 2616"}, {"text": "\n                    【北大教授张志学：华为研发投入占全国5.2%，华为专利占全国10%】12月14日，在北大光华新年论坛上，北大光华管理学院教授张志学称，如果中国有一个世界级企业，就是华为。他称，2018年华为销售额占全国GDP的0.78%，而研发投入占全国5.2%，获得的专利占全国的10%。#科普大作战# L老板联播的微博视频 ​                ", "author": "央证公开课", "time": "央证公开课2019年12月15日07:30 来自财经·视频社区", "transmit": " 转发 12", "comment": "评论 14", "zan": " 51"}, {"text": "\n                    【挪威电信表示华为将继续参与5G建设】挪威电信公司13日表示，在5G网络建设中将继续使用华为公司的设备。挪威电信总裁兼首席执行官西格韦·布雷克说，公司未来4至5年内将改造网络，挪威电信将继续使用现有供应商华为公司的设备来维护4G网络并将部分地区网络升级到5G。O挪威电信表示华为将继续参与5G建设 ​                ", "author": "新浪科技", "time": "新浪科技2019年12月15日07:27 来自专业版微博", "transmit": " 转发 13", "comment": "评论 7", "zan": " 83"}, {"text": "\n                    给老人整个华为手机再配个华为路由器，真的省了大事了，NFC 一碰就配对连上了，根本不用费劲的扯什么点哪输密码之类的。 ​                ", "author": "DR段锐", "time": "DR段锐2019年12月15日20:07 来自iPhone客户端", "transmit": " 转发 63", "comment": "评论 196", "zan": " 1615"}, {"text": "\n#每经整点播#【每经24点 | 挪威电信表示华为将继续参与5G建设】据新华国际，挪威电信公司（Telenor）13日表示，在5G网络建设中将继续使用中国供应商华为公司的设备。此前，一些媒体报道称挪威电信将在5G建设中排除华为。挪威电信总裁兼首席执行官布雷克说，挪威电信没有理由推迟与华为的合作，“我们对 ​  展开全文c \n#每经整点播#【每经24点 | 挪威电信表示华为将继续参与5G建设】据新华国际，挪威电信公司（Telenor）13日表示，在5G网络建设中将继续使用中国供应商华为公司的设备。此前，一些媒体报道称挪威电信将在5G建设中排除华为。挪威电信总裁兼首席执行官布雷克说，挪威电信没有理由推迟与华为的合作，“我们对与华为的合作感到非常满意”。挪威电信是北欧地区主要电信运营商之一，也在缅甸、巴基斯坦、泰国、马来西亚等国运营，用户超过1亿。这家公司与华为合作已超过10年。O每经24点 | 挪威电信表示华为将继续参与5G建设；全球最年轻女总理组阁：19名部长12位女性，4人85后 O每经24点 | 挪威电信表示华为将继续参与5G建设 收起全文d\n", "author": "每日经济新闻", "time": "每日经济新闻2019年12月15日00:02 来自微博weibo.com", "transmit": " 转发 14", "comment": "评论 13", "zan": " 80"}, {"text": "\n                    爱立信承认在中国行贿，靠贿赂打败华为    美国司法部表示，瑞典电信运营设备商爱立信已承认“公司近17年来在多国进行行贿，以此保持业务增长、打败竞争对手华为的电信业务”。    爱立信向越南、印度尼西亚、科威特、沙特、吉布提和中国的运营商均行过贿。美司法部曾考虑起诉爱立信，不过 ​  展开全文c \n                    爱立信承认在中国行贿，靠贿赂打败华为    美国司法部表示，瑞典电信运营设备商爱立信已承认“公司近17年来在多国进行行贿，以此保持业务增长、打败竞争对手华为的电信业务”。    爱立信向越南、印度尼西亚、科威特、沙特、吉布提和中国的运营商均行过贿。美司法部曾考虑起诉爱立信，不过现在爱立信已经选择和美司法部和解，缴纳了10亿美元的罚金（折合人民币74亿元）。    11月25日，爱立信曾高调宣布，签约的5G商用合同75个，远超华为的65个成为世界第一。没想到的是，背后却用了肮脏手段。    还是希望每个企业都能够公平竞争，凭本事挣钱，不管是国内的企业还是国外的企业，不要用一些卑劣的手段获取暂时的胜利#数码# 收起全文d\n", "author": "长安数码君", "time": "长安数码君2019年12月15日11:06 来自荣耀V30PRO5G", "transmit": " 转发 27", "comment": "评论 118", "zan": " 610"}, {"text": "\n                    刚才去了本地比较大的汉唐书城，突然发现里面的查询设备从之前的苹果iPad换成了华为平板，刚才还观察了一下，旁边的银行和移动联通营业厅也换成了华为的设备，不知道为什么大家都集体换成了华为 华为你这么厉害不会有失公允吗？#自拍大不一样# ​                ", "author": "长安数码君", "time": "长安数码君2019年12月15日17:40 来自nova65G自拍大不一样", "transmit": " 转发 6", "comment": "评论 123", "zan": " 505"}, {"text": "\n                    【等待667天，市值4万亿的阿里给我寄来这漏洞百出的离职证明】最近的坊间也是不太平，网易、华为一浪接一浪，瓜友们也是应接不暇……好了，废话不多说了，还是来看看今天的瓜吧。等待了667天！今天终于收到了阿里开具的离职证明（解除劳动合同证明）。想当初被离职，我无数次要求阿里开具，阿 ​  展开全文c \n                    【等待667天，市值4万亿的阿里给我寄来这漏洞百出的离职证明】最近的坊间也是不太平，网易、华为一浪接一浪，瓜友们也是应接不暇……好了，废话不多说了，还是来看看今天的瓜吧。等待了667天！今天终于收到了阿里开具的离职证明（解除劳动合同证明）。想当初被离职，我无数次要求阿里开具，阿里就是拒不开具。万般无奈下，我开始拿起法律的武器维护自己的权利。仲裁，要求阿里开具。一审，阿里上诉要求法院判定不予开具，一审判定要求开具。阿里还是不开。有钱确实任性！今年六月我给阿里发函要求开具，渺无音讯。11月20，二审判决下来了，阿里终于给我寄来了解除劳动合同证明。可打开一看，真是让人哭笑不得。做人不能太阿里！补开？我想问问阿里的HR，之前开给你哪位大爷了？我反正没收到过！当初非法解除合同，为了胁迫我接受公司给出的赔偿（按合法解除）标准，各位威胁我。如今拖到二审判决，给我出具解除合同证明。还加上补开两字。做人也不能这么没有底线吧，说好的诚信呢？当年忽悠我给阿里卖命的时候可不是这样的。我真的想问下阿里的HR，我的离职证明曾经开给了什么人？你们那么过分，良心不痛吗？既然阿里说是补开，那么我想请阿里巴巴公司就以上问题做出公开说明。阿里寄来的材料里只有这一页纸。我真的很纳闷了，一个刚刚香港上市，号称4万亿市值的大公司，难道请不起一个懂法的HR吗？根据«中华人民共和国劳动合同法实施条例»第二十四条规定：用人单位出具的解除、终止劳动合同的证明，应当写明劳动合同期限、解除或者终止劳动合同的日期、工作岗位、在本单位的工作年限。4万亿大公司阿里给我材料里显然落了很多东西。4万亿市值难道只能请这种毫无底线的HR？希望阿里花点小钱请个正儿八经懂法的HR，尽快依法出具我所需的解除劳动合同证明材料。作为劳动者，难道我们就应该这么卑微吗？基本权益，都要费劲心力吗？对于阿里强硬的态度，网友们也是纷纷予以谴责，我们再来看看网友们都是怎么说的：桃子：光靠资本家的自觉，劳动者无法获得合法权益的。最后恶心你一把，没想到哥们你战斗坚持下来了，真不容易。沃夫加：不好意思，我们只承诺让天下没有难做的生意，没承诺员工什么哈！hr就是精神资本家，为了他们的“kpi”不折手段，在民企做hr的必要条件就是要打破底线。不成文的过客：表面工作做的太好了，明明干了很多邪恶的事情。总是被粉饰太平，总是有一大群脑残粉在做无脑拥护。支持你维权，再大的公司也不会恒大。再大的公司做的恶，也总会见天日。企业有不作恶的？有不违反劳动法的？偏偏一堆无产阶级孝子贤孙还精神自嗨，实在不知道脑子怎么想的！馥莉：国外劳动者争取来的权益，就这样被国内的资本家踩在脚下践踏。并且美其名曰奋斗还有一帮劳动者叫好的，真有意思。大家想想，以后咱们天天996，没有加班费，没有合法权益，年龄大了生病了就被辞退。想想都恐怖，还有叫好的，真是无语。SiO2：如果这是公司的企业文化和工作风格，那么今天对你做这种事情的HR，不久以后也会遭受同样的待遇，企业大环境这样，又会饶过谁。资本家的看门狗是最狠的，参考被拯救的姜哥里面的黑人管家。#2019最值得记住的一件事儿##职场##不一样的工作# 收起全文d\n", "author": "价值投资日志", "time": "价值投资日志2019年12月15日20:49 来自iPhoneX", "transmit": " 转发 42", "comment": "评论 123", "zan": " 377"}, {"text": "\n                    让他们把筷子练熟，学会穿汉服，把老旧的苹果换上新款华为，临走时多买几部带回法国倒卖，挣差价，把往返费用挣回来。                \n                                    【大快朵颐】法国#交换生# 在青岛吃的习惯吗？对不对胃口？这你就甭操心啦人家的胃口好得很呢他们越来越喜欢上了这座海滨城市🏖️#中国海洋大学# 2青岛·中国海洋大学 ​                                ", "author": "梅新育", "time": "梅新育2019年12月15日21:36 ", "transmit": " 转发 16", "comment": "评论 ", "zan": " 85"}, {"text": "\n                    今天同家俊 @kkkkkarchun & TingTing 一起坐在用华为nova 6 5G 手机拍的周末画报Cover Story的图片墙前聊了聊「自拍」🤳 @ Modern Studio @周末画报STYLE @iWeekly周末画报 2上海·8号桥创意园 ​                ", "author": "JumboTsui", "time": "JumboTsui2019年12月15日13:44", "transmit": " 转发 241", "comment": "评论 9", "zan": " 57"}, {"text": "\n#易烊千玺2019玊尔演唱会##易烊千玺1128十九岁生日快乐# 随意哼唱简直苏到炸我不知道歌里唱的是谁，我听的全都是你@TFBOYS-易烊千玺 cr: L烊是的念来过倒的秒拍视频 ​​​「易烊千玺   yyqx   四字  四字弟弟  千千  烊烊  小烊  小千  帅  可爱  长安十二时辰  易烊千玺李必  华为nova全球 ​  展开全文c \n#易烊千玺2019玊尔演唱会##易烊千玺1128十九岁生日快乐# 随意哼唱简直苏到炸我不知道歌里唱的是谁，我听的全都是你@TFBOYS-易烊千玺 cr: L烊是的念来过倒的秒拍视频 ​​​「易烊千玺   yyqx   四字  四字弟弟  千千  烊烊  小烊  小千  帅  可爱  长安十二时辰  易烊千玺李必  华为nova全球代言人  天猫代言人    adidasneo  易烊千玺 X adidas Originals X adidasneo  双线代言  优益C 百草味 依云 喜马拉雅  天猫  华为  中戏 优酷视频 」K冷静和热情之间-TFBOYS-易烊千玺K念想-TFBOYS-易烊千玺KI Adore You-TFBOYS-易烊千玺 收起全文d\n", "author": "我是二十本尊", "time": "我是二十本尊2019年12月15日08:24 来自易烊千玺超话", "transmit": " 转发 84", "comment": "评论 112", "zan": " 277"}, {"text": "\n                    今天来到深圳万象天地的华为全球旗舰店逛了逛，果然名不虚传，店里和店外都非常高大上，装修布置都很舒服，深得我心。店里员工素质非常高，男帅女漂亮，服务也很热情，店里手机等型号也非常全，眼镜也很酷！有点可惜的是，MateX折叠屏手机放在展示柜里，不给上手。Anyway ​  展开全文c \n                    今天来到深圳万象天地的华为全球旗舰店逛了逛，果然名不虚传，店里和店外都非常高大上，装修布置都很舒服，深得我心。店里员工素质非常高，男帅女漂亮，服务也很热情，店里手机等型号也非常全，眼镜也很酷！有点可惜的是，MateX折叠屏手机放在展示柜里，不给上手。Anyway，还是很满意的。店里我的男“模特”朋友说（他非要说自己是），有两点要加：1.终于在深圳体验到了华为5G的速度。2.这个男模特（他自己）好帅哟！ 收起全文d\n", "author": "一枚搞机的原子弹", "time": "一枚搞机的原子弹2019年12月15日15:44 来自HUAWEIMate30Pro5G", "transmit": " 转发 29", "comment": "评论 120", "zan": " 133"}]