[{"text": "\n                    齐了#华为nova6##自拍大不一样# ​                ", "author": "TFBOYS-易烊千玺", "time": "TFBOYS-易烊千玺2019年12月12日18:55 来自nova65G自拍大不一样", "transmit": " 转发 100万+", "comment": "评论 677702", "zan": " 1667634"}, {"text": "\n                    【投票：你刚毕业时年薪多少？】#刚毕业就年薪200万# @华中科技大学 的14级直博研究生左鹏飞，由于面试表现优异，被推荐给华为“天才少年”项目，收到了年薪200万元的offer。他不仅收到了华为的邀约，阿里、腾讯、深信服均向其抛来了“橄榄枝”。你刚毕业时年薪多少？ 你刚毕业时年薪多少？ ​                ", "author": "财经网", "time": "财经网2019年12月12日10:15 来自微博weibo.com", "transmit": " 转发 105", "comment": "评论 415", "zan": " 67820"}, {"text": "\n#易烊千玺九宫格自拍分开发#自拍是年轻人忠于自我、展现自我的表达。华为nova全球代言人易烊千玺用#华为nova6# 5G手机展现大不一样的自拍态度！新品今日开售，给你大不一样的5G体验~ ​                ", "author": "中国新闻周刊", "time": "中国新闻周刊2019年12月12日23:00", "transmit": " 转发 11400", "comment": "评论 477", "zan": " 5962"}, {"text": "\n#华为荣耀占中国线上手机市场近一半份额# 做个调查，下一部手机，你会考虑哪些品牌？投票选项里没有列出的，可以在评论区补充 下一部手机，你会考虑哪些品牌？ #中国手机市场明年反弹# ​                ", "author": "新浪科技", "time": "新浪科技2019年12月12日13:34 来自微博weibo.com", "transmit": " 转发 42", "comment": "评论 202", "zan": " 9564"}, {"text": "\n#阿华的灵魂一问#分享一组关于#华为nova6#的成语新解，据说只有nova星人才能全部猜中，你呢？评论区说说看你还知道哪些脑洞大开的词语呢？ ​                ", "author": "华为终端官方微博", "time": "华为终端官方微博2019年12月12日20:12 来自微博weibo.com", "transmit": " 转发 615", "comment": "评论 587", "zan": " 3373"}, {"text": "\n                    【华科大天才学生#刚毕业就年薪200万# 你刚毕业时年薪多少？】@华中科技大学 武汉光电国家研究中心计算机科技专业的14级直博研究生左鹏飞，由于面试表现优异，被推荐给华为“天才少年”项目，收到了年薪200万元的offer。他不仅收到了华为的邀约，阿里、腾讯、深信服均向其抛来了“橄榄枝”。#快来投票# ​  展开全文c \n                    【华科大天才学生#刚毕业就年薪200万# 你刚毕业时年薪多少？】@华中科技大学 武汉光电国家研究中心计算机科技专业的14级直博研究生左鹏飞，由于面试表现优异，被推荐给华为“天才少年”项目，收到了年薪200万元的offer。他不仅收到了华为的邀约，阿里、腾讯、深信服均向其抛来了“橄榄枝”。#快来投票# 你刚毕业时年薪多少？ 你刚毕业时年薪多少？ 收起全文d\n", "author": "北京青年报", "time": "北京青年报2019年12月12日13:10 来自微博weibo.com", "transmit": " 转发 36", "comment": "评论 107", "zan": " 13735"}, {"text": "\n#刚毕业就年薪200万# 92年出生的左鹏飞是华中科技大学的14级直博毕业生，博士阶段在武汉光电国家研究中心攻读计算机科学与技术专业，11月底刚完成答辩毕业。9月，华为就给左鹏飞发了offer，近日正式完成签约，左鹏飞将得到年薪201万元的职位。你现在年薪多少？有和左鹏飞一样高的吗？  ​  展开全文c \n#刚毕业就年薪200万# 92年出生的左鹏飞是华中科技大学的14级直博毕业生，博士阶段在武汉光电国家研究中心攻读计算机科学与技术专业，11月底刚完成答辩毕业。9月，华为就给左鹏飞发了offer，近日正式完成签约，左鹏飞将得到年薪201万元的职位。你现在年薪多少？有和左鹏飞一样高的吗？ 你现在年薪多少？ 收起全文d\n", "author": "新浪科技", "time": "新浪科技2019年12月12日15:16 来自微博weibo.com", "transmit": " 转发 21", "comment": "评论 117", "zan": " 3491"}, {"text": "\n#华为nova6 5G今日开售# 快把我们带回家~ ​                ", "author": "吉川流", "time": "吉川流2019年12月12日20:00 来自微博weibo.com", "transmit": " 转发 15982", "comment": "评论 5132", "zan": " 32231"}, {"text": "\n#易烊千玺九宫格自拍分开发# x 易烊千玺大明星也不容易，美貌在线发福利。分期兑现九宫格，nova代言他姓易走过路过12月22日帅哥首场个唱关注一下？@TFBOYS-易烊千玺 （代言华为nova系列以来的自拍基本都在这了，一次想要超过3张那是不能够的） ​                ", "author": "Freshxxxx", "time": "Freshxxxx2019年12月12日19:17 来自易烊千玺超话", "transmit": " 转发 588", "comment": "评论 179", "zan": " 1652"}, {"text": "\n                    【职场人必看！如何得到与能力相匹配的工资？】#刚毕业就年薪200万#@华中科技大学 学生左鹏飞，由于面试表现优异，他被推荐给华为“天才少年”项目，收到了年薪200万元的offer。左鹏飞是华中科技大学武汉光电国家研究中心计算机科学与技术专业的14级直博研究生，他不仅收到了华为的邀约，阿里、腾讯、 ​  展开全文c \n                    【职场人必看！如何得到与能力相匹配的工资？】#刚毕业就年薪200万#@华中科技大学 学生左鹏飞，由于面试表现优异，他被推荐给华为“天才少年”项目，收到了年薪200万元的offer。左鹏飞是华中科技大学武汉光电国家研究中心计算机科学与技术专业的14级直博研究生，他不仅收到了华为的邀约，阿里、腾讯、深信服均向其抛来了“橄榄枝”。网友纷纷表示羡慕，同时也提出疑问：求职者如何才能得到与能力相匹配的工资？这里教你几个好方法！@人人视频 L人人视频app的秒拍视频 收起全文d\n", "author": "每日经济新闻", "time": "每日经济新闻2019年12月12日09:38 来自微博weibo.com", "transmit": " 转发 167", "comment": "评论 39", "zan": " 440"}, {"text": "\n#易烊千玺九宫格自拍分开发# #千玺在nova星等你# 引领自拍时尚，承载青年5G梦想，#华为nova6# X全球代言人易烊千玺，潮流自拍大不一样。@TFBOYS-易烊千玺 \n#易烊千玺九宫格自拍分开发#自拍是年轻人忠于自我、展现自我的表达。华为nova全球代言人易烊千玺用#华为nova6# 5G手机展现大不一样的自拍态度！新品今日开售，给你大不一样的5G体验~ ​                                ", "author": "烊家军", "time": "烊家军2019年12月12日23:00 ", "transmit": " 转发 9086", "comment": "评论 48", "zan": " 344"}, {"text": "\n                    【#刚毕业就年薪200万# 华科这位学生厉害了！】秋招季的尾声，在很多同学还在着急时。@华中科技大学 学生左鹏飞，由于面试表现优异，他被推荐给华为“天才少年”项目，收到了年薪200万元的offer。左鹏飞是华中科技大学武汉光电国家研究中心计算机科学与技术专业的14级直博研究生，他不仅收到 ​  展开全文c \n                    【#刚毕业就年薪200万# 华科这位学生厉害了！】秋招季的尾声，在很多同学还在着急时。@华中科技大学 学生左鹏飞，由于面试表现优异，他被推荐给华为“天才少年”项目，收到了年薪200万元的offer。左鹏飞是华中科技大学武汉光电国家研究中心计算机科学与技术专业的14级直博研究生，他不仅收到了华为的邀约，阿里、腾讯、深信服均向其抛来了“橄榄枝”。左鹏飞说，希望在自己现在的专业领域做到更大更强，在企业界带几个成功的项目。@楚天都市报 L楚天视频的微博视频 收起全文d\n", "author": "新浪视频", "time": "新浪视频2019年12月12日10:09 来自校园·视频社区", "transmit": " 转发 79", "comment": "评论 125", "zan": " 1413"}, {"text": "\n                    【#刚毕业就年薪200万# , 你刚毕业时工资多少钱？】秋招季尾声，很多同学正在着急工作，@华中科技大学 学生左鹏飞由于面试表现优异，被推荐给华为“天才少年”项目，收到了年薪200万元的offer。左鹏飞是华中科技大学武汉光电国家研究中心计算机科学与技术专业的14级直博研究生，他不仅收到了华 ​  展开全文c \n                    【#刚毕业就年薪200万# , 你刚毕业时工资多少钱？】秋招季尾声，很多同学正在着急工作，@华中科技大学 学生左鹏飞由于面试表现优异，被推荐给华为“天才少年”项目，收到了年薪200万元的offer。左鹏飞是华中科技大学武汉光电国家研究中心计算机科学与技术专业的14级直博研究生，他不仅收到了华为的邀约，阿里、腾讯、深信服均向其抛来了“橄榄枝”。你刚毕业时工资多少钱？ 你刚毕业时工资多少钱？ 收起全文d\n", "author": "成都商报", "time": "成都商报2019年12月12日11:48 来自微博weibo.com", "transmit": " 转发 11", "comment": "评论 28", "zan": " 1643"}, {"text": "\n                    【西班牙电信德国子公司：将与华为开展5G合作】西班牙电信德国子公司11日宣布，将与中国华为公司、芬兰诺基亚公司合作，在德国建设5G网络。根据西班牙电信(德国)有限公司当天发布的新闻公报，华为、诺基亚将以相同比例提供5G接入网基站设备，前提是两家企业的设备通过相关安全认证。此外，关于5G核心设 ​  展开全文c \n                    【西班牙电信德国子公司：将与华为开展5G合作】西班牙电信德国子公司11日宣布，将与中国华为公司、芬兰诺基亚公司合作，在德国建设5G网络。根据西班牙电信(德国)有限公司当天发布的新闻公报，华为、诺基亚将以相同比例提供5G接入网基站设备，前提是两家企业的设备通过相关安全认证。此外，关于5G核心设备供应商，西班牙电信(德国)有限公司将在明年选定。今年10月，德国政府发布了5G移动网络安全准则草案，但迄今尚未正式实施。“我们不想浪费时间，”西班牙电信(德国)有限公司首席执行官马库斯⋅哈斯说，西班牙电信在德国的业务将开启新增长阶段。据悉，2020年西班牙电信将开始在德国市场提供5G服务，率先覆盖柏林、汉堡、慕尼黑、科隆、法兰克福等5座城市，到2022年年底拓展至30座城市，覆盖1600万人口。O西班牙电信德国子公司：将与华为开展5G合作 收起全文d\n", "author": "环球时报", "time": "环球时报2019年12月12日14:30 来自微博weibo.com", "transmit": " 转发 47", "comment": "评论 89", "zan": " 603"}, {"text": "\n                    这个城市中还有你未曾探索的角落吗？带上#华为WatchGT#2 和我一起#只管去跑#。你有多强？城市的尽头在哪？咱们路上跑着瞧。大家想去探索哪座城市呢～ ​                ", "author": "潘那白", "time": "潘那白2019年12月12日10:00 来自微博weibo.com", "transmit": " 转发 4583", "comment": "评论 5560", "zan": " 6363"}, {"text": "\n                    一次学习的旅程💫一次火星的体验☄️这次交到了很多朋友，在回忆中又添了些独特的滋味，不可替代，无法重复，天气很冷，但是心暖。谢谢华为让我看到了夜空中最亮的星，谢谢大鹅给我温暖，谢谢GQ的安排！感恩！#GQ1000观星之旅# ​                ", "author": "邓见超marc", "time": "邓见超marc2019年12月12日15:18", "transmit": " 转发 101", "comment": "评论 314", "zan": " 1492"}, {"text": "\n#易烊千玺九宫格自拍分开发#等到了四字弟弟的九宫格自拍，就看看各路美女大不一样的自拍吧~#华为nova6# 5G今日开售 ，速度抢购，拍起来~ ​                ", "author": "迷失的豆包Baby", "time": "迷失的豆包Baby2019年12月12日23:05 来自微博weibo.com", "transmit": " 转发 5547", "comment": "评论 6151", "zan": " 9887"}, {"text": "\n华为派人专门给“杂交水稻之父”袁隆平院士送上了一部全新的Mate30 RS保时捷设计手机。对此，有网友表示，华为这事办的真敞亮。值得一提的是，袁隆平院士已经89岁高龄了，还在默默无私奉献工作，袁老的思想境界值得我们每个人学习和尊重。 ​                ", "author": "最奇趣的视频", "time": "最奇趣的视频2019年12月12日13:24", "transmit": " 转发 75", "comment": "评论 255", "zan": " 2965"}, {"text": "\n                    【外媒宣称中国驻丹麦大使“威胁”法罗群岛用华为，丹麦政府澄清】2019年12月12日，外交部发言人华春莹主持例行记者会，有记者提问称，昨天有外国记者问到中国驻丹麦大使“威励”法罗群岛使用华为5G设备的问题，丹麦政府是否就此向中方进行澄清?对此，外交部发言人华春莹表示，丹麦方面已经向中方明 ​  展开全文c \n                    【外媒宣称中国驻丹麦大使“威胁”法罗群岛用华为，丹麦政府澄清】2019年12月12日，外交部发言人华春莹主持例行记者会，有记者提问称，昨天有外国记者问到中国驻丹麦大使“威励”法罗群岛使用华为5G设备的问题，丹麦政府是否就此向中方进行澄清?对此，外交部发言人华春莹表示，丹麦方面已经向中方明确表示，近日有关媒体报道内容并不完全属实。我们注意到，丹麦外交大臣昨天向丹麦媒体明确表示:“有关丹麦外交部告诉法罗政府最好不选择华为作为5G供应商的报道是错误的。通信行业属法罗自主决策的领城，如何选择5G供应商是法罗自己的事。相互尊重和遵守国际规则是丹麦外交政策的基础，适用于丹麦与其他国家交往，包括与中国良好的伙伴关系。”法罗自治政府总理和外交部长也向媒体表示，从未在与中方交流中感受到威胁或胁迫，与中国大使会面是在相互尊重的基础上进行的良好、具有建设性的对话。法罗一些政党负责人和民众都认为美国大使日前公开阻止法罗同华为开展5G合作极为不合适，法罗虽小，但不会受制于美国压力，影响自己独立决策。大家恐怕都还记得，前不久美国驻丹麦大使、驻德国大使就中国同有关国家合作问题发出的公开威胁言论引起丹麦、德国两国政府和民众的强烈不满。中方不会这么做。我们愿同丹方共同努力深化政治互信，加强务实合作，本着平等和相互尊重的精神，推动中丹互利合作不断取得成果。 O外媒宣称中国驻丹麦大使“威胁”法罗群岛用华为，丹麦政府澄清 收起全文d\n", "author": "环球时报", "time": "环球时报2019年12月12日16:10 来自微博weibo.com", "transmit": " 转发 41", "comment": "评论 84", "zan": " 699"}, {"text": "\n                    在“火星”中竟然置身于浩瀚的星海，和@张雪迎Sophie 一起在#华为nova6#5G的105°超广角自拍中寻找最真实的自己！#自拍大不一样#，今天开售！已入手 ​                ", "author": "房琪kiki", "time": "房琪kiki2019年12月12日16:20 来自微博weibo.com", "transmit": " 转发 379", "comment": "评论 414", "zan": " 1725"}, {"text": "\n#易烊千玺九宫格自拍分开发#易烊千玺不仅带我们解锁了九宫格的全新打开方式，更探索了#华为nova6# 5G大不一样的自拍。以后拍美妆教程就用它！特写拍妆容细节不虚焦！ ​                ", "author": "徐苗Xm", "time": "徐苗Xm2019年12月12日22:45 来自微博weibo.com", "transmit": " 转发 2630", "comment": "评论 1007", "zan": " 6112"}, {"text": "\n                    【#签约报告显示华为成为名校收割机#，签约人数最多的是浙江大学】日前广州日报数据和数字化研究院（GDI智库）发布《“双一流”建设高校毕业生就业匹配数鉴》。数据显示，“双一流”建设高校毕业生选择人数排名前三的行业是：计算机、通信和其他电子设备制造业，建筑行业，金融。签约排名中，华 ​  展开全文c \n                    【#签约报告显示华为成为名校收割机#，签约人数最多的是浙江大学】日前广州日报数据和数字化研究院（GDI智库）发布《“双一流”建设高校毕业生就业匹配数鉴》。数据显示，“双一流”建设高校毕业生选择人数排名前三的行业是：计算机、通信和其他电子设备制造业，建筑行业，金融。签约排名中，华为出现频率最高，而华为签约人数最多的是浙江大学，其次是西北工业大学。@梨视频文化 L梨视频文化的秒拍视频 收起全文d\n", "author": "梨视频", "time": "梨视频2019年12月12日09:47 来自社会热点·视频社区", "transmit": " 转发 32", "comment": "评论 98", "zan": " 375"}, {"text": "\n                    【“法罗虽小，但不会受制于美国压力” 中国外交部公开辟谣】丹麦外交大臣表示：“有关丹方告诉法罗政府最好不选择华为作为5G供应商的报道是错误的”；中国外交部发言人华春莹也表示，大家恐怕都还记得，前不久美国驻丹麦大使、驻德国大使就中国同有关国家合作问题发出的公开威胁言论引起丹麦、德国两 ​  展开全文c \n                    【“法罗虽小，但不会受制于美国压力” 中国外交部公开辟谣】丹麦外交大臣表示：“有关丹方告诉法罗政府最好不选择华为作为5G供应商的报道是错误的”；中国外交部发言人华春莹也表示，大家恐怕都还记得，前不久美国驻丹麦大使、驻德国大使就中国同有关国家合作问题发出的公开威胁言论引起丹麦、德国两国政府和民众的强烈不满。中方不会这么做。L小央视频的秒拍视频 @小央视频 #外交部称想黑中国也请用点脑子# #全球政要# 收起全文d\n", "author": "新浪军事", "time": "新浪军事2019年12月12日20:30 来自社会热点·视频社区", "transmit": " 转发 32", "comment": "评论 17", "zan": " 347"}, {"text": "\n                    十几个小时没发微博了，不知道又有哪些小可爱想我到流泪。别想了，可爱的人正在读我的文案呢哈哈哈！  今天让我来教教你们如何在家就可以拍出好看的写真！我选择使用了#华为畅享#10S，立即体验4800万高清三摄拍照不用修的快感，同时拥有一番自拍一整天都不怎么担心充电的安全感。果然，女生的幸福只 ​  展开全文c \n                    十几个小时没发微博了，不知道又有哪些小可爱想我到流泪。别想了，可爱的人正在读我的文案呢哈哈哈！  今天让我来教教你们如何在家就可以拍出好看的写真！我选择使用了#华为畅享#10S，立即体验4800万高清三摄拍照不用修的快感，同时拥有一番自拍一整天都不怎么担心充电的安全感。果然，女生的幸福只有4000mAh的超强续航大电池能给。 拍摄全程都不用担心光线不够，顺光逆光都清晰，AI夜拍功能还那么强大～120°超广角镜头记录更多精彩瞬间，不用担心朋友和风景想拍但拍不全，还有自动美颜俘虏我的芳心！简直喜欢到哭。  小可爱们赶紧学起来，一起和我在家拍拍拍～#包子的VLOG# L包纸包纸肉肉的微博视频 收起全文d\n", "author": "包纸包纸肉肉", "time": "包纸包纸肉肉2019年12月12日20:00 来自微博weibo.com", "transmit": " 转发 186", "comment": "评论 908", "zan": " 4382"}, {"text": "\n                    过年带一部5g手机回家，你会带哪款？华为Mate30 Pro 小米9 Pro 荣耀V30 Provivo NEX 3 你会带哪款5g手机？ ​                ", "author": "搞机爵士", "time": "搞机爵士2019年12月12日16:42", "transmit": " 转发 16", "comment": "评论 136", "zan": " 6990"}, {"text": "\n                    假如有平行宇宙，也许会存在很多不同色彩的星球。穿梭在浩瀚星河，来一场时空穿越之旅，你想居住在哪颗nova星呢？#华为nova6# ​                ", "author": "LOST7_", "time": "LOST7_2019年12月12日19:00 来自微博weibo.com", "transmit": " 转发 882", "comment": "评论 448", "zan": " 680"}, {"text": "\n                    一望无际的荒漠戈壁、夜空星河……即便火星再大，也能用自拍装下。此次@张雪迎Sophie 与她的伙伴们来到冷湖火星营地，使用#华为nova6#与我们分享了大不一样的观星之旅。↓赶快观看影片，一同探秘火星。#自拍大不一样# L华为终端官方微博的微博视频 ​                ", "author": "华为终端官方微博", "time": "华为终端官方微博2019年12月12日16:03 来自手机平板·视频社区", "transmit": " 转发 1416", "comment": "评论 1386", "zan": " 1783"}, {"text": "\n#自拍大不一样#穿着宇航服在火星上漫步，nova6视界里的日落与星河浪漫又独特，自拍装下在奇妙“火星”上的你。#华为nova6#系列今日开售，去和@张雪迎Sophie 一起在105°前置超广角镜头中体验大不一样的世界吧！ ​                ", "author": "私服街拍", "time": "私服街拍2019年12月12日16:00 来自微博weibo.com", "transmit": " 转发 259", "comment": "评论 282", "zan": " 1373"}, {"text": "\n                    发布了头条文章：《降低风险偏好》 财经每日必读 #微博赚钱季#周四股权/公告+华为/科技（半导体/芯片/5G）+新能源汽车最强，区块链+次新/科创+大基建/周期等板块调整，养殖板块有企稳的迹象;主板缩量下跌（预设明日回踩调整，注意观察成交量能否有效放大）强势股接力的亏钱效应再次放大，明日 ​  展开全文c \n                    发布了头条文章：《降低风险偏好》 财经每日必读 #微博赚钱季#周四股权/公告+华为/科技（半导体/芯片/5G）+新能源汽车最强，区块链+次新/科创+大基建/周期等板块调整，养殖板块有企稳的迹象;主板缩量下跌（预设明日回踩调整，注意观察成交量能否有效放大）强势股接力的亏钱效应再次放大，明日南宁百货，晶方科技，华兴源创等作为情绪标杆观察，空间板高度到7板，首板数量减少，明日强势股接力赚钱效应大概会下降，操作难度增大，早盘不要着急入场接力，先观察强势股接力的亏钱效应会不会继续发散，降低风险偏好，最优策略是低吸主线板块人气股和超跌中小创板块等轮动补涨，低吸富一生。  O降低风险偏好 收起全文d\n", "author": "lesliesay", "time": "lesliesay2019年12月12日17:00 来自微博weibo.com", "transmit": " 转发 408", "comment": "评论 170", "zan": " 597"}, {"text": "\n                    刚才看到这么一件事情，网友表示昨晚喝醉了，第二天找手机就看到了这样，这是华为P20 Pro吧，这质量杠杠的#华为# ​                ", "author": "科技商说", "time": "科技商说2019年12月12日13:14 来自iPhone11Pro", "transmit": " 转发 59", "comment": "评论 484", "zan": " 2375"}]