[{"text": "\n易烊千玺 华为爸爸太给力了[米奇大哭][米奇大哭]满街都是nova全球代言人易烊千玺，无需偶遇，闭着眼睛随便走都能遇见，表白了一路收获一台nova4模型，和家里那台nova3的模型放一起，哎呀外面那层膜我都不舍得撕掉，还有《英语街》是宝贝封面哦，去get吧 ​  展开全文c \n易烊千玺 华为爸爸太给力了[米奇大哭][米奇大哭]满街都是nova全球代言人易烊千玺，无需偶遇，闭着眼睛随便走都能遇见，表白了一路收获一台nova4模型，和家里那台nova3的模型放一起，哎呀外面那层膜我都不舍得撕掉，还有《英语街》是宝贝封面哦，去get吧@TFBOYS-易烊千玺 yyqx 四字弟弟 收起全文d\n", "author": "易喵燚烊", "time": "易喵燚烊2018年12月22日11:44 来自易烊千玺超话", "transmit": " 转发 735", "comment": "评论 143", "zan": " 782"}, {"text": "\n                    本来很NC的问题，我都不想点进去看，结果手滑点了下，底下回答非常精彩，全都是华为有自己的系统，有自己的芯片……… ​                ", "author": "科技疯报", "time": "科技疯报2018年12月22日17:44", "transmit": " 转发 195", "comment": "评论 1055", "zan": " 1534"}, {"text": "\n                    【转身！捷克国安委：纠正政府要求公务员禁用华为手机的错误做法】新华社布拉格12月22日电（记者王义）捷克国家安全委员会21日发表声明，纠正政府日前要求机关工作人员停止使用华为手机的错误做法。声明说，之前捷克国家网络与信息安全办公室发布的“安全警示”不涉及普通用户和终端设备，该办公室也无 ​  展开全文c \n                    【转身！捷克国安委：纠正政府要求公务员禁用华为手机的错误做法】新华社布拉格12月22日电（记者王义）捷克国家安全委员会21日发表声明，纠正政府日前要求机关工作人员停止使用华为手机的错误做法。声明说，之前捷克国家网络与信息安全办公室发布的“安全警示”不涉及普通用户和终端设备，该办公室也无权评估其他国家的国际政治局势或法律和政治环境。声明说，捷克对所有合法外国投资持开放态度，并将继续为其提供有利环境。 O转身！捷克国安委：纠正政府要求公务员禁用华为手机的错误做法 （新华社） 收起全文d\n", "author": "环球网", "time": "环球网2018年12月22日23:21", "transmit": " 转发 46", "comment": "评论 43", "zan": " 272"}, {"text": "\n                    【华为轮值董事长胡厚崑：美国拿什么证明华为不安全？】12月18日下午胡厚崑在东莞新园区与来自14家Top国际媒体的记者举行了媒体圆桌。在采访中，胡厚崑表示，对于安全指控，最好是让事实说话。事实是：华为一直保持着良好的网络安全记录，30年来没有发生过严重的网络安全事件。O华为轮值董事长胡厚崑：美国拿什么证明华为不安全？ ​                ", "author": "新浪财经", "time": "新浪财经2018年12月22日21:45 来自微博weibo.com", "transmit": " 转发 71", "comment": "评论 312", "zan": " 231"}, {"text": "\n                    今年平安夜和谁过？12月24日，#华为nova4#奇遇照相馆蜜语红主题日，@魏大勋 陪你一起度过甜蜜平安夜。 ​                ", "author": "华为终端官方微博", "time": "华为终端官方微博2018年12月22日10:32 来自nova4自拍极点全面屏", "transmit": " 转发 2648", "comment": "评论 799", "zan": " 1511"}, {"text": "\n                    【捷克政府正式发表声明：纠正对华为的错误警示】12月21日，捷克国家安全委员会正式发表声明，对捷克网络监管部门——国家网络与信息安全办公室(NÚKIB) 主任杜桑•纳夫拉蒂尔，在此前关于把华为公司的软件与硬件产品引入到关键的国家系统中，可能构成威胁的声明进行了纠正。O捷克政府正式发表声明：纠正对华为的错误警示 ​                ", "author": "每日经济新闻", "time": "每日经济新闻2018年12月22日23:40 来自微博weibo.com", "transmit": " 转发 43", "comment": "评论 18", "zan": " 215"}, {"text": "\n                    【华为轮值董事长胡厚崑：美国拿什么证明华为不安全？】12月18日华为轮值董事长胡厚崑在采访中表示，对于安全指控，最好是让事实说话。华为一直保持良好的网络安全记录，过去三十年里未发生过严重网络事故、没有网络安全隐患、没有任何证据证明华为在做有损于任何国家安全的事情。O华为轮值董事长胡厚崑：美国拿什么证明华为不安全？ ​                ", "author": "新浪科技", "time": "新浪科技2018年12月22日22:42 来自微博weibo.com", "transmit": " 转发 58", "comment": "评论 123", "zan": " 152"}, {"text": "\n#华为终端全球荟#近日，华为在吉隆坡Atlas Gourmet Market开启了华为圣诞之夜活动，为回馈品牌合作商和消费者的支持，现场不仅有各式各样的美味食物和精彩的圣诞表演，还有圣诞老人和麋鹿小姐等为大家送上祝福。感谢大家一如既往的喜爱与支持！ ​                ", "author": "华为终端公司", "time": "华为终端公司2018年12月22日21:11 来自微博weibo.com", "transmit": " 转发 36", "comment": "评论 27", "zan": " 201"}, {"text": "\n#朝华集#不管南北，不论距离，冬至的美味都充满AI。拍下家乡最特殊的冬至美食，把这份暖意分享给小编和花粉们吧！#华为Mate20# ​                ", "author": "华为手机", "time": "华为手机2018年12月22日08:39 来自HUAWEIMate20Pro", "transmit": " 转发 25", "comment": "评论 78", "zan": " 393"}, {"text": "\n                    要攀爬要扎根要抵御冷硬枯瘠又要精致剔透，还要在光里温柔。#华为手机随手拍##手机摄影##西藏植物# ​                ", "author": "洛画上骨", "time": "洛画上骨2018年12月22日23:03 来自想爬樹的iPhone7Plus", "transmit": " 转发 12", "comment": "评论 54", "zan": " 234"}, {"text": "\n易烊千玺#1000# 盖个章(〃'▽'〃)@TFBOYS-易烊千玺 久违的柯兔系列终于更新啦 柯兔系列3👉🏻O网页链接易烊千玺，千玺，四字弟弟，四字，yyqx，qx，yyqx caseec，四字弟弟 华为，四字弟弟 阿易，四字弟弟 应援，四字弟弟 bv，yyqx 酷，yyqx 猫，yyqx ins ​                ", "author": "馒头烧仙草", "time": "馒头烧仙草2018年12月22日16:53 来自易烊千玺超话", "transmit": " 转发 510", "comment": "评论 149", "zan": " 429"}, {"text": "\n                    今日#冬至#，吃一碗热水饺，至味暖心窝，祝大家阖家团圆福相伴！华为Mate 20系列HiVision卡路里识别，“芯”知热量与爱。关注+带话题#华为Mate20#转发微博说说此时此刻，你最想和谁一起______过冬至，由@微博抽奖平台 随机抽送 华为备咖存储（英伦灰）2个。[广告] ​                ", "author": "华为终端公司", "time": "华为终端公司2018年12月22日09:23 来自微博weibo.com", "transmit": " 转发 488", "comment": "评论 556", "zan": " 462"}, {"text": "\n#两分搬运工# 华为暖心圣诞节广告：聆听天使的声音华为与合作伙伴共同设计了一款帮助聋哑儿童阅读的app StorySign，可将文字翻译成手语，用卡通形象演绎出来，以帮助失聪儿童进行阅读学习！ 关爱，让科技更有温度。L两分的秒拍视频 ​                ", "author": "两分", "time": "两分2018年12月22日10:00 来自微博weibo.com", "transmit": " 转发 32", "comment": "评论 8", "zan": " 63"}, {"text": "\n                    任正非很清醒、很坚定，善于韬晦。任正非在很大程度上决定了华为的高度和韧性。 O网页链接 ​                ", "author": "短线刀客888", "time": "短线刀客8882018年12月22日11:37 来自三星GALAXYNote8", "transmit": " 转发 14", "comment": "评论 8", "zan": " 53"}, {"text": "\n华为WATCH GT，12月3日冲的电，到今天19天，戴了10天，放桌子上12天（戴几天就放几天），现在还有21%的电量（用的华为自己开发的系统+双芯片）。其他智能手表要反思下了 ​                ", "author": "C科技", "time": "C科技2018年12月22日17:00", "transmit": " 转发 11", "comment": "评论 102", "zan": " 179"}, {"text": "\n                    【公司规定#用苹果产品每月扣500元#工资，买国产电子产品补贴一半的钱】近日，安徽阜阳一公司下发通知，员工使用苹果电子产品，每月工资扣除500元，凡新购华为电子产品，均按照实际购买价的50%进行补贴。律师说，虽然有爱国引导作用，但用什么是员工的自由。#微博赚钱季#  ​  展开全文c \n                    【公司规定#用苹果产品每月扣500元#工资，买国产电子产品补贴一半的钱】近日，安徽阜阳一公司下发通知，员工使用苹果电子产品，每月工资扣除500元，凡新购华为电子产品，均按照实际购买价的50%进行补贴。律师说，虽然有爱国引导作用，但用什么是员工的自由。#微博赚钱季# L一手video的秒拍视频 收起全文d\n", "author": "微博股票点评团", "time": "微博股票点评团2018年12月22日11:50 来自微博云剪", "transmit": " 转发 61", "comment": "评论 19", "zan": " 20"}, {"text": "\n华为Nova4标配版主摄缩水也太搞笑了 ​                ", "author": "请不要叫我测评君", "time": "请不要叫我测评君2018年12月22日13:37 来自三星GalaxyNote9", "transmit": " 转发 9", "comment": "评论 118", "zan": " 310"}, {"text": "\n                    根据爆料哥evleaks的爆料，华为P30将会使用后置三摄，主摄为4000万像素摄像头，支持5倍无损变焦。前置为2400万像素摄像头。这还不是Pro版的配置……太恐怖了吧？不过这似乎跟大家疯传的后置四摄有点出入。 ​                ", "author": "锋潮科技", "time": "锋潮科技2018年12月22日18:39", "transmit": " 转发 14", "comment": "评论 85", "zan": " 76"}, {"text": "\n                    团结就是力量，我们是一家人！#林更新后悔更新#华为 L红星竹雨的微博视频 ​                ", "author": "红星竹雨", "time": "红星竹雨2018年12月22日16:24 来自小米8周年旗舰手机", "transmit": " 转发 20", "comment": "评论 13", "zan": " 83"}, {"text": "\n#对TA说晚安#古人讲，冬至一阳生，为大吉之日。各地庆冬至有不一样的习俗。北方地区有宰羊、吃饺子的习俗，南方地区则多吃米团、汤圆，而苏南人却有吃大葱炒豆腐的习惯......【你的家乡是如何过冬至的？】转评，小云将抽一位送出华为耳机。 ​                ", "author": "华为终端云服务", "time": "华为终端云服务2018年12月22日22:04 来自对TA说晚安超话", "transmit": " 转发 201", "comment": "评论 272", "zan": " 149"}, {"text": "\n                    将“AI”收入盒里、放进心里，华为产品大家族满载祝福而来，预祝大家都能达成#2018最后的期待#！关注并转发本微博，说说你在视频中共认出了多少个华为产品，我将抽送HUAWEI FreeBuds 2 无线耳机（陶瓷白）3个给大家 ，圣诞节当天@微博抽奖平台 公布！O网页链接L华为终端公司的秒拍视频 ​  展开全文c \n                    将“AI”收入盒里、放进心里，华为产品大家族满载祝福而来，预祝大家都能达成#2018最后的期待#！关注并转发本微博，说说你在视频中共认出了多少个华为产品，我将抽送HUAWEI FreeBuds 2 无线耳机（陶瓷白）3个给大家 ，圣诞节当天@微博抽奖平台 公布！O网页链接L华为终端公司的秒拍视频 ​​​ 收起全文d\n", "author": "微观新乡", "time": "微观新乡2018年12月22日12:11 来自HUAWEIMate9", "transmit": " 转发 78", "comment": "评论 80", "zan": " 13"}, {"text": "\n                    现在看华为的商标，越看越好看。一瓣一瓣的，仔细琢磨才读懂，原来是把苹果给切了。 ​                ", "author": "爱情大咖", "time": "爱情大咖2018年12月22日17:03 来自微博weibo.com", "transmit": " 转发 89", "comment": "评论 12", "zan": " 72"}, {"text": "\n易烊千玺#一心一意，易烊千玺# 宝贝冬至快乐 记得吃饺子呀@TFBOYS-易烊千玺 #Don't Tie Me Down-TFBOYS-易烊千玺# LRoseraie1128的秒拍视频 yyqx 帅 yyqx 中戏 yyqx 中戏第一 yyqx 可爱 yyqx 酷 yyqx 华为nova 全球代言人 yyqx 天猫代言人 yyqx  adidasneo yyqx 好 ​  展开全文c \n易烊千玺#一心一意，易烊千玺# 宝贝冬至快乐 记得吃饺子呀@TFBOYS-易烊千玺 KDon't Tie Me Down-TFBOYS-易烊千玺 LRoseraie1128的秒拍视频 yyqx 帅 yyqx 中戏 yyqx 中戏第一 yyqx 可爱 yyqx 酷 yyqx 华为nova 全球代言人 yyqx 天猫代言人 yyqx  adidasneo yyqx 好爸爸洗衣液  yyqx 少年的你 yyqx 长安十二时辰  yyqx 艳势番之新青年  yyqx 沙宣全球代言 yyqx Bottega Veneta 亚太区代言人 yyqx 葆蝶家 yyqx 收起全文d\n", "author": "如此这般喜欢千呀", "time": "如此这般喜欢千呀2018年12月22日17:57 来自易烊千玺超话", "transmit": " 转发 60", "comment": "评论 182", "zan": " 143"}, {"text": "\n华为公主孟晚舟演讲：未来将会选择什么样的年轻人，值得大家看完……一起认识下孟晚舟 L皓伦王明川的秒拍视频 ​​​                ", "author": "刀兄", "time": "刀兄2018年12月22日11:32", "transmit": " 转发 104", "comment": "评论 15", "zan": " 60"}, {"text": "\n                    各所谓民主自由国家纷纷官方表态，由政府出手，禁止采购使用华为或其他中国公司的产品。奇怪的是，国内许多人一点反应都没有，好像全都选择性瞎了。这事一定要换位思考一下。如果中国政府也这么干的话，比如禁止体制内人员使用苹果，会是什么个反应？最先跳起来的应该是国内的公知推墙党们，套路 ​  展开全文c \n                    各所谓民主自由国家纷纷官方表态，由政府出手，禁止采购使用华为或其他中国公司的产品。奇怪的是，国内许多人一点反应都没有，好像全都选择性瞎了。这事一定要换位思考一下。如果中国政府也这么干的话，比如禁止体制内人员使用苹果，会是什么个反应？最先跳起来的应该是国内的公知推墙党们，套路都替他们想好了，大体肯定要痛心疾首表示这是公权对自由的压制，什么暴政专制等等？第二个炸掉的大概就是用苹果的体制内人士，多年松散的思想教育管理和大环境影响下的个人权利意识膨胀，分分钟就有无数人明里暗里地反对，一边反对还要一边表现自己的独特高明。第三个，大概才轮得到相关外国反对。中国的事情，外因从来都不可怕。攘外必先安内。 收起全文d\n", "author": "季和之语", "time": "季和之语2018年12月22日23:42 来自HUAWEIP20Pro", "transmit": " 转发 90", "comment": "评论 30", "zan": " 119"}, {"text": "\n华为轮值董事长胡厚崑点名美国：拿什么证明华为不安全？O网页链接 ​                ", "author": "但斌", "time": "但斌2018年12月22日23:23 来自iPhone客户端", "transmit": " 转发 18", "comment": "评论 33", "zan": " 71"}, {"text": "\nO当美国要和你谈法律，就先忘了正义和道德吧…… | 科技袁人这一期科技袁人，袁老师和我们聊一聊一个和科技看上去不那么有关，但最近又对中国科技影响特别大的东西——美国法律。实际上，由于华为的原因，尤其是孟晚舟的被捕，使得许多中国人才第一次意识到美国的“恶法”——就是常常用国内法去干预别国的公司甚至国家的行为。然而这种做 ​  展开全文c \nO当美国要和你谈法律，就先忘了正义和道德吧…… | 科技袁人这一期科技袁人，袁老师和我们聊一聊一个和科技看上去不那么有关，但最近又对中国科技影响特别大的东西——美国法律。实际上，由于华为的原因，尤其是孟晚舟的被捕，使得许多中国人才第一次意识到美国的“恶法”——就是常常用国内法去干预别国的公司甚至国家的行为。然而这种做法，许多美国之外的大公司，早就已经屡见不鲜了，甚至在多年的“斗智斗勇”之后，摸索出了专门规避美国这种霸道做法的套路。但在那之前，首先要明确一点，当你和美国谈论这些的时候，这有关规则、有关技术更有关政治，但唯独和正义、道德没有太大关系。视频链接腾讯视频：L科技袁人：当美国要和你谈法律，就先忘了正义和道德吧……哔哩哔哩：L科技袁人：当美国要和你谈法律，就先忘了道德和正义吧秒拍：L观视频工作室的秒拍视频部分评论CCCP君：西方的讲道理的方式就是，能不用讲道理就绝对不会给你讲道理北海迷雾：国际法解决不了，美国人就搞个假的仲裁庭，仲裁被戳穿了，美国人就搞国内法来管，国内法大家不认，美国人就搞贸易战，贸易战打不到便宜，就开始搞跨国绑架，好嘛，你绑一个，我就抓你的特务头子、“水军都督”，那么下面还有什么手段呢？手段是无穷的，资本主义的一肚子坏水永远有使不尽的招数，但是他变招了，说明他放弃了失败的手段，正义的人们也乐于一次一次挫败他们的阴谋。 收起全文d\n", "author": "中科大胡不归", "time": "中科大胡不归2018年12月22日22:57 来自微博weibo.com", "transmit": " 转发 14", "comment": "评论 21", "zan": " 51"}, {"text": "\n                    昼短夜长冬至到，华为智选与你相伴！#海雀AI全景摄像头#愿每一个节日都能与您一起度过。关注@海雀科技 和 @华为智选 并评论转发留言冬至你最想表达得一句话，我们将在2018年12月26日抽奖送出华为智选全新生态产品#海雀AI全景摄像头#1台。 ​                ", "author": "海雀科技", "time": "海雀科技2018年12月22日09:56 来自微博weibo.com", "transmit": " 转发 149", "comment": "评论 144", "zan": " 53"}]