[{"text": "\n#折叠屏手机值得买吗#折叠屏手机虽然很贵，但从#三星首款折叠屏手机销量破百万#和华为Mate X发售即秒没的火爆销量就可以看出，价格还是拦不住很多有钱任性的消费者。你认为折叠屏手机值得买么？ ​​​​ 折叠屏手机值得买吗？ ​                ", "author": "新浪科技", "time": "新浪科技2019年12月13日11:41 来自微博weibo.com", "transmit": " 转发 14", "comment": "评论 41", "zan": " 3158"}, {"text": "\n                    今天是国家公祭日，小米、vivo、OPPO、魅族、坚果手机、联想，甚至索尼手机的日历都有提示……唯独华为手机没有，是忘了吗 ？ ​                ", "author": "王员外", "time": "王员外2019年12月13日19:30 来自真香警告", "transmit": " 转发 185", "comment": "评论 941", "zan": " 2800"}, {"text": "\n#折叠屏手机值得买吗#尽管售价接近2000美元，可靠性存疑，但#三星首款折叠屏手机销量破百万#，之前华为Mate X刚出也是发售即秒没，黄牛甚至把它炒到了8、9万的价格。价格昂贵、技术新鲜但可靠性存疑的折叠屏手机，你认为值得买吗？ #三星首款折叠屏手机销量破百万#你认为值得买吗? ​                ", "author": "微博科技", "time": "微博科技2019年12月13日11:28 来自微博weibo.com", "transmit": " 转发 4", "comment": "评论 3", "zan": " 2868"}, {"text": "\n#刘喵喵酱##你现在还敢露脚踝吗# 12月的好天气就是好心情今天是干练喵喵的翻包日记！大家外出办公的时候包里必备的东西是哪些呢？喵喵是气垫  耳机  香水  口红 🌟无线耳机绝对是21世纪最伟大设计之一！华为这款新年红是冲着颜值入的，没想到体验感意外的很棒🌟5ml的香水小样 ​  展开全文c \n#刘喵喵酱##你现在还敢露脚踝吗# 12月的好天气就是好心情今天是干练喵喵的翻包日记！大家外出办公的时候包里必备的东西是哪些呢？喵喵是气垫  耳机  香水  口红 🌟无线耳机绝对是21世纪最伟大设计之一！华为这款新年红是冲着颜值入的，没想到体验感意外的很棒🌟5ml的香水小样随身携带敲方便~随时随地补涂一下又是女神啦🌟口红气垫更是不用说啦，提升气色的好帮手👗：ByU高端定制👂🏻：华为FreeBuds 3👛：BVLGARI宝格丽 收起全文d\n", "author": "刘喵喵酱", "time": "刘喵喵酱2019年12月13日20:56 来自iPhoneX", "transmit": " 转发 154", "comment": "评论 984", "zan": " 5963"}, {"text": "\n#小Q分享# 这可能是2019年最全的互联网IT事件大盘点了：美国发布华为出口禁令、Java 12发布、996 ICU、Facebook总部员工跳楼自杀……那么2019对于你来说，印象最深的瓜又是哪个呢？香吗 ​                ", "author": "InfoQ", "time": "InfoQ2019年12月13日18:00 来自微博weibo.com", "transmit": " 转发 178", "comment": "评论 61", "zan": " 274"}, {"text": "\n                    这些黑子还联动营销hao，谁家团队又下场了？蒸煮糊出天际了吧。易烊千玺长什么样这就是街舞里看不见还是少年的你里看不见，爱奇艺尖叫之夜看不见还是腾讯音乐盛典看不见，澳门影展看不见还是华为发布会看不见这个月一直都在跑活动24小时在高清摄像头下面看不见他长什么样你们是瞎吗？收黑心钱的 ​  展开全文c \n                    这些黑子还联动营销hao，谁家团队又下场了？蒸煮糊出天际了吧。易烊千玺长什么样这就是街舞里看不见还是少年的你里看不见，爱奇艺尖叫之夜看不见还是腾讯音乐盛典看不见，澳门影展看不见还是华为发布会看不见这个月一直都在跑活动24小时在高清摄像头下面看不见他长什么样你们是瞎吗？收黑心钱的营销hao赚的钱都给你们全家买棺材了每个蹦跶的黑号你蒸煮拍一部扑一部唱一首糊一首cr L小餓图很多么的微博视频 收起全文d\n", "author": "鹿角千", "time": "鹿角千2019年12月13日11:00 来自易烊千玺超话", "transmit": " 转发 312", "comment": "评论 163", "zan": " 1957"}, {"text": "\n                    宝宝们晚上好啊～今天要安利给大家【冬日必备的雪花妆】这款妆整体的妆感比较淡，大家可以在眼角加上亮片进行点缀，会看起来更加的俏皮可爱化这款妆和姐妹们出门聚会时，自拍是一定少不了哒#华为nova6 5G今日开售#可以说无敌好用了，快去get吧~ ​                ", "author": "迷失的豆包Baby", "time": "迷失的豆包Baby2019年12月13日00:20 来自微博weibo.com", "transmit": " 转发 5353", "comment": "评论 5916", "zan": " 6584"}, {"text": "\n                    阿里、腾讯、百度、华为职级及薪资信息。 ​                ", "author": "洛杉矶房东", "time": "洛杉矶房东2019年12月13日12:04 来自微博weibo.com", "transmit": " 转发 1151", "comment": "评论 173", "zan": " 6040"}, {"text": "\n                    上次参加活动康辉用华为被说是安排的，这次被路人偶遇街拍到，还是用的华为Mate30 Pro。另一位央视主持人李思思裤兜装的像不像华为Mate30保时捷版？#数码##华为mate30# ​                ", "author": "建华Wei业", "time": "建华Wei业2019年12月13日13:20 来自HUAWEIMate20Pro", "transmit": " 转发 67", "comment": "评论 356", "zan": " 2345"}, {"text": "\n杨紫#杨紫林之校# 【打投小窍门】      连续几天的微博之夜打投，很多米米各展所长勇于实践，总结了很多小窍门，今天总结两个打投小窍门！大家都看一下！1.非华为小米手机没有手机分身，使用“平行空间”切换的小窍门！→_→O网页链接2.新号活跃度不够进不了群怎么办？→_→ ​  展开全文c \n杨紫#杨紫林之校# 【打投小窍门】      连续几天的微博之夜打投，很多米米各展所长勇于实践，总结了很多小窍门，今天总结两个打投小窍门！大家都看一下！1.非华为小米手机没有手机分身，使用“平行空间”切换的小窍门！→_→O网页链接2.新号活跃度不够进不了群怎么办？→_→O网页链接    感谢@互联网的半壁江山 ，@1992年11月6日 两位紫米的认真探索！有好的打投小窍门，投投欢迎大家踊跃投稿！     给@杨紫 投票，此条打卡目标100！ 收起全文d\n", "author": "杨紫网宣投票站", "time": "杨紫网宣投票站2019年12月13日17:43 来自杨紫超话", "transmit": " 转发 237", "comment": "评论 2101", "zan": " 4845"}, {"text": "\n                    【#2019互联网大佬十大怼#：华为小米干出新高度，曾经毒舌王思聪被怼无语，你站谁？】2019年即将“怼”完！马云灵魂拷问某些企业家不讲真话，又批国足很糟糕；小米华为商业互怼从年初到年尾；罗永浩嘲笑周杰伦被围殴。曾经“毒舌”王思聪今年被怼得无语。就问你站谁？#微盘点# L老板联播的微博视频 ​                ", "author": "新浪科技", "time": "新浪科技2019年12月13日12:34 来自财经·视频社区", "transmit": " 转发 32", "comment": "评论 33", "zan": " 133"}, {"text": "\n华为mate30pro太照骗了，水沟随手一拍也能拍成九寨沟～华为和苹果拍照对比图奉上 ​                ", "author": "麻子团购", "time": "麻子团购2019年12月13日00:26 来自iPhoneX", "transmit": " 转发 13", "comment": "评论 172", "zan": " 533"}, {"text": "\n                    翻到六七年前余承东和雷军亲密互动的微博，那个时候华为和小米还在亲密互动、相互鼓励，后来中国手机市场越来越激烈，两家也就成为了竞争最激烈的对手。 ​                ", "author": "测评君", "time": "测评君2019年12月13日19:58", "transmit": " 转发 77", "comment": "评论 182", "zan": " 760"}, {"text": "\n                    情侣间一吵架就拉黑？华为Share这个小功能可以做你的爱情神助攻。不用流量，面对面即可传图片、传视频、传文件，比蓝牙快N倍，赶紧去试试吧。带话题 #mate30华为Share# +评论，说说你对华为Share的喜爱，随机抽荣耀FlyPods Pro无线耳机 高配版 1个 ​ O抽奖详情 ​                ", "author": "华为终端云服务", "time": "华为终端云服务2019年12月13日11:00 来自微博weibo.com", "transmit": " 转发 642", "comment": "评论 680", "zan": " 240"}, {"text": "\n                    【#2019互联网大佬十大怼#：华为小米干出新高度，曾经毒舌王思聪被怼无语】2019年即将“怼”完！马云灵魂拷问某些企业家不讲真话，又批国足很糟糕；小米华为商业互怼从年初到年尾；罗永浩嘲笑周杰伦被围殴。曾经“毒舌”王思聪今年被怼得无语。就问你站谁？#微盘点# @老板联播  ​  展开全文c \n                    【#2019互联网大佬十大怼#：华为小米干出新高度，曾经毒舌王思聪被怼无语】2019年即将“怼”完！马云灵魂拷问某些企业家不讲真话，又批国足很糟糕；小米华为商业互怼从年初到年尾；罗永浩嘲笑周杰伦被围殴。曾经“毒舌”王思聪今年被怼得无语。就问你站谁？#微盘点# @老板联播 L老板联播的微博视频 收起全文d\n", "author": "梨视频", "time": "梨视频2019年12月13日14:24 来自财经·视频社区", "transmit": " 转发 33", "comment": "评论 33", "zan": " 199"}, {"text": "\n易烊千玺#屏幕党的自我修养# 看#易烊千玺2019玊尔演唱会#  当然是要配着麻浪烫+肥宅快乐水啦还有百草味小零食，吃完不要忘记喝优益C促进消化哦还有拿着华为手机配上@爱奇艺娱乐 爸爸超高清超速度的直播才可以哦！！！暑假第一次见到小千带了四个灯牌进去也挂了 ​  展开全文c \n易烊千玺#屏幕党的自我修养# 看#易烊千玺2019玊尔演唱会#  当然是要配着麻浪烫+肥宅快乐水啦还有百草味小零食，吃完不要忘记喝优益C促进消化哦还有拿着华为手机配上@爱奇艺娱乐 爸爸超高清超速度的直播才可以哦！！！暑假第一次见到小千带了四个灯牌进去也挂了四个（朋友给了我一个）电影包场也很努力的去了真的不想错过啊啊啊希望@爱奇艺娱乐 看看我机票酒店都订好了，还准备了场外应援真的不想错过易烊千玺首次个唱，也不想放弃，求求爸爸看看我吧 收起全文d\n", "author": "深夜有星", "time": "深夜有星2019年12月13日19:13 来自易烊千玺超话", "transmit": " 转发 132", "comment": "评论 53", "zan": " 98"}, {"text": "\n                    【国内首家！#华为获5G核心网电信设备进网许可证# 】近日，华为获得工业和信息化部颁发的“5G核心网电信设备进网许可证”。华为5G核心网支持2G/3G/4G/5G NSA/5G SA全融合，相关网元已按照进网规范一次性通过测试，符合国家规定的标准，准许接入公用电信网使用。O华为荣获国内首家5G核心网电信设备进网许可证 ​                ", "author": "新浪科技", "time": "新浪科技2019年12月13日20:22 来自微博weibo.com", "transmit": " 转发 41", "comment": "评论 74", "zan": " 271"}, {"text": "\n#华为平板MatePad Pro# 华为首款冠以Mate之名的高端旗舰平板——MatePad Pro已经开售，今天青山黛版图赏走一波～青山黛取天地之色彩，寓意远眺青山墨绿，看上去就相当端庄雅致，给人一种如诗如画的意境之美。素皮材质一改冰凉滑溜玻璃机身的触感，温润亲肤。不仅颜值炸裂，用来办公也相当轻松便捷，难 ​  展开全文c \n#华为平板MatePad Pro# 华为首款冠以Mate之名的高端旗舰平板——MatePad Pro已经开售，今天青山黛版图赏走一波～青山黛取天地之色彩，寓意远眺青山墨绿，看上去就相当端庄雅致，给人一种如诗如画的意境之美。素皮材质一改冰凉滑溜玻璃机身的触感，温润亲肤。不仅颜值炸裂，用来办公也相当轻松便捷，难得一见的高颜值智慧轻办公平板。 收起全文d\n", "author": "梁征-影像-生活", "time": "梁征-影像-生活2019年12月13日18:30 来自微博weibo.com", "transmit": " 转发 174", "comment": "评论 161", "zan": " 494"}, {"text": "\n                    新起点，从新形象开始。 对了，还有新手机，拥抱5G，继续支持华为。 2上海·上海静安嘉里商务中心 ​                ", "author": "疫苗与科学", "time": "疫苗与科学2019年12月13日12:19 来自HUAWEIMate305G", "transmit": " 转发 109", "comment": "评论 298", "zan": " 1805"}, {"text": "\n陈里 【昨夜今晨有啥事，我来说给大家听】各位朋友，早上好！今天是2019年12月13日，农历十一月十八，星期五。北京最高气温10℃，最低气温-5℃；出行提示：车辆尾号限行2，7【新闻提要】1、中央经济工作会议在北京举行2、商务部：今年中俄双边贸易额有望突破1100亿美元3、明年个税专项附 ​  展开全文c \n陈里 【昨夜今晨有啥事，我来说给大家听】各位朋友，早上好！今天是2019年12月13日，农历十一月十八，星期五。北京最高气温10℃，最低气温-5℃；出行提示：车辆尾号限行2，7【新闻提要】1、中央经济工作会议在北京举行2、商务部：今年中俄双边贸易额有望突破1100亿美元3、明年个税专项附加扣除：信息不变不用管，信息有变要更新4、吉林打击电信网络诈骗，避免经济损失6.11亿元5、阿里巴巴公益宝贝——扬帆计划图书捐赠仪式在玉山县举行6、南水北调工程累计调水量近300亿立方米，超1.2亿人直接受益7、河北南宫：屋顶光伏助力乡村振兴8、西班牙电信德国子公司：将与华为开展5G合作9、澳门妇幼发展成就展在京举行#微博中国# 关注公号“陈里”，了解更多资讯#新闻早班车##早新闻##微博中国#陈里超话 收起全文d\n", "author": "陈里", "time": "陈里2019年12月13日09:13 来自陈里超话", "transmit": " 转发 208", "comment": "评论 208", "zan": " 266"}, {"text": "\n                    #北大自杀女生的聊天记录#北大牟林翰事件，再次涌现和上周华为一样蚂蚁般级别的海啸舆情。北大不应像华为，以简陋的所谓尊重法律让法院去裁决来错误响应，既不必删帖，也不必要转发阴谋论或如三联生活周刊的假装专业的指责，危机应对的要害不是舆论，它是一场行动——至少当立即叫停牟林翰在巴彦淖尔支 ​  展开全文c \n                    #北大自杀女生的聊天记录#北大牟林翰事件，再次涌现和上周华为一样蚂蚁般级别的海啸舆情。北大不应像华为，以简陋的所谓尊重法律让法院去裁决来错误响应，既不必删帖，也不必要转发阴谋论或如三联生活周刊的假装专业的指责，危机应对的要害不是舆论，它是一场行动——至少当立即叫停牟林翰在巴彦淖尔支教。1，【事实，报道，舆论】在一个面对复杂真正世界的新闻学框架中，当舆情升级到海啸级别，必须响应。像上周华为这种傲慢的错误响应，消耗的都是国家、爱国网友的正能量，导致都是国家、华为整体品牌和爱国者来为企业的错误应对买单。法院都未判牟林翰有错，未判牟有罪，但北大不能学华为，更不能学三联生活周刊胡乱指证南周报道错误，再消耗舆论场上的正能量。2，也不能像华为推给法律（何况李洪元已由检察院判决国家赔偿，牟林翰未牵涉法律），北大自己必须采取行动响应舆情，牟林翰到内蒙古巴彦淖尔保研支教，虽不违法，但涉及违悖校规，当直接将其从巴彦淖尔奋斗中学召回。必须有在学校职权范围内可以采取的行动，这是对要害事实，南周报道，海啸舆情最好的响应。 #当事人回应北大女生自杀事件# 收起全文d\n", "author": "凯雷", "time": "凯雷2019年12月13日19:48 来自微博搜索", "transmit": " 转发 227", "comment": "评论 77", "zan": " 876"}, {"text": "\n                    说华为手机贵的，你们还是人吗？ ​                ", "author": "Geek_Cao", "time": "Geek_Cao2019年12月13日08:18 来自iPhone11ProMax", "transmit": " 转发 21", "comment": "评论 148", "zan": " 851"}, {"text": "\n#华为nova6# #自拍大不一样# 早晨起来，吃完早点，来一组自拍给自己打打气，逢考必过！！！ ​                ", "author": "洋葱时尚志", "time": "洋葱时尚志2019年12月13日08:54 来自nova5人像超级夜景", "transmit": " 转发 43", "comment": "评论 280", "zan": " 1749"}, {"text": "\n#折叠屏手机值得买吗#尽管售价接近2000美元，可靠性存疑，但#三星首款折叠屏手机销量破百万#，之前华为Mate X刚出也是发售即秒没，黄牛甚至把它炒到了8、9万的价格。价格昂贵、技术新鲜但可靠性存疑的折叠屏手机，你认为值得买么？O三星称其首款折叠机销量破百万 售价高昂近2000美元 ​                ", "author": "新浪科技", "time": "新浪科技2019年12月13日10:23 来自OPPOReno2", "transmit": " 转发 9", "comment": "评论 60", "zan": " 250"}, {"text": "\n                    【#华为回应MateX供货不足质疑# ：产品性能突出用户捧场】12月12日，三星电子总裁孙英权表示，#三星折叠屏手机销量破百万#，若Galaxy Fold按售价15999元算，已卖出近160亿。同为折叠屏手机的华为MateX 5G售价为16999元，多次开售都被秒空，引网友质疑其饥饿营销。联想也将发布首款折叠屏手机，售价为14 ​  展开全文c \n                    【#华为回应MateX供货不足质疑# ：产品性能突出用户捧场】12月12日，三星电子总裁孙英权表示，#三星折叠屏手机销量破百万#，若Galaxy Fold按售价15999元算，已卖出近160亿。同为折叠屏手机的华为MateX 5G售价为16999元，多次开售都被秒空，引网友质疑其饥饿营销。联想也将发布首款折叠屏手机，售价为1499美元。@五环短视频 L五环短视频的微博视频 收起全文d\n", "author": "电商在线", "time": "电商在线2019年12月13日18:22 来自财经·视频社区", "transmit": " 转发 39", "comment": "评论 111", "zan": " 490"}, {"text": "\n                    找到令你心动不已的暗夜精灵了吗？喜欢在夜间玩乐的都市夜游侠总是很难被镜头清晰捕捉，#华为nova6#后置4000万超感光暗拍，搭配30倍数码变焦技术，轻松捕捉你的暗夜之美~ L华为中国的微博视频 ​                ", "author": "华为中国", "time": "华为中国2019年12月13日19:00 来自微博weibo.com", "transmit": " 转发 33", "comment": "评论 571", "zan": " 3661"}, {"text": "\n                    手持几万块的华为mate X挤地铁，玩王者荣耀，这哥们什么水平。 图源网络，侵删。 ​                ", "author": "科技Yu", "time": "科技Yu2019年12月13日09:18", "transmit": " 转发 31", "comment": "评论 399", "zan": " 1456"}, {"text": "\n                    一天不打前列腺就发炎1.真要杠谁最早用侧面指纹，摩托罗拉ME860笑而不语，2011年4月上市，你Low耀7i算个锤子？国产首款侧面指纹也是努比亚最先造势，按你第二条的定义，谁先造势就是谁首发？都特么是供应链整合商，装什么孙子呢？2.你第一条说产品发布才是真首发，第二条又说技术发布才是真首 ​  展开全文c \n                    一天不打前列腺就发炎1.真要杠谁最早用侧面指纹，摩托罗拉ME860笑而不语，2011年4月上市，你Low耀7i算个锤子？国产首款侧面指纹也是努比亚最先造势，按你第二条的定义，谁先造势就是谁首发？都特么是供应链整合商，装什么孙子呢？2.你第一条说产品发布才是真首发，第二条又说技术发布才是真首发，最后又说首先开售才是真首发，到底什么是真首发？别人首发都是假首发，你首发才是真首发？自己打自己脸，玩儿呢？3.什么叫「国内厂家侧边指纹和打孔屏是华为首发」，自信点，有本事把「国内」俩字去掉 收起全文d\n", "author": "搞机Time", "time": "搞机Time2019年12月13日10:57 来自心系天下のAndroid", "transmit": " 转发 36", "comment": "评论 176", "zan": " 1209"}, {"text": "\n                    终于拿到了荣耀 V30 PRO，我当时在发布会现场没有体验这款手机的拍照效果，刚才随手试了一下真的惊呆了，这效果完全是顶级的拍照，不输 P30 Pro 和 Mate 30 Pro，华为的硬件软件直接下放啊开挂了 L李大锤同学的微博视频 ​                ", "author": "李大锤同学", "time": "李大锤同学2019年12月13日22:37", "transmit": " 转发 18", "comment": "评论 109", "zan": " 325"}, {"text": "\n征选作品集#hi十二月#惚而发现美最近加班其中一套图出炉华为MatePad Pro今天青山黛版图赏走一波～青山黛取天地之色彩……说实话这款pad的质感非常棒，拍摄的时候基本把小细节修干净即可!背景色调我们选择跟此款颜色顺色系的灰绿，画面简约突出主体希望大家喜欢…… ​                ", "author": "摄影师-happy惚惚", "time": "摄影师-happy惚惚2019年12月13日21:17 来自征选作品集超话", "transmit": " 转发 92", "comment": "评论 130", "zan": " 326"}]