[{"text": "\n                    身边很多人都在给亲朋好友推荐#华为Mate20#，性能好、拍照好、续航好……#华为Mate20#有八大理由让人无法拒绝！戳下面的图，给大家一一道来 O网页链接关注并转发本微博，说说哪个理由最让你心动，我将抽送1个运动款HUAWEI WATCH GT，下周一@微博抽奖平台 公布。 ​                ", "author": "余承东", "time": "余承东2018年12月04日20:24 来自HUAWEIMate20Pro", "transmit": " 转发 3362", "comment": "评论 3336", "zan": " 2128"}, {"text": "\n                    “土肥圆”求生记，减肥、保命必备神技了解一下？华为手机的这支土拨鼠视频居然拍出了迪士尼的“赶脚”，不愧是被手机耽误了的广告公司！ L华为终端官方微博的秒拍视频 ​                ", "author": "回忆专用小马甲", "time": "回忆专用小马甲2018年12月04日10:40 来自微博weibo.com", "transmit": " 转发 2094", "comment": "评论 785", "zan": " 2833"}, {"text": "\n                    这是一条自带声音的微博：土拨鼠的逃生新技能get，由#华为Mate20#友情提供 LMate20 AI卡路里识别 ​                ", "author": "华为终端官方微博", "time": "华为终端官方微博2018年12月04日10:00 来自微博weibo.com", "transmit": " 转发 11021", "comment": "评论 5098", "zan": " 26250"}, {"text": "\n华为到底是一家通信科技公司，还是一家电影公司？！不说了我要再去看十遍这只咆哮土拨鼠主演的视频。L华为终端官方微博的秒拍视频 ​                ", "author": "追风少年刘全有", "time": "追风少年刘全有2018年12月04日10:30 来自微博weibo.com", "transmit": " 转发 2283", "comment": "评论 1346", "zan": " 3131"}, {"text": "\n                    【快乐不止一点，湖小微福利来啦】十二月有大事发生！我们亲爱的合作伙伴，华为nova即将新品上市，转发此微博，随机抽取1位幸运宝宝获得nova3（6GB+128gb）一台！让我们与#华为nova4#一起创造更多美好。 ​                ", "author": "湖南卫视", "time": "湖南卫视2018年12月04日12:06 来自湖南卫视超话", "transmit": " 转发 7837", "comment": "评论 4377", "zan": " 3575"}, {"text": "\n                    最后一秒神转折，每一个胖子都注定无比机智！看了华为拍的土拨鼠视频，才知道为什么都说它是被手机耽误了的广告公司。 L华为终端官方微博的秒拍视频 ​                ", "author": "英国那些事儿", "time": "英国那些事儿2018年12月04日15:00 来自微博weibo.com", "transmit": " 转发 924", "comment": "评论 391", "zan": " 1627"}, {"text": "\n#福利来了# 眼界不止一点，#华为nova4#。关注并转发此微博，我们将随机抽取1人送一部nova3 (6GB+128GB）手机一台！12月24日，平安夜开奖哦 ​                ", "author": "深圳卫视", "time": "深圳卫视2018年12月04日10:00 来自微博weibo.com", "transmit": " 转发 4373", "comment": "评论 2803", "zan": " 2360"}, {"text": "\n                    简直笑出腹肌，华为这么快又做了一支广告视频，点开收获今日快乐源泉哈哈哈哈哈哈L华为终端官方微博的秒拍视频 ​                ", "author": "贴吧君", "time": "贴吧君2018年12月04日10:25 来自微博weibo.com", "transmit": " 转发 1373", "comment": "评论 657", "zan": " 2032"}, {"text": "\n#张老师课堂# 去年的这个时候，疯狂的丢手机，一个华为手机一个月丢了六次，每次都能找回来，终于给彻底丢了！最近开始疯狂丢耳机，这个耳机丢了今天第三遍了，又给找了回来，不知道丢到第几次就彻底回不来了！ ​                ", "author": "张雪峰老师", "time": "张雪峰老师2018年12月04日07:45 来自iPhone7", "transmit": " 转发 14", "comment": "评论 339", "zan": " 2036"}, {"text": "\n                    确认过眼神，我遇上对的土拨鼠。网红咆哮土拨鼠倾情主演最新华为CG动画片《美食的诱惑》L华为终端官方微博的秒拍视频 ​                ", "author": "呆十三", "time": "呆十三2018年12月04日10:55 来自微博weibo.com", "transmit": " 转发 805", "comment": "评论 361", "zan": " 1082"}, {"text": "\n                    【墙裂推荐】华为Mate 20的八大心动理由：汇聚大自然色彩的机身；体验更流畅的极致性能；多焦徕卡镜头随心切换；AI人像留色记录你的美好；更多心动体验，等你解锁。O网页链接关注+带话题#华为Mate20#转发微博说说最打动你的是_____，由@微博抽奖平台 随机抽送华为AI音箱 2个。[广告] ​                ", "author": "华为终端公司", "time": "华为终端公司2018年12月04日17:27 来自微博weibo.com", "transmit": " 转发 400", "comment": "评论 494", "zan": " 247"}, {"text": "\n#参考视界#【北斗系统VS美国GPS 中国后来者居上？】自2017年以来，中国迅速建立了一个导航卫星群与美国的全球定位系统（GPS）分庭抗礼。北斗系统定于2020年实现全球商业性覆盖，届时它将成为世界上仅有的三个全球导航系统之一。目前，华为、小米等中国多款手机已经与北斗系统兼容，中国制造的480万辆汽 ​  展开全文c \n#参考视界#【北斗系统VS美国GPS 中国后来者居上？】自2017年以来，中国迅速建立了一个导航卫星群与美国的全球定位系统（GPS）分庭抗礼。北斗系统定于2020年实现全球商业性覆盖，届时它将成为世界上仅有的三个全球导航系统之一。目前，华为、小米等中国多款手机已经与北斗系统兼容，中国制造的480万辆汽车亦然。并且，北斗系统正着手打入中国以外的地方↓↓ L参考消息的秒拍视频 收起全文d\n", "author": "参考消息", "time": "参考消息2018年12月04日20:10 来自微博weibo.com", "transmit": " 转发 44", "comment": "评论 27", "zan": " 157"}, {"text": "\n                    今天，一则侮辱“拆弹英雄”的恶搞广告引起众怒！而华为当年把防水广告做成催泪情感大戏，高下立判！ L吃瓜不可错过的秒拍视频 ​                ", "author": "吃瓜不可错过", "time": "吃瓜不可错过2018年12月04日20:26 来自赶紧多吃点Android", "transmit": " 转发 126", "comment": "评论 49", "zan": " 279"}, {"text": "\n华为再一次证明，自己是被手机耽误的电影公司。有的土拨鼠日常没有用好Mate20的卡路里识别，幸好后面关键时刻学会了 LHW前HR的秒拍视频 ​                ", "author": "HW前HR", "time": "HW前HR2018年12月04日12:08 来自HUAWEIMate20Pro", "transmit": " 转发 176", "comment": "评论 113", "zan": " 224"}, {"text": "\n@TFBOYS-易烊千玺 易烊千玺 中戏 中戏第一，yyqx帅，四字弟弟 yyqx szdd 四字 yyqx唱歌 yyqx舞台 yyqx舞蹈 华为nova 天猫 AdidasNeo 好爸爸 幻乐之城 这就是街舞 信中国 长安十二时辰 艳势番之新青年 丹麦旅游  yyqx 四字 中戏 大佬  李泌 阿易 烊烊 小千 野兽派 少年的你 沙宣全球代言人 Bottega Ven ​  展开全文c \n@TFBOYS-易烊千玺 易烊千玺 中戏 中戏第一，yyqx帅，四字弟弟 yyqx szdd 四字 yyqx唱歌 yyqx舞台 yyqx舞蹈 华为nova 天猫 AdidasNeo 好爸爸 幻乐之城 这就是街舞 信中国 长安十二时辰 艳势番之新青年 丹麦旅游  yyqx 四字 中戏 大佬  李泌 阿易 烊烊 小千 野兽派 少年的你 沙宣全球代言人 Bottega Veneta 亚太区代言人 葆蝶家 舒适圈 少年的你 小北 短发 封面 工作室LACOUSTIC原声_易烊千玺个站的秒拍视频 收起全文d\n", "author": "千苏大队长", "time": "千苏大队长2018年12月04日07:32", "transmit": " 转发 59", "comment": "评论 35", "zan": " 552"}, {"text": "\n                    机智如”土拨鼠“，关键时刻，能救你的只有#华为Mate20#HiVision卡路里识别了~L华为终端官方微博的秒拍视频 ​                ", "author": "华为终端公司", "time": "华为终端公司2018年12月04日12:04 来自微博weibo.com", "transmit": " 转发 49", "comment": "评论 89", "zan": " 177"}, {"text": "\n                    在危险面前，土拨鼠是怎么利用#华为Mate20#化险为夷的呢？快戳视频，Get土拨鼠的求生之道~L华为终端官方微博的秒拍视频 ​                ", "author": "华为手机", "time": "华为手机2018年12月04日14:10 来自HUAWEIMate20Pro", "transmit": " 转发 204", "comment": "评论 147", "zan": " 462"}, {"text": "\n                    走心了⋯提醒大家，圣(qing)诞(ren)节(jie)要到了。12月7日苏宁华为超级品牌日#谢谢你的AI# ，给你一个机会大胆说出AI~ L苏宁手机的秒拍视频 ​                ", "author": "吴小杰WJie", "time": "吴小杰WJie2018年12月04日11:30 来自微博weibo.com", "transmit": " 转发 40", "comment": "评论 128", "zan": " 158"}, {"text": "\n                    这个绝美视频又要被我搬出来欣赏1128次再入睡。【睡前净化】易烊千玺 四字 四字弟弟  yyqx唱歌 yyqx跳舞 帅 好看 好听 szdd 四字 四字好看 四字帅 四字唱歌好听 yyqx  szdd yyqx 帅 yyqx 可爱 yyqx 天猫 yyqx 华为 yyqx 中戏 yyqx 双料第一 yyqx 帅 yyqx 可爱 yyqx 天猫 yyqx 华为 yyqx 中戏 yyqx 双 ​  展开全文c \n                    这个绝美视频又要被我搬出来欣赏1128次再入睡。【睡前净化】易烊千玺 四字 四字弟弟  yyqx唱歌 yyqx跳舞 帅 好看 好听 szdd 四字 四字好看 四字帅 四字唱歌好听 yyqx  szdd yyqx 帅 yyqx 可爱 yyqx 天猫 yyqx 华为 yyqx 中戏 yyqx 双料第一 yyqx 帅 yyqx 可爱 yyqx 天猫 yyqx 华为 yyqx 中戏 yyqx 双料第一 ​​​视频cr. L潜游几何的微博视频 收起全文d\n", "author": "六桥温格", "time": "六桥温格2018年12月04日01:10 来自易烊千玺超话", "transmit": " 转发 55", "comment": "评论 4", "zan": " 292"}, {"text": "\n#易烊千玺MAHB盛典界定未来# #千玺在nova星等你# 16岁的帅傻子嘿，玩嗨了吧这么开心，不过现在看这些图有点冷，裹紧我的小被子@TFBOYS-易烊千玺 图源见水印#舒适圈##恒温动物##亲爱的，这里没有一个人#【易烊千玺 yyqx 华为nova 全球代言人 天猫代言人 adidasneo 好爸爸洗衣液 ​  展开全文c \n#易烊千玺MAHB盛典界定未来# #千玺在nova星等你# 16岁的帅傻子嘿，玩嗨了吧这么开心，不过现在看这些图有点冷，裹紧我的小被子@TFBOYS-易烊千玺 图源见水印K舒适圈K恒温动物K亲爱的，这里没有一个人【易烊千玺 yyqx 华为nova 全球代言人 天猫代言人 adidasneo 好爸爸洗衣液 野兽派 少年的你 长安十二时辰 艳势番之新青年 沙宣全球代言人 葆蝶家亚太区代言人 】【百炼成钢 梨涡少年】 收起全文d\n", "author": "重庆山城山大王", "time": "重庆山城山大王2018年12月04日19:06 来自易烊千玺超话", "transmit": " 转发 56", "comment": "评论 146", "zan": " 215"}, {"text": "\n#国家宪法日#【举案例说宪法，大检察官普法推进全民守法】近日，江苏省检察院检察长刘华为南京市金陵中学带来一堂题为的\"树立法治意识，书写精彩人生\"法治课。11月，广西壮族自治区检察院检察长崔智友出庭履职，办理高某故意伤害上诉案，并当庭开展宪法宣传和法治教育。O大检察官普法——开讲座，举案例，说宪法 ​                ", "author": "最高人民检察院", "time": "最高人民检察院2018年12月04日19:56 来自专业版微博", "transmit": " 转发 113", "comment": "评论 18", "zan": " 49"}, {"text": "\n                    前不久在国外权威机构对业界旗舰的测评中，具备麒麟980卓越性能+7.2英寸全景巨幕屏+5000mAh超大容量电池等xx的华为Mate 20 X以绝佳的游戏表现成为手机游戏能力冠军。同时我们针对散热、通信等都做了优化处理，即使在电梯等信号不好的空间也能保持很好的信号。L华为手机官方的秒拍视频 ​​​                ", "author": "华为何刚", "time": "华为何刚2018年12月04日15:19 来自HUAWEIMate20Pro", "transmit": " 转发 16", "comment": "评论 42", "zan": " 135"}, {"text": "\n                    📱为了宣传 Mate 20 系列「AI 卡路里识别」功能，华为制作了一条有趣的广告。拯救土拨鼠的，可能是自己的体重。 L少数派sspai的秒拍视频 ​                ", "author": "少数派sspai", "time": "少数派sspai2018年12月04日18:00 来自微博weibo.com", "transmit": " 转发 63", "comment": "评论 44", "zan": " 63"}, {"text": "\n                    这是一条自带声音的微博：土拨鼠的逃生新技能get，由#华为Mate20#友情提供 L华为终端官方微博的秒拍视频 ​                ", "author": "华为EMUI", "time": "华为EMUI2018年12月04日11:50 来自微博weibo.com", "transmit": " 转发 38", "comment": "评论 73", "zan": " 164"}, {"text": "\n                    这个华为 Mate 20 的广告动画做得不错啊哈哈~ L酷安网的秒拍视频 ​                ", "author": "酷安网", "time": "酷安网2018年12月04日20:31 来自秒拍网页版", "transmit": " 转发 14", "comment": "评论 34", "zan": " 78"}, {"text": "\n华为Mate 20 Pro 广告片的拍摄花絮。盖尔·加朵实力诠释什么叫演技爆表~L锋潮评测室的秒拍视频 ​                ", "author": "锋潮科技", "time": "锋潮科技2018年12月04日11:28 来自微博weibo.com", "transmit": " 转发 27", "comment": "评论 43", "zan": " 76"}, {"text": "\n                    【BA黑凤梨×上海哔哩哔哩篮球队🏀】黑凤梨电子竞技俱乐部 关注+转发，抽送华为 Mate20 X手机一部💖@华为终端官方微博 昨天探营活动圆满完成啦～谢谢@上海大鲨鱼官方微博 郑志龙教练和体能师的在线教学以及@VSPN-王者荣耀KPL  的全程跟拍，通过这次的活动交流，我们的神仙水教练@BA_SK   ​  展开全文c \n                    【BA黑凤梨×上海哔哩哔哩篮球队🏀】黑凤梨电子竞技俱乐部 关注+转发，抽送华为 Mate20 X手机一部💖@华为终端官方微博 昨天探营活动圆满完成啦～谢谢@上海大鲨鱼官方微博 郑志龙教练和体能师的在线教学以及@VSPN-王者荣耀KPL  的全程跟拍，通过这次的活动交流，我们的神仙水教练@BA_SK  成功取经，也意识到了电子竞技需要注重体能训练，有个好身体才能有更好的状态和发挥，今后队员们也会好好锻炼身体，保持一个好的状态继续努力向荣耀发起冲击！大家平时也要多锻炼哦，毕竟身体才是革命的本钱嘛。哔哩哔哩，期待下次活动再见啦！我们的靓仔们也先替大家体验了一番HUAWEI Mate20 X，他们都表示手机的屏幕很大手感超棒der，游戏体验感一流~你也想用上靓仔同款手机吗？快快动手转起来吧！ 收起全文d\n", "author": "BA黑凤梨电子竞技俱乐部", "time": "BA黑凤梨电子竞技俱乐部2018年12月04日21:19 来自HUAWEIMate20X", "transmit": " 转发 2259", "comment": "评论 2368", "zan": " 2069"}, {"text": "\n华为nova4：我12月17日~vivo NEX双屏版：我12月11日，比你早~三星Galaxy A8s：我12月10日，比你们两个都早~联想Z5s：截胡！我12月6日。 ​                ", "author": "手机中国", "time": "手机中国2018年12月04日08:39", "transmit": " 转发 19", "comment": "评论 78", "zan": " 60"}, {"text": "\n                    王怡苏VLOG81没错，本期的主题就是“黑一黑”华为Mate 20 Pro各种黑科技新功能好不好用？都在vlog里了😯～最后的征集，记得留言告诉我你们的答案哦！！VLOG svlog L王怡苏VLOG的秒拍视频 ​                ", "author": "王怡苏VLOG", "time": "王怡苏VLOG2018年12月04日22:16 来自svlog超话", "transmit": " 转发 588", "comment": "评论 481", "zan": " 1000"}, {"text": "\n华为影业最新巨著《识别你的卡路里》：一分钟完美讲述了一个集科技、美食、悬疑、惊悚、励志于一身的动漫故事，感觉漫威首部华人英雄电影可以跟华为合作了。 LMate20 AI卡路里识别 ​​​                ", "author": "赵脱俗", "time": "赵脱俗2018年12月04日11:40 来自微博weibo.com", "transmit": " 转发 46", "comment": "评论 16", "zan": " 66"}]