{"联想": 12, "我国": 4, "民族": 1, "企业": 11, "代表": 1, "互联网": 1, "口碑": 1, "十分之差": 1, "原因": 4, "来源于": 3, "产品": 4, "价格": 9, "质量": 1, "国内": 7, "出售": 1, "电脑": 6, "相比": 2, "国外": 2, "贵上": 1, "很多": 6, "消费者": 1, "都": 30, "给出": 2, "差评": 1, "想": 5, "阻挠": 1, "生产": 3, "研究": 1, "早前": 2, "高管": 2, "直言": 1, "：": 12, "奉劝": 1, "华为": 106, "、": 49, "小米": 6, "进军": 3, "PC": 1, "此话": 1, "说出": 1, "多久": 1, "发布": 8, "笔记本": 1, "销售": 1, "数据": 4, "手机": 50, "硬件": 2, "起家": 1, "领域": 6, "占": 2, "17.4%": 1, "市场": 11, "销售量": 1, "排行": 3, "三": 4, "简直": 1, "脸": 1, "PC端": 1, "欲断": 1, "生路": 1, "服务器": 5, "2018年": 5, "出货量": 2, "91.8万": 1, "台": 2, "世界": 15, "第三": 4, "成果": 1, "正是": 1, "担心": 1, "不景气": 1, "移动端": 1, "打败": 1, "研发": 13, "道路": 1, "地方": 1, "这次": 3, "鲲鹏": 1, "920": 1, "芯片": 29, "自主": 2, "作用": 1, "采用": 7, "7": 2, "纳米": 1, "技术": 16, "款": 3, "相当于": 2, "打破": 1, "西方": 3, "多年": 3, "半导体": 4, "行业": 4, "垄断": 1, "麒麟": 4, "足以": 1, "撼动": 1, "英特尔": 8, "地位": 3, "诞生": 1, "一个": 7, "瞩目": 1, "并非": 1, "刻意": 1, "后路": 1, "捍卫": 1, "中国": 9, "科技": 7, "尊严": 1, "任正非": 3, "温水": 1, "青蛙": 1, "就算": 1, "断粮": 1, "保证": 1, "饿死": 1, "当年": 4, "高通": 72, "关注": 3, "5G": 23, "标准": 4, "票投": 1, "本次": 1, "投票": 2, "竞争": 3, "对手": 3, "国家": 1, "站队": 1, "美国": 3, "为此": 2, "做出": 2, "回话": 1, "强大": 1, "忘": 1, "每时每刻": 1, "提醒": 1, "奋力": 2, "截止": 1, "一共": 1, "87805": 1, "项": 3, "专利": 10, "联合国": 1, "知识": 1, "产权": 1, "组织": 1, "WIPO": 2, "公布": 1, "去年": 6, "提供": 1, "5405": 1, "原创": 1, "申请": 1, "第一": 9, "消息": 5, "轰动": 1, "各国": 1, "科技圈": 1, "当天": 2, "发布会": 1, "总干事": 1, "这是": 4, "有史以来": 1, "一家": 2, "公司": 16, "纪录": 1, "极力": 1, "展示": 1, "水平": 1, "对此": 2, "做法": 1, "留言": 2, "分享": 1, "国产": 4, "热闹": 1, "龙头": 1, "老大": 4, "自然": 2, "不甘落后": 1, "Nova4e": 1, "P30": 8, "系列": 5, "不少": 1, "好评": 1, "发力": 1, "外媒": 2, "曝光": 2, "荣耀": 11, "20Pro": 4, "真机": 1, "确实": 2, "惊艳": 1, "21号": 1, "Digital": 1, "Trends": 1, "报道": 4, "5月": 3, "21日": 1, "伦敦": 1, "推出": 3, "至少": 1, "智能": 9, "很": 10, "Pro": 11, "真机图": 1, "外观": 1, "设计": 5, "图片": 3, "依然": 1, "挖孔屏": 1, "V20": 1, "边框": 3, "窄": 1, "同等": 1, "大小": 1, "正面": 2, "震撼": 1, "视觉": 1, "冲击": 1, "效果": 1, "桌面": 1, "堡垒": 1, "夜": 1, "图标": 1, "国际版": 1, "预装": 1, "游戏": 1, "配置": 2, "性能": 1, "肯定": 2, "搭载": 3, "麒麟980": 2, "处理器": 5, "起步": 1, "内存": 3, "组合": 1, "6+128GB": 1, "拍照": 2, "毕竟": 3, "背面": 1, "渲染": 1, "渲染图": 1, "后置": 3, "四": 1, "摄": 3, "布局": 1, "方式": 1, "P30Pro": 2, "颗": 1, "潜望式": 1, "镜头": 5, "光学": 2, "变焦": 4, "电池": 2, "快充": 2, "点评": 1, "传达": 1, "信息": 2, "出色": 1, "第二": 9, "走向": 1, "高端": 2, "规格": 1, "都会": 2, "提升": 1, "小伙伴们": 1, "评论区": 1, "讨论": 3, "资讯": 2, "请": 1, "点击": 1, "！": 3, "作者": 2, "曰": 1, "谈": 3, "文章": 2, "版权": 1, "归原": 1, "/": 1, "网络": 1, "从来": 3, "轻而易举": 1, "成功": 3, "一路": 1, "坦途": 1, "胜利": 1, "试问": 1, "当今": 1, "全球": 11, "最牛": 1, "逼": 1, "苹果": 54, "财年": 6, "销售额": 2, "2655.95亿": 1, "美元": 29, "净利润": 6, "595.31亿": 1, "此前": 4, "统计": 1, "攫取": 1, "90%": 1, "利润": 9, "三星": 44, "厂家": 1, "只不过": 1, "剩下": 1, "10%": 1, "抢食": 1, "市值": 3, "万亿": 1, "美金": 1, "巨无霸": 1, "被迫": 2, "接受": 1, "霸主": 3, "威逼": 1, "缴纳": 2, "高额": 1, "专利费": 9, "一向": 1, "强势": 1, "不爽": 1, "官司": 3, "记得": 2, "发起": 2, "iPhone": 4, "禁售令": 1, "替代": 2, "通向": 1, "供应": 5, "部件": 1, "2019年": 3, "4月": 4, "16日": 3, "和解": 14, "均": 2, "发表": 2, "声明": 2, "一次性": 4, "支付": 7, "笔": 3, "费用": 7, "达成": 5, "为期": 3, "许可": 2, "协议": 9, "影响": 3, "股价": 5, "涨幅": 2, "超过": 7, "40%": 2, "黯然": 1, "出局": 1, "退出": 1, "业务": 4, "收": 1, "钱": 3, "2019": 3, "财季": 9, "财报": 8, "显示": 4, "大概": 1, "45亿": 3, "47亿": 2, "之间": 4, "声称": 1, "谈判": 7, "增强": 5, "解决": 4, "能力": 4, "报告": 2, "7亿": 2, "同期": 3, "3亿": 2, "增长": 3, "101%": 2, "本财季": 1, "1.5亿": 4, "持续": 2, "低头": 1, "因素": 1, "关键": 2, "在于": 1, "基带": 4, "用来": 1, "合成": 1, "即将": 2, "发射": 1, "信号": 2, "对接": 1, "收到": 1, "解码": 1, "必需品": 1, "搞": 1, "不定": 1, "不得不": 1, "延迟": 1, "销量": 3, "品牌": 4, "实际上": 5, "过路费": 2, "力争": 2, "包括": 2, "OV": 2, "现金": 2, "奶牛": 1, "源源不断": 2, "贡献": 1, "核心": 2, "威力": 1, "所在": 1, "搞定": 2, "难缠": 1, "接下来": 5, "精力": 1, "找": 6, "麻烦": 1, "执行": 2, "副总裁": 2, "Alex": 2, "Rogers": 2, "件": 3, "好事": 2, "激发": 2, "详细": 2, "保密": 2, "12月": 2, "30日": 3, "签署": 2, "临时": 2, "季度": 6, "1亿": 2, "据悉": 1, "2004年": 1, "2009年": 1, "2014年": 1, "才": 3, "跻身": 1, "主流": 1, "依赖": 3, "大规模": 1, "批量": 1, "台积电": 1, "制造": 1, "厂商": 3, "建厂": 1, "代工": 1, "厂子": 1, "众所周知": 1, "通讯": 3, "具备": 1, "垄断性": 1, "优势": 1, "本来": 2, "2017年": 2, "交": 3, "受制于": 1, "服软": 1, "上涨": 4, "一大": 2, "截": 1, "乐观": 1, "估计": 1, "营收": 6, "介于": 1, "92亿": 1, "102亿": 1, "CEO": 2, "Steve": 1, "Mollenkopf": 1, "电话": 5, "会议": 2, "通信": 2, "机遇": 1, "；": 3, "到来": 2, "兴奋": 1, "拥有": 2, "用户群": 1, "迄今为止": 1, "绝大多数": 1, "设备": 2, "Snapdragon": 1, "芯片组": 1, "份额": 3, "高达": 3, "50%": 1, "供应链": 1, "手里": 2, "屏幕": 7, "系统": 1, "谷歌": 1, "后果": 1, "玩家": 1, "卡住": 1, "脖子": 1, "办法": 1, "当初": 2, "得罪": 1, "停供": 1, "雷军": 1, "跑": 1, "好几": 1, "韩国": 5, "陪": 1, "负责人": 1, "喝酒": 1, "有意思": 1, "喜欢": 2, "下游": 1, "亲自": 2, "出面": 2, "谈事": 1, "尊重": 1, "年内": 1, "大嘴": 1, "余承东": 2, "不行": 1, "嫌": 1, "分量": 1, "出马": 1, "硬气": 1, "事实上": 3, "最终": 2, "庭外": 1, "跨国": 1, "中流砥柱": 1, "闪存": 1, "供应商": 2, "涵盖": 1, "IT": 1, "电子": 2, "金融": 1, "机械": 1, "化学": 1, "船舶": 1, "军事": 1, "万能": 1, "记者": 1, "会长": 1, "李健熙": 1, "说话": 1, "轻声细语": 1, "……": 3, "咳嗽": 1, "感冒": 1, "韩国人": 1, "一生": 1, "死亡": 1, "税收": 1, "真的": 1, "媒体": 1, "纷纷": 1, "下滑": 1, "关厂": 1, "溃败": 1, "缘故": 1, "中国人": 2, "倒闭": 1, "陨落": 1, "淘汰": 1, "掉": 1, "诺基亚": 4, "轻视": 1, "态度": 1, "无知": 1, "自大": 1, "表现": 1, "要强": 1, "制造商": 1, "厉害": 2, "NO": 1, "看下": 1, "对比": 1, "总收入": 1, "7212亿": 1, "元": 12, "1070亿": 1, "593亿": 1, "87亿": 1, "1015亿": 1, "收入": 3, "14.1%": 1, "4800亿": 1, "3489亿": 1, "首家": 1, "年营": 1, "收破": 1, "千亿": 1, "243.77万亿": 1, "韩元": 1, "2191亿": 1, "340亿": 1, "人民币": 1, "5943亿": 1, "601亿": 1, "财务": 1, "碾压": 1, "光是": 1, "整体": 1, "2018": 1, "1667亿": 1, "规模": 1, "差": 1, "4": 1, "倍": 5, "投入": 4, "第五": 1, "第七": 1, "态势": 1, "就要": 2, "快": 1, "超越": 1, "时间": 5, "占比": 3, "19%": 1, "13.4%": 1, "13%": 1, "7.9%": 1, "任重道远": 1, "面板": 1, "产业": 3, "拒绝": 1, "旗舰机": 1, "Mate": 1, "供货": 1, "只好": 1, "LG": 1, "绿屏": 1, "GALAXY": 1, "官博": 1, "一旁": 1, "说风凉话": 1, "屏": 1, "实力": 3, "焦": 1, "绿": 1, "DRAM": 1, "SSD": 1, "固态": 1, "硬盘": 1, "称王": 1, "称霸": 1, "唯一": 1, "产业链": 1, "取胜": 1, "认清": 1, "现实": 1, "状况": 1, "战略": 1, "蔑视": 1, "对方": 3, "战术": 1, "视为": 1, "老虎": 1, "重视": 1, "写": 1, "太": 2, "争气": 1, "利益": 1, "历史": 1, "70后": 1, "80后": 1, "经历": 1, "家里": 2, "装": 2, "固定": 1, "几百": 1, "上千": 1, "块": 2, "初装费": 2, "时代": 2, "晚": 1, "900": 1, "追赶": 3, "不知": 1, "老外": 1, "最高价": 1, "卖": 3, "替代品": 1, "立刻": 1, "降价": 1, "永远": 2, "低估": 1, "资本": 2, "贪婪": 1, "无情": 1, "高估": 1, "人文": 1, "情怀": 1, "排挤": 1, "围堵": 1, "欧美": 1, "奶酪": 1, "大会": 1, "有人": 1, "欧洲": 2, "封禁": 1, "苏里": 1, "公开": 1, "封杀": 1, "电信": 1, "建设": 1, "打压": 1, "低": 1, "外国": 3, "投资者": 3, "股权": 1, "52%": 1, "股票": 1, "分红": 1, "优先": 2, "权利": 1, "股": 1, "81%": 1, "也就是说": 1, "打工": 1, "股东": 1, "员工": 1, "百分百": 1, "民营": 1, "惶恐": 1, "才能": 2, "生存": 1, "偏执": 1, "逼成": 1, "艰难困苦": 1, "玉汝于成": 1, "只能": 1, "何尝": 1, "条": 1, "路": 1, "难": 1, "走": 1, "别无选择": 1, "列举": 1, "服气": 1, "算": 1, "这家": 1, "诉讼": 1, "差点": 1, "消失": 1, "来源": 2, "@": 1, "央视": 2, "财经": 2, "1日": 2, "生效": 1, "半": 1, "披露": 2, "这笔": 1, "解费": 2, "稍后": 1, "意外": 1, "和好": 1, "当地": 1, "授权": 3, "转让": 1, "进一步": 1, "法律": 2, "外届": 1, "分析": 1, "发生": 1, "纠纷": 2, "处于": 1, "开发": 3, "状态": 1, "上市": 2, "角度": 1, "上三星": 1, "步伐": 1, "抓紧": 1, "赶快": 1, "合作": 1, "6": 2, "合约": 1, "双赢": 1, "局面": 1, "回应": 1, "收盘": 1, "38%": 1, "提高": 1, "265亿": 1, "首席": 1, "执行官": 1, "莫伦科夫": 1, "交易": 1, "焦点": 1, "一部分": 1, "订单": 1, "加快": 1, "有望": 1, "回归": 1, "4G": 1, "初期": 1, "放弃": 1, "计划": 1, "转而": 1, "相关": 1, "基础": 1, "配套": 1, "设施": 1, "相争": 1, "格局": 1, "北京": 1, "2日": 1, "上午": 1, "50亿": 1, "52亿": 1, "下降": 1, "5%": 1, "业绩": 2, "超出": 1, "华尔街": 1, "分析师": 1, "预期": 2, "盈利": 1, "展望": 1, "未": 1, "导致": 1, "其盘": 1, "下跌": 1, "2%": 1, "细节": 1, "签订": 1, "采购": 1, "预计": 1, "45亿-47亿": 1, "毛毛雨": 1, "最新": 1, "有价证券": 1, "总值": 1, "2250亿": 1, "自信": 1, "面对": 1, "决议": 1, "质询": 1, "2021": 1, "指南": 1, "增加": 1, "每股": 1, "盈余": 1, "感受": 1, "未来": 1, "看法": 1, "1月": 1, "网站": 1, "CNET": 1, "称": 1, "每日": 1, "经济": 1, "新闻": 1, "网友": 1, "吐槽": 1, "越来越": 3, "贵": 4, "便宜": 1, "一点": 1, "没钱": 1, "用户": 1, "用上": 1, "趋势": 1, "追求": 1, "自我": 2, "膨胀": 2, "P20": 2, "4988": 1, "5488": 2, "8+512GB": 1, "顶配": 1, "版本": 2, "6788": 2, "10GB": 1, "运存": 2, "12GB": 1, "情况": 1, "突破": 1, "8千": 1, "购买": 1, "XR": 1, "买": 1, "S10+版": 1, "背后": 2, "6.47": 1, "英寸": 1, "京东方": 1, "BOE": 1, "视曲": 1, "面屏": 1, "前置": 1, "3200万": 1, "素IMX616": 1, "4000万": 2, "主摄": 1, "+": 3, "2000": 1, "素超": 1, "广角": 1, "800万": 1, "像素": 1, "潜望": 2, "ToF": 2, "立体": 2, "4200": 1, "mAh": 1, "40": 1, "W": 2, "超级": 1, "15": 1, "无线": 2, "充电": 2, "反向": 1, "支持": 3, "全功能": 1, "NFC": 1, "蓝牙": 1, "5.0": 1, "卡": 1, "双待": 1, "双4G": 1, "指纹": 1, "识别": 1, "NW": 1, "存储卡": 1, "杜": 1, "音效": 1, "USB": 1, "3.1CEN1": 1, "双频": 1, "GPS": 1, "发声": 1, "IP": 1, "68": 1, "防尘": 1, "防水": 1, "方舟": 2, "编译器": 2, "980": 2, "自研": 2, "柔性": 1, "AMOLED": 1, "扶持": 2, "摄用": 1, "索尼": 2, "IMX650": 1, "CMOS": 1, "创新": 1, "RYY": 1, "B阵列": 1, "长焦": 1, "5": 1, "10": 1, "混合": 1, "50": 1, "数码": 1, "流畅": 1, "Mate20": 1, "9": 1, "IMX586": 1, "传感器": 1, "别人": 1, "早晚": 1, "受制于人": 1, "弱": 1, "相机": 1, "重要性": 1, "早就": 1, "巨额": 1, "人力": 2, "物力": 1, "这才": 1, "资金": 2, "首发": 1, "友商": 1, "致敬": 1, "首款": 1, "3": 2, "大加": 1, "讽刺": 1, "中高端": 1, "不好意思": 1, "旗舰": 1, "用于": 1, "无数": 1, "失败": 1, "体现": 1, "5900万": 1, "明年": 1}