{"10月": 2, "25日": 1, "华为": 142, "旗下": 1, "心声": 2, "社区": 2, "官网": 1, "发布": 1, "公司": 87, "创始人": 1, "、": 108, "CEO": 1, "任正非": 58, "接受": 9, "北欧": 11, "媒体": 5, "采访": 6, "纪要": 2, "这次": 2, "15日": 1, "深圳": 5, "再次": 1, "回应": 1, "外界": 2, "关注": 1, "热点": 4, "话题": 2, "：": 101, "特朗普": 19, "实体": 9, "清单": 9, "5G": 29, "重申": 1, "观点": 3, "减税": 9, "政策": 5, "很": 54, "全世界": 11, "都": 76, "美国": 79, "总统": 8, "学习": 18, "税降": 2, "企业": 21, "钱": 16, "发展": 26, "提到": 7, "棒子": 5, "世界": 22, "国家": 66, "投资": 12, "目的": 4, "吸引": 2, "外来": 2, "减掉": 2, "税": 2, "缴": 4, "陷入": 3, "财务": 4, "困难": 6, "问及": 1, "做梦": 2, "希望": 13, "连任": 2, "失败": 5, "回答": 3, "从来": 4, "梦到": 2, "想念": 2, "；": 19, "第二": 17, "竞选": 2, "成功": 6, "太": 12, "关系": 9, "撤销": 2, "有人": 7, "站": 3, "说话": 3, "心理": 4, "长期": 3, "习惯": 5, "生活": 7, "一个": 38, "假设性": 1, "想": 11, "亲眼": 2, "看一看": 5, "想见": 2, "给出": 1, "答案": 1, "拥抱": 2, "记者": 3, "参观": 7, "展厅": 3, "摄像": 2, "拍照": 5, "美联社": 2, "电路板": 2, "拍摄": 12, "回去": 3, "办公室": 5, "漂亮": 3, "抱": 2, "幻想": 1, "依然": 1, "电信": 10, "消亡": 3, "崛起": 3, "走错": 5, "路": 10, "经历": 13, "半年": 2, "波折": 3, "奋斗": 7, "精神": 13, "惰怠": 3, "走向": 4, "坚强": 3, "指出": 2, "未来": 17, "收入": 7, "中国": 85, "欧洲": 32, "人工": 29, "智能": 31, "规模化": 4, "基础": 6, "条件": 8, "第一": 14, "超级": 16, "计算": 3, "系统": 13, "超大": 2, "容量": 2, "数字": 14, "存储": 2, "第三": 4, "超速": 2, "联接": 2, "具备": 6, "全文": 2, "略": 1, "删节": 1, "现场": 1, "1": 1, "瑞典": 23, "电视台": 7, "Ulrika": 9, "Bergsten": 8, "尖锐": 1, "简单": 8, "介绍": 1, "建筑": 5, "灵感": 1, "背后": 2, "含义": 3, "欧式": 1, "设计": 10, "好像": 1, "带回": 1, "本世纪": 1, "初": 1, "法国": 3, "日本人": 2, "内部": 5, "装修": 1, "俄罗斯": 1, "希腊": 1, "日本": 2, "很多": 22, "艺术家": 1, "框架": 1, "下层": 1, "产品": 15, "技术": 26, "客户": 12, "喝": 3, "杯": 1, "咖啡": 3, "聊聊天": 1, "建筑师": 1, "想象": 4, "堆积": 1, "完整": 2, "上午": 1, "溪流": 1, "背坡村": 1, "园区": 1, "这位": 2, "大师": 1, "冈本": 1, "读": 1, "本科": 1, "硕士": 1, "博士": 1, "英文": 1, "讲": 10, "经典": 1, "风格": 1, "方案": 3, "评审": 1, "专家团": 1, "建成": 1, "样子": 1, "想法": 3, "建立": 11, "国际化": 1, "环境": 13, "英国": 8, "立法": 1, "手段": 2, "威胁": 1, "做生意": 1, "意味着": 1, "支持": 23, "欧盟": 8, "主权": 14, "战略": 2, "财富": 4, "物质": 1, "地缘": 4, "政治": 12, "信息": 10, "社会": 20, "边界": 2, "显得": 3, "基于": 7, "事实": 4, "判断": 2, "事先": 2, "承诺": 3, "坏事": 4, "事后": 2, "审计": 6, "违反": 1, "一家": 4, "生存": 2, "规则": 5, "普适": 1, "针对": 2, "网络": 12, "风险": 1, "评估": 1, "报告": 5, "推广": 1, "担忧": 1, "干": 3, "审查": 1, "机会": 2, "3": 2, "挪威": 11, "广播": 18, "Philip": 17, "Lote": 9, "卷入": 1, "国际": 3, "争端": 7, "美": 9, "贸易": 7, "影响": 18, "面临": 6, "当做": 2, "间谍": 2, "活动": 4, "工具": 1, "指控": 1, "人民": 6, "直截了当": 1, "立场": 2, "维护": 1, "国": 1, "之间": 8, "斗争": 2, "销售": 3, "谈判": 2, "纳入": 1, "绝大多数": 3, "芯片": 15, "研制": 2, "约束": 1, "自研": 8, "规模": 2, "以此": 2, "供应商": 4, "友好": 5, "合作": 8, "三十": 7, "不用": 2, "政府": 22, "实行": 2, "断供": 2, "启动": 1, "有利于": 4, "占据": 1, "主动": 2, "抓住": 1, "要害": 1, "反而": 10, "削弱": 1, "指责": 4, "空穴来风": 1, "历史": 5, "证明": 2, "诚信": 2, "三十多": 1, "170": 1, "30亿": 1, "人口": 4, "提供": 19, "服务": 8, "至今": 5, "宗": 1, "窃取": 2, "别人": 10, "案例": 1, "立陶宛": 2, "早报": 1, "不实": 1, "文章": 3, "暗示": 2, "非盟": 1, "总部": 1, "泄露": 1, "事件": 2, "法院": 1, "判决": 1, "责令": 1, "报刊": 1, "声明": 1, "澄清": 1, "道歉": 1, "三十年": 1, "中共中央": 1, "政治局": 1, "委员": 1, "中央": 2, "外事": 1, "工作": 7, "委员会": 1, "杨洁篪": 1, "慕尼黑": 1, "会议": 2, "设备": 16, "安装": 3, "后门": 4, "李克强": 1, "总理": 1, "人大": 1, "答": 1, "来讲": 2, "利益": 7, "都会": 6, "商业": 3, "信用": 2, "崩溃": 1, "员工": 13, "跑": 3, "几百亿": 1, "银行": 1, "贷款": 8, "动机": 1, "决不": 2, "尊重": 1, "侵犯": 1, "第四": 2, "汽车": 8, "厂家": 2, "卖给": 3, "装": 1, "东西": 9, "司机": 1, "算": 2, "生产": 12, "通信": 6, "运营商": 15, "管控": 3, "数据": 5, "当地": 1, "可能性": 2, "证据": 1, "猜测": 2, "代表": 6, "4": 3, "盟国": 1, "北约": 1, "成员国": 1, "压力": 4, "Telia": 3, "爱立信": 18, "承建": 1, "Telenor": 1, "晚些时候": 1, "做出": 10, "决策": 14, "质量": 5, "速度": 6, "因素": 3, "理解": 9, "商店": 1, "买": 9, "衣服": 3, "到底": 4, "挑": 3, "件": 7, "喜欢": 8, "愿望": 2, "处于": 2, "矛盾": 4, "冲突": 2, "决策层": 1, "迄今为止": 1, "60": 1, "合同": 4, "发货": 1, "40万": 1, "基站": 1, "增长": 4, "之中": 1, "一两": 1, "看法": 3, "5": 21, "芬兰": 13, "公共": 5, "Juha": 8, "Matti": 8, "Mantyla": 8, "刚才": 5, "简短": 1, "能力": 9, "自给自足": 5, "领域": 4, "感受": 1, "带来": 7, "客观": 1, "打击": 4, "重点": 1, "核心网": 2, "……": 5, "告诉": 2, "衰退": 1, "预计": 2, "产业": 3, "终端": 1, "开放": 9, "Google": 5, "生态": 8, "海外": 1, "市场": 6, "努力": 10, "一点": 12, "差距": 1, "赶上": 3, "分裂": 2, "情况": 4, "行业": 4, "有没有": 4, "抗衡": 2, "并非": 1, "苹果": 1, "假想敌": 1, "竞争": 9, "概念": 5, "6": 2, "丹麦": 17, "Khokhar": 8, "关闭": 1, "感到": 4, "好奇": 2, "实践": 2, "早": 4, "编造": 1, "谣言": 1, "才": 10, "越来越": 1, "重视": 2, "成长": 5, "过程": 9, "世界级": 1, "资深": 1, "专家": 3, "恶意": 1, "软件": 3, "改进": 2, "给予": 1, "信任": 1, "业务": 1, "认证": 1, "中心": 2, "7": 1, "工商业": 5, "日报": 9, "Johan": 8, "Nylander": 8, "经济学人": 1, "提议": 1, "对手": 3, "购买": 11, "许可": 3, "公平": 3, "歧视": 1, "专利": 7, "表态": 1, "各方": 1, "对话": 1, "这是": 10, "课题": 1, "表达": 2, "短": 4, "时间": 11, "内": 3, "作出": 2, "本身": 2, "付": 1, "一大": 1, "笔": 2, "缺": 1, "台阶": 2, "眼前": 3, "接触": 2, "确认": 2, "您们": 1, "为止": 1, "收到": 1, "频繁": 1, "中间商": 1, "桥梁": 3, "相关": 3, "沟通": 1, "8": 1, "打算": 1, "包括": 7, "在内": 1, "资金": 5, "额度": 2, "优势": 1, "做法": 4, "北京": 1, "诺基亚": 21, "措施": 2, "人类": 3, "好处": 2, "新兴": 2, "事物": 2, "积累": 3, "运营": 1, "所需": 1, "90%": 1, "经营": 2, "持续": 3, "贡献": 5, "现金流": 1, "缺口": 1, "快": 8, "资本": 1, "股东": 2, "天天": 1, "吵": 1, "吵完": 1, "时代": 7, "意志": 1, "统一": 2, "很快": 3, "买方": 1, "信贷": 7, "通行": 2, "各国": 3, "出口": 5, "飞机": 2, "融资": 5, "租赁": 2, "租": 1, "航空": 3, "七": 1, "八": 2, "款": 6, "还完": 1, "架": 2, "占": 3, "9": 1, "赫尔辛基": 4, "Katriina": 4, "Pajari": 4, "声誉": 1, "相比": 4, "透明": 9, "可靠": 1, "说法": 2, "真的": 1, "清白": 1, "安卓": 2, "来自于": 2, "Linux": 1, "1991年": 1, "发明": 3, "开源": 4, "坦佩": 1, "雷": 1, "大学": 12, "发现": 10, "BM3D": 1, "滤波": 1, "降噪": 1, "方法": 6, "手机": 17, "摄像头": 3, "黑暗": 1, "状况": 4, "拍出": 1, "清晰": 4, "照片": 5, "论文": 5, "三": 3, "膜拜": 1, "榜样": 1, "木材": 1, "大王": 1, "走": 10, "弯路": 1, "工业": 8, "道路": 9, "二十年": 3, "坏": 2, "唯有": 1, "修": 3, "二十多": 2, "年前": 7, "博物馆": 1, "换代": 1, "用户": 20, "体验": 9, "观念": 1, "落伍": 1, "十几": 1, "KPMG": 1, "报表": 2, "清清楚楚": 1, "上市": 1, "集资": 1, "模式": 9, "区别": 2, "资本主义": 4, "富翁": 2, "华尔街": 2, "一点股": 1, "相当于": 1, "退休": 2, "保障金": 1, "生病": 1, "时有": 1, "补充": 1, "医疗": 1, "费用": 1, "富裕": 2, "小小的": 1, "住": 1, "小小": 1, "房子": 3, "每次": 1, "回来": 3, "同志": 1, "发展中国家": 1, "奢侈": 1, "盛行": 1, "用于": 2, "地方": 5, "阳光": 1, "之下": 3, "所有人": 1, "情报局": 1, "机构": 3, "紧紧": 2, "盯": 1, "盯出": 1, "11": 1, "层面": 4, "女儿": 4, "加拿大": 2, "扣押": 1, "事情": 7, "有意": 1, "施加": 2, "扣": 1, "司法": 1, "程序": 1, "关联": 2, "孩子": 4, "受点": 1, "磨难": 1, "小孩": 3, "自立": 1, "婚": 1, "太太": 1, "姚凌": 1, "温柔": 1, "负": 1, "责任": 2, "母亲": 2, "家待": 1, "默默": 1, "辅导": 1, "培育": 1, "优秀": 1, "品质": 1, "心血": 1, "浇灌": 1, "培养": 1, "付出": 1, "忙": 1, "经受": 1, "风雨": 2, "考验": 1, "晚舟": 1, "牵连": 1, "牺牲": 4, "让步": 1, "救": 1, "穷人": 1, "法律": 3, "解决": 4, "12": 1, "建议": 3, "比如说": 2, "选": 4, "哪家": 1, "依据": 1, "程度": 3, "物理": 5, "牵涉": 1, "信息化": 2, "全球": 5, "流动": 1, "诉求": 1, "尽可能": 1, "设施": 2, "坚定不移": 3, "面向": 2, "AI": 2, "鲲鹏": 1, "编译器": 1, "Mindspore": 1, "关键": 1, "开发者": 1, "创新": 5, "辐射": 2, "改变": 11, "经济": 4, "结构": 4, "决心": 1, "将来": 4, "比重": 1, "很难说": 1, "商品": 6, "爱马仕": 1, "这不": 2, "现实": 1, "卖": 3, "合适": 1, "长": 4, "落后": 10, "步步": 1, "例子": 3, "一千多": 1, "落后于": 1, "唐宋": 1, "文明": 1, "繁荣": 1, "顶峰": 1, "清明": 1, "上河": 1, "凭空": 1, "真实": 2, "写照": 3, "几百": 3, "贫穷": 6, "火车": 4, "轮船": 4, "马车": 5, "装货": 1, "导致": 1, "工业化": 1, "成就": 1, "选择": 4, "带宽": 2, "低": 3, "延地": 1, "支撑": 4, "机遇": 1, "三星": 1, "体系": 1, "13": 1, "肯定": 2, "竞赛": 1, "超过": 2, "采用": 11, "奏效": 1, "发起": 1, "成立": 2, "5GAA": 1, "(": 1, "联盟": 5, ")": 1, "ACIA": 1, "自动化": 4, "组织": 5, "现代化": 4, "文化": 10, "素质": 2, "数量": 1, "少量": 1, "振兴": 3, "厉害": 4, "推进": 1, "相互": 1, "动力": 1, "竞争力": 3, "差异": 1, "强大": 4, "科技": 7, "强制": 1, "推行": 1, "CDMA": 1, "WiMAX": 1, "WCDMA": 1, "标准": 1, "跟随": 3, "GPP": 1, "步伐": 1, "研究": 2, "走出": 1, "国门": 1, "差": 1, "湮灭": 1, "14": 1, "赞赏": 2, "系列": 8, "困境": 2, "总架": 1, "构师": 1, "估计": 1, "降低": 2, "税赋": 1, "减轻": 1, "增强": 2, "活力": 1, "福利": 2, "最终": 6, "承受": 1, "上课": 1, "播放": 2, "衡水": 4, "中学": 5, "早操": 1, "视频": 1, "地区": 9, "教育": 5, "制度": 4, "难": 3, "外部": 5, "胜利": 2, "办法": 1, "学校": 2, "只能": 1, "胜出": 1, "等于": 1, "带有": 1, "侥幸": 1, "15": 1, "自给自主": 1, "形势": 1, "进一步": 4, "紧迫感": 1, "利润": 5, "提升": 9, "挺": 1, "结论": 1, "或者说": 1, "寻求": 1, "全球化": 5, "迫不得已": 1, "器件": 3, "死亡": 3, "创造": 2, "态度": 1, "寄": 1, "替代": 1, "化": 1, "脱离": 2, "权宜": 1, "16": 1, "安全法": 1, "段": 4, "写到": 1, "官员": 1, "协助": 1, "遵守": 3, "首长": 1, "指示": 2, "遵循": 1, "17": 1, "Bergsten：5G": 1, "趋势": 3, "上世纪": 1, "40年代": 1, "图灵": 1, "提出": 3, "六": 3, "七十": 1, "时延": 1, "受益": 2, "工程": 4, "发达": 1, "很少": 2, "人力": 2, "改善": 1, "受益会": 1, "刚刚": 3, "摆脱": 2, "手工": 1, "机械化": 2, "走到": 3, "有用": 1, "发挥": 2, "作用": 3, "18": 1, "方式": 9, "知识": 4, "足以": 3, "500": 1, "公顷": 1, "土地": 1, "农场": 2, "管理": 2, "矿山": 1, "东北": 1, "挖矿": 1, "操作者": 1, "上海": 2, "发生": 3, "切尔诺贝利": 1, "核电站": 2, "爆炸": 1, "60万": 2, "苏联": 2, "军人": 5, "操纵": 1, "机器人": 1, "抢救": 1, "流泪": 1, "铁锹": 1, "铲土": 1, "名": 2, "中将": 1, "抢险": 1, "45": 2, "秒": 2, "伤害": 1, "几千": 2, "直升飞机": 1, "运土": 1, "掩埋": 1, "生产线": 2, "智能化": 1, "收益率": 1, "增高": 2, "劳动": 3, "回报": 1, "变化": 1, "构想": 1, "率先": 1, "提": 3, "英明": 1, "正确": 2, "灯塔": 3, "标杆": 1, "矿": 1, "飞跃": 1, "千山万水": 1, "共赢": 1, "独家": 1, "19": 1, "出台": 1, "满意": 6, "名字": 3, "报告字": 1, "行间": 1, "暗指": 1, "能干": 1, "科学": 1, "拥护": 1, "解释": 3, "立法者": 1, "公正": 1, "早期": 2, "解放军": 1, "离开": 1, "创立": 1, "帝国": 1, "国外": 2, "对此": 1, "困惑": 1, "大体上": 1, "共产主义者": 1, "资本主义者": 1, "退伍": 2, "就业": 3, "几十": 4, "几千万": 4, "家里": 1, "人中": 1, "主义": 3, "9万多": 1, "股份": 3, "最多": 1, "1%": 1, "分配": 1, "适合": 1, "高科技": 3, "脑袋": 3, "跑光": 1, "重量": 1, "每人": 1, "不三不四": 1, "定义": 2, "21": 1, "至少": 2, "年中": 1, "工会": 1, "实际上": 3, "运作权": 1, "手里": 2, "运作": 2, "董事会": 1, "否决权": 1, "否决": 1, "磋商": 1, "22": 1, "有助于": 1, "听": 3, "成本": 2, "操作": 3, "数学": 3, "方程": 2, "模型": 1, "创建": 1, "多年": 3, "摊销": 1, "掉": 2, "进去": 1, "产量": 2, "2.7亿": 1, "芯片厂": 1, "供给": 1, "小规模": 1, "大规模": 2, "降": 1, "出售": 1, "23": 1, "社交": 2, "在线": 1, "阅读": 2, "新闻": 3, "传统": 3, "纸媒": 1, "崇尚": 1, "偏": 1, "网上": 4, "批评": 6, "意见": 1, "转给": 5, "提醒": 1, "涉及": 1, "亿万": 1, "实验室": 2, "实验": 1, "几率": 1, "放到": 1, "闻过则喜": 1, "赶快": 2, "部门": 1, "查验": 1, "骂": 2, "道理": 2, "资源部": 1, "调查": 2, "三年": 1, "表现": 7, "机关": 2, "3-6": 1, "赋能": 1, "充电": 4, "提拔": 1, "提级": 1, "战场": 1, "胜仗": 1, "职级": 1, "批判": 2, "罗马": 1, "广场": 1, "大辩论": 1, "自我": 4, "纠偏": 4, "在于": 1, "机制": 2, "错": 2, "走回": 1, "跟帖": 1, "马上": 1, "跳": 1, "内容": 2, "摘": 1, "吃完": 1, "晚饭": 1, "一会": 1, "走走路": 1, "洗澡": 1, "上床": 1, "邮件": 2, "一点钟": 1, "睡觉": 2, "有时候": 2, "半夜三更": 1, "奇怪": 1, "睡": 1, "醒来": 1, "做恶": 1, "梦": 2, "感谢": 1, "富裕病": 1, "享受": 3, "安逸": 1, "非洲": 3, "疟疾": 1, "垮": 2, "紧张": 1, "种地": 1, "吓唬": 3, "真真实实": 1, "24": 1, "如果说": 2, "西方": 9, "禁止": 1, "赚": 3, "分给": 2, "平分": 1, "优先": 2, "指": 1, "盟友": 1, "独自": 1, "25": 1, "一代人": 2, "26": 1, "掺杂": 1, "移出": 1, "制裁": 2, "仅仅": 1, "轨道": 1, "运行": 3, "规律": 2, "27": 1, "害怕": 1, "体制": 2, "恐惧": 1, "承担": 2, "思想": 1, "自由": 4, "学术": 1, "量子力学": 1, "奠基人": 1, "尼尔斯·玻尔": 1, "电流": 1, "磁效应": 1, "发现者": 1, "奥斯特": 1, "灵活": 2, "劳动法": 1, "正当": 1, "理由": 1, "裁掉": 2, "培训": 4, "失业": 2, "技能": 2, "用人": 1, "效率": 1, "交税": 1, "待遇": 2, "劳动者": 3, "过度": 2, "保护": 3, "雇工": 1, "了不起": 3, "这才": 1, "出路": 1, "建": 2, "出钱": 1, "工人": 2, "轻装": 1, "赚钱": 1, "缴税": 1, "拿去": 1, "劳动力": 1, "升级换代": 1, "28": 1, "四十": 1, "权力": 2, "贫困": 5, "处在": 1, "贫困线": 1, "明年": 1, "消灭": 1, "走过": 1, "农村": 1, "沿海": 1, "西部": 1, "力量": 1, "铁路": 2, "公路": 1, "电力网": 1, "…": 1, "致力于": 1, "70": 2, "70%": 1, "文盲": 2, "字": 1, "外国人": 1, "A": 1, "B": 1, "基本上": 2, "科盲": 1, "懂": 2, "职业": 1, "普通人": 1, "一技之能": 1, "稳定": 2, "探索": 1, "计划经济": 1, "摸": 1, "正轨": 1, "秩序": 2, "民主": 2, "有序": 1, "讲话": 5, "过头": 1, "三四十年": 1, "街上": 1, "见到": 1, "回头": 1, "擦肩而过": 1, "嫌疑": 1, "危险": 1, "随便": 1, "粉饰": 1, "民主化": 1, "横向": 1, "眼光": 2, "纵向": 1, "一天天": 1, "29": 1, "狼": 18, "闻名": 1, "老": 1, "领导者": 1, "挑战者": 2, "找到": 2, "感觉": 2, "究竟": 1, "编排": 1, "讽刺": 1, "来源": 1, "生物": 1, "特性": 2, "团队": 4, "篇": 3, "嗅觉": 1, "敏感": 1, "远": 2, "肉": 3, "敏锐性": 1, "抢肉": 2, "群狼": 1, "孤军奋斗": 1, "不屈不挠": 1, "抢": 2, "还要": 1, "奋不顾身": 1, "作风": 1, "狈": 4, "聪明": 1, "前腿": 1, "后腿": 1, "独立": 1, "作战": 1, "战斗力": 1, "进攻": 3, "后腰": 1, "冲锋": 1, "方向": 2, "屁股": 1, "摆": 2, "对准": 1, "优质": 1, "协作": 1, "汉语": 1, "狼狈": 1, "词": 1, "负面": 2, "五千": 1, "保守": 1, "否定": 2, "名词": 2, "外面": 1, "写": 1, "残忍": 1, "吃": 2, "低潮": 1, "阶段": 2, "微辞": 1, "归纳": 1, "流传": 1, "30": 2, "展望": 1, "亚洲": 1, "31": 1, "ICT": 1, "IT": 1, "广东": 1, "电信局": 1, "崔勋": 1, "局长": 1, "追上": 1, "嘲笑": 1, "全民": 1, "期": 1, "明年初": 1, "竣工": 1, "模仿": 1, "海湾区": 1, "多姿多彩": 1, "值得": 2, "诺贝尔奖": 1, "超越": 1, "原因": 1, "追赶": 2, "经费": 2, "Massive": 1, "MIMO": 1, "林雪平": 1, "教授": 4, "自知": 1, "32": 1, "生动": 1, "文化大革命": 8, "纺织": 1, "机器": 1, "思考": 2, "塑造": 1, "小时候": 1, "极端": 2, "老百姓": 1, "各项": 1, "运动": 1, "错误": 3, "挣扎": 1, "刚好": 1, "辽阳": 1, "化纤": 1, "工厂": 1, "德布尼斯·斯贝西姆": 1, "引进": 1, "建设": 4, "化纤厂": 1, "正好": 1, "参与": 1, "先进": 2, "避开": 1, "过激": 1, "革命": 1, "粉碎": 1, "四人帮": 1, "学": 2, "本事": 1, "快速": 2, "大裁军": 1, "军队": 1, "整建": 1, "改革": 2, "前沿": 1, "阵地": 1, "市场经济": 3, "肤浅": 2, "超市": 5, "朋友": 1, "留学": 1, "明白": 4, "磕磕碰碰": 1, "多么": 1, "干部": 2, "任命制": 1, "副": 1, "经理": 1, "一个个": 1, "任命": 1, "带": 1, "头衔": 1, "汇报": 1, "做错": 1, "犯": 1, "骗走": 1, "货款": 2, "花": 2, "追": 2, "没钱": 3, "请": 1, "律师": 2, "书籍": 1, "打官司": 1, "回": 1, "财产": 1, "现金": 1, "变现": 1, "损失": 1, "无路可走": 1, "只好": 1, "创业": 3, "赚到": 1, "一部分": 1, "外债": 1, "懂得": 1, "一点点": 1, "懵头": 1, "懵脑": 1, "何物": 1, "老师": 1, "教科书": 2, "开发": 2, "一步步": 1, "差一点": 2, "穿": 1, "投资量": 1, "极其": 1, "科研": 1, "150-200亿": 1, "美元": 1, "大概": 1, "九万": 1, "研发": 1, "人员": 2, "不顾一切": 1, "扑": 2, "突破": 3, "背": 1, "包袱": 1, "吸收": 1, "新鲜": 1, "来源于": 1, "土耳其": 3, "Arikan": 1, "发表": 1, "解析": 1, "资助": 2, "拜杜": 1, "法案": 1, "成果": 1, "收益": 1, "知晓权": 1, "照亮": 2, "领先": 1, "一万五千": 1, "科学家": 2, "高级": 1, "金钱": 1, "七万": 1, "工程师": 1, "慢慢": 2, "条": 1, "弯弯曲曲": 1, "分红": 1, "报酬": 1, "拒绝": 1, "33": 1, "提及": 1, "两三": 1, "董事长": 2, "交流": 1, "金融": 2, "条款": 3, "记不清": 1, "谈": 2, "强有力": 1, "全方位": 2, "推动": 1, "不仅仅": 1, "推力": 1, "不曾": 1, "享有": 1, "阿尔卡特": 1, "作法": 1, "负债": 1, "大部分": 2, "大型": 1, "总体": 1, "金额": 1, "有钱": 1, "刚": 1, "流行": 2, "同意": 1, "受制于": 1, "经合": 1, "存活": 1, "34": 1, "影响力": 2, "打交道": 2, "外国": 1, "难道": 1, "谨慎": 1, "实事求是": 1, "打压": 1, "负担": 1, "言论": 1, "出格": 1, "评测": 1, "nova": 58, "年轻人": 3, "打造": 4, "象征": 2, "时尚": 2, "潮流": 1, "酷炫": 1, "品牌": 1, "带给": 4, "年轻": 5, "群体": 1, "5z而华": 1, "5z": 30, "最新": 1, "一代": 2, "新生代": 1, "多元": 1, "趣味": 1, "追求": 1, "最为": 1, "典型": 1, "90后": 1, "00后": 1, "符号": 2, "Z世代": 4, "个性": 1, "大于": 1, "尤为": 2, "独特": 1, "外观": 1, "旗舰级": 1, "性能": 3, "高颜值": 2, "实力派": 1, "最佳": 2, "诠释": 1, "诞生": 1, "平凡": 1, "乱世": 1, "英雄": 1, "机海": 1, "血海": 2, "产品力": 1, "宣传": 1, "兴趣": 1, "个性化": 1, "深剖": 1, "极点": 2, "法则": 1, "数代": 1, "毫无疑问": 1, "全面屏": 2, "无异": 1, "刘": 1, "海屏": 1, "水滴屏": 1, "点屏": 1, "升降式": 1, "屏": 2, "沉浸": 1, "搭载": 7, "一块": 2, "6.26": 1, "英寸": 3, "镜头": 4, "隐藏": 1, "屏幕": 3, "工艺": 4, "更为": 3, "极致": 2, "这块": 1, "加持": 1, "屏占比": 2, "90.7%": 1, "视觉": 2, "冲击力": 1, "开孔": 3, "多重": 2, "挑战": 1, "顶部": 1, "边框": 2, "精简": 1, "窄": 1, "美感": 1, "微缝式": 1, "听筒": 2, "巧妙": 1, "宽度": 1, "增加": 1, "高度": 1, "保证": 2, "筒音量": 1, "效果": 7, "机身": 3, "背面": 1, "微双曲": 1, "3D": 1, "玻璃": 1, "符合": 1, "人体": 1, "工学": 1, "原理": 1, "贴合": 1, "手掌": 1, "常见": 1, "幻夜": 1, "黑": 1, "线条感": 1, "优雅": 1, "稳重": 1, "搭配": 2, "后置": 1, "指纹": 1, "解锁": 1, "颇": 1, "整体性": 1, "背部": 1, "居中": 1, "矩阵式": 2, "相机": 1, "模块": 1, "不同于": 1, "以往": 1, "底座": 1, "后盖": 1, "颜色": 2, "材质": 1, "和谐": 1, "底部": 2, "HUAWEI": 1, "logo": 1, "端正": 1, "放置": 1, "位置": 1, "凸显": 1, "对称": 1, "值得一提的是": 1, "保留": 1, "3.5": 1, "耳机": 1, "孔": 1, "得以": 1, "延续": 1, "毕竟": 1, "耳机线": 1, "挂": 1, "身上": 1, "酷": 1, "Type-C": 1, "接口": 2, "轻松": 5, "盲插": 1, "尤其是": 1, "迷迷糊糊": 1, "状态": 2, "显现": 1, "4800万AI四": 1, "摄": 5, "还原": 1, "视界": 1, "刚性": 1, "需求": 2, "例外": 1, "天马行空": 1, "想象力": 1, "创意": 1, "作品": 1, "正是": 1, "尝试": 1, "创造力": 1, "硬件": 2, "按动": 1, "快门": 2, "收获": 1, "硬": 1, "核Z": 1, "世代": 1, "4800万": 13, "像素": 7, "高清": 1, "+": 4, "800万": 2, "素超": 1, "广角": 1, "200万": 3, "微距": 7, "景深": 3, "场景": 3, "AI四": 1, "场面": 2, "应对": 4, "素主": 1, "1/2": 2, "大底": 2, "传感器": 1, "1光": 1, "融合": 1, "获取": 1, "动态": 1, "直出": 1, "6000": 1, "×": 1, "8000": 1, "分辨率": 1, "放": 1, "大数": 1, "倍": 1, "依旧": 1, "细腻": 1, "往下": 1, "素样": 9, "素室": 1, "外样": 1, "出色": 4, "色彩": 3, "表现力": 1, "随手": 1, "拍": 3, "放大": 2, "细节": 4, "组室": 1, "内样": 1, "注重": 1, "解析力": 2, "暗光": 1, "灯光": 3, "成像": 3, "远处": 1, "城市": 1, "仍旧": 1, "清晰可见": 1, "可见一斑": 1, "重在": 1, "弱光": 1, "得益": 1, "明暗": 1, "控": 1, "到位": 1, "超广角": 6, "120": 1, "度": 1, "可视": 1, "角度": 1, "防畸": 1, "画面": 7, "变形": 1, "超广": 1, "角样": 1, "容纳": 1, "拍到": 1, "人物": 2, "同理": 1, "集体": 1, "合影": 1, "场地": 1, "拍下": 2, "记录": 2, "颗": 3, "cm": 1, "样张": 2, "雨后": 1, "时机": 1, "水滴": 1, "化作": 1, "自然": 2, "景物": 2, "供": 1, "打开": 6, "功能": 4, "娇艳欲滴": 1, "举足轻重": 1, "硬件级": 1, "虚化": 2, "相较于": 1, "调教": 1, "主体": 1, "手持": 3, "夜景": 8, "按下": 1, "长短": 1, "曝光": 2, "帧": 2, "原始": 1, "图像": 3, "筛选": 1, "每张": 1, "接近": 1, "正常值": 1, "堆栈": 2, "合成": 2, "利用": 2, "防抖": 1, "校准": 1, "过滤": 1, "校正": 1, "因手": 1, "抖动": 1, "偏移": 1, "模糊": 1, "光源": 1, "曝": 2, "暗处": 2, "提亮": 2, "亮度": 1, "质感": 1, "面对": 1, "茫茫": 1, "夜色": 1, "或许": 1, "景色": 1, "人像": 3, "自拍": 9, "秉承": 1, "爱": 1, "理念": 1, "3200万": 2, "美颜": 1, "眼部": 1, "轮廓": 1, "唇色": 1, "均匀": 1, "鼻子": 1, "立体": 1, "挺拔": 1, "从此": 1, "爱上": 1, "优化": 3, "人景": 1, "分离": 1, "算法": 1, "对象": 1, "识别": 4, "切割": 1, "生成": 1, "美景": 1, "美的": 1, "面部": 1, "背景": 1, "观赏性": 1, "十足": 1, "夜间": 1, "何尝": 1, "麒麟810": 3, "降维": 1, "处理器": 2, "渊源": 1, "nova5": 1, "首发": 1, "机型": 1, "麒麟": 7, "810": 5, "现身": 1, "下放": 1, "旗舰": 1, "7nm": 1, "8nm": 1, "能效": 1, "20%": 1, "CPU": 2, "全新": 5, "调频": 1, "调度": 1, "丛集": 1, "核心": 1, "架构": 1, "Cortex-A76": 1, "定制": 1, "大核": 1, "Cortex-A55": 1, "小核": 1, "Geekbench": 1, "4.2": 1, "测试": 5, "单核": 1, "跑分": 1, "710": 2, "80%": 1, "GPU": 2, "Mali-G52": 1, "上一代": 1, "162%": 1, "Kirin": 1, "Gaming": 1, "游戏": 8, "王者": 3, "荣耀": 3, "帧率": 3, "试": 1, "开启": 1, "高帧率": 2, "全程": 1, "满帧": 1, "激烈": 1, "团战": 1, "环节": 1, "稳稳": 1, "市面": 1, "主流": 1, "Turbo": 1, "深度": 1, "耗电": 1, "稳": 1, "80多": 1, "玩家": 1, "重度": 1, "4000": 1, "mAh大": 1, "电池": 2, "节电": 1, "持久": 1, "续航": 1, "10": 1, "V/2A": 1, "20W": 1, "快充": 1, "IC": 1, "分钟": 2, "50%": 1, "90": 1, "充满": 1, "整块": 1, "玩边": 1, "恢复": 1, "电量": 1, "EMUI": 2, "9.1": 3, "智慧": 1, "超": 1, "人机": 1, "交互": 1, "人性化": 1, "智慧化": 1, "屏手势": 1, "滑动": 2, "边缘": 1, "返回": 1, "滑返": 1, "回主": 1, "界面": 1, "上滑": 1, "停顿": 1, "多任务": 1, "屏手": 1, "势EMUI": 1, "期间": 1, "识物": 2, "覆盖": 1, "一日三餐": 1, "衣食住行": 1, "花草": 1, "树木": 1, "便捷": 1, "健康": 1, "有趣": 1, "组合": 1, "自定义": 2, "动作": 2, "指令": 1, "小艺": 1, "下班": 1, "回家": 3, "导航": 2, "音乐": 1, "歌曲": 1, "发": 1, "微信": 1, "留言": 1, "吃饭": 1, "想要": 1, "语音": 1, "四": 1, "硬核": 2, "卖点": 1, "大门": 1, "厮杀": 1, "配置": 1, "价格": 1, "亲民": 1, "厂商": 1, "面前": 1}