{"华为": 351, "第二": 9, "5G": 68, "手机": 123, "立刻": 1, "引发": 1, "全网": 1, "关注": 3, "9月": 16, "19日晚": 2, "德国": 10, "慕尼黑": 10, "发布": 17, "新款": 4, "旗舰": 9, "Mate30": 49, "系列": 46, "共有": 1, "款": 19, "机型": 3, "Mate": 46, "30": 40, "Pro": 24, "均": 8, "搭载": 24, "新一代": 1, "芯片": 23, "麒麟": 10, "990": 9, "SoC": 5, "消费者": 16, "业务": 9, "CEO": 4, "余承东": 11, "发布会": 16, "处理器": 10, "基带": 7, "合二为一": 4, "称为": 3, "采用": 24, "6.62": 3, "英寸": 12, "OLED": 6, "屏": 45, "；": 19, "6.53": 3, "环幕": 2, "屏幕": 28, "弯曲": 2, "角度": 6, "88": 2, "度": 6, "侧屏": 1, "数字": 3, "触控": 7, "按键": 3, "取代": 1, "实体": 1, "调节": 8, "音量": 4, "保留": 2, "一个": 30, "电源键": 2, "机器": 2, "简约": 3, "支持": 31, "40W": 1, "有线": 2, "充电": 2, "27": 3, "W无线": 3, "快充": 6, "四": 12, "颗": 15, "摄像头": 52, "一代": 2, "20多": 2, "值得一提的是": 6, "此次": 1, "并未": 1, "自研": 4, "操作": 13, "系统": 19, "鸿蒙": 3, "开源": 1, "版本": 8, "安卓": 3, "届时": 1, "谷歌": 4, "GMS": 2, "服务": 6, "包括": 3, "邮件": 1, "、": 169, "地图": 1, "搜索": 1, "市场": 9, "YouTube": 1, "在内": 1, "提供": 16, "HMS": 2, "全球": 9, "首发": 2, "设计": 33, "精密": 3, "——": 5, "7nm+": 2, "EUV": 2, "紫外": 1, "光刻": 1, "工艺": 11, "指甲": 3, "大小": 3, "方寸": 4, "之间": 12, "集成": 5, "多达": 3, "103亿": 3, "晶体管": 3, "麒麟990": 6, "迄今": 2, "高性能": 1, "：": 58, "CPU三": 1, "档": 1, "能效": 3, "架构": 5, "主频": 1, "2.86GHz": 1, "超大": 1, "规模": 1, "16": 1, "核": 2, "GPU": 2, "集群": 1, "领先": 3, "性能": 4, "NPU": 3, "+": 16, "微核": 1, "ISP5.0": 2, "图像": 6, "信号": 2, "双域": 1, "视频": 33, "降噪": 4, "BM3D": 1, "专业级": 1, "硬件": 5, "拍摄": 2, "无惧": 1, "暗光": 2, "场景": 9, "芯片集": 2, "成度": 2, "大幅": 6, "提升": 22, "功耗": 3, "发热": 3, "降低": 3, "首款": 10, "SoC单": 1, "内": 11, "2G/3G/4G/5G": 2, "全网通": 2, "NSA/SA": 1, "双模": 1, "FDD/TDD": 1, "频段": 1, "4G": 8, "卡": 2, "双待": 2, "优势": 9, "调侃": 2, "友商": 1, "刚刚": 1, "推出": 8, "新品": 5, "未": 3, "具备": 2, "功能": 34, "设置": 5, "不再": 1, "浴霸": 4, "黑洞": 1, "背后": 2, "卡片": 1, "相机": 2, "称": 5, "源自": 1, "经典": 1, "台上": 1, "苹果": 11, "iPhone11": 5, "排列": 1, "模仿": 1, "方形": 1, "引领": 3, "行业": 13, "潮流": 1, "标志性": 2, "配备": 9, "徕卡": 6, "电影": 16, "摄": 13, "包含": 4, "枚": 4, "4000万": 8, "像素": 5, "超": 14, "感光": 11, "800万": 2, "长焦": 3, "3D": 4, "深感": 3, "Pro首": 1, "创": 2, "双主": 3, "拥有": 21, "1/1.54": 1, "元件": 1, "RYYB": 1, "滤色": 1, "阵列": 2, "ISO": 2, "409600": 1, "照相": 1, "感光值": 1, "拍出": 1, "照片": 6, "超高": 4, "清夜": 1, "高达": 5, "51200": 1, "感光度": 2, "高清": 6, "1080": 1, "P下": 1, "960fps": 1, "动作": 4, "摄影": 3, "突破性": 1, "7680": 1, "fps": 1, "超高速": 1, "4K": 12, "广角": 3, "暗态": 1, "延时": 1, "Pro长": 1, "焦": 1, "3": 4, "倍": 8, "光学": 3, "变焦": 7, "5": 6, "混合": 3, "OIS": 1, "防抖": 1, "后置": 2, "画面": 22, "纵深": 1, "测距": 1, "分离": 1, "主体": 3, "背景": 4, "发丝级": 1, "抠图": 1, "渐进式": 1, "虚化": 2, "呈现": 2, "立体": 1, "视觉": 5, "效果": 7, "前置": 2, "自拍": 2, "获取": 1, "精确": 2, "景深": 1, "信息": 10, "自然": 3, "温润": 1, "人工": 2, "智能": 77, "隔空": 5, "操控": 15, "自动": 11, "隐藏": 4, "基于": 5, "打造": 7, "EMUI": 5, "10": 6, "带来": 20, "很多": 1, "交互": 12, "方式": 4, "AI随心": 1, "转屏": 1, "人脸": 4, "朝向": 1, "横竖屏": 2, "坐": 1, "躺": 1, "姿态": 3, "调整": 4, "舒适": 2, "视角": 1, "用户": 36, "享受": 5, "大餐": 1, "双手": 1, "沾满": 1, "油时": 1, "不用": 3, "担心": 1, "AI隔空": 2, "识别": 19, "手势": 2, "无需": 4, "接触": 2, "滚动": 1, "抓取": 2, "截屏": 2, "A": 1, "I": 4, "保护": 4, "机主": 2, "即刻": 2, "通知": 1, "详细": 3, "内容": 27, "公布": 5, "建议": 1, "零售价": 1, "8GB": 2, "128GB": 2, "售价": 14, "799": 4, "欧元": 11, "6261": 1, "元": 13, "人民币": 7, "Pro（8GB": 1, "256GB": 2, "1099": 3, "1199": 3, "RS": 1, "保时捷": 1, "12GB": 1, "512GB": 1, "2095": 1, "16418": 1, "起售价": 2, "高过": 1, "64GB": 1, "版": 2, "中国": 7, "5499": 2, "128G": 1, "iPhone": 3, "11": 2, "高出": 1, "262": 1, "并非": 7, "惯例": 1, "中国区": 1, "定价": 1, "低于": 2, "海外": 2, "不久前": 2, "新机": 9, "相比": 5, "这次": 2, "赢得": 2, "不少": 8, "称赞": 1, "新lang": 1, "眼怪": 1, "背面": 4, "好看": 5, "太": 6, "微澜x": 1, "何止": 1, "创新": 6, "…": 1, "这才": 1, "第一": 5, "眼": 2, "想": 13, "买": 7, "脑子": 2, "！！": 2, "黑": 1, "凤梨": 1, "梨": 1, "很": 14, "辨识度": 1, "挺": 2, "喜欢": 1, "Duck": 2, "鸭子": 1, "明明": 2, "高级": 5, "真的": 3, "脸": 2, "猫": 1, "爱": 2, "吃": 1, "鱼": 1, "1101": 1, "好像": 1, "单反": 1, "摄像机": 1, "镜头": 4, "感觉": 2, "网友": 3, "吐槽": 1, "洗衣机": 12, "加持": 9, "品牌": 7, "滚筒": 4, "对比": 4, "供图": 1, "全国": 1, "高个子": 2, "联谊": 2, "仙气": 2, "矛盾体": 2, "哈哈哈哈": 3, "电器": 6, "可爱": 2, "科技感": 2, "十足": 3, "开心": 2, "粒米": 2, "很快": 3, "流行": 2, "洗滚筒": 2, "板型": 2, "渴望": 1, "XIAOTING": 1, "YY": 1, "朋友": 3, "来源": 4, "澎湃": 1, "新闻": 3, "责编": 1, "王子": 1, "墨编辑": 1, "张雪瑜": 1, "孙": 1, "小婷": 1, "今日": 3, "全新": 12, "智慧屏": 150, "Watch": 2, "GT2": 3, "集成5G": 1, "Soc芯片": 1, "SA/NSA": 2, "手": 1, "环幕屏": 3, "如同": 1, "世界": 2, "手中": 1, "暗拍": 1, "超广角": 1, "焦尽": 1, "UX": 1, "杂志": 1, "美学": 2, "界面": 4, "多彩": 1, "AOD灭屏": 1, "显示": 13, "研究": 1, "深色": 1, "模式": 25, "手眼心": 1, "动效": 1, "体验": 34, "Pro配": 1, "4500": 3, "mAh": 3, "电池": 6, "40": 2, "W有线": 2, "超级": 6, "续航": 4, "强劲": 3, "快捷": 1, "出行": 1, "办公": 1, "困扰": 1, "诸多": 2, "眼前": 1, "亮": 3, "黑科技": 5, "触碰": 2, "感应器": 1, "即可": 7, "滑动": 2, "AI": 32, "随心": 1, "可识": 1, "别人": 1, "观看": 7, "转换": 1, "陌生人": 1, "注视": 1, "消息": 3, "隐私": 4, "M-Pen手": 1, "写笔": 1, "4096": 1, "灵敏": 1, "压感": 1, "悬浮": 1, "落笔": 1, "精准": 2, "真实": 3, "书写": 1, "绘画": 1, "随时": 1, "记录": 2, "灵光": 1, "！": 5, "还给": 1, "手表": 2, "玻璃屏": 1, "离线": 1, "音乐": 5, "播放": 13, "15": 2, "运动": 4, "陪": 1, "上山入海": 1, "打破": 2, "常态": 2, "探索": 2, "自由": 1, "一同": 1, "登场": 1, "期待": 3, "智慧": 88, "100%": 2, "NTSC": 3, "65": 6, "吋": 1, "4K量子": 1, "点屏": 1, "音响": 9, "升降": 3, "健身": 21, "骨骼": 1, "技术": 16, "1080P": 5, "通话": 19, "分布式": 2, "投屏": 31, "AI人": 1, "锁定": 5, "独有": 3, "Huawei": 11, "Share": 7, "跨屏": 7, "60": 4, "帧": 5, "延迟": 3, "碰": 6, "本地": 1, "网络": 12, "共享": 2, "精彩": 3, "时刻": 2, "大屏": 45, "据悉": 2, "20日": 3, "0时": 1, "商城": 5, "电商": 2, "平台": 5, "开启": 7, "预约": 3, "26日": 5, "国内": 4, "正式": 11, "科技": 11, "重构": 2, "想象": 2, "敬请": 1, "VS": 1, "(": 2, "7275030": 1, ")": 2, "基金报": 1, "作者": 1, "高雯": 1, "早点": 1, "买入": 1, "概念股": 3, "没准": 1, "希望": 1, "昨晚": 2, "贵": 1, "16483": 1, "A股": 3, "随之": 1, "欢腾": 1, "产业链": 2, "公司": 14, "触及": 3, "涨停": 7, "昨日": 2, "合作": 4, "字": 2, "淡水泉": 5, "成泉": 4, "资本": 4, "公募": 2, "基金": 9, "赚翻": 1, "概念": 4, "指数": 2, "早盘": 4, "高开": 2, "涨": 1, "51.1％": 1, "刺激": 2, "个股": 4, "呈": 1, "震荡": 1, "走势": 2, "茂硕": 1, "电源": 1, "开盘": 2, "短暂": 1, "打开": 4, "封": 1, "涨停板": 1, "闻": 1, "泰": 1, "东旭": 2, "光电": 2, "韦尔": 1, "股份": 7, "歌尔": 5, "大涨": 1, "闻泰": 1, "盘中": 1, "一度": 1, "接近": 3, "累积": 1, "涨幅": 3, "永贵": 2, "合格": 1, "供应商": 6, "报价": 1, "10.57": 1, "/": 3, "股": 14, "5月": 1, "6日": 1, "股价": 3, "新高": 1, "机构": 5, "二季度": 10, "埋伏": 2, "中报": 1, "相关": 4, "年内": 2, "翻倍": 2, "持仓": 7, "收获": 1, "颇": 2, "精选": 3, "1": 7, "期": 3, "十大": 2, "流通": 1, "股东": 2, "榜单": 2, "3619.8万": 1, "生益": 2, "持股": 2, "1832.4万": 1, "旗下": 2, "产品": 62, "锦沣": 1, "1号": 2, "私募": 3, "证券": 6, "投资": 6, "涌锋": 1, "东方": 2, "中科": 2, "91.67万": 1, "91万": 1, "此前": 1, "较为": 1, "平稳": 1, "9月份": 2, "表现": 15, "迅猛": 1, "84.07％": 1, "宁波": 1, "乾弘": 2, "久盛": 1, "资产": 1, "管理": 1, "合伙": 2, "企业": 1, "有限": 1, "乐享": 1, "成长": 2, "新进": 2, "硕贝德": 4, "股东榜": 3, "303万": 1, "6月": 1, "至今": 1, "上涨": 1, "58.42％": 1, "赚": 1, "盆满钵盈": 1, "华安": 1, "媒体": 2, "互联网": 1, "混合型": 4, "加仓": 1, "4757.7万": 1, "富国天惠": 1, "新进韦尔": 1, "360万": 1, "华夏": 1, "复兴": 1, "436.3万": 1, "汇添": 1, "均衡": 1, "增长": 8, "369万": 1, "轮": 2, "消费": 2, "浪潮": 2, "引爆": 1, "科技圈": 2, "业内": 2, "人士": 1, "眼中": 2, "香饽饽": 2, "将来": 1, "介绍": 9, "厂商": 4, "外挂": 1, "毫无疑问": 1, "8月": 2, "16日": 1, "Mate20": 3, "X": 4, "5G版": 3, "开售": 4, "当日": 1, "天猫": 1, "京东": 2, "渠道": 1, "售罄": 1, "官方": 6, "分钟": 1, "评论": 1, "感慨": 1, "抢到": 1, "事实上": 1, "前日": 1, "心声": 1, "社区": 1, "微信": 1, "公号": 1, "披露": 1, "截至": 1, "15日": 1, "中午": 1, "12点": 1, "预约量": 1, "突破": 1, "100万": 1, "台": 10, "接受": 3, "视为": 1, "买单": 1, "关键": 3, "幅度": 2, "亚于": 1, "当年": 1, "3G": 1, "旗舰级": 1, "近年来": 1, "定海": 1, "神针": 1, "注入": 1, "兴奋剂": 1, "预示": 2, "换机": 2, "高峰": 1, "即将": 2, "到来": 2, "美国": 2, "欧洲": 5, "LTE": 1, "部署": 1, "早于": 1, "渗透率": 3, "2010年": 1, "~": 1, "2013年": 1, "迎来": 1, "快速": 5, "10％": 2, "70％": 2, "建设": 4, "晚且": 1, "建站": 1, "速度": 3, "快": 2, "时间": 5, "我国": 2, "2020~2022年": 1, "机潮": 1, "争当": 1, "小伙伴": 2, "预测": 1, "出货量": 2, "2.5亿": 1, "追捧": 1, "超过": 2, "2.6亿": 1, "明年": 1, "跃居": 1, "带动": 1, "合作商": 1, "趋势": 3, "显而易见": 1, "上市": 4, "朋友圈": 1, "上半年": 1, "业绩": 1, "17.73％": 1, "半年报": 2, "提到": 4, "无线": 6, "耳机": 6, "可穿戴": 1, "发展": 6, "顺利": 2, "营业": 1, "收入": 1, "贡献": 1, "增加": 1, "查询": 1, "Freebuds": 1, "独家": 2, "ODM/JDM": 1, "服务商": 1, "Airpods": 1, "X独家": 1, "天线": 3, "透露": 2, "终端": 3, "全方位": 1, "汇顶": 1, "屏下": 1, "指纹": 1, "方案": 6, "mate30": 1, "飞荣达": 1, "散热": 1, "安洁": 1, "有为": 1, "客户": 2, "高端": 5, "广信": 1, "材料": 1, "P30": 2, "型号": 2, "京东方A": 1, "关系": 1, "柔性": 1, "AMOLED": 1, "供货": 1, "销量": 4, "有利于": 1, "出货": 1, "光韵达": 1, "子公司": 1, "SMT": 1, "模板": 1, "检测": 1, "设备": 21, "保密": 1, "更为": 5, "加快": 1, "供应链": 3, "国产化": 1, "项": 1, "政策": 1, "主动": 1, "导入": 1, "国产": 4, "级别": 2, "未来": 9, "有望": 1, "机会": 3, "订单": 1, "日前": 1, "董事长": 1, "梁华": 1, "计划": 2, "投入": 1, "1200亿": 1, "用于": 1, "研发": 3, "开发者": 2, "大会": 2, "总裁": 1, "张平安": 1, "10亿": 1, "美元": 1, "耀星": 1, "加速": 1, "激励": 1, "扶持": 1, "[PConline": 2, "资讯": 2, "国行版": 2, "14点30": 1, "关心": 1, "给出": 2, "18：08": 1, "首售": 1, "兴趣": 1, "8+128GB": 2, "折合": 3, "6265": 1, "8+256GB": 4, "国行": 1, "尚未": 1, "价格": 4, "4G版": 1, "8617": 1, "9401": 1, "配色": 5, "星河银": 2, "罗": 1, "兰紫": 1, "翡": 2, "冷翠": 2, "黑色": 4, "玻璃版": 1, "素皮版": 2, "青山": 1, "黛": 1, "丹霞": 1, "橙": 1, "皮革": 1, "般质感": 1, "柔软": 1, "亲肤": 1, "入手": 1, "丝滑": 1, "细腻": 3, "首次": 2, "集于": 1, "一体": 3, "上代": 1, "39%": 1, "32%": 1, "双卡双待": 1, "4G卡": 1, "在线": 1, "19日": 7, "定义": 3, "单纯": 2, "件": 2, "商品": 1, "IoT": 17, "生态": 15, "更进一步": 1, "阵线": 1, "零散": 1, "缺乏": 1, "着眼点": 1, "音箱": 3, "阿里": 1, "百度": 1, "占据": 1, "份额": 1, "家居": 19, "核心": 6, "影响力": 1, "就算": 1, "成立": 1, "主攻": 1, "方舟": 1, "实验室": 1, "构建": 3, "HiLink": 6, "都": 28, "铺垫": 1, "等待": 1, "领军者": 2, "才": 5, "恍然大悟": 1, "是非": 1, "构想": 1, "推进": 2, "1+8+N": 1, "战略": 2, "棋子": 1, "家庭": 16, "能力": 29, "外延": 1, "预订": 1, "只不过": 1, "提前": 1, "一番": 2, "斤两": 1, "答案": 2, "高档": 3, "实际上": 1, "类型": 1, "调性": 1, "档次": 1, "细节": 9, "确实": 3, "端倪": 1, "屏给": 1, "小雷": 5, "直观": 2, "感受": 3, "一两": 1, "堆砌": 1, "整体": 5, "把握": 1, "外观": 5, "超窄": 1, "边框": 9, "风格": 1, "成型": 1, "号称": 1, "螺丝": 2, "底座": 3, "底部": 1, "规格": 1, "扬声器": 6, "呼吸灯": 1, "抛开": 1, "不说": 1, "光是": 2, "正面": 2, "侧面": 3, "纤细": 1, "线条": 1, "印象": 2, "深刻": 1, "综合": 2, "吸引力": 1, "本身": 3, "气质": 1, "吸引": 2, "面板": 4, "声音": 10, "惊喜": 4, "这块": 5, "略": 1, "超出": 2, "预期": 1, "色彩": 22, "饱满": 4, "亮度": 4, "足够": 2, "漏光": 2, "这是": 7, "一块": 9, "分辨率": 3, "放": 3, "如今": 3, "电视": 17, "中上游": 1, "水准": 1, "可视": 1, "偏色": 1, "外放": 4, "音质": 11, "重音": 1, "到位": 2, "自带": 1, "发出": 3, "干瘪": 1, "至少": 1, "算是": 1, "满意": 1, "三大": 1, "AI慧眼": 4, "Sound": 4, "横穿": 1, "始终": 1, "不错": 8, "指": 1, "内置": 3, "永久": 1, "外露": 1, "通讯": 1, "各类": 2, "监控": 1, "打通": 1, "用作": 2, "生活": 12, "拍照": 5, "辅助": 1, "儿童": 19, "卖点": 3, "指出": 1, "市面": 2, "绝大多数": 2, "传统": 8, "抓住": 1, "差异化": 2, "体现": 2, "庞大": 3, "音频": 7, "积累": 1, "限于": 1, "特性": 1, "释放": 1, "正好": 1, "大展拳脚": 1, "在于": 2, "自行": 3, "屏会": 3, "影院": 3, "晚上": 1, "看球赛": 2, "滋扰": 1, "现场": 4, "试听": 1, "估计": 1, "只能": 2, "留到": 1, "测试": 24, "才能": 3, "购买": 4, "演示": 2, "工程师": 1, "传输": 9, "实用性": 2, "出色": 4, "惊讶": 1, "100MB": 1, "6": 5, "秒": 7, "帧率": 1, "玩": 6, "游戏": 12, "依旧": 1, "流畅": 7, "块": 1, "界限": 1, "弱化": 1, "肯定": 3, "沟通": 1, "进一步": 3, "当做": 1, "影视": 5, "作品": 1, "工具": 3, "赢": 1, "针对": 2, "质疑": 1, "毕竟": 1, "形态": 2, "节目": 6, "资源": 4, "功能性": 1, "单一": 2, "理解": 2, "本质": 1, "到底": 4, "万物": 3, "最终": 1, "追求": 1, "各式各样": 1, "家用电器": 1, "智能化": 4, "目标": 2, "远": 3, "地位": 1, "为过": 1, "统筹": 2, "方向": 2, "还要": 1, "纽带": 1, "维系": 1, "家中": 2, "台灯": 2, "门铃": 1, "空气": 1, "净化器": 1, "名": 2, "使用者": 1, "选择": 10, "不俗": 2, "视听": 2, "好用": 1, "易懂": 1, "距离": 6, "互联": 2, "不在乎": 1, "倒是": 1, "选": 2, "归根到底": 1, "状态": 3, "需求": 7, "长远": 1, "不可逆": 1, "便利": 1, "效率": 1, "有目共睹": 1, "中枢": 3, "事情": 1, "富有": 1, "前瞻性": 1, "尝试": 1, "推移": 1, "价值": 2, "显现": 1, "合适": 1, "划时代": 1, "2019年": 4, "传闻": 1, "杀入": 1, "新军": 1, "聚焦": 1, "正是": 2, "呼风唤雨": 1, "荣耀": 3, "OPPO": 1, "VIVO": 1, "一加": 1, "成熟": 2, "本土化": 1, "程度": 3, "客厅": 4, "门槛": 1, "无非": 1, "何种": 1, "形象": 2, "时间点": 1, "纯粹": 2, "制造": 1, "运营": 1, "伴随": 1, "落地": 1, "物联网": 1, "建立": 3, "大势所趋": 1, "无疑": 4, "适合": 4, "充当": 5, "入口": 4, "进军": 2, "瞄准": 1, "赛道": 1, "切入点": 1, "生态圈": 1, "高度": 1, "屏真": 1, "值得": 1, "颠覆": 2, "将要": 1, "奢华": 3, "纤薄": 4, "标新立异": 1, "符合": 2, "品质化": 1, "就要": 2, "语言": 2, "做工": 1, "用料": 1, "考究": 2, "涉足": 1, "极致": 5, "机身": 4, "延伸": 1, "沉浸": 2, "屏整机": 1, "色调": 1, "搭配": 2, "金属": 4, "材质": 1, "质感": 2, "看上去": 1, "大气": 1, "加上": 1, "整机": 1, "感": 1, "得益": 1, "液晶屏": 1, "美缝": 1, "填胶": 1, "间隙": 1, "无缝": 2, "折弯": 1, "镜面": 2, "精细": 3, "研磨": 2, "180": 2, "钻切": 1, "力求": 1, "顶部": 2, "位置": 4, "配有": 4, "升降式": 7, "下方": 3, "小艺": 7, "炫屏": 3, "70": 1, "RBG": 1, "灯阵": 1, "排布": 1, "一千六百多万": 1, "颜色": 1, "变化": 2, "交互式": 1, "多样性": 2, "反馈": 2, "人性化": 2, "全金属": 1, "片叶式": 2, "背部": 3, "背板": 1, "整洁": 1, "干净": 1, "巧妙": 1, "流光": 1, "美": 2, "背": 3, "耐": 1, "年轮": 1, "音环": 1, "重低音": 1, "卖": 1, "关子": 1, "解答": 1, "USB": 2, "3.0": 2, "接口": 7, "三": 6, "HDMI": 2, "输入": 5, "端口": 1, "SPDIF": 2, "足以": 5, "日常": 2, "遥控器": 20, "简式": 1, "造型": 1, "小巧": 1, "手感": 1, "佳": 1, "前端": 1, "单点": 1, "按压": 1, "多种": 3, "圆盘": 1, "习惯": 1, "NFC": 3, "植入": 3, "控制": 16, "精髓": 1, "多屏": 8, "协同": 2, "管控": 2, "4": 2, "中心": 17, "影音": 4, "娱乐": 4, "主界面": 1, "或许": 2, "智慧化": 2, "保证": 3, "特色": 2, "计算": 2, "人像": 5, "瞳距": 3, "软件": 1, "层面": 1, "跟进": 2, "Kids": 7, "清晰度": 2, "素质": 3, "优秀": 6, "呼叫": 3, "接通": 1, "上方": 2, "升出": 1, "出众": 1, "过程": 2, "采集": 1, "质量": 4, "神奇": 3, "编辑": 1, "姐姐": 1, "来回": 1, "走动": 2, "情况": 7, "竟然": 1, "人物": 2, "不止": 1, "屏独": 1, "APP": 9, "私教": 2, "学": 2, "特有": 3, "躯体": 2, "关节": 2, "语音": 13, "提醒": 3, "面对面": 1, "差": 2, "自主": 1, "集结": 1, "优质": 1, "筛选": 1, "健康": 2, "动画": 1, "课程": 2, "答题": 2, "退出": 3, "家长": 1, "放心": 2, "交给": 1, "孩子": 5, "防蓝": 1, "光护眼": 1, "柔和": 1, "时长": 2, "过度": 1, "用眼": 1, "坐姿": 3, "观看者": 1, "1.5": 2, "米": 5, "都会": 1, "常见": 1, "利用": 1, "小屏": 2, "实时": 1, "之上": 3, "上文": 1, "Wi-Fi下": 1, "瞬间": 2, "镜像": 2, "实测": 3, "王者": 2, "第三方": 2, "依托": 3, "底层": 2, "优化": 3, "高帧率": 2, "同步": 2, "卡顿": 1, "屏控": 1, "绑": 1, "同一个": 1, "账号": 3, "局域网": 1, "远程": 3, "控屏": 7, "触控屏": 1, "老人": 1, "困难": 1, "协助": 1, "传": 1, "插": 1, "收听": 1, "深夜": 1, "刷剧": 1, "看球": 3, "影响": 2, "家人": 5, "休息": 3, "极速": 1, "分享": 3, "社交": 2, "属性": 1, "有意思": 1, "玩法": 1, "屏上": 1, "创建": 1, "相册": 2, "添加": 1, "查看": 2, "亲友": 1, "绑定": 1, "屏端": 1, "相互": 1, "图片": 10, "30MB/S": 1, "600M": 1, "实打实": 1, "音效": 9, "讲究": 2, "音画": 3, "合一": 1, "强行": 1, "微缩": 1, "狭小": 1, "空间": 3, "理想": 2, "环节": 1, "融为一体": 1, "空间感": 1, "立体感": 3, "为此": 1, "8+1+1": 1, "独立": 3, "通道": 2, "专业": 7, "低音": 2, "woofer": 2, "被动": 2, "无源": 2, "辐射器": 2, "5.1": 2, "不得不": 3, "承认": 2, "罕见": 1, "独一无二": 1, "环境": 4, "声场": 4, "建模": 2, "房间": 7, "虚拟": 2, "模型": 2, "匹配": 3, "最佳": 2, "从未": 2, "噱头": 1, "有用": 1, "歌曲": 1, "强大": 3, "气氛": 1, "渲染": 1, "感情": 1, "烘托": 1, "演唱会": 1, "电影院": 1, "那种": 1, "震撼": 1, "代入感": 1, "不由得": 1, "沉醉": 1, "独享": 2, "印象深刻": 1, "定向": 4, "发声": 4, "人声": 3, "增强": 2, "前方": 3, "45": 1, "减弱": 2, "分贝仪": 1, "上图": 1, "远场": 2, "声控": 1, "热门": 3, "努力": 1, "便捷": 1, "手段": 1, "精灵": 1, "助手": 2, "五": 1, "拾音": 2, "天气": 3, "推荐": 2, "电视剧": 4, "待机": 1, "对话": 2, "喊": 1, "声": 1, "语义": 1, "回应": 1, "说出": 1, "推送": 1, "想要": 2, "一句话": 2, "掌控": 2, "全局": 3, "时代": 5, "来临": 1, "看做": 1, "无不": 1, "围绕": 1, "Internet": 1, "things": 1, "标签": 1, "家电": 2, "方便性": 1, "布局": 3, "加大": 1, "空调": 2, "扫地": 2, "机器人": 2, "用户群": 1, "越来越": 2, "搭建": 1, "矩阵": 1, "整合": 3, "优酷": 2, "酷喵": 2, "腾讯": 2, "极光": 2, "TV": 2, "芒果TV": 2, "分类": 1, "人群": 2, "轻松": 4, "找到": 2, "会员": 4, "喜好": 2, "单独": 1, "各家": 1, "超钻": 1, "套餐": 1, "包年": 1, "680": 1, "起单": 1, "划算": 1, "试看": 1, "热播": 1, "更新": 1, "蓝光": 1, "画质": 15, "客观": 3, "仪器": 3, "身为": 1, "充满": 3, "量子": 2, "点光": 1, "光源": 3, "色域": 7, "覆盖率": 2, "称道": 1, "引擎": 3, "—": 1, "绮光": 2, "异彩": 2, "标志": 1, "定位": 1, "自由度": 1, "维度": 1, "HDR": 9, "验证": 1, "还原": 8, "准确性": 4, "数据": 3, "极度": 1, "精确度": 2, "表现力": 4, "准确": 4, "Spyder": 1, "Elite": 1, "ΔE": 3, "数值": 5, "1.17": 2, "低": 1, "成绩": 1, "完美": 1, "评价": 3, "显示器": 2, "领域": 1, "原度": 1, "极为": 1, "色域值": 2, "屏色": 1, "域值": 1, "92%": 1, "覆盖": 4, "标准": 4, "72%": 1, "NTSC1931": 1, "再次": 1, "惊叹": 1, "失真": 4, "色块": 1, "种类": 2, "层次": 3, "分明": 2, "展现": 3, "原画": 1, "品质": 1, "主观": 1, "量子点": 4, "艳丽": 1, "调教": 1, "成功": 4, "宣称": 1, "鸿鹄": 4, "独特": 1, "MEMC": 2, "算法": 5, "SR算法": 2, "DCI算法": 2, "ACM算法": 2, "NR算法": 2, "拖尾": 2, "清晰": 4, "层次感": 2, "组实": 1, "拍图": 1, "检验": 1, "鲜艳": 1, "浓郁": 4, "感4K": 2, "明暗分明": 1, "绿叶": 1, "纹路": 1, "黑场": 2, "表达": 2, "过分": 1, "饱和": 1, "面部": 1, "细微": 1, "物体": 1, "颗粒": 1, "动物": 1, "羽翼": 1, "用纤": 1, "毫毕": 1, "现来": 1, "形容": 2, "色泽": 1, "讨好": 1, "眼球": 1, "明暗": 1, "交错": 1, "高亮度": 1, "暗部": 1, "液晶": 3, "基站": 1, "成就": 1, "彩电": 1, "难事": 1, "简单": 9, "样子": 1, "工业": 1, "处处": 1, "进来": 1, "不可或缺": 1, "7265805": 1, "新华社": 3, "电": 1, "记者": 3, "朱晟": 1, "王": 1, "平平": 1, "会展": 1, "举办": 1, "逯阳": 2, "超曲面": 1, "后者": 1, "7nm+EUV": 1, "制程": 1, "集成度": 1, "工作": 2, "人员": 1, "来宾": 1, "融入": 2, "影像": 2, "旗舰机": 1, "人手": 2, "当天": 1, "麒麟A": 1, "WATCH": 1, "FreeBuds": 1, "蓝牙": 2, "销售": 2, "带": 1, "走来": 1, "北京": 2, "环": 1, "理念": 1, "之下": 2, "承担": 2, "角色": 3, "得力": 1, "屏华": 1, "诞生": 1, "商用": 1, "元年": 1, "6月份": 1, "牌照": 1, "颁发": 1, "如火如荼": 1, "一大": 2, "各种各样": 1, "井喷式": 1, "冰箱": 1, "水杯": 1, "聪明": 1, "大脑": 1, "指令": 2, "双双": 1, "之际": 1, "屏以": 1, "枢纽": 1, "亮相": 1, "解决": 1, "成员": 1, "紧密": 1, "不同于": 2, "逢年过节": 1, "低头": 1, "带给": 1, "温馨": 1, "关怀": 1, "亲情": 1, "浓厚": 1, "布满": 1, "全屋": 2, "屏究": 1, "竟会": 1, "本期": 1, "评测": 1, "大有": 1, "纯净": 1, "全色域": 1, "节能": 1, "环保": 1, "屏极": 1, "窄": 1, "全面屏": 1, "基础": 2, "屏占比": 1, "言语": 1, "极简": 1, "钻戒": 1, "本真": 1, "观感": 2, "触感": 1, "家里": 4, "犹如": 2, "艺术品": 1, "装饰": 1, "格调": 1, "最为": 1, "显眼": 1, "CNC": 1, "数控": 1, "机械": 1, "加工": 1, "铝合金": 1, "打磨": 1, "一万多": 1, "出音孔": 1, "绝佳": 1, "为人": 1, "机": 2, "生命体": 1, "孕育": 1, "摆放": 2, "稳定": 1, "亮眼": 1, "一点": 1, "屏顶部": 1, "开机": 1, "广告": 1, "洞悉": 1, "升起": 1, "降下": 1, "视屏": 1, "多重": 1, "别具一格": 1, "1920*1080": 1, "屏呼": 1, "互动": 6, "出门": 2, "在外": 2, "发起": 1, "喜悦": 1, "屋内": 1, "对方": 1, "光线": 3, "微光": 1, "补光": 1, "偶尔": 1, "坏": 1, "通话卡顿": 1, "宽带": 1, "下降": 1, "720P": 1, "480P": 1, "自然而然": 1, "拍": 1, "聚会": 1, "家里人": 1, "难以": 1, "容纳": 1, "其他人": 1, "合照": 2, "屏拍": 1, "深度": 1, "开发": 2, "首页": 1, "体育": 3, "大学": 1, "数十": 1, "白领": 1, "族": 1, "实用": 2, "在家": 3, "指导": 1, "屏A": 3, "弹出": 2, "教练": 1, "姿势": 5, "矫正": 1, "纠正": 1, "规范": 1, "提示": 1, "鼓励": 1, "分析": 1, "少不了": 1, "尤其是": 2, "父母": 2, "忙": 1, "写": 1, "作业": 1, "小孩": 2, "从小": 1, "落下": 1, "近视眼": 1, "病根": 1, "佩戴": 1, "眼镜": 1, "一辈子": 1, "分级": 1, "圈层": 1, "周全": 1, "大人": 1, "模式式": 1, "一道": 1, "算": 1, "禁用": 1, "搜答案": 1, "繁琐": 1, "文件": 1, "成本": 1, "居高不下": 1, "开讲": 1, "8.3": 1, "毫米": 1, "超薄ID": 1, "压式": 1, "触控板": 1, "人体": 1, "工程学": 1, "美感": 1, "落": 1, "下风": 1, "区域": 1, "贴合": 1, "形式": 1, "多么": 1, "身上": 1, "轻轻": 1, "干什么": 1, "投到": 1, "变大": 1, "摆脱": 1, "连接": 3, "WiFi": 1, "配对": 1, "阅读": 1, "统统": 1, "一屏": 1, "搞定": 1, "友好": 1, "相较于": 1, "顿挫感": 1, "玩家": 1, "不二": 1, "爽": 2, "屏控屏": 1, "一部分": 1, "划动": 1, "动画片": 1, "其乐融融": 1, "创意": 1, "熬夜": 1, "打扰": 1, "端": 2, "切换": 1, "音源": 1, "收音": 2, "人性": 1, "键盘": 1, "搜片": 1, "从此": 1, "指禅": 1, "熟悉": 1, "输入法": 1, "自如": 1, "化身": 2, "息屏": 1, "皆": 1, "遥控": 3, "大屏化": 1, "身触": 1, "摸式": 1, "个性": 1, "找": 2, "到时": 2, "争抢": 1, "派": 1, "用场": 1, "奇效": 1, "试试": 1, "听": 3, "见好": 1, "从来": 1, "一蹴而就": 1, "软硬件": 1, "配合": 1, "发挥": 2, "8": 1, "单元": 1, "65W": 1, "Histen": 1, "天籁": 1, "般的": 1, "屏扬": 1, "声器": 1, "家具": 2, "自适应": 1, "房型": 1, "装修": 1, "定制化": 1, "处于": 1, "观影": 1, "前文": 1, "夜晚": 1, "声波": 3, "波束": 1, "发散": 1, "约束": 1, "屏正": 1, "减少": 1, "辐射": 1, "独奏": 1, "输出": 1, "非同一般": 1, "均匀": 1, "布置": 1, "灵敏度": 1, "mic": 1, "变得": 2, "本机": 1, "机顶盒": 1, "全程": 1, "翻译": 1, "有趣": 1, "参数": 2, "适配": 1, "优": 1, "少儿": 2, "五大": 2, "默认": 2, "极客": 1, "背光": 1, "神经": 1, "音": 1, "神经中枢": 1, "下班": 1, "回家": 1, "打扫": 1, "有别于": 1, "得天独厚": 1, "可视化": 1, "一目了然": 1, "电子": 1, "猫眼": 1, "联动": 1, "屏前": 1, "屋外": 1, "高效": 2, "我家": 1, "页面": 1, "抽象": 1, "致力于": 1, "开放": 1, "协议": 1, "云平台": 1, "对接": 1, "一站式": 1, "质": 1, "招": 1, "引入": 3, "综艺": 1, "热点": 1, "舒心": 1, "教育": 2, "新东方": 1, "沪江": 1, "网校": 1, "权威": 1, "知识": 1, "猪": 1, "佩奇": 1, "宝宝": 1, "巴士": 1, "主流": 1, "富度": 1, "电台": 1, "声书": 1, "层层": 1, "喜马拉雅": 1, "蜻蜓FM": 1, "入驻": 1, "眼睛": 1, "耳朵": 1, "松": 1, "总体而言": 1, "面向": 1, "兼顾": 1, "扛": 1, "大旗": 1, "OS": 1, "回想": 1, "初衷": 1, "幸福": 1, "上海": 1, "容量": 2, "4200": 1, "mAh大": 1, "增至": 1, "30后": 1, "置超": 1, "30手机": 1, "8+256": 1, "0点": 1, "线华": 1, "预售": 3, "02:05": 1, "央视": 1, "财经": 1, "第一时间": 1, "栏目": 1, "当地": 1, "2019": 1, "年度": 1, "对抗": 1, "三星": 1, "武器": 1, "罗兰紫": 1, "@": 2, "数字化": 1, "去除": 1, "侧边": 1, "键": 1, "唯一": 1, "1600万": 1, "光变": 1, "数码": 1, "2400万": 1, "首席": 2, "执行官": 2, "mate": 1, "重磅": 1, "联接": 1, "归于": 1, "芯": 1, "主打": 1, "轻薄": 1, "置入": 1, "年轻": 1, "活力": 1, "时尚": 1, "内涵": 1, "更多": 1, "合约": 1, "6300": 1, "零点": 1, "完整": 1, "8月份": 1, "同比": 1, "26%": 1, "电脑": 1, "249%": 1, "下调": 2, "昔日": 1, "难": 1, "分析师": 1, "火热": 1, "iPhone6": 1, "6s": 1, "7": 1, "周期": 1, "库克": 1, "采访": 1, "超前": 1, "PK": 1, "鸭": 1, "比喻": 1}