{"证券": 2, "时报e": 1, "公司": 11, "讯": 2, "8月": 11, "7日": 2, "推进": 3, "城市": 2, "轨道": 2, "交通": 7, "数字化": 2, "智能化": 2, "新兴": 1, "发展": 13, "上海": 2, "申通": 1, "地铁": 2, "集团": 1, "有限公司": 1, "华为": 108, "签署": 1, "战略": 1, "合作": 6, "协议": 2, "前期": 1, "通讯": 4, "业务": 5, "领域": 5, "基础": 2, "基于": 7, "超大": 1, "规模": 3, "网络": 18, "未来": 6, "拓展": 1, "探索": 2, "云计算": 2, "、": 99, "大数据": 2, "人工": 3, "智能": 19, "5G": 25, "安防": 1, "信息": 3, "通信": 9, "技术": 20, "优化": 1, "流程": 1, "重塑": 1, "系统": 16, "有序": 1, "连接": 3, "提升": 2, "综合": 1, "集成": 1, "能力": 7, "展开": 1, "史上": 6, "！": 31, "最为": 2, "火爆": 3, "史": 6, "备胎": 4, "关注": 7, "创": 4, "4": 5, "2019": 9, "开发者": 6, "大会": 13, "9日": 3, "11日": 2, "届史": 1, "上规模": 1, "鸿蒙": 7, "操作": 10, "有望": 4, "揭开": 1, "神秘": 1, "面纱": 1, "黑科技": 2, "闪亮": 1, "登场": 1, "票": 1, "售罄": 2, "体现": 1, "届": 1, "程度": 4, "短期": 3, "产业链": 15, "手机": 37, "均": 2, "处于": 4, "业绩": 16, "兑": 1, "现期": 1, "；": 6, "长期": 3, "海思": 5, "芯片": 8, "推动": 3, "国产": 4, "替代": 1, "浪潮": 1, "加速": 6, "来临": 1, "核心": 5, "迎来": 1, "投资": 2, "风口": 4, "倒计时": 1, "亮点": 1, "2019年": 3, "(": 1, "HDC": 1, ")": 1, "东莞": 2, "此次": 2, "：": 36, "全球": 27, "5000": 1, "+": 5, "1500": 1, "伙伴": 1, "参与": 2, "开发": 1, "1000": 1, "平米": 1, "互动": 1, "展区": 1, "交流": 1, "主题": 1, "时间": 4, "安排": 1, "官网": 1, "参会": 1, "门票": 1, "早已": 3, "松山湖": 1, "溪流": 1, "背坡村": 1, "周边": 1, "酒店": 1, "满房": 1, "研发": 1, "七": 2, "杀手": 1, "锏级": 1, "首次": 2, "亮相": 1, "EMUI10": 1, "搭载": 1, "众多": 2, "荣耀": 16, "智慧屏": 1, "正式": 2, "发布": 7, "背景": 3, "国际": 1, "经贸": 5, "环境": 1, "多变": 1, "情况": 7, "国内外": 2, "焦点": 1, "自主": 1, "可控": 1, "自力更生": 1, "代表": 6, "概念": 3, "之间": 3, "寻找": 1, "机会": 1, "手": 1, "最多": 1, "订单": 1, "叠加": 1, "基站": 4, "建设": 4, "步伐": 1, "加快": 2, "引发": 1, "上游": 2, "设备": 8, "供应": 1, "商量": 1, "价": 1, "齐升": 1, "上半年": 5, "出货量": 2, "逆势": 2, "大幅": 1, "增长": 15, "大地": 1, "供应商": 5, "概念股": 2, "阶段性": 1, "炒作": 6, "表现": 2, "整体": 1, "引申": 2, "值得": 3, "美方": 5, "再次": 1, "针对": 3, "不利": 1, "消息": 5, "预计": 2, "全球化": 1, "过程": 1, "反复": 1, "对方": 1, "相关": 6, "负面": 1, "板块": 1, "影响": 4, "1": 2, "50": 2, "商用": 2, "合同": 2, "11": 1, "列入": 1, "实体名单": 1, "累计": 1, "发货": 1, "超过": 3, "15万": 1, "2019年底": 1, "50万": 1, "先进": 1, "成本": 2, "优势": 1, "市场占有率": 1, "龙头": 1, "涉及": 2, "电线": 1, "电缆": 1, "模块": 1, "PCB": 3, "环节": 2, "市场": 12, "地位": 2, "PC": 2, "B龙头": 1, "沪电": 3, "股份": 5, "深南": 3, "电路": 3, "基本面": 3, "面对": 1, "空间": 3, "兑现": 2, "阶段": 2, "支撑": 2, "生益": 1, "科技": 9, "东山": 1, "精密": 4, "光迅": 1, "亨通": 1, "光电": 2, "一季报": 2, "中报": 2, "增幅": 3, "居": 2, "华工": 1, "沪": 1, "电": 1, "今日": 2, "轮": 3, "行情": 1, "新高": 1, "走势": 2, "远": 3, "超": 1, "大盘": 2, "领头羊": 1, "销售": 2, "收入": 1, "4013亿": 1, "人民币": 1, "同比": 5, "23.2%": 1, "发货量": 4, "1.18亿": 1, "台": 4, "24%": 1, "行业": 6, "乏力": 1, "成绩": 1, "显得": 2, "格外": 1, "平板": 1, "10%": 3, "3": 3, "倍": 6, "可穿戴": 1, "零部件": 4, "指纹": 2, "识别": 2, "显示屏": 1, "连接器": 2, "光学": 2, "镜头": 7, "扬声器": 1, "暂时": 1, "位于": 1, "份额": 2, "较为": 1, "乐观": 1, "汇顶": 3, "立讯": 2, "深天马A": 1, "中航": 1, "蓝思": 1, "歌尔": 1, "电声": 1, "硕贝德": 1, "长盈": 1, "独立": 1, "上涨": 1, "3/4": 1, "/": 3, "题材": 6, "频繁": 1, "中期": 1, "属性": 2, "强于": 1, "驱动": 3, "合并": 1, "对待": 1, "股受": 1, "消息面": 1, "关系": 1, "不大": 1, "后期": 1, "出物": 1, "联网": 2, "无人": 1, "驾驶": 1, "不得不": 2, "角度": 1, "中长线": 1, "品种": 1, "考察": 1, "个股": 1, "首要": 1, "条件": 1, "认可": 1, "利好": 2, "刺激": 1, "短线": 1, "产业化": 1, "难以": 1, "持续": 1, "稳定性": 1, "死": 1, "来源": 3, "红": 1, "周刊": 1, "互联网": 2, "快速": 1, "带动": 2, "国内": 5, "10年": 1, "泛滥": 1, "山寨机": 1, "如今": 4, "随处": 1, "高端": 2, "小米": 2, "放眼": 1, "一个": 11, "国家": 9, "中国": 24, "这般": 1, "欣欣向荣": 1, "早就": 4, "欧": 1, "美国": 28, "一加": 1, "传音": 1, "冷门": 1, "领": 1, "一番": 1, "水土": 1, "关注度": 1, "销量": 4, "品牌": 4, "旗下": 1, "第一": 3, "多年": 1, "分庭抗礼": 1, "最终": 3, "成长": 1, "线上": 1, "聊": 2, "公认": 2, "入手": 3, "款": 5, "三年": 1, "iPhone": 5, "主打": 1, "性价比": 2, "破": 1, "百万": 1, "潜意识": 1, "红米K20": 2, "火": 1, "第三方": 5, "评价": 1, "pro旗鼓": 1, "采用": 10, "麒麟980": 1, "处理器": 1, "7nm": 1, "台积电": 1, "工艺": 1, "制程": 1, "业内": 2, "独有": 1, "脑": 1, "NPU": 1, "赋予": 2, "极为": 3, "出色": 2, "AI算法": 1, "先发制人": 1, "具备": 3, "高达": 4, "200米": 1, "蓝牙": 1, "功能": 2, "Link": 2, "turbo": 1, "聚合": 2, "极点": 1, "全面屏": 1, "AI": 5, "四": 3, "摄": 2, "如虎添翼": 1, "拍照": 3, "领先": 2, "段位": 1, "友商": 2, "主摄": 1, "4800万": 2, "像素": 2, "超清": 1, "顶级": 1, "四轴": 1, "防抖": 1, "三年不成": 1, "P30": 5, "难度": 2, "很": 5, "低": 2, "低于": 1, "高价": 1, "好在": 1, "性能": 1, "减配": 1, "手感": 2, "不少": 1, "6.1": 1, "英寸": 1, "屏幕": 1, "厚度": 1, "7.57": 1, "重量": 1, "165": 1, "克": 1, "整机": 1, "手里": 1, "轻薄": 1, "当年": 3, "iPhone8": 1, "如出一辙": 1, "完美": 1, "4000万": 1, "素超": 2, "感光": 1, "1600万": 1, "广角": 1, "800万": 1, "长焦": 1, "夜拍": 1, "30": 1, "数码": 1, "变焦": 3, "5": 2, "混合": 1, "跌": 3, "小米价": 1, "三千": 1, "低可": 1, "配置": 1, "高于": 1, "去年": 1, "同期": 1, "P20": 1, "配色": 1, "光色": 1, "天空": 1, "境": 1, "赤茶橘": 1, "颜色": 1, "都": 14, "颇为": 1, "震撼": 1, "个性": 1, "V20": 5, "千元机": 1, "事实上": 1, "2099": 1, "渠道商": 2, "激进": 1, "一度": 1, "跌破": 1, "2000": 1, "口碑": 2, "本来": 1, "剧情": 1, "反转": 1, "降价": 1, "V10": 1, "人气": 1, "暴涨": 1, "后盖": 1, "3D": 1, "玻璃": 2, "机身": 1, "设计": 2, "唯美": 1, "水漾": 1, "色泽": 1, "灯光": 1, "照耀": 1, "熠熠生辉": 1, "这是": 2, "年轻人": 1, "量身打造": 1, "麒麟": 3, "980手机": 1, "时尚": 1, "潮流": 1, "美感": 1, "首发": 1, "Turbo": 1, "4.5": 1, "挖孔": 1, "索尼": 1, "超高": 1, "低价": 1, "花": 1, "1999": 1, "买": 3, "不愧": 1, "980千": 1, "元": 3, "机": 1, "声明": 4, "图片": 1, "源于": 1, "侵权": 1, "请": 1, "作者": 1, "删除": 1, "新京报": 1, "快讯": 1, "外交部": 3, "8日": 4, "发言人": 2, "华春莹": 3, "答": 1, "记者": 1, "报道": 1, "总务": 1, "管理局": 1, "周三": 1, "项": 3, "临时": 3, "称": 2, "年度": 1, "国防": 8, "授权": 3, "法案": 3, "禁止": 6, "美": 5, "联邦": 8, "政府": 3, "资金": 1, "采购": 5, "中兴": 3, "海康": 3, "威视": 3, "大华": 3, "海": 1, "电信": 6, "本月": 1, "13日": 3, "生效": 2, "中方": 3, "对此": 2, "评论": 1, "?答": 1, "实施": 7, "财年": 7, "涉华": 2, "消极": 2, "条款": 5, "特定": 4, "企业": 28, "歧视性": 2, "公平": 2, "做法": 2, "不满": 2, "反对": 5, "法律": 4, "滥用": 3, "力量": 3, "不择手段": 4, "蓄意": 2, "抹黑": 2, "打压": 10, "损害": 2, "形象": 2, "利益": 2, "破坏": 3, "供应链": 3, "世界": 8, "各国": 3, "抵制": 3, "坚定": 3, "支持": 2, "武器": 2, "维护": 4, "正当": 4, "权益": 4, "措施": 2, "合法": 2, "敦促": 2, "摒弃": 2, "冷战": 2, "思维": 2, "零和": 2, "博弈": 2, "理念": 2, "停止": 4, "政治化": 2, "无理": 3, "有利于": 2, "健康": 4, "稳定": 2, "编辑": 1, "倪艳楠": 1, "很多": 5, "购物": 2, "贴身": 1, "用品": 1, "工具": 1, "社交": 2, "活动": 2, "网上": 1, "查询": 1, "数量": 1, "繁杂": 1, "依然": 1, "选项": 1, "提供": 2, "消费者": 1, "参考": 2, "价格": 6, "喜好": 1, "放": 1, "之内": 1, "差": 1, "上好": 1, "购买力": 1, "例外": 1, "这几年": 1, "火到": 1, "不行": 1, "苹果": 6, "实实在在": 1, "均价": 1, "五千": 1, "过时": 1, "旗舰": 3, "卖": 1, "一两千": 1, "安卓": 1, "硬件": 2, "利润率": 3, "22%": 2, "算是": 1, "涨": 1, "确实": 1, "利润": 2, "增加": 1, "真的": 3, "卖贵": 1, "自研": 1, "系列": 1, "三": 6, "体验": 1, "输": 1, "定价": 1, "算定": 1, "区间": 1, "答案": 1, "8%": 1, "去年华": 1, "全年": 1, "营收": 1, "1000亿": 1, "美元": 2, "90亿": 1, "想": 4, "产品": 1, "品质": 1, "太": 2, "价足以": 1, "良心": 1, "一一": 1, "波": 1, "未": 1, "平": 1, "一波又起": 1, "机构": 7, "包括": 2, "在内": 2, "五": 5, "海能达": 2, "特朗普": 5, "脸": 1, "六月": 1, "刚刚": 2, "丢到": 1, "爪哇国": 1, "极限": 1, "施压": 1, "想见": 1, "段": 1, "时期": 1, "牵制": 1, "筹码": 1, "进一步": 2, "疯狂": 1, "接二连三": 1, "封锁": 1, "大招": 1, "黑云": 1, "压城": 1, "席卷": 1, "蛮横无理": 1, "政治": 1, "手段": 2, "翻手": 1, "覆手为雨": 1, "倾": 1, "举国": 1, "一家": 3, "世人": 1, "看清": 1, "一个个": 1, "真相": 1, "流氓": 2, "行径": 2, "!!": 2, "以大欺小": 1, "欺": 1, "!!二": 1, "历史": 3, "从未": 2, "动用": 1, "国力": 1, "之下": 1, "从容应对": 1, "见招": 1, "拆招": 1, "牵动": 1, "全体": 1, "中国人": 1, "所有人": 1, "自豪": 1, "钦佩": 1, "强硬": 2, "发声": 1, "法院": 3, "挑战": 4, "禁令": 6, "合宪性": 3, "新闻": 3, "感到": 2, "意外": 2, "授权法": 5, "条例": 2, "证据": 3, "证明": 3, "不当": 3, "惩罚性": 3, "原产国": 3, "设立": 3, "贸易": 3, "壁垒": 3, "保护": 2, "伤害": 2, "农村": 2, "地区": 2, "依赖": 2, "用户": 4, "一贯": 1, "风格": 1, "理性": 1, "克制": 1, "有理": 1, "有节": 1, "泰山": 1, "崩于": 1, "前而色": 1, "麋鹿": 1, "兴于": 1, "左而目不瞬": 1, "花粉们": 2, "吃": 1, "定心丸": 1, "出尔反尔": 1, "变脸": 2, "翻书": 1, "快": 1, "心知肚明": 1, "创始人": 1, "任正非": 4, "接受": 1, "英国": 1, "金融": 2, "时报": 1, "采访": 1, "放松": 1, "敌视": 1, "新时代": 1, "制造": 3, "困难": 1, "外部": 1, "压力": 1, "以往": 1, "团结": 1, "信心": 1, "偷鸡不成蚀把米": 1, "此前": 1, "精心": 1, "策划": 1, "绞杀": 1, "竟然": 1, "意料": 1, "之中": 1, "为此": 1, "做好": 1, "一连串": 2, "炸弹": 1, "傻眼": 1, "领导者": 1, "随意": 1, "替换": 1, "跟随者": 1, "兵来将挡": 1, "水来土掩": 1, "遭受": 2, "举动": 1, "辜负": 1, "期望": 1, "搬起": 1, "石头": 1, "砸": 1, "脚": 1, "愚蠢": 1, "挺住": 1, "背后": 1, "13亿": 1, "人民": 1, "古话": 1, "多难": 1, "兴邦": 1, "俄罗斯": 1, "作家": 1, "阿·托尔斯泰": 1, "强大": 1, "清水": 1, "洗": 1, "碱水": 1, "煮": 1, "盐水": 1, "腌": 1, "何尝": 1, "明白": 2, "品尝": 1, "失败": 1, "苦果": 1, "很快": 1, "昔日": 1, "吴下阿蒙": 1, "脱胎换骨": 1, "捏": 2, "打铁还需自身硬": 1, "落后": 1, "就要": 1, "挨打": 1, "道理": 1, "从来": 1, "未曾": 1, "改变": 1, "生产力": 2, "才能": 1, "拥有": 5, "话语权": 1, "不再": 1, "受制于人": 1, "任人宰割": 1, "办公室": 1, "陷阱": 1, "熟读于心": 1, "阿尔斯通": 2, "倒下": 1, "终究": 2, "想要": 1, "悲剧": 1, "复制": 1, "身上": 1, "痴人说梦": 1, "挺": 1, "这次": 1, "难关": 1, "挨": 1, "场": 1, "暴风雨": 1, "必将": 1, "惊叹": 1, "滔天": 1, "巨浪": 1, "方显": 1, "英雄本色": 1, "艰难困苦": 1, "铸造诺亚": 1, "方舟": 1, "永不": 1, "他国": 1, "霸凌": 1, "民族": 1, "复兴": 1, "梦": 1, "一代人": 1, "努力": 1, "奋斗": 1, "CNMO": 1, "产业": 4, "展望": 3, "GIV": 2, "@": 2, "2025": 3, "提出": 3, "触手可及": 2, "作出": 1, "十大": 3, "预测": 5, "2025年": 15, "渗透": 2, "家庭": 6, "组织": 2, "58%": 4, "人口": 6, "享有": 4, "14%": 4, "机器人": 16, "管家": 5, "97%": 4, "不妨": 1, "趋势": 10, "护理": 1, "仿生": 1, "形态": 1, "家政": 1, "教育": 1, "服务": 6, "带来": 1, "生活": 2, "方式": 2, "超级": 3, "视野": 3, "AR/VR": 1, "机器": 5, "学习": 1, "使能": 1, "突破": 1, "表象": 1, "局限": 1, "见所未见": 1, "人类": 4, "VR": 2, "AR": 2, "零": 3, "搜索": 4, "简化": 1, "便捷": 1, "享受": 1, "点击": 1, "按钮": 1, "表达": 1, "需求": 2, "桌椅": 1, "家电": 1, "汽车": 1, "对话": 1, "终端": 2, "助理": 2, "覆盖": 2, "90%": 2, "行人": 1, "驾驶员": 1, "车辆": 2, "道路": 3, "统一": 3, "动态": 1, "规划": 2, "资源": 1, "缩短": 1, "应急": 2, "响应": 1, "拥堵": 1, "虚拟": 1, "车道": 1, "C-V2X": 1, "蜂窝车": 1, "嵌入": 1, "15%": 1, "三高": 2, "职业": 2, "危险": 1, "重复性": 1, "精度": 1, "工作": 4, "交给": 1, "成熟": 1, "奇效": 1, "无需": 1, "休息": 1, "犯错": 1, "极大": 1, "提高": 1, "安全性": 1, "自动化": 1, "建筑业": 1, "制造业": 3, "医疗": 1, "名": 2, "员工": 2, "103": 2, "六": 1, "人机": 3, "协创": 3, "融合": 1, "大幅度": 1, "创新型": 1, "社会": 1, "试错型": 1, "创新": 3, "得以": 3, "降低": 1, "原创": 1, "精神": 1, "保障": 1, "作品": 1, "辅助": 1, "摩擦": 3, "沟通": 4, "分析": 1, "客户": 1, "跨语": 1, "精准": 1, "到达": 1, "理解": 1, "信任": 1, "数据": 6, "利用率": 2, "86%": 2, "八": 1, "共生": 2, "经济": 2, "数字": 4, "平台": 1, "模式": 1, "各行各业": 2, "使用率": 2, "85%": 2, "趋势九：5G": 1, "半年": 1, "见证": 1, "率先": 1, "开通": 1, "我国": 1, "颁发": 1, "牌照": 1, "首款": 1, "上市": 1, "事件": 1, "带宽": 1, "时延": 1, "广联": 1, "部署": 2, "650万": 1, "座": 1, "28亿": 2, "治理": 3, "标准": 2, "呼吁": 1, "建立": 1, "原则": 1, "鼓励": 1, "监管": 1, "隐私": 1, "道德": 1, "遵从": 1, "有法可依": 1, "存储": 2, "数据量": 2, "180": 2, "ZB": 2, "新华社": 1, "参考消息": 1, "当地": 1, "负责": 1, "回应": 3, "进口": 1, "媒体": 2, "做出": 1, "蓝鲸": 2, "TMT": 1, "频道": 1, "据悉": 1, "报告": 1, "2018年": 1, "推出": 1, "初衷": 1, "打开": 1, "版图": 1, "路径": 1, "零售": 1, "航空": 1, "17": 1, "重点": 1, "案例": 1, "研究": 1, "定量": 1, "面向": 1, "家人": 1, "懂": 1, "6500万5": 1, "G基站": 1, "ICT": 1, "设施": 1, "首席": 1, "营销官": 1, "张宏喜": 1, "永不止步": 1, "地球": 1, "太空": 1, "飞": 1, "创造": 1, "财经": 1}