{"华为": 186, "手机": 52, "很多": 11, "都会": 1, "感觉": 1, "骄傲": 1, "尤其是": 4, "发展": 8, "全球": 17, "用户": 4, "感受": 3, "国产机": 1, "实力": 8, "麒麟980": 3, "处理器": 16, "发布": 8, "mate20": 2, "系列": 18, "称为": 2, "新一代": 2, "国产": 7, "旗舰": 7, "机皇": 1, "一点": 2, "否认": 1, "WMC": 1, "大会": 3, "展示": 6, "可折": 1, "叠屏": 1, "强悍": 1, "骁龙": 7, "855": 5, "为首": 2, "机型": 8, "算": 2, "压力": 2, "小米": 3, "9": 1, "来袭": 2, "从来": 1, "停止": 2, "脚步": 1, "近日": 1, "P30": 10, "消息": 8, "愈传愈烈": 1, "都": 20, "期待": 3, "曝光": 6, "款": 9, "外观": 4, "设计": 11, "性能": 6, "配置": 5, "拍照": 12, "确认": 6, "差售价": 1, "据悉": 2, "用心": 1, "该机": 1, "采用": 14, "曲面屏": 1, "颜值": 1, "自然": 2, "出色": 5, "正面": 1, "6.1": 1, "英寸": 1, "OLED": 1, "高清": 1, "屏幕": 5, "分辨率": 1, "不用": 1, "珍珠屏": 1, "包括": 7, "额头": 1, "下巴": 1, "窄": 1, "视觉": 2, "不错": 1, "依旧": 5, "亮点": 2, "毕竟": 4, "P20": 1, "身上": 1, "全国": 1, "首发": 1, "后置": 5, "三": 7, "摄": 7, "技术": 37, "延续": 1, "传统": 1, "渲染图": 1, "搭载": 6, "四": 3, "镜头": 3, "配备": 1, "4000万": 3, "像素": 2, "很": 19, "徕卡": 1, "超": 1, "广角": 1, "摄像": 1, "好用": 1, "技能": 1, "这次": 2, "提升": 7, "超广角": 1, "支持": 5, "10": 1, "倍": 3, "光学": 2, "变焦": 2, "理论": 1, "来讲": 1, "入门": 1, "级别": 2, "单反": 2, "处于": 6, "水平": 2, "不得而知": 1, "才": 2, "亲身": 1, "笔者": 5, "将来": 2, "或许": 6, "功能": 1, "事情": 2, "核心": 5, "麒麟": 9, "980": 2, "基于": 4, "7nm": 2, "工艺": 2, "制程": 1, "芯片": 16, "表现": 4, "称赞": 1, "软硬": 1, "优化": 2, "差": 1, "官方": 1, "3月": 6, "26日": 2, "发布会": 3, "本文": 1, "烽火": 1, "数码": 1, "原创": 1, "请勿": 1, "抄袭": 1, "！": 15, "备受": 2, "关注": 3, "德国": 25, "5G": 42, "频谱": 4, "竞标": 4, "19日": 12, "正式": 6, "启动": 1, "针对": 4, "乐见": 2, "中国": 24, "企业": 16, "参与": 7, "建设": 5, "总理": 2, "默克尔": 11, "当天": 4, "一家": 9, "特定": 2, "国家": 16, "排除": 10, "在外": 4, "柏林": 2, "解决": 6, "方案": 2, "世界": 7, "政策": 4, "论坛": 1, "发表": 2, "主题": 2, "演讲": 1, "@": 1, "出席": 1, "场": 2, "智库": 1, "峰会": 1, "回答": 1, "相关": 7, "提问": 1, "主持人": 2, "问道": 1, "美方": 1, "警告": 2, "称": 21, "情报": 1, "共享": 1, "联合体": 1, "当中": 5, "回应": 1, "高度": 2, "带来": 1, "联邦": 3, "政府": 3, "简单": 3, "主体": 1, "提出": 3, "写入": 2, "电信": 7, "法规": 2, "之中": 2, "认同": 1, "做法": 2, "：": 26, "敏感": 3, "放到": 1, "公开": 4, "市场": 17, "；": 6, "仅仅": 4, "给予": 1, "各方": 1, "机会": 3, "评估": 1, "法律": 2, "条件": 1, "盟国": 1, "研究": 2, "苹果": 31, "之间": 6, "对比": 6, "对称": 1, "国际": 5, "大厂": 1, "品牌": 6, "智能": 16, "行业": 4, "霸主": 1, "一个": 21, "巨头": 1, "差距": 8, "这两年": 1, "确实": 4, "iphone": 1, "这是": 5, "创新": 3, "反而": 2, "追赶": 2, "抛开": 2, "情怀": 2, "销量": 3, "下滑": 3, "趋势": 2, "逆势": 2, "上涨": 2, "2018": 3, "份额": 6, "出货量": 6, "这几年": 1, "缩小": 5, "超过": 6, "2亿": 1, "台": 5, "厂商": 10, "几百万": 1, "现如今": 6, "位居": 2, "第2": 1, "紧随": 1, "其后": 1, "抓住": 1, "就此": 1, "反超": 1, "坐稳": 1, "第一": 7, "排名": 4, "国内": 7, "第五": 2, "位置": 2, "拉": 1, "越来越": 8, "只不过": 1, "占据": 2, "压倒性": 1, "上风": 1, "值得一提的是": 1, "如今": 9, "海外": 5, "俄罗斯": 1, "超越": 8, "、": 35, "三星": 10, "单纯": 2, "角度": 1, "未来": 4, "增长": 6, "势头": 1, "势在必行": 1, "生态": 3, "系统": 22, "溢价": 3, "能力": 4, "远远": 3, "超出": 1, "概率": 1, "产品": 14, "高过于": 1, "比如说": 2, "iPhone": 3, "A系列": 1, "iOS": 3, "EMUI": 3, "领先": 3, "不少": 3, "强大": 1, "优势": 3, "设备": 8, "相互": 1, "关联": 1, "体验": 4, "价格": 10, "利润": 2, "高于": 1, "吸引": 2, "号召力": 1, "P20Pro": 1, "mate20Pro": 1, "水准": 3, "iPhoneXsMax": 1, "之上": 1, "一流": 1, "安卓": 2, "卡顿": 1, "现象": 1, "想": 9, "标准": 7, "答案": 1, "只能": 2, "才能": 1, "分出": 1, "高下": 1, "附加": 1, "因素": 2, "看法": 1, "讨论": 3, "时间": 5, "推移": 1, "众": 2, "专注于": 1, "制造": 1, "业务": 27, "众多": 1, "并非": 3, "主业": 2, "通讯": 9, "建树": 1, "网络": 15, "快速": 3, "搭建": 1, "终于": 1, "竞争": 5, "激烈": 1, "一席之地": 1, "确切": 1, "领先者": 1, "角色": 1, "成绩": 5, "背后": 3, "付出": 2, "努力": 3, "数不胜数": 1, "知识": 2, "产权": 2, "组织": 5, "WIPO": 5, "18日": 5, "数据": 5, "2018年": 15, "提交": 7, "专利": 18, "申请": 12, "50.5%": 1, "来自于": 1, "亚洲": 2, "递交": 4, "申请量": 1, "高达": 1, "5405": 2, "件": 12, "数量": 8, "排": 6, "欧美": 1, "发达国家": 1, "首位": 1, "显示": 14, "2017年": 2, "全年": 3, "4024": 1, "总数": 4, "增加": 1, "1400": 1, "创下": 2, "历史": 1, "公司": 16, "总数量": 1, "纪录": 2, "第二": 3, "日本": 2, "三菱": 1, "电机": 1, "株式会社": 1, "2812": 1, "美国": 34, "英特尔": 1, "2499": 1, "高通": 2, "2404": 1, "甩": 1, "身后": 1, "科技": 4, "中兴": 4, "2080": 1, "名列前茅": 1, "减少": 1, "2016年": 1, "榜首": 1, "上榜": 1, "六": 3, "欧洲": 7, "最多": 1, "56142": 1, "53345": 1, "微小": 1, "49702": 1, "第三": 3, "想必": 1, "研发": 5, "直至": 1, "自研": 15, "覆盖": 1, "AI": 2, "服务器": 2, "路由器": 1, "电视": 6, "领域": 5, "早些时候": 2, "全新": 1, "地位": 3, "高端": 3, "推出": 6, "年度": 3, "基本上": 1, "客观": 1, "整体": 3, "Ascend": 1, "ARM": 1, "鲲鹏": 1, "CPU": 1, "路由": 1, "凌霄": 1, "提供": 6, "4K": 1, "安于现状": 1, "2019年": 3, "全力以赴": 1, "开发": 1, "芯片组": 1, "面对": 1, "照顾": 1, "不得不": 1, "着重": 1, "做出": 2, "推进": 1, "受制于人": 1, "局面": 1, "永远": 1, "改变": 1, "现有": 2, "劣势": 1, "格局": 1, "加快": 2, "量产": 4, "眼下": 1, "重中之重": 1, "下半年": 1, "大幅": 2, "追加": 2, "台积电": 2, "7": 1, "投产量": 1, "客户": 5, "比例": 1, "中低端": 1, "导入": 1, "海思": 1, "平台": 2, "速度": 1, "市调": 1, "机构": 4, "Gartner": 1, "统计": 1, "半导体": 6, "采购量": 1, "45％": 1, "210亿": 1, "美元": 2, "IC": 1, "买家": 1, "总体": 2, "落后": 3, "领先于": 1, "戴尔": 1, "影响力": 1, "变强": 1, "同行": 1, "前不久": 2, "爆出": 1, "筹备": 1, "工作": 4, "国人": 1, "现阶段": 1, "未": 1, "独当一面": 1, "从未": 1, "真心": 2, "希望": 4, "优秀": 6, "当起": 1, "重任": 1, "道路": 1, "作出": 2, "2019MWC": 2, "TCL": 14, "折叠": 1, "屏类": 1, "图片": 2, "来源": 3, "每经": 2, "记者": 6, "刘春山": 1, "晚间": 1, "集团": 10, "000100": 1, "SZ": 1, "披露": 1, "年报": 3, "营业": 1, "收入": 2, "1133.60亿": 1, "元": 6, "同比": 2, "1.6%": 1, "归母": 1, "净利润": 2, "34.68亿": 1, "30.17%": 1, "20日": 1, "上午": 1, "华星": 9, "光电": 10, "研发楼": 1, "业绩": 4, "交流会": 3, "战略": 3, "解读": 1, "近期": 3, "热议": 1, "折叠屏": 9, "董事长": 1, "李东生": 4, "会上": 1, "指出": 2, "坦率": 2, "讲": 3, "大规模": 2, "商业": 4, "预期": 2, "晚": 2, "样品": 4, "批量": 2, "生产": 2, "回": 2, "多元化": 6, "经营": 5, "专业化": 3, "公告": 1, "产业": 3, "三大": 1, "业务群": 5, "华显": 1, "00334": 1, "HK": 2, "布局": 3, "终端": 10, "电子": 2, "01070": 1, "商用": 3, "家电": 2, "家居": 1, "消费": 1, "新兴": 2, "统筹": 1, "管理": 2, "服务": 1, "财务": 1, "管控": 1, "解释": 2, "改善": 1, "巨额": 1, "亏损": 2, "转为": 2, "当期": 1, "盈利": 3, "3亿": 1, "彩电": 1, "强劲": 1, "销售": 3, "含": 1, "ODM": 1, "2896万": 1, "居": 1, "音箱": 1, "稳定": 1, "收窄": 1, "李": 5, "东生": 3, "该项": 1, "利润率": 1, "偏": 1, "低": 1, "升级": 1, "迭代": 2, "很快": 1, "竞争力": 1, "规模": 3, "动能": 1, "流程": 1, "逻辑": 3, "差异": 1, "资源": 2, "剥离": 1, "出售": 1, "资产": 3, "重组": 4, "股东": 1, "批准": 1, "预计": 2, "交割": 1, "后续": 1, "材料": 2, "保留": 1, "金融": 1, "投资": 5, "每日": 2, "经济": 3, "新闻": 2, "阶段": 4, "选择": 2, "此前": 1, "意味着": 3, "谈及": 1, "路径": 1, "长": 2, "周期": 2, "投入": 9, "门槛": 1, "项目": 3, "至少": 3, "三年": 1, "五": 2, "投t7": 1, "第11": 1, "超高清": 1, "新型": 1, "器件": 1, "生产线": 1, "体系": 1, "现场": 2, "莫淑婷": 1, "变化": 3, "人工": 1, "互联网": 1, "团队": 1, "高效率": 1, "说法": 2, "分拆": 1, "美的": 4, "比方说": 1, "收购": 1, "库卡": 1, "解除": 1, "事项": 1, "本次": 1, "热点": 1, "通信": 3, "展出": 1, "微软": 1, "储备": 1, "元年": 1, "对此": 1, "在内": 1, "媒体": 7, "柔性": 3, "进一步": 2, "MWC展": 1, "静态": 1, "摸": 1, "动态": 2, "屏在": 1, "过程": 1, "开合": 1, "这不": 2, "代表": 2, "MWC": 1, "展中": 1, "唯一": 1, "屏": 1, "八": 1, "小时": 1, "不停": 1, "翻叠": 1, "一块": 1, "积累": 1, "赶上": 1, "同业": 1, "后来居上": 1, "目标": 1, "首席": 2, "财务官": 1, "杨安明": 1, "2020年": 2, "一季度": 1, "稍微": 1, "条": 7, "面板线": 2, "杨": 1, "安明": 1, "t1": 1, "t2": 1, "G8.5": 1, "线": 2, "t6": 2, "t7": 2, "G11": 1, "爬坡": 4, "今年底": 2, "满产": 2, "t3": 2, "t4": 4, "武汉": 1, "季度": 1, "官张鑫": 1, "良率": 4, "聚焦": 1, "稳定性": 1, "磨合": 1, "70%": 1, "对外": 1, "日期": 1, "发现": 1, "售价": 2, "感人": 2, "上华": 1, "30": 2, "水滴": 1, "华为p30": 6, "直面": 1, "P30Pro": 3, "曲面": 1, "Mate20": 1, "策略": 1, "情况": 3, "摄像头": 7, "PRO": 1, "右侧": 1, "闪光灯": 1, "硬件": 1, "参数": 1, "6GB": 1, "+": 3, "128GB": 1, "储存": 1, "组合": 1, "运行": 1, "9.0": 1, "跑分": 2, "3296": 1, "9900": 1, "A12": 1, "弱": 1, "重点": 1, "华为p30Pro": 1, "首次": 1, "再次": 1, "拿到": 1, "称号": 1, "前置": 1, "3200万": 1, "2000万": 1, "800万+T": 1, "5": 1, ".": 1, "余承东": 2, "拍": 2, "照样": 1, "细节": 1, "P30P": 1, "RO": 1, "40W": 1, "快充": 1, "具备": 1, "指纹": 1, "识别": 2, "人脸": 1, "GPU": 1, "Turbo": 1, "关心": 1, "外面": 1, "信息": 1, "定价": 2, "1024": 1, "欧元": 2, "人民币": 1, "7800": 1, "国行版": 2, "S10+": 1, "6999": 1, "起步": 1, "iphoneXsMax": 1, "降价": 1, "7999": 1, "之下": 1, "P30pro": 1, "有望": 2, "主流": 3, "便宜": 1, "究竟": 2, "等待": 1, "新品": 1, "环球网": 1, "轮": 1, "拍卖": 5, "围绕": 3, "争议": 2, "拉开": 1, "帷幕": 1, "反对": 4, "该国": 1, "内": 3, "打压": 2, "频频": 1, "受阻": 1, "巴西": 21, "报道": 5, "总统": 4, "博索纳罗": 5, "特朗普": 3, "会晤": 3, "议题": 1, "打算": 2, "追随": 1, "抵制": 2, "英国": 1, "沃达丰": 1, "西班牙": 1, "联合": 1, "4": 1, "运营": 1, "参加": 1, "德新社": 1, "负责": 1, "运营商": 4, "影响": 2, "竞拍": 2, "购买": 1, "先进": 2, "法新社": 1, "制定": 3, "迄今为止": 1, "承包商": 1, "竞拍者": 1, "设定": 1, "原因": 4, "参与者": 1, "音": 1, "威胁": 2, "网络署": 1, "署长": 1, "霍曼恩": 1, "供应商": 2, "瑞典": 1, "认证": 1, "核查": 1, "实际上": 2, "专业": 1, "可靠": 1, "社民党籍": 1, "议院": 1, "副": 1, "议长": 1, "奥普曼": 2, "该台": 1, "节目": 1, "优质": 1, "获胜": 1, "2G": 1, "3G": 1, "4G": 1, "这家": 1, "错误": 1, "施瓦本": 1, "日报": 1, "爱立信": 1, "诺基亚": 1, "美": 4, "评论": 1, "忘记": 1, "利益": 1, "感": 1, "兴趣": 1, "削弱": 1, "路透社": 3, "国务委员": 1, "兼": 1, "外交部长": 1, "王毅": 4, "布鲁塞尔": 1, "西方": 1, "不道德": 2, "关切": 1, "严斥": 1, "欧盟": 4, "外交": 1, "高级": 1, "莫盖里尼": 2, "会面": 2, "记者会": 1, "出于": 2, "政治": 1, "目的": 2, "无端": 1, "指责": 1, "搞垮": 1, "外国": 1, "反常": 1, "提到": 2, "力争": 1, "会谈": 2, "公平": 1, "公正": 1, "环境": 1, "呼吁": 1, "独立": 1, "方式": 1, "判断力": 1, "访问": 3, "当地": 1, "环球报": 1, "计划": 1, "初": 1, "频段": 1, "招标": 1, "期间": 1, "话题": 1, "随时": 1, "助理": 1, "设置": 1, "生意": 1, "漏洞": 1, "迹象": 1, "巴": 1, "做起": 1, "游说": 1, "引述": 1, "名": 3, "高官": 1, "官员": 3, "华盛顿": 1, "声称": 1, "借助": 1, "监控": 1, "具名": 1, "夹": 1, "禁用": 1, "价值报": 1, "斗争": 1, "说服": 1, "部署": 1, "放弃": 1, "一同": 2, "部长": 1, "庞特斯": 2, "巴西利亚": 1, "会见": 1, "驻": 1, "新任": 1, "大使": 1, "杨万明": 1, "承诺": 1, "危害性": 1, "程序": 1, "基础": 3, "设施": 1, "否决": 1, "代价": 1, "上海": 1, "大学": 2, "拉美": 1, "中心": 1, "主任": 1, "江时学": 1, "接受": 4, "环球": 1, "时报": 2, "采访": 2, "任期": 1, "亲": 1, "地区": 1, "大国": 1, "周全": 1, "关系": 4, "颗": 1, "棋子": 1, "纽约": 1, "17日": 1, "受挫": 1, "批评者": 1, "共和党": 1, "议员": 1, "罗杰斯": 1, "坦承": 1, "看上去": 1, "有点悬": 1, "快": 1, "无计可施": 1, "百家号": 1, "独家": 1, "内容": 1, "文": 1, "|": 1, "有意": 1, "思儿": 1, "年前": 1, "出名": 2, "低调": 3, "风格": 1, "较为": 1, "名气": 1, "国外": 1, "功劳": 1, "面向": 1, "消费者": 2, "一哥": 1, "叫板": 1, "不大": 1, "惨烈": 1, "不容小觑": 1, "酒香不怕巷子深": 1, "早": 1, "奏效": 1, "顺势而为": 1, "生活": 1, "愈来愈": 1, "透明化": 1, "公开化": 1, "成果": 1, "瞩目": 1, "操作": 10, "事实上": 1, "印象": 2, "深刻": 2, "突破": 1, "起诉": 4, "法案": 1, "违宪": 1, "无疑": 2, "身为": 1, "民营": 2, "斐然": 1, "实话": 2, "了不起": 5, "看华": 1, "拥有": 4, "2500": 1, "项": 1, "签订": 1, "合同": 1, "7日": 1, "条款": 1, "妨碍": 1, "节奏": 1, "底气": 1, "关键": 2, "自信": 1, "层面": 4, "分析": 2, "害怕": 1, "的确": 1, "忌": 1, "惮华": 1, "内在": 1, "明白": 1, "欺负": 1, "亲口": 1, "发言人": 1, "坐实": 1, "至此": 1, "谣传": 1, "七": 1, "尘埃落定": 1, "不必": 1, "猜来猜去": 1, "估计": 2, "感到": 1, "失望": 1, "备用": 1, "启用": 1, "足够": 1, "此话": 1, "何意": 1, "阐述": 1, "业界": 1, "事儿": 1, "任正非": 8, "亲自": 2, "推动": 1, "以防万一": 1, "居安思危": 1, "花": 1, "人力": 1, "资金": 2, "进去": 1, "前提": 1, "干": 2, "暗示": 1, "软硬件": 1, "态势": 1, "看待": 1, "证明": 1, "公布": 2, "份": 1, "干事": 1, "Francis": 1, "Gurry": 1, "感叹": 1, "有史以来": 1, "悬念": 1, "判断": 1, "招儿": 1, "值得": 1, "为此": 1, "联想": 1, "占比": 1, "委员会": 1, "工业": 1, "113.34亿": 1, "有趣儿": 1, "结论": 1, "挂": 1, "疯狂": 1, "合作": 1, "不难": 1, "理解": 1, "本质": 1, "前期": 1, "收获": 1, "季节": 1, "原文": 2, "华人": 2, "家族": 4, "财富": 5, "ID": 2, "cnfamilywealth": 2, "作者": 2, "汪晓波": 2, "写写": 1, "老爷子": 16, "很少": 1, "听到": 2, "声音": 4, "多年": 1, "露脸": 2, "发言": 1, "众所周知": 1, "逼": 1, "太": 2, "反抗": 2, "不行": 1, "充满": 2, "智慧": 2, "加拿大": 4, "电视台": 1, "描述": 1, "受害者": 1, "——": 1, "本来": 1, "中加": 1, "挺": 3, "闹成": 1, "受伤": 1, "还要": 1, "就业": 1, "聊聊": 1, "广告": 17, "藏": 1, "心思": 1, "聊": 1, "传承": 6, "中华": 3, "土": 2, "从小": 1, "长大": 1, "伙伴": 1, "2000年": 2, "浙江": 1, "研究生": 2, "毕业": 2, "干嘛": 1, "外企": 1, "帅气": 1, "巨龙": 1, "大唐": 1, "响": 1, "弄": 1, "难受": 1, "声量": 1, "倒是": 1, "孟晚舟": 1, "抓": 1, "只见": 1, "头条": 1, "有时候": 1, "老外": 1, "写": 2, "先行": 1, "装腔作势": 1, "捉急": 1, "钱": 5, "广告片": 1, "重金": 1, "记得": 2, "宣传片": 1, "励志": 1, "电影": 1, "感动": 1, "Dream": 1, "It": 1, "Possible": 1, "街头巷尾": 1, "传唱": 1, "流行": 1, "请": 1, "艺人": 1, "体育": 1, "明星": 1, "代言": 1, "梅西": 1, "胡歌": 1, "贝克汉姆": 1, "儿子": 1, "小小贝": 1, "反正": 1, "财大气": 1, "粗": 1, "运作": 1, "别人": 1, "倒下": 4, "2013年": 2, "形式": 1, "大声": 1, "追问": 1, "配图": 1, "泥泞": 1, "土地": 1, "推": 1, "车": 1, "华为人": 2, "卷": 1, "裤腿": 1, "艰难": 1, "前行": 1, "订单": 1, "年轻": 1, "异国他乡": 1, "青春": 1, "换回": 1, "点滴": 1, "成长": 1, "据说": 1, "照片": 1, "挑选": 1, "人士": 2, "惊呼": 1, "铁军": 2, "发出": 1, "赞叹声": 1, "有人": 1, "感慨": 1, "天理不容": 1, "吼声": 1, "撕开": 1, "山口": 1, "危机感": 2, "满满": 1, "企业家": 1, "精神": 7, "高举": 1, "奋斗者": 1, "旗帜": 1, "硬是": 1, "打造": 1, "臃肿": 1, "人浮于事": 1, "广告图": 2, "条令": 1, "记忆": 1, "扫地": 1, "僧": 1, "中科院": 1, "院士": 1, "李小文": 2, "2014年": 1, "大笔": 1, "撒": 1, "诸多": 1, "纷纷": 1, "低头": 1, "念": 1, "发言稿": 1, "形象": 1, "配文": 1, "小文": 2, "学习": 4, "板凳": 1, "坐": 1, "冷": 1, "世态": 1, "浮华": 1, "时代": 1, "秉持": 1, "奋斗": 4, "价值观": 1, "信条": 1, "偏执": 1, "程度": 1, "当年": 1, "床垫": 1, "文化": 1, "一度": 1, "批评": 1, "理会": 1, "执着": 1, "浸入": 1, "血液": 1, "刊登": 1, "财经": 2, "财": 1, "特意": 1, "篇": 1, "社论": 2, "发": 1, "罕见": 1, "打动": 1, "朋友": 1, "洗脑": 1, "厉害": 1, "至今": 1, "那位": 1, "伙计": 1, "一晃": 1, "19": 1, "培养": 2, "力推": 1, "教育": 2, "央视": 1, "首播": 1, "视频": 1, "表述": 1, "深感": 1, "基础教育": 1, "成败": 1, "关乎": 1, "民族": 1, "肯定": 2, "卖": 1, "面对面": 1, "栏目": 1, "董倩": 1, "强盛": 1, "小学": 1, "教师": 1, "讲台": 1, "净值": 1, "家大业大": 1, "创始人": 1, "占": 1, "1.14%": 1, "股权": 2, "上市": 1, "史蒂夫·乔布斯": 1, "0.8%": 1, "股份": 1, "稀释": 1, "爱": 1, "猜想": 1, "相比于": 1, "物质": 1, "在意": 1, "探索": 1, "人类": 1, "无人区": 1, "谈": 1, "隐隐": 1, "心中": 1, "辽远": 1, "空间": 1}