{"华为": 243, "抢先": 1, "占领": 1, "全球": 19, "5G": 84, "市场": 41, "集团": 19, "份额": 18, "订单": 12, "输给": 1, "三星": 10, "建设": 4, "落后": 1, "占据": 6, "美国": 42, "通讯": 5, "企业": 17, "拿下": 3, "本国": 1, "才": 5, "占比": 3, "国内": 15, "迎来": 1, "消息": 9, "相关": 3, "报道": 5, "6月": 4, "4日": 1, "提前": 1, "颁发": 3, "商用": 11, "牌照": 5, "此前": 6, "三大": 3, "运营商": 10, "签订": 8, "合作": 17, "协议": 6, "添": 1, "笔": 1, "原因": 3, "想": 7, "暂时": 2, "超越": 4, "第一时间": 1, "中国": 24, "电信": 8, "第一": 6, "联通": 2, "数据": 1, "显示": 5, "三足鼎立": 1, "现象": 1, "诺基亚": 13, "合同": 11, "选择": 4, "不得而知": 1, "一点": 2, "都": 14, "关系": 3, "只不是": 1, "大小": 1, "差异": 1, "很多": 13, "网友": 5, "纷纷": 3, "站队": 3, "雪中送炭": 1, "影响": 10, "伴随": 1, "携": 1, "号": 1, "转网": 1, "到来": 1, "赢得": 1, "点赞": 1, "支持": 7, "专家": 1, "此次": 7, "事件": 5, "持续": 2, "发酵": 1, "受益者": 2, "确实": 3, "遥遥领先": 1, "7000多": 1, "亿": 2, "元": 2, "营收": 1, "高达": 3, "600亿": 1, "净利润": 1, "30%": 1, "来自于": 1, "正是": 3, "稳固": 1, "开发": 7, "海外": 6, "加上": 2, "断供": 7, "发展": 13, "越来越": 6, "渠道": 1, "技术": 30, "先进": 2, "肯定": 6, "站": 3, "风口浪尖": 1, "国人": 3, "一个": 20, "品牌": 3, "英国": 8, "、": 68, "俄罗斯": 10, "国家": 10, "行业": 4, "超": 2, "70%": 1, "山": 1, "快马加鞭": 1, "未": 1, "下鞍": 1, "惊": 1, "回首": 1, "离天三尺三": 1, "刚刚": 3, "传来": 1, "！": 30, "环球": 1, "时报": 3, "：": 23, "测试": 3, "操作": 29, "系统": 70, "新款": 1, "命名": 2, "鸿蒙": 32, "OS": 3, "Oak": 1, "8月份": 2, "9月份": 2, "推出": 4, "看错": 1, "秋天": 2, "明年": 3, "春天": 4, "进一步": 2, "加快": 2, "潜伏": 1, "多时": 1, "自主": 5, "全体": 1, "18万": 2, "名": 1, "儿女": 1, "心血": 1, "结晶": 1, "就要": 1, "正式": 5, "走上": 1, "世界": 8, "舞台": 1, "中国人": 2, "诞生": 2, "开天辟地": 1, "万物": 2, "生长": 1, "横空出世": 1, "命中注定": 1, "取代": 2, "安卓": 37, "有人": 3, "或许": 6, "苹果": 4, "树大根深": 1, "底气": 1, "1": 1, "底层": 3, "内核": 1, "绝非": 2, "附庸": 2, "十年磨一剑": 1, "独立": 2, "艰辛": 1, "一朝亮剑": 1, "终于": 1, "火线": 1, "转正": 1, "8月": 1, "剩下": 2, "时间": 5, "快": 4, "搞出": 1, "很": 6, "粗糙": 1, "NO": 2, "事实上": 1, "芯片": 12, "临时": 2, "抱佛脚": 1, "产品": 4, "年前": 2, "研发": 6, "备胎": 4, "地区": 2, "2012年": 1, "任正非": 7, "接受": 3, "媒体": 4, "采访": 2, "终端": 2, "出于": 1, "战略": 3, "粮食": 1, "Android": 1, "Windows": 2, "Phone": 2, "8": 1, "傻": 1, "还要": 1, "替身": 1, "只不过": 1, "分支": 1, "修改": 1, "版本": 5, "回": 1, "基于": 2, "宏内": 1, "核": 2, "Linux": 1, "微内": 1, "设计": 1, "体验": 2, "性能": 2, "堪称": 1, "青出于蓝而胜于蓝": 1, "界面": 3, "无缝": 1, "衔接": 1, "指": 2, "更改": 1, "编码": 1, "前台": 1, "呈现": 2, "变化": 1, "不大": 1, "用惯": 1, "手机": 26, "用户": 9, "快速": 1, "上手": 1, "毫不费力": 1, "切换": 3, "下图": 1, "网上": 1, "曝光": 3, "截图": 1, "不难": 1, "发现": 1, "EMUI": 1, "神似": 1, "功能": 1, "排列": 1, "状态": 1, "栏": 1, "字体": 1, "布局": 1, "按键": 1, "配色": 1, "一模一样": 1, "兼容": 5, "Web": 2, "软件": 4, "运行": 2, "无需": 2, "改造": 1, "键": 1, "搬家": 1, "生态": 7, "微软": 1, "应用商们": 1, "铺垫": 1, "适用于": 1, "打造": 2, "全新": 1, "APP": 2, "喝彩": 1, "搬到": 1, "好用": 1, "流畅度": 2, "提升": 3, "24%": 1, "响应": 3, "能力": 4, "44%": 1, "三方": 1, "60%": 1, "3": 1, "代际": 1, "维度": 1, "5G物": 1, "联网": 1, "构建": 1, "4G": 6, "时代": 5, "产物": 1, "发起": 3, "降维": 2, "打击": 2, "只能": 2, "；": 3, "iOS": 1, "顶多": 1, "电脑": 2, "平板": 1, "打通": 1, "电视": 1, "汽车": 1, "智能": 8, "穿戴": 1, "统一": 1, "谷歌": 39, "Fuchisia": 2, "物联网": 1, "跨产品": 1, "进度": 1, "远远": 1, "超过": 6, "抢": 1, "发布": 1, "先发": 1, "优势": 5, "武林": 1, "至尊": 1, "谁与争锋": 1, "三": 3, "初": 1, "辟本无性": 1, "打破": 1, "顽冥": 1, "悟空": 1, "逼上": 1, "绝路": 1, "展现": 1, "韧劲": 1, "力量": 1, "速度": 4, "征服": 1, "对手": 4, "胆寒不已": 1, "一刻": 1, "傻眼": 1, "扫地": 1, "出门": 1, "Mate": 6, "Pro": 1, "Q": 1, "Beta": 1, "名单": 1, "内": 2, "隔空": 1, "喊话": 1, "好转": 1, "努力": 4, "挽回": 2, "当初": 2, "分开": 6, "真爱": 2, "哄": 2, "回来": 3, "对不起": 1, "回头": 2, "绝不": 1, "放弃": 5, "自助": 1, "路": 4, "必将": 4, "加速": 2, "推进": 3, "挺": 1, "这次": 2, "难关": 1, "挨": 1, "场": 1, "暴风雨": 1, "惊叹": 1, "四": 2, "强由": 1, "清风": 1, "拂": 1, "山岗": 1, "横": 2, "明月": 1, "大江": 1, "自狠": 1, "自恶": 1, "口": 1, "气足": 1, "复兴": 2, "遭遇": 2, "无数": 1, "打压": 4, "今日": 1, "今时": 1, "强国": 2, "时刻": 2, "不再": 1, "一头": 1, "孤狼": 1, "身后": 1, "强大": 2, "祖国": 2, "13亿": 3, "委屈": 1, "磨难": 1, "也许": 1, "成长": 3, "代价": 1, "滔天": 1, "巨浪": 1, "方显": 1, "英雄本色": 1, "艰难困苦": 1, "铸造诺亚": 1, "方舟": 1, "凤凰": 1, "死": 1, "日后": 1, "涅槃": 1, "极限": 1, "压力": 6, "压": 1, "跨": 1, "百炼成钢": 1, "朋友们": 2, "放飞": 1, "自信": 2, "狂风": 1, "骤雨": 1, "掀翻": 2, "池塘": 1, "大海": 1, "挑战": 1, "阻拦": 1, "脚步": 1, "拿出": 3, "闻": 1, "人民": 1, "做好": 1, "件": 7, "拼": 1, "永不": 1, "遭受": 1, "他国": 2, "霸凌": 1, "民族": 1, "梦": 1, "终究": 2, "一代人": 1, "奋斗": 1, "数码": 1, "快讯": 1, "互联": 2, "趣闻": 1, "技巧": 1, "侃哥": 2, "叨叨": 1, "上车": 1, "点击": 1, "右上角": 1, "关注": 5, "爆侃": 2, "数码圈": 2, "即可": 1, "最新": 3, "动态": 1, "第43": 3, "份": 9, "人脸": 5, "识别": 6, "突破": 4, "说到": 2, "火热": 1, "科技": 10, "话题": 2, "恐怕": 1, "火": 1, "不得不": 6, "提": 1, "领导者": 1, "生产": 1, "销售": 1, "通信": 1, "设备商": 1, "专利": 8, "数量": 4, "2570": 1, "名列": 1, "标准": 1, "申请": 2, "15.05%": 1, "得益于": 1, "中兴": 8, "设备": 16, "2G": 4, "3G": 3, "追随": 1, "欧美": 1, "平起平坐": 1, "领跑": 3, "承认": 1, "未来": 5, "核心": 4, "地位": 4, "无人": 1, "驾驶": 1, "智慧": 2, "街道": 1, "社区": 1, "包括": 7, "韩国": 1, "芬兰": 1, "瑞典": 1, "在内": 1, "诸多": 1, "竞争": 4, "空气": 1, "激烈": 1, "尤其是": 2, "不惜": 1, "商业": 4, "手段": 1, "汗颜": 1, "实体名单": 2, "音箱": 1, "近日": 5, "愉快": 2, "事情": 5, "简单": 2, "趁虚而入": 2, "具体数": 1, "调研": 1, "机构": 1, "Dell'Oro": 1, "报告": 2, "无线": 2, "接入": 1, "首次": 1, "登顶": 1, "榜首": 2, "37%": 1, "增长": 2, "幅度": 1, "30": 3, "百分点": 1, "下滑": 2, "28%": 1, "紧随": 1, "爱立信": 4, "27%": 1, "8%": 1, "差距": 1, "第二": 1, "合约": 1, "态势": 1, "42": 2, "T-Mobile": 1, "Telia": 1, "软银": 1, "22": 1, "三月份": 1, "周一": 1, "频率": 1, "3月底": 1, "签署": 5, "客户": 1, "达成": 1, "100": 1, "项": 2, "董事": 1, "Federico": 1, "Guillen表": 1, "言论": 2, "多于": 1, "商家": 1, "感": 1, "兴趣": 1, "面对": 1, "莫须有": 1, "诬陷": 1, "同行": 1, "退让": 1, "强势": 1, "反击": 2, "关键": 3, "业务": 9, "网速": 1, "消费者": 2, "产品线": 1, "总裁": 2, "何刚": 1, "社交": 1, "平台": 1, "放出": 1, "段": 3, "视频": 3, "展示": 1, "折": 2, "叠屏": 2, "X": 5, "网络": 17, "下载": 2, "MateX": 1, "1Gbps": 1, "模式": 2, "意外": 1, "自由": 1, "首款": 2, "折叠屏": 1, "MWC": 1, "大会": 1, "橱窗": 1, "之中": 1, "再次": 3, "现身": 1, "意味着": 6, "多久": 1, "款": 1, "意义": 1, "上市": 1, "开售": 1, "收购": 5, "顶级": 1, "公司": 11, "众所周知": 2, "落地": 1, "屏": 1, "尤为": 2, "做出": 1, "中止": 1, "全方位": 1, "显得": 1, "日前": 1, "斥资": 1, "5000万": 1, "美元": 3, "知名人": 1, "脸": 2, "VO": 2, "CORD": 2, "既有": 2, "员工": 3, "一并": 1, "套": 2, "完整": 2, "组成部分": 1, "用于": 1, "PC": 1, "大展拳脚": 1, "外界": 4, "传递": 1, "信号": 2, "四面楚歌": 1, "成功": 5, "突围": 1, "法新社": 1, "5日": 1, "MTS": 7, "莫斯科": 1, "声明": 1, "称": 5, "见证": 1, "2019年": 1, "2020年": 1, "第五": 1, "试运行": 1, "MTS全": 2, "称为": 2, "Mobile": 2, "Tele": 4, "Systems": 4, "OJSC": 2, "成立": 6, "2000年": 2, "3月": 2, "前身Mobile": 2, "CJSC": 2, "1993年": 1, "Sistema": 1, "控股": 1, "股东": 1, "52.8%": 1, "第八": 1, "本土": 2, "用户数": 1, "6742万": 2, "亚美尼亚": 1, "白俄罗斯": 1, "印度": 2, "乌克兰": 2, "至此": 1, "依旧": 3, "领先": 4, "生态圈": 1, "领跑者": 1, "身上": 1, "极为": 1, "艰巨": 1, "当务之急": 1, "自然": 2, "缺失": 1, "欧洲": 4, "足够": 1, "耐心": 1, "等待": 1, "短": 1, "解决": 2, "现有": 3, "蚕食": 1, "重重": 1, "受阻": 1, "文": 1, "图片": 1, "均": 1, "侵权": 2, "删图": 1, "本文": 3, "原创": 2, "未经": 1, "授权": 1, "转载": 2, "必究": 2, "编辑": 1, "前沿": 1, "上个月": 1, "列入": 4, "实体": 4, "清单": 4, "引发": 2, "众多": 1, "遵守": 4, "中断": 2, "镁光": 1, "ARM": 1, "此举": 1, "变得": 1, "自给自足": 2, "国产": 2, "领域": 3, "减少": 2, "依赖": 2, "网友们": 3, "想法": 1, "道理": 2, "5月份": 1, "至今": 2, "启动": 1, "计划": 14, "替代": 4, "开源": 3, "代表": 1, "早": 4, "面市": 2, "100万": 1, "台": 2, "Mate30": 1, "首发": 1, "系列": 2, "连锁": 1, "资本": 1, "企业家": 1, "投身": 1, "原本": 3, "供应商": 2, "企业们": 1, "损失": 3, "毕竟": 1, "采购": 1, "100多": 1, "崛起": 2, "带动": 1, "说不定": 1, "侵蚀": 1, "游说": 7, "政府": 12, "希望": 1, "解除": 1, "禁令": 9, "活动": 1, "担心": 2, "起到": 1, "作用": 1, "反而": 1, "促成": 2, "接下来": 1, "所有人": 1, "明白": 1, "打铁": 1, "硬": 1, "别人": 2, "不行": 1, "反转": 1, "Google": 5, "官方": 3, "极力": 1, "特朗普": 4, "延期": 2, "撤销": 2, "出口": 2, "禁止": 1, "理由": 1, "左右为难": 1, "——": 4, "更新": 2, "全球性": 1, "风险": 2, "数百万": 1, "回想": 1, "率先": 1, "停止": 1, "全家": 1, "桶": 1, "表面": 1, "实质": 1, "更多": 1, "报": 1, "当年": 1, "逐出": 1, "仇": 1, "颇": 2, "江湖": 1, "侠客": 1, "快意恩仇": 1, "感觉": 2, "快感": 2, "消散": 2, "很快": 1, "如今": 4, "现实": 1, "痛失": 1, "5亿": 1, "更进一步": 1, "自研": 2, "良性": 1, "体系": 2, "无疑": 1, "培植": 1, "潜在": 1, "威胁": 2, "针对": 3, "目的": 1, "放过": 4, "某种": 2, "程度": 3, "自救": 1, "苦": 1, "日子": 1, "吃": 1, "苦头": 1, "激发": 1, "B": 6, "决心": 2, "动力": 1, "积累": 1, "执行力": 1, "众志成城": 1, "精神": 1, "气": 1, "全国": 1, "各界": 1, "可能性": 1, "融入": 1, "极大": 1, "冲击": 1, "/": 1, "层面": 1, "开发者": 1, "千里之堤": 1, "溃于蚁穴": 1, "十几": 1, "抵御": 1, "强有力": 1, "进攻": 1, "创新": 2, "力度": 1, "大不如前": 1, "危机四伏": 1, "罗马": 1, "一日": 1, "建成": 1, "大厦": 2, "坍塌": 2, "一瞬间": 1, "放任": 1, "android": 1, "黄昏": 1, "落日": 1, "余晖": 1, "轰然": 1, "对此": 5, "忧心忡忡": 1, "想到": 2, "竟然": 1, "完善": 1, "失算": 1, "打乱": 1, "死亡": 1, "利用": 1, "谈判": 1, "利益": 1, "承诺": 1, "重返": 1, "美": 3, "超级大国": 1, "闹僵": 1, "缓和": 1, "到时候": 1, "随坡": 1, "下驴": 1, "既得利益": 1, "面子": 1, "一举两得": 1, "可惜": 1, "遂愿": 1, "感到": 2, "恐惧": 1, "主角": 1, "态度": 2, "频繁": 1, "忧患": 1, "意识": 1, "筹谋B": 1, "交恶": 1, "世人": 1, "相当于": 1, "弓": 1, "箭": 1, "既定": 1, "走": 3, "条": 1, "自强": 1, "自立": 1, "尚未": 1, "回应": 2, "送给": 1, "网红": 1, "歌曲": 1, "爱情": 2, "买卖": 1, "卖": 2, "买": 1, "巨头": 1, "寻求": 3, "豁免": 3, "往来": 1, "金融": 2, "7日": 1, "谈话": 2, "知情": 2, "人士": 3, "透露": 3, "官员": 2, "争辩": 1, "阻止": 1, "做生意": 1, "陷入": 1, "原生": 1, "混合": 1, "促使": 1, "表态": 1, "证实": 1, "5月": 5, "21日": 2, "负责人": 1, "余承东": 1, "秋季": 1, "晚": 2, "23日": 1, "知识": 1, "产权": 1, "商标局": 1, "网站": 1, "商标": 1, "核准": 1, "注册": 1, "视为": 1, "前兆": 1, "创始人": 2, "做法": 1, "人工": 1, "本身": 1, "到底": 1, "没用": 1, "试图": 1, "不止": 1, "高管": 1, "接触": 1, "美国商务部": 5, "过程": 1, "制造商": 2, "进来": 1, "高通": 1, "担忧": 1, "确保": 2, "许可": 2, "重点": 1, "保护": 2, "全世界": 1, "上百万": 1, "工业": 2, "安全局": 2, "Bureau": 1, "Industry": 1, "Security": 1, "定期": 1, "监管": 1, "询问": 1, "私营": 1, "管制": 2, "本届": 1, "新鲜": 1, "讨论": 1, "执法": 1, "15日": 1, "70": 1, "附属": 1, "轮值": 2, "董事长": 1, "胡厚崑": 1, "内部": 1, "封": 2, "写道": 1, "BIS": 1, "供货": 2, "前提": 1, "保证": 2, "商店": 2, "Play": 2, "Protect": 1, "提供": 2, "服务": 1, "封锁": 1, "赶走": 1, "暂停": 1, "承受": 2, "制裁": 3, "早就": 1, "料到": 1, "起码": 1, "最高端": 1, "施加": 1, "妥协": 1, "提出": 1, "芯片战": 1, "表达": 1, "钳制": 1, "拒绝": 2, "搭乘": 1, "狠狠": 1, "一部分": 1, "乱了阵脚": 1, "被迫": 2, "迫不及待": 1, "公开": 1, "重修旧好": 1, "走远": 1, "见招": 1, "拆招": 1, "低头": 1, "势力": 1, "打回": 1, "面临": 2, "一哥": 1, "2018年": 2, "高居": 1, "一季度": 1, "排名": 1, "5G一哥": 1, "动摇": 1, "超越者": 1, "扶持": 1, "6.8%": 1, "跃": 1, "31%": 1, "3日": 1, "亨通": 1, "光电": 1, "海洋": 5, "51%": 2, "股份": 1, "乱": 1, "情况": 1, "2008年": 1, "球": 1, "海事": 1, "有限公司": 1, "联合": 1, "合资": 1, "占股": 1, "出售": 1, "脱离": 1, "海缆": 2, "创立": 1, "占有率": 1, "15%": 1, "靠着": 1, "引得": 1, "称赞": 1, "此刻": 1, "放手": 2, "对外": 1, "这是": 1, "退却": 1, "退出": 1, "生命": 1, "周期": 1, "仔细": 1, "分析": 1, "局面": 1, "一流": 1, "局势": 1, "形势": 1, "险峻": 1, "顶住": 1, "收拢": 1, "项目": 2, "当机立断": 1, "不舍": 1, "对抗": 1, "少见": 1, "为首": 1, "道路": 1, "宁为玉碎不为瓦全": 1, "状况": 1, "绷": 1, "紧紧": 1, "产业": 1, "围成": 1, "圆": 1, "超出": 1, "圆圈": 1, "舍弃": 2, "掉": 1, "才能": 1, "无力": 1, "顾": 1, "熬过": 1, "时期": 1, "伸开": 1, "双手": 1, "无可": 1, "阻挡": 1, "推荐语": 1, "冬天": 1, "远去": 1, "体现": 1, "实力": 2, "强到": 1, "外国": 1, "忽视": 1, "下文": 1, "作者": 2, "阿娟": 2, "聊": 2, "小编": 3, "致力于": 1, "分享": 1, "资讯": 1, "社会": 1, "生活": 1, "喜欢": 1, "点点": 1, "转发": 1, "评论": 1, "评论区": 1, "提问": 1, "回复": 1, "维权": 1, "自华": 1, "动向": 1, "深受": 1, "大众": 1, "世界市场": 1, "同盟国": 1, "40": 1, "疯狂": 1, "的确": 2, "运营商们": 1, "顾忌": 1, "王道": 1, "西班牙": 1, "基础": 2, "传出": 1, "董事会": 1, "副主席": 1, "兼": 2, "主席": 1, "郭平和": 1, "CEO": 1, "Alexey": 2, "Kornya": 2, "第8": 1, "拥有": 2, "‘": 1, "资格": 1, "’": 1, "下一代": 1, "设施": 1, "强强": 1, "联手": 1, "势必": 1, "国际": 1, "办公": 1, "可谓": 1, "满满": 1, "自信心": 1, "有目共睹": 1, "近期": 1, "BBC": 2, "直播": 3, "稳定": 2, "毫无顿": 1, "滞感": 1, "主播": 1, "激动不已": 1, "敲定": 1, "46": 1, "有助": 1, "工信部": 1, "发放": 1, "不少": 1, "人称": 1, "无可厚非": 1, "不可或缺": 1, "迈入": 1, "真的": 1, "来临": 1, "注定": 1, "得不偿失": 1, "明天": 1, "光辉": 1, "灿烂": 1, "封杀": 4, "4287亿": 2, "……": 1, "赶出": 1, "如愿": 1, "上游": 1, "首场": 1, "1987年": 1, "三十多": 1, "一步一个脚印": 1, "最终": 1, "走到": 1, "厂商": 2, "位置": 1, "4": 1, "实际上": 1, "20%": 1, "排除": 1, "在外": 1, "至少": 1, "欧盟": 2, "部署": 2, "花": 1, "620亿": 1, "人民币": 1, "更为": 1, "竞争力": 1, "一家": 1, "不用": 1, "推迟": 1, "18": 3, "可不": 1, "数字": 1, "普及": 1, "支付": 1, "外卖": 1, "共享": 1, "单车": 1, "新生": 1, "输": 1, "起跑线": 1, "成本": 1, "增加": 1, "太": 1, "随便": 1, "更换": 2, "开拓": 1, "性价比": 1, "认可": 1, "耗费": 1, "资金": 1, "危及": 1, "笔者": 1, "机会": 1, "西方": 2, "零配件": 1, "摆脱": 1, "束缚": 1}