{"华为": 272, "消费者": 28, "业务": 53, "2018年": 20, "智能": 37, "手机": 111, "发货量": 10, "(": 7, "含荣耀": 1, ")": 7, "突破": 17, "2亿": 13, "台": 33, "P20": 20, "系列": 40, "上市": 10, "全球": 61, "超过": 20, "1600万": 5, "女性": 9, "用户": 20, "占比": 2, "接近": 2, "一半": 4, "；": 15, "Mate20": 5, "500万": 5, "截止": 2, "nova": 8, "累计": 4, "6500万": 5, "荣耀": 9, "领跑": 1, "中国": 38, "互联网": 5, "市场": 61, "2010年": 3, "300万": 3, "增长": 21, "66": 4, "倍": 5, "跻身": 2, "TOP3": 2, "厂商": 16, "第二": 11, "季度": 11, "第三": 6, "英国": 6, "电信": 6, "公司": 66, "BT": 2, "这家": 2, "运营商": 11, "第四": 1, "、": 181, "第五": 2, "通信": 2, "技术": 36, "4G": 1, "5G": 54, "网络": 22, "固定": 1, "一个": 24, "设备": 5, "供应商": 19, "2005年": 2, "合作": 41, "建设": 6, "进展": 1, "顺利": 1, "厂家": 2, "部署": 3, "策略": 7, "参与": 6, "核心网": 2, "梁华": 32, "首次": 4, "公开": 6, "接受": 5, "采访": 5, "手边": 1, "印": 4, "灯塔": 4, "守候": 5, "晚舟": 4, "早": 3, "归航": 3, "图样": 1, "咖啡杯": 5, "格外": 2, "引人注目": 1, "本人": 5, "孟晚舟": 14, "20年": 1, "很": 14, "挂念": 2, "过程": 8, "当中": 4, "希望": 7, "聚焦": 8, "工作": 6, "董事长": 6, "昨天": 5, "外部": 4, "压力": 3, "商业": 15, "不错": 4, "成绩": 7, "26": 5, "商用": 12, "合同": 5, "运作": 16, "体系": 27, "包括": 8, "研发": 17, "财务": 5, "环节": 4, "都": 27, "深圳": 4, "总部": 5, "媒体": 10, "圆桌会": 2, "50多": 3, "伙伴": 15, "签署": 3, "协议": 3, "基站": 3, "发货": 4, "数量": 4, "1万": 3, "3月": 1, "出任": 1, "事件": 7, "兼任": 1, "CFO": 3, "担任": 1, "介绍": 3, "努力": 5, "做好": 9, "服务": 22, "客户": 37, "困难": 6, "挑战": 8, "坚强": 2, "建立": 10, "信任": 7, "共赢": 4, "机制": 9, "现有": 2, "30多": 1, "日本": 7, "美国": 19, "韩国": 2, "欧洲": 4, "在内": 2, "很多": 9, "长期": 5, "双方面": 1, "开放": 10, "利益": 8, "共享": 3, "梁": 2, "华称": 1, "领域": 24, "持续": 14, "构筑": 2, "竞争力": 6, "提供": 7, "端到端": 1, "解决": 8, "方案": 7, "实力": 11, "信赖": 1, "均": 5, "业内": 3, "领先": 8, "端": 4, "系统": 6, "前不久": 1, "国外": 2, "正式": 3, "场合": 1, "唯一": 2, "一家": 14, "想": 4, "赶上": 1, "段": 4, "时间": 13, "构建": 5, "产品": 19, "投入": 27, "20亿": 3, "美元": 7, "国家": 14, "拒绝": 2, "消息": 7, "：": 47, "迄今为止": 1, "德国": 3, "法国": 5, "标书": 2, "答复": 2, "实验局": 2, "测试": 4, "新西兰": 2, "政府": 11, "意见": 2, "监管": 2, "流程": 6, "尚未": 2, "走": 13, "沟通": 5, "法律": 7, "遵从": 4, "的确": 2, "定性": 2, "应对": 6, "国际": 11, "政治": 2, "不确定性": 4, "遵守": 2, "所在国": 3, "法规": 4, "产业链": 4, "生态": 11, "回归": 1, "事实": 2, "说话": 1, "回到": 1, "客观": 1, "评价": 1, "视作": 1, "纲领": 3, "面对": 4, "多变": 2, "环境": 14, "委员会": 2, "隐私": 8, "保护": 6, "这是": 9, "董事会": 2, "做出": 11, "决策": 2, "眼前": 1, "亮": 1, "同等": 1, "关乎": 1, "置于": 1, "之上": 2, "GAPP": 1, "Generally": 1, "Accepted": 1, "Privacy": 2, "Principles": 1, "框架": 1, "欧盟": 2, "GDP": 1, "R": 1, "General": 1, "Data": 1, "Protection": 1, "Regulations": 1, "PbD": 1, "Design": 1, "融入": 1, "开发": 3, "设计": 9, "验证": 1, "销售": 5, "采购": 4, "保障": 3, "ARM": 1, "芯片": 19, "架构": 2, "谷歌": 3, "Android": 1, "基础": 12, "安全性": 1, "进一步": 5, "增强": 1, "补充": 1, "nova星人": 3, "超": 5, "出货量": 23, "数据": 10, "显示": 6, "Others": 1, "IDC": 4, "份额": 11, "14.6%": 2, "170": 2, "5亿": 1, "官方": 6, "10": 3, "主力": 1, "机型": 5, "沿袭": 1, "Mate": 1, "科技": 5, "基因": 2, "搭载": 6, "华为史": 1, "强大": 3, "精密": 1, "麒麟": 3, "980": 2, "先进": 1, "7纳米": 1, "制程": 1, "强悍": 2, "A76": 1, "Based+G76": 1, "带来": 4, "佳": 1, "效比": 1, "全新": 1, "流畅": 1, "体验": 3, "智慧性": 1, "再度": 1, "升级": 1, "连续": 2, "发布": 12, "款": 15, "表现": 6, "不俗": 1, "高颜值": 1, "领航": 1, "青春": 1, "潮流主义": 1, "年轻": 2, "喜爱": 3, "截至": 1, "12月": 18, "引领": 4, "中端": 1, "档位": 1, "崛起": 3, "畅享": 1, "麦芒": 1, "X系列": 1, "如今": 8, "砍掉": 1, "子系列": 1, "专注化": 1, "精品化": 1, "路线": 5, "CEO": 2, "余承东": 4, "年初定": 1, "目标": 7, "感谢": 8, "支持": 16, "厚爱": 1, "创造": 3, "价值": 5, "人士": 2, "分析": 1, "年度": 2, "出货": 1, "品牌": 12, "iPhone": 1, "相差": 2, "推出": 5, "旗舰": 6, "拥有": 4, "创新": 21, "大幅": 2, "提高": 3, "苹果": 23, "预计": 2, "2.1亿": 1, "指日可待": 1, "现场": 2, "直击": 1, "焦点": 2, "华手": 1, "引人注意": 1, "不少": 4, "记者": 20, "纷纷": 3, "摁下": 1, "快门": 1, "北京": 1, "青年报": 1, "字样": 1, "透露": 1, "员工": 8, "自发": 2, "制作": 1, "图片": 4, "发": 3, "社交": 3, "副董事长": 1, "兼": 1, "首席": 1, "财务官": 1, "当地": 11, "1日": 1, "温哥华": 1, "加拿大": 8, "警方": 1, "扣留": 1, "随后": 3, "驻": 1, "使馆": 1, "外交部": 1, "部门": 1, "发声": 1, "恢复": 1, "人身": 1, "自由": 1, "发表": 1, "声明": 2, "11日": 1, "法院": 3, "作出": 1, "裁决": 1, "批准": 1, "保释": 3, "申请": 1, "保释期": 1, "期间": 2, "留": 1, "每日": 1, "惩教": 1, "中心": 4, "报到": 1, "篇": 2, "日记": 4, "曝光": 1, "信中": 1, "陌生人": 5, "人间": 2, "自有": 2, "真情": 2, "危难": 1, "才": 7, "关爱": 1, "那天": 1, "法庭": 1, "手续": 1, "律师": 4, "聊天": 1, "打电话": 1, "事务所": 1, "财产": 1, "担保": 2, "认可": 4, "从业": 1, "四十几年": 1, "从来": 4, "听": 1, "番": 1, "禁不住": 1, "泪流满面": 1, "泣不成声": 1, "写道": 1, "温婧": 1, "25日": 5, "今日": 3, "含": 1, "头部": 3, "阵营": 2, "迎来": 1, "寒冬期": 1, "两亿": 5, "毫无疑问": 1, "事实上": 1, "情况": 7, "可观": 1, "报告": 1, "称": 6, "智能机": 3, "14.2亿": 1, "上年": 1, "14.7亿": 1, "下降": 3, "3%": 1, "减速": 1, "态势": 1, "2019年": 5, "第一": 15, "影响": 10, "众多": 1, "不乏": 1, "一线": 3, "新品": 5, "销量": 19, "陷入": 3, "滑铁卢": 1, "三星": 10, "国内": 10, "面临": 4, "越来越": 9, "颓势": 2, "难": 3, "卖": 1, "高通": 4, "近期": 1, "福州": 1, "上诉": 1, "侵犯": 1, "专利": 4, "遭遇": 2, "禁售令": 1, "赛诺": 1, "11": 3, "月份": 1, "走低": 1, "整体": 7, "同比": 7, "下滑": 6, "12.6%": 1, "vivo": 5, "魅族": 2, "下跌": 1, "惨重": 1, "降幅": 1, "50%": 1, "OPPO": 1, "占据": 8, "五": 1, "626": 1, "排": 1, "首位": 1, "600": 3, "35%": 1, "也就是说": 3, "呈现": 2, "趋势": 4, "小米": 14, "程度": 1, "背后": 3, "此消彼长": 2, "效应": 1, "夹缝": 1, "生存": 1, "空间": 3, "下半年": 3, "金立": 3, "锤子": 5, "破产": 3, "舆论": 2, "本月": 1, "17日": 1, "裁定": 1, "垂死": 1, "挣扎": 1, "此前": 4, "10月": 2, "15日": 1, "成都": 1, "办公": 1, "地点": 1, "解散": 1, "侧面": 1, "暗示": 1, "境地": 1, "上半年": 6, "业绩": 3, "会上": 1, "大胆": 1, "预测": 1, "未来": 23, "剩": 2, "2-3": 2, "雄墨": 3, "观察": 3, "剩下": 2, "3-4": 1, "言论": 1, "显现": 1, "翻身": 1, "机会": 8, "拍照": 11, "华米": 1, "营销": 4, "现象": 1, "去年": 3, "1.53亿": 1, "相比之下": 2, "2017年": 2, "5000万": 1, "贡献": 14, "确实": 1, "功臣": 6, "公布": 2, "不难": 1, "发现": 3, "华为p20": 1, "角度": 3, "打开": 1, "线": 1, "风格": 1, "处于": 3, "商务": 1, "上班族": 1, "男性": 1, "主打": 1, "自拍": 1, "nova2S": 1, "OV": 1, "类似": 1, "路": 2, "2016年": 1, "9月": 2, "平淡": 1, "中旬": 1, "何刚": 1, "算": 2, "增量": 4, "2500万": 1, "占": 3, "全年": 2, "采用": 4, "渐变色": 1, "机身": 3, "针对": 3, "时尚": 1, "营销点": 1, "雷同": 1, "偏向": 1, "娱乐": 1, "来讲": 1, "功能": 10, "主流": 2, "明星": 1, "代言": 3, "8": 4, "吴亦凡": 1, "赵丽颖": 1, "侧重": 1, "代言人": 1, "上个月": 2, "美图": 2, "意图": 1, "扩展": 1, "手段": 1, "证明": 2, "成功": 5, "不景气": 1, "VIVO": 1, "逆势": 1, "2062万": 1, "15%": 1, "19.2%": 1, "一举": 1, "国手机": 1, "领头": 1, "地位": 4, "！": 3, "瓜分": 1, "年间": 1, "提前": 3, "意义": 1, "里程碑": 1, "多年": 4, "成果": 1, "跨过": 1, "一亿": 1, "门槛": 1, "显得": 1, "出彩": 2, "拿到": 1, "狠狠": 1, "2月份": 1, "年会": 1, "提出": 3, "内在": 1, "重回": 1, "失利": 1, "海外": 7, "国内外": 1, "对比": 2, "增长点": 1, "统计": 2, "三季度": 2, "1.455亿": 1, "3150万": 1, "28%": 1, "2320万": 1, "49%": 1, "百分比": 2, "74%": 1, "830万": 1, "26%": 1, "缩水": 1, "竞争": 3, "加剧": 1, "阵地": 1, "转移": 1, "印度": 2, "四": 1, "财报": 1, "收入": 2, "223亿": 1, "人民币": 3, "112.7%": 1, "集团": 2, "营收": 1, "43.9%": 1, "趋于": 1, "饱和": 1, "无不": 1, "玩家": 1, "都会": 5, "消失": 2, "掉": 1, "超越": 5, "机构": 5, "1%": 1, "0.8%": 1, "2014年": 1, "20%": 1, "远": 4, "电子": 5, "近日": 1, "31日": 1, "关停": 1, "天津": 1, "工厂": 1, "基地": 1, "加速": 1, "巨头": 3, "华": 1, "衰败": 1, "速度": 1, "留给": 1, "变革": 2, "面前": 1, "来者": 1, "追赶": 1, "改变": 3, "格局": 1, "截图": 11, "/": 1, "截屏": 5, "实用率": 1, "提升": 6, "优化": 2, "场景": 8, "浏览": 1, "有趣": 2, "内容": 3, "朋友": 1, "分享": 2, "提取": 1, "仅仅": 2, "界面": 4, "截长图": 6, "常用": 1, "基本上": 1, "操作": 4, "不尽相同": 1, "方法": 4, "滚动": 6, "利用": 3, "延时": 1, "自动": 2, "向下": 1, "下方": 1, "同步": 2, "长截图": 1, "步骤": 1, "编辑": 1, "图片处": 1, "选择": 8, "菜单": 1, "栏": 1, "右边": 1, "即可": 1, "指关": 1, "节长": 1, "指关节": 1, "敲击": 1, "屏幕": 3, "保存": 1, "指": 2, "关节": 2, "离开": 1, "稍微": 1, "用力": 1, "主界": 1, "面画": 1, "S": 1, "底部": 1, "截取": 2, "长图": 1, "点击": 1, "停止": 2, "适用于": 1, "图库": 1, "找到": 1, "拘留": 1, "传出": 1, "坏": 1, "蔓延": 1, "排斥": 4, "浪潮": 2, "捷克": 2, "总理": 1, "下令": 1, "马上": 1, "改口": 1, "敌视": 1, "路人皆知": 1, "畅销": 1, "有目共睹": 1, "评论道": 1, "不用": 1, "落后": 2, "霸权主义": 1, "领导": 2, "之下": 1, "西方": 2, "恐惧": 1, "经历": 3, "一连串": 1, "风波": 1, "即将": 1, "交出": 1, "亮眼": 2, "账号": 1, "推送": 1, "官网": 1, "放出": 2, "限量版": 1, "第2亿": 1, "售卖": 1, "一同": 1, "庆祝": 1, "时刻": 2, "饱受": 1, "争议": 1, "口气": 1, "权威": 1, "10.4%": 1, "21.6%": 1, "14.7%": 1, "执行力": 1, "超常": 1, "迅猛": 1, "mate20": 4, "价位": 1, "覆盖": 1, "追": 1, "压制": 1, "住": 1, "位列": 1, "高端": 2, "冲击": 1, "二季度": 1, "排名": 1, "爬到": 1, "正是": 2, "确认": 1, "嘴": 1, "喊": 1, "终于": 3, "状态": 1, "好转": 1, "明年": 5, "乐观": 1, "糟糕": 1, "考验": 1, "足够": 3, "溢价": 1, "利润": 5, "活": 3, "旗开得胜": 1, "危机重重": 1, "24日": 1, "股价": 2, "跌破": 1, "150": 1, "瞬间": 1, "蒸发": 1, "3900亿": 1, "首家": 1, "万亿": 1, "美金": 1, "经验": 1, "老道": 1, "股神": 1, "巴菲特": 1, "坑": 2, "连连": 1, "低下": 1, "高傲": 1, "头颅": 1, "很快": 1, "中国区": 1, "轮": 2, "旧": 2, "iPhone6": 1, "只能": 1, "块": 3, "1200": 2, "元": 4, "翻": 1, "可想而知": 1, "回收": 1, "机上": 1, "降价": 3, "短期": 1, "内": 3, "波": 1, "购": 1, "机潮": 1, "分波": 1, "风潮": 1, "丝毫": 1, "怯懦": 1, "昂首挺胸": 1, "圆桌": 2, "会议": 3, "抓住": 2, "成长": 5, "实录": 1, "运营": 15, "经营": 12, "奋斗": 7, "社会": 4, "各界": 2, "家属": 1, "默默": 1, "奉献": 1, "世界": 11, "充满": 2, "放弃": 1, "追求": 2, "使命": 4, "愿景": 4, "数字": 2, "带入": 2, "家庭": 1, "组织": 11, "万物": 7, "互联": 5, "激发": 3, "不懈": 1, "远大": 1, "神圣": 1, "当成": 1, "事业": 2, "仰望": 1, "星空": 1, "手沾": 1, "泥土": 1, "还要": 2, "脚踏实地": 1, "艰苦": 1, "优势": 9, "数字化": 3, "智能化": 2, "到来": 1, "ICT": 11, "行业": 11, "激动人心": 1, "理性": 2, "平实": 1, "凝聚": 1, "力量": 3, "坚定": 3, "前行": 2, "一如既往": 1, "内功": 3, "稳健": 3, "透明": 4, "可信": 3, "1": 1, "外界": 1, "关注": 2, "请": 1, "问华": 1, "态度": 1, "措施": 3, "信心": 7, "渡过": 1, "难关": 1, "奋斗者": 1, "艰苦奋斗": 2, "三十": 1, "核心": 13, "价值观": 1, "理念": 1, "发展": 39, "所需": 1, "所长": 2, "终端": 13, "消费品": 1, "比如说": 1, "需求": 9, "基于": 6, "能力": 11, "快速": 3, "响应": 4, "未知": 1, "探索": 2, "面向": 9, "双轮": 2, "驱动": 6, "一点": 3, "激活": 3, "简化": 2, "发挥": 1, "主观能动性": 2, "活力": 1, "提倡": 1, "尤其是": 2, "思想": 1, "意识": 1, "依然": 1, "精神": 2, "踏踏实实": 1, "本职": 3, "岗位": 2, "本职工作": 1, "发生": 3, "关心": 4, "女士": 2, "每人": 1, "桌子": 1, "放": 2, "杯子": 1, "园区": 1, "咖啡厅": 1, "晚": 2, "舟早": 1, "表达": 1, "共事": 1, "20多": 1, "3": 2, "承担": 1, "风险": 7, "解除": 1, "忧虑": 1, "份": 1, "讲": 2, "建": 1, "供应": 3, "连续性": 3, "管理": 9, "自然": 1, "灾害": 1, "紧急": 1, "三十多": 1, "荣辱与共": 1, "套": 4, "供应链": 4, "感受": 1, "突发": 2, "4": 1, "频频": 1, "相关": 4, "报道": 5, "扭转": 2, "局面": 1, "有没有": 2, "企业": 25, "想要": 1, "正好": 1, "精力": 2, "资源": 4, "事情": 1, "层面": 1, "不行": 1, "刚刚": 1, "最多": 1, "1600": 2, "项": 1, "ESTI": 1, "标准": 5, "19%": 1, "规模": 4, "斡旋": 1, "5": 2, "谈": 1, "产业": 15, "鼓励": 1, "下游": 1, "推动": 1, "对接": 1, "本身": 1, "涉及": 3, "传输": 1, "承载": 1, "成千上万": 1, "发力": 1, "将近": 1, "产品化": 1, "三五": 1, "判断": 2, "到底": 1, "设立": 1, "Cloud": 1, "X": 1, "实验室": 1, "业界": 3, "参与者": 1, "探讨": 2, "提供商": 1, "最终": 3, "带宽": 1, "低": 1, "时延": 1, "联接": 3, "特性": 1, "上云": 1, "6": 1, "主因": 1, "以往": 1, "评论": 2, "危险": 1, "整治": 1, "贸易": 3, "战略": 7, "变化": 2, "根本性": 1, "稳": 1, "人类": 5, "无线": 5, "IP": 2, "IT": 3, "云业务": 7, "信息": 2, "数学": 1, "算法": 2, "合规": 4, "2007年": 1, "涵盖": 2, "制造": 4, "联合国": 2, "出口": 1, "管制": 1, "制裁": 1, "金融": 4, "政策": 2, "制度": 3, "系统性": 1, "全球化": 4, "加大": 3, "消耗": 1, "7": 1, "地区": 2, "担忧": 1, "请问": 1, "统筹": 1, "软件": 3, "工程": 3, "预算": 1, "全方位": 1, "原有": 1, "完善": 1, "件": 1, "真实": 1, "想到": 1, "模式": 1, "分开": 1, "力出": 1, "孔": 1, "利出一孔": 1, "设施": 5, "十多": 1, "内部": 6, "大块": 1, "太": 1, "形态": 1, "To": 2, "B": 1, "C": 1, "激励": 2, "9": 1, "承压": 1, "接下来": 1, "担心": 5, "赢得": 1, "意大利": 1, "成立": 11, "美学": 4, "研究所": 3, "艺术家": 1, "社会学家": 1, "心理学家": 1, "研究": 1, "流行": 1, "艺术": 1, "创意": 1, "提到": 1, "那种": 1, "BG": 6, "云BU": 3, "制定": 2, "年初": 1, "规划": 1, "这几年": 1, "增加": 1, "包含": 1, "材料": 1, "散热": 1, "工业": 2, "立志": 1, "遍布": 1, "公共": 2, "能源": 1, "交通": 1, "重点": 2, "肯定": 1, "务实": 2, "中西方": 1, "冲突": 1, "平衡": 1, "思维": 1, "方式": 1, "国": 4, "本地": 1, "就要": 2, "尊重": 1, "责任": 2, "CSR": 1, "活动": 3, "致力于": 1, "人才": 2, "培养": 1, "种子": 2, "计划": 2, "东方": 1, "扎实": 1, "共鸣": 1, "出差": 1, "交流": 2, "字": 1, "扎扎实实": 1, "全体": 1, "围绕": 1, "回报": 1, "大会": 2, "达芬奇": 1, "项目": 1, "时间点": 1, "原因": 1, "人工": 6, "长": 3, "对外": 1, "站点": 1, "完工": 2, "审核": 3, "费时": 1, "费力": 1, "上传": 1, "疑问": 1, "转到": 1, "专家": 2, "极大": 1, "效率": 2, "故障": 2, "机器": 1, "学习": 1, "训练": 1, "人机": 1, "协同": 1, "质量": 3, "引入": 1, "普惠AI": 1, "更多": 1, "全栈": 1, "初衷": 1, "12": 2, "想必": 1, "感触": 2, "13": 1, "云计算": 1, "起步": 1, "作用": 1, "联动": 1, "负责云": 1, "云上": 1, "主体": 1, "上线": 1, "18大": 1, "140": 1, "9万": 1, "名": 3, "开发者": 1, "方向": 1, "14": 1, "而立之年": 1, "感知": 2, "总体": 1, "团队": 2, "给予": 1, "调整": 2, "生产关系": 1, "主动": 1, "讨论": 2, "15": 2, "看待": 1, "3G": 1, "PP": 1, "Release": 1, "Late": 1, "Drop": 1, "冻结": 2, "针对性": 1, "进度": 1, "R15": 1, "SA": 1, "NSA": 1, "建网": 1, "大部分": 1, "drop": 1, "延后": 1, "16": 1, "定位": 2, "赛道": 2, "位置": 2, "参加": 1, "几十": 1, "成熟度": 1, "至少": 1, "18": 2, "不等": 1, "领先性": 1, "认同": 1, "伦敦": 1, "宽带": 1, "论坛": 2, "高管": 1, "一句话": 1, "回答": 2, "17": 1, "上下游": 1, "因素": 1, "应急": 1, "预案": 1, "高度": 1, "依赖": 1, "顶尖": 1, "保证": 1, "性能": 5, "2012年": 1, "BCM": 1, "前端": 1, "预防": 1, "专有": 1, "预警": 1, "友好": 1, "关系": 1, "参考": 1, "消息网": 1, "26日": 1, "日媒": 1, "美": 1, "对立": 1, "民间": 1, "悄然": 1, "热潮": 1, "旅游": 1, "景点": 1, "门票": 3, "游览": 1, "产经": 1, "新闻": 1, "河南省": 1, "神农山": 1, "景区": 1, "网站": 2, "公告": 1, "16日": 1, "29日": 1, "游客": 1, "执行": 1, "价格": 3, "80": 1, "网友们": 1, "网友": 2, "免费": 2, "中兴": 2, "通知": 1, "声援": 2, "买": 1, "处罚": 1, "购买": 3, "补贴": 5, "传播": 1, "餐饮店": 1, "打折": 1, "地方政府": 1, "官员": 2, "调门": 1, "湖南": 1, "江西": 1, "云南": 1, "三": 4, "分部": 1, "调研": 1, "8日": 1, "顾客": 1, "海南": 1, "三亚": 1, "门店": 1, "选购": 1, "法新社": 1, "nova4": 1, "负责人": 1, "发布会": 1, "25号": 2, "破": 1, "旗舰机": 1, "短短": 1, "八": 2, "优秀": 2, "外观": 1, "炙手可热": 1, "国产": 3, "麒麟970": 3, "处理器": 4, "标配": 2, "6+64": 2, "GB": 2, "内存": 2, "8+256GB": 1, "P20Pro": 3, "前置": 3, "2400万": 3, "后置": 3, "4000": 4, "+": 5, "2000": 1, "800万": 3, "徕卡": 4, "摄": 3, "多种": 2, "变焦": 2, "比肩": 1, "专业": 1, "级别": 1, "传感器": 2, "至今": 3, "稳居DxoMarK": 1, "榜首": 2, "毫安": 3, "容量": 2, "电池": 3, "续航": 3, "从不": 1, "读者们": 1, "猜到": 1, "刚": 2, "开售": 1, "秒": 1, "破亿": 1, "成就": 1, "外国": 1, "友人": 1, "不远万里": 1, "来到": 1, "线下": 1, "店": 1, "批量": 1, "调侃": 1, "黄牛": 1, "节奏": 1, "优于": 1, "980AI": 1, "选": 1, "128GB": 1, "水滴屏": 1, "屏占": 2, "曲面3D": 1, "玻璃": 1, "圆润": 1, "精致": 1, "超大": 1, "广角": 1, "超微距": 1, "电影级": 1, "AI人": 1, "留色": 1, "手持": 1, "夜景": 1, "960": 1, "帧慢": 1, "动作": 1, "仿佛": 1, "摆设": 1, "高达": 2, "HUAWEI": 1, "SuperCharged": 1, "快充": 2, "有种": 1, "mate": 1, "上榜": 1, "DxoMarK": 1, "霸榜": 1, "自信": 1, "通讯": 4, "立于": 1, "林": 1, "底气": 1, "警告": 1, "不实": 1, "指控": 1, "看好": 1, "不久前": 1, "牌面": 1, "角色": 1, "整年": 1, "一己之力": 1, "无疑": 3, "渐变": 1, "色": 1, "潮流": 1, "名头": 1, "响": 1, "第三方": 1, "电商": 1, "平台": 1, "85万": 1, "五星": 1, "好评": 1, "好评率": 1, "99%": 1, "再次": 1, "大招": 1, "出色": 1, "Pro": 5, "幅度": 1, "正面": 2, "一块": 1, "刘": 2, "海屏": 1, "保留": 1, "背部": 1, "完整性": 1, "下巴": 1, "部位": 1, "集成": 3, "实体": 1, "Home键": 1, "颜值": 1, "相比": 1, "麒麟980": 1, "骁龙": 1, "845": 1, "略逊一筹": 1, "日常": 1, "生活": 1, "运行": 1, "游戏": 1, "轻松": 1, "驾驭": 1, "该机": 3, "5V/4.5A": 1, "不必": 1, "亮点": 1, "P9": 1, "展开": 1, "P系列": 1, "始终": 1, "镜头": 4, "颗": 3, "定制版": 1, "4000万": 1, "像素": 2, "索尼": 1, "IMX600": 1, "搭配": 1, "2000万": 1, "黑白": 1, "素长": 1, "焦": 1, "109": 1, "DoX评分": 1, "位居": 1, "美颜": 1, "深受": 1, "本文": 1, "作者": 1, "远举": 1, "上海": 1, "研究院": 1, "研究员": 1, "经济": 5, "声": 1, "财经": 1, "名人堂": 1, "特约": 1, "评论员": 1, "专栏": 1, "作家": 1, "文章": 1, "代表": 1, "观点": 2, "23日": 1, "第十二": 1, "届": 1, "北大": 1, "光华": 1, "新年": 1, "工程院": 1, "院士": 1, "倪光南": 16, "联想": 30, "30年": 1, "犹如": 1, "龟兔赛": 1, "跑": 1, "渊源": 1, "1994年": 1, "内讧": 1, "总工程师": 1, "标英特尔": 1, "全力": 3, "芯": 4, "时任": 1, "总裁": 1, "柳传志": 1, "匹配": 1, "储备": 1, "资本": 2, "欠缺": 1, "分道扬镳": 1, "宿怨": 1, "局势": 1, "半导体": 6, "不妨": 1, "回溯": 1, "历史": 5, "差不多": 1, "长河": 1, "截然不同": 1, "创立": 1, "1985年": 1, "设于": 1, "加利福尼亚州": 1, "圣迭戈市": 1, "1987年": 1, "民营": 1, "最初": 1, "生产": 4, "差": 1, "爆发": 2, "高速": 1, "可谓": 1, "正当其时": 1, "英特尔": 8, "1984年": 1, "科学院": 1, "计算": 1, "投资": 5, "20万": 1, "人员": 1, "创办": 2, "造芯": 1, "标的": 1, "计算机": 3, "零件": 1, "CPU": 15, "制造商": 1, "1968年": 1, "1971年": 1, "微处理器": 1, "从此": 1, "早期": 1, "成熟": 5, "布局": 1, "筑": 1, "壁垒": 1, "1958年": 1, "仪器": 1, "TI": 1, "杰克·基尔比": 1, "J.Kilby": 1, "研制": 1, "电路": 2, "2000年": 1, "发明": 2, "荣获": 1, "诺贝尔": 1, "物理学": 1, "奖": 1, "10年": 2, "先驱": 1, "诞生": 3, "13年": 1, "收购": 2, "IBM": 3, "PC": 2, "事业部": 1, "2013年": 1, "电脑": 1, "销售量": 1, "升居": 1, "顶端": 1, "贸工技": 1, "环": 1, "提": 1, "日程": 1, "42": 1, "x86": 2, "早已": 2, "固若金汤": 1, "INTEL": 2, "微软": 5, "牢固": 1, "Win-tel": 3, "联盟": 3, "Windows": 1, "Intel": 2, "负责": 1, "硬件": 1, "庞大": 1, "入者": 1, "难以": 1, "生产力": 1, "实际上": 3, "AMD": 3, "商家": 1, "Cyrix": 4, "1988年": 1, "廉价": 1, "台湾": 2, "威盛": 3, "C3": 1, "1999年": 2, "VIA": 1, "MII": 1, "值得一提": 1, "掌舵人": 1, "王": 1, "雪红": 1, "台塑": 1, "王永庆": 1, "女儿": 1, "HTC": 2, "过x86": 1, "——": 1, "6x86MX": 1, "IDT": 1, "转做": 1, "dac": 1, "摩托罗拉": 1, "桌面": 1, "合伙": 1, "power": 1, "对抗": 1, "发展史": 1, "当年": 3, "如日中天": 1, "市值": 1, "5000亿": 1, "亚太": 1, "PC占有率": 1, "占有率": 1, "8.5%": 1, "看似": 1, "热血": 1, "澎湃": 1, "答案": 1, "冰冷": 1, "简单": 1, "失误": 1, "马后炮": 1, "失落": 1, "诺基亚": 1, "搭上": 1, "时代": 2, "班车": 1, "衰落": 1, "转型": 1, "VR": 1, "风口": 1, "未": 2, "可知": 1, "文明": 2, "千头万绪": 1, "时时如临深渊": 1, "爱国": 3, "一言蔽之": 1, "闯": 1, "条": 2, "道路": 4, "Google": 1, "重围": 1, "之中": 1, "脱颖而出": 1, "情怀": 6, "旗号": 1, "汉芯": 1, "体量": 3, "且不说": 1, "合算": 1, "WTO": 1, "资金": 4, "支撑": 1, "诸多": 1, "天时": 1, "地利": 1, "人和": 1, "才能": 2, "全球性": 1, "博采": 1, "众": 1, "狭隘": 2, "自力更生": 1, "深刻": 1, "区别": 1, "评论者": 1, "不知": 1, "理解": 2, "亲历者": 1, "其间": 1, "差别": 1, "恩怨": 1, "领袖": 1, "误导": 1, "民众": 1, "带": 1, "偏": 1, "走入": 1, "迷思": 2, "恐怕": 1, "夙愿": 1, "背道而驰": 1, "IT史": 1, "仙童": 7, "图腾": 1, "乔布斯": 1, "朵": 1, "蒲公英": 1, "吹": 1, "创业": 1, "随风": 1, "四处": 1, "飘扬": 1, "1957年": 1, "Fairchild": 1, "Semicondutor": 1, "传奇": 1, "孵化": 1, "硅谷": 1, "温床": 1, "上百": 1, "大名鼎鼎": 1, "1969年": 1, "森尼维尔": 1, "工程师": 1, "400": 1, "与会者": 1, "24": 1, "未曾": 1, "天才": 3, "叛逆": 1, "分飞": 1, "驱动力": 2, "家国主义": 1, "民族主义": 4, "道德": 3, "洛克希德·马丁": 1, "波音": 1, "雷神": 1, "顶级": 1, "军工": 1, "私营": 1, "感召": 1, "目的": 2, "IT业": 1, "波动式": 1, "瓶颈": 3, "发掘": 1, "Facebook": 2, "凭空": 1, "Meetup": 1, "Friendster": 1, "试错": 1, "1979年": 1, "夏季": 1, "卖给": 1, "售价": 1, "3亿5千万": 1, "反例": 1, "上世纪": 1, "八十年代": 1, "繁荣": 1, "盛行": 1, "试图": 1, "领导者": 1, "失败": 1, "收场": 1, "这次": 1, "演讲": 1, "指出": 1, "知识": 2, "产权": 2, "重要性": 1, "美国商务部": 1, "大门口": 1, "刻": 1, "总统": 1, "林肯": 1, "燃料": 1, "添加": 1, "火": 1, "首要": 1, "回顾": 2, "激动": 2, "千万": 1, "忘记": 2, "呵护": 1, "闪耀": 1, "逐利": 2, "动机": 2, "法治": 1, "契约": 1, "改革": 2, "四十": 1, "周年": 1, "纪念": 1, "凤阳县": 1, "小岗村": 1, "农民": 1, "手印": 1, "邓小平": 1, "傻瓜": 1, "瓜子年": 1, "广久": 1, "吃饱饭": 1, "老老实实": 1, "做生意": 1, "壮大": 1, "有人": 1, "送给": 1, "戴": 1, "帽子": 1, "绑架": 1, "干扰": 1, "试": 2, "值得": 1, "呼吁": 1, "审慎": 1, "低效": 1, "不公": 1, "相伴": 1, "赶超": 1, "意味着": 1, "这不": 1, "税收": 1, "拨款": 1, "加税": 1, "减": 3, "医疗": 1, "教育": 1, "渠道": 1, "挪出": 1, "国民": 1, "教训": 1, "解聘": 1, "李": 3, "德磊": 3, "找上门": 1, "控制": 1, "空白": 1, "磨练": 1, "支": 1, "队伍": 1, "重启": 1, "找钱": 1, "找": 3, "文一": 1, "股": 1, "2001年": 1, "4月": 1, "嵌入式": 1, "方舟": 5, "1号": 2, "商品化": 1, "32": 1, "推": 1, "神坛": 1, "陆续": 1, "2003年": 1, "年底": 1, "Wintel": 1, "兼容": 1, "不了了之": 1, "看错": 1, "感到": 1, "自责": 1, "2006年": 1, "请求": 1, "科技部": 1, "负荆请罪": 1, "假设": 1, "拖累": 1, "控股": 3, "母公司": 1, "多元化": 1, "评判": 1, "早日": 1}