{"商悟社": 1, "2月": 5, "1日": 2, "2018年": 2, "华为": 85, "这家": 1, "公司": 9, "时运不济": 1, "命运多舛": 1, "经历": 1, "很多": 5, "挫折": 1, "轮值": 2, "董事长": 3, "郭平": 2, "2019年": 6, "新年": 1, "致辞": 1, "慷慨激昂": 1, "：": 15, "公平": 1, "逼向": 1, "世界": 9, "第一": 3, "传奇": 1, "都": 12, "耳闻": 1, "任正非": 2, "44": 1, "岁": 1, "骗": 1, "南油": 1, "集团": 1, "除名": 1, "背负": 1, "200万": 1, "巨额": 2, "债务": 1, "媳妇": 1, "离婚": 1, "、": 23, "带": 1, "年老": 1, "父母": 1, "弟弟": 1, "妹妹": 1, "只能": 2, "住": 1, "棚屋": 1, "艰难": 1, "处境": 1, "可想而知": 1, "1987年": 1, "朋友": 2, "筹集": 1, "21000": 1, "元": 2, "创办": 1, "创业维艰": 1, "一清二白": 1, "刚": 1, "资本": 1, "人脉": 1, "资源": 1, "技术": 17, "市场": 12, "经验": 1, "情况": 3, "硬是": 1, "闯": 1, "32": 1, "打造": 1, "通讯": 2, "行业": 3, "服务": 3, "全球": 16, "40%": 1, "人口": 1, "销售": 1, "收入": 1, "1085亿": 1, "美元": 2, "7311亿": 1, "人民币": 2, "同比": 1, "增长": 1, "21%": 2, "领先": 4, "运营商": 2, "签定": 1, "26": 1, "5G": 60, "商用": 6, "合同": 3, "10000": 1, "基站": 10, "发": 1, "；": 2, "160多": 1, "城市": 1, "500": 1, "企业": 6, "211": 1, "选择": 1, "数字化": 1, "转型": 1, "伙伴": 1, "智能": 15, "手机": 50, "出货量": 1, "超过": 1, "2亿": 1, "台": 1, "PC": 1, "业务": 3, "IoT": 1, "(": 5, "物联网": 1, ")": 5, "家居": 2, "生态": 1, "可喜": 1, "突破": 4, "关注": 2, "郭平自信": 1, "满满": 1, "参与": 1, "像是": 1, "球星": 1, "NBA": 1, "比赛": 1, "水平": 2, "这一切": 1, "成绩": 1, "建立": 1, "投入": 5, "2017年": 1, "研发": 2, "891亿": 1, "放眼": 1, "中国": 2, "科技": 2, "互联网": 1, "实力": 1, "唯华": 1, "一家": 1, "成就": 1, "创办人": 1, "低调": 2, "媒体": 2, "名实": 1, "不符": 1, "抬高": 1, "隐藏": 1, "害怕": 1, "美国": 12, "惧怕": 1, "原因": 3, "明白": 1, "缘由": 1, "前段": 2, "时间": 7, "热搜": 1, "一个": 5, "词汇": 1, "——": 3, "瞬间": 1, "拥有": 2, "热度": 1, "近日": 2, "发布": 9, "迄今": 1, "强大": 2, "基带": 1, "芯片": 17, "Balong5000": 1, "快": 4, "CPE": 1, "支持": 12, "连接": 1, "意识": 2, "4G": 3, "网络": 11, "即将": 3, "时代": 3, "来临": 1, "风生": 1, "水": 1, "先来": 1, "全称": 1, "第五": 1, "电话": 1, "通信": 8, "标准": 4, "概念": 1, "终端": 2, "基站化": 1, "将来": 1, "设备": 7, "远远": 1, "不止": 1, "还要": 1, "手表": 1, "健身": 1, "腕带": 1, "家庭": 1, "场景": 1, "Cloud": 1, "X": 2, "商业": 1, "模式": 3, "智终端": 1, "+": 2, "宽": 3, "管道": 1, "也就是说": 2, "电脑": 3, "依托": 1, "云端": 2, "虚拟": 2, "主机": 2, "游戏": 3, "替代": 1, "本地": 1, "我国": 2, "三大": 1, "推行": 1, "畅想": 1, "未来": 3, "或许": 1, "随时": 1, "随地": 1, "办公": 1, "畅玩": 1, "VR": 1, "早": 1, "09年": 2, "研究": 1, "走在": 1, "潮流": 1, "投资": 1, "总额": 1, "高达": 1, "20亿": 1, "大规模": 2, "成效": 1, "显而易见": 1, "唯一": 1, "供应商": 1, "成熟度": 1, "同行": 1, "别人": 1, "想要": 1, "产品": 8, "同意": 1, "正是": 1, "带有": 1, "些许": 1, "垄断": 1, "意味": 2, "相关": 5, "机构": 5, "做出": 4, "改变": 1, "现状": 1, "国内": 1, "施压": 3, "终止": 1, "合作": 1, "影响力": 3, "发出": 2, "威胁": 3, "言论": 1, "电信": 2, "窃取": 1, "机密": 1, "事件": 1, "侧面": 1, "发展": 7, "感受": 1, "第二": 4, "物美价廉": 1, "相比": 2, "劣势": 1, "价格": 2, "低于": 1, "竞争": 2, "对手": 2, "20%": 1, "30%": 1, "导致": 1, "很": 5, "难": 2, "找到": 2, "性价比": 1, "打入": 1, "国外": 1, "大地": 1, "偏远": 2, "地区": 2, "需求": 2, "提供": 1, "座机": 1, "高速": 1, "数据": 1, "优势": 1, "创造": 1, "奇迹": 2, "琢磨": 1, "消除": 1, "接受": 2, "如今": 1, "上文": 1, "压力": 1, "迫使": 1, "发言人": 1, "回应": 1, "解释": 1, "越来越": 2, "代表": 2, "先进": 1, "期待": 1, "看完": 1, "篇": 1, "文": 1, "想法": 2, "评论": 1, "留言": 1, "感谢": 1, "阅读": 2, "截长图": 4, "方法": 4, "指": 3, "关节": 3, "敲击": 2, "屏幕": 7, "画": 2, "S": 3, "打开": 2, "界面": 4, "指关节": 1, "次要": 1, "指关": 1, "节画": 1, "操作": 4, "完毕": 1, "等待": 1, "主动": 1, "下滑": 1, "截图": 14, "好用": 1, "独有": 1, "技能": 1, "离开": 1, "拉": 1, "菜单": 2, "功能": 5, "主界面": 1, "滑动": 2, "下拉": 1, "调出": 1, "菜单栏": 1, "开关": 1, "蓝牙": 1, "WLAN": 1, "手电筒": 1, "飞行": 1, "热点": 1, "多种": 1, "栏": 1, "剪刀": 1, "图样": 1, "截屏": 1, "点击": 2, "右下角": 1, "长截图": 2, "自动": 2, "页面": 1, "长": 1, "三": 2, "组合键": 3, "触屏": 1, "利用": 1, "机身": 2, "侧边": 1, "都会": 1, "电源键": 3, "音量": 3, "调节键": 1, "实体": 1, "下键": 2, "实体键": 1, "开启": 1, "送": 1, "电源": 1, "键盘": 1, "右上角": 1, "即可": 1, "成功": 1, "截取": 1, "长图": 1, "自带": 1, "想": 4, "专业": 1, "软件": 1, "常务": 1, "董事": 1, "消费者": 2, "CEO": 2, "余承东": 5, "正式": 2, "折": 1, "叠屏": 1, "邀请函": 2, "配文": 1, "信息": 1, "显示": 3, "此次": 4, "场合": 2, "巴塞罗那": 1, "举办": 2, "MWC": 5, "大会": 5, "期间": 1, "欧洲": 4, "中部": 1, "24日": 4, "下午": 1, "2点": 1, "北京": 2, "当晚": 1, "9点": 1, "图片": 1, "折叠": 6, "纤薄": 1, "区域": 1, "想见": 1, "款": 13, "新机": 2, "具备": 2, "足够": 1, "面积": 1, "此前": 2, "Mate20": 1, "系列": 1, "发布会": 2, "采访": 2, "折叠屏": 6, "推出": 2, "Mate": 1, "配置": 1, "旗下": 1, "顶级": 1, "只不过": 1, "售价": 1, "创下": 1, "新高": 1, "延伸": 1, "连续": 2, "拿下": 3, "首发权": 3, "耐人寻味": 1, "面向": 1, "新一代": 1, "首款": 3, "核心": 3, "──": 2, "天罡": 3, "消息": 2, "Balong": 5, "网速": 1, "超骁": 1, "龙据": 1, "日本": 3, "经济": 2, "新闻": 2, "网站": 2, "1月": 1, "25日": 1, "报道": 3, "计划": 2, "配备": 2, "上市": 3, "新兴": 1, "国": 2, "中心": 1, "份额": 1, "美": 2, "贸易": 1, "争端": 1, "减少": 1, "采购": 1, "自给率": 2, "眼下": 1, "5成": 2, "提高": 5, "7成": 2, "5000": 4, "现行": 1, "10": 1, "倍": 3, "速度": 4, "高通": 3, "枚": 1, "2G": 1, "制式": 1, "4": 1, "~": 1, "6月": 2, "国内外": 1, "搭载": 1, "称": 4, "大脑": 1, "开发": 2, "精力": 1, "面对": 1, "自产": 1, "占": 1, "进一步": 2, "国产率": 1, "目标": 1, "华尔街": 1, "日报": 1, "诞生": 1, "标志": 1, "英特尔": 1, "芯片组": 3, "行列": 1, "蜂窝": 1, "支柱": 1, "铺开": 1, "带来": 1, "上网": 1, "带动": 1, "驾驶": 1, "汽车": 1, "现实": 1, "联网": 1, "繁荣": 1, "台湾": 1, "旺报": 1, "国家": 1, "围剿": 1, "领域": 2, "丝毫": 1, "影响": 1, "发表": 4, "分析": 2, "人士": 1, "指出": 2, "出招": 1, "助推": 1, "部署": 4, "地位": 1, "稳固": 1, "暨": 1, "预沟": 1, "通会": 1, "集成度": 1, "类型": 2, "提升": 1, "2.5": 1, "运算力": 1, "频谱": 2, "支援": 1, "M营": 1, "运商": 1, "带宽": 1, "一步到位": 1, "尺寸": 1, "缩小": 1, "超": 2, "50%": 1, "重量": 1, "减轻": 1, "23%": 1, "功耗": 1, "节省": 2, "安装": 1, "一半": 1, "解决": 1, "地点": 1, "获取": 1, "成本": 1, "高等": 1, "挑战": 1, "迈5G": 1, "围堵": 2, "值得": 1, "禁用": 1, "依旧": 1, "畅销": 1, "产品线": 1, "总裁": 1, "杨超斌": 1, "测试": 1, "率先": 1, "规模": 1, "关键": 2, "出货": 1, "2万5000": 1, "签订": 1, "30": 2, "份": 1, "18": 1, "中东": 1, "9": 1, "亚太": 1, "3": 1, "杨": 1, "超斌": 1, "程度": 1, "发力": 1, "配合": 1, "长足": 1, "公开": 1, "高管": 1, "登陆": 1, "说法": 1, "无异": 1, "宣告": 1, "提前": 1, "业内人士": 1, "杀手级": 1, "加上": 1, "业界": 1, "秀肌肉": 1, "步伐": 1, "加快": 1, "各国": 1, "建设": 1, "成果": 1, "阶段": 1, "迈进": 1, "一大": 1, "意味着": 1, "能量": 1, "可望": 1, "快速": 1, "来源": 1, "综合": 1, "环球网": 1, "参考": 1, "流程": 1, "编辑": 1, "tf": 1, "019": 1, "到来": 2, "网友": 5, "！": 4, "更新": 1, "厂商": 3, "之内": 1, "出产": 1, "两三": 1, "版本": 2, "样式": 2, "性能": 3, "喜欢": 1, "屏": 1, "流行": 1, "问世": 1, "海外": 1, "不少": 1, "粉丝": 2, "发生": 1, "变化": 1, "关注度": 1, "质量": 1, "新颖": 2, "不错": 1, "苹果": 1, "排名": 1, "销量": 1, "手段": 1, "买": 1, "平板": 1, "当做": 1, "外观": 1, "采用": 3, "1200万": 1, "像素": 1, "摄像头": 1, "增加": 1, "AI": 1, "拍照": 1, "关口": 1, "特色": 1, "人脸": 1, "识别": 1, "背面": 1, "指纹": 1, "解锁": 1, "方式": 1, "安全性": 1, "虽然说": 1, "完善": 1, "感": 1, "兴趣": 1, "续航": 1, "能力": 1, "好像": 1, "所以说": 1, "各方": 1, "各面": 1}