{"来源": 6, "：": 41, "中国": 19, "证券报": 1, "作者": 2, "张兴旺": 1, "华为": 314, "动向": 1, "这次": 3, "加码": 3, "云计算": 13, "成立": 13, "公司": 68, "华为云": 5, "发布": 9, "新品": 6, "cloud": 1, "computing": 1, "分布式": 2, "计算": 4, "指": 4, "网络": 9, "数据": 7, "程序": 4, "分解": 1, "无数": 1, "服务器": 4, "系统": 13, "分析": 5, "返回": 1, "用户": 12, "国内": 11, "公有": 5, "市场": 30, "份额": 7, "落后": 2, "阿里云": 6, "腾讯云": 2, "业内": 3, "人士": 9, "称": 16, "云业务": 5, "打的": 2, "场": 5, "仗": 2, "一家": 6, "上市": 4, "李明": 1, "化名": 2, "中证君": 4, "做招": 1, "投标": 2, "、": 180, "腾讯": 9, "阿里": 9, "亚马逊": 3, "微软": 1, "都": 41, "最终": 2, "花落": 1, "谁家": 1, "战争": 2, "才": 9, "刚刚": 2, "生意": 3, "刚": 4, "投入": 7, "抢": 1, "未来": 11, "做云": 2, "企业": 86, "客户": 43, "交换机": 1, "路由器": 2, "业务": 9, "‘": 2, "废": 1, "’": 2, "这是": 4, "领域": 29, "资深": 2, "王波": 4, "动作": 1, "中国区": 1, "官微": 1, "消息": 1, "12月": 12, "26日": 1, "北京": 3, "2019": 2, "发布会": 2, "天眼查": 1, "显示": 13, "6日": 2, "技术": 22, "有限": 7, "100％": 1, "持股": 2, "注册": 6, "资本": 4, "5000万": 2, "元": 5, "法定": 2, "代表人": 1, "副总裁": 7, "总裁": 2, "郑叶": 1, "天眼": 2, "查": 2, "本次于": 1, "贵州": 1, "旨在": 3, "服务": 18, "进一步": 2, "加大": 1, "力度": 1, "万联": 1, "证券": 4, "分析师": 1, "王思敏": 1, "研报": 4, "指出": 3, "实际上": 4, "正式": 4, "早": 2, "2017年": 3, "3月": 1, "长沙": 1, "生态": 4, "伙伴": 9, "大会": 1, "时任": 1, "轮值": 1, "CEO": 1, "徐直军": 1, "公开": 1, "负责": 2, "公有云": 2, "Cloud": 3, "BU": 3, "强力": 1, "投资": 17, "打造": 5, "开放": 4, "平台": 9, "产业": 5, "蛋糕": 2, "同年": 1, "8月": 2, "签发": 2, "份": 4, "组织": 7, "变动": 1, "通知": 1, "集团": 4, "一级": 1, "部门": 5, "地位": 4, "仅次于": 1, "运营商": 3, "事业部": 3, "消费者": 5, "当年": 1, "9月": 4, "提出": 3, "全球": 13, "5": 5, "朵": 1, "2019年": 4, "三季报": 1, "300万": 1, "开发者": 1, "云端": 4, "开发": 4, "群雄逐鹿": 1, "越来越": 5, "IDC": 4, "报告": 5, "上半年": 2, "整体": 3, "规模": 4, "IaaS/PaaS/SaaS": 1, "54.2亿": 1, "美元": 5, "IaaS": 2, "增速": 2, "稳健": 1, "同比": 2, "增长": 8, "72.2％": 1, "PaaS": 2, "回落": 1, "92.6％": 1, "东兴": 1, "分为": 1, "三": 10, "层": 3, "IaaS层": 1, "Infrastructure": 1, "Service": 3, "基础": 7, "设施": 5, "Platform": 1, "SaaS": 1, "Soft": 1, "ware": 1, "软件": 2, "电信": 10, "AWS": 2, "位居": 1, "五": 4, "占据": 7, "总体": 1, "75.3％": 1, "三家各有千秋": 1, "微信": 4, "公号": 2, "资产": 1, "高科技": 3, "机会": 4, "战略": 7, "很": 16, "优势": 7, "强大": 5, "运营": 4, "能力": 14, "持续": 7, "助力": 4, "互联网": 3, "行业": 9, "上云": 1, "深耕": 1, "零售": 3, "政府": 16, "金融": 4, "三大": 1, "云化": 2, "转型": 3, "借助": 1, "游戏": 2, "云视频": 1, "转化": 1, "拓展": 3, "发展": 19, "机遇": 1, "云驶入": 1, "快车道": 1, "无论是": 4, "扩张": 1, "上都": 1, "表现": 2, "IaaS+PaaS": 1, "74％": 1, "云比华": 1, "云略胜一筹": 1, "复旦": 1, "大学": 7, "计算机": 1, "科学技术": 1, "学院": 2, "副院长": 1, "汪卫": 1, "成熟": 3, "人才": 19, "模式": 3, "云有": 1, "实力": 1, "晚": 2, "还要": 4, "探索": 2, "商业": 5, "云能": 2, "超过": 6, "未知数": 1, "起步": 1, "B端": 1, "经验": 7, "天然": 2, "加上": 1, "全球化": 2, "综合": 2, "做好": 3, "王": 1, "思敏": 1, "长远": 1, "大概率": 1, "主导": 3, "布局": 5, "加速": 4, "紧追不舍": 1, "有望": 2, "刺激": 1, "繁荣": 1, "涉及": 2, "证君": 1, "面对": 3, "深交所": 3, "互动": 6, "上证e": 3, "投资者": 4, "相关": 9, "咨询": 5, "合作": 11, "方式": 7, "18日": 1, "中威": 2, "电子": 8, "认证书": 1, "解决": 20, "方案": 17, "计划": 8, "成员": 3, "享受": 2, "鲲鹏": 2, "凌云": 1, "支持": 9, "提醒": 1, "项目": 2, "金额": 1, "不足百万": 1, "该类": 1, "收入": 4, "预计": 2, "业绩": 2, "影响": 5, "11月": 2, "银之杰": 1, "云认": 1, "证级": 1, "经销商": 1, "授权": 2, "经销华": 1, "产品": 22, "优选": 1, "区块链": 1, "内容": 4, "15日": 1, "山石": 1, "网科": 1, "针对": 4, "提问": 1, "层次": 1, "中科": 1, "创达": 1, "12日": 2, "回复": 1, "提供": 9, "规划": 1, "重点": 1, "在于": 2, "设备端": 1, "互联": 3, "构建": 4, "应用端": 1, "落地": 6, "不在少数": 1, "易见": 2, "股份": 1, "区块": 1, "2.0": 1, "部署": 1, "环境": 6, "新智": 1, "认知": 2, "2日": 1, "大数据": 2, "智能": 32, "警务云": 1, "指挥": 2, "进度": 1, "测试": 2, "阶段": 6, "套": 2, "视野": 2, "智": 1, "辅助": 1, "全能力": 1, "情指": 1, "实战": 1, "航天": 1, "宏图": 1, "13日": 1, "4月": 3, "火情": 1, "监测": 3, "在线": 2, "迁移": 2, "云严": 1, "选": 2, "商城": 1, "陆续": 1, "主流": 5, "19万": 8, "管理": 27, "方法论": 4, "机场": 1, "畅销": 1, "书架": 1, "包括": 9, "HR": 3, "吴建国": 20, "团队": 16, "工作法": 5, "一个": 31, "老人": 3, "担任": 5, "深度": 7, "参与": 6, "体系": 13, "搭建": 2, "离开": 3, "顾问": 1, "很多": 13, "梳理": 3, "顶层": 1, "架构": 1, "规则": 3, "图片": 9, "受访者": 1, "90": 1, "年代": 1, "改革": 2, "至今": 1, "水平": 1, "超前": 1, "人岗匹": 1, "配度": 1, "70%": 2, "人均": 1, "产出": 1, "第七": 5, "远远": 1, "甩": 1, "身后": 1, "事件": 2, "暴露": 2, "聚光灯": 1, "企业家": 4, "研习": 1, "希望": 4, "支": 1, "高效": 5, "迅猛": 2, "执行力": 1, "身处": 5, "跳出": 1, "复制": 3, "讲座": 1, "有人": 2, "成功": 6, "回答": 1, "简单": 8, "任正非": 19, "眼中": 1, "绝大多数": 2, "差": 1, "接受": 4, "36氪": 2, "采访": 3, "直言不讳": 1, "传统": 4, "90%": 1, "高管": 1, "理解": 13, "中心": 21, "价值": 11, "系统性": 1, "从来": 5, "照本宣科": 1, "带入": 1, "场景": 5, "实用性": 2, "众多": 3, "教科书": 1, "挑战": 2, "送上": 1, "风口浪尖": 1, "引发": 1, "文化": 33, "思考": 5, "内部": 5, "收获": 1, "视角": 1, "员工": 31, "温情": 1, "少有": 1, "告诉": 1, "办公": 15, "水准": 2, "食堂": 1, "咖啡厅": 1, "体育": 1, "娱乐": 1, "；": 11, "吝啬": 1, "奖励": 2, "贡献": 1, "一半": 1, "明日": 1, "星": 1, "奖章": 1, "天道酬": 1, "勤奖": 1, "完整": 2, "职业": 1, "晋升": 1, "培养": 3, "毕业生": 1, "最少": 1, "培训": 5, "半年": 1, "长": 3, "1年半": 1, "速度": 1, "矛盾": 3, "初期": 1, "慢慢": 1, "节奏": 3, "第一": 11, "成长": 6, "跨过": 1, "10年": 3, "坎": 1, "初创期": 1, "惰怠": 4, "发现": 6, "干部": 6, "调岗": 1, "预备队": 1, "参加": 1, "岗位": 2, "发挥": 1, "调整": 4, "只能": 5, "提前": 1, "退休": 2, "年纪": 1, "偏": 1, "足够": 2, "耐心": 1, "35-40": 1, "岁": 1, "变慢": 1, "太": 8, "善良": 1, "老": 3, "尝试": 1, "实在": 1, "不行": 1, "离职": 1, "保留": 1, "股票": 1, "不菲": 1, "算": 1, "nice": 1, "观察": 1, "一刀切": 1, "强制化": 1, "年轻化": 1, "近年来": 2, "狼性": 1, "加班": 1, "时时": 1, "触动": 1, "神经": 1, "或许": 2, "时代": 9, "剧变": 1, "洗牌": 1, "每时每刻": 2, "发生": 3, "想": 8, "抛下": 1, "不停": 1, "向前": 1, "这样一来": 1, "势必": 1, "扔在": 1, "事实上": 1, "反对": 6, "工作": 20, "生活": 4, "平衡": 2, "明白": 2, "件": 3, "太过": 1, "奢侈": 1, "处于": 3, "工业": 2, "革命": 2, "初级阶段": 1, "社会": 3, "儒学": 1, "市场化": 1, "阻碍": 1, "逆流而上": 1, "难": 2, "活": 4, "喜欢": 3, "标杆": 3, "死": 4, "激发": 2, "内在": 1, "动力": 2, "拼命": 2, "职": 1, "回家": 1, "种地": 1, "提到": 2, "挑战性": 1, "目标": 6, "办法": 2, "谈": 2, "work": 1, "life": 1, "选择": 6, "合适": 2, "尽可能": 1, "现状": 1, "死掉": 1, "别无他法": 1, "制定": 3, "玩": 1, "规矩": 1, "出局": 1, "拉倒": 1, "意味着": 3, "应对": 1, "快": 3, "给出": 1, "职场": 38, "飞速": 1, "步伐": 1, "不至于": 1, "淘汰": 3, "边界": 1, "学会": 3, "跨界": 1, "学习": 21, "东西": 4, "拓宽": 1, "第二": 5, "年龄": 1, "始终": 1, "好奇心": 1, "求知欲": 1, "与时俱进": 1, "第三": 6, "社交": 1, "工具": 5, "创": 1, "数字化": 7, "数字": 1, "方法": 2, "停留": 1, "模拟": 1, "第四": 2, "情绪": 1, "情绪化": 1, "客观": 1, "理性": 1, "处事": 1, "态度": 3, "唯有": 3, "抛弃": 3, "终极": 1, "AI": 8, "创造性": 2, "进化": 4, "遗憾": 1, "经历": 2, "人性化": 2, "早年": 1, "诸侯": 1, "割据": 1, "站队": 2, "属地": 1, "回到": 2, "原籍": 1, "属地化": 1, "分公司": 3, "工资": 1, "相比": 2, "总部": 3, "外地": 1, "照顾": 1, "家庭": 1, "心理": 2, "健康": 4, "关注": 3, "走": 7, "前列": 1, "过程": 8, "匹配": 1, "一蹴而就": 1, "有种": 1, "说法": 1, "死亡": 2, "危机感": 1, "如影随形": 1, "停": 1, "扔下": 1, "拥有": 5, "心态": 1, "文": 1, "/": 5, "观察者": 4, "网": 4, "徐": 1, "乾昂": 1, "美国": 41, "打压": 2, "出新": 1, "招": 1, "五角大楼": 2, "提议": 2, "呼吁": 3, "抱团": 1, "5G": 25, "美企": 3, "本土": 1, "竞争": 3, "对手": 3, "美其名曰": 1, "开源5G": 1, "以此": 1, "抗衡": 1, "美方": 3, "做法": 3, "涉嫌": 1, "强制": 1, "转让": 1, "英媒": 1, "站": 2, "说话": 1, "此举": 3, "有损": 1, "利益": 3, "国防部": 3, "威胁道": 1, "截至": 3, "核心": 18, "专利": 9, "总数": 2, "来得": 1, "时报": 4, "22日": 3, "报道": 3, "研发": 14, "主管": 3, "波特": 3, "Lisa": 1, "Porter": 1, "开放源": 1, "代码": 1, "来讲": 1, "无线": 3, "接入网": 1, "整合": 1, "力量": 2, "届时": 1, "设备商": 1, "购买": 3, "现成": 1, "硬件": 4, "定制": 1, "潜在": 2, "威胁": 3, "设备": 21, "供应商": 4, "思科": 1, "Cisco": 1, "甲骨文": 1, "Oracle": 1, "警告": 2, "风险": 1, "拖累": 1, "因素": 1, "历史": 1, "趋势": 1, "经典": 1, "柯达": 1, "Kodak": 1, "发明": 3, "数码": 3, "相机": 1, "利用": 2, "赢家": 1, "做出": 4, "坚称": 1, "剽窃": 2, "如今": 4, "自扇": 1, "耳光": 1, "符合": 5, "法律": 2, "2016年": 2, "秘密": 2, "保护": 4, "法案": 2, "司法": 1, "条": 8, "机关": 1, "公开性": 1, "披露": 1, "机密": 1, "行为人": 1, "豁免": 1, "责任": 3, "国会": 1, "近期": 2, "花招": 1, "层出": 1, "拟定": 1, "实体": 9, "清单": 9, "特朗普": 2, "上周": 2, "曝": 1, "拉拢": 1, "签订": 1, "原则性": 1, "文件": 4, "后者": 1, "承诺": 1, "代表": 2, "拒绝": 2, "10月": 3, "诺基亚": 2, "爱立信": 3, "资金": 3, "壮大": 2, "挤": 1, "现如今": 1, "集合": 1, "赶超": 1, "难度": 2, "机构": 1, "Dell'Oro": 1, "一季度": 1, "通讯": 3, "28%": 1, "27%": 1, "紧随": 1, "其后": 1, "诺基亚手": 1, "8%": 1, "梯队": 1, "德国": 2, "IPlytics": 1, "SEP": 1, "高达": 2, "3325": 1, "申请量": 1, "制高点": 1, "网站": 1, "statista": 1, "领先": 4, "有限公司": 6, "鲁勇": 2, "去年": 1, "1000多": 1, "亿": 1, "人民币": 1, "英特尔": 2, "苹果": 2, "透露": 3, "手握": 1, "占": 1, "20%": 1, "占比": 2, "15%": 1, "4": 1, "时间": 10, "芯片": 32, "数量": 2, "第五": 3, "信息": 5, "近日": 2, "旗下": 2, "哈勃": 7, "科技": 30, "简称": 3, "新增": 2, "对外": 2, "上海": 4, "鲲游": 9, "光电": 12, "比例": 2, "6.5791%": 1, "此前": 3, "23日": 1, "密锣紧鼓": 1, "材料": 6, "财经": 2, "记者": 2, "四": 4, "山东": 2, "岳": 1, "先进": 2, "杰华": 1, "特微": 1, "杭州": 4, "深思考": 1, "人工": 4, "机器人": 1, "苏州": 3, "裕太车": 3, "波导": 4, "成AR": 1, "中科院": 2, "西安": 1, "光机": 1, "光学": 7, "博士": 2, "米磊": 1, "演讲": 1, "产业链": 1, "物联网": 1, "IT": 1, "处在": 1, "电到": 1, "切换": 4, "获取": 2, "传输": 6, "存储": 1, "器件": 2, "米": 1, "磊": 1, "人为": 1, "董事长": 2, "林涛": 2, "毕业": 3, "浙江": 2, "竺可桢": 1, "工高班": 1, "学者": 1, "全额": 1, "资助": 1, "前往": 1, "英国": 3, "剑桥": 1, "深造": 1, "光电子": 2, "学位": 1, "巴克莱": 1, "银行": 1, "衍生品": 1, "交易员": 1, "麦肯锡": 1, "副": 1, "董事": 1, "合伙人": 2, "复星": 1, "昆仲": 1, "并购": 1, "融资": 2, "实操": 1, "官方": 2, "专注于": 2, "微光学": 2, "光集": 1, "位于": 2, "国际": 1, "40余": 1, "项": 2, "微纳": 1, "衍射": 1, "AR": 3, "角度": 1, "研究": 4, "晶圆级": 2, "消费": 2, "光子": 1, "基石性": 1, "精度": 1, "提高": 2, "数量级": 2, "成本": 1, "下降": 1, "新兴": 1, "需求": 11, "3D": 1, "成像": 2, "驾驶": 1, "AR/MR": 1, "短": 2, "距离": 1, "全光": 1, "医学": 1, "影像": 1, "航空": 1, "军工": 1, "自动化": 1, "安防": 1, "AR眼镜": 1, "渠道": 1, "显示屏": 1, "远离": 1, "眼镜": 2, "移到": 1, "额头": 1, "顶部": 1, "侧面": 1, "降低": 2, "外界": 2, "视线": 1, "阻挡": 1, "重量": 1, "分布": 1, "人体": 3, "工程学": 1, "改善": 1, "佩戴": 3, "体验": 11, "华泰": 1, "TWS": 1, "手表": 33, "新一代": 1, "可穿戴": 1, "兴起": 2, "厂商": 2, "纷纷": 1, "初创": 1, "灵犀": 1, "微光": 1, "珑璟": 1, "Magic": 1, "Leap": 1, "DigiLens": 1, "巨头": 1, "Sony": 1, "肖": 1, "特等": 1, "家族": 1, "坚信": 1, "ICT": 1, "皇冠": 1, "明珠": 1, "一开始": 1, "艰难": 1, "路": 1, "攀登": 1, "终端": 2, "长期": 6, "持久": 1, "竞争力": 1, "最佳": 2, "Fellow艾伟": 1, "解释": 1, "1991年": 1, "ASIC": 1, "设计": 17, "看做": 1, "前身": 1, "通信": 4, "欧洲": 3, "3G": 1, "2004年": 1, "海思": 1, "半导体": 3, "西南": 1, "方向": 3, "SoC": 3, "专用": 1, "麒麟": 3, "系列": 8, "2015年": 1, "5月": 1, "款": 10, "采用": 7, "16nm": 1, "FinFET": 1, "Plus": 1, "工艺": 1, "制造": 2, "中低端": 1, "650": 1, "带领": 1, "荣耀": 1, "5C": 1, "G9": 1, "破": 1, "千万": 2, "销量": 2, "麒麟980": 1, "八": 4, "主频": 1, "2.8GHz": 1, "990": 1, "继承": 1, "基带": 1, "弯道": 1, "超车": 1, "手机": 41, "主力": 1, "昇腾": 2, "巴龙": 1, "天罡": 1, "视为": 1, "备胎": 2, "主力军": 1, "航道": 2, "积聚": 1, "弹药": 1, "28日": 2, "官网": 2, "裕": 3, "车通": 3, "致力于": 2, "有线": 1, "物理层": 2, "申请": 2, "20余": 1, "实用": 4, "新型": 1, "唯一": 1, "自主": 2, "知识": 17, "产权": 1, "网P": 1, "HY": 1, "通用性": 1, "车规": 1, "降维": 1, "打法": 1, "介绍": 2, "数通": 1, "顺利": 1, "量产": 2, "40多": 1, "75%": 1, "人员": 2, "85%": 1, "硕博": 1, "类脑": 1, "清华": 1, "一线": 1, "科学家": 1, "专家": 5, "模态": 2, "语义": 3, "引擎": 3, "iDeepwise.ai": 1, "文本": 2, "视觉": 1, "图像": 1, "结构化": 1, "背后": 2, "内": 2, "引领": 1, "汽车": 2, "家居": 1, "智慧": 3, "医疗": 1, "杰华特": 1, "着力": 1, "功率": 1, "电力": 2, "电动": 1, "电池": 2, "LED": 1, "照明": 1, "DC/DC": 1, "转换器": 1, "6": 2, "天岳": 1, "我国": 1, "碳化硅": 3, "龙头": 1, "华创": 1, "得碳化": 1, "硅者": 1, "天下": 1, "高温": 1, "高频": 1, "大功率": 1, "理想": 1, "衬底": 1, "性能": 1, "硅": 1, "提升": 10, "上千": 1, "倍": 1, "誉为": 1, "固态": 1, "光源": 1, "微波射": 1, "频器件": 1, "核芯": 1, "微电子": 1, "发动机": 1, "打破": 3, "国外": 1, "垄断": 1, "推动": 5, "生产": 2, "Apple": 3, "Watch": 3, "大卖": 1, "不知不觉": 2, "侵占": 1, "本身": 2, "固有": 1, "狠心": 1, "换下": 1, "手上": 1, "机械表": 1, "主角": 1, "——": 9, "WATCH": 12, "GT2": 11, "接下来": 2, "谈谈": 1, "外观": 3, "小米": 3, "普罗": 1, "大众": 1, "圆形": 1, "表盘": 3, "一代": 7, "改变": 4, "材质": 2, "升级": 4, "细节": 1, "改动": 1, "看上去": 1, "效果": 2, "远": 3, "原谅": 1, "拍照": 1, "手里": 2, "对比": 1, "表冠": 3, "自定义": 2, "操作": 12, "选项": 1, "硌手": 1, "表蒙": 2, "康宁": 1, "大猩猩": 1, "玻璃": 1, "透光性": 1, "耐划性": 1, "胜": 1, "划痕": 2, "戴": 1, "天后": 1, "心疼": 1, "蓝宝石": 1, "尊享版": 1, "害怕": 1, "价格": 2, "极致": 1, "王道": 1, "拿到": 2, "运动款": 1, "橙色": 1, "黑色": 1, "撞色": 1, "风格": 2, "年轻": 1, "表带": 2, "便携": 1, "更换": 1, "繁琐": 2, "张扬": 2, "活力": 1, "丝": 1, "沉稳": 1, "也许": 2, "一贯制": 1, "四周": 1, "一共": 1, "六": 2, "长条形": 1, "开口": 1, "麦克风": 1, "扬声器": 1, "开孔": 1, "所想": 1, "语音": 2, "通话": 3, "音频": 1, "播放": 2, "续航": 5, "如果说": 1, "眼缘": 1, "关键": 3, "下定": 1, "决心": 1, "原因": 4, "真的": 4, "想象": 2, "电脑": 18, "充电": 7, "不同于": 1, "天一": 1, "麒麟A1": 1, "处理器": 2, "优秀": 2, "调校": 1, "充满": 3, "电续": 1, "航": 1, "广告": 1, "亲自": 1, "电": 1, "恐怖": 1, "455": 1, "毫安": 1, "竟然": 1, "剩下": 1, "52%": 1, "一度": 1, "太阳能": 1, "各项": 1, "传感器": 2, "隔": 1, "分钟": 1, "就要": 5, "检测": 4, "有时候": 1, "不能不": 1, "佩服": 1, "科研": 1, "磁吸触": 1, "点式": 1, "线材": 1, "世界": 6, "一点": 3, "膈应": 1, "幸亏": 1, "买": 1, "功能": 23, "思路": 2, "独立": 7, "延伸": 2, "身体": 1, "连接点": 1, "采集": 1, "生理": 1, "附庸": 2, "手环": 2, "讨好": 1, "噱头": 1, "单独": 1, "打电话": 1, "滴滴": 1, "听": 1, "郭德纲": 1, "相声": 1, "以上所述": 1, "eSIM卡": 1, "搭配": 1, "蓝牙": 1, "心率": 1, "睡眠": 1, "压力": 2, "血氧量": 1, "海拔": 1, "指南针": 1, "……": 2, "体内": 1, "体外": 1, "虚拟": 5, "公交": 1, "地铁": 1, "门禁卡": 1, "心脏": 4, "实时": 2, "联动": 3, "301": 1, "医院": 1, "跳动": 2, "情况": 5, "回传": 2, "异常": 1, "疾病": 1, "早期": 1, "患者": 1, "治疗": 1, "康复": 1, "连接": 6, "熟睡": 1, "自动": 1, "睡眠化": 1, "美好": 1, "特色": 1, "碰传": 3, "相册": 2, "照片": 1, "传进": 1, "修改": 1, "仅仅": 4, "lOT": 1, "音响": 1, "指关节": 1, "截屏": 2, "碰": 1, "传": 1, "高辨": 1, "识度": 1, "串联": 1, "明明": 1, "做成": 1, "添加": 1, "存用": 1, "音乐": 2, "无异": 1, "画蛇添足": 1, "抬腕": 1, "亮屏": 3, "经常性": 1, "不灵敏": 1, "抬": 1, "胳膊": 1, "放下": 1, "现象": 1, "屡见不鲜": 1, "给予": 1, "这块": 3, "敢于": 1, "舍弃": 1, "随大流": 1, "GT": 1, "大胆": 1, "鸡肋": 1, "精力": 2, "用于": 2, "完善": 1, "在乎": 1, "互通": 1, "概念": 1, "深层次": 1, "融入": 1, "走出": 1, "同类": 1, "正确": 2, "岔路": 1, "见到": 1, "槽点": 1, "忘": 1, "下键": 1, "呼出": 1, "助手": 1, "曾几何时": 1, "校园": 1, "积累": 2, "口耳相传": 1, "具备": 2, "随时": 1, "随地": 1, "吸纳": 1, "技能": 4, "觉悟": 1, "才能": 7, "经受": 1, "风雨": 1, "考验": 1, "终身": 1, "自我": 5, "驱动": 2, "基于": 5, "量身打造": 1, "轻": 5, "邀请": 1, "知名": 2, "PPT": 10, "秋叶": 3, "老师": 3, "21日": 2, "生活馆": 5, "黄龙": 1, "万科": 2, "分享": 6, "课": 2, "课程": 6, "力图": 1, "日常": 4, "现场": 2, "新款": 16, "MateBook": 16, "X": 16, "Pro": 16, "碰撞": 1, "+": 4, "更多": 2, "可能性": 1, "现代人": 1, "空间": 1, "启动": 3, "普及": 3, "体现": 2, "带来": 8, "此次": 1, "展开": 3, "太原": 1, "品牌": 1, "衍生": 1, "地气": 1, "展现": 3, "感受": 2, "无限": 1, "创意": 1, "含量": 1, "笔记本": 2, "独有": 1, "多屏": 10, "协同": 14, "大幅": 1, "office": 1, "效率": 6, "常用": 1, "接近": 1, "年底": 1, "节庆": 1, "免不了": 1, "送": 3, "祝福": 1, "问候": 1, "同事": 1, "上级": 5, "领导": 3, "单位": 2, "第三方": 1, "合作商": 1, "送出": 1, "亲手": 1, "制作": 3, "贺卡": 3, "表达": 1, "心意": 1, "专业": 1, "加分": 1, "不少": 1, "线下": 2, "联合": 1, "在场": 1, "观众": 1, "科班": 1, "出身": 1, "图文": 3, "排版": 2, "好看": 1, "海报": 2, "人事半功倍": 1, "这堂": 1, "一部分": 2, "常态": 1, "正是": 2, "背景": 3, "轻松": 1, "趣味": 1, "形式": 4, "活动": 1, "举办": 1, "导师": 1, "小型": 1, "赋能": 4, "理念": 2, "贯彻": 1, "到底": 1, "随时随地": 3, "PC": 3, "黑科技": 3, "分享课": 1, "展示": 1, "快捷": 3, "建立": 3, "屏幕": 5, "竖屏": 1, "界面": 3, "状态": 1, "触摸屏": 1, "鼠标": 2, "即可": 2, "自由": 1, "浏览": 1, "APP": 5, "多重": 1, "更为": 1, "便捷": 2, "同步": 2, "PC端": 1, "修图": 2, "传到": 1, "为此": 1, "频繁": 2, "步骤": 1, "麻烦": 1, "窗口": 1, "传送": 1, "不用": 2, "来回": 1, "跨": 6, "双向": 1, "拖拽": 5, "想要": 2, "之间": 4, "靠近": 1, "点开": 1, "传图": 1, "大小": 1, "共享": 4, "剪": 2, "贴板": 2, "粘贴": 3, "电脑端": 1, "键盘": 1, "快速": 2, "文字": 3, "编辑": 1, "到手": 1, "机端": 1, "节约": 1, "下滑": 1, "3K": 1, "高清": 1, "3:2": 1, "配置": 2, "使用者": 1, "愉快": 1, "开售": 1, "秒钟": 1, "京东": 1, "销售额": 2, "一举": 1, "突破": 4, "618": 1, "期间": 2, "7000": 1, "轻薄": 1, "双料": 1, "冠军": 1, "成绩": 1, "重塑": 1, "格局": 1, "佐证": 1, "全新": 3, "迫切": 1, "诉求": 1, "变革": 2, "引领者": 1, "好用": 1, "人赋": 1, "至关重要": 1, "意义": 4, "蔡伦": 1, "造纸": 1, "古藤堡": 1, "印刷术": 1, "推向": 2, "全世界": 1, "轮": 1, "经济": 3, "时期": 1, "数十": 1, "年内": 1, "创新": 6, "人类": 2, "习惯": 2, "灵活": 1, "输入": 1, "局限": 1, "呈现": 1, "弊端": 1, "浪费": 2, "扰乱": 1, "导致": 1, "错误": 1, "敏锐": 1, "捕捉": 1, "面临": 2, "难题": 2, "壁垒": 1, "无缝": 2, "质量": 1, "著名": 1, "媒体": 1, "Mashable": 1, "评为": 1, "年度": 1, "认可": 1, "肯定": 1, "前沿": 1, "面向": 1, "鸿蒙": 1, "OS": 1, "推出": 1, "最新": 2, "910": 1, "全场": 1, "景AI": 1, "框架": 1, "旗舰": 1, "麒麟990": 1, "Atlas": 1, "900": 1, "训练": 1, "集群": 1, "生产力": 1, "对此": 3, "大中华区": 1, "朱平曾": 1, "力求": 1, "最前沿": 1, "切实": 1, "痛点": 1, "一屏容纳": 1, "双屏": 1, "高速": 1, "简化": 1, "流程": 3, "很快": 1, "协作": 4, "更新": 1, "惊艳": 1, "思维": 1, "屏障": 1, "勇于": 2, "界线": 1, "维度": 1, "不妨": 1, "拭目以待": 2, "！": 2, "〖": 1, "〗": 1, "媒体人": 1, "讯网": 1, "21世纪网": 1, "频道": 1, "主编": 2, "刘勇": 1, "创办": 1, "专注": 1, "文娱": 1, "2018年": 1, "全年": 1, "销售": 1, "首超": 1, "1000亿": 1, "发货量": 1, "2亿": 1, "稳居": 1, "211": 1, "500": 1, "48": 1, "100": 1, "1987年": 1, "集资": 1, "2.1万": 1, "千亿": 1, "营收": 1, "吸引": 1, "某某": 1, "号称": 2, "大部分": 1, "失败": 2, "道路": 3, "30年": 1, "经营": 2, "原则": 2, "思想": 2, "成就": 1, "得益于": 1, "得益": 1, "锻造": 1, "资源": 8, "枯竭": 1, "生生不息": 1, "杰克·韦尔奇": 2, "百年": 1, "灵魂": 2, "决定性": 1, "根源": 1, "制度": 18, "皮": 1, "时下": 1, "流行": 1, "股": 1, "热浪": 1, "学": 5, "阿米巴": 1, "过江之鲫": 1, "稻盛": 1, "和夫": 1, "敬天": 1, "爱人": 1, "内涵": 2, "激励": 8, "多如牛毛": 1, "领悟": 1, "奋斗者": 6, "精髓": 1, "苦学": 1, "十数": 1, "不得要领": 1, "无奈": 1, "阿里巴巴": 1, "谷歌": 1, "不二法则": 1, "做事": 1, "出发点": 1, "围绕": 2, "损害": 2, "利于": 1, "否定": 1, "口口声声": 1, "喊": 1, "口号": 2, "信守": 1, "宣言": 1, "反而": 1, "演变": 1, "唯上": 1, "官僚主义": 3, "单打": 1, "独头": 1, "山头主义": 1, "偏离": 1, "专业主义": 1, "表面": 2, "好像": 1, "走向": 1, "反面": 1, "信奉": 1, "上帝": 1, "永远": 2, "想当然": 1, "盯": 1, "忽略": 1, "动态": 1, "变化": 2, "中长期": 1, "梦想": 2, "难道": 1, "当下": 1, "靓丽": 1, "路径": 1, "不见": 1, "人力": 5, "钦点": 1, "构建者": 1, "新书": 2, "建设": 7, "三板斧": 1, "精神": 2, "借鉴": 1, "板斧": 4, "知行合一": 5, "纲要": 3, "使命": 2, "愿景": 2, "价值观": 6, "目的": 1, "远景": 2, "3": 2, "—": 3, "遵循": 1, "准则": 4, "To": 1, "B起家": 1, "讲": 2, "触角": 1, "以人为本": 2, "本来": 1, "机器": 1, "区分": 1, "长期化": 1, "艰苦奋斗": 3, "概率": 1, "奋斗": 3, "物质": 1, "追求": 1, "卓越": 1, "自我批判": 2, "三者": 2, "轴心": 1, "三点": 1, "本性": 3, "钱": 2, "干活": 1, "课题": 1, "强有力": 1, "矫正器": 1, "升华": 1, "开炮": 1, "搏斗": 1, "创始人": 1, "身体力行": 1, "践行": 6, "落实": 1, "管理层": 1, "身上": 1, "领导者": 1, "传递": 1, "2007年": 1, "优化": 1, "改进": 1, "作风": 1, "新版": 1, "绝不": 9, "搞": 1, "迎来送往": 1, "送礼": 1, "当面": 1, "赞扬": 1, "放": 3, "动用": 1, "占用": 1, "家属": 1, "私事": 1, "申报": 1, "受益人": 1, "支付": 1, "费用": 1, "假话": 1, "捂": 1, "盖子": 1, "评价": 4, "传播": 1, "不实之词": 1, "意见": 1, "当事人": 1, "沟通": 2, "侵犯": 1, "隐私": 1, "阅读": 1, "指令": 1, "胜利": 2, "服从": 1, "尽职尽责": 1, "标准": 1, "部属": 1, "积极性": 1, "主动性": 1, "发牢骚": 1, "怪话": 1, "回避": 1, "困难": 2, "躲闪": 1, "努力": 5, "担当": 1, "第六": 1, "文山": 1, "会海": 1, "繁文缛节": 1, "简单化": 1, "六百": 1, "字": 1, "以内": 1, "偷窃": 1, "私费": 1, "公报": 1, "贪污": 1, "受贿": 1, "造假": 1, "当中": 1, "爱护": 1, "人格": 1, "第八": 1, "不良": 1, "风气": 1, "创造": 1, "都会": 1, "检查": 1, "履行": 1, "底线": 2, "考核": 5, "任免": 1, "言传身": 1, "教下": 1, "赢得": 1, "尊重": 1, "信赖": 1, "道术": 5, "合一": 9, "一致性": 4, "创业": 1, "300": 1, "度过": 1, "创业期": 1, "提倡": 2, "厉害": 1, "间断": 1, "审核": 2, "纲": 1, "定稿": 1, "执行": 2, "地方": 1, "营销": 1, "供应链": 2, "人事": 1, "选用": 1, "重中之重": 1, "至上": 1, "绩效": 3, "依然": 2, "短期": 1, "利润": 1, "置之不顾": 1, "倡导": 1, "横向": 1, "指标": 1, "机制": 2, "引导": 1, "个人主义": 1, "2014": 1, "增加": 2, "TUP": 1, "unit": 1, "plan": 1, "直译": 1, "递延": 1, "本书": 2, "章": 1, "范例": 1, "股权": 1, "实施": 4, "十几": 2, "一大": 1, "食利者": 1, "阶层": 1, "一句话": 1, "半": 2, "雷锋": 4, "吃亏": 2, "虚实": 3, "通俗": 1, "语言": 1, "描述": 1, "懂": 1, "到位": 1, "集体": 1, "研讨": 1, "管理者": 1, "讨论": 4, "阐明": 1, "推行": 1, "合同": 1, "决策": 1, "去伪存真": 1, "由表及里": 1, "立项": 1, "终止": 1, "例子": 1, "会议": 2, "开会": 2, "段": 1, "主题": 1, "外部": 1, "举措": 1, "10": 1, "空话": 1, "不相为谋": 1, "让道": 1, "真经": 1, "唱": 1, "层面": 1, "术": 1, "笑": 1, "本文": 1, "摘": 1, "编自": 1, "中信": 3, "出版社": 2, "力出": 4, "孔": 4, "法则": 4, "出版": 4, "定价": 1, "68": 1, "简介": 2, "率先": 1, "开创者": 1, "源泉": 1, "聚焦": 2, "选拔": 1, "激活": 2, "阐述": 1, "精准": 1, "选配": 1, "三位一体": 1, "揭示": 1, "要点": 1, "真实": 1, "场景化": 1, "案例": 1, "读者": 2, "学到": 1, "技巧": 1, "条件": 1, "崛起": 1, "新生代": 2, "学以致用": 1, "不准": 1, "不快": 1, "科学院": 1, "日本": 1, "东北": 1, "客座": 1, "教授": 2, "湖畔": 1, "特聘": 1, "招聘": 1, "薪酬": 1, "打下": 1, "坚实": 1, "深圳市": 1, "基业": 1, "长青": 1, "OPPO": 1, "海康": 1, "威视": 1, "三一": 1, "重工": 1, "华润": 1, "创维": 1, "看待": 1, "这家": 1, "心目": 1, "定义": 1, "留言": 1, "点赞": 1, "列入": 1, "乐观": 1, "心声": 1, "社区": 1, "洛杉矶": 2, "纪要": 1, "2020年": 2, "担心": 4, "10%": 1, "渡过": 1, "低谷": 1, "迎来": 1, "规模性": 2, "2021年": 1, "高层": 1, "恢复": 1, "规模化": 2, "2022年": 2, "稳妥": 1, "预测": 1, "值得一提的是": 1, "预期": 1, "制裁": 2, "撤销": 2, "再次": 2, "卖给": 1, "零部件": 1, "尽量": 1, "狭隘": 1, "自力更生": 1, "退缩": 1, "门槛猴": 1, "忧虑": 1, "打击": 1, "想想": 1, "喝": 2, "咖啡": 2, "受限": 1, "出口": 1, "管制": 1, "法规": 1, "成果": 1, "理论": 1, "氛围": 2, "听到": 1, "旁边": 1, "闲聊": 1, "启发": 1, "遍地": 1, "断供": 1, "庞大": 1, "孟晚舟": 2, "Norman": 1, "Pearlstine": 1, "对话": 1, "总统": 2, "达成": 2, "贸易": 2, "协议": 1, "放弃": 1, "女儿": 1, "引渡": 1, "怀疑": 1, "动机": 1, "犯罪": 1, "交易": 1, "KPMG": 1, "审计": 1, "财务": 1, "证明": 1, "谈到": 1, "奋进": 1, "预算": 5, "投鼠忌器": 1, "抓": 2, "乱": 2, "进退两难": 1, "经费": 1, "150-200亿": 1, "分配": 3, "中央": 2, "分层": 1, "分级": 1, "中基层": 1, "投机性": 1, "悄悄": 1, "卖": 1, "出量": 1, "编制": 1, "集权": 1, "损伤": 1, "基层": 1, "多年": 2, "爆发": 1, "借此时机": 1, "裁减": 1, "48%": 1, "关闭": 1, "46%": 1, "节省": 1, "工程师们": 1, "转移": 1, "主航道": 2, "日前": 2, "斥资": 1, "地址": 1, "贵州省": 1, "贵安": 1, "新区": 1, "云数据": 1, "100%": 1, "控股": 1, "今日": 2, "宣传": 1, "画面": 1, "并未": 1, "业界": 1, "多种": 1, "猜测": 2, "网友": 1, "视作": 1, "玩家": 1, "开杀": 1, "信号": 1, "标志": 1, "icon": 1, "脑补": 1, "智能化": 1, "直指": 1, "华为版": 1, "Teams": 1, "如业界": 1, "前述": 1, "合情合理": 1, "典型": 1, "遍布": 1, "170": 1, "国家": 6, "多达": 1, "电话": 1, "5万": 1, "低": 1, "尴尬": 1, "联接": 1, "移动化": 1, "融合": 1, "极大": 1, "云会": 1, "降落伞": 1, "跳": 1, "实践": 1, "ToB": 1, "基因": 1, "入局": 1, "(": 2, "钉钉": 1, ")": 2, "寡头": 1, "局面": 1, "抢下": 1, "并非易事": 1, "当初": 1, "破局": 1, "入云": 1, "惊喜": 1, "网原": 1, "标题": 1, "不顾": 1, "议会": 5, "委员会": 5, "阻挠": 2, "力挺华": 1, "为文": 1, "张晨静": 1, "意大利": 13, "敦促": 2, "围堵": 2, "部长": 2, "斯特凡诺·帕图阿内里": 1, "Stefano": 1, "Patuanelli": 1, "当地": 1, "表态": 2, "该国": 2, "意媒": 1, "新闻报": 1, "任命": 1, "斯特凡诺": 2, "保障": 1, "立法": 1, "防御": 1, "措施": 2, "中企": 2, "争议": 1, "高举": 1, "旗帜": 1, "保护主义": 1, "俄罗斯": 1, "截图": 1, "幌子": 1, "游说": 1, "盟友": 1, "中兴": 3, "严密": 1, "审查": 1, "COPASIR": 1, "提交": 1, "阻止": 1, "外国": 1, "声称": 1, "安装": 1, "维护": 1, "担忧": 1, "程度": 1, "随后": 1, "内阁": 1, "秘书长": 1, "里卡多·弗拉卡罗": 1, "Ric": 1, "cardo": 1, "Fraccaro": 1, "跟风": 1, "无视": 1, "观点": 1, "莫须有": 1, "指责": 1, "回应": 1, "遵守": 1, "指控": 1, "出于": 1, "地缘": 1, "政治": 1, "7月": 1, "首席": 1, "执行官": 1, "缪": 1, "晓阳": 1, "Thomas": 1, "Miao": 1, "确保": 1, "公平": 1, "政策": 2, "31亿": 1, "1000": 1, "路透社": 1, "挑选": 1, "竞争者": 1, "法国": 1, "葡萄牙": 1, "西班牙": 2, "挪威": 1, "荷兰": 1, "在内": 1, "排除": 1, "总理": 1, "默克尔": 1, "百般": 1, "15": 1, "城市": 1, "开通": 1, "禁令": 2, "禁止": 1, "访问": 1, "眼": 1, "情报": 1, "新西兰": 1, "澳大利亚": 1, "加拿大": 1, "为止": 1, "北约": 1, "峰会": 1, "首相": 1, "鲍里斯·约翰逊": 1, "暗示": 1, "统一": 1, "立场": 1, "强硬": 1, "彭博社": 1, "美": 1, "欧": 1, "紧张": 1, "关系": 1, "避雷针": 1, "华盛顿": 1, "报复": 1}