{"文": 1, "/": 1, "群刀": 1, "乱侃": 1, "上午": 3, "华为": 294, "正式": 5, "起诉": 33, "美国": 244, "政府": 94, "针对": 14, "2019年": 7, "国防": 24, "授权": 16, "法案": 30, "第889": 12, "条": 18, "条款": 35, "明令": 1, "禁止": 27, "贷款": 5, "拨款": 1, "执行": 1, "机构": 19, "、": 53, "承包商": 1, "公司": 25, "中兴": 12, "购买": 6, "设备": 23, "服务": 13, "客户": 10, "签署": 9, "合同": 4, "提供": 28, "资助": 6, "诉求": 2, "：": 16, "法院": 21, "判定": 4, "措施": 10, "违反": 10, "宪法": 27, "颁发": 2, "永久性": 2, "禁令": 12, "实施": 5, "国会": 19, "制定": 1, "褫夺": 1, "公权": 7, "立法": 12, "分支": 1, "形式": 1, "一个": 33, "公民": 2, "一部分": 1, "定罪": 1, "处以": 1, "惩罚": 5, "未": 5, "审讯": 2, "特定": 1, "施行": 1, "胜诉": 4, "支": 2, "振锋": 2, "社科院": 2, "法学": 2, "研究所": 2, "研究员": 2, "讲": 5, "可能性": 1, "材料": 1, "足以": 1, "支持": 7, "提出": 6, "判断": 4, "太": 1, "东西": 2, "涉及": 5, "信息": 1, "技术": 28, "细节": 2, "网络": 42, "评估": 1, "政治": 7, "新闻": 3, "来讲": 3, "第一": 4, "国家": 29, "实践": 3, "司法": 12, "机关": 4, "法律": 24, "合宪性": 4, "审查": 5, "发现": 5, "项": 9, "违宪": 8, "无效": 1, "依据": 3, "第二": 1, "889": 5, "歧视": 1, "理由": 6, "做出": 10, "限制性": 1, "举动": 2, "市场": 13, "主体": 1, "公平": 8, "站": 1, "住": 1, "脚": 2, "很": 25, "消费者": 17, "先进性": 1, "产品": 23, "质量": 3, "选择权": 1, "情况": 10, "利益": 10, "损方": 1, "提起": 13, "诉讼": 21, "证据": 24, "证明": 5, "安全性": 1, "败诉": 1, "情理": 1, "之中": 1, "应对": 3, "抗辩": 4, "历史": 2, "敏感性": 1, "部门": 5, "意愿": 1, "政治性": 1, "形象": 1, "不利": 2, "相当于": 2, "自相矛盾": 1, "机密": 2, "难度": 3, "道义": 2, "基于": 1, "别人": 2, "无从": 1, "真假": 1, "说到底": 1, "归纳": 1, "只不过": 2, "术语": 1, "意义": 1, "界定": 3, "公开": 1, "案子": 2, "拖": 1, "长": 3, "马拉松": 1, "先进": 10, "科技": 2, "难": 1, "求助于": 1, "进展": 1, "正当性": 1, "不得不": 4, "选择": 13, "明智": 1, "宋": 2, "国友": 2, "复旦": 2, "大学": 2, "研究": 3, "中心": 2, "教授": 4, "这次": 5, "背后": 3, "高人": 1, "指点": 1, "官司": 3, "抽象": 1, "过程": 6, "释法": 1, "肯定": 4, "刁难": 1, "类似": 3, "想": 5, "案例": 3, "大体": 1, "印象": 1, "大获全胜": 1, "案件": 2, "参照": 1, "以往": 1, "成功": 8, "叨": 1, "姐注": 1, "俄罗斯": 9, "卡巴斯基": 14, "国土": 2, "安全部": 2, "2017年": 3, "9月": 2, "下令": 2, "联邦": 19, "系统": 3, "删除": 3, "这家": 4, "其后": 1, "写入": 2, "预算": 2, "这项": 2, "初审": 1, "上诉": 4, "法庭": 6, "均": 5, "驳回": 2, "法官": 4, "称": 8, "禁用": 1, "出于": 3, "保护": 3, "计算器": 1, "入侵": 13, "预防性": 3, "惩罚性": 3, "无论如何": 1, "值得": 2, "失败": 1, "三一": 2, "重工": 1, "总统": 3, "奥巴马": 4, "例子": 1, "内容": 2, "为由": 4, "叫停": 1, "关联": 1, "俄勒冈州": 1, "风电": 1, "项目": 1, "诉状": 1, "告": 2, "瑕疵": 2, "奥卡姆": 1, "剃刀": 1, "通信": 6, "产业": 1, "观察者": 2, "抵制": 4, "由来已久": 1, "早": 1, "期间": 1, "承接": 1, "电信": 1, "工程": 1, "本土": 2, "企业": 18, "合作": 5, "计划": 2, "收购": 1, "都": 33, "议员": 1, "警告": 1, "阻挠": 1, "罪名": 1, "莫须有": 1, "隐患": 1, "刚刚": 3, "巴塞罗那": 1, "通信展": 1, "派出": 1, "整整": 1, "代表团": 1, "全球": 13, "游说": 2, "一道": 1, "联合": 2, "本国": 1, "算了": 1, "毕竟": 2, "主权": 1, "威逼": 1, "利诱": 1, "全世界": 2, "打压": 7, "蛮横": 1, "霸权": 1, "叫板": 1, "围剿": 1, "战略": 4, "死": 1, "奋力": 1, "反抗": 1, "才": 3, "希望": 8, "李": 2, "海东": 1, "外交": 2, "学院": 2, "正确": 6, "时间": 7, "目的": 2, "不仅仅": 2, "当做": 1, "华": 1, "强硬": 1, "政策": 4, "关键性": 1, "环节": 2, "符合": 5, "民众": 5, "当下": 1, "切身利益": 1, "所作所为": 1, "伤害": 6, "老百姓": 1, "件": 2, "风险": 5, "事情": 3, "做法": 11, "政治化": 1, "顾及": 1, "本身": 2, "视作": 1, "鼓动": 1, "节点": 1, "据理力争": 1, "宣传": 2, "角度": 1, "运作": 1, "毫无": 1, "全力": 1, "中国": 23, "竞争": 13, "对手": 6, "总体": 1, "规划": 1, "影响": 6, "外力": 1, "推动": 2, "扭转": 1, "错误": 4, "孟晚舟": 3, "加拿大": 9, "接连": 1, "发生": 2, "显示": 2, "关键": 3, "时刻": 1, "利用": 3, "标榜": 1, "独立": 3, "社会": 1, "内部": 4, "借力打力": 1, "律师": 2, "团队": 1, "给力": 3, "深厚": 1, "造诣": 1, "顶级": 1, "带来": 1, "压力": 1, "倾向于": 1, "判决": 1, "打官司": 1, "程序": 13, "等于": 1, "束手": 1, "操作": 3, "赢": 1, "输": 1, "损失": 1, "变相": 1, "品牌": 2, "广告": 1, "示范": 1, "作用": 1, "李海东": 1, "精英": 1, "群体": 1, "战略界": 1, "危险": 1, "倾向": 1, "国内": 3, "族裔": 2, "价值": 1, "文化": 1, "认同": 1, "处于": 2, "深刻": 1, "高度": 1, "分裂": 1, "状态": 2, "塑造": 1, "强有力": 1, "外部": 2, "敌人": 2, "危机": 1, "化解": 1, "掉": 1, "强大": 4, "矛盾": 1, "化干戈为玉帛": 1, "段": 2, "敲打": 1, "解决": 7, "试图": 6, "推给": 1, "手段": 3, "破解": 1, "怪圈": 1, "大选": 1, "阻力": 1, "估计": 1, "不少": 2, "政客": 1, "国民": 1, "情绪": 1, "矛头": 1, "指向": 2, "事件": 3, "教育": 1, "任由": 1, "甩锅": 1, "本文": 1, "图片": 1, "深圳": 7, "总部": 10, "发布": 2, "声明": 4, "发布会": 5, "透露": 1, "涉嫌": 5, "服务器": 11, "未经": 6, "2019": 13, "财年": 11, "授权法": 7, "请求": 2, "销售": 3, "判令": 2, "永久": 2, "轮值": 8, "董事长": 8, "郭平": 14, "决策": 1, "去年": 8, "迫使": 3, "维护": 5, "权益": 3, "名誉": 2, "办法": 2, "德克萨斯州": 2, "普莱诺": 3, "地区": 8, "起诉书": 4, "行政": 4, "违背": 10, "剥夺": 7, "正当": 4, ";": 7, "执法": 3, "裁决": 5, "违法": 4, "三": 8, "权": 4, "分立": 4, "原则": 5, "首席": 3, "法务官": 2, "宋柳平": 2, "审": 2, "判": 2, "建立": 3, "众多": 3, "证实": 2, "验证": 2, "基础": 3, "假设": 2, "事实": 4, "控制": 2, "拥有": 7, "记录": 2, "机制": 4, "迄今为止": 2, "开放": 2, "透明": 1, "接受": 1, "最多": 1, "对此": 1, "感到": 2, "自豪": 1, "隐私官": 1, "约翰·萨福克": 1, "融入": 1, "开发": 1, "部署": 2, "树立": 1, "高标准": 1, "很少": 1, "封杀": 9, "损害": 6, "非法": 1, "阻碍": 2, "参与": 5, "最终": 6, "妨碍": 4, "5G": 29, "商用": 2, "节奏": 3, "性能": 10, "落后": 2, "偏远": 2, "用户": 4, "负担": 2, "之间": 4, "升级": 4, "困难": 2, "数字": 2, "鸿沟": 2, "加剧": 2, "导致": 3, "缺乏": 2, "买单": 2, "行业": 6, "预测": 2, "无线": 5, "基建": 2, "费用": 6, "减少": 2, "15%": 2, "40%": 2, "四": 2, "年间": 2, "北美": 2, "运营商": 2, "节省": 2, "至少": 2, "200亿": 2, "美元": 2, "开支": 2, "指出": 1, "撤销": 3, "机会": 5, "建设": 3, "消除": 2, "担忧": 3, "取消": 2, "份": 2, "延缓": 1, "商业化": 1, "地方": 2, "推广": 1, "人民": 2, "受益": 3, "郭": 1, "平说": 1, "讲话": 4, "提到": 3, "窃取": 5, "邮件": 5, "源代码": 5, "找到": 4, "危害": 3, "参议员": 3, "马克·卢比奥": 3, "(": 3, "Marco": 1, "Rubio": 1, ")": 3, "污蔑": 3, "此次": 1, "涉": 1, "2018年": 7, "5月": 2, "24日": 2, "众议院": 2, "351-66": 1, "投票": 2, "6月": 1, "18日": 1, "参议院": 2, "85-10": 1, "版本": 2, "7月": 1, "公布": 2, "众": 1, "参两院": 1, "协商": 1, "会议": 1, "报告": 2, "提及": 1, "通讯": 9, "8月": 2, "特朗普": 1, "成法": 1, "1月": 1, "19日": 1, "国防部长": 1, "马蒂斯": 1, "最新": 2, "威胁": 4, "分为": 1, "三类": 1, "朝鲜": 1, "伊朗": 1, "国际": 3, "恐怖主义": 1, "展示": 4, "顺序": 1, "次第": 1, "展开": 1, "情报": 2, "官员": 2, "用作": 1, "间谍": 2, "工具": 1, "对象": 3, "病毒": 1, "实验室": 2, "恢复": 2, "制裁": 2, "破产": 1, "处罚": 1, "同事": 1, "同意": 1, "业务": 3, "震惊": 1, "玩弄": 1, "方法": 3, "14日": 1, "外交部": 5, "发言人": 2, "陆慷": 4, "美": 4, "答": 2, "记者": 2, "美方": 2, "不顾": 1, "中方": 1, "反对": 2, "执意": 1, "含有": 1, "涉华": 2, "消极": 2, "不满": 1, "敦促": 1, "摒弃": 1, "冷战": 1, "思维": 1, "零和": 1, "博弈": 1, "理念": 1, "客观": 1, "看待": 1, "关系": 2, "恪守": 1, "公报": 1, "国": 1, "领域": 1, "表态": 3, "近期": 3, "频频": 1, "话题": 1, "2月": 3, "26日": 1, "英国": 4, "沃达丰": 1, "CEO": 1, "欧洲": 1, "相关": 1, "各国": 1, "评判": 1, "各方": 1, "作出": 2, "论调": 1, "这是": 6, "事实上": 1, "不惜": 1, "动用": 1, "力量": 1, "破坏": 1, "他国": 1, "互利": 1, "28日": 1, "谈及": 1, "世界": 6, "大会": 1, "协议": 2, "再次": 3, "致力于": 1, "公正": 1, "环境": 4, "来源": 4, "基金报": 1, "7日": 1, "从未": 5, "予以": 2, "回应": 4, "有益": 3, "所在地": 2, "得克萨斯州": 3, "；": 1, "观察": 1, "人士": 3, "指": 1, "或者说": 2, "审理": 1, "团体": 1, "单挑": 1, "此前": 5, "3月": 2, "4日": 1, "财务官": 1, "女士": 1, "律师团": 1, "边境": 1, "服务局": 1, "皇家": 1, "骑警": 1, "警察": 1, "指控": 7, "告知": 1, "逮捕": 1, "搜查": 1, "侵犯": 2, "权利": 3, "Kaspersky": 1, "Lab": 1, "遭遇": 2, "相提并论": 1, "年前": 1, "指责": 1, "软件": 5, "莫斯科": 1, "用来": 2, "收集": 1, "辩称": 1, "哥伦比亚": 1, "特区": 1, "名": 3, "裁定": 1, "计算机": 1, "合法": 1, "愿望": 1, "一家": 4, "戴维·S·塔特尔": 1, "侠客岛": 1, "央视": 1, "环球": 1, "时报": 9, "纽约": 8, "官网": 1, "消息": 6, "报道": 9, "手机": 15, "近些年": 1, "成就": 2, "有目共睹": 1, "老大": 1, "地位": 1, "智能": 9, "长足": 1, "定下": 1, "超越": 3, "苹果": 2, "目标": 1, "研发": 12, "能力": 6, "增加": 3, "花费": 5, "全国": 2, "放眼": 1, "排": 1, "数据": 2, "GPU": 2, "Turbo": 2, "900亿": 1, "元": 1, "提升": 7, "将近": 1, "60%": 1, "功耗": 2, "降低": 3, "30%": 1, "不用说": 1, "麒麟": 6, "芯片": 12, "投入": 2, "确实": 5, "很多": 19, "950": 1, "自我": 2, "突破": 5, "980": 2, "创下": 1, "六": 1, "认可": 3, "骁龙": 6, "845": 3, "曾几何时": 1, "国产": 3, "顶尖": 1, "制造商": 2, "实力": 1, "展现": 1, "麒麟980": 2, "处理器": 6, "测试": 6, "超过": 1, "厂家": 1, "担心": 6, "高通": 4, "害怕": 1, "从来": 4, "局面": 1, "自给自足": 1, "调整": 1, "搭载": 7, "给出": 2, "不错": 3, "评价": 1, "朋友": 2, "对比": 1, "相对于": 1, "优势": 2, "855": 3, "推出": 2, "难得": 2, "一点": 4, "停止": 1, "随后": 2, "990": 2, "下一代": 1, "Mate": 1, "系列": 2, "ISP": 1, "i8": 1, "传感器": 1, "引擎": 1, "将来": 2, "款": 4, "长待机": 1, "质": 1, "飞跃": 1, "激烈": 1, "随波逐流": 1, "骁龙855": 1, "陆续": 1, "上线": 1, "未来": 9, "麒麟990": 3, "出彩": 1, "基带": 1, "竞争力": 1, "独特": 2, "结构": 1, "方式": 1, "整体": 2, "功耗会": 1, "体现": 1, "续航": 1, "感觉": 2, "见面": 1, "核心": 1, "努力": 1, "快速": 2, "发展": 3, "好像": 1, "期待": 1, "越来越": 4, "慢慢": 2, "生产": 1, "台积电": 1, "7nm": 1, "制程": 1, "晶体管": 1, "数量": 2, "据说": 1, "提高": 1, "45%": 1, "究竟": 1, "胜利": 2, "难说": 1, "都会": 2, "滥用": 3, "外媒": 3, "记者会": 2, "北京": 1, "10时": 1, "CNBC": 2, "美联社": 1, "路透社": 4, "彭博社": 1, "BBC": 1, "媒体": 6, "受邀": 1, "参加": 2, "现场": 1, "NDAA": 7, "阻止": 4, "声誉": 2, "高额": 3, "投资": 3, "领导者": 3, "怀疑": 3, "动机": 3, "到底": 5, "赶超": 3, "‘": 1, "’": 1, "焦点": 1, "获取": 1, "硬件": 1, "点名": 1, "↓": 2, "引用": 1, "说法": 4, "预报": 1, "告上": 2, "白宫": 2, "5日": 1, "案": 1, "国内外": 1, "关注": 2, "唯一": 1, "刚才": 1, "宣称": 1, "!": 1, "最先": 1, "此事": 1, "所在": 1, "引述": 1, "情形": 1, "若有所指": 1, "介绍": 1, "外国": 1, "知名": 1, "输掉": 1, "后续": 1, "原因": 1, "电脑": 1, "俄罗斯人": 1, "足够": 1, "合法性": 1, "份额": 1, "实质": 1, "确认": 1, "尚未": 2, "周四": 1, "邀请": 1, "场": 1, "发动": 1, "盟友": 2, "发起": 1, "反击": 3, "就此": 1, "真实性": 1, "环球网": 2, "电视剧": 1, "亮剑": 4, "云龙": 1, "经典": 1, "台词": 1, "古代": 1, "剑客们": 1, "狭路相逢": 1, "多么": 1, "就算": 1, "对方": 1, "天下第一": 1, "剑客": 1, "明知不敌": 1, "亮": 1, "宝剑": 1, "倒": 1, "剑下": 1, "虽败尤荣": 1, "精神": 1, "！": 24, "上演": 1, "版": 1, "面对": 3, "勇敢": 2, "高科技": 1, "门面": 1, "领先": 2, "西方": 1, "长期": 1, "2003年": 1, "进军": 1, "至今": 1, "十几": 2, "不得其门而入": 1, "好在": 1, "态度": 1, "温和": 1, "干涉": 1, "做生意": 1, "成长": 1, "标准": 3, "制定者": 2, "下半年": 1, "新西兰": 2, "澳大利亚": 1, "五": 1, "眼": 1, "联盟": 1, "采用": 8, "前段": 1, "CFO": 1, "无故": 1, "司法局": 1, "拘禁": 1, "种种": 1, "欲": 1, "死地": 1, "网友": 2, "大呼": 1, "干": 2, "漂亮": 2, "吃瓜": 1, "群众": 1, "强盗": 1, "作风": 1, "义愤填膺": 1, "笔者": 1, "后来者": 1, "指明": 1, "道路": 1, "逼不得已": 1, "拿起": 1, "武器": 1, "上班族": 1, "烦恼": 1, "吃": 5, "每次": 1, "外卖": 1, "明明": 1, "饿": 1, "绝望": 1, "……": 1, "好吃": 1, "好不": 1, "食堂": 14, "工作": 6, "爽": 2, "嘴巴": 1, "诚实": 1, "职场": 1, "辛辛苦苦": 1, "干活": 1, "吃好": 1, "大热天": 1, "员工": 6, "太阳": 1, "外面": 2, "快餐店": 1, "盒饭": 1, "动力": 1, "后勤": 1, "保障": 1, "众所周知": 1, "兴起": 1, "逆风": 1, "翻盘": 1, "向阳": 1, "厉害": 1, "管理层": 1, "人才": 1, "死心塌地": 1, "留下": 1, "餐厅": 4, "饭菜": 3, "着手": 1, "听": 1, "饭店": 1, "还要": 2, "豪华": 2, "便宜": 1, "顿": 1, "花样": 2, "菜品": 3, "食欲": 1, "与其说": 1, "倒不如": 1, "自助": 1, "美食": 4, "范儿": 2, "东南亚": 1, "粤式": 1, "川菜": 1, "分成": 1, "成都": 1, "菜": 3, "重庆": 1, "尝": 1, "到家": 1, "味道": 1, "装修": 2, "淡雅": 1, "文艺": 2, "灯饰": 1, "淡绿色": 1, "椅子": 1, "木色": 1, "餐桌": 1, "用餐": 1, "自觉": 1, "置身": 1, "风格": 2, "简单": 6, "细心": 1, "分类": 1, "蒸炖焖": 1, "炒烧": 1, "多种": 2, "不用": 2, "头疼": 1, "口味": 1, "烹饪": 1, "种类": 1, "想要": 2, "直观": 1, "员工们": 1, "新鲜": 1, "菜式": 1, "热血": 1, "澎湃": 1, "镜头": 1, "泪流满面": 2, "钱": 2, "区别": 3, "价格": 1, "15": 1, "块钱": 1, "烤鱼": 1, "分明": 1, "吃饭": 1, "优秀": 2, "同行": 1, "衬托": 1, "才能": 1, "优越感": 1, "网友们": 1, "酸": 1, "小编": 1, "长肉": 1, "减肥": 1, "感想": 1, "反正": 1, "柠檬": 1, "精": 1, "[华": 1, "女士们": 1, "先生们": 1, "发出": 1, "挑战": 2, "救济": 1, "未能": 1, "竭尽所能": 1, "试": 1, "立法者": 1, "疑虑": 1, "别无选择": 1, "只能": 1, "170": 1, "提供商": 1, "责任": 2, "遵从": 1, "制造": 1, "履行": 1, "三十": 1, "纪录": 1, "植入": 1, "后门": 1, "绝不": 1, "攻击": 1, "支撑": 1, "竭力": 1, "诋毁": 1, "公众": 1, "舆论": 1, "糟糕": 1, "或许": 2, "压制": 1, "从中": 1, "快": 2, "遗憾": 1, "辩护": 1, "颁布": 2, "走": 2, "有悖于": 1, "背离": 1, "宗旨": 1, "初衷": 1, "扮演": 1, "陪审团": 1, "执法者": 1, "角色": 1, "本人": 1, "虚假": 1, "质疑": 1, "本来": 1, "不得已而为之": 1, "谢谢": 1, "4G": 2, "时代": 3, "崭露头角": 1, "末": 1, "性价比": 2, "优质": 1, "供应商": 2, "即将": 1, "到来之际": 1, "专利": 1, "强过": 1, "拿下": 1, "32": 2, "订单": 3, "改变": 1, "主意": 1, "拒绝": 2, "对外": 2, "增长": 1, "速度": 2, "庆幸": 1, "调查": 2, "创始人": 1, "任正非": 1, "感谢": 2, "名气": 1, "终于": 1, "国外": 1, "官方": 1, "当初": 1, "放过": 1, "想到": 1, "幸免于难": 1, "留言": 1, "评论": 1, "消费": 1, "品质": 1, "各式各样": 1, "生活": 2, "电视": 1, "扫地": 1, "机器人": 1, "AI音箱": 1, "插座": 3, "需求": 1, "接入": 1, "互联网": 1, "分布": 1, "在家": 3, "角落": 2, "组建": 1, "套": 1, "家庭": 3, "变得": 1, "尤为": 1, "家中": 4, "路由器": 12, "覆盖": 2, "网速": 3, "稳定": 5, "传统": 4, "穿墙": 1, "弱": 1, "尤其是": 1, "承重墙": 1, "墙体": 1, "钢筋网": 1, "信号": 7, "衰减": 2, "功率": 1, "3C": 1, "法规": 1, "无限": 1, "放大": 1, "高端": 1, "单路": 1, "全家": 1, "穿越": 1, "墙": 3, "远处": 1, "房间": 2, "龟速": 1, "上网": 3, "亦": 1, "市面": 2, "粗暴": 1, "WiFi": 5, "放大器": 1, "买": 1, "台": 2, "带有": 1, "中继": 1, "功能": 1, "扩展": 1, "延迟": 3, "25日": 1, "全新": 2, "路": 2, "——": 1, "路由": 17, "Q2": 17, "Pro": 14, "子母路": 6, "设计": 9, "电力线": 3, "由器": 3, "组网": 2, "即插即用": 1, "全覆盖": 1, "体验": 2, "外观": 4, "第三": 1, "子母": 1, "纯": 1, "白色": 1, "机身": 4, "呈": 1, "椭圆": 2, "柱形": 1, "占地": 1, "面积": 1, "张牙舞爪": 1, "天线": 1, "看上去": 1, "简洁": 1, "大气": 1, "放": 1, "丝毫": 1, "违和感": 1, "正面": 1, "保留": 2, "枚": 1, "HiLink": 2, "物理": 1, "按键": 1, "联网": 1, "输入": 1, "密码": 2, "轻轻": 1, "即可": 4, "轻松": 2, "链接": 1, "底部": 1, "圈": 1, "隐藏式": 1, "氛围": 1, "灯": 1, "指示灯": 2, "不失为": 1, "增添": 1, "丝": 1, "活力": 1, "喜欢": 1, "设置": 6, "中将": 1, "关闭": 1, "背部": 2, "看似": 1, "平常": 1, "隐藏": 1, "黑科技": 1, "左侧": 1, "电源": 2, "插口": 2, "网线": 2, "有用": 1, "颜色": 1, "标注": 1, "区分": 2, "LAN": 1, "WAN": 1, "接口": 4, "学习": 1, "成本": 1, "Pro三": 1, "WAN/LAN": 1, "千兆": 3, "网口": 3, "盲插": 1, "高速": 1, "连接": 8, "配置": 1, "随机": 1, "附赠": 1, "光猫": 1, "安装": 2, "家居": 1, "App": 3, "安卓": 1, "Store": 1, "下载": 2, "相连": 1, "初次": 1, "默认": 1, "打开": 1, "跳出": 1, "向导": 1, "聊聊": 1, "子路": 10, "延续": 1, "母路": 5, "简约": 1, "百搭": 1, "插式": 1, "围绕": 1, "插头": 2, "凹起": 1, "插": 5, "稳": 1, "值得一提的是": 1, "双频": 1, "1200": 1, "M": 1, "Wi-Fi": 1, "特意": 1, "台式机": 1, "有线": 2, "端游": 1, "玩家": 1, "连接子": 1, "出厂": 1, "配对": 2, "通电": 1, "30秒": 1, "黄色": 1, "变为": 1, "蓝色": 1, "表现": 3, "依托": 2, "电力": 6, "有人": 1, "猫": 4, "电网": 1, "零线": 1, "火线": 1, "传输": 3, "PLC": 2, "用电": 1, "高峰期": 1, "家里": 1, "电器": 1, "差模": 1, "噪声": 1, "效率": 1, "自研": 2, "凌霄": 1, "5630": 1, "G": 1, ".": 1, "hn": 1, "速率": 3, "低": 1, "延时": 3, "抗干扰": 1, "底层": 1, "3": 1, "引入": 1, "干扰": 1, "地线": 1, "增强": 1, "信噪": 1, "传": 1, "输速率": 1, "稳定性": 1, "远": 1, "超": 1, "新和": 1, "放置": 1, "客厅": 1, "卧室": 1, "墙面": 1, "Speedtest": 1, "二者": 1, "94.0Mbps": 1, "89.6Mbps": 1, "游戏": 1, "王者": 1, "荣耀": 1, "检测": 1, "4ms": 1, "5ms": 1, "水平": 1, "写": 1, "夏天": 1, "空调": 1, "西瓜": 1, "大战": 1, "纠结": 1, "悄悄": 1, "崩溃": 1, "迎刃而解": 1, "精致": 1, "脱颖而出": 1, "户型": 1, "1母": 2, "1子": 1, "2子": 1, "规格": 1, "套装": 1, "供": 1, "死角": 1}