{"不服": 7, "干": 8, "！": 5, "口号": 1, "真的": 9, "2019年": 6, "手机": 54, "消费": 2, "市场": 22, "依然": 1, "竞争": 15, "激烈": 4, "苹果": 6, "越来越": 3, "离谱": 1, "定价": 2, "华": 1, "销售量": 1, "大幅度": 1, "下滑": 3, "库克": 1, "不得不": 1, "公开信": 1, "找": 2, "补": 1, "理由": 1, "：": 12, "中国": 13, "经济": 2, "不景气": 1, "中国人": 1, "买": 3, "·····库克": 1, "甩锅": 1, "站不住脚": 1, "占有": 1, "优势": 3, "丧失": 1, "原因": 2, "本土": 1, "品牌": 26, "以往": 1, "国产": 8, "中低端": 3, "缠斗": 1, "消费者": 3, "认可度": 1, "提高": 2, "华为": 50, "、": 39, "小米": 94, "都": 18, "冲击": 3, "高端": 2, "▲": 4, "1月": 13, "5日": 1, "纽约": 1, "时报": 1, "科技": 8, "版": 1, "报道": 2, "制造商": 1, "性能": 11, "价格": 7, "发起": 1, "挑战": 1, "完美": 1, "用户": 12, "体验": 3, "低廉": 1, "想要": 1, "再三": 1, "近日": 4, "出于": 1, "专心": 1, "发展": 8, "产品线": 2, "需求": 2, "红米": 19, "脱离": 1, "独立": 11, "运营": 2, "未来": 3, "Redmi": 15, "错位": 1, "专注": 2, "极致": 2, "性价比": 11, "中高端": 4, "黑科技": 1, "尝试": 1, "不惜": 1, "代价": 1, "发布会": 16, "发布": 12, "新款": 1, "千": 1, "元": 7, "创立": 1, "新子": 1, "+": 3, "新品": 1, "本来": 1, "件": 2, "事情": 4, "雷布斯": 3, "场": 1, "显得": 3, "心气": 1, "放出": 4, "狠话": 3, "称": 12, "生死": 6, "看淡": 6, "媒体": 5, "访谈": 1, "直言": 1, "铁杆": 3, "粉丝": 3, "弄急": 2, "早": 2, "8日": 4, "雷军": 53, "狠": 3, "联想": 1, "身上": 2, "到底": 1, "生气": 1, "毫不留情": 2, "硬怼": 1, "昨天": 2, "不少": 3, "参加": 1, "短短": 1, "一个": 17, "小时": 1, "红米Note7": 1, "产品": 19, "怼": 5, "友商": 22, "8": 2, "；": 7, "群访": 1, "环节": 1, "抑制": 1, "不住": 1, "愤怒": 1, "情": 1, "提到": 3, "面色": 1, "铁青": 1, "有人": 2, "这次": 3, "态度": 2, "请来": 2, "大将": 2, "搞": 4, "文章": 2, "科普": 4, "都会": 1, "急": 7, "卢伟冰": 2, "颜": 1, "克胜": 1, "金立": 1, "集团": 10, "总裁": 1, "正是": 4, "指": 2, "准确": 1, "荣耀": 23, "4日": 1, "对外": 3, "列为": 1, "外界": 2, "猜测": 2, "此举": 1, "标荣耀": 1, "甩开": 1, "包袱": 2, "正牌": 1, "回应": 8, "高管": 4, "倒是": 1, "说话": 2, "副总裁": 3, "熊军民": 1, "早就": 4, "结束": 3, "整体": 1, "销量": 3, "表现": 4, "遥遥领先": 3, "熊": 2, "军民": 2, "跟随": 2, "放": 3, "火药味": 1, "浓重": 1, "···雷军": 1, "现场": 4, "回去": 1, "模仿": 2, "素级": 1, "言语": 1, "之间": 1, "充满": 1, "不爽": 1, "本质": 2, "相安无事": 2, "子品牌": 4, "诞生": 3, "5": 2, "时间": 5, "从来": 2, "光用": 1, "怼友商": 1, "嫌": 1, "甩出": 1, "对比图": 1, "实力": 1, "证明": 4, "往好": 1, "热闹": 1, "接招": 1, "天眼妹": 1, "估计": 1, "握手言和": 1, "毕竟": 1, "公司": 17, "商业": 7, "关系": 3, "交织": 1, "挺": 3, "所属": 1, "软件": 1, "技术": 10, "有限公司": 1, "企业": 9, "图谱": 1, "斯文": 1, "温和": 1, "实干": 1, "形象": 1, "示人": 1, "一反常态": 1, "大动肝火": 1, "与其说": 1, "刺激": 1, "不如说": 1, "业绩": 1, "碾压": 1, "伤到": 1, "痛处": 1, "增长": 4, "乏力": 1, "突围": 1, "障碍": 1, "重重": 1, "早期": 1, "成功": 4, "吸引": 1, "贴上": 1, "屌丝": 1, "低端": 1, "标签": 3, "上探": 1, "道路": 2, "天花板": 1, "高阶": 1, "爬升": 1, "卖出": 1, "5000": 1, "卖": 5, "3000": 2, "很": 15, "难": 1, "接受": 1, "投资": 8, "生态链": 5, "不难": 1, "定位": 2, "差别": 1, "坊间": 1, "传闻": 1, "行业": 13, "内": 5, "牛": 1, "想": 2, "6000": 1, "块钱": 1, "跑去": 1, "看完": 1, "浇": 1, "盆": 1, "冷水": 1, "——": 3, "超过": 4, "下场": 1, "太": 4, "故事": 1, "眼妹": 1, "核实": 1, "天眼": 1, "查": 1, "收录": 1, "近年": 1, "历史": 2, "建设": 1, "大部分": 1, "领域": 2, "初创": 1, "业务": 9, "算": 2, "高精尖": 1, "反观": 1, "数量": 1, "远远": 2, "少于": 1, "物联网": 3, "大型": 1, "厂商": 2, "形式": 1, "并购": 1, "巨头": 2, "相比": 3, "资源": 1, "支持": 3, "销售": 2, "供应链": 1, "控上": 1, "稚嫩": 1, "庞大": 2, "体系": 1, "旗下": 1, "提供": 3, "足够": 1, "只能": 2, "步步摸索": 1, "感叹": 1, "苦恼": 1, "‘": 1, "’": 1, "原罪": 3, "词": 1, "黑": 4, "东西": 2, "便宜": 2, "天然": 1, "质量": 1, "宣传": 1, "一分钱一分货": 2, "气": 2, "半死": 2, "那天": 1, "品质": 8, "破解": 1, "上市": 7, "起点": 1, "顶住": 1, "压力": 2, "挽救": 1, "股价": 8, "说到做到": 1, "才": 6, "~": 1, "10日": 4, "北京": 1, "999": 2, "起售": 2, "Note": 4, "7手机": 3, "这是": 5, "首款": 1, "新机": 3, "同日": 1, "跌破": 1, "10": 2, "港元": 19, "创下": 2, "新低": 1, "去年": 1, "7月": 2, "高位": 2, "累计": 2, "下跌": 4, "逾": 5, "55%": 2, "市值": 3, "蒸发": 3, "2900亿": 3, "大跌": 2, "7.50%": 1, "11.1": 1, "/": 6, "股": 8, "成交额": 2, "10.34亿": 1, "9日": 3, "再次": 1, "跌": 2, "6.85%": 1, "10.34": 1, "25.73亿": 1, "开盘": 2, "1.2亿": 1, "股票": 6, "大宗": 1, "交易": 1, "成交": 1, "成交价": 1, "8.80": 1, "一度": 1, "超": 1, "8%": 1, "最终": 2, "3.58%": 1, "9.97": 1, "收盘": 1, "成交量": 1, "35.70亿": 1, "半年": 3, "新高": 1, "最新": 1, "总市值": 1, "2377亿": 1, "2018年": 6, "22.2": 1, "首日": 1, "买入": 2, "投资人": 1, "赚": 1, "倍": 4, "许诺": 1, "言犹在耳": 1, "认购": 2, "7": 2, "基石": 1, "投资者": 2, "中投": 1, "中财": 1, "娱乐": 1, "高通": 3, "国开": 1, "行旗": 1, "私募": 1, "股权": 1, "基金": 1, "保利": 1, "顺丰": 1, "招商局": 1, "17": 1, "发售价": 1, "合计": 1, "2.52亿": 1, "股份": 1, "解禁": 2, "截至": 1, "账面": 1, "浮亏": 1, "四成": 1, "刚好": 1, "之际": 1, "早间": 1, "公告": 3, "Smart": 2, "Mobile": 1, "Holdings": 1, "Limited": 2, "Player": 1, "控股": 1, "股东": 1, "承诺": 2, "日期": 2, "额外": 1, "365": 2, "出售": 2, "CFO": 1, "受资": 1, "自行": 1, "二级": 1, "买账": 1, "机构": 2, "纷纷": 1, "低": 1, "目标": 8, "价": 5, "国内": 8, "连月": 1, "智能": 12, "出货量": 5, "数据": 2, "谨慎": 1, "宏观": 1, "前景": 1, "疲弱": 1, "加剧": 1, "周期": 1, "延长": 1, "高盛": 1, "12": 2, "调整": 1, "15.8": 1, "24": 1, "下降": 4, "意味着": 2, "53%": 1, "上行": 1, "空间": 1, "评级": 3, "中金": 1, "下调": 2, "20.5%": 1, "13.5": 1, "相当于": 1, "27": 1, "预期": 1, "市盈率": 1, "推荐": 1, "长期": 1, "看好": 1, "IoT": 1, "海外": 1, "互联网": 10, "持续": 2, "成长": 4, "花旗": 1, "瑞信": 1, "麦格理": 1, "本周": 1, "摩根大通": 3, "调低": 1, "增持": 1, "改为": 1, "中性": 1, "18": 2, "降低": 3, "10.5": 1, "报告": 3, "艰难": 1, "难以": 1, "提升": 5, "市占率": 1, "情况": 1, "按年": 1, "12%": 1, "指出": 2, "活跃": 1, "受限": 1, "广告": 1, "游戏": 1, "核心": 3, "收入": 1, "放缓": 2, "服务": 8, "25%": 2, "30%": 2, "信义": 1, "资本": 1, "分析师": 1, "统计": 1, "显示": 2, "变现": 1, "迹象": 1, "5G": 2, "机潮": 1, "来临": 1, "冷淡": 1, "不容": 1, "乐观": 1, "严峻": 1, "信息": 1, "通信": 1, "研究院": 1, "全年": 2, "总体": 1, "4.14亿": 1, "同比": 3, "15.6%": 1, "3.90亿": 1, "15.5%": 1, "占": 1, "同期": 1, "94.1%": 1, "热情": 1, "我国": 1, "机型": 1, "764": 1, "款": 5, "27.5%": 1, "猛怼": 1, "死磕性": 4, "价比": 4, "开启": 1, "时代": 1, "升级": 1, "电商": 2, "成立": 1, "兄弟": 1, "对手": 3, "当天": 1, "下午": 2, "分拆": 1, "首场": 1, "国民": 1, "全球化": 2, "三": 3, "同价": 1, "位段": 1, "率先": 2, "采用": 4, "4800万": 2, "超高像素": 1, "相机": 2, "搭载": 3, "主频": 1, "2.2GHz": 1, "满血版": 1, "骁龙": 1, "660": 1, "处理器": 3, "全球": 3, "质保": 1, "期限": 1, "各项": 1, "过程": 1, "处处": 1, "8X": 1, "青春版": 1, "型号": 1, "对比": 1, "无惧": 1, "介绍": 1, "三星": 3, "索尼": 4, "传感器": 1, "现货": 3, "迟迟": 1, "供": 1, "货": 4, "爱": 1, "吐槽": 2, "饥饿": 2, "营销": 2, "PPT": 4, "这不": 2, "本事": 2, "进一步": 1, "单项": 1, "挑起": 1, "战争": 2, "惹": 1, "说穿": 1, "孔屏": 2, "N": 1, "缺点": 1, "悠": 1, "上都": 3, "创办": 2, "Low": 1, "点名": 1, "穿孔屏": 1, "nova": 1, "4": 1, "V20": 1, "穿": 1, "接近": 2, "100%": 1, "屏": 1, "方案": 1, "除华": 1, "项": 2, "2日": 1, "分析": 2, "效仿": 1, "拆分": 1, "出荣": 1, "耀子": 1, "走": 2, "路线": 1, "发力": 1, "熊军": 1, "突破": 1, "2亿": 1, "台": 1, "磕高": 1, "弱于": 1, "保时捷": 1, "装门面": 1, "钱": 2, "值得": 1, "此次": 1, "受众": 1, "定制": 1, "策略": 1, "此前": 4, "征集": 1, "Redmi新机": 1, "外观": 1, "期待": 2, "成品": 1, "体现": 1, "抖音": 1, "合作": 3, "努力": 1, "抓住": 1, "年轻人": 2, "早些时候": 1, "11月": 1, "美图": 1, "达成": 1, "接触": 1, "年轻": 1, "用户群": 1, "女性": 1, "知乎": 11, "取关": 1, "未": 1, "热搜": 1, "网友": 2, "发现": 2, "主页": 1, "关注": 5, "民族": 4, "印度": 2, "占有率": 2, "第一": 3, "骄傲": 2, "随后": 1, "取消": 2, "对此": 1, "账户": 4, "没关系": 2, "ID": 2, "帐号": 1, "认证": 3, "类别": 2, "提交": 2, "身份": 2, "材料": 2, "符合": 1, "流程": 1, "规范": 1, "来源": 1, "证券报": 1, "基金报": 1, "责任": 1, "编辑": 1, "闫欢": 1, "请": 1, "点赞": 1, "评论": 1, "功能": 1, "↓↓↓": 1, "转载": 1, "百家号": 1, "作者": 1, "玟玟": 1, "提起": 1, "芯片": 22, "制造": 2, "很多": 3, "感到": 1, "忧心": 1, "尖端": 1, "落后": 1, "制造业": 1, "规模": 1, "短板": 1, "近年来": 2, "改观": 1, "麒麟": 2, "优越": 1, "震惊": 1, "具备": 1, "自主": 1, "研发": 1, "能力": 3, "问世": 2, "打破": 3, "国外": 2, "服务器": 7, "垄断": 5, "水平": 3, "处于": 1, "领先": 2, "地位": 1, "Intel": 1, "近50": 2, "鲲鹏": 6, "920": 6, "震撼": 2, "亮相": 2, "美国": 1, "并非": 1, "层面": 1, "首要": 1, "展现": 1, "运算": 1, "不可估量": 1, "价值": 3, "创造力": 1, "预想": 1, "跑分": 1, "超出": 1, "业界": 3, "标杆": 1, "能效": 1, "功耗": 1, "反而": 1, "端口": 1, "设计": 1, "速率": 1, "业内": 1, "主流": 2, "内存": 1, "宽带": 2, "46%": 1, "网络": 1, "四": 1, "惊人": 1, "实属": 1, "当成": 1, "980": 1, "如今": 2, "带来": 1, "内核": 1, "飞跃": 1, "极为": 2, "关键": 1, "作用": 2, "做出": 1, "意义": 1, "起到": 1, "英特尔": 1, "AMD": 1, "自然": 2, "出口量": 1, "最多": 1, "肯定": 1, "影响": 1, "泰山": 1, "台阶": 1, "国际": 2, "推广": 2, "拓展": 1, "呈现": 2, "步步为营": 1, "稳扎稳打": 1, "加速": 1, "态势": 1, "振奋": 1, "放眼": 1, "产业": 1, "布局": 2, "影响力": 1, "看法": 1, "分享": 1, "相关": 1, "内容": 2, "创始人": 2, "董事长": 1, "兼": 1, "CEO": 2, "激动": 3, "宣称": 1, "针对": 1, "究竟": 1, "一向": 1, "稳重": 1, "淡定": 1, "情绪": 2, "堆": 1, "稿子": 1, "烦": 1, "像素": 1, "缺陷": 1, "或者说": 1, "怎么low": 1, "低级": 1, "五": 1, "郁闷": 2, "攻击": 1, "促销员": 1, "培训": 1, "条": 1, "……": 1, "不必": 1, "白热化": 1, "争夺": 1, "生命线": 1, "做好": 3, "实实在在": 1, "创造": 1, "阿里巴巴": 1, "张勇": 1, "焦虑": 1, "实际上": 2, "创新": 3, "实话": 1, "佩服": 1, "写": 1, "人生": 1, "规划": 1, "成就": 2, "创业者": 1, "参考": 1, "任正非": 7, "厉害": 1, "传奇度": 1, "顶峰": 1, "人物": 1, "团结": 1, "枪口": 1, "抬高一尺": 1, "好事": 1, "同行": 1, "竞合": 2, "适度": 1, "路径": 1, "风格": 1, "碰撞": 1, "众所周知": 1, "狼性": 1, "文化": 3, "推崇": 1, "胜利": 1, "进攻性": 1, "极客": 1, "军人": 1, "出身": 1, "习惯": 1, "喜欢": 2, "规则": 1, "行事": 1, "好人": 2, "卡": 1, "枚": 1, "坏话": 1, "经验": 1, "杰出": 1, "领袖": 2, "传奇": 1, "复制": 1, "性格": 1, "截然不同": 1, "谈": 1, "矛盾": 2, "冲突": 1, "事实上": 1, "惹毛": 1, "舆论": 1, "不利": 1, "产量": 1, "当即": 1, "评价": 1, "早已": 1, "言论": 1, "吼出": 1, "这两天": 1, "头条": 1, "不用": 2, "30多": 1, "路": 2, "长": 1, "段": 1, "大有可为": 1, "2014年": 1, "3": 1, "岁": 1, "不同凡俗": 1, "一家": 5, "刚刚": 1, "创业": 1, "零": 1, "起步": 1, "三年": 1, "世界": 1, "第三": 1, "一点": 1, "无比": 1, "自豪": 1, "世界级": 1, "平台": 2, "模式": 6, "成本": 1, "硬件": 5, "架构": 1, "提炼": 1, "铁人": 1, "零售": 2, "版块": 3, "电视": 1, "外部": 1, "MIUI": 1, "互娱": 1, "金融": 1, "影业": 1, "商城": 1, "全网": 1, "米家有品": 1, "占据": 1, "入口": 2, "还要": 1, "占领": 1, "家居": 2, "强项": 1, "人工": 1, "通讯": 2, "基础": 1, "设施": 1, "忘": 1, "几十": 1, "管道": 1, "也许": 1, "原始人": 1, "独大": 2, "再有": 1, "好几": 1, "差距": 1, "姿态": 1, "正确": 1, "好不": 1, "归根结底": 1, "脚": 1, "投票": 1, "谁家": 2, "陷": 1, "口舌之争": 1, "精力": 1, "前提": 2, "系列": 1, "放下": 1, "拘泥": 1, "1999": 1, "厚道": 1, "运作": 2, "大有": 1, "前途": 1, "痛苦": 2, "别人": 1, "战略": 1, "覆盖": 1, "80多": 1, "国家": 1, "地区": 1, "脚步": 1, "快": 1, "赶紧": 1, "抢": 1, "地盘": 1, "这才": 1, "内部": 3, "消化": 1, "主力": 1, "王道": 1, "有利于": 1, "日子": 1, "知识": 1, "问答": 1, "社区": 1, "账号": 3, "登陆": 1, "团队": 1, "打理": 1, "就算": 1, "要紧": 1, "未必": 1, "矮化": 1, "节目": 1, "死": 1, "才能": 1, "长远": 1, "顺境": 1, "逆境": 1, "得失": 1, "喜怒": 1, "什么的": 1}