{"不得不": 1, "各家": 1, "手机": 3, "厂商": 2, "相继": 1, "取消": 1, "3.5": 1, "耳机": 16, "孔": 1, "无线": 11, "聆听": 1, "风潮": 1, "兴起": 1, "升温": 1, "越来越": 1, "阵营": 2, "讲真": 1, "安卓": 3, "体验": 14, "做好": 1, "华为": 43, "FreeBuds": 2, "系列": 2, "称": 1, "翘楚": 1, "第一": 1, "产品": 1, "拥有": 6, "不俗": 1, "前沿": 1, "科技": 1, "带来": 6, "骨声纹": 1, "独家": 1, "技术": 2, "最新": 1, "推出": 1, "FreeBuds3": 35, "自研": 3, "麒麟A": 3, "1": 3, "芯片": 3, "绝佳": 1, "上市": 1, "人气": 1, "颇": 1, "备受": 1, "消费者": 1, "追捧": 1, "款": 4, "1199": 1, "元": 1, "表现": 1, "：": 5, "快速": 1, "配对": 3, "延迟": 5, "音质": 2, "出色": 1, "诸多": 1, "惊喜": 4, "FreeBuds3配": 1, "简单": 1, "首次": 1, "连接": 3, "再次": 1, "开盖": 1, "即可": 2, "自动": 1, "不用": 2, "单独": 1, "蓝牙": 1, "智慧": 3, "生活": 2, "APP": 2, "定义": 1, "双击": 2, "功能": 9, "右耳机": 1, "播放": 3, "/": 1, "暂停": 1, "操作": 1, "轻松": 2, "切歌": 1, "聊": 2, "过程": 1, "一点": 3, "不少": 1, "玩": 4, "游戏": 6, "声音": 6, "画面": 2, "同步": 3, "情况": 1, "感受": 1, "王者": 1, "荣耀": 1, "和平": 1, "精英": 1, "流行": 3, "放大招": 1, "按键": 1, "听到": 1, "特效": 1, "吃": 1, "鸡": 1, "开枪": 1, "立刻": 1, "传来": 1, "开火声": 1, "水平": 1, "采用": 4, "通道": 1, "传输": 3, "提升": 1, "稳定性": 2, "低延": 2, "迟": 1, "后者": 1, "信号": 3, "独立": 1, "减少": 1, "干扰": 1, "软硬件": 1, "才": 1, "流畅": 2, "14": 2, "毫米": 2, "大动圈": 1, "定制": 1, "专属": 1, "声学": 2, "器件": 1, "独创": 1, "结构": 1, "设计": 9, "音效": 1, "很": 7, "棒": 2, "听感": 1, "听": 4, "风格": 1, "歌曲": 1, "感觉": 1, "中频": 1, "人声": 1, "密度": 1, "不错": 2, "细节": 1, "呈现": 1, "；": 2, "低频": 1, "饱满": 1, "富有": 1, "弹性": 1, "带感": 1, "喜欢": 1, "民谣": 1, "、": 9, "音乐": 2, "摇滚": 1, "都": 2, "竟": 1, "主动": 5, "降噪": 10, "情景": 2, "播报": 3, "半": 1, "开放式": 1, "解决": 1, "传统": 1, "闷塞感": 1, "听诊器": 1, "效应": 1, "难": 1, "联想": 1, "真实": 1, "耳道": 2, "模型": 1, "模拟": 1, "最终": 1, "生成": 1, "9": 1, "参数": 1, "利用": 1, "反向": 1, "抵消": 1, "外部": 1, "噪声": 1, "适用于": 1, "年龄": 1, "性别": 1, "耳朵": 2, "尺寸": 1, "佩戴": 6, "习惯": 1, "开启": 2, "调整": 2, "想要": 1, "效果": 4, "步骤": 1, "超级": 1, "带": 1, "室外": 1, "通勤": 1, "以往": 1, "铁轨": 1, "引擎": 1, "心烦意乱": 1, "噪音": 2, "瞬间": 1, "消失": 1, "地铁": 1, "广播": 1, "站声": 1, "单纯": 1, "过滤": 2, "选择": 1, "环境": 1, "项": 1, "贴心": 1, "值得": 2, "智能": 1, "出行": 1, "航班": 3, "高铁": 4, "信息": 2, "机场": 1, "提前": 2, "打发": 1, "时间": 2, "错过": 1, "登机": 1, "乘坐": 1, "列车": 1, "告知": 1, "动态": 1, "耽误": 1, "行程": 1, "外观": 4, "时尚": 2, "轻巧": 1, "舒适": 2, "充电盒": 1, "造型": 2, "小巧": 2, "圆形": 1, "平衡感": 1, "大方": 1, "机身": 2, "放": 1, "进口袋": 1, "随身": 1, "携带": 1, "便携性": 1, "海豚": 4, "灵感": 1, "仿生": 2, "模仿": 1, "头部": 1, "圆滑": 1, "曲线": 1, "如此一来": 1, "简约": 1, "圆润": 2, "美观": 1, "契合人": 1, "轮廓": 1, "极为": 1, "稳固": 1, "实测": 1, "戴": 1, "快": 1, "走": 1, "跑步": 1, "掉落": 1, "点赞": 1, "得益": 1, "FreeBuds3长": 1, "挤压": 1, "难受": 1, "无感": 1, "入耳式": 1, "媲美": 1, "底部": 1, "充电": 4, "接口": 1, "Type-C": 1, "正反": 1, "随便": 1, "插": 1, "笔者": 1, "更为": 1, "放置": 1, "底座": 1, "繁琐": 1, "或许": 2, "买": 1, "超低": 1, "超爽": 1, "兼顾": 1, "半入": 1, "耳式": 1, "给力": 1, "加上": 1, "快充": 1, "线圈": 1, "入手": 1, "好用": 1, "想": 1, "不二之选": 1, "11月": 1, "11日": 1, "体验店": 2, "商城": 1, "电商": 1, "平台": 1, "开售": 1, "心动": 1, "朋友": 1, "线下": 1, "亲自": 1, "一番": 1, "下单": 1}