{"刚刚": 1, "华为": 145, "成都": 1, "正式": 1, "发布": 3, "主打": 2, "性价比": 1, "中端": 5, "机型": 4, "麦芒8": 15, "究竟": 2, "麦芒": 3, "8能": 1, "用户": 4, "感到": 1, "满意": 1, "笔者": 7, "第一时间": 1, "拿到": 1, "简单": 2, "上手": 2, "款": 3, "手机": 10, "优缺点": 1, "外观": 3, "太": 4, "惊喜": 2, "庆幸": 1, "采用": 2, "水滴屏": 1, "设计": 5, "拥有": 2, "超高": 1, "屏占比": 1, "表现": 2, "中规中矩": 2, "控制": 1, "成本": 2, "妥协": 1, "平时": 1, "喜欢": 1, "视频": 5, "屏占": 1, "够用": 4, "8": 2, "相机": 2, "良心": 1, "后置": 1, "2400万": 1, "+": 2, "1600万": 1, "200万": 1, "像素": 2, "三": 1, "摄像头": 2, "当下": 1, "主流": 1, "4800万": 1, "该机": 1, "拍照": 1, "体验": 5, "光线": 1, "充足": 1, "条件": 1, "白": 1, "平衡": 1, "算": 1, "出色": 2, "夜拍": 1, "模式": 1, "画面": 1, "纯": 1, "净度": 1, "卖点": 1, "遗憾": 2, "性能": 4, "保守": 1, "搭载": 2, "麒麟": 5, "710": 4, "处理器": 6, "市场": 5, "出镜率": 1, "2018年": 1, "2019年": 4, "上半年": 1, "都": 27, "落后": 1, "整体": 1, "惊艳": 1, "东西": 2, "竞争": 3, "激烈": 1, "行业": 4, "当中": 1, "竞争力": 2, "压力": 1, "值得": 1, "入手": 1, "对此": 2, "看法": 4, "说出": 1, "讨论": 3, "少年": 18, "智则": 2, "国智": 2, "强则": 2, "国强": 2, "热搜榜": 1, "常客": 1, "封杀": 1, "退出": 1, "次兵": 1, "挡": 1, "水来土掩": 1, "化解": 2, "拍手称赞": 1, "六一": 1, "儿童节": 1, "名": 1, "悟空": 5, "瞬间": 1, "刷爆": 1, "朋友圈": 1, "当初": 5, "曝光": 3, "操作": 1, "系统": 6, "鸿蒙": 5, "初": 1, "辟": 1, "姓": 1, "打破": 2, "顽空": 1, "变得": 2, "妇孺皆知": 1, "这次": 2, "真的": 2, "电影": 2, "开场": 1, "拉回": 1, "1990年": 2, "熟悉": 2, "收音机": 2, "电流声": 1, "掺杂": 1, "背景": 2, "一个": 8, "男孩": 4, "父亲": 3, "追": 1, "屋": 1, "电视": 2, "播放": 1, "大闹": 3, "天宫": 3, "省吃俭用": 1, "攒钱": 1, "买": 3, "支": 1, "钢笔": 2, "电影票": 2, "最终": 3, "板凳": 1, "揍": 1, "最爱": 1, "孙悟空": 2, "摔碎": 1, "妈妈": 1, "：": 15, "动画片": 1, "放": 1, "为啥": 2, "城里": 4, "多久": 3, "坐": 3, "拖拉机": 1, "时间": 5, "发言": 1, "很": 11, "听": 2, "芯片": 16, "研发": 4, "费钱": 1, "发达国家": 1, "如今": 6, "夜": 1, "转正": 1, "快": 1, "电影院": 1, "抄": 1, "近道": 1, "偷偷": 1, "带": 1, "粗糙": 1, "工具": 1, "金箍": 1, "踏": 1, "征程": 1, "空": 2, "一腔热血": 1, "实则": 1, "一无所知": 1, "刚": 1, "出发": 2, "山坡": 1, "滚落": 1, "摔晕": 1, "狼狈不堪": 1, "无路可走": 1, "山": 1, "迷失": 1, "方向": 1, "暗处": 1, "飞禽走兽": 1, "虎视眈眈": 1, "危机四伏": 1, "经验": 1, "蛇": 3, "咬": 2, "口": 1, "害怕": 1, "疼痛": 1, "嘶吼": 1, "天天": 1, "不灵": 1, "吸出血": 1, "找": 1, "草药": 1, "敷好": 1, "、": 43, "包扎": 1, "原本": 1, "瘦弱": 1, "慢慢": 1, "改变": 1, "毕竟": 1, "面前": 2, "条": 4, "路": 3, "拼命": 1, "活着": 1, "等死": 1, "自然": 1, "选择": 5, "第一": 2, "还要": 1, "杀死": 1, "逼": 1, "一步步": 1, "强大": 7, "连鱼": 1, "抓": 1, "轻松": 1, "爬上": 1, "大树": 1, "掏": 1, "鸟蛋": 1, "吃": 1, "稳": 1, "狠": 1, "叉鱼": 1, "恐惧": 1, "食物": 1, "变强": 1, "过程": 1, "高管": 1, "接受": 3, "采访": 3, "世界": 6, "审查": 1, "评估": 1, "最多": 1, "公司": 20, "这是": 1, "优势": 4, "试图": 1, "毁灭": 1, "反而": 1, "造就": 1, "身经百战": 1, "惧怕": 1, "踩": 1, "脚下": 1, "美国": 8, "旧调重弹": 1, "指责": 1, "抄袭": 1, "堂堂正正": 1, "偷": 1, "技术": 15, "一路": 4, "向前": 1, "丢弃": 1, "回家": 1, "钥匙": 1, "接收": 1, "外界": 1, "信息": 2, "代表": 1, "闹钟": 2, "终于": 1, "马路": 2, "路上": 1, "停": 1, "辆": 1, "车": 1, "旁边": 2, "站": 2, "不见": 1, "脸": 1, "后背": 1, "写": 2, "大字": 1, "妖精": 5, "导演": 3, "给出": 2, "答案": 3, "奇怪": 1, "衣服": 2, "卡车": 1, "模样": 1, "便车": 2, "飞速": 1, "奔向": 1, "影院": 1, "想想": 1, "经历": 3, "不难": 1, "搭": 1, "所有人": 1, "马上": 1, "迎来": 1, "美好": 1, "大结局": 1, "披荆斩棘": 1, "拒之门外": 1, "几十": 1, "年前": 2, "影城": 1, "中时": 1, "屏幕": 3, "刚好": 1, "预告": 1, "老": 2, "孙": 1, "身披金甲": 1, "齐天大圣": 1, "；": 6, "蓬头垢面": 1, "乞丐": 1, "梦想": 2, "远": 1, "足够": 1, "现代化": 1, "手足无措": 1, "独自": 1, "风雨": 1, "无依无靠": 1, "瑟瑟": 1, "发抖": 1, "自以为是": 1, "努力": 1, "不堪": 1, "回头": 1, "满头": 1, "白发": 1, "步履蹒跚": 1, "父母": 1, "印": 1, "儿子": 2, "照片": 1, "寻找": 2, "母亲": 1, "伸出": 1, "手": 1, "喊": 1, "少年一脸": 1, "茫然": 1, "也许": 4, "身亡": 1, "幻想": 1, "心怀": 1, "老去": 1, "一无所获": 1, "一点": 2, "励志": 1, "不知": 1, "镜头": 2, "定格": 1, "落入": 1, "水中": 1, "许久": 1, "秒针": 1, "倒退": 1, "提示": 1, "返回": 1, "离家": 1, "恰好": 1, "一句话": 2, "中华": 1, "崛起": 1, "读书": 1, "记得": 1, "任正非": 2, "动情": 1, "禁芯片": 1, "备用": 1, "禁安卓": 1, "禁SD卡": 1, "影响": 5, "……": 1, "份": 4, "背后": 1, "计": 2, "腔": 1, "孤勇": 1, "情怀": 1, "大门": 1, "段": 4, "感慨": 1, "可敬": 1, "一家": 2, "硬": 1, "扛": 1, "国家": 8, "打击": 1, "可怜": 1, "跟上": 1, "步伐": 1, "队友": 1, "发生": 2, "事情": 3, "开头": 1, "提到": 1, "顽冥": 1, "员工": 1, "IEEE": 1, "发表": 1, "解除": 1, "声明": 2, "瞩目": 1, "英国": 1, "首场": 1, "5G": 13, "直播": 1, "设备": 2, "墨西哥": 1, "外长": 1, "访谈": 1, "社交": 1, "账号": 1, "发": 1, "自拍": 1, "有趣": 1, "再次": 1, "证明": 1, "蔡成杰": 1, "短短": 1, "八": 1, "字": 1, "回到": 2, "最初": 2, "未来": 1, "早已": 1, "大圣": 1, "无数": 2, "傲立于世": 1, "有勇有谋": 1, "热血": 1, "亦": 1, "才学": 1, "中国": 22, "千古": 1, "横": 1, "八荒": 1, "前途": 1, "海": 1, "来日方长": 1, "美": 1, "！": 9, "壮": 1, "国": 1, "无疆": 1, "正是": 1, "想": 2, "告诉": 1, "本期": 1, "推广": 1, "濮阳市": 1, "妇联": 1, "中午": 1, "@": 5, "邮政": 15, "官宣": 2, "结为": 1, "战略": 4, "合作": 19, "伙伴": 3, "消息": 6, "一发": 1, "热搜": 1, "媒体": 3, "网友": 9, "纷纷": 2, "转载": 2, "下午": 2, "扬帆": 1, "起航": 1, "配": 1, "寓意": 1, "图片": 2, "回应": 2, "转发": 1, "称": 2, "水平": 2, "深层次": 2, "宽": 2, "领域": 7, "客户": 4, "带来": 2, "更新": 2, "价值": 2, "优质": 2, "服务": 2, "6月": 1, "5日": 1, "集团公司": 1, "签署": 1, "协议": 3, "基于": 1, "核心": 3, "建立": 1, "关系": 5, "互补": 4, "资源": 2, "共享": 1, "金融": 3, "业务": 18, "科技": 5, "创新": 3, "寄递": 2, "物流": 3, "人才": 2, "培养": 1, "发展": 6, "分布式": 1, "架构": 1, "咨询": 1, "规划": 1, "智慧": 3, "园区": 1, "云计算": 1, "大数据": 1, "SDN": 1, "敏捷": 2, "网络": 4, "网点": 1, "转型": 3, "绿色": 1, "节能": 1, "数据": 3, "中心": 2, "分支": 1, "前瞻性": 1, "课题": 1, "研究": 1, "探索": 1, "ICT": 2, "邮务": 1, "三大": 1, "板块": 1, "数字化": 2, "▲": 1, "集团": 2, "董事长": 2, "刘爱力": 1, "总经理": 1, "张金良": 1, "轮值": 1, "徐": 1, "直军": 1, "出席": 1, "签约": 2, "仪式": 1, "文章": 2, "指出": 1, "渠道": 1, "此前": 2, "培训": 1, "此次": 1, "强强联合": 1, "有利于": 1, "地位": 1, "内容": 1, "联合": 4, "成立": 3, "邮政·华": 1, "实验室": 1, "储蓄": 2, "银行": 2, "·": 1, "第四": 1, "工业": 1, "革命": 1, "悄然": 1, "来临": 1, "面对": 1, "历史": 1, "机遇": 1, "挑战": 1, "依托": 1, "机制": 1, "进一步": 1, "深化": 1, "全方位": 1, "迈向": 1, "成功": 3, "评论": 3, "亮": 1, "关键": 2, "时刻": 1, "自家人": 1, "靠谱": 1, "联手": 1, "沸腾": 1, "来源": 2, "综合": 1, "青年报": 1, "责任": 1, "编辑": 1, "邢宇": 1, "支持": 6, "请": 2, "点赞": 1, "功能": 1, "↓↓↓": 1, "传言": 1, "海底": 8, "光缆": 7, "出售": 6, "很多": 12, "理解": 2, "真相": 3, "扑簌迷离": 1, "我国": 1, "通信": 3, "涉及": 1, "包括": 4, "全球": 7, "知名": 1, "参与": 1, "四": 1, "排名": 1, "计划": 1, "打算": 1, "占据": 1, "海洋": 2, "百分之五十一": 1, "股份": 3, "利润": 1, "企业": 4, "不可估量": 1, "这项": 1, "重要性": 1, "拓展": 1, "想必": 1, "购买": 1, "这家": 2, "原因": 2, "举动": 1, "利益": 2, "最大化": 1, "角度": 1, "件": 1, "意义": 1, "肯定": 2, "轻易": 1, "放手": 1, "报道": 2, "项目": 2, "亨通": 1, "光电": 1, "愉快": 1, "两点": 1, "起码": 1, "保证": 1, "做出": 1, "只能": 1, "猜测": 1, "一二": 1, "好奇": 1, "现状": 1, "缺": 1, "钱": 2, "上市": 1, "卖": 1, "融资": 1, "重心": 1, "才能": 1, "高度": 1, "关注": 2, "担心": 2, "忧心": 1, "安抚": 1, "内心": 1, "猜": 1, "透": 1, "希望": 1, "困难": 1, "一一": 1, "打压": 1, "事件": 1, "期待": 2, "意见": 1, "下方": 1, "留下": 1, "观点": 1, "点击": 1, "右上角": 1, "头像": 1, "小编": 1, "获取": 1, "建设": 1, "国内": 4, "关心": 1, "重点": 1, "顶尖": 1, "通讯": 1, "承载": 1, "国人": 1, "公平": 3, "机会": 1, "去年": 1, "订单": 5, "争夺战": 1, "扣上": 1, "威胁": 1, "帽子": 1, "随后": 1, "澳大利亚": 1, "日本": 1, "印度": 1, "放弃": 3, "好在": 2, "利用": 1, "实力": 1, "诸多": 1, "欧洲": 1, "青睐": 1, "五": 1, "眼": 1, "同盟": 1, "住": 1, "发挥": 1, "稳扎稳打": 1, "中东": 1, "东南亚": 1, "非洲": 1, "数量": 1, "领跑": 1, "厂商": 3, "六月": 1, "四号": 1, "诺基亚": 7, "董事": 1, "Federico": 2, "Guillen": 2, "对外": 2, "超过": 1, "关系部": 1, "总裁": 1, "吸引": 1, "买家": 1, "总量": 1, "提升": 1, "42": 1, "超越": 1, "美国商务部": 1, "列入": 1, "管制": 2, "实体名单": 1, "推测": 1, "至少": 1, "33": 1, "供应": 1, "商会": 1, "断绝": 1, "危难": 1, "之际": 1, "趁机": 1, "抢": 1, "生意": 1, "外媒": 1, "相关": 1, "显示": 1, "敲定": 1, "40": 1, "商业": 2, "巨头": 4, "爱立信": 1, "公开": 2, "宣称": 1, "19": 1, "合同": 1, "格局": 1, "洗牌": 1, "三足鼎立": 1, "局面": 1, "崩坏": 1, "上演": 1, "双雄": 1, "争霸": 1, "好戏": 1, "来讲": 1, "对手": 1, "政府": 1, "拿出": 1, "应急": 1, "策略": 1, "方案": 1, "实施": 1, "短期": 3, "内": 3, "生产": 2, "销售": 1, "情况": 2, "持续": 1, "不必": 1, "赶超": 1, "标准": 1, "专利": 1, "始终": 1, "话语权": 1, "加持": 1, "调整": 1, "订单量": 1, "反超": 1, "笑": 1, "国际": 1, "承受": 1, "诋毁": 1, "攀附": 1, "美方": 1, "撇清": 1, "违背": 1, "依据": 1, "原则": 1, "断供": 4, "不乏": 1, "头部": 1, "微软": 1, "谷歌": 3, "intel": 1, "高通": 2, "实锤": 1, "安卓": 3, "覆盖率": 1, "超": 1, "七成": 1, "平板": 1, "配置": 1, "难": 3, "重围": 1, "ARM": 1, "紧随": 1, "其后": 1, "熬": 1, "封锁": 1, "或许": 1, "倒下": 1, "团队": 1, "底蕴": 1, "摧毁": 1, "来得": 1, "突如其来": 1, "措手不及": 1, "早": 1, "命运": 1, "手里": 1, "无需": 1, "别人": 1, "脸色": 1, "麒麟985": 1, "工作": 2, "mate30": 2, "发布会": 2, "搁浅": 1, "自研": 1, "亮相": 1, "开源": 1, "口碑": 1, "超出": 1, "预期": 1, "留给": 1, "无尽": 1, "后悔": 1, "可谓": 2, "雪中送炭": 2, "吃下": 1, "定心丸": 1, "代工厂": 3, "台积电": 11, "覆盖": 1, "90%": 1, "代工": 4, "台湾": 1, "海思": 2, "高端": 1, "交付": 1, "术业": 1, "专攻": 1, "精密": 1, "光刻机": 2, "最为": 1, "先进": 1, "意味着": 1, "苹果": 1, "离开": 1, "之间": 2, "禁令": 1, "算是": 2, "渡过": 1, "难关": 1, "重中之重": 1, "第二": 2, "伟创力": 1, "终止": 1, "依然": 1, "找到": 2, "富士康": 1, "量产": 1, "这时候": 1, "一席话": 1, "棘手": 1, "扭转": 1, "局势": 1, "兑现": 1, "承认": 1, "反击": 1, "送上": 2, "筹码": 1, "祝福": 1, "小米": 2, "智能": 1, "行车": 1, "记录仪": 1, "上海思": 1, "助力华": 1, "前嫌": 1, "重修于": 1, "思想": 1, "统一": 1, "360": 1, "挺身而出": 1, "团结一心": 1, "方式": 1, "声援": 1, "力量": 1, "后续": 1, "适配": 1, "前期": 1, "佳": 1, "留言": 1, "未经": 1, "许可": 1, "禁止": 1, "平台": 1, "网站": 1, "推哥": 1, "原创": 1, "源于": 1, "侵权": 1, "作者": 1}