{"如果说": 1, "芯片": 1, "手机": 9, "大脑": 1, "系统": 19, "无疑": 1, "心脏": 1, "强大": 2, "优秀": 1, "APP": 1, "都": 15, "发挥": 1, "作用": 1, "如今": 3, "市场": 1, "知名": 1, "安卓": 15, "苹果": 2, "公司": 4, "IOS": 5, "研且": 1, "独有": 1, "面向": 1, "世界": 1, "手机商": 2, "全球": 1, "很多": 10, "品牌": 1, "2019年": 2, "收费": 3, "华为": 29, "自研": 4, "脚步": 2, "从未": 1, "停止": 1, "赶快": 1, "告知": 1, "朋友": 1, "早先": 1, "很": 2, "差别": 1, "iphone": 3, "行业": 2, "功能": 1, "流畅度": 1, "出色": 1, "原因": 1, "改良": 1, "一点": 1, "差": 1, "能力": 1, "预算": 1, "用户": 5, "选择": 2, "有用": 1, "习惯": 2, "国产机": 2, "标准": 1, "中国": 2, "设计": 2, "交": 1, "专利费": 1, "近日": 1, "将要": 2, "消息": 5, "传出": 1, "第三": 1, "季度": 1, "统一": 1, "收取": 1, "费用": 1, "国内": 1, "国产": 1, "就算": 2, "力度": 1, "成本": 1, "就要": 2, "影响": 1, "舒服": 1, "大部分": 1, "状态": 1, "难": 1, "早": 1, "想到": 1, "归功": 1, "任正非": 3, "别人": 1, "卡脖子": 1, "不曾": 1, "停下": 1, "life": 1, "OS": 1, "早前": 1, "开发": 1, "智能": 1, "手表": 1, "算": 1, "完美": 1, "改进": 1, "这次": 2, "抓紧": 1, "进度": 1, "早日": 1, "打造": 1, "<": 1, "转发": 1, "点赞": 1, "年薪": 1, "百万": 1, "！": 1, ">": 1, "对此": 1, "想法": 1, "打脸": 3, "成性": 1, "国家": 12, "支持": 4, "拒绝": 5, "竟": 1, "送": 1, "175亿": 2, "订单": 6, "马上": 1, "迎来": 1, "5G": 6, "时代": 2, "想必": 1, "开心": 2, "件": 4, "事情": 4, "小伙伴儿": 1, "4G": 2, "速度": 1, "依旧": 1, "一个": 4, "定局": 1, "竞争": 1, "网络": 1, "算是": 2, "笔": 1, "拿下": 2, "肯定": 1, "名": 1, "名气": 1, "带来": 2, "发展": 1, "负责人": 1, "争夺": 1, "当中": 2, "20多": 1, "刚": 1, "反对": 1, "比如说": 2, "法国": 1, "德国": 1, "美国": 1, "合作": 11, "纷纷": 2, "跟风": 1, "努力": 1, "证明": 1, "实力": 1, "所以说": 2, "过头": 2, "签订": 2, "不乏": 1, "英国": 7, "发出": 1, "声明": 1, "唯一": 1, "供应商": 1, "义气": 1, "段": 1, "时间": 1, "意大利": 1, "测速": 1, "成功": 1, "俄罗斯": 1, "想要": 1, "真的": 1, "一家": 1, "人民币": 1, "做法": 1, "惊讶": 1, "毕竟": 1, "态度": 1, "回头": 1, "代表": 1, "看好": 1, "才": 1, "越来越": 1, "希望": 1}