{"强大": 1, "资金": 1, "支撑": 1, "创新": 1, "技术": 1, "积累": 1, "华为": 10, "手机": 1, "处于": 1, "高速": 1, "发展": 1, "道路": 1, "不仅仅": 1, "三星": 1, "苹果": 1, "都": 5, "忽视": 1, "强敌": 1, "OPPO": 1, "小米": 1, "友商": 1, "学习": 1, "榜样": 1, "余承东": 1, "致力于": 1, "打造": 1, "全球": 1, "顶级": 1, "供应商": 1, "目标": 1, "一步步": 1, "回来": 1, "机海": 2, "战术": 2, "背景": 1, "产品": 2, "交替": 2, "之中": 1, "处境": 1, "变得": 2, "尴尬": 1, "P30Pro": 8, "夜": 1, "沦为": 1, "退场价": 1, "网友": 2, "吐槽": 2, "Mate30": 5, "一针见血": 2, "P系列": 1, "高端机": 2, "组成部分": 1, "扮演": 1, "角色": 1, "新一代": 1, "旗舰": 2, "无论是": 2, "硬件": 1, "配置": 1, "颜值": 1, "打磨": 1, "到位": 1, "DXO": 1, "排行榜": 1, "冠军": 1, "拥有": 1, "徕卡": 1, "认证": 1, "三": 1, "摄模组": 1, "表现": 2, "优秀": 1, "照片": 1, "解析力": 1, "白天": 1, "光线": 1, "充足": 1, "情况": 1, "物体": 1, "色彩": 1, "还原": 1, "精准": 1, "弱光场": 1, "景观感": 1, "依旧": 1, "妥妥": 2, "4200": 1, "毫安": 1, "电池": 1, "符合": 2, "长续航": 1, "40": 1, "W有线": 1, "10W": 1, "无线": 1, "充电": 1, "功能": 1, "加持": 1, "大部分": 1, "花粉": 1, "期待": 1, "率先": 1, "运行": 1, "基于": 1, "AndroidQ": 1, "深度": 1, "定制": 1, "EMUI10": 1, "系统": 1, "麒麟": 1, "980": 1, "处理器": 1, "协同": 1, "能力": 1, "组合": 1, "性能": 1, "回落": 1, "第二": 1, "梯队": 1, "应对": 1, "王者": 1, "荣耀": 1, "、": 3, "和平": 1, "精英": 1, "游戏": 1, "帧率": 1, "稳定性": 1, "体验": 1, "程序": 1, "太": 1, "压力": 2, "；": 1, "配备": 1, "一块": 1, "6.39": 1, "英寸": 1, "全视": 1, "觉曲": 1, "面屏": 1, "视觉": 1, "冲击力": 1, "挺": 1, "震撼": 1, "玻璃": 1, "后壳": 1, "铝": 1, "中框": 1, "紧密": 1, "提": 1, "贴合": 1, "舒适": 1, "握持感": 1, "生活": 1, "防水": 1, "防尘": 1, "综合": 1, "整体": 1, "可圈可点": 1, "最初": 1, "卖": 1, "5388": 1, "元": 2, "出货量": 1, "突破": 1, "两千万": 1, "台": 1, "吸引力": 1, "挺足": 1, "市场": 1, "竞争": 1, "进一步": 1, "加剧": 1, "价位": 2, "跌至": 1, "最低": 1, "4288": 1, "幅度": 1, "很": 1, "良心": 1, "买": 1, "早": 1, "了却": 1, "三月份": 1, "发布": 1, "到站": 1, "算": 1, "旧款": 1, "加上": 1, "降": 2, "角度": 1, "降维": 1, "打击": 1, "具备": 1, "5G": 1, "网络": 1, "前提": 1, "拍照": 1, "屏幕": 1, "给力": 1, "难堪": 1, "笔者": 1, "旧": 1, "现象": 1, "实行": 1, "重叠": 1, "确实": 1, "有人": 1, "抱怨": 1, "理解": 1}