{"华为": 242, "再次": 1, "世界": 6, "关注": 3, "焦点": 1, "数据": 14, "来源": 10, "：": 53, "新华": 4, "睿思": 4, "云图": 4, "分析": 6, "平台": 5, "当地": 4, "时间": 12, "5月": 21, "15日": 3, "美国": 54, "实施": 1, "出口": 1, "管制": 2, "涉华": 1, "舆情": 3, "持续": 4, "走高": 1, "17日": 2, "海思": 4, "总裁": 3, "员工": 2, "内部": 3, "信使": 1, "高潮": 1, "；": 7, "21日": 4, "创始人": 4, "、": 94, "CEO": 4, "任正非": 18, "深圳": 2, "总部": 3, "接受": 7, "媒体": 5, "采访": 6, "近期": 1, "峰值": 1, "显示": 7, "网民": 12, "情绪": 7, "封锁": 4, "硬气": 1, "回应": 5, "变化": 1, "美国商务部": 2, "工业": 1, "安全局": 1, "BIS": 1, "列入": 6, "实体": 2, "清单": 2, "前景": 1, "担忧": 4, "何庭波": 1, "封": 1, "发布": 9, "降低": 1, "点赞": 6, "支持": 12, "19日": 1, "谷歌": 19, "英特尔": 7, "高通": 5, "博通": 3, "公司": 20, "暂停": 4, "提供": 4, "技术": 18, "服务": 6, "供货": 4, "再度": 1, "升温": 2, "理性": 1, "淡定": 2, "从容": 2, "转为": 1, "血性": 2, "实力": 4, "底气": 6, "感动": 3, "纷纷": 7, "加油": 3, "鼓劲": 1, "留言": 9, "@": 11, "THE": 1, "视点": 1, "海纳百川": 1, "居安思危": 3, "负": 1, "芳华": 1, "奋力而为": 1, "刘晓敏": 1, "才": 5, "！": 22, "姜嗨嗨": 1, "科技": 10, "自立": 1, "消防·蓝": 1, "朋友": 3, "中国": 28, "企业": 21, "诸葛琦琦": 1, "ZZJJTT": 1, "自豪": 1, "01:12": 1, "记者会": 1, "十大": 1, "热句": 1, "腾讯": 3, "指数": 2, "传播": 1, "处在": 1, "霸凌": 2, "围堵": 2, "处变不惊": 2, "坚挺": 1, "凸显": 1, "团队": 2, "经济": 2, "成熟": 2, "韧性": 1, "B-Plan": 1, "患": 1, "天天": 1, "思考": 1, "都": 19, "失败": 3, "成功": 4, "视而不见": 1, "荣誉感": 1, "自豪感": 1, "危机感": 1, "这是": 6, "心声": 1, "危机": 1, "意识": 3, "正是": 1, "一次次": 2, "经受": 1, "住": 1, "考验": 2, "发出": 1, "禁令": 6, "芯片": 21, "备胎": 5, "夜": 2, "转正": 2, "高端": 2, "产品": 9, "5G": 9, "领域": 3, "影响": 5, "包括": 6, "在内": 5, "关键": 5, "零部件": 4, "量产": 1, "能力": 5, "美方": 3, "断供": 4, "导致": 2, "负增长": 1, "未雨绸缪": 4, "有备": 1, "无患": 1, "无备": 1, "必定": 1, "遭殃": 4, "2018年": 6, "研发": 17, "成本": 1, "专利": 3, "数量": 2, "投资": 2, "控股": 2, "有限": 2, "年度": 2, "报告": 3, "内功": 1, "沉着": 1, "应对": 4, "至暗": 3, "时刻": 3, "创新": 18, "重视": 1, "标签": 1, "别人": 2, "两三": 1, "肯定": 4, "追": 1, "来源于": 3, "遍布": 1, "全球": 14, "坚守": 1, "持续性": 1, "巨额": 1, "投入": 5, "创造": 4, "执念": 1, "一以贯之": 1, "‘": 3, "’": 3, "丰厚": 1, "积累": 2, "自主": 6, "构建": 1, "竞争力": 1, "博弈": 1, "空间": 1, "数字": 1, "代表": 2, "地区": 2, "全年": 1, "销售": 6, "收入": 2, "占": 2, "当年": 1, "广交友": 1, "孤家寡人": 1, "广交": 1, "天下": 1, "人类": 3, "深度": 1, "广度": 1, "值得": 3, "学习": 1, "轻易": 1, "狭隘": 4, "排除": 1, "成长": 1, "ALvaroMorata": 1, "30年": 1, "一个": 13, "开放": 6, "群体": 1, "始终": 5, "停止": 7, "小狮子": 1, "变频": 1, "宝宝": 1, "群访": 1, "全文": 1, "感觉": 1, "民族主义者": 1, "优先": 1, "口号": 1, "到处": 1, "搞": 2, "封杀": 2, "就要": 1, "站": 1, "命运": 1, "共同体": 1, "高度": 1, "call-me": 1, "永远": 2, "改": 1, "昵称": 1, "厉害": 1, "赞叹": 1, "相较于": 1, "政府": 9, "产业链": 1, "价值链": 1, "无视": 1, "破坏": 1, "格局": 2, "视野": 1, "胸怀": 2, "彰显": 1, "企业家": 1, "精神": 2, "气质": 1, "此番": 1, "展现": 2, "合作": 9, "共赢": 1, "核心": 8, "价值观": 1, "市场": 15, "参与": 1, "竞争": 2, "利用": 5, "人才": 2, "国际": 2, "环境": 2, "磨炼": 1, "力量": 1, "挑战": 2, "得道多助失道寡助": 1, "领先": 4, "出手": 1, "视频": 4, "新华网": 2, "韧": 1, "终": 1, "玉汝于成": 2, "坚韧": 2, "意志": 1, "华为人": 1, "耐力": 1, "辉煌": 1, "1987年": 1, "注册": 11, "成立": 1, "1992年": 1, "首次": 1, "出国": 1, "美": 3, "取经": 1, "如今": 5, "赛场": 1, "力争": 1, "历经": 2, "风雨": 1, "国际化": 1, "道路": 2, "思科": 1, "摩托罗拉": 1, "三星": 1, "场": 2, "诉讼": 1, "直至": 1, "艰难": 2, "挫折": 1, "寒冬": 1, "锤炼": 1, "轮值": 1, "董事长": 1, "郭平所": 1, "不经": 1, "艰难困苦": 1, "面对": 5, "风险": 2, "从不": 2, "畏惧": 1, "必将": 1, "百炼成钢": 1, "思客": 1, "监制": 1, "刘娟": 1, "作者": 2, "郭元元": 1, "汤辉": 1, "黄": 1, "洁心": 1, "制图": 1, "李权": 1, "王": 2, "亚婧": 1, "制作": 1, "姚远": 1, "段": 5, "丽红": 1, "张宇": 1, "仇": 1, "炳宸": 1, "编辑": 3, "郭建伟": 1, "祁": 1, "丽君": 1, "实习": 1, "校对": 1, "健琦": 1, "三十而立": 1, "受限于": 1, "原因": 1, "举步维艰": 1, "难以": 4, "ARM": 7, "相继": 1, "程度": 2, "无疑": 2, "手机": 51, "业务": 7, "带来": 4, "网友": 19, "出于": 1, "爱护": 1, "角度": 5, "iPhone": 5, "下滑": 1, "稳": 1, "坐": 2, "第一": 5, "表现": 7, "难道": 1, "苹果": 11, "调研": 1, "机构": 1, "Canalys": 1, "2019年": 7, "季度": 2, "销量": 2, "呈现": 1, "同比": 2, "41%": 1, "增长": 2, "出货量": 2, "2990万": 1, "台": 2, "坐稳": 1, "国内": 3, "位置": 1, "下降": 1, "30%": 1, "第1": 1, "650万": 1, "位列": 1, "第五": 1, "名": 1, "OPPO": 1, "vivo": 1, "小米": 1, "很": 9, "智能": 25, "跟华": 1, "抗衡": 1, "难": 2, "找到": 1, "渠道": 1, "未来": 5, "长": 2, "买": 7, "款": 15, "放弃": 3, "选择": 4, "爱": 3, "情怀": 1, "家人": 1, "依旧": 1, "或许": 3, "一点": 4, "排斥": 2, "这几年": 1, "确实": 3, "落后于": 1, "比如说": 2, "30pro": 2, "搭载": 3, "4000万": 1, "+": 5, "2000万": 1, "800万": 1, "TOF四": 1, "摄": 1, "拍照": 2, "水准": 2, "远远": 2, "超过": 2, "优秀": 3, "旗舰": 4, "XsMax": 1, "充电": 2, "续航": 1, "4200": 1, "毫安": 1, "电池": 1, "40W": 2, "快速": 1, "好于": 1, "P30Pro": 2, "价格": 5, "涨价": 1, "5488": 1, "元": 8, "对比": 2, "降价": 2, "7299": 1, "iPhoneXsMax": 2, "2000": 1, "差价": 1, "实惠": 2, "承认": 2, "起换": 1, "强大": 2, "地方": 1, "系统": 48, "A12": 1, "处理器": 11, "iOS": 2, "不错": 5, "领先于": 2, "消费者": 5, "体验": 6, "希望": 5, "再接再厉": 1, "超越": 1, "吸引": 1, "用户": 7, "本文": 1, "推荐": 1, "篇": 1, "重磅": 1, "——": 1, "鸿蒙": 21, "实锤": 3, "23日": 1, "兼": 1, "时代": 2, "杂志": 1, "专访": 1, "谈": 1, "遭遇": 2, "打压": 4, "称": 3, "动机": 1, "暂时": 1, "关系": 1, "进去": 1, "迫切": 1, "概念": 1, "↓": 1, "00:54": 1, "环球网": 2, "截图": 2, "番外": 1, "最新": 2, "自研": 3, "操作": 35, "半": 1, "揭": 1, "面纱": 1, "24日": 5, "消息": 4, "国家": 13, "知识": 7, "产权局": 7, "商标局": 7, "网站": 7, "申请": 7, "商标": 7, "标注": 2, "商品": 4, "用于": 1, "程序": 5, "早前": 2, "财经": 1, "曝料": 1, "2012年": 1, "规划": 1, "自有": 3, "备用": 1, "名即": 1, "感叹": 1, "字": 1, "太": 3, "燃": 1, "日期": 6, "8月": 3, "公告": 3, "14日": 6, "专用": 3, "权限期": 3, "2029年": 3, "13日": 3, "名称": 4, "栏": 2, "计算机": 6, "软件": 8, "20日": 1, "路透社": 1, "援引": 1, "人士": 3, "中止": 2, "更新": 3, "安卓": 13, "此举": 3, "花旗": 1, "银行": 1, "视为": 2, "瘫痪": 1, "次日": 1, "西欧": 1, "业务部": 1, "副总裁": 1, "沃特金斯": 1, "Tim": 1, "Waktins": 1, "早已": 5, "方案": 1, "测试": 3, "预计": 1, "很快": 2, "上市": 1, "金融": 1, "时报": 1, "透露": 4, "临时": 1, "抱佛脚": 1, "时长": 2, "至少": 2, "7": 1, "当天": 1, "晚间": 1, "余承东": 6, "社交": 1, "快": 3, "秋天": 3, "晚": 4, "明年": 3, "春天": 3, "OS": 2, "面市": 1, "届时": 1, "兼容": 9, "打造": 4, "培养": 2, "流传": 1, "网络": 2, "观察者": 2, "网": 2, "查": 1, "鸿鹄": 1, "鸿雁": 1, "集成": 1, "电路": 1, "电子": 2, "后者": 1, "通信": 2, "笔记本": 1, "电脑": 7, "小编": 1, "进一步": 3, "搜索": 2, "惊": 1, "子龙": 1, "浩天": 1, "青鸟": 1, "朱雀": 1, "……": 1, "神话": 1, "/": 1, "徐": 1, "乾昂": 1, "贸易战": 2, "即将": 1, "授权": 2, "局势": 2, "越发": 1, "紧张": 1, "棘手": 1, "好在": 1, "留有": 1, "后手": 1, "坦言": 1, "近日": 2, "去年": 2, "做好": 2, "自此": 1, "中央": 1, "佐证": 1, "命名": 1, "可能性": 1, "针对": 2, "此事": 1, "打通": 2, "平板": 4, "电视": 2, "汽车": 2, "穿戴": 2, "Web": 2, "除去": 1, "迫于": 1, "压力": 4, "意味着": 1, "底层": 3, "克服": 1, "打击": 1, "信心": 2, "解决": 1, "设计": 13, "伙伴": 3, "阻止": 1, "获取": 1, "情况": 3, "美帝": 1, "层层": 1, "承受": 1, "可想而知": 1, "稍弱": 1, "估计": 1, "支撑": 1, "不住": 1, "这次": 2, "事件": 2, "告诫": 1, "拥有": 6, "实乃": 1, "产业": 4, "重中之重": 1, "挺": 8, "难关": 2, "期待": 2, "芯": 1, "崛起": 1, "实体名单": 2, "引发": 1, "愈演愈烈": 1, "往来": 2, "今日": 1, "彭博社": 2, "报道": 4, "遵从特朗普": 1, "接到": 2, "另行": 2, "通知": 2, "赛灵思": 2, "制造商": 4, "供应": 3, "迎来": 2, "Project": 3, "挽救": 1, "层面": 1, "切断": 1, "Android": 2, "智能机": 1, "面临": 3, "接收": 1, "补丁": 1, "功能": 6, "GMS": 1, "窘境": 1, "新加坡": 1, "菲律宾": 1, "商店": 1, "库存": 1, "开发": 6, "当中": 2, "不得不": 1, "过程": 3, "不少": 2, "阻碍": 2, "就绪": 1, "第三方": 1, "人员": 4, "APP": 6, "大陆": 1, "难度": 2, "低": 1, "海外": 1, "冲击力": 1, "生态": 3, "闭环": 1, "来讲": 1, "件": 2, "好事": 2, "硬件": 1, "一体": 1, "路线": 1, "促成": 1, "加速": 1, "转型": 1, "处于": 1, "瓶颈": 1, "在于": 2, "终止": 1, "构架": 1, "毕竟": 2, "套": 1, "多米诺": 3, "效应": 3, "服务器": 3, "特朗普": 9, "颁发": 1, "德国": 3, "英飞": 1, "凌": 1, "拒绝": 2, "发表": 2, "评论": 2, "供应商": 4, "依赖于": 1, "伤害": 1, "利益": 1, "政策": 1, "连锁": 1, "也就是说": 1, "推出": 3, "地步": 1, "储备": 1, "足够": 1, "组件": 1, "运行": 3, "三": 2, "2018": 1, "年中": 1, "囤元件": 1, "正值": 1, "贸易": 3, "谈判": 3, "敏感": 1, "时期": 2, "知情": 1, "高管": 1, "筹码": 1, "达成": 1, "协议": 1, "恢复": 1, "购买": 2, "通讯": 1, "部门": 1, "倒退": 1, "找茬": 1, "大胆": 1, "猜测": 1, "PC": 3, "=": 1, "MateBook": 3, "X": 3, "Pro": 2, "98%": 1, "采用": 3, "AMD": 1, "14": 1, "无济于事": 1, "不禁": 1, "深思": 1, "点评": 1, "政治": 2, "面前": 1, "优质": 2, "客户": 2, "断绝": 1, "机制": 1, "内心": 1, "声明": 1, "确认": 1, "发生": 1, "无可厚非": 1, "吐槽": 1, "发泄": 1, "相比5G": 1, "笔者": 4, "最最": 2, "台积电": 2, "摇摆不定": 1, "撑": 1, "这两年": 1, "自行": 2, "架构": 1, "向死而生": 1, "发展": 7, "顶住": 1, "ZOL": 1, "客户端": 2, "下载": 2, "资讯": 1, "中关村": 1, "在线": 1, "阅读": 1, "想": 3, "国产": 1, "品牌": 1, "事情": 1, "提醒": 1, "盲目": 1, "4": 2, "劝": 2, "入坑": 1, "钱": 1, "大风刮来": 1, "Mate20": 1, "无意": 1, "之间": 1, "提到": 2, "Mate20X": 1, "刚刚": 2, "号称": 1, "吊打": 1, "任天堂": 1, "游戏机": 1, "7.2": 1, "英寸": 2, "屏幕": 7, "放": 1, "性能": 4, "麒麟": 4, "980": 2, "分辨率": 1, "1080p": 1, "大屏": 1, "配置": 3, "游戏": 1, "提升": 2, "4299": 1, "实际上": 1, "很多": 4, "骁龙": 1, "855": 1, "P20Pro": 2, "崩盘": 1, "6": 2, "GB": 2, "128GB": 2, "版本": 5, "剩下": 1, "3488": 1, "手价": 1, "便宜": 2, "想要": 2, "告诉": 1, "执着": 1, "适合": 2, "970": 2, "刘": 2, "海屏": 1, "正面": 1, "指纹": 2, "识别": 5, "按键": 4, "真的": 3, "潮流": 3, "3000多": 1, "高出": 1, "档次": 1, "nova4": 2, "懂": 1, "发": 1, "多久": 1, "以往": 1, "先天": 1, "劣势": 1, "易烊": 1, "千": 1, "玺": 1, "代言": 1, "粉丝": 1, "流量": 1, "加持": 1, "弊端": 1, "后置": 1, "模块": 1, "挖孔": 1, "外观": 1, "ID": 1, "2699": 1, "荣耀": 2, "magic2": 1, "升降式": 1, "火": 1, "尴尬": 1, "大部分": 1, "水滴": 1, "升降": 1, "摄像头": 1, "进灰": 1, "机身": 4, "笨重": 1, "因素": 2, "magic": 1, "宠爱": 1, "剩": 1, "3499": 1, "快充": 1, "提": 2, "兴趣": 1, "机型": 1, "坑": 1, "说起": 1, "音箱": 31, "陌生": 1, "近些年": 1, "家居": 6, "控制": 6, "入口": 4, "厂商": 4, "不仅仅": 1, "交互": 1, "传统": 1, "智能化": 2, "项": 1, "语音": 3, "AI": 15, "究竟": 1, "包装": 1, "卖点": 1, "丹拿": 2, "音质": 4, "声纹": 1, "电话": 3, "家庭": 1, "看上去": 2, "吸引力": 1, "标配": 1, "12V": 1, "2A": 1, "电源": 2, "适配器": 2, "稍": 1, "不便": 1, "配件": 1, "份": 1, "详细": 1, "说明书": 2, "上手": 1, "建议": 1, "先行": 1, "翻阅": 1, "官方": 2, "黑白": 1, "配色": 1, "手中": 1, "黑色款": 1, "整体": 1, "圆润": 1, "较为": 2, "讨喜": 1, "亮点": 4, "家装": 1, "风格": 1, "A": 2, "I音箱": 2, "表面": 1, "编织": 1, "布料": 1, "手感": 2, "舒适": 1, "四": 1, "枚": 1, "均": 1, "顶部": 2, "音量": 1, "或者是": 1, "用来": 1, "接听": 1, "扎实": 1, "符合": 2, "价位": 1, "应有": 1, "图片": 1, "六": 1, "小孔": 1, "联动": 1, "拾音": 1, "麦克风": 2, "开孔": 1, "效果": 2, "灵敏度": 1, "圈": 1, "灯带": 1, "下文": 1, "点亮": 1, "底部": 3, "丹拿华": 1, "联合": 2, "调音": 2, "字样": 1, "加装": 1, "层": 1, "防滑垫": 1, "桌面": 1, "摩擦力": 1, "铭牌": 1, "印": 1, "APP二": 1, "维码": 1, "扫码": 1, "初次": 2, "联网": 1, "轻松": 1, "连接": 1, "个性化": 1, "设置": 3, "完整": 1, "技能": 1, "简单": 3, "查询": 1, "天气": 1, "闹钟": 1, "日程": 1, "商务": 1, "英语": 1, "往常": 1, "走": 1, "繁琐": 1, "指令": 2, "设备": 4, "恰好": 1, "家中": 1, "家电": 2, "扫地机": 1, "插座": 1, "电动": 1, "窗帘": 1, "空气": 1, "净化器": 1, "快捷": 1, "相比于": 1, "通话": 3, "独到": 1, "优势": 2, "亲情": 1, "赠送": 1, "可观": 1, "这项": 1, "拨通": 1, "便捷": 1, "正经": 1, "歌曲": 1, "资源": 3, "自然": 1, "重点": 1, "版权": 1, "越来越": 1, "完善": 1, "曲库": 4, "携手": 1, "音乐": 4, "娱乐": 1, "酷狗": 1, "升级": 3, "千万级": 1, "够用": 1, "2.25": 1, "10": 1, "瓦": 1, "频带": 1, "扬声器": 1, "单元": 1, "1500": 1, "无源": 1, "低音": 2, "辐射器": 1, "短": 1, "试听": 1, "可圈可点": 2, "高频": 1, "延展性": 1, "中频": 1, "人声": 1, "细节": 1, "保留": 1, "低频": 1, "质": 1, "兼具": 1, "闲暇": 1, "听": 1, "流行": 1, "在家": 1, "自嗨": 1, "需求": 1, "识别率": 1, "省心": 1, "发现": 2, "添置": 1, "布局": 2, "愈加": 1, "爽": 1, "人民网": 5, "北京": 2, "电": 1, "总统": 1, "签署": 1, "行政": 1, "命令": 1, "紧急": 2, "状态": 2, "生产": 1, "电信": 1, "随后": 1, "70": 1, "关联": 1, "外国": 7, "看法": 1, "相关": 4, "新闻": 2, "表达": 1, "不满": 1, "一家": 1, "迫害": 1, "公平": 3, "自由": 1, "人民": 2, "网德文": 2, "脸谱": 3, "账号": 4, "忠实": 1, "一流": 1, "英文": 3, "巨头": 2, "看起来": 1, "黑名单": 3, "策略": 2, "动用": 1, "权力": 1, "攻击": 5, "暴徒": 1, "市场经济": 2, "干涉": 1, "非法": 1, "不道德": 1, "无辜": 1, "全力": 1, "禁止": 5, "高科技": 1, "反科学": 1, "努力": 2, ";": 2, "全世界": 2, "所有人": 1, "幸免": 1, "为止": 1, "引用": 1, "模糊": 1, "理由": 2, "证据": 1, "留言区": 1, "一针见血": 1, "指出": 1, "领导人": 1, "摆脱": 1, "过度": 1, "依赖": 2, "危险": 1, "卑劣": 1, "唯一": 1, "独立": 2, "搬起": 1, "石头": 1, "砸": 1, "脚": 1, "独立自主": 1, "开辟": 1, "受伤": 1, "绝不": 1, "仅仅": 1, "输": 1, "下行": 1, "趋势": 1, "俄罗斯": 2, "VK": 1, "措施": 2, "损失": 2, "日本": 5, "零件": 2, "不乏": 3, "持有": 2, "僵持": 2, "状况": 2, "好处": 2, "半导体": 1, "盟友": 1, "施压": 1, "制裁": 3, "未必": 1, "改变": 1, "领导力": 1, "丧失": 2, "永久": 1, "垄断": 1, "解放": 1, "雅虎": 1, "条": 1, "无理": 1, "访谈": 2, "瞬间": 1, "全网": 1, "刷屏": 1, "热议": 1, "工作": 2, "好人": 1, "开明": 1, "令人钦佩": 1, "印象": 1, "深刻": 1, "自吹自擂": 1, "冷静": 1, "走过": 1, "传递": 1, "写道": 1, "渡过": 1, "顶级": 1, "证明": 1, "倒": 1, "拭目以待": 1, "欣赏": 1, "中国人": 1, "挑衅": 1, "有节": 1, "事态": 1, "张悦": 1, "李焱": 1, "杨倩": 1, "梁军": 1, "洪宇": 1, "羡": 1, "江南": 1, "袁": 1, "蒙": 1, "洁妍": 1, "坚强": 1, "国人": 1, "硬核": 1, "答案": 1, "蛮横": 1, "此起彼伏": 1, "风波": 1, "这不": 1, "故作": 1, "姿态": 1, "持续不断": 1, "牢牢": 1, "泰山": 1, "崩于": 1, "前而色": 1, "长期": 2, "赢得": 1, "背后": 1, "底线": 1, "思维": 2, "忧患": 1, "佩服": 1, "十多": 2, "年前": 1, "设想": 1, "极端": 1, "情形": 1, "远见": 1, "殊不知": 1, "行业": 1, "对手": 1, "傻": 1, "浪费": 1, "声音": 1, "未": 1, "治之于未乱": 1, "谋": 1, "长远": 1, "短板": 1, "清醒": 1, "认知": 1, "遮蔽": 1, "眼睛": 1, "只顾": 1, "眼前": 1, "缺乏": 1, "自觉": 1, "等到": 1, "胎坏": 1, "恐怕": 1, "生存": 1, "命根子": 1, "比拼": 1, "终极": 1, "较量": 1, "源自": 2, "大门": 1, "从来": 1, "不当": 1, "独行侠": 1, "规律": 1, "全球化": 1, "流动": 1, "闭门造车": 1, "行不通": 1, "包打天下": 1, "现实": 1, "文明": 1, "交流": 1, "互鉴而多彩": 1, "花": 1, "吸收": 1, "滋养": 1, "才能": 1, "绚丽": 1, "绽放": 1, "成果": 1, "建立": 1, "共享": 1, "基础": 3, "之上": 1, "保护主义": 1, "挥舞": 1, "大棒": 1, "心态": 1, "何其": 2, "扭曲": 1, "倒行逆施": 1, "终将": 1, "滚滚": 1, "向前": 1, "淘汰": 1, "奋发": 1, "艰苦": 1, "持久战": 1, "研究": 1, "教育": 1, "火石": 1, "引擎": 1, "动力": 2, "澎湃": 1, "接待": 1, "大厅": 1, "反复": 1, "播放": 1, "宣传片": 1, "内容": 1, "基础教育": 1, "科研": 1, "十几年如一日": 1, "坚持不懈": 1, "舍得": 2, "砸钱": 1, "下苦功夫": 1, "板凳": 1, "冷": 1, "业界": 1, "叫好": 1, "不妨": 1, "自照": 1, "反思": 1, "摈弃": 1, "功利": 1, "扎扎实实": 1, "必修课": 1, "抓": 2, "蔚然成风": 1, "制造": 1, "迈向": 1, "无比": 1, "深厚": 1, "惊涛骇浪": 1, "闲庭": 2, "信步": 2, "新华社": 1, "辛识平": 1, "2019-05-25": 1, "15:18": 1, "|": 1, "日报": 1, "记者": 1, "昨天": 1, "获悉": 1, "自救": 1, "正式": 1, "有望": 2, "今秋": 1, "面世": 2, "披露": 1, "事实上": 1, "日前": 1, "介绍": 1, "统一": 1, "编译": 2, "60%": 1, "面向": 1, "下一代": 1, "路": 1, "注定": 1, "艰辛": 1, "众所周知": 1, "2007年": 1, "击败": 1, "诺基亚": 1, "塞班": 1, "微软": 3, "Windows": 1, "Phone": 1, "份额": 2, "超": 2, "8成": 1, "把持": 1, "99%": 1, "业内人士": 1, "兼容性": 2, "死": 1, "此前": 1, "配合": 1, "只能": 1, "开源": 1, "代码": 1, "表态": 1, "现有": 1, "困难": 1, "资金": 1, "花费": 2, "200亿": 1, "美元": 2, "Linux": 1, "100多": 1, "亿": 1, "增加": 1, "势在必行": 1, "专家": 1, "付亮": 4, "生态圈": 1, "宣称": 1, "体系": 1, "完美": 2, "脸书": 1, "推特": 2, "国外": 2, "主流": 1, "观察": 1, "历来": 1, "倍于": 1, "适配": 1, "海量": 1, "工作量": 1, "极其": 1, "大批量": 1, "招募": 1, "耗资": 1, "工程": 1, "试错": 1, "频繁": 1, "人力": 1, "物力": 1, "办到": 1, "未知": 1, "屏蔽": 1, "访问": 1, "开启": 1, "轮": 2, "求得": 1, "标题": 1, "郭奕麟": 1}