{"1987年": 1, "任正非": 35, "凑": 1, "两万": 1, "块钱": 1, "深圳": 2, "创办": 1, "华为": 254, "公司": 24, "代理": 2, "一家": 9, "香港": 1, "交换机": 15, "谋生": 1, "1989年": 2, "研发": 24, "针对": 3, "国内": 14, "农村": 1, "低端": 1, "市场": 14, "团队": 11, "拼劲": 1, "很": 14, "1997年": 2, "年间": 2, "三十多亿": 2, "人民币": 4, "营收": 7, "年代": 1, "了不起": 1, "民营": 1, "企业": 37, "国际": 4, "先进": 6, "科技": 14, "动辄": 1, "几百亿": 2, "美元": 10, "相比": 4, "深深": 1, "感觉": 2, "差距": 1, "不满": 1, "带": 3, "骨干": 2, "美国": 44, "考察": 1, "圈": 1, "管理": 3, "经验": 2, "、": 45, "科研": 2, "流程": 2, "震撼": 1, "横": 1, "一条心": 1, "拜师": 4, "学艺": 4, "IBM": 6, "全球": 15, "浓厚": 1, "技术": 28, "功底": 1, "专业": 1, "咨询": 1, "经历": 4, "低潮": 1, "起死回生": 1, "学习": 3, "价值": 7, "打算": 5, "对方": 5, "中国人": 1, "半砍价": 1, "习惯": 1, "五": 5, "20亿": 2, "高价": 1, "70": 1, "顾问": 5, "级别": 6, "分为": 2, "3": 8, "小时": 3, "收费": 1, "300": 1, "500": 1, "680": 1, "价格": 5, "相当于": 1, "白干": 1, "成员": 1, "提出": 2, "还价": 3, "：": 38, "风险": 1, "负责": 5, "一个": 28, "保证": 3, "做好": 1, "项目": 1, "！": 14, "握手": 1, "成交": 1, "成功": 6, "消息": 11, "传到": 1, "老总": 1, "郭士纳": 1, "耳朵": 1, "这位": 1, "老道": 1, "企业家": 1, "惊喜": 1, "折服": 1, "抵达": 1, "都": 40, "收到": 3, "上级": 1, "嘱托": 1, "好好": 1, "教": 2, "几十": 1, "洋": 4, "几千": 1, "中层": 1, "充满": 2, "矛盾": 1, "教条": 1, "好奇": 1, "过程": 2, "10%": 1, "用作": 1, "定性": 1, "量产型": 1, "量产": 1, "创新": 3, "转型": 1, "高层": 1, "不服": 1, "天天": 1, "产品": 38, "竟": 1, "算": 3, "创新型": 1, "洋团队": 1, "投入": 3, "费用": 9, "套": 1, "完整": 1, "体系": 2, "权威": 1, "态度": 6, "原因": 6, "背后": 3, "无条件": 1, "支持": 18, "本事": 1, "干": 3, "听": 5, "回家": 2, "种田": 1, "可不": 1, "很多": 10, "服洋": 1, "真的": 3, "离开": 2, "打败": 1, "摩托罗拉": 1, "一批": 1, "顶尖": 1, "指挥": 1, "睡觉": 1, "僵化": 1, "优化": 1, "再固化": 1, "两三": 2, "之内": 1, "理解": 4, "消化": 1, "年后": 2, "改进": 1, "37": 1, "码": 1, "鞋子": 1, "削": 1, "脚": 2, "穿": 1, "进去": 1, "2003年": 1, "结束": 2, "洋顾问": 1, "打开": 1, "第一": 8, "PPT": 1, "诊断": 1, "不错": 2, "解决": 6, "方案": 5, "各项": 1, "数据": 3, "改善": 1, "咬牙": 1, "二十亿": 1, "展开": 2, "第二": 5, "期": 2, "发展": 5, "健康": 1, "2018年": 2, "1085亿": 1, "796亿": 1, "徒弟": 1, "功力": 1, "超过": 6, "师傅": 1, "竞争力": 3, "认可": 4, "至今": 1, "合作": 30, "关系": 4, "师徒情深": 1, "偶然": 1, "本钱": 1, "虚心": 1, "擅于": 1, "守拙": 1, "舍得": 1, "功夫": 1, "优秀": 7, "品质": 2, "密不可分": 1, "文": 1, "长安": 1, "手机": 54, "日常": 1, "生活": 1, "缺少": 1, "必需品": 1, "年轻人": 1, "才": 5, "习惯性": 1, "关注": 4, "智能": 2, "领域": 11, "动态": 1, "封杀": 1, "长": 4, "时间": 5, "面对": 1, "压力": 3, "选择": 16, "直面": 1, "困难": 3, "办法": 1, "不得不": 2, "佩服": 1, "自力更生": 1, "主动": 1, "能力": 1, "众多": 2, "畏惧": 1, "事件": 3, "嘴脸": 1, "代工": 10, "工厂": 10, "富士康": 40, "拥有": 16, "百万": 1, "名": 4, "员工": 11, "制造业": 1, "苹果": 12, "客户": 4, "销量": 3, "下降": 1, "如今": 9, "目光": 1, "投向": 1, "印度": 6, "忠实": 1, "粉丝": 1, "自然": 5, "跟着": 1, "依赖": 2, "中国": 31, "生产线": 2, "搬到": 1, "事实上": 5, "制造商": 3, "才能": 3, "大批量": 1, "订单": 4, "快速": 2, "更新": 1, "更换": 1, "频率": 1, "增加": 4, "永远": 2, "退出": 2, "行业": 7, "舞台": 1, "短板": 1, "后起之秀": 1, "最终": 4, "取代": 1, "郭台铭": 5, "举动": 2, "外界": 4, "批评": 2, "毕竟": 2, "业绩": 1, "佳": 1, "亏损": 2, "挺身而出": 1, "业务": 12, "交给": 3, "站队": 1, "停止": 7, "特朗普": 5, "早": 5, "邀请": 1, "建厂": 4, "提供": 13, "45亿": 2, "元": 8, "巨额": 1, "补贴": 1, "参加": 1, "开业": 1, "承诺": 4, "创造": 10, "数百万": 1, "就业": 2, "机会": 1, "做出": 3, "155": 1, "工作": 10, "岗位": 1, "转移": 2, "墨西哥": 1, "建造": 1, "大型": 1, "去年": 8, "关闭": 1, "大众": 1, "不仅仅": 2, "想要": 9, "搬迁": 1, "抛弃": 1, "这是": 6, "满意": 1, "；": 4, "社会": 2, "争议": 1, "人命": 1, "罢工": 1, "频繁": 1, "负面": 3, "新闻": 2, "视野": 2, "列为": 1, "列入": 2, "实体": 3, "清单": 5, "赶紧": 1, "世界": 10, "伟创力": 5, "25亿": 1, "休假": 1, "对此": 1, "在意": 2, "启动": 1, "项": 5, "应急": 1, "计划": 4, "170": 1, "国家": 19, "伙伴": 3, "足够": 1, "强大": 3, "一两": 2, "其他人": 1, "无耻": 1, "手段": 3, "压倒": 1, "未来": 6, "融合": 4, "趋势": 1, "实行": 1, "封锁": 1, "镇压": 1, "遭受": 2, "损失": 2, "比亚迪": 22, "缓慢": 1, "崛起": 3, "心目": 1, "汽车": 1, "品牌": 6, "2012年": 1, "代工厂": 1, "195亿": 1, "仅次于": 2, "OEM": 1, "巨头": 3, "子公司": 1, "电子": 1, "代加工": 1, "临时": 1, "想法": 1, "多年": 2, "庞大": 3, "站": 2, "接手": 1, "尚未": 1, "无异": 1, "雪": 1, "取炭": 1, "难堪": 1, "想到": 1, "立马": 1, "建设": 8, "回来": 2, "网民": 1, "抵制": 2, "疾": 1, "终束": 1, "大陆": 2, "热烈": 1, "未": 1, "长期": 1, "拖延": 1, "意味着": 3, "称": 5, "重返": 1, "回去": 1, "难": 2, "重心": 1, "回": 1, "资源": 2, "三星": 3, "诺基亚": 5, "小米": 2, "对比亚迪": 1, "雷军": 1, "9": 11, "出事": 1, "借势": 1, "最佳": 1, "供应商": 2, "称号": 1, "顺利": 1, "供应链": 1, "地位": 3, "此前": 6, "公布": 2, "截至": 2, "上半年": 2, "收入": 2, "1951.1亿": 1, "净利润": 1, "11.35亿": 1, "400亿": 1, "制造": 2, "有名": 1, "在于": 1, "随波逐流": 1, "商人": 1, "祖国": 1, "公众": 1, "放心": 1, "平稳": 1, "运行": 4, "后悔": 1, "摇摆不定": 1, "导致": 5, "之间": 6, "信任": 1, "纷纷": 1, "寻找": 2, "情况": 5, "股价": 1, "一路": 1, "上涨": 1, "无疑": 1, "危机": 2, "本文": 3, "商媒体": 1, "原创": 2, "出品": 1, "未经": 1, "许可": 4, "渠道": 1, "平台": 2, "请勿": 1, "转载": 1, "违者": 1, "必究": 1, "日前": 1, "英国": 39, "设备": 11, "率先": 1, "开通": 2, "城市": 5, "5G": 45, "服务": 3, "领先": 4, "西方": 1, "部署": 2, "激动": 1, "现场": 1, "直播": 3, "当中": 3, "猛吹": 1, "特写": 1, "丝毫": 2, "感受": 2, "打压": 5, "盟友": 3, "眼": 1, "联盟": 2, "照顾": 1, "放弃": 5, "异常": 1, "高调": 1, "一点": 2, "面子": 1, "有意思": 1, "多久": 2, "总统": 1, "访问": 1, "当面": 1, "施压": 4, "意外": 1, "竟然": 1, "做法": 1, "纠缠": 1, "此事": 1, "事情": 4, "样子": 1, "本月": 1, "12日": 2, "驻": 3, "英": 3, "大使": 7, "刘晓明": 6, "接受": 3, "媒体": 4, "采访": 4, "领军者": 2, "互利": 2, "共赢": 1, "光明": 3, "前景": 3, "电信业": 2, "贡献": 4, "雇佣": 1, "七千": 2, "英籍": 2, "外企": 1, "长远": 1, "释放": 4, "糟糕": 4, "信号": 4, "大体": 1, "简而言之": 1, "香": 1, "用上": 1, "百": 1, "害": 1, "真实": 1, "理由": 4, "条": 4, "影响": 11, "割舍": 1, "众所周知": 1, "耽误": 1, "得不偿失": 1, "无视": 1, "重重": 1, "坚定": 1, "建立": 3, "改变": 1, "引发": 1, "连锁": 1, "欧洲": 10, "基础": 6, "全都": 1, "头": 1, "顾虑": 1, "近期": 2, "频频": 1, "斩获": 1, "导语": 1, "降": 1, "斯": 1, "苦其心志": 1, "劳其筋骨": 1, "波波": 1, "寒潮": 2, "焕然一新": 1, "路": 4, "阻挡": 1, "记得": 2, "外交部": 3, "发言人": 1, "30": 4, "国": 2, "46": 3, "份": 3, "5G商": 3, "合同": 5, "国名": 1, "扎心": 1, "实话": 1, "振奋人心": 1, "系列": 10, "断供": 2, "这一切": 1, "始作俑者": 1, "莫须有": 1, "悠然处之": 1, "想": 8, "倒下": 1, "反而": 2, "越战越勇": 1, "宣告": 1, "倒": 1, "越来越": 5, "确实": 1, "收获": 5, "声": 1, "维护": 2, "民族": 3, "利益": 2, "洗礼": 1, "捷报": 2, "传来": 2, "不说": 1, "操作": 7, "系统": 30, "鸿蒙": 2, "一大": 1, "凌霄": 1, "麒麟": 3, "自主": 7, "芯片": 6, "单单": 1, "成绩": 3, "足以": 1, "喜人": 1, "6月": 1, "6日": 1, "身为": 1, "竞争": 2, "对手": 2, "望尘莫及": 1, "戏剧性": 1, "签订": 2, "不少": 4, "近日": 2, "拿下": 1, "城": 1, "15": 2, "采用": 11, "西班牙": 4, "最新": 1, "沃达丰": 1, "商用": 5, "15号": 1, "本周六": 1, "瑞士": 1, "国正": 1, "急于": 1, "加快": 1, "步伐": 1, "不温不火": 1, "优异": 1, "成果": 3, "实力": 4, "听信": 1, "4G": 2, "网络": 15, "落后于": 1, "帮忙": 1, "肯定": 4, "落后": 1, "看中": 1, "强有力": 1, "合作者": 3, "路演": 1, "相比于": 1, "野心": 1, "开放": 2, "公道": 1, "自在": 1, "人心": 1, "吸引": 1, "开阔": 1, "就此": 3, "走到": 1, "尽头": 1, "关键": 2, "放出": 1, "潜在": 1, "逆天": 2, "反杀": 1, "波": 1, "像是": 1, "电影版": 1, "剧情": 1, "事实": 1, "承担": 1, "意义": 3, "互联网": 1, "代表": 3, "兴衰": 1, "国民": 1, "鼓励": 2, "国人": 2, "手里": 1, "数码": 1, "购买": 12, "以此": 4, "国产": 1, "闹掰": 1, "联合": 1, "中断": 2, "产业链": 1, "硬件": 2, "短": 1, "生产": 4, "直言5G": 1, "无关": 1, "形势": 1, "亚于": 1, "国外": 2, "自动": 1, "推出": 4, "传出": 3, "刚刚": 3, "俄罗斯": 9, "签单": 1, "称赞": 1, "这次": 4, "反击": 2, "站稳": 1, "脚步": 2, "基石": 1, "台积": 1, "电台": 1, "积电": 1, "直言": 1, "持续": 1, "华": 3, "长久": 1, "支撑": 2, "回心转意": 1, "刚": 1, "搬离": 1, "副": 1, "划清": 1, "界限": 1, "更多": 1, "网游": 1, "吐槽": 1, "保住": 1, "发生": 1, "伤害": 1, "三": 5, "格力": 4, "空调": 1, "大哥大": 1, "雄厚": 1, "目睹": 1, "现状": 2, "投资": 5, "间断": 1, "兄弟": 1, "情谊": 1, "风波": 2, "过后": 1, "击垮": 1, "变得": 1, "网友": 1, "分析": 1, "命数": 1, "转折点": 1, "全世界": 1, "惊讶": 1, "为此": 1, "空前": 1, "团结": 1, "失望": 1, "挫折": 1, "看法": 1, "文章": 2, "下方": 1, "留言": 1, "当地": 1, "广播": 1, "(": 3, "BBC": 1, ")": 3, "夜": 1, "栏目": 1, "主持人": 1, "马克·厄本": 1, "专访": 1, "阐述": 1, "立场": 1, "回答": 1, "记者": 2, "提问": 1, "刘": 2, "雇用": 1, "7000多": 1, "双赢": 1, "角度": 2, "友善": 1, "营商": 1, "环境": 1, "问及": 1, "贸易": 2, "消极": 1, "5": 2, "数量": 7, "30年": 1, "总量": 1, "增长": 2, "14%": 1, "关门": 1, "必将": 1, "信息": 1, "政府": 7, "参与": 2, "该国": 2, "近来": 1, "劝说": 2, "通信": 15, "韩国": 6, "纽西斯": 1, "通讯社": 1, "13日": 2, "报道": 3, "韩": 2, "哈里斯": 1, "10": 2, "内": 1, "公开": 1, "场合": 1, "朝鲜": 1, "日报": 2, "赞同": 1, "青瓦台": 1, "美": 1, "军事": 2, "毫无": 1, "说法": 1, "严加": 1, "韩联社": 1, "人士": 2, "当天": 1, "忧虑": 1, "尊重": 1, "寻求": 1, "安全网": 1, "官员": 1, "部门": 1, "磋商": 1, "沟通": 1, "韩媒": 1, "解读": 1, "应对": 1, "策略": 1, "原则": 2, "变化": 1, "618": 3, "活动": 1, "期间": 3, "在售": 4, "选购": 3, "攻略": 1, "层面": 1, "告诉": 1, "哪款": 1, "值得": 4, "买": 1, "款": 18, "老大哥": 1, "正直": 1, "用户": 17, "看准": 1, "时机": 1, "适合": 9, "不料": 1, "相差": 1, "型号": 2, "配置": 6, "太": 1, "没事": 1, "详细": 1, "盘点": 1, "对比": 1, "认清": 1, "区别": 2, "买到": 1, "HUAWEI": 19, "Mate": 20, "Pro/HUAWEI": 1, "P30": 8, "Pro": 9, "屏幕": 17, "顶级": 2, "拍照": 9, "选": 4, "机型": 1, "版本": 7, "差异": 3, "相机": 1, "曲面": 2, "设计": 9, "1080P": 1, "分辨率": 2, "提升": 5, "2K": 1, "显示": 3, "细腻": 2, "指纹": 3, "识别": 4, "基于": 2, "3D": 2, "结构": 2, "人脸": 1, "后置": 8, "镜头": 19, "可谓": 1, "秒天": 1, "秒地": 1, "全新": 1, "4000万": 2, "像素": 9, "超感": 1, "光主": 1, "摄": 2, "倍": 3, "光学": 1, "变焦": 3, "混合": 1, "50": 1, "数字": 6, "潜望": 1, "模组": 1, "带到": 1, "Pro除": 1, "差异性": 1, "优势": 8, "防水": 2, "防尘": 2, "IP": 1, "68": 1, "充电": 3, "速度": 1, "40W": 1, "电池": 8, "容量": 7, "4200": 1, "mAh": 7, "均": 2, "扬声器": 2, "播放": 1, "标准版": 1, "推荐": 14, "类似": 1, "效果": 1, "多样": 1, "解锁": 1, "体验": 14, "选P": 1, "指数": 10, "Pro：4.8": 1, "Pro：4.7": 1, "20/HUAWEI": 1, "旗舰": 2, "抉择": 1, "早期": 1, "商务": 2, "人群": 1, "P系列": 2, "面向": 1, "年轻": 5, "消费者": 3, "层": 1, "界线": 1, "好像": 1, "模糊": 1, "直奔": 1, "主题": 1, "排除": 1, "外观": 1, "因素": 1, "同款": 2, "980": 1, "处理器": 7, "反向": 2, "无线": 2, "双频": 1, "GPS": 1, "NFC": 1, "3.5": 1, "耳机": 1, "孔": 1, "功能": 2, "Mate20": 1, "6.53": 1, "英寸": 6, "4000": 3, "等级": 1, "更为": 3, "素超": 1, "感光": 2, "一体性": 1, "喜欢": 2, "夜景": 1, "表现": 3, "首选": 1, "长续航": 1, "20：4.3": 1, "P30：4.6": 1, "X": 6, "——": 4, "屏×": 1, "影音": 5, "尺寸": 3, "6": 1, "7.2": 1, "巨屏": 1, "5000": 3, "带来": 8, "娱乐": 3, "双扬声器": 1, "游戏": 4, "双扬": 1, "声器": 1, "立体声": 1, "反馈": 1, "机身": 1, "内部": 2, "石墨": 1, "烯液": 1, "冷散": 1, "热": 1, "抑制": 1, "发热": 1, "旗舰级": 1, "性能": 2, "掉": 1, "平板": 2, "电脑": 1, "合适": 1, "4.5": 1, "nova": 25, "/": 3, "4": 8, "照片": 2, "可玩性": 1, "异型屏": 1, "方式": 6, "功能性": 2, "主流": 2, "主摄": 2, "+": 3, "广角": 2, "焦": 1, "枚": 4, "成像": 2, "拓展": 1, "黑白": 2, "彩色": 1, "光线": 1, "把控": 1, "拍": 1, "玩性": 1, "正面": 1, "极点": 1, "屏": 1, "大于": 1, "弊": 1, "海屏": 1, "观看": 1, "开孔": 1, "偏暗": 1, "上代": 1, "纠结": 1, "4800万": 2, "素版": 2, "2000万": 1, "优先": 1, "搭载": 3, "索尼": 1, "IMX": 1, "586": 1, "性价比": 1, "标准": 4, "2.8": 2, "3.6": 1, "3i/HUAWEI": 1, "4e": 7, "四": 2, "发布": 1, "晚": 2, "例外": 1, "人像": 2, "2400万": 2, "颗": 2, "超": 1, "玩法": 1, "3inova": 1, "3i相比4e": 1, "前置": 1, "200万": 2, "虚化": 2, "相比之下": 1, "3200万": 1, "立体": 1, "美颜": 1, "Type-C": 1, "接口": 1, "玻璃": 2, "后盖": 3, "两侧": 1, "过渡": 1, "主打": 1, "颜值": 1, "期待": 1, "时尚": 1, "群体": 1, "3i": 2, "2.7": 1, "4e：3.3": 1, "麦芒7": 3, "商务风": 1, "职场": 1, "达人": 1, "麦芒": 1, "电信": 5, "运营商": 11, "定制": 1, "打造": 1, "深邃": 1, "沉稳": 1, "气息": 1, "6GB": 1, "运存": 1, "3750": 1, "稳定": 1, "保障": 2, "价位": 2, "商务感": 1, "犹豫": 1, "2.3": 2, "畅享": 24, "MAX": 3, "千": 1, "大屏": 3, "玩": 3, "电影": 2, "7.12": 1, "超大": 1, "珍珠屏": 1, "配有": 1, "骁龙": 2, "660": 1, "AIE": 1, "mAh大": 1, "流畅度": 1, "续航": 2, "配备": 1, "杜比": 1, "全景声": 1, "音乐": 1, "质感": 2, "独特": 1, "精雕": 1, "皮纹": 1, "工艺": 1, "3.5五": 1, "麒麟710": 3, "亮点": 1, "一目了然": 1, "共有": 1, "Plus": 5, "9S": 4, "驱动": 1, "每款": 1, "鲜明": 1, "升级": 7, "强化": 1, "屏属性": 2, "畅享9": 4, "衍生品": 1, "命名": 1, "S与Plus": 1, "前代": 1, "720p": 1, "1080p": 1, "置主": 1, "1300万": 1, "1600万": 1, "超广角": 1, "入门级": 1, "450": 1, "唯一": 1, "遗憾": 1, "缩小": 1, "3400": 1, "均衡": 1, "9S华": 1, "重点": 1, "放在": 1, "6.5": 1, "配合": 2, "2.6": 1, "9/9e/8e": 1, "青春": 3, "迷茫": 1, "综合": 3, "畅享9e": 1, "8e": 2, "为数不多": 1, "售价": 2, "1000": 1, "9e": 3, "简配版": 1, "8e青春": 1, "代华": 1, "畅享8": 1, "简配": 1, "没错": 1, "豪华": 1, "6.26": 1, "骁龙40": 1, "景深": 1, "拍摄": 1, "打的": 1, "背景": 1, "起到": 1, "迷惑": 1, "太过": 1, "接近": 1, "选华": 1, "入门": 1, "年长": 1, "1": 1, "RS": 2, "身份": 1, "科技感": 1, "完美": 1, "保时捷": 3, "引入": 1, "思考": 1, "四点": 1, "车灯": 1, "传奇": 1, "巧妙": 1, "进口": 1, "牛皮": 1, "高光": 1, "凸显": 1, "追求": 2, "品质感": 1, "联名": 1, "属性": 1, "远": 2, "高于": 1, "极为": 1, "品类": 2, "划分": 1, "高端": 1, "素质": 1, "字母": 1, "后缀": 1, "带有": 1, "S": 1, "希望": 2, "实惠": 1, "编辑": 1, "天铭": 1, "军人": 1, "出身": 1, "不管是": 1, "治": 1, "高标准": 1, "网上": 1, "事迹": 1, "重用": 2, "下属": 1, "狠": 1, "标杆": 1, "人物": 2, "余承东": 1, "成长": 1, "郑宝用": 1, "三十多": 1, "而立之年": 1, "骄傲": 1, "杰出": 1, "人才": 3, "孙": 1, "亚芳": 1, "郑": 25, "宝用": 25, "福建人": 1, "1964年": 1, "出生": 1, "毕业于": 1, "华中": 2, "大学": 2, "人才库": 1, "出自": 2, "李一": 3, "男师": 1, "校": 1, "郭平和": 1, "胡厚昆": 1, "常务": 1, "副总裁": 2, "总工程师": 1, "京东": 1, "编号": 3, "想必": 1, "0001": 1, "0002": 1, "元老": 1, "到底": 1, "欣赏": 1, "办公室": 1, "生气": 1, "骂": 1, "高管": 1, "顶": 2, "一万": 2, "重视": 1, "程度": 2, "宝宝": 2, "成立": 2, "1988年": 1, "好友": 1, "郭平": 1, "现任": 1, "副董事长": 1, "元老级": 1, "毫无疑问": 1, "水平": 3, "人员": 2, "财富": 1, "老": 1, "阿宝": 1, "总则": 1, "过硬": 1, "大概": 1, "惺惺相惜": 1, "郑宝": 4, "小时候": 1, "家庭": 2, "高中": 2, "担心": 1, "拖鞋": 1, "磨损": 1, "走": 3, "有人": 1, "聪明": 1, "自我": 1, "打趣": 1, "免费": 1, "足底": 1, "按摩": 1, "贫困": 1, "顶梁柱": 1, "一人之下万人之上": 1, "程控": 5, "开发": 4, "HJD48": 2, "微型": 1, "模拟": 2, "空分": 1, "手": 1, "好评": 1, "销售": 1, "魅力": 1, "所在": 1, "华为C&C": 1, "08万": 1, "创业": 2, "初": 1, "处于": 3, "七": 1, "八制": 1, "时代": 2, "8": 2, "朗讯": 1, "加拿大": 1, "北电": 1, "日本": 1, "NEC": 1, "富士通": 1, "瑞典": 1, "爱立信": 1, "德国": 1, "西门子": 1, "比利时BTM": 1, "法国": 1, "阿尔卡特": 1, "7": 1, "写": 1, "篇": 1, "厂商": 13, "互不": 1, "整体": 1, "难以": 2, "提高": 1, "短期": 1, "厂家": 2, "拖垮": 1, "差": 1, "气候": 1, "通信业": 2, "时期": 1, "C&C08": 7, "C&C": 1, "含义": 1, "乡村": 2, "围绕": 1, "计算机": 2, "堵上": 1, "身家": 1, "高额": 1, "贷款": 1, "这项": 1, "研究": 3, "失败": 1, "只能": 1, "楼上": 1, "跳": 1, "找到": 1, "出路": 1, "豪赌": 1, "万幸": 1, "赢": 1, "负责人": 1, "李银河": 1, "辍学": 1, "天才": 1, "美誉": 1, "半年": 1, "男": 2, "项目组": 1, "独当一面": 1, "努力": 2, "卖": 2, "台": 2, "国内外": 1, "何止": 1, "符合": 1, "行情": 1, "1995年": 1, "售出": 1, "13亿": 1, "随后": 1, "问世": 1, "光纤": 1, "接入": 1, "TW": 1, "宽带": 1, "SDH": 1, "传输": 1, "微蜂窝": 1, "组织": 1, "成就": 1, "带领": 2, "青年": 1, "晕倒": 2, "查出": 1, "脑瘤": 2, "2002年": 1, "送医": 1, "发现": 1, "患有": 1, "境遇": 1, "上好": 1, "不遗余力": 1, "医疗": 1, "机构": 1, "送到": 1, "治疗": 3, "拨": 1, "专项": 1, "资金": 1, "精心": 1, "康复": 1, "痊愈": 1, "疲劳": 1, "患上": 1, "癌症": 1, "当初": 1, "拼命": 1, "精力": 1, "充沛": 1, "奋斗": 1, "病愈": 1, "激发": 1, "这才": 1, "犹如": 1, "定海": 1, "神针": 1, "掌舵者": 1, "可惜": 1, "停歇": 1, "一块": 1, "干渴": 1, "海绵": 1, "吸收": 1, "力量": 4, "壮大": 1, "匹": 1, "千里马": 1, "伯乐": 1, "策马扬鞭": 1, "所长": 1, "比作": 1, "树": 1, "树根": 1, "终能": 1, "棵": 1, "参天": 1, "大树": 1, "路透社": 1, "华尔街": 1, "外媒": 1, "Verizon": 6, "发起": 1, "230": 1, "专利": 54, "授权费": 8, "请求": 3, "金额": 1, "10亿": 1, "采购": 4, "核心": 2, "有线": 1, "设施": 1, "物联网": 1, "20多": 1, "涉及": 4, "使用者": 1, "回应": 2, "询问": 1, "这不": 1, "报告": 1, "本土": 1, "商业": 3, "此番": 1, "或许": 4, "正是": 2, "措施": 1, "CEO": 1, "上个月": 1, "关联": 1, "禁令": 1, "早早": 1, "澄清": 1, "恐怕": 2, "并非": 1, "单方面": 1, "诱发": 1, "外部": 2, "中兴": 1, "干扰": 1, "作出": 1, "一向": 1, "强势": 2, "专利费": 3, "海外": 1, "知识": 6, "产权": 2, "保护": 8, "条例": 1, "相关": 13, "权益": 2, "带给": 1, "水滴石穿": 1, "绝非": 1, "一日之功": 1, "三十": 1, "申请": 1, "声名": 1, "赫赫": 1, "终端": 3, "把持": 1, "打交道": 1, "缴纳": 1, "名声": 1, "传播": 1, "无论是": 1, "路由器": 2, "基站": 2, "熟悉": 1, "家用": 1, "光是": 1, "13万": 1, "储备": 2, "谈判": 1, "蕴含": 1, "起家": 1, "直至": 1, "自研": 3, "少有": 1, "基带": 3, "加持": 1, "诸如": 1, "堪称": 1, "包括": 2, "在内": 1, "数十": 1, "制定": 2, "将要": 1, "面临": 1, "搭建": 1, "议题": 1, "最多": 1, "天罡": 1, "得益": 1, "理论": 1, "便利": 1, "最先": 1, "上市": 1, "MWC": 1, "2019": 1, "惊艳": 1, "折叠屏": 1, "巴龙": 1, "测试": 4, "青睐": 1, "CPE": 2, "少见": 1, "展现": 1, "中都": 1, "口碑": 1, "授权": 12, "诞生": 1, "初衷": 1, "发明": 2, "应有": 2, "推动": 1, "智慧": 3, "纠纷": 4, "历史": 1, "积累": 1, "深厚": 1, "高通": 11, "支付": 5, "使用权": 1, "闹": 1, "沸沸扬扬": 1, "法庭": 1, "源于": 1, "47亿": 1, "签署": 1, "可见一斑": 1, "近年来": 1, "体量": 1, "越发": 1, "2019年": 1, "和解": 3, "5亿": 1, "低": 1, "大一": 1, "专栏": 1, "起步": 1, "来得": 1, "常见": 1, "只不过": 1, "769": 1, "件": 2, "98": 1, "平等": 1, "达成": 3, "交叉": 1, "八": 1, "40余": 1, "诉讼": 1, "外人": 1, "看上去": 1, "声势": 1, "浩大": 1, "幸福": 1, "烦恼": 1, "额外": 1, "自古以来": 1, "多么": 1, "稀奇": 3, "忽略": 1, "实际上": 1, "人类": 1, "结晶": 1, "随意": 1, "窃取": 1, "本身": 1, "迸发": 1, "光芒": 1, "现象": 1, "兴起": 1, "利用": 1, "多半": 1, "收取": 1, "利润": 1, "小雷": 1, "生存": 1, "单纯": 1, "坐拥": 1, "营业": 1, "称作": 1, "流氓": 1, "完善": 1, "机制": 1, "转化": 1, "头脑们": 1, "中关村": 1, "在线": 1, "从来": 1, "命脉": 1, "谷歌": 2, "移除": 1, "前一阵子": 1, "极光": 11, "Aurora": 2, "OS": 1, "后手": 1, "新鲜": 1, "安卓": 6, "开源": 2, "前身": 1, "sailfish": 1, "旗鱼": 8, "当年": 2, "诺基亚N9": 1, "MeeGo": 4, "祖先": 1, "芬兰": 1, "塞班": 1, "命运多舛": 1, "名叫": 3, "Windows": 2, "Phone": 2, "Android": 1, "混战": 1, "开放性": 1, "胜利": 1, "Jolla": 4, "脱离": 1, "Mee": 1, "Go开源": 1, "分支": 1, "Mer": 2, "X86": 1, "ARM": 2, "挑": 1, "中间层": 1, "程序": 1, "东西": 1, "微软": 1, "明白": 1, "经营不善": 1, "度日": 1, "2016年": 1, "地区": 1, "运营": 1, "Open": 1, "Mobile": 1, "Platform": 1, "OMP": 2, "Rostelecom": 3, "收购": 1, "四分之三": 1, "股权": 1, "改名": 1, "剥离": 1, "兼容层": 1, "看作": 1, "一部分": 2, "大单": 1, "本来": 1, "深度": 1, "合约机": 1, "预装": 1, "还要": 1, "生态": 2, "至少": 1, "坏": 1, "7192770": 1}