{"1": 2, "初": 1, "探": 1, "5G": 197, "手机": 86, "模样": 1, "PConline": 1, "专业": 1, "评测": 1, "2019年": 8, "6月": 4, "6日": 1, "注定": 1, "一个": 29, "值得": 2, "载入": 1, "史册": 1, "日子": 1, "本身": 4, "数字": 5, "吉利": 1, "中国": 52, "牌照": 4, "正式": 13, "发放": 1, "时间": 13, "意味着": 4, "网络": 42, "商用": 9, "发展": 14, "快车道": 1, "国内": 13, "领先": 5, "厂商": 3, "华为": 196, "领域": 11, "布局": 1, "25日": 3, "旗下": 1, "Mate": 31, "X": 46, "(": 35, ")": 35, "终端": 14, "电信": 5, "设备": 23, "进网": 4, "许可证": 5, "7月": 13, "26日": 6, "发布": 15, "开启": 8, "预售": 6, "简单": 5, "参数": 1, "配置": 3, "大体": 1, "支持": 28, "下一代": 1, "通讯": 3, "技术": 26, "40W": 2, "超级": 5, "快充": 4, "这次": 12, "升级": 4, "亮点": 2, "外观": 5, "：": 59, "沉浸式": 2, "视觉": 3, "体验": 8, "毫无疑问": 1, "名": 1, "初次": 1, "接触": 1, "用户": 9, "肯定": 5, "这块": 2, "7.2": 4, "英寸": 5, "全景": 3, "巨幕": 3, "屏所": 2, "震撼": 1, "毕竟": 2, "放": 3, "屏幕": 6, "尺寸": 1, "妥妥": 1, "平板": 1, "范畴": 1, "之内": 1, "上手": 1, "段": 2, "感觉": 4, "突兀": 1, "反而": 2, "熟悉": 2, "舒适": 2, "第一": 17, "触感": 1, "开头": 1, "吸引": 1, "超高": 1, "屏占": 1, "窄": 1, "边框": 1, "相得益彰": 1, "享受": 1, "爽": 1, "影音": 1, "娱乐": 2, "方式": 9, "强化": 1, "办公": 2, "技能": 1, "文档": 1, "编辑": 2, "图片": 6, "手写": 1, "文字": 2, "都": 40, "从容应对": 1, "OLED": 1, "1080P": 1, "+": 28, "级别": 3, "分辨率": 2, "主流": 3, "观感": 1, "不曾": 1, "拥有": 5, "弱项": 1, "游戏": 5, "全方位": 1, "设计感": 1, "体现": 1, "特色": 1, "背面": 2, "灵感": 1, "来源于": 1, "超跑": 1, "四": 5, "眼": 1, "车灯": 1, "徕卡": 4, "三": 9, "摄": 13, "居中": 1, "摆放": 1, "设计": 12, "有种": 1, "历久弥新": 1, "气质": 1, "高度": 1, "雷同": 1, "摄像头": 5, "翡": 2, "冷翠": 2, "机身": 2, "质感": 1, "努力": 6, "感受": 2, "背后": 1, "丝丝": 1, "斜条纹": 1, "带来": 2, "无比": 1, "手感": 1, "解决": 3, "玻璃": 1, "材质": 1, "易滑粘": 1, "指纹": 1, "烦恼": 1, "网速": 4, "终将": 1, "一日": 1, "千里5G": 1, "测试": 7, "实测": 4, "下载": 7, "速度": 17, "4G": 28, "八": 1, "倍": 8, "常规版": 1, "依旧": 1, "搭载": 10, "顶尖": 1, "芯片": 13, "麒麟980": 7, "世界": 13, "首款": 8, "采用": 13, "7nm": 4, "制程": 2, "SoC": 1, "集成": 1, "NPU": 1, "旗舰": 4, "处理器": 7, "理论": 4, "性能": 9, "表现": 4, "测过": 1, "很多": 14, "不再": 1, "重复": 1, "主角": 1, "颗": 1, "业界": 1, "模全": 2, "网通": 2, "巴龙": 5, "5000": 7, "1月份": 1, "基带": 2, "工艺": 1, "勇夺": 1, "六": 1, "项": 2, "单芯片": 1, "多模2G/3G/4G/5G": 1, "、": 84, "NSA": 8, "独立": 20, "SA": 8, "组网": 15, "NR": 1, "TDD": 1, "FDD": 1, "频谱": 1, "6GHz": 1, "100MHz": 1, "双载": 1, "波聚合": 1, "宽带": 2, "3": 4, "GPP": 1, "R14": 1, "V2": 1, "X车": 1, "联网": 1, "协议": 3, "峰值": 3, "速率": 8, "6G": 3, "Hz": 1, "200MHz": 1, "4.6Gbps": 1, "毫米波800": 1, "MHz": 1, "6.5Gbps": 1, "加持": 4, "卓越": 2, "联接": 1, "能力": 6, "兼容": 5, "3G": 4, "2G": 2, "多种": 1, "制式": 1, "款": 10, "双模": 4, "时代": 6, "获首": 1, "公布": 5, "唯一": 5, "友商": 1, "只能": 3, "选择": 11, "全都": 1, "风和日丽": 1, "间隙": 1, "走访": 2, "广州": 3, "信号": 4, "覆盖": 3, "人肉": 1, "联通": 3, "基站": 3, "进度": 1, "快": 12, "上午": 1, "发现": 3, "不错": 1, "测得": 1, "广场": 1, "下行": 3, "732": 1, "Mbps": 3, "91.5M/s": 1, "上行": 4, "95.9Mbps": 1, "12M/s": 1, "尝试": 2, "28.3M/s": 1, "距离": 1, "数值": 1, "差距": 1, "建设": 9, "初期": 3, "成绩": 1, "接受": 10, "甩开": 1, "身位": 1, "数据": 3, "内容": 4, "源": 1, "服务器": 2, "周边": 1, "环境": 2, "在线": 1, "数量": 1, "因素": 1, "影响": 11, "波动性": 1, "现象": 5, "泰尔": 1, "实验室": 2, "检测": 2, "1.85": 1, "Gbps": 1, "全程": 1, "5": 3, "G速率": 1, "稳定": 8, "600-700": 1, "内": 3, "算": 2, "进一步": 1, "提升": 9, "接近": 1, "拍照": 14, "影像": 1, "系统": 36, "原汁原味": 1, "Style徕卡": 1, "永远": 2, "谈论": 1, "越过": 1, "品质": 1, "4000万": 3, "像素": 10, "广角": 5, "镜头": 6, "2000万": 3, "素超": 1, "800万": 6, "素长": 1, "焦": 6, "无需": 2, "更换": 1, "焦段": 1, "自由": 2, "切换": 5, "远观": 1, "动物": 1, "迁徙": 1, "收揽": 1, "群城": 1, "壮美": 1, "微缩": 1, "场景": 5, "转换": 1, "得心应手": 1, "白天": 1, "样张": 1, "延续": 1, "水平": 4, "发挥": 2, "焦快": 1, "白": 1, "平衡": 1, "飘": 1, "得益": 1, "AI": 1, "画面": 1, "想要": 2, "调参": 1, "花草": 1, "植物": 2, "马上": 1, "绿植": 1, "模式": 6, "树叶": 1, "绿": 1, "鲜亮": 1, "花朵": 1, "娇艳欲滴": 1, "变焦": 5, "很": 25, "出色": 1, "具备": 4, "光学": 1, "混合": 3, "10": 8, "用来": 1, "拍摄": 3, "远处": 1, "景物": 1, "大楼": 2, "外墙": 1, "显得": 1, "清晰": 1, "用性": 1, "极其": 2, "亮眼": 1, "点击": 1, "观看": 1, "超广角": 2, "普通人": 1, "拍出": 1, "艺术感": 1, "照片": 2, "可玩性": 1, "像是": 1, "组样": 1, "随意": 1, "寻找": 2, "角度": 5, "线条": 1, "那种": 1, "艺术": 1, "气息": 1, "浓艳": 1, "夜景": 2, "主场": 1, "浓墨重彩": 1, "描述": 1, "确实": 1, "钦佩": 1, "暗光": 2, "控制": 8, "刻意": 1, "调亮": 1, "真实": 2, "情况": 4, "还原": 1, "；": 15, "高光": 1, "中性": 1, "即可": 2, "生活": 7, "缺少": 1, "美": 2, "美的": 1, "眼光": 1, "加上": 2, "超": 3, "！": 14, "4": 3, "起点": 1, "方舟": 3, "EMUI": 7, "进化": 3, "出厂": 1, "预装": 1, "基于": 3, "Android": 1, "9": 10, "9.1.1": 2, "整体": 1, "界面": 1, "UI": 1, "兄弟": 1, "系列": 14, "太": 8, "差别": 1, "内在": 1, "不少": 3, "独家": 2, "推出": 8, "全新": 2, "读": 2, "文件": 2, "EROFS": 2, "安卓": 8, "分区": 1, "随机": 2, "底层": 1, "效率": 1, "读取": 1, "平均": 1, "20%": 1, "ROM": 1, "空间": 4, "占用": 1, "优化": 1, "9.1": 2, "编译器": 2, "高效": 1, "静态": 1, "编译": 2, "资源": 1, "消耗": 1, "动态": 1, "流畅度": 2, "24%": 1, "响应": 1, "44%": 1, "第三方": 1, "操作": 12, "高达": 1, "60%": 1, "智慧": 4, "剪辑": 4, "HUAWEI": 2, "Vlog": 1, "功能": 7, "视频": 4, "辅助": 1, "利用": 1, "人工": 2, "智能": 10, "选取": 1, "轻松": 1, "精彩": 1, "如今": 2, "环": 1, "倡导": 1, "健康": 3, "习惯": 1, "这是": 8, "事情": 6, "未成年人": 1, "自控力": 1, "弱": 2, "为此": 1, "融入": 1, "统计": 3, "管理": 4, "睡眠": 1, "远程": 3, "定位": 3, "设置": 1, "App": 1, "各类": 1, "孩子": 2, "在校": 1, "过度": 1, "沉迷": 1, "管控": 1, "自动": 6, "位置": 1, "安全性": 1, "版本": 7, "迭代": 2, "迈入": 1, "国产": 1, "部队": 1, "Mate20": 8, "——": 1, "7nm巴龙": 2, "麒麟": 2, "980": 2, "顶级": 1, "优雅": 1, "首秀": 1, "这一切": 1, "才": 7, "刚刚": 2, "远远": 1, "终点": 1, "期待": 3, "未来": 11, "带给": 1, "种种": 1, "改变": 4, "文": 1, "凉熙": 1, "前段": 1, "美国": 80, "打压": 5, "闹": 1, "沸沸扬扬": 1, "不可告人": 1, "目的": 2, "扣上": 1, "莫须有": 1, "罪名": 1, "禁止": 2, "企业": 16, "购买": 2, "产品": 11, "从此": 1, "一蹶不振": 1, "事实上": 2, "不难": 1, "近年来": 1, "科技": 14, "2018年": 1, "中兴": 11, "遏制": 7, "理由": 1, "找": 1, "去年": 4, "成功": 2, "损害": 1, "制裁": 8, "损失": 1, "维护": 1, "大国": 2, "美誉": 1, "想到": 2, "事与愿违": 1, "合作": 8, "停止": 2, "断供": 3, "公司": 35, "举措": 1, "加快": 1, "研发": 3, "推动": 3, "海思": 1, "鸿蒙": 7, "震惊": 1, "全世界": 10, "强大": 4, "最初": 1, "禁令": 2, "消退": 1, "之间": 1, "不得不": 1, "撤销": 1, "这项": 1, "场": 1, "闹剧": 1, "淡出": 1, "视线": 1, "抵制": 1, "再次": 1, "提出": 3, "糟糕": 1, "想法": 3, "大疆": 3, "无人机": 1, "美方": 3, "实力": 2, "事实": 2, "堵住": 1, "嘴": 1, "无言以对": 1, "接连": 1, "挫折": 1, "颜面": 1, "尽失": 1, "针对": 2, "效果": 2, "注意力": 1, "转向": 1, "马云": 7, "阿里巴巴": 6, "电子": 1, "商务": 1, "巨头": 1, "期间": 1, "马玉": 1, "间接": 1, "综合": 2, "低估": 1, "折腾": 1, "阿里": 9, "早": 3, "预料": 1, "先发制人": 1, "吃": 1, "一鼻子灰": 1, "众所周知": 1, "知名": 2, "云计算": 7, "杰出": 1, "克服": 1, "世界性": 1, "全球": 13, "市场": 15, "地位": 2, "越来越": 2, "面对": 6, "亚马逊": 1, "微软": 1, "丝毫": 1, "恐惧": 1, "成就": 1, "业务": 11, "往来": 1, "计划": 4, "失败": 1, "措施": 2, "退出": 2, "关系": 3, "结束": 2, "份额": 1, "占据": 1, "想": 6, "阿里云": 1, "主动": 1, "攻击": 2, "相比": 1, "等待": 6, "到来": 1, "不久前": 1, "取消": 1, "提供": 9, "数百万": 1, "工作": 3, "岗位": 2, "机会": 4, "成立": 1, "一家": 4, "研究": 2, "机构": 3, "高于": 1, "优惠": 1, "待遇": 1, "科学": 1, "纷纷": 1, "进来": 2, "做法": 1, "尚未": 1, "粉碎": 1, "吸收": 1, "专家": 2, "迈出": 2, "崛起": 1, "登顶": 1, "享誉": 1, "一等": 5, "长": 4, "处在": 1, "制造业": 1, "低端": 3, "跨国": 1, "打工仔": 1, "即将": 1, "互联网": 3, "弯道": 1, "超车": 3, "自然": 1, "盟友们": 1, "感到": 1, "不安": 1, "科学技术": 1, "看法": 1, "本文": 1, "商媒体": 1, "原创": 1, "出品": 1, "未经": 1, "许可": 1, "渠道": 1, "平台": 3, "请勿": 1, "转载": 1, "违者": 1, "必究": 1, "急": 2, "沸腾": 2, "劝": 1, "买": 4, "关注": 4, "焦点": 1, "包括": 7, "疯狂": 1, "导致": 5, "好奇": 1, "到底": 3, "害怕": 2, "恐怕": 1, "适得其反": 1, "外国": 1, "友人": 1, "封杀": 1, "先进": 3, "算是": 1, "皆": 1, "广告": 2, "回过头": 1, "多么": 2, "神奇": 1, "升级版": 2, "第五": 1, "通信": 3, "幅度": 1, "显示": 3, "1000": 1, "相当于": 2, "1000兆": 1, "换算": 1, "125兆": 1, "秒": 1, "很快": 1, "mate20": 2, "5G版": 6, "跃跃欲试": 1, "笔者": 5, "奉劝": 1, "入手": 1, "时机": 1, "信息": 4, "称": 3, "首批": 3, "售价": 11, "超过": 4, "10000": 1, "元": 14, "8GB": 3, "256GB": 2, "标配版": 1, "6199": 4, "良心": 1, "价格": 9, "贵": 2, "2020年": 3, "饺子": 1, "上市": 13, "到时候": 1, "真的": 1, "白菜价": 1, "差": 1, "钱": 1, "率先": 2, "地区": 1, "陆续": 1, "普及": 1, "一两": 1, "比如说": 1, "韩国": 1, "实际上": 3, "高价": 1, "台": 1, "回去": 1, "网路": 1, "可用": 1, "这不": 1, "尴尬": 1, "估算": 1, "2022年": 1, "一半": 1, "上5G": 1, "就算": 1, "晚": 1, "高通": 3, "三星": 2, "联发科": 1, "紫光": 1, "初代": 2, "结论": 1, "能动": 1, "带": 3, "电源": 1, "耗电量": 1, "冰袋": 1, "发热": 1, "遥遥领先": 1, "着急": 2, "深圳": 2, "同步": 1, "预约": 3, "8月": 6, "16日": 3, "销售": 5, "业内": 1, "分析": 3, "预测": 1, "出货": 2, "17.5%": 2, "2023年": 2, "比例": 4, "大幅": 2, "62.7%": 2, "开售": 3, "消费者": 9, "产品线": 4, "总裁": 4, "何刚": 3, "以此": 1, "契机": 1, "探索": 1, "前沿": 1, "生态": 3, "开放": 1, "携手": 1, "伙伴": 1, "构筑": 1, "7nm5G": 1, "模组": 3, "SA/NSA": 1, "模": 1, "显示屏": 1, "2244": 1, "×": 1, "1080": 1, "配备": 3, "内存": 3, "存储": 1, "后置": 6, "协同": 2, "各国": 1, "运营商": 13, "端": 1, "芯": 1, "构建": 1, "优势": 4, "16时": 2, "08分": 4, "配色": 1, "10时": 2, "电商": 1, "生活馆": 1, "体验店": 1, "授权": 1, "零售商": 1, "价": 1, "低量": 1, "升除": 1, "23日": 3, "天机": 3, "Axon": 3, "Pro5G": 1, "版": 3, "通道": 1, "4999": 2, "证券报": 4, "记者": 4, "知情": 1, "人士": 1, "获悉": 2, "vivo": 4, "OPPO": 7, "Reno5G": 2, "工业": 8, "信息化": 2, "无线电": 4, "管理局": 2, "颁发": 2, "发射": 2, "型号": 2, "核准证": 2, "质量": 5, "认证": 8, "中心": 5, "CCC": 2, "资格": 2, "截至": 2, "17日": 2, "官网": 2, "共计": 2, "8": 3, "3C": 2, "3月": 1, "国元": 2, "证券": 2, "研报": 2, "指出": 2, "品牌": 4, "相继": 2, "产业链": 2, "成熟": 4, "难以": 3, "调研": 2, "IDC": 2, "预计": 4, "出货量": 5, "670万": 2, "占": 2, "0.5%": 2, "Canalys": 1, "工信部": 1, "新闻": 1, "发言人": 1, "闻库": 2, "回应": 1, "时间表": 1, "大概": 6, "一二十": 1, "基本上": 1, "年底": 5, "部署": 3, "征集": 1, "试验": 2, "过程": 4, "当年": 1, "磨合": 2, "发": 3, "明天": 1, "全国": 2, "循序渐进": 1, "产业界": 1, "手机界": 1, "研究院": 1, "院长": 1, "孙燕飚": 1, "量产": 1, "9月": 2, "密集": 1, "成本": 2, "均": 1, "4000": 3, "供应链": 2, "产能": 1, "明年": 9, "下半年": 1, "降": 1, "2500": 1, "来源": 6, "万众期盼": 1, "光环": 1, "沟通": 7, "现场": 3, "入网": 1, "对外": 1, "经济": 6, "日报": 2, "薄": 1, "直观": 1, "一加": 1, "VIVO": 1, "横空出世": 1, "悄然": 1, "来到": 3, "身边": 1, "电力": 1, "人类": 2, "社会": 14, "上传": 3, "5G卡": 1, "4G卡5G": 1, "王": 2, "介绍": 2, "现网": 1, "行速率": 1, "发布会": 2, "/": 2, "纳米": 1, "三大": 1, "频段": 1, "卡": 1, "双待": 1, "模组网": 1, "换机": 1, "平稳": 1, "过渡": 1, "屏": 3, "屏占比": 1, "87.83%": 1, "石": 1, "墨烯": 1, "VC液": 1, "冷": 1, "散热": 1, "电池": 2, "容量": 1, "4200": 1, "mAh": 2, "40": 1, "W华": 1, "关心": 2, "传闻": 1, "万元": 1, "并非": 1, "高不可攀": 1, "此款": 1, "进军": 3, "电视": 4, "行业": 2, "智慧屏": 4, "荣耀": 17, "CEO": 5, "余承东": 1, "智慧化": 2, "战略": 1, "围绕": 1, "衣食住行": 1, "无缝": 1, "服务": 3, "产业": 1, "大屏": 3, "互联": 1, "互通": 1, "变身": 1, "家居": 1, "抢发": 1, "千元机": 2, "Pro": 2, "硬件": 1, "骁龙": 1, "855": 1, "LTE": 1, "Reno": 2, "公开": 3, "报道": 4, "杨超斌": 1, "场合": 1, "日益": 1, "机型": 3, "下滑": 5, "趋势": 2, "有望": 1, "减缓": 1, "短期": 1, "放量": 1, "网友": 1, "评论": 3, "新浪": 1, "截图": 1, "微信号": 1, "新华": 1, "视点": 1, "责任": 4, "邢宇": 1, "请": 1, "点赞": 1, "↓↓↓": 1, "任正非": 33, "18日": 2, "创始人": 1, "广东": 1, "意大利": 29, "媒体": 10, "采访": 7, "在内": 3, "网心声": 1, "社区": 1, "圆桌": 1, "纪要": 1, "谈及": 2, "近期": 1, "增加": 2, "救": 4, "女儿": 8, "挺身而出": 2, "舆论": 2, "理解": 7, "30%": 3, "70%": 3, "还要": 2, "现年": 1, "75": 1, "岁": 1, "危机": 3, "时刻": 4, "适合": 2, "担任": 2, "领导": 4, "走出": 2, "黑暗": 2, "走向": 3, "光明": 2, "欧洲": 32, "选用": 1, "取决于": 4, "国家": 20, "意志": 2, "站": 3, "选择权": 2, "解释": 4, "形式": 5, "仅仅": 2, "拓宽": 2, "带宽": 3, "起到": 2, "自动化": 2, "作用": 2, "共用": 2, "核心网": 13, "单独": 2, "网": 2, "都会": 4, "变得": 2, "时延": 4, "毫秒级": 2, "新型": 2, "做好": 5, "招标法": 2, "才能": 6, "招标": 2, "西方": 1, "重申": 1, "安装": 7, "后门": 10, "领导人": 3, "指示": 2, "信心": 8, "底气": 2, "坚定": 2, "表态": 2, "签": 2, "贸易": 6, "管制": 4, "估计": 7, "今年初": 2, "1350亿": 2, "美元": 7, "收入": 2, "下降": 4, "300亿": 3, "1000亿": 2, "极端": 2, "缩小": 2, "亲眼": 2, "见到": 2, "身体": 2, "机器": 2, "部门": 2, "运转": 2, "洞": 12, "补": 5, "传送": 4, "……": 4, "优先": 2, "补洞": 5, "补好": 4, "4300-4400": 2, "70-80%": 2, "93%": 2, "洞会": 2, "补完": 2, "经营": 4, "业绩": 4, "补少": 2, "难": 2, "2021年": 2, "恢复": 2, "增长": 3, "外界": 2, "低": 3, "iOS": 2, "开发": 3, "初衷": 2, "用于": 2, "物联网": 3, "驾驶": 3, "支撑": 2, "手表": 2, "8K": 2, "车联网": 2, "谷歌": 5, "审批": 2, "尊重": 3, "拥护": 2, "权利": 3, "政府": 12, "执行": 1, "软件": 3, "更新": 1, "自研": 2, "开发者": 1, "大会": 2, "9日": 1, "松山湖": 3, "基地": 1, "本次": 1, "圆": 1, "桌纪": 1, "光临": 1, "美丽": 1, "喜欢": 3, "尖锐": 3, "提": 1, "坦诚": 1, "回答": 2, "谢谢": 1, "Antonio": 3, "Fatiguso": 3, "安莎": 3, "通讯社": 5, "12月": 1, "露面": 1, "十几": 1, "两三": 1, "孟晚舟": 2, "加拿大": 1, "拘留": 3, "见解": 2, "最终": 3, "讲话": 6, "内部": 1, "发生": 1, "温哥华": 1, "事件": 4, "纽约": 2, "东区": 2, "法院": 4, "起诉": 3, "纳入": 1, "实体": 2, "清单": 2, "国际": 2, "负面": 3, "带有": 1, "成见": 1, "危难": 1, "乌云抹去": 1, "透出": 1, "一点": 7, "光来": 1, "灰色": 1, "黑色": 1, "第二": 18, "话语权": 1, "承受": 1, "压力": 1, "讲": 6, "增强": 3, "客户": 5, "垮掉": 2, "负": 1, "供应商": 2, "活": 3, "卖给": 2, "零部件": 2, "将来": 2, "付款": 1, "员工": 4, "好好": 1, "打击": 2, "厉害": 2, "传递": 1, "正确": 3, "声音": 1, "指责": 2, "跳": 1, "正好": 1, "Fabio": 3, "Savelli": 3, "晚邮报": 3, "领头人": 1, "连接": 1, "基础": 2, "设施": 1, "来讲": 5, "变化": 1, "排除": 1, "推迟": 1, "持续": 2, "生存": 3, "处于": 1, "前列": 1, "选": 1, "贡献": 2, "放大": 1, "性质": 1, "B2C": 3, "传速率": 1, "图像": 2, "汽车": 10, "无人": 1, "秒钟": 1, "传出": 1, "保证": 1, "频道": 1, "宽度": 1, "10-100": 1, "宽": 1, "传输": 1, "结构": 4, "B2B": 2, "B": 1, "指": 1, "高速": 1, "运行": 1, "火车": 1, "飞机": 2, "4.0": 1, "生产": 3, "SA形式": 1, "优秀": 1, "医生": 3, "指导": 2, "乡镇": 1, "病人": 1, "心脏": 2, "手术": 1, "动刀": 2, "滞后": 1, "动手术": 1, "在座": 1, "搞": 1, "传播": 1, "拖尾": 1, "有时延": 1, "消灭": 1, "打开": 3, "信息包": 2, "涉及": 1, "传到": 1, "英国": 4, "特蕾莎·梅前": 1, "首相": 1, "采购": 1, "议员": 1, "辩论": 1, "核心": 1, "Filippo": 4, "Santelli": 4, "共和报": 3, "随时": 1, "关键": 2, "部件": 1, "判": 1, "死刑": 1, "供货商": 1, "依赖": 1, "落后": 1, "历史": 3, "旧": 2, "Bruno": 5, "Ruffilli": 5, "新闻报": 4, "股权室": 1, "票": 3, "否决权": 2, "共产党": 1, "否决": 3, "李克强": 2, "总理": 6, "十三": 1, "届": 1, "人大": 1, "会议": 2, "答": 1, "克罗地亚": 1, "参加": 1, "16+1": 1, "千万": 1, "破产": 1, "还债": 2, "辞职": 1, "创业": 1, "唯有": 1, "留": 1, "希望": 2, "格局": 1, "Andrea": 2, "Biondi": 2, "24": 2, "小时": 2, "太阳报": 2, "担心": 1, "告终": 1, "指控": 3, "法庭": 4, "判决": 2, "证据": 2, "做出": 2, "公正": 2, "公平": 1, "透明": 6, "德国": 2, "建立": 1, "统一": 1, "标准": 1, "检查": 4, "苛刻": 1, "至今": 1, "保障": 1, "6": 1, "Eugenio": 2, "Buzzetti": 2, "营业额": 2, "遭受": 1, "调整": 1, "备用": 1, "方案": 2, "磨合会": 1, "7": 1, "Samuel": 2, "Stolton": 2, "Euractiv": 2, "欧盟": 5, "感谢": 1, "不知": 1, "听说": 1, "最新": 1, "选举": 1, "欧委会": 1, "主席": 2, "冯德莱恩": 1, "当选": 1, "漂亮": 2, "步伐": 1, "简单化": 1, "庞大": 1, "奢侈品": 1, "服装": 1, "商品": 1, "降低": 1, "关税": 2, "抢占": 2, "消费": 1, "绑": 1, "战车": 1, "实惠": 2, "日本": 4, "占完": 1, "困难": 1, "高铁": 1, "法国": 2, "航空器": 2, "需求": 1, "大规模": 1, "投资": 4, "互补性": 1, "缝隙": 1, "中欧": 1, "快速": 1, "等到": 1, "吵完": 1, "架": 2, "遍地": 1, "盟友": 1, "占光": 1, "减少": 1, "步调": 1, "在于": 1, "人民": 3, "改善": 3, "意识": 1, "形态": 1, "大幅度": 1, "爆发": 1, "动乱": 1, "革命": 1, "繁荣": 1, "施压": 2, "消息": 1, "胜利": 1, "视": 1, "本土": 1, "二十多": 1, "信任度": 1, "建好": 1, "听到": 1, "所有权": 1, "上都": 1, "自愿": 1, "披露": 1, "持股数": 1, "1.14%": 1, "股份": 1, "状况": 1, "久远": 1, "香港": 2, "筹划": 1, "接班人": 2, "财务": 1, "外部": 2, "审计": 1, "KPMG": 1, "透明度": 1, "跑到": 1, "股东": 1, "代表大会": 1, "稍后": 1, "治理": 1, "稳步前进": 1, "总编们": 1, "定期": 1, "访问": 1, "循环": 1, "成长": 1, "一带": 1, "一路": 1, "北京": 1, "论坛": 1, "孔特": 2, "会谈": 3, "进展": 1, "愉快": 1, "怀疑": 1, "势力": 1, "手中": 1, "友好": 1, "信任": 4, "一部分": 1, "质疑": 2, "有人": 2, "地方": 2, "观点": 1, "能干": 1, "11": 1, "进攻": 1, "难道": 2, "协商": 1, "源代码": 1, "实行": 2, "黄金": 5, "权力": 5, "法案": 5, "政治": 1, "层面": 1, "撤出": 1, "达拉斯": 1, "法律": 2, "法治": 1, "做生意": 1, "审查": 5, "瑕疵": 1, "12": 1, "诺基亚": 2, "爱立信": 2, "歧视": 2, "牺牲者": 1, "巴不得": 1, "证明": 3, "13": 1, "多年": 1, "运营": 1, "记得": 1, "讨论": 2, "担忧": 2, "探讨": 1, "特朗普": 2, "形容": 2, "邪恶": 2, "王子": 2, "形象": 1, "矛盾": 1, "不准": 1, "有没有": 1, "打算": 1, "危害": 1, "魔王": 1, "百闻不如一见": 1, "拒绝": 1, "不必": 1, "魔头": 2, "从来": 1, "总统": 1, "领袖": 1, "14": 1, "雇员": 1, "伟晶": 1, "波兰": 2, "间谍": 1, "活动": 3, "审判": 3, "商业性": 1, "非商业": 1, "对方": 2, "行使": 1, "主权": 1, "回": 1, "对此": 2, "发表": 1, "言论": 1, "15": 1, "昨天": 2, "参观": 1, "建筑": 3, "欧式": 2, "取材": 1, "维罗纳": 1, "博洛尼亚": 1, "到过": 1, "太太": 1, "艺术品": 1, "家具": 1, "建筑师": 3, "中标": 1, "导向": 1, "所在": 1, "栋": 1, "16": 1, "比作": 1, "伊尔2": 1, "战机": 1, "最先": 1, "转移": 1, "替代": 1, "偶然": 1, "网上": 1, "跳动": 1, "身上": 2, "千疮百孔": 1, "17": 1, "刚才": 2, "纯": 1, "周边网": 1, "鸡蛋": 2, "篮子": 5, "不妥": 1, "超越": 2, "举动": 1, "代表": 2, "精力": 1, "思科": 1, "放心": 1, "串联": 1, "打破": 1, "平行": 1, "也许": 1, "误会": 2, "官员": 1, "消除": 2, "几十": 1, "18": 1, "Facebook": 1, "发行": 4, "区块链": 1, "货币": 5, "天秤币": 1, "霸主": 1, "放到": 1, "别人": 1, "力量": 1, "19": 1, "局势": 1, "充满": 1, "平等": 1, "财富": 3, "分配": 1, "两极化": 1, "背景": 1, "面临": 1, "挑战": 1, "扮演": 1, "角色": 1, "创造": 1, "享有": 1, "利益": 1, "贫困": 1, "有利于": 1, "穷人": 1, "穷": 1, "富人": 1, "投入": 1, "9X": 4, "赵明": 1, "骄傲": 1, "大哥": 3, "销量": 1, "多久": 1, "nova5i": 12, "艺人": 1, "晓彤": 1, "代言人": 3, "可谓": 1, "高调": 1, "nova5": 3, "城市": 1, "P30": 1, "换成": 1, "易烊": 1, "千玺": 1, "竟然": 3, "关晓彤": 1, "代言": 1, "打造": 1, "年轻": 3, "人群": 1, "煞费苦心": 1, "群体": 2, "怎奈": 1, "火热": 1, "动摇": 1, "推nova5i": 1, "pro一点": 1, "前置": 3, "3200万": 1, "4800万": 4, "彩色": 2, "F1.8": 1, "光圈": 4, "200万": 6, "微距": 2, "深度": 2, "PDAF": 2, "contrast": 2, "对焦": 2, "搭配": 2, "麒麟810": 3, "128G": 2, "2199": 2, "起步": 3, "价位": 1, "差不多": 1, "XPRO": 1, "128GB": 2, "区别": 2, "不仅仅": 1, "大小": 2, "摄像": 1, "素主": 1, "素景": 1, "镜头du": 1, "猫头鹰": 1, "算法": 1, "102400": 1, "ISO": 1, "AIS": 1, "手持": 1, "30s": 1, "曝光": 1, "1600万": 2, "升降式": 3, "9Xpro": 1, "全景屏": 1, "挖": 1, "孔屏": 1, "背部": 1, "浴霸": 2, "组合": 3, "闪光灯": 1, "对比": 3, "实在": 1, "追求": 1, "PRO": 1, "盘点": 1, "下华": 1, "麒麟710": 2, "2400万": 2, "f/1.8": 2, "置单": 1, "f/2.0": 1, "1999": 2, "相位": 1, "反差": 1, "主摄": 1, "超强": 1, "续航": 1, "超清夜": 1, "拍": 1, "6.59": 1, "升降": 1, "全网通": 1, "6GB": 1, "1899": 1, "依然": 3, "nova5ipro": 1, "很难说": 1, "优劣势": 1, "元也": 1, "亏": 1, "nova": 2, "5ipro": 1, "块钱": 1, "主打": 4, "5i": 1, "竖排": 1, "面板": 1, "标配": 1, "充电器": 1, "毫安": 1, "红外": 1, "遥控": 1, "发错": 1, "颜值": 2, "叫板": 1, "小米": 1, "CC9": 1, "交织": 1, "不赖": 1, "交流": 1}