{"作者": 1, "：": 13, "万能": 1, "大熊": 1, "每次": 1, "华为": 220, "发布": 12, "新品": 1, "都": 27, "全民": 1, "刷屏": 1, "这次": 1, "P30Pro": 1, "行业": 9, "震惊": 1, "手机": 59, "拍照": 1, "提高": 3, "一个": 35, "前所未有": 1, "高度": 2, "创新": 3, "无人区": 1, "超过": 13, "独占领先": 1, "去年": 7, "出货量": 4, "突破": 2, "两亿": 1, "台": 6, "全球": 25, "三": 2, "挑战": 2, "2.5亿": 1, "第二": 3, "位置": 2, "单纯": 1, "领先": 3, "战略": 8, "预期": 1, "打造": 1, "场景": 5, "智能": 38, "生活": 13, "才": 5, "所在": 3, "P30": 2, "发布会": 3, "推出": 7, "系列": 2, "智慧": 8, "单品": 1, "会后": 1, "专访": 1, "消费者": 28, "业务": 48, "大中华区": 1, "总裁": 1, "朱平": 3, "深度": 4, "思考": 2, "2019年": 2, "目标": 2, "落地": 10, "先行": 1, "生态": 8, "随后": 3, "不仅仅": 3, "产品": 22, "入口": 5, "当下": 1, "用户": 17, "正是": 4, "互联网": 2, "服务": 14, "接轨": 1, "诸多": 3, "最终": 4, "操控": 1, "管理": 5, "强势": 3, "增长": 17, "未来": 11, "打开": 1, "普及": 1, "融入": 2, "典型": 1, "案例": 2, "笔记本": 1, "电脑": 2, "发展": 11, "迅猛": 1, "卖点": 1, "独特": 1, "外观": 1, "设计": 2, "屏幕": 1, "比例": 1, "眼睛": 1, "最为": 1, "huaweishare": 1, "互通": 1, "互联": 2, "无缝": 1, "连接": 8, "整合": 1, "提升": 4, "生产力": 1, "接入": 3, "终端": 10, "1+8+N": 1, "1": 1, "主入口": 1, "8": 2, "4": 2, "大屏": 4, "PC": 4, "、": 79, "平板": 3, "车机": 1, "耳机": 2, "音箱": 2, "手表": 1, "眼镜": 1, "N": 3, "泛IoT": 1, "硬件": 5, "HiLink": 1, "1+8": 1, "合作": 7, "伙伴": 2, "更为": 1, "开放": 3, "形态": 1, "思路": 1, "清晰": 1, "入口级": 1, "亲力亲为": 1, "生态级": 1, "共赢": 1, "保证": 2, "稳定性": 1, "多样性": 1, "既有": 1, "基于": 2, "视觉": 1, "触觉": 1, "交互": 3, "方式": 2, "语音": 1, "一点": 3, "爆品": 1, "HUAWEI": 1, "WATCHGT": 1, "健康": 3, "超长": 1, "续航": 1, "联合": 1, "301": 1, "医院": 1, "心脏": 1, "研究": 2, "价值": 4, "长期": 1, "佩戴": 1, "击中": 1, "痛点": 3, "主流": 1, "支撑": 1, "基础": 1, "做好": 2, "协同": 1, "联动": 1, "技术": 14, "体验": 5, "层面": 2, "管控": 1, "设备": 7, "厂商": 3, "体系": 2, "面向": 1, "数亿": 1, "选择": 7, "福音": 1, "交流": 1, "用心": 2, "心中": 3, "看似": 1, "家里": 1, "本质": 1, "沟通": 3, "朱": 1, "平说": 1, "专营店": 1, "截止": 1, "1156": 1, "年底": 3, "1450": 1, "覆盖": 2, "中国": 18, "95%": 2, "市级": 1, "体验店": 4, "1000": 1, "希望": 3, "大概": 1, "1300": 1, "县级": 1, "2500": 1, "3000": 1, "县": 1, "渠道": 4, "深化": 2, "平台": 1, "品牌": 12, "心目": 1, "才能": 5, "家中": 2, "深刻": 1, "包含": 1, "课程": 5, "学堂": 1, "很多": 9, "学习": 3, "针对": 2, "6": 6, "课件": 1, "14": 1, "增加": 3, "几十": 1, "针对性": 1, "优化": 1, "更多": 1, "科技": 5, "培训": 1, "都会": 3, "标准化": 2, "一部分": 2, "售后服务": 2, "备受": 1, "老": 2, "称赞": 1, "软件": 3, "照顾": 1, "升级": 5, "系统": 2, "兼顾": 1, "机型": 4, "佳话": 1, "亲民化": 1, "安心": 1, "售后": 1, "没事": 1, "店": 1, "坐": 2, "类似": 1, "99": 1, "元": 21, "/": 1, "129": 1, "电池": 1, "举措": 1, "赢得": 1, "广泛性": 1, "认同": 1, "采访": 1, "传递": 1, "信息": 4, "处于": 4, "高速": 3, "阶段": 2, "推陈出新": 1, "迭代": 1, "形象": 1, "后者": 1, "反而": 1, "值得": 1, "关注": 3, "大部分": 3, "企业": 5, "带货": 1, "能力": 4, "忽略": 1, "宣传": 1, "销售": 7, "很": 10, "认知": 1, "沉淀": 1, "差别": 1, "研发": 12, "投入": 7, "无敌": 1, "客户": 1, "下沉": 1, "两手": 2, "不难": 2, "理解": 1, "下滑": 7, "趋势": 2, "依旧": 3, "高歌猛进": 1, "5G": 37, "时代": 8, "优势": 3, "万事": 1, "万物": 3, "联网": 2, "本身": 3, "擅长": 1, "信赖": 1, "成长": 5, "领域": 5, "软实力": 2, "软品牌": 1, "资本": 2, "强大": 3, "光芒": 1, "掩盖": 1, "标配": 1, "带动": 1, "持续": 3, "国内": 1, "50%": 1, "市场": 17, "份额": 3, "并非": 2, "令人瞩目": 1, "名片": 1, "船票": 1, "默默": 1, "搞": 3, "通讯": 2, "拥趸": 1, "二十多": 1, "如今": 2, "长成": 1, "巨兽": 1, "日子": 1, "华为站": 1, "新闻": 1, "风口": 1, "先是": 2, "紧随": 1, "苹果": 53, "场": 2, "硬核": 1, "热乎": 1, "劲儿": 1, "2018年": 18, "年报": 8, "上市": 3, "打算": 1, "公布": 4, "习惯": 1, "3月": 1, "29日": 1, "年度": 2, "报告": 2, "显示": 6, "收入": 16, "7212亿": 2, "1052亿": 2, "美元": 10, "同比": 10, "19.5%": 1, "净利润": 14, "593亿": 2, "2017年": 5, "474亿": 1, "25.1%": 2, "这是": 3, "首次": 3, "交出": 2, "千亿": 2, "营收": 6, "成绩单": 2, "的确": 1, "份": 2, "令人满意": 1, "高光": 1, "时刻": 1, "只不过": 2, "数据": 9, "美": 1, "表象": 1, "接下来": 1, "背后": 2, "秘密": 1, "运营商": 21, "增速": 4, "放缓": 2, "主力": 1, "分为": 2, "三大": 1, "板块": 2, "通信": 1, "网络": 5, "企业们": 1, "提供": 3, "解决": 2, "方案": 3, "2012年": 1, "总收入": 3, "贡献": 2, "最多": 2, "称为": 1, "顶梁柱": 2, "透过": 1, "结构": 1, "1.3%": 1, "现象": 1, "往前": 1, "推": 1, "2016年": 1, "23.6%": 1, "幅度": 1, "相比": 1, "仅仅": 1, "2.5%": 1, "表现": 1, "2978亿": 1, "2940亿": 1, "呈现": 1, "较为": 1, "意味着": 3, "瓶颈期": 1, "运营": 2, "遭遇": 1, "逆流而上": 1, "指": 1, "电子": 2, "宽带": 1, "家庭": 3, "财报": 1, "大幅": 1, "替代": 1, "2018": 2, "3489亿": 1, "45%": 1, "占比": 1, "48.4%": 1, "占": 3, "41%": 1, "含": 1, "荣耀": 1, "发货量": 4, "2.06亿": 2, "35%": 1, "330%": 1, "14%": 1, "穿戴": 1, "同步": 1, "120%": 1, "也就是说": 3, "可穿戴": 2, "动力": 1, "走势": 2, "截然不同": 1, "重心": 1, "转向": 2, "C端": 3, "2B": 1, "项": 3, "重视": 2, "排除": 1, "导致": 1, "外因": 1, "空间": 3, "角度": 1, "触到": 1, "天花板": 1, "受限": 1, "竞争": 7, "对手": 7, "虎视眈眈": 1, "情况": 4, "找": 2, "突破口": 1, "增长点": 1, "解释": 2, "势头": 1, "突破性": 2, "不无": 1, "关系": 4, "品牌力": 1, "性价比": 1, "完善": 1, "简言之": 1, "历史": 1, "想象": 3, "规划": 1, "策略": 1, "加速": 1, "利润": 5, "筹划": 1, "关键": 2, "提到": 2, "实际上": 6, "现金流": 2, "下降": 2, "经营": 1, "活动": 1, "746亿": 1, "22.5%": 1, "对此": 2, "存货": 1, "确实": 4, "重点": 2, "放": 2, "B端": 1, "或者说2B": 1, "2C华": 1, "想": 4, "抓": 1, "付出": 1, "费用": 5, "相关": 1, "统计": 3, "1015亿": 1, "14.1%": 1, "报": 1, "现场": 2, "披露": 2, "4800亿": 2, "筑成": 1, "护城河": 1, "宽": 1, "回来": 3, "火车头": 1, "三星们": 1, "整体": 2, "三星": 29, "太": 4, "差距": 6, "依然": 1, "大单": 1, "满园": 1, "硕果": 1, "折算": 1, "人民币": 3, "全年": 3, "1.47万亿": 1, "3554亿": 1, "利润率": 2, "24.03%": 1, "88亿": 1, "8.22%": 1, "公司": 27, "第三": 1, "季度": 2, "净": 1, "营业": 1, "530亿": 1, "115亿": 1, "对比": 3, "超越": 2, "成绩": 1, "赶超": 1, "面临": 3, "严峻": 1, "相差": 1, "远": 1, "原因": 4, "销量": 5, "IDC": 1, "2.923亿": 1, "2.088亿": 1, "落后": 3, "程度": 1, "影响": 1, "定位": 2, "高端": 4, "均": 1, "低": 3, "布局": 1, "均价": 4, "领先于": 1, "2033": 1, "1694": 1, "综合": 1, "因果": 1, "好在": 1, "抢先": 1, "观察者": 1, "网": 1, "报道": 2, "美国": 23, "防部": 1, "旗下": 1, "咨询": 1, "部门": 2, "国防": 1, "委员会": 1, "Defense": 1, "Innovation": 1, "Board": 1, "4月": 3, "3日": 1, "名为": 1, "国防部": 1, "风险": 1, "机遇": 1, "指出": 1, "地位": 2, "领军者": 1, "海外": 1, "供应": 3, "一万": 1, "基站": 1, "拿下": 1, "28%": 1, "电信": 1, "‘": 1, "版图": 1, "’": 1, "扩张": 1, "到来": 1, "快速": 1, "不久后": 1, "产业": 2, "值得一提的是": 1, "早": 2, "志向": 1, "终端商": 4, "修建": 1, "高墙": 1, "供应商": 4, "试图": 1, "竞争力": 2, "获取": 1, "青睐": 1, "CEO": 1, "余承东": 1, "新年": 1, "信中": 1, "存活": 1, "一家": 6, "足以": 1, "见得": 1, "信念": 1, "坚定": 1, "现实": 2, "物联化": 1, "智能化": 1, "跨": 1, "兼容": 2, "地步": 1, "家居": 2, "走到": 1, "密集": 1, "未能": 1, "统一": 2, "时期": 1, "亟待": 1, "套": 1, "协议": 3, "想要": 1, "疯狂": 1, "布置": 1, "或许": 1, "流畅": 1, "便捷": 1, "早些时候": 1, "互利": 1, "原则": 1, "态度": 2, "触碰": 1, "生态圈": 1, "内": 3, "商业": 1, "利益": 1, "连接者": 1, "liteOS": 1, "物联网": 1, "芯片": 56, "SKD": 1, "APP": 1, "云路": 1, "由器": 1, "之间": 1, "此次": 1, "提取": 1, "可观": 1, "角色": 1, "多久": 1, "站稳": 1, "身份": 1, "营销": 1, "权衡": 1, "强劲": 1, "事实": 1, "停下": 1, "追赶": 1, "脚步": 1, "+": 1, "长": 1, "时间": 2, "绘制": 1, "蓝图": 1, "◆": 1, "这不": 2, "正解局": 1, "出品": 1, "重要性": 1, "恐怕": 2, "不说": 1, "明白": 2, "大洋": 1, "对岸": 1, "封杀": 4, "巨头": 8, "股价": 1, "暴跌": 1, "40%": 2, "市值": 2, "蒸发": 1, "170": 1, "亿": 1, "一度": 1, "命悬": 1, "一线": 1, "成千上万": 1, "失业": 1, "威胁": 3, "陷入": 1, "可用": 1, "困境": 1, "围绕": 1, "操作": 2, "眼花缭乱": 1, "卖": 4, "17日": 2, "死敌": 1, "高通": 39, "和解": 3, "英特尔": 7, "退出": 3, "争夺战": 1, "正式": 2, "开打": 1, "1.": 1, "盛宴": 1, "划时代性": 1, "全新": 1, "赛道": 1, "功能机": 1, "智能机": 1, "王者": 1, "诺基亚": 4, "摩托罗拉": 18, "消失": 3, "无影无踪": 1, "倒是": 1, "蹦出": 1, "小米": 3, "霸主": 1, "大局": 1, "加上": 1, "OPPO": 3, "vivo": 2, "霸王": 1, "来临": 1, "轻视": 1, "死翘": 1, "翘": 1, "；": 3, "建立": 1, "帝国": 1, "预测": 1, "2021年": 2, "1.1亿": 1, "规模": 2, "个个": 1, "争先恐后": 1, "2月": 1, "第一": 2, "款": 4, "商用": 1, "Galaxy": 1, "S10": 1, "韩国": 1, "售价": 1, "高达": 2, "155.65万": 1, "韩元": 2, "将近": 4, "9200": 1, "块": 2, "中兴": 1, "纷纷": 1, "东山再起": 1, "三巨头": 1, "默不作声": 1, "判断": 1, "2020年": 2, "整整": 1, "商场": 1, "战场": 1, "战机": 1, "稍纵即逝": 1, "步步": 1, "iPhone": 5, "3.2%": 1, "瑞银": 1, "分析师": 2, "取代": 1, ".": 2, "缺": 1, "芯": 1, "无可奈何": 1, "干着急": 1, "办法": 1, "卡住": 1, "脖子": 1, "熟悉": 1, "基带": 7, "控制": 1, "无线": 1, "信号": 1, "接收": 1, "发送": 1, "一块": 1, "砖头": 1, "玩": 1, "游戏": 1, "刷": 1, "微信": 1, "接打": 1, "电话": 1, "收发": 1, "短信": 1, "不行": 1, "紫光": 2, "晨锐": 2, "联发科": 2, "台湾": 1, "XS": 2, "Max": 1, "采用": 3, "渣": 1, "性能": 2, "差": 1, "买": 1, "傻": 2, "2.9亿": 1, "位居": 1, "赚": 1, "10.17万亿": 1, "差不多": 3, "601亿": 1, "排名": 2, "2.1亿": 1, "倍": 1, "这时候": 1, "挥刀自宫": 1, "礼貌": 1, "拒绝": 3, "不好意思": 1, "产能": 1, "多余": 1, "卖给": 1, "最牛": 1, "厂家": 2, "处理器": 2, "第1": 1, "10月": 1, "首款": 1, "X50": 1, "一共": 1, "3": 2, "x50": 1, "x55": 1, "FSM100": 1, "xx": 1, "市面": 1, "x50+": 1, "骁龙": 2, "855": 1, "不巧": 1, "不和": 1, "诉讼": 2, "控诉": 1, "排外": 1, "政策": 1, "过度": 3, "版权费": 1, "反击": 3, "起诉": 1, "侵犯": 1, "专利": 2, "福州": 1, "中院": 1, "判定": 1, "禁止": 1, "iPhoneX": 1, "在内": 1, "进口": 1, "水火不容": 1, "自主": 1, "10年": 1, "3940亿": 1, "重中之重": 1, "土豪": 1, "小事": 1, "快马加鞭": 1, "研制": 1, "黄花菜": 1, "凉": 1, "限于": 1, "1月": 1, "模": 1, "巴龙": 1, "5000": 1, "支持": 3, "多模5G": 1, "向下": 1, "4G": 1, "3G": 1, "2G": 1, "工艺": 1, "先进": 1, "能耗": 1, "互为": 1, "没法": 1, "世界": 4, "曲线": 1, "重返": 1, "有利于": 1, "改善": 1, "官方": 2, "毕竟": 4, "做生意": 1, "赚钱": 1, "丢掉": 1, "发达": 1, "经济体": 1, "公告": 1, "撤回": 1, "达成": 2, "许可": 1, "支付": 1, "笔": 1, "一次性": 1, "款项": 1, "多年": 1, "芯片组": 1, "金额": 1, "透露": 1, "诡异": 1, "4月初": 1, "宣称": 1, "不到": 1, "半": 1, "726": 1, "官司": 1, "索赔": 1, "10亿": 1, "着实": 1, "耐人寻味": 1, "携起": 1, "手": 1, "单独": 1, "站": 2, "国务卿": 3, "蓬佩奥": 2, "皮带": 2, "禁": 1, "理由": 2, "玩意儿": 1, "国家": 4, "美军": 2, "打仗": 2, "掉": 1, "裤子": 2, "……": 2, "内容": 1, "来自于": 2, "高级": 2, "副总裁": 2, "兼": 1, "隐私官": 1, "约翰·萨福克": 2, "昨天": 1, "深圳": 1, "大会": 1, "这位": 4, "洋": 3, "高管": 4, "政府": 6, "公平": 1, "打压": 3, "大吐苦水": 1, "说服": 1, "政客": 1, "怀疑": 1, "抱": 1, "证据": 1, "创始人": 1, "中国人": 1, "傲": 1, "过错": 1, "萨福克": 2, "政治": 2, "体制": 2, "人和": 1, "到底": 3, "斥责": 1, "给出": 1, "担忧": 1, "点名": 2, "调侃": 1, "一番": 1, "生产": 1, "士兵": 1, "时掉": 1, "…": 2, "..": 1, "耿": 1, "直哥": 1, "讽刺": 1, "——": 1, "2011年": 1, "居然": 2, "英国": 5, "首席": 2, "信息官": 1, "负责": 1, "工作": 3, "媒体": 2, "介绍": 1, "公务员": 2, "社会": 1, "常见": 1, "辞掉": 1, "铁饭碗": 1, "闯荡": 1, "经历": 1, "发生": 3, "高官": 2, "身上": 1, "拥有": 1, "履历": 1, "罕见": 1, "分公司": 1, "安全官": 2, "安迪·珀迪": 1, "Andy": 1, "Purdy": 1, "2004-2006年": 1, "国土": 1, "安全部": 1, "负责人": 1, "刚刚": 1, "说客": 1, "总统": 2, "奥巴马": 1, "萨米尔·贾恩": 1, "引来": 1, "特朗普": 1, "抱怨": 1, "...": 1, "国际化": 2, "资深": 1, "团队": 1, "不公平": 1, "抹黑": 1, "抵御": 1, "攻势": 1, "国际": 1, "舞台": 1, "绽放": 1, "光彩": 1, "优秀": 1, "必不可少": 1, "核心": 1, "视野": 1, "思维": 1, "人类": 1, "命运": 1, "共同体": 1, "具象": 1, "接纳": 1, "战胜": 1, "自私": 1, "保守": 1, "孤立主义": 1, "年前": 2, "雇佣": 1, "外国人": 1, "推进": 1, "麒麟海思": 3, "一直以来": 1, "国产": 2, "做出": 1, "努力": 1, "改变": 1, "麒麟": 2, "980": 2, "对话": 1, "权利": 1, "前列": 1, "麒麟980": 1, "想到": 1, "使用者": 1, "不用": 1, "！": 3, "出售": 1, "部件": 1, "产量": 1, "事业": 1, "起步": 1, "晚": 1, "早期": 1, "减少": 1, "低端": 1, "友商": 3, "带来": 1, "压力": 1, "肯定": 1, "真的": 1, "惹恼": 1, "危险": 1, "顺利": 1, "任正非": 6, "当初": 2, "距离": 1, "壮大": 1, "承认": 1, "快": 1, "职位": 1, "级别": 2, "网上": 1, "人均收入": 1, "110万": 2, "步入": 1, "中产": 1, "阶级": 1, "平均": 2, "一千万": 1, "工资": 8, "10": 1, "员工": 4, "10万": 1, "年薪": 1, "领导": 2, "工厂": 11, "普工": 3, "钱": 1, "辞职": 2, "朋友": 7, "聊天": 1, "答案": 1, "职工": 1, "数量": 1, "年终奖": 1, "工": 1, "外派": 1, "打工仔": 2, "富士康": 5, "晒出": 1, "工资条": 1, "上个月": 1, "发": 2, "工资单": 1, "当月": 1, "加班": 3, "总共": 1, "100": 1, "小时": 2, "应发": 1, "7757": 1, "扣": 1, "350": 2, "社保": 1, "块钱": 2, "公积金": 2, "房租": 1, "扣掉": 1, "到手": 1, "6500": 1, "说真的": 1, "拿到": 2, "挺": 1, "意外": 1, "旺季": 1, "没错": 1, "不错": 1, "唯一": 1, "地方": 1, "交": 1, "实行": 1, "军事化": 1, "想来": 1, "招聘": 2, "待遇": 1, "内部": 2, "推荐": 1, "一年四季": 1, "网友": 3, "听": 1, "要好": 1, "进去": 1, "进华": 1, "难": 1, "电子厂": 1, "美的": 1, "格力": 1, "流水线": 1, "工人": 1, "区别": 1, "一千": 1, "以内": 1, "写": 1, "评论": 1, "分享": 1, "职场": 3, "故事": 1, "经验": 1, "技巧": 1, "倒下": 1, "惨遭": 1, "150亿": 2, "收购": 11, "放弃": 2, "500亿": 1, "十多": 1, "外国": 2, "主导": 2, "展开": 1, "艰难": 1, "等待": 1, "其他人": 1, "VIVO": 1, "机会": 2, "幸运": 1, "感到": 2, "后悔": 1, "席位": 1, "移除": 1, "雅虎": 2, "网站": 1, "阿里巴巴": 1, "股": 1, "无忧": 1, "结束": 1, "2003年": 1, "资金": 1, "人员": 1, "李一": 1, "男": 1, "离开": 1, "不幸": 1, "发现": 1, "患上": 1, "抑郁症": 1, "外部": 1, "只能": 1, "情愿": 1, "卖出": 1, "对象": 2, "正好": 1, "销售量": 1, "1亿手机": 1, "300亿": 1, "理想": 1, "吃掉": 1, "看上": 1, "75亿": 2, "报价": 1, "虚": 1, "价格": 3, "值": 1, "不利": 1, "错误": 2, "远远": 1, "甩开": 1, "平起平坐": 1, "逆转": 1, "联想": 1, "提出": 1, "成功": 1, "遗憾": 1, "重复": 1, "本文": 1, "原创": 1, "作品": 1, "图片": 1, "侵权": 1, "请": 1, "告知": 1}