{"一家": 7, "卖": 2, "路由器": 1, "深圳": 1, "公司": 11, "领先": 2, "全球": 8, "电信": 3, "行业": 4, "巨头": 2, "华为": 132, "只用": 1, "31": 2, "年后": 1, "遭遇": 1, "系列": 2, "困难": 5, "很": 13, "媒体": 4, "镜头": 14, "掌舵人": 1, "任正非": 16, "终于": 1, "出面": 1, "成就": 2, "作出": 1, "回答": 2, "接受": 2, "国内": 6, "采访": 5, "图片": 10, "界面": 1, "这次": 7, "专访": 1, "金句": 1, "频出": 1, "大有": 1, "指点": 1, "江山": 1, "激扬": 1, "文字": 1, "势": 1, "从中": 1, "摘录": 1, "最为": 1, "精彩": 1, "10": 1, "请": 2, "品鉴": 1, "、": 33, "利润": 2, "90多亿": 1, "科研": 4, "投入": 8, "150-200亿": 1, "美金": 1, "150亿": 1, "投": 2, "都": 15, "成本": 1, "实际上": 3, "客户": 3, "钱": 2, "排除": 3, "资源": 2, "垄断性": 1, "肯定": 3, "企业": 9, "究竟": 2, "科技": 4, "核心": 5, "竞争力": 3, "世界": 5, "占据": 2, "位置": 2, "研发": 7, "正相关性": 1, "思路": 1, "套用": 1, "身上": 1, "2018年": 6, "欧盟": 1, "工业": 1, "投资": 1, "排名": 4, "2500": 1, "年度": 1, "调查": 1, "份": 1, "榜单": 1, "113亿": 1, "欧元": 1, "排": 2, "第五": 1, "名": 9, "中国": 4, "第一": 5, "50": 1, "唯一": 2, "前10": 1, "高额": 1, "崛起": 1, "跑者": 1, "领跑者": 1, "身份": 1, "变化": 1, "分量": 1, "庞大": 1, "资金": 4, "马上": 2, "起飞": 1, "领跑": 1, "至少": 1, "700": 1, "数学家": 1, "800多": 1, "物理学家": 1, "120多": 1, "化学家": 1, "六七千": 1, "基础": 1, "研究": 6, "专家": 1, "六万多": 1, "高级": 1, "工程师": 2, "……": 1, "组合": 1, "一个": 10, "想": 4, "技术": 32, "赶超": 1, "立足": 1, "不止": 2, "持之以恒": 1, "人才": 3, "培养": 1, "占": 2, "员工": 1, "比例": 3, "超过": 2, "40%": 1, "人员": 1, "正是": 7, "大名鼎鼎": 1, "2012": 1, "实验室": 4, "雷锋网": 1, "堪": 1, "中科院": 1, "经费": 1, "巨额": 1, "建设": 4, "齐全": 1, "聚集": 1, "五湖四海": 1, "大拿": 1, "面临": 1, "美国": 8, "封锁": 2, "底气": 1, "十足": 1, "西方": 3, "知识": 2, "版权": 2, "指责": 1, "：": 6, "三": 5, "87,805": 1, "项": 3, "专利": 10, "11,152": 1, "授权": 4, "信息": 2, "社会": 4, "价值": 1, "仅仅": 1, "上半年": 1, "半年": 1, "时间": 4, "申请": 2, "1775": 1, "件": 3, "2017年": 1, "欧洲": 3, "专利局": 1, "(": 3, "EPO": 1, ")": 3, "2398": 1, "位列": 1, "侧面": 1, "证明": 2, "强大": 3, "实力": 4, "认可": 1, "能力": 2, "海量": 1, "积累": 1, "厂商": 2, "交换": 1, "占领": 1, "通信": 5, "领域": 6, "高地": 1, "产权局": 1, "发布": 3, "处在": 1, "16": 1, "前瞻网": 1, "砸": 1, "重视": 2, "宽容": 3, "关联性": 1, "谈": 1, "希望": 2, "国人": 2, "面前": 1, "形象": 2, "段": 1, "体现": 1, "态度": 3, "四": 1, "网友": 4, "宽容心": 1, "科学家": 3, "科学": 1, "见解": 1, "网友们": 1, "骂": 1, "狗血淋头": 1, "哥白尼": 2, "日心说": 1, "胡说八道": 1, "神做": 1, "斗争": 1, "比神": 1, "就要": 2, "国家": 16, "将来": 1, "才": 6, "东西": 2, "提出": 3, "很多": 6, "莫名其妙": 1, "千奇百怪": 1, "想法": 1, "与其说": 1, "心中": 2, "倒不如": 1, "创新": 3, "当初": 1, "矩形": 1, "摄": 3, "初": 2, "不知": 2, "疯狂": 1, "吐槽": 1, "产品": 8, "足够": 2, "出色": 2, "照样": 1, "赢得": 1, "真香": 1, "称号": 1, "怀着": 1, "开放": 4, "包容": 1, "赶上": 1, "5G": 35, "标准": 1, "制定": 1, "放": 1, "光芒": 1, "Polar": 1, "Code": 1, "化码": 1, "方案": 4, "推": 1, "控制": 1, "信道eMBB": 1, "场景": 2, "编码": 1, "极化码": 1, "父": 1, "颁奖": 1, "hauwei.com": 1, "成功": 1, "舆论": 1, "轩然大波": 1, "一时间": 1, "仿佛": 1, "带上": 1, "神圣": 1, "光环": 1, "无数": 1, "公众号": 1, "沸腾": 1, "万里长征": 1, "五": 2, "夸大": 2, "作用": 3, "更多": 1, "解释": 1, "人类": 1, "迫切": 1, "宽带": 2, "内容": 2, "内涵": 1, "4G": 1, "潜力": 1, "挖掘": 1, "时代": 1, "到来": 1, "漫长": 1, "发展": 3, "RCR": 1, "Wireless": 1, "不妨": 1, "向往": 1, "往后": 1, "放放": 1, "萌芽": 1, "瞬间": 1, "带给": 2, "千家万户": 1, "生活": 3, "方式": 6, "巨变": 1, "消费者": 1, "暂时": 1, "带来": 3, "改变": 3, "落地": 1, "早已": 1, "开启": 1, "热火朝天": 1, "透漏": 1, "未来": 5, "方向": 2, "六": 1, "车": 1, "配合": 1, "车用": 1, "模块": 3, "自动": 5, "驾驶": 3, "决不": 1, "造车": 2, "跨界": 1, "边界": 1, "电子流": 1, "中心": 1, "砍": 1, "掉": 1, "机会": 1, "手机": 35, "基站": 4, "发力": 1, "拓展": 2, "终端": 2, "覆盖": 1, "智能": 7, "家居": 1, "交通": 1, "工具": 1, "工厂": 2, "管理": 2, "城市": 2, "人工": 3, "变革": 1, "看准": 1, "车联网": 3, "浪潮": 1, "汽车": 3, "联网": 1, "参与": 2, "Numrush": 1, "力量": 1, "擅长": 1, "也许": 2, "辆": 1, "中都": 1, "制造": 1, "真的": 7, "连接": 1, "或许": 3, "经历": 3, "革命": 1, "发生": 3, "天翻地覆": 2, "结构性": 2, "苹果": 10, "评价": 1, "七": 1, "推动": 1, "互联网": 1, "种种": 1, "比如说": 1, "iPhone": 1, "销量": 1, "预期": 1, "股票": 1, "连续": 1, "下跌": 1, "情况": 1, "存活": 1, "半": 1, "世纪": 1, "老": 1, "店": 1, "不少": 1, "沉浮": 1, "创业": 1, "一无所有": 1, "海外": 1, "市场": 6, "克服": 1, "战乱": 1, "疾病": 1, "贫穷": 1, "地区": 3, "发达": 1, "第一线": 1, "进军": 1, "北非": 1, "新华网": 1, "——": 1, "条件": 2, "创造": 1, "精神": 1, "打开": 2, "一个个": 2, "战胜": 1, "身陷": 1, "禁售": 1, "围堵": 2, "众多": 1, "前途": 1, "感到": 1, "担忧": 1, "八": 1, "别人": 2, "买": 2, "不行": 1, "先进": 1, "微波": 1, "姑且": 1, "一句话": 1, "的确": 2, "道理": 1, "愁": 1, "毕竟": 2, "无可": 1, "替代": 2, "用户": 7, "都会": 1, "选择": 3, "脚": 1, "投票": 1, "禁止": 2, "美": 2, "销售": 5, "Market": 1, "Prime": 1, "News": 1, "做出": 3, "独一无二": 1, "如今": 2, "困局": 1, "迎刃而解": 1, "套路": 1, "突破": 3, "禁运": 1, "随之": 1, "取消": 1, "原因": 1, "闭门造车": 1, "从头": 1, "零部件": 1, "自主": 1, "站": 1, "巨人": 1, "肩上": 1, "九": 1, "踏踏实实": 1, "做好": 2, "重复": 2, "光荣": 1, "快速": 2, "目标": 6, "螺丝钉": 1, "成熟": 1, "产业链": 2, "博采": 2, "众": 2, "长": 3, "新浪": 1, "整合": 1, "供应商": 2, "集合": 1, "在一起": 1, "提供": 1, "革新": 1, "贡献": 2, "广阔": 2, "胸襟": 1, "才能": 1, "说出": 1, "预言": 2, "收入": 4, "倍": 1, "不得而知": 1, "去年": 1, "表现": 1, "成绩": 2, "可能性": 1, "IDC": 1, "统计图": 1, "出货量": 1, "预计": 2, "首次": 3, "千亿": 1, "美元": 3, "同比": 1, "增长": 4, "21%": 1, "优秀": 1, "还给": 1, "定下": 1, "2019年": 4, "1259亿": 2, "20%": 2, "4": 2, "势头": 1, "即可": 1, "提前": 1, "速度": 3, "下降": 1, "16%": 1, "按期": 1, "预见": 1, "舞台": 1, "发挥": 1, "危机": 1, "磨砺": 1, "重获": 1, "新生": 1, "百尺竿头更进一步": 1, "过年": 1, "年会": 1, "营收": 1, "ICT": 1, "产业": 1, "领导者": 1, "贡献者": 1, "提案": 1, "6000": 1, "篇": 1, "无线": 3, "光通信": 1, "数据": 6, "均": 1, "处于": 1, "水平": 1, "公布": 1, "显示": 2, "数量": 1, "高通": 1, "第四": 1, "翅膀": 1, "始终": 1, "飞": 1, "大数据": 1, "云计算": 1, "紧跟": 1, "业界": 2, "脚步": 1, "不得不": 2, "确实": 1, "强悍": 1, "传奇": 1, "跟随": 1, "关注": 3, "启动": 1, "扇": 2, "新世界": 1, "大门": 1, "机亮": 1, "剑": 1, "曝光": 3, "渲染": 1, "款": 7, "新机": 13, "采用": 5, "水滴屏": 2, "设计": 9, "中低端机": 1, "高端": 1, "整体": 3, "外观": 2, "上都": 2, "高端化": 1, "实体店": 1, "发现": 3, "太": 2, "好看": 1, "屏幕": 6, "占比": 2, "机身": 2, "薄": 2, "手感": 1, "一级": 1, "棒": 1, "小编": 3, "把手": 1, "宽额": 1, "头": 1, "宽": 1, "下巴": 1, "！": 7, "手新机": 1, "尺寸": 1, "6.4": 1, "寸": 1, "像素": 3, "分辨率": 1, "2160X3840": 1, "高宽": 1, "19.5:9": 1, "值": 1, "高清": 1, "视网膜": 1, "OLED": 1, "亮亮": 1, "旗舰": 1, "王牌": 1, "前置": 6, "保留": 1, "窄": 1, "下边": 1, "框": 1, "搭载": 9, "内": 4, "水滴": 1, "上方": 1, "扬声器": 1, "组件": 1, "摄头像素": 1, "2400万": 1, "F/2.0": 2, "光圈": 1, "据说": 3, "3D": 2, "深度": 2, "感知": 1, "摄像头": 1, "索尼": 2, "IMX600": 1, "传感器": 3, "这是": 2, "重量级": 1, "武器": 2, "人脸": 2, "识别": 5, "AI": 3, "美颜": 1, "功能": 7, "拍摄": 2, "性能": 4, "提升": 2, "来势汹汹": 1, "拍照": 4, "楷模": 1, "渲染图": 1, "这部": 2, "化为": 1, "后置": 4, "颗": 2, "呈": 1, "垂直": 1, "位于": 1, "背部": 1, "左上": 1, "角": 1, "LED": 1, "闪光灯": 1, "4000万": 1, "F/1.8": 1, "2000万": 1, "500万": 1, "F/2.2": 1, "熟悉": 1, "徕卡": 1, "支持": 5, "PDAF": 1, "相位": 1, "焦": 1, "OIS": 1, "光学": 1, "防抖": 1, "4K": 1, "级别": 4, "视频": 1, "录制": 1, "佼佼者": 1, "带头": 1, "利用": 2, "屏下": 2, "指纹": 3, "解锁": 5, "更新换代": 1, "听说": 1, "新型": 1, "超声波": 2, "感应": 1, "发出": 1, "脉冲": 1, "信号": 1, "目的": 1, "很快": 1, "精准度": 1, "国产": 4, "黑马": 2, "趁热打铁": 2, "续航": 3, "电池": 2, "容量": 2, "变大": 1, "自然": 2, "耗电": 2, "快": 1, "据悉": 2, "一块": 1, "5100": 2, "毫安": 1, "密度": 1, "石墨烯": 1, "液冷": 1, "散热": 1, "减少": 1, "本身": 1, "玻璃": 1, "材质": 1, "搭配": 4, "铝合金": 1, "金属": 1, "边框": 1, "40W": 1, "超级": 1, "快充": 1, "15万": 1, "充电": 2, "闪电": 1, "般的": 1, "首批": 3, "亮剑": 2, "处理器": 2, "顶尖": 1, "麒麟": 2, "985": 2, "台积电": 1, "最新": 1, "7nm": 1, "制程": 2, "工艺": 1, "能耗": 1, "降低": 1, "网络": 7, "体验": 4, "IP": 1, "68": 1, "防水": 1, "防尘": 1, "运行": 2, "内存": 3, "6GB": 1, "10GB": 1, "128GB": 1, "256GB": 1, "/": 1, "512GB": 1, "存储": 2, "空间": 1, "前所未有": 1, "极致": 1, "配置": 1, "蛮": 1, "不错": 1, "该机": 1, "imx600": 1, "+液": 1, "冷散热": 1, "+": 1, "mAh": 1, "参数": 1, "上市": 1, "春晚": 2, "见面": 1, "激动人心": 1, "看法": 2, "发表": 1, "留言": 1, "讨论": 1, "申明": 1, "严禁": 1, "未经": 1, "转载": 1, "平台": 1, "侵权": 2, "必究": 1, "违规者": 1, "投诉": 1, "封号": 1, "为止": 1, "珍惜": 1, "账号": 1, "资料": 1, "来源于": 1, "外媒": 1, "YouTube": 1, "随意": 1, "捏造": 1, "事实": 1, "热点": 1, "独家": 1, "原创": 1, "作品": 1, "分享": 1, "评论": 1, "收藏": 1, "转发": 1, "1月": 3, "22日": 1, "董事长": 1, "梁华": 1, "达沃斯": 1, "经济": 1, "论坛": 2, "持续": 1, "敌对": 1, "关系": 1, "担心": 1, "设备": 6, "威胁": 1, "相关": 1, "转移": 1, "随时": 1, "参观": 1, "8月": 1, "拒之其5G": 1, "名单": 1, "引来": 1, "一批": 1, "澳大利亚": 1, "新西兰": 1, "日本": 1, "为首": 1, "跟风": 1, "质疑": 1, "17日": 1, "香港": 1, "南华": 1, "早报": 1, "报道": 2, "英国": 1, "牛津": 1, "大学": 1, "放弃": 1, "合同": 1, "慈善": 1, "捐赠": 1, "21日": 1, "法国": 4, "回声报": 1, "Les": 1, "Echos": 1, "打算": 1, "针对": 1, "监控": 1, "措施": 1, "通讯": 1, "赋予": 1, "系统": 24, "安全局": 1, "简称": 1, "Anssi": 1, "跟踪": 1, "权力": 1, "加拿大": 2, "下一代": 1, "瑞典": 1, "爱立信": 2, "Ericsson": 1, "此前": 1, "咨询": 1, "惠誉": 1, "解决": 1, "Fitch": 1, "Solutions": 1, "分析师": 1, "指出": 1, "运营商": 1, "最终": 1, "这家": 1, "运营商们": 1, "承认": 1, "进程": 1, "减慢": 1, "IHS": 1, "Markit": 1, "Ltd": 1, "份额": 1, "22%": 1, "诺基亚": 1, "13%": 1, "11%": 1, "此次": 1, "一反常态": 1, "高调": 1, "12": 1, "部署": 1, "共有": 1, "170": 1, "消费": 1, "服务": 1, "大部分": 1, "印度": 1, "葡萄牙": 1, "非洲": 1, "坚信": 1, "此处不留人": 1, "自有留人处": 1, "过硬": 1, "之下": 1, "趋之若鹜": 1, "力挺": 1, "绝不": 1, "辜负": 1, "信任": 1, "入手": 1, "追求": 1, "颜值": 1, "OV": 2, "三四线": 1, "收获": 1, "好评": 1, "脸": 1, "体面": 1, "脸上": 1, "添": 1, "光彩": 1, "相机": 1, "拥有": 1, "突破性": 1, "进展": 1, "P20": 1, "打破": 1, "津津乐道": 1, "Mate20": 1, "标杆": 1, "影响": 3, "因素": 1, "现阶段": 2, "流畅度": 4, "关系性": 1, "购机": 1, "iOS": 2, "单独": 1, "封闭": 1, "背靠背": 1, "谷歌": 1, "安卓": 7, "赖以": 1, "生存": 1, "生态": 1, "定制化": 1, "喜好": 1, "去除": 1, "天气": 1, "预报": 1, "主题": 2, "桌面": 5, "EMUI": 9, "小米": 13, "MIUI": 11, "数亿": 1, "体量": 2, "到底": 2, "坊间": 1, "争论": 1, "相差": 1, "悬殊": 1, "众人群": 1, "截然不同": 2, "差距": 2, "习惯": 1, "包括": 2, "UI": 4, "差异": 1, "基于": 1, "9.0": 1, "打造": 1, "称之为": 1, "操作": 1, "算法": 1, "GPU": 2, "Trubo": 1, "协同": 1, "原生": 1, "符合": 1, "人机": 1, "交互": 1, "鲁": 1, "大师": 1, "测评": 1, "流畅": 2, "积水区": 1, "努比亚": 1, "竟": 1, "第5": 1, "权威": 1, "机构": 1, "turbo": 1, "如鱼得水": 1, "百元机": 1, "荣耀": 1, "9": 1, "青春版": 1, "升级": 1, "红米Note5": 1, "优势": 1, "美观度": 1, "团队": 1, "走心": 1, "社区": 1, "活跃": 2, "数以万计": 1, "米粉": 1, "频繁": 1, "意见": 1, "更新": 3, "最多": 1, "图标": 2, "显得": 2, "美观": 1, "简洁": 1, "对比": 1, "后者": 1, "杂乱无章": 1, "色调": 1, "偏于": 1, "黑色系": 1, "那种": 1, "青春派": 1, "感觉": 1, "受众": 1, "人群": 1, "导致": 1, "90": 1, "80后": 1, "70后": 1, "面向": 1, "年轻人": 1, "UI会": 1, "青春": 1, "靓丽": 1, "一点": 1, "观度": 1, "页面": 1, "整洁": 1, "度": 1, "频次": 1, "人性化": 2, "注重": 1, "亿": 1, "台": 1, "保证": 1, "隐私": 1, "第三方": 3, "刷机": 1, "增加": 1, "植入性": 1, "广告": 2, "隐患": 1, "灵性": 1, "有人": 2, "赞同": 1, "反对": 1, "反馈": 1, "综合": 1, "好用": 1, "一竿子": 1, "拍死": 1, "年龄": 1, "审美": 1, "备注": 1, "来源": 1, "烦请": 1, "删除": 1}