{"华为": 46, "手机": 3, "牢牢": 1, "中国": 4, "高端机": 2, "市场": 1, "话语权": 1, "份额": 1, "揽": 1, "走": 2, "行业": 1, "大部分": 1, "利润": 1, "众多": 1, "品牌": 2, "轻易": 2, "忽视": 1, "强敌": 1, "没错": 1, "资金": 3, "资源": 1, "整合": 1, "能力": 3, "实力": 1, "质疑": 1, "回来": 1, "机型": 1, "处境": 1, "挺": 1, "尴尬": 2, "网友": 2, "直言": 1, "捧": 1, "上天": 1, "Mate30": 11, "火": 2, "说到": 2, "都": 5, "太": 2, "陌生": 1, "号称": 1, "下半年": 1, "国产": 4, "旗舰": 2, "综合": 1, "素质": 2, "打磨": 1, "到位": 1, "当面": 1, "搭载": 1, "麒麟990": 1, "处理器": 1, "EMUI10": 1, "系统": 2, "协同": 1, "组合": 1, "安兔兔": 1, "跑": 1, "45万分": 1, "性能": 1, "确实": 4, "杠杠": 1, "4200": 1, "毫安": 1, "电池": 1, "符合": 1, "长续航": 1, "标准": 3, "40": 1, "W有线": 1, "27W": 1, "无线": 1, "充电": 1, "功能": 1, "加持": 1, "如虎添翼": 1, "拥有": 2, "徕卡": 1, "认证": 1, "三": 1, "摄模组": 1, "超级": 1, "夜景": 1, "针对": 1, "弱光": 1, "成像": 1, "深度": 1, "调教": 1, "优秀": 1, "算法": 2, "精度": 1, "还原": 1, "物体": 1, "白天": 1, "色彩": 1, "逆光": 1, "场景": 1, "依旧": 1, "清晰": 1, "；": 5, "用上": 1, "四": 2, "曲面": 1, "玻璃": 1, "后壳": 1, "铝": 1, "框": 1, "之间": 1, "紧密": 1, "贴合": 1, "超窄": 1, "额头": 1, "屏": 1, "不仅仅": 1, "兼顾": 1, "手感": 1, "、": 31, "日常": 1, "防水": 1, "带来": 1, "震撼": 1, "视觉": 1, "效果": 1, "参数": 1, "层面": 1, "款": 3, "不错": 1, "发布": 2, "初": 1, "众人": 1, "誉为": 1, "机皇": 1, "利器": 1, "称号": 1, "回到": 1, "开头": 1, "卖": 1, "笔者": 2, "原因": 3, "很": 2, "简单": 1, "三点": 1, "支持": 2, "5G": 4, "网络": 3, "卖到": 1, "3999": 1, "元": 26, "昂贵": 1, "SA": 1, "NSA": 1, "组网": 1, "(": 6, ")": 6, "版": 1, "高达": 1, "4999": 1, "将近": 1, "一千": 1, "差价": 1, "后者": 2, "保障": 1, "未来": 3, "时间": 3, "内": 1, "淘汰": 1, "宣传": 1, "产品": 3, "缺乏": 4, "元素": 2, "上市": 1, "短短": 1, "五十": 1, "地位": 1, "取代": 1, "人气": 1, "渐渐": 1, "流失": 1, "小米": 1, "CC9Pro": 1, "魅族": 1, "16sPro": 1, "强势": 1, "反击": 1, "性价比": 2, "自然": 1, "忽略": 1, "苹果": 1, "段": 1, "库克": 1, "打出": 1, "良心牌": 1, "包括": 3, "iPhoneXR": 1, "iPhone11": 1, "在内": 1, "幅度": 1, "下压": 1, "毕竟": 1, "号召力": 2, "仅仅": 1, "情怀": 1, "远远": 1, "领域": 1, "站稳": 1, "阵脚": 1, "功不可没": 1, "竞争": 1, "白炽化": 1, "阶段": 1, "慢慢": 1, "双十一": 1, "剁手": 1, "感慨": 1, "掏空": 1, "钱包": 1, "选择": 1, "员工": 15, "发钱": 1, "11月": 6, "11日": 3, "消息": 1, "称": 2, "十一": 1, "发放": 10, "份": 10, "特别奖": 3, "第一": 2, "阳光": 6, "普照奖": 2, "考核": 1, "合格": 1, "人人": 2, "一个": 9, "普照": 4, "工资": 4, "第二": 3, "参与": 4, "组件": 2, "切换": 2, "人员": 3, "20亿": 5, "奖金": 10, "内部": 3, "人士": 2, "当天": 1, "发文": 1, "做出": 1, "贡献": 2, "对象": 2, "替代": 4, "美国": 5, "进口": 2, "部件": 2, "部门": 2, "核心": 4, "最新": 1, "财报": 1, "显示": 5, "缺": 1, "钱": 3, "美": 1, "贸易": 1, "摩擦": 1, "之下": 1, "创造": 2, "佳绩": 1, "三季度": 5, "营业": 5, "收入": 5, "6000亿": 2, "比肩": 1, "工商": 3, "银行": 3, "净利润": 3, "斩获": 2, "535亿": 3, "同比": 4, "增长": 4, "21.59%": 2, "每人": 1, "至少": 1, "多发": 1, "月工资": 1, "社交": 1, "爆料": 2, "11": 1, "！": 3, "透露": 1, "感谢": 1, "自华": 1, "5月": 2, "制裁": 1, "努力": 1, "奋斗": 3, "艰苦奋斗": 1, "奖": 1, "人人有份": 1, "15日": 1, "算": 1, "16": 1, "估计": 2, "最少": 1, "拿到": 1, "15万": 1, "北京": 1, "青年报": 1, "报道": 2, "公司": 8, "应对": 2, "打击": 1, "遏制": 1, "作出": 1, "颁发": 2, "体现": 1, "激励": 1, "导向": 1, "董事": 1, "常委会": 1, "决议": 2, "2019年": 5, "1日": 1, "在职": 1, "含": 1, "年中": 1, "绩效": 1, "C/D": 1, "违反": 1, "竞业": 1, "协议": 1, "BCG": 1, "经济": 2, "违规": 2, "信息": 1, "一级": 1, "情况": 2, "发": 4, "真的": 1, "事情": 1, "文件": 1, "记者": 1, "羡慕": 1, "项目": 2, "企业家": 1, "包": 1, "海思": 1, "采购": 1, "鲲鹏": 1, "涉及": 1, "芯片": 1, "Google": 1, "Android": 1, "服务": 1, "套件": 1, "操作": 1, "商业": 3, "软件": 2, "业务": 2, "预计": 1, "12月": 1, "年终奖": 1, "池子": 1, "羊毛出在羊身上": 1, "年底": 1, "股票": 1, "分红": 1, "世界": 5, "170": 1, "国家": 1, "地区": 1, "16日": 1, "8月": 1, "19日": 1, "美国商务部": 2, "工业": 2, "安全局": 1, "BIS": 1, "出口": 3, "管制": 1, "法规": 1, "EAR": 2, "第744.11": 1, "69": 1, "46": 1, "关联": 1, "列入": 2, "实体": 4, "清单": 4, "管控": 1, "物项": 1, "硬件": 1, "技术": 3, "相关": 1, "境内": 1, "转移": 1, "均": 2, "申请": 1, "许可": 1, "事件": 3, "供应": 1, "影响": 2, "措施": 1, "降低": 1, "天才": 4, "少年": 4, "高薪": 1, "7月": 1, "下旬": 1, "创始人": 1, "任正非": 7, "签发": 1, "总裁": 1, "电子": 1, "邮件": 2, "8": 2, "2019": 1, "届": 1, "顶尖": 4, "学生": 1, "实行": 1, "年薪制": 1, "管理": 1, "名": 7, "博士": 1, "学历": 1, "年薪": 3, "182万-201万": 1, "140.5万-156.5万": 1, "89.6万-100.8万": 1, "打赢": 1, "战争": 1, "创新": 3, "创": 1, "驱动": 1, "动力": 1, "人才": 4, "发挥": 1, "才智": 1, "组织": 2, "土壤": 1, "顶级": 1, "挑战": 1, "薪酬": 3, "吸引": 1, "全世界": 2, "招进": 2, "20-30": 2, "增加": 1, "调整": 1, "队伍": 2, "作战": 1, "结构": 1, "此举": 1, "践行": 1, "表态": 1, "6月": 1, "27日": 1, "全员": 1, "披露": 1, "EMT": 1, "分钟": 1, "讲话": 1, "招": 1, "明年": 1, "想": 1, "200-300": 1, "‘": 1, "泥鳅": 1, "’": 1, "钻活": 1, "激活": 1, "拖": 1, "往前": 1, "做成": 1, "先进": 1, "别人": 1, "都会": 1, "靠拢": 1, "提供": 1, "数据": 2, "700多": 1, "数学家": 1, "800多": 1, "物理学家": 1, "120多": 1, "化学家": 1, "15000": 1, "基础": 3, "研究": 2, "6万多": 1, "研发": 2, "全球": 2, "300多": 1, "高校": 1, "900多": 1, "机构": 1, "合作": 2, "实施": 1, "7840": 1, "投资": 1, "18亿": 1, "美元": 1, "签署": 1, "对外": 1, "付费": 1, "合同": 1, "1000多": 1, "例子": 1, "俄罗斯": 1, "小伙子": 2, "谈恋爱": 1, "不善": 1, "打交道": 1, "擅长": 1, "数学": 1, "天天": 1, "玩": 1, "电脑": 1, "干什么": 1, "2G": 1, "3G": 1, "突破": 2, "如今": 1, "领先": 1, "此前": 1, "接受": 1, "央视": 1, "专访": 1, "提到": 1, "人才观": 1, "二战": 1, "德国": 2, "日本": 2, "摧毁": 1, "著名": 1, "口号": 1, "重整": 1, "雄风": 1, "振兴": 1, "房子": 1, "修复": 1, "快速": 1, "恢复": 1, "：": 1, "得益": 3, "教育": 1, "技能": 1, "信心": 1, "净利": 1, "实际上": 1, "业绩": 1, "不管是": 1, "发债": 1, "借钱": 1, "豪掷": 1, "上亿": 1, "本身": 1, "差": 1, "2016": 2, "2018年": 5, "合并": 2, "口径": 1, "5180.68亿": 1, "5984.80亿": 1, "7151.92亿": 1, "31.58%": 1, "15.52%": 1, "19.50%": 1, "年均": 1, "复合": 1, "增长率": 1, "17.49%": 1, "2016年": 3, "370.5亿": 1, "474.5亿": 1, "593.4亿": 1, "三季报": 1, "6033亿": 1, "24%": 1, "去年": 1, "同期": 1, "440亿": 1, "营收": 1, "规模": 1, "级别": 1, "赚钱": 1, "宇宙行": 1, "媲美": 1, "6469亿": 1, "亦": 1, "豪气": 1, "3": 1, "连年": 1, "上涨": 1, "2017年": 2, "资产": 6, "负债表": 2, "应付": 2, "职工": 2, "724.4亿": 1, "918.57亿": 1, "981.63亿": 1, "789.51亿": 1, "负债率": 2, "上半年": 1, "末": 2, "68.41%": 1, "65.24%": 1, "64.99%": 1, "65.5%": 1, "稳定": 1, "截至": 1, "7711亿": 1, "流动性": 1, "6421亿": 1, "账": 1, "趴": 1, "货币": 1, "2532亿": 1, "来源": 1, "券商": 1}