{"2018年": 1, "一个": 13, "天气": 1, "异常": 1, "寒冷": 1, "热闹": 1, "手机业": 1, "冷清": 1, "厂家": 2, "都": 15, "抢钻": 1, "孔屏": 1, "首发": 4, "手机": 44, "全面屏": 1, "——": 4, "刘": 2, "海屏": 2, "水滴屏": 1, "钻孔屏": 1, "只用": 1, "短短": 1, "时间": 3, "发展": 1, "快": 2, "感叹": 1, "科技": 1, "日新月异": 1, "12月份": 1, "三星": 14, "、": 49, "联想": 1, "华为": 102, "钻孔": 1, "屏新机": 1, "新机": 4, "nova": 9, "4": 2, "定于": 1, "12月": 4, "17日": 1, "长沙": 1, "发布": 6, "马上": 1, "就要": 3, "定价": 1, "三千": 1, "出头": 1, "横空出世": 1, "代旗舰": 1, "稍显": 1, "尴尬": 1, "降价": 1, "唯一": 1, "出路": 1, "贵": 1, "国内": 2, "龙头": 1, "不得不": 2, "市场": 5, "妥协": 1, "3旗舰": 1, "版": 1, "6": 4, "+": 8, "128G": 1, "原价": 1, "2999": 1, "上市": 5, "半年": 1, "官方": 3, "电商": 1, "平台": 2, "降": 2, "2179": 1, "整整": 1, "820": 1, "！": 5, "系列": 3, "定义": 1, "女性": 1, "近年来": 1, "vivo": 6, "oppo": 1, "争夺": 1, "线下": 1, "建立": 1, "品牌": 1, "紧跟": 1, "时下": 2, "都市": 1, "女郎": 1, "时尚": 1, "潮流": 1, "主打": 1, "拍照": 11, "自拍": 2, "外形": 2, "靓丽": 1, "明星": 1, "造势": 1, "3手机": 1, "代言人": 2, "正是": 1, "刚": 1, "成年": 1, "易烊": 1, "千玺": 2, "小易生": 1, "2000年": 1, "千禧": 1, "取名": 1, "外貌": 1, "俊美": 1, "深受": 1, "年轻": 1, "女孩": 1, "喜爱": 1, "3": 8, "美观": 1, "3D": 2, "曲面": 1, "玻璃": 4, "6.3": 1, "英寸": 3, "屏幕": 2, "紫": 1, "黄": 1, "蓝": 2, "黑": 2, "红五": 1, "炫彩": 1, "机身": 3, "均": 2, "采用": 6, "2400万": 2, "摄": 5, "前置": 2, "2400": 1, "200万": 1, "像素": 4, "高清": 1, "后置": 5, "黑白": 2, "1600万": 2, "彩色": 1, "镜头": 12, "F": 1, "1.8": 1, "光圈": 2, "HDR": 1, "Pro": 3, "逆光": 2, "影像": 2, "技术": 5, "清晰": 1, "熟悉": 2, "广告语": 1, "金玉其外": 1, "强悍": 2, "旗舰": 7, "芯片": 2, "麒麟": 3, "970": 1, "处理器": 6, "骁龙": 7, "835": 1, "试比": 1, "GPU": 1, "Turbo图形": 1, "加速": 1, "2.0": 1, "novs": 1, "拥有": 6, "佳": 1, "游戏": 1, "体验": 3, "起线": 1, "下O": 1, "V旗舰": 1, "性能": 5, "足以": 1, "碾压": 2, "对手": 2, "支持": 3, "红外人": 1, "脸": 2, "识别": 5, "指纹": 6, "3750": 1, "毫安": 1, "电池": 3, "容量": 3, "Type—C": 1, "充电": 3, "接口": 1, "6+128G": 1, "超大": 2, "内存": 1, "美中不足": 1, "NFC": 4, "功能": 1, "保留": 1, "3.5": 1, "耳机": 3, "孔": 3, "有趣": 1, "现象": 1, "毫无": 1, "关联": 1, "元器件": 1, "二者": 1, "共存": 1, "旗舰机": 3, "耳机孔": 1, "低": 2, "中端机": 1, "P20": 12, "前代": 1, "外观": 6, "颠覆式": 1, "换代": 1, "P10": 21, "落后": 1, "本身": 1, "乎屏": 1, "占比": 1, "Plus": 9, "符合": 3, "一直以来": 1, "严谨": 2, "成熟": 2, "颜色": 3, "选取": 1, "P10&P10": 1, "尝试": 1, "太": 4, "喜欢": 7, "设计": 10, "风格": 2, "刘海": 4, "毕竟": 8, "审美": 2, "小编": 3, "漂亮": 3, "代表": 1, "一部分": 2, "导致": 1, "群": 1, "换掉": 1, "接下来": 1, "P30": 2, "；": 8, "款": 8, "屏P": 1, "10": 3, "放到": 3, "过时": 1, "答案": 1, "：": 5, "依然": 3, "很多": 4, "元素": 1, "早": 3, "认知": 2, "5": 6, "里程碑": 2, "MATE": 9, "7": 2, "P8": 2, "8": 3, "P9": 6, "9": 10, "充话费": 1, "送": 1, "年代": 1, "感觉": 4, "厂商": 4, "运营商": 3, "卖": 1, "国产机": 1, "区分": 1, "开来": 1, "实力": 5, "苹果": 10, "展开": 1, "竞争": 2, "比肩": 1, "同代": 1, "产品": 4, "S8，二者": 1, "差距": 2, "遥远": 1, "外关": 1, "提升": 2, "S9": 1, "S8": 1, "小修": 1, "小补": 1, "厉害": 1, "iPhone": 20, "XS": 3, "X连": 1, "算是": 1, "飞跃": 1, "有人": 1, "经典": 1, "传承": 1, "总体": 5, "语言": 1, "差不多": 1, "材质": 2, "工艺": 4, "7一样": 1, "背面": 3, "铝合金": 1, "阳极": 1, "氧化": 1, "用户": 5, "明白": 1, "黑色款": 3, "掉漆": 1, "希望": 1, "保养": 1, "底部": 2, "天线": 1, "调整": 1, "原本": 2, "文字": 1, "移除": 1, "logo": 1, "移到": 1, "位置": 1, "整洁": 1, "一体性": 1, "顶部": 1, "小部分": 1, "区域": 1, "黑色": 1, "盖板": 1, "起源": 1, "放弃": 1, "执着": 1, "枚": 1, "摄模组": 1, "占用": 1, "面积": 1, "花": 1, "高价": 1, "买到": 1, "徕卡": 1, "字样": 1, "版权": 1, "肯定": 3, "喷": 1, "Leica": 1, "图标": 1, "彰显": 1, "P系列": 1, "风范": 1, "不用": 4, "背板": 1, "配色": 2, "终于": 1, "开窍": 1, "金色": 3, "颜值": 2, "照比": 1, "浓郁": 1, "8848": 1, "气息": 2, "金属": 1, "变浅": 1, "正面": 4, "白色": 1, "显得": 1, "亲和感": 1, "越来越": 1, "这才": 1, "巅峰": 1, "屏占比": 1, "相对于": 1, "机型": 6, "屏": 6, "留有": 2, "锁": 2, "好像": 1, "home键": 1, "机械": 1, "荣耀": 5, "蓝色": 2, "用到": 2, "钻雕": 1, "青春版": 1, "上都": 2, "影子": 1, "卡片机": 2, "造型": 2, "影响": 4, "明年": 5, "Home键": 7, "逻辑": 3, "交互": 2, "手势": 1, "操作": 2, "这次": 1, "轻触": 1, "返回": 1, "长": 2, "退出": 1, "程序": 1, "滑动": 2, "清理": 1, "的确": 1, "难受": 1, "屁大点": 1, "地方": 1, "好在": 1, "解锁": 1, "速度": 2, "很快": 1, "实体": 1, "历经": 1, "多年": 1, "Kirin960": 1, "S": 1, "更新": 2, "更新换代": 1, "去年": 2, "MATE10": 1, "Kirin970": 2, "上半年": 5, "才": 4, "Kirin980": 1, "960": 1, "高通": 9, "晓龙": 1, "821": 1, "水平": 3, "测试": 2, "支撑": 1, "三": 2, "四月份": 1, "相当于": 1, "主流": 3, "没法": 1, "狠": 1, "定制": 4, "索尼": 1, "IMX600": 1, "尺寸": 1, "传感器": 2, "式": 1, "白": 2, "平衡": 2, "对焦": 1, "算": 1, "顶尖": 1, "继承": 1, "稳定": 1, "暗部": 2, "细节": 3, "2000W": 1, "还原": 1, "不错": 1, "日常": 1, "大光": 1, "动态": 1, "合成": 1, "细腻": 1, "画面": 1, "吊": 1, "2000": 1, "价位": 1, "中端": 1, "差": 1, "P20Pro": 1, "20Pro": 2, "&": 1, "续航": 1, "3200": 1, "mAh": 2, "1h720P": 1, "视频": 4, "耗电": 2, "11%": 1, "1": 1, "小时": 2, "NBA": 1, "2K": 1, "27%": 1, "模式": 4, "快充": 5, "超级": 2, "低压": 1, "电流": 1, "快速": 1, "V": 1, "4.5A": 1, "功率": 2, "22.5W": 1, "22": 2, "分钟": 1, "充满": 1, "标配": 2, "插头": 3, "高压": 1, "9V2A": 1, "18W": 2, "赠送": 1, "足够": 2, "Pro放": 1, "淘汰": 1, "以往": 1, "商务": 1, "属性": 1, "爵士": 1, "绝大多数": 1, "懒得": 1, "起码": 1, "否认": 1, "5G": 39, "大战": 1, "一触即发": 1, "小米": 15, "OV争": 1, "低调": 2, "攒": 2, "大招": 2, "近日": 2, "正式": 5, "855": 4, "SoC": 1, "一大": 2, "卖点": 1, "支": 1, "昨日": 2, "中国": 4, "全球": 5, "合作": 2, "伙伴": 2, "大会": 2, "OPPO": 5, "参与": 2, "领航": 1, "计划": 1, "头部": 1, "展示": 4, "855+X50": 2, "基带": 2, "原型机": 5, "吸引": 1, "关注": 2, "真的": 1, "近在咫尺": 1, "众多": 1, "周知": 1, "原因": 4, "近期": 1, "略显": 1, "沉寂": 1, "2019": 2, "值得": 1, "期待": 1, "用上": 1, "OV": 2, "高调": 1, "宣传": 1, "10月末": 1, "MIX3": 5, "版本": 9, "2019年": 5, "初": 2, "5G版": 3, "配置": 3, "相比4G": 1, "更胜一筹": 1, "旧": 1, "网络": 6, "Find": 1, "X": 1, "通话": 1, "NEX": 1, "观看": 1, "直播": 1, "显示": 3, "研发": 2, "全新": 2, "ID": 1, "意味着": 1, "晚": 1, "好处": 1, "终端": 1, "新鲜感": 1, "趋势": 1, "开孔屏": 1, "一加": 3, "闹": 1, "乌龙": 1, "骁龙系": 1, "发布会": 1, "总裁": 1, "刘作虎": 2, "手持": 1, "助力": 1, "Fisrt": 1, "feature": 1, "Qualcomm": 1, "Snapdragon": 1, "事后": 1, "证明": 1, "这是": 3, "美丽": 1, "误会": 1, "First": 1, "第一": 3, "毫无疑问": 1, "国产": 1, "厂商们": 2, "争高": 1, "通骁": 1, "龙系": 1, "无疑": 1, "顶级": 2, "预计": 3, "S10": 1, "2月末": 1, "MWC": 1, "通信": 1, "包括": 3, "在内": 2, "随后": 1, "新机5G": 1, "还要": 1, "等到": 2, "中旬": 1, "忽略": 1, "强大": 2, "自研": 1, "980+": 1, "巴龙": 1, "5000": 1, "时代": 1, "话语权": 1, "别人": 1, "脸色": 1, "于此同时": 1, "联合": 1, "BOE": 1, "开发": 1, "首款": 1, "柔性": 1, "折叠屏": 1, "形态": 1, "领先": 1, "截": 1, "小结": 1, "摩拳擦掌": 1, "迫不及待": 1, "商用": 1, "实际上": 1, "消费者": 1, "太过": 1, "激进": 1, "相继": 1, "推出": 2, "所在": 1, "地区": 2, "完善": 1, "至少": 1, "2020年": 2, "价值": 1, "想要": 1, "率先": 1, "更换": 1, "一步到位": 1, "习惯": 2, "封杀": 4, "美国": 8, "高科技": 1, "产业": 1, "遏制": 1, "打压": 1, "确实": 1, "应对": 1, "策略": 1, "国家": 4, "乱来": 1, "认输": 1, "难度": 1, "很": 4, "出手": 1, "任正非": 1, "挺住": 1, "中兴": 1, "通讯": 1, "相比": 1, "国际化": 1, "核心": 1, "供应商": 2, "名单": 1, "实施": 1, "禁运": 1, "业务": 1, "极大": 1, "盟国": 2, "蒙受": 1, "损失": 1, "走到": 1, "相互": 1, "伤害": 2, "美": 1, "贸易": 1, "摩擦": 1, "必将": 1, "升级": 2, "澳大利亚": 1, "新西兰": 1, "隐忧": 2, "设备": 10, "加拿大": 2, "仅仅": 1, "担心": 1, "并未": 1, "公开": 2, "表态": 1, "也许": 1, "此次": 1, "事件": 1, "压力": 1, "英国": 5, "电信": 2, "不再": 1, "核心网": 2, "留下": 1, "缝隙": 1, "基站": 1, "大部分": 1, "占": 1, "2/3": 1, "1/3": 1, "采购": 1, "份额": 3, "政府": 1, "关系": 1, "数千": 1, "团队": 1, "难": 1, "决裂": 1, "竞争力": 1, "实在": 1, "‘": 1, "水": 1, "’": 1, "禁售": 1, "客户": 1, "下单": 1, "现有": 3, "4G": 4, "基础": 1, "平滑": 1, "组网": 1, "过程": 1, "中将": 1, "限度": 1, "利用": 1, "接近": 1, "30%": 1, "剔除": 1, "惊人": 1, "40%": 1, "抛弃": 2, "从头": 1, "搭建": 1, "欧洲": 1, "实验网": 1, "建设": 1, "评价": 1, "此前": 2, "质量": 1, "发货量": 1, "加上": 1, "制造业": 1, "优势": 3, "优": 1, "成本": 1, "最低": 1, "西方": 2, "进一步": 1, "加大": 1, "科研": 1, "投入": 1, "无可": 1, "替代": 1, "成果": 2, "最终": 1, "挨": 1, "屈服": 1, "不行": 1, "世界": 1, "最新": 2, "未来": 1, "TechWeb": 1, "7日": 2, "消息": 3, "10月": 1, "15日": 1, "千": 1, "元": 4, "新品": 1, "畅享": 6, "该机": 1, "搭载": 2, "麒麟710": 2, "配备": 1, "4000": 2, "mAh大": 1, "四": 2, "6GB": 2, "128GB": 2, "开售": 2, "售价": 3, "1999": 2, "6.5": 1, "分辨率": 1, "2340": 1, "×": 1, "1080": 1, "纵横": 1, "19.5:9": 1, "屏占": 1, "比超": 1, "背部": 1, "竖排A": 1, "I": 3, "双摄": 4, "提供": 4, "樱语粉": 1, "宝石": 1, "幻夜": 1, "极光紫": 1, "彩渐": 1, "200万A": 2, "AI": 2, "场景": 3, "分场": 1, "景": 1, "柔光": 1, "蝴蝶光": 1, "测光": 1, "人像": 1, "光效": 1, "影棚级": 1, "美照": 1, "1300万": 1, "AI自主": 1, "学习": 1, "算法": 1, "智能": 1, "标签": 1, "500余": 1, "实时": 1, "优化": 1, "调校": 1, "运行": 1, "基于": 1, "Android": 1, "深度": 1, "EMUI": 1, "系统": 1, "德国": 1, "莱茵": 1, "高标准": 1, "生物": 1, "认证": 1, "过滤": 1, "有害": 1, "蓝光": 1, "护眼": 1, "降低": 1, "眼睛": 1, "享受": 1, "贴心": 1, "阅读": 1, "商城": 1, "公布": 3, "朋友": 1, "DXOMARK": 1, "官网": 1, "XR": 12, "相机": 10, "评分": 9, "综合": 3, "成绩": 2, "101分": 1, "位列": 1, "第七": 1, "103": 2, "并列": 1, "第三": 1, "排名": 1, "第五": 1, "高达": 3, "6500": 1, "价格": 1, "正比": 1, "比肩性": 1, "价比": 1, "MIX": 3, "入手": 1, "值": 1, "摄影": 2, "摄像头": 4, "解决": 1, "方案": 1, "规格": 1, "大体上": 1, "高端": 1, "期望": 1, "1200万": 2, "1/2.55": 1, "图像": 1, "1.4": 1, "微米": 1, "间距": 1, "26": 1, "毫米f/1.8": 1, "光学": 1, "防抖": 1, "相位": 1, "检测": 1, "自动": 2, "焦": 2, "双色": 1, "LED": 1, "闪光灯": 3, "针对": 1, "DXO": 1, "评测": 1, "报告": 1, "给出": 1, "详细": 1, "数据": 3, "分数": 2, "96": 1, "缺点": 1, "中长距": 1, "变焦": 3, "照片": 1, "室内": 1, "低光": 1, "条件": 1, "带有": 1, "细小": 1, "颗粒": 1, "亮度": 1, "噪点": 3, "散景": 3, "渐变": 1, "模糊": 1, "逼真": 1, "硬件": 2, "上限": 1, "先前": 1, "提": 1, "4分": 1, "摄像": 2, "哪么": 1, "优劣势": 2, "体现": 1, "在于": 3, "控制": 2, "伪像": 3, "劣势": 2, "项": 1, "拉": 1, "几十": 1, "主摄": 1, "领先于": 1, "副": 1, "扳回": 1, "城": 1, "此刻": 1, "108": 1, "93": 1, "高出": 2, "2分": 1, "对比": 1, "纹理": 1, "尤其是": 1, "13分": 1, "Exposure": 1, "色彩": 1, "陷入": 1, "完败": 1, "局面": 1, "软件": 1, "后期": 1, "调教": 1, "指出": 1, "拍摄": 1, "能力": 1, "角度": 1, "谈": 1, "打败": 1, "Galaxy": 1, "S9+": 1, "99": 2, "Max": 1, "105": 1, "新一代": 1, "软硬": 1, "称": 2, "App": 7, "Store": 3, "下载": 2, "京东": 5, "金融": 5, "APP": 7, "对此": 1, "回复": 1, "核实": 1, "情况": 1, "排查": 1, "尽快": 1, "恢复": 1, "安卓": 1, "财经社": 1, "发现": 1, "搜索": 2, "下架": 7, "金融界": 1, "报道": 1, "3日": 1, "分析": 1, "商店": 1, "拼": 2, "多多": 2, "搜狗": 1, "科大": 2, "讯飞": 2, "悦跑圈": 1, "1500多": 1, "商家": 1, "热": 1, "相关": 1, "统计": 1, "6月份": 2, "超": 1, "之内": 1, "数量": 1, "4万": 1}