{"近日": 4, "华为": 214, "开发者": 20, "联盟": 4, "开放": 10, "HUAWEI": 5, "DevEco": 13, "Studio": 14, "试用": 4, "申请": 2, "终": 1, "参与": 4, "体验": 16, "活动": 4, "(": 9, "简称": 1, ")": 9, "消费者": 9, "业务部": 1, "提供": 21, "集成": 4, "开发": 22, "环境": 5, "旨在": 1, "快捷": 2, "、": 124, "高效": 2, "终端": 17, "能力": 20, "具备": 2, "工程": 4, "管理": 6, "代码": 4, "编辑": 1, "编译": 1, "构建": 7, "调试": 3, "仿真": 1, "基础": 7, "功能": 19, "支持": 14, "包": 1, "互联": 5, "互通": 2, "HiAI": 2, "HiCar": 1, "HMS": 1, "特色": 2, "2019年": 3, "8月": 7, "大会": 3, "发布": 12, "IDE": 1, "平台": 8, "计划": 5, "2019年底": 1, "一个": 26, "友好": 3, "版本": 9, "确实": 3, "有条不紊": 1, "执行": 2, "开发者们": 1, "搜索": 1, "登陆": 1, "官网": 1, "—": 3, "工具": 2, "点击": 1, "开启": 2, "旅": 1, "这次": 7, "本次": 3, "邀请": 1, "Beta": 4, "基于": 7, "IntelliJ": 4, "IDEA": 3, "Community": 2, "开源": 5, "定制": 2, "Kits": 1, "远程": 3, "真机": 4, "云测试": 1, "后续": 4, "中将": 2, "进一步": 2, "分布式": 4, "多端": 4, "部署": 7, "…": 1, "官方": 7, "放出": 1, "简单": 3, "上手": 1, "几点": 1, "值得": 5, "：": 28, "1.": 3, "ID": 1, "EA开源": 1, "习惯": 2, "改变": 3, "Android": 3, "社区": 3, "版": 7, "新建": 1, "模板": 1, "模拟器": 2, "布局": 3, "编辑器": 1, "拖拽式": 1, "UI": 2, "控件": 1, "预览": 1, "调测": 1, "代码库": 1, "学习": 2, "用户": 12, "快速": 7, "平滑": 1, "过渡": 1, ".": 5, "内置": 1, "EMUI": 3, "一站式": 2, "深度": 3, "包括": 3, "多媒体": 1, "Kit": 3, "Manager": 1, "过程": 2, "选择": 10, "引入": 2, "省去": 1, "很多": 6, "依赖": 2, "手工": 1, "添加": 1, "工作": 7, "诸多": 2, "推荐": 1, "Assistant": 1, "API": 1, "参考": 1, "样例": 2, "键": 1, "拖拽": 1, "方式": 3, "插入": 1, "源码": 1, "文件": 2, "调用": 2, "效果": 4, "很": 10, "不错": 5, "3.All-in-one": 1, "测试": 9, "质量": 8, "分析": 2, "Remote": 1, "Devices": 1, "5000": 1, "+": 17, "系列": 21, "7*24": 1, "小时": 4, "免费": 1, "在线": 1, "随时随地": 1, "响应": 1, "资源": 3, "诉求": 1, "不再": 1, "限于": 2, ";": 2, "App": 1, "CloudTest": 1, "原生": 1, "混合": 2, "游戏类": 1, "自动化": 1, "覆盖": 3, "兼容性": 4, "稳定性": 1, "性能": 10, "功耗": 1, "语言": 1, "多种": 1, "场景": 9, "DFX": 1, "精准": 1, "检测": 1, "侵入式": 1, "APP": 1, "服务": 13, "涵盖": 1, "Crash": 1, "ANR": 1, "启动": 3, "时长": 3, "丢帧": 1, "卡顿": 2, "指标": 2, "即可": 1, "远": 1, "行业": 7, "做法": 4, "设备": 22, "单独": 2, "设立": 1, "团队": 1, "适配": 3, "特性": 2, "1+8+N": 1, "软件": 13, "统一": 1, "编程": 2, "框架": 2, "维护": 3, "套": 1, "解决": 5, "降低": 3, "难度": 1, "技术": 18, "门槛": 1, "写": 3, "此次": 3, "思路": 1, "站": 1, "巨人": 1, "肩膀": 1, "增加": 4, "定制化": 1, "云端": 1, "增强": 1, "扩展": 1, "重点": 1, "走": 4, "条": 2, "务实": 1, "道路": 1, "路": 3, "想起": 1, "消费": 2, "业务": 6, "总裁": 4, "王成录": 3, "博士": 1, "一句话": 2, "硬件": 9, "领域": 1, "生产线": 2, "强大": 3, "人工": 1, "锤子": 1, "敲": 1, "艘": 1, "航母": 1, "希望": 6, "容器": 1, "优秀": 1, "编码": 1, "人员": 7, "经验": 1, "都": 37, "沉淀": 1, "越来越": 2, "爱": 2, "不妨": 1, "下载": 3, "Studio一试": 1, "来源": 6, "飞象网": 2, "国行": 1, "第一": 8, "手机": 42, "厂商": 6, "这两年": 1, "发展": 14, "大众": 1, "有目共睹": 1, "销量": 1, "市场": 34, "份额": 5, "均": 3, "大幅度": 1, "增长": 4, "夸张": 1, "国人": 1, "购机": 1, "首选": 2, "回来": 2, "主打": 5, "机海": 1, "战术": 1, "旗下": 3, "机型": 9, "购买": 5, "价值": 3, "低": 3, "笔者": 1, "介绍": 3, "四": 3, "款": 6, "12月": 7, "入手": 3, "劝": 1, "买": 3, "Mate30": 5, "Pro": 6, "整体": 3, "参数": 1, "角度": 5, "依旧": 4, "领先": 2, "水平": 2, "外观": 5, "拍照": 5, "上佳": 1, "表现": 3, "4G": 9, "网络": 38, "现阶段": 2, "诸多5": 1, "G机型": 1, "接下来": 1, "即将": 2, "旗舰": 3, "清一色": 1, "5G": 78, "售价": 6, "5799": 1, "元": 15, "花": 2, "高价": 2, "合适": 1, "时机": 1, "Mate20": 4, "X": 5, "5G版": 5, "电商": 1, "8G": 1, "256G": 1, "跌": 1, "4999": 1, "相比": 2, "发布价": 1, "6199": 1, "跌幅": 1, "1200": 1, "毕竟": 4, "同等": 4, "价位": 3, "荣耀": 10, "V30": 2, "双双": 1, "对比": 1, "之下": 1, "综合": 2, "实力": 4, "功能性": 2, "优势": 8, "价格": 7, "还要": 1, "便宜": 3, "不少": 2, "程度": 1, "虚": 1, "3": 5, "畅享": 4, "10S": 3, "线下": 3, "性价比": 13, "前不久": 1, "麒麟": 1, "710": 1, "处理器": 2, "10": 1, "W功率": 2, "快": 3, "充卖": 1, "1599": 2, "着实": 1, "名不副实": 1, "刚刚": 1, "红米K30": 1, "骁龙": 1, "730G": 1, "6400万四": 1, "摄": 3, "30": 2, "快充": 2, "才": 5, "V20": 1, "9": 2, "nova5z": 1, "竞争力": 2, "处于": 4, "劣势": 1, "4.": 2, "nova6": 29, "身为": 1, "nova": 2, "新品": 2, "6.57寸": 1, "挖": 1, "孔屏": 1, "玻璃": 2, "机身": 3, "设计": 4, "颜值": 1, "颇为": 1, "养眼": 1, "搭载": 11, "麒麟990": 3, "跑分": 1, "45万": 1, "足够": 2, "强悍": 1, "恭维": 1, "vivo": 1, "X30": 1, "OPPO": 1, "Reno3": 1, "未来": 7, "一两": 1, "年内": 3, "普及": 1, "落伍": 1, "小伙伴们": 1, "留言": 1, "交流": 1, "看法": 1, "文": 1, "/": 3, "观察者": 2, "网": 3, "龙玥": 1, "中国": 22, "驻德": 1, "大使": 1, "吴恳": 8, "14日": 2, "德国": 33, "媒体": 6, "访谈": 2, "节目": 1, "政府": 7, "排除": 3, "袖手旁观": 3, "法律": 3, "责任": 6, "数据": 5, "汽车": 8, "举例": 2, "贸易": 1, "保护主义": 2, "批判": 2, "美国": 4, "彭博社": 3, "15日": 1, "报道": 11, "竟": 2, "称": 3, "这是": 1, "威胁": 6, "报复": 2, "商报": 4, "刊登": 1, "接受": 2, "采访": 1, "视频": 5, "长": 1, "38": 1, "分钟": 3, "做出": 2, "导致": 2, "后果": 2, "比喻": 1, "2018年": 4, "一共": 1, "出售": 1, "2800万": 1, "辆": 1, "当中": 2, "占": 1, "四分之一": 1, "生产": 1, "不行": 3, "纯粹": 1, "这家": 1, "民主党": 1, "总统": 1, "竞选人": 1, "布隆伯格": 1, "创办": 1, "新闻社": 1, "据此": 1, "发言": 2, "解读": 1, "禁止": 3, "反制": 1, "措施": 1, "智库": 3, "全球": 16, "公共": 2, "政策": 3, "研究所": 1, "所长": 1, "托尔斯滕本纳": 1, "Thorsten": 1, "Benner": 1, "涉及": 2, "表态": 3, "视为": 2, "本纳": 2, "推特": 2, "说到": 1, "本身": 4, "公开": 2, "挂钩": 1, "经济": 2, "华": 2, "立场": 1, "墨卡托": 1, "研究": 3, "中心": 6, "报告": 1, "渲染": 1, "渗透": 1, "欧盟": 2, "散布": 1, "威胁论": 1, "社交": 1, "12日": 2, "执政党": 1, "基民": 1, "基社": 1, "CDU/CSU": 1, "社民党": 1, "SPD": 1, "草案": 1, "联邦": 3, "干预": 1, "操纵": 1, "间谍": 2, "风险": 2, "信任": 2, "制造商": 1, "倡议": 1, "核心": 5, "外围": 1, "法案": 3, "供应商": 8, "实施": 1, "禁令": 1, "描述": 2, "企业": 5, "量身定做": 1, "围绕": 1, "辩论": 2, "出台": 1, "吴": 1, "恳此": 1, "再次": 1, "13日": 2, "指出": 6, "绿党": 2, "议院": 1, "该国": 1, "建设": 18, "讨论": 1, "尽快": 2, "投票": 1, "预计": 2, "周五": 1, "20日": 1, "推迟": 2, "太": 6, "晚": 1, "日程": 1, "安排": 1, "下周": 1, "会议": 1, "康斯坦丁·冯·诺兹": 1, "Konstantin": 1, "von": 1, "Notz": 1, "保证": 2, "议会": 1, "圣诞节": 1, "放假": 1, "议题": 1, "以往": 2, "高标准": 1, "纳入": 1, "电信法": 1, "失败": 1, "显而易见": 1, "总理": 1, "默克尔": 2, "态度": 2, "上月": 1, "29日": 1, "谈及": 1, "直言": 1, "各国": 3, "制定": 1, "机构": 6, "认证": 1, "担忧": 1, "三大": 4, "电信": 20, "运营商": 9, "巨头": 2, "Deutsche": 1, "Telekom": 1, "沃": 1, "达丰": 1, "公司": 28, "Vodafone": 1, "西班牙": 1, "Telefónica": 1, "合作": 15, "采用": 5, "铺设": 1, "鸿蒙": 46, "操作": 15, "系统": 33, "消息": 5, "深圳": 2, "特区报": 1, "软件部": 2, "8日": 2, "对外": 2, "透露": 3, "明年": 5, "平板": 5, "电脑": 4, "产品": 19, "全线": 4, "海内外": 3, "同步": 3, "推进": 5, "；": 9, "正式": 5, "破甲者": 1, "HDC.2019": 2, "公布": 1, "遭受": 3, "实体": 2, "清单": 2, "公正": 1, "打压": 3, "背景": 1, "备胎": 1, "转正": 1, "姿态": 1, "公众": 1, "视线": 1, "焦点": 1, "一开始": 1, "赋予": 2, "国产": 3, "信息": 3, "突破": 2, "重围": 1, "自主": 2, "可控": 1, "重任": 1, "9日": 1, "OS": 14, "详尽": 1, "市面": 1, "通用": 2, "先进": 3, "架构": 2, "跨": 4, "带来": 4, "实用": 2, "无缝": 2, "第二": 4, "时延": 1, "常见": 1, "死机": 1, "迫使": 1, "等待": 2, "现象": 1, "交互": 3, "流畅": 2, "智能": 8, "匹配": 1, "第三": 1, "微内": 1, "核技术": 1, "可靠": 1, "代码量": 1, "Linux": 1, "内核": 2, "黑客": 1, "攻击": 1, "第四": 1, "效率": 1, "成功": 11, "智慧屏": 2, "10日": 1, "隆重": 1, "首款": 1, "智慧": 5, "屏": 2, "摄像头": 5, "全新": 2, "软硬件": 2, "组合": 3, "大屏": 1, "多屏": 1, "协同": 1, "管控": 1, "创新": 2, "家庭": 1, "跨屏": 1, "IoT": 1, "控制": 2, "影音": 1, "娱乐": 2, "先进性": 1, "直观": 2, "舆论": 1, "大规模": 2, "推广": 3, "推动": 1, "期待": 2, "打造": 2, "破甲": 1, "利剑": 1, "进展": 1, "也就是说": 1, "电视": 1, "路由器": 1, "手环": 1, "手表": 1, "举措": 1, "理解": 3, "依然": 6, "刚": 3, "进军": 1, "高端": 7, "阶段": 3, "海外": 7, "安卓": 6, "GMS": 3, "依赖性": 1, "贸然": 1, "更改": 1, "作法": 1, "负面": 1, "影响": 4, "谷歌": 3, "决策": 1, "稳妥": 1, "时间": 9, "规模化": 3, "生态": 13, "留下": 1, "想象": 2, "空间": 1, "品牌": 13, "暂时": 1, "不得而知": 1, "初步": 2, "建立": 3, "兼容": 1, "早": 2, "亮相": 1, "物联网": 1, "在于": 4, "发挥": 1, "接口": 1, "一点": 4, "才能": 4, "落到实处": 1, "只能": 1, "停留": 1, "纸面": 1, "此前": 2, "时间点": 1, "事实": 1, "证明": 3, "业界": 1, "忧虑": 1, "官宣": 1, "时间表": 1, "有利于": 1, "打消": 1, "疑虑": 1, "利于": 1, "早些时候": 1, "创始人": 4, "任正非": 13, "阐述": 1, "绝不": 2, "单纯": 1, "合计": 1, "层面": 1, "万物": 2, "IoT物": 1, "联网": 1, "愿景": 1, "使命": 1, "描绘": 1, "远大": 1, "前景": 1, "严肃": 1, "软肋": 1, "研发": 18, "难点": 1, "所在": 1, "站稳": 1, "脚跟": 1, "过硬": 2, "拥有": 8, "强壮": 1, "iOS": 2, "典范": 1, "垄断性": 1, "各行各业": 1, "生活": 18, "在内": 2, "无所不包": 1, "这才": 1, "大行其道": 1, "竞争": 4, "对手": 3, "施加": 1, "降维": 1, "打击": 1, "事实上": 1, "Facebook": 1, "Gmail": 1, "群隔": 1, "离开": 1, "隔离": 1, "卡脖子": 1, "目光": 1, "局限": 1, "抗衡": 1, "生态圈": 6, "想要": 2, "一蹴而就": 1, "长期": 2, "努力": 4, "海量": 2, "试错": 1, "磨合": 2, "之间": 2, "开发商": 1, "利益": 1, "挣": 1, "钱": 13, "奠定": 1, "2020年": 1, "产品线": 1, "良机": 1, "意义": 1, "决策层": 1, "规划": 1, "培育": 1, "新生": 1, "底气": 1, "归结": 1, "差": 4, "10月": 3, "16日": 1, "最新": 2, "财报": 3, "显示": 4, "面临": 2, "不利": 1, "外部": 1, "因素": 4, "情况": 4, "6108亿": 1, "季度": 3, "营收": 2, "同比": 3, "惊人": 2, "24.4%": 1, "过分": 1, "重视": 2, "盈利": 4, "状况": 1, "纯": 1, "利润率": 1, "8.7%": 1, "可谓": 3, "名副其实": 1, "！": 3, "充足": 1, "力度": 2, "投入": 5, "面向": 1, "扶持": 1, "耀星": 1, "10亿": 1, "美元": 2, "补贴": 1, "8亿": 1, "成立": 2, "基金会": 1, "凝聚": 2, "内": 4, "周边": 1, "提速": 1, "庞大": 1, "规模": 2, "众所周知": 1, "关键": 4, "融合": 1, "名列前茅": 1, "调研": 1, "IHS": 1, "Markit": 1, "日前": 2, "18%": 1, "6": 2, "百分点": 2, "幅度": 1, "超越": 1, "苹果": 1, "世界": 3, "排名": 1, "三星": 1, "差距": 1, "收窄": 1, "以内": 1, "至关重要": 1, "占有率": 1, "46%": 1, "加速": 2, "郎club华": 1, "员工": 27, "投诉": 1, "食堂": 3, "伙食": 2, "定价": 2, "到位": 1, "吐槽": 2, "高层": 1, "高度": 2, "好像": 1, "轮值": 2, "CEO": 2, "徐直军": 2, "告": 2, "书": 2, "回复": 2, "当事": 1, "干部": 6, "抽调": 2, "帮厨": 3, "三": 5, "实践": 2, "建议": 3, "回到": 2, "岗位": 3, "要素": 2, "唯一": 1, "天之骄子": 1, "部门": 2, "过度": 2, "收入": 4, "支撑": 1, "享受": 4, "膳食": 1, "渠道": 1, "抱怨": 1, "基地": 1, "菜价": 1, "平均": 1, "标准": 2, "350": 1, "为民请愿": 1, "现状": 1, "大人": 1, "行政": 2, "为民请命": 1, "成熟": 3, "葛朗台式": 1, "入物": 1, "花钱": 1, "保障": 2, "别人": 3, "百般": 2, "挑剔": 3, "有人": 2, "喜欢": 2, "虚幻": 1, "光环": 1, "社会": 3, "女": 1, "孩子": 1, "盲目": 2, "真的": 2, "试问": 1, "伙食费": 1, "舍不得": 1, "幸福": 1, "那种": 1, "折磨": 1, "死": 1, "怪": 2, "斤斤计较": 1, "确保": 2, "葛朗": 1, "台式": 1, "前途": 1, "正确": 2, "改善": 3, "顾及": 1, "学会": 3, "感恩": 1, "感谢": 1, "随便": 1, "矛盾": 2, "转移": 1, "心理": 3, "预期": 1, "暂": 1, "工资": 3, "给出": 1, "认可": 1, "批示": 2, "贡献": 3, "提高": 3, "亮点": 4, "舒服": 2, "找": 3, "咨询": 2, "天涯网": 2, "此文": 1, "何等": 1, "!": 3, "代表处": 3, "成人": 1, "自立": 1, "自理": 1, "客户": 2, "莫名其妙": 1, "满意度": 1, "发明": 1, "满意": 7, "地方": 3, "信用卡": 1, "交给": 1, "辛苦": 3, "合同": 2, "活": 1, "幼稚": 1, "状态": 1, "转给": 1, "调整": 2, "委员会": 1, "民意": 1, "负起": 2, "指责": 1, "国内": 5, "后勤": 2, "规律": 1, "放开": 1, "管制": 1, "全体": 1, "宣泄": 1, "心声": 1, "刊载": 1, "重磅": 1, "讲话": 7, "泰国": 2, "地区部": 1, "负责人": 2, "尼泊尔": 2, "座谈": 1, "历史": 1, "项目": 1, "概算": 1, "亏损": 7, "大前年": 1, "2.7亿": 1, "美金": 3, "前年": 1, "3000万": 1, "去年": 2, "2140万": 1, "喜马拉雅": 1, "南麓": 1, "一路": 1, "爬坡": 2, "听说": 1, "涨": 1, "巴西": 2, "历经": 1, "磨难": 1, "终于": 1, "三年": 1, "二十年": 1, "补": 1, "五": 1, "做平": 1, "领导": 1, "泥坑": 1, "爬": 2, "圣人": 1, "扭转": 1, "弟兄们": 1, "致敬": 1, "机会": 1, "珠峰": 1, "大本营": 1, "站点": 2, "5200": 1, "米": 2, "慢慢": 1, "英雄": 1, "当年": 1, "想": 5, "铁塔": 1, "部件": 3, "背": 1, "上山": 1, "艰难": 2, "十几": 1, "年前": 1, "西藏": 4, "墨脱": 2, "开通": 2, "450": 2, "王文征": 1, "带": 1, "名": 3, "民工": 1, "背着": 1, "拆开": 1, "4": 4, "夜": 2, "翻过": 1, "座": 1, "4000-5000": 1, "雪山": 1, "风餐露宿": 1, "通信": 4, "保留": 3, "试验区": 1, "作出": 1, "来回": 1, "8": 2, "野外": 1, "想想": 1, "流泪": 1, "网上": 1, "传有": 1, "34": 1, "岁": 2, "退休": 2, "不知": 1, "支付": 5, "退休金": 2, "在职": 1, "社保": 1, "医保": 1, "意外": 1, "伤害": 1, "保险": 1, "合乎": 1, "国家": 10, "离职": 1, "缴费": 1, "中断": 1, "承认": 1, "养老金": 2, "玻利维亚": 1, "战乱": 3, "瘟疫": 2, "……": 4, "地区": 6, "英勇": 2, "奋斗": 6, "征集": 1, "奖金": 1, "冰": 1, "卧雪": 1, "含辛茹苦": 1, "可否": 1, "分点": 1, "垮": 1, "30多": 1, "年青力壮": 1, "躺": 1, "床": 1, "数钱": 1, "春节": 1, "期间": 2, "拉美": 2, "跑": 2, "大国": 2, "体会": 2, "小国": 1, "深刻": 1, "邻国": 1, "脚": 1, "迈": 1, "落后": 1, "直达": 1, "飞机": 4, "每次": 1, "飞": 4, "40-50": 1, "机场": 1, "2-3": 1, "1": 1, "下午": 1, "天天": 1, "亮": 1, "经济舱": 2, "大洋": 1, "隔": 1, "两万": 1, "公里": 2, "陆地": 1, "考核": 1, "基线": 1, "困难": 1, "经历": 2, "空中": 1, "危险": 1, "幸亏": 1, "飞行员": 1, "迫降": 1, "连续": 2, "飞行": 1, "40多": 1, "挤出": 1, "养": 1, "干活": 1, "商务舱": 1, "乘坐": 1, "头等舱": 1, "差价": 1, "陪同": 2, "机票": 1, "并非": 2, "病员": 1, "承诺": 1, "艰苦": 1, "陪": 1, "贪生怕死": 1, "阿富汗": 1, "看望": 1, "利比亚": 3, "开战": 3, "飞到": 2, "伊拉克": 4, "不到": 1, "首富": 1, "告诉": 1, "送": 3, "明天": 1, "封路": 1, "专机": 1, "派": 1, "保镖": 2, "车队": 3, "十多": 1, "奔驰": 1, "一千多": 1, "送上": 1, "架": 1, "一路上": 1, "换车队": 1, "广西": 2, "贵州": 1, "云南": 1, "当地": 8, "粤B": 1, "显眼": 1, "鼓励": 1, "践行": 1, "谢谢": 2, "叙利亚": 1, "也门": 1, "至今": 1, "徐": 1, "直军": 1, "陈": 1, "黎芳": 1, "彭": 1, "中阳": 1, "也门饭": 1, "好吃": 1, "饭": 1, "图文": 1, "来源于": 7, "版权": 1, "敬请": 1, "原作者": 1, "删除": 1, "获准": 3, "拿下": 1, "挪威": 23, "新华社": 1, "Telenor": 2, "新增": 4, "瑞典": 1, "爱立信": 12, "首席": 1, "执行官": 1, "Sigve": 1, "Brekke": 3, "无线": 1, "接入": 2, "现代化": 2, "商业": 3, "条款": 1, "条件": 1, "评估": 2, "5": 3, "升级": 5, "理由": 1, "感到": 1, "专家": 1, "领导者": 1, "据悉": 2, "超过": 2, "10年": 1, "伙伴": 5, "环球网": 1, "路透社": 1, "宣称": 2, "放弃": 8, "如今": 4, "说法": 1, "打脸": 2, "北欧": 2, "缅甸": 1, "巴基斯坦": 1, "马来西亚": 2, "国": 1, "运营": 1, "超": 2, "1亿": 1, "利好": 1, "频": 1, "传据": 1, "证券": 2, "时报·e": 2, "Telefonica": 2, "相关": 2, "2G": 1, "中都": 1, "套件": 1, "之内": 1, "替换": 1, "多国": 1, "英国": 1, "摩纳哥": 1, "法国": 1, "俄罗斯": 1, "柬埔寨": 1, "激烈": 1, "订单": 6, "反超": 1, "迄今为止": 1, "接到": 2, "65": 3, "份": 6, "商用": 4, "75": 2, "5G商": 1, "记者": 1, "严翠": 1, "瞻网": 1, "新京报": 1, "36": 1, "氪文": 1, "|": 2, "李": 1, "振梁": 1, "头图": 1, "图虫": 1, "创意": 1, "小米": 34, "互联网": 2, "模式": 5, "切入": 1, "短短": 1, "出货量": 2, "top": 1, "2016年": 1, "下滑": 2, "陷入": 1, "危机": 1, "雷军": 6, "零": 1, "起步": 1, "头部": 1, "质疑": 5, "迈进": 1, "节奏": 1, "年初": 2, "下定": 1, "决心": 1, "Redmi": 2, "独立": 3, "扛": 1, "大旗": 1, "放飞": 1, "冲击": 1, "低价": 11, "原罪": 1, "魅族": 1, "黄章": 1, "评价": 5, "眼高手低": 1, "贱惯": 1, "贱人": 1, "贱己": 1, "贱": 1, "资讯": 1, "博主": 1, "@": 4, "信通": 2, "熊猫": 2, "并称": 1, "误国": 1, "粉丝": 1, "结构": 2, "难": 2, "发达国家": 1, "民众": 1, "崇拜": 1, "荣": 1, "有理": 1, "拖累": 1, "世界级": 1, "绊脚石": 1, "对此": 2, "升职": 1, "中国区": 2, "卢伟冰": 4, "回应": 4, "发达": 4, "‘": 4, "例证": 2, "’": 4, "缺乏": 2, "民族": 2, "自信": 3, "沃尔玛": 2, "宜家": 5, "Costco": 2, "优衣库": 3, "受益": 2, "列举": 1, "物美价廉": 1, "全系": 1, "照明": 1, "同学": 1, "语音": 1, "助手": 1, "落地": 1, "价值观": 1, "契合": 1, "致力于": 1, "平价": 1, "优质": 1, "提出": 1, "搞": 2, "国外": 2, "算了": 1, "发": 1, "制造": 1, "树立": 1, "形象": 1, "读": 2, "一流": 2, "高校": 2, "人才": 3, "高薪": 2, "吸引": 2, "利润": 1, "年均": 1, "净利润": 1, "85.55亿": 1, "70亿": 1, "20%": 1, "观点": 1, "路径": 2, "熟读": 2, "战略": 4, "榜样": 2, "11": 2, "最低价": 2, "399": 2, "友商": 3, "型号": 2, "得益于P": 1, "Mate": 2, "一家": 2, "实际上": 1, "P": 1, "高中": 1, "低端": 2, "2017年": 1, "BG": 1, "汇报": 1, "骨干": 1, "座谈会": 1, "忽视": 1, "低端机": 6, "赚": 1, "保卫": 1, "高端机": 3, "95%": 1, "次品": 1, "成本": 4, "生命": 1, "周期": 1, "打磨": 1, "品质": 2, "发货": 1, "数千万": 1, "台": 1, "洗练": 1, "故障": 1, "提升": 3, "批量": 1, "采购": 2, "挑战": 1, "一部分": 1, "便宜没好货": 2, "认知": 1, "无数": 1, "场合": 1, "最低": 1, "发布会": 1, "激动": 1, "材料": 1, "一分钱一分货": 1, "气": 1, "半死": 1, "七八年": 1, "东西": 2, "天然": 1, "供应": 1, "中低端": 1, "立足": 1, "困扰": 1, "免于": 1, "类似": 1, "责难": 1, "究": 1, "原因": 2, "路上": 1, "陷于": 1, "挣扎": 1, "交出": 1, "答卷": 1, "瞩目": 1, "标签": 1, "或许": 1, "不必": 2, "一次次": 1, "此类": 1, "附卢": 1, "伟冰": 1, "全文": 1, "评论": 1, "文化": 1, "脑袋": 1, "提醒": 1, "谬论": 1, "通篇": 1, "逗号": 1, "问号": 1, "句号": 1, "回": 2, "小学": 1, "学好": 1, "语文": 1, "中学": 1, "学学": 1, "逻辑": 1, "发表": 1, "大论": 1, "宜": 1, "丢人现眼": 1, "关注": 1, "回答": 1, "肯定": 3, "琳琅满目": 1, "新前": 1, "十二": 1, "开售": 2, "好评": 1, "图片": 12, "发言权": 1, "翻看": 1, "不难": 1, "提到": 1, "好看": 2, "自拍": 14, "信息点": 1, "正是": 2, "105": 3, "°": 2, "前置": 8, "超广角": 4, "双摄": 2, "京东": 1, "截图": 1, "延续": 1, "超强": 1, "3200万": 3, "像素": 4, "自动": 4, "焦": 3, "镜头": 9, "800万": 3, "°超": 1, "广角": 2, "清晰": 4, "要义": 1, "高像素": 1, "成像": 1, "清晰度": 1, "细节": 2, "自然": 3, "不可或缺": 1, "美颜": 3, "算法": 1, "加持": 2, "常规": 1, "取景": 2, "框": 1, "所有人": 1, "完整": 1, "入镜": 1, "借助": 3, "拓宽": 1, "倍": 4, "自拍杆": 1, "特地": 1, "手": 1, "长星人": 1, "轻松": 2, "拍下": 1, "合照": 1, "暗光": 1, "光线": 2, "拍": 4, "黑脸": 1, "人像": 2, "超级": 4, "夜景": 2, "2.0": 1, "夜晚": 1, "美丽": 1, "配备": 2, "Close": 1, "loop": 1, "马达": 1, "照片": 2, "准确": 1, "对焦": 1, "脸面部": 1, "远近": 1, "4K": 3, "画质": 2, "录制": 2, "30fps": 1, "搭配": 1, "AI美": 1, "颜算法": 1, "拍出": 1, "画面": 1, "美观": 1, "短": 1, "vlog": 1, "作品": 1, "带给": 2, "便捷": 2, "DxOMark": 1, "排行榜": 1, "拿到": 1, "成绩": 4, "代言人": 1, "易烊": 2, "千": 1, "玺": 1, "自拍照": 1, "究竟": 1, "源自": 2, "TFBOYS": 1, "千玺": 1, "不俗": 1, "后置": 2, "拍摄": 3, "不可小觑": 1, "4000万": 1, "超感": 1, "光主": 1, "光学": 2, "变焦": 4, "素超": 1, "数码": 1, "配合": 1, "噪点": 1, "色彩": 1, "还原": 1, "配置": 2, "忽略": 1, "芯片": 2, "运算": 1, "日常": 1, "大型": 2, "游戏": 3, "运行": 1, "加上": 3, "Kirin": 1, "Gaming": 1, "优化": 1, "玩": 2, "畅快": 1, "NSA/SA": 1, "双模": 2, "双卡": 2, "全网通": 3, "意味着": 1, "该机": 1, "频段": 3, "网通": 1, "5G卡": 1, "畅游": 1, "全国": 1, "针对": 1, "用机": 2, "续航": 2, "4100": 1, "mAh": 2, "电池": 1, "4200": 1, "40W": 1, "电量": 1, "回血": 1, "微信": 1, "颇": 1, "3D": 1, "侧边": 1, "弧度": 1, "手感": 1, "舒适": 1, "渐变": 1, "配色": 1, "调配": 1, "和谐": 1, "吸睛": 1, "十足": 1, "不折不扣": 1, "高颜值": 2, "不得不": 1, "既有": 1, "均衡": 1, "才貌双全": 1, "线上": 2, "8GB": 4, "128GB": 3, "3199": 1, "3799": 2, "256GB": 2, "4199": 2, "12": 4, "期": 4, "免息": 4, "旧": 1, "福利": 2, "12.18": 1, "苏宁": 2, "品日": 2, "享": 2, "分期": 3, "拔草": 1, "眼看": 1, "马上": 2, "结束": 1, "我国": 3, "当初": 3, "迎来": 2, "功劳": 1, "高管": 1, "诺基亚": 4, "随后": 1, "奋起直追": 1, "数量": 2, "50": 1, "足以": 1, "老牌": 1, "恐怖": 1, "特朗普": 4, "之上": 1, "看待": 1, "优于": 1, "否认": 1, "不管是": 1, "欧洲": 2, "起到": 2, "作用": 2, "担心": 2, "明令": 1, "损失": 1, "传出": 2, "替代": 1, "值得一提的是": 1, "时代": 6, "实在": 1, "难以": 1, "忘恩负义": 1, "面对": 1, "留": 1, "情面": 1, "很快": 1, "剧情": 1, "反转": 1, "抛弃": 1, "反而": 1, "想必": 1, "正名": 1, "料到": 1, "狠狠": 1, "关系": 1, "二者": 1, "1.4万": 1, "基站": 1, "等于": 1, "将要": 1, "拆除": 2, "耗费": 2, "人力": 1, "物力": 1, "财力": 1, "就要": 1, "事情": 1, "早就": 1, "预言": 1, "精力": 2, "身上": 2, "其他人": 1, "浪费": 2, "难怪": 1, "场": 1, "不慌不忙": 1, "速度": 2, "多方": 1, "尤其是": 1, "初期": 1, "更为": 1, "脚踏两只船": 1, "少见": 1, "形势": 1, "接踵而至": 1, "从中": 1, "干扰": 1, "31日": 1, "工信部": 1, "标志": 1, "第五": 1, "网速": 1, "连接": 2, "延迟": 1, "追逐": 1, "潮流": 3, "先锋军": 1, "年轻": 1, "第一时间": 1, "到底": 1, "源于": 4, "nova65G": 10, "nova星人": 1, "首销": 1, "解锁": 1, "年轻人": 9, "N": 1, "nova65": 4, "G": 1, "SA/NSA": 1, "SA": 1, "组网": 1, "建成": 1, "取代": 1, "NSA": 1, "疾速": 2, "可用": 1, "一步到位": 1, "免去": 1, "频繁": 1, "换机": 1, "烦恼": 1, "峰值": 1, "速率": 1, "高达": 1, "2Gbps": 1, "G畅": 1, "王者": 1, "和平": 1, "精英": 1, "手游": 1, "战绩": 1, "破坏": 1, "心情": 1, "钟爱": 1, "高清": 4, "影视": 1, "音乐": 2, "G几": 1, "秒钟": 1, "不用": 1, "苦苦": 1, "带宽": 1, "身处": 1, "演唱会": 1, "火车站": 1, "拥挤": 1, "抢票": 1, "抢单": 1, "拥堵": 1, "发生": 1, "TDD/FDD": 1, "切换": 1, "优先": 1, "上网": 2, "信号": 1, "佳": 1, "卡": 2, "VoLTE": 2, "通话": 1, "收到": 1, "来电": 1, "错过": 1, "电话": 1, "机": 1, "在手": 1, "天下": 1, "步入": 2, "影像": 3, "喜爱": 1, "摄影": 2, "感光": 1, "电影": 1, "数据量": 1, "分享": 1, "时刻": 1, "表达": 1, "畅想": 1, "热爱": 1, "梦想": 1, "领": 1, "热销": 1, "G8GB": 1, "以旧换新": 1, "优惠": 1, "18日": 1, "小伙伴": 1}