{"日本": 24, "媒体": 15, "报道": 9, "称": 9, "软银": 3, "集团": 4, "SBG": 1, "国内": 6, "通信": 7, "子公司": 1, "SB": 1, "12月": 11, "19日": 4, "东京": 2, "证券": 1, "交易所": 1, "主板": 1, "上市": 2, "公司": 30, "社长": 2, "宫内谦": 1, "记者会": 1, "提出": 4, "看法": 1, "更换": 6, "华为": 227, "技术": 24, "基站": 7, "最多": 1, "1000亿": 7, "日元": 6, "成本": 2, "资料": 2, "新华社": 2, "供图": 1, "经济": 3, "新闻": 4, "网站": 2, "20日": 2, "围绕": 1, "美国": 26, "政府": 24, "中国": 22, "制造": 1, "设备": 30, "排除": 4, "在外": 1, "举动": 1, "宫内": 1, "指出": 4, "打算": 2, "观察": 2, "方针": 1, "副社长": 1, "宫川": 1, "4G": 5, "领域": 13, "采用": 1, "改为": 1, "产品": 20, "全年": 4, "数百亿": 1, "判断": 1, "糟糕": 1, "情况": 5, "费用": 1, "膨胀": 1, "延伸": 1, "阅读": 2, "：": 24, "封杀": 8, "国家": 39, "苦头": 1, "才": 7, "刚刚": 3, "各国": 4, "进一步": 4, "企业": 55, "打击": 2, "！": 11, "刊载": 2, "经济圈": 1, "影响": 9, "美": 1, "文章": 3, "直言": 1, "终将": 1, "伤及": 1, "这家": 1, "说法": 2, "居": 1, "全球": 15, "份额": 2, "首位": 1, "智能": 56, "手机": 22, "排": 1, "第二": 6, "半导体": 1, "采购额": 1, "超过": 7, "1.5万亿": 1, "采购": 2, "5000亿": 1, "规模": 2, "零部件": 2, "趋势": 1, "供应链": 1, "一部分": 3, "舆论": 3, "民众": 2, "做法": 4, "早": 4, "不满": 2, "网友": 5, "质疑": 4, "真的": 3, "禁止": 5, "总得": 1, "证据": 5, "比起": 1, "听从": 1, "禁用": 1, "理由": 3, "政治": 2, "分析": 3, "跟随": 1, "步调": 1, "招致": 1, "忧虑": 1, "意外": 1, "国际": 3, "关系": 6, "研究院": 1, "学者": 1, "李峥": 1, "接受": 1, "参考": 2, "消息网": 1, "采访": 2, "一家": 1, "发展": 6, "模式": 1, "跨国公司": 2, "生产地": 1, "软件": 5, "服务": 8, "有赖于": 1, "、": 63, "海外": 1, "供应商": 5, "运营": 2, "面临": 4, "相关": 5, "都会": 1, "苹果": 6, "类似": 2, "下游": 2, "很多": 6, "依赖于": 1, "上游": 1, "经营": 4, "必将": 3, "破产": 1, "倒闭": 1, "值得": 1, "产业链": 1, "布局": 3, "层面": 3, "西方": 5, "连锁": 1, "李": 1, "峥": 1, "都": 22, "提前": 3, "规划": 1, "前期": 2, "顺畅": 1, "亦": 2, "扩张": 2, "盈利": 1, "提升": 8, "增加": 2, "产业": 6, "生产线": 1, "投资": 3, "态度": 2, "发生": 7, "政治化": 1, "未来": 3, "推广": 1, "阻力": 1, "持续": 1, "势必": 1, "冲击": 1, "保护主义": 1, "短视": 1, "不久前": 1, "英国": 31, "国": 5, "拒绝": 5, "爱立信": 4, "故障": 1, "12": 1, "小时": 2, "瘫痪": 4, "事件": 8, "期间": 3, "用户": 7, "上网": 4, "通话": 1, "评论": 2, "简直": 1, "神助攻": 1, "此事": 2, "反馈": 1, "公道": 1, "自在": 1, "人心": 1, "全球化": 1, "主流": 2, "外界": 1, "逆": 1, "潮流": 3, "动者": 1, "终": 1, "时代": 10, "淹没": 1, "来源": 1, "北晚": 1, "视觉网": 1, "综合": 1, "消息": 3, "流程": 7, "编辑": 2, "TF015": 1, "人类": 1, "生产力": 2, "革新": 2, "背后": 5, "隐藏": 1, "无数": 1, "条件": 2, "成熟": 1, "艘": 1, "远洋": 1, "货轮": 1, "六": 1, "煤钢": 1, "复合体": 1, "三十": 3, "学科": 1, "研究": 2, "机构": 4, "二百": 1, "行业": 6, "支撑": 5, "社会化": 1, "生产": 4, "架": 1, "精准": 1, "机械": 1, "缺失": 1, "一个": 9, "部件": 1, "逼近": 1, "现实": 7, "社会": 2, "深度": 1, "学习": 1, "代表": 3, "AI": 16, "证实": 2, "效率": 3, "通用": 1, "潜力": 1, "内": 3, "普及率": 1, "4%": 1, "二者": 1, "之间": 2, "落差": 1, "究竟": 2, "很": 3, "原因": 8, "在于": 2, "算力": 34, "带来": 1, "无限": 1, "想象": 1, "大部分": 2, "只能": 3, "徘徊": 1, "观望": 1, "或许": 3, "能源": 1, "依旧": 2, "处在": 1, "缺乏": 1, "诸多": 1, "阶段": 2, "场": 6, "面向": 4, "焦虑": 1, "战争": 2, "简单": 2, "堆": 1, "芯片": 10, "等待": 1, "摩尔": 1, "定律": 1, "爆发": 1, "解决": 18, "应对": 2, "创新": 11, "迭代": 1, "生态": 4, "资源": 1, "组织": 2, "方案": 13, "计算": 48, "讲究": 1, "兵法": 7, "21日": 3, "首届": 2, "大会": 1, "暨": 1, "业务": 17, "战略": 8, "发布会": 1, "北京": 1, "主题": 1, "芯": 2, "无所不及": 1, "峰会": 1, "正式": 4, "服务器": 4, "产品线": 1, "升级": 23, "业务部": 6, "发布": 16, "构建": 4, "全栈化": 1, "全场": 2, "景AI": 2, "基础": 8, "条": 2, "意图": 1, "完整": 2, "曲线": 1, "知敌": 1, "知战": 1, "知策": 1, "步步": 1, "调配": 1, "新兵法": 1, "饥": 2, "迫在眉睫": 1, "战役": 1, "回到": 1, "最初": 1, "提到": 2, "魅力": 1, "迟迟": 1, "到底": 2, "四": 3, "透视": 1, "1": 2, "AI算力": 4, "稀缺": 2, "昂贵": 2, "负担": 2, "不同于": 1, "以往": 2, "独特": 1, "架构": 8, "需求": 11, "针对性": 1, "异构": 4, "能力": 21, "购买": 1, "一块": 2, "用于": 1, "国外": 2, "品牌": 1, "GPU": 1, "板卡": 1, "价格": 1, "长": 2, "时间": 7, "排队": 1, "IT": 5, "反复": 1, "模型": 1, "训练": 2, "大规模": 1, "部署": 4, "风暴": 1, "通往": 1, "智能化": 12, "路上": 1, "道阻且长": 1, "渗透": 4, "距离": 2, "太": 1, "远": 1, "仅仅": 3, "停留": 2, "虚拟机": 1, "厂房": 1, "车间": 1, "矿山": 2, "传统": 1, "云计算": 1, "体系": 9, "难以": 1, "抵达": 2, "场景": 10, "云边端": 6, "一体化": 6, "新型": 3, "才能": 4, "3": 4, "协调": 1, "数据": 21, "流动": 4, "中心": 6, "分布": 1, "边缘": 3, "端侧": 1, "海量": 2, "价值": 3, "框架": 1, "统一": 2, "对接": 1, "；": 4, "网络": 22, "联接": 1, "带宽": 1, "延时": 1, "支持": 5, "同步": 2, "发挥": 1, "建模": 1, "推理": 1, "4": 5, "人才": 4, "储备": 1, "老生常谈": 1, "互联网": 1, "薄弱": 1, "更为": 1, "凸显": 2, "某种": 1, "AI算法": 1, "交付": 1, "最终": 5, "种种": 1, "交错": 1, "大潮": 2, "停步": 1, "饥饿": 1, "填补": 1, "给出": 4, "答案": 4, "全栈": 2, "智算": 1, "破阵": 1, "提供": 14, "到来之际": 1, "地位": 1, "增强": 2, "系统": 5, "复杂性": 1, "自然": 1, "当中": 1, "时期": 1, "性价比": 1, "充沛": 1, "回": 1, "逆推": 1, "适合": 2, "新时代": 1, "总裁": 1, "邱隆": 2, "客户": 7, "全线": 4, "建立": 4, "本身": 2, "针对": 7, "更新": 1, "FusionServer": 2, "Pro": 1, "聚合": 1, "管理": 3, "加上": 1, "打造": 1, "套件": 1, "备受": 1, "瞩目": 1, "ARM": 3, "处理器": 2, "这是": 5, "世界": 5, "首款": 1, "7nm": 1, "首次": 5, "8": 1, "内容": 1, "不难": 1, "绝不": 1, "名称": 1, "改变": 6, "之上": 2, "普适": 1, "工程": 6, "多种": 1, "环境": 3, "工厂": 1, "高温": 1, "低温": 1, "湿度": 1, "极端": 1, "事实上": 2, "关键": 4, "进程": 1, "节点": 1, "昇腾AI": 1, "系列": 3, "架设": 1, "协同": 2, "互通": 1, "兼容": 2, "难题": 3, "降低": 1, "人工": 1, "门槛": 1, "三大": 2, "AI版图": 1, "承担": 1, "基座": 1, "角色": 1, "三": 6, "转型": 2, "内部": 10, "秉承": 2, "原则": 1, "节能": 1, "8%": 1, "运维": 1, "30%": 1, "目标": 1, "单独": 1, "销售": 3, "渠道": 1, "大幅": 3, "出售": 1, "整合": 1, "灵活": 2, "引擎": 1, "公有": 1, "这次": 1, "华为云": 1, "x86": 1, "整体": 1, "看作": 5, "具备": 3, "市场": 5, "饥渴": 1, "全新": 2, "破解": 2, "章": 3, "思考": 1, "眼花缭乱": 1, "合作": 20, "打通": 1, "解读": 1, "视": 1, "兵贵其堂": 1, "讨论": 1, "纷杂": 1, "聚焦": 3, "本质": 2, "芯片端": 1, "供给": 1, "困难": 2, "绕开": 1, "出路": 1, "出发": 1, "堂皇": 1, "师": 1, "第一": 5, "因地制宜": 2, "纸上谈兵": 1, "关注": 3, "障碍": 1, "天气": 1, "听": 1, "高科技": 1, "制约": 1, "为此": 3, "因时制宜": 1, "工程化": 1, "纸面": 1, "如臂使指": 1, "变化": 1, "服务商": 1, "随时": 1, "扩展": 1, "加成": 1, "适应化": 1, "华为式": 1, "瓶颈": 1, "突破": 1, "包括": 4, "规律": 2, "洞察": 1, "隐含": 1, "AI产业": 1, "愿景": 1, "牢固": 1, "稳定": 2, "万物": 1, "茂盛": 1, "生长": 1, "取消": 5, "耳机": 15, "孔": 8, "终于": 2, "段": 2, "圈": 1, "炒": 1, "火": 1, "手机界": 1, "老大": 1, "mate20": 1, "厂商": 4, "推动": 1, "过去式": 1, "改革": 1, "小编": 3, "告诉": 1, "尊": 1, "iPhone7": 1, "3:5": 1, "式": 1, "插孔": 6, "做出": 7, "大胆": 1, "变态": 1, "评价": 2, "猜测": 1, "卖": 1, "蓝牙": 2, "不得不": 1, "掀起": 1, "开端": 1, "随后": 2, "小米": 3, "紧跟": 1, "推出": 1, "了无": 1, "机型": 3, "vivo": 1, "魅族": 1, "三星": 1, "立场": 3, "好处": 1, "精妙": 1, "为准": 1, "含有": 1, "几十": 1, "硬件": 2, "日益": 3, "轻薄": 3, "功能": 3, "增多": 1, "外观": 3, "多样": 2, "冲突": 2, "假设": 1, "压缩": 1, "硬盘": 1, "空间": 4, "想": 1, "缓解": 1, "就要": 1, "节省": 2, "目光": 1, "盯": 1, "有用": 1, "无用": 1, "性能": 1, "研发": 3, "越来越": 2, "音乐": 1, "音质": 1, "要好": 1, "理解": 1, "摘要": 1, "捷克": 27, "反水": 2, "撑": 1, "不住": 1, "纷纷": 3, "5G": 38, "达成": 5, "协议": 3, "总额": 1, "20亿": 5, "英镑": 4, "(": 3, "人民币": 4, "174亿": 2, "元": 6, ")": 3, "|": 3, "中油网": 2, "】讯": 1, "强大": 2, "感受": 1, "威胁": 2, "联合": 2, "澳大利亚": 2, "新西兰": 2, "加拿大": 1, "封锁": 1, "五": 3, "眼": 1, "联盟": 2, "步伐": 1, "5日": 2, "出手": 1, "电信": 2, "BT": 3, "通讯": 7, "设备商": 3, "2016年": 2, "3G": 2, "撤出": 1, "核心": 1, "15": 1, "拆除": 2, "数百万": 1, "请教": 1, "也许": 1, "意识": 2, "重要性": 1, "运营商": 15, "O2": 2, "几周": 1, "签署": 2, "伦敦": 3, "200多": 1, "地点": 1, "测试": 8, "合同": 4, "明年": 4, "1月份": 3, "进展": 2, "顺利": 1, "Group": 1, "Plc": 1, "EE": 2, "长和": 1, "Three": 1, "U.K.和沃达丰": 1, "签订": 1, "金额": 1, "22": 1, "相继": 1, "葡萄牙": 1, "芬兰": 1, "印度": 6, "此次": 2, "第26": 1, "订单": 2, "反悔": 2, "禁令": 5, "返": 1, "传出": 1, "前一天": 1, "作出": 2, "澄清": 3, "信息": 6, "安全局": 3, "上周": 1, "声明": 8, "法律": 1, "民营": 5, "情报": 1, "部门": 7, "嵌入": 1, "警告": 7, "总理": 5, "安德烈·巴比什": 1, "下令": 1, "该国": 3, "工作": 2, "人员": 4, "委员会": 5, "草率": 2, "行政": 1, "效力": 1, "也就是说": 3, "想方设法": 1, "打压": 3, "之下": 1, "依然": 2, "信任": 1, "足以": 1, "口中": 1, "证明": 4, "实力": 8, "小风": 1, "小浪": 1, "版权": 1, "本文": 1, "L编撰": 1, "转载": 2, "请": 2, "授权": 2, "标明": 1, "出处": 1, "喜欢": 1, "添加": 1, "上方": 1, "希望": 3, "踊跃": 1, "点赞": 1, "分享": 1, "身边": 1, "朋友": 1, "!": 2, "茶": 1, "早已": 1, "一大": 1, "热门": 1, "话题": 1, "赛道": 1, "抢占": 1, "先机": 1, "2G": 1, "跟着": 1, "走": 2, "TD-SCDMA": 1, "标准": 3, "主导": 1, "TD-LTE": 1, "扛旗": 1, "领先": 3, "大旗": 1, "重担": 1, "落": 1, "身上": 1, "标杆": 1, "这一切": 1, "只用": 1, "30年": 1, "崛起": 1, "外国": 3, "同行": 1, "措手不及": 1, "感到": 1, "害怕": 1, "到来": 1, "阻扰": 1, "毕竟": 2, "摆": 1, "眼前": 1, "体验": 1, "息息相关": 1, "不少": 1, "迫于": 1, "压力": 2, "放弃": 2, "义无反顾": 1, "选择": 5, "近日": 2, "沃达丰": 1, "在内": 2, "2019年": 3, "为由": 2, "当地": 1, "捷克国": 1, "NUKIB": 1, "纠正": 3, "不实": 2, "错误": 3, "警示": 3, "报告": 2, "转向": 1, "诺基亚": 1, "软": 1, "银子": 1, "高管": 1, "站": 1, "发出": 3, "61亿": 1, "面前": 1, "法国": 3, "转身": 1, "抛出": 1, "橄榄枝": 1, "百般": 1, "阻挠": 1, "26": 1, "份": 2, "位居": 1, "干瞪眼": 1, "想法": 2, "围剿战": 2, "宣告": 3, "失败": 4, "前不久": 3, "围剿": 3, "突围战": 1, "时过境迁": 1, "随之": 1, "前段": 1, "明白": 1, "暗中": 1, "操作": 1, "件": 4, "事情": 2, "转折": 2, "全国性": 1, "电话": 1, "拨": 1, "正是": 1, "导致": 1, "证书": 1, "到期": 1, "求助": 1, "著名": 1, "o2": 1, "设立": 1, "停止": 3, "传": 1, "全世界": 1, "震惊": 1, "歉意": 1, "安全性": 3, "歧视": 1, "第三": 1, "12.18号": 1, "时报": 3, "将要": 1, "邀请": 2, "第四": 1, "韩国": 3, "巨头": 2, "LG": 2, "耳闻": 1, "副会长": 1, "无线": 1, "检验": 1, "所以说": 1, "掉": 1, "疑虑": 1, "公平": 1, "竞争": 1, "对待": 1, "170": 1, "从来": 2, "斗志": 1, "得以": 1, "为首": 1, "层": 2, "突围": 1, "赢家": 1, "孟晚舟": 6, "本刊": 1, "记者": 2, "/": 1, "贺斌": 1, "CFO": 1, "获释": 1, "未": 1, "消散": 1, "担忧": 3, "开出": 1, "禁入令": 1, "国内外": 1, "煎熬": 1, "庭审": 1, "克制": 1, "主动": 2, "发声": 2, "对内": 1, "安抚": 1, "对外": 1, "回应": 1, "负": 2, "责任": 3, "公共": 1, "事务部": 2, "论坛": 1, "心声": 4, "社区": 4, "近期": 1, "德国": 2, "参与": 2, "建设": 1, "标书": 1, "答复": 1, "实验局": 1, "提交": 1, "意见": 1, "监管": 1, "尚未": 1, "均": 2, "斡旋": 1, "较为": 1, "详细": 2, "介绍": 3, "商用": 3, "处于": 2, "业界": 1, "唯一": 2, "端": 2, "外部": 2, "商业": 1, "不错": 1, "成就": 2, "透露": 2, "上半年": 2, "搭载": 1, "下半年": 1, "此后": 1, "公关": 1, "间断": 1, "外媒": 1, "传播": 1, "意大利": 1, "反对": 2, "抵制": 1, "声音": 1, "力挺": 1, "后续": 1, "显得": 1, "温情": 1, "脉脉": 1, "封": 4, "都内": 1, "名": 1, "市民": 1, "来信": 2, "代表处": 1, "手町": 1, "办公室": 3, "转达": 1, "关切": 1, "全体": 1, "员工": 1, "鼓励": 1, "地震": 2, "不离不弃": 1, "感激": 1, "晚间": 1, "写": 1, "日记": 2, "回忆": 1, "高层": 1, "决策": 1, "危机": 1, "人间": 1, "自有": 1, "真情": 1, "情感": 1, "紧密": 1, "相连": 1, "军心": 1, "副董事长": 1, "轮值": 2, "董事长": 2, "胡厚崑": 4, "方式": 1, "‘": 1, "事实": 4, "说话": 1, "’": 1, "18日": 1, "下午": 1, "东莞": 1, "新园区": 1, "举办": 1, "圆桌会": 2, "美联社": 1, "路透社": 1, "法新社": 1, "CNN": 1, "纽约": 1, "金融": 1, "华尔街": 1, "日报": 1, "14": 2, "22日": 1, "文字": 1, "记录": 2, "发表": 3, "周刊": 2, "整理": 1, "提问": 1, "MWL": 1, "7": 2, "开放": 2, "先进": 2, "热": 1, "实验室": 3, "结构": 2, "材料": 1, "参观": 1, "以此": 1, "展现": 1, "公开": 1, "透明": 1, "形象": 1, "2011年": 1, "创始人": 1, "任正非": 1, "公开信": 1, "承诺": 1, "纲领": 1, "治理": 1, "贯彻": 1, "保障": 1, "独立": 2, "第三方": 1, "认证": 1, "运行": 4, "——": 1, "事故": 1, "隐患": 1, "有损": 1, "沟通": 1, "一点": 1, "胡": 4, "厚崑": 4, "谈": 1, "反驳": 1, "使用量": 1, "接近": 1, "零": 1, "极少数": 2, "转化": 1, "怀疑": 2, "保护": 1, "出于": 1, "形态": 1, "地缘": 1, "特定": 1, "公正": 1, "毫无": 2, "专业": 1, "严肃": 1, "经不起": 1, "考验": 1, "收入": 5, "超": 2, "千亿": 1, "美元": 7, "放大": 1, "站在": 1, "风口": 1, "个案": 1, "财务": 1, "状态": 1, "业绩": 2, "总收入": 1, "2017年": 3, "年报": 2, "去年": 2, "925.49亿": 1, "2018年": 6, "结束": 1, "概数": 1, "3月份": 1, "出台": 1, "各项": 1, "满意": 1, "增长": 3, "25": 1, "位列": 1, "5G商": 1, "合同数": 1, "发货": 2, "10000": 1, "发": 1, "世界各地": 1, "500": 2, "211": 1, "数字化": 1, "伙伴": 5, "数字": 1, "197": 1, "消费者": 1, "发货量": 2, "9500万": 1, "台": 2, "IDC": 1, "显示": 1, "季度": 1, "跃升": 1, "15.8%": 1, "成功": 1, "旗舰": 1, "P20": 2, "Mate": 1, "终端": 2, "赢得": 1, "女性": 1, "青睐": 1, "900万": 1, "董事会": 1, "决议": 1, "变革": 4, "投入": 2, "预算": 1, "全方位": 1, "计划": 1, "IPD": 4, "再造": 1, "十多": 1, "年前": 1, "启动": 2, "可靠": 1, "质量": 1, "2.0": 2, "组成部分": 1, "充满": 1, "信心": 2, "可谓": 1, "一波未平": 1, "一波又起": 1, "铺天盖地": 1, "往下": 1, "祖国": 1, "科技": 1, "知识": 1, "产权部": 1, "1995年": 1, "创立": 1, "2000年": 1, "专利": 4, "申请量": 1, "翻倍": 1, "速度": 1, "截至": 1, "2017年底": 1, "累计": 3, "74,307": 1, "申请": 2, "64,091": 1, "48,758": 1, "排名": 1, "前十": 1, "名列": 1, "第九": 1, "92亿": 1, "630亿": 1, "思科": 1, "！！": 1, "概念": 1, "缴税": 1, "710亿": 1, "纳税额": 1, "拿下": 1, "徐直军": 1, "营收": 3, "大关": 1, "年收入": 5, "阿里": 1, "倍": 3, "阿里巴巴": 3, "2018": 2, "财年": 2, "2500亿": 1, "1/3": 1, "格力": 2, "董明珠": 1, "电器": 1, "2000亿": 1, "格里": 1, "1/4": 1, "文化": 1, "结尾": 1, "寄语": 1, "坚信": 1, "披荆斩棘": 1, "乘风破浪": 1, "胜利": 1, "彼岸": 1, "加油": 1, "布拉格": 1, "23日": 2, "电": 1, "王义": 1, "巴比什": 4, "仓促": 2, "停用": 2, "误导": 2, "捷方": 4, "高度": 2, "重视": 2, "中方": 4, "经贸": 2, "往来": 2, "务实": 2, "当天": 1, "会见": 1, "驻": 1, "大使": 1, "张建敏": 1, "中兴": 2, "捷": 3, "就此": 1, "营商": 1, "建敏": 2, "恶劣": 1, "努力": 1, "措施": 1, "重演": 1, "切实": 1, "维护": 1, "合法": 1, "权益": 1, "近年来": 1, "中捷": 1, "快速": 1, "交流": 1, "深化": 1, "一道": 1, "相互": 1, "尊重": 1, "互利": 1, "共赢": 1, "双边": 1, "造福": 1, "人民": 1, "本月": 1, "17日": 1, "总理府": 1, "争议": 1, "此前": 1, "涉及": 1, "程瑶": 1}