{"12月": 12, "12日": 2, "央视": 1, "新闻": 1, "报道": 6, "德国": 19, "三大": 4, "电信": 22, "运营商": 14, "Telefonica": 7, "项": 3, "投资": 8, "计划": 14, "未来": 16, "年内": 3, "网络": 23, "建设": 12, "设备": 29, "诺基亚": 6, "华为": 205, "5G": 60, "借助": 2, "技术": 53, "近来": 3, "市场": 18, "政坛": 2, "热门": 2, "话题": 2, "此前": 3, "之内": 2, "部件": 3, "替换": 3, "核心": 7, "10月": 2, "媒体": 1, "称": 3, "政府": 21, "评估": 3, "关联": 1, "公司": 79, "参与": 2, "当地": 3, "提供": 12, "德国人": 1, "快": 4, "节省": 1, "费用": 1, "回应": 3, "作出": 2, "明智": 1, "政治化": 2, "阻碍": 3, "发展": 32, "社会": 18, "无能为力": 1, "应对": 1, "国家": 49, "带来": 7, "挑战": 5, "高昂": 1, "成本": 7, "紧跟": 1, "脚步": 1, "监管": 1, "机构": 3, "、": 185, "客户": 11, "行业": 5, "组织": 8, "公开": 3, "合作": 13, "确保": 3, "用户": 9, "卓越": 2, "服务": 13, "保证": 4, "安全性": 1, "文": 1, "/": 5, "北京": 1, "青年报": 1, "记者": 11, "温婧": 1, "创始人": 2, "任正非": 72, "2日": 1, "深圳": 2, "接受": 11, "加拿大": 120, "环球": 5, "邮报": 5, "采访": 5, "回答": 3, "提问": 1, "5月份": 4, "美国": 120, "最终": 4, "目的": 4, "消灭": 4, "孟晚舟": 26, "事件": 13, "起头": 2, "加紧": 2, "内部": 6, "结构性": 2, "调整": 9, "做好": 10, "产品": 16, "开发": 7, "体系": 9, "制裁": 5, "环境": 7, "生存": 2, "才能": 8, "解决": 32, "方案": 14, "变化": 5, "努力": 4, "业务": 15, "连续性": 2, "：": 158, "赤字": 5, "收益": 3, "强大": 8, "力量": 4, "全世界": 9, "宣传": 2, "如果说": 3, "将信将疑": 2, "打击": 7, "信任": 12, "‘": 2, "厉害": 5, "’": 2, "访问": 2, "客人": 3, "数量": 2, "增长": 7, "69%": 2, "生产线": 3, "生产": 10, "版本": 2, "器件": 2, "回去": 2, "测试": 8, "发现": 8, "建立": 7, "信心": 3, "纪要": 1, "1": 2, "Nathan": 62, "VanderKlippe": 61, "驻": 1, "亚洲": 1, "感谢": 2, "再次": 2, "名": 3, "距离": 1, "女士": 17, "被捕": 11, "整整": 1, "想": 19, "问问": 1, "年前": 3, "发生": 11, "孟": 15, "事情": 18, "中国": 12, "身上": 2, "第一": 12, "请问": 2, "2017年": 1, "调查": 1, "面临": 4, "风险": 3, "政治": 4, "策划": 1, "长期": 4, "排斥": 1, "销售": 6, "收缩": 1, "高级": 3, "干部": 13, "都": 56, "逃避": 2, "法律": 14, "高管": 2, "工作": 15, "早": 2, "当成": 2, "一个": 72, "小国": 1, "授权": 3, "代表处": 1, "决策": 6, "销售额": 1, "太": 11, "温哥华": 2, "得知": 2, "消息": 8, "途径": 1, "告诉": 3, "逮捕": 3, "出发": 1, "阿根廷": 3, "法务": 1, "部门": 10, "报告": 1, "抓": 3, "发动": 1, "误会": 2, "引发": 3, "本来": 4, "转机": 2, "迪拜": 2, "打电话": 6, "通知": 6, "法务部": 5, "这是": 14, "记得": 1, "指示": 5, "下达": 1, "目标": 9, "讲": 18, "请": 4, "律师": 9, "方式": 13, "交涉": 1, "走": 5, "路线": 1, "3": 4, "刚才": 5, "件": 16, "误解": 2, "意识": 2, "牵扯": 1, "发": 7, "5.16": 1, "实体": 7, "清单": 7, "禁令": 2, "抓手": 1, "抓住": 1, "筹码": 1, "去年": 2, "5月": 3, "意外": 2, "聘请": 3, "想法": 5, "改变": 6, "比如说": 2, "持续": 7, "长": 7, "时间": 15, "4": 6, "六": 2, "签订": 6, "引渡": 3, "协议": 17, "打算": 8, "前往": 1, "墨西哥": 3, "华盛顿": 4, "选择": 17, "才": 9, "累": 1, "夹": 2, "受苦受难": 1, "说法": 3, "软弱": 2, "提出": 10, "都会": 6, "答应": 1, "原因": 9, "人和": 1, "民族": 1, "印第安人": 2, "观点": 1, "分裂": 1, "心目": 1, "还要": 5, "高尚": 2, "礼貌": 1, "遵守": 6, "规则": 4, "代表": 2, "承受": 1, "后果": 2, "包括": 7, "出口": 1, "公民": 4, "遭受": 1, "待遇": 1, "公平": 3, "几百": 1, "角度": 3, "案": 1, "干预": 2, "蒙受": 1, "损失": 2, "特朗普": 1, "偿还": 1, "立刻": 1, "家人": 3, "离开": 5, "留在": 2, "安排": 2, "介入": 1, "权利": 5, "保障": 2, "5": 6, "想要": 1, "报复": 4, "方法": 3, "招聘": 2, "本地": 1, "员工": 29, "能力": 17, "走向": 5, "越来越": 2, "封闭": 3, "开放": 7, "机会": 2, "大型": 1, "国际": 5, "会议": 7, "很多": 28, "科学家": 6, "签证": 2, "很": 48, "世界": 11, "各国": 4, "科技": 6, "中心": 20, "崛起": 3, "基地": 1, "决心": 2, "动摇": 1, "第二": 6, "人工": 25, "智能": 36, "三": 13, "父": 9, "投入": 8, "影响": 10, "战略": 8, "永远": 3, "随意": 2, "放弃": 7, "辩论": 2, "有人": 5, "全力": 1, "支持": 23, "城墙": 1, "根下": 1, "采用": 12, "利用": 5, "冰冻": 1, "地区": 3, "矿业": 1, "生产方式": 1, "；": 27, "驾驶": 3, "处于": 3, "先进": 2, "地位": 5, "矿山": 1, "农业": 2, "机械": 1, "农场": 2, "拖拉机": 1, "24": 3, "小时": 5, "耕种": 1, "增加": 7, "矿产": 1, "大幅": 1, "提升": 9, "人民": 8, "生活": 4, "物质": 1, "财富": 6, "水平": 3, "加油": 1, "基础": 4, "处在": 1, "前列": 1, "学习": 9, "理论": 2, "知识": 1, "造福": 3, "轻易": 1, "……": 6, "立足之地": 1, "6": 4, "情况": 10, "推移": 1, "好转": 1, "聊天": 3, "提到": 8, "扩张": 2, "城市": 4, "买": 6, "上次": 2, "讲到": 3, "大概": 3, "规模": 4, "扩招": 1, "北美": 2, "总部": 2, "人数": 2, "扩展": 2, "1200": 1, "2/3": 1, "研发": 7, "人员": 5, "加大": 1, "移到": 1, "300": 1, "邮件": 2, "接触": 6, "转移": 3, "迁移": 2, "举措": 1, "涉及": 2, "几十": 2, "大规模": 2, "牵涉": 1, "持有": 3, "绿卡": 3, "办公": 17, "合乎": 1, "研究": 11, "供应": 1, "切断": 1, "大学": 13, "学术": 3, "放松": 1, "进华": 1, "7": 3, "回顾": 1, "顾问": 1, "John": 2, "Bolton": 1, "幕后": 1, "推手": 1, "假如说": 1, "真的": 3, "压力": 1, "并非": 1, "司法": 2, "系统": 12, "引渡案": 1, "昨天": 2, "参考": 1, "考证": 1, "受害": 1, "心中": 1, "抱有": 1, "歉意": 1, "妥善": 1, "法制": 1, "皇家": 1, "骑警": 2, "执法": 1, "过程": 14, "合法": 1, "关键": 3, "节点": 1, "宣过": 1, "誓": 1, "回忆": 1, "集体": 2, "失忆": 1, "失语": 1, "有利于": 5, "案件": 5, "停止": 2, "希望": 11, "推动": 10, "中加": 1, "国": 2, "正常化": 1, "紧张": 1, "局势": 1, "缓解": 1, "恢复": 2, "关系": 9, "期望": 2, "敞开": 1, "怀抱": 1, "拥抱": 2, "排挤": 1, "人才": 7, "再造": 1, "硅谷": 1, "自然": 3, "差": 2, "制定": 1, "国策": 1, "条": 9, "路": 5, "走错": 3, "赶快": 1, "替代": 1, "就要": 1, "跟着": 1, "振兴": 2, "8": 5, "案子": 1, "可行": 1, "达成": 6, "和解": 13, "了结": 1, "专家": 5, "指出": 4, "罚款": 3, "撤销": 1, "程序": 1, "提": 4, "商量": 1, "传个话": 1, "找": 12, "探索": 3, "感": 4, "兴趣": 4, "基于": 7, "事实": 5, "证据": 14, "意味着": 1, "承认": 2, "有罪": 1, "不用": 5, "坐牢": 3, "谈判": 7, "探讨": 2, "检方": 4, "谈谈": 3, "法庭": 10, "打官司": 1, "谈": 8, "错": 4, "纽约": 3, "东区": 3, "法院": 4, "公布": 5, "声音": 7, "搞": 15, "一点": 10, "悄悄": 1, "交换": 1, "条件": 2, "阶段": 7, "转向": 1, "某种": 1, "展开": 1, "讨论": 15, "理由": 1, "咖啡厅": 2, "周边": 3, "喝": 10, "杯": 6, "赔偿": 2, "名誉": 1, "给出": 2, "或者说": 2, "银行": 1, "之间": 4, "往来": 1, "Skycom": 5, "不实": 2, "陈述": 3, "出示": 2, "为止": 2, "尽快": 3, "拿出": 1, "美方": 2, "书面": 1, "证词": 1, "PPT": 2, "副本": 1, "渠道": 1, "披露": 1, "开示": 1, "开庭": 1, "明明": 3, "子公司": 1, "描述": 1, "却说": 1, "剥离": 1, "判决": 3, "9": 2, "政策": 3, "审视": 1, "官员": 1, "拥有": 3, "一家": 3, "爱立信": 8, "运营": 6, "用来": 3, "数字": 4, "2010年": 2, "英国": 5, "认证": 1, "类似": 5, "4G": 3, "设立": 1, "盟国": 1, "10": 5, "9月": 1, "许可": 9, "上个月": 1, "初": 1, "进展": 3, "G许": 1, "数据室": 1, "内容": 13, "定价": 2, "全方位": 3, "花": 3, "思考": 5, "理解": 6, "VanderKlippe：5G": 1, "难": 2, "早就": 1, "11": 2, "回到": 2, "释放": 2, "本身": 2, "犯罪": 1, "官司": 1, "随便": 2, "认罪": 5, "塞": 1, "笔": 11, "钱": 3, "行贿": 2, "到底": 4, "面前": 1, "咖啡": 8, "妥协": 2, "听": 3, "12": 1, "相关": 6, "农村": 1, "起诉": 2, "FCC": 2, "联邦": 1, "通信": 5, "委员会": 1, "属实": 1, "发起": 2, "诉讼": 3, "宪法": 2, "赋予": 2, "捍卫": 1, "针对": 3, "提起": 1, "第六": 1, "桩": 1, "资源": 2, "忙": 2, "13": 1, "新颖": 1, "别人": 10, "架构": 3, "其他人": 1, "拆分": 3, "一部分": 2, "治理": 1, "结构": 2, "透明": 3, "外部": 3, "进来": 4, "资本": 5, "体现": 1, "负": 2, "责任": 14, "透明度": 1, "第三": 3, "欧洲": 13, "建": 1, "工厂": 3, "肯定": 5, "14": 2, "快速": 9, "90%": 3, "原则": 1, "也许": 1, "女儿": 2, "牢狱": 1, "灾": 1, "难道": 2, "吸引力": 1, "罪": 1, "公正": 2, "手段": 1, "威逼": 1, "贵": 2, "值得": 5, "15": 4, "谈到": 1, "建厂": 4, "东南亚": 1, "劳动力": 1, "低": 4, "战略性": 1, "Mate": 4, "30": 3, "手机": 31, "包含": 1, "详细": 2, "讲讲": 2, "摆脱": 3, "依赖": 4, "多久": 2, "消费类": 1, "明年": 3, "一开始": 2, "三年": 5, "预想": 1, "年底": 2, "相当于": 2, "16": 1, "澄清": 1, "论证": 1, "17": 1, "非同寻常": 1, "对外": 1, "沟通": 2, "扮演": 1, "角色": 1, "公共": 3, "重心": 1, "花费": 2, "这项": 1, "危难": 1, "时期": 1, "义不容辞": 1, "挺身而出": 1, "多年": 1, "协调": 1, "实在": 1, "省掉": 1, "用到": 1, "总预算": 1, "18": 3, "经历": 3, "构建": 1, "重建": 1, "称为": 1, "亲眼": 2, "下班": 1, "班车": 1, "人潮": 1, "涌动": 1, "食堂": 2, "吃饭": 1, "充满": 2, "肉": 1, "吃": 3, "不停": 2, "运转": 1, "增强": 4, "反而": 2, "刚": 4, "预测": 1, "财务": 1, "数据": 9, "下滑": 1, "实际上": 2, "危机": 1, "19": 1, "强劲": 1, "源于": 2, "企业": 6, "补贴": 1, "海外": 3, "优先": 1, "供货": 1, "终端": 2, "减弱": 1, "增大": 1, "考量": 1, "可行性": 1, "好处": 2, "绕": 2, "福利": 1, "工会": 1, "略略": 1, "税收": 1, "就业": 2, "指标": 8, "紧密": 1, "21": 1, "监控": 3, "指控": 2, "间谍": 1, "活动": 4, "大举": 1, "领域": 20, "负责人": 2, "段": 1, "爱国": 1, "人类": 7, "将来": 2, "智慧": 13, "庞大": 3, "信息": 10, "争夺": 1, "明天": 1, "云化": 1, "开放性": 1, "前所未有": 1, "碰到": 1, "起步": 1, "22": 1, "首席": 2, "隐私官": 1, "Suffolk": 1, "问到": 1, "新疆": 5, "公安局": 1, "尤其是": 3, "出售": 1, "对象": 3, "承担": 2, "道德": 7, "负有": 1, "自由": 2, "发表": 6, "文章": 2, "中东": 4, "稳定": 2, "经济": 9, "分配": 1, "合理化": 1, "化解": 2, "矛盾": 1, "贫困": 1, "站": 6, "制高点": 3, "言下之意": 1, "先辈": 1, "正确": 1, "维护": 1, "和平": 1, "贡献": 3, "回报": 1, "美元": 1, "货币": 1, "破坏": 1, "秩序": 2, "23": 1, "崇拜": 1, "喜欢": 3, "美式": 1, "星级": 1, "迷航": 1, "电影": 2, "珠穆朗玛峰": 1, "峰顶": 1, "山脚": 1, "有生": 1, "年会": 1, "见证": 1, "或许": 1, "主导": 1, "优秀": 1, "金里奇": 1, "众议院": 1, "议长": 1, "不错": 4, "领先": 4, "产业": 6, "初步": 2, "发育": 1, "WiMAX": 5, "电脑": 12, "工程师": 3, "年轻": 2, "干": 5, "专业": 6, "覆盖": 2, "全程": 1, "全网": 1, "ITU": 1, "全球": 15, "标准": 2, "屋子": 1, "倍": 1, "熟悉": 1, "年龄": 1, "偏": 2, "保守": 1, "MIMO": 1, "容量": 2, "极大": 1, "LTE": 2, "刺激": 4, "融合": 3, "加上": 3, "几十万": 1, "雄厚": 1, "积累": 2, "宽": 2, "带宽": 1, "天线": 7, "跨代": 1, "吸取": 1, "竞争": 7, "独自": 1, "不得了": 1, "优点": 1, "兼容": 1, "思想": 2, "3GPP": 1, "理想": 3, "发明": 1, "共享": 2, "专利": 2, "交叉": 1, "苹果": 2, "高通": 1, "垄断": 1, "罗斯": 1, "印度": 1, "讲话": 7, "肩负": 1, "阅读": 2, "非洲": 2, "反对党": 1, "政客": 1, "实施": 1, "黑客": 1, "攻击": 1, "干扰": 1, "义务": 2, "造谣": 2, "华尔街": 1, "日报": 7, "律师函": 1, "立陶宛": 2, "早报": 1, "非盟": 1, "卖": 1, "汽车": 3, "装": 1, "货": 1, "司机": 1, "算": 1, "主权": 3, "管理": 2, "运作": 3, "功能": 7, "简单": 2, "路上": 1, "跑": 1, "卡车": 1, "深刻": 3, "AI": 4, "武器": 1, "尊重": 2, "所在国": 1, "国际法": 1, "制造": 3, "不利": 1, "背景": 2, "有趣": 2, "成立": 3, "计划经济": 2, "要素": 2, "批判": 6, "模式": 7, "追求": 4, "利润": 1, "私有制": 1, "成功": 8, "足够": 1, "管制": 1, "逼": 1, "计划性": 1, "提高": 2, "质量": 7, "降低": 1, "减少": 4, "消耗": 2, "浪费": 6, "仅仅": 4, "指": 3, "25": 1, "经受": 1, "苦难": 1, "预计": 3, "父母": 5, "想念": 2, "儿女": 2, "孩子": 2, "妈妈": 2, "丈夫": 1, "轮流": 1, "陪": 2, "放假": 1, "飞": 1, "平时": 1, "画画": 1, "情绪": 1, "细节": 2, "交给": 2, "等待": 1, "26": 1, "早晨": 1, "写": 14, "封": 4, "微信": 9, "朋友圈": 3, "读": 1, "信中": 1, "心路": 1, "历程": 1, "迎接": 1, "不确定性": 1, "接班人": 1, "性格": 1, "早上": 2, "标题": 1, "合适": 1, "全国": 1, "干活": 1, "创造": 1, "改善": 1, "收入": 2, "精力": 2, "感受": 2, "历史": 1, "长河": 1, "磨难": 3, "英雄": 1, "意志": 2, "担负": 1, "领导人": 2, "洞察": 3, "二十年": 2, "远": 2, "判断": 1, "方向": 3, "领导": 9, "回来": 1, "CFO": 2, "坚强": 1, "一帆风顺": 1, "挫折": 1, "崩溃": 1, "协助": 1, "扛": 1, "灾难": 2, "本书": 1, "倒下": 1, "顺利": 1, "成长": 1, "27": 1, "推荐": 2, "蒙特利尔": 1, "理工": 2, "约书亚·本吉奥": 1, "多伦多": 2, "杰弗里·辛顿": 1, "阿尔伯塔": 1, "理查德·萨顿": 1, "特鲁多": 4, "总理": 4, "定位": 6, "哈佛": 1, "麻省": 1, "斯坦福": 1, "吸引": 1, "麾下": 1, "群体": 1, "墙": 2, "内": 6, "开花": 1, "红": 1, "优势": 2, "出于": 1, "利益": 7, "恩怨": 4, "分开": 1, "超越": 2, "建议": 2, "人口": 3, "稀少": 1, "地域": 1, "迫切": 2, "失业": 1, "没事": 1, "负面": 1, "正好": 2, "积极性": 1, "邮箱": 1, "发给": 1, "无关": 3, "天才": 10, "埋没": 1, "见面": 1, "邀请": 1, "平台": 10, "发挥": 3, "作用": 2, "科研": 4, "经费": 5, "拜杜": 1, "法案": 1, "占有": 1, "成果": 2, "大笔": 1, "拨款": 1, "原子弹": 1, "来源": 6, "土耳其": 1, "Arikan": 1, "教授": 1, "篇": 3, "数学": 1, "论文": 4, "诚恳": 1, "格局": 1, "冲击": 1, "资金": 1, "支": 1, "队伍": 2, "做出": 2, "冻土": 1, "开矿": 1, "官微": 1, "11日": 5, "开发者": 7, "大会": 6, "2020": 2, "Cloud": 2, "2020年": 3, "2月": 1, "举办": 1, "报名": 1, "通道": 1, "即日": 1, "开启": 2, "面向": 1, "ICT": 3, "年度": 2, "顶级": 4, "旗舰": 3, "旨在": 1, "搭建": 1, "全球性": 1, "交流": 1, "实践": 2, "30年": 1, "鲲鹏": 4, "+": 6, "昇腾": 1, "硬": 1, "核双": 1, "引擎": 1, "澎湃": 1, "动力": 1, "8月": 1, "9日": 1, "发布": 5, "鸿蒙": 6, "操作": 13, "OS": 3, "开源": 1, "HMS": 2, "Huawei": 1, "Mobile": 1, "Services": 1, "接入": 2, "生态": 8, "内核": 2, "演进": 1, "路标": 1, "首发": 2, "屏": 6, "率先": 1, "1.0": 1, "完善": 2, "OS会": 1, "可穿戴": 1, "智慧屏": 1, "车机": 1, "数通": 1, "2019年": 5, "25日": 2, "互动": 3, "近年来": 1, "供应商": 2, "近期": 2, "处理器": 4, "计算": 2, "11月": 3, "6日": 4, "透露": 2, "批量": 1, "交付": 1, "泰山": 1, "服务器": 1, "硕贝德": 1, "基站": 3, "6月": 2, "宏基站": 1, "微基站": 1, "网天线": 1, "平板": 39, "iPad": 4, "品牌": 1, "创新": 4, "发力": 1, "现状": 1, "M6": 3, "好评": 1, "2019": 2, "发货量": 1, "台": 4, "刚刚": 2, "Q3": 1, "季度": 1, "超过": 4, "国内": 1, "份额": 1, "足以": 2, "家族": 1, "高端": 1, "HUAWEI": 26, "MatePad": 25, "Pro": 27, "款": 4, "高颜值": 1, "轻": 9, "外观": 2, "设计": 8, "性能": 2, "续航": 3, "交互": 3, "体验": 8, "颠覆性": 1, "升级": 4, "重构": 1, "创造力": 4, "广告语": 1, "更改": 1, "命名": 1, "后缀": 1, "工具": 5, "着重": 1, "打造": 4, "购买": 1, "悦目": 1, "屏占": 1, "高屏": 1, "占比": 1, "正面": 3, "10.8": 2, "英寸": 2, "16:10": 2, "屏占比": 1, "4.9mm": 1, "距": 1, "边框": 7, "下巴": 1, "刘海": 1, "四": 4, "角": 1, "机身": 2, "圆弧": 1, "过渡": 1, "美观": 1, "四边": 1, "窄": 2, "这块": 2, "2K": 2, "级别": 4, "分辨率": 2, "540nit": 2, "亮度": 2, "锐屏": 2, "显示": 22, "画面": 1, "自行": 1, "色彩": 1, "动态": 1, "画质": 2, "细腻": 1, "不同于": 2, "大屏": 5, "单手": 1, "双手": 2, "面积": 2, "超": 2, "完美": 1, "自研": 1, "防误": 1, "触算法": 1, "超窄": 1, "误触": 4, "检测": 2, "握持": 2, "姿势": 1, "无论是": 1, "屏幕": 14, "一块": 2, "区域": 3, "虎口": 2, "手指": 1, "黏贴式": 1, "点击式": 1, "触碰": 2, "软件": 10, "一一": 1, "识别": 4, "精准": 1, "确实": 1, "左手": 1, "大面积": 1, "压住": 1, "右手": 1, "一体化": 1, "镁合金": 2, "中框": 1, "隐身式": 1, "按键": 3, "设置": 1, "前置": 2, "摄像头": 1, "两侧": 1, "音量": 1, "键": 1, "下方": 1, "磁吸式": 1, "放置": 1, "手写": 11, "吸": 1, "无线": 5, "充电": 6, "对称": 1, "分布": 1, "立体": 4, "扬声器": 2, "配合": 4, "Histen": 2, "6.0多": 2, "声道": 2, "3D": 2, "音效": 4, "哈曼卡顿": 1, "调音": 1, "影音": 3, "播放": 2, "玩": 4, "游戏": 6, "环绕": 2, "翻到": 1, "背面": 1, "挖孔": 1, "同心圆": 1, "摄": 1, "显得": 1, "精致": 2, "Pro后壳": 1, "玻纤板": 1, "素皮版": 1, "手里": 1, "强度": 1, "玻璃": 1, "纤维": 1, "框": 2, "打磨": 1, "严丝合缝": 1, "亲肤": 1, "涂层": 1, "手感": 3, "温润": 1, "圆滑": 1, "重量": 2, "460g": 1, "厚度": 1, "7.2mm": 1, "轻巧": 1, "形容": 2, "麒麟990": 2, "芯片": 4, "超大": 3, "电池": 3, "快充": 5, "麒麟": 2, "990": 2, "旗舰级": 1, "业界": 4, "7nm": 1, "工艺": 1, "制程": 1, "Mate30": 1, "系列": 1, "验证": 1, "颗": 2, "支撑": 3, "多屏": 13, "协同": 13, "分屏": 12, "平行": 13, "视界": 12, "效率": 9, "套": 6, "EMUI": 4, "分布式": 1, "流转": 1, "操控": 2, "跨": 2, "场景": 5, "无缝": 1, "配备": 1, "7250": 2, "mAh": 2, "标配": 1, "W快": 1, "充+": 1, "反向": 2, "40W": 2, "超级": 2, "能耗": 1, "表现": 7, "节电": 1, "典型": 3, "综合": 2, "外出": 1, "担心": 4, "长续航": 1, "从没": 1, "白天": 1, "电": 2, "忘记": 1, "分钟": 1, "2.5": 1, "15W": 1, "正向": 1, "7.5W": 1, "30手机": 1, "FreeBuds耳机": 1, "应急": 2, "M-Pencil": 5, "磁吸": 5, "键盘": 16, "连接": 6, "枚": 1, "内置": 2, "模块": 2, "自动": 3, "吸附": 1, "裸露": 1, "金属": 1, "触点": 1, "磁吸后": 1, "主动": 3, "蓝牙": 2, "整体": 3, "布局": 2, "笔记本": 3, "上手": 1, "难度": 2, "1.3mm": 1, "键程": 1, "回弹": 1, "舒适": 2, "轻松": 2, "调节": 1, "切换": 2, "shift键": 1, "触碰shift键": 1, "标签": 2, "保护壳": 1, "PU皮": 1, "材质": 1, "摸": 1, "生产力": 3, "—": 1, "M-Pencil手": 1, "写笔": 2, "4096": 1, "压感": 1, "日常": 4, "铅笔": 3, "六棱形": 1, "风格": 1, "14g": 1, "在手": 1, "感觉": 1, "真实": 2, "凹陷": 2, "造型": 1, "进去": 1, "上边": 1, "框磁": 1, "吸来": 1, "配对": 1, "点赞": 1, "笔磁": 1, "吸后": 1, "联动": 1, "革命性": 2, "早前": 1, "安卓": 9, "命运": 1, "「": 12, "爱奇艺": 1, "」": 12, "究": 1, "放大版": 1, "归结": 1, "功夫": 2, "优化": 4, "新锐": 1, "精英": 1, "家里": 1, "高配": 1, "出差": 2, "文档": 11, "需求": 6, "绘图": 2, "记笔记": 1, "学生": 3, "社交": 4, "记": 2, "笔记": 2, "演示": 1, "视频": 5, "最为": 1, "传输": 2, "文件": 3, "登陆": 1, "麻烦": 1, "NFC": 1, "下拉": 1, "打开": 10, "靠近": 1, "Magic": 1, "UI": 1, "3.0": 1, "端": 2, "窗口": 13, "实时": 1, "同步": 2, "拖拽": 7, "发送": 2, "图片": 7, "双向": 1, "复制": 2, "拍摄": 1, "照片": 1, "精细": 1, "修图": 1, "保存": 3, "分享": 1, "编辑": 3, "素材": 1, "这时候": 1, "块": 2, "魅力": 1, "所在": 2, "最小化": 1, "隐藏": 1, "实实在在": 1, "横评": 2, "状态": 4, "适配": 2, "导致": 2, "友好": 1, "尽可能": 1, "陌生": 1, "M6上面": 1, "程度": 1, "多任务": 3, "绝无仅有": 1, "横屏": 4, "界面": 3, "特质": 2, "突破": 3, "弥补": 1, "短板": 1, "两边": 1, "空间": 1, "左边": 2, "右边": 3, "公众号": 1, "刷": 2, "点开": 1, "比例": 2, "观看": 1, "浏览": 1, "竖屏": 1, "排版": 3, "同一个": 1, "二级": 1, "同屏": 1, "130+": 1, "Top": 1, "100": 1, "覆盖率": 1, "70%": 1, "三方": 1, "框架": 1, "繁琐": 1, "右侧": 1, "拖出": 1, "dock区": 1, "选取": 1, "拖拉": 2, "即可": 3, "聊": 1, "查": 3, "资料": 1, "主流": 1, "悬浮": 4, "无需": 2, "退出": 2, "响应": 1, "弹出": 1, "专注": 1, "叠加": 1, "高效": 1, "相互": 1, "相册": 1, "栏下": 1, "拉": 3, "Windows": 1, "模拟": 1, "新增": 1, "桌面": 3, "选项": 1, "任意": 1, "拖动": 1, "位置": 2, "轻办": 1, "不少": 1, "WPS": 1, "定制": 1, "美化": 2, "思维": 1, "导图": 1, "语音": 3, "备注": 1, "画笔": 1, "圈选": 1, "搭配": 3, "全新": 1, "备忘录": 5, "熄屏": 1, "提笔": 1, "速记": 1, "锁屏": 1, "轻击": 1, "输入": 2, "对着": 1, "说话": 4, "转化": 1, "文字": 1, "写字": 1, "记录": 7, "勾勒": 1, "作画": 1, "随心": 1, "插入": 1, "搜索": 2, "无数": 2, "键入": 1, "字": 1, "过往": 1, "查询": 1, "知名": 1, "My": 1, "Script": 1, "Nebo": 2, "——": 2, "具备": 1, "笔势": 1, "书写": 1, "动作": 3, "传统": 1, "划一": 1, "划": 1, "擦除": 1, "写错": 1, "格式": 2, "编排": 1, "分层": 1, "图表": 4, "手": 1, "绘制": 1, "双击": 1, "手画": 1, "排列": 1, "整齐": 1, "拉直": 1, "线条": 1, "印刷体": 1, "首款": 1, "混合": 1, "笔迹": 1, "舒服": 1, "娱乐": 2, "沉浸": 2, "震撼": 1, "IPS": 1, "96%": 1, "NTSC": 1, "色域": 1, "超高": 2, "1500:1": 1, "对比度": 1, "宽比": 1, "观影": 1, "独家": 1, "出色": 1, "鸡": 1, "王者": 1, "高帧": 1, "流畅": 1, "运行": 1, "重点": 2, "俨然": 1, "M系列": 1, "区别": 1, "打通": 2, "壁垒": 1, "应付": 2, "进一步": 2, "包": 1, "携带": 1, "MateBook": 1, "期待": 1, "IT之家": 1, "近日": 1, "天眼": 2, "云计算": 6, "有限": 6, "注册": 4, "5千万": 2, "董事长": 4, "兼": 2, "总经理": 2, "郑叶": 2, "地址": 1, "贵州省": 1, "贵安": 1, "新区": 1, "金马": 1, "大道": 1, "交天府": 1, "路华": 1, "经营": 2, "出版物": 1, "零售": 2, "互联网": 3, "文化": 1, "计算机": 7, "软硬件": 1, "电子": 3, "数码": 1, "有限公司": 1, "法定": 2, "代表人": 2, "副总裁": 2, "云业务": 2, "总裁": 4, "董事": 1, "吕峻峰": 1, "吕": 1, "艺行": 1, "监事": 1, "李杰": 1, "100%": 1, "控股": 3, "城": 1, "获准": 3, "！": 1, "图虫": 1, "创意": 1, "提速": 1, "制造商": 3, "围绕": 1, "日趋": 1, "激烈": 1, "晚": 1, "证券": 2, "时报": 1, ".": 1, "e公司": 1, "获悉": 1, "日前": 1, "订单": 6, "反超": 2, "拿下": 2, "2021年": 1, "柏林": 1, "汉堡": 1, "慕尼黑": 1, "科隆": 1, "法兰克福": 1, "启动": 2, "商用": 2, "2022年": 1, "1600万": 1, "2G": 1, "中都": 1, "套件": 1, "如今": 1, "网": 1, "此次": 1, "首次": 3, "不再": 1, "据悉": 1, "西班牙": 1, "合同": 1, "设施": 1, "值得一提的是": 1, "9月底": 1, "含": 1, "零部件": 1, "多国": 1, "摩纳哥": 1, "法国": 1, "马来西亚": 1, "俄罗斯": 1, "柬埔寨": 1, "超华": 1, "时代": 1, "到来": 1, "纷纷": 1, "各显神通": 1, "推广": 1, "一举一动": 1, "备受": 1, "关注": 11, "频频": 1, "前述": 1, "10日": 5, "阿联酋5G": 1, "期间": 2, "阿联酋": 3, "监管局": 2, "联合": 2, "组建": 1, "loT": 2, "实验室": 10, "以期": 1, "物联网": 1, "普及": 1, "各行各业": 1, "壮大": 1, "最新": 1, "对手": 1, "迄今为止": 1, "接到": 2, "65": 1, "份": 3, "出货量": 1, "10万": 1, "75": 1, "5G商": 1, "足足": 1, "霸主": 1, "保住": 1, "排名": 1, "刷新": 2, "有意": 1, "加码": 1, "5000万": 1, "人民币": 1, "郑叶来": 1, "智能化": 1, "咨询": 1, "改造": 1, "主体": 1, "---": 1, "全资": 1, "时报e": 1, "经理人": 1, "作者": 3, "徐直军": 2, "蓝血": 1, "lanxueyanjiu": 1, ")": 5, "心声": 1, "社区": 1, "1995年": 1, "免职": 1, "反对": 2, "惰怠": 33, "概念": 1, "绝不": 1, "高层": 1, "腐化": 1, "贪污": 1, "盗窃": 1, "反假公济私": 1, "不道德": 1, "经理": 1, "无一例外": 1, "廉洁": 1, "延伸": 1, "基层": 1, "上进心": 1, "时时刻刻": 1, "2010年底": 1, "杜绝": 1, "腐败": 4, "有害": 2, "人人": 1, "皆": 1, "置": 1, "死地": 1, "看待": 1, "双翼": 1, "神马": 1, "飞驰": 1, "草原": 1, "阻挡": 1, "步伐": 1, "唯有": 1, "打败": 1, "唯一": 1, "因素": 2, "2011年": 1, "轮值": 1, "主题": 2, "谈管理者": 1, "时隔": 1, "八": 1, "形式": 1, "签发": 1, "立于不败之地": 1, "反南": 1, "郭": 2, "自我": 6, "警钟长鸣": 1, "管理者": 18, "徐": 1, "直军": 1, "PSST": 6, "负责": 6, "九": 1, "小组": 5, "在座": 4, "有没有": 2, "惰怠者": 3, "问法": 1, "对照": 3, "照照": 1, "镜子": 1, "查钧": 1, "成员": 2, "违反": 2, "那就是说": 1, "斗争": 3, "每日": 1, "吾身": 1, "掉": 4, "当责": 8, "老师": 1, "何庭波": 1, "来讲": 1, "自我批判": 2, "反省": 1, "改进": 7, "选": 1, "举例": 2, "剖析": 1, "敢于": 5, "1安于现状": 1, "不思进取": 3, "安于现状": 2, "难题": 1, "2明哲": 1, "保身": 1, "得罪": 5, "头头是道": 2, "反馈": 2, "下属": 5, "流程": 21, "健全": 1, "唯": 1, "深恶痛绝": 1, "胶片": 12, "主管": 27, "上级": 3, "汇报": 8, "召集": 2, "次会": 1, "提前": 1, "临时": 1, "看一看": 2, "丁耘": 1, "检讨": 1, "承诺": 1, "里加": 1, "僵化": 1, "共识": 1, "找到": 5, "思路": 1, "增值": 4, "教条": 1, "一二十": 1, "道理": 1, "EMT": 2, "页": 2, "逻辑": 1, "清晰": 2, "亲自": 3, "从来": 5, "写完": 2, "征求": 1, "意见": 1, "不对": 4, "评审": 1, "弄": 1, "花花绿绿": 1, "漂亮": 2, "好看": 1, "大队": 1, "人马": 1, "酒店": 1, "研讨": 1, "AIS": 3, "BSS": 2, "案例": 8, "东西": 1, "投标": 1, "自以为是": 1, "换掉": 1, "不满": 1, "推卸": 1, "马电": 1, "面对": 2, "习惯": 4, "没关系": 1, "习惯性": 1, "老": 4, "讨论会": 1, "生动": 1, "答疑": 1, "怀疑": 1, "执行": 3, "当场": 1, "回复": 1, "想想": 1, "心操": 1, "操": 1, "一大堆": 1, "根因": 2, "头痛医头脚痛医脚": 1, "养成": 1, "电话": 2, "搞定": 1, "一而再再而三": 1, "孙": 2, "刨根问底": 1, "马来": 2, "投诉": 1, "指责": 1, "邓飚": 1, "现场": 1, "项目": 1, "复原": 1, "批示": 1, "透彻": 2, "办法": 2, "只顾": 2, "局部": 2, "比比皆是": 2, "想方设法": 1, "小九九": 2, "整合": 1, "团队": 4, "划分": 1, "淘汰": 3, "拉开": 2, "差距": 2, "平均主义": 1, "面子": 2, "同事": 1, "高绩": 1, "效者": 1, "优秀者": 1, "这几天": 1, "坚定不移": 1, "身边": 1, "降级": 2, "降": 11, "降薪": 1, "例子": 1, "符合": 2, "岗位": 3, "排": 3, "序": 2, "排完": 2, "这位": 1, "就说": 1, "恰好": 1, "定成": 1, "排序": 4, "任职": 1, "完序": 1, "13~17": 1, "定级": 2, "职级": 2, "饱和": 4, "配股": 2, "值降": 2, "1000－2000": 1, "元": 3, "工资": 1, "这次": 1, "饱和值": 1, "抱怨": 4, "时时": 1, "挂": 1, "口头": 1, "QA": 1, "口头禅": 1, "动不动": 1, "舒适区": 1, "还好": 1, "地方": 2, "导向": 1, "骨干": 1, "患得患失": 1, "冤枉": 3, "公道": 1, "戴": 1, "帽子": 1, "批评": 1, "保护": 1, "传手": 2, "过滤器": 2, "了事": 2, "传": 1, "反正": 1, "这样一来": 1, "苦不堪言": 1, "聚焦": 1, "热衷于": 1, "从不": 2, "洋洋洒洒": 1, "道出": 1, "潜规则": 4, "或者是": 1, "不顾": 2, "2008年": 1, "绩效": 3, "忘": 1, "构筑": 1, "当中": 1, "KPI": 2, "考核": 4, "进度": 1, "网上": 4, "慢慢": 1, "竞争力": 2, "嵌入式": 1, "事故": 2, "成绩": 2, "透支": 1, "任期": 1, "留给": 1, "当期": 1, "仗": 1, "忽视": 1, "长远": 1, "眼前": 1, "报喜": 1, "报忧": 1, "暴露": 3, "捂": 1, "盖子": 1, "现象": 2, "述职": 1, "讲起": 1, "经验": 4, "一笔带过": 1, "可怕": 1, "捂盖子": 1, "和谐": 1, "TR点": 1, "作假": 1, "流到": 1, "丰田": 1, "睁": 1, "眼": 1, "闭一只眼": 1, "马马虎虎": 1, "失信": 1, "进取": 1, "下降": 1, "凭着": 1, "做事": 1, "经验主义": 1, "老路": 1, "土八路": 1, "正规军": 1, "标": 1, "时刻": 1, "CT": 1, "推给": 1, "评": 3, "评亮点": 2, "表扬信": 1, "纠正": 1, "形式主义": 1, "复杂化": 1, "优美": 1, "效果": 1, "依据": 1, "反思": 1, "事实上": 1, "办公桌": 1, "放在": 1, "当起": 1, "责来": 1, "左鹏飞": 7, "(": 4, "武汉": 3, "光电": 3, "长江": 6, "李": 1, "彤摄": 1, "招进": 1, "20-30": 1, "少年": 6, "顶尖": 3, "泥鳅": 1, "钻活": 1, "激活": 1, "首批": 1, "招录": 1, "均": 2, "届": 1, "应届": 1, "年薪": 4, "最低限": 1, "89.6万": 1, "201万": 1, "热议": 1, "华中": 4, "2014": 1, "直博": 4, "毕业生": 3, "鹏飞": 11, "offer": 2, "毕业": 3, "高档": 2, "200万": 1, "专访": 1, "学": 1, "霸炼": 1, "成记": 1, "学霸": 3, "婉拒": 1, "300万年": 1, "薪入": 1, "职华": 1, "92年": 1, "出生": 1, "博士": 5, "攻读": 1, "科学": 1, "答辩": 1, "下午": 2, "见到": 1, "个子": 1, "穿": 1, "时尚": 1, "黑色": 1, "外套": 1, "笑容": 1, "腼腆": 1, "介绍": 1, "总共": 1, "投": 1, "简历": 1, "腾讯": 1, "阿里": 1, "深信服": 1, "抛来": 1, "橄榄枝": 1, "薪资": 1, "可观": 1, "开出": 1, "300万": 1, "税后": 1, "高出": 1, "40%": 1, "匹配": 1, "口碑": 1, "入职": 2, "存储": 2, "预研": 2, "诉求": 1, "学术界": 1, "并未": 1, "想到": 2, "员": 1, "面试": 4, "HR": 1, "部长": 1, "参加": 1, "CTO": 1, "技术官": 1, "很快": 1, "收到": 1, "录用": 2, "答复": 1, "签下": 1, "看重": 1, "契合度": 1, "10余": 1, "身份": 1, "OSDI'": 1, "2018": 2, "MI": 1, "CRO'": 1, "零": 1, "纪录": 1, "OSDI": 1, "MICRO": 1, "含金量": 1, "科学界": 1, "期刊": 2, "生物": 1, "医学": 1, "Nature/Science": 1, "Cell": 1, "发文": 1, "知乎": 1, "研究者": 1, "梦想": 1, "可望不可及": 1, "仿佛": 1, "版": 1, "鲁迅": 1, "时间表": 1, "8时": 2, "起床": 1, "30分之前": 1, "11时": 1, "30分": 4, "中饭": 1, "2时": 1, "5时": 1, "晚饭": 1, "晚上": 1, "6时": 1, "9时": 1, "呆到": 1, "10时": 1, "回": 1, "寝室": 1, "睡觉": 1, "7天": 1, "天天": 1, "随州": 2, "一中": 1, "考入": 1, "本科": 1, "按部就班": 1, "上课": 1, "偶尔": 1, "打打": 2, "篮球": 1, "2014年": 1, "抉择": 1, "忽然": 1, "视野": 2, "上都": 1, "预期": 1, "出入": 1, "硕士": 2, "名额": 1, "读研": 1, "读博": 1, "中断": 2, "拿到": 2, "学位": 1, "一下子": 1, "定下": 1, "相对于": 1, "同龄人": 1, "outstanding": 1, "自此": 1, "全身心": 1, "首屈一指": 1, "所有人": 1, "名字": 1, "以此": 1, "驱动": 1, "乐趣": 1, "弹": 1, "钢琴": 1, "唱歌": 1, "热爱": 1, "终生": 1, "事业": 1, "兴奋": 1, "从未": 1, "感到": 1, "懈怠": 1, "失败": 2, "不行": 1, "执行力": 1, "意志力": 1, "始终": 1, "股": 1, "劲": 1, "导师": 1, "外力": 1, "push": 1, "拖延症": 1, "老家": 1, "语气": 1, "听出": 1, "开心": 1, "转告": 1, "亲戚们": 2, "恭喜": 1, "培养": 1, "左鹏": 1, "飞家": 1, "妹妹": 1, "榜样": 1, "前瞻性": 1, "企业界": 1, "图灵奖": 1, "大师": 1, "民众": 1, "受益": 1, "占": 1, "思柳": 1, "通讯员": 1, "高翔": 1}