{"很多": 4, "朋友": 3, "前不久": 1, "都": 20, "新闻": 3, "↓": 3, "安卓": 19, "系统": 55, "华为": 307, "合作": 39, "自研": 5, "鸿蒙": 35, "即将": 3, "备胎": 6, "转正": 1, "充满": 1, "中国式": 1, "浪漫": 2, "名字": 8, "一下子": 1, "打动": 1, "不少": 3, "网友们": 1, "发现": 3, "早已": 3, "注册": 6, "一大": 2, "上古": 1, "时代": 9, "灵兽": 1, "纷纷": 2, "感叹": 1, "竟": 1, "整本": 2, "山海经": 16, "手机": 69, "芯片": 119, "麒麟": 12, "；": 34, "基带": 7, "巴龙": 2, "服务器": 3, "鲲鹏": 2, "平台": 4, "泰山": 1, "路由器": 1, "凌霄": 1, "人工": 3, "智能": 15, "昇腾": 2, "操作": 24, "……": 2, "很快": 1, "爱好者": 1, "纠正": 1, "、": 194, "朱雀": 2, "青牛": 1, "青玄": 1, "灵犀": 1, "腾霄": 1, "灵豸": 1, "饕餮": 1, "！": 13, "人犯": 1, "想当然": 1, "错误": 1, "暴露": 1, "读": 1, "追根溯源": 1, "中国": 67, "古典文学": 1, "第一": 14, "庄子·在宥": 1, "庄子": 2, "自然": 1, "元气": 3, "拟人化": 1, "一个": 16, "四处": 1, "游乐": 3, "无厘头": 1, "老头": 1, "原文": 11, "东游": 1, "扶摇之枝": 1, "适遭": 1, "拊脾": 3, "雀跃": 2, "游": 2, "贽然立": 1, "曰": 7, "：": 72, "叟": 2, "何人": 1, "邪": 1, "何为": 1, "辍": 1, "朕愿": 1, "仰": 1, "视云": 1, "吁": 1, "天气": 1, "不和": 1, "地气": 1, "郁结": 2, "六气不调": 1, "四时不节": 1, "六气之精": 1, "育": 1, "群生": 1, "为之奈何": 1, "掉头": 1, "吾": 2, "弗": 1, "弗知": 1, "译文": 1, "东方": 2, "巡游": 1, "神木扶摇": 1, "枝旁": 1, "恰巧": 1, "拍": 3, "大腿": 3, "雀儿": 1, "跳跃": 2, "那般": 1, "模样": 1, "惊疑": 1, "停": 1, "纹丝不动": 1, "站": 1, "老先生": 1, "这般": 1, "动作": 1, "不停": 1, "云将": 1, "自在": 1, "想": 2, "请教": 1, "抬": 1, "头": 1, "看云": 1, "天上": 1, "气": 2, "和谐": 1, "地上": 1, "阴": 1, "阳": 1, "风": 1, "雨": 1, "晦": 1, "六气": 2, "调和": 1, "四时": 1, "变化": 3, "不合": 1, "节令": 1, "如今": 2, "希望": 8, "调谐": 1, "精华": 1, "养育众": 1, "生灵": 1, "对此": 4, "掉": 1, "过头": 1, "回答": 1, "盘古开天辟地": 1, "天地": 3, "团": 1, "混沌": 2, "四": 8, "名著": 1, "西游记": 1, "开头": 1, "未": 3, "乱": 1, "茫茫": 1, "渺渺": 1, "盘古": 2, "破": 1, "开辟": 2, "兹清": 1, "浊辨": 1, "覆载群": 1, "生仰": 1, "至仁": 1, "发明": 1, "万物接为善": 1, "欲": 1, "造化": 1, "元功": 1, "西游释": 1, "厄传": 1, "红楼梦": 4, "警幻": 1, "仙姑": 1, "带领": 1, "宝玉": 1, "听": 1, "仙曲": 1, "十二": 1, "支": 1, "引子": 1, "内容": 20, "情种": 1, "风月": 1, "情": 1, "浓": 1, "奈何": 1, "伤": 1, "怀日": 1, "寂寥": 1, "试遣": 1, "愚衷": 1, "上演": 1, "悲金": 1, "悼玉": 1, "奠定": 1, "基调": 1, "并非": 1, "出自": 2, "记载": 2, "大鱼·海棠": 1, "鲲": 4, "·": 3, "逍遥游": 1, "北冥有鱼": 1, "名": 8, "不知": 2, "几千": 4, "化而为鸟": 1, "其名为鹏": 1, "鹏": 3, "背": 2, "怒": 1, "飞": 1, "翼若垂天": 1, "北方": 1, "大海": 1, "条": 6, "鱼": 2, "叫鲲": 1, "体积": 3, "鸟": 1, "脊背": 1, "长": 6, "奋起而飞": 1, "展开": 5, "双翅": 1, "天边": 1, "耳熟能详": 1, "淮南子": 1, "淮南子·地": 2, "形训": 2, "毛犊生": 1, "应龙": 3, "龙生": 1, "建马": 1, "建": 1, "马生": 1, "庶兽": 2, "凡": 1, "毛者": 1, "生于": 1, "孙子": 1, "传统": 3, "瑞兽": 2, "性情": 1, "温和": 1, "传说": 6, "活": 1, "两千": 1, "古人": 1, "雄性": 1, "称麒": 1, "雌性": 1, "称麟": 1, "吉祥神宠": 1, "太平": 1, "长寿": 1, "深厚": 1, "文化": 3, "内涵": 1, "民俗": 2, "礼仪": 1, "制成": 1, "饰物": 1, "摆件": 1, "用于": 2, "佩戴": 1, "安置": 1, "家中": 1, "祈福": 1, "安佑": 1, "用意": 1, "商标": 3, "来自于": 2, "答案": 1, "昆仑": 6, "山海经·大荒": 1, "西经": 2, "西海": 1, "南": 1, "流沙": 1, "滨": 1, "赤水": 1, "黑水": 1, "大山": 1, "名曰": 5, "丘": 1, "海内": 2, "虚": 2, "西北": 1, "帝": 1, "之下": 1, "八百里": 1, "仞": 1, "昆仑山": 2, "称为": 2, "万山之祖": 1, "古代": 2, "神话": 7, "居住": 1, "神仙": 2, "西王母": 1, "人头": 1, "豹身": 1, "青鸟": 3, "侍奉": 1, "包括": 15, "女娲": 1, "夸父": 1, "人物": 1, "走": 6, "当康": 2, "东次": 1, "钦山": 1, "金玉": 1, "石": 1, "师水": 1, "出焉": 1, "北流": 1, "注于": 1, "皋泽": 1, "鳝鱼": 1, "多文贝": 1, "兽焉": 2, "其状": 2, "如豚": 1, "牙": 1, "康鸣自叫": 1, "天下": 5, "大穰": 1, "康其形": 1, "猪": 1, "身长": 1, "六": 1, "尺": 2, "浑身": 1, "青色": 2, "耳": 1, "口中": 1, "伸出": 1, "长牙": 1, "象牙": 1, "抱": 1, "外面": 1, "丰收": 1, "年岁": 1, "鸣叫": 1, "跳": 1, "舞": 1, "山海经·西山": 1, "卷": 4, "西山": 1, "西二百二十里": 1, "三": 9, "危": 1, "山": 1, "三青鸟居": 1, "称": 7, "青鸾": 3, "苍鸾": 1, "从古至今": 1, "赋予": 1, "层": 3, "涵义": 1, "常见": 2, "说法": 4, "伴西": 1, "王母": 1, "神鸟": 2, "坐骑": 1, "赤色多者": 1, "凤": 1, "多者": 1, "鸾": 1, "五": 3, "先秦": 1, "古籍": 1, "富于": 1, "古老": 1, "奇书": 1, "传世": 1, "版本": 2, "共计": 3, "18": 1, "山经": 1, "5": 2, "海经": 1, "13": 2, "包罗万象": 1, "记述": 1, "地理": 1, "动物": 1, "植物": 1, "矿产": 1, "巫术": 1, "宗教": 1, "古史": 1, "医药": 1, "民族": 1, "矿物": 1, "记录": 3, "世界": 14, "早": 7, "文献": 1, "展现": 2, "瑰丽": 1, "今人": 1, "挖掘": 1, "肥沃": 1, "土壤": 2, "依据": 1, "只言片语": 1, "发挥": 1, "想象力": 1, "动人": 1, "三生三世": 2, "十里": 1, "桃花": 1, "青丘": 1, "九尾狐": 2, "杨幂": 1, "饰演": 1, "白浅": 1, "虚学": 1, "道行": 1, "青丘九": 1, "尾": 1, "狐白": 1, "浅艺": 1, "绽君": 1, "展示": 2, "奇特": 1, "生物": 3, "狌狌": 2, "shēng": 1, "所在": 5, "招摇山": 1, "禺": 1, "白耳": 1, "伏行人": 1, "食": 2, "善": 1, "鯥": 2, "lù": 1, "柢山": 1, "状": 3, "牛": 1, "陵居": 1, "蛇尾": 1, "有翼": 1, "羽": 1, "魼下": 1, "音如": 2, "留牛": 1, "冬死而复生": 1, "肿疾": 1, "猼訑": 2, "bó": 1, "yí": 1, "基山": 1, "羊": 1, "九尾四耳": 1, "佩之为畏": 1, "青丘山": 1, "状如": 1, "狐而九尾": 1, "婴儿": 1, "食人": 1, "食者": 1, "蛊": 1, "赤鱬": 1, "rú": 1, "翼泽": 1, "人面": 1, "音如鸳鸯": 1, "食之不疥": 1, "奇珍异兽": 1, "后人": 1, "真的": 1, "留下": 1, "无穷": 1, "遐想": 1, "近日": 3, "曝出": 1, "申请": 3, "HUAWEI": 4, "ARK": 5, "OS": 3, "海外版": 1, "希伯来": 2, "圣经·创世纪": 3, "上帝": 1, "指引诺亚": 1, "建造": 2, "巨船": 1, "诺亚": 6, "方舟": 5, "目的": 1, "家人": 1, "陆上": 1, "躲避": 1, "场": 2, "洪水": 1, "灾难": 1, "花": 1, "120年": 1, "才": 4, "建成": 2, "段": 1, "故事": 2, "旧约": 1, "古兰经": 1, "面临": 7, "困境": 2, "推出": 17, "寓言": 1, "背后": 2, "深意": 1, "不谋而合": 1, "西方": 3, "众所周知": 2, "用来": 1, "跨": 3, "传达": 1, "初开": 1, "违和感": 1, "玉兔": 2, "辆": 1, "月球车": 1, "登月": 1, "探测器": 3, "嫦娥": 2, "着陆点": 1, "周边": 1, "区域": 3, "广寒宫": 1, "撞击": 1, "坑": 1, "命名": 1, "紫微": 1, "天市": 1, "太微": 1, "暗物质": 1, "粒子": 1, "探测": 1, "卫星": 2, "悟空": 2, "号": 1, "月球": 1, "中继": 1, "名叫": 1, "鹊桥": 1, "准确": 2, "科技": 52, "工作者": 1, "热情": 1, "真真切切": 1, "期待": 2, "神兽们": 1, "载": 1, "希冀": 1, "飞向": 1, "梦想": 1, "来源": 6, "艺绽": 1, "作者": 2, "编辑": 2, "晴": 1, "二流程": 1, "孙": 1, "佳星": 1, "当下": 5, "处在": 2, "风口浪尖": 1, "企业": 46, "非华为莫属": 1, "5月": 19, "16日": 4, "美国商务部": 10, "国家": 35, "为由": 2, "公司": 130, "70": 5, "附属": 2, "列入": 7, "管制": 2, "实体名单": 4, "封杀": 2, "哗然": 1, "20日": 4, "谷歌": 29, "遵从": 1, "美国": 94, "政府": 18, "命令": 2, "尽快": 1, "切断": 1, "多种": 1, "硬件": 7, "软件": 18, "支持": 17, "授权": 12, "提供": 18, "意味着": 1, "权限": 1, "能力": 17, "发展": 41, "生态": 9, "荣耀": 3, "品牌": 9, "产品": 55, "平板": 5, "电脑": 6, "服务": 29, "市场": 61, "影响": 42, "正面": 1, "回应": 1, "截止到": 1, "ARM": 11, "高通": 4, "英特尔": 2, "相继": 2, "爆出": 1, "终止": 1, "伙伴": 9, "离去": 1, "接受": 4, "面对面": 1, "专访": 1, "任正非": 3, "‘": 2, "封杀令": 3, "’": 2, "实质": 1, "实力": 4, "较量": 1, "技术者": 2, "生产力": 1, "关键": 5, "占据": 3, "领先": 10, "制高点": 2, "迎头": 1, "赶超": 3, "过程": 5, "下达": 1, "2018年": 48, "4月": 3, "网站": 1, "发布": 5, "公告": 1, "中兴": 10, "通讯": 11, "违反": 8, "2017年": 7, "达成": 1, "和解": 3, "协议": 3, "7": 1, "年内": 1, "禁止": 10, "出口": 13, "技术": 61, "生产": 11, "电信": 7, "网络": 25, "设备": 15, "供应": 2, "零部件": 7, "占": 14, "25%": 8, "30%": 1, "禁令": 16, "一度": 1, "破产": 2, "倒闭": 1, "风险": 5, "从容应对": 1, "濒临": 1, "截然不同": 1, "命运": 1, "印证": 1, "整体": 11, "创新": 16, "不容小觑": 1, "事实": 3, "敲响": 5, "自主": 32, "可控": 21, "警钟": 5, "进一步": 12, "鞭策": 1, "领域": 41, "前行": 2, "胜利": 1, "底气": 3, "十足": 1, "来源于": 1, "多年": 8, "研发": 31, "巨额": 1, "投入": 10, "报道": 10, "全球": 50, "18万": 1, "员工": 1, "研究": 5, "人员": 3, "占到": 1, "45%": 2, "基础": 11, "销售额": 4, "15%": 2, "150亿": 2, "美元": 28, "未来": 17, "经费": 1, "1000亿": 1, "排兵": 1, "布阵": 1, "收获": 1, "果实": 1, "储备": 4, "足够": 1, "部件": 1, "打通": 3, "汽车": 2, "穿戴": 1, "终端": 31, "兼容": 4, "Web": 2, "面世": 2, "拥有": 6, "对抗": 1, "强国": 6, "唯有": 2, "控方": 1, "受制于人": 4, "核心": 21, "国之重器": 1, "隐患": 2, "年近": 1, "八旬": 1, "工程院": 1, "院士": 1, "倪光南": 1, "建立": 4, "可靠": 5, "体系": 11, "才能": 3, "保障": 5, "信息": 13, "手": 1, "持续": 14, "显得": 1, "尤为": 1, "近年来": 4, "越来越": 2, "产业": 43, "不遗余力": 1, "奋勇": 1, "CPU": 4, "Intel": 2, "AMD": 1, "国外": 4, "巨头": 9, "垄断": 5, "中科院": 1, "龙芯": 3, "深耕": 3, "三大": 8, "系列": 7, "航空": 1, "航天": 1, "国防": 4, "交通": 1, "金融": 2, "众多": 2, "打破": 2, "芯": 3, "历史": 2, "老牌": 1, "互联网": 4, "360": 3, "浏览器": 3, "国产": 25, "件": 4, "方式": 5, "抹平": 1, "指令集": 2, "差异": 1, "解决": 5, "政企": 1, "用户": 27, "跨平台": 1, "兼容性": 1, "适配性": 1, "难题": 1, "透露": 2, "现有": 3, "功能": 6, "中标": 1, "银河": 1, "中科方德": 1, "深度": 4, "兆": 1, "飞腾": 1, "海光": 1, "电子": 22, "公文": 1, "签章": 1, "流版式": 1, "办公": 1, "插件": 1, "百": 1, "款": 1, "国内": 45, "主流": 2, "层面": 2, "底层": 1, "稳固": 1, "备受": 1, "关注": 11, "数据": 20, "环境": 7, "可用": 1, "存储": 28, "介质": 8, "磁": 2, "电": 2, "依赖": 12, "厂商": 43, "自我": 1, "突破": 6, "行业": 21, "事件": 15, "迫在眉睫": 1, "欣慰": 1, "新兴": 3, "终于": 1, "努力": 5, "弯道": 1, "超车": 1, "身影": 2, "初": 3, "数字": 6, "建设": 1, "成果": 2, "展览会": 1, "紫晶": 7, "对外": 4, "大数据": 4, "业内": 2, "唯一": 3, "一家": 6, "知识": 2, "产权": 2, "产业化": 1, "商业": 9, "档案": 2, "级光": 1, "我国": 9, "强大": 5, "助力": 2, "领军": 2, "入选": 1, "工信部": 3, "工业": 5, "强基": 2, "工程": 3, "存储器": 6, "一条龙": 1, "制造": 10, "蓝光": 3, "评价": 1, "大陆": 10, "BD-R底层": 1, "编码": 1, "策略": 5, "国际": 8, "联盟": 3, "认证": 7, "(": 15, "九": 1, ")": 14, "2019年": 8, "标准化": 1, "协会": 4, "工作": 2, "委员会": 2, "评选": 1, "会员": 2, "单位": 2, "依托": 3, "优势": 14, "超算": 2, "中心": 9, "卫健委": 2, "档案馆": 2, "组织": 4, "机构": 8, "融合": 3, "据悉": 1, "方案": 17, "覆盖": 4, "政务": 1, "医疗": 1, "军工": 1, "教育": 1, "能源": 2, "诸多": 3, "军事": 1, "科学院": 1, "浙江省": 1, "高级": 1, "人民法院": 1, "关系": 7, "呈现": 3, "爆发式": 1, "增长": 10, "安全性": 1, "趋势": 4, "寿命": 1, "绿色": 1, "节能": 1, "成本": 2, "低等": 1, "综合": 8, "迎来": 3, "更为": 4, "广阔": 1, "空间": 7, "带来": 6, "更多": 2, "可能性": 1, "战略": 4, "从容": 1, "应对": 11, "改变": 2, "无芯": 1, "亦或是": 1, "体现": 1, "探索": 2, "预见": 2, "日益": 1, "激烈": 1, "竞争": 9, "开放": 4, "谋求": 1, "话语权": 1, "摆脱": 2, "被动": 1, "局面": 3, "网": 2, "美": 27, "贸易": 21, "摩擦": 4, "贸易战": 5, "打击": 2, "经济": 7, "发出": 2, "战略性": 1, "办法": 2, "打压": 4, "很": 4, "例子": 1, "比如说": 1, "欧洲": 12, "暂停": 9, "原生态": 1, "优化": 3, "推送": 1, "远强": 1, "杀手锏": 1, "双赢": 1, "备用": 1, "停止": 7, "IOS": 2, "太": 3, "难": 1, "困难": 2, "这不": 2, "当年": 2, "诺基亚": 4, "微软": 2, "WP": 1, "看作": 1, "媲美": 1, "第三方": 3, "APP": 3, "导致": 2, "失败": 2, "独自": 1, "开发": 14, "逼": 1, "这是": 4, "机遇": 9, "团结": 1, "响应": 1, "号召": 1, "影响力": 2, "差": 1, "有人": 1, "骑虎难下": 1, "政策": 6, "符合": 6, "前所未有": 1, "威胁": 10, "制定": 2, "标准": 3, "声": 1, "5G": 30, "风口": 1, "热点": 1, "浩瀚": 1, "整理": 2, "业绩": 4, "10": 1, "+": 6, "股": 1, "排名": 5, "东方通": 2, "$东方通": 1, "中间件": 1, "全资": 1, "子公司": 5, "惠捷朗": 1, "成立": 7, "攻关": 1, "小组": 1, "前瞻性": 1, "布局": 16, "运营商": 13, "设备商": 3, "芯片商": 1, "沟通": 1, "交流": 5, "初步": 1, "设定": 1, "指标": 1, "定义": 2, "第二": 7, "拓维": 1, "为数": 1, "无线": 7, "增值": 2, "一体": 1, "高新": 1, "湖南省": 1, "内": 13, "服务商": 1, "签订": 1, "同舟共济": 2, "4": 2, "整合": 5, "资源": 3, "构建": 7, "一体化云": 1, "第三": 3, "光弘": 1, "4G": 3, "客户": 16, "需求": 15, "调整": 8, "业务": 41, "具备": 7, "过渡": 1, "供应商": 27, "含": 2, "在内": 5, "本周": 1, "类似": 1, "利好": 2, "个股": 5, "选出": 1, "兴趣": 1, "文章": 1, "上方": 1, "笔者": 2, "名称": 1, "直播间": 1, "找": 1, "手中": 2, "持有": 1, "套": 1, "判断": 2, "走势": 1, "一同": 2, "探讨": 3, "鼎力": 2, "相助": 2, "答疑": 1, "解惑": 1, "第四": 1, "ST凡谷": 2, "$": 3, "*": 1, "ST": 2, "净利润": 2, "同比": 10, "增长率": 3, "169%": 1, "射频": 34, "器件": 6, "射": 2, "频子": 2, "型号": 1, "销售": 4, ";": 5, "陶瓷": 1, "现阶段": 1, "滤波器": 5, "小型化": 1, "集成化": 1, "方向": 3, "通信": 13, "集成商": 1, "基站": 27, "天馈": 1, "客户化": 1, "专业": 1, "第五": 1, "沪电": 1, "股份": 2, "相关": 11, "小批量": 2, "供货": 7, "第六": 1, "宜": 1, "$宜": 1, "司": 1, "优质": 12, "截至": 2, "报告": 5, "期末": 1, "国人": 1, "液态": 1, "金属": 1, "Face": 1, "D支架": 1, "摄像头": 1, "模组": 1, "小米": 4, "OPPO": 2, "知名": 3, "批量": 2, "第七": 6, "广信": 2, "材料": 5, "江苏": 2, "宏泰": 3, "涂料": 6, "9800万": 1, "元": 10, "30.0%": 1, "散热": 2, "预计": 6, "产业链": 23, "前景": 1, "LoW": 1, "Dk/Df": 1, "专用": 2, "油墨": 1, "复合板": 1, "材用": 1, "天线": 2, "工艺": 3, "第八": 1, "立讯": 1, "精密": 2, "$立": 1, "讯": 1, "国内外": 1, "首选": 1, "出货": 2, "阶段": 5, "高频": 1, "高速": 4, "电流": 1, "光电": 3, "获利": 1, "壁垒": 1, "产品线": 1, "时间": 8, "积累": 2, "沉淀": 1, "连接器": 2, "收购": 5, "切入": 9, "供应链": 20, "启航": 1, "深圳": 2, "科尔通": 1, "爱默生": 1, "主营": 2, "线缆": 1, "第九": 1, "华工": 2, "$华工": 1, "10G": 1, "25G": 2, "100": 1, "G光": 1, "模块": 3, "各类": 1, "激光器": 1, "100G": 1, "首家": 1, "论证": 1, "18年": 1, "12月": 2, "首批": 1, "50%": 2, "份额": 7, "激光": 3, "主业": 1, "传感器": 1, "光通信": 1, "防伪": 1, "服务业": 1, "板块": 18, "物联": 1, "第十": 1, "深南": 2, "电路": 8, "下一代": 4, "PCB": 2, "容量": 1, "印制": 1, "电路板": 1, "龙头": 11, "连续": 3, "授予": 2, "金牌": 1, "截止": 1, "发文": 1, "本文": 1, "节选": 1, "27日": 1, "招商": 2, "证券": 1, "研究所": 2, "公开": 3, "半导体": 46, "专题": 1, "八": 1, "详解": 2, "挑战": 9, "并存": 4, "详见": 1, "完整版": 1, "鄢凡": 1, "团队": 4, "观点": 2, "篇": 1, "回顾": 1, "纠纷": 12, "历程": 3, "A股": 7, "硬": 5, "引领": 10, "作用": 1, "面对": 7, "美方": 6, "禁运令": 3, "措施": 3, "拆机": 5, "予以": 2, "分析": 11, "FPGA": 18, "短板": 4, "依旧": 5, "跟进": 2, "不必": 3, "过于": 3, "悲观": 6, "忽视": 1, "EDA": 13, "IP": 7, "缺失": 5, "长线": 6, "再次": 2, "替代": 16, "看好": 3, "1": 7, "波澜": 4, "重要性": 5, "凸显": 12, "宏观": 2, "因子": 1, "5日": 1, "态度": 2, "发生": 3, "急转": 2, "无端": 3, "提升": 23, "税率": 3, "实施": 5, "禁运": 11, "举措": 2, "均": 18, "趋": 2, "蒙上": 2, "阴影": 2, "征税": 7, "角度": 11, "前期": 8, "2000亿": 4, "税单": 2, "不大": 5, "新增": 2, "3000亿": 4, "促使": 2, "消费": 6, "成品": 4, "组装": 2, "产能": 3, "转移": 3, "相较": 3, "深远": 3, "背景": 2, "迫切性": 2, "沉着": 2, "重压": 3, "历经": 2, "三十": 1, "耕耘": 1, "拼搏": 1, "消费者": 13, "营收": 18, "7212亿": 2, "人民币": 4, "投入率": 1, "14.1%": 2, "专利": 4, "申请数": 1, "或许": 3, "正是": 3, "感受": 3, "力量": 5, "断供": 2, "提前": 1, "预备": 1, "半年": 1, "库存": 3, "导入": 1, "打造": 5, "计划": 5, "下游": 9, "3": 6, "可知": 1, "海思": 22, "处理器": 13, "电源": 6, "自给": 4, "汇顶": 4, "豪威": 4, "亦": 7, "支撑": 3, "进口": 9, "韩": 1, "美系": 6, "高度": 8, "模拟": 16, "皇冠": 2, "明珠": 2, "门槛": 6, "起量": 2, "距离": 7, "缺口": 2, "PA": 3, "唯捷": 2, "创芯": 2, "打入": 2, "慧": 2, "智微": 2, "验证": 6, "中科汉": 2, "开关": 3, "LNA": 2, "卓胜微": 2, "侧": 3, "缺芯": 2, "现象": 2, "可靠性": 3, "精确度": 2, "自给率": 7, "低": 10, "中射频": 4, "微基站": 2, "大小": 2, "分立": 5, "改为": 1, "ADDA": 3, "Transceiver": 6, "测试": 2, "理想": 2, "前端": 2, "压缩": 6, "加速": 5, "Xilinx": 2, "Altera": 3, "紫光": 3, "国芯": 2, "安路": 2, "大规模": 3, "商用": 2, "GMS": 4, "海外": 28, "短期": 5, "9": 1, "竞争力": 13, "签署": 5, "长期": 4, "合同": 2, "效率": 2, "长臂": 4, "管辖": 5, "值得": 6, "采购额": 3, "210亿": 2, "73亿": 2, "Fabless": 5, "设计": 29, "远": 5, "统计": 9, "39": 2, "ICT": 5, "依赖度": 2, "IC": 5, "数量": 3, "规模": 11, "共有": 2, "1698": 2, "208": 2, "亿": 1, "绝大部分": 1, "处于": 6, "起步": 5, "TI": 4, "模式": 2, "收": 1, "并购": 13, "稳步": 2, "内生": 1, "本土": 5, "借鉴": 2, "加大": 4, "扶植": 1, "力度": 3, "有望": 3, "陆续": 3, "落地": 4, "推动": 11, "投资": 5, "建议": 3, "微笑": 5, "曲线": 5, "附加值": 3, "最低": 2, "代工": 4, "树立": 2, "ZTE": 3, "格力": 2, "位于": 3, "上游": 3, "乃至于": 3, "缺乏": 3, "自上而下": 3, "自主化": 3, "本次": 2, "局势": 1, "迫切": 1, "站稳": 1, "脚跟": 1, "意义": 2, "高科技": 1, "10月": 2, "位置": 3, "预期": 3, "释放": 2, "低估": 2, "自下而上": 2, "基于": 4, "中长线": 4, "逻辑": 4, "把握": 2, "住": 2, "逆势": 2, "催化": 2, "表现": 4, "坚定": 2, "建仓": 2, "价值": 4, "源自": 1, "8月": 1, "301": 3, "调查": 3, "3月": 2, "22日": 1, "代表": 1, "办公室": 1, "USTR": 1, "公布": 4, "认定": 1, "关税": 7, "强制": 1, "转让": 1, "同日": 1, "总统": 3, "特朗普": 4, "备忘录": 1, "商品": 2, "征收": 2, "意在": 1, "逆转": 1, "之间": 6, "逆差": 4, "至此": 1, "正式": 1, "拉开": 1, "帷幕": 1, "全年": 3, "5055亿": 1, "1299亿": 1, "3756亿": 1, "年中": 1, "经历": 5, "轮": 2, "互征": 2, "降": 1, "增至": 2, "5395亿": 1, "6.7%": 1, "下降": 4, "1203亿": 1, "7.4%": 1, "4192亿": 1, "并未": 1, "有助于": 2, "减少": 1, "反倒": 2, "价值量": 1, "最终": 1, "承担": 2, "否认": 1, "波动": 3, "景气": 2, "度": 2, "下行": 1, "汇率": 2, "压力": 3, "程度": 1, "情绪": 2, "不可避免": 1, "边际": 2, "递减": 2, "9月": 2, "18日": 1, "清单": 8, "当日": 1, "单日": 2, "1.40%": 1, "反弹": 2, "冲突": 1, "G20": 2, "峰会": 4, "略": 2, "缓和": 1, "改善": 4, "年初": 1, "行情": 1, "近期": 11, "涉及": 3, "家电": 1, "安防": 4, "笔记本": 1, "耳机": 1, "零组件": 1, "此前": 8, "全球化": 4, "工厂": 2, "协调": 1, "管控": 1, "涵盖": 1, "摄像机": 1, "比例": 5, "海康": 2, "大华": 2, "印度": 1, "墨西哥": 2, "转运": 1, "对冲": 1, "增加": 4, "LED": 3, "销量": 6, "灯泡": 1, "灯丝灯": 1, "冲击": 1, "下单": 1, "谨慎": 1, "木林森": 1, "Ledvance": 1, "生产线": 1, "利用": 3, "地位": 5, "封锁": 3, "压制": 1, "最为": 2, "手段": 2, "再度": 1, "6日": 2, "8.26%": 1, "跌幅": 1, "参照": 1, "接下来": 4, "再有": 1, "波折": 1, "白马": 1, "风云三十年": 1, "终成": 1, "1987年": 1, "创立": 1, "交换机": 1, "代理商": 1, "农村": 1, "包围": 1, "城市": 1, "1997年": 2, "引入": 1, "IBM": 1, "IPD": 1, "集成": 7, "ISC": 1, "八大": 1, "管理": 3, "变革": 2, "项目": 1, "内部": 2, "流程": 4, "后续": 4, "扩张": 2, "铺平": 1, "道路": 1, "拓展": 2, "边界": 1, "云管端": 1, "2003年": 2, "改组": 2, "BG": 3, "2011年": 1, "齐头并进": 1, "成长": 4, "19.5%": 1, "营业": 1, "收入": 4, "增速": 4, "大于": 1, "593亿": 1, "25.1%": 1, "2940亿": 1, "3366亿": 1, "744亿": 1, "45.1%": 1, "首次": 2, "超过": 3, "占比": 7, "48.4%": 1, "10%": 2, "累计": 2, "高达": 3, "4850亿": 1, "费用": 1, "支出": 1, "1015亿": 1, "13.2%": 1, "8万多": 1, "人数": 1, "87805": 1, "11152": 1, "WIPO": 1, "提交": 4, "5405": 1, "份": 1, "云管段": 1, "远远": 2, "甩开": 1, "通信业": 1, "爱立信": 3, "并驾齐驱": 1, "对比": 2, "2012年": 2, "五百": 2, "351": 1, "落后": 1, "42": 1, "跃居": 1, "72": 1, "第500": 1, "带动": 6, "效应": 1, "强自": 1, "改革": 1, "制造业": 4, "聚焦": 1, "较为": 6, "现状": 1, "革命": 1, "2014年": 2, "牵头": 1, "20多": 1, "国务院": 1, "部门": 1, "协同": 1, "起草": 1, "2025": 2, "2015年": 4, "19日": 2, "印发": 1, "目标": 4, "迈入": 1, "行列": 1, "2035年": 1, "阵营": 1, "中等": 1, "水平": 2, "一百": 1, "前列": 1, "五大": 1, "十大": 2, "新一代": 2, "元器件": 1, "自给自足": 1, "近期科": 1, "创板": 1, "资本": 1, "呼应": 1, "科创板": 1, "分类": 1, "首要": 1, "重点": 2, "云计算": 1, "物联网": 1, "迅猛": 1, "崛起": 2, "夯实": 1, "塑造": 1, "上下游": 1, "本土化": 1, "人才": 1, "摇篮": 1, "足见": 1, "04年": 1, "设立": 2, "庞大": 2, "体量": 2, "半协": 1, "303亿": 1, "遥遥": 1, "位列": 3, "503亿": 3, "封装": 2, "完善": 6, "放": 1, "台湾": 5, "台积电": 2, "矽品": 1, "常年": 1, "中芯国际": 1, "长电": 1, "转单": 1, "启动": 1, "添加": 1, "未经": 3, "批准": 1, "情况": 5, "购买": 4, "商务部": 4, "做出": 4, "有限": 3, "豁免": 2, "旨在": 1, "减轻": 1, "实体": 5, "安全局": 1, "BIS": 1, "个体": 3, "名单": 2, "2月": 1, "危害": 1, "利益": 5, "实体会": 1, "以此": 1, "告知": 1, "出口商": 2, "许可证": 2, "获取": 1, "条例": 2, "物项": 3, "第744": 1, "审查": 2, "此类": 1, "许可": 1, "例外": 1, "福建": 1, "晋华": 1, "Entity": 3, "List": 2, "List外": 1, "Unverified": 2, "list": 2, "核实": 1, "任意": 1, "额外": 1, "详细": 1, "约束力": 1, "轻": 1, "三安": 1, "事实上": 3, "潜在": 2, "极限": 1, "生存": 2, "假设": 2, "两手": 1, "孟": 1, "女士": 1, "村田": 2, "东芝": 1, "京瓷": 1, "罗姆": 1, "采购": 6, "地区": 2, "采购量": 1, "立光": 1, "订单": 3, "调研": 3, "6-12": 1, "足以": 2, "保证": 1, "给予": 1, "切换": 2, "缓冲期": 1, "对内": 1, "快速": 7, "坚实": 1, "端": 4, "SOC": 1, "天罡": 2, "AI": 9, "310": 1, "910": 1, "英国": 1, "剑桥": 1, "晶圆厂": 1, "2021年": 1, "营运": 1, "总裁": 2, "何庭波": 1, "封": 1, "公开信": 1, "先进": 2, "永远": 1, "数千": 1, "儿女": 1, "科技史": 1, "悲壮": 1, "长征": 1, "创始人": 1, "早早": 1, "定下": 1, "寻找": 1, "实行": 1, "A": 1, "放宽": 1, "资格": 3, "条件": 1, "发掘": 1, "培育": 1, "京东方": 2, "事业部": 1, "余承东": 2, "17日": 1, "Q": 1, "3-2020年": 1, "Q1": 2, "进展": 3, "发声": 1, "安森": 1, "泰瑞达": 1, "收到": 1, "函件": 1, "少量": 1, "恢复": 6, "老": 1, "维护": 2, "亚洲": 4, "顶级": 1, "供货商": 1, "交付": 1, "评估": 1, "群创": 1, "安排": 1, "3月份": 1, "比利时": 1, "布鲁塞尔": 1, "开设": 1, "罕见": 1, "外界": 1, "源代码": 1, "诚意": 1, "赢得": 1, "信任": 1, "德法": 1, "荷兰": 1, "欧盟": 1, "施压": 1, "排除": 1, "竞标者": 1, "俄罗斯": 1, "维佩尔": 1, "打算": 1, "2020年": 1, "50亿": 1, "卢布": 1, "莫斯科": 1, "更新": 1, "改用": 1, "扰动": 1, "迫于": 1, "停供": 2, "信心": 1, "传言": 2, "媒体": 5, "爆料": 1, "英": 1, "飞凌": 1, "华": 1, "上市": 4, "辟谣": 1, "平和": 1, "心态": 2, "惧": 1, "领导人": 1, "6月": 1, "28": 1, "–": 1, "29日": 2, "会谈": 1, "转机": 1, "42%": 1, "47%": 1, "一季度": 5, "1740万": 1, "台": 2, "市占率": 7, "5%": 2, "跃升": 1, "5910万": 1, "19.02%": 1, "超越": 8, "苹果": 14, "仅次于": 1, "三星": 7, "得益于": 2, "1.": 1, "始终": 1, ".": 11, "摄像": 1, "效果": 1, "6": 1, "Plus": 1, "首推": 1, "双摄": 1, "P20": 1, "Pro": 2, "摄": 1, "抓住": 1, "定位": 2, "精准": 2, "主推性": 1, "价比": 1, "中高端": 1, "Mate": 1, "P系列": 1, "性能": 2, "抗衡": 1, "经营": 1, "发展中国家": 3, "拿下": 3, "一举": 1, "一帆风顺": 1, "思科": 1, "起诉": 1, "港湾": 1, "坎坷": 1, "数十": 1, "2016年": 2, "遭遇": 3, "不公": 1, "下滑": 5, "复杂度": 3, "本节": 1, "逐项": 1, "旗舰": 1, "机型": 1, "屏下": 3, "指纹": 4, "CIS": 1, "OLED": 1, "韩系": 1, "长存": 1, "长鑫": 1, "充电": 3, "采用": 4, "IDT": 2, "日本": 2, "瑞萨": 1, "所在地": 1, "涌现": 2, "芯晟": 2, "差距": 2, "Yole": 1, "预测": 1, "80亿": 1, "往后": 3, "功放": 1, "调谐器": 1, "噪放": 1, "2023年": 2, "350亿": 1, "复合": 2, "14%": 1, "快": 1, "19%": 1, "到来": 2, "毫米": 1, "波场": 1, "景下": 1, "AIP": 1, "4.23亿": 1, "Skyworks": 1, "Qorvo": 1, "Broadcom": 1, "Murata": 3, "24%": 1, "21%": 1, "20%": 2, "SAW滤": 1, "波器市": 1, "占率": 2, "FBAR": 1, "经验": 2, "议价": 1, "Navian": 1, "芯片市": 1, "2%": 1, "国民": 1, "飞骧": 1, "暂": 3, "急需": 1, "赶上": 1, "文": 1, "讨论": 1, "高压": 2, "中频": 2, "架构": 5, "混频器": 1, "DVGA": 1, "锁": 1, "相环": 1, "ADC": 1, "DAC": 1, "交调": 1, "制器": 1, "DPD": 1, "接收机": 1, "前夕": 1, "各家": 1, "转向": 1, "信号": 7, "转射频": 1, "后端": 1, "加射": 1, "频PA": 1, "即可": 1, "集成度": 2, "难以": 2, "下图": 1, "AD9213": 1, "框图": 1, "成熟": 1, "ADI": 1, "金卓": 1, "早期": 1, "Field": 1, "Programmable": 1, "Gate": 1, "Array": 1, "现场": 1, "编程": 1, "阵列": 2, "相比于": 1, "ASIC": 1, "速度": 3, "面积": 1, "造价": 1, "编程性": 1, "矢量": 1, "运算": 1, "63.35亿": 1, "8%": 2, "40%": 1, "23%": 1, "16%": 2, "13%": 3, "FGPA": 1, "运行": 1, "连接": 4, "降低": 2, "时延": 2, "密度": 1, "频谱": 1, "带宽": 1, "2025年": 1, "125亿": 1, "场景": 11, "I/Q": 2, "AAA": 1, "CRAN": 1, "连接性": 1, "正交": 2, "调制": 2, "频率": 1, "路": 3, "I路": 1, "Q路": 1, "CPRI": 1, "实际上": 4, "扩展": 1, "空中": 1, "接口": 1, "UL": 1, "DL信号": 1, "Lattice": 1, "Microsemi": 1, "京微": 1, "雅格": 1, "高云": 1, "上海": 1, "超": 4, "倾向": 2, "转直流": 1, "48V": 1, "变压": 1, "隔离": 1, "鲜有": 1, "协力": 1, "助推": 1, "外媒": 1, "随后": 2, "邮件": 1, "确认": 1, "此事": 1, "并称": 1, "升级": 3, "Google": 1, "Play": 1, "商店": 1, "地图": 2, "Youtube": 1, "Canalys": 1, "2.06亿": 1, "1.01亿": 1, "新机": 1, "总前期": 1, "采访": 1, "协商": 1, "救济": 1, "横跨": 1, "2019": 4, "Q3": 1, "迟": 1, "2020": 1, "8": 1, "终身": 1, "新品": 2, "30日": 4, "发布会": 1, "推进": 3, "如常": 1, "难度": 1, "v9": 2, "签约": 1, "芯原": 1, "微电子": 1, "Imagination": 1, "Synopsys": 3, "Cadence": 2, "Mentor": 2, "Graphics": 1, "在于": 1, "Astro": 2, "组合": 1, "业界": 2, "联姻": 1, "退居": 1, "独特": 1, "相比": 1, "家小": 1, "西门子": 1, "合约": 1, "RTL转": 1, "版图": 1, "Bug": 1, "代码": 1, "测": 1, "芯禾": 1, "华大": 1, "九天": 1, "细分": 5, "特色": 1, "全面性": 1, "远不如Synopsys": 1, "管理法": 2, "出售": 1, "制裁": 1, "查阅": 1, "Export": 2, "Administration": 2, "Regulations": 2, "找到": 1, "Items": 1, "subject": 1, "include": 1, "thefollowing:1": 1, "All": 1, "U.S.origin": 2, "items": 1, "located": 2, "world": 1, "Any": 2, "itemin": 1, "United": 2, "States": 1, "exported": 2, "entities": 1, "States.3": 1, "foreign": 1, "madeitem": 1, "U.S": 3, "origin": 3, "controlled": 3, "content": 2, "reexported": 1, "Iran": 1, "North": 1, "Korea": 1, "Sudan": 1, "Syria": 1, "theso-called": 1, "minimis": 1, "rule).4": 1, "Anyforeign": 1, "made": 1, "item": 1, "direct": 1, "product": 2, "technology": 2, "majorplant": 1, "equipment": 2, "abroad": 1, "foreign-made": 1, "major": 1, "plant": 1, "nationalsecurity": 1, "reasons": 1, "概念": 2, "模糊": 1, "执行": 4, "自由度": 1, "商会": 1, "制于": 1, "设计业": 5, "Gartner": 2, "总量": 1, "940亿": 1, "产值": 1, "总额": 2, "260亿": 1, "6.88": 1, "算": 1, "相当于": 1, "群策群力": 1, "强势": 2, "下表": 1, "取自": 1, "BloomBerg": 1, "对标": 1, "调研而知": 1, "识别": 4, "MCU": 1, "音频": 1, "Codec": 1, "优秀": 3, "不错": 1, "潜力": 1, "PC": 3, "突破期": 1, "剔除": 1, "二十": 1, "金额": 4, "代工厂": 1, "伟创力": 1, "玻璃": 1, "大厂": 3, "康宁": 1, "TTM": 1, "保险丝": 1, "保护": 5, "LittleFuse": 1, "涨价": 1, "镁光": 2, "39.51亿": 1, "18.81%": 1, "博通": 1, "22.47亿": 1, "/": 3, "破局": 1, "1094亿": 1, "划分": 1, "68%": 1, "IDM": 2, "Infineon": 1, "NXP": 1, "十五": 2, "纳入": 1, "2010年": 1, "11%": 2, "过亿": 1, "Trendforce": 1, "展锐": 1, "100亿": 1, "欧美": 1, "德州": 1, "仪器": 1, "2000年": 2, "专注": 1, "DSP": 1, "尚未": 1, "大展拳脚": 1, "契机": 1, "76亿": 1, "对价": 1, "名噪一时": 1, "Burr-Brown": 1, "种类": 1, "参数": 1, "花费": 1, "客户处": 1, "替换": 1, "不确定性": 1, "引进": 1, "可行之举": 1, "并购案": 2, "韦尔": 1, "闻泰": 1, "安世": 1, "北京": 3, "君正": 1, "矽成": 1, "标的": 1, "赛道": 2, "成功": 3, "大幅": 3, "原有": 1, "全新": 2, "拓宽": 1, "选择": 1, "更迭": 1, "格局": 1, "千差万别": 1, "放量": 1, "4.14亿": 1, "净利": 1, "2039.95%": 1, "反转": 1, "对手": 5, "去库存": 1, "不振": 1, "规避": 1, "红海": 1, "找寻": 1, "适合": 1, "合格": 1, "量产": 1, "去年": 4, "卡脖子": 1, "近些年": 1, "出台": 1, "项": 1, "针对": 4, "优惠": 1, "1400亿": 1, "基金": 1, "补贴": 2, "雨露": 1, "沾": 1, "理应": 1, "百花齐放": 1, "侧重": 1, "齐备": 1, "中小型": 1, "专项": 1, "高校": 1, "科研": 1, "院所": 1, "前沿": 2, "科研院所": 1, "稳定": 1, "马来西亚": 9, "总理": 6, "外交部": 3, "实话": 2, "公道": 2, "发言人": 2, "陆慷": 3, "主持": 1, "例行": 1, "记者会": 1, "实录": 1, "记者": 3, "马哈蒂尔": 9, "出席": 1, "第25": 1, "届": 3, "会议": 2, "期间": 2, "马方": 1, "尽可能": 4, "中方": 1, "评论": 3, "资料": 1, "表态": 1, "提高": 1, "权利": 2, "互利": 1, "各国": 1, "蛋糕": 1, "所有人": 1, "听一听": 1, "忠告": 1, "摆": 1, "出人意料": 1, "反对": 3, "法新社": 2, "东京": 2, "图源": 1, "日经": 1, "发表": 4, "讲话": 1, "承认": 1, "担忧": 1, "阻止": 1, "93": 1, "岁": 1, "论坛": 1, "视频": 46, "指出": 2, "番": 2, "这家": 3, "争议性": 1, "指控": 1, "彭博社": 1, "制造商": 1, "反驳": 1, "说服": 1, "优先": 1, "专长": 1, "环球": 2, "时报": 2, "环球网": 4, "白云怡": 1, "微信": 1, "视听": 15, "大会": 3, "守": 1, "激发": 1, "活力": 1, "主题": 3, "四川": 1, "成都": 1, "开幕": 1, "2千": 1, "6300": 1, "嘉宾": 1, "参会": 1, "腾讯": 1, "参与": 1, "迭代": 1, "进阶": 1, "——": 2, "业态": 1, "业务部": 2, "部长": 2, "徐": 6, "晓林": 6, "演讲": 3, "创": 4, "阐述": 2, "万物": 3, "互联": 3, "智慧": 7, "致力于": 2, "窗口": 5, "体验": 14, "蓝海": 2, "来临": 1, "高速率": 1, "特性": 1, "触手可及": 1, "迎接": 1, "新纪元": 1, "普及": 1, "赋能": 2, "跨入": 1, "届时": 1, "娱乐": 1, "延伸": 1, "生活": 3, "多维度": 1, "动力": 1, "率先": 1, "创作": 4, "分发": 4, "维度": 1, "繁荣": 1, "P30": 2, "感光": 1, "镜头": 2, "彩色": 1, "滤镜": 1, "增强": 1, "护航": 1, "创作者": 1, "全天候": 1, "随时随地": 1, "品质": 1, "全民": 1, "热潮": 1, "无限": 1, "导演": 1, "蔡成杰": 1, "拍摄": 5, "电影": 1, "裸机": 1, "竖屏": 1, "作品": 2, "全程": 1, "外接": 1, "暗光": 1, "超远": 1, "变焦": 1, "电影级": 1, "画质": 1, "好评": 1, "匹配": 2, "渠道": 1, "放大": 1, "带给": 1, "极致": 3, "认同": 1, "借助": 1, "视觉": 1, "运营": 1, "情景": 1, "推荐": 2, "海量": 1, "影": 1, "剧": 1, "品类": 1, "智能化": 1, "偏好": 1, "围绕": 1, "盒子": 1, "VR": 1, "1+8+N": 1, "交互": 1, "情景化": 1, "音": 1, "无缝": 1, "多屏": 1, "现实": 2, "创造": 2, "多元": 2, "创新性": 1, "载体": 1, "专区": 1, "全场": 1, "景全": 1, "云协": 1, "细作": 1, "合作方": 1, "直达": 1, "共赢": 1, "受众": 1, "共建": 1, "做好": 1, "一道": 1, "精品": 1, "送": 1, "伙伴们": 1, "共生": 1, "共荣": 1, "如是说": 1, "面向": 1, "全世界": 1, "意大利": 1, "西班牙": 1, "开通": 2, "自有": 1, "拉美": 1, "中东": 1, "亚太": 1, "群体": 1, "近在眼前": 1, "携手": 1, "互通": 1, "共享": 1, "一点": 1, "接入": 1, "多渠道": 1, "矢志不渝": 1, "美好": 1, "奋斗": 1, "市调": 1, "显示": 6, "15.7%": 1, "下跌": 1, "11.9%": 1, "后者": 1, "夺": 1, "名号": 1, "成绩": 1, "可喜": 1, "变数": 1, "不利": 3, "因素": 4, "延续": 1, "势头": 2, "出货量": 13, "五成": 1, "三成": 1, "提速": 1, "甚至于": 1, "四季度": 7, "节骨眼": 1, "诸如": 1, "元件": 2, "应付": 1, "所需": 1, "恐怕": 1, "遭受": 1, "负面": 2, "流行": 1, "搜索": 1, "广受": 1, "消息": 2, "指": 1, "缩减": 1, "两成": 1, "趋于": 1, "保守": 1, "vivo": 1, "分食": 1, "二季度": 1, "三季度": 4, "季度": 4, "存疑": 1, "1.02亿": 1, "半数": 2, "发酵": 1, "疑问": 1, "IDC": 2, "5200万": 1, "4690万": 1, "同期": 1, "2520万": 1, "760万": 1, "据此": 1, "推算": 1, "低于": 1, "iPhone": 1, "高峰": 1, "6840万": 1, "6050万": 1, "反超": 1, "夺得": 1, "稳": 1, "老二": 1, "依然": 1, "短": 1, "可望": 3, "颓势": 1, "创新力": 1, "获益者": 1, "夺取": 1, "借此机会": 1, "渺茫": 1, "迎难而上": 1, "从此": 1, "仰人鼻息": 1, "有利于": 1, "长远发展": 1, "风雨": 1, "光明": 1, "央广网": 1, "马欢": 1, "中国之声": 1, "纵横": 1, "宪法": 9, "国会": 6, "剥夺": 4, "公权": 3, "法案": 6, "审判": 3, "团体": 1, "施加": 1, "惩罚": 3, "夏天": 1, "财年": 3, "授权法": 2, "提起": 1, "诉讼": 3, "法庭": 3, "判决": 3, "第889": 5, "违宪": 2, "当地": 1, "28日": 1, "提出": 1, "简易": 2, "动议": 3, "法院": 1, "本质": 1, "立法": 2, "首席": 3, "律师": 2, "众达": 1, "事务所": 1, "合伙人": 1, "Glen": 1, "Nager": 1, "介绍": 1, "立法权": 1, "法律": 10, "权力": 2, "只能": 1, "行政": 4, "针对性": 2, "特定": 2, "财产": 1, "自由": 3, "行使": 1, "司法": 3, "规则": 1, "条款": 4, "正当": 2, "程序": 3, "权": 2, "原则": 2, "合宪性": 1, "发起": 1, "纯属": 1, "争议": 1, "加快": 1, "进度": 1, "起诉书": 1, "资助": 1, "贷款": 1, "典型": 2, "法务官": 1, "宋柳平": 2, "迄今为止": 1, "证据": 2, "假定": 1, "有罪": 1, "辩护": 1, "驳斥": 1, "机会": 1, "收集": 1, "声明": 1, "暴政": 1, "研究院": 2, "学术": 1, "副主任": 1, "张建平": 2, "此举": 1, "社会": 1, "真相": 1, "别国": 1, "不惜": 2, "来讲": 2, "作出": 1, "决策": 1, "精神": 1, "这次": 1, "讨": 1, "民营": 1, "大动干戈": 1, "痛下杀手": 1, "端倪": 1, "12日": 1, "白宫": 1, "部署": 1, "活动": 2, "竞赛": 2, "仗": 1, "中都": 1, "比赛": 1, "研究员": 1, "张燕生": 2, "举动": 1, "东西": 1, "领导力": 1, "建章立制": 1, "颠覆": 1, "制度": 3, "吃亏": 2, "占便宜": 1, "GDP": 1, "2/3": 1, "转型": 1, "培训": 1, "辅导": 1, "意识": 1, "居然": 1, "走到": 1, "落实": 1, "宋": 1, "柳平": 1, "提及": 1, "举国": 1, "动用": 1, "外交": 1, "私营": 1, "公平": 1, "开创": 1, "危险": 1, "先例": 1, "电信业": 1, "损害": 1, "轮到": 1, "所长": 1, "滕建群": 2, "往来": 2, "博弈": 2, "途径": 1, "常态": 1, "限定": 1, "交易": 2, "先入为主": 1, "确实": 1, "战争": 1, "肯定": 1, "奋起直追": 1, "争先": 1, "武器": 1, "守护": 1, "正义": 1, "防线": 1, "无益": 1, "各方": 1, "诚实": 1, "进程表": 1, "该案": 1, "听证会": 1, "SD": 1, "存储卡": 1, "SDA": 1, "Wi-Fi": 1, "蓝牙": 1, "JEDEC": 1, "固态": 1, "成员": 1}