{"记者": 8, "王晶": 1, "编辑": 1, "海妮": 1, "HUAWEI": 47, "Mate": 83, "X折": 1, "叠屏": 10, "手机": 132, "图片": 1, "来源": 2, "：": 25, "每经": 1, "刘春山": 1, "摄继": 1, "三星": 46, "上周": 2, "发布": 39, "品牌": 12, "首款": 16, "折叠": 49, "Galaxy": 21, "Fold": 21, "巴塞罗那": 4, "当地": 3, "时间": 7, "2月": 11, "24日": 7, "华为": 226, "推出": 13, "旗下": 2, "折叠屏": 47, "X": 82, "产品": 22, "款": 29, "5G": 110, "兼具": 3, "项": 7, "黑科技": 8, "售价": 21, "贵出": 3, "高度": 4, "——": 17, "2299": 8, "欧元": 18, "人民币": 8, "17500": 7, "元": 20, "相比": 6, "4000": 2, "发布会": 8, "不少": 1, "网友": 5, "纷纷": 1, "留言": 1, "不乏": 1, "神句": 1, "没钱": 2, "买": 5, "；": 12, "对此": 2, "具名": 2, "分析师": 3, "告诉": 2, "成本": 5, "支持": 31, "功能": 6, "科技": 8, "整合": 3, "价格": 18, "保守": 2, "预估": 2, "年内": 3, "降下": 2, "业界": 6, "早": 4, "厂商": 17, "全球": 23, "内": 7, "提升": 15, "形象": 4, "短期": 2, "低价": 2, "抢占": 2, "市场": 21, "事实上": 2, "因素": 7, "导致": 3, "最终": 7, "近年来": 3, "越来越": 10, "利润": 10, "助力": 2, "树立": 2, "高端": 11, "旗舰": 2, "加持": 1, "迈入": 1, "万元": 1, "阵营": 1, "消费者": 15, "业务": 23, "CEO": 6, "余承东": 23, "介绍": 3, "采用": 30, "鹰翼式": 6, "设计": 41, "自研": 4, "铰链": 11, "技术": 29, "形态": 7, "+": 13, "平板": 16, "合而为一": 1, "展开": 18, "厚度": 18, "5.4": 5, "毫米": 11, "8": 7, "英寸": 16, "闭合": 2, "6.6": 6, "双屏": 4, "搭载": 14, "7nm": 5, "模": 5, "终端": 9, "芯片": 11, "Balong": 4, "5000": 10, "2G": 4, "、": 109, "3G": 4, "4G": 6, "多种": 3, "网络": 22, "制式": 1, "理论": 3, "峰值": 5, "下载": 13, "速率": 8, "快": 13, "4.6Gbps": 6, "举例": 1, "称": 15, "1GB": 6, "电影": 6, "3": 17, "秒钟": 2, "即可": 4, "率先": 2, "同步": 3, "SA": 4, "NSA": 6, "组网": 7, "方式": 8, "运营商": 9, "切换": 1, "SA组网": 3, "无需": 2, "换机": 1, "X售价": 3, "会场": 1, "媒体": 10, "发问": 1, "笑": 1, "答道": 1, "毕竟": 4, "透露": 8, "链条": 2, "多达": 1, "100": 4, "零部件": 2, "工程师": 2, "耗时": 1, "才": 3, "缝隙": 9, "研发": 10, "难度": 2, "很": 12, "Canalys": 1, "贾沫": 1, "现阶段": 1, "开发者": 1, "适配": 1, "显示": 9, "比例": 5, "都": 28, "主导": 3, "用户": 17, "购买": 1, "品类": 1, "牺牲": 1, "稳定性": 1, "易用性": 1, "还要": 5, "花费": 1, "得不偿失": 1, "众所周知": 1, "智能": 16, "拥有": 6, "P系列": 3, "系列": 7, "机型": 2, "自华": 1, "Mate7": 1, "国内": 5, "地位": 4, "此后": 1, "口碑": 1, "升级": 5, "持续": 5, "走高": 1, "如今": 7, "最初": 1, "3000": 3, "档": 1, "上涨": 1, "起步": 2, "突破": 5, "背后": 3, "2018年": 16, "12月": 1, "29日": 1, "2019": 8, "新年": 2, "信中": 2, "提前": 2, "发展": 12, "情况": 4, "收入": 6, "规模": 5, "计算": 2, "同比": 3, "2017年": 3, "增长": 6, "50%": 2, "500亿": 1, "美元": 9, "目标": 4, "2372亿": 1, "增速": 1, "有望": 3, "超过": 7, "3550亿": 1, "516亿": 1, "占据": 3, "集团": 2, "半壁江山": 1, "业绩": 1, "大幅": 2, "内部": 6, "提到": 3, "海外": 5, "高端机": 1, "崛起": 1, "众多": 5, "国家": 9, "销售": 1, "平均": 2, "超": 5, "70%": 1, "旗舰机": 2, "营销": 1, "带动": 1, "知名度": 1, "发力": 3, "追求": 3, "年前": 3, "国产": 8, "认作": 1, "劣质": 1, "抄袭": 1, "代名词": 1, "苹果": 20, "巨头": 2, "差距": 1, "OV": 1, "小米": 5, "代表": 8, "质量": 3, "创新": 12, "体验": 12, "走在": 1, "行业": 5, "前列": 1, "份额": 5, "IDC": 1, "报告": 1, "智能机": 1, "整体": 1, "出货量": 10, "3.97亿": 1, "台": 7, "下滑": 3, "10%": 1, "五大": 1, "含": 1, "荣耀": 1, "OPPO": 6, "vivo": 3, "逆势": 1, "降幅": 1, "高达": 6, "11.7%": 1, "排名": 3, "前四": 1, "位数": 2, "9.1%": 1, "2016年": 1, "连续": 1, "第三": 4, "面临": 1, "竞争": 12, "激烈": 1, "中国": 13, "数量": 1, "侵蚀": 1, "否认": 2, "撼动": 1, "霸主": 1, "调研": 1, "机构": 3, "Counterpoint": 1, "此前": 12, "第二": 9, "季度": 3, "分布": 1, "吃下": 1, "62%": 1, "营收": 2, "占有": 1, "17%": 1, "依次": 1, "8%": 1, "5%": 1, "4%": 1, "3%": 1, "剩余": 1, "1%": 1, "瓜分": 1, "意味着": 3, "绝大多数": 1, "处于": 1, "亏损": 1, "状态": 6, "中高端": 1, "改变": 4, "水平": 2, "薄": 7, "出路": 1, "的确": 2, "希望": 9, "现场": 9, "对标": 1, "直言不讳": 1, "超越": 1, "消息": 5, "紧逼": 1, "试图": 2, "赶超": 1, "2019年": 10, "2.5亿": 1, "2.7亿": 1, "2020年": 1, "挑战": 2, "3亿": 1, "接受": 7, "包括": 12, "在内": 2, "采访": 8, "方向": 3, "每日": 1, "经济": 3, "新闻": 2, "用来": 1, "干什么": 1, "顶配": 1, "iPhone": 5, "xs": 1, "max": 1, "折": 8, "01": 1, "一万七": 1, "确认": 1, "眼神": 1, "心动": 1, "感觉": 1, "注定": 2, "平静": 1, "本次": 1, "世界": 12, "通信": 10, "大会": 7, "MWC": 6, "终于": 3, "亮相": 3, "马上": 1, "科技圈": 1, "炸开": 1, "锅": 1, "柔宇": 3, "配置": 9, "变化": 1, "进一步": 4, "刷新": 1, "官方": 4, "配备": 8, "麒麟": 3, "980": 3, "处理器": 4, "巴龙": 4, "基带": 4, "4500": 5, "mAh": 5, "电池": 16, "容量": 8, "侧面": 1, "指纹": 2, "识别": 3, "徕卡": 2, "三": 3, "摄像头": 6, "一块8": 1, "OLED": 3, "显示屏": 3, "转轴": 4, "外折": 7, "方案": 9, "满满": 1, "美丽": 1, "其8": 1, "GB": 2, "512GB": 7, "版本": 7, "折合": 3, "13299": 1, "预计": 4, "年中": 3, "发售": 3, "资料": 3, "华为史": 1, "贵": 3, "来临": 1, "之际": 1, "元素": 4, "融入": 1, "无疑": 3, "走": 2, "前头": 1, "相比之下": 1, "黯淡": 1, "此次": 5, "新机": 1, "带": 1, "一个": 10, "新时代": 1, "场": 2, "争分夺秒": 1, "究竟": 2, "02": 1, "吊": 1, "直击": 1, "痛点": 3, "提": 1, "日程": 1, "特性": 2, "并非": 1, "一朝一夕": 1, "屏幕": 57, "折痕": 1, "网速": 2, "难点": 1, "看起来": 1, "厚": 3, "横空出世": 1, "迎刃而解": 1, "0-180": 3, "度": 3, "自由": 3, "翻折": 4, "柔性": 6, "折叠处": 1, "二合一": 2, "BG": 2, "总裁": 2, "光是": 1, "研究": 4, "这项": 1, "花": 2, "三年": 1, "iPad": 2, "Pro": 19, "X手": 1, "机主": 1, "一块": 6, "尺寸": 8, "6.38寸": 2, "11": 4, "6s": 1, "机身": 5, "右侧": 2, "条": 3, "厚边": 1, "刚好": 1, "等于": 1, "块": 5, "不管是": 1, "视觉": 3, "起码": 1, "肉眼": 2, "观察": 1, "那般": 1, "笨重": 1, "感受": 1, "秒": 6, "上文": 1, "这是": 6, "双卡": 1, "X所": 1, "麒麟980": 1, "交互": 6, "大屏": 5, "依旧": 2, "划分": 1, "打开": 3, "其三": 1, "30": 6, "分钟": 7, "充电": 40, "85%": 6, "镜像": 3, "智拍": 3, "续航": 7, "新一代": 2, "55": 3, "W华": 1, "超级": 4, "快充": 4, "充满": 2, "券商": 1, "报道": 6, "速度": 11, "同类": 3, "6": 4, "倍": 8, "质": 1, "拍照": 2, "一大": 3, "亮点": 1, "正反面": 1, "当做": 1, "摄影师": 1, "模特": 1, "实时": 2, "预览": 1, "综合": 2, "日趋": 1, "完善": 1, "基础": 4, "友商": 1, "到底": 4, "更胜一筹": 2, "销量": 1, "说话": 1, "伴随": 1, "火热": 1, "上游": 2, "供应商": 6, "影响": 3, "03": 1, "电脑": 9, "凉凉": 1, "木易": 3, "厂商们": 2, "围攻": 1, "！": 8, "文": 1, "到来": 2, "利好": 1, "供应链": 2, "厂家": 4, "引发": 2, "冲击": 1, "猜想": 1, "大街": 1, "贴膜": 1, "小哥": 1, "失业": 1, "伸": 1, "市面": 1, "手机膜": 2, "猜测": 1, "膜": 2, "紧跟": 1, "做出": 1, "回想": 1, "当初": 1, "华强北": 1, "商铺": 1, "套": 1, "又或者": 1, "后续": 3, "压根": 1, "柔派": 1, "集成": 2, "薄膜": 1, "轻薄": 5, "耐用": 1, "取代": 2, "一点": 5, "替代": 3, "办公": 5, "娱乐": 3, "断定": 1, "直观": 1, "讨论": 3, "需求": 6, "人群": 1, "优势": 3, "时代": 1, "车轮": 1, "滚滚": 1, "向前": 1, "拍": 1, "沙滩": 1, "对手": 3, "成熟": 4, "发生": 1, "作者": 2, "(": 13, ")": 12, "期间": 3, "MateBook": 30, "笔记本": 5, "新品": 3, "14": 15, "新款": 7, "仍旧": 2, "金属": 1, "外观": 3, "简约": 1, "时尚": 2, "该机": 4, "重量": 1, "1.33Kg": 1, "14.6": 1, "便携性": 1, "出色": 3, "提供": 11, "深空灰": 1, "皓月": 1, "银两": 1, "配色": 1, "3:2": 1, "13.9": 1, "分辨率": 3, "2000": 2, "100%": 1, "sRGB": 1, "色域": 1, "十点": 2, "触控": 2, "得益": 1, "四面": 2, "窄": 1, "边框": 2, "设计屏": 1, "占比": 2, "91%": 1, "XPS": 1, "恢复": 1, "顶部": 1, "第八代": 2, "Whiskey": 2, "Lake": 2, "英特尔": 2, "酷睿": 1, "i7": 1, "8565": 1, "U": 2, "2GB": 1, "GDDR5": 1, "显存": 1, "NVIDIA": 2, "GeForce": 2, "MX250": 5, "显卡": 4, "应对": 3, "简单": 2, "影音": 2, "图像": 1, "视频": 4, "内容": 3, "表现": 5, "去年": 5, "第四": 1, "13一样": 1, "Huawei": 2, "Share": 2, "3.0": 3, "碰传": 2, "便于": 2, "PC": 1, "传递": 1, "数据": 6, "音效": 1, "HHUAWEI": 1, "杜比": 1, "全景声": 2, "音响": 1, "系统": 2, "Dolby": 1, "Atmos": 1, "Sound": 1, "System": 1, "搭配": 1, "定制化": 1, "高低音": 1, "分频": 1, "四": 6, "扬声器": 1, "接口": 5, "全新": 5, "Thunderbolt": 1, "双向": 1, "传输": 3, "4": 3, "带宽": 1, "40": 2, "Gbps": 1, "外接": 2, "4K": 1, "宽频": 1, "WiFi": 4, "蓝牙": 1, "5.0": 1, "无线": 11, "连接": 1, "13": 3, "屏及": 1, "轻薄化": 1, "2160*1440": 1, "生产": 2, "力屏": 1, "传统": 1, "可视": 1, "面积": 1, "8.4%": 1, "手势": 1, "截屏": 1, "90%": 2, "屏": 3, "小巧": 1, "便携": 2, "酷睿i": 1, "7-8565": 1, "新高": 1, "性能": 3, "TDP": 1, "25W": 1, "3.5": 1, "PCle*4": 1, "SSD": 1, "高速": 1, "固态": 1, "硬盘": 1, "读": 1, "写": 1, "效率": 6, "散热": 2, "鲨鱼": 1, "鳍风扇": 1, "2.0": 2, "仿鲨": 1, "鱼鳍": 1, "滤波": 1, "监控": 1, "整机": 2, "温度": 1, "风扇": 1, "平稳": 1, "风噪": 1, "高效": 1, "57.4": 1, "Wh": 1, "本地": 1, "1080P": 1, "播放": 1, "15": 2, "小时": 4, "/": 13, "网页": 1, "浏览": 1, "10.5": 1, ";": 4, "65": 1, "W充": 2, "电器": 1, "日常": 2, "剪": 1, "贴板": 1, "共享": 2, "USB": 6, "HDMI": 1, "C全": 1, "Audio": 1, "jack": 1, "扩展": 1, "显示器": 1, "键鼠": 1, "设备": 24, "隐藏式": 1, "指纹式": 1, "电源键": 1, "杜": 1, "配合": 1, "符合": 2, "年轻": 1, "选购": 1, "标准": 4, "据悉": 3, "4月": 1, "欧洲": 5, "北美": 1, "亚太": 1, "中东": 1, "地区": 4, "陆续": 1, "上市": 4, "1599": 2, "i5/8GB": 2, "触屏版": 3, "1999": 2, "i7/16GB/1TB/MX250": 1, "1199": 2, "1499": 1, "i7/16GB": 1, "IoT": 2, "CPE": 6, "Win": 2, "Mobile": 2, "拉网线": 1, "畅享": 1, "光纤": 1, "家庭": 1, "宽带": 2, "实测": 1, "3.2Gbps": 1, "超清": 1, "键": 1, "HiLink": 1, "协议": 1, "单品": 1, "简易": 1, "安装": 2, "窗台": 1, "外墙": 1, "室外": 1, "杆子": 1, "解决": 6, "区域": 1, "室内": 1, "信号": 1, "出行": 1, "选择": 11, "随行": 1, "轻松": 2, "放入": 1, "口袋": 1, "1.75万": 1, "西班牙": 2, "X机身": 1, "对称": 1, "外翻": 1, "立刻": 1, "围观": 1, "登上": 1, "热搜": 1, "↓↓↓": 1, "01:27": 1, "取名": 1, "折叠机": 4, "1.1cm": 1, "一分为二": 2, "运行": 3, "5.4mm": 1, "手感": 1, "正面": 2, "吋": 2, "背面": 2, "6.25": 1, "19.5:9": 2, "对比": 1, "4.6": 2, "整整": 2, "圈": 1, "用惯": 1, "很多": 6, "吸引力": 2, "这次": 3, "外折叠": 1, "称之为": 1, "「": 3, "Falcon": 1, "Wing": 1, "」": 3, "声称": 1, "零件": 2, "组件": 1, "申请": 1, "专利": 6, "后方": 1, "凸起": 1, "此处": 1, "有利于": 2, "手": 2, "持握": 1, "撇子": 1, "观望": 1, "观测": 1, "摄": 1, "镜头": 1, "亦可": 1, "前置": 2, "拍摄": 1, "暂时": 2, "公布": 2, "参数": 1, "效果": 3, "震撼": 3, "讲": 1, "少有": 1, "轻薄度": 1, "完成度": 1, "完整": 4, "平坦": 1, "自然": 2, "褶皱": 1, "惊艳如": 1, "难免": 1, "细微": 1, "层": 7, "结构": 2, "关键": 6, "完整性": 3, "一体性": 1, "X铰链处": 1, "塞": 1, "180": 1, "硬生生": 1, "一点点": 1, "矫正": 1, "纯平": 1, "世界级": 1, "领先": 7, "级别": 2, "这不": 1, "尤其是": 1, "X折叠": 1, "演示": 1, "环节": 1, "锁定": 1, "……": 2, "流畅": 1, "真机": 1, "实物": 1, "上手": 1, "公开": 4, "定义": 1, "内置": 3, "天线": 1, "7nm巴龙": 1, "高通X50": 1, "1G": 1, "芯": 1, "独立": 4, "模式": 1, "建网": 1, "初期": 1, "过渡": 3, "到位": 2, "姿势": 1, "本来": 2, "提折": 1, "合计": 1, "W": 2, "5W": 2, "随机": 1, "赠送": 1, "卖": 1, "爆": 1, "充电器": 11, "65W": 1, "输出": 1, "接踵而至": 1, "看清": 1, "主赛道": 1, "里折": 1, "低调": 2, "内敛": 1, "大部分": 1, "操作": 2, "依托": 1, "好处": 1, "在于": 1, "合盖": 1, "印象": 1, "精致": 1, "防护": 1, "装饰性": 1, "减少": 2, "带来": 4, "违和感": 2, "进化": 1, "取舍": 1, "抽离": 1, "演变": 1, "乍": 1, "直觉": 1, "实际上": 2, "轻": 1, "趋势": 1, "提高": 4, "利用": 2, "背部": 1, "熄屏": 1, "工作": 2, "不禁": 1, "联想": 1, "前不久": 1, "演化": 1, "过程": 1, "姿态": 1, "武": 1, "小青": 1, "想": 7, "弱弱": 1, "22日": 1, "下午": 2, "美国": 38, "总统": 2, "特朗普": 15, "椭圆": 1, "办公室": 1, "会见": 1, "副总理": 1, "刘": 1, "鹤及": 1, "参加": 1, "第七": 1, "轮": 2, "美": 2, "经贸": 1, "磋商": 1, "提问": 2, "封杀": 5, "对象": 1, "给予": 1, "肯定": 3, "回应": 8, "@": 1, "日报": 3, "23日": 2, "该报": 1, "昨天": 1, "发": 1, "推特": 4, "6G": 2, "领域": 7, "当下": 2, "先进": 4, "指": 1, "倾向": 1, "公司": 22, "机会": 1, "参与": 5, "人为": 1, "封锁": 3, "别人": 3, "出于": 3, "某种": 2, "借口": 1, "说到": 1, "追问": 1, "挥": 1, "真的": 3, "截图": 1, "发文": 1, "赢": 1, "推文": 2, "点名": 1, "外界": 4, "像是": 1, "任正非": 22, "轮值": 2, "董事长": 2, "胡厚崑": 2, "领英": 1, "建设": 5, "数一数二": 1, "奢华": 1, "科技感": 1, "十足": 1, "13400": 1, "昨晚": 4, "简直": 2, "太": 2, "瞬间": 1, "焦点": 1, "风头": 1, "盖": 1, "火": 3, "算": 1, "带火": 2, "这家": 3, "股价": 3, "涨停": 3, "MATE": 1, "X不管": 1, "客观": 1, "第一": 6, "京东方": 19, "oled": 4, "三星晚": 1, "神速": 2, "后起之秀": 1, "液晶": 1, "出货": 1, "占": 1, "1/4": 1, "三季度": 1, "电子": 3, "居": 1, "成都": 1, "重庆": 1, "建": 1, "第六": 2, "柔": 1, "性oled": 1, "产线": 1, "合作": 12, "视为": 1, "当年": 3, "mate": 5, "9": 2, "故意": 1, "供货": 1, "产量": 1, "低": 2, "mate10": 1, "近年": 1, "很快": 2, "客户": 6, "资金": 1, "充足": 1, "传言": 1, "摆脱": 1, "投资": 7, "多年": 1, "收获": 2, "想象": 1, "卡脖子": 1, "厉害": 1, "据说": 1, "iphone": 1, "一家": 2, "独大": 1, "刚": 1, "早上": 1, "开盘": 1, "飞涨": 1, "信心": 4, "人称": 1, "概念股": 3, "屏贵": 1, "普及": 1, "汇顶": 1, "先机": 1, "大厂": 1, "涨": 2, "跟着": 1, "大哥": 1, "一路": 1, "吃香": 1, "加大": 4, "弯道": 1, "超车": 1, "这样一来": 1, "依赖": 1, "降低": 1, "收益": 1, "感谢": 2, "阅读": 1, "分享": 1, "看法": 1, "寸步不离": 1, "必备": 1, "工具": 1, "有限": 1, "夜间": 1, "电": 1, "保障": 1, "高频率": 1, "一整天": 3, "生活": 2, "节奏": 1, "专业": 1, "浑身": 1, "解数": 1, "努力": 2, "涌现": 1, "突破性": 1, "大幅度": 2, "盘点": 1, "1": 2, "氮化": 3, "镓": 2, "材料": 6, "PD": 3, "GaN": 1, "量产": 1, "新型": 1, "半导体": 1, "转换": 1, "发热量": 1, "镓PDGaN": 1, "体积": 1, "差不多": 1, "5": 4, "电压": 1, "锂电池": 1, "18650": 1, "柱形": 1, "特斯拉": 3, "电动车": 3, "型号": 2, "能量": 2, "密度": 3, "储电量": 1, "松下": 1, "联合": 1, "21700": 1, "锂": 1, "此类": 2, "电芯": 1, "电源": 1, "推广": 1, "C充电口": 2, "IPAD": 1, "VIVO": 1, "未来": 6, "尽快": 1, "统一": 1, "功率": 6, "10W": 1, "15W": 1, "使用户": 1, "享受": 1, "对外": 2, "VOOC": 2, "闪充": 3, "买到": 2, "便宜": 4, "第三方": 5, "50W": 1, "7": 2, "功夫": 1, "40W": 2, "体现": 3, "雄厚": 1, "科研": 1, "实力": 2, "反向": 2, "之间": 3, "相互": 1, "区分": 1, "原装": 1, "充电线": 3, "廉价": 2, "还好": 1, "C": 1, "Lightning": 1, "将来": 2, "形势": 1, "氮化镓": 1, "晚间": 1, "名为": 1, "定价": 2, "17498": 2, "=": 1, "7.6112": 1, "),8+512GB": 1, "!": 3, "惊艳": 2, "毫无疑问": 1, "热": 1, "自信": 1, "谦虚": 1, "X到底": 1, "无限": 1, "拓款": 1, "视野": 1, "边界": 1, "轻轻": 1, "单手": 1, "掌控": 1, "独创": 1, "开合": 1, "有度": 1, "有质": 1, "单边": 1, "摊平": 2, "6.9": 2, "主屏": 1, "幕怒": 1, "切角": 1, "分屏": 1, "互动": 1, "界面": 1, "X合": 1, "留": 1, "指出": 2, "场景": 2, "通勤": 1, "看重": 1, "尽量": 1, "针对": 5, "工程师们": 1, "打造": 2, "变形": 1, "金刚": 1, "折叠态": 1, "大小": 2, "出发": 1, "基于": 2, "柔性屏": 3, "资源": 1, "设置": 3, "主流": 2, "直板": 1, "8:7.1": 1, "屏具": 1, "小心": 1, "朝外": 1, "对抗": 1, "摔": 1, "考验": 1, "耽误": 1, "保护套": 1, "二:5G": 1, "这部": 1, "卡槽": 2, "相关": 2, "均": 3, "系数": 1, "X搭载": 1, "NSA/SA": 1, "三:30": 1, "有线": 3, "55W": 2, "疾速": 2, "将近": 2, "强劲": 2, "X拥有8G": 1, "存加": 1, "512G": 1, "存储": 1, "秒杀": 1, "保护": 5, "隐私": 2, "私密": 1, "身份": 4, "信息": 5, "加密": 2, "2G/3G/4G": 2, "SUPI": 1, "攻击": 3, "形式": 1, "发送": 1, "防范": 2, "复制": 1, "机制": 2, "攻击者": 1, "篡改": 2, "用户面": 1, "关注": 1, "后置": 1, "自拍": 1, "昂贵": 1, "炫目": 1, "可不": 1, "碾压": 1, "599": 1, "MIX35G": 1, "刚刚": 3, "20日": 1, "折叠式": 1, "1980": 2, "13288": 1, "梁华": 2, "近日": 2, "评估": 1, "端": 4, "签订": 2, "30多": 1, "商用": 2, "合同": 3, "发货": 2, "3万多": 1, "基站": 4, "持有": 1, "2570": 1, "投入": 6, "2009年": 1, "部署": 2, "思考": 1, "下一代": 1, "作出": 1, "贡献": 1, "接入": 2, "MIMO": 1, "刀片式": 1, "产业界": 1, "产业链": 4, "受益": 2, "提振": 1, "群智": 1, "咨询": 1, "90万": 1, "预测": 1, "更多": 2, "国金": 1, "证券": 1, "20万": 1, "业内": 2, "人士": 3, "推折": 1, "面板": 2, "迎来": 1, "契机": 1, "评论": 1, "经济网": 1, "标题": 1, "俄": 1, "媒": 1, "印度": 22, "跟风": 1, "运动": 2, "物美价廉": 2, "放弃": 3, "参考": 3, "消息网": 2, "俄罗斯": 1, "专家": 2, "周刊": 1, "网站": 1, "刊文": 1, "凶狠": 1, "打压": 1, "遭遇": 2, "人口": 2, "大国": 1, "拒绝": 1, "该国": 3, "政治家": 1, "电信": 11, "领导层": 1, "宣称": 1, "危险": 1, "论据": 1, "不以为然": 1, "争执": 1, "诧异": 1, "大无畏": 1, "精神": 1, "乐观主义": 1, "原因": 4, "低廉": 1, "寻找": 1, "协会": 1, "主席": 1, "拉占·马修斯": 1, "解释": 1, "观点": 1, "外交": 1, "考量": 1, "驱使": 1, "文章": 7, "主战场": 1, "华盛顿": 2, "发起": 3, "斗争": 1, "决定性": 1, "日前": 2, "中国人": 1, "搞": 1, "阴谋": 1, "论调": 1, "迹象": 1, "柏林": 1, "未": 2, "找到": 1, "间谍": 1, "活动": 1, "丝毫": 1, "痕迹": 1, "打算": 1, "德国": 5, "无论如何": 1, "比不上": 1, "13亿": 1, "近些年": 1, "掀起": 1, "互联网": 2, "热潮": 2, "数亿": 1, "接触": 1, "社交": 1, "归功": 1, "政府": 3, "有意": 1, "设施": 2, "至少": 2, "1000亿": 1, "外国": 3, "分析": 1, "投资额": 1, "300亿": 1, "金额": 1, "庞大": 1, "消费": 1, "能力": 5, "被迫": 1, "节省": 1, "一分钱": 1, "何种": 1, "理由": 2, "采购": 1, "高通": 1, "印度人": 2, "感到": 1, "信服": 1, "必需": 1, "估值": 1, "数千亿": 1, "30%": 1, "德尔奥罗": 1, "远": 1, "诺基亚": 1, "爱立信": 2, "15%": 1, "20%": 1, "也就是说": 1, "测试": 2, "敲定": 1, "伙伴": 1, "龙头": 1, "企业": 6, "沃达丰": 1, "委托": 1, "经济体": 1, "浩大": 3, "工程": 1, "投标者": 1, "讨好": 1, "服务": 1, "品质": 2, "超支": 1, "西方": 4, "礼貌": 2, "听": 1, "意见": 1, "听到": 2, "听从": 1, "两回事": 1, "惊讶": 1, "摘要": 1, "一连串": 2, "声势": 2, "悄然": 2, "突围": 2, "腾讯": 2, "深网": 2, "康晓": 1, "发自": 1, "所有人": 2, "视线": 1, "聚焦": 1, "X上": 1, "阴霾": 1, "重回": 1, "理想": 1, "商业": 8, "轨道": 1, "加拿大": 1, "扣留": 1, "女儿": 1, "孟晚舟": 1, "不利": 1, "举措": 1, "为由": 1, "说服": 2, "欧美": 1, "各国": 2, "切断": 1, "发言人": 1, "虚假": 1, "声誉": 1, "困扰": 1, "如果说": 1, "事件": 1, "爆发": 1, "忍让": 1, "求和": 1, "事态": 1, "愈演愈烈": 1, "著称": 1, "展现": 4, "强硬": 2, "战斗力": 1, "公关": 2, "反击战": 2, "先礼后兵": 2, "反击": 2, "亲自": 1, "波": 2, "刚柔并济": 1, "公关战": 2, "1月": 1, "16日": 1, "深圳": 1, "总部": 1, "CNBC": 2, "彭博社": 1, "金融": 1, "时报": 1, "华尔街": 1, "知名": 1, "国际": 2, "传达": 3, "遵守": 2, "法律": 2, "立场": 1, "外交部": 1, "正式": 3, "澄清": 1, "强制": 1, "后门": 1, "从未": 1, "收到": 1, "不当": 1, "请求": 1, "中心": 1, "规则": 1, "涉及": 1, "致力于": 1, "站": 1, "伤害": 1, "利益": 1, "盟国": 1, "审查": 1, "意义": 1, "大胆": 1, "削减": 1, "税收": 1, "工业": 2, "补充": 1, "成功": 1, "高科技": 1, "单一": 1, "支撑": 1, "外部": 1, "对话": 1, "沟通": 1, "开放": 2, "透明": 1, "困难": 2, "碰到": 1, "十多": 1, "十几": 1, "仓促": 1, "局面": 1, "不行": 1, "窃取": 1, "知识": 2, "产权": 2, "指控": 1, "87,805": 1, "11152": 1, "核心": 1, "授权": 1, "达成": 1, "交叉": 1, "许可": 1, "尊重": 2, "足够": 1, "诚意": 1, "收手": 1, "随后": 1, "诸多": 1, "刁难": 1, "18日": 2, "前夕": 1, "英国": 8, "广播": 1, "段": 1, "独家": 1, "专访": 1, "亮": 1, "东方亮": 1, "黑": 1, "北方": 1, "南方": 1, "一部分": 1, "首次": 1, "流露": 1, "强势": 2, "盟友": 1, "澳大利亚": 1, "新西兰": 1, "国": 1, "禁止": 3, "警告": 1, "离开": 1, "办法": 1, "扼杀": 1, "随时": 1, "缩减": 1, "谈": 2, "英": 2, "信任": 3, "巧合": 1, "此番": 1, "发言": 3, "尽可能": 1, "加紧": 1, "落后": 1, "甩": 1, "身后": 1, "获胜": 1, "再次": 1, "态度": 1, "幽默": 1, "大人物": 2, "原本": 1, "常人": 1, "谈论": 1, "影响力": 1, "谢谢": 1, "提携": 1, "公平": 3, "赢得": 3, "期待": 1, "言行": 1, "回到": 1, "擅长": 1, "赛道": 1, "不得已而为之": 1, "长期": 1, "民众": 1, "打破": 2, "孤立": 2, "环球网": 1, "CNN": 2, "节目": 3, "投票": 3, "打击": 1, "19日": 1, "账号": 1, "24%": 1, "61%": 1, "政治": 1, "13%": 1, "2%": 1, "连线": 1, "嘉宾": 1, "罗伯特": 1, "观众": 1, "聪明": 1, "想错": 1, "转移": 1, "大规模": 2, "对待": 1, "内政部长": 1, "Horst": 1, "Seehofer": 2, "电信法": 1, "适用于": 1, "RND": 1, "引用": 1, "保守党": 1, "社会": 1, "民主党": 1, "会议": 1, "人员": 2, "控制": 2, "排除": 1, "意大利": 2, "计划": 2, "工业部": 1, "份": 2, "声明": 2, "无意": 1, "措施": 1, "法国": 1, "参议院": 1, "否决": 1, "旨在": 1, "检查": 1, "立法": 1, "统计": 1, "立于不败之地": 1, "底气": 1, "所在": 1, "MWC秀": 1, "肌肉": 1, "丁耘": 1, "5G端": 1, "推动": 1, "生态": 1, "迄今为止": 1, "5G商": 1, "18": 1, "累计": 1, "4万": 1, "具备": 1, "今日": 2, "ICT": 2, "展区": 7, "The": 1, "Village": 1, "主题": 1, "GSMA": 1, "城市": 2, "G端": 1, "案例": 1, "最新": 2, "实践": 2, "场景化": 1, "五星": 1, "宽": 1, "云网": 1, "融合": 3, "物联网": 1, "全云化": 1, "引入": 1, "全栈": 1, "全场": 1, "景AI": 1, "自动": 1, "驾驶": 1, "无处不在": 1, "联接": 2, "无所不及": 1, "数字": 2, "平台": 2, "三大": 1, "维度": 1, "展示": 1, "AI": 2, "Wi-Fi": 1, "Ocean": 1, "Stor": 1, "Dorado": 1, "闪存": 1, "面向": 1, "智慧": 2, "瞩目": 1, "一体化": 1, "55W快充": 1, "前沿": 1, "物种": 1, "开启": 1, "钥匙": 1, "屏笔": 1, "记本": 1, "屏轻": 1, "Pro路": 1, "由器": 1, "8GB": 2, "i5+8GB": 1, "MX250+Touch": 1, "i7+16": 1, "1TB+MX250+Touch": 1, "起价": 2, "999": 1, "50亿": 1, "520亿": 1, "美金": 1, "2.06亿": 1, "1亿": 1, "可穿戴": 1, "120%": 1, "335%": 1, "先于": 1, "21日": 1, "反响": 1, "不同点1": 1, "值得": 1, "兼容": 1, "Sub-6GHz": 1, "波段": 1, "架构": 2, "Not": 1, "Standalone": 2, "阶段": 2, "称为": 1, "终极": 1, "不同点2": 1, "间隔": 2, "切口": 1, "高分子": 1, "保护层": 1, "弯曲": 2, "软胶": 1, "支撑片": 1, "一道": 1, "集合": 1, "数学": 1, "物理学": 1, "材料学": 1, "多门": 1, "学科": 1, "成败": 1, "原理": 1, "到子": 1, "模块": 1, "表面": 1, "尝试": 1, "实验": 1, "验证": 1, "重复": 1, "攻克": 1, "难题": 1, "背对": 1, "背": 1, "长": 1, "平整": 1, "部件": 1, "不同点3": 1, "GalaxyFold": 1, "众人": 1, "调侃": 1, "搬砖": 1, "17": 1, "相较之下": 1, "6.38": 1, "来到": 1, "寸": 2, "2480": 1, "7.3": 1, "来得": 1, "不同点4": 1, "下方": 1, "仅仅": 1, "与目共睹": 1, "判断": 1, "电功率": 1, "不同点5": 1, "MateX": 1, "2600": 1, "中期": 1, "高于": 2, "大V": 1, "爆料": 1, "供货商": 1, "争议": 1, "高昂": 1, "产能": 1, "受限": 1, "甚嚣尘上": 1, "华为已脚": 1, "前脚": 1, "全然": 1, "大众": 1, "惊叹": 1, "魅力": 1, "头部": 1, "入局": 1, "走向": 1, "预想": 1, "规模化": 1, "围绕": 1, "板块": 1, "双双": 1, "共计": 1, "10": 1, "逾": 1, "个股": 1, "股": 2, "启动": 1, "低位": 1, "登录": 1, "选": 1, "股宝": 1, "主题库": 1, "查阅": 1, "*": 2, "免责": 1, "供": 1, "建议": 1, "风险": 2, "提示": 1, "股市": 1, "入市": 1, "谨慎": 1}