{"接二连三": 1, "！": 40, "一个": 12, "大事": 1, "近期": 1, "发生": 2, "华为": 126, "身上": 1, "有空": 1, "建议": 1, "花": 1, "三": 9, "分钟": 3, "看一看": 1, "。。。": 5, "一1": 1, "、": 29, "刚刚": 1, "正式": 4, "公布": 3, "5G": 29, "实时": 2, "上网": 3, "速率": 2, "11.4": 1, "Gbps": 1, "；": 15, "这是": 4, "概念": 1, "秒": 3, "解读": 1, "秒钟": 1, "传输": 1, "速度": 6, "1.425G": 1, "下载": 3, "手机": 75, "电影": 4, "G": 1, "1.4": 1, "接近": 3, "美国": 9, "倍": 4, "英国": 12, "发声": 2, "：": 37, "未来": 5, "网络": 10, "通讯": 3, "设备": 8, "带来": 1, "潜在": 1, "风险": 2, "可控": 1, "北京": 1, "时间": 5, "2019年": 5, "2月": 2, "21日": 1, "邀请": 1, "伦敦": 2, "2019": 3, "世界": 3, "大会": 1, "预沟": 1, "通会": 1, "现场": 2, "全体": 1, "民众": 1, "演示": 1, "多方": 1, "视频": 1, "通话": 2, "电信": 4, "公司": 3, "Three": 1, "UK": 1, "签下": 1, "20亿": 1, "英镑": 1, "合作": 2, "协议": 1, "折合": 1, "人民币": 7, "超过": 3, "170亿": 1, "元": 6, "运营商": 3, "O2": 1, "签署": 1, "地点": 1, "测试": 1, "合同": 2, "商EE": 1, "沃达丰": 1, "对外": 1, "排除": 2, "在外": 1, "也就是说": 4, "差不多": 2, "拿下": 1, "87%": 2, "市场": 10, "份额": 1, "3": 2, "资料": 1, "显示": 6, "30多": 1, "国家": 6, "商用": 1, "18": 1, "全球": 7, "公认": 1, "经济": 2, "实力": 6, "科技": 4, "排名": 1, "数一数二": 1, "欧洲": 3, "不知不觉": 1, "熟悉": 2, "2018年": 1, "西方": 3, "各国": 1, "信誓旦旦": 1, "联手": 1, "围剿": 2, "花费": 1, "高价": 1, "不用": 2, "抑制": 1, "画面": 2, "全都": 2, "！！！": 2, "技术": 11, "面前": 1, "关乎": 1, "命脉": 1, "发展": 7, "背景": 1, "誓言": 1, "不攻自破": 1, "犹": 1, "记得": 3, "任正非": 2, "前不久": 1, "豪言壮语": 1, "傻": 1, "不得不": 2, "想到": 2, "这一切": 1, "真的": 2, "二能": 1, "遭天": 1, "磨": 1, "真汉": 1, "招": 1, "人妒": 1, "庸才": 1, "依然": 3, "去年": 5, "7月": 1, "臭名昭著": 1, "五": 5, "眼": 3, "联盟": 3, "发起": 1, "场": 1, "前所未有": 1, "阻止": 1, "中国": 3, "巨头": 2, "下一代": 1, "无线": 3, "供应": 1, "澳大利亚": 2, "加拿大": 4, "新西兰": 4, "情报": 1, "组织": 1, "简称": 1, "攻击": 1, "猛烈": 1, "迅捷": 1, "18年": 4, "8月": 1, "23日": 1, "为由": 2, "发布": 6, "禁令": 2, "11月": 1, "27日": 1, "下达": 1, "12月": 2, "1日": 1, "CFO": 1, "孟晚舟": 3, "温哥华": 1, "转机": 1, "无端": 1, "拘扣": 1, "10日": 1, "日本": 5, "中兴": 1, "产品": 21, "政府": 1, "采购": 1, "清单": 1, "理由": 2, "盟友": 1, "统一": 1, "步调": 1, "仅仅": 1, "相隔": 1, "事情": 1, "迎来": 1, "转折": 1, "？？？": 1, "白旗": 2, "三大": 2, "交给": 1, "占领": 1, "举起": 1, "总理": 1, "排斥": 1, "参与": 1, "建设": 1, "媒体": 1, "禁": 1, "赔惨": 1, "思考": 1, "定义": 1, "还要": 2, "封锁": 1, "。。。。": 1, "CNN": 1, "直言": 1, "打击": 1, "搅乱": 1, "计划": 1, "耽误": 1, "特朗普": 2, "都": 19, "反戈": 1, "前天": 1, "推特": 1, "亲自": 1, "呼吁": 1, "加快": 1, "加大": 1, "竞争": 2, "领域": 1, "胜利": 1, "封杀": 4, "更为": 1, "先进": 3, "点名": 1, "刚": 1, "国际": 3, "新闻": 1, "第10": 1, "11": 4, "瘫痪": 2, "当天": 3, "禁用": 2, "因果": 1, "联网": 1, "打电话": 1, "和发": 1, "信息": 4, "处于": 1, "状态": 5, "晚上": 2, "才": 4, "断断续续": 1, "软银": 1, "通信": 1, "故障": 1, "一半": 1, "岛民": 1, "收": 1, "4G": 3, "信号": 1, "公用电话机": 1, "排起": 1, "长": 1, "队": 1, "陷入": 1, "恐慌": 1, "之中": 1, "欧盟": 1, "老大": 1, "德国": 1, "发表": 1, "公开": 1, "言论": 1, "修改": 1, "法律": 1, "抓": 2, "垮": 2, "就算": 2, "面对": 1, "记者": 1, "言语": 1, "刁难": 1, "掷地有声": 1, "底气": 1, "十足": 1, "说出": 1, "段": 1, "!": 1, "打铁": 1, "硬": 1, "核心": 1, "敌人": 2, "千": 1, "排挤": 1, "百般刁难": 1, "无济于事": 1, "狠": 1, "反击": 1, "拳": 1, "回身": 1, "对方": 2, "脚": 1, "拼": 1, "你死我活": 1, "全世界": 1, "联合": 1, "抵制": 1, "想": 3, "拒绝": 1, "发现": 4, "选": 3, "何等": 3, "从容": 1, "霸气": 1, "自信": 1, "强任": 1, "清风": 1, "抚": 1, "山岗": 1, "横任": 1, "横": 1, "明月": 1, "大江": 1, "互联网": 1, "热点": 1, "24日": 1, "21点华": 1, "旗下": 2, "首款": 5, "——": 2, "Mate": 58, "X": 48, "外观": 3, "碾压": 1, "苹果": 5, "三星": 18, "尖叫": 1, "X号": 1, "称": 1, "xx": 1, "折叠屏": 15, "采用": 10, "外折": 3, "叠": 1, "设计": 20, "展开": 12, "尺寸": 7, "8": 3, "英寸": 9, "折叠": 43, "相当于": 2, "双屏": 1, "内": 3, "翻": 1, "折": 1, "叠屏": 2, "向外": 1, "翻开": 1, "摄像头": 7, "安放": 1, "屏幕": 35, "边缘": 1, "X将": 1, "搭载": 5, "麒麟980": 1, "处理器": 2, "内置": 2, "巴龙": 3, "5000": 3, "基带": 2, "功能": 2, "官方": 2, "宣传": 1, "说法": 1, "快": 5, "宣称": 1, "X会": 1, "年中": 1, "上市": 2, "很": 17, "期待": 2, "X定价": 1, "2299": 5, "欧元": 5, "17000": 2, "多元": 1, "下调": 2, "价格": 12, "竟然": 2, "卖": 2, "终于": 3, "黯然失色": 1, "国产": 2, "只能": 4, "低端": 1, "机器": 1, "做出": 1, "高端机": 1, "代表": 3, "民族": 1, "品牌": 2, "崛起": 2, "一步步": 3, "研发": 3, "逼近": 1, "超越": 1, "领先": 1, "努力": 2, "中国人": 2, "荣耀": 3, "路": 2, "作者": 3, "水": 1, "木然": 1, "称之为": 2, "元年": 1, "小米": 1, "纷纷": 1, "展示": 1, "今晚": 1, "再次": 1, "款": 15, "17498": 2, "起步": 1, "诞生": 2, "MateX折叠": 1, "请": 2, "mateX": 9, "真机": 1, "上手": 1, "外折叠": 1, "此前": 3, "Galaxy": 12, "Fold": 12, "方案": 6, "感到": 1, "惊艳": 2, "有过之而无不及": 1, "6.6": 2, "主屏": 1, "+": 4, "6.38": 2, "辅屏": 1, "无缝": 1, "对接": 1, "大屏": 4, "笔者": 1, "曝光": 1, "mateX折叠": 1, "智能": 9, "太": 4, "差异": 1, "只不过": 1, "机身": 10, "厚度": 7, "确实": 5, "变大": 1, "单边": 1, "5.4mm": 1, "算是": 1, "兴起": 1, "后续": 1, "改进": 1, "空间": 1, "完善": 1, "独创": 1, "转轴": 3, "鹰翼式": 1, "0-180": 1, "度": 2, "自由": 1, "翻折": 1, "翻转": 1, "效果": 1, "出色": 4, "形态": 1, "变化": 1, "切换": 1, "自如": 1, "平展": 1, "开来": 1, "背部": 2, "暗藏玄机": 1, "柔性": 1, "屏": 3, "关键": 1, "所在": 1, "值得一提的是": 1, "对称": 2, "右侧": 1, "凸起": 2, "边框": 3, "变得": 1, "方式": 4, "块": 4, "半": 1, "操作": 2, "额外": 1, "副屏": 1, "颜值": 1, "简洁": 1, "硬件": 3, "配置": 5, "爆料": 1, "7nm": 1, "模": 1, "芯片": 2, "麒麟": 2, "980": 2, "提升": 2, "体验": 1, "数据": 1, "4.6Gbps": 1, "峰值": 1, "1GB": 1, "支持": 13, "NSA/SA": 1, "组网": 1, "第一": 4, "厉害": 1, "地方": 2, "4500": 3, "mAh": 3, "电池": 5, "55W快充": 1, "30": 2, "充电": 8, "85%": 2, "未必": 1, "现货": 5, "开放": 1, "加价": 1, "抢购": 1, "看法": 2, "越来越": 3, "用户": 5, "遗忘": 1, "厂商": 9, "难": 1, "逃脱": 1, "国内": 3, "号召力": 1, "推出": 3, "十几": 1, "内存": 1, "外壳": 1, "材质": 1, "长足": 1, "字": 1, "折磨": 1, "幸好": 1, "影响力": 2, "晚": 2, "热度": 5, "Mate20": 12, "Pro": 13, "半年": 1, "早就": 1, "关注": 3, "这两年": 1, "快速": 2, "大众": 1, "有目共睹": 1, "强大": 1, "科研": 1, "能力": 3, "战略": 1, "抛弃": 4, "扛鼎之作": 1, "综合": 1, "可谓": 1, "强悍": 3, "整体": 3, "高大上": 1, "感觉": 2, "消费者": 5, "吐槽": 2, "贵": 5, "依旧": 2, "阻碍": 1, "选择": 4, "脚步": 1, "加上": 3, "导致": 1, "很多": 1, "或许": 1, "无奈": 1, "毕竟": 2, "前期": 1, "事件": 1, "糟糕": 1, "如今": 2, "降低": 3, "流出": 1, "话语": 1, "岁月": 3, "退场": 1, "回来": 2, "本身": 2, "参数": 4, "前潮": 1, "好好": 1, "入手": 1, "价值": 3, "高端": 1, "旗舰机": 2, "曲面": 2, "刘": 1, "海屏": 1, "成熟": 3, "瑕疵": 1, "背面": 4, "一块": 2, "3D": 2, "玻璃": 1, "稳重": 1, "品质感": 1, "全新": 2, "工艺": 1, "加持": 1, "后盖": 1, "抗污": 1, "提高": 2, "浴霸": 1, "摄": 2, "系列": 1, "标志": 2, "IP": 1, "68": 1, "级别": 2, "防水": 1, "屏下": 1, "指纹": 3, "机构": 1, "解锁": 1, "40W": 3, "超级": 3, "快充": 5, "黑科技": 1, "程度": 1, "丝毫": 1, "负": 1, "安卓": 1, "机皇": 1, "名": 1, "拍照": 1, "展现": 1, "光学": 1, "变焦": 2, "混合": 1, "2.5": 1, "cm": 1, "微距": 1, "摄影": 1, "超": 1, "广角": 1, "手持": 1, "夜拍": 1, "102400": 1, "ISO": 1, "镜头": 2, "优化": 2, "成像": 2, "多么": 1, "4200": 1, "配备": 2, "15W": 1, "反向": 1, "可选性": 1, "竞争力": 1, "激烈": 1, "机型": 2, "不甘示弱": 1, "接下来": 1, "分析": 1, "V20": 1, "标准版": 2, "蛮": 1, "低": 1, "日常": 1, "玩": 1, "游戏": 1, "站": 1, "顶点": 1, "优势": 4, "不大": 2, "压力": 2, "势头": 1, "值得": 2, "回复": 1, "讨论": 1, "申明": 1, "本文": 1, "独家": 1, "原创": 1, "分享": 1, "评论": 1, "收藏": 1, "转发": 1, "未经": 1, "禁止": 1, "抄袭": 1, "违者": 1, "追究": 1, "版权": 1, "侵犯": 1, "责任": 1, "图片": 1, "均": 1, "来自于": 1, "侵权": 1, "本人": 1, "谢谢": 1, "型号": 1, "不错": 2, "高达": 3, "换算": 1, "17500": 2, "1980": 1, "美金": 1, "13400": 1, "不少": 2, "篇": 1, "文章": 1, "汇总": 1, "信息点": 1, "～": 1, "————": 2, "下图": 11, "样子": 4, "窄": 2, "刘海": 2, "穿孔": 1, "取消": 1, "传统": 1, "意义": 2, "前置": 4, "相机": 13, "稍后": 1, "余承东": 1, "手": 1, "握住": 1, "部位": 1, "凸": 2, "...": 3, "在握": 1, "&": 1, "两面": 1, "大小": 3, "iPhone": 2, "XS": 2, "Max": 2, "对比": 6, "4.6": 1, "宽": 1, "额头": 1, "下巴": 1, "斜": 1, "扬声器": 1, "接口": 2, "位置": 2, "清晰": 1, "电源键": 2, "音量": 1, "键": 1, "整合": 2, "传感器": 1, "脸部": 1, "识别": 1, "估计": 2, "SIM": 4, "卡卡槽": 1, "握杠": 1, "一侧": 2, "双卡双待": 1, "卡": 3, "装存": 1, "储卡": 1, "毫米": 3, "缝隙": 3, "不同于": 1, "得益": 2, "结构": 1, "拥有": 2, "100": 1, "部件": 1, "新款": 1, "iPad": 1, "EMUI": 1, "系统": 3, "多任务": 1, "实用性": 1, "正反面": 2, "后置": 2, "用来": 2, "自拍": 4, "别人": 1, "保护壳": 1, "保护套": 2, "保护膜": 2, "伸缩": 1, "戴上": 1, "照片": 1, "1": 1, "有线": 1, "55W": 2, "自带": 1, "充电器": 3, "6": 1, "容量": 3, "有趣": 1, "65": 1, "W": 1, "功率": 1, "意味着": 3, "USB": 1, "C": 1, "电脑": 7, "笔记本": 1, "转换": 1, "一万七千多": 1, "8GB": 2, "512GB": 2, "年年": 1, "希望": 1, "便宜": 1, "一点": 1, "概念机": 1, "证明": 1, "可期": 1, "这不": 1, "科幻": 1, "时代": 1, "即将": 1, "来临": 1, "一句话": 1, "诚": 1, "欺": 1, "MWC": 1, "期间": 1, "当下": 1, "阶段": 1, "秀出": 1, "平台": 2, "克服": 1, "难关": 1, "世界级": 1, "顶级": 3, "地位": 1, "截然不同": 1, "创意": 1, "配": 1, "屏供": 1, "第二": 1, "情况": 6, "屏占比": 1, "代价": 1, "正面": 1, "枚": 1, "放": 2, "条": 1, "台阶": 2, "状凸": 1, "区域": 3, "模组": 1, "充电口": 1, "弯曲": 1, "恰好": 1, "放入": 1, "之下": 1, "这时候": 3, "美观性": 1, "控制": 1, "看起来": 1, "纤薄": 2, "自动": 2, "息屏": 1, "调整": 1, "区别": 1, "侧边": 1, "理念": 2, "流派": 1, "作品": 1, "东西": 1, "很难说": 1, "自然": 1, "给力": 1, "实际上": 2, "打开": 1, "小屏": 1, "铰链": 1, "合闭": 2, "毫无疑问": 2, "一体感": 1, "细节": 1, "整机": 1, "成绩": 1, "厚": 1, "同类": 1, "分摊": 1, "薄处": 1, "5": 1, "业界": 1, "徕卡": 1, "水平": 1, "旗舰": 2, "不相伯仲": 1, "海思": 1, "存储": 1, "组合": 1, "毫安": 1, "实话": 1, "算": 1, "足以": 1, "X电量": 1, "无忧": 1, "售价": 4, "海外": 1, "预计": 1, "中期": 1, "发售": 1, "肯定": 1, "国行": 1, "发布会": 1, "开发": 1, "布会": 1, "层": 1, "难得": 1, "X内置": 1, "4": 1, "天线": 2, "攻克": 1, "放置": 1, "赘述": 1, "简单": 1, "炫技": 1, "业务": 1, "里程碑": 1, "工作": 1, "铺平": 1, "道路": 1, "友商们": 2, "慌": 1, "现阶段": 2, "都会": 1, "倒": 1, "喝彩声": 1, "友商": 1, "惊慌失措": 1, "现阶": 1, "段折": 1, "高高在上": 1, "备货量": 1, "无缘": 1, "命名": 1, "X毫无疑问": 1, "消费级": 1, "RS": 1, "在意": 1, "台": 1, "出货量": 1, "指望": 1, "营收": 1, "主力": 1, "同理": 1, "背后": 1, "供应链": 2, "明天": 1, "形象": 1, "宣示": 1, "对手": 1, "早前": 1, "到来": 1, "影响": 1, "平板": 5, "近年来": 1, "冲击": 1, "一蹶不振": 1, "来到": 1, "7": 1, "体积": 1, "收缩": 1, "具备": 1, "小体积": 1, "特性": 1, "简直": 1, "致命": 1, "一击": 1, "庆幸": 1, "普及": 1, "喘气": 1, "长远": 1, "行业": 2, "淘汰": 1, "列表": 1, "距离": 1, "末日": 1, "无疑": 1, "好头": 1, "品类": 1, "前景": 1, "不止": 1, "必定": 1, "标配": 1}