{"华为": 223, "事件": 3, "持续": 2, "发酵": 1, "芯片": 11, "巨头": 5, "支持": 17, "挺住": 1, "！": 4, "国产": 2, "骄傲": 2, "这几年": 2, "发展": 11, "段": 5, "时间": 9, "日子": 2, "艰难": 3, "美国": 26, "压力": 3, "多方": 1, "合作": 21, "恶意": 2, "终止": 3, "业务": 9, "生产": 6, "中断": 1, "停止": 1, "这是": 1, "危机": 6, "拿出": 1, "一万": 1, "倍": 1, "努力": 2, "才能": 3, "化解": 1, "这次": 6, "来自于": 3, "企业": 15, "内部": 2, "外部": 1, "为止": 1, "任正非": 1, "尽力": 1, "团队": 1, "制定": 1, "相关": 3, "措施": 1, "寻找": 2, "解决": 2, "方案": 2, "细节": 1, "打压": 5, "消息": 8, "中国": 12, "传开": 1, "很多": 11, "网友": 8, "都": 16, "担心": 5, "选择": 8, "主动": 1, "断绝": 2, "关系": 4, "以此": 2, "响应": 2, "号召": 1, "态度": 3, "至关重要": 1, "撇清": 1, "台湾": 1, "台积电": 18, "股东": 2, "会议": 3, "董事长": 2, "禁令": 4, "不公平": 2, "对待": 2, "订单": 9, "还要": 1, "出货": 1, "掌声": 1, "交情": 1, "实在": 1, "难得": 1, "网络": 13, "流传": 1, "提供": 6, "评论": 2, "服务": 3, "违背": 1, "对此": 3, "大部分": 2, "气愤": 1, "太": 2, "宽": 1, "证实": 1, "依然": 3, "希望": 2, "认清": 1, "位置": 1, "站": 2, "利益": 1, "做出": 2, "决策": 2, "往前": 1, "走": 4, "鼓励": 1, "货源": 1, "保证": 1, "全球": 14, "百分之七十": 1, "基本上": 2, "高通": 2, "骁龙": 1, "系列": 4, "苹果": 13, "A系列": 1, "太过": 1, "精力": 1, "5G": 61, "建设": 6, "推动": 1, "科技": 6, "技术": 19, "未来": 10, "腾飞": 1, "系统": 45, "谷歌": 8, "更新": 2, "备胎": 3, "计划": 2, "即将": 1, "上线": 3, "手机": 24, "加工": 1, "合作商": 1, "意见": 1, "看法": 5, "文章": 1, "下方": 1, "留言": 3, "点击": 1, "右上角": 1, "头像": 1, "关注": 3, "小编": 1, "获取": 1, "信息": 3, "城": 2, "大国": 3, "力挺": 4, "反超": 3, "诺基亚": 3, "重回": 3, "第一": 12, "去年": 1, "公布": 2, "年度": 1, "财报": 1, "市场": 25, "份额": 10, "下降": 1, "老": 1, "对手": 2, "三星": 5, "惊人": 1, "排名": 1, "之上": 1, "客观": 1, "原因": 5, "影响": 7, "封禁": 2, "动用": 1, "他国": 1, "、": 11, "交易": 1, "迫使": 1, "发达": 5, "国家": 16, "一部分": 1, "通往": 1, "路上": 2, "孤军奋战": 1, "不久前": 1, "俄罗斯": 9, "电信": 7, "MTS": 3, "正式": 2, "签约": 4, "代表": 3, "讯息": 1, "全国": 1, "品牌": 6, "运营商": 3, "公司": 34, "光是": 2, "国内": 11, "用户": 7, "超过": 4, "六千七百多万": 1, "不仅仅": 2, "许许多多": 1, "想要": 1, "建立": 1, "纷纷": 4, "英国": 3, "EE": 1, "六": 1, "城市": 1, "开通": 1, "四十": 1, "协议": 1, "毕竟": 5, "通讯": 4, "否认": 1, "先机": 1, "快": 3, "必将": 1, "一个": 15, "时代": 7, "带来": 1, "变革性": 1, "开头": 1, "42": 1, "签订": 1, "合同": 4, "欧洲": 2, "25": 1, "签下": 1, "一下子": 2, "反超诺基亚": 1, "想": 3, "占比": 2, "大幅度": 2, "增长": 2, "设备": 14, "填补": 2, "空缺": 1, "自然": 5, "赢得": 2, "更多": 1, "众多": 3, "惧": 1, "威胁": 4, "之下": 3, "看中": 1, "实力": 8, "一千六百多": 1, "项": 2, "专利": 2, "关键": 2, "名列": 1, "强劲": 1, "利用": 2, "赢家": 2, "6G": 1, "很": 10, "遥远": 1, "落后": 1, "一大": 1, "截": 1, "不得不": 4, "处于": 3, "初期": 2, "阶段": 1, "长": 1, "路": 1, "竞争": 2, "期间": 1, "为难": 1, "充足": 1, "强大": 5, "发光点": 1, "收益": 2, "用于": 2, "前沿": 2, "研究": 4, "领先": 5, "封锁": 2, "风口浪尖": 1, "外人": 1, "重点": 2, "有为": 1, "担忧": 1, "坐等": 1, "倒下": 1, "稳重": 1, "前行": 1, "大好": 1, "莫过于": 1, "鸿蒙": 34, "生态": 2, "构建": 2, "开路": 1, "搭桥": 1, "正向": 1, "国内外": 3, "安卓": 10, "开发者": 2, "商店": 2, "上架": 1, "APP": 3, "直面": 1, "Google": 1, "Play": 1, "培养": 2, "习惯": 1, "配合": 1, "完整": 1, "生态圈": 1, "此前": 1, "余承东": 1, "兼容": 2, "Web": 1, "无需": 1, "适用于": 1, "操作": 7, "打造": 1, "全新": 1, "键": 1, "搬家": 1, "运行": 1, "更为": 1, "惊喜": 1, "软件": 3, "搬至": 1, "流畅度": 4, "提升": 7, "24%": 1, "能力": 3, "44%": 1, "三方": 1, "60%": 1, "断供": 2, "打残": 1, "反而": 2, "逼出": 1, "疯狂": 1, "屈服": 1, "愈": 2, "勇": 1, "开辟": 1, "一个个": 1, "阵地": 1, "1.": 1, "报道": 6, "预计": 3, "9月": 3, "推出": 13, "Mate": 3, "30": 2, "搭载": 4, "亮相": 1, "网上": 1, "曝光": 1, "界面": 1, "EMUI": 1, "神似": 1, "也就是说": 3, "惯": 1, "快速": 3, "上手": 1, "毫不费力": 1, "切换": 1, ".": 1, "电视": 11, "箭在弦上": 1, "上市": 2, "波": 1, "销量": 6, "1000万": 3, "台": 10, "显示": 3, "面板": 2, "采用": 3, "京东方": 1, "55": 3, "英寸": 6, "自研": 3, "3.2021年": 1, "汽车": 4, "日本": 4, "厂商": 2, "展开": 1, "早": 4, "2021年": 1, "自动": 2, "驾驶": 2, "重蹈": 1, "当年": 1, "塞班": 1, "WP": 1, "覆辙": 1, "P30": 1, "拍": 1, "电影": 1, "悟空": 2, "初": 1, "辟本无性": 1, "打破": 2, "冥": 1, "顽须": 1, "答案": 2, "联想": 23, "担当": 2, "辉煌": 2, "慢慢": 1, "消散": 1, "口碑": 2, "从前": 1, "实实在在": 1, "中科院": 1, "背景": 1, "科研": 2, "人员": 1, "簇拥": 1, "创立": 2, "柳传志": 1, "带领": 1, "一路": 1, "高歌": 1, "一度": 2, "世界": 1, "PC": 1, "销售": 2, "冠军": 1, "丢掉": 1, "平板": 4, "数据": 5, "仅仅": 1, "剩下": 1, "2.4%": 1, "面对": 1, "糟糕": 1, "局面": 1, "想到": 4, "2018年": 3, "电脑": 4, "三大": 2, "祸从口出": 1, "身上": 1, "合适": 2, "CEO": 1, "杨元庆": 3, "不合时宜": 1, "说出": 2, "惹怒": 1, "国人": 4, "说道": 1, "做好": 1, "事情": 2, "针对": 1, "引来": 1, "一阵": 1, "愕然": 1, "近期": 4, "冠上": 1, "叛徒": 1, "称号": 1, "随之": 1, "业绩": 2, "发话": 2, "时机": 1, "一季度": 2, "出货量": 2, "13万": 1, "名": 2, "228万": 1, "零头": 1, "看好": 3, "144万": 1, "排": 1, "第二": 5, "差距": 1, "迅猛": 1, "导致": 2, "暴跌": 2, "因素": 1, "重视": 2, "创新": 3, "追求": 1, "电子": 4, "产品": 11, "行业": 6, "服装业": 1, "餐饮店": 1, "资金": 6, "研发": 10, "产业": 1, "不用说": 1, "最终": 5, "主导": 1, "必定": 1, "拥有": 1, "自主": 3, "投入": 1, "投资": 4, "潜心": 1, "测试": 7, "危机感": 1, "有意": 1, "示好": 1, "依旧": 2, "开发": 1, "传出": 1, "打算": 3, "款": 6, "取代": 3, "半路": 2, "杀出": 2, "极光": 9, "暂停": 2, "不少": 5, "海外": 2, "逼": 1, "无奈": 1, "许久": 1, "秋季": 1, "出言": 1, "届时": 1, "随后": 1, "透露": 2, "垄断": 1, "打通": 1, "不用": 1, "卡脖子": 1, "外媒": 2, "媒体": 1, "轮值": 1, "郭平和": 1, "联邦": 1, "数字": 1, "部长": 1, "可能性": 2, "真的": 2, "两手": 2, "心中": 1, "到时候": 1, "如今": 3, "明朗": 1, "如果说": 2, "放弃": 4, "真实": 1, "或许": 4, "官方": 1, "只能": 1, "才": 4, "工信部": 2, "发放": 3, "商用": 5, "牌照": 3, "落地": 1, "推广": 1, "指日可待": 1, "通信": 4, "国际": 2, "认可": 1, "BBC": 1, "电视台": 1, "直播": 1, "观众": 1, "直观": 1, "感受": 2, "速度": 4, "崛起": 1, "程度": 1, "国力": 1, "兴起": 1, "西方": 1, "眼里": 1, "件": 2, "好事": 1, "科学技术": 1, "联盟": 1, "断交": 1, "遏制": 1, "脚步": 1, "怯弱": 1, "马上": 2, "放出": 1, "将要": 1, "兵来将挡水来土掩": 1, "做法": 1, "成功": 3, "击退": 1, "组织": 1, "力量": 1, "外界": 2, "丝毫": 1, "跟随": 1, "大流": 1, "格力": 1, "董明珠": 1, "富士康": 1, "举足轻重": 1, "地位": 4, "实际上": 2, "一家": 3, "外企": 1, "为首": 1, "占股": 1, "80%": 1, "待遇": 1, "领导": 1, "敢于": 1, "抗住": 1, "公开": 2, "发表": 1, "声明": 1, "展现": 1, "早就": 2, "有心": 1, "下定": 1, "决心": 1, "7": 1, "年前": 1, "想必": 2, "全年": 1, "营收": 2, "数额": 1, "10%": 1, "海思": 4, "客户": 1, "轻易": 1, "手中": 1, "不止": 1, "核心": 3, "智能": 3, "改革": 1, "发挥": 1, "作用": 1, "一点": 1, "狠": 1, "不妨": 1, "留言区": 1, "谈一谈": 1, "俗话说": 1, "红": 1, "是非": 1, "匹": 1, "冲出": 1, "东方": 1, "黑马": 1, "我国": 5, "明星": 1, "成就": 1, "有目共睹": 1, "处处": 1, "树敌": 1, "一步步": 1, "壮大": 1, "抵制": 2, "取消": 1, "安卓Q": 1, "升级": 2, "权限": 1, "种种": 1, "迹象": 1, "眼中钉": 1, "肉": 1, "中刺": 1, "狂奔": 1, "大有": 1, "暴风雨": 1, "退": 1, "算": 1, "输": 2, "值得": 2, "忍心": 1, "坎坷": 1, "小路": 1, "行走": 1, "越来越": 7, "高校": 1, "伸出": 1, "援手": 1, "相爱": 1, "相杀": 1, "宿敌": 1, "小米": 9, "主力军": 1, "平日": 1, "回": 1, "互不相让": 1, "遇难": 1, "落井下石": 1, "前段": 1, "米家": 1, "新品": 1, "行车": 3, "记录仪": 3, "网友们": 1, "惊讶": 2, "居然": 1, "搭配": 2, "处理器": 3, "巧合": 1, "商场": 1, "都会": 1, "配件": 1, "创始人": 1, "雷军": 2, "：": 1, "确实": 2, "期待": 3, "看样子": 1, "不打不相识": 1, "浙江": 2, "大学": 5, "清华": 2, "正面": 2, "讲话": 1, "告诉": 1, "毕业生们": 1, "舞台": 1, "金子": 1, "发光": 1, "事业": 1, "添砖加瓦": 1, "几日": 1, "清华大学": 1, "校长": 1, "邱勇": 1, "接待": 1, "战略": 5, "研究院": 1, "院长": 1, "徐文伟": 1, "人才": 1, "撰写": 1, "一方有难": 1, "八方支援": 1, "民族": 2, "传统": 3, "美德": 1, "发生": 1, "塞翁失马": 1, "焉知非福": 1, "步伐": 1, "铿锵": 1, "战友": 1, "消费者": 1, "实质性": 1, "加油": 1, "点赞": 2, "没关系": 1, "诋毁": 1, "最前线": 1, "福": 1, "祸": 1, "秋天": 1, "入手": 1, "体验": 2, "评论区": 1, "说起": 1, "揪心": 1, "实体": 1, "清单": 1, "算是": 1, "产业链": 1, "各国": 1, "设备商": 2, "规模": 1, "庞大": 1, "正是": 2, "长期": 1, "伙伴": 6, "负面": 1, "欣慰": 1, "百分之百": 1, "领域": 6, "减轻": 1, "伤害": 1, "10月份": 1, "意识": 1, "超前": 1, "主打": 1, "彰显": 1, "发布": 2, "内": 1, "青睐": 1, "前不久": 1, "官宣": 1, "截止": 1, "6月": 1, "6日": 1, "46": 1, "基站": 3, "发货量": 2, "10万": 2, "均": 1, "居于": 1, "首位": 2, "值得一提的是": 1, "声援": 2, "Three": 2, "UK": 2, "发言人": 1, "近日": 2, "韩国": 1, "第三": 3, "LG": 2, "Uplus": 2, "难": 1, "制造商": 1, "替换": 1, "接连力": 1, "挺": 1, "典型": 1, "签署": 1, "披露": 1, "采购": 3, "核心网": 1, "占到": 1, "本次": 1, "51%": 1, "位居": 2, "终端": 5, "1.51万": 1, "包含": 1, "1.01万": 2, "5000": 3, "CPE": 2, "拿下": 2, "含有": 1, "接近": 1, "一半": 1, "不难": 1, "发现": 1, "G": 1, "此事": 1, "干": 1, "漂亮": 1, "小伙伴们": 1, "交流": 1, "落实": 1, "瞩目": 1, "宣称": 1, "大门": 1, "打开": 2, "来讲": 2, "推手": 1, "据悉": 1, "30多": 1, "超越": 1, "当初": 2, "许下": 1, "诺言": 1, "彩电": 3, "低调": 1, "部署": 2, "缜密": 1, "精于": 1, "消费": 4, "涉猎": 1, "足够": 2, "扎实": 1, "热销": 1, "尺寸": 1, "卡位": 1, "准确": 1, "2019年": 4, "65": 3, "大屏": 1, "十二": 1, "线下": 1, "零售量": 1, "占": 2, "12.9%": 1, "零售额": 1, "25.0%": 1, "32.9%": 1, "目标": 2, "对准": 1, "独到": 1, "见解": 1, "出手": 1, "杀招": 1, "定位": 2, "领导者": 1, "具备": 1, "组网": 1, "唯一": 2, "端": 2, "+": 2, "高清": 1, "视频": 2, "场景": 1, "驱动力": 1, "差异化": 1, "需求": 2, "此次": 2, "进军": 2, "双线": 1, "荣耀": 1, "分析": 1, "细分": 1, "层级": 1, "有的放矢": 1, "布局": 2, "产品线": 1, "较为": 1, "单一": 1, "短板": 1, "针对于": 1, "方针": 1, "秉持": 1, "乐观": 1, "谨慎": 1, "玩家": 1, "口": 1, "吃": 1, "蛋糕": 1, "优势": 4, "超高清": 2, "内容": 2, "制作": 1, "数量": 1, "2019": 1, "下半年": 1, "新机": 3, "层出不穷": 1, "旗舰": 5, "不可逾越": 1, "三": 2, "座": 1, "大山": 1, "新秀": 1, "表现": 1, "优异": 1, "大幅": 1, "季度": 1, "注定": 1, "厮杀": 1, "时刻": 2, "巅峰": 1, "对决": 1, "发布会": 1, "顶级": 1, "iPhone": 6, "11": 1, "走量": 1, "机型": 3, "XR2": 1, "Mate30": 9, "尚未": 1, "锁定": 1, "9月份": 1, "十月份": 1, "脚": 1, "当下": 1, "爆料人": 1, "iPhone11": 5, "选": 1, "外观": 4, "设计": 4, "好看": 1, "商务": 1, "近年": 1, "多种": 1, "时尚": 1, "配色": 2, "层次": 1, "延续": 1, "Mate20": 1, "正版": 1, "风格": 1, "机身": 1, "刘": 2, "海屏": 2, "转向": 2, "居中": 1, "孔屏": 1, "背部": 1, "矩阵": 1, "后置": 1, "摄像头": 1, "模组": 1, "屏": 1, "怦然心动": 1, "多元化": 1, "占据": 1, "配置": 1, "向来": 2, "流畅": 2, "征服": 1, "土崩瓦解": 1, "优化": 2, "GPU": 1, "Turbo": 1, "4.0": 1, "版本": 2, "最新": 1, "方舟": 1, "编译器": 1, "不绝于耳": 1, "友好": 1, "梦想": 1, "卖点": 1, "买": 1, "价格": 1, "高端": 1, "相比": 2, "定价": 4, "灵活": 1, "良心": 1, "吃尽苦头": 1, "意味着": 1, "降价": 1, "7000": 1, "3999": 1, "元": 3, "起步": 2, "功能性": 1, "上吊": 1, "媲美": 1, "潜力股": 1, "社会": 1, "日新月异": 1, "2G": 1, "短短": 1, "向前": 2, "发张": 1, "感到": 2, "实行": 1, "软银": 5, "孙正义": 3, "禁止": 1, "售卖": 1, "联手": 1, "毫不犹豫": 1, "站队": 1, "日裔": 1, "商人": 1, "顾及": 1, "难道": 1, "可惜": 1, "盟友": 1, "团结": 1, "将来": 1, "从中": 2, "好处": 1, "抛售": 2, "阿里": 5, "79亿": 1, "股份": 2, "声称": 1, "降低": 1, "负债": 3, "水平": 1, "增加": 1, "灵活性": 1, "扩张": 1, "逾上": 1, "千亿": 1, "出售": 1, "套现": 1, "540亿": 1, "盘活": 1, "项目": 1, "互联网": 5, "超强": 1, "敏锐度": 1, "高瞻远瞩": 1, "超前性": 1, "思维": 1, "促成": 1, "明智": 1, "缔造": 1, "帝国": 1, "家里": 1, "贫穷": 1, "祖籍": 1, "祖辈": 1, "移居": 1, "明白": 1, "生活": 1, "艰辛": 1, "认定": 1, "读书": 1, "困境": 1, "出路": 1, "成绩": 1, "班": 1, "名列前茅": 1, "读": 1, "高中": 1, "机会": 2, "过程": 1, "有声": 1, "翻译机": 1, "电子厂": 1, "老板": 1, "4000万": 1, "日元": 1, "购买": 1, "这样一来": 1, "信心": 1, "再次": 1, "增强": 1, "相继": 1, "德语": 1, "法语": 1, "翻译": 1, "空手套白狼": 1, "方式": 1, "小小": 1, "年纪": 1, "赚到": 1, "人生": 1, "当中": 1, "200万": 1, "目的": 1, "财富": 1, "快车道": 1, "从此": 1, "接踵而至": 1, "物质": 1, "诱惑": 1, "扑": 1, "学业": 1, "加州": 1, "计算机": 1, "学士": 1, "学位": 1, "结束": 1, "求学": 1, "生涯": 1, "求知欲": 1, "成立": 1, "前景": 1, "调研": 1, "卖给": 1, "合伙人": 1, "很快": 1, "赞下": 1, "笔": 1, "创业": 1, "基金": 1, "带": 1, "积攒": 1, "回到": 1, "考察": 1, "刚": 1, "零件": 1, "买卖": 1, "生意": 1, "开销": 1, "账面": 1, "挑战": 1, "激励": 1, "员工": 1, "树立": 1, "五": 1, "年内": 1, "营业额": 1, "100亿": 1, "形势": 1, "激烈": 1, "站不住脚": 1, "创办": 1, "宣传": 1, "杂志": 1, "效果": 1, "积压": 1, "仓库": 1, "货品": 1, "差": 1, "尝试": 1, "欠": 1, "屁股": 1, "债": 1, "预期": 1, "危难": 1, "之际": 1, "刚刚": 1, "天下": 1, "花": 1, "重金": 1, "参加": 1, "展览会": 1, "当天": 1, "知名度": 1, "起色": 1, "拿到": 1, "名品": 1, "代理权": 1, "登陆": 1, "资本": 1, "身价": 1, "10亿": 1, "美元": 2, "涉及": 1, "倾囊相助": 1, "丰厚": 1, "回报": 1, "股票": 1, "怀疑": 1, "还债": 1, "收购": 1, "Sprint": 1, "损失": 1, "上千亿": 1, "首富": 1, "跌落": 1, "神坛": 1, "1000亿": 1, "不禁": 1, "王健林": 1, "……": 1}