{"近日": 2, "网上": 2, "流传": 2, "华为": 253, "裁员": 13, "消息": 4, "官方": 13, "否认": 2, "笔者": 5, "无从": 2, "考证": 3, "真实性": 1, "平台": 10, "规则": 1, "内部": 8, "论坛": 6, "爆料": 4, "包括": 4, "公司": 20, "制度": 1, "员工": 5, "编": 1, "互联网": 2, "职场": 5, "发帖": 1, "吐槽": 2, "天天": 3, "沟通": 1, "感言": 1, "负能量": 2, "对内": 2, "疯狂": 2, "压榨": 2, "对外": 4, "粉饰太平": 2, "瞬间": 1, "网友": 6, "围观": 1, "议论": 1, "先来": 1, "都": 22, "19": 2, "届": 4, "试用期": 2, "转正": 3, "劝退": 1, "这几天": 1, "砍": 1, "面积": 2, "不大": 1, "届生": 2, "年中B": 1, "放过": 1, "蔓延": 1, "苗头": 1, "很": 11, "询问": 1, "狠": 1, "国民": 1, "企业": 9, "城市": 3, "部门": 9, "手机": 56, "卖": 2, "辞退人": 1, "钱": 4, "就业率": 1, "定期": 2, "淘汰": 1, "引进": 1, "新鲜": 1, "血液": 1, "只能": 3, "爱国": 5, "牛": 1, "司": 1, "公关部": 1, "心灵": 1, "鸡汤": 1, "不行": 1, "改": 1, "行业": 6, "水壶": 1, "沸腾": 2, "没准": 1, "上市": 3, "！": 3, "屌": 1, "炸天": 1, "感觉": 4, "头条": 2, "横扫": 1, "国际": 1, "巨头": 1, "离职": 4, "年菊厂": 1, "两万": 2, "声称": 1, "减员": 1, "代表处": 2, "裁剪": 1, "指标": 1, "合同": 5, "到期": 1, "不续": 1, "活着": 1, "找": 2, "茬儿": 1, "逼": 2, "走": 4, "主动": 2, "挽救": 1, "一个": 18, "兄弟": 1, "听说": 1, "很多": 7, "10%": 1, "国内": 8, "风气": 1, "带坏": 1, "……": 2, "狼性狗性": 1, "讲": 1, "人性": 1, "忽然": 1, "后怕": 1, "挣": 1, "赶走": 1, "18": 1, "匿名": 1, "那种": 1, "真实": 1, "心声": 3, "满满": 1, "离开": 2, "活": 2, "美国": 30, "制裁": 8, "国外": 2, "市场": 19, "非洲": 1, "地区": 3, "业务": 17, "归零": 1, "一大": 2, "群": 1, "拼": 1, "下班": 1, "时间": 5, "气氛": 2, "紧张": 1, "终端": 30, "社招": 1, "憋": 1, "转岗": 1, "加班": 2, "等级": 2, "绩效": 1, "同事": 1, "十几万年": 1, "终奖": 1, "眼红": 1, "招好": 1, "停": 1, "评B": 1, "B+": 2, "年终": 1, "奖": 1, "B": 1, "+": 6, "三": 4, "忽悠": 1, "13.14": 1, "增评": 2, "18年": 1, "B和B": 1, "默契": 1, "极少": 3, "也就是说": 1, "绝大部分": 1, "年终奖": 1, "低": 3, "级别": 2, "工资": 1, "本来": 1, "恶心": 1, "幸灾乐祸": 1, "升级": 2, "升到": 1, "15": 2, "天知道": 1, "13": 1, "14": 1, "三年": 2, "默默": 1, "：": 12, "事实": 1, "想": 4, "告诉": 1, "未来": 14, "危机": 2, "越来越": 3, "稍微": 2, "努力": 1, "突破": 1, "时代": 3, "结束": 3, "如今": 3, "不仅仅": 3, "涉及": 4, "唯一": 1, "维稳": 1, "千万": 2, "轻易": 1, "跳槽": 1, "随时": 2, "把握": 1, "住": 1, "岗位": 1, "动态": 1, "本职": 1, "工作": 2, "做好": 1, "前提": 2, "学习": 2, "相关": 5, "技能": 1, "寒冬": 2, "总会": 1, "必定": 1, "倒": 1, "希望": 4, "人别": 1, "生活": 6, "负面": 1, "缠": 1, "清醒": 1, "有条有理": 1, "才": 2, "殷实": 1, "全球": 25, "实力": 5, "影响力": 1, "眼里": 1, "多年": 2, "坚定不移": 1, "奋斗": 1, "目标": 1, "孜孜不倦": 1, "耕耘": 1, "脱": 1, "关系": 1, "算是": 4, "一分耕耘一分收获": 1, "世界": 4, "平白无故": 1, "随随便便": 1, "成功": 7, "风云": 2, "人物": 2, "想必": 1, "想到": 3, "创始人": 4, "任正非": 36, "带领": 3, "一路": 1, "走向": 2, "辉煌": 1, "核心": 8, "掌舵人": 2, "余承东": 24, "销量": 2, "第二": 6, "无线": 1, "欧洲": 2, "第一": 10, "成绩": 2, "他用": 1, "证明": 2, "能力": 12, "价值": 2, "年轻": 2, "名字": 1, "熟知": 2, "李一": 18, "男": 19, "这位": 6, "属实": 1, "天才": 4, "少年": 3, "岁": 5, "考入": 1, "华中": 1, "理工": 1, "少年班": 1, "23岁": 1, "研究生": 1, "毕业": 2, "正式": 3, "入职": 1, "短": 1, "内": 3, "展现": 3, "技术": 26, "破格": 1, "提拔": 2, "主任": 1, "工程师": 1, "协助": 2, "高层": 3, "产品": 22, "开发": 13, "过程": 3, "欣赏": 1, "年轻人": 4, "思路": 2, "清晰": 1, "出众": 2, "评论": 1, "情同父子": 2, "仅仅": 1, "24": 1, "50": 3, "随和": 1, "人员": 4, "研发": 15, "交换机": 5, "抢占": 1, "电信": 2, "销售": 3, "8亿": 1, "元": 5, "款": 14, "五十多": 1, "国家": 5, "权威": 1, "数据": 8, "显示": 5, "参与": 3, "决策": 1, "C&C08": 1, "型": 1, "超过": 10, "1.3亿": 1, "端口": 1, "全球史": 1, "销售量": 1, "科技": 8, "二等奖": 1, "殊荣": 1, "知名度": 1, "提升": 8, "25": 2, "总工程师": 1, "研究部": 1, "总裁": 7, "位置": 2, "27": 1, "股份": 3, "低于": 1, "郑宝用": 1, "元老": 1, "倡导": 1, "下华": 1, "服务器": 1, "选择": 12, "GSM": 1, "发展": 13, "路线": 2, "路上": 1, "顺利": 1, "稳扎稳打": 1, "变强": 1, "年后": 1, "自我": 1, "羽翼": 1, "丰满": 1, "创业": 1, "期间": 3, "带": 1, "设备": 13, "在外": 1, "创立": 1, "据称": 1, "名": 5, "主管": 1, "程度": 2, "闹翻": 1, "爱护": 1, "欢送": 1, "深圳": 2, "设立": 2, "豪华宴": 1, "召集": 1, "监级": 1, "饯行": 1, "并非": 2, "空穴来风": 1, "想法": 1, "万万": 1, "信任": 2, "叛出": 2, "抢": 1, "生意": 1, "挖走": 1, "科研": 1, "人才": 3, "创造": 1, "摆脱": 1, "占山": 1, "王": 1, "一度": 1, "受挫": 2, "再次": 2, "挑战": 2, "试图": 2, "运营": 1, "商光": 1, "传输": 1, "激怒": 1, "底线": 1, "费力": 1, "压制": 1, "梦": 2, "破灭": 2, "高价": 1, "出售": 2, "溃败": 1, "收购": 1, "回到": 1, "头衔": 2, "依旧": 2, "副总裁": 2, "兼": 1, "首席": 2, "科学家": 1, "芯片": 10, "项目": 2, "海思": 7, "麒麟": 2, "雏形": 1, "前身": 1, "冷落": 1, "最终": 4, "光鲜": 1, "变动": 1, "百度": 1, "CTO": 1, "12580": 1, "CEO": 6, "投资": 5, "合伙人": 2, "时期": 1, "惹上": 1, "牢狱": 1, "灾": 1, "出狱": 1, "获刑": 1, "担任": 1, "高管": 3, "董事": 3, "结局": 1, "唏嘘": 1, "假设": 1, "别人": 1, "人生": 1, "猜想": 1, "当年": 2, "留": 1, "成就": 1, "也许": 1, "伯乐": 2, "终究": 1, "明白": 1, "道理": 1, "真的": 3, "难找": 1, "对此": 1, "有望": 2, "揭开": 3, "鸿蒙": 71, "操作": 39, "系统": 89, "神秘": 5, "面纱": 3, "备受": 2, "瞩目": 2, "开发者": 28, "大会": 23, "今日": 5, "下午": 4, "东莞": 4, "松山湖": 10, "揭幕": 2, "此次": 3, "为期": 3, "半": 4, "8月": 13, "11日": 4, "会上": 2, "揭晓": 3, "EMUI": 13, "10.0": 10, "、": 96, "搭载": 13, "鸿鹄": 4, "818": 4, "智慧": 20, "荣耀": 13, "智慧屏": 9, "基于": 7, "虚实": 3, "融合": 3, "全新": 5, "数字": 4, "现实": 5, "黑科技": 7, "率先": 2, "亮相": 6, "会议": 2, "议程": 3, "发布": 17, "主题": 5, "联万物": 1, "融": 1, "发布者": 1, "消费者": 13, "软件": 3, "王成录": 2, "此前": 2, "新浪": 1, "转发": 1, "用户": 9, "打破": 3, "边界": 3, "体验": 13, "自在": 1, "流转": 1, "并称": 1, "解密": 1, "视频": 3, "提到": 4, "8日": 3, "预热": 2, "海报": 5, "配文": 2, "互联": 7, "搭建": 2, "无缝": 3, "畅连": 2, "条": 3, "写": 2, "EMUI10": 2, "道路": 2, "无限": 2, "延伸": 2, "连接": 3, "各处": 2, "角落": 2, "并未": 1, "过多": 1, "透露": 3, "细节": 4, "猜测": 1, "引入": 2, "分布式": 14, "解决": 5, "跨": 3, "协同": 2, "场景": 12, "互通": 1, "本次": 5, "智慧化": 4, "战略": 7, "展示": 1, "服务": 15, "联盟": 1, "项": 2, "方案": 2, "开放": 8, "HMS": 3, "(": 4, ")": 4, "面向": 6, "智能": 12, "AI": 2, "HUAWEI": 2, "HiAI": 1, "生态": 22, "伙伴": 7, "家居": 4, "HiLink": 1, "OEM": 1, "厂商": 2, "提供": 9, "车载": 1, "HiCar": 1, "第三方": 1, "分发": 1, "HAG": 1, "旗下": 2, "HONOR": 2, "剧透": 2, "屏": 9, "电视": 7, "家庭": 5, "入口": 2, "交互": 4, "中心": 13, "跨屏": 2, "IoT": 3, "控制": 2, "影音": 3, "娱乐": 4, "分析": 1, "可能性": 4, "后者": 1, "10日": 1, "一同": 1, "人士": 2, "预测": 1, "一日": 1, "登场": 1, "揭秘": 1, "参会": 1, "现场": 4, "报名": 1, "分批": 1, "30": 3, "分钟": 2, "旅": 1, "带来": 2, "视觉": 1, "见所未见": 1, "官网": 2, "介绍": 9, "此项": 1, "该项": 1, "据悉": 2, "历史": 2, "上规模": 3, "中高层": 1, "专家": 1, "围绕": 3, "出行": 3, "领域": 3, "200多": 2, "分享": 2, "产业链": 2, "1500": 3, "合作": 11, "5000": 5, "探讨": 3, "爆款": 2, "A股": 1, "概念股": 1, "开幕": 1, "前夕": 1, "集体": 1, "拉升": 1, "收盘": 1, "东山": 2, "精密": 4, "沪电": 2, "深南": 2, "电路": 2, "立讯": 2, "涨幅": 1, "均": 2, "5%": 1, "滤波器": 1, "供应商": 5, "PCB": 1, "印刷": 1, "线路板": 1, "连接器": 1, "来源": 1, "上海": 1, "证券报": 1, "蓝鲸": 1, "教育": 3, "9日": 6, "讯": 1, "张平安": 3, "HDC.2019": 1, "年底": 1, "落地": 2, "覆盖": 3, "K-12": 1, "全年": 3, "龄段": 1, "全品类": 1, "内容": 1, "截至": 1, "2019年": 3, "7月": 2, "注册": 3, "增长": 9, "91万": 1, "同比": 7, "幅度": 1, "102%": 1, "；": 12, "接入": 1, "Core": 1, "115%": 1, "数量": 1, "4.3万": 1, "170": 1, "月活": 1, "3.7亿": 1, "增": 2, "95%": 1, "累计": 1, "下载": 1, "3500亿": 1, "94%": 1, "上架": 1, "800": 1, "快": 6, "环境": 5, "工具": 1, "3": 3, "上线": 1, "千呼万唤": 1, "琵琶": 1, "遮": 1, "终于": 1, "全称": 1, "HarmonyOS": 2, "微内核": 5, "全场": 2, "景分": 1, "布式OS": 1, "发布会": 3, "有限": 2, "常务": 1, "安卓": 25, "1亿": 1, "代码": 4, "内核": 7, "2000万": 1, "用到": 3, "8%": 1, "推出": 3, "概念": 1, "针对": 2, "硬件": 4, "采用": 12, "架构": 5, "部署": 4, "效率": 3, "流畅": 4, "3月": 1, "初": 1, "提华": 1, "自研": 4, "5月": 8, "下旬": 1, "商标": 2, "坐实": 2, "面对": 6, "中国": 11, "公众": 4, "热情": 4, "冷处理": 1, "方式": 2, "Google": 7, "禁用": 1, "GMS": 3, "争端": 1, "语焉不详": 2, "舆论": 10, "升温": 1, "和解": 1, "称": 6, "设计": 9, "好像": 1, "演": 1, "空城计": 1, "大众": 9, "情绪": 7, "设置": 1, "之下": 1, "玩弄": 1, "分化": 2, "爱": 1, "恨": 1, "极端": 1, "浪潮": 1, "压力": 1, "一向": 2, "回避": 2, "媒体": 19, "变身": 1, "话痨": 1, "国内外": 1, "各家": 3, "打起": 1, "车轮战": 1, "塑造": 2, "理性": 1, "商业": 5, "形象": 5, "品牌": 12, "向红": 1, "黑": 3, "红旗": 2, "飘处": 1, "被迫": 2, "回应": 8, "拨回": 2, "2018年": 2, "11月": 2, "剧本": 1, "指挥": 1, "接下来": 1, "路": 1, "就算": 1, "CFO": 1, "孟晚舟": 3, "先知先觉": 1, "提前": 1, "躲开": 1, "加拿大": 2, "警方": 1, "前往": 1, "阿根廷": 1, "依然": 12, "列入": 4, "实体名单": 4, "困境": 1, "裹挟": 1, "1": 5, "PK": 1, "惊涛骇浪": 1, "低调": 1, "行事": 1, "接受": 9, "采访": 10, "迟早": 1, "应对": 4, "1月": 4, "15日": 2, "17日": 2, "群访": 2, "刚": 2, "春节": 1, "BBC": 1, "CBS": 1, "专访": 1, "CNN": 1, "CTV": 1, "自由": 1, "背后": 1, "捣鬼": 1, "收手": 1, "——": 7, "管制": 1, "阻碍": 1, "进货": 1, "频繁": 2, "发声": 1, "雅虎": 1, "财经": 2, "讲话稿": 1, "放": 2, "社区": 2, "面前": 3, "反而": 3, "游刃有余": 1, "利用": 4, "高涨": 2, "正面": 3, "回击": 1, "政府": 3, "做法": 3, "没用": 1, "委曲求全": 1, "语气": 1, "重点": 2, "叫屈": 1, "申辩": 1, "基站": 4, "安全性": 1, "志不在彼": 1, "动作": 2, "笃定": 1, "大开大合": 1, "送": 2, "上门": 1, "21日": 3, "6": 1, "天后": 1, "迄今为止": 1, "长": 2, "150": 1, "实录": 1, "整理": 1, "字": 1, "伊始": 1, "肯定": 1, "身份": 1, "遵守": 2, "法律": 4, "理解": 1, "点名": 1, "停止": 2, "一家": 1, "正胎": 1, "备胎": 7, "性能": 7, "对比": 2, "转而": 1, "谈华": 1, "态度": 4, "引出": 1, "观念": 1, "忧患": 1, "意识": 1, "民粹": 1, "热潮": 1, "民族": 3, "有害": 1, "无益": 1, "每次": 1, "都会": 1, "基础": 2, "重要性": 1, "尊重": 1, "重申": 1, "资本上": 1, "克制": 1, "立场": 1, "盲目": 1, "扩张": 1, "更改": 1, "定位": 1, "追逐": 2, "外部": 2, "资本": 1, "随后": 2, "验证": 7, "B端": 5, "交付": 1, "头": 1, "禁令": 4, "推迟": 1, "90": 1, "G20": 2, "峰会": 2, "特朗普": 2, "零件": 1, "上半年": 4, "业绩": 1, "太": 3, "冲击": 1, "4013亿": 1, "人民币": 1, "营收": 2, "23.2%": 1, "倒是": 1, "无端": 1, "扣押": 1, "货物": 1, "代工厂": 1, "伟创力": 1, "出局": 1, "比亚迪": 1, "捡": 1, "便宜": 1, "自称": 1, "读": 1, "哲学": 1, "蹭": 1, "热点": 2, "竖起": 1, "公关": 5, "缄默": 1, "大意": 1, "失职": 1, "闷声": 2, "发财": 2, "一以贯之": 1, "滴水不漏": 1, "出自": 1, "团队": 1, "笔": 2, "杆子": 1, "至少": 1, "这次": 6, "任由": 2, "漩涡": 1, "浮沉": 1, "以往": 2, "塑造者": 1, "负责": 2, "2012年": 2, "接手": 1, "年间": 1, "甩掉": 1, "合约机": 1, "包袱": 1, "第三": 1, "上探": 1, "高端": 1, "活跃": 1, "朋友圈": 1, "小米": 2, "雷军": 1, "明斗": 1, "暗讽": 1, "落": 1, "大嘴": 3, "名号": 1, "语出惊人": 1, "花粉": 1, "群体": 1, "贴上": 1, "标签": 2, "放任": 1, "一贯": 1, "埋下": 1, "颗": 1, "雷": 1, "凌晨": 1, "子公司": 1, "何庭波": 1, "发表": 1, "公开信": 2, "份": 3, "点燃": 2, "某种": 1, "自豪感": 1, "压迫": 1, "早": 4, "传出": 2, "Mobile": 1, "Service": 1, "封锁": 2, "自媒体": 1, "很快": 1, "曲解": 1, "延续": 2, "一知半解": 1, "解释": 2, "差别": 1, "坐视": 1, "恐慌": 1, "放大": 1, "扩散": 1, "晚": 3, "记者": 1, "确认": 1, "规划": 1, "华为OS": 1, "打通": 4, "电脑": 2, "平板": 3, "汽车": 2, "穿戴": 2, "统一": 4, "兼容": 2, "Web": 2, "秋天": 2, "明年": 2, "春天": 2, "24日": 1, "信息": 6, "流出": 2, "主流": 1, "跟进": 1, "转载": 2, "程序": 1, "截图": 1, "配上": 1, "用于": 2, "揣测性": 1, "文字": 2, "言论": 2, "证实": 1, "已然": 1, "默认": 1, "叙事": 1, "结构": 2, "比起": 2, "距离": 1, "普罗": 1, "回转": 1, "余地": 1, "种种": 2, "新闻": 4, "神话": 1, "人大": 1, "谈": 1, "取代": 3, "Windows": 1, "iOS三": 1, "鼎立": 1, "mate": 1, "云评测": 1, "办法": 4, "究竟": 2, "来源于": 3, "竞争": 2, "对手": 2, "暗中": 1, "挖坑": 1, "不择手段": 1, "吸引": 1, "流量": 2, "手段": 2, "畅想": 1, "国产": 5, "期待": 4, "涨": 1, "6月": 1, "连线": 1, "报道": 5, "援引": 1, "研究": 1, "报告": 1, "60%": 3, "董事长": 3, "梁华": 4, "高级": 2, "陈黎芳": 1, "公开": 2, "场合": 2, "物联网": 6, "低延": 1, "诸如": 1, "腾讯": 1, "潜望": 1, "一类": 1, "嵌入式": 1, "LiteOS": 1, "观感": 1, "欺骗": 1, "相对于": 1, "账号": 1, "画": 1, "比肩": 1, "大饼": 1, "果实": 1, "临近": 1, "两千": 1, "价位": 1, "传播": 1, "轮": 2, "沉默": 1, "描红": 2, "描黑": 2, "一部分": 4, "折服": 1, "战略家": 1, "高瞻远瞩": 1, "大气": 1, "代表性": 1, "首屈一指": 1, "顽强不屈": 1, "拼搏": 1, "精神": 1, "对称": 1, "优势": 4, "反复": 1, "故弄玄虚": 1, "嗤之以鼻": 1, "有意": 1, "爱国税": 1, "打压": 1, "拔高": 1, "精心": 1, "策划": 1, "误会": 1, "调动": 2, "营销": 1, "策略": 3, "C端": 1, "包抄": 1, "衡量": 1, "红": 1, "两面": 1, "何种": 1, "长远": 1, "影响": 4, "一次次": 2, "爆发": 1, "刺激": 1, "5G": 9, "未": 3, "普及": 1, "疲软": 1, "背景": 1, "卖出": 1, "1.18亿": 2, "24%": 2, "占比": 1, "到达": 3, "55%": 1, "IDC": 1, "公布": 2, "季度": 1, "出货量": 5, "逆势": 1, "27%": 1, "稳居": 1, "紧随": 1, "其后": 1, "vivo": 1, "OPPO": 1, "苹果": 19, "6.2%": 1, "19.3%": 1, "不等": 1, "跌幅": 1, "阻力": 1, "封堵": 1, "伤筋动骨": 1, "损伤": 1, "供货": 2, "拿下": 4, "11": 3, "总数": 1, "相比之下": 1, "竞标": 1, "诺基亚": 1, "42": 1, "中兴": 2, "爱立信": 1, "22": 1, "1970": 1, "件": 6, "专利": 1, "牢牢": 1, "锁定": 1, "的确": 1, "跟随": 1, "政策": 2, "亦步亦趋": 1, "广阔": 1, "攻克": 1, "毫无": 1, "一个个": 1, "事件": 6, "炒热": 1, "步履维艰": 1, "爱国主义": 1, "戏耍": 1, "仔细": 1, "审视": 1, "手上": 1, "好久": 1, "华为史": 1, "OS": 22, "开源": 4, "明天": 2, "2020年": 1, "2.0": 1, "手表": 1, "/": 2, "手环": 3, "车机": 2, "PC": 3, "关心": 2, "原因": 3, "优先": 2, "支持": 7, "启用": 1, "迁移": 1, "工作量": 2, "10亿": 1, "美金": 1, "建立": 2, "诞生": 2, "谷歌": 6, "断供": 1, "计划": 1, "微信群": 1, "聊": 1, "套": 2, "这是": 1, "下一代": 2, "编译": 4, "运行": 4, "事实上": 2, "2017年": 1, "1.0": 2, "谈判": 1, "使命": 1, "5-10年": 1, "长期": 1, "景全": 1, "领导者": 1, "打造": 2, "1+8+N": 1, "体系": 1, "指": 1, "8": 3, "耳机": 1, "N则指": 1, "运动": 1, "健康": 1, "办公": 3, "万物": 2, "才能": 4, "难道": 1, "就要": 1, "割裂": 1, "情况": 5, "糟糕": 1, "传统": 2, "Linux": 2, "庞大": 1, "冗余": 1, "这等": 1, "小型": 1, "内存": 1, "灵活": 1, "方向": 1, "最新": 3, "Fuchsia": 3, "具备": 3, "差": 2, "阐释": 1, "可穿戴": 3, "增强": 1, "虚拟": 2, "官宣": 1, "打响": 1, "要素": 1, "共享": 3, "互为": 1, "外设": 2, "解耦": 1, "弹性": 1, "多端": 2, "四": 3, "特性": 4, "非虚": 1, "一季度": 1, "移动端": 1, "市占率": 1, "应急": 1, "1.": 1, "软": 1, "总线": 1, "公共": 2, "通信": 4, "管理": 1, "调度": 4, "底层": 1, "难度": 1, "屏蔽": 1, "聚焦": 2, "逻辑": 1, "享受": 1, "强大": 2, "跨终端": 1, ".": 2, "天生": 1, "时延": 3, "引擎": 2, "高性能": 1, "IPC": 2, "现有": 4, "执行": 3, "分配": 1, "优先级": 2, "资源": 1, "保障": 1, "响应": 1, "降低": 4, "25.7%": 1, "微内": 5, "核": 5, "小巧": 1, "进程": 4, "提高": 2, "5": 1, "倍": 1, "拥有": 2, "低时延": 1, "思想": 1, "简化": 1, "功能": 7, "态尽": 1, "相互之间": 1, "保护": 2, "核只": 1, "核技术": 1, "可信": 2, "TEE": 2, "形式化": 4, "方法": 6, "重塑": 1, "数学": 1, "源头": 1, "正确": 1, "漏洞": 1, "模拟": 1, "攻击": 2, "模型": 1, "路径": 1, "首次": 1, "OS微": 1, "代码量": 1, "宏内": 1, "千分之一": 1, "几率": 1, "大幅": 2, "4.": 1, "IDE": 1, "语言": 3, "Kit": 1, "屏幕": 9, "布局": 1, "控件": 2, "自动": 3, "适配": 2, "拖拽": 1, "预览": 1, "可视化": 1, "编程": 1, "工程": 1, "高效": 1, "构建": 1, "端": 1, "App": 1, "之间": 2, "方舟": 2, "编译器": 3, "Android": 3, "虚拟机": 1, "模式": 3, "静态": 1, "供": 2, "一次性": 1, "机器码": 1, "关键": 4, "在于": 2, "快速": 1, "推动": 3, "成立": 1, "基金会": 1, "讨论": 1, "产业": 3, "提出": 1, "建议": 1, "演进": 1, "首发": 1, "完善": 1, "OS会": 1, "愈挫": 1, "弥坚": 1, "各项": 3, "坚挺": 2, "不容乐观": 1, "外交部": 1, "中方": 1, "美方": 2, "实施": 2, "2019": 2, "财年": 2, "国防": 2, "授权": 1, "法案": 1, "涉华": 1, "消极": 1, "条款": 2, "特定": 1, "歧视性": 1, "公平": 2, "不满": 1, "反对": 1, "美": 2, "就此": 1, "声明": 2, "授权法": 1, "证据": 1, "不当": 1, "惩罚性": 1, "原产国": 1, "贸易": 1, "壁垒": 2, "网络": 5, "伤害": 1, "农村": 1, "依赖": 1, "联邦": 1, "法院": 1, "合宪性": 1, "半年报": 1, "释放": 1, "信号": 5, "元器件": 1, "恢复": 3, "供应": 3, "管理官": 1, "姚福海": 1, "Mate30": 1, "新手": 1, "机会": 1, "替代": 1, "取决于": 2, "遭遇": 1, "海外": 1, "确实": 2, "80%": 1, "水平": 3, "实体": 1, "清单": 1, "商用": 2, "出货": 1, "15万": 1, "表现": 3, "稳健": 1, "发货量": 2, "含": 1, "台": 1, "300%": 1, "200%": 1, "二季度": 1, "份额": 1, "35%": 1, "17.6%": 1, "仅次于": 1, "三星": 1, "并列": 1, "预期": 2, "大概率": 1, "3亿": 1, "2.4亿": 1, "小编": 2, "枚": 1, "忠实": 1, "果粉": 1, "好几": 1, "偏向": 1, "抱有": 1, "丝": 1, "情怀": 1, "客观": 1, "公正": 1, "评判": 2, "P30": 7, "Pro": 3, "128GB": 2, "Apple": 1, "iPhone": 10, "XR": 11, "群众": 1, "机型": 4, "外观": 3, "自然": 2, "最为": 1, "稳定": 1, "曲面": 1, "背面": 1, "多彩": 1, "配色": 1, "喜爱": 1, "各类": 2, "使用者": 1, "边框": 2, "史": 1, "称为": 1, "败笔": 1, "背部": 1, "摄": 2, "浴霸": 1, "来得": 1, "简洁": 1, "整体": 1, "胜过": 1, "好在": 1, "价格": 8, "刺眼": 1, "纷纷": 1, "阵营": 1, "说到": 1, "黑边": 1, "参数": 1, "配备": 1, "6.47": 1, "英寸": 1, "OLED": 1, "曲": 1, "面屏": 1, "无论是": 1, "尺寸": 3, "材质": 1, "领先": 1, "分辨率": 2, "高达": 1, "2340*1080": 1, "标称": 1, "ppi": 2, "398": 1, "等效": 1, "精细度": 1, "Pro会": 1, "略逊": 1, "LCD": 1, "类型": 1, "落后": 1, "远": 1, "逊色": 1, "别提": 1, "至今": 1, "屏下": 1, "指纹": 1, "增加": 2, "实用度": 1, "处理器": 4, "层面": 1, "980": 1, "数一数二": 1, "A12": 1, "吊打": 1, "机构": 1, "给出": 1, "处于": 2, "暂时": 1, "超越": 3, "地位": 2, "关注": 2, "基带": 2, "inter": 1, "曝出": 2, "强度": 2, "感受": 3, "显得": 1, "要好": 1, "本身": 4, "地方": 1, "续航": 3, "4200": 1, "mAh": 2, "电池": 2, "2970": 1, "差距": 1, "平时": 2, "游戏": 1, "不用说": 1, "日常": 1, "中将": 1, "掉电": 1, "飞快": 1, "平常": 1, "喜欢": 1, "快充": 2, "40": 1, "w快": 1, "充半": 1, "小时": 2, "电量": 1, "70%": 1, "固守": 1, "充电": 2, "X": 1, "推广": 1, "救急": 1, "慎重": 1, "拍摄": 2, "这块": 2, "始终": 1, "较为": 1, "廉价": 1, "摄像": 1, "配置": 2, "缩水": 1, "1200万": 1, "像素": 1, "后置": 1, "配合": 1, "暂且": 1, "不错": 2, "激烈": 1, "摄像头": 2, "相机": 3, "徕卡": 1, "旗舰": 1, "在内": 1, "顶尖": 2, "镜头": 1, "评分": 1, "选": 2, "宣告": 1, "拍照": 2, "经历": 1, "波动": 1, "总体": 1, "选取": 1, "相近": 1, "高配": 1, "不少": 1, "阉割": 1, "低配": 1, "实则": 1, "区别": 1, "购买": 2, "花": 1, "实话": 1, "标的": 1, "XS": 1, "Max": 1, "相比": 1, "下风": 1, "IOS": 1, "执着": 1, "是非": 1, "买": 1, "标准": 1, "颜值": 1, "东西": 1, "单单": 1, "恰好": 1, "占有": 1, "推荐": 1, "~": 1, "免责": 1, "图片": 1, "交流": 1, "用途": 1, "版权": 1, "归原": 1, "作者": 1, "请": 1, "[PConline": 1, "资讯": 1, "演讲": 2, "现身": 1, "早前": 1, "10": 2, "流畅度": 1, "20%": 1, "卡顿": 1, "页面": 1, "主菜": 1, "单会": 1, "合二为一": 1, "新增": 3, "管家": 1, "UI": 1, "风格": 1, "变化": 1, "线圈": 1, "简约": 1, "明朗": 1, "专业": 1, "ISO": 1, "白": 1, "平衡": 1, "对焦": 1, "960fps": 1, "超级": 1, "录制": 1, "好好": 1, "更新": 1, "首款": 1, "上个月": 1, "放出": 1, "照片": 1, "赵明": 1, "印证": 1, "窄": 1, "弹出式": 1, "资料": 1, "即将": 1, "八": 1, "8K": 1, "帧": 1, "解码": 1, "集成": 1, "Histen": 1, "音质": 1, "优化": 1, "55寸": 1, "4K": 1, "HDR": 1, "预计": 1, "7000~8000": 1, "这部": 1, "等到": 1, "迎来": 1, "首秀": 1, "六月份": 1, "旨在": 1, "驾驶": 1, "远程": 1, "医疗": 1, "延迟": 1, "一块": 1, "首选": 1, "或许": 1, "会见": 1, "皆": 1, "一共": 1, "分为": 1, "Codelabs": 1, "盛会": 2, "升起": 1, "见证": 2, "革命性": 1, "降临": 1, "携手": 1, "共聚一堂": 1, "场": 1, "汇聚": 1, "举办": 2, "地点": 1, "深思熟虑": 1, "溪流": 4, "背坡村": 4, "基地": 5, "纵观": 1, "分布": 1, "家里": 1, "含义": 1, "坐落": 1, "科技园": 1, "示范": 1, "意义": 1, "和谐": 1, "共存": 1, "新城": 1, "居住": 1, "旅游": 1, "会展": 1, "配套": 1, "制造": 2, "创新": 2, "软通": 1, "动力": 1, "蓝思": 1, "研发型": 1, "相继": 1, "入驻": 2, "所在": 1, "村子": 1, "村": 1, "为名": 1, "农业": 1, "用地": 1, "汇集": 1, "生产": 1, "法式": 1, "建筑": 2, "设施": 1, "齐全": 1, "通勤": 1, "班车": 1, "总部": 2, "2014年": 2, "9月": 1, "动工": 1, "占地": 1, "1900": 1, "亩": 1, "100亿": 1, "园区": 2, "包含": 1, "实验室": 1, "2万": 1, "1000": 1, "运营商": 1, "TB": 1, "保密性": 1, "外界": 1, "10-11日": 1, "活动": 1, "溪村": 1, "实地": 1, "山水一色": 1, "理念": 1, "欧式": 1, "风情": 1, "静谧": 1, "清幽": 1, "湖光": 1, "山色": 1, "获取": 1, "前沿": 1, "7240074": 1, "牵扯": 1, "众多": 1, "中断": 1, "担心": 1, "会步": 1, "后尘": 1, "欣慰": 1, "打倒": 1, "挫": 1, "勇": 1, "世人": 1, "风波": 1, "近期": 1, "关联": 1, "汇丰": 21, "银行": 11, "名为": 1, "范宁": 1, "上任": 1, "好事者": 1, "挖": 1, "发现": 1, "说到底": 1, "事情": 2, "阴": 2, "说起": 1, "洗钱": 3, "司法部": 1, "盯上": 1, "逃避": 1, "罪责": 1, "陷害": 1, "导致": 1, "曝光": 1, "可笑": 1, "竟然": 1, "装": 1, "糊涂": 1, "征兆": 1, "终止": 1, "交易": 3, "压根": 1, "到底": 1, "停下": 2, "为虎作伥": 1, "实在": 1, "不齿": 1, "类似": 2, "不止": 1, "英国": 1, "罚": 2, "6亿": 1, "美元": 2, "罚款": 1, "涉嫌": 1, "操纵": 1, "外汇": 1, "收敛": 1, "19亿": 1, "民众": 3, "生气": 3, "受害人": 1, "事后": 1, "脸": 1, "忿": 1, "通知": 1, "打算": 1, "不了了之": 2, "央视": 1, "毫不留情": 1, "违反": 2, "道德": 1, "简单": 1, "土地": 1, "承担": 2, "责任": 1, "愤怒": 2, "市值": 1, "蒸发": 1, "900亿": 1, "惩罚": 1, "平息": 1, "怒火": 1, "民营": 1, "靠山": 1, "算了": 1, "承受": 1}