{"第五": 6, "人格": 4, "游戏": 6, "很多": 6, "玩家": 11, "都": 16, "渠道": 17, "供": 1, "下载": 3, "常见": 2, "网易": 1, "正式服": 2, "比如oppo": 1, "vivo": 3, "华为": 94, "应用宝": 1, "bilibili": 1, "服": 12, "太": 3, "出名": 1, "比如说": 2, "4399": 1, "TopTap": 1, "众多": 2, "版本": 3, "元素": 1, "相差无几": 1, "活动": 1, "正式": 2, "时间": 4, "上都": 1, "靠拢": 1, "压根": 2, "渠道服": 2, "辨识": 1, "手机": 30, "自带": 1, "基本上": 1, "定性": 1, "无疑": 1, "之间": 8, "服中": 1, "定制": 7, "道具": 1, "奖励": 1, "红蝶": 3, "OPPO": 3, "绿": 4, "件": 6, "时装": 13, "刚刚": 1, "上线": 1, "不少": 3, "不明": 1, "真相": 1, "追问": 2, "到底": 3, "才": 6, "客户端": 2, "享受": 1, "福利": 3, "格除": 1, "推出": 10, "相关": 3, "角色": 5, "祭司": 3, "vivo蓝": 3, "造型": 1, "喜爱": 1, "胜": 1, "稀有": 1, "毕竟": 2, "携带": 1, "！": 15, "天真": 1, "想要": 1, "收集": 1, "结局": 1, "完美": 1, "这是": 3, "服里": 1, "服是": 1, "拥有": 5, "红蝶O": 2, "PPO": 2, "或许": 2, "正是": 2, "纷纷": 2, "服去": 1, "玩": 2, "为啥": 1, "华为端": 1, "终于": 1, "崛起": 1, "空军": 4, "玛尔塔": 4, "红": 2, "格玛尔塔": 1, "庄严": 1, "身份": 1, "加上": 1, "颇": 1, "军人": 1, "风姿": 1, "色彩": 1, "最早": 2, "想": 6, "红色": 1, "不曾": 1, "花落": 1, "谁家": 1, "一经": 1, "想必": 1, "吸引": 2, "酷爱": 1, "前来": 1, "入手": 1, "感": 1, "兴趣": 1, "评论区": 1, "留言": 1, "英国": 28, "媒体": 6, "上周": 1, "泄露": 1, "国家": 29, "理事会": 2, "参与": 2, "5G": 24, "网络": 24, "非核心": 4, "建设": 3, "激起": 1, "轩然大波": 1, "特雷莎·梅": 1, "首相": 2, "国会": 1, "保密": 3, "级别": 1, "会议": 3, "内容": 1, "外泄": 3, "颇为": 1, "震惊": 1, "此事": 1, "调查": 1, ";": 1, "发出": 2, "梅": 1, "改变": 1, "立场": 1, "声音": 1, "包括": 3, "大西洋": 1, "对面": 1, "美国": 36, "欧洲": 7, "设备": 16, "安全性": 1, "担心": 5, "真实": 2, "程度": 2, "增加": 2, "措施": 2, "方式": 1, "解决": 3, "迄今为止": 1, "4G": 6, "对待": 3, "不用": 2, "效忠": 1, "华盛顿": 7, "反对": 2, "盟国": 1, "配合": 1, "打压": 1, "最终": 3, "外交": 4, "考量": 1, "放": 2, "第一": 4, "这次": 1, "前所未有": 1, "事务": 1, "干预": 2, "能力": 7, "：": 13, "该国": 2, "机密": 1, "压开": 1, "一个": 6, "口子": 1, "消息": 2, "走": 3, "激发": 1, "力量": 1, "抵制": 3, "事情": 2, "参会者": 1, "大概": 2, "刑事": 1, "追究": 1, "风险": 4, "捅": 1, "偏偏": 1, "价值": 2, "体系": 1, "独立": 1, "临时性": 1, "塑造": 1, "修改": 1, "取代": 1, "好处": 1, "技术": 18, "可控": 1, "费": 1, "周折": 1, "实话": 1, "同情": 1, "独立性": 1, "百孔千疮": 1, "主权": 1, "一部分": 1, "交换": 1, "某种": 1, "安全感": 1, "抵押": 1, "独立自主": 2, "低于": 1, "殖民地": 1, "印度": 1, "事件": 1, "的确": 2, "提醒": 1, "大国": 2, "自主权": 1, "鼓励": 2, "方向": 4, "发挥": 1, "战略": 1, "发生": 3, "冲突": 2, "选择": 9, "往前": 1, "胆略": 1, "很": 4, "中国": 23, "全力": 1, "发展": 3, "关系": 4, "牵制": 1, "压力": 1, "围绕": 1, "华": 1, "政策": 2, "患得患失": 1, "表现": 2, "预期": 1, "工具": 1, "有的是": 1, "提供": 2, "经济": 8, "合作": 9, "机会": 3, "吸引力": 4, "摇摆": 1, "均衡": 1, "投向": 1, "各国": 3, "视": 1, "摆脱": 1, "霸道": 1, "做法": 3, "公平": 1, "西方": 5, "如今": 2, "学": 2, "乖巧": 1, "涉华": 1, "唯": 1, "马首是瞻": 1, "口头": 2, "面子": 1, "以此": 1, "维系": 1, "利益": 5, "北京": 2, "投机": 1, "涉及": 1, "当中": 2, "跟着": 2, "伤害": 1, "对方": 1, "付出": 2, "损失": 1, "区分": 1, "态度": 1, "澳大利亚": 5, "带头": 1, "这笔": 1, "账": 1, "长期": 3, "记": 1, "处于": 1, "脱欧": 1, "艰难": 2, "过程": 1, "英": 2, "美": 1, "存量": 1, "难以": 1, "重振": 1, "国运": 1, "新增": 1, "动力源": 1, "坦诚": 1, "希望": 2, "政府": 2, "排除": 4, "干扰": 1, "做出": 4, "符合": 1, "整体": 2, "长远": 1, "加注": 1, "正能量": 1, "本文": 1, "环球": 2, "时报": 1, "社评": 1, "标题": 2, "应有": 1, "回报": 1, "参加": 1, "引发": 1, "争议": 1, "揭露": 1, "知识": 2, "欠缺": 1, "核心网": 2, "、": 17, "边缘": 9, "接入网": 1, "——": 6, "各方": 1, "无知": 1, "有意": 1, "胡乱": 1, "解读": 1, "概念": 1, "认知": 1, "越来越": 2, "混乱": 2, "眼中": 1, "版": 1, "邦德": 1, "电影": 1, "民间": 2, "这家": 3, "电信": 8, "制造商": 1, "意见": 2, "领域": 3, "扮演": 1, "关键": 2, "盟友": 4, "五": 3, "眼": 2, "联盟": 2, "成员": 1, "国": 1, "交火": 1, "现实": 2, "宽大": 1, "务实": 1, "禁止": 4, "核心": 12, "业务": 3, "(": 2, "无线": 3, "接入": 1, ")": 2, "运营商": 7, "影响": 2, "产品": 5, "计划": 1, "迫使": 4, "抛弃": 1, "无线电": 5, "回": 1, "Three": 2, "沃达丰": 2, "购买": 1, "安装": 2, "拆除": 1, "带来": 3, "破坏": 1, "成本": 3, "高昂": 2, "糟糕": 1, "不得不": 3, "连带": 1, "换掉": 1, "确保": 2, "互操作性": 2, "意味着": 2, "6000": 1, "基站": 2, "投入": 1, "水漂": 1, "对此": 2, "设备商": 1, "爱立信": 2, "诺基亚": 2, "高管": 1, "表态": 1, "办法": 1, "顺利": 1, "对接": 1, "供应": 1, "商会": 1, "导致": 1, "克服": 1, "三星": 12, "建立": 2, "供应商": 3, "禁令": 1, "选": 1, "日益": 1, "减少": 2, "情况": 3, "回应": 1, "明智": 2, "主流": 1, "报道": 2, "称": 4, "界限": 3, "模糊": 3, "指": 2, "距离": 2, "客户": 2, "困惑": 1, "构建": 1, "架构": 1, "变化": 1, "传统": 2, "功能": 2, "IT": 3, "系统": 4, "物理": 1, "硬件": 1, "驻留": 1, "大型": 1, "数据": 8, "中心": 7, "东西": 1, "地理": 3, "内涵": 1, "分离": 1, "分布式": 1, "打破": 1, "高管们": 1, "超低": 1, "延迟": 3, "公司": 14, "支持": 4, "程序": 1, "出于": 1, "效率": 2, "原因": 1, "计算": 2, "区域": 1, "中央": 1, "己方": 1, "缩短": 1, "信号": 1, "站点": 1, "互联网": 2, "接入点": 1, "传输": 1, "降低": 1, "角度": 2, "思考": 1, "政客": 1, "定义": 1, "事实上": 2, "同意": 1, "地区": 7, "通讯": 3, "分开": 1, "此举": 1, "渗透": 1, "专家": 2, "感到": 1, "辩论": 2, "关注": 2, "争论": 1, "站不住脚": 1, "借口": 1, "小编": 4, "4月": 4, "28日": 1, "晚间": 1, "格力": 2, "发布": 4, "2018年报": 1, "董明珠": 1, "打赢": 1, "雷军": 1, "十亿": 1, "赌约": 1, "提交": 1, "合格": 1, "成绩单": 1, "2018年": 1, "总收入": 1, "2000亿": 1, "不禁": 1, "感叹": 1, "厉害": 3, "营销": 1, "手段": 2, "硬": 1, "道理": 2, "哪家": 1, "新品": 1, "证明": 4, "例外": 1, "资讯": 1, "行业": 1, "地位": 1, "动摇": 1, "5": 2, "专利": 6, "项": 6, "高通": 7, "15": 2, "倒贴": 1, "专利费": 3, "0.3分之差": 1, "输": 1, "销声匿迹": 1, "屈居": 1, "国内": 1, "第二": 2, "华为p30": 2, "老": 1, "苹果": 4, "6s": 1, "对比": 2, "竟": 2, "差别": 1, "信心": 1, "心灰意冷": 1, "接下来": 2, "告诉": 1, "认定": 1, "没错": 1, "方舟": 3, "编译器": 3, "30": 2, "发布会": 3, "劲爆": 1, "提升": 1, "款": 3, "安卓": 3, "解释": 1, "执行": 1, "低": 1, "构架": 1, "模式": 1, "革命性": 1, "作用": 1, "响应": 1, "速度": 1, "快": 2, "流畅": 1, "用户": 2, "体验": 2, "流畅度": 1, "提高": 1, "60%": 1, "!": 1, "突破": 2, "实验室": 1, "成立": 1, "2009年": 1, "2019年": 1, "推广": 1, "10年": 1, "积累": 1, "优化": 1, "造福": 1, "5g": 3, "可靠": 1, "排名": 1, "前十": 1, "依次": 1, "中兴": 1, "LG": 1, "英特尔": 1, "夏普": 1, "科学技术": 1, "研究院": 3, "扎实": 1, "交": 1, "没有用": 1, "答案": 1, "有用": 1, "厂家": 1, "发行": 1, "缴纳": 1, "好评": 1, "潮": 1, "买": 2, "朋友": 1, "10": 1, "倍": 2, "变焦": 2, "升级款": 1, "30Pro": 1, "大开眼界": 1, "50": 1, "感光度": 1, "409600": 1, "双重": 1, "防抖": 1, "老百姓": 1, "远": 1, "价格": 4, "相机": 1, "拍": 2, "月亮": 1, "鸟儿": 1, "未来": 4, "想到": 2, "带给": 1, "质疑": 2, "世界": 3, "舞台": 1, "过硬": 1, "实力": 2, "领头羊": 1, "一百": 1, "众所周知": 1, "2月份": 1, "相继": 1, "折叠": 16, "吃": 1, "惊": 1, "居然": 2, "贵": 1, "3000": 1, "元": 1, "售价": 1, "1万7": 1, "卖": 1, "1万3": 1, "膨胀": 1, "公认": 1, "多年": 1, "机皇": 1, "万万": 1, "打脸": 1, "前段": 1, "爆出": 1, "屏幕": 6, "仅仅": 1, "召回": 1, "推迟": 1, "中国区": 1, "凉凉": 1, "表演": 1, "一度": 1, "传闻": 2, "Mate": 4, "X延": 1, "上市": 1, "内部": 1, "人士": 1, "否认": 1, "并称": 1, "X": 3, "如期": 1, "配置": 1, "搭载": 3, "一块": 1, "8": 1, "英寸": 2, "OLED": 1, "显示屏": 1, "比例": 1, "8:7.1": 1, "分辨率": 1, "2480": 1, "×": 1, "2200": 1, "转轴": 1, "采用": 2, "外折": 1, "方案": 1, "正面": 1, "6.6": 1, "吋": 2, "背面": 1, "6.25": 1, "19.5:9": 1, "4.6": 1, "Galaxy": 1, "Fold": 1, "尺寸": 1, "整整": 1, "圈": 1, "用惯": 1, "大屏": 1, "麒麟": 1, "980": 1, "处理器": 1, "巴龙": 1, "5000": 1, "基带": 1, "有望": 1, "搭配": 1, "10GB": 1, "内存": 1, "512GB": 1, "存储": 1, "留给": 1, "依然": 1, "看好": 2, "无论是": 1, "电池": 1, "续航": 1, "支撑": 1, "最佳": 1, "状态": 1, "网友们": 1, "不行": 1, "iPhone": 1, "说白了": 1, "贸然": 1, "到头来": 1, "砸": 1, "脚": 1, "小众": 1, "噱头": 1, "参考": 2, "消息网": 2, "30日": 1, "香港": 1, "南华": 1, "早报": 1, "20日": 1, "发表": 2, "文章": 2, "东南亚": 15, "通牒": 1, "落空": 1, "编译": 2, "近日": 1, "马来西亚": 7, "国际": 4, "贸易": 1, "工业部": 1, "副部长": 1, "王建民": 3, "参观": 2, "设在": 1, "塞伯贾亚": 1, "培训": 1, "一批": 1, "实习生": 1, "陪同": 1, "受训": 1, "人员": 1, "简短": 1, "交谈": 1, "称赞": 1, "投资": 1, "畅谈": 1, "即将": 1, "到来": 1, "革命": 1, "足够": 2, "茶叙": 1, "首席": 1, "执行官": 1, "袁明聊": 1, "聊天": 1, "现场": 1, "满脸": 1, "笑容": 1, "竖起": 1, "大拇指": 1, "场面": 1, "绝谈": 1, "东西方": 1, "划时代": 2, "意义": 1, "访问": 2, "一头": 1, "权力": 1, "走廊": 1, "痛苦": 1, "表情": 1, "难": 1, "想象": 1, "张开": 1, "双臂": 1, "全球": 1, "公然": 1, "违抗": 1, "警告": 3, "竞争": 5, "人工": 1, "智能": 1, "创建": 1, "智慧": 1, "城市": 1, "铺平": 1, "道路": 1, "设定": 1, "促使": 1, "情报": 3, "共享": 2, "集团": 1, "成员国": 1, "加拿大": 1, "新西兰": 1, "打交道": 1, "散布": 1, "恐慌": 1, "收效甚微": 1, "估计": 1, "明年": 1, "8000万": 1, "1.2万亿": 1, "美元": 1, "商机": 1, "泰国": 3, "2020年": 1, "主导": 1, "服务": 2, "拉差": 1, "科技区": 1, "展开": 1, "联合": 1, "研究": 2, "；": 2, "新加坡": 3, "号": 1, "明讯": 1, "印尼": 1, "签署": 1, "试验": 1, "协议": 2, "菲律宾": 2, "季度": 1, "辞耸人听闻": 1, "不为所动": 1, "说辞": 1, "观点": 1, "后门": 1, "暗中": 2, "监视": 1, "外国": 2, "竞争者": 1, "窃取": 1, "产权": 1, "远程": 1, "基础": 2, "设施": 2, "停止": 1, "运转": 1, "说法": 1, "均": 1, "证实": 1, "顾问": 1, "许志勤": 1, "耸人听闻": 1, "故事": 1, "可能性": 1, "远远": 1, "小于": 1, "同行": 1, "指出": 1, "伙伴": 4, "有人": 1, "损害": 2, "军事": 6, "拉惹": 2, "勒南": 2, "改革": 1, "项目": 1, "协调员": 1, "迈克尔·拉什卡": 1, "威胁": 4, "看法": 1, "总裁": 1, "吴伟涛": 1, "2月": 1, "20年": 1, "记录": 1, "值得": 1, "信赖": 1, "事实": 1, "信任": 1, "正确": 1, "去年": 1, "消费者": 1, "增长": 1, "50%": 1, "对手": 3, "领先": 1, "12": 1, "18": 1, "承诺": 2, "先进": 2, "小部分": 1, "尤其是": 3, "现有": 1, "通信": 1, "学院": 1, "副教授": 1, "聂文娟": 1, "性能": 1, "优良": 1, "优势": 1, "不可避免": 1, "地缘": 1, "政治": 1, "逼迫": 1, "选边": 1, "站队": 1, "做生意": 1, "代价": 1, "招致": 1, "在线": 1, "电子": 1, "危及": 1, "毋庸置疑": 1, "王牌": 1, "取消": 2, "6": 1, "名": 1, "军方": 1, "领导人": 1, "声明": 1, "表达": 1, "担忧": 1, "理由": 1, "依赖": 2, "亚洲": 1, "新兴": 1, "领土": 1, "面临": 2, "扬言": 1, "超级大国": 2, "作出": 1, "最低": 1, "选项": 1, "当地": 1, "就业": 2, "诱惑力": 1, "创造": 1, "2500": 1, "岗位": 1, "摊牌": 2, "迹象": 1, "接受": 1, "唯一": 1, "影响力": 1, "局面": 1, "朱拉隆功": 1, "大学": 1, "代理": 1, "主任": 1, "沃拉沙·玛哈": 1, "诺汶": 1, "几十": 1, "东盟": 4, "伙伴国": 1, "重要性": 1, "下降": 1, "沃拉沙": 1, "成功": 1, "非此即彼": 1, "错觉": 2, "发现": 1, "昔日": 1, "推向": 1, "怀抱": 1, "推测": 1, "面对": 1, "放弃": 1, "卓越": 1, "穆罕默德·费扎勒": 1, "聂": 1, "文娟": 1, "场": 1, "说成": 1, "本身": 1, "多方": 1, "/": 1, "马丹": 1}