{"这几年": 1, "加大": 1, "资金": 1, "投入": 1, "创新": 2, "技术": 2, "积累": 1, "华为": 17, "综合": 4, "实力": 4, "提升": 1, "高端": 3, "领域": 3, "大展拳脚": 1, "彰显": 1, "国产": 2, "第一": 1, "品牌": 1, "魅力": 1, "没错": 1, "确实": 2, "毋庸置疑": 1, "新品": 1, "开售": 4, "情况": 2, "慢慢": 1, "感受": 1, "余承东": 1, "爆发": 1, "MateX": 2, "5G": 3, "首秀": 1, "秒售罄": 1, "：": 1, "这才": 1, "！": 1, "熟悉": 1, "手机": 14, "款": 9, "超级": 2, "旗舰": 1, "轮": 1, "跳票": 1, "才": 2, "正式": 3, "算是": 1, "具备": 1, "里程碑": 1, "意义": 1, "机型": 1, "外观": 1, "Mate": 3, "X": 2, "采用": 1, "柔性": 1, "折叠": 4, "屏": 1, "官方": 1, "称之为": 1, "鹰翼式": 1, "外折": 1, "方案": 1, "展开": 1, "8": 1, "英寸": 2, "用户": 1, "合起": 1, "单手": 1, "掌控": 1, "6.6": 1, "屏幕": 6, "一块": 1, "尺寸": 1, "6.38": 1, "寸": 1, "机身": 1, "单边": 1, "厚度": 1, "5.4mm": 1, "设计": 1, "折叠屏": 4, "前瞻性": 1, "性能": 1, "搭载": 1, "基于": 1, "第二": 1, "7": 1, "纳米": 1, "制程": 1, "工艺": 1, "模": 1, "芯片": 2, "巴龙": 1, "5000": 1, "配合": 2, "麒麟980": 1, "处理器": 1, "组合": 1, "应付": 1, "日常": 1, "程序": 1, "压力": 1, "EMUI10": 1, "系统": 1, "协同": 1, "能力": 2, "主流": 2, "游戏": 1, "体验": 1, "稳定性": 1, "妥妥": 1, "内置": 1, "4500": 1, "毫安": 1, "电池": 1, "符合": 1, "长续航": 1, "标准": 1, "支持": 1, "55W": 1, "快": 1, "充半": 1, "小时": 1, "充进": 1, "85%": 1, "速度": 1, "处于": 1, "行业": 1, "顶级": 1, "水准": 1, "表现": 1, "可圈可点": 1, "体现": 1, "未": 1, "发布": 2, "媒体": 1, "预测": 1, "售价": 1, "高达": 1, "两万五千": 1, "元": 6, "不少": 1, "感到": 1, "还好": 1, "最终": 1, "给出": 1, "定价": 1, "16999": 3, "开卖": 2, "秒": 2, "时间": 1, "售罄": 1, "市场": 5, "反馈": 1, "行情": 1, "加价": 1, "3000": 2, "黄牛": 1, "肥": 1, "笔者": 1, "牢牢": 2, "中低端机": 1, "话语权": 1, "不错": 2, "成绩": 1, "兴起": 1, "引领": 1, "潮流": 1, "厉害": 1, "众所周知": 1, "海内外": 2, "知名度": 1, "可谓": 1, "享誉": 1, "全球": 1, "中国": 1, "称为": 1, "国货": 1, "国民": 1, "调研": 1, "机构": 1, "统计": 1, "占有率": 1, "突破": 1, "40%": 1, "也就是说": 1, "半壁江山": 1, "占据": 1, "情怀": 1, "消费者": 2, "看重": 1, "本身": 1, "研发": 1, "重视": 1, "产品": 4, "把控": 1, "愁": 1, "卖": 1, "先前": 1, "X折叠": 1, "浓厚": 1, "兴趣": 1, "很多": 2, "纷纷": 1, "想": 1, "买到": 2, "传闻": 2, "中东": 1, "土": 1, "豪斥": 1, "巨资": 1, "拿到": 1, "台": 3, "折叠片": 1, "10点华": 1, "一经": 1, "引爆": 1, "全网": 1, "热度": 1, "都": 3, "讨论": 1, "有没有": 1, "抢到": 2, "火爆": 1, "有人": 1, "悄然": 1, "晒出": 1, "订单": 1, "拉": 1, "波": 1, "仇恨": 1, "据说": 1, "不用": 1, "基本上": 1, "转卖": 1, "稳赚": 1, "认可": 1, "保时捷": 1, "版本": 1, "成功": 1, "证明": 1, "产品力": 1, "品牌力": 1, "足够": 1, "多久": 1, "现货": 1, "价格": 1, "贵么": 1}