{"华为": 195, "话题": 1, "新闻": 1, "铺天盖地": 1, "中国": 38, "科技": 12, "发展史": 1, "成就": 2, "能力": 3, "带领": 2, "国产": 13, "突破": 1, "局限": 2, "厂商": 3, "年末": 1, "收官": 1, "之际": 1, "深陷": 1, "泥潭": 1, "实话": 1, "小编": 3, "九牛二虎之力": 1, "很": 5, "想": 5, "拉华": 1, "产业": 7, "奉献": 1, "力量": 2, "如今": 5, "社会": 2, "声援": 16, "千万": 1, "手机": 40, "很多": 15, "眼里": 1, "购机": 1, "首选": 1, "身边": 1, "充斥": 1, "iPhone": 5, "炫富": 1, "果粉": 2, "喜欢": 1, "秀": 1, "拍照": 2, "实力": 3, "朋友": 2, "关键": 1, "时刻": 1, "网友": 8, "自发": 3, "不再": 1, "嘴": 1, "执行力": 1, "发帖": 1, "一个": 10, "花粉": 3, "留言自白": 1, "这位": 2, "自白": 1, "公司": 33, "上班": 1, "都": 24, "弘扬": 1, "爱国": 11, "情怀": 2, "支持": 16, "5G": 65, "买": 8, "涨": 1, "工资": 1, "年终奖": 3, "补贴": 6, "iPhoneXS": 2, "骂": 2, "！": 6, "留言": 1, "真实性": 1, "定断": 1, "网络": 32, "舆论": 1, "企业": 51, "发布": 11, "公告": 3, "拒绝": 6, "员工": 23, "参与": 1, "评选": 1, "优秀": 2, "评比": 1, "对比": 1, "美的": 1, "但凡": 1, "换机": 1, "购物券": 1, "消息": 3, "昨天": 1, "热": 1, "搜索": 1, "国内": 6, "表达": 2, "惊涛骇浪": 1, "中国人": 1, "觉醒": 1, "仔细": 1, "观察": 1, "发现": 4, "名人": 1, "包括": 4, "知识分子": 1, "慢慢": 1, "转移": 1, "Mate20": 3, "pro上": 1, "接受": 1, "条件": 2, "放弃": 3, "选择": 7, "美国": 71, "丑陋": 1, "行径": 1, "人神共愤": 1, "的确": 1, "近些年": 1, "美": 2, "贸易": 1, "摩擦": 1, "推向": 1, "高潮": 2, "祖国": 1, "面前": 1, "义不容辞": 1, "交": 1, "一点": 2, "纷纷": 3, "驰援": 1, "平心而论": 1, "不错": 2, "当年": 1, "电池": 3, "鼓包": 1, "系统": 5, "卡顿": 1, "而今": 1, "拿下": 5, "权威": 1, "部门": 5, "质量": 1, "第一": 10, "成绩": 1, "刚刚": 1, "首秀": 1, "荣耀": 1, "V20": 1, "全球": 25, "首款": 2, "屏下": 1, "镜头": 1, "站": 1, "腾飞": 1, "福州": 1, "法院": 2, "一审": 1, "判定": 1, "多达": 1, "7": 2, "款": 3, "暂时": 1, "禁售": 1, "驳回": 1, "苹果": 17, "上诉": 1, "请求": 1, "场": 5, "声势": 2, "浩大": 2, "运动": 1, "备注": 1, "：": 31, "图片": 1, "来源": 3, "侵权": 1, "烦请": 1, "删除": 1, "重围": 3, "葡萄牙": 6, "订单": 5, "法国": 12, "表态": 1, "国人": 1, "骄傲": 1, "迈向": 1, "世界": 10, "脚步": 1, "掷地有声": 1, "面对": 1, "、": 56, "澳大利亚": 4, "韩国": 3, "国家": 30, "禁止": 3, "展示": 1, "强大": 1, "欧洲": 10, "市场": 17, "斩获": 1, "为止": 3, "23": 1, "地区": 2, "就算": 2, "污蔑": 1, "先进": 2, "技术": 25, "认可": 2, "建设": 3, "通讯": 9, "时代": 7, "到来": 1, "巨头": 2, "打压": 2, "发展": 7, "煞费苦心": 1, "设备": 23, "唆使": 1, "事情": 2, "办法": 1, "遏制": 1, "成长": 3, "多年": 2, "感受": 1, "威胁": 6, "众所周知": 2, "4G": 6, "霸主": 3, "地位": 2, "高通": 3, "获利": 1, "上千亿": 1, "美元": 2, "势必": 1, "抢掉": 1, "奶酪": 1, "相比": 1, "3G": 1, "革新": 1, "智慧": 2, "城市": 2, "AR": 1, "VR": 1, "新兴": 1, "崛起": 1, "数据传": 1, "输速率": 1, "网速": 3, "6": 1, "倍": 3, "下载": 1, "高清": 1, "电影": 1, "时间": 3, "秒": 1, "意味着": 2, "生活会": 1, "改变": 2, "物联网": 1, "相关": 6, "都会": 1, "发生": 2, "翻天覆地": 1, "变化": 1, "带来": 1, "利益": 1, "可观": 1, "自然": 1, "拱手相让": 1, "这块": 1, "肥肉": 1, "中兴": 7, "制裁": 3, "障碍": 4, "任正非": 2, "打开": 2, "近日": 2, "运营商": 21, "签订": 2, "合同": 3, "2019年": 4, "提供": 11, "服务": 7, "明年": 3, "内": 1, "商用": 11, "经济": 4, "财政": 1, "部长": 1, "投资": 8, "本国": 1, "处心积虑": 1, "成功": 3, "统计": 1, "15": 3, "国": 6, "中东": 3, "5": 2, "亚洲": 2, "3": 5, "份额": 1, "居": 1, "挺": 1, "未来": 5, "非华为莫属": 1, "英国": 3, "日本": 7, "瘫痪": 1, "爱立信": 4, "供应商": 8, "缺陷": 1, "损失": 1, "惨重": 1, "为由": 4, "井底之蛙": 1, "12月": 7, "10日": 3, "外交部": 2, "例行": 1, "记者会": 1, "记者": 4, "报道": 4, "欧盟": 3, "委员会": 2, "副主席": 1, "安西普": 1, "称": 4, "不得不": 2, "感到": 1, "担忧": 3, "政府": 22, "情报": 5, "合作": 19, "安装": 2, "强制": 3, "后门": 2, "访问": 2, "加密": 1, "数据": 8, "中方": 4, "对此": 1, "回应": 2, "陆慷": 3, "段": 4, "讲华": 1, "从来": 1, "提出": 2, "说服力": 1, "证据": 1, "证明": 3, "影响": 3, "基于": 3, "猜测": 1, "经营": 5, "设置": 2, "做法": 3, "荒谬": 1, "全球化": 1, "背景": 1, "利于": 1, "各国": 1, "互利": 2, "实际上": 2, "产品": 16, "无端": 1, "猜忌": 1, "一家": 4, "自主": 2, "民营": 1, "听说": 1, "二十几": 2, "签署": 5, "合约": 2, "再次": 1, "法律": 3, "法规": 2, "授权": 1, "机构": 1, "强迫": 1, "一贯": 1, "鼓励": 5, "遵守": 2, "国际": 6, "规则": 1, "当地": 2, "基础": 3, "对外": 1, "希望": 3, "公平": 7, "透明": 2, "公正": 1, "环境": 2, "出于": 2, "目的": 2, "运营": 1, "人为": 1, "追问": 1, "刚才": 2, "提到": 1, "不少": 3, "同华": 1, "协议": 2, "请问": 1, "介绍": 2, "二十多": 1, "查查": 1, "事实上": 2, "值得": 2, "信赖": 1, "伙伴": 6, "星期": 2, "第六": 1, "财金": 1, "对话": 1, "财长": 1, "勒梅尔": 1, "巴黎": 1, "不久前": 1, "德国": 4, "官员": 1, "外国": 4, "电信": 12, "在内": 2, "开发": 1, "例子": 1, "足以": 1, "创业": 1, "过程": 1, "越来越": 3, "信任": 2, "排除": 4, "采购": 6, "名单": 2, "攻击": 2, "确保": 1, "出台": 1, "媒体": 1, "日方": 3, "此举": 1, "意在": 1, "配合": 1, "本质": 1, "双赢": 1, "歧视": 2, "执行": 1, "情况": 1, "关注": 6, "发言人": 1, "办公室": 1, "综合": 1, "人民日报": 1, "客户端": 1, "李宁": 1, "本期": 1, "编辑": 1, "胡": 1, "洪江": 1, "赵": 1, "雅娇": 1, "第五": 2, "通信": 11, "简称": 1, "；": 4, "延迟": 2, "降低": 1, "1": 1, "毫秒": 1, "几十分之一": 1, "承载力": 1, "大幅": 1, "提升": 1, "平方公里": 1, "100万": 1, "连接": 1, "普通人": 1, "也许": 1, "冲击": 1, "如果说": 1, "人工": 1, "智能": 3, "自动": 1, "驾驶": 2, "制造": 1, "建立": 2, "重要性": 1, "不言自明": 1, "庞大": 1, "分析": 1, "带宽": 1, "低": 1, "现有": 1, "时速": 1, "100": 3, "公里": 1, "汽车": 2, "启动": 2, "制动": 1, "1.4": 1, "米": 1, "距离": 1, "缩短": 1, "夸张": 1, "2.8": 1, "厘米": 1, "万物": 1, "互联": 1, "比作": 1, "金字塔": 2, "基座": 1, "全球性": 1, "竞争": 8, "正是": 1, "角": 3, "逐方": 1, "显示": 4, "截止": 1, "2018年": 5, "6月": 2, "申报": 1, "标准": 11, "专利": 5, "5401": 1, "项": 5, "1481": 1, "声明": 1, "占据": 2, "三星": 1, "紧随": 1, "其后": 1, "4月": 2, "分析师": 1, "大会": 2, "轮值": 2, "董事长": 2, "徐直军": 1, "全力": 1, "第三": 3, "季度": 1, "推出": 3, "元年": 1, "助推": 1, "领跑": 1, "无线": 8, "行业": 2, "协会": 1, "报告": 2, "下一代": 1, "超高速": 1, "最为": 1, "第二": 2, "走向": 2, "胜利": 1, "竞争力": 1, "表现": 1, "早": 2, "2008年": 1, "试图": 1, "收购": 2, "提供商": 1, "竞标": 1, "项目": 2, "三": 2, "干预": 1, "失败": 1, "2011": 1, "2016年": 2, "传唤": 1, "调查": 3, "私自": 1, "购买": 13, "信息": 2, "资本": 1, "无果": 1, "1月": 1, "原本": 1, "计划": 3, "消费": 2, "电子": 4, "公布": 1, "AT&T": 2, "正式": 3, "进军": 1, "发布会": 1, "前一天": 1, "单方面": 1, "取消": 2, "原因": 5, "18": 2, "名": 2, "议员": 1, "联名": 1, "联邦": 1, "致信": 1, "展开": 2, "退出": 2, "依然": 3, "不依不饶": 1, "美媒": 1, "透露": 2, "司法部": 1, "违反": 1, "伊朗": 1, "狙击": 2, "加拿大": 5, "局长": 1, "维格诺": 1, "安全性": 1, "英德": 1, "招标": 1, "竞争者": 1, "十一月": 1, "代表团": 1, "盟友": 3, "总部": 1, "成立": 2, "工作组": 1, "评估": 2, "遭遇": 3, "夏天": 1, "指导": 1, "意见": 1, "该国": 1, "采用": 4, "11月": 2, "新西兰": 2, "安全局": 1, "风险": 1, "提议": 1, "五": 1, "眼": 1, "联盟": 1, "组织": 4, "这是": 4, "分享": 1, "主导": 1, "谋求": 1, "施压": 2, "10号": 1, "清单": 1, "英特尔": 1, "博通": 1, "拘押": 1, "负责人": 1, "爆出": 1, "美股": 1, "全线": 1, "大跌": 1, "6日": 1, "晚间": 1, "发出": 1, "封": 1, "业务": 17, "手段": 2, "商业": 3, "背离": 1, "自由": 4, "精神": 1, "无理": 1, "供应链": 1, "关系": 2, "同一天": 1, "后者": 1, "升级": 1, "第23": 1, "客户": 4, "超越": 2, "诺基亚": 3, "领先": 4, "顶尖": 1, "高科技": 2, "高管": 2, "孟晚舟": 3, "女士": 5, "当局": 1, "逮捕": 3, "全世界": 4, "此案": 1, "孟": 4, "命运": 1, "CFO": 2, "保释": 1, "听证会": 1, "不列颠哥伦比亚": 1, "高等": 1, "结束": 1, "依旧": 1, "终": 1, "法官": 1, "11日": 1, "此事": 1, "看清": 1, "指使": 1, "抓": 1, "绑架": 3, "老板": 4, "女儿": 4, "只好": 1, "对手": 2, "点赞": 1, "言论": 1, "华尔街": 5, "日报": 5, "境外": 1, "视频": 10, "网站": 1, "Youtube": 1, "篇": 1, "视华": 1, "国外": 2, "网友们": 1, "写下": 1, "感想": 1, "节目": 1, "客观": 1, "讲述": 1, "重视": 1, "视为": 2, "领域": 4, "挑战": 1, "拼": 1, "瑞典": 1, "芬兰": 1, "担心": 2, "被迫": 3, "这家": 1, "进一步": 2, "视作": 1, "实施": 1, "间谍": 1, "盗窃": 1, "——": 1, "西方": 2, "优势": 4, "逼迫": 1, "发动": 1, "设施": 2, "远程": 1, "控制": 1, "破坏": 1, "否认": 1, "指控": 1, "干": 1, "观看": 1, "网民": 1, "才": 1, "不堪": 1, "打击": 1, "耿直哥": 1, "文章": 1, "开头": 1, "给出": 1, "条": 3, "评论": 2, "一边倒": 1, "谴责": 1, "搞": 1, "绑票": 3, "翻译": 11, "玩儿": 1, "太": 7, "偷": 2, "发明": 1, "……": 3, "CIA": 2, "思科": 1, "工作": 2, "才能": 1, "轻松": 1, "监控": 1, "谷歌": 1, "脸书": 1, "因特尔": 1, "获取": 2, "老大": 2, "吓坏": 1, "告诉": 1, "独裁者": 1, "含义": 1, "可悲": 2, "犯罪": 1, "外交": 1, "常态": 1, "800": 1, "军事": 1, "基地": 1, "战争": 1, "国安局": 1, "天天": 1, "监视": 1, "沙特": 1, "杀": 1, "普京": 2, "讽刺": 1, "清醒": 1, "被捕": 2, "背后": 1, "真实": 1, "动机": 1, "群": 1, "拍手": 1, "叫好": 1, "宣称": 1, "文明": 2, "敌人": 1, "帮凶": 1, "正常人": 1, "环球": 1, "时报": 1, "微信": 1, "官方": 3, "确认": 1, "17日": 1, "长沙": 1, "nova": 8, "4": 7, "主打": 3, "自拍": 2, "极点": 2, "全面屏": 2, "真机": 1, "谍照": 1, "配置": 2, "曝光": 1, "今日": 1, "预热": 1, "暗示": 1, "取代": 1, "刘": 2, "海屏": 1, "屏": 1, "主流": 1, "放出": 1, "正面": 1, "完整": 1, "渲染图": 1, "左上": 2, "挖孔": 2, "算": 1, "违和": 1, "位置": 3, "信号": 1, "标识": 1, "右移": 1, "靠下": 1, "图标": 1, "对称": 1, "调整": 1, "三侧": 1, "超窄": 1, "边框": 1, "设计": 2, "下巴": 1, "限于": 1, "定位": 2, "用上": 1, "屏幕": 1, "指纹": 2, "后置": 2, "搭配": 1, "摄": 1, "渐变": 1, "色": 1, "机身": 1, "整体": 1, "视觉": 1, "效果": 1, "颇为": 1, "时尚": 1, "工信部": 1, "入网": 1, "6.41": 1, "英寸": 1, "3900": 1, "mAh": 1, "卡": 1, "双待": 1, "全网通": 1, "详细": 1, "以往": 1, "系列": 1, "2000": 1, "元": 6, "价位": 1, "性能": 1, "预计": 3, "顶格": 1, "震动": 1, "待遇": 1, "网上": 2, "早已": 1, "掀起": 1, "抵制": 3, "引发": 2, "卫士": 2, "蓝高端": 2, "猎头": 3, "最先": 2, "位于": 1, "深圳": 2, "梦派": 5, "官网": 1, "通知": 1, "内容": 1, "简单": 1, "美货": 1, "优先": 2, "海思": 3, "芯片": 5, "方案": 2, "停止": 1, "品牌": 7, "办公": 1, "出口": 1, "给予": 3, "奖励": 3, "争论": 1, "价格": 2, "15%": 2, "发放": 1, "福利": 2, "角度": 2, "一点儿": 1, "100%": 2, "处罚": 5, "行列": 1, "之中": 2, "大部分": 1, "方式": 5, "更换": 2, "小部分": 1, "考核": 1, "等同": 1, "+": 1, "上海市": 1, "南充": 1, "商会": 2, "常务": 2, "人员": 3, "分会": 1, "执委": 1, "任职": 1, "资格": 1, "躲": 1, "掉": 1, "有人": 1, "权利": 2, "关涉": 1, "以此": 1, "开除": 1, "合情": 1, "决策": 1, "针对": 1, "罚款": 3, "集团": 3, "总经理": 1, "原康佳": 1, "总裁": 2, "刘丹": 2, "政策": 2, "股东": 3, "开会": 1, "错": 1, "十几": 1, "深度": 1, "例外": 1, "多余": 1, "最终": 1, "真的": 5, "依据": 1, "丹说": 1, "一句话": 1, "道德": 3, "扣": 1, "奖金": 1, "毫无疑问": 1, "高层": 2, "来讲": 1, "同意": 2, "大于": 1, "弊": 1, "内部": 2, "管理": 3, "升华": 1, "单纯": 1, "爱国主义": 1, "教育": 1, "蹭": 2, "波": 1, "热度": 2, "毛病": 1, "借机": 1, "炒作": 1, "耍流氓": 1, "倾向": 1, "卫士蓝": 1, "高端": 2, "传统": 1, "深深": 1, "镌刻": 1, "灵魂": 1, "之上": 1, "注定": 1, "差": 1, "旗号": 1, "到处": 1, "宣扬": 1, "基层": 1, "心甘情愿": 1, "妥协": 1, "中层": 1, "附和": 1, "难道": 2, "人资": 1, "岗位": 1, "招聘": 1, "还要": 2, "写": 1, "面试者": 1, "职场": 1, "倡导": 1, "确实": 1, "巧妙": 1, "融入": 1, "艺术": 1, "稍": 1, "留神": 1, "适得其反": 1, "丧失": 1, "人心": 1, "影响力": 1, "有限公司": 1, "1987年": 1, "名字": 2, "寓意": 1, "中华": 2, "有为": 1, "涉及": 2, "消费者": 5, "云计算": 2, "交换": 2, "传输": 2, "有线": 2, "固定": 2, "接入": 2, "终端": 2, "2012年": 1, "制造商": 1, "排名": 2, "财富": 1, "500": 2, "第315": 1, "三大": 1, "板块": 1, "财报": 1, "营业": 1, "收入": 2, "5215.74亿": 1, "2905.61亿": 1, "406.66亿": 1, "1798.08亿": 1, "占比": 1, "55.7%": 1, "7.8%": 1, "34.5%": 1, "卖": 1, "宽带": 2, "家庭": 1, "ICT": 1, "中心": 2, "统一": 1, "协作": 1, "硬件": 1, "软件": 1, "解决": 1, "土耳其": 1, "创新": 3, "打造": 1, "开放": 1, "ITU-T": 1, "引领": 1, "videoMOS": 2, "制定": 2, "定义": 1, "符合": 3, "U-vMOS": 1, "用户": 1, "体验": 3, "衡量": 1, "评价": 1, "体系": 1, "快速": 1, "构建": 1, "极致": 1, "携手": 1, "拓展": 1, "B2B": 1, "政务云": 1, "泰国": 1, "智利": 1, "部署": 2, "政企云": 1, "2009年": 1, "研究": 2, "2013年": 1, "至少": 1, "6亿": 1, "用于": 2, "初": 1, "投入": 1, "50亿": 1, "人民币": 1, "研发": 3, "NSA": 1, "版本": 1, "全套": 1, "2月": 1, "巴塞罗那": 1, "举办": 2, "率先": 1, "3GPP": 1, "职责": 1, "规范": 1, "Balong": 1, "01": 1, "GPP": 2, "端到": 1, "端": 1, "打通": 1, "电话": 1, "即将": 1, "上市": 1, "NR": 3, "空中": 1, "接口": 1, "CE-TEC": 1, "指令": 1, "型式": 1, "认证": 1, "证书": 1, "自此": 1, "许可": 1, "14日": 1, "全会": 1, "批准": 1, "独立": 2, "组网": 2, "去年": 1, "至此": 1, "确立": 1, "阶段": 3, "功能": 1, "冲刺": 1, "联通": 1, "Vodafone": 1, "SoftBank": 1, "T-Mobile": 1, "Telefonica": 1, "30多": 1, "顶级": 1, "围绕": 1, "推进": 1, "商用化": 1, "进程": 1, "20日": 1, "伦敦": 1, "2018": 1, "论坛": 1, "胡厚崑": 1, "66": 1, "154": 1, "测试": 2, "2025年": 1, "110": 1, "形势": 1, "大规模": 1, "出货": 1, "1万多": 1, "套": 1, "基站": 1, "助力": 1, "批量": 1, "5G商": 1, "董事": 1, "BG": 1, "丁耘": 1, "22": 1, "份": 1, "50多": 1, "原先": 1, "下半年": 1, "麒麟": 1, "营收": 1, "7成": 1, "海外": 2, "联想": 2, "4.2成": 1, "经济学人": 2, "指出": 2, "150多": 1, "拥有": 2, "5百多": 1, "超过": 1, "20亿": 1, "也就是说": 1, "三分之一": 1, "人口": 1, "过半": 1, "市占率": 1, "想像": 1, "3万": 1, "4成": 1, "欧": 1, "知识": 1, "产权": 1, "龙头": 1, "放眼": 1, "9成": 1, "原物料": 1, "内需": 1, "挤入": 1, "排行": 1, "绩效": 1, "巨擘": 1, "摩托罗拉": 1, "阿尔卡特朗讯": 1, "西门子": 1, "面临": 1, "衰退": 1, "危机": 1, "10年": 1, "年年": 1, "著名": 1, "Interbrand": 1, "TOP100": 1, "排行榜": 1, "70多": 1, "洗牌": 1, "酷联": 1, "传奇": 1, "过渡": 1, "华米OV": 1, "酷派": 1, "小米": 1, "OPPO": 1, "VIVO": 1, "替代": 1, "为首": 1, "坐稳": 1, "目标": 1, "主业": 1, "通讯业": 1, "困难": 1, "遭受": 1, "对待": 2, "耳闻": 1, "联合": 1, "围堵": 1, "而后": 1, "换人": 1, "努力": 1, "签下": 1, "29": 1, "7日": 1, "多方": 1, "封杀": 1, "局面": 1, "作出": 1, "艰难": 1, "独特": 1, "思考": 1, "友国": 1, "民族": 1, "自热": 1, "不落人后": 1, "一方有难": 1, "八方支援": 1, "听闻": 1, "给与": 1, "市场价": 1, "惩罚": 1, "半躺枪": 1, "事件": 1, "发酵": 1, "迁": 1, "蔓延": 1, "线下": 1, "门店": 1, "生意": 1, "火爆": 1, "络绎不绝": 1, "理性": 2, "无权": 1, "干涉": 2, "网销": 1, "笔者": 2, "毕竟": 1, "公式": 1, "输给": 1, "占": 1, "iOS": 1, "流畅度": 1, "微乎其微": 1, "售价": 1}