{"4月": 17, "11日": 13, "华为": 239, "上海": 6, "举办": 1, "P30": 115, "系列": 64, "手机": 63, "新品": 15, "发布会": 20, "款": 24, "此前": 6, "均": 6, "法国": 1, "巴黎": 8, "全球": 23, "正式": 13, "面世": 1, "这次": 4, "落地": 2, "国内": 8, "市场": 24, "吸引": 1, "网友": 3, "关注": 7, "IT之家": 3, "拿到": 2, "极光色": 4, "天空": 8, "境": 6, "版本": 15, "Pro": 35, "送上": 1, "开箱": 2, "图赏": 1, "包装盒": 1, "白色": 1, "衬底": 1, "基本上": 1, "Logo": 1, "、": 84, "产品": 18, "名称": 1, "徕卡": 2, "标识": 1, "烫印": 1, "文字": 2, "元素": 4, "简洁": 1, "打开": 1, "包装": 1, "正面": 1, "屏幕": 13, "采用": 12, "珍珠屏": 1, "设计": 23, "边框": 4, "很": 11, "窄": 3, "拥有": 20, "不错": 1, "屏占": 1, "尺寸": 1, "6.1": 1, "英寸": 10, "6.47": 2, "双曲面": 1, "翻过": 1, "背面": 2, "创意": 1, "体现": 1, "地方": 1, "众所周知": 2, "P系列": 4, "终端": 7, "兼顾": 1, "时尚": 6, "艺术": 1, "科技": 5, "高端": 2, "旗舰": 4, "外观": 2, "承袭": 1, "核心": 4, "DNA": 1, "抢眼": 2, "去年": 5, "P20": 5, "引领": 5, "智能": 18, "渐变": 4, "色": 1, "潮流": 2, "色彩": 1, "发扬光大": 1, "小编": 1, "手上": 1, "结构色": 1, "光线": 3, "照射": 2, "角度": 1, "机身": 12, "呈现": 2, "流光溢彩": 1, "色泽": 2, "变幻": 1, "效果": 4, "充满": 1, "灵动": 2, "美": 3, "新增": 4, "配色": 4, "官方": 7, "称": 6, "灵感": 1, "来自于": 5, "自然": 3, "盐湖": 1, "空灵": 1, "定格": 1, "观感": 1, "主色": 1, "调偏": 1, "素淡": 1, "粉白色": 1, "流转": 1, "氤氲": 1, "添": 1, "优雅": 2, "工艺": 9, "15": 5, "层": 3, "加工": 1, "镀段": 1, "9": 1, "纳米": 1, "真空": 1, "光学": 8, "镀膜": 1, "厚度": 1, "纸": 1, "1/100": 1, "接下来": 2, "框": 1, "中框": 1, "不锈钢": 1, "材质": 1, "表面": 1, "抛光": 1, "整机": 4, "玻璃": 2, "面板": 1, "融合": 2, "一体": 1, "四边": 1, "顶部": 2, "天线": 3, "隔断": 2, "降噪": 1, "麦克风": 2, "底部": 2, "包括": 8, "扬声器": 2, "开孔": 1, "USB": 3, "Type-C": 1, "接口": 9, "通话": 1, "3.5": 3, "耳机": 4, "左侧": 2, "SIM卡": 1, "插槽": 1, "右侧": 2, "音量": 2, "按键": 5, "电源": 5, "红色": 1, "细长": 1, "凹槽": 1, "经典": 6, "延续": 4, "布局": 4, "电源键": 4, "实体": 1, "相比": 2, "枚": 2, "红外线": 1, "发射器": 1, "SIM卡槽": 1, "挪到": 1, "不仅仅": 3, "放大版": 1, "外部": 1, "意味着": 3, "内部": 3, "方案": 3, "总体": 1, "更为": 1, "成熟": 2, "语言": 1, "积累": 2, "沉淀": 1, "标签": 2, "正是": 1, "诠释": 1, "美图": 1, "详细": 1, "评测": 2, "：": 13, "推荐": 1, "阅读": 1, "发布": 16, "旗下": 1, "三": 10, "MateBook": 49, "笔记本": 13, "新款": 15, "HUAWEI": 33, "X": 15, "14": 23, "E": 7, "3K": 4, "炫丽": 3, "屏": 5, "轻薄": 8, "极致": 1, "体验": 15, "尽显": 1, "典范": 1, "；": 27, "面向": 1, "主流": 7, "用户群": 1, "2K": 2, "卓越": 2, "性能": 11, "超": 4, "长续": 1, "航及": 1, "用户": 17, "需求": 6, "全新": 16, "二合一": 3, "带来": 14, "开机": 3, "联网": 3, "黑屏": 2, "掉线": 3, "全时": 5, "在线": 8, "搭载": 23, "升级": 9, "Huawei": 6, "Share": 7, "碰传": 7, "功能": 12, "交互": 4, "便捷": 3, "打造": 5, "场景": 11, "智慧": 7, "生活": 7, "屏旗舰": 2, "华丽": 1, "登场": 1, "2018年": 5, "首款": 2, "屏笔": 1, "记本": 1, "臻": 1, "全面屏": 2, "创新": 7, "开启": 8, "时代": 1, "2019年": 4, "传承": 1, "匠心": 1, "高效": 4, "再度": 1, "风尚": 1, "金属": 1, "一体化": 1, "CNC": 1, "钻切": 1, "配合": 4, "精密": 1, "陶瓷": 1, "喷砂": 1, "细腻": 1, "触感": 1, "厚处": 1, "14.6": 1, "重量": 1, "1.33Kg": 1, "提供": 6, "空灰": 1, "皓月银": 1, "樱粉金": 1, "三色": 1, "可选": 1, "业界": 1, "顶尖": 1, "结构": 3, "13.9": 1, "四": 6, "91%": 2, "占比": 7, "高清": 3, "分辨率": 3, "一览无余": 1, "超清": 1, "视野": 2, "3:2": 3, "生产": 2, "力屏": 1, "Office": 1, "办公": 8, "网页": 3, "浏览": 3, "内容": 2, "显示": 6, "比例": 3, "纵向": 1, "易于": 1, "编辑": 1, "分享": 5, "100%": 3, "sRGB": 3, "典型值": 4, "广色域": 2, "PPI": 1, "高达": 3, "260": 1, "亮度": 2, "450尼特": 1, "对比度": 2, "1500:1": 1, "低功耗LTPS": 1, "显示屏": 1, "支持": 21, "精度": 1, "十点": 1, "触控": 3, "人机": 1, "流畅": 4, "自主": 7, "开发": 2, "指": 1, "下滑": 4, "截屏": 4, "快速": 2, "随手": 1, "勾勒": 1, "截取": 1, "任意": 1, "形状": 1, "自动": 1, "识别": 2, "图片": 4, "内": 5, "转换": 1, "文本": 1, "贴心": 2, "突破": 3, "Android": 1, "Windows跨": 1, "系统": 11, "短": 1, "距离": 2, "传输": 6, "难题": 1, "简单": 2, "方式": 2, "碰": 6, "传": 2, "文件": 3, "传录屏": 2, "共享": 2, "剪": 2, "贴板": 2, "数据线": 1, "网络": 15, "环境": 1, "跨平台": 1, "互传": 1, "即刻": 1, "尽享": 1, "互联": 3, "第八代": 1, "(": 3, "Whiskey": 1, "Lake": 1, ")": 3, "英特尔": 7, "酷睿": 4, "i7-8565": 1, "U": 2, "处理器": 9, "NVIDIA": 2, "GeForce": 1, "MX250": 4, "显卡": 5, "2GB": 1, "GDDR5": 1, "独立": 3, "显存": 1, "搭配": 3, "鲨鱼": 3, "鳍风扇": 3, "2.0": 4, "澎湃": 1, "极速": 2, "快感": 1, "静谧": 1, "多任务": 1, "依然": 1, "顺滑": 1, "Thunderbolt": 2, "3": 7, "双向": 2, "数据": 10, "4": 2, "倍": 14, "带宽": 1, "速率": 3, "40": 3, "Gbps": 1, "轻松": 2, "外接": 1, "4K": 1, "双天线": 1, "WiFi": 1, "蓝牙": 5, "5.0": 1, "速度": 3, "快": 2, "信号": 2, "稳定": 3, "57.4Wh": 1, "超大": 1, "容量": 6, "电池": 6, "强劲": 1, "续航": 4, "本地": 3, "1080P": 3, "视频": 6, "播放": 3, "13": 2, "小时": 16, "/": 11, "12": 2, "延用": 1, "杜比": 1, "全景声": 2, "音响": 1, "定制化": 1, "高低音": 1, "分频": 1, "震撼": 1, "视听": 1, "指纹": 3, "隐藏式": 2, "摄像头": 9, "保护": 2, "隐私": 2, "屏轻": 1, "薄": 2, "血": 2, "出击": 1, "消费": 2, "人群": 5, "享受": 3, "旗舰级": 1, "推出": 14, "13一": 1, "上市": 4, "标杆": 1, "第二": 4, "此次": 5, "便携": 2, "满血": 1, "一身": 2, "致力于": 1, "职场": 1, "新人": 1, "高校": 1, "学生": 1, "工作": 5, "娱乐": 2, "强大": 4, "助手": 2, "2160": 1, "1440": 1, "1000:1": 1, "300尼特": 1, "典型": 1, "值": 1, "定义": 1, "档位": 2, "标准": 2, "家族": 1, "4.9mm": 1, "90%": 3, "超高屏": 2, "传统": 4, "16:9": 1, "可视": 1, "面积": 1, "提升": 7, "8.4%": 1, "压弹": 1, "第八": 3, "器i": 1, "7-8565U": 1, "高性能": 1, "TDP": 1, "25W": 1, "高速": 3, "固态": 1, "硬盘": 1, "选": 2, "配置": 3, "轻薄本": 1, "散热": 4, "提出": 1, "风扇": 4, "扇叶": 1, "仿鲨": 1, "鱼鳍": 1, "风量": 1, "18%": 1, "滤波": 2, "技术": 18, "七": 1, "颗": 2, "温度": 3, "传感器": 3, "实时": 2, "监控": 2, "平稳": 2, "降低": 1, "噪音": 1, "57.4": 1, "Wh": 1, "省电": 1, "管理": 1, "连续": 2, "10.5": 1, "配备": 7, "65": 1, "W充": 1, "电器": 2, "充电": 5, "分钟": 2, "即可": 2, "顺畅": 1, "针对": 3, "USB-C": 1, "HDMI": 1, "立体声": 1, "3.0": 1, "多种": 1, "扩展": 1, "连接": 7, "不再": 1, "繁琐": 1, "工具": 1, "PC": 8, "跨": 1, "指纹式": 1, "杜": 1, "迎合": 1, "时下": 1, "追求": 2, "个性": 1, "品质": 2, "效率": 2, "年轻": 1, "非凡": 1, "E夺目": 1, "本次": 1, "一个": 7, "重量级": 1, "彩蛋": 1, "基于": 4, "消费者": 21, "持续": 5, "习惯": 1, "洞察": 1, "公司": 7, "领域": 5, "多年": 1, "带到": 1, "在外": 1, "场所": 1, "受限": 1, "期待": 1, "永不": 1, "E内置4G": 1, "LTE": 3, "插入": 1, "Nano-SIM卡": 1, "Cat": 1, "16": 1, "下行": 1, "1Gbps": 1, "下载": 1, "1GB": 1, "电影": 1, "8": 6, "秒钟": 1, "4*4": 1, "MIMO": 1, "接收": 1, "4G": 4, "触达": 1, "专注": 1, "生产力": 2, "长": 3, "宽比2K": 1, "触控屏": 1, "轻": 1, "698g": 1, "8.5mm": 1, "皮质": 1, "后壳": 2, "兼具": 1, "高通": 7, "骁龙": 4, "850": 2, "计算": 2, "平台": 3, "独家": 2, "专利": 3, "助力": 1, "释放": 1, "加上": 2, "内置": 2, "36.3Wh": 1, "10": 9, "安心": 1, "运行": 3, "中心": 2, "理念": 1, "着眼": 1, "适宜": 1, "时间": 7, "全覆盖": 1, "E全": 1, "综合": 1, "实力": 3, "驱动": 3, "彰显": 1, "秉承": 1, "精品": 1, "战略": 4, "初心": 1, "经验": 1, "带入": 1, "产业": 1, "推动": 2, "行业": 3, "发展": 3, "硬": 1, "服务": 4, "软实力": 1, "加码": 1, "老": 1, "随新机": 1, "赠送": 2, "5": 6, "重装": 1, "免费": 3, "寄修": 1, "物流": 1, "7*24": 1, "人工": 2, "语音": 1, "X/MateBookX": 1, "MateBookD": 1, "2018": 1, "版": 1, "5月": 1, "全国": 1, "300多": 1, "市": 1, "1000多": 1, "授权": 4, "客户": 1, "加装": 1, "芯片": 37, "齐发": 1, "预售": 7, "18:08": 2, "商城": 2, "京东": 1, "旗舰店": 3, "天猫": 7, "苏宁": 12, "预约": 2, "期间": 2, "多重": 1, "好礼": 1, "！": 1, "i5/8GB": 1, "512GB": 6, "显版": 2, "独显版": 5, "售价": 24, "7999": 2, "元": 53, "8999": 1, "i7/8GB": 2, "i7/16GB/1TB": 1, "9999": 1, "13999": 2, "i5/8G/512": 1, "G集": 1, "i5/8G/512G": 1, "5699": 2, "5999": 1, "6999": 2, "8GB": 12, "256GB": 4, "3999": 4, "4999": 1, "未来": 8, "影像": 6, "2019": 1, "春季": 2, "开幕": 1, "P30/P30": 2, "机型": 1, "见面": 2, "国行": 2, "揭开": 1, "面纱": 1, "公布": 4, "6GB": 2, "+": 12, "128GB": 8, "3988": 6, "P30Pro": 3, "5488": 3, "来源": 3, "截图": 2, "799": 1, "欧元": 4, "人民币": 4, "6040": 1, "↓": 1, "999": 1, "7552": 1, "1099": 1, "8308": 1, "1249": 1, "9443": 1, "近日": 1, "坊间": 1, "流出": 1, "国行版": 2, "预计": 4, "传闻": 1, "引发": 4, "经销商": 1, "网上": 1, "5588": 1, "标价": 3, "价格": 4, "国外": 3, "下降": 1, "1000": 2, "1500": 2, "855": 2, "小米": 3, "9售价": 1, "2999": 1, "OPPO": 3, "Reno": 1, "变焦版": 1, "相比之下": 1, "麒麟980": 3, "不值": 1, "主打": 1, "摄影": 5, "拍照": 15, "宣传": 1, "功夫": 1, "业务": 17, "CEO": 3, "余承东": 21, "刷新": 2, "DXOMARK": 1, "摄影榜": 1, "分数": 3, "塑造": 1, "记录": 1, "厂家": 1, "想": 2, "超越": 2, "困难": 1, "说话": 1, "谦虚": 1, "还要": 1, "预支": 1, "定金": 1, "今日": 1, "店": 1, "取货": 1, "新机": 3, "充电宝": 1, "Mate": 1, "Book": 1, "电脑": 1, "浙江": 1, "24": 1, "——": 2, "钱江": 1, "晚报": 1, "记者": 7, "云山": 1, "朱银玲": 1, "干掉": 1, "相机": 3, "佳能": 1, "尼康": 1, "1日": 1, "下午": 3, "主题": 1, "主角": 2, "海外": 3, "排队": 4, "抢购": 5, "展示": 7, "特意": 1, "东方": 1, "体育馆": 1, "现场": 4, "搭建": 2, "小型": 1, "赛车场": 1, "P30pro": 6, "拍摄": 7, "飞驰": 1, "赛车": 1, "一个半": 2, "显微镜": 2, "望远镜": 3, "40多": 1, "媒体": 2, "第一": 8, "名": 2, "届": 1, "奥斯卡": 1, "世界": 6, "新闻": 3, "协会": 1, "年度": 2, "最佳": 2, "总裁": 2, "口袋": 1, "掏": 1, "境色": 1, "尖叫声": 1, "出色": 3, "能力": 8, "苹果": 48, "三星": 24, "同行": 1, "对比": 2, "北京": 1, "夜景": 2, "印尼": 1, "火山": 1, "墨西哥": 1, "水流": 1, "挪威": 1, "峡湾": 1, "巴西": 1, "落日": 1, "晚上": 1, "11点": 1, "跑步": 1, "深圳": 1, "发": 2, "朋友圈": 1, "很多": 2, "专业": 5, "变焦": 20, "背景": 1, "虚化": 1, "达成": 1, "Pro四": 1, "摄徕卡": 1, "镜头": 9, "硬件": 1, "方形": 1, "潜望式": 4, "3D": 1, "ToF": 2, "前所未有": 1, "算法": 3, "表现": 2, "称为": 3, "视场": 1, "数码": 1, "放大": 1, "系数": 1, "切换": 2, "长焦": 1, "～": 2, "合并": 1, "图像": 2, "超分辨率": 1, "组合": 3, "混合": 3, "DxOMark": 2, "排行榜": 1, "119分": 1, "97": 1, "总分": 1, "112": 1, "登顶": 1, "榜单": 1, "排名": 4, "名都": 2, "笑称": 1, "击败": 1, "只能": 1, "兄弟": 1, "品牌": 3, "mate": 1, "领先": 6, "太": 1, "2点半": 2, "4点": 1, "历时": 1, "3点半": 1, "防水": 2, "防尘": 2, "反向": 3, "7纳米": 1, "制程": 1, "麒麟": 1, "980": 1, "8G": 1, "内存": 1, "安兔兔": 1, "跑分": 1, "36万": 1, "足以": 1, "碾压": 1, "大部分": 2, "竞品": 1, "一块": 3, "4200": 2, "毫安": 1, "W有线": 1, "W无线": 1, "快充": 3, "上一代": 4, "15%": 2, "多功能": 1, "NFC": 1, "双频": 2, "GPS": 2, "导航": 1, "一应俱全": 1, "颜值": 1, "基础": 3, "尝试": 1, "溅镀膜": 1, "光彩": 1, "熠熠": 1, "光蓝": 1, "黑": 1, "珠光贝": 1, "母白": 1, "赤茶橘": 1, "镜": 1, "眼前": 1, "亮": 2, "感觉": 1, "取消": 2, "毫米": 2, "边缘": 1, "过渡": 1, "IP": 1, "68": 1, "级别": 1, "日常": 1, "恶劣": 1, "担心": 1, "标配": 1, "水滴": 1, "曲面屏": 1, "得益": 1, "COF": 1, "封装": 1, "下巴": 1, "都": 11, "30": 3, "70%": 1, "电量": 1, "电动": 1, "牙刷": 1, "胡须刀": 1, "半": 2, "320万": 2, "搜索": 2, "关心": 1, "＋": 6, "64GB": 1, "4288": 2, "4788": 2, "5988": 2, "本本": 1, "6788": 2, "限量": 3, "套装": 1, "5888": 1, "7188": 1, "18：08": 1, "即将": 1, "易购": 11, "发售": 3, "3月": 1, "37日": 1, "展开": 1, "盲定": 1, "纪录": 1, "截止": 2, "超过": 13, "关键词": 1, "3200万": 2, "像素": 4, "前置": 1, "50": 4, "美颜": 1, "俘获": 1, "女": 1, "粉丝": 1, "商务机": 1, "具备": 3, "属性": 1, "参与": 1, "相关": 4, "商品": 1, "6成": 1, "女性": 1, "近年来": 1, "步步": 1, "紧逼": 1, "IDC2018年": 1, "3季度": 1, "报告": 4, "群众": 1, "销量": 2, "排行": 1, "位居": 2, "首批": 2, "备货": 1, "500万": 2, "台": 18, "富士康": 3, "代工": 1, "彻夜": 2, "神器": 1, "开售": 5, "当天": 4, "买到": 2, "街上": 1, "排起": 1, "队": 1, "中午": 1, "店铺": 1, "售空": 1, "街头": 1, "排长队": 1, "LV": 1, "iPhone": 6, "新加坡": 1, "科威特": 1, "首销": 1, "凌晨": 1, "现象": 1, "旗舰机": 1, "备货量": 1, "后续": 1, "陆续": 1, "下单": 2, "1600万": 1, "终生": 1, "产量": 1, "2000万": 3, "河南": 1, "郑州": 2, "工厂": 3, "这家": 1, "主产地": 1, "消息": 3, "招人": 1, "生产线": 1, "员工": 1, "5万": 1, "五": 5, "累积": 1, "1000万": 1, "1月": 1, "1700万": 1, "最初": 2, "设定": 1, "目标": 9, "努力": 1, "2.5亿": 1, "出货量": 5, "2.06亿": 2, "增长": 6, "21%": 1, "2020年": 5, "进一步": 1, "挑战": 4, "3亿": 1, "会后": 1, "BG一年": 1, "研发": 9, "投入": 3, "60亿": 3, "美元": 12, "国产": 1, "厂商": 9, "采访": 3, "5G": 70, "销售": 5, "开放": 2, "态度": 1, "TASTER": 2, "&": 1, "机皇": 1, "降临": 1, "2点30分": 1, "国际": 2, "做出": 1, "评价": 1, "五星": 1, "满分": 1, "测评": 1, "稍": 1, "新一代": 1, "听筒": 1, "磁悬发": 1, "声屏": 1, "增加": 2, "屏占比": 2, "一大": 1, "亮点": 1, "共有": 1, "赤": 1, "茶橘": 1, "珠光": 1, "贝母": 1, "黑色": 2, "光色": 1, "颜色": 2, "名字": 1, "真的": 1, "文艺": 1, "出于": 1, "地位": 3, "ISO": 2, "204800": 1, "409600": 1, "数字": 1, "梗快": 1, "玩坏": 1, "模式": 1, "proI": 1, "SO可调": 1, "50-409600": 1, "曝光": 1, "30秒": 1, "暗光": 1, "早": 1, "耳闻": 1, "一点光": 1, "清晰": 1, "双景": 1, "录像": 2, "112分": 1, "放": 1, "超级": 10, "读取": 1, "20%": 1, "方舟": 1, "编译器": 2, "开源": 1, "呼吁": 1, "大app": 1, "编译": 1, "启动": 2, "GPU": 1, "Turbo": 1, "超低": 1, "时延": 1, "双卡": 1, "EMUI": 2, "9.1": 1, "UI": 1, "显得": 1, "年轻化": 1, "1": 1, "秒": 1, "唤醒": 1, "AI语音": 1, "AR": 1, "测量": 1, "补充": 1, "一点": 1, "车": 2, "钥匙": 1, "宝马": 1, "3系": 1, "车型": 1, "才": 2, "mA": 2, "H": 1, "3650": 1, "mAH": 1, "40w快充": 1, "星钻": 1, "保护壳": 1, "12000": 1, "W": 1, "华为p30": 1, "8+64": 1, "128": 2, "8+256": 1, "256": 1, "512": 1, "更多": 1, "第一手": 1, "资讯": 1, "请": 1, "终于": 1, "更新": 1, "视觉": 1, "手势": 2, "i7": 1, "8565": 1, "全速": 1, "四通道": 1, "首创": 1, "触屏": 1, "2160*1440": 1, "覆盖": 1, "色域": 1, "影视": 1, "后期": 1, "I7": 1, "安静": 1, "触摸屏": 1, "预装": 1, "正版": 1, "Windows": 1, "千兆": 1, "时刻": 1, "磁吸": 1, "键盘": 1, "2048": 1, "压": 1, "感手": 1, "写笔": 1, "顶配版": 1, "今晚": 2, "17日": 1, "顶配": 1, "E售价": 1, "二者": 1, "30日": 1, "零点": 1, "中国": 3, "flag": 1, "改写": 2, "规则": 2, "事实上": 1, "的确": 1, "超感光": 1, "革新": 1, "感光": 5, "空前": 1, "12日": 1, "迎来": 1, "品日": 4, "0点华": 1, "全天": 1, "现货": 1, "Pro亮": 1, "0点": 1, "10:08": 1, "购买": 7, "意向": 1, "同学": 1, "优惠": 3, "为此": 1, "换购": 3, "活动": 2, "可持": 1, "旧机": 3, "参加": 2, "以旧换新": 1, "补贴": 3, "400": 1, "购机": 2, "划算": 1, "6": 3, "GB": 1, "评估": 1, "1770": 1, "给予": 1, "额外": 2, "抵扣": 1, "金额": 1, "大概": 1, "1880": 1, "2408": 1, "超值": 1, "旧": 1, "福利": 2, "抽奖": 1, "赢": 1, "音箱": 3, "自拍杆": 3, "在内": 1, "精美": 1, "礼品": 1, "收到": 1, "晒单": 1, "三脚架": 1, "妥妥": 1, "Super": 1, "会员": 1, "未": 4, "退货": 1, "名将": 1, "随机": 1, "赠": 4, "赚到": 1, "攻略": 1, "想要": 3, "多多": 1, "直降": 2, "300": 1, "期": 2, "任性": 1, "付": 1, "免息": 2, "3088": 1, "Mate20": 1, "官网价": 1, "500": 1, "3499": 1, "乐心": 2, "手环": 2, "nova": 1, "100": 1, "2699": 1, "nova4e": 1, "1999": 1, "信息": 2, "官网": 1, "买": 1, "吃亏": 1, "营收": 2, "运营商": 4, "收入": 5, "BG": 2, "负责人": 1, "场": 2, "财经": 1, "态势": 1, "计划": 2, "份额": 3, "明年": 2, "把握": 2, "卖出": 2, "荣耀": 2, "希望": 5, "上个月": 1, "年报": 2, "发货量": 1, "525亿": 1, "IDC": 2, "调研": 1, "统计": 1, "第三": 3, "差距": 1, "会议": 1, "创始人": 2, "任正非": 5, "透露": 2, "2023年": 2, "1500亿": 6, "集团": 3, "2500-3000亿": 1, "之间": 1, "至少": 3, "500亿": 3, "40%": 3, "摄": 2, "介绍": 1, "专业级": 1, "4000万": 1, "素超": 2, "广角": 1, "800万": 1, "产业链": 1, "披露": 1, "模块": 2, "独占": 1, "索尼": 1, "SONY": 1, "IMX607": 1, "CMOS": 1, "3800万": 1, "汇顶": 1, "独供屏": 1, "AMOLED": 1, "别人": 2, "半步": 1, "很快": 1, "追上": 1, "条": 2, "街": 1, "对手": 2, "就要": 1, "一两": 1, "追": 1, "近期": 1, "美国": 14, "打压": 2, "确实": 1, "广告": 1, "原本": 1, "原因": 6, "费用": 1, "价值": 1, "拍": 1, "照片": 1, "越来越": 2, "靠近": 1, "痛点": 1, "合成": 1, "机会": 2, "单反": 1, "3日": 1, "心声": 1, "论坛": 1, "刊登": 1, "份": 1, "讲话": 2, "改革": 4, "重点": 2, "CNBG": 2, "BG（CBG": 1, "亲自": 1, "抓": 1, "精力": 1, "管道": 1, "联接": 1, "做成": 1, "高地": 1, "CBG": 1, "军团": 1, "作战": 1, "组织": 2, "薪酬": 2, "体系": 2, "管委会": 1, "管辖": 1, "权利": 1, "分配": 1, "边界": 1, "放开": 1, "实验": 1, "支": 1, "铁军": 1, "说道": 1, "每次": 1, "提前": 1, "接手": 1, "亏损": 1, "盈利": 1, "看起来": 2, "解放": 1, "树苗": 1, "空间": 1, "欧洲": 2, "西班牙": 1, "芬兰": 1, "国家": 5, "发达": 1, "三台": 1, "晚": 1, "50%": 2, "生态": 1, "蛋糕": 1, "家居": 1, "值得一提的是": 2, "再次": 2, "家电": 1, "电视": 1, "排除": 1, "AI音箱": 1, "电视机": 1, "政府": 4, "后门": 1, "禁止": 2, "设备": 1, "抵制": 2, "西欧": 1, "各国": 1, "纷纷": 1, "拥抱": 1, "眼": 1, "联盟": 2, "宣告": 2, "瓦解": 1, "最新": 1, "报道": 3, "4万多": 1, "基站": 2, "英国": 1, "瑞士": 1, "泰国": 1, "菲律宾": 1, "马来西亚": 1, "地区": 7, "东南亚": 1, "最为": 1, "签订": 1, "30多": 1, "商用": 6, "合同": 1, "选择": 3, "合作": 4, "建设": 3, "整体": 2, "数额": 1, "占": 6, "订单": 1, "一半": 1, "失败": 1, "部署": 1, "起到": 1, "作用": 1, "威胁": 1, "德国": 2, "喊话": 2, "指手画脚": 1, "禁用": 2, "几日": 1, "电信": 1, "证据": 1, "极其": 1, "公平": 1, "韩国": 3, "开通": 1, "试运营": 1, "不少": 1, "处于": 4, "阶段": 1, "普及": 3, "段": 1, "我国": 3, "下半年": 1, "城市": 1, "试商": 1, "联发科": 4, "焦头烂额": 1, "生死存亡": 1, "之际": 1, "柳暗花明": 1, "文": 1, "张继文": 1, "亿": 1, "欧": 1, "专栏": 1, "作者": 1, "9日": 1, "外国": 1, "科技类": 1, "网站": 1, "Engadget": 1, "改变": 1, "一贯": 1, "立场": 1, "竞争": 1, "出售": 3, "作出": 1, "回应": 1, "究竟": 1, "赛道": 1, "输": 1, "起跑线": 1, "元年": 1, "却说": 1, "外界": 1, "亮相": 1, "基带": 4, "这是": 2, "未能": 1, "流言": 1, "确有其事": 1, "销售量": 1, "呈": 1, "下坡": 1, "趋势": 1, "同比": 1, "3．2％": 1, "2．088亿": 1, "五大": 1, "企业": 4, "当中": 1, "幅度": 1, "－8．0％": 1, "走": 4, "前列": 3, "缺席": 1, "在于": 1, "缺失": 1, "关系": 1, "微妙": 1, "案": 1, "吵": 1, "沸沸扬扬": 1, "侵权": 1, "反垄断": 1, "众多": 1, "解决": 1, "拒绝": 4, "LTE调": 1, "制解": 1, "调器": 1, "XS": 1, "XR": 1, "断定": 1, "短期": 1, "可能性": 1, "不大": 1, "打官司": 1, "愉快": 1, "Fast": 1, "Company": 1, "XMM": 2, "8160": 2, "出货": 1, "推迟": 1, "2020": 1, "难度": 1, "厂": 1, "外媒": 2, "产能": 2, "理由": 3, "审核": 1, "不对": 1, "放出": 1, "或许": 1, "试探": 1, "大公无私": 1, "遥遥领先": 1, "三大": 1, "运营": 1, "套餐": 1, "单独": 1, "陷入": 1, "窘境": 1, "深层": 1, "位于": 1, "紧随": 1, "Counterpoint": 1, "分析": 1, "亚洲": 1, "17%": 1, "vivo": 1, "13%": 1, "12%": 2, "差不多": 1, "北美": 2, "远远": 2, "拉丁美洲": 1, "中东": 1, "非洲": 1, "找到": 1, "合适": 1, "供应商": 1, "落后": 2, "乘机": 1, "吞下": 1, "小算盘": 1, "看似": 1, "冲破": 1, "封锁": 1, "件": 1, "好事": 1, "贸然": 1, "违背": 1, "意愿": 1, "转战": 1, "一棵树上吊死": 1, "如果说": 2, "想法": 2, "进军": 1, "占领": 1, "有望": 1, "端到端": 1, "Balong": 3, "5000": 3, "Sub-6": 1, "GHz": 1, "Wave": 1, "NSA": 1, "SA": 1, "统统": 1, "符合": 1, "GPP": 1, "Release": 1, "概": 1, "外卖": 1, "不外": 1, "卖": 1, "先进": 1, "多模": 1, "全网通": 1, "关键": 2, "状态": 1, "完美": 1, "家庭": 1, "宽带": 1, "车载": 1, "模组": 1, "以往": 1, "万物": 2, "智联": 1, "不可或缺": 1, "一部分": 1, "重中之重": 1, "结论": 1, "宝贝": 1, "让给": 1, "友商": 1, "中兴": 3, "面临": 1, "无芯": 1, "危机": 1, "一败涂地": 1, "发挥": 1, "功效": 1, "商业": 1, "路": 1, "国内外": 1, "疯狂": 1, "追逐": 1, "自由": 1, "摩根大通": 1, "2021年": 1, "中高端": 1, "8000万": 1, "2亿": 1, "陡升": 1, "10%": 1, "25%": 1, "射频": 3, "前端": 1, "通信": 2, "组件": 1, "芯片组": 1, "除基": 1, "带主": 1, "组成部分": 1, "YOLE": 1, "规模": 3, "滤波器": 2, "功放": 1, "总和": 1, "80%": 1, "~": 1, "开关": 1, "波元": 1, "器件": 1, "第四": 3, "革命": 3, "工业": 2, "公路": 2, "地基": 1, "长期以来": 1, "欺压": 1, "芯": 1, "痛": 1, "意识": 1, "重要性": 1, "迎接": 1, "到来": 1, "研制": 1, "生存": 1, "法宝": 1}