{"发现": 2, "很多": 7, "年轻人": 2, "喜欢": 6, "苹果": 10, "小米": 4, "手机": 42, "居多": 1, "上次": 1, "统计": 1, "数据": 10, "显示": 3, "魅族": 2, "大学生": 1, "品牌": 7, "紧随": 1, "其后": 1, "荣耀": 1, "系列": 7, "眼里": 1, "选": 1, "华为": 250, "年级": 1, "稍长": 1, "一点": 8, "父母": 13, "长辈": 4, "都": 16, "情怀感": 1, "每每": 1, "支持": 24, "国产": 2, "帖子": 1, "都会": 2, "热血": 1, "澎湃": 1, "深得人心": 1, "买": 5, "小编": 1, "首选": 2, "形象": 1, "高端": 4, "感觉": 4, "殊不知": 1, "低端": 1, "百元机": 2, "肯定": 4, "大续航": 1, "外观": 3, "好看": 1, "手里": 2, "大气": 3, "嘱咐": 1, "浪费": 1, "钱": 3, "实用": 1, "贵": 1, "配置": 2, "款": 8, "新机": 1, "很": 18, "符合": 3, "老人机": 1, "定位": 3, "畅享9": 4, "畅享": 4, "9": 3, "完美": 2, "融合": 1, "一体": 1, "新潮": 1, "视觉": 2, "感受": 1, "厚度": 2, "8.1mm": 1, "刚刚": 1, "厚": 1, "显得": 2, "笨重": 1, "薄": 1, "分量": 1, "配备": 1, "一块": 1, "高达": 4, "6.26": 1, "英寸": 1, "屏": 2, "采用": 7, "珍珠屏": 1, "设计": 8, "屏占": 1, "86.7%": 1, "突破": 7, "整体": 4, "看华": 1, "简约": 1, "风格": 1, "配合": 2, "纳米": 1, "注塑": 1, "工艺": 2, "后盖": 2, "流光溢彩": 1, "P20": 2, "这般": 1, "唯美": 1, "机身": 1, "廉价": 1, "机型": 1, "以假乱真": 1, "旗舰": 1, "微信": 1, "卡": 2, "拍照": 1, "够用": 1, "1300万": 1, "+": 3, "200万": 1, "像素": 1, "双摄": 1, "搭配": 1, "辨识度": 1, "Logo": 1, "并排": 1, "摄": 1, "镜头": 1, "下方": 1, "这是": 7, "家族式": 1, "成功": 2, "美学": 1, "一个": 23, "中低端": 1, "拥有": 7, "看重": 1, "双卡": 1, "双待": 1, "功能": 3, "1三": 1, "卡槽": 1, "自制": 1, "SIM": 1, "放": 1, "进去": 1, "TIF卡": 1, "值得": 4, "庆祝": 1, "512GB": 2, "存储": 1, "电视剧": 1, "下载": 1, "半": 2, "扩展": 1, "给力": 1, "做工": 1, "金属": 3, "喷漆": 2, "仿制": 1, "金属漆": 1, "效果": 1, "媲美": 1, "质感": 2, "手感": 1, "磨砂": 1, "2.5D": 1, "玻璃": 1, "优秀": 1, "环绕": 1, "音效": 1, "骁龙": 1, "450": 1, "处理器": 1, "亮点": 2, "4000": 1, "mAh": 1, "电池": 1, "畅快": 1, "玩": 1, "清晰": 2, "老年人": 1, "需求": 7, "送给": 1, "担心": 2, "！": 26, "999": 1, "元": 1, "备注": 1, "：": 36, "图片": 1, "来源": 6, "网络": 42, "侵权": 1, "烦请": 1, "删除": 1, "1月": 8, "24日": 4, "5G": 191, "发布会": 15, "暨": 8, "MWC2019": 4, "预": 2, "沟通": 2, "北京": 7, "常务": 9, "董事": 9, "、": 101, "运营": 6, "BG": 6, "总裁": 9, "丁耘": 15, "主题": 2, "演讲": 1, "正式": 9, "发布": 30, "业内": 2, "首款": 23, "基站": 40, "核心": 9, "芯片": 51, "天罡": 16, "超高集": 2, "成度": 2, "超强": 2, "运算": 4, "能力": 20, "以往": 3, "性能": 9, "增强": 2, "2.5": 7, "倍": 9, "单芯片": 1, "控制": 3, "64路": 2, "通道": 3, "200M": 4, "运营商": 21, "频谱": 10, "带宽": 6, "到位": 1, "未来": 8, "部署": 10, "现场": 7, "展示": 4, "4G": 14, "对比": 1, "据悉": 2, "集成度": 3, "安装": 17, "简单": 6, "具备": 1, "杆": 1, "建站": 1, "特性": 1, "体积": 2, "米": 1, "一半": 5, "人力": 1, "搬动": 1, "时间": 13, "节省": 8, "35%": 1, "日前": 1, "IMT-2020": 1, "(": 5, ")": 5, "推进": 2, "京": 1, "技术": 39, "研发": 8, "试验": 1, "第三": 2, "阶段": 3, "2019年": 3, "大赛": 1, "启动会": 1, "会上": 7, "测试": 8, "成果": 4, "场景": 9, "各项": 1, "遥遥领先": 1, "100MHz": 1, "带": 2, "宽下": 1, "64T64": 1, "R": 1, "Sub": 1, "6G": 1, "Hz": 1, "小区": 1, "下行": 3, "峰值": 1, "超过": 7, "14.5": 1, "Gbps": 1, "刷新": 1, "业界": 5, "记录": 1, "一行": 1, "水穷处": 1, "坐": 2, "云起": 1, "迎来": 1, "艰难": 3, "时刻": 1, "加拿大": 10, "媒体": 6, "爆出": 1, "美国": 17, "提出": 4, "引渡": 3, "申请": 1, "司法部": 1, "予以": 1, "证实": 1, "突然之间": 1, "峰回路转": 1, "暖风": 1, "徐": 1, "形势": 1, "悄悄": 1, "转机": 1, "大国": 1, "变幻": 1, "脸": 2, "帮凶": 1, "改口": 1, "外媒": 3, "报道": 6, "驻华": 1, "大使": 1, "约翰·麦卡勒姆": 1, "倒戈": 1, "缺陷": 1, "高管": 4, "理由": 1, "反对": 2, "希望": 6, "很快": 1, "获释": 1, "态度": 2, "转缓": 1, "西方": 7, "国家": 33, "不止": 1, "跳脚": 1, "凶": 1, "新西兰": 5, "捷克": 4, "23日": 2, "总理": 2, "阿德恩": 1, "公开": 2, "保证": 1, "给予": 1, "公平": 1, "对待": 1, "180": 1, "度": 2, "盟友": 2, "去年": 4, "11月": 1, "27日": 1, "风险": 1, "为由": 2, "下达": 1, "禁令": 1, "总统": 1, "电视": 1, "讲话": 1, "针对": 3, "指控": 1, "商业": 6, "竞争": 2, "借口": 1, "4月": 1, "访华": 1, "期间": 1, "尝试": 1, "平息": 1, "局势": 1, "负责人": 1, "会面": 1, "无疑": 2, "一大": 1, "反转": 1, "此前": 5, "巴比什": 1, "政府": 7, "工作": 1, "人员": 1, "弃用": 1, "英国": 26, "文化": 1, "大臣": 2, "杰里米·赖特": 1, "当局": 1, "禁止": 5, "合同": 5, "意味着": 2, "竞标": 1, "敏感": 1, "性质": 1, "法国": 3, "质疑": 2, "声": 1, "信号": 1, "参与": 2, "草拟": 1, "第五": 1, "通信": 2, "审查": 1, "议员": 3, "该国": 1, "抵制": 2, "情况": 3, "确保": 3, "下一代": 1, "通讯": 1, "安全性": 1, "一幕幕": 1, "好气": 1, "好笑": 1, "联手": 2, "扼杀": 3, "出师未捷": 1, "乱": 1, "联盟": 2, "裂缝": 1, "估计": 1, "幕": 1, "脑袋": 1, "快": 15, "摇掉": 1, "年头": 1, "人心": 2, "散": 1, "队伍": 1, "没错": 1, "臭名昭著": 1, "五": 1, "眼": 1, "炮制": 1, "场": 1, "阴谋": 1, "进展": 4, "顺利": 1, "人为刀俎": 1, "我为鱼肉": 1, "对不起": 1, "世界": 14, "中国": 30, "淡定": 1, "一家": 6, "国际": 4, "企业": 7, "理性": 2, "克制": 2, "专业": 1, "风范": 1, "；": 16, "隐忍": 2, "冷静": 2, "来源于": 1, "实力": 10, "自信": 1, "软硬两手": 1, "攻心战": 1, "1": 2, "硬": 2, "一手": 2, "强到": 2, "近乎": 2, "无可": 1, "替代": 1, "拒绝": 7, "自绝": 1, "时代": 7, "处在": 1, "全球": 48, "视线": 1, "焦点": 1, "之中": 2, "最新": 4, "颗": 3, "——": 16, "可不": 1, "提升": 9, "算法": 4, "极宽": 3, "尺寸": 5, "缩小": 3, "超": 8, "50%": 3, "重量": 4, "减轻": 3, "23%": 3, "功耗": 6, "21%": 3, "标准": 7, "打造": 3, "简": 3, "助推": 2, "大规模": 7, "快速": 4, "模": 5, "终端": 31, "Balong": 8, "5000": 11, "巴龙": 3, "基于": 6, "商用": 28, "CPE": 6, "Pro": 4, "选择": 4, "这时候": 1, "肌肉": 4, "绝不": 2, "赶巧": 1, "策略": 1, "全世界": 2, "接受": 6, "任正非": 7, "霸气": 1, "产品": 12, "欧美": 1, "傻": 1, "亏": 1, "有时候": 1, "对手": 3, "放弃": 1, "挑战": 4, "强悍": 1, "好多": 1, "活儿": 1, "望尘莫及": 1, "心服口服": 1, "难以": 1, "打败": 1, "地步": 1, "徒劳": 1, "合作": 9, "也许": 2, "轮": 1, "过招": 1, "结论": 1, "软": 1, "苦口婆心": 1, "摆": 1, "事实": 3, "讲": 1, "道理": 1, "消除": 1, "顾虑": 1, "事件": 2, "发生": 2, "歇斯底里": 1, "法律": 3, "遵守": 2, "所在国": 1, "法规": 1, "有理": 2, "节地": 1, "公关": 2, "活动": 2, "这几天": 1, "连续": 1, "国内外": 1, "采访": 3, "国内": 4, "社会": 1, "关心": 1, "回答": 2, "涉及": 1, "隐私": 1, "保护": 1, "致力于": 1, "客户": 13, "站": 2, "损害": 1, "利益": 4, "外交部": 1, "公司": 4, "后门": 1, "价值观": 1, "第一": 5, "中心": 5, "组织": 1, "规则": 1, "背景": 2, "政治": 3, "信仰": 1, "实体": 1, "将要": 1, "之间": 1, "想": 5, "缓解": 1, "外界": 2, "偏见": 1, "猜测": 1, "信誉": 1, "恢复": 1, "起到": 1, "作用": 2, "软硬": 1, "两手": 1, "长": 2, "路程": 1, "责任": 1, "理想": 1, "综合": 7, "软实力": 1, "太极拳": 2, "太极": 1, "八卦": 1, "轻轻": 1, "柔柔": 1, "舞动": 1, "沙土": 1, "陷": 1, "2-3": 1, "公分": 1, "浅坑": 1, "表面": 1, "看似": 1, "力量": 2, "内表": 1, "含义": 1, "内功": 1, "打破": 2, "封锁": 2, "打赢": 1, "胜仗": 1, "目标": 4, "三": 5, "经济": 2, "现实": 3, "考量": 1, "因素": 1, "封杀": 2, "无故": 1, "羁押": 1, "有人": 1, "试探": 1, "底线": 1, "实际上": 1, "超级大国": 1, "动用": 1, "公器": 1, "不遗余力": 2, "不折": 1, "手段": 2, "追杀": 1, "高科技": 1, "高低": 1, "优劣": 1, "分晓": 1, "公道": 3, "自在": 1, "流氓级": 1, "愿望": 1, "落空": 1, "悔不当初": 1, "反击": 2, "无端": 1, "中方": 1, "可谓": 2, "有节": 1, "本来": 1, "价值": 3, "数十亿": 1, "美元": 3, "大单": 1, "不翼而飞": 1, "殃及池鱼": 1, "错误": 1, "蒙受": 1, "巨额": 1, "损失": 3, "反复": 2, "崛起": 2, "走": 1, "国强": 1, "必霸": 1, "老路": 1, "各国": 1, "携手": 2, "前行": 1, "创": 1, "达沃斯": 1, "论坛": 1, "再次": 3, "发出": 1, "掷地有声": 1, "宣示": 1, "始终": 2, "和平": 1, "建设者": 1, "发展": 19, "贡献者": 1, "秩序": 1, "维护者": 1, "惹事": 1, "相关": 3, "理解": 1, "才能": 1, "就算": 1, "执意": 1, "打压": 4, "内部": 2, "铁板一块": 1, "充当": 1, "遏制": 3, "马前卒": 1, "情报": 1, "部门": 3, "华": 4, "友好": 3, "保守": 2, "势力": 3, "不乏": 1, "商界": 1, "人物": 1, "认同": 1, "事实上": 3, "面对": 3, "威逼": 1, "利诱": 1, "老大哥": 2, "脸色": 1, "面子": 1, "直面": 1, "毕竟": 2, "真的": 3, "在乎": 1, "建设": 9, "早点": 1, "搞": 3, "甩": 1, "月球": 1, "莫须有": 1, "不在乎": 1, "说话": 1, "战略": 1, "四": 2, "古话": 1, "多难": 1, "兴邦": 1, "俄罗斯": 1, "作家": 1, "阿·托尔斯泰": 1, "强大": 1, "清水": 1, "洗": 1, "碱水": 1, "煮": 1, "盐水": 1, "腌": 1, "何尝": 1, "世事": 1, "预期": 5, "难免": 2, "下绊": 1, "马索": 1, "刁难": 1, "险阻": 1, "处境": 2, "制造": 2, "青山": 1, "遮": 1, "不住": 2, "东流": 1, "压制": 1, "明白": 1, "重要性": 1, "经风": 1, "历雨": 1, "质量": 1, "越来越": 3, "高大上": 1, "或许": 1, "危与机": 1, "弱": 1, "进取": 1, "辩证法": 1, "闻": 1, "困难": 1, "悲观": 1, "投降": 2, "出路": 1, "蹂躏": 1, "敢于": 1, "亮剑": 1, "提刀": 1, "跨马": 1, "杀敌": 1, "有志者": 1, "竟": 1, "破釜沉舟": 1, "百二": 1, "秦": 1, "关终": 1, "属楚": 1, "苦心人": 1, "负": 1, "卧薪尝胆": 1, "三千": 1, "甲": 1, "吞吴": 1, "加油": 2, "外国": 1, "新闻": 2, "举办": 4, "2019": 11, "大会": 5, "预沟": 5, "通会": 5, "强势": 1, "市场": 15, "强者": 1, "受邀": 1, "前往": 1, "DT君": 1, "获悉": 1, "5G商": 1, "速度": 5, "增长": 3, "远远": 2, "评估": 2, "30": 3, "25000": 2, "发": 5, "世界各地": 3, "近来": 1, "发货": 5, "进度": 5, "DT": 5, "君": 5, "访问": 1, "状况": 3, "想象": 1, "本次": 5, "介绍": 6, "近期": 3, "推出": 10, "装有": 3, "AI": 6, "大脑": 2, "交换机": 3, "自动": 4, "驾驶": 4, "|": 4, "这次": 3, "内容": 3, "设备": 17, "解决": 10, "方案": 7, "重点": 6, "在于": 3, "极简": 6, "意义": 1, "洞见": 1, "难处": 1, "成本": 4, "布署": 6, "服务": 20, "推行": 1, "以此": 3, "出发点": 1, "欧盟": 1, "吊车": 1, "8000": 1, "1.8": 1, "大型": 1, "吊装": 1, "影响": 3, "规格": 3, "能量": 1, "角度": 2, "先前": 2, "创办人": 1, "透露": 5, "销售": 3, "跑": 2, "2018": 8, "年底": 3, "出货量": 7, "万多": 1, "台": 14, "24": 5, "公布": 3, "出货": 2, "已然": 1, "一路": 1, "飙高": 1, "水平": 3, "名字": 2, "合约": 1, "签订": 1, "数量": 6, "增加": 1, "算力": 5, "突破性": 2, "集成": 4, "首次": 4, "低": 3, "天面": 2, "有源": 1, "PA": 1, "功放": 2, "无源": 2, "阵子": 2, "搭载": 3, "Beamforming": 2, "波束": 2, "赋形": 2, "64": 1, "路": 2, "一步到位": 2, "AAU": 1, "带来": 10, "革命性": 1, "站点": 3, "获取": 2, "难": 2, "高等": 2, "长期": 2, "致力": 3, "基础": 3, "科技": 4, "投入": 5, "率先": 5, "规模": 7, "关键": 3, "领先": 4, "端": 13, "运维": 5, "推动": 6, "生态": 4, "成熟": 4, "太": 2, "网零": 2, "丢包": 2, "端时": 2, "延降": 2, "10": 3, "微秒": 2, "8W": 2, "主流": 2, "25": 2, "双路": 2, "CPU": 2, "服务器": 2, "计算": 2, "面向": 6, "引入": 3, "全栈": 2, "SoftCOM": 1, "能源": 2, "效率": 5, "用户": 8, "体验": 18, "倍增": 2, "消费者": 11, "业务": 13, "CEO": 6, "余承东": 14, "多模": 1, "发表": 2, "模单": 1, "架构": 4, "NSA": 1, "SA": 1, "唯一": 1, "FDD/TDD": 1, "跨越": 1, "200MHz": 1, "上行": 2, "传输": 2, "2.5Gbps": 1, "4.6Gbps": 1, "毫米": 1, "波": 1, "部份": 3, "3.5Gbps": 1, "6.5Gbps": 1, "3": 3, "GPP": 1, "R14": 1, "V2x": 1, "固定": 2, "起手式": 1, "首度": 1, "MWC": 5, "对外": 1, "折叠式": 3, "所在": 1, "内": 8, "启动": 1, "产业": 1, "试水": 1, "韩国": 7, "电信": 6, "KT": 1, "年平昌": 1, "冬奥会": 1, "首秀": 1, "AT&T": 1, "Verzon": 1, "下半年": 1, "无线": 5, "计划": 3, "预商": 3, "欧洲": 2, "日本": 2, "时间表": 1, "放在": 1, "2020": 1, "必争之地": 1, "外场": 2, "验证": 4, "截至": 3, "今日": 2, "25,000": 2, "刀片式": 2, "统一": 2, "模块化": 2, "单元": 2, "刀片化": 2, "模块": 2, "任意": 2, "拼装": 4, "积木": 2, "便捷": 3, "会后": 1, "专访": 1, "提问": 1, "段": 1, "说服": 2, "加速": 2, "提供": 5, "武器": 2, "进一步": 3, "发货量": 4, "拉动": 2, "地区": 2, "预想": 1, "还要": 1, "5,500": 3, "从来": 1, "未曾": 1, "预估": 1, "生产": 1, "产品线": 3, "杨超彬": 1, "2008": 1, "年定": 1, "2009": 1, "才": 3, "商用化": 1, "到底": 1, "到来": 2, "连接": 5, "速率": 3, "大幅": 2, "提高": 1, "全新": 2, "开启": 2, "互联网": 3, "G": 1, "比特级": 1, "接入": 9, "超越": 4, "视频": 3, "流量": 1, "无限": 1, "容量": 1, "本质": 1, "变化": 1, "推升": 1, "游戏": 1, "普及": 3, "AR": 1, "低延": 1, "VR": 1, "eMBB": 1, "实时": 1, "延时": 1, "原生": 2, "平台": 4, "催生物": 1, "联网": 2, "创新": 5, "变革": 1, "工业": 1, "领域": 4, "机器人": 1, "机器": 1, "学习": 1, "全云化": 1, "各行各业": 1, "制造业": 1, "运输": 1, "/": 1, "物流业": 1, "智慧": 12, "城市": 3, "垂直": 1, "行业": 4, "运行": 1, "套": 1, "物理": 2, "设施": 1, "生成": 1, "相互": 1, "隔离": 1, "切片": 3, "数字化": 1, "支柱型": 1, "独立": 2, "逻辑": 1, "强化": 1, "加密": 3, "认证": 2, "一体化": 1, "延续": 1, "接入网": 2, "核心网": 1, "分离": 1, "PDCP": 1, "层": 2, "IPSec": 1, "不可见": 1, "网路": 1, "万物": 8, "互联": 4, "可用性": 1, "升级": 2, "线化": 1, "默认": 1, "在线": 1, "急速": 1, "超出": 1, "人类": 1, "手动": 1, "管理": 2, "自动化": 1, "趋势": 2, "秀": 2, "起跑": 1, "讯息": 1, "项": 1, "天线": 1, "关注": 4, "相较于": 1, "看法": 2, "消融": 1, "心底": 1, "疑虑": 1, "后续": 2, "潜力": 1, "期待": 1, "效能": 1, "好装": 1, "维护": 1, "方方面面": 1, "单单": 1, "丁耘所": 1, "提到": 2, "短短": 1, "建置": 1, "对此": 2, "装置": 1, "信心": 1, "智能": 9, "惊喜": 1, "打算": 2, "后悔": 3, "话题": 1, "频频": 1, "引发": 1, "热议": 1, "联通": 1, "16": 1, "相继": 1, "开设": 1, "试点": 1, "此后": 1, "电话": 1, "打通": 2, "远程": 1, "手术": 1, "消息": 1, "传来": 1, "不得不": 2, "惊叹": 1, "我国": 2, "走在": 1, "最前沿": 1, "开发": 2, "提": 1, "熟悉": 1, "做出": 2, "贡献": 1, "有目共睹": 1, "如今": 5, "付出": 1, "添上": 1, "浓墨重彩": 1, "笔": 1, "频宽": 1, "频带": 1, "预计": 1, "减少": 1, "春晚": 2, "4k": 1, "直播": 1, "这一切": 1, "得益": 1, "力度": 1, "决心": 2, "居": 1, "首位": 1, "位列": 1, "前茅": 1, "创始人": 3, "央视": 1, "微波": 2, "足以": 1, "底气": 1, "此次": 2, "体现": 1, "一马当先": 1, "气势": 1, "小动作": 1, "恶劣": 1, "行径": 1, "带头": 1, "搞出": 1, "24MB/S": 1, "上线": 1, "着实": 1, "简直": 1, "完爆": 1, "接纳": 1, "伸出": 1, "橄榄枝": 1, "澳大利亚": 1, "邀请": 2, "不少": 1, "仅仅": 1, "印度": 1, "改": 1, "全权": 1, "负责": 1, "实验": 1, "苦苦": 1, "支撑": 1, "90%": 1, "改造": 1, "市电": 1, "放眼": 1, "所有人": 1, "面前": 1, "不服": 1, "看点": 1, "实在": 1, "一番": 1, "感慨": 1, "国外": 1, "知名": 1, "彭博社": 1, "致信": 2, "分公司": 3, "董事长": 1, "进驻": 1, "介入": 1, "海外": 3, "担忧": 1, "声称": 1, "29日": 1, "作出": 1, "回复": 1, "成立": 2, "2001年": 1, "遍布": 1, "1400": 1, "员工": 1, "70%": 1, "大部分": 1, "早": 1, "2018年": 7, "年末": 1, "看作": 2, "认可": 1, "12月": 1, "初": 1, "集团": 2, "British": 1, "Telecom": 1, "BT": 1, "声明": 2, "当中": 2, "说到": 1, "现有": 1, "3G": 2, "移除": 2, "算": 3, "这家": 1, "终止": 1, "反而": 1, "近日": 1, "国会": 1, "供应": 1, "安排": 1, "光纤": 1, "过程": 1, "并未": 1, "风吹草动": 1, "公然": 2, "包括": 2, "在内": 3, "原因": 1, "极其": 1, "物美价廉": 1, "眼中": 1, "价格": 1, "实惠": 1, "被迫": 1, "压力": 1, "只能": 2, "无奈": 2, "东莞": 1, "检查": 1, "实验室": 1, "答案": 1, "逼": 1, "题外": 1, "到时候": 1, "后悔莫及": 1, "琛谈": 1, "网事": 1, "热点": 1, "跟踪": 1, "实事": 1, "分析": 1, "分享": 1, "异常": 1, "热闹": 1, "Redmi": 1, "雷军": 2, "红米Note7": 1, "罕见": 1, "发飙": 1, "狂怼": 1, "友商": 1, "不久后": 1, "OPPO": 3, "混合": 1, "变焦": 1, "相机": 1, "区域": 1, "屏下": 1, "指纹": 1, "解锁": 1, "亮相": 1, "vivo": 1, "即将": 2, "APEX2019": 1, "概念机": 1, "疯狂": 1, "造势": 1, "不料": 1, "前一天": 1, "李楠": 1, "截胡": 1, "拿下": 1, "孔": 1, "荣誉": 1, "称号": 1, "懂": 1, "2亿": 1, "当下": 1, "酝酿": 1, "大招": 1, "下午": 2, "13点10分": 1, "官微": 1, "发文": 1, "首屈一指": 2, "高速": 2, "生活": 12, "巴展": 1, "指日可待": 1, "11": 1, "分钟": 1, "当天": 1, "13点21分": 1, "转发": 1, "评论": 1, "新世界": 1, "展开": 1, "唤醒": 1, "感知": 1, "自由": 1, "疾速": 1, "新篇章": 1, "巴塞罗那": 2, "揭开": 1, "文字": 1, "加上": 1, "大展": 1, "表情": 1, "符号": 1, "不用": 1, "嘻嘻": 1, "接下来": 1, "动真格的": 1, "三星": 5, "巨头": 1, "风口": 1, "机遇": 1, "争夺": 1, "莫过于": 1, "AIoT": 3, "5": 1, "年内": 2, "100亿": 1, "相提并论": 1, "双引擎": 1, "物联网": 1, "执掌": 1, "兼": 1, "陈明永": 1, "汇报": 1, "刘作虎": 1, "网友": 1, "问询": 1, "相比之下": 1, "先天": 1, "优势": 2, "厂商": 2, "制造商": 1, "劲道": 1, "折叠屏": 1, "2月": 2, "抢": 1, "卖": 1, "涵盖": 1, "自研": 1, "全制式": 1, "带给": 1, "5G端": 1, "源PA": 1, "快车道": 1, "9日": 1, "创新性": 1, "年度": 1, "科学": 1, "进步奖": 1, "一等奖": 1, "杨超斌": 1, "全场": 2, "景极": 1, "兑现": 1, "极致": 2, "AI大脑": 1, "景AI": 1, "折叠": 2, "人民": 1, "日报": 1, "客户端": 1, "环球网": 1, "研究所": 1, "包含": 1, "领导者": 1, "美好": 3, "170": 1, "5亿": 1, "围绕": 1, "出行": 3, "娱乐": 1, "品质": 1, "数字": 4, "助理": 1, "分身": 1, "空间": 1, "助手": 1, "浏览器": 1, "Huawei": 7, "Pay": 7, "天际通": 1, "音乐": 1, "阅读": 1, "喜爱": 1, "体验区": 2, "交通": 2, "卡功能": 1, "公民": 2, "电子": 2, "身份": 3, "标识": 2, "eID": 2, "设立": 1, "到会": 1, "嘉宾": 1, "运动": 1, "健康": 1, "家居": 1, "电脑": 1, "首家": 1, "线上": 1, "线下": 1, "绑定": 2, "90": 1, "银行": 1, "借记卡": 1, "信用卡": 1, "刷": 1, "消费": 1, "19": 1, "公共": 1, "交通卡": 1, "覆盖": 2, "160多": 1, "公交": 1, "地铁": 1, "刷卡": 1, ";": 1, "U盾": 1, "支付": 2, "碰": 2, "钥匙": 1, "芯": 2, "开放": 2, "构筑": 2, "智慧化": 1, "开发者": 3, "56万": 1, "耀星": 1, "人才": 1, "培养": 1, "激励": 1, "赋能": 1, "伙伴": 3, "更多": 1, "原子化": 1, "形式": 1, "快捷": 1, "自然": 1, "交互": 1, "触达": 1, "找": 2, "精准": 1, "600": 1, "响应": 1, "服务数": 1, "3000": 1, "驱动力": 1, "构建": 1, "云协": 1, "创造": 1, "无缝": 1, "想要": 1, "热门": 1, "资讯": 1, "玩机": 1, "技巧": 1, "数码": 1, "评测": 1, "科普": 1, "深扒": 1, "点击": 1, "右上角": 1, "百家号": 1, "雷": 1, "----------------------------------": 1, "旗下": 1, "频段": 1, "基带": 1, "业绩": 1, "路透社": 1, "有望": 2, "飙升": 1, "第二": 2, "整年": 1, "2.06亿": 1, "1700万": 1, "Mate": 1, "750万": 1, "销量": 4, "依然": 1, "众所周知": 1, "年中": 1, "iPhone": 1, "表现": 3, "新款": 1, "受阻": 1, "2017年": 2, "下降": 1, "7%": 1, "低于": 1, "份额": 2, "遥遥": 1, "领先于": 1, "稳稳": 1, "位置": 1, "地位": 1, "专注于": 1, "开拓": 1, "东欧": 1, "巴西": 1, "南美": 1, "新兴": 1, "季度": 1, "单季": 1, "受挫": 1, "强劲": 1, "值得一提的是": 1, "商用型": 1, "折": 1, "叠屏": 1, "创新型": 1, "势必": 1, "口碑": 1, "保障": 1, "早已": 1, "一较高下": 1, "萎缩": 1, "大潮": 1, "来临": 1, "一哥": 1}