{"闫跃龙": 1, "频道": 2, "AWE": 2, "现场": 2, "报道": 1, "：": 31, "华为": 195, "消费者": 22, "业务": 18, "CEO": 6, "余承东": 18, "第一": 8, "系统": 39, "阐述": 1, "场景": 7, "智慧化": 5, "战略": 17, "参加": 1, "电展": 1, "家电": 24, "不和": 1, "企业": 17, "竞争": 4, "指望": 1, "连接": 16, "赚钱": 2, "产业": 11, "赋能者": 3, "行业": 11, "掠夺者": 3, "回应": 1, "闫": 1, "跃龙": 1, "IoT": 18, "入局": 1, "晚": 1, "好几": 1, "完善": 4, "生态": 63, "开发": 5, "环境": 1, "、": 89, "平台": 19, "内": 3, "智能": 55, "厂商": 10, "投资": 2, "支持": 16, "HiLink": 31, "之间": 5, "语言": 1, "解决": 18, "交流": 1, "全球": 20, "通用": 2, "标准": 10, "最终": 4, "都会": 2, "回到": 1, "断言": 1, "针对": 2, "进军": 3, "电视": 3, "传言": 1, "传统": 5, "产品": 34, "探索": 1, "AI": 9, "时代": 3, "大屏": 1, "体验": 23, "升级": 19, "带屏": 1, "具备": 2, "功能": 5, "音箱": 3, "尝试": 1, "跨入": 1, "2019年": 5, "国产": 6, "手机": 48, "圈": 2, "消息": 8, "不少": 3, "纷纷": 2, "今日": 2, "5G": 8, "折叠屏": 1, "三": 10, "摄": 3, "拍照": 6, "旗舰": 2, "争相": 1, "斗艳": 1, "近日": 2, "老大哥": 1, "系列": 26, "重磅": 4, "Mate": 5, "发货量": 3, "突破": 8, "1000万": 2, "台": 10, "P30": 17, "3月": 6, "26日": 1, "巴黎": 1, "首发": 2, "相机": 1, "依旧": 1, "异常": 1, "强悍": 1, "中国": 31, "电子": 1, "博览会": 1, "2019": 5, "首日展": 1, "HILINK": 1, "大会": 9, "出货量": 9, "2.5亿-2.6": 1, "正式": 6, "世界": 5, "随后": 2, "重点": 2, "提到": 2, "Mate20": 1, "上市": 2, "四": 6, "半月": 1, "一千万": 1, "高端": 4, "成功": 2, "站稳": 1, "脚跟": 1, "毋庸置疑": 1, "逊色": 1, "苹果": 4, "三星": 1, "里程碑式": 1, "成绩": 7, "确实": 3, "一家": 3, "友商": 1, "羡慕": 1, "低端": 1, "市场": 13, "专注于": 2, "中高端": 2, "即将": 2, "发布": 10, "势必": 1, "再次": 3, "打破": 5, "P20": 3, "创造": 1, "神话": 1, "爆料": 3, "Pro": 13, "款": 8, "新机": 1, "均": 4, "采用": 10, "水滴屏": 1, "设计": 6, "搭载": 3, "麒麟980": 3, "提供": 10, "12GB": 1, "+": 2, "512GB": 1, "内存": 1, "组合": 1, "后置": 1, "徕卡": 2, "方案": 18, "摄像头": 1, "认证": 2, "标识": 1, "拥有": 5, "潜望": 1, "镜式": 1, "镜头": 2, "超级": 3, "变焦": 7, "10": 2, "倍": 3, "光学": 1, "提升": 10, "实力": 3, "公布": 4, "喜讯": 1, "小伙伴们": 1, "期待": 2, "如愿": 1, "目标": 3, "评论区": 1, "留言": 1, "讨论": 1, "！": 31, "C114": 1, "讯": 1, "14日": 5, "下午": 1, "蒋均": 1, "牧": 1, "卖出": 2, "三台": 1, "很快": 1, "常务": 1, "董事": 1, "披露": 1, "荣耀": 1, "年底": 1, "有望": 2, "2.5-2.6亿": 1, "；": 9, "出货": 1, "接近": 1, "项": 3, "亮眼": 1, "总计": 1, "近年来": 1, "执掌": 1, "发展": 4, "速度": 1, "飞快": 1, "2018年": 10, "2亿": 1, "2010年": 1, "300万": 1, "66": 1, "销售": 4, "收入": 2, "520亿": 1, "美元": 16, "公司": 3, "此前": 1, "年会": 1, "板块": 2, "营收": 1, "650亿": 1, "运营商": 1, "441亿": 1, "168亿": 1, "宝剑锋从磨砺出": 2, "梅花香自苦寒来": 2, "刚刚": 2, "吹": 1, "牛": 1, "一一": 1, "声": 1, "惊雷": 1, "传来": 1, "北京": 2, "时间": 6, "10日": 1, "接受": 1, "德媒": 1, "WELT": 1, "采访": 2, "对外": 1, "自主": 1, "操作": 12, "出于": 2, "被迫": 1, "不得不": 4, "放弃": 2, "Android": 3, "Windows": 3, "切换": 1, "内部": 1, "国人": 3, "沸腾": 1, "众所周知": 1, "生产": 1, "制造": 5, "电脑": 1, "芯片": 50, "硬": 1, "软": 1, "核心": 13, "受制于人": 2, "相当于": 2, "控制": 2, "住": 2, "大脑": 1, "假手于人": 1, "等于": 2, "手脚": 1, "硬件": 6, "软件": 5, "技术": 28, "都": 11, "别人": 3, "供给": 1, "不久前": 1, "发生": 2, "中兴": 8, "事件": 4, "牵动": 1, "无数": 1, "神经": 1, "美国": 27, "发出": 1, "禁售令": 2, "立刻": 1, "陷于": 1, "困境": 1, "之中": 1, "去年": 2, "7": 2, "月份": 1, "这项": 1, "禁令": 1, "终于": 3, "解除": 1, "蒙受": 1, "损失": 1, "暴露": 1, "芯": 5, "痛": 1, "这一切": 1, "改变": 1, "A1": 1, "中国人": 2, "诞生": 1, "创新": 4, "无疑": 2, "扬眉吐气": 2, "骄傲": 2, "自豪": 1, "主流": 2, "安卓": 9, "iOS": 2, "才能": 2, "相对来讲": 1, "开源": 2, "绝大多数": 1, "比例": 1, "占": 2, "差不多": 1, "85%": 1, "14%": 1, "剩下": 1, "1%": 1, "很": 9, "谷歌": 6, "承诺": 2, "免费": 5, "世事": 1, "手上": 2, "决定权": 1, "想": 4, "收费": 6, "10月": 1, "20日": 1, "欧洲": 1, "服务": 9, "设备": 15, "支付": 3, "40": 3, "授权费": 1, "意味着": 2, "许可": 1, "寿终正寝": 1, "转而": 1, "付费": 1, "版本": 4, "协议": 2, "模式": 5, "拓展": 2, "缴费": 1, "权利": 1, "每部": 1, "大概": 1, "计算": 4, "不妨": 1, "算": 1, "笔": 1, "账": 1, "花": 2, "钱": 1, "工信部": 1, "数据": 5, "显示": 4, "2.06亿": 1, "缴纳": 5, "82.4亿": 1, "小米": 1, "1.226万": 1, "49.04亿": 1, "OPPO": 2, "1.131亿": 1, "45.24亿": 1, "4.91亿": 1, "厂商们": 1, "196.4亿": 1, "以此": 1, "14": 1, "97": 3, "元": 5, "人民币": 4, "费用": 2, "也许": 1, "有人": 1, "块钱": 1, "可怕": 2, "昨天": 1, "后天": 1, "东西": 4, "才": 4, "贵": 1, "例子": 1, "话语权": 1, "亦": 1, "风险": 1, "太": 1, "独立": 4, "当务之急": 1, "打造": 13, "多难": 1, "难事": 1, "困难": 1, "养成": 1, "第三方": 2, "白搭": 1, "历史": 2, "优秀": 3, "失败": 1, "微软": 2, "Phone": 2, "Palm": 1, "WebOS": 1, "建立": 6, "黯然": 1, "离场": 1, "好用": 1, "很多": 4, "放": 1, "现成": 1, "不用": 1, "自研": 3, "简直": 1, "重复": 1, "发明": 3, "轮子": 1, "费钱": 1, "费力": 1, "讨好": 1, "有时候": 1, "吃力不讨好": 1, "事情": 6, "不时之需": 1, "危机": 1, "自救": 1, "一刻": 1, "——": 4, "麒麟OS": 1, "正是": 2, "隐藏": 1, "计划": 2, "目的": 1, "禁用": 1, "侧目": 1, "牺牲": 1, "壮志": 1, "日月": 1, "新天": 1, "砥砺": 1, "奋进": 1, "发达": 1, "国家": 6, "打压": 1, "抹黑": 1, "西方": 1, "忙": 1, "不堪手段": 1, "围堵": 1, "阻止": 2, "纠集": 1, "打手": 1, "加拿大": 1, "提出": 3, "引渡": 1, "孟晚舟": 1, "匹夫无罪": 1, "怀璧其罪": 1, "握有": 1, "领先": 3, "优势": 2, "招来": 1, "势力": 1, "刁难": 1, "一个": 19, "角度": 1, "讲": 2, "恰好": 1, "恐惧": 1, "中华": 1, "有为": 1, "崛起": 2, "动起": 1, "非法": 1, "拘押": 1, "接班人": 1, "歪脑筋": 1, "值得一提的是": 2, "近期": 1, "国防": 1, "授权": 1, "通讯": 3, "政府": 4, "提起": 1, "诉讼": 1, "法院": 1, "判": 1, "违宪": 1, "面对": 2, "阻挠": 2, "恶意": 1, "选择": 5, "斗争": 1, "和平": 1, "策略": 1, "强任": 1, "清风": 1, "拂": 1, "山冈": 1, "狠": 1, "反击": 2, "给予": 1, "回击": 1, "话语": 1, "力量": 2, "！！！": 1, "不行": 1, "只能": 1, "脸色": 1, "这才": 2, "精神": 3, "默默无闻": 2, "脚踏实地": 1, "壁垒": 1, "交纳": 1, "上千亿": 1, "税收": 2, "吸纳": 1, "千亿": 1, "外汇": 1, "储备": 1, "红旗": 1, "插满": 1, "全世界": 1, "叫国": 1, "重器": 1, "点赞": 2, "互联网": 1, "热点": 1, "CNMO": 1, "新闻": 1, "nova": 2, "4e": 2, "自拍界": 1, "带来": 15, "3200万": 1, "像素": 1, "本次": 2, "发布会": 2, "穿戴": 1, "儿童": 1, "手表": 1, "除外": 1, "手环": 16, "3": 17, "包括": 5, "小编": 1, "带": 3, "看懂": 1, "到底": 2, "值": 1, "值得": 7, "买": 4, "二者": 3, "区别": 1, "0.95": 1, "英寸": 1, "AMOLED": 1, "屏幕": 1, "多达": 1, "汉字": 1, "触摸": 1, "HOME键": 1, "键": 1, "返回": 1, "自研TruSeen3.0": 1, "心率": 4, "监测": 2, "升高": 1, "提醒": 2, "连续": 2, "实时": 2, "测量": 1, "301": 1, "医院": 1, "启动": 2, "心脏": 1, "健康": 1, "研究": 4, "高性能": 2, "传感器": 1, "随时": 1, "捕捉": 1, "稍纵即逝": 1, "心律": 1, "失常": 1, "红外光": 1, "准确": 1, "识别": 2, "6": 1, "典型": 2, "睡眠": 4, "200+": 1, "条": 1, "改善": 1, "建议": 1, "个性化": 1, "内置": 2, "颗": 1, "低": 2, "功耗": 3, "GPS": 2, "长跑": 1, "续航": 1, "小时": 1, "12": 1, "开启": 1, "科学": 1, "5": 3, "8": 3, "运动": 5, "情况": 3, "记录": 2, "轨迹": 1, "卡路里": 2, "消耗": 2, "50": 1, "米": 1, "防水": 1, "泳池": 1, "佩戴": 1, "多种": 4, "泳姿": 1, "划水": 1, "次数": 2, "开放": 15, "水域": 2, "游泳": 2, "基于": 3, "Firstbeat": 1, "专业": 6, "演算": 1, "分析": 1, "呈现": 1, "调节": 1, "强度": 1, "查找": 1, "支付宝": 1, "闹钟": 1, "秒表": 1, "定时器": 1, "遥控": 2, "售价": 3, "3售价": 1, "269": 1, "399": 1, "合适": 1, "见仁见智": 1, "上海": 1, "臻": 1, "品质": 4, "围绕": 2, "HiAI": 8, "层": 2, "结构化": 2, "丰富多彩": 1, "家居": 28, "图片": 3, "如今": 2, "面临": 1, "双重": 2, "挑战": 4, "过程": 1, "统一": 1, "建": 1, "俨然": 1, "座": 1, "孤岛": 1, "入口": 10, "配合": 2, "品类": 3, "缺乏": 2, "沟通": 2, "场景化": 3, "互动": 1, "背景": 1, "亟需": 1, "屏障": 1, "多年": 1, "积累": 2, "推动": 2, "能力": 10, "未来": 4, "持续": 3, "方向": 1, "驱动力": 3, "HUAWEI": 18, "1+8+N": 1, "数量": 2, "臻选": 1, "优质": 1, "合作": 22, "伙伴": 27, "多样化": 1, "赋能": 14, "10年": 1, "消费": 5, "领域": 13, "最为": 1, "激动人心": 1, "变革": 2, "万物物联": 1, "自然": 2, "交互": 3, "软硬件": 2, "垂直": 2, "走向": 3, "聚合": 2, "定义": 2, "终端": 8, "用户": 8, "智慧": 8, "生活": 9, "面向": 1, "端": 3, "层面": 4, "借助": 1, "算力": 2, "API": 1, "程序": 1, "强大": 5, "云业务": 2, "上都": 1, "深厚": 1, "早": 4, "2017年": 3, "率先": 1, "推出": 4, "NPU": 1, "麒麟": 13, "970": 1, "980": 6, "P系列": 2, ";": 7, "业界": 3, "快": 1, "昇腾": 1, "256T": 1, "高清": 1, "视频": 1, "SoC": 1, "芯侧": 1, "体现": 1, "框架": 1, "算子": 1, "快速": 2, "集成": 12, "部署": 3, "端侧": 3, "计算力": 1, "瓶颈": 1, "规模": 1, "引擎": 1, "轻松": 1, "/": 2, "APP": 2, "聪明": 1, "出色": 1, "Service": 1, "云端": 1, "HMS": 1, "账号": 2, "推送": 1, "基础": 5, ";HAG": 1, "整合": 1, "原子化": 1, "如果说": 1, "种子": 1, "土壤": 1, "繁荣": 2, "非一日之功": 1, "BG": 1, "2015年": 1, "至今": 1, "覆盖": 4, "100+": 1, "兼容": 1, "WiFi": 1, "Zigbee": 1, "蓝牙": 2, "万物": 1, "互联": 3, "架构": 3, "端对端": 1, "品牌": 11, "厂家": 4, "互通": 2, "接入": 2, "普通话": 1, "联动": 1, "全新": 2, "深刻": 1, "理解": 2, "跨": 2, "协同": 1, "工作": 3, "便利": 2, "舒适": 1, "这是": 3, "物联网": 2, "任一": 1, "构筑": 2, "之上": 1, "互补": 1, "搭建": 3, "智选": 5, "专注": 2, "深度": 3, "致力于": 5, "Works": 3, "广度": 1, "批量": 1, "助力": 2, "对接": 2, "激活": 1, "存量": 1, "保障": 1, "方舟": 5, "实验室": 5, "环": 1, "&": 1, "融合": 6, "载体": 1, "线": 1, "下端": 1, "落地": 1, "依托": 1, "单品": 4, "卖场": 1, "地产": 1, "家装": 1, "唯一": 1, "众多": 3, "元年": 1, "带给": 1, "家庭": 5, "渠道": 9, "内外": 1, "全方位": 2, "资源": 1, "早日": 1, "到来": 1, "亿": 1, "研发": 5, "营销": 2, "投入": 1, "激励": 1, "千": 1, "全场": 2, "景IoT": 1, "店面": 1, "1+8": 1, "极致": 4, "最佳": 2, "标杆": 1, "景全": 1, "领导者": 2, "迎来": 1, "凌霄": 7, "CPU": 1, "Wi-Fi": 3, "电力": 1, "猫": 1, "路由": 3, "Q2": 2, "WS5200": 1, "增强": 1, "版": 1, "后续": 2, "接下来": 1, "路由器": 2, "稳定": 3, "远": 1, "电池": 1, "长期": 4, "爆品": 2, "深化": 1, "全品类": 2, "智能化": 2, "痛点": 1, "针对性": 1, "更多": 1, "推广": 1, "交付": 2, "质量": 2, "秉持": 1, "示范": 1, "定位": 2, "方式": 2, "单一": 1, "型号": 1, "扩展": 2, "广场": 1, "景": 1, "价格": 2, "档位": 1, "供": 1, "爆款": 1, "后装": 1, "前装": 1, "此次": 6, "苏宁": 2, "居然": 2, "强强联合": 1, "宗旨": 1, "推进": 1, "组建": 1, "联盟": 1, "倡导": 1, "国家级": 1, "规范": 2, ";华": 1, "共建": 1, "屋": 1, "精装": 1, "联合": 2, "引入": 1, "户内": 1, "综合": 1, "引领": 3, "签约": 1, "落实": 1, "年内": 1, "梦想": 1, "现实": 1, "1/3": 1, "主力": 1, "首次": 5, "要素": 4, "总经理": 1, "闪罡": 3, "相关": 1, "连接数": 1, "2.6亿": 1, "4000万": 1, "超过": 5, "IoT三": 1, "场": 3, "盛宴": 1, "更新": 1, "技能": 1, "特性": 3, "路": 5, "IPv.6": 1, "风潮": 1, "CPE": 1, "选": 1, "4": 1, "iateey": 1, "即热": 1, "饮水": 1, "大师": 1, "空调": 1, "伴侣": 1, "莱克": 1, "循环": 1, "扇": 1, "西门子": 2, "分体式": 1, "空气": 2, "检测仪": 1, "新品": 1, "----": 1, "模组": 1, "1": 2, "美金": 2, "华": 1, "适合": 1, "高速": 1, "共赢": 1, "能源": 2, "管理": 3, "集团": 2, "博西": 1, "A": 1, ".": 1, "O.史密斯": 1, "松下": 1, "清洁": 2, "事业部": 1, "奥克斯": 1, "圆桌": 2, "会议": 3, "产品线": 1, "总裁": 2, "支浩": 1, "直言": 1, "=": 1, "操控": 1, "优": 1, "系统化": 1, "建造": 1, "领军": 1, "不仅仅": 1, "全屋": 3, "水": 1, "便捷": 1, "入驻": 1, "携手": 2, "更为": 2, "整体": 1, "关键": 3, "打磨": 2, "为此": 2, "力争": 1, "三年": 2, "100亿": 1, "流水": 1, "认定": 1, "就要": 1, "一流": 2, "信赖": 1, "转型": 1, "留给": 1, "空间": 1, "广阔": 1, "价值": 2, "销量": 1, "集合": 2, "多样": 1, "做法": 2, "自主性": 1, "背后": 2, "彰显": 1, "王者": 1, "大气": 1, "信息": 3, "路坦力": 3, "(": 1, "Nutanix": 1, ")": 1, "达成": 1, "服务器": 4, "FusionServer": 2, "超": 5, "设施": 1, "包含": 1, "坦力": 3, "兼容性": 1, "列表": 1, "尖端": 1, "HCI": 2, "提供商": 1, "2U双路": 1, "2288HV5": 1, "旨在": 1, "灵活": 1, "虚拟化": 1, "负载": 1, "私有": 1, "混合云": 1, "大数据": 1, "分支": 1, "机构": 1, "桌面": 1, "云和": 1, "延续路": 1, "增加": 1, "客户": 1, "提高": 1, "效率": 1, "降低": 1, "运维": 1, "成本": 2, "理念": 1, "加上": 1, "1月": 1, "海关": 1, "我国": 1, "进口": 2, "4175.7亿": 1, "件": 4, "同比": 3, "增长": 3, "10.8%": 1, "金额": 1, "3120.58亿": 1, "19.8%": 1, "进口额": 3, "3000亿": 2, "电路": 5, "经历": 2, "全民": 1, "庞大": 1, "数字": 1, "愈加": 1, "警醒": 1, "原油": 1, "物资": 1, "农产品": 1, "铁矿": 1, "铜": 1, "铜矿": 1, "医药品": 1, "总和": 1, "落后": 1, "追赶": 1, "美": 5, "欧": 1, "顶级": 1, "恐怕": 1, "不单单": 1, "简单": 1, "国内": 2, "努力": 1, "熟知": 1, "海思": 13, "外媒": 1, "好评": 1, "低调": 3, "掌门人": 2, "何庭波": 13, "带领": 1, "从无到有": 1, "20多": 1, "半导体": 3, "成长": 1, "成就": 1, "足以": 1, "高通": 3, "骁龙": 3, "855": 2, "抗衡": 2, "嵌入式": 1, "用于": 1, "机顶盒": 1, "电视机": 1, "通信": 7, "结束": 1, "无芯": 1, "国外": 3, "垄断": 1, "网上": 1, "有关于": 1, "这位": 1, "掌门": 1, "何庭": 1, "介绍": 1, "资料": 1, "难": 2, "收集": 1, "公众": 1, "场合": 1, "露面": 1, "屈指可数": 1, "真的": 1, "毕业": 2, "邮电": 1, "大学": 2, "学": 1, "物理": 1, "硕士": 1, "学位": 1, "1996年": 1, "名": 4, "工程师": 5, "入行": 1, "二十二年": 1, "一步一个脚印": 1, "底层": 1, "理工": 1, "女性": 1, "引路人": 1, "眼中": 1, "浑身": 1, "散发": 1, "魅力": 1, "喜欢": 1, "称呼": 1, "拜访": 1, "伯克利": 1, "胡正明": 3, "教授": 4, "总统": 1, "科技": 2, "奖": 2, "得主": 1, "科技界": 1, "评选": 1, "聊天": 1, "表达": 1, "敬意": 1, "了不起": 1, "科学家": 3, "想到": 1, "认可": 1, "庭波": 1, "说法": 1, "胡": 1, "正明": 1, "说道": 1, "发现": 1, "自然界": 2, "规律": 1, "人类": 2, "一番话": 1, "深深": 1, "感染": 1, "4亿": 2, "2万": 2, "扶": 1, "2012年": 2, "9月": 2, "创始人": 1, "任正非": 5, "2012诺亚": 1, "专家": 1, "座谈会": 1, "粮食": 1, "傻": 1, "反对": 1, "记得": 1, "4月": 1, "16日": 1, "美国商务部": 1, "禁止": 1, "零部件": 1, "商品": 1, "导致": 2, "停摆": 1, "教训": 1, "马云": 1, "董明珠": 1, "放出": 3, "造出": 2, "佩服": 1, "眼光": 1, "敏锐": 1, "感受": 1, "专利": 1, "手里": 1, "永远": 1, "低人一筹": 1, "想要": 1, "短": 1, "之内": 1, "2004年": 1, "找到": 1, "站": 1, "减少": 1, "依赖": 1, "听到": 1, "这样的话": 1, "长": 2, "愣住": 1, "艰巨": 1, "回过神": 1, "状态": 1, "零": 1, "一路上": 1, "顺利": 1, "同行": 1, "看好": 1, "外界": 1, "烧钱": 1, "质疑": 1, "压力": 2, "压": 1, "身上": 1, "迎难而上": 1, "每次": 2, "员工": 2, "没关系": 1, "关系": 1, "出头": 1, "不紧不慢": 1, "争分夺秒": 1, "内心": 1, "快点": 1, "厚积薄发": 1, "书": 1, "写": 1, "篇": 1, "光速": 1, "赛跑": 1, "文章": 1, "传输": 1, "故事": 1, "外购": 1, "昂贵": 1, "不利于": 1, "性价比": 1, "传送": 1, "走": 1, "负责": 2, "用到": 1, "套": 1, "仪表": 1, "争夺": 1, "绅士": 1, "风度": 1, "这不": 2, "长久之计": 1, "君子": 1, "协定": 1, "白天": 1, "调试": 2, "晚上": 1, "......": 1, "终成": 1, "漫长": 1, "2014年": 1, "当年": 1, "四核": 1, "910T": 1, "P7": 1, "陆续": 1, "八": 1, "核": 2, "麒麟920": 1, "64": 1, "930": 1, "mate9": 1, "麒麟960": 1, "出货破亿": 1, "1.53亿": 1, "7000万": 1, "处理器": 3, "突围": 1, "业内": 2, "人士": 1, "透露": 1, "47亿": 1, "323亿": 1, "21%": 1, "排名": 1, "第七": 1, "02日": 1, "柏林": 1, "国际": 3, "电子展": 1, "期间": 1, "首款": 1, "7纳米": 2, "制程": 1, "人工": 1, "性能": 4, "一经": 1, "关注": 2, "展会": 1, "亮点": 1, "商用": 1, "工艺": 2, "平方厘米": 1, "面积": 1, "69亿": 1, "晶体管": 2, "相比业界": 1, "纳米": 1, "20％": 1, "能效": 1, "40％": 1, "密度": 1, "1.6": 1, "为之一振": 1, "竞争力": 1, "部件": 1, "份": 1, "终": 1, "前沿": 1, "夸赞": 1, "付出": 1, "工程师们": 1, "智造": 1, "三月": 1, "祈祷": 1, "机型": 1, "榜上有名": 1, "官方": 1, "外观": 1, "曝光": 1, "现身": 1, "兔兔": 1, "跑分": 2, "28万": 1, "安兔兔": 1, "参考": 1, "意义": 1, "不大": 1, "配置表": 1, "传说": 1, "985/990": 1, "等到": 1, "30": 1, "845": 1, "胜负": 1, "对手": 1, "配备": 1, "力不从心": 1, "级别": 1, "日常": 1, "需求": 1, "证明": 2, "游戏": 1, "弱于": 1, "cmos": 1, "imx600": 2, "imx607": 1, "意外": 1, "独占": 1, "事实": 1, "潜力": 1, "挖掘": 1, "这次": 2, "无损": 1, "主打": 1, "吉隆坡": 1, "举办": 1, "音乐会": 1, "照片": 1, "展现": 1, "分为": 1, "拍摄": 3, "样张": 1, "光线": 1, "条件": 1, "成像": 1, "相比": 1, "细节": 1, "爆出": 1, "惊喜": 1, "延续": 1, "辉煌": 1, "算是": 1, "出尽": 1, "风头": 1, "招": 1, "禁售": 2, "推到": 1, "风口浪尖": 1, "爆发": 1, "刷新": 1, "老外": 1, "认知": 1, "起诉": 1, "网友": 2, "有意思": 1, "前段": 1, "撤走": 6, "57": 6, "工厂": 13, "政策": 1, "暂时": 1, "撤离": 2, "美的": 1, "毕竟": 2, "养活": 1, "至少": 1, "几千": 1, "还要": 1, "交税": 1, "概念": 1, "累赘": 1, "明智": 1, "老百姓": 1, "心目": 1, "数码": 1, "朋友": 1, "起家": 2, "为止": 1, "总量": 1, "块": 1, "占比": 1, "40%": 1, "来自于": 1, "钻研": 1, "巨头": 1, "扳": 2, "手腕": 1, "沉淀": 1, "赢得": 1, "傲人": 1, "影响力": 1, "影响": 3, "本身": 1, "微观": 1, "经济体": 1, "经营": 1, "决策": 1, "后果": 1, "无非": 1, "盈利": 1, "亏损": 2, "民众": 2, "就业": 1, "算了": 1, "数目": 1, "夜": 1, "冲击力": 1, "宏观": 1, "经济": 1, "媒体": 1, "不满": 1, "游行": 1, "释放": 1, "情绪": 1, "怪": 1, "头": 1, "作孽": 1}