{"华为": 141, "mate20Pro": 5, "2018年": 3, "10月份": 1, "发布": 2, "至今": 1, "现货": 1, "开放": 2, "购买": 2, "第三方": 1, "平台": 1, "加价": 2, "出售": 1, "价格": 7, "一度": 1, "飙升": 1, "六千": 1, "元": 7, "国产": 7, "贵": 4, "手机": 34, "聊聊": 1, "抢购": 5, "款": 7, "优缺点": 1, "到底": 2, "优点": 1, "吸引": 1, "自然": 1, "性能": 1, "拍照": 2, "、": 42, "做工": 2, "表现": 2, "确实": 5, "出色": 3, "产品": 17, "具备": 2, "麒麟980": 1, "处理器": 1, "配置": 2, "高达": 1, "4000万": 1, "像素": 1, "徕卡": 1, "认证": 1, "三": 2, "摄像头": 2, "4200": 1, "毫安": 1, "电池": 1, "搭载": 1, "EIUI9": 1, "系统": 5, "15": 1, "W无线": 1, "快充": 1, "反向": 1, "充电": 1, "技术": 6, "无论是": 1, "体验": 2, "上都": 1, "最为": 1, "顶尖": 1, "对比": 2, "五六千": 1, "苹果": 5, "三星": 5, "落": 1, "下风": 1, "真的": 4, "很": 7, "提升": 1, "手感": 1, "质量": 3, "可靠": 1, "吊": 1, "iphoneXsmax": 1, "实力": 4, "一个": 3, "品牌": 6, "一流": 1, "水准": 1, "缺点": 1, "承认": 2, "mete20pro": 1, "比如说": 1, "黑边": 1, "刘海": 1, "屏幕": 1, "设计": 1, "创新": 2, "都": 17, "后续": 1, "努力": 3, "方向": 1, "优化": 1, "iOS": 1, "小米": 6, "MIUI": 1, "EMUI": 1, "笔者": 1, "想": 2, "mate20pro": 4, "实际上": 1, "得益": 1, "支持": 5, "整体": 4, "依赖": 1, "信赖": 1, "毕竟": 1, "5000": 1, "档次": 1, "iPhone": 1, "选择": 2, "处于": 2, "状态": 2, "逊色": 1, "消费者": 1, "卖": 1, "感到": 1, "不满": 1, "一点": 1, "理解": 1, "能力": 7, "遭受": 1, "缺货": 1, "苦": 1, "等待": 2, "值得": 3, "买": 3, "中宏网": 1, "1月": 2, "29日": 2, "电": 1, "综合": 2, "外媒": 2, "报道": 4, "美国": 29, "当地": 1, "时间": 2, "周一": 1, "司法部": 6, "正式": 7, "加拿大": 9, "当局": 1, "提交": 1, "引渡": 16, "文件": 1, "首席": 5, "财务官": 5, "孟晚舟": 17, "纽约": 3, "中国": 11, "公司": 16, "提起": 3, "13": 2, "项": 6, "指控": 11, "包括": 5, "银行": 4, "欺诈": 3, "阴谋": 1, "电汇": 1, "违反": 5, "国际": 2, "紧急": 1, "经济": 1, "权力": 1, "告方": 1, "附属": 2, "机构": 3, "本人": 1, "称": 2, "涉嫌": 3, "窃取": 1, "T-Mobile": 2, "商业": 3, "机密": 2, "源于": 1, "2014年": 1, "名": 3, "Tappy": 1, "民事": 1, "诉讼": 1, "机器人": 1, "用于": 1, "测试": 1, "智能": 18, "布鲁克林": 1, "起诉书": 1, "伊朗": 6, "交易": 1, "方式": 1, "生意": 1, "误导": 1, "检方": 1, "利用": 2, "香港": 1, "空壳": 1, "出口": 2, "符合": 2, "制裁": 5, "设备": 2, "商务": 1, "部长": 2, "罗斯": 1, "记者会": 1, "多年": 2, "法律": 4, "削弱": 1, "金融": 1, "协助": 1, "‘": 1, "非法": 1, "活动": 1, "’": 1, "情况": 2, "停止": 1, "警告": 1, "世界": 2, "制止": 1, "此前": 5, "驻": 1, "大使": 1, "麦克诺顿": 1, "通知": 1, "政府": 1, "计划": 1, "请求": 3, "罪名": 5, "发言人": 1, "Marc": 1, "Raimondi": 1, "份": 1, "声明": 1, "：": 4, "被告": 1, "女士": 1, "申请": 3, "加美": 1, "条约": 1, "期限": 1, "内": 5, "感谢": 1, "实施": 1, "法治": 1, "创始人": 1, "任正非": 6, "女": 1, "温哥华": 2, "拘押": 1, "保释": 1, "提出": 6, "截止": 1, "日期": 1, "本周三": 1, "场": 3, "听证会": 3, "安排": 1, "2月": 1, "6日": 1, "罕见": 1, "接受": 4, "采访": 2, "谈及": 1, "女儿": 1, "现状": 1, "时报": 1, "情报": 1, "官员": 1, "预计": 8, "周二": 1, "宣称": 2, "在内": 1, "中资": 1, "电讯": 1, "5G": 7, "投资": 2, "全世界": 1, "威胁": 1, "特朗普": 1, "(": 1, "Donald": 1, "Trump": 1, ")": 1, "未来": 1, "签署": 1, "行政令": 1, "禁止": 1, "企业": 11, "电信": 1, "网络": 5, "官方": 2, "反对": 1, "收到": 1, "援助": 1, "小组": 1, "律师": 1, "30": 2, "颁发": 2, "进行权": 2, "授权": 1, "高等": 1, "法院": 2, "法官": 1, "面前": 1, "同意": 1, "逮捕": 1, "拒绝": 2, "任命": 1, "司法": 1, "大卫·拉梅蒂": 1, "做出": 1, "最终": 3, "机会": 2, "上诉": 1, "推迟": 1, "意味": 1, "成功": 3, "电视": 47, "！": 3, "跨界": 3, "究竟": 1, "搅局者": 1, "救世主": 1, "业内": 4, "人士": 7, "第一": 9, "财经": 7, "记者": 6, "确认": 1, "涉足": 1, "江湖": 1, "近期": 1, "频繁": 2, "接触": 2, "彩电界": 2, "即将": 3, "推出": 7, "寻求": 3, "渠道": 6, "建设": 2, "营销": 3, "建议": 2, "相关": 3, "咨询": 3, "告诉": 3, "荣耀": 6, "4": 2, "5月份": 2, "下半年": 2, "冲着": 1, "家居": 9, "走": 2, "低价": 2, "路线": 1, "定位": 3, "中高端": 2, "通讯": 5, "对此": 1, "谨慎": 1, "态度": 1, "不予": 1, "评论": 1, "面对": 2, "强大": 3, "玩家": 1, "彩电厂": 4, "心态": 3, "严阵以待": 3, "加快": 2, "自我": 1, "变革": 1, "颠覆": 2, "；": 5, "希望": 3, "提振": 2, "彩电业": 7, "改变": 7, "行业": 8, "微利": 1, "生存": 1, "困境": 1, "带动": 2, "需求": 2, "酝酿": 1, "2019年": 3, "线上": 1, "市场": 9, "切入": 1, "队伍": 1, "立项": 1, "找": 2, "外部": 1, "合作": 3, "伙伴": 1, "代工": 2, "动作": 1, "200-300": 1, "团队": 1, "研发": 7, "放": 3, "IoT": 1, "物联网": 1, "大部门": 1, "业务": 3, "京东方": 1, "控股": 1, "高创": 2, "代工厂": 1, "苏州": 1, "吴江": 1, "进军": 1, "4K": 3, "8K": 3, "推动": 1, "内容": 6, "习惯": 2, "才": 4, "基站": 2, "渗透率": 1, "67%": 1, "基本上": 1, "状况": 1, "发展": 4, "重点": 1, "显示": 4, "自动": 1, "驾驭": 1, "产业": 1, "资深": 2, "芯片": 13, "服务": 4, "销售": 1, "屏": 1, "产业链": 5, "齐全": 1, "自带": 1, "视频": 2, "健康": 2, "移植": 1, "不难": 1, "管道": 4, "战略": 4, "透露": 2, "姓名": 2, "分析师": 4, "终端": 2, "尽量": 1, "铺设": 1, "时代": 1, "到来": 1, "普及": 2, "平板": 2, "电脑": 2, "笔记本": 1, "灯": 1, "音箱": 1, "上市": 12, "电视机": 4, "规划": 1, "杀价": 1, "上量": 1, "推进": 1, "牺牲": 2, "瞄准": 1, "势在必行": 1, "策略": 1, "稳健": 1, "做法": 2, "群智": 1, "TV": 1, "李姗徽": 1, "布局": 4, "领域": 5, "基于": 1, "一部分": 1, "销售量": 2, "下降": 1, "来讲": 1, "增长": 2, "寻找": 1, "增长点": 1, "海思": 1, "AI": 3, "人工": 1, "云计算": 1, "资源": 2, "赋能": 3, "期待": 2, "一下子": 1, "带来": 3, "冲击": 2, "长远": 1, "影响": 2, "前述": 1, "软件": 1, "整合": 1, "竞争力": 1, "这是": 2, "重视": 1, "促使": 1, "现有": 3, "彩电": 17, "服务商": 1, "定义": 2, "突破": 1, "功能": 2, "观看": 1, "开机率": 1, "降低": 1, "缺乏": 1, "用户": 3, "粘性": 1, "不景气": 1, "业界": 2, "加分": 1, "消息": 1, "区分": 1, "侧重线": 1, "高端": 3, "65": 1, "英寸": 1, "起步": 1, "运营": 1, "出发": 1, "看中": 1, "互联": 1, "互通": 1, "增加": 1, "模块": 1, "核心": 1, "家门": 1, "相连": 1, "存量": 1, "杀出": 1, "重围": 1, "也许": 1, "家庭": 3, "娱乐": 1, "中心": 2, "控制": 1, "又或者": 1, "客厅墙": 1, "Hi-Link": 1, "协议": 1, "竞合": 1, "关系": 1, "介入": 1, "有望": 3, "改善": 1, "利润": 3, "分配": 1, "国内": 5, "五大": 1, "竞争": 4, "常用": 1, "手段": 1, "撑住": 1, "价位": 1, "平均": 1, "价值": 1, "拉高": 1, "中端": 1, "受益": 1, "领军": 1, "地位": 1, "格局": 4, "更新换代": 1, "快": 1, "1~2年": 1, "换代": 1, "5~7年": 1, "更换": 1, "稳定": 1, "传闻": 1, "去年": 2, "甚嚣尘上": 1, "欲": 1, "应变": 1, "2019": 1, "CES": 1, "消费": 1, "电子展": 1, "期间": 1, "TCL": 2, "集团": 2, "高级": 1, "副总裁": 1, "电子": 2, "CEO": 1, "王成": 2, "专访": 1, "厂商": 1, "吸引力": 1, "扮演": 1, "角色": 1, "手机厂": 1, "带": 1, "改造": 1, "形态": 2, "思路": 1, "想法": 1, "主动": 1, "革": 1, "命": 1, "量子点": 1, "升级": 1, "都会": 1, "创维": 2, "CTO": 1, "深圳": 1, "创维－RGB": 1, "有限": 1, "董事长": 1, "兼": 1, "总裁": 1, "王志国": 1, "阵营": 1, "件": 3, "好事": 1, "建构": 1, "生态": 1, "主导型": 1, "路上": 1, "低": 1, "水平": 2, "百害而无一利": 1, "奥维云网": 2, "AVC": 1, "监测": 1, "数据": 1, "零售量": 1, "微增": 2, "0.5%": 1, "4774万": 1, "台": 3, "零售": 3, "面积": 1, "6.8%": 1, "3370万": 1, "平方米": 1, "均价": 1, "下跌": 1, "9%": 1, "3121": 1, "/": 1, "金额": 2, "同比": 2, "下滑": 1, "8.6%": 1, "降至": 1, "1490亿": 1, "低迷": 1, "趋势": 1, "预测": 1, "1.6%": 1, "4851万": 1, "销售额": 1, "微跌": 1, "1.5%": 1, "1468亿": 1, "拭目以待": 1, "本文": 1, "来源于": 1, "作者": 1, "王珍": 1, "原文": 1, "标题": 1, "上半年": 1, "狠": 2, "手": 1, "23": 3, "项目": 1, "媒体": 1, "1": 1, "盗窃": 1, "对象": 1, "子公司": 2, "美方": 4, "说法": 1, "10": 1, "意味着": 3, "肯定": 3, "发起": 1, "3": 1, "成立": 1, "还要": 1, "法庭": 2, "判决": 1, "遵守": 2, "所在国": 2, "法规": 2, "合规": 1, "经营": 1, "员工": 8, "路透社": 1, "看法": 1, "施压": 2, "国家": 3, "阻止": 1, "赶尽杀绝": 1, "无疑": 2, "敏感": 1, "时刻": 1, "高调": 1, "对付": 1, "接下来": 1, "大致": 1, "看点": 1, "污名化": 1, "日前": 1, "访问": 1, "欧洲": 1, "问到": 1, "王毅": 1, "事情": 1, "是非": 1, "曲直": 1, "证据": 1, "动用": 1, "力量": 2, "抹黑": 1, "打击": 1, "特定": 1, "公正": 1, "不道德": 1, "第二": 1, "面临": 1, "艰苦": 1, "犯下": 1, "刑事": 1, "程序": 1, "加方": 1, "为此": 1, "辩护": 1, "拉锯战": 1, "持续": 1, "第三": 1, "磨难": 1, "商界": 1, "精英": 1, "人生": 1, "悲剧": 1, "熬白": 1, "头": 1, "封杀": 1, "困难": 1, "事件": 1, "反作用力": 1, "不准": 1, "悲壮": 1, "刺激": 1, "激发": 2, "中国人": 1, "背后": 1, "苦难": 1, "无人不知": 1, "无人不晓": 1, "实话": 1, "十几": 1, "年前": 1, "发达": 1, "很多": 2, "牌子": 1, "崛起": 2, "见识": 1, "积累": 1, "一举": 1, "如今": 3, "销量": 1, "证明": 1, "算是": 1, "低调": 1, "深入人心": 1, "广告": 1, "过硬": 1, "大部分": 1, "国外": 1, "OPPO": 1, "高通": 3, "联想": 1, "不惜": 1, "花费": 1, "重金": 1, "首发权": 1, "当初": 1, "吃": 1, "亏": 1, "超越": 1, "拥有": 2, "不用": 3, "受制于人": 1, "一家": 1, "通信": 1, "科技类": 1, "副业": 1, "成就": 1, "早就": 1, "专注于": 1, "科研": 1, "投入": 2, "庞大": 1, "代表": 2, "融资": 4, "途径": 1, "将近": 1, "20万": 1, "加上": 1, "资金": 3, "想象": 1, "钱": 5, "差": 2, "实行": 1, "制度": 1, "股份制": 1, "长期": 1, "股份": 1, "分红": 1, "也就是说": 1, "内部": 3, "集资": 3, "千万": 1, "小看": 1, "慷慨": 1, "极度": 1, "信任": 1, "拿出": 1, "600亿": 1, "支付": 1, "薪水": 1, "想要": 1, "难事": 1, "名气": 1, "越来越": 1, "抢": 1, "放心": 1, "交给": 1, "借贷": 1, "保证": 1, "股权": 1, "架构": 1, "担心": 1, "夺走": 1, "主权": 1, "发行": 2, "债券": 2, "解决": 2, "16亿": 1, "三年": 1, "期": 1, "人民币": 1, "利率": 1, "4.55%": 1, "圆满": 1, "民众": 1, "心中": 1, "信用度": 1, "照样": 1, "厉害": 2, "管理": 1, "优秀": 1, "得人心": 1, "明明": 1, "看完": 1, "500": 1, "排名": 1, "远远": 1, "高于": 1, "腾讯": 1, "阿里": 1, "挤进": 1, "100": 1, "动不动": 1, "喜欢": 1, "领导": 1, "套现": 1, "走人": 1, "风气": 1, "搞": 1, "社会": 1, "浮躁": 1, "小编": 1, "敬意": 1, "敬佩": 1, "拼搏": 1, "精神": 2, "脚踏实地": 1, "干劲": 1, "强劲": 1, "对手": 2, "依然": 2, "退缩": 1, "可用": 1, "无所畏惧": 1, "战胜": 1, "赞": 1, "谢谢": 1}