{"华为": 169, "Mate20": 10, "Pro": 18, "手机": 50, "算": 2, "旗舰机": 3, "佼佼者": 1, "用户": 32, "认可": 2, "喜爱": 1, "如今": 4, "新机": 2, "Mate30Pro": 1, "到来": 2, "老": 2, "机型": 5, "Mate20Pro": 1, "面临": 2, "清仓": 1, "退场": 1, "处境": 1, "重度": 1, "大半年": 1, "谈谈": 1, "优缺点": 1, "值": 1, "值得": 5, "买": 3, "去年": 2, "10月份": 1, "伦敦": 1, "发布": 14, "上市": 3, "6GB": 1, "+": 3, "128GB": 1, "版本": 1, "5399": 1, "元": 9, "起步": 1, "第三方": 1, "平台": 1, "售价": 3, "4499": 1, "半年": 1, "时间": 6, "降价": 2, "900": 1, "智能机": 1, "来讲": 2, "保值": 1, "困难": 1, "接下来": 1, "正式": 5, "登场": 1, "进一步": 5, "意味着": 5, "降至": 1, "退场价": 1, "手感": 1, "不错": 8, "整体": 3, "观看": 2, "屏幕": 5, "采用": 7, "6.39": 1, "英寸": 2, "曲面OLED": 1, "刘海": 1, "屏": 1, "边框": 1, "2.1mm": 1, "背机": 1, "身部": 1, "8曲面3D": 1, "玻璃": 1, "机身": 3, "材质": 1, "分辨率": 1, "1440p": 1, "支持": 8, "指纹": 1, "整机": 1, "薄": 1, "视频": 5, "画面": 5, "饱满": 1, "、": 58, "视野": 1, "宽敞": 1, "曲面": 1, "贴膜": 1, "难度": 2, "日常": 6, "误触": 2, "拍照": 7, "表现": 6, "很": 19, "摄": 4, "三": 4, "4000万": 3, "像素": 7, "2000万": 1, "800万": 2, "景": 1, "深夜": 1, "拍": 3, "广角": 2, "虚化": 2, "拍摄": 13, "成像": 1, "效果": 3, "都": 19, "2400万": 1, "配置": 5, "3D": 3, "深感": 2, "摄像": 2, "系统": 21, "面部": 1, "识别": 1, "3D人": 1, "脸": 1, "支付": 2, "安全性": 1, "提升": 6, "硬件": 1, "搭载": 3, "双核": 1, "海思": 1, "麒麟": 2, "980": 1, "处理器": 3, "这是": 7, "较为": 1, "运存": 1, "8GB": 1, "储存": 1, "大为": 1, "256GB": 1, "平常": 1, "看剧": 1, "游戏": 4, "流畅度": 1, "发热": 2, "续航": 2, "4200": 1, "mAh大": 1, "电池": 6, "40W": 1, "超级": 1, "快充": 3, "无线": 4, "15W": 1, "持久性": 1, "蓄电": 1, "总的来讲": 1, "高端": 2, "总体": 1, "耗电": 1, "完美": 1, "体验": 3, "入手": 1, "留言": 1, "看法": 2, "讨论": 2, "交流": 1, "来源": 1, "：": 9, "中国": 12, "基金报": 1, "热销": 1, "季节": 1, "来临": 2, "粉丝们": 5, "关注": 2, "品牌": 3, "一个": 29, "Mate30": 9, "系列": 10, "；": 10, "苹果": 33, "iPhone11": 4, "日前": 3, "巨头": 1, "新品": 2, "瞬间": 2, "引爆": 1, "全网": 1, "评论": 1, "5G": 9, "配备": 7, "浴霸": 2, "摄像头": 6, "遭遇": 3, "疯狂": 2, "吐槽": 1, "意外": 1, "开售": 4, "迎来": 2, "久违": 1, "粉丝": 3, "长龙": 3, "队伍": 2, "近年来": 1, "极速": 1, "狂飙": 1, "新款": 8, "嵌入": 1, "创新点": 2, "黑科技": 2, "亮点": 1, "贵": 2, "超过": 5, "16000": 2, "到底": 3, "贵到": 1, "离谱": 1, "物有所值": 1, "二级": 2, "市场": 18, "产业链": 29, "相关": 8, "概念股": 8, "早已": 2, "疯涨": 1, "基金君": 2, "统计": 3, "年内": 5, "至今": 3, "多达": 5, "26": 2, "股价": 8, "翻倍": 4, "个股": 7, "涨幅": 14, "300％": 2, "投资": 7, "机构": 7, "外观": 4, "酷炫": 1, "性能": 3, "无敌": 1, "智能": 21, "挖掘": 3, "倍": 6, "牛股": 4, "才": 3, "王者": 2, "排队": 6, "再现": 2, "拆机": 1, "传疯": 1, "9月": 9, "20日": 2, "国内": 8, "缺乏": 2, "功能": 11, "网友们": 1, "吐糟": 1, "专卖店": 2, "不少": 10, "果粉": 1, "公开": 2, "现场": 3, "不难": 1, "上海": 1, "广州": 1, "深圳": 3, "香港": 1, "旗舰店": 5, "排满": 1, "等待": 2, "提货": 1, "据悉": 2, "暗夜": 1, "绿色": 1, "版": 1, "购买": 3, "预定": 1, "颜色": 4, "买到": 1, "国外": 7, "悉尼": 1, "新加坡": 1, "迪拜": 1, "英国": 1, "奥地利": 1, "苹果店": 1, "人群": 1, "东京": 1, "开放": 5, "丸内区": 1, "Marunouchi": 1, "零售店": 1, "早上": 1, "5点半": 1, "有人": 4, "韦德": 1, "布什": 1, "证券": 2, "分析师": 2, "丹·艾夫斯": 1, "Dan": 1, "Ives": 1, "投资者": 3, "报告": 3, "写道": 1, "纽约": 1, "人数": 1, "增加": 3, "70％": 1, "需求": 4, "强劲": 4, "艾夫斯": 1, "迹象": 1, "iPhone": 11, "消费者": 5, "排到": 1, "下午": 1, "此前": 4, "销售": 7, "冷场": 1, "预示": 1, "款": 13, "再次": 2, "证明": 1, "依然": 2, "具备": 3, "领域": 3, "拥有": 2, "地位": 1, "能力": 7, "网上": 1, "上传": 1, "拆解": 5, "真机": 1, "图片": 1, "IT之家": 1, "消息": 2, "称": 4, "iFixit": 2, "团队": 7, "研究": 7, "分析": 1, "过程": 3, "发现": 4, "11": 8, "下方": 1, "一块": 1, "板子": 2, "当初": 1, "反向": 1, "充电": 3, "天风": 1, "国际": 2, "郭明錤": 2, "预测": 2, "产品": 16, "提供": 4, "双边": 1, "彭博社": 1, "证实": 1, "现身": 1, "利用": 2, "背部": 1, "AirPods": 1, "配件": 1, "情况": 5, "Max": 2, "容量": 3, "XS": 1, "25％": 1, "确实": 1, "厚": 1, "确认": 2, "3969": 1, "mAh": 1, "研报": 4, "美国": 6, "依旧": 2, "占有率": 1, "有望": 4, "改善": 2, "上调": 1, "2019年": 4, "出货量": 3, "7000万": 1, "7500万": 1, "第四": 3, "季度": 1, "稳健": 1, "成长": 1, "预售": 8, "火热": 1, "在即": 1, "德国": 3, "慕尼黑": 1, "19日": 1, "推出": 3, "2019": 2, "年度": 1, "旗舰": 3, "Mate": 21, "30": 20, "惊奇": 1, "暗藏": 1, "太": 5, "大幅": 2, "设计": 12, "惊艳": 1, "越来越": 3, "用户们": 1, "选择": 5, "放弃": 4, "芯片": 3, "精密": 2, "——": 5, "990": 1, "指甲": 1, "大小": 1, "方寸": 1, "之间": 2, "集成": 1, "103亿": 1, "晶体管": 1, "GPU": 1, "提高": 1, "39％": 1, "能效": 1, "高达": 4, "32％": 2, "相比而言": 1, "超": 6, "感光": 3, "徕卡": 2, "电影": 2, "四": 3, "包含": 1, "枚": 4, "长焦": 1, "瀑布屏": 1, "侧屏": 1, "数字": 1, "触控": 1, "AI": 13, "操控": 1, "有线": 1, "项": 1, "发布会": 3, "展示": 2, "路": 1, "转粉": 1, "陷入": 1, "深度": 1, "纠结": 1, "线下": 2, "即将": 1, "26日": 1, "海外": 8, "折合": 1, "人民币": 1, "超出": 1, "价格": 2, "等到": 1, "才能": 1, "揭晓": 1, "京东": 2, "天猫": 2, "火爆": 4, "截至": 1, "23日": 4, "11:00": 1, "官方": 3, "14579": 1, "台": 4, "76014": 1, "4263": 1, "35679": 1, "涨疯": 1, "伴随": 1, "股票": 1, "热度": 1, "资金": 2, "加速": 1, "入场": 1, "涨出": 1, "新高": 1, "态势": 1, "当天": 1, "A股": 3, "三大": 1, "指数": 6, "低开": 1, "低走": 1, "逆势": 1, "飘红": 1, "茂硕": 2, "电源": 4, "开盘": 3, "高开": 2, "高走": 2, "半": 1, "小时": 1, "强势": 2, "字": 1, "涨停": 2, "报收": 2, "10.24": 1, "7万": 1, "股": 1, "买单": 1, "封": 1, "涨停板": 1, "连续": 1, "走势": 1, "鹏": 1, "鼎控股": 1, "鹏鼎": 3, "控股": 3, "触及": 1, "8％": 1, "临近": 1, "午盘": 1, "收盘": 1, "43.05": 1, "6.4％": 1, "关系": 2, "活动": 1, "记录表": 1, "透露": 1, "2018年": 2, "下半年": 2, "公司": 12, "开启": 2, "战略": 1, "合作": 8, "进展": 1, "上半年": 1, "大中华区": 1, "营收": 3, "贡献": 2, "实际上": 4, "早": 2, "波": 1, "猛烈": 1, "机会": 4, "频出": 1, "赚": 1, "盆满钵满": 1, "数据": 4, "显示": 5, "6月": 1, "6日": 2, "概念": 3, "894.27": 1, "低点": 2, "一路": 2, "上涨": 1, "1215.31": 1, "区间": 2, "35％": 1, "8月": 1, "短短": 1, "6614.15": 1, "涨": 1, "8782.64": 1, "惊人": 1, "初步": 1, "6": 1, "股年": 1, "内": 6, "322％": 1, "节前": 1, "调研": 4, "动作": 2, "增多": 1, "大热": 1, "机构们": 1, "忙": 1, "寻找": 1, "潜力": 1, "券商": 1, "重磅": 1, "成功": 9, "试图": 2, "挖出": 1, "2014年": 1, "民生": 1, "电子": 3, "元器件": 1, "指出": 4, "销售量": 1, "直逼": 1, "三星": 1, "彰显": 1, "国产": 4, "实力": 2, "软硬件": 1, "增强": 3, "制造": 1, "液晶": 1, "面板": 1, "锂电池": 1, "发展": 14, "大有裨益": 1, "持续": 2, "553": 1, "份": 2, "追捧": 2, "顶点": 1, "替代": 4, "高频": 1, "词汇": 1, "仅仅": 2, "18日": 1, "联接": 1, "大会": 1, "期间": 2, "堪比": 1, "2015年": 1, "全年": 1, "关注度": 1, "国泰君安": 2, "总量": 1, "2010年": 3, "iPhone4": 1, "行情": 1, "拉开": 1, "长": 1, "黄金": 2, "投资期": 1, "不乏": 1, "长电": 1, "科技": 3, "歌尔声学": 1, "立讯": 1, "行业": 1, "细分": 2, "龙头": 1, "未来": 7, "1月": 1, "2017年": 2, "末": 1, "上证": 1, "综指": 1, "59％": 1, "1079％": 1, "18": 1, "针对": 1, "140余": 1, "供应商": 1, "信息": 1, "复盘": 1, "比对": 1, "环节": 1, "从中": 1, "确定性": 1, "重演": 1, "故事": 1, "崛起": 1, "时代": 3, "演绎": 1, "国庆节": 1, "长假": 1, "基金": 1, "布局": 3, "希望": 3, "借着": 1, "风": 1, "提前": 1, "上周": 1, "获关": 1, "注度": 1, "星": 1, "网": 1, "锐捷": 1, "恒信": 1, "东方": 1, "华强": 1, "沪电": 1, "股份": 2, "雷能": 1, "紫光": 1, "中光": 1, "防雷": 1, "均": 1, "2.5亿": 1, "2.6亿": 1, "明年": 1, "跃居": 1, "第一": 4, "最新": 1, "iPhone11Pro": 10, "总算": 1, "镜头": 6, "首款": 1, "P20Pro": 1, "P30Pro": 14, "相差": 2, "1": 2, "颗": 1, "真实": 2, "对决": 1, "是日": 1, "夜拍": 1, "篇": 2, "介绍": 1, "超广角": 2, "清晰度": 4, "输": 1, "木雕": 2, "稍微": 1, "淡": 1, "失真": 2, "反观": 1, "色彩": 3, "鲜艳": 2, "看上去": 3, "逼真": 2, "近景": 1, "照片": 3, "背景": 3, "树干": 2, "主体": 2, "曝光": 1, "细节": 4, "呈现": 4, "远景": 1, "对比": 3, "优点": 1, "旁边": 2, "树叶": 2, "清晰": 3, "暗": 1, "天空": 1, "蓝天": 1, "漂亮": 1, "变焦": 4, "5": 2, "楼顶": 2, "无损": 1, "发挥": 4, "缺点": 2, "偏暗": 1, "噪点": 3, "10": 8, "差距": 3, "偏": 1, "暗缺点": 1, "至少": 2, "暴露": 1, "自拍": 1, "占到": 1, "便宜": 1, "老外": 2, "皮肤": 1, "感觉": 3, "偏红": 1, "高光": 1, "光线": 1, "控制": 5, "头发": 1, "阳光": 1, "照耀": 1, "相比": 1, "差": 1, "一点点": 1, "否认": 3, "缩短": 1, "虽败犹荣": 1, "舆论": 1, "(": 9, "尤其是": 1, ")": 9, "焦点": 1, "重点": 1, "强大": 2, "世界": 6, "顶级": 1, "体现": 2, "缺席": 1, "Google": 24, "软件": 9, "服务": 16, "找到": 1, "理想": 1, "解决": 9, "方案": 1, "克服": 1, "缺少": 3, "外界": 2, "热烈": 1, "尴尬": 4, "很多": 2, "媒体": 5, "表达": 1, "担忧": 1, "评价": 1, "世界报": 1, "幽灵": 1, "南德意志报": 1, "明镜": 1, "周刊": 1, "包括": 4, "Facebook": 2, "WhatsApp": 1, "instagram": 1, "程序": 12, "商店": 3, "安装": 14, "核心": 11, "搜索": 2, "Gmail": 1, "YouTube": 3, "Maps": 2, "面向": 1, "启动": 3, "加载": 5, "顺利": 1, "Android": 10, "许可": 2, "底层": 3, "GMS": 6, "顺畅": 2, "运行": 4, "设备": 12, "某种": 1, "程度": 1, "残忍": 1, "框架": 3, "作用": 3, "访问": 3, "所需": 1, "权限": 2, "想": 5, "取代": 1, "锁定": 1, "常规": 2, "手段": 1, "办法": 5, "渠道": 1, "解锁": 4, "引导": 2, "熟悉": 2, "业务": 1, "余承东": 6, "暗示": 2, "报道": 2, "做法": 1, "「": 25, "保证": 2, "自由": 1, "个人化": 1, "定制": 2, "计划": 4, "」": 25, "此话": 1, "技术": 7, "论坛": 2, "上都": 1, "炸锅": 1, "数百万": 1, "root": 2, "麻烦": 1, "事情": 2, "步骤": 1, "糟": 1, "风险": 3, "发烧友": 1, "Play": 3, "Service": 1, "唯一": 2, "方法": 1, "手动": 1, "授予": 1, "请求": 1, "特权": 1, "修改": 2, "一点": 4, "这不": 1, "指望": 1, "数千万": 1, "全都": 2, "现状": 1, "保护": 3, "引入": 1, "攻击": 2, "敞开": 1, "大门": 1, "老板": 2, "说法": 1, "曲线": 1, "近日": 1, "演示": 1, "专家": 1, "违反": 1, "禁令": 2, "简单": 2, "潜在": 1, "买家": 1, "颇为": 1, "失望": 1, "承认": 3, "事件": 1, "冲击": 2, "口碑": 1, "告诉": 3, "政府": 1, "强迫": 1, "影响": 4, "增长": 1, "竞争力": 3, "开辟": 1, "鸿蒙": 6, "想要": 2, "操作": 4, "OS": 7, "限于": 1, "物联网": 2, "首次": 2, "亮相": 1, "荣耀": 1, "智慧": 1, "电视": 1, "当中": 3, "生态": 15, "成熟": 1, "本次": 1, "未经": 1, "授权": 3, "AOSP": 2, "内置": 2, "基础": 5, "制作": 2, "EMUI": 1, "前端": 1, "界面": 2, "内部": 4, "转移": 1, "无需": 1, "改变": 1, "Store": 1, "交付": 1, "计费": 1, "支柱": 1, "变得": 1, "至关重要": 3, "展开": 1, "场": 6, "目的": 1, "拉": 2, "政治": 1, "气候": 1, "战争": 2, "恢复": 1, "晚": 2, "真的": 1, "取消": 1, "夜": 1, "升级": 3, "乐意": 1, "扩展": 1, "政策": 1, "喜欢": 3, "生活": 4, "段": 1, "未知": 1, "也许": 1, "隐忍": 1, "直言不讳": 1, "短期": 1, "痛苦": 1, "决策": 1, "换位": 1, "想想": 1, "地图": 1, "接受": 2, "关键": 1, "挑战": 3, "争夺": 1, "开发者": 4, "投入": 7, "亿": 2, "美元": 2, "激励": 1, "措施": 1, "份额": 3, "削减": 2, "一半": 1, "执行": 1, "荷兰": 1, "网站": 2, "LetsGoDigital": 3, "Harmony": 6, "Studio": 4, "海外版": 1, "名字": 1, "申请": 1, "商标": 1, "打造": 3, "办公室": 2, "分享": 3, "知识": 3, "开发": 3, "致力于": 1, "阿根廷": 1, "INPI": 1, "欧盟": 1, "产权法": 1, "注册": 2, "名称": 2, "位于": 1, "42": 1, "创建": 2, "内容": 1, "引用": 1, "日本": 2, "杂志": 1, "采访": 2, "高管": 2, "Kevin": 5, "Ho": 3, "文章": 1, "全力以赴": 1, "HMS": 5, "谷歌": 1, "开放性": 1, "战术": 1, "修正": 1, "解释": 1, "目标": 1, "友好": 1, "以往": 2, "转型": 2, "带来": 3, "谈及": 1, "兼容": 1, "ACSII.JP": 1, "提到": 2, "过渡": 2, "当下": 1, "就要": 1, "承诺": 1, "爽": 1, "原因": 1, "部门": 1, "主管": 1, "坚称": 1, "独立性": 2, "之上": 1, "退出": 1, "很快": 1, "发生": 3, "坚信": 1, "资源": 3, "尝试": 1, "建立": 6, "iOS": 1, "替代品": 1, "庞大": 1, "俄罗斯": 1, "手中": 1, "夺走": 1, "优惠": 1, "收入": 4, "方式": 4, "和谐": 1, "收获": 1, "第三": 3, "条": 1, "道路": 2, "多年": 1, "变革": 2, "角度": 2, "扮演": 1, "授权方": 1, "所有者": 1, "角色": 1, "厂商": 1, "拉进": 1, "混战": 1, "开发商": 1, "吸引力": 1, "不说": 2, "件": 2, "原本": 1, "伙伴": 2, "那种": 1, "傲慢": 1, "偏见": 1, "态度": 2, "威胁": 1, "竞争": 3, "对手": 4, "收回": 1, "潘多拉": 1, "魔盒": 1, "打开": 2, "面对": 1, "突如而来": 1, "灾难": 1, "担心": 1, "足够": 2, "说服": 1, "独特": 1, "互联网": 5, "一代": 2, "习惯": 4, "脱离": 1, "状态": 4, "各种各样": 1, "正好": 1, "独有": 1, "导航": 1, "市场占有率": 1, "短": 1, "足以": 3, "感到": 1, "困惑": 1, "颠覆": 2, "体系": 1, "现有": 1, "数十": 1, "建设": 1, "消失": 1, "历史": 1, "长河": 1, "微软": 1, "反而": 1, "转向": 2, "挑战者": 1, "阿里": 1, "车联网": 1, "坐拥": 1, "上亿": 1, "背后": 1, "势力": 1, "漫长": 1, "拔河": 1, "一点一点": 1, "最终": 2, "胜利": 1, "和平": 1, "万岁": 1, "最初": 1, "交换机": 1, "贸易": 1, "独一无二": 1, "全球型": 1, "企业": 19, "经历": 1, "思考": 1, "1997年": 2, "参加": 1, "十五大": 2, "起草": 1, "提出": 3, "‘": 5, "姓资": 1, "姓": 1, "社": 1, "’": 5, "职工": 6, "持股": 5, "社会主义": 1, "方向": 1, "对此": 1, "赞成": 1, "21日": 1, "复旦": 1, "大学": 1, "管理": 2, "学院": 1, "掌门人": 4, "同行": 1, "致敬": 1, "共和国": 1, "70": 1, "周年": 1, "主题": 1, "国家": 4, "经济": 11, "体制": 2, "改革": 2, "委员会": 1, "副主任": 1, "高尚": 16, "发表": 1, "一流": 4, "企业家": 6, "掌门": 1, "商人": 1, "本质": 2, "区别": 1, "22": 1, "年前": 1, "争论": 1, "定论": 1, "已然": 1, "特征": 1, "凝聚": 1, "民企": 2, "共识": 1, "代表": 2, "创新": 12, "动力": 5, "源": 1, "民营": 2, "绝不": 2, "离场": 1, "活": 1, "参考": 1, "范例": 1, "贬低": 1, "论调": 1, "始终": 1, "批判": 1, "公有制": 1, "多种": 1, "所有制": 1, "制度": 5, "根植": 1, "进程": 1, "邓小平": 1, "同志": 1, "老祖宗": 1, "自主": 1, "客户": 5, "中心": 4, "奋斗者": 5, "理念": 3, "激发": 2, "站": 1, "巨人": 1, "肩膀": 1, "上文": 1, "质疑": 1, "调查": 2, "经营": 1, "花": 1, "一分钱": 1, "第二": 2, "内在": 1, "红利": 1, "就业": 2, "打压": 1, "党": 1, "劳动者": 2, "劳动": 5, "联合": 3, "资本": 7, "集体经济": 1, "提倡": 1, "鼓励": 1, "理论": 1, "远": 2, "价值": 1, "10年": 2, "税收": 1, "4689亿": 1, "销售额": 1, "7212亿": 1, "18万": 1, "500": 1, "排名": 1, "393": 1, "61": 1, "跳跃式": 1, "70%": 1, "全球": 3, "30亿": 1, "人口": 1, "全归": 1, "理由": 1, "任正非": 5, "一无所有": 1, "手里": 2, "别人": 1, "文化": 1, "力量": 5, "上帝": 1, "生命": 1, "践行": 1, "内生": 1, "员工": 6, "主人": 1, "顺口溜": 1, "加拿大": 1, "趣道": 1, "彼时": 1, "北方": 1, "县级市": 1, "偷": 3, "公家": 1, "东西": 1, "300": 1, "青年": 1, "工人": 1, "220多": 1, "装": 1, "不见": 1, "60多": 1, "人选": 1, "现象": 1, "地震": 1, "职工会": 1, "第一时间": 1, "一线": 1, "福岛": 1, "核电": 1, "事故": 1, "日本人": 1, "撤退": 1, "进去": 1, "基站": 1, "地方": 2, "通讯": 1, "都会": 1, "冲到": 1, "利益": 1, "共享": 2, "机制": 3, "缓解": 1, "矛盾": 2, "收益": 7, "大于": 1, "比例": 2, "劳资": 1, "平衡": 1, "占": 3, "3": 1, "分配": 2, "外国": 1, "学者": 1, "王": 1, "最大化": 1, "学习": 1, "研发": 12, "人才": 2, "教育": 2, "注重": 3, "基础教育": 1, "因素": 1, "领先": 3, "层面": 1, "密不可分": 1, "10%": 2, "~": 1, "15%": 2, "推动": 1, "比起": 1, "897亿": 1, "累计": 1, "4800亿": 1, "类型": 2, "十几亿": 1, "打下": 1, "外部": 1, "搞": 2, "3万": 1, "外籍": 1, "人员": 1, "能人": 1, "科学家": 1, "顶尖": 1, "本职": 1, "工作": 3, "前提": 1, "第五": 1, "重视": 1, "所在": 2, "坐冷板凳": 1, "万万": 1, "不行": 1, "第六": 1, "平易近人": 1, "出差": 1, "出国": 1, "从不": 1, "前呼后拥": 1, "榜样": 1, "第七": 1, "秉承": 1, "严明": 1, "奖罚": 1, "通俗": 1, "奖励": 1, "脑袋": 1, "对着": 2, "提拔": 1, "屁股": 1, "财务": 1, "作假": 1, "自罚": 1, "100万": 1, "值班": 1, "CEO": 4, "每人": 1, "罚款": 1, "50万": 1, "以此": 1, "戒": 1, "第八": 1, "法规": 1, "合规": 1, "落实": 1, "基本法": 1, "成果": 1, "写入": 1, "遵循": 1, "第九": 1, "治理": 1, "人治": 1, "走向": 1, "法治": 1, "轮值": 2, "承担": 1, "培养": 1, "接班人": 1, "董事长": 2, "虚设": 1, "否决权": 1, "事宜": 1, "儿子": 1, "女儿": 1, "接班": 1, "班": 1, "创造": 1, "环境": 4, "法律": 1, "营商": 1, "转折期": 2, "眼前": 2, "影响力": 1, "群体": 1, "深刻": 1, "民族": 1, "建设性": 1, "亚商": 1, "集团": 1, "陈琦伟": 1, "见证": 1, "一批": 1, "优秀": 1, "观点": 1, "深有感触": 1, "当地": 1, "特色": 1, "非公": 1, "价值观": 1, "市场经济": 1, "国情": 1, "有机": 1, "典型": 1, "引领": 1, "走": 1, "无人区": 1, "品质": 1, "敢于": 1, "远见": 1, "迷雾": 1, "缭绕": 1, "风浪": 1, "变化": 1, "次要": 1, "三五": 1, "来年": 1, "趋势": 1, "远远": 1, "经验": 2, "闭关自守": 1, "盲目": 1, "自大": 1, "说起": 1, "恐怕": 1, "陌生": 1, "词语": 1, "过分": 1, "高速": 1, "智能化": 1, "加上": 2, "音响": 12, "不再": 1, "传统": 1, "观念": 1, "播放": 2, "家电": 1, "家居": 6, "交互": 2, "入口": 2, "管家": 1, "这次": 1, "秋叶": 2, "AI音响": 5, "小米": 1, "百度": 1, "探索": 1, "揭露": 1, "用作": 1, "A": 3, "I音箱": 3, "＂": 2, "Myna": 1, "宣传": 1, "音箱": 11, "人工": 1, "带有": 1, "丹拿": 4, "调音": 5, "海量": 1, "音乐": 6, "网络": 4, "通信": 1, "全新": 1, "齐全": 1, "玩家": 1, "早就": 1, "HiLink": 2, "APP": 3, "100多": 1, "圆筒形": 1, "亲切感": 1, "圆角": 1, "编织": 1, "面料": 1, "包裹": 1, "简洁": 1, "美观": 1, "配色": 1, "经典": 1, "黑白": 1, "供": 1, "选用": 1, "控制板": 1, "功能键": 1, "六": 1, "Mic": 1, "指向": 1, "收音": 2, "麦克风": 1, "单元": 1, "说话": 1, "捕捉": 1, "声音": 2, "半径": 1, "方圆": 1, "米": 1, "键": 1, "音量": 1, "增减": 1, "静音": 2, "通话键": 1, "直观": 1, "对称": 1, "圈": 1, "隐藏式": 1, "LED": 3, "环形": 3, "灯": 4, "发出": 2, "隐藏": 1, "适配器": 1, "插口": 1, "走线": 1, "隐蔽": 1, "拆卸式": 1, "电源线": 1, "收纳": 1, "到处": 1, "跑": 1, "铭牌": 1, "上方": 1, "丹拿华": 1, "LOGO": 1, "标识": 1, "忽然": 1, "有种": 1, "专业": 1, "样子": 1, "身材": 1, "不大": 1, "内涵": 1, "2.25": 1, "W全": 1, "频扬": 1, "声器": 1, "无源": 1, "低音": 2, "辐射器": 1, "有别于": 1, "喇叭": 1, "朝下": 1, "利于": 1, "传播": 1, "音质": 2, "尤为": 1, "4": 1, "MT8516": 1, "256M": 1, "内存": 1, "128MB": 1, "存储": 1, "够用": 1, "扫描": 1, "底部": 2, "二维码": 1, "下载": 1, "提示": 2, "帐账号": 1, "联网": 2, "设置": 5, "即可": 2, "40多": 1, "声学": 2, "转为": 1, "符合": 1, "家用": 1, "创始": 1, "着重于": 1, "低": 1, "还原": 1, "少音染": 1, "动态": 1, "沿袭": 1, "单体": 1, "优化": 1, "调整": 1, "小小": 1, "身躯": 1, "变为": 1, "橙色": 2, "闪烁": 2, "语音": 2, "配网": 2, "旋转": 1, "红色灯": 1, "断开": 1, "红灯": 1, "常亮": 1, "复位键": 1, "小艺": 4, "家里": 1, "4G路": 1, "查询": 1, "流量": 1, "关闭": 2, "WIFI": 1, "蓝牙": 2, "默认": 1, "闹钟": 1, "铃声": 1, "勿扰": 1, "模式": 1, "唤醒": 1, "应答": 1, "更新": 1, "听歌": 1, "家庭": 2, "连接": 1, "单独": 1, "录入": 1, "声纹": 1, "风格": 1, "准确": 1, "成员": 1, "音乐库": 1, "携手": 1, "腾讯": 1, "娱乐": 1, "新增": 1, "千万级": 1, "优质": 1, "曲库": 2, "酷狗": 1, "同类": 1, "要素": 1, "电话": 3, "SIM卡": 1, "APP端": 1, "号码": 1, "喊": 1, "拨打": 1, "赠送": 1, "通话": 3, "时长": 2, "120": 1, "分钟": 2, "1500": 1}