{"国产": 2, "手机": 27, "标杆": 1, "企业": 7, "华为": 28, "Mate": 3, "高端": 1, "旗舰": 1, "领域": 2, "发展": 5, "不错": 1, "消费者": 4, "心中": 1, "综合": 1, "评分": 1, "超过": 1, "iPhone": 1, "三星": 12, "麒麟": 3, "处理器": 4, "EMUI": 1, "系统": 1, "升级换代": 1, "愈发": 1, "符合": 1, "用户": 1, "需求": 1, "如今": 2, "系列": 4, "发售": 1, "Mate30": 7, "价格": 2, "不难": 1, "发现": 1, "起步价": 1, "比起": 2, "Mate20Pro": 6, "还要": 2, "便宜": 1, "500": 2, "元": 4, "款": 7, "差距": 2, "真的": 1, "很": 1, "外观": 1, "肯定": 1, "给力": 2, "采用": 2, "刘": 2, "海屏": 2, "设计": 3, "后置": 2, "圆盘式": 1, "相机": 1, "排列": 1, "视觉": 1, "冲击力": 1, "加浴": 1, "霸式": 1, "屏幕": 2, "分辨率": 2, "级别": 3, "新款": 1, "1080P": 1, "显示": 1, "效果": 1, "核心": 1, "性能": 4, "在于": 1, "麒麟980": 2, "990": 2, "差异": 2, "跑分": 1, "AI": 1, "美颜": 1, "技术": 5, "关心": 1, "游戏": 1, "麒麟990": 1, "不大": 1, "都": 3, "帧度": 1, "运行": 1, "时间": 2, "长": 1, "续航": 2, "能力": 6, "配置": 1, "首次": 1, "4200": 1, "毫安": 1, "电池": 2, "支持": 4, "40w": 1, "快充": 1, "放心": 1, "地方": 2, "不用": 2, "担心": 2, "拍照": 3, "徕卡": 1, "三": 3, "摄": 1, "4000w": 1, "主摄": 1, "行业": 2, "内": 1, "一流": 1, "水准": 1, "小伙伴们": 2, "相差": 1, "情况": 1, "3999": 1, "起步": 1, "拥有": 1, "出色": 1, "颜值": 1, "强大": 1, "4499": 1, "画面": 1, "IP": 1, "68": 1, "防水": 1, "防尘": 1, "整体": 1, "溢价": 1, "看完": 1, "评测": 1, "喜欢": 1, "选择": 19, "有时候": 1, "一念之间": 1, "一家": 4, "选错": 2, "竞争": 8, "处处": 1, "受制于人": 1, "丢掉": 1, "市场": 8, "份额": 5, "错失": 1, "良机": 1, "；": 1, "一个": 4, "国家": 7, "长久": 1, "落后": 1, "亿万": 1, "国民": 1, "美好": 1, "生活": 1, "向往": 1, "化为": 1, "泡影": 1, "通讯": 4, "微软": 10, "、": 10, "公司": 2, "同一天": 1, "做出": 5, "——": 3, "当地": 2, "2日": 2, "美国": 5, "纽约": 1, "场": 1, "媒体": 2, "活动": 1, "不经意间": 1, "当场": 1, "展示": 2, "台名": 1, "Surface": 1, "Duo": 1, "折叠": 2, "双屏": 1, "明年": 2, "带": 1, "杀回": 1, "智能": 5, "日趋": 1, "白热化": 1, "报道": 1, "关闭": 2, "中国": 14, "工厂": 4, "从此": 1, "停止": 1, "生产": 2, "产品": 1, "原因": 4, "国内": 1, "对手": 1, "日益": 1, "激烈": 2, "去年": 1, "年底": 1, "世界": 3, "销量": 1, "冠军": 1, "剩下": 1, "1%": 1, "欧洲": 2, "意大利": 7, "签订": 1, "合同": 1, "5G": 9, "基础": 2, "设施": 2, "建设": 2, "提上": 1, "日程": 1, "国务卿": 1, "蓬佩奥": 1, "发出": 1, "威胁": 4, "称": 1, "合作": 1, "不得不": 1, "艰难": 1, "外长": 1, "回答": 1, "强硬": 1, "：": 5, "维护": 1, "信息": 3, "言下之意": 1, "不言而喻": 1, "发生": 1, "地球": 1, "角落": 1, "件": 1, "事情": 2, "看似": 1, "相关": 1, "千丝万缕": 1, "这是": 2, "全球": 2, "一体化": 1, "此消彼长": 1, "面对": 1, "即将": 1, "到来": 1, "时代": 5, "战略": 1, "决策": 1, "科技": 1, "触动": 1, "国际": 1, "政治": 1, "敏感": 1, "神经": 1, "悸动": 1, "6": 1, "年前": 1, "72亿": 1, "美元": 1, "重金": 1, "收购": 1, "巨头": 2, "诺基亚": 5, "曾几何时": 1, "代名词": 1, "互联网": 2, "误判": 1, "导致": 1, "帝国": 2, "日薄西山": 1, "有人": 1, "评论": 1, "努力": 1, "当年": 1, "联姻": 1, "无限": 1, "遐想": 1, "思维": 1, "注入": 1, "依然": 1, "庞大": 1, "化学": 1, "答案": 1, "2015年": 1, "发布": 1, "出售": 1, "业务": 1, "4": 1, "年后": 1, "今日": 1, "全新": 1, "折叠屏": 2, "世人": 1, "不许": 1, "记者": 1, "近距离": 1, "公布": 1, "硬件": 1, "参数": 1, "足够": 1, "软件": 1, "芯片": 2, "搭载": 1, "铰链": 1, "连接": 1, "块": 1, "并非": 2, "此前": 1, "小米": 2, "相继": 1, "推出": 1, "柔性屏": 1, "……": 1, "未来": 1, "留足": 1, "悬念": 1, "直指": 1, "差异化": 1, "成功": 1, "到底": 1, "选": 1, "下降": 2, "冰点": 1, "强势": 1, "崛起": 1, "爆炸": 1, "事件": 1, "傲慢": 1, "伤": 1, "经济": 2, "老百姓": 1, "收入": 1, "提高": 1, "永远": 1, "人力": 1, "成本": 5, "洼地": 2, "原本": 1, "劳动密集型": 1, "产业": 1, "面临": 1, "增加": 1, "困境": 1, "离开": 1, "占": 1, "首屈一指": 1, "去年底": 1, "天津": 1, "低": 1, "迁移": 1, "印度": 1, "新建": 1, "追求": 1, "利润": 1, "想方设法": 1, "降低": 1, "自然": 1, "规律": 2, "使然": 1, "背后": 1, "创新": 1, "高地": 1, "进军": 1, "价值链": 2, "最低端": 1, "中高端": 1, "攀登": 1, "四处": 1, "叫嚷": 1, "杂音": 1, "逻辑": 1, "大幕": 1, "揭开": 1, "错过": 1, "带来": 1, "种种": 1, "机会": 1, "人民": 2, "擦肩而过": 1, "实力": 1, "优势": 1, "健康": 1, "理由": 1, "供应商": 1, "开玩笑": 1, "别国": 2, "自有公论": 1, "外交部": 1, "发言人": 1, "美方": 3, "网络": 1, "指手画脚": 2, "强拉": 1, "立场": 1, "单边主义": 1, "霸权主义": 1, "行径": 1, "暴露无遗": 1, "中方": 1, "奉劝": 1, "高估": 1, "造谣": 1, "低估": 1, "别人": 1, "判断": 1, "站台": 1, "历史": 5, "十字路口": 1, "负责": 2, "傀儡": 1, "潜在": 1, "双向": 1, "浩浩汤汤": 1, "大势": 2, "察": 1, "大势者智": 1, "顺潮": 1, "流者": 1, "赢": 1, "把握": 1, "认清": 1, "正确": 1, "习近平": 1, "总书记": 1, "顺应": 1, "潮流": 1, "应变": 1, "主动": 1, "求变": 1, "才能": 1, "同行": 1}