{"国球": 1, "众多": 3, "权威": 1, "调研": 2, "当中": 2, "手机": 89, "行业": 5, "国人": 1, "最先": 2, "知晓": 1, "熟悉": 1, "就要": 2, "IDC": 7, "各家": 1, "机构": 1, "陆续": 2, "公布": 3, "2018年": 19, "中国": 13, "智能": 38, "市场": 37, "第四": 10, "季度": 19, "全年": 6, "出货量": 27, "占比": 5, "情况": 12, "近日": 2, "2018": 3, "年度": 2, "全球": 18, "品牌": 12, "数据": 8, "显示": 7, "共计": 1, "出货": 2, "3.754亿": 1, "同比": 11, "下降": 8, "4.9%": 1, "连续": 2, "第五": 2, "下滑": 8, ";": 2, "14.49亿": 1, "4.1%": 2, "亮眼": 1, "还要": 4, "Top": 1, "5": 6, "排名": 2, "第三": 5, "三大": 1, "增长": 7, "三": 6, "华为": 118, "(": 1, "包括": 2, "荣耀": 7, ")": 2, "暴涨": 1, "43.9%": 2, "激增": 2, "33.6%": 3, "苹果": 63, "0.2%": 3, "差距": 4, "统计": 1, "发货量": 4, "14亿": 1, "萎缩": 1, "三星": 8, "发货": 1, "2.923亿": 1, "8%": 1, "2.088亿": 2, "位居": 3, "第二": 11, "名": 8, "3.2%": 2, "2.06亿": 2, "成绩": 3, "猛增": 1, "280万": 1, "14.7%": 1, "美国": 3, "施压": 1, "北美": 1, "增速": 2, "仅次于": 2, "小米": 6, "1.226亿": 1, "32.2%": 1, "OPPO": 3, "1.131亿": 1, "微幅": 1, "1.3%": 1, "报告": 4, "发布": 23, "Q4": 4, "7040万": 1, "18.7%": 1, "份额": 7, "高居": 1, "榜首": 1, "相比": 4, "去年": 2, "同期": 1, "5.5%": 1, "6840万": 1, "占据": 3, "18.2%": 1, "7730万": 1, "11.5%": 1, "1.4%": 1, "差": 2, "0.5%": 2, "表现": 3, "最为": 1, "抢眼": 1, "属华": 1, "6050万": 1, "涨幅": 1, "16.1%": 1, "提升": 3, "10.7%": 1, "顺序": 1, "2920万": 1, "排": 2, "2860万": 1, "台": 3, "都": 25, "小幅": 1, "设备": 3, "追踪": 1, "项目": 1, "副总裁": 2, "Ryan": 1, "Reith": 1, "混乱": 1, "印度": 1, "、": 39, "印尼": 1, "韩国": 1, "越南": 1, "高速": 1, "太": 5, "活动": 1, "因素": 1, "用户": 5, "换机": 1, "周期": 1, "延长": 1, "渗透率": 2, "很多": 13, "经济": 7, "不确定性": 1, "价格": 8, "导致": 6, "消费者": 2, "挫败感": 1, "增加": 1, "面临": 1, "挑战": 1, "复苏": 1, "依然": 4, "向前": 1, "发展": 6, "焦点": 1, "销量": 7, "30%": 1, "阶段": 2, "买": 20, "居高不下": 1, "制约": 1, "热情度": 1, "最终": 8, "国产": 7, "卖力": 1, "演出": 1, "性价比": 3, "高价": 4, "卖": 5, "有钱": 1, "自然": 3, "新款": 4, "iPhoneXS": 1, "XR": 1, "没钱": 1, "都都": 1, "二手": 13, "iPhoneXR": 8, "很": 15, "难": 5, "理解": 2, "3": 10, "理由": 2, "反驳": 2, "！": 11, "1": 6, "寿命": 3, "现阶段": 1, "理性": 1, "科技": 10, "产品": 12, "科技感": 1, "可惜": 1, "工资": 8, "涨": 3, "房价": 1, "生活": 5, "压力": 2, "挺": 3, "显得": 1, "尤为": 1, "谨慎": 1, "安卓": 2, "短": 1, "上一年": 1, "Mate10": 1, "初": 6, "捧": 1, "上天": 1, "如今": 7, "短短": 1, "降价": 2, "暴降": 1, "无人问津": 1, "潜意识": 1, "耐用": 1, "这是": 2, "偏见": 1, "当年": 2, "iPhone6s": 1, "活跃": 1, "口碑": 2, "建立": 1, "优势": 7, "人气": 1, "超过": 4, "款": 16, "平均": 2, "拮据": 1, "果粉": 2, "Mate20": 1, "交易": 2, "居多": 1, "观念": 1, "难以": 4, "接受": 2, "事情": 7, "系统": 9, "流畅度": 3, "刻意": 1, "追求": 1, "性能": 3, "跑分": 4, "雷军": 1, "一个": 10, "头": 1, "不服": 1, "跑": 2, "没事": 1, "外媒": 1, "揭露": 1, "P20": 4, "FindX": 1, "作假": 1, "精力": 1, "放": 5, "考量": 1, "安全性": 2, "基于": 2, "iOS12": 1, "打造": 1, "旗舰机": 1, "具备": 1, "仿生": 1, "处理器": 8, "A12": 1, "37万分": 1, "名人": 1, "iPhone": 27, "窃听": 1, "封闭": 1, "杀毒": 1, "软件": 1, "EMUI": 2, "流畅": 1, "面子": 3, "有人": 2, "脸": 1, "收获": 1, "回头率": 1, "异样": 1, "眼光": 1, "看待": 1, "网友": 6, "硬是": 1, "打脸": 1, "充胖子": 1, "眼里": 1, "神器": 1, "难怪": 1, "店": 1, "修": 1, "老板": 1, "柜台": 1, "生意": 1, "源源不断": 1, "洁癖": 1, "肯定": 1, "汽车": 1, "屡见不鲜": 1, "补充": 1, "备注": 1, "：": 17, "图片": 1, "来源": 3, "网络": 7, "侵权": 1, "烦请": 1, "删除": 2, "价格战": 1, "2017": 1, "互联网": 4, "电视": 18, "产业": 1, "轮": 1, "洗牌": 1, "称之为": 1, "寒冬": 1, "风靡一时": 1, "乐视": 1, "资金链": 1, "断裂": 1, "陨落": 1, "成功": 3, "厂商": 6, "跃跃欲试": 1, "官方": 7, "正式": 3, "进军": 2, "家居": 2, "——": 3, "带来": 5, "媒体": 1, "称": 4, "业内": 2, "人士": 4, "确认": 2, "涉足": 1, "领域": 2, "团队": 2, "/": 3, "立项": 1, "找": 2, "合作": 2, "代工": 2, "动作": 1, "预计": 7, "最早": 1, "4月": 1, "旗下": 5, "首款": 4, "京东方": 1, "高创": 1, "公司": 23, "消息": 6, "频繁": 2, "接触": 1, "蔡甸街": 1, "寻求": 1, "渠道": 6, "建设": 5, "营销": 1, "建议": 1, "分为": 1, "区别": 1, "定位": 4, "分类": 1, "差不多": 1, "侧重线": 1, "4": 6, "~": 5, "5月份": 1, "率先": 3, "推出": 5, "定价": 1, "低": 1, "剑指": 1, "；": 8, "高端": 3, "引入": 1, "时下": 1, "热门": 1, "5G": 22, "技术": 15, "4K": 3, "8K": 3, "质量": 1, "内容": 5, "2019": 5, "下半年": 1, "面世": 1, "必定": 1, "不菲": 1, "推": 1, "传闻": 1, "毕竟": 4, "业务": 6, "覆盖": 2, "笔记本": 1, "平板": 1, "电脑": 3, "手表": 1, "路由器": 1, "音箱": 1, "家庭": 1, "Hi-Link": 1, "协议": 8, "第三方": 2, "开放": 2, "场景": 2, "智慧": 1, "生态": 2, "战略": 1, "不可或缺": 1, "一部分": 3, "称为": 1, "中心": 3, "加上": 3, "日趋": 1, "饱和": 1, "物联网": 1, "IoT": 1, "人工": 1, "AI": 6, "重点": 1, "关注": 6, "对象": 1, "越来越": 3, "选择": 3, "跨界": 1, "海思": 1, "麒麟": 4, "芯片": 16, "服务": 3, "添加": 1, "份": 3, "助力": 2, "研发": 7, "资源": 1, "充足": 1, "运营商": 3, "企业": 5, "处于": 4, "领先": 3, "地位": 2, "增势": 1, "喜人": 2, "余承东": 1, "新年": 1, "致辞": 1, "终端": 1, "意味着": 2, "将来": 1, "世界": 4, "第一": 15, "远": 1, "难题": 1, "等待": 2, "解决": 1, "未来": 4, "硬件": 1, "廉价": 1, "免费": 1, "盈利": 1, "67%": 1, "市面": 1, "少见": 2, "再则": 1, "专利": 6, "商用": 1, "初期": 1, "费用": 1, "通讯": 8, "想要": 2, "下功夫": 1, "真的": 1, "入局": 1, "变化": 1, "麦芒": 4, "7": 4, "中档": 6, "起售价": 1, "2399": 1, "元": 15, "刚": 2, "薄厚": 1, "适中": 2, "黑色": 1, "低调": 2, "大气": 1, "造型": 2, "不少": 10, "商务": 2, "喜爱": 1, "发售": 2, "半年": 1, "至今": 1, "跌至": 1, "1678": 2, "吐槽": 3, "低配": 2, "麦芒7": 6, "整体": 2, "配置": 2, "6.3": 1, "英寸": 2, "屏幕": 7, "分析率": 1, "2340*1080": 1, "像素": 1, "搭配": 5, "组合": 5, "稳重": 1, "电池": 3, "容量": 2, "3750": 1, "毫安": 1, "续航": 1, "能力": 5, "18": 3, "W快充": 1, "反而": 2, "快充": 1, "摄像": 1, "一流": 1, "四": 1, "摄像头": 5, "特色": 1, "2400万": 1, "+": 7, "200万": 2, "前置": 1, "2000万": 1, "后置": 3, "拍照": 2, "需求": 5, "八核": 1, "核心数": 1, "6GB": 2, "64": 1, "GB": 1, "存储": 1, "良心": 2, "主打": 2, "或许": 1, "游戏": 1, "体验": 1, "算": 2, "64GB": 1, "摄": 3, "W": 1, "这一切": 1, "孽": 1, "麒麟710": 1, "核心": 5, "高通": 15, "骁龙": 3, "710": 2, "堪比": 1, "660": 1, "机型": 4, "麒麟970": 2, "降到": 2, "2000": 3, "倾向于": 1, "新机": 7, "无奈": 1, "竞争": 3, "太过": 1, "激烈": 2, "更新换代": 1, "快": 3, "所幸": 1, "线下": 1, "销售": 2, "竞争力": 2, "存量": 1, "红海": 1, "靠拢": 1, "日剧": 1, "增": 1, "也许": 1, "杀手锏": 1, "门槛": 1, "黑科技": 1, "加成": 1, "外观": 1, "设计": 1, "拔高": 1, "对此": 2, "看法": 2, "不妨": 1, "留言": 1, "评论": 1, "1月": 13, "中旬": 3, "每日": 5, "新闻": 6, "记者": 12, "走访": 2, "富士康": 17, "深圳": 4, "厂区": 2, "发现": 2, "观澜": 4, "园区": 8, "产线": 6, "工人": 7, "早": 4, "10月": 5, "加班": 20, "组装": 2, "地点": 2, "相比观": 2, "澜区": 2, "清闲": 2, "龙华区": 3, "工作": 19, "忙碌": 3, "工友们": 2, "上班": 6, "时间": 12, "早上": 3, "7点": 4, "晚上": 3, "应聘": 3, "普工": 2, "身份": 2, "前往": 2, "龙华": 6, "招募": 2, "培训": 2, "人员": 3, "想": 4, "赚钱": 2, "减产": 4, "报道": 3, "原文": 1, "王": 1, "遭遇": 2, "中年": 1, "危机": 1, "东部": 1, "29日": 2, "财年": 2, "财季": 4, "当季": 1, "营收": 6, "843亿": 1, "美元": 11, "5%": 1, "净利润": 1, "199.65亿": 1, "艘": 1, "库克": 6, "掌舵": 1, "船": 1, "商海": 1, "减速": 1, "在此之前": 1, "采用": 3, "策略": 2, "意图": 1, "扭转": 1, "战局": 1, "产业链": 1, "巨头": 2, "伯恩": 15, "光学": 12, "调整": 1, "首当其冲": 1, "辞退": 3, "好几": 2, "不用": 4, "……": 2, "伯恩光学": 8, "听到": 2, "声音": 2, "喷嚏": 1, "供应链": 4, "感冒": 1, "16日": 3, "工厂": 4, "出入": 1, "必选": 1, "刷卡": 1, "刷脸": 1, "才能": 1, "通行": 1, "戒备森严": 1, "散发": 1, "丝": 1, "神秘": 1, "气息": 1, "下午": 2, "徘徊": 1, "得以": 1, "员工": 25, "攀谈": 1, "听": 1, "描绘": 1, "环境": 1, "单调": 2, "佳": 2, "一点": 3, "程度": 2, "取决于": 2, "到手": 2, "七八点钟": 1, "5点半": 1, "下班": 4, "反常": 1, "持续": 3, "就算": 1, "申请": 4, "最多": 4, "只能": 1, "36": 2, "钟": 2, "张丽": 1, "抱怨": 3, "众所周知": 2, "抱": 1, "大腿": 1, "无疑": 1, "业绩": 7, "知名度": 1, "依赖": 1, "风险": 1, "2019年": 11, "31日": 2, "股价": 1, "降": 1, "165": 1, "市值": 2, "缩水": 1, "7816亿": 1, "影响": 6, "母公司": 1, "鸿海": 1, "2317": 1, "TW": 1, "跌破": 1, "万亿": 1, "台币": 1, "上市": 1, "外界": 1, "负面": 2, "不绝于耳": 1, "尤其是": 2, "砍单": 1, "供应商": 3, "下调": 4, "预期": 7, "系列": 12, "距": 1, "观澜区": 2, "12": 5, "公里": 1, "李晓": 1, "流水线": 1, "车间": 3, "中午": 1, "吃饭": 1, "做事": 1, "当天": 1, "产量": 2, "6点半": 1, "7点半": 1, "招工": 4, "报名处": 2, "薪资": 5, "待遇": 3, "公示": 1, "试用期": 1, "标准": 7, "2300": 1, "综合": 3, "收入": 3, "含": 1, "3500~4800": 1, "试用": 1, "期满": 1, "2650": 1, "4200~6000": 1, "生产": 1, "作业员": 1, "值得": 2, "周一": 1, "周五": 1, "变动": 1, "工价": 2, "计算": 2, "26~28": 1, "小时": 10, "跌": 1, "20~22": 1, "周末": 1, "双休": 1, "倍": 3, "上个月": 1, "这话": 1, "李晓微": 1, "微露": 1, "笑容": 1, "询问": 1, "李": 1, "晓便": 1, "行色匆匆": 1, "走开": 1, "圆圆是": 1, "告诉": 3, "收尾": 1, "订单": 6, "随后": 2, "王林": 2, "每月": 2, "80": 1, "东西": 1, "所在": 1, "不错": 1, "6000": 1, "乏味": 1, "希望": 1, "离职": 1, "重操旧业": 1, "珠宝": 2, "玉石": 1, "笔": 1, "赚": 1, "5万": 1, "招聘": 4, "2万": 2, "强制": 1, "休假": 21, "超级": 2, "大厂": 2, "供应": 1, "玻璃": 3, "盖板": 1, "触摸屏": 1, "位于": 2, "坪山": 1, "新区": 1, "惠州": 4, "交界处": 1, "官网": 1, "眼中": 1, "座": 1, "一说": 1, "滴滴": 1, "刘明": 1, "想起": 1, "2015年": 3, "春节": 2, "那场": 1, "史": 1, "最牛": 1, "2014年": 1, "末": 1, "招": 2, "好多": 1, "厂": 6, "门口": 3, "排队": 4, "通宵": 4, "疯狂": 1, "提供": 1, "足足": 1, "岗位": 2, "奈何": 1, "僧多粥少": 1, "职": 1, "刘明所": 1, "求职者": 2, "面试": 3, "机会": 1, "时过境迁": 1, "11月": 3, "曝出": 1, "夕": 1, "之间": 1, "减去": 1, "5000": 1, "临时工": 1, "不得而知": 1, "周东": 2, "年轻人": 1, "自称": 1, "那天": 1, "分钟": 1, "负责": 2, "质检": 1, "检查": 1, "块": 3, "主任": 1, "通知": 1, "工": 3, "明天": 3, "东": 1, "此后": 1, "优化": 1, "原因": 4, "减少": 1, "陈": 1, "锐": 1, "年前": 1, "A厂": 1, "精磨部": 1, "精磨": 1, "粗磨": 1, "精雕": 1, "部门": 2, "看作": 2, "苦": 1, "脏": 1, "累": 1, "陈锐": 3, "2017年": 3, "休": 12, "半": 2, "强制性": 1, "平时": 1, "苹果厂": 1, "差异": 1, "10": 6, "11": 1, "加班费": 2, "48": 1, "1000多": 1, "哥们儿": 1, "这次": 2, "买到": 1, "合适": 1, "票": 1, "回家": 1, "感叹": 1, "赶上": 1, "过年": 3, "几千": 1, "块钱": 1, "伯恩厂": 1, "代工厂": 1, "深切": 1, "体会": 1, "看重": 1, "手": 1, "满意": 1, "23": 1, "扣": 1, "五": 1, "险": 1, "金": 1, "剩": 1, "4000多": 1, "福田": 1, "保税区": 1, "一家": 2, "半导体": 1, "说法": 2, "玩": 1, "减员": 1, "年后": 3, "求职": 2, "年底": 1, "走": 1, "招聘处": 2, "声明": 1, "摆": 1, "街边": 1, "站": 1, "咨询处": 1, "随时": 1, "介绍": 2, "填": 1, "信息": 1, "登记": 1, "身份证": 1, "等候": 1, "上岗": 1, "30日": 3, "闫殿军": 2, "试图": 2, "挂断": 1, "电话": 2, "人事部": 1, "经理": 1, "叶尧": 1, "拨打": 1, "接听": 1, "四处": 1, "挂": 1, "横幅": 1, "拖累": 2, "担忧": 1, "终于": 1, "证实": 2, "3日": 1, "早间": 1, "CEO": 2, "封": 1, "投资者": 1, "信中": 2, "自然年": 1, "此前": 2, "预测": 1, "890亿~930亿": 1, "区间": 1, "下修": 3, "840亿": 1, "毛利率": 1, "38%": 2, "38.5%": 1, "新兴": 3, "疲软": 1, "事实": 1, "证明": 1, "体现": 1, "大中华区": 2, "不及": 3, "天风": 1, "证券": 1, "分析师": 2, "郭明錤": 2, "研究": 1, "3800万~4200万": 1, "3600万~3800万": 1, "在于": 1, "预估": 1, "环比": 1, "持平": 1, "3400万~3700万": 1, "略": 1, "高于": 1, "共识": 1, "3000万~3500万": 1, "衰退": 1, "14%": 1, "29%": 1, "大幅": 1, "改善": 1, "程序": 1, "清晰": 1, "印证": 1, "萎靡": 1, "传感器": 2, "AMS": 1, "5.70亿": 1, "6.10亿": 1, "4.80亿": 1, "5.20亿": 1, "Lumentu": 1, "Qorvo": 1, "均": 2, "展望": 1, "解读": 1, "一季度": 1, "可穿戴": 1, "充满": 1, "信心": 2, "雄厚": 1, "科研": 1, "实力": 6, "升级": 2, "年中": 1, "此次": 3, "承诺": 1, "XS": 1, "想必": 1, "供应商们": 1, "关心": 2, "文": 1, "高管": 1, "除外": 1, "化名": 1, "王晶": 1, "芷霓": 1, "型号": 1, "衍生": 2, "常见": 1, "做法": 2, "Galaxy": 1, "S": 1, "P": 2, "更新": 3, "节奏": 2, "旗舰": 2, "机身": 2, "面向": 3, "中端": 2, "指出": 2, "台名": 1, "P30": 20, "Lite": 11, "Pro": 6, "GSMArena": 1, "上一代": 1, "刘": 1, "海屏": 1, "水滴屏": 2, "纵向": 1, "排列": 1, "双摄": 1, "原有": 1, "实体": 1, "指纹": 1, "识别": 1, "位置": 1, "一代": 1, "万像素": 4, "1600": 1, "镜头": 1, "等效": 1, "焦段": 1, "曝光": 2, "搭载": 1, "RAM": 1, "运行": 1, "Android": 1, "9": 2, "Pie": 1, "定制": 1, "▲": 2, "钢化膜": 1, "用上": 2, "感觉": 1, "真实性": 1, "6": 1, "1080": 1, "2312": 1, "「": 1, "」": 1, "机器": 1, "配备": 1, "9V": 1, "2A": 1, "充电器": 1, "Nova": 4, "国内": 4, "开售": 1, "命名": 2, "归入": 1, "4e": 1, "操作": 1, "国外": 1, "奇怪": 1, "指": 1, "先于": 1, "月底": 1, "月初": 1, "进一步": 4, "比起": 1, "规律": 1, "推断": 1, "980": 1, "4800": 1, "投入": 3, "机": 1, "身上": 1, "支持": 1, "参数": 1, "估计": 1, "晚": 1, "才": 1, "商悟": 1, "讯": 1, "路透社": 1, "签署": 6, "项": 1, "短期": 1, "授权": 2, "这笔": 1, "截至": 1, "12月": 1, "达成": 2, "6月": 2, "首席": 1, "财务官": 1, "George": 1, "Davis": 1, "财务": 1, "会议": 1, "支付": 5, "1.5亿": 2, "人民币": 1, "10.536亿": 1, "合同": 1, "谈判": 2, "许可费": 1, "原先": 2, "1亿": 1, "巨额": 1, "专利费": 2, "感到": 1, "疑惑": 1, "3G": 1, "4G": 1, "制定": 1, "壁垒": 1, "手机厂": 1, "用到": 1, "过路费": 1, "大户": 1, "只不过": 1, "制定者": 1, "指望": 1, "5g": 1, "翻身": 1, "绕": 3, "俩": 1, "交叉": 1, "抵消": 1, "钱": 1, "这两年": 1, "快速": 1, "神速": 1, "一度": 1, "超越": 4, "输给": 1, "鹿死谁手": 2, "看好": 1, "一举": 1, "势头": 2, "前途": 1, "不可估量": 1, "低迷": 1, "对外": 1, "mate20": 1, "确实": 2, "冲击": 1, "强势期": 2, "事实上": 1, "秋季": 1, "新品": 1, "发布会": 1, "时间段": 1, "热度": 1, "吸引": 1, "密集": 1, "拆分": 1, "基本上": 1, "都会": 3, "实际上": 1, "百元机": 1, "万元": 1, "不等": 2, "简单": 1, "仅仅": 1, "胜出": 1, "稍胜": 1, "结束": 2, "留给": 1, "位列": 1, "稍稍": 1, "胜": 2, "对比": 3, "厢": 1, "这不": 1, "口号": 1, "P20Pro": 1, "mate20Pro": 2, "现如今": 1, "公认": 1, "麒麟98": 1, "站稳": 1, "脚跟": 1, "足以": 1, "抗衡": 1, "飙升": 1, "五千": 1, "差价": 1, "可折": 1, "叠屏": 1, "参与": 1, "引领": 1, "潮流": 1, "折叠": 1, "纠纷": 1, "状态": 1, "英特尔": 1, "基带": 1, "信号": 4, "登场": 1, "喂得而知": 1, "期间": 1, "输": 1, "刚刚": 1, "本文": 1, "财经社": 4, "原创": 1, "出品": 1, "未经": 1, "许可": 1, "平台": 1, "请勿": 1, "转载": 2, "违者": 1, "必究": 1, "创业": 1, "赞": 1, "实行": 2, "996": 1, "争议": 1, "平息": 1, "知名": 2, "日企": 1, "索尼": 12, "年假": 20, "上热": 1, "搜": 1, "晚间": 1, "大半夜": 1, "写": 2, "方案": 2, "打开": 1, "登陆": 2, "填写": 1, "考勤": 1, "天数": 2, "不禁": 1, "不满": 5, "狗": 1, "吃": 1, "爱": 1, "谁谁": 1, "好气": 1, "官微": 1, "揭竿而起": 1, "话题": 1, "很快": 2, "登上": 1, "热": 1, "搜榜": 1, "引来": 1, "围观": 1, "网友们": 1, "纷纷": 1, "处罚": 1, "小编": 2, "给出": 3, "回应": 1, "公关": 2, "同事": 1, "忘记": 1, "切换": 1, "账号": 1, "恰好": 1, "司": 1, "故障": 1, "孩子": 2, "解释": 1, "此事": 1, "发生": 1, "引发": 1, "年休假": 18, "制度": 11, "透露": 1, "截图": 1, "请假": 1, "界面": 1, "相符": 1, "猜测": 1, "发布者": 1, "侧面": 1, "入职": 10, "17": 2, "30": 2, "全薪": 3, "病假": 2, "法定": 2, "节假日": 2, "一两": 1, "占用": 1, "不符": 1, "外企": 1, "类似": 2, "未": 1, "累计": 3, "相当于": 1, "带薪": 12, "14": 1, "灵活": 1, "有事": 1, "BAT": 2, "政策": 1, "人性": 1, "国情": 1, "文化": 1, "标志": 1, "应聘者": 1, "标尺": 1, "国务院": 1, "颁发": 1, "职工": 3, "条例": 1, "用人": 1, "单位": 1, "保证": 1, "享受": 4, "10年": 4, "20年": 5, "15": 7, "国家": 3, "休假日": 1, "休息日": 1, "计入": 1, "范畴": 1, "基础": 1, "据悉": 1, "京东": 1, "工龄": 3, "方可": 1, "京东年": 1, "腾讯": 2, "享有": 1, "7-15": 1, "即可": 2, "工作日": 2, "半薪": 1, "事假": 1, "公益假": 1, "腾讯年": 1, "百度": 3, "长": 2, "2-3年": 1, "4-5年": 1, "6-7年": 1, "8": 1, "休年": 1, "手头": 1, "上级": 1, "提出": 1, "休年假": 1, "通信": 1, "备受": 1, "内部": 1, "奋斗者": 1, "自动": 1, "放弃": 2, "假期": 3, "补偿": 1, "领导": 1, "审批": 1, "紧急": 1, "少休": 1, "忙": 1, "硅谷": 2, "放假": 1, "狠": 1, "男性": 2, "产假": 3, "Google": 2, "向来": 1, "福利": 1, "优渥": 1, "著称": 1, "工程师": 1, "拥有": 3, "25": 1, "除此以外": 1, "给予": 1, "女性": 1, "Facebook": 2, "更为": 3, "人性化": 1, "21": 1, "出生": 1, "收养": 1, "子女": 1, "加州": 1, "门洛帕克": 1, "总部": 1, "屋顶": 1, "ArchDaily": 1, "LinkedIn": 2, "实施": 1, "自主": 2, "7月": 1, "4日": 1, "独立": 1, "纪念日": 1, "超长": 1, "连休": 1, "长短": 1, "主管": 1, "敲定": 1, "时长": 1, "累积": 1, "13": 1, "改为": 1, "外加": 1, "薪假": 1, "紧张": 2, "抽离": 1, "身心": 1, "放松": 1, "有利于": 2, "效率": 1, "变低": 1, "涣散": 1, "把握": 1, "长度": 1, "拿捏": 1, "百家号": 1, "作者": 1, "玟玟": 1, "业界": 2, "较为": 1, "水平": 1, "9月": 1, "成熟": 1, "设备商": 1, "随即": 1, "展开": 1, "布局": 7, "强大": 2, "青睐": 1, "24日": 1, "北京": 1, "利器": 1, "基站": 8, "天罡": 6, "不容小觑": 1, "顾名思义": 1, "发射": 1, "前段": 1, "春晚": 1, "传输": 3, "检验": 1, "深化": 2, "相比于": 2, "加持": 1, "之下": 1, "稳定性": 1, "正是": 1, "独到": 2, "规模": 1, "30多": 1, "2.5万": 1, "覆盖面": 1, "极其": 1, "广阔": 1, "中短波": 1, "频段": 1, "超高集": 1, "成度": 1, "运算": 1, "2.5": 1, "拓展": 1, "稳定": 1, "长期": 1, "签订": 1, "游刃有余": 1, "发力": 1, "传统": 1, "变革": 2, "之际": 1, "进展": 1, "关键": 1, "作用": 1, "部署": 1, "内": 1, "延伸": 1, "一触即发": 1, "诺基亚": 1, "爱立信": 1, "突破": 1, "再次": 1, "彰显": 1, "过程": 1, "作出": 1, "分享": 1, "相关": 1}