{"9月份": 2, "荣耀": 14, "20s": 1, "、": 73, "realme": 1, "Q": 1, "红魔3s": 1, "华为": 150, "畅享": 13, "10": 9, "OPPO": 2, "Reno2": 2, "iPhone": 6, "11": 5, "系列": 29, "接连": 1, "发布": 24, "正式": 3, "拉开": 2, "手机": 78, "大战": 1, "序幕": 1, "接下来": 1, "vivo": 1, "NEX3": 1, "mate30": 8, "陆续": 2, "尤其是": 1, "寄予": 1, "众多": 1, "数码": 1, "爱好者": 1, "很": 17, "期待": 1, "meta": 1, "定位": 2, "高端": 2, "旗舰": 8, "号称": 2, "比肩": 1, "秒杀": 1, "三星": 3, "刚刚": 3, "发布会": 6, "苹果": 35, "场": 2, "新意": 1, "背后": 1, "黔驴技穷": 2, "只能": 1, "贬低": 1, "友商": 1, "体现": 2, "强大": 4, "meta30": 1, "即将": 5, "9": 6, "19日": 5, "相关": 6, "配置": 6, "参数": 1, "近期": 1, "曝光": 1, "性能": 6, "毋庸置疑": 1, "王者": 1, "搭载": 6, "麒麟990": 3, "5G": 62, "芯片": 20, "设计": 12, "采用": 11, "核": 1, "2.86GHz": 1, "+": 9, "中核": 1, "2.36GHz": 1, "4": 5, "小核": 1, "1.95GHz": 1, "核心": 5, "7nm": 1, "工艺": 3, "提升": 3, "降低": 4, "平均": 1, "功耗": 2, "麒麟": 6, "990": 3, "相机": 5, "模块": 2, "算是": 2, "王牌": 1, "摄像头": 5, "4000万": 3, "IMX600": 1, "镜头": 5, "广角": 2, "超高": 1, "像素": 7, "长焦": 1, "800万": 1, "外加": 1, "颗": 2, "TOF": 1, "合计": 1, "超过": 2, "8800万": 1, "据说": 1, "算法": 1, "耗资": 1, "德国": 1, "徕卡": 1, "团队": 1, "参与": 2, "拍照": 10, "水平": 2, "远胜": 1, "iPhone11": 5, "毕竟": 3, "mate": 1, "卖点": 1, "小米": 2, "1亿": 1, "效果": 2, "远胜于": 1, "相比": 1, "等到": 2, "真机": 1, "实地": 1, "对比": 2, "才": 2, "相比之下": 1, "支持": 9, "用户": 5, "选择": 9, "一个": 22, "因素": 2, "台": 1, "1.5-2年": 1, "时间": 11, "算": 1, "半年": 1, "中国": 18, "一二线": 1, "城市": 2, "覆盖": 2, "网络": 13, "竟会": 1, "带给": 2, "飞": 1, "体验": 7, "各项": 1, "表现": 6, "犹如": 1, "辆": 1, "超跑": 1, "涡轮": 1, "增压": 1, "体会": 1, "网速": 1, "如飞": 1, "乐趣": 1, "渲染": 1, "想": 9, "苦于": 1, "成熟": 4, "基带": 8, "可用": 1, "高通": 2, "和解": 1, "Intel": 1, "面对": 1, "专利": 1, "壁垒": 1, "退出": 1, "研发": 5, "公司": 32, "低下": 1, "头": 1, "购买": 1, "海思": 2, "暂时": 2, "打算": 1, "出售": 1, "努力": 5, "业内": 1, "人士": 1, "快": 5, "2023年": 1, "才能": 5, "A13": 1, "惊艳": 2, "世界": 27, "走": 2, "前列": 1, "实力": 1, "引领": 1, "通信": 2, "发展": 9, "预计": 3, "出货": 1, "2.5亿": 1, "目标": 3, "稳": 1, "坐": 3, "全球": 8, "二哥": 1, "位置": 2, "脚步": 1, "稳扎稳打": 1, "解决": 15, "环境": 5, "阻力": 1, "明年": 2, "有望": 5, "超越": 4, "大哥": 1, "下方": 1, "留言": 1, "讨论": 3, "发表": 1, "看法": 3, "关注": 7, "娜": 1, "科技馆": 1, "足不出户": 1, "科技圈": 1, "趣闻": 1, "资讯": 1, "TechWeb": 2, "9月": 11, "16日": 2, "FreeBuds": 6, "3无线": 2, "蓝牙": 2, "耳机": 7, "收获": 1, "项": 1, "IFA": 1, "大奖": 1, "高级": 1, "副总裁": 1, "余承东": 1, "称赞": 1, "：": 85, "3": 7, "主动": 3, "降噪": 4, "户外": 1, "防风": 1, "能力": 7, "都": 14, "厉害": 1, "开放式": 3, "难": 3, "这是": 4, "很多": 10, "TWS": 1, "具备": 4, "功能": 2, "2019年": 3, "11月份": 1, "上市": 2, "发售": 3, "据悉": 2, "首款": 4, "麒麟A": 1, "1": 2, "产品": 11, "无线": 3, "骨声纹": 1, "通话": 1, "对方": 1, "听": 2, "清晰": 1, "官方": 5, "宣称": 1, "FreeBuds3": 1, "封装": 2, "尺寸": 2, "AirPods": 4, "H1": 1, "95%": 1, "指标": 1, "30%": 3, "50%": 2, "续航": 6, "3一": 1, "充电": 4, "小时": 2, "搭配": 1, "充电仓": 1, "提供": 7, "快充": 4, "技术": 36, "有线": 1, "100%": 1, "说起": 1, "智能": 20, "日常": 1, "生活": 1, "时至今日": 1, "越来越": 2, "厂商": 2, "崛起": 2, "市场": 8, "巨头": 1, "国内": 2, "争议": 1, "牌子": 1, "到底": 1, "孰": 2, "坏": 1, "当中": 4, "智能机": 1, "问世": 1, "占据": 1, "领导": 1, "地位": 2, "看齐": 1, "独特": 1, "操作": 12, "系统": 25, "带来": 13, "业务": 13, "起步": 2, "晚": 3, "静下": 1, "科技": 3, "这两年": 3, "慢慢": 1, "一度": 1, "设备": 13, "推出": 9, "apple": 2, "最新": 5, "4G": 1, "短期": 1, "内": 4, "生产": 3, "处理器": 3, "打击": 4, "零件": 1, "鸿蒙": 7, "生态": 14, "建设": 3, "民用": 1, "机上": 1, "配备": 2, "势必": 1, "安装": 2, "谷歌": 3, "款": 14, "升级": 2, "安卓": 3, "事情": 4, "多久": 2, "也就是说": 2, "拥有": 2, "之间": 2, "地方": 2, "众所周知": 2, "国产机": 2, "摄像": 1, "遥遥": 1, "领先于": 1, "代表": 2, "相对于": 1, "一大": 2, "截": 1, "补": 2, "短板": 2, "趋势": 1, "新机": 2, "加大": 1, "电池": 3, "容量": 1, "超快": 1, "插头": 1, "网友": 2, "模仿": 1, "国产": 2, "前些年": 1, "一句话": 1, "乔布斯": 1, "确实": 2, "纵观": 1, "这几年": 1, "毫无": 1, "创意": 1, "继承": 1, "有意思": 1, "列为": 1, "竞争": 5, "对手": 1, "压力": 2, "情况": 6, "创新": 4, "大不如前": 1, "难道": 1, "真的": 1, "小伙伴们": 2, "平常": 1, "喜欢": 5, "瓶装": 1, "老酒": 1, "陈": 1, "香": 1, "放": 1, "领域": 7, "莫名其妙": 2, "！": 3, "10Plus": 1, "机器": 1, "以往": 1, "惯例": 1, "数字": 6, "X": 7, "Plus": 7, "机型": 4, "价格": 8, "差不多": 1, "细节": 1, "差异": 1, "7X": 1, "7plus": 1, "；": 8, "出名": 1, "8X": 2, "9plus": 2, "一代": 3, "影响": 6, "销量": 5, "10plus": 2, "罕见": 1, "CPU": 1, "规格": 1, "麒麟710": 2, "便宜": 3, "6+128G": 1, "版本": 3, "8": 3, "100": 2, "128G": 1, "1499": 2, "6+64G": 1, "正好": 1, "贵": 1, "省下": 1, "不少": 2, "成功": 3, "差": 1, "刀": 1, "砍": 1, "真准": 1, "9X": 1, "保证": 2, "利润": 6, "丰收": 1, "用于": 1, "套用": 1, "模具": 1, "外观": 3, "屏幕": 7, "6.59": 2, "英寸": 2, "全视屏": 1, "升降式": 1, "方案": 12, "正面": 1, "开孔": 1, "得益": 1, "出色": 3, "COF": 1, "窄": 2, "边框": 1, "屏占比": 2, "91%": 1, "视觉": 3, "冲击力": 1, "19.5：9": 1, "长": 1, "宽比": 1, "分辨率": 2, "高达": 1, "2340*1080": 1, "平时": 1, "用来": 1, "观影": 1, "追剧": 1, "不错": 4, "机身": 2, "背面": 1, "3D": 1, "曲面": 2, "配合": 1, "19.5:9": 1, "比例": 1, "贴合": 1, "手掌": 1, "观感": 1, "唯一": 1, "后置": 2, "9XPro": 1, "200万": 1, "微距": 1, "聊胜于无": 1, "白天": 1, "光线": 1, "充足": 1, "夜景": 1, "暗光": 2, "逆光": 1, "差距": 1, "总体": 2, "同级": 1, "颜值": 1, "前置": 2, "超大": 1, "握持感": 1, "舒适": 1, "适合": 2, "影视": 1, "欣赏": 1, "4GB": 1, "128GB": 4, "售价": 2, "元": 6, "6": 2, "GB": 1, "1799": 1, "华线": 1, "线下": 1, "心动": 1, "赶紧": 1, "入手": 1, "报道": 1, "不止": 1, "领先": 4, "任正非": 45, "6G": 5, "研究": 3, "标题": 1, "对外": 1, "许可": 11, "退休": 9, "摘要": 1, "问到": 2, "接受": 10, "程度": 3, "转让": 13, "称": 2, "钛": 1, "媒体": 2, "心声": 1, "社区": 2, "刊登": 1, "创始人": 2, "10日": 2, "经济学人": 5, "采访": 4, "纪要": 2, "回答": 2, "全球化": 15, "挑战": 2, "本身": 3, "错": 3, "机制": 4, "好好": 2, "协调": 3, "介绍": 3, "财务": 4, "收入": 6, "累计": 2, "增长": 7, "19.7%": 4, "去年": 3, "持平": 2, "增长率": 2, "递减": 2, "年初": 2, "年中": 2, "23%": 2, "8月份": 3, "谈及": 1, "原因": 3, "解释": 1, "战略": 3, "投入": 4, "大幅度": 2, "增加": 4, "几千": 2, "名": 3, "员工": 5, "素质": 2, "人才": 2, "修补": 2, "美国": 49, "实体": 7, "清单": 6, "击穿": 2, "洞": 6, "补完": 2, "终端": 7, "此前": 3, "未来": 6, "包括": 5, "旗舰机": 3, "Mate30": 10, "硬件": 2, "服务": 11, "GMS": 3, "Google": 16, "开源": 2, "最初": 2, "针对": 3, "开发": 3, "友好": 2, "政府": 8, "不准": 2, "替代": 5, "方法": 2, "说服": 3, "一条心": 2, "期间": 2, "增长会": 2, "放慢": 2, "亏损": 3, "透露": 1, "18日": 2, "昇腾": 2, "AI集群": 2, "1024": 2, "节点": 2, "全世界": 7, "人工": 6, "平台": 5, "太": 3, "引入": 2, "外来": 2, "投资者": 4, "思想": 3, "方式": 4, "盈利": 2, "中心": 4, "理想": 4, "高于": 2, "投资": 3, "利益": 4, "‘": 1, "全人类": 2, "攀登": 2, "科学": 3, "高峰": 2, "’": 1, "符合": 2, "价值观": 2, "全文": 1, "略": 1, "经钛": 1, "编辑": 1, "内容": 1, "删减": 1, "北京": 1, "分社": 1, "社长": 1, "茶馆": 1, "专栏": 1, "作家": 1, "David": 7, "Rennie": 7, "商业": 5, "领袖": 1, "提出": 5, "希望": 3, "销售": 2, "建立": 3, "高度": 2, "信任": 9, "发生": 4, "网球鞋": 1, "网球拍": 1, "自动": 3, "驾驶": 4, "汽车": 7, "医疗": 2, "角度": 5, "交易": 3, "终生": 1, "基础": 6, "美": 2, "国家": 10, "相互之间": 1, "听听": 1, "直爽": 1, "提问": 1, "坦诚": 1, "经济": 13, "人类": 1, "好处": 2, "资源": 2, "优化": 1, "成本": 2, "意义": 1, "推动": 1, "社会": 11, "速度": 13, "加快": 2, "西方": 12, "提": 2, "指导": 1, "先进": 1, "发展中国家": 4, "原材料": 1, "低端": 2, "劳动": 1, "贸易": 1, "想到": 1, "走向": 3, "上世纪": 2, "六": 1, "七十年代": 1, "碰到": 1, "危机": 3, "劳资": 1, "冲突": 2, "经济学家": 1, "理论": 1, "工资": 1, "物价": 1, "消费": 1, "短": 2, "困境": 1, "高速": 3, "末": 1, "数十": 1, "年间": 1, "迅猛": 1, "模式": 2, "收益": 3, "分配": 1, "商品": 1, "发达国家": 1, "矛盾": 3, "正确": 1, "单单": 1, "欧洲": 12, "关系": 4, "来讲": 1, "履行": 1, "WTO": 1, "承诺": 2, "大规模": 2, "开放": 3, "服务业": 3, "制造业": 1, "……": 2, "一点": 3, "英国": 23, "经历": 1, "几百": 2, "积累": 1, "经验": 1, "需求": 3, "有利于": 5, "赚": 2, "回来": 1, "钱": 3, "回去": 1, "平衡": 4, "税收": 3, "五": 2, "降到": 3, "低": 3, "质量": 2, "日本": 3, "实惠": 1, "优良": 1, "磋商": 1, "件": 3, "俄罗斯": 3, "当年": 1, "欧盟": 2, "接纳": 1, "能源": 2, "机械": 1, "估计": 1, "至少": 1, "低于": 2, "一万亿": 1, "欧元": 1, "注入": 1, "内部": 2, "贫富": 1, "分化": 1, "奥斯本": 2, "卡梅伦": 1, "沟通": 1, "21%": 1, "财政": 1, "领": 1, "救济金": 2, "条件": 1, "领取": 1, "找": 1, "工作": 3, "公共": 2, "照顾": 1, "孤寡老人": 1, "卫生": 1, "减少": 2, "税收收入": 1, "福利": 1, "开支": 1, "平稳": 1, "特蕾莎": 1, "17%": 1, "政策": 1, "基因": 2, "自我": 1, "调整": 2, "标准": 2, "同事": 1, "刚才": 3, "提到": 5, "看待": 3, "唯独": 1, "担心": 3, "本来": 3, "警察": 1, "维护": 3, "秩序": 3, "回报": 1, "美元": 4, "国际": 1, "流通": 1, "储备": 2, "货币": 2, "发行": 1, "征收": 1, "铸币税": 1, "承担": 1, "稳定": 1, "责任": 1, "吃亏": 1, "破坏": 1, "可靠": 1, "摇摆": 1, "美债": 1, "美股": 1, "引发": 1, "政治": 5, "动荡": 1, "伦敦": 1, "主编": 1, "Patrick": 16, "Foul": 17, "外交家": 1, "试图": 1, "盟国": 2, "请": 1, "问任": 1, "对象": 1, "澳大利亚": 1, "越南": 1, "国": 1, "面临": 3, "抵制": 1, "举动": 1, "买": 7, "客户": 3, "过程": 1, "危险品": 1, "例子": 1, "一千": 1, "年前": 3, "处于": 1, "唐宋": 1, "文明": 1, "清明": 1, "上河": 1, "盛世": 1, "形象": 1, "虚构": 1, "真实": 1, "描绘": 1, "哲学": 1, "制度": 1, "工业": 4, "革命": 1, "发明": 2, "火车": 2, "轮船": 2, "马车": 2, "载货量": 1, "落后": 1, "强国": 1, "工业品": 1, "卖到": 1, "各国": 1, "至今": 1, "2/3": 1, "人口": 2, "讲": 2, "英语": 1, "带宽": 1, "时延": 1, "信息": 8, "联接": 5, "快速": 1, "放弃": 3, "优秀": 3, "减速": 1, "人民": 1, "聪明": 1, "大学": 1, "重振": 1, "雄风": 1, "光纤": 2, "基于": 3, "超级": 3, "计算机": 1, "存储": 1, "现有": 1, "产能": 1, "倍": 3, "效率": 3, "几亿": 1, "大国": 1, "随便": 1, "极端": 1, "提高": 1, "百倍": 1, "千": 1, "鼻祖": 1, "图灵": 1, "克隆": 1, "绵羊": 1, "多莉": 1, "电子": 2, "融成": 1, "样子": 1, "想象": 2, "振兴": 1, "空间": 3, "胜利": 1, "问问": 1, "打压": 1, "谈": 1, "5月份": 1, "事件": 1, "下滑": 5, "天才": 1, "少年": 1, "应届": 1, "毕业": 1, "博士": 1, "核心网": 1, "将要": 1, "补好": 1, "海外": 4, "消费者": 1, "萎缩": 1, "减慢": 1, "10%": 1, "5": 2, "段": 2, "Mate": 6, "30": 3, "有没有": 2, "预装": 2, "还要": 1, "如果说": 1, "全套": 1, "预测": 1, "从前": 1, "意味着": 1, "下半年": 1, "第四": 1, "季度": 1, "三年": 1, "时期": 1, "优质": 1, "慕尼黑": 3, "30手机": 1, "装载": 1, "东西": 2, "假如说": 1, "负责": 1, "最终": 2, "推": 1, "涉及": 1, "千万": 1, "合作": 12, "伙伴": 3, "批准": 2, "垄断": 1, "竞争力": 1, "削弱": 1, "重建": 3, "激进": 3, "选项": 1, "比如说": 1, "卖给": 2, "架构": 1, "同等": 1, "确认": 2, "区域": 1, "卖": 3, "指": 1, "设施": 2, "场地": 1, "一并": 1, "知识": 3, "产权": 3, "秘密": 1, "从来": 3, "谈到": 1, "硅谷": 1, "读": 1, "篇": 1, "文章": 1, "机会": 1, "宣传": 1, "斗争": 1, "常驻": 1, "读者": 1, "一半": 1, "常年": 1, "居住": 1, "政界": 2, "商界": 2, "传递": 1, "手段": 1, "政客": 1, "关心": 2, "建": 1, "敏感": 1, "遭遇": 1, "规模": 1, "修改": 2, "代码": 2, "相当于": 1, "屏蔽": 2, "独立": 1, "管住": 1, "驻": 2, "香港": 1, "亚洲": 1, "记者": 2, "Hal": 5, "Hodson": 5, "非洲": 1, "预想": 1, "上海": 4, "资深": 1, "Stephanie": 5, "Studer": 5, "金额": 2, "心中": 1, "大概": 3, "刚": 1, "算账": 1, "打下": 1, "占领": 3, "值得": 1, "评估": 1, "很快": 2, "2020年": 1, "大选": 3, "聊天": 1, "企业": 6, "二十年": 1, "壮大": 1, "情报": 1, "机构": 2, "不仅仅": 1, "后门": 1, "渗透": 1, "运营": 2, "确保": 1, "反制": 1, "措施": 1, "第一": 2, "隐私": 1, "保护": 1, "纲领": 1, "坚定不移": 2, "实行": 1, "GDP": 1, "R": 1, "贯彻": 1, "体系": 4, "巨额": 1, "资金": 2, "整改": 1, "构建": 3, "第二": 2, "三十多": 1, "170": 1, "1500多": 1, "运营商": 1, "30亿": 1, "记录": 1, "事实": 1, "证明": 1, "事故": 1, "监管": 2, "严厉": 1, "缺点": 2, "审查": 1, "一家": 1, "先驱型": 1, "阿里巴巴": 1, "马云": 1, "常见": 1, "领导人": 1, "不利": 1, "早": 1, "催": 1, "思维": 2, "才思": 1, "泉涌": 1, "状态": 1, "呆": 1, "纪录片": 1, "工厂": 1, "中国人": 1, "听说": 1, "奥巴马": 1, "出品": 1, "追问": 1, "早上": 1, "大胆": 1, "想法": 4, "卖掉": 1, "更新": 1, "触发": 1, "念头": 1, "回避": 1, "给予": 1, "等于": 1, "缩短": 1, "往前": 1, "路径": 1, "完整": 1, "拿到": 1, "判断": 1, "终结": 1, "大踏步": 1, "Arm": 1, "缴": 1, "年度": 1, "许可费": 1, "一次性": 3, "收购方": 1, "买断": 1, "永久": 1, "权利": 1, "付钱": 1, "高管": 1, "计划": 2, "听到": 1, "大吃一惊": 1, "均": 2, "享是": 1, "生存": 1, "均分": 1, "一百多": 1, "发现": 1, "布满": 1, "弹孔": 1, "苏联": 1, "老伊尔": 1, "飞机": 4, "比喻": 1, "感觉": 1, "飞行员": 1, "坠落": 1, "扔掉": 1, "飞行": 1, "描述": 1, "内心": 1, "许可权": 1, "一部分": 1, "柴火": 2, "烧": 1, "旺": 1, "做好": 1, "高下": 1, "展现": 2, "姿态": 1, "做成": 1, "探索": 1, "可能性": 1, "时钟": 1, "归零": 1, "公平": 1, "感谢": 1, "抽出": 1, "活": 1, "金": 1, "九": 1, "银": 1, "一线": 1, "品牌": 1, "新品": 3, "时代": 4, "引领者": 1, "放出": 1, "波": 1, "倒计时": 1, "预告": 5, "视频": 6, "炫酷": 1, "充满": 1, "科技感": 1, "画面": 1, "圆环": 1, "旋转": 2, "色彩斑斓": 1, "彩色": 1, "小球": 1, "随后": 2, "字样": 1, "光圈": 1, "围绕": 4, "不停": 1, "天后": 2, "Rethink": 1, "possibilities": 1, "配文": 1, "感官": 1, "极速": 1, "连接": 2, "无垠": 1, "探寻": 1, "无尽": 1, "关键词": 2, "无限": 1, "此次": 7, "震撼": 1, "限于": 1, "前不久": 2, "IFA2019": 1, "SoC": 2, "首发": 1, "焦点": 2, "公布": 3, "首次": 2, "Modem": 1, "集成": 1, "率先": 1, "SA/NSA": 1, "模组网": 1, "TDD/FDD": 1, "频段": 1, "应对": 1, "组网": 1, "卓越": 1, "亮点": 1, "支": 1, "暗示": 1, "摄影": 3, "提及": 1, "能量": 1, "推测": 1, "运行": 1, "惊喜": 2, "综合": 2, "独步天下": 1, "失望": 1, "感": 1, "兴趣": 1, "朋友们": 1, "不妨": 2, "展示": 1, "享有": 1, "口碑": 2, "种种": 1, "迹象": 1, "必将": 1, "延续": 1, "经典": 1, "跨年度": 1, "科创板": 1, "日报": 1, "研究员": 1, "季晟": 1, "讯": 1, "2019": 2, "大会": 8, "HUAWE": 1, "ICONNECT": 1, "18": 1, "20日": 1, "世博": 1, "展览馆": 1, "展览": 1, "举办": 1, "创": 1, "主题": 1, "AI": 6, "分享": 1, "推进": 1, "数字化": 1, "转型": 1, "实践": 1, "8月": 1, "开发者": 2, "自主": 4, "亮相": 1, "智慧屏": 1, "物联网": 6, "雏形": 1, "初步": 2, "物联": 3, "设备端": 1, "智慧": 5, "家居": 1, "远程": 1, "场景": 4, "进一步": 4, "完善": 4, "园区": 1, "云+AI+5G": 2, "IoT": 2, "全栈": 1, "重点": 2, "展开": 2, "回顾": 1, "历届": 1, "重磅": 1, "资料": 1, "来源": 1, "官网": 1, "民生": 2, "证券": 3, "研究院": 1, "指出": 1, "看点": 1, "生态圈": 2, "趋于": 1, "车联网": 3, "管理": 1, "AI和云": 1, "更多": 1, "尝试": 1, "可控": 3, "鲲鹏": 4, "920": 1, "泰山": 1, "服务器": 1, "再次": 1, "产业链": 2, "切入": 1, "在于": 1, "培育": 1, "适配": 1, "鲲": 1, "鹏": 1, "发挥": 1, "作用": 1, "A公司": 1, "中科": 1, "创达": 1, "早入局": 1, "带物": 1, "联网": 1, "2017年": 2, "携手": 1, "入选": 1, "CSDN": 1, "案例": 1, "TOP30+": 1, "5G+AI": 1, "万物": 1, "互联": 1, "国盛": 1, "业绩": 1, "四维图": 1, "板块": 1, "导航": 1, "地图": 1, "大数据": 1, "4月": 1, "签署": 1, "框架": 1, "协议": 1, "车路": 1, "协同": 2, "车载": 1, "计算": 1, "润": 1, "软件": 1, "HiHope": 2, "AI开源": 1, "德州": 1, "仪器": 1, "英": 1, "飞凌": 1, "业界": 1, "顶级": 1, "芯片商": 1, "系统商": 1, "紧密": 1, "涵盖": 1, "板卡": 1, "原型": 1, "下游": 1, "软硬件": 1, "太极": 2, "股份": 1, "由来已久": 1, "2015年": 1, "实施": 1, "北京市": 1, "政务云": 1, "项目": 1, "政务": 1, "联合": 2, "5月": 1, "成立": 1, "实验室": 1, "聚焦": 1, "金融": 1, "制造": 1, "行业": 1, "整机": 1, "集成商": 1, "产业": 1, "优势": 1, "整合": 1, "这两天": 1, "交给": 1, "iPhone11手机": 1, "纯粹": 1, "果粉": 1, "降价": 2, "好看": 2, "好用": 2, "乱": 1, "推荐": 1, "公众": 1, "Mate20Pro": 1, "好评": 1, "常用": 1, "级别": 1, "浴霸": 1, "三": 1, "到来": 1, "4499": 1, "P30Pro": 1, "P30pro": 2, "配色": 1, "下架": 1, "内置": 1, "麒麟980": 1, "8GB": 2, "储存": 2, "组合": 2, "4200": 1, "毫安": 2, "40W快充": 1, "四": 3, "4988": 1, "预算": 1, "4800万": 1, "素超": 1, "摄": 2, "3200万": 1, "美颜": 1, "自拍": 1, "标配": 1, "980": 1, "挖孔": 1, "侧面": 1, "指纹": 1, "识别": 1, "2499": 1, "nova": 1, "nova5": 2, "水滴": 1, "4800万AI四": 1, "中端": 1, "值得一提的是": 1, "3500": 1, "40W": 1, "中端机": 1, "实际上": 1, "2799": 1, "性价": 1, "笔者": 1, "直选": 1, "看好": 1}