{"增加": 1, "资金": 3, "投入": 1, "创新": 3, "实力": 6, "提升": 5, "华为": 206, "晋升": 1, "全球": 7, "第二": 3, "智能": 25, "手机": 35, "品牌": 2, "口碑": 3, "用户": 5, "群体": 3, "壮大": 1, "情况": 7, "不少": 2, "具备": 2, "苹果": 5, "高下": 2, "没错": 1, "处于": 5, "高速": 4, "发展": 9, "道路": 1, "确实": 7, "很": 8, "厉害": 1, "回到": 1, "主题": 1, "讨论": 4, "选择": 10, "iPhone11": 4, "买": 3, "Mate30Pro": 8, "说起": 1, "都": 28, "感到": 3, "陌生": 2, "针对": 4, "追求": 4, "极致": 4, "体验": 14, "年轻": 2, "消费": 2, "无论是": 4, "硬件": 7, "堆叠": 1, "颜值": 2, "打磨": 2, "到位": 5, "搭载": 4, "麒麟990": 1, "处理器": 4, "运行": 2, "基于": 8, "AndroidQ": 1, "深度": 3, "定制": 2, "EMUI10": 2, "系统": 13, "协同": 4, "能力": 8, "应对": 1, "日常": 4, "程序": 3, "压力": 1, "王者": 2, "荣耀": 3, "、": 89, "和平": 2, "精英": 1, "主流": 2, "游戏": 4, "GPU": 1, "Turbo3.0": 1, "技术": 10, "适配": 1, "帧率": 2, "稳定性": 2, "妥妥": 3, "4500": 1, "毫安": 2, "电池": 2, "40": 2, "W有线": 1, "快充": 2, "符合": 4, "长续航": 1, "标准": 2, "标配": 1, "一块": 3, "6.53": 1, "英寸": 4, "环幕": 1, "屏": 13, "得益": 1, "采用": 10, "先进": 2, "OLED": 1, "材质": 2, "封装": 1, "工艺": 5, "带来": 5, "震撼": 3, "视觉": 4, "效果": 4, "四曲面": 1, "玻璃": 1, "后壳": 1, "铝": 1, "中框": 1, "紧密": 2, "贴合": 2, "拥有": 8, "舒适": 2, "握持感": 2, "兼顾": 1, "生活": 5, "防水": 2, "；": 21, "率先": 1, "徕卡": 2, "认证": 2, "四": 2, "摄模组": 2, "出色": 5, "算法": 3, "调教": 2, "照片": 7, "整体": 5, "观感": 2, "忽视": 2, "亮点": 1, "款": 2, "表现": 7, "大部分": 1, "花粉": 1, "高端机": 1, "一贯": 1, "期待": 4, "产品": 11, "消费者": 2, "吐槽": 2, "挺": 1, "扎心": 1, "对比": 2, "拍照": 3, "续航": 2, "元素": 3, "逊色": 1, "足够": 1, "所需": 1, "加上": 4, "A13": 1, "仿生": 1, "强劲": 1, "加持": 3, "IOS13": 1, "软件": 2, "生态": 7, "优势": 2, "综合": 1, "素质": 3, "5499": 1, "元": 29, "售价": 2, "性价比": 4, "说服力": 1, "笔者": 2, "只不过": 1, "各有千秋": 1, "软硬件": 1, "号召力": 1, "有人": 8, "支持": 17, "经济": 6, "观察网": 1, "评论员": 3, "陈白": 1, "当下": 2, "裁员": 3, "舆论": 4, "风波": 3, "中央": 2, "前车之鉴": 1, "：": 23, "遭遇": 6, "裁退": 1, "重病": 1, "员工": 20, "质疑": 1, "网易": 4, "短": 2, "时间": 10, "内": 8, "发布": 5, "道歉": 8, "声明": 10, "成功": 3, "救下": 1, "热搜榜": 1, "回应": 9, "起码": 1, "公关": 3, "策略": 3, "打算": 1, "后尘": 1, "官方": 3, "说法": 2, "权利": 18, "义务": 11, "事实": 14, "涉嫌": 10, "违法": 12, "司法": 14, "机关": 14, "举报": 14, "尊重": 3, "包括": 7, "公安": 3, "检察院": 6, "法院": 3, "李洪元": 35, "权益": 7, "损害": 6, "法律": 16, "武器": 5, "维护": 4, "起诉": 5, "体现": 2, "面前": 3, "人人": 2, "平等": 5, "法治": 8, "精神": 3, "正是": 2, "段": 2, "逻辑": 1, "严谨": 1, "政治": 1, "正确": 1, "毫无": 2, "瑕疵": 1, "激起": 1, "公众": 3, "不平": 1, "意义": 1, "法人": 2, "自然人": 1, "享有": 2, "地位": 2, "现实": 2, "之中": 2, "理解": 4, "科技": 4, "巨头": 1, "单单": 1, "完整": 2, "部门": 12, "诉讼": 2, "半年": 2, "防备": 1, "家中": 2, "带走": 1, "一个": 21, "层面": 4, "出于": 1, "目的": 1, "做出": 2, "如今": 4, "强硬": 1, "进一步": 2, "加剧": 1, "强势": 2, "印象": 1, "简单": 2, "惊动": 1, "依然": 2, "有待": 1, "更多": 1, "真相": 5, "披露": 2, "反弹": 1, "相关": 5, "给予": 3, "解释": 2, "澄清": 1, "公司": 48, "异化": 1, "权力": 4, "恐慌": 1, "回顾": 1, "近年来": 1, "人事": 1, "领域": 2, "从未": 2, "停息": 1, "意外": 1, "年前": 1, "传出": 2, "35": 1, "岁": 4, "劝退": 2, "45": 2, "强制": 2, "退休": 1, "新闻": 5, "坊间": 1, "加班": 10, "文化": 4, "著称": 1, "底气": 1, "倡导": 1, "狼性": 2, "组织": 3, "总会": 1, "面临": 1, "之间": 3, "争议": 2, "时移世易": 1, "市场": 11, "不可抗力": 1, "危机": 8, "宏观": 1, "微观": 4, "增长": 7, "宣告": 1, "放缓": 1, "掩盖": 1, "慢慢": 1, "浮出": 1, "水面": 1, "近期": 2, "深陷": 1, "年中": 1, "马云": 1, "称为": 1, "福报": 1, "996": 7, "时不时": 1, "白领": 1, "期间": 7, "猝死": 1, "碎片": 1, "背后": 1, "本质": 2, "上都": 1, "指向": 1, "中国": 4, "狂飙": 1, "突进": 1, "红利": 1, "究竟": 4, "日本": 3, "企业": 9, "管理": 10, "制度": 2, "终身": 1, "雇佣制": 1, "理论": 1, "高度": 2, "稻盛": 1, "和夫": 1, "敬天": 1, "爱人": 2, "思想": 1, "展现": 1, "上个世纪": 1, "原因": 4, "西方": 1, "实践": 1, "严苛": 1, "科层制": 1, "迭代": 1, "更为": 2, "创意": 2, "OKR": 1, "硅谷": 1, "革命": 1, "胜利": 1, "反观": 1, "粗浅": 1, "互联网": 3, "前沿": 1, "特征": 1, "或许": 1, "唯一": 1, "发现": 4, "共性": 1, "基础": 3, "搭建": 2, "本来": 1, "值得": 3, "钱": 1, "著名": 1, "并未": 2, "旋涡": 1, "基本法": 2, "任正非": 10, "过往": 1, "公开": 3, "表述": 1, "股权": 1, "架构": 1, "这是": 6, "一家": 2, "极端": 1, "重视": 2, "人力": 3, "资本": 3, "增值": 2, "目标": 3, "优先于": 1, "财务": 1, "不止": 1, "表达": 6, "人才": 4, "甚于": 1, "创造": 2, "价值": 3, "通信业": 1, "红海": 1, "竞争": 6, "脱颖而出": 1, "接下来": 1, "无人区": 1, "希望": 6, "忘": 1, "初心": 1, "提起": 4, "供应商": 1, "这几年": 1, "不错": 2, "积累": 1, "中低端机": 1, "迎来": 1, "爆发": 1, "高端": 3, "令人瞩目": 1, "成绩": 1, "不容小觑": 1, "众多": 4, "国产": 2, "友商": 1, "学习": 1, "榜样": 1, "三星": 2, "轻": 1, "强敌": 1, "的确": 2, "越来越": 1, "强大": 3, "回来": 3, "机海": 1, "战术": 1, "背景": 2, "难以": 2, "独善其身": 1, "网友": 3, "直言": 1, "P30Pro:12月": 1, "忍痛": 1, "再见": 2, "！": 3, "P系列": 1, "旗舰机": 1, "组成部分": 1, "配置": 2, "这样的话": 1, "才": 9, "P30Pro": 5, "三": 4, "白天": 2, "光线": 5, "充足": 1, "色彩": 5, "还原": 2, "精准": 2, "超级": 1, "夜景": 1, "模式": 11, "弱光": 1, "成像": 1, "优化": 2, "10": 1, "倍": 2, "光学": 1, "50": 1, "数码": 2, "变焦": 1, "如虎添翼": 1, "麒麟980": 1, "达芬奇": 1, "独立": 3, "NPU": 2, "神经元": 1, "驱动": 1, "画质": 13, "太": 5, "挑剔": 1, "地方": 2, "4200": 1, "提供": 3, "保障": 5, "配备": 1, "6.39": 1, "水滴": 1, "铝中框": 1, "参数": 1, "分析": 1, "算": 2, "旗舰": 1, "机皇": 1, "特性": 1, "最初": 2, "卖": 1, "5388": 1, "一点": 4, "余承东": 1, "意料": 1, "定下": 1, "销量": 1, "两千万": 1, "台": 3, "可惜": 2, "白炽化": 1, "阶段": 1, "人气": 1, "渐渐": 1, "流失": 1, "取代": 1, "最低": 1, "降": 2, "4477": 1, "幅度": 1, "重本": 1, "12月": 15, "旧款": 1, "毕竟": 1, "三月份": 1, "未": 3, "Mate30": 1, "系列": 4, "持续": 1, "热销": 1, "主力机": 1, "三年": 1, "缺乏": 3, "5G": 9, "难": 2, "淘汰": 1, "iPhoneXR": 1, "小米": 3, "CC9Pro": 1, "拜拜": 1, "看法": 2, "引领": 1, "国内": 1, "趋势": 1, "P30": 1, "贡献": 1, "新机": 1, "接踵而至": 1, "竞品": 1, "蚕食": 1, "支撑": 2, "不再": 1, "热捧": 1, "激烈": 3, "忽略": 1, "电视": 20, "还要": 1, "占领": 1, "半壁江山": 1, "乐视": 1, "声音": 5, "高调": 1, "微鲸": 1, "淡出": 1, "视线": 1, "传统": 3, "厂商": 2, "声量": 1, "不大": 1, "低价": 1, "横扫": 1, "供应链": 1, "成熟": 1, "门槛": 1, "行业": 4, "节点": 1, "推出": 1, "智慧屏": 46, "肯定": 3, "纯粹": 1, "伴随": 1, "2019年": 3, "IoT": 6, "落地": 1, "家庭": 12, "物联网": 1, "建立": 2, "合适": 2, "智慧": 26, "控制": 11, "中心": 10, "人机": 1, "关系": 2, "扩展": 1, "打通": 2, "索尼": 1, "昂贵": 2, "断层": 1, "进军": 2, "瞄准": 1, "全新": 2, "赛道": 1, "切入点": 1, "构建": 1, "关注": 2, "屏真": 1, "购买": 2, "详细": 1, "答案": 3, "AI慧眼": 5, "高清": 4, "通话": 7, "AI": 9, "健身": 7, "Kids": 3, "战略": 2, "部署": 1, "重点": 3, "场景": 5, "智慧化": 1, "核心": 2, "升级": 4, "品质": 3, "音画": 2, "功能": 11, "交互": 4, "多屏": 1, "管控": 2, "定义": 1, "4": 2, "跨屏": 1, "影音": 2, "娱乐": 1, "连接": 2, "外界": 2, "沟通": 5, "串联": 1, "升降式": 2, "摄像头": 7, "命名": 1, "实实在在": 2, "AI智慧": 1, "特色": 2, "计算": 1, "人像": 2, "锁定": 2, "人脸": 2, "识别": 10, "瞳距": 3, "1080P": 2, "视频": 16, "自动": 11, "升降": 2, "保证": 3, "隐私": 1, "客厅": 2, "大屏": 13, "市面": 1, "人员": 3, "位置": 2, "人数": 1, "动态": 1, "调整": 4, "画面": 9, "家里人": 1, "尽可能": 1, "所有人": 1, "放": 2, "大小": 1, "跟随": 1, "始终": 1, "处在": 1, "接通": 1, "屏幕": 4, "上方": 1, "升起": 3, "优秀": 1, "过程": 4, "采集": 1, "播放": 9, "均": 3, "流畅": 2, "角度": 2, "调节": 3, "垂直": 1, "适合": 2, "壁挂": 1, "安装": 2, "向前": 2, "倾斜": 1, "电视柜": 1, "过年": 1, "一家人": 1, "团聚": 1, "记录": 1, "美好": 1, "瞬间": 2, "拍": 2, "质量": 2, "群": 1, "进去": 1, "拍完": 1, "储存": 1, "云相册": 1, "Huawei": 2, "Share": 1, "分享": 3, "无线": 1, "传输": 2, "速度": 2, "30MB/S": 1, "600M": 1, "秒": 3, "棒": 2, "会员": 3, "黑科技": 1, "独有": 1, "APP": 2, "打开": 6, "方案": 7, "相当于": 1, "私教": 1, "跟着": 1, "课程": 2, "学": 1, "动作": 2, "躯体": 1, "关节": 1, "语音": 8, "提醒": 4, "在家": 2, "锻炼": 1, "省去": 1, "费用": 1, "儿童": 8, "内容": 8, "单独": 1, "频道": 1, "家长": 2, "孩子": 6, "跳到": 1, "自主": 1, "研发": 6, "优质": 1, "筛选": 1, "健康": 2, "动画": 1, "开启": 2, "蓝光": 1, "护眼": 1, "亮度": 4, "柔和": 1, "屏会": 1, "观看": 4, "坐姿": 3, "距离": 3, "观看者": 2, "1.5": 1, "米": 2, "时长": 2, "超": 3, "15": 1, "保护": 3, "视力": 1, "乱": 1, "退出": 2, "答题": 1, "才能": 4, "放心": 1, "遥控器": 8, "交给": 1, "设置": 2, "过度": 2, "用眼": 1, "大小屏": 1, "单个": 1, "种类": 1, "数量": 1, "厂家": 1, "集成": 1, "连通": 1, "同步": 2, "操控": 3, "登录": 2, "同一个": 1, "账号": 2, "显示": 6, "局域网": 1, "远程": 2, "控屏": 2, "操作": 10, "延迟": 2, "低": 3, "老人": 1, "投屏": 13, "新鲜": 2, "碰传": 1, "颠覆性": 1, "无须": 2, "wifi": 1, "环境": 6, "配对": 1, "轻轻": 1, "碰": 5, "即可": 2, "投到": 1, "触碰": 1, "效率": 2, "在于": 1, "省钱": 1, "会员会": 1, "贵": 1, "网站": 1, "打折": 1, "便宜": 1, "十一": 1, "爱奇艺": 1, "腾讯": 2, "几十": 1, "块钱": 1, "年费": 1, "配合": 1, "界面": 3, "点击": 1, "按钮": 1, "静音": 1, "追剧": 1, "看球赛": 1, "影响": 3, "家人": 1, "休息": 1, "检测": 1, "方向": 1, "查看": 2, "60": 1, "帧": 1, "/": 1, "高帧率": 1, "要好": 1, "很多": 2, "依托": 1, "底层": 1, "测试": 3, "小屏": 1, "同步不卡顿": 1, "玩": 1, "电脑": 3, "端": 1, "类似": 3, "PC": 1, "触摸板": 1, "光标": 1, "窗口": 1, "蓝牙": 1, "鼠标": 1, "键盘": 1, "回家": 1, "带": 3, "急": 1, "家居": 4, "一句话": 1, "内置": 1, "小艺": 6, "精灵": 1, "助手": 1, "五": 1, "远场": 1, "拾音": 1, "待机": 1, "状态": 3, "喊": 2, "声": 1, "即刻": 1, "语义": 1, "响应": 1, "快": 5, "秒回": 1, "搜索": 1, "资源": 6, "天气": 1, "时代": 2, "来临": 2, "围绕": 1, "打造": 1, "AI+IoT": 1, "可视化": 1, "设备": 2, "相比": 1, "绑定": 1, "5点": 1, "到家": 1, "关闭": 1, "窗帘": 1, "开灯": 1, "布局": 1, "HiLink": 1, "屏来": 1, "联动": 1, "量子点": 1, "艳丽": 1, "首款": 1, "差": 1, "这块": 1, "65": 2, "量子": 1, "点光": 1, "背": 1, "光源": 1, "92%": 1, "NTSC色": 1, "域值": 1, "层次": 1, "分明": 1, "细节": 2, "接近": 2, "原画": 1, "引擎": 3, "—": 1, "绮光": 2, "异彩": 2, "标志": 1, "鸿鹄": 1, "芯片": 4, "独特": 1, "包含": 1, "MEMC": 1, "HDR": 2, "SR算法": 1, "DCI算法": 1, "ACM算法": 1, "NR算法": 1, "运动": 1, "拖尾": 1, "清晰": 1, "细腻": 1, "饱满": 1, "层次感": 1, "表现力": 1, "在线": 1, "电视剧": 2, "纪录片": 1, "房间": 1, "背光": 1, "增强": 2, "夜晚": 1, "减弱": 1, "变化": 2, "音响": 3, "Sound": 1, "专属": 1, "音效": 5, "讲究": 1, "8+1+1": 1, "音频": 2, "6": 7, "通道": 1, "专业": 1, "低音": 1, "woofer": 1, "+": 6, "1": 1, "被动": 1, "无源": 1, "辐射器": 1, "5.1": 1, "装修": 1, "声场": 1, "建模": 1, "最佳": 1, "独享": 1, "定向": 2, "发声": 2, "人声": 1, "降噪": 1, "前方": 1, "度": 3, "享受": 2, "高低音": 2, "专用": 1, "渡口": 1, "机身": 3, "底部": 1, "炫屏": 3, "气氛": 1, "渲染": 1, "电影": 2, "演唱会": 1, "判断": 1, "播出": 1, "音": 1, "优": 1, "切换": 1, "影院": 1, "外观": 2, "奢华": 2, "纤薄": 2, "设计": 5, "用料": 2, "第一": 2, "涉足": 1, "语言": 1, "做工": 1, "考究": 1, "整机": 1, "黑色": 1, "色调": 1, "搭配": 1, "金属": 2, "沉浸": 1, "看上去": 1, "大气": 1, "正面": 2, "边框": 2, "液晶屏": 1, "美缝": 1, "填胶": 1, "一体": 1, "无缝": 1, "折弯": 1, "镜面": 1, "精细": 1, "研磨": 1, "180": 1, "钻切": 1, "简约": 1, "顶部": 1, "下方": 1, "70": 1, "颗": 1, "RBG": 1, "灯阵": 1, "排布": 1, "一千六百多万": 1, "颜色": 1, "音乐": 1, "交互式": 1, "闪动": 1, "反馈": 1, "全金属": 1, "片叶式": 1, "底座": 1, "稳固": 1, "质感": 1, "接口": 1, "USB": 1, "3.0": 1, "HDMI": 1, "输入": 2, "网络": 7, "端口": 1, "SPDIF": 1, "天线": 1, "足以": 1, "简式": 1, "小巧": 1, "前端": 1, "拥是": 1, "滑动": 1, "单点": 1, "按压": 1, "多种": 1, "手势": 1, "触控": 1, "圆盘": 1, "NFC": 1, "植入": 1, "矩阵": 1, "整合": 1, "优酷": 1, "酷喵": 1, "影视": 1, "极光": 1, "TV": 1, "芒果TV": 1, "观影": 1, "需求": 2, "多年": 2, "努力": 5, "终端": 2, "平板": 1, "服务": 4, "覆盖": 1, "成就": 1, "难事": 1, "时间点": 1, "刚刚": 1, "互联": 2, "一次性": 1, "工业": 1, "音质": 1, "处处": 1, "惊喜": 1, "6999": 1, "中端": 1, "无疑": 1, "发挥": 1, "来源": 1, "澎湃": 6, "喆": 2, "特约": 2, "近年": 1, "末": 1, "火": 2, "年初": 1, "工作": 15, "12年": 3, "离职": 14, "敲诈勒索": 4, "公安局": 6, "羁押": 7, "251": 9, "无罪": 1, "释放": 1, "国家": 2, "赔偿": 8, "10万": 1, "戏称": 1, "故事": 1, "出身": 1, "985": 4, "投诉": 1, "404": 3, "竟然": 3, "弄到": 1, "坐牢": 1, "哗然": 1, "份": 2, "合格": 1, "惶惶民意": 1, "发出": 2, "……": 3, "惊诧": 1, "水平": 2, "利益": 4, "关键": 2, "宏观性": 1, "只能": 3, "系统性": 1, "代表": 1, "身份": 1, "机构": 1, "代言人": 1, "资格": 1, "类似于": 1, "御赐": 1, "胡乱": 1, "平身": 1, "赐座": 1, "个体": 2, "对话": 2, "远远": 1, "高于": 1, "自我": 1, "定位": 2, "开口": 1, "恐怕": 2, "信息": 2, "正好": 2, "站": 1, "对立面": 2, "剩下": 1, "言不由衷": 1, "玩玩": 1, "戏弄": 2, "大众": 12, "大忌": 1, "拿捏": 1, "股": 1, "劲儿": 1, "告": 2, "等同于": 1, "威胁": 3, "耳光": 1, "伺候": 1, "发表": 2, "态度": 1, "无异于": 1, "高级": 1, "黑": 2, "多么": 1, "谦卑": 1, "至少": 1, "君临天下": 1, "口吻": 1, "听": 2, "教训": 1, "教育": 1, "普法": 1, "培训": 1, "要点": 3, "事情": 3, "划": 1, "！！！": 1, "别人": 1, "有没有": 1, "事儿": 2, "范畴": 2, "误解": 2, "社会": 5, "好好": 1, "这不": 1, "守法": 2, "不必": 1, "赘述": 1, "合法": 1, "重磅": 1, "注解": 1, "李某": 8, "倒是": 1, "件": 1, "报案": 4, "泄密": 2, "因查": 1, "实据": 1, "报案人": 1, "分清": 1, "错误": 2, "所在": 3, "罪行": 1, "排除": 1, "时隔": 1, "案发": 1, "领导": 7, "证据": 3, "勒索": 1, "偌大": 1, "法务": 3, "调查": 2, "经历": 3, "犯罪": 2, "举报人": 2, "公检": 1, "信服": 4, "裁定": 1, "一向": 1, "自信": 1, "坚守": 1, "信念": 1, "向上": 1, "一级": 1, "执法": 4, "据称": 2, "当事人": 1, "拿出": 1, "录音": 2, "证人": 3, "改": 3, "口供": 2, "事前": 1, "私": 1, "膨胀": 1, "证词": 1, "有假": 1, "事后": 1, "公权力": 5, "真话": 1, "面目": 1, "大而无当": 1, "语气": 1, "刻意": 1, "模糊": 1, "掉": 1, "不屑于": 1, "傲娇": 2, "发": 2, "明明": 1, "楚话": 1, "懒得": 1, "掩饰": 1, "同意": 2, "捍卫": 1, "同情": 1, "违规": 1, "事件": 3, "见到": 2, "内部": 4, "混乱": 2, "侵占": 2, "公共": 2, "过分": 2, "自查": 1, "反思": 2, "点赞": 2, "忧虑": 1, "事实上": 2, "桩": 1, "案件": 1, "深圳": 2, "实事求是": 1, "办案": 1, "诚恳": 1, "承认": 2, "环": 1, "消息": 2, "称": 8, "关押": 2, "倒": 1, "稀奇": 1, "20万": 1, "算是": 1, "巨无霸": 1, "天天": 2, "私心": 1, "坏人": 2, "好说": 2, "制裁": 1, "应有": 1, "义": 1, "屡屡": 1, "冤假错案": 1, "不得不": 1, "担忧": 3, "实际上": 1, "完备": 2, "队伍": 2, "丰厚": 1, "轻若鸿毛": 1, "爆出": 2, "身患": 1, "绝症": 1, "博士": 1, "扫地": 1, "出门": 1, "奉献": 1, "一生": 1, "得病": 1, "衣食": 1, "无着": 1, "生病": 1, "裁": 1, "鸿毛不如": 1, "行政": 1, "仲裁": 4, "抓": 1, "鸿茅": 1, "药酒": 1, "文章": 6, "当地": 1, "千里": 1, "追凶": 1, "长": 4, "迄今": 1, "往远": 1, "大名鼎鼎": 1, "孙宏斌": 1, "当年": 2, "联想": 1, "年少": 1, "轻狂": 1, "牢狱": 1, "灾": 1, "老": 2, "恭恭敬敬": 1, "一番": 1, "事业有成": 1, "不说": 1, "罪名": 4, "撤销": 1, "撤": 1, "私人": 1, "号称": 1, "传为": 1, "佳话": 1, "公权": 1, "错": 1, "将错就错": 1, "笑话": 1, "悲剧": 1, "依法": 4, "治国": 4, "大前提": 1, "长足": 1, "无法可依": 1, "可操作性": 1, "成本": 2, "高等": 1, "自由": 3, "控权": 1, "监督": 2, "力度": 1, "情势": 1, "私权力": 1, "抓手": 1, "治": 1, "听话": 1, "警惕": 1, "思考": 3, "公平": 7, "对待": 2, "难言": 2, "正义": 3, "声张": 2, "好人": 2, "录音笔": 6, "谈": 1, "笔救": 1, "命": 1, "蹲": 1, "天号子": 1, "听见": 1, "本事": 1, "世上": 2, "假话": 1, "看起来": 1, "浓眉大眼": 1, "坏": 1, "想要": 1, "破坏": 1, "挖华": 1, "墙脚": 1, "泄露": 1, "商业": 3, "机密": 1, "一片冰心": 1, "玉壶": 1, "活到": 1, "奋不顾身": 1, "往前": 1, "试问": 1, "拘捕": 1, "查无实据": 1, "当事": 1, "检察官": 1, "交上": 1, "改口": 1, "公正": 1, "方式": 2, "好事": 2, "莫说": 1, "矛头": 1, "对准": 1, "调配": 1, "对手": 1, "舆论场": 1, "弱势": 2, "偏袒": 1, "弥补": 1, "不公": 1, "有时候": 2, "查清": 3, "何须": 1, "完善": 1, "建设": 2, "全民": 1, "皆": 1, "法官": 1, "难道": 1, "透明": 1, "智": 1, "消除": 2, "谣言": 1, "霾": 1, "要义": 1, "后记": 1, "想": 7, "中国人": 1, "喜爱": 1, "捧": 1, "大道": 1, "走正路路": 1, "走": 1, "敞亮": 1, "孕育": 1, "华为们": 1, "治理": 2, "提高": 3, "逐利": 1, "冲动": 1, "处罚": 1, "自律": 1, "提倡": 1, "规范": 3, "党": 1, "十九": 1, "届": 1, "四中全会": 1, "加快": 2, "体系": 4, "高效": 1, "实施": 1, "严密": 1, "深思": 1, "良性": 1, "基石": 1, "作者": 1, "经济学家": 1, "nova": 6, "等到": 1, "125": 1, "日才": 1, "正式": 3, "媒体": 8, "曝光": 3, "真机": 1, "实拍": 1, "图片": 2, "分辨率": 1, "LCD": 1, "侧边": 1, "指纹": 1, "位于": 3, "机器": 2, "右侧": 1, "前置": 1, "挖": 1, "孔": 1, "摄": 4, "左上": 1, "角": 1, "3200": 1, "800": 3, "广角": 2, "背部": 1, "相机": 1, "模组": 1, "左上角": 1, "4000": 1, "焦": 1, "最终": 6, "价格": 1, "尚未": 2, "版": 1, "最新": 1, "爆料": 2, "麒麟": 3, "990": 3, "外挂": 1, "巴龙": 1, "5000": 1, "基带": 1, "V30": 1, "4G": 1, "版华": 1, "来源于": 1, "文刃": 1, "编排": 1, "雷达": 2, "财经": 3, "文": 1, "|": 1, "长帆": 1, "2000年": 1, "销售额": 5, "220亿": 1, "利润": 2, "29亿": 1, "位居": 1, "全国": 2, "电子": 1, "百": 1, "领导人": 1, "执笔": 1, "写": 2, "冬天": 6, "此后": 1, "三季度": 1, "经营": 1, "业绩": 2, "销售": 3, "收入": 1, "6108亿": 1, "人民币": 3, "同比": 1, "24.4%": 1, "净": 1, "利润率": 1, "8.7%": 1, "大好": 1, "赢得": 1, "各界": 1, "赞赏": 1, "一度": 1, "看作": 1, "国货": 1, "崩塌": 1, "11月": 8, "初": 2, "HR": 8, "胡玲": 8, "发帖": 1, "揭露": 1, "团队": 3, "乱象": 2, "引发": 2, "辞职": 2, "走人": 1, "30万": 1, "90": 2, "媒体人": 1, "声援": 1, "删帖": 1, "微信": 1, "朋友圈": 1, "刷": 1, "梗": 1, "——": 2, "读书": 1, "维权": 1, "等待": 2, "担当": 1, "2日": 5, "晚间": 3, "对此": 1, "评论": 6, "拒": 2, "同理心": 3, "害怕": 3, "3日": 1, "中午": 1, "火车票": 1, "回老家": 1, "孟晚舟": 6, "心声": 3, "社区": 3, "首席": 1, "财务官": 1, "公开信": 2, "恐惧": 1, "痛苦": 1, "失望": 1, "无奈": 1, "煎熬": 1, "挣扎": 1, "学会": 1, "坚强": 1, "承受": 1, "从容": 1, "面对": 2, "不畏": 1, "未知": 1, "同事": 3, "留言": 2, "本人": 1, "筑": 1, "高楼": 1, "客户": 1, "供应商们": 1, "至暗": 1, "时刻": 1, "信任": 1, "动力": 1, "每次": 1, "庭审": 1, "法庭": 1, "排起": 1, "长长的": 1, "热情": 1, "暖": 1, "心头": 1, "落款": 1, "1日": 3, "去年": 1, "加拿大": 2, "转机": 1, "当局": 1, "扣留": 1, "感受": 1, "温暖": 1, "异常": 1, "冰冷": 1, "2005年": 1, "10月": 2, "入职": 3, "2018年": 15, "1月": 3, "3": 1, "逆变器": 2, "2017年": 4, "3月": 3, "审计组": 1, "6月": 1, "李": 1, "解除": 3, "职务": 1, "资源部": 2, "袁某": 2, "合同": 3, "到期": 1, "续签": 1, "提出": 2, "续约": 1, "劳动": 8, "合同法": 1, "补偿": 7, "商谈": 1, "N": 1, "金额": 1, "38万": 1, "8日": 1, "签订": 2, "确认书": 1, "确认": 1, "收到": 1, "税后": 1, "383651.24": 1, "补发": 1, "工资": 12, "想到": 1, "15日": 1, "委托": 1, "深圳市": 2, "经侦": 2, "支队": 2, "八": 1, "大队": 2, "杨x": 1, "勾结": 1, "纠纷": 2, "资料": 1, "外泄": 1, "16日": 1, "听到": 1, "敲门": 1, "水管": 2, "爆裂": 1, "修": 1, "身着": 1, "睡衣": 1, "开门": 1, "被捕": 1, "侵犯": 2, "秘密": 2, "立案": 1, "查证": 1, "无果": 1, "改变": 1, "28日": 6, "再次": 2, "控告": 1, "31日": 1, "承东": 2, "洽谈": 1, "迫使": 1, "私下": 1, "付额": 1, "补偿金": 1, "33万": 1, "换取": 1, "闹事": 1, "顺利": 1, "承诺": 4, "变更": 3, "退侦": 1, "检察": 1, "天后": 1, "重获": 1, "24日": 1, "申请": 3, "25日": 1, "龙岗区": 3, "作出": 1, "刑事": 2, "决定书": 2, "107752.94": 1, "人身": 1, "赔偿金": 3, "抚慰金": 1, "单位": 2, "有限公司": 1, "父亲": 1, "发函": 1, "恢复": 2, "名誉": 1, "凌晨": 1, "发到": 1, "微信群": 1, "传播": 1, "接受": 1, "采访": 1, "主动": 1, "9月": 1, "裁判": 1, "文书网": 1, "梦": 20, "有限": 2, "二审": 1, "民事": 1, "判决书": 2, "2012年": 3, "19日": 4, "担任": 1, "经理": 1, "奋斗者": 2, "协议": 2, "任职": 1, "投资": 1, "股份": 2, "关联": 1, "下称": 1, "深刻": 1, "充满": 1, "风险": 1, "不确定性": 1, "残酷": 1, "按部就班": 1, "报酬": 1, "艰苦奋斗": 2, "机会": 2, "长期": 2, "收益": 1, "自愿": 3, "放弃": 2, "福利": 1, "待遇": 1, "劳动者": 1, "带薪": 5, "年休假": 5, "无权": 1, "支付": 12, "未休": 1, "5月": 9, "10日": 1, "被告": 3, "请": 3, "休假": 4, "11日": 1, "上级": 2, "主管": 3, "审批": 2, "回复": 2, "会上": 1, ";": 1, "18日": 2, "答复": 1, "条": 1, "询问": 1, "请问": 1, "下周": 1, "安排": 1, "开对": 1, "标会": 1, "14日": 1, "认定": 1, "旷工": 1, "违纪": 1, "269280": 1, "2016年": 3, "年终奖": 8, "9万": 1, "17万": 1, "70833": 1, "每周": 1, "休息日": 2, "小时": 4, "87393": 1, "平时": 1, "303372": 1, "休年": 1, "49674": 1, "合计": 1, "104.06万": 1, "14523.03": 1, "2017": 1, "年度": 2, "80000": 1, "2018": 1, "32438.36": 1, "不服": 2, "推翻": 1, "一审": 2, "判决": 4, "应于": 1, "生效": 1, "五日": 1, "剩余": 1, "90000": 1, "122500": 1, "30411": 1, "律师费": 1, "2107": 1, "双双": 1, "上诉": 1, "终审": 1, "原判": 1, "就此": 1, "结束": 1, "女": 1, "记者": 1, "部落": 1, "报道": 2, "30日": 2, "分局": 1, "第八": 1, "拘留": 1, "随后": 3, "诈骗罪": 1, "29日": 1, "房东": 1, "经济学": 1, "发文": 1, "很快": 2, "删除": 3, "专访": 1, "近日": 1, "篇": 2, "涉及": 1, "终于": 2, "人民": 1, "告去": 1, "大概": 1, "字": 1, "概括": 1, "整整": 1, "案": 1, "不屑": 1, "掉粉": 1, "居高临下": 1, "呦呦": 1, "鹿鸣": 1, "感慨": 1, "惯坏": 1, "指": 1, "兄弟们": 1, "对不起": 1, "尽力": 1, "实名": 1, "2012": 1, "署名": 1, "帖子": 1, "引爆": 1, "列举": 1, "160多": 1, "关心": 1, "160": 1, "划水": 1, "这位": 1, "吃": 1, "块": 1, "一对": 1, "大闸蟹": 1, "食堂": 1, "提": 1, "意见": 1, "清退": 1, "32": 1, "绩效": 2, "B": 1, "上班": 1, "摸": 1, "鱼": 1, "连B": 1, "随心所欲": 1, "现象": 1, "岗位": 1, "力求": 1, "改善": 1, "工程师": 1, "解决": 1, "原本": 1, "职责": 1, "背道而驰": 1, "放出": 1, "签发": 1, "帖": 1, "按语": 1, "离开": 2, "胡岭": 1, "网上": 2, "阴谋": 1, "这次": 1, "阴谋续集": 1, "喊话": 1, "亲自": 1, "诉求": 1, "回": 1, "收场": 1, "2003年": 1, "317亿": 1, "2004年": 2, "462亿": 1, "海外": 1, "22.8亿": 1, "美元": 2, "8": 1, "地区": 1, "55": 1, "代表处": 1, "遍及": 1, "270": 1, "运营商": 1, "瓶颈": 1, "卖掉": 1, "想法": 1, "摩托罗拉": 3, "收购": 1, "100亿": 1, "现金": 1, "基地": 1, "打包": 1, "拿走": 1, "草签": 1, "更换": 1, "CEO": 1, "董事长": 1, "导致": 1, "交易": 2, "终止": 2, "带领": 1, "攀": 1, "台阶": 1, "赶超": 1, "19": 1, "到底": 1, "外部": 1, "节选": 1, "下滑": 2, "破产": 1, "太平": 1, "时期": 1, "官": 1, "也许": 4, "灾难": 1, "泰坦尼克号": 1, "欢呼声": 1, "海": 1, "到来": 3, "未来": 1, "好多": 1, "盲目": 2, "自豪": 1, "乐观": 1, "居安思危": 1, "危言耸听": 1, "德国": 3, "考察": 1, "世界": 1, "大战": 1, "感动": 1, "工人": 1, "团结": 1, "增": 1, "战后": 1, "真的": 2, "减": 1, "一半": 2, "白菜": 1, "南瓜": 1, "过日子": 1, "裁掉": 2, "救": 1, "危险": 3, "补": 1, "被迫": 1, "挽救": 1, "失败": 2, "视而不见": 1, "荣誉感": 1, "自豪感": 1, "危机感": 1, "存活": 2, "活": 1, "迎接": 1, "从不动摇": 1, "历史": 1, "规律": 1, "老喊狼": 1, "狼": 1, "展开": 1, "科室": 1, "流程": 1, "改进": 4, "人均": 1, "效益": 1, "死": 1, "延续": 1, "生命": 1}