{"2019年": 1, "11月": 2, "25日": 1, "科技": 2, "媒体": 2, "消息": 1, "华为": 80, "上海": 1, "Mate": 2, "家族": 1, "成员": 1, "MatePad": 15, "系列": 15, "新品": 2, "发布会": 2, "Pro": 15, "、": 27, "SoundX": 1, "款": 7, "正式": 4, "亮相": 2, "这家": 1, "国产": 2, "智能": 19, "手机": 42, "厂商": 3, "介绍": 1, "搭载": 7, "最新": 1, "麒麟": 6, "990": 5, "芯片": 2, "提供": 2, "8+512GB": 2, "存储": 5, "组合": 3, "配备": 2, "7250": 4, "mAh容量": 3, "电池": 6, "标配": 3, "20W": 2, "快速": 3, "充电": 9, "支持": 12, "40W": 4, "超级": 3, "闪充": 2, "全球": 3, "首款": 3, "无线": 3, "反向": 2, "平板": 14, "产品": 9, "基础": 2, "8GB": 5, "+": 18, "512GB": 3, "UFS3.0": 2, "闪存": 2, "售价": 8, "3299": 4, "元": 11, "对此": 2, "笔者": 2, "电脑": 12, "市场": 8, "对标": 1, "苹果": 4, "迈入": 1, "中高端": 2, "业务": 2, "再次": 1, "发力": 1, "有助于": 1, "消费者": 2, "增长点": 1, "打通": 1, "终端": 1, "以此": 1, "发挥": 1, "协同": 3, "乃至于": 1, "生态链": 1, "效果": 8, "外观": 2, "造型": 2, "采用": 3, "10.8": 1, "英寸": 2, "2560*1600": 1, "分辨率": 4, "显示屏": 3, "挖": 1, "孔屏": 1, "类似": 1, "前置": 3, "镜头": 4, "安置": 2, "之内": 2, "机身": 3, "四周": 1, "边框": 2, "收缩": 1, "4.9mm": 1, "机身屏": 1, "占比": 1, "90%": 1, "领域": 1, "技术": 8, "无疑": 6, "差异化": 1, "竞争": 4, "进一步": 2, "确实": 1, "同质化": 1, "小米": 3, "联想": 1, "微软": 1, "对手": 2, "区别": 2, "核心": 1, "配置": 3, "自研": 1, "运行": 1, "EMUI": 1, "10": 1, "智慧": 9, "系统": 8, "12": 2, "层": 2, "散热": 4, "架构": 2, "海思": 3, "处理器": 5, "30": 2, "旗舰": 3, "荣耀": 1, "V30": 1, "即将": 1, "发布": 3, "基于": 3, "加持": 3, "提升": 2, "综合": 2, "性能": 3, "学习": 2, "游戏": 6, "努比亚": 1, "OPPO": 2, "vivo": 1, "推出": 1, "都": 8, "重视": 1, "功能": 6, "自然": 2, "需求": 3, "三": 4, "超大": 2, "空间": 5, "基本上": 1, "大部分": 2, "用户": 10, "续航": 4, "内置": 4, "mAh": 2, "40": 1, "W快": 1, "能力": 4, "众所周知": 1, "相对于": 2, "屏幕": 3, "尺寸": 2, "耗电量": 1, "快充": 2, "缓解": 1, "情况": 4, "四": 6, "音响": 4, "声道": 1, "环绕": 1, "立体声": 2, "哈曼卡顿": 1, "调音": 1, "五": 2, "麦克风拾音": 1, "强化": 1, "增加": 2, "相关": 2, "硬件": 4, "针对": 1, "粉丝": 2, "关心": 2, "价格": 5, "分为": 1, "六": 1, "版本": 1, "6GB": 2, "128GB": 2, "WLAN版": 2, "256GB": 3, "3999": 2, "LTE": 2, "版": 4, "3799": 1, "；": 2, "WLAN": 1, "含手": 2, "写笔": 2, "键盘": 2, "4999": 1, "5999": 2, "便宜": 1, "贵": 2, "三星": 2, "高端": 1, "体现": 2, "冲击": 1, "决心": 1, "态度": 1, "起售": 1, "资金": 2, "投入": 1, "创新": 3, "积累": 1, "处于": 1, "高速": 2, "发展": 1, "道路": 1, "友商": 1, "榜样": 1, "忽视": 1, "劲敌": 1, "没错": 1, "如今": 1, "实力": 3, "越来越": 3, "强大": 2, "放慢": 1, "脚步": 1, "余承东": 2, "憋": 1, "狠": 1, "招": 1, "Nova6Pro": 6, "12月": 2, "参数": 2, "摄": 3, "亮点": 3, "太": 3, "感人": 2, "！": 2, "感到": 1, "陌生": 1, "领头羊": 1, "品牌": 2, "无论是": 1, "毋庸置疑": 1, "旗舰机": 1, "打磨": 2, "到位": 1, "新一代": 1, "例外": 1, "外媒": 1, "报道": 1, "中旬": 1, "项": 2, "传闻": 1, "神秘": 1, "新机": 1, "马上": 2, "就要": 1, "见面": 1, "7纳米": 1, "制程": 1, "工艺": 2, "打造": 1, "810": 1, "颗": 8, "SOC": 1, "5G": 1, "网络": 1, "配合": 2, "AndroidQ": 1, "底层": 1, "深度": 1, "定制": 1, "EMUI10": 1, "GPU": 1, "Turbo3.0": 1, "方舟": 1, "编译器": 1, "应对": 1, "日常": 2, "程序": 1, "绰绰有余": 2, "体验": 3, "主流": 2, "帧率": 1, "稳定性": 1, "妥妥": 1, "4350": 1, "毫安": 1, "符合": 2, "长续航": 1, "标准": 1, "延续": 3, "多功能": 1, "NFC": 1, "元素": 2, "花粉": 1, "一贯": 1, "期待": 1, "颜值": 2, "一块": 1, "6.47": 1, "LCD": 1, "材质": 1, "挖孔": 1, "屏": 7, "2340*1080": 1, "得益": 2, "先进": 2, "COF": 1, "封装": 1, "窄": 1, "下巴": 1, "缩小": 1, "带来": 2, "震撼": 4, "视觉": 2, "全息": 1, "幻彩": 1, "玻璃": 1, "后壳": 1, "光线": 1, "照射": 1, "营造": 1, "光彩": 1, "熠熠": 1, "铝中框": 1, "紧密": 1, "贴合": 1, "生活": 6, "防水": 1, "兼顾": 1, "舒适": 1, "握持感": 1, "相机": 1, "卖点": 1, "模组": 1, "算法": 3, "下放": 1, "Nova": 1, "回": 1, "Nova6": 1, "终于": 1, "4800万": 1, "主摄": 1, "1200万": 1, "超": 3, "广角": 2, "500万": 1, "长焦": 3, "3D": 2, "TOF": 1, "出色": 1, "调教": 1, "之下": 1, "白天": 1, "夜晚": 1, "照片": 2, "观感": 1, "都会": 1, "可圈可点": 1, "肯定": 1, "拥有": 6, "3200万": 1, "全套": 1, "美颜": 1, "喜欢": 2, "自拍": 1, "福利": 1, "面对": 1, "激烈": 1, "环境": 2, "加快": 1, "升级": 2, "速度": 2, "上一代": 1, "优势": 2, "拍照": 3, "看重": 1, "爆款": 1, "预计": 1, "6G": 1, "128": 1, "G起": 1, "步价": 1, "2699": 1, "挺": 1, "电视": 18, "我家": 2, "老": 3, "旧": 1, "正好": 1, "十一": 1, "——": 2, "智慧屏": 19, "65寸": 1, "选择": 4, "原因": 1, "忠实": 1, "莫名": 1, "好感": 1, "大名鼎鼎": 1, "鸿蒙": 6, "操作": 4, "本科技": 1, "爱好者": 1, "放过": 1, "机会": 3, "这是": 4, "第一": 1, "家里": 1, "25": 1, "寸": 2, "40寸": 1, "飙升": 1, "65": 3, "观影": 2, "真的": 5, "加上": 2, "4K": 3, "HUD高清": 1, "100%": 1, "NTSC": 1, "色域": 1, "家中": 1, "N": 1, "档次": 1, "安装": 2, "底座": 3, "这时候": 1, "不得不": 1, "夸赞": 1, "做工": 1, "厚重": 1, "底部": 3, "带有": 5, "6": 3, "块": 1, "防滑": 1, "胶垫": 1, "放": 2, "桌面": 1, "稳": 1, "配件": 1, "齐全": 1, "遥控器": 8, "专用": 1, "智慧型": 1, "触控": 4, "碰": 1, "投屏": 2, "有趣": 3, "立柱": 1, "螺丝4": 3, "电源线": 3, "1": 3, "AV转": 1, "接线": 1, "条": 1, "挂墙": 1, "接件": 1, "4": 1, "挂架": 1, "屏V": 1, "入门": 1, "篇华": 1, "全频": 1, "喇叭": 3, "单元": 4, "高音": 1, "低音": 1, "源": 1, "辐射器": 1, "设计": 4, "机器": 2, "背面": 1, "识别": 3, "室内": 1, "结构": 2, "发出": 1, "声波": 1, "探测": 1, "接收": 1, "反馈": 1, "建立": 1, "虚拟": 2, "声场": 1, "模型": 1, "自动": 5, "匹配": 1, "场景": 4, "音效": 2, "方案": 1, "职能": 1, "具备": 2, "插口": 1, "包含": 1, "一个": 7, "USB": 1, "3.0": 1, "接口": 8, "HDMI": 1, "视频": 9, "输入": 1, "网线": 1, "SPDIF": 1, "天线": 1, "左侧": 1, "好找": 1, "电源": 1, "手": 1, "摸索": 1, "半天": 1, "才能": 2, "找到": 1, "位置": 2, "一会儿": 1, "功夫": 1, "师傅": 1, "连接": 1, "迫不及待": 1, "想来": 1, "感受": 2, "寸屏": 1, "享受": 1, "放入": 1, "长按": 1, "智键": 1, "菜单键": 1, "配对": 1, "传统": 1, "Harmony": 1, "OS": 2, "微内核": 1, "分布式": 2, "设备": 6, "交互": 1, "上方": 1, "隐藏式": 1, "升降": 1, "摄像头": 7, "取景": 1, "开启": 3, "聊天": 2, "弹出": 1, "关闭": 1, "回缩": 1, "不单单": 1, "用来": 1, "简单": 1, "AI": 6, "健身": 4, "KIDS": 2, "儿童": 2, "距离": 1, "调节": 1, "孩子": 2, "健康": 1, "科学": 1, "呵护": 1, "眼睛": 1, "老婆": 1, "健身房": 1, "私教": 1, "实在": 1, "等于": 1, "私人": 1, "教练": 1, "海量": 1, "跟着": 1, "学": 1, "模式": 5, "缓缓": 1, "升起": 1, "教学": 1, "轻薄": 1, "8.3mm厚": 1, "顶部": 2, "实体键": 1, "面板": 1, "MIC": 2, "cm": 1, "进场": 1, "拾音": 1, "效率": 1, "高效": 1, "410": 1, "锂电池": 1, "TYPE": 1, "C接口": 1, "快": 1, "3": 1, "下载": 1, "APP": 1, "控制": 1, "充当": 1, "设置": 1, "输入源": 1, "图像": 1, "很多": 5, "充满": 1, "想法": 1, "轻触": 1, "画面": 4, "投射": 1, "60帧零": 1, "延迟": 1, "玩": 1, "声音": 1, "同步": 1, "没意思": 1, "小艺": 2, "语音": 4, "助手": 2, "就算": 3, "5": 1, "米": 1, "远": 1, "轻松": 1, "唤醒": 2, "点播": 1, "亲身": 1, "实测": 2, "客厅": 2, "中心": 1, "家门口": 1, "楼道": 1, "压力": 1, "视听": 1, "对比": 1, "台": 2, "资源": 2, "算是": 1, "无敌": 1, "频道": 3, "VIP": 1, "电视剧": 1, "电影": 20, "酷喵": 1, "芒果TV": 1, "极光": 2, "TV": 1, "高清": 1, "少儿": 1, "综艺": 1, "音频": 1, "曲库": 1, "包括": 2, "音乐": 1, "喜马拉雅": 1, "蜻蜓FM": 1, "酷听": 1, "氧气听书": 1, "3840": 1, "2160": 1, "MEMC": 1, "动态": 2, "补偿": 1, "HDR": 1, "成像": 1, "影院": 1, "量子": 1, "层次": 1, "色彩": 4, "比度": 1, "惊艳": 1, "画质": 1, "播放": 2, "适配": 1, "屏占": 1, "关上": 1, "灯": 1, "电影院": 1, "上图": 1, "实拍": 1, "诛仙I": 1, "细腻": 1, "清晰": 1, "鲜艳": 1, "不错": 1, "文字": 1, "表达": 5, "那种": 1, "感官": 1, "刺激": 1, "分享": 1, "坚定": 1, "当初": 1, "正确": 1, "很": 1, "负": 1, "责任": 1, "告诉": 1, "看作": 1, "拼": 1, "级别": 1, "打的": 1, "恰恰不巧": 1, "强壮": 1, "身躯": 1, "无比": 1, "聪慧": 1, "大脑": 1, "好比": 1, "肌肉": 1, "猛男": 1, "站": 1, "在一起": 1, "麻省": 1, "理工": 1, "博士": 1, "学位": 1, "刚": 1, "出生": 1, "婴儿": 1, "将来": 1, "生态": 1, "完善": 2, "融入": 1, "点点滴滴": 1, "显示": 1, "中华": 1, "有为": 1, "毛病": 1, "23日": 1, "第28": 1, "届": 1, "中国": 1, "金": 1, "鸡百": 1, "花": 1, "电影节": 6, "闭幕式": 1, "福建": 1, "厦门": 1, "举办": 3, "最终": 1, "流浪": 1, "地球": 1, "最佳": 3, "影片": 9, "林超贤": 1, "红海": 1, "导演": 4, "地久天长": 1, "男": 2, "主角": 4, "王": 1, "景春": 1, "女": 2, "咏梅": 1, "分获": 1, "本届": 1, "期间": 2, "Mate30": 11, "携手": 2, "金鸡": 4, "百花": 4, "影像": 5, "·": 3, "竞赛": 4, "号召": 1, "鼓励": 1, "更多": 1, "专业": 7, "电影人": 3, "创作": 3, "开创": 2, "创作史": 1, "先河": 1, "摄影": 5, "新篇章": 1, "心目": 1, "当中": 1, "制作": 1, "拍摄": 15, "人士": 1, "才": 1, "上手": 1, "想要": 2, "条件": 1, "本次": 1, "创造": 1, "探索": 1, "艺术": 1, "双重": 1, "突破": 1, "样子": 2, "泳往": 1, "春天": 1, "巴丹吉林": 1, "悉数": 1, "好评如潮": 1, "历史": 1, "全新": 2, "篇章": 1, "侧面": 1, "不俗": 1, "表现": 1, "4000万": 3, "素超": 2, "感光": 3, "徕卡": 2, "高度": 1, "耗费": 1, "时间": 1, "精力": 1, "人力": 1, "物力": 1, "普通人": 1, "件": 1, "可望而不可及": 1, "事情": 1, "素材": 1, "来自于": 1, "用于": 1, "记录": 5, "点滴": 2, "涌现": 1, "灵感": 2, "挖掘": 1, "美好": 2, "片段": 1, "全程": 1, "方式": 1, "曲江涛": 1, "看法": 1, "过程": 3, "繁琐": 1, "特定": 1, "氛围": 1, "借助": 1, "拖车": 1, "滑轨": 1, "辅助": 2, "短焦": 1, "自由": 1, "切换": 1, "云台": 1, "稳定": 1, "分镜": 1, "机位": 1, "拼凑": 1, "衔接": 1, "录制": 3, "镜": 1, "到底": 1, "便捷": 1, "清晰度": 1, "还原": 1, "均": 1, "好评": 1, "像素": 2, "800万": 1, "深感": 1, "暗态": 1, "延时": 1, "7680": 1, "帧超": 1, "领先": 1, "支撑": 1, "必要条件": 1, "源于": 1, "毫无疑问": 1, "打开": 1, "大门": 1, "著名": 1, "演员": 1, "祖峰": 1, "主题": 1, "论坛": 1, "提到": 1, "本身": 1, "人类": 1, "手段": 1, "门槛": 2, "在于": 1, "思想": 1, "创造力": 1, "消失": 1, "愿望": 1, "此次": 1, "设立": 1, "特有": 1, "跃跃欲试": 1, "冲动": 1}