{"IPlytics": 1, "最新": 3, "统计": 1, "数据": 1, "可知": 1, "截至": 1, "2019年": 2, "9月份": 1, "华为": 187, "全球": 1, "5G": 45, "SEP": 1, "专利": 1, "申请量": 1, "3325": 1, "件": 1, "排名": 3, "第一": 6, "国内": 7, "国外": 1, "技术": 13, "都": 16, "遥遥领先": 1, "脚步": 1, "临近": 1, "手机": 74, "厂商": 1, "纷纷": 3, "市场": 12, "发力": 1, "12月": 6, "5日": 11, "推出": 2, "款": 14, "——": 7, "Nova6": 4, "Mate30": 24, "搭载": 6, "麒麟990": 5, "芯片": 5, "选择": 7, "+": 2, "巴龙": 2, "5000": 2, "方案": 1, "支持": 7, "双模5G": 2, "不禁": 1, "笔者": 2, "想起": 1, "发布": 15, "Mate20": 20, "X": 20, "5G版": 22, "初": 1, "定价": 1, "高达": 1, "5199": 1, "元": 6, "如今": 2, "第三方": 1, "电商": 1, "平台": 1, "8GB": 1, "256GB": 1, "版本": 4, "3699": 2, "上市": 1, "5": 2, "跳水": 2, "2400": 1, "炮灰": 1, "依然": 4, "卖": 1, "首款": 1, "麒麟980": 1, "处理器": 7, "外挂": 1, "基带": 3, "SA/NSA": 1, "模组网": 1, "安兔兔": 1, "跑分": 1, "超过": 2, "30万": 1, "运行": 1, "和平": 1, "精英": 1, "平均": 1, "帧率": 1, "39FPS": 1, "性能": 5, "出色": 5, "拍照": 9, "能力": 5, "缩水": 1, "后置": 3, "4000万": 2, "超": 2, "感光": 1, "徕卡": 1, "三": 2, "摄": 1, "拥有": 3, "F1.8": 1, "光圈": 1, "超级": 1, "夜景": 1, "模式": 1, "AI": 1, "白天": 1, "夜间": 1, "表现": 6, "跌": 1, "消费者": 2, "接受": 2, "原因": 3, "在于": 1, "冲击": 1, "系列": 15, "功耗": 1, "控制": 4, "要强": 1, "Pro": 5, "DXO": 2, "得分": 4, "121分": 1, "相比之下": 1, "竞争力": 2, "近日": 1, "接连": 2, "荣耀": 4, "V30": 3, "售价": 1, "版": 1, "贵": 1, "自拍": 19, "世界": 3, "相比": 2, "之下": 2, "亮点": 1, "理解": 3, "否认": 1, "的确": 1, "应有": 1, "作用": 1, "率先": 1, "占领": 1, "打响": 1, "名声": 1, "短短": 1, "内": 1, "双模": 1, "机型": 3, "原价": 1, "购买": 3, "花粉": 1, "想必": 1, "苦不堪言": 1, "入手": 4, "该机": 1, "评论": 6, "如果说": 2, "约翰逊": 40, "故意": 2, "、": 14, "意在": 2, "社交": 3, "媒体": 9, "引发": 3, "议论": 2, "奇怪": 2, "无心": 2, "暗示": 5, "强硬": 2, "措施": 2, "英国": 24, "首相": 8, "照片": 2, "账户": 1, "天空": 3, "新闻网": 1, "报道": 15, "针对": 4, "带来": 4, "国家": 11, "风险": 2, "所属": 1, "保守党": 4, "人士": 2, "解释": 2, "本人": 3, "借用": 1, "工作": 5, "人员": 5, "美国": 61, "福布斯": 4, "网站": 1, "关注": 5, "一个": 10, "：": 15, "此举": 1, "有意": 1, "无意": 1, "/": 6, "图自": 4, "ITV": 2, "当地": 5, "时间": 9, "早上": 1, "参加": 2, "一档": 2, "电视": 2, "节目": 8, "谈论": 1, "下周": 1, "即将": 1, "议会": 1, "大选": 1, "脱欧": 1, "议题": 1, "P20": 2, "主持人": 6, "留念": 1, "拍": 1, "威洛贝": 1, "结束": 1, "录像": 1, "拿出": 2, "合影": 2, "推特": 4, "参与": 11, "建设": 6, "争议": 1, "话题": 1, "4日": 3, "记者会": 2, "希望": 3, "敌视": 1, "海外": 10, "投资": 2, "损害": 4, "至关重要": 2, "‘": 2, "五": 2, "眼": 2, "联盟": 2, "’": 2, "合作": 2, "称": 15, "表态": 4, "态度": 4, "第二": 2, "马上": 1, "迎来": 2, "反转": 1, "猜测": 2, "当下": 1, "政治": 3, "环境": 1, "太": 6, "公开": 1, "理所当然": 1, "员工": 1, "很": 15, "遗憾": 1, "后者": 1, "展示": 1, "功能": 1, "创新": 1, "此前": 4, "！": 2, "鲍里斯": 4, "出席": 1, "举动": 1, "吸引": 3, "不少": 2, "英媒": 2, "刚刚": 3, "基于": 1, "禁止": 11, "当天": 6, "波": 1, "操作": 1, "网友": 7, "开脱": 2, "代表": 3, "注意力": 1, "放": 1, "好用": 1, "IT": 1, "V据": 1, "每日": 4, "邮报": 5, "独立": 3, "电视台": 1, "今晨": 1, "录制": 2, "掏": 1, "菲利普斯科菲尔德": 1, "霍莉威洛比": 1, "名": 6, "型号": 1, "疑似": 1, "价值": 1, "400": 1, "英镑": 1, "3710": 1, "人民币": 1, "一家": 4, "新闻": 6, "此事": 3, "提到": 2, "唐宁街": 2, "10号": 1, "对此": 7, "回应": 2, "托辞": 1, "华盛顿": 2, "援引": 2, "议员": 1, "这是": 3, "环球网": 4, "记者": 1, "梳理": 1, "发现": 3, "并非": 2, "简单": 1, "刚": 1, "中国": 11, "公司": 7, "发出": 2, "警告": 2, "场": 2, "发布会": 3, "抱有": 1, "敌意": 1, "随后": 1, "话锋": 1, "伙伴": 1, "协作": 1, "事务": 1, "关键": 3, "标准": 2, "解读": 1, "番": 1, "卫报": 1, "迄今为止": 1, "拒之门外": 1, "信号": 1, "截图": 1, "值得": 3, "↓": 7, "下方": 1, "表达": 1, "看法": 2, "有人": 3, "过分": 1, "关联": 1, "网络": 9, "观点": 1, "真香": 1, "现场": 1, "现象": 1, "iPhone10": 1, "11": 6, "便宜": 3, "Ins": 1, "……": 1, "poolieboy1": 1, "到底": 3, "大惊小怪": 1, "才": 3, "买": 4, "P系列": 1, "智能": 3, "转发": 1, "特意": 1, "配文": 1, "设备": 8, "第2": 1, "调侃": 1, "眼光": 1, "Sting": 1, "棒": 1, "电池": 1, "寿命": 1, "长": 4, "配置": 4, "摄像头": 4, "不错": 1, "讽刺": 1, "嘴": 1, "禁华": 1, "信赖": 2, "套": 2, "来源": 2, "环球": 2, "时报": 2, "孙微": 1, "王博": 1, "雅琪": 1, "李": 1, "姚": 1, "优点": 1, "描述": 1, "摆": 1, "面前": 1, "产品": 14, "降价": 9, "无论是": 1, "出于": 1, "或者说": 1, "迎接": 1, "到来": 2, "面临": 3, "情况": 3, "确实": 2, "很多": 12, "无可奈何": 1, "想法": 1, "呈现": 1, "出新": 1, "形式": 1, "感慨": 1, "器件": 1, "类型": 1, "变化多端": 1, "行列": 1, "各种各样": 1, "nova6": 3, "段": 1, "超高性": 1, "价比": 1, "不说": 1, "价位": 1, "设计": 2, "先进": 2, "参数": 1, "考证": 1, "距离": 1, "水准": 1, "990": 4, "面对": 2, "状况": 1, "地方": 1, "处在": 1, "状态": 3, "领域": 4, "领先": 2, "或许": 2, "感觉": 1, "常见": 1, "变焦": 3, "匹配": 1, "层面": 1, "全新": 2, "变化": 1, "满意": 1, "续航": 1, "老": 1, "卖点": 1, "星期": 1, "就要": 1, "见面": 1, "从中": 1, "体会": 1, "表述": 1, "改变": 1, "阵营": 1, "回归": 1, "现实": 1, "当中": 2, "趋势": 2, "将要": 1, "起航": 1, "最低价": 1, "荣耀v": 1, "30": 1, "国产": 1, "品牌": 1, "只能": 1, "靠着": 1, "数量": 1, "取胜": 1, "核心": 1, "系统": 1, "进一步": 1, "研发": 2, "价格": 5, "最低": 1, "围绕": 1, "3799": 1, "小米cc9": 1, "下降": 1, "之间": 2, "竞争": 2, "真的": 1, "难以": 1, "行情": 1, "7日": 1, "消息": 6, "预告": 1, "DxOMark": 3, "正式": 1, "公布": 1, "OPPO": 5, "Reno": 5, "10": 6, "倍": 5, "焦版": 5, "镜头": 14, "评分": 1, "116": 2, "总分": 1, "125分": 1, "视频": 3, "100": 1, "P30": 3, "战平": 1, "跻身": 2, "榜单": 2, "级别": 1, "首次": 1, "登上": 1, "评测": 2, "倍变": 1, "颗": 1, "潜望镜": 1, "光学": 3, "长焦": 3, "提供": 9, "焦距": 1, "出众": 1, "规格": 2, "配": 1, "高端": 1, "头衔": 1, "Oppo": 1, "宽广": 1, "16": 2, "毫米": 3, "超广角": 2, "130": 2, "赢得": 1, "优异": 1, "总体": 1, "排行榜": 1, "模块": 1, "融合": 1, "伪像": 1, "Oppo手机": 1, "改进": 1, "余地": 1, "摄影者": 1, "推近": 1, "拍摄": 1, "对象": 1, "拉远": 1, "视场": 1, "理想": 1, "加上": 1, "成像": 1, "卓越": 1, "4800万": 1, "像素": 3, "1/2": 1, "英寸": 1, "传感器": 3, "等效": 3, "26": 1, "毫米f/1.7": 1, "相位": 2, "检测": 2, "自动": 4, "焦": 5, "PDAF": 2, "激光": 2, "影像": 2, "防抖": 2, "OIS": 2, "广角": 1, "800万": 1, "f/2.2": 1, "1300万": 1, "毫米f/3.0": 1, "LED": 1, "闪光灯": 1, "4K": 1, "2160": 1, "p/": 1, "60fps": 1, "手机圈": 1, "保值率": 1, "简直": 2, "低": 1, "可怕": 1, "悲催": 1, "新机": 1, "叒叕": 1, "有时候": 1, "降": 1, "好几百": 1, "早": 1, "叫苦不迭": 1, "机友": 3, "感受": 1, "开售": 2, "松口": 1, "机友们": 5, "有没有": 1, "想": 5, "快": 2, "iPhone": 5, "威猛": 2, "老旗舰": 3, "插刀": 2, "估计": 1, "想到": 1, "同期": 1, "销量": 7, "狠狠": 1, "吊": 1, "翻身": 1, "翻车": 1, "普通版": 1, "依旧": 1, "无奈": 1, "打击": 1, "程度": 1, "下调": 1, "比不上": 1, "性价比": 3, "成功": 1, "一大": 1, "旗舰": 3, "惨淡": 1, "接踵而至": 1, "尴尬": 3, "不得不": 1, "这次": 1, "命": 1, "苦": 1, "4G": 1, "抢走": 1, "风头": 1, "踩": 1, "脚": 1, "年底": 1, "高性价比": 1, "包括": 2, "同款": 1, "预算": 1, "有限": 1, "打算": 1, "显得": 1, "受挫": 2, "补齐": 1, "不无": 1, "关系": 2, "这几年": 1, "影响力": 2, "与日俱增": 1, "客观": 1, "遭受": 1, "无端": 1, "制裁": 4, "挫折": 1, "谷歌": 1, "拒绝": 5, "GMS": 1, "服务": 5, "自带": 1, "HMS": 1, "解决": 2, "Mate30Pro": 1, "登陆": 1, "欧洲": 14, "看好": 1, "弥补": 1, "损失": 1, "无疑": 1, "卖出": 1, "这样一来": 1, "不可避免": 1, "毕竟": 2, "刺激": 1, "剁手": 1, "因素": 3, "向来": 1, "回": 1, "尝到": 1, "冷板凳": 1, "滋味儿": 1, "对外": 1, "火爆": 1, "同台": 1, "对内": 1, "策略": 1, "再度": 1, "翻红": 1, "影响": 1, "正好": 1, "赶上": 1, "高性能": 1, "兴趣": 1, "局面": 2, "别无选择": 1, "香": 2, "联邦": 10, "通信": 8, "委员会": 7, "补贴": 2, "资金": 2, "项目": 2, "5号": 1, "深圳": 2, "总部": 2, "同日": 1, "法院": 4, "提交": 2, "起诉书": 2, "请求": 1, "认定": 2, "违反": 3, "宪法": 3, "行政诉讼法": 1, "年内": 1, "再次": 1, "起诉": 2, "政府": 10, "首席": 1, "法务官": 1, "宋柳平": 1, "第五": 1, "巡回": 1, "上诉": 1, "威胁": 3, "给予": 1, "相关": 2, "指控": 1, "反驳": 1, "机会": 3, "正当": 2, "程序": 3, "原则": 2, "并未": 1, "证据": 1, "理由": 1, "支撑": 1, "武断": 1, "随意": 1, "行政": 2, "程序法": 1, "法律": 3, "宋": 1, "柳平": 1, "仅仅": 1, "2018年": 1, "8月": 1, "总统": 3, "特朗普": 7, "签署": 2, "2019": 1, "财年": 1, "国防": 2, "授权": 2, "法案": 4, "机构": 4, "承包商": 1, "中兴": 4, "反击": 2, "3月": 1, "德克萨斯州": 1, "地区": 1, "提起": 1, "诉讼": 1, "诉讼书": 1, "指出": 2, "第889": 1, "条": 1, "司法": 1, "客户": 1, "合同": 1, "资助": 1, "贷款": 1, "违背": 1, "剥夺": 1, "公权": 1, "条款": 2, "5月": 1, "加大": 1, "打压": 2, "列入": 3, "实体": 1, "清单": 1, "企业": 3, "此次": 4, "11月": 1, "22号": 1, "项": 1, "运营商": 3, "85亿": 1, "美元": 2, "通用": 1, "基金": 1, "用于": 1, "委员": 1, "归属": 1, "国会": 1, "领导": 1, "指华": 1, "建议": 1, "安装": 1, "移除": 1, "财政部": 1, "指定": 2, "名单": 3, "踢出": 2, "金融": 3, "体系": 2, "路透社": 1, "3号": 1, "政策": 2, "工具": 1, "顶级": 1, "核选项": 2, "国际": 2, "交易": 1, "俄罗斯": 1, "铝业": 1, "联合": 1, "伊朗": 1, "人物": 1, "委内瑞拉": 1, "毒贩": 1, "动用": 2, "反制": 1, "社科院": 1, "研究所": 1, "专家": 1, "张国庆": 1, "无所不用其极": 1, "想尽": 1, "办法": 1, "舆论": 1, "武器": 4, "非法律": 1, "考验": 1, "立足": 1, "更新": 1, "保有": 1, "西方": 1, "铁板一块": 1, "欣赏": 1, "水平": 1, "不用": 1, "便利": 1, "机遇": 1, "做出": 1, "正确": 1, "东西": 1, "迁移": 1, "中心": 1, "迁往": 1, "加拿大": 1, "做法": 1, "化": 1, "极化": 1, "难": 1, "打开": 1, "基本盘": 1, "庞大": 1, "优秀": 1, "度过": 1, "难关": 1, "更上一层楼": 1, "美方": 4, "电信": 1, "陷阱": 3, "指责": 1, "外交部": 1, "例行": 1, "发言人": 1, "华春莹": 2, "长远": 1, "利益": 1, "出发": 1, "判断": 1, "公平": 2, "公正": 1, "歧视": 1, "足够": 1, "智慧": 1, "掉入": 1, "动辄": 1, "挂": 1, "嘴边": 1, "究竟": 1, "裁定": 1, "判决": 1, "运动员": 1, "裁判员": 1, "不停": 1, "吹": 1, "黑哨": 1, "信任": 1, "比赛": 2, "乍听": 1, "堂皇": 1, "荒唐": 1, "IT之家": 1, "作者": 2, "沧海": 1, "Twitter": 1, "博主": 1, "Teme": 2, "爆料": 2, "下一代": 4, "命名": 3, "麒麟": 13, "1020": 4, "中端": 1, "820": 3, "明年": 3, "下半年": 2, "Mate40": 1, "年初": 1, "P40": 1, "采用": 2, "5nm": 2, "工艺": 3, "制程": 1, "提高": 1, "50%": 1, "A77": 2, "架构": 3, "集成": 2, "；": 1, "7nm": 1, "首发": 1, "nova": 1, "7": 1, "外媒": 1, "HC": 2, "业内": 1, "试制": 1, "1000": 2, "投入": 1, "商业": 1, "运营": 1, "A76": 1, "CPU": 1, "刺客": 1, "开心": 1, "事件": 1, "高度": 2, "首相府": 1, "发表": 2, "北约": 8, "峰会": 5, "发言": 1, "转折": 2, "指": 1, "追随": 2, "禁用": 4, "科技": 3, "分道扬镳": 1, "传开": 1, "网民": 1, "不对": 1, "难道": 1, "商品": 1, "别人": 1, "告诉": 1, "本身": 1, "压力": 1, "期间": 1, "回过头": 1, "翻脸不认人": 1, "玩": 2, "民众": 1, "释放": 2, "信息": 2, "明白": 1, "走": 1, "远": 1, "70": 2, "寿诞": 1, "成员": 1, "面子": 1, "当面": 2, "葡萄牙": 3, "外长": 1, "席尔瓦": 1, "蓬佩奥": 1, "排除": 1, "该国": 1, "可能性": 2, "美联社": 1, "抵制": 3, "劝说": 1, "盟友": 3, "硬件": 1, "竞标": 4, "欧盟": 2, "德国": 1, "法国": 2, "意愿": 1, "新一代": 3, "随之": 1, "法德": 1, "无理": 1, "外界": 2, "极为": 1, "意味着": 1, "施压": 2, "变得": 1, "越来越": 2, "意义": 2, "实际上": 1, "各国": 2, "解禁": 1, "安全性": 1, "先进性": 1, "名声在外": 1, "成员国": 1, "举措": 2, "展现": 1, "摆脱": 2, "依赖": 1, "决心": 1, "众所周知": 1, "长期": 2, "实施": 1, "推销": 2, "赚取": 1, "巨额": 1, "利润": 1, "依赖性": 1, "近年来": 1, "热衷于": 1, "试图": 1, "破坏": 1, "崛起": 1, "遏制": 1, "同类": 1, "创造": 1, "一点": 1, "欧洲人": 1, "心知肚明": 1, "更何况": 1, "本来": 1, "频繁": 1, "贸易": 1, "摩擦": 1, "心怀": 1, "不满": 2, "大寿": 1, "喜庆": 1, "日子": 1, "军事": 1, "集团": 1, "主导者": 1, "贺礼": 1, "庆祝": 1, "算了": 1, "唠唠叨叨": 1, "谈": 1, "钱": 1, "不惜": 1, "为此": 1, "马克龙": 1, "吵架": 1, "唯利是图": 1, "极端": 1, "更进一步": 1, "加剧": 1, "担忧": 1, "情绪": 1, "一部分": 1, "看不惯": 1, "霸凌": 1, "急于": 1, "心态": 1, "某种": 1, "来讲": 1, "众矢之的": 1, "意外": 1, "赢家": 1}