{"7月": 19, "26日": 11, "华为": 226, "深圳": 6, "坂田": 2, "基地": 2, "发布": 19, "Mate": 95, "X": 91, "5G": 305, "手机": 123, "并非": 4, "全场": 1, "唯一": 9, "焦点": 2, "会上": 2, "余承东": 5, "亲自": 2, "上台": 1, "全新": 9, "产品线": 6, "智慧屏": 23, "透露": 4, "新品": 2, "9月": 3, "正式": 20, "登场": 2, "介绍": 6, "有别于": 1, "智能": 50, "千丝万缕": 1, "关系": 1, "重磅": 1, "讲解": 1, "足以": 1, "证明": 2, "内部": 4, "产品": 54, "重视": 1, "智慧": 21, "屏": 14, "淘汰": 1, "互联网": 12, "电视": 41, "、": 98, "客厅": 1, "时代": 18, "！": 3, "语气": 1, "感到": 3, "意外": 1, "不难": 2, "家庭": 13, "布局": 3, "一个": 13, "重点": 5, "围绕": 3, "大战": 1, "或许": 2, "才": 5, "刚刚": 1, "拉开": 2, "序幕": 1, "巨头": 3, "环伺": 1, "大屏": 6, "市场": 20, "还要": 4, "均": 4, "列入": 1, "打击": 1, "对象": 1, "之中": 3, "竞争": 6, "对手": 3, "数量": 1, "真的": 2, "不少": 7, "传统": 12, "行业": 7, "早": 7, "乘上": 1, "东风": 2, "转型": 3, "参与": 1, "一派": 1, "称为": 2, "势力": 1, "派": 3, "厂商": 10, "科技": 9, "公司": 13, "派别": 1, "企业": 9, "生产商": 1, "借着": 1, "半路": 1, "杀出": 1, "前沿": 2, "如今": 3, "玩家": 1, "熟悉": 1, "小米": 5, "微鲸": 1, "品牌": 2, "算": 4, "轻": 1, "灵快": 1, "都": 29, "视讯": 2, "内容": 7, "互联网端": 1, "供给": 1, "电视台": 1, "信号": 18, "；": 6, "卖点": 4, "紧贴": 1, "潮流": 4, "消费者": 17, "关注": 4, "尺寸": 4, "面板": 2, "笔墨": 1, "放": 3, "芯片": 19, "参数": 3, "量化": 1, "地方": 3, "销售": 7, "渠道": 3, "营销": 1, "手段": 2, "相近": 1, "行事": 1, "风格": 4, "浓厚": 1, "气息": 1, "创维": 2, "TCL": 2, "为首": 1, "好手": 1, "敏锐": 1, "商业": 2, "嗅觉": 1, "察觉": 1, "不得不": 2, "三星": 5, "索尼": 1, "接轨": 1, "偏向": 1, "线下": 2, "展示": 1, "素质": 3, "整体": 1, "设计": 14, "解码": 1, "提": 1, "依然": 4, "划归": 1, "范畴": 1, "凭着": 1, "资深": 1, "功底": 1, "研发": 7, "实力": 2, "品质": 3, "优势": 10, "瘦死": 1, "骆驼": 1, "马": 1, "中坚": 1, "力量": 1, "中国": 27, "普及率": 2, "46%": 1, "日本": 1, "美国": 2, "发达": 1, "国家": 1, "相比": 5, "差距": 2, "环顾": 1, "全球": 13, "只能": 1, "算是": 1, "中等": 1, "水准": 3, "消息": 4, "规模": 3, "几近": 1, "见顶": 1, "2018年": 4, "增长": 2, "幅度": 1, "8.9%": 1, "销量": 2, "4249万": 1, "台": 5, "后者": 2, "普及": 5, "也就是说": 2, "下滑": 1, "开发": 2, "主意": 1, "推出": 6, "去年": 6, "家居": 3, "无限": 1, "潜力": 1, "过渡": 2, "高端": 1, "高潮": 1, "尚未": 1, "代表": 3, "众": 1, "担当": 1, "鲶鱼": 2, "角色": 1, "发挥": 3, "效应": 1, "搅动": 1, "带来": 18, "活力": 1, "上文": 1, "原始": 1, "无非": 1, "拼面": 1, "板": 1, "谁家": 1, "画质": 3, "颜色": 2, "分辨率": 4, "青睐": 1, "转入": 1, "先进": 3, "找到": 3, "差异化": 1, "信息": 2, "软硬件": 2, "技术": 18, "理念": 4, "搭载": 21, "自研": 3, "显示": 7, "杀手锏": 1, "陆续": 3, "麒麟": 12, "鸿鹄": 1, "凌霄": 1, "Wi-Fi": 1, "别样": 1, "体验": 33, "提振": 1, "口碑": 1, "AI": 7, "提升": 14, "竞争力": 2, "可想而知": 1, "赋能": 3, "核心": 5, "层面": 2, "优化": 9, "拥有": 7, "输": 1, "竞品": 1, "表现": 10, "传感器": 2, "声控": 1, "操作": 3, "健身": 1, "指导": 1, "简单": 5, "聪明": 1, "隐藏": 1, "看点": 1, "系统": 8, "鸿蒙": 1, "全国": 2, "期待": 2, "证实": 2, "用于": 1, "IoT": 2, "硬件": 7, "一开始": 1, "定义": 3, "本职": 2, "播放": 2, "节目": 2, "份": 1, "工作": 3, "做好": 2, "中心": 8, "连接": 2, "AIoT": 4, "设备": 14, "枢纽": 1, "一再": 1, "HiLink": 2, "阵容": 1, "多么": 1, "强大": 6, "接入": 2, "5000万": 1, "用户": 28, "覆盖": 13, "900+": 1, "型号": 3, "100": 3, "+": 23, "品类": 3, "例子": 1, "这时候": 1, "门铃": 1, "响": 1, "理论": 3, "监控": 1, "相机": 3, "自动": 1, "来访者": 1, "图像": 1, "投影": 1, "通行": 1, "语音": 1, "命令": 1, "开锁": 1, "放人": 1, "这是": 4, "设想": 1, "场景": 15, "肯定": 2, "现阶段": 1, "积累": 1, "创新": 5, "护城河": 1, "未来": 12, "来自于": 1, "生态": 9, "吸引力": 1, "只不过": 2, "早期": 2, "都会": 3, "面临": 2, "短缺": 2, "例外": 1, "2013年": 1, "面世": 1, "一度": 1, "短板": 1, "腾讯": 1, "爱奇艺": 1, "三大": 3, "平台": 3, "合作": 10, "解决": 2, "好在": 1, "情况": 7, "起点": 2, "当初": 1, "内": 5, "App华": 1, "视频": 10, "早已": 2, "芒果TV": 1, "达成": 3, "本身": 1, "国内": 10, "号召力": 1, "太": 5, "难": 1, "针对": 5, "硝烟": 1, "乍": 1, "抢": 1, "家电": 3, "生意": 1, "事情": 2, "当下": 6, "发展": 12, "打造": 2, "粘性": 1, "一两": 1, "细分": 1, "得失": 1, "冲突": 1, "调性": 1, "交流": 1, "终点": 1, "预示": 1, "进军": 1, "号角": 1, "确立": 2, "1+8+N": 1, "大方向": 1, "仅次于": 1, "终端": 29, "理解": 1, "百度": 2, "阿里": 1, "音箱": 1, "入手": 2, "更为": 1, "妥当": 1, "再度": 1, "回顾": 1, "一番话": 1, "可谓": 1, "杀气凛冽": 1, "计划": 5, "第一": 12, "战胜": 1, "市面": 3, "地位": 1, "目的": 2, "建立": 2, "很": 5, "长": 3, "段": 3, "时间": 11, "智能化": 1, "浪潮": 1, "转向": 1, "生活": 6, "难以": 2, "窥见": 1, "秘密": 1, "家里": 1, "手里": 1, "最终": 2, "发布会": 7, "现场": 4, "总部": 3, "首款": 19, "款": 26, "机器": 3, "980": 3, "巴龙": 17, "5000": 19, "芯片组": 3, "支": 3, "7纳米": 3, "支持": 30, "NSA": 11, "独立": 12, "组网": 18, "SA": 12, "模式": 16, "定价": 2, "6199": 7, "元": 18, "配置": 5, "8G": 2, "256G": 2, "开启": 11, "预售": 4, "8月": 11, "16日": 8, "发售": 5, "进网": 6, "许可证": 6, "麒麟980": 7, "率先": 4, "商用": 25, "4G": 32, "卡": 4, "双待": 3, "X原本": 1, "机型": 6, "5G版": 17, "业务": 3, "总裁": 6, "何刚": 5, "接受": 4, "记者": 6, "采访": 2, "坦言": 1, "选择": 3, "机身": 12, "利于": 1, "天线": 3, "结构": 2, "性能": 16, "基带": 6, "容错率": 1, "散热": 4, "增加": 5, "很多": 2, "挑战": 2, "刚": 10, "称": 7, "毕竟": 3, "稳定": 2, "风险": 1, "价格": 5, "双模": 7, "保证": 1, "网络": 35, "售价": 8, "外界": 2, "预测": 1, "首批": 5, "万元": 1, "便宜": 1, "激进": 1, "希望": 2, "快": 6, "想": 4, "门槛": 1, "X手机": 1, "初期": 2, "盈利": 2, "联合": 2, "运营商": 19, "快速": 5, "成熟": 3, "上市": 13, "放号": 2, "大致": 1, "匹配": 1, "未": 3, "对外": 3, "公布": 4, "这次": 4, "提及": 1, "备受": 1, "折叠屏": 5, "会后": 1, "进一步": 3, "完善": 2, "采用": 14, "材料": 1, "预期": 1, "质量": 3, "停": 1, "2月份": 1, "首次": 2, "随后": 1, "敲定": 1, "日前": 1, "Galaxy": 1, "Fold": 1, "9月份": 1, "此前": 3, "系列": 11, "延后": 1, "跟随": 1, "节奏": 1, "满意": 1, "年轻人": 2, "消费": 2, "主力": 1, "这不": 2, "意味着": 3, "用机": 2, "需求": 6, "喜欢": 5, "颜值": 2, "拍照": 5, "观念": 1, "变化": 8, "倾向于": 1, "科技感": 1, "nova": 30, "5i": 21, "Pro": 34, "体现": 5, "「": 16, "」": 16, "跨越": 1, "后置": 7, "三": 9, "摄": 9, "进阶": 1, "四": 6, "升级": 10, "3200万": 2, "像素": 10, "810": 5, "处理器": 4, "看似": 1, "带给": 1, "久违": 1, "对称式": 2, "实在": 2, "眼": 2, "nova5i": 1, "样子": 1, "大吃一惊": 1, "nova5": 1, "相较于": 1, "正面": 2, "珍珠屏": 1, "背面": 4, "摄像头": 16, "摆放": 2, "左上": 1, "角": 1, "方案": 15, "造型": 1, "深刻": 3, "仿佛": 2, "nova4": 1, "mate20": 1, "结合体": 1, "一块": 1, "极点": 2, "矩阵": 1, "各种各样": 1, "形式": 2, "屏内": 2, "升降式": 2, "摄方案": 1, "常见": 1, "升降": 1, "机械": 1, "轻薄": 1, "前置": 5, "占用": 1, "屏幕": 11, "面积": 3, "屏占比": 1, "纵观": 1, "厚重": 1, "手上": 2, "压迫感": 1, "兼顾": 1, "屏占": 1, "折中": 1, "安放": 1, "左上方": 1, "占据": 1, "盲孔": 2, "打孔": 1, "穿透": 1, "液晶": 1, "显示层": 1, "开孔": 2, "效果": 9, "尽可能": 1, "减少": 2, "视觉": 1, "观感": 1, "影响": 4, "幻夜": 3, "黑": 3, "配色": 5, "官方": 4, "提供": 5, "较为": 3, "鲜艳": 1, "极光色": 1, "静美": 1, "翡": 5, "冷翠": 5, "相比之下": 1, "黑色": 1, "显得": 1, "沉稳": 1, "低调": 1, "审美": 1, "方式": 6, "多种": 3, "尊重": 1, "翻到": 1, "背部": 4, "玻璃": 1, "材质": 1, "3D": 1, "弧度": 1, "程度": 1, "增强": 1, "握感": 1, "上方": 1, "颗": 2, "排列": 1, "见到": 1, "Mate20": 3, "经典": 2, "再次": 2, "呈现": 1, "不容小觑": 1, "影像": 2, "值得": 2, "版本": 3, "指纹": 2, "背后": 1, "色差": 1, "隐藏式": 1, "元素": 1, "居中": 2, "2019年": 6, "多见": 1, "基因": 1, "P20": 1, "掀起": 1, "国产": 1, "旗舰": 2, "大幅": 2, "股": 1, "来到": 1, "中端": 2, "千篇一律": 1, "4800万": 3, "低": 4, "价位": 2, "享受": 2, "优秀": 3, "拍摄": 7, "光线": 1, "充足": 2, "白天": 1, "拍": 1, "好看": 1, "夜晚": 1, "昏暗": 2, "夜景": 7, "首创": 1, "手持": 1, "超级": 6, "引入": 1, "痛点": 1, "四合一": 1, "融合": 1, "等效": 1, "1.6": 1, "μm": 1, "超大像素": 1, "帧": 2, "合成": 1, "算法": 1, "补光": 1, "键": 1, "生成": 2, "照片": 2, "▲": 5, "样张": 1, "亮度": 1, "室内": 2, "环境": 5, "模组": 4, "不容忽视": 1, "常规": 1, "素主": 1, "配备": 3, "800万": 4, "超广角": 3, "200万": 2, "微距": 1, "镜头": 6, "景深": 1, "：": 16, "总体": 1, "成像": 2, "中规": 1, "中举": 1, "惊讶": 1, "超": 4, "广角": 4, "接近": 3, "主摄": 1, "逆光": 1, "暗部": 1, "细节": 2, "过曝": 1, "天空": 1, "难得": 1, "配合": 1, "CMOS": 1, "1/2": 1, "英寸": 7, "超大": 2, "高光": 1, "压制": 1, "能力": 16, "宽": 1, "容度": 1, "才能": 2, "硬核": 2, "专业": 2, "第二": 1, "7nm": 6, "工艺": 2, "710": 2, "AI性": 1, "Da": 1, "Vinci": 1, "架构": 1, "NPU": 1, "30%": 1, "麒麟810": 3, "功能": 9, "不仅仅": 2, "局限于": 1, "识别": 3, "图库": 1, "剪辑": 1, "件": 1, "完整": 1, "vLog": 1, "亲朋好友": 1, "分享": 1, "印象": 2, "GPU": 3, "号称": 1, "高达": 2, "162%": 1, "数字": 2, "游戏": 6, "质": 1, "体会": 1, "记录": 1, "Pro玩": 1, "王者": 2, "荣耀": 2, "和平": 2, "精英": 2, "帧率": 1, "级别": 1, "特效": 1, "全开": 1, "过程": 3, "60": 1, "55帧": 1, "无疑": 1, "当头一棒": 1, "加持": 2, "EMUI": 4, "9.1": 3, "方舟": 1, "编译器": 1, "EFOFS": 1, "文件": 1, "就算": 2, "运行": 1, "差": 1, "APP": 1, "游刃有余": 1, "流畅": 1, "安卓": 1, "UI": 1, "为过": 1, "充电": 4, "&": 1, "续航": 9, "给力": 1, "快充": 8, "必不可少": 1, "习惯": 1, "高功率": 1, "回": 1, "2016年": 1, "旗下": 1, "领域": 8, "一席之地": 1, "奇怪": 1, "标配": 1, "充电头": 1, "大为": 1, "W功率": 1, "速度": 20, "测试": 20, "充满": 1, "74": 1, "分钟": 3, "半": 1, "小时": 5, "充入": 1, "55%": 1, "电量": 4, "91%": 1, "22.5W": 1, "区别": 2, "作出": 1, "4000": 3, "mAh": 6, "五": 1, "不错": 1, "成绩": 4, "剩余": 2, "48%": 1, "重度": 1, "全能": 1, "标杆": 2, "继华": 1, "5": 3, "版": 6, "措手不及": 1, "外观": 3, "告诉": 1, "别人": 1, "新机": 2, "均衡": 1, "名": 2, "超越": 2, "越来越": 2, "壮大": 1, "文化": 1, "包容性": 1, "预想": 2, "感谢": 1, "阅读": 1, "有人": 2, "市值": 5, "万亿": 1, "美元": 8, "放在": 1, "股市": 1, "美股": 1, "估计": 1, "很快": 2, "撕成": 1, "碎片": 1, "期盼": 1, "支配": 1, "资金": 2, "等于": 1, "双手": 1, "戴": 1, "镣铐": 1, "随时": 1, "抓": 1, "12月": 2, "23日": 5, "第二十": 1, "届": 1, "北大": 1, "光华": 1, "新年": 1, "论坛": 2, "倪光南": 1, "截至": 3, "22日": 2, "联想": 1, "81亿": 1, "估值": 2, "价值": 1, "4000亿": 1, "二者": 1, "50": 1, "倍": 6, "财报": 1, "收入": 3, "7212亿": 1, "折合": 1, "1048.7741万": 1, "世界": 6, "500": 5, "排名": 3, "第72": 1, "市盈率": 1, "确实": 1, "营业": 2, "五百": 2, "72": 1, "笔": 1, "账": 1, "数据": 6, "1090.304亿": 1, "净利润": 1, "89.639亿": 1, "换成": 1, "人民币": 3, "616.5819亿": 1, "市盈": 1, "利率": 1, "计算": 1, "12320亿": 1, "声望": 1, "20000亿": 1, "可能性": 1, "苹果": 2, "9525亿": 1, "合计": 1, "6.5万亿": 1, "距离": 3, "每篇": 1, "文章": 1, "笔者": 1, "原创": 1, "转载": 1, "授权": 2, "文内": 1, "错别字": 1, "请": 4, "见谅": 1, "图片": 2, "来源于": 1, "侵权": 1, "删除": 1, "(": 44, ")": 44, "同步": 1, "预约": 5, "首销": 1, "开售": 8, "标志": 2, "走进": 1, "公众": 2, "以此": 1, "契机": 1, "探索": 2, "开放": 1, "携手": 1, "伙伴": 2, "构筑": 1, "改变": 3, "社会": 4, "通信": 16, "制式": 2, "划时代": 1, "革新": 2, "展开": 2, "新一代": 2, "时延": 3, "可靠性": 1, "人类": 2, "降低": 1, "成本": 2, "效率": 1, "缩小": 1, "鸿沟": 1, "催生": 1, "万物": 2, "互联": 3, "可期": 1, "6月": 7, "25日": 2, "电信": 12, "大幕": 1, "打开": 1, "切身": 1, "大门": 2, "下旬": 1, "举办": 2, "2019MWC": 1, "上海": 2, "分展": 1, "大放异彩": 1, "央视": 1, "新闻": 2, "CGTN": 1, "媒体": 4, "直播": 1, "开创": 1, "实际场": 1, "景化": 1, "先河": 1, "仅仅": 2, "感受": 3, "双卡双待": 2, "掉线": 1, "元年": 1, "无论是": 1, "建设": 4, "处在": 3, "演化": 2, "标准": 6, "分为": 1, "基于": 3, "现有": 1, "有利于": 1, "铺设": 3, "演进": 3, "SA组网": 1, "基础": 2, "养分": 1, "形态": 1, "进程": 1, "复杂性": 1, "频繁": 1, "项": 2, "卓越": 4, "SA/NSA": 4, "模": 1, "身处": 3, "阶段": 4, "频段": 11, "无缝": 1, "平滑": 1, "无需": 1, "换机": 1, "始终": 1, "上行": 2, "峰值": 6, "速率": 8, "240": 1, "Mbps": 10, "联接": 1, "兼容": 3, "3G": 4, "2G": 3, "双卡": 4, "切实": 1, "不必": 1, "携带": 1, "机": 1, "走": 1, "天下": 1, "领跑": 1, "领先": 5, "权威": 2, "机构": 3, "认可": 1, "27日": 2, "报告": 2, "兼容性": 2, "发射": 3, "功率": 2, "吞吐量": 2, "出色": 3, "颁发": 2, "奖": 2, "与会": 2, "研究院": 1, "泰尔": 2, "实验室": 4, "副": 1, "主任": 1, "马鑫": 1, "下行": 6, "实测": 3, "1.85": 1, "Gbps": 1, "报道": 4, "条件": 1, "射频": 1, "指标": 1, "严苛": 1, "限值": 1, "具备": 4, "LTE": 3, "伪基站": 1, "防护": 1, "优越": 1, "评价": 1, "五星": 3, "认证": 7, "组织": 2, "GCF": 7, "证书": 4, "参加": 1, "包括": 3, "用例": 1, "主流": 3, "制造商": 1, "供应商": 1, "权威性": 1, "国际性": 1, "此次": 2, "授予": 1, "符合": 2, "成员": 1, "一致性": 1, "规范": 1, "7.2": 6, "显示屏": 2, "2244": 3, "×": 2, "1080": 3, "8GB": 5, "内存": 2, "256GB": 4, "存储": 3, "4000万": 4, "2000万": 2, "端": 3, "芯": 3, "协同": 5, "各国": 1, "构建": 1, "团队": 1, "长期": 1, "机制": 1, "深度": 1, "引领": 1, "趋势": 1, "适配": 1, "2009年": 1, "启动": 1, "研究": 3, "持续": 2, "投入": 2, "3月底": 1, "专家": 4, "工程师": 1, "2000多": 1, "十余": 1, "6月底": 2, "欧洲": 1, "标准化": 1, "协会": 1, "ETSI": 1, "声明": 1, "专利": 2, "占": 1, "20%": 2, "居": 1, "集华": 1, "众多": 1, "一身": 1, "畅快": 1, "走入": 1, "16时": 1, "08分": 2, "10时": 1, "商城": 3, "天猫": 1, "旗舰店": 3, "京东自营": 1, "苏宁": 8, "自营": 1, "电商": 2, "生活馆": 1, "体验店": 2, "零售商": 1, "战略": 4, "惊喜": 1, "同日": 2, "无线": 3, "路": 2, "CPE": 2, "插卡": 1, "即用": 1, "移动路": 1, "宽带": 2, "无线化": 1, "抢鲜": 1, "疾速": 1, "快感": 1, "2499": 2, "超值": 1, "欣喜不已": 1, "29日": 1, "入口": 1, "部署": 2, "智慧化": 3, "支撑": 1, "CEO": 1, "变革": 1, "新时代": 1, "伴随": 2, "交互": 2, "多屏": 1, "管控": 1, "音画": 1, "跨屏": 1, "控制": 1, "影音": 1, "娱乐": 1, "物种": 1, "变大": 2, "产业": 4, "共赢": 1, "据悉": 1, "亮相": 4, "届时": 1, "一同": 2, "传奇": 1, "幕": 1, "业界": 3, "制程": 1, "AI算力": 1, "能效": 1, "端侧": 1, "该机": 8, "延续": 2, "全面屏": 1, "光色": 1, "新潮": 1, "加上": 1, "mAh长": 1, "Turbo": 2, "9.1.1": 1, "人性化": 1, "6GB": 1, "128GB": 2, "2199": 1, "2799": 1, "16:08": 1, "2日": 1, "10:08": 1, "附录": 1, "领先点": 1, ";": 4, "泰尔5G": 1, "大事记": 1, "11日": 1, "CCC": 1, "21日": 1, "无线电": 1, "核准证": 1, "19日": 1, "电话机": 1, "测评": 2, "含": 1, "4G/5G": 1, "评为": 1, "浙江": 1, "24": 1, "——": 2, "钱江": 1, "晚报": 1, "云山": 1, "周期": 1, "10年": 1, "提案": 1, "超过": 6, "1.8万": 1, "业内": 2, "基站": 8, "发货": 1, "15万": 1, "到来": 1, "下载": 14, "Sub-6GHz": 1, "低频": 1, "主用": 1, "4.6Gbps": 1, "毫米": 1, "波": 1, "高频": 1, "扩展": 1, "6.5Gbps": 1, "10": 7, "N41": 1, "N79": 1, "联通": 6, "N78": 2, "表态": 1, "2020年": 2, "在于": 1, "切换": 1, "规格": 1, "全景": 1, "巨幕屏": 1, "徕卡": 2, "40W": 1, "30": 1, "70%": 2, "石": 1, "墨烯": 1, "VC": 1, "液冷": 1, "对准": 1, "中兴": 4, "天机": 2, "Axon": 2, "预订": 3, "4999": 1, "OPPO": 1, "vivo": 2, "高通5G": 1, "热情": 1, "高涨": 1, "赛迪": 1, "顾问": 1, "预计": 3, "渗透率": 1, "2%": 1, "等待": 3, "本来": 1, "2点30分": 1, "沟通": 1, "大会": 1, "展现": 1, "成果": 1, "图标": 1, "OLED": 1, "980+": 1, "电池": 7, "容量": 7, "4200": 3, "40W快充": 1, "26": 1, "外媒": 1, "巨擘": 1, "加拿大": 4, "北部": 1, "偏远": 2, "地区": 9, "服务": 2, "数十": 1, "社区": 4, "布建": 3, "高速": 2, "网际": 1, "法新社": 1, "第四": 2, "超快": 1, "Ice": 2, "Wireless": 2, "Iristel": 1, "2025": 1, "年前": 2, "北极": 1, "魁北克": 1, "东北部": 1, "纽芬兰": 1, "拉布拉多": 1, "半岛": 1, "农村": 1, "位于": 3, "努纳武特": 1, "纽特人": 1, "25": 1, "受益": 1, "李红波": 1, "深信": 1, "所有人": 1, "连结": 1, "通讯": 3, "住": 1, "经济效益": 1, "指出": 1, "地球": 1, "寒冷": 1, "网路": 1, "上网": 1, "高度": 1, "可靠": 1, "世界级": 1, "尽量": 1, "物理": 1, "干预": 1, "断电": 1, "与世隔绝": 1, "原因": 1, "副总裁": 1, "弗朗索瓦·迪穆兰": 1, "说道": 1, "来源": 2, "参考": 1, "责任": 1, "编辑": 3, "饶春雨": 1, "点赞": 1, "评论": 1, "↓↓↓": 1, "牌照": 2, "发放": 1, "纷纷": 2, "方法": 1, "首发": 1, "网上": 1, "广告": 1, "PPT": 1, "楼下": 1, "店": 1, "横幅": 1, "……": 3, "广而告之": 1, "宣传": 3, "不禁": 1, "明天": 1, "就要": 1, "实际上": 1, "万全": 1, "最前端": 1, "跨步": 1, "迈入": 1, "8": 2, "即将": 1, "到来之际": 1, "接触": 2, "亮点": 1, "发热": 3, "藉此": 1, "机会": 1, "带": 1, "谜题": 1, "解读": 1, "评测": 2, "首秀": 1, "瞩目": 1, "初次": 1, "上手": 1, "立马": 2, "似曾相识": 1, "感觉": 4, "伦敦": 1, "体积": 6, "相遇": 1, "阔别": 1, "半年": 1, "朋友": 1, "电脑": 1, "平板": 1, "十足": 1, "大块头": 1, "占比": 1, "放进": 1, "宽松": 1, "裤兜": 1, "电容": 1, "标志性": 1, "模块": 4, "重量": 2, "账面": 1, "233": 1, "克": 1, "庞大": 1, "可圈可点": 1, "认出": 1, "或者说": 1, "Logo": 1, "显眼": 1, "纹理": 1, "质感": 1, "想起": 1, "Jaguar": 1, "英伦": 1, "绿": 1, "大幅度": 1, "SoC": 1, "空间": 6, "配搭": 2, "NM": 1, "卡给": 1, "扩容": 1, ".": 1, "日经": 1, "新闻网": 1, "SuperCharge": 1, "40": 1, "W": 1, "削减": 2, "仓": 1, "位置": 1, "800mAh": 1, "万像素": 3, "2000": 1, "800": 1, "长焦": 1, "3.0": 1, "城市": 7, "覆盖率": 1, "超出": 1, "意料注": 1, "本次": 1, "一家": 2, "问世": 1, "4": 2, "内在": 1, "7": 3, "连续": 2, "33": 2, "热点": 2, "区域": 6, "N": 1, "定制": 1, "网中": 1, "专网": 1, "北京": 8, "广州": 9, "南京": 1, "杭州": 1, "雄安": 1, "2020": 2, "当中": 1, "市中心": 1, "微信": 2, "园区": 2, "广州塔": 1, "珠江": 4, "新城": 3, "城西": 1, "住所": 1, "满格": 3, "在家": 1, "写稿": 1, "大声": 1, "没关系": 1, "青轴": 1, "键盘": 1, "诸如": 1, "地铁": 1, "场所": 1, "时刻": 1, "商场": 2, "回到": 1, "前脚": 1, "迈出": 1, "恢复": 1, "幸运": 1, "途中": 1, "星巴克": 1, "买": 3, "杯": 2, "咖啡": 2, "6": 2, "倍感": 1, "震惊": 1, "刷新": 1, "SpeedTest": 1, "随机": 1, "网速": 6, "最佳": 1, "塔下": 1, "666": 3, "71.7": 1, "节点": 1, "Ping": 1, "值": 1, "14": 1, "毫秒": 1, "换算": 1, "有线": 1, "相当于": 2, "～": 1, "600M": 1, "高出": 1, "出发路": 1, "测前": 1, "同事": 1, "对赌": 1, "奶茶": 1, "写完": 1, "篇": 1, "下午": 2, "茶": 1, "着落": 1, "河北": 1, "未来社": 1, "试点": 1, "1Gbps": 2, "路测": 1, "1110": 1, "惊人": 1, "之间": 4, "客村": 1, "TIT": 1, "创意园": 1, "沿岸": 1, "跨上": 1, "琶洲": 1, "大桥": 1, "下降": 3, "1": 2, "下桥": 1, "到达": 1, "推断": 1, "盲区": 1, "间隔": 1, "Eminem": 1, "专辑": 1, "4M/s~6M/s": 1, "20MB": 1, "音乐": 1, "秒多": 1, "一点": 2, "环节": 1, "软件": 4, "各家": 1, "可观": 1, "秒": 5, "50MB": 1, "程序": 2, "批量": 1, "App": 1, "拿到": 1, "90": 1, "跃升": 1, "150": 1, "满分": 1, "眼前": 1, "画面": 1, "70MB/s": 1, "吓到": 1, "100MB": 1, "来得及": 1, "暂停": 1, "安装": 1, "面对": 1, "网站": 1, "1080P": 1, "忽略": 1, "滑动": 1, "滑块": 1, "本地": 2, "关心": 1, "功耗": 5, "发烫": 1, "变差": 1, "前景": 1, "担忧": 1, "否认": 1, "画上": 1, "等号": 1, "庆幸": 1, "900MB": 1, "更新": 2, "包": 4, "温度": 1, "27": 1, "℃": 2, "升到": 1, "35.5": 1, "下部": 1, "变暖": 1, "烫手": 1, "理想": 1, "上午": 1, "分开始": 1, "100%": 1, "全程": 1, "WiFi": 1, "状态": 1, "测速": 1, "晚上": 1, "42": 1, "至此": 1, "9": 1, "同等": 2, "差不多": 1, "超高速": 1, "确认": 1, "MWC2019": 1, "折叠": 1, "屏机型": 1, "共通点": 1, "坐拥": 1, "谈": 1, "普通版": 1, "在内": 1, "新增": 1, "最为": 1, "合适": 1, "缩减": 1, "降至": 1, "依旧": 1, "前文": 1, "天一": 1, "水平": 1, "/": 1, "工信部": 3, "发言人": 2, "入网": 3, "明年": 2, "全力": 1, "角度": 1, "毛病": 1, "下发": 1, "成功": 1, "显现": 1, "姿态": 1, "身边": 1, "困难": 1, "一代": 1, "之初": 1, "明朗": 1, "支付": 1, "网游": 1, "短": 1, "断言": 1, "究竟": 3, "至少": 2, "高速率": 1, "能干": 1, "跑": 1, "盛夏": 1, "时节": 1, "终于": 1, "怒放": 1, "落后": 1, "机潮": 1, "降临": 1, "16点08": 1, "10点08分": 1, "京东": 3, "7纳米5G": 1, "模全": 1, "网通": 1, "NSA/SA": 1, "手机卡": 2, "发现": 1, "1.7G": 1, "83": 1, "M": 1, "担心": 1, "碰到": 1, "夜": 1, "用掉": 1, "套": 1, "房": 1, "糟心": 1, "对此": 1, "项立": 2, "现行": 3, "套餐": 12, "封顶": 1, "达量": 1, "降速": 1, "提醒": 1, "设置": 1, "流量": 6, "不经意间": 1, "无限制": 1, "暴涨": 1, "专属": 1, "选包": 1, "资费": 2, "单价": 1, "在售": 1, "优惠": 1, "提速": 2, "降费": 1, "推进": 1, "付亮": 2, "分析": 1, "号": 1, "上5G": 1, "适用于": 1, "为此": 1, "建议": 1, "差异": 1, "总流量": 1, "300": 1, "花": 1, "钱": 1, "节约": 1, "单一": 1, "计费": 2, "连接数": 1, "短期": 1, "供": 1, "开通": 1, "20G": 1, "加量": 1, "有望": 1, "50G80": 1, "G120": 1, "G150": 1, "扎堆": 1, "盯上": 1, "这块": 1, "蛋糕": 1, "AXON": 1, "线上": 2, "5日": 1, "Note": 1, "iQOO": 1, "晚些时候": 1, "易购": 2, "侯恩龙": 1, "登陆": 1, "双渠道": 1, "购机": 1, "旧": 1, "额外": 1, "补贴": 1, "马上": 1, "好不": 1, "北京市": 1, "管理局": 1, "披露": 2, "铁塔": 1, "交付": 1, "7292": 1, "核心区": 1, "冬奥会": 1, "相关": 1, "世园会": 1, "大兴": 1, "国际": 1, "机场": 1, "京": 1, "3000多": 1, "今年底": 2, "其5": 1, "G基站": 1, "8000": 1, "东": 1, "西": 1, "北五环": 1, "南四环": 1, "郊区": 1, "县城": 1, "五环": 2, "室外": 1, "加快": 1, "闻库": 1, "我国": 1, "产业链": 1, "步入": 1, "日报": 1, "客户端": 1, "作者": 1, "赵鹏": 3, "摄影": 1, "监制": 1, "涂": 1, "露芳": 1, "流程": 1, "王宏伟": 1}