{"华为": 188, "公司": 27, "上市": 18, "估值": 27, "好奇": 1, "有人": 7, "1.3万亿": 7, "人民币": 5, "1万亿": 3, "美元": 28, "现有": 1, "情况": 7, "营收额": 1, "苹果": 12, "50%": 3, "净利润": 2, "16%": 1, "很多": 6, "都": 35, "才": 4, "近日": 1, "一个": 21, "专业": 2, "金额": 1, "高达": 6, "世界": 11, "第一": 11, "10月": 4, "26日": 2, "中国": 12, "企业": 16, "质量": 3, "发展": 4, "论坛": 2, "工程院": 2, "院士": 4, "倪光南": 7, "发表": 1, "场": 5, "主题": 1, "演讲": 2, "报告": 1, "介绍": 3, "全球": 15, "信息": 3, "通讯": 3, "市值": 15, "排名": 3, "：": 17, "前十": 1, "美国": 6, "占": 3, "6": 4, "3": 23, "阿里": 4, "、": 90, "腾讯": 3, "一家": 4, "韩国": 1, "三星": 2, "集团": 1, "提到": 2, "市场": 13, "13000亿": 9, "9.2万亿": 1, "众所周知": 2, "肯定": 2, "大于": 1, "未": 2, "也就是说": 4, "突破": 2, "2万亿": 1, "内": 5, "亚马逊": 1, "微软": 2, "还要": 3, "低": 7, "30%": 2, "参照": 1, "太": 10, "真的": 2, "性质": 1, "全员": 2, "持股": 2, "创始人": 1, "任正非": 5, "持有": 2, "1.4%": 1, "股权": 2, "结构": 2, "适合": 2, "基本上": 2, "件": 3, "事情": 2, "本身": 2, "意义": 4, "假设": 1, "退": 1, "一万": 1, "来讲": 1, "就算": 3, "急速": 1, "衰败": 1, "员工": 27, "工作": 11, "积极性": 2, "毕竟": 8, "挣钱": 1, "分到": 1, "钱": 4, "相当于": 2, "打工": 1, "丧失殆尽": 1, "原因": 5, "很": 15, "简单": 3, "选择": 2, "套现": 1, "几千万": 1, "享受": 1, "生活": 7, "997": 1, "模式": 5, "年营": 1, "收额": 1, "7000亿": 1, "元": 10, "缺": 2, "反而": 1, "外来": 1, "资本": 3, "影响": 2, "高管": 2, "决策权": 1, "不利于": 1, "技术": 9, "研发": 9, "参考": 3, "妨碍": 1, "唯一": 1, "科技": 9, "制造": 1, "互联网": 1, "一体": 1, "5": 2, "—": 1, "10年": 1, "取代": 1, "IT之家": 3, "11月": 6, "1日": 4, "消息": 2, "Mate": 1, "30": 1, "系列": 13, "国行": 1, "发布会": 1, "公布": 2, "FreeBuds": 17, "无线": 13, "蓝牙": 15, "耳机": 26, "售价": 3, "款": 12, "国内": 3, "1199": 2, "开启": 1, "预售": 1, "11日": 1, "正式": 7, "开售": 6, "搭载": 9, "麒麟A": 6, "1": 9, "芯片": 20, "支持": 13, "骨声纹": 1, "通话": 1, "降噪": 7, "5.1": 1, "性能": 1, "指标": 2, "AirPods": 5, "功耗": 3, "降低": 2, "封装": 2, "尺寸": 4, "H1": 1, "95%": 1, "A1": 1, "带来": 10, "协议": 1, "BT-UHD": 1, "运行": 3, "EMUI": 3, "10.0": 1, "版本": 3, "新华": 1, "手机": 19, "设备": 4, "标准": 2, "连接": 15, "拥有": 9, "2.3": 1, "Mbps": 1, "数据": 3, "传输": 2, "速率": 1, "LDAC": 1, "编解": 1, "码器": 1, "提供": 9, "990kbps": 1, "值华": 1, "首款": 2, "采用": 9, "开放式": 4, "设计": 10, "主动": 5, "消除": 2, "环境": 2, "噪声": 1, "半": 4, "开放": 1, "海豚": 2, "仿生": 1, "舒适": 4, "稳固": 1, "佩戴": 9, "Freebuds": 1, "功能": 11, "包括": 7, "改进": 1, "190": 1, "延迟": 3, "Qi": 1, "充电": 20, "有线": 2, "快": 7, "100%": 1, "中都": 1, "30mAh": 1, "电池": 3, "4": 26, "小时": 9, "播放": 2, "充电盒": 1, "时间": 11, "据说": 1, "外壳": 1, "炭黑": 1, "陶瓷": 2, "白": 3, "颜色": 1, "京东": 2, "FreeBuds3": 1, "直达": 1, "链接": 1, "昨晚": 1, "五千": 1, "字": 2, "实名": 2, "控诉": 1, "举报": 1, "领导": 2, "剑指": 1, "HR": 13, "政策": 1, "导向": 1, "文化": 3, "引来": 1, "80万": 1, "围观": 1, "……": 1, "财女": 5, "课代表": 1, "2012": 7, "实验": 1, "室员": 1, "负责": 2, "关系": 3, "diss": 1, "上级": 2, "平级": 2, "实验室": 5, "体系": 2, "月均": 1, "加班": 8, "57": 1, "月加班": 1, "160": 3, "hr们": 1, "关心": 2, "招人": 1, "清退": 2, "兄弟": 3, "死活": 2, "反馈": 3, "班车": 2, "食堂": 2, "想": 4, "胡玲": 7, "其他人": 1, "解决": 4, "提出": 2, "切实": 1, "真实": 1, "下场": 1, "气愤": 1, "！": 23, "乱": 1, "帖文": 1, "人物": 1, "举报者": 1, "活力": 1, "体验": 14, "官": 1, "2.5万+": 1, "；": 10, "举报人": 1, "杨瑞锋": 2, "胡": 4, "导师": 1, "leader": 1, "高雁": 2, "中途": 1, "帮胡": 1, "女": 1, "同事": 1, "封": 1, "长": 4, "帖": 1, "瓜": 1, "奉上": 1, "脱水版": 1, "派": 1, "协助": 1, "颐指气使": 1, "雁": 2, "三": 9, "产出": 1, "三年": 1, "绩效": 1, "B": 1, "劝退": 2, "人员": 1, "B+": 1, "杨": 2, "瑞锋": 2, "造假": 1, "健身房": 1, "划水": 2, "批判": 1, "明明": 1, "汇报": 1, "现象": 3, "减少": 1, "生命": 3, "炫耀": 1, "苏州": 1, "研究所": 2, "吃": 1, "块": 1, "公": 1, "母": 1, "大闸蟹": 1, "5.": 1, "交出": 1, "访谈": 1, "记录": 2, "名单": 2, "涉及": 2, "敏感": 1, "出于": 1, "保护": 1, "担心": 2, "穿小鞋": 1, "誓死": 1, "交": 1, "逼": 1, "楼道": 1, "哭": 1, "奉劝": 1, "诚信": 1, "人力": 2, "资源部": 2, "出面": 2, "评论": 1, "称": 1, "收到": 1, "投诉": 1, "昨天": 1, "下午": 2, "提前": 2, "监督": 2, "独立": 4, "调查": 2, "工作组": 1, "成立": 1, "展开": 1, "请": 1, "帖子": 2, "内部": 3, "爆": 2, "内网": 1, "历史": 1, "点击率": 1, "130万": 1, "点击": 3, "总共": 1, "19w人": 1, "外籍": 1, "至少": 1, "7": 1, "事件": 1, "引发": 6, "激烈": 3, "讨论": 2, "大部分": 3, "网友": 2, "看完": 1, "义愤填膺": 1, "累坏": 1, "打在": 1, "地上": 2, "踩": 1, "套": 1, "别墅": 1, "餐": 1, "饭": 1, "公蟹": 1, "母蟹": 1, "胡某": 1, "懂": 3, "办公室": 1, "运作": 1, "对此": 1, "第一时间": 1, "联络": 1, "朋友": 2, "聊": 1, "感想": 1, "管理": 7, "角度": 2, "80年": 1, "40年": 1, "40后": 1, "老人": 1, "最高层": 1, "一批": 1, "60后": 2, "一部分": 1, "年轻": 5, "70后": 2, "75": 1, "45": 1, "岁": 1, "新进": 1, "张力": 1, "干脆": 1, "90后": 3, "60后来": 1, "相差": 1, "本来": 1, "理解": 4, "传统": 3, "高科技": 2, "管理层": 2, "年龄": 1, "偏": 1, "思想": 1, "自我": 3, "进化": 1, "老": 5, "牺牲": 5, "无怨无悔": 1, "既得利益": 1, "早": 2, "分红": 1, "股票": 1, "18": 2, "100万": 1, "拿到": 3, "300W": 1, "收入": 1, "张扬": 1, "敢于": 1, "表达": 1, "追求": 1, "不仅仅": 1, "金钱": 1, "价值": 6, "一代": 3, "观念": 1, "15": 1, "告诉": 1, "舍得": 1, "砸": 1, "买": 2, "干": 1, "四": 3, "活": 2, "这几年": 1, "氛围": 1, "Huawei": 1, "奋斗者": 1, "成功": 2, "关键": 3, "艰苦奋斗": 1, "执行": 1, "伪命题": 1, "美好": 3, "奋斗": 5, "手段": 1, "目的": 2, "绝不": 1, "健康": 17, "家庭": 1, "孩子": 1, "陪伴": 1, "成长": 1, "基层": 1, "过分": 1, "996": 1, "上班": 1, "制度": 1, "赞成": 1, "职场": 1, "规则": 1, "主管": 1, "机关": 1, "单位": 1, "唯上": 1, "中心": 1, "圆滑": 2, "老道": 1, "待见": 1, "原罪": 1, "矛盾": 1, "一开始": 1, "调和": 1, "文": 1, "每月": 1, "休": 1, "计算": 2, "日均": 1, "11": 1, "惯性": 1, "思维": 2, "怀疑": 1, "闹事": 1, "搞定": 1, "办事": 1, "逻辑": 1, "本质": 1, "也许": 1, "自上而下": 1, "歪": 2, "自然": 1, "处于": 5, "美的": 1, "漩涡": 1, "流量": 1, "代表": 1, "民族": 1, "频频": 1, "发声": 1, "体现": 1, "格局": 2, "视野": 1, "力挺": 1, "这位": 1, "思考": 1, "普通人": 1, "身边": 1, "附上": 1, "全文": 1, "此次": 5, "爆料": 1, "留言区": 1, "说出": 1, "看法": 1, "重磅": 1, "震撼": 3, "通信": 1, "领域": 7, "前10": 1, "家中": 1, "评估": 3, "估计": 3, "备受": 2, "争议": 3, "瞠目结舌": 1, "破": 2, "万亿": 3, "概念": 1, "到底": 2, "意味着": 3, "一点": 6, "指出": 1, "9月份": 1, "新品": 1, "回到": 1, "地位": 3, "1.1万亿": 1, "1.3万余": 1, "高峰": 1, "2000亿": 1, "难": 1, "匹敌": 3, "仅仅": 1, "8500亿": 2, "远远": 2, "超过": 2, "单独": 1, "PK": 1, "简直": 1, "可怕": 1, "质疑": 1, "数字": 2, "预期": 2, "足以": 2, "冲击": 2, "内心": 1, "只能": 1, "永远": 1, "验证": 1, "读": 1, "这次": 2, "背后": 1, "观点": 2, "态度": 1, "——": 6, "营收": 7, "利润": 5, "挂钩": 1, "2019年": 2, "三季度": 1, "6108亿": 1, "全年": 2, "预计": 1, "1200亿": 1, "投入": 2, "导致": 1, "净": 1, "利润率": 1, "8.7%": 1, "740亿": 1, "105亿": 1, "对比": 1, "2018年": 1, "2655.95亿": 1, "595.31亿": 1, "显而易见": 1, "差距": 1, "配": 1, "超越": 1, "含量": 1, "未来": 4, "盈利": 1, "这是": 4, "所在": 1, "有利于": 1, "清晰": 2, "运营商": 3, "业务": 13, "消费者": 3, "三大": 3, "模块": 1, "板块": 1, "增速": 1, "基础": 1, "2011-2018年": 1, "复合": 3, "增长率": 3, "9%": 1, "体量": 1, "35%": 1, "增长": 2, "37%": 1, "值得一提的是": 2, "占据": 1, "占有率": 1, "更为": 4, "竞争": 3, "加持": 4, "先进": 2, "5G": 20, "一块": 3, "过少": 1, "智能": 23, "终端": 1, "份额": 2, "高端": 2, "速度": 4, "很快": 1, "领先": 1, "博通": 2, "高通": 2, "不相上下": 1, "千亿": 1, "分析": 2, "细": 2, "发现": 4, "强大": 6, "脱离": 1, "大肆": 1, "断供": 2, "特朗普": 1, "切身": 1, "体会": 1, "无价": 2, "资产": 1, "独一无二": 1, "单单": 1, "具备": 7, "东西": 2, "算是": 1, "人民": 1, "认同": 1, "最为": 1, "艰难": 1, "封杀": 1, "一大": 3, "中国人": 1, "产品": 7, "不单单": 1, "精神": 1, "层面": 1, "非凡": 1, "战略": 2, "围堵": 1, "坚挺": 2, "国家": 1, "强硬": 1, "底气": 1, "诸如": 1, "为过": 1, "天下": 2, "英才": 1, "胸襟": 1, "魄力": 1, "不少": 2, "外国": 1, "总裁": 1, "汇聚": 1, "智": 1, "为我所用": 1, "生产力": 1, "智慧": 2, "搞": 1, "全体": 1, "骄傲": 1, "点赞": 2, "受制于人": 2, "搞出": 1, "麒麟": 4, "操作": 2, "系统": 3, "拿出": 1, "鸿蒙": 1, "加上": 1, "优势": 1, "如今": 2, "终于": 1, "扬眉吐气": 1, "别人": 2, "未必": 1, "25日": 1, "陈向宏": 1, "黄磊": 1, "赖声川": 1, "孟": 1, "京辉": 1, "发起人": 1, "带领": 1, "之下": 1, "第七": 1, "届": 1, "乌镇": 8, "戏剧节": 7, "声": 1, "沉稳": 1, "浑厚": 1, "锣声": 1, "开幕": 1, "为期": 1, "10": 2, "本届": 5, "接近": 1, "尾声": 1, "青年": 3, "竞演": 4, "角逐": 1, "来到": 2, "决赛": 6, "阶段": 1, "凌晨": 1, "官方": 3, "入围": 2, "节目": 3, "鸡兔": 1, "同笼": 1, "黎曼": 1, "宇宙": 1, "三打普拉斯": 1, "剧院": 1, "故事": 1, "七": 1, "痒": 1, "不咸山": 1, "六": 1, "精彩": 2, "戏剧": 7, "艺术": 6, "表演": 3, "2日": 1, "1点": 1, "梨": 3, "视频": 6, "再次": 1, "携手": 3, "Mate30": 15, "现场": 3, "插": 3, "电": 1, "直播": 8, "媒体": 3, "平台": 4, "网红": 1, "主播": 1, "5G版": 8, "利器": 2, "亮点": 4, "赋能": 1, "下焕": 1, "发出": 1, "生机": 1, "知名": 2, "时尚": 1, "博主": 1, "@": 2, "贾若蒙": 1, "俊俊": 1, "Jarvis": 1, "摄影师": 1, "王义博": 1, "网络": 3, "实力": 5, "影像": 2, "能力": 10, "远在": 1, "千里": 1, "到场": 1, "爱好者": 2, "流畅": 3, "超清": 1, "效果": 4, "天涯": 1, "比邻": 1, "超高清": 1, "画质": 1, "输出": 2, "正是": 1, "赋予": 2, "实时": 6, "观看": 1, "远": 1, "隔": 1, "千": 1, "亦": 1, "置身": 2, "共享": 1, "狂欢": 1, "形态": 1, "旗舰": 4, "SoC": 1, "990": 2, "SA/NSA": 1, "模组网": 1, "Pro": 3, "机身": 2, "多达": 1, "21": 1, "天线": 2, "14": 1, "场景": 1, "上部": 1, "中部": 1, "下部": 1, "天线群": 1, "覆盖": 1, "竖屏": 1, "横屏": 1, "握持": 2, "全场": 1, "景全": 1, "顶尖": 1, "摄影": 1, "随时": 1, "拍照": 1, "录": 1, "时刻": 1, "新一代": 2, "超": 1, "感光": 2, "徕卡": 3, "电影": 3, "摄": 1, "包含": 1, "枚": 7, "4000万": 2, "像素": 1, "摄像头": 4, "素超": 1, "800万": 1, "素长": 1, "焦": 1, "3D": 1, "深感": 1, "媲美": 1, "质感": 1, "画面": 2, "程度": 1, "保留": 1, "现场感": 1, "期待": 1, "压轴": 1, "大戏": 1, "即将": 1, "插电": 1, "续航": 3, "考验": 1, "4500": 1, "容量": 3, "呈现": 1, "精彩纷呈": 1, "盛宴": 1, "拭目以待": 2, "23日": 1, "发布": 3, "手环": 37, "新款": 1, "00:00": 1, "199": 1, "优惠": 1, "189": 2, "到手": 2, "主打": 3, "运动": 22, "潮流": 3, "方式": 5, "日常": 8, "穿戴": 2, "9": 6, "随身": 1, "测": 1, "血氧": 13, "心率": 11, "科学": 4, "睡眠": 12, "检测": 8, "全新": 1, "USB": 6, "无需": 2, "充电线": 2, "USB口": 1, "地方": 4, "进去": 1, "快速": 2, "上手": 1, "外观": 2, "延续": 1, "前代": 1, "手环3": 1, "造型": 3, "曜石": 1, "黑": 1, "樱语粉": 1, "赤": 1, "茶橘": 1, "配色": 2, "赤茶橘": 1, "活泼": 1, "偏中性": 1, "男女": 1, "合适": 1, "内置": 6, "0.96": 1, "寸": 1, "炫彩": 1, "大屏": 1, "屏幕": 4, "色彩度": 1, "饱满": 1, "对比度": 1, "显示": 4, "太阳光": 1, "用户": 9, "感观": 1, "整体": 5, "视觉": 2, "不错": 4, "新增": 2, "表盘": 5, "选": 1, "App": 1, "绑定": 1, "手环4": 2, "手动": 1, "各种各样": 1, "主页": 1, "面长": 1, "快捷": 1, "更换": 3, "界面": 1, "下载": 1, "56": 1, "mm×18.5mm×12.5": 1, "长×": 1, "宽×": 1, "重量": 1, "24g": 1, "手腕": 1, "异物": 1, "感觉": 2, "变化": 1, "接口": 5, "好处": 1, "摆脱": 1, "专用": 2, "充电器": 3, "束缚": 2, "相比": 2, "市面": 1, "底座": 2, "轻便": 2, "频率": 2, "忘记": 1, "放": 1, "每次": 2, "找": 2, "麻烦事": 1, "统一": 1, "特定": 2, "丢失": 1, "麻烦": 1, "创新": 2, "巧妙": 1, "困扰": 1, "按压": 1, "拆卸": 2, "按钮": 1, "取下": 2, "腕带": 1, "即可": 5, "隐藏": 1, "在手": 1, "环腕": 1, "带": 1, "充电头": 2, "插入": 1, "任意": 1, "便捷": 2, "表带": 3, "轻": 1, "插拔": 1, "个性": 1, "随心": 1, "搭配": 3, "第二": 2, "围绕": 2, "关键词": 2, "功夫": 1, "配备": 1, "户外": 3, "跑步": 2, "室内": 3, "步行": 2, "骑行": 1, "单车": 1, "椭圆机": 1, "划船机": 1, "自由": 1, "训练": 3, "过程": 2, "距离": 1, "配速": 1, "卡路里": 2, "结束": 1, "热身": 1, "燃脂": 1, "区间": 2, "统计": 1, "准确": 4, "消耗": 1, "强度": 4, "状态": 5, "依据": 1, "指导": 1, "红外": 1, "传感器": 4, "光学": 1, "配合": 4, "自研": 5, "算法": 5, "监测": 10, "直观": 1, "判断": 1, "控制": 1, "高效": 2, "饱和度": 10, "精准": 2, "升级": 1, "百科": 1, "资料": 1, "(": 2, "SpO2": 1, ")": 2, "血液": 2, "氧气": 1, "血红蛋白": 4, "百分比": 1, "浓度": 2, "呼吸": 1, "循环": 1, "生理": 1, "参数": 2, "体征": 1, "低于": 1, "90%": 1, "疲劳易困": 1, "心慌期待": 1, "精力": 1, "症状": 1, "损害": 1, "身体": 2, "机能": 1, "脑力": 1, "工作者": 1, "喜欢": 5, "极限": 1, "改善": 2, "意外": 1, "发生": 1, "。。": 1, "深度": 2, "优化": 2, "硬件": 2, "光路": 1, "光源": 1, "融合": 1, "利用": 1, "含氧": 1, "脱氧": 1, "反射": 1, "吸收率": 1, "信号": 2, "萃取": 1, "增强": 1, "异常": 1, "抑制": 1, "措施": 1, "测量": 2, "脉搏": 1, "成本": 2, "小巧": 1, "装备": 2, "随时随地": 1, "保证": 3, "佩戴者": 1, "状况": 1, "医疗": 1, "诊断": 1, "治疗": 2, "最新": 1, "TruSeen3.5": 1, "这项": 1, "自主": 1, "联合": 1, "俄罗斯": 1, "开发": 1, "调节": 1, "调光": 1, "24": 1, "全天": 1, "基于": 2, "高性能": 1, "著名": 1, "三甲": 1, "医院": 4, "301": 2, "心脏": 2, "研究": 2, "计划": 2, "筛查": 2, "心律": 3, "失常": 3, "精度": 1, "AI算法": 1, "对接": 1, "70": 1, "+家": 1, "服务": 6, "房颤": 1, "准确率": 1, "97.8%": 1, "远程": 1, "确诊": 1, "跟踪": 1, "随访": 1, "一站式": 1, "独家": 1, "秘笈": 1, "核心": 2, "竞争力": 2, "HUAWEI": 1, "TruSleep": 1, "识别": 1, "典型": 1, "入睡": 1, "困难": 1, "/": 5, "浅": 1, "夜间": 1, "易醒": 1, "早醒": 1, "梦": 1, "作息": 1, "规律": 1, "针对性": 2, "200+": 1, "条": 2, "建议": 1, "音乐": 3, "舒缓": 1, "解压": 1, "习惯": 2, "IR": 1, "红外光": 1, "光监": 1, "测心率": 1, "夜晚": 1, "绿光": 1, "另辟蹊径": 1, "极大": 1, "需求": 1, "节省": 1, "出行": 4, "关注": 1, "群体": 1, "入门": 1, "人群": 1, "的确": 1, "不俗": 1, "吸引力": 1, "商城": 1, "天猫": 1, "旗舰店": 1, "授权": 2, "电商": 1, "体验店": 1, "零售商": 1, "线上": 1, "线下": 1, "同步": 3, "感": 1, "兴趣": 1, "小伙伴": 1, "推荐": 1, "入手": 1, "印象": 1, "起初": 1, "单耳佩戴": 1, "奇葩": 1, "体积": 1, "硕大": 1, "欣赏": 1, "毫无": 1, "年前": 1, "取消": 1, "3.5": 1, "飞速": 1, "短短": 1, "年间": 1, "单耳": 1, "双耳": 1, "挂颈式": 1, "消灭": 1, "线缆": 1, "厂商": 1, "纷纷": 1, "推出": 2, "旗下": 1, "雄厚": 1, "大厂": 1, "好几": 1, "热捧": 4, "同台": 1, "亮相": 1, "延时": 3, "抗干扰": 2, "开盖": 2, "标志": 1, "音频": 4, "产业": 1, "布局": 2, "迈出": 1, "坚实": 1, "无缝": 1, "愉悦": 1, "轻轻": 1, "翻开": 1, "盖子": 2, "电源键": 1, "秒": 3, "弹出": 1, "窗口": 1, "等待": 1, "记住": 1, "主人": 1, "打开": 2, "再度": 1, "忘掉": 1, "繁杂": 1, "步骤": 1, "确实": 3, "声音": 4, "早已": 1, "不再": 3, "局限": 1, "听": 1, "接打": 1, "电话": 1, "游戏": 6, "这一切": 1, "4.3mm*4.4": 1, "集成": 1, "单元": 3, "处理器": 4, "电源": 1, "稳定": 2, "通道": 1, "闲暇": 1, "组队": 1, "玩": 3, "上几局": 1, "和平": 2, "精英": 2, "枪林弹雨": 1, "天堂": 1, "度假村": 1, "戴上": 3, "全套": 1, "三级": 1, "手持": 1, "M416一": 1, "通哒": 1, "哒哒": 1, "苦闷": 1, "忧愁": 1, "一扫而空": 1, "戴": 3, "大打折扣": 1, "类似": 1, "无论是": 2, "对手": 1, "枪声": 1, "脚步声": 1, "一两百": 1, "米": 1, "外装": 1, "消音器": 1, "分辨": 1, "耳朵": 2, "难以": 1, "察觉": 1, "地步": 1, "将近": 1, "常见": 1, "断连": 1, "蛮": 1, "键": 1, "入耳": 1, "存在感": 1, "模仿": 1, "头部": 2, "线条": 1, "略": 1, "曲线": 1, "贴合": 3, "耳道": 1, "不易": 1, "滑落": 1, "一整天": 1, "入耳式": 1, "那种": 1, "不适感": 1, "适配": 1, "耳": 1, "有的放矢": 1, "背景": 2, "噪音": 1, "飘": 1, "咖啡": 1, "浓香": 1, "星巴克": 1, "Mockingbird": 1, "Days": 1, "仿佛": 2, "瞬间": 1, "宁静": 1, "云端": 1, "外面": 1, "喧嚣": 1, "相隔": 1, "效率": 1, "提升": 4, "情景": 4, "播报": 3, "错过": 1, "航班": 4, "耳边": 1, "秘书": 1, "贴心": 2, "开车": 1, "出门": 1, "熄火": 1, "下车": 1, "推送": 1, "停车": 1, "位置": 1, "车": 1, "尴尬": 2, "购买": 2, "机票": 1, "高铁": 1, "票": 1, "出差": 1, "通知": 1, "起飞": 2, "地点": 1, "延误": 1, "登机口": 1, "到达": 1, "机场": 2, "天气": 1, "预报": 1, "查看": 1, "钢铁侠": 1, "AI": 1, "助手": 2, "里维斯": 1, "差不多": 1, "提醒": 2, "XX": 2, "XX分": 1, "听到": 1, "语音": 1, "综述": 1, "得益": 1, "表现": 3, "锦上添花": 1, "为数众多": 1, "脱颖而出": 1, "后续": 1, "棒": 1, "增加": 1, "资金": 1, "小米": 10, "骄人": 1, "成绩": 1, "轻易": 2, "忽视": 3, "劲敌": 1, "没错": 1, "高下": 1, "余承东": 2, "压力": 2, "率先": 2, "发": 1, "制人": 1, "P30": 6, "全速": 1, "跌至": 1, "清仓价": 1, "力拼": 1, "9Pro": 4, "感到": 2, "陌生": 2, "三月份": 2, "登场": 2, "超级": 5, "配置": 1, "颜值": 1, "打磨": 1, "到位": 2, "认证": 2, "摄模组": 2, "达芬奇": 2, "NPU": 2, "神经元": 2, "驱动": 2, "夜景": 2, "针对": 2, "弱光": 2, "成像": 2, "成片": 2, "行业": 4, "顶级": 2, "水准": 2, "照片": 2, "观感": 2, "挑剔": 3, "麒麟980": 1, "9.1": 2, "组合": 2, "应对": 3, "程序": 1, "绰绰有余": 1, "主流": 2, "稳定性": 2, "天空": 1, "镜": 1, "珠光": 1, "贝母": 1, "玻璃": 2, "后壳": 1, "铝中框": 2, "紧密": 2, "手感": 1, "防水": 2, "综合": 3, "素质": 1, "可圈可点": 2, "早期": 1, "4298": 1, "价格": 4, "不难": 1, "可惜": 1, "竞品": 1, "强势": 1, "蚕食": 1, "不得不": 1, "服软": 1, "最低": 2, "降": 1, "3688": 1, "刚好": 1, "刚": 1, "段位": 1, "火药味": 1, "越来越": 1, "浓": 1, "7纳米": 1, "制程": 1, "工艺": 2, "骁龙": 1, "855plus": 1, "颗": 1, "安兔兔": 1, "跑": 1, "48万分": 1, "强悍": 1, "外挂": 1, "基带": 1, "淘汰": 2, "挺": 1, "多功能": 1, "NFC": 1, "反向": 1, "一应俱全": 1, "干倒": 1, "难度": 1, "笔者": 3, "防备": 1, "想到": 1, "一贯": 1, "性价比": 2, "雷军": 1, "高端机": 2, "措手不及": 1, "降价": 1, "狙杀": 1, "品牌": 2, "加快": 1, "新机": 2, "下足": 1, "重本": 1, "旧款": 2, "机型": 1, "清仓": 1, "双管齐下": 1, "销量": 2, "供应商": 1, "例外": 1, "回来": 1, "机海": 1, "战术": 1, "处境": 1, "变得": 1, "直言": 1, "捧": 1, "上天": 1, "P30Pro": 9, "火": 1, "说起": 1, "寄予": 1, "两千万": 1, "台": 1, "厚望": 1, "视为": 1, "一较高下": 1, "900": 1, "协同": 1, "APP": 1, "GPU": 1, "Turbo3.0": 1, "方舟": 1, "编译器": 1, "帧率": 1, "流畅度": 1, "4200": 1, "毫安": 1, "40W": 1, "快充": 1, "调教": 1, "妥妥": 1, "6.39": 1, "英寸": 1, "水滴": 1, "屏": 1, "得益于": 1, "COF": 1, "四曲面": 1, "握持感": 1, "三点": 1, "接踵而至": 1, "当下": 1, "4998": 1, "起步价": 1, "阻挡": 1, "粉丝": 1, "欲望": 1, "iPhone11": 1, "Pro性": 1, "价比": 1, "号召力": 1, "情怀": 1, "支撑": 1, "吸引": 1, "争相": 1, "抢购": 1, "削弱": 2, "人气": 2, "SA": 1, "NSA": 1, "组网": 1, "旗舰机": 1, "趋势": 1, "后者": 1, "半年": 1, "扎心": 1, "短板": 2, "查询": 1, "维修": 1, "曲面屏": 1, "误触": 1, "出发": 1, "站稳": 1, "阵脚": 1, "功不可没": 1, "加剧": 1, "缺乏": 1, "元素": 1, "慢慢": 1}