{"9月": 12, "华为": 201, "畅享": 86, "系列": 14, "迎来": 2, "成员": 1, "——": 2, "10": 80, "Plus": 77, "终端": 1, "产品线": 1, "年轻": 8, "实力派": 4, "体现": 4, "主打": 1, "在校": 1, "大学生": 1, "刚": 4, "职场": 2, "消费者": 6, "群体": 2, "实力": 2, "出众": 1, "外观": 9, "设计": 27, "不俗": 3, "性能": 27, "品牌": 4, "国内": 3, "首款": 4, "升降式": 8, "摄像头": 20, "手机": 85, "1499": 3, "元": 11, "价格": 7, "堪称": 1, "新一代": 2, "千": 2, "水桶机": 2, "IT之家": 2, "拿到": 2, "沧某": 4, "这几天": 2, "上手": 1, "评测": 2, "惊喜满满": 1, "、": 109, "包装": 2, "一如既然": 1, "风格": 5, "白色": 1, "盒加": 1, "机身": 13, "符合": 4, "字体": 1, "颜色": 4, "打开": 3, "包装盒": 1, "全家福": 1, "：": 16, "本体": 1, "充电器": 1, "卡针": 1, "一点": 2, "一贯": 3, "作风": 1, "简洁": 1, "摒弃": 2, "刘": 2, "海屏": 2, "水滴屏": 2, "挖孔屏": 2, "当下": 4, "流行": 5, "屏": 7, "方案": 2, "去掉": 1, "屏幕": 24, "前置": 8, "听筒": 4, "方式": 7, "正面": 6, "得益": 5, "冲击感": 1, "视觉": 3, "感官": 1, "最大化": 1, "利用": 2, "空间": 7, "进一步": 3, "提升": 14, "屏占比": 3, "拓宽": 1, "可视": 1, "素质": 2, "采用": 25, "一块": 4, "6.59": 5, "英寸": 8, "1670万色": 1, "负向液": 1, "晶屏": 1, "屏占": 2, "91%": 3, "这块": 1, "85%": 1, "典型": 1, "值": 1, "色域": 1, "2340*1080": 2, "FHD": 1, "+": 15, "分辨率": 9, "1500:1": 1, "对比度": 2, "自然": 2, "还原": 6, "画面": 7, "色彩": 7, "细腻": 2, "展现": 3, "细节": 8, "阳光屏": 2, "技术": 28, "环境": 8, "光线": 10, "强度": 2, "自动": 11, "调节": 3, "亮度": 5, "提高": 6, "画": 2, "面对": 5, "比度": 2, "如此一来": 1, "强光": 6, "依然": 5, "轻松": 3, "看清": 2, "内容": 3, "兼具": 3, "视频": 17, "增强": 3, "暗部": 1, "调整": 1, "清晰": 6, "好在": 1, "做工": 1, "严丝合缝": 1, "贴合": 1, "严实": 1, "松垮感": 1, "层": 1, "保护": 2, "玻璃": 4, "以防": 1, "镜头": 29, "划": 1, "后盖": 3, "3D": 7, "复合": 2, "板材": 2, "材质": 7, "PC": 2, "/": 2, "PMMA": 2, "具高": 1, "透明": 1, "材料": 1, "光折": 1, "射率": 1, "混合": 1, "具备": 4, "光泽": 1, "质感": 3, "保障": 4, "金属": 2, "般的": 2, "坚韧度": 2, "背部": 3, "中框": 4, "边缘": 6, "收弧": 3, "使用者": 1, "握感": 3, "舒适": 3, "指纹": 4, "容忍度": 1, "粘上": 1, "那种": 1, "油腻腻": 1, "感觉": 5, "相机": 4, "模组": 1, "排列": 2, "较为": 1, "竖置": 1, "三": 11, "颗": 2, "位于": 7, "左上角": 1, "闪光灯": 3, "下方": 1, "旁边": 1, "标志性": 1, "TRIPLE": 1, "CAMERA": 1, "字样": 1, "logo": 1, "线轴": 1, "后置": 4, "模块": 1, "齐": 1, "背面": 2, "整体": 8, "看上去": 1, "物理": 1, "元素": 3, "平面": 1, "整齐": 1, "统一": 2, "杂乱无章": 1, "卡槽": 1, "顶部": 6, "很": 12, "巧妙": 1, "融为一体": 1, "机键": 1, "音量": 2, "键": 2, "右侧": 1, "按键": 1, "有种": 1, "浑然一体": 1, "系统": 18, "体验": 16, "好看": 1, "皮囊": 1, "一个": 8, "有趣": 2, "灵魂": 2, "完美": 2, "EMUI": 13, "9.1": 8, "9.0": 2, "基础": 4, "DNA": 1, "深度": 1, "优化": 2, "带来": 14, "超乎": 1, "想象": 1, "持久": 2, "流畅": 13, "；": 20, "全新": 10, "语音": 1, "助手": 4, "交互": 1, "长": 2, "电源键": 1, "1": 8, "秒": 1, "即可": 1, "唤醒": 2, "开启": 7, "智慧": 4, "EROFS": 3, "文件": 7, "随机": 2, "读取": 2, "平均": 1, "20%": 1, "运行": 7, "节省": 1, "14%": 1, "基础性": 1, "128GB": 8, "内存": 9, "用户": 24, "增加": 1, "2GB": 1, "相当于": 1, "存储": 5, "1000": 1, "照片": 10, "GPU": 15, "Turbo": 9, "升级": 3, "3.0": 4, "新增": 1, "支持": 13, "19": 1, "款": 19, "游戏": 26, "高帧率": 2, "耗电": 8, "低": 5, "图标": 8, "商务": 1, "气息": 1, "浓重": 1, "写实": 1, "桌面": 2, "布局": 2, "5": 2, "4列": 1, "绚丽多彩": 1, "重绘": 1, "都": 22, "圆角": 1, "矩形": 1, "迥异": 1, "彰显": 1, "个性化": 1, "稍": 1, "显得": 3, "杂乱": 1, "喜欢": 4, "生活": 3, "必不可少": 1, "功能": 28, "智能": 12, "发言权": 1, "号": 1, "绑定": 1, "快递": 1, "服务": 5, "航班": 2, "提醒": 3, "停车": 1, "旅游": 1, "景区": 1, "推荐": 2, "出行": 3, "查看": 2, "家居": 1, "信用卡": 1, "还款": 1, "运动": 2, "健康": 3, "夸张": 1, "无所不能": 1, "负": 3, "常用": 3, "快捷": 3, "置顶": 1, "官方": 8, "给出": 1, "三方": 1, "App": 3, "微信": 6, "支付宝": 2, "扫码": 1, "打车": 2, "花呗": 1, "充值": 1, "操作": 2, "万花筒": 1, "护眼": 3, "自带": 1, "模式": 17, "硬件": 4, "用眼": 1, "防护": 1, "莱茵": 2, "蓝光": 2, "认证": 2, "加持": 4, "过滤": 2, "导致": 2, "眼": 2, "疲劳": 2, "色温": 1, "减少": 3, "时间": 7, "眼睛": 1, "伤害": 1, "伤眼": 1, "预防": 1, "续航": 14, "能力": 18, "强项": 2, "软件": 5, "层面": 1, "识别": 6, "场景": 9, "予以": 1, "分配": 1, "匹配": 2, "高清": 1, "显示": 3, "待机": 1, "低档": 1, "保证": 8, "档": 1, "省电": 1, "缓解": 1, "户外": 1, "电量": 4, "急速": 1, "下降": 1, "困境": 1, "远远": 1, "不及": 1, "提到": 1, "超级": 9, "Tubor": 1, "优势": 5, "提": 1, "定位": 2, "千元机": 4, "意味着": 1, "这部": 1, "羸弱": 1, "事实上": 1, "核心": 1, "配置": 9, "价位": 3, "处于": 2, "中上游": 1, "搭载": 6, "麒麟": 6, "八": 5, "核": 5, "芯片": 4, "12nm": 1, "制程": 1, "工艺": 3, "4*A73": 1, "2.2": 1, "GHz+4*A53": 1, "1.7": 1, "GHz": 1, "架构": 1, "CPU": 3, "均": 2, "上一代": 2, "单核": 1, "75%": 1, "68%": 1, "能效": 1, "倍": 5, "1.3": 1, "硬件方": 1, "类似": 1, "汽车": 1, "涡轮": 1, "增压": 1, "软硬": 2, "协同": 1, "图形": 4, "加速": 1, "效率": 2, "60%": 1, "热门": 1, "王者": 12, "荣耀": 31, "荒野": 1, "满帧": 2, "单线程": 1, "完胜": 1, "多线程": 2, "中档": 1, "跑赢": 1, "不少": 3, "旗舰": 5, "机型": 3, "GPUTurbo": 1, "功耗": 3, "降低": 2, "30%": 1, "发展": 2, "表现": 16, "验证": 1, "火爆": 1, "手游": 1, "玩家": 3, "众面": 1, "标杆": 1, "测试": 10, "特效": 4, "设置": 6, "提示": 1, "中等": 2, "标准": 1, "情况": 11, "帧数": 3, "技能": 2, "互动": 2, "打团": 1, "过程": 2, "58": 1, "帧": 4, "63": 1, "卡顿感": 1, "消失": 3, "优秀": 3, "玩": 9, "算": 2, "无疑": 1, "选择": 6, "四": 8, "拍照": 29, "拍摄": 8, "产品": 13, "传承": 2, "4800万": 10, "超": 6, "广角": 7, "AI三": 4, "摄": 8, "包含": 1, "枚": 3, "素主": 2, "800万": 5, "像素": 12, "超广角": 3, "200万": 3, "景深": 1, "说法": 1, "直出": 1, "超清": 3, "无需": 1, "后期": 1, "AI": 3, "转化": 1, "合成": 1, "6P": 2, "Plastic": 2, "镜片": 2, "相比": 3, "传统": 3, "5P": 2, "汇聚": 2, "解析力": 2, "成像": 6, "素超": 1, "提供": 5, "120": 4, "°": 2, "超宽": 2, "取景": 2, "行业": 3, "上万": 1, "高端机": 1, "百": 1, "低端机": 1, "发到": 1, "朋友圈": 1, "基本上": 2, "区别": 3, "这不": 1, "否认": 1, "高端": 4, "旗舰机": 4, "价值": 1, "中端机": 1, "洗白": 1, "实际上": 2, "日常": 3, "专业": 1, "级别": 1, "白天": 2, "线下": 2, "对比": 2, "差距": 1, "肯定": 1, "弱光": 2, "下图": 1, "室内": 2, "样张室": 1, "内样": 1, "充足": 6, "随手": 3, "拍": 4, "满意": 2, "参数": 4, "调教": 1, "大部分": 3, "习惯": 2, "二来": 1, "大片": 1, "这是": 2, "科技": 1, "魅力": 2, "涂抹": 2, "现象": 4, "发光": 1, "液晶": 1, "显示屏": 1, "真实": 4, "液晶屏": 1, "晕圈": 1, "发散": 1, "放大": 1, "衣服": 1, "效果": 11, "锯齿感": 2, "接下来": 2, "重头戏": 1, "夜拍": 5, "夜间": 3, "夜景": 7, "注入": 1, "鸡血": 1, "好几": 1, "档次": 1, "夜": 1, "景样": 4, "样张": 7, "类似于": 1, "灯柱": 1, "霓虹灯": 1, "广告牌": 3, "强光体": 1, "采集": 1, "呈现": 4, "物体": 2, "发光源": 1, "曝": 1, "变化": 2, "显而易见": 1, "第二": 3, "强发": 1, "光体": 1, "距离": 2, "光晕": 1, "第一": 4, "棵": 1, "树": 2, "树干": 1, "噪点": 2, "树木": 1, "右上角": 1, "树冠": 1, "近处": 1, "草丛": 1, "装": 1, "翅膀": 1, "夜景样": 1, "张夜": 3, "总体": 1, "无论是": 4, "尤其是": 1, "更上一层楼": 2, "五": 1, "项": 1, "KPI": 1, "关键": 3, "指标": 1, "越来越": 5, "机": 1, "离手": 1, "越发": 1, "三充": 1, "充电": 2, "扛": 1, "厂商": 1, "亟待解决": 1, "痛点": 1, "电池": 6, "突破": 4, "瓶颈": 1, "容量": 4, "救命": 1, "稻草": 1, "4000": 4, "mAh": 3, "(": 14, "典型值": 1, ")": 13, "中度": 3, "重度": 4, "充电宝": 1, "毕竟": 4, "暂时": 1, "核电池": 1, "模拟": 1, "局": 2, "外加": 1, "30": 5, "分钟": 10, "播放": 2, "耗时": 5, "22": 1, "6%": 1, "15": 1, "4%": 1, "3": 19, "13": 1, "5%": 2, "4": 2, "24": 1, "9%": 1, "腾讯": 1, "74": 1, "29%": 1, "单纯": 1, "观看": 2, "连续": 7, "9": 5, "小时": 16, "宣传": 1, "全程": 1, "抖音": 2, "天一": 2, "梦": 1, "轻度": 1, "六": 1, "上都": 1, "诸如": 1, "淘宝": 2, "考验": 1, "平常": 3, "QQ": 1, "冷": 1, "启动": 1, "后台": 2, "出色": 5, "卡顿": 8, "掉帧": 1, "综合": 2, "看华": 1, "定义": 1, "拥有": 7, "幻夜": 3, "黑": 3, "翡": 4, "冷翠": 4, "天空": 4, "境": 3, "赤": 3, "茶橘": 3, "配色": 3, "多彩": 1, "千元": 1, "档位": 1, "无可厚非": 1, "九月份": 1, "即将": 1, "新机": 2, "发布": 6, "关注": 1, "mate30": 3, "往年": 1, "mate20": 2, "可谓": 1, "火热": 1, "销量": 1, "mate20pro": 1, "版本": 3, "mate30pro": 6, "期待值": 1, "听到": 1, "信息": 16, "如今": 3, "确认": 1, "定于": 1, "19日": 1, "此次": 3, "与众不同": 1, "！": 4, "网络": 8, "圆形": 4, "正确": 1, "公布": 5, "不大": 1, "刘海": 2, "造型": 1, "6.7": 1, "曲面屏": 1, "瀑布": 1, "真的": 1, "观感": 1, "瀑布屏": 1, "整机": 1, "略": 1, "方正": 1, "偏向": 1, "商务风": 1, "mate": 1, "本来": 1, "只不过": 1, "放置": 1, "结构": 1, "都会": 4, "缺席": 1, "多种": 2, "紫色": 1, "绿色": 1, "喜好": 1, "强大": 2, "p3pro": 1, "感受": 1, "领域": 4, "占据": 3, "全球": 8, "这次": 1, "感光": 1, "口号": 1, "方框": 1, "内部": 3, "4000万": 2, "主摄": 2, "TOF": 2, "光变": 1, "50": 3, "数码": 1, "变焦": 1, "稳": 1, "坐": 1, "位置": 1, "笔者": 2, "顶级": 1, "国产": 3, "大哥": 1, "值得": 2, "期待": 4, "990": 1, "新品": 3, "7nm": 1, "再次": 3, "5G": 18, "退出": 1, "5G版": 1, "配备": 9, "40w快充": 1, "速率": 1, "30w": 1, "无线充": 1, "售价": 7, "5700": 1, "供": 2, "参考": 5, "贵": 2, "冲上": 1, "国际": 2, "地位": 2, "很多": 6, "太": 1, "网友": 2, "劝退": 1, "发布会": 3, "揭晓": 1, "mate30pro版": 1, "上市": 3, "消息": 4, "推出": 2, "Magic": 16, "曝光": 3, "该机": 5, "得知": 2, "代表": 3, "未来": 3, "周边": 1, "框": 1, "收窄": 1, "惊艳": 1, "带给": 1, "最新": 4, "麒麟990": 1, "标配": 2, "基带": 1, "意外": 2, "组合": 3, "8GB": 3, "12GB": 1, "512GB": 1, "储存": 4, "程度": 1, "2000万": 2, "1200万": 1, "不知": 2, "各项": 1, "需求": 4, "下半年": 1, "透露": 1, "中高端": 1, "市场": 4, "预计": 2, "3999": 1, "爆料": 3, "确实": 1, "不错": 7, "为过": 1, "文": 1, "柠檬": 1, "众所周知": 1, "通信": 2, "设备": 7, "成绩": 1, "瞩目": 1, "经受": 1, "公平": 2, "待遇": 1, "美国": 33, "本国": 2, "拒之门外": 1, "手段": 5, "拉拢": 1, "国家": 4, "排除": 3, "建设": 2, "事实": 1, "成功": 1, "拿下": 3, "订单": 5, "近日": 1, "亚太": 2, "创新": 1, "大会": 1, "成果": 1, "商用": 1, "合同": 1, "在手": 1, "顺利": 1, "发货": 1, "20万5": 1, "G基站": 1, "涵盖": 2, "欧洲": 2, "中东": 1, "美洲": 1, "非洲": 1, "斩获": 1, "最多": 3, "28": 1, "多方": 1, "围剿": 1, "领先": 3, "才能": 1, "影响": 2, "认可": 2, "归功": 1, "多年": 2, "研发": 6, "投入": 4, "2014年": 1, "408亿": 1, "1200亿": 1, "翻": 1, "供应商": 2, "数量": 1, "三分之二": 1, "过渡": 2, "自傲": 1, "近期": 1, "坦言": 1, "解决": 4, "创新力": 1, "接近": 2, "极限": 1, "高校": 3, "合作": 11, "关系": 1, "理论": 1, "发明": 1, "加大": 1, "资助": 1, "资金": 1, "最低": 1, "少于": 1, "3亿": 1, "美金": 1, "止步不前": 1, "企业": 9, "狼": 1, "性": 1, "科研": 1, "随时": 1, "警惕": 1, "退步": 1, "去年": 1, "澳大利亚": 1, "日本": 1, "新西兰": 1, "拒绝": 1, "队伍": 1, "近来": 1, "越南": 3, "波兰": 4, "相继": 1, "传递": 1, "信号": 2, "运营商": 1, "Viette": 1, "为由": 2, "在外": 2, "失败": 1, "诺基亚": 1, "爱立信": 1, "此前": 2, "国": 1, "贸易": 1, "往来": 1, "更是": 1, "签署": 1, "份": 4, "声明": 6, "提及": 1, "公司": 12, "名字": 1, "外媒": 3, "直指": 1, "担心": 1, "替换": 1, "损失": 1, "其他人": 1, "追赶": 1, "对此": 3, "也许": 1, "寻求": 1, "6G": 1, "时代": 1, "毋庸置疑": 1, "目光": 1, "放": 2, "远": 1, "5日": 3, "西安": 2, "正式": 3, "亮相": 1, "现场": 1, "4GB": 2, "6GB": 1, "1799": 1, "2099": 1, "16:08": 1, "预售": 1, "10日": 1, "10:08": 1, "开售": 1, "Plus全系": 1, "海量": 1, "UFS2.1": 1, "通道": 1, "速度": 1, "57%": 1, "配合": 5, "智能省": 1, "电": 1, "强劲": 1, "耐用": 1, "710F": 1, "处理器": 4, "方舟": 1, "编译器": 1, "Game": 1, "Type-C": 2, "接口": 4, "保留": 2, "3.5": 2, "耳机": 5, "视屏": 1, "2340": 1, "1080": 1, "高达": 1, "ID颜色": 1, "美轮美奂": 1, "1600万": 2, "悬": 1, "浮式": 1, "隐藏": 2, "之中": 1, "自拍": 4, "美好": 1, "瞬间": 1, "捕捉": 2, "°超": 1, "开拓": 1, "视野": 3, "美图": 1, "信手拈来": 1, "度": 2, "素景": 2, "京东": 1, "HUAWEI": 2, "超高清": 1, "全视屏": 5, "悬浮式": 1, "全网": 1, "通双": 1, "4G": 1, "直达": 1, "链接": 1, "报道": 10, "政府": 15, "检察官": 3, "利益": 2, "冲突": 3, "试图": 3, "法庭": 3, "取消": 3, "首席": 2, "律师": 7, "詹姆斯·科尔": 3, "James": 1, "Cole": 1, "担任": 1, "资格": 3, "司法部": 5, "副部长": 3, "科尔": 9, "周三": 2, "出庭": 1, "捍卫": 1, "辩护": 4, "权利": 2, "彭博社": 1, "听证会": 3, "联邦": 6, "任职": 1, "期间": 2, "参与": 1, "监督": 1, "案件": 5, "调查": 10, "声称": 2, "特权": 1, "接触": 1, "秘密": 2, "渠道": 1, "包括": 4, "机密": 3, "损害": 1, "反驳": 1, "称": 12, "2016年": 2, "才": 3, "科尔任": 1, "2011年": 2, "2015年": 2, "离任": 1, "列维": 1, "Michael": 1, "Levy": 1, "案子": 1, "打压": 3, "议程": 1, "一部分": 1, "……": 1, "某种": 1, "运作": 1, "想要": 1, "视为": 1, "战术": 1, "步骤": 1, "危险": 1, "法官": 2, "随后": 2, "检方": 1, "下令": 1, "闭门": 1, "涉及": 1, "口头": 1, "辩论": 1, "公开": 2, "12月": 2, "12日": 1, "离开": 1, "芝加哥": 1, "盛德": 1, "事务所": 1, "合伙人": 1, "走出": 1, "资料": 1, "2018年": 1, "1日": 1, "孟晚舟": 2, "加拿大": 2, "温哥华": 1, "被捕": 1, "保释": 1, "等待": 1, "法院": 1, "引渡": 1, "非法": 1, "拘留": 1, "1月份": 1, "提起": 2, "诉讼": 2, "违反": 1, "伊朗": 1, "经济": 3, "制裁": 1, "阻挠": 2, "华盛顿州": 1, "指控": 3, "T-Mobile": 1, "窃取": 2, "商业": 4, "3月": 1, "子公司": 2, "无罪": 1, "美国商务部": 1, "46": 1, "列入": 2, "交易": 1, "实体": 1, "清单": 1, "3日": 5, "新闻稿": 2, "动用": 4, "司法": 4, "行政": 3, "力量": 3, "干扰": 2, "伙伴": 7, "业务": 3, "员工": 10, "合法": 1, "搜查": 3, "扣押": 3, "拘捕": 3, "并称": 1, "调查局": 2, "上门": 3, "约谈": 3, "施压": 3, "中国": 7, "外交部": 1, "发言人": 2, "耿爽": 1, "4日": 1, "例行": 1, "记者会": 1, "回应": 4, "鼓励": 1, "原则": 2, "规则": 1, "遵守": 1, "当地": 2, "法律": 2, "对外": 1, "中方": 1, "反对": 1, "美方": 4, "证据": 1, "滥用": 2, "特定": 2, "光彩": 1, "不道德": 1, "标榜": 1, "否定": 1, "敦促": 1, "停止": 3, "泛化": 1, "错误": 1, "做法": 1, "蓄意": 1, "抹黑": 1, "指责": 1, "无理": 1, "美": 2, "经营": 1, "活动": 2, "竞争": 2, "非歧视": 1, "诞生": 1, "旨在": 1, "时尚": 1, "5号": 1, "继承": 1, "前代": 1, "诸多": 4, "优点": 1, "打造": 1, "异形": 1, "转向": 1, "19.5:9": 2, "进化": 1, "路": 1, "紧跟": 1, "潮流": 1, "引领": 1, "跟随": 1, "到底": 1, "广阔": 2, "升降": 3, "安置": 1, "传感器": 3, "下端": 1, "德国": 1, "TüV": 1, "全面屏": 1, "比例": 1, "修长": 2, "COF": 1, "窄": 1, "边框": 1, "明阔": 1, "大屏": 1, "耐摔": 1, "顺滑": 1, "搭配": 2, "手中": 1, "温润如玉": 1, "5.5": 1, "重量": 1, "200g": 1, "值得一提的是": 2, "本次": 1, "光学": 1, "色变": 1, "思路": 1, "在内": 1, "时下": 1, "颜值": 2, "赤茶橘色": 1, "鲜亮": 1, "活泼": 1, "一侧": 2, "SIM卡槽": 1, "说到": 1, "小伙伴": 3, "弹出": 1, "跌落": 2, "摔坏": 1, "发生": 2, "内置": 3, "检测": 2, "收起": 1, "损坏": 1, "底部": 1, "扬声器": 1, "4800万AI三": 1, "玩法": 1, "一大": 1, "摄主": 1, "1/2": 1, "大型": 1, "进光量": 1, "四合一": 1, "AI算法": 1, "手持": 1, "暗光": 1, "Plus人": 1, "像样": 1, "清样": 1, "通透": 1, "白": 1, "平衡": 1, "偏移": 1, "鲜艳": 1, "蓝": 1, "花朵": 1, "艳丽": 1, "焦段": 2, "合照": 1, "宏伟": 1, "景观": 1, "好用": 1, "景": 3, "深虚化样": 2, "深虚化": 2, ")景": 1, "不用": 1, "层次": 1, "感上": 1, "人像": 1, "背景": 1, "光斑": 1, "心形": 1, "有意思": 1, "不凡": 1, "拍出": 1, "尺寸": 1, "1μm": 1, "F2.2": 1, "光圈": 1, "AI场": 1, "景识": 1, "蓝天": 1, "绿植": 1, "雪景": 1, "八大": 1, "调优": 1, "自拍样": 1, "美颜": 1, "裸妆": 1, "强功耗": 1, "运存": 1, "任性": 1, "下载": 7, "音乐": 3, "电影": 1, "重构": 1, "底层": 1, "框架": 1, "运算": 1, "默认": 1, "画质": 1, "对线": 1, "56-60帧": 1, "团战": 1, "40-50": 1, "算是": 1, "稳定": 1, "22%": 1, "主题": 1, "发挥": 1, "软硬件": 1, "精细化": 1, "调度": 1, "物尽其用": 1, "付款码": 1, "外卖": 1, "工具": 1, "东西": 1, ";": 8, "情景": 1, "工作": 2, "火车": 1, "路况": 1, "跟踪": 1, "物流": 1, "数据": 2, "新闻": 1, "记录": 1, "阅读": 1, "社交": 1, "多媒体": 1, "娱乐": 1, "购物": 2, "APP": 1, "时长": 4, "自控": 1, "家长": 1, "控制": 1, "孩子": 1, "沉迷于": 1, "WLAN": 1, "桥": 1, "WIFI": 1, "中继": 1, "简单": 2, "连上": 1, "WiFi": 4, "分享": 2, "覆盖": 1, "在家": 1, "朋友": 1, "想": 1, "泄露": 1, "密码": 1, "连接": 3, "图片": 4, "翻译": 1, "卡路里": 1, "识物": 1, "双蓝牙": 1, "音频": 1, "手环": 1, "车载": 1, "克隆": 1, "一键": 1, "搬家": 1, "兼容": 1, "安卓": 2, "iOS双": 1, "迁移": 1, "Quick": 1, "Share": 1, "快速": 1, "共享": 1, "APK": 1, "节电": 1, "40": 1, "通话": 1, "听": 1, "80": 1, "浏览器": 1, "上网": 1, "14": 1, "出门": 1, "担忧": 1, "6": 2, "*": 1, "50%": 2, "1080P": 1, "在线": 1, "聊天": 2, "网页": 1, "浏览": 1, "剩余": 1, "32%": 1, "足够": 1, "写": 1, "mAh大": 1, "一千多": 1, "步入": 1, "学生": 1, "友好": 1, "消息网": 3, "涉嫌": 1, "盗窃": 1, "展开": 2, "做出": 1, "世界": 2, "一家": 2, "偷窃": 2, "高科技": 2, "路透社": 1, "指示": 1, "执法": 3, "机关": 1, "强迫": 1, "诱使": 1, "不利于": 1, "事情": 1, "举动": 1, "威胁": 2, "生存": 1, "作出": 1, "表态": 1, "见诸": 1, "路透": 1, "未": 1, "标明": 1, "日期": 1, "5月": 1, "实体名单": 1, "禁止": 2, "获取": 1, "元器件": 1, "谷歌": 1, "正当": 4, "FBI": 4, "内应": 2, "名": 4, "卷入": 1, "此类": 1, "事件": 2, "公民": 1, "所有人": 1, "中高层": 1, "管理": 1, "人士": 1, "8月": 1, "28日": 1, "办公室": 1, "雇员": 2, "报告": 1, "登门": 1, "线人": 1, "置评": 1, "对象": 1, "享有": 1, "宪法": 1, "赋予": 1, "独立": 1, "程序": 1, "年初": 1, "至少": 1, "机构": 2, "另行": 1, "列出": 1, "九": 1, "罪状": 1, "恐吓": 2, "要挟": 1, "利诱": 1, "策反": 1, "在职": 1, "离职员工": 1, "陷阱": 1, "圈套": 1, "冒充": 1, "创造": 1, "不利": 1, "不实": 2, "攻击": 1, "刺探": 1, "动员": 1, "策划": 1, "钓鱼": 1, "搜集": 1, "各类": 1, "虚假": 1, "针对": 1, "负面": 1, "以此": 1, "依据": 1, "历史": 1, "民事": 1, "理由": 1, "选择性": 1, "刑事": 1, "起诉": 1, "拒": 1, "发": 1, "签证": 1, "扣货": 1, "交流": 2, "段": 3, "政治": 1, "外交": 1, "影响力": 1, "游说": 1, "各国": 1, "机器": 1, "权力": 1, "骚扰": 1, "三十": 1, "持续": 2, "努力": 1, "客户": 1, "信任": 1, "来源": 1, "卡": 3, "关闭": 6, "起飞": 2, "苹果": 4, "在于": 2, "流畅度": 2, "多久": 2, "陆续": 1, "闪屏": 1, "对手": 1, "出货量": 1, "上涨": 1, "趋势": 1, "走": 1, "下坡": 1, "路线": 1, "挑选": 1, "优先": 1, "过后": 1, "小伙伴们": 1, "纷纷": 1, "删除": 1, "小编": 1, "介绍": 1, "方法": 2, "中都": 1, "杂志": 2, "锁屏": 2, "开机": 1, "消耗": 1, "变得": 2, "寻找": 1, "壁纸": 1, "点击": 1, "留下": 1, "更为": 3, "传输": 1, "群里": 1, "时刻": 1, "内": 1, "存变": 1, "清理": 1, "缓存": 2, "突发奇想": 1, "平时": 1, "存有": 1, "安装": 2, "包": 2, "日积月累": 1, "买": 1, "缓": 1, "作怪": 1, "闲来没事": 1, "清除": 1, "垃圾": 1, "释放": 1, "最佳": 1, "越卡顿": 1, "学会": 1, "减缓": 1, "本身": 1, "改掉": 1, "陋习": 1, "陪伴": 1, "长久": 1, "评论区": 1}