{"运营商": 8, "财经网": 3, "郭彭琪": 1, "/": 1, "文": 1, "日前": 1, "中国": 31, "华为": 49, "Mate30": 4, "(": 2, "5G": 22, ")": 3, "、": 25, "pro(5G": 1, "Mate20": 2, "X": 11, "三": 8, "款": 13, "终端": 11, "一级": 1, "营销库": 1, "内": 2, "暂时": 1, "撤下": 1, "明天": 1, "营业厅": 1, "销售": 1, "手机": 31, "消息": 3, "业内": 1, "悄然": 1, "传开": 1, "11月": 4, "19日": 2, "相关": 1, "人士": 1, "咨询": 1, "属实": 1, "这次": 3, "全球": 4, "合作": 14, "伙伴": 7, "大会": 6, "期间": 3, "场合": 1, "都": 10, "露面": 1, "颁发": 1, "奖项": 2, "笔者": 4, "发现": 3, "事情": 1, "并非": 1, "谣传": 1, "证据": 4, "：": 7, "唯一": 4, "参加": 2, "集团": 1, "媒体": 8, "沟通": 7, "厂商": 9, "友好": 3, "年度": 1, "上都": 3, "抢眼": 1, "关系": 2, "值得": 1, "刚刚": 2, "结束": 1, "2019": 1, "前夕": 1, "会上": 2, "亲自": 2, "参与": 4, "出席": 1, "八": 1, "领导": 7, "七": 1, "名": 4, "一个": 14, "中国区": 1, "副总裁": 2, "杨涛": 2, "上台": 2, "讲述": 3, "思考": 1, "一直以来": 2, "创新": 2, "包括": 1, "港口": 1, "自动化": 1, "领域": 4, "能源": 1, "电力": 1, "价值": 1, "变现": 1, "会议": 2, "传达": 1, "声音": 1, "环节": 1, "此次": 1, "参会": 1, "发展": 4, "动向": 1, "董事长": 2, "梁华": 4, "代表": 3, "主论坛": 1, "发言": 2, "论坛": 3, "第一": 8, "交情": 1, "不言而喻": 1, "三大": 1, "快速": 2, "解决": 4, "40万": 1, "疑难": 1, "保障": 2, "18万": 1, "网络": 2, "实施": 1, "方案": 2, "风险": 1, "识别": 2, "数字化": 1, "分装": 1, "利用": 1, "日常": 1, "寻常": 1, "预测": 1, "AI": 1, "技术": 9, "平稳": 1, "运行": 1, ".": 1, "现场": 1, "介绍": 1, "围绕": 2, "14": 1, "行业": 1, "场景": 1, "面向": 2, "未来": 2, "秉持": 1, "开放": 1, "共赢": 1, "理念": 1, "助力": 1, "+": 3, "计划": 2, "一把手": 1, "面基": 1, "显示": 1, "情谊": 1, "接下来": 1, "渠道": 5, "下架": 1, "确实": 1, "难以": 1, "5": 4, "G泛": 2, "智能": 8, "生态": 2, "峰会": 2, "诸多": 1, "消费者": 2, "BG": 2, "大中华区": 1, "执行": 1, "吕鲁平": 1, "IOT": 1, "产品线": 1, "总裁": 1, "支浩": 1, "仅仅": 1, "重视": 1, "程度": 1, "先行者": 1, "产业": 2, "联盟": 1, "成员": 1, "；": 3, "协议": 2, "签约": 2, "仪式": 2, "均": 3, "上榜": 1, "用户": 4, "喜爱": 1, "品牌": 1, "奖": 2, "优秀": 1, "泛智能": 1, "不难": 1, "认可": 1, "传出": 1, "谣言": 1, "显得": 1, "模棱两可": 1, "四": 3, "硬件": 3, "报告": 2, "第二": 2, "期": 2, "中华": 1, "产品": 4, "2019年": 1, "质量": 1, "实验室": 1, "关注": 2, "通信": 1, "稳定性": 2, "功耗": 3, "续航": 4, "发热": 3, "表现": 6, "主流": 5, "7": 1, "综合": 8, "测评": 1, "整体": 3, "排名": 3, "位居": 3, "第三": 1, "Pro": 2, "5G版": 1, "天线": 2, "性能": 8, "项": 1, "4G": 1, "热点": 1, "整机": 1, "评测": 3, "Mate": 13, "30": 3, "系列": 3, "3500": 1, "元": 9, "档位": 4, "能力": 1, "芯片": 1, "海思Kirin990": 1, "吞吐量": 1, "领先": 1, "游戏": 5, "流畅性": 1, "多媒体": 1, "效果": 1, "速度": 4, "维度": 1, "Mate30Pro": 2, "拍照": 1, "拍Vlog": 1, "测试": 2, "智慧屏": 1, "HEGE-560": 1, "组网": 1, "Q2Pro": 1, "子母": 1, "套装": 1, "好评": 1, "佳": 1, "认可度": 1, "本身": 1, "话题": 1, "舆论": 1, "理解": 1, "进程": 1, "中坚": 1, "力量": 1, "中将": 1, "起到": 1, "替代": 1, "作用": 1, "希望": 1, "持续": 1, "推动": 1, "更多": 1, "享受": 1, "带来": 1, "收益": 1, "体验": 6, "诚恳": 1, "说道": 1, "来源": 1, "参考": 2, "标题": 1, "美媒": 2, "折叠屏": 1, "正式": 2, "发布": 4, "消息网": 1, "报道": 4, "称": 2, "新潮": 1, "折叠": 7, "终于": 1, "实物": 1, "16日": 2, "开售": 1, "价格": 1, "高达": 1, "16999": 1, "人民币": 1, "美国": 3, "阿尔斯": 1, "科技": 1, "网站": 1, "市面": 1, "三星": 1, "Galaxy": 6, "Fold": 6, "上市": 1, "路": 1, "坎坷": 1, "充满": 3, "延期": 1, "挫折": 1, "年中": 1, "出口": 1, "禁令": 1, "最初": 2, "推迟": 3, "选择": 7, "9月": 2, "过后": 1, "再次": 1, "15日": 1, "变化": 1, "不大": 1, "包裹": 3, "X机身": 1, "京东方": 1, "公司": 1, "制造": 1, "OLED": 1, "显示屏": 12, "设备": 3, "打开": 2, "分辨率": 1, "2480": 3, "×": 3, "2200": 1, "8": 1, "英寸": 3, "平板": 2, "合拢": 2, "正面": 3, "一块": 3, "1148": 1, "6.6": 1, "背面": 5, "892": 1, "6.3": 1, "屏略": 1, "窄": 1, "面屏": 1, "包含": 3, "凸出": 1, "部件": 1, "栏": 1, "厚": 1, "设有": 1, "摄像头": 4, "电源": 1, "按钮": 1, "指纹": 1, "读取器": 1, "底部": 1, "USB": 1, "C端口": 1, "内部": 3, "麒麟": 2, "980": 1, "处理器": 5, "8GB": 1, "内存": 1, "512GB": 1, "存储": 1, "空间": 1, "4500": 1, "毫安": 1, "容量": 1, "电池": 2, "支持": 2, "得益": 1, "型号": 1, "巴龙": 1, "5000": 1, "调制解调器": 1, "适用于": 1, "国家": 1, "中频": 1, "毫米波": 1, "光谱": 1, "新兴": 1, "市场": 2, "设计": 10, "很": 6, "独特": 1, "放": 2, "书": 1, "外部": 3, "优势": 2, "展开": 1, "电脑": 1, "屏幕": 8, "一点": 1, "内外": 1, "机身": 1, "折痕": 1, "充当": 1, "前方": 1, "自拍": 1, "后方": 1, "翻转": 1, "即可": 1, "指出": 1, "弊端": 1, "弯曲": 1, "材料": 1, "易碎": 2, "软": 2, "塑料": 3, "划痕": 1, "凹痕": 1, "永久": 1, "损坏": 1, "保护": 1, "暴露": 1, "外面": 1, "位于": 1, "柔软": 1, "摩擦": 1, "桌面": 1, "口袋": 1, "东西": 1, "耐用性": 1, "担忧": 1, "办法": 1, "一同": 1, "出售": 1, "封样": 1, "真皮": 1, "保护套": 1, "工作": 1, "人员": 1, "展示": 1, "屏5G": 1, "新华社": 1, "年关": 1, "将近": 1, "不少": 2, "网友": 2, "想": 2, "台": 1, "不错": 2, "迎接": 1, "全新": 1, "2020": 1, "实在": 1, "太": 1, "不知": 1, "下手": 1, "国产": 1, "一般来说": 1, "3000": 12, "差": 1, "外观": 3, "价位": 10, "段": 3, "中外观": 1, "差距": 2, "OPPO": 13, "Reno": 13, "Ace": 13, "水滴屏": 1, "居中": 2, "渐变": 1, "色": 1, "刘": 1, "海屏": 1, "圆形": 1, "摄渐": 1, "变色": 1, "喜欢": 2, "一体化": 1, "潮流": 1, "浴霸": 1, "值得一提的是": 1, "视觉": 2, "大部分": 3, "刷": 1, "新度": 1, "采用": 3, "60": 4, "Hz": 5, "秒钟": 2, "刷新": 2, "画面": 5, "公认": 1, "标准值": 1, "90": 5, "电": 3, "竞屏": 3, "相比": 1, "H": 1, "秒": 1, "50%": 1, "看上去": 1, "流畅": 4, "顺滑": 1, "原本": 1, "感觉": 1, "难": 1, "回去": 1, "感受": 1, "动图": 1, "开镜": 1, "大幅": 1, "提升": 2, "数十": 1, "大作": 1, "模式": 1, "舞台": 1, "骁龙8": 1, "9": 1, "骁龙": 2, "855+": 2, "麒麟990": 1, "顶级": 1, "优": 2, "刚好": 1, "安卓": 1, "顶尖": 1, "大型": 1, "强劲": 1, "稍": 1, "影像": 1, "系统": 2, "摄": 1, "组合": 1, "主摄": 2, "像素": 1, "4000W": 1, "水准": 1, "低于": 1, "就算": 1, "合格": 1, "摄影像": 1, "4800W": 1, "超高像素": 1, "上图": 1, "拍": 1, "样张": 1, "强光": 1, "照射": 1, "环境": 1, "亮度": 1, "通透性": 1, "色彩": 1, "控制": 1, "快充": 4, "处于": 1, "瓶颈": 1, "状态": 1, "当下": 1, "25W~40W": 1, "范畴": 1, "时间": 2, "分钟": 2, "调皮": 1, "65W": 1, "27": 1, "快": 2, "充电": 2, "独家": 1, "五五": 1, "如果说": 2, "OK": 1}