{"参考": 4, "消息网": 2, "8月": 4, "21日": 1, "报道": 3, "本周一": 1, "19日": 1, "美国": 8, "延长": 1, "华为": 31, "临时": 1, "通用": 1, "许可": 1, "本周五": 1, "23日": 1, "世界": 2, "重磅": 1, "消息": 3, "网": 2, "当天": 1, "Ascend": 1, "910": 1, "AI": 4, "处理器": 1, "Mind": 1, "Spore": 1, "计算": 1, "框架": 1, "发布会": 1, "会上": 1, "发布": 6, "技术": 6, "舆论": 2, "近期": 2, "首次": 1, "9日": 1, "开发者": 1, "大会": 1, "公司": 4, "自主": 1, "研发": 2, "鸿蒙": 4, "操作": 3, "系统": 4, "法新社": 1, "称": 3, "中国": 2, "电信": 1, "巨头": 1, "一个": 4, "很": 2, "、": 3, "利润": 1, "极为": 1, "丰厚": 1, "市场": 2, "安卓": 1, "正面": 1, "竞争": 1, "同一天": 1, "10月": 1, "推出": 1, "地图": 5, "服务": 2, "取名": 1, "套件": 3, "Map": 3, "Kit": 3, "俄罗斯": 1, "卫星": 1, "通讯社": 1, "网站": 1, "供": 1, "消费者": 2, "旨在": 1, "鼓励": 1, "软件": 1, "开发": 1, "人员": 1, "映射": 1, "功能": 1, "提出": 1, "程序": 2, "连接": 1, "150": 1, "国家": 1, "地区": 1, "第三方": 1, "本地": 1, "提供商": 1, "提供": 1, "40": 1, "语言": 1, "版本": 2, "观点": 1, "有望": 1, "利器": 1, "频繁": 2, "领域": 3, "亮剑": 1, "国际": 1, "关系": 1, "研究院": 1, "学者": 1, "李峥": 1, "接受": 1, "采访": 1, "遭受": 1, "不公正": 2, "待遇": 2, "表现": 1, "理性": 1, "政府": 1, "法律": 1, "层面": 1, "抗辩": 1, "；": 1, "长期": 1, "积累": 1, "成果": 1, "外界": 2, "展现": 1, "自生": 1, "能力": 1, "此次": 1, "即将": 1, "亦": 1, "产品": 1, "传递": 1, "信号": 1, "依赖": 1, "企业": 1, "发展": 3, "打压": 2, "切断": 1, "面对": 1, "不久前": 1, "公布": 3, "半年": 2, "业绩": 3, "份": 1, "列入": 1, "实体名单": 1, "度": 1, "显示": 1, "上半年": 3, "营收": 1, "同比": 2, "增长": 3, "23.2%": 1, "4013亿": 1, "元": 2, "人民币": 2, "彭博社": 1, "2019年": 1, "利润率": 1, "8.7%": 1, "智能": 1, "手机": 1, "出货量": 1, "含": 1, "荣耀": 1, "飙升": 1, "24%": 1, "1.18亿": 1, "台": 1, "董事长": 1, "梁华": 1, "讲话": 1, "提到": 1, "：": 2, "客观": 1, "5月份": 1, "收入": 1, "快": 1, "‘": 6, "实体": 1, "清单": 1, "’": 6, "惯性": 1, "面临": 1, "困难": 3, "依然": 1, "投入": 2, "人力": 1, "物力": 1, "切换": 1, "供应": 1, "连续性": 1, "管理": 1, "保障": 1, "全球": 1, "客户": 1, "交付": 1, "都": 1, "未来": 2, "经营": 1, "影响": 2, "架": 1, "烂": 1, "飞机": 1, "补洞": 2, "运营商": 1, "业务": 2, "基本上": 1, "补": 1, "差不多": 1, "重点": 1, "生存": 2, "奋斗": 1, "梁": 1, "华称": 1, "外部": 1, "环境": 1, "暂时": 1, "节奏": 1, "改变": 2, "方向": 2, "战略": 1, "活": 1, "保证": 1, "投资": 1, "计划": 1, "1200亿": 1, "克服": 1, "短期": 1, "挑战": 1, "时期": 1, "标题": 1, "硬气": 1, "！": 1, "周一": 1, "周五": 1}