{"众所周知": 2, "2019年": 9, "5": 1, "G元": 1, "早前": 1, "巴塞罗那": 1, "MWC": 1, "大会": 3, "小米": 13, "、": 28, "华为": 51, "三星": 15, "都": 14, "一众": 1, "厂商": 9, "推出": 9, "5G": 21, "手机": 41, "iPhone": 9, "全球": 9, "高端": 5, "智能": 5, "代表": 3, "很多": 4, "果粉们": 1, "很": 2, "关注": 3, "现有": 1, "消息": 4, "苹果": 12, "首款": 1, "2020年": 5, "巴克莱": 1, "解释": 1, "版": 2, "调制解调器": 2, "设计": 4, "英特尔": 2, "末": 1, "才": 4, "时间表": 1, "匹配": 1, "也就是说": 1, "自打": 1, "抛弃": 1, "高通": 2, "只能": 2, "指望": 1, "因特尔": 2, "给力": 1, "早些时候": 1, "份": 1, "报告": 1, "显示": 8, "工程": 1, "团队": 2, "处理器": 4, "芯片": 1, "合并": 1, "约翰斯鲁吉": 1, "John": 1, "Srouji": 1, "负责": 1, "项目": 3, "加大": 1, "力度": 1, "打造": 1, "内部": 2, "modem": 1, "依赖": 3, "Qualcomm": 1, "Intel": 1, "联发科": 1, "MediaTek": 1, "Samsung": 1, "外部": 1, "供应商": 2, "短": 1, "时间": 5, "内": 1, "落后": 1, "安卓": 2, "阵营": 2, "长远": 1, "整体": 1, "发展": 3, "极为": 1, "利好": 1, "一个": 9, "热度": 1, "技术": 9, "忽略": 1, "标准": 3, "敲定": 2, "去年": 5, "12月": 1, "独立": 1, "组网": 1, "R16": 1, "第二": 2, "阶段": 3, "还要": 1, "等到": 2, "12月份": 1, "才能": 2, "启动": 2, "运营商": 1, "拿到": 1, "牌照": 1, "网络": 7, "建设": 6, "优化": 1, "用户": 3, "顺畅": 1, "至少": 1, "错失": 1, "没落": 1, "不少": 2, "网友": 3, "：": 11, "元年": 3, "真的": 2, "日子": 1, "好过": 1, "认可": 1, "观点": 1, "名义": 1, "普及": 2, "总得": 1, "3G": 2, "过渡": 1, "4G": 3, "照常": 1, "中国": 15, "联通": 2, "花费": 1, "100多": 1, "亿": 1, "淘汰": 1, "傻子": 1, "程度": 2, "影响": 1, "销量": 2, "这不": 1, "下滑": 1, "在于": 1, "产品": 4, "本身": 1, "创新": 1, "价格": 9, "亮": 1, "折叠": 5, "采用": 1, "挖": 1, "孔屏": 1, "反观": 1, "模板": 1, "三": 2, "结论": 1, "秋季": 1, "发布会": 1, "公司": 1, "亮眼": 1, "宣告": 1, "时代": 2, "结束": 1, "！": 5, "国内": 9, "家喻户晓": 1, "MWC2019": 1, "世界": 3, "全面屏": 1, "mateX": 1, "出尽": 1, "风头": 1, "9": 13, "发布": 10, "拉开": 1, "新品": 2, "旗舰机": 2, "序幕": 1, "蓄势待发": 1, "眼睁睁": 1, "P20": 14, "收获": 1, "不错": 1, "市场": 9, "表现": 2, "迟迟": 1, "下一代": 2, "系列": 5, "年初": 1, "外媒": 1, "爆料": 1, "计划": 1, "P系列": 1, "新机": 7, "太": 1, "意外": 2, "P30": 13, "3月": 1, "26日": 1, "一共": 1, "Lite": 1, "Pro三": 1, "版本": 1, "均": 2, "水": 1, "滴屏": 2, "+": 8, "玻璃": 2, "机身": 1, "细节": 1, "Pro": 3, "区别": 1, "6.1寸": 1, "水滴屏": 1, "配置": 3, "搭载": 2, "麒麟980": 2, "后置": 2, "4000万": 2, "传感器": 3, "IMX600": 2, "2000万": 3, "超": 2, "广角": 2, "500万AI三": 1, "摄": 3, "模式": 2, "30por": 2, "6.5寸": 1, "曲面水": 1, "摄像": 1, "3800": 1, "IMX607": 1, "拍照": 7, "能力": 1, "500万+3D": 1, "TOF": 1, "四": 1, "支持": 3, "10": 1, "倍": 1, "光学": 1, "变焦": 1, "40W": 1, "超级": 1, "快充": 1, "IP": 1, "68": 1, "级别": 1, "防水": 1, "功能": 1, "称": 1, "顶配版": 1, "Pro会": 1, "配备": 1, "12G": 1, "运存": 1, "屏幕": 4, "分辨率": 3, "2340": 2, "×": 2, "1080": 2, "纵横": 1, "19.5:9": 1, "运行": 2, "Android": 2, "Pie": 2, "系统": 2, "基于": 1, "EMUI": 1, "深度": 1, "定制": 1, "基础": 1, "华为p30": 1, "售价": 1, "超过": 2, "4000": 1, "元": 2, "起步价": 1, "8000": 1, "意味着": 1, "相差无几": 1, "抢": 1, "笔者": 1, "体验": 1, "最为": 1, "衡量": 1, "好坏": 1, "本篇": 1, "文章": 1, "内容": 1, "30": 1, "看法": 1, "下方": 1, "留言": 1, "讨论": 1, "快讯": 1, "科技": 1, "带": 1, "资讯": 1, "记者": 10, "莫淑婷": 1, "刘春山": 3, "编辑": 1, "陈俊杰": 1, "郑直": 1, "图片": 3, "来源": 3, "视觉": 2, "折叠屏": 13, "火热": 1, "关键词": 1, "2月": 1, "24日": 1, "业内": 2, "期盼": 1, "折": 2, "叠屏": 3, "HUAWEI": 1, "Mate": 2, "X": 2, "几日": 1, "抢先": 1, "Galaxy": 2, "Fold": 2, "背后": 2, "核心": 5, "难度": 2, "OLED": 24, "面板": 28, "韩": 4, "电子": 6, "产业": 7, "上游": 8, "供应链": 3, "对决": 2, "此前": 2, "产能": 7, "韩国": 9, "LG垄断": 1, "企业": 16, "难免": 1, "卡住": 1, "脖子": 1, "不得不": 1, "脸色": 1, "近年来": 1, "京东方": 10, "天马": 1, "辉光电": 1, "发力": 1, "国产": 4, "柔性": 3, "成功": 3, "大规模": 1, "量产": 1, "2018年": 2, "11月": 1, "检方": 1, "起诉": 1, "11": 1, "窃取": 1, "转卖": 1, "谋利": 1, "155亿": 1, "韩元": 1, "1380万": 1, "美元": 2, "件": 2, "国": 1, "竞争": 2, "增添": 1, "火药味": 1, "2019MWC": 1, "展台": 1, "工作": 1, "人员": 2, "展示": 2, "回顾": 1, "液晶": 7, "历史": 1, "摆脱": 1, "缺芯": 1, "少屏": 1, "窘况": 1, "我国": 5, "走过": 1, "条": 5, "艰辛": 1, "道路": 1, "1998年": 2, "吉林": 2, "彩晶": 2, "日本": 5, "引进": 2, "第1": 2, "生产线": 4, "这是": 1, "大陆": 4, "地区": 1, "首次": 1, "尝试": 2, "自主": 4, "生产": 4, "工信部": 3, "官员": 2, "透露": 2, "有望": 5, "超越": 2, "第一": 9, "进口国": 1, "生产国": 1, "花": 1, "20多": 1, "华丽": 1, "转身": 1, "每日": 5, "经济": 5, "新闻": 5, "后来居上": 2, "高枕无忧": 1, "领域": 3, "关键": 4, "材料": 11, "设备": 8, "进口": 4, "分为": 1, "上中下游": 1, "制造": 5, "零件": 1, "组装": 2, "中游": 1, "模组": 1, "下游": 2, "终端": 1, "群智": 1, "咨询": 1, "Sigmaintell": 1, "资深": 1, "分析师": 3, "吴淑园": 1, "告诉": 2, "国外": 1, "处于": 4, "垄断": 4, "地位": 2, "精密度": 1, "寿命": 1, "差距": 2, "占": 2, "成本": 2, "大头": 1, "有机": 2, "加工链": 1, "大宗": 1, "原料": 1, "中间体": 2, "粗": 2, "单体": 4, "最终": 2, "交由": 1, "面板厂": 1, "多种": 1, "蒸镀": 4, "印刷": 1, "环节": 2, "细分": 1, "壁垒": 1, "增高": 1, "濮阳": 1, "惠成": 1, "万润": 1, "股份": 1, "发光": 1, "业务": 2, "低": 1, "国金": 1, "证券": 4, "研报": 3, "指出": 2, "国际": 5, "化工": 1, "巨头": 1, "LG化学": 1, "德山": 1, "陶氏": 1, "化学": 1, "成熟": 2, "专利权": 1, "难以": 1, "介入": 1, "贴近": 1, "采购": 1, "行业": 7, "端": 1, "有赖于": 1, "工艺": 1, "素点": 1, "良率": 1, "真空": 2, "蒸镀机": 3, "如同": 1, "制程": 1, "心脏": 1, "中高档": 1, "Canon": 5, "Tokki": 5, "Sunic": 1, "System": 1, "YAS": 1, "SFA": 1, "所需": 1, "国盛": 1, "2017年": 5, "独家": 2, "买下": 1, "年产能": 1, "(": 1, "3-4": 1, "台": 5, ")": 1, "扩产": 1, "LGD": 1, "拿下": 1, "成都": 1, "G6": 1, "季度": 1, "导入": 1, "依托": 2, "部件": 4, "柔性屏": 2, "铰链": 4, "半导体": 1, "人士": 3, "柔": 1, "性屏": 1, "所在": 1, "90%": 2, "西南": 1, "陈杭": 1, "包括": 2, "内存": 1, "维信诺": 1, "胜负": 1, "奥维睿沃": 2, "预计": 1, "需求": 1, "4.5亿": 1, "同比": 1, "增长": 2, "37%": 1, "2亿": 2, "为首": 1, "消耗": 1, "110万": 1, "罩": 1, "X折": 1, "摄OLED": 1, "份额": 2, "手里": 1, "AVC": 1, "Revo": 1, "提供": 1, "数据": 1, "AMOLED": 2, "2%": 1, "4%": 1, "比例": 1, "10%": 1, "天风": 1, "郭明錤": 1, "转轴": 2, "单价": 1, "高达": 1, "40": 1, "KH": 1, "Vatec": 1, "供货商": 1, "TCL": 1, "柔宇": 1, "研发": 1, "商用": 1, "东西": 1, "都会": 1, "困难": 1, "从小到大": 1, "产业链": 2, "慢慢": 1, "越来越": 1, "站稳": 1, "脚跟": 1, "面临": 2, "激烈": 1, "早": 1, "上世纪": 1, "90年代": 1, "业界": 1, "霸主": 1, "周期": 2, "变迁": 1, "竞争力": 1, "下降": 1, "异军突起": 1, "挤出": 1, "DTI": 1, "东芝": 1, "IBM": 1, "合资企业": 1, "随后": 1, "资金": 1, "因素": 1, "夭折": 1, "2003年": 1, "收购": 1, "TFT-LCD": 2, "投资": 2, "第五": 1, "2005年": 1, "投产": 2, "自此": 1, "告别": 1, "液晶屏": 1, "衰退": 1, "亏损": 2, "媒体": 1, "感受": 1, "屏": 1, "衰退期": 1, "加紧": 1, "扩张": 2, "案例": 1, "在先": 1, "2009年": 1, "大举": 1, "连续": 1, "上马": 1, "合肥": 1, "6": 2, "线": 2, "北京": 1, "亦庄": 1, "8.5": 2, "夜": 1, "之间": 1, "TFT": 1, "改变": 1, "封锁": 1, "态度": 2, "纷纷": 1, "高世代线": 1, "2010年": 1, "华星": 1, "光电": 1, "深圳": 1, "光明": 1, "新区": 1, "年报": 1, "当年": 2, "显示屏": 2, "出货": 1, "4亿": 1, "位居": 1, "事业": 1, "LCD": 1, "平板": 1, "电脑": 2, "屏市": 2, "占率": 2, "笔记本": 1, "信息司": 1, "副司长": 1, "吴胜武": 1, "2018": 1, "年间": 1, "面板线": 2, "开工": 2, "10.5/11": 1, "崛起": 1, "彩电": 2, "大地": 1, "降低": 1, "压力": 1, "缺乏": 1, "议价权": 1, "说到": 1, "助攻": 1, "出货量": 1, "目标": 1, "荣耀": 3, "旗下": 1, "8": 1, "V10": 1, "肯定": 1, "功臣": 1, "影响力": 1, "实力": 2, "舞台": 1, "指": 1, "明华": 1, "未来": 1, "方向": 1, "标志性": 1, "公认": 1, "最佳": 1, "顶级": 1, "Mate20": 1, "依然": 3, "S10": 1, "咄咄逼人": 2, "年度": 1, "旗舰": 4, "拿出": 1, "小编": 3, "现阶段": 1, "上一代": 1, "机皇": 1, "如今": 2, "骤降": 3, "款": 1, "同期": 2, "保值率": 1, "降": 1, "一点点": 1, "6G": 1, "128": 1, "G版": 1, "跌": 1, "4100": 2, "价位": 1, "最低价": 1, "到底": 1, "认怂": 4, "让路": 3, "原因": 4, "简单": 1, "迎接": 1, "老款": 2, "降价": 8, "潜规则": 1, "上架": 2, "买": 2, "好比": 1, "iPhoneXS": 1, "反而": 1, "iPhone8": 2, "PRO": 2, "马上": 1, "排除": 1, "姿态": 1, "体现": 1, "价值": 1, "不说": 1, "滞销": 1, "强势": 1, "友商": 1, "对比": 1, "高端机": 1, "冲击": 1, "蛮大": 1, "来袭": 1, "外观": 1, "具备": 2, "优势": 1, "性能": 1, "颜值": 1, "下风": 1, "情况": 1, "就要": 1, "赶超": 1, "清理": 1, "库存": 1, "新款": 1, "丢脸": 1, "MIX2s": 1, "无人问津": 1, "代表作": 1, "一点": 1, "赢": 1, "起跑线": 1, "标配": 1, "800万": 1, "像素": 1, "用武之地": 1, "换机": 1, "麒麟970": 1, "挺": 1, "惧": 1, "摆": 1, "眼前": 1, "2999": 1, "选": 1, "备注": 1, "侵权": 1, "烦请": 1, "删除": 1, "谢谢": 1}