{"一个": 27, "巧合": 1, "局面": 3, "英国": 17, "华为": 258, "拿到": 3, "订单": 6, "科技": 4, "发展": 17, "快": 3, "如今": 4, "我国": 8, "智能": 11, "手机": 36, "都": 31, "领域": 12, "崛起": 8, "厂商": 2, "消息": 7, "国": 6, "禁售": 2, "发酵": 2, "传出": 2, "进军": 2, "国际": 10, "市场": 44, "美国": 48, "联合": 3, "国家": 30, "抵制": 3, "理由": 3, "国人": 2, "不解": 1, "禁止": 10, "力度": 1, "很早以前": 1, "相关": 2, "通行证": 1, "很多": 15, "合作": 11, "设备": 21, "全球": 50, "占": 4, "一半": 3, "近期": 1, "困难": 2, "太": 2, "5G": 55, "投票": 3, "差": 3, "票": 4, "败给": 2, "高通": 18, "关键性": 1, "投给": 1, "走": 9, "艰辛": 2, "前段": 1, "时间": 4, "名字": 1, "名单": 2, "划去": 1, "也就是说": 1, "建设": 5, "机会": 9, "心痛": 1, "讲": 1, "不再": 1, "4G": 9, "单子": 1, "想要": 3, "费尽": 1, "心思": 1, "这次": 1, "损失": 6, "带头": 1, "感受": 1, "威胁": 1, "带领": 1, "半路": 1, "杀": 1, "游说": 1, "将要": 2, "签订": 3, "停止": 2, "响应": 1, "发生": 3, "事情": 1, "拒绝": 3, "价格": 4, "想": 3, "降低": 1, "排除": 3, "在外": 1, "网络": 13, "瘫痪": 1, "不少": 2, "基本上": 1, "爱立信": 7, "站": 4, "解释": 2, "转机": 1, "本来": 1, "希望": 3, "国外": 10, "传": 1, "苹果": 25, "公司": 47, "地区": 9, "剩新": 1, "发布": 8, "三": 7, "款": 13, "型号": 1, "出售": 1, "试": 1, "申诉": 1, "驳回": 1, "方向": 1, "件": 4, "越来越": 1, "火": 1, "词汇": 2, "未来": 8, "关系": 3, "改变": 3, "世界": 11, "！": 10, "通讯": 38, "社会": 5, "作用": 3, "处在": 1, "时代": 14, "生活": 2, "足够": 2, "推动": 2, "网速": 3, "几十": 1, "倍": 5, "上百": 1, "整体": 1, "产业": 3, "都会": 5, "变革": 3, "万物": 2, "互联": 2, "初": 2, "端倪": 1, "VR": 1, "/": 8, "AR": 1, "自动": 2, "驾驶": 1, "家居": 1, "大把": 1, "革命": 2, "时机": 2, "得当": 1, "命运": 3, "不止": 1, "企业": 51, "国内": 6, "最为": 2, "强大": 1, "技术": 36, "最前列": 1, "CTIA": 1, "公布": 2, "调查": 2, "数据": 6, "实力": 3, "实在": 1, "第一": 9, "梯队": 1, "才": 6, "韩国": 1, "日本": 6, "领先": 4, "乐意": 2, "3G": 4, "核心": 9, "靠着": 1, "专利": 4, "上百亿": 1, "美元": 5, "授权费": 1, "落": 1, "趁机": 1, "打败": 1, "供应商": 8, "解决": 2, "方案": 4, "提供者": 1, "本身": 4, "巨头": 13, "牵制": 1, "路": 2, "变得": 2, "难": 1, "为由": 5, "盟友": 1, "施压": 1, "对付": 2, "导致": 2, "西方": 7, "诺基亚": 4, "拿去": 1, "敌人": 1, "实际上": 4, "外部": 1, "迎刃而解": 1, "任正非": 8, "战争": 1, "赢": 1, "许输": 1, "钻研": 1, "欧洲": 10, "12": 1, "中东": 4, "5": 3, "23": 2, "合约": 3, "甩开": 1, "众": 1, "对手": 5, "市占率": 1, "刚": 2, "葡萄牙": 2, "法国": 7, "传统": 4, "豪强": 1, "有意": 1, "大单": 1, "表态": 1, "春天": 1, "经济": 4, "财政": 1, "部长": 1, "公安": 1, "开场": 1, "岁": 1, "一家": 7, "电信": 10, "投资": 4, "排头兵": 1, "为首": 2, "商用": 6, "全世界": 2, "大规模": 1, "落地": 1, "扎根": 1, "2018年": 8, "IOT": 1, "物联网": 2, "峰会": 1, "总裁": 2, "称": 4, "：": 11, "2019年": 1, "6月": 2, "推出": 2, "制式": 1, "进程": 3, "等待": 2, "运营商": 12, "改": 1, "往日": 1, "低调": 1, "处事": 1, "风格": 1, "会议": 4, "频繁": 1, "亮相": 1, "成果": 1, "无形": 1, "之中": 1, "给予": 1, "竞争": 15, "重压": 2, "包含": 1, "在内": 2, "标准": 5, "制定者": 1, "认证": 5, "多达": 1, "1481": 1, "项": 1, "增加": 2, "研发": 21, "性能": 5, "未必": 1, "性价比": 1, "超越": 9, "绝望感": 1, "产品": 24, "竞争力": 3, "基站": 2, "售后": 1, "配套": 1, "服务": 10, "均": 1, "相提并论": 1, "各国": 4, "政府": 13, "采购方": 1, "花费": 1, "代价": 1, "采购": 5, "竞品": 1, "商讨": 2, "协定": 1, "开放": 2, "随后": 2, "发言人": 2, "公开": 2, "事宜": 1, "业务": 18, "版图": 1, "进一步": 2, "涉及": 2, "、": 47, "北非": 1, "亚洲": 1, "北京": 1, "测试": 2, "信号": 1, "终端": 3, "实测": 1, "稳定": 1, "突破": 6, "300MB/s": 1, "百倍": 1, "速度": 4, "场景": 3, "吞吐量": 1, "来到": 1, "全新": 1, "高度": 2, "中国": 38, "信通院": 1, "广东": 1, "成立": 4, "创新": 5, "中心": 8, "地点": 2, "选": 1, "深圳": 1, "开发": 5, "各条": 1, "产业链": 1, "之下": 2, "亮": 1, "底牌": 2, "拥有": 2, "自主": 5, "处理器": 6, "芯片": 16, "硬": 1, "并非": 2, "专业": 1, "闹出": 1, "矛盾": 2, "这块": 1, "被动": 1, "知晓": 1, "积累": 1, "这才": 2, "狮子大开口": 1, "索要": 1, "70亿": 1, "专利费": 5, "据悉": 1, "蜂窝": 1, "调制解调器": 1, "系统": 3, "架": 1, "构师": 1, "成员": 1, "清单": 3, "扩充": 1, "基带": 4, "意味着": 3, "模块": 1, "来得": 1, "晚": 2, "早": 2, "2015年": 1, "iPhone6s": 1, "用到": 1, "iPhoneX": 1, "3": 5, "从未": 1, "设计": 6, "闹掰": 1, "紧急": 1, "英特尔": 1, "替代": 1, "iPhone": 8, "信号门": 1, "事件": 6, "产品线": 1, "火热": 1, "未雨绸缪": 1, "掌舵者": 1, "长远": 4, "眼光": 3, "硕果累累": 1, "创始人": 1, "密不可分": 1, "创立": 1, "技工贸": 1, "战略": 5, "深入人心": 1, "当头": 1, "2017年": 13, "投入": 6, "资金": 2, "897亿": 1, "元": 15, "预算": 1, "1000亿": 2, "量级": 1, "放": 2, "行业": 6, "排名": 3, "创人": 1, "明天": 1, "冬天": 2, "应运而生": 1, "传颂": 1, "每时每刻": 1, "活": 5, "风雨": 2, "紧迫感": 1, "人人": 1, "具备": 2, "回应": 3, "走出": 1, "国门": 2, "主动": 1, "进攻": 1, "搏": 1, "击中": 1, "学习": 1, "熟悉": 3, "赢得": 2, "......": 1, "朴实": 1, "话语": 2, "流露": 1, "真谛": 1, "令人钦佩": 1, "对此": 3, "1月": 1, "5日": 1, "拉斯维加斯": 1, "消费": 3, "电子展": 1, "参观者": 1, "体验": 2, "虚拟": 1, "现实": 1, "新华": 1, "荆棘": 1, "丛生": 1, "国际化": 4, "道路": 1, "新闻": 6, "周刊": 5, "记者": 1, "贺斌": 1, "鲍": 1, "安琪": 1, "本文": 2, "首发": 1, "第881": 1, "期": 2, "堪称": 1, "艰难": 2, "时刻": 1, "12月": 4, "10日": 1, "孟晚舟": 5, "持续": 3, "出台": 3, "关上": 1, "大门": 1, "当天": 2, "首相": 1, "官邸": 1, "府": 1, "省厅": 1, "攻击": 1, "对策": 1, "负责人": 2, "出席": 1, "内阁": 1, "官房": 1, "长官": 1, "菅义伟": 1, "记者会": 1, "植入": 1, "窃取": 1, "破坏": 2, "信息": 5, "恶意": 1, "功能": 3, "针对": 2, "特定": 1, "日方": 4, "点名": 1, "此前": 6, "澳大利亚": 3, "禁令": 4, "中兴": 9, "观察家": 1, "事实上": 1, "外交部": 2, "例行": 1, "发布会": 2, "陆慷": 1, "中方": 2, "外交": 1, "渠道": 2, "沟通": 2, "执行": 2, "情况": 3, "关注": 2, "经营": 5, "活动": 4, "歧视性": 1, "对待": 1, "新西兰": 2, "相继": 1, "发出": 1, "五": 4, "眼": 4, "情报": 4, "联盟": 5, "成员国": 2, "一大": 2, "面临": 6, "类似": 1, "做法": 2, "压力": 3, "加拿大": 3, "美方": 2, "1日": 1, "拘押": 2, "副董事长": 1, "首席": 1, "财务官": 1, "该国": 1, "两难": 1, "境地": 1, "20年": 1, "定位": 4, "考验": 1, "1987年": 2, "代理": 1, "香港": 1, "起家": 1, "很": 21, "长": 2, "段": 1, "内": 3, "单一": 1, "生产": 4, "农村": 3, "包围": 2, "城市": 5, "销售": 13, "策略": 2, "低": 3, "成本": 4, "方式": 2, "抢占": 2, "规模": 2, "1995年": 1, "15亿": 1, "员工": 5, "数量": 2, "800": 1, "全国": 2, "电子": 2, "百": 1, "第26": 1, "民营": 3, "总体": 2, "放缓": 1, "程控": 1, "交换机": 1, "利润": 1, "吞蚀": 1, "空前": 1, "需求": 4, "多元化": 1, "‘": 5, "’": 5, "副": 2, "董事长": 5, "郭平": 4, "2012年": 1, "内在": 1, "动力": 1, "介绍": 2, "1998年": 2, "酝酿": 1, "重组": 2, "忙": 1, "内部": 2, "订货": 1, "卖": 2, "逼迫": 1, "找": 1, "首选": 2, "俄罗斯": 2, "两眼一抹黑": 1, "只能": 2, "客户": 3, "做好": 2, "调研": 1, "那时候": 1, "海外": 5, "激烈": 4, "最初": 1, "异常": 1, "回报": 1, "2000年": 1, "互联网": 2, "泡沫": 1, "带来": 8, "机遇": 1, "——": 3, "撤走": 1, "坚守": 1, "合同": 6, "16亿": 1, "阶段": 2, "拓展": 3, "依然": 2, "采用": 4, "选择": 3, "发展中国家": 1, "做起": 1, "打入": 2, "发达": 2, "30％": 2, "北美": 2, "面对": 2, "尽快": 1, "覆盖": 1, "浪费": 2, "寻求": 1, "欧美": 3, "苛刻": 1, "记得": 1, "2003年": 1, "打算": 1, "接受": 3, "BT": 4, "想到": 1, "过程": 6, "历时": 1, "严苛": 1, "宿舍": 1, "环境": 2, "主管": 1, "亲自": 2, "这是": 7, "责任": 1, "2005年": 2, "21": 2, "世纪": 2, "提供": 7, "接入": 1, "部件": 1, "传输": 1, "首次": 2, "荷兰": 1, "Telfort": 1, "价值": 3, "超过": 12, "2500万": 1, "商业": 5, "规则": 7, "完善": 1, "体系": 6, "遵守": 1, "创造": 5, "得以": 1, "成功": 2, "销售额": 2, "少有": 2, "治理": 3, "机制": 4, "制度": 5, "利益": 10, "相关方": 1, "互动": 1, "努力": 1, "现有": 1, "清华": 1, "大学": 3, "4.5": 1, "研究院": 2, "副院长": 1, "管理": 11, "学院": 2, "创业": 1, "主任": 1, "朱": 6, "恒源": 6, "评价": 1, "朱恒源": 4, "全球化": 19, "所有人": 1, "包括": 4, "接纳": 1, "外国": 3, "主导": 3, "发达国家": 1, "建立": 6, "空间": 2, "唯一": 2, "办法": 1, "学会": 1, "别人": 1, "语言": 2, "表达": 1, "诉求": 1, "英语": 1, "内嵌": 1, "一文不值": 1, "2001年": 2, "总部": 1, "位于": 1, "伦敦": 1, "雷丁": 1, "遍及": 2, "新华华": 1, "印度": 2, "研究所": 1, "办公区": 1, "视觉": 1, "年报": 1, "170": 1, "1/3": 2, "人口": 1, "收入": 14, "6036.21亿": 1, "受益于": 1, "数字化": 2, "转型": 2, "加速": 1, "份额": 5, "提升": 5, "非洲": 2, "人民币": 4, "1638.54亿": 1, "同比": 7, "增长": 8, "4.7％": 1, "；": 3, "亚太": 2, "744.27亿": 1, "10.3％": 1, "美洲": 1, "区域": 1, "拉丁美洲": 2, "周期": 1, "波动": 1, "影响": 3, "下滑": 1, "392.85亿": 1, "分为": 3, "三大": 3, "消费者": 5, "49.3％": 1, "9.1％": 1, "39.3％": 1, "围绕": 1, "步入": 1, "部署": 1, "loT": 1, "视频": 3, "2978.38亿": 1, "2.5％": 1, "显示": 1, "十余": 1, "30多": 1, "预商": 1, "ITU": 2, "签署": 2, "350": 1, "NFV": 1, "虚拟化": 1, "380": 1, "SDN": 1, "软件": 2, "定义": 1, "30": 1, "Cloud": 1, "AIR": 1, "无线": 1, "空口": 1, "云化": 1, "50万": 1, "loT基站": 1, "固定": 1, "用户": 3, "1.9亿": 1, "活跃": 1, "用户数": 1, "14亿": 1, "197": 1, "500": 1, "45": 1, "100": 1, "伙伴": 1, "549.48亿": 1, "35.1％": 1, "．": 1, "2372.49亿": 1, "10％": 3, "居": 1, "品牌": 6, "知名度": 1, "81％": 1, "86％": 1, "截至": 2, "零售": 1, "阵地": 1, "45000": 1, "官网": 1, "60": 1, "分支": 3, "机构": 3, "4": 2, "14": 2, "24": 1, "8": 3, "1999年": 1, "班加罗尔": 1, "设立": 3, "第二": 4, "瑞典": 1, "首都": 1, "斯德哥尔摩": 1, "第四": 1, "36": 1, "室": 1, "累计": 1, "费用": 2, "3940亿": 1, "研究": 2, "人员": 1, "8万": 1, "名": 2, "人数": 1, "45％": 1, "支出": 1, "896亿": 1, "全年": 1, "14.9％": 1, "采访": 1, "中将": 1, "70％": 1, "当地": 4, "年底": 3, "18万": 1, "国籍": 1, "160": 1, "层次": 2, "本国": 5, "管理者": 2, "当地人": 3, "知名": 1, "跨国": 1, "天花板": 1, "外国人": 1, "管理层": 1, "一点": 7, "停留": 1, "程度": 2, "浙江": 1, "院长": 1, "智库": 1, "CCG": 1, "学术": 1, "专家": 2, "委员会": 1, "吴晓波": 7, "一番": 1, "解读": 1, "近年来": 1, "形式": 2, "DMS": 1, "制造": 5, "环节": 2, "资源": 4, "改革": 1, "意义": 1, "基于": 3, "跨国公司": 1, "MNC": 1, "访问": 1, "埃及": 1, "加纳": 1, "制度化": 2, "合规": 5, "管理所": 1, "折服": 1, "跨越": 1, "国界": 1, "自我": 1, "运营": 3, "特色": 1, "遵循": 1, "法律": 7, "法规": 4, "符合": 1, "组织": 1, "规范": 1, "实行": 2, "严密": 1, "遵从": 3, "就业": 3, "围剿": 2, "成人礼": 2, "早就": 2, "谨守": 1, "2007年": 1, "IBM": 1, "八": 1, "IFS": 1, "集成": 5, "财经": 1, "构建": 2, "配置": 3, "效率": 2, "流程": 2, "优化": 1, "内控": 1, "开启": 1, "精细化": 1, "套": 6, "源自": 1, "视野": 1, "思维": 1, "红线": 1, "4月": 3, "欲": 1, "mate10": 1, "系列": 4, "不得不": 2, "暂时": 2, "搁置": 1, "16日": 1, "美国商务部": 1, "违反": 3, "伊朗": 5, "制裁": 4, "公告": 1, "7": 2, "年内": 1, "购买": 1, "敏感": 1, "华尔街": 1, "日报": 1, "报道": 1, "紧张": 1, "局势": 1, "升级": 2, "确凿": 1, "证据": 1, "损害": 2, "投资者": 1, "美国商": 1, "业": 1, "信心": 1, "透明": 1, "双赢": 1, "业内": 2, "人士": 1, "分析": 1, "背后": 1, "折射": 1, "电路": 3, "半导体": 1, "主流": 2, "中低端": 3, "基础": 3, "能力": 2, "欠缺": 1, "依赖": 2, "第三方": 1, "先进": 2, "IP核": 1, "工艺": 1, "外包": 1, "最终": 2, "受制于人": 1, "借由": 1, "宣称": 1, "9月": 1, "子公司": 2, "海思": 1, "半导": 1, "有限": 1, "新一代": 1, "人工": 1, "麒麟980": 1, "用于": 1, "麒麟": 2, "一经": 1, "台湾": 2, "联发科": 2, "高层": 1, "场合": 1, "荣耀": 3, "自用": 1, "上个月": 1, "2018": 3, "年度": 1, "33": 1, "在列": 1, "IC": 2, "长久以来": 1, "知识": 1, "产权": 1, "封装": 1, "分享": 1, "收益": 2, "东亚": 1, "平衡": 2, "打破": 1, "多年": 3, "维护": 2, "冲突": 3, "贸易": 1, "结构": 1, "经历": 4, "历程": 1, "新兴": 1, "经济体": 1, "颠覆式": 1, "华为动": 1, "奶酪": 1, "到来": 1, "展开": 1, "5月": 1, "GPP": 1, "主办": 1, "长码": 2, "短码": 2, "控制码": 1, "竞争者": 1, "Polar": 1, "LDPC": 1, "出局": 1, "依旧": 1, "付给": 1, "经此一役": 1, "话语权": 1, "二十多": 1, "正是": 2, "担忧": 2, "提出": 1, "之间": 1, "共享": 1, "情势": 1, "节骨眼": 1, "非官方": 1, "SkyCom": 1, "交易": 1, "措施": 3, "引渡": 1, "暴露": 1, "保护": 2, "既得利益": 1, "力图": 1, "实施": 1, "新生": 1, "立法": 1, "加上": 1, "立场": 1, "理解": 1, "差异": 1, "新加坡": 1, "国立": 1, "副教授": 1, "王江雨": 2, "顿时": 1, "瞩目": 1, "焦点": 1, "坐实": 1, "印象": 1, "盟友们": 1, "打交道": 2, "谨慎": 2, "想尽办法": 1, "听从": 1, "意见": 1, "危险": 1, "声誉": 1, "正当": 2, "手段": 2, "应对": 1, "展现": 2, "独立性": 1, "国民": 2, "个体": 1, "不必": 1, "配合": 1, "角色": 1, "声明": 1, "克制": 1, "敬佩": 1, "地方": 2, "侵犯": 1, "劝说": 1, "别国": 1, "政治": 2, "决策": 2, "权力": 1, "扼杀": 1, "推": 1, "就要": 1, "互惠": 1, "互利": 1, "力量": 2, "退潮": 1, "扛": 1, "共赢": 1, "旗帜": 2, "保护主义": 1, "同意": 1, "阻击": 1, "说法": 1, "逆": 3, "一部分": 1, "出于": 2, "违背": 1, "长期": 1, "优势": 2, "期中": 1, "标榜": 1, "自由": 1, "原则": 1, "不利于": 1, "最大化": 1, "值得": 4, "警惕": 1, "政客": 1, "自私": 1, "考量": 1, "置于": 1, "国际法": 1, "之上": 2, "种种": 1, "莫须有": 1, "猜测": 1, "臆断": 1, "泛政治化": 1, "倾向": 1, "大地": 1, "文明": 2, "信奉": 1, "公平": 1, "繁荣": 1, "依法": 1, "理性": 3, "处置": 1, "轮": 1, "范式": 1, "政治家们": 1, "起点": 1, "人类": 1, "携手": 1, "共进": 1, "混沌": 1, "历来": 1, "再次": 1, "算计": 1, "刁难": 6, "难以": 1, "立足": 1, "算": 1, "大一": 1, "销路": 2, "刁钻": 1, "奇怪": 1, "政策": 2, "削弱": 1, "听到": 1, "网友": 2, "坐": 1, "不住": 1, "感到": 2, "不满": 1, "处处": 1, "思考": 1, "熟知": 1, "想必": 1, "显得": 2, "陌生": 1, "难道": 1, "好处": 3, "答案": 1, "否定": 1, "下手": 1, "坏": 1, "吃亏": 1, "自然": 2, "到底": 1, "讲讲": 1, "工序": 1, "相对于": 1, "劳动力": 1, "低廉": 1, "搬移": 1, "富士康": 1, "例子": 2, "郑州": 1, "产地": 1, "生产厂": 1, "迁移": 1, "岗位": 2, "上百万": 1, "工作": 1, "丧失": 1, "原因": 1, "还给": 1, "税收收入": 1, "增值税": 1, "数目": 1, "受阻": 1, "厂家": 2, "搬到": 2, "带给": 1, "笔": 1, "东南亚": 1, "到时候": 1, "不怎么": 1, "比如说": 2, "痴迷": 1, "果粉": 1, "买到": 1, "税收": 1, "搬": 1, "石头": 1, "砸": 1, "脚": 1, "别提": 1, "身上": 1, "好说": 1, "岗": 1, "远远": 1, "坏处": 1, "不利": 1, "加税": 1, "汽车": 1, "好多": 1, "一向": 1, "高端": 2, "形象": 2, "示人": 1, "红得发紫": 1, "P20": 2, "mate20": 1, "不错": 3, "机型": 13, "代表": 1, "P": 1, "mate": 1, "CEO": 1, "余承东": 1, "高管": 1, "17号": 1, "正式": 2, "压轴": 1, "nova4": 2, "畅享": 4, "主打": 1, "提前": 1, "上市": 2, "低端": 6, "畅享9": 4, "存储": 1, "支持": 9, "TF卡": 2, "512GB": 2, "扩展卡": 2, "旗舰": 2, "当中": 1, "估计": 3, "三星": 2, "仅仅": 1, "厚道": 2, "9厚道": 1, "不仅仅": 1, "搭载": 2, "珍珠": 1, "屏幕": 6, "类似于": 2, "X": 1, "分辨率": 1, "720P": 1, "确实": 1, "屏占": 1, "比方面": 1, "9": 2, "86%": 1, "肯定": 1, "毕竟": 1, "屏": 1, "想法": 1, "设法": 1, "屏占比": 1, "机身": 1, "后盖": 1, "亮点": 1, "多种": 1, "色彩": 1, "失望": 1, "骁龙": 2, "450": 1, "新机": 1, "4000": 1, "毫安": 1, "电池": 1, "续航": 3, "无论是": 1, "电": 1, "既有": 1, "价位": 1, "999": 1, "1000": 1, "称作": 1, "红米价": 1, "官方": 4, "千": 1, "实力派": 1, "一二线": 1, "三四线": 1, "6.26": 1, "英寸": 1, "备用机": 1, "合适": 1, "中华": 2, "有为": 2, "股价": 1, "暴跌": 1, "平静": 1, "交出": 1, "份": 2, "世人": 1, "震撼": 1, "成绩单": 1, "几日": 1, "轮值": 1, "徐直军": 1, "营业": 2, "千亿": 4, "大关": 2, "17%": 1, "概念": 2, "小编": 3, "牙": 1, "尖怪": 1, "科普": 1, "年收入": 8, "众人": 1, "阿里巴巴": 3, "财年": 1, "业绩": 2, "阿里": 1, "2500亿": 1, "格力": 2, "老总": 2, "董明珠": 1, "小米": 2, "倍数": 1, "雷军": 1, "发货量": 1, "将近": 1, "2亿": 1, "台": 3, "33%": 1, "仅次于": 1, "当之无愧": 2, "7000亿": 2, "搞": 1, "金融": 1, "炒": 1, "房": 1, "缴税": 1, "超": 1, "710亿": 1, "拿下": 3, "纳税额": 1, "接下来": 2, "女儿": 1, "扣留": 2, "大国": 1, "联手": 2, "真的": 1, "可笑": 1, "团结": 1, "态度": 1, "放人": 1, "必将": 1, "后果": 1, "!": 1, "今日": 2, "话题": 1, "传好": 1, "半": 1, "破历年": 1, "纪录": 1, "过硬": 1, "质量": 1, "售后服务": 1, "短": 1, "很快": 1, "大众": 1, "认可": 1, "民族": 3, "心满意足": 1, "秉承": 1, "海内外": 1, "不菲": 1, "接近": 1, "统计": 1, "不负众望": 1, "破": 1, "历年": 1, "记录": 1, "带": 1, "营业额": 3, "美金": 1, "去年": 1, "6000亿": 1, "相比之下": 1, "相当于": 1, "惊讶": 1, "制造商": 3, "更进一步": 1, "12日": 1, "总共": 1, "订单量": 1, "占据": 1, "谈到": 1, "回答": 1, "扬眉吐气": 1, "领导者": 2, "阻碍": 1, "参与": 1, "一番话": 1, "提醒": 1, "放开": 1, "下一代": 1, "纷纷": 1, "喝彩": 1, "评论区": 1, "留言": 1, "讨论": 1, "精彩": 1, "评论": 1, "一一": 1, "回复": 1, "置顶": 1, "至今": 1, "31": 1, "庞然大物": 1, "高速": 1, "由其是": 1, "零": 1, "一步一个脚印": 1, "完整": 1, "通讯业": 2, "老大": 2, "问鼎": 1, "场": 2, "辛苦": 1, "败": 1, "面前": 1, "老牌": 2, "强劲": 1, "朗讯": 1, "西门子": 1, "没落": 1, "称之为": 1, "当初": 1, "占领": 2, "稳定性": 1, "不可避免": 1, "放弃": 1, "服务号": 1, "慢慢": 1, "打开": 1, "高达": 1, "22%": 1, "等于": 1, "总和": 1, "即将": 1, "格外": 1, "迭代": 1, "1G": 1, "摩托罗拉": 1, "2G": 1, "霸占": 1, "制定": 1, "缴纳": 1, "税": 1, "戏称": 1, "高通税": 1, "失败": 1, "控制": 1, "信道": 1, "编码": 1, "奠定": 1, "转向": 1, "组装商": 1, "全屏": 1, "补贴机": 1, "智能机": 1, "瞄准": 1, "一心": 1, "980": 1, "终于": 1, "站到": 1, "顶端": 1, "资格": 1, "A处理器": 1, "区": 1, "鼎立": 1, "销量": 1, "可有可无": 1, "缺少": 1, "20亿": 1, "一路": 1, "走来": 1, "险阻": 1, "付出": 1, "汗水": 1, "证明": 1, "保有量": 1, "个性化": 1, "定制": 7, "商城": 2, "上线": 1, "这项": 2, "25": 1, "2019": 1, "30日": 1, "推广期": 1, "一分钱": 1, "一百": 1, "起订": 1, "交付": 1, "内容": 1, "开机": 3, "LOGO": 2, "动画": 2, "预装": 1, "APK": 2, "版本号": 1, "指定": 1, "重置": 1, "修改": 1, "传播": 1, "文化": 1, "凝聚力": 1, "办公": 2, "卸载": 1, "保障": 1, "文档": 1, "操作": 1, "指导书": 1, "提交": 1, "个性": 1, "生成": 1, "下载": 1, "安装": 1, "重启": 1, "即可": 1, "OTA": 1, "在线": 1, "举动": 1, "拉拢": 1, "眼中": 1, "商务": 1, "特质": 1, "正值": 1, "年末": 1, "举办": 1, "年会": 2, "礼物": 1, "惊喜": 1, "编辑": 1, "梁梦婷": 1}