{"国内": 6, "云计算": 2, "市场": 42, "飞速": 3, "增长": 2, "阶段": 3, "稳健": 1, "、": 101, "巨头": 2, "争霸": 2, "时代": 8, "IDC": 3, "发布": 15, "中国": 12, "公有": 4, "服务": 15, "2019": 6, "上半年": 2, "跟踪": 2, "显示": 8, "数据": 19, "集中度": 1, "进一步": 2, "提升": 9, "IaaS": 2, "IaaS+PaaS": 2, "排名": 4, "前10": 1, "厂商": 10, "占据": 1, "超过": 3, "90%": 1, "份额": 7, "众多": 3, "增速": 5, "快": 5, "非华为云": 1, "2017年": 1, "华为": 188, "云BU": 1, "宣告": 1, "成立": 3, "至今": 3, "仅仅": 2, "三年": 1, "时间": 11, "跻身": 2, "四": 5, "2019年": 24, "第二": 3, "季度": 3, "云首": 1, "度": 1, "超越": 2, "AWS": 1, "位列": 1, "第四": 2, "高达": 2, "368%": 1, "；": 23, "整体": 3, "营收": 1, "华为云": 8, "350%": 1, "朵": 1, "加速": 2, "尤为": 1, "2018年": 3, "Others": 1, "第一": 8, "5.2%": 1, "前五": 1, "一个": 17, "6.7%": 1, "跃升": 1, "站稳": 1, "脚跟": 1, "后来居上": 1, "探究": 1, "云2019年": 1, "发展": 14, "原因": 6, "技术": 25, "绕": 2, "关键词": 1, "背后": 3, "：": 30, "创新": 8, "高产": 2, "报告": 2, "评论": 1, "称": 2, "云驶入": 1, "快车道": 1, "无论是": 2, "组织": 1, "扩张": 1, "运营": 2, "行业": 12, "拓展": 1, "均": 5, "表现": 7, "第三": 2, "迎来": 2, "业务": 12, "多年": 6, "ICT": 1, "积累": 1, "厚积薄发": 1, "回顾": 1, "层面": 4, "动作": 1, "不难": 3, "发现": 2, "云处理器": 1, "服务器": 9, "全栈": 10, "全场": 7, "景AI": 5, "操作": 5, "系统": 13, "生态": 23, "平台": 7, "维度": 3, "突破": 3, "1月": 2, "面向": 7, "中心": 13, "芯片": 16, "鲲鹏": 34, "920": 7, "基于": 15, "TaiShan": 1, "系列": 26, "推出": 5, "弹性": 2, "裸金属": 1, "手机": 52, "三类": 1, "业界": 5, "高性能": 2, "ARM": 3, "based": 1, "处理器": 11, "主打": 2, "低功": 1, "耗强": 1, "性能": 19, "功耗": 2, "降低": 3, "30%": 2, "4月": 2, "自动": 12, "驾驶云": 1, "Octopus": 1, "八": 1, "爪": 1, "鱼": 1, "提供": 8, "驾驶": 2, "训练": 2, "仿真": 1, "三": 3, "大子": 1, "助力": 1, "车企": 1, "开发者": 20, "快速": 5, "开发": 5, "产品": 10, "5月": 2, "全球": 7, "自研": 1, "架构": 9, "分布式": 3, "缓存": 1, "Redis": 1, "客户": 1, "成本": 1, "当月": 1, "首款": 5, "AI": 9, "原生": 1, "数据库": 5, "GaussDB": 2, "首次": 3, "人工": 3, "智能": 14, "融入": 2, "生命": 1, "周期": 1, "调优": 1, "60%": 1, "6月": 1, "云发": 1, "布云": 1, "游戏": 9, "管理": 1, "网络": 12, "传输": 8, "画面": 2, "体验": 18, "领先": 4, "方案": 13, "7月": 1, "软硬件": 2, "开源": 5, "计划": 4, "未来": 6, "5": 8, "年内": 1, "投入": 2, "30亿": 2, "计算": 12, "产业": 6, "8月": 4, "大数据": 2, "解决": 12, "BigData": 1, "Pro": 30, "存算": 1, "分离": 2, "极致": 5, "高效": 3, "全新": 13, "云大": 1, "23日": 1, "正式": 4, "算力": 1, "Ascend": 1, "910": 2, "昇腾": 3, "框架": 2, "Mind": 1, "Spore": 1, "标志": 2, "Portfolio": 1, "构建": 4, "战略": 6, "执行": 2, "9月": 4, "18日": 1, "集群": 1, "Atlas": 1, "900": 2, "11月": 1, "新一代": 1, "瑶光": 2, "智慧": 5, "云脑": 1, "Alkaid": 1, "商用": 1, "打造": 11, "云中": 1, "资源": 1, "调配": 1, "中枢": 1, "支撑": 2, "消费者": 8, "云业务": 1, "5亿多": 1, "用户": 11, "56万": 1, "名": 5, "注册": 1, "规模": 1, "核心": 3, "发挥": 3, "场景": 20, "优势": 3, "联接": 4, "大会": 6, "公布": 3, "数字": 2, "上线": 2, "180": 2, "HCSO": 1, "HPC": 1, "物联网": 1, "金融": 3, "69": 1, "43": 1, "短短": 1, "落地": 8, "谈": 1, "布局": 4, "云端": 1, "关键": 6, "历程": 2, "里程碑": 1, "事件": 2, "缩影": 1, "硬件": 4, "极速": 2, "形容": 1, "分析": 2, "存储": 2, "异构": 1, "企业": 5, "云数据": 1, "如果说": 2, "麒麟": 5, "承载": 1, "采用": 8, "7nm": 2, "工艺": 4, "支持": 20, "64核": 1, "内存": 2, "带宽": 1, "接口": 1, "速率": 2, "不俗": 2, "兼具": 1, "优异": 3, "效比": 1, "意义": 1, "打破": 3, "僵固": 1, "格局": 1, "创造": 1, "多元化": 1, "竞争": 2, "态势": 2, "挑战": 2, "在于": 1, "诞生": 2, "全力": 1, "开放": 4, "主板": 1, "整机": 2, "参考": 2, "软件": 8, "预计": 1, "培养": 1, "100万": 1, "工程师": 2, "随后": 1, "开启": 1, "全国": 1, "批量": 1, "基地": 2, "超算": 1, "厦门": 1, "苏州": 1, "携手": 1, "ISV": 2, "合作": 5, "伙伴": 5, "东华": 1, "安居星": 1, "数码": 1, "华傲": 1, "东巴文": 1, "联合": 6, "首批": 3, "涉及": 1, "安平": 1, "政府": 1, "医疗": 1, "截至": 3, "上海": 2, "重庆": 1, "成都": 2, "天津": 1, "湖北": 1, "各省": 1, "市": 1, "联手": 1, "徐汇": 1, "共建": 2, "天府": 2, "实验室": 2, "进驻": 1, "新区": 1, "层出不穷": 1, "硬核": 1, "撑起": 1, "10月": 1, "10日": 1, "提出": 2, "初步": 1, "尚未": 1, "完善": 3, "任正非": 7, "称为": 1, "全世界": 1, "昇腾Atlas": 1, "景A": 1, "I布局": 1, "独特": 1, "基因": 1, "领域": 4, "抓手": 1, "投资": 1, "有所为": 1, "有所不为": 1, "商业": 1, "策略": 2, "副董事长": 1, "胡厚崑": 1, "选择": 6, "难": 2, "达芬奇": 1, "唯一": 1, "覆盖": 5, "云边端": 1, "端": 2, "家族": 1, "通用": 1, "终端": 9, "大屏": 1, "鸿鹄": 1, "Cloud": 2, "＋": 2, "X": 3, "涵盖": 1, "IoT": 1, "5G": 62, "消费": 3, "要素": 1, "深度": 1, "广度": 1, "都": 23, "取决于": 2, "景底层": 1, "赋能": 1, "转型": 1, "汇聚": 1, "云在": 1, "云携手": 2, "业内": 1, "头部": 1, "SI": 1, "成功": 4, "案例": 2, "能源": 1, "政企": 1, "交通": 1, "零售": 1, "年初": 1, "软": 1, "国际": 2, "4": 1, "小时": 3, "一家": 1, "乳制品": 1, "供应商": 1, "9": 1, "平滑": 1, "上云": 2, "云助": 1, "包括": 4, "多达": 1, "68": 1, "台": 2, "主机": 1, "14": 1, "云迁移": 1, "中软": 1, "架": 1, "构师": 1, "专家": 2, "在内": 1, "项目": 3, "团队": 1, "配合": 5, "3月": 1, "精英": 2, "智": 1, "煤炭": 4, "权威": 1, "机构": 2, "煤科院": 1, "工业": 4, "智能体": 1, "煤矿": 1, "大脑": 1, "一体化": 1, "方式": 1, "矿山": 1, "感知": 3, "信息": 4, "共享": 1, "体系化": 1, "协同": 10, "监控": 1, "视觉": 4, "语音": 2, "OCR多": 1, "作业": 1, "模型": 1, "部门": 2, "异常": 1, "联动": 1, "处置": 1, "机制": 1, "提高": 1, "监管": 1, "智能化": 1, "自动化": 1, "水平": 2, "减少": 1, "生产": 3, "隐患": 1, "互联网": 1, "2000多": 1, "App": 1, "2万": 1, "事实上": 1, "云行业": 1, "MarketScape": 1, "DevOps": 1, "评估": 1, "云一站式": 1, "DevCloud": 1, "能力": 8, "云DevCloud": 1, "30多万": 1, "30多": 1, "发达": 1, "城市": 1, "园区": 1, "12月": 2, "7日": 1, "场": 2, "华为云开发者": 1, "盛会": 2, "——": 1, "DevRun": 3, "Summit": 3, "Login": 4, "2020": 4, "北京": 1, "90后": 1, "分享": 2, "云前沿": 1, "最佳": 1, "实践": 1, "旨在": 1, "运行": 2, "具备": 2, "多元": 2, "届时": 1, "年轻": 10, "一站式": 1, "云原生": 1, "线程": 1, "改变": 1, "各行各业": 1, "主力军": 1, "参与": 1, "历史": 1, "进程": 2, "登录": 1, "！": 13, "赶快": 1, "报名": 1, "点击": 1, "关注": 1, "精彩": 1, "导读": 1, "走": 6, "裁员": 2, "600": 2, "关闭": 2, "美国": 22, "美": 2, "科技界": 2, "炸锅": 3, "发生": 1, "很多": 4, "事情": 2, "本来": 1, "丰收年": 1, "很": 18, "早": 1, "为此": 1, "付出": 2, "研发": 7, "经费": 1, "眼看": 1, "到来": 3, "就要": 1, "等到": 1, "收获": 2, "特朗普": 3, "发动": 1, "打击": 2, "制裁": 1, "算是": 3, "当头一棒": 1, "一下子": 1, "陷入": 1, "困境": 1, "之中": 3, "实体": 1, "黑名单": 1, "禁止": 1, "通讯": 2, "设备": 9, "换掉": 1, "公平": 1, "办法": 1, "此前": 1, "人力": 1, "物力": 1, "想到": 3, "退出": 2, "加拿大": 4, "环球": 1, "邮报": 1, "刊登": 1, "创始人": 1, "访谈": 1, "记录": 4, "相关": 2, "内容": 2, "撤离": 4, "位于": 1, "迁往": 1, "撤出": 1, "全心全意": 1, "欧洲": 3, "大展拳脚": 1, "建立": 2, "工厂": 3, "痛": 1, "下决心": 1, "离开": 1, "做出": 2, "贡献": 1, "就业": 1, "岗位": 1, "研究": 2, "花费": 1, "接近": 1, "36亿": 1, "元": 2, "无疑": 1, "不少": 6, "订单": 1, "熟悉": 2, "看好": 1, "就算": 1, "处处": 1, "刁难": 1, "放弃": 1, "做法": 1, "惹怒": 1, "导致": 1, "不得不": 3, "规划": 1, "迫不得已": 1, "缓解": 1, "外界": 2, "引发": 1, "担忧": 1, "海外": 1, "可歌可泣": 1, "值得一提的是": 1, "建": 1, "硅谷": 1, "对此": 1, "网友": 2, "建设": 4, "跑到": 1, "国外": 1, "平板": 35, "生产力": 11, "工具": 9, "来到": 1, "苹果": 15, "交出": 1, "iPad": 1, "iPadOS": 1, "Windows": 2, "阵营": 1, "优秀": 1, "二合一": 2, "唯独": 1, "安卓": 6, "这块": 2, "找": 2, "款": 13, "年底": 1, "MatePad": 27, "站": 1, "巧": 1, "测评": 5, "寻找": 1, "适合": 4, "出差": 5, "轻薄本": 1, "需求": 5, "简单": 7, "轻薄": 2, "应付": 1, "写稿": 6, "修图": 3, "剪片": 1, "工作": 5, "纳入": 1, "毕竟": 2, "倾向": 1, "传统": 1, "笔记本": 2, "形态": 1, "拿到": 1, "说不定": 1, "试试": 1, "坏": 1, "度过": 1, "办公": 7, "旗舰": 8, "配置": 5, "光是": 1, "登顶": 1, "M6": 1, "产品线": 2, "态度": 1, "对待": 1, "品牌": 6, "命名": 1, "配上": 3, "海思": 1, "990": 2, "6GB": 1, "+": 3, "128GB": 1, "空间": 3, "保证": 1, "应有": 1, "写": 3, "间隙": 1, "顺便": 2, "跑": 1, "分数": 1, "带": 1, "便携": 2, "续航": 6, "重量": 1, "单机": 1, "重约": 1, "460g": 1, "键盘": 9, "800g": 1, "确实": 2, "一块": 2, "7250": 1, "mAh": 1, "容量": 1, "电池": 2, "中度": 1, "日常": 1, "视频": 13, "情况": 5, "大致": 1, "1": 1, "天一": 1, "标配": 4, "W": 2, "快充": 3, "实测": 1, "10": 3, "充满": 1, "40": 1, "超级": 5, "无线": 5, "反向": 1, "充电": 4, "意味着": 1, "外面": 1, "电": 4, "应急": 1, "功能": 16, "才": 2, "重点": 1, "旗舰级": 3, "基础": 1, "想要": 2, "说到": 1, "三大": 2, "多屏": 8, "项": 2, "痛点": 2, "在外": 1, "才能": 2, "兼顾": 3, "电脑": 5, "之间": 1, "边界": 2, "通俗点": 1, "相互": 1, "影响": 2, "不仅仅": 2, "投屏": 1, "借用": 1, "扬声器": 1, "麦克风": 2, "前置": 9, "摄像头": 4, "状态": 5, "有人": 2, "电话": 1, "或者是": 2, "微信": 2, "/": 3, "通话": 8, "分神": 1, "接听": 1, "对话": 1, "备忘录": 4, "类型": 1, "保存": 1, "00:22": 1, "照片": 8, "互传": 1, "不再": 1, "利用": 1, "蓝牙": 3, "这次": 3, "拍到": 1, "易烊": 1, "千玺": 1, "想": 1, "拖拽": 1, "图库": 1, "希望": 1, "跟进": 1, "这项": 1, "EMUI": 2, "分屏": 11, "文字": 2, "工作者": 1, "常用": 3, "对照": 1, "提纲": 2, "资料": 1, "剩": 1, "任意": 4, "调整": 3, "两边": 1, "比例": 3, "随时": 1, "模式": 9, "切换": 5, "悬浮": 2, "应用浮": 1, "上层": 1, "窗口": 1, "位置": 3, "精力": 1, "频繁": 1, "平行": 5, "视界": 5, "单个": 2, "内": 4, "大部分": 6, "横屏": 2, "占": 1, "整屏": 1, "花": 1, "读取": 1, "发布会": 4, "150+": 1, "环境": 1, "软硬": 2, "不可或缺": 1, "配件": 3, "配套": 2, "磁吸": 2, "手写": 8, "笔": 4, "HUAWEI": 5, "M-Pencil": 5, "另购": 1, "套装": 1, "购入": 1, "买单": 1, "当做": 1, "至少": 1, "虚拟": 1, "用到": 2, "崩溃": 1, "画画": 2, "手指": 1, "画": 1, "笔画": 1, "分明": 1, "用来": 2, "输入": 1, "随想": 1, "随写": 1, "灵感": 2, "必不可少": 1, "鼠标": 1, "平时": 1, "差异": 1, "TIPS": 1, "打开": 2, "深色": 1, "暗光": 1, "保护": 1, "视力": 1, "区域": 1, "大小": 1, "键位": 1, "略": 1, "这是": 2, "支": 2, "4096": 1, "压": 1, "感手": 1, "写笔": 1, "链接": 2, "吸附": 1, "懂": 1, "篇": 2, "过程": 3, "忙": 1, "锁屏": 1, "用笔": 1, "敲击": 1, "屏幕": 2, "新建": 1, "学生": 1, "Nebo": 3, "记笔记": 1, "识别": 1, "字迹": 1, "整理": 1, "笔记": 1, "修改": 1, "自带": 1, "延迟": 3, "优化": 2, "买": 4, "爱奇艺": 3, "老梗": 1, "抛开": 1, "不说": 1, "注重": 1, "娱乐": 3, "机身": 2, "16:9": 1, "条": 1, "黑边": 1, "孔屏": 1, "观影": 1, "效果": 8, "正面": 2, "10.8": 1, "英寸": 2, "16:10": 1, "打孔屏": 1, "分辨率": 1, "2560": 1, "1600": 1, "DCI-P3": 1, "色域": 1, "锐屏": 1, "增强": 2, "实时": 1, "动态": 1, "算法": 5, "调节": 2, "素质": 2, "挺": 3, "四边": 2, "宽": 1, "忽略": 1, "打孔": 1, "对称": 1, "拍照": 5, "很少": 1, "配": 1, "1300": 1, "万像素": 2, "后置": 2, "夜景": 3, "成像": 1, "差": 3, "800": 1, "绰绰有余": 1, "自拍": 24, "亮点": 3, "屏占": 1, "宽槽": 1, "非优化": 1, "笔会": 1, "售价": 1, "3299": 1, "元起": 1, "评分": 1, "★": 4, "满分": 1, "星": 1, "段": 2, "便携性": 1, "赋予": 1, "尝试": 1, "一部分": 1, "轻": 1, "可能性": 1, "提到": 1, "或许": 1, "鸡肋": 1, "ZAKER": 1, "科技": 2, "出品": 1, "图文": 1, "梅": 1, "雪": 1, "妍": 1, "中低端机": 1, "销量": 7, "爆发": 1, "高端": 1, "突破性": 1, "成绩": 1, "众": 1, "国产": 2, "友商": 1, "学习": 1, "榜样": 1, "三星": 1, "护": 1, "忽视": 2, "强大": 1, "对手": 1, "的确": 2, "应对": 1, "重视": 1, "口碑": 3, "回来": 1, "越来越": 2, "激烈": 1, "处境": 1, "尴尬": 1, "提问": 1, "如雷贯耳": 1, "P30Pro": 9, "卖": 1, "说起": 1, "感到": 2, "陌生": 1, "三月份": 1, "登场": 1, "综合": 1, "打磨": 1, "到位": 1, "率先": 2, "EMUI10": 1, "新增": 3, "GPU": 1, "Turbo3.0": 1, "方舟": 1, "编译器": 1, "适配": 1, "多种": 1, "主流": 1, "980": 1, "帧率": 1, "稳定性": 1, "太": 3, "挑剔": 1, "地方": 1, "4200": 1, "毫安": 1, "40W": 1, "保障": 2, "6.39": 1, "全视": 1, "觉曲": 1, "面屏": 1, "得益": 3, "先进": 4, "COF": 1, "封装": 1, "带来": 6, "震撼": 1, "天空": 1, "镜": 1, "珠光贝": 1, "母白": 1, "玻璃": 4, "后壳": 1, "铝": 1, "中框": 1, "紧密": 1, "贴合": 1, "营造": 1, "识别度": 1, "手感": 1, "生活": 7, "防水": 1, "防尘": 1, "拥有": 3, "徕卡": 1, "认证": 1, "摄模组": 1, "拿下": 1, "DXO": 1, "排行榜": 1, "成片": 2, "质量": 2, "观感": 1, "妥妥": 1, "可圈可点": 1, "符合": 1, "花粉": 1, "高端机": 1, "一贯": 1, "期待": 1, "回到": 1, "开头": 1, "大名鼎鼎": 1, "火": 2, "笔者": 1, "出色": 4, "外观": 2, "设计": 5, "不错": 3, "今时": 1, "往日": 1, "小米": 1, "CC9Pro": 1, "OPPO": 1, "Reno2": 1, "强势": 2, "蚕食": 2, "地位": 1, "渐渐": 1, "取代": 1, "缺乏": 3, "性价比": 2, "慢慢": 2, "流失": 1, "发力": 1, "推广": 1, "普及": 1, "Mate30": 1, "(": 3, ")": 3, "持续": 4, "热销": 1, "SA": 2, "NSA": 1, "P30": 1, "淘汰": 1, "拜拜": 1, "库克": 1, "歇": 1, "iPhone11": 1, "iPhoneXR": 1, "降价": 1, "降维": 1, "号召力": 2, "单独": 1, "情怀": 1, "远远": 1, "立场": 1, "出发": 2, "实力": 2, "可惜": 1, "新品": 3, "接踵而至": 1, "竞品": 1, "元素": 1, "最终": 1, "理解": 1, "下半年": 1, "来势汹汹": 1, "双开花": 1, "卖出": 1, "华为价": 1, "4G": 6, "Mate": 5, "30": 5, "好几": 1, "倍": 1, "此次": 5, "输给": 1, "究竟": 2, "搞出": 1, "动静": 1, "难不成": 1, "秘密": 1, "武器": 1, "1.": 1, "iPhone": 18, "11": 16, "充沛": 1, "相比": 1, "流畅": 3, "探明": 1, "火爆": 1, "物君": 3, "特地": 1, "找来": 1, "体验店": 1, "老板": 8, "半": 1, "开玩笑": 1, "讲": 2, "嘴": 1, "上都": 1, "身体": 1, "诚实": 1, "来讲": 1, "肯定": 2, "说道": 1, "众所周知": 1, "搭载": 10, "A13": 2, "仿生": 1, "麒麟990": 3, "制程": 1, "稳定": 2, "iOS": 1, "协调": 1, "相对于": 1, "上手": 1, "轻松": 2, ".": 2, "及华": 2, "买账": 1, "抽": 1, "口烟": 1, "吞云吐雾": 1, "老实话": 1, "夜拍": 2, "噪点": 1, "拍摄": 4, "糊片": 1, "现象": 1, "困扰": 1, "颗": 1, "1200万": 2, "像素": 3, "超广角": 6, "镜头": 8, "升级": 4, "验证": 2, "试拍": 1, "解析力": 1, "精妙": 1, "拍": 2, "细节": 2, "曝光度": 1, "色调": 1, "堪称": 1, "完美": 1, "诚意": 1, "购买": 2, "3": 1, "制胜": 1, "政策": 2, "制式": 1, "短板": 1, "笑": 1, "定价": 1, "始料未及": 1, "去年": 1, "XR": 1, "价格": 2, "良心": 1, "公司": 4, "制订": 1, "关系": 1, "节骨眼": 1, "低价": 1, "讨好": 1, "赢回": 1, "遗憾": 1, "动辄": 1, "五千": 1, "实在": 1, "划算": 1, "心动": 1, "如是说": 1, "供不应求": 1, "针对": 1, "不及": 1, "努": 1, "看完": 1, "文章": 1, "遥遥领先": 1, "昨日": 1, "武汉": 1, "年轻人": 15, "潮流": 5, "nova6": 26, "1.25亿": 1, "nova星人": 1, "nova": 9, "SA/NSA": 3, "双模": 3, "双卡": 5, "全网通": 1, "一步到位": 2, "新时代": 1, "105": 4, "°": 2, "双摄": 1, "改写": 1, "规则": 1, "100": 1, "位居": 1, "DxOMark": 1, "评测": 1, "总分": 1, "尽享": 1, "畅快": 2, "习惯": 1, "世界": 1, "寄托": 1, "呈现": 2, "极致化": 1, "云图": 1, "云吸猫": 1, "云恋爱": 1, "旅游": 1, "云吃喝": 1, "伴随": 1, "现实": 2, "给与": 1, "5G云": 1, "天线": 3, "散热": 1, "六大": 1, "全方位": 1, "快人": 1, "模全": 1, "网通": 1, "TDD/FDD": 1, "频段": 2, "优先": 1, "上网": 1, "信号": 1, "佳": 2, "连接": 2, "疾速": 1, "理论": 1, "下载": 4, "峰值": 3, "2Gbps": 1, "高清": 5, "大型": 2, "手游": 1, "即装": 1, "玩": 2, "玩转": 1, "G络": 6, "涌": 1, "以机": 1, "代表": 1, "络商": 1, "主军": 1, "背景": 4, "德国": 12, "莱茵TV": 1, "特性": 1, "多维度": 1, "测试": 6, "OTA": 2, "兼容性": 2, "应户": 1, "速度": 6, "Speedtest": 1, "测得": 1, "6": 3, "平均": 2, "1339.6Mbps": 1, "154.8Mbps": 1, "基带": 1, "芯": 1, "射": 1, "频端": 1, "相4": 1, "射频": 2, "直观": 1, "体现": 1, "TRP": 2, "Total": 1, "RadiatedPower": 1, "机整机": 1, "发射": 2, "功率": 2, "与机": 2, "传导": 2, "辐射": 3, "TIS": 2, "TotalIsotropic": 1, "Sensitivity": 1, "球机": 1, "接收": 1, "灵敏度": 2, "处于": 1, "初期": 1, "络基础": 1, "设施": 1, "局限性": 1, "5G机户": 1, "依然": 1, "特定": 1, "依赖": 1, "4G络": 2, "节点": 1, "运营商": 2, "SIM卡": 2, "单卡": 1, "G注": 1, "搭配": 2, "5G注": 1, "主卡": 6, "VoLTE": 4, "副卡VoLTE": 5, "来电": 3, "电信卡": 1, "副卡": 1, "默认": 1, "数据卡": 1, "开通": 1, "电信": 2, "5G络": 1, "商店": 1, "和平": 1, "UC": 1, "浏览器": 1, "12306": 1, "淘宝": 1, "哔": 1, "哩哔": 1, "播放": 1, "加载": 1, "可知": 1, "更为": 1, "户": 1, "发送件": 1, "上传件": 1, "时延": 3, "直会": 1, "交换": 1, "频率": 1, "数据量": 1, "属性": 1, "控制": 1, "定数": 1, "量级": 1, "长久": 1, "值得": 1, "信赖": 1, "网红": 1, "时尚": 3, "随意": 1, "玩华": 1, "群体": 2, "倾听": 1, "诉求": 1, "颜值": 2, "引领": 1, "手机圈": 1, "风向": 1, "潮品": 1, "努力": 1, "3200万": 3, "焦": 7, "人像": 2, "2.0三": 1, "嗨": 1, "爽": 1, "°超": 2, "广角": 2, "超大": 1, "画幅": 1, "聚会": 1, "合影": 2, "容纳": 1, "乐趣": 1, "旅行": 1, "身后": 1, "风光": 1, "前沿": 3, "人景": 3, "畸变": 3, "矫正": 1, "透视": 1, "投影": 2, "球极": 1, "平面": 1, "处理人": 1, "脸": 1, "俱": 1, "触发": 1, "贴心": 1, "定焦": 1, "只能": 1, "固定": 1, "距离": 3, "远": 1, "都会": 1, "模糊": 1, "Close": 1, "loop": 1, "马达": 1, "cm": 2, "120": 1, "自拍杆": 1, "精准": 1, "远近": 1, "清晰": 2, "加持": 2, "加上": 1, "独有": 1, "手势": 1, "从此": 1, "告别": 1, "大头照": 1, "风格": 1, "自由": 1, "创作": 1, "画质": 1, "高颜值": 2, "4K": 2, "旗舰机": 1, "4K30fps": 1, "防抖": 1, "美颜": 1, "拍出": 1, "美观": 1, "追求": 1, "空间感": 1, "绚丽": 2, "光影": 3, "3D": 3, "曲面": 1, "精致": 1, "纤薄": 2, "集于": 1, "一身": 1, "背部": 1, "三维": 1, "双重": 1, "叠加": 2, "膜片": 2, "组合": 2, "光芒": 1, "纹理": 1, "色彩": 2, "灵动": 1, "延伸": 1, "通透": 1, "美学": 1, "普罗旺斯": 2, "蜜语": 1, "红": 1, "亮": 1, "黑色": 1, "苏音蓝": 1, "配色": 2, "首创": 1, "双层": 1, "双镀": 1, "层": 1, "纳米级": 1, "景深感": 1, "通透度": 1, "质感": 2, "前所未有": 1, "奇幻": 1, "独具": 1, "个性": 1, "EUMI": 1, "10.0.1": 1, "UX": 1, "莫兰迪色": 1, "显柔": 1, "温暖": 1, "高级": 1, "畅连": 1, "1080p": 1, "键": 1, "美肤": 1, "清晰度": 1, "亮度": 1, "碰传": 1, "PC": 1, "革命性": 1, "交互": 1, "轻轻": 1, "碰": 1, "即可": 2, "同步": 1, "AR": 1, "复活": 1, "玩法": 1, "人物": 2, "扫描": 1, "凝固": 1, "3D化": 1, "立体": 1, "图像": 1, "2D": 1, "AR复活": 1, "双频": 1, "GPS": 1, "定位": 1, "不用": 1, "担心": 1, "高楼": 1, "林立": 1, "立交桥": 1, "交错": 1, "地形": 1, "迷路": 1, "NFC智": 1, "闪卡": 1, "轻触": 1, "匹配": 1, "绑定卡": 1, "免去": 1, "忘记": 1, "带卡": 1, "烦恼": 1, "改善": 1, "穿墙": 1, "遮拦": 1, "150": 1, "米": 1, "双路": 2, "WiFi": 1, "2.4GHz": 1, "Hz": 1, "并发": 1, "自行": 1, "优": 1, "吸引": 2, "留住": 1, "面对": 1, "难题": 1, "相继": 1, "新机": 2, "双管齐下": 1, "总裁": 1, "何刚": 1, "秉承": 1, "新潮派": 1, "价值": 1, "聚焦": 1, "人群": 1, "更多": 1, "相对来说": 1, "女生": 1, "随时随地": 1, "美的": 1, "闺蜜": 1, "落": 1, ";": 1, "足以": 1, "战场": 1, "吃": 1, "鸡": 1, "峡谷": 1, "遨游": 1, "顺顺利利": 1, "荣耀": 1, "加身": 1, "全覆盖": 1, "拭目以待": 1, "新华社": 4, "柏林": 3, "5日": 2, "记者": 5, "毅荣": 1, "业务部": 1, "总经理": 1, "田文浩": 3, "接受": 1, "采访": 1, "致力于": 1, "一道": 1, "壮大": 1, "19日": 2, "慕尼黑": 2, "CEO": 1, "余承东": 1, "介绍": 4, "逯阳": 2, "摄": 2, "当天": 2, "举办": 1, "AppGallery": 5, "既有": 1, "长期": 1, "当地": 1, "鼓励": 1, "接入": 1, "预装": 1, "170": 1, "国家": 1, "地区": 1, "机会": 1, "营销": 1, "资金": 1, "人员": 1, "来宾": 1, "累计": 1, "用户数": 2, "500万": 1, "每月": 1, "活跃": 1, "250万": 1, "精神": 1, "契合": 1, "精益求精": 1, "文化": 1, "优质": 1, "上百": 1, "参加": 1, "汉莎": 2, "航空": 2, "同日": 1, "上架": 1, "乘客": 1, "值机": 1, "获取": 1, "航班": 1, "即时": 1, "数字化": 1, "地勤": 1, "经理": 1, "克劳迪娅·布特法斯": 1, "告诉": 1, "市场占有率": 1, "乐观": 1}