{"9月": 4, "26日": 1, "华为": 88, "商城": 1, "官方": 2, "微信": 1, "公布": 2, "数据": 3, "：": 14, "mate30": 6, "系列": 11, "1": 2, "分钟": 1, "破": 1, "5亿": 1, "！": 17, "多久": 1, "再次": 1, "开卖": 1, "3": 1, "小时": 1, "内": 3, "突破": 1, "100万": 1, "台": 1, "毫无疑问": 3, "火爆": 1, "销售": 2, "场面": 2, "很多": 5, "难以置信": 1, "联想": 1, "发布会": 7, "现场": 3, "余承东": 3, "diss": 1, "苹果": 17, "Mate30": 4, "搭载": 1, "麒麟": 1, "990": 1, "芯片": 3, "强大": 1, "AI": 2, "处理器": 1, "浮点": 1, "计算": 1, "超越": 1, "A13": 1, "手机": 15, "性能": 1, "Mate30pro": 1, "时延": 4, "流畅性": 1, "首次": 2, "超过": 1, "iphone11pro": 1, "Max": 2, "暗示": 1, "这次": 3, "产品": 15, "充满": 1, "信心": 1, "小米": 17, "5G": 15, "新品": 3, "掌声": 1, "9pro": 1, "带来": 4, "太": 3, "惊喜": 3, "MIX": 1, "Alpha足够": 1, "惊艳": 2, "概念机": 1, "身份": 1, "19999": 1, "元": 21, "价格": 10, "褪去": 1, "应有": 1, "光芒": 1, "暂且": 1, "抛开": 1, "品牌": 14, "产品层": 1, "单纯": 1, "聊聊": 1, "定价": 5, "、": 44, "坐": 1, "不住": 1, "01": 1, "向上": 1, "狙击": 1, "国产": 6, "尝试": 2, "曾几何时": 1, "神": 1, "都会": 2, "引发": 1, "抢购": 1, "狂潮": 1, "闹": 1, "卖": 2, "肾": 1, "买": 1, "iphone": 5, "社会性": 1, "话题": 2, "彼时": 1, "贵": 2, "都": 14, "不乏": 1, "簇拥者": 1, "2018年": 3, "XS": 1, "刷新": 1, "苹果史": 1, "昂贵": 1, "记录": 1, "光环": 1, "顶点": 1, "随后": 2, "开启": 1, "降价": 1, "路": 1, "11日": 1, "正式": 3, "发布": 4, "iphone11": 5, "场": 1, "一如既往": 2, "外界": 3, "只不过": 1, "科技": 10, "本身": 1, "新款": 2, "5499": 1, "上一代": 2, "XR足足": 1, "低": 3, "1000": 2, "依旧": 3, "市场": 4, "反馈": 1, "上演": 1, "黄牛": 1, "加价": 1, "热闹": 1, "反而": 1, "爆出": 1, "跌破": 1, "发行价": 1, "消息": 2, "也就是说": 3, "第一": 2, "机会": 2, "率先": 1, "发起": 2, "挑战": 3, "19日": 1, "发售": 1, "前一天": 1, "德国": 1, "慕尼黑": 1, "推出": 4, "安排": 1, "用意": 1, "不言而喻": 1, "国内": 5, "3999": 1, "持平": 1, "选择": 2, "提高": 1, "400": 1, "如此一来": 1, "意味着": 4, "足足": 1, "300": 2, "释放": 1, "一个": 6, "信号": 3, "代表": 1, "不再": 1, "价格线": 6, "视为": 2, "禁区": 1, "薅": 1, "羊毛": 1, "时代": 3, "一去不复返": 1, "首日": 1, "销量": 3, "mate": 1, "30": 2, "消费者": 7, "接受": 2, "抓住": 1, "历史性": 1, "早": 1, "8月": 1, "首款": 1, "——": 1, "Mate": 3, "X": 1, "6199": 1, "；": 10, "5G版": 2, "mate30pro": 1, "售价": 2, "4999": 1, "6899": 1, "理解": 1, "占据": 3, "4000": 1, "5000": 2, "借助于": 2, "风口": 1, "理所当然": 1, "6000": 1, "冲击": 2, "这是": 2, "荣光": 1, "02": 1, "荣耀": 13, "向下": 1, "压制": 3, "高性": 1, "价比": 1, "诅咒": 1, "P系列": 1, "牢牢": 1, "3000": 2, "低端": 2, "蜕变": 1, "放弃": 1, "坦诚": 1, "师从": 1, "最初": 1, "口号": 3, "发烧": 1, "面向": 1, "年轻": 2, "人群": 1, "潮牌": 1, "主打": 1, "牌": 1, "渠道": 1, "互联网": 3, "主打线": 1, "红米": 5, "旗下": 2, "独立": 1, "饥饿": 1, "营销": 3, "导致": 2, "供货": 1, "钻": 1, "空子": 1, "无限": 1, "供应": 2, "证明": 1, "定位": 1, "升级": 1, "硬是": 1, "提升": 2, "2000-3000": 2, "原本": 1, "档次": 1, "如今": 2, "利器": 1, "说谎": 1, "5月": 1, "伦敦": 1, "旗舰机": 2, "20pro": 1, "起售价": 1, "2699": 1, "3199": 1, "反观": 1, "越来越": 3, "平庸": 1, "战略": 1, "混乱": 1, "旗舰级": 1, "扎堆": 1, "之间": 1, "机型": 1, "错乱": 1, "回到": 2, "机海": 1, "战术": 1, "老路": 1, "承认": 1, "喊出": 1, "中国": 3, "第二": 1, "全球": 3, "第四": 1, "试图": 1, "03": 1, "保时捷": 13, "版本": 5, "撬": 1, "万元": 2, "大门": 1, "负责人": 1, "卢伟冰": 1, "设计": 5, "智能": 4, "外国": 2, "车标": 1, "一万": 1, "实用": 1, "价值": 1, "至此": 1, "人才": 1, "发现": 1, "汽车": 5, "公司": 11, "准确": 1, "这家": 2, "名": 1, "汽配": 1, "厂商": 4, "关联": 1, "创始人": 2, "后代": 1, "创立": 1, "款": 1, "联名款": 1, "宣传": 3, "融入": 1, "跑车": 1, "元素": 1, "诱导": 1, "误解": 1, "擦边球": 1, "RS丨": 1, "涉嫌": 1, "虚假": 1, "侵权": 2, "效果": 1, "目标": 1, "用户": 8, "炫耀式": 1, "心理": 1, "具备": 2, "超高端": 1, "形象": 1, "联名": 1, "节省": 1, "教育": 1, "成本": 1, "无与伦比": 1, "气质": 1, "内涵": 1, "OPPO": 1, "Find": 1, "X兰": 1, "博基尼": 1, "问世": 1, "紧随": 1, "其后": 1, "6T": 1, "迈凯": 1, "伦定": 1, "制版": 1, "亮相": 1, "豪华": 1, "拉高": 1, "调性": 1, "思维": 2, "业界": 1, "共识": 1, "客气": 1, "领先于": 1, "在内": 1, "比拟": 1, "站上": 1, "+": 2, "奢侈品": 1, "窗口": 1, "爆发": 1, "收益方": 1, "原创": 2, "不易": 1, "请": 2, "规则": 1, "转载": 2, "众所周知": 1, "美国": 16, "列入": 1, "实体名单": 1, "制裁": 1, "处处": 1, "美方": 1, "制约": 1, "众多": 1, "巨头": 4, "纷纷": 2, "提供": 3, "软硬件": 1, "支持": 4, "硬件": 1, "自给自足": 1, "操作": 10, "系统": 18, "鸿蒙": 3, "OS": 3, "生态": 1, "建设": 2, "尚未": 1, "完善": 2, "至今": 1, "寻找": 1, "替代": 3, "微软": 3, "Windows": 3, "Google": 6, "Android": 1, "遭受": 1, "断供": 2, "出厂": 1, "预装": 5, "GMS": 1, "服务": 4, "很快": 1, "HMS": 1, "商店": 1, "Play": 1, "自行": 1, "安装": 4, "相关": 2, "全家": 1, "桶": 1, "需求": 1, "影响": 2, "实际上": 1, "欧洲": 1, "下滑": 1, "最新": 1, "显示": 1, "电脑": 3, "找到": 1, "windows": 4, "—": 1, "Linux": 8, "真的": 1, "笔记本": 8, "改为": 1, "很": 4, "给出": 1, "答案": 1, "确实": 3, "全系": 1, "相对于": 1, "更为": 1, "实惠": 1, "便宜": 1, "情况": 2, "不错": 1, "网上": 1, "开放": 1, "下载": 2, "小白": 1, "教程": 1, "购买": 2, "回": 1, "熟悉": 1, "拥有": 1, "技术": 10, "基础": 2, "体验": 4, "不得不": 1, "主动": 1, "出击": 1, "提前": 1, "事实上": 1, "停止": 1, "授权": 2, "重点": 1, "自下而上": 1, "一步步": 1, "未来": 1, "铺垫": 1, "遭遇": 1, "后续": 1, "肯定": 2, "切换": 1, "写": 1, "小伙伴们": 1, "评论区": 1, "留言": 1, "讨论": 1, "媒体": 2, "报道": 1, "生产": 4, "含": 3, "元器件": 2, "基站": 7, "任正非": 2, "商务": 1, "论坛": 1, "脱离": 1, "零部件": 4, "生存": 1, "包含": 1, "部件": 2, "明年": 1, "产量": 1, "恢复": 1, "供应商": 9, "30多": 1, "交情": 1, "感情": 1, "挣钱": 2, "朋友": 1, "不少": 2, "网友": 3, "新闻": 1, "不愧": 1, "自力更生": 1, "过硬": 1, "高下": 1, "立判": 1, "经济学": 1, "角度": 1, "划算": 1, "效率": 1, "此举": 1, "好歹": 1, "企业": 7, "受制于人": 1, "好像": 1, "水准": 1, "战略部": 1, "总裁": 1, "张文林": 2, "路透社": 1, "表现": 2, "差": 1, "值得": 1, "细节": 1, "并未": 1, "透露": 1, "质疑": 1, "全球化": 1, "趋势": 1, "难": 1, "绕": 1, "独立自主": 1, "背后": 1, "牵连": 1, "专利": 2, "为此": 1, "特地": 1, "调查": 1, "统计": 1, "天线": 1, "通宇": 1, "通讯": 2, "世嘉": 1, "飞荣达": 1, "PCB": 1, "深南": 1, "电路": 1, "沪电": 1, "股份": 1, "小基站": 1, "邦讯": 1, "日海": 1, "射频": 1, "前端": 1, "卓胜微": 1, "武汉": 1, "凡谷": 1, "光纤": 2, "光缆": 1, "亨通": 1, "光电": 1, "长飞": 1, "中天": 1, "模块": 1, "光迅": 1, "中际": 1, "旭创": 1, "包揽": 1, "通信": 12, "设备": 1, "行业": 2, "一点": 1, "地方": 1, "建基站": 1, "门槛": 1, "通用性": 1, "设备商": 1, "简单": 1, "别人": 1, "胜任": 1, "出售": 1, "订单": 1, "国际": 1, "影响力": 1, "颇": 1, "国家": 1, "签署": 1, "5G商": 1, "合同": 3, "副董事长": 1, "胡厚崑": 1, "段": 1, "时间": 3, "采访": 2, "关心": 1, "商用": 3, "记错": 1, "50多": 1, "摆脱": 1, "依赖": 1, "依然": 1, "亮眼": 1, "合华": 1, "合作": 2, "副境地": 1, "披露": 1, "去年": 1, "核心": 3, "名单": 2, "共有": 1, "92": 1, "占": 1, "最多": 1, "33": 1, "占比": 1, "36%": 1, "当成": 1, "客户": 1, "年报": 1, "一部分": 1, "收入": 1, "高通": 2, "67%": 1, "英特尔": 1, "26%": 1, "英伟": 1, "24%": 1, "国外": 1, "日子": 1, "流传": 1, "份": 1, "身影": 1, "包括": 1, "博通": 1, "美光": 1, "西数": 1, "频繁": 1, "消失": 1, "美企": 1, "金牌": 1, "位置": 2, "京东方": 1, "TCL": 1, "汇顶": 1, "兆": 1, "中芯": 1, "闻泰": 1, "三安": 1, "未必": 1, "件": 1, "好事": 1, "本文": 1, "今日": 1, "商讯": 1, "独家": 1, "未经": 1, "禁止": 1, "引用": 1, "28日": 1, "上午": 1, "首家": 1, "旗舰店": 1, "深圳": 1, "开业": 1, "环境": 1, "场景": 2, "智慧": 1, "生活": 1, "记者": 1, "赶到": 1, "探访": 1, "热点": 1, "业务": 1, "CEO": 1, "6G": 16, "开发": 1, "并行": 1, "规模化": 1, "远": 1, "对此": 1, "回应": 1, "称": 1, "研发": 1, "估计": 1, "10年": 1, "研究": 3, "标准": 1, "阶段": 3, "未": 1, "铺开": 1, "跃跃欲试": 1, "到底": 1, "进展": 1, "关键": 1, "或许": 1, "飞机": 1, "上网": 1, "飞行": 1, "登山": 2, "运动员": 1, "危险": 1, "实时": 1, "发送": 1, "信息": 3, "求救": 1, "海上": 1, "航行": 1, "船上": 1, "工作": 1, "人员": 1, "不用": 1, "担心": 1, "陆地": 1, "失联": 1, "保证": 1, "南京": 2, "航空": 2, "航天": 1, "大学": 2, "电子": 2, "工程": 1, "学院": 2, "常务": 1, "副院长": 1, "吴": 2, "启晖": 2, "描绘": 1, "卫星": 2, "平台": 1, "舰船": 1, "搭建": 1, "连接": 2, "空": 1, "海": 1, "网络": 4, "支撑": 1, "致力": 1, "打造": 1, "地面": 1, "海洋": 2, "一体": 1, "世界": 1, "沙漠": 1, "无人区": 1, "盲区": 1, "有望": 1, "覆盖": 1, "速度": 1, "快": 1, "100倍": 1, "秒": 2, "1TB": 1, "电影": 1, "驾驶": 1, "无人机": 1, "操控": 1, "自如": 1, "感觉": 1, "变革": 1, "体现": 1, "网速": 1, "交互": 2, "大幅": 1, "单位": 1, "传输": 2, "容量": 1, "短": 1, "学会": 1, "分会": 1, "主任委员": 1, "邮电": 1, "物联网": 1, "院长": 1, "朱洪波": 2, "1G": 1, "4G": 1, "消费型": 1, "走向": 1, "产业型": 1, "工业": 2, "交通": 2, "学界": 1, "界定": 1, "观点": 1, "4.0": 1, "前期": 1, "方向": 1, "处在": 1, "探索": 1, "专家": 1, "将来": 1, "用于": 1, "空间": 1, "触觉": 2, "情感": 1, "交流": 1, "感官": 1, "混合": 1, "现实": 1, "机器": 1, "协同": 1, "全自动": 1, "来源": 1, "日报": 1, "央视": 1, "财经": 1, "(": 1, "ID:cctvyscj": 1, ")": 1, "责任": 1, "编辑": 1, "胡晨曦": 1, "邢宇": 1, "点赞": 1, "评论": 1, "功能": 1, "↓↓↓": 1}