{"操作": 11, "系统": 30, "行情": 1, "2019年": 5, "5月份": 1, "美国商务部": 1, "发布": 4, "实体": 3, "清单": 4, "我国": 4, "高科技": 1, "公司": 51, "都": 61, "列入": 1, "名单": 3, "影响力": 1, "华为": 44, "美国": 1, "谷歌": 3, "、": 70, "高通": 1, "断供": 1, "奋力": 1, "发展": 12, "如今": 3, "硬件": 1, "领域": 5, "影响": 5, "唯一": 5, "移动端": 1, "安卓": 3, "停服": 1, "阻碍": 1, "智能": 5, "手机": 2, "业务": 14, "海外": 13, "市场": 7, "说到底": 1, "开源": 2, "就算": 1, "封锁": 3, "依旧": 2, "微软": 4, "PC": 5, "全球": 8, "份额": 1, "Windows": 8, "基本上": 4, "就要": 2, "中断": 1, "为止": 1, "摆": 1, "明面": 1, "制约": 1, "电脑": 3, "企业": 8, "桌面": 6, "缺乏": 1, "专属": 2, "国产": 7, "事实": 1, "想要": 3, "摆脱": 1, "现状": 1, "发力": 1, "爆发": 2, "早": 3, "2018年": 3, "中兴": 3, "危机": 1, "邀请": 1, "国内": 4, "制造厂": 1, "希望": 3, "推向": 1, "装载": 1, "Linux": 4, "联想": 1, "反对": 1, "此事": 1, "不了了之": 1, "研发": 24, "就此": 1, "止步": 1, "红旗": 1, "厂商": 3, "加快": 1, "更新换代": 1, "名气": 1, "Deepin": 10, "原因": 2, "在于": 1, "款": 2, "运行": 1, "11月": 3, "8日": 3, "传出": 1, "版本": 3, "消息": 2, "据悉": 1, "这是": 3, "最新": 1, "一代": 1, "V20": 1, "显示": 1, "效果": 3, "美观": 1, "外媒": 1, "胜过": 1, "评价": 10, "业界": 1, "龙头": 1, "般的": 1, "媲美": 1, "不错": 1, "真的": 6, "完美": 1, "弱点": 4, "一个": 38, "软件": 8, "生态": 10, "完善": 1, "这不": 2, "一家": 1, "发现": 3, "商城": 1, "很多": 14, "常用": 1, "PS": 1, "专业性": 2, "用户": 7, "体验感": 1, "差": 5, "实在": 7, "遗憾": 3, "苹果": 2, "现阶段": 2, "优化": 1, "构建": 2, "Mac": 1, "突破": 2, "选择": 5, "互联网": 1, "事件": 5, "报道": 1, "称": 2, "运动": 1, "健康": 3, "App": 3, "测试": 3, "设置": 2, "界面": 1, "地图": 5, "引擎": 1, "服务": 8, "选项": 2, "HMS": 11, "Huawei": 6, "Mobile": 2, "Service": 1, "意味着": 1, "自研": 1, "即将": 1, "开启": 1, "受阻": 1, "坚定": 1, "建立": 1, "推出": 2, "基金": 1, "激励": 1, "开发者": 4, "覆盖": 1, "音乐": 3, "视频": 3, "邮件": 2, "套件": 2, "最初": 1, "大会": 1, "期间": 4, "10月": 1, "面向": 1, "开发商": 2, "开放": 2, "中国": 4, "境外": 1, "提供": 8, "功能": 3, "手表": 1, "手环": 1, "Health": 1, "访问": 1, "Map": 1, "Kit": 1, "设备": 1, "套": 3, "程序": 6, "旨在": 1, "快": 14, "无缝": 1, "体验": 5, "包括": 6, "：": 28, "HUAWEI": 8, "AppGallery": 4, "商店": 1, "Browser": 1, "浏览器": 1, "Cloud": 2, "Themes": 2, "主题": 1, "Music": 1, "Video": 1, "Reader": 1, "阅读器": 1, "Assistant": 1, "助手": 2, "170": 2, "国家": 4, "/": 3, "地区": 11, "可用": 1, "Browers": 1, "超过": 10, "2亿": 1, "下载": 3, "1.6亿": 1, "7,000万": 1, "下载量": 4, "1.5亿": 4, "1.3亿": 1, "1.4亿": 1, "说法": 2, "Mate30": 2, "系列": 2, "预装": 1, "4月": 1, "上线": 1, "3.9亿": 1, "活跃": 1, "越来越": 2, "年内": 1, "累计": 1, "1800亿": 1, "Gallery": 1, "数量": 1, "增加": 1, "位置": 1, "建议": 3, "推荐": 1, "本地": 2, "流行": 1, "增强": 1, "数据": 1, "第三方": 1, "5.7亿": 1, "101万": 1, "注册": 1, "Core": 1, "开发": 5, "人员": 3, "集成": 1, "即可": 1, "笔者": 1, "终端": 2, "质量": 3, "性能": 1, "基础": 3, "持续": 3, "构筑": 1, "打造": 1, "坚固": 1, "油箱": 1, "输送": 2, "能量": 1, "补充": 2, "活力": 1, "万物": 1, "互联": 1, "时代": 3, "升级": 7, "跨终端": 1, "全场": 1, "景极": 1, "日前": 1, "伟华": 58, "员工": 45, "五千": 1, "字": 1, "实名": 1, "控诉": 1, "举报": 1, "领导": 15, "原文": 2, "太": 3, "长": 2, "网友": 5, "提纲": 1, "精简": 1, "1": 6, "高Y": 2, "派": 1, "协助": 1, "工作": 54, "胡L": 1, "平级": 1, "胡L颐指气使": 1, "三": 3, "产出": 1, "三年": 2, "绩效": 16, "B": 5, "劝退": 6, "B+": 1, "3": 10, "杨RF": 2, "加班": 26, "160": 5, "小时": 14, "造假": 1, "时间": 13, "健身房": 1, "划水": 2, "批判": 1, "4": 5, "死活": 1, "明明": 1, "上级": 1, "汇报": 1, "现象": 4, "减少": 1, ".": 5, "兄弟": 3, "生命": 2, "炫耀": 1, "苏州": 1, "研究所": 1, "吃": 9, "块": 3, "公": 1, "母": 1, "大闸蟹": 1, "5.": 1, "杨rf": 1, "胡": 6, "交出": 1, "访谈": 1, "记录": 1, "涉及": 3, "反馈": 1, "敏感": 2, "出于": 1, "保护": 1, "担心": 1, "穿小鞋": 1, "誓死": 1, "交": 1, "逼": 2, "楼道": 1, "哭.6": 1, "奉劝": 1, "诚信": 2, "!": 1, "文章": 5, "公布": 1, "一石激起千层浪": 1, "网络": 4, "平台": 1, "自称": 3, "家属": 1, "网上": 1, "现身说法": 2, "铁流": 4, "阅读": 1, "高赞": 1, "评论": 3, "感受": 1, "并非": 1, "技术": 9, "驱动": 1, "尊重": 2, "人才": 2, "狗": 6, "待遇": 5, "地位": 1, "升迁": 4, "相对于": 1, "财务": 5, "销售": 4, "转岗": 7, "专家": 6, "处罚": 9, "34": 2, "+": 4, "清退": 1, "砍刀": 1, "砍": 1, "HR": 26, "毫无": 3, "贡献": 2, "滋润": 1, "舆论": 6, "操纵": 2, "很": 30, "这次": 4, "撤文": 1, "实锤": 1, "风气": 2, "绿色": 2, "宗教": 3, "极度": 1, "类似": 4, "确实": 1, "错事": 1, "卖国贼": 1, "粉饰": 1, "真话": 1, "提出": 7, "套路": 3, "解决": 5, "跨": 1, "全网": 2, "封杀": 2, "律师函": 2, "惯用": 1, "稍微": 1, "都会": 2, "喜欢": 1, "道理": 3, "舆论场": 1, "营销": 2, "搞": 8, "反感": 1, "讨厌": 2, "教": 1, "话术": 1, "估计": 1, "破产": 1, "内部": 3, "管理": 14, "震惊": 2, "薪酬": 1, "创造": 5, "价值": 13, "议价": 1, "弱势": 1, "群体": 2, "大幅": 1, "超越": 1, "劳动法": 1, "上限": 2, "惊悚": 1, "逆向": 1, "淘汰": 2, "脱离": 1, "事情": 11, "关系": 4, "饱受": 1, "诟病": 1, "国企病": 3, "翻版": 1, "干": 5, "低": 1, "前途": 2, "善于": 1, "国企": 1, "污名化": 1, "实践": 1, "证明": 1, "集体": 1, "持股": 1, "狼性": 1, "私营": 1, "病症": 1, "纯粹": 2, "鼓吹": 1, "私有化": 1, "瓜分": 1, "国有": 1, "财产": 1, "捏造": 1, "罪名": 1, "称谓": 1, "病": 2, "后勤": 2, "想到": 1, "一般来说": 1, "食堂": 10, "福利": 1, "性质": 1, "廉价": 1, "实惠": 1, "价格": 3, "饭菜": 1, "介绍": 2, "每月": 5, "1500": 2, "元": 1, "伙食费": 1, "支付": 1, "吃出": 3, "蟑螂": 3, "真心": 2, "坑": 1, "铁": 1, "饭": 3, "钢": 1, "强度": 2, "糟糕": 1, "保障": 1, "以人为本": 1, "构陷": 1, "后关": 1, "进去": 3, "8": 3, "想象": 1, "发生": 6, "听说": 1, "竞标": 1, "弄进": 1, "ICU": 1, "人关": 1, "大开眼界": 1, "内容": 4, "源自": 1, "刚": 5, "结账": 1, "忙": 2, "黑伟华": 1, "文末": 1, "扯淡": 2, "用来": 1, "否认": 2, "依然": 2, "中华": 1, "民族": 1, "只不过": 1, "价值观": 7, "不符": 2, "期待": 1, "那位": 1, "奋斗者": 4, "8月份": 1, "沟通": 15, "预计": 3, "2020年": 1, "离职": 12, "妨碍": 1, "这两年": 2, "经历": 1, "感激": 1, "情": 1, "威胁": 1, "眨眼": 1, "学": 2, "财管": 1, "同学": 1, "目的": 2, "盈利": 2, "追求": 1, "股东": 1, "财富": 1, "最大化": 1, "注定": 1, "过程": 5, "势必": 1, "看好": 1, "抹煞": 1, "世界": 2, "理由": 2, "君子": 1, "绝交": 1, "恶": 1, "离开": 4, "一同": 1, "连接": 1, "理智": 1, "吃瓜": 1, "故事": 1, "笑": 1, "忘掉": 1, "足够": 1, "————": 2, "答案": 2, "利益": 1, "相关": 6, "正式": 3, "取消": 4, "匿名": 1, "请": 7, "自我": 2, "账务": 5, "体系": 1, "年前": 4, "实习": 4, "国泰君安": 1, "放弃": 3, "机会": 1, "回想": 2, "研二": 1, "某省": 1, "参加": 1, "硬装": 1, "来到": 1, "共享": 2, "中心": 3, "名": 3, "核销": 2, "专员": 1, "本硕": 1, "专业": 3, "会计": 11, "朋友们": 1, "钩稽": 1, "关联性": 1, "学科": 1, "经营": 3, "状况": 2, "水平": 2, "报表": 2, "体现": 2, "多种多样": 1, "科目": 10, "联动": 1, "常言道": 1, "老": 3, "吃香": 1, "准确": 1, "真实": 1, "透过": 1, "财报": 2, "改善": 1, "这才": 2, "能力": 4, "雕琢": 1, "别无他法": 1, "大数据": 1, "人工": 1, "时代化": 1, "核算": 3, "职能": 1, "弱化": 1, "机器": 2, "取代": 1, "可能性": 1, "——": 4, "自动化": 1, "生存": 1, "唯有": 1, "提高": 1, "分析": 1, "回到": 5, "份": 2, "绝大部份": 1, "大型": 1, "做法": 1, "肢解": 1, "总账": 2, "明细": 2, "分给": 1, "部门": 41, "所在": 1, "举例": 1, "负责": 6, "收": 4, "帐款": 1, "100": 1, "号": 1, "日常": 2, "账款": 4, "预收": 1, "结平": 1, "肯定": 1, "其他应收款": 1, "资产": 1, "减值": 1, "损失": 1, "坏账": 1, "拨备类": 1, "职责": 1, "划分": 1, "设想": 1, "35": 4, "岁": 7, "插": 1, "清算": 2, "年龄": 2, "基层": 6, "大学": 1, "大学生": 1, "隐晦": 1, "走": 5, "岗位": 10, "同意": 3, "服从": 2, "组织": 6, "安排": 5, "老婆": 8, "孩子": 7, "鸟": 1, "拉屎": 1, "非洲": 1, "部落": 1, "选": 1, "苦逼": 2, "届时": 1, "试问": 1, "二十多": 1, "求职者": 1, "竞争力": 2, "简历": 1, "写": 6, "应收": 1, "资深": 1, "收账": 1, "外话": 1, "扯完": 1, "绝大多数": 1, "会计人": 1, "在职": 2, "考证": 2, "CPA": 2, "道路": 1, "将来": 2, "增添": 1, "硬": 1, "实力": 1, "主管": 5, "第一": 2, "找": 7, "谈话": 2, "专心": 1, "幸好": 1, "件": 5, "网传": 1, "贵": 3, "番茄": 1, "鸡蛋": 1, "5": 2, "清炒": 1, "冬瓜": 1, "宫保": 1, "鸡丁": 1, "大肉菜": 1, "10": 3, "菜": 2, "分量": 1, "饭量": 1, "大一": 1, "顿": 1, "午饭": 1, "起码": 2, "一道": 2, "32": 1, "块钱": 3, "大餐": 1, "糖醋": 1, "鸡块": 1, "蒜蓉": 1, "西兰花": 1, "红烧": 1, "狮子头": 1, "月工资": 1, "还给": 1, "典型": 1, "出口": 1, "内销": 1, "炝": 1, "炒": 1, "空心菜": 1, "经理": 3, "找到": 2, "抱歉": 1, "额外": 2, "补偿": 3, "或者是": 1, "25": 1, "记": 1, "代金券": 1, "脸": 1, "黑人": 1, "问号": 1, "条件": 1, "答应": 1, "回复": 1, "食品": 2, "安全法": 1, "1000": 1, "罚": 1, "措施": 2, "请示": 1, "老板": 1, "答复": 1, "下午": 2, "OEC": 1, "道德": 2, "遵从": 1, "委员会": 1, "小组长": 1, "告诉": 2, "总监": 1, "敲诈勒索": 1, "无语": 1, "别人": 1, "接受": 12, "倍": 1, "开给": 1, "学习": 1, "压力": 4, "2月份": 1, "加上": 3, "承接": 1, "杂收": 1, "一时间": 1, "难以": 2, "恰逢": 1, "生活": 2, "倾诉": 2, "心态": 1, "幅": 1, "和蔼可亲": 1, "样子": 1, "年中": 1, "半年": 5, "傻眼": 1, "部长": 4, "适应力": 1, "不行": 1, "卖": 1, "从未": 1, "办公室": 1, "永远": 3, "笑口": 1, "难": 3, "打碎": 1, "牙": 1, "咽": 1, "上半年": 12, "第四": 2, "保护期": 1, "才": 10, "综合": 2, "状态": 2, "呵呵": 2, "年度": 6, "优秀": 1, "原话": 1, "有的是": 1, "办法": 3, "服气": 3, "算": 3, "顺利": 2, "8月": 3, "12月": 2, "初": 3, "衔接": 1, "社会": 1, "招聘": 5, "不至于": 1, "空窗期": 1, "扯蛋": 1, "推诿": 1, "刷新": 1, "三观": 1, "当月": 1, "内": 3, "拿到": 1, "N+4": 1, "填写": 1, "电子流": 1, "绝口不谈": 1, "询问": 1, "轻描淡写": 1, "政策": 10, "这几天": 1, "篇": 5, "感触良多": 1, "懊悔": 1, "职场": 2, "打算": 1, "教训": 1, "忠告": 1, "朋友": 1, "交心": 1, "毕竟": 4, "民营": 1, "通信": 1, "自豪": 1, "18万": 1, "黑暗": 1, "卑鄙": 1, "荣光": 1, "骄傲": 1, "阳光": 1, "普照": 1, "驱散": 1, "阴影": 1, "敲完": 1, "文字": 1, "同事": 14, "咨询": 2, "31": 1, "拼": 2, "只能": 5, "挣扎": 1, "末了": 1, "苦笑": 1, "正确": 1, "加满": 2, "油": 2, "火车头": 2, "跑": 2, "骨干": 5, "表现": 1, "探讨": 1, "分配": 2, "战略": 1, "指挥所": 1, "建": 1, "听": 2, "炮火": 1, "地方": 5, "前移": 2, "某部": 1, "08年": 2, "五": 2, "首批": 1, "一线": 2, "陆续": 3, "回国": 4, "踏上": 1, "征途": 1, "总部": 1, "A": 5, "外派": 13, "空间": 1, "职级": 1, "18B": 1, "支": 1, "团队": 13, "定A": 1, "梯队": 1, "接替": 1, "发达": 5, "变化": 2, "首次": 2, "派往": 1, "地点": 1, "家庭": 7, "成员": 1, "缘故": 1, "艰苦": 2, "地区部": 3, "反复": 1, "坚持不去": 1, "讨论": 2, "予以": 1, "降职": 1, "降薪": 2, "陷入": 2, "深思": 1, "重点": 4, "培养": 4, "识别": 1, "连续": 5, "情况": 11, "养兵千日": 1, "用兵": 1, "关键": 2, "掉": 1, "链子": 1, "干部": 11, "选拔": 3, "误区": 1, "到底": 1, "符合": 3, "对照": 1, "标准": 1, "核心": 4, "认同": 4, "客户": 1, "长期": 1, "艰苦奋斗": 3, "文化": 2, "匪夷所思": 2, "意愿": 1, "急迫": 1, "需求": 1, "不用说": 1, "吃苦": 1, "在先": 1, "冲锋": 1, "品德": 6, "唯才是举": 1, "多维度": 1, "考察": 3, "底线": 1, "一技之长": 1, "忽略": 2, "考量": 1, "出事": 2, "倍感": 1, "惊讶": 2, "反思": 2, "警示": 1, "未来": 3, "仅仅": 1, "依据": 1, "业绩": 1, "身先士卒": 1, "吃苦在先": 1, "处处": 1, "表率": 1, "作用": 1, "第三": 1, "感觉": 4, "加满油": 1, "本人": 2, "错觉": 1, "松懈": 1, "思想": 3, "弦": 1, "；": 5, "过度": 2, "表扬": 1, "导致": 5, "自信心": 2, "膨胀": 2, "错误": 1, "这一切": 2, "努力": 5, "理所当然": 2, "科学": 1, "公正": 1, "顺境": 1, "麻痹": 2, "原地": 1, "踏步": 1, "固步自封": 2, "进一步": 1, "思考": 3, "角度": 1, "敲响": 1, "警钟": 1, "系统工程": 1, "赋能": 1, "期望值": 1, "具备": 2, "奋斗": 1, "经验": 2, "以此": 1, "牵引": 1, "有时候": 1, "摔": 1, "跤": 1, "好事": 1, "吃一堑长一智": 1, "挫败": 1, "打击": 1, "人生": 1, "磨练": 1, "提升": 1, "治病": 2, "救人": 2, "教育": 1, "辅导": 1, "深刻": 2, "导向": 2, "发挥": 1, "特长": 1, "做起": 1, "早日": 1, "合格": 1, "管理者": 1, "应有": 1, "素质": 1, "当事人": 1, "=": 20, "形容": 1, "心目": 1, "竟然": 2, "！": 6, "六": 1, "自认": 1, "兢兢业业": 1, "KPI": 4, "周边": 2, "接口": 1, "认可": 2, "简单": 1, "偶发": 1, "一下子": 1, "否定": 2, "口口声声": 1, "放下": 2, "包袱": 2, "做出": 1, "成绩": 3, "转眼": 1, "描述": 1, "不堪": 1, "满口仁义": 1, "背后": 1, "龌龊": 2, "澄清": 2, "2013年": 3, "3月": 1, "到达": 1, "西欧": 2, "去年底": 1, "接手": 2, "将要": 1, "当初": 1, "说好": 1, "转移": 1, "事前": 1, "出差": 1, "对此": 4, "意见": 2, "抱怨": 2, "全身心": 2, "投入": 6, "结束": 1, "去年": 1, "第七": 1, "各项": 3, "指标": 9, "达标": 1, "挑战值": 1, "2012年": 1, "怀孕": 1, "深圳": 5, "妈": 2, "老家": 1, "接到": 1, "陪伴": 1, "照顾": 3, "小孩": 4, "5月": 1, "出生": 2, "忙碌": 1, "回去": 1, "满月": 1, "往返": 1, "机票": 1, "费用": 1, "承担": 1, "未": 1, "6月": 1, "下旬": 2, "北非": 4, "相互": 1, "互换": 1, "B开始": 1, "前期": 1, "交接": 3, "7月": 5, "2日": 1, "电话": 3, "宝宝": 5, "抱": 1, "哭": 1, "*": 2, "黄豆大": 1, "肿块": 1, "一家人": 1, "紧张": 1, "妇幼": 2, "保健": 2, "医院": 7, "检查": 3, "医生": 2, "疝气": 1, "方案": 4, "药物": 3, "保守": 2, "治疗": 5, "尽量": 1, "平躺": 1, "手术": 3, "为人": 1, "父母": 1, "在家": 1, "哭闹": 1, "渐渐": 2, "承受": 1, "情绪": 2, "失控": 2, "嘴部": 1, "脸颊": 1, "肌肉": 1, "紊乱": 1, "天气": 1, "炎热": 1, "母亲": 2, "眼病": 1, "重发": 1, "老人家": 1, "眼睛": 2, "红肿": 1, "流泪": 1, "泪腺": 3, "堵塞": 1, "冲洗": 1, "风险": 1, "年岁": 1, "薄": 1, "9日": 1, "之下": 1, "离婚": 1, "提前": 1, "12日": 1, "启程": 1, "回": 4, "6": 2, "18日": 1, "儿童": 2, "新生儿": 1, "外科": 1, "著名": 1, "李": 1, "教授": 1, "疝气带": 1, "寻找": 1, "那段": 1, "操碎": 1, "此类": 1, "烧香": 1, "拜佛": 1, "平时": 1, "神婆": 1, "圣水": 1, "龙华": 1, "人民": 1, "门诊": 1, "病例": 1, "我家": 1, "慰问": 1, "为证": 1, "扪心自问": 1, "安心": 1, "国外": 1, "？？": 1, "7": 1, "为此": 1, "17日": 1, "申请": 3, "暂时": 2, "年底": 2, "再次": 2, "书面": 1, "XX": 6, "X领": 1, "上午": 2, "交流": 1, "慎重": 1, "中午": 1, "家里": 3, "基于": 1, "家人": 2, "近期": 1, "赴": 1, "明白": 1, "被动": 1, "弥补": 1, "降级": 2, "匹配": 1, "股票": 1, "锁定": 1, "恳请": 1, "条": 3, "谢谢": 2, "考评": 1, "C": 4, "异议": 1, "XXX": 2, "想": 6, "合适": 1, "XX部": 3, "半": 2, "目标": 3, "排名": 2, "第4": 1, "同比": 2, "改进": 2, "40%": 1, "XXX类": 1, "10%": 2, "计划": 2, "推行": 1, "部层": 1, "代表处": 2, "例行": 1, "输出": 2, "配合": 1, "IT": 1, "支撑": 1, "工具": 1, "推广": 1, "阶段": 1, "降": 1, "成本": 4, "节省": 1, "900万": 1, "美金": 1, "推动": 1, "测评": 2, "考核": 5, "监控": 1, "3.5分": 1, "XXXX": 1, "……": 7, "功劳": 1, "环节": 1, "W": 1, "L": 1, "付出": 2, "7月份": 1, "身体": 1, "产后": 1, "抑郁": 1, "好转": 1, "给出": 1, "还要": 2, "追溯": 1, "我C": 1, "最终": 3, "9": 1, "达成": 1, "级别": 1, "施舍": 1, "赏赐": 1, "感恩戴德": 1, "路线": 1, "趣事": 1, "手下": 1, "干脆": 3, "公开": 2, "自杀": 3, "变革": 1, "小段": 1, "放开": 1, "查看": 1, "权限": 1, "月度": 1, "80": 4, "关注": 1, "超负荷": 1, "运转": 1, "实话": 1, "至少": 3, "身边": 2, "关爱": 1, "hrp会": 1, "谈": 2, "烦": 1, "打卡": 1, "疯狂": 1, "名录": 1, "慢慢": 1, "变味": 1, "榜单": 1, "光荣榜": 1, "榜成": 1, "落后": 1, "计算": 4, "饱和度": 1, "缺人": 1, "大hr": 1, "超时": 1, "比例": 1, "接近": 1, "80%": 1, "分出": 1, "名额": 1, "引发": 1, "意外": 1, "————————": 1, "11.1": 1, "波": 1, "累死累病": 1, "好几": 1, "严谨": 1, "榜": 1, "才能": 1, "好评": 1, "从没": 1, "光荣": 1, "加班榜": 1, "考核A": 1, "有人": 4, "顶": 1, "心寒": 1, "亲身": 1, "1.": 1, "反而": 2, "神奇": 1, "逻辑": 1, "倒": 1, "清晰": 1, "学校": 1, "脑子": 1, "笨": 1, "先天不喜欢": 1, "代码": 1, "很快": 1, "转型": 2, "协调": 2, "拉通": 1, "出版本": 1, "代表": 1, "外面": 2, "PK": 1, "事物": 1, "出彩": 1, "从中": 1, "情节": 1, "补齐": 1, "短板": 1, "精力": 1, "拿来": 1, "开会": 1, "催活": 1, "上报": 1, "pk": 2, "挺": 1, "公关": 1, "陪": 3, "随后": 2, "(": 1, "成功": 1, "发": 2, ")": 1, "告别": 2, "潜力": 1, "越过": 1, "培训": 1, "年后": 1, "财经": 1, "10年": 1, "13": 2, "升到": 1, "23": 1, "超级": 1, "天才": 1, "总体": 1, "不爽": 1, "卡人": 1, "遮遮掩掩": 1, "34+": 1, "传闻": 1, "认命": 1, "40": 1, "仔细": 1, "审查": 1, "流程化": 1, "螺丝钉化": 1, "绑死": 1, "待久": 1, "有限": 1, "少量": 1, "跳槽": 1, "劣": 1, "剩": 1, "优汰": 1, "概念": 1, "直观": 1, "体会": 2, "工时": 4, "21.75": 2, "160/21.75": 1, "7.356": 1, "算上": 1, "周末": 2, "160-8*8": 1, "4.4": 1, "也就是说": 1, "八": 2, "北京": 1, "9：30": 1, "上班": 2, "7：30": 1, "pm": 1, "扣除": 1, "午休": 1, "晚饭": 2, "平均": 1, "差不多": 1, "12点": 2, "下班": 2, "。。": 3, "吃饭": 2, "睡觉": 1, "触怒": 1, "6点": 1, "项目": 1, "攻关": 1, "辛苦点": 1, "眼里": 1, "看成": 1, "老子": 1, "冲动": 1, "戾气": 1, "去除": 1, "平庸": 2, "鱼": 1, "续签": 1, "战时": 1, "人人自危": 1, "氛围": 1, "孕妇": 2, "七": 1, "进退": 1, "晚": 3, "回家": 2, "休息": 1, "月工": 1, "超": 1, "180": 1, "我俩": 1, "惺惺相惜": 1, "难过": 1, "孕期": 1, "老公": 3, "到家": 2, "福报": 1, "节假日": 1, "在外": 1, "打拼": 1, "对不起": 1, "爸爸": 1, "妈妈": 1, "挤出": 1, "11.2": 1, "更新": 2, "周六": 1, "九点多": 1, "肚子": 1, "买": 2, "晚上": 1, "做好": 1, "一点": 3, "洗": 2, "碗": 1, "锅": 1, "八九点": 1, "十一": 1, "回来": 1, "日子": 1, "盼头": 1, "怪": 1, "没用": 1, "吵架": 1, "俩": 1, "累": 2, "快生": 1, "划水论": 1, "着急": 3, "第二": 1, "职业": 3, "高抬贵手": 1, "哺乳期": 1, "活该": 1, "背C": 1, "9012年": 1, "人力": 4, "折腾": 5, "死去活来": 1, "废掉": 1, "瞎掺": 1, "帖子": 1, "不满": 1, "撕开": 1, "口子": 1, "欣慰": 1, "入司": 1, "谈谈": 1, "几点": 1, "深恶痛绝": 1, "菊厂": 1, "骗人": 1, "吐槽": 1, "无数": 1, "招": 5, "进来": 4, "工程师": 1, "名义": 1, "放": 1, "维护": 1, "技能": 1, "信奉": 1, "实际上": 1, "方向": 1, "所有人": 1, "熬": 1, "放之四海而皆准": 1, "快速": 1, "转身": 1, "领导们": 1, "喜闻乐见": 1, "届生": 1, "放入": 2, "相干": 2, "年轻": 1, "懂事": 1, "温水煮青蛙": 1, "煮死": 1, "艰难": 1, "亲眼": 1, "CV": 2, "身份": 1, "天天": 2, "哥们": 1, "忍不下去": 1, "连续性": 1, "一大": 1, "19": 1, "三月": 1, "产品线": 3, "轰轰烈烈": 1, "号召": 1, "数字": 1, "到处": 1, "人心惶惶": 1, "奖金": 1, "拒绝": 1, "穿": 1, "小鞋": 1, "勉强": 1, "应得": 1, "逃开": 1, "下半年": 1, "处于": 1, "边缘": 2, "命运": 1, "五月": 1, "无条件": 1, "接收": 3, "回流": 2, "傻逼": 1, "果不其然": 1, "516": 1, "贸易战": 1, "流程": 2, "七八月份": 1, "变相": 1, "裁员": 1, "得罪": 1, "新来": 1, "老大": 1, "不得不": 1, "赤裸裸": 1, "暴露": 1, "高压": 1, "顾及": 1, "对方": 1, "offer": 1, "起火": 1, "异地": 1, "懂": 2, "安定": 1, "后方": 1, "招人": 2, "减员": 2, "勾肩搭背": 1, "启动": 1, "调动": 1, "！！！": 2, "卧槽尼玛": 1, "理解": 1, "无心": 1, "重兵": 1, "减人": 1, "隔": 1, "一两": 1, "一发": 1, "PPT": 1, "素材": 1, "隐性": 1, "规则": 2, "游走": 1, "法律": 1, "不合": 1, "法规": 3, "视为": 1, "华人": 1, "年假": 1, "工资": 4, "自愿": 2, "十几万": 1, "冷": 1, "暴力": 1, "法务部": 1, "强大": 2, "劳动": 2, "规避": 1, "手段": 1, "可笑": 1, "观念": 1, "强加": 1, "外包": 8, "接触": 2, "考勤": 1, "报销": 1, "36": 1, "超出": 1, "合规": 1, "时长": 1, "向下": 1, "取整": 1, "闹": 1, "意识": 1, "随便": 1, "扣": 1, "段": 1, "加班费": 1, "一块": 1, "这家": 1, "知名": 1, "形同虚设": 1, "多么": 2, "无知": 1, "可怜": 1, "没有用": 1, "前辈": 1, "费劲": 1, "心血": 1, "换来": 1, "不专业": 1, "活": 1, "修改": 1, "收入": 1, "察觉": 1, "手握大权": 1, "究竟": 1, "曝光": 1, "个例": 1, "撤掉": 2, "热度": 4, "热搜": 2, "花": 1, "钱": 3, "看完": 1, "发表": 2, "心声": 1, "长文": 1, "深有感触": 1, "佩服": 1, "正直": 1, "勇敢": 1, "本身": 1, "强行": 1, "撤下": 1, "热榜": 3, "心中": 1, "激愤": 1, "忍": 1, "遂": 1, "回答": 1, "态度": 1, "一如既往": 1, "干净利落": 1, "拔群": 1, "全站": 1, "降低": 1, "15": 1, "区区": 1, "500W": 1, "数码区": 1, "排": 1, "过于": 1, "魔幻": 1, "X乎": 3, "良心": 1, "痛": 1, "办事": 1, "专业点": 1, "差评": 1, "题问": 1, "消失": 2, "吐": 1, "政治": 1, "东西": 1, "烂": 1, "一丁点脸": 1, "令人作呕": 1, "垃圾": 1, "看齐": 1, "赶紧": 1, "完蛋": 1, "半天": 1, "完整": 1, "见证": 1, "提问": 1, "6000W": 1, "一路": 1, "飙升": 1, "撤": 1, "见识": 1, "资本": 2, "力量": 1, "肆无忌惮": 1, "掌控": 3, "眼中": 1, "逼格": 1, "满满": 1, "遗世独立": 1, "沦为": 1, "唯利是图": 1, "走狗": 1, "花钱": 1, "撤/": 1, "交易": 1, "暗地里": 1, "偷偷": 1, "知乎": 1, "搬到": 1, "台面": 1, "顾忌": 1, "侮辱": 1, "为所欲为": 1, "简直": 1, "当成": 1, "憨批": 1, "公关部": 1, "名不虚传": 1, "有口皆碑": 1, "听到": 1, "微信群": 1, "负面": 1, "信息": 1, "短": 1, "清除": 1, "扛": 1, "控制": 2, "牛逼": 1, "关人": 1, "海军": 1, "洗地": 1, "无所不用其极": 1, "泡沫": 1, "破裂": 1, "盛极而衰": 1, "也许": 1, "当下": 1, "营造": 1, "光环": 1, "带来": 1}