{"深圳": 2, "民企": 1, "存贷": 1, "股权": 1, "分散": 1, "董事长": 1, "年龄": 1, "偏": 1, "行业": 2, "逆风": 1, "正劲": 1, "请问": 1, "这家": 3, "公司": 19, "足额": 1, "发债": 12, "名字": 1, "华为": 58, "！": 2, "9月": 1, "11日": 1, "晚": 1, "交易商": 1, "协会": 1, "系统": 1, "显示": 5, "投资": 1, "控股": 1, "有限": 3, "简称": 1, "提交": 1, "2019": 1, "年度": 1, "第一": 3, "期": 8, "第二": 3, "中期": 2, "票据": 2, "注册": 4, "材料": 1, "中票": 4, "募集": 4, "30亿": 2, "元": 36, "项目": 1, "状态": 2, "预评": 1, "普通人": 1, "难道": 1, "缺": 6, "钱": 9, "金融": 1, "眼中": 1, "——": 2, "司歌": 1, "都": 2, "编入": 1, "中学生": 1, "课本": 1, "企业": 6, "一个": 1, "极其": 1, "神秘": 1, "上市": 4, "导致": 1, "公开": 2, "财务": 5, "数据": 7, "难以": 1, "查询": 1, "资料": 1, "债券": 13, "募资": 3, "计划": 1, "发行": 13, "规模": 3, "期限": 1, "均": 4, "3": 2, "；": 3, "承销商": 2, "工商": 1, "银行": 6, "建设": 1, "工行": 2, "、": 33, "建行": 2, "推荐": 3, "函": 1, "300亿": 1, "超过": 3, "200亿": 2, "100亿": 2, "一般来说": 1, "处在": 1, "存续": 1, "发行人": 1, "披露": 3, "信息": 1, "意味着": 2, "2019年": 14, "2023年": 1, "四": 2, "年中": 1, "5G": 1, "布局": 4, "业务": 17, "板块": 3, "现状": 1, "未来": 1, "规划": 1, "持股": 1, "情况": 2, "员工": 1, "数量": 1, "研发": 1, "投入": 2, "详情": 1, "各界": 1, "关注": 1, "悉数": 1, "得以": 1, "手": 1, "2000亿": 1, "货币": 7, "资金": 10, "利润": 1, "500亿": 1, "说法": 1, "债": 2, "合计": 1, "60亿": 1, "补充": 3, "本部": 1, "下属": 1, "子公司": 1, "营运": 1, "优质": 2, "额度": 1, "太": 1, "国内": 3, "发": 2, "地产": 1, "无形": 1, "炫富": 1, "//": 6, "差": 2, "自述": 1, "运营": 2, "来自于": 1, "经营": 4, "积累": 2, "外部": 4, "融资": 12, "5": 2, "占比": 9, "90%": 1, "10%": 1, "境外": 4, "形式": 1, "说明书": 5, "2015年": 1, "2016年": 2, "2017年": 1, "美元": 8, "共计": 1, "45亿": 1, "未": 3, "到期": 1, "心债": 1, "26亿": 1, "人民币": 2, "兑付": 1, "此前": 1, "境内": 6, "经历": 2, "本次": 1, "票": 1, "市场": 9, "首秀": 1, "2016": 2, "2018年": 8, "上半年": 8, "合并": 4, "口径": 4, "营业": 6, "收入": 12, "5180.68亿": 1, "5984.80亿": 1, "7151.92亿": 1, "3965.38亿": 1, "同比": 2, "增长": 5, "31.58%": 1, "15.52%": 1, "19.50%": 1, "22.86%": 1, "年均": 1, "复合": 1, "增长率": 1, "17.49": 1, "同期": 1, "净利润": 5, "370.52亿": 1, "474.55亿": 1, "593.43亿": 2, "349.04亿": 1, "截至": 5, "净": 1, "资产": 5, "2454.87亿": 1, "7057.16亿": 1, "相比": 1, "段位": 1, "去年": 2, "中国": 5, "石油": 1, "525.85亿": 1, "浦发": 1, "559.14亿": 1, "石化": 1, "630.89亿": 1, "业绩": 2, "几千": 1, "排到": 1, "第十": 1, "业内": 1, "媒体": 1, "戏称": 1, "告诉": 1, "高达": 1, "2497.31亿": 1, "末": 6, "增加": 1, "656.44亿": 1, "增幅": 1, "35.66%": 1, "称": 3, "基于": 1, "流动性": 1, "管理": 1, "持有": 1, "保障": 1, "需求": 1, "官网": 1, "2015-2018年": 1, "活动": 2, "现金流": 2, "523亿": 1, "492.18亿": 1, "963.36亿": 1, "746.59亿": 1, "应付": 2, "余额": 1, "307.82亿": 1, "本来": 1, "很": 3, "轻松": 1, "覆盖": 1, "原先": 1, "负债率": 2, "低": 5, "常年": 1, "65%": 1, "拿来": 1, "中兴": 1, "通讯": 1, "略": 1, "6月": 5, "30末": 1, "75.97%": 1, "联合": 2, "资信": 2, "评估": 1, "有限公司": 1, "主体": 2, "债项": 1, "给出": 1, "AAA": 1, "评级": 1, "偿债": 1, "风险": 5, "本期": 1, "偿还": 1, "能力": 1, "违约": 1, "评价": 1, "资本": 2, "期待": 1, "热情": 1, "概念股": 1, "产业链": 1, "偏爱": 1, "优化": 2, "好奇": 1, "看似": 1, "对此": 1, "回应": 1, "快速": 2, "发展": 2, "容量": 1, "全球": 1, "渠道": 2, "打开": 1, "进一步": 1, "整体": 1, "猜测": 2, "利率": 16, "敞口": 1, "分析": 1, "组合": 1, "浮动": 1, "固定": 2, "借款": 3, "降低": 1, "水平": 2, "波动": 1, "影响": 1, "承担": 1, "到底": 1, "过往": 1, "成本": 2, "算": 1, "集团": 1, "担保": 1, "贷款": 5, "4.41%": 1, "~": 2, "4.90%": 1, "LPR": 1, "实施": 1, "1-5年": 1, "基准": 1, "4.75%": 1, "人士": 1, "MTN": 1, "最低": 1, "簿记": 1, "3.35%": 1, "19": 2, "汇金": 1, "MTN013": 1, "建材": 1, "MTN003": 1, "19三峡": 1, "GN002": 1, "时间": 1, "8月": 1, "事实上": 1, "环境": 3, "不景气": 1, "背景": 2, "热捧": 1, "知名": 1, "基本面": 1, "稳定": 1, "现金": 1, "估计": 1, "最终": 1, "信用": 1, "3.57%": 1, "4.50%": 1, "走高": 3, "伦敦": 1, "同业": 1, "拆借": 1, "Libor": 2, "加点": 2, "报价": 1, "央行": 1, "政策": 1, "二司": 1, "调研组": 1, "2月": 1, "调研": 1, "持续": 1, "去年底": 1, "3.1%": 1, "4.1%": 1, "好于": 1, "国外": 1, "不失为": 1, "选择": 1, "终端": 5, "倍增": 1, "最新": 1, "颇为": 1, "曲折": 1, "表现": 1, "亮眼": 1, "三大": 1, "运营商": 4, "消费者": 5, "肯定": 1, "才": 1, "这几年": 1, "突飞猛进": 2, "电信": 1, "提供": 1, "无线": 1, "网络": 2, "云核": 1, "心网": 1, "中心": 1, "服务": 1, "软件": 1, "占": 3, "下降": 3, "比重": 2, "55.99%": 1, "36.72%": 1, "半壁江山": 1, "面向": 1, "C端": 1, "包括": 1, "智能": 2, "手机": 2, "平板": 1, "电脑": 1, "PC": 1, "可穿戴": 1, "家庭": 1, "融合": 1, "再次": 1, "2184.64亿": 1, "55.09%": 1, "出货量": 1, "2.05亿": 1, "台": 2, "1.18亿": 1, "35%": 1, "24%": 2, "提升": 1, "2312.91亿": 1, "负债": 1, "1805.23亿": 1, "所有者": 1, "权益": 1, "507.68亿": 1, "3291.41亿": 1, "114.10亿": 1, "1-6月": 1, "2110.57亿": 1, "112.35亿": 1, "净利": 1, "接近": 1, "全年": 1, "一家": 1, "跨国公司": 1, "结构": 1, "58%": 1, "欧洲": 1, "中东": 1, "地区": 3, "4": 1, "百分点": 1, "亚太": 1, "美洲": 1, "8.98%": 1, "6.81%": 1, "1-6": 1, "月华": 1, "态势": 1}