{"手机": 47, "现如今": 5, "生活": 2, "息息相关": 1, "物品": 1, "地方": 1, "都": 22, "身影": 2, "很多": 8, "离身": 1, "地步": 1, "众多": 4, "品牌": 20, "竞争": 15, "激烈": 3, "国内": 12, "市场": 17, "主流": 3, "国外": 2, "苹果": 11, "国门": 1, "华米OV": 1, "占据": 8, "之间": 4, "产品": 7, "处于": 1, "阶段": 3, "小编": 1, "国产": 3, "之中": 3, "挑": 1, "分析": 1, "华为": 138, "最多": 2, "早期": 3, "一个": 17, "弱小": 1, "占优势": 1, "采用": 7, "中国": 6, "农村": 1, "发展": 8, "策略": 2, "成功": 6, "技术": 10, "投入": 10, "经费": 2, "李嘉诚": 1, "旗下": 1, "企业": 11, "作用": 2, "众所周知": 2, "研究": 1, "2018年": 5, "年度": 1, "报告": 1, "研发": 15, "费用": 1, "1015亿": 1, "元": 5, "销售": 1, "收入": 4, "14.1%": 1, "数字": 5, "投资": 3, "之下": 1, "长足": 1, "份额": 5, "26.4%": 1, "骑": 1, "绝尘": 1, "销售量": 1, "国际": 3, "销量": 6, "排到": 2, "第三": 3, "位置": 3, "世界": 7, "第五": 1, "代表": 2, "提起": 1, "一大": 2, "小米": 11, "营销": 7, "厉害": 2, "形象": 1, "雷军": 1, "本人": 1, "发布": 8, "宣传": 2, "互联网": 4, "掀起": 1, "股": 1, "热潮": 1, "网络": 6, "提升": 1, "这两年": 3, "起到": 1, "处在": 1, "下滑": 3, "第二": 5, "季度": 1, "38%": 1, "模式": 3, "关系": 3, "核心": 4, "大部分": 3, "取自": 1, "复制": 1, "选择": 3, "优势": 1, "冲击": 1, "31.51亿": 1, "142亿": 1, "美元": 3, "对比": 2, "情况": 2, "面对": 2, "竞争力": 1, "下降": 1, "时代": 2, "科技": 9, "拥有": 3, "才能": 2, "抓住": 1, "消费者": 1, "心理": 1, "场": 1, "较量": 1, "未来": 3, "5G": 33, "消息": 17, "韩国": 3, "抢先": 1, "推出": 1, "全球": 6, "首家": 1, "提供": 1, "商用": 1, "国家": 3, "随后": 2, "曝光": 2, "基站": 1, "数量": 1, "导致": 1, "信号": 1, "稳": 2, "无缝": 1, "切换": 1, "4G": 3, "用户": 1, "体验": 3, "糟糕": 1, "网速": 1, "坏": 1, "过后": 1, "迎来": 1, "联合国": 1, "电信": 4, "联盟": 1, "、": 26, "比利时": 1, "监测": 1, "部门": 1, "称": 6, "证据": 1, "证明": 1, "设备": 11, "新西兰": 2, "德国": 2, "传来": 1, "令人振奋": 1, "总理": 1, "联邦": 1, "网络局": 1, "传出": 7, "供应商": 7, "参与": 2, "本国": 2, "符合": 1, "相关": 5, "规范": 1, "排除": 2, "包括": 3, "在内": 1, "建设": 3, "刚刚": 1, "落地": 1, "利好": 1, "上周五": 1, "北京": 5, "打通": 7, "第一": 10, "电话": 9, "现网": 1, "升级": 1, "NSA": 1, "核心网": 1, "IMS": 1, "完美": 1, "卡": 1, "号": 1, "通话": 1, "；": 1, "周三": 1, "天津": 9, "联合": 2, "室外": 1, "试验": 1, "网上": 1, "接连": 1, "欢欣鼓舞": 1, "此次": 3, "一经": 2, "科技君": 3, "不免": 1, "激动": 1, "一番": 1, "Mate": 12, "5G版": 13, "上市": 2, "2月份": 2, "西班牙": 1, "2019": 1, "通信": 2, "大会": 1, "亮相": 2, "X折叠": 1, "折叠": 1, "功能": 1, "加上": 2, "自研": 2, "巴龙": 2, "5000": 4, "版": 1, "基带": 3, "芯片": 5, "麒麟": 2, "980": 2, "顿时": 1, "会场": 1, "万众瞩目": 1, "海外": 2, "影响力": 1, "再次": 2, "立下": 1, "功": 1, "哪部": 1, "难道": 1, "真的": 3, "X": 11, "确认": 3, "发现": 2, "称为": 1, "此前": 2, "款": 3, "来源": 1, "妄加": 1, "判断": 3, "合作": 8, "很": 10, "官网": 1, "宽带": 2, "创新": 3, "成果": 2, "产业": 6, "迈向": 1, "精准": 1, "运营": 1, "极致": 1, "新时代": 1, "上海": 2, "华为端": 1, "端": 1, "10G": 1, "PON": 1, "解决": 3, "方案": 3, "全力": 1, "推进": 1, "千兆": 2, "精品": 1, "示范": 1, "小区": 1, "城": 1, "目标": 1, "迈进": 1, "事实": 1, "联通": 1, "备国": 1, "电清": 1, "曝出": 1, "就绪": 1, "时间": 3, "为时不远": 1, "展示": 1, "X外形": 1, "4G版": 4, "相差": 1, "不大": 1, "背面": 1, "印": 1, "logo": 1, "体现": 1, "与众不同": 1, "身份": 1, "人士": 1, "透露": 1, "配置": 1, "搭配": 1, "后置": 1, "三": 3, "摄": 2, "屏幕": 4, "一块": 2, "7.2": 1, "英寸": 1, "OLED": 1, "柔性": 1, "屏": 1, "支持": 11, "电池": 6, "毫安": 1, "容量": 2, "22.5W快充": 1, "缩减": 1, "4200": 2, "mAH": 1, "不知": 1, "此举": 1, "用意": 1, "据说": 1, "40W快充": 2, "算": 1, "弥补": 1, "缩水": 1, "短板": 1, "点赞": 1, "关注": 1, "新鲜": 1, "原创": 1, "作品": 1, "评论": 3, "<": 1, "百家号": 1, "独家": 1, "内容": 1, ">": 1, "提及": 1, "智能": 16, "第一时间": 1, "联想": 1, "意义": 2, "一家": 5, "制造商": 7, "体量": 1, "庞大": 1, "算是": 1, "通讯": 8, "数一数二": 1, "王者": 1, "接下来": 1, "笔者": 1, "罗列": 1, "不为人知": 1, "趣闻": 3, "信息": 1, "取名": 2, "事实上": 3, "件": 1, "事情": 1, "当初": 1, "创始人": 1, "兼": 1, "CEO": 1, "任正非": 7, "注册": 1, "公司": 8, "想": 2, "名字": 1, "恰好": 2, "墙壁": 1, "写": 2, "中华": 1, "有为": 1, "四": 2, "字": 1, "拿来": 1, "听": 1, "随意": 1, "员工": 4, "股份": 5, "管理": 2, "留住": 1, "人才": 1, "手里": 1, "做法": 1, "可靠": 1, "超过": 8, "64%": 1, "持有": 2, "计划": 2, "离开": 1, "谋": 1, "归还": 1, "给予": 1, "价值": 1, "补偿": 1, "一点": 2, "确实": 3, "睿智": 1, "42": 2, "岁": 3, "才": 2, "创立": 1, "毕业": 1, "创业": 1, "闯荡": 1, "大佬们": 1, "中年": 1, "创办": 2, "大器晚成": 1, "一手": 1, "打造": 1, "帝国": 1, "七十多": 1, "依旧": 1, "活跃": 1, "管理层": 1, "前期": 1, "仅仅": 1, "名": 2, "专员": 1, "转眼间": 1, "500": 3, "龙头": 1, "三星": 10, "多年": 2, "积累": 1, "沉淀": 1, "根基": 1, "暂时": 1, "撼动": 1, "行业": 3, "老大哥": 1, "2012年": 1, "超越": 2, "爱立信": 1, "坐": 1, "初期": 1, "业务": 6, "生产": 1, "交换机": 2, "早": 3, "上世纪": 1, "80年代": 1, "落户": 1, "定居": 1, "深圳": 1, "年代": 1, "进口": 1, "资源": 1, "被动": 1, "看中": 1, "商机": 1, "自主": 1, "改变": 1, "艰难": 1, "处境": 1, "项目": 1, "人员": 2, "7.6万": 2, "人次": 2, "占": 1, "归功": 1, "科研": 1, "资金": 1, "人力": 1, "物力": 1, "10%": 1, "年收入": 1, "突破": 1, "上涨": 2, "站": 1, "原因": 1, "80%": 1, "顶尖": 1, "世界级": 1, "摩托罗拉": 1, "沃达丰": 1, "长期": 1, "伙伴": 3, "外华": 1, "运营商": 1, "阿森纳": 1, "巴黎": 1, "圣日耳曼": 1, "俱乐部": 1, "官方": 1, "赞助商": 1, "显示": 2, "涉及": 2, "营业": 3, "持续": 1, "直线": 1, "2010年": 2, "去年": 5, "暴涨": 1, "30%": 1, "这是": 3, "可怕": 1, "成绩": 1, "扩张": 1, "专业": 2, "数据": 5, "规模": 1, "15.7%": 1, "占有": 1, "地位": 1, "大学": 2, "百万": 1, "实际上": 2, "教育": 1, "名义": 1, "赞助": 1, "知名": 3, "院校": 1, "著名": 1, "麻省": 1, "理工": 1, "加拿大": 1, "140万": 1, "建立": 1, "实验室": 1, "大放异彩": 1, "一部分": 1, "品牌商": 1, "视为": 1, "眼中钉": 1, "正是": 1, "崛起": 2, "推动": 1, "快速": 1, "良性": 1, "不错": 3, "优先权": 1, "不少": 2, "先进": 1, "设备商": 1, "鲜为人知": 1, "下方": 1, "留言处": 1, "探讨": 1, "网联": 5, "汽车": 12, "增量": 3, "部件": 3, "提供商": 3, "围绕": 4, "连接": 3, "人工": 2, "走": 2, "这次": 1, "传递": 1, "一句话": 1, "造车": 7, "车厂": 1, "造好": 1, "车": 2, "聚焦": 1, "ICT": 1, "轮值": 1, "董事长": 1, "徐": 5, "直军": 5, "4月": 1, "17号": 1, "车展": 2, "关键": 1, "论坛": 1, "演讲": 1, "媒体": 2, "采访": 2, "重复": 1, "参加": 1, "盛传": 1, "传闻": 1, "官宣": 1, "翻译": 1, "主机厂": 1, "供应": 1, "商别": 1, "碰": 1, "走红": 1, "流浪": 1, "大师": 1, "沈巍": 1, "视频": 1, "提到": 1, "孔子": 1, "稻盛": 1, "和夫": 1, "民": 5, "相近": 1, "古代": 1, "政治": 1, "原则": 1, "原始": 1, "版本": 1, "争业": 2, "最早": 1, "西汉": 1, "董仲舒": 1, "汉武帝": 1, "天人三策": 1, "思想": 1, "分工": 2, "做官": 1, "从政": 1, "逼出": 1, "独立": 1, "——": 1, "政治业": 1, "司马迁": 1, "改为": 1, "含义": 1, "变化": 1, "对利": 1, "不争": 1, "轻视": 1, "看轻": 1, "名利": 1, "演化": 1, "利益": 2, "分配": 2, "领域": 5, "BAT": 1, "所到之处": 1, "寸草不生": 1, "巨鳄": 1, "跨界": 1, "都会": 1, "屏气凝神": 1, "追问": 1, "苦笑": 1, "：": 15, "正式": 1, "讲": 2, "怀疑": 3, "办法": 1, "还要": 1, "血书": 1, "外界": 1, "反复": 1, "先例": 1, "2002年": 1, "公开": 1, "绝不": 1, "2003年": 1, "成立": 1, "业务部": 1, "进军": 1, "势力": 1, "开启": 1, "电动": 2, "创业潮": 1, "IP级": 1, "猜想": 2, "正反两面": 1, "讨论": 1, "实锤": 1, "羞羞": 1, "商业": 1, "2015年": 1, "造型": 1, "设计": 3, "工程": 1, "交流": 1, "对方": 1, "无意": 1, "暴露": 1, "客户": 1, "名单": 1, "严肃": 1, "报道": 1, "接近": 1, "真相": 1, "储备": 1, "高层": 1, "内部": 1, "达成": 1, "共识": 1, "支持派": 1, "不造": 1, "整车": 1, "最终": 2, "拍板": 2, "发生": 1, "遥远": 1, "争论": 1, "上路": 1, "动手": 1, "退": 1, "天天": 1, "并非": 1, "控制": 1, "值得": 2, "期待": 1, "什么的": 1, "直言": 1, "只能": 1, "PPT": 1, "表达": 1, "1.": 1, "服务": 4, "基于": 1, "华为云": 1, "自动": 1, "驾驶云": 1, "包含": 1, "平台": 4, "训练": 2, "仿真": 2, "结构化": 1, "数据湖": 1, "治理": 1, "海量": 1, "储存": 1, "标注": 1, "障碍物": 1, "识别": 1, "模型": 1, "场景库": 1, "系统": 4, "评测": 1, ".": 2, "驾驶": 1, "车载": 3, "计算": 1, "Mobile": 1, "Digital": 1, "Center": 1, "MDC": 1, "驾驶子": 1, "3": 1, "/": 1, "模块": 1, "T-Box": 1, "老": 1, "本行": 1, "移植": 1, "车上": 1, "4.": 1, "互联": 2, "更进一步": 1, "外部": 1, "环境": 1, "5.": 1, "能源": 1, "形态": 1, "电驱": 1, "充电": 4, "分布": 1, "传统": 3, "零部件": 2, "交集": 1, "对手": 1, "近年来": 1, "渗透": 1, "车联网": 1, "算力": 1, "头部": 1, "巨头": 1, "博世": 1, "安波福们": 1, "电子": 1, "表态": 1, "极力": 1, "安抚": 1, "友商": 1, "情绪": 1, "不可避免": 1, "回避": 1, "产业部": 1, "快": 1, "难": 1, "层面": 1, "既有": 1, "互为": 1, "弯道": 1, "超车": 2, "变道": 1, "认同": 1, "赶超": 1, "机会": 2, "寥寥": 1, "波": 1, "变革": 1, "整车厂": 1, "产业链": 1, "成长": 1, "降价": 3, "半年": 4, "Mate20": 16, "Pro值": 1, "值": 6, "看完": 2, "4点": 2, "纠结": 2, "熟悉": 1, "厂商": 3, "排名": 2, "低": 2, "位列": 1, "差距": 2, "毫米": 1, "余承东": 4, "几日": 1, "希望": 1, "增长率": 1, "下滑率": 1, "幅度": 1, "S10": 2, "系列": 4, "以往": 1, "重磅": 1, "心态": 1, "毕竟": 1, "9000万": 1, "台": 3, "高端机": 2, "庆幸": 1, "国产机": 1, "抗衡": 1, "来源于": 1, "P20": 1, "出货量": 1, "1700万": 1, "1000万": 1, "Pro": 15, "10月": 1, "中旬": 1, "至今": 1, "刚好": 1, "到底": 2, "入手": 2, "乱": 1, "买": 1, "！": 1, "性能": 6, "最为": 1, "关心": 2, "搭载": 1, "麒麟980": 2, "处理器": 2, "7nm": 1, "工艺": 1, "制程": 1, "依然": 2, "高端": 1, "本月": 1, "P30": 2, "落后": 2, "8GB": 1, "+": 1, "128GB": 1, "内存": 1, "组合": 1, "寿命": 1, "长": 1, "该机": 3, "发布会": 1, "1": 1, "年后": 1, "老化率": 2, "5%": 1, "Note9": 1, "高达": 1, "28%": 1, "保证": 1, "Mate9": 1, "18": 1, "卡顿": 1, "网友": 2, "续航": 4, "水平": 3, "内置": 1, "mAh大": 1, "15": 1, "W无线": 1, "快充": 2, "S10+": 1, "iPhone": 3, "XS": 1, "Max": 1, "表现": 1, "速度": 1, "很快": 1, "反向": 1, "无线": 2, "X充电": 1, "推": 1, "预计": 1, "外观": 4, "重视": 1, "环节": 1, "刘": 1, "海屏": 1, "放置": 2, "3D": 2, "结构": 2, "光人": 1, "脸": 1, "解锁": 1, "项": 1, "今日": 1, "8": 1, "透明": 1, "探索版": 1, "OPPO": 1, "Find": 1, "寥寥无几": 1, "指纹": 1, "双曲面": 1, "颜值": 1, "图片": 1, "亲临": 1, "体验店": 1, "第四": 1, "拍照": 5, "效果": 3, "旗舰机": 1, "业界": 1, "赞扬": 1, "DXO": 1, "Mark": 1, "评分": 1, "霸榜": 1, "4000万": 1, "像素": 1, "主摄": 1, "索尼": 1, "IMX600": 1, "IMX586": 1, "高级": 1, "肯定": 1, "DXO评": 1, "109分": 1, "仅次于": 1, "前端": 1, "维度": 1, "解析": 1, "结论": 1, "手机界": 1, "内": 1, "水准": 1, "负面": 1, "价格": 1}