{"事情": 5, "很": 7, "简单": 2, "时间点": 1, "敏感": 2, "细节": 1, "意味深长": 1, "包括": 1, "媒体": 2, "引述": 1, "波兰": 30, "官员": 2, "间谍罪": 1, "抓捕": 3, "华为": 74, "公司": 8, "高管": 2, "王": 9, "伟晶": 9, "毕业于": 1, "中国": 15, "顶级": 1, "情报": 3, "学校": 1, "毕业": 2, "北京": 1, "外国语": 1, "大学": 1, "！": 8, "北外": 2, "同学": 1, "演变": 2, "引而不发": 1, "搜查": 1, "地方": 1, "未": 1, "公布": 1, "证据": 1, "马上": 1, "通知": 1, "美国": 27, "FBI": 2, "、": 15, "CIA": 2, "机构": 1, "官方": 1, "信息": 3, "外交部": 2, "作出": 1, "回应": 1, "：": 17, "中方": 3, "高度": 1, "关注": 4, "内部": 2, "安全局": 1, "拘押": 1, "驻": 2, "使馆": 1, "第一时间": 1, "约见": 1, "波": 1, "波方": 1, "尽快": 1, "案件": 1, "情况": 4, "领事": 2, "通报": 1, "尽早": 1, "安排": 1, "探视": 1, "依法": 1, "公正": 1, "妥善": 1, "案": 1, "切实": 1, "保障": 1, "当事人": 1, "合法": 2, "权益": 1, "人道主义": 1, "待遇": 1, "发": 1, "声明": 5, "11日": 1, "第一": 2, "中规中矩": 1, "获悉": 1, "相关": 4, "进一步": 1, "对此": 2, "暂时": 1, "评论": 2, "遵守": 6, "业务": 3, "所在国": 6, "法律": 10, "法规": 6, "合规": 4, "经营": 5, "员工": 4, "12日": 1, "傍晚": 1, "非同寻常": 2, "全文": 1, "代表处": 1, "原因": 4, "涉嫌": 2, "违反": 2, "逮捕": 2, "调查": 1, "事件": 4, "全球": 4, "声誉": 3, "不良": 3, "影响": 5, "依据": 1, "劳动": 1, "合同": 1, "管理": 1, "立刻": 3, "终止": 2, "雇佣": 2, "关系": 8, "一句话": 2, "一模一样": 1, "都": 13, "重要性": 1, "综合": 1, "政府": 2, "国际": 2, "报道": 2, "各方": 1, "表态": 1, "看点": 1, "1": 3, "人物": 1, "确认": 3, "——": 1, "此前": 1, "披露": 1, "格但斯克": 1, "领事馆": 1, "工作": 2, "波兰语": 1, "专业": 1, "事发": 1, "担任": 1, "分公司": 1, "公关部": 1, "部长": 1, "此人": 1, "请": 2, "无关": 1, "3": 3, "确实": 4, "间谍": 2, "罪名": 2, "证实": 1, "形象": 2, "损害": 1, "恼火": 1, "4": 1, "堪称": 1, "神速": 1, "也就是说": 1, "开除": 1, "生效": 1, "5": 2, "国家": 6, "机关": 1, "发言人": 1, "扎瑞": 2, "推特": 1, "发布": 5, "消息": 2, "特意": 3, "国务院": 1, "在内": 1, "6": 1, "部门": 3, "@": 4, "举动": 1, "出乎": 1, "很多": 10, "意料": 1, "这是": 2, "欧洲": 3, "说得过去": 1, "毕竟": 2, "欧盟": 3, "成员国": 1, "太": 4, "直白": 1, "一点": 2, "告诉": 1, "抓": 1, "寻常": 1, "中波": 3, "建交": 1, "70": 1, "周年": 1, "风云变幻": 1, "风风雨雨": 1, "篇": 1, "文章": 2, "不住": 1, "概括": 1, "算": 3, "糟糕": 1, "合作": 4, "领头羊": 1, "德国": 1, "亲热": 1, "小弟": 1, "主动": 1, "发出": 1, "邀请": 1, "驻军": 2, "提供": 1, "费用": 1, "东欧": 1, "经济体": 1, "重点": 2, "开拓": 1, "市场": 6, "当天": 1, "国务卿": 1, "蓬佩奥": 1, "2月": 1, "13日": 1, "14日": 1, "中东": 3, "峰会": 2, "主题": 1, "研究": 1, "对付": 2, "伊朗": 2, "弄": 1, "怒火中烧": 1, "指责": 1, "场": 1, "小丑": 1, "表演": 1, "牵涉": 1, "气": 1, "带来": 3, "冲击": 2, "做好": 1, "抓人": 1, "内政部长": 1, "布鲁辛斯基": 1, "公开": 1, "希望": 3, "商讨": 1, "原话": 1, "北约": 4, "疑虑": 1, "会员国": 1, "针对": 3, "此事": 1, "制定": 1, "立场": 1, "保有": 1, "有益": 1, "吸引力": 1, "留": 1, "余地": 1, "恶化": 1, "急切": 1, "抬出": 1, "暗示": 1, "风险": 1, "系列": 2, "主旨": 1, "说白": 1, "妖魔化": 1, "最终": 2, "驱逐": 1, "目的": 1, "一再": 1, "每次": 1, "带上": 1, "树欲静而风不止": 1, "这不": 1, "结束": 1, "想": 2, "长篇累牍": 1, "关键": 2, "接下来": 1, "发展": 5, "羁押": 1, "成立": 1, "面临": 1, "10年": 1, "有期徒刑": 1, "为止": 1, "至少": 1, "承认": 1, "后续": 1, "值得": 1, "职工": 1, "公民": 1, "博弈": 1, "2019年": 3, "才": 2, "刚": 1, "件": 3, "大事": 1, "发生": 2, "屏住气": 1, "好戏": 1, "后头": 1, "高科技": 1, "产品": 2, "更新换代": 1, "速度": 1, "快": 2, "手机": 26, "电脑": 22, "功能": 1, "只能": 1, "发发": 1, "短信": 1, "打打": 1, "电话": 1, "生活": 1, "缺少": 1, "工具": 1, "智能": 2, "跌出": 1, "神坛": 1, "网友": 4, "发现": 2, "碰": 1, "或许": 3, "魅力": 1, "的确": 1, "东西": 1, "研发": 2, "成功": 2, "一个": 4, "最新": 2, "黑科技": 3, "取代": 6, "未来": 3, "投射": 2, "Windows": 1, "运行": 2, "系统": 1, "这样子": 1, "增加": 1, "主意": 1, "软件": 2, "用户": 6, "下载": 1, "购买": 1, "套餐": 1, "握手": 1, "云端": 1, "查阅": 1, "文档": 1, "等于": 1, "随身": 1, "携带": 1, "担心": 1, "续航": 1, "省电": 1, "锤子": 2, "科技": 4, "天庭": 1, "工作站": 1, "革命": 1, "取消": 1, "键盘": 1, "鼠标": 1, "语音": 1, "操作": 1, "技术": 8, "成熟": 1, "时间": 2, "推移": 1, "总会": 1, "代表": 1, "消失": 1, "致使": 1, "越来越": 1, "厉害": 1, "屏幕": 1, "联想": 9, "慌": 2, "难受": 1, "发家": 1, "传统": 1, "乐观": 1, "销量": 2, "赶上": 1, "预期": 1, "还滩": 1, "投票门": 1, "口碑": 1, "小编": 1, "这次": 3, "受伤": 1, "但愿": 1, "早早": 1, "摆脱": 1, "尴尬": 2, "处境": 1, "再次": 1, "站": 2, "下方": 1, "留言": 2, "资讯": 1, "起点": 1, "谈": 1, "编辑": 1, "韩一": 1, "/": 3, "审稿": 1, "韩": 1, "天天": 1, "百家号": 2, "作者": 1, "独家": 1, "原创": 2, "内容": 1, "未经": 1, "许可不得": 1, "形式": 2, "转载": 2, "追究": 2, "责任": 2, "图片": 1, "来源于": 1, "网络": 2, "骄傲": 2, "眼中钉": 1, "去年": 3, "年初": 1, "阻扰": 2, "当地": 2, "运营商": 1, "建议": 1, "高校": 1, "5G": 2, "建设": 2, "时期": 1, "关上": 1, "禁止": 2, "参与": 1, "怂恿": 1, "盟友": 1, "拒绝": 3, "澳大利亚": 1, "新西兰": 1, "加拿大": 1, "日本": 1, "近日": 1, "传出": 1, "挪威": 1, "打算": 2, "举措": 1, "阻止": 1, "玩出": 1, "花样": 1, "子公司": 3, "持有": 1, "出口": 4, "许可证": 4, "到期": 1, "美国商务部": 1, "角度": 1, "延期": 1, "申请": 1, "毫无疑问": 1, "一道": 1, "难题": 1, "规模": 1, "工程师": 1, "团队": 1, "将近": 1, "700": 1, "所幸": 1, "收到": 1, "高速": 1, "数据": 2, "交换": 1, "据悉": 1, "开发": 1, "运营": 1, "预算": 1, "超过": 1, "1600万": 1, "美元": 1, "解决": 1, "恐怕": 1, "难": 1, "带出": 1, "损失": 1, "手段": 1, "表述": 1, "大开眼界": 1, "进去": 1, "关照": 1, "对象": 1, "如今": 1, "一意孤行": 1, "打压": 2, "企业": 2, "付出": 1, "代价": 1, "高通": 1, "典型": 1, "例子": 1, "中兴": 1, "核心": 1, "手里": 1, "无惧": 1, "心中": 2, "当之无愧": 1, "国产": 2, "九月份": 1, "国人": 1, "180": 1, "度": 1, "众人": 1, "纷纷": 1, "竖起": 1, "大拇指": 1, "烦心事": 2, "社会": 1, "质疑": 1, "声音": 1, "增多": 1, "树大招风": 1, "体验": 1, "开年": 1, "小米": 4, "表现": 2, "活跃": 1, "招揽": 1, "人才": 1, "独立": 2, "红米": 3, "势必": 1, "一番": 1, "1月": 1, "10日": 1, "品牌": 2, "Redmi": 1, "首款": 1, "新机": 2, "红米Note7": 1, "大众": 1, "见面": 1, "以往": 1, "极致": 1, "性价比": 1, "带": 1, "惊喜": 1, "骁龙": 1, "660": 1, "水滴屏": 1, "4800万": 1, "像素": 1, "众多": 1, "潮流": 1, "元素": 1, "揉入": 1, "款": 1, "售价": 1, "千": 1, "元": 1, "真的": 1, "用心": 1, "首场": 1, "发布会": 2, "印象深刻": 1, "雷军": 2, "操": 1, "口": 1, "仙桃": 1, "普通话": 1, "CEO": 1, "会上": 1, "霸气": 1, "回怼": 1, "PPT": 1, "忍": 1, "终于": 1, "荣耀": 1, "开战": 1, "名言": 1, "生死": 1, "看淡": 1, "不服": 1, "干": 1, "脸": 2, "略": 1, "不止": 1, "旭日": 1, "大数据": 1, "正式": 1, "2018": 1, "年度": 1, "出货量": 3, "排名": 1, "敌": 1, "苹果": 6, "位列": 1, "第三": 2, "2.08亿": 1, "位居": 1, "相差": 1, "1700万": 1, "台": 1, "不禁": 1, "郁闷": 1, "2018年": 1, "下半年": 1, "期待值": 1, "飙升": 1, "对标": 1, "三星": 1, "砥柱": 1, "连续": 1, "季度": 1, "赶超": 1, "感觉": 1, "有戏": 1, "拓": 1, "全年": 1, "相比": 1, "差距": 1, "年底": 1, "动作": 1, "MWC": 1, "大会": 1, "积攒": 1, "大招": 1, "端倪": 1, "失望": 1, "商场": 1, "起起伏伏": 1, "小事": 1, "斟酌": 1, "消费者": 1, "期待": 1, "更多": 1, "优秀": 1, "即可": 1, "看法": 1, "不妨": 1, "文": 1, "数码": 1, "密探": 1, "创作": 1, "区块链": 1, "版权": 1, "认证": 1, "改编": 1, "抄袭": 1, "违者": 1}