{"3月": 1, "26日": 1, "华为": 117, "法国": 1, "巴黎": 1, "正式": 1, "发布": 9, "P30": 41, "系列": 22, "新品": 1, "包括": 1, "Pro": 24, "款": 3, "手机": 37, "网上": 1, "新机": 1, "讨论": 1, "停止": 1, "无论是": 3, "在知乎": 1, "贴吧": 1, "论坛": 1, "热议": 1, "话题": 1, "话题量": 1, "很": 6, "一部分": 1, "原因": 2, "套": 1, "全新": 3, "超": 7, "感光": 9, "徕卡": 5, "四": 5, "摄": 4, "强大": 2, "凶猛": 1, "50": 6, "倍": 21, "数码": 6, "变焦": 17, "能力": 6, "打破": 1, "此前": 4, "P20": 3, "长": 4, "DxO": 2, "榜首": 1, "记录": 1, "112": 1, "登顶": 1, "引领": 1, "摄影": 5, "技术": 10, "创新": 2, "标杆": 1, "旗舰": 2, "再次": 1, "诠释": 1, "——": 2, "拍照": 10, "领域": 3, "超越": 2, "打电话": 1, "夜视仪": 1, "、": 26, "望远镜": 3, "后置": 1, "搭载": 2, "包含": 1, "枚": 6, "4000万": 2, "素超": 2, "镜头": 13, "2000万": 1, "广角": 2, "800万": 2, "像素": 9, "潜望式": 4, "长焦": 4, "TOF": 1, "焦": 2, "均": 2, "支持": 3, "光学": 10, "防抖": 1, "有史以来": 1, "相机": 4, "堆料": 1, "猛": 1, "台": 4, "传感器": 8, "都": 15, "拥有": 2, "超级": 10, "属性": 1, "超广角": 1, "超变焦": 1, "3D": 2, "拍摄": 21, "一个": 12, "不少": 1, "业界": 1, "商用": 1, "量产": 1, "置于": 1, "纤薄": 1, "机身": 1, "三棱镜": 1, "让光": 1, "轨迹": 1, "发生": 1, "90": 1, "°": 1, "转折": 1, "5": 8, "10": 5, "混合": 5, "麒麟980": 1, "算法": 2, "驱动": 1, "数字": 1, "选": 1, "放大": 1, "系数": 1, "切换": 1, "摄像头": 3, "背后": 2, "称之为": 1, "f/1.6": 1, "大光圈": 1, "ISO": 1, "竟然": 1, "惊人": 2, "409600": 1, "ISO值": 1, "超过": 3, "20万": 1, "！": 7, "俗话说": 1, "大一": 1, "压死": 1, "夸张": 2, "安置": 1, "其主": 1, "配备": 1, "1/1.7": 1, "英寸": 1, "超大型": 2, "关键": 1, "内在": 1, "升级": 1, "暗光": 1, "环境": 6, "可视性": 1, "创新性": 1, "RGGB": 1, "排列": 2, "改成": 1, "RYYB": 1, "绿色": 1, "替换": 1, "黄色": 2, "透过": 1, "红光": 1, "绿光": 1, "层面": 1, "大地": 1, "提升": 5, "进光": 1, "效率": 1, "进光量": 1, "40%": 1, "这是": 3, "革命性": 1, "底层": 1, "规则": 4, "改写": 1, "带来": 2, "大幅": 1, "验证": 1, "超感": 1, "光夜": 1, "拍": 2, "水平": 3, "4月": 1, "1日": 1, "晚间": 1, "IT之家": 6, "公司": 1, "园区": 2, "随手": 1, "样张": 4, "直观": 2, "参考": 1, "格外": 1, "提醒": 1, "本次": 1, "夜拍": 1, "环节": 1, "光线": 5, "微弱": 1, "月光": 1, "上图": 6, "晚上": 3, "19点": 1, "天色": 3, "黑": 2, "远处": 6, "树丛": 1, "楼宇": 3, "轮廓": 1, "肉眼": 5, "难": 1, "辨别": 1, "右侧": 2, "Pro取": 1, "景框": 1, "截图": 1, "黑成": 1, "接近": 1, "左侧": 1, "未": 1, "开启": 6, "夜景": 6, "画面": 5, "整体": 2, "亮度": 2, "画质": 2, "纯净": 1, "噪点": 3, "控制": 1, "出色": 3, "样片": 1, "找": 1, "观感": 1, "舒服": 1, "阶梯": 1, "保证": 1, "高光": 2, "溢出": 1, "暗部": 1, "细节": 6, "拍出": 2, "傍晚": 1, "效果": 1, "有意思": 1, "左下角": 1, "刚好": 1, "走过": 1, "以往": 2, "晃动": 1, "物体": 1, "帧": 1, "合成": 1, "晃": 1, "动物": 1, "体会": 1, "拖影": 1, "模糊": 1, "现象": 1, "深度": 1, "优化": 1, "实际上": 1, "一丁点": 1, "呈现": 1, "明亮": 1, "配合": 1, "上超": 1, "曝光": 2, "真的": 1, "无愧": 2, "三": 3, "字": 4, "下组图": 1, "青岛": 3, "五四": 3, "广场": 3, "9点多": 1, "昏黄": 1, "路灯": 1, "高楼": 3, "大厦": 1, "污染": 1, "从样": 1, "表现": 3, "依然": 3, "一如既往": 1, "地方": 1, "过曝": 1, "暗处": 1, "保留": 2, "天空": 1, "下图": 2, "光源": 1, "奥运": 1, "五环": 1, "贝壳": 2, "形状": 1, "建筑": 3, "考验": 1, "综合": 2, "感受": 2, "：": 10, "焦样": 2, "Pro像": 1, "蓝色": 1, "灯光": 1, "房子": 1, "上方": 1, "一清二楚": 1, "清远处": 2, "清晰": 1, "海滩": 1, "斜对面": 1, "窗户": 1, "白天": 1, "0.6": 1, "1倍": 2, "30": 3, "第一": 11, "楼顶": 1, "略微": 1, "昏暗": 1, "1": 1, "X样": 1, "篮球场": 1, "白色": 1, "篮板": 3, "看清": 2, "黑色": 1, "文字": 1, "只能": 2, "条": 1, "黑线": 1, "世界": 2, "大字": 1, "跃然纸上": 1, "忍不住": 1, "惊呼": 1, "简直": 1, "第二": 2, "目测": 1, "中远处": 1, "栋栋": 1, "灰色": 1, "距离": 2, "笔者": 3, "地点": 1, "至少": 2, "1-1.5": 1, "公里": 1, "质量": 1, "损失": 1, "玻璃窗": 2, "清晰可见": 1, "第三": 1, "网站": 1, "上传": 1, "图片": 1, "压缩": 1, "原本": 1, "山顶": 2, "素点": 1, "X": 2, "10X": 1, "30X": 1, "哨塔": 1, "渐渐": 1, "现出": 1, "原形": 1, "形容": 1, "此时此刻": 1, "想到": 1, "恐怖": 1, "重写": 3, "slogan": 1, "Rewrite": 1, "Rules": 1, "Photography": 1, "小编": 2, "口号": 1, "超感光": 2, "突破": 2, "历史性": 1, "创举": 1, "未来": 4, "发展": 5, "指出": 1, "方向": 2, "照片": 1, "P系列": 2, "追求": 1, "P9": 1, "双摄": 1, "P10": 1, "20s长": 1, "暗拍": 1, "这一切": 1, "得以": 1, "研发": 7, "投入": 2, "强度": 1, "发布会": 2, "接受": 1, "采访": 1, "产品线": 2, "副总裁": 1, "李小龙": 1, "媒体": 1, "透露": 1, "模组": 1, "光圈": 1, "太": 2, "SMA马达": 1, "在此之前": 1, "三四": 1, "时间": 1, "马达": 1, "厂商们": 1, "听": 1, "消费者": 7, "下一代": 1, "产品": 8, "提供": 2, "敏锐": 1, "洞察力": 1, "发掘": 1, "需求": 1, "全球": 5, "影像": 1, "指明": 1, "日前": 1, "业务": 2, "CEO": 2, "余承东": 6, "今日": 1, "历史": 4, "阶段": 1, "+": 1, "荣耀": 11, "厂商": 3, "目标": 1, "品牌": 12, "中国": 1, "随后": 1, "总裁": 1, "赵明": 1, "转发": 1, "抓住": 1, "机遇": 1, "竞争力": 2, "用户": 2, "满意": 1, "2011年": 3, "BG": 1, "称": 1, "作余": 1, "大嘴": 1, "8": 1, "吹": 2, "牛": 2, "一个个": 1, "如今": 1, "这次": 2, "起源": 1, "涉足": 1, "终端": 6, "晚": 1, "早": 2, "小灵通": 1, "时代": 1, "电信": 1, "运营商": 1, "事实上": 1, "年代": 1, "很多": 2, "基站": 1, "中兴": 2, "大唐": 1, "代工": 1, "贴牌": 1, "海思": 2, "芯片": 1, "K3一度": 1, "山寨": 1, "智能机": 1, "采用": 6, "方案": 1, "智能": 5, "市场": 13, "事情": 1, "2007年": 1, "苹果": 9, "iPhone": 1, "2008年": 1, "谷歌": 1, "安卓": 1, "新时代": 1, "2010年": 1, "880": 1, "成功": 6, "秘密": 1, "聚集人马": 1, "制造": 2, "高端": 10, "领军": 1, "最初": 1, "计划": 1, "利用": 1, "设想": 1, "2012年": 2, "巴塞罗那": 1, "四核": 1, "华为D1": 1, "P1": 1, "亮相": 1, "起步": 2, "顺利": 1, "D系列": 2, "卖": 3, "糟糕": 1, "小米": 11, "独立": 1, "2012年底": 1, "模仿": 2, "初": 1, "2013年底": 1, "华为P": 1, "惨淡": 1, "素级": 1, "3C": 1, "空前": 1, "入场": 1, "站住脚": 2, "符合": 1, "规律": 1, "普及期": 1, "性价比": 3, "高低": 2, "搭配": 2, "格局": 1, "崛起": 2, "打下": 1, "基础": 1, "善于": 4, "学习": 8, "2013年": 1, "引入": 1, "mate": 1, "三星": 14, "屏幕": 4, "note": 1, "推出": 3, "大屏": 1, "电池": 1, "占领": 1, "商务": 1, "线下": 3, "渠道": 2, "扩张": 1, "经验": 1, "如火如荼": 1, "快速": 2, "展开": 1, "肉搏": 1, "2014年": 1, "成型": 1, "P7": 1, "mate7": 1, "初步": 1, "正面": 2, "对抗": 2, "2015年": 3, "轮换": 1, "机潮": 1, "结束": 1, "路线": 1, "走到": 1, "尽头": 1, "停滞": 1, "增长": 3, "2016年": 2, "下降": 1, "36%": 1, "中高端": 1, "OPPO": 2, "vivo": 2, "100%": 1, "东方不亮西方亮": 1, "麻烦": 1, "不错": 3, "惊喜": 1, "检讨": 1, "三年": 1, "OV": 5, "一下子": 1, "OV无论": 1, "销量": 2, "利润": 3, "汗颜": 1, "发现": 3, "开发": 1, "女性": 3, "才": 3, "金矿": 1, "运作": 2, "老师": 1, "暴涨": 2, "nova": 1, "级别": 1, "早年": 2, "K3V2": 1, "饱受": 1, "嘲讽": 1, "910": 1, "勉强": 1, "可用": 1, "950": 1, "主流": 1, "980": 1, "高通": 3, "855": 2, "钱": 2, "拿下": 1, "诺基亚": 1, "遗产": 1, "合作": 3, "上游": 1, "一举": 1, "产品力": 1, "布局": 1, "完整": 1, "广阔": 1, "海外": 1, "2018年": 2, "2019年": 3, "总体": 1, "下滑": 1, "优势": 4, "体现": 1, "末": 1, "孟晚舟": 1, "事件": 1, "好事": 1, "因祸得福": 1, "民众": 1, "简单": 2, "办法": 1, "买": 1, "一季度": 2, "同比": 1, "对手": 4, "确实": 5, "势头": 1, "一步一个脚印": 1, "走": 1, "做单": 1, "底蕴": 1, "手里": 2, "核心": 1, "基带": 1, "公版": 1, "架构": 2, "SOC": 2, "自主": 1, "内存": 1, "闪存": 1, "CMOS": 4, "产业链": 1, "整合": 1, "挺": 1, "可怕": 1, "索尼": 3, "订制": 1, "imx600": 1, "集团": 1, "发力": 1, "困难": 1, "1200万": 1, "小底": 1, "Dxomark": 1, "P20pro打平": 1, "大底": 1, "很难说": 1, "多久": 1, "处理器": 3, "IOS": 1, "势能": 1, "低价": 2, "发挥": 1, "利润率": 1, "A12": 1, "中端": 1, "打击": 2, "麒麟": 1, "竞争": 1, "享受": 1, "骁龙": 3, "845": 1, "挂": 1, "少价": 1, "机型": 1, "越来越": 1, "降价": 1, "努力": 1, "醒": 1, "声明": 1, "本文": 1, "DoNews": 2, "签约": 1, "作者": 2, "原创": 1, "文章": 1, "版权": 1, "归原": 1, "原出处": 1, "转载": 1, "请": 1, "专栏": 1, "获取": 1, "授权": 1, "有心": 1, "不难": 2, "标准版": 11, "Pro版": 2, "之间": 2, "差距": 5, "也就是说": 1, "国内": 2, "旗舰机": 1, "版本": 4, "设计": 2, "上都": 1, "亮点": 3, "满满": 3, "对比": 1, "此次": 1, "到来": 1, "主打": 1, "最为": 1, "关注": 1, "功能": 2, "来讲": 6, "Pro主": 1, "新一代": 1, "IMX650": 1, "上一代": 1, "IMX600": 1, "去年": 1, "P20Pro": 2, "身上": 1, "颗": 1, "tof": 1, "各项": 1, "黑科技": 3, "加持": 2, "充电": 3, "依旧": 1, "22": 1, ".": 1, "5瓦": 1, "快充": 3, "上40W": 1, "无线": 1, "反向": 1, "旗舰级": 1, "不仅仅": 1, "Mate": 1, "Mate20": 2, "结构": 1, "屏下": 1, "指纹": 1, "40瓦": 1, "mate20Pro": 1, "主色": 1, "相比": 2, "当下": 1, "实力": 1, "现如今": 1, "排": 1, "上号": 1, "想": 1, "体验": 1, "建议": 1, "狠": 1, "购买": 1, "毕竟": 1, "硬件": 1, "配置": 1}