{"全球": 7, "第一": 3, "通讯": 5, "公司": 9, "华为": 183, "无尽": 1, "技术": 22, "专利": 3, "强大": 2, "研究": 3, "能力": 4, "标签": 1, "国际": 1, "道路": 1, "一帆风顺": 1, "国家": 37, "5g": 1, "产品": 7, "排除": 4, "消息": 6, "日本": 13, "一个": 8, "禁售": 4, "确认": 2, "回击": 3, "感到": 5, "骄傲": 4, "！": 14, "软银": 4, "通信": 8, "紧跟": 2, "政府": 8, "步伐": 3, "迎合": 1, "国内": 6, "营商": 1, "接下来": 1, "放在": 1, "系统": 1, "你家": 1, "都": 39, "熟悉": 1, "诺基亚": 14, "爱立信": 9, "设备": 18, "放弃": 4, "科技": 7, "巨头": 3, "安川": 8, "电机": 6, "领域": 5, "世界": 9, "公认": 1, "很多": 12, "代表": 3, "创立": 1, "三": 8, "企业": 12, "频器": 1, "控制器": 1, "生产": 1, "当下": 2, "人气": 1, "智能": 4, "机器人": 1, "人工": 1, "电工厂": 1, "提供者": 1, "冻结": 2, "电气": 1, "订单": 9, "这几天": 1, "媒体": 4, "报道": 4, "显示": 2, "购买": 1, "工业": 1, "器材": 1, "相关": 2, "暂时": 1, "取消": 2, "中国": 40, "带来": 2, "23%": 1, "利润": 1, "客户": 2, "这次": 5, "搞蒙": 1, "链接": 1, "背负": 1, "高额": 1, "损失": 1, "破产": 1, "4%": 1, "股份": 2, "表现": 2, "师": 1, "做出": 4, "无敌": 1, "禁止": 6, "针对性": 1, "给出": 3, "回应": 1, "国人": 3, "毕竟": 3, "无奈": 1, "才": 3, "冷漠": 1, "采购方": 1, "选用": 1, "国产": 1, "品牌": 4, "美国": 16, "受阻": 1, "英国": 4, "拒绝": 4, "合作": 23, "任正非": 4, "坦言": 1, "：": 9, "努力": 6, "钢铁": 1, "改革": 1, "开放": 1, "经济": 6, "发展": 8, "势如破竹": 1, "带动": 1, "犹如": 1, "雨后春笋": 1, "拔地而起": 1, "阿里巴巴": 1, "京东": 1, "活跃": 1, "线上": 1, "毫无疑问": 1, "终端": 5, "消费": 1, "成功": 1, "案例": 1, "手机": 23, "销量": 1, "王": 1, "研发": 10, "5G": 38, "无疑": 1, "长": 2, "脸": 1, "民族": 1, "之中": 1, "困难重重": 1, "领先": 8, "正是": 1, "树大招风": 1, "别人": 2, "嫉妒": 1, "丝毫": 2, "影响": 2, "厉害": 3, "处在": 1, "估计": 2, "很": 15, "ICT": 1, "基础": 2, "提供商": 1, "网络": 9, "IT": 1, "服务": 1, "投入": 1, "人力": 1, "资源": 1, "不惜": 1, "血本": 1, "贡献": 3, "有目共睹": 1, "拥有": 3, "傲人": 1, "成绩": 2, "确实": 3, "原本": 2, "前来": 1, "想到": 2, "立马": 2, "为首": 2, "联合": 5, "抵制": 7, "原因": 7, "保护": 1, "本土": 1, "市场": 14, "理由": 2, "看起来": 1, "冠冕堂皇": 1, "本国": 1, "刁难": 1, "一路": 1, "走": 1, "艰难": 1, "集体": 1, "愤怒": 1, "做为": 1, "创始人": 1, "关系": 3, "认可": 2, "不得不": 1, "企业家": 1, "独特": 1, "胸怀": 1, "做好": 1, "找": 2, "做铁": 1, "提枪": 1, "跨马": 1, "向前": 1, "进发": 1, "顺利": 1, "北美": 1, "23": 3, "商用": 1, "合同": 3, "拿下": 2, "一半": 1, "制造商": 1, "全世界": 7, "一家": 5, "上市": 1, "说到底": 1, "钱": 2, "到位": 1, "工作": 1, "赚钱": 1, "希望": 4, "未来": 4, "法国": 30, "禁": 2, "路透": 2, "彭博": 2, "运营商": 14, "打脸": 1, "……": 1, "海外": 1, "受挫": 1, "刚": 1, "信誓旦旦": 1, "表达": 1, "路透社": 3, "14日": 1, "篇": 2, "Deutsche": 1, "Telekom": 1, "reviews": 1, "Huawei": 1, "ties": 1, ";": 1, "Orange": 9, "(": 3, "德国": 7, "电信": 8, "审视": 2, "；": 1, ")": 3, "文章": 2, "称": 1, "盟友": 1, "纷纷": 4, "在外": 3, "改变": 1, "策略": 1, "CEO": 3, "时代": 1, "传统": 1, "伙伴": 1, "——": 1, "StéphaneRichard": 1, "推特": 1, "页面": 1, "前不久": 1, "五": 2, "眼": 2, "联盟": 3, "密谋": 1, "绞杀": 1, "财政": 1, "部长": 4, "勒梅尔": 2, "巴黎": 1, "新闻": 3, "发布会": 1, "刚刚": 1, "投资": 4, "布鲁诺·勒梅尔": 1, "8月": 1, "、": 16, "澳大利亚": 2, "新西兰": 2, "发出": 2, "禁令": 1, "5": 2, "国": 4, "情报": 1, "机构": 2, "揣测": 1, "合谋": 1, "围堵": 1, "资料": 1, "扎根": 1, "16年": 2, "设立": 3, "芯片": 9, "数学": 2, "家庭": 3, "美学": 2, "四": 2, "中心": 4, "2013年": 1, "项": 1, "15亿": 1, "欧元": 3, "计划": 1, "11月": 1, "东南部": 2, "城市": 2, "格勒诺布尔": 2, "第五": 2, "主攻": 2, "传感器": 3, "软件": 2, "真的": 3, "说法": 2, "矛盾": 1, "亲口": 1, "肯定": 3, "作出": 1, "跳": 1, "件": 4, "证实": 2, "彭": 1, "博为": 1, "英": 2, "美": 2, "偶尔": 1, "特朗普": 1, "描述": 1, "FAKE": 1, "NEWS": 1, "时间": 4, "12月": 3, "13日": 1, "Stéphane": 1, "Richard": 1, "史蒂芬·理查德": 1, "接受": 1, "主流": 1, "电视台": 3, "BFMTV": 1, "财经": 1, "早间": 1, "节目": 5, "访谈": 3, "期间": 1, "正面": 2, "回答": 1, "理查德": 4, "说道": 1, "诅咒": 2, "遗憾": 1, "本身": 1, "核心": 3, "供应商": 3, "建设": 4, "此前": 2, "明明": 1, "宣称": 1, "表述": 1, "从头到尾": 2, "谈": 1, "15日": 1, "本来": 1, "参与": 1, "4G": 4, "这位": 1, "负责人": 1, "这是": 3, "场": 2, "政治": 2, "斗争": 1, "困扰": 1, "争议": 1, "层面": 2, "利于": 1, "欧洲": 1, "长远": 1, "利益": 1, "某种": 1, "程度": 1, "施加": 1, "’": 1, "anathème": 1, "客观": 1, "想法": 1, "中国人": 1, "军队": 1, "接触": 1, "德国人": 1, "不在乎": 1, "介意": 1, "发表": 1, "类似": 2, "质疑": 1, "猜测": 1, "毫无": 2, "凭证": 1, "明镜": 1, "周刊": 1, "诸多": 4, "中兴": 5, "猜疑": 1, "对比": 9, "公开": 2, "证据": 2, "指出": 2, "合法性": 1, "相比": 1, "澳": 1, "运营": 1, "业务": 2, "均": 1, "无权": 1, "干预": 1, "决策": 1, "检测": 1, "源产地": 1, "因素": 2, "来源": 2, "环球网": 2, "近期": 3, "签下": 3, "十亿": 3, "英镑": 3, "协议": 3, "社会": 1, "关注": 2, "水平": 1, "还要": 1, "隐情": 1, "小编": 4, "单子": 1, "引进": 1, "核心网": 4, "改造": 3, "当年": 1, "阿尔卡特": 3, "遗产": 1, "2G": 2, "年代": 1, "基站": 6, "数目": 1, "一次次": 1, "份额": 3, "规划": 1, "留给": 1, "10%": 1, "针对": 1, "/": 1, "框架": 1, "主体": 1, "诺基亚贝尔": 1, "正儿八经": 1, "合资企业": 1, "外企": 1, "不仅仅": 1, "从来": 2, "停止": 2, "杭州": 1, "建立": 2, "100": 1, "实验点": 1, "大概": 1, "占": 3, "30%": 1, "11%": 1, "13%": 1, "这样一来": 1, "三大": 3, "自然": 1, "优势": 4, "互补": 1, "通信业": 1, "规模": 1, "远远": 1, "想象": 1, "2017年": 3, "营业额": 2, "简单": 1, "估算": 1, "发现": 1, "手里": 1, "拿到": 1, "收益": 1, "1500亿": 2, "人民币": 3, "中出": 1, "最多": 1, "庞大": 1, "大一": 1, "签订": 2, "创造": 1, "创": 1, "新高": 1, "马上": 1, "就要": 1, "启用": 1, "改": 1, "投": 1, "外国": 1, "谣言": 1, "终究": 1, "散去": 1, "对待": 1, "反正": 2, "想": 3, "或许": 1, "发生": 2, "我国": 3, "通讯业": 1, "赢家": 1, "段": 1, "35%": 1, "40%": 1, "之间": 3, "同行": 1, "回来": 1, "就算": 1, "交给": 1, "实力": 2, "选择权": 2, "签": 1, "先进": 3, "吃": 1, "亏": 1, "本文": 1, "内容": 1, "狐": 1, "原创": 1, "特此": 1, "声明": 1, "弃用": 1, "传来": 2, "想必": 3, "战争": 1, "惨烈": 1, "传闻": 1, "通讯商": 1, "换掉": 1, "达成": 1, "明年": 1, "搭建": 1, "设备商": 3, "进货": 1, "尤其是": 1, "生态": 1, "办法": 2, "带领": 1, "推进": 1, "坏": 1, "截止到": 1, "为止": 1, "内": 2, "数量": 1, "超过": 1, "重重": 1, "阻碍": 1, "实在": 1, "太": 4, "舍弃": 1, "魅力": 1, "所在": 1, "他用": 1, "征服": 1, "怀疑": 1, "抛弃": 1, "日后": 1, "后悔": 2, "提起": 1, "高通": 3, "快": 2, "发布": 15, "款": 8, "支持": 2, "流量": 1, "频段": 1, "手机商": 1, "打下": 1, "只能": 1, "领导者": 1, "第二": 1, "厂商": 1, "遍布": 1, "将来": 1, "大卖": 1, "辉煌": 1, "官网": 1, "一句话": 1, "初心": 1, "致力": 1, "组织": 1, "数字": 1, "构建": 1, "万物": 1, "互联网": 1, "带": 1, "雄伟": 1, "志向": 1, "兑现": 1, "走向": 1, "巅峰": 1, "西方": 2, "反对": 1, "试图": 1, "进展": 1, "苹果": 13, "到底": 1, "专利权": 1, "纠纷": 1, "败诉": 1, "侵权": 2, "iPhone6s": 1, "iPhoneX": 1, "系列": 2, "销售": 1, "商品": 1, "传出": 1, "第三方": 1, "电商": 1, "禁售令": 2, "当天": 1, "降价": 4, "地方": 2, "现象": 1, "官方": 1, "随之": 1, "经销商": 1, "速度": 1, "卖": 4, "meter": 1, "20pro": 1, "5000多": 1, "售价": 1, "8": 1, "差不多": 1, "选择": 4, "夜": 2, "凉成": 1, "白菜价": 1, "看法": 2, "下方": 1, "留言": 1, "讨论": 1, "17日": 1, "长沙": 1, "机华": 1, "Nova4": 11, "用户": 5, "感觉": 1, "来得": 1, "Nova3": 2, "多久": 1, "来临": 1, "早": 1, "笔者": 2, "三星": 4, "Galaxy": 1, "S10": 1, "抢先": 3, "挖孔": 1, "前置": 3, "相机": 3, "设计": 4, "万万": 2, "激怒": 1, "公布": 1, "10日": 1, "A8s": 1, "挖": 2, "孔屏": 2, "难": 2, "抗衡": 1, "Nova4手机": 1, "热度": 1, "国外": 1, "网友": 1, "期待": 2, "外媒": 2, "曝光": 3, "各项": 1, "配置": 4, "外观": 4, "采用": 4, "一块": 1, "6.4": 1, "英寸": 1, "FHD": 1, "+": 7, "屏幕": 2, "材质": 1, "IPSLCD": 1, "分辨率": 1, "1080P": 1, "19:9": 1, "比例": 1, "屏": 2, "超窄": 1, "下巴": 1, "屏占": 2, "背面": 1, "P20Pro": 1, "摄": 7, "后置": 2, "指纹": 1, "解锁": 1, "区域": 1, "美中不足": 1, "荣耀": 3, "V20": 2, "48MP": 1, "AI相机": 1, "置": 1, "4800万": 1, "素AI": 1, "配备": 1, "2400万": 2, "1600万": 1, "800万": 1, "素AI三": 1, "像素": 1, "向来": 1, "主打": 3, "拍照": 9, "颜值": 3, "可想而知": 1, "体验": 1, "不错": 2, "喜欢": 2, "续航": 1, "3750": 1, "mAh": 1, "电池": 1, "处理器": 2, "搭载": 1, "麒麟970": 1, "Nova": 1, "并非": 2, "性能": 4, "麒麟980": 2, "Mate20": 13, "不用": 2, "答案": 1, "想要": 1, "麒麟": 3, "980": 1, "970": 2, "麒麟710": 1, "超赞": 1, "尴尬": 1, "最低价": 1, "Play": 1, "1499": 1, "元": 7, "尝鲜": 1, "6": 4, "GB": 2, "128GB": 4, "价格": 5, "2799": 1, "6GB": 3, "3299": 1, "近来": 1, "处于": 1, "多事之秋": 1, "为由": 1, "统一战线": 1, "翻脸不认人": 1, "意向": 1, "拆除": 1, "四面楚歌": 1, "到处": 1, "敌人": 1, "好在": 1, "处处": 1, "绝境": 1, "抱": 1, "善意": 2, "顾及": 1, "莫须有": 2, "威胁": 4, "发声力": 1, "挺": 1, "火花": 1, "力挺": 1, "中企": 2, "举足轻重": 1, "地位": 1, "财政部": 1, "表态": 3, "相处": 1, "知根知底": 1, "设置": 1, "方向": 1, "芬兰": 9, "引述": 1, "综合": 2, "特定": 2, "风险": 2, "F-Secure": 1, "信息": 1, "主任": 1, "Mikko": 1, "Hyppnen": 1, "嘲讽": 1, "瑞典": 1, "不说": 2, "罪名": 1, "Elisa": 1, "总监": 1, "Eetu": 2, "Prieur": 2, "发声力挺": 1, "专业": 1, "角度": 1, "标准": 1, "报价": 1, "吸引": 1, "才能": 1, "或者是": 1, "通力合作": 1, "这才": 1, "运转": 1, "迟早": 1, "前段": 1, "巨额": 1, "著名": 2, "运动": 2, "安踏": 2, "集团": 2, "投资方": 1, "财团": 1, "43%": 1, "溢价": 1, "收购": 4, "亚玛芬": 1, "Amer": 4, "Sports": 4, "体育": 1, "用品": 1, "旗下": 1, "始祖鸟": 1, "冲锋衣": 1, "称为": 1, "服装": 1, "爱马仕": 1, "此次": 1, "发起": 1, "每股": 1, "40": 1, "总计": 1, "金额": 1, "46亿": 1, "折合": 1, "360亿": 1, "顺畅": 1, "坎坷": 1, "怀抱": 1, "克服": 1, "难关": 1, "崛起": 1, "瞩目": 1, "双屏": 1, "vivoNEX": 12, "老款": 1, "动作": 2, "8+128GB": 2, "应声": 1, "降到": 1, "4299": 3, "便宜": 1, "有人": 2, "买": 3, "8GB": 2, "参数": 1, "梳理": 1, "4": 2, "有用": 1, "1": 1, "运存": 2, "实用性": 1, "差异": 2, "安卓": 1, "生命期": 1, "1-2年": 1, "淘汰": 1, "AI": 2, "包括": 1, "CPU": 1, "运算": 1, "骁龙": 1, "845": 1, "游戏": 1, "体现": 1, "GPU": 1, "持平": 1, "状态": 1, "浴霸": 1, "镜头": 4, "的确": 1, "见仁见智": 2, "好看": 1, "尤为": 1, "男性": 2, "喜爱": 1, "业内": 1, "放": 1, "算": 1, "顶级": 1, "水准": 1, "弹出式": 1, "弊端": 1, "凸显": 1, "进灰": 1, "进水": 1, "蒸气": 1, "久而久之": 1, "内部": 1, "元器件": 1, "干扰": 1, "女性": 1, "好感": 1, "大部分": 1, "感度": 1, "3": 1, "徕卡": 1, "认证": 1, "主摄": 1, "索尼": 1, "IMX380": 1, "算法": 1, "吊打": 1, "卖点": 2, "具备": 1, "光学": 1, "对焦": 1, "超级": 2, "功能": 1, "手持": 1, "夜景": 1, "4499": 1, "差距": 1, "仅仅": 1, "可谓": 1, "不痛不痒": 1, "预算": 1, "制约": 1, "新款": 1, "旗舰": 1, "花费": 1, "过气": 1, "vvoNEX": 1, "显得": 1, "理智": 1, "vivo": 1, "建议": 1, "入手": 1, "10GB": 1, "双屏版": 1, "4999": 1, "性价比": 1, "赶超": 1, "不少": 1, "认同": 1, "备注": 1, "图片": 1, "烦请": 1, "删除": 1}