{"推荐语": 2, "：": 15, "实体": 4, "企业": 39, "互联网": 3, "实力": 5, "一个": 12, "维度": 1, "。。。": 1, "下文": 2, "转载": 3, "作者": 3, "孙哥哥": 1, "讲": 1, "科技": 12, "华为": 242, "利润": 4, "超": 6, "千亿": 2, "任正非": 16, "身价": 6, "敌": 4, "马云": 6, "到底": 3, "国内": 9, "提起": 1, "名字": 2, "无人不知": 1, "晓得": 1, "很多": 6, "都": 27, "熟悉": 1, "身边": 1, "手机": 27, "产品": 23, "随处": 1, "不得不": 1, "中国": 14, "第一": 5, "民营": 2, "强大": 3, "口碑": 1, "不错": 1, "好感": 1, "！": 13, "美国": 55, "制裁": 1, "事件": 2, "影响": 4, "频繁": 1, "视野": 1, "；": 17, "5G": 32, "领域": 10, "成果": 1, "世界": 3, "话语权": 1, "变得": 1, "越来越": 1, "这几年": 1, "公司": 43, "迅猛": 2, "发展": 15, "如今": 5, "一家": 4, "通讯": 8, "、": 59, "智能": 8, "芯片": 57, "研发": 14, "一体": 1, "高科技": 2, "巨头": 6, "多年": 2, "注重": 1, "技术": 27, "专利": 21, "积累": 3, "尤其是": 4, "布局": 2, "早": 7, "不少": 1, "据悉": 1, "全球": 10, "超过": 7, "46": 1, "订单": 3, "市场": 12, "赚": 1, "盆满钵满": 1, "快速": 8, "走": 1, "自主": 3, "创新": 3, "道路": 1, "有分": 1, "关系": 1, "可观": 1, "2017年": 2, "营收": 2, "6000亿": 2, "2019年": 3, "想必": 1, "突破": 2, "万亿": 1, "创始人": 3, "很": 17, "福布斯": 3, "富豪": 3, "排行榜": 2, "仅仅": 1, "数据": 2, "收入": 3, "阿里巴巴": 1, "腾讯": 1, "拿到": 2, "首富": 2, "称号": 1, "财产": 1, "马化腾": 1, "许家印": 1, "背后": 1, "真实": 1, "原因": 7, "简单": 1, "统计": 2, "不动产": 1, "浮动": 1, "资产": 1, "计算": 1, "上市": 2, "暴增": 2, "激励": 1, "员工": 16, "95%": 1, "股份": 1, "分给": 1, "敌不过": 1, "如果说": 1, "财富": 1, "势必": 1, "未来": 8, "打算": 1, "管理": 3, "人性化": 1, "都会": 3, "投入": 2, "巨额": 3, "研究": 1, "经费": 2, "成就": 3, "一大": 1, "精神": 1, "象征": 1, "灵魂": 1, "人物": 1, "格局": 1, "太": 8, "在意": 1, "想": 4, "做成": 1, "对此": 3, "留言": 1, "讨论": 1, "近日": 2, "媒体": 2, "报道": 2, "连夜": 1, "发布": 9, "消息": 6, "运营商": 8, "Verizon": 5, "发函": 1, "征收": 1, "10亿": 3, "专利费": 5, "出乎意料": 1, "反击": 1, "白宫": 5, "措手不及": 2, "想到": 4, "本土": 6, "竟然": 1, "欠": 1, "债务": 1, "议员": 3, "瞬间": 2, "变脸": 1, "难道": 1, "快要": 1, "撑": 1, "不住": 3, "警惕": 1, "理由": 1, "毕竟": 4, "资金": 2, "申请": 1, "海量": 1, "发挥": 1, "作用": 1, "电信": 3, "生产": 4, "设备": 21, "使用者": 1, "涉及": 1, "承担": 1, "额外": 1, "费用": 4, "通信": 4, "发出": 3, "律师函": 3, "实际上": 1, "目的": 2, "威逼": 1, "高通": 13, "队友": 1, "本身": 1, "生产商": 2, "交付": 1, "特朗普": 4, "一刀切": 1, "禁令": 3, "迫使": 2, "禁止": 5, "必不可少": 1, "相关": 1, "不可避免": 1, "困难": 3, "无异于": 1, "警告": 1, "意味着": 4, "授权": 2, "灾难性": 1, "损失": 6, "这次": 2, "单独": 1, "20多": 2, "供应商": 2, "收到": 1, "催收": 1, "账单": 1, "现有": 2, "法律": 1, "支付": 4, "尝试": 1, "绕": 1, "壁垒": 1, "某种": 1, "意义": 1, "成本": 1, "还要": 1, "这一下": 1, "大部分": 3, "打蒙": 1, "封锁": 6, "依旧": 1, "拒绝": 2, "打官司": 1, "暂且": 1, "谈": 3, "不仅仅": 1, "钱": 4, "时间": 5, "主力": 3, "难以": 1, "销售": 2, "前提": 2, "资金链": 1, "沉重": 1, "压力": 2, "性能": 7, "价格": 4, "同类": 1, "差": 1, "难度": 1, "实在": 1, "基本盘": 1, "西方": 4, "国家": 9, "同气连枝": 1, "排挤": 1, "备用": 3, "计划": 5, "缩回": 1, "选择": 3, "庞大": 1, "开放": 1, "强硬": 1, "断绝": 2, "之间": 3, "犹犹豫豫": 1, "一刀两断": 1, "付出": 1, "代价": 1, "百家号": 1, "风景线": 2, "SSD": 7, "打压": 7, "无数": 2, "国人": 5, "暗自": 1, "担忧": 3, "默默": 1, "支持": 15, "希望": 3, "坚强": 1, "渡过": 1, "难关": 1, "表现": 1, "不负众望": 1, "惊喜": 4, "连连": 1, "接连": 1, "放": 1, "系列": 39, "大招": 2, "无比": 4, "兴奋": 1, "先是": 1, "研制": 3, "成竹在胸": 1, "海思": 4, "麒麟": 19, "高端": 8, "芯": 1, "劲": 1, "澎湃": 1, "而后": 1, "鸿蒙": 2, "系统": 5, "可谓": 1, "谷歌": 3, "朦胧": 1, "期待": 2, "关键": 2, "能力": 8, "留": 1, "备胎": 3, "强悍": 3, "未免": 1, "低估": 1, "抗": 1, "小编": 2, "隐藏": 1, "缺芯": 2, "少屏": 1, "痛": 1, "国建": 1, "半导体": 4, "处于": 2, "卡脖子": 1, "现状": 1, "CPU": 2, "存储": 5, "好听": 1, "纯": 3, "国产": 1, "U盘": 1, "提": 1, "闪存": 1, "内存": 1, "机械": 1, "硬盘": 14, "固态": 12, "优势": 4, "拥有": 8, "遗憾": 1, "真的": 3, "商业化": 1, "事情": 2, "例外": 1, "带来": 10, "2005年": 1, "启动": 1, "2007年": 1, "成功": 2, "推出": 7, "款": 14, "在于": 1, "大众": 1, "水平": 5, "连续": 1, "蝉联": 1, "TOP7": 1, "唯一": 3, "名": 2, "迄今为止": 1, "第七": 1, "稳定性": 1, "读写": 1, "速度": 2, "标准": 1, "PCIe4.0": 2, "刚刚": 1, "最迟": 1, "明年": 2, "必将": 1, "再次": 2, "强劲": 2, "推动力": 1, "搞": 1, "大众化": 1, "按理说": 1, "难题": 1, "雄厚": 1, "充满": 1, "去年": 7, "清洗": 1, "大龄": 1, "有条不紊": 1, "发酵": 1, "清退": 1, "一批": 1, "35": 1, "岁": 1, "老": 4, "针对": 3, "程序员": 1, "职场": 5, "响起": 1, "无情": 1, "声音": 1, "批评": 2, "纸": 1, "契约": 2, "感情": 2, "或许": 5, "一丝丝": 1, "资本": 2, "冷漠": 1, "论坛": 1, "感慨": 2, "2003.4.14": 1, "~": 1, "2019.6.18日": 1, "工作": 2, "截止": 1, "以此": 1, "留念": 1, "70后": 2, "年纪": 7, "累赘": 2, "随时": 2, "实习": 1, "干": 5, "16年": 7, "裁只": 1, "10": 1, "分钟": 5, "通知": 1, "声": 1, "网友": 10, "围观": 1, "议论": 1, "质疑": 1, "财务": 2, "自由": 3, "03年": 1, "无忧无虑": 1, "退休": 2, "裁": 2, "请问": 1, "裁掉": 1, "1.": 1, ".": 2, "不行": 1, "3": 1, "工资": 3, "4.": 1, "低": 6, "单纯": 1, "法院": 1, "告": 1, "血汗": 1, "工厂": 1, "分析": 1, "惯例": 1, "心声": 1, "明白": 2, "建议": 2, "回溯": 1, "实习生": 1, "咋招": 1, "进来": 1, "老哥": 1, "混": 3, "夸张": 1, "估计": 2, "不止": 2, "上车": 2, "5kw反正": 1, "做做": 1, "挺": 1, "分工": 1, "细": 1, "火车头": 1, "流水线": 1, "拧": 1, "螺丝": 1, "家庭": 1, "加上": 1, "身体": 1, "没法": 1, "届生": 1, "拼命": 1, "加班": 3, "性价比": 3, "干活": 2, "早点": 1, "扫地": 1, "出门": 1, "能干": 1, "十六": 1, "年老": 1, "就算": 1, "基层": 1, "虚拟": 2, "股": 2, "分红": 2, "100万": 1, "什么的": 1, "没关系": 1, "努力": 2, "为啥": 3, "别人": 1, "晋升": 2, "管理层": 1, "白兔": 1, "开掉": 1, "年轻人": 2, "留下": 1, "空间": 1, "8": 4, "离职": 2, "深圳": 2, "至少": 2, "三": 5, "套": 1, "房": 1, "环球": 1, "旅行": 1, "普及": 1, "大厂": 1, "薪酬": 2, "体系": 3, "赔偿": 1, "17": 1, "半年": 2, "股票": 3, "挣够": 1, "后半生": 1, "进退": 1, "笑": 1, "才": 3, "显摆": 1, "吐槽": 1, "没错": 1, "被裁": 1, "勤勤恳恳": 1, "做出": 2, "贡献": 1, "价值": 1, "不大": 1, "备选": 1, "捞": 1, "资本主义": 2, "好处": 1, "就要": 1, "背": 1, "锅": 1, "楼主": 1, "知足": 1, "感同身受": 1, "记得": 1, "捞钱": 1, "受贿": 1, "……": 2, "下半生": 1, "吃喝玩乐": 1, "日子": 1, "三和": 1, "四": 7, "不对": 1, "肯定": 2, "不说": 1, "人事": 1, "kpi或okr": 1, "xx": 1, "说白了": 1, "到位": 1, "评级": 1, "阶段性": 1, "评估": 1, "拉卡拉": 1, "退": 1, "成长": 1, "共命运": 1, "手里": 1, "中年": 1, "危机": 1, "踢": 1, "终究": 1, "资源": 1, "人脉": 1, "出路": 2, "回复": 1, "笔者": 2, "灌输": 1, "文化": 9, "比如说": 1, "奋斗": 1, "洗脑": 2, "傻": 1, "手段": 1, "管理者": 2, "用来": 3, "鸡血": 2, "弥补": 2, "稳定": 2, "竞争力": 2, "外界": 1, "只不过": 1, "抨击": 1, "蕴含": 1, "价值观": 1, "确实": 1, "提升": 6, "动机": 1, "无条件": 1, "忠诚": 1, "鸡汤": 1, "薪资": 1, "应对": 1, "加薪": 1, "餐补": 1, "提醒": 1, "永远": 1, "阶层": 1, "千万": 1, "戏": 1, "劳动者": 1, "对立面": 1, "概念": 1, "面临": 4, "补足": 2, "保障": 1, "供应链": 4, "护航": 3, "主营": 1, "业务": 3, "6月": 3, "21日": 3, "武汉": 3, "nova": 23, "5": 13, "主打": 5, "潮流": 1, "街拍": 1, "亮点": 2, "颇": 1, "关注": 4, "nova5": 22, "搭载": 16, "自研": 9, "新一代": 1, "7nm": 6, "麒麟810": 9, "颗": 4, "产品线": 2, "总裁": 3, "何刚": 5, "全新": 5, "9": 5, "7": 6, "旗舰": 6, "中端": 5, "档次": 1, "完善": 1, "断供": 5, "兄弟": 2, "维护": 1, "公布": 1, "截至": 3, "5月": 3, "30日": 4, "2018": 1, "年度": 1, "出货量": 11, "1亿": 5, "相比": 6, "目标": 4, "提前": 4, "一个半": 3, "刚": 9, "海外": 6, "持续": 6, "中国区": 2, "增长": 2, "超出": 2, "预期": 2, "暂时": 2, "很快": 2, "恢复": 3, "成华": 1, "出货": 1, "终端": 5, "内": 1, "面对": 3, "年轻": 1, "用户": 2, "品牌": 3, "细分": 1, "壮大": 1, "12月": 1, "17日": 1, "累计": 2, "销量": 4, "6500万": 1, "台": 4, "此次": 2, "接受": 2, "采访": 1, "7月": 2, "将近": 1, "推算": 1, "七": 1, "3500万": 1, "5月份": 3, "2016年": 1, "成立": 1, "三年": 1, "设计": 6, "遵循": 1, "理念": 1, "美": 1, "高于": 1, "商务": 1, "mate": 1, "发烧": 1, "荣耀": 1, "侧重": 1, "时尚": 2, "自拍": 5, "包含": 1, "Pro": 9, "nova5i": 2, "机型": 4, "外观": 3, "潮流感": 1, "升级": 2, "nova5pro独": 1, "前置": 8, "3200万": 3, "人像": 5, "超级": 8, "夜景": 5, "后置": 7, "4800万AI四": 1, "摄": 5, "涵盖": 1, "超高清": 1, "超广角": 1, "微距": 5, "景": 4, "深虚化": 2, "场景": 4, "镜头": 9, "背面": 1, "风格": 1, "炫光": 1, "渐变": 1, "钻石": 2, "切面": 1, "灵动": 1, "炫彩": 1, "纹理": 1, "打造": 3, "幻境": 1, "星芒": 1, "般的": 1, "光影": 1, "效果": 2, "配置": 5, "麒麟980": 5, "处理器": 5, "40": 1, "W华": 1, "快充": 4, "30": 3, "充电": 4, "85%": 3, "参数": 2, "级别": 1, "平板": 6, "电脑": 2, "MediaPad": 1, "M6": 4, "配有": 1, "2560": 1, "×": 2, "1600": 1, "分辨率": 2, "LCD": 1, "屏幕": 3, "窄": 1, "边框": 1, "配备": 5, "800万": 3, "像素": 6, "摄像头": 4, "1300万": 1, "声道": 2, "四扬声器": 1, "影音": 1, "体验": 4, "980": 4, "汇顶": 3, "提供": 6, "屏下": 2, "光学": 2, "指纹": 4, "AMOLED": 2, "触控": 4, "方案": 6, "5i": 3, "电容": 2, "为此": 1, "达芬奇": 6, "npu华": 1, "看成": 1, "标准版": 1, "首发": 2, "采用": 10, "制程": 4, "8nm": 1, "工艺": 3, "能效": 1, "20%": 4, "晶体管": 1, "密度": 1, "50%": 2, "+": 25, "6": 3, "大小": 1, "核": 1, "架构": 7, "游戏": 4, "面世": 3, "宣告": 1, "代表": 2, "面向": 4, "诞生": 3, "延续": 1, "双卡双VoLTE": 1, "极速": 1, "联接": 1, "算子": 1, "格式": 1, "增强": 1, "AI": 5, "兼容性": 1, "配合": 1, "落地": 2, "现场": 2, "演示": 1, "翻译": 1, "拍照": 2, "娱乐": 1, "810": 5, "首次": 5, "NPU": 4, "云端": 1, "昇腾": 2, "Ascend": 2, "910": 1, "310": 1, "合作": 19, "寒武纪IP": 1, "连接": 1, "大会": 1, "轮值": 1, "董事长": 1, "徐直军": 1, "寒武纪": 1, "IP": 1, "到端": 1, "物联网": 1, "人工": 1, "创造性": 1, "幸运": 1, "找到": 1, "解决": 1, "极致": 3, "功耗": 2, "算力": 1, "需求": 2, "低端": 1, "此前": 1, "自给率": 3, "占有": 1, "份额": 3, "值得一提": 1, "定位": 1, "骁龙": 2, "并非": 2, "临时": 1, "抱佛脚": 1, "量产": 1, "投资": 1, "陆续": 1, "提高": 2, "Counterpoint": 1, "最新": 2, "报告": 1, "苹果": 2, "季度": 1, "同比": 2, "下降": 4, "导致": 1, "8%": 1, "47%": 1, "超越": 2, "居首": 1, "清晰": 1, "挑战": 3, "机会": 1, "数码": 1, "资讯": 1, "互联": 1, "快": 2, "测评": 1, "二十年": 1, "专业": 1, "老司机": 1, "点击": 1, "右上角": 1, "泡泡网": 2, "即可": 1, "下午": 1, "正式": 1, "新机": 2, "接下来": 1, "介绍": 1, "——": 3, "更低": 1, "效比": 1, "双卡": 1, "双待": 1, "双VoLTE": 1, "第二": 1, "6.39": 2, "英寸": 6, "OLED": 1, "水": 1, "滴屏": 1, "2340": 1, "1080": 1, "7.33": 2, "纤薄": 1, "机身": 4, "切割": 1, "对称": 1, "金属": 1, "中框": 1, "配色": 2, "绮静": 1, "森林": 2, "仲夏紫": 2, "珊瑚": 2, "橙": 2, "亮": 2, "黑色": 2, "星耀": 3, "限定版": 1, "索尼": 2, "高清": 5, "f/2.0": 1, "光圈": 2, "HDR+": 1, "模式": 1, "4800万": 3, "主摄": 1, "1600万": 2, "广角": 4, "200万": 8, "组合": 1, "手持": 1, "夜拍": 1, "功能": 6, "加持": 5, "1080P": 2, "美颜": 1, "视频": 2, "A": 1, "I": 1, "美体": 1, "智慧": 1, "剪辑": 1, "号称": 1, "喜欢": 1, "Volg": 1, "文件": 1, "EROFS": 1, "随机": 1, "读取": 1, "均": 2, "方舟": 1, "编译器": 1, "40W": 1, "15": 1, "德国": 3, "莱茵TV": 1, "权威": 1, "认证": 1, "荣获": 1, "泰尔": 1, "五星": 1, "评价": 1, "GPU": 3, "Turbo": 3, "鸡翅": 1, "深度": 1, "优化": 3, "高帧率": 1, "耗电": 1, "毫秒级": 1, "响应": 1, "选配": 1, "手柄": 1, "畅玩": 1, "AI美音": 1, "K歌": 2, "唱歌": 1, "语音": 1, "识别": 1, "节奏": 1, "音准": 1, "电视": 1, "协同": 1, "音画": 1, "完美": 1, "同步": 1, "秒变": 1, "麦克风": 1, "NFC": 1, "公交卡": 2, "跨机": 1, "迁移": 1, "车": 1, "钥匙": 1, "宝马": 1, "3系": 1, "X5": 1, "X7": 1, "全系": 1, "车型": 1, "8+128GB": 3, "版本": 13, "售价": 11, "2799": 2, "元": 11, "2999": 2, "8+256GB": 1, "3399": 2, "限定": 1, "版": 1, "礼盒": 1, "3799": 1, "6.4": 2, "液晶": 2, "显示屏": 2, "90.6": 1, "高屏": 1, "占比": 2, "2400万": 4, "微型": 1, "美拍": 1, "清主": 1, "麒麟710": 2, "128GB": 7, "4000": 1, "mAh大": 2, "电池": 4, "1999": 2, "2199": 2, "立体声": 1, "曼哈卡顿": 1, "调音": 1, "3.0，18W": 1, "分屏": 2, "横屏": 1, "状态": 1, "显示": 1, "高效": 1, "观看": 1, "便捷": 1, "本次": 1, "发布会": 1, "新品": 3, "配件": 1, "本文": 1, "编辑": 1, "王": 1, "畅享": 1, "生活": 1, "困境": 1, "逼出": 1, "无限": 1, "潜力": 1, "引导": 1, "之下": 1, "产业链": 1, "焕发": 2, "勃勃生机": 2, "有朝一日": 1, "摆脱": 1, "国外": 1, "依赖": 1, "事实上": 2, "成绩": 3, "起步": 1, "行业": 1, "共赢": 2, "辣笔文": 1, "|": 2, "辣笔": 1, "小辛": 1, "推到": 1, "舆论": 1, "风口浪尖": 1, "正是": 1, "信息": 1, "走在": 1, "前列": 1, "习惯": 1, "林立于": 1, "巅": 1, "坐": 2, "…": 1, "列入": 1, "清单": 1, "有关于": 1, "话题": 1, "热闹": 1, "镁光": 1, "ARM": 2, "实施": 2, "厂商": 5, "来讲": 1, "迫不得已": 1, "办法": 1, "早就": 1, "采购": 1, "数千亿": 1, "这下": 1, "厂商们": 1, "件": 1, "崛起": 1, "抢": 1, "跃升": 1, "营业额": 1, "第五": 1, "飞速": 1, "供不应求": 1, "2018年": 3, "18%": 1, "逼": 1, "70%": 1, "进口": 2, "30%": 1, "2000亿": 1, "美元": 4, "冲击": 1, "这是": 1, "束手无策": 1, "预备": 1, "库存": 1, "导入": 1, "方式": 1, "联合": 3, "坦言": 1, "决心": 1, "坚定不移": 1, "打击": 1, "零部件": 1, "供应": 2, "参加": 1, "组织": 1, "数字": 1, "时代": 1, "三大": 1, "思想家": 1, "著名": 1, "撰稿人": 1, "乔治·吉尔德": 1, "连线": 1, "杂志": 1, "专栏": 1, "作家": 1, "尼古拉斯·尼葛洛": 1, "庞帝": 1, "对话": 2, "称": 2, "减产": 1, "300亿": 1, "1000亿": 1, "预计": 1, "2021年": 1, "人类": 1, "社会": 1, "服务": 1, "未雨绸缪": 1, "才能": 2, "科技战": 2, "到来": 2, "无所畏惧": 1, "有备无患": 1, "立于不败之地": 1, "核心": 1, "当下": 1, "钛": 1, "快讯": 1, "消费者": 1, "今日": 1, "透露": 2, "只用": 1, "149": 1, "18日": 1, "一亿": 1, "花费": 1, "198": 1, "年初": 1, "2.5亿": 1, "也就是说": 1, "剩余": 1, "1.5亿": 1, "眼下": 1, "政府": 1, "上周": 1, "知名": 1, "学者": 1, "咖啡": 1, "跌": 1, "40%": 2, "缩小": 1, "改善": 1, "运算": 1, "AI跑分": 1, "3.2万分": 1, "优于": 1, "855": 1, "2.5万分": 1, "至此": 1, "nm": 1, "均衡": 1, "包括": 1, "麒麟810/980": 1, "绮境": 1, "基础": 1, "nova5Pro": 1, "定制版": 1, "正面": 1, "屏占": 1, "91%": 1, "厚度": 1, "171": 1, "克": 1, "重量": 1, "F/2.0": 1, "增加": 2, "AI四": 1, "旗舰级": 1, "8GB": 5, "/": 1, "256G": 1, "内置": 2, "40W快充": 1, "3500": 1, "mAh": 2, "256GB": 1, "90.6%": 1, "屏": 1, "120": 1, "度": 1, "素景": 1, "6GB": 1, "尺寸": 1, "8.4": 1, "10.1": 1, "4200": 1, "后者": 1, "7100": 1, "搭配": 1, "IMX586": 1, "传感器": 1, "俄罗斯": 2, "卫星网": 1, "前段": 1, "当局": 1, "美企": 1, "停止": 6, "国际": 1, "盟友": 2, "网络": 22, "颁布": 1, "措施": 1, "阻碍": 1, "反而": 1, "波": 1, "免费": 1, "广告": 2, "吞": 1, "苦果": 1, "建立": 1, "合并": 1, "推进": 1, "项目": 1, "内部": 1, "干扰": 1, "阻止": 2, "小型": 1, "想要": 1, "替换": 1, "耗费": 1, "提出": 2, "美金": 1, "索赔": 1, "美方": 1, "感到": 1, "建设": 5, "显得": 1, "困难重重": 1, "欧洲": 7, "各国": 3, "国": 3, "领先": 5, "英国": 3, "城市": 1, "享受": 2, "便利": 2, "意大利": 1, "西班牙": 2, "瑞士": 1, "商用化": 1, "密不可分": 1, "大型": 1, "沃达丰": 2, "战略": 1, "伙伴": 1, "施压": 1, "情况": 2, "依然": 2, "这家": 1, "长期": 1, "先进": 2, "缴纳": 1, "私密性": 1, "不用": 1, "担心": 2, "隐私": 1, "泄密": 1, "烦恼": 1, "地区": 1, "签署": 2, "德": 2, "相继": 1, "发表": 1, "声明": 1, "力挺": 1, "法国": 2, "总统": 1, "马克龙": 1, "引领者": 1, "构建": 1, "拒之门外": 1, "高级": 1, "官员": 1, "立场": 2, "服从": 1, "本国": 2, "英": 1, "无视": 1, "打出": 1, "响当当": 1, "证明": 1, "比拟": 1, "爱立信": 3, "诺基亚": 3, "首选": 1, "我国": 1, "展示": 1, "大国": 1, "胸怀": 1, "集团": 1, "商用": 1, "牌照": 1, "协议": 1, "外企": 1, "区别": 1, "对待": 1, "地位": 1, "择手": 1, "封闭": 1, "到头来": 1, "惨": 1, "破灭": 1, "中欧": 1, "项": 5, "取代": 1, "趋势": 1, "提到": 1, "科研": 2, "力量": 1, "深受": 1, "害": 1, "管制": 4, "终止": 2, "间接": 1, "减缓": 1, "一度": 1, "陷入": 1, "被动": 1, "安卓": 1, "代工厂": 1, "伟创力": 1, "微软": 2, "自然": 2, "收益": 1, "双向": 2, "有意思": 1, "挺过": 1, "初期": 1, "艰难": 1, "日益": 1, "联名": 1, "无可奈何": 1, "多国": 1, "抵制": 2, "日本": 1, "错失": 1, "迪拜": 1, "纷纷": 1, "展开": 1, "经历": 1, "阶段": 1, "回到": 1, "位置": 1, "高达": 1, "51": 1, "屈居": 1, "其后": 1, "失败": 1, "反对": 1, "歪": 1, "主意": 1, "修改": 1, "专利法": 1, "失效": 1, "欲": 2, "收取": 1, "威讯": 2, "共计": 2, "230": 1, "金额": 1, "意外": 1, "客户": 1, "用到": 2, "立刻": 1, "提案": 2, "侵害": 1, "18万": 1, "人员": 1, "赚得": 1, "一部分": 1, "用于": 1, "7万多": 1, "3200": 1, "废除": 1, "刷新": 1, "国民": 1, "下限": 1}