{"IT之家": 1, "6月": 7, "16日": 5, "消息": 4, "近日": 5, "不少": 11, "海外": 3, "用户": 13, "抱怨": 1, "华为": 208, "数款": 1, "手机": 48, "锁定": 2, "屏幕": 3, "广告": 15, "据悉": 1, "都": 20, "Booking.com": 3, "疑似": 1, "设定": 1, "启用": 1, "随机": 1, "风景桌": 1, "布置": 1, "换成": 1, "全屏": 1, "互动": 1, "锁屏": 5, "图像": 4, "替代": 1, "机种": 1, "涵括": 1, "P30": 8, "Pro": 5, "、": 19, "P20": 3, "Lite": 1, "Honor": 1, "10": 3, "影响": 3, "至少": 1, "包括": 5, "英国": 9, "荷兰": 1, "爱尔兰": 1, "挪威": 1, "德国": 3, "南非": 1, "对此": 5, "媒体": 4, "提供": 5, "声明": 2, "称": 5, "并非": 1, "官方": 5, "发起": 1, "鼓励": 1, "检查": 1, "设置": 1, "公开": 3, "可用": 1, "删掉": 1, "荣耀": 17, "代表": 2, "Twitter": 1, "解释": 2, "推送": 2, "第三方": 2, "程序": 1, "显示": 3, "真的": 4, "设备": 15, "预装": 1, "很": 13, "界面": 1, "发布": 5, "辟谣": 1, "查出": 1, "到底": 2, "针对": 8, "临时": 1, "解决": 3, "办法": 1, "禁用": 1, "杂志": 1, "试图": 3, "杂志库": 1, "删除": 2, "墙纸": 2, "画廊": 1, "添加": 3, "一个": 20, "自定义": 1, "美国": 48, "很多": 13, "支持": 10, "不再": 1, "买": 3, "苹果": 13, "iPhone": 4, "此后": 1, "创始人": 5, "任正非": 2, "表态": 1, "做法": 1, "依旧": 7, "网友": 11, "自愿": 1, "想要": 1, "份": 3, "笔者": 2, "感动": 1, "刚才": 1, "看完": 1, "数据": 3, "想": 3, "——": 1, "618": 2, "电商": 1, "活动": 2, "榜单": 2, "领跑": 4, "高端": 4, "市场": 8, "太": 6, "尴尬": 2, "！": 9, "即将": 2, "尾声": 1, "阶段": 1, "如今": 3, "iPhoneXR": 5, "累计": 2, "销量": 6, "第二": 1, "名": 6, "仅次于": 1, "青春版": 2, "第三": 2, "8": 2, "X": 2, "第四": 2, "iPhoneXsMax": 3, "值得一提的是": 2, "P30Pro": 2, "旗舰": 2, "只能": 3, "位列": 1, "第八": 1, "值得": 2, "款": 4, "老机型": 1, "价格": 10, "下降": 1, "4499": 1, "元": 4, "最低": 1, "6799": 1, "起步": 3, "丝毫": 1, "便宜": 3, "也就是说": 1, "胜过": 1, "千元机": 1, "P30pro": 2, "难以": 1, "相互": 2, "抗衡": 1, "单日": 1, "排行": 1, "3988": 1, "落后": 4, "跌落": 1, "第十三": 1, "差距": 2, "表现": 1, "狠狠": 1, "打脸": 3, "确实": 3, "制造": 2, "大幅度": 1, "降价": 3, "带来": 2, "增长": 1, "侧面": 1, "告诫": 1, "选择": 13, "国产": 2, "差不多": 1, "意味着": 1, "实力": 5, "强大": 4, "!": 1, "5488": 1, "对比": 2, "以往": 1, "涨价": 1, "缩小": 1, "最终": 2, "陷入": 1, "局面": 1, "实在": 4, "痛心": 1, "希望": 7, "时间": 3, "反超": 1, "看法": 2, "观察者": 3, "网讯": 1, "月亮": 10, "发生": 3, "此事": 1, "进展": 1, "提起": 1, "话题": 1, "正是": 2, "此前": 4, "开除": 6, "质疑": 3, "员工": 2, "王": 9, "跃琨": 9, "爱否": 9, "@": 8, "彭林FView": 3, "彭林": 11, "：": 13, "辞去": 1, "北京": 2, "科技": 14, "有限公司": 3, "职位": 1, "身份": 2, "起诉": 6, "涉及": 2, "模式": 9, "宣传": 4, "地方": 3, "注明": 2, "算法": 6, "细节": 5, "内": 3, "增加": 1, "提示": 2, "舆论": 2, "哗然": 1, "毕竟": 3, "拍": 6, "P图": 3, "程度": 2, "随后": 3, "罚": 1, "月工资": 2, "视频": 6, "内容": 3, "停": 2, "……": 4, "短短的": 1, "上午": 1, "8时": 1, "42分": 1, "段长": 1, "25": 1, "分钟": 1, "自述": 2, "产品": 10, "真实": 2, "打击": 1, "虚假": 1, "创业": 1, "初心": 1, "努力": 1, "挺": 2, "挫败": 1, "增添": 1, "能力": 2, "成绩": 2, "50": 2, "倍": 2, "变焦": 2, "之下": 2, "诉求": 1, "目的": 1, "事实": 3, "打开": 1, "功能": 4, "系统": 16, "做出": 1, "图源": 1, "彭林FView彭林": 1, "提到": 5, "保险": 1, "这次": 5, "公司": 43, "家人": 1, "剥": 1, "离开": 1, "仅仅": 3, "控制": 1, "之内": 1, "消费者": 4, "尊敬": 1, "大厂": 1, "厂商": 4, "严谨": 1, "信心": 1, "成功率": 1, "百分之七八十": 1, "实际上": 2, "找到": 1, "一家": 5, "出具": 1, "拍照": 5, "测试": 3, "检测": 1, "机构": 3, "发出": 1, "番": 2, "言论": 3, "立刻": 1, "热议": 2, "想起": 1, "网": 2, "报道": 6, "2019": 1, "上半年": 1, "最新": 1, "力作": 1, "一经": 2, "推出": 2, "独具造诣": 1, "相机": 2, "足以": 1, "改写": 1, "影像": 1, "规则": 1, "惊人": 1, "效果": 4, "吸引": 1, "目光": 1, "组图": 1, "清晰": 1, "皎皎": 1, "轮": 2, "业务": 4, "CEO": 2, "余承东": 2, "贴出": 1, "拍摄": 4, "照片": 5, "一头": 1, "国内": 3, "评测": 1, "王跃琨": 2, "4月": 2, "13日": 1, "晚晒": 1, "自动": 5, "手动": 2, "好多": 1, "东西": 2, "好像": 1, "P上去": 1, "推测": 1, "AI": 1, "计算": 1, "引发": 2, "轩然大波": 1, "P": 1, "说法": 1, "过分": 2, "说辞": 1, "博主": 1, "知名AI": 1, "专家": 2, "风云学社": 1, "陈经": 1, "分析": 2, "网上": 1, "图片": 2, "填": 1, "神经": 1, "网络": 28, "智能": 4, "增强": 1, "本质": 1, "自拍": 1, "滤镜": 1, "标明": 1, "一边倒": 1, "情况": 4, "晚间": 1, "原图": 1, "优化": 2, "后者": 1, "验证": 1, "过程": 1, "选择性": 1, "素材": 1, "黑": 1, "不专业": 1, "罚没": 1, "会议": 1, "公告": 1, "AI算法": 1, "长足": 1, "场景": 1, "弥补": 1, "纯光学": 1, "事实上": 1, "拍出": 1, "调整": 1, "Pro先": 1, "拍到": 1, "优秀": 1, "完善": 1, "并未": 1, "脱离": 1, "前提": 1, "友商": 1, "想到": 4, "事情": 3, "辞职": 1, "当天": 2, "转发": 1, "条": 1, "写道": 1, "责任": 1, "业界": 1, "造假": 1, "技术": 33, "接受": 2, "采访": 2, "照相": 1, "数学": 3, "算": 1, "眼睛": 1, "相当于": 1, "一亿": 1, "镜头": 4, "进来": 1, "感光点": 1, "方式": 2, "分解": 1, "几千万": 1, "视觉": 1, "还原": 1, "本文": 2, "独家": 1, "稿件": 1, "未经": 2, "授权": 2, "转载": 2, "前段": 1, "刚刚": 1, "芯片": 4, "断供": 2, "事件": 3, "不久之后": 1, "联邦": 12, "快递": 11, "再次": 1, "挑战": 1, "底线": 1, "包裹": 3, "误送": 3, "举动": 2, "激发": 1, "戾气": 1, "道歉": 3, "错误": 2, "原谅": 1, "注定": 1, "中国": 12, "凉凉": 1, "市值": 2, "蒸发": 2, "87亿": 2, "截止": 1, "触犯": 1, "我国": 6, "人民": 1, "禁忌": 1, "竟然": 1, "巧": 1, "送到": 1, "风口浪尖": 2, "图谋": 1, "不得而知": 1, "走": 2, "尽头": 1, "此次": 5, "夜": 2, "之间": 3, "邮政": 10, "合作": 14, "强强": 1, "联手": 1, "轻描淡写": 1, "正式": 3, "自然": 2, "失误": 1, "字": 1, "打发": 1, "惩罚": 1, "轻": 1, "5日": 1, "官宣": 1, "文件": 2, "写明": 1, "签署": 1, "战略": 1, "协议": 1, "负责": 1, "快件": 1, "寄送": 1, "未来": 2, "展开": 3, "互补式": 1, "发展": 12, "网友们": 1, "纷纷": 5, "关键": 5, "时刻": 3, "自家人": 1, "靠谱": 1, "这是": 6, "首次": 1, "央企": 1, "银行": 1, "多元化": 1, "一路": 1, "走来": 1, "经历": 1, "大风大浪": 1, "有史以来": 1, "记忆犹新": 1, "速度": 3, "凡是": 1, "成立": 1, "主打": 1, "赚钱": 1, "国家": 23, "冠名": 1, "企业": 13, "全国": 1, "全世界": 1, "邮达": 1, "炙手可热": 1, "巨头": 2, "研发": 6, "投资": 1, "数以万计": 1, "全球": 8, "数一数二": 1, "有名": 1, "不仅仅": 2, "研究": 1, "排": 1, "前列": 1, "5G": 45, "来临": 2, "做好": 1, "解约": 1, "大快人心": 1, "加上": 2, "助力": 1, "大放异彩": 1, "交锋": 1, "热点": 1, "新闻": 1, "科技界": 1, "头条": 1, "跨国公司": 1, "拥有": 2, "一流": 2, "团队": 2, "成果": 1, "贸易": 1, "第一线": 1, "刁难": 1, "所幸": 1, "过硬": 3, "本领": 1, "杀出": 1, "重围": 2, "近段": 1, "敌人": 1, "政府": 6, "杀": 1, "措手不及": 1, "不禁": 1, "感叹": 1, "搬起": 1, "石头": 1, "砸": 1, "脚": 1, "路透社": 1, "12日": 1, "形势": 1, "专利战": 1, "世界": 8, "Verizon": 3, "索赔": 2, "10亿": 5, "美金": 1, "70亿": 1, "人民币": 1, "230": 2, "项": 2, "专利": 26, "费用": 3, "利益": 1, "关系": 1, "旗下": 2, "20多": 1, "供应商": 2, "核心": 5, "优先": 2, "基础": 3, "建设": 11, "物联网": 2, "三": 1, "领域": 4, "Verzion": 2, "第一": 5, "接触": 1, "将就": 1, "探讨": 1, "骤然": 1, "发难": 1, "找": 1, "痛快": 1, "2011年": 1, "奥巴马": 1, "中兴": 1, "调查": 1, "利用": 4, "污蔑": 1, "功亏一篑": 1, "2018年": 1, "1月份": 1, "授意": 1, "禁止": 3, "贩卖": 1, "逼迫": 1, "就范": 1, "放弃": 1, "申诉": 1, "采用": 7, "注册": 1, "反制": 1, "美": 1, "笼罩": 1, "阴影": 1, "科研": 4, "协会": 1, "攻势": 1, "IEEE": 4, "打响": 1, "枪": 1, "人员": 1, "除名": 1, "海内外": 1, "知名": 1, "发声": 1, "指出": 1, "此举": 1, "有违": 1, "科学": 1, "精神": 1, "破坏": 1, "秩序": 1, "好好": 1, "反思": 1, "霸权主义": 2, "打倒": 1, "一再": 1, "围堵": 1, "得道者": 1, "多助": 1, "失道者": 1, "寡助": 1, "强制": 1, "推行": 1, "终将": 1, "批评": 1, "才": 5, "迎来": 1, "飞跃": 1, "反击": 2, "启发": 1, "出手": 2, "坐拥": 1, "230余": 1, "这才": 1, "面对": 2, "慌": 1, "从容": 1, "战争": 1, "白热化": 1, "反杀": 1, "封神": 1, "持续": 1, "攀升": 1, "超越": 2, "苗头": 1, "都会": 2, "点赞": 1, "30": 1, "简直": 1, "不行": 1, "观念": 1, "主业": 1, "通讯": 2, "副业": 1, "系列": 6, "麦芒": 1, "畅享": 1, "购买": 1, "好奇": 1, "独立": 2, "品牌": 4, "称呼": 1, "子公司": 1, "华为p": 1, "mate": 1, "定位": 2, "商务型": 1, "适合": 1, "大众": 1, "消费": 1, "二者": 1, "销售": 1, "渠道": 1, "差别": 1, "线下": 1, "定价": 1, "稍": 1, "主打线": 1, "低于": 1, "第3": 1, "零件": 1, "外国": 3, "进口": 1, "安装": 1, "国产屏": 1, "整体": 1, "相比": 3, "先进": 1, "体验": 3, "过后": 1, "轮到": 1, "不错": 2, "相对于": 1, "2000": 1, "运行": 2, "5g": 1, "时代": 1, "担心": 1, "青睐": 1, "低": 1, "导读": 1, "计划": 7, "夭折": 3, "大势已去": 2, "盟友": 1, "倒戈": 4, "三星": 5, "完败": 1, "外媒": 1, "著名": 1, "电信": 5, "运营商": 5, "沃达丰": 7, "本月": 1, "15号": 1, "西班牙": 7, "启动": 2, "15": 2, "城市": 4, "陌生": 1, "跨国": 2, "联合": 1, "在内": 1, "意图": 1, "无视": 1, "禁令": 3, "着实": 1, "估计": 1, "此刻": 1, "气懵": 1, "早": 3, "上个月": 1, "领先": 8, "开通": 6, "服务": 5, "陆续": 2, "权衡": 1, "利弊": 1, "一下子": 1, "违反": 1, "想必": 1, "收到": 1, "回报": 1, "肯定": 2, "快要": 1, "赶超": 1, "几经": 1, "死心": 1, "妄想": 1, "更进一步": 1, "措施": 4, "内部": 1, "一部分": 2, "就此": 2, "停止": 1, "赶紧": 1, "加快": 1, "遏制": 2, "以此": 2, "稳定": 1, "霸主": 1, "地位": 1, "争论不休": 1, "步步维艰": 1, "现实": 3, "预料": 1, "胎死腹中": 1, "站队": 5, "一块": 2, "展现": 2, "不得不": 2, "正确": 1, "或者说": 2, "观望": 1, "坐": 1, "不住": 1, "转向": 1, "这时候": 1, "韩国": 13, "厉害": 1, "节节": 1, "失利": 2, "淡忘": 1, "不容小觑": 1, "比不上": 1, "差": 2, "打的": 1, "算盘": 1, "本土": 5, "不用": 1, "借助": 1, "警告": 2, "回复": 1, "服务商": 2, "LG": 1, "不顾": 1, "毅然": 1, "恢复": 2, "毋庸置疑": 1, "同一个": 1, "反馈": 1, "回来": 1, "完败于": 1, "体验感": 1, "没法": 1, "面前": 1, "流出": 1, "一阵": 1, "轰动": 1, "用上": 1, "群众": 1, "关心": 1, "怪": 1, "谷歌": 1, "低头": 2, "示好": 1, "就要": 1, "街头": 1, "答复": 1, "欣慰": 1, "友人": 1, "说到": 1, "顺手": 1, "喜欢": 3, "问到": 1, "搭建": 1, "答案": 1, "统一": 1, "期待": 2, "不争": 1, "明白": 1, "才能": 2, "学习": 2, "一味": 2, "抵制": 2, "领先于": 1, "弊": 1, "大于": 1, "不利于": 1, "本国": 1, "强强联合": 1, "长久": 1, "高于": 1, "等同": 1, "闭门造车": 1, "崛起": 1, "感到": 2, "自豪": 1, "越来越": 1, "原因": 1, "美企": 4, "覆盖": 2, "有限": 1, "行业": 2, "有人": 2, "专利费": 4, "超过": 1, "美元": 4, "件": 4, "整数": 1, "对方": 2, "支付": 3, "调侃": 1, "友情价": 1, "费明明": 1, "操作": 9, "议员": 7, "称之为": 1, "流氓": 8, "索要": 2, "高昂": 3, "词": 1, "高通": 1, "收取": 2, "明明": 1, "收费": 1, "说不定": 1, "减免": 1, "指责": 3, "这位": 6, "推特": 2, "提出": 1, "依据": 1, "言语": 1, "之中": 1, "赔偿": 1, "报复": 1, "引来": 1, "嘲讽": 1, "知识": 2, "产权": 2, "到位": 1, "尊重": 1, "侵犯": 2, "合法": 1, "攻击": 1, "描述": 1, "坏人": 1, "模样": 1, "讽刺": 1, "双标": 1, "只许州官放火": 1, "激起": 1, "愤怒": 1, "情": 1, "美媒": 1, "彭博社": 1, "数量": 1, "56492": 1, "高达": 1, "102911": 1, "众所周知": 1, "方向": 1, "改变": 1, "网速": 1, "升级": 1, "基础性": 1, "决定性": 1, "作用": 3, "背景": 1, "最多": 1, "众多": 1, "首选": 1, "正当": 3, "大展身手": 1, "之际": 3, "多种": 1, "不平等": 1, "手段": 2, "扰乱": 1, "脚步": 1, "掐断": 1, "供应链": 1, "外界": 1, "处境": 1, "担忧": 1, "海思": 1, "鸿蒙": 6, "强势": 1, "现身": 1, "封锁": 2, "无情": 1, "打乱": 1, "先是": 1, "多年": 2, "备胎": 1, "转正": 1, "自给自足": 1, "申请": 2, "商标": 1, "万众瞩目": 1, "透露": 1, "季度": 1, "2020年": 1, "推广": 2, "步入": 1, "正轨": 1, "俄罗斯": 9, "抛出": 1, "橄榄枝": 1, "送": 1, "极光": 8, "相关": 3, "Rostelecom": 3, "全力": 1, "推动": 1, "进程": 1, "通信部": 2, "官员": 1, "轮值": 1, "董事长": 1, "郭平": 1, "讨论": 1, "工厂": 1, "安全性": 1, "便利": 1, "优势": 4, "无疑": 4, "猜测": 1, "成熟": 1, "自研": 1, "开发": 1, "起到": 1, "借鉴": 1, "有助于": 1, "弯路": 1, "安卓": 1, "最佳": 2, "方案": 2, "自主": 1, "鼎立": 1, "雪中送炭": 1, "显得": 1, "焦灼": 1, "不料": 1, "逆境": 1, "超强": 1, "万万": 1, "阴谋": 2, "不攻自破": 2, "MTS": 1, "干脆": 1, "签下": 1, "大单": 1, "截至": 3, "斩获": 1, "46": 3, "合同": 3, "排名": 2, "爱立信": 2, "诺基亚": 2, "打压": 1, "占": 2, "优": 1, "难道": 1, "制裁": 1, "对象": 1, "逻辑": 1, "不通": 1, "霸凌": 1, "体现": 1, "拒绝": 1, "华": 1, "客观": 1, "力挺": 1, "屈服": 1, "邪恶": 1, "势力": 1, "率先": 1, "商用": 4, "马德里": 1, "巴塞罗那": 1, "巴伦西亚": 1, "该国": 1, "50%": 1, "人口": 1, "引人注目": 1, "瑞士": 1, "高速": 1, "下载": 2, "1G": 1, "秒": 2, "年底": 1, "机会": 1, "2G": 1, "4G": 1, "延迟": 1, "大幅": 1, "降低": 1, "驾驶": 1, "远程": 2, "医疗": 2, "虚拟": 1, "产业": 1, "国": 1, "夏天": 1, "意大利": 1, "漫游": 1, "当地": 2, "民众": 1, "看待": 1, "质量": 1, "信赖": 1, "竞争力": 1, "毫不犹豫": 1, "四": 1, "年前": 1, "用华": 1, "开心": 1, "设计": 1, "软件": 1, "老": 1, "吹捧": 1, "实实在在": 1, "伦敦": 1, "2019年": 3, "峰会": 1, "智简": 1, "核心网": 2, "Best": 1, "Core": 1, "Net": 1, "work": 1, "Technology": 1, "奖": 1, "国外": 1, "调研": 1, "IPLytics": 1, "统计": 1, "3月": 1, "标准": 2, "(": 1, "SEP": 1, ")": 1, "34%": 1, "1554": 1, "利国利民": 1, "电网": 1, "VR": 1, "/": 1, "AR": 1, "车联网": 1, "跨": 1, "资料": 1, "竞争": 1, "对手": 1, "处于": 1, "现阶段": 1, "或许": 1, "至暗": 1, "黎明": 1, "骑": 1, "绝尘": 1, "文": 1, "均": 1, "侵权": 2, "删图": 1, "；": 1, "原创": 1, "必究": 1}