{"图片": 3, "来源": 2, "：": 7, "每经": 1, "记者": 1, "刘玲": 1, "摄": 2, "1月": 3, "17日": 1, "上海市": 2, "房地产": 1, "交易": 1, "中心": 6, "数据": 2, "显示": 3, "华为": 129, "青浦": 9, "研发": 12, "基地": 10, "顺利": 2, "摘牌": 2, "标志": 1, "项目": 3, "开工": 2, "建设": 12, "高速": 2, "发展": 5, "阶段": 1, "公告": 1, "此次": 1, "位于": 1, "青浦区": 1, "科创": 2, "走廊": 1, "主轴": 1, "用地": 1, "面积": 3, "100": 1, "公顷": 1, "投资": 3, "100亿": 2, "元": 7, "决心": 1, "打造": 3, "成全": 1, "中国": 10, "全世界": 1, "内": 4, "领先": 4, "地位": 1, "期": 1, "占地": 2, "94.7万": 1, "平方米": 1, "办公区": 1, "4000": 1, "亩": 1, "松山湖": 2, "本部": 1, "倍": 2, "容纳": 1, "办公": 2, "人数": 1, "1.5万": 1, "占": 1, "全球": 8, "员工": 1, "8.3％": 1, "报道": 2, "称": 3, "指引": 1, "海思": 1, "半导体": 1, "设计": 4, "总部": 5, "、": 61, "物联网": 1, "无线网": 1, "搬入": 1, "淀山湖": 1, "布局": 2, "终端": 6, "手机": 66, "重点": 2, "园区": 2, "概念": 1, "规划": 2, "鸟瞰图": 1, "据悉": 1, "上海": 6, "规模": 1, "比肩": 2, "高达": 2, "71亿": 1, "年产值": 1, "预计": 1, "势必": 1, "！": 8, "采用": 3, "9": 1, "园": 1, "3": 1, "岛": 1, "组团": 1, "服务": 1, "住房": 1, "交通": 1, "多功能": 1, "混合型": 1, "社区": 1, "苹果": 21, "谷歌": 1, "脸": 1, "书": 1, "亚马逊": 1, "国家": 7, "顶尖": 1, "企业": 3, "长三角": 2, "一体化": 2, "区域": 1, "落户": 1, "必将": 2, "产业": 2, "作用": 1, "工作": 4, "推进": 3, "图示": 1, "此前": 2, "吴江": 1, "嘉善": 1, "2019年": 6, "方案": 2, "指出": 1, "三": 5, "推动": 2, "人才": 1, "公寓": 1, "年内": 1, "亨通": 1, "光电": 1, "京东方": 1, "核心": 1, "供应": 1, "万亿级": 1, "信息": 3, "集群": 1, "早": 3, "1996年": 1, "研究所": 3, "成立": 1, "2010年": 1, "入驻": 1, "金桥路": 1, "北京": 2, "苏州": 1, "杭州": 1, "南京": 1, "西安": 1, "重庆": 1, "成都": 1, "设置": 1, "每日": 1, "经济": 2, "新闻": 1, "综合": 2, "观察者": 1, "网": 1, "科技报": 1, "市场": 26, "公开": 1, "上个月": 1, "巨头": 4, "三星": 20, "发布": 9, "首款": 1, "折叠屏": 5, "款": 7, "誉为": 1, "改变": 1, "行业": 4, "产品": 4, "理念": 1, "MateX": 5, "Fold": 17, "一个": 14, "折叠": 7, "到底": 2, "网友们": 1, "吵翻": 1, "大方向": 1, "外界": 1, "展出": 1, "异常": 1, "神秘": 2, "很多": 5, "媒体": 1, "用户": 23, "至今": 2, "都": 19, "体验": 5, "真机": 1, "小智": 2, "找到": 2, "国外": 1, "高清": 1, "上手": 3, "视频": 2, "揭开": 1, "面纱": 1, "不妨": 1, "相比": 2, "漂亮": 2, "适合": 1, "日常": 1, "展开": 4, "样式": 1, "变身": 1, "一块": 2, "平板": 2, "形态": 5, "只不过": 1, "侧面": 1, "的确": 4, "显得": 1, "厚": 1, "细节": 1, "特写": 1, "质感": 1, "整机": 1, "材质": 1, "用料": 1, "复合": 1, "金属": 1, "抛光": 1, "工艺": 1, "增加": 1, "档次感": 1, "毕竟": 2, "售价": 1, "上万": 1, "顶级": 1, "旗舰": 5, "效果": 3, "惊艳": 2, "不大不小": 1, "传统": 2, "握持": 4, "太": 8, "差距": 2, "用惯": 1, "改用": 1, "感到": 1, "厚度": 1, "感人": 1, "评价": 4, "合拢": 1, "屏幕": 5, "缝隙": 1, "右上角": 1, "迷之": 1, "刘海": 2, "影响": 1, "颜值": 1, "搞": 1, "目的": 1, "看上去": 1, "很": 4, "舒服": 2, "小屏": 1, "模式": 1, "尺寸": 1, "屏占": 1, "低": 1, "全面屏": 1, "格格不入": 1, "拍照": 4, "得益": 1, "配备": 1, "6": 1, "镜头": 1, "无论如何": 1, "自如": 1, "好评": 2, "竖": 1, "通话": 1, "一分为二": 1, "展示": 2, "窗口": 3, "不必": 1, "人物": 4, "对方": 2, "同等": 1, "互不": 1, "干扰": 1, "大屏": 1, "玩": 1, "游戏": 1, "自然": 2, "双手": 1, "电脑": 1, "视觉": 2, "冲击": 1, "总体": 1, "走": 3, "路线": 4, "妄下": 1, "定论": 1, "等到": 1, "上市": 3, "消费者": 4, "3月": 1, "11日": 1, "舆情": 1, "发生": 3, "10点整": 1, "小米": 4, "OPPO": 2, "魅族": 1, "三箭齐发": 1, "点燃": 1, "舆论场": 1, "消息": 1, "来自于": 2, "上午": 1, "9点整": 1, "余承东": 21, "发文": 2, "15": 1, "分钟": 1, "正式": 2, "官宣": 1, "Mate20": 6, "系列": 32, "开卖": 1, "4": 2, "半月": 3, "发货量": 3, "突破": 4, "1000万": 5, "台": 8, "大关": 1, "掌舵": 1, "智能": 3, "部门": 1, "可谓": 3, "里程碑": 2, "最高端": 1, "荣耀": 3, "V20": 1, "打上": 1, "科技": 12, "标杆": 2, "旗号": 1, "倒霉": 1, "孩子": 1, "责备": 1, "Mate20Pro": 2, "不争": 1, "事实": 2, "价格": 5, "5399": 1, "起步": 1, "最低": 1, "3999": 1, "才能": 1, "买": 2, "硬": 1, "平均": 1, "估计": 1, "价值量": 1, "500亿": 1, "余承东报": 1, "出货量": 2, "500万": 2, "这次": 1, "12": 1, "销量": 4, "持续": 6, "1": 2, "2000万": 1, "加上": 1, "马上": 2, "P30": 2, "年底": 1, "Mate30": 1, "2018年": 5, "Mate+P": 1, "出货": 1, "3000万": 1, "热销": 4, "高端": 2, "更上一层楼": 1, "基础": 3, "已然": 1, "具备": 2, "动销": 1, "操盘": 1, "能力": 2, "不得不": 1, "提": 1, "仔细": 1, "对比": 1, "华为官": 1, "宣文案": 1, "相似度": 1, "颇": 1, "写稿": 1, "监测": 1, "原创度": 1, "如今": 3, "雷军": 1, "依然": 1, "舆论": 1, "场上": 1, "王者": 1, "沈义人": 1, "异军突起": 1, "来势汹汹": 1, "首当其冲": 1, "真的": 1, "消音": 1, "业务": 1, "Mate": 31, "四": 1, "超过": 3, "处于": 1, "状态": 1, "深受": 1, "年轻": 3, "女性": 7, "喜爱": 2, "▲": 3, "Pro": 7, "占比": 4, "增长": 6, "11%": 2, "讨": 1, "欢心": 1, "大中华区": 1, "时间": 4, "打破": 1, "P系列": 1, "销售": 3, "记录": 1, "海外": 2, "青睐": 3, "西欧": 1, "中东": 1, "亚太": 1, "地区": 1, "均": 2, "第三方": 1, "调研": 1, "机构": 3, "截至": 1, "35": 1, "岁": 1, "10": 2, "7%": 1, "更为": 1, "涌入": 1, "提供": 2, "源动力": 1, "定位": 1, "极致": 3, "ID": 1, "精英": 5, "人群": 3, "灵感": 1, "超跑": 1, "眼": 1, "矩阵": 1, "焦": 1, "影像": 1, "系统": 4, "正反面": 1, "冲击力": 1, "八曲面": 1, "玻璃": 1, "机身": 1, "流畅": 2, "优美": 1, "手感": 2, "佳": 1, "首发": 2, "配色": 1, "翡": 1, "冷翠": 1, "继承": 1, "美学": 2, "基因": 1, "艺术": 1, "完美": 2, "新锐": 1, "开售": 2, "爆款": 2, "新色": 2, "携馥": 1, "蕾红": 1, "璨星": 1, "蓝": 1, "色彩": 1, "诠释": 1, "热烈": 1, "睿智": 1, "引发": 1, "审美": 2, "精神": 1, "共鸣": 1, "4.9分": 2, "99%": 2, "性能": 2, "关注": 3, "国内": 7, "电商": 5, "超高": 1, "千万级": 1, "创新": 5, "进化": 1, "坚实": 1, "口碑": 2, "主流": 1, "平台": 4, "好评率": 1, "强悍": 1, "好用": 1, "强大": 1, "时尚": 1, "美观": 1, "持久": 1, "超快": 1, "一流": 1, "反馈": 1, "最为": 1, "关键词": 1, "当天": 1, "商城": 1, "8": 1, "秒": 2, "销售额": 5, "破": 2, "亿": 2, "人气": 1, "爆棚": 1, "去年": 1, "11": 2, "期间": 1, "天猫": 2, "出色": 2, "表现": 2, "手机3": 1, "50": 1, "7": 1, "小时": 1, "57分": 1, "2017年": 2, "全天": 1, "夺得": 1, "安卓": 1, "第一": 5, "京东": 1, "登顶": 1, "单品": 1, "热度": 1, "斩获": 2, "手机界": 2, "奥斯卡": 2, "大奖": 3, "定调": 1, "专业": 3, "赞誉有加": 1, "刚刚": 1, "落幕": 1, "MWC": 2, "2019": 1, "世界": 7, "通信": 1, "大展": 1, "大放异彩": 1, "一举": 1, "击败": 1, "同期": 1, "诸多": 1, "主办方": 1, "GSMA": 3, "颁发": 1, "最佳": 2, "彰显": 1, "年度": 1, "实力": 2, "荣获": 1, "MWC2019": 1, "高处": 2, "进发": 2, "750": 1, "运营商": 10, "350": 1, "制造商": 2, "软件": 4, "公司": 7, "设备": 3, "供应商": 2, "互联网": 1, "相关": 2, "组织": 1, "水准": 1, "参与": 1, "本次": 1, "奖项": 1, "评选": 1, "权威": 1, "评委": 1, "压倒性": 1, "获胜者": 1, "拥有": 2, "相机": 1, "优秀": 2, "稳定性": 1, "电池": 4, "寿命": 1, "努力": 3, "选手": 1, "真实": 1, "证明": 2, "事实上": 1, "殊荣": 1, "近年来": 3, "投入": 1, "密不可分": 1, "一代": 1, "集大成之作": 1, "7nm麒麟980": 1, "处理器": 1, "带来": 4, "新一代": 1, "徕卡": 1, "40": 1, "W快": 1, "屏内": 1, "指纹": 1, "3D": 1, "结构": 1, "石": 1, "墨烯液": 1, "冷散热": 1, "众多": 1, "前沿": 1, "代表": 2, "未来": 1, "迎来": 1, "座": 1, "近些年": 1, "眼里": 1, "麒麟": 1, "芯片": 1, "5G": 26, "折": 1, "叠屏": 1, "所有权": 1, "钦佩不已": 1, "品牌": 5, "一路": 1, "走来": 1, "一帆风顺": 2, "据说": 2, "年前": 1, "原因": 4, "导致": 1, "差点": 1, "卖身": 1, "摩托罗拉": 1, "贵": 1, "自动": 1, "放弃": 1, "才": 2, "条": 2, "道路": 2, "受阻": 1, "美国": 2, "为首": 1, "阻止": 1, "胁迫": 1, "日本": 2, "澳大利亚": 2, "禁用": 1, "指示": 1, "对此": 1, "心知肚明": 1, "收获": 1, "不少": 1, "支持": 7, "认可": 1, "铁粉": 1, "印度": 11, "贫穷": 1, "落后": 2, "贫富": 1, "话语权": 1, "警告": 1, "升级": 3, "电信": 6, "网络": 24, "威胁": 1, "决策者": 1, "煽动": 1, "反而": 1, "优势": 3, "吸引": 2, "牵手": 2, "完善": 2, "地方": 1, "2G": 2, "4G": 2, "速度": 4, "3G": 1, "筹集": 1, "537亿": 1, "巨资": 1, "前不久": 1, "测试": 1, "想要": 2, "快速": 1, "过渡": 1, "人口": 1, "早已": 1, "不堪重负": 1, "本文": 1, "五商": 1, "集团": 1, "旗下": 1, "原创": 1, "作品": 1, "未经": 1, "授权": 1, "转载": 1, "抄袭": 1, "违者": 1, "追究": 1, "法律": 1, "责任": 1, "极客": 1, "谈": 2, "全新": 2, "视角": 1, "思路": 1, "伴": 1, "遨游": 1, "神奇": 1, "基站": 9, "普及": 3, "二三线": 1, "城市": 2, "取决于": 1, "因素": 1, "各家": 4, "招标": 3, "；": 7, "整体": 1, "情况": 2, "实施": 2, "执行": 1, "计划": 2, "简单": 1, "事情": 3, "公布": 3, "采购": 6, "共计": 1, "500": 1, "5": 3, "Ｇ": 3, "占到": 1, "总数": 1, "一半": 1, "剩余": 1, "爱立信": 2, "中兴": 1, "诺基亚": 2, "大唐": 1, "所得": 1, "份额": 4, "依次": 1, "110": 1, "80": 1, "30": 2, "联通": 3, "46.1万": 1, "G基站": 1, "笔": 1, "50％": 1, "排名": 1, "首位": 2, "未": 1, "数量": 1, "即可": 1, "大规模": 1, "条件": 4, "开启": 1, "试点": 2, "针对": 1, "城区": 2, "2020年": 2, "加快": 1, "进度": 1, "2021年": 1, "优化": 1, "补点": 1, "三线": 1, "预估": 1, "留言": 3, "讨论": 1, "喜欢": 2, "点点": 1, "水皮": 2, "杂谈": 2, "工作室": 2, "财富": 3, "八卦": 2, "小事": 1, "一下子": 1, "眼光": 1, "这是": 2, "创造": 1, "奇迹": 1, "任正非": 11, "手下": 1, "悍将": 2, "操盘者": 1, "—": 2, "号称": 3, "疯子": 1, "当初": 1, "接管": 1, "三年": 2, "之内": 1, "全国": 1, "牛皮": 1, "吹": 1, "火车": 1, "推": 1, "1969年": 1, "出生": 1, "1993年": 1, "元老级": 1, "资历": 1, "稍微": 1, "差": 1, "一点": 1, "有名": 1, "干才": 1, "事业部": 4, "干": 2, "无线": 1, "嫡系": 1, "部队": 1, "当年": 1, "带": 1, "无线部": 1, "进军": 1, "欧洲": 5, "西门子": 1, "天下": 1, "机会": 1, "游荡": 1, "一家": 2, "破产": 1, "开发": 1, "分布式": 2, "打开": 1, "切口": 1, "2006年": 1, "沃达丰": 2, "公信力": 1, "从不": 1, "3%": 1, "9%": 1, "2012年": 1, "飙升": 1, "33%": 1, "打入": 1, "发达国家": 1, "拿下": 1, "奉召": 1, "回国": 1, "大出风头": 1, "元老们": 1, "发动": 1, "倒余": 1, "运动": 1, "闹": 1, "一句话": 1, "音": 1, "立下": 1, "产商": 1, "目标": 2, "翻": 1, "其他人": 1, "哑口无言": 1, "疯言": 1, "疯行": 1, "玩命": 2, "个性": 3, "个头": 2, "小时候": 1, "村里": 1, "高马": 1, "欺负": 2, "同学": 1, "头": 2, "身材": 1, "瘦小": 1, "惹毛": 1, "拿起": 1, "砖头": 1, "痞子": 1, "砸": 1, "头破血流": 1, "确实": 2, "那种": 1, "打的": 1, "满脸": 1, "血": 1, "正是": 1, "冲锋陷阵": 1, "先锋": 1, "做出": 1, "特立独行": 1, "置": 1, "高层": 2, "不顾": 1, "比如说": 1, "独立": 1, "违反": 1, "命令": 1, "建立": 1, "线下": 1, "渠道": 2, "阳奉阴": 1, "违但": 1, "成功": 2, "路径": 1, "大嘴": 1, "公众": 1, "场合": 1, "吹牛": 1, "大话": 1, "公关": 1, "麻烦": 1, "每次": 1, "惹事": 1, "出面": 1, "挡箭": 1, "五": 2, "后果": 1, "字": 1, "下课": 1, "庇护": 1, "孙悟空": 1, "牛": 1, "跳": 2, "如来佛": 1, "掌心": 1, "能干": 1, "作者": 1, "编辑": 1, "戈爽": 1, "导读": 1, "国际": 3, "超越": 3, "迟早": 1, "文": 1, "|": 1, "宏哥": 1, "朋友们": 2, "吐槽": 2, "小编": 10, "不胜": 2, "荣幸": 2, "动动": 2, "手指": 2, "意见": 2, "想": 1, "坏": 1, "都会": 2, "虚心": 2, "接受": 2, "改进": 2, "希望": 2, "欢乐": 1, "老铁们": 1, "多多": 1, "动力": 3, "最爱": 1, "前提": 1, "iPhone": 3, "初": 1, "购买": 1, "IDC": 1, "统计": 1, "供应量": 1, "2088万": 1, "同比": 2, "下降": 3, "3.2%": 1, "营业": 2, "收入": 2, "第四": 2, "季度": 1, "报告": 1, "利润": 2, "CEO": 1, "接班人": 1, "安吉拉": 2, "离职": 2, "衰落": 1, "第二": 1, "2.06亿": 1, "居": 1, "第三": 3, "持平": 1, "33.6%": 1, "势头": 1, "强劲": 1, "威胁性": 1, "竞争": 1, "对手": 1, "趋势": 1, "豪华": 2, "崩溃": 1, "更新": 1, "快": 2, "iphone5": 1, "iphone6": 1, "iphone7": 1, "iphoneX": 1, "iphoneXS": 1, "推出": 3, "短": 1, "昂贵": 1, "零售价": 1, "5000": 1, "机型": 1, "旧": 1, "跌入": 1, "悬崖": 1, "疲劳": 1, "内心": 1, "不满": 1, "XS": 1, "急剧": 1, "缓慢": 1, "负责": 1, "忘记": 2, "电话": 1, "iPad": 1, "iOS": 2, "操作": 2, "收到": 1, "版本": 1, "提示": 2, "访问": 1, "冲突": 1, "功耗": 1, "过快": 1, "精疲力竭": 1, "承认": 1, "鼓励": 2, "老": 1, "更换": 1, "控制": 1, "电量": 1, "耗尽": 1, "本身": 1, "电": 1, "规则": 3, "问世": 1, "放": 1, "无论是": 1, "硬件": 1, "内部": 1, "iPhone6": 1, "缺乏": 1, "大众": 1, "消费": 2, "首要": 1, "触摸": 1, "顾客": 1, "至上": 1, "下滑": 1, "崛起": 1, "晚": 1, "占有率": 1, "Telefonica": 1, "软银": 1, "合作": 1, "先天": 1, "价位": 1, "群体": 1, "需求": 1, "性价比": 1, "质量": 1, "注重": 1, "界面": 1, "重视": 1, "奥波": 1, "到来": 1, "厂商": 1, "引领": 1, "生命": 2, "独有": 1, "美": 1, "浸润": 1, "生活": 2, "点点滴滴": 1, "美丽": 1, "源于": 1, "份": 1, "热爱": 1, "抽出": 1, "空闲": 1, "文章": 5, "莫大": 1, "不管是": 1, "点击": 1, "或者是": 1, "创作": 1, "褒贬": 1, "优质": 1, "标准": 1, "奉献": 1, "分享": 1, "好好": 1}