{"都": 17, "现今": 1, "智能": 2, "手机": 22, "更新换代": 1, "频繁": 1, "研发": 3, "新款": 6, "耗费": 1, "一两": 1, "时间": 1, "正是": 1, "现如今": 1, "步伐": 1, "太": 7, "快": 1, "导致": 2, "发布": 8, "老": 3, "机型": 5, "畅销": 1, "热度": 1, "大幅": 1, "下降": 3, "品牌商": 1, "提升": 2, "竞争": 3, "能力": 5, "都会": 1, "降价": 6, "促销": 1, "老旧": 1, "销售": 4, "堆货": 1, "现象": 1, "年初": 1, "半年": 1, "各式各样": 1, "面世": 1, "不少": 4, "价格": 9, "疯狂": 1, "夸张": 1, "华为": 97, "Mate": 8, "Pro": 8, "Mate20Pro": 5, "去年": 3, "火爆": 1, "产品": 6, "整体": 2, "实力": 6, "性价比": 3, "创新性": 1, "不错": 1, "外观": 4, "采用": 1, "6.39": 1, "英寸": 2, "曲面": 1, "刘": 1, "海屏": 1, "设计": 3, "颜值": 2, "养眼": 1, "硬件": 1, "极其": 1, "牛逼": 1, "：": 8, "搭载": 7, "麒麟980": 2, "处理器": 3, "市场": 6, "行业": 4, "当中": 3, "牛掰": 1, "性能": 6, "款": 12, "顶级": 1, "水平": 1, "后置": 1, "三": 1, "高像素": 1, "徕卡": 1, "摄像头": 1, "内": 3, "专家": 1, "给予": 1, "成绩": 1, "高达": 2, "110": 1, "配备": 2, "4200": 1, "毫安": 4, "电池": 3, "支持": 4, "40w": 1, "超级": 1, "快充": 1, "拍照": 6, "亦": 1, "或者是": 2, "续航": 3, "称之为": 2, "佼佼者": 1, "IP": 1, "68": 1, "级别": 2, "防水": 2, "三d": 1, "结构": 1, "各项": 1, "强大": 3, "功能": 1, "外界": 1, "黑科技": 1, "售价": 5, "起初": 1, "定价": 1, "5400": 1, "相比于": 2, "型号": 1, "上涨": 1, "网友": 1, "确确实实": 1, "很多": 3, "物有所值": 1, "市面": 1, "相继": 1, "登场": 2, "遭受": 1, "压力": 2, "同等": 2, "价位": 3, "旗舰": 2, "品牌": 1, "隆重": 1, "只能": 2, "被迫": 1, "降": 2, "难以": 1, "小编": 1, "电商": 1, "平台": 1, "6GB": 1, "+": 2, "128GB": 2, "800": 2, "有史以来": 1, "最低": 1, "一个": 7, "30": 12, "综合": 2, "弱": 2, "对比": 3, "8GB": 1, "国行": 2, "就要": 1, "4500": 1, "小伙伴": 1, "购买": 7, "华为p30": 13, "毕竟": 4, "真的": 2, "对此": 1, "美国": 30, "发生": 3, "绝地": 2, "反击": 2, "拿下": 2, "全球": 8, "一半": 3, "5G": 27, "订单": 3, "一开始": 1, "禁止": 6, "受挫": 1, "呼吁": 1, "国家": 4, "战队": 1, "忽视": 1, "趋势": 1, "条": 1, "道路": 2, "越来越": 2, "寂寞": 1, "无奈": 1, "！": 7, "工商": 1, "时报": 1, "报道": 4, "国防部": 1, "最新": 3, "报告": 4, "称": 2, "中国": 6, "处于": 3, "发展": 2, "领先": 5, "地位": 1, "部署": 1, "35万": 1, "基站": 3, "数量": 1, "10": 1, "倍": 2, "公司": 4, "领域": 3, "业务": 2, "海外": 2, "提供": 3, "数万": 1, "预计": 1, "赢得": 1, "30％": 1, "电信": 2, "布局": 1, "扩张": 1, "指出": 1, "推出": 1, "LTE": 1, "技术": 7, "无线": 1, "通信": 1, "产业": 1, "翻天覆地": 1, "变化": 1, "收入": 1, "09年": 1, "280亿": 1, "美元": 2, "升至": 1, "1070亿": 1, "同期": 1, "爱立信": 1, "诺基亚": 1, "签署": 1, "30多": 1, "商业": 1, "合同": 1, "占": 1, "超过": 1, "4万": 1, "发送": 1, "世界各地": 1, "面对": 1, "占优势": 1, "再次": 1, "遵循": 1, "套路": 1, "渲染": 1, "风险": 1, "设备": 2, "该国": 2, "相关": 1, "部门": 1, "运营": 1, "网络": 5, "系统": 1, "依赖": 1, "基础": 2, "设施": 1, "空间": 1, "威胁": 2, "阻塞": 1, "速度": 1, "永远": 1, "停止": 1, "警告": 2, "无用": 1, "声音": 4, "坦诚": 1, "官方": 3, "围堵": 2, "失败": 2, "关注": 2, "国内": 4, "承认": 1, "政府": 2, "本月": 1, "早些时候": 1, "福布斯": 1, "网站": 2, "篇": 1, "数字": 1, "障碍": 1, "创始人": 2, "兼": 2, "首席": 1, "执行官": 1, "扎克·道夫曼": 1, "文章": 2, "声称": 1, "未能": 2, "动摇": 1, "禁令": 1, "指责": 1, "证据": 2, "华盛顿": 1, "邮报": 1, "B计划": 1, "世界": 1, "应对": 1, "制定": 1, "B": 1, "计划": 1, "明面": 1, "放低": 1, "姿态": 1, "国务卿": 1, "欧洲": 2, "合作": 7, "很快": 1, "信息": 2, "共享": 1, "希望": 3, "说服": 1, "欧盟": 1, "对待": 2, "很": 4, "难": 1, "10月": 1, "国际": 3, "联盟": 2, "ITU": 1, "会议": 1, "最终": 2, "通用": 1, "标准": 2, "恐惧": 1, "影响": 2, "孤独": 1, "电联": 1, "秘书长": 1, "告诉": 1, "媒体": 3, "针对": 2, "指控": 1, "原因": 1, "驱动": 1, "基于": 1, "事实": 1, "竞标": 1, "机会": 2, "韩国": 1, "Newspim": 1, "盟友": 1, "破": 1, "跟踪": 1, "拦截": 1, "混乱": 1, "状态": 1, "阻止": 1, "突破": 1, "增加": 1, "流行度": 1, "主意": 1, "美国商": 1, "业内": 1, "幕": 1, "P30": 2, "系列": 8, "同一天": 1, "新加坡": 1, "购物": 1, "中心": 1, "出售": 1, "中午": 1, "售罄": 1, "早": 1, "晚上": 1, "9点": 1, "数百": 1, "排起": 1, "长": 1, "队": 1, "第一": 3, "启动": 1, "新机": 1, "依然": 1, "强劲": 1, "恐怕": 1, "本文": 2, "原创": 1, "作品": 1, "图片": 1, "来自于": 1, "侵权": 1, "请": 4, "告知": 1, "4月": 2, "11日": 2, "国行版": 1, "正式": 2, "3988": 1, "起步": 3, "30pro": 1, "5488": 1, "苹果": 26, "三星": 7, "看齐": 1, "相对于": 1, "香": 1, "欧版": 1, "799": 1, "欧": 1, "预期": 1, "略微": 1, "低": 3, "算是": 3, "良心": 2, "30非pro版": 1, "价值": 1, "初": 1, "mate20": 16, "旅": 1, "500": 2, "元": 4, "第三方": 1, "卖家": 1, "幅度": 1, "来到": 1, "可谓": 2, "真香": 1, "弟弟": 1, "究竟": 2, "选": 1, "带领": 1, "探": 1, "罗列": 1, "差异": 3, "正面": 1, "观感": 1, "水滴": 1, "屏": 1, "机身": 1, "厚度": 2, "优势": 6, "轻薄": 1, "薄": 1, "后壳": 1, "差异性": 1, "时尚": 1, "年轻": 1, "配色": 3, "活泼": 1, "鲜亮": 1, "偏向": 1, "商务": 1, "属性": 1, "内敛": 1, "深沉": 1, "总体而言": 2, "笔者": 3, "倾向p": 1, "屏幕": 9, "差异点": 1, "6.1": 1, "Amoled": 1, "ppi": 2, "422": 1, "国产": 1, "lcd": 2, "388": 1, "永不": 1, "奴": 1, "情况": 1, "Oled": 1, "带来": 1, "色彩": 1, "显示": 2, "效果": 1, "出众": 1, "功耗": 1, "表现": 2, "屏下": 1, "指纹": 2, "识别": 2, "方案": 1, "传统": 1, "背后": 1, "差异华": 1, "并未": 1, "imx600": 2, "imx380": 1, "老款": 1, "高端": 1, "Sense": 1, "总体": 3, "优秀": 2, "中高端": 1, "搭配": 1, "最高端": 1, "imx650": 1, "cmos": 1, "升级": 1, "全世界": 1, "Senser": 1, "5x光学": 1, "变焦": 3, "数码": 1, "弱光": 1, "环境": 1, "2x无损": 1, "这次": 1, "算": 1, "3650": 1, "22.5": 2, "w快": 2, "相比于pro": 1, "阉割": 1, "550": 1, "满意": 1, "小于": 1, "30pro版": 1, "4000": 1, "大小": 1, "材质": 1, "不相上下": 1, "中上游": 1, "水准": 1, "差距": 1, "略": 1, "ip53": 1, "保留": 2, "3.5": 1, "耳机": 1, "接口": 1, "音频": 1, "爱好者": 1, "实用": 1, "差别": 1, "比华": 1, "300": 1, "2g": 1, "内存": 1, "素质": 1, "要略": 1, "优于": 1, "尤其是": 1, "总体而言华": 1, "拥有": 1, "产品力": 1, "推荐": 1, "配置": 1, "至少": 2, "才": 1, "值得": 1, "帮到": 1, "看官": 1, "姥爷": 1, "评论": 2, "呦": 1, "风口": 1, "无疑": 2, "厂商": 1, "纷纷": 1, "未来": 2, "时代": 2, "尴尬": 4, "陷入": 1, "基带": 13, "可用": 2, "境地": 4, "消息": 1, "传出": 2, "到处": 1, "求购": 2, "产能": 1, "拒绝": 1, "而后": 1, "答应": 2, "Balong5000": 1, "对外": 1, "售卖": 2, "伸出": 5, "援手": 3, "度过": 1, "话题": 1, "火热": 1, "势均力敌": 1, "对手": 1, "由其是": 1, "养虎为患": 1, "到底": 1, "疑问": 1, "恰逢": 1, "做出": 1, "回应": 3, "发布会": 1, "余承东": 1, "接受": 3, "采访": 3, "芯片": 3, "开放": 1, "言下之意": 1, "确实": 1, "有意": 1, "找": 1, "橄榄枝": 2, "展开": 1, "双赢": 1, "缓解": 1, "解决": 2, "金钱": 1, "报酬": 1, "证明": 1, "企业": 5, "态度": 3, "友好": 1, "处处": 1, "联合": 1, "同盟国": 1, "想": 4, "iPhone": 3, "此事": 1, "至今": 1, "高通": 4, "估计": 3, "选择": 1, "这不": 2, "符合": 2, "一贯": 1, "硬气": 1, "作风": 1, "这是": 1, "方法": 1, "生产": 1, "、": 10, "Intel": 3, "联发科": 2, "自然": 1, "不用": 1, "引来": 1, "吐槽": 1, "Intel5G": 1, "量产": 1, "不及": 1, "2020年": 1, "说产": 1, "剩下": 1, "一家": 1, "床头": 1, "打架": 1, "床尾": 1, "头": 1, "买": 4, "亏": 4, "傻": 4, "任正非": 6, "揭示": 3, "真谛": 3, "立业": 2, "真言": 1, "前不久": 1, "霸权主义": 1, "旧病": 1, "复发": 1, "指使": 1, "加拿大": 1, "扣留": 1, "副董事长": 1, "CFO": 1, "孟晚舟": 1, "震惊": 1, "各国": 1, "狂潮": 1, "背景": 1, "央视": 1, "记者": 1, "镇定": 1, "自若": 1, "气定神闲": 1, "铿锵": 1, "公正": 1, "打压": 1, "表达": 1, "核心": 1, "语出惊人": 1, "霸气": 1, "大业": 1, "精深": 1, "底气": 1, "1": 1, "企业观": 1, "花拳秀腿": 1, "功夫": 1, "追求": 1, "简单": 1, "唯一": 1, "产品观": 1, "好货": 1, "识货": 1, "漂亮": 1, "姑娘": 1, "愁": 1, "嫁": 1, "损失": 1, "3": 1, "市场观": 1, "谋": 3, "万世者": 1, "不足谋一时": 1, "；": 2, "全局": 1, "一域": 1, "地区": 1, "客户": 1, "时刻": 1, "不必": 1, "奇怪": 1, "暂时": 1, "阶段性": 1, "笃信": 1, "青睐": 1, "受益": 1, "良多": 1, "诚恳": 1, "提请": 1, "保存": 1, "收藏": 1, "分享": 1, "转发": 1, "交流": 1, "留言": 1}