{"安卓": 16, "华为": 242, "手机": 87, "随时": 1, "启用": 1, "鸿蒙": 65, "OS": 42, "消费者": 19, "业务": 32, "CEO": 3, "余承东": 15, "全球": 23, "开发者": 71, "大会": 21, "媒体": 2, "说道": 1, "发布": 21, "2012": 3, "实验室": 3, "2012年": 1, "规划": 4, "操作": 35, "系统": 65, "充满": 4, "悲情": 1, "味道": 1, "外界": 1, "视为": 1, "应对": 2, "美国": 9, "禁用": 1, "备胎": 9, "不仅仅": 1, "负责": 2, "中央": 2, "软件部": 5, "、": 179, "现任": 1, "软件": 8, "总裁": 5, "王成录": 4, "一度": 1, "不悦": 2, "：": 34, "超过": 11, "东西": 4, "替代": 3, "现有": 5, "面向": 5, "未来": 25, "趋势": 2, "打通": 6, "PC": 9, "电视": 3, "车机": 16, "手表": 8, "智能": 45, "音箱": 4, "VR": 6, "眼镜": 3, "终端": 27, "平板": 6, "自然": 4, "名单": 1, "打造": 3, "一个": 26, "5G": 34, "时代": 16, "软硬件": 3, "闭环": 2, "超级": 2, "生态": 34, "建立": 6, "绝不": 1, "一朝一夕": 1, "自家史": 1, "上规模": 1, "意图": 1, "所在": 1, "5月": 4, "16日": 2, "美国商务部": 1, "子公司": 1, "列入": 1, "实体": 4, "清单": 4, "意味着": 5, "供应": 2, "商处": 1, "芯片": 11, "关键": 1, "零部件": 8, "坏": 1, "消息": 4, "随后": 2, "外媒": 2, "报道": 2, "称": 16, "谷歌": 18, "暂停": 1, "往来": 1, "停止": 2, "服务": 28, "技术": 9, "支持": 13, "传闻": 1, "微软": 6, "Windows": 2, "人心惶惶": 1, "第二": 5, "厂商": 2, "一半": 1, "销量": 6, "海外": 11, "市场": 38, "搭载": 9, "亿": 3, "台": 4, "腰斩": 1, "创始人": 2, "任正非": 3, "6月": 3, "采访": 4, "坦承": 2, "事件": 4, "下滑": 1, "40%": 2, "预计": 5, "3亿": 1, "制裁": 4, "影响": 4, "只能": 3, "2.4亿": 1, "大概率": 3, "份额": 4, "第一": 5, "断供": 2, "早": 2, "3月": 4, "加拿大": 1, "扣押": 1, "副董事长": 1, "首席": 2, "财务官": 1, "孟晚舟": 1, "关系": 4, "紧张": 1, "放出": 1, "电脑": 1, "开发": 32, "以防": 1, "科技": 14, "巨头": 6, "不再": 2, "授权": 1, "B": 1, "计划": 11, "近日": 1, "中国": 8, "注册": 3, "商标": 1, "；": 16, "临时": 2, "颁发": 1, "90": 1, "许可": 1, "用户": 22, "安抚": 1, "透露": 7, "恢复": 2, "80%": 2, "区域": 7, "水平": 1, "此次": 2, "并未": 2, "放弃": 1, "解释": 2, "开放": 11, "首选": 2, "实际上": 5, "早熟": 1, "据悉": 3, "明年": 3, "春天": 1, "危机": 1, "近期": 4, "大规模": 2, "调集": 1, "5000": 1, "团队": 4, "短期": 4, "内": 7, "完善": 4, "内部": 3, "人士": 4, "很": 12, "仓促": 1, "荣耀": 7, "智慧": 11, "屏": 2, "产品": 11, "发布会": 1, "PPT": 1, "材料": 3, "都": 24, "连夜": 1, "赵明": 2, "智慧屏": 7, "正好": 2, "赶上": 1, "时间点": 1, "因素": 2, "交汇": 1, "机遇": 5, "情况": 2, "丰富度": 1, "成熟": 3, "预留": 1, "时间": 11, "背后": 2, "IoT": 15, "野心": 3, "角色": 2, "试图": 1, "此前": 4, "有人": 1, "太": 2, "棒": 1, "王": 3, "成录": 3, "事情": 5, "直指": 1, "苹果": 16, "指出": 2, "代码": 8, "1亿": 1, "2000万": 2, "Linux": 2, "内核": 2, "8%": 1, "核心": 9, "频繁": 1, "调用": 3, "/": 6, "庞大": 2, "冗余": 2, "难以": 3, "保证": 3, "体验": 18, "流畅": 2, "之下": 2, "致力于": 1, "发展": 11, "针对": 4, "Chrome": 1, "Wear": 1, "tvOS": 1, "iPadOS": 1, "架构": 3, "分裂": 1, "封闭": 1, "协同": 4, "自有": 1, "曝光": 1, "微内": 1, "核": 1, "设计": 18, "设备": 18, "Fuchsia": 2, "是非": 1, "分布式": 4, "性能": 4, "差": 2, "对标": 1, "采用": 6, "微内核": 4, "单体": 3, "硬件": 15, "模块": 6, "解耦": 1, "驱动": 2, "形式": 2, "描述": 1, "软总线": 1, "弹性": 1, "部署": 7, "多端": 2, "这是": 3, "特征": 1, "方向": 8, "远远": 1, "超": 5, "单个": 1, "物理": 2, "简单": 8, "连接": 12, "带来": 11, "可能性": 1, "公布": 2, "演进": 2, "路径": 1, "2020年": 4, "推出": 10, "OS2.0": 2, "创新": 12, "国产": 4, "手环": 14, "2021年": 1, "OS3.0": 1, "应用于": 1, "耳环": 1, "2022年": 2, "届时": 3, "覆盖": 2, "1+8+N": 2, "场景": 12, "8": 4, "品类": 2, "毫无疑问": 3, "推进": 2, "合作": 10, "伙伴": 7, "N": 2, "营收": 2, "占比": 2, "50%": 2, "收入": 13, "来源": 7, "支撑": 3, "找到": 4, "支撑点": 1, "到来": 1, "众多": 5, "即将": 3, "迎来": 4, "爆发": 2, "背景": 5, "抓住": 1, "对手": 3, "瞄准": 1, "机会": 6, "+": 15, "海思": 2, "布下": 1, "生态圈": 2, "目标": 1, "三分之一": 1, "待解": 1, "难题": 2, "(": 6, "亚洲": 1, ")": 6, "互联网": 4, "工程院": 1, "副院长": 1, "竹间": 1, "兼": 1, "简仁贤": 1, "评价": 2, "件": 3, "做错": 2, "‘": 2, "弯道": 1, "超车": 1, "’": 2, "mistake": 1, "correct": 1, "全世界": 1, "五大": 1, "市值": 2, "公司": 15, "三": 6, "具备": 4, "门票": 1, "易事": 1, "攀登": 1, "珠穆朗玛峰": 1, "走上": 1, "条": 4, "路": 1, "不得不": 1, "走": 3, "花费": 1, "数十": 1, "才": 4, "培育": 3, "繁荣": 2, "称霸": 1, "Phone": 1, "遭遇": 1, "惨败": 1, "未能": 1, "无缝": 4, "初步": 2, "涉足": 1, "国内": 12, "阿里": 1, "YunOS": 1, "打压": 1, "2017年": 2, "更名": 1, "AliOS": 1, "重点": 5, "转向": 1, "以此": 1, "包括": 6, "视频": 4, "平台": 12, "音乐": 4, "嵌入式": 1, "方式": 5, "总体": 2, "数量": 5, "处于": 10, "起步": 1, "阶段": 3, "会上": 1, "兼容": 2, "安装": 1, "调试": 2, "适配": 8, "大屏": 2, "180万": 1, "91万": 1, "拥有": 4, "足够": 2, "夜": 1, "之间": 10, "升级": 6, "乐观": 2, "表态": 1, "张平安": 4, "谨慎": 1, "坦言": 1, "建设": 4, "一蹴而就": 1, "举例": 2, "方舟": 1, "编译器": 1, "TOP40": 1, "希望": 5, "TOP2000": 1, "工作量": 2, "吸引": 4, "无疑": 1, "接下来": 2, "加大": 2, "扶持": 1, "力度": 2, "11月": 2, "耀星": 3, "投入": 4, "10亿": 3, "元": 26, "去年": 1, "2亿": 1, "补贴": 1, "构建": 5, "现场": 3, "观望": 1, "态度": 2, "接受": 2, "美元": 10, "扩展": 1, "8亿": 3, "用于": 2, "一部分": 3, "经费": 1, "推广金": 1, "设立": 1, "中心": 5, "激励": 2, "70%": 3, "100%": 1, "比例": 6, "返还": 1, "教育": 1, "领域": 14, "尝试": 2, "杀手锏": 3, "开源": 6, "基金会": 2, "成立": 2, "社区": 2, "参与": 1, "公益化": 1, "非盈利": 1, "一两": 1, "正式": 5, "运营": 4, "战略": 7, "官邵洋": 1, "麒麟": 2, "汇聚": 3, "芯片商": 1, "坚定": 1, "唯一": 2, "拥有者": 2, "组织": 3, "所有人": 1, "有意思": 1, "当天": 1, "50": 3, "岁": 1, "生日": 2, "员工": 3, "蛋糕": 1, "写道": 2, "鸿源": 1, "初辟": 1, "蒙地": 1, "始开": 1, "承星履草": 1, "东方": 2, "白": 1, "年过半百": 1, "思考": 1, "退休": 1, "干": 1, "挑战": 3, "10年": 1, "20年": 1, "里程碑": 1, "意义": 1, "新浪": 1, "8月": 7, "12日": 1, "Wind": 1, "概念": 3, "指数": 7, "上涨": 4, "4.26%": 1, "涨幅": 6, "行业": 11, "位居": 1, "前列": 1, "年初": 1, "至今": 1, "25.47%": 1, "盘面": 1, "概念股": 3, "歌尔": 8, "股份": 8, "002241": 2, "宏达": 2, "电子": 17, "300726": 1, "激智": 1, "300566": 1, "中石": 1, "300684": 1, "生益": 6, "600183": 2, "顺络": 1, "002138": 1, "泰晶": 1, "603738": 1, "报收": 1, "涨停": 6, "华星": 1, "创业": 1, "300025": 1, "信维": 1, "通信": 7, "300136": 1, "9%": 1, "9日": 5, "2019": 4, "东莞": 2, "自研": 2, "基于": 10, "全场": 2, "景分": 1, "布式OS": 1, "天风": 1, "证券": 20, "Wintel": 1, "纵深": 1, "底层": 3, "根基": 1, "堡垒": 1, "更为": 2, "坚固": 1, "成长": 2, "韧性": 2, "线条": 1, "受益": 5, "盈利": 9, "能力": 24, "持续": 8, "增强": 2, "产业链": 11, "稳定": 2, "信心": 2, "观点": 2, "并非": 3, "单纯": 1, "万物": 1, "互联": 10, "生活": 4, "赋能": 2, "IOT": 2, "物联网": 5, "工业": 5, "华泰": 1, "股票": 1, "策略": 7, "分析师": 4, "张馨元": 1, "雏形": 1, "有望": 9, "提速": 1, "家居": 2, "工厂": 5, "系列": 14, "新品": 1, "投资": 6, "进一步": 7, "延伸": 2, "下游": 1, "消费": 4, "基础": 7, "半导体": 1, "传感器": 3, "率先": 1, "增加": 3, "数据": 12, "算法": 2, "蓬勃": 1, "网络": 13, "大数据": 1, "云计算": 3, "申万": 2, "宏源": 2, "朱型檑": 3, "云+端": 1, "强大": 5, "合力": 1, "优质": 2, "分析": 3, "云侧": 1, "端测": 1, "昇腾": 2, "鲲鹏": 1, "算力": 2, "叠加": 1, "高效": 7, "灵活": 1, "执行": 1, "价值": 4, "值得": 1, "关注": 5, "问世": 2, "华金": 1, "看好": 2, "实力": 2, "基础理论": 1, "→": 3, "标准": 3, "端": 3, "打开": 5, "空间": 6, "信息": 4, "产业": 7, "带入": 1, "新时代": 2, "机构": 3, "龙头": 4, "引领": 3, "重视": 1, "国产化": 1, "上半年": 5, "拐点": 1, "加速": 4, "商用": 3, "想象": 1, "车联网": 7, "相关": 3, "转移": 2, "进程": 3, "化率": 1, "不可避免": 1, "提升": 4, "企业": 8, "三大": 5, "催化": 2, "作用": 5, "标的": 3, "安信": 4, "计算机": 2, "胡": 1, "文": 2, "遵循": 1, "思路": 1, "触达": 2, "局限": 1, "类型": 2, "空前": 1, "崛起": 1, "汽车": 41, "AR/VR": 1, "1": 5, "围绕": 5, "2C": 1, "2B": 2, "快速": 9, "中信": 4, "建投": 1, "研报": 2, "给出": 1, "主线": 3, "国产化率": 1, "云端": 10, "PC端": 1, "重塑": 1, "细分": 1, "城市": 2, "成熟度": 1, "板块": 2, "推动": 1, "痛点": 2, "在于": 2, "之二": 1, "Knowhow": 2, "切片": 1, "推广": 1, "迎刃而解": 1, "设施": 3, "供应商": 10, "搭建": 1, "友好": 1, "特性": 1, "利于": 1, "垂直": 1, "客户": 2, "积累": 1, "经验": 4, "综合": 1, "券商": 6, "上市": 3, "公告": 1, "澎湃": 1, "新闻": 1, "记者": 3, "列出": 1, "3": 4, "标的股": 1, "供": 1, "投资者": 3, "参考": 1, "建议": 1, "一家": 4, "声学": 3, "光电": 7, "3D": 1, "封装": 1, "模组": 1, "精密": 2, "零组件": 2, "虚拟": 4, "现实": 1, "穿戴": 1, "研发": 4, "制造": 2, "高端": 4, "器件": 1, "供货商": 1, "提供": 21, "一季报": 1, "显示": 5, "报告期": 1, "归属于": 2, "母公司": 1, "所有者": 1, "净利润": 3, "2.03亿": 1, "上年": 2, "同期": 2, "增": 2, "10.56%": 1, "营业": 3, "57.05亿": 1, "41.02%": 1, "国盛": 1, "紧紧": 1, "把握": 1, "无线": 3, "耳机": 3, "发挥": 1, "传统": 3, "既有": 1, "竞争": 2, "优势": 2, "声光电": 1, "整体": 3, "解决": 7, "方案": 10, "领先": 1, "地位": 1, "中航": 6, "002179": 1, "生产": 7, "中高端": 1, "连接器": 3, "集成": 3, "元器件": 1, "2018年": 1, "7日": 1, "金牌": 2, "称号": 1, "线缆": 1, "物料": 1, "荣誉": 1, "厂家": 1, "东兴": 1, "受益于": 2, "高速": 1, "背板": 1, "采购额": 1, "2019年": 8, "一季度": 2, "21.56亿": 1, "同比": 6, "增长": 11, "45.95%": 1, "归母": 1, "2.33亿": 1, "39.14%": 1, "覆": 1, "铜板": 1, "半固化片": 1, "绝缘层": 1, "压板": 1, "金属": 1, "基覆": 1, "铜箔板": 1, "多年": 1, "商奖": 1, "PCB": 2, "印刷": 1, "线路板": 1, "半年报": 1, "59.73亿": 1, "2.85%": 1, "股东": 1, "6.29亿": 1, "18.02%": 1, "招商": 1, "业绩": 4, "驱动力": 1, "FCCL增利": 1, "成本": 2, "压缩": 1, "优化": 3, "管理": 6, "效率": 1, "望超": 1, "预期": 8, "产能": 1, "释放": 3, "中长期": 1, "市占率": 1, "提高": 1, "布局": 5, "估值": 1, "下半年": 5, "异常": 1, "热闹": 1, "尤其是": 2, "9月份": 1, "月份": 1, "机型": 3, "日期": 1, "很多": 4, "数码": 1, "爱好者": 1, "款": 12, "旗舰": 5, "来袭": 1, "三星": 3, "note10": 1, "重头戏": 1, "小米": 6, "MIX4": 3, "mate30": 5, "备受": 1, "热议": 1, "预料": 1, "表现": 3, "逊色": 1, "成文": 1, "规律": 1, "老旗舰": 1, "波": 1, "降价": 2, "风暴": 1, "9": 3, "P30": 16, "程度": 2, "出于": 1, "多多少少": 1, "降幅": 3, "本期": 1, "小编": 1, "带": 2, "3月底": 1, "26号": 1, "该机": 1, "3月份": 1, "标配版": 1, "8+64GB": 1, "版本": 9, "定价": 2, "算": 1, "低": 4, "3988": 2, "价格": 6, "得益于": 1, "品牌": 7, "效应": 2, "后续": 2, "销售": 5, "过程": 5, "出货量": 1, "可观": 1, "上个月": 1, "6": 1, "128GB": 1, "多久": 1, "近300": 1, "下调": 2, "3688": 1, "6.1": 1, "英寸": 1, "水滴屏": 1, "玻璃": 1, "机身": 1, "不错": 3, "手感": 1, "渐变": 1, "色": 1, "较为": 1, "观感": 1, "颜值": 1, "麒麟980": 1, "处理器": 1, "前置": 1, "相机": 1, "3200万": 1, "摄": 2, "后置": 1, "4000万": 1, "1600万": 1, "800万三": 1, "拍照": 1, "可圈可点": 1, "续航": 2, "一块": 1, "3650": 1, "毫安": 1, "容量": 1, "电池": 1, "相比": 1, "升级版": 1, "P30Pro": 1, "略": 1, "欠缺": 1, "略微": 1, "新机": 1, "让路": 1, "清理": 1, "库存": 1, "调整": 2, "不至于": 1, "过于": 1, "尴尬": 1, "旗舰机": 1, "评论区": 1, "留言": 1, "讨论": 2, "开启": 3, "为期": 1, "活动": 3, "600": 1, "名": 3, "专家": 1, "6000": 1, "聚集": 1, "松山湖": 1, "Rethink": 1, "Possibilities": 1, "本次": 3, "期间": 4, "精彩": 1, "亮相": 4, "高度": 3, "华为云": 2, "BG": 3, "联合": 1, "程序员": 1, "神器": 1, "一站式": 6, "APP": 5, "Gallery": 1, "Connect,二": 1, "展厅": 2, "强力": 1, "吸睛": 1, "AI": 15, "云ModelArts": 2, "不少": 2, "会心": 1, "感受": 7, "本届": 1, "能量": 1, "精心": 1, "想": 3, "传递": 1, "心声:5G": 1, "!": 8, "选择": 8, "配": 1, "噢": 1, "交流": 3, "仅仅": 3, "停留": 1, "快": 4, "笔者": 1, "参加": 1, "刷新": 2, "认知": 1, "不妨": 1, "通俗": 1, "易懂": 1, "例子": 1, "出行": 3, "体力": 1, "被迫": 1, "自给自足": 1, ";": 4, "火车": 1, "人类": 1, "足迹": 1, "急速": 1, "扩张": 2, "物资": 1, "互换": 1, "全新": 6, "商业": 1, "模式": 7, "如今": 2, "乘坐": 1, "飞机": 1, "经济": 2, "这一切": 1, "交通": 3, "工具": 5, "变快": 1, "颠覆": 1, "4G": 2, "计算力": 2, "限于": 1, "接入": 5, "速率": 1, "制约": 1, "带宽": 1, "瓶颈": 1, "促使": 1, "侧": 3, "客户端": 2, "服务端": 1, "边界": 1, "模糊": 1, "言,5G": 1, "改变": 2, "人员": 2, "移动端": 1, "玩": 2, "AR": 1, "线材": 2, "长度": 1, "碍手碍脚": 1, "长": 1, "佩戴": 4, "眩晕感": 1, "计算": 9, "传到": 1, "类似": 1, "AI+云": 4, "发生": 2, "变化": 4, "流量": 1, "入口": 3, "传输": 2, "速度": 1, "给力": 1, "轻易": 1, "如此一来": 1, "屏幕": 4, "游戏": 4, "大型": 1, "下载": 2, "才能": 1, "渲染": 2, "URL": 1, "界面": 2, "逻辑": 3, "相通": 1, "云平台": 1, "通用": 2, "组件": 1, "降低": 1, "变革": 1, "工欲善其事": 1, "必先利其器": 1, "杀手级": 1, "利器": 1, "端云": 2, "AppGallery": 2, "Connect": 8, "流程": 1, "服务华": 1, "生命": 2, "周期": 5, "简称": 1, "AG": 6, "42": 1, "183": 1, "国家": 1, "地区": 1, "共有": 1, "60万": 1, "概括": 1, "分发": 2, "助力": 1, "惊喜": 1, "单点": 1, "登录": 2, "帐号": 1, "权限": 1, "计费": 1, "体系": 1, "换而言之": 1, "账号": 1, "享受": 2, "项目": 1, "协作": 2, "托管": 1, "检查": 1, "接口": 2, "测试": 4, "审核": 2, "值得一提的是": 2, "兼容性": 1, "鲲鹏云": 2, "13": 1, "Cloud": 1, "Native云": 1, "迭代": 1, "实在": 1, "只有想不到": 1, "没有做不到": 1, "云上": 1, "仿真": 1, "模拟": 1, "真实": 1, "环境": 1, "批量": 4, "利用": 3, "云VR": 1, "头显": 1, "无绳": 1, "内容": 2, "法宝": 1, "Link-Turbo": 1, "无需": 2, "担心": 1, "时延": 2, "卡顿": 1, "云视": 1, "频AI": 1, "特效": 3, "幻化": 1, "出提": 1, "炫酷": 1, "特技": 1, "超高性": 1, "价比": 1, "点赞": 1, "手软": 1, "大BOSS": 1, "个性化": 2, "独家": 1, "制胜": 1, "武器": 1, "稳": 2, "实时": 3, "推荐": 1, "海量": 1, "精细": 1, "画像": 1, "精准": 1, "识别": 10, "匹配": 1, "……": 1, "简而言之": 1, "一句话": 2, "IaaS/PaaS": 1, "竞争力": 1, "DevOps": 2, "对接": 1, "开创": 1, "顺畅": 1, "ModelArts": 6, "云一站式": 1, "魅力源": 1, "创建": 1, "模型": 6, "赋予": 1, "特定": 2, "通用型": 1, "针对性": 1, "贴近": 1, "需求": 2, "感": 2, "兴趣": 2, "开发者们": 2, "线": 1, "EI": 1, "体验馆": 1, "动手": 1, "图像": 2, "人脸": 1, "文字": 1, "语音": 1, "搜索": 1, "触摸": 1, "人工": 2, "众所周知": 1, "延时": 1, "文本": 1, "广告": 1, "检测": 1, "名人": 1, "噪音": 1, "车标": 1, "手势": 1, "热门": 1, "资深": 1, "资源": 5, "第三方": 3, "API": 2, "丰富多彩": 1, "自动": 9, "学习": 4, "15": 1, "分钟": 1, "轻松": 1, "参展": 1, "浏览器": 1, "上传": 1, "图片": 1, "孙悟空": 1, "猪": 1, "八": 1, "戒": 1, "标注": 1, "生成": 1, "定制": 2, "自定义": 1, "一气呵成": 1, "悄悄": 1, "走近": 1, "起航": 1, "世界": 2, "闯": 1, "一番": 1, "新天地": 1, "请": 1, "9月": 2, "18-20日": 1, "上海": 2, "世博": 2, "展览馆": 1, "|": 1, "场": 3, "年度": 1, "峰会": 1, "联接": 1, "服务器": 1, "盛宴": 1, "不容": 1, "错过": 2, "文/51CTO": 1, "周雪": 1, "日报网": 1, "获悉": 1, "4013亿": 1, "人民币": 3, "23.2%": 1, "净": 1, "利润率": 1, "8.7%": 1, "董事长": 3, "梁华": 2, "运作": 2, "平稳": 2, "各项": 1, "财务": 1, "指标": 1, "稳健": 1, "经营": 1, "运营商": 1, "1465亿": 1, "IT": 1, "发货": 2, "合同": 1, "累计": 1, "15万": 1, "基站": 1, "316亿": 1, "强化": 1, "园区": 1, "ICT": 6, "政府": 2, "公共": 1, "事业": 1, "金融": 3, "能源": 2, "信任": 1, "2208亿": 1, "发货量": 2, "含": 1, "1.18亿": 1, "24%": 1, "可穿戴": 1, "健康": 1, "景": 1, "初具规模": 1, "80万": 1, "5亿": 1, "五月份": 1, "惯性": 1, "面临": 1, "困难": 3, "依然": 3, "暂时": 1, "节奏": 1, "1200亿": 1, "克服": 1, "时期": 1, "人民": 1, "日报": 1, "基金报": 1, "A股": 13, "涨": 7, "！": 2, "截至": 3, "收盘": 6, "沪指": 2, "收涨": 2, "1.45%": 3, "重返": 1, "2800": 2, "创业板": 2, "指涨": 1, "2.14%": 1, "均": 2, "创": 4, "逾": 2, "今日": 2, "总市值": 2, "58.08万亿": 2, "交易日": 2, "暴增": 3, "9200万亿": 1, "白酒股": 2, "大涨": 2, "2.48%": 2, "茅台": 6, "再次": 4, "站上": 2, "1000": 2, "关口": 1, "链午": 1, "全线": 2, "个股": 7, "9成": 2, "飘": 1, "红": 1, "市": 1, "午后": 3, "稳步": 1, "走高": 2, "上证": 1, "7月": 1, "2日": 1, "深证": 1, "成指": 1, "指均": 1, "发力": 2, "2%": 1, "上证50": 1, "1.9%": 1, "万亿": 2, "普涨": 1, "3197": 1, "56": 1, "57.1万亿": 1, "9175亿": 1, "9200亿": 1, "破": 1, "千": 1, "涨势": 1, "股": 1, "贵州": 4, "暴涨": 1, "6%": 2, "早盘": 1, "高开": 1, "5%": 1, "股价": 2, "大关": 1, "日内": 1, "高点": 1, "5.88%": 1, "报": 1, "1018.63": 1, "1个多": 1, "新高": 1, "代表": 1, "科技股": 1, "走强": 1, "融": 2, "利好": 1, "华创": 1, "阳安": 1, "华林": 1, "涨超": 1, "财富": 1, "银河": 1, "4%": 1, "扩容": 1, "不无": 1, "证监会": 1, "指导": 2, "沪深": 1, "交易所": 2, "修订": 1, "融资": 3, "融券": 3, "交易": 2, "实施": 2, "细则": 1, "出台": 1, "机制": 1, "作出": 1, "大幅度": 1, "取消": 1, "最低": 1, "130%": 1, "担保": 2, "公式": 1, "集体": 2, "看多": 1, "最佳": 6, "配置": 4, "期券商": 1, "底部": 8, "配置期": 3, "做多": 2, "窗口": 2, "提前": 2, "关闭": 2, "风险": 3, "政策": 4, "分歧": 1, "流动性": 3, "接近": 1, "夯实": 1, "耐心": 1, "等待": 1, "基本面": 1, "宜": 1, "调仓": 2, "不宜": 1, "减仓": 1, "结构性": 1, "增量": 4, "资金": 1, "流入": 1, "资产": 1, "底仓": 1, "四": 1, "住宅": 1, "竣工": 1, "复苏": 1, "介入": 1, "贬值": 1, "品种": 1, "广发": 3, "本轮": 2, "供给": 2, "改革": 1, "劣币": 1, "驱逐": 1, "良币": 1, "一去不复返": 1, "绩优绩劣": 1, "分化": 1, "加剧": 1, "历史": 3, "跑赢": 1, "迟": 1, "三季度": 1, "中期": 3, "偏好": 2, "大幅": 1, "增速": 1, "下行": 2, "压力": 2, "减小": 1, "广谱": 1, "利率": 1, "改善": 2, "历次": 1, "轮动": 1, "确定性": 1, "景气": 1, "上行": 1, "超额": 1, "收益": 1, "三者": 1, "强弱": 1, "当轮": 1, "回升": 1, "幅度": 2, "刺激": 1, "逢": 1, "外部": 1, "震荡": 2, "消化": 1, "低位": 1, "宽裕": 1, "地产": 1, "调控": 1, "基调": 1, "打破": 1, "刚": 1, "兑": 1, "有利于": 1, "资本": 1, "走出": 1, "悲观": 1, "情绪": 1, "经历": 1, "筑底": 1, "轮": 1, "行情": 1, "湿兄": 1, "Felix": 1, "造车": 2, "帮车": 1, "企造": 1, "车": 12, "周五": 1, "HarmonyOS": 1, "终于": 1, "揭开": 1, "面纱": 1, "任意": 1, "版图": 1, "提出": 2, "指": 2, "主入口": 1, "不止": 3, "加持": 1, "沃尔沃": 3, "吃": 1, "螃蟹": 1, "27日": 1, "签发": 1, "变动": 1, "文件": 2, "批准": 1, "BU": 1, "隶属": 1, "委员会": 1, "聚焦": 1, "部件": 3, "造好": 1, "4月": 1, "国际": 3, "车展": 1, "首次": 1, "世界级": 1, "Tier1": 2, "一级": 1, "身份": 1, "登上": 1, "展台": 1, "——": 4, "车载": 7, "HiCar": 17, "博士": 2, "主题": 3, "演讲": 2, "介绍": 3, "超强": 1, "层": 1, "互助": 2, "资源池": 1, "人机": 1, "交互": 1, "优": 3, "N端": 1, "互通": 1, "无感": 4, "&": 1, "流转": 2, "HUAWEIHiCar": 1, "创造": 1, "确保": 1, "车辆": 3, "使用者": 2, "在家": 1, "场所": 1, "融合": 1, "感觉": 2, "共享": 3, "车外": 1, "导航": 2, "车上": 1, "摄像头": 2, "家人": 1, "分享": 2, "沿途": 1, "风景": 1, "查看": 1, "状态": 1, "空调": 1, "解锁": 1, "车门": 1, "...": 1, "HiCarKit": 1, "Kit": 1, "HUAWEI": 4, "SDK": 3, "主机厂": 2, "演示": 1, "达成": 1, "下一代": 2, "引入": 4, "30多": 1, "车厂": 2, "120多": 1, "车型": 3, "重要性": 1, "轮值": 2, "徐直军": 2, "类比": 1, "牛逼": 1, "阻击": 1, "掐住": 1, "区别": 1, "类似于": 1, "HiCar类": 1, "似于": 1, "CarPlay": 7, "从业者": 1, "邦哥": 1, "主导": 1, "独立": 3, "单独": 2, "复制": 1, "统一": 3, "2014年": 1, "映射": 2, "Android": 3, "Auto": 2, "彼时": 1, "目的": 1, "可控": 1, "原因": 1, "办法": 1, "落地": 2, "主流": 1, "新增": 1, "功能": 5, "75%": 1, "投屏": 2, "至多": 1, "只不过": 1, "音响": 1, "麦克风": 2, "展示": 1, "止步": 1, "植入": 1, "车辆端": 1, "即可": 1, "获取": 1, "通道": 1, "延展": 1, "提到": 2, "细节": 6, "本身": 1, "驾驶": 4, "自动化": 1, "精确": 1, "控制": 2, "5": 1, "毫秒": 3, "亚毫": 1, "秒级": 1, "运行": 3, "感知": 3, "决策": 2, "定位": 2, "消耗": 2, "可靠性": 1, "程序": 1, "传感": 1, "工作": 1, "规格": 1, "语言": 2, "配合": 1, "测试车": 1, "应运而生": 1, "上线": 1, "框架": 2, "高性能": 1, "图形栈": 1, "编译": 1, "IDE": 1, "规级": 1, "2.0": 1, "进军": 1, "切入点": 1, "杀入": 2, "千亿": 1, "网联": 1, "MDC": 1, "驾驶子": 1, "驾驶云": 1, "Octopus4G": 1, "T-BOX": 1, "规模": 6, "乘用": 2, "车年": 2, "切入": 1, "正是": 1, "标博世": 1, "大陆": 2, "销售额": 1, "销售量": 1, "百万": 1, "辆": 1, "数千亿": 1, "量级": 2, "预测": 1, "2285亿": 1, "占": 2, "垄断": 2, "Top": 1, "10": 16, "博世": 2, "主导性": 1, "壁垒": 1, "数百亿": 1, "来年": 1, "500亿": 1, "美金": 1, "博世比肩": 1, "写": 1, "站": 1, "面前": 1, "老相识": 1, "敌人": 1, "远": 1, "篇": 1, "刷屏": 1, "文章": 1, "莽莽昆仑": 1, "驭": 1, "神兽": 1, "自立": 1, "民族之林": 1, "中国人": 1, "样子": 1, "长海": 1, "本文": 1, "亦": 1, "贡献": 1, "本报": 1, "驻": 1, "巴西": 22, "特派": 1, "李": 1, "晓骁": 1, "圣保罗州": 3, "州长": 1, "若昂·多利亚": 1, "最新": 1, "年内": 1, "圣保罗": 2, "兴建": 1, "座": 1, "确认": 2, "环球报": 2, "10日": 3, "多利亚": 1, "上周五": 1, "访华": 1, "加紧": 1, "财政": 1, "这笔": 1, "21年": 1, "电信": 1, "2000": 1, "加快": 1, "频谱": 1, "拍卖": 1, "业内": 2, "有意": 1, "厂": 1, "南美": 2, "2015年": 1, "撤出": 1, "重启": 1, "当地": 1, "聘请": 1, "成绩": 1, "理想": 1, "统计": 1, "排名": 1, "第三": 1, "韩国": 1, "依次": 1, "摩托罗拉": 1, "LG": 2, "进口": 1, "征税": 1, "重税": 1, "生产商": 1, "设厂": 2, "第四": 1, "TCL": 1, "试水": 1, "爱立信": 1, "诺基亚": 1, "争相": 1, "总统": 1, "博索纳": 1, "罗访": 1, "美": 4, "特朗普": 1, "博索纳罗": 1, "副总统": 1, "莫朗": 1, "面对": 1, "排除": 1, "该国": 1, "▲": 1, "忽视": 1, "年轻人": 2, "学生": 4, "党": 2, "喜爱": 1, "偏": 1, "重风": 1, "动辄": 1, "上千": 1, "负担": 1, "过重": 1, "青睐": 1, "量身定制": 1, "名字": 1, "4e": 5, "篮球": 6, "精灵": 7, "以往": 1, "固有": 1, "黑色": 2, "表带": 3, "表盘": 1, "纤维": 2, "编织": 1, "腕带": 1, "布艺": 1, "朴素": 1, "精致感": 1, "改": 1, "硅胶": 1, "沉闷": 1, "颜色": 6, "十足": 1, "活力": 1, "难怪": 1, "动感": 2, "外形": 1, "可不": 2, "再生": 1, "材质": 1, "环保": 1, "舒适": 2, "大部分": 1, "大同小异": 1, "无非": 1, "记录": 4, "心率": 1, "睡眠": 1, "监测": 2, "例外": 1, "细腻": 1, "运动": 6, "时常": 1, "距离": 1, "卡路里": 1, "跃起": 1, "动作": 2, "腾空": 1, "准确": 2, "手腕": 1, "鞋子": 1, "脚": 1, "跑步": 1, "七": 1, "项": 2, "6轴": 1, "人体": 1, "触地": 1, "外翻": 1, "全程": 1, "完整": 1, "准确率": 1, "高达": 1, "97%": 1, "伴侣": 1, "14": 1, "米": 1, "防水": 1, "无惧": 2, "汗水": 1, "雨水": 1, "水边": 1, "粗枝大叶": 1, "实用": 1, "忘": 1, "点手": 1, "环上": 1, "寻找": 1, "22日": 1, "预售": 1, "29日": 1, "开售": 1, "百元档": 1, "适合": 1, "喜欢": 1, "走过": 1, "路过": 1, "下午": 1, "EMUI": 23, "首发": 2, "第8": 1, "更迭": 1, "突破": 1, "界限": 1, "放入": 1, "池供": 1, "互为": 1, "外设": 1, "如同": 2, "10分": 1, "布式": 1, "UI": 2, "编程": 1, "能力化": 1, "EMUI10": 7, "日常": 1, "接触": 1, "最多": 1, "UX": 3, "详细": 1, "提及": 1, "安排": 1, "专访": 1, "副总裁": 1, "设计部": 1, "部长": 1, "毛玉敏": 5, "理念": 5, "毛": 5, "玉敏": 5, "来讲": 4, "3.0": 1, "点线圈": 1, "5.0": 2, "清爽": 1, "简洁": 1, "惬意": 1, "9.0": 1, "质享": 1, "构想": 1, "时尚": 2, "优雅": 2, "三点": 1, "爱": 1, "10.0": 1, "初见": 1, "AOD": 1, "熄屏": 1, "时光": 1, "流逝": 1, "清晨": 1, "阳光": 2, "升起": 1, "字体": 1, "光面": 1, "呈现": 3, "天空": 2, "淡蓝色": 1, "中午": 1, "蔚蓝色": 1, "傍晚": 1, "霞光": 1, "橙色": 1, "晚上": 1, "夜空": 1, "亮起": 1, "霓虹": 1, "色彩": 4, "映入": 1, "深邃": 1, "迷人": 1, "杂志化": 2, "页面": 4, "标题": 1, "充足": 1, "留白": 1, "呼吸感": 1, "高亮": 1, "元素": 2, "点缀": 1, "找": 1, "平衡": 2, "阅读": 4, "习惯": 1, "单手": 3, "角度": 2, "中上部": 1, "下部": 1, "位置": 1, "操控": 2, "排版": 1, "色调": 1, "蓝": 1, "白调": 1, "继承": 1, "辅助色": 1, "精细化": 1, "考量": 1, "原则": 2, "面积": 1, "用色": 2, "高饱和度": 1, "大面积": 3, "填充": 1, "低饱": 1, "和度": 2, "好处": 1, "视觉": 1, "高级感": 2, "低饱和色": 1, "这次": 2, "莫兰迪色": 1, "莫兰迪": 2, "意大利": 1, "著名": 1, "画家": 1, "高级": 1, "灰": 1, "平和": 1, "细致": 1, "低调": 1, "品质感": 1, "搭": 1, "配色": 1, "高饱": 1, "风格": 2, "六": 1, "通讯录": 1, "备忘录": 1, "插画": 1, "图标": 6, "黄金": 2, "方法": 1, "打磨": 1, "收口": 1, "转角": 1, "来自于": 1, "圆": 1, "套": 1, "深色": 3, "功夫": 1, "反色": 1, "易读性": 1, "舒适性": 1, "一致性": 1, "无论是": 1, "本地": 1, "三方": 1, "谈及": 1, "动效": 4, "符合": 1, "心理": 1, "手": 1, "眼": 1, "仔细": 1, "最终": 1, "发现": 1, "时长": 1, "300-400": 1, "大位": 1, "效都": 1, "花": 1, "心思": 1, "设计师": 1, "Less": 1, "God": 1, "details": 1, "官方": 1, "Mate": 1, "8日": 1, "启动": 1, "Beta": 2, "尝鲜": 1, "抢先": 1, "版": 1, "Pro": 1, "深度": 1, "游民": 1, "星空": 1, "作者": 1, "朝晖": 1}