{"手机": 32, "中国": 21, "新闻": 3, "荣耀": 2, "V20": 1, "、": 98, "三星": 2, "A8s": 1, "新机": 1, "发布": 7, "12月份": 1, "迎来": 2, "轮": 2, "屏下": 1, "摄像头": 3, "高潮": 1, "接下来": 2, "华为": 171, "12月": 10, "17号": 1, "长沙": 50, "旗下": 2, "首款": 2, "极点": 3, "全面屏": 1, "——": 4, "nova": 6, "4": 7, "该机": 1, "TFBOYS": 1, "成员": 2, "易烊": 1, "千": 1, "玺": 1, "代言": 1, "主打": 1, "外观": 1, "设计": 2, "拍照": 2, "功能": 1, "此前": 1, "官方": 4, "消息": 11, "仅仅": 1, "采用": 3, "全新": 1, "屏": 3, "自拍": 2, "位于": 6, "左上角": 1, "下巴": 1, "宽度": 1, "窄": 1, "营造": 1, "惊艳": 1, "视觉": 1, "预计": 4, "屏占": 1, "超过": 1, "90%": 1, "配置": 5, "图源": 1, "网友": 2, "最新": 1, "晒出": 1, "图片": 2, "搭载": 3, "19.25：9": 1, "比例": 1, "6.4": 1, "英寸": 3, "分辨率": 1, "2310": 1, "×": 1, "1080": 1, "；": 9, "配备": 1, "麒麟": 2, "970": 1, "处理器": 3, "辅以": 1, "8GB": 1, "+": 8, "128GB": 1, "存储": 3, "组合": 1, "前置": 2, "2500万": 1, "像素": 4, "支持": 22, "AI微塑": 1, "美颜": 1, "高配版": 1, "后置": 3, "4800万": 1, "1600万": 2, "200万": 2, "三": 3, "摄": 2, "低配版": 1, "2000万": 1, "内置": 2, "3750": 1, "mAh": 1, "电池": 3, "9V/2A快充": 1, "网络": 8, "双卡双4G": 1, "VoLTE": 1, "价格": 3, "卖爆": 1, "节奏": 1, "美国": 59, "农村": 6, "小型": 5, "电信": 20, "企业": 81, "慌": 2, "全球": 19, "设备": 13, "市场": 11, "占比": 1, "份额": 1, "排名": 1, "首位": 1, "多国": 1, "最佳": 2, "伴侣": 1, "如今": 2, "西方": 1, "国家": 15, "封杀": 2, "：": 10, "被迫": 2, "取消": 1, "合作": 13, "请": 2, "政府": 19, "分手费": 1, "11日": 4, "彭博社": 1, "报道": 12, "代表": 2, "10万": 1, "用户": 2, "运营商": 9, "组织": 3, "无线": 3, "协会": 3, "RAW": 1, "7日": 1, "联邦": 1, "通讯": 4, "委员会": 1, "FCC": 4, "发出": 1, "书面": 1, "回应": 2, "调整": 2, "依赖": 3, "程度": 2, "提供": 7, "补助": 5, "4月": 3, "计划": 4, "为由": 1, "禁止": 5, "本国": 1, "电信商": 2, "类似": 2, "中兴": 9, "外国": 1, "寻求": 1, "国防": 4, "授权法": 4, "2019年": 3, "8月": 5, "机构": 1, "购买": 4, "产品": 11, "2020年": 2, "公司": 20, "采购": 2, "这次": 2, "公开": 1, "征集": 1, "施行": 1, "意见": 1, "应邀": 1, "回复": 1, "法律": 2, "影响": 4, "份": 1, "文件": 3, "并未": 2, "提及": 2, "金额": 1, "给出": 2, "数字": 1, "总部": 1, "阿拉巴马州": 1, "通讯商": 1, "Pine": 1, "Belt": 1, "更换": 2, "所需": 1, "费用": 1, "600万": 1, "1000万": 1, "美元": 6, "安装": 2, "额外": 1, "100万": 1, "300万": 1, "总计": 3, "700万": 1, "1300万": 2, "一家": 7, "蒙塔纳州": 1, "Sagebrush": 1, "开出": 1, "5700万": 1, "账单": 1, "内": 4, "25%": 1, "10年": 1, "时间": 2, "建议": 1, "召集": 1, "情况": 7, "后者": 1, "补偿": 1, "相关": 4, "条例": 1, "实施": 4, "观察者": 2, "网早": 1, "禁令": 3, "发生": 1, "担忧": 2, "譬如": 1, "拥有": 2, "7000": 1, "名": 4, "宾夕法尼亚州": 1, "LHTC": 2, "Broadband": 2, "东俄": 1, "勒冈": 1, "Eastern": 1, "Oregon": 1, "Telecom": 1, "都": 11, "客户": 5, "电视": 31, "团队": 1, "合影": 1, "Youtube": 1, "视频": 1, "尤其是": 1, "这家": 1, "项目": 11, "75%": 1, "铺设": 1, "选": 2, "供应商": 2, "正是": 5, "首席": 2, "执行官": 1, "凯尔": 1, "Jim": 1, "Kail": 1, "停": 1, "很": 1, "难": 1, "只求": 1, "上周": 2, "孟晚舟": 5, "事件": 5, "突发": 1, "英国": 1, "集团": 3, "排除": 1, "采供": 1, "清单": 2, "随后": 2, "称": 8, "日本": 4, "对此": 1, "国": 2, "作出": 4, "确认": 1, "日经": 1, "中文网": 1, "国内": 2, "唯一": 1, "软银": 3, "Soft": 1, "Bank": 1, "推出": 1, "每月": 1, "5980": 1, "日元": 1, "人民币": 1, "365": 1, "元": 8, "50G": 1, "流量": 1, "套餐": 1, "背后": 1, "支撑": 1, "基站": 1, "技术": 21, "民营": 19, "通信": 9, "加大": 7, "压力": 5, "投资": 1, "战略": 7, "最终": 4, "希望": 4, "美": 2, "业务": 17, "做出": 1, "抉择": 1, "无端": 1, "美媒": 1, "华尔街": 1, "日报": 4, "9日": 1, "发文": 1, "指出": 4, "去年": 1, "2017年": 2, "出口": 2, "半导体": 3, "584亿": 1, "光华": 1, "当年": 1, "买走": 1, "80亿": 1, "美国商": 1, "业": 1, "咨询": 1, "IBS": 1, "分析": 2, "新款": 1, "P20": 2, "Pro": 2, "7%": 1, "部件": 2, "进口自": 1, "2018": 2, "全年": 1, "进口": 1, "100亿": 1, "文章": 4, "写": 1, "介于": 1, "之间": 1, "相互": 1, "关系": 9, "美方": 1, "制裁": 6, "施压": 1, "英特尔": 1, "高通": 2, "博通": 1, "在内": 1, "硅谷": 1, "巨头们": 1, "生意": 1, "来源": 2, "网": 1, "▲": 2, "福布斯": 2, "杂志": 2, "官网": 2, "截图": 1, "10日": 1, "发表": 2, "篇": 2, "无耻": 1, "迫害": 3, "太": 1, "成功": 3, "摘编": 1, "众所周知": 1, "当局": 1, "加拿大": 2, "逮捕": 5, "财务官": 1, "听从": 1, "件": 4, "本身": 4, "害怕": 1, "经济学家": 1, "扎卡": 1, "卡拉贝尔": 1, "(": 6, "Zachary": 1, "Karabell": 1, ")": 6, "中国人": 1, "史蒂夫": 1, "乔布斯": 1, "女儿": 1, "管理": 8, "苹果": 2, "声称": 2, "违反": 2, "贸易": 15, "古巴": 2, "伊朗": 3, "苏丹": 2, "叙利亚": 2, "销售": 5, "含有": 1, "激起": 1, "政客": 3, "愤怒": 2, "政客们": 1, "经济学": 2, "理解": 3, "多么": 1, "狭隘": 1, "简单": 2, "中间商": 1, "交易": 2, "此事": 1, "先来": 1, "回看": 1, "世纪": 1, "70年代": 1, "阿拉伯": 3, "施加": 1, "石油": 3, "威慑力": 1, "历史": 1, "教科书": 1, "显示": 4, "停止": 1, "事实": 2, "仍旧": 1, "源源不断": 1, "流入": 1, "追溯": 1, "第一": 3, "世界": 3, "大战": 1, "德国": 3, "禁运": 1, "北欧": 1, "货物量": 1, "飙升": 1, "只不过": 1, "中介": 1, "案例": 1, "大致": 1, "管制": 1, "毫无": 1, "意义": 2, "政策": 4, "生产": 14, "刚才": 1, "提到": 5, "需求": 1, "意味着": 2, "事先": 1, "商品": 2, "目的地": 2, "第二": 5, "智能": 29, "制造商": 2, "领导者": 1, "记录": 1, "储藏": 1, "出于": 1, "上文": 1, "阐述": 1, "原因": 2, "鸡蛋里挑骨头": 1, "扣押": 1, "愚蠢": 2, "至极": 1, "卢比奥": 1, "立法": 1, "提案": 1, "包含": 1, "承包商": 1, "记得": 1, "定义": 2, "封锁": 1, "值得": 4, "开放": 10, "华": 1, "出售": 4, "AT&T": 2, "店铺": 1, "找": 1, "质量": 6, "违法": 1, "公认": 1, "极其": 2, "货架": 1, "视为": 1, "威胁": 2, "理由": 2, "可谓": 1, "贻笑大方": 1, "无中生有": 1, "毁灭性": 1, "打击": 1, "间谍": 1, "活动": 1, "电话": 1, "电报": 1, "达成": 1, "协议": 7, "官员": 1, "此举": 1, "再次": 1, "解释": 1, "170": 1, "想要": 1, "居住": 1, "运营": 2, "联邦政府": 1, "紧密": 1, "才": 2, "所在": 1, "说服": 1, "破坏性": 1, "保护主义": 3, "厂商": 2, "幸运": 1, "20%": 1, "销售额": 1, "至少": 1, "优秀": 1, "品牌": 10, "有人": 1, "借口": 1, "谎称": 1, "监视": 2, "特朗普": 2, "总统": 1, "推文不断": 1, "提醒": 1, "大众": 1, "一个": 9, "顾客": 1, "敌": 1, "此次": 1, "针对": 2, "荒谬": 1, "纯粹": 1, "行径": 1, "深层": 1, "明目张胆": 1, "混淆": 1, "概念": 1, "糟糕": 1, "带": 1, "危险": 1, "后果": 1, "随便": 1, "猜想": 1, "杀人": 1, "入主": 1, "白宫": 1, "身边": 1, "精通": 1, "外交": 1, "和平": 1, "重要性": 1, "反复": 1, "波": 2, "站": 2, "态度": 1, "理智": 1, "毫无疑问": 1, "疯狂": 1, "撰文": 2, "|": 2, "孟": 1, "亚旭": 1, "昨天": 2, "全世界": 1, "关注": 3, "关键": 1, "时刻": 1, "省委": 20, "书记": 18, "分部": 18, "湖南": 14, "上午": 3, "杜家毫": 13, "软件": 38, "有限": 6, "调研": 14, "面临": 7, "严峻": 5, "挑战": 9, "考验": 4, "服务": 15, "力度": 4, "介绍": 4, "下华": 1, "政知君": 3, "负责": 7, "开发": 16, "涵盖": 5, "CRM": 9, "系统": 5, "云计算": 6, "研发": 18, "交付": 7, "覆盖": 3, "40多": 3, "看中": 4, "交通": 4, "区位": 4, "高效": 5, "政务": 4, "人力": 4, "资源": 4, "选择": 5, "三大": 4, "终端": 6, "基地": 4, "着力": 6, "打造": 7, "供应": 4, "中心": 8, "30年": 3, "创造": 4, "骄人": 3, "业绩": 3, "我国": 7, "事业": 3, "发展": 34, "贡献": 3, "民族": 4, "骄傲": 4, "改革": 8, "缩影": 4, "省政府": 3, "坚定不移": 5, "湘": 8, "携手": 3, "一道": 3, "扫除": 3, "道路": 3, "障碍": 3, "优": 5, "杜家": 6, "毫到": 1, "得知": 2, "经营": 7, "步入": 2, "正轨": 2, "增加": 3, "17": 2, "条": 2, "生产线": 2, "勉励": 3, "动力": 2, "化": 2, "机遇": 3, "进一步": 3, "坚定": 4, "信心": 5, "自主": 4, "创新": 10, "把握": 4, "主动权": 2, "一步一个脚印": 2, "推动": 3, "落实": 2, "落地": 6, "关键词": 2, "讲话": 2, "字": 1, "不得不": 1, "广东": 6, "40": 2, "周年": 1, "不少": 3, "党政": 7, "代表团": 10, "赴": 6, "广东省": 5, "学习": 5, "考察": 11, "期间": 5, "5月": 1, "广西": 1, "开启": 6, "旅": 1, "驱车": 1, "抵达": 1, "深圳": 3, "自治区": 1, "签署": 2, "框架": 1, "推进": 2, "大数据": 1, "信息": 2, "智慧": 3, "城市": 2, "人才": 2, "培养": 1, "领域": 9, "7月": 1, "山东": 2, "刘": 2, "家义": 2, "省长": 2, "龚": 1, "率领": 1, "山东省": 1, "贵州省": 1, "签订": 1, "深化": 2, "10月": 6, "天津": 2, "市委": 1, "李": 2, "鸿忠": 1, "市长": 2, "张国清": 1, "市": 2, "人大": 1, "常委会": 1, "主任": 1, "段": 1, "春华": 1, "市政协": 1, "主席": 1, "盛茂林率": 1, "天津市": 1, "广州市": 1, "深圳市": 1, "听取": 1, "产业化": 1, "交流": 1, "11月": 5, "28日": 2, "1日": 3, "山西省": 1, "2日": 1, "青海省": 1, "有限公司": 5, "地点": 1, "之二": 1, "经济": 7, "高层": 2, "密集": 2, "发声": 2, "9月": 1, "习近平": 4, "东北": 1, "回信": 1, "企业家": 3, "时代": 3, "大势": 1, "心无旁骛": 1, "踏踏实实": 1, "回": 1, "京": 1, "31日": 1, "中央": 1, "政治局": 1, "会议": 3, "形势": 1, "运行": 2, "稳中有变": 1, "下行": 1, "困难": 3, "长期": 2, "积累": 1, "风险": 3, "隐患": 1, "暴露": 1, "研究": 1, "解决": 8, "中小企业": 1, "座谈会": 3, "场": 1, "规格": 1, "颇": 1, "主持": 1, "汪洋": 1, "王沪宁": 1, "韩正": 1, "出席": 1, "各方": 2, "包括": 3, "黑龙江": 1, "张庆伟": 1, "上海市": 1, "勇": 1, "江苏": 1, "娄": 1, "勤俭": 1, "浙江": 1, "车俊": 1, "福建": 1, "伟国": 1, "马兴瑞": 1, "四川": 1, "彭清华": 1, "安徽": 1, "锦斌": 1, "山西": 1, "骆": 1, "惠宁": 1, "湖北": 1, "蒋": 1, "超良": 1, "出镜": 1, "接受": 2, "央视": 1, "采访": 2, "谈": 1, "话题": 1, "释放": 2, "民企": 3, "河北": 1, "王": 2, "东峰": 2, "提出": 1, "提": 1, "党委": 1, "全力": 2, "市县": 1, "抓紧": 1, "上报": 1, "省里": 1, "部门": 2, "主管": 1, "省市": 1, "县": 1, "三级": 1, "联动": 1, "王东峰": 1, "！": 2, "能力": 6, "核心": 5, "竞争力": 3, "姿态": 1, "措施": 1, "北京": 1, "上海": 1, "陕西": 1, "陆续": 1, "公布": 2, "优化": 2, "营商": 4, "环境": 9, "路线图": 1, "利好": 1, "出台": 1, "清醒": 1, "外因": 1, "人民": 2, "大学": 1, "学院": 1, "教授": 1, "李义平": 1, "优良": 1, "激烈": 2, "竞争": 4, "坏": 1, "决定性": 1, "作用": 1, "水平": 2, "努力": 2, "抓住": 1, "难得": 1, "内功": 1, "正确": 1, "应对": 1, "难以": 1, "回避": 1, "资料": 1, "党报": 1, "新华社": 1, "人民日报": 1, "10月份": 1, "Mate": 5, "系列": 2, "旗舰": 1, "款": 1, "标配": 1, "SuperCharge": 3, "SCP": 4, "超级": 6, "快充": 10, "W充": 1, "电功率": 1, "配合": 1, "4200": 1, "mAh大": 2, "续航": 1, "印象": 2, "深刻": 1, "有意": 1, "W快": 1, "支": 1, "电荷泵": 2, "Pro华": 1, "为数不多": 1, "分为": 1, "FCP": 2, "2015年": 1, "8": 1, "2016年": 1, "首次": 1, "揭晓": 1, "功率": 3, "9": 12, "输出": 1, "4.5V": 1, "5A": 1, "5V": 1, "4.5A": 1, "22.5W": 1, "业内": 1, "低压": 1, "直充": 2, "2018年": 4, "升级": 1, "40W": 2, "快": 1, "充据": 1, "外媒": 1, "诞生": 1, "分支": 1, "10": 1, "V": 1, "2A": 1, "20W快充": 1, "减半": 1, "亲民": 1, "保留": 1, "黑科技": 2, "未来": 2, "下放": 1, "机型": 1, "这项": 1, "充电器": 1, "线缆": 1, "三方": 1, "高压大": 1, "电流": 1, "小伙伴们": 1, "充满": 1, "电": 1, "多久": 1, "评论区": 1, "留下": 1, "畅享": 12, "想必": 1, "消费者": 1, "12日": 3, "0点": 1, "预订": 2, "商城": 4, "卓越": 1, "品质": 1, "电源键": 1, "200000": 1, "按压": 2, "寿命": 2, "测试": 8, "音量": 1, "键": 1, "50000": 1, "USB": 1, "插拔": 2, "耐久": 2, "10000": 1, "耳机": 1, "5000": 1, "高温": 1, "高湿": 1, "温度": 2, "55": 1, "℃": 1, "湿度": 1, "95%": 1, "开机": 1, "模拟": 1, "常用": 1, "工作": 1, "模式": 1, "连续": 1, "240": 1, "小时": 2, "屏幕": 2, "6.26": 1, "珍珠屏": 1, "骁龙": 1, "450": 1, "3GB": 1, "内存": 2, "32": 1, "GB": 2, "4GB": 1, "64": 1, "插入": 1, "SIM卡": 1, "Micro": 1, "SD卡": 1, "双卡双待": 1, "存卡": 1, "512GB": 1, "扩展": 1, "Android": 3, "8.1": 1, "4000": 1, "节电": 1, "加持": 1, "天一": 1, "摄像": 1, "200万A": 1, "I": 1, "双摄": 1, "镜头": 1, "800万": 1, "AI人脸": 1, "识别": 1, "订金": 1, "1": 2, "抵": 2, "50": 2, "兴趣": 2, "朋友": 2, "地址点": 1, "驱动": 1, "已然": 1, "国产": 2, "代名词": 1, "丝毫": 1, "妨碍": 1, "触角": 1, "波及": 1, "期待": 1, "事实上": 1, "长期以来": 1, "坊间": 1, "传闻": 1, "不绝于耳": 1, "稍": 1, "遗憾": 1, "始终": 1, "未能": 1, "见到": 2, "新品": 5, "上市": 3, "不禁": 1, "质疑": 1, "难道": 1, "传说": 1, "科技圈": 1, "上演": 1, "狼": 1, "故事": 1, "而今": 1, "或许": 1, "真的": 2, "有望": 2, "Headlines": 2, "审查": 2, "项": 2, "商标": 5, "保护": 5, "AI": 5, "Window": 5, "进军": 3, "申请": 3, "标物": 2, "液晶": 3, "面板": 3, "电视机": 2, "实质": 1, "来讲": 1, "专利": 1, "入局": 1, "行业": 6, "纵观": 1, "庞大": 1, "范畴": 1, "水到渠成": 1, "事儿": 1, "多年": 1, "专注": 1, "硬件": 1, "具备": 1, "绝佳": 1, "优势": 1, "海思": 4, "芯片": 4, "海信": 2, "早已": 1, "打下": 1, "天下": 1, "康佳": 1, "长虹": 1, "夏普": 1, "首选": 2, "创维": 1, "酷开": 2, "A55": 1, "日渐": 1, "强大": 3, "巨头": 3, "京东方": 1, "产业链": 2, "阻碍": 1, "有芯": 1, "加上": 1, "如日中天": 1, "影响力": 1, "酝酿": 1, "一刻": 1, "注定": 1, "生而不凡": 1, "究竟": 1, "到来": 1, "尚未": 1, "修炼": 1, "热搜": 1, "体质": 1, "究根": 1, "结底": 1, "电视圈": 1, "到底": 1, "算是": 1, "新人": 1, "家电": 1, "白热化": 1, "毕竟": 1, "东京": 1, "奥运会": 1, "在即": 1, "拉动": 1, "角逐": 1, "赶上": 1, "奥会": 1, "四": 1, "一度": 1, "热点": 1, "无疑": 1, "天时": 1, "地利": 1, "人和": 1, "窗口期": 1, "有意思": 1, "总裁": 1, "赵明": 1, "互联网": 2, "大会": 1, "媒体": 1, "确实": 1, "布局": 1, "当中": 1, "带来": 1, "改变": 1, "领跑": 1, "制胜": 1, "秘笈": 1, "十二": 2, "潮流": 1, "平板": 2, "M5": 1, "青春版": 1, "老少": 1, "皆": 1, "益双": 1, "12": 2, "盛典": 1, "火热": 1, "年终": 1, "购机惠": 1, "惊喜": 1, "不停": 1, "17日": 2, "预售": 2, "13": 3, "屏轻": 1, "薄本": 1, "MateBook": 2, "笔记本": 2, "巨屏": 1, "影音": 1, "爆款": 1, "MAX双12": 1, "直减": 1, "十二999": 1, "优质": 2, "价": 1, "抄底": 1, "时机": 1, "Plus": 1, "直降": 1, "100年": 1, "末": 1, "放大": 1, "招双": 1, "十二年": 1, "终大": 1, "放价": 1, "语音": 1, "M5青春": 1, "版": 1, "低": 1, "1749": 1, "盲目": 1, "年轻人": 1, "专属": 1, "性能": 1, "iPhone": 1, "XR续航": 1, "出炉": 1, "猜猜": 1, "Pro差": 1, "湘伴": 1, "导读": 1, "头条": 1, "毫造": 1, "访": 1, "3": 1, "专题": 1, "产业": 10, "建设": 2, "负责人": 3, "交谈": 2, "毫说": 2, "透露": 1, "伟创力": 5, "详情": 1, "通稿": 1, "注入": 2, "动能": 2, "来到": 3, "国有": 1, "外资": 1, "落户": 1, "持之以恒": 1, "抓": 1, "实体": 2, "领导": 1, "胡": 1, "衡华": 1, "谢": 1, "建辉": 1, "参加": 1, "详细": 2, "近年来": 1, "拓展": 3, "询问": 1, "地方政府": 1, "制造": 2, "产业园": 1, "动工": 1, "台": 3, "正式": 2, "下线": 2, "用时": 1, "86": 1, "车间": 1, "平均": 1, "22": 1, "秒": 1, "毫对": 1, "速度": 1, "予以": 1, "高度": 1, "赞许": 1, "实地": 2, "期": 1, "年产": 1, "4500万": 1, "电子": 4, "工地": 1, "毫叮嘱": 1, "当地": 3, "同志": 1, "须臾": 1, "必需品": 1, "趋势": 1, "依托": 1, "龙头": 1, "招商": 1, "集群": 3, "入驻": 1, "量身定制": 1, "个性": 1, "培育": 1, "生态": 1, "特色": 1, "135": 1, "工程": 1, "升级版": 1, "加快": 1, "归根结底": 1, "一个个": 1, "主体": 1, "地方": 2, "活力": 1, "带动": 1, "良性": 1, "循环": 1, "骨干": 1, "公平": 1, "公正": 1, "法治": 1, "主动": 2, "聚焦": 1, "难点": 1, "痛点": 1, "堵点": 1, "用地": 1, "用工": 1, "资金": 1, "社保": 1, "缴费": 1, "科技": 1, "产权": 1, "担当": 1, "精准": 1, "帮扶": 1, "做好": 1, "承接": 2, "转移": 1, "做长": 1, "完善": 1, "供应链": 1, "提升": 1, "价值链": 1, "加速": 1, "效应": 2, "客户端": 3, "记者": 1, "杨柳青": 1, "整合": 2, "后台": 1, "收到": 1, "留言": 1, "这是": 1, "分公司": 2, "解答": 1, "疑惑": 1, "小编": 2, "特意": 1, "梳理": 1, "2004年": 2, "成立": 2, "高新区": 1, "芯城": 1, "科技园": 1, "相当于": 1, "研究所": 1, "2008年": 1, "海外": 2, "2008": 1, "共计": 2, "版本": 1, "累计": 2, "60余": 1, "告诉": 1, "持续": 2, "平台": 3, "IOT": 1, "客服": 1, "都会": 1, "补充": 1, "社会": 1, "招聘": 2, "专家": 1, "校园": 1, "签约": 1, "40余": 1, "应届": 1, "毕业生": 1, "不妨": 1, "试": 1, "~": 1, "DevCloud": 4, "8日": 1, "长沙市": 1, "人民政府": 1, "开发云": 2, "面向": 1, "建立": 1, "业界": 1, "领先": 3, "理论": 1, "流程": 1, "降低": 1, "成本": 2, "提高": 2, "效率": 1, "过程": 1, "代码": 2, "编译": 1, "构建": 2, "部署": 1, "一整套": 1, "工具": 1, "云端": 1, "协同": 1, "共享": 1, "助力": 1, "规模": 1, "截至": 1, "对接": 1, "300余": 1, "走访": 1, "150": 1, "120余": 1, "潭州": 1, "教育": 1, "江河": 1, "机电": 1, "大汉": 1, "提灯": 1, "医疗": 1, "重点": 1, "贴身": 1, "100余": 1, "云上": 1, "大幅": 1, "节省": 1, "缩短": 1, "周期": 1, "29日": 1, "上线": 1, "标志": 1, "市政府": 1, "迈": 1, "崭新": 1, "台阶": 1, "版权": 1, "作品": 1, "未经": 1, "授权": 2, "严禁": 1, "转载": 3, "湖湘": 1, "情怀": 1, "党媒": 1, "立场": 1, "登陆": 1, "华声": 1, "在线": 1, "www": 1, ".": 1, "voc.com.cn": 1, "获取": 1, "权威": 1, "资讯": 1, "0731－84329818": 1, "苏": 1, "女士": 1, "注明": 1, "标题": 1, "著作者": 1, "变更": 1, "内容": 1, "责编": 1, "杨柳": 1, "青]": 1, "IT之家": 1, "网站": 1, "早些时候": 1, "Honor": 1, "事情": 1, "变化": 1, "honor": 1, "冠名": 1, "曝光": 1, "为止": 1, "证明": 1, "将来": 1, "OLED": 1, "商业化": 1, "占据": 1, "一席之地": 1, "LG": 1, "韩国": 1, "对手": 1, "小米": 2, "零售": 1, "消费级": 1, "除去": 1, "身份": 1, "闻名": 1, "也就是说": 1, "平稳": 1}