{"央视网": 2, "消息": 1, "：": 9, "日本": 12, "运营商": 7, "都": 14, "科摩": 5, "20日": 2, "恢复": 5, "预订": 4, "中国": 10, "华为": 64, "公司": 18, "新款": 3, "智能": 24, "手机": 45, "至此": 2, "开售": 1, "ANN": 2, "电视台": 2, "主持人": 2, "媒体": 2, "报道": 2, "20号": 1, "此前": 3, "停止": 1, "接受": 1, "P30": 3, "Pro": 5, "8月": 3, "21日": 1, "预计": 4, "9月": 1, "正式": 2, "销售": 11, "计划": 1, "夏天": 1, "美国商务部": 2, "实施": 1, "出口": 2, "管制": 1, "措施": 1, "5月": 2, "延期": 1, "发售": 2, "本月": 1, "8日": 3, "通信": 3, "KDDI": 4, "5日": 1, "推迟": 1, "时间": 1, "安卓": 5, "系统": 17, "更新": 3, "针对": 2, "用户": 1, "操作": 6, "担忧": 2, "软银": 1, "重启": 2, "三大": 2, "均": 3, "美国": 11, "延长": 2, "临时": 2, "许可": 2, "杀": 1, "招": 1, "列入": 2, "实体": 2, "清单": 2, "处于": 1, "不利": 1, "地位": 3, "禁令": 1, "供应商": 3, "交易": 1, "政府": 1, "19日": 1, "给予": 1, "90": 1, "宽限": 1, "制裁": 4, "不确定性": 1, "损失": 1, "更何况": 1, "意味着": 2, "态度": 1, "软化": 1, "同一天": 1, "46": 1, "附属": 1, "美媒": 2, "致华": 1, "全球": 6, "销量": 5, "下滑": 1, "彭博社": 1, "评论": 2, "称": 4, "亏损": 1, "国际": 1, "市场": 9, "内部": 2, "评估": 1, "数据": 2, "显示": 2, "2019年": 1, "情况": 5, "减少": 1, "6000万": 1, "逆袭": 1, "打破": 1, "彰显": 1, "实力": 1, "创始人": 1, "、": 22, "CEO": 1, "任正非": 2, "近日": 2, "份": 1, "备忘录": 2, "处在": 1, "危亡": 1, "关头": 1, "建议": 1, "未": 1, "利用": 1, "员工": 2, "组建": 1, "敢死队": 1, "探索": 1, "项目": 1, "首要": 1, "号召": 1, "立功": 1, "尽快": 1, "优秀": 1, "人员": 1, "选拔": 1, "增加": 1, "组织": 1, "活血": 1, "9日": 1, "开发者": 1, "大会": 1, "发布": 6, "自主": 1, "研发": 1, "鸿蒙": 5, "法新社": 1, "电信": 2, "巨头": 2, "一个": 2, "很": 3, "利润": 1, "极为": 1, "丰厚": 1, "正面": 1, "竞争": 1, "专家": 1, "企业": 1, "合作": 2, "相互": 1, "依存": 1, "贸易": 2, "保护主义": 1, "破坏": 2, "秩序": 1, "规则": 1, "产业链": 1, "难以": 1, "扭转": 1, "经济": 2, "衰退": 2, "命运": 1, "讽刺": 1, "意味": 1, "白宫": 1, "政策": 1, "加征": 1, "关税": 1, "引发": 1, "投资者": 1, "来源": 1, "强势": 1, "刷": 1, "波": 1, "热度": 1, "网友们": 1, "纷纷": 2, "燃起": 1, "民族": 1, "自豪感": 1, "全世界": 1, "几十亿": 1, "台": 1, "终端": 1, "三": 1, "苹果": 3, "windows": 1, "垄断": 1, "发起": 1, "挑战": 1, "更为": 1, "关心": 2, "5G": 22, "标准": 1, "主导者": 1, "动作": 1, "时代": 2, "来临": 2, "之际": 2, "各行各业": 1, "翻天覆地": 1, "变化": 1, "宝骏": 16, "上汽": 3, "通用": 3, "五菱": 3, "年轻": 3, "品牌": 3, "科技": 1, "网联": 5, "基因": 2, "实际上": 1, "早": 2, "联合": 1, "搞": 1, "事情": 1, "7月": 1, "12日": 1, "柳州": 1, "市政府": 1, "颁发": 1, "汽车": 3, "道路": 4, "测试": 4, "牌照": 1, "行业": 2, "签订": 1, "战略": 1, "协议": 1, "条": 1, "四位一体": 1, "公开": 1, "国内": 1, "率先": 1, "启用": 1, "首批": 1, "用于": 1, "基站": 1, "期间": 1, "下线": 1, "款": 2, "跨界": 1, "车型": 4, "RM-5": 3, "RC-6": 3, "9月份": 1, "上市": 2, "4月份": 1, "RS-5": 1, "眼前": 1, "亮": 1, "RS-5一样": 1, "基于": 1, "模块化": 1, "平台": 2, "R平台": 1, "打造": 2, "驾驶": 5, "表现": 2, "出色": 1, "配备": 1, "L2": 1, "级别": 2, "辅助": 5, "提升": 2, "行车": 1, "安全性": 1, "大幅": 1, "舒适性": 1, "ACC": 1, "巡航": 4, "功能": 3, "人性化": 1, "0km/h": 1, "激活": 2, "7": 1, "档": 2, "跟车": 2, "距离": 3, "很多": 3, "自适应": 1, "30km/h": 1, "时速": 1, "才能": 1, "3": 2, "一点": 1, "加上": 2, "0-60km/h": 1, "交通": 2, "拥堵": 2, "TJA": 1, "60-130km/h": 1, "高速": 2, "领航": 1, "ICA": 1, "弯道": 1, "BCA": 1, "城市": 1, "通畅": 1, "全速": 1, "段": 1, "驾驶员": 3, "左顾右盼": 1, "绷紧": 1, "神经": 1, "轻松": 1, "日常": 1, "生活": 1, "压线": 1, "罚款": 1, "偏离": 3, "车道": 4, "发生": 1, "车祸": 1, "不在少数": 1, "预警": 2, "LDW": 1, "LKA": 1, "车辆": 1, "稍加": 1, "转向": 1, "发出": 1, "提示": 1, "音": 1, "分神": 1, "跑偏": 1, "制动": 2, "自动": 2, "提供": 1, "FC": 1, "W防": 1, "碰撞": 3, "AEB": 1, "预": 1, "刹车": 1, "IHBA": 1, "CMS": 1, "缓解": 1, "SDW": 1, "报警": 1, "永不": 1, "追尾": 1, "简单": 1, "工具": 1, "变得": 2, "便利": 1, "车": 2, "互动": 1, "紧密": 1, "掀起": 1, "智能化": 1, "浪潮": 1, "荣耀": 16, "产品": 3, "发现": 1, "麒麟980": 2, "处理器": 2, "卖": 2, "两千": 1, "五千": 1, "价位": 1, "相差": 1, "竟然": 1, "到底": 1, "区别": 2, "1": 1, "定位": 2, "高端": 4, "消费": 1, "人群": 5, "Mate": 1, "旗舰": 2, "系列": 1, "商务": 1, "成功": 2, "人士": 1, "零售": 2, "厂商": 1, "主打线": 1, "主打": 2, "线下": 2, "线上": 1, "吃": 1, "雷军": 1, "一代": 1, "学生": 1, "刚": 1, "毕业": 1, "工作": 1, "价格": 1, "便宜": 1, "品控": 3, "采用": 4, "麒麟": 1, "芯片": 3, "成本": 1, "品质": 1, "堆料": 2, "更足": 1, "千元机": 1, "旗舰机": 7, "肯定": 7, "国产机": 1, "良品率": 1, "需求": 1, "选择": 1, "退货": 1, "支持": 2, "IP": 1, "68": 1, "防尘": 1, "防水": 1, "拍照": 3, "重视": 1, "Mate20": 1, "索尼": 1, "IMX600": 1, "传感器": 2, "定制版": 1, "IMX586": 2, "未来": 4, "高端机": 1, "灵越": 1, "之上": 1, "4": 1, "屏幕": 4, "OLED": 2, "LCD": 1, "超过": 1, "3000": 1, "元": 1, "LCD屏": 2, "上等": 1, "中等": 1, "下等": 1, "品级": 1, "5": 1, "Logo": 3, "HUAWEI": 2, "HONOR": 2, "logo": 1, "感觉": 1, "前文": 1, "网友": 1, "入手": 1, "搭载": 1, "五千多": 1, "沾沾自喜": 1, "别人": 1, "傻子": 1, "看完": 1, "5点": 1, "买": 2, "亏": 1, "赚": 1, "各国": 1, "话题": 1, "截至": 1, "不少": 1, "国家": 1, "推出": 3, "商用": 1, "网络": 1, "相关": 1, "设备": 1, "首款": 2, "22日": 1, "几何": 1, "关键": 1, "取决于": 1, "研究": 1, "Strategy": 1, "Analytics": 1, "公布": 1, "项": 1, "2020年": 1, "突破": 1, "1.6亿": 1, "究竟": 1, "数字": 1, "高度": 1, "程度": 1, "就要": 1, "业务": 1, "明年": 2, "有望": 1, "8000万": 1, "占优势": 1, "制造商": 1, "华为单": 1, "本土": 1, "业绩": 1, "顺利": 1, "占据": 1, "领先": 1, "迎来": 1, "开门红": 1, "前一天": 1, "预购量": 1, "破": 1, "100万": 1, "分钟": 1, "内在": 1, "电商": 1, "卖到": 1, "断货": 1, "早些时候": 1, "暂停": 1, "机型": 1, "到来之际": 1, "日企们": 1, "示好": 1, "希望": 1, "对比": 1, "之下": 1, "无可争议": 1, "领导者": 1, "——": 1, "三星": 4, "截然不同": 1, "领头羊": 1, "自信": 1, "满满": 1, "早就": 1, "宣称": 1, "量产": 1, "份额": 1, "剩下": 1, "1%": 1, "如今": 1, "成绩": 1, "有目共睹": 1, "面临": 1, "局面": 1}