{"新浪": 2, "科技讯": 1, "北京": 1, "时间": 6, "12月": 4, "18日": 1, "晚间": 1, "消息": 6, "路透社": 1, "报道": 6, "华为": 185, "今日": 2, "未来": 5, "五": 1, "投资": 1, "20亿": 2, "美元": 8, "用于": 3, "强化": 1, "网络": 11, "招募": 1, "员工": 2, "升级": 5, "实验室": 2, "设施": 2, "称": 4, "东莞": 1, "园区": 1, "接待": 1, "20多": 1, "名": 2, "国际": 12, "记者": 2, "招待会": 1, "缓解": 1, "全球": 13, "设备": 19, "风险": 2, "担忧": 2, "公司": 9, "5": 1, "投入": 3, "增加": 3, "相关": 4, "人员": 2, "轮值": 1, "董事长": 1, "胡厚崑": 1, "：": 17, "竞争": 11, "对手": 1, "拒之门外": 1, "指控": 3, "都": 28, "事实": 2, "依据": 1, "证据": 2, "接受": 2, "还要": 1, "反对": 1, "胡": 3, "厚崑": 3, "业务": 6, "独立性": 1, "世界": 10, "各国": 2, "政府": 7, "沟通": 1, "日本": 5, "法国": 1, "尚未": 1, "正式": 2, "禁用": 3, "电信": 3, "媒体": 2, "透露": 1, "赢得": 1, "逾": 2, "25": 2, "5G": 25, "商用": 2, "合同": 2, "居": 1, "首位": 1, "出货": 2, "基站": 3, "50多": 1, "运营商": 9, "测试": 1, "客户": 1, "提供": 7, "1万多": 2, "套": 1, "预计": 1, "营收": 2, "有望": 1, "超过": 2, "1000亿": 2, "去年": 3, "相比": 3, "增长": 5, "8.7%": 1, "(": 2, "李明)": 1, "转自": 1, "科技": 18, "蓝": 6, "祁": 1, "浩然": 1, "互联网": 7, "经济": 2, "核心": 5, "一个": 10, "获取": 3, "流量": 7, "激活": 1, "如果说": 3, "手机": 53, "运动战": 1, "入局": 1, "电视": 32, "进一步": 1, "打通": 1, "市场": 18, "发起": 1, "阵地战": 1, "跑赢": 1, "主意": 1, "暂": 1, "定义": 2, "两端": 1, "战略": 2, "智能": 16, "终端": 2, "+": 9, "家庭": 4, "8月份": 1, "传言": 1, "领域": 10, "实锤": 1, "国外": 8, "Android": 1, "Headline": 1, "近日": 4, "份": 3, "商标": 2, "保护": 1, "文件": 2, "流出": 1, "提到": 1, "注册": 1, "AI": 4, "Window": 1, "标的物": 1, "液晶": 1, "面板": 1, "计划": 2, "6": 1, "内": 2, "推向": 1, "情理之中": 1, "成功": 7, "如今": 3, "无需": 2, "过多": 1, "赘述": 1, "转向": 1, "行业": 10, "这是": 7, "情理": 1, "之中": 1, "事情": 3, "中国": 27, "信息": 8, "通信": 7, "研究院": 1, "公布": 1, "2018年": 6, "11月": 1, "国内": 14, "运行": 2, "分析": 3, "报告": 2, "显示": 2, "11": 1, "累计": 1, "出货量": 4, "3.78亿": 1, "同比": 1, "减少": 1, "15.6%": 1, "高度": 2, "饱和": 1, "状态": 2, "尽量": 1, "疲软": 1, "态势": 1, "拓展": 1, "周边": 1, "大部分": 1, "厂商": 4, "选择": 4, "阅读": 1, "习惯": 1, "改变": 1, "屏幕": 7, "来源": 5, "渠道": 1, "消费者": 4, "窗口": 3, "分为": 1, "手机屏": 1, "、": 28, "电视屏": 1, "车载屏": 1, "三屏": 1, "家居": 4, "场景": 2, "三": 4, "屏": 4, "—": 1, "自然": 4, "很": 4, "发展": 14, "空间": 1, "小屏": 1, "企业": 19, "转型": 1, "大屏": 1, "重点": 1, "本身": 5, "着重": 1, "承载": 1, "物": 1, "互联": 2, "时代": 3, "智能化": 2, "方向": 2, "公认": 1, "最佳": 1, "天然": 1, "入口": 2, "小米": 2, "顺风顺水": 1, "OPPO": 2, "vivo": 9, "有意": 1, "进军": 1, "彩电": 2, "抢夺": 1, "节点": 2, "四": 1, "国产": 7, "品牌": 6, "不甘落后": 1, "兴起": 1, "越来越": 1, "研发": 10, "制造": 5, "运营": 2, "经验": 2, "别人": 1, "优势": 5, "画质": 1, "引擎": 1, "技术": 17, "壁垒": 1, "慢慢": 2, "淡化": 1, "作用": 2, "观看": 2, "本质": 3, "赋予": 2, "使命": 1, "玩": 1, "布局": 4, "AI+IOT": 1, "载体": 1, "用户": 12, "粘性": 3, "全新": 6, "连接": 1, "IOT": 2, "带来": 8, "快速": 2, "到来": 1, "领军者": 1, "迎来": 1, "爆发式": 1, "快": 1, "消品": 1, "大有人在": 1, "台": 2, "芯片": 21, "第一时间": 1, "想到": 2, "麒麟": 7, "熟知": 1, "款": 12, "海思": 7, "主攻": 1, "面向": 1, "机顶盒": 1, "4K/8K": 1, "高清": 1, "完整": 1, "解决": 1, "方案": 5, "数据": 3, "2010年": 1, "自研": 5, "处于": 2, "样机": 1, "自用": 1, "阶段": 2, "接受度": 1, "低": 1, "彼时": 1, "占比": 5, "1%": 1, "95%": 1, "2017年": 3, "占有率": 1, "提升": 2, "60%": 1, "降低": 3, "35%": 1, "占据": 2, "一半": 1, "自主": 3, "超高清": 1, "2016年": 1, "1000万": 1, "颗": 1, "包括": 2, "夏普": 1, "海信": 1, "康佳": 1, "艾媒": 1, "咨询": 1, "首席": 1, "分析师": 1, "张毅": 1, "中星": 1, "微电子": 1, "代表": 3, "异军突起": 1, "视频": 2, "逆袭": 1, "打破": 1, "巨头": 1, "垄断": 2, "中高端": 1, "整体": 4, "价格": 3, "芯": 1, "诸多": 1, "表现": 4, "较为": 1, "低边": 1, "动力": 2, "整理": 1, "得知": 1, "平均": 1, "利润率": 1, "1.3%": 1, "初入": 1, "一开始": 1, "就要": 1, "面临": 1, "低迷": 1, "挑战": 3, "产品": 11, "属性": 1, "差异": 1, "更换": 2, "频次": 1, "远": 2, "低于": 1, "想": 2, "内容": 1, "植入": 1, "源源不断": 1, "衍生": 1, "价值": 1, "增强": 2, "所在": 2, "切入": 1, "赶上": 1, "裂变": 1, "时期": 2, "路由器": 1, "中心": 1, "可谓": 1, "水到渠成": 1, "图片": 1, "官网": 1, "平静": 1, "过于": 1, "强大": 4, "很多": 10, "国家": 11, "感到": 4, "害怕": 2, "纷纷": 2, "抵制": 8, "这一切": 2, "加深": 1, "基带": 2, "走": 3, "前列": 3, "推出": 2, "980": 1, "处理器": 11, "巴龙": 1, "5000": 1, "性能": 3, "规格": 1, "先进": 2, "水平": 1, "硬件": 3, "紧锣密鼓": 1, "软件": 12, "动作": 1, "不久前": 1, "曝光": 1, "内部": 1, "操作": 7, "系统": 21, "基于": 2, "安卓": 8, "超级": 2, "劲爆": 1, "成绩": 2, "傲人": 1, "上都": 1, "采用": 5, "无一例外": 1, "开放": 3, "情况": 5, "突变": 1, "定论": 1, "件": 3, "实力": 3, "悄悄": 1, "意义": 1, "太": 1, "Fuchsia": 1, "OS": 1, "编写": 1, "有人": 1, "概念": 3, "到底": 4, "小智": 3, "五五": 1, "iOS": 2, "发布": 4, "壮大": 1, "段": 2, "遗憾": 6, "挂掉": 1, "足以": 2, "抗衡": 2, "微软": 2, "WP": 1, "资源": 1, "iOS相": 1, "的确": 1, "做出": 3, "不难": 2, "难": 2, "建立": 3, "生态": 3, "也就是说": 1, "可用": 3, "至少": 3, "常用": 4, "微信": 2, "支付宝": 1, "QQ": 1, "滴滴": 1, "银行": 1, "APP": 2, "地图": 1, "买": 1, "火车票": 1, "必备": 1, "支持": 15, "才": 2, "只能": 1, "无奈": 1, "放弃": 1, "开源": 1, "基础": 2, "定制": 3, "等到": 2, "机型": 2, "配合": 3, "开发": 1, "十几亿": 1, "普及": 1, "开后": 1, "只不过": 1, "控制者": 1, "谷歌": 1, "维护": 2, "即可": 1, "自己人": 1, "安全性": 1, "OK": 1, "一点点": 1, "粗鄙": 1, "想法": 1, "实际上": 2, "并非": 2, "真的": 4, "肯定": 1, "周全": 1, "时机": 1, "合适": 1, "放出": 1, "欧界": 3, "尤其是": 1, "持续": 1, "蓬勃": 1, "各类": 1, "新品": 1, "层出不穷": 2, "更新换代": 1, "质量": 4, "日益": 1, "压力": 1, "愈来愈": 1, "比赛": 1, "输赢": 1, "生活": 1, "俗语": 1, "手机界": 3, "活跃": 1, "苹果": 4, "OPPO,ViVO": 1, "三星": 5, "场": 2, "角逐": 1, "拔得头筹": 1, "成果": 2, "——": 3, "销量": 3, "系列": 4, "2亿": 3, "1.5亿": 1, "大幅": 2, "圆满": 1, "18年": 1, "截止到": 1, "第三": 2, "季度": 1, "高居": 1, "排行榜": 1, "榜首": 1, "超越": 1, "当之无愧": 1, "旗舰机": 3, "领衔者": 2, "华为方": 2, "介绍": 1, "年度": 2, "收益": 2, "应约": 1, "7000亿": 1, "人民币": 1, "折合": 1, "920亿": 1, "激烈": 1, "寒冬": 1, "之下": 2, "保证": 1, "功能": 5, "创新": 5, "前提": 1, "可观": 2, "收益值": 1, "卓越": 1, "地位": 3, "大事": 1, "跟进": 2, "据悉": 1, "2019年": 1, "商务": 1, "试用": 1, "现有": 1, "能力": 4, "推进": 1, "商业": 1, "初期": 1, "障碍": 2, "站": 2, "尖端": 1, "领头人": 1, "一点": 4, "毋庸置疑": 1, "历史": 4, "里程碑式": 1, "成就": 1, "更为": 1, "贡献": 4, "长沙": 1, "新机": 2, "nova4": 9, "吸引": 1, "眼球": 1, "4800万": 3, "像素": 3, "摄像头": 1, "4.5": 1, "970": 3, "体现": 1, "独到": 1, "用心": 1, "优秀": 1, "网友": 2, "看完": 1, "战报": 1, "戏称": 1, "扛": 1, "把子": 1, "！": 3, "线上": 1, "采编": 1, "涉及": 1, "版权": 1, "寻求": 1, "请": 1, "传媒网": 1, "o2ojie.com": 1, "传媒": 1, "|": 1, "Jie": 1, "Media六年": 1, "专注": 1, "深度": 1, "金融界": 1, "网站": 1, "公平": 3, "对待": 1, "中国人": 4, "愤怒": 1, "情": 1, "购买": 1, "给予": 1, "补贴": 1, "国人": 3, "带给": 7, "热情": 1, "笔者": 1, "仔细": 1, "发现": 2, "不能不": 1, "认可": 1, "便宜": 1, "差": 2, "享受": 1, "价廉物美": 1, "感觉": 3, "难道": 2, "福利": 1, "负责": 1, "缴纳": 1, "税收": 1, "纳税": 1, "1100亿": 1, "元": 8, "兴奋": 1, "影响": 4, "希望": 3, "高端": 4, "装备": 3, "高科技": 3, "总体": 1, "讲": 1, "发达国家": 2, "差距": 2, "缩短": 1, "关键": 1, "环节": 1, "领先": 1, "专利": 4, "遥遥领先": 1, "自豪": 2, "高铁": 1, "核电": 1, "特高压": 1, "跻身": 1, "第一": 2, "方阵": 1, "竞争力": 3, "值得": 4, "做好": 1, "力度": 1, "加大": 1, "诞生": 1, "制造业": 1, "第四": 2, "启示": 1, "一家": 3, "打造": 2, "才能": 2, "立于不败之地": 1, "参与": 3, "困难": 1, "同类": 1, "危机": 1, "身上": 2, "学习": 2, "东西": 1, "居民": 1, "力量": 4, "自觉": 1, "预算": 1, "3000": 1, "重点8G": 1, "128G": 4, "组合": 3, "原因": 3, "X23": 2, "8G": 3, "颜值": 3, "始于": 1, "陷于": 1, "才华": 1, "确实": 2, "秉承": 1, "一贯": 1, "传统": 1, "Z3": 1, "搭载": 4, "玻璃": 1, "后盖": 1, "惊艳": 1, "3D": 3, "星光": 1, "纹理": 1, "；": 2, "水滴屏": 1, "美感": 1, "显得": 1, "突兀": 1, "类似于": 1, "美人尖": 1, "错觉": 1, "91.2%": 1, "乍看": 1, "完美": 3, "屏下": 3, "指纹": 6, "解锁": 2, "陌生": 2, "唯一": 1, "光电": 1, "速度": 1, "40%": 1, "亮": 2, "脸解": 1, "锁慢": 1, "拍照": 6, "最为": 1, "出彩": 1, "失望": 1, "前置": 3, "双核": 2, "1200万": 2, "担心": 1, "美颜": 4, "过度": 1, "光效": 1, "后置": 4, "对焦": 1, "1300万": 1, "超": 1, "广角": 6, "镜头": 4, "理解": 1, "超广角": 3, "简单": 1, "主体": 1, "照片": 7, "景": 1, "音质": 4, "亮点": 1, "HIFi": 1, "数一数二": 1, "AK4377A": 1, "HiFi": 1, "不仅仅": 1, "优质": 1, "动人": 1, "深空": 1, "音效": 1, "骁龙": 1, "670AIE": 1, "旗舰": 1, "之间": 2, "距离": 1, "第二": 1, "nova": 8, "4": 6, ")": 1, "何止": 1, "经典": 1, "传承": 1, "打孔屏": 1, "S8s": 1, "区别": 1, "A8s": 2, "开孔": 4, "6.5mm": 1, "总会": 1, "种局": 1, "促感": 1, "盲孔": 2, "设计": 3, "缩": 1, "一体化": 1, "全面屏": 2, "方式": 1, "2000": 1, "1600": 1, "200万": 1, "2500万": 2, "推荐": 1, "标配": 1, "版本": 1, "4800": 1, "1600+200": 1, "高配": 1, "拍摄": 1, "这部": 1, "光彩": 1, "遮挡": 1, "麒麟970": 1, "麒麟980": 2, "GPU": 2, "Turbo": 1, "游戏": 1, "出众": 1, "触摸": 1, "控制": 1, "体验": 3, "各具特色": 1, "需求": 1, "在乎": 2, "开孔屏": 1, "喜欢": 1, "x23": 1, "17日": 2, "年轻": 2, "nova4手机": 1, "延续": 1, "高颜值": 1, "性价比": 1, "基因": 1, "外观": 1, "配色": 2, "年轻人": 1, "时尚": 3, "旗下": 1, "定位": 1, "群体": 1, "前沿": 2, "功夫": 1, "黑色": 1, "贝母白": 1, "苏音蓝": 1, "蜜语": 2, "红四款": 1, "机身": 1, "颜色": 1, "红·星耀版": 1, "揉入": 1, "粉色调": 1, "覆盆子": 1, "红": 1, "双层": 1, "膜片": 1, "层": 2, "炫光": 1, "炫彩": 1, "搭配": 1, "8GB": 1, "128GB": 1, "存储": 1, "后台": 1, "Turbo图形": 1, "加速": 1, "6.4": 1, "英寸": 1, "自拍": 3, "极点": 1, "融合": 2, "首创": 1, "高达": 1, "86.3%": 1, "刘海": 1, "烦恼": 1, "效果": 2, "强项": 1, "例外": 1, "呈现": 2, "一代": 1, "海报级": 1, "拥有": 2, "AI微塑": 1, "海量": 1, "构建": 1, "七": 1, "典型": 1, "脸型": 1, "黄金": 1, "比例": 2, "参数": 1, "模型": 3, "识别": 2, "2D": 2, "面部": 3, "微塑": 2, "工作": 1, "转回": 1, "呈": 1, "献给": 1, "自拍照": 1, "适合": 1, "轮廓": 1, "肌及": 1, "五官": 1, "惊喜": 1, "通话": 1, "实时": 1, "高配版": 2, "超高": 1, "标准": 1, "摄": 3, "业内": 1, "首发": 1, "索尼": 1, "IMX586": 1, "HDR": 1, "Pro": 1, "变焦": 1, "业界": 1, "首屈一指": 1, "手持": 1, "夜景": 1, "AI场": 1, "景识": 1, "1光": 1, "1.6": 1, "μm": 1, "大像素": 1, "暗光": 1, "更进一步": 1, "1600万": 1, "117": 1, "度": 1, "超大": 1, "视野": 1, "借助": 1, "边缘": 1, "畸变": 1, "修正": 1, "改善": 1, "画面": 1, "歪斜": 1, "人物": 1, "变形": 1, "常见": 1, "随手": 1, "拍": 1, "AI语音": 1, "助手": 1, "小艺": 1, "屏手": 1, "势": 1, "导航": 1, "美食": 1, "卡路里": 1, "吾皇": 1, "主题": 1, "限免": 1, "特权": 1, "产品线": 1, "总裁": 1, "何刚": 1, "2018": 1, "发货量": 1, "即将": 1, "突破": 1, "纪念版": 1, "25日": 1, "发售": 1, "刚": 1, "配件": 1, "便携": 2, "打印机": 2, "安居": 2, "摄像机": 2, "全景版": 2, "体脂秤2": 2, "WiFi": 1, "版": 1, "售价": 4, "标配版": 1, "2000万": 1, "定价": 2, "3099": 1, "3399": 1, "16:08分": 1, "开启": 1, "预售": 1, "27日": 1, "10:08分": 1, "开售": 1, "599": 1, "299": 1, "AI版": 1, "199": 1, "环球": 1, "时报": 1, "发生": 2, "前所未有": 1, "冤案": 3, "美国": 20, "动员": 1, "盟友": 2, "试图": 1, "实施": 1, "绞杀": 1, "排斥": 4, "盟国": 1, "排除": 1, "建设": 2, "理由": 2, "威胁": 2, "军事": 1, "援引": 1, "关系": 1, "搜集": 1, "情报": 1, "安装": 1, "盗窃": 1, "后门": 1, "任正非": 1, "退役": 1, "军人": 1, "当成": 1, "论证": 1, "假设": 1, "非法": 1, "伊朗": 1, "拘押": 1, "高管": 1, "协调": 1, "罕见": 1, "迫害": 1, "民营": 2, "站到": 1, "积累": 1, "人类": 1, "当代": 1, "先行者": 1, "科研": 3, "团队": 1, "规模": 2, "数量": 1, "跨国": 1, "管理": 1, "模式": 1, "参考": 1, "西方": 3, "治理": 1, "骨干": 1, "外国人": 1, "规范": 1, "程度": 2, "国际化": 1, "跨国公司": 1, "水准": 2, "构陷": 1, "纠集": 2, "打压": 3, "这家": 2, "角度": 1, "正派": 1, "违背": 1, "长期": 1, "道义": 1, "和平": 1, "知识": 1, "产权": 1, "体系": 2, "自由": 1, "规则": 3, "主导": 2, "粗暴": 1, "干涉": 2, "打击": 4, "地缘": 1, "政治": 3, "倒退": 1, "活动": 1, "市场化": 1, "含义": 1, "定性": 1, "登峰造极": 1, "想必": 1, "载入": 1, "史册": 1, "针对": 1, "人民": 1, "正当": 2, "发展权": 1, "世人": 1, "自私": 1, "偷": 1, "抢": 1, "走到": 1, "共享": 1, "宝贵": 1, "资产": 1, "出头鸟": 1, "全人类": 1, "道德": 1, "俯瞰": 1, "华盛顿": 2, "做法": 2, "无论如何": 1, "歇斯底里": 1, "权益": 1, "一大": 1, "提醒": 1, "跟从": 1, "导致": 2, "地方": 1, "偏离": 1, "本来": 1, "应有": 1, "背离": 1, "反向": 1, "损失": 5, "毒化": 1, "业已": 1, "都会": 1, "恶劣": 1, "导向": 1, "秩序": 5, "负面": 2, "牵动": 1, "跟随": 1, "等于": 1, "任意": 2, "权力": 1, "中等": 1, "弱小": 1, "单一": 1, "强行": 1, "推动": 1, "修改": 1, "包含": 1, "制衡": 1, "均势": 1, "隐性": 1, "削弱": 2, "选项": 1, "落实": 1, "独立": 1, "主权": 1, "断言": 1, "围剿": 1, "决不": 1, "光荣": 1, "记住": 1, "反击": 2, "起诉": 2, "美": 1, "赔偿": 3, "日企": 1, "上亿": 2, "反面": 1, "网友们": 1, "关注": 2, "信心": 1, "走向": 1, "为首": 1, "举动": 1, "沉稳": 1, "遭受": 1, "签下": 1, "订单": 1, "被动": 1, "授权": 1, "T-mobile": 1, "上缴": 1, "费用": 1, "八千万": 1, "支付": 1, "专利费": 1, "为此": 1, "拒绝": 3, "努力": 1, "证明": 1, "隐私": 1, "看中": 1, "私自": 1, "脸": 1, "大一": 1, "短": 1, "想要": 1, "禁止": 2, "投票": 1, "票": 1, "说话": 1, "权利": 1, "合作": 4, "最少": 1, "七百万": 1, "最多": 1, "一千三百万": 1, "听从": 1, "设备话": 1, "成本": 1, "上千万": 1, "实行": 1, "资金链": 1, "下令": 1, "这时候": 1, "软银": 1, "发声": 1, "安川": 2, "电机": 2, "利润": 1, "基本上": 1, "来自于": 1, "停止": 1, "工厂": 1, "停歇": 1, "市价": 1, "瞬间": 1, "下跌": 1, "懂": 1, "无话可说": 1}