{"iPhone11": 7, "刚": 1, "发布": 2, "不少": 1, "吐槽": 1, "信号": 2, "、": 2, "续航": 2, "外观": 1, "都": 2, "购买": 2, "欲望": 2, "看好": 1, "成绩": 1, "纷纷": 3, "傻": 1, "眼": 1, "手机": 7, "销量": 4, "数据图": 1, "爆": 1, "高居": 1, "榜首": 1, "网友们": 1, "感叹": 1, "：": 1, "嘴": 1, "买": 1, "身体": 1, "很": 1, "诚实": 1, "卖": 1, "这一切": 2, "取决于": 1, "价格": 5, "边框": 1, "窄": 1, "苹果": 13, "新款": 2, "旗舰机": 1, "配置": 1, "绝大多数": 1, "机型": 1, "发行价": 2, "低": 2, "1000多": 1, "元": 7, "中国": 1, "电商": 2, "平台": 2, "补贴": 5, "毫无": 1, "悬念": 1, "香机": 1, "11": 3, "期间": 2, "64G": 1, "版": 1, "天猫": 1, "4949": 1, "550": 1, "京东": 1, "300": 1, "5199": 1, "拼": 2, "多多": 2, "4599": 1, "便宜": 1, "900": 1, "数据": 1, "显示": 1, "全网": 1, "最低价": 1, "一共": 1, "卖出": 1, "超": 1, "40万": 1, "台": 1, "iPhone": 1, "正是": 1, "靠着": 1, "优惠": 1, "成功": 1, "反转": 1, "持续": 1, "走高": 1, "市值": 1, "随之": 1, "增长": 1, "回到": 1, "万亿": 1, "美元": 1, "事实上": 1, "经历": 1, "去年": 1, "暴跌": 1, "算是": 1, "翻身": 1, "总体": 1, "降价": 3, "公司": 1, "无奈": 1, "策": 1, "很多": 1, "果粉": 2, "心中": 1, "本身": 1, "代表": 1, "高端": 4, "消费者": 1, "重视": 1, "形象": 2, "并非": 1, "完美": 1, "此前": 1, "赶上": 1, "如今": 1, "华为": 1, "小米": 1, "国产": 1, "市场": 2, "进发": 1, "优势": 1, "进一步": 1, "缩小": 1, "地位": 1, "不住": 1, "环境": 1, "价值": 1, "溢价": 1, "太": 1, "机会": 1, "2020年": 1, "见分晓": 1, "有趣": 1, "可靠": 1, "消息": 1, "款": 1, "4G": 1, "也就是说": 1, "明年": 1, "5G": 1, "涨": 1, "回去": 1, "买单": 1}