{"很多": 1, "华为": 2, "手机": 4, "用户": 2, "发现": 1, "一个": 1, "现象": 1, "不知不觉": 1, "激发": 1, "TalkBack": 19, "功能": 9, "启用": 1, "屏幕": 9, "绿色": 1, "框框": 1, "自动": 1, "播报": 1, "项目": 4, "操作": 3, "方式": 3, "点击": 5, "双指": 2, "才": 1, "系统": 1, "给出": 1, "定义": 1, "：": 12, "款": 1, "盲人": 2, "视力": 2, "低弱": 1, "人士": 1, "阅读器": 2, "借助": 1, "语音": 2, "反馈": 2, "设备": 1, "互动": 1, "简单": 2, "激活": 5, "快速": 3, "退出": 2, "情况": 1, "设置": 4, "开启": 2, "很": 1, "音量": 4, "下键": 1, "3": 1, "秒": 2, "按住": 1, "+": 1, "三": 1, "——": 3, "智能": 1, "辅助": 1, "无障碍": 1, "关闭": 1, "亲人": 1, "朋友": 1, "往下": 1, "详细": 1, "方法": 1, "浏览": 4, "滑动": 10, "滚动": 1, "指": 3, "翻页": 1, "翻屏": 1, "单击": 3, "选择": 1, "焦点": 3, "单指": 8, "选中": 2, "打开": 3, "会朗": 1, "读": 1, "内容": 1, "双击": 3, "任意": 3, "地方": 1, "上次": 1, "程序": 1, "图标": 1, "位置": 1, "手势": 8, "单指右滑": 1, "任意界": 6, "面单": 6, "指向": 6, "线性": 1, "顺序": 1, "切换": 4, "左滑": 1, "反向": 1, "下滑": 3, "界面": 1, "向下": 3, "正序": 1, "模式": 2, "上滑": 1, "倒序": 1, "段": 3, "距离": 3, "抬起": 3, "手指": 3, "全局": 1, "上下文": 2, "菜单": 4, "访问": 1, "单指向上": 1, "本地": 1, "调整": 1, "执行": 1, "返回": 1, "底部": 1, "返回键": 1}