{"6月": 2, "17日": 2, "华为": 217, "创始人": 4, "任正非": 17, "深圳": 1, "著名": 1, "撰稿人": 1, "乔治·吉尔德": 1, "福布斯": 1, "编辑": 1, "美国": 47, "知名": 1, "杂志": 1, "专栏": 1, "作家": 1, "尼古拉斯·内格罗": 1, "蓬": 1, "展开": 1, "思想": 1, "对话": 1, "这次": 10, "谈话": 1, "直播": 4, "情况": 3, "做出": 3, "解释": 2, "设想": 1, "面临": 1, "很多": 11, "从未": 1, "料想": 1, "打击面": 1, "程度": 2, "影响": 7, "脚步": 1, "参加": 1, "国际": 3, "组织": 1, "大学": 5, "合作": 9, "都": 31, "未曾": 1, "料": 1, "想到": 3, "科研": 2, "贡献": 1, "很": 14, "未来": 4, "五": 8, "年内": 1, "网络": 5, "架构": 1, "建设": 3, "投入": 4, "1000亿": 1, "美元": 6, "资金": 2, "版本": 1, "切换": 1, "多种": 2, "原因": 6, "生产": 1, "反而": 2, "规模": 1, "减产": 1, "导致": 5, "销售": 4, "收入": 3, "下降": 1, "300亿": 1, "保证": 1, "依然": 2, "千亿": 1, "级别": 1, "指出": 1, "整改": 2, "变得": 1, "强大": 5, "再会": 1, "零部件": 3, "供应商": 3, "苦恼": 1, "中断": 1, "耗时": 1, "太": 3, "长": 1, "预期": 1, "2021年": 1, "浴火": 1, "重生": 1, "访谈": 1, "中将": 1, "比作": 1, "死": 1, "鸟": 1, "称": 5, "想象": 1, "老谋深算": 1, "保护": 2, "心脏": 1, "这是": 2, "一家": 7, "远见": 1, "企业": 17, "都会": 6, "事情": 4, "打击": 2, "萎缩": 1, "阻挠": 1, "步伐": 1, "关注": 4, "阿娟": 1, "聊": 1, "科技": 26, "小编": 3, "致力于": 1, "分享": 1, "资讯": 1, "、": 18, "社会": 1, "生活": 1, "喜欢": 2, "点点": 1, "转发": 1, "评论": 1, "评论区": 1, "提问": 1, "时间": 7, "肯定": 1, "回复": 1, "本文": 1, "作者": 2, "原创": 1, "维权": 3, "必究": 1, "列入": 2, "实体": 2, "清单": 2, "本土": 6, "相继": 3, "断供": 6, "事态": 1, "发展": 7, "不得不": 2, "停止": 3, "不利": 1, "谷歌": 25, "断绝": 1, "第一": 7, "撤销": 8, "Android": 2, "系统": 30, "许可": 1, "鸿蒙": 17, "OS": 1, "放出": 2, "风声": 1, "第一时间": 1, "手机": 17, "加回": 1, "Q": 1, "测试": 4, "名单": 1, "国家": 3, "声称": 1, "将要": 1, "发布": 5, "可靠": 1, "书特朗普": 1, "严正": 1, "警告": 1, "种种": 2, "事件": 12, "这位": 2, "硅谷": 1, "巨头": 8, "反悔": 2, "远": 1, "不止": 1, "芯片": 17, "制造商": 3, "顶": 1, "不住": 4, "！": 1, "近日": 1, "路透社": 1, "报道": 2, "：": 12, "高通": 17, "英特尔": 13, "特朗普": 5, "禁令": 20, "条款": 1, "提出": 2, "质疑": 9, "放宽": 2, "知情": 3, "人士": 4, "顶级": 2, "制造": 2, "商赛": 1, "灵思": 1, "对此": 2, "发出": 1, "平常": 1, "智能": 3, "电脑": 2, "产品": 2, "均": 4, "部件": 1, "5G": 16, "设备": 4, "半导体": 2, "产业": 1, "协会": 2, "SIA": 1, "承认": 3, "代表": 3, "政府": 12, "协商": 2, "高级": 1, "官员": 1, "实行": 2, "公司": 34, "情有可原": 1, "采购": 1, "需求": 1, "无疑": 2, "一个": 16, "客户": 7, "全球": 3, "IC": 1, "设计": 1, "博通": 1, "近期": 2, "减少": 1, "20亿": 1, "网友们": 1, "美": 1, "企禁": 1, "件": 4, "称之为": 1, "自作自受": 1, "各类": 1, "变卦": 1, "利益": 4, "面前": 1, "就算": 1, "牺牲": 1, "业绩": 1, "手段": 2, "执行": 1, "转载": 1, "百家号": 1, "北桥": 1, "去年": 3, "麒麟980": 1, "处理器": 1, "10": 2, "倍": 3, "无损": 1, "光学": 3, "变焦": 3, "技术": 11, "成功": 8, "跻身": 1, "高端": 1, "行列": 1, "三星": 2, "第二": 1, "厂商": 3, "提起": 3, "拍照": 5, "联想": 2, "P30": 22, "Pro": 15, "能力": 3, "实在": 2, "拍": 14, "月亮": 18, "清晰": 1, "前段": 1, "深陷": 1, "AI美化": 5, "当中": 5, "水平": 1, "遭受": 1, "有人": 2, "图片": 1, "替换": 1, "真实": 3, "照片": 1, "样子": 1, "多久": 2, "事儿": 1, "不了了之": 1, "爱否": 5, "CEO": 2, "彭林": 15, "再次": 5, "真实性": 1, "图像": 2, "宣传": 9, "厉害": 1, "像是": 1, "虚假": 3, "错误": 2, "地方": 2, "标注": 1, "用户": 14, "知晓": 1, "当年": 3, "Mate": 3, "9": 3, "闪存门": 3, "UFS": 2, "2.1": 1, "2.0": 1, "eMMc": 1, "5.1三": 1, "闪存": 1, "混用": 1, "节约": 2, "成本": 4, "目的": 2, "发现": 2, "诉讼": 3, "失败": 2, "告终": 1, "彭林眼里": 1, "相当于": 1, "证据": 3, "打赢": 1, "官司": 1, "感觉": 1, "正是": 3, "一次次": 1, "宽容": 1, "才": 2, "屡次": 1, "犯下": 1, "警醒": 1, "起诉": 2, "相关": 3, "胜诉": 1, "几率": 1, "百分之七八十": 1, "面对": 2, "做法": 2, "打抱不平": 1, "足够": 1, "艰难": 1, "内斗": 1, "对外": 1, "陷": 1, "月亮门": 4, "发表": 4, "内容": 2, "上万": 1, "热议": 1, "到底": 1, "错": 1, "也许": 1, "宠坏": 1, "难以": 1, "走出": 1, "国门": 1, "走向": 1, "世界": 2, "算是": 2, "5月": 1, "实施": 2, "开启": 2, "芯片战": 2, "响应": 2, "号召": 1, "核心": 2, "意味着": 6, "向断": 1, "后路": 1, "暂停": 1, "安卓": 11, "多重": 1, "之下": 1, "无路可走": 1, "绝境": 1, "低头": 2, "早就": 2, "预料": 1, "到会": 1, "局面": 3, "早": 4, "2014年": 1, "中兴": 1, "罚款": 1, "13亿": 1, "意识": 1, "重要性": 1, "研发": 8, "麒麟": 1, "基带": 1, "突破": 2, "进展": 1, "通断": 1, "供华": 1, "中国": 15, "紫光": 1, "国徽": 1, "站": 2, "力挺": 1, "渡过": 1, "危机": 2, "补刀": 1, "慌乱": 1, "随即": 1, "推出": 1, "性能": 4, "惊艳": 1, "夸张": 1, "碾压": 1, "运营": 1, "速度": 3, "超越": 2, "第三方": 1, "60%": 1, "手机党": 1, "一大": 4, "福音": 1, "官方": 3, "邀请": 1, "APP": 1, "开发者": 1, "入驻": 1, "商店": 1, "兼容": 2, "解决": 1, "顾虑": 1, "消息": 2, "曝出": 1, "市场": 5, "议论": 1, "欢呼雀跃": 1, "众多": 1, "网友": 5, "款": 1, "选": 1, "迫不及待": 1, "入手": 2, "国内": 8, "表态": 4, "搭乘": 1, "一时间": 1, "地位": 2, "岌岌可危": 1, "意味": 1, "光是": 1, "授权费": 1, "超过": 4, "10亿": 1, "如今": 7, "问世": 1, "还给": 1, "培养": 1, "对手": 1, "挽回": 1, "颓势": 1, "示好": 2, "致意": 1, "外媒": 1, "撑": 1, "联手": 1, "赛灵思": 2, "施压": 3, "据悉": 3, "希望": 2, "出售": 2, "理由": 1, "2018年": 1, "累计": 1, "购买": 1, "700亿": 1, "110亿": 1, "美光": 2, "赫然": 1, "在列": 1, "参考": 1, "先例": 1, "公认": 1, "禁止": 2, "顶尖": 1, "独大": 2, "不再": 2, "惧怕": 1, "持续": 1, "多日": 1, "封锁": 1, "快": 2, "最初": 1, "狼狈不堪": 1, "稳中有升": 1, "赢得": 1, "较量": 1, "上风": 1, "确认": 1, "迎来": 3, "洋名": 2, "听": 1, "不错": 1, "波": 1, "感谢": 2, "打压": 3, "过分": 1, "动作": 1, "越来越": 1, "实体名单": 1, "当地": 1, "办法": 1, "微软": 2, "收到": 1, "支持": 6, "随之而来": 1, "提前": 1, "拿出": 1, "危险": 1, "处境": 1, "走": 2, "热门": 1, "话题": 2, "用来": 1, "应对": 1, "不时之需": 1, "备用品": 1, "条件": 2, "流畅度": 1, "上都": 1, "成绩": 2, "操作": 3, "相比": 1, "竞争": 1, "加速": 1, "垄断": 1, "机会": 10, "打破": 1, "正式": 2, "乘着": 1, "竞争力": 1, "Web": 1, "消费者": 2, "开头": 2, "带华": 1, "舒服": 1, "日子": 1, "松懈": 1, "明白": 2, "困难": 1, "到时候": 1, "吃亏": 2, "国外": 3, "名字": 3, "方舟": 2, "充满": 2, "内涵": 1, "想": 9, "拯救": 1, "世间": 1, "万物": 1, "电信": 7, "选择": 13, "联通": 6, "现下": 1, "热": 1, "商用": 1, "大众": 1, "关心": 1, "我国": 1, "牌照": 2, "下发": 1, "接下来": 1, "三大": 4, "运营商": 7, "基站": 4, "实力": 1, "公测": 1, "排": 1, "行业": 2, "佼佼者": 1, "错失": 1, "票": 1, "败给": 1, "控制权": 1, "专利": 1, "印象": 2, "业务": 4, "通信": 2, "之间": 2, "矛盾": 1, "爆发": 1, "谁家": 1, "等于": 1, "无形": 1, "心中": 2, "留下": 1, "情形": 1, "说到": 2, "朋友": 4, "就要": 2, "发问": 1, "4G": 3, "拥有": 1, "权利": 1, "优势": 2, "占领": 1, "无外乎": 1, "出于": 4, "诺基亚": 3, "上将": 6, "笔": 2, "开支": 1, "讲究": 1, "文化": 1, "经济": 1, "自由": 1, "交流": 1, "时代": 1, "缩影": 1, "2G": 1, "占有": 1, "过程": 3, "中大": 1, "退步": 1, "地域": 1, "西部": 1, "高原": 1, "地区": 1, "此次": 1, "爱立信": 4, "究": 1, "报价": 1, "低": 1, "280亿": 1, "元": 1, "还要": 2, "便宜": 1, "追求": 1, "最大化": 1, "商人": 1, "国有": 1, "等同于": 1, "放在": 1, "次位": 1, "股": 1, "新鲜": 1, "血液": 1, "接受": 2, "46": 1, "订单": 1, "抛来": 1, "橄榄枝": 1, "乐见其成": 1, "股东": 1, "员工们": 1, "负责": 1, "一点": 3, "给予": 1, "理解": 1, "不同于": 1, "往日": 1, "舞台": 1, "大放异彩": 1, "服务": 2, "马上": 1, "上市": 1, "5g": 1, "很快": 1, "来到": 1, "身边": 2, "运营商们": 2, "卯足": 1, "劲": 1, "诱人": 1, "抢夺": 1, "争抢": 1, "质量": 1, "花花": 1, "福利": 1, "没有用": 1, "看待": 1, "俗话说": 1, "无能": 1, "累死": 1, "三军": 1, "三国": 1, "时期": 1, "蜀国": 1, "骁勇": 1, "善战": 1, "将军": 3, "称作": 1, "虎": 5, "关羽": 1, "张飞": 1, "马超": 1, "黄": 1, "忠和": 1, "赵云": 1, "火": 1, "高科技": 1, "提到": 2, "可谓": 1, "无人不知": 1, "无人不晓": 1, "高层": 2, "篇": 1, "文章": 2, "带": 1, "介绍": 1, "孙": 3, "亚芳": 3, "没错": 1, "女士": 1, "巾帼": 1, "须眉": 1, "至关重要": 1, "1955年": 1, "出生": 2, "毕业": 2, "电子": 1, "1989年": 1, "得力": 1, "干将": 1, "流传": 2, "右芳": 1, "传说": 2, "侧面": 1, "孙亚芳": 4, "1998年": 1, "任命": 1, "董事长": 2, "严于律己": 1, "严于": 1, "治": 1, "3月": 1, "辞退": 1, "位置": 1, "离开": 2, "女": 1, "郭平和": 1, "同年": 1, "郭平": 6, "1966年": 1, "毕业于": 1, "华中": 2, "理工": 1, "主管": 1, "放": 1, "项目": 1, "经理": 1, "供应链": 1, "总经理": 1, "首席": 1, "法务官": 1, "副": 1, "总工程师": 1, "……": 1, "一生": 2, "荣誉": 1, "无数": 1, "接班人": 3, "余承东": 5, "如果说": 1, "出名": 1, "大部分": 2, "外号": 3, "大嘴": 4, "清华大学": 1, "研究生": 1, "学": 1, "低调": 1, "flag": 1, "一度": 2, "吹牛": 1, "时至今日": 1, "吹下": 1, "牛": 1, "现实": 1, "依旧": 1, "身上": 1, "比起": 1, "当初": 1, "贬义词": 1, "喊余": 1, "爱称": 1, "郑": 3, "宝用": 3, "喊": 1, "宝宝": 1, "刚": 1, "起步": 1, "东方": 1, "劝说": 1, "郑宝用": 1, "放弃": 1, "清华": 1, "博士": 1, "学位": 1, "内部": 1, "工号": 1, "002": 1, "足以": 1, "器重": 1, "遂": 1, "人愿": 1, "患上": 1, "脑癌": 1, "只能": 1, "退居": 1, "二线": 1, "李一": 4, "男": 4, "嫡传": 1, "弟子": 1, "天才": 2, "15": 1, "岁": 5, "考入": 1, "少年": 1, "班": 1, "27": 1, "担任": 1, "常务部": 1, "副总裁": 1, "板上钉钉": 1, "带走": 1, "骨干": 1, "永远": 1, "痛": 1, "提": 1, "成就": 1, "奋斗": 2, "留言": 1, "讨论": 4, "创业": 10, "头": 1, "抱负": 1, "经历": 1, "阶段": 1, "趟": 1, "累人": 1, "累己": 1, "活儿": 1, "搞": 1, "不好": 1, "回": 1, "倒贴": 1, "创业圈": 1, "九": 1, "败": 1, "胜": 1, "说法": 1, "这不": 1, "危言耸听": 1, "创业路": 1, "确实": 2, "当上": 1, "老板": 1, "抓住": 1, "尝试": 1, "普通人": 1, "早已": 1, "早些": 1, "积累": 1, "经验": 2, "试错": 1, "改进": 1, "正确": 1, "想法": 1, "年龄": 2, "高低": 1, "年轻": 1, "创业者": 1, "弯道": 1, "互联网": 1, "阿里巴巴": 1, "电商": 1, "领域": 2, "骑": 1, "绝尘": 1, "触手": 2, "伸到": 1, "这家": 1, "亚洲": 1, "市值": 1, "阿里": 2, "马云": 2, "创办": 1, "35": 1, "无论是": 1, "成立": 1, "43": 1, "关键": 1, "大局观": 1, "颗": 1, "赢": 1, "独到": 1, "眼光": 1, "布局": 1, "抱怨": 4, "别人": 1, "抢走": 1, "懂得": 1, "或许": 1, "找到": 1, "突破口": 1, "理想": 1, "三十四": 1, "风险": 1, "带来": 1, "痛苦": 2, "苦": 1, "甜": 1, "此前": 1, "多年": 1, "心理": 1, "心态": 1, "昨天": 1, "早上": 1, "辞去": 1, "职位": 1, "并称": 1, "名义": 1, "后者": 1, "涉及": 1, "系列": 8, "模式": 1, "功能": 1, "注明": 1, "算法": 4, "添加": 1, "细节": 2, "内": 2, "增加": 1, "提示": 1, "此事": 2, "引发": 2, "熟悉": 1, "科技圈": 1, "小伙伴": 1, "「": 7, "」": 7, "发酵": 1, "预热": 1, "新品": 1, "样张": 1, "3": 1, "26": 1, "法国": 1, "巴黎": 1, "4": 2, "11": 1, "上海": 1, "发布会": 1, "官网": 4, "资料": 1, "卖点": 1, "加上": 2, "DxOMark": 1, "112": 1, "刷新": 1, "榜单": 1, "拍摄": 3, "外界": 1, "自然": 1, "水准": 1, "期待": 2, "方式": 1, "视野": 1, "远景": 1, "清晰可见": 1, "潜望式": 1, "长焦": 1, "镜头": 3, "融入": 1, "纤薄": 1, "机身": 1, "借助": 2, "OIS": 1, "精准": 1, "配合": 1, "惊叹": 1, "混合": 1, "50": 1, "数字": 1, "悬于": 1, "树梢": 1, "明月": 1, "海平线": 1, "夕阳": 1, "以往": 1, "遥不可及": 1, "美景": 1, "一瞬间": 1, "拉近": 1, "美好": 1, "文案": 1, "不免": 1, "素质": 2, "▲图": 1, "月华": 1, "主笔": 1, "王": 6, "跃琨": 6, "针对": 1, "相机": 3, "从中": 1, "随后": 2, "发文": 1, "AI": 2, "计算": 1, "PS": 1, "严谨": 1, "归功": 1, "涉嫌": 1, "拍到": 1, "原始": 1, "加工": 1, "增添": 1, "实际上": 1, "举例": 1, "内裤": 1, "环形": 1, "坑": 1, "纹理": 1, "立马": 1, "论证": 3, "为此": 1, "单独": 1, "B": 1, "场": 1, "展示": 1, "介入": 1, "开除": 1, "揭露": 2, "一连串": 1, "在知乎": 1, "平台": 1, "诸如": 1, "@": 1, "小城": 1, "确有其事": 1, "赘述": 1, "发": 1, "条": 4, "视频": 1, "低估": 1, "难度": 1, "举证": 1, "法庭": 1, "公证": 3, "请求": 1, "委托": 1, "类比": 1, "叙述": 1, "手机圈": 1, "发生": 1, "案例": 2, "2016": 1, "Note": 1, "7": 1, "爆炸": 1, "名": 1, "参与者": 1, "遗憾": 1, "强势": 1, "最终": 1, "归于": 1, "平静": 2, "调侃": 1, "寻求": 1, "检测": 1, "渠道": 1, "一开始": 1, "并未": 1, "本身": 1, "意见": 1, "未": 1, "可知": 1, "身处": 1, "贸易战": 1, "科技战": 1, "前线": 1, "收获": 2, "知名度": 1, "民间": 1, "底蕴": 1, "究竟": 1, "深厚": 1, "talk": 1, "新闻": 1, "不难": 1, "责任": 1, "理应": 1, "▲": 1, "截图": 1, "解禁": 2, "外国": 3, "幸运": 1, "做好": 1, "甩出": 1, "备用": 1, "方案": 1, "抓狂": 1, "真的": 2, "计划": 1, "下达": 2, "天后": 1, "旗下": 1, "mate20": 1, "纳入": 2, "更新": 1, "之内": 1, "想想": 1, "损失": 3, "几亿": 1, "毕竟": 2, "销量": 1, "两亿": 1, "网上": 1, "这几天": 1, "坐": 2, "声援": 1, "六月": 1, "十号": 1, "态度": 1, "棒": 1, "部门": 1, "协调": 1, "股价": 1, "集体": 1, "下跌": 2, "经济化": 1, "惨遭": 1, "稳定": 1, "压力": 1, "老话": 1, "路": 2, "敌人": 1, "高管": 1, "菜价": 1, "美国商务部": 1, "会议": 1, "措施": 1, "供货": 1, "透露": 2, "人称": 1, "芯片商": 1, "卖": 2, "零件": 2, "知情者": 1, "一共": 1, "买": 1, "七百亿": 1, "美金": 2, "一百多亿": 1, "包括": 1, "智能机": 1, "手表": 1, "安排": 1, "遵守": 1, "关系": 1, "传达": 1, "赛灵": 1, "拒绝": 1, "言论": 1}