{"美国": 14, "声称": 1, "引渡": 3, "孟晚舟": 3, "华为": 115, "北京": 2, "接连": 1, "足以": 1, "震撼": 1, "所有人": 1, "消息": 3, "：": 19, "1": 3, "、": 38, "全球": 17, "首款": 6, "5G": 79, "基站": 29, "核心": 7, "芯片": 24, "——": 7, "天罡": 7, "正式": 4, "发布": 10, "会上": 2, "常务": 3, "董事": 3, "运营商": 4, "BG": 2, "总裁": 3, "丁耘": 4, "展示": 7, "集成度": 1, "算力": 2, "频谱": 4, "带宽": 3, "都": 11, "突破性": 1, "进展": 1, "集成": 2, "首次": 1, "低": 2, "天面": 1, "尺寸": 3, "规格": 1, "支持": 8, "大规模": 4, "源PA": 1, "功放": 1, "无源": 1, "阵子": 1, "强大": 1, "2.5": 2, "倍": 7, "运算": 1, "能力": 1, "提升": 6, "搭载": 5, "算法": 1, "Beamforming": 1, "波束": 1, "赋形": 1, "控制": 1, "高达": 3, "业界": 2, "64路": 1, "通道": 1, "3": 7, "宽": 1, "200M": 2, "一步到位": 2, "未来": 3, "网络": 10, "部署": 6, "需求": 2, "缩小": 3, "超": 2, "50%": 2, "重量": 4, "减轻": 2, "23%": 2, "功耗": 1, "节省": 3, "21%": 1, "安装": 6, "时间": 4, "标准": 2, "4G": 10, "一半": 4, "现场": 5, "Massive": 1, "MIMO": 1, "64T64": 1, "R": 1, "(": 1, "64": 2, "发": 2, "收": 1, ")": 1, "扇": 1, "窗": 1, "大小": 1, "截至": 1, "2018年": 4, "中国": 12, "预商": 1, "测试": 2, "验证": 1, "2019年": 1, "1月": 4, "9日": 1, "刀片式": 1, "创新性": 1, "采用": 2, "统一": 1, "模块化": 1, "设计": 3, "技术": 13, "突破": 2, "2018": 1, "年度": 1, "国家": 20, "科学": 1, "进步奖": 1, "一等奖": 1, "；": 1, "单元": 1, "刀片化": 1, "模块": 1, "任意": 1, "拼装": 2, "积木": 1, "简单": 3, "便捷": 2, "会场": 1, "内": 4, "名": 2, "工人": 1, "演示": 1, "过程": 1, "只用": 1, "分钟": 1, "产品线": 1, "杨超斌": 1, "系列": 2, "全场": 1, "景极": 1, "简": 2, "解决": 2, "方案": 1, "兑现": 1, "极致": 1, "性能": 6, "体验": 2, "大幅": 1, "运维": 2, "效率": 1, "透露": 1, "30": 2, "商用": 8, "合同": 4, "欧洲": 1, "18": 1, "中东": 1, "9": 1, "亚太": 1, "地区": 1, "25000": 2, "世界各地": 1, "不久前": 1, "采访": 2, "任正非": 10, "拥有": 2, "2570": 1, "项": 1, "专利": 1, "提案": 1, "数量": 2, "3045": 1, "处于": 1, "行业": 1, "第一": 3, "信心": 1, "领先": 4, "产品": 4, "别人": 3, "想": 4, "买": 3, "不行": 1, "终端": 10, "高清": 1, "电影": 3, "秒": 3, "下载": 2, "完华": 1, "消费者": 3, "业务": 3, "CEO": 2, "余承东": 2, "快": 5, "模": 2, "Balong5000": 3, "首款单": 1, "多模": 1, "3G": 3, "具备": 1, "能耗": 2, "延迟": 1, "短": 1, "特性": 1, "推出": 1, "速率": 4, "5": 1, "GCPE": 1, "接收": 2, "Wi-Fi": 2, "信号": 3, "无线": 1, "接入": 1, "设备": 11, "搭配": 1, "款": 5, "CPE": 8, "智能": 6, "家居": 1, "协议": 1, "覆盖": 1, "增强": 2, "30%": 1, "WI-Fi6": 1, "上网": 1, "4": 3, "速度": 3, "WiFi": 1, "发布会": 5, "吓人": 2, "秒钟": 2, "缓存": 2, "超清": 2, "文件": 2, "Cat4": 1, "相比": 4, "21": 2, "一口气": 2, "多见": 1, "MWC": 2, "期间": 1, "台": 3, "折": 1, "叠屏": 1, "手机": 20, "世界": 5, "通信": 9, "大会": 2, "25日": 3, "~": 1, "28日": 1, "西班牙": 2, "巴塞罗那": 3, "三": 4, "告诉": 1, "生活": 1, "引领": 2, "这次": 2, "革命": 1, "追赶": 2, "美": 1, "欧": 7, "中国人": 1, "傲娇": 1, "回": 1, "一代": 1, "领域": 4, "我国": 2, "远远": 1, "落后": 1, "西方": 7, "企业": 5, "学习": 2, "努力": 1, "伴随": 1, "民族": 1, "品牌": 2, "崛起": 3, "一路": 1, "接近": 1, "先进": 1, "水平": 1, "四": 2, "并驾齐驱": 1, "如今": 4, "五代": 1, "出货量": 2, "2.06亿": 1, "部门": 4, "去年": 4, "销售": 2, "520亿": 1, "美金": 1, "营收": 1, "这是": 4, "三星": 3, "苹果": 3, "第三": 1, "2亿": 1, "会议": 1, "最早": 1, "厂商": 1, "忙": 1, "不堪手段": 1, "围堵": 2, "阻止": 4, "纠集": 1, "打手": 1, "加拿大": 2, "计划": 1, "实力": 4, "给予": 2, "回击": 1, "话语": 1, "力量": 2, "来源": 1, "财经": 2, "观潮": 1, "环球网": 1, "东北": 1, "新闻网": 1, "重磅": 1, "！": 12, "绝不": 1, "组织": 1, "威胁": 2, "停步": 1, "刚刚": 1, "举办": 2, "面向": 1, "Balong": 1, "5000": 6, "巴龙": 5, "以往": 2, "这不": 3, "PPT": 1, "用于": 3, "单芯片": 1, "2G": 2, "多种": 1, "制式": 1, "率先": 2, "NSA": 1, "SA组网": 1, "方式": 3, "FDD": 1, "TDD": 1, "频段": 1, "标杆": 1, "峰值": 3, "理想": 1, "情况": 5, "6.5G": 1, "4.6G": 1, "网速": 1, "10": 3, "包括": 2, "家庭": 1, "宽带": 1, "车载": 1, "模组": 1, "场景": 1, "开启": 1, "时代": 5, "钥匙": 1, "Pro": 4, "转化": 2, "类似于": 1, "路由器": 2, "上一代": 2, "体积": 1, "45%": 2, "60%": 2, "2月": 1, "电信展": 1, "折叠": 1, "雄厚": 1, "端": 2, "毫不客气": 1, "奏响": 1, "序章": 1, "签约": 1, "商业": 5, "发货量": 1, "超过": 2, "文君": 3, "订单": 1, "雪花": 1, "飘": 1, "阻挡": 1, "运营": 1, "霸气": 1, "对手": 1, "才能": 1, "追上": 1, "数据": 2, "买华": 1, "傻": 3, "肌肉": 1, "激动人心": 1, "22日": 1, "提出": 1, "以此": 1, "敏感": 2, "时刻": 1, "展现": 1, "肌肉男": 1, "威慑力": 1, "面对": 2, "为由": 1, "排除": 1, "采购": 1, "名单": 1, "创始人": 2, "自信": 1, "老爷子": 1, "充满": 1, "底气": 2, "最终": 3, "很多": 4, "东西": 1, "或许": 2, "考验": 1, "回答": 3, "AI": 1, "规划": 2, "还要": 1, "很": 6, "长": 1, "也就是说": 1, "至少": 3, "同行": 1, "规模": 1, "极简": 3, "架构": 2, "站点": 1, "条件": 2, "唯一": 1, "一个": 14, "供应商": 3, "传统": 5, "大型": 1, "吊车": 1, "市场": 3, "一点点": 1, "费时": 1, "费": 1, "人工": 1, "公斤": 1, "隆重": 2, "亮相": 1, "新基站": 1, "图片": 1, "清晰": 2, "对比": 3, "杆": 1, "建设": 3, "成年": 1, "男子": 1, "牛逼": 1, "在于": 2, "市面": 1, "90%": 1, "更改": 1, "供电": 1, "升级": 1, "减少": 2, "如此一来": 1, "搭建": 1, "成本": 3, "发达国家": 1, "家大业大": 1, "钱": 1, "浪费": 1, "就算": 1, "政府": 3, "民众": 1, "同意": 1, "羊毛出在羊身上": 1, "都会": 1, "摊到": 1, "身上": 2, "铺设": 1, "光纤": 2, "配合": 1, "电脑": 1, "电视": 1, "全世界": 2, "辐射": 1, "G基站": 1, "容量": 1, "事实上": 2, "一开始": 1, "这项": 1, "针对": 5, "毕竟": 1, "占": 1, "投资": 1, "地广人稀": 1, "实际上": 3, "高等": 1, "农村": 2, "别墅": 1, "群": 1, "每家": 1, "每户": 1, "铺": 1, "进去": 1, "畅享": 1, "写": 1, "声": 2, "中华": 4, "有为": 3, "注定": 1, "场": 1, "非凡": 1, "旅": 1, "企及": 1, "追逐": 1, "背后": 2, "500": 1, "专家": 2, "5000多": 1, "工程师": 1, "历经": 1, "10年": 1, "默默": 1, "研究": 11, "研发": 5, "冰山": 1, "一角": 1, "18万": 1, "员工": 1, "人员": 1, "占到": 1, "投入": 4, "销售额": 1, "15%": 1, ".": 1, "150亿": 1, "美元": 1, "位居": 1, "第二": 1, "学": 1, "研一体": 1, "体系": 1, "值得": 1, "700多": 1, "数学家": 1, "800多": 1, "物理学家": 1, "120多": 1, "化学家": 1, "6000多": 1, "基础": 12, "无底洞": 1, "大部分": 1, "大学": 1, "科学家": 1, "干": 1, "活": 1, "工业": 1, "试验": 1, "才": 1, "生产": 3, "极其": 1, "重视": 5, "关系": 3, "极寒": 2, "拍照": 5, "死机": 1, "南极": 2, "运行": 1, "科学家们": 1, "发明": 1, "胶水": 1, "抗": 1, "保证": 2, "侵害": 1, "拍摄": 1, "照片": 1, "社会": 2, "发展": 1, "极大": 1, "动力": 2, "鼓励": 1, "总部": 1, "播放": 1, "纪录片": 1, "内容": 1, "教育": 8, "科研": 1, "产业": 1, "诞生": 1, "振兴": 1, "公司": 5, "内部": 2, "宣传片": 1, "二三十年": 1, "发生": 1, "翻天覆地": 1, "变化": 1, "来源于": 1, "科技": 1, "产研": 1, "一体化": 1, "更新": 1, "太": 3, "模式": 1, "更新换代": 1, "学校": 1, "基础教育": 2, "强盛": 1, "小学": 1, "教室": 1, "讲台": 1, "思想": 1, "企业家": 1, "体现": 2, "淋漓尽致": 1, "马云": 5, "星期": 1, "乡村": 3, "教师": 3, "奖": 1, "颁奖": 1, "典礼": 1, "奖励": 1, "20万": 1, "元": 1, "送": 1, "游学": 1, "商人": 1, "事情": 1, "300万": 1, "4000万": 1, "儿童": 1, "义务": 1, "做好": 1, "孩子": 1, "文化": 2, "文盲": 1, "一步步": 1, "负担": 1, "无关": 1, "命运": 1, "所在": 2, "仅仅": 1, "经济": 3, "大放异彩": 1, "畸形": 1, "颠覆": 1, "这才": 1, "期待": 1, "作者": 1, "|": 1, "周文君": 1, "销量": 4, "好不": 1, "配置": 6, "价格": 4, "iPhone": 2, "XS": 2, "Max": 2, "算": 2, "浮夸": 1, "带": 1, "至关重要": 1, "作用": 2, "例外": 1, "下半年": 1, "Mate20": 9, "nova4": 13, "后者": 2, "贵": 2, "不少": 1, "碾压": 1, "机友们": 4, "选择": 2, "原因": 3, "弱": 2, "这话": 1, "客观": 1, "定位": 1, "OV": 2, "旗舰": 3, "机型": 1, "类似": 2, "骁龙6系": 1, "骁龙7": 1, "处理器": 4, "麒麟": 2, "970": 1, "算是": 1, "高配": 1, "差异": 1, "之中": 2, "早": 1, "980": 1, "剩下": 1, "嫌弃": 1, "情理": 1, "主打": 1, "功能": 1, "外观": 3, "拍手": 1, "叫好": 1, "打孔屏": 1, "屏幕": 1, "比起": 1, "开孔屏": 1, "开孔": 1, "别扭": 1, "水滴屏": 1, "好看": 1, "不再": 1, "摄": 2, "后置": 1, "感觉": 1, "差别": 1, "徕卡": 1, "认证": 1, "水准": 1, "价位": 1, "出色": 1, "较量": 1, "丝毫": 1, "胜": 1, "算了": 1, "评分": 1, "DXOmark": 1, "排行榜": 1, "P20": 1, "榜单": 1, "位置": 1, "新一代": 1, "加持": 1, "魅力": 1, "离谱": 1, "机友": 1, "接受": 3, "最高端": 1, "口碑": 1, "参考": 1, "消息网": 1, "报道": 2, "公平": 1, "对待": 1, "23日": 1, "达沃斯": 1, "论坛": 1, "间隙": 1, "媒体": 4, "访问": 1, "新西兰": 6, "总理": 1, "阿德恩": 3, "如是说": 1, "路透社": 1, "此前": 2, "盟友": 1, "理由": 1, "该国": 2, "11月": 1, "情报": 2, "机构": 1, "本国": 1, "电信": 1, "Spark": 2, "这家": 2, "英国": 4, "援引": 1, "关乎": 2, "框架": 4, "有用": 1, "指出": 1, "立法": 1, "提供": 1, "机会": 1, "关切": 1, "舆论": 3, "态度": 2, "转缓": 1, "不止": 1, "每日": 1, "电讯报": 1, "称": 5, "大臣": 1, "杰里米·赖特": 1, "Jeremy": 1, "Wright": 1, "当局": 1, "禁止": 2, "意味着": 1, "竞标": 1, "性质": 1, "质疑": 2, "法国": 5, "外长": 1, "意识": 1, "带来": 1, "风险": 1, "彭博社": 1, "参与": 1, "草拟": 1, "第五": 2, "审查": 1, "议员": 1, "希望": 1, "抵制": 1, "确保": 1, "下一代": 1, "通讯": 1, "安全性": 2, "引述": 1, "国民": 1, "议会": 1, "事务": 1, "委员会": 1, "主席": 1, "罗兰·莱斯屈尔": 1, "Roland": 1, "Lescure": 1, "寻求": 1, "……": 1, "想要": 1, "多样性": 1, "种种": 1, "迹象": 1, "不时": 1, "打压": 3, "噪音": 1, "政策": 1, "层面": 1, "轻易": 1, "把门": 1, "关死": 1, "究": 1, "国际": 2, "研究院": 1, "学者": 1, "李峥": 1, "分析": 1, "本轮": 2, "并非": 1, "高度": 1, "驱动": 1, "华": 2, "友好": 1, "保守": 1, "势力": 1, "商界": 1, "相关": 1, "缓和": 1, "政党": 1, "政治": 1, "人物": 1, "认同": 1, "近期": 1, "国内外": 1, "国内": 1, "关心": 1, "公关": 1, "活动": 1, "缓解": 1, "外界": 1, "偏见": 1, "基于": 1, "猜测": 1, "信誉": 1, "恢复": 1, "起到": 1, "李": 1, "峥": 1, "进一步": 1, "潜在": 1, "越来越": 1, "经贸": 2, "往来": 1, "合作": 2, "交往": 1, "组成部分": 1, "激烈": 1, "损害": 1, "影响": 1, "观察": 1, "多年": 1, "扎实": 1, "认可": 1, "新加坡": 1, "联合": 1, "早报": 1, "轮值": 1, "胡厚崑": 1, "接下来": 1, "预测": 1, "智能型": 1, "6月": 1, "登陆": 1, "为首": 1, "试图": 1, "阵线": 1, "战术": 1, "恐怕": 1, "终究": 1, "难以": 1, "成功": 1, "裂缝": 1, "展台": 1, "电子屏": 1, "新华社": 1}