{"近日": 2, "美国": 29, "华为": 232, "打造": 1, "封锁圈": 1, "破裂": 1, "欧盟": 2, "跟着": 1, "胡闹": 1, "成员": 1, "纷纷": 2, "松口": 1, "英国": 6, "本月": 2, "23日": 3, "带头": 1, "参加": 1, "当地": 2, "5G": 50, "建设": 8, "出头": 1, "欧洲": 7, "国家": 24, "态度": 4, "不言而喻": 1, "亚洲": 2, "地区": 2, "盟友": 1, "选择": 7, "开绿灯": 1, "牵头": 1, "韩国": 3, "首尔": 1, "展开": 1, "基础": 2, "工作": 4, "东南亚": 1, "来华": 1, "机会": 6, "点名": 1, "会面": 1, "形势": 1, "可谓": 2, "大好": 1, "自然": 5, "大势已去": 1, "禁止": 2, "本身": 1, "毫无道理": 1, "企业": 10, "都": 37, "设备": 9, "很": 13, "难": 1, "说服": 1, "盟友们": 1, "接连": 1, "倒戈": 1, "不得不": 1, "服软": 1, "绿灯": 2, "环球": 1, "时报": 1, "26日": 2, "援引": 1, "法国": 2, "国际": 1, "广播": 2, "电台": 1, "消息": 5, "安全局": 1, "高级": 2, "官员": 1, "乔伊斯": 2, "场": 2, "网络": 23, "会议": 1, "五": 3, "眼": 3, "联盟": 2, "敏感": 5, "公司": 32, "生产": 3, "因素": 1, "大伙": 1, "提出": 2, "条件": 3, "表达": 2, "层": 1, "意味着": 2, "产品": 11, "发生": 4, "相当于": 1, "默认": 1, "涉及": 3, "情报": 2, "互通": 1, "找": 1, "台阶": 1, "恢复": 1, "合作": 19, "顾及": 2, "面子": 3, "遮遮掩掩": 1, "、": 63, "核心": 1, "说事": 1, "实际上": 4, "到底": 2, "一个": 24, "界限": 1, "加上": 1, "针对": 1, "保护": 1, "毕竟": 4, "嚷嚷": 1, "到头来": 1, "收回成命": 1, "件": 2, "多么": 1, "事情": 3, "相关": 6, "专家": 1, "节点": 1, "必将": 1, "落于": 1, "这是": 6, "重要性": 1, "想方设法": 1, "如今": 2, "共享": 1, "组织": 3, "手机": 48, "头条": 1, "奇怪": 1, "防水": 10, "进水": 4, "保修": 4, "话题": 1, "焦点": 1, "事件": 2, "起因": 1, "成都": 1, "市民": 1, "P30": 20, "Pro": 6, "掉进": 1, "马桶": 2, "捞": 1, "申请": 1, "售后": 1, "给出": 2, "：": 14, "人为": 1, "原因": 8, "损坏": 4, "支付": 1, "维修": 2, "费用": 2, "答复": 2, "这位": 1, "用户": 13, "气愤": 1, "宣传": 9, "标注": 5, "IP68": 7, "防尘": 2, "标准": 2, "IP": 6, "68": 6, "代表": 7, "1.5": 3, "米": 3, "水深": 3, "至少": 1, "半": 1, "小时": 1, "运行": 5, "内部": 3, "认证": 2, "超过": 5, "争论": 1, "真的": 2, "P30Pro": 1, "的确": 2, "测试": 6, "详细": 2, "指出": 2, "Pro非": 1, "专业": 1, "同意": 1, "实验室": 3, "可控": 1, "环境": 2, "结论": 1, "流动": 2, "清水": 1, "水温": 1, "温度": 1, "差别": 1, "5": 1, "摄氏度": 1, "以内": 1, "简而言之": 1, "任意": 1, "起效": 1, "水体": 1, "含有": 1, "盐分": 1, "腐蚀性": 1, "化学": 1, "物质": 1, "失效": 1, "意外": 1, "内": 6, "法理": 1, "角度": 2, "索要": 1, "做错": 1, "误导": 2, "才": 9, "导致": 3, "悲剧": 1, "有意": 1, "放入": 1, "水": 2, "质疑": 1, "做法": 3, "广告": 2, "日常": 1, "生活": 3, "只能": 2, "保证": 1, "水溅": 1, "情况": 3, "不仅仅": 1, "早": 5, "功能": 3, "索尼": 11, "类似": 2, "泡": 1, "海水": 1, "欺骗": 1, "集体": 1, "诉讼": 2, "形式": 2, "告上": 1, "法庭": 2, "判决": 1, "虚假": 3, "达成": 2, "和解": 1, "协议": 1, "估计": 1, "有人": 2, "难道": 2, "算": 1, "判": 1, "水下": 3, "拍照": 2, "画面": 1, "对外": 1, "重点": 3, "起诉": 1, "不少": 3, "这才": 2, "法院": 1, "判定": 1, "例子": 2, "少见": 1, "三星": 6, "苹果": 8, "厂商": 4, "宣称": 1, "拥有": 6, "笔者": 1, "旁边": 1, "清晰": 1, "如同": 2, "败诉": 1, "请": 3, "水里": 1, "！": 5, "中国": 31, "世界": 10, "优秀": 2, "通讯": 5, "制造商": 6, "近些年": 1, "发展": 10, "突飞猛进": 1, "这家": 7, "总部": 17, "国外": 5, "科技": 8, "媒体": 4, "探访": 2, "蜻蜓点水": 1, "体现": 1, "独特": 1, "文化": 4, "价值": 3, "兄": 3, "深圳": 8, "搬到": 2, "东莞": 9, "罕见": 1, "位于": 5, "广东省": 3, "东莞市": 4, "松山湖": 2, "牛角": 3, "校区": 2, "巨头": 5, "智能": 15, "新建": 3, "园区": 30, "报道": 6, "最多": 3, "容纳": 8, "2.5万": 3, "名": 6, "员工": 13, "CNBC": 3, "全国": 2, "全球": 10, "雇佣": 1, "数十万": 1, "座": 5, "解决": 2, "全方位": 1, "服务": 6, "1.": 1, "仿照": 1, "城市": 15, "设计": 5, "Ox": 1, "Horn": 1, "南方": 1, "财经": 1, "频道": 1, "分成": 1, "12": 4, "城镇": 5, "模仿": 3, "电车": 2, "系统": 8, "足够": 3, "25000": 1, ".": 14, "诞生": 3, "32": 2, "年前": 1, "任正非": 16, "2.1万": 2, "元": 25, "带入": 1, "领先": 4, "地位": 3, "1987年": 2, "创立": 3, "朋友": 1, "带": 1, "人民币": 8, "创业": 3, "路": 2, "历经": 2, "成长": 3, "电信": 2, "仅次于": 1, "第二": 1, "3": 3, "很多": 16, "依然": 3, "摩擦": 2, "难以": 2, "市场": 14, "占有率": 1, "鲜为人知": 1, "禁售": 1, "部门": 4, "此前": 6, "CFO": 1, "孟晚舟": 1, "加拿大": 1, "被捕": 1, "引渡": 1, "尤为": 1, "关注": 8, "高度": 2, "保密": 3, "闻名": 2, "记者": 1, "早些时候": 1, "终于": 1, "首次": 2, "获准": 1, "4.2018年": 1, "销售额": 3, "1085亿": 2, "美元": 6, "一季度": 6, "销量": 2, "5900万": 4, "台": 5, "发布": 9, "2019年": 5, "财报": 4, "显示": 6, "销售": 6, "收入": 7, "1797亿": 2, "同比": 7, "增长": 15, "39%": 2, "高达": 4, "去年": 4, "全年": 4, "7311亿": 1, "2018年": 6, "2017年": 2, "21%": 1, "高速": 1, "5.": 1, "下半年": 2, "搬迁": 1, "过程": 1, "耗费": 1, "资金": 1, "100亿": 1, "占地": 2, "面积": 1, "1900": 1, "亩": 1, "采用": 2, "欧式": 1, "风格": 1, "城堡": 6, "保留": 1, "6": 1, "仅仅": 4, "一半": 1, "外媒": 1, "称": 5, "南部": 1, "所在地": 2, "北面": 1, "后者": 1, "多达": 1, "5万": 1, "7.": 1, "神秘": 1, "9": 4, "平方公里": 1, "(": 2, "3.5": 1, "平方英里": 1, ")": 2, "8": 1, "各类": 2, "设施": 3, "齐全": 1, "庞大": 3, "发现": 3, "设置": 1, "办公": 2, "包括": 3, "工厂": 3, "区域": 2, "住房": 1, "笔记本": 3, "电脑": 4, "数千": 1, "旗下": 1, "涵盖": 1, "面向": 1, "技术": 15, "10": 3, "行业": 6, "领先者": 1, "提供": 8, "无线": 2, "互联网": 8, "接入": 1, "方案": 2, "建立": 2, "优势": 5, "领域": 16, "基于": 2, "软件": 2, "大规模": 3, "运营": 1, "服务器": 1, "机房": 1, "一角": 1, "11": 2, "俯瞰": 1, "地方": 1, "相比": 1, "厂房": 1, "显得": 2, "单调": 1, "乏味": 1, "城战": 1, "划分": 1, "独立": 1, "2000": 1, "13": 1, "复制": 1, "著名": 1, "风景": 1, "灵感": 2, "巴黎": 1, "意大利": 1, "维罗纳": 1, "格拉纳达": 1, "西班牙": 1, "比利时": 1, "布鲁日": 1, "匈牙利": 1, "布达佩斯": 1, "自由桥": 1, "完整": 2, "复制品": 1, "14": 2, "研发": 4, "特色": 2, "坐落": 1, "人工湖": 1, "德国": 2, "海德堡": 1, "彭博社": 1, "Bloomberg": 1, "秘密": 1, "研究": 2, "15": 2, "延迟": 2, "满足感": 2, "最初": 1, "湖": 2, "黑天鹅": 2, "随处可见": 1, "天鹅": 1, "16": 2, "竟然": 2, "穿梭": 2, "红色": 1, "公交车": 1, "员工们": 1, "代步": 2, "之间": 4, "鲜红色": 1, "列车": 1, "环绕": 1, "17": 1, "走完": 2, "圈": 2, "长": 3, "22": 2, "分钟": 2, "坐": 1, "18": 1, "随处": 1, "见到": 1, "配备": 2, "可视": 1, "摄像头": 7, "业务": 19, "无数": 2, "尤其是": 1, "联通": 22, "高通": 12, "短暂": 1, "3G": 1, "时代": 5, "部署": 1, "也许": 2, "绝佳": 1, "站": 3, "抓住": 1, "国内": 9, "厂家": 3, "开发": 3, "最终": 4, "发": 1, "想必": 1, "到来": 1, "节省": 1, "成本": 2, "一点": 9, "替代": 2, "异曲同工之妙": 1, "明白": 2, "世贸": 1, "大家庭": 1, "想要": 4, "走": 2, "进来": 1, "分享": 1, "联合": 1, "终端": 13, "基本上": 1, "开心": 1, "值得": 1, "庆幸": 1, "同行": 1, "竞争": 3, "检验": 1, "好坏": 1, "事实": 2, "说话": 1, "4G": 4, "占优势": 1, "实力": 4, "雄厚": 1, "全力": 1, "加把劲": 1, "赶上": 1, "步伐": 2, "上海": 3, "7": 1, "试用": 4, "享誉": 1, "盛名": 1, "强势": 1, "逼": 1, "就范": 1, "不和": 1, "变得": 4, "缓慢": 1, "取代": 2, "差距": 1, "花": 1, "价钱": 1, "必选": 1, "子公司": 2, "努比亚": 1, "一加": 1, "Ov": 1, "中兴": 1, "小米": 6, "面对": 2, "对手": 2, "国产": 1, "无疑": 1, "吸引力": 1, "势均力敌": 1, "输家": 1, "铺设": 2, "前段": 1, "时间": 8, "携手": 1, "率先": 1, "打通": 1, "第一": 4, "LampSite": 1, "室内": 1, "数字": 1, "电话": 1, "信任": 1, "抉择": 1, "看好": 1, "留言": 2, "4月": 7, "25日": 2, "EMUI": 8, "沙龙": 1, "活动": 2, "京": 1, "举办": 1, "消费者": 8, "BG": 1, "总裁": 5, "王成录": 1, "与会": 1, "解读": 1, "9.1": 5, "黑科技": 3, "——": 8, "方舟": 15, "编译器": 17, "曝出": 1, "老": 4, "机型": 7, "升级": 8, "陆续": 3, "适配": 6, "支持": 6, "赢得": 1, "赞誉": 1, "安卓": 8, "性能": 3, "革命性": 1, "突破": 2, "发布会": 1, "搭载": 3, "亮相": 1, "业界": 2, "工具": 1, "程序": 4, "编译": 4, "机制": 3, "提升": 6, "流畅度": 3, "补齐": 1, "短板": 1, "连接": 1, "人类": 1, "机器": 3, "桥梁": 1, "程序员": 1, "翻译": 1, "官": 1, "全新": 2, "静态": 2, "方式": 1, "虚拟机": 1, "模式": 2, "供": 2, "开发者": 3, "一次性": 1, "语言": 1, "机器码": 1, "安装": 1, "全速": 1, "带来": 4, "效率": 1, "极大": 1, "官方": 2, "数据": 6, "操作": 1, "24%": 1, "响应": 1, "44%": 1, "足以": 1, "紧密": 1, "内存": 3, "管理": 2, "回收": 6, "全局": 1, "暂停": 2, "随机卡顿": 1, "根因": 1, "高效": 1, "无需": 1, "随时": 2, "提高": 1, "速度": 3, "探索": 3, "极限": 1, "主动": 1, "开源": 2, "引领": 1, "变革": 4, "成果": 1, "背后": 2, "艰苦卓绝": 1, "奋斗": 1, "长久": 1, "蛰伏": 1, "2009年": 1, "编译组": 1, "10余": 1, "砥砺": 1, "得以": 1, "面世": 1, "EMUI早": 1, "切身": 1, "体验": 5, "品牌": 1, "初衷": 1, "完善": 1, "肌肉": 1, "以此": 1, "回馈": 1, "介绍": 2, "8月": 1, "大会": 2, "框架": 1, "代码": 2, "11月": 2, "绿盟": 1, "公布": 4, "邀请": 1, "产业": 2, "生态": 2, "老机型": 1, "迎重": 1, "磅": 1, "福利": 6, "深远": 2, "影响": 5, "关心": 3, "亲身": 1, "渠道": 1, "期待": 1, "情": 1, "网上": 1, "喊话": 1, "工程师": 1, "加班": 1, "推进": 3, "及早": 1, "加持": 1, "极速": 1, "本次": 3, "结束": 1, "官微": 3, "放出": 1, "最新": 1, "动态": 1, "系列": 13, "提": 1, "日程": 1, "紧锣密鼓": 1, "当中": 1, "信息": 5, "累计": 1, "共有": 1, "49": 1, "款": 7, "计划": 2, "EMUI9.1": 1, "Mate": 3, "四": 2, "公测": 1, "P10": 1, "荣耀": 1, "nova": 3, "4": 2, "25": 2, "开启": 4, "内测": 1, "招募": 1, "；": 7, "4e": 1, "畅享": 1, "Plus": 1, "加快": 1, "免责": 1, "声明": 1, "此文": 1, "内容": 7, "网站": 1, "刊发": 1, "转载": 1, "资讯": 1, "作者": 1, "观点": 2, "本网": 1, "无关": 1, "读者": 1, "参考": 1, "自行": 1, "核实": 1, "本站": 3, "平台": 1, "页面": 1, "展示": 1, "目的": 1, "在于": 1, "传播": 1, "立场": 1, "金融": 2, "投资": 36, "建议": 1, "本文": 1, "合法": 1, "权益": 1, "含": 1, "文章": 1, "图片": 2, "来源": 4, "中华网": 1, "段": 2, "一反常态": 1, "高调": 3, "连带": 1, "创始人": 2, "接受": 4, "采访": 5, "直爽": 1, "提问": 1, "坦诚": 3, "回答": 1, "尖锐": 1, "不用": 1, "担忧": 1, "喜欢": 1, "年轻": 1, "亲": 3, "美": 1, "至今": 1, "言论": 1, "博取": 1, "好感": 1, "确实": 2, "中国人": 1, "弯弯": 1, "绕绕": 1, "优点": 1, "缺点": 1, "问及": 2, "外来": 1, "生存": 3, "盈利": 1, "担心": 2, "一二月份": 1, "增加": 1, "35.8%": 1, "前不久": 1, "季度": 2, "恐怖": 2, "出货量": 1, "控制": 2, "大事": 1, "大单": 1, "落": 1, "爱立信": 3, "手中": 1, "出价": 1, "210亿": 1, "低": 2, "整整": 1, "百分点": 1, "超低": 1, "价格": 18, "拿下": 1, "单子": 1, "报价": 1, "超低价": 1, "著称": 1, "提到": 3, "对此": 2, "解释": 1, "学习": 1, "空间": 2, "降低": 1, "挤压": 2, "以往": 1, "定价": 3, "售价": 9, "比价": 1, "改变": 2, "策略": 3, "低价": 1, "占有": 2, "办法": 1, "兴奋": 1, "打压": 1, "短短的": 1, "30年": 1, "庞然大物": 1, "太": 3, "快": 1, "团队": 1, "懈怠": 1, "衰落": 1, "之中": 1, "管理层": 1, "钱": 1, "努力": 1, "上上下下": 1, "感到": 1, "压力": 1, "团结": 1, "万众一心": 1, "军队": 1, "必定": 2, "强大": 1, "敌人": 1, "符合": 2, "军人": 1, "出身": 1, "75": 1, "岁": 1, "这几年": 1, "略": 1, "挖出": 1, "低调": 1, "走到": 1, "眼中": 1, "一家": 3, "上市": 1, "对齐": 1, "刮目相看": 1, "早就": 1, "500": 1, "新闻": 1, "11日": 1, "国行版": 1, "开售": 1, "3988": 2, "5488": 2, "下午": 2, "条": 3, "入手": 1, "购机": 1, "总体": 2, "挺": 1, "吸引": 1, "携程": 1, "旅行": 1, "超级": 3, "会员卡": 1, "存储": 1, "购买": 2, "优惠券": 1, "沪江": 1, "网校": 1, "学习卡": 1, "尊享": 1, "开机": 1, "礼包": 1, "份": 1, "网易": 1, "考拉红": 1, "卡年卡": 1, "会员": 1, "阅读": 1, "免费": 2, "VIP": 2, "权限": 1, "音乐": 1, "买": 4, "1月": 2, "送": 1, "优惠": 1, "钱包": 1, "京津冀": 1, "互联": 1, "互通卡": 1, "开卡": 1, "上半年": 1, "旗舰": 1, "6.1": 1, "英寸": 2, "OLED": 2, "屏": 1, "屏内": 2, "指纹": 2, "前置": 2, "3200": 2, "W像素": 3, "后置": 2, "三": 3, "4000W": 2, "1600W": 1, "800W像素": 1, "麒麟980": 2, "处理器": 2, "3650": 1, "mAh": 2, "电池": 2, "22.5W": 1, "快充": 3, "8GB": 6, "+": 6, "64": 1, "GB": 1, "128GB": 2, "4288": 1, "256GB": 2, "4788": 1, "6.47": 1, "曲": 1, "面屏": 1, "屏幕": 1, "发声": 1, "2000W": 1, "800": 1, "TOF": 1, "镜头": 1, "4200": 1, "40W": 1, "W无线": 1, "5988": 1, "512GB": 1, "6788": 1, "Pro华": 1, "参数": 1, "提醒": 1, "搜索": 1, "中心": 2, "查看": 1, "更多": 1, "多多": 1, "7座": 4, "首批": 3, "亮": 1, "淡定": 2, "沉浸": 1, "不能自拔": 1, "迎来": 2, "将来": 1, "过去式": 1, "越来越": 1, "大部分": 1, "或者是": 1, "众多": 1, "认可": 1, "阶段": 2, "水平": 2, "上5G": 1, "三大": 1, "运营商": 5, "指定": 1, "试点": 1, "名字": 2, "杭州": 1, "南京": 1, "北京": 1, "广州": 1, "雄安": 1, "居民": 1, "幸运": 1, "用上": 1, "我国": 1, "享受": 1, "变化": 1, "出面": 1, "相辅相成": 1, "少不了": 1, "型号": 1, "LG": 1, "OPPO": 2, "很少": 1, "简单": 1, "S10": 1, "初步": 1, "8045": 1, "Galaxy": 1, "Fold": 1, "14078": 1, "Reno": 1, "6704": 1, "便宜": 3, "4538": 1, "X": 1, "16760": 1, "按理说": 1, "订到": 1, "局面": 1, "想": 1, "讨论": 1, "格隆汇": 1, "丨": 1, "1949年": 1, "伴随": 1, "百万": 1, "雄师": 1, "横渡": 1, "长江": 2, "胜利": 1, "凯歌": 1, "人民": 2, "海军": 6, "江苏": 1, "泰州": 1, "白马庙": 1, "宣告": 1, "70": 1, "年后": 1, "生日": 1, "当天": 1, "青岛": 1, "声势": 1, "浩大": 1, "阅兵": 1, "俄罗斯": 1, "印度": 2, "澳大利亚": 1, "孟加拉国": 1, "国": 2, "艘": 1, "舰艇": 1, "前来": 1, "庆祝": 1, "开来": 1, "最为": 1, "优良": 1, "引以为傲": 1, "加尔各答": 1, "隐形": 1, "导弹": 1, "驱逐舰": 1, "注定": 1, "载入": 1, "史册": 2, "图源": 1, "同一天": 1, "高科技": 1, "成立": 6, "全资": 1, "哈勃": 8, "有限公司": 2, "注册": 1, "资本": 2, "7亿": 1, "控股": 2, "有限": 1, "100%": 1, "企查查": 2, "不起眼": 1, "或许": 5, "留意": 1, "架构": 1, "商业": 1, "都会": 1, "留下": 1, "浓墨重彩": 1, "笔": 4, "一哈勃": 1, "颇": 1, "深意": 1, "望远镜": 1, "1990年": 1, "搭乘": 1, "号": 1, "航天": 1, "飞机": 1, "太空": 3, "传奇": 1, "一生": 1, "法定": 1, "代表人": 1, "总经理": 1, "董事长": 1, "均": 4, "财务": 3, "老兵": 1, "白熠": 1, "现任": 2, "风险": 1, "担任": 4, "办公室": 1, "副总裁": 2, "此次": 2, "任命": 2, "委以": 1, "重任": 1, "董事": 1, "民": 1, "周永杰": 1, "海思": 1, "半导体": 1, "多年": 2, "通信": 4, "从业": 1, "经历": 1, "抽调": 1, "大将": 1, "经营": 1, "股权": 2, "举措": 2, "一向": 1, "敬而远之": 1, "人力": 4, "资源部": 1, "签署": 1, "126": 1, "文": 1, "原则": 1, "碰": 1, "讲话": 1, "IRB": 1, "方向": 1, "聚焦": 4, "航道": 1, "梳理": 2, "乱": 1, "主航道": 1, "茶": 1, "精力": 1, "吃": 1, "甜点": 1, "剩下": 1, "别人": 1, "轮值": 1, "主席": 1, "徐直军": 1, "集成商": 1, "开发商": 1, "培养": 1, "儿子": 2, "伙伴": 1, "打法": 1, "遵循": 1, "基本法": 2, "制定": 1, "规则": 1, "永远": 2, "服务业": 1, "主行业": 1, "组建": 1, "单独": 2, "基金": 1, "公开": 1, "记录": 2, "投资界": 2, "表格": 1, "并购": 5, "2011年": 1, "斥资": 1, "5.3亿": 1, "赛门铁克": 1, "致力于": 2, "存储器": 1, "截止": 1, "为止": 1, "战略": 3, "2014年": 1, "7月": 1, "博世": 1, "Xilinx": 1, "XMOS": 2, "规模": 5, "2620万": 1, "2005年": 1, "物联网": 3, "高性能": 1, "芯片": 1, "值得一提的是": 1, "案例": 2, "城": 1, "2500万": 1, "收购": 1, "Neul": 1, "原有": 2, "定位": 1, "纯粹": 1, "人物": 1, "朱波": 3, "2008年": 1, "说起": 1, "开端": 1, "罗永浩": 1, "人生": 1, "创办": 1, "老罗英语": 1, "嗅觉": 1, "摸索": 1, "业务部": 3, "空降": 1, "投资人": 1, "首席": 1, "市场官": 1, "项目": 1, "典型": 1, "昆仑": 1, "万维": 1, "暴风": 1, "集团": 1, "调整": 2, "离职": 1, "仅有": 1, "霸主": 1, "天下": 1, "缺少": 1, "优质": 1, "标的": 1, "压根": 1, "大费周章": 1, "另起炉找": 1, "此番": 1, "寓意": 1, "何为": 1, "二3月": 1, "29日": 1, "成绩单": 1, "7212亿": 1, "19.5%": 1, "净利润": 1, "593亿": 1, "25.1%": 1, "为首": 1, "西方": 1, "围堵": 1, "着实": 1, "板块": 2, "2940亿": 1, "减少": 1, "1.3%": 1, "终止": 1, "持续": 1, "3849亿": 1, "45.1%": 1, "顶梁柱": 1, "细分": 3, "阿里巴巴": 1, "营收": 3, "3453亿": 1, "腾讯": 3, "3127亿": 1, "22日": 1, "破天荒": 1, "70%": 1, "发货量": 1, "2.5": 1, "目标": 1, "不在话下": 1, "妥妥": 1, "拉": 1, "下马": 1, "客观": 1, "讲": 1, "引擎": 3, "确立": 3, "龙头": 2, "财力": 1, "资源": 3, "倾斜": 3, "24日": 1, "转岗": 2, "2万": 1, "CNBG": 1, "疏导": 1, "华为CBG": 1, "未来": 3, "这次": 1, "开辟": 1, "产品线": 1, "余承东": 2, "误": 1, "消化": 1, "表述": 1, "只不过": 1, "传言": 1, "新龙头": 1, "结构": 1, "B端": 4, "驱动型": 2, "C端": 7, "设立": 1, "玩法": 2, "OK": 1, "整合": 2, "碎片化": 1, "单干": 1, "互联网界": 1, "玩": 2, "风生": 1, "阿里": 2, "百度": 1, "243": 1, "诸如": 1, "娱乐": 1, "交通": 1, "体育": 1, "汽车": 2, "BAT": 3, "美团": 1, "滴滴": 1, "头条系": 1, "布局": 3, "烟火": 1, "超级赛道": 1, "再有": 1, "场景": 3, "眼花缭乱": 1, "正式": 1, "商用化": 1, "一大": 1, "波": 1, "机潮": 1, "产业链": 2, "零部件": 1, "销售商": 1, "受益": 1, "良多": 1, "穿戴": 2, "手表": 3, "头戴式": 1, "显示器": 1, "穿": 1, "戴式": 1, "摄影机": 1, "蓝牙": 1, "耳机": 1, "手环": 1, "运动": 1, "健身": 1, "监测器": 1, "爆发式": 1, "Gartner": 2, "预计": 1, "2021年": 1, "卖出": 1, "5.05亿": 1, "可穿戴": 1, "550亿": 1, "动作": 1, "份额": 1, "2.1%": 1, "5.2%": 1, "排名": 1, "第四": 1, "147%": 1, "增速": 1, "迅猛": 1, "2-3年": 1, "4000亿": 1, "家居": 1, "电视": 1, "AloT之路": 1, "音箱": 1, "家庭": 1, "入口": 1, "重磅级": 1, "选手": 1, "车联网": 2, "商用": 1, "驾驶": 1, "上路": 1, "数量": 1, "前景": 1, "垂涎欲滴": 1, "罗列": 1, "具备": 1, "不错": 1, "盯上": 1, "创新性": 1, "经济": 1, "洗牌": 1, "APP": 1, "更新": 1, "联网": 3, "家用电器": 1, "机器人": 1, "想象力": 1, "推出": 1, "平板": 1, "消费": 1, "距离": 1, "构建": 1, "物联": 1, "相差": 1, "远": 1, "碎片": 1, "能力": 1, "单纯": 1, "转折点": 1, "纵观": 1, "谷歌": 1, "亚马逊": 1, "主业": 1, "腿": 3, "走路": 3, "生生不息": 1, "长期": 1, "延续": 1, "百年": 1, "迪士尼": 1, "单条": 1, "主营": 1, "密不可分": 1, "从无到有": 1, "从小到大": 1, "从弱到强": 1, "畔": 1, "村庄": 1, "起步": 1, "一路": 3, "穿越": 1, "溪流": 1, "江河": 1, "涉过": 1, "激流": 1, "险滩": 1, "纵横": 1, "万里": 1, "海疆": 1, "勇": 1, "闯": 1, "远海": 1, "大洋": 1, "走向": 2, "深蓝": 1, "走来": 1, "血雨纷飞": 1, "饱经": 1, "风霜": 1, "磨难": 1, "苦难": 1, "中华": 1, "有为": 1, "加油": 1}