{"IT之家": 1, "9月": 2, "28日": 2, "消息": 1, "华为": 65, "首家": 1, "全球": 9, "旗舰店": 10, "深圳": 2, "万象天地": 2, "正式": 3, "开业": 3, "这是": 1, "一家": 4, "科技": 3, "、": 19, "艺术": 1, "休闲": 1, "卖场": 1, "一身": 1, "高端": 3, "选址": 1, "深证": 2, "南山": 1, "万象天": 1, "商圈": 1, "黄金": 1, "地段": 1, "众多": 3, "建筑": 2, "座": 1, "独立": 1, "三": 6, "层": 2, "楼房": 1, "占地": 1, "1300": 1, "平方米": 1, "透明": 1, "玻璃": 4, "墙体": 1, "设计": 8, "独特": 1, "显得": 1, "与众不同": 1, "采用": 9, "通透": 1, "大面积": 1, "时尚": 4, "引入": 1, "自然": 1, "采光": 1, "降低": 1, "能耗": 1, "店": 1, "内": 1, "天花": 1, "墙面": 1, "毛毡": 1, "材料": 1, "回收": 1, "自华": 1, "产品": 3, "电子": 1, "垃圾": 1, "塑料件": 1, "环保": 1, "率先": 1, "覆盖": 1, "5G": 4, "网络": 3, "拥有": 2, "场景": 1, "体验区": 1, "买单": 1, "系统": 6, "自助": 1, "购物": 1, "硬件": 1, "配置": 1, "开辟": 1, "免费": 1, "培训": 1, "课程": 1, "艺术家": 1, "沙龙": 1, "活动": 1, "▲": 1, "图片": 1, "终端": 2, "官方": 2, "当日": 1, "消费者": 5, "业务": 2, "CEO": 1, "余承东": 2, "来到": 1, "典礼": 1, "现场": 1, "目的": 2, "希望": 2, "店里": 1, "交流": 1, "体验": 2, "积累": 1, "服务": 1, "经验": 1, "落地": 1, "代表": 2, "手机": 41, "产品线": 1, "总裁": 1, "何刚": 1, "庆贺": 1, "：": 7, "拔地而起": 1, "今日": 1, "绽放": 1, "！": 6, "朋友们": 1, "前往": 1, "款": 20, "极客": 1, "谈": 1, "全新": 3, "视角": 1, "思路": 1, "伴": 1, "遨游": 1, "神奇": 1, "世界": 1, "生活": 1, "不易": 1, "喜欢": 4, "何必": 1, "无端": 1, "添加": 1, "无形": 1, "枷锁": 1, "购买": 7, "爱国": 7, "体现": 3, "源于": 2, "营造": 1, "概念": 1, "究竟": 2, "深究": 1, "舆论": 5, "高潮": 1, "在于": 1, "美国": 1, "实施": 1, "封锁": 1, "一个": 6, "程度": 2, "援助": 1, "国内": 5, "销量": 2, "高峰": 1, "之间": 4, "划等号": 1, "否定": 1, "态度": 1, "任正非": 1, "看待": 1, "公开": 1, "场合": 2, "提及": 1, "设备": 2, "喜好": 1, "因素": 1, "捆绑": 1, "选择": 8, "告诫": 1, "高管": 1, "形式": 1, "引领": 1, "我国": 2, "高科技": 1, "公司": 1, "芯片": 3, "发展": 1, "很": 4, "贡献": 1, "配件": 1, "国产": 3, "零件": 1, "尽量": 1, "扶持": 1, "供货商": 1, "本次": 2, "Mate30": 15, "系列": 3, "京东方": 1, "TCL": 1, "屏幕": 4, "零部件": 1, "均": 2, "厂家": 2, "提供": 1, "苹果": 5, "三星": 1, "小米": 1, "OV": 1, "表现": 2, "优势": 2, "第二": 1, "季度": 1, "厂商": 1, "出货": 1, "情况": 1, "对比": 4, "毫无疑问": 1, "排": 1, "榜首": 3, "共计": 1, "销售": 1, "3630万": 1, "台": 1, "市场": 1, "份额": 1, "高达": 1, "37%": 1, "也就是说": 1, "平均": 1, "之中": 1, "去年": 1, "同期": 1, "增幅": 1, "27%": 1, "二季度": 1, "销售榜": 1, "前五": 1, "增长": 2, "负增长": 1, "爆发式": 1, "难道": 1, "仅仅": 2, "并非如此": 1, "端": 1, "提升": 2, "有目共睹": 1, "自研": 1, "处理器": 8, "麒麟990": 1, "首款": 1, "内置": 1, "基带": 1, "AI性": 1, "跑分": 1, "领先": 1, "；": 3, "拍照": 6, "DXO": 1, "提出": 1, "定义": 1, "影响": 1, "说法": 1, "软件": 2, "较为": 1, "方舟": 2, "编译器": 2, "安卓": 1, "效率": 1, "程序": 1, "运行": 1, "速度": 3, "实力": 1, "传播": 1, "免得": 1, "优秀": 1, "企业": 1, "捧杀": 1, "事情": 1, "留言": 2, "讨论": 1, "点点": 1, "关注": 1, "如今": 1, "不少": 1, "选购": 1, "首要": 1, "的确": 2, "研发": 1, "持续": 1, "投入": 1, "标杆": 1, "型号": 1, "总归": 1, "好坏": 1, "难": 2, "选出": 1, "适合": 4, "值得": 1, "买": 3, "五": 2, "涵盖": 1, "价位": 3, "段": 2, "错": 1, "荣耀": 11, "9": 7, "X": 7, "千": 2, "元": 7, "游戏": 6, "神机": 2, "宣传": 1, "属性": 1, "原因": 2, "核心": 1, "性能": 4, "强悍": 2, "搭载": 1, "麒麟": 3, "810": 1, "强于": 1, "中端": 1, "神U": 1, "骁龙": 1, "730": 1, "7nm": 1, "制程": 1, "发热": 1, "降频": 1, "大型": 1, "游刃有余": 1, "通道": 1, "UFS2.1": 1, "黑科技": 1, "加持": 1, "加载": 1, "打开": 1, "友商": 1, "都": 7, "快": 1, "一大": 1, "截": 1, "6.59": 1, "英寸": 3, "升降式": 1, "屏": 1, "玩": 1, "看剧": 1, "爽": 1, "成本": 1, "平平": 1, "重量": 3, "算是": 2, "槽点": 1, "1399": 1, "起售": 2, "性价比": 4, "无敌": 1, "20S": 4, "均衡": 3, "千元机": 2, "保留": 3, "麒麟810": 1, "补足": 2, "很多": 3, "短板": 2, "升降": 1, "挖孔": 1, "缩减": 1, "172": 1, "克": 1, "手感": 2, "握持感": 2, "摄像头": 1, "升级": 2, "摄": 6, "3200W": 1, "夜景": 1, "模式": 1, "而后": 1, "广角": 1, "微距": 1, "镜头": 8, "后置": 2, "实用": 2, "蝶羽": 1, "纹理": 1, "20W": 1, "充电": 6, "功率": 1, "10W": 1, "该机": 1, "6+128GB": 1, "内存": 2, "价格": 2, "1899": 1, "想": 1, "V20": 3, "980": 1, "两千": 1, "麒麟980": 3, "4000": 1, "mAh": 2, "电池": 4, "控制": 1, "机身": 2, "尺寸": 2, "加上": 1, "背后": 1, "3D": 2, "曲面": 3, "不错": 1, "nova": 2, "5": 3, "Pro": 18, "姐姐": 1, "潮流": 2, "定位": 7, "小姐姐": 1, "出色": 1, "40W": 2, "快充": 1, "6.39": 2, "OLED": 2, "带有": 1, "屏下": 1, "指纹": 1, "四": 1, "NFC": 1, "值得一提的是": 1, "轻薄": 1, "女生": 2, "轻松": 1, "一手": 1, "背面": 3, "炫光": 1, "一道道": 1, "星芒": 1, "般的": 1, "光纹": 1, "发出": 1, "配合": 3, "漂亮": 1, "颜色": 1, "整机": 2, "时尚感": 1, "十足": 1, "Mate": 4, "顶级": 3, "工艺": 2, "30": 2, "发布": 2, "回看": 1, "旗舰机": 1, "水准": 3, "2K": 1, "高度": 1, "对称": 1, "在手": 1, "精致": 1, "圆润": 1, "翡": 1, "冷翠": 1, "配色": 1, "黄光": 1, "蚀刻": 1, "质感": 1, "浴霸式": 1, "造型": 1, "水平": 1, "4200": 1, "旗舰": 1, "感受": 1, "国行版": 1, "出人意料": 1, "这次": 1, "Pro起": 1, "步价": 1, "5799": 1, "上一代": 1, "mate20": 1, "高出": 2, "300": 2, "iPhone11": 11, "接近": 1, "用户": 5, "犯难": 1, "合适": 1, "实际上": 1, "仔细": 1, "发现": 1, "差异": 2, "外观": 5, "续航": 3, "3": 3, "机型": 6, "当中": 2, "入门级": 1, "低配": 1, "mate30": 1, "高级版": 2, "品牌": 1, "重视": 1, "太": 1, "变化": 3, "依然": 2, "刘海屏": 1, "正面": 1, "iPhoneXR": 1, "翻版": 1, "曲面率": 1, "88": 1, "度": 1, "瀑布屏": 1, "操作": 1, "取消": 1, "物联": 1, "音量": 2, "按键": 1, "改为": 1, "虚拟": 1, "条": 1, "更胜一筹": 1, "双摄": 1, "XR": 1, "基础": 1, "增加": 1, "像素": 2, "1200万": 1, "支持": 6, "倍": 4, "光学": 2, "变焦": 4, "4000万": 1, "颗": 3, "电影": 1, "超": 1, "广告": 1, "一共": 1, "4": 1, "徕卡": 1, "联合": 1, "混合": 1, "数字": 1, "DOX": 1, "网站": 1, "总分": 1, "121分": 1, "占据": 1, "位置": 1, "完胜": 1, "容量": 2, "3110": 1, "毫安": 2, "7.5W": 1, "无线": 3, "反向": 2, "4500": 1, "40": 1, "W快": 1, "27W": 1, "如果说": 1, "A11": 1, "iOS13": 2, "评价": 1, "A13+": 1, "组合": 1, "撼动": 1, "一点": 1, "990+": 1, "EMUI": 1, "10.0": 1, "抗衡": 1, "综合": 1, "入门版": 1, "泾渭分明": 1, "iOS": 1, "讲究": 1, "是非": 1, "Pro莫属": 1}