{"想要": 3, "热门": 1, "资讯": 1, "、": 58, "玩机": 1, "技巧": 1, "数码": 2, "评测": 1, "科普": 1, "深扒": 1, "点击": 1, "右上角": 1, "关注": 6, "百家号": 2, "：": 13, "雷": 1, "科技": 15, "----------------------------------": 1, "官宣": 1, "消息": 12, "3月": 8, "26日": 3, "华为": 237, "巴黎": 2, "正式": 6, "发布": 16, "年度": 1, "旗舰": 8, "P30": 26, "Pro": 13, "21日": 1, "早些时候": 1, "推特": 2, "爆料": 3, "大神": 1, "@": 1, "evleaks": 1, "公布": 9, "全色": 1, "官方": 4, "渲染图": 1, "曝光": 3, "采用": 10, "水滴": 3, "屏": 1, "方案": 2, "直面": 1, "屏幕": 7, "设计": 13, "辅以": 1, "3D": 3, "玻璃": 2, "背壳": 2, "后置": 4, "三": 6, "摄像头": 6, "该机": 1, "提供": 3, "黑色": 1, "蓝紫渐变": 1, "蓝绿": 1, "渐变": 2, "配色": 3, "正面": 1, "曲面屏": 1, "四": 2, "摄": 3, "相比P30": 1, "Pro额": 1, "独占": 1, "日出红": 1, "橙红": 1, "一同": 1, "智能": 8, "音箱": 1, "无线": 5, "充电板": 2, "印": 1, "SONOS": 3, "字样": 1, "字体": 1, "接近": 3, "荣耀": 20, "logo": 1, "或许": 8, "暗示": 1, "款": 8, "产品": 30, "名称": 2, "值得一提的是": 1, "词": 1, "中心": 1, "对称": 1, "结构": 2, "正读": 1, "反读": 1, "都": 40, "通体": 1, "白色": 1, "红线": 1, "网友": 5, "Teme": 1, "系列": 25, "配备": 2, "三星": 7, "AMOLED": 1, "区别": 1, "在于": 2, "6.1": 1, "英寸": 3, "6.47": 1, "分辨率": 1, "均": 3, "FHD+级": 1, "二者": 2, "搭载": 4, "麒麟980": 3, "平台": 2, "前置": 1, "3200万": 1, "像素": 1, "GD1": 1, "4000万": 3, "主摄": 2, "+": 6, "3": 3, "倍": 7, "长焦": 2, "1600万": 1, "素超": 1, "广角": 2, "支持": 15, "光学": 1, "防抖": 1, "2000万": 1, "超": 2, "800万": 1, "ToF": 1, "镜头": 1, "5": 3, "光变": 1, "10": 2, "无损": 1, "变焦": 2, "50": 1, "混合": 1, "ISO峰值": 1, "409600": 1, "素主": 1, "全新": 3, "CMOS": 1, "IMX650": 1, "IMX600": 1, "升级": 1, "版本": 4, "机型": 8, "套": 2, "Super": 1, "Spectrum": 1, "Quad": 1, "Bayer": 1, "输出": 1, "图像": 1, "RYYB而非RGB": 1, "进一步": 2, "提升": 1, "暗光": 1, "成像": 1, "能力": 5, "色彩": 1, "自然": 4, "22.5W": 1, "有线": 2, "快充": 5, "40W": 2, "15": 1, "W无线": 1, "价格": 9, "海外": 1, "128GB": 2, "售价": 5, "1024": 1, "欧元": 8, "含税": 1, "人民币": 1, "7807": 1, "元": 10, "排除税": 1, "处于": 3, "1000": 1, "价位": 3, "很": 15, "新一代": 1, "拍照": 1, "机皇": 1, "再次": 7, "刷新": 1, "DxOMark": 1, "榜单": 2, "不妨": 1, "期待": 2, "步入": 1, "2019年": 3, "国产": 3, "手机": 31, "厂商": 9, "陆续": 1, "划分子": 1, "品牌": 15, "阵营": 1, "小米": 5, "红米": 1, "独立": 3, "运营": 2, "Vivo": 1, "推出": 10, "IQOO": 1, "OPPO": 1, "Reno": 1, "一时间": 1, "主流": 4, "子品牌": 2, "谈及": 1, "策略": 1, "国内": 4, "引领者": 3, "恐怕": 2, "才": 5, "第一": 10, "旗下": 1, "惊人": 1, "市场": 16, "成绩": 3, "消费者": 8, "购买": 4, "新机": 1, "过程": 1, "面临": 1, "一大": 1, "疑问": 1, "想": 6, "台": 2, "究竟": 1, "选": 3, "本质": 2, "一家": 3, "硬件": 2, "配置": 3, "一两百": 1, "差距": 2, "背后": 2, "差别": 3, "定位": 4, "历史": 1, "之间": 2, "一开始": 1, "创立": 1, "留": 2, "心思": 1, "精力": 1, "核心": 5, "高端": 10, "方向": 2, "发展": 33, "看齐": 1, "苹果": 16, "；": 9, "希望": 3, "主打": 4, "性价比": 7, "OV争": 1, "夺线": 1, "渠道": 6, "显而易见": 1, "年内": 1, "本身": 1, "亲民": 1, "Mate20": 3, "V20": 3, "对比": 3, "算是": 2, "首发": 1, "麒麟": 4, "980": 1, "处理器": 3, "充电": 1, "功能": 8, "后者": 1, "外观": 2, "工艺": 1, "材质": 1, "不相上下": 1, "落后": 1, "通孔": 1, "最终": 5, "普通版": 1, "卖到": 2, "4000": 1, "2998": 1, "定价": 1, "初衷": 1, "营造": 1, "氛围": 1, "填补": 1, "空白": 2, "一点": 5, "很多": 17, "懂得": 1, "预算": 3, "充足": 3, "情况": 6, "P系列": 4, "Mate": 10, "紧张": 1, "选择": 7, "中低端": 3, "全球": 28, "残酷": 1, "竞争": 3, "逼迫": 1, "利润": 2, "不少": 9, "发现": 3, "产品线": 1, "4000多": 1, "Magic2": 2, "Nova": 2, "冲突": 1, "分清": 2, "线下": 3, "线上": 2, "中间商": 2, "差价": 1, "争夺": 1, "主战场": 1, "店铺": 1, "形象": 1, "打造": 6, "销量": 1, "保证": 3, "补强": 1, "意味着": 3, "低": 3, "留足": 1, "空间": 4, "主攻": 1, "最新": 1, "Nova4e": 1, "6.31": 1, "LCD屏": 1, "710": 1, "2200": 1, "相比": 3, "第二": 8, "激进": 2, "保守": 2, "业界": 4, "首创": 2, "滑动式": 1, "超级": 1, "理念": 2, "概念化": 1, "发烧友": 1, "喜欢": 1, "受众": 1, "特色": 2, "偏向": 2, "时尚": 1, "年轻人": 1, "注重": 2, "商务": 1, "大气": 1, "拥有": 8, "黑科技": 1, "成熟": 2, "关键": 2, "明白": 1, "整体": 1, "线": 1, "便宜": 1, "买到": 1, "不俗": 1, "溢价": 1, "用料": 1, "扎实": 1, "稳重": 1, "用户": 8, "19日": 3, "上午": 1, "业务": 12, "CEO": 16, "余承东": 5, "转发": 1, "终端": 7, "宣传": 2, "视频": 3, "配文": 1, "暗夜": 1, "美": 2, "法国": 1, "不见不散": 1, "!": 1, "临近": 1, "旗舰机": 2, "讨论": 3, "升温": 1, "水滴屏": 1, "形态": 1, "曲面水": 1, "滴屏": 1, "指纹": 2, "识别": 2, "首款": 2, "电池": 2, "容量": 5, "3650": 1, "mAh": 2, "保留": 1, "3.5": 2, "耳机": 2, "孔": 2, "4200": 1, "NM卡": 11, "粉丝": 1, "网友们": 1, "热议": 2, "话题": 2, "全称": 1, "Nano": 3, "Memory": 1, "Card": 1, "2018年": 21, "一个": 20, "卡种": 1, "未来": 8, "尺寸": 1, "SIM卡": 3, "紧凑": 2, "去掉": 2, "TF卡槽": 1, "解决": 2, "方式": 4, "TF卡": 2, "存储": 4, "扩展": 1, "类型": 3, "一经": 2, "圈内": 1, "反响": 1, "超微型": 1, "存储卡": 6, "意图": 1, "建立": 1, "标准": 13, "SIM卡槽": 1, "上下双层": 1, "卡槽": 2, "节省": 1, "内部": 3, "这是": 5, "工程": 1, "亮点": 1, "基于": 3, "单Nano": 1, "加NM卡": 1, "搭配": 1, "扩充": 1, "尝试": 3, "传输": 2, "速度": 7, "给出": 2, "数据": 9, "读取": 2, "90MB/s": 2, "写入": 2, "76MB/s": 1, "友商": 1, "性能": 2, "大幅": 1, "领先": 11, "水平": 2, "持平": 1, "256G": 1, "闪迪": 1, "至尊": 1, "高速": 3, "TF": 2, "读速": 1, "100MB/s;": 1, "EVO": 1, "Plus": 1, "100MB/s": 1, "表现": 5, "只能": 7, "算": 1, "中规中矩": 2, "商城": 1, "报价": 1, "NM": 1, "64GB": 1, "256GB": 1, "199": 1, "399": 1, "799": 1, "贵": 1, "确实": 4, "称": 5, "美丽": 1, "上文": 1, "提到": 4, "同类": 1, "优势": 6, "不得不": 2, "依旧": 1, "占据": 6, "位置": 4, "工作": 4, "生活": 2, "双卡": 1, "刚性": 1, "需求": 1, "难": 2, "接受": 8, "单一": 3, "一番": 1, "权衡": 1, "创新": 6, "企业": 35, "生存": 1, "不竭": 1, "动力": 2, "生命": 1, "源泉": 1, "形式": 1, "创": 1, "抓住": 1, "先机": 1, "引导": 1, "行业": 5, ";": 5, "认可": 2, "通行": 1, "兼容": 1, "冲击": 1, "昔日": 1, "索尼": 2, "公司": 27, "M2": 1, "储存卡": 1, "奥林巴斯": 1, "/": 3, "富士": 1, "xD": 1, "闪存卡": 1, "专用": 1, "设备": 10, "渐渐": 2, "淡出": 1, "视线": 1, "设立": 1, "产商": 1, "优化": 1, "才能": 3, "始终": 1, "站": 1, "前沿": 1, "先行者": 1, "践行者": 1, "建": 1, "长": 2, "路": 1, "走": 1, "后续": 1, "型号": 1, "开发": 3, "角度": 1, "落地": 3, "种类": 1, "好事": 1, "本次": 1, "段": 1, "时间": 4, "态度": 4, "日前": 6, "世界": 17, "知识": 3, "产权": 3, "组织": 7, "WIPO": 3, "去年": 5, "提交": 6, "国际": 10, "专利": 32, "报告": 9, "世间": 1, "焦点": 1, "显示": 11, "众多": 3, "著名": 1, "排名": 12, "我国": 2, "全年": 3, "申请": 14, "5405": 2, "件": 8, "首位": 3, "日本": 2, "三菱": 3, "电机": 3, "株式会社": 1, "2812": 2, "第三": 5, "美国": 51, "英特尔": 2, "2499": 2, "总数": 1, "一举": 4, "打破": 1, "以往": 1, "英": 1, "垄断": 1, "5G": 70, "领域": 14, "欧洲": 9, "电信": 5, "标准化": 1, "协会": 3, "1970": 1, "超出": 1, "排": 2, "诺基亚": 2, "33": 1, "百分点": 1, "前段": 1, "德国": 12, "IPlytics": 1, "份": 2, "做出": 4, "技术": 39, "贡献": 2, "……": 4, "证明": 1, "回答": 1, "最为": 2, "通信": 13, "人才": 6, "培养": 1, "计划": 2, "科研": 6, "投入": 14, "快速": 2, "世界级": 1, "强大": 3, "资料": 1, "研发": 15, "占": 2, "营收": 3, "10%": 1, "当家人": 1, "任正非": 16, "媒体": 9, "采访": 5, "事实": 2, "十多": 1, "经费": 5, "高达": 1, "上千亿": 1, "美元": 9, "三年": 1, "突破": 1, "时代": 4, "大手笔": 1, "2017年": 6, "133亿": 1, "欧盟": 4, "委员会": 3, "工业": 4, "投资": 5, "113.34亿": 2, "占到": 1, "营业额": 2, "14.7%": 2, "远": 3, "高于": 3, "5.1%": 2, "巨额": 2, "成就": 1, "知名": 2, "闻名": 1, "天下": 1, "先进": 4, "芯片": 20, "海思": 1, "全国": 2, "地位": 5, "项": 8, "不为人知": 1, "前三": 1, "服务器": 6, "分析": 2, "Gartner": 1, "第四": 2, "季度": 2, "云业务": 1, "强劲": 3, "份额": 2, "8.3%": 1, "18.15亿": 1, "超越": 3, "服务器界": 1, "元老级": 1, "IBM": 1, "创造": 3, "1000亿": 2, "纪录": 1, "众所周知": 2, "原因": 2, "国家": 16, "公正": 3, "待遇": 2, "国": 2, "理由": 1, "禁止": 7, "参与": 6, "网络": 11, "建设": 12, "拓展": 1, "道路": 1, "设置": 1, "诸多": 1, "障碍": 1, "派": 1, "官员": 1, "游说": 1, "试图": 3, "封锁": 1, "真金不怕火炼": 1, "凭着": 1, "过硬": 2, "开放": 2, "透明": 2, "赢得": 2, "客户": 3, "逆势": 1, "奋起": 1, "爱立信": 1, "传统": 3, "供应商": 4, "胜出": 1, "总共": 1, "超过": 9, "30": 1, "合同": 3, "售出": 1, "近3万": 1, "座": 1, "基站": 5, "赢家": 1, "相继": 1, "启动": 4, "各国": 1, "公开": 1, "拒绝": 3, "第五": 4, "频谱": 2, "拍卖会": 1, "重申": 2, "特定": 2, "排除": 2, "参考": 1, "引用": 1, "纽约": 1, "时报": 1, "报道": 6, "面对": 3, "展开": 1, "施压": 3, "谴责": 1, "越来越": 3, "威胁": 1, "搁浅": 1, "包括": 3, "英国": 2, "印度": 1, "阿联酋": 1, "在内": 1, "发出": 1, "信号": 1, "太": 3, "响应": 1, "快": 3, "无计可施": 1, "居安": 1, "思危": 1, "阻挠": 1, "影响": 3, "讲": 3, "动作": 1, "广告": 1, "销售额": 2, "增长": 7, "平均": 1, "50%": 1, "销售量": 2, "应付": 1, "突发": 1, "提出": 3, "加大": 2, "供应": 1, "数量": 7, "以备": 1, "不时之需": 1, "自主": 7, "力度": 1, "增加": 3, "比例": 1, "替代": 3, "高通": 11, "震惊": 1, "巴龙": 3, "5000": 3, "985/990": 1, "升级版": 1, "紧锣密鼓": 1, "当中": 2, "很快": 2, "面世": 1, "BBC": 2, "记者": 3, "目标": 2, "五": 3, "美金": 2, "销售": 4, "收入": 2, "2500亿": 1, "点赞": 1, "新鲜": 1, "原创": 1, "作品": 1, "评论": 2, "<": 1, "独家": 1, "内容": 3, ">": 1, "厉害": 4, "！": 6, "这家": 2, "靠着": 2, "皮毛": 1, "外媒": 2, "看呆": 1, "纷纷": 1, "惊叹": 1, "不愧": 1, "中国": 48, "代表性": 1, "实力": 3, "重中之重": 1, "崛起": 1, "牵制": 1, "交税": 1, "仰仗": 1, "放在眼里": 1, "告上": 1, "法庭": 1, "改变": 2, "赚钱": 1, "不错": 2, "赚取": 1, "利益": 1, "从来": 1, "未": 1, "迟缓": 1, "毕竟": 5, "不等": 1, "立足": 1, "亚洲": 2, "一半": 3, "还要": 1, "5404": 1, "高出": 2, "4024": 2, "高科技": 2, "中兴": 3, "京东方": 2, "挤进": 1, "外国": 1, "推测": 1, "也许": 2, "或者是": 1, "明年": 1, "大国": 1, "不止": 1, "概念": 1, "国人": 1, "充满": 1, "自信": 1, "国外": 3, "观念": 1, "复兴号": 1, "登陆": 1, "月球": 1, "拿到": 2, "订单": 4, "地步": 1, "拼": 1, "发": 1, "打算": 1, "目的": 2, "实实在在": 2, "保驾护航": 1, "取胜": 1, "端倪": 1, "对抗": 1, "轻松": 1, "打进": 1, "价值": 1, "所在": 1, "留言": 2, "近日": 1, "(": 3, ")": 3, "远远": 2, "领先于": 1, "连续": 2, "相关": 4, "据悉": 2, "三成": 1, "视觉": 4, "1": 1, "舍得": 2, "花钱": 2, "天才": 3, "别人": 2, "喝": 1, "咖啡": 1, "工夫": 1, "学习": 1, "身上": 1, "合适": 1, "位居": 3, "其后": 2, "2404": 1, "2080": 1, "上榜": 2, "六": 1, "年初": 1, "韩国": 1, "电子": 1, "134.37亿": 1, "依次": 1, "谷歌": 2, "母公司": 1, "Alphabet": 1, "133.88亿": 1, "大众": 1, "131.35亿": 1, "微软": 4, "122.79亿": 1, "名列": 1, "五十": 1, "唯一": 1, "10年": 1, "费用": 1, "20%": 3, "40%": 1, "递增": 1, "最多": 1, "天罡5G": 1, "首家": 1, "微波": 1, "天罡": 2, "体积": 1, "缩小": 1, "功耗": 1, "降低": 2, "重量": 1, "下降": 1, "成本": 3, "提高": 2, "效率": 3, "基带": 3, "自研": 3, "商用": 2, "物联网": 1, "掌控": 1, "产业链": 1, "25G": 1, "呼啸": 2, "两会": 4, "期间": 2, "支撑": 2, "代表": 1, "委员": 1, "议案": 1, "提案": 1, "火爆": 1, "热搜": 1, "刚刚": 1, "闭幕": 1, "试水": 1, "此起彼伏": 1, "惊奇": 1, "高频": 1, "词汇": 1, "进程": 1, "加快": 1, "火车站": 1, "上海": 1, "虹桥": 1, "智慧": 1, "公路": 1, "项目": 2, "湖北": 1, "山东": 1, "联通": 1, "携": 1, "首次": 1, "省级": 1, "VR": 1, "直播": 1, "地铁站": 1, "成都": 1, "开通": 1, "自动": 1, "驾驶": 1, "示范区": 1, "落户": 1, "北京": 1, "意义": 1, "1G": 1, "2G": 1, "主导": 2, "欧美": 2, "商业化": 2, "遥遥相望": 1, "2000年": 1, "3G": 1, "TD-SCDMA": 1, "三大": 1, "晚": 1, "8": 1, "紧随": 1, "4G": 2, "TD-LTE": 1, "建成": 1, "同行": 2, "4月": 1, "互联网": 1, "CTIA": 1, "Race": 1, "居于": 1, "德勤": 1, "2015年": 1, "至今": 1, "规模": 2, "240亿": 1, "联邦": 1, "政府": 1, "网站": 1, "拍卖": 1, "运营商": 3, "竞标": 1, "总理": 2, "默克尔": 1, "当天": 1, "跨国": 1, "首席": 1, "执行官": 1, "霍特吉斯": 1, "直言": 1, "势必": 1, "延缓": 1, "进度": 1, "2月": 1, "18日": 1, "创始人": 2, "兼": 1, "总部": 1, "广播": 2, "专访": 1, "去年底": 1, "高层": 1, "外界": 2, "尤其是": 1, "更为": 1, "访谈": 1, "西方": 2, "G光": 1, "交换": 1, "光芯片": 1, "庞大": 4, "艰难": 1, "扼杀": 1, "掉": 1, "来临": 2, "前夕": 1, "遭遇": 1, "刻意": 1, "阻扰": 1, "拉拢": 1, "盟友": 2, "排斥": 1, "压力": 3, "落": 1, "肩上": 1, "肯定": 2, "好受": 1, "服务": 1, "抵住": 1, "头": 2, "业绩": 1, "预期": 1, "2月份": 1, "境外": 1, "原本": 1, "常人": 1, "大人物": 1, "谈论": 1, "影响力": 1, "发货量": 1, "遥遥领先": 1, "4": 1, "打压": 4, "漂亮": 2, "仗": 2, "勇夺": 1, "成功": 3, "反击": 2, "威逼": 1, "舆论": 1, "猜测": 2, "闹": 1, "反而": 1, "无所不知": 1, "——": 3, "炒热": 1, "事实上": 4, "大会": 1, "吸引": 1, "全世界": 1, "目光": 1, "通讯": 1, "带来": 1, "包含": 1, "接入": 1, "核心网": 1, "场景": 1, "全方位": 1, "展示": 1, "5G端": 1, "端": 1, "回顾": 1, "历程": 1, "遥望者": 1, "晋级": 1, "正是": 2, "厚积薄发": 1, "年均": 1, "11%": 1, "居": 1, "贡献率": 1, "52.2%": 1, "57.5%": 1, "领跑": 1, "来之不易": 1, "凝聚": 1, "付出": 1, "艰辛": 1, "汗水": 1, "20日": 1, "GSMA": 1, "经济": 3, "2019": 1, "生态": 2, "系统": 37, "5.2万亿": 1, "7,500亿": 1, "附加值": 1, "相当于": 1, "GDP": 1, "5.5%": 1, "有望": 1, "预计": 2, "2025年": 1, "4.6亿5G": 1, "连接": 1, "连接数": 1, "28%": 1, "引领": 1, "新民眼": 1, "工作室": 1, "方翔": 1, "编辑": 1, "唐梦葭": 1, "所有人": 1, "势头": 1, "追赶": 1, "趋势": 1, "眼里": 1, "制约": 2, "抵制": 3, "污蔑": 1, "巨头": 1, "不仅仅": 1, "口中": 1, "意识": 2, "抢先": 2, "军用": 1, "起到": 1, "作用": 1, "也就是说": 1, "站住脚": 1, "占领": 1, "战略": 2, "策划": 1, "小动作": 1, "信息": 2, "为由": 1, "联合": 1, "重要性": 1, "合作": 4, "动摇": 1, "之下": 1, "收到": 1, "接到": 1, "30多": 1, "30几": 1, "信任": 1, "稳定": 1, "住": 1, "局势": 1, "董事": 1, "上千": 1, "名": 3, "员工": 10, "开除": 1, "做法": 2, "无关痛痒": 1, "无疑": 1, "主动": 1, "惹事": 1, "霸气": 1, "看待": 1, "举动": 1, "想法": 3, "节目": 1, "下方": 1, "文": 2, "黄海峰": 1, "近期": 3, "透露": 1, "备用": 1, "操作": 26, "高度": 1, "质疑者": 1, "千千万万": 1, "开发者": 2, "此前": 2, "发力": 1, "黑莓": 1, "阿里": 1, "国内外": 1, "失败": 1, "捧杀": 1, "声音": 2, "中国人": 2, "扬眉吐气": 1, "终于": 1, "打败": 1, "笔者": 2, "表述": 1, "解读": 1, "层": 2, "层面": 4, "卡脖子": 1, "表达": 1, "备胎": 3, "谈": 2, "背景": 3, "PC": 3, "大厦": 1, "地基": 1, "生长": 1, "之上": 1, "竞争力": 1, "依赖": 1, "安卓": 3, "iOS": 2, "开源": 1, "面向": 1, "960": 1, "OS": 1, "COS": 1, "YunOS": 1, "阵亡": 1, "持续": 1, "借口": 1, "颁布": 1, "禁令": 2, "导致": 1, "停滞": 1, "差点": 1, "倒闭": 1, "本国": 1, "说服": 1, "2亿": 1, "平板": 1, "500亿": 1, "生命线": 1, "适时": 1, "放出": 1, "研究": 1, "姿态": 1, "紧密": 1, "打倒": 1, "痴心妄想": 1, "熟悉": 1, "规划": 3, "150亿": 1, "~": 1, "200亿": 1, "积累": 2, "资金": 1, "8万": 1, "注册": 1, "1.1万": 1, "专利局": 1, "12日": 1, "数字": 1, "排行榜": 1, "ARM": 1, "鲲鹏": 1, "新品": 1, "TaiShan": 1, "G基站": 1, "Balong5000": 1, "加上": 1, "此次": 1, "自研OS": 1, "秀肌肉": 1, "重视": 1, "伙伴": 2, "首选": 1, "Windows": 1, "并非": 2, "迫不得已": 1, "走向": 1, "经历": 2, "阵痛": 1, "2.5亿": 1, "体量": 1, "无动于衷": 1, "类似": 1, "呼吁": 1, "吸取": 1, "教训": 1, "居安思危": 1, "式": 2, "硬核": 1, "主动权": 1, "转正": 1, "哥伦比亚": 1, "CBS": 1, "‘": 1, "卖": 2, "’": 1, "好笑": 1, "钱": 1, "赚": 1, "卖给": 2, "逼": 1, "东西": 1, "此处": 1, "换成": 1, "早": 2, "坊间": 1, "流传": 1, "电视": 15, "如今": 2, "证实": 2, "空穴来风": 1, "供应链": 1, "四月份": 1, "添加": 1, "截然不同": 1, "思路": 1, "聊天": 1, "AI": 1, "试衣镜": 1, "革新": 1, "55": 2, "寸": 3, "65寸": 1, "65": 1, "华星": 1, "光电": 1, "现如今": 1, "液晶": 1, "面板": 1, "处在": 1, "动辄": 1, "一两万": 1, "几十万": 1, "传言": 3, "胜负": 1, "几何": 1, "小探": 2, "程度": 1, "商业": 1, "版图": 1, "短期": 2, "之内": 1, "足够": 2, "后来居上": 1, "大胆": 1, "类似于": 1, "surface": 1, "hub": 1, "触控": 1, "大一": 1, "号": 1, "TNT": 1, "工作站": 1, "不准": 1, "深圳": 1, "龙华": 1, "想到": 1, "富士康": 13, "毗邻": 1, "仅仅": 2, "隔": 1, "条": 2, "马路": 1, "500": 2, "社区": 1, "自杀": 1, "讲究": 2, "狼性": 2, "执行力": 2, "掌门人": 1, "铁骨铮铮": 1, "汉子": 1, "声誉": 1, "判若云泥": 1, "数十": 1, "收获": 1, "大都": 2, "赞颂": 1, "管理者": 2, "呛声": 1, "都会": 1, "iPhone": 3, "好不": 1, "赞誉": 1, "好像": 3, "层层": 2, "绚烂": 1, "涂料": 1, "刷地": 1, "金身": 1, "修为": 1, "熠熠生辉": 1, "脑袋": 1, "挂": 1, "彩虹": 1, "相比之下": 1, "自坠楼": 1, "事件": 3, "承担": 1, "着数": 1, "贬义词": 1, "卧底": 1, "眼见为实": 1, "职业": 1, "操守": 1, "送上": 1, "一篇篇": 1, "盲人摸象": 1, "好在": 1, "制造": 3, "2025": 1, "社会": 2, "理解": 1, "日益": 2, "加深": 1, "言论": 1, "过激": 1, "评价": 1, "消失": 1, "工会": 1, "领导": 2, "脑地": 1, "抱怨": 1, "过度": 1, "加班": 1, "灰头土脸": 1, "搪塞": 1, "告终": 1, "李": 1, "亲自": 1, "参观": 1, "组装": 1, "生产线": 1, "郭台铭": 13, "走出": 1, "城堡": 1, "深刻": 1, "理性": 1, "business": 1, "model": 1, "雇佣": 1, "构建": 2, "管理": 4, "模式": 2, "招聘": 2, "985": 1, "211": 1, "院校": 2, "HR": 1, "部门": 1, "精准": 1, "一大堆": 1, "简历": 1, "面试": 1, "挑选": 1, "班级": 1, "自主性": 1, "无需": 1, "纪律": 2, "约束": 1, "一向": 1, "讨厌": 1, "天上": 1, "福音": 1, "100%": 1, "包": 1, "就业": 1, "底气": 1, "70%": 1, "民主": 5, "符合": 1, "一贯": 1, "作风": 1, "起码": 1, "制造业": 1, "轮值": 12, "优点": 2, "缺点": 2, "并存": 1, "企图心": 1, "善于": 1, "团队": 4, "锲而不舍": 1, "单兵": 1, "作战": 1, "墙上": 1, "光荣榜": 1, "臭虫榜": 1, "侵入": 1, "骨髓": 1, "丝毫": 1, "放松": 1, "更新换代": 1, "绩效": 2, "弄": 1, "懂": 1, "页": 1, "专业": 1, "书籍": 1, "侧重": 1, "什么的": 1, "不用": 1, "操心": 1, "机会": 2, "模型": 1, "随便": 1, "经验": 2, "出书": 1, "真相": 1, "制度": 8, "敢为天下先": 1, "起源": 1, "2004年": 1, "彼时": 1, "架构": 2, "竟然": 1, "中枢": 2, "决策": 3, "顾问": 1, "惊讶": 1, "建议": 1, "组建": 1, "首脑": 1, "提议": 1, "八": 1, "主管": 1, "担任": 1, "任期": 1, "半年": 1, "负": 1, "责任": 1, "浓厚": 1, "官场": 1, "文化": 2, "不可避免": 1, "流到": 1, "内": 1, "一把手": 1, "误认为": 1, "皇上": 1, "黑社会": 1, "大哥": 1, "轮流": 2, "坐庄": 2, "相互": 3, "制衡": 1, "局面": 1, "办法": 1, "只手遮天": 1, "腐败": 3, "变得": 1, "京东": 1, "遏制": 1, "滋生": 1, "综合性": 1, "天赋": 1, "具备": 1, "危机": 1, "勇气": 1, "锻炼": 1, "等到": 1, "不得已": 1, "接班人": 5, "硬着头皮": 1, "交给": 1, "健全": 1, "嫩家伙": 1, "接班": 1, "候选人": 1, "佼佼者": 1, "浮出": 1, "水面": 1, "新官": 1, "上任": 1, "烧": 1, "火": 1, "有助于": 1, "保护": 1, "热情": 1, "回避": 1, "旨在": 1, "操盘": 1, "主心骨": 1, "运转": 1, "老": 1, "退休": 1, "CEO们": 1, "大概率": 1, "不服": 1, "尽快": 1, "确认": 1, "天选": 1, "子": 1, "霸道": 2, "总裁": 1, "崇尚": 1, "相比于": 1, "显得": 1, "独裁": 1, "总经理": 1, "做生意": 1, "免于": 1, "琐事": 1, "缠身": 1, "权力": 3, "渗透": 1, "园区": 1, "角落": 1, "错综复杂": 1, "监控": 1, "地区": 1, "准确": 1, "属下": 1, "关到": 1, "笼子": 1, "无可厚非": 1, "家产": 1, "基本上": 1, "儿子": 1, "亲戚": 1, "自诩": 1, "一流": 1, "二流": 1, "三流": 1, "四流": 3, "适合": 1, "搞": 1, "大局观": 1, "技能": 1, "意志": 1, "品质": 2, "弱": 1, "精英们": 1, "说话": 1, "刺耳": 1, "属实": 1, "弹性": 1, "修炼": 1, "如同": 1, "军队": 1, "艰苦": 1, "整齐划一": 1, "保质": 1, "保量": 1, "文章": 1, "中都": 1, "完善": 1, "零件": 1, "机器": 1, "螺丝钉": 1, "灵活": 1, "多样": 1, "企业家": 1, "高瞻远瞩": 1, "提前": 1, "看透": 1, "手下": 1, "未必": 1, "过于": 1, "冲昏头脑": 1, "干脆": 1, "不堪": 1, "副总裁": 1, "年前": 1, "口": 1, "否决": 1, "致使": 1, "辞职": 1, "事后": 1, "解释": 1, "代工": 1, "生意": 1, "即将": 1, "暂且": 1, "坚守": 1, "代工业": 1, "得以": 1, "大宗": 1, "黄金": 1, "收购": 1, "夏普": 1, "涉入": 1, "电商": 1, "互联": 1, "人士": 1, "反对": 1, "独裁式": 1, "正确": 1, "交由": 1, "后人": 1, "评说": 1, "康斯坦丁": 1}