{"昨天": 1, "外媒": 3, "报道": 6, "称": 7, "华为": 193, "P40": 14, "系列": 13, "采用": 11, "石墨烯": 17, "电池": 26, "提到": 1, "该机": 1, "容量": 2, "5000": 1, "mAh": 3, "体积": 2, "传统": 1, "缩小": 1, "30%": 1, "45": 1, "分钟": 3, "快捷": 1, "充电": 3, "随后": 3, "法国": 4, "官方": 5, "推特": 1, "转发": 1, "并称": 1, "第一": 3, "发布": 9, "搭载": 8, "高端": 1, "智能": 8, "手机": 21, "！": 14, "高导": 1, "电性": 1, "、": 72, "强度": 1, "超轻薄": 1, "特性": 1, "称为": 1, "神奇": 1, "材料": 6, "概念": 3, "突破": 3, "技术": 35, "瓶颈": 1, "救命": 1, "稻草": 1, "三星": 6, "八月": 1, "替代": 2, "锂": 1, "消息": 9, "一度": 1, "引发": 2, "A股": 3, "股盘": 1, "快速": 1, "拉升": 1, "早就": 2, "2016年": 2, "展示": 1, "并未": 1, "商用": 3, "级别": 1, "款": 6, "用作": 1, "散热": 1, "针对": 5, "推文": 1, "不少": 3, "市场": 8, "人士": 2, "项": 2, "简单": 1, "解决": 3, "过于": 1, "乐观": 1, "证券": 2, "时报": 2, ".": 1, "数据宝": 2, "统计": 3, "显示": 9, "中共": 1, "50余": 1, "股": 3, "涉及": 1, "研发": 13, "生产": 3, "相关": 5, "正泰": 1, "电器": 1, "中国": 4, "动力": 2, "长信": 3, "科技": 6, "市值": 1, "超过": 9, "200亿": 1, "元": 13, "德尔": 1, "未来": 3, "定增": 1, "募资": 1, "20亿": 1, "投向": 1, "含石": 2, "墨烯": 4, "超级": 7, "项目": 2, "(": 8, "负极": 2, "陶瓷": 1, "隔膜": 2, "软包": 1, ")": 8, "公司": 19, "客户": 2, "4月": 1, "诺贝尔奖": 1, "获得者": 1, "组建": 1, "合资": 1, "拓展": 1, "穿戴": 1, "领域": 8, "雄韬": 1, "股份": 3, "推进": 1, "道氏": 1, "子公司": 1, "产品": 11, "锂离子": 2, "石墨": 3, "烯导": 1, "电剂": 2, "碳": 1, "纳米": 1, "管导": 1, "表现": 5, "碳元": 1, "格林美": 1, "德尔未来": 1, "12月": 6, "股价": 3, "累计": 5, "上涨": 4, "28.84%": 1, "下半年": 1, "翻番": 1, "高校": 1, "合作": 8, "成立": 4, "实验室": 1, "电子": 2, "油墨": 1, "龙虎榜": 3, "追踪": 1, "资金": 11, "青睐": 1, "个股": 14, "23日": 2, "机构": 1, "营业部": 1, "席位": 1, "净": 6, "卖出": 2, "2.48亿": 1, "买入": 4, "14": 2, "；": 4, "29": 1, "三": 5, "名": 3, "东方通": 1, "中青宝": 2, "盾安": 3, "环境": 3, "金额": 2, "占": 1, "当日": 1, "成交额": 1, "比例": 4, "9.42%": 1, "12.33%": 1, "59.08%": 1, "盘口": 1, "流向": 1, "主力": 4, "净流入": 6, "超": 4, "千万": 1, "共有": 3, "9": 1, "凌云": 1, "力度": 2, "欣龙": 1, "控股": 1, "一汽": 1, "夏利": 1, "79.79%": 1, "64.85%": 1, "60.54%": 1, "连涨股": 1, "揭秘": 1, "：": 5, "ST股": 1, "连涨": 1, "半": 1, "数据": 5, "市": 2, "129": 2, "连续": 3, "交易日": 2, "50": 1, "五": 2, "涨": 2, "天数": 1, "最多": 3, "*": 2, "ST鹏起": 2, "15": 1, "ST百特": 2, "黑猫": 1, "10": 4, "期间": 2, "涨幅": 3, "102.3%": 1, "98.47%": 1, "星期六": 1, "84.44%": 1, "值得": 4, "4": 1, "亿": 2, "流入": 3, "瑞康": 1, "医药": 1, "3.45亿": 1, "绿康": 2, "生化": 2, "6": 3, "短期": 1, "均线": 5, "现金": 1, "叉": 1, "截至": 3, "最新": 3, "收盘": 1, "5日": 2, "主动": 1, "穿": 1, "10日": 2, "地素": 1, "时尚": 1, "金宇": 1, "车城": 1, "距离": 2, "0.37%": 1, "0.26%": 1, "0.25%": 1, "K线阳": 1, "吞阴": 2, "华友": 3, "钴业": 3, "2亿": 1, "股日": 1, "K线": 1, "阳": 1, "形态": 1, "当天": 1, "海普瑞": 2, "福斯特": 1, "6.39%": 1, "5.35%": 1, "5.22%": 1, "金发": 1, "2.2亿": 1, "2500.28万": 1, "1556.74万": 1, "璐媛": 1, "来源": 1, "5G": 36, "想必": 2, "很多": 15, "都会": 1, "竖起": 1, "大拇指": 1, "不仅仅": 2, "消费者": 3, "国家": 14, "都": 20, "态度": 4, "证明": 2, "实力": 2, "遭受": 3, "美国": 27, "打压": 7, "不管是": 1, "质量": 1, "仿佛": 1, "保证": 1, "原因": 1, "特朗普": 9, "游说": 4, "选择": 3, "排斥": 2, "截至到": 1, "为止": 1, "合同": 3, "数量": 1, "早": 3, "65": 1, "份": 1, "一个": 9, "不错": 3, "成绩": 2, "数字": 1, "持续": 1, "增长": 1, "当之无愧": 1, "口碑": 2, "诺基亚": 2, "爱立信": 5, "通信": 3, "巨头": 3, "国产": 4, "骄傲": 1, "情况": 2, "变化无常": 1, "毅然决然": 1, "伙伴": 1, "当初": 1, "未": 3, "大规模": 1, "收获": 1, "信任": 2, "摇摆不定": 1, "德国": 5, "英国": 1, "迟迟": 2, "做出": 2, "最终": 2, "墙头": 1, "草": 1, "毕竟": 5, "网络": 4, "尤为": 1, "谨慎": 2, "情理": 1, "之中": 1, "因素": 1, "影响": 4, "判断": 1, "一点": 1, "无可厚非": 1, "近日": 5, "飘忽": 1, "不定": 1, "意大利": 8, "部门": 2, "禁止": 9, "参与": 5, "当地": 3, "建设": 5, "提议": 2, "定夺": 2, "网友": 3, "捏": 1, "冷汗": 1, "4G": 1, "时代": 1, "关系": 2, "很": 13, "如今": 2, "有人": 2, "工信": 1, "部长": 1, "公开": 2, "当中": 1, "批准": 1, "法则": 1, "可能性": 1, "毋庸置疑": 2, "件": 5, "事情": 1, "工信部": 1, "确认": 1, "之间": 3, "基本上": 2, "城": 1, "或许": 1, "很快": 1, "再次": 5, "拿到": 1, "刷新": 1, "不遗余力": 1, "总体": 2, "角度": 1, "发展": 4, "到了如今": 1, "地步": 1, "真的": 2, "强者": 1, "一家": 2, "几十": 1, "企业": 5, "利用": 1, "故意": 1, "抹黑": 1, "实在": 1, "太": 2, "理智": 1, "24日": 1, "nova6": 9, "SE": 7, "明天": 1, "正式": 2, "开卖": 1, "售价": 1, "2199": 1, "支付": 3, "定金": 1, "1": 1, "抵": 1, "51": 1, "手价": 1, "2149": 1, "幻夜": 1, "黑": 1, "樱雪": 1, "晴空": 1, "绮境": 1, "森林": 1, "配色": 1, "nova": 1, "成员": 1, "同期": 1, "核心": 1, "配置": 2, "6.4": 1, "英寸": 1, "屏": 2, "分辨率": 1, "2310": 1, "×": 1, "1080": 2, "麒麟810": 2, "处理器": 3, "前置": 1, "1600万": 1, "像素": 1, "4200": 1, "支持": 7, "40": 1, "W华": 1, "快充": 6, "30": 2, "即可": 1, "70%": 1, "4800万": 1, "+": 3, "200万": 2, "景深": 1, "微距": 1, "800万": 1, "广角": 1, "四": 2, "摄": 3, "全新": 2, "帧": 4, "合成": 2, "图像": 2, "瞬间": 1, "优化": 2, "细节": 3, "放大": 1, "依然": 2, "保存": 1, "完好": 1, "手持": 2, "夜景": 3, "配合长": 1, "曝光": 4, "防抖": 1, "校准": 1, "状态": 1, "拍摄": 1, "清晰": 1, "人像": 1, "2.0": 1, "人景": 1, "分离": 1, "背景": 1, "提升": 6, "暗部": 1, "保留": 1, "亮部": 1, "新闻": 1, "海外": 5, "谷歌": 10, "服务": 16, "GMS": 2, "HMS": 10, "重要性": 1, "不言而喻": 1, "用户": 5, "爆料": 1, "国内": 5, "开启": 3, "众测": 5, "招募": 2, "本次": 1, "包括": 2, "待测": 1, "Core": 3, "Test": 2, "版本": 2, "修复": 1, "性能": 2, "体验": 1, "集合": 1, "基础": 2, "小型": 1, "模型": 1, "游戏": 1, "好友": 1, "推送": 1, "类型": 1, "开发者": 2, "大会": 1, "印度": 2, "分会": 1, "用于": 1, "成功": 1, "过渡": 1, "面对": 1, "一大": 1, "难题": 1, "说服": 1, "放弃": 2, "Gmail": 1, "转而": 1, "邮件": 2, "疑似": 1, "渲染": 1, "明年": 3, "3月": 1, "基于": 1, "Android": 2, "EMUI": 1, "顶替": 1, "专利": 5, "全球": 9, "领先": 6, "有限公司": 1, "副总裁": 2, "鲁勇": 1, "这是": 4, "去年": 1, "投入": 2, "1000多": 1, "人民币": 1, "英特尔": 2, "苹果": 3, "IPlytics": 1, "报告": 1, "9月": 1, "SEP": 1, "高达": 1, "3325": 1, "申请量": 1, "占据": 1, "制高点": 1, "优势": 2, "西方": 1, "强国": 1, "疯狂": 3, "五月份": 1, "旗下": 3, "购买": 1, "美企": 1, "先进": 1, "试图": 1, "方式": 1, "阻止": 1, "无情": 3, "打击": 3, "任正非": 9, "风暴": 3, "施行": 1, "实体": 2, "清单": 2, "体系": 1, "裁减": 1, "48%": 2, "关闭": 1, "46%": 1, "研究": 3, "精力": 1, "转移": 1, "主航道": 2, "能力": 1, "强势": 1, "中心": 1, "搬至": 1, "加拿大": 2, "强有力": 1, "回击": 1, "USA": 3, "计划": 3, "源自": 2, "标准": 3, "25%": 4, "比重": 2, "下调": 1, "10%": 9, "权力": 1, "阻断": 1, "台积电": 14, "非USA": 1, "供货": 6, "内部": 2, "评估": 2, "7nm": 6, "14nm": 3, "为此": 1, "芯片": 20, "海思": 1, "加速": 1, "转向": 1, "5nm": 2, "媒体": 6, "7": 1, "nm": 2, "生产线": 2, "低于": 1, "据说": 1, "12-28nm": 1, "含量": 1, "10-15%": 1, "估计": 1, "分析": 2, "指出": 1, "南京": 1, "工厂": 1, "机台": 1, "更换": 1, "办法": 4, "12-16": 1, "降低": 1, "中芯国际": 1, "有惊无险": 1, "无能为力": 1, "答案": 1, "场": 3, "熟悉": 1, "麒麟": 3, "昇腾": 1, "鲲鹏": 1, "专用": 1, "注册": 2, "白虎": 1, "朱雀": 1, "青牛": 1, "鸿鹄": 1, "饕餮": 1, "特色": 1, "神兽": 2, "名字": 1, "商标": 1, "庞大": 1, "军团": 1, "整垮": 1, "备胎": 4, "夜": 2, "转正": 2, "姿态": 1, "魅力": 1, "来临": 1, "每块": 1, "电路板": 1, "拍照": 1, "零部件": 1, "原话": 1, "75": 2, "岁": 2, "退休": 1, "正是": 1, "放心": 1, "面前": 2, "次数": 1, "32": 2, "还要": 3, "带领": 1, "血性": 1, "华为人": 1, "坚强": 1, "停止": 1, "代工": 1, "扛": 1, "住": 1, "想法": 1, "交流": 1, "5月": 1, "列入": 1, "黑名单": 2, "零件": 4, "逼迫": 1, "紧急": 1, "启用": 1, "高龄": 1, "化解": 3, "带来": 1, "危机": 3, "频繁": 1, "活跃": 1, "封面": 1, "近段": 1, "时间": 3, "露面": 1, "频率": 1, "这次": 2, "一头": 2, "任人宰割": 1, "羔羊": 1, "战斗力": 1, "狼": 1, "可谓": 1, "无可不用其极": 1, "信息": 6, "漏洞": 1, "为由": 1, "各国": 2, "盟友": 3, "扣押": 2, "CFO": 2, "断货": 4, "拉入": 1, "办公桌": 1, "放": 1, "陷阱": 1, "书": 1, "告诉": 3, "全世界": 2, "阿尔斯通": 1, "公平": 1, "对待": 1, "好在": 1, "先见之明": 1, "以往": 1, "困难": 2, "上市": 1, "私企": 1, "收购": 2, "加大": 3, "限令": 1, "筹码": 3, "无奈": 2, "收到": 1, "预想": 1, "明面": 1, "背地里": 1, "实施": 1, "禁令": 1, "自给自足": 1, "轻易": 2, "引渡": 1, "……": 1, "低估": 1, "内需": 1, "注重": 1, "无数": 1, "中兴": 2, "妥协": 1, "万万": 1, "想到": 1, "屹立": 1, "倒": 1, "寻思": 1, "限量": 1, "老脸": 1, "先前": 1, "制裁": 7, "盯上": 1, "可不": 1, "好受": 1, "竟然": 1, "真心": 1, "耍流氓": 1, "90%": 1, "不行": 1, "听从": 1, "想": 2, "巧妙": 2, "也许": 1, "意料": 1, "到会": 1, "自主": 3, "封装": 4, "工艺": 5, "制程": 2, "高通": 4, "A系列": 1, "降至": 1, "近期": 1, "麒麟990": 2, "有趣": 1, "提供": 3, "15%": 1, "9%": 2, "意味着": 4, "上7nm": 1, "慌": 1, "成本": 2, "功耗": 1, "竞争": 2, "激烈": 1, "波及": 1, "用上": 1, "期待": 3, "众所周知": 2, "断供": 2, "教科书": 1, "般的": 1, "操作": 2, "高瞻远瞩": 2, "到底": 2, "多么": 1, "遭遇": 1, "依旧": 2, "高调": 1, "制造": 1, "概括": 1, "多年": 1, "终于": 3, "监控": 1, "设备": 9, "摄像头": 1, "基带": 1, "物联网": 1, "拥有": 1, "外界": 1, "鸿蒙": 7, "OS": 4, "系统": 6, "组合": 1, "拳下": 1, "想要": 1, "屈服": 1, "手段": 1, "歇菜": 1, "追求": 1, "底气": 1, "折腾": 1, "无礼": 2, "程度": 1, "无论是": 1, "通讯": 1, "海内外": 1, "肯定": 1, "下一代": 2, "旗舰": 2, "机型": 6, "外观": 2, "设计": 2, "详细": 1, "亮点": 2, "刚刚": 1, "账号": 2, "发送": 1, "条": 1, "科技圈": 1, "震动": 1, "此前": 3, "烯锂": 1, "推出": 4, "业界": 2, "耐": 1, "高温": 1, "长寿": 1, "命石": 1, "助力": 1, "加持": 2, "这项": 1, "短短": 1, "5": 1, "之内": 1, "充满": 1, "3000": 1, "电量": 1, "量产": 2, "用料": 1, "大众": 1, "普及": 1, "黑科技": 2, "惊叹": 1, "不已": 1, "续航": 2, "安全性": 2, "进一步": 1, "此次": 4, "预示": 1, "对此": 1, "纷纷": 1, "猜测": 1, "官宣": 1, "Pro": 2, "汇集": 1, "最为": 1, "顶级": 1, "升级": 1, "京东方": 1, "2K": 1, "OLED": 1, "曲面": 1, "屏占比": 1, "惊人": 1, "98%": 1, "这块": 1, "显示屏": 1, "HDR10/10+": 1, "认证": 6, "整体": 1, "效果": 1, "极为": 1, "细腻": 1, "屏幕": 1, "指纹": 1, "识别": 1, "全系": 1, "NSA": 1, "/": 1, "SA双模5G": 1, "相机": 3, "矩阵": 1, "造型": 1, "后置": 2, "徕卡": 2, "倍": 1, "光学": 1, "变焦": 1, "内置": 1, "一块": 1, "5500": 1, "mAh大": 1, "50W": 1, "W无线": 1, "写": 1, "确实": 2, "速度": 1, "究竟": 1, "谢谢": 1, "百忙之中": 1, "阅读": 2, "篇": 2, "文章": 4, "喜欢": 1, "请": 1, "赞": 1, "收藏": 1, "分享": 1, "评论区": 1, "留言": 1, "讨论": 1, "小编": 1, "后期": 1, "关注": 2, "下次": 1, "迷路": 1, "忍耐": 1, "出手": 1, "取代": 2, "OS呼之欲出": 1, "生活": 2, "缺少": 2, "发生": 2, "变化": 1, "摩托罗拉": 1, "htc": 1, "没落": 1, "三足鼎立": 1, "势": 1, "厂商": 3, "亮眼": 2, "2018年": 1, "销量": 4, "品牌": 2, "七": 1, "2.08亿": 1, "台": 1, "位居": 1, "第三": 3, "电信": 5, "基站": 3, "即将": 1, "到来": 1, "内": 2, "20%": 1, "来自于": 1, "先是": 1, "到处": 1, "而后": 1, "众多": 1, "零配件": 1, "供应": 1, "博通": 1, "美光": 1, "半导体": 1, "微软": 2, "进来": 1, "安卓": 2, "无所谓": 1, "东西": 1, "下降": 1, "业务": 1, "ceo余": 1, "承东": 1, "透露": 1, "迫不得已": 1, "三月份": 1, "华为p40": 1, "高管": 1, "表态": 1, "包含": 1, "电话": 1, "短信": 1, "APP": 1, "也就是说": 1, "用来": 1, "代表": 1, "完善": 1, "软件": 1, "生态": 1, "呼之欲出": 1, "本文": 1, "「": 2, "金十": 2, "」": 2, "原创": 1, "未经": 1, "许可": 1, "转载": 1, "违者": 1, "必究": 1, "暂时": 1, "地位": 2, "产品线": 1, "甘斌": 1, "记者": 1, "硬件": 1, "差": 1, "临门一脚": 1, "等待": 2, "韩国": 4, "评价": 1, "CC": 5, "分公司": 1, "负责人": 1, "孟": 1, "少云": 1, "认证书": 3, "发放": 4, "告知": 1, "证书": 1, "有关于": 1, "刚好": 1, "借助": 1, "国内外": 2, "引进": 1, "测试": 1, "程序": 1, "走": 1, "提交": 1, "预计": 1, "2020年": 1, "供货商": 1, "60": 1, "半数": 1, "欧洲": 2, "举棋不定": 1, "改口": 1, "年初": 1, "文件": 1, "供应商": 1, "投资": 1, "数十亿": 1, "欧元": 1, "部署": 1, "数千": 1, "无线": 1, "装设": 1, "相比之下": 1, "对手": 1, "爆出": 1, "行贿": 2, "丑闻": 1, "7日": 1, "承认": 1, "2000年": 1, "17年": 1, "国都": 1, "10亿": 1, "美元": 2, "解金": 1, "季度": 1, "净利润": 1, "65亿": 1, "瑞典": 1, "克朗": 1, "6.65亿": 1, "财富": 1, "财经": 1, "事件": 1}