{"一个": 19, "规律": 1, "强大": 11, "企业": 39, "讲究": 1, "开放": 1, "、": 129, "简单": 6, "公开": 1, "透明": 1, "自信": 2, "事无不可对人言": 1, "任正非": 18, "华为": 265, "秘密": 3, "马云": 1, "阿里巴巴": 3, "经得起": 1, "审查": 1, "都": 29, "道理": 5, "明明白白": 1, "清清楚楚": 1, "反而": 2, "难以": 3, "轻易": 2, "撼动": 1, "八万": 1, "一二十万": 1, "背后": 5, "家庭": 16, "上下游": 1, "牵扯": 1, "相关": 4, "业务链": 1, "生态": 29, "大海": 1, "能量": 3, "这不": 2, "赚": 4, "钱": 16, "很": 6, "低": 3, "层面": 2, "东西": 3, "关键": 2, "代表": 6, "就业": 1, "税收": 1, "技术": 32, "创新": 5, "品牌": 9, "影响力": 1, "贡献": 12, "价值": 5, "出息": 1, "偏偏": 2, "喜欢": 4, "搞": 1, "云山雾罩": 1, "神神秘秘": 1, "装神弄鬼": 1, "自娱": 1, "自乐": 1, "神经": 2, "！": 23, "流行": 1, "学海": 1, "底捞": 1, "好多": 1, "轮番": 1, "海底": 1, "捞取": 1, "有人": 4, "海底捞": 4, "学": 8, "老板": 6, "张勇": 1, "子学": 1, "揣": 1, "明白": 2, "装": 1, "糊涂": 1, "想": 15, "员工": 14, "福利": 1, "待遇": 1, "培养": 1, "功夫": 1, "客户": 26, "贴心": 1, "服务": 15, "基础": 11, "回去": 1, "自私自利": 1, "天性": 2, "舍不得": 1, "违背": 1, "懂得": 1, "渺小": 1, "才": 9, "；": 22, "真心": 3, "利他": 2, "利己": 2, "流行学": 1, "拨拨": 1, "杀到": 1, "深圳": 2, "找": 1, "取经": 1, "拍拍": 1, "照片": 1, "发发": 1, "朋友圈": 1, "装装": 1, "高大上": 1, "回来": 1, "依然": 7, "老路": 2, "我行我素": 1, "一心": 2, "奋斗者": 4, "吃亏": 4, "——": 4, "学华": 1, "奋斗": 4, "讲": 1, "2015年": 1, "达沃斯": 1, "论坛": 2, "成功": 5, "可不可以": 1, "坦承道": 1, "第一": 10, "第二": 6, "到手": 1, "事情": 2, "复杂化": 1, "懂": 1, "市场经济": 1, "别人": 4, "不好意思": 1, "慢慢": 1, "发现": 4, "市场": 14, "经济": 1, "：": 18, "货源": 1, "交易": 2, "法律": 4, "努力": 12, "背景": 3, "资源": 3, "唯有": 2, "工作": 4, "机会": 3, "方向": 7, "说到底": 1, "生存": 3, "发展": 15, "来源": 1, "口袋": 2, "老婆": 1, "跑": 2, "非法": 2, "手段": 2, "抢": 1, "只好": 1, "产品": 55, "做好": 2, "很多": 9, "走": 2, "捷径": 1, "笨笨": 1, "傻傻": 1, "苦力": 1, "活上": 1, "自恃": 1, "聪明": 1, "耍尽": 1, "机关": 3, "坑蒙拐骗": 1, "偷": 1, "短命": 1, "当年": 1, "日本": 9, "灾害": 1, "飞": 2, "抢修": 1, "设备": 36, "救助": 1, "伤员": 1, "体现": 3, "中心": 4, "宗旨": 1, "维护": 1, "利益": 1, "自然": 3, "赚到": 1, "喝": 1, "咖啡": 1, "干": 3, "活": 1, "长处": 1, "太": 5, "晚": 1, "成长": 4, "年限": 1, "短": 2, "积累": 2, "吃苦": 1, "一点": 4, "芭蕾脚": 1, "烂": 1, "脚": 2, "痛": 1, "快乐": 1, "烂脚": 1, "社会": 2, "表现": 8, "挺": 1, "逆势": 1, "飞扬": 1, "艰苦奋斗": 1, "人人": 2, "羡慕": 1, "几百": 1, "亿": 5, "几千": 1, "付出": 2, "增长": 3, "英雄们": 1, "弟兄们": 1, "拼命": 1, "英勇": 2, "作战": 2, "挡": 2, "不住": 2, "开玩笑": 1, "难": 1, "解决": 10, "赚钱": 1, "对内": 1, "外分": 1, "麻烦事": 1, "实际上": 4, "早": 2, "预料": 1, "创业": 1, "阶段": 2, "员工们": 2, "打气": 1, "买": 5, "房子": 2, "大一": 1, "住": 1, "还要": 1, "晒": 1, "如今": 9, "人均": 2, "工资": 1, "高达": 2, "70万": 1, "元": 9, "国内": 16, "科技": 1, "互联网": 1, "行业": 4, "名列": 1, "一句话": 2, "垮": 1, "躺": 1, "床": 1, "数钱": 1, "创造": 3, "分赃": 1, "分得": 1, "贪生怕死": 1, "领导人": 1, "以身作则": 1, "表率": 1, "2008年": 1, "巴基斯坦": 1, "阿富汗": 1, "战乱": 2, "决意": 1, "看望": 1, "驻地": 1, "管理层": 1, "劝阻": 1, "兄弟们": 1, "地方": 1, "阻挡": 3, "下课": 1, "!": 1, "承诺": 1, "艰苦": 1, "地区": 4, "瘟疫": 1, "……": 1, "陪": 1, "利比亚": 1, "开战": 2, "伊拉克": 1, "首富": 1, "送": 2, "明天": 1, "就要": 2, "专机": 1, "派": 1, "队": 1, "保镖": 1, "一路": 1, "换车队": 1, "架": 1, "飞机": 1, "非得": 1, "遍布": 1, "全球": 35, "负责人": 2, "有种": 1, "下属": 1, "同甘共苦": 1, "精神": 1, "手里": 1, "坐": 1, "办公室": 1, "椅上": 1, "老傻": 1, "刚刚": 3, "圣诞节": 2, "冬日": 1, "添": 1, "段": 1, "温馨": 1, "美好": 1, "回忆": 1, "余温": 1, "未": 2, "用户": 11, "带来": 4, "惊喜": 1, "照明": 1, "环境": 12, "系列": 14, "智选": 14, "新品": 2, "安防": 4, "12月": 6, "26日": 3, "10:08": 2, "海雀": 3, "AI": 12, "全景": 8, "摄像头": 10, "豪恩": 5, "智能": 74, "套装": 7, "汇": 2, "泰龙": 2, "指纹": 10, "锁": 9, "正式": 8, "开售": 2, "品鉴会": 2, "展示": 1, "720": 7, "全效": 6, "空气": 11, "净化器": 6, "朋友": 2, "前往": 1, "商城": 6, "京东": 2, "天猫": 2, "苏宁": 2, "易购": 2, "购买": 4, "四": 7, "款": 17, "专业": 5, "领域": 6, "TOP级": 1, "厂商": 5, "强强": 1, "联合": 5, "打造": 5, "赋予": 1, "伙伴": 15, "卓越": 1, "网络": 14, "提供": 15, "品质": 2, "家居": 20, "享受": 1, "硬件": 2, "功能": 14, "体验": 4, "便捷": 2, "智慧": 4, "生活": 5, "APP": 8, "远程": 1, "遥控": 2, "全屋": 2, "随心": 1, "净化": 3, "高效": 3, "除醛": 1, "净霾": 1, "专业级": 1, "杀菌": 1, "清新": 2, "负离子": 2, "一身": 1, "HEPA": 1, "滤网": 1, "过滤": 2, "PM2.5": 1, "颗粒物": 2, "活性": 1, "炭": 1, "吸附": 2, "装修": 1, "污染": 1, "医疗级": 1, "深紫": 2, "杀灭": 1, "有害": 1, "病菌": 1, "高能": 2, "发生器": 1, "生产": 1, "超越": 1, "森林": 1, "级别": 3, "室内": 7, "氧吧": 1, "配合": 5, "CADR500": 1, "M3/h": 1, "澎湃": 1, "大风量": 1, "加快": 1, "流动": 1, "快速": 2, "循环": 4, "5": 2, "分钟": 2, "平米": 1, "空净": 1, "即可": 3, "焕然一新": 1, "配备": 2, "滤芯": 4, "容尘量": 1, "超过": 12, "24000": 1, "毫克": 1, "国标": 1, "倍": 1, "降低": 2, "更换": 4, "成本": 3, "一体式": 1, "HUAWEI": 6, "HiLink": 12, "平台": 10, "携手": 3, "远端": 1, "定时": 2, "开关机": 1, "声光": 1, "无扰": 1, "设置": 1, "质量": 8, "显示": 2, "寿命": 1, "提示": 1, "控制": 3, "直观": 1, "海雀AI": 3, "搭载": 8, "海思": 2, "芯片": 10, "清晰": 1, "识别": 7, "脸华": 1, "采用": 8, "套娃": 1, "造型": 1, "雪白": 1, "身形": 1, "合宜": 1, "氛围": 1, "简洁": 1, "亲和": 1, "云算法": 1, "人脸": 2, "人形": 1, "宝宝": 1, "哭声": 1, "1080P": 1, "高清": 3, "画质": 1, "H.265": 1, "编码": 1, "流畅": 1, "看清": 1, "看懂": 1, "记录": 2, "家人": 2, "面孔": 1, "软件": 6, "界面": 1, "EMUI": 1, "风格": 2, "滑动": 1, "屏幕": 1, "畅快": 1, "跟手": 1, "附加": 1, "绘图": 1, "预置点": 1, "手机端": 1, "快": 4, "定位": 3, "视角": 1, "支持": 17, "360": 3, "°": 1, "巡航": 2, "定点": 1, "24": 1, "小时": 2, "监测": 2, "自由": 1, "操控": 1, "家中": 4, "电器": 2, "iHORN豪恩": 1, "开发": 3, "新一代": 2, "包括": 10, "多功能": 3, "网关": 4, "人体": 2, "传感器": 12, "门窗": 3, "温湿度": 2, "适应性": 1, "兼容性": 1, "保障": 1, "多样": 1, "联动": 3, "场景": 10, "建立": 6, "独立": 1, "系统": 1, "住宅室": 1, "内": 3, "报警": 2, "入侵": 1, "触发": 1, "信号": 2, "传送": 1, "推送": 2, "通知": 1, "提醒": 1, "异常": 1, "情况": 8, "中华": 1, "自动": 1, "出差": 1, "在外": 3, "空调": 2, "电动": 1, "窗帘": 1, "打开": 2, "归家": 1, "会客": 1, "灯光": 1, "切换": 1, "汇泰龙": 4, "内置": 3, "微处理器": 1, "读取": 1, "速度": 1, "汇泰": 1, "龙": 1, "云锁": 1, "稳定性": 3, "优势": 4, "出发": 1, "着重": 1, "回家": 1, "忘记": 1, "带": 2, "钥匙": 2, "出门": 1, "累赘": 1, "锁具": 1, "撬": 1, "痛点": 2, "瑞典": 1, "FPC": 1, "头": 1, "度": 3, "C级": 1, "锁芯": 2, "插芯": 1, "设计": 8, "独特": 2, "锁舌": 1, "门锁": 4, "状态": 4, "实时": 1, "告别门": 1, "关好": 1, "强迫症": 1, "放心": 1, "音箱": 5, "+": 1, "路由": 2, "WS5200": 3, "增强": 4, "版": 3, "当天": 1, "亮相": 4, "华为路": 2, "年度": 2, "战略": 14, "经由": 1, "丹拿": 1, "音响": 1, "调音": 1, "不凡": 1, "音质": 1, "拥有": 8, "电视": 1, "拾音": 1, "内容": 2, "声源": 1, "交互性": 1, "入口": 1, "属性": 1, "后者": 1, "延续": 1, "双千兆": 1, "双频": 1, "三大": 1, "提升": 10, "有望": 1, "路": 1, "爆品": 1, "单核1": 1, "GHz": 1, "处理器": 4, "升级": 2, "双核": 1, "800MHz": 1, "5GHz": 1, "Wi-Fi": 1, "放": 1, "大器": 1, "网口": 1, "盲插": 1, "/": 1, "账号": 1, "密码": 2, "拷贝": 1, "优雅": 1, "洁白": 1, "机身": 1, "收纳": 1, "天线": 1, "H": 1, "键": 1, "融为一体": 1, "消费者": 8, "营造": 1, "轻奢格调": 1, "11月": 1, "11日": 1, "开卖": 1, "此次": 1, "感兴趣": 1, "登陆": 1, "详情": 1, "请": 2, "电商": 1, "活动": 3, "页面": 1, "信息": 1, "心动": 1, "朋友们": 1, "赶紧": 1, "点击": 1, "下方": 1, "链接": 1, "抢先": 1, "~": 1, "确认": 3, "国家": 21, "反悔": 2, "再次": 5, "拒绝": 9, "网友": 8, "峰回路转": 2, "骄傲": 2, "说起": 1, "都会": 1, "感到": 1, "自豪": 3, "手机": 38, "iphone": 2, "商": 1, "通信": 5, "供应商": 8, "5G": 48, "碰到": 1, "挫折": 4, "那种": 1, "一波未平": 1, "一波又起": 1, "丶": 3, "拆华": 1, "想要": 2, "测试": 2, "面对": 2, "从不": 1, "妥协": 2, "半": 1, "订单": 9, "国": 4, "态度": 6, "英国": 29, "捷克": 7, "媒体": 5, "报道": 7, "排除": 6, "发声": 1, "爱立信": 2, "事件": 8, "请求": 1, "过华": 1, "中国": 9, "民族": 1, "气节": 1, "肯定": 2, "答应": 1, "多久": 3, "合作": 17, "消息": 7, "传出": 1, "这是": 3, "醒悟": 1, "转弯": 1, "电信": 10, "30亿": 4, "美元": 9, "采购": 4, "没完": 1, "4G": 1, "决绝": 1, "EE": 6, "认同": 1, "热议度": 1, "爆炸": 1, "证明": 1, "急转直下": 1, "有意思": 1, "旗下": 1, "隐患": 1, "值得": 1, "信任": 3, "尤其是": 1, "安全性": 3, "改变": 5, "事实": 1, "这次": 3, "损失": 1, "金额": 1, "夸赞": 2, "不用": 3, "不少": 3, "口口声声": 1, "实力": 14, "强过": 1, "诺基亚丶": 1, "早晚": 1, "加油": 1, "<": 1, "转发": 1, "点赞": 1, "年薪": 1, "百万": 1, ">": 1, "对此": 2, "2018": 3, "意义": 1, "非凡": 1, "12": 2, "25": 1, "业务": 26, "CEO": 2, "余承东": 3, "年华": 1, "发货量": 1, "含": 1, "荣耀": 27, "突破": 5, "台": 9, "下滑": 1, "成绩": 2, "难得": 1, "延伸": 1, "终于": 3, "AIoT": 4, "迈出": 1, "伴随": 2, "10": 2, "26": 7, "Mate": 5, "发布会": 6, "推出": 3, "IoT": 9, "加速": 1, "发布": 11, "至今": 1, "时间": 7, "日活率": 1, "84%": 1, "平均": 1, "长": 1, "72": 1, "围绕": 5, "方舟": 7, "实验室": 10, "揭开": 1, "神秘": 1, "面纱": 1, "对华": 1, "日益": 1, "之上": 1, "无疑": 3, "联想": 1, "一大": 1, "看作": 1, "艘": 1, "船": 1, "引导": 1, "指挥室": 1, "首次": 2, "对外": 1, "打通": 2, "研发": 11, "赋能": 1, "全流程": 1, "蓝图": 1, "制定者": 1, "坐落": 1, "坂田": 1, "基地": 1, "培训": 3, "J1": 1, "占地": 1, "面积": 1, "1000": 1, "平方米": 1, "本次": 2, "极客": 1, "公园": 1, "前方": 1, "参观": 1, "过程": 1, "认证区": 1, "创新区": 1, "陈列区": 1, "开发区": 1, "区域": 4, "业界": 2, "唯一": 1, "众多": 1, "能力": 11, "一角": 1, "保密": 1, "互不": 1, "影响": 3, "集成": 1, "缩短": 1, "引入": 1, "周期": 1, "2-3": 1, "针对": 6, "初始": 1, "协同": 1, "验证": 1, "CMO": 1, "朱永刚": 1, "介绍": 2, "目标": 3, "数字": 6, "世界": 23, "带入": 3, "组织": 15, "构建": 5, "万物": 3, "互联": 3, "多年华": 1, "建设": 8, "成果": 3, "截止": 1, "连接": 5, "3": 3, "100": 2, "品类": 1, "厂家": 1, "时代": 5, "超高速": 1, "自主": 1, "麒麟": 1, "舞台": 1, "涵盖": 1, "端": 1, "芯": 1, "层": 1, "架构": 2, "端到端": 2, "差异化": 1, "芯片级": 1, "即将": 2, "2019": 1, "超低": 1, "功耗": 3, "高性能": 1, "端侧": 1, "持续": 4, "优化": 6, "Lite": 1, "OS": 1, "内核": 1, "10K": 1, "大小": 1, "效比": 1, "目的": 2, "边缘": 1, "侧": 1, "部署": 1, "2000": 1, "云侧": 1, "毫秒级": 1, "响应": 1, "覆盖": 3, "正是": 3, "展现": 2, "初": 2, "HiLINK": 1, "单独": 1, "设定": 1, "连接性": 1, "特性": 2, "官方": 5, "称之为": 3, "「": 2, "」": 2, "上线": 5, "不乏": 2, "市面": 1, "关注": 2, "认证": 1, "商品": 1, "1080p": 1, "分辨率": 1, "米": 1, "红外": 1, "夜视": 1, "具备": 1, "亮点": 1, "在于": 1, "无限": 1, "监控": 2, "死角": 1, "视频": 1, "基于": 1, "DNN": 1, "算法": 1, "分类": 1, "区分": 1, "访客": 1, "陌生人": 1, "售价": 4, "299": 1, "热点": 1, "日常": 1, "频次": 1, "重视": 2, "C": 1, "解锁": 4, "NFC": 1, "多种": 1, "方式": 2, "三角舌": 1, "构造": 1, "用来": 1, "检测": 1, "接入": 1, "查看": 1, "开关": 1, "2299": 1, "一部分": 3, "越来越": 2, "第三": 3, "红外人": 1, "体传": 1, "感器": 1, "在内": 3, "感知": 1, "控温": 1, "加湿器": 1, "湿度": 1, "调节": 1, "全套": 1, "429": 1, "500": 5, "立方米": 1, "CADR": 1, "值": 1, "甲醛": 1, "灭菌": 1, "PM": 1, "2.5": 1, "激光": 1, "连续": 1, "测量": 1, "对接": 1, "价格": 3, "1299": 1, "竞争者": 1, "来临": 1, "当下": 1, "设施": 1, "庞大": 1, "顺理成章": 1, "首席": 1, "战略官": 1, "邵洋": 1, "构筑": 1, "交互": 1, "触达": 1, "十一月": 1, "宽带": 2, "轮值": 4, "董事长": 6, "胡厚崑": 1, "演讲": 1, "提到": 4, "推向": 1, "高度": 1, "启动": 2, "平台化": 1, "永远": 1, "在线": 1, "雏形": 1, "官网": 1, "编辑": 1, "贾伯斯龙": 1, "变换": 1, "莫测": 1, "欢喜": 1, "忧": 1, "国产": 3, "崛起": 1, "面临": 5, "淘汰": 2, "进一步": 1, "集约化": 1, "竞争": 4, "上半场": 1, "结束": 2, "为首": 1, "头部": 1, "发力": 1, "亚洲": 1, "欧洲": 2, "一线": 5, "亮眼": 3, "比如说": 1, "印度": 9, "小米": 3, "占据": 2, "27%": 1, "份额": 3, "季度": 3, "销售量": 1, "1200万": 1, "不错": 2, "蓝": 1, "绿": 1, "兄弟": 1, "上演": 1, "线下": 1, "遍地": 1, "开花": 1, "营销": 1, "模式": 2, "效果": 5, "基本上": 1, "攻占": 1, "苹果": 14, "跌": 1, "1%": 1, "攻势": 1, "24%": 1, "22%": 1, "销量": 5, "差距": 2, "拉大": 1, "下半年": 3, "新机": 1, "打破": 1, "局面": 1, "2亿": 8, "短期": 1, "赶上": 1, "卖": 2, "公布": 2, "原因": 3, "这家": 1, "公司": 15, "版图": 1, "负责": 1, "通讯": 9, "2013年": 1, "方案": 6, "提供者": 1, "模块": 1, "营收": 3, "接近": 1, "40%": 1, "民营": 1, "相比于": 1, "投入": 8, "恐怖": 1, "几百亿": 1, "人民币": 2, "保证": 1, "奇怪": 1, "外媒": 3, "调查": 1, "上市": 4, "排行": 1, "登顶": 1, "44亿": 1, "排": 1, "亚马逊": 1, "去年": 3, "220亿": 1, "上榜": 1, "140亿": 1, "可想而知": 1, "尽如人意": 1, "账面": 1, "上涨": 1, "下降": 2, "外界": 1, "讯号": 1, "股价": 1, "下跌": 1, "厉害": 1, "承受": 2, "程度": 1, "打击": 1, "近些年": 1, "力度": 1, "眼前": 1, "亮": 1, "感觉": 1, "模仿": 1, "屏": 1, "大屏": 1, "双卡双待": 1, "新款": 1, "望而却步": 1, "8000多": 1, "流畅度": 1, "老化率": 1, "弱": 1, "仅仅": 1, "牌子": 1, "ios": 1, "才能": 3, "霸主": 1, "位子": 1, "留言": 1, "评论": 1, "昨天": 2, "2018年": 7, "收官": 2, "V20": 15, "旗舰": 4, "LOGO": 2, "小写": 1, "honor": 1, "变为": 1, "大写": 1, "HONOR": 1, "此前": 6, "主角": 1, "配置": 3, "曝光": 1, "挖": 1, "孔屏": 1, "正面": 2, "魅眼": 1, "视屏": 1, "视觉": 1, "惊艳": 1, "麒麟980": 2, "性能": 3, "强劲": 1, "首发": 2, "Link": 2, "Turbo": 2, "看点": 1, "颇": 2, "后置": 1, "双摄": 1, "组合": 4, "IMX586": 2, "加持": 1, "该机": 1, "拍照": 2, "2999": 2, "诚意": 2, "十足": 1, "网上": 1, "3999": 1, "Mate20": 11, "听听": 1, "众所周知": 2, "V系列": 2, "一向": 1, "主配": 1, "关系": 2, "当作": 1, "减配版": 1, "知名度": 1, "溢价": 1, "商务": 1, "人士": 1, "看重": 1, "对比": 1, "稍显": 1, "落后": 1, "机型": 2, "差别": 1, "不大": 2, "4800万": 1, "像素": 1, "拍摄": 1, "单颗": 1, "成像": 2, "有限": 1, "TOF": 1, "镜头": 1, "画面": 1, "补充": 1, "相比之下": 1, "徕卡": 1, "三": 3, "摄": 1, "均衡": 1, "光学": 1, "变焦": 1, "超级": 1, "广角": 1, "可玩性": 1, "落后于": 1, "以往": 1, "惯例": 1, "P系列": 1, "陆续": 1, "更新": 1, "这项": 1, "无线": 2, "充电": 1, "IP": 1, "53": 1, "防水": 1, "整体": 2, "细节": 1, "资金": 1, "的确": 3, "选择": 5, "3000": 1, "价位": 1, "竞争力": 3, "不妨": 1, "谈谈": 1, "看法": 1, "原创": 2, "参考": 1, "外部": 1, "压力": 5, "困难": 10, "誓言": 1, "推动": 1, "香港": 1, "南华": 1, "早报": 1, "25日": 2, "如是说": 1, "总部": 1, "举办": 1, "圆桌会": 1, "梁华": 2, "商用": 6, "合同": 6, "50多": 1, "商业": 8, "签署": 1, "协议": 3, "基站": 7, "发货": 1, "数量": 2, "超": 1, "1万": 1, "最多": 2, "2019年": 2, "上半年": 2, "规模": 3, "美国": 20, "华盛顿": 1, "邮报": 1, "网站": 2, "24日": 2, "施压": 2, "卖出": 1, "增加": 4, "30%": 1, "制造商": 1, "领先": 13, "地位": 3, "力挺": 1, "综合": 1, "金融": 1, "时报": 1, "彭博社": 1, "情报": 2, "部门": 5, "警告": 5, "连连": 1, "近日": 3, "Three": 2, "UK": 2, "达成": 2, "20亿": 2, "英镑": 2, "明年": 2, "营运": 2, "政府": 9, "禁用": 2, "导致": 2, "剧增": 2, "软银": 4, "集团": 2, "子公司": 2, "东京": 2, "证券": 2, "交易所": 2, "首日": 2, "跌破": 2, "发行价": 2, "记者会": 2, "高管": 2, "做法": 2, "提出": 3, "德国": 2, "法国": 2, "新西兰": 4, "参与": 8, "当地": 3, "驻": 1, "大使馆": 1, "称": 1, "总理": 1, "巴比什": 1, "日前": 1, "中兴": 1, "捷": 3, "立场": 1, "仓促": 1, "停用": 1, "误导": 1, "外国": 2, "投资": 6, "经营": 8, "营商": 3, "近段": 2, "西方": 4, "密集": 3, "围堵": 8, "十面埋伏": 2, "各国": 5, "柳暗花明": 2, "看似": 1, "不可思议": 1, "实则": 1, "华尔街": 1, "日报": 1, "道出": 1, "固定": 1, "电话": 1, "长途": 1, "触及": 1, "角落": 1, "国际": 5, "研究院": 1, "副研究员": 1, "李峥": 2, "产业": 7, "布局": 2, "处于": 2, "出于": 1, "角度": 3, "绕": 1, "选项": 2, "性价比": 1, "李": 2, "峥": 2, "指出": 2, "机构": 1, "诋毁": 1, "战略性": 1, "证据": 1, "疑虑": 3, "大门": 1, "利器": 1, "胜利": 2, "场": 2, "长期": 2, "斗争": 2, "遏制": 2, "执法": 1, "打压": 1, "接下来": 1, "攻击": 1, "或许": 2, "近期": 3, "应对": 3, "国际化": 1, "水准": 1, "成熟": 1, "事实上": 1, "意向": 1, "恰当": 1, "过硬": 1, "取代": 1, "合法": 1, "合规": 6, "运营": 5, "未来": 6, "迎战": 1, "底气": 1, "民众": 1, "鼓励": 1, "辜负": 1, "份": 2, "期望": 1, "新闻": 1, "视野": 1, "之内": 1, "牵动": 1, "如火如荼": 1, "位置": 1, "主动权": 1, "优秀": 2, "会议": 1, "专利": 1, "主战场": 1, "遭遇": 2, "抵制": 2, "一同": 2, "不容小觑": 1, "靠拢": 1, "传来": 1, "诸多": 1, "弃用": 1, "纷纷": 2, "回头是岸": 1, "运营商": 7, "O2": 2, "大众": 1, "公平": 7, "签订": 2, "第26": 1, "O2一": 1, "表态": 1, "沃达丰": 1, "声称": 1, "传": 1, "逆风": 1, "翻盘": 1, "开心不已": 1, "困境": 1, "痛失": 1, "竟然": 1, "这才": 1, "众人": 1, "疑惑": 1, "谜团": 1, "原有": 1, "计划": 2, "毕竟": 1, "十多": 1, "并未": 1, "稳定": 3, "资格": 2, "撤掉": 1, "最初": 1, "随后": 1, "实在": 1, "猜": 1, "透": 1, "对待": 1, "向前": 4, "将来": 1, "闯出": 1, "天地": 1, "27日": 3, "郭平": 5, "新年": 7, "致辞": 9, "透露": 1, "预计": 3, "销售": 3, "收入": 3, "1085亿": 3, "同比": 2, "21%": 2, "题目": 1, "艰难困苦": 3, "玉汝于成": 1, "郭": 2, "平称": 1, "平静": 2, "从未": 2, "停下": 2, "脚步": 2, "披露": 1, "数据": 2, "签定": 2, "10000": 4, "发": 4, "160多": 3, "城市": 4, "211": 3, "数字化": 7, "转型": 4, "出货量": 5, "PC": 2, "可喜": 2, "18": 3, "140": 3, "22": 3, "地理": 3, "37": 3, "用区": 3, "全栈": 2, "全场": 2, "景AI": 2, "人工": 4, "昇腾": 2, "迎来": 2, "智能化": 4, "浪潮": 3, "苦练": 3, "内功": 3, "激发": 7, "活力": 6, "奋勇": 3, "需求": 4, "平在": 1, "走向": 2, "全球化": 2, "法治化": 2, "遵从": 3, "全世界": 3, "政策": 5, "制度": 2, "流程": 2, "文化": 2, "宣传": 2, "方方面面": 2, "落实": 2, "融入": 3, "思想": 2, "意识": 2, "习惯": 2, "恶性": 2, "消沉": 2, "锐气": 3, "挫": 3, "勇": 3, "极端": 3, "逼向": 3, "沉舟侧": 1, "畔": 1, "千": 2, "帆": 2, "乘风破浪": 2, "休想": 2, "步伐": 2, "附郭": 1, "平": 1, "全文": 1, "@": 1, "印证": 1, "哲学家": 1, "西塞罗": 1, "名言": 1, "业绩": 4, "真切": 2, "认可": 2, "质疑": 3, "排挤": 2, "回应": 1, "感谢": 3, "各界": 1, "家属们": 1, "奉献": 1, "风云": 1, "多么": 1, "变幻": 1, "一脉既往": 2, "坚定不移": 2, "共赢": 3, "聚焦": 1, "结构": 2, "韧性": 1, "吸引力": 1, "优胜劣汰": 1, "收缩": 1, "多年": 1, "人员": 1, "转移": 1, "极简": 2, "隐私": 2, "保护": 2, "优": 3, "改造": 1, "骨干": 1, "留": 1, "盈利": 2, "输出": 1, "支撑": 1, "体系": 4, "变革": 1, "树立": 1, "标杆": 1, "寂寞": 1, "英雄": 2, "工程": 3, "可信": 4, "赢得": 1, "170": 1, "信赖": 1, "威胁": 2, "ICT": 3, "最为": 1, "实践": 1, "基石": 1, "标准": 3, "纲领": 1, "系统性": 1, "对准": 3, "粮食": 3, "土地": 2, "肥力": 2, "代表处": 2, "审结": 1, "项目": 1, "探索": 2, "试点": 1, "内外": 1, "财经": 2, "指标": 1, "牵引": 3, "资产": 1, "包": 2, "约束": 1, "中央": 1, "集权": 1, "手": 2, "放开": 2, "权": 2, "意志": 1, "听": 1, "见炮声": 1, "运作": 1, "生产关系": 1, "生产力": 1, "主观能动性": 1, "多劳多得": 2, "GTS": 1, "供应": 1, "AI变革": 1, "海量": 1, "重复": 1, "高频": 1, "低效": 1, "作业点": 1, "利用": 2, "优先": 1, "干部": 3, "专家": 2, "队伍": 2, "职员": 2, "反面": 1, "失败": 1, "平庸": 2, "四平八稳": 1, "平庸化": 1, "一家": 1, "暮气": 1, "偏": 1, "执狂": 1, "疯子": 1, "敞开": 1, "怀抱": 1, "拥抱": 1, "科学家": 1, "全科": 1, "医生": 2, "专科": 1, "考试": 1, "考核": 1, "南郭": 1, "高质": 1, "团队": 2, "绩效": 3, "导向": 2, "全营": 1, "杆": 1, "枪": 1, "管理": 1, "责任": 3, "评价": 1, "个体": 1, "单一": 1, "产出": 3, "学习": 1, "谷歌": 1, "军团": 1, "方法": 1, "组建": 1, "突击队": 1, "面前": 1, "平等": 1, "人力": 1, "一致性": 1, "激励": 4, "差异性": 1, "工具": 1, "匹配": 1, "担当": 1, "充满": 3, "主动": 1, "追求": 2, "奖金": 1, "当期": 2, "回报": 1, "收益": 1, "大国": 1, "博弈": 1, "加剧": 1, "更为": 1, "宏观": 1, "踏踏实实": 2, "改善": 1, "加大": 1, "切切实实": 1, "内外部": 1, "场态": 1, "沟通": 1, "价值观": 2, "传播者": 1, "形象": 1, "理解": 1, "思维": 1, "每临": 1, "大事": 1, "静气": 1, "定性": 1, "政治": 1, "不确定性": 2, "三十": 2, "宗教": 1, "般的": 1, "虔诚": 1, "象牙塔": 1, "带到": 1, "偏远": 1, "消除": 2, "鸿沟": 1, "联接": 1, "三十亿": 1, "人口": 1, "人类": 1, "文明": 1, "进程": 2, "刻下": 1, "深深": 1, "痕迹": 1, "领导者": 1, "贡献者": 1, "380": 1, "担任": 1, "300": 1, "职位": 1, "提案": 1, "6000": 1, "篇": 1, "光通信": 1, "终端": 1, "像是": 1, "球星": 1, "NBA": 1, "比赛": 1, "水平": 1, "大数据": 1, "云计算": 1, "同步": 1, "站": 1, "阵营": 1, "起跑线": 1, "展望": 1, "激动人心": 1, "希望": 1, "必将": 1, "大有可为": 2, "风起云涌": 1, "渴望": 1, "享用": 1, "先进": 2, "求真": 1, "尖端": 1, "苦难": 2, "变得": 2, "团结": 2, "愿景": 1, "使命": 1, "沉舟": 1, "侧畔": 1, "出自": 1, "CFO": 1, "孟晚舟": 1, "女士": 1, "保释": 1, "引渡": 1, "风险": 1, "美方": 1, "加方": 1, "给出": 1, "解释": 1, "担忧": 1, "盟友": 3, "禁入": 1, "国内外": 1, "不实": 1, "煎熬": 1, "克制": 1, "怯懦": 1, "沉默": 1, "抹杀": 1, "真诚": 2, "出手": 1, "说话": 1, "打脸": 2, "谣言": 1, "座": 1, "一字一句": 1, "无不": 1, "独有": 1, "挑战": 1, "放弃": 1, "抹黑": 2, "处处": 1, "古话": 1, "匹夫无罪": 2, "怀璧其罪": 2, "归根究底": 1, "跨越式": 1, "一举": 1, "主导权": 1, "战争": 1, "最新": 1, "击败": 1, "据悉": 1, "这块": 1, "蛋糕": 1, "着实": 1, "分外": 1, "眼红": 1, "高下": 1, "歪脑筋": 1, "五": 3, "眼": 3, "联盟": 3, "(": 2, "加拿大": 1, "澳大利亚": 1, ")": 2, "展开": 1, "试图": 1, "拉拢": 1, "法德": 1, "出货": 1, "首位": 1, "漂亮": 1, "讽刺": 1, "意味": 1, "率先": 1, "反水": 1, "抛出": 1, "橄榄枝": 1, "174亿": 1, "韩国": 1, "LG": 1, "副": 1, "会长": 1, "河炫会": 1, "公认": 1, "检验": 1, "准许": 1, "该国": 1, "并称": 1, "赞华": 1, "180": 1, "反转": 1, "溃不成军": 1, "匹夫": 1, "王者": 1, "抵": 1, "满满": 1, "本文": 1, "世椿": 1, "转载": 1, "注明": 1, "出处": 1}