{"北京": 6, "时间": 8, "3月": 8, "26日": 5, "晚上": 3, "21点整": 1, "华为": 167, "法国": 4, "巴黎": 5, "新品": 8, "发布会": 20, "发布": 9, "最新": 2, "一代": 1, "P系列": 3, "旗舰": 10, "——": 1, "P30": 77, "Pro": 26, "款": 16, "产品": 6, "定位": 1, "延续": 1, "一贯": 1, "独到": 1, "美学": 2, "设计": 16, "强劲": 1, "硬件": 7, "性能": 6, "10": 6, "倍": 13, "混合": 5, "光学": 7, "变焦": 16, "技术": 14, "手机": 24, "拍照": 8, "再次": 5, "迈向": 1, "高度": 1, "6GB": 3, "+": 22, "128GB": 10, "售价": 13, "799": 2, "欧元": 13, "人民币": 8, "6000": 2, "元": 22, "8GB": 9, "999": 2, "7572": 2, "256GB": 4, "1099": 2, "8330": 2, "512GB": 4, "1249": 2, "9467": 2, "徕卡": 3, "升级": 1, "改写": 2, "影像": 1, "规则": 2, "众所周知": 1, "始终": 1, "兼具": 1, "时尚": 1, "双重": 1, "使命": 1, "P20": 1, "引入": 1, "三": 6, "摄": 2, "拉高": 1, "水准": 1, "本次": 4, "P30/P30": 2, "亮点": 2, "依旧": 1, "摄像头": 15, "后置": 10, "配备": 3, "4000万": 5, "支持": 24, "5": 6, "镜头": 6, "参数": 2, "四": 4, "素超": 1, "感光": 1, "F1.6/OIS": 1, "/": 3, "27": 1, "索尼": 1, "IMX650": 1, ")": 3, "800万": 3, "像素": 7, "(": 2, "125mm/10x无损/50x": 1, "数码": 4, "OIS": 1, "5x光变": 1, "120": 1, "°": 1, "2000万": 2, "广角": 2, "颗": 3, "ToF": 2, "3D": 1, "深感": 1, "潜望式": 1, "50": 2, "系列": 21, "RUYYB": 1, "CMOS": 1, "RYYB": 2, "提升": 8, "40%": 1, "进光量": 2, "体积": 1, "尺寸": 1, "同类": 1, "125%": 2, "光圈": 2, "1.6": 1, "双光学": 1, "防抖": 1, "暗光": 3, "表现": 2, "更为": 1, "出色": 1, "；": 12, "ISO值": 2, "超过": 3, "20万": 1, "40万": 1, "夜景": 1, "展示": 1, "样张": 1, "DxOMark": 2, "刷新": 1, "榜单": 1, "总体": 1, "得分": 3, "112": 1, "119": 2, "摄像": 1, "97": 1, "DxO": 1, "网站": 1, "源于": 1, "自然": 1, "美": 2, "对称": 1, "外观": 2, "语言": 1, "自然界": 1, "共有": 1, "水晶蓝": 1, "、": 42, "赤": 1, "茶橘": 1, "光色": 1, "珍珠白": 2, "黑色": 1, "五": 1, "颜色": 1, "选择": 1, "正面": 1, "采用": 21, "6.1": 3, "英寸": 13, "2340*1080": 2, "水滴": 2, "屏": 2, "6.47": 3, "曲面": 1, "机型": 1, "都": 14, "屏幕": 9, "指纹": 3, "识别": 3, "保证": 1, "屏占比": 1, "全新": 2, "发声": 2, "IP": 3, "68": 2, "防尘": 2, "防水": 3, "续航": 2, "内置": 4, "3650": 2, "mAh": 7, "电池": 7, "超级": 2, "快充": 7, "4200": 2, "40W": 4, "15W": 2, "无线": 6, "充电": 3, "设备": 10, "反向": 1, "麒麟980": 5, "加持": 1, "彰显": 1, "品质": 1, "2019年": 2, "首款": 4, "Pro全系": 1, "搭载": 11, "自主": 2, "研发": 4, "麒麟": 3, "980": 3, "处理器": 4, "全球": 16, "首次": 1, "基于": 5, "Cortex-A76": 1, "开发商": 2, "相较": 1, "上一代": 2, "75%": 2, "GPU": 6, "46%": 2, "Mali-G76": 2, "相比": 1, "能效": 1, "178%": 1, "创新": 1, "引用": 1, "AI": 1, "调频": 2, "调度": 2, "实时": 1, "学习": 1, "帧率": 1, "流畅度": 1, "触屏": 1, "输入": 1, "变化": 1, "预测": 1, "负载": 1, "动态": 1, "智能": 11, "感知": 1, "过程": 1, "瓶颈": 1, "系统": 6, "均": 4, "Android": 1, "9.0": 1, "EMUI": 1, "9.1": 1, "操作": 1, "UI": 1, "重构": 1, "流畅": 2, "虚拟": 1, "键换": 1, "手势": 1, "导航": 1, "电源键": 1, "秒": 2, "召唤": 1, "谷歌": 1, "AI助手": 1, "开华": 1, "带来": 5, "配件": 1, "包括": 2, "SuperCharge": 1, "12000": 1, "充电宝": 1, "包含": 1, "车载": 1, "保护套": 1, "珍珠粉": 1, "施华": 1, "洛世奇": 1, "壳": 1, "Pro特殊": 2, "版": 4, "礼盒": 2, "运动": 1, "FreeBuds": 2, "Lite": 2, "FreeLace": 2, "蓝牙": 1, "耳机": 2, "拥有": 2, "配色": 2, "Watch": 2, "GT": 2, "GENTLE": 1, "MONSTER": 1, "联名": 1, "太阳": 1, "眼镜": 1, "7月份": 1, "发售": 1, "99": 2, "229": 1, "249": 1, "电源": 1, "27日": 1, "零点": 1, "开启": 1, "预售": 1, "凌晨": 2, "苹果": 12, "公司": 1, "春季": 2, "结束": 2, "爱尔兰": 2, "官方": 5, "推特": 3, "发文": 3, "称": 2, "感谢": 2, "暖场": 2, "重头戏": 2, "圈": 1, "带上": 1, "标签": 1, "暗示": 2, "今晚": 4, "才": 4, "重点": 2, "此前": 4, "宣传": 2, "宣传语": 1, "好戏": 1, "开幕": 1, "这是": 3, "巨头": 2, "第一": 3, "同一天": 1, "推出": 5, "Apple": 5, "News": 1, "Card": 1, "Arcade": 1, "TV": 1, "TV+": 1, "一整套": 1, "订阅": 1, "服务": 3, "更新": 1, "消息": 2, "花": 1, "讲述": 1, "电视": 17, "流": 1, "媒体": 4, "邀请": 1, "斯皮尔伯格": 1, "安妮斯顿": 1, "库梅尔·南贾尼": 1, "奥普拉": 1, "众": 1, "明星": 1, "站台": 1, "好似": 1, "奥斯卡": 1, "颁奖": 1, "盛典": 1, "晚": 2, "21时": 1, "编辑": 1, "：": 1, "YZM": 1, "早": 3, "14日": 1, "生态": 1, "大会": 2, "消费者": 1, "业务": 14, "CEO": 2, "余承东": 5, "对外": 2, "传统": 2, "家电": 1, "企业": 1, "竞争": 2, "7天": 1, "报道": 2, "4月份": 1, "55": 1, "吋": 2, "供应商": 5, "京东方": 4, "65": 1, "华星": 1, "光电": 1, "！": 20, "5G": 4, "时代": 1, "到来之际": 1, "家居": 1, "大屏": 1, "价值": 1, "吸引": 1, "众多": 1, "厂商": 5, "小米": 4, "一加": 1, "去年": 2, "9月": 1, "17日": 1, "跨界": 1, "行业": 3, "业界": 4, "传出": 3, "即将": 1, "领域": 2, "表态": 1, "AWE": 1, "2019": 1, "展出": 1, "或者是": 1, "释放": 1, "信号": 1, "此次": 3, "牵动": 1, "神经": 1, "互联网": 1, "观望": 1, "进军": 3, "曝出": 1, "目标": 2, "销售": 1, "1000万": 4, "台": 5, "对比": 3, "财报": 1, "显示": 3, "销量": 2, "840万": 1, "差距": 1, "难度": 1, "事实上": 1, "多年": 1, "踏足": 1, "海思": 5, "联合": 1, "创维": 3, "深圳": 1, "总部": 1, "OLED": 1, "CPU": 1, "芯片": 11, "提供": 1, "三者": 1, "合作": 3, "方式": 1, "局面": 1, "顺畅": 1, "扩张": 1, "底气": 1, "终端": 1, "伙伴": 1, "夏普": 1, "海信": 1, "康佳": 1, "品牌": 1, "在内": 1, "数据": 1, "占领": 1, "国内": 3, "一半": 1, "市场": 5, "2016年": 1, "出货量": 1, "将近": 1, "六大": 1, "彩电": 2, "供应链": 2, "核心": 2, "优势": 1, "毕竟": 2, "格局": 1, "稳定": 1, "面临": 2, "需求": 1, "疲软": 1, "恶性": 1, "势力": 1, "很": 2, "挑战": 1, "图片": 1, "网络": 4, "侵权": 1, "速删": 1, "[PConline": 1, "资讯": 1, "上半年": 1, "3月底": 1, "4月初": 1, "期间": 1, "关注": 2, "新机": 3, "今日": 1, "21点": 2, "正式": 6, "亮相": 1, "前夕": 1, "爆料": 1, "曝光": 2, "珍珠屏": 1, "曲面屏": 1, "寸": 1, "直屏": 1, "无损": 1, "有望": 1, "内存": 2, "64GB": 2, "存储": 2, "价格": 1, "3988": 1, "4488": 1, "4988": 1, "5588": 1, "6288": 1, "6988": 1, "明天": 1, "就要": 1, "见面": 1, "详细": 1, "信息": 1, "拭目以待": 2, "软件": 2, "库克": 1, "接下来": 1, "水滴屏": 1, "双曲": 1, "面水": 1, "滴屏": 3, "纵向": 1, "排布": 1, "配置": 2, "Pro均": 1, "7nm": 1, "工艺": 2, "制程": 1, "打造": 1, "值得一提的是": 2, "率先": 1, "Cortex": 1, "A76": 1, "架构": 1, "业内": 1, "商用": 1, "渲染": 1, "功能": 5, "一大": 1, "公布": 1, "视频": 2, "超强": 2, "能力": 1, "双视": 1, "拍摄": 1, "强悍": 1, "排除": 1, "霸榜": 1, "相机": 1, "21:00": 1, "国行版": 1, "等到": 1, "四月份": 1, "厉害": 3, "通讯": 4, "闻名": 5, "说到": 1, "肯定": 1, "想到": 1, "强大": 1, "知名度": 1, "2018年": 1, "排": 2, "第三": 2, "介绍": 2, "估计": 2, "很多": 6, "光是": 1, "太阳能": 7, "制造商": 2, "这几天": 1, "美国": 4, "出手": 1, "国外": 1, "议员": 1, "提议": 1, "希望": 1, "禁止": 1, "原因": 2, "闹": 1, "忘": 1, "海底": 7, "光缆": 7, "资料": 1, "拒绝": 1, "排名": 1, "年前": 1, "制造": 1, "垄断": 1, "发展": 1, "缓慢": 1, "这几年": 1, "慢慢": 2, "追赶": 1, "顶尖": 1, "云计算": 1, "有名": 1, "起步": 1, "太": 1, "名气": 1, "投入": 1, "资金": 1, "发力": 1, "走向": 1, "国际": 1, "留言": 1, "评论": 1, "快速": 1, "真机": 1, "首发": 1, "上手": 1, "体验": 1, "到底": 1, "直面水": 1, "分辨率": 3, "2340": 2, "1080P": 2, "P30Pro": 10, "曲面水": 1, "具备": 5, "天空": 1, "镜面": 1, "蓝": 1, "茶橘色": 1, "极光蓝": 1, "亮": 1, "黑": 1, "iPhoneXR": 1, "边框": 2, "iPhoneXs": 1, "窄": 1, "轻盈": 1, "1600万": 1, "量产": 1, "潜望镜": 1, "主摄": 1, "超": 1, "一个": 1, "调教": 1, "3": 1, "30": 1, "前置": 2, "3200万": 1, "佳能": 1, "5D": 1, "4": 2, "单反": 1, "真的": 1, "现实": 1, "P30Pro吊": 1, "iPhoneXsMax": 2, "三星": 2, "S10": 1, "Plus": 1, "环境": 1, "滤光": 1, "阵列": 1, "S10Plus": 1, "DXO": 1, "112分": 1, "世界": 1, "名": 1, "P20Pro": 1, "109": 1, "储存": 2, "组合": 2, "运行": 1, "Android9.0": 1, "EMUI9": 1, "Type-C": 1, "接口": 1, "容量": 3, "25W": 1, "反充": 1, "细节": 1, "53": 1, "3.5mm": 1, "孔": 1, "NFC": 1, "载波": 1, "聚合": 1, "Cat16": 1, "上行": 1, "速度": 1, "1Gbps": 1, "Cat21": 1, "1.4Gbps": 1, "看法": 1, "讨论": 1, "25日": 1, "西安": 1, "平板": 10, "型号": 1, "8": 5, "M5": 5, "青春版": 5, "高配版": 2, "主打": 1, "影音": 1, "娱乐": 2, "家庭": 1, "教育": 1, "1199": 2, "2199": 2, "M5青春": 2, "整体": 1, "310g": 1, "轻薄": 1, "机身": 3, "8.0": 1, "16:10": 1, "长": 1, "宽": 1, "高清": 1, "IPS": 1, "显示屏": 1, "1920": 1, "×": 1, "1200": 1, "283PPI": 1, "麒麟710": 2, "Turbo": 2, "5100": 2, "背面": 1, "对称式": 2, "线条": 1, "拖沓": 1, "一体化": 1, "金属": 1, "航空级": 1, "铝材": 1, "喷砂": 1, "扬声器": 1, "哈曼卡顿": 1, "调音": 1, "HUAWEI": 1, "Histen": 1, "音效": 1, "强化": 1, "效果": 2, "双扬": 1, "声器": 1, "用户": 1, "横握": 1, "声道": 1, "出音": 1, "呈现": 1, "立体声": 1, "在家": 1, "中都": 1, "儿童": 1, "为此": 1, "过滤": 1, "蓝光": 1, "护眼": 1, "模式": 1, "缓解": 1, "眼部": 1, "疲劳": 1, "重力": 1, "感应": 1, "算法": 1, "判断": 1, "孩子": 1, "坐姿": 2, "正确": 2, "提醒": 1, "身体": 1, "健康": 1, "控制": 1, "选项": 1, "核": 2, "68%": 1, "香槟金": 1, "空灰两色": 1, "3GB": 2, "32": 1, "GB": 2, "WIFI": 3, "4GB": 4, "64": 1, "＋": 2, "32GB": 1, "全网通": 3, "版本": 2, "1399": 1, "1499": 1, "1599": 1, "2399": 1}