{"本文": 1, "「": 2, "金十": 2, "数据": 2, "」": 2, "原创": 1, "文章": 4, "未经": 1, "许可": 1, "禁止": 1, "转载": 1, "违者": 1, "必究": 1, "早前": 1, "越南": 1, "、": 24, "菲律宾": 1, "泰国": 1, "东南亚": 1, "国家": 6, "都": 18, "5G": 12, "商用": 5, "部署": 1, "新加坡": 20, "公布": 4, "时间表": 3, "：": 11, "2022年": 1, "四": 4, "运营商": 7, "均": 1, "引入": 1, "服务": 5, "网络": 2, "覆盖": 2, "全国": 1, "50%": 1, "用户": 2, "时间": 12, "临近": 1, "近日": 1, "进一步": 1, "华为": 46, "市场": 7, "竞争": 2, "优势": 3, "显露": 1, "17日": 2, "最新": 2, "消息": 3, "电信": 2, "监管": 1, "机构": 1, "该国": 2, "计划": 2, "明年": 1, "年中": 1, "出售": 1, "频谱": 1, "最低": 1, "价格": 3, "5500万": 2, "新元": 2, "2.85亿": 1, "元": 1, "人民币": 2, "现有": 1, "4G": 1, "基础": 4, "架构": 1, "升级": 2, "带宽": 2, "确保": 1, "值得": 1, "此前": 2, "包括": 2, "第一": 8, "——": 2, "在内": 1, "新企": 1, "希望": 6, "提供": 1, "更为": 1, "廉价": 1, "免费": 1, "建设": 1, "成本": 1, "推出": 1, "很": 10, "影响": 1, "如今": 1, "打算": 1, "降低": 1, "售价": 1, "通信部": 1, "指出": 1, "相对于": 1, "海外": 4, "算": 1, "态度": 1, "一家": 1, "设备": 3, "供应商": 2, "也就是说": 2, "自由": 4, "选择": 2, "爱立信": 1, "诺基亚": 1, "合作": 3, "对象": 1, "如此一来": 1, "首选": 1, "实际上": 1, "进驻": 1, "2月": 1, "正式": 2, "启动": 1, "地区": 3, "4月": 1, "设立": 1, "创新": 1, "实验室": 1, "不少": 1, "软件": 1, "开发商": 1, "平台": 3, "达成": 1, "打下": 1, "截至": 3, "收获": 1, "全球": 5, "65": 1, "合同": 2, "本周三": 1, "业绩": 4, "销售额": 2, "增长": 6, "24.4%": 2, "证明": 2, "并未": 1, "停止": 1, "脚步": 1, "中国": 13, "科技": 3, "领域": 1, "实力": 1, "影响力": 1, "提升": 1, "领先": 2, "财富": 2, "关注": 3, "国内外": 1, "财经": 1, "事件": 1, "！": 9, "参考": 2, "消息网": 2, "10月": 4, "报道": 4, "16日": 3, "对外": 1, "发布": 4, "2019年": 2, "三季度": 3, "经营": 2, "第三": 5, "季度": 2, "销售": 1, "收入": 2, "6108亿": 1, "同比": 2, "；": 1, "净": 1, "利润率": 1, "8.7%": 1, "引来": 1, "各家": 1, "外国": 1, "媒体": 1, "路透社": 2, "美国": 2, "华尔街": 1, "日报": 1, "商业": 1, "时报": 4, "印度": 1, "经济": 3, "纷纷": 1, "称": 2, "九": 1, "智能": 4, "手机": 2, "出货量": 1, "超过": 3, "1.85亿": 1, "26%": 1, "金融": 1, "签定": 1, "60多": 1, "公司": 12, "40万": 1, "Massive": 1, "MIMO": 1, "AAU": 1, "天线": 1, "网注": 1, "发": 1, "世界各地": 1, "记者": 1, "业务": 6, "成绩": 1, "企业": 6, "面向": 1, "整体": 2, "沃土": 1, "数字": 1, "逾": 1, "700": 1, "城市": 1, "228": 1, "世界": 4, "500": 1, "58": 1, "100": 1, "数字化": 1, "转型": 1, "伙伴": 1, "云业务": 1, "首次": 1, "计算": 1, "战略": 1, "300万": 1, "开发者": 2, "云端": 1, "开发": 2, "消费者": 1, "PC": 1, "平板": 1, "穿戴": 1, "音频": 1, "高速": 1, "终端": 1, "HMS": 1, "生态": 1, "发展": 6, "170": 1, "注册": 1, "107万": 1, "纽约": 1, "销量": 1, "强劲": 1, "点评": 1, "一个": 16, "27%": 1, "快": 2, "增速": 1, "技术": 1, "巨头": 1, "成功": 9, "经受": 1, "住": 1, "特朗普": 1, "政府": 1, "阻挠": 1, "考验": 1, "资料": 1, "图片": 1, "法新社": 1, "前言": 1, "职场": 4, "围城": 1, "墙": 2, "视角": 1, "羡慕": 1, "内": 2, "也许": 1, "生活": 17, "别人": 1, "梦": 1, "互联网": 1, "坊间": 1, "八卦": 1, "分享": 3, "笔者": 1, "离职": 2, "员工": 2, "惯例": 1, "心声": 1, "基层": 1, "原始": 3, "状态": 1, "干货": 2, "退休": 2, "一刻": 1, "想要": 1, "写": 3, "刚好": 1, "清闲": 1, "好好": 3, "思考": 2, "一点": 3, "想法": 1, "感悟": 2, "算是": 2, "留": 1, "爪印": 1, "涉及": 1, "机密": 1, "内部": 1, "98年": 1, "7月": 1, "大学": 5, "毕业": 1, "陪": 2, "走过": 1, "21年": 4, "考勤": 1, "截止": 1, "那天": 1, "工作": 10, "天数": 1, "定格": 1, "7775": 1, "孔子": 1, "曰": 1, "三十": 1, "而立": 1, "四十": 3, "不惑": 1, "五十而知天命": 1, "。。。": 1, "40": 1, "岁": 5, "很多": 11, "人生": 9, "道理": 2, "明白": 3, "正值": 1, "不惑之年": 1, "看法": 1, "短短": 2, "几十": 3, "喜欢": 3, "分为": 1, "20年": 15, "主题": 4, "求学": 1, "学习": 1, "天天": 2, "向上": 1, "出生": 3, "70": 2, "年代": 3, "中期": 1, "前段": 1, "篇": 2, "70年代": 1, "幸福": 1, "赶上": 3, "三年": 1, "自然": 1, "灾害": 1, "文化大革命": 1, "天灾人祸": 1, "改革": 1, "开放": 1, "春风": 1, "腾飞": 2, "认同": 2, "观点": 2, "家庭": 3, "小时候": 1, "富裕": 1, "不曾": 1, "饿到": 1, "父母": 8, "工人": 1, "高中": 1, "双双": 1, "下岗": 1, "靠着": 2, "生意": 1, "微薄": 1, "供": 1, "妹妹": 4, "读完": 1, "争气": 1, "考上": 2, "重点": 1, "本科": 1, "读": 2, "中科院": 2, "硕士": 1, "博士": 1, "留在": 1, "研究所": 1, "研究员": 1, "三": 2, "大肆": 1, "庆祝": 1, "县城": 2, "小有名气": 1, "着实": 1, "骄傲": 1, "长": 2, "回想": 1, "起码": 1, "上世纪": 1, "90年代": 1, "接受": 1, "高等": 1, "教育": 1, "真的": 2, "分水岭": 1, "走": 1, "小学": 2, "中学": 1, "同学": 1, "家乡": 1, "做事": 1, "太": 4, "第二": 5, "奋斗": 3, "初入": 2, "艰苦奋斗": 4, "度过": 1, "测试": 1, "行销": 1, "营销": 1, "质量": 1, "运营": 1, "岗位": 1, "转战": 1, "机关": 1, "国内": 1, "区域": 1, "火车头": 1, "缺少": 1, "遗憾": 1, "贡献": 1, "获取": 1, "报酬": 1, "自我": 2, "价值": 1, "家人": 8, "过上": 3, "1": 2, "颗": 1, "感恩": 2, "自豪": 1, "事情": 3, "努力": 4, "老爸": 2, "老妈": 2, "晚年": 1, "惬意": 1, "散步": 1, "唠嗑": 1, "电视": 1, "老婆": 4, "专心": 1, "在家": 1, "相夫教子": 1, "运动": 2, "美容": 1, "逛街": 1, "儿子": 2, "成长": 3, "心怀": 2, "感激": 1, "感谢": 8, "特定": 1, "地方": 1, "划": 1, "圈": 1, "老人": 1, "祖国": 7, "环境": 2, "深圳": 2, "坚实": 2, "老板": 6, "企业家": 1, "行业": 1, "先行者": 1, "带领": 1, "规划": 1, "很快": 1, "崛起": 1, "有幸": 1, "见证": 1, "从小到大": 1, "历程": 1, "为此": 1, "感到": 2, "荣幸": 1, "主管": 5, "同事": 2, "认可": 1, "支持": 3, "包容": 1, "才能": 3, "顺利": 1, "展开": 1, "刚": 2, "研发": 1, "市场部": 1, "角色": 1, "项目": 1, "丢": 1, "待见": 1, "代表处": 1, "3": 3, "压抑": 1, "任期": 1, "三级": 1, "多年": 3, "尊敬": 1, "背后": 1, "默默": 1, "苦": 1, "后盾": 1, "无条件": 1, "渐渐": 3, "老去": 3, "一无所有": 1, "不离不弃": 1, "记得": 5, "刚刚": 2, "北京": 1, "读书": 1, "离开": 2, "扑到": 1, "怀里": 1, "哭": 1, "稀里哗啦": 1, "不舍": 1, "紧紧": 1, "抱": 1, "刀": 1, "割": 1, "开心": 1, "日子": 1, "结婚": 1, "15": 1, "美满": 1, "精神": 1, "忘我": 1, "初中": 2, "八十": 1, "政治课": 1, "老师": 2, "校长": 1, "兼任": 1, "讲": 1, "世纪末": 1, "小康": 2, "社会": 2, "描述": 1, "吃": 2, "大米": 1, "白面": 1, "吃完": 1, "饭后": 1, "苹果": 1, "情形": 1, "00后": 1, "90后": 1, "80后": 1, "想象": 1, "听到": 1, "眼里": 1, "闪耀": 1, "激动": 1, "光芒": 1, "早就": 1, "丰衣足食": 1, "再次": 1, "提倡": 2, "长期": 2, "父亲": 1, "母亲": 1, "每次": 1, "读到": 1, "妈妈": 1, "塞给": 1, "玉米饼": 1, "学业": 2, "段": 2, "共鸣": 2, "从小": 1, "好日子": 3, "从来": 1, "天生": 1, "付出": 1, "年轻人": 4, "抱怨": 1, "加班": 1, "压力": 1, "地点": 1, "艰苦": 1, "脏活": 1, "累活": 1, "干": 3, "不对": 1, "肯定": 2, "人士": 3, "出身": 1, "简简单单": 1, "朝九晚五": 1, "吃喝玩乐": 1, "热爱": 3, "关爱": 3, "家人人": 1, "正确": 1, "价值观": 3, "报到": 1, "东湖": 1, "党校": 1, "大队": 1, "培训": 1, "班主任": 1, "爱": 4, "人民": 1, "事业": 2, "想": 5, "赞同": 1, "说法": 1, "国力": 1, "空前": 1, "强大": 1, "发生": 1, "天翻地覆": 1, "变化": 1, "欧美": 1, "发达国家": 1, "经历": 1, "才": 10, "水平": 1, "积累": 2, "联合国": 1, "抨击": 2, "各国": 1, "领导人": 1, "瑞典": 1, "女孩": 1, "发达": 1, "血腥": 1, "资本": 1, "爬到": 1, "食物链": 1, "顶端": 1, "转头": 1, "挣扎": 1, "温饱线": 1, "重视": 1, "保护": 1, "这是": 1, "流氓": 1, "还要": 1, "俗语": 1, "养儿": 1, "不知": 1, "父母恩": 1, "感触": 1, "操心": 1, "为人": 1, "不易": 1, "树欲静而风不止": 1, "子欲养而亲不待": 1, "亲人": 1, "想起": 2, "孝顺": 2, "抚养": 1, "成人": 1, "再有": 1, "请": 1, "找": 1, "借口": 1, "辆": 1, "公共": 1, "汽车": 1, "始发点": 1, "上车": 2, "坐到": 1, "终点": 2, "中途": 2, "下车": 1, "老公": 1, "陪伴": 4, "走到": 1, "尤其是": 1, "爱人": 1, "用心": 1, "呵护": 2, "伤害": 1, "4": 2, "爱惜": 2, "身体": 5, "革命": 1, "本钱": 1, "素质": 1, "对此": 1, "不屑一顾": 1, "年轻": 2, "熬夜": 1, "暴饮暴食": 2, "不良": 1, "习惯": 2, "家常便饭": 1, "都会": 3, "凌晨": 1, "两点钟": 1, "睡觉": 1, "照样": 1, "神采奕奕": 1, "那时候": 1, "精彩": 3, "40多": 1, "年纪": 4, "早": 2, "亚健康": 1, "腰疼": 1, "颈": 1, "椎疼": 1, "疲劳": 1, "失眠": 1, "神经衰弱": 1, "毕竟": 1, "世上": 1, "后悔药": 1, "建议": 1, "后悔": 1, "作息": 4, "睡": 1, "早起": 1, "锻炼": 2, "40-50": 1, "强健": 2, "体魄": 2, "精力": 1, "梦想": 11, "健康": 1, "饮食": 2, "大吃大喝": 1, "规律": 1, "吸烟": 1, "饮酒": 1, "偶尔": 1, "对酒当歌": 1, "把酒言欢": 1, "醉": 1, "长此以往": 1, "定期": 1, "检查": 1, "及早": 2, "发现": 1, "释放": 1, "危险": 1, "信号": 1, "诊治": 1, "升华": 1, "放飞": 2, "人类": 1, "咸鱼": 1, "区别": 1, "儿时": 1, "名": 2, "军人": 1, "前线": 1, "保卫": 1, "科学家": 1, "研究": 1, "高精尖": 1, "科学技术": 1, "无数": 1, "幻想": 1, "财务": 2, "养活": 1, "现实": 1, "吭哧": 2, "理想": 1, "到来": 1, "放弃": 1, "调查": 1, "显示": 1, "80%": 1, "赚到": 1, "44": 1, "创办": 1, "正是": 1, "机会": 1, "按时": 1, "按点": 1, "接下来": 1, "赚": 1, "足够": 1, "钱": 1, "优越": 1, "下一代": 1, "栋梁之才": 1, "环游": 1, "5": 1, "第四": 5, "回忆": 1, "追忆": 1, "传承": 1, "未来": 1, "距离": 1, "遥远": 1, "无从": 1, "充实": 1, "第五": 1, "六": 1, "篇幅": 1, "有限": 1, "阅读": 1, "砥砺": 1, "前行": 1, "24": 1, "字": 1, "共勉": 1, "预祝": 4, "前程似锦": 1, "爱情": 1, "丰收": 1, "孟": 1, "早日": 2, "归来": 1, "挺过": 1, "难关": 1, "越来越": 1, "告": 1, "退": 1}