{"物君": 8, "款": 7, "手机": 28, "华为": 24, "P10": 6, "不知不觉": 1, "三年": 1, "速度": 3, "正好": 1, "前阵子": 1, "发布": 2, "Mate": 18, "30": 18, "系列": 2, "遂": 1, "旧": 1, "方式": 2, "台": 6, "Pro": 15, "接下来": 1, "谈谈": 1, "真实": 1, "感受": 1, "颠覆": 2, "外形": 1, "设计": 11, "喜欢": 1, "小屏": 1, "一度": 1, "担心": 1, "体积": 1, "实物": 1, "顾虑": 1, "打消": 1, "6.53": 1, "英寸": 1, "机身": 1, "看上去": 1, "太": 3, "放": 1, "兜里": 1, "刚好": 1, "合适": 1, "不得不": 1, "提": 1, "手感": 2, "不错": 3, "搭载": 3, "88": 1, "°": 1, "曲角率": 1, "屏幕": 4, "整款": 1, "视觉": 1, "观感": 1, "耳目一新": 1, "感觉": 2, "国产": 2, "一流": 1, "作品": 1, "为过": 1, "唯一": 1, "感到": 1, "不满": 1, "在于": 1, "分辨率": 2, "接近": 1, "六千": 1, "元": 2, "高端": 1, "旗舰": 1, "采用": 4, "1080P": 1, "说实话": 1, "诚意": 1, "背部": 1, "选取": 1, "经典": 1, "黑": 1, "配色": 1, "大气": 1, "外观": 2, "好看": 1, "底部": 1, "磨砂": 1, "顶部": 1, "摄像头": 2, "模组": 1, "原型": 1, "方案": 2, "官方": 2, "称": 2, "象征": 1, "团圆": 1, "圆满": 1, "丑": 1, "相较于": 1, "传统": 1, "味道": 1, "中看": 1, "缺点": 1, "很": 6, "维修": 1, "费用": 1, "厉害": 1, "智能": 1, "芯片": 5, "颗": 3, "海思": 1, "麒麟": 2, "990": 2, "集成": 1, "晶体管": 1, "5G": 7, "基带": 1, "工艺": 1, "层面": 2, "起到": 1, "带头": 1, "作用": 1, "性能": 3, "难以": 1, "赶超": 1, "苹果": 3, "A13": 1, "充盈": 1, "日常": 1, "加载": 1, "快": 1, "市面": 1, "大部分": 2, "游戏": 1, "流畅": 1, "运行": 1, "出彩": 1, "一点": 2, "内存": 1, "储存": 1, "空间": 1, "8GB": 2, "+": 2, "128GB": 1, "256GB": 1, "配置": 1, "选": 1, "多元化": 1, "摄影": 6, "模式": 6, "拍照": 2, "表现": 1, "确实": 2, "四": 1, "镜头": 1, "像素": 2, "皆": 1, "4000万": 1, "打开": 1, "自带": 1, "相机": 1, "APP": 1, "多种": 1, "有趣": 1, "大光圈": 1, "、": 9, "人像": 1, "黑白": 1, "全景": 1, "都": 1, "值得": 2, "慢慢": 1, "摸索": 1, "值得一提的是": 1, "视频": 2, "录制": 2, "能力": 1, "提升": 1, "7680": 1, "帧超": 1, "高速": 1, "功能": 3, "超慢": 1, "动作": 1, "全面化": 1, "调校": 3, "带来": 2, "体验": 3, "参数": 1, "刚": 2, "入门": 1, "小白": 1, "人性化": 1, "充电": 4, "算是": 1, "快速": 1, "瘾": 1, "一块": 1, "4500": 1, "mAh大": 1, "电池": 1, "支持": 2, "40W": 1, "超级": 1, "快充": 1, "测试": 1, "得知": 1, "原装": 1, "充电器": 1, "分钟": 1, "电量": 1, "0%": 1, "充至": 1, "80%": 1, "IP": 1, "68": 1, "级别": 1, "防水": 1, "不幸": 1, "弄": 1, "水里": 1, "水深": 1, "超过": 2, "1": 1, "米": 1, "拿出": 1, "吹干": 1, "即可": 1, "网络": 1, "信号": 1, "保证": 1, "版本": 1, "发售": 1, "终端": 4, "感冒": 1, "提供": 1, "网速": 1, "用户": 2, "需求": 1, "建议": 2, "EMUI": 1, "10.0": 1, "系统": 2, "UI": 1, "体现": 1, "硕大": 1, "图标": 1, "直达": 1, "负": 1, "屏": 1, "相差无几": 1, "精简": 1, "好在": 1, "内置": 1, "一个": 2, "程序": 1, "玩机": 1, "技巧": 1, "阵营": 1, "转移": 2, "试试": 1, "取消": 1, "侧边": 1, "按键": 2, "调节": 2, "音量": 1, "实体": 1, "倒好": 1, "敲击": 1, "滑动": 1, "误触": 1, "公司": 3, "克隆": 1, "软件": 1, "功夫": 1, "很多": 1, "资料": 1, "尽数": 1, "尽早": 1, "优化": 1, "消费者": 2, "买": 1, "流畅性": 1, "棒": 1, "看完": 1, "篇": 1, "文章": 1, "参考": 2, "消息网": 1, "10月": 7, "25日": 1, "报道": 4, "台湾": 1, "工商": 1, "时报": 1, "网站": 1, "最新": 1, "公布": 1, "数据": 2, "显示": 3, "截至": 2, "22日": 2, "2019年": 6, "销量": 4, "突破": 2, "2亿": 4, "消息": 2, "网": 1, "23日": 4, "深圳": 1, "举办": 1, "场景": 2, "新品": 1, "发布会": 2, "严峻": 1, "市场": 2, "环境": 2, "给出": 1, "满意": 1, "答卷": 1, "出货量": 2, "达成": 1, "相比": 1, "2018年": 2, "提前": 3, "64": 1, "业绩": 3, "此次": 1, "大会": 1, "代表": 1, "尖端": 1, "科技": 1, "各类": 1, "产品": 1, "悉数": 1, "登场": 1, "业务": 1, "产品线": 2, "总裁": 2, "何刚": 2, "Mate30": 1, "5G版": 1, "开启": 1, "预售": 2, "11月": 2, "1日": 1, "正式": 1, "开售": 1, "定于": 1, "首款": 1, "折叠": 1, "屏5G": 1, "X": 1, "15日": 1, "上市": 1, "面临": 1, "国际": 1, "持续": 1, "增长": 2, "149": 1, "当年": 1, "1亿": 1, "49": 1, "2017年": 1, "105": 1, "16日": 1, "三季度": 2, "经营": 1, "报告": 1, "企业": 1, "销售": 1, "收入": 1, "6108亿": 1, "人民币": 1, "同比": 1, "24.4%": 1, "净": 1, "利润率": 1, "8.7%": 1, "新华社": 1}