{"针对": 2, "美国": 46, "国务卿": 2, "蓬佩": 1, "奥称": 1, "中国": 33, "企业": 39, "难保": 2, "信息": 4, "外交部": 1, "发言人": 1, "耿爽": 4, "10日": 1, "蓬佩奥": 5, "表态": 2, "充斥": 2, "谎言": 2, "谬论": 2, "世界": 16, "造谣": 2, "污蔑": 2, "损害": 5, "形象": 2, "信誉": 2, "全世界": 2, "公信力": 2, "当日": 1, "例行": 1, "记者会": 1, "记者": 4, "：": 22, "报道": 2, "日前": 2, "接受": 2, "瑞士": 1, "媒体": 6, "采访": 2, "再次": 5, "称": 5, "合作": 10, "相当于": 1, "政府": 7, "华为": 231, "通讯": 3, "技术": 22, "隐私": 1, "数据": 1, "保护": 3, "保证": 3, "中方": 3, "对此": 2, "评论": 1, "段": 7, "时间": 16, "走到": 1, "都": 45, "可惜": 1, "挂": 2, "嘴边": 1, "公司": 47, "美方": 8, "声称": 1, "‘": 4, "风险": 5, "’": 4, "自始至终": 1, "拿出": 1, "信服": 1, "证据": 1, "莫须有": 1, "罪名": 1, "动用": 1, "国家": 19, "力量": 3, "、": 41, "开动": 1, "机器": 1, "打压": 6, "一家": 3, "民营": 2, "很": 20, "不道德": 1, "光彩": 1, "有失": 1, "一个": 28, "大国": 3, "水准": 1, "想": 9, "提醒": 1, "套": 2, "说辞": 1, "别人": 3, "不买账": 2, "肆意": 1, "情况": 7, "业绩": 1, "不错": 1, "网站": 1, "截至": 1, "6月": 6, "6日": 1, "全球": 9, "30": 1, "46": 1, "份": 2, "5G商": 1, "合同": 1, "包括": 4, "苦口婆心": 1, "劝说": 1, "盟友": 1, "欧洲": 3, "名字": 1, "听": 2, "扎心": 1, "公道": 1, "自在": 1, "人心": 1, "越来越": 4, "人士": 8, "科技": 8, "参与": 1, "本国": 1, "5G": 8, "建设": 1, "客观": 1, "公正": 1, "态度": 6, "独立自主": 1, "作出": 2, "符合": 2, "利益": 3, "选择": 12, "懂得": 1, "浅显": 1, "道理": 1, "煽风点火": 1, "最终": 3, "只能": 2, "吴嘉林": 1, "路透社": 1, "报导": 1, "Facebook": 7, "智能": 3, "手机": 37, "预装": 6, "程序": 4, "贸易": 2, "禁令": 4, "这是": 11, "西方": 2, "这家": 4, "电信": 3, "巨头": 3, "断绝": 1, "关系": 4, "例证": 1, "用户": 8, "下载": 2, "WhatsApp": 1, "Instagram": 1, "Facebook主": 1, "Google": 8, "Play": 3, "商店": 5, "接收": 1, "更新": 3, "预先": 1, "安装": 1, "系统": 33, "谷歌": 20, "临时": 2, "许可": 2, "现有": 2, "发送": 1, "包含": 1, "尚未": 3, "发货": 1, "发布": 6, "服务": 3, "拒绝": 2, "离开": 2, "工厂": 2, "许可证": 1, "90": 1, "期限": 1, "结束": 1, "美": 2, "贸易战": 1, "未": 2, "达成": 1, "共识": 2, "App": 1, "禁止": 4, "举动": 5, "影响": 4, "ARM": 3, "担忧": 4, "核心": 11, "Android": 2, "开发": 2, "晶片": 1, "能力": 2, "客户": 2, "提供": 5, "关键": 2, "第三方": 1, "潜在": 1, "途径": 1, "单独": 1, "事实": 1, "项": 1, "编辑": 1, "点评": 1, "围剿": 1, "而后": 1, "波及": 1, "海外": 3, "市场": 15, "国际": 6, "社交": 1, "Fackbook": 2, "遭受": 2, "致命": 1, "打击": 3, "流失": 1, "来讲": 1, "损失": 2, "来源": 1, "企业家": 2, "杂志": 1, "惶者": 2, "生存": 6, "危机": 4, "意识": 3, "预防": 1, "失败": 2, "持久": 1, "旺盛": 1, "战斗力": 2, "事件": 6, "关切": 1, "说真的": 1, "太": 2, "无辜": 1, "全球化": 2, "时代": 6, "产业链": 3, "协作": 1, "很多": 18, "环": 1, "自然": 4, "事情": 7, "如今": 4, "脸": 1, "翻": 2, "就要": 2, "剪断": 1, "重创": 1, "绝不": 2, "仅仅": 1, "！": 12, "老话": 1, "绳上": 1, "蚂蚱": 1, "跑": 2, "占有": 1, "30％": 1, "份额": 4, "断供": 2, "优质": 2, "无疑": 3, "笔": 1, "发生": 8, "创始人": 2, "任正非": 16, "应对": 1, "赢得": 2, "舆论": 1, "赞许": 1, "传递": 1, "层次": 1, "打赢": 1, "场": 1, "战争": 1, "富有": 1, "自信": 3, "分寸感": 1, "带": 1, "君子": 1, "绝交": 1, "恶言": 1, "风度": 1, "修复": 1, "留下": 2, "余地": 1, "高超": 1, "公关": 1, "技巧": 1, "座": 1, "深矿": 1, "蕴藏": 1, "旗下": 1, "海思": 4, "半导体": 2, "总裁": 1, "何庭波": 1, "内部": 1, "公开信": 1, "启用": 1, "备胎": 6, "计划": 8, "打造": 2, "夜": 1, "之间": 1, "转正": 1, "出于": 2, "好奇": 1, "查": 1, "历史": 3, "2004年": 1, "成立": 4, "2009年": 1, "推出": 11, "第一": 6, "款": 7, "芯片": 15, "2012年": 2, "自用": 1, "时间段": 1, "本书": 1, "记得": 3, "经济学家": 1, "托马斯·弗里德曼": 1, "平": 1, "风靡": 1, "也就是说": 2, "热火朝天": 1, "讨论": 1, "做出": 1, "极限": 1, "假设": 1, "暂时": 1, "没有用": 1, "？？": 1, "粮食": 1, "备份": 3, "第二": 3, "词": 1, "超脱": 1, "物理学": 1, "定义": 1, "万科": 2, "董事长": 1, "郁亮": 2, "提到": 1, "飞机": 1, "永远": 2, "航电": 1, "失灵": 1, "马上": 1, "投入": 9, "观点": 1, "感知": 1, "找到": 3, "成功": 5, "平安": 3, "集团": 15, "CHO": 1, "蔡": 1, "方方": 1, "告诉": 3, "危机感": 4, "底层": 1, "文化": 1, "30多": 2, "成熟度": 1, "漫长": 1, "经历": 2, "周期": 2, "转换": 1, "外部": 2, "环境": 2, "变化": 2, "挑战": 2, "经验": 1, "回到": 2, "2001年": 1, "6": 3, "1/3": 1, "研发": 8, "终于": 3, "攻克": 1, "3G": 2, "国内": 5, "牌照": 1, "迟迟": 1, "发": 1, "巨额": 2, "投资": 17, "回本": 1, "站": 3, "崩溃": 1, "边缘": 1, "当年": 1, "写下": 1, "冬天": 1, "袒露": 1, "由来已久": 1, "10年": 2, "天天": 1, "思考": 2, "视而不见": 1, "荣誉感": 1, "自豪感": 1, "也许": 1, "才": 3, "存活": 1, "写到": 1, "想起": 1, "近年来": 3, "认可": 1, "信心": 2, "黄金": 1, "长期": 1, "经营": 1, "过程": 4, "鸿蒙": 15, "突破": 2, "提前": 5, "问世": 2, "这次": 9, "失算": 2, "系列": 24, "变故": 1, "前段": 2, "闹": 1, "沸沸扬扬": 1, "件": 3, "抱有": 1, "支持": 9, "国有": 1, "抱团": 1, "小编": 1, "贡献": 1, "莫过于": 1, "360": 2, "放弃": 8, "行业": 2, "之中": 5, "发展": 18, "专心": 1, "软件": 3, "编程": 1, "本来": 1, "制约": 1, "之下": 1, "肯定": 2, "妥协": 3, "意外": 3, "早": 7, "难受": 2, "刚刚": 1, "实行": 1, "高通": 2, "措施": 2, "制裁": 4, "成效": 1, "接下来": 2, "签署": 1, "合约": 1, "早就": 4, "做法": 2, "搬起": 1, "石头": 1, "砸": 1, "脚": 1, "独立": 2, "条件": 1, "处于": 3, "隐忍": 1, "状态": 2, "想必": 1, "早已": 2, "料": 1, "想到": 3, "毕竟": 2, "签订": 1, "如果说": 1, "违约": 1, "偿还": 1, "天价": 1, "违约金": 1, "正好": 1, "解决": 1, "公布": 4, "慌": 1, "旗舰": 1, "白名单": 2, "剔除": 1, "重磅": 3, "消息": 7, "后悔": 3, "晚": 3, "百万": 1, "台": 2, "机型": 1, "测试": 3, "正式": 4, "见面": 1, "之内": 1, "条": 5, "爆炸性": 1, "阶段": 2, "此次": 2, "官方": 3, "8月": 2, "9号": 1, "余承东": 2, "预计": 3, "还要": 3, "最为": 1, "无非": 1, "种种": 2, "现象": 2, "安卓": 4, "兼容": 1, "电脑": 2, "或者说": 1, "电子": 1, "产品": 4, "真的": 2, "购买": 4, "下方": 2, "评论区": 1, "互动": 1, "交流": 1, "关注": 7, "我国": 2, "民族": 6, "品牌": 4, "国外": 1, "道路": 2, "国人": 2, "渡过": 1, "难关": 3, "唯一": 1, "拥有": 3, "证书": 1, "领域": 2, "不仅仅": 1, "出名": 2, "为止": 1, "业务": 4, "一部分": 2, "涉及": 1, "正是": 1, "强大": 6, "导致": 1, "脸红": 1, "注册": 3, "资金": 8, "高达": 1, "7亿": 1, "人民币": 1, "最新": 2, "哈勃科": 1, "控股权": 1, "100%": 1, "网友": 5, "纷纷": 2, "出手": 1, "强力": 1, "回应": 3, "运营商": 1, "苹果": 18, "屏幕": 1, "脸部": 1, "识别": 1, "互联网": 1, "带来": 4, "便利": 1, "东西": 3, "便捷": 1, "方式": 2, "业界": 1, "大吃一惊": 1, "自主": 3, "决心": 3, "努力": 2, "国产化": 1, "日后": 1, "网友们": 4, "看法": 1, "度过": 2, "国产": 3, "翻脸": 1, "抛出": 2, "颗": 1, "炸弹": 2, "Google慌": 1, "封杀": 5, "一举一动": 2, "牵动": 1, "无数": 1, "炸蒙": 1, "炸晕": 1, "硬件": 4, "路": 3, "堵死": 1, "淡定": 1, "前天": 1, "环球": 1, "时报": 2, "发出": 1, "推文": 1, "加紧": 1, "操作": 7, "命名": 2, "OakOS": 1, "9月": 2, "据悉": 1, "知识": 1, "产权": 1, "组织": 1, "提交": 2, "HongMeng": 1, "商标": 2, "申请": 1, "归入": 1, "在内": 1, "大类": 1, "/": 1, "地区": 2, "加拿大": 1, "墨西哥": 1, "西班牙": 1, "韩国": 1, "澳大利亚": 1, "新西兰": 1, "秘鲁": 1, "土耳其": 1, "菲律宾": 1, "午茶君": 5, "透露": 1, "快": 5, "秋天": 1, "明年": 1, "春天": 1, "面市": 1, "往来": 1, "英国": 2, "金融": 1, "报告": 1, "试图": 2, "特朗普": 3, "证明": 2, "名义": 1, "延期": 1, "豁免": 1, "给出": 2, "理由": 1, "的确": 1, "讽刺": 1, "崛起": 4, "势头": 1, "阻挡": 2, "发声": 2, "希望": 4, "诚恳": 1, "摆": 1, "副": 2, "嘴脸": 1, "殊不知": 1, "究竟": 1, "迅猛": 1, "销量": 1, "攀升": 1, "沦为": 1, "笑柄": 1, "冲击": 1, "炸": 1, "大招": 1, "充满": 1, "荆棘": 1, "路上": 2, "硬生生": 1, "冲出": 1, "加上": 1, "项目": 4, "无可": 1, "制造": 1, "即将": 1, "到来": 2, "软银": 14, "抛售": 6, "2.8%": 3, "阿里": 7, "股份": 6, "背后": 2, "债务": 4, "压力": 9, "财务": 1, "9日": 2, "阿里巴巴": 9, "证券": 1, "交易": 2, "委员会": 1, "SEC": 1, "20-F": 1, "文件": 3, "披露": 2, "管理层": 1, "现状": 1, "股权": 2, "结构": 2, "显示": 1, "依旧": 2, "持股": 2, "股东": 1, "比例": 1, "25.9%": 1, "出售": 6, "2019": 1, "财年": 1, "季度": 2, "(": 2, "2019年": 2, "4月": 1, "1日": 1, "—": 1, "30日": 1, ")": 2, "合并": 1, "计入": 1, "1.2万亿": 1, "日元": 1, "111.2亿": 1, "美元": 3, "利润": 3, "奇怪": 1, "为啥": 1, "午": 1, "茶君": 1, "愿景": 4, "基金": 4, "成绩": 2, "理想": 1, "快速": 1, "套现": 2, "方法": 2, "2016年": 1, "10月": 1, "组建": 1, "2017年": 1, "5月": 3, "轮": 1, "募集": 1, "930亿": 1, "2018年": 3, "50亿": 1, "注入": 1, "太过": 1, "后期": 2, "回报率": 1, "亦": 1, "股票": 6, "提振": 1, "程度": 2, "缓解": 2, "公告": 1, "减持": 2, "资本": 2, "降低": 2, "规模": 2, "需求": 1, "分析": 4, "市值": 2, "波动": 1, "收益": 1, "减少": 1, "上市": 1, "离场": 1, "风投": 2, "手段": 3, "极其": 1, "看好": 3, "大规模": 1, "逃离": 1, "持有": 1, "近些年": 1, "外国": 1, "投行": 1, "向上": 1, "飙涨": 1, "轻易": 1, "放开": 1, "此前": 1, "筹集": 1, "收购": 2, "至今": 1, "确实": 1, "疑惑": 1, "原因": 2, "困难": 1, "……": 1, "有份": 1, "预判": 1, "未来": 5, "马云": 1, "孙正义": 1, "友谊": 1, "船眼": 1, "库克": 3, "伤害": 1, "众人": 1, "喊出": 1, "以其人之道": 1, "反制": 1, "推测": 1, "近日": 1, "外媒": 1, "央视": 1, "新闻": 2, "CEO": 1, "诚实": 1, "讲": 5, "尊重": 1, "预期": 2, "此类": 1, "组装": 1, "事实上": 5, "生产": 2, "世界各地": 1, "加征": 1, "关税": 1, "商务部": 1, "华": 1, "外资": 1, "合法": 1, "权益": 1, "致力于": 1, "各类": 1, "稳定": 1, "公平": 1, "透明": 1, "一流": 2, "营商": 1, "相对于": 1, "简单": 1, "粗暴": 1, "理智克制": 1, "好比说": 1, "村头": 1, "疯狗": 1, "咬": 2, "从没": 1, "村民": 1, "三大": 3, "指数": 2, "回落": 1, "再度": 2, "涨": 1, "停潮": 1, "上证": 1, "报": 1, "2852.13": 1, "上涨": 3, "0.86%": 1, "成交额": 3, "1624.90亿": 1, "深证": 1, "指报": 2, "8711.79": 1, "1.48%": 1, "2042.23亿": 1, "创业板": 1, "1431.34": 1, "1.08%": 1, "627.20亿": 1, "市": 2, "合计": 1, "成交": 2, "3667.13亿": 1, "盘面": 1, "农业": 1, "居": 1, "板块": 5, "涨幅榜": 1, "前列": 2, "券商": 1, "自贸港": 1, "信托": 1, "概念": 2, "跌幅": 1, "榜": 1, "概念股": 1, "交易日": 1, "领跌": 1, "今日": 1, "20余": 1, "股": 1, "涨停": 2, "领涨": 1, "成交量": 1, "小幅": 1, "萎缩": 1, "炸板率": 1, "增高": 1, "总体": 2, "题材": 2, "早盘": 1, "表现": 3, "减弱": 1, "赚钱": 2, "效应": 2, "尾盘": 1, "股指": 2, "高位": 1, "震荡": 1, "态势": 1, "个股": 1, "增多": 1, "人气": 1, "相较节": 1, "回暖": 1, "值得": 2, "沪指": 1, "回升": 1, "反弹": 1, "幅度": 1, "有限": 1, "始终": 1, "未能": 1, "站上": 1, "5日": 1, "线": 1, "位于": 1, "4000亿": 1, "元": 1, "抵抗性": 1, "下跌": 1, "趋势": 1, "当中": 1, "日内": 1, "走势": 1, "具备": 1, "代表性": 1, "意义": 1, "董明珠": 8, "谈": 3, "退休": 8, "；": 1, "小米": 2, "超越": 2, "差": 3, "远": 4, "安徽": 1, "卫视": 1, "品格": 1, "节目": 1, "话题": 1, "有人": 4, "接班": 2, "培养": 2, "目标": 2, "对方": 1, "种花": 1, "写作": 1, "公益": 1, "格力": 8, "逛": 4, "一季度": 2, "营收": 1, "反超格力": 1, "喊话": 1, "雷军": 1, "5": 2, "指标": 1, "为准": 1, "累计": 1, "不惜": 2, "20亿": 1, "团队": 2, "综合": 2, "董": 2, "小姐": 2, "公开": 3, "场合": 2, "源于": 1, "合适人": 1, "有目共睹": 1, "连任": 1, "64": 1, "岁": 1, "年龄": 1, "冲锋陷阵": 1, "老骥伏枥": 1, "志在千里": 1, "后继无人": 1, "陪伴": 1, "走过": 1, "28年": 1, "已然": 1, "大家庭": 1, "长": 1, "劫": 1, "三年": 2, "眼前": 1, "仍旧": 1, "网络": 1, "|": 1, "图片": 3, "说到": 1, "不得不": 5, "功不可没": 1, "老总": 2, "平常": 1, "低调": 1, "基本上": 1, "电视机": 2, "露面": 1, "近段": 1, "面对": 6, "侃侃而谈": 1, "满满": 1, "留有": 1, "后手": 1, "专利": 2, "拿来": 1, "谈判": 1, "来源于": 1, "总部": 9, "深圳": 1, "坂田": 7, "影响力": 2, "到底": 3, "天都": 1, "绿化": 1, "优美": 1, "外人": 1, "景区": 1, "上班": 2, "享受": 1, "栋": 3, "大楼": 2, "远远": 1, "LOGO": 1, "楼": 1, "标志性": 1, "建筑": 1, "科研": 3, "地理": 1, "位置": 1, "基地": 1, "公交": 1, "直达": 1, "地铁站": 1, "城中村": 2, "众多": 3, "员工": 5, "廉价": 1, "房租": 1, "大部分": 2, "工资": 2, "上万": 1, "消费": 1, "平衡": 1, "东莞": 1, "松山湖": 1, "布局": 1, "部门": 1, "遍地": 1, "开花": 1, "搬离": 1, "不管是": 1, "人才": 4, "策略": 1, "点赞": 2, "赚到": 1, "钱": 2, "未雨绸缪": 1, "宏伟": 1, "短期": 1, "内": 1, "至少": 2, "等待": 1, "一点": 2, "批量": 1, "呼吁": 1, "软硬件": 1, "中心": 1, "佩服": 1, "勇气": 1, "智慧": 1, "重金": 1, "壮举": 1, "前些年": 1, "呜呼哀哉": 1, "做好": 2, "不声不响": 1, "幸甚": 1, "完美": 1, "实力": 1, "水平": 1, "势如破竹": 1, "同业": 1, "观察家": 1, "怀疑": 1, "挤压": 1, "空间": 1, "好事": 1, "扬眉吐气": 1, "别国": 1, "垄断": 1, "输": 1, "惨": 1, "学校": 1, "兴国": 1, "重视": 2, "推向": 1, "首要": 1, "课题": 1, "团结": 2, "稳步": 1, "文": 1, "长安": 1, "中旬": 1, "设备": 3, "二战": 1, "列为": 1, "头号": 1, "霸权": 1, "为先": 1, "中都": 1, "压制": 1, "威胁": 1, "突破口": 1, "提出": 3, "强制性": 1, "条款": 1, "上个月": 1, "发起": 1, "封锁": 1, "赶出": 1, "随后": 1, "削减": 1, "供应": 3, "暂停": 1, "承受": 2, "国内外": 1, "上都": 1, "年前": 2, "意料": 1, "来得": 1, "出乎意料": 1, "先进": 2, "突如其来": 1, "年收入": 1, "10%": 1, "用于": 1, "自力更生": 1, "数量": 1, "饱受": 1, "遥遥领先": 1, "施加": 1, "芯片战": 1, "表达": 5, "约束": 1, "搭载": 1, "狠狠": 1, "巴掌": 1, "切断": 2, "毋庸置疑": 1, "高科技": 1, "筹码": 1, "手中": 1, "王牌": 1, "不可估量": 1, "后果": 1, "对付": 1, "中兴": 1, "可谓": 1, "故技重施": 1, "反击": 2, "感到": 3, "困惑": 1, "尤其是": 1, "被迫": 2, "排队": 1, "迫不及待": 1, "重归于好": 1, "想法": 1, "走远": 1, "挽回": 1, "制定": 1, "应急": 1, "私下": 1, "零部件": 1, "取代": 1, "起初": 1, "搏": 1, "10": 1, "替换": 1, "部件": 1, "首次": 1, "白宫": 1, "紧急": 1, "会议": 1, "值得一提的是": 1, "人为": 1, "法国": 1, "领导人": 1, "领先": 2, "地位": 2, "迫使": 1, "低头": 1, "势力": 1, "排名": 2, "动摇": 1, "一度": 1, "三星": 2, "6.8%": 1, "跃升": 1, "31%": 1, "随之": 1, "下降": 2, "出货量": 2, "超过": 2, "占": 2, "11.7%": 1, "制造商": 1, "3日": 2, "恒通": 1, "光电": 1, "海洋": 6, "51%": 2, "震惊": 1, "外界": 1, "2008年": 1, "海事": 1, "有限公司": 1, "合资企业": 1, "这笔": 1, "意味着": 1, "脱离": 1, "海缆": 2, "懒惰": 1, "服从": 1, "分配": 1, "艰苦": 1, "地方": 1, "工作": 2, "危险": 1, "15%": 1, "好评": 1, "战略": 2, "撤退": 1, "退出": 1, "生命": 1, "招募": 2, "优秀": 5, "建立": 2, "德国": 1, "博士": 1, "提高": 1, "仔细": 1, "形势": 2, "想要": 1, "收拢": 1, "决定性": 1, "舍得": 1, "盈利": 1, "发现": 1, "质疑": 1, "理智": 1, "终将": 2, "战胜": 1, "任性": 1, "长跑": 1, "短跑": 1, "紧迫": 1, "见证": 1, "奇迹": 1, "难": 1, "对抗": 1, "为首": 1, "强国": 1, "走": 3, "围绕": 1, "产业": 1, "圈外": 1, "确保": 1, "受损": 1, "无力": 1, "顾及": 1, "挺": 1, "收回": 1, "期待": 2, "各方": 1, "周鸿祎": 1, "全线": 1, "感动": 1, "辞职": 1, "战场": 1, "狼性": 1, "凝聚": 1, "狼队": 1, "才能": 1, "成长": 2, "14亿": 1, "人民": 1, "本文": 1, "AI": 1, "新社": 1, "原创": 1, "出品": 1, "未经": 1, "渠道": 1, "平台": 1, "请勿": 1, "转载": 2, "违者": 1, "必究": 1, "竖屏": 4, "电影": 19, "悟空": 16, "百度": 2, "主人公": 2, "晓笛": 6, "23日": 1, "11时": 1, "17分": 1, "终端": 1, "蔡成杰": 13, "编剧": 1, "导演": 4, "P30": 2, "Pro裸机": 1, "拍摄": 8, "配文": 1, "孩子": 2, "金箍棒": 1, "英雄": 2, "小朋友": 1, "悟空梦": 1, "!": 5, "这部": 10, "时长": 1, "8": 1, "秒": 1, "迅即": 1, "叫好": 1, "六一": 1, "儿童节": 1, "爆火": 1, "24时": 1, "该片": 1, "转发": 1, "12800": 1, "留言": 1, "3200余": 1, "25500": 1, "尘封": 1, "童年": 1, "记忆": 1, "打开": 1, "记": 1, "小时候": 2, "奇幻": 1, "燃": 1, "酷!": 1, "初": 1, "辟本无性": 1, "打破": 1, "顽空": 1, "赞": 2, "赞!": 1, "故事": 7, "筹备": 1, "火": 1, "传播": 1, "效果": 1, "讲述": 1, "男孩": 1, "张晓笛": 1, "上世纪": 2, "90年代": 2, "爸爸": 2, "省吃俭用": 1, "买": 1, "钢笔": 1, "孙悟空": 7, "电影票": 2, "痛打": 1, "屁股": 1, "心爱": 1, "悟空人": 1, "偶": 1, "扔出": 1, "门外": 1, "离家": 1, "寻找": 3, "丛林": 1, "钻木取火": 1, "蛇": 1, "捕鱼": 1, "历练": 1, "搭": 1, "城里": 3, "车": 1, "飞速": 1, "不知所措": 1, "幸亏": 1, "寻子": 1, "父母": 1, "儿时": 1, "玩具": 1, "依然": 1, "栩栩如生": 1, "屡": 1, "改编": 1, "影视": 5, "作品": 7, "深受": 1, "海内外": 1, "观众": 2, "从小": 1, "一代人": 1, "心目": 1, "多半": 1, "农村": 1, "小伙伴": 1, "手电筒": 1, "翻山越岭": 1, "看完": 1, "回来": 1, "兴奋": 1, "沉浸": 1, "转眼": 1, "都市": 1, "拍": 6, "好像": 1, "时光": 2, "折叠": 1, "First": 1, "青年": 2, "电影展": 1, "联合": 1, "影像": 1, "创作": 5, "影片": 2, "未来感": 1, "故事线": 1, "资深": 1, "影迷": 1, "戏曲": 1, "学院": 1, "学生": 1, "吉朗": 1, "短片": 7, "质感": 1, "扑面而来": 1, "延续": 1, "执导": 1, "口碑": 1, "北方": 1, "苍茫": 1, "乡村": 1, "城市": 1, "不适": 1, "窘况": 1, "体察": 1, "趣味性": 1, "调皮感": 1, "艺术": 1, "研究院": 1, "研究员": 1, "刘藩说": 1, "热烈": 1, "视频": 2, "制作": 2, "放映": 2, "放映机": 1, "受制于": 1, "欧美": 1, "专业": 1, "积累": 1, "电影业": 2, "采用": 3, "福音": 1, "醒目": 1, "标签": 1, "习惯": 2, "横幅": 2, "横屏": 1, "观看": 1, "人类": 1, "视觉": 2, "标新立异": 1, "美术史": 1, "竖幅": 6, "画作": 1, "美感": 2, ";": 2, "海报": 2, "精准": 1, "事物": 1, "本身": 1, "摄影机": 2, "轻便": 1, "灵活": 1, "竖": 1, "屏剧": 1, "新生事物": 1, "近来": 1, "探索": 3, "传统": 1, "古典": 1, "油画": 1, "建构": 1, "尝试": 2, "介绍": 1, "摄影": 1, "美术": 1, "置景": 1, "布置": 1, "放置": 1, "相框": 1, "小孩": 1, "对话": 1, "站立": 1, "动力": 1, "新鲜感": 1, "树上": 1, "扔": 1, "火里": 1, "放": 1, "桶": 1, "滚": 1, "呈现": 1, "画面": 1, "契合": 1, "更为": 2, "难能可贵": 1, "品质": 1, "精良": 1, "标准": 2, "广告": 5, "剧组": 1, "建制": 1, "文本": 1, "声音": 2, "调色": 1, "电影棚": 1, "粗糙": 1, "拍完": 1, "找": 1, "一一": 1, "婉拒": 1, "邀请": 1, "这不": 1, "Pro": 2, "型号": 1, "面世": 2, "知名": 1, "用来": 1, "一再": 1, "声明": 1, "甲方": 1, "乙方": 1, "修改": 1, "意见": 1, "4": 1, "供": 1, "拍片": 1, "负": 2, "责任": 2, "热衷": 1, "解读": 2, "现实": 1, "不顾一切": 2, "进城": 1, "追寻": 1, "执著": 1, "奋斗": 1, "搭乘": 1, "货车": 1, "司机": 1, "穿着": 1, "潮牌": 1, "妖精": 2, "服装": 1, "指": 1, "猜测": 1, "日期": 2, "22日": 1, "面向": 1, "下一代": 1, "设计": 5, "当初": 1, "湄公河": 1, "战狼": 1, "流浪": 1, "地球": 1, "寄托": 1, "精神": 1, "传达": 2, "意志": 1, "燃爆": 1, "状况": 1, "人人": 1, "情怀": 1, "众志成城": 1, "创作者": 1, "生活": 1, "镜头": 1, "关联": 1, "开心": 1, "百家号": 1, "作者": 1, "蚂蚁": 1, "玩机": 1, "厂商": 1, "高端": 2, "旗舰机": 5, "对比": 1, "适合": 5, "Mate": 7, "P系列": 5, "价格": 1, "差不多": 1, "接下": 1, "笔者": 1, "三": 1, "弄清": 1, "三点": 1, "性能": 2, "数字": 1, "处理器": 4, "上半年": 2, "P20": 1, "去年": 1, "20Pro": 1, "P30Pro": 1, "麒麟980": 1, "得知": 1, "每次": 1, "都会": 2, "看重": 1, "外观": 2, "区分": 2, "年轻": 2, "居多": 1, "千万": 1, "机身": 1, "颜色": 1, "稳重": 1, "商务": 1, "各有千秋": 1, "拍照": 4, "细分之后": 1, "区别": 1, "喜爱": 1, "黑科技": 1, "售价": 1, "高点": 1, "mate": 2, "高级": 1, "总来说": 1}