{"1": 1, "、": 33, "荣耀": 20, "10": 6, "的确": 1, "称": 1, "性价比": 8, "款": 23, "高端": 1, "华为": 103, "手机": 82, "发布": 2, "日期": 2, "旧": 1, "可惜": 1, "老骥伏枥志在千里": 1, "不甘": 1, "平庸": 1, "适配": 1, "超级": 2, "夜景": 1, "手": 1, "GPU": 1, "turbo": 1, "技术": 7, "运行": 1, "流畅": 3, "手感": 1, "一流": 1, "饱受": 1, "好评": 1, "优势": 3, "所在": 1, "具备": 3, "一个": 13, "渐变": 1, "色": 1, "机身": 1, "设计": 7, "辨识度": 1, "很": 13, "横排": 1, "摄": 5, "镜头": 2, "个性": 3, "十足": 1, "腻": 1, "纵观": 1, "历代": 3, "旗舰机": 2, "难": 2, "找到": 1, "优秀": 4, "后盖": 1, "全面屏": 2, "6GB": 1, "内存": 1, "麒麟": 3, "970手机": 1, "如今": 3, "第三方": 2, "跌": 1, "1999": 1, "卡": 5, "！": 6, "note10": 2, "旗舰": 1, "屏幕": 4, "出色": 2, "续航": 6, "格力": 1, "游戏": 5, "当初": 3, "起步价": 1, "2799": 1, "2099": 1, "6.95": 1, "英寸": 1, "三星": 3, "AMOLED": 1, "显示": 2, "效果": 1, "配备": 1, "强大": 1, "后置": 1, "保证": 1, "拍照": 6, "给力": 1, "采用": 1, "顶级": 1, "PC": 1, "级别": 3, "液冷": 1, "散热": 1, "系统": 37, "定位": 2, "标准": 2, "讨喜": 1, "5000": 1, "mah": 1, "超大": 2, "电池": 1, "970": 1, "处理器": 2, "支持": 2, "基本上": 4, "3": 2, "8": 6, "X别": 1, "小看": 1, "千元机": 6, "8X": 1, "屏千": 1, "元": 7, "机里": 1, "销量": 3, "口碑": 1, "最佳": 3, "X": 4, "COF": 1, "封装": 1, "工艺": 1, "超过": 2, "91%": 1, "屏占比": 1, "寻": 1, "机": 3, "媲美": 2, "做工": 1, "颜值": 2, "价位": 4, "都": 29, "塑料": 1, "质感": 1, "长": 2, "下巴": 1, "note9": 1, "屏手感": 1, "征服": 1, "观众": 1, "4GB": 1, "+": 1, "64": 1, "GB": 1, "存储": 2, "中规中矩": 1, "麒麟710": 1, "EMUI": 2, "协同": 1, "卡顿": 1, "玩": 2, "超大型": 1, "除外": 1, "4": 3, "Mate20": 5, "Pro": 5, "或许": 4, "很多": 16, "苟同": 1, "高高在上": 1, "定价": 1, "小编": 11, "此言差矣": 1, "跌价": 1, "4899": 1, "不说": 1, "魅族": 5, "16s": 1, "小米": 5, "9": 1, "至少": 1, "无敌": 1, "对比": 3, "OPPO": 2, "FindX": 1, "性能": 11, "iPhoneXR": 1, "128GB": 1, "版本": 2, "情况": 4, "价格": 1, "领先": 2, "对手": 1, "一大": 2, "截": 1, "40W": 1, "快充": 2, "IP68": 1, "等级": 1, "防水": 1, "iPhone": 1, "这是": 1, "机皇": 1, "理解": 1, "低价": 1, "配置": 1, "缺一不可": 1, "值得": 1, "肯定": 2, "4月底": 1, "买": 1, "四": 7, "喜欢": 3, "声明": 1, "：": 5, "未经": 1, "许可": 1, "禁止": 2, "转载": 1, "平台": 1, "网站": 1, "推哥": 1, "原创": 1, "图片": 1, "源于": 1, "网络": 6, "侵权": 1, "请": 2, "作者": 1, "4月": 2, "28日": 1, "消息": 4, "中国": 7, "电信": 2, "终端": 1, "研究": 1, "测试": 1, "中心": 1, "公布": 2, "2018~2019年": 1, "全网通": 2, "通信": 4, "评测": 7, "报告": 1, "综合": 3, "4G": 3, "VoLTE": 1, "WiFi": 1, "GPS": 1, "表现": 2, "机型": 7, "实力": 8, "不可小觑": 1, "位居": 6, "第一": 11, "中都": 1, "身影": 2, "霸榜": 1, "实验室": 1, "专业": 1, "测评": 2, "机构": 1, "这次": 2, "对象": 1, "包括": 2, "18": 1, "品牌": 16, "51": 1, "覆盖": 1, "市场": 3, "80%": 1, "新机": 2, "一共": 1, "97": 1, "项": 5, "指标": 1, "时间": 5, "高达": 1, "72": 1, "小时": 1, "Mate": 4, "中兴": 1, "天机": 1, "Axon9": 1, "nova3i": 1, "畅玩": 2, "C分": 1, "贝居四": 1, "阶段": 1, "北斗": 1, "V20": 2, "Magic2": 1, "麦芒7": 1, "上榜": 1, "三": 1, "第七": 1, "居": 1, "段": 1, "简直": 1, "太": 2, "厉害": 2, "3500": 1, "2500~3500": 1, "麦芒": 1, "7": 1, "1500~2500": 1, "1500": 1, "可喜可贺": 1, "本文": 1, "编辑": 1, "王": 1, "翠银": 1, "科技": 9, "改变": 1, "生活": 2, "质量": 3, "提升": 6, "市面": 2, "款式": 1, "想要": 2, "购买": 6, "适合": 3, "确实": 4, "困难": 1, "前段": 1, "笔者": 1, "无意间": 1, "发现": 5, "有趣": 1, "现象": 2, "家里": 1, "长辈": 3, "旗下": 5, "系列": 10, "询问": 1, "喜爱": 5, "国民": 3, "标签": 2, "说到底": 1, "究竟": 1, "魅力": 1, "年龄段": 1, "消费": 5, "人群": 4, "情有独钟": 1, "实际上": 1, "中老年人": 5, "年轻人": 3, "生长": 1, "阅历": 1, "偏差": 1, "注重": 6, "效应": 1, "贴上": 1, "企业": 5, "骄傲": 2, "国际": 2, "较为": 1, "出众": 1, "500": 1, "跟随": 1, "崛起": 1, "走": 3, "国门": 1, "赢得": 2, "不少": 3, "海外": 1, "人士": 2, "喝彩": 1, "自然": 4, "更为": 2, "超强": 2, "证明": 2, "前三": 1, "霸主": 1, "地位": 3, "途径": 4, "建设": 5, "在线": 1, "线下": 1, "宣传": 1, "尽心尽力": 1, "针对": 2, "众所周知": 1, "国内": 2, "商中": 1, "接触": 1, "层次": 2, "用户": 3, "业务": 5, "风": 1, "水": 1, "年轻": 3, "消费者": 8, "明星": 1, "大咖": 1, "纷纷": 2, "夸赞": 1, "迈出": 1, "尝试": 1, "感受": 1, "强劲": 1, "闲聊": 1, "谈话": 1, "之际": 1, "身边": 1, "同等": 1, "中老年": 4, "好友": 1, "推荐": 1, "针对性": 1, "规划": 4, "相关": 2, "6": 1, "荣耀子": 1, "划分": 1, "加上": 2, "感比": 1, "vivo": 2, "主打": 4, "女性": 1, "时尚": 1, "发烧友": 1, "实用性": 2, "工作族": 1, "意义": 1, "照顾": 1, "看不起": 1, "伴随": 1, "这几年": 2, "研发": 4, "商务": 1, "P系列": 1, "mate": 1, "越来越": 3, "品质": 1, "保障": 1, "能力": 2, "畅销": 2, "脱": 1, "干系": 1, "莫过于": 1, "信号": 2, "炫酷": 1, "时尚感": 1, "特色": 1, "功能": 9, "追求": 4, "思想": 1, "分明": 1, "涉及": 1, "父母": 1, "购机": 2, "红米": 2, "毕竟": 3, "几百": 1, "块": 1, "替代": 1, "层出不穷": 1, "山寨机": 1, "老人": 2, "为此": 1, "知名度": 2, "回去": 1, "选择": 6, "青春版": 1, "畅享": 1, "一系列": 1, "理想": 1, "事实上": 1, "这两年": 1, "世界": 6, "程度": 2, "表达": 1, "爱国": 2, "反感": 1, "述说": 1, "才能": 4, "营造": 1, "公平": 1, "竞争": 2, "氛围": 1, "一味": 1, "盲目": 1, "导致": 1, "停滞不前": 1, "希望": 1, "一家": 1, "独大": 1, "画面": 1, "带动": 1, "发展": 5, "备受": 1, "原因": 3, "下方": 1, "留言": 2, "看法": 2, "~": 3, "人类": 1, "生产力": 1, "眼前": 1, "刷新": 2, "观点": 1, "人生观": 1, "价值观": 1, "10年": 1, "瞩目": 1, "国家": 3, "眼红": 1, "有人": 1, "笨": 1, "超越": 3, "5G": 10, "领域": 8, "可谓": 1, "赚足": 2, "眼球": 2, "美国": 4, "政府": 1, "官员": 1, "广告": 2, "宣称": 1, "危害": 1, "产品": 2, "设备": 3, "出口": 1, "威逼": 1, "利诱": 1, "抵制": 1, "过硬": 1, "封锁": 1, "斩获": 1, "40": 2, "订单": 1, "爱立信": 1, "诺基亚": 1, "2018年": 2, "总收入": 1, "7212亿": 1, "投入": 1, "1015亿": 1, "艘": 2, "巨轮": 2, "跃": 1, "苹果": 24, "第二": 2, "制造商": 1, "逊于": 1, "迫于": 1, "压力": 1, "终于": 1, "高通": 4, "和好": 1, "达成": 1, "和解": 1, "协议": 1, "支付": 1, "笔": 1, "款项": 1, "面对": 1, "无奈": 1, "2019年": 1, "23日": 1, "投资": 11, "7亿": 1, "成立": 2, "公司": 8, "——": 3, "哈勃": 1, "有限公司": 1, "经营": 2, "创业": 1, "名字": 1, "主营": 2, "符合": 1, "习惯": 1, "行业": 13, "黑马": 3, "无疑": 2, "腾讯": 2, "阿里巴巴": 5, "百度纳": 1, "俗称": 1, "BAT": 2, "B": 1, "=": 2, "百度": 1, "；": 4, "A": 1, "T=": 1, "网友": 1, "巨头": 2, "垂涎三尺": 1, "一块": 1, "肥肉": 1, "雅虎": 4, "成功": 2, "疯狂": 1, "面临": 1, "倒闭": 1, "才": 7, "钱": 1, "股份": 1, "抢手": 1, "拓展": 1, "铺垫": 1, "道路": 2, "透露": 1, "为辅": 1, "路线": 1, "或者是": 1, "机遇": 1, "未来": 3, "资金": 1, "后盾": 1, "孵化器": 1, "壮大": 1, "培养": 1, "不管是": 1, "合作": 1, "方向": 1, "之内": 1, "携带": 1, "小型": 1, "捕鱼船": 1, "收获": 1, "带领": 1, "舞台": 1, "崭露头角": 1, "看待": 1, "评论区": 1, "锁": 1, "屏": 1, "智能": 5, "如同": 2, "一般来说": 1, "都会": 1, "锁屏": 17, "电量": 1, "服务": 1, "信息": 1, "老人机": 1, "解锁": 1, "操作": 13, "实则不然": 1, "状态": 2, "依旧": 1, "小伙伴们": 5, "分析": 1, "骚": 3, "往下": 1, "一睹为快": 1, "设置": 8, "签名": 5, "教": 1, "打开": 2, "桌面": 2, "壁纸": 2, "输入": 1, "框": 1, "如此一来": 1, "界面": 1, "与众不同": 1, "值得一提的是": 1, "当成": 1, "备忘录": 1, "以此": 1, "提醒": 2, "忘记": 1, "事情": 1, "亲测": 1, "体验": 2, "感觉": 2, "棒": 1, "查看": 2, "运动": 4, "步数": 4, "点击": 1, "微信": 1, "记录": 1, "实时": 1, "方法": 1, "赶紧": 1, "之中": 1, "开启": 3, "拍摄": 3, "相机": 3, "答案": 1, "否定": 1, "快速": 1, "模式": 1, "便捷": 1, "例外": 1, "息屏": 1, "快": 2, "拍": 1, "方式": 1, "简单": 1, "轻轻": 1, "双击": 1, "音量": 1, "下键": 1, "召唤": 1, "语音": 2, "助手": 1, "辅助": 1, "唤醒": 1, "随心所欲": 1, "小艺": 1, "好使": 1, "对此": 1, "补充": 1, "评论": 1, "分享": 2, "还要": 1, "迥然不同": 1, "不得不": 1, "承认": 1, "芯片": 10, "要好": 1, "关注": 2, "落后": 1, "关键": 1, "突破": 5, "外观": 2, "相对于": 1, "低": 1, "水平": 1, "核心": 4, "差距": 2, "倾向于": 1, "既有": 1, "争气": 1, "尤其是": 1, "拥有": 2, "专利": 1, "数量": 1, "全球": 2, "份": 1, "合同": 1, "赢家": 1, "SoC": 1, "巴龙5G": 1, "天罡": 1, "基站": 1, "当家": 1, "再有": 2, "本身": 1, "安卓系": 1, "主流": 2, "方舟": 1, "编译器": 1, "加持": 1, "进一步": 1, "自主": 1, "成熟": 1, "推出": 1, "独立": 1, "产业": 1, "掌声": 1, "P20": 1, "首创": 2, "极光色": 1, "mate20": 1, "保时": 1, "捷款": 1, "深受": 1, "心爱": 1, "创新": 2, "乏力": 1, "3D": 2, "touch": 1, "面部": 1, "识别": 1, "每次": 1, "迭代": 2, "带来": 1, "简而言之": 1, "亮点": 1, "/": 1, "大范围": 1, "喜新厌旧": 1, "理念": 2, "来讲": 2, "讨好": 1, "根器": 1, "频率": 2, "关系": 2, "一点": 4, "文章": 1, "讨论": 1, "复述": 1, "脚步": 1, "更新": 3, "吃": 1, "归结": 1, "破裂": 1, "预计": 1, "明年": 1, "见面": 1, "将要": 1, "集体": 1, "退出": 1, "手机圈": 1, "迟到": 1, "影响": 1, "反差": 1, "反而": 1, "内": 1, "推广": 1, "起到": 1, "作用": 1, "追赶者": 1, "很快": 1, "利润": 1, "73%": 1, "拿走": 1, "国产": 2, "拿到": 1, "13%": 1, "体现": 1, "厂商": 2, "溢价": 1, "号召力": 1, "努力": 1, "缺少": 1, "工具": 1, "分为": 1, "安卓": 6, "区别": 1, "诟病": 1, "实践": 1, "积累": 1, "flyme": 1, "小伙伴": 2, "虽然说": 1, "名气": 1, "不错": 3, "牌子": 2, "简洁": 1, "效仿": 1, "智能化": 2, "取消": 1, "目的": 1, "纯净": 1, "华为emui": 1, "不用": 1, "兼容性": 1, "扩展": 1, "速度": 1, "说白了": 1, "等到": 1, "一刻": 1, "套": 1, "做法": 1, "降低": 1, "优点": 1, "可圈可点": 1, "9.1": 1, "偏向": 1, "人工": 1, "多功能化": 1, "倒是": 1, "第三": 1, "miui": 4, "年代": 1, "久远": 1, "年前": 1, "完善": 1, "异曲同工": 1, "只不过": 1, "优先级": 1, "发烧者": 1, "真的": 1, "oppo": 3, "colors6": 1, "出名": 1, "少有": 1, "oppo手机": 2, "美观": 2, "主题": 1, "开关": 1, "上都": 1, "调整": 1, "动画": 1, "缩放": 1, "地方": 1, "看重": 1, "整体": 2, "优化": 2, "否一方面": 1, "整理": 1, "挑": 1, "代表性": 1, "足够": 1, "应付": 1, "记得": 1}