{"来源": 3, "：": 163, "澎湃": 1, "新闻": 1, "标题": 2, "华为": 233, "手机": 36, "明年": 14, "摆脱": 9, "美国": 136, "技术": 50, "依赖": 7, "欧洲": 19, "建厂": 7, "生产": 15, "5G": 39, "设备": 34, "划": 1, "重点": 1, "Nathan": 67, "VanderKlippe": 66, "聘请": 4, "律师": 14, "探讨": 2, "方案": 15, "检方": 7, "谈谈": 4, "任正非": 80, "法庭": 15, "打官司": 2, "谈判": 13, "谈": 13, "错": 11, "纽约": 4, "东区": 4, "法院": 5, "公布": 7, "证据": 17, "辩论": 3, "一个": 50, "声音": 16, "；": 29, "事实": 8, "搞": 10, "一点": 12, "悄悄": 3, "交换": 2, "条件": 2, "都": 38, "处于": 6, "阶段": 4, "转向": 2, "达成": 7, "某种": 4, "和解": 14, "协议": 17, "展开": 2, "讨论": 11, "政府": 24, "找": 4, "理由": 2, "、": 153, "咖啡厅": 3, "太": 9, "影响": 11, "周边": 2, "客人": 3, "自然": 5, "喝": 12, "杯": 8, "赔偿": 12, "还要": 9, "名誉": 2, "损失": 4, "12月": 6, "9日": 3, "下午": 2, "心声": 2, "社区": 2, "发布": 10, "创始人": 2, "近日": 4, "接受": 10, "加拿大": 136, "环球": 8, "邮报": 8, "采访": 10, "纪要": 4, "份": 2, "显示": 2, "2日": 2, "深圳": 4, "提到": 9, "员工": 21, "人数": 4, "扩展": 4, "1200": 2, "2/3": 2, "研发": 6, "人员": 5, "未来": 28, "加大": 2, "投资": 8, "北美": 3, "市场": 25, "总部": 3, "墨西哥": 4, "中心": 12, "进一步": 3, "解释": 1, "称": 5, "增加": 12, "这是": 17, "300": 2, "实体": 8, "清单": 8, "禁令": 3, "发": 5, "邮件": 2, "打电话": 5, "……": 7, "接触": 4, "发展": 31, "阻碍": 2, "转移": 4, "政策": 2, "公司": 62, "官员": 2, "拥有": 3, "一家": 4, "爱立信": 5, "采用": 12, "件": 17, "选择": 15, "第二": 8, "做好": 9, "变化": 5, "改变": 8, "指出": 4, "工厂": 4, "人工": 26, "智能": 46, "方式": 17, "绕": 4, "福利": 2, "社会": 17, "工会": 2, "成本": 17, "略略": 2, "增强": 3, "信任": 12, "税收": 2, "就业": 2, "指标": 2, "有利于": 6, "紧密": 2, "合作": 10, "计划": 22, "战略性": 2, "规模": 6, "很": 36, "论证": 2, "消费类": 3, "给出": 2, "答案": 2, "2019年": 4, "1": 5, "驻": 1, "亚洲": 1, "记者": 5, "感谢": 2, "再次": 1, "名": 3, "距离": 1, "孟晚舟": 25, "女士": 17, "被捕": 11, "整整": 1, "想": 22, "问问": 1, "年前": 4, "发生": 10, "孟": 15, "事情": 9, "中国": 14, "身上": 3, "第一": 8, "请问": 2, "2017年": 2, "调查": 2, "面临": 5, "风险": 4, "事件": 15, "政治": 4, "策划": 1, "长期": 2, "排斥": 1, "销售": 6, "业务": 28, "收缩": 1, "高级": 1, "干部": 1, "当地": 1, "逃避": 2, "法律": 20, "高管": 5, "工作": 11, "早": 2, "当成": 2, "小国": 1, "授权": 2, "代表处": 1, "决策": 5, "销售额": 1, "温哥华": 2, "得知": 2, "消息": 4, "途径": 2, "告诉": 3, "逮捕": 3, "出发": 1, "阿根廷": 3, "法务": 1, "部门": 4, "报告": 1, "抓": 1, "发动": 1, "打击": 6, "误会": 2, "引发": 2, "本来": 4, "转机": 2, "迪拜": 1, "通知": 2, "法务部": 5, "记得": 1, "指示": 5, "下达": 1, "目标": 2, "讲": 9, "请": 4, "交涉": 1, "走": 5, "路线": 1, "解决": 18, "3": 4, "刚才": 5, "误解": 2, "意识": 2, "牵扯": 1, "5.16": 1, "制裁": 4, "抓手": 1, "抓住": 2, "筹码": 1, "去年": 2, "5月": 2, "意外": 1, "想法": 5, "比如说": 2, "持续": 4, "长": 5, "时间": 16, "5月份": 2, "最终": 3, "目的": 3, "消灭": 1, "起头": 1, "加紧": 1, "内部": 8, "结构性": 1, "调整": 4, "产品": 18, "开发": 19, "体系": 3, "环境": 7, "生存": 2, "才能": 7, "努力": 5, "连续性": 1, "4": 3, "六": 1, "国家": 44, "签订": 5, "引渡": 3, "打算": 8, "前往": 1, "华盛顿": 4, "才": 11, "累": 1, "夹": 2, "受苦受难": 1, "说法": 5, "软弱": 2, "提出": 9, "都会": 6, "答应": 1, "原因": 4, "人和": 1, "民族": 1, "印第安人": 2, "观点": 5, "分裂": 1, "心目": 1, "高尚": 2, "礼貌": 1, "遵守": 6, "规则": 11, "代表": 7, "承受": 1, "后果": 2, "包括": 7, "出口": 1, "公民": 4, "遭受": 1, "待遇": 3, "公平": 9, "几百": 1, "角度": 4, "案": 3, "干预": 2, "蒙受": 1, "特朗普": 1, "偿还": 1, "立刻": 1, "家人": 3, "离开": 4, "留在": 2, "安排": 2, "介入": 2, "权利": 5, "保障": 2, "5": 6, "想要": 1, "报复": 4, "方法": 3, "电信": 9, "运营商": 6, "招聘": 1, "本地": 1, "能力": 20, "走向": 4, "越来越": 10, "封闭": 2, "开放": 5, "机会": 6, "大型": 1, "国际": 4, "会议": 1, "很多": 18, "科学家": 6, "签证": 2, "世界": 14, "各国": 3, "科技": 6, "崛起": 3, "基地": 1, "决心": 1, "动摇": 1, "三": 10, "父": 9, "投入": 3, "战略": 11, "永远": 3, "随意": 1, "放弃": 6, "有人": 6, "全力": 1, "支持": 20, "建设": 2, "城墙": 1, "根下": 1, "利用": 8, "冰冻": 1, "地区": 3, "矿业": 1, "生产方式": 1, "驾驶": 4, "先进": 1, "地位": 4, "矿山": 1, "农业": 2, "机械": 1, "农场": 2, "拖拉机": 1, "24": 3, "小时": 3, "耕种": 1, "矿产": 1, "大幅": 2, "提升": 6, "人民": 10, "生活": 7, "物质": 1, "财富": 6, "水平": 1, "加油": 2, "基础": 8, "处在": 1, "前列": 1, "学习": 2, "理论": 6, "知识": 1, "造福": 2, "轻易": 1, "立足之地": 1, "6": 1, "情况": 6, "推移": 2, "好转": 1, "聊天": 1, "扩张": 2, "城市": 3, "买": 5, "上次": 2, "讲到": 3, "大概": 5, "扩招": 1, "移到": 1, "迁移": 3, "举措": 2, "涉及": 3, "几十": 2, "大规模": 2, "牵涉": 2, "持有": 4, "绿卡": 3, "办公": 3, "合乎": 1, "研究": 5, "机构": 7, "部件": 1, "供应": 1, "切断": 1, "大学": 13, "学术": 1, "组织": 4, "放松": 1, "进华": 1, "7": 1, "回顾": 1, "顾问": 1, "John": 2, "Bolton": 1, "幕后": 1, "推手": 1, "假如说": 1, "真的": 2, "压力": 1, "并非": 1, "司法": 6, "系统": 28, "引渡案": 1, "昨天": 1, "报道": 8, "参考": 1, "考证": 1, "受害": 1, "心中": 1, "抱有": 1, "歉意": 1, "妥善": 1, "法制": 1, "皇家": 1, "骑警": 2, "执法": 1, "过程": 3, "合法": 2, "关键": 5, "节点": 1, "宣过": 1, "誓": 1, "回忆": 1, "集体": 1, "失忆": 1, "失语": 1, "案件": 5, "停止": 2, "希望": 8, "推动": 2, "中加": 1, "国": 3, "正常化": 1, "紧张": 1, "局势": 1, "缓解": 1, "恢复": 2, "关系": 12, "期望": 1, "敞开": 1, "怀抱": 1, "拥抱": 2, "排挤": 1, "人才": 4, "再造": 1, "硅谷": 1, "差": 1, "制定": 1, "国策": 1, "条": 6, "路": 7, "走错": 3, "赶快": 1, "替代": 1, "就要": 2, "跟着": 1, "振兴": 2, "8": 8, "案子": 3, "可行": 1, "了结": 1, "专家": 4, "罚款": 3, "撤销": 1, "程序": 2, "提": 3, "商量": 1, "传个话": 1, "探索": 3, "感": 4, "兴趣": 4, "基于": 13, "意味着": 4, "承认": 3, "有罪": 1, "不用": 3, "坐牢": 3, "或者说": 1, "银行": 1, "之间": 3, "往来": 1, "Skycom": 5, "不实": 2, "陈述": 3, "出示": 2, "为止": 2, "尽快": 3, "拿出": 1, "美方": 2, "书面": 1, "证词": 1, "公开": 6, "PPT": 1, "副本": 1, "渠道": 1, "披露": 1, "开示": 1, "开庭": 1, "明明": 1, "子公司": 1, "描述": 2, "却说": 1, "剥离": 1, "判决": 3, "9": 3, "审视": 1, "运营": 4, "用来": 1, "测试": 6, "数字": 6, "网络": 14, "2010年": 1, "英国": 4, "认证": 7, "类似": 3, "4G": 2, "设立": 1, "盟国": 1, "10": 4, "9月": 2, "许可": 9, "上个月": 1, "初": 1, "进展": 5, "G许": 1, "建立": 8, "数据室": 1, "内容": 5, "定价": 2, "全方位": 1, "花": 4, "思考": 5, "理解": 4, "VanderKlippe：5G": 1, "难": 4, "早就": 2, "11": 2, "回到": 2, "释放": 2, "本身": 3, "犯罪": 1, "官司": 1, "随便": 2, "认罪": 5, "塞": 1, "笔": 1, "钱": 16, "行贿": 2, "到底": 1, "全世界": 6, "面前": 3, "咖啡": 8, "妥协": 2, "听": 4, "12": 2, "相关": 6, "项": 3, "农村": 1, "起诉": 5, "FCC": 2, "联邦": 1, "通信": 2, "委员会": 1, "属实": 1, "发起": 2, "诉讼": 4, "带来": 1, "收益": 2, "宪法": 2, "赋予": 3, "提供": 10, "服务": 15, "捍卫": 1, "针对": 5, "提起": 1, "第六": 1, "桩": 1, "资源": 7, "忙": 2, "13": 1, "新颖": 1, "别人": 7, "架构": 10, "其他人": 2, "拆分": 2, "一部分": 1, "治理": 1, "结构": 1, "透明": 3, "外部": 3, "进来": 4, "资本": 3, "体现": 2, "负": 1, "责任": 9, "透明度": 1, "第三": 3, "建": 1, "肯定": 3, "14": 1, "快速": 3, "90%": 2, "原则": 1, "也许": 2, "女儿": 2, "牢狱": 1, "灾": 1, "难道": 2, "吸引力": 1, "罪": 1, "公正": 3, "手段": 4, "威逼": 1, "贵": 2, "值得": 4, "15": 2, "谈到": 1, "东南亚": 1, "劳动力": 1, "低": 8, "Mate": 5, "30": 3, "包含": 3, "详细": 2, "讲讲": 3, "多久": 4, "一开始": 2, "三年": 7, "预想": 2, "快": 9, "年底": 3, "相当于": 3, "16": 1, "澄清": 1, "17": 1, "非同寻常": 1, "对外": 2, "沟通": 3, "扮演": 2, "角色": 1, "公共": 3, "重心": 1, "花费": 3, "这项": 1, "危难": 1, "时期": 1, "义不容辞": 1, "挺身而出": 1, "多年": 1, "协调": 1, "实在": 4, "力量": 2, "省掉": 1, "用到": 1, "总预算": 1, "18": 1, "经历": 3, "构建": 3, "重建": 1, "称为": 1, "赤字": 4, "强大": 3, "宣传": 1, "如果说": 2, "将信将疑": 1, "厉害": 4, "访问": 1, "数量": 2, "增长": 11, "69%": 1, "生产线": 2, "版本": 2, "器件": 1, "回去": 1, "发现": 1, "信心": 2, "亲眼": 2, "下班": 1, "班车": 1, "人潮": 1, "涌动": 1, "食堂": 2, "吃饭": 2, "充满": 2, "肉": 1, "吃": 4, "不停": 1, "运转": 2, "反而": 2, "刚": 3, "预测": 1, "财务": 3, "数据": 2, "下滑": 1, "实际上": 5, "危机": 1, "19": 1, "强劲": 1, "源于": 2, "企业": 27, "补贴": 1, "海外": 3, "优先": 4, "供货": 1, "终端": 21, "减弱": 1, "增大": 1, "考量": 1, "可行性": 1, "好处": 3, "21": 1, "监控": 4, "指控": 2, "间谍": 1, "活动": 3, "大举": 1, "领域": 15, "负责人": 4, "段": 1, "爱国": 3, "人类": 7, "将来": 2, "智慧": 19, "庞大": 5, "信息": 5, "争夺": 1, "明天": 2, "云化": 1, "开放性": 1, "前所未有": 1, "碰到": 1, "起步": 1, "22": 1, "首席": 1, "隐私官": 1, "Suffolk": 1, "问到": 2, "新疆": 5, "公安局": 1, "尤其是": 2, "出售": 1, "对象": 2, "承担": 4, "道德": 7, "回答": 2, "负有": 1, "自由": 2, "评估": 2, "发表": 5, "文章": 1, "中东": 4, "稳定": 2, "经济": 12, "分配": 1, "合理化": 1, "化解": 1, "矛盾": 3, "贫困": 1, "站": 5, "制高点": 3, "言下之意": 1, "先辈": 1, "正确": 2, "维护": 1, "和平": 1, "贡献": 3, "回报": 1, "美元": 1, "货币": 1, "破坏": 2, "秩序": 2, "23": 1, "崇拜": 1, "喜欢": 4, "美式": 1, "星级": 1, "迷航": 1, "电影": 3, "珠穆朗玛峰": 1, "峰顶": 1, "山脚": 1, "有生": 1, "年会": 1, "见证": 1, "或许": 4, "主导": 1, "优秀": 3, "金里奇": 1, "众议院": 1, "议长": 1, "不错": 1, "领先": 4, "产业": 6, "初步": 1, "发育": 1, "WiMAX": 5, "电脑": 7, "工程师": 4, "年轻": 16, "干": 2, "专业": 1, "覆盖": 2, "全程": 1, "全网": 1, "ITU": 1, "全球": 5, "标准": 3, "屋子": 1, "倍": 1, "熟悉": 1, "行业": 11, "年龄": 3, "偏": 3, "保守": 1, "核心": 3, "MIMO": 1, "容量": 1, "极大": 2, "LTE": 2, "刺激": 2, "融合": 1, "加上": 1, "几十万": 1, "雄厚": 1, "积累": 2, "宽": 1, "带宽": 5, "天线": 1, "跨代": 1, "吸取": 1, "竞争": 6, "独自": 1, "不得了": 1, "优点": 1, "兼容": 1, "思想": 3, "3GPP": 1, "理想": 3, "发明": 1, "共享": 3, "诺基亚": 1, "专利": 3, "交叉": 1, "苹果": 2, "高通": 1, "垄断": 1, "罗斯": 1, "印度": 1, "讲话": 1, "肩负": 1, "阅读": 1, "非洲": 2, "反对党": 1, "政客": 1, "实施": 1, "黑客": 1, "攻击": 1, "干扰": 1, "义务": 2, "确保": 1, "造谣": 2, "华尔街": 1, "日报": 1, "律师函": 1, "立陶宛": 2, "早报": 1, "非盟": 1, "卖": 1, "汽车": 3, "装": 2, "货": 2, "司机": 2, "算": 3, "主权": 3, "管理": 8, "运作": 3, "功能": 3, "简单": 2, "路上": 1, "跑": 5, "卡车": 1, "深刻": 2, "AI": 3, "武器": 1, "尊重": 1, "所在国": 1, "国际法": 1, "制造": 1, "不利": 1, "背景": 2, "有趣": 3, "成立": 2, "计划经济": 2, "要素": 2, "批判": 1, "模式": 5, "追求": 1, "利润": 1, "私有制": 1, "成功": 5, "足够": 1, "管制": 1, "用户": 7, "逼": 1, "计划性": 1, "提高": 2, "质量": 1, "降低": 3, "减少": 3, "消耗": 3, "浪费": 1, "仅仅": 1, "指": 5, "25": 2, "经受": 1, "苦难": 1, "预计": 3, "父母": 1, "想念": 2, "儿女": 2, "孩子": 1, "妈妈": 2, "丈夫": 1, "轮流": 1, "陪": 2, "放假": 1, "飞": 1, "平时": 1, "画画": 1, "情绪": 2, "细节": 2, "交给": 1, "等待": 1, "26": 1, "早晨": 1, "写": 1, "封": 4, "微信": 2, "朋友圈": 1, "读": 1, "信中": 1, "心路": 1, "历程": 1, "迎接": 1, "不确定性": 1, "接班人": 1, "性格": 1, "早上": 1, "合适": 3, "全国": 3, "干活": 1, "创造": 1, "改善": 2, "收入": 7, "精力": 2, "感受": 2, "历史": 2, "长河": 1, "磨难": 3, "英雄": 1, "意志": 2, "担负": 1, "领导人": 2, "洞察": 3, "二十年": 2, "远": 1, "判断": 2, "方向": 1, "领导": 1, "回来": 1, "CFO": 2, "坚强": 1, "一帆风顺": 1, "挫折": 1, "崩溃": 1, "协助": 1, "扛": 1, "灾难": 2, "本书": 1, "倒下": 1, "顺利": 1, "成长": 2, "27": 1, "推荐": 1, "蒙特利尔": 1, "理工": 2, "约书亚·本吉奥": 1, "多伦多": 2, "杰弗里·辛顿": 1, "阿尔伯塔": 1, "理查德·萨顿": 1, "特鲁多": 4, "总理": 4, "定位": 5, "哈佛": 1, "麻省": 1, "斯坦福": 1, "吸引": 2, "麾下": 1, "群体": 3, "墙": 2, "内": 2, "开花": 1, "红": 1, "优势": 3, "出于": 1, "利益": 6, "恩怨": 4, "分开": 1, "超越": 2, "建议": 2, "人口": 2, "稀少": 1, "地域": 1, "迫切": 2, "失业": 2, "没事": 1, "负面": 1, "正好": 1, "积极性": 1, "邮箱": 1, "发给": 1, "无关": 2, "天才": 1, "埋没": 1, "见面": 1, "邀请": 1, "平台": 7, "发挥": 5, "作用": 1, "科研": 3, "经费": 5, "拜杜": 1, "法案": 1, "占有": 2, "成果": 2, "大笔": 1, "拨款": 1, "原子弹": 1, "土耳其": 1, "Arikan": 1, "教授": 1, "篇": 2, "数学": 2, "论文": 1, "诚恳": 1, "格局": 1, "冲击": 1, "资金": 4, "支": 1, "队伍": 2, "做出": 1, "冻土": 1, "开矿": 1, "媒体": 3, "|": 4, "吴俊宇": 2, "时代": 12, "逼近": 1, "感到": 1, "兴奋": 1, "恐惧": 1, "即将": 3, "来临": 2, "错过": 1, "消逝": 1, "面向": 6, "着眼": 2, "当下": 7, "传媒": 1, "学者": 1, "道格拉斯·洛西科夫": 1, "嘲笑": 1, "学": 1, "为重": 1, "种种": 1, "做法": 3, "无助于": 1, "应付": 1, "眼前": 1, "沉迷于": 1, "剥夺": 1, "价值": 5, "意义": 3, "规划": 1, "忽略": 1, "竞争力": 2, "打造": 4, "年轻人": 9, "老人": 2, "总会": 2, "手头": 1, "办法": 2, "敏捷": 2, "迭代": 1, "修正": 1, "一点一滴": 1, "奔去": 1, "这次": 8, "云DevRun": 1, "Summit": 1, "Login": 5, "2020": 8, "一批": 6, "分享": 2, "理念": 2, "代表性": 1, "场": 4, "云上": 6, "Party": 4, "天马行空": 1, "王小波": 1, "黄金": 2, "年代": 1, "那段": 1, "二十一": 1, "岁": 3, "一生": 1, "好多": 1, "奢望": 1, "爱": 3, "一瞬间": 2, "天上": 1, "半明半暗": 1, "冲劲": 1, "成熟": 2, "期待": 1, "挨": 1, "锤": 2, "牛": 1, "创新": 10, "试错": 1, "应对": 3, "需求": 5, "寻找": 1, "找到": 2, "位置": 2, "参与者": 1, "爆发": 3, "依旧": 1, "浪头": 1, "众多": 3, "教育": 8, "新增": 4, "CTO": 4, "岗位": 2, "90后": 5, "登台": 1, "演讲": 1, "不妨": 1, "现状": 1, "引进": 1, "汇聚": 2, "场域": 1, "顺应": 1, "潮流": 1, "南开": 1, "引入": 2, "云平台": 1, "统一": 2, "行政": 1, "教学": 1, "一系列": 1, "无可避免": 1, "奔跑": 1, "弹幕": 2, "火箭": 2, "辩论赛": 1, "流传": 1, "名言": 1, "寂寞": 2, "女人": 1, "穿": 1, "丝袜": 1, "男人": 1, "Dota": 1, "校园": 4, "LoL": 1, "天下": 2, "iG": 1, "夺冠": 1, "上下铺": 1, "兄弟": 1, "兴奋不已": 1, "兄弟们": 1, "看上": 1, "流畅": 4, "视频": 2, "鲜有人知": 1, "B站": 6, "斗鱼": 4, "虎牙": 4, "直播": 2, "刷出": 1, "荧幕": 1, "帧": 1, "特效": 4, "互联网": 9, "泛娱乐": 1, "高昂": 1, "费用": 1, "繁杂": 1, "运维": 10, "运维派": 1, "介绍": 3, "过B站": 1, "早年": 1, "IT": 4, "苦头": 1, "2015年": 1, "运维部": 1, "权限": 2, "手上": 1, "总得": 1, "查": 1, "效率": 3, "DNS": 1, "自研": 5, "CDN": 1, "自建": 1, "链": 1, "增多": 1, "变得": 1, "困难": 1, "版权": 1, "硬件": 3, "支出": 2, "年度": 5, "项目": 2, "分成": 1, "(": 1, "revenue-sharing": 1, "costs": 1, ")": 1, "流量": 2, "效果": 1, "清晰": 2, "伴随": 1, "用户数": 1, "呈现": 3, "线性": 1, "季度": 3, "15.42亿": 1, "上年": 1, "同期": 3, "9.67亿": 1, "元": 5, "59.4%": 1, "2018年": 4, "1.42亿": 1, "1.51亿": 1, "毛利率": 2, "18.3%": 1, "二季度": 1, "16.9%": 1, "15.5%": 1, "有意思": 1, "支撑": 4, "参与": 4, "红海": 1, "美人鱼": 1, "高票房": 1, "制作": 1, "韩国": 1, "Macrograph": 2, "渲染": 3, "数万": 1, "面对": 1, "人力": 1, "寻求": 1, "服务商": 1, "流浪": 1, "地球": 1, "浩大": 1, "造梦": 1, "工程": 1, "云便": 1, "助力": 1, "不难": 1, "各行各业": 1, "足以": 2, "规避": 1, "云原生": 3, "最佳": 3, "路径": 3, "实践": 1, "IDC": 1, "2022年": 1, "35%": 1, "原生": 3, "场景": 17, "生态": 15, "演进": 1, "混合云": 1, "多云": 1, "边缘层": 1, "指定": 1, "心智": 1, "负担": 1, "复制": 2, "最大化": 3, "套": 1, "指导": 1, "软件": 6, "设计": 5, "天然": 2, "集成": 1, "在一起": 1, "具备": 3, "全栈": 1, "全场": 3, "景AI": 1, "多元": 3, "高效": 3, "开发者": 21, "运行": 2, "算力": 2, "爆炸式": 1, "触手可及": 1, "难度": 1, "门槛": 1, "最前沿": 1, "华为云": 1, "鲲鹏": 1, "昇腾": 1, "芯片": 1, "超强": 1, "多样化": 2, "商业": 7, "年轻化": 1, "聚集": 3, "土壤": 3, "三一": 1, "PartyParty": 1, "品牌": 8, "策略": 3, "何种": 1, "状态": 2, "固定": 1, "垂直": 3, "消费": 4, "品类": 1, "占据": 1, "一席之地": 1, "证明": 1, "挖掘": 1, "潜力": 1, "营销": 2, "推广": 1, "借助": 2, "火出圈": 1, "突破": 1, "圈层": 1, "壁垒圈": 1, "人群": 2, "长远": 1, "数字化": 2, "转型": 2, "阻挡": 1, "趋势": 1, "BAT": 1, "打法": 1, "切入": 1, "企业级": 2, "过往": 1, "论坛": 1, "纯": 2, "讲解": 1, "出圈": 2, "——": 5, "更open": 1, "心态": 3, "会场": 1, "四": 1, "演讲者": 1, "平均": 1, "分论坛": 1, "讲师": 1, "筹备": 1, "Login2020": 1, "项目组": 2, "00后": 2, "女性": 2, "无障碍": 1, "主力": 1, "改写": 1, "所在": 1, "程序猿": 1, "男生": 1, "固式": 1, "标签": 1, "发光": 1, "发热": 1, "无缝": 4, "推进": 5, "繁荣": 2, "万物": 1, "互联": 2, "刚刚": 1, "创业": 4, "形态": 2, "设施": 3, "完善": 3, "下一波": 4, "云计算": 1, "浪潮": 1, "3-5年": 1, "到来": 2, "黑土地": 1, "新苗": 1, "诞生": 4, "创业潮": 1, "多向": 1, "传递": 1, "热潮": 1, "CEO": 3, "之中": 1, "造就": 1, "一代": 1, "萌": 1, "发出": 1, "磕磕绊绊": 1, "野心勃勃": 1, "书写": 1, "--------------------------------------------": 1, "作者": 5, "公众号": 1, "几度": 1, "独立": 2, "撰稿人": 1, "微信号": 1, "852405518": 1, "关心": 2, "状况": 2, "获钛": 1, "2015": 2, "2016": 2, "2018": 2, "新浪": 1, "创事": 1, "记": 1, "十大": 2, "品途网": 1, "腾讯": 1, "影响力": 1, "TechWeb": 1, "回应": 3, "早些时候": 1, "瑞银": 1, "日本": 1, "Fomalhaut": 1, "Techno": 1, "Solutions": 1, "推出": 3, "零件": 1, "iFixit": 1, "Tech": 1, "Insights": 1, "作出": 1, "分析": 2, "结论": 1, "外媒": 1, "元件": 1, "此类": 1, "供应商": 1, "28%": 1, "份额": 1, "组件": 1, "基站": 1, "产能": 1, "每月": 1, "125,000": 1, "有限公司": 1, "副总裁": 1, "艾伟": 1, "绝不": 1, "主动": 1, "原文": 1, "节选": 1, "耀星": 17, "阶段性": 1, "截至": 1, "11月": 2, "评选": 2, "期": 2, "获选": 1, "近300": 1, "伙伴": 5, "发放": 1, "激励": 10, "在内": 1, "10余": 1, "款": 5, "据悉": 2, "近期": 2, "HiCar": 5, "钱包eID": 2, "HUAWEI": 2, "Mobile": 1, "Services": 1, "简称": 1, "HMS": 3, "全球化": 1, "加速": 2, "业界": 3, "接入": 1, "AppGallery": 1, "Connect": 1, "报名": 1, "申请": 3, "评审": 1, "升级": 1, "本期": 1, "考拉": 1, "海购": 1, "Boss": 1, "直聘": 1, "幼升小": 1, "课程": 1, "WPS": 1, "耀星AI": 1, "天气": 1, "预报": 1, "绿色": 1, "懂": 1, "车帝": 1, "今日": 1, "头条": 1, "台风": 1, "实时": 1, "斗罗十年": 1, "龙王": 1, "传说": 1, "巨龙": 1, "城堡": 1, "泡面": 1, "三国": 1, "游戏": 1, "关注": 1, "旨在": 1, "车载": 3, "HiBoard": 1, "分布式": 9, "差异化": 1, "体验": 8, "限于": 1, "地图": 1, "充电": 1, "停车": 1, "车": 3, "钱包e": 3, "ID": 3, "航旅": 1, "APP": 1, "机场": 2, "eID": 1, "验证": 1, "身份": 4, "+": 4, "电子": 2, "登机牌": 1, "机": 3, "通关": 2, "安检": 1, "钱包": 1, "响应": 1, "诸多": 1, "经验": 1, "引流": 1, "·": 1, "培训": 1, "赋能": 2, "极客": 1, "大赛": 1, "赛事": 1, "搭": 1, "建华": 1, "势必": 1, "携手": 1, "消费者": 9, "卓越": 1, "图片": 1, "来源于": 1, "网络文": 1, "ihahe": 1, "群情": 1, "激愤": 1, "老板": 5, "不满": 2, "借机": 1, "发泄": 1, "无非": 1, "情理法": 1, "李洪元": 6, "拿到": 2, "上司": 6, "秘书": 1, "违规": 3, "情理": 1, "主管": 8, "花钱": 2, "消灾": 1, "于理": 1, "离职": 2, "N": 6, "李": 38, "导致": 4, "冲突": 2, "举报": 3, "怀疑": 1, "心眼": 1, "带": 3, "录音笔": 1, "自证": 1, "清白": 1, "拿回": 1, "这笔": 6, "一而再": 1, "再而三": 1, "戏码": 1, "带偏": 1, "节奏": 1, "受害者": 2, "入职": 2, "万数": 1, "小有": 1, "把柄": 1, "奇怪": 2, "放大镜": 2, "孔子": 2, "己所不欲": 1, "勿施于人": 1, "道理": 2, "捂": 1, "耳朵": 1, "眼睛": 1, "过日子": 1, "同理心": 1, "一棍子打死": 1, "错装": 1, "好人": 1, "无辜": 1, "圣贤": 1, "孰能无过": 1, "吾": 1, "未": 4, "见好": 1, "德": 1, "好色者": 1, "圣人": 4, "令人叹服": 1, "几千": 1, "明白": 3, "一大": 1, "好像": 1, "洁癖": 1, "大小": 1, "如同": 1, "小零": 1, "坏": 2, "行驶": 1, "每次": 1, "修": 1, "耽误": 1, "凑整": 1, "车子": 2, "一块": 1, "整修": 1, "坐": 1, "乘客": 1, "开车": 1, "表现": 1, "机器": 2, "精准": 1, "犯": 1, "十全万能": 1, "指责": 1, "沉默": 4, "螺旋": 2, "The": 1, "Spiral": 1, "Of": 1, "Silence": 1, "政治学": 1, "大众": 1, "传播": 1, "现象": 1, "表达": 1, "赞同": 2, "越发": 1, "大胆": 2, "扩散": 1, "发觉": 1, "少有": 1, "理会": 1, "群起而攻之": 1, "遭遇": 2, "意见": 3, "增势": 1, "循环往复": 1, "假设": 1, "力图": 1, "单独": 1, "态度": 1, "信念": 1, "孤立": 1, "强压": 1, "挺": 1, "淹没": 1, "理性": 1, "扭曲": 1, "为虎作伥": 1, "大部分": 1, "舆论": 1, "一边倒": 1, "抵制": 6, "群": 2, "跳": 1, "拒绝": 1, "蠢货": 1, "日货": 1, "美货": 1, "没错": 1, "剑": 1, "拐弯": 1, "东西": 2, "一分钱": 1, "投": 1, "票": 1, "直说": 1, "价值观": 2, "输出": 1, "如今": 1, "何尝": 1, "当年": 1, "吹捧": 2, "预防": 1, "过度": 1, "姜": 1, "老": 1, "辣": 1, "摔": 1, "弄": 1, "刀": 1, "闹": 3, "无罪": 3, "腐败": 3, "正当": 1, "获取": 2, "凶悍": 1, "留": 1, "情面": 1, "试想": 2, "7212亿": 1, "人民币": 1, "相比之下": 1, "长沙市": 2, "预算": 2, "1544.95亿": 1, "顶好": 1, "上海市": 1, "7108.1亿": 1, "财物": 1, "制度": 3, "异常": 1, "敏感": 1, "中国区": 1, "滕鸿飞": 1, "受贿": 1, "涉嫌": 3, "刑事犯罪": 1, "公安": 1, "机关": 2, "强制": 1, "措施": 1, "腾鸿飞": 1, "颁华": 1, "蓝血": 1, "杰": 1, "荣誉": 1, "称号": 1, "毫不留情": 1, "滴滴": 2, "出行": 1, "风控": 1, "合规部": 1, "公号": 1, "滴滴清风": 1, "公告": 2, "2019": 4, "上半年": 3, "舞弊": 1, "查处": 1, "30余": 1, "29": 1, "解聘": 1, "违反": 1, "法规": 1, "移送": 1, "8月": 3, "1日": 1, "上午": 1, "万达": 2, "尹": 1, "建武": 1, "金": 1, "震因": 1, "职务": 1, "便利": 1, "谋取": 1, "私利": 1, "朝阳": 1, "警方": 1, "带走": 1, "审计": 2, "接到": 1, "投诉": 1, "4月": 1, "区域": 1, "集团公司": 1, "20余": 1, "集团": 1, "非法": 1, "所得": 1, "金额": 1, "高达": 1, "千万": 1, "定性": 1, "恶劣": 1, "窝案": 1, "炒": 1, "案发": 1, "实锤": 1, "转折": 1, "偷换": 1, "等于": 2, "无责": 1, "概念": 1, "道歉": 4, "管理者": 2, "否认": 1, "层面": 3, "李绝": 1, "弱势": 2, "相比": 3, "十几万": 1, "孰轻孰重": 1, "规则化": 1, "温情": 2, "曹": 2, "德旺": 2, "捐": 2, "工人": 1, "涨": 6, "工资": 7, "捐款": 1, "码": 1, "限度": 1, "扰乱": 1, "毕竟": 1, "不仅仅": 2, "福耀": 1, "跳槽": 1, "降": 1, "！": 1, "程度": 3, "显得": 1, "人性化": 1, "辞退": 1, "额外": 2, "基金": 1, "补偿": 1, "的确": 1, "人道": 1, "听闻": 1, "超过": 1, "40": 2, "现实": 3, "纠结": 1, "观众": 1, "带入": 3, "心理学": 1, "虚体": 1, "自恋": 1, "内心": 1, "自信": 1, "认可": 1, "内在": 1, "价值感": 1, "坍塌": 1, "影子": 1, "感同身受": 1, "个体": 1, "亲身": 1, "体会": 1, "刁难": 1, "克扣": 1, "此事": 3, "刑拘": 1, "谋": 1, "形象": 2, "这不": 1, "估计": 2, "无心": 1, "进去": 1, "加权": 1, "此刻": 1, "挡子弹": 1, "波": 1, "舆情": 3, "弱者": 1, "拉同": 1, "情分": 1, "籍": 1, "网住": 1, "结清": 1, "支付": 1, "年终奖": 2, "没戏": 1, "报警": 1, "2N": 2, "差额": 2, "仲裁": 1, "同意": 1, "1后": 1, "补充": 2, "结束": 2, "合同": 2, "认同": 3, "大概率": 1, "同等": 1, "续签": 1, "薅点": 2, "羊毛": 2, "求职者": 1, "管理松": 1, "怨声载道": 1, "薅得": 1, "设想": 1, "离职员工": 1, "处罚": 1, "拿捏": 1, "巧妙": 1, "所有人": 1, "忘": 1, "感情": 1, "因素": 1, "外界": 2, "要挟": 1, "愤懑": 1, "暴露": 1, "再度": 1, "报案": 1, "随后": 2, "典型": 1, "两头": 1, "占": 1, "诉诸": 1, "尚未": 1, "过于": 1, "冷酷": 1, "刻薄": 1, "无益": 1, "声明": 1, "瓜葛": 2, "李与其": 1, "心安理得": 1, "交个税": 1, "交": 1, "税": 1, "在意": 1, "情节": 1, "至少": 1, "担心": 3, "控制": 3, "托大": 1, "关注点": 2, "不止": 1, "251": 1, "业绩": 1, "造假": 2, "代理商": 1, "压货": 1, "订单": 1, "出货": 1, "差异": 1, "偏门": 1, "传统": 1, "老式": 1, "集成商": 1, "惯例": 1, "潜规则": 1, "2016年": 1, "团队": 4, "不安": 1, "红利": 1, "砸锅": 1, "无关正误": 1, "不大": 1, "留下": 1, "李胜利": 1, "利令智昏": 1, "对利": 1, "渴求": 1, "输": 1, "局面": 1, "拘留": 1, "纳税人": 1, "税款": 1, "赔": 1, "在乎": 1, "30多万": 1, "大潮": 2, "失误": 1, "纠正": 1, "淹死": 1, "负责": 1, "此文": 1, "站理": 1, "*": 1, "相对论": 1, "原创": 1, "未经": 1, "转载": 1, "摘编": 1, "镜像": 1, "鸿蒙": 45, "OS": 25, "动态": 1, "特区报": 1, "软件部": 2, "总裁": 3, "王成录": 4, "Talk": 1, "主题": 1, "分享会": 1, "平板": 13, "全线": 3, "搭载": 7, "海内外": 2, "同步": 2, "正式": 3, "开源": 2, "透露": 3, "选用": 3, "Android": 9, "千呼万唤": 1, "操作": 17, "传闻": 1, "接连不断": 1, "列入": 1, "实体名单": 1, "Google": 1, "随即": 1, "加快": 1, "面世": 1, "进程": 2, "年华": 1, "大会": 3, "<": 1, "HDC.2019": 1, ">": 1, "本次": 1, "令人瞩目": 1, "英文": 1, "Harmony": 1, "详": 1, "雷锋网": 2, "此前": 1, "初衷": 1, "余承东": 4, "说道": 1, "景": 2, "跨平台": 1, "跨": 5, "时延": 4, "安全性": 2, "挑战": 3, "雏形": 1, "出发点": 2, "iOS": 3, "全新": 1, "微内核": 3, "架": 1, "构级": 1, "可信": 2, "协同": 5, "部署": 2, "高标准": 1, "连接": 3, "大特性": 1, "首次": 2, "用于": 1, "引擎": 1, "高性能": 1, "IPC": 1, "天生": 1, "重塑": 1, "IDE": 1, "多端": 1, "首发于": 1, "荣耀": 9, "智慧屏": 5, "最初": 1, "猜测": 1, "并非如此": 1, "率先": 1, "屏": 6, "正值": 1, "旗下": 1, "子品牌": 1, "真容": 1, "亮相": 1, "UI": 3, "常见": 1, "电视": 2, "区别": 1, "简约": 1, "美学": 1, "特征": 1, "交互": 1, "颗": 1, "摄像头": 1, "1080P": 1, "高清": 1, "画面": 1, "米": 1, "拾音": 1, "度": 1, "俯仰": 1, "调节": 1, "通话": 1, "大疆": 1, "无人机": 2, "联动": 1, "远程": 1, "拍摄": 1, "首发": 3, "发布会": 2, "随时": 1, "可穿戴": 2, "车机": 2, "赵明": 1, "看法": 1, "尝试": 1, "更为": 1, "就绪": 1, "月份": 1, "P40": 2, "首款": 2, "日后": 1, "定论": 1, "王": 3, "成录": 3, "Andriod": 1, "观察": 1, "人士": 1, "问世": 1, "在于": 2, "1+8+N": 1, "物联网": 1, "PC": 3, "音箱": 1, "耳机": 1, "眼镜": 1, "手表": 1, "值得一提的是": 1, "致力于": 1, "卡顿": 2, "EMUI": 3, "更新": 3, "背后": 2, "依据": 1, "建模": 1, "科学": 1, "规律": 1, "终于": 1, "跨越": 1, "之上": 1, "暂时": 1, "变数": 1, "依然": 2, "8日": 1, "传出": 1, "好奇心": 1, "热望": 1, "唤起": 1, "事实上": 1, "标志": 1, "自主": 1, "道路": 1, "始终": 2, "适配": 1, "断供": 1, "逼迫": 1, "提前": 1, "10年": 1, "逐年": 1, "加码": 1, "主流": 1, "特定": 1, "缺乏": 1, "重复": 1, "付出": 1, "涌现": 1, "困局": 1, "愈发": 1, "安卓": 7, "难以": 1, "也就是说": 1, "Linux": 1, "半导体": 1, "著名": 1, "创新网": 1, "张国斌": 2, "首创": 1, "底层": 1, "打通": 1, "物理": 1, "边界": 1, "互助": 1, "延": 1, "系统级": 1, "互通": 1, "毫秒": 1, "以内": 1, "毫秒级": 1, "亚毫": 1, "秒级": 1, "工业": 1, "商用": 1, "取代": 1, "谷歌": 1, "友好": 1, "首选": 1, "亦": 1, "诉求": 1, "第十": 1, "亮点": 1, "定制": 1, "适用于": 1, "所属": 1, "特性": 1, "25日": 1, "大张旗鼓": 1, "命名": 1, "MatePad": 3, "Pro": 3, "家族": 1, "添": 1, "成员": 1, "出货量": 1, "连续": 1, "下跌": 1, "连年": 1, "萎缩": 1, "离场": 1, "玩家": 1, "逆势而动": 1, "生产力": 2, "工具": 2, "轻量": 1, "空间": 1, "前景": 1, "旗舰": 1, "场景化": 1, "定义": 1, "启示": 1, "‘": 1, "碰传": 1, "’": 1, "痛点": 1, "提取": 1, "平淡无奇": 1, "看衰": 1, "活力": 1, "辅以": 1, "调用": 1, "多屏": 1, "很快": 1, "联接": 1}