{"华为": 39, "手机": 4, "都": 10, "感到": 1, "陌生": 1, "得益": 1, "增加": 2, "资金": 1, "投入": 1, "创新": 1, "技术": 2, "积累": 1, "国内": 3, "市场": 2, "低端机": 1, "销量": 2, "爆发": 2, "冲击": 1, "高端": 1, "领域": 2, "令人瞩目": 1, "成绩": 1, "小米": 2, "OPPO": 1, "友商": 1, "学习": 1, "榜样": 1, "三星": 1, "苹果": 2, "轻易": 1, "忽视": 1, "劲敌": 1, "回来": 1, "机海": 1, "战术": 1, "背景": 1, "产品": 1, "处境": 1, "挺": 1, "尴尬": 1, "网友": 1, "提问": 1, "：": 2, "拍照": 1, "标杆": 2, "P30": 1, "Pro少": 1, "问津": 2, "P30Pro": 9, "三月份": 1, "登场": 1, "超级": 2, "旗舰": 2, "无论是": 1, "硬件": 1, "配置": 1, "颜值": 1, "打磨": 1, "综合": 2, "素质": 2, "不错": 2, "首发": 1, "徕卡": 1, "认证": 1, "4000万": 1, "主摄": 1, "+": 2, "2000万": 1, "超": 1, "广角": 1, "800万": 1, "长焦": 1, "摄像头": 1, "模组": 1, "达芬奇": 1, "独立": 1, "NPU": 1, "神经元": 1, "驱动": 1, "成片": 1, "速度": 1, "处于": 1, "行业": 2, "顶级": 1, "水准": 1, "白天": 1, "光线": 1, "充足": 1, "情况": 2, "物体": 1, "色彩": 1, "精准": 1, "还原": 1, "弱光": 1, "环境": 2, "开启": 2, "手持": 1, "夜景": 1, "模式": 2, "涂抹感": 1, "暗部": 1, "细节": 1, "保留": 1, "妥妥": 2, "6.39": 1, "英寸": 1, "全视": 1, "觉曲": 1, "面屏": 1, "配合": 1, "带来": 1, "震撼": 1, "视觉": 1, "效果": 1, "四曲面": 1, "玻璃": 1, "后壳": 1, "铝": 1, "中框": 1, "紧密": 1, "贴合": 1, "拥有": 1, "舒适": 1, "握持感": 1, "兼顾": 1, "生活": 1, "防水": 1, "防尘": 1, "运行": 1, "基于": 1, "AndroidQ": 1, "深度": 1, "定制": 1, "EMUI10": 1, "系统": 1, "麒麟": 1, "980": 1, "处理器": 1, "协同": 1, "能力": 1, "软硬件": 1, "组合": 1, "对付": 1, "日常": 1, "APP": 1, "压力": 2, "主流": 1, "游戏": 1, "体验": 1, "帧率": 1, "稳定性": 1, "4200": 1, "毫安": 1, "电池": 1, "符合": 2, "长续航": 1, "需求": 1, "40": 1, "W快": 1, "加持": 1, "如虎添翼": 1, "参数": 1, "层面": 1, "确实": 1, "台": 2, "国产": 1, "机皇": 1, "特性": 1, "回到": 1, "开头": 1, "科技": 1, "咨询": 1, "维修": 1, "师傅": 1, "给出": 1, "三": 1, "原因": 3, "说到": 1, "心坎": 1, "最初": 1, "卖": 1, "5388": 1, "元": 1, "得益于": 1, "前期": 1, "太": 1, "竞品": 2, "匹敌": 1, "CC9Pro": 1, "、": 3, "魅族": 1, "16sPro": 1, "7Pro": 1, "一较高下": 1, "性价比": 2, "出色": 1, "地位": 1, "取代": 1, "人气": 1, "渐渐": 1, "流失": 1, "越来越": 1, "提起": 1, "不得不": 1, "段": 1, "时间": 1, "库克": 1, "反击": 1, "iPhone11": 1, "系列": 1, "iPhoneXR": 1, "降维": 1, "打击": 1, "很": 3, "影响": 3, "毕竟": 2, "品牌": 2, "影响力": 1, "欠缺": 1, "单纯": 1, "情怀": 1, "支撑": 1, "远远": 1, "其三": 1, "三大": 1, "运营商": 6, "推广": 1, "5G": 9, "网络": 8, "强势": 1, "跟进": 1, "全球": 3, "领先": 1, "方案": 1, "解决": 1, "提供商": 1, "留": 1, "余力": 1, "支持": 1, "SA": 1, "NSA": 1, "只能": 1, "加速": 1, "清仓": 1, "难": 1, "保障": 1, "未来": 1, "半年": 1, "之内": 1, "淘汰": 1, "选择": 2, "再见": 1, "面对": 4, "激烈": 1, "整体": 1, "可圈可点": 1, "新品": 1, "接踵而至": 1, "蚕食": 1, "缺乏": 1, "元素": 1, "号召力": 1, "慢慢": 1, "火": 1, "理解": 1, "谈到": 1, "科技界": 1, "新闻": 1, "美国商务部": 1, "列入": 1, "实体": 1, "清单": 1, "无疑": 1, "美国": 11, "此举": 3, "意在": 1, "禁止": 2, "进口": 1, "零部件": 3, "意味着": 1, "不再": 1, "公平": 1, "商业": 2, "竞争": 1, "唯一": 1, "超级大国": 1, "施压": 1, "刚": 1, "所有人": 1, "招架": 1, "害怕": 1, "站": 1, "队": 1, "连带": 1, "报复": 1, "企业": 1, "国家": 4, "立马": 1, "落井下石": 1, "澳大利亚": 1, "新西兰": 1, "明令": 1, "采用": 2, "设备": 12, "想到": 1, "深谙": 1, "欲": 1, "戴": 1, "皇冠": 1, "必承其重": 1, "道理": 1, "重压": 1, "危机": 1, "惊人": 1, "凝聚力": 1, "顽强": 1, "意志力": 1, "全体": 1, "员工": 1, "努力": 1, "2019年": 1, "营收": 2, "增长远": 1, "超前": 1, "高达": 1, "24.8%": 1, "副总裁": 1, "何刚": 1, "即将": 1, "到来": 1, "时代": 1, "65": 1, "份": 1, "合同": 1, "发出": 1, "40多万": 1, "基站": 1, "业务": 2, "一落千丈": 1, "去年": 2, "提前": 1, "85": 1, "达成": 2, "2亿": 1, "目标": 1, "实在": 2, "佩服": 1, "情景": 1, "特朗普": 2, "为首": 2, "政府": 1, "只好": 1, "寻": 1, "坏": 1, "主意": 1, "打到": 1, "客户": 2, "身上": 1, "众所周知": 1, "一个": 2, "海外": 1, "收入": 1, "占": 1, "一半": 1, "国际化": 1, "比重": 1, "公司": 1, "欧洲": 1, "很多": 1, "电信": 6, "长": 1, "10年": 1, "友好": 1, "合作": 3, "关系": 3, "盟友": 2, "正是": 1, "利用": 1, "先决条件": 1, "谆谆善诱": 1, "威胁": 1, "相加": 1, "旨在": 1, "国": 1, "放弃": 1, "建设": 2, "无耻": 1, "还给": 1, "戴上": 1, "风险": 1, "帽子": 1, "只不过": 1, "傻子": 1, "自然": 1, "真实": 1, "德国": 3, "爆出": 1, "思科": 1, "发现": 1, "13": 1, "遭遇": 1, "窃听": 1, "漏洞": 1, "1": 1, "迫于": 1, "做出": 2, "违背": 1, "良心": 1, "日前": 1, "项": 1, "针对": 1, "举措": 1, "亚洲": 1, "比例": 1, "降至": 1, "零": 1, "拆除": 1, "更换": 4, "铲除": 1, "为止": 1, "作出": 1, "掩耳盗铃": 1, "一句话": 1, "这是": 1, "元器件": 1, "更新": 1, "流程": 1, "理由": 1, "太过": 1, "无语": 1, "门外汉": 1, "一家": 1, "通讯": 1, "供应": 1, "商会": 1, "频繁": 1, "供应商": 2, "通信": 1, "稳定": 1, "维护": 1, "极大": 1, "困难": 2, "成本": 2, "损耗": 1, "大规模": 1, "配件": 1, "利润": 1, "大幅度": 1, "降低": 1, "背后": 1, "显而易见": 1, "阴谋": 1, "总裁": 1, "任正非": 1, "风雨": 1, "淡然": 1, "豁达": 1, "强求": 1, "不用": 1, "坏处": 1, "接下来": 1, "致力于": 1, "服务": 1, "享受": 1, "先进": 1, "领头鸟": 1, "本该": 1, "大展宏图": 1, "觊觎": 1, "束缚": 1, "遗憾": 1, "小编": 1, "依然": 1, "坚信": 1, "实力": 2, "证明": 1, "钥匙": 1, "公道": 1, "自在": 1, "人心": 1, "克服": 1}