{"彭博社": 4, "报道": 30, "美国": 86, "特朗普": 12, "政府": 22, "商务部": 1, "5月": 10, "15日": 4, "华为": 265, "列入": 21, "贸易": 22, "管制": 6, "实体名单": 12, "切断": 2, "生产": 11, "产品": 37, "所需": 1, "公司": 75, "软件": 61, "硬件": 15, "供应": 10, "此后": 1, "顶级": 3, "科技": 20, "企业": 25, "芯片": 44, "制造商": 6, "谷歌": 59, "中止": 4, "关键": 8, "零部件": 5, "路透社": 30, "业务": 43, "未来": 6, "只能": 10, "安卓": 79, "(": 10, "Android": 8, ")": 9, "手机": 73, "操作": 24, "系统": 65, "开源": 14, "公共": 3, "版本": 29, "这位": 2, "透露": 6, "姓名": 1, "人士": 19, "提供": 23, "地图": 1, "、": 136, "搜索": 1, "Gmail": 7, "拥有": 4, "专利权": 2, "程序": 7, "服务": 36, "妨碍": 1, "智能": 20, "海外": 5, "销售": 6, "三星": 3, "电子": 8, "Samsung": 1, "Electronics": 1, "Co.)": 1, "全球": 30, "品牌": 3, "此前": 4, "为数不多": 1, "功能": 7, "合作": 11, "伙伴": 7, "称": 32, "发言人": 16, "更新": 10, "售出": 2, "升级": 9, "知情": 8, "包括": 13, "英特尔": 4, "Intel": 1, "高通": 11, "Qualcomm": 1, "赛灵思": 2, "Xilinx": 1, "博通": 5, "Broadcom": 1, "在内": 4, "员工": 4, "接到": 1, "进一步": 4, "通知": 1, "供货": 4, "影响": 44, "这家": 2, "网络": 14, "设备": 33, "供应商": 24, "第二": 7, "运营": 4, "阻止": 2, "部件": 3, "扰乱": 1, "美光": 2, "Micron": 1, "Technology": 1, "Inc.": 1, "巨头": 3, "阻碍": 3, "中国": 36, "各国": 1, "5G": 6, "部署": 2, "命令": 4, "实施": 2, "半导体": 17, "行业": 6, "连锁": 1, "服务器": 2, "款": 2, "处理器": 2, "调制解调器": 1, "用于": 2, "编程": 1, "交换": 2, "一个": 26, "对此": 7, "代表": 6, "均": 3, "拒绝": 2, "回答": 1, "记者": 10, "提问": 1, "罗森布拉特": 1, "证券": 3, "分析师": 4, "Ryan": 2, "Koontz": 2, "依赖": 6, "陷入": 1, "瘫痪": 1, "禁令": 11, "导致": 6, "推迟": 1, "解除": 1, "储备": 1, "足够": 3, "足以": 1, "至少": 3, "三": 3, "运行": 8, "2018年": 8, "年中": 1, "可能性": 2, "设计": 9, "囤积": 1, "极端": 3, "情况": 14, "通讯": 2, "部门": 3, "遭遇": 1, "挫败": 1, "领域": 8, "倒退": 1, "多年": 6, "视为": 1, "战争": 1, "失败": 1, "电信": 5, "市场": 27, "美国商务部": 13, "实体": 5, "清单": 6, "再次": 1, "进口": 2, "产业": 9, "敲响": 1, "警钟": 1, "程度": 6, "国产": 10, "厂商": 16, "带来": 13, "机会": 4, "国际": 6, "先进": 2, "水平": 2, "差距": 3, "理性": 3, "看待": 2, "替代": 18, "这两年": 1, "感觉": 1, "整机厂": 1, "东西": 1, "都": 33, "感": 1, "兴趣": 1, "主动": 2, "接触": 1, "厂家": 8, "接近": 4, "很": 23, "难": 7, "关系": 3, "找": 2, "华进": 1, "封装": 1, "先导": 1, "技术": 32, "研发": 18, "中心": 2, "有限": 7, "董事长": 1, "协会": 1, "副": 1, "理事长": 1, "燮康": 1, "接受": 11, "第一": 7, "财经": 2, "采访": 12, "呼吁": 1, "整机": 2, "迎新": 1, "机遇": 3, "国内": 17, "一EDA": 1, "备胎": 6, "议价": 1, "筹码": 1, "局部": 5, "中兴": 3, "事件": 9, "的确": 2, "客户": 8, "态度": 1, "改变": 6, "披露": 1, "名单": 4, "去年": 3, "核心": 10, "共有": 1, "92": 2, "占": 3, "最多": 2, "33": 3, "占比": 5, "36%": 1, "24": 1, "比例": 1, "27%": 1, "类别": 1, "划分": 1, "集成": 6, "电路": 5, "依赖度": 1, "颇": 1, "光纤通信": 1, "零件": 1, "NeoPhotonic": 1, "一半": 2, "收入": 6, "来自于": 2, "一家": 5, "光学": 1, "元件": 1, "Lumentum": 1, "Holdings": 1, "仅次于": 2, "苹果": 3, "17日": 4, "凌晨": 5, "旗下": 4, "海思": 14, "总裁": 15, "何庭波": 6, "封": 3, "内部": 6, "信中": 2, "启用": 3, "计划": 10, "兑现": 2, "持续": 17, "承诺": 6, "确保": 3, "大部分": 5, "战略": 4, "连续": 4, "这是": 7, "历史": 2, "选择": 4, "打造": 7, "夜": 2, "之间": 3, "‘": 2, "转正": 2, "’": 2, "！": 6, "随后": 4, "概念": 2, "炒热": 1, "20日": 5, "概念股": 1, "集体": 2, "涨停": 3, "开盘": 1, "兴森": 2, "实达": 1, "集团": 4, "华天": 2, "诚迈": 1, "星星": 1, "力源": 1, "信息": 4, "全线": 1, "断供": 5, "损失": 3, "大额": 1, "订单": 5, "媒体": 6, "110亿": 1, "美元": 3, "谈": 4, "国盛": 2, "研究所": 1, "所长": 1, "助理": 1, "首席": 2, "郑震湘": 2, "第三": 2, "金主": 1, "拉": 2, "库存": 1, "名": 3, "4月份": 1, "美": 2, "争端": 1, "相关": 13, "指出": 13, "非核心": 1, "非A": 1, "产品线": 4, "板子": 1, "颗": 1, "大幅度": 1, "提升": 7, "采购额": 4, "300亿": 1, "五大": 1, "器件": 1, "CPU\\": 1, "GPU": 16, "ADDA": 2, "存储": 11, "\\射": 1, "频": 1, "CPU": 2, "解决": 19, "用量": 1, "将近": 1, "百亿": 1, "美金": 1, "预计": 7, "三年": 3, "翻倍": 1, "合肥": 1, "长鑫": 1, "长江": 1, "陆陆续续": 1, "推进": 2, "；": 14, "FPGA": 1, "迭代": 6, "快": 6, "紫光": 1, "同创": 1, "安路": 1, "模拟": 3, "传感器": 1, "韦尔": 1, "股份": 2, "+": 2, "豪威": 1, "圣邦": 1, "矽": 1, "立杰": 1, "功率": 1, "闻泰": 1, "士兰微": 1, "扬杰": 1, "代工": 2, "封测": 2, "中芯国际": 1, "长电": 2, "通富": 1, "微电": 1, "下半年": 2, "国产化": 3, "很多": 4, "零": 2, "年底": 1, "提到": 3, "个位数": 1, "导入": 2, "速度": 3, "基金": 1, "密集": 1, "突破": 2, "危机": 1, "并存": 1, "SEMI": 1, "副总裁": 1, "中国区": 1, "居龙": 2, "比如说": 3, "材料": 3, "关税": 1, "将来": 1, "国外": 3, "贵": 1, "可靠": 3, "禁运": 1, "来源": 9, "一味": 1, "推崇": 1, "发展": 12, "困境": 1, "必需": 1, "毕竟": 1, "太": 2, "7nm": 1, "5nm": 1, "制程": 1, "提出": 2, "EDA": 4, "Cadence": 1, "Mentor": 1, "Synopsys": 1, "占有率": 2, "超过": 7, "95%": 1, "类似": 4, "段": 1, "距离": 1, "假如说": 1, "短期": 2, "之内": 1, "不行": 1, "停顿": 1, "二三十年": 2, "尽量": 1, "减少": 5, "依赖性": 1, "告诉": 3, "三大": 3, "基本上": 1, "长项": 1, "数字": 2, "反正": 1, "整体": 2, "包围": 1, "壁垒": 2, "：": 34, "全流程": 1, "五": 2, "单独": 1, "覆盖": 4, "一下子": 1, "开放": 11, "切口": 1, "平台": 13, "肯定": 3, "涉及": 8, "数据": 6, "导出": 1, "借用": 1, "格式": 1, "前提": 1, "工具": 3, "接口": 2, "对方": 1, "意识": 1, "威胁": 8, "设置": 1, "障碍": 3, "制造": 1, "产业链": 2, "太平洋": 1, "刘翔": 3, "份": 5, "研报": 1, "在于": 3, "才": 3, "自主": 3, "可控": 1, "终极": 1, "追求": 3, "赛迪": 1, "顾问": 1, "显示": 4, "规模": 1, "128.2亿": 1, "自给率": 1, "12%": 1, "禁售": 1, "刨除": 1, "原材料": 1, "备货": 1, "因素": 3, "并无二致": 1, "放": 1, "世界": 3, "身上": 1, "别无二致": 1, "全球化": 2, "不少": 4, "业内": 1, "才能": 5, "提高": 2, "环节": 1, "终端": 14, "竞争力": 3, "给予": 3, "信赖": 1, "容忍度": 1, "看似": 2, "牺牲": 1, "利益": 4, "顾全": 1, "长期": 7, "做法": 5, "欣慰": 2, "众多": 2, "耿直哥": 2, "环球": 3, "时报": 3, "英国": 3, "传来": 1, "条": 4, "开拓": 1, "不利": 1, "消息": 15, "绞杀": 1, "专利": 6, "说法": 7, "上周": 2, "国家": 13, "交易": 2, "项目": 4, "分析": 10, "意味着": 4, "后续": 1, "诸如": 2, "Google": 7, "Play": 10, "Youtube": 1, "Chrome": 2, "系列": 6, "境外": 5, "现有": 8, "打击": 2, "接下来": 1, "推出": 5, "否认": 3, "履行": 1, "法律": 6, "法规": 1, "评估": 5, "潜在": 2, "细节": 5, "确认": 4, "下载": 6, "未": 7, "境内": 1, "欧洲": 6, "非洲": 2, "中东": 2, "亚洲": 3, "地方": 1, "变化": 2, "冲击": 5, "不用说": 1, "好不容易": 1, "攀升": 1, "地位": 2, "专家": 8, "用户": 36, "习惯": 1, "一时间": 2, "心中": 1, "承担": 1, "转而": 1, "确实": 2, "消费者": 23, "值得一提的是": 1, "3月": 2, "CEO": 3, "徐承东": 1, "指": 3, "B": 1, "熟悉": 1, "推广": 1, "独立": 2, "做出": 2, "生态": 19, "支持": 8, "开发": 21, "构建": 2, "生态链": 1, "挑战": 4, "19日": 3, "字母表": 1, "暂停": 11, "不再": 2, "原始码": 1, "许可": 6, "软硬件": 5, "转让": 3, "沉重": 1, "内": 1, "寻求": 1, "封杀": 1, "备有": 1, "应急": 3, "最新": 5, "遵守": 4, "审查": 2, "此举": 6, "访问": 8, "权限": 4, "新一代": 1, "Store": 3, "热门": 4, "公开": 10, "专有": 3, "开放源": 1, "代码": 9, "AOSP": 3, "供": 1, "免费": 3, "活跃": 1, "数量": 2, "25亿": 1, "准入": 1, "意料": 1, "之中": 1, "外界": 2, "不得而知": 1, "项": 3, "以防": 1, "有一天": 1, "禁止": 9, "轮值": 2, "主席": 2, "徐": 1, "直军": 1, "料": 2, "报复": 1, "不以为意": 1, "无论如何": 1, "社区": 5, "合法": 5, "权利": 3, "源代码": 1, "▲": 8, "徐直军": 1, "商店": 7, "浏览器": 2, "流行": 2, "许可证": 1, "签订": 2, "商业": 3, "协议": 3, "运营商": 5, "黑名单": 8, "腾讯": 2, "百度": 2, "自特朗普": 1, "16日": 3, "正式": 4, "供应链": 3, "关注": 4, "焦点": 1, "质疑": 3, "能力": 22, "创始人": 5, "兼": 4, "任正非": 27, "18日": 6, "日本": 9, "日经": 2, "评论": 8, "出售": 6, "为此": 6, "做好": 9, "首次": 3, "抨击": 3, "坚称": 3, "违法": 3, "任由": 1, "华盛顿": 1, "摆布": 1, "管理": 8, "管控": 3, "表达": 3, "前景": 3, "信心": 5, "增长": 9, "放缓": 10, "小幅": 4, "补充": 3, "年度": 4, "略": 4, "低于": 4, "20%": 4, "接二连三": 3, "政策": 5, "冒险": 3, "信誉": 3, "本土": 3, "请求": 3, "参考": 2, "捅": 1, "自己人": 1, "刀": 1, "每日": 3, "经济": 10, "新闻": 9, "编辑": 3, "杨运": 1, "当地": 3, "时间": 6, "签署": 3, "总统令": 1, "紧急": 4, "状态": 5, "权力": 1, "工业": 3, "安全局": 3, "BIS": 2, "购买": 5, "配件": 1, "元器件": 2, "感到": 2, "发布": 18, "朋友圈": 2, "刷屏": 1, "总体而言": 1, "实属": 1, "输": 1, "遭受": 1, "出口": 4, "大规模": 3, "供应商们": 1, "一览": 1, "公布": 1, "总部": 2, "大陆": 1, "25": 1, "11": 3, "台湾": 1, "10": 2, "地区": 3, "13": 1, "图片": 2, "官方": 3, "耳熟能详": 1, "佳讯": 1, "科尔沃": 1, "西林克斯": 1, "飞通": 1, "统计": 1, "Flex": 1, "伟创力": 1, "营收": 3, "金额": 2, "24亿": 1, "元": 4, "富士康": 1, "20亿": 1, "资料": 2, "复合III-V": 1, "基础": 9, "设施": 1, "排名": 1, "15亿": 1, "无线": 3, "SoC": 1, "基站": 1, "镁光": 1, "希捷": 1, "7亿": 1, "8亿": 1, "中小型": 1, "一类": 1, "存活": 1, "官网": 1, "经营": 4, "健康": 2, "财务": 2, "稳健": 1, "合计": 1, "80%": 2, "关心": 2, "美洲": 1, "21.3%": 1, "绝大部分": 1, "下图": 1, "营业": 1, "利润": 1, "活动": 1, "现金流": 1, "概要": 1, "创新": 10, "10年": 1, "累计": 2, "投入": 6, "费用": 1, "人民币": 1, "4800亿": 1, "截至": 2, "12月": 1, "31日": 1, "授权": 1, "87805": 1, "件": 1, "90%": 1, "发明": 1, "年报": 1, "提前": 1, "风险": 13, "要素": 3, "办致": 1, "此次": 1, "出于": 3, "政治": 3, "目的": 2, "打压": 3, "惊讶": 1, "研究": 2, "连续性": 1, "保障": 1, "小编": 1, "翻阅": 1, "报时": 1, "发现": 6, "提示": 1, "18": 2, "展望": 1, "期内": 1, "竞争": 4, "格局": 1, "声誉": 1, "状况": 2, "成果": 3, "长远": 1, "外部": 1, "描述": 1, "宏观": 2, "环境": 4, "面临": 7, "下行": 1, "地缘": 1, "紧张": 2, "局势": 2, "摩擦": 1, "不确定性": 2, "金融": 1, "积累": 5, "内外部": 1, "增加": 4, "区域": 1, "识别": 2, "调整": 3, "策略": 1, "保护主义": 1, "措施": 7, "加剧": 1, "始终": 4, "进出口": 1, "商们": 1, "生活": 1, "方式": 3, "多重": 1, "规则": 6, "重塑": 1, "多边": 1, "体制": 1, "削弱": 1, "组织": 2, "成员": 1, "磋商": 1, "改革": 1, "大型": 1, "区域性": 1, "自贸": 1, "协定": 1, "谈判": 1, "落定": 1, "全球性": 1, "遵从": 5, "置于": 1, "之上": 1, "A股": 1, "股": 2, "涨": 1, "大涨": 1, "个股": 1, "6": 4, "股价": 1, "暴跌": 1, "逾": 1, "500亿": 1, "市值": 1, "蒸发": 1, "本文": 1, "每经网": 1, "智元": 2, "综合": 2, "心声": 2, "导读": 1, "回应": 7, "余承东": 3, "提及": 2, "或许": 2, "自研": 4, "问世": 2, "远": 3, "取消": 2, "The": 1, "Verge": 1, "证实": 2, "往来": 3, "透漏": 1, "未经": 3, "批准": 3, "APP": 3, "可用": 2, "加拿大": 1, "度": 3, "美方": 8, "事务部": 1, "否决": 1, "P30": 2, "国行": 1, "发布会": 5, "方舟": 5, "编译器": 8, "底层": 6, "优化": 9, "势在必行": 1, "硬": 5, "实力": 8, "近日": 1, "CBG": 7, "软件部": 2, "王成录": 1, "文": 2, "详解": 1, "阐述": 1, "深层": 2, "硬核": 5, "全文": 1, "王": 1, "成录": 1, "4": 1, "上海": 3, "听上去": 1, "晦涩": 1, "新名词": 1, "——": 3, "登上": 1, "知乎": 3, "热搜榜": 1, "引发": 1, "IT": 1, "从业者": 1, "数码": 1, "博主": 1, "资深": 1, "码农": 1, "极大": 2, "热议": 1, "原生": 10, "AOT/JIT": 1, "Ahead": 1, "Time/Just": 1, "Time": 1, "区别": 1, "意义": 1, "网友": 10, "深浅": 1, "讨论": 7, "不亦乐乎": 1, "诸多": 1, "跟帖": 1, "精彩纷呈": 1, "不得不": 2, "高手": 1, "民间": 1, "代表性": 1, "昨天": 4, "惊喜": 1, "如今": 1, "年代": 2, "消费": 1, "一大": 1, "亮点": 1, "介绍": 1, "加上": 4, "迈进": 1, "自建": 1, "梦想": 2, "高级": 1, "语言": 3, "转换": 1, "机器": 1, "指令": 3, "理解": 1, "桥梁": 2, "价值": 4, "简单": 3, "座": 2, "顺畅": 1, "顽疾": 3, "深度": 4, "革新": 1, "注入": 2, "生命力": 2, "反馈": 3, "越来越": 8, "认可": 3, "依然": 1, "流畅": 1, "玩": 1, "游戏": 13, "体验": 24, "佳": 1, "吐槽": 2, "归功": 1, "快速": 8, "全栈": 8, "深知": 1, "探索": 1, "瞄准": 1, "5": 3, "亿": 4, "网": 1, "EMUI": 23, "围绕": 1, "故事": 2, "年前": 2, "说起": 1, "面向": 2, "3": 4, "负责": 3, "2012": 1, "实验室": 2, "中央": 1, "软件院": 1, "7": 2, "月份": 1, "余总": 1, "电话": 1, "来到": 1, "工作": 7, "心情": 1, "兴奋": 2, "忐忑": 2, "伊始": 1, "紧密": 2, "心目": 1, "工业化": 1, "不啻": 1, "虚拟": 1, "1": 1, "建筑": 1, "建造": 2, "宏伟": 1, "殿堂": 1, "过程": 5, "世界级": 1, "随之而来": 1, "全新": 1, "标准化": 2, "完备": 1, "标准": 6, "ITU": 1, "3GPP": 1, "IETF": 1, "实际上": 3, "架构": 13, "网元": 1, "流程": 2, "规范": 3, "IPD": 5, "交付": 7, "目标": 8, "需求": 6, "清晰": 3, "汇聚": 1, "几百": 1, "百分之七十": 1, "日常": 1, "维护": 6, "主体": 1, "专业化": 1, "训练": 1, "运维": 1, "人员": 2, "准确": 2, "大为": 1, "最终": 6, "留下": 1, "iOS": 4, "封闭": 1, "框定": 1, "保证": 4, "主导": 1, "Design": 1, "Reference": 1, "取舍": 1, "扩展": 1, "海量": 2, "第三方": 3, "APPs": 5, "交互": 2, "详细": 4, "统一": 4, "定位": 1, "用户群": 1, "适配": 2, "修改": 3, "碎片化": 4, "准绳": 1, "树立": 1, "牢固": 1, "领先": 2, "形象": 1, "团队": 22, "聚焦": 3, "痛点": 1, "飞行": 2, "中换": 1, "引擎": 3, "最佳": 3, "首要": 1, "调查": 2, "访谈": 1, "很快": 1, "最为": 1, "诟病": 1, "卡顿": 8, "热爱": 1, "同事": 1, "讲述": 1, "经历": 3, "大屏": 1, "2013": 1, "S": 3, "H": 1, "配置": 8, "晚": 2, "都会": 1, "消耗": 1, "百分之十几": 1, "电量": 1, "忍受": 1, "死机": 3, "家常便饭": 1, "重启": 1, "清理": 1, "内存": 3, "勉强": 2, "稳定性": 2, "流畅性": 1, "啃": 1, "下卡顿": 1, "硬骨头": 1, "成立": 4, "特战组": 2, "攻关": 3, "四百多": 1, "台": 2, "几十": 1, "机型": 3, "反复": 2, "重现": 1, "四": 3, "主因": 2, "1.": 1, "松散": 2, "资源": 15, "缺少": 1, "建": 1, "道路": 2, "交通": 2, "拥塞": 1, "混乱": 1, ".": 2, "协同": 5, "缺乏": 1, "仅仅": 3, "RAM": 2, "调度": 4, "碎片": 3, "累积": 1, "效应": 1, "日益": 1, "读": 1, "写": 1, "下降": 1, "频繁": 1, "加重": 1, "4.": 1, "膨胀": 2, "头部": 1, "堆积": 1, "急剧": 2, "抢占": 1, "拖累": 1, "见招": 1, "拆招": 1, "被动": 1, "应对": 3, "拿出": 2, "方案": 9, "本身": 1, "极其": 3, "庞大": 2, "行数": 3, "动手术": 1, "可想而知": 1, "兼容性": 2, "有没有": 1, "预定": 1, "带": 1, "酿成": 1, "事故": 1, "畏缩不前": 1, "放手一搏": 1, "细致": 2, "研判": 2, "决心": 1, "破釜沉舟": 1, "干": 3, "诊断": 1, "药方": 1, "一一": 1, "人工": 1, "侧": 2, "判断": 3, "特征": 1, "计算": 1, "密集型": 3, "IO": 2, "感知": 1, "Input": 1, "/": 2, "Output": 1, "AI": 3, "算法": 1, "匹配": 1, "整理": 2, "回收": 1, "空闲": 1, "占用": 1, "空间": 1, "过度": 1, "天生": 2, "一生": 2, "原理": 1, "抽屉式": 2, "替换": 9, "激进": 1, "文件": 15, "诞生": 1, "之初": 1, "Linux": 2, "最初": 1, "长": 1, "继承": 1, "Flash": 3, "友好": 1, "F2FS": 6, "Friendly": 1, "File": 1, "System": 1, "量身定做": 1, "友商": 3, "原创": 1, "率先": 4, "好比": 2, "器官": 1, "移植": 1, "手术": 1, "复杂度": 1, "仔细": 2, "验证": 1, "半年": 1, "高复": 1, "杂度": 1, "高风险": 1, "决策": 2, "顾虑": 1, "果断": 2, "拍板": 1, "军令状": 1, "搞不定": 1, "军法": 1, "处置": 1, "得益": 1, "胆大心细": 1, "执行力": 1, "成功": 2, "全方案": 1, "组成部分": 2, "2016": 3, "伴随": 1, "Mate": 2, "9": 2, "5.0": 2, "安卓卡顿": 1, "易懂": 1, "名字": 1, "不卡顿": 1, "吹牛": 1, "现实": 1, "阵营": 2, "甩掉": 1, "帽子": 1, "2018": 5, "吸收": 1, "受益": 2, "贡献": 3, "至今": 1, "Pixel": 1, "基于": 4, "难能可贵": 1, "逼迫": 1, "退路": 1, "战边": 1, "宝贵": 1, "经验": 6, "尝": 1, "甜头": 1, "考题": 1, "初步": 1, "信任": 2, "起点": 1, "走向": 3, "深水区": 2, "息息相关": 1, "相较于": 1, "玩家": 2, "自律": 1, "自觉": 1, "恰当": 1, "修好": 1, "高速": 1, "公路": 1, "设想": 1, "上路": 2, "自然": 1, "机动车": 2, "牛车": 1, "马车": 1, "三轮车": 1, "行人": 1, "交警": 1, "优先级": 1, "拥堵": 1, "常态": 1, "尤甚": 1, "端侧": 1, "高效": 4, "整洁": 1, "鱼龙混杂": 1, "种类": 1, "繁多": 1, "链接": 1, "安装": 4, "App": 2, "木马": 1, "恶意": 2, "引导": 1, "伪装": 1, "后台": 1, "无限制": 1, "申请": 2, "Apps": 1, "病从口入": 1, "受损": 1, "随大流": 1, "牵头": 1, "竖起": 1, "大旗": 1, "联合": 4, "重量级": 1, "净化": 1, "优质": 1, "还给": 1, "已然": 1, "迈出": 1, "前期": 1, "沟通": 1, "14": 1, "阿里巴巴": 1, "网易": 1, "发起": 4, "绿色": 9, "联盟": 6, "非盈利性": 1, "希望": 4, "可信": 1, "极致": 2, "带给": 1, "智慧": 2, "陆续": 1, "1.0": 1, "2.0": 1, "涵盖": 1, "功耗": 2, "性能": 5, "会员": 1, "1000": 1, "主流": 1, "千": 1, "测试": 6, "真机": 1, "开发者": 4, "远程": 1, "登录": 1, "即可": 3, "执行": 2, "分享": 1, "效率": 4, "打上": 1, "标记": 1, "质量": 10, "一目了然": 1, "安心": 1, "协作": 1, "绿盟": 1, "牵引": 1, "Top": 1, "3000": 1, "降低": 2, "高功耗": 1, "滥用": 2, "互联网": 4, "参与者": 2, "共享": 1, "AR": 1, "加速": 1, "工作组": 1, "壮大": 2, "盏": 1, "明灯": 1, "优胜劣汰": 1, "吓人": 3, "Turbo": 11, "背后": 4, "北京": 1, "跟风": 1, "论坛": 1, "迅猛": 1, "超乎": 1, "预料": 1, "手游": 3, "早": 3, "占据": 1, "半壁江山": 1, "王者": 1, "荣耀": 4, "吃": 1, "鸡": 1, "硬核化": 1, "普及": 1, "图形": 4, "推向": 1, "前所未有": 1, "高度": 1, "受限于": 1, "ARM": 1, "Mali": 1, "PK": 1, "增多": 1, "堆料": 1, "软硬": 1, "视野": 1, "马上": 1, "启动": 1, "2017": 1, "场": 2, "中西合璧": 1, "针对": 2, "给出": 1, "思路": 1, "并非": 1, "一马平川": 1, "无数": 1, "尝试": 1, "推倒": 1, "重来": 1, "胜": 1, "举杯": 1, "同庆": 1, "败则": 1, "拼死": 1, "救": 1, "芬兰": 1, "俄罗斯": 1, "深圳": 2, "杭州": 1, "南京": 1, "专家们": 1, "昼夜": 1, "达成": 1, "预期": 2, "说出": 1, "业界": 4, "逻辑": 1, "违反": 1, "常理": 1, "充足": 1, "底气": 1, "Pipeline": 1, "队列": 1, "CPU/GPU": 1, "OPEN": 1, "GL": 1, "图形库": 1, "解读": 1, "重构": 2, "负载": 1, "清洗": 1, "完整": 1, "自信": 1, "敢于": 1, "现场": 2, "知名": 1, "直播": 1, "搭载": 1, "同款": 1, "对决": 1, "帧率": 1, "抖动率": 1, "掉帧": 1, "耗电": 1, "硬指标": 1, "获胜": 1, "小时": 1, "实时": 1, "对战": 1, "见识": 1, "上市": 3, "反响": 1, "超出": 1, "自发": 1, "评测": 1, "坐稳": 1, "艰辛": 1, "汗水": 1, "参与": 1, "弟兄们": 1, "不眠之夜": 1, "记": 1, "不得了": 1, "牢记": 1, "潜心": 1, "观念": 1, "口碑": 1, "王道": 1, "工程": 6, "月初": 1, "余热": 1, "散去": 1, "忽然": 1, "投诉": 1, "营销": 1, "某款": 1, "场景": 2, "花屏": 2, "究竟": 1, "热炒": 1, "内容": 1, "纷至沓来": 1, "声音": 1, "2MB": 1, "补丁": 4, "包": 1, "好评": 1, "刺激": 1, "战场": 1, "修复": 2, "独有": 1, "具备": 2, "这几年": 1, "构筑": 2, "主干": 13, "解耦": 10, "自动化": 2, "生成": 3, "工欲善其事": 1, "必先利其器": 1, "器": 1, "强大": 1, "Kirin": 2, "MTK": 2, "物理": 1, "仓库": 1, "拉出": 1, "分支": 2, "特性": 2, "经理": 1, "手工": 1, "挑": 1, "极为": 1, "低下": 1, "无从": 1, "单产品": 1, "一致性": 1, "可继承性": 1, "存量": 1, "全网": 1, "致使": 1, "工作量": 1, "重复": 1, "低效": 1, "继承性": 1, "人困马乏": 1, "即将": 1, "到来": 1, "立项": 1, "采用": 2, "运作": 1, "模式": 3, "OS": 3, "通信": 1, "模块": 1, "纳入": 2, "规划": 2, "同源": 3, "对齐": 1, "定下": 1, "通共": 1, "并入": 1, "至此": 1, "兼容": 1, "合入": 1, "受控": 1, "优先": 1, "出版本": 2, "轮": 1, "全量": 1, "传承": 1, "折磨": 1, "收益": 2, "痛苦": 2, "值得": 1, "骨架": 2, "总代码": 1, "倍": 1, "更改量": 1, "增量": 1, "千万行": 1, "模糊": 1, "耦合": 1, "新增": 1, "变更": 1, "BUG": 1, "血肉": 1, "混作": 1, "团": 1, "牵一发而动全身": 1, "事情": 1, "感谢": 1, "总和": 1, "何刚": 1, "人力": 3, "40%": 1, "架构部": 1, "担起": 1, "使命": 1, "8": 1, "胡征": 1, "挂帅": 1, "研讨": 1, "激烈": 1, "争论": 1, "终于": 1, "这项": 1, "组件": 1, "吸纳": 1, "优秀": 1, "实践": 2, "走": 1, "最前沿": 1, "紧耦合": 1, "自动": 2, "渠道": 2, "低": 1, "档机": 1, "组合": 1, "上万": 1, "自行": 1, "CCM": 1, "编译": 1, "汗马功劳": 1, "抽象": 1, "一个个": 1, "参数": 1, "总参": 1, "几千": 1, "选定": 1, "键": 1, "下发": 1, "套": 1, "上线": 1, "节省": 1, "差错": 1, "平稳": 1, "日活": 1, "支撑": 1, "新机": 1, "学习": 1, "注重": 1, "互联网化": 2, "DevOps": 3, "话题": 1, "想": 2, "体会": 1, "中间件": 2, "一概": 1, "年轻": 1, "放弃": 1, "不尽合理": 1, "误导": 2, "领导": 1, "认知": 1, "片面": 1, "年轻化": 1, "灾难": 1, "上层": 2, "年轻人": 1, "脱离": 1, "思想": 1, "落实": 1, "上架": 1, "接近于": 1, "扎扎实实": 1, "Copy": 1, "落后": 1, "把握": 1, "诉求": 1, "适宜": 1, "结语": 1, "2019": 1, "换机": 1, "周期": 1, "拉长": 1, "增速": 1, "饱和": 1, "甩开": 1, "对手": 1, "发力": 1, "配合": 1, "源源不断": 1, "理由": 2, "充满": 1, "期待": 1, "夯实": 1, "路": 1, "永无止境": 1, "周日": 2, "Alphabet": 2, "持有": 1, "保护": 1, "举动": 1, "YouTube": 2, "周四": 1, "极难": 1, "同行": 2, "上周五": 1, "缩减": 1, "中断": 3, "伤害": 2, "周五": 1, "律师": 1, "置评": 1, "发表": 4, "68": 1, "关联": 1, "外交部": 7, "陆慷": 7, "例行": 3, "记者会": 3, "错误": 1, "泛化": 2, "特定": 1, "歧视性": 2, "违背": 1, "公平": 2, "原则": 1, "符合": 1, "中方": 7, "权益": 4, "LWC": 1, "联想": 23, "声明": 3, "诉诸": 2, "手段": 2, "追究": 2, "造谣者": 4, "责任": 2, "最先": 1, "谣言": 6, "灰机": 3, "道歉": 4, "单一": 1, "敏感": 1, "时间点": 1, "鲁莽": 1, "地下": 1, "夸张": 1, "辟": 1, "谣断": 1, "供华": 2, "停供": 1, "晚间": 1, "在知乎": 1, "新华社": 2, "70": 1, "附属": 2, "添加": 1, "发酵": 1, "谴责": 1, "微信": 1, "公号": 1, "辟谣": 1, "挨个": 1, "查证": 1, "从未": 1, "查": 1, "网上": 1, "不实之词": 1, "传播者": 1, "连夜": 1, "取证": 1, "不明": 1, "势力": 1, "舆论": 1, "攻击": 2, "广度": 1, "超": 1, "汇报": 1, "勿": 1, "传言": 1, "PC": 1, "所在": 1, "合规": 1, "条例": 1, "多事之秋": 1, "渡": 1, "难关": 1, "英文版": 1, "获悉": 1, "办公": 1, "电脑": 3, "停止": 1, "上午": 1, "散布": 1, "封锁": 1, "爆料": 1, "从头至尾": 1, "回复": 2, "致歉": 2, "推测": 1, "情绪化": 1, "输出": 1, "网民": 1, "措辞": 1, "更为": 1, "严谨": 1, "下笔": 1, "三思": 1, "公众号": 1, "留言": 1, "起诉": 1, "篇": 1, "名为": 1, "文章": 2, "有限公司": 2, "子公司": 1, "暗示": 1, "公开信": 1, "写道": 1, "预见": 1, "后备": 1, "发送": 1, "挽狂": 1, "澜于": 1, "倒": 1, "自立": 1, "侧面": 1, "备用": 1, "位于": 1, "2004年": 1, "前身": 1, "创建": 1, "1991年": 1, "固定": 1, "本报": 1, "温婧": 1, "北青网": 1, "截图": 1, "环球网": 1, "乌元春": 1, "援引": 2, "源码": 1, "访问权": 1, "下一代": 1, "就此": 1, "颁布": 1, "总统": 1, "行政": 1, "外媒": 1, "美企": 1, "铺平": 1, "行政令": 1, "当天": 2, "反对": 1, "英文": 1, "网站": 1, "刊登": 1, "转移": 1, "作出": 2, "武器": 2, "捍卫": 2, "正当": 2, "此事": 1, "事态": 1, "进展": 1, "德国": 1, "欧盟": 1, "后门": 2, "思科": 1, "漏洞": 1, "2013年": 1, "听听": 1, "社会": 1, "抱": 1, "棱镜门": 1, "指控": 1, "窃密": 1, "事实": 1, "依据": 1, "三缄其口": 1, "腹": 1, "获取": 1, "优势": 1, "他国": 2, "造谣": 1, "抹黑": 1, "像样": 1, "证据": 1, "结论": 1, "证明": 1, "清白": 1, "暴露": 1, "动用": 1, "力量": 1, "不正当性": 1, "平板": 1, "请": 1, "放心": 1, "人民日报": 1, "客户端": 1, "韩晓明": 1, "赵永新": 1, "央视": 1, "ID": 1, "cctvnewscenter": 1, "本期": 1, "胡程远": 1, "杨": 1, "翘楚": 1}