{"[PConline": 1, "资讯]": 1, "美国": 49, "联邦": 3, "通信": 3, "委员会": 2, "FederalCommunications": 1, "Commission": 1, "FCC": 1, "发布": 14, "文件": 9, "称": 3, "想": 9, "移除": 2, "华为": 281, "风险": 3, "厂商": 7, "硬件": 5, "将要": 1, "耗资": 1, "7~10亿": 1, "美元": 9, "委员": 2, "Geoffrey": 2, "Starks": 2, "媒": 1, "采访": 1, "拒绝": 3, "5G": 46, "设备": 14, "还要": 5, "此前": 2, "部署": 2, "3G": 1, "、": 132, "4G": 1, "清洗": 1, "干净": 1, "四": 14, "运营商": 11, "AT&T": 1, "Sprint": 1, "T-Mobile": 1, "Verizon": 1, "均": 6, "采购": 4, "一家": 4, "意味着": 7, "都": 29, "处于": 1, "危险": 1, "矛头": 1, "指向": 1, "农村": 1, "地区": 2, "合作": 14, "价廉物美": 1, "产品": 14, "小型": 1, "电信": 5, "公司": 29, "替换": 3, "代价": 1, "高昂": 1, "很多": 8, "企业": 33, "破产": 1, "美": 4, "市场": 24, "研究": 7, "评估": 1, "封杀": 3, "芯片": 41, "商年": 1, "损失": 5, "数百亿": 1, "销售额": 1, "网络": 17, "10亿": 1, "更换": 1, "成本": 1, "建设": 7, "脱钩": 1, "长远": 1, "世界": 18, "综合": 2, "实力": 4, "更为": 2, "6月": 5, "意想不到": 1, "事情": 2, "接二连三": 1, "发生": 2, "场": 6, "硝烟": 1, "绞杀战": 1, "赢": 1, "——": 16, "赢得": 5, "正气": 1, "名气": 1, "士气": 1, "！": 21, "西班牙": 14, "启动": 6, "商用": 10, "核心": 10, "供应商": 4, "技术": 28, "不遗余力": 1, "制裁": 5, "业务": 6, "海外": 3, "拓展": 1, "影响": 18, "危难": 1, "之际": 1, "一大": 3, "国": 1, "惧": 1, "打压": 4, "毅然": 1, "选择": 7, "正式": 4, "15号": 1, "全球": 23, "著名": 2, "沃达丰": 3, "15": 4, "城市": 3, "此次": 3, "订单": 7, "中国": 32, "牌照": 2, "发放": 1, "国内": 6, "加速": 1, "订单量": 1, "再度": 1, "成功": 4, "超越": 1, "诺基亚": 4, "手": 1, "46": 2, "合同": 7, "重回": 1, "第一": 12, "排": 1, "名": 4, "拿到": 1, "中兴": 1, "爱立信": 4, "直观": 2, "图片": 5, "不难": 1, "一个": 41, "发现": 2, "：": 45, "围追堵截": 1, "欧洲": 4, "排挤": 1, "官方": 3, "外企": 2, "来自于": 4, "政治": 1, "体制": 6, "国家": 21, "排斥": 1, "反而": 4, "公平": 1, "透明": 1, "参与": 4, "机会": 3, "助力": 1, "包括": 6, "马德里": 2, "巴塞罗那": 2, "瑞士": 4, "英国": 3, "开通": 1, "振奋": 1, "法国": 1, "广播": 1, "报道": 4, "(": 2, "Vodafone": 1, ")": 2, "媒体": 5, "基站": 5, "境内": 1, "30": 1, "竞争": 4, "对手": 3, "零": 1, "垄断": 3, "据悉": 2, "测试": 9, "较为": 5, "满意": 3, "未": 1, "发展": 17, "规模": 1, "√": 2, "建立": 5, "总部": 2, "；": 21, "设立": 2, "分部": 1, "瓦伦西亚": 1, "塞维利亚": 1, "拉科鲁尼亚": 1, "毕尔巴鄂": 1, "√华": 2, "员工": 12, "超过": 6, "1000": 1, "份额": 2, "24%": 1, "三星": 4, "苹果": 7, "毫无疑问": 1, "拿下": 2, "这是": 8, "胜利": 2, "势": 1, "势不可挡": 1, "席卷": 1, "感谢": 1, "变得": 2, "强大": 7, "正是": 3, "逼迫": 1, "搞出": 1, "极限": 1, "生存": 1, "情况": 4, "十几": 1, "拥有": 18, "齐全": 1, "备胎": 4, "计划": 2, "壮大": 2, "禁令": 13, "击溃": 2, "早": 3, "5月": 7, "30日": 1, "迪拜": 9, "签署": 3, "份": 3, "超大规模": 1, "金额": 1, "接近": 1, "500亿": 3, "看错": 1, "去年": 3, "年收入": 1, "才": 8, "刚刚": 2, "1000亿": 1, "据此": 1, "分量": 1, "未来": 8, "五": 7, "年内": 2, "工程": 1, "并非": 4, "简单": 3, "阿联酋": 1, "沙特": 1, "科威特": 1, "领域": 5, "达成": 1, "一举": 2, "签下": 1, "中东": 1, "6": 1, "截止": 1, "葡萄牙": 1, "芬兰": 1, "印度": 1, "世人": 1, "惊叹": 1, "庆祝": 1, "电视网": 1, "打造": 5, "领先": 8, "项目": 3, "国王": 2, "座": 1, "高塔": 1, "哈利法": 1, "免费": 2, "投放": 1, "广告": 5, "费用": 3, "1": 2, "分钟": 2, "200万": 1, "命令": 2, "建筑": 1, "外墙": 1, "安装": 2, "黑灯": 1, "制作": 1, "再次": 5, "送给": 1, "迪拜塔": 1, "828": 1, "米": 1, "162": 1, "层": 1, "高楼": 1, "站上": 1, "楼": 1, "！！": 1, "待遇": 1, "可不": 1, "品牌": 2, "政府": 4, "态度": 2, "一意孤行": 1, "阻挠": 1, "步伐": 1, "时间": 11, "证明": 1, "封闭": 1, "即将": 1, "衰弱": 1, "开放": 3, "必将": 2, "崛起": 2, "从来": 2, "超级大国": 1, "动用": 1, "总统": 1, "行政": 1, "力量": 2, "步步紧逼": 1, "喊": 1, "供": 1, "全世界": 2, "瞩目": 1, "各国": 1, "纷纷": 4, "站队": 1, "万万": 1, "想到": 3, "千千万万": 1, "用户": 13, "支持": 20, "垮": 1, "越战越勇": 1, "漂亮": 1, "反击战": 1, "如今": 3, "走在": 1, "尖端": 1, "越来越": 3, "宠": 1, "敬畏": 2, "尊重": 2, "中国人": 1, "引以为豪": 1, "制造": 5, "喝彩": 1, "加油": 1, "祝福": 2, "团结": 1, "参考": 1, "来源": 1, "金融": 1, "环球": 1, "军武榜": 1, "胡润": 1, "百富": 1, "扳回": 1, "局": 1, "前端": 1, "频频": 1, "传出": 1, "喜讯": 1, "现实": 3, "自研": 4, "14": 1, "硬盘": 1, "横空出世": 1, "最新": 3, "麒麟": 19, "810": 14, "处理器": 2, "发布会": 4, "喜事": 1, "件": 5, "到来": 1, "网上": 4, "鸿蒙": 28, "系统": 49, "8月": 1, "预想": 1, "速度": 4, "快": 2, "这两天": 1, "曝光": 3, "首发": 1, "OS": 1, "旗舰机": 1, "Mate30": 1, "Pro": 2, "相关": 12, "信息": 5, "款": 12, "新机": 2, "采用": 15, "曲面屏": 1, "设计": 13, "2K": 2, "高清": 9, "屏幕": 8, "加持": 2, "改": 3, "往日": 1, "弱点": 1, "照片": 2, "拍照": 3, "功能": 6, "依旧": 4, "拿手好戏": 1, "手机": 39, "前置": 3, "双摄+": 1, "后置": 1, "摄": 1, "巨无霸": 1, "组合": 2, "镜头": 1, "双摄": 1, "占屏": 1, "搭载": 8, "麒麟985": 1, "很": 12, "推出": 4, "版本": 7, "电池": 4, "内置": 1, "4200": 1, "毫安": 1, "55W": 1, "快充": 1, "性能": 32, "强悍": 1, "谷歌": 10, "贼": 1, "后悔": 2, "努力": 2, "游说": 1, "之间": 4, "关系": 1, "热": 1, "话题": 1, "想要": 5, "阻止": 3, "做法": 3, "打到": 1, "进军": 2, "国际": 5, "解除": 1, "困境": 1, "展现": 2, "项": 4, "这次": 3, "转折点": 1, "美方": 2, "打败": 1, "可惜": 1, "背水一战": 1, "激发": 2, "潜能": 1, "研发": 13, "面对": 4, "完美": 1, "一战": 2, "带来": 18, "恶劣": 1, "战役": 2, "确实": 1, "感到": 1, "无奈": 2, "股价": 3, "大幅度": 1, "下跌": 1, "美企": 1, "绝境": 2, "本来": 2, "禁止": 5, "粮草": 2, "知确": 1, "源泉": 2, "消费者": 7, "青睐": 1, "经济战": 1, "销量": 3, "下滑": 2, "加上": 1, "收获": 3, "粉丝": 1, "扩充": 2, "丝毫": 5, "无疑": 1, "原因": 4, "优势": 9, "舍弃": 1, "掉": 1, "第二": 5, "支持者": 1, "近期": 3, "上市": 2, "上个月": 1, "伦敦": 1, "荣耀": 4, "系列": 9, "nova5": 3, "负责人": 1, "仅仅": 2, "5": 1, "出货量": 1, "一亿": 2, "台": 10, "平均": 3, "秒钟": 1, "7": 1, "出货": 1, "销售量": 2, "服务": 4, "空前": 1, "增加": 2, "并未": 1, "反观": 1, "经济": 2, "危机": 2, "坐": 2, "不住": 1, "部门": 4, "提交": 3, "申请": 2, "反对": 3, "关税": 2, "尾": 1, "其后": 1, "联合": 3, "声明": 1, "倒戈": 2, "意识": 2, "封禁": 1, "随后": 1, "第三": 4, "操作": 18, "更新": 1, "段": 3, "头条": 2, "△": 1, "排队": 2, "抢购": 1, "场景": 4, "朋友圈": 2, "抖音": 2, "超": 3, "赞": 1, "海思": 4, "相继": 1, "问世": 2, "实乃": 1, "制造业": 7, "盛事": 1, "大事": 1, "闭幕": 1, "全国": 2, "政协": 3, "十三": 1, "届": 1, "常委会": 1, "第七": 1, "会议": 1, "400": 1, "常委": 7, "齐聚": 1, "干嘛": 1, "讨论": 1, "质量": 6, "商商": 3, "会上": 1, "频词": 1, "真相": 1, "潘": 1, "碧灵": 1, "智能": 20, "航空母舰": 1, "围绕": 1, "产业链": 2, "一批": 2, "配套": 1, "护卫舰": 1, "独特": 1, "竞争力": 3, "巨人": 1, "独角兽": 1, "隐形": 1, "冠军": 1, "宋海": 1, "几十年如一日": 2, "坚持不懈": 1, "走": 2, "自主": 10, "创新": 10, "路": 2, "经验": 1, "推动": 1, "我国": 2, "启示": 1, "始终": 8, "导向": 3, "持续": 3, "聚焦": 4, "提升": 13, "三": 9, "构建": 2, "格局": 6, "财散": 1, "人聚": 1, "创业": 1, "共同体": 2, "合法": 1, "合规": 1, "纳入": 1, "法治": 1, "轨道": 1, "六": 3, "科学": 2, "管理": 9, "提供": 3, "保障": 1, "杨": 1, "明生": 1, "大概": 3, "时节": 1, "参观": 1, "任正非": 26, "40": 1, "闭门": 1, "会谈": 1, "谈完": 1, "感触": 1, "两点": 1, "幸运": 1, "话语权": 1, "定价权": 1, "在于": 2, "解决": 5, "缺": 4, "资金": 2, "人才": 10, "成就": 1, "最为": 2, "关键": 5, "客户": 9, "中心": 5, "资源": 3, "配置": 3, "决定性": 1, "作用": 2, "彰显": 1, "一点": 4, "值得": 2, "学习": 1, "借鉴": 1, "磨长": 1, "英": 1, "强化": 1, "社会": 2, "认同感": 1, "企业家": 3, "获得感": 1, "吉利": 1, "高德": 1, "天工": 1, "光隆": 1, "光电": 1, "主业": 3, "专注": 1, "民营": 2, "表彰": 1, "宣传": 1, "鲜明": 2, "舆论": 2, "营造": 2, "光荣": 1, "风尚": 1, "敬业": 1, "风气": 1, "党委": 1, "具包": 1, "容心": 1, "王": 1, "泰山": 1, "崩于": 1, "面色": 1, "表现": 14, "坚实": 1, "储备": 1, "科研院所": 1, "国企": 1, "投入": 6, "效益": 2, "差强人意": 1, "发挥": 2, "举国": 1, "+": 4, "机制": 2, "统筹": 1, "科技": 6, "宽松": 1, "环境": 2, "胡": 1, "国珍": 1, "经贸": 1, "摩擦": 1, "真真切切": 1, "课": 1, "道理": 1, "落后": 1, "就要": 6, "挨打": 1, "凭着": 1, "未雨绸缪": 2, "持续不断": 1, "牢牢": 1, "断供": 3, "风波": 1, "恐怕": 1, "难": 1, "底气": 1, "支树": 1, "平常委": 1, "有利于": 2, "水平": 1, "基础": 6, "指": 2, "标准": 5, "计量": 1, "认证": 1, "认可": 2, "检验": 1, "检测": 1, "所需": 2, "框架": 2, "发达国家": 2, "抢占": 1, "新兴": 1, "产业": 3, "制高点": 1, "合格": 1, "评定": 1, "规则": 1, "制定权": 1, "发展中国家": 2, "锁": 1, "低端": 1, "只能": 3, "外包": 1, "车间": 1, "仓库": 1, "实行": 2, "封锁": 1, "试图": 1, "找到": 3, "答案": 2, "花费": 1, "好多": 1, "脑细胞": 1, "叨叨": 2, "叨NO1": 1, "关键词": 7, "代表": 2, "高管": 3, "理想": 2, "站": 2, "最高点": 1, "迟早": 3, "相遇": 1, "山顶": 1, "交锋": 1, "做好": 2, "1987年": 1, "创立": 1, "初": 1, "定位": 10, "通讯": 2, "占领": 1, "2011年": 1, "全新": 3, "战略": 3, "ICT": 1, "成立": 2, "三大": 1, "集团": 1, "遍布": 1, "170": 1, "制造商": 3, "财富": 2, "500": 7, "百": 1, "唯一": 3, "引领": 1, "挑战": 2, "当下": 1, "远见": 1, "挑战者": 1, "姿态": 1, "前行": 1, "全球化": 1, "目标": 1, "终": 1, "2003年": 1, "1月": 1, "22日": 1, "思科": 1, "起诉": 1, "侵犯": 1, "知识": 3, "产权": 3, "2004": 1, "CEO": 1, "何庭波": 1, "2万": 2, "4亿": 2, "不用": 3, "美金": 1, "整整": 1, "说清": 1, "钱": 5, "超前": 1, "滔天": 1, "巨浪": 1, "拍死": 1, "NO2": 1, "160多": 1, "18万": 2, "外籍": 1, "4万": 1, "留住": 1, "培养": 1, "用人": 1, "法则": 1, "典型": 1, "华为人": 1, "28年": 1, "刚": 3, "清醒": 1, "利益": 2, "共享": 7, "才能": 4, "凝聚": 2, "人心": 1, "分担": 1, "责任": 3, "成果": 3, "全体": 1, "奋斗": 5, "热情": 1, "100%": 1, "持有": 3, "工会": 1, "持股": 1, "人数": 1, "96768": 1, "截止到": 1, "2018年": 7, "12月": 1, "31日": 1, "机构": 1, "股权": 2, "1.07%": 1, "英雄": 1, "出处": 1, "贡献": 6, "回报": 2, "评价": 2, "年龄": 1, "资历": 1, "要素": 1, "数据": 3, "显示": 8, "2017年": 3, "支付": 1, "工资": 1, "福利": 1, "奖金": 1, "1402.85亿": 1, "元": 5, "年薪": 1, "高达": 3, "77.94万": 1, "傻": 1, "鼓励": 3, "整理": 1, "套": 1, "激励": 1, "空谈": 1, "梦想": 1, "NO3": 1, "2019年": 4, "3月": 2, "18日": 1, "日内瓦": 1, "组织": 6, "干事": 1, "弗朗西斯": 1, "高锐": 1, "出席": 1, "新闻": 3, "19日": 3, "年度": 1, "报告": 3, "专利": 4, "25万": 1, "增长": 1, "3.9%": 1, "创纪录": 1, "申请量": 2, "位居": 2, "边缘": 3, "淘汰": 1, "先进": 4, "至少": 3, "别人": 2, "两三": 1, "追上": 1, "1.": 1, "科研": 2, "人员": 2, "基金": 1, "实验室": 2, "交叉": 1, "方式": 4, "高校": 1, "紧密": 2, "一流": 1, "科学家": 3, "几十": 2, "8万多": 1, "博士": 1, "硕士": 1, "26": 1, "能力": 6, "专家": 2, "平台": 4, "目的": 4, "造福": 1, "人类": 5, ".": 1, "29日": 2, "财务": 2, "总收入": 2, "7212亿": 2, "净利润": 2, "593亿": 2, "1015亿": 1, "……": 2, "2.78亿": 1, "70%": 1, "用于": 2, "开发": 6, "30%": 1, "确定性": 1, "工作": 5, "保证": 3, "效率": 3, "不确定性": 2, "探索": 4, "宽容": 1, "失败": 3, "设定": 1, "收敛值": 1, "0.5": 1, "也就是说": 3, "50%": 1, "这不": 1, "NO4": 1, "分享": 4, "制度": 3, "权": 1, "成就感": 1, "赚钱": 1, "太": 3, "价格": 1, "降低": 5, "挤死": 1, "西楚": 1, "霸王": 3, "最终": 3, "灭亡": 1, "榜样": 1, "永远": 1, "大伞": 1, "厂家": 1, "活": 1, "卖": 1, "萝卜": 1, "白菜价": 1, "一部分": 2, "横向": 1, "扩张": 1, "大学": 1, "给予": 2, "内部": 4, "伙伴": 1, "前提": 1, "个体": 2, "方向": 2, "资本": 1, "劳动者": 1, "共赢": 2, "动态": 2, "闭环": 1, "多元": 1, "生态": 6, "健康": 1, "模式": 5, "扩展": 1, "生态圈": 1, "在内": 2, "多方": 1, "NO5": 1, "上文": 1, "提到": 3, "收入": 1, "19.7亿": 1, "净赚": 1, "1.6亿": 1, "营业额": 1, "价值观": 2, "优良": 2, "信任": 2, "创造": 1, "无穷": 1, "取之不尽": 1, "用之不竭": 1, "贯穿": 1, "生命": 1, "2016年": 1, "72": 1, "岁": 1, "创始人": 1, "深夜": 1, "独自": 1, "上海": 1, "虹桥": 1, "机场": 3, "出租车": 1, "刷爆": 1, "不少": 7, "网友": 5, "这位": 1, "年逾古稀": 1, "老人": 1, "致敬": 1, "堂堂大佬": 1, "亿万": 1, "身家": 1, "老总": 1, "贵宾": 1, "通道": 1, "享受": 3, "专车": 1, "沦落": 1, "出租": 1, "日常": 2, "挂": 2, "嘴边": 2, "不无": 1, "关联": 1, "流传": 2, "车": 2, "故事": 1, "赴": 1, "新疆": 2, "办事处": 2, "视察": 1, "主任": 2, "一线": 1, "提拔": 1, "新官": 1, "表达": 1, "重视": 1, "租": 1, "辆": 1, "加长": 1, "林肯": 1, "迎接": 1, "飞机": 1, "轿车": 2, "炸": 1, "浪费": 3, "纯属": 1, "鼻子": 1, "臭骂一顿": 1, "陪": 1, "衣食父母": 1, "放在": 2, "身上": 2, "NO6": 1, "武器": 1, "心声": 10, "社区": 11, "运作": 2, "渠道": 1, "炮轰": 3, "感受": 3, "方法": 2, "提出": 2, "意见": 2, "真心诚意": 1, "吸纳": 1, "一步步": 1, "改进": 4, "人力": 2, "2.0": 1, "总纲": 1, "研讨班": 1, "批判": 2, "汇总": 1, "错误": 2, "揽": 1, "‘": 2, "错": 1, "’": 2, "改革": 3, "借口": 1, "安抚": 1, "力度": 1, "好处": 1, "2008年": 1, "开设": 1, "论坛": 2, "披": 1, "马甲": 2, "发表": 1, "观点": 1, "不满": 1, "匿名": 2, "匿名制": 1, "执行": 2, "背后": 3, "真实": 2, "身份": 1, "本人": 1, "批准": 1, "发帖": 1, "集聚": 1, "负能量": 1, "回答": 2, "骂": 3, "帖子": 1, "封": 1, "资源部": 1, "调查": 1, "三年": 1, "业绩": 2, "秘书处": 1, "培训": 1, "锻炼": 1, "总参谋部": 1, "洗澡": 1, "半年": 1, "放": 3, "种子": 1, "将来": 1, "领袖": 1, "麻痹": 1, "内容": 4, "自我": 1, "精神": 1, "活到": 1, "声音": 2, "直达": 1, "高层": 1, "角度": 4, "来讲": 1, "跨越": 1, "等级": 1, "墙": 1, "发泄": 1, "爽": 1, "献计献策": 1, "从中": 1, "基层": 1, "管理者": 1, "有种": 1, "暴露": 1, "立刻": 1, "措施": 1, "回应": 2, "有趣": 1, "潜水": 1, "他用": 1, "激活": 1, "内": 5, "想法": 1, "途径": 1, "推进": 1, "工具": 1, "这一切": 2, "或许": 4, "源于": 1, "一以贯之": 1, "奋斗者": 1, "艰苦奋斗": 1, "自我批判": 1, "分析": 1, "~": 1, "文案": 1, "莫愁": 2, "编辑": 1, "审核": 1, "周佳佳": 1, "平板": 55, "电脑": 6, "想必": 1, "陌生": 1, "得益": 3, "舒适": 4, "视觉": 1, "体验": 15, "篇": 1, "文章": 2, "陈述": 1, "当代": 1, "痛点": 2, "无非": 2, "划": 1, "三卡顿": 1, "游戏团": 1, "战PPT": 1, "瓶颈": 1, "超清屏": 1, "求之不得": 1, "3": 1, "小时": 9, "充电": 5, "整晚": 1, "续航": 4, "差": 2, "4": 1, "扬声器": 8, "遮挡": 4, "总会": 1, "一侧": 1, "娱乐": 2, "住": 1, "声孔": 1, "导致": 2, "音效": 5, "办法": 2, "播放": 7, "21日": 4, "M6一": 1, "横扫": 1, "单单": 1, "显得": 1, "诚意": 1, "旗舰级": 1, "SoC": 1, "980": 3, "助阵": 2, "惧怕": 1, "够用": 1, "2560*1600": 2, "2K级": 2, "8.4": 7, "英寸": 19, "6100": 3, "mAh": 6, "电量": 3, "10.8": 12, "7500": 3, "声道": 13, "音频": 5, "M6独有": 1, "耳目一新": 1, "着实": 1, "亮眼": 2, "毋庸置疑": 1, "M6": 37, "上半年": 1, "兴奋": 1, "不仅仅": 1, "软硬件": 2, "颠覆式": 1, "夹杂": 1, "黑科技": 1, "一同": 2, "评测": 2, "01": 1, "环绕": 4, "沉浸感": 3, "十足": 2, "83.5%": 4, "屏占": 1, "相比": 3, "前代": 2, "代M6": 1, "改观": 1, "立体": 4, "打破": 2, "以往": 2, "安卓": 13, "引入": 1, "定制": 2, "振幅": 1, "内核": 9, "结构": 2, "振膜": 1, "垂直": 1, "传统": 1, "提高": 2, "60%": 3, "冲程": 1, "距离": 2, "听者": 1, "低频": 1, "浑厚": 1, "音量": 3, "声场": 1, "震撼": 1, "条": 2, "特写": 1, "安置": 4, "两侧": 1, "横屏": 3, "游戏": 10, "竖屏": 2, "刷": 1, "担心": 2, "压住": 1, "出音量": 1, "尴尬": 1, "状况": 1, "足够": 1, "音": 1, "魅力": 1, "玩": 2, "吃": 1, "鸡": 1, "听声": 1, "辩位": 1, "精准": 4, "追剧": 2, "音响": 1, "卓越": 2, "坚定": 1, "值得一提的是": 1, "经哈曼": 1, "卡顿": 3, "金耳朵": 1, "工程师": 1, "团队": 1, "精心": 1, "调校": 1, "优化": 6, "极致": 2, "外观": 3, "配备": 2, "16:10": 2, "长宽比": 2, "主流": 4, "习惯": 1, "1080P": 4, "分辨率": 2, "所限": 1, "上一代": 4, "减小": 1, "尺寸": 1, "屏占比": 2, "观影": 1, "竞品": 2, "iPad": 4, "2018": 2, "窄": 1, "边框": 1, "高屏": 1, "占比": 4, "舒心": 1, "独有": 2, "锐屏": 1, "增强": 1, "针对": 5, "视频": 8, "浏览": 3, "实时": 1, "画面": 3, "细节": 4, "清晰": 3, "对比度": 1, "软件": 16, "算法": 1, "调节": 2, "修正": 1, "带给": 1, "靓丽": 1, "色彩": 2, "饱满": 1, "流浪": 2, "地球": 2, "音乐": 1, "爱奇艺": 1, "画质": 1, "打开": 4, "饱和度": 1, "外加": 2, "效果": 4, "科幻": 1, "大片": 1, "震撼感": 1, "方位": 1, "感身临其境": 1, "逼真": 1, "工艺": 3, "独具匠心": 1, "底部": 1, "带有": 2, "18": 1, "W快": 1, "Type-C": 1, "接口": 3, "右侧": 1, "一体式": 1, "按键": 5, "电源键": 1, "动时": 1, "反馈": 1, "背部": 1, "闪光灯": 1, "摄像头": 1, "靠近": 1, "角落": 1, "位置": 1, "天线": 1, "基带": 1, "巧妙": 1, "贴合": 1, "机身": 1, "整洁度": 1, "导航键": 4, "集成式": 1, "点击": 2, "返回": 1, "一级": 2, "界面": 7, "长": 4, "回到": 1, "主屏幕": 1, "滑动": 2, "退出": 1, "操控": 3, "手势": 1, "导航": 6, "指纹": 1, "版": 1, "虚拟": 2, "单键": 1, "键": 1, "悬浮": 1, "左下角": 1, "对角线": 2, "3.5": 1, "耳机": 2, "玩机": 2, "插": 1, "充满": 1, "多年": 1, "匠心": 1, "控": 1, "输于": 2, "当今": 1, "优越": 1, "屏": 2, "独具": 1, "强有力": 1, "02": 1, "M6力争": 1, "平板界": 1, "龙华": 1, "P30": 1, "同款": 1, "Android": 1, "阵容": 1, "出色": 3, "相较于": 2, "M5": 1, "整体": 1, "开启": 1, "切换": 2, "网页": 2, "加载": 1, "重载": 1, "多任务": 2, "3D": 2, "大型": 1, "轻松": 4, "胜任": 1, "一代": 2, "GPU": 7, "Turbo": 2, "3.0": 1, "原有": 1, "Turbo性": 1, "功耗": 3, "疗效": 1, "M6开启": 1, "帧率": 1, "王者": 1, "和平": 2, "精英": 2, "崩坏": 1, "3时": 1, "流畅": 2, "状态": 4, "闪退": 1, "卡屏": 1, "现象": 1, "温度": 1, "超标": 1, "温控": 1, "知名": 1, "适配": 1, "03": 1, "平行": 2, "视界": 2, "/": 2, "小艺": 4, "语音": 10, "玩法": 2, "大致": 1, "相册": 1, "商店": 1, "桌面": 1, "滑": 2, "页面": 2, "菜单": 1, "栏": 1, "设置": 3, "一块": 3, "用来": 1, "主界面": 1, "常规": 1, "一一": 1, "陈列": 1, "介绍": 1, "这项": 1, "两面": 1, "高效": 3, "观看": 1, "双屏": 1, "窗口": 3, "展示": 1, "今日": 2, "列表": 1, "快速": 4, "选取": 1, "互不": 1, "干扰": 1, "对着": 1, "即可": 2, "唤醒": 1, "助手": 1, "问答": 1, "听": 2, "儿歌": 1, "流行曲": 1, "都会": 2, "吩咐": 1, "交互": 3, "机器": 1, "形式": 1, "植入": 1, "便捷": 1, "搭配": 2, "底座": 1, "单独": 3, "购买": 4, "解放": 1, "双手": 1, "不再": 1, "单一": 1, "控制": 4, "意愿": 1, "惊喜": 4, "HiLink": 2, "家居": 2, "协议": 2, "各类": 1, "04": 1, "强劲": 2, "连续": 3, "11": 2, "主打": 2, "轻薄": 4, "背道而驰": 1, "便携": 1, "容量": 2, "5100": 1, "本地": 4, "12.5": 2, "对比": 3, "强于": 1, "mini": 2, "2019": 1, "mAh锂电": 2, "9V/2A": 1, "2.2时": 1, "2019：5124": 1, "10": 2, "掉电": 1, "9%": 1, "18W快充": 1, "35%": 1, "M6来说": 1, "速率": 1, "价位": 1, "略微": 1, "05": 1, "办公": 4, "伴侣": 1, "极大": 1, "白领": 1, "用途": 1, "能手": 1, "磁吸": 3, "键盘": 5, "简约": 1, "革纹": 1, "PU": 1, "材质": 1, "触感": 1, "顺滑": 1, "磁吸键": 1, "盘码": 1, "字": 1, "答": 4, "过瘾": 1, "1.3mm": 1, "键程": 1, "按压": 1, "回弹": 1, "结论": 2, "打字": 1, "一行": 1, "快捷键": 1, "截图": 1, "亮度": 1, "快捷": 1, "Pogo": 1, "pin": 1, "连接": 1, "好用": 1, "搜索": 3, "框": 1, "查找": 2, "困难": 2, "管理器": 1, "分类": 1, "存放": 1, "基于": 1, "Kirin980": 1, "运行": 5, "充当": 1, "保护壳": 1, "优雅": 1, "手感": 1, "类似": 2, "超纤皮": 1, "体积": 1, "重量": 1, "出门": 1, "带": 1, "犹豫": 1, "族": 1, "就算车": 1, "空间": 1, "不必": 1, "施展": 1, "M-Pen": 5, "lite手": 5, "写笔": 5, "商务": 1, "人士": 3, "特定": 1, "记录": 1, "灵感": 1, "瞬间": 2, "根M-Pen": 1, "最多": 1, "延迟": 2, "感觉": 1, "手写": 3, "手腕": 2, "到手": 1, "写": 1, "笔": 3, "书写": 1, "可不可以": 1, "截屏": 1, "多余": 1, "暂": 1, "Apple": 1, "Pencil": 1, "S": 1, "Pen": 1, "lite": 1, "变化": 1, "绘画": 1, "大神们": 1, "打线稿": 1, "画素": 1, "描时": 1, "友好": 1, "06": 1, "精美": 1, "功能性": 1, "缺点": 1, "整机": 1, "比例": 1, "恰到好处": 1, "重量级": 1, "厚度": 1, "不错": 1, "势必": 1, "掀起": 1, "股": 1, "潮流": 1, "有目共睹": 1, "期待": 3, "ZOL": 1, "客户端": 2, "下载": 1, "资讯": 2, "APP": 1, "中关村": 1, "在线": 2, "阅读": 2, "7196653": 1, "15日": 1, "白宫": 4, "68": 1, "子公司": 1, "列入": 1, "实体名单": 2, "举动": 1, "断绝": 1, "大军": 1, "希望": 1, "零部件": 1, "截断": 1, "阻碍": 1, "微软": 4, "中断": 2, "Google": 2, "随即": 1, "停止": 4, "原本": 2, "Mate": 2, "安卓Q": 1, "10.0": 1, "尝鲜": 1, "名单": 1, "自此": 1, "面临": 3, "MateBook": 1, "笔记本": 1, "供应": 3, "所有人": 2, "遭受": 1, "重创": 1, "首席": 2, "执行官": 2, "余承东": 3, "秋季": 2, "最迟": 2, "明年": 3, "春天": 2, "面市": 2, "消息": 8, "焦点": 1, "亮": 1, "张新": 1, "王牌": 2, "21": 1, "现场": 1, "研制": 1, "8麒麟": 1, "麒麟810": 16, "麒麟980": 3, "7nm": 8, "相比于": 2, "10nm": 1, "8nm": 2, "预示": 1, "巨头": 3, "恶意": 1, "ARM": 1, "高通": 8, "镁光": 3, "落井下石": 1, "内存": 2, "遵守": 2, "营运": 1, "据点": 2, "所在": 3, "法律": 2, "法规": 2, "表态": 1, "愤怒": 1, "不已": 1, "嘴": 1, "单方面": 1, "明白": 1, "14亿": 1, "人民": 1, "老爷子": 1, "成绩": 7, "积累": 1, "屡": 1, "创": 1, "新高": 1, "违反": 1, "反垄断法": 1, "罪名": 1, "暴跌": 1, "夜": 1, "市值": 1, "蒸发": 1, "700亿": 1, "77.75": 1, "跌": 1, "66.21": 1, "截至": 1, "28日": 1, "千亿": 1, "运营": 1, "商用化": 1, "时间表": 1, "敲定": 1, "设备商": 1, "定型": 1, "接下来": 1, "推广": 1, "热门": 1, "技巧": 1, "数码": 1, "科普": 1, "深扒": 1, "右上角": 1, "关注": 4, "百家号": 1, "雷": 1, "----------------------------------": 1, "制程": 5, "亚于": 1, "旗舰": 14, "高关": 1, "注度": 1, "究": 1, "中高端": 7, "旧": 1, "跑分": 6, "安兔兔": 3, "给出": 2, "中端": 4, "神U": 1, "请": 1, "小雷": 1, "探": 1, "究竟": 1, "架构": 6, "地位": 2, "上将": 1, "CPU": 3, "颗": 4, "主频": 3, "2.27GHz": 1, "Cortex-A76": 1, "核": 21, "1.88GHz": 1, "Cortex-A55": 1, "小核": 1, "八核": 1, "AI": 7, "调度": 3, "优越性": 1, "有望": 3, "平衡": 1, "Mali": 1, "G52": 1, "6核": 1, "图形": 2, "820MHz": 1, "底层": 2, "麒麟Gaming": 1, "负载": 1, "60": 1, "帧": 1, "独当一面": 1, "好手": 1, "客观": 4, "公布": 2, "总分": 4, "237437": 1, "UX": 1, "56398": 1, "MEM": 1, "14888": 1, "73380": 1, "92771": 1, "710": 1, "10万": 1, "飞跃": 1, "骁龙": 10, "730": 7, "麒麟970": 1, "835": 1, "相提并论": 1, "级别": 2, "层面": 1, "人工": 4, "普及": 2, "成熟": 2, "走入": 1, "生活": 1, "计算": 5, "AI而生": 1, "NPU": 5, "神经": 1, "单元": 1, "亮点": 1, "970": 1, "寒武纪": 1, "不俗": 3, "达芬奇": 2, "Ascend": 1, "D100": 1, "Lite": 1, "终于": 1, "来到": 1, "一经": 1, "登场": 2, "不同于": 1, "二维": 1, "运算": 1, "Cube": 1, "引擎": 1, "算子": 2, "数量": 1, "多达": 1, "240": 1, "格式": 1, "Tensor": 1, "Vector": 1, "Scalar": 1, "通用": 1, "FP16": 1, "精度": 2, "INT": 1, "8量化": 1, "苏黎世": 1, "理工学院": 1, "旗下": 2, "排行榜": 2, "Benchmark": 1, "公开": 2, "16": 1, "浮点": 1, "17635": 1, "榜上": 1, "最高分": 1, "远": 1, "10750": 1, "33863": 1, "855": 1, "后者": 1, "27410": 1, "骑": 1, "绝尘": 1, "阵营": 1, "押宝": 1, "下半年": 1, "进一步": 1, "得以": 1, "过往": 1, "产品线": 1, "规划": 1, "力压": 1, "爱好者": 1, "眼中": 1, "耀眼": 1, "实际上": 2, "比起": 1, "时代": 2, "顶尖": 1, "侧重于": 1, "发热": 1, "确切": 1, "需求": 2, "定价": 1, "上都": 1, "空缺": 1, "琢磨": 1, "应运而生": 1, "端": 1, "新品": 1, "骁龙730": 1, "4月": 1, "Galaxy": 1, "A80": 1, "红米K20": 1, "修改": 7, "自Cortex-A76": 1, "Kryo": 2, "740": 2, "自Cortex-A55": 1, "略": 1, "吃亏": 1, "LPP": 1, "受益于": 2, "先进性": 1, "大小": 1, "GeekBench": 1, "高出": 2, "10%": 1, "龙": 1, "离屏": 2, "曼哈顿": 1, "得分": 1, "44%": 1, "15%": 1, "显而易见": 1, "成绩单": 1, "风头": 1, "压": 1, "反击": 1, "一年半载": 1, "下一代": 1, "意义": 1, "次旗舰": 1, "IVP": 1, "IPS": 1, "双卡双VoLTE": 1, "准确": 1, "恰当": 1, "可期": 1, "素质": 1, "超出": 1, "机型": 1, "不得不": 1, "感慨": 1, "精彩": 2, "半导体": 1, "意外": 1, "拭目以待": 1, "掐指一算": 1, "说不定": 1, "届时": 1, "见到": 1, "文": 1, "观察者": 2, "网": 2, "专栏": 1, "作者": 1, "余鹏鲲": 1, "开辟": 1, "情种": 1, "路透社": 1, "暂停": 1, "知情": 1, "访问": 1, "专有": 1, "程序": 4, "限于": 1, "Play": 1, "Store": 1, "Gmail": 1, "YouTube": 1, "围堵": 1, "严峻": 1, "12年": 1, "默默": 1, "推": 1, "奏响": 1, "科技界": 1, "贸易": 1, "保护主义": 1, "强音": 1, "互联网": 2, "人方": 1, "兴东": 1, "创建": 1, "老友群": 2, "方兴东": 1, "发言": 1, "节选": 1, "引爆": 1, "情绪": 1, "微内": 11, "方舟": 6, "编译器": 11, "兼容": 2, "打通": 1, "提": 1, "五大": 1, "伴随": 1, "披露": 2, "谣言": 3, "赞美": 4, "建议": 3, "纷至沓来": 1, "下旬": 1, "小米": 3, "升级": 2, "间谍": 1, "抓": 1, "辟谣": 2, "公关": 1, "传言": 1, "微内核": 9, "原理性": 1, "年后": 1, "替代": 1, "淡定": 1, "论调": 1, "有人": 2, "利用": 1, "伸缩性": 1, "搞好": 1, "嵌入式": 1, "大一统": 1, "编译": 5, "处处": 1, "笔者": 3, "更多": 1, "打击": 1, "适度": 1, "符合": 1, "工作者": 1, "急于": 1, "成长": 1, "脱离": 1, "预期": 1, "估计": 1, "事实上": 1, "长期": 1, "国外": 2, "时极": 1, "漠视": 1, "肆意": 1, "夸大": 2, "捧杀": 2, "路线": 1, "扩展性": 1, "的确": 1, "晚": 1, "概念": 1, "诱人": 1, "理论": 1, "占": 1, "优": 1, "宏内": 5, "熟悉": 1, "Windows": 8, "Linux": 8, "超算": 7, "2012年": 2, "TOP500": 1, "超级": 1, "计算机": 1, "Top500": 2, "占据": 1, "462": 1, "宝位": 1, "94.2%": 1, "Top": 1, "竞赛": 1, "498": 1, "剩下": 1, "Unix": 1, "号称": 1, "节节": 1, "败退": 1, "巅峰": 1, "时期": 1, "掉到": 1, "近年": 1, "优点": 1, "不宜": 1, "核所以": 1, "肯定": 1, "压力": 1, "重宏": 1, "集成": 1, "进程": 5, "线程": 1, "驱动": 1, "好比": 1, "军刀": 2, "耦合性": 1, "模块": 1, "做成": 1, "核外": 1, "搭": 1, "积木": 3, "组合性": 1, "小部分": 1, "稳定性": 1, "类似于": 1, "中间件": 3, "原理": 1, "灵活": 1, "只不过": 1, "拆开": 1, "移出": 2, "增删": 1, "移入": 1, "检查": 1, "兼容性": 4, "积木式": 1, "程度": 2, "流氓": 1, "卸载": 1, "恢复": 1, "写入": 1, "外来": 1, "难以": 1, "毕竟": 2, "Win": 1, "自带": 1, "Defender": 1, "Windows下": 1, "失范": 1, "态势": 1, "跑": 2, "虚拟机": 4, "管控": 1, "难度": 1, "开机": 1, "自启": 1, "未经": 3, "授权": 3, "录音": 1, "录像": 1, "反反复复": 1, "强势": 1, "深思": 1, "外媒": 1, "TechNave": 1, "携手": 1, "腾讯": 2, "OPPO": 1, "VIVO": 1, "之中": 1, "zygote": 1, "参数": 1, "未知数": 1, "迁移": 1, "软件商": 1, "后顾之忧": 1, "第三方": 1, "深度": 2, "魔改": 2, "Java": 3, "代码": 3, "绕": 2, "翻译": 3, "机器码": 3, "混合": 1, "说法": 1, "不利于": 1, "移植性": 1, "维护性": 1, "安全性": 1, "编写": 1, "团体": 1, "不乏": 1, "出身": 1, "名门者": 1, "英特尔": 1, "ICC": 1, "妥善": 1, "毛": 1, "主席": 1, "同志": 1, "光明": 2, "勇气": 1, "表扬": 1, "无可厚非": 1, "循序渐进": 1, "自主化": 1, "前途": 1, "道路": 1, "艰难": 1, "历史": 2, "耐性": 1, "辉煌": 1, "本文": 2, "独家": 1, "稿件": 1, "转载": 2, "西方": 1, "坑": 2, "富士康": 9, "一手": 2, "好牌": 1, "稀烂": 2, "地步": 1, "学者": 1, "讲": 2, "人均": 1, "GDP": 1, "八分之一": 1, "衡量": 2, "文明": 2, "一共": 1, "经历": 1, "工业": 3, "革命": 2, "尊敬": 1, "拼命": 2, "主动权": 1, "率先": 1, "万物": 1, "互联": 1, "第四": 1, "放大招": 1, "搬离": 1, "大陆": 3, "生产": 1, "代工": 1, "转念": 1, "工厂": 2, "外界": 1, "日后": 1, "组建": 1, "这家": 1, "名字": 1, "机械": 2, "招人": 1, "招": 1, "年前": 1, "预防": 1, "一类": 1, "事件": 2, "打算": 1, "这下": 1, "欲哭无泪": 1, "一开始": 1, "不行": 1, "立场": 1, "只好": 1, "自力更生": 1, "牌": 1, "搬移": 1, "转而": 1, "就业": 1, "商业": 1, "郭台铭": 2, "竞选": 1, "台湾": 1, "领导人": 1, "玄机": 1, "受损": 1, "来源于": 1, "本次": 1, "无关": 1, "读者": 1, "理解": 1}