{"华为": 82, "手机": 23, "高端": 3, "领域": 5, "强势": 1, "崛起": 1, "苹果": 7, "中国": 2, "市场": 4, "面临": 2, "发展": 5, "压力": 5, "面对": 1, "激烈": 2, "竞争": 3, "环境": 3, "库克": 1, "加快": 1, "产品": 4, "升级": 1, "速度": 2, "查询": 1, "第三方": 2, "平台": 5, "销售": 2, "数据": 3, "评价": 2, "发现": 1, "iPhone11": 8, "热销": 2, "拿下": 3, "冠军": 2, "位置": 1, "说到": 1, "提出": 1, "一个": 8, "：": 4, "Mate30": 43, "卖": 2, "赢": 2, "搭载": 3, "麒麟990": 2, "处理器": 7, "运行": 2, "基于": 1, "AndroidQ": 1, "底层": 1, "深度": 1, "定制": 1, "EMUI10": 1, "系统": 4, "组合": 3, "应对": 3, "日常": 4, "程序": 2, "体验": 7, "主流": 2, "游戏": 2, "帧率": 2, "稳定性": 2, "太": 3, "挑剔": 2, "地方": 3, "徕卡": 2, "认证": 2, "三": 3, "摄模组": 1, "达芬奇": 2, "独立": 7, "NPU": 2, "神经元": 2, "驱动": 2, "超级": 6, "夜景": 4, "模式": 6, "优化": 2, "成片": 2, "成像": 3, "质量": 1, "处于": 1, "行业": 1, "顶级": 1, "水准": 1, "4200": 2, "毫安": 2, "电池": 4, "40": 4, "W有线": 1, "快充": 4, "加持": 2, "符合": 3, "长续航": 2, "标准": 2, "超窄额": 1, "头": 1, "屏配": 1, "合铝": 1, "中框": 1, "紧密": 2, "贴合": 2, "带来": 7, "舒适": 2, "握持感": 1, "生活": 5, "防水": 2, "防尘": 1, "IOS13": 1, "A13": 1, "仿生": 1, "协同": 2, "能力": 7, "安兔兔": 1, "跑": 1, "45万分": 1, "得益": 2, "强大": 3, "内核": 1, "王者": 1, "荣耀": 4, "、": 28, "和平": 1, "精英": 1, "流畅度": 1, "妥妥": 1, "1200万": 1, "后置": 2, "双摄": 2, "模组": 2, "新增": 1, "夜拍": 1, "提升": 5, "弱光": 2, "观感": 3, "暗部": 1, "细节": 1, "保留": 1, "丢失": 1, "真实性": 1, "延续": 3, "3D": 1, "结构": 1, "解锁": 2, "成熟": 2, "手势": 1, "操作": 1, "逻辑": 1, "都": 12, "忽视": 4, "亮点": 3, "称": 2, "打磨": 2, "到位": 2, "旗舰机": 1, "东": 1, "截至": 1, "7.9万": 1, "后者": 1, "发到": 1, "34万": 1, "11月": 2, "1日": 3, "单品": 1, "销量": 7, "拼": 1, "笔者": 2, "原因": 3, "很": 5, "简单": 1, "三点": 1, "这两年": 1, "加大": 2, "投入": 2, "冲击": 1, "旗舰": 3, "塑造": 1, "形象": 2, "中低端机": 2, "起步": 1, "慢慢": 1, "深耕五千": 1, "元": 6, "段位": 1, "视为": 2, "高端机": 2, "领导者": 1, "品牌": 7, "号召力": 1, "起步价": 1, "3999": 1, "对比": 3, "上一代": 3, "溢价": 1, "卖到": 1, "5499": 1, "iPhoneXR": 1, "足足": 1, "便宜": 1, "千": 1, "降": 1, "预算": 1, "充足": 1, "消费者": 4, "香": 1, "具备": 4, "5G": 44, "功能": 3, "用户": 5, "综合": 4, "素质": 3, "一点": 3, "SOC": 1, "完整": 1, "软件": 1, "生态": 1, "保障": 1, "未来": 1, "年内": 1, "卡顿": 1, "空间": 2, "实力": 4, "高下": 1, "软硬件": 1, "性价比": 3, "逊色": 1, "不难": 1, "理解": 1, "努力": 3, "肯定": 1, "时间": 8, "！": 1, "周末": 1, "火": 1, "这次": 1, "件": 1, "光彩": 1, "事情": 2, "心声": 1, "社区": 1, "研发": 4, "转岗": 1, "HR": 5, "员工": 6, "胡玲": 1, "5000": 1, "字": 1, "长帖": 1, "讲述": 1, "岗位": 1, "奇葩": 1, "经历": 1, "力求": 1, "改善": 1, "工程师": 1, "工作": 3, "团队": 1, "领导": 1, "原本": 1, "职责": 1, "背道而驰": 1, "加班": 8, "160": 2, "小时": 4, "关心": 1, "身体": 1, "过度": 1, "透支": 1, "吃": 1, "公司": 6, "块": 1, "一对": 1, "大闸蟹": 1, "探讨": 1, "长": 1, "划水": 1, "32": 1, "岁": 2, "绩效": 2, "B": 1, "+": 5, "劝退": 1, "上班": 1, "摸": 1, "鱼": 1, "3": 3, "连B": 1, "轻轻松松": 1, "国家": 1, "劳动法": 2, "每月": 1, "超过": 3, "36": 1, "刷出": 1, "高度": 1, "4": 1, "倍": 3, "发生": 1, "2012": 1, "实验室": 1, "情况": 2, "不止": 3, "创造": 1, "世界": 1, "瞩目": 1, "成绩": 3, "引领": 1, "承担": 1, "爱恨": 1, "交加": 1, "职场": 1, "想": 4, "轻松": 1, "休闲": 1, "情形": 1, "机关": 2, "事业": 2, "单位": 2, "半死不活": 1, "蒸蒸向上": 1, "企业": 2, "冲天": 1, "干劲儿": 1, "家常便饭": 2, "不用说": 1, "实体": 1, "业务": 1, "笔记本": 1, "耳机": 1, "人才": 2, "解决": 5, "累计": 1, "领先": 4, "许许多多": 1, "高级": 1, "利益": 1, "刺激": 2, "当作": 1, "岂止": 1, "阿里": 1, "腾讯": 1, "网易": 1, "百度": 1, "蒸蒸日上": 1, "活力": 1, "十足": 1, "办公楼": 1, "坐满": 1, "通宵达旦": 1, "勤奋": 1, "累积": 1, "很多": 4, "质疑": 1, "互联网": 1, "996": 4, "违反": 2, "人道主义": 1, "精神": 1, "身在": 1, "选择": 3, "机会": 3, "八": 1, "铁饭碗": 2, "马云": 1, "福气": 1, "实际上": 1, "上岗": 1, "公务员": 1, "撸": 1, "袖子": 1, "加油": 1, "干": 2, "美好": 1, "梦想": 1, "满意度": 1, "确实": 5, "薪水": 1, "唯一": 1, "尊重": 1, "；": 3, "部门": 1, "小白鼠": 1, "制度": 1, "实践": 1, "好好": 1, "整顿": 1, "时代": 2, "走": 1, "前列": 1, "地位": 2, "背后": 1, "无数": 1, "请": 1, "懒惰": 1, "毁": 1, "增加": 1, "资金": 1, "创新": 1, "技术": 2, "积累": 1, "如今": 2, "快速": 2, "成长": 1, "全国": 1, "第一": 2, "智能": 2, "爆发": 1, "进展": 1, "众多": 3, "国产": 1, "友商": 2, "劲敌": 1, "对手": 2, "没错": 1, "拥有": 5, "毋庸置疑": 1, "只不过": 1, "回来": 1, "机海": 1, "战术": 1, "背景": 1, "处境": 1, "变得": 1, "难堪": 1, "回华": 1, "良心": 2, "加速": 1, "跌至": 1, "低价": 2, "网友": 2, "吐槽": 2, "一针见血": 1, "大部分": 3, "感到": 2, "陌生": 1, "身份": 1, "登场": 1, "余承东": 1, "寄予": 1, "破": 1, "两千万": 1, "台": 1, "厚望": 1, "承载": 1, "远大": 1, "目标": 1, "麒麟": 3, "990": 3, "EMUI": 1, "10": 1, "瓦": 1, "有线": 2, "无线": 2, "充电": 1, "第七": 1, "光学": 2, "指纹": 1, "元素": 2, "花粉": 1, "一贯": 1, "期待": 2, "摄": 4, "相比": 1, "接近": 1, "20%": 1, "针对": 1, "控制": 1, "噪点": 1, "涂抹感": 1, "可圈可点": 1, "用上": 1, "超窄": 1, "额头": 1, "屏": 2, "震撼": 2, "视觉": 1, "效果": 2, "四曲面": 1, "玻璃": 1, "后壳": 1, "配合": 1, "铝中框": 1, "握持": 1, "手感": 1, "参数": 1, "层面": 1, "分析": 1, "款": 5, "出色": 1, "体现": 1, "其现": 1, "阶段": 1, "水平": 1, "魅力": 1, "最初": 1, "4298": 1, "依然": 2, "新品": 2, "接踵而至": 1, "蚕食": 1, "力度": 1, "6G": 1, "128G": 1, "版本": 5, "知名": 1, "授权": 2, "最低": 1, "跌剩": 1, "3644": 1, "幅度": 1, "Mate30一": 1, "夜": 1, "跌": 1, "可惜": 1, "买": 1, "早": 1, "了却": 1, "扎心": 1, "在意": 1, "两点": 1, "才": 1, "刚刚": 1, "发布": 1, "旧款": 1, "上市": 3, "持续": 2, "人气": 1, "取代": 1, "4G": 3, "过渡机": 1, "早期": 1, "原价": 1, "加价": 1, "入手": 1, "好像": 1, "收割": 1, "竞品": 1, "输": 1, "包括": 1, "小米": 1, "9Pro": 1, "7T": 1, "魅族": 1, "16sPro": 1, "贬值": 1, "角度": 1, "出发": 1, "站稳": 1, "阵脚": 1, "可喜可贺": 1, "汗马功劳": 1, "缺乏": 1, "不得不": 1, "降价": 1, "做法": 1, "潜在": 1, "购买": 3, "欲望": 1, "作用": 1, "老": 1, "好友": 1, "有人": 1, "抱怨": 1, "理所当然": 1, "中低端": 1, "重任": 1, "交给": 1, "子品牌": 1, "价值": 1, "定位": 2, "反馈": 1, "推出": 2, "一部分": 1, "自有": 1, "中端机": 1, "此前": 2, "中端": 3, "系列": 27, "NOVA": 3, "年轻": 1, "喜爱": 1, "最新": 3, "机型": 4, "NOVA6": 5, "即将": 1, "问世": 1, "NOVA5": 1, "近日": 1, "外媒": 1, "曝光": 2, "真机": 1, "渲染": 1, "该机": 1, "配色": 1, "黑灰色": 1, "蓝色": 1, "紫色": 1, "正面": 2, "极点": 1, "设计": 4, "前置": 2, "摄像头": 1, "镶嵌": 1, "屏幕": 1, "类似于": 1, "三星": 1, "Galaxy": 1, "S10+": 1, "算是": 1, "创意": 1, "撞车": 1, "放": 1, "左边": 1, "首次": 2, "采用": 7, "方案": 6, "配置": 2, "6": 1, "工信部": 2, "入网": 2, "许可": 1, "提供": 1, "新机": 2, "编号": 1, "WLZ-AN00": 1, "支持": 9, "40W快充": 1, "吻合": 1, "意外": 1, "频率": 1, "2.86GHz": 1, "枚": 3, "7nm": 1, "EUV": 1, "工艺": 1, "制程": 1, "基带": 2, "集成": 3, "芯片": 10, "当中": 1, "晶体管": 1, "数量": 2, "历史": 1, "130亿": 1, "拍照": 4, "讲": 1, "套": 1, "四": 2, "推测": 1, "摄+": 1, "广角": 2, "长焦": 1, "TO": 1, "F景": 1, "镜头": 1, "5": 1, "Pro": 4, "4800万": 1, "像素": 1, "IMX582": 1, "整体": 1, "IMX586": 1, "相机": 1, "理由": 1, "希望": 2, "年底": 1, "12月": 1, "正式": 4, "亮相": 1, "兄弟": 1, "V30": 1, "大概率": 1, "都会": 2, "同款": 1, "意味着": 2, "下放": 1, "布局": 1, "开启": 3, "十月": 1, "11": 4, "大战": 1, "不同于": 1, "往年": 1, "战场": 1, "侧目": 1, "5G版": 24, "京东": 3, "实时": 1, "更新": 1, "通讯": 1, "排行榜": 1, "显示": 1, "开售": 1, "霸榜": 1, "领跑": 1, "日榜": 1, "累计榜": 1, "天猫": 1, "苏宁": 1, "三大": 2, "电商": 1, "出具": 1, "首日": 1, "战报": 1, "销售额": 1, "双冠王": 1, "终端": 3, "官方": 2, "发起": 1, "场景": 3, "智慧": 3, "大礼包": 1, "抽奖": 2, "活动": 4, "@": 1, "参与": 2, "说出": 1, "想要": 1, "描绘": 1, "想象": 1, "即可": 1, "在内": 1, "此次": 1, "顺丰": 2, "合作": 1, "快捷": 1, "服务": 1, "购机": 1, "下单": 1, "短": 1, "收到": 1, "线": 1, "表现": 2, "叹服": 1, "线下": 2, "场面": 1, "火爆": 1, "首销": 3, "当日": 1, "生活馆": 1, "体验店": 1, "零售商": 1, "门店": 1, "排起": 1, "长龙": 1, "热情": 1, "爆棚": 1, "首款": 2, "爆品": 2, "名副其实": 2, "众": 1, "脱颖而出": 1, "奇怪": 2, "现今": 1, "本质": 1, "区别": 1, "整整": 1, "代际": 1, "何以": 1, "往下": 1, "精": 2, "组网": 7, "方式": 1, "SA": 4, "NSA": 6, "超高": 1, "带宽": 1, "才能": 1, "低": 2, "时延": 1, "海量": 1, "连接": 1, "2020年": 1, "1月": 1, "申请": 1, "总体": 1, "初期": 1, "过渡": 1, "市面": 1, "绝大多数": 2, "兼顾": 1, "SA/NSA": 2, "模组网": 2, "适用于": 1, "将来": 1, "业界": 1, "外挂": 1, "优势": 4, "成本": 1, "体积": 2, "能耗": 1, "发热": 1, "友好": 1, "挤占": 1, "Modem": 1, "SoC": 2, "集成度": 1, "功耗": 1, "性能": 1, "持久": 1, "双卡": 3, "亦然": 1, "绝大多": 1, "也就是": 1, "插入": 1, "5G卡": 1, "卡": 2, "多年": 1, "深厚": 1, "通信": 1, "双待": 1, "通话": 1, "影响": 1, "领": 1, "卡接": 1, "电话": 1, "上网": 1, "诸多": 2, "硬核": 2, "本身": 1, "值得": 2, "影像": 3, "突破性": 1, "重构": 1, "传统": 1, "认知": 1, "7680": 3, "帧": 1, "动作": 1, "拍摄": 3, "超感": 1, "光徕卡": 1, "电影": 1, "变焦": 2, "30": 1, "数码": 1, "超广角": 1, "手持": 1, "全方位": 2, "需求": 1, "视频": 3, "fps": 2, "超高速": 2, "摄影": 3, "4K": 1, "超": 1, "暗态": 1, "延时": 1, "上图": 1, "这是": 1, "GIF": 1, "瞬间": 1, "清清楚楚": 1, "续航": 2, "给力": 2, "配备": 1, "超大": 1, "容量": 1, "强劲": 1, "W华": 2, "27": 1, "助力": 1, "用机": 1, "爆款": 1, "基础": 1, "加上": 1, "爆红": 1, "十一": 1, "还给": 1, "重磅": 1, "福利": 1, "明星": 1, "程度": 1, "优惠": 1, "免息": 1, "分期": 1, "惊喜": 1, "礼": 1, "期间": 1, "多多": 1, "锁定": 1, "开门红": 1, "!": 1}