{"中国": 1, "深圳": 1, "2019年": 1, "9月": 3, "17日": 1, "近日": 1, "全球": 5, "权威": 1, "信息": 5, "分析": 2, "咨询": 7, "公司": 6, "IDC": 5, "发布": 6, "MarketScape": 4, "Worldwide": 1, "Net": 1, "work": 1, "Consulting": 1, "Services": 1, "2019": 2, "Vendor": 1, "Assessment": 1, "(": 4, "网络": 10, "规划": 5, "服务": 24, "厂商": 4, "评估": 5, ")": 4, "报告": 2, "华为": 50, "企业": 7, "首次": 1, "列入": 1, "领导者": 1, "象限": 1, "指出": 1, "内": 2, "买家": 2, "客户": 11, "快": 1, "云计算": 1, "领域": 2, "、": 21, "加快": 1, "部署": 2, "速度": 2, "强大": 1, "实力": 1, "技术": 15, "角度": 1, "宝贵": 1, "建议": 2, "构建": 1, "大型": 1, "平台": 3, "包括": 3, "想出": 1, "套": 1, "一站式": 1, "解决": 3, "方案": 7, "都": 3, "行业": 7, "领先": 4, "显示": 2, "竞争": 2, "优势": 3, "致力": 2, "提供": 6, "品质": 2, "一致性": 1, "体验": 1, "建设": 1, "面向": 3, "全球化": 2, "能力": 3, "未来": 3, "5": 1, "市场": 4, "专业": 1, "研发": 1, "投入": 3, "增长": 5, "超过": 1, "50%": 1, "截至": 3, "建成": 1, "分布": 1, "6": 1, "国家": 1, "实验室": 2, "项目": 2, "验证": 4, "平安": 1, "城市": 2, "/": 5, "智慧": 3, "园区": 1, "综合": 4, "产品": 5, "云使": 1, "性能": 3, "提升": 4, "远程": 1, "交付": 3, "&": 1, "维护": 1, "镜像": 1, "集成": 2, "合作": 1, "伙伴": 1, "开放": 3, "致力于": 1, "降低": 1, "风险": 2, "推动": 1, "联合": 1, "创新": 2, "打造": 1, "先进": 1, "基于": 2, "完整": 2, "成功": 3, "经验": 1, "最佳": 2, "实践": 1, "业务": 4, "云化": 1, "新建": 1, "升级": 1, "改造": 1, "加速": 1, "ICT": 2, "数字化": 3, "转型": 2, "端到端": 1, "设计": 4, "实施": 1, "金融": 1, "政府": 1, "制造": 1, "交通": 1, "电力": 1, "上万": 1, "大中型": 1, "支撑": 1, "连续": 1, "平滑": 1, "演进": 1, "快速": 1, "上线": 1, "TCO": 1, "成本": 1, "BG": 1, "服务部": 1, "总裁": 1, "孙茂录": 1, "：": 7, "中心": 1, "发扬": 1, "工匠": 1, "精神": 1, "始终": 2, "秉承": 1, "理念": 1, "满意": 1, "起点": 1, "建立": 1, "信任": 1, "支持": 4, "变革": 1, "建设者": 1, "护航者": 1, "这是": 1, "战略": 3, "定位": 1, "选择": 1, "MarketScape:IDC": 1, "模型": 2, "一个": 3, "通信": 1, "既定": 2, "竞争力": 1, "研究": 2, "方法": 2, "利用": 1, "定性": 1, "定量": 1, "标准": 1, "评分": 1, "供应商": 3, "位置": 1, "单一": 1, "图解": 1, "设定": 1, "清晰": 1, "维度": 1, "IT": 1, "电信": 1, "策略": 1, "因素": 1, "意义": 1, "潜在": 1, "360": 1, "度": 1, "为此": 1, "负责": 1, "第三方": 1, "自行": 1, "承担": 1, "三星": 4, "苹果": 7, "相继": 1, "年度": 2, "旗舰": 4, "不少": 2, "消费者": 2, "关注点": 1, "放": 1, "19号": 1, "即将": 1, "Mate30": 17, "身上": 1, "该机": 3, "日期": 1, "临近": 1, "硬件": 2, "配置": 3, "海外": 1, "媒体": 1, "提前": 1, "曝光": 2, "消息": 3, "称": 1, "售价": 1, "国行版": 1, "依旧": 1, "3999": 2, "起售": 1, "可谓": 1, "诚意": 1, "十足": 1, "外媒": 1, "给出": 1, "正面": 1, "采用": 3, "刘": 1, "海屏": 1, "刘海": 4, "大小": 1, "相比": 3, "Pro": 7, "缩减": 1, "搭载": 2, "Face": 1, "ID": 1, "造型": 3, "放弃": 1, "水滴屏": 1, "很": 2, "前置": 2, "双摄": 1, "或者是": 1, "镜头": 7, "模组": 3, "增加": 2, "颗": 3, "补光灯": 1, "颜值": 2, "搭配": 1, "曲面屏": 1, "稍逊": 1, "Note10一筹": 1, "iPhone": 2, "11": 1, "手机": 9, "背面": 1, "圆形": 2, "图案": 1, "周边": 1, "圈": 1, "CD纹理": 1, "左上": 1, "角会": 1, "配备": 3, "氙气灯": 1, "辨识度": 1, "对比": 1, "Note10": 2, "竖直": 1, "iPhone11": 2, "浴霸": 1, "美感": 1, "出众": 1, "拍照": 2, "功能": 4, "三": 1, "款": 3, "表现": 1, "最为": 1, "优秀": 1, "配有": 1, "徕卡": 1, "四": 3, "摄": 2, "像素": 2, "4000万": 2, "申请": 1, "电影": 2, "商标": 1, "视频": 1, "录制": 1, "成像": 1, "不难": 1, "潜望式": 1, "变焦": 3, "3": 1, "倍": 2, "光学": 1, "30": 13, "数码": 1, "安卓": 1, "项": 1, "招牌": 1, "——": 1, "充电": 2, "40W快充": 1, "毕竟": 1, "超级": 3, "闪充": 1, "普及": 1, "22.5W快充": 1, "价位": 1, "竞品": 1, "27": 2, "W无线": 2, "快充": 2, "大概率": 1, "无缘": 1, "麒麟": 1, "990": 1, "处理器": 1, "EMUI": 2, "10.0": 1, "系统": 4, "方舟": 1, "编译器": 1, "文件": 1, "GPU": 1, "Turbo3.0": 1, "骁龙": 1, "855+": 1, "A13": 1, "稍": 1, "辅助": 1, "加持": 1, "运行": 1, "流畅度": 1, "丝毫": 1, "逊色": 1, "真的": 1, "定价": 1, "元": 2, "笔者": 2, "国内": 2, "无疑": 1, "销量": 1, "影响": 1, "Mate": 12, "展示机": 1, "宣传": 1, "台面": 1, "核心": 1, "一一": 1, "揭晓": 1, "系列": 4, "内建": 1, "7nm": 1, "芯片": 6, "麒麟990": 1, "达芬奇": 1, "架构": 1, "NPU": 1, "后置": 2, "双主": 1, "摄徕卡": 1, "800万": 1, "长焦": 1, "3D": 2, "深感": 1, "摄像头": 1, "主打": 1, "超高清": 1, "拍摄": 1, "7680": 1, "帧超": 1, "高速": 1, "摄影": 1, "电池": 2, "容量": 2, "4200": 1, "mAh": 1, "4500": 1, "mA": 1, "均": 3, "40W": 1, "有线": 1, "预装": 1, "革新": 1, "交互": 1, "10": 1, "联接": 1, "AI级": 1, "保护": 1, "隐私": 1, "此前": 2, "摄模组": 1, "区别": 1, "瀑布屏": 1, "依然": 1, "屏幕": 1, "面积": 1, "内置": 1, "传感器": 1, "面部": 1, "识别": 1, "以往": 1, "惯例": 1, "防水": 1, "差别": 1, "领军": 1, "品牌": 2, "旗下": 1, "越来越": 1, "带来": 1, "更多": 1, "惊喜": 1, "拭目以待": 1, "！": 3, "16日": 1, "讯": 1, "心声": 1, "社区": 1, "创始人": 2, "任正非": 8, "接受": 1, "英国": 1, "经济学人": 1, "采访": 5, "纪要": 1, "此次": 1, "5G": 11, "工艺": 1, "国外": 1, "许可": 3, "一次性": 1, "买断": 1, "缴纳": 1, "许可费": 1, "给予": 1, "等于": 1, "希望": 2, "西方": 1, "缩短": 1, "往前": 1, "走": 1, "路径": 1, "拿到": 1, "6G": 2, "世界": 3, "判断": 1, "才": 2, "转让": 2, "终结": 1, "资金": 1, "大踏步": 1, "本来": 1, "平衡": 1, "利益": 1, "享是": 1, "有利于": 1, "生存": 1, "基础": 1, "修改": 2, "代码": 2, "相当于": 1, "屏蔽": 2, "美国": 6, "独立": 1, "管住": 1, "卖": 2, "透露": 1, "8月": 1, "收入": 2, "累计": 1, "19.7%": 1, "利润": 2, "去年": 1, "持平": 1, "上半年": 2, "业绩": 1, "报": 1, "销售": 3, "4013亿": 1, "人民币": 1, "同比": 1, "23.2%": 1, "净": 1, "利润率": 1, "8.7%": 1, "原因": 1, "大幅度": 1, "退休": 3, "话题": 1, "思维": 1, "才思": 1, "泉涌": 1, "状态": 1, "呆": 1, "网友": 3, "评论": 2, "前进路": 1, "缺": 1, "对手": 1, "延伸": 1, "阅读": 1, "出售": 2, "时代": 1, "4月": 2, "15日": 1, "CNBC": 1, "全国": 1, "广播": 1, "财经": 1, "频道": 1, "播出": 1, "在内": 2, "智能": 1, "制造商": 1, "众所周知": 1, "用于": 1, "设备": 1, "一点": 1, "11日": 1, "CEO": 1, "余承东": 1, "P30": 1, "发布会": 1, "来源": 1, "凤凰网": 1, "人民": 1, "邮电报": 1, "流程": 1, "编辑": 1, "tf": 1, "011": 1}