{"来源": 2, "：": 16, "黄生": 1, "金融": 8, "波兰": 1, "拒绝": 2, "华为": 133, "5G": 20, "产品": 10, "意大利": 1, "政府": 6, "动用": 2, "黄金": 1, "权力": 1, "审查": 1, "行将就木": 1, "索罗斯": 1, "插": 1, "脚": 1, "美国": 10, "打压": 5, "低调": 3, "件": 4, "大事": 2, "特朗普": 5, "无声": 1, "反击": 2, "震撼": 1, "世界": 4, "力量": 1, "发行": 7, "期": 3, "银行": 3, "中期": 3, "票据": 7, "规模": 1, "共计": 2, "60亿": 2, "元": 15, "看似": 1, "简单": 3, "显示": 8, "无比": 1, "强大": 3, "公开": 14, "市场": 17, "提供": 7, "审计": 2, "财务": 13, "报表": 5, "全世界": 2, "得以": 1, "这家": 2, "神秘": 2, "公司": 15, "实力": 9, "太": 9, "内部": 1, "状况": 3, "跳": 1, "数据": 7, "手中": 1, "现金": 6, "充裕": 2, "高达": 2, "2500亿": 3, "1200亿": 1, "存款": 1, "随时": 1, "流动性": 1, "超级": 1, "短期": 1, "借款": 2, "149亿": 1, "长期": 3, "才": 7, "435亿": 1, "应付": 1, "债券": 2, "308亿": 1, "相比": 2, "一点": 5, "有息": 1, "债务": 1, "实在": 1, "偿债": 2, "能力": 2, "安全性": 1, "2019年": 3, "上半年": 3, "收入": 7, "3965亿": 1, "净利润": 2, "349亿": 1, "快速": 1, "增长": 3, "毫无疑问": 2, "靓丽": 1, "发呆": 1, "无数": 1, "机构": 7, "都": 28, "竟然": 1, "发债": 15, "一时间": 1, "傻眼": 1, "额度": 1, "抢完": 1, "选择": 4, "这是": 5, "走向": 2, "、": 39, "透明": 4, "道路": 1, "对外": 2, "展示": 2, "公正": 1, "途径": 1, "国际": 3, "很多": 5, "不明": 1, "真相": 1, "打击": 1, "难以": 1, "撑": 1, "业绩": 1, "恶化": 1, "企业": 9, "发展": 5, "举步维艰": 1, "情况": 3, "芯片": 16, "操作": 3, "系统": 15, "手机": 21, "一路": 2, "开花": 1, "社会": 1, "怀疑": 1, "目光": 1, "证明": 2, "第三方": 1, "评级": 4, "做出": 2, "评价": 1, "这样一来": 3, "质疑者": 1, "闭嘴": 1, "信心": 2, "提振": 1, "精神": 4, "中国": 5, "困境": 1, "表现": 3, "打垮": 1, "反而": 2, "体现": 1, "充足": 1, "销售": 1, "很": 10, "发生": 1, "变化": 1, "主动": 4, "外界": 1, "沟通": 2, "任正非": 3, "接受": 3, "国内外": 2, "媒体": 3, "采访": 2, "阐述": 1, "开放": 5, "进一步": 4, "不仅仅": 2, "打交道": 1, "工作": 3, "交道": 1, "不大": 1, "详细": 1, "强势": 1, "好事": 1, "金融界": 1, "给予": 1, "AAA级": 1, "肯定": 2, "支持": 11, "创始人": 1, "国外": 4, "希望": 2, "技术": 8, "转让": 3, "科技": 1, "包括": 1, "底层": 1, "代码": 1, "改变": 1, "落后": 1, "培育": 1, "一家": 1, "优秀": 1, "竞争": 2, "不用": 2, "担心": 3, "垄断": 1, "全球": 2, "自信": 1, "缺": 9, "钱": 12, "奢华": 1, "秀": 1, "发": 1, "债": 1, "宣告": 1, "政策": 2, "破产": 1, "被特朗普": 1, "压垮": 1, "合作": 6, "才能": 1, "共赢": 1, "段": 1, "对话": 1, "火": 1, "一个": 12, "民营": 1, "股权": 1, "分散": 1, "总监": 2, "抓": 1, "想": 3, "纷纷": 1, "得知": 1, "跪求": 1, "一点量": 1, "搞笑": 1, "！": 19, "这几年": 1, "有目共睹": 1, "成功": 2, "超越": 2, "苹果": 5, "第二": 2, "智能": 10, "品牌": 1, "高端": 2, "不错": 1, "推出": 2, "华为p30": 1, "系列": 2, "抢走": 1, "iPhone": 1, "用户": 5, "正是": 2, "正式": 2, "对手": 1, "重视": 1, "发现": 1, "拼": 2, "岁月": 2, "就算": 1, "火力": 2, "全开": 2, "P30Pro": 15, "加速": 1, "跌至": 2, "退场价": 2, "网友": 4, "抱怨": 3, "买": 4, "早": 4, "旗舰": 3, "具备": 2, "强悍": 1, "拍照": 1, "首次": 3, "搭载": 6, "4": 3, "摄像头": 2, "设计": 4, "业界": 2, "首款": 1, "采用": 5, "RYYB": 1, "滤光": 1, "列阵": 1, "机型": 1, "iPhoneXsMax": 1, "登顶": 1, "第一": 2, "麒麟980": 4, "处理器": 23, "4200": 1, "mAh": 1, "电池": 1, "40W": 1, "快充": 1, "功能": 6, "过时": 1, "外观": 1, "水滴": 1, "曲面屏": 1, "柔顺": 1, "手感": 2, "出色": 3, "屏幕": 10, "素质": 1, "调教": 1, "持握": 1, "视觉": 1, "效果": 1, "通透": 1, "P3Pro": 1, "天空": 1, "镜": 1, "变色": 1, "方案": 3, "不得不": 1, "整体": 3, "可圈可点": 1, "值得": 1, "国产": 5, "一流": 1, "水准": 1, "最终": 1, "价格": 12, "降到": 1, "4988": 1, "起步": 2, "9月": 2, "6日": 1, "再次": 1, "嫣": 1, "紫色": 1, "墨玉蓝": 1, "配色": 2, "延续": 1, "旗舰机": 1, "寿命": 1, "毕竟": 5, "款": 5, "4月份": 1, "上市": 7, "如今": 2, "半年": 3, "降价": 2, "不少": 4, "想到": 2, "P30": 1, "Pro刚": 1, "发布": 9, "5": 3, "沦为": 1, "淘汰品": 1, "原因": 9, "麒麟": 9, "980": 1, "性能": 5, "差": 2, "潮流": 1, "；": 2, "P30pro": 1, "下跌": 1, "首批": 3, "痛心疾首": 1, "损失": 1, "掉价": 1, "对比": 1, "小米": 3, "9": 2, "魅族": 2, "16sPro": 2, "性价比": 2, "第三": 1, "iPhone11": 2, "5499": 1, "一开始": 1, "5488": 1, "差别": 1, "错过": 1, "机会": 1, "过于": 1, "激烈": 1, "料到": 1, "就要": 1, "便宜": 1, "确实": 1, "实惠": 1, "昂贵": 1, "意料": 1, "之中": 1, "篇": 1, "偏向": 1, "长文": 1, "耐心": 1, "读完": 1, "时间": 2, "消化": 1, "粉丝": 1, "关注": 3, "鸿蒙": 2, "熟悉": 3, "厉害": 2, "大众": 1, "面前": 1, "露面": 1, "好好": 1, "电脑": 7, "鲲鹏": 5, "家用": 2, "路由器": 4, "凌霄": 3, "Wi-Fi": 1, "6": 2, "人工": 2, "AI": 4, "昇腾": 9, "基带": 2, "领域": 3, "巴龙": 2, "970": 1, "口碑": 1, "上扬": 1, "麒麟810": 2, "7nm": 2, "工艺": 3, "拉": 1, "千元机": 1, "档位": 1, "短板": 1, "全都": 3, "补": 1, "时代": 1, "主场": 1, "通讯": 1, "强项": 1, "大部分": 1, "专利": 2, "深层": 1, "优化": 5, "核心": 5, "竞争力": 2, "这两年": 1, "大战": 2, "不难": 1, "提升": 5, "基本上": 2, "瓶颈": 1, "制成": 1, "难": 1, "基础": 2, "速度": 1, "减缓": 1, "功耗": 1, "下功夫": 1, "处在": 1, "领先": 1, "地位": 1, "主流": 1, "服役": 1, "麒麟990": 1, "默认": 1, "很快": 1, "英特尔": 1, "X86": 1, "架构": 6, "统治": 1, "90%": 1, "无敌": 1, "慢慢": 1, "打破": 1, "僵局": 1, "920": 2, "1月": 1, "中心": 2, "高性能": 1, "兼容": 1, "ARM": 1, "制造": 2, "32/48/64": 1, "内核": 1, "主频": 1, "2.6GHz": 1, "8": 2, "通道": 1, "DDR4": 1, "PCIe": 1, "4.0": 1, "100G": 1, "RoCE": 1, "网络": 4, "PC": 2, "懂": 1, "形容": 1, "台式": 2, "规格": 1, "8通道": 1, "内存": 1, "大型": 1, "服务器": 3, "集成": 1, "CPU": 1, "南桥": 1, "网卡": 1, "SAS": 1, "存储": 2, "控制器": 1, "颗": 1, "主板": 1, "留": 1, "空间": 1, "都会": 2, "地方": 2, "配套": 1, "生态": 6, "废铁": 1, "毫无用武之地": 1, "深圳": 3, "试点": 2, "南方": 1, "电网": 1, "供电局": 1, "实验": 3, "项目": 1, "部署": 1, "涵盖": 1, "自研": 3, "迁移": 1, "平台": 1, "该局": 1, "IDC": 1, "信息": 3, "软硬件": 1, "资源": 1, "全栈": 1, "软件": 1, "硬件": 2, "国产化": 1, "数千万": 1, "人口": 1, "城市": 2, "保障": 1, "闪失": 1, "后果": 1, "进展": 1, "顺利": 1, "算是": 3, "超大规模": 1, "实体": 1, "接下来": 1, "替换": 1, "成鲲鹏": 1, "省钱": 1, "规避": 1, "隐私": 1, "窃取": 1, "风险": 2, "山西": 1, "百信": 1, "有限": 2, "深度": 11, "拿出": 1, "构架": 1, "太行": 1, "220s": 1, "机样机": 1, "恒山": 1, "明年": 2, "落地": 1, "基层": 2, "单位": 2, "波": 1, "优先": 2, "客户": 1, "入手": 1, "公务": 3, "用机": 1, "形式": 1, "杀入": 1, "正确": 1, "接受度": 1, "低": 3, "过程": 1, "日常": 1, "内容": 1, "固定": 1, "流程化": 1, "东西": 2, "措施": 1, "收集": 1, "完善": 1, "记得": 1, "发布会": 1, "带入": 1, "届时": 1, "一块": 1, "联想": 1, "还要": 2, "抵御": 1, "入侵": 1, "战略型": 1, "本身": 1, "居家": 3, "场景": 5, "用于": 1, "研发": 9, "适合": 1, "别人": 1, "弄": 1, "自已": 1, "想法": 1, "随意": 1, "增加": 2, "不对": 1, "伙伴": 2, "国内": 6, "卖点": 2, "贵": 1, "好用": 1, "统一": 1, "米家": 1, "APP": 1, "管理": 2, "控制": 2, "相当于": 1, "遥控器": 1, "消费者": 7, "未来": 6, "综合": 1, "互动": 1, "方式": 1, "优势": 1, "建设": 1, "一但": 1, "成型": 1, "巴": 1, "龙": 1, "配合型": 1, "910": 2, "310": 3, "用来": 1, "执行": 1, "某种": 1, "特定": 1, "识别": 1, "基于": 1, "解决": 1, "园区": 1, "巴士": 1, "能源": 1, "汽车": 1, "分析": 1, "自动": 1, "驾驶": 1, "车载": 2, "计算": 1, "训练": 1, "胜任": 1, "作用": 2, "单单": 1, "先进": 1, "家庭": 1, "宽带": 1, "终端": 2, "模组": 1, "将来": 1, "展现": 1, "连接": 3, "体验": 2, "商业": 1, "尽可能": 1, "自给自足": 1, "减少": 2, "依赖": 1, "这次": 5, "针对": 1, "事件": 1, "路上": 1, "国家": 1, "决定性": 1, "做为": 1, "感受": 1, "数码": 1, "中国人": 1, "事情": 1, "折叠屏": 5, "MateX": 11, "10月": 2, "990+5G": 1, "良心": 2, "可靠": 2, "人员": 2, "10月份": 1, "Matex": 1, "版本": 3, "几日": 1, "余承东": 2, "透漏": 1, "5G版": 1, "将要": 1, "新闻": 2, "就绪": 1, "耐折叠": 1, "投入": 5, "量产": 1, "难处": 1, "在于": 1, "折叠": 4, "块儿": 1, "京东方": 2, "足以": 1, "优质": 1, "程度": 1, "越来越": 1, "2月份": 2, "迟迟": 1, "三星": 3, "屏Galaxy": 1, "Fold": 3, "测试": 2, "阶段": 1, "吐槽": 1, "诸多": 2, "绝大部分": 1, "出自": 1, "质量": 3, "推迟": 2, "想必": 1, "大径": 1, "新增": 2, "配置": 6, "组合": 4, "降低": 4, "售价": 4, "原定": 1, "8+512": 1, "+": 1, "128": 1, "顶配": 1, "990": 1, "NSA": 2, "SA": 1, "配版": 1, "依然": 1, "骁龙": 1, "855": 1, "1": 8, "模式": 4, "外挂": 1, "网路": 1, "成本": 3, "方法": 1, "MateX5G": 1, "定为": 1, "2299": 1, "欧元": 1, "人民币": 2, "接近": 1, "1.8万": 1, "自然": 1, "配": 1, "推": 1, "可想而知": 1, "保证": 3, "的确": 1, "抓紧": 1, "修正": 1, "负责": 2, "旗下": 1, "名誉": 1, "手上": 1, "产业链": 1, "人士": 1, "估计": 1, "9000多": 1, "块钱": 3, "最低": 1, "6+128": 1, "预计": 1, "14000": 1, "多元": 1, "算": 1, "吸引": 1, "无疑": 1, "正面": 1, "6.6寸": 1, "背面": 2, "尺寸": 1, "6.38寸": 1, "展开": 2, "寸": 1, "20万": 1, "变形": 1, "机身": 1, "组件": 1, "铰链处": 1, "碳": 1, "纤维": 1, "覆盖": 1, "平滑": 1, "下旬": 1, "迟到": 1, "购买": 1, "每日": 1, "精彩": 1, "报道": 1, "近期": 1, "美": 1, "贸易": 1, "否认": 1, "放松": 1, "不利": 1, "业务": 8, "好说": 1, "笔记本": 4, "显卡": 1, "停用": 1, "一系列": 1, "图片": 1, "MateBook": 7, "安装": 1, "Linux": 14, "运行": 3, "LinuxMateBook": 1, "发行版": 1, "众多": 1, "首选": 1, "照片": 1, "论坛": 1, "长": 1, "适配": 1, "意味着": 1, "预装": 2, "荣耀": 1, "台阶": 1, "编辑": 1, "点评": 1, "双赢": 1, "举措": 1, "环境": 1, "面临": 1, "Windows": 1, "稳妥": 1, "代表": 1, "推广": 1, "(": 1, "7270308": 1, ")": 1, "经济": 1, "网华": 1, "双叒": 1, "刷屏": 1, "11日": 1, "晚": 1, "交易商": 1, "协会": 1, "筹划": 1, "用途": 1, "补充": 3, "营运": 2, "资金": 9, "消息": 2, "淡定": 1, "议论纷纷": 1, "为啥": 1, "一般来说": 1, "难道": 1, "到底": 2, "将近": 1, "没钱": 2, "募集": 2, "说明书": 5, "截至": 2, "净": 1, "资产": 3, "2454.87亿": 1, "7057.16亿": 1, "流动": 1, "货币": 1, "6月": 1, "末": 3, "2497.31亿": 1, "2018年": 2, "656.44亿": 1, "增幅": 1, "35.66％": 1, "外部": 3, "融资": 12, "占": 5, "运营": 2, "比例": 2, "也就是说": 1, "做生意": 1, "垫钱": 1, "回应": 2, "称": 1, "来自于": 1, "经营": 3, "积累": 2, "占比": 2, "90％": 1, "10％": 2, "10": 1, "雄厚": 1, "忘": 1, "稳健": 2, "现金流": 1, "告诉": 1, "资本": 4, "渠道": 5, "讲": 1, "专家": 1, "观点": 1, "大体上": 1, "国联": 1, "证券": 1, "分析师": 1, "王亮": 1, "北京": 1, "千": 1, "投资": 2, "王林": 2, "资金面": 1, "宽松": 1, "有助于": 1, "3": 2, "认可度": 1, "披露": 2, "投资者": 1, "信任": 1, "运作": 1, "奠定": 1, "拓展": 2, "诺亚": 1, "研究": 1, "工作坊": 1, "二级": 1, "负责人": 1, "姜奇甲": 1, "关键": 1, "布局": 2, "持续": 1, "确保": 1, "境内": 2, "打开": 1, "不行": 2, "舍得": 2, "员工": 6, "身上": 1, "花钱": 1, "引发": 1, "猜测": 1, "正好": 1, "解开": 1, "谜底": 1, "一半": 1, "搞": 1, "比重": 2, "超过": 1, "4800亿": 1, "大头": 2, "近年来": 1, "风头": 1, "盖": 1, "势头": 1, "迅猛": 1, "营业": 2, "2184.64亿": 1, "55.09％": 1, "总收入": 1, "股": 1, "力度": 1, "战斗力": 1, "有名": 1, "激励": 1, "奋斗": 1, "不止": 1, "持股": 3, "计划": 1, "参与": 2, "人数": 2, "96768": 1, "53％": 1, "打工": 1, "心情": 1, "外行": 1, "看热闹": 1, "内行看门道": 1, "小编": 1}