{"华为": 95, "挺住": 1, "：": 5, "4": 1, "公司": 6, "力挺": 4, "联想": 11, "言论": 2, "争议": 1, "段": 2, "时间": 2, "美国": 23, "影响": 5, "发": 1, "外界": 1, "轰动": 1, "高通": 3, "、": 10, "谷歌": 2, "英特尔": 2, "巨头": 8, "都": 10, "特朗普": 1, "事情": 2, "面对": 2, "企业": 5, "联合": 1, "打压": 2, "再次": 1, "遭遇": 3, "公平": 3, "待遇": 3, "提供": 2, "服务": 2, "国际": 4, "联盟": 2, "提出": 1, "名单": 1, "算": 1, "芯片": 10, "设计": 1, "找": 1, "麻烦": 1, "真的": 1, "一波未平": 1, "一波又起": 1, "好在": 1, "从新": 1, "接纳": 1, "民心所向": 1, "科技": 10, "发展": 1, "条件": 1, "行业": 2, "依然": 1, "承受": 2, "打击": 3, "很多": 3, "购买": 1, "手机": 6, "国人": 1, "充满": 1, "信心": 1, "Q1": 1, "季度": 1, "销量": 1, "暴增": 1, "44%": 1, "中国": 3, "领头羊": 1, "国家": 1, "想": 1, "国内": 1, "360": 3, "台积电": 3, "紫光": 2, "国微": 1, "松下": 3, "发文": 2, "什么的": 1, "台积": 1, "电代": 1, "加工": 1, "做法": 1, "无疑": 1, "吃": 1, "颗": 1, "定心丸": 1, "具备": 1, "生产": 1, "能力": 1, "一个": 5, "环节": 1, "全力": 1, "支持": 3, "鸿蒙": 3, "系统": 8, "适配": 1, "工作": 1, "创始人": 2, "值得": 1, "尊重": 1, "进一步": 1, "合作": 4, "希望": 1, "力量": 1, "更上一层楼": 1, "伙伴": 1, "禁令": 3, "深度": 1, "站": 1, "PC端": 1, "电脑": 1, "微软": 1, "都会": 2, "CEO": 2, "未来": 1, "研发": 2, "说错": 1, "长远": 1, "角度": 1, "大局": 1, "引发": 1, "不满": 1, "封杀": 4, "中兴": 5, "高管": 2, "掉进": 2, "伏击圈": 3, "2003年": 2, "成立": 1, "第16年": 1, "任正非": 13, "75亿": 1, "美元": 3, "价格": 1, "卖给": 1, "摩托罗拉": 2, "就绪": 1, "托罗拉": 1, "首席": 1, "运营官": 1, "迈克扎菲罗夫斯基": 1, "惬意": 1, "走": 2, "沙滩": 1, "可惜": 1, "临时": 1, "换将": 1, "扎菲罗夫斯基": 1, "晋升": 1, "收购": 1, "计划": 4, "泡汤": 1, "深深": 1, "当今": 1, "电信": 3, "设备": 9, "格局": 1, "卖掉": 1, "回来": 1, "征求": 1, "同事": 1, "意见": 1, "最终": 3, "出售": 1, "搁置": 1, "迟早": 1, "碰上": 1, "留下": 1, "应对": 1, "很": 2, "早": 2, "二十年": 1, "布局": 1, "半导体": 1, "海思": 5, "经历": 1, "一波三折": 1, "成长": 1, "高端": 1, "机型": 1, "麒麟": 2, "性能": 1, "弱于": 1, "骁龙": 1, "三星": 1, "猎户座": 1, "找到": 1, "2012年": 1, "看法": 2, "一时兴起": 1, "终于": 3, "美国商务部": 1, "列入": 1, "实体": 1, "清单": 1, "美企": 1, "中断": 2, "供货": 2, "困境": 1, "妥协": 1, "B": 1, "起到": 1, "作用": 1, "发生": 1, "何庭波": 1, "备胎": 5, "转正": 1, "余承东": 1, "秋天": 1, "晚": 1, "明年": 1, "春天": 1, "面世": 1, "断供": 3, "尖端": 1, "至少": 1, "5G": 4, "情况": 1, "感同身受": 1, "江涛": 4, "发表": 1, "此次": 3, "带来": 1, "好处": 1, "全世界": 1, "价值": 1, "100亿": 1, "免费": 1, "广告": 1, "免除": 1, "1000亿": 1, "供应商": 1, "主动": 1, "违约": 1, "费用": 1, "这是": 1, "渴盼": 2, "战争": 1, "掉入": 1, "早就": 1, "花": 1, "经费": 1, "商业": 1, "内在": 1, "逻辑": 1, "雄心": 1, "永远": 1, "锁": 2, "保密柜": 2, "成熟": 2, "足够": 1, "就算": 1, "跳": 1, "全球": 2, "爱立信": 1, "诺基亚": 1, "四": 1, "厂商": 1, "佼佼者": 1, "世界": 1, "只能": 1, "引火烧身": 1, "笔者": 1, "老话": 1, "害人之心不可有": 1, "防人之心不可无": 1, "防人": 1, "防到": 1, "害人": 1, "无可厚非": 1, "小人": 1, "搬起": 2, "石头": 2, "砸": 2, "脚": 3, "推荐语": 1, "优势": 1, "如今": 1, "尝": 1, "苦果": 1, "下文": 1, "转载": 1, "作者": 2, "阿娟": 2, "聊": 2, "关注": 2, "小编": 2, "致力于": 1, "分享": 1, "资讯": 1, "社会": 1, "生活": 1, "喜欢": 1, "点点": 1, "转发": 1, "评论": 1, "评论区": 1, "提问": 1, "肯定": 1, "回复": 1, "本文": 1, "原创": 1, "维权": 1, "必究": 1, "发布": 1, "技术": 2, "手段": 2, "封锁": 1, "舆论": 2, "做文章": 1, "想要": 3, "一一": 1, "挺": 1, "做出": 1, "反击": 1, "近期": 1, "美媒": 5, "声称": 1, "随身": 1, "携带": 1, "泄露": 1, "隐私": 2, "；": 1, "不少": 1, "媒体": 2, "调查": 1, "称": 4, "发现": 1, "偃旗息鼓": 1, "宣称": 2, "撤销": 1, "Android": 1, "许可": 1, "带到": 1, "大洋": 1, "对面": 1, "早前": 1, "用户": 1, "欧洲": 3, "对此": 1, "怀疑": 1, "态度": 1, "贬低": 1, "沃达丰": 3, "发声": 1, "沃达": 1, "丰称": 1, "软件": 1, "漏洞": 1, "小题大做": 1, "公开": 1, "消息": 1, "网友": 1, "纷纷": 1, "叫好": 1, "此举": 1, "证实": 1, "清白": 1, "踢": 1, "钢板": 1, "欧媒": 1, "思科": 1, "才": 1, "想到": 1, "倒打一耙": 1, "深入人心": 1, "7月份": 1, "推出": 1, "英国": 2, "城市": 1, "推广": 1, "近日": 1, "BBC": 1, "直播间": 1, "首次": 1, "传输": 1, "还给": 1, "特写": 1, "实行": 1, "阻挡": 1, "地方": 1, "脚步": 1, "订单": 1, "40+": 1, "数量": 2, "第一": 1, "水平": 1, "制裁": 2, "成效": 1, "也就是说": 1, "目的": 1, "终究": 1, "滑铁卢": 1, "反而": 1, "越来越": 1, "安然": 1, "度过": 1, "时期": 1, "一飞冲天": 1, "！": 1}