{"说起": 1, "段": 5, "时间": 6, "热度": 1, "话题": 1, "华为": 247, "5G": 102, "建设": 11, "过程": 2, "遭遇": 3, "系列": 9, "受阻": 2, "算是": 1, "小伙伴": 1, "早晨": 1, "醒来": 1, "打开": 2, "手机": 42, "看一看": 1, "有没有": 1, "最新": 1, "情况": 11, "回来": 2, "诸多": 3, "报道": 24, "虚": 1, "文章": 3, "德国": 21, "困境": 2, "法国": 22, "日本": 9, "封禁": 1, "面对": 5, "近期": 5, "网上": 1, "事实": 6, "不符": 2, "谣言": 2, "公共": 1, "政府": 22, "事务部": 1, "正式": 4, "发布": 12, "份": 13, "公告": 2, "澄清": 4, "业务": 13, "参与": 12, "运营商": 18, "标书": 3, "答复": 3, "实验局": 3, "测试": 27, "海外": 3, "发展": 10, "想象": 1, "网络": 16, "误传": 1, "、": 52, "翻译": 1, "准确": 3, "误解": 2, "后续": 2, "相关": 9, "动态": 2, "公布": 3, "真实": 1, "值得一提是": 1, "国人": 3, "振奋": 1, "消息": 7, "技术": 29, "商用": 14, "均": 5, "处于": 3, "行业": 16, "领先": 7, "水平": 3, "唯一": 2, "提供": 6, "端": 4, "系统": 8, "厂商": 6, "外部": 2, "压力": 4, "不错": 4, "成就": 4, "截止": 2, "25": 10, "合同": 13, "全球": 22, "50多": 3, "伙伴": 5, "签署": 4, "合作": 15, "协议": 4, "基站": 8, "发货": 3, "数量": 3, "超过": 15, "一万": 1, "数据": 2, "遥遥领先": 3, "关注": 5, "明年": 4, "上半年": 5, "搭载": 3, "芯片": 6, "智能": 5, "下半年": 5, "规模": 5, "Nova4": 1, "发布会": 5, "终端": 2, "产品线": 2, "总裁": 2, "何刚": 1, "智能机": 1, "出货": 4, "总量": 1, "2亿": 4, "台": 6, "2019年": 8, "预计": 7, "出货量": 5, "2.3亿": 1, "2.5亿": 1, "之间": 4, "意味着": 1, "大概率": 1, "超越": 3, "苹果": 17, "货真价值": 1, "第二": 4, "消费者": 2, "总体": 1, "国内": 6, "民营": 1, "企业": 10, "这两年": 1, "通讯": 5, "副": 1, "亮眼": 2, "表现": 7, "背后": 2, "高额": 1, "科研": 2, "投入": 6, "小伙伴们": 2, "对此": 4, "留言": 2, "交流": 1, "看法": 3, "记得": 1, "马云": 1, "：": 24, "这是": 5, "信息": 7, "爆炸": 1, "时代": 2, "很多": 3, "朋友": 1, "判断力": 1, "媒体": 8, "说风": 1, "风": 1, "雨": 2, "公司": 23, "今日": 2, "声明": 5, "；": 9, "新西兰": 4, "提交": 2, "方案": 6, "意见": 3, "监管": 3, "流程": 3, "尚未": 2, "走": 3, "客户": 11, "斡旋": 2, "针对": 5, "发出": 5, "理解": 1, "！": 7, "1": 2, "传出": 2, "间谍": 1, "活动": 2, "拒绝": 2, "事实上": 2, "电信": 20, "Orange": 6, "证实": 2, "排除": 6, "市场": 17, "设备": 19, "供应商": 7, "这家": 2, "中国": 22, "实施": 1, "禁令": 3, "资料": 2, "显示": 10, "扎根": 2, "16年": 2, "设立": 4, "数学": 1, "家庭": 1, "美学": 1, "四": 3, "研发": 8, "中心": 5, "2013年": 3, "项": 4, "15亿": 2, "欧元": 2, "投资": 5, "计划": 5, "运作": 1, "3": 1, "孙正义": 1, "带头": 1, "商谈": 1, "4": 2, "痛失": 2, "美国": 15, "都": 21, "进去": 1, "门子": 1, "商业": 13, "10,000": 2, "内": 5, "言论": 1, "确实": 2, "成绩": 3, "5G路": 1, "阻力": 1, "任正非": 1, "不惜": 1, "代价": 3, "赢得": 2, "顺便": 1, "印度": 47, "邀请": 9, "坐实": 1, "修建": 1, "说白了": 1, "无论是": 1, "AI": 4, "物联网": 2, "关键": 4, "未来": 6, "趋势": 1, "主动性": 1, "科技": 3, "才能": 1, "拿下": 4, "基金报": 2, "记者": 6, "凌云": 1, "五": 5, "眼": 5, "联盟": 6, "英国": 1, "加拿大": 4, "澳大利亚": 1, "展开": 3, "密集": 2, "围堵": 7, "试图": 2, "拉拢": 3, "法德": 1, "国家": 18, "抵制": 3, "近日": 5, "排名": 3, "首位": 2, "以此": 1, "方式": 3, "予以": 1, "还击": 1, "世界": 5, "证明": 2, "实力": 4, "说话": 3, "超": 5, "居首": 1, "12月": 12, "18日": 11, "逾": 4, "1万": 4, "轮值": 6, "董事长": 3, "胡厚崑": 4, "深圳": 2, "总部": 2, "新闻": 6, "称": 23, "营收": 10, "1000亿": 4, "美元": 15, "2017年": 4, "920亿": 5, "胡": 5, "厚崑": 5, "努力": 3, "制造": 3, "恐惧": 3, "利用": 6, "政治": 10, "干预": 3, "增长": 6, "自豪": 4, "信任": 3, "涉及": 2, "指控": 2, "记录": 6, "清白": 2, "官方": 3, "推进组": 1, "组织": 3, "第三": 2, "阶段": 1, "率先": 1, "SA": 1, "独立": 1, "组网": 1, "性能": 6, "功能": 11, "项目": 1, "业界": 3, "SA组网": 1, "迄今": 1, "基于": 3, "3GPP": 3, "R15": 2, "室内": 1, "覆盖": 1, "成功": 6, "2.6GHz": 2, "频段": 2, "Release": 1, "15": 1, "标准": 3, "9月份": 1, "版本": 2, "SA架构": 1, "NR": 2, "互操作性": 1, "产业": 1, "成熟": 2, "大规模": 1, "里程碑": 1, "领域": 6, "得益": 1, "多年": 1, "2009年": 1, "着手": 1, "布局": 1, "至今": 1, "9": 3, "年头": 1, "期间": 1, "突破性": 1, "进展": 1, "2012年": 1, "推出": 3, "验证": 1, "样机": 1, "6亿": 1, "用于": 2, "2015年": 2, "原型机": 1, "制定": 1, "2018年": 3, "50亿": 1, "元": 5, "产品化": 1, "进度": 1, "2020年": 1, "普及": 1, "短短": 1, "递交": 1, "资质": 1, "审核": 1, "规则": 1, "制定者": 1, "改": 1, "高通": 15, "主导": 2, "局面": 2, "有望": 1, "主导者": 1, "61": 1, "专利": 4, "占比": 3, "26%": 1, "高居": 1, "榜首": 1, "芬兰": 3, "意大利": 2, "力挺": 1, "西方": 7, "时报": 11, "电信局": 1, "秘书": 1, "参加": 6, "并称": 2, "赞华": 1, "受邀": 3, "包括": 8, "诺基亚": 5, "爱立信": 4, "三星": 2, "致力于": 2, "开发": 3, "可信": 2, "解决": 5, "全力": 1, "支持": 3, "经商": 1, "利益": 3, "攸": 2, "关方": 2, "建立": 2, "一个": 10, "大型": 1, "最初": 1, "巨头": 3, "政策": 3, "提出": 5, "反对": 2, "最终": 3, "修改": 2, "试验": 1, "11日": 2, "沃达丰": 2, "CEO": 5, "西奥": 2, "AldoBisio": 1, "表达": 1, "地位": 5, "领导": 1, "能力": 5, "认可": 1, "选择": 3, "演变": 2, "当天": 1, "指出": 4, "最佳": 1, "不仅仅": 1, "保证": 4, "先进性": 1, "角度": 2, "无疑": 2, "卓越": 1, "电视台": 2, "引述": 2, "研究": 1, "机构": 3, "产品": 8, "特定": 3, "风险": 2, "值得一提的是": 1, "强劲": 1, "竞争": 1, "对手": 1, "德法": 1, "失败": 1, "8月": 1, "为首": 1, "为由": 2, "华尔街": 2, "日报": 3, "透露": 3, "挑起": 1, "孟晚舟": 3, "事件": 5, "曝": 1, "迫于": 1, "类似": 1, "经济": 4, "13日": 2, "通信": 7, "软银": 2, "SoftBank": 1, "更换": 1, "4G": 2, "转向": 1, "14日": 1, "路透社": 2, "篇": 1, "盟友": 3, "出于": 3, "纷纷": 4, "在外": 1, "改变": 1, "策略": 2, "前不久": 1, "财政": 1, "部长": 2, "勒梅尔": 1, "巴黎": 1, "刚刚": 1, "一家": 1, "11月": 3, "东南部": 1, "城市": 1, "格勒诺布尔": 1, "第五": 4, "主攻": 1, "传感器": 11, "软件": 4, "史蒂芬·理查德": 1, "StéphaneRichard": 1, "接受": 1, "BFMTV": 1, "访谈": 1, "禁作": 1, "正面": 3, "回答": 1, "诅咒": 1, "感到": 2, "遗憾": 3, "本身": 2, "核心": 3, "15日": 1, "本来": 1, "未": 3, "禁止": 4, "理查德": 1, "意识": 1, "场": 2, "斗争": 1, "节目": 1, "困扰": 1, "争议": 2, "层面": 2, "不利于": 1, "欧洲": 2, "长远": 1, "明镜": 1, "周刊": 1, "呼吁": 3, "质疑": 2, "威胁": 3, "说法": 2, "证据": 5, "决策": 1, "联邦": 1, "办公室": 1, "BSI": 1, "主任": 2, "肖恩波姆": 1, "Arne": 1, "Schnbohm": 1, "部门": 2, "发现": 1, "专家": 1, "检查": 2, "零部件": 1, "参观": 1, "波恩": 1, "开设": 1, "实验室": 3, "措施": 1, "三大": 1, "基础": 4, "设施": 4, "内政部": 1, "7日": 1, "想": 1, "法律": 2, "部署": 1, "隐私": 2, "外交部": 1, "发言人": 2, "陆慷": 1, "10日": 1, "例行": 1, "记者会": 3, "不久前": 2, "官员": 1, "外国": 2, "在内": 3, "焦点": 1, "众多": 1, "网友": 4, "不公平": 1, "待遇": 1, "销售": 3, "iPhone": 8, "连锁": 1, "众": 1, "叫好": 1, "近段": 1, "福州": 1, "法院": 1, "禁售令": 5, "下达": 1, "理会": 2, "一度": 1, "置之不理": 1, "依旧": 1, "大摇大摆": 1, "禁售": 7, "侵权": 2, "万事大吉": 1, "想到": 2, "再次": 5, "对外": 2, "引发": 1, "网友们": 2, "热烈": 1, "讨论": 2, "顾问": 2, "iPhone6s": 1, "X型号": 1, "提到": 1, "寻求": 1, "iPhoneXS": 2, "iPhoneXR": 1, "法令": 1, "很快": 1, "诉讼": 1, "新款": 1, "不少": 8, "完蛋": 1, "专利权": 1, "纠纷": 2, "强势": 3, "或许": 2, "库克": 1, "后果": 1, "付出": 2, "很": 3, "和解": 1, "专利费": 1, "昂贵": 1, "如今": 4, "面临": 3, "麻烦事": 1, "市值": 1, "凭空": 1, "蒸发": 1, "2000亿": 1, "反观": 1, "深陷": 1, "影响": 7, "定局": 1, "早": 1, "三季度": 1, "阶段性": 1, "季": 1, "占": 1, "比例": 1, "同比": 1, "增至": 1, "13.4%": 1, "去年": 4, "同期": 1, "名": 1, "旗下": 1, "销量": 4, "肯定": 1, "远": 2, "不及": 1, "预期": 1, "陷入": 1, "自拔": 1, "XR": 1, "款": 5, "势必": 2, "打折扣": 1, "相提并论": 1, "评论区": 1, "资讯": 1, "P系列": 2, "机型": 1, "压制": 1, "Mate": 1, "上市": 1, "坐稳": 1, "宝座": 1, "本月": 1, "25号": 1, "突破": 5, "顺利": 1, "余承东": 1, "目标": 2, "相比": 1, "1.59亿": 1, "提升": 2, "快速": 2, "原因": 1, "定位": 4, "高端机": 1, "站稳": 1, "脚跟": 1, "中低端": 2, "小米": 1, "OV": 1, "差距": 1, "荣耀": 6, "nova": 11, "弥补": 1, "高性": 1, "价比": 2, "斩获": 1, "男性": 1, "粉丝": 2, "三年": 1, "出色": 4, "外观": 4, "设计": 7, "自拍": 6, "收获": 1, "女粉": 1, "中高端": 1, "市场品": 1, "因素": 1, "更新": 1, "都会": 1, "资金": 1, "拿出": 1, "眼前": 1, "亮": 2, "P20": 3, "Pro": 4, "拥有": 2, "拍照": 11, "Mate20": 1, "40": 1, "W功率": 1, "超级": 1, "快充": 2, "充电": 7, "速度": 2, "续航": 7, "即将": 1, "V20": 1, "GPU": 1, "Turbo": 2, "全新": 2, "黑科技": 1, "Link": 1, "期待": 1, "处处": 1, "这般": 1, "不利": 1, "正名": 1, "积累": 1, "最多": 1, "证券": 1, "继月": 1, "初": 1, "葡萄牙": 3, "订单": 3, "一半": 2, "稳居": 1, "第一": 4, "主席": 1, "徐": 1, "直军": 1, "全年": 1, "7000亿": 1, "人民币": 1, "干": 1, "漂亮": 1, "表态": 2, "会会": 1, "加码": 1, "态度": 1, "+": 1, "双重": 1, "优势": 3, "看好": 1, "不妨": 1, "谈谈": 1, "TechWeb": 1, "19日": 1, "国外": 1, "周二": 1, "年内": 1, "20亿": 2, "cybersecurity": 1, "增加": 1, "人员": 1, "升级": 5, "担忧": 2, "东莞": 2, "园区": 1, "做出": 1, "20多": 1, "国际": 1, "到场": 1, "介绍": 2, "(": 1, ")": 1, "略": 2, "高于": 1, "22": 2, "1,000亿": 1, "上年": 1, "8.7%": 2, "生产商": 1, "6036亿": 1, "净利润": 1, "475亿": 1, "猜测": 1, "稳健": 1, "实验": 1, "工作": 3, "现阶段": 1, "依然": 10, "时期": 1, "频频": 1, "就此": 2, "披露": 2, "错误": 1, "解读": 1, "困难": 1, "截至": 1, "刚": 1, "2018": 1, "年度": 1, "发货量": 1, "纪念版": 1, "25日": 1, "胡厚昆": 1, "业绩": 1, "预测": 1, "来源": 1, "北京": 1, "赵鹏": 1, "编辑": 1, "付": 1, "善元": 1, "高科技": 1, "当下": 1, "此举": 2, "印": 1, "领导层": 1, "善意": 1, "联合": 2, "打压": 2, "背景": 1, "附和": 1, "声音": 1, "有人": 1, "站": 2, "公道": 1, "17日": 5, "协会": 4, "致信": 2, "传闻": 2, "做法": 2, "损害": 3, "数字": 2, "前景": 2, "设备商": 3, "中兴": 4, "起初": 1, "收到": 3, "阿卢娜·桑达拉拉吉": 1, "邀请函": 1, "赞扬": 1, "人士": 5, "成文": 1, "战略": 1, "挑战": 1, "地缘": 2, "含义": 1, "分公司": 1, "环球": 3, "从未": 1, "关切": 2, "承诺": 1, "信赖": 1, "始终": 1, "优先": 1, "事项": 1, "援引": 1, "相关方": 1, "电信部": 2, "9月": 1, "小组": 1, "带有": 1, "特色": 1, "争论": 1, "此起彼伏": 1, "负责": 1, "出口": 2, "服务": 2, "委员会": 2, "TEPC": 2, "多瓦尔": 1, "进口": 1, "生产": 2, "纳迦": 1, "操控": 1, "敏感": 1, "国有": 1, "边界": 1, "东北部": 1, "地区": 2, "当地": 1, "公开力": 1, "挺": 1, "信中": 1, "匆忙": 1, "作出": 2, "干事": 1, "拉吉那·马修": 1, "筹备": 1, "运营": 2, "生态": 1, "构建": 1, "确保": 1, "符合": 1, "分析": 1, "告诉": 1, "列入": 1, "名单": 1, "维系": 1, "国": 1, "双边": 1, "关系": 1, "民意": 1, "断言": 1, "为时尚早": 1, "捷克": 2, "安全局": 1, "NCISA": 2, "警告": 1, "软硬件": 1, "通讯社": 1, "回应": 1, "否认": 1, "声誉": 1, "并未": 1, "阻碍": 2, "副董事长": 2, "兼": 2, "公开": 2, "名字": 1, "彭博社": 1, "逮捕": 1, "首席": 1, "财务官": 1, "发生": 1, "高层": 1, "首次": 2, "急迫": 1, "改进": 1, "响应": 1, "消除": 1, "台媒": 1, "防堵华": 1, "股": 1, "浪潮": 1, "步步为营": 1, "突围": 1, "台湾": 3, "旺报": 3, "攻": 1, "城": 1, "合约": 3, "为止": 1, "亚洲": 1, "中东": 1, "23": 1, "电信商": 1, "进一步": 1, "龙头": 1, "近年来": 1, "占有": 1, "一席之地": 1, "名列": 2, "全世界": 1, "176": 1, "第四": 1, "信科": 1, "集团": 3, "强大": 2, "群体": 1, "情报": 3, "崛起": 1, "心生": 1, "警惕": 1, "知情": 1, "负责人": 1, "7月": 1, "会议": 1, "遏制": 1, "商T-Mobile": 1, "Sprint": 1, "母公司": 1, "——": 6, "主动": 1, "停止": 1, "有助于": 1, "清除": 1, "价值": 1, "260亿": 1, "合并": 1, "交易": 1, "障碍": 1, "极力": 1, "踢出": 1, "门外": 1, "频传": 2, "捷报": 2, "重重": 1, "之下": 3, "准许": 1, "该国": 1, "称赞": 1, "此前": 1, "商Altice": 1, "后者": 1, "支撑商": 1, "中时": 1, "电子报": 1, "▲": 1, "图片": 2, "2月": 1, "26日": 1, "西班牙": 1, "巴塞罗那": 1, "大会": 1, "展台": 1, "电子屏": 1, "展示": 2, "新华社": 1, "封杀网": 1, "遥遥": 1, "取代": 1, "扭转": 1, "乾坤": 1, "化": 1, "危机": 1, "转机": 1, "层层": 2, "封杀": 1, "参考": 2, "长沙": 1, "nova4": 27, "充满": 1, "先锋": 2, "意味": 1, "首创性": 1, "极点": 11, "屏": 4, "自然": 2, "亮点": 1, "加上": 1, "4800万": 4, "像素": 3, "CMOS": 3, "满满": 1, "诚意": 1, "一如": 1, "深思熟虑": 1, "取舍": 2, "有度": 1, "作品": 1, "究竟": 1, "来头": 1, "前置": 8, "屏而": 1, "三": 5, "摄": 4, "加持": 3, "新品": 1, "效果": 9, "屏幕": 18, "值得": 2, "地方": 3, "适合": 1, "人群": 2, "接下来": 1, "拨开": 1, "面纱": 1, "先来": 1, "参数": 1, "屏造": 1, "86.3%": 2, "2500万": 2, "素海": 1, "报级": 1, "后置": 7, "模块": 2, "标配": 1, "8GB": 2, "RAM": 2, "搭配": 3, "麒麟970": 1, "日常": 2, "相机": 3, "分为": 1, "2000万": 1, "售价": 1, "3099": 1, "3399": 1, "硬件": 1, "区别": 1, "美人": 1, "触目": 1, "一见倾心": 1, "不同于": 1, "同质化": 1, "足够": 3, "惊艳": 3, "阉割": 1, "屏下": 2, "镜头": 9, "微缝式": 2, "达成": 2, "高屏": 1, "简单": 2, "极致": 3, "印象": 2, "157*75.1*7.77": 1, "机身": 5, "握持感": 1, "172g": 1, "重量": 1, "得体": 1, "边框": 3, "大幅": 1, "飞跃": 1, "抛开": 1, "刘海": 2, "nova3": 1, "缩窄": 1, "底部": 2, "LCD": 6, "3.9mm": 1, "弱": 1, "市面": 1, "主流": 2, "OLED": 2, "推向": 1, "·": 1, "屏进化": 1, "隐藏": 1, "掉": 1, "摄像头": 12, "滑盖": 1, "双屏": 1, "弹出": 1, "想方设法": 1, "结构": 1, "放": 1, "采用": 4, "首创": 2, "Punch": 1, "盲孔": 1, "最大化": 1, "保留": 3, "完整性": 1, "4.5mm": 1, "开孔": 1, "装入": 1, "枚": 1, "直径": 1, "3.05": 1, "一体化": 1, "工艺": 2, "组装": 1, "精度": 1, "满意": 1, "位于": 1, "左上": 1, "角": 1, "极光": 1, "一点": 2, "视觉": 5, "水滴": 1, "好看": 2, "实实在在": 1, "减少": 1, "占用": 2, "聊聊": 1, "距离": 5, "环境": 2, "听筒": 2, "LED": 1, "提示": 1, "灯": 1, "……": 1, "平时": 1, "太": 2, "元件": 1, "承载": 1, "手机组": 1, "顶出": 1, "放置": 1, "中框": 2, "顶部": 4, "折射": 1, "方向": 1, "感应": 1, "完美": 2, "承担": 1, "传统": 2, "丝毫": 1, "面积": 1, "窄": 1, "微缝": 1, "隐藏式": 1, "led": 1, "挪到": 1, "框": 2, "上边": 1, "宽度": 1, "1.85": 1, "至此": 1, "屏才": 1, "算": 1, "修炼": 1, "金属": 1, "亮面": 1, "3.5": 1, "耳机": 1, "接口": 2, "Type-C": 1, "扬声器": 1, "左侧": 1, "卡槽": 1, "右侧": 1, "电源": 1, "音量": 2, "键": 1, "一一": 1, "背面": 1, "色彩": 4, "共有": 1, "黑色": 2, "贝母白": 1, "苏音蓝": 1, "蜜语": 1, "红": 1, "配色": 1, "双层": 1, "镀膜": 1, "密语": 1, "红配色": 1, "光线": 2, "变幻": 1, "独特": 1, "光影": 1, "炫彩": 1, "深刻": 1, "承袭": 1, "竖置": 1, "排布": 2, "只不过": 2, "颗": 5, "景深": 1, "超广角": 8, "背部": 1, "居中": 1, "指纹": 1, "识别": 1, "圈": 1, "装饰环": 1, "盲操": 1, "整体": 2, "价位": 2, "工业": 1, "完整": 1, "配套": 1, "损失": 1, "缤纷": 1, "玩法": 2, "水准": 1, "之上": 1, "优雅": 1, "手持": 1, "夜景": 1, "一应俱全": 1, "置": 1, "标配版": 1, "2000W": 1, "1600万": 1, "广角": 5, "200万": 1, "素景": 1, "深虚化": 1, "主摄": 1, "1/2寸": 1, "尺寸": 1, "配合": 1, "f1.8": 1, "大光圈": 1, "6P": 1, "同款": 1, "四像素": 1, "合一": 1, "夜拍": 1, "贡献": 1, "精彩": 1, "成片": 1, "喜闻乐见": 1, "海报级": 1, "美颜": 2, "算法": 1, "专业": 1, "静态": 2, "视频": 2, "通话": 1, "微信": 2, "聊天": 1, "元气满满": 1, "手中": 1, "固件": 3, "版": 1, "解锁": 1, "样张": 2, "拍摄": 2, "供": 1, "正式版": 1, "推送": 1, "补充": 1, "视角": 3, "对比": 1, "轻松": 1, "差别": 2, "117": 1, "°": 1, "照片": 4, "拍": 5, "寻常": 1, "难以": 1, "企及": 1, "有趣": 2, "风光": 1, "人文": 1, "场景": 1, "广阔": 2, "空间": 1, "冲击力": 1, "构图": 2, "画面": 1, "细节": 2, "尤其是": 1, "取景": 1, "条件": 1, "受限": 1, "省去": 1, "圣诞树": 1, "限于": 2, "房间": 1, "大小": 1, "困": 1, "真的": 1, "就算": 2, "观感": 2, "带来": 7, "分享": 1, "朋友圈": 1, "至少": 1, "进阶": 1, "往下": 1, "借由": 1, "水天一色": 1, "风景": 2, "清疏": 1, "旷远": 1, "湖景": 1, "拍出": 1, "以往": 1, "震撼": 2, "常见": 3, "岸边": 1, "倒影": 1, "棒": 1, "体验": 2, "通透感": 1, "流动": 1, "水波": 1, "建筑": 1, "和谐": 1, "整张": 1, "程度": 1, "高出": 1, "熟悉": 1, "景物": 1, "重构": 1, "陌生": 1, "疏离感": 1, "迥乎": 1, "正常人": 1, "眼中": 1, "新奇": 1, "感受": 1, "成像": 1, "鲜艳": 1, "锐度": 1, "噪点": 1, "控制": 2, "堪称": 1, "调教": 1, "不俗": 2, "重点": 1, "给与": 1, "屏诸多": 1, "溢美之词": 1, "用户": 2, "挖": 1, "洞": 2, "件": 1, "疑惑": 1, "自拍会": 1, "干扰": 1, "屏有": 1, "适配": 4, "着急": 1, "一块": 2, "19.25：9": 1, "6.4": 1, "英寸": 1, "分辨率": 1, "2310*1080": 1, "令人满意": 1, "色温": 1, "偏": 1, "冷": 1, "讨好": 1, "眼球": 1, "艳丽": 1, "拖影": 1, "亮度": 3, "450nits": 1, "日光": 1, "背": 1, "发光": 1, "原理": 1, "下降": 1, "仔细": 1, "观察": 1, "难": 1, "默认": 1, "找出": 1, "十六": 1, "第三方": 1, "代表": 1, "人格": 2, "游戏": 4, "黑边": 1, "剩下": 1, "刺激": 1, "战场": 1, "十五": 1, "屏都": 1, "兼容性": 1, "不用": 2, "担心": 2, "党": 1, "定论": 1, "想法": 1, "倒是": 1, "英雄": 1, "出身": 1, "极限": 1, "麒麟": 1, "970": 1, "10nm": 1, "制成": 1, "NPU": 1, "7nm": 1, "麒麟980": 1, "A12": 1, "处理器": 1, "综合": 2, "EMUI": 1, "9.0": 1, "王者": 3, "满帧": 2, "荒野": 2, "平均": 1, "帧数": 1, "印证": 1, "观点": 1, "运行": 4, "高帧率": 1, "模式": 1, "60": 1, "帧": 2, "高性能": 1, "吃": 1, "鸡": 1, "50": 1, "流畅": 1, "3750": 1, "mAh": 1, "容量": 1, "电池": 1, "9V/2A": 1, "7.77": 1, "厚度": 1, "引入": 1, "中关村": 1, "在线": 1, "5": 5, "小时": 3, "30": 4, "分钟": 5, "评估": 1, "时续": 1, "航指": 1, "满电": 1, "清空": 1, "后台": 2, "程序": 1, "顺序": 1, "播放": 1, "刷": 1, "浏览": 1, "网页": 1, "听": 1, "音乐": 1, "阅读": 1, "电子书": 1, "操作": 1, "节点": 1, "剩余": 2, "电量": 5, "时长": 1, "指": 1, "关闭": 1, "重度": 1, "42%": 1, "充进": 1, "41%": 1, "优秀": 1, "写": 1, "nova3e": 1, "先锋军": 1, "刘": 1, "海屏": 1, "极点屏": 1, "秉承": 1, "年轻": 1, "时尚": 1, "敢于": 1, "秀给": 1, "nova星人": 1, "清晰": 1, "个性": 2, "十足": 2, "得分": 1, "4成": 1, "完成度": 1, "诚然": 1, "诸如": 1, "无线": 1, "NFC": 1, "缺失": 1, "舍弃": 1, "重视": 1, "换取": 1, "实用": 1, "卖点": 1, "追求": 1, "超高性": 1, "给力": 1, "差": 1}