{"7月": 1, "26日": 1, "华为": 138, "联接": 1, "未来": 5, "终端": 2, "媒体": 3, "沟通": 1, "深圳": 1, "发布": 11, "全球": 3, "首款": 2, "NSA": 1, "、": 36, "SA": 1, "5G": 13, "双模": 1, "手机": 58, "Mate20": 1, "X": 1, "智慧": 20, "屏": 5, "战略": 7, "官方": 1, "消息": 1, "智慧屏": 26, "9月份": 2, "正式": 7, "消费者": 6, "见面": 1, "时间": 4, "临近": 1, "神秘": 1, "面纱": 1, "即将": 4, "揭开": 1, "9月": 2, "9日": 1, "开启": 2, "盲约": 2, "活动": 1, "商城": 3, "京东": 1, "天猫": 1, "国美": 1, "苏宁": 1, "线上": 1, "平台": 5, "搜索": 1, "提前": 1, "预约": 1, "传统": 6, "家电": 2, "行业": 2, "日渐": 1, "低迷": 1, "打造": 2, "物种": 2, "带来": 5, "启发": 1, "究竟": 1, "业务部": 1, "CEO": 4, "余承东": 9, "家居": 3, "场景": 9, "全新": 3, "入口": 4, "具备": 6, "交互": 2, "中心": 7, "跨屏": 2, "体验": 5, "IoT": 2, "控制": 7, "影音": 2, "娱乐": 2, "四": 4, "属性": 1, "理解": 1, "超大": 2, "屏幕": 7, "平板": 2, "电脑": 1, "支持": 11, "视频": 4, "通话": 1, "功能": 5, "环境": 2, "现如今": 2, "当下": 1, "电子": 2, "数码": 1, "领域": 2, "热门": 1, "话题": 1, "概念": 1, "公布": 1, "不少": 2, "电视": 5, "厂商": 4, "纷纷": 1, "推出": 5, "类似": 1, "旗号": 1, "产品": 3, "笔者": 4, "产品们": 1, "本质": 1, "区别": 1, "核心": 3, "智能": 11, "在于": 2, "技术": 14, "用户": 14, "面对": 1, "随心所欲": 1, "自研": 3, "鸿蒙": 23, "OS": 13, "时代": 3, "面向": 1, "万物": 3, "互联": 4, "系统": 17, "拥有": 9, "微内": 1, "核": 2, "分布式": 3, "特性": 2, "针对": 3, "硬件": 4, "部署": 2, "采用": 10, "架构": 4, "提升": 2, "效率": 1, "相比": 6, "搭载": 8, "屏会": 1, "灵活": 1, "去年": 1, "1+8+N": 1, "生活": 4, "正是": 1, "8": 2, "一部分": 2, "4": 4, "大屏": 4, "PC": 1, "车机": 2, "手表": 1, "音箱": 1, "家庭": 3, "一个": 4, "连接": 1, "调用": 1, "设备": 6, "高效": 1, "便利": 1, "应用层": 1, "优势": 4, "跨": 1, "能力": 7, "应对": 1, "低": 1, "时延": 1, "安全性": 1, "挑战": 1, "毫无疑问": 1, "翻天覆地": 1, "根基": 1, "伴随": 2, "发展": 2, "壮大": 1, "愈发": 1, "配置": 5, "意外": 1, "鸿鹄": 2, "818": 2, "芯片": 4, "海思": 1, "人工": 1, "NPU": 1, "独立": 1, "摄像头": 8, "A73+A53": 1, "CPU": 1, "4核": 1, "G51": 1, "GPU": 2, "优质": 2, "音画": 2, "提供": 4, "强劲": 1, "运算": 2, "基础": 1, "强悍": 2, "运行": 2, "速度": 1, "快": 1, "强大": 2, "解码": 2, "包括": 2, "8K": 1, "@": 3, "30Hz": 1, "4K": 2, "120": 1, "Hz": 1, "60Hz": 1, "七重": 1, "画质": 2, "优化": 4, "算法": 1, "AI": 2, "引擎": 1, "Huawei": 2, "Sound": 1, "音响": 1, "有望": 1, "荣耀": 20, "MEMC": 1, "高速": 1, "运动": 1, "画面": 1, "防抖": 2, "HDR": 1, "SR": 1, "NR": 1, "DCI": 1, "7": 1, "内容": 3, "资源": 1, "1000万": 1, "+": 4, "曲库": 1, "100万": 1, "无损": 1, "音乐": 2, "酷喵": 1, "极光": 1, "TV": 1, "海量": 1, "有声": 1, "服务": 8, "投屏": 3, "一大": 1, "卖点": 1, "Share": 1, "碰传": 1, "借助": 1, "操作": 2, "底层": 1, "深度": 1, "之间": 2, "便捷": 1, "碰": 1, "高清": 1, "分辨率": 1, "刷新率": 1, "流畅": 2, "HiLink": 3, "生态": 3, "轻松": 1, "此前": 3, "爆料": 1, "远场": 1, "拾音": 1, "内置": 1, "语音": 1, "助手": 1, "小艺": 1, "从此": 1, "丢掉": 1, "遥控器": 1, "动动": 1, "嘴": 1, "重点": 1, "智慧化": 1, "支撑": 1, "升级": 2, "信息": 1, "无缝": 1, "互动": 1, "承担": 1, "合一": 1, "角色": 1, "打破": 1, "格局": 1, "形态": 1, "来到": 1, "面前": 1, "千万": 1, "错过": 1, "！": 7, "国产": 2, "一哥": 1, "频频": 2, "出招": 1, "将要": 1, "最新": 3, "Mate30": 9, "麒麟990": 2, "处理器": 11, "老旗舰": 1, "动作": 1, "网友": 5, "发现": 1, "第三方": 1, "Magic2": 10, "为首": 1, "老": 1, "旗舰": 11, "价格": 14, "跌至": 1, "清仓价": 1, "很多": 11, "看完": 1, "直呼": 1, "再见": 3, "到底": 4, "性能": 11, "麒麟": 8, "980": 2, "算": 2, "到来": 4, "990": 6, "稍逊一筹": 2, "一点": 3, "通信": 3, "长远": 1, "角度": 1, "值得": 3, "入手": 2, "原因": 9, "相机": 1, "1600万": 2, "像素": 4, "2400万": 1, "AI三": 1, "摄": 6, "拍照": 8, "需求": 1, "友商": 5, "普及": 1, "6400万": 1, "机型": 1, "占据": 2, "表现": 2, "更胜一筹": 1, "：": 4, "P30": 11, "系列": 14, "影响": 4, "众所周知": 1, "都会": 1, "选择": 5, "观望": 1, "态度": 1, "对此": 1, "看法": 3, "说出": 1, "讨论": 1, "提到": 1, "都": 10, "熟悉": 1, "我国": 1, "巨头": 2, "一举一动": 1, "重视": 1, "最多": 1, "专利": 1, "科技": 2, "公司": 1, "国家": 1, "眼中钉": 1, "盘点": 1, "表态": 4, "谷歌": 20, "停止": 1, "供应": 1, "P40": 5, "装置": 1, "如今": 5, "耀眼": 2, "背后": 1, "悲伤": 1, "转眼": 1, "美国": 5, "列入": 1, "实体": 1, "清单": 1, "3": 3, "恢复": 1, "企业": 2, "供货": 1, "关系": 1, "展开": 3, "合作": 1, "一波三折": 1, "成语": 1, "身上": 1, "发挥": 1, "淋漓尽致": 1, "安卓": 7, "使用权": 1, "禁止": 2, "mate": 1, "GMS": 3, "国内": 9, "市场": 13, "很": 7, "海外": 12, "依赖": 1, "小聪明": 1, "带": 1, "损失": 2, "做出": 2, "旗下": 1, "业务": 6, "印度": 1, "生产": 1, "猜测": 1, "研发": 3, "打开": 1, "真的": 1, "决策": 1, "明智": 1, "熟话": 1, "商场": 1, "战场": 1, "招": 1, "狠": 1, "饶痒痒": 1, "中国": 2, "早就": 1, "做好": 2, "居安思危": 1, "相关": 1, "人员": 2, "就绪": 2, "释放": 1, "大招": 1, "德国": 1, "IFA": 2, "大会": 1, "接受": 3, "访问": 1, "前期": 4, "装载": 1, "此次": 1, "无疑": 1, "立场": 1, "想法": 1, "客户": 1, "半壁江山": 1, "老实": 1, "才能": 3, "天地": 1, "瓶颈期": 1, "秘密": 1, "折叠屏": 5, "第一": 3, "玩家": 1, "对外": 1, "展示": 2, "mateX折": 2, "叠屏": 3, "款": 10, "原本": 1, "打算": 1, "定于": 1, "6月份": 1, "发售": 2, "吐槽": 1, "mateX": 14, "噱头": 2, "再次": 2, "延期": 5, "采访": 2, "确认": 1, "无非": 1, "软件": 5, "适配": 3, "难度": 2, "解决": 2, "供应商": 1, "铰链": 2, "折叠": 6, "屏华": 4, "彰显": 1, "傲人": 1, "才华": 1, "外观": 2, "原理": 1, "棘手": 1, "导致": 2, "程序": 1, "开发": 1, "游戏": 1, "工作": 3, "保证": 1, "情况": 2, "急着": 1, "风险": 1, "口碑": 1, "前功尽弃": 1, "笑话": 1, "第二": 1, "良品率": 3, "当年": 1, "小米": 3, "陶瓷": 1, "机身": 1, "品控": 1, "空白": 1, "走": 1, "就要": 2, "克服": 4, "难题": 2, "MIX2": 1, "严峻": 1, "柔性": 1, "OLED": 1, "斜街": 1, "本身": 1, "三星": 3, "Galaxy": 2, "Fold": 2, "抢": 1, "首发": 2, "最终": 1, "翻车": 2, "没用": 1, "多久": 1, "黑屏": 1, "努力": 2, "这才": 1, "上市": 6, "第三": 1, "测试": 2, "刚刚": 2, "三大": 1, "运营商": 2, "拿到": 1, "牌照": 1, "网络": 2, "一同": 1, "评估": 1, "麒麟980+": 1, "外挂": 1, "基带": 1, "组合": 6, "接下来": 1, "麒麟980": 6, "版本": 1, "入网": 1, "慢慢": 1, "浮出": 1, "水面": 1, "55W": 1, "超级": 2, "快充": 2, "徕卡": 1, "三": 3, "镜头": 1, "侧边": 1, "指纹": 1, "解锁": 1, "柏林": 1, "国际": 1, "消费展": 1, "朋友": 1, "给到": 1, "回复": 1, "很快": 1, "预计": 5, "11月份": 1, "道理": 1, "勉强": 1, "折": 1, "推迟": 1, "处于": 1, "风口": 1, "陷阱": 1, "昂贵": 2, "这一切": 1, "未知数": 1, "曝光": 2, "13000": 1, "买": 2, "声明": 1, "未经": 1, "许可": 1, "转载": 1, "网站": 1, "推哥": 1, "原创": 1, "图片": 1, "源于": 1, "侵权": 1, "请": 1, "作者": 1, "删除": 1, "印象": 1, "中华": 1, "相对于": 1, "品牌": 3, "高上": 1, "性价比": 9, "搭边": 1, "基本上": 2, "4000": 3, "元": 10, "少有": 1, "最低": 3, "一分价钱一分货": 1, "高端": 1, "贵": 3, "整体": 3, "不错": 3, "相反华": 1, "忽略": 1, "老烧": 4, "2000多": 2, "nova5pro": 3, "售价": 1, "2999": 2, "主打": 3, "前置": 3, "3200万": 2, "夜景": 1, "HDR+": 1, "少见": 1, "后置": 2, "4800万": 2, "AI四": 1, "景深": 1, "微距": 2, "超广角": 2, "差": 4, "肯定": 1, "让步": 1, "nova5pronova5": 1, "颜值": 1, "首屈一指": 1, "正面": 2, "6.39": 1, "英寸": 2, "水滴屏": 2, "配色": 3, "绮境": 1, "森林": 1, "仲夏紫": 1, "亮": 1, "黑色": 1, "珊瑚": 1, "橙": 1, "紫色": 1, "好看": 1, "优秀": 3, "观": 1, "8+128g": 2, "内存": 2, "20pro": 7, "力度": 1, "这次": 1, "一块": 1, "6.26": 1, "挖": 1, "孔": 2, "AI自拍": 1, "主摄": 1, "长焦": 1, "双光学": 1, "配上": 1, "毫安": 1, "电池": 2, "重度": 1, "充电": 1, "功率": 1, "22.5W": 2, "蓝水": 1, "翡翠": 1, "幻夜": 1, "星河": 1, "冰岛": 1, "颜色": 1, "漂亮": 1, "2899": 1, "总得": 1, "nova5": 1, "流行": 1, "离谱": 1, "地方": 1, "逊色": 1, "8月": 1, "初": 1, "自主": 1, "——": 1, "随后": 1, "屏成": 1, "此后": 1, "留言": 2, "关心": 2, "昨日": 1, "2019": 1, "电子展": 1, "事业群": 1, "众多": 1, "回应": 1, "称": 2, "透露": 1, "明年": 1, "3月份": 1, "外界": 1, "处境": 1, "担忧": 1, "备选": 1, "方案": 2, "依然": 1, "轮值": 1, "董事长": 1, "徐": 1, "直军": 1, "100亿": 1, "美元": 1, "调研": 1, "机构": 1, "IHS": 1, "Markit": 1, "报告": 1, "授权": 1, "2019年": 2, "销量": 4, "减少": 1, "1300万": 1, "台": 2, "据悉": 1, "8800万": 1, "2.6亿": 1, "也就是说": 2, "三分之一": 1, "相差": 1, "厂商们": 1, "均": 1, "商店": 1, "Google": 1, "Pay": 1, "残缺品": 1, "必将": 1, "竞争力": 1, "优先": 1, "期待": 1, "评论": 1, "聊聊": 1, "~": 1, "19日": 1, "幅度": 1, "亮点": 1, "圆形": 1, "上涨": 1, "降价": 3, "加速": 1, "退场": 1, "华为p30": 1, "值": 2, "为止": 1, "实力": 1, "A76": 1, "Mail-G76": 1, "对比": 7, "稍": 1, "参数": 1, "差别": 1, "变得": 1, "4G": 1, "骁龙": 1, "855plus": 1, "太": 3, "弱": 1, "竞品": 1, "差距": 1, "设计": 1, "刘海屏": 1, "边框": 1, "当中": 2, "出色": 1, "充电续": 1, "航上": 1, "3650": 1, "mAh": 1, "细节": 1, "3.5mm": 1, "耳机": 1, "NFC": 1, "IP": 1, "53": 1, "级别": 1, "防水": 1, "跌": 1, "3688": 2, "4月份": 1, "才": 2, "5": 1, "实行": 1, "策略": 1, "确实": 1, "新机": 1, "让路": 1, "P30Pro": 1, "待遇": 1, "9": 1, "魅族": 1, "16sPro": 1, "2700": 1, "仅次于": 1, "Mate": 1, "清仓": 1, "现象": 1, "购买": 1, "价值": 1}