{"华为": 29, "一反常态": 2, "热脸": 2, "相迎": 2, "5G": 7, "国家": 9, "开放": 3, "！": 1, "2018年": 1, "平凡": 1, "值华": 1, "发展": 4, "关键": 2, "时刻": 1, "布局": 1, "全球": 1, "市场": 1, "频频": 1, "阻挠": 2, "为由": 1, "拒绝": 1, "扣压": 2, "员工": 2, "程度": 1, "不止": 3, "摆出": 1, "爱答不理": 1, "态度": 1, "高调": 1, "采用": 1, "产品": 2, "设备": 6, "决策层": 1, "一度": 1, "头疼": 1, "不已": 1, "终于": 1, "想": 2, "明白": 1, "关系": 1, "紧张": 1, "热脸相迎": 1, "投入": 3, "资金": 2, "、": 3, "技术": 5, "精力": 1, "一并": 1, "收回": 1, "友好": 2, "警告": 1, "暂代": 1, "CFO": 1, "梁华": 2, "发出": 1, "去年": 1, "8月份": 1, "维护": 1, "网络": 1, "通讯": 1, "利益": 2, "不惜": 1, "代价": 1, "做出": 1, "很多": 2, "友善": 1, "事情": 1, "禁令": 1, "肆意": 1, "麻烦": 1, "敌视": 1, "起华": 1, "认可": 2, "发言": 1, "真诚": 1, "地区": 1, "都": 1, "感觉": 1, "不安": 1, "一家": 1, "至上": 1, "企业": 2, "稍稍": 1, "甜头": 1, "卖": 1, "法国": 1, "代表": 1, "采购": 2, "国内": 1, "从头到脚": 1, "监视": 1, "制定": 2, "堆": 1, "摆明": 1, "信任": 1, "大肆": 1, "吹嘘": 2, "替代性": 1, "加拿大": 1, "媒体": 1, "一再": 1, "瑞典": 1, "爱立信": 2, "实力": 1, "强大": 1, "就算": 1, "唯一": 1, "选择": 1, "当地": 1, "分析师": 2, "打脸": 1, "一个": 1, "级别": 1, "拥有": 1, "逼": 1, "无奈": 1, "毕竟": 1, "人才": 1, "投放": 1, "不对": 1, "菩萨": 1, "百般": 1, "刁难": 1, "天天": 1, "资源": 1, "地方": 1, "或许": 1, "收到": 1, "回报": 1, "有利于": 1, "不用": 1, "搞好": 1, "搞": 1}