{"留住": 2, "员工": 16, "胃": 1, "！": 7, "民以食为天": 1, "永远": 1, "吃": 41, "掉以轻心": 1, "一个": 8, "公司": 11, "团队": 2, "管理": 8, "吃好": 1, "天大": 1, "事情": 2, "事实": 2, "简单": 1, "办法": 1, "解决": 2, "顿": 3, "饭": 5, "说不定": 1, "起到": 1, "凝聚": 1, "、": 16, "振奋": 1, "精神": 1, "奇效": 1, "世界": 2, "一流": 1, "大师": 1, "任正非": 25, "对此": 1, "自然": 1, "熟谙于心": 1, "舌尖": 1, "中国": 2, "中国人": 2, "喜欢": 7, "饮食": 2, "文化": 10, "自古": 1, "流传": 1, "传统": 1, "网上": 2, "爆出": 1, "华为": 31, "食堂": 9, "照片": 2, "引发": 1, "网友": 1, "热烈": 1, "讨论": 1, "不知": 2, "吃货": 1, "馋": 5, "美食": 1, "流出": 1, "喇子": 1, "单单": 1, "美味": 1, "好多": 1, "年轻人": 1, "纷纷": 1, "想要": 1, "投奔": 1, "怀抱": 1, "高级": 1, "顾问": 1, "吴春波": 3, "教授": 1, "说到": 1, "很": 7, "厉害": 1, "搬家": 1, "床垫": 1, "合称": 1, "三大": 2, "家居": 1, "指出": 1, "高度": 2, "重视": 2, "早已": 1, "提到": 2, "安定": 1, "团结": 1, "沟通": 4, "家庭式": 1, "记账式": 1, "大锅饭": 1, "无纸化": 1, "先进": 1, "餐厅": 1, "改进": 1, "方式": 1, "辅以": 1, "更新换代": 1, "餐饮": 1, "设施": 1, "大饱口福": 1, "特意": 1, "大都": 1, "丰盛": 1, "菜式": 1, "弄": 1, "眼花缭乱": 1, "川": 1, "粤": 1, "湘": 1, "鲁": 1, "淮扬": 1, "菜系": 1, "花样翻新": 1, "另加各色": 1, "面食": 1, "糕点": 1, "洋洋大观": 1, "口味": 1, "保管": 1, "称心如意": 1, "诱惑力": 1, "可见一斑": 1, "注重": 1, "吃饭": 17, "掌门人": 1, "关系": 1, "感觉": 1, "请": 5, "撮": 1, "；": 3, "领导": 1, "部下": 1, "盘": 1, "炒粉": 1, "轻松": 1, "自由": 1, "氛围": 1, "轻易": 1, "协同": 1, "工作": 5, "部门": 1, "效率": 1, "提高": 1, "想": 4, "秘书": 1, "请客": 2, "开放": 2, "‘": 2, "大秘": 1, "’": 2, "搞": 2, "聚餐": 1, "下属": 2, "升职": 1, "快": 1, "记得": 1, "当年": 1, "北京": 1, "三": 2, "小青年": 1, "玩笑": 1, "年底": 1, "盘算": 1, "付钱": 1, "最多": 1, "老大": 3, "十几": 1, "证明": 1, "差别": 2, "上百": 1, "倍": 1, "吃亏": 1, "钱": 3, "中午": 1, "跑到": 1, "凯宾斯基": 1, "喝酒": 1, "很多": 1, "华为人": 2, "包括": 1, "交道": 1, "都": 4, "习惯": 1, "出门": 1, "买单": 2, "还要": 3, "服务员": 1, "小费": 1, "撕掉": 1, "发票": 1, "公费": 1, "名义": 1, "报销": 3, "件": 1, "代表": 2, "领导力": 1, "素质": 1, "阿里巴巴": 1, "腾讯": 2, "百度": 1, "京东": 1, "万达": 1, "无不": 1, "热传": 1, "段子": 1, "：": 4, "...": 2, "8点": 2, "下班": 1, "免费": 1, "晚餐": 2, "量多": 1, "管饱": 1, "饭后": 1, "水果": 1, "想想": 3, "坐": 1, "班车": 1, "回去": 2, "做饭": 1, "买": 1, "菜": 6, "洗菜": 1, "煮饭": 1, "一大堆": 1, "吃完": 2, "自动": 1, "留": 1, "加班": 9, "晚饭": 1, "回家": 1, "为此": 1, "组织": 2, "大比武": 1, "亲自": 1, "担任": 1, "评委": 1, "激励": 1, "师傅": 1, "饭菜": 1, "做好": 2, "古代": 1, "打仗": 1, "讲": 2, "兵马未动": 1, "粮草": 1, "先行": 1, "军人": 1, "出身": 2, "深明其理": 1, "国内": 1, "海外": 1, "大事": 1, "沙特": 1, "海鲜": 1, "供应": 2, "沙漠": 1, "借用": 1, "官方": 1, "孟加拉": 1, "烤全羊": 1, "金沙萨": 1, "享用": 1, "烧烤": 1, "大餐": 1, "莫斯科": 1, "烤鱼": 1, "加纳": 1, "羊肉": 1, "泡馍": 1, ".....": 1, "目标": 1, "球": 1, "也门饭": 2, "也门": 1, "好吃": 3, "用服": 1, "兄弟": 1, "前方": 1, "回来": 1, "门饭": 2, "激动": 1, "不行": 1, "艰苦": 1, "人人": 1, "至少": 1, "苏丹": 1, "至今": 1, "怀念": 1, "也许": 1, "机会": 1, "虫": 1, "真的": 2, "据说": 1, "俄罗斯": 1, "北极熊": 3, "样本": 1, "摸": 1, "熊掌": 2, "放手": 1, "别人": 2, "七星湖": 1, "数据": 1, "存储": 1, "中心": 1, "贵安": 1, "新区": 1, "开工": 1, "讲到": 1, "选择": 1, "此地": 1, "理由": 1, "太": 1, "走": 1, "都会": 1, "变胖": 1, "食物": 1, "比喻": 2, "包容性": 1, "洋葱头": 1, "兼容并蓄": 1, "层": 2, "英国": 1, "美国": 1, "炊事员": 1, "一道": 2, "麻婆": 2, "豆腐": 2, "爱": 4, "推行": 1, "价值": 2, "评价": 2, "体系": 2, "度量": 1, "内部": 2, "矛盾": 1, "才": 2, "摆平": 1, "分享": 7, "手段": 1, "机制": 2, "本身": 1, "思想": 1, "起源": 1, "1": 1, "长子": 1, "不能不": 1, "六": 1, "兄妹": 1, "童年": 1, "青年": 1, "饥饿": 1, "贫穷": 1, "度过": 1, "3": 1, "军旅": 1, "生涯": 1, "——": 1, "军队": 1, "4": 1, "知识分子": 1, "家庭": 1, "知识": 1, "拥有者": 1, "敬重": 1, "5": 1, "骗": 1, "鄙视": 1, "不劳而获": 1, "掠夺": 1, "十几万": 1, "兵": 1, "如子": 1, "有次": 1, "论坛": 1, "抱怨": 1, "夜宵": 3, "费用": 1, "主管": 3, "审批": 2, "大发雷霆": 1, "听说": 2, "多此一举": 1, "战壕": 1, "枪林弹雨": 1, "条子": 1, "餐": 1, "7": 1, "元": 1, "多年": 1, "日落": 1, "夜班": 1, "优秀": 1, "好汉": 1, "干劲": 1, "标准": 4, "优化": 1, "外卖": 1, "金额": 1, "干部": 1, "爱护": 1, "狠": 1, "考核": 1, "绩效": 1, "责任": 1, "导向": 1, "关注": 1, "讲究": 1, "在家": 1, "面条": 2, "保姆": 2, "时间": 1, "男子汉": 1, "狼吞虎咽": 1, "一半": 1, "完了": 1, "喊": 1, "交流": 1, "「": 1, "点菜": 1, "龙虾": 1, "傻": 1, "」": 1, "说法": 1, "节制": 1, "家里": 1, "蔬菜": 1, "一点": 2, "肉": 1, "生活": 1, "开支": 1, "工资": 1, "对比": 1, "反思": 1, "小事": 1, "差距": 1, "老板": 1, "外面": 1, "山珍海味": 1, "舍不得": 1, "炒菜": 1, "上好": 1, "油": 1, "时时": 1, "恐怕": 1, "浪费": 1, "占": 1, "便宜": 1, "学": 1, "狼性": 1, "奋斗": 1, "草": 1, "养": 1, "狼": 1, "见识": 1, "强大": 1, "侧面": 1, "学习": 1, "创业者": 1, "地方": 1, "入手": 1, "举一反三": 1}