{"导语": 1, "任正非": 15, "语": 1, "：": 25, "服务": 4, "客户": 15, "指挥所": 1, "建": 1, "听": 9, "炮声": 6, "地方": 1, "计划": 4, "预算": 1, "核算": 1, "权力": 6, "、": 15, "销售": 2, "决策": 3, "授予": 1, "一线": 37, "打仗": 2, "；": 6, "前方": 1, "算": 1, "前线": 2, "指挥": 3, "后方": 2, "华为": 71, "市场": 18, "部门": 7, "拿到": 1, "大单": 1, "人力": 1, "机关": 6, "专家": 3, "项目": 4, "支持": 3, "资源": 9, "交付": 1, "形象": 2, "称为": 5, "呼唤": 7, "炮火": 6, "内部": 5, "流程": 10, "组织": 15, "设计": 4, "花": 2, "很多": 14, "心思": 2, "业界": 4, "惊叹": 1, "成效": 1, "3": 3, "例子": 1, "1": 2, "第一": 4, "案例": 6, "称谓": 18, "改变": 1, "深圳": 2, "总部": 9, "只能": 6, "企业": 6, "成长": 1, "站": 1, "行业": 1, "风口": 1, "最终": 2, "集团型": 1, "发现": 3, "屁股": 1, "坐": 1, "集团": 2, "满满": 1, "自豪感": 2, "决策权": 1, "在外": 1, "卖命": 1, "想法": 1, "精神": 1, "欲望": 1, "服务型": 1, "家里": 3, "矿": 1, "价值": 2, "都": 5, "创造": 1, "贴近": 1, "才": 2, "持续": 2, "发展": 2, "未来": 3, "给予": 1, "足够": 3, "二线": 9, "员工": 12, "高高在上": 1, "指手画脚": 1, "称": 3, "人员": 8, "心理": 2, "后端": 2, "打掉": 1, "正式化": 10, "程度": 10, "董事长": 2, "总经理": 1, "总裁": 4, "总监": 1, "接口": 1, "主管": 5, "经理": 1, "负责人": 4, "专员": 1, "低": 4, "留心": 1, "公司": 13, "导致": 1, "一个": 12, "现象": 3, "金牌": 1, "王": 2, "回到": 5, "开会": 2, "财经": 1, "管理部": 2, "李": 3, "腰": 2, "自觉": 2, "弯": 2, "声": 2, "总好": 2, "低于": 2, "内心": 1, "盘算": 1, "件": 1, "尽快": 1, "氛围": 1, "所有人": 1, "想": 1, "往后": 1, "端": 2, "走": 2, "优秀": 5, "人才": 3, "做出": 2, "创新": 1, "业绩": 2, "根源": 1, "机制": 6, "导向": 2, "冲锋": 1, "很": 7, "有意思": 3, "同等": 1, "岗位": 2, "默认": 2, "高出": 2, "半级": 1, "一级": 1, "传闻": 1, "这是": 4, "片区": 1, "联席会议": 1, "地区": 2, "国家": 1, "业务": 6, "代表": 2, "负责": 1, "产品": 5, "解决": 3, "方案": 1, "渠道": 4, "提升": 3, "简单": 1, "典型": 1, "部长": 6, "坂田": 1, "基地": 4, "东莞": 1, "松山湖": 1, "听到": 2, "小看": 1, "管理": 12, "5": 2, "000": 1, "上万": 1, "大会": 1, "西非": 1, "陈": 3, "备件": 1, "赵": 2, "自我": 1, "感觉": 2, "这家": 1, "地位": 3, "员工们": 1, "这次": 1, "回": 1, "厚道": 1, "靠着": 1, "‘": 5, "粮食": 1, "’": 5, "养": 1, "能者多劳": 2, "劲儿": 1, "暗示": 1, "玩虚": 1, "真金": 1, "白银": 1, "蛋糕": 1, "确实": 1, "倾斜": 1, "吃亏": 1, "这才": 1, "劳者": 1, "局面": 1, "学习": 1, "一点": 1, "层面": 2, "确保": 2, "第二": 7, "变革": 3, "方向": 2, "起点": 2, "中心": 1, "往回": 1, "梳理": 1, "成功": 1, "实践": 2, "经验": 2, "干部": 2, "为辅": 1, "聚焦": 1, "主业": 1, "务流": 1, "展开": 1, "流向": 1, "推": 6, "改为": 1, "拉": 4, "搞": 1, "推行": 1, "重在": 1, "滥竽充数": 1, "目标": 1, "流程化": 2, "建设": 1, "建立": 2, "推拉": 1, "运作": 2, "体系": 2, "转换": 1, "权威": 1, "强大": 1, "发动机": 1, "无用": 1, "出力": 1, "绳子": 2, "受力": 1, "剪去": 1, "一并": 1, "减去": 1, "全都": 1, "后备队": 1, "效率": 1, "比喻": 1, "本质": 2, "匹配": 1, "关系": 2, "用力": 1, "第三": 6, "赋能": 4, "1911年": 1, "泰勒": 1, "提出": 2, "科学": 1, "理论": 1, "百年": 1, "装": 3, "东西": 1, "轮": 1, "讨论": 1, "工业": 1, "时代": 4, "词": 2, "管控": 2, "英文": 2, "control": 1, "社会": 1, "节奏": 2, "想要": 1, "数字化": 1, "环境": 2, "变化": 2, "太": 2, "快": 3, "预期": 1, "按部就班": 1, "实施": 1, "刻舟求剑": 1, "具备": 2, "创造性": 1, "能力": 4, "才能": 2, "答案": 1, "赋予": 3, "10年": 1, "enable": 1, "讲授": 1, "课程": 1, "本身": 1, "赋": 1, "正是": 1, "借助": 1, "力量": 1, "成事": 1, "显示": 4, "意义": 1, "存在感": 1, "体现": 2, "认知": 1, "职级": 5, "13": 6, "年轻": 2, "21": 3, "机关干部": 1, "概念": 2, "名": 4, "校园": 1, "招聘": 1, "研究生": 1, "工作": 2, "犯": 1, "错误": 1, "12": 2, "叫作": 1, "操作岗": 1, "知识型": 1, "算是": 1, "挺": 1, "卓越": 2, "贡献": 1, "经历": 1, "16～18年": 1, "历练": 1, "难": 2, "级别": 1, "毛孩": 2, "三更半夜": 1, "拨打": 1, "电话": 10, "对方": 1, "一家": 1, "独特": 2, "文化": 2, "黑话": 3, "例外": 1, "有人": 1, "内网": 1, "心声": 4, "社区": 4, "评选": 1, "特色": 1, "Welcome": 2, "join": 2, "conference": 2, "得票": 1, "最多": 1, "华为人": 2, "全球": 4, "沟通": 1, "越洋": 1, "会议": 13, "耳朵": 1, "长茧": 1, "时间": 1, "提前": 2, "通知": 1, "接到": 1, "号码": 2, "0755-28780808": 1, "类似": 1, "来电": 1, "接听": 1, "系统": 1, "报出": 1, "输入": 1, "工号": 1, "召集者": 2, "地区部": 1, "求助": 2, "时有": 1, "小时": 1, "结束": 2, "在线": 1, "提供": 3, "某某": 1, "配合": 1, "拉上线": 1, "当下": 1, "说到": 1, "没完": 1, "感谢": 1, "兄弟": 1, "稍后": 1, "写": 1, "份": 3, "纪要": 4, "抄": 1, "送给": 1, "明早": 1, "落实": 1, "成文": 1, "规则": 1, "法律": 1, "效力": 1, "电子": 1, "邮件": 1, "命令": 1, "mail": 1, "order": 1, "签字": 1, "执行": 1, "合适": 1, "选择": 2, "事后": 1, "复盘": 2, "浪费": 1, "弹药": 1, "秋后算账": 1, "指挥权": 1, "！": 1, "理解": 1, "压": 1, "放手": 1, "火力": 2, "投到": 1, "重点": 1, "声音": 1, "投给": 1, "投放": 1, "弹药量": 1, "足以": 1, "赢得": 1, "战争": 1, "胜利": 1, "夸大": 1, "需求": 1, "明明": 1, "申请": 1, "8": 3, "增加": 3, "成本": 1, "蒙受": 1, "经济": 2, "损失": 1, "近些年": 1, "前移": 1, "总体": 1, "支撑": 2, "快速": 1, "扩张": 1, "值得": 1, "借鉴": 1, "参考": 1, "本文": 1, "摘自": 1, "36": 1, "频词": 1, "邓": 1, "斌著": 1, "人民": 1, "邮电": 1, "出版社": 1, "2019年": 6, "出版": 1, "本期": 1, "阅读": 2, "推荐": 2, "引发": 1, "资深": 1, "共鸣": 1, "书": 1, "揭开": 1, "世界级": 1, "思考": 1, "法则": 1, "方式": 2, "话语": 1, "抵": 1, "精髓": 1, "昨天": 1, "10月": 7, "30日": 3, "调研": 1, "机构": 1, "Canalys": 4, "发布": 3, "数据": 4, "科技圈": 1, "刷屏": 1, "中国": 10, "大陆": 4, "智能": 2, "手机": 6, "季度": 10, "环比": 1, "改善": 3, "出货量": 8, "9760万": 1, "台": 3, "微弱": 1, "9780万": 1, "含": 1, "荣耀": 1, "出货": 3, "4150万": 1, "再次": 1, "刷新": 1, "纪录": 1, "42％": 1, "份额": 6, "年增长率": 1, "高达": 1, "66％": 1, "连续": 1, "六": 1, "位数": 1, "增长": 4, "意味着": 1, "10": 1, "买": 3, "新机": 1, "4": 1, "暴涨": 1, "66%": 1, "苹果": 7, "倍": 4, "惊讶": 1, "厂商": 3, "季": 1, "均": 1, "同比": 4, "下滑": 1, "Oppo": 4, "Vivo": 5, "小米": 4, "进一步": 2, "受挫": 1, "合并": 2, "占": 2, "50％": 1, "54％": 1, "2018年": 2, "64％": 1, "23日": 1, "消费者": 2, "产品线": 1, "何刚": 1, "截至": 2, "22日": 2, "销量": 2, "突破": 1, "2亿": 2, "64": 1, "第四": 2, "高峰": 1, "意外": 1, "情况": 2, "排名": 2, "稳": 1, "市场占有率": 1, "拉开": 1, "鸿沟": 1, "副总裁": 1, "彭路平": 2, "评论": 1, "远远": 1, "25％": 1, "优势": 1, "供应链": 1, "谈判": 1, "分销": 2, "钱包": 1, "拥有": 2, "话语权": 1, "5G": 5, "网络": 2, "部署": 1, "中和": 1, "运营商": 2, "紧密": 1, "本地": 1, "兼容": 1, "芯片组": 1, "关键": 1, "零部件": 2, "控制权": 1, "带来": 2, "压力": 2, "研究": 1, "分析师": 1, "刘": 2, "思熠": 2, "推向": 1, "大幅": 1, "下降": 1, "超越": 1, "紧随": 1, "Oppo其后": 1, "第五": 1, "位置": 1, "有赖": 1, "iPhone": 3, "11": 3, "9月": 1, "中旬": 1, "推出": 1, "四成": 1, "分析": 1, "机型": 1, "着重于": 1, "摄像": 1, "功能": 1, "事实": 1, "证明": 2, "制定": 1, "发行价": 1, "上一代": 1, "针对": 1, "国内": 1, "灵活": 1, "利润": 1, "结构": 1, "刺激": 1, "操作": 1, "挑战": 1, "迫在眉睫": 1, "围绕": 1, "营销": 1, "促销": 1, "抢尽风头": 1, "三季度": 6, "净利润": 7, "茅台": 3, "1.76": 2, "稳步": 1, "晚间": 1, "上海": 1, "清算": 1, "公布": 1, "投资": 3, "控股": 3, "有限": 2, "母公司": 2, "财报": 1, "报表": 2, "535亿": 1, "元": 7, "人民币": 2, "去年": 2, "同期": 2, "440亿": 1, "21.59%": 1, "营收": 1, "6033亿": 1, "4865亿": 1, "24%": 1, "技术": 2, "有限公司": 1, "证券报": 3, "晚": 1, "10点": 1, "东方": 1, "财富": 1, "Choice": 1, "沪深": 1, "市": 1, "共有": 1, "3700": 1, "上市": 2, "三季报": 1, "归母": 4, "超过": 2, "100亿": 1, "43": 1, "535.23亿": 1, "9": 1, "贵州": 2, "304.55亿": 1, "也就是说": 1, "等于": 1, "图片": 2, "来源": 3, "谈": 2, "交接班": 2, "悬": 2, "傀儡": 2, "29日": 1, "下午": 1, "创始人": 1, "接受": 1, "欧洲": 1, "新闻台": 1, "采访": 1, "记者": 1, "美国": 3, "打压": 1, "财务": 3, "风险": 2, "对此": 1, "回应": 1, "速度": 1, "不错": 1, "面临": 1, "生存": 1, "危机": 1, "惰怠": 2, "反而": 1, "努力": 1, "生产": 1, "原因": 2, "外部": 1, "解释": 1, "优点": 2, "购买": 2, "理由": 1, "领先": 1, "世界": 1, "充足": 1, "机会": 1, "担心": 2, "不用": 1, "设备": 2, "供应": 1, "还要": 1, "请": 1, "国外": 2, "困难度": 1, "困难": 1, "信任度": 1, "看一看": 1, "基站": 2, "回去": 1, "安装": 1, "退休": 2, "思维": 1, "障碍": 1, "政府": 1, "批准": 1, "不必": 1, "操心": 1, "每日": 1, "新闻": 1}