{"CNMO": 2, "新闻": 3, "9月": 1, "6日": 1, "@": 1, "华为": 16, "商城": 1, "平板": 8, "M5青春": 5, "版": 9, "10.1": 5, "英寸": 5, "直降": 3, "元": 13, "手价": 3, "1799": 3, "入手": 1, "享受": 1, "3": 8, "期": 1, "免息": 1, "优惠": 2, "有意": 1, "更换": 1, "朋友": 2, "留意": 1, "售": 1, "官网": 1, "显示": 2, "香槟金": 1, "、": 11, "空灰": 1, "颜色": 1, "选": 1, "配备": 1, "四": 1, "内存": 1, "版本": 1, "此次": 1, "全网": 1, "通4GB": 1, "+": 4, "64GB": 2, "WiFi": 2, "4GB": 2, "100": 1, "售价": 2, "2099": 1, "1899": 1, "1999": 2, "；": 3, "128GB": 2, "全网通4GB": 1, "2199": 2, "2399": 1, "六大": 1, "亮点": 1, "配置": 1, "采用": 3, "立体": 1, "四扬声器": 1, "全球": 1, "知名": 1, "音响": 1, "品牌": 1, "哈曼卡顿": 1, "联合": 1, "工程师": 1, "打造": 1, "提高": 1, "音量": 1, "减少": 1, "失真": 1, "带来": 1, "剧院": 1, "影音": 1, "体验": 3, "搭载": 1, "强劲": 1, "八核": 1, "芯片": 5, "GPU": 1, "Turbo革命性": 1, "图形": 1, "加速": 1, "技术": 1, "加持": 1, "运行": 1, "流畅": 1, "稳定": 1, "续航": 2, "内置": 1, "一块": 1, "7500": 1, "mAh": 1, "电池": 1, "时间": 1, "长": 2, "13": 1, "小时": 3, "播放": 1, "音乐": 1, "55": 1, "支持": 2, "9V/2A": 1, "快速": 1, "充电": 1, "2.9": 1, "内": 1, "电量": 1, "即可": 1, "充满": 1, "发布": 3, "款": 3, "预热": 3, "视频": 3, "透露": 1, "IFA": 2, "大会": 2, "期间": 1, "FreeBuds": 6, "耳机": 7, "旗下": 1, "TWS": 4, "中标": 1, "注出": 1, "麒麟": 2, "字样": 1, "暗示": 1, "自研": 1, "今日": 2, "外观": 5, "照片": 1, "正式": 2, "曝光": 2, "截图": 1, "简单": 1, "科普": 1, "关键": 2, "技术点": 1, "1": 1, "动圈": 2, "单元": 2, "这是": 1, "传统": 1, "音质": 1, "6": 1, "连接": 1, "稳定性": 1, "时延": 1, "蓝牙": 1, "传输": 1, "协议": 2, "以往": 1, "先进": 1, "HWA": 1, "很多": 1, "4": 1, "佩戴": 1, "方式": 1, "终于": 1, "一个": 1, "影响": 1, "动手": 1, "期待": 1, "图片": 4, "来源": 3, "网络": 3, "整体": 1, "设计": 1, "产品": 2, "变化": 1, "不大": 1, "收纳盒": 1, "鹅卵石": 1, "造型": 1, "显得": 1, "很": 1, "别致": 1, "该款": 1, "感兴趣": 1, "关注": 1, "届时": 1, "报道": 1}