{"来源": 1, "：": 12, "环球网": 1, "在编": 1, "1.5万多": 1, "基础": 2, "研究": 5, "科学家": 2, "专家": 6, "金钱": 2, "知识": 6, "6万多": 1, "应用型": 1, "人才": 3, "开发": 4, "产品": 4, "17日": 3, "身着": 1, "蓝色": 1, "休闲": 1, "西装": 1, "华为": 61, "创始人": 3, "任正非": 7, "国内": 1, "媒体": 3, "座谈": 1, "描述": 2, "公司": 13, "自主": 2, "此前": 2, "外界": 2, "低调": 1, "到底": 1, "黑科技": 2, "16日": 2, "、": 22, "内": 3, "环环": 10, "ID": 1, "huanqiu-com": 1, "手机": 20, "生产": 9, "车间": 3, "见识": 1, "高端": 2, "炼": 1, "先进": 3, "热": 4, "技术": 11, "高级": 2, "结构": 2, "材料": 2, "很": 8, "曝光": 1, "实验室": 10, "明白": 1, "5G": 8, "领跑": 1, "世界": 2, "南方": 4, "工厂": 4, "生产线": 13, "28.5": 2, "秒": 2, "产出": 2, "台": 7, "手中": 1, "出生地": 1, "来到": 1, "位于": 2, "东莞": 2, "松山湖": 2, "高新技术": 1, "园区": 1, "占地": 1, "1.4": 1, "平方公里": 1, "制造": 1, "交付": 1, "服务": 2, "平台": 1, "Mate": 1, "系列": 1, "P系列": 1, "籍贯": 1, "流程": 4, "包括": 1, "表面": 1, "贴装": 1, "SMT": 1, "单板": 2, "功能": 1, "测试": 3, "FT": 1, "组装": 1, "Assembly": 1, "整机": 1, "包装": 1, "环节": 2, "过程": 4, "精密度": 1, "参观": 3, "换上": 1, "防尘": 1, "静电": 1, "工作服": 1, "鞋帽": 1, "入口": 1, "向前": 1, "望去": 1, "装配": 1, "明晃晃": 1, "形容": 1, "一个": 13, "直观": 1, "感觉": 2, "工作": 7, "人员": 5, "！": 5, "早": 1, "条": 2, "86": 1, "工人": 3, "持续": 3, "改进": 2, "120": 1, "米": 1, "17": 1, "接待": 2, "入口处": 2, "对面": 1, "货架": 1, "整齐码": 1, "放": 1, "电影": 1, "胶片": 1, "盘状物": 1, "物料": 2, "PCB": 1, "镭雕": 1, "二维码": 1, "拥有": 5, "身份证": 1, "流经": 1, "直至": 1, "零部件": 1, "都会": 2, "扫描": 1, "条码": 1, "哪家": 1, "上游": 1, "厂商": 1, "提供": 1, "都": 9, "追溯": 1, "严谨": 2, "才能": 1, "品质": 1, "管控": 1, "提升": 1, "高标准": 1, "印刷": 1, "胶机": 1, "机械": 1, "手臂": 1, "设备": 7, "大部分": 1, "采用": 2, "品牌": 2, "这是": 5, "末端": 1, "封装": 1, "完好": 1, "所需": 1, "时间": 3, "30多": 1, "每月": 1, "生产量": 1, "200万": 1, "墙壁": 1, "醒目": 1, "口号": 1, "标语": 1, "创新": 1, "改善": 6, "员工": 8, "表彰榜": 1, "细节": 2, "重视": 2, "担心": 2, "饭碗": 1, "改掉": 1, "动力": 1, "多余": 1, "节省": 1, "投入": 2, "规模": 1, "岗位": 1, "提高": 1, "效率": 1, "丰厚": 1, "奖励": 1, "模块": 5, "下水道": 2, "水里": 2, "泡": 3, "四": 1, "光洁": 1, "向导": 1, "第一": 8, "白宫": 4, "未": 1, "特指": 1, "栋": 1, "深圳": 1, "坂田": 1, "基地": 2, "白色": 1, "欧式": 2, "建筑": 4, "很多": 4, "尖端": 1, "所在地": 1, "干脆": 1, "编号": 1, "E1": 1, "称呼": 1, "涉及": 1, "科研": 3, "机密": 1, "摄影": 1, "摄像": 1, "工具": 1, "不准": 1, "带入": 1, "走入": 1, "发现": 2, "商场": 1, "便利店": 1, "咖啡厅": 1, "明亮": 1, "中央": 1, "通道": 1, "两侧": 1, "冲淡": 1, "印象": 2, "严肃": 1, "气氛": 1, "玩": 1, "游戏": 2, "卡顿": 2, "芯片": 1, "运行": 1, "发热": 1, "散热": 5, "保护": 1, "机制": 2, "运算": 1, "频率": 1, "降": 1, "导致": 1, "也许": 3, "记者们": 2, "理解": 1, "重要性": 1, "方式": 1, "100多": 1, "名": 4, "正是": 2, "专注于": 1, "网络": 2, "企业": 10, "IT": 1, "消费者": 2, "ICT": 1, "业务": 3, "领域": 2, "工程": 1, "地方": 3, "件": 2, "看上去": 1, "天线": 5, "5": 1, "G": 1, "意味着": 1, "表面积": 2, "就要": 1, "增加": 3, "重量": 1, "安装": 2, "高塔": 1, "上将": 1, "费事": 1, "带": 2, "记者": 4, "一块": 1, "Massive": 1, "MIMO": 1, "64T64": 1, "R": 1, "(": 1, "64": 2, "发": 1, "收": 1, ")": 1, "基站": 2, "样本": 1, "独特": 1, "轻薄": 1, "扇": 1, "窗": 1, "大小": 1, "鱼缸": 1, "分成": 1, "装": 1, "液体": 3, "告诉": 1, "来自于": 1, "欧洲": 4, "下水": 1, "管道": 1, "添加": 1, "杂质": 1, "腐蚀性": 1, "业界": 1, "通用": 1, "合金": 2, "涂层": 2, "专利": 1, "防腐": 2, "对比": 1, "锈迹": 1, "斑斑": 1, "千疮百孔": 1, "后者": 1, "光洁如新": 1, "4": 1, "介绍": 1, "通讯": 1, "安放": 1, "耐腐蚀性": 1, "极其": 1, "指出": 1, "磕碰": 2, "痕迹": 1, "锤子": 1, "砸": 1, "毕竟": 1, "难免": 1, "外表": 1, "破损": 1, "里边": 1, "腐蚀": 1, "合作": 1, "伙伴": 1, "夸": 1, "研发": 1, "做事": 1, "‘": 5, "太": 3, "客户": 8, "着想": 1, "’": 5, "中心": 2, "倒下": 4, "书": 3, "章": 1, "写道": 1, "当今": 1, "时代": 2, "流行": 1, "拜": 2, "资本教": 1, "教": 1, "信奉": 1, "拜上帝教": 1, "上帝": 1, "耶稣": 1, "非释迦摩尼": 1, "全球": 6, "700多": 1, "电信": 1, "60亿": 1, "人口": 1, "北方": 1, "冬季": 1, "结冰": 1, "外壳": 1, "雨水": 1, "冲刷": 1, "画面": 1, "依然": 1, "清晰": 1, "摄像头": 1, "……": 1, "一个个": 1, "烙印": 1, "各国": 1, "生活": 2, "痛点": 1, "透彻": 1, "采访": 2, "时有": 1, "看似": 1, "远离": 1, "部门": 1, "信条": 2, "寸": 1, "空间": 1, "欧洲小镇": 2, "感受": 1, "知本主义": 3, "谈": 2, "自豪": 2, "走访": 1, "同行": 1, "确实": 1, "讲解": 1, "语速": 1, "很快": 2, "尽力": 1, "吐字": 1, "生怕": 1, "有限": 1, "没法": 1, "听懂": 1, "推销员": 1, "归属感": 1, "荣誉感": 1, "源于": 1, "酷爱": 1, "视线": 1, "晦涩": 1, "深奥": 1, "移开": 1, "关注": 2, "环境": 1, "找到": 1, "答案": 1, "溪流": 1, "背坡村": 1, "浓郁": 1, "中国": 2, "田园": 1, "风": 1, "名字": 1, "全球化": 1, "这块": 1, "办公": 1, "1900": 1, "亩": 1, "区域": 1, "散落": 1, "12": 1, "城市": 1, "经典": 1, "称为": 1, "红色": 2, "火车": 1, "缓缓": 1, "停": 1, "格拉纳达": 1, "车站": 1, "天色": 1, "渐暗": 1, "陆陆续续": 1, "走": 1, "吃": 1, "晚餐": 1, "空场": 1, "地上": 1, "摆出": 1, "放满": 1, "水果": 1, "牛奶": 1, "摊位": 1, "领取": 1, "夜宵": 1, "目所能及": 1, "不远处": 1, "宿舍": 1, "界限": 1, "刮目相看": 1, "本钱": 1, "哲学": 2, "作者": 1, "留征": 1, "奉行": 1, "回答": 2, "尊重": 1, "资本化": 1, "艳羡": 1, "全员": 2, "高薪": 1, "持股": 1, "利益": 2, "共享": 1, "一家": 6, "高科技": 1, "结成": 1, "共同体": 2, "关系": 2, "事业": 1, "市面": 1, "各色": 1, "分析": 1, "成功": 2, "书籍": 1, "圆桌会": 1, "特有": 1, "接地气": 1, "风格": 1, "一无所有": 2, "背景": 1, "资源": 1, "脑袋": 2, "一批": 1, "中国人": 1, "外国人": 1, "集合": 1, "成就": 1, "近日": 1, "48": 1, "小时": 1, "之内": 1, "连续": 1, "接受": 1, "频繁": 1, "露面": 1, "笑": 1, "称": 1, "公共关系部": 1, "逼": 1, "社会": 1, "传递": 1, "信心": 1, "前景": 1, "光明": 1, "早晚": 1, "事情": 1, "命题": 2, "现实": 1, "营收": 2, "千亿": 2, "美元": 2, "BAT": 1, "总和": 1, "大体量": 1, "日新月异": 1, "保证": 1, "财务": 1, "报表": 1, "苹果": 2, "不行": 1, "去年": 1, "10月份": 1, "股价": 1, "涨": 1, "市值": 3, "突破": 2, "万亿": 1, "跌": 3, "其他人": 1, "还要": 1, "狠": 1, "腾讯": 6, "阿里巴巴": 4, "社交": 1, "电商": 2, "不约而同": 1, "触手": 1, "伸到": 1, "互联网": 3, "角落": 1, "2018年": 3, "篇": 1, "梦想": 2, "文章": 2, "热烈": 1, "讨论": 1, "说到": 1, "投资": 1, "机构": 1, "想": 2, "抓住": 1, "机会": 1, "超越": 1, "马云": 3, "王牌": 1, "支付": 1, "大众": 1, "支付宝": 1, "付钱": 1, "功夫": 1, "抛弃": 1, "人民币": 1, "通信": 1, "领头羊": 1, "一点": 1, "科技": 4, "逆水行舟": 1, "不进则退": 1, "事物": 1, "衰退": 1, "只不过": 1, "来得": 1, "晚点": 1, "发展": 3, "必定": 1, "经历": 1, "洗礼": 1, "历史": 1, "磨难": 1, "书山": 1, "路勤": 1, "为径": 1, "学海无涯": 1, "苦": 1, "作舟": 1, "学习": 1, "亦": 1, "想到": 1, "；": 2, "瞩目": 1, "爬": 2, "楼梯": 1, "一步一个脚印": 1, "台阶": 1, "往上": 1, "终于": 1, "认可": 1, "市场": 2, "销量": 1, "2亿": 1, "拿下": 1, "30": 1, "订单": 1, "预计": 1, "建设": 1, "2万余": 1, "座": 1, "骄人": 1, "成绩": 1, "国人": 1, "LOGO": 14, "标志": 3, "一眼": 1, "记得": 1, "住": 1, "印象深刻": 1, "如今": 1, "三": 1, "改革": 1, "前世今生": 1, "少有": 1, "朵": 1, "15": 3, "花瓣": 6, "太阳花": 3, "寓意": 2, "简单": 1, "美好": 1, "代表": 1, "成立": 1, "初": 1, "阳光": 1, "向上": 1, "第二": 5, "相比于": 1, "变化": 2, "看起来": 1, "饱满": 1, "延续": 2, "红黑色": 1, "主色调": 1, "图案": 1, "文字": 1, "略": 1, "渐变": 1, "效果": 1, "动感": 1, "据说": 1, "思考": 1, "核心": 3, "价值": 2, "理念": 2, "八": 1, "聚隆": 2, "散开": 1, "预示": 1, "兴旺": 1, "底部": 1, "花心": 1, "需求": 1, "创造": 1, "配上": 1, "黑色": 1, "字母": 1, "HUAWEI": 1, "英文": 1, "选择": 1, "大写": 1, "汉语": 1, "拼音": 1, "国": 1, "大气": 1, "第三": 6, "发布": 1, "3月": 1, "相对于": 1, "变色": 1, "颜色": 1, "改为": 1, "立体感": 1, "直观感": 1, "视觉": 1, "冲击": 1, "仔细": 1, "显得": 1, "整齐": 1, "简介": 1, "大方": 1, "颇": 1, "扬眉吐气": 1, "不拘小节": 1, "演化史": 1, "看法": 1, "观点": 2, "评论": 1, "下发": 1, "留言": 1, "发表": 1, "~": 1, "琛谈": 1, "网事": 1, "谈笑有鸿儒": 1, "往来": 1, "白丁": 1, "带来": 1, "行业": 1, "最新": 1, "分享": 1}