{"浙江": 2, "24": 1, "小时": 8, "——": 3, "钱江": 1, "晚报": 1, "记者": 1, "云山": 1, "位于": 1, "杭州": 29, "黄龙": 31, "万科": 31, "中心": 2, "华为": 233, "智能": 101, "生活馆": 51, "迎来": 5, "试营业": 10, "这是": 3, "太原": 4, "、": 116, "上海": 4, "第三": 15, "品牌": 11, "零售": 4, "布局": 8, "加速": 3, "升级": 3, "600": 4, "平米": 3, "店里": 1, "展出": 3, "产品": 29, "70多": 1, "名": 2, "店员": 2, "专心": 1, "服务": 11, "销售": 3, "简单": 4, "色调": 1, "开阔": 2, "空间": 26, "长方形": 1, "木质": 1, "体验台": 3, "儿童": 6, "教育区": 1, "休闲区": 4, "加上": 1, "不定期": 2, "艺术": 4, "分享": 4, "活动": 1, "……": 1, "借鉴": 1, "苹果": 35, "零售店": 1, "成功": 4, "经验": 1, "力图": 1, "打造": 14, "高端": 3, "形象": 2, "消费者": 41, "品质": 4, "多元化": 3, "消费": 2, "需求": 6, "黑科技": 4, "加持": 1, "智慧": 9, "店铺": 2, "构建": 2, "生活": 15, "体验": 56, "平台": 9, "向来": 1, "重视": 1, "擅长": 1, "研发": 5, "领域": 5, "技术": 29, "革新": 2, "此次": 2, "不少": 4, "抓": 1, "眼球": 1, "IT": 1, "门店": 10, "投入": 2, "很多": 5, "系统": 6, "环境": 4, "控制": 4, "设备": 27, "IoT物": 2, "联网": 2, "连接": 4, "智能化": 2, "原本": 3, "开店": 3, "员工": 7, "体验区": 7, "开启": 3, "各类": 1, "接近": 4, "半": 2, "店长": 2, "平板": 12, "键": 3, "点击": 2, "分钟": 3, "即可": 2, "工作": 8, "节省": 3, "人工": 4, "时间": 4, "成本": 4, "科技": 17, "便捷": 5, "方式": 7, "店": 8, "内": 9, "设有": 1, "六": 1, "展示": 5, "华为们": 1, "手机": 55, "融合": 4, "两侧": 1, "互动": 13, "休闲": 4, "交流": 4, "区相": 1, "衔接": 1, "旗舰机": 1, "Mate": 2, "系列": 12, "P系列": 1, "绚丽非凡": 1, "nova": 2, "M5": 1, "轻薄": 1, "Matebook": 1, "高贵": 1, "优雅": 1, "MateRS": 1, "保时": 1, "捷款": 1, "彰显": 1, "独特": 2, "魅力": 2, "交互": 3, "屏幕": 6, "信息": 4, "价格": 3, "坐落": 1, "杭州市": 1, "传统": 8, "环西湖": 2, "核心": 8, "四": 4, "商圈": 4, "建筑": 5, "面积": 6, "40万": 2, "平": 2, "交通": 1, "便利": 3, "地理": 2, "位置": 1, "优越": 1, "地铁": 2, "2号线": 2, "10号线": 2, "覆盖": 5, "周边": 2, "汇集": 1, "震撼": 3, "定制": 7, "主题": 2, "影院": 3, "美术馆": 2, "开心": 2, "麻花": 2, "剧院": 2, "充满": 2, "文创": 2, "一体": 3, "大型": 3, "商业圈": 1, "提供": 16, "社交": 3, "消遣": 3, "科学": 1, "陈列": 8, "感受": 10, "背后": 5, "人文": 2, "关怀": 3, "出发": 1, "分为": 3, "：": 5, "售后": 1, "交流区": 2, "入口": 2, "条": 1, "动线": 1, "三大": 1, "块": 1, "主体": 1, "结构": 1, "主入口": 1, "商场": 1, "走近": 1, "视觉": 8, "左侧": 1, "配件区": 1, "搭配": 1, "功能": 13, "顾问": 2, "场景": 15, "全方位": 1, "感知": 1, "右侧": 1, "功能区": 2, "随意": 2, "闲逛": 2, "把玩": 2, "停歇": 3, "带来": 8, "无限": 2, "创意": 4, "含量": 2, "呈现": 4, "融为一体": 2, "自主": 2, "维度": 2, "手表": 2, "手环": 2, "电脑": 3, "家居": 14, "官方": 2, "第三方": 4, "配件": 4, "IP": 4, "适合": 2, "形式": 2, "PC": 3, "都": 34, "直观": 2, "触摸": 2, "绝佳": 1, "多样化": 1, "参与": 2, "有趣": 1, "摄影": 4, "VR": 7, "游戏": 6, "专业": 1, "共享": 1, "美好": 1, "简": 1, "美学": 1, "设计": 9, "理念": 2, "自由": 6, "轻松": 2, "购物": 5, "外立面": 4, "两面": 2, "玻璃": 7, "幕墙": 4, "采用": 2, "先进": 1, "超白": 2, "减少": 2, "拼缝": 7, "浑然一体": 3, "通透性": 2, "限度": 2, "利用": 3, "自然光": 2, "室内": 2, "室外": 2, "广场": 2, "拓宽": 2, "视野": 3, "自然": 2, "享受": 9, "设置": 2, "一块": 2, "专属": 4, "高清": 5, "60": 2, "静态": 4, "画面": 3, "精彩": 2, "视频": 6, "轮播": 2, "很": 16, "远": 3, "距离": 2, "宣传": 2, "冲击力": 3, "通透": 2, "大气": 2, "相辅相成": 2, "俨然": 1, "一个": 27, "地标": 3, "内部": 2, "线条": 1, "材料": 1, "选择": 8, "颇为": 1, "考究": 1, "舒适": 2, "完美": 3, "天花": 2, "灯槽": 2, "地面": 2, "柱面": 2, "柜体": 2, "对齐": 1, "灯光": 2, "优化": 2, "选用": 2, "超大": 2, "规格": 2, "成品": 2, "发光": 2, "灯箱": 2, "光源": 2, "柔和性": 2, "均匀感": 2, "优于": 1, "软膜": 1, "灯布": 1, "走": 4, "高度": 1, "对称": 1, "工整": 1, "美学会": 1, "感官": 2, "惊艳": 1, "超凡": 1, "实力": 9, "带给": 4, "乐趣": 3, "无微不至": 1, "优质": 2, "沉浸式": 1, "人群": 1, "定制化": 1, "个性": 1, "值得": 2, "回味": 1, "经历": 1, "定制区": 2, "特有": 1, "资源": 2, "个性化": 1, "爱机": 1, "DIY": 2, "壳": 4, "笔记本": 2, "后壳": 2, "材质": 2, "添加": 1, "涂层": 2, "打印": 5, "特制": 1, "软件": 2, "亲手": 1, "进口": 1, "UV": 1, "打印机": 1, "制作": 1, "深度": 4, "演绎": 2, "性能": 1, "旗舰": 1, "摄影区": 2, "模拟": 2, "动态": 3, "绿植": 2, "强大": 3, "拍摄": 4, "一次性": 2, "开发": 1, "新奇": 2, "玩法": 2, "神奇": 2, "AI": 10, "识别": 2, "微距": 2, "超大广角": 2, "多种": 3, "区域": 9, "支持": 6, "拍照": 5, "投屏": 2, "照片": 5, "顾客": 3, "留住": 2, "当下": 5, "记忆": 1, "永恒": 1, "5": 1, "套": 2, "互动性": 1, "眼镜": 2, "3K": 1, "分辨率": 1, "清晰": 1, "超": 3, "尽情": 2, "私人": 1, "3D": 1, "视听": 1, "运动": 3, "达人": 2, "单车": 1, "健康": 5, "别样": 1, "；": 10, "玩家": 1, "搭载": 2, "NOLO": 1, "手柄": 2, "套装": 2, "虚拟": 1, "世界": 11, "戴上": 1, "手": 1, "畅玩": 1, "节奏": 2, "光剑": 1, "紧密": 2, "沟通": 2, "开放": 4, "学习": 4, "许久以来": 1, "践行": 1, "之间": 4, "致力": 1, "探寻": 1, "习惯": 2, "痛点": 1, "举办": 1, "大咖": 1, "音乐": 4, "绘画": 3, "大师": 1, "适时": 1, "慢生活": 1, "教育": 3, "终端": 2, "生态": 8, "内容": 1, "领取": 3, "耳机": 2, "闲适": 2, "一刻": 1, "静心": 1, "倾听": 1, "APP": 3, "观看": 2, "正版": 1, "广告": 1, "打扰": 2, "好莱坞": 2, "华语": 1, "大片": 2, "高分": 1, "纪录片": 1, "知识": 2, "亦": 1, "畅销": 2, "书籍": 2, "喜欢": 3, "打开": 1, "阅读": 3, "扫": 2, "书": 1, "条码": 1, "带走": 1, "随身": 1, "可谓": 2, "趣味性": 1, "十足": 1, "电子": 4, "市场": 23, "推荐": 2, "益智": 2, "AR识卡": 2, "免费": 2, "娱乐": 2, "家长": 1, "带": 3, "小朋友": 1, "力量": 2, "增进": 1, "孩子": 6, "4月": 2, "20日": 2, "第一": 6, "落户": 3, "至今": 3, "进店": 4, "26万": 2, "10月": 4, "26日": 2, "第二": 9, "13万余": 2, "预示": 2, "推进": 5, "业态": 7, "未来": 6, "现有": 1, "店面": 3, "转型": 2, "全新": 7, "模式": 5, "网曝": 1, "工程师": 5, "倒下": 1, "连续": 3, "22": 4, "无休": 2, "终于": 1, "2018年": 13, "18日": 1, "晚上": 1, "猝死": 3, "肯尼亚": 3, "永远": 1, "离开": 1, "人世": 1, "驻": 1, "遗孀": 8, "网上": 2, "发布": 3, "相关": 2, "描述": 1, "人生": 1, "苦短": 1, "金钱": 1, "生命": 6, "赌注": 1, "丈夫": 1, "鸣不平": 1, "担当": 1, "责任": 1, "划": 1, "重点": 2, "意味着": 2, "薪水": 2, "答案": 1, "五": 2, "年终奖": 1, "增长": 6, "股票": 2, "增加": 1, "配给": 1, "年收入": 2, "30万": 2, "海外": 5, "年薪": 1, "近乎": 1, "第五": 1, "50万": 2, "！": 13, "高新": 1, "承受力": 1, "公司": 5, "老板": 1, "发": 3, "工资": 3, "干活": 1, "走到": 2, "管理": 2, "付出": 1, "回报": 2, "强度": 2, "加班": 6, "因果": 1, "关系": 2, "牺牲": 1, "推崇": 1, "狼性": 1, "团队": 1, "优胜劣汰": 1, "同等": 1, "条件": 1, "能力": 3, "足以": 1, "齐": 2, "平时": 1, "拼尽": 1, "全力": 1, "只能": 3, "选者": 1, "淘汰": 2, "降薪": 1, "36": 1, "岁": 1, "典型": 1, "案例": 1, "导致": 3, "身体": 5, "吃不消": 1, "高血压": 2, "拼命": 1, "留": 1, "不幸": 2, "最终": 5, "异国他乡": 1, "留下": 1, "无依无靠": 1, "高薪": 1, "当事人": 2, "代价": 1, "这位": 1, "养": 1, "全职": 1, "太太": 1, "小孩": 1, "放弃": 2, "岗位": 1, "轻易": 1, "回国": 3, "常驻": 1, "不适": 1, "长期": 2, "熬夜": 1, "悲剧": 1, "发生": 2, "有人": 2, "受不了": 1, "压力": 2, "辞职": 1, "毕竟": 6, "养老": 1, "没错": 1, "博弈": 1, "跳槽": 1, "驻外": 2, "1/5": 1, "背负": 1, "轻言": 1, "发文": 2, "目的": 2, "赔偿": 3, "满意": 2, "赔": 1, "钱": 1, "工亡": 1, "补助金": 1, "标准": 4, "为上": 1, "年度": 1, "全国": 1, "城镇": 1, "居民": 1, "人均": 1, "可支配": 1, "收入": 3, "倍": 4, "大概": 1, "商业": 3, "保险": 2, "加工": 1, "伤": 1, "合计": 2, "180": 1, "200万": 1, "元": 4, "继承": 1, "转让": 1, "综合": 3, "累计": 2, "加补": 1, "偿费": 1, "300万": 2, "还要": 1, "涉及": 1, "扣税": 2, "就算": 1, "上班": 1, "家里": 1, "老人": 1, "赡养": 1, "家庭": 3, "一线": 1, "城市": 8, "房子": 1, "首付": 1, "付": 2, "文": 1, "补偿": 3, "只字未提": 1, "常年": 1, "休息": 1, "遭遇": 1, "希望": 6, "尽可能": 1, "法律": 3, "法规": 1, "执行": 1, "地方": 6, "不惜": 1, "对簿公堂": 1, "办事": 1, "也就是说": 1, "赢": 1, "官司": 1, "只好": 1, "发动": 1, "网络": 6, "舆论": 2, "拿到": 3, "角度": 3, "一家": 7, "18万": 1, "企业": 14, "规范": 1, "行事": 1, "才": 4, "持久": 1, "人和": 1, "难处": 1, "找到": 2, "平衡点": 2, "有时候": 1, "坚强": 1, "面对": 3, "透支": 2, "脆弱": 1, "显示": 4, "残酷": 1, "赚钱": 2, "换得": 1, "名利": 1, "撑": 1, "瞬间": 1, "一扫而光": 1, "文／": 1, "杨剑勇": 3, "近期": 1, "出货量": 10, "突破": 11, "2亿": 7, "台": 12, "超过": 11, "铺天盖地": 2, "的确": 1, "兴奋": 1, "得以": 1, "印证": 1, "国产": 5, "三星": 4, "国际": 1, "国内": 5, "惨败": 1, "形容": 2, "剩下": 1, "苦苦": 1, "支撑": 2, "如今": 4, "变相": 1, "降价": 1, "果粉": 2, "换购": 1, "iPhone新机": 1, "小米": 4, "厂商": 8, "吞噬": 1, "高通": 2, "专利": 8, "大战": 1, "步步": 1, "紧逼": 1, "态势": 1, "面临": 2, "内忧外患": 1, "年底": 1, "玩起": 1, "大幅度": 1, "促销": 1, "挽回": 1, "颓势": 1, "换机": 1, "重整": 1, "华尔街": 1, "信心": 2, "全年": 2, "击败": 2, "此前": 2, "依据": 1, "IDC": 1, "调查": 1, "机构": 1, "数据": 4, "季度": 4, "超越": 5, "占据": 1, "全球": 26, "份额": 4, "14.6%": 2, "仅次于": 1, "透露": 1, "创": 1, "历史": 1, "新高": 1, "发货量": 6, "8": 1, "66": 2, "余承东": 2, "发表": 1, "感言": 1, "勇于": 1, "创新": 6, "努力": 3, "轮": 2, "革命": 1, "探索者": 1, "引领者": 1, "持续": 1, "创造": 3, "价值": 3, "喜爱": 1, "庆祝": 1, "发年": 1, "货量": 1, "推出": 2, "纪念版": 1, "篇章": 1, "因素": 1, "第四": 1, "公布": 2, "iPhone": 6, "数量": 3, "2018": 5, "财年": 5, "2.177亿": 1, "一点点": 1, "差距": 7, "瞄向": 1, "物联网": 5, "5G": 38, "营收": 11, "有望": 2, "1670亿": 1, "美元": 14, "换算": 1, "人民币": 4, "1.1万亿": 1, "利润": 3, "比拟": 2, "，，": 1, "千亿": 2, "中国": 5, "民营": 1, "载入": 1, "史册": 1, "轮值": 1, "董事长": 3, "郭平": 4, "新年": 4, "致辞": 4, "预计": 3, "21%": 1, "1085亿": 2, "骄人": 1, "业绩": 3, "成绩": 1, "1600亿": 1, "2656亿": 1, "1.8万亿": 1, "595亿": 1, "2017年": 2, "对比": 1, "净利润": 2, "475亿": 1, "2017": 1, "484亿": 1, "3300亿": 1, "7": 1, "层面": 2, "通信": 6, "诸多": 1, "领先": 3, "引以为傲": 1, "遍布": 2, "一半": 2, "来源": 1, "多年": 1, "爱立信": 2, "诺基亚": 1, "人员": 2, "高达": 1, "8万": 1, "3900亿": 1, "资金": 2, "处在": 1, "优势": 4, "竞争": 2, "欧美": 1, "国家": 12, "担忧": 3, "美国": 26, "为首": 3, "名义": 1, "抵制": 6, "签订": 1, "26": 3, "商用": 3, "合同": 3, "10000": 3, "基站": 4, "即将": 1, "到来": 1, "时代": 9, "三": 4, "面向": 2, "前景": 2, "高级": 1, "指出": 1, "在于": 2, "相比": 2, "依赖": 1, "占": 2, "63%": 1, "售价": 1, "低迷": 1, "崛起": 1, "抢夺": 1, "绝大部分": 1, "神话": 1, "神坛": 1, "取而代之": 1, "股价": 1, "大幅": 1, "下跌": 1, "辉煌": 1, "见顶": 1, "投资者": 1, "3日": 1, "市值": 3, "11200亿": 1, "跌": 2, "7409亿": 1, "蒸发": 1, "逾": 1, "3800亿": 1, "相当于": 1, "10": 1, "截至": 1, "12月": 4, "28日": 2, "上午": 1, "收盘": 1, "2908亿": 1, "港元": 1, "371亿": 1, "局限": 2, "发展": 9, "各界": 1, "探索": 1, "共建": 2, "万物": 7, "互联": 8, "站": 1, "新时代": 1, "起点": 1, "运营商": 5, "预商": 1, "测试": 6, "芯": 1, "端": 5, "云协": 1, "同赋": 1, "社会": 1, "推AI": 1, "芯片": 10, "普惠A": 1, "I": 1, "战略": 6, "Ascend": 5, "具备": 2, "横跨": 1, "边缘": 2, "包括": 3, "910": 1, "310": 2, "款": 3, "介绍": 2, "计算": 1, "算力": 1, "SoC": 1, "基于": 4, "统一": 1, "架构": 1, "部署": 1, "迁移": 1, "协同": 1, "标志": 1, "解决": 3, "方案": 3, "训练": 1, "推理": 1, "框架": 1, "在内": 2, "堆": 1, "栈": 1, "AI不再": 1, "高高在上": 1, "走向": 1, "普罗": 1, "大众": 1, "组织": 3, "智选": 1, "HiLink": 3, "倡导": 1, "打破": 2, "藩篱": 3, "专注": 1, "特长": 1, "体系": 1, "产业链": 1, "伙伴": 3, "构筑": 1, "业务": 4, "方向": 1, "三年": 1, "透过": 1, "家电": 2, "百亿": 1, "流水": 1, "发力": 1, "进度": 1, "Thread": 1, "Group": 1, "行业": 8, "有利于": 1, "HomeKit": 1, "拓展": 2, "更多": 3, "推动": 1, "向前": 1, "迈进": 1, "一举": 1, "外界": 2, "过分": 1, "夸大": 1, "灾难": 1, "任正非": 2, "尴尬": 1, "道德": 1, "绑架": 2, "并非": 2, "好事": 2, "经济": 2, "一体化": 1, "消费类": 1, "或者说": 1, "供应链": 1, "国外": 1, "操作": 2, "元器件": 1, "情怀": 1, "件": 1, "比拼": 1, "硬": 1, "拥护": 1, "作者": 3, "网易": 1, "新闻": 1, "·": 1, "网易号": 1, "态度": 2, "签约": 1, "致力于": 1, "解读": 1, "IoT": 2, "前沿": 1, "洞察": 1, "趋势": 1, "判断": 1, "观点": 1, "众多": 1, "权威": 1, "媒体": 2, "知名": 1, "引用": 1, "4G": 2, "尾声": 1, "结束": 1, "紧张": 1, "通讯": 10, "主导": 1, "含有": 1, "实际上": 5, "不可估量": 1, "汇": 1, "影响": 1, "人民": 2, "3G": 1, "办法": 1, "预料": 1, "抓紧": 1, "发言权": 1, "标杆": 3, "首屈一指": 1, "拥有": 2, "最多": 3, "制定": 1, "贡献": 1, "唯一": 2, "5G端": 1, "全世界": 1, "25": 1, "订单": 3, "阻碍": 1, "2012年": 1, "干预": 1, "李彤": 1, "盟友": 1, "施压": 1, "禁止": 5, "澳大利亚": 1, "加拿大": 1, "新西兰": 1, "英国": 8, "程度": 2, "竞标": 1, "障碍": 1, "调整": 1, "上都": 1, "毋庸置疑": 1, "打压": 1, "进程": 1, "合作": 8, "优惠": 1, "年终": 1, "3": 1, "喜讯": 2, "正式": 3, "确认": 1, "收官": 1, "捷克": 4, "总理": 2, "政府": 2, "涉": 1, "委员会": 1, "出面": 1, "澄清": 1, "为时尚早": 1, "赞扬": 2, "务实": 1, "心态": 1, "电信": 1, "论坛": 1, "高调": 1, "供应商": 1, "追赶": 1, "碍于": 1, "长": 1, "15": 1, "低额": 1, "放开": 1, "政策": 1, "明年": 1, "伦敦": 1, "地点": 1, "不止": 2, "转机": 1, "印度": 5, "连连": 1, "达成": 1, "想要": 1, "跟随": 1, "脚步": 1, "欠": 1, "本身": 3, "有限": 2, "不得不": 1, "好好": 1, "势头": 1, "强劲": 1, "国土": 1, "拿下": 2, "好处": 1, "留言": 1, "讨论": 1, "中宣部": 1, "副部长": 1, "中央": 1, "广播": 1, "电视": 1, "总台": 4, "台长": 1, "慎海雄": 3, "北京": 2, "会见": 1, "梁华": 2, "4K": 1, "超高清": 4, "频道": 1, "开播": 1, "情况": 2, "进展": 1, "转播": 1, "存储": 1, "传输": 1, "转达": 1, "问候": 1, "前期": 1, "基础": 1, "进一步": 2, "深化": 1, "建设": 1, "产业": 1, "强有力": 1, "关注": 2, "朋友": 1, "难题": 1, "联手": 1, "最为": 1, "引人关注": 1, "原因": 1, "窃取": 1, "明白": 1, "这几年": 1, "越来越": 3, "快": 1, "威胁": 1, "刚刚": 1, "隐患": 3, "为由": 2, "到处": 1, "抹黑": 2, "言论": 1, "实在": 3, "自欺欺人": 1, "感觉": 3, "截止到": 1, "为止": 1, "或者是": 1, "地区": 1, "170": 2, "事故": 1, "反而": 1, "当中": 1, "更换": 1, "大面积": 1, "断网": 1, "事件": 1, "有种": 1, "打脸": 2, "死忠粉": 1, "依然": 3, "拒绝": 1, "不错": 2, "中兴": 1, "枪": 1, "骚扰": 2, "着实": 1, "打实": 1, "忙于": 1, "签下": 1, "开拓": 1, "太": 2, "理会": 1, "步入": 1, "佳境": 1, "应对": 1, "还击": 4, "起诉": 2, "通讯商": 2, "支付": 2, "8000万": 2, "使用费": 2, "专利费": 1, "产权": 1, "极为": 1, "看重": 1, "毫无疑问": 1, "痛快": 3, "估计": 2, "侥幸": 1, "心理": 1, "美": 2, "难受": 1, "份": 1, "惊喜": 2, "大礼包": 1, "想法": 1, "想想": 1, "可笑": 1, "明眼人": 1, "借口": 1, "快要": 1, "站不住脚": 1, "确实": 1, "证明": 1, "堪称": 1, "打倒": 1, "靠着": 1, "名气": 1, "1481": 1, "比起": 1, "便宜": 1, "性价比": 1, "丝毫": 1, "差": 1, "对此": 1, "坚定": 1, "好说": 1, "费用": 1, "图片": 1, "均": 2, "来源于": 1, "侵权": 1, "请": 1, "删除": 1, "27日": 1, "披露": 1, "同比": 1, "21％": 1, "首次": 1, "大关": 1, "成就": 1, "晒出": 1, "波": 1, "亮眼": 1, "战绩": 1, "签定": 1, "160多": 1, "500": 1, "211": 1, "数字化": 1, "可喜": 1, "上线": 1, "18": 1, "140": 1, "携手": 1, "运营": 1, "37": 1, "用区": 1, "全栈": 1, "全场": 1, "景AI": 1, "昇腾": 1, "昨晚": 1, "CEO": 1, "转发": 1, "客户": 1, "真切": 1, "认可": 2, "质疑": 1, "回应": 1, "困难": 1, "阻挡": 1, "前行": 1, "步伐": 1, "奋斗": 1, "25日": 1, "含": 1, "荣耀": 3, "截止": 1, "用户": 4, "6500万": 1, "P20": 1, "上市": 2, "1600万": 1, "女性": 1, "500万": 1, "领跑": 1, "互联网": 1, "据悉": 1, "2010年": 1, "5亿": 1, "高端机": 1, "机型": 1, "Mate20pro": 11, "线下": 4, "体验机": 1, "纠结": 1, "到底": 2, "值": 1, "买": 2, "笔者": 1, "花粉": 1, "真实": 2, "评价": 1, "聊": 2, "优缺点": 1, "大部分": 1, "硬件": 1, "符合": 2, "一贯": 1, "期待": 1, "率先": 2, "麒麟980": 1, "处理器": 1, "6G": 1, "运行": 2, "内存": 1, "刺激": 1, "战场": 1, "感到": 1, "卡顿": 1, "双频": 1, "GPS": 1, "定位": 2, "准确": 1, "卡": 1, "双待": 1, "Volte": 1, "商务": 1, "日常": 1, "挑剔": 1, "标配": 3, "4000万": 1, "广角": 2, "+": 2, "2000万": 1, "800万": 1, "长焦": 1, "徕卡": 1, "认证": 1, "摄": 1, "镜头": 1, "样张": 1, "发现": 4, "白天": 1, "光线": 2, "充足": 1, "色彩": 1, "原度": 1, "精准": 1, "提升": 1, "暗部": 1, "保留": 1, "夜晚": 1, "高光": 1, "压制": 1, "噪点": 1, "偏": 1, "超级": 1, "手持": 1, "夜景": 1, "观感": 1, "改善": 1, "外观": 1, "当年": 1, "争议": 1, "Mate20pro用": 1, "上四": 1, "曲面": 1, "表面": 1, "沾染": 1, "手指": 1, "印": 1, "底部": 1, "纹理": 1, "照射": 1, "显得": 2, "光彩": 1, "熠熠": 1, "配合": 1, "铝中框": 1, "流畅": 1, "过渡": 2, "级别": 1, "防水": 1, "防尘": 1, ";": 2, "6.39": 1, "英寸": 1, "屏视": 1, "曲面屏": 1, "贴膜": 1, "难度": 1, "维修": 1, "Mate20pro后背": 1, "极光": 1, "变色": 1, "炫酷": 1, "识别度": 1, "浴霸": 1, "造型": 1, "丑": 1, "谈": 1, ".": 1, "续航": 2, "4200": 1, "毫安": 1, "电池": 1, "大屏": 1, "电量": 1, "网友": 1, "王者": 1, "耗电": 1, "16%": 1, "13%": 1, "MP3": 1, "掉": 1, "电9%": 1, "中度": 1, "40": 1, "W": 1, "48%": 1, "1": 1, "17": 1, "速度": 1, "处于": 1, "中上": 1, "水平": 1, "安卓P": 1, "EMUI": 1, "9.0": 1, "滑动": 1, "返回": 1, "层": 1, "上滑": 1, "暂停": 1, "桌面": 1, "呼出": 1, "后台": 1, "手势": 1, "逻辑": 1, "动画": 1, "生硬": 1, "增多": 1, "源于": 1, "音效": 1, "求救": 1, "挺": 2, "实用": 1, "屏": 1, "表现": 1, "颜值": 1, "短板": 1, "5399": 1, "8699": 1, "iPhoneXS性": 1, "价比": 1, "电商": 2, "城": 1, "年轻": 1, "交织": 1, "物种": 7, "半年": 1, "落地": 6, "茂业": 1, "爱琴海": 1, "迄今": 1, "仅仅": 1, "12月底": 1, "人头攒动": 1, "上演": 1, "人气": 6, "爆棚": 4, "一如": 2, "变革": 2, "年轻人": 21, "出没": 1, "阵地": 1, "抢占": 1, "制高点": 1, "聚集": 1, "潮流": 3, "路上": 1, "一点": 1, "可见一斑": 1, "吸引": 2, "范式": 2, "姿态": 1, "赢得": 1, "同质化": 2, "之中": 1, "意义": 2, "何在": 1, "聚集地": 5, "三里屯": 1, "正是": 3, "档次": 1, "品味": 1, "居于": 1, "前列": 1, "台湾": 1, "大陆": 1, "首家": 1, "跨界": 1, "项目": 1, "扎营": 1, "时尚": 4, "带起": 1, "不仅仅": 2, "影响力": 1, "粉丝": 1, "吸聚力": 1, "杭城": 2, "功力": 1, "引领": 3, "座": 1, "处处": 1, "为过": 1, "绝非": 1, "信口拈来": 1, "譬如": 2, "738": 1, "平方米": 1, "开机": 1, "启动": 1, "程序": 1, "开门": 1, "纳客": 1, "若干": 2, "耗费": 1, "才能": 1, "传染": 1, "注入": 1, "落子": 1, "深耕": 1, "对话": 1, "馆": 1, "水土": 1, "相通": 1, "究": 1, "秘诀": 1, "零距离": 1, "复合型": 1, "坐实": 1, "开创性": 1, "地位": 1, "沙发": 1, "杯": 1, "水": 1, "给予": 1, "听": 1, "抑或是": 1, "供": 1, "休憩": 1, "奶爸": 2, "奶妈": 1, "宝妈": 1, "三位一体": 3, "占位": 3, "定义": 2, "重构": 2, "渠道": 2, "秩序": 1, "势能": 1, "释放": 3, "玩出": 1, "足够": 1, "环保": 1, "节能": 1, "辉映": 1, "呼之欲出": 1, "现场": 2, "巧妙": 1, "草图": 1, "阶段": 1, "落成": 1, "一一": 1, "别具一格": 1, "更为": 1, "契合": 1, "本质": 1, "实打实": 1, "绕": 1, "随时随地": 1, "形态": 2, "欠缺点": 1, "门处": 1, "智选区": 1, "脑洞": 1, "可用": 1, "操控": 1, "唾手可得": 1, "如影随形": 1, "一大": 1, "亮点": 2, "所在": 2, "相对于": 1, "住": 1, "想": 2, "外壳": 1, "挑选": 1, "图样": 1, "上传": 1, "抵挡": 1, "不住": 1, "诱惑": 1, "撞壳": 1, "撞": 1, "深谙": 1, "潜在": 1, "淋漓尽致": 1, "体现": 2, "一个个": 1, "机关": 1, "透彻": 1, "一番": 1, "唯有": 1, "亲临": 1, "开起": 1, "赫然": 1, "自成一派": 1, "开创": 1, "社会学家": 1, "欧登伯格": 1, "Ray": 1, "Oldenburg": 1, "提出": 1, "概念": 2, "居住": 1, "列为": 1, "职场": 1, "酒吧": 1, "咖啡店": 1, "博物馆": 1, "图书馆": 1, "公园": 1, "宽松": 1, "自我": 2, "积聚": 1, "随后": 1, "规划": 1, "多样性": 1, "活力": 1, "复刻": 1, "质": 1, "嬗变": 1, "针对": 1, "刚需": 1, "百货": 1, "超市": 1, "机遇": 1, "挑战": 1, "故步自封": 1, "终将": 1, "抛弃": 1, "姿势": 1, "理工": 1, "男": 1, "既有": 1, "启迪": 1, "预见": 1, "接下来": 1, "势必": 1, "差异化": 1, "蜕变": 1}