{"8月": 8, "26日": 1, "中翼": 1, "数制": 1, "英盛": 1, "企管": 1, "组织": 4, "潮安区": 2, "外贸": 2, "行业": 2, "协会": 2, "三十": 1, "企业家": 5, "一同": 1, "前往": 1, "华为": 70, "总部": 1, "游学": 4, "探究": 1, "全球": 1, "知名": 1, "企业": 8, "神秘": 1, "面貌": 1, "旅": 3, "第一": 3, "站": 1, "抵达": 1, "小镇": 1, "云业部": 3, "渠道": 3, "运营": 3, "郭": 4, "总监": 5, "盛情": 1, "款待": 1, "零距离": 1, "感受": 2, "创新": 1, "文化": 3, "自由": 2, "开放": 3, "办公": 2, "空间": 1, "软硬兼施": 1, "学习型": 1, "建设": 1, "现场": 3, "环境": 2, "氛围": 1, "不禁": 1, "对标": 1, "现实": 1, "情况": 3, "建立": 1, "员工": 4, "关怀": 1, "营造": 1, "平等": 1, "打造": 1, "幸福": 1, "企业家们": 4, "都": 7, "答案": 1, "■": 5, "随后": 1, "郭永强": 2, "带领": 1, "来到": 1, "会议室": 1, "深度": 1, "沟通": 1, "交流": 1, "会议": 1, "分享": 4, "介绍": 1, "发展": 2, "历程": 1, "、": 14, "架构": 1, "5G": 1, "技术": 14, "场景": 3, "干部": 1, "管理": 5, "人才": 2, "激励": 2, "变革": 1, "精华": 1, "展示": 1, "实力": 2, "合作": 1, "共赢": 1, "精神": 2, "理念": 1, "△": 1, "听": 1, "奋斗者": 2, "客户": 1, "中心": 1, "长期": 1, "艰苦奋斗": 1, "核心": 1, "价值观": 1, "深感": 1, "敬佩": 1, "不少": 1, "接下来": 2, "构建": 4, "简单": 1, "体系": 1, "培养": 1, "机制": 1, "经验": 3, "思考": 1, "纷纷": 1, "提问": 1, "互动": 1, "美": 1, "贸易战": 2, "影响": 3, "负面": 1, "情绪": 1, "归属感": 1, "体现": 3, "……": 1, "一一": 1, "作出": 1, "解答": 1, "内部": 1, "团队": 1, "反而": 1, "自发": 1, "加班加点": 1, "充满": 1, "昂扬": 1, "斗志": 1, "激情": 1, "离职率": 1, "创": 1, "历史": 1, "新低": 1, "成功者": 1, "荣耀": 1, "没法": 1, "复制": 1, "成功": 1, "借鉴": 1, "此次": 3, "——": 3, "华为站": 1, "结束": 1, "奋斗": 1, "成熟": 1, "留下": 1, "深刻": 1, "印象": 1, "理光站": 1, "带来": 1, "惊喜": 1, "满载而归": 1, "！": 1, "手机": 9, "市场": 2, "搭载": 7, "处理器": 12, "机型": 4, "归纳": 1, "一代": 1, "产品": 5, "同代": 1, "旗舰": 3, "第二": 2, "款": 11, "看作": 1, "升级": 1, "改良版": 1, "竞争力": 1, "例外": 1, "Mate20Pro": 12, "P30Pro": 8, "均": 1, "麒麟980": 5, "后者": 1, "发布": 10, "时间": 3, "晚": 1, "懂": 1, "选": 2, "这是": 3, "定位": 2, "Mate": 2, "系列": 3, "全能": 1, "年度": 1, "机皇": 1, "为此": 1, "尽量": 1, "用上": 1, "全年": 1, "不错": 2, "表现": 2, "整机": 1, "功能": 2, "P系列": 2, "目标": 2, "受众": 1, "年轻": 1, "时尚": 1, "消费": 1, "群体": 1, "着重": 1, "设计": 2, "颜值": 1, "拍照": 2, "相比": 5, "品牌": 1, "领先": 1, "用料": 1, "屏幕": 7, "2K": 1, "分辨率": 2, "OLED": 1, "1080P": 2, "差距": 1, "画面": 1, "显示": 2, "细腻": 1, "程度": 2, "用户": 2, "接触": 1, "最多": 1, "媒介": 1, "体验": 5, "自然": 2, "消费者": 3, "重点": 1, "关注": 1, "都会": 1, "选择": 1, "效果": 4, "更为": 3, "出色": 3, "2K屏": 1, "第三": 1, "顺序": 1, "差异": 1, "配置": 3, "Mate20Pro比P": 1, "30": 1, "Pro早": 1, "出生": 1, "半年": 1, "意味着": 1, "系统": 4, "优化": 1, "优秀": 1, "很多": 1, "Mate20Pro先": 1, "更新": 1, "下放": 1, "当中": 1, "EMUI10": 1, "很": 3, "例子": 1, "屏下": 1, "指纹": 2, "40W": 1, "闪充": 1, "代表性": 1, "第四": 1, "价格": 4, "因素": 2, "上市": 1, "大幅": 1, "降价": 1, "四千": 1, "元": 2, "便宜": 1, "一千": 1, "五十": 1, "倍": 2, "变焦": 1, "成像": 1, "相差": 1, "不大": 1, "Face": 1, "ID": 1, "倒是": 1, "优势": 3, "加上": 1, "细化": 1, "综合": 1, "独特": 1, "项目": 1, "整体": 1, "更胜一筹": 1, "看法": 1, "不妨": 1, "对此": 3, "谈谈": 1, "观点": 1, "文/JING": 1, "首款": 2, "高端": 3, "人工": 9, "智能": 9, "芯片": 17, "事件": 3, "持续": 3, "发酵": 1, "美国": 11, "媒体": 2, "这家": 1, "中国": 4, "电信": 1, "设备": 1, "巨头": 2, "先进": 1, "领域": 7, "挑战": 3, "硅谷": 1, "最新": 1, "尝试": 1, "华尔街": 1, "日报": 1, "25日": 1, "刊载": 1, "推出": 2, "公司": 8, "霸主": 1, "地位": 2, "文章": 1, "称": 3, "23日": 4, "披露": 1, "昇腾": 7, "910": 9, "Ascend": 2, "细节": 1, "可用": 1, "用于": 2, "算法": 1, "海量": 1, "数据": 1, "推进": 2, "减少": 1, "依赖": 1, "制造商": 1, "能力": 3, "生产": 1, "雄心": 1, "参考": 3, "消息": 3, "网": 1, "当天": 1, "公众号": 1, "正式": 2, "算力": 2, "AI": 6, "▲": 2, "轮值": 2, "董事长": 2, "徐直军": 2, "新华社": 2, "发": 2, "供图": 2, "总体": 1, "超出": 1, "预期": 1, "当之无愧": 1, "训练": 4, "典型": 1, "ResNet50": 1, "网络": 1, "Mind": 1, "Spore": 1, "配合": 2, "现有": 1, "主流": 1, "单卡": 1, "TensorFlow": 1, "接近": 1, "性能": 1, "提升": 2, "面向": 1, "未来": 3, "针对": 1, "包括": 3, "边缘": 1, "计算": 2, "自动": 1, "驾驶": 1, "车载": 1, "投资": 1, "国际": 1, "关系": 1, "研究院": 1, "研究所": 1, "学者": 1, "李峥": 2, "接受": 1, "消息网": 1, "采访": 1, "标志性": 2, "产业链": 1, "覆盖": 1, "自主": 1, "研发": 1, "走": 1, "本身": 1, "长": 1, "布局": 1, "积累": 2, "此举": 1, "希望": 1, "完整": 1, "生态": 2, "基于": 1, "硬件": 1, "自我": 1, "一个": 1, "通信": 1, "方向": 1, "Ascend910": 1, "Ascend310": 1, "摄": 4, "说法": 1, "英": 2, "伟达": 2, "字母表": 1, "旗下": 1, "谷歌": 1, "天下": 1, "舆论": 1, "难以": 1, "淡定": 1, "英伟": 1, "图像": 1, "早期": 1, "垄断": 1, "亦": 1, "领先于": 1, "竞争": 2, "对手": 1, "后发": 1, "追赶": 1, "势头": 1, "猛": 1, "值得": 1, "相对于": 1, "多样性": 1, "难": 1, "解决": 1, "路线": 1, "厂商": 2, "不尽相同": 1, "分析": 1, "在内": 1, "发力": 1, "百花齐放": 1, "局面": 1, "大概率": 1, "来源": 1, "：": 1, "IT之家": 1, "27日": 2, "6月底": 1, "平板": 5, "M6": 5, "8.4": 2, "英寸": 4, "10.8": 1, "版本": 1, "采用": 5, "K屏": 1, "支持": 2, "GPU": 1, "Turbo": 1, "3.0": 1, "18W快充": 1, "日前": 1, "网友": 1, "抖音": 1, "曝光": 2, "高能版": 3, "尺寸": 1, "红色": 1, "配色": 2, "前置": 2, "800万": 1, "像素": 7, "摄像头": 6, "后置": 2, "1300万": 1, "内存": 2, "6GB": 1, "此前": 1, "爆料": 1, "信息": 1, "复合": 1, "材质": 1, "外壳": 1, "PC级": 1, "液冷": 1, "散热": 1, "独立": 1, "Turbo键": 1, "拥有": 2, "专属": 1, "游戏": 1, "手柄": 1, "保护壳": 1, "新闻": 1, "马来西亚": 1, "nova": 10, "星球": 1, "成员": 1, "5T": 6, "4800万": 3, "四": 2, "极点": 2, "屏": 2, "诸多": 1, "亮点": 1, "海外": 1, "一睹": 1, "真容": 1, "图取": 1, "huaweicentral": 1, "外观": 1, "正面": 3, "搭配": 1, "四周": 1, "窄": 1, "边框": 1, "观感": 1, "；": 3, "背面": 1, "沿用": 1, "5": 3, "Pro": 2, "3D": 1, "光影": 2, "光线": 1, "照射": 1, "流动": 1, "该机": 2, "仲夏紫": 1, "亮": 1, "黑色": 1, "苏英蓝": 1, "三": 1, "眩华": 1, "6.26": 1, "LCD": 1, "侧面": 1, "解锁": 1, "辅以": 1, "8GB": 1, "+": 1, "128GB": 1, "组合": 1, "相机": 1, "3200万": 1, "素主": 1, "1600万": 1, "素超": 1, "广角": 1, "200万": 2, "微距": 1, "景深": 1, "售价": 1, "380": 1, "美元": 1, "折合": 1, "人民币": 1, "2721": 1}