{"环球网": 1, "智能": 6, "报道": 4, "记者": 1, "张阳": 1, "7月": 5, "21日": 1, "共有": 1, "四": 1, "款": 6, "华为": 81, "手表": 9, "蓝牙": 3, "技术": 14, "联盟": 2, "认证": 4, "至少": 2, "第三": 1, "3": 2, "2代": 1, "最初": 1, "2017年": 1, "推出": 1, "很多": 3, "版本": 1, "包括": 5, "标准版": 1, "运动版": 1, "支持": 4, "eSIM": 1, "2018": 1, "都": 3, "业内": 1, "不错": 1, "WearOS": 1, "想要": 2, "更新": 1, "系列": 3, "产品": 6, "不足为奇": 1, "配备": 1, "1.2": 1, "英寸": 1, "AMOLED触摸屏": 1, "分辨率": 1, "390*390": 1, "采用": 2, "骁龙": 1, "2100": 1, "处理器": 3, "4GB": 1, "内存": 2, "768MB": 1, "内置": 1, "存储": 1, "包含": 1, "速度计": 1, "、": 11, "陀螺仪": 1, "气压计": 1, "GPS": 1, "心率": 1, "监测": 1, "传感器": 2, "一整套": 1, "一个": 9, "非盈利": 1, "标准": 1, "组织": 1, "负责": 1, "监督": 1, "开发": 3, "许可": 1, "注册": 1, "序列": 1, "中时": 1, "意味着": 1, "很快": 1, "用性": 1, "4": 2, "设备": 7, "型号": 3, "CSN-BX9": 1, "CSN—AL00": 1, "CSN—AL01": 1, "ALX-AL10": 1, "此前": 3, "规格": 1, "屏幕": 1, "期待": 1, "电池": 2, "续航": 1, "时间": 5, "2-3": 1, "改善": 1, "上半年": 1, "真的": 1, "糟心": 1, "美国": 38, "莫须有": 1, "罪名": 1, "打压": 4, "国家": 8, "内": 3, "企业": 17, "合作": 15, "想": 2, "联合": 1, "做法": 1, "瞬间": 1, "国人": 1, "感到": 2, "愤怒": 1, "本身": 2, "别人": 2, "超越": 1, "短短的": 1, "民族": 5, "成功": 3, "面对": 2, "打击": 1, "永不": 1, "败": 1, "精神": 1, "不懈": 1, "努力": 1, "一开始": 1, "终止": 3, "机构": 1, "除名": 1, "联邦": 2, "快递": 2, "政府": 5, "影响": 1, "针对": 4, "事情": 2, "带来": 2, "损失": 5, "自然": 3, "相互": 2, "合作者": 1, "之间": 1, "利益": 2, "事件": 1, "当中": 2, "反而": 5, "惨重": 3, "镁光": 2, "拒绝": 2, "反击": 2, "想方设法": 1, "如今": 2, "状告": 1, "美国商务部": 1, "场": 1, "战争": 1, "受损": 2, "撑": 1, "不住": 2, "下令": 1, "解禁": 5, "命令": 1, "可有可无": 1, "背后": 1, "无数": 1, "巨头": 3, "欧洲": 8, "市场": 4, "开放": 2, "有意": 1, "恢复": 1, "嘴脸": 1, "件": 1, "立场": 1, "坚定": 1, "客户": 1, "引来": 1, "几十亿": 1, "美元": 3, "投资": 10, "发展": 3, "趋势": 1, "大好": 1, "受害者": 1, "再次": 1, "任正非": 5, "全世界": 1, "征集": 1, "天才": 1, "给出": 1, "高于": 1, "谷歌": 2, "五": 1, "倍": 1, "工资": 1, "唯一": 2, "条件": 1, "公司": 5, "裁员": 1, "1000": 1, "员工": 3, "网友": 1, "大呼": 1, "过瘾": 1, "估计": 1, "至今": 1, "当初": 1, "国力": 1, "高攀": 1, "中关村": 1, "在线": 1, "消息": 1, "：": 15, "刚刚": 1, "官方": 3, "Mate": 9, "X": 7, "5G": 15, "手机": 5, "26日": 1, "正式": 1, "发布": 2, "官": 1, "宣旗": 1, "早": 1, "上个月": 1, "5G版": 4, "3C": 2, "国内": 2, "首款": 1, "显示": 1, "信息": 1, "版": 1, "EVR-AN00": 1, "X基础": 1, "增加": 3, "机型": 1, "整体": 1, "设计": 1, "原版": 1, "X几乎": 1, "背面": 1, "印": 1, "标识": 1, "全新": 1, "翡": 1, "冷翠": 1, "配色": 1, "配置": 2, "搭载": 1, "模": 1, "终端": 1, "芯片": 3, "巴龙": 1, "5000": 2, "容量": 1, "缩小": 1, "4200": 1, "mAh": 1, "新增": 1, "40": 1, "W快充": 1, "麒麟980": 1, "组合": 1, "8GB": 1, "+": 1, "256GB": 1, "6月": 1, "英国": 1, "上市": 1, "售价": 3, "999": 1, "英镑": 1, "人民币": 4, "8629": 1, "元": 5, "阿联酋": 1, "运营商": 1, "Etisalat": 1, "6600": 1, "预测": 1, "该机": 1, "本文": 2, "图片": 2, "互联网": 1, "(": 1, "7225050": 1, ")": 1, "近段": 1, "围绕": 1, "话题": 1, "利用": 2, "行政": 1, "手段": 1, "掣肘": 1, "竞争": 1, "对手": 1, "不耻": 1, "轮": 1, "依旧": 1, "坚挺": 1, "科技": 1, "帮华": 1, "站台": 1, "22日": 2, "外媒": 1, "白宫": 1, "经济": 3, "顾问": 1, "Larry": 1, "Kudlow": 1, "本周一": 1, "半导体": 2, "软件": 1, "高管": 1, "会议": 4, "讨论": 1, "销售": 1, "禁令": 4, "知情": 1, "人士": 1, "透露": 2, "财政": 1, "部长": 1, "史蒂芬姆": 1, "努钦": 1, "出席": 2, "此次": 4, "活动": 2, "制造商": 1, "英特尔": 1, "高通": 1, "应邀": 1, "官员": 2, "证实": 1, "美光": 1, "参加": 1, "预计": 2, "议题": 1, "这次": 1, "原因": 2, "6月底": 1, "美": 3, "总统": 1, "表态": 1, "卖": 1, "随后": 1, "告知": 2, "制造业": 1, "代表": 1, "出口": 1, "许可证": 1, "未来": 2, "2周": 1, "发放": 1, "即将": 2, "解除": 1, "美方": 1, "并未": 1, "公布": 1, "方法": 1, "名单": 2, "禁售": 1, "时间表": 1, "导致": 2, "美企": 1, "疑问": 1, "重重": 1, "未": 1, "详细": 1, "解释": 1, "内容": 3, "笔者": 1, "无端": 1, "指责": 1, "泄漏": 1, "机密": 1, "颁布": 1, "发动": 1, "全球性": 1, "运动": 1, "近年来": 1, "势头": 1, "愈发": 1, "强势": 1, "希望": 4, "占据": 1, "垄断": 1, "地位": 1, "不安": 1, "目的": 2, "独占鳌头": 1, "有心": 1, "本国": 1, "哪晓得": 1, "领情": 1, "竟然": 1, "集体": 1, "倒戈": 2, "好话": 1, "政策": 1, "参考": 2, "消息网": 2, "日前": 1, "年内": 1, "意大利": 14, "超过": 1, "30亿": 1, "1": 2, "6.9": 1, "俄罗斯": 1, "卫星": 1, "通讯社": 1, "18日": 1, "发表": 1, "文章": 1, "帕维亚": 4, "大学": 4, "实验室": 6, "教授": 3, "里纳尔多·卡斯泰洛": 1, "汉学家": 1, "弗朗切斯科·马林吉奥": 2, "相关": 1, "分析": 1, "这是": 3, "独立": 2, "机会": 6, "采访": 1, "创建": 1, "项目": 7, "精髓": 1, "卡斯泰洛": 3, "指": 1, "特定": 1, "目标": 1, "研究": 8, "光纤": 1, "接口": 1, "研发": 1, "无线": 1, "电桥": 1, "连接": 1, "电子": 2, "高频": 1, "设立": 1, "向前": 1, "迈出": 1, "一大": 1, "建成": 1, "大楼": 1, "10月": 1, "对外开放": 1, "汇集": 1, "毕业生": 1, "博士生": 1, "面积": 1, "平方米": 1, "提供": 3, "集成": 1, "电路": 2, "微芯片": 1, "初始": 1, "阶段": 2, "处于": 1, "收尾": 1, "CMOS": 1, "互补式": 1, "金属": 1, "氧化物": 1, "结构": 1, "创造": 2, "就业": 1, "年轻": 1, "科学家": 1, "计划": 2, "200万": 1, "欧元": 2, "7.7": 1, "建设": 1, "课题": 1, "扩展": 1, "投资额": 1, "12": 1, "15": 2, "名": 2, "人员": 2, "这笔": 1, "经费": 1, "指定": 1, "总共": 1, "应有": 1, "5": 1, "三年": 1, "纳入": 1, "队伍": 1, "感": 1, "兴趣": 1, "人才": 1, "流失": 1, "现象": 1, "改变": 1, "方向": 1, "找到": 1, "工作": 2, "国外": 1, "找": 1, "架构": 1, "越来越": 1, "优势": 1, "关系": 1, "紧张": 2, "背景": 1, "第一": 1, "特朗普": 1, "关闭": 1, "中国": 5, "欧": 1, "城市": 1, "领域": 2, "打造": 1, "先进": 1, "基础": 1, "设施": 1, "有人": 1, "担心": 1, "独立性": 1, "对此": 1, "批评": 1, "依赖": 1, "情况": 2, "展示": 1, "重要性": 1, "几十": 1, "通信": 1, "部门": 1, "私有化": 1, "这不": 1, "归咎于": 1, "错": 1, "某种": 1, "程度": 1, "停止": 1, "与时俱进": 1, "工业": 1, "国际": 1, "劳动力": 1, "发挥": 1, "作用": 1, "来源": 1, "香": 1, "！": 3, "加拿大": 12, "骨气": 1, "据悉": 1, "段": 1, "忙": 1, "铺设": 2, "自信": 1, "全球": 1, "140": 1, "网络": 2, "136": 1, "选择": 5, "澳大利亚": 2, "肯定": 1, "忠实": 1, "粉丝": 1, "大吃一惊": 1, "强国": 1, "居然": 1, "低头": 1, "扣留": 1, "孟晚舟": 1, "态度": 2, "放松": 1, "威胁": 1, "审查": 1, "安全性": 1, "达成": 1, "不顾": 1, "阻挠": 1, "SA": 1, "世界": 1, "公认": 1, "比不上": 1, "声明": 1, "惊讶": 1, "毕竟": 2, "强硬": 1, "面前": 1, "永久": 1, "敌人": 1, "权衡": 1, "利弊": 1, "发现": 1, "97%": 1, "原创": 1, "作品": 1, "来源于": 1, "侵权": 1, "请": 1}