{"来源": 1, "：": 2, "虎嗅AP": 1, "P文": 1, "/": 1, "Eastland": 1, "小米": 3, "、": 45, "美团": 1, "都": 16, "表达": 2, "想": 1, "急于": 1, "上市": 5, "盘点": 1, "未": 1, "科技": 9, "巨头": 4, "列入": 1, "任正非": 1, "真信": 1, "华为": 88, "故意": 1, "漏掉": 1, "才": 3, "全世界": 1, "公司": 5, "估值": 8, "蚂蚁": 1, "金服": 1, "暂时": 1, "难": 1, "争锋": 1, "林子": 1, "鸟": 1, "有人": 1, "营收": 26, "腾讯": 3, "2.5": 1, "倍": 5, "市值": 3, "8万亿": 1, "港元": 1, "硬件": 2, "互联网": 1, "市盈率": 4, "市销率": 4, "2018年": 9, "有望": 1, "突破": 2, "1000亿": 5, "美元": 18, "年报": 1, "尚未": 1, "公布": 1, "智能": 9, "手机": 29, "出货量": 8, "2.08亿": 2, "居": 3, "全球": 5, "第三": 4, "本文": 3, "简单": 2, "分析": 1, "算是": 1, "抛砖引玉": 1, "日益": 1, "倚重": 1, "2C": 3, "业务": 22, "2017年": 19, "6036亿": 2, "2006年": 2, "增长": 9, "809.5%": 1, "年均": 1, "复合": 1, "增长率": 1, "22.2%": 1, "2007年": 1, "增速": 7, "41%": 1, "美国": 10, "次贷": 1, "引发": 1, "金融": 1, "危机": 1, "影响": 2, "下滑": 3, "2009年": 2, "跌": 2, "19%": 1, "2011年": 2, "反弹": 1, "22%": 1, "度过": 1, "艰难": 1, "3": 1, "10%": 3, "；": 5, "2015年": 5, "2016年": 3, "再度": 1, "迎来": 1, "快速": 1, "37%": 1, "32%": 2, "急速": 1, "回落": 3, "16%": 1, "上半年": 2, "3257亿": 1, "同比": 3, "15%": 1, "预计": 1, "全年": 2, "首次": 3, "超过": 5, "2010年": 6, "分为": 2, "销售": 1, "商品": 1, "提供": 1, "劳务": 1, "建造": 1, "合同": 1, "三": 1, "块": 2, "三者": 1, "比例": 4, "大致": 1, "77": 1, "13": 1, "10": 1, "运营商": 7, "企业": 12, "消费者": 11, "三大": 1, "收入": 5, "1458亿": 1, "占": 9, "80%": 1, "2978.4亿": 1, "翻": 1, "降": 2, "50%": 1, "309.1亿": 1, "17%": 1, "2372.5亿": 1, "667%": 1, "接近": 5, "40%": 1, "20%": 1, "3%": 1, "跌幅": 1, "触目惊心": 1, "崛起": 2, "67%": 1, "情况": 2, "乐观": 1, "服务": 2, "基数": 1, "贡献": 1, "有限": 1, "47%": 1, "贡献率": 4, "同年": 1, "44%": 1, "43%": 1, "70%": 2, "9%": 1, "局面": 1, "或许": 2, "常态": 1, "强劲": 2, "技术": 8, "积累": 1, "自然": 2, "延伸": 1, "分散": 1, "风险": 1, "措施": 1, "山雨欲来风满楼": 1, "2019年": 2, "日进斗金": 2, "算": 2, "毛": 1, "利润率": 3, "稳步": 1, "提高": 2, "限值": 1, "占比": 1, "亦": 1, "逐年": 2, "新兴": 1, "毛利润": 1, "低": 1, "多重": 1, "因素": 2, "作用": 2, "毛利润率": 2, "拐点": 2, "2014年": 4, "44.2%": 1, "金额": 2, "1275亿": 1, "此后": 1, "39.5%": 1, "2381亿": 1, "消费": 5, "电子": 4, "产品": 21, "包括": 1, "路由器": 1, "机顶盒": 1, "值得": 1, "关注": 1, "2013年": 2, "整体": 3, "1.28亿": 1, "5200万": 1, "微增": 1, "1.38亿": 1, "7500万": 1, "1亿": 1, "财报": 1, "从此": 1, "不再": 1, "披露": 1, "9500万": 1, "出货": 1, "排": 1, "三星": 2, "苹果": 12, "3.14亿": 1, "2.25亿": 1, "趋势": 1, "超越": 1, "稳居": 1, "净利润": 5, "210亿": 1, "475亿": 3, "净": 2, "7.9%": 1, "市场": 6, "费用": 5, "2B": 3, "一家": 1, "独大": 1, "2B+2C": 1, "混合": 1, "厉害": 1, "在于": 1, "转向": 1, "过程": 1, "&": 1, "行政": 3, "费用率": 1, "合计": 2, "16.5%": 1, "927亿": 1, "15.4%": 1, "现金流": 2, "惊人": 1, "经营": 1, "活动": 1, "净额": 1, "963亿": 1, "折合": 1, "142.8亿": 1, "日均": 1, "3912万": 1, "购": 1, "黄金": 1, "3万": 1, "盎司": 1, "853": 1, "公斤": 1, "来讲": 2, "研发": 11, "筑就": 1, "护城河": 2, "世人": 1, "皆": 1, "投入": 8, "事实上": 1, "2008年": 1, "105亿": 1, "2012年": 1, "300亿": 1, "600亿": 1, "897亿": 2, "~": 3, "12年": 1, "累计": 4, "4090亿": 1, "同期": 1, "13.2%": 1, "截至": 2, "末": 1, "人员": 1, "8万": 1, "员工": 2, "总数": 1, "45%": 1, "估计": 1, "数量": 1, "5000亿": 2, "！": 2, "相比": 1, "逊色": 1, "确切": 1, "跻身": 1, "前列": 1, "2017": 1, "财年": 3, "微软": 3, "亚马逊": 4, "133亿": 1, "112亿": 1, "130亿": 1, "226亿": 1, "仅次于": 1, "七": 1, "544亿": 1, "456亿": 1, "777亿": 1, "746亿": 1, "87.9亿": 1, "2017年底": 1, "7.43万": 1, "件": 2, "专利": 6, "授权": 1, "申请": 1, "海外": 2, "90%": 1, "发明": 1, "常识": 1, "推断": 1, "7.4万": 1, "绕": 1, "领域": 2, "封杀": 1, "踢出": 1, "圈子": 1, "绝非": 1, "轻而易举": 1, "三成": 1, "投向": 1, "生死": 1, "看淡": 1, "7": 1, "半": 1, "筑成": 1, "宽": 1, "值": 1, "钱": 1, "适宜": 1, "对标": 1, "对象": 1, "2018": 1, "2656亿": 1, "595亿": 1, "7203亿": 1, "12.1": 1, "2.7": 1, "盈利": 1, "能力": 1, "走下坡路": 1, "面临": 1, "不确定性": 1, "综合": 2, "资本": 1, "投资人": 1, "参照": 1, "靠谱": 1, "差别": 1, "太": 2, "5750亿": 1, "1.6万亿": 1, "元": 2, "之间": 3, "均值": 1, "1.1万亿": 1, "假设": 1, "增幅": 1, "25%": 1, "2000亿": 2, "粗线条": 1, "打算": 1, "Mark": 1, "网络": 5, "越来越": 3, "发达": 1, "时代": 2, "手": 2, "用作": 1, "通话": 1, "短信": 1, "功能": 5, "游戏": 4, "软件": 7, "短": 1, "视频": 1, "社交": 2, "火爆": 1, "大部分": 1, "时间": 11, "用来": 1, "娱乐": 3, "学习": 4, "或者是": 3, "上班": 1, "对着": 1, "电脑": 1, "工作": 1, "长": 1, "玩": 3, "颈椎": 1, "眼睛": 1, "mate": 5, "拥有": 1, "项": 1, "健康": 4, "这项": 1, "设置": 8, "影音": 2, "以此": 2, "约束": 2, "pro手机": 2, "跟着": 2, "小编": 2, "桌面": 1, "找到": 3, "选项": 2, "点击": 3, "界面": 6, "打开": 1, "需求": 1, "通知": 1, "栏": 1, "显示": 1, "多久": 1, "时长": 1, "方法": 1, "担心": 1, "过于": 1, "沉迷": 1, "刷": 1, "抖音": 1, "追剧": 1, "不妨": 1, "赶快": 1, "一个": 9, "热门": 1, "话题": 1, "大概": 1, "5G": 6, "中国": 11, "民企": 1, "动荡": 1, "中兴": 7, "打压": 2, "联想": 2, "票": 1, "差": 1, "输给": 1, "高通": 4, "标准": 2, "主导权": 1, "遭受": 1, "打击": 1, "团结": 3, "国人": 1, "紧紧": 1, "阿里巴巴": 2, "发展": 1, "的确": 1, "充满": 1, "困难": 2, "发现": 1, "机遇": 1, "段": 2, "澳大利亚": 1, "西方": 1, "国家": 6, "抵制": 2, "设备": 1, "很多": 10, "国内": 4, "纷纷": 1, "力挺": 1, "中小型": 1, "都会": 1, "购买": 2, "网友": 1, "做法": 1, "笔者": 2, "象征": 1, "精神": 1, "内讧": 1, "对抗": 1, "福州": 1, "法院": 3, "德国": 2, "慕尼黑": 1, "第一": 2, "亿": 1, "美金": 1, "硬生生": 1, "跌入": 1, "谷中": 1, "区别": 1, "忽略": 1, "掉": 1, "再次": 1, "重创": 1, "无奈": 1, "撤": 1, "禁售": 3, "日本": 7, "软银": 1, "献出": 1, "礼": 1, "到底": 2, "回": 1, "软银社": 1, "更换": 1, "基站": 2, "耗费": 2, "日元": 1, "成本": 1, "撤掉": 1, "通信": 1, "强大": 2, "4G": 1, "搭建": 1, "不惜": 1, "巨资": 1, "撤走": 1, "拒绝": 1, "合作": 1, "一番": 1, "举动": 2, "据说": 1, "上头": 1, "施加": 1, "压力": 1, "看法": 1, "拿下": 1, "30": 1, "订单": 1, "消息": 1, "侵权": 1, "作出": 1, "判决": 1, "侵犯": 1, "组合": 1, "禁止": 1, "就要": 1, "销毁": 1, "针对": 1, "确实": 1, "感觉": 1, "很": 1, "激愤": 1, "角度": 1, "正是": 1, "实力": 4, "支付": 1, "排挤": 1, "经历": 1, "厂商": 2, "推出": 1, "利润": 1, "系列": 12, "S系列": 1, "Note": 1, "数字": 1, "开头": 1, "Mix": 1, "OPPO": 1, "A系列": 1, "R系列": 1, "P系列": 1, "Mate": 10, "定位": 2, "名字": 1, "含义": 2, "近年来": 1, "国外": 1, "人气": 1, "爆棚": 1, "梯队": 1, "发布": 1, "款": 2, "下足": 1, "功夫": 1, "外观": 1, "设计": 1, "命名": 7, "环节": 1, "费尽心思": 1, "带来": 1, "价格": 1, "高端": 1, "含糊": 1, "字面": 1, "意味": 1, "伙伴": 3, "朋友": 1, "亲密": 1, "关系": 1, "用户": 7, "努力": 1, "形影不离": 1, "智能机": 1, "毕竟": 1, "机器": 2, "感情": 1, "冰冷": 1, "一点": 1, "人情味": 1, "看作": 1, "陪伴": 2, "督促": 1, "建立": 1, "连接": 4, "增加": 1, "清晰": 1, "深意": 1, "吸引": 1, "不少": 1, "牢牢": 1, "抓住": 1, "老": 1, "可谓": 1, "一举两得": 1, "素质": 1, "众多": 1, "原因": 1, "用心": 3, "如今": 1, "成绩": 1, "专注": 1, "态度": 1, "寓意": 1, "孤身一人": 1, "依然": 1}