{"2019年": 1, "3月": 5, "25日": 5, "华为": 150, "古城": 1, "西安": 2, "发布": 6, "畅享": 59, "系列": 16, "新品": 14, "：": 19, "9S": 20, "畅享9e": 10, "款": 5, "面向": 1, "年轻": 8, "消费者": 4, "千": 2, "元": 22, "延续": 2, "旗舰": 2, "产品": 4, "一贯": 1, "独到": 1, "美学": 2, "设计": 25, "强劲": 2, "硬件": 9, "性能": 9, "继承": 1, "实力派": 3, "基因": 2, "后置": 8, "2400万": 5, "超": 3, "广角": 7, "三": 14, "摄": 12, "全新": 8, "音频": 4, "提升": 18, "方案": 11, "拍照": 17, "迎来": 1, "创新": 5, "迈出": 1, "千元机": 6, "高端化": 1, "、": 53, "时尚化": 1, "步伐": 1, "紧追": 1, "用户": 10, "消费": 1, "需求": 2, "极光蓝": 1, "幻夜黑": 1, "珊瑚": 1, "红": 1, "星云蓝": 2, "幻夜": 4, "黑": 4, "宝石": 7, "蓝": 5, "琥珀棕": 4, "搭载": 15, "音效": 10, "发布会": 6, "现场": 2, "引发": 1, "媒体": 1, "集体": 1, "热议": 1, "伴随": 1, "火爆": 2, "盛况": 1, "销售": 3, "信息": 2, "随即": 1, "公布": 2, "线上": 4, "商城": 4, "VMALL": 2, "电商": 2, "平台": 2, "开启": 7, "预售": 5, "4月": 5, "2日": 3, "线下": 2, "开售": 2, "4GB": 7, "+": 21, "64GB": 6, "版本": 6, "售价": 17, "1499": 3, "128GB": 6, "1699": 2, "9e": 32, "8日": 1, "授权": 2, "体验店": 1, "经销商": 1, "3GB": 2, "版": 13, "999": 1, "首款": 2, "超广角": 3, "尽显": 1, "高端": 2, "畅享S": 1, "2017年": 3, "诞生": 1, "伊始": 1, "精致": 2, "潮炫": 1, "外观": 10, "赢得": 1, "喜爱": 3, "此次": 3, "珍珠屏": 8, "体验": 13, "新一代": 1, "不二": 1, "选择": 2, "加持": 3, "红利": 1, "智慧": 5, "AI": 7, "系统": 19, "辅助": 1, "足以": 1, "颠覆": 1, "以往": 1, "大众": 1, "能力": 2, "认知": 1, "采用": 24, "镜头": 13, "像素": 15, "1600万": 3, "景深": 2, "200万": 2, "高亮": 1, "环境": 2, "摄像头": 10, "出片": 1, "确保": 2, "解析力": 3, "夜景": 3, "自动": 1, "切换": 1, "四合一": 1, "模式": 6, "配合": 4, "多帧": 1, "图像": 2, "融合": 1, "技术": 21, "提高": 1, "暗光": 2, "效果": 7, "值得一提的是": 2, "素超": 2, "拥有": 6, "17": 1, "焦段": 1, "F2.2": 1, "光圈": 5, "合影": 2, "广阔": 1, "美景": 1, "都": 21, "随手": 2, "拍出": 2, "广角大片": 1, "功能": 12, "支持": 16, "16": 1, "倍": 8, "超级": 3, "动作": 2, "智能": 8, "场景": 3, "识别": 7, "备受": 1, "市场": 4, "好评": 2, "拍摄": 3, "全方位": 2, "水准": 1, "屏幕": 14, "飞跃式": 1, "6.21": 2, "英寸": 19, "分辨率": 6, "2340": 2, "1080": 3, "屏占": 3, "高达": 3, "89%": 2, "整体": 4, "大屏": 1, "机身": 6, "感受": 2, "键": 1, "分屏": 1, "视频": 6, "增强": 3, "护眼": 1, "人脸": 2, "解锁": 1, "2.0": 2, "手机": 63, "娱乐": 3, "视觉": 8, "健康": 1, "层面": 1, "高性能": 2, "低": 3, "功耗": 2, "麒麟": 5, "710八": 1, "核": 2, "处理器": 11, "标配": 2, "运存": 3, "存储": 3, "组合": 4, "核心": 3, "部位": 1, "带给": 1, "GPU": 4, "Turbo": 1, "畅快": 1, "游戏": 1, "再次": 2, "升级": 3, "3400": 3, "mAh": 6, "容量": 5, "电池": 10, "5V2A": 1, "充电器": 2, "赋予": 1, "超长": 1, "续航": 2, "高速": 1, "充电": 6, "大音量": 5, "音质": 6, "引领": 2, "时尚": 3, "色彩": 4, "个性化": 1, "追求": 1, "带来": 13, "宝石蓝": 1, "配色": 7, "灵感": 1, "来源于": 1, "大自然": 1, "光泽": 1, "呈现": 2, "般的": 2, "七彩": 3, "幻光": 3, "选用": 2, "高档": 1, "精雕": 1, "皮纹": 1, "工艺": 3, "辅以": 2, "亲肤": 1, "漆": 1, "无论是": 1, "手感": 1, "品牌": 4, "极致": 1, "高端感": 1, "品质感": 1, "针对": 2, "6.09": 4, "占比": 2, "87%": 2, "沉浸感": 1, "持握感": 1, "舒适": 2, "阳光屏": 2, "引入": 1, "光线": 3, "清晰": 3, "内容": 1, "自研": 1, "HUAWEI": 2, "SuperSound": 2, "内置": 4, "11": 2, "V高": 2, "电压": 3, "Smart": 2, "PA": 2, "外放": 4, "响度": 1, "6dB": 1, "相当于": 1, "枚": 2, "超线性": 3, "扬声器": 4, "加上": 1, "算法": 2, "优化": 7, "播放": 2, "条件": 2, "依旧": 1, "具备": 1, "出色": 11, "提供": 3, "套": 1, "媲美": 1, "随身": 1, "音箱": 1, "解决": 4, "除此以外": 1, "均": 5, "内嵌": 1, "EMUI": 10, "9.0": 6, "简洁": 1, "易用": 1, "UI界面": 2, "创新性": 1, "内存": 7, "深度": 6, "管家": 1, "用机": 1, "快捷": 1, "项": 2, "翻译": 2, "扫即": 1, "；": 4, "AI识物": 1, "扫": 1, "电梯": 1, "高铁": 1, "防伪": 1, "基站": 1, "信号": 1, "断线": 1, "上网": 2, "亮相": 2, "本次": 2, "8": 5, "平板": 11, "M5": 6, "青春版": 6, "10": 5, "高配版": 2, "实力": 1, "不俗": 2, "M5青春": 4, "传承": 1, "顶级": 1, "音响": 1, "哈曼卡顿": 2, "合作": 8, "震撼": 2, "沉浸": 1, "语音": 1, "对话": 1, "过滤": 1, "蓝光": 2, "重力": 1, "感应": 1, "儿童": 1, "乐园": 1, "打造": 3, "突破": 2, "当日": 1, "同步": 1, "预约": 1, "麒麟710": 2, "芯片": 6, "5100": 3, "(": 1, "典型值": 1, ")": 1, "香槟金": 1, "空灰两色": 1, "1199": 2, "充满": 1, "活力": 1, "惊喜": 2, "DNA": 1, "华丽": 1, "蜕变": 1, "即将": 5, "迈向": 1, "一个": 8, "品质": 2, "阶段": 1, "前往": 1, "预订": 1, "享受": 1, "付": 1, "50": 2, "订金": 1, "抵": 1, "100": 1, "优惠": 1, "期": 2, "免息": 2, "李嘉诚": 4, "巨头": 4, "终止": 2, "美": 2, "业务": 2, "中国": 2, "代表": 1, "推出": 5, "5G": 7, "全球": 17, "影响力": 1, "如今": 1, "世界": 2, "接受": 1, "收入": 2, "6000亿": 1, "竞争": 1, "对手": 1, "中兴": 1, "通讯": 1, "六": 1, "一半": 1, "海外": 3, "内": 3, "实施": 1, "30多": 1, "运营商": 2, "关系": 1, "最新": 2, "消息": 4, "欧洲": 3, "国家": 1, "暂时": 1, "禁用": 2, "第一": 4, "默默": 1, "团结": 1, "抗衡": 1, "美国": 3, "英国": 7, "公开": 1, "禁止": 2, "年初": 1, "优点": 1, "2014年": 1, "收购": 1, "通信": 3, "服务": 2, "商O2": 1, "做出": 1, "贡献": 1, "很": 8, "早就": 1, "创办": 1, "这家": 1, "公司": 14, "财富": 1, "39％": 1, "利润": 1, "地区": 2, "发出": 1, "警告": 1, "后果": 1, "退欧": 1, "称": 1, "一家": 2, "想要": 1, "电子": 1, "商务": 1, "马云": 3, "阿里巴巴": 1, "支付": 1, "完善": 1, "很多": 2, "外国": 1, "寻求": 1, "找到": 2, "希望": 1, "停止": 1, "企业": 2, "之间": 2, "件": 1, "背后": 1, "真相": 1, "证明": 2, "面对": 1, "困难": 1, "相互": 1, "发展": 3, "本文": 1, "原创": 1, "作品": 1, "图片": 1, "来自于": 1, "网络": 1, "侵权": 1, "请": 1, "告知": 1, "评价": 1, "苹果": 23, "认作": 1, "小编": 4, "特有": 1, "闭合式": 1, "稳定": 2, "流畅": 3, "安卓": 3, "配置": 8, "贵": 1, "不止": 1, "厂家": 2, "有望": 2, "超越": 10, "无非": 1, "小米": 12, "魅族": 4, "三星": 10, "OPPO": 14, "分析": 1, "太": 2, "1": 3, "先来": 1, "网友": 1, "好用": 1, "价钱": 1, "从前": 1, "财务": 1, "报表": 2, "销售量": 1, "平均": 1, "下滑": 2, "4.1%": 1, "数据": 1, "保证": 2, "销量": 8, "29%": 1, "科研": 2, "角度": 1, "性质": 1, "性价比": 1, "挂": 1, "组装机": 1, "称号": 2, "大部分": 1, "研发": 2, "总裁": 1, "雷军": 1, "注重": 1, "互联网": 1, "收益": 1, "在意": 1, "排除": 1, "说到": 3, "想到": 1, "模仿": 3, "落后": 2, "高通": 3, "闹": 1, "矛盾": 1, "联发科": 1, "相比": 3, "产商": 1, "稍": 1, "差": 1, "虽然说": 1, "和解": 1, "新机": 2, "亮点": 2, "远远": 1, "不及": 1, "远": 1, "路": 1, "走": 2, "3": 4, "上次": 1, "传出": 1, "爆炸": 3, "事后": 1, "嘲笑": 1, "王": 1, "炸": 1, "出售": 1, "传来": 1, "境内": 1, "毕竟": 1, "为重": 1, "想": 1, "带": 1, "定时": 1, "炸弹": 1, "身边": 1, "2018年": 2, "排名": 7, "占据": 1, "领头羊": 1, "位置": 1, "18年": 3, "专利": 7, "申请": 4, "数量": 3, "排": 2, "第六": 1, "处于": 1, "冠军": 1, "级别": 2, "产业": 1, "无奈": 1, "负面": 1, "事件": 1, "阻碍": 1, "才": 1, "国民": 1, "印象": 1, "500": 2, "隐隐": 1, "感觉": 1, "麒麟980": 2, "名扬": 1, "科技界": 1, "评比": 1, "名": 2, "自主": 2, "研究": 1, "炙手可热": 1, "折叠屏": 2, "遥遥领先": 1, "创新度": 1, "越来越": 2, "慢人": 1, "显示": 2, "17年": 1, "对比": 1, "迹象": 1, "紧逼": 1, "位居": 2, "第三": 4, "上都": 1, "领先": 1, "非华为莫属": 1, "！": 3, "前世今生": 1, "iPhone": 2, "X": 1, "升降": 1, "宣告": 1, "脚步": 1, "ColorOS": 1, "6": 7, "理念": 2, "无疑": 1, "超凡脱俗": 1, "行业": 2, "软件": 3, "不用": 1, "刻意": 1, "追踪": 1, "IOS": 1, "跻身": 1, "第17": 1, "国内": 2, "单纯": 1, "手提": 1, "涉及": 1, "或许": 1, "人工": 1, "百度": 1, "腾讯": 1, "发明": 1, "厂商": 2, "首位": 1, "排行": 1, "排到": 1, "第五": 1, "以此": 2, "顶": 1, "山寨机": 1, "高价": 1, "低配": 1, "网友们": 2, "称之为": 1, "智商": 1, "鉴定机": 1, "终于": 1, "翻身": 1, "资格": 1, "对此": 1, "P20": 8, "熟": 1, "Mate": 16, "20一": 1, "排列": 2, "方法": 1, "好看": 1, "比起": 1, "这部": 2, "Mate20": 3, "不同点": 1, "1.": 1, "5.8": 1, "显示屏": 3, "2240": 1, "渐变": 1, "先进": 1, "纳米": 1, "真空": 1, "光学": 2, "镀膜": 1, "背面": 1, "创造": 2, "迷人": 1, "渐变色": 1, "极光带": 1, "预计": 1, "6.4": 1, "2160X3840": 1, "COF": 1, "LCD": 1, "边框": 4, "基本上": 1, "宽度": 2, "1.5": 1, "下巴": 1, "额头": 1, "窄": 2, "2.5": 1, "以内": 1, ".": 2, "麒麟970": 1, "GB": 5, "配备": 6, "1200万": 3, "彩色": 4, "2000万": 3, "黑白": 4, "徕卡": 6, "f/1.8+": 1, "f/1.6": 1, "4K": 2, "720p": 1, "960fps": 1, "发华": 1, "海思": 1, "980": 1, "至少": 1, "估计": 1, "4000": 2, "mA": 1, "H": 1, "跑分": 1, "高于": 1, "骁龙": 1, "845": 1, "降低": 2, "25%": 1, "领域": 1, "潜望式": 1, "4200万": 1, "外加": 1, "长": 1, "焦": 1, "指纹": 5, "3D": 1, "面部": 1, "湿手": 1, "污渍": 1, "手": 1, "价格": 3, "国行": 1, "64": 2, "3788": 1, "4G": 1, "全网通": 1, "128G": 1, "4288": 1, "5000+": 1, "水平": 2, "6GB": 1, "运行": 3, "高配": 1, "8GB": 1, "物理": 1, "256GB": 1, "据说": 2, "下半年": 1, "见面": 1, "替代": 1, "代表机": 1, "屏": 2, "进化": 1, "宽": 3, "刘": 1, "海屏": 1, "正式": 4, "旗下": 1, "———": 1, "F1.8": 1, "竞争力": 1, "十足": 1, "炫光": 1, "背盖": 1, "双重": 1, "感华": 1, "正面": 1, "一块": 1, "珍珠": 1, "冲击力": 1, "科技感": 1, "得益": 3, "超高屏": 1, "19.5:9": 2, "比例": 1, "传统": 1, "5": 2, "大小": 2, "持握": 1, "值得": 1, "光照": 1, "极其": 1, "反光": 3, "痛点": 1, "阳光": 1, "直射": 1, "观看": 1, "德国": 1, "莱茵": 1, "认证": 1, "辐射": 1, "减少": 1, "疲劳": 1, "顶部": 2, "分毫": 1, "集成": 1, "听筒": 1, "接近光": 1, "传感器": 4, "状态": 1, "指示灯": 1, "元器件": 1, "设置": 1, "多种": 1, "琥珀": 1, "棕": 1, "皮革纹": 1, "理质感": 1, "典雅": 1, "轻奢": 1, "不易": 1, "留下": 1, "上图": 1, "9e宝石": 1, "七彩宝石": 1, "直径": 1, "15": 1, "微米": 1, "粒子": 2, "喷涂": 1, "背板": 1, "外来": 1, "照射": 1, "衍射": 1, "犹如": 1, "八核": 2, "畅享A": 1, "I": 1, "生活": 2, "可圈可点": 1, "操作": 4, "AI算法": 2, "后台": 1, "懂": 1, "得益于": 1, "预装": 1, "文件": 1, "大幅度": 3, "压缩": 1, "留给": 1, "可用": 1, "空间": 3, "12nm": 1, "日常": 3, "搭配": 1, "独立": 1, "三卡槽": 1, "外部": 1, "内存卡": 1, "扩展": 3, "512GB": 2, "所需": 2, "旗舰级": 1, "F/1.8": 2, "常见": 1, "旗舰机": 1, "进光量": 1, "更为": 1, "表现": 11, "虚化": 1, "1300万": 2, "帧": 1, "降噪": 1, "更胜一筹": 1, "照片": 4, "粉色": 1, "花瓣": 2, "周正": 1, "细节": 4, "不错": 2, "边缘": 1, "锐度": 1, "树枝": 1, "规整": 1, "边界": 2, "第二": 2, "9e相机": 1, "大厦": 1, "窗户": 1, "分界": 1, "太阳": 1, "反射": 1, "光源处": 1, "过爆": 2, "明暗": 1, "容度": 1, "暗处": 2, "亮处": 2, "身临": 1, "境华": 1, "音量": 4, "喜欢": 1, "音乐": 1, "年轻人": 1, "放大器": 2, "音圈": 1, "振膜": 2, "悬挂": 1, "结构": 1, "振动": 2, "依然": 1, "平衡": 1, "兼顾": 1, "和好": 1, "保障": 1, "功率": 1, "独特": 1, "原理": 1, "平衡点": 1, "104.4dB": 1, "失真": 1, "确实": 1, "眼前": 1, "亮": 1, "近期": 1, "购买": 1, "备用机": 1, "打算": 1, "或者是": 1, "看重": 1, "基础": 1, "推荐": 1, "入手": 1, "[PConline": 2, "资讯": 3, "如期而至": 1, "业内": 1, "千元": 1, "特性": 1, "不少": 2, "关注": 2, "超清": 1, "长宽比": 1, "IPS": 1, "材质": 1, "85%": 1, "色域": 1, "背部": 1, "机顶部": 1, "U型": 1, "刘海": 1, "容纳": 1, "自拍": 2, "前置": 1, "AI自拍": 1, "800万": 1, "主打": 2, "呈竖": 1, "AI三": 1, "超大": 1, "117": 1, "°": 1, "视野": 2, "常规": 1, "狭小": 1, "广袤": 1, "天地": 1, "旅行": 1, "聚会": 1, "定格": 1, "精彩": 2, "AIS": 1, "手持": 2, "画面": 1, "秒": 1, "无需": 1, "三脚架": 1, "曝": 1, "夜拍": 1, "规格": 1, "该机": 1, "麒麟710八": 1, "CPU": 3, "75%": 1, "130%": 1, "10W快充": 1, "micro-USB": 1, "接口": 1, "装备": 1, "基于": 3, "Android": 3, "9": 3, "Pie": 1, "3/4GB": 1, "64/128": 1, "珊瑚红": 1, "极光": 1, "四": 3, "16:08分": 1, "10:08分": 1, "出众": 2, "认可": 1, "道路": 1, "从未": 1, "止步": 1, "颜值": 1, "强悍": 1, "失望": 1, "尺寸": 1, "156.9": 1, "×": 2, "78.9": 1, "7.9": 1, "重量": 1, "190": 1, "克": 1, "1080P": 2, "5.9": 1, "全金属": 2, "麒麟960": 1, "7.0": 2, "5.0": 5, "定制": 1, "密度": 1, "智电": 1, "SuperCharge": 1, "快充": 4, "首次": 1, "置于": 1, "SOC": 1, "ISP": 1, "资料": 1, "mate9": 1, "特色": 1, "960": 3, "Mate9": 6, "率先": 2, "商用": 2, "A73": 1, "4*A73+4*A53": 1, "架构": 1, "主频": 1, "2.4GHz": 1, "上一代": 3, "18%": 1, "能效": 2, "15%": 1, "MaliG71MP8": 1, "图形": 1, "180%": 1, "40%": 2, "UFS2.1": 1, "存储器": 1, "速度": 1, "100%": 1, "联合": 1, "专业级": 1, "变焦": 1, "摄像": 1, "OIS": 1, "防抖": 1, "录制": 1, "5A": 1, "4.5": 1, "V": 1, "低压": 1, "分钟": 5, "10%": 1, "20%": 1, "30": 1, "58%": 1, "连续": 3, "4": 3, "小时": 3, "3G": 1, "通话": 1, "独有": 1, "层": 3, "保护": 1, "机制": 1, "含": 1, "五": 2, "保护网": 2, "电流": 1, "电芯": 1, "杜绝": 1, "隐患": 1, "程度": 1, "寿命": 1, "便捷": 2, "交互": 1, "方式": 1, "界面": 1, "扁平化": 1, "步骤": 1, "精简": 1, "误触": 1, "90%": 1, "常用": 1, "即可": 1, "轻松": 1, "PConline": 1, "P30": 6, "到来之际": 1, "近日": 1, "轮": 1, "降价": 1, "促销": 1, "活动": 2, "全系": 2, "限时": 1, "直降": 1, "购机": 1, "享": 1, "招行": 1, "也就是说": 1, "3499": 1, "Pro起": 1, "4899": 1, "京东": 1, "渠道": 1, "几日": 1, "刚刚": 1, "上市": 2, "半月": 1, "发货量": 1, "超过": 1, "1000万": 1, "台": 1, "调价": 1, "进一步": 1, "腾出": 1, "大中华区": 1, "时间": 1, "打破": 1, "此前": 1, "P系列": 1, "记录": 1, "青睐": 1, "西欧": 1, "中东": 1, "亚太": 1, "持续": 1, "热销": 1, "新加坡": 1, "官网": 1, "给出": 1, "包含": 1, "Pro": 1, "后者": 1, "水滴屏": 1, "双曲": 1, "面屏": 1, "3998": 1, "近来": 1, "巴黎": 1, "讨论": 1, "热度": 1, "居高不下": 1, "下午": 2, "14:00": 1, "包括": 1, "高清": 1, "双立": 1, "体声": 1, "mAh大": 1, "号称": 1, "Histen": 1, "专业": 1, "调音": 1, "沉浸式": 1, "影音": 1, "8.0": 1, "WiFi": 3, "32GB": 2, "1399": 1, "全网": 3, "通3GB": 1, "通4GB": 2, "1599": 1, "2199": 1, "2399": 1, "4:08": 1, "10日": 1, "上午": 1, "10:08": 1, "发售": 1}