{"参考": 3, "消息网": 3, "5月": 23, "21日": 7, "报道": 17, "20日": 15, "美国": 66, "华尔街": 1, "日报": 1, "网站": 1, "发出": 1, "警示": 1, "意味": 1, "——": 3, "华为": 294, "出口": 5, "殃及": 1, "硅谷": 4, "针对面": 1, "展开": 1, "审查": 5, "扰乱": 1, "关键": 7, "供应商": 4, "往来": 2, "冲击": 1, "这家": 1, "媒体": 11, "说法": 7, "多年": 9, "主流": 2, "公司": 66, "业务": 21, "：": 32, "高通": 2, "博通": 1, "采购": 5, "智能": 17, "手机": 48, "芯片": 37, "英特尔": 1, "蜂窝塔": 1, "组件": 1, "甲骨文": 1, "软件": 8, "系列": 6, "规模": 4, "科技": 14, "零部件": 7, "15日": 3, "美国商务部": 7, "关联": 2, "列入": 5, "份": 5, "实体名单": 3, "意味着": 2, "想": 3, "销售": 3, "产品": 35, "申请": 4, "许可": 10, "无疑": 1, "利空": 1, "消息": 6, "分析": 3, "中国": 34, "企业": 34, "客户": 12, "半导体": 1, "产业": 3, "、": 81, "布局": 1, "都": 22, "超前": 1, "很多": 7, "年后": 1, "需求": 4, "规划": 2, "生产线": 3, "产能": 2, "设计": 4, "国际": 5, "关系": 3, "研究院": 1, "学者": 1, "李峥": 1, "禁运": 1, "短": 1, "时间": 7, "内": 8, "找到": 1, "替代": 1, "困难": 5, "过剩": 1, "原本": 1, "投入": 18, "难以": 1, "满负荷": 1, "运作": 2, "新增": 1, "库存": 1, "局面": 1, "未来": 9, "发展": 18, "亦": 5, "影响": 26, "舆论": 1, "此举": 1, "等到": 1, "公布": 2, "完整": 1, "清单": 3, "才能": 1, "知晓": 1, "相关": 8, "程序": 2, "形式": 1, "审批": 3, "想要": 2, "包含": 1, "源自": 1, "出售": 2, "李": 1, "峥": 1, "列为": 2, "名单": 3, "细则": 1, "排除": 4, "政府": 9, "提供": 21, "临时": 5, "可能性": 1, "；": 9, "名录": 1, "外界": 7, "担心": 1, "事件": 10, "回旋": 1, "空间": 1, "路透社": 5, "近日": 4, "称": 20, "17日": 4, "很快": 1, "缩减": 1, "限制令": 1, "发言人": 6, "颁发": 1, "通用": 2, "妨碍": 1, "现有": 7, "网络": 10, "运营": 2, "设备": 16, "潜在": 2, "受益者": 2, "包括": 17, "人口": 1, "稀少": 1, "地区": 8, "服务": 54, "近年来": 1, "购买": 8, "怀俄明州": 1, "俄勒冈州": 1, "东部": 1, "互联网": 3, "提供商": 2, "指出": 3, "实际上": 1, "美国商": 1, "品": 1, "可靠性": 1, "来源": 6, "补刀": 1, "谷歌": 40, "得不偿失": 1, "封杀": 2, "暂停": 8, "北京": 25, "仿佛": 1, "颗": 3, "巨石": 1, "瞬间": 1, "激起": 1, "千": 1, "层": 1, "浪": 1, "早留": 1, "后手": 1, "这是": 8, "一个": 15, "危险": 1, "时刻": 2, "充满": 2, "挑战": 1, "机会": 3, "背后": 3, "特朗普": 11, "面对": 3, "扑面而来": 1, "指责": 1, "随时": 1, "孤立": 4, "处境": 1, "退缩": 1, "高压": 1, "之下": 1, "作出": 1, "援引": 1, "知情": 3, "人士": 7, "合作": 9, "不再": 2, "开源": 5, "软硬件": 1, "转让": 2, "技术": 25, "只能": 1, "公开": 5, "版本": 7, "安卓": 34, "系统": 33, "访问": 6, "专有": 1, "商报": 4, "记者": 16, "回复": 1, "遵守": 3, "用户": 29, "Google": 11, "Play": 11, "Protect": 2, "保护": 2, "功能": 4, "运行": 11, "小时": 4, "发布": 17, "声明": 8, "回应": 10, "能力": 12, "生态": 16, "荣耀": 10, "品牌": 9, "平板": 6, "电脑": 8, "市场": 20, "外交部": 3, "陆慷": 3, "提到": 3, "正式": 9, "确认": 2, "此事": 1, "进一步": 4, "关注": 4, "事态": 2, "进展": 2, "中方": 3, "支持": 12, "法律": 18, "武器": 4, "捍卫": 3, "正当": 3, "权利": 3, "举动": 1, "威胁": 3, "海外": 12, "更新": 6, "操作": 14, "权限": 2, "二来": 1, "新一代": 1, "Store": 2, "Gmail": 3, "YouTube": 2, "在内": 6, "热门": 1, "使用者": 1, "下载": 8, "道理": 1, "毕竟": 2, "国内": 8, "鸡肋": 1, "欧洲": 14, "制造商": 2, "竞争力": 3, "CCS": 1, "Insight": 1, "研究": 6, "副总裁": 3, "Geoff": 1, "Blaber": 1, "正是": 3, "授权": 3, "第二": 2, "施压": 2, "68": 1, "管制": 2, "实体": 2, "签署": 1, "行政": 1, "命令": 1, "紧急": 1, "状态": 2, "国家": 14, "风险": 2, "生产": 3, "电信": 2, "自然": 1, "很": 22, "早布局": 1, "应对": 3, "危机": 4, "海思": 5, "储备": 1, "夜": 3, "之间": 5, "转正": 3, "自主": 7, "解决": 6, "各类": 1, "为此": 2, "此前": 5, "创始人": 4, "任正非": 48, "表述": 1, "增长": 7, "预计": 6, "放缓": 1, "局部": 1, "营收": 3, "年率": 1, "低于": 1, "20%": 2, "费力": 1, "讨好": 1, "忽略": 1, "大战": 1, "戏码": 1, "不止": 1, "去年": 2, "推特": 2, "炮轰": 1, "操纵": 1, "搜索": 3, "内容": 3, "隐藏": 1, "正面": 2, "新闻": 9, "‘": 3, "’": 3, "96%": 1, "左翼": 1, "CEO": 4, "桑达尔·皮查伊": 1, "算法": 1, "怼": 1, "回去": 1, "暗示": 1, "后者": 1, "反垄断": 1, "调查": 13, "Facebook": 1, "亚马逊": 1, "惨遭": 1, "连累": 1, "通信": 5, "专家": 3, "项立": 2, "刚": 5, "接受": 9, "采访": 8, "信息": 7, "第一": 6, "情况": 5, "地图": 1, "核心": 3, "程度": 1, "还要": 1, "观察": 1, "真的": 3, "这项": 1, "件": 2, "事情": 4, "纠纷": 1, "博弈": 1, "牌": 2, "打的": 1, "危中有机": 1, "盟友": 1, "拆台": 1, "如出一辙": 1, "评论": 1, "消费者": 10, "真实": 1, "感受": 1, "仅仅": 1, "就要": 1, "禁止": 2, "数百万": 1, "惩罚": 2, "信任": 1, "这不": 1, "在于": 1, "明天": 2, "三星": 2, "小米": 1, "拉": 1, "黑名单": 1, "疯狂": 1, "随意": 1, "世界": 17, "全世界": 1, "都会": 2, "联合": 3, "建立": 1, "东西": 2, "即将": 1, "殴打": 2, "亲手": 1, "推向": 1, "边缘": 1, "CNBC": 1, "法国": 6, "总统": 1, "马克龙": 1, "跨国": 1, "激活": 1, "经济": 5, "创造": 2, "就业": 1, "采用": 1, "过度": 1, "保护主义": 1, "针对": 9, "堪称": 1, "翻版": 1, "阿尔斯通": 3, "六": 1, "年前": 1, "全球": 38, "弗雷德里克·皮耶鲁齐": 1, "纽约": 2, "转机": 1, "FBI": 1, "逮捕": 1, "给出": 1, "理由": 1, "涉嫌": 3, "违反": 2, "印尼": 1, "贿赂": 1, "当地": 5, "官员": 4, "能源": 1, "电力": 1, "被迫": 2, "剩下": 1, "轨道": 2, "交通": 1, "唯一": 1, "抛弃": 1, "英国": 2, "卫报": 1, "德国": 7, "表态": 3, "参与": 3, "5G": 43, "建设": 5, "中和": 1, "收到": 2, "有线": 2, "电视": 2, "新闻网": 2, "警告": 2, "升级": 5, "减少": 4, "机构": 5, "分享": 6, "情报": 1, "陶凤": 1, "杨": 1, "月涵": 1, "热点": 1, "深圳": 5, "90": 2, "执照": 2, "做好": 6, "轻易": 2, "狭隘": 6, "成本": 6, "低": 1, "同步": 4, "成长": 4, "和平": 2, "时期": 2, "一半": 4, "将来": 1, "大规模": 2, "售卖": 2, "供应": 3, "备份": 2, "别人": 2, "两三": 2, "肯定": 6, "追": 3, "深度": 2, "广度": 2, "值得": 2, "学习": 3, "超级": 2, "尖端": 2, "行当": 2, "前列": 2, "整体": 3, "差距": 4, "沟通": 2, "容量": 2, "4G": 5, "倍": 6, "2G": 2, "一万": 2, "耗电": 2, "下降": 6, "10": 2, "体积": 2, "70%": 2, "几十": 3, "腐蚀": 2, "材料": 2, "特性": 2, "适合": 2, "煽动": 3, "民族": 4, "情绪": 7, "买": 3, "爱国": 5, "简单": 6, "等同": 1, "鲜明": 2, "爱国主义": 2, "绑架": 2, "社会": 7, "孩子": 1, "苹果": 17, "千万": 1, "煽情": 1, "民粹主义": 1, "难": 4, "咬牙": 1, "挺": 3, "回答": 3, "提问": 3, "咬": 2, "牙": 2, "慢慢": 2, "问到": 1, "28年": 1, "成立": 1, "集成": 2, "电路": 1, "部门": 4, "对此": 2, "最高点": 1, "冲突": 2, "最终": 1, "人类": 2, "贡献": 4, "交税": 1, "将近": 3, "两百亿": 2, "美金": 3, "经费": 1, "人工": 1, "工资": 1, "快": 14, "三百亿": 1, "钱": 5, "艰难": 1, "后续": 3, "延续": 1, "人民日报": 1, "客户端": 1, "/": 5, "张意轩": 1, "冯华": 1, "终端": 17, "巴黎": 1, "VIVA": 3, "TECH": 3, "峰会": 2, "举办": 2, "首场": 1, "Huawei": 1, "Developer": 3, "Day": 3, "面向": 4, "开发者": 22, "智慧": 15, "平台": 10, "(": 10, "HUAWEI": 9, "Ability": 2, "Gallery": 2, ")": 10, "策略": 2, "现场": 8, "影响力": 1, "展会": 1, "科技界": 1, "名人": 1, "商业": 7, "领袖": 1, "行业": 6, "初创": 2, "10万多": 1, "名": 14, "参会者": 1, "数字": 5, "展望": 1, "登陆": 1, "生活": 4, "惠及": 1, "接入": 4, "即可": 2, "场景": 7, "分发": 10, "业务部": 2, "部长": 2, "马传勇": 2, "主题": 4, "演讲": 5, "统一": 2, "原子化": 2, "泛终端": 2, "入口": 2, "享受": 2, "所需": 1, "选择": 4, "合适": 1, "触发": 1, "方式": 3, "类型": 1, "手表": 1, "全场": 1, "景流量": 1, "快速": 2, "最低": 1, "获取": 2, "价值": 2, "流量": 1, "连接": 2, "多元化": 1, "通道": 3, "2018年": 10, "6月": 1, "推出": 4, "备受": 1, "推崇": 1, "超过": 6, "600": 1, "伙伴": 3, "开发": 6, "3500": 1, "多种": 2, "本次": 2, "触达": 4, "打造": 7, "智慧化": 1, "美好": 3, "体验": 4, "Enetpulse": 3, "CIO": 1, "著名": 1, "体育": 2, "秉持": 1, "理念": 2, "赛事": 1, "触及": 1, "助力": 5, "全球化": 3, "持续": 7, "出货量": 5, "2.06亿": 1, "台": 5, "AppGallery": 2, "联盟": 1, "测试": 3, "推广": 3, "变现": 2, "全方位": 3, "56万": 1, "便捷": 1, "Jaime": 1, "Gonzalo": 1, "4月": 4, "上线": 1, "覆盖": 2, "170": 2, "键": 1, "121": 1, "支付": 2, "付费": 2, "模式": 2, "提高": 2, "收益": 1, "营销": 2, "资源": 3, "轻松": 1, "亿": 2, "限度": 1, "降低": 2, "大幅": 2, "曝光量": 1, "知名度": 1, "预装": 1, "精品": 1, "推荐": 1, "热销": 1, "高效": 2, "The": 2, "Explorers": 2, "&": 2, "款": 5, "地球": 4, "探索": 2, "越来越": 1, "呈现": 2, "履行": 1, "责任": 2, "SQUID": 2, "相互": 1, "致力于": 1, "年轻": 1, "一代": 2, "有趣": 2, "发现": 6, "刺激": 2, "本地化": 1, "渠道": 2, "HiA": 1, "I赋": 1, "创新": 21, "HiAI": 5, "AI": 7, "计算": 2, "基于": 5, "芯": 1, "端": 1, "开放": 6, "Foundation": 1, ";": 1, "Engine": 1, "Service": 1, "框架": 1, "算子": 1, "强大": 3, "API": 1, "多样化": 1, "实验室": 1, "布道师": 1, "趋近": 1, "完善": 3, "1000": 1, "赋能": 1, "扶持": 1, "携手": 2, "推动": 5, "构建": 4, "体系": 1, "极致": 1, "共赢": 1, "展台": 1, "依托": 1, "优势": 3, "产业链": 1, "环节": 1, "万物": 1, "互联": 1, "吉姆·柯林斯": 1, "优秀": 2, "卓越": 2, "书": 1, "描述": 1, "领导者": 2, "站": 3, "前台": 1, "锋芒毕露": 1, "宠儿": 1, "谈论": 1, "社会名流": 1, "外星人": 1, "沉默": 1, "内敛": 1, "爱": 7, "出风头": 1, "害羞": 1, "谦逊": 1, "怀": 1, "特质": 1, "不屈不挠": 1, "专业": 1, "精神": 1, "齐集": 1, "一身": 1, "深藏": 1, "团队": 3, "协调": 1, "交响乐": 1, "追求": 1, "个性": 1, "张扬": 1, "时代": 5, "企业家": 1, "影子": 1, "1987年": 1, "走投无路": 1, "郁郁寡欢": 1, "中年人": 1, "花": 2, "2万多": 1, "元": 8, "南油": 1, "集团": 1, "居民楼": 1, "创办": 1, "有限公司": 1, "最初": 2, "员工": 5, "交换机": 1, "2019年": 5, "创业": 1, "32": 3, "周年": 2, "成功": 5, "民营": 1, "2012年": 2, "取代": 1, "爱立信": 1, "生产商": 1, "知识": 1, "产权": 1, "组织": 7, "WIPO": 1, "数据": 3, "专利": 1, "数量": 2, "居": 1, "首位": 3, "2017年": 1, "500": 1, "榜单": 1, "名列": 1, "第72": 1, "管理": 4, "顾问": 1, "田涛": 1, "有人": 3, "地方": 2, "华为人": 2, "30余": 4, "忧患": 3, "坚韧不拔": 1, "血": 1, "泪": 1, "长征": 1, "春天": 3, "夏天": 2, "念": 2, "冬天": 8, "创业者": 1, "身上": 1, "特征": 1, "一贫如洗": 1, "胸怀大志": 1, "极少": 1, "思想": 1, "绝大部分": 1, "来自于": 1, "内部": 3, "讲话": 2, "信件": 1, "2001年": 1, "发表": 1, "六千多": 1, "字": 1, "长文": 1, "文": 3, "写道": 1, "销售额": 1, "下滑": 5, "利润": 2, "破产": 1, "远": 1, "IT业": 1, "来得": 1, "冷": 3, "太": 2, "嫩": 1, "顺利": 1, "经历": 1, "挫折": 3, "走向": 1, "正确": 2, "道路": 2, "磨难": 3, "笔": 1, "财富": 1, "弱点": 1, "彼时": 1, "跃居": 1, "全国": 2, "电子": 2, "百": 1, "大谈": 1, "失败": 2, "与生俱来": 1, "警惕": 1, "创立": 1, "天天": 1, "思考": 1, "视而不见": 1, "荣誉感": 1, "自豪感": 1, "危机感": 1, "也许": 1, "意识": 2, "活过": 1, "春夏之交": 1, "未雨绸缪": 2, "再次": 2, "经受": 1, "住": 1, "考验": 1, "工业": 2, "安全局": 1, "BIS": 1, "凌晨": 1, "心声": 1, "社区": 1, "转发": 1, "总裁": 6, "何庭波": 1, "封": 1, "做出": 4, "极限": 1, "生存": 2, "假设": 1, "先进": 1, "启用": 2, "备胎": 2, "计划": 3, "兑现": 1, "承诺": 1, "确保": 4, "大部分": 4, "战略": 4, "连续": 2, "历史": 5, "！": 9, "同日": 2, "致信": 1, "信中": 1, "打压": 1, "挡": 1, "不住": 1, "步伐": 1, "低端": 2, "高端": 5, "领域": 8, "量产": 2, "美方": 3, "断供": 2, "导致": 4, "负增长": 2, "增速": 3, "理论": 7, "基础": 7, "板凳": 3, "坐": 4, "三十": 1, "载": 1, "环境": 1, "几经": 1, "更迭": 1, "所扰": 1, "寸": 1, "房地产": 23, "生意": 1, "炒股": 1, "热钱": 1, "不闻不问": 1, "长期": 5, "坚守": 2, "研发": 17, "对准": 1, "城墙口": 1, "冲锋": 1, "一家": 2, "ICT": 1, "方案": 8, "数字化": 1, "智能化": 1, "10%": 2, "制度": 3, "营业": 1, "收入": 3, "科研": 4, "冲击力": 1, "18万": 1, "人中": 1, "接近": 1, "研发者": 1, "数十": 3, "中心": 2, "遍布": 1, "始终": 1, "盯": 1, "主航道": 2, "竞争": 2, "消耗": 1, "力量": 1, "年中": 1, "项": 1, "指标": 1, "高于": 1, "人力": 1, "财报": 1, "显示": 4, "费用": 3, "1015亿": 1, "占": 3, "14.1%": 1, "累计": 2, "总计": 1, "超": 1, "4800亿": 1, "驱动": 2, "质量": 2, "保障": 2, "重视": 1, "前沿": 1, "新华社": 2, "专访": 1, "高科技": 1, "沉得": 1, "做成": 1, "10年": 2, "长": 1, "偏重": 1, "科学": 1, "特色": 1, "印象": 1, "深刻": 1, "2016年": 3, "大会": 3, "发言": 1, "勇闯": 1, "无人区": 2, "观点": 1, "法则": 1, "突破": 4, "积累": 1, "爆发性": 1, "—": 1, "30%": 1, "见效": 1, "少有": 1, "涉足": 1, "迎来": 1, "质变": 1, "1.0": 1, "2.0": 1, "愿景": 1, "发明": 1, "简": 2, "留给": 2, "交给": 2, "回报": 1, "例子": 2, "2009年": 1, "友商": 1, "速度": 2, "运营商": 1, "带来": 1, "如火如荼": 1, "竞赛": 1, "开跑": 1, "停下": 1, "赛场": 1, "占据": 1, "领先": 6, "加码": 1, "遭遇": 4, "低谷": 1, "认可": 1, "集体": 1, "看衰": 1, "吹响": 1, "号角": 1, "崛起": 1, "占领": 1, "发达": 1, "为名": 1, "原子弹": 1, "代表": 1, "种种": 1, "威胁论": 1, "试图": 1, "消除": 2, "误解": 1, "收效甚微": 1, "实力": 2, "有目共睹": 1, "长码": 1, "短码": 1, "围绕": 1, "方程": 1, "上万": 1, "追随": 1, "标准": 2, "多难": 1, "11月": 2, "主推": 1, "Polar": 1, "Code": 1, "化码": 1, "控制": 5, "信道eMBB": 1, "增强": 1, "宽带": 1, "编码": 1, "比作": 1, "货车": 2, "信道": 1, "相当于": 1, "行驶": 2, "希望": 3, "加快": 4, "部署": 6, "面临": 2, "庞大": 1, "首当": 1, "3G": 2, "同期": 1, "水平": 3, "多变": 1, "压力": 1, "唯有": 1, "极简": 1, "信条": 1, "2019": 1, "节奏": 1, "5亿": 1, "5": 4, "业界": 3, "估计": 1, "3": 3, "1月份": 1, "发布会": 3, "答案": 1, "这次": 1, "会上": 2, "首发": 1, "用于": 1, "商用": 3, "40年": 1, "产业界": 1, "努力": 4, "首次": 1, "成熟": 3, "通往": 1, "2020年": 1, "提前": 1, "强者": 1, "自强": 1, "拿下": 1, "订单": 1, "截至": 2, "3月底": 1, "签订": 1, "40": 1, "合同": 1, "70000": 1, "基站": 1, "发": 1, "世界各地": 1, "赢得": 3, "最佳": 1, "下一波": 1, "轮值": 2, "董事长": 2, "郭平自信": 1, "依赖": 2, "根基": 1, "两亿": 1, "销售榜": 1, "第三": 1, "48.4%": 1, "占比": 2, "分支": 1, "单元": 1, "2011年": 1, "首款": 1, "Ascend": 1, "P1": 1, "海思k3v2": 1, "滑铁卢": 1, "痛定思痛": 1, "随后": 2, "P6": 1, "孤注一掷": 1, "定价": 1, "400万": 1, "销量": 1, "一举": 1, "自此": 2, "一发不可收拾": 1, "麒麟": 5, "越发": 1, "Mate": 2, "P系列": 1, "搭载": 1, "Mate20": 2, "P30": 2, "980": 1, "代名词": 1, "格局": 1, "变为": 1, "华米OV": 1, "头部": 1, "集中度": 1, "80%": 1, "NO.1": 1, "抗衡": 1, "三十而立": 1, "启航": 1, "航母": 1, "永远": 1, "聚焦": 1, "架构": 3, "推行": 1, "比特": 1, "摩尔定律": 1, "简化": 2, "受益": 1, "不经": 1, "艰难困苦": 1, "玉汝于成": 1, "新年": 1, "致辞": 1, "郭平": 1, "大事": 1, "静气": 1, "遵从": 1, "的确": 1, "定性": 1, "政治": 3, "不确定性": 1, "恶性": 1, "消沉": 1, "锐气": 1, "挫": 1, "勇": 1, "极端": 3, "公平": 1, "逼向": 1, "寒冷": 1, "南极": 1, "北极": 1, "海拔": 1, "珠穆朗玛峰": 1, "非洲": 1, "丛林": 1, "沙漠": 1, "……": 1, "支撑": 1, "便利": 2, "生于": 1, "一穷二白": 1, "扩张": 1, "凝聚": 1, "意志": 1, "定力": 1, "韧性": 1, "强劲": 1, "缩影": 1, "外部": 1, "风云": 1, "变幻": 1, "上下同欲": 1, "艰苦奋斗": 1, "奋斗": 3, "才": 8, "前途": 2, "陈": 1, "听雨": 1, "凌纪伟": 1, "郑伟": 1, "得道多助失道寡助": 1, "出手": 1, "有限": 20, "得道多助": 1, "失道寡助": 1, "措施": 3, "感谢": 1, "陪伴": 1, "厂家": 1, "零配件": 1, "自研": 2, "并举": 1, "说服": 1, "放松": 1, "工作": 6, "造福": 1, "研制": 1, "日前": 4, "交易令": 1, "引发": 2, "质疑": 1, "挂钩": 2, "一季度": 1, "同比": 1, "幅度": 1, "39%": 1, "二季度": 1, "伤害": 1, "春节": 1, "前夕": 1, "排斥": 1, "供应链": 2, "讲": 1, "当年": 1, "5000万": 1, "套": 1, "协商": 1, "救济": 1, "喜欢": 3, "不用": 1, "投资": 2, "对方": 2, "成果": 1, "设立": 1, "高校": 2, "集合": 1, "多方": 1, "交流": 1, "互益": 1, "王攀": 1, "冯": 1, "松龄": 1, "白": 1, "瑜": 1, "总部": 1, "坦言": 1, "借着": 1, "说道": 2, "小孩": 1, "余承东": 4, "老板": 1, "宣传": 1, "制止": 1, "瞎喊": 1, "口号": 1, "透露": 1, "家人": 6, "出国": 2, "送": 2, "谈到": 1, "形势": 2, "反而": 1, "踏踏实实": 1, "方针": 1, "砸": 4, "不行": 2, "数学家": 1, "物理学家": 1, "读书": 1, "恐怕": 1, "中国人": 1, "济济": 1, "寻找": 1, "人才": 1, "拥抱": 1, "纵相": 1, "8点": 2, "见证": 1, "央视网": 1, "梳理": 1, "24": 3, "发生": 7, "身边": 1, "大小": 1, "事儿": 1, "最新": 2, "参与者": 2, "壮大": 2, "请": 2, "放心": 2, "南部": 3, "战区": 3, "美": 4, "舰": 1, "擅闯": 1, "南海": 3, "岛礁": 2, "邻近": 2, "海域": 2, "李华敏": 1, "大校": 1, "上午": 3, "海军": 1, "普雷贝尔": 1, "号": 1, "驱逐舰": 1, "未经": 1, "擅自": 1, "人民": 3, "解放军": 1, "海空": 1, "兵力": 1, "依法": 1, "依规": 1, "美舰": 1, "识别": 1, "查证": 1, "予以": 1, "驱离": 1, "东盟": 1, "局势": 1, "趋稳": 1, "向好": 1, "军舰": 1, "危及": 1, "舰机": 1, "人员": 5, "损害": 1, "主权": 1, "违背": 2, "准则": 1, "破坏": 1, "稳定": 1, "重磅": 1, "文件": 1, "4": 3, "食品": 8, "制假": 2, "售假": 2, "入刑": 2, "中共中央": 1, "国务院": 1, "印发": 1, "深化": 2, "改革": 2, "意见": 3, "提出": 2, "群众": 2, "放": 1, "底线": 1, "严谨": 1, "监管": 1, "严厉": 1, "处罚": 1, "严肃": 1, "问责": 1, "舌尖": 1, "修订": 3, "安全法": 2, "配套": 1, "法规": 1, "刑法": 1, "危害": 3, "犯罪": 1, "刑罚": 1, "农产品": 2, "制定": 1, "粮食": 1, "保障法": 1, "追溯": 1, "入法": 1, "办理": 1, "刑事": 2, "案件": 2, "司法": 1, "解释": 2, "农民工": 6, "欠薪": 4, "服务网": 2, "求助": 3, "律师": 2, "解答": 3, "司法部": 3, "介绍": 3, "网上": 1, "线": 1, "副部长": 1, "熊": 2, "选国": 2, "开通": 1, "·": 1, "绿色": 2, "讨薪": 1, "咨询": 2, "法援": 1, "援助": 4, "公共": 1, "寻求": 1, "一律": 1, "免于": 1, "条件": 1, "当天": 4, "受理": 2, "指派": 1, "效率": 1, "最早": 1, "五": 2, "之内": 1, "给予": 1, "60多": 1, "分钟": 1, "预期": 1, "四川省": 4, "国土": 3, "资源厅": 3, "副厅长": 3, "王平": 4, "双开": 1, "纪委": 2, "监委": 2, "通报": 3, "党委": 2, "委员": 2, "违纪": 3, "违法": 3, "开除": 1, "党籍": 1, "公职": 1, "四川": 1, "省委": 1, "批准": 1, "立案": 2, "经查": 1, "理想": 1, "信念": 1, "丧失": 1, "法纪": 1, "淡薄": 1, "忠诚": 1, "老实": 1, "掩盖": 1, "隐匿": 1, "转移": 1, "财产": 2, "对抗": 1, "原则": 1, "报告": 1, "事项": 1, "收受": 2, "对象": 1, "礼金": 1, "甘于": 1, "围猎": 1, "利用": 1, "职务": 1, "矿业权": 1, "过程": 2, "搞": 2, "变通": 1, "例外": 1, "以权谋私": 1, "擅权": 1, "妄为": 1, "大肆": 1, "财物": 1, "致使": 1, "遭受": 3, "损失": 1, "道德": 1, "败坏": 1, "腐化": 1, "水电": 1, "母": 1, "丰满": 3, "水电站": 3, "旧": 1, "坝": 1, "爆破": 1, "新坝": 2, "11时": 1, "16分": 1, "爆破声": 1, "响起": 1, "80": 1, "老坝": 2, "使命": 1, "挡水": 1, "始建": 1, "1937年": 1, "位于": 1, "东北部": 1, "省份": 1, "吉林省": 1, "吉林市": 1, "施工": 1, "至今": 1, "诸多": 1, "缺陷": 2, "补强": 1, "加固": 1, "精心": 1, "维护": 2, "查处": 3, "17": 2, "经纪": 21, "下架": 2, "房源": 2, "北京市": 2, "住建委": 2, "官网": 1, "近期": 1, "执法": 2, "西城": 2, "房管局": 3, "海淀": 1, "丰台": 1, "检查": 1, "线上": 1, "线下": 1, "两手抓": 1, "顺泰置": 1, "金窝": 1, "分店": 1, "筑巢": 1, "佳润": 1, "九鼎": 1, "龙": 1, "伟业": 3, "明城": 1, "嘉业": 1, "鑫意": 1, "亿贝佳苑": 1, "安信": 1, "瑞德": 1, "金言": 1, "基业": 1, "新悦": 1, "房": 1, "融科": 1, "中天置": 1, "鹏基": 1, "世纪": 1, "佳业": 1, "中基": 1, "壹佰": 1, "办法": 1, "市区": 1, "住建": 1, "房管": 1, "广西": 1, "百色": 1, "酒吧": 1, "坍塌": 2, "遇难": 1, "7": 2, "刑拘": 1, "事故": 4, "栋": 1, "12": 1, "米": 1, "钢混": 1, "结构": 1, "商务楼": 1, "建筑": 1, "面积": 1, "4800": 1, "平方米": 1, "19点30分": 1, "87": 1, "受伤": 1, "死亡": 2, "人数": 1, "失联": 1, "搜救": 1, "紧张": 1, "公安": 4, "机关": 3, "介入": 1, "连夜": 1, "责任人": 1, "传唤": 1, "23": 1, "初步": 3, "工程": 1, "罪": 1, "拘留": 4, "原因": 3, "当中": 1, "河北": 1, "宣化": 3, "古代": 4, "墓葬群": 2, "横跨": 2, "朝代": 2, "河北省": 1, "张家口市": 1, "宣化区": 1, "古城": 2, "东城墙": 2, "遗址": 3, "考古": 2, "墓葬": 2, "遗迹": 2, "多达": 1, "140": 1, "战国": 1, "汉代": 1, "唐代": 1, "元代": 1, "地面": 1, "瓦": 1, "水井": 1, "灰坑": 1, "战壕": 1, "群毗": 1, "邻明": 1, "代宣化": 1, "金": 1, "窑子": 1, "头": 1, "古": 1, "城墙": 1, "沿革": 1, "城址": 1, "变迁": 1, "北方": 1, "文化": 1, "珍贵": 1, "资料": 1, "瑞典": 4, "检方": 1, "性侵案": 2, "为由": 2, "阿桑奇": 3, "俄罗斯": 1, "卫星": 1, "通讯社": 1, "检察官": 2, "13日": 1, "首都": 2, "斯德哥尔摩": 1, "阿桑": 1, "奇案": 1, "伊娃·玛丽佩尔松": 1, "Eva-Marie": 1, "Persson": 1, "重启": 1, "性侵": 1, "指控": 1, "塔吉克斯坦": 4, "监狱": 7, "骚乱": 5, "死": 1, "IS": 5, "服刑者": 1, "外媒": 2, "19日晚": 2, "杜尚别": 1, "郊区": 1, "狱中": 1, "服刑": 3, "伊斯兰国": 1, "成员": 4, "杀死": 1, "守卫": 1, "安保": 1, "处决": 1, "恢复": 1, "秩序": 1, "非裔": 1, "亿万": 2, "富翁": 1, "当场": 1, "届": 1, "毕业生": 1, "贷款": 3, "还清": 2, "学业": 2, "感觉": 1, "大学": 1, "毕业班": 2, "学生": 5, "收获": 1, "惊喜": 1, "综合": 1, "CNN": 1, "时报": 1, "19日": 3, "黑人": 1, "大亨": 1, "投资人": 1, "罗伯特": 1, "史密斯": 1, "莫尔豪斯": 1, "学院": 2, "毕业": 1, "典礼": 1, "该校": 2, "视频": 2, "瞪": 1, "眼睛": 1, "表现": 1, "不可思议": 1, "印度": 2, "宝宝": 1, "村民": 2, "石头": 2, "母象": 4, "发怒": 1, "踩死": 3, "男子": 3, "西孟加拉邦": 1, "大象": 1, "一头": 1, "产下": 1, "小象": 3, "引来": 1, "群": 1, "前来": 1, "围观": 2, "协助": 1, "站立": 1, "民众": 1, "丢向": 1, "出生": 1, "激怒": 1, "冲向": 1, "人群": 1, "1": 1, "涪陵": 5, "榨菜": 5, "副总": 1, "违规": 4, "减持": 11, "股票": 3, "套现": 2, "892万": 1, "配偶": 4, "误": 2, "公告": 2, "副总经理": 1, "贺": 5, "云川": 5, "超额": 1, "上市": 1, "3153": 2, "股": 4, "25日": 1, "7月": 1, "24日": 1, "竞价": 1, "30万": 1, "拟": 1, "股份": 2, "23.6408%": 1, "303153": 1, "892.32万": 1, "超出": 1, "上限": 1, "核查": 1, "未": 3, "短线": 1, "交易": 3, "敏感期": 1, "获悉": 3, "内幕": 1, "主观": 1, "获利": 1, "情形": 1, "此次": 2, "繁忙": 1, "证券": 1, "账户": 1, "代为": 1, "高管": 1, "失误": 1, "周口": 2, "男婴": 3, "丢失": 2, "家属": 1, "自导": 2, "自演": 2, "策划者": 1, "河南": 1, "婴儿": 1, "知情人": 1, "母亲": 2, "家庭": 1, "矛盾": 1, "亲友": 1, "策划": 2, "哺乳期": 2, "过后": 1, "佛山": 1, "警方": 3, "快递员": 2, "上门": 1, "礼女": 1, "抓获": 2, "嫌疑人": 2, "广东省": 1, "佛山市": 1, "公安局": 1, "禅城": 1, "分局": 1, "18日": 1, "下午": 2, "女事": 1, "主到": 1, "该局": 1, "石湾": 1, "派出所": 1, "报案": 2, "男性": 1, "她家": 1, "收件": 2, "骚扰": 1, "非礼": 1, "第一时间": 1, "早上": 1, "民警": 1, "锁定": 1, "嫌疑": 1, "黄某": 2, "落脚点": 1, "抚摸": 1, "猥亵": 1, "女": 1, "事主": 1, "宿迁": 2, "女生": 2, "女子": 1, "掌掴": 1, "50余": 1, "校方": 1, "外校": 1, "高等": 1, "师范": 1, "围殴": 1, "广为": 1, "流传": 1, "家长": 3, "现状": 1, "配合": 1, "宿迁市": 1, "湖滨": 1, "新区": 1, "16日": 1, "夜间": 1, "11": 2, "岁": 2, "女孩": 2, "200万": 2, "打赏": 5, "主播": 2, "回来": 1, "五百": 1, "几千": 1, "写": 1, "小学": 1, "作业本": 1, "检讨书": 2, "火": 1, "洋洋": 2, "年级": 1, "前前后后": 1, "未成年人": 3, "巨额": 1, "这几年": 1, "索回": 1, "钱款": 1, "回钱": 1, "证明": 1, "实施": 1, "监护人": 1, "话语": 1, "聊天": 1, "记录": 1, "取证": 1, "追星": 2, "行星": 5, "合月": 2, "天象": 1, "扎堆": 1, "亮相": 1, "夜空": 2, "北半球": 1, "春夏交替": 1, "时节": 1, "木星": 2, "土星": 2, "主角": 1, "23日": 1, "黎明": 1, "天幕": 1, "月亮": 2, "距离": 1, "邂逅": 1, "天文": 1, "爱好者们": 1, "浪漫": 1, "相遇": 1, "广为人知": 1, "名字": 1, "今夜": 1, "行列": 1, "面孔": 1, "施瓦辛格": 3, "起诉": 1, "袭击者": 3, "重回": 1, "正轨": 1, "动作": 1, "影星": 1, "加利福尼亚州": 1, "州长": 1, "阿诺德·施瓦辛格": 1, "南非": 1, "约翰内斯堡": 1, "出席": 1, "活动": 1, "意外": 1, "飞": 1, "脚": 1, "猛": 1, "踹": 1, "重心": 1, "保安": 1, "制服": 1, "控告": 1, "走": 1, "公正": 1, "待遇": 1, "不少": 2, "网友": 2, "义愤填膺": 1, "声称": 1, "抵制": 4, "iPhone": 3, "转而": 1, "朋友": 1, "表达": 1, "想到": 1, "等同于": 1, "态度": 1, "包容": 1, "想象": 1, "呼吁": 1, "盲目": 3, "排外": 2, "事实上": 1, "如今": 3, "困境": 1, "外来": 1, "明智之举": 1, "对比": 1, "比如说": 1, "性能": 1, "iOS": 2, "流畅性": 2, "大一": 1, "独立自主": 1, "依旧": 2, "借助": 2, "ARM": 2, "A系列": 1, "独家": 1, "Android": 2, "鸿蒙": 1, "大脑": 1, "错误": 1, "所在": 1, "难能可贵": 1, "或许": 1, "发愤图强": 1, "昨天": 3, "早间": 2, "官方": 5, "保证": 4, "昨日": 1, "硬件": 1, "除外": 1, "下一代": 1, "商店": 4, "讨论": 1, "细节": 1, "午间": 1, "发文": 1, "拿起": 1, "例行": 1, "记者会": 1, "问及": 1, "就此": 1, "核实": 1, "恐": 1, "受限": 1, "不对": 2, "本身": 1, "观察家": 1, "葛甲": 2, "北青报": 2, "厂商": 4, "底层": 1, "优化": 2, "去掉": 1, "更换": 1, "输入法": 1, "字库": 1, "切断": 1, "服务器": 2, "国产": 1, "酌情": 1, "源代码": 1, "任意": 1, "定制": 1, "涉及": 1, "指": 1, "补丁": 2, "作用": 1, "弥补": 1, "漏洞": 1, "出新": 1, "短期": 1, "倒是": 1, "无所谓": 1, "层面": 1, "邮箱": 1, "套装": 1, "国外": 1, "App": 1, "屏蔽": 1, "应用层": 1, "APP": 1, "这块": 1, "追访": 1, "10.0": 4, "爽约": 1, "8日": 1, "开启": 2, "13": 1, "21": 1, "机型": 3, "赫然": 1, "在列": 1, "V20": 1, "Magic2": 1, "Pro": 1, "Q": 1, "Beta": 1, "招募": 1, "第10": 1, "25亿": 1, "活跃": 1, "趋势": 1, "折叠": 2, "潜力": 1, "众所周知": 1, "折叠屏": 1, "为数不多": 1, "预测": 1, "2.5亿-2.6亿": 1, "禁令": 1, "新装": 1, "备案": 1, "自有": 1, "意在": 1, "替代品": 1, "MWC2019": 1, "放弃": 1, "微软": 2, "视窗": 1, "优先": 1, "朋友圈": 1, "负责人": 1, "鲲鹏": 1, "920": 1, "补充": 1, "永久": 1, "剩余": 1, "本报": 1, "温婧": 1, "统筹": 1, "余美英": 1}