{"事实上": 3, "美国": 188, "经济": 17, "现行": 1, "举措": 4, "伤害": 3, "许许多多": 1, "企业": 38, "苹果": 16, "公司": 87, "高盛": 1, "分析师": 3, "Rod": 1, "Hall": 1, "报告": 3, "称": 22, "中国": 92, "业务": 10, "占": 1, "第二": 12, "财季": 1, "销售额": 2, "17％": 1, "102.2亿": 1, "美元": 7, "买家": 1, "购买": 4, "产品": 5, "科技": 3, "制造业": 3, "巨头": 8, "收益": 2, "下降": 4, "30％": 1, "瑞士": 1, "信贷": 1, "马修": 1, "卡布拉尔": 1, "大中华区": 2, "5％": 1, "每股": 2, "15": 1, "美分": 1, "汇丰": 1, "银行": 1, "Erwan": 1, "Rambourg": 1, "目标": 1, "股价": 2, "180": 2, "下调": 1, "174": 1, "值得": 4, "近日": 6, "一度": 1, "大跌": 1, "7％": 1, "画面": 1, "无独有偶": 1, "事情": 7, "最新": 5, "进展": 2, "图片": 8, "来源": 3, "AP": 1, "5月": 17, "28日": 8, "市场": 15, "研究": 8, "机构": 5, "Gartner": 1, "再度": 1, "传递": 1, "份额": 3, "打击": 4, "全球": 14, "智能": 11, "手机": 8, "位置": 1, "华为": 229, "取代": 1, "显示": 4, "2019年": 5, "第一": 12, "季度": 2, "iPhone": 1, "降": 1, "11.9%": 1, "同比": 2, "2.2%": 1, "销量": 2, "2018年": 2, "5410万": 1, "台": 2, "下跌": 1, "4460万": 1, "销售": 5, "疲软": 1, "一季度": 1, "5840万": 1, "去年": 5, "同期": 1, "10.5%": 1, "上涨": 1, "15.7%": 1, "五大": 1, "供应商": 3, "增长率": 1, "欧洲": 4, "表现": 2, "出色": 1, "增长": 2, "69%": 1, "33%": 1, "美媒": 2, "Business": 1, "Wire": 1, "、": 97, "西欧": 1, "非洲": 1, "都": 39, "分析": 3, "迹象": 3, "全世界": 4, "消费者": 11, "放弃": 1, "青睐": 1, "商品": 6, "转向": 1, "品质": 1, "性能": 3, "超越": 1, "选择": 4, "仅仅": 2, "喜欢": 2, "一个": 24, "缩影": 1, "提及": 2, "试图": 3, "加速": 2, "发展": 7, "进程": 2, "制造": 4, "局限": 1, "领域": 5, "稍早前": 2, "场": 1, "听证会": 1, "记者": 20, "国家": 27, "生产": 3, "答": 3, "：": 39, "完整": 1, "生产链": 1, "进口": 1, "款": 3, "替代品": 1, "货": 1, "亚裔": 1, "郭": 1, "洪曾": 1, "孩子": 5, "书包": 1, "文具": 1, "图钉": 1, "胶水": 1, "贴纸": 1, "……": 9, "无一例外": 1, "也就是说": 2, "加价": 1, "依然": 2, "取决于": 2, "无可": 2, "替代性": 1, "市场占有率": 1, "数据": 2, "美国商": 1, "品渐": 1, "远": 2, "宝贵": 1, "稀土": 4, "资源": 3, "供给": 3, "金属": 1, "深深": 1, "嵌入": 1, "战略": 3, "工业": 1, "多方": 1, "替代": 1, "源源不断": 1, "产业": 10, "面临": 5, "停滞": 1, "风险": 3, "更为": 1, "伴随": 1, "打破": 1, "规律": 1, "越来越": 1, "世": 1, "鞋": 1, "制造商": 1, "耐克": 1, "阿迪达斯": 1, "170": 1, "呼吁": 2, "叫停": 1, "特朗普": 4, "写": 3, "公开信": 1, "灾难性": 1, "后果": 2, "不少": 6, "改变": 3, "投资": 6, "做生意": 3, "计划": 1, "资金": 2, "技术": 14, "东移": 1, "现象": 1, "或许": 2, "世界": 10, "沧海桑田": 1, "自食恶果": 1, "本文": 1, "反超": 1, "撤离": 2, "马萨诸塞": 1, "大学": 13, "经济学": 1, "荣誉": 1, "退休": 1, "教授": 4, "理查德": 1, ".": 1, "沃尔夫": 2, "低估": 1, "电信": 14, "影响力": 1, "正出": 1, "信号": 2, "稳定": 2, "合作": 19, "伙伴": 2, "打交道": 1, "CEO们": 2, "意识": 2, "互动": 2, "变得": 1, "处于": 2, "弱势": 1, "地位": 4, "导致": 5, "损害": 3, "进一步": 1, "这是": 14, "可怕": 1, "估计": 2, "经济体": 1, "未来": 8, "无数": 1, "方式": 4, "带来": 2, "损失": 1, "政府": 31, "打压": 6, "事件": 13, "牵动": 1, "接二连三": 1, "中断": 2, "孤立": 4, "(": 2, "29日": 5, ")": 2, "国内": 2, "媒体": 13, "报道": 14, "正式": 3, "提起": 11, "诉讼": 15, "驳回": 1, "美": 15, "官方": 5, "下达": 1, "禁令": 13, "发布": 8, "首席": 6, "法务官": 3, "宋柳平": 5, "相关": 13, "声明": 14, "周二": 3, "提出": 7, "简易": 4, "判决": 4, "动议": 4, "法院": 15, "法案": 13, "违宪": 9, "典型": 3, "剥夺": 6, "公权": 6, "违反": 8, "正当": 5, "程序": 6, "判定": 4, "有罪": 3, "施加": 3, "措施": 3, "目的": 4, "显而易见": 2, "赶出": 3, "立法": 5, "审判": 4, "暴政": 4, "宪法": 6, "禁止": 11, "希望": 9, "条款": 9, "案件": 2, "执行": 3, "关注": 5, "刊载": 1, "华尔街": 4, "日报": 4, "载体": 1, "16日": 2, "总统": 4, "签下": 1, "行政令": 1, "外国": 5, "对手": 7, "提供": 14, "设备": 26, "服务": 11, "同一天": 1, "商务部": 1, "列入": 2, "管制": 2, "实体名单": 2, "随后": 2, "芯片": 5, "停止": 3, "英国": 5, "ARM": 2, "谷歌": 4, "微软": 5, "相继": 2, "断供": 2, "央视": 7, "新闻": 6, "客户端": 2, "讯": 1, "消息": 13, "有限": 1, "27日": 3, "·": 2, "发表": 4, "A18": 1, "版": 1, "刊登": 1, "路透社": 10, "近期": 4, "联邦": 67, "快递": 69, "未": 7, "情况": 17, "包裹": 22, "转移": 8, "少量": 3, "货件": 9, "失误": 13, "转运": 17, "抱歉": 4, "外部": 7, "△": 1, "原文": 2, "截图": 2, "对此": 7, "涉及": 1, "法律": 15, "日前": 2, "采访": 11, "法学": 3, "专家": 3, "咨询": 1, "承担": 5, "责任": 6, "首都": 3, "贸易": 3, "法学院": 3, "副教授": 3, "尹少成": 3, "误发": 3, "举证": 3, "披露": 2, "信息": 8, "日本": 10, "越南": 4, "发出": 1, "4": 2, "快件": 2, "太": 8, "符合": 3, "常理": 1, "难度": 1, "成功": 2, "违约": 5, "人民": 5, "张新宝": 1, "遵守": 3, "国际": 16, "条约": 2, "营运": 1, "包括": 6, "邮政法": 3, "保障": 2, "寄件人": 4, "通信": 3, "自由": 1, "隐匿": 1, "私拆": 1, "超范围": 1, "转给": 1, "之间": 4, "合同": 7, "关系": 11, "确实": 4, "误投": 1, "道歉": 1, "赔偿": 1, "北京": 3, "律师": 1, "协会": 5, "网络": 11, "邮政": 9, "事务": 1, "专业": 2, "委员会": 1, "委员": 1, "武雪梅": 1, "维护": 1, "合法": 3, "权利": 2, "政法": 2, "霍政欣": 2, "途径": 2, "走": 9, "行政": 5, "主管": 5, "部门": 17, "投诉": 3, "寻求": 4, "依法": 1, "调查": 9, "作出": 2, "私法": 2, "救济": 2, "民事": 1, "签订": 1, "我国": 2, "监管": 4, "依据": 2, "实施": 7, "细则": 1, "条例": 3, "展开": 1, "一家": 8, "营业": 2, "活动": 2, "义务": 3, "配合": 1, "证据": 6, "做出": 5, "惩罚": 2, "罚款": 1, "责令": 1, "整改": 1, "吊销": 1, "许可证": 1, "未经": 2, "许可": 1, "故意": 1, "运送": 1, "国内法": 1, "万国": 2, "联盟": 3, "缔约国": 1, "十月": 1, "扬言": 1, "退出": 2, "万国邮联": 1, "协定": 1, "准则": 1, "国": 4, "约束力": 1, "退还": 3, "发": 3, "货方": 1, "送": 1, "目的地": 1, "发货方": 2, "找到": 1, "收件人": 1, "履行": 1, "合同法": 2, "国外": 3, "遵循": 1, "掉": 4, "条": 11, "线": 2, "32": 2, "家庭": 5, "断网": 2, "当下": 1, "运营商": 18, "忧心忡忡": 2, "告诉": 3, "新华社": 4, "近来": 2, "政客": 2, "贴上": 1, "标签": 1, "发言权": 1, "究竟": 3, "体验": 2, "1": 1, "好用": 1, "实惠": 2, "当地": 4, "——": 2, "LHTC": 7, "宽带": 3, "多年": 2, "挺": 2, "可靠": 2, "价格": 6, "很": 19, "华盛顿": 1, "北上": 1, "驱车": 2, "小时": 2, "来到": 1, "宾夕法尼亚州": 1, "西南部": 1, "斯塔尔斯敦镇": 1, "镇上": 1, "栋": 1, "面积": 1, "不大": 1, "平房": 1, "总部": 5, "周边": 2, "7000余": 1, "电话": 2, "电视": 4, "1600": 1, "对象": 1, "依赖": 3, "大肆": 1, "鼓噪": 1, "威胁": 3, "总裁": 3, "詹姆斯·凯尔": 2, "感到": 2, "困惑": 1, "5": 3, "从未": 2, "发现": 2, "接受": 6, "刘杰": 2, "摄凯尔": 1, "评估": 1, "优势": 1, "年后": 1, "足以": 1, "证明": 4, "凯尔": 3, "建议": 1, "地方": 7, "营业部": 2, "听听": 2, "基层": 1, "声音": 1, "赶到": 1, "南迦南镇": 1, "总监": 2, "博妮·邦德": 2, "女士": 2, "领": 1, "指": 2, "一排排": 1, "小镇": 1, "1000": 1, "有线": 1, "过程": 3, "故障": 1, "邦德": 2, "禁": 3, "客户": 4, "上网": 2, "线缆": 1, "展示": 2, "摄": 1, "大型": 2, "涉足": 2, "乡村": 12, "地区": 14, "地广人稀": 1, "乏利可图": 1, "各州": 1, "散布": 1, "小型": 4, "用户": 4, "规模": 1, "几千": 2, "几十万": 1, "经营": 4, "农场": 2, "危急": 1, "时刻": 1, "还要": 3, "拨打": 1, "急救": 1, "南达科他州": 1, "名": 1, "JVT": 2, "花钱": 2, "效果": 1, "差": 2, "发生": 10, "客服": 1, "汪": 1, "平摄": 1, "代表": 2, "利益": 4, "无线": 3, "55": 1, "会员": 1, "四分之一": 1, "覆盖": 1, "科罗拉多": 1, "犹他": 1, "堪萨斯": 1, "内布拉斯加": 1, "蒙大拿": 1, "怀": 1, "俄": 1, "爱": 2, "达荷": 1, "南达科": 1, "州": 1, "安全官": 1, "安迪·珀迪": 1, "位于": 4, "居民": 1, "学校": 3, "至关重要": 1, "3华": 1, "迫使": 3, "破产": 3, "估算": 1, "更换": 2, "开销": 1, "高达": 1, "8亿": 1, "10亿": 1, "切断": 1, "供应链": 6, "这家": 5, "设备费": 1, "时费": 1, "钱": 10, "投入": 2, "50万": 1, "全体": 1, "员工": 10, "搭上": 1, "时间": 8, "换掉": 1, "耗资": 1, "1000万": 1, "期间": 1, "无暇": 1, "挑起": 1, "经贸": 1, "摩擦": 1, "农民": 1, "感受": 1, "寒意": 1, "畅": 1, "可谓": 1, "雪上加霜": 2, "眼下": 2, "形势": 2, "担心": 9, "所在": 2, "愧对": 1, "始终": 1, "信赖": 1, "蒙大拿州": 1, "尼蒙特": 1, "麦克·基尔戈": 1, "夜不能寐": 1, "新华": 1, "头条": 1, "颜亮": 1, "邓": 1, "仙来": 1, "重磅": 1, "绞杀": 1, "公开": 5, "举报": 1, "Fed": 10, "Ex": 10, "竟": 1, "寄": 4, "亚洲": 2, "办公室": 3, "四": 5, "私自": 2, "惊呆": 1, "网友": 5, "震惊": 1, "…": 1, "境外": 6, "社交": 6, "平台": 8, "推特": 1, "网民": 10, "留言": 3, "讽刺": 2, "这下": 1, "到底": 5, "窃听": 1, "别人": 5, "国安局": 2, "监控": 5, "无所不在": 1, "件": 7, "财产": 1, "斥责": 3, "简直": 1, "明抢": 1, "吃": 3, "难看": 1, "不要脸": 1, "知名": 1, "脸书": 2, "恶心": 1, "马来西亚": 2, "转载": 1, "评论": 9, "一边倒": 1, "才": 10, "窃贼": 1, "间谍": 1, "有人": 5, "做法": 3, "职业": 1, "操守": 1, "写到": 2, "给出": 2, "解释": 6, "网站": 2, "Engadget": 1, "此事": 3, "这位": 3, "截至": 2, "手脚": 1, "迄今为止": 1, "拿出": 1, "账号": 2, "点赞": 3, "最多": 2, "嘲讽": 1, "嚷嚷": 1, "半天": 1, "关联": 2, "反而": 2, "曝光": 2, "名叫": 1, "James": 1, "挖苦特朗普": 1, "不遗余力": 1, "砸掉": 1, "牌子": 1, "搞": 2, "热爱": 2, "人士": 2, "窃取": 2, "理所应当": 1, "女子": 1, "宣称": 2, "倒是": 1, "真的": 4, "无辜": 1, "何必": 1, "大呼小叫": 1, "很快": 3, "质疑": 2, "懂": 1, "隐私": 1, "回到": 2, "学者": 1, "匪夷所思": 1, "复旦": 1, "政治系": 1, "沈逸": 1, "环球": 1, "时报": 1, "杨": 1, "举动": 2, "不得不": 4, "怀疑": 3, "接到": 1, "情报": 1, "指令": 1, "劫持": 3, "物流": 3, "超过": 3, "界限": 2, "规范": 1, "予以": 2, "暂停": 3, "快递业": 1, "副秘书长": 1, "邵钟林": 1, "算是": 1, "否认": 3, "截获": 1, "说法": 2, "声称": 1, "传闻": 1, "事实": 2, "不符": 2, "寄错": 2, "详细": 1, "负责": 1, "环节": 1, "寄往": 3, "难": 3, "平息": 1, "外界": 1, "猜测": 1, "值得一提的是": 2, "棱镜": 2, "项目": 3, "报料人": 1, "斯诺登": 1, "拥有": 1, "拦截": 1, "能力": 5, "下图": 1, "当年": 2, "渗透": 1, "这两年": 3, "亲近": 1, "情报口": 1, "西方": 6, "屎": 1, "盆子": 1, "扣": 2, "头": 1, "▲图": 1, "彭博": 2, "商业": 4, "周刊": 2, "炒作": 1, "篇": 3, "黑客": 1, "至今": 1, "文": 1, "/": 1, "叶檀": 1, "财经": 1, "女侠": 1, "|": 1, "毒舌": 1, "善心": 1, "推文": 1, "注意力": 1, "看完": 2, "文章": 2, "任正非": 35, "面对面": 1, "倾听": 1, "心声": 5, "；": 10, "檀香们": 1, "多多": 2, "转发": 1, "23日": 3, "三": 2, "资深": 1, "总编": 2, "见面": 1, "约好": 1, "会面": 2, "未曾": 1, "想": 9, "系列": 2, "座谈": 1, "如期": 1, "十几": 2, "檀香": 2, "参访": 1, "深圳": 2, "调研": 1, "实验室": 4, "展厅": 1, "东莞": 2, "南方": 1, "基地": 2, "溪流": 1, "背坡村": 1, "园区": 4, "润物细无声": 1, "教育": 18, "自豪": 1, "初衷": 1, "华为人": 1, "呼吸": 1, "空气": 1, "！": 5, "惊涛骇浪": 1, "之下": 1, "生存": 3, "状态": 2, "管理": 6, "先进": 13, "色彩": 1, "高科技": 2, "应对": 5, "历史": 1, "书写": 1, "无动于衷": 1, "创新": 3, "力量": 4, "何其": 1, "幸哉": 1, "全国": 1, "盟友": 1, "遏制": 1, "风暴": 1, "眼中": 1, "何为": 1, "22日": 1, "晚": 2, "到达": 1, "参观": 7, "工厂": 1, "入住": 1, "当晚": 1, "安静": 1, "绿树成荫": 1, "感觉": 4, "压力": 8, "穿梭": 1, "中巴": 1, "静水": 1, "深流": 1, "网上": 1, "停供": 2, "排山倒海": 1, "传言": 1, "求证": 1, "朋友": 1, "绝大多数": 1, "事后": 2, "印证": 1, "程度": 1, "扛住": 1, "一点": 3, "做好": 4, "意料": 1, "之中": 2, "测试": 1, "国民": 2, "地球": 1, "火星": 1, "现实": 2, "很多": 11, "心怀": 1, "不满": 1, "深怀": 1, "恐惧": 1, "建立": 5, "深厚": 1, "信任": 2, "一个个": 1, "一桩桩": 1, "生意": 1, "就此": 3, "纵横": 1, "交错": 1, "血肉": 1, "交融": 1, "原因": 2, "增加": 2, "互信": 1, "独立": 1, "不行": 2, "宾馆": 1, "提醒": 1, "明天": 1, "刻意": 1, "资料": 1, "产业链": 7, "股市": 1, "全都": 1, "二来": 1, "内容": 4, "足够": 1, "前一天": 1, "讲": 8, "这次": 6, "聊聊天": 1, "视觉": 6, "放松": 1, "预期": 1, "透明": 1, "自信": 1, "清醒": 2, "偶尔": 1, "控制": 2, "不住": 1, "感情": 3, "谈话": 3, "语言": 1, "明晰": 1, "头脑": 1, "表述": 1, "清晰": 1, "基本上": 1, "速度": 1, "快": 2, "纪录": 1, "实录": 1, "文字": 1, "逻辑": 1, "调整": 1, "秩序": 1, "删除": 1, "股权": 5, "架构": 2, "原貌": 1, "尊重": 2, "提问": 1, "回答": 6, "学习": 13, "各国": 1, "经验": 5, "总体": 1, "差距": 6, "个例": 1, "奇葩": 1, "成长": 1, "社会": 8, "隔离": 1, "影响": 13, "干": 1, "风": 2, "吹倒": 1, "强壮": 1, "生态": 1, "环境": 4, "吹": 1, "相互": 1, "挡": 2, "永远": 1, "对抗": 3, "走向": 4, "全球化": 1, "共赢": 2, "时代": 1, "也许": 1, "封闭": 3, "孤立体": 1, "落后": 6, "仇恨": 2, "伯尔顿": 1, "蓬佩奥": 1, "鞭子": 1, "抽": 4, "懒惰": 4, "激活": 1, "组织": 5, "起到": 1, "很大": 1, "作用": 2, "动员": 2, "卡": 1, "过分": 1, "富强": 1, "就要": 1, "学": 4, "繁荣富强": 1, "混杂": 1, "陷阱": 2, "本书": 2, "孟晚舟": 5, "皮耶鲁齐": 1, "阿尔斯通": 3, "法国": 1, "意志": 3, "摧毁": 1, "起飞": 2, "阿根廷": 3, "会议": 3, "本来": 1, "主持": 3, "改革": 6, "成果": 1, "内部": 6, "上层": 1, "下层": 1, "混乱": 2, "太太": 2, "海关": 2, "飞机": 5, "睡觉": 1, "文件": 4, "运转": 2, "半年": 3, "改": 3, "迎接": 1, "家里": 2, "态度": 3, "变化": 3, "狭隘": 2, "孤立主义": 1, "人才": 6, "机制": 3, "制度": 1, "不必": 1, "自主": 1, "道路": 2, "拥塞": 2, "香港": 6, "人口": 1, "管理学": 1, "轨道": 1, "交通": 1, "到此": 6, "结束": 9, "那天": 2, "认知": 1, "极为": 1, "设想": 1, "这不": 1, "几十年如一日": 1, "努力": 3, "开放": 6, "经历": 1, "悲观": 3, "坐": 3, "横": 1, "坐标": 2, "原点": 2, "德国": 1, "两百": 1, "横向": 2, "满意": 1, "三十": 4, "年前": 6, "相比": 1, "四十": 1, "梦想": 1, "馒头": 1, "吃饱": 1, "顿": 1, "饭": 1, "肉": 1, "价值观": 1, "邓小平": 1, "分配": 2, "13亿": 1, "原子弹": 1, "步子": 2, "胆子": 1, "回收": 1, "放": 1, "市场经济": 2, "中控": 1, "系统": 2, "理想化": 1, "低税": 1, "强大": 1, "竞争力": 3, "特朗": 1, "普犯": 1, "错误": 2, "纠偏": 1, "搞好": 2, "到处": 2, "信心": 1, "低": 4, "税制": 1, "跑": 5, "恐怖": 1, "友好": 1, "条件": 1, "吸走": 1, "人工": 3, "工会": 1, "罢工": 1, "工资": 6, "福利": 3, "解决": 4, "成本": 4, "搬": 2, "泰国": 1, "分化": 1, "走掉": 1, "挑战": 1, "第三": 2, "团结": 1, "买": 7, "东西": 5, "才能": 3, "改善": 2, "尽到": 1, "领导": 4, "枪": 2, "炮": 2, "东芝": 2, "切身": 1, "体会": 2, "第四": 2, "韩国": 1, "正确": 4, "政策": 2, "消灭": 2, "民粹主义": 1, "爱国": 1, "思想": 2, "就业": 1, "高高兴兴": 1, "矛盾": 1, "数十": 1, "发泄": 1, "有害": 1, "最终": 2, "脱贫": 1, "解困": 1, "缩小": 1, "关上": 1, "大门": 1, "大方向": 1, "恨": 4, "竞争": 11, "敬意": 1, "善意": 1, "对待": 1, "挺身而出": 1, "说话": 1, "生态链": 2, "并购": 1, "上下游": 3, "支援": 1, "真诚": 1, "无私": 1, "外面": 1, "傻事": 2, "站": 3, "好处": 1, "理论": 3, "基础": 10, "工程": 1, "同类": 1, "器件": 1, "厂家": 2, "视为": 1, "回去": 2, "卖给": 1, "备份": 1, "公共": 1, "讲话": 1, "提到": 1, "犯": 1, "财务": 1, "偏": 1, "搞死": 1, "错": 1, "终端": 5, "卖": 3, "低价": 1, "表扬": 1, "伞": 2, "高价": 3, "活": 2, "屁股": 1, "往下": 1, "死光": 2, "产业群": 1, "加大": 2, "喇叭口": 1, "支持": 5, "云不是": 1, "BG": 1, "管道": 1, "水龙头": 1, "以此": 1, "中心": 1, "黑土地": 3, "铁路": 1, "公路": 1, "水泥": 1, "城市": 2, "建设": 3, "设施": 1, "硬": 2, "土地": 3, "长": 3, "庄稼": 2, "戈壁滩": 1, "文化": 2, "哲学": 2, "薄": 2, "厚": 1, "高级": 1, "知识分子": 1, "所得税": 1, "科学家": 3, "回国": 1, "小孩": 2, "上学": 1, "所得税率": 1, "三百万": 1, "犹太人": 1, "以色列": 1, "排外": 1, "正是": 1, "拥抱": 4, "吸引": 1, "高端": 2, "修改": 2, "老师": 6, "学生": 2, "重要性": 1, "感激": 1, "善念": 1, "再次": 2, "感谢": 1, "大风吹独木": 1, "一部分": 5, "对话": 2, "讲到": 1, "感": 1, "兴趣": 1, "制裁": 3, "区别": 1, "繁荣": 1, "设计": 2, "极端": 2, "状况": 1, "乐观": 1, "董": 1, "倩问": 1, "架": 3, "伤痕累累": 1, "打中": 3, "油箱": 2, "发动机": 2, "飞": 1, "二战": 1, "筛子": 1, "浑身": 1, "弹孔": 1, "累累": 2, "伊尔2": 1, "飞行": 1, "终于": 1, "返回": 1, "照片": 1, "段": 4, "精神": 1, "象征": 1, "预先": 1, "边缘性": 2, "关掉": 2, "军": 1, "山顶": 1, "遭遇": 2, "拼杀": 2, "相遇": 3, "人类": 2, "胜利": 1, "大会师": 1, "拼": 1, "刺刀": 1, "高层": 2, "遭遇战": 2, "十五年": 1, "预想": 1, "肯定": 2, "持久战": 1, "短期": 1, "持续": 2, "预测": 2, "持久": 1, "抗战": 1, "剩下": 1, "9000": 1, "东山再起": 1, "编撰": 1, "此文": 1, "捏紧": 1, "拳头": 1, "日餐": 1, "封锁": 3, "主导": 1, "通讯": 2, "紧锣密鼓": 1, "事态": 1, "定数": 1, "反思": 1, "复盘": 1, "止境": 1, "为止": 1, "量化": 1, "阶段": 1, "行列": 2, "利好": 1, "五": 2, "担忧": 2, "答案": 1, "超出": 1, "预料": 2, "伤痕": 1, "内心": 1, "坚韧": 1, "痛苦": 1, "上市": 1, "心态": 1, "全力": 1, "关键": 1, "弹性": 1, "收缩": 1, "砍": 2, "裁员": 1, "自愿": 1, "原则": 1, "安排": 2, "主战场": 1, "建功立业": 1, "裁减": 2, "业软": 2, "一两万": 1, "上海": 2, "缩减": 1, "批评": 1, "成绩": 1, "不对": 1, "裁": 2, "人力": 1, "涨点": 1, "等到": 1, "涨": 3, "奔到": 1, "裁掉": 2, "老手": 1, "明白": 3, "换到": 1, "表彰": 1, "大会": 1, "一万": 1, "走红": 1, "地毯": 2, "红": 1, "戴": 1, "军功章": 1, "恐慌": 2, "理解": 1, "奔赴": 1, "战场": 3, "加快": 1, "新陈代谢": 1, "步伐": 1, "不用": 1, "医生": 1, "感冒": 1, "批准": 1, "病退": 1, "队伍": 2, "涣散": 1, "队形": 2, "第五": 1, "怠惰": 1, "垮": 1, "机会": 2, "省略": 1, "有钱": 1, "难免": 1, "懈怠": 1, "股权室": 1, "见到": 1, "董事会": 1, "秘书江": 1, "西生": 1, "探讨": 1, "股东": 1, "选举": 1, "连续": 2, "20几": 1, "关心": 4, "居然": 1, "零": 1, "六": 3, "基础教育": 2, "命运": 1, "篇幅": 1, "中小学": 2, "教师": 8, "待遇": 3, "农村": 5, "痛心疾首": 1, "舍不得": 1, "发给": 1, "制定": 2, "军官": 2, "艰苦": 1, "发达": 1, "贵州": 2, "烈士": 2, "子弟": 1, "人为": 1, "献身": 1, "苏联": 1, "少年": 1, "军校": 2, "供给制": 1, "军事": 2, "养": 1, "小学": 3, "中学": 5, "高中": 1, "考试": 1, "分流": 1, "院校": 1, "成人": 1, "推崇": 1, "衡水": 4, "教学": 2, "上课": 1, "跑步": 1, "中学生": 1, "博士": 1, "硕士": 1, "高等教育": 1, "名校": 2, "前线": 4, "几年": 1, "回来": 3, "读书": 2, "中央": 1, "党校": 1, "实践": 1, "认可": 1, "模式": 1, "至少": 2, "孩子们": 1, "提升": 1, "素质": 2, "要素": 1, "值钱": 2, "物质": 1, "科研": 3, "经费": 1, "大部分": 1, "用来": 2, "分给": 2, "投给": 1, "投到": 1, "房子": 2, "茅草房": 1, "提高": 1, "抗大": 1, "板凳": 1, "黄埔": 1, "绑腿": 1, "二三十年": 1, "升级": 4, "发达国家": 1, "倒退": 1, "发展中国家": 1, "税收": 1, "增值": 1, "退路": 1, "抓住": 1, "何苦": 1, "政治": 2, "瞧不起": 1, "一代不如一代": 1, "一代": 2, "微薄": 1, "党": 1, "上甘岭": 1, "带": 1, "课本": 1, "冲锋": 1, "吸纳": 1, "新西伯利亚": 1, "七": 2, "编程": 1, "冠军": 1, "将来": 1, "倍": 1, "挖": 1, "俄罗斯": 1, "研究所": 1, "工作": 5, "空": 3, "安卓": 1, "Windows": 1, "创造": 2, "数学": 2, "物理": 1, "化学": 1, "神经学": 1, "脑科学": 1, "大方": 1, "干什么": 2, "挣": 1, "变懒": 1, "送给": 1, "第六": 1, "重视": 1, "说到": 1, "支持者": 1, "英语": 2, "工具": 2, "反对": 1, "拼命": 1, "背诵": 1, "绊脚石": 1, "些许": 1, "花絮": 1, "稍": 1, "八卦": 1, "琐事": 1, "向往": 1, "重来": 2, "真心": 1, "办华": 1, "儿女": 3, "出差": 1, "有次": 1, "女儿": 1, "儿子": 1, "谈心": 1, "爸爸": 2, "从小": 1, "照顾": 2, "对不起": 1, "奋斗": 1, "谅解": 1, "跟着": 2, "老婆": 1, "种地": 2, "长工": 1, "周末": 1, "玩": 1, "创办": 1, "消耗": 1, "生命": 2, "孝敬": 1, "父母": 1, "没钱": 1, "父亲": 1, "去世": 2, "街上": 1, "杯": 1, "过期": 1, "饮料": 1, "喝": 1, "拉肚子": 1, "母亲": 1, "菜市场": 1, "路上": 1, "汽车": 1, "撞死": 1, "子": 1, "欲": 1, "孝": 1, "亲": 1, "难受": 1, "小时候": 1, "捉猫猫": 1, "欠缺": 1, "走上": 1, "不归之路": 1, "想到": 2, "路": 1, "崎岖": 1, "平时": 1, "判断": 2, "方法论": 2, "杂家": 1, "五十": 1, "年轻": 2, "一本本": 2, "书": 2, "碎片化": 1, "消化": 1, "整理": 1, "组合": 1, "思维": 1, "长远": 1, "洞察": 1, "早上": 1, "8点": 1, "9点": 1, "开会": 1, "午觉": 1, "座谈会": 1, "想法": 1, "真话": 3, "潘少钦": 1, "宗": 1, "罪": 1, "收到": 1, "读完": 1, "社区": 4, "跟帖": 1, "正文": 1, "批判": 1, "从中": 1, "思想家": 1, "接触": 2, "真实": 1, "不怎么": 1, "战略性": 1, "记得": 1, "小日子": 1, "乐趣": 1, "来自于": 1, "家里人": 1, "尾声": 1, "感动": 1, "穿过": 1, "幢楼": 1, "楼": 1, "布满": 1, "绿荫": 1, "走廊": 1, "摸": 2, "边角": 1, "灰": 2, "听到": 1, "抱怨": 1, "陈列厅": 1, "交换": 1, "财务室": 1, "井然有序": 1, "公众": 3, "逼成": 1, "络绎不绝": 1, "手头": 1, "理想": 1, "高效": 1, "激励": 1, "互怼": 1, "吐槽": 1, "渠道": 1, "情绪": 2, "宣泄": 1, "紧张": 1, "内在": 1, "送儿": 1, "招": 1, "营收": 1, "机场": 1, "开车": 1, "师傅": 2, "聊天": 1, "1997年": 1, "佩服": 1, "老板": 3, "二十年": 1, "愿景": 1, "股份": 1, "一点点": 1, "房": 1, "幸亏": 1, "团队": 4, "欧洲小镇": 1, "施工": 1, "尊严": 1, "小伙子": 1, "95后": 1, "澳洲": 1, "人生": 1, "有感而问": 1, "忘记": 1, "热情": 1, "爱去": 1, "奉献": 1, "离开": 1, "黑天鹅": 2, "恰好": 1, "湖边": 1, "拍": 1, "集体照": 1, "扭动": 1, "脖子": 1, "身子": 1, "一动不动": 1, "泼水": 1, "靠近": 1, "天鹅": 3, "脚": 1, "伤": 1, "记挂": 1, "没事": 1, "无意": 1, "英雄": 1, "瞭望者": 1, "先声": 1, "备受": 1, "前瞻者": 1, "眼光": 1, "敬佩": 1, "泰山": 1, "期待": 2, "坚强": 1, "描述": 1, "景象": 1, "巅峰": 1, "天下": 1, "大勇者": 1, "卒然": 1, "临之而不惊": 1, "无故": 2, "怒": 1, "挟持者": 1, "志": 1, "诚哉斯言": 1, "面对": 2, "拿起": 1, "武器": 1, "国防": 5, "授权": 4, "出于": 1, "5G": 7, "忌惮": 1, "封禁": 1, "扣押": 2, "高管": 1, "发起": 2, "反击": 3, "基于": 2, "宪政": 2, "体制": 2, "话语": 2, "体系": 3, "上诉": 2, "迈出": 2, "意义": 2, "份": 1, "National": 1, "Defense": 1, "Authorization": 1, "Act": 1, "宋": 1, "柳平": 1, "反驳": 1, "指控": 3, "辩护": 1, "公正": 1, "裁决": 1, "确保": 1, "公平": 2, "寻找": 1, "真相": 1, "简单": 1, "机关": 1, "无助": 1, "零部件": 1, "软件": 2, "针对": 7, "阻止": 1, "合资企业": 1, "承受": 1, "在于": 1, "法治": 1, "采购": 1, "签署": 1, "实体": 2, "资助": 2, "贷款": 1, "商报": 2, "公关部": 1, "负责人": 1, "发稿": 1, "延续": 2, "实际上": 1, "3月": 3, "7日": 1, "2019": 2, "财年": 2, "授权法": 2, "第889": 2, "合宪性": 2, "请求": 2, "判令": 2, "永久": 2, "轮值": 1, "董事长": 1, "郭平": 1, "国会": 1, "回应": 2, "违背": 1, "妨碍": 2, "参与": 1, "有益": 1, "指出": 2, "商用": 1, "节奏": 1, "偏远": 1, "质量": 1, "负担": 1, "困难": 1, "数字": 1, "鸿沟": 1, "加剧": 1, "起诉书": 1, "缺乏": 1, "买单": 1, "行业": 2, "基建": 1, "费用": 1, "减少": 1, "15%": 1, "40%": 1, "年间": 1, "北美": 1, "节省": 1, "200亿": 1, "开支": 1, "此后": 1, "证实": 1, "起诉": 1, "案": 1, "部长": 1, "传票": 1, "合乎": 2, "情理": 2, "幌子": 1, "12月": 1, "1日": 1, "伊朗": 1, "加拿大": 4, "扣留": 2, "转机": 1, "CFO": 1, "美方": 2, "暂时": 1, "纽约": 1, "东区": 1, "指明": 1, "引渡": 1, "70": 1, "附属": 1, "出口": 1, "20日": 2, "确认": 2, "往来": 1, "松动": 1, "21日": 3, "早间": 1, "美国商务部": 1, "延迟": 2, "90": 1, "8月": 2, "中旬": 1, "生效": 1, "理由": 1, "连番": 1, "从容": 1, "创始人": 1, "两三": 1, "追": 1, "步步": 1, "紧逼": 1, "此前": 1, "4日": 1, "财务官": 1, "律师团": 1, "边境": 1, "服务局": 1, "皇家": 1, "骑警": 1, "警察": 1, "告知": 1, "逮捕": 1, "搜查": 1, "审讯": 1, "侵犯": 1, "观察家": 1, "洪仕斌": 1, "司法": 1, "不输于理": 1, "如今": 1, "熟悉": 1, "维权": 1, "必经之路": 1, "业内": 1, "案例": 1, "本身": 1, "摸索": 1, "石": 1, "飞月": 1, "官网": 2, "力度": 1, "增强": 1, "纷纷": 1, "围剿": 1, "SD": 2, "WIFI": 1, "蓝牙": 1, "取消": 1, "陷入": 1, "有史以来": 1, "困境": 1, "驻华": 1, "订单": 1, "无疑": 1, "外媒": 1, "充满": 1, "据悉": 1, "在内": 1, "颇有微词": 1, "划清": 1, "空穴来风": 1, "400多": 1, "标准": 2, "来讲": 1, "绝大部分": 1, "依旧": 1, "早已": 1, "海外": 1, "2012年": 1, "规划": 1, "研发": 1, "专属": 1, "操作": 2, "OS": 1, "24日": 1, "申请": 1, "注册": 1, "鸿蒙": 1, "商标": 1, "外企": 1, "手段": 1, "派": 1, "用场": 1, "MM": 1, "存储卡": 2, "现有": 1, "美企": 1, "之际": 1, "东南亚": 1, "同意": 1, "英": 1, "大国": 1, "单独": 1, "初期": 1, "引领": 1, "一直以来": 1, "底气": 1, "昨日": 1, "审查": 1, "包含": 1, "19日": 1, "东京": 1, "田纳西州": 1, "孟菲斯市": 1, "17日": 1, "河内": 1, "收货": 2, "新加坡": 2, "抵达": 1, "转运站": 1, "运货": 1, "异常": 2, "介绍": 1, "运输": 1, "清关": 1, "国定": 1, "假日": 1, "无人": 1, "发言人": 2, "乔·凯利": 1, "审视": 1, "查证": 1, "18点42分": 1, "发帖": 1, "流传": 1, "没收": 1, "检查": 1, "改口": 1, "承认": 2, "表态": 1, "度": 1, "转弯": 1, "背后": 1, "蹊跷": 1, "途中": 1, "公关": 1, "人员": 1, "对方": 1, "为准": 1, "00:21": 1, "外交部": 2, "精准": 3, "请": 1, "陆慷": 1, "例行": 1, "记者会": 2, "办事处": 1, "引发": 1, "热议": 1, "指使": 1, "中方": 1, "陆": 1, "慷答": 1, "情理之中": 1, "货物": 1, "转运错": 1, "一而再": 1, "再而三": 1, "身上": 1, "信誉": 2, "实在": 1, "难以": 1, "服众": 1, "帖": 1, "愤慨": 1, "扫地": 1, "本期": 1, "编辑": 1, "崔鹏": 1, "蒋川": 1}