{"近日": 3, "网友": 5, "闷出": 1, "一个": 6, "重磅": 1, "炸弹": 1, "：": 29, "华为": 232, "对外": 1, "出售": 3, "5G": 46, "芯片": 19, "苹果": 68, "随后": 2, "官方": 3, "辟谣": 2, "称": 3, "不予": 1, "置评": 1, "事出": 1, "无常": 1, "妖": 1, "消息": 2, "空穴来风": 1, "手机": 77, "终端": 7, "产品": 27, "竞争": 6, "关系": 2, "二者": 1, "交际": 1, "采用": 29, "基带": 20, "设想": 1, "很": 14, "少有": 1, "想": 2, "真的": 3, "困境": 2, "技术": 23, "近年来": 2, "热点": 1, "话题": 1, "互联网": 3, "巨头": 6, "都": 28, "布局": 7, "产业": 2, "迟迟": 1, "下文": 1, "市面": 2, "能力": 4, "提供": 8, "企业": 3, "三星": 33, "、": 63, "高通": 12, "联华科": 1, "早期": 1, "战略": 2, "合作": 14, "伙伴": 2, "专利": 1, "收费": 1, "方式": 5, "摩擦": 1, "倒戈": 1, "相向": 1, "陷入": 2, "无休止": 1, "诉讼": 2, "支持": 28, "可能性": 5, "低": 2, "总裁": 1, "电话": 1, "回应": 2, "这次": 7, "认输": 1, "交易": 1, "占": 3, "便宜": 2, "发难": 1, "找到": 1, "inter": 5, "2018年": 5, "系列": 48, "太": 8, "特定": 1, "开发": 1, "发布": 14, "iphoneXs": 2, "均": 1, "程度": 2, "发热": 1, "信号": 3, "差": 2, "形象": 1, "受损": 1, "研发": 17, "速度": 5, "远远": 1, "低于": 2, "预期": 1, "inter5G": 1, "预计": 2, "2021年": 1, "才能": 1, "面世": 1, "时代": 6, "瞬息万变": 1, "落后": 2, "远": 1, "汤": 1, "喝": 1, "找": 1, "产能": 1, "为由": 1, "拒绝": 2, "剩联": 1, "发科": 1, "联发科": 2, "全球": 9, "知名": 1, "供应商": 4, "供应": 1, "低端": 1, "品牌": 11, "消费者": 12, "肯定": 3, "买账": 1, "排除": 2, "掉": 1, "剩华": 1, "相比": 9, "可谓": 2, "高歌猛进": 1, "标准": 1, "+": 40, "基站": 1, "一家": 1, "推出": 11, "商用": 4, "巴龙": 3, "5000": 3, "首款": 4, "多模5G": 1, "7nm": 3, "工艺": 7, "遥遥": 1, "领先": 5, "SA": 1, "独立": 3, "NSA": 1, "组网": 1, "兼容": 1, "4G": 2, "3G": 1, "2G": 1, "网络": 2, "MWC": 2, "折叠屏": 2, "Mate": 9, "X": 4, "登场": 1, "秀": 1, "肌肉": 1, "款": 21, "智能": 30, "工作": 1, "未来": 9, "铺平": 1, "道路": 1, "暂时": 1, "不对": 1, "销售": 6, "态度": 3, "好像": 1, "软化": 1, "寻味": 1, "这时候": 1, "有人": 2, "卖给": 1, "歧视": 1, "友商": 4, "早就": 2, "体量": 1, "足以": 2, "心动": 1, "行业": 7, "难以": 5, "撼动": 1, "霸主": 1, "拿走": 1, "超": 7, "半数": 1, "利润": 4, "好处": 1, "1": 1, "影响力": 3, "内": 2, "知名度": 1, "任正非": 2, "公开": 3, "之间": 2, "差距": 2, "生产": 3, "背书": 1, "提升": 19, "竞争力": 1, "作用": 1, "美国": 14, "制裁": 1, "封锁": 1, "展开": 1, "反击": 1, "进军": 3, "美洲": 1, "市场": 32, "欧洲": 5, "助力": 1, "对手": 2, "最低价": 1, "6499": 1, "元": 32, "上万": 1, "反观": 1, "主打": 6, "Pro": 35, "售价": 23, "六千": 1, "价格": 16, "差异": 2, "大于": 1, "不无": 1, "联手": 2, "中高端": 1, "机型": 3, "国内": 14, "面对": 2, "诸多": 1, "唯一": 2, "层面": 1, "优势": 11, "得不偿失": 1, "3": 6, "带来": 11, "收益": 1, "出货量": 1, "2万亿": 1, "台": 4, "排名": 1, "第二": 2, "仅次于": 1, "高端": 6, "营收": 4, "高速": 1, "增长": 8, "阶段": 2, "数量": 3, "超越": 3, "件": 2, "互利": 2, "共赢": 2, "事情": 2, "弥补": 1, "空窗期": 1, "借助": 1, "巨额": 1, "发展": 7, "现实": 1, "理想": 1, "隔": 1, "沟壑": 1, "不少": 2, "阻力": 3, "遭遇": 3, "前所未有": 1, "政府": 4, "严防": 1, "死守": 1, "干预": 1, "运营商": 4, "被迫": 2, "终止": 1, "国防": 1, "授权法": 1, "禁止": 1, "通信": 1, "流通": 1, "3月": 2, "强势": 2, "正式": 4, "起诉": 1, "宣战": 1, "科技": 6, "强大": 3, "本身": 1, "登陆": 3, "选择": 5, "地区": 2, "配合": 2, "此前": 3, "确实": 3, "操作": 1, "2017年": 1, "iphone": 1, "英特尔": 1, "混用": 1, "就算": 1, "只能": 2, "拿下": 2, "局部": 1, "可观": 1, "破": 1, "千亿": 1, "美元": 9, "业务": 9, "大涨": 1, "45%": 2, "500亿": 1, "超过": 5, "内部": 2, "讲话": 1, "部门": 3, "自主": 2, "改革": 1, "权利": 1, "达成": 1, "关键": 1, "因素": 1, "高管": 1, "此事": 1, "单相思": 1, "打算": 1, "兴起": 1, "成功": 4, "引领": 1, "风向标": 1, "到来": 1, "后来者": 1, "一步步": 2, "追": 1, "屏幕": 31, "设计": 12, "软件": 4, "缩小": 2, "短板": 1, "进度": 1, "处于": 2, "刚刚": 1, "起步": 1, "独立自主": 1, "长": 1, "段": 2, "路": 4, "走": 3, "短期": 1, "长期": 1, "滋敌": 1, "助长": 1, "危机": 1, "最终": 3, "握手": 1, "接下来": 1, "时间": 4, "答案": 3, "作者": 1, "小小": 1, "国人": 4, "骄傲": 2, "通讯": 1, "世界": 4, "领域": 3, "风": 1, "水": 2, "厚积薄发": 1, "默默": 1, "耕耘": 1, "旗舰机": 3, "领军者": 2, "前端": 1, "P30": 85, "打响": 1, "海外": 2, "漂亮": 1, "一战": 1, "一经": 1, "抢购": 1, "狂潮": 1, "火爆": 1, "一共": 1, "三": 17, "旗舰": 10, "P系列": 2, "Nova": 1, "数码": 8, "奇葩": 1, "小子": 1, "推荐": 2, "优秀": 5, "作品": 1, "希望": 1, "购机": 1, "参考": 1, "！": 9, "1.": 1, "Mate20": 4, "针对": 1, "追求": 3, "大气": 1, "商务": 3, "人士": 4, "整体": 2, "质感": 1, "硬件": 4, "外观": 11, "少见": 1, "蚀刻": 1, "玻璃": 1, "材质": 1, "后壳": 1, "拥有": 16, "一块": 4, "6.53": 1, "英寸": 7, "LCD": 1, "水滴": 3, "屏": 4, "得益": 1, "COF": 1, "封装": 1, "边框": 2, "进一步": 4, "窄": 2, "视觉": 3, "效果": 3, "佳": 3, "舒适": 1, "握持感": 1, "日常": 3, "场景": 2, "性能": 21, "搭载": 12, "麒麟980": 7, "处理器": 12, "加上": 1, "Turbo2.0": 1, "APP": 1, "轻松": 2, "应对": 1, "大型": 1, "游戏": 5, "流畅性": 1, "稳定性": 2, "保障": 1, "拍照": 33, "配备": 1, "1600万": 7, "1200万": 3, "800万": 8, "像素": 14, "徕卡": 5, "认证": 2, "摄": 13, "双核": 1, "NPU": 1, "超级": 4, "夜景": 2, "加持": 3, "成片": 1, "成像": 2, "摄影": 6, "发烧友": 1, "无可挑剔": 1, "；": 16, "地方": 1, "无线": 6, "充电": 8, "4000": 2, "毫安": 1, "电池": 14, "22.5W快充": 1, "晋": 1, "升续": 1, "航旗": 1, "舰机": 1, "行列": 2, ".": 3, "Pro华为P": 1, "年轻": 2, "时尚": 3, "群体": 1, "打造": 8, "娱乐": 1, "功能": 12, "当今": 1, "热门": 1, "曲面屏": 1, "6.47": 2, "分辨率": 3, "高达": 5, "2340*1080": 1, "上一代": 1, "下巴": 1, "亮屏": 1, "瞬间": 1, "冲击力": 2, "挺": 1, "震撼": 1, "自拍": 5, "镜头": 36, "享受": 2, "3200万": 2, "顶级": 2, "AI美颜": 1, "相机": 5, "算法": 4, "出色": 2, "后置": 11, "4000万": 9, "素超": 8, "感光": 6, "四": 8, "F1.6": 2, "2000万": 5, "广角": 11, "潜望式": 5, "长焦": 6, "颗": 1, "TOF": 3, "景深": 2, "双OIS": 2, "光学": 10, "防抖": 3, "远距": 1, "5": 5, "倍": 18, "变焦": 23, "10": 7, "混合": 5, "50": 7, "配置": 7, "媲美": 1, "专业": 2, "单反": 1, "存储": 3, "8GB": 9, "128GB": 7, "256GB": 1, "512GB": 1, "版本": 10, "内存": 1, "拓展": 1, "强悍": 2, "算是": 1, "战斗机": 1, "nova": 8, "4nova": 1, "年轻人": 1, "nova4": 2, "6.4": 1, "极点": 1, "2310*1080": 1, "刘海屏": 1, "4": 4, "屏占": 1, "91.8%": 1, "浩瀚": 1, "视野": 3, "收掌": 1, "挖": 1, "孔": 2, "正面": 3, "开孔": 2, "用户": 11, "机身": 3, "看上去": 1, "前置": 6, "摄像头": 16, "2500万": 1, "索尼": 2, "IMX576": 1, "传感器": 7, "升级": 4, "美颜": 1, "捕捉": 1, "表情": 1, "拍": 5, "美": 1, "置位": 1, "4800万": 3, "主摄": 1, "IMX586": 1, "200万": 2, "素景": 1, "深虚化": 2, "竖排": 3, "摄布局": 1, "AIS": 2, "手持": 1, "负责": 1, "景": 2, "大光圈": 1, "虚化": 3, "117": 1, "°超": 1, "拍摄": 9, "宽广": 1, "视角": 1, "旅游": 1, "过程": 1, "建筑物": 1, "依然": 3, "收入": 2, "麒麟970": 1, "台积电": 1, "nm": 1, "制程": 3, "高效": 1, "强劲": 1, "出众": 1, "运存": 1, "流畅": 1, "系统": 5, "体验": 6, "够用": 1, "空间": 2, "GPU": 5, "Turbo图形": 1, "加速": 1, "手游": 1, "档次": 1, "告别": 1, "卡顿": 1, "超乎": 1, "想象": 1, "畅爽": 1, "物尽其用": 1, "人群": 1, "不妨": 1, "最新": 1, "需求": 4, "或许": 1, "适合": 1, "看重": 1, "请": 1, "号入": 1, "座哟": 1, "这几年": 1, "表现": 7, "质疑": 1, "投入": 15, "长处": 1, "素质": 4, "花钱": 1, "上2K": 1, "做法": 1, "满意": 1, "近期": 3, "笔者": 4, "余承东": 18, "采访": 2, "这话": 1, "一针见血": 2, "份": 1, "数据": 5, "iPhone": 1, "XS": 1, "Max": 2, "元件": 2, "成本价": 2, "34.5": 1, "S10+": 15, "44": 1, "56": 1, "也就是说": 4, "P30Pro": 9, "元器件": 1, "成本": 6, "贵": 1, "几十": 1, "人民币": 2, "进步点": 1, "自然": 3, "最多": 1, "110": 1, "iPhoneXS": 1, "120": 3, "125": 1, "对比": 4, "之下": 3, "落于": 1, "下风": 1, "简单": 1, "1080P": 1, "京东方": 4, "柔性": 1, "iPhoneXsMax": 2, "地位": 1, "供货": 2, "OLED": 3, "2K": 1, "级别": 3, "分摊": 1, "实际上": 4, "表态": 1, "算": 1, "间接": 1, "指出": 1, "本质": 1, "发布会": 11, "接受": 1, "媒体": 3, "60亿": 1, "溢价": 2, "期待": 3, "现如今": 1, "一大": 1, "标签": 2, "才": 3, "换来": 1, "舍得": 1, "砸": 1, "钱": 1, "成绩": 4, "碾压": 1, "延续": 1, "P20Pro": 1, "Mate20pro": 1, "如今": 5, "iOS": 1, "亮点": 1, "俨然": 1, "放话": 1, "比不上": 1, "P30pro": 1, "缩水": 1, "节省": 1, "毫无": 1, "目的": 1, "地花钱": 1, "30": 3, "ToF四": 1, "具备": 4, "DXO": 2, "评分": 3, "第一": 6, "水平": 2, "S10plus": 1, "独占": 1, "吃": 1, "只不过": 1, "顺带": 1, "来自于": 2, "美名": 1, "64GB": 2, "3988": 5, "飙升": 1, "4288": 2, "来到": 1, "5488": 4, "接近": 2, "S10": 6, "iPhoneXs": 1, "定价": 6, "发力": 3, "正确": 1, "策略": 2, "感知": 2, "无非": 1, "续航": 7, "要素": 1, "想要": 2, "突破": 2, "难度": 3, "形态": 1, "变化": 3, "同质化": 1, "越来越": 3, "材料": 1, "革命性": 1, "实质性": 1, "麒麟": 5, "980": 4, "挤进": 1, "一流": 2, "水准": 1, "实属": 1, "不易": 1, "相对来说": 1, "尤其是": 1, "实力": 3, "大厂": 1, "增加": 1, "优化": 2, "位置": 1, "瓶颈": 1, "现状": 1, "收编": 1, "诺基亚": 1, "团队": 1, "或者是": 1, "有把握": 1, "上涨": 2, "都会": 1, "迎合": 1, "换回": 1, "销量": 7, "回报": 2, "——": 2, "值得": 1, "毕竟": 1, "付出": 1, "好事": 1, "资讯": 2, "互联": 1, "事件": 1, "快": 2, "测评": 1, "二十年": 1, "老司机": 1, "上车": 1, "点击": 2, "右上角": 1, "关注": 3, "泡泡网": 2, "即可": 1, "4月": 6, "11日": 5, "下午": 1, "中国": 4, "国行版": 1, "随之": 1, "揭晓": 1, "P30：8+": 1, "8+128GB": 1, "8+256GB": 2, "4788": 1, "Pro：8+": 1, "5988": 2, "8+512GB": 1, "6788": 1, "引以为傲": 1, "超感": 2, "光徕卡": 1, "望远镜": 2, "般的": 1, "这不": 1, "当晚": 1, "新机": 1, "上手": 1, "月亮": 7, "晒出": 3, "组图": 1, "感受": 2, "威力": 1, "放大": 1, "一次次": 1, "清晰": 1, "纷纷": 2, "感概": 1, "这是": 1, "神仙像素": 1, "拿到": 1, "依旧": 1, "～": 2, "无论是": 1, "实在": 1, "P": 3, "(": 3, ")": 3, "F2.2": 1, "F3.4": 1, "首创": 3, "RYYB": 3, "红": 1, "黄黄蓝": 1, "进光量": 4, "40％": 1, "ISO": 1, "409600": 1, "5x光学": 1, "50x": 1, "等效": 1, "焦距": 1, "16-1343": 1, "智慧": 1, "16": 1, "超广角": 2, "2.5cm": 2, "微距": 2, "AI": 3, "HDR": 1, "逆光": 1, "人像": 2, "双画": 1, "DxOMark": 3, "综合": 1, "达创": 1, "纪录": 1, "112": 2, "119": 1, "视频": 4, "97": 1, "本文": 2, "编辑": 2, "方彦秋": 1, "畅享": 1, "生活": 1, "国产机": 2, "走入": 1, "内心": 1, "买": 1, "爱国": 1, "效应": 2, "深受": 1, "追捧": 1, "突破性": 1, "创新": 2, "低价": 3, "打入": 1, "迈入": 1, "高端机": 2, "相关": 2, "统计": 1, "去年": 6, "华为p20": 1, "发行": 1, "650万": 1, "同期": 1, "330万": 1, "P20": 1, "90%": 1, "上心": 1, "当下": 1, "激烈": 1, "放下": 1, "身价": 1, "疯狂": 1, "降价": 5, "vivo": 1, "明星": 1, "厂商": 9, "奇招": 1, "抢占": 1, "份额": 4, "身边": 1, "危机四伏": 1, "高处不胜寒": 1, "拉高": 1, "国产": 4, "顺应": 1, "潮流": 1, "稳定": 6, "公布": 1, "下降": 2, "1000": 1, "尝试": 1, "利用": 1, "降低": 4, "国内外": 1, "回馈": 1, "打开": 1, "国外": 8, "此次": 2, "新品": 4, "国际版": 1, "2000": 2, "区别": 1, "对待": 1, "温暖": 1, "原因": 1, "猛增": 1, "受阻": 1, "发挥": 1, "显示": 1, "占有": 1, "23.6%": 1, "2019年": 2, "冲击": 1, "野心": 1, "掀起": 1, "波": 2, "热潮": 1, "拴住": 1, "客户群": 2, "压低": 1, "升高": 2, "争议点": 1, "带动": 1, "购买": 3, "热情": 1, "首现": 1, "难": 1, "保证": 1, "抢先": 1, "前列": 1, "引人瞩目": 1, "涨价": 1, "大潮": 1, "逆流": 1, "抛弃": 1, "推广": 1, "商场": 1, "信息": 5, "国际化": 1, "趋势": 1, "oppo": 3, "年度": 2, "OPPO": 7, "Reno": 7, "标配版": 1, "710": 1, "2999": 2, "顶配版": 1, "骁龙": 7, "855": 9, "3999": 3, "一时间": 1, "网友们": 1, "吐槽": 1, "低配": 1, "高价": 1, "有意思": 1, "反而": 1, "诚意": 1, "差不多": 1, "吊": 2, "锤": 1, "往下": 1, "高配版": 2, "6.6": 1, "侧旋": 1, "升降": 1, "1300万": 1, "800": 1, "°": 3, "居中": 1, "屏下": 2, "指纹": 12, "识别": 6, "容量": 5, "4065": 1, "mAh": 6, "20W": 1, "快充": 7, "该机": 2, "杜比全": 1, "景音": 1, "NFC": 3, "内置": 3, "线性": 1, "马达": 1, "双频": 1, "GPS": 1, "铜管": 1, "液冷": 1, "散热": 2, "6GB": 1, "阉割": 1, "很多": 2, "6.1": 1, "水滴屏": 1, "素单": 1, "3650": 2, "22.5W": 2, "保留": 1, "耳机": 4, "接口": 1, "IP": 2, "53": 1, "防尘": 2, "防水": 2, "64": 1, "GB": 1, "颜值": 1, "上都": 1, "Reno吊打": 1, "难怪": 1, "小米": 2, "员工": 1, "9": 1, "性价比": 1, "评论区": 1, "留下": 1, "看法": 1, "观点": 1, "手机圈": 1, "查阅": 1, "上个月": 2, "巴黎": 1, "11": 1, "上海": 2, "「": 3, "硬货": 1, "」": 3, "活动": 2, "电脑": 2, "外设": 1, "Watch": 2, "GT": 2, "40W": 2, "充电宝": 2, "FreeLace": 2, "元起": 3, "40": 2, "W": 3, "369": 1, "块": 1, "HUAWEI": 1, "1488": 1, "1388": 1, "499": 1, "MateBook": 3, "定位": 4, "E": 1, "13999": 1, "结束": 1, "CEO": 2, "场": 1, "QA": 1, "访问": 3, "计划": 1, "目标": 4, "笑言": 1, "季度": 1, "态势": 1, "2018": 1, "三季度": 1, "跻身": 1, "本土": 1, "中东": 1, "见增": 1, "会上": 1, "打压": 1, "无形": 1, "之中": 1, "广告": 1, "并非": 1, "相比于": 1, "在乎": 1, "满意度": 1, "补充": 1, "口碑": 1, "持续": 2, "来源": 1, "带给": 1, "谈及": 1, "费用": 2, "透露": 1, "数字": 3, "规模": 1, "总和": 1, "人员": 1, "拼": 1, "质量": 1, "会否": 1, "当中": 3, "荣耀": 4, "下放": 1, "▲": 1, "本次": 3, "穿戴": 1, "设备": 2, "不禁": 1, "联想": 1, "定下": 1, "1500": 2, "亿": 3, "颇": 1, "自信": 1, "说道": 1, "至少": 1, "500": 2, "占比": 1, "大会": 1, "展出": 1, "春季": 1, "高调": 1, "GENTLE": 1, "MONSTER": 1, "眼镜": 1, "摸索": 1, "部署": 1, "各家": 1, "着力": 1, "研究": 2, "平台": 1, "提及": 1, "豪言": 1, "遥遥领先": 2, "不仅仅": 1, "解释": 2, "建设": 1, "大规模": 1, "2020": 1, "届时": 1, "有望": 1, "/": 4, "站": 1, "角度": 2, "对此": 2, "系列会": 2, "中档": 1, "对标": 1, "同行": 1, "侧重点": 1, "提到": 1, "大屏": 2, "再次": 1, "人工": 2, "音箱": 3, "带": 2, "一点": 1, "含有": 1, "电视": 26, "推": 1, "电视机": 3, "互动": 4, "探讨": 1, "报道": 1, "55": 1, "寸": 3, "65": 2, "华星": 2, "光电": 2, "代工": 1, "交给": 1, "收购": 1, "苏州": 1, "高创": 1, "供应链": 1, "签": 1, "面板": 1, "意向": 1, "不予置评": 1, "早": 2, "安徽": 4, "记者": 1, "分为": 1, "Honor": 1, "4月份": 1, "5月份": 1, "下半年": 1, "传统": 3, "AI音响": 1, "带有": 1, "超大屏": 1, "事实上": 1, "瞄准": 2, "电信": 9, "看上": 1, "这块": 1, "蛋糕": 1, "2016年": 1, "IPTV": 1, "23日": 1, "公司": 1, "2019": 2, "宽带": 2, "暨": 1, "示范": 1, "启动会": 1, "原有": 1, "iTV": 2, "基础": 1, "延伸": 1, "引入": 1, "4K": 2, "直播": 2, "点播": 2, "内容": 5, "全国": 2, "频道": 2, "264": 1, "创": 1, "全省": 1, "爱": 1, "优腾": 1, "全覆盖": 1, "千": 2, "面的": 1, "大数据": 1, "运算": 1, "全家": 1, "观影": 2, "习惯": 1, "私人": 1, "定制版": 1, "少儿": 2, "模式": 4, "老人": 3, "教育": 1, "儿童": 1, "加密": 1, "孩子": 1, "创造": 1, "健康": 1, "成长": 1, "页面": 1, "极简": 1, "家中": 1, "玩转": 1, "服务": 1, "整合": 2, "相册": 1, "家居": 4, "储存": 1, "天翼": 1, "云盘": 1, "照片": 4, "同步": 1, "分享": 1, "连接": 2, "多屏": 1, "发生": 1, "WiFi": 1, "常态": 1, "愈加": 1, "正是": 1, "积累": 1, "轻而易举": 1, "引爆": 1, "层": 1, "含义": 1, "推进": 1, "物联网": 1, "涉及": 1, "基本上": 1, "势必": 1, "强有力": 1, "攻击": 1, "意味着": 1, "面临": 1, "变革": 1, "小心": 1, "799": 1, "欧元": 2, "6056": 1, "999": 1, "7572": 1, "喜人": 1, "肉眼": 1, "影像": 1, "宣称": 1, "荣获": 1, "TIPA": 1, "最佳": 1, "大奖": 1, "摄影器": 1, "材界": 1, "奥斯卡": 1, "光圈f/1.6": 1, "1/1.7": 1, "超大型": 1, "枚": 10, "业界": 2, "不及": 1, "指": 1, "黄色": 1, "替换": 1, "原色": 1, "绿色": 1, "40%": 3, "换而言之": 1, "光照": 2, "影响": 1, "完了": 1, "钻研": 1, "失望": 1, "天空": 2, "境": 2, "条件": 1, "色泽": 1, "好看": 2, "全新": 3, "EMUI": 1, "9.1": 1, "Turbo": 2, "超低": 1, "时延": 1, "蓝牙": 1, "传输": 1, "文件": 1, "EROFS": 1, "读取": 1, "20%": 3, "方舟": 1, "编译器": 1, "架构级": 1, "有线": 2, "4200": 2, "15W": 2, "反向": 2, "负": 1, "名": 1, "举办": 1, "国行": 2, "尺寸": 2, "称手": 1, "顶尖": 2, "仅仅": 1, "相差": 2, "联保": 1, "港版": 1, "400": 1, "安卓": 1, "究竟": 1, "困扰": 1, "一道": 1, "难题": 1, "正反": 1, "曲面": 1, "无疑": 1, "观感": 2, "握持": 1, "手感": 1, "三点": 1, "良品率": 1, "把握": 1, "精进": 1, "见仁见智": 1, "闪光灯": 2, "单独": 1, "ToF": 2, "平行": 1, "排列": 4, "横置": 1, "心律": 1, "血压": 1, "统一": 2, "放置": 1, "协调": 1, "显得": 1, "凌乱": 1, "配色": 3, "难忘": 1, "印象": 1, "深刻": 1, "赤": 1, "茶橘": 1, "经典": 2, "极光": 1, "吸引": 1, "陶瓷": 1, "黑白": 1, "双色": 1, "琉璃": 1, "绿": 1, "流光溢彩": 1, "俘获": 1, "京": 1, "1080p": 1, "子像素": 1, "ppi": 1, "效于": 1, "同宽屏": 1, "导致": 1, "细腻": 1, "色准": 1, "色域": 1, "Pentile": 1, "钻石": 1, "2K屏": 1, "CPU": 2, "8": 1, "核心": 1, "架构": 1, "A76+4": 1, "A55": 1, "主频率": 1, "2.8GHz": 1, "上代": 2, "功耗": 3, "GPU为G76": 1, "MP16": 1, "一代": 1, "60%": 1, "30%": 1, "八核": 1, "Kryo": 1, "480": 1, "Adreno": 1, "640": 1, "核": 1, "主频": 1, "2.84GHz": 1, "845": 2, "相较": 1, "更低": 1, "测试": 1, "发现": 2, "运行": 2, "画质": 1, "帧率": 4, "绝地": 1, "求生": 1, "刺激": 1, "战场": 1, "100%": 1, "稳定率": 1, "中值": 1, "Median": 1, "FPS": 1, "40FPS": 1, "较真": 1, "变性": 1, "指数": 1, "variability": 1, "index": 1, "这项": 1, "代表": 1, "每次": 1, "波动": 1, "恢复": 1, "帧数": 1, "高下": 1, "0.56FPS": 1, "0.85FPS": 1, "0.29FPS": 1, "……": 1, "理论": 1, "中不然": 1, "察觉": 1, "包含": 1, "光主": 1, "惊人": 1, "204800": 1, "素f": 1, "2.2": 1, "光圈": 3, "潜望": 2, "物体": 1, "深度": 2, "用来": 1, "测距": 1, "打出": 1, "屠榜": 1, "素长": 1, "焦": 1, "素主": 1, "f/2.4": 1, "f/1.5": 1, "档": 1, "物理": 1, "可变": 1, "白天": 1, "夜晚": 2, "改变": 1, "大小": 1, "调整": 1, "光量": 1, "123": 1, "超大": 1, "画面": 1, "录制": 1, "UHD": 1, "HDR10": 1, "榜单": 1, "位居": 1, "榜首": 1, "沿用": 1, "结构": 1, "环节": 1, "说输": 1, "尽力": 1, "久违": 1, "4100": 1, "mAh大": 1, "遗憾": 1, "听说": 1, "25": 1, "提上": 1, "日程": 1, "德国": 1, "莱茵": 1, "生物": 1, "方案": 2, "原理": 1, "贴到": 1, "录入": 1, "比对": 2, "超声波": 5, "下方": 1, "发射": 1, "扫描": 3, "返回": 1, "轻碰秒": 1, "抬起": 1, "立刻": 1, "解锁": 3, "按压": 1, "区域": 1, "发": 1, "强光": 1, "晃": 1, "瞎眼": 1, "危险": 1, "湿手": 1, "手指": 1, "高几率": 1, "小项": 1, "打的": 1, "难舍难分": 1, "优略": 1, "夜拍": 1, "近似": 1, "录像": 1, "更胜一筹": 1, "远胜": 1, "值得一提的是": 1, "7.8mm厚": 1, "重量": 2, "175g": 1, "8.41": 1, "厚": 1, "192g": 1, "68": 1, "公交卡": 1, "3.5": 1, "建议": 1, "喜欢": 1, "电影": 1, "优先": 1, "碳": 1, "纤维": 1, "轻薄": 1, "加分点": 1, "合适": 1, "敌": 1, "没错": 1, "天铭": 1}