{"小蝙": 1, "发现": 7, "社会": 2, "怪象": 1, "很多": 10, "手持": 3, "iPhone": 2, "用户": 3, "优越感": 1, "远": 2, "高于": 3, "华为": 162, "手机": 38, "朋友": 2, "荣耀": 2, "自然": 1, "等级": 1, "低": 5, "一级": 1, "充其量": 1, "只能": 2, "小米": 1, "平起平坐": 1, "取代": 1, "三星": 3, "高端": 1, "市场": 13, "叫板": 1, "苹果": 9, "竞争者": 1, "P20": 12, "刚刚": 2, "现货": 1, "Mate20": 15, "都": 52, "技高一筹": 1, "网友": 2, "抛出": 1, "疑惑": 1, "如今": 1, "1万多": 3, "iPhoneXS": 9, "MAX": 9, "保时捷": 13, "选择": 13, "小编": 3, "观察": 2, "页": 1, "脚": 1, "名人": 4, "情况": 6, "包括": 7, "明星": 1, "iPhone8": 1, "iPhone7": 1, "大有人在": 1, "很": 28, "少见": 1, "新款": 1, "曾几何时": 1, "追捧": 1, "林志颖": 1, "追": 2, "高晓松": 1, "潘石屹": 1, "有用": 1, "系列": 3, "倾向": 1, "足够": 1, "品牌": 1, "溢价": 1, "性能": 3, "新宠": 1, "排除": 2, "支持": 3, "国产": 1, "无奈": 1, "放弃": 1, "乐观": 1, "看待": 1, "件": 6, "事情": 13, "的确": 2, "花": 4, "1万": 4, "买": 10, "越来越": 3, "！": 8, "差": 1, "钱": 3, "元": 3, "预算": 7, "屈指可数": 2, "8848": 1, "W2019": 1, "手机圈": 1, "怪咖": 1, "探讨": 1, "身边": 1, "修": 2, "一番": 2, "交谈": 1, "收获": 1, "颇": 1, "听": 2, "完修": 1, "老板": 2, "一番话": 1, "明白": 3, "需求": 13, "用途": 1, "才能": 4, "感到": 1, "满意": 2, "建议": 2, "续航": 4, "在意": 2, "电池": 5, "配合": 1, "一个": 47, "原装": 1, "高达": 1, "40": 1, "W": 1, "超级": 3, "快": 2, "充能": 1, "符合": 1, "4000": 1, "mA": 1, "H": 1, "5W": 1, "充电头": 1, "吃亏": 1, "充电": 1, "喜欢": 2, "带": 1, "充电宝": 1, "A12": 2, "领先": 3, "麒麟": 3, "980": 2, "不大": 1, "有钱人": 2, "款": 6, "好几": 1, "年后": 1, "吊": 1, "麒麟980": 1, "说法": 1, "拍照": 4, "日常": 2, "对比": 1, "五五": 1, "夜景": 1, "模式": 1, "多元化": 1, "天天": 1, "玩": 1, "自拍": 2, "划": 1, "重点": 1, "配置": 4, "影响": 4, "因素": 1, "体面": 2, "才": 2, "真的": 3, "说服力": 1, "懂": 1, "肯定": 5, "肃然起敬": 1, "后盖": 1, "车灯": 1, "设计": 4, "顶级": 1, "赛道": 1, "纹路": 1, "逼格": 1, "识货": 1, "山寨机": 1, "撑": 1, "面子": 2, "不在少数": 1, "物以稀为贵": 1, "系统": 7, "流畅度": 1, "屏幕": 3, "优势": 2, "对话": 1, "听完": 1, "选": 1, "备注": 1, "：": 47, "图片": 2, "来源": 2, "网络": 36, "侵权": 1, "烦请": 1, "删除": 1, "2月": 3, "17日": 1, "消息": 3, "近日": 1, "轮值": 2, "董事长": 2, "徐直军": 3, "接受": 8, "六": 2, "英国": 55, "媒体": 7, "采访": 4, "称": 2, "5G": 44, "原子弹": 3, "伤害": 3, "造福": 4, "老百姓": 7, "享受": 3, "数字化": 3, "体验": 6, "带来": 6, "价值": 7, "期间": 1, "徐": 23, "直军": 23, "直面": 1, "近期": 1, "外界": 1, "关切": 1, "驳斥": 1, "西方": 1, "国家": 26, "不实": 1, "指控": 1, "谈": 7, "软件": 32, "工程": 11, "能力": 21, "提升": 11, "这不": 3, "简单": 9, "公司": 28, "未来": 38, "发展": 10, "、": 108, "建立": 9, "可信": 12, "(": 1, ")": 1, "不仅仅": 4, "NCSC": 7, "面向": 10, "措施": 3, "远大": 3, "理想": 3, "至关重要": 3, "技术": 41, "终究": 4, "科学家": 7, "工程师": 7, "干": 3, "倾向于": 3, "构筑": 4, "全球": 10, "标准": 27, "做好": 4, "指出": 1, "胜利": 3, "员工": 6, "股东": 3, "理解": 6, "利润": 3, "一点": 6, "可行": 4, "不行": 4, "政府": 20, "产业界": 7, "合作": 22, "英": 4, "典范": 3, "小华": 1, "30年": 1, "历史": 12, "服务": 14, "170": 2, "30亿": 4, "人口": 2, "到底": 3, "客户": 15, "伙伴": 2, "清晰": 3, "美国": 22, "持续": 2, "针对": 3, "质疑": 2, "究竟": 3, "出于": 4, "人民": 7, "隐私": 4, "保护": 5, "2019年": 2, "13日": 1, "坦率": 1, "沟通": 2, "谈论": 1, "诸多": 1, "关心": 2, "热点": 1, "话题": 1, "要点": 1, "实录": 1, "20亿": 8, "美金": 8, "启动": 4, "资金": 3, "希望": 5, "三五": 2, "努力": 6, "打造": 5, "各国": 3, "信任": 6, "产品": 24, "全文": 1, "1": 1, "PC": 4, "Pro": 4, "记者": 17, "研发": 13, "活动": 1, "分开": 4, "无线": 3, "通信": 9, "基础": 4, "研究": 16, "主导": 1, "特性": 2, "开发": 13, "划分": 1, "投入": 2, "平衡": 1, "业界": 3, "投资": 19, "管理": 6, "体系": 4, "流程": 3, "IPD": 1, "1998年": 1, "引入": 1, "IBM": 1, "咨询": 1, "构建": 4, "既有": 1, "创新": 5, "基于": 14, "导向": 2, "三": 6, "内": 1, "团队": 5, "决策": 11, "机构": 11, "IRB": 2, "IPMT": 2, "ITMT": 3, "审视": 3, "周期": 1, "长": 3, "季度": 1, "进程": 1, "时间": 12, "阶段": 1, "专利": 2, "占": 2, "10%": 2, "接近": 1, "20%": 1, "30%": 1, "机制": 3, "2009年": 1, "6亿": 1, "走到": 2, "结束": 3, "成果": 1, "三年": 1, "这是": 11, "3": 5, "Computer": 2, "World": 2, "灵感": 1, "突现": 1, "时间点": 1, "战略性": 1, "东西": 4, "核心": 3, "战略": 3, "刚才": 3, "提到": 10, "09年": 1, "预测": 2, "若干": 1, "机会": 4, "产业": 5, "规律": 2, "2G": 1, "3G": 2, "4G": 9, "6G": 3, "角度": 7, "来讲": 4, "概念": 1, "寻找": 1, "下一代": 1, "适合": 2, "集合": 1, "基本上": 1, "思考": 2, "将要": 1, "创造": 1, "2028-2030年": 1, "热闹": 1, "升级": 1, "都会": 3, "企业": 21, "4": 2, "每日": 2, "电讯报": 2, "国务卿": 1, "蓬佩奥": 3, "中国": 5, "发挥": 3, "作用": 2, "表述": 1, "回应": 1, "德国": 2, "法国": 3, "跟随": 1, "态度": 1, "意味着": 2, "场": 2, "辩论": 2, "获胜": 2, "评论": 2, "匈牙利": 1, "发言": 2, "波兰": 1, "中文": 1, "版本": 3, "言论": 1, "进一步": 2, "发起": 1, "组织": 1, "策划": 1, "地缘": 1, "政治": 7, "机器": 2, "弱小": 1, "芝麻": 1, "三十": 5, "想": 7, "动机": 1, "有人": 3, "美": 1, "贸易": 3, "谈判": 1, "找": 5, "筹码": 1, "大规模": 2, "设备": 13, "相关": 10, "获取": 1, "信息": 4, "困难": 1, "监听": 3, "领导人": 1, "全世界": 3, "70多亿": 1, "智慧": 3, "从中": 1, "5": 1, "金融": 9, "时报": 7, "一部分": 2, "意识": 2, "形态": 2, "政治性": 2, "目的": 3, "五": 8, "世界": 8, "代表": 2, "同意": 1, "看法": 1, "统一": 2, "本来": 4, "专业": 3, "工程师们": 1, "解决": 18, "推动": 2, "衡量": 1, "段": 3, "在一起": 1, "源头": 1, "来自于": 2, "提供商": 1, "诺基亚": 2, "爱立信": 1, "ZTE": 1, "中欧": 1, "之间": 2, "提高": 1, "产业链": 2, "回报": 1, "降低": 1, "成本": 6, "终于": 2, "政客": 1, "政治化": 5, "意识形态化": 1, "权": 1, "厂商": 7, "部署": 2, "期望": 2, "聚焦": 2, "运营商": 7, "比如说": 1, "深圳": 6, "旁边": 1, "城市": 2, "——": 2, "广州": 3, "澳大利亚": 1, "新西兰": 1, "老家": 1, "益阳": 1, "提供": 9, "无所谓": 1, "精力": 2, "有限": 1, "垄断": 1, "周边": 2, "6": 1, "政治家": 2, "讨论": 1, "行政": 1, "命令": 1, "禁止": 1, "毕竟": 1, "超级大国": 1, "多么": 1, "担心": 8, "边远": 2, "地区": 4, "农村": 1, "7": 1, "协会": 1, "去年": 3, "年底": 2, "中情": 1, "六处": 1, "负责人": 1, "国防部长": 1, "暗示": 1, "王子": 2, "基金会": 4, "中断": 1, "捐赠": 3, "事态": 1, "程度": 2, "挫败感": 2, "失望": 1, "建": 1, "HCSEC": 9, "开放": 3, "用于": 2, "早上": 1, "恰好": 1, "FT": 1, "发表": 1, "GCHQ": 4, "主管": 1, "Robert": 3, "Hannigan": 1, "写": 1, "篇": 2, "文章": 4, "解释": 2, "看一看": 2, "监督": 4, "认同": 1, "副": 1, "标题": 1, "潜在": 1, "威胁": 3, "判断": 1, "Technical": 1, "judgments": 1, "made": 1, "clear-eyed": 1, "view": 1, "potential": 1, "threat": 1, "回答": 1, "不再": 1, "青年人": 3, "做出": 4, "卓越": 1, "成绩": 1, "敬意": 2, "关系": 4, "遗憾": 2, "片面": 1, "退": 1, "讲": 3, "贡献": 1, "8": 1, "计算机": 2, "有意思": 1, "眼": 4, "加拿大": 1, "情报": 4, "猜测": 1, "光纤通信": 1, "盒子": 2, "建设性": 3, "YES": 3, "NO": 3, "课题": 1, "找到": 5, "方案": 2, "交流": 3, "民间": 1, "方式": 2, "当作": 1, "范例": 2, "中西方": 1, "价值观": 2, "文化": 5, "背景": 2, "开创": 2, "友好": 1, "难": 2, "坐": 1, "办法": 2, "关注": 2, "原因": 5, "自由": 2, "精神": 1, "崇尚": 1, "规则": 1, "监管": 1, "关键": 3, "所在": 1, "9": 2, "融合": 1, "词": 1, "紧密": 1, "上午": 1, "业务": 3, "IP": 2, "平台": 1, "提": 1, "监控": 1, "流量": 2, "面临": 4, "挑战": 5, "ATM": 1, "这块": 1, "工具": 1, "数据": 3, "传输": 2, "遵循": 1, "发布": 3, "这样的话": 1, "担忧": 2, "前端": 1, "传": 1, "拓展": 1, "布局": 2, "有没有": 1, "设施": 3, "本质": 1, "制定": 2, "过程": 19, "相比2G": 1, "GPP": 1, "专家": 2, "GSMA": 1, "验证": 4, "256": 1, "加密": 4, "量子": 1, "解密": 3, "10": 1, "空口": 1, "层面": 1, "基站": 12, "没关系": 3, "11": 1, "端口": 1, "密钥": 3, "翻天": 1, "12": 2, "2018年": 4, "报告": 2, "第三方": 7, "部件": 4, "欧洲": 5, "极端": 2, "起诉书": 1, "鼓励": 1, "拿到": 2, "例子": 3, "计划": 2, "美元": 1, "时间段": 1, "错误": 1, "风河": 2, "操作": 5, "VxWorks": 2, "无论是": 1, "硬件": 1, "商都": 1, "windows": 3, "Linux": 2, "网上": 2, "运行": 2, "开源": 2, "改进": 4, "地方": 4, "就要": 3, "每家": 4, "Oracle": 1, "类似": 1, "数据库": 2, "告诉": 2, "各行各业": 1, "电信": 1, "行业": 4, "敏感": 1, "一家": 5, "疑问": 2, "还要": 2, "投": 2, "额外": 2, "早": 4, "成立": 2, "后门": 8, "源代码": 4, "送到": 2, "DV": 2, "认证": 2, "公民": 3, "看源": 2, "代码": 18, "以此": 1, "证明": 3, "最初": 1, "敢于": 1, "放到": 1, "早就": 1, "防攻击": 2, "渗透": 2, "增强": 1, "防渗透": 2, "八": 2, "工作": 2, "中华": 1, "Cigital": 2, "评估": 4, "调查": 1, "结论": 1, "成熟": 2, "2013年": 1, "项目": 1, "项": 3, "最高级": 1, "水平": 3, "平均": 1, "环境": 1, "发生": 2, "变化": 2, "攻击": 2, "黑客": 1, "单单": 1, "好比": 3, "椰子": 2, "外壳": 2, "坚硬": 1, "攻破": 1, "里头": 1, "堆": 1, "水": 1, "关注点": 1, "外面": 1, "转到": 1, "涉及": 2, "韧性": 1, "质量": 8, "要好": 2, "读": 2, "修改": 2, "赤裸": 1, "CESC": 1, "漂亮": 2, "累积": 1, "年代": 1, "码": 1, "焦点": 1, "生产": 5, "实践": 2, "风险": 1, "编程": 1, "差别": 2, "重构": 9, "重写": 1, "进度": 1, "冲击": 1, "剧烈": 1, "冲突": 1, "新增": 1, "高管": 1, "碰撞": 3, "加深": 1, "云化": 1, "智能化": 1, "定义": 1, "在于": 2, "亲自": 1, "相互": 1, "回来": 1, "说服": 1, "领导": 1, "董事会": 2, "变革": 10, "13": 1, "请问": 1, "大概": 2, "激烈": 1, "目标": 1, "训练": 1, "费用": 1, "我成": 1, "责任人": 1, "增加": 1, "为此": 1, "创始人": 1, "新年": 1, "第一": 6, "封": 2, "邮件": 1, "发": 1, "中餐": 1, "好吃": 2, "少有": 1, "厨房": 2, "厨师": 3, "动作": 3, "菜": 2, "炒": 1, "走": 3, "炒菜": 1, "套": 2, "规范": 1, "难吃": 1, "纠正": 1, "搞": 1, "上市": 1, "挣": 1, "14": 1, "估": 3, "高阶": 2, "3月底": 1, "做完": 1, "独有": 1, "领域": 2, "完美": 1, "动态": 1, "DV证书": 1, "15": 1, "轴": 1, "检视": 1, "好坏": 1, "期待": 1, "最终": 2, "HHCSEC": 1, "600万": 1, "欧元": 1, "16": 1, "互联网": 1, "起源": 1, "军方": 1, "靠近": 1, "不政治化": 1, "人类": 2, "历程": 1, "欧盟": 1, "出台": 1, "GDPR": 1, "脱欧": 2, "遵守": 5, "违反": 1, "GDP": 2, "R": 2, "重罚": 1, "欣赏": 1, "公开": 2, "透明": 2, "一视同仁": 1, "处罚": 2, "歧视": 1, "出发": 1, "怀疑": 1, "假设": 1, "杀人": 2, "上帝": 1, "待遇": 1, "17": 1, "亚洲": 2, "数量化": 1, "百分之": 1, "分为": 1, "三类": 1, "日本": 1, "韩国": 1, "海湾": 1, "第二": 4, "欧美": 1, "发达国家": 1, "不见得": 1, "数量": 2, "第三": 2, "发展中国家": 1, "收入": 1, "少量": 1, "提起": 1, "陌生": 1, ".": 1, "Magic2": 1, "强悍": 1, "外观": 3, "精美": 1, "优秀": 1, "值得": 2, "入手": 1, "处在": 2, "请": 1, "往下": 1, "采用": 7, "5.8": 1, "英寸": 1, "屏": 1, "尺寸": 1, "宽阔": 1, "视野": 1, "机身": 3, "比例": 1, "优雅": 1, "利落": 1, "单手": 1, "轻松": 3, "握持": 1, "纯粹": 3, "冗杂": 1, "处处": 1, "打动": 1, "人心": 1, "沉醉": 1, "视觉": 1, "盛宴": 1, "背部": 1, "渐变": 1, "色": 1, "玻璃": 1, "借助": 1, "先进": 3, "结构": 2, "色渐": 1, "镀": 1, "工艺": 1, "爱不释手": 1, "四": 2, "配色": 2, "供": 1, "亮": 1, "黑色": 1, "光色": 1, "极光": 1, "闪蝶": 1, "珠光": 1, "贝母": 1, "炫酷": 1, "摄像": 2, "前置": 1, "2400万": 1, "高清": 1, "像素": 3, "镜头": 3, "后置": 1, "2000万": 1, "+": 1, "1200万": 1, "新一代": 1, "徕卡": 1, "搭配": 3, "人工": 1, "智能": 6, "芯片": 5, "无尽": 1, "空间": 1, "轻轻": 1, "点击": 1, "独特": 1, "视角": 1, "记录": 1, "美好": 1, "精彩": 2, "背光": 1, "逆光": 1, "暗光": 1, "条件": 1, "拍摄": 1, "效果": 1, "拥有": 1, "960": 1, "帧": 1, "视频": 1, "从此": 1, "定格": 1, "麒麟970": 1, "处理器": 3, "加上": 1, "强大": 3, "AI": 2, "主动": 1, "习惯": 1, "变得": 1, "便捷": 1, "吃": 1, "鸡": 1, "番": 1, "流畅": 3, "仿佛": 1, "行云流水": 1, "EMIUI": 1, "8.1": 1, "超乎": 1, "想象": 1, "第四": 1, "3400": 1, "mAh": 1, "容量": 1, "快充": 1, "节电": 1, "聪明": 1, "分配": 1, "资源": 3, "不必": 1, "耗电": 1, "烦恼": 1, "吖": 1, "看好": 1, "上都": 1, "小伙伴们": 1, "见解": 1, "下方": 1, "留言": 1, "~": 2, "来源于": 1, "位于": 2, "珠江": 1, "口": 1, "东岸": 1, "东莞": 28, "称为": 1, "广东": 1, "虎": 1, "号称": 1, "工厂": 6, "汇聚": 1, "一大": 3, "加工": 4, "各类": 1, "松山湖": 12, "科技": 8, "园区": 6, "富士康": 2, "记忆": 3, "中软": 1, "国际": 1, "国内": 1, "大厂": 2, "纷纷": 1, "落户": 1, "7月": 1, "2号": 1, "2700": 1, "名": 1, "搬": 2, "搬迁": 4, "12600": 1, "预谋": 1, "2005年": 1, "旗下": 1, "子公司": 2, "聚信": 1, "有限公司": 2, "华南": 1, "配送": 1, "这次": 2, "热": 1, "实验室": 4, "材料": 1, "内部": 2, "占地": 1, "1900": 1, "亩": 1, "超过": 1, "100亿": 1, "终端": 2, "总部": 1, "中心": 3, "陆续": 3, "搬进": 1, "到来": 1, "好不容易": 1, "沉寂": 1, "推上": 1, "风口浪尖": 1, "随之而来": 1, "看上": 1, "道理": 1, "劳动密集型": 2, "出口": 1, "天下": 1, "高新技术": 1, "定位": 1, "搬到": 2, "确实": 1, "深思": 1, "个中": 1, "所在地": 1, "推移": 1, "用工": 1, "土地": 1, "当初": 1, "零碎": 1, "水电": 1, "税收": 1, "房租": 1, "放": 1, "反观": 1, "代加工": 2, "导致": 1, "廉价": 1, "劳动力": 1, "密集": 1, "科技园": 1, "初衷": 1, "区委": 1, "区政府": 1, "推出": 2, "优惠": 1, "政策": 1, "西安": 1, "惠州": 1, "配套": 2, "齐全": 1, "物料": 1, "用到": 1, "半导体": 2, "印制": 1, "便宜": 1, "入驻": 2, "意义": 1, "带动": 1, "落座": 1, "2012年": 1, "紧随": 1, "其后": 1, "贴近": 1, "易宝": 1, "华微": 1, "明天": 1, "供应商": 1, "随之": 1, "移居": 1, "就业": 3, "人才": 2, "压力": 1, "素质": 1, "转型": 2, "注入": 1, "新鲜": 1, "血液": 1, "有生力量": 1, "缓解": 1, "上世纪": 1, "90年代": 1, "末": 1, "面对": 1, "经济": 3, "2008年": 2, "海啸": 3, "席卷": 1, "大江南北": 1, "那场": 1, "洗礼": 1, "2016年": 1, "见报": 2, "倒闭潮": 1, "轮": 1, "2011年": 1, "全市": 1, "收": 1, "抵": 1, "支": 1, "村子": 1, "329": 1, "60%": 1, "3500": 1, "玩具厂": 1, "倒闭": 1, "1800": 1, "2015年": 1, "关闭": 1, "开端": 1, "万事达": 1, "台资": 1, "港资": 1, "相继": 2, "停产": 1, "众": 1, "厂": 1, "死亡": 1, "迈向": 1, "撤离": 1, "道路": 1, "弊端": 1, "暴露无遗": 1, "原本": 1, "原料": 1, "厂家": 2, "销售": 1, "人力": 1, "厂房": 1, "包装": 1, "繁荣": 1, "跟着": 1, "赚": 1, "笔": 1, "注定": 1, "最先": 1, "死": 1, "沙滩": 1, "群": 1, "建厂": 1, "前所未有": 1, "契机": 1, "结局": 1, "互利": 1, "双赢": 2, "拖到": 1, "尴尬": 1, "境地": 1, "未": 1, "可知": 1, "抓住": 1, "机遇": 1, "稳定": 1, "距离": 1, "24日": 1, "春季": 1, "新机": 5, "发布会": 4, "地点": 1, "来到": 1, "西班牙": 1, "巴塞罗那": 1, "耕耘": 1, "多年": 1, "举办": 1, "P系列": 1, "Mate": 1, "欧洲版": 1, "售价": 1, "国行版": 1, "Mate7": 1, "热卖": 1, "成长": 1, "消费者": 2, "有目共睹": 1, "独立": 1, "优化": 1, "摄影": 2, "功能": 1, "摄像头": 2, "模组": 2, "先河": 1, "P20Pro": 1, "夜拍": 1, "旗舰机": 1, "依旧": 1, "展现": 1, "出新": 1, "基带": 2, "巴龙": 2, "5000": 2, "3G/4G/5G": 1, "场景": 2, "相比于": 2, "上一代": 1, "能耗": 1, "延迟": 1, "7纳米": 1, "制程": 1, "驱动": 1, "商用": 1, "折叠屏": 2, "闪光点": 1, "众所周知": 1, "众多": 1, "机型": 1, "京东方": 2, "供应链": 1, "展会": 1, "早已": 1, "展示": 1, "柔性": 1, "协同": 1, "索尼": 3, "手机部": 1, "费": 1, "力气": 1, "相比之下": 1, "优先": 1, "均": 1, "市面": 1, "很少": 1, "买到": 1, "10年": 1, "安卓": 2, "阵营": 2, "现如今": 1, "敲定": 1, "不争": 1, "事实": 1, "当年": 1, "转回": 1, "通讯": 1, "越发": 1, "不乏": 1, "对此": 1, "百家号": 1, "独家": 1, "内容": 1}