{"11月": 4, "25日": 1, "华为": 273, "发布": 3, "首款": 2, "全球": 16, "三": 9, "声学": 1, "品牌": 18, "帝瓦雷": 5, "合作": 4, "HiFi级": 1, "音质": 5, "智能": 18, "音箱": 9, "SoundX": 1, "旨在": 1, "打造": 2, "全新": 3, "场景": 8, "智慧": 3, "生活": 7, "触手可及": 1, "没错": 1, "Sound": 22, "X": 61, "HUAWEI": 3, "HiLink": 2, "协议": 5, "内置": 2, "语音": 2, "小艺": 6, "控制": 4, "忍": 1, "不住": 1, "搞": 2, "台": 13, "X来": 2, "体验": 31, "X包装": 1, "很": 20, "一个": 25, "盒子": 1, "官方": 3, "寄": 1, "快递费": 1, "花": 2, "40多": 1, "元": 1, "包装盒": 1, "采用": 18, "60": 2, "W": 1, "低": 4, "音炮": 2, "支持": 14, "Hi-Res": 1, "无损": 1, "打开": 6, "包装": 3, "发现": 4, "居然": 1, "防尘罩": 3, "果断": 2, "罩起": 1, "舍得": 1, "美丽": 1, "外壳": 2, "落": 2, "尘埃": 1, "皮质": 1, "英文": 1, "标签": 1, "网状": 1, "显得": 3, "不再": 2, "单调": 1, "摘": 1, "尘罩": 1, "真身": 1, "圆柱体": 1, "设计": 25, "上半": 1, "反光": 1, "釉面": 2, "半": 3, "织物": 1, "材质": 3, "介绍": 1, "上半部分": 1, "工艺": 1, "镀膜": 1, "精饰": 1, "技术": 18, "X看": 1, "镜面": 1, "通透": 1, "造型": 2, "灵感": 1, "源自于": 1, "维也纳": 1, "音乐": 7, "金色": 1, "大厅": 1, "穹顶": 1, "整体": 5, "颜值": 2, "设备": 18, "小伙伴": 2, "或许": 5, "都": 50, "屏": 2, "协同": 1, "功能": 14, "这次": 1, "类似": 1, "NFC": 2, "标识": 1, "翻阅": 1, "说明书": 1, "碰": 2, "传音": 1, "轻轻": 2, "手机": 142, "音频": 2, "即可": 5, "快速": 3, "传到": 2, "播放": 7, "前提": 1, "开启": 7, "处于": 3, "解锁": 1, "亮屏": 1, "状态": 17, "弹出": 1, "连接": 10, "提示": 3, "框": 1, "手动": 2, "确认": 1, "声音": 2, "传递": 1, "电源": 3, "传统": 1, "DC": 1, "接口": 1, "位置": 7, "位于": 1, "底部": 3, "预留": 1, "电源线": 1, "空槽": 1, "摆放": 1, "桌面": 1, "齐": 1, "倾斜": 1, "初次": 1, "下载": 1, "专属": 1, "APP": 9, "配对": 5, "一步步": 1, "操作": 16, "呼唤": 2, "唤醒": 1, "X为": 1, "提供": 6, "服务": 3, "成功": 1, "触控": 2, "面板": 2, "彩色": 1, "灯环": 1, "亮起": 3, "环形": 1, "灯": 1, "配网": 1, "进度": 1, "创意": 1, "机身": 10, "侧面": 1, "孔形": 1, "凹槽": 1, "W低": 1, "分布": 2, "两侧": 1, "条件": 1, "一对": 1, "立体声": 2, "环绕": 1, "效果": 13, "爽": 1, "爆": 1, "面板默": 1, "熄灭": 1, "触摸": 1, "自动": 2, "4": 2, "颗": 2, "按键": 3, "静音": 1, "、": 63, "音量": 1, "加减": 1, "多功能": 2, "放在": 1, "日常": 11, "所需": 1, "默认": 1, "检测": 1, "组合": 3, "加持": 2, "视频": 7, "低音": 2, "响起": 1, "纸条": 1, "音律": 1, "起伏": 1, "抖动": 2, "不停": 1, "可惜": 1, "拍摄": 1, "拾音": 1, "差": 4, "想": 8, "亲身": 1, "感受": 5, "X音箱": 1, "真的": 6, "听觉": 2, "震撼": 3, "召唤": 3, "过于": 3, "劲爆": 1, "手指": 2, "摸": 1, "有种": 2, "自觉": 1, "旋律": 1, "身体": 1, "仿佛": 1, "触电": 1, "管家": 1, "X接": 1, "家居": 1, "战略": 2, "布局": 3, "家电": 1, "习惯": 2, "下班": 1, "到家": 1, "房间": 1, "台灯": 1, "摸黑": 1, "进屋": 1, "较为": 1, "遗憾": 1, "X暂": 1, "通话": 1, "有望": 1, "后期": 1, "升级": 1, "解决": 8, "X颜值": 1, "音效": 1, "听": 2, "终端": 2, "摆": 3, "书桌": 1, "电视柜": 1, "充当": 1, "装饰品": 1, "独居": 1, "感到": 2, "孤单": 1, "随时": 1, "场": 1, "盛宴": 1, "可谓": 2, "风口浪尖": 1, "不管是": 1, "因素": 2, "劣势": 1, "统统": 1, "包括": 2, "在内": 2, "率先": 1, "突破": 3, "5G": 9, "事情": 4, "导火索": 1, "美国": 44, "视为": 1, "眼中钉": 1, "列入": 3, "实体": 3, "清单": 3, "随后": 4, "特朗普": 6, "游说": 2, "国家": 10, "禁止": 8, "系列": 7, "举动": 3, "针对": 6, "拿出": 2, "相关": 2, "证据": 3, "证明": 5, "说辞": 1, "话语": 1, "到底": 1, "很多": 9, "心中": 1, "自有": 1, "评判": 1, "供应链": 2, "美": 3, "应有": 1, "笑柄": 1, "延长": 1, "临时": 1, "许可": 2, "时间": 10, "期限": 1, "90": 1, "重要性": 2, "毕竟": 4, "通信商": 2, "通信": 23, "贸然": 1, "中断": 2, "当地": 3, "不利": 1, "损失": 4, "陷入": 2, "瘫痪": 2, "做出": 5, "对策": 1, "打算": 2, "投入": 2, "10亿": 3, "美金": 2, "补贴": 5, "运营商": 7, "领取": 1, "未来": 12, "购买": 7, "中兴": 8, "两难": 1, "地步": 1, "做法": 2, "正是": 2, "摆脱": 1, "近日": 1, "部门": 1, "项": 3, "威胁": 5, "公司": 22, "电信": 4, "市场": 50, "打压": 2, "拆除": 2, "取代": 4, "厂商": 12, "器材": 1, "种种": 1, "尝试": 2, "反击": 1, "清白": 1, "最终": 4, "失败": 1, "告终": 1, "铁": 1, "努力": 1, "恐怕": 1, "翻起": 1, "太": 5, "浪花": 1, "影响": 7, "本来": 2, "业务": 3, "仅仅": 1, "欧洲": 3, "才": 10, "目标": 1, "杀敌": 1, "一千": 1, "自损": 1, "八百": 1, "建设": 4, "一点": 5, "得不偿失": 1, "发展": 6, "65": 1, "份": 4, "5G商": 1, "合同": 1, "当中": 6, "订单": 2, "占": 4, "20多": 1, "优秀": 2, "成绩": 1, "当初": 1, "任正非": 6, "领先": 1, "两三": 2, "增加": 5, "成本": 3, "浪费": 1, "身上": 4, "精力": 1, "放": 4, "伙伴": 1, "早": 4, "料到": 1, "后果": 1, "现状": 1, "点明": 1, "情况": 13, "来源": 8, "：": 35, "虎嗅AP": 1, "P文": 1, "/": 2, "OdinAsgard": 1, "有如": 1, "过山车": 1, "2019年": 14, "顺利": 2, "与其说": 2, "飙升": 1, "遇上": 2, "难题": 2, "不如说": 1, "悲剧": 1, "2019": 1, "注定": 2, "中庸": 1, "无缘": 1, "戏剧性": 1, "情节": 1, "中国": 26, "首屈一指": 1, "科技": 19, "说起": 1, "冲锋陷阵": 1, "首当其冲": 1, "年资": 1, "从业者": 1, "高通": 5, "海外": 4, "多年": 1, "专利": 4, "垄断": 1, "2G": 1, "4G": 1, "年代": 1, "标准": 4, "借着": 4, "赚取": 1, "大笔": 1, "专利费": 1, "基带": 6, "芯片": 21, "费用": 3, "顺道": 1, "系统": 16, "卖给": 1, "讥为": 1, "卖": 2, "送": 2, "极度": 1, "元素": 1, "话语权": 2, "产业": 5, "占有": 1, "地位": 1, "命门": 1, "别人": 6, "手里": 1, "2018年": 5, "贡献": 1, "图片": 8, "Statista": 1, "搭建": 1, "网络": 5, "手上": 1, "渐渐": 1, "加大": 1, "加上": 1, "近年": 1, "参与": 1, "基建": 2, "设置": 3, "领导者": 1, "建立": 1, "不容忽视": 1, "势力": 1, "究竟": 4, "不容": 1, "忽视": 1, "本年": 2, "5月": 1, "角度": 2, "军事": 1, "这家": 1, "危险": 3, "美国商务部": 3, "70": 2, "子公司": 2, "出口": 1, "管制": 1, "实体名单": 3, "未经": 1, "批准": 1, "销售": 3, "产品": 17, "分销量": 1, "停售": 1, "不少": 2, "分析": 1, "担心": 4, "禁令": 5, "重创": 1, "爱国": 3, "请客": 2, "吃饭": 2, "无疑": 7, "消费者": 11, "CEO": 4, "余承东": 1, "接受": 3, "The": 1, "Information": 1, "采访": 2, "承认": 2, "政府": 4, "微软": 1, "Windows": 1, "谷歌": 1, "Android": 5, "英特尔": 2, "制裁": 4, "艰难": 2, "本土": 1, "企业": 6, "带来": 4, "第一": 13, "季度": 10, "出货量": 16, "IDC": 4, "生效": 1, "20%": 4, "份额": 10, "50％": 1, "苹果": 20, "三星": 63, "下跌": 2, "8%": 1, "30％": 1, "报道": 5, "指": 1, "用于": 2, "元件": 2, "700亿": 1, "美元": 4, "110亿流": 1, "美光": 1, "Micron": 1, "Technology": 1, "一家": 2, "国产": 14, "进去": 1, "大中华区": 1, "收入": 1, "全年": 1, "47.8％": 1, "MIT": 1, "评论": 1, "消息": 4, "收到": 2, "260": 1, "豁免": 1, "申请": 1, "数量": 2, "超出": 1, "预期": 2, "度": 3, "推延": 1, "短暂": 1, "断供": 5, "陆续": 1, "复供": 1, "英国": 2, "Arm": 2, "开设": 1, "开源": 1, "平台": 1, "GitHub": 1, "禁制": 1, "成立": 1, "Google": 3, "金融": 1, "时报": 1, "先前": 2, "延迟": 5, "明智": 1, "领导人": 1, "本国": 1, "人民": 1, "利益": 4, "首位": 1, "全球主义者": 2, "爱国者": 1, "可不": 1, "商业": 2, "面前": 1, "好像": 1, "直路": 1, "狂奔": 2, "苦恼": 1, "国内": 10, "乱成一团": 1, "讽刺": 1, "第三": 8, "实施": 1, "整季": 1, "6-9月": 1, "销量": 7, "降": 2, "反增": 1, "惊人": 1, "速度": 2, "全速": 1, "地区": 1, "中国区": 2, "急增": 2, "出货": 1, "数据": 10, "调查": 1, "机构": 2, "Canalys": 4, "28%": 2, "1.8%": 1, "跌": 2, "统计": 1, "地上": 1, "摩擦": 1, "OPPO": 26, "vivo": 11, "......": 1, "号称": 1, "国货": 9, "小米": 9, "年初": 1, "发表": 2, "P30": 1, "Pro": 3, "Mate": 63, "30": 3, "出色": 6, "实话实说": 1, "对手": 3, "经不起": 1, "外国": 6, "媒体": 1, "指出": 4, "中国人": 1, "爱国主义": 2, "为止": 1, "否定": 1, "有否": 1, "暗中": 1, "推动": 1, "股": 2, "情绪": 2, "协助": 1, "口径": 1, "拒绝": 2, "串连": 1, "家人": 1, "iPhone": 1, "煮豆燃豆箕": 1, "背景": 4, "关系": 2, "判断": 1, "喊": 1, "招徕": 1, "财经": 4, "2019年底": 1, "类别": 1, "榜样": 1, "喜爱度": 1, "调研": 2, "意料": 1, "之内": 1, "段": 2, "日子": 1, "长期": 2, "占据": 3, "大部分": 2, "新闻": 2, "头条": 1, "有意": 1, "带动": 1, "认知": 1, "依旧": 3, "急速": 1, "国外": 1, "难关": 2, "自然": 6, "辨法": 1, "创收": 1, "弥补": 1, "带上": 2, "光环": 1, "焦点": 1, "带回": 1, "36氪": 1, "报告指": 1, "4月": 1, "早就": 1, "渡江战役": 1, "50%": 3, "诚然": 1, "经济": 1, "理想": 2, "购买力": 1, "增长": 3, "3%": 2, "偏爱": 2, "用户": 14, "买": 5, "这时候": 1, "强行": 1, "渡江": 1, "难免": 4, "顺手": 1, "干掉": 1, "盘子": 1, "煮豆燃豆萁": 1, "代表": 4, "得益": 1, "比起": 2, "国民": 1, "自主": 9, "仰赖": 1, "(": 5, "Qualcomm": 1, ")": 5, "争夺": 1, "强劲": 1, "麒麟": 1, "Kirin": 1, "拥有": 8, "自研": 2, "能力": 4, "克服": 1, "核心": 2, "供应商": 4, "去年": 1, "差点": 1, "破产": 1, "走向": 1, "自立": 7, "路": 2, "事件": 1, "默默": 1, "消A": 3, "计划": 3, "海思": 2, "总裁": 2, "何庭波": 1, "兴奋": 3, "全体": 1, "员工": 1, "发出": 1, "同步": 3, "方案": 5, "管理层": 1, "办法": 4, "传媒": 1, "目的": 2, "替代": 3, "封闭": 1, "自我": 1, "提高": 1, "理解": 1, "友好": 1, "研发": 6, ".....": 1, "供应": 2, "百分比": 1, "提升": 2, "作业": 2, "鸿蒙": 4, "OS": 2, "早前": 1, "推出": 3, "迟迟": 1, "软件部": 1, "王成录": 1, "12月": 3, "公开": 1, "优先": 1, "选择": 9, "实在": 1, "改用": 1, "备胎": 2, "全球主义": 1, "偏偏": 1, "创新": 8, "精神": 1, "值得": 3, "鼓励": 1, "站": 2, "人类": 2, "文明": 1, "基础": 4, "正确": 1, "前人": 1, "肩膀": 1, "上前": 1, "并非": 3, "源头": 1, "缴纳": 1, "知识": 1, "产权": 1, "签订": 1, "交叉": 1, "永久": 1, "授权": 2, "迟": 1, "追赶者": 1, "重复": 1, "轮子": 1, "明天": 1, "镜头": 5, "后天": 1, "也许": 2, "写": 1, "没完没了": 1, "光是": 1, "2017年": 1, "半导体": 4, "总产值": 1, "高达": 2, "4300亿": 1, "随之": 1, "催生": 2, "电子": 1, "1.5万亿": 1, "算": 2, "行业": 3, "居高不下": 1, "材料": 1, "虎": 1, "嗅": 1, "作者": 1, "李": 2, "赓": 1, "不得不": 4, "全球化": 2, "高速": 1, "迭代": 1, "竞争": 3, "激烈": 1, "前沿": 2, "一味": 1, "追求": 1, "糟糕": 1, "15大": 1, "摩尔": 1, "精英": 4, "古典": 1, "经济学": 1, "优势": 16, "定律": 1, "生产": 2, "付出": 1, "机会": 2, "这项": 4, "国际": 1, "贸易": 1, "换取": 1, "2011年": 1, "奥巴马": 1, "乔布斯": 2, "Steve": 1, "Jobs": 1, "施压": 1, "回来": 1, "设厂": 2, "招": 1, "3": 23, "工程师": 2, "支援": 1, "厂": 1, "内": 5, "工人": 1, "找到": 2, "级别": 2, "工厂": 1, "勉强": 1, "回去": 1, "优": 3, "要好": 1, "便宜": 1, "选项": 2, "唯一": 2, "抱": 1, "希望": 5, "坏": 1, "思考": 3, "采购": 2, "找": 2, "原则": 2, "推销": 1, "始终": 1, "仰": 1, "鼻息": 1, "存活": 1, "差异化": 1, "用来": 2, "资敌": 1, "假设": 1, "不幸": 1, "一方有难": 1, "八方来援": 1, "之间": 6, "联手": 1, "经历": 1, "做好": 1, "因噎废食": 1, "盲目": 1, "拥抱": 1, "无视": 1, "固步自封": 1, "弊多于利": 1, "IT之家": 1, "17日": 1, "今日": 1, "心声": 1, "社区": 1, "公布": 1, "纪录": 2, "短片": 2, "第四": 1, "——": 3, "创始人": 1, "兼": 1, "价值": 2, "体系": 1, "金钱": 1, "纪录片": 1, "联接": 1, "全世界": 1, "170": 1, "30亿": 1, "人口": 1, "手段": 1, "人才": 1, "科学技术": 1, "美好": 2, "客户": 2, "保障": 1, "畅通": 1, "改善": 1, "充满": 1, "热情": 1, "研究院": 1, "院长": 1, "徐文伟": 1, "实际上": 1, "基于": 3, "需求": 3, "发明": 2, "理论": 1, "方向": 1, "手机圈": 1, "一向": 1, "流畅性": 2, "标杆": 1, "拼": 1, "流畅度": 1, "有人": 1, "入手": 4, "物君": 7, "例外": 1, "卡": 1, "赶上": 1, "个中": 1, "翘楚": 1, "试试": 1, "快": 2, "半年": 1, "忍住": 1, "剁手": 1, "最新": 4, "Mate30Pro": 9, "确实": 3, "肉疼": 1, "钱": 1, "值": 1, "三大": 1, "续航": 10, "牛": 3, "重度": 1, "使用者": 1, "小时": 5, "好几": 1, "款": 25, "满意": 1, "听说": 1, "厉害": 2, "耳听为虚": 1, "眼见为实": 1, "上手": 3, "真真切切": 1, "明白": 1, "夸赞": 2, "实力": 4, "电池": 4, "一刻": 1, "略微": 1, "沉": 1, "指定": 1, "果不其然": 1, "4500": 1, "mAh": 1, "数字": 1, "安全感": 2, "快充": 2, "call": 1, "40": 1, "W快": 1, "充无论": 1, "别家": 1, "旗舰": 7, "相比": 3, "下风": 1, "字": 1, "！": 2, "第二": 3, "信号": 7, "娱乐": 2, "刷剧": 1, "聊天": 7, "玩": 8, "游戏": 14, "忘记": 1, "通讯": 4, "持续": 1, "在线": 1, "当仁不让": 1, "机友们": 3, "有口皆碑": 1, "粉丝": 1, "副业": 1, "制造商": 1, "基站": 1, "本事": 1, "高铁": 1, "砖头": 1, "照常": 1, "友商": 1, "服": 1, "拍照": 8, "拿下": 1, "软件": 5, "兴起": 1, "花费": 1, "越来越": 2, "分享": 1, "记录": 2, "秒变": 1, "摄影师": 1, "点滴": 1, "拍": 3, "画质": 1, "照片": 1, "强大": 1, "公认": 1, "专业": 3, "评测": 2, "榜单": 1, "DxOMark": 1, "排行榜": 1, "位列": 3, "中派": 1, "全家": 1, "旅游": 1, "朋友": 1, "聚餐": 1, "合照": 1, "不用": 2, "所有人": 1, "超广角": 1, "模式": 3, "平白无故": 1, "喜欢": 1, "火": 1, "肯定": 2, "独特": 2, "优点": 2, "当红": 1, "果粉": 1, "转粉": 1, "具备": 1, "三点": 1, "明证": 1, "说到": 1, "[钉": 1, "述评": 1, "逆势": 1, "集体": 1, "惆怅": 1, "上个月": 1, "9780万": 1, "同比": 2, "下降": 1, "66%": 1, "4150万": 1, "42.4%": 1, "；": 5, "1750万": 1, "1700万": 2, "880万": 1, "510万": 1, "排名": 1, "第2-5": 1, "同期": 1, "变化": 2, "幅度": 1, "23%": 1, "33%": 1, "下滑": 4, "除去": 1, "头部": 2, "均": 1, "跌幅": 1, "关注": 3, "兄弟": 1, "反超": 2, "此前": 2, "2016年": 1, "稳居": 1, "名": 2, "相差": 2, "50万": 1, "意味着": 3, "1.13亿": 1, "占比": 6, "69.8%": 1, "三季度": 2, "3200万": 1, "超过": 1, "透过": 1, "拓展": 1, "受阻": 1, "短": 2, "冲击": 2, "原因": 4, "无迹可寻": 1, "Counterpoint": 1, "显示": 25, "市场线": 1, "24%": 1, "27%": 1, "Top": 1, "6": 3, "线上": 2, "84%": 1, "26%": 1, "荣耀": 8, "六": 1, "14%": 1, "10%": 1, "9%": 1, "5%": 1, "线": 2, "最低": 1, "大概率": 1, "注重": 2, "线下": 6, "竞争力": 1, "机型": 3, "主攻线": 1, "主推": 1, "Reno": 1, "Ace": 1, "特性": 2, "不难": 1, "重视": 1, "表现": 11, "未": 2, "收获": 1, "遭受": 1, "加速": 1, "四": 2, "赵明": 1, "超线": 1, "反馈": 2, "认可": 2, "放缓": 1, "铺开": 1, "导致": 1, "渠道": 1, "挤压": 1, "成效": 1, "不大": 3, "阻击": 1, "这是": 5, "真实": 3, "写照": 1, "逼近": 2, "性价比": 1, "处在": 1, "2020年": 1, "厂商们": 1, "憧憬": 1, "东风": 1, "改": 1, "低迷": 1, "爆发": 1, "前夜": 1, "掉队": 1, "钉": 2, "原创": 1, "转载": 1, "务必": 1, "注明": 1, "科技网": 1, "环球网": 2, "记者": 1, "乌元春": 1, "东尧": 1, "国会": 7, "山报": 5, "16日": 3, "称": 3, "众议院": 3, "周一": 1, "法案": 7, "联邦": 7, "委员会": 5, "22日": 2, "资金": 3, "美方": 3, "友善": 1, "截图": 1, "党": 2, "可信": 1, "议员": 1, "当天": 1, "声明": 3, "确保": 1, "恶意": 1, "干扰": 4, "无线": 16, "至关重要": 1, "提到": 2, "宣称": 1, "附属": 1, "依赖": 1, "本周": 1, "参议院": 1, "投票": 1, "FCC": 2, "风险": 1, "小型": 2, "移除": 2, "可疑": 2, "设立": 1, "斥资": 1, "农村": 1, "并用": 1, "应对": 1, "就此": 1, "此项": 1, "片面": 1, "信息": 1, "法律": 1, "错误": 1, "解读": 1, "认定": 1, "违反": 2, "立法": 1, "正当": 1, "程序": 2, "涉嫌": 1, "违法": 1, "5日": 1, "深圳": 1, "总部": 1, "发布会": 1, "起诉": 1, "宪法": 1, "行政诉讼法": 1, "外交部": 1, "发言人": 1, "耿爽": 1, "回应": 2, "此事": 1, "再次": 1, "敦促": 1, "停止": 3, "泛化": 1, "概念": 1, "蓄意": 1, "抹黑": 1, "指责": 1, "特定": 1, "无理": 1, "经营": 1, "活动": 1, "公平": 1, "公正": 1, "歧视": 1, "环境": 4, "奉劝": 1, "为名": 1, "锁住": 1, "囚禁": 1, "截至": 1, "发稿": 1, "尚未": 1, "[PConline": 1, "形容": 1, "件": 1, "东西": 2, "贵": 1, "简单": 2, "直白": 1, "方法": 2, "房价": 1, "参照": 1, "黄牛": 1, "价格": 1, "Galaxy": 61, "Fold": 56, "总价": 1, "70000": 1, "人民币": 1, "刚好": 1, "差不多": 1, "广州": 2, "市区": 2, "楼盘": 1, "平方米": 1, "单价": 1, "奇货可居": 1, "折叠": 23, "屏产": 1, "有限": 1, "折叠屏": 21, "亲民": 1, "跑去": 1, "体验店": 2, "趟": 1, "展示柜": 1, "不用说": 1, "亲自": 1, "对比": 6, "06:08": 1, "1": 2, "平米": 1, "电话": 1, "揣": 2, "进裤": 1, "兜前": 1, "买到": 1, "区别": 6, "在于": 2, "屏幕": 36, "外观": 3, "这块": 2, "赋予": 1, "形态": 6, "随之而来": 1, "比如说": 1, "进化": 1, "接近": 5, "极限": 1, "屏下": 1, "摄像头": 5, "平面": 2, "空间": 8, "面积": 7, "展开": 15, "可视": 1, "iPad": 2, "mini": 1, "折": 4, "叠屏": 1, "直观": 2, "改变": 2, "平板级": 1, "多任务": 5, "分屏": 10, "谈到": 1, "英寸": 10, "+": 9, "主流": 2, "尺寸": 9, "时代": 1, "只能": 3, "鸡肋": 1, "TNT": 2, "划时代": 1, "说到底": 1, "背着": 1, "平板": 9, "电脑": 4, "安静": 1, "地方": 5, "摊开": 1, "一块": 2, "配置": 1, "稀缺": 1, "产量": 1, "高端": 2, "区域": 2, "寻找": 1, "定位": 1, "配给": 1, "秀肌肉": 1, "性质": 1, "无需": 1, "堆料": 1, "影像": 4, "性能": 2, "最高端": 1, "发挥": 1, "围绕": 1, "实测": 3, "解析": 1, "与众不同": 1, "来自于": 1, "大屏": 11, "方式": 4, "外折": 5, "8": 3, "分辨率": 2, "2480": 1, "2220": 1, "主屏": 1, "7.3": 1, "2152": 1, "1536": 1, "X正面": 1, "变为": 1, "6.6": 2, "4.6": 2, "独立": 2, "外屏": 2, "屏观感": 1, "后足": 1, "参数": 2, "尤其是": 1, "方形": 3, "比例": 10, "观感": 4, "算是": 3, "阅读": 3, "浏览": 3, "网页": 2, "作用": 3, "4.2:3": 1, "8:7.1": 1, "后者": 4, "画面": 18, "贴近": 3, "长": 6, "无论是": 1, "端": 1, "PC端": 1, "内容": 3, "看片": 2, "X霸气": 1, "胜出": 1, "全屏": 1, "竖排": 1, "横屏": 2, "X相差无几": 1, "少许": 1, "刘海": 2, "遮挡": 2, "区分": 2, "素质": 1, "产业链": 1, "上游": 1, "玩家": 2, "不必": 2, "色彩": 2, "对比度": 1, "Note": 1, "水准": 3, "值得一提的是": 3, "HDR": 1, "主观": 1, "感觉": 7, "讨人喜欢": 1, "X屏幕": 1, "沉浸感": 2, "实用性": 1, "外置": 1, "小屏": 1, "或者是": 2, "边框": 1, "宽": 1, "本身": 2, "数值": 2, "Dynamic": 1, "AMOLED": 1, "出众": 1, "息屏": 1, "融为一体": 1, "质感": 1, "过程": 5, "差异": 2, "卡扣": 2, "形式": 2, "按下": 1, "后方": 1, "按钮": 2, "释放": 2, "稍微": 2, "掰正": 1, "双手": 2, "好处": 1, "严丝合缝": 2, "一体感": 1, "保证": 2, "X折": 1, "叠时": 1, "内折": 2, "加磁": 1, "吸": 1, "施力": 1, "弹开": 1, "流畅": 3, "单手": 4, "延续": 2, "轻便": 4, "之下": 1, "合上": 2, "用到": 1, "咯": 1, "关心": 1, "铰链": 2, "感叹": 1, "精巧": 1, "留下": 2, "暴露": 1, "空隙": 1, "防尘": 1, "理应": 1, "不错": 5, "回炉": 1, "一番": 1, "配合": 2, "金属": 1, "点缀": 1, "如果说": 1, "科技感": 1, "精致感": 1, "携带": 2, "佳": 1, "便携度": 1, "抱有": 1, "保留": 2, "态度": 1, "厚": 3, "无须": 1, "质疑": 1, "重量": 3, "300g": 1, "276g": 1, "厚度": 1, "肉眼": 1, "钟情于": 1, "宽度": 2, "窄": 2, "还要": 1, "轻松": 3, "装": 2, "裤兜": 3, "握住": 2, "口袋": 1, "包包": 1, "反倒": 1, "轻盈感": 1, "薄": 1, "取向": 2, "考量": 1, "X折叠": 1, "难以": 1, "掌控": 1, "建议": 1, "包": 2, "进口袋": 1, "略撑": 1, "X无论": 1, "手感": 1, "标志": 1, "适配": 7, "照搬": 1, "最多": 3, "5": 5, "7": 2, "5X6": 1, "差别": 1, "X3": 1, "体现": 3, "理念": 1, "界面": 7, "最为": 1, "菜单": 3, "左边": 1, "一级": 1, "原本": 1, "二级": 1, "右边": 2, "逻辑": 2, "常见": 1, "利用": 2, "沿用": 1, "同屏": 4, "单层": 1, "拉长": 1, "UI": 1, "心思": 1, "看上去": 1, "空": 1, "全程": 2, "中都": 1, "异常": 2, "崩溃": 1, "开合": 1, "切换": 3, "来得": 1, "卡顿": 1, "无缝": 3, "衔接": 1, "内外屏": 1, "中途": 1, "打到": 1, "100": 1, "两边": 1, "大小": 2, "办公": 2, "拖拽": 3, "文字": 2, "工作": 2, "误": 1, "开花": 1, "点选": 1, "清晰": 2, "堪比": 1, "平行": 3, "视界": 3, "同一个": 1, "应用点": 1, "层级": 1, "双屏": 1, "「": 3, "」": 3, "辅助": 1, "关闭": 1, "当年": 1, "HD": 1, "层": 1, "程度": 1, "利用率": 1, "竟然": 1, "半边": 1, "分为": 1, "两半": 1, "随意": 2, "调换": 1, "拖动": 1, "滑动": 1, "条": 1, "调整": 2, "窗口": 1, "侧边": 1, "栏": 1, "右侧": 1, "划出": 1, "呼出": 1, "点开": 1, "运行": 2, "小窗": 2, "完全体": 1, "浮窗": 1, "惊喜": 1, "媲美": 2, "PC": 1, "侧栏": 1, "启用": 1, "App": 1, "大一": 1, "完美": 2, "固定": 1, "反而": 2, "铺满": 1, ";": 1, "X由于": 1, "异形屏": 1, "唯独": 1, "王者": 2, "关键": 1, "和平": 3, "无关机子": 1, "开发者": 1, "拓宽": 1, "视野": 1, "稳固": 1, "手掌": 1, "舒心": 1, "温度": 4, "15": 1, "分钟": 3, "高压": 1, "测试": 2, "X机身": 1, "42.1": 1, "℃": 1, "41.7": 1, "主板": 1, "凉快": 1, "面对": 2, "强悍": 1, "锦上添花": 1, "还好": 1, "配上": 1, "时下": 1, "硬件": 1, "搭载": 2, "徕卡": 1, "摄": 3, "模组": 2, "f/1.8": 1, "光圈": 3, "4000万": 1, "素超": 3, "感光": 1, "广角": 4, "f/2.2": 1, "1600万": 2, "f/2.4": 1, "800万": 1, "素长": 2, "焦": 4, "ToF": 1, "激光": 1, "对焦": 1, "相位": 1, "反差": 1, "AIS": 1, "防抖": 1, "十足": 3, "套": 1, "熟悉": 1, "1200万": 2, "素主": 1, "1/2.55": 1, "度数": 1, "123": 1, "°": 1, "世界": 1, "宝座": 1, "S10": 1, "Note10": 1, "同款": 1, "大致": 1, "IMX600": 2, "平起平坐": 1, "X样": 5, "Fold样": 4, "日间": 1, "失手": 1, "一眼": 1, "作品": 1, "晚上": 1, "较量": 1, "夜拍": 1, "难分上下": 1, "仔细": 2, "观察": 1, "X宽": 1, "容度": 1, "小胜": 1, "细微": 1, "样张": 1, "树叶": 1, "阴影": 1, "灯箱": 1, "细节": 3, "暗": 1, "ISO": 1, "展露": 1, "无遗": 1, "亮度": 1, "高出": 1, "截": 1, "还原": 1, "更为": 2, "锐利": 2, "极暗": 1, "呈现": 3, "X噪点": 1, "更胜一筹": 1, "纹理": 1, "风格": 1, "以往": 2, "悬殊": 1, "夜景": 1, "纠结": 1, "选": 1, "妥妥": 1, "相机": 1, "答案": 1, "思路": 1, "截然不同": 1, "打电话": 1, "当成": 1, "走": 2, "踹在": 1, "那种": 1, "分量": 1, "感": 1, "出戏": 1, "当做": 1, "便携": 1, "物种": 1, "仍旧": 1, "跳脱": 1, "范畴": 1, "刷": 1, "聊": 3, "微信": 1, "违和感": 1, "平常": 1, "两样": 1, "最前沿": 1, "先锋": 1, "一线": 1, "用心": 1, "探索": 1, "哲学": 1, "蕴含": 1, "譬如": 1, "出乳": 1, "乳出": 1, "酪": 1, "酪出": 1, "生稣": 2, "熟稣": 2, "醍醐": 2, "大般": 1, "涅槃": 1, "·": 1, "圣行品": 1, "牛奶": 1, "加工": 1, "风味": 1, "亦然": 1, "折法": 1, "究极": 1, "给出": 2, "优解": 1, "如今": 1, "伴随": 1, "取消": 1, "3.5": 1, "耳机": 39, "插孔": 1, "纷纷": 1, "趁机": 1, "领域": 1, "FreeBuds": 22, "Freebuds": 1, "共有": 1, "配色": 2, "陶瓷": 1, "白": 1, "碳晶": 1, "黑": 1, "经典": 1, "蜜语": 1, "红": 1, "正式": 1, "开售": 1, "变现": 1, "独家": 1, "麒麟A": 1, "卖点": 2, "蓝牙": 5, "低功耗": 1, "双模": 1, "5.1": 1, "认证": 1, "可穿戴": 1, "处理器": 1, "4.3mm*4.4": 1, "微小": 1, "创新性": 1, "集成": 1, "单元": 4, "管理": 1, "构架": 1, "制成": 1, "盒盖": 2, "键": 2, "秒钟": 2, "开机": 1, "盒": 3, "EMUI": 1, "10": 1, "请求": 1, "弹窗": 2, "点击": 1, "首次": 1, "后续": 1, "每次": 1, "耳机盒": 7, "充电盒": 1, "电量": 3, "一部分": 1, "带": 1, "现象": 3, "戴": 1, "英雄": 1, "技能": 1, "耳朵": 2, "也就是说": 1, "痛点": 1, "传输": 1, "通道": 1, "2.4GHZ": 1, "频段": 2, "在所难免": 1, "新一代": 1, "信道": 2, "算法": 2, "动态": 1, "识别": 1, "WiFi": 1, "跳频": 1, "近段": 1, "发烧级": 1, "低频": 1, "下潜": 1, "中频": 1, "听出": 1, "歌曲": 1, "人声": 1, "享受": 1, "高频": 1, "声场": 1, "拥挤": 1, "稍稍": 1, "听感": 1, "中高端": 1, "降噪": 18, "主动": 3, "实时": 1, "调节": 2, "全称": 1, "开放式": 1, "顾名思义": 1, "半入": 3, "耳式": 3, "相较于": 1, "入耳式": 2, "头戴式": 2, "难度": 1, "被动": 1, "隔绝": 2, "密闭性": 1, "外部": 2, "噪音": 1, "耳道": 2, "模型": 1, "模拟": 1, "年龄": 1, "性别": 1, "佩戴": 3, "输出": 1, "频率": 2, "强度": 1, "生成": 1, "9": 1, "麦克": 1, "收集": 2, "噪声": 3, "负向": 2, "声波": 1, "抵消": 1, "音源": 1, "双击": 1, "左侧": 2, "FreeBuds3": 6, "适合": 1, "起码": 1, "嘈杂": 1, "独处": 1, "马路": 1, "情景": 1, "超长": 2, "充电": 10, "反复": 1, "长续航": 1, "Type-C": 1, "有线": 2, "充充": 1, "14": 1, "Mate30": 1, "反向": 2, "紧急": 1, "应急": 1, "个性": 1, "简约": 2, "市面": 1, "配备": 1, "平时": 1, "收纳": 1, "少见": 1, "圆形": 1, "在手": 1, "巧": 1, "盖": 1, "盒身": 2, "转轴处": 1, "LOGO": 1, "巧妙": 1, "融入": 1, "镜面式": 1, "不锈钢": 1, "徽章": 1, "堪称": 1, "画龙点睛": 1, "笔": 1, "高级感": 1, "3耳机": 1, "盒底部": 1, "USB": 1, "C充电口": 1, "LED": 2, "指示灯": 4, "提醒": 2, "盒电量": 1, "绿色": 1, "高电量": 1, "黄色": 1, "中电量": 1, "红色": 1, "枚": 2, "闪烁": 1, "重置": 1, "上一代": 1, "优美": 1, "海豚": 1, "仿生": 1, "耳腔": 1, "曲线": 1, "贴合": 1, "掉落": 1, "耳柄": 1, "直杆式": 1, "元器件": 1, "纤细": 1, "单耳": 1, "4.5g": 1, "轻巧": 1, "使用户": 1, "美观": 1, "累赘感": 1, "便捷性": 1, "亦或是": 1, "好感": 1, "讲": 1, "推荐": 1, "想必": 1, "骗": 1}