{"华为": 199, "大学": 22, "号称": 1, "中国": 30, "企业": 18, "黄埔": 2, "军校": 5, "称为": 1, "最牛": 1, "打造": 2, "一个": 37, "学习型": 1, "组织": 34, "努力": 20, "2005年": 1, "正式": 3, "注册": 1, "员工": 30, "客户": 12, "提供": 14, "众多": 1, "培训": 6, "课程": 1, "包括": 13, "文化": 4, "、": 243, "上岗": 1, "针对": 8, "位于": 2, "总部": 2, "深圳": 2, "占地": 2, "面积": 2, "27.5万": 1, "平米": 1, "分为": 1, "教学区": 2, "生活": 8, "住宿区": 1, "15.5万": 1, "平方米": 2, "拥有": 4, "九千": 1, "机房": 1, "一百多": 1, "教室": 1, "五百多": 1, "办公": 1, "座位": 1, "容纳": 1, "两千多": 1, "2016年": 2, "9月": 5, "校区": 3, "东莞": 2, "松山湖": 2, "高新区": 1, "大学路": 1, "开工": 1, "建设": 16, "总面积": 1, "500": 1, "亩": 1, "建成": 1, "整体": 1, "搬到": 1, "办学": 1, "1": 7, "任正非": 23, "学员": 4, "都": 62, "接受": 6, "正规": 4, "教育": 6, "特色": 2, "训战": 1, "赋予": 1, "专业": 5, "作战": 91, "能力": 49, "公司": 75, "第一": 29, "奋斗": 13, "第二": 34, "学会": 3, "办法": 6, "干劲": 1, "不行": 3, "华大": 16, "院校": 2, "培养": 3, "大学生": 1, "硕士": 2, "博士": 2, "基础": 4, "训练": 7, "才": 24, "进来": 3, "本质": 2, "职能": 4, "关系": 6, "不再": 1, "工作": 21, "赋能": 4, "支撑": 3, "管理": 20, "平台": 17, "关键": 3, "业务": 29, "战略": 31, "预备队": 8, "收": 5, "费用": 7, "有偿": 1, "服务": 44, "保证": 2, "部门": 28, "无偿": 2, "利用": 3, "资源": 36, "学习": 13, "；": 34, "基于": 4, "收支": 1, "平衡": 3, "摆脱": 3, "羁绊": 1, "预算": 2, "超": 2, "住": 2, "如果说": 2, "钱": 9, "灾难": 1, "无穷": 1, "调用": 1, "累死": 1, "代表处": 83, "代表": 7, "请": 2, "搞": 3, "打完": 2, "电话": 2, "就算": 1, "完了": 1, "付钱": 1, "成本": 5, "卖": 4, "增加": 9, "成立": 5, "始终": 1, "奉行": 1, "优秀": 26, "师资": 2, "理念": 1, "内部": 7, "讲师制": 1, "170": 1, "很": 15, "少有": 1, "专职": 1, "老师": 2, "外聘": 1, "讲师": 6, "辅助": 1, "一线": 9, "人员": 34, "技术": 16, "专家": 15, "足足": 1, "上千": 1, "队伍": 10, "规模": 2, "激励": 5, "采用": 10, "物质": 1, "精神": 3, "方式": 11, "最新": 5, "课酬": 2, "8000": 1, "元": 5, "/": 3, "套": 1, "评价": 9, "体系": 7, "公示": 1, "发展": 9, "实行": 3, "教师": 1, "循环制": 1, "终身制": 1, "3": 7, "案例式": 2, "教学": 11, "仗": 2, "兵": 4, "案例": 6, "早": 3, "哈佛": 2, "商学院": 3, "当年": 1, "毅伟": 1, "教授": 1, "分享": 1, "开发": 1, "逻辑": 1, "方法": 5, "课堂": 1, "传统": 1, "灌输式": 1, "若干": 1, "探索": 3, "验证": 1, "浪费": 2, "知识": 1, "经验": 10, "案例库": 1, "鼓励": 3, "号召": 5, "管理者": 1, "往案": 1, "例库": 1, "投稿": 1, "复盘": 1, "过程": 7, "4": 4, "就要": 5, "衡水": 8, "中学": 8, "国家": 14, "振兴": 2, "创始人": 2, "CEO": 3, "采访": 3, "改变": 15, "外部": 1, "环境": 13, "情况": 9, "调整": 3, "才能": 14, "相互": 2, "包容": 1, "制度": 2, "……": 7, "社会": 4, "大世界": 1, "美国": 94, "建立": 11, "跑步": 2, "至少": 2, "高等教育": 1, "世界": 15, "名校": 1, "毕业": 1, "非洲": 1, "各国": 2, "基层": 13, "做出": 10, "杰出": 1, "成绩": 1, "受训": 3, "回去": 4, "层层": 7, "走": 11, "中学生": 2, "推崇": 1, "上课": 1, "学生": 2, "很多": 9, "认可": 1, "模式": 4, "应对": 2, "孩子们": 1, "意志": 5, "提升": 11, "5": 2, "将军": 17, "摇篮": 2, "口号": 1, "公开": 2, "喊": 1, "压力": 3, "执行": 3, "830": 1, "计划": 2, "困难": 3, "缺少": 2, "带兵": 1, "成功": 7, "实践": 2, "干部": 36, "成长": 2, "骨干": 5, "称之为": 1, "历史": 8, "时期": 5, "负有": 1, "使命": 2, "研究": 2, "抗日": 1, "军政": 1, "西点": 3, "担负": 4, "项目": 17, "连排": 1, "走向": 4, "必修课": 1, "现代化": 3, "军队": 5, "练就": 1, "200米": 1, "近战": 1, "硬功夫": 1, "敢于": 10, "刺刀见红": 1, "业余": 1, "时间": 17, "考试": 9, "年内": 3, "免除": 1, "职务": 1, "机关": 40, "延伸": 1, "18": 1, "托福": 1, "计": 2, "次数": 1, "及格": 1, "逐级": 1, "科": 1, "合格者": 1, "三年": 4, "中央": 3, "集权": 1, "中心": 53, "转换": 3, "支持": 9, "监控": 1, "：": 37, "基金报": 1, "泰勒": 1, "近日": 5, "骚": 1, "操作": 5, "5月": 5, "15日": 3, "美国商务部": 21, "列入": 9, "实体": 16, "清单": 13, "产品": 31, "20日": 5, "接下来": 3, "三": 17, "宽限期": 4, "供货": 3, "8月": 10, "19日": 14, "期限": 3, "项": 4, "临时": 22, "通用": 8, "许可": 19, "延长": 7, "90": 12, "再次": 14, "推迟": 7, "附属": 7, "现有": 7, "美": 12, "服务所": 2, "实施": 7, "交易": 3, "禁令": 20, "消费者": 11, "不利": 2, "影响": 12, "46": 9, "生效": 2, "商务部": 2, "人民日报": 1, "报道": 8, "当天": 3, "发表": 5, "声明": 10, "内": 9, "出口": 11, "转让": 2, "特定": 3, "有限": 6, "68": 1, "发布": 11, "为期": 1, "活动": 1, "相关": 4, "网络": 5, "持续": 1, "运营": 2, "部长": 7, "威尔伯·罗斯": 1, "给予": 1, "混乱": 2, "国内": 4, "下属": 1, "工业": 2, "安全局": 1, "颁发": 1, "默认": 1, "审查": 1, "状态": 5, "否决": 1, "回应": 2, "证明": 4, "毫无": 4, "美国商务": 1, "延期": 9, "许可证": 2, "反对": 5, "选择": 7, "时间点": 3, "政治": 9, "驱动": 5, "做法": 7, "违反": 3, "市场经济": 3, "自由": 5, "竞争": 3, "原则": 3, "从中": 3, "受益": 3, "在内": 4, "打压": 8, "领先": 3, "地位": 3, "呼吁": 3, "政府": 17, "停止": 7, "公正": 7, "对待": 7, "移出": 3, "事实": 3, "经营": 16, "实质性": 3, "聚焦": 4, "做好": 16, "全球": 13, "外交部": 3, "无理": 2, "制裁": 7, "之间": 1, "经贸": 3, "合作": 8, "互利": 1, "共赢": 1, "美元": 5, "大阪": 4, "会晤": 3, "美方": 14, "兑现": 4, "承诺": 5, "事关": 2, "信誉": 2, "公信力": 2, "国际": 4, "眼里": 2, "希望": 3, "说到做到": 1, "公平": 4, "歧视": 1, "有利于": 3, "健康": 1, "稳定": 3, "磋商": 3, "中方": 9, "立场": 2, "一贯": 1, "落实": 1, "国": 4, "元首": 2, "共识": 1, "平等": 1, "尊重": 1, "对话": 1, "找到": 11, "解决": 11, "不久前": 1, "对外": 1, "公布": 3, "上半年": 9, "业绩": 4, "报告": 1, "依然": 4, "面临": 3, "驾": 1, "烂": 2, "飞机": 2, "补洞": 3, "销售": 12, "收入": 4, "4013亿": 1, "人民币": 2, "同比": 2, "增长": 8, "23.2%": 1, "净": 1, "利润率": 1, "8.7%": 1, "五月份": 1, "快": 12, "‘": 3, "’": 3, "市场": 40, "惯性": 1, "投入": 8, "人力": 6, "物力": 2, "版本": 3, "切换": 2, "供应": 5, "连续性": 11, "保障": 28, "交付": 2, "未来": 5, "7月": 3, "30日": 2, "半年报": 2, "媒体": 2, "沟通": 1, "会上": 1, "董事长": 2, "梁华": 2, "架": 1, "运营商": 6, "基本上": 1, "补": 1, "差不多": 1, "重点": 2, "生存": 1, "常务": 1, "董事": 1, "余承东": 5, "季度": 1, "智能": 20, "手机": 15, "销售量": 3, "1000万": 1, "台": 7, "估计": 1, "大概率": 1, "发货量": 1, "高速": 1, "份额": 3, "超过": 5, "35%": 1, "17.6%": 2, "问及": 1, "漏洞": 2, "毫不犹豫": 1, "回答": 2, "生态": 7, "安卓": 1, "微软": 1, "难": 5, "鸿蒙": 4, "此前": 3, "最终": 6, "规则": 1, "豁免": 1, "设备": 7, "5G": 5, "标准": 1, "参与": 7, "禁止": 4, "购买": 5, "生产": 10, "零部件": 3, "华": 1, "贸易": 8, "谈判": 3, "筹码": 1, "6月": 1, "G20": 1, "峰会": 1, "总统": 4, "特朗普": 31, "新闻": 4, "发布会": 2, "出售": 10, "履行": 1, "梁华在": 1, "期间": 2, "少量": 5, "恢复": 2, "Android": 4, "系统": 9, "原本": 2, "有望": 1, "取代": 1, "三星": 2, "厂商": 1, "只能": 3, "做多": 1, "9日": 1, "开发者": 3, "大会": 3, "推出": 1, "分布式": 1, "——": 1, "OS": 2, "OS会": 1, "手表": 1, "智慧屏": 3, "车载": 2, "音箱": 1, "终端": 4, "英国": 12, "天空": 5, "电视台": 2, "专访": 2, "长": 6, "段": 2, "顶级": 1, "供应商": 4, "谷歌": 1, "上将": 5, "第三": 14, "......": 1, "这不": 1, "符合": 1, "最佳": 1, "利益": 1, "形象": 1, "称作": 1, "小兄弟": 2, "称": 27, "排除": 1, "超越": 1, "iOS": 1, "可能性": 1, "电邮": 4, "危亡": 5, "关头": 7, "本职": 5, "参战": 6, "心声": 4, "社区": 4, "签发": 2, "总裁": 8, "直言": 1, "处在": 6, "立功": 16, "尽快": 4, "选拔": 14, "活血": 4, "绝大多数": 5, "心静如水": 4, "BG": 16, "改革": 74, "人才": 10, "研发": 17, "建议": 2, "变革": 1, "讲话": 7, "为准": 4, "胜仗": 8, "目的": 4, "简化": 4, "层次": 2, "权": 6, "听": 6, "炮声": 4, "体现": 2, "权力": 32, "给到": 2, "最前方": 2, "战役": 4, "承担": 7, "责任": 24, "将来": 20, "BG制": 2, "区域": 6, "汇聚": 2, "作用": 4, "增强": 2, "削弱": 4, "地区部": 30, "协调": 8, "考核": 14, "这两天": 2, "会议": 6, "系统部": 20, "规范": 2, "CNBG": 16, "地区": 23, "提出": 7, "方案": 10, "意见": 6, "BG共建": 2, "面向": 2, "透明": 2, "机制": 14, "运作": 8, "目标": 8, "达成": 3, "利润": 2, "70%": 6, "成熟": 10, "扩容": 2, "指挥权": 10, "下放": 12, "获取": 2, "决策": 4, "层": 12, "闭环": 2, "长期以来": 3, "呼唤": 8, "炮火": 8, "多年": 2, "去年": 3, "12月": 2, "阿根廷": 6, "哥斯达黎加": 4, "纳米比亚": 2, "博茨瓦纳": 2, "四": 3, "试点": 6, "仅仅": 2, "分配": 4, "请示": 2, "太": 10, "这次": 13, "丁耘": 4, "占": 2, "想": 18, "婆婆": 4, "包打天下": 2, "媳妇": 2, "用权": 2, "授权": 6, "野战": 2, "部队": 36, "文件": 3, "八": 4, "合同": 6, "审结": 2, "到底": 3, "摸着石头过河": 2, "优化": 4, "初步": 2, "算": 4, "粮食": 12, "包": 12, "预测": 3, "抛砖": 2, "算算": 2, "账": 2, "一国一制": 2, "差别": 2, "划算": 2, "慢慢": 2, "好处": 2, "博弈": 2, "讲出": 2, "更改": 2, "数字": 4, "理由": 3, "科学化": 2, "精简": 4, "基准": 2, "线": 2, "2018年": 5, "计算": 4, "留给": 2, "2019年": 8, "积极性": 2, "臃肿": 2, "机构": 2, "拖到": 2, "裁减": 4, "本地化": 2, "步伐": 2, "确定性": 2, "本地": 10, "机动": 2, "节约": 4, "一部分": 4, "财务": 4, "用于": 2, "科学": 4, "用人": 2, "条件": 10, "回款": 6, "币种": 2, "汇困": 2, "极端": 2, "合法": 2, "合规": 2, "前提": 2, "关闭": 2, "留下": 2, "维护": 3, "其他人": 2, "撤回": 2, "硬": 2, "消耗": 2, "第四": 2, "汇报": 2, "梳理": 2, "职责": 8, "理清": 2, "着手": 2, "信心": 9, "百倍": 2, "难改": 2, "碰": 2, "壁": 2, "出师未捷身先死": 2, "长使": 2, "英雄": 16, "泪": 2, "襟": 2, "小国": 4, "放开": 4, "拉美": 2, "大国": 2, "类似": 2, "改": 6, "模型": 2, "推广": 2, "负责": 6, "区域性": 4, "制定": 2, "行政": 2, "战区": 8, "主建": 8, "美军": 10, "军改": 2, "五大": 2, "军种": 2, "无权": 2, "调兵": 4, "九": 2, "指挥": 6, "政权": 2, "拥兵": 2, "战斗部": 2, "拥": 2, "精兵": 8, "峰值": 2, "配齐": 2, "削峰填谷": 2, "错综复杂": 2, "汇总": 2, "绕开": 2, "各行其事": 2, "联合": 2, "EBG": 2, "CBG": 2, "纳入": 2, "垂直": 2, "统一": 4, "全球化": 2, "分裂": 2, "诸侯": 2, "总发财": 2, "岗位": 8, "分工": 2, "军事家": 2, "都会": 2, "打枪": 2, "角色": 2, "冲锋": 6, "第一线": 2, "枪": 6, "贡献": 11, "组建": 2, "参加": 2, "大战": 2, "战争": 8, "打仗": 2, "以营": 2, "团": 2, "单位": 2, "这是": 7, "村自为战": 2, "人自为战": 2, "条": 4, "路线": 2, "放权": 2, "遍地": 2, "下夕": 2, "烟": 2, "倍出": 6, "辈": 4, "改造": 2, "乾坤": 2, "超出": 2, "上浮": 2, "移交": 2, "广东": 2, "公安": 2, "写": 4, "共享": 2, "抛": 2, "砖": 2, "正确": 6, "讨论": 3, "明年": 4, "六月份": 2, "开会": 2, "细则": 2, "探讨": 2, "指": 8, "权威": 2, "结构": 5, "瘦身": 4, "富余": 2, "挤": 4, "坂田": 2, "找": 11, "有人": 2, "路": 2, "率先": 2, "重复": 14, "重复性": 4, "劳动": 8, "人浮于事": 4, "建": 2, "创造": 5, "就业": 3, "机会": 17, "问责": 2, "人人": 2, "想到": 2, "近水楼台": 2, "晋升": 8, "安定": 2, "庞大": 2, "战时": 6, "吃": 2, "减少": 6, "出路": 2, "敢死队": 8, "进攻": 6, "连长": 2, "降": 4, "一等": 2, "工资": 2, "一级": 6, "述职": 2, "地方": 4, "降级": 2, "降职": 2, "过关": 2, "强制性": 2, "合并": 4, "当头": 2, "想法": 3, "得力": 2, "担任": 2, "正职": 2, "竞选": 2, "副职": 2, "助理": 2, "处于": 4, "混乱期": 2, "一点": 7, "编制": 2, "理解": 4, "前线": 14, "办公室": 2, "政策": 9, "机关干部": 2, "大部分": 4, "转为": 2, "高级": 9, "循环": 8, "优选": 2, "淘汰": 4, "职级": 14, "妥协": 3, "年后": 2, "提职": 2, "提级": 4, "奖金": 10, "慎重": 2, "提": 6, "一大": 4, "倒挂": 2, "综合": 3, "战场": 22, "踊跃": 4, "撕开": 4, "城墙": 2, "口子": 4, "所有人": 2, "后方": 6, "讲": 8, "概念": 5, "重视": 6, "进一步": 3, "分离": 2, "管控": 4, "承接": 4, "集团": 4, "定岗": 2, "定编": 2, "高效": 2, "诉求": 2, "评估": 2, "旅途": 2, "空耗": 2, "比赛": 2, "前方": 4, "导向": 8, "火线": 8, "选人": 4, "战壕": 10, "提拔": 22, "领袖": 4, "天才": 4, "成批": 2, "军团": 6, "集体": 20, "受奖": 8, "精英": 4, "+": 13, "职员": 6, "道路": 2, "弹头": 4, "支援": 22, "队列": 2, "大方向": 2, "带": 10, "一批": 12, "实力": 3, "善于": 4, "啃骨头": 2, "中青年": 4, "最高级": 2, "低": 2, "阶少": 2, "壮派": 2, "充满": 6, "少将": 4, "高职级": 2, "降下": 2, "薪酬": 2, "做成": 2, "精干": 2, "调配": 2, "中校": 2, "少校": 4, "大概": 2, "中尉": 4, "上尉": 2, "补充": 2, "力量": 2, "压缩": 2, "少壮派": 8, "准尉": 2, "少尉": 2, "五十": 2, "六十": 2, "岁": 4, "元帅": 2, "天天": 6, "血书": 2, "批准": 3, "新兵": 4, "促训": 2, "残酷": 2, "学": 2, "实战": 2, "加快": 6, "提高": 6, "入党": 4, "危难": 2, "时刻": 2, "战功": 2, "资源部": 2, "追补": 2, "手续": 2, "青年": 2, "整编": 2, "小兵": 2, "升到": 3, "司令": 6, "考验": 6, "推荐": 3, "充裕": 2, "23": 6, "经理": 2, "骂声": 2, "错": 2, "派": 2, "胜利": 2, "合适": 4, "攻": 2, "下山头": 2, "团队": 6, "中选": 2, "素质": 6, "放在": 2, "合格": 2, "补考": 2, "李": 2, "云龙": 2, "骂骂咧咧": 2, "年轻": 2, "刚": 3, "总会": 2, "件": 2, "错事": 4, "模块": 2, "指引": 2, "很快": 2, "苗子": 2, "CFO20": 2, "涨快": 2, "当机立断": 2, "心目": 2, "相当于": 2, "2012": 2, "实验室": 2, "财经": 2, "平行": 2, "二级": 2, "产品线": 2, "平级": 2, "完整": 2, "任职": 2, "资格": 2, "破格": 8, "实在": 2, "留": 4, "攻关": 2, "大规模": 2, "拼": 2, "刺刀": 2, "3-5年": 2, "血": 4, "活力": 2, "新鲜": 2, "血液": 4, "激活": 2, "换血": 2, "度过": 2, "危机": 2, "阶段": 2, "支": 2, "生力军": 2, "干什么": 2, "称霸": 2, "包产": 4, "合作制": 2, "汇报会": 2, "一句话": 2, "提到": 2, "奖励": 2, "形式": 2, "顺格": 2, "领导": 2, "中间级": 2, "干将": 2, "破": 4, "三格": 2, "协商": 2, "干预": 2, "所在": 2, "顺级": 2, "评定": 2, "项目组": 2, "电视剧": 2, "绝密": 2, "543": 2, "早期": 2, "走弯": 2, "承包": 4, "倒退": 2, "主战": 26, "贴近": 2, "后勤": 6, "简单化": 2, "攻山头": 2, "攻下": 2, "上甘岭": 4, "坦克": 6, "修理车": 2, "加油车": 2, "担架队": 2, "炮弹": 4, "供应车": 2, "馒头车": 2, "加上": 2, "精": 2, "命令": 2, "战斗力": 2, "发": 4, "邮件": 2, "几点几分": 2, "送达": 2, "送": 2, "送到": 2, "追究": 2, "主官": 2, "速度": 2, "险大": 2, "弟兄们": 2, "推翻": 2, "升职": 2, "牺牲": 2, "空缺": 2, "价值": 2, "光荣感": 2, "自豪感": 2, "横向": 2, "谈吐": 2, "佳": 2, "拍拍": 2, "脑袋": 2, "升官": 4, "年轻人": 2, "建功立业": 2, "三十": 2, "非主战": 2, "还要": 6, "嗷嗷叫": 2, "精兵强将": 2, "业精于勤": 2, "五": 2, "激进": 10, "保守": 8, "向前": 4, "质量": 9, "加大": 9, "向上": 4, "捅破天": 4, "向下": 2, "扎": 2, "年初": 4, "预定": 2, "数额": 2, "尽量": 2, "差距": 2, "形势": 2, "想方设法": 3, "伙伴": 6, "险": 2, "粗犷式": 2, "货款": 4, "回来": 2, "乱": 2, "冒险": 2, "绝大部分": 2, "表格": 2, "数量": 4, "打赢": 2, "场": 2, "开枪": 2, "授给": 2, "赚钱": 2, "调查": 3, "原因": 4, "客观": 2, "带头": 2, "下岗": 4, "总体": 2, "销售额": 4, "注重": 2, "货收": 2, "流动资金": 2, "拖垮": 2, "中国区": 4, "同情": 2, "支付": 3, "显得": 2, "现金流": 2, "真实": 2, "科研": 3, "坚定不移": 4, "短期": 3, "长期": 3, "牵引": 3, "产业": 3, "方向": 3, "报表": 2, "投资": 6, "更新": 2, "仪器": 2, "仪表": 2, "花掉": 2, "武器": 4, "升级换代": 2, "技术口": 2, "交给": 2, "领域": 3, "AT团队": 2, "AT": 2, "下半年": 2, "引进": 2, "招聘": 2, "科学家": 2, "少年": 2, "融入": 2, "适合": 2, "让道": 2, "绳子": 2, "绑": 2, "拖": 2, "决心": 2, "！": 2, "调侃": 2, "空间": 2, "拜特朗普": 2, "赐": 2, "新闻台": 1, "播出": 1, "兼": 1, "首席": 3, "执行官": 3, "抵挡": 1, "测试": 1, "不在乎": 1, "买": 2, "货物": 1, "开玩笑": 1, "曝光度": 1, "宣传": 1, "全世界": 1, "人民": 1, "厉害": 1, "表现": 1, "上涨": 2, "态势": 1, "排名": 1, "高于": 1, "苹果": 1, "仅次于": 1, "销量": 1, "1.18亿": 1, "同期": 1, "24%": 1, "昨天": 1, "首款": 2, "Mate": 4, "X": 1, "5G版": 1, "发售": 1, "官方": 2, "售价": 1, "6199": 1, "截至": 1, "款": 6, "预约量": 1, "突破": 4, "100万": 1, "文章": 1, "转载": 2, "公众号": 1, "环球网": 2, "作者": 1, "环环": 1, "暂缓": 5, "实质": 1, "长罗斯": 3, "宣称": 2, "子公司": 5, "实体名单": 2, "绕": 1, "威胁": 2, "做生意": 2, "高科技": 4, "紧张": 2, "不已": 1, "出尔反尔": 1, "显示": 2, "面对": 1, "贸易战": 3, "带来": 2, "经济": 11, "衰退": 3, "信号": 1, "不堪": 1, "情景": 2, "19日晚": 2, "依赖": 3, "暂时": 1, "豁免期": 1, "福克斯": 1, "商业": 1, "频道": 1, "罗斯": 3, "电信": 7, "宽限": 1, "农村": 1, "资料": 1, "5月份": 1, "黑名单": 3, "严禁": 1, "核心": 3, "遭遇": 1, "冲击": 1, "延迟": 1, "美国商": 1, "业": 1, "义务": 1, "路透社": 1, "关联": 1, "100": 2, "制造商": 1, "支出": 1, "高达": 1, "700亿": 1, "高通": 1, "英特尔": 1, "美光": 1, "科技": 1, "拿到": 1, "110亿": 1, "执照": 1, "上个月": 1, "听证会": 1, "收到": 1, "50多": 1, "请求": 1, "11月": 1, "关注": 2, "会同": 1, "福布斯": 1, "网站": 3, "延缓": 1, "松": 1, "一口气": 1, "前一天": 1, "暗示": 1, "周日": 3, "记者": 2, "感慨": 1, "的确": 1, "德国": 4, "新闻报": 1, "协议": 2, "作出": 2, "让步": 1, "损失": 1, "添加": 1, "可见一斑": 1, "华为牌": 1, "取消": 2, "关税": 7, "意义": 1, "施压": 6, "试图": 1, "北京": 2, "3000亿": 2, "输美": 1, "商品": 2, "10%": 1, "强有力": 1, "手段": 1, "下行": 1, "华盛顿": 2, "主动": 2, "18日": 2, "证实": 1, "80亿": 1, "F-16V": 1, "战机": 1, "笔": 1, "金额": 1, "香港": 6, "暴力": 1, "有用": 1, "质疑": 1, "系列": 7, "涉华": 1, "言论": 1, "发言人": 2, "耿爽": 3, "售": 2, "严厉": 1, "驳斥": 1, "说法": 3, "敦促": 2, "该项": 1, "军售": 1, "和美": 1, "军事": 1, "后果": 1, "声音": 1, "越来越": 2, "响亮": 1, "时报": 2, "民主党": 1, "参选人": 1, "布蒂": 1, "吉格": 1, "抨击": 1, "对付": 1, "农民": 2, "连带": 1, "伤害": 1, "有线": 1, "电视": 1, "新闻网": 1, "国情": 1, "节目": 1, "征收": 3, "蠢": 1, "农业": 1, "关上": 1, "大门": 1, "杀死": 1, "观察": 1, "终于": 1, "承认": 1, "关税战": 1, "打击": 1, "一再": 1, "代价": 1, "经济学家": 2, "老板": 1, "错误": 3, "不停": 1, "日前": 1, "改口": 1, "谈到": 1, "解释": 1, "确保": 1, "圣诞季": 1, "研究所": 1, "研究员": 1, "莱恩": 1, "确实": 1, "买单": 1, "生产商": 1, "小布什": 1, "顾问": 1, "委员会": 1, "资深": 1, "列维": 1, "惹怒": 1, "偷走": 1, "圣诞节": 1, "圣诞": 1, "怪杰": 1, "退缩": 1, "俄罗斯": 1, "生意人": 1, "报": 1, "自特朗普": 1, "上任": 1, "局势": 1, "加剧": 1, "实际上": 3, "减缓": 2, "飞跃": 1, "大幅": 1, "产能": 1, "中兴": 1, "阿里巴巴": 1, "腾讯": 1, "70％": 1, "消费": 1, "电子": 1, "感到": 1, "不安": 1, "上世纪": 2, "阻止": 1, "日本": 3, "独立": 1, "体制": 1, "全国": 2, "抵制": 1, "不良": 1, "负面": 1, "时代": 1, "周刊": 1, "幕僚": 1, "密集": 1, "亮相": 1, "谈论": 1, "打消": 1, "选民": 1, "恐慌": 1, "广播": 1, "NBC": 1, "华尔街": 1, "日报": 1, "民调": 1, "将近": 1, "2/3": 1, "比例": 1, "有史以来": 1, "水平": 3, "全文": 1, "来源": 1, "环球": 1, "萧达": 1, "青木": 1, "陶短房": 1, "陈": 1, "王伟": 1, "柳": 1, "玉鹏": 1, "前段": 1, "新机": 5, "入网": 2, "工信部": 2, "疑似": 1, "30": 3, "定位": 3, "亲民": 1, "畅享": 7, "10": 8, "预示": 1, "不久后": 1, "见面": 1, "网友": 1, "曝光": 4, "Plus": 6, "参数": 2, "配置": 8, "信息": 4, "摄像头": 6, "图源": 3, "前置": 1, "1600万": 1, "素升": 1, "降式": 1, "全新": 3, "马达": 1, "升降": 3, "损坏": 1, "防磁": 1, "干扰": 1, "带磁": 1, "吸": 1, "支架": 1, "后置": 2, "4800万": 3, "素超": 3, "广角": 3, "AI三": 1, "F1.8": 1, "素主": 2, "颗": 2, "800万": 2, "镜头": 5, "200万": 1, "像素": 2, "景深": 1, "一览表": 1, "该机": 4, "配备": 1, "一块": 1, "6.59": 1, "英寸": 1, "LCD": 1, "屏": 4, "屏幕": 2, "分辨率": 1, "2340": 1, "×": 1, "1080": 1, "搭载": 4, "麒麟710": 1, "处理器": 4, "辅以": 1, "6GB/8GB": 1, "128GB": 1, "内存": 1, "运行": 1, "EMUI": 1, "9.1": 1, "4000": 1, "mAh": 2, "电池": 2, "5V/2A": 1, "充电": 1, "GPU": 2, "Turbo": 1, "3.0": 1, "超级": 1, "Gaming": 1, "黑科技": 1, "加持": 2, "不俗": 1, "境": 3, "爆料": 3, "赤": 1, "茶橘": 1, "翡": 1, "冷翠": 1, "幻夜": 1, "黑": 1, "配色": 2, "选": 1, "独家": 1, "蓝白": 1, "渐变": 1, "设计": 1, "机身": 1, "P30": 1, "外观": 1, "价格": 2, "唯一": 1, "悬念": 1, "真实性": 1, "有待": 1, "考证": 1, "供": 2, "参考": 1, "消息": 2, "昨日": 2, "据悉": 4, "初次": 1, "发放": 1, "到期": 1, "此次": 1, "再度": 1, "有效期": 1, "意味着": 1, "软件": 1, "意识": 1, "终究": 2, "长久之计": 1, "图片": 1, "原文": 1, ";": 21, "(": 7, ")": 7, "!": 1, "即将": 3, "9月份": 1, "Mate30": 3, "Pro": 5, "麒麟": 4, "990": 4, "4K": 3, "60FPS": 2, "视频": 4, "录制": 3, "电影": 2, "侧边": 1, "近乎": 1, "度": 1, "瀑布屏": 1, "容量": 1, "4200": 1, "30W": 1, "无线": 1, "快充": 1, "可谓": 2, "逆天": 1, "notebookcheck": 1, "众所周知": 1, "向来": 1, "影像": 2, "创新": 1, "拍照": 2, "摄影": 1, "有目共睹": 1, "据说": 1, "到来": 1, "Mate30/Mate30": 2, "惊喜": 2, "6日": 1, "IFA2019": 1, "芯片": 1, "升级": 3, "台积电": 1, "7": 1, "nm": 1, "7nm": 1, "EUV": 1, "制程": 1, "工艺": 1, "CPU": 1, "主频": 1, "频率": 1, "基带": 2, "速率": 1, "首次": 1, "集成": 1, "麒麟990": 1, "60fps": 1, "动力": 1, "摄": 1, "4000万": 1, "潜望式": 1, "TOF": 1, "组合": 1, "首发": 1, "EMUI10": 1, "早前": 1, "慕尼黑": 1, "随后": 1, "26日": 1, "上海": 2, "届时": 1, "拭目以待": 1, "7248167": 1, "文": 1, "杨晓": 1, "李嘉诚": 21, "助攻": 3, "振奋": 1, "看似": 1, "举措": 1, "毫不费力": 1, "事实上": 1, "未雨绸缪": 2, "资产": 6, "欧洲": 5, "抛售": 1, "内地": 3, "2013年": 3, "旗下": 1, "长和系": 2, "甩卖": 1, "转向": 1, "东方": 1, "汇金": 1, "2014年": 2, "南京": 1, "金融": 1, "大厦": 1, "盈科": 1, "重庆": 1, "大都会": 1, "2015年": 2, "地产": 1, "盈晖": 1, "荟": 1, "减持": 1, "港灯": 1, "股权": 1, "陆家嘴": 1, "世纪": 1, "汇": 1, "2017年": 2, "电讯": 3, "规避": 1, "风险": 2, "看空": 1, "房价": 1, "疯狂": 1, "背后": 1, "债务": 3, "从来": 1, "如履薄冰": 1, "总负债率": 1, "1.3%": 1, "上市": 1, "相比": 1, "忽略": 1, "布局": 1, "海外": 2, "2012年": 1, "收购": 6, "配气": 1, "WWU": 1, "Kinrot": 1, "奥地利": 1, "橙": 1, "Orange": 1, "荷兰": 1, "再生": 1, "AVR": 1, "2.25亿": 1, "英镑": 2, "19.84亿": 1, "拿下": 2, "4G": 1, "牌照": 1, "7.8亿": 1, "欧元": 1, "60.28亿": 1, "爱尔兰": 1, "斥资": 1, "102亿": 1, "899.3亿": 1, "O2": 1, "葡萄牙": 2, "风力": 1, "发电": 1, "lberwind": 1, "澳大利亚": 1, "能源": 2, "DUET": 1, "加拿大": 1, "建筑": 1, "商ista": 1, "意大利": 2, "巨头": 1, "Wind": 1, "Tre": 1, "吞并": 1, "为止": 1, "立足": 1, "跨国": 1, "港元": 2, "统计": 1, "总额": 1, "8000亿": 1, "渊源": 1, "90年代": 1, "中期": 1, "和记": 1, "和讯": 1, "瓶颈": 1, "站稳": 1, "脚跟": 1, "得知": 1, "通知": 1, "所属": 1, "亿": 1, "单子": 1, "此后": 1, "影响力": 1, "介绍": 3, "订单": 1, "顺利": 1, "短短": 1, "10多": 1, "老牌": 1, "传出": 1, "跑路": 1, "传闻": 3, "以讹传讹": 1, "弄虚作假": 1, "不攻自破": 1, "国人": 2, "欢呼": 1, "夸赞": 1, "品牌": 1, "制约": 1, "对此": 1, "本文": 1, "不凡": 1, "智库": 1, "原创": 1, "出品": 1, "未经": 1, "渠道": 3, "请勿": 1, "违者": 1, "必究": 1, "举办": 1, "智慧": 15, "论坛": 3, "助手": 13, "负责人": 2, "透露": 1, "负": 3, "上线": 2, "用户": 18, "界面": 1, "分发": 2, "流量": 1, "入口": 2, "相较于": 1, "用户数": 1, "183%": 1, "月活": 2, "161%": 1, "出行": 3, "家庭": 1, "娱乐": 2, "效率": 2, "典型": 1, "场景": 6, "汽车": 1, "N种": 1, "无缝": 2, "体验": 3, "天然": 1, "优势": 1, "浅": 1, "跨": 1, "车机": 1, "打磨": 2, "形态": 1, "回归": 1, "本身": 1, "关心": 1, "主题": 2, "便捷": 2, "打开": 1, "全局": 1, "搜索": 1, "直达": 1, "快速": 1, "寻找": 1, "想要": 1, "点击": 1, "即可": 1, "键": 1, "订阅": 1, "卡片": 6, "理财": 1, "民生": 1, "服务类": 1, "开启": 1, "结束": 1, "自动": 1, "消失": 2, "台风": 5, "天气": 2, "实时": 3, "路径": 1, "提前": 1, "防御": 1, "远去": 1, "热门": 1, "资讯": 1, "懂": 1, "本届": 1, "围绕": 1, "AI&I": 1, "展开": 1, "驱动力": 1, "AI": 1, "&": 2, "硬件": 1, "HUAWEI": 2, "Ability": 2, "Gallery": 2, "HiLink": 1, "结构化": 1, "规划": 1, "构建": 1, "致力于": 1, "地分": 1, "发给": 1, "接入": 1, "5000": 1, "精品": 1, "覆盖": 1, "14大": 1, "垂域": 1, "117": 1, "类型": 2, "旅行": 1, "1.3亿": 1, "增多": 1, "具备": 1, "吩咐": 1, "事情": 1, "记住": 1, "喜好": 1, "无需": 1, "指令": 1, "提醒": 1, "现场": 1, "携程": 1, "美团": 1, "百度": 1, "地图": 1, "位置": 1, "立体": 1, "推送": 1, "航班": 1, "美食": 1, "打车": 1, "产品力": 1, "行业": 1, "7248393": 1, "主持": 1, "例行": 1, "记者会": 1, "答": 1, "证据": 1, "泛化": 1, "滥用": 1, "管制": 1, "措施": 1, "他国": 1, "歧视性": 1, "赤裸裸": 1}