{"文": 2, "/": 4, "猪": 1, "九": 1, "诫": 1, "出品": 1, "：": 83, "IT": 8, "爆料": 2, "汇": 3, "忽然": 1, "讨论": 3, "联想": 122, "华为": 369, "美国": 241, "列入": 10, "实体": 18, "清单": 17, "事情": 5, "闹": 1, "沸沸扬扬": 2, "以往": 2, "出事": 1, "遭殃": 1, "国人": 4, "同仇敌忾": 1, "摇旗呐喊": 1, "网友": 5, "爆出": 1, "率先": 7, "断供": 22, "很快": 7, "对此": 7, "辟谣": 5, "洗清": 1, "公众": 4, "内部": 9, "采购": 9, "系统": 39, "消失": 1, "质疑": 2, "件": 6, "辨": 3, "真假": 2, "真的": 6, "是非": 2, "看待": 2, "、": 128, "先来": 1, "事件": 26, "封禁": 1, "发生": 2, "传闻": 4, "称": 18, "随后": 4, "认证": 1, "香港": 1, "科技": 51, "大学": 2, "纳米": 4, "科学技术": 1, "博士": 5, "用户": 9, "在知乎": 3, "相关": 14, "回答": 4, "证实": 3, "断货": 1, "集团": 43, "国内": 14, "面临": 10, "口碑": 3, "危机": 3, "出台": 1, "平台": 3, "传播": 3, "之间": 3, "美帝": 8, "良心": 3, "想": 12, "再次": 3, "刷屏": 1, "中文": 1, "互联网": 1, "今日": 5, "5月": 26, "19日": 10, "凌晨": 6, "发布": 24, "严正": 1, "声明": 15, "未": 5, "知乎": 3, "灰机": 1, "想法": 1, "公开": 4, "道歉": 2, "发展": 35, "看似": 1, "尘埃落定": 1, "不少": 6, "买账": 1, "提到": 5, "公司": 124, "供货": 16, "字": 1, "网民": 2, "不满": 3, "再度": 1, "传出": 1, "深夜": 2, "恢复": 3, "升级版": 1, "说法": 2, "确切": 2, "证据": 3, "暂且": 2, "论断": 1, "一个": 61, "谣言": 16, "掰扯": 2, "第一": 20, "到底": 2, "动机": 3, "一点": 11, "段": 2, "时间": 16, "公关": 5, "部门": 5, "异常": 3, "活跃": 1, "针对": 10, "此前": 5, "流传": 2, "态度": 7, "置之不理": 1, "近期": 4, "罕见": 1, "大部分": 8, "正面": 3, "回应": 7, "包括": 16, "争议": 6, "5g": 1, "投票": 5, "风波": 2, "站": 3, "住": 1, "脚": 1, "兴趣": 2, "自行": 3, "搜索": 1, "查看": 2, "系列": 2, "措施": 1, "起码": 1, "代表": 6, "定位": 2, "一家": 12, "中国": 160, "企业": 59, "大众": 1, "未必": 1, "自居": 1, "关头": 1, "原因": 2, "在于": 4, "如今": 2, "美": 6, "关系": 4, "脚踏两条船": 1, "迫切": 1, "解决": 7, "屁股": 1, "坐": 2, "此次": 7, "舆论": 10, "都": 47, "力挺": 4, "意味着": 7, "努力": 7, "付诸东流": 1, "自绝于": 1, "人民": 7, "杨元庆": 2, "干": 5, "柳传志": 2, "下定": 2, "决心": 2, "费力": 1, "讨好": 1, "解释": 5, "撇清": 1, "才": 6, "结论": 2, "未来": 12, "后续": 3, "事实": 2, "依据": 7, "打脸": 1, "第二": 14, "诋毁": 2, "官方": 6, "写": 3, "不明": 7, "势力": 6, "指向": 1, "常识": 2, "来讲": 2, "动力": 2, "无非": 1, "群体": 3, "觊觎": 1, "市场": 34, "份额": 9, "竞争": 11, "对手": 6, "相互": 1, "买": 10, "通稿": 1, "互黑": 1, "现象": 1, "；": 25, "一贯": 1, "作风": 1, "消费者": 10, "多年": 10, "负面": 5, "累积": 1, "造谣": 4, "PC": 10, "厂商": 4, "主观": 1, "可能性": 2, "成本": 4, "太": 4, "败露": 1, "身败名裂": 1, "普通人": 2, "牢狱": 1, "灾": 1, "收益": 8, "不管是": 1, "中都": 1, "很": 24, "难": 7, "基于": 2, "考量": 2, "遭遇": 5, "超越": 1, "常规": 1, "认知": 3, "范畴": 2, "中兴": 18, "世界": 9, "神奇": 1, "幕": 1, "唯一": 5, "超级大国": 4, "举国": 1, "对付": 2, "国家": 44, "紧急": 4, "状态": 4, "答案": 1, "呼之欲出": 1, "很多": 7, "垃圾": 1, "组装厂": 2, "搞": 8, "抱有": 2, "思维": 7, "多半": 1, "高估": 1, "善意": 2, "目的": 5, "一开始": 1, "行业": 10, "遏制": 1, "崛起": 2, "小米": 7, "OV": 5, "BAT": 1, "靶子": 1, "身板": 1, "挡": 1, "倒下": 2, "幸免": 1, "美的": 1, "生死": 1, "国运": 1, "较量": 2, "毕竟": 4, "西方": 3, "参照物": 1, "倒": 8, "爱立信": 1, "高通": 20, "因特尔": 1, "阿里巴巴": 2, "亚马逊": 1, "腾讯": 1, "Facebook": 1, "百度": 1, "谷歌": 3, "滴滴": 1, "Uber": 1, "惠普": 2, "……": 3, "哪家": 1, "替代": 8, "只不过": 2, "忙": 1, "暂时": 5, "腾出": 1, "手": 1, "优先": 3, "选择": 8, "足够": 3, "低": 4, "跌入": 1, "谷底": 1, "风干": 1, "稻草": 1, "放出": 1, "信息源": 1, "借助于": 1, "情绪": 2, "搞垮": 2, "佳": 1, "品牌": 10, "全球": 59, "挺立": 1, "独苗": 1, "搞死": 1, "领域": 17, "地位": 5, "武断": 1, "证明": 3, "无辜": 2, "简单": 1, "政府": 13, "就此": 2, "收手": 1, "第三": 6, "观点": 1, "在商言商": 1, "当成": 2, "朋友": 5, "不用": 2, "敌人": 5, "这才": 1, "开放": 3, "包容": 1, "民族": 12, "身份": 1, "绑上": 1, "民族化": 1, "标签": 1, "反而": 3, "不利": 2, "局势": 1, "民族主义": 1, "大旗": 1, "吓跑": 1, "外来": 1, "宾客": 1, "特朗普": 9, "面对": 9, "越来越": 3, "狭隘": 1, "封闭": 1, "正确": 2, "团结": 8, "力量": 8, "利用": 4, "资源": 1, "打赢": 1, "场": 10, "硬仗": 1, "缩小": 1, "最少": 1, "剩下": 2, "帝国主义": 3, "本国": 1, "亲": 1, "分子": 1, "资本家": 1, "大地主": 1, "——": 6, "毛泽东": 3, "身边": 1, "任正非": 20, "目标": 7, "加剧": 1, "封锁": 19, "拒人于千里之外": 1, "迎宾": 1, "万里之遥": 1, "敲诈勒索": 1, "盟友": 4, "收拢": 1, "人心": 3, "红旗": 2, "才能": 5, "过程": 3, "苹果": 9, "英特尔": 5, "社会主义": 1, "骂": 1, "夸": 1, "算": 1, "中肯": 1, "至少": 6, "民族牌": 1, "情怀牌": 1, "交给": 1, "见证": 1, "这家": 2, "全球化": 2, "运营": 2, "策略": 1, "当年": 4, "贸工技": 1, "路径": 2, "非议": 1, "颇": 1, "否认": 2, "海外": 2, "出手": 1, "走": 3, "国门": 1, "尤其是": 1, "硬件": 3, "喷": 2, "纵观": 1, "巨头": 4, "摆脱": 1, "组装": 4, "保证": 5, "贸易战": 2, "打向": 1, "子弹": 4, "颗": 3, "血统": 1, "争论不休": 1, "死掉": 1, "丧失": 5, "话语权": 1, "武器": 2, "中国人": 12, "中午": 1, "心声": 5, "社区": 5, "刊发": 1, "创始人": 7, "兼": 4, "总裁": 11, "18日": 5, "接受": 11, "日本": 16, "媒体": 10, "采访": 8, "消息": 9, "当天": 1, "深圳": 12, "总部": 5, "供应商": 29, "出售": 6, "芯片": 78, "为此": 6, "做好": 8, "这是": 16, "贸易": 14, "禁令": 18, "首次": 3, "截图": 5, "经济": 12, "新闻": 12, "英文": 1, "网站": 3, "报道": 9, "抨击": 1, "黑名单": 2, "坚称": 2, "违法": 2, "英文网": 1, "开发": 11, "减少": 7, "生产": 24, "带来": 10, "影响": 31, "日经": 2, "设计": 38, "核心": 16, "处理器": 8, "子公司": 6, "海思": 34, "技术": 41, "有限公司": 1, "暗示": 1, "早": 5, "计划": 6, "应对": 5, "潜在": 1, "供应": 9, "中断": 2, "封": 5, "公开信": 2, "何庭波": 3, "写道": 2, "实际上": 22, "预见": 1, "确实": 3, "后备": 1, "强硬": 3, "任由": 2, "华盛顿": 6, "摆布": 2, "改变": 10, "管理": 5, "监管": 2, "禁止": 9, "业务": 27, "有限": 2, "表达": 1, "长期": 7, "前景": 1, "信心": 4, "预计": 7, "增长": 9, "放缓": 4, "小幅": 2, "补充": 1, "年度": 5, "收入": 13, "略": 2, "低于": 2, "20%": 2, "接二连三": 1, "威胁": 7, "伙伴": 6, "政策": 6, "冒险": 1, "信誉": 1, "本土": 10, "5G": 24, "设备": 16, "请求": 2, "快": 8, "死": 2, "剑桥": 5, "神级": 1, "称为": 1, "Quora": 4, "昨天": 1, "报复": 1, "大神": 1, "Jauns": 1, "Dongye": 1, "现身": 1, "宏观": 2, "视野": 1, "格局": 1, "2016-2018年": 1, "首席": 3, "工程师": 2, "Alan": 1, "Street": 1, "点赞": 1, "！": 14, "每日": 5, "翻译": 1, "不仅仅": 1, "各方": 1, "意见": 1, "介绍": 2, "2019年": 14, "P30": 7, "手机": 56, "供应链": 13, "麒麟980": 1, "半导体": 49, "SoC": 4, "System-on-Chip": 1, "集成": 10, "电路": 8, "组件": 9, "组合": 1, "系统级": 1, "指令": 2, "架构": 13, "英国": 4, "ARM": 13, "购买": 24, "CPU": 12, "GPU": 4, "许可": 3, "64": 3, "AMBA": 1, "总线": 1, "标准": 3, "数百": 1, "名": 6, "员工": 5, "内核": 1, "加速器": 2, "IP": 3, "计算机": 1, "Synopsys": 2, "软件": 6, "Cadence": 2, "Design": 1, "Systems": 1, "制造": 24, "赛": 1, "灵思": 1, "Xilinx": 1, "电子": 11, "自动化": 1, "EDA": 7, "工具": 8, "指出": 5, "三": 5, "位于": 2, "加州": 3, "模拟": 3, "支付": 4, "许可证": 4, "费用": 2, "现有": 3, "软核": 2, "Softcore": 1, "Cortex-A76": 1, "Cortex-A55": 1, "款": 5, "同一个": 1, "大核": 1, "德克萨斯州": 1, "奥斯汀市": 1, "小核": 1, "低端": 1, "核则": 1, "台湾": 13, "MediaTek处": 1, "产品": 48, "Mali": 1, "T830": 1, "互连": 1, "子系统": 1, "内存": 3, "控制器": 1, "SRAM": 1, "逻辑": 2, "动态": 2, "静态": 1, "随机": 1, "存取": 1, "存储器": 3, "单元": 1, "韩国": 7, "三星": 13, "授权": 13, "7纳米": 1, "3D": 1, "堆叠": 1, "RAM": 1, "大连": 1, "数字": 1, "信号": 6, "DSP": 3, "摄像头": 2, "德国": 7, "徕卡": 2, "相机": 3, "镜头": 3, "控制": 2, "韦茨拉尔": 1, "Wetzlar": 1, "大立": 1, "光电": 2, "Largan": 1, "Precision": 1, "舜宇": 1, "光学": 1, "驱动": 1, "聚焦": 1, "电动": 1, "马达": 1, "三美": 1, "电机": 1, "株式会社": 2, "转换": 1, "感光膜": 1, "欧菲光": 1, "欧": 1, "菲光": 1, "iPhone": 1, "亚利桑那州": 1, "凤凰城": 1, "ON": 1, "半导体处": 1, "用于": 4, "自动": 1, "焦": 1, "图像": 2, "稳定": 2, "方案": 16, "高清": 1, "视频": 1, "采用": 6, "索尼": 2, "ISP": 1, "CEVA": 1, "专利": 12, "北京": 10, "寒武纪": 1, "AI": 2, "基带": 3, "圣何塞": 1, "博通": 4, "Wi-Fi": 1, "GPS": 1, "蓝牙": 1, "支持": 3, "3G": 2, "专利费": 3, "4G": 4, "LTE": 1, "拥有": 10, "BLONG": 1, "团队": 2, "科学院": 1, "北斗": 1, "导航": 1, "带": 3, "验证": 1, "印度": 2, "射频": 4, "通信": 16, "路": 3, "复用": 1, "放大": 2, "无线": 1, "频率": 1, "RFIC": 4, "北卡罗来纳州": 1, "RF微": 1, "RF": 1, "Micro": 1, "Devices": 1, "持有": 1, "TriQuint": 1, "合并": 1, "成立": 7, "科沃": 1, "Qorvo": 1, "功率": 4, "放大器": 1, "村田": 1, "制作": 1, "MurataManufacturing": 1, "高端": 2, "电容器": 1, "TST": 1, "麦捷": 1, "Microgate": 1, "声表": 1, "面波": 1, "SAW": 1, "传感器": 4, "思佳": 1, "讯": 1, "Skyworks": 1, "Solutions": 1, "绝缘": 1, "体上": 1, "硅": 1, "开关": 1, "信维": 1, "Sunway": 1, "Co.）": 1, "罗森博格": 1, "Rosenberger": 1, "上海": 4, "工厂": 6, "天线": 1, "近场": 1, "通讯": 3, "NFC": 2, "触控": 1, "荷兰": 2, "恩智浦": 2, "提供": 17, "Neubiberg": 1, "英飞": 1, "凌": 1, "股份": 7, "汇顶": 5, "指纹": 3, "长盈": 1, "精密": 2, "USB": 1, "Type-C": 1, "海思会": 1, "程序": 2, "包": 1, "送到": 1, "台积电": 26, "布局": 9, "阿斯麦": 1, "ASML": 1, "进口": 5, "掩模": 1, "齐": 1, "mask": 1, "alignment": 1, "systems": 1, "信越": 1, "Shin-Etsu": 1, "世创": 1, "Siltronic": 1, "AG": 1, "Sumco": 1, "晶圆化": 1, "学品": 1, "图片": 2, "来源": 10, "官网": 2, "材料": 4, "化学": 1, "半成品": 1, "代表性": 1, "稀土": 1, "玻璃": 3, "金属": 2, "比亚迪": 2, "负责": 3, "变色": 1, "外壳": 1, "密度": 1, "东莞": 2, "生益": 2, "电路板": 3, "屏幕": 3, "OLED": 3, "硬屏": 1, "Pro": 1, "京东方": 2, "软屏": 1, "LG": 1, "广州": 1, "占据": 3, "商处": 1, "订购": 1, "所需": 1, "运送": 1, "郑州": 1, "富士康": 1, "成机": 1, "众多": 3, "旗舰": 1, "击败": 1, "智能": 8, "情况": 16, "优势": 9, "基础": 14, "设施": 6, "熟悉": 1, "列出": 2, "每家": 1, "销量": 5, "原材料": 1, "数量": 5, "惊讶": 1, "发现": 7, "客户": 17, "杀死": 2, "伤害": 1, "倒闭": 1, "为数不多": 1, "价值": 2, "没法": 2, "承受": 4, "40%": 1, "打击": 4, "智囊团": 1, "现状": 1, "年前": 3, "启动": 4, "情形": 1, "备份": 2, "等于": 1, "创造": 1, "千载难逢": 1, "机会": 5, "找": 3, "推动": 4, "学者": 1, "交流": 1, "知识": 4, "产权": 4, "这项": 2, "重复": 1, "别人": 1, "步骤": 2, "炒": 1, "冷饭": 1, "地区": 9, "利益": 9, "共同体": 1, "较为": 1, "落后": 5, "加工": 2, "工艺": 14, "实力": 2, "研发": 22, "地铁": 2, "网络": 13, "伦敦": 1, "只能": 4, "离线": 2, "阅读": 1, "篇": 2, "描写": 1, "退欧": 1, "故事": 2, "精彩": 1, "小说": 2, "21": 1, "财闻": 1, "综合": 1, "环球网": 1, "知情": 2, "人士": 3, "透露": 4, "电信": 4, "实体名单": 4, "亚洲": 2, "顶级": 1, "供货商": 1, "交付": 1, "报告": 3, "评估": 2, "图1": 1, "晶圆": 2, "代工": 3, "14nm": 3, "节点": 2, "领先": 5, "10": 3, "nm": 6, "落伍": 1, "7nm节": 2, "大获全胜": 1, "赢得": 3, "7nm": 8, "订单": 3, "Exynos": 1, "IBM": 1, "宣传": 1, "友商": 1, "1": 3, "调制解调器": 3, "下半年": 1, "联发科": 3, "Helio": 1, "M70": 1, "Unisoc": 1, "首款": 1, "配备": 1, "IVY": 1, "510": 1, "12": 5, "制程": 10, "众所周知": 1, "尖端": 1, "委托": 1, "大陆": 10, "中芯国际": 16, "追赶": 2, "先进": 9, "水平": 12, "联席": 3, "执行官": 2, "梁孟松": 5, "近日": 6, "FinFET": 7, "进展": 8, "顺利": 7, "12nm": 5, "导入": 4, "阶段": 4, "下一代": 5, "积累": 3, "进度": 3, "喜人": 4, "中芯": 3, "南方": 1, "建造": 1, "产能": 3, "布建": 1, "三大": 2, "存储": 7, "基地": 1, "紫光": 2, "旗下": 6, "长江": 2, "NAND": 2, "闪存": 2, "32": 1, "层": 3, "堆栈": 3, "小规模": 1, "量产": 5, "主力": 2, "128": 1, "2020年": 2, "追上": 1, "国际": 4, "长鑫": 2, "内": 6, "国产": 11, "大规模": 5, "持续": 10, "投入": 5, "超过": 7, "15000": 1, "3": 7, "操作": 13, "均": 1, "自主": 2, "自研": 2, "自产": 1, "能力": 9, "麒麟": 3, "巴龙": 1, "升腾": 1, "鲲鹏": 1, "天罡": 1, "Solar": 1, "产品线": 1, "大都": 1, "具备": 2, "芯": 1, "端到": 1, "端": 1, "支撑": 5, "投资者": 2, "分歧": 2, "产业链": 21, "共识": 2, "(": 19, ")": 19, "扶持": 4, "下周": 2, "热点": 2, "周末": 5, "发酵": 3, "美国商务部": 11, "缩减": 2, "送上": 1, "为期": 2, "90": 2, "临时": 2, "通用": 2, "执照": 2, "美国商": 1, "品": 1, "维护": 3, "零件": 1, "周五": 3, "过度": 1, "悲观": 1, "缓解": 1, "日报": 4, "发表": 3, "招": 1, "关键": 9, "时刻": 2, "顶": 1, "大用": 1, "文章": 4, "备胎": 3, "发声": 2, "不大": 1, "制造商": 3, "销售": 20, "状况": 1, "说话": 1, "安定": 1, "恐慌性": 1, "下杀": 1, "利空": 3, "担忧": 1, "消息面": 1, "平静": 1, "释放": 2, "今晚": 1, "算是": 1, "利好": 1, "A股": 11, "国盛": 1, "郑": 1, "振湘": 1, "研报": 1, "梳理": 1, "8": 2, "1.": 1, "采购额": 1, "300亿": 1, "美金": 2, "五": 3, "大件": 1, "GPUADDA": 1, "器件": 7, "GPUADDA海思": 1, "落地": 1, "自强": 1, ".": 26, "用量": 1, "百亿": 2, "级别": 4, "三年": 1, "翻倍": 1, "主流": 4, "DRAM": 1, "合肥": 1, "兆": 1, "创新": 6, "利基型": 1, "兆易": 1, "ISSI": 1, "君正": 2, "拟": 1, "收购": 3, "切入": 1, "马上": 1, "放量": 1, "FPGA": 3, "同创": 1, "紫光国微": 1, "安路": 1, "信息": 9, "士兰": 2, "微入股": 1, "4.": 1, "韦尔": 2, "+": 2, "豪威": 2, "圣邦": 1, "矽": 1, "立杰": 1, "5.": 1, "闻泰": 1, "安世": 1, "扬杰": 2, "6": 5, "阻容感": 1, "顺络": 1, "7.": 1, "封测": 2, "长电": 1, "华天": 2, "通富": 1, "微电": 2, "连接器": 1, "立讯": 1, "意华": 1, "4月份": 1, "2018年": 17, "名单": 2, "光迅": 1, "华工": 1, "深南": 2, "歌尔": 3, "蓝思": 1, "亨通": 1, "排行榜": 1, "关注": 4, "环节": 2, "最为": 5, "板块": 1, "协会": 4, "揭晓": 1, "MEMS": 2, "十大": 2, "涉及": 6, "上市": 11, "层面": 1, "共有": 1, "六": 1, "IC": 3, "华大": 1, "第五": 1, "港股": 2, "控股": 1, "微电子": 3, "第六": 2, "第七": 1, "士兰微": 1, "第八": 1, "发起": 7, "矽成": 1, "第九": 2, "华虹": 1, "华润": 1, "科": 1, "创板": 3, "舰芯": 1, "片科": 1, "IPO": 2, "申请": 1, "受理": 1, "问询": 2, "封装": 4, "测试": 4, "天水华": 1, "主营": 1, "引线": 1, "框架": 1, "键合丝": 1, "康强": 1, "排名": 8, "印制": 1, "基板": 1, "装联": 1, "项": 4, "高纯": 1, "溅射": 1, "靶材": 1, "江丰": 1, "2017年": 6, "下滑": 1, "等离子": 1, "刻蚀": 1, "中微": 1, "冲击科": 1, "上交所": 1, "北方": 2, "华创": 2, "全资": 1, "装备": 1, "榜单": 4, "华微": 1, "苏州": 1, "固锝": 1, "捷捷": 1, "跻身": 1, "进程": 1, "无锡": 1, "新洁": 1, "声学": 1, "季度": 4, "统计": 3, "报表": 2, "地方": 3, "数据": 7, "评选": 2, "填报": 1, "纳入": 2, "日前": 1, "传言": 6, "办公": 5, "电脑": 12, "服务器": 4, "网帖": 1, "宣称": 1, "最初": 1, "微信": 2, "聊天": 1, "社交": 1, "斥责": 1, "服务": 22, "遵守": 5, "法律": 15, "合规": 3, "条例": 10, "多事之秋": 5, "共度": 5, "难关": 7, "全文": 1, "查": 1, "网上": 4, "不实之词": 4, "传播者": 5, "连夜": 5, "取证": 5, "诉诸": 5, "手段": 7, "追究": 5, "造谣者": 5, "责任": 5, "攻击": 5, "连续": 5, "广度": 3, "深度": 4, "远": 6, "超": 4, "商业": 6, "汇报": 3, "勿": 3, "所在": 4, "环球": 1, "时报": 1, "获悉": 1, "停止": 6, "年间": 1, "希望": 4, "16日": 8, "票": 2, "差": 1, "输掉": 1, "系统化": 1, "攻击者": 1, "2016年": 3, "GPP": 1, "组织": 7, "86": 1, "86b": 1, "87": 1, "会议": 3, "扭曲": 1, "捏造": 1, "屏蔽": 1, "借助": 1, "摩擦": 2, "环境": 4, "凭空": 1, "拿下": 1, "出卖": 2, "早已": 3, "澄清": 1, "背书": 1, "想象": 1, "名誉": 1, "损失": 9, "央视": 3, "评论": 2, "绝地": 5, "反击": 3, "居安思危": 7, "本周四": 2, "毫无": 5, "实据": 3, "70": 5, "关联": 2, "出口": 15, "管制": 9, "配件": 2, "极限": 12, "绞杀": 4, "意在": 3, "切断": 2, "命脉": 2, "阻遏": 2, "高科技": 4, "霸主": 4, "意想不到": 2, "启用": 4, "花费": 2, "十余": 2, "备用": 4, "确保": 6, "战略": 19, "展现": 1, "未雨绸缪": 5, "远见": 4, "奋斗": 6, "精神": 5, "生产商": 2, "20多": 2, "国际化": 2, "覆盖": 2, "170": 2, "三分之一": 3, "人口": 5, "日常": 2, "需求": 6, "崎岖": 2, "坎坷": 2, "并购": 2, "项目": 3, "受阻": 2, "危害": 2, "调查": 4, "始终": 9, "排除": 2, "运营商": 5, "门外": 2, "焦虑不安": 2, "高速率": 2, "延迟": 2, "业界": 3, "竞争点": 2, "扬言": 2, "取胜": 2, "竞赛": 5, "绝不": 5, "挑战者": 2, "表面": 2, "封杀": 4, "套": 5, "概念": 2, "推行": 2, "保护主义": 2, "莫须有": 2, "罪名": 2, "政治": 4, "绑架": 2, "关门": 2, "游说": 2, "多种": 2, "绞杀令": 2, "强大": 4, "反倒": 2, "合作": 8, "冲击": 2, "数以万计": 2, "就业": 4, "岗位": 2, "破坏": 3, "人类": 4, "文明": 2, "戕害": 2, "赛林思": 2, "美方": 3, "股价": 2, "大跌": 2, "此举": 2, "可谓": 3, "损人": 2, "害": 2, "法国": 2, "总统": 7, "马克龙": 2, "总理": 2, "默克尔": 2, "欧洲": 11, "领导人": 4, "追随": 3, "霸权": 2, "滥用": 2, "打压": 10, "蛮横": 2, "做法": 4, "激起": 3, "公愤": 2, "欣慰": 3, "挥出": 2, "大棒": 2, "十几": 2, "预判": 2, "生存": 7, "艰苦": 4, "显示": 7, "底线": 4, "坚忍不拔": 2, "攻坚克难": 4, "豪情": 2, "企业家": 2, "正是": 3, "攀登": 2, "高峰": 2, "中华": 2, "回望": 2, "来时": 2, "中华民族": 2, "生于": 2, "忧患": 8, "成长于": 2, "壮大于": 2, "外部": 8, "明里": 2, "暗里": 2, "从未": 2, "间断": 2, "研制": 2, "两弹一星": 2, "大国": 4, "核讹诈": 2, "攻克": 2, "冲破": 4, "共产党": 2, "带领": 2, "繁荣": 2, "生活": 2, "幸福": 2, "好处": 2, "坏处": 2, "一次次": 2, "化险为夷": 2, "化危为机": 2, "前所未有": 4, "接近": 2, "复兴": 3, "主席": 4, "习近平": 2, "轻轻松松": 2, "敲锣打鼓": 2, "付出": 2, "更为": 5, "艰巨": 3, "增强": 3, "意识": 3, "防范": 2, "风险": 7, "挑战": 7, "进一步": 5, "意义": 4, "坚定": 3, "信念": 2, "坚守": 2, "迎来": 2, "风雨": 3, "彩虹": 2, "阴霾": 2, "过后": 2, "阳光": 2, "新闻网": 1, "供华": 2, "1点": 2, "经查": 3, "推上": 1, "风口浪尖": 1, "援引": 1, "页面": 1, "下线": 1, "更换": 1, "评价": 3, "爆发": 3, "近年来": 2, "出生": 2, "成长": 3, "大本营": 1, "主动": 2, "回归": 6, "重要性": 1, "重建": 3, "末尾": 1, "晚间": 1, "长文": 1, "解密": 1, "那场": 1, "保卫战": 1, "年后": 1, "重提": 2, "亮剑": 1, "对话": 1, "工程": 4, "构建": 1, "内外部": 1, "不久前": 1, "公众号": 3, "评论区": 3, "外界": 3, "方式": 2, "或许": 1, "变得": 1, "热闹": 1, "内容": 6, "长度": 2, "正文": 1, "声音": 1, "无稽之谈": 1, "呈现": 2, "真实": 3, "抹黑": 1, "歪曲": 1, "执行": 3, "副总裁": 3, "中国区": 5, "刘": 2, "军向": 1, "在内": 1, "刘军": 7, "转型": 3, "基石": 1, "改进": 2, "重回": 1, "公告": 1, "160多": 1, "占": 9, "总收入": 2, "26%": 1, "美洲区": 1, "31%": 1, "亚太区": 1, "18%": 1, "中东": 1, "非洲": 1, "区": 1, "25%": 1, "平稳": 2, "营业额": 1, "利润": 2, "下午": 1, "并称": 1, "打造": 3, "竞争力": 2, "模式": 1, "成功": 3, "忙于": 1, "方向": 3, "军画": 1, "条": 8, "跑道": 5, "物联": 1, "智慧": 4, "期待": 1, "看好": 1, "拿到": 2, "规模": 2, "诸多": 1, "阻力": 3, "来自于": 3, "平衡": 1, "或者说": 2, "难度": 1, "‘": 4, "空中": 1, "加油": 1, "’": 8, "推进": 2, "变革": 1, "二者": 1, "矛盾": 1, "好比": 1, "盖": 3, "新房": 1, "拆掉": 2, "旧": 2, "房子": 4, "东西": 4, "改造": 1, "停": 1, "难得": 1, "发": 1, "作者": 2, "宁南山": 2, "15日": 1, "新闻国": 1, "商务部": 7, "工业": 3, "安全局": 3, "BIS": 7, "Entity": 6, "List": 5, "Today": 2, "Bureau": 2, "Industry": 2, "Security": 4, "U.S": 5, "Department": 9, "Commerce": 7, "nounced": 1, "addingHuawei": 1, "Technologies": 1, "Co": 1, "Ltd": 1, "affiliates": 1, "举动": 1, "活动": 4, "违反": 8, "外交": 3, "This": 4, "action": 2, "stems": 1, "information": 4, "reasonable": 1, "basis": 1, "conclude": 1, "Huawei": 3, "isengaged": 1, "activities": 4, "contrary": 2, "national": 6, "security": 5, "foreignpolicy": 1, "interest": 1, "司法部": 2, "起诉书": 1, "指控": 3, "涉嫌": 2, "权力": 1, "I": 1, "EEPA": 1, "伊朗": 9, "违禁": 1, "金融": 5, "蓄意": 1, "IE": 2, "EPA": 2, "妨碍": 2, "司法": 2, "公正": 1, "阻碍": 3, "制裁": 7, "includes": 1, "alleged": 3, "Justice": 1, "public": 1, "superseding": 1, "indictment": 1, "including": 1, "violations": 2, "International": 1, "Emergency": 1, "Economic": 1, "Powers": 1, "Act": 2, "IEEPA": 1, "conspiracy": 1, "violate": 1, "providing": 1, "prohibited": 1, "financial": 1, "servicesto": 1, "Iran": 1, "obstruction": 1, "justice": 1, "connection": 1, "investigation": 1, "ofthose": 1, "sanctions": 1, "去年": 6, "加拿大": 1, "逮捕": 2, "孟晚舟": 1, "转让": 2, "颁发": 1, "损害": 1, "拒绝": 2, "联邦": 3, "公报": 1, "公布": 4, "Thesale": 1, "transfer": 2, "American": 2, "technology": 3, "company": 2, "person": 1, "EntityList": 1, "requires": 1, "license": 2, "issued": 1, "denied": 1, "saleor": 1, "harm": 1, "foreign": 6, "policy": 2, "interests": 2, "Thelisting": 1, "effective": 1, "published": 1, "Federal": 2, "Register": 1, "阻止": 1, "外国": 3, "商务": 2, "部长": 6, "威尔伯罗斯": 1, "指示": 1, "保护": 1, "自行政": 1, "当局": 1, "增加": 3, "190": 2, "1962年": 1, "贸易法": 1, "第232": 1, "Bureauof": 1, "support": 1, "President": 4, "United": 4, "States": 4, "places": 1, "Chinese": 1, "owned": 3, "largesttelecommunications": 1, "equipment": 1, "producer": 1, "world": 1, "prevent": 1, "entities": 1, "inways": 1, "potentially": 1, "undermine": 1, "policyinterests": 1, "Secretary": 3, "Wilbur": 1, "Ross": 1, "Trump": 2, "hasdirected": 1, "vigilant": 1, "protection": 1, "nationalsecurity": 1, "Since": 1, "beginning": 1, "Administration": 2, "Departmenthas": 1, "added": 2, "persons": 4, "organizations": 2, "sinstituted": 1, "investigations": 1, "effect": 1, "imports": 1, "securityunder": 1, "Section": 1, "232": 1, "Trade": 3, "1962": 1, "请": 4, "讲话": 4, "长": 2, "谈判": 4, "成员": 2, "流程": 3, "最终": 6, "审查": 2, "委员会": 4, "End-User": 2, "Review": 2, "Committee": 2, "国防部": 3, "国务院": 2, "能源部": 2, "官员": 1, "第744.11": 1, "理由": 4, "参与": 10, "添加": 1, "Additions": 1, "decided": 1, "comprised": 1, "officials": 1, "Defense": 1, "StateDepartment": 1, "Energy": 1, "Under": 1, "§": 1, "744.11": 1, "ExportAdministration": 1, "Regulations": 2, "isreasonable": 1, "involved": 3, "pose": 2, "significant": 1, "risk": 1, "thenational": 1, "thoseacting": 1, "half": 1, "List.": 1, "四": 3, "作出": 1, "集体": 1, "意志": 1, "Export": 1, "标题": 1, "签署": 1, "行政": 5, "命令": 4, "全国性": 1, "交易": 15, "signed": 1, "Executive": 4, "Order:Securing": 1, "Information": 1, "Communications": 2, "Technology": 1, "Services": 2, "SupplyChain": 1, "declaring": 1, "threats": 1, "communications": 1, "technologyand": 1, "services": 2, "supply": 1, "chain": 1, "adversaries": 1, "emergency.The": 1, "Order": 4, "prohibits": 1, "transactions": 2, "involve": 1, "andcommunications": 1, "designed": 1, "developed": 1, "manufactured": 1, "supplied": 1, "controlled": 1, "subject": 1, "jurisdiction": 1, "ordirection": 1, "adversary": 1, "determinesthat": 1, "transaction": 1, "threat": 1, "articulated": 1, "inthe": 1, "检察长": 1, "财政": 2, "国务卿": 1, "国防部长": 1, "国土": 2, "情报局": 2, "局长": 2, "总务处": 1, "处长": 1, "磋商": 2, "机构": 1, "负责人": 1, "150": 2, "规则": 1, "制定": 1, "此类": 2, "basedon": 1, "consultations": 1, "Attorney": 2, "General": 3, "Secretaries": 2, "Treasury": 2, "State,Defense": 2, "Homeland": 2, "Representative": 2, "theDirector": 2, "National": 2, "Intelligence": 2, "Administrator": 1, "theChairman": 1, "Commission": 2, "heads": 1, "therappropriate": 1, "agencies": 1, "In": 1, "carrying": 1, "mission": 1, "Commercewill": 1, "issue": 1, "regulations": 1, "days": 1, "establish": 1, "procedures": 1, "reviewingsuch": 1, "年内": 1, "酌情": 1, "安全部": 1, "Withinone": 1, "year": 1, "consultation": 1, "asappropriate": 1, "Chairman": 1, "FederalCommunications": 1, "report": 1, "actionstaken": 1, "sufficient": 1, "continue": 1, "mitigate": 1, "risks": 1, "identified": 1, "事实上": 4, "随时": 1, "筹码": 1, "多向": 1, "扭转": 1, "逆差": 1, "协议": 3, "产业": 19, "包含": 2, "感": 1, "同期": 1, "完整": 3, "英文版": 1, "对方": 1, "条件": 2, "区域": 2, "价格": 2, "零部件": 8, "原则": 1, "25％": 1, "对象": 1, "也就是说": 4, "处以": 1, "处罚": 4, "刑事": 2, "安然无恙": 1, "92": 1, "33": 1, "25": 1, "11": 2, "13": 2, "17日": 3, "接到": 1, "通知": 1, "缓冲期": 1, "轮值": 2, "CEO": 5, "徐": 1, "直军": 1, "2月": 2, "工作": 6, "发言": 1, "8000多": 1, "队伍": 1, "连续性": 4, "日夜": 1, "奋战": 1, "节假日": 1, "相对于": 1, "ICT": 15, "依赖": 8, "踏实": 1, "胡厚崑": 1, "出于": 1, "最新": 2, "研究": 3, "保障": 1, "极端": 4, "经营": 2, "高管们": 1, "肯定": 3, "军心": 1, "意味": 1, "究竟": 1, "基站": 5, "徐直军": 1, "印证": 1, "短期": 3, "麻烦": 1, "中长期": 2, "客观": 3, "终端": 2, "看重": 2, "体验": 4, "指标": 1, "小型": 2, "部件": 2, "供": 1, "交换量": 2, "流量": 1, "平均": 2, "G": 1, "连接": 1, "巨量": 2, "交换": 2, "同理": 3, "需求量": 2, "可靠性": 1, "假设": 3, "城市": 1, "断网": 1, "小时": 1, "等高": 1, "性能": 8, "高于": 2, "参数": 1, "如数家珍": 1, "发烧友": 1, "规格": 1, "区别": 1, "传输": 1, "速度": 6, "上网": 1, "感觉": 1, "相比": 1, "之下": 1, "在意": 1, "比如说": 1, "领导": 2, "款式": 1, "同款": 1, "百万": 1, "远远": 2, "单款": 1, "动辄": 1, "上百万": 1, "上千万": 1, "符合": 2, "导致": 3, "自主化": 1, "程度": 4, "底气": 2, "毫无疑问": 3, "下降": 2, "敏感": 1, "例子": 3, "下载": 3, "3M/s": 1, "4M/s": 1, "差异": 1, "回溯": 1, "永久": 2, "自有": 7, "可用": 1, "理解": 3, "惩罚": 1, "卖": 2, "服务性": 3, "所有权": 2, "收到": 1, "厂家": 10, "有人": 2, "器用": 1, "安卓": 12, "办公用": 1, "windows": 3, "禁用": 1, "完了": 1, "错误": 2, "软银": 1, "用到": 1, "管辖": 1, "版本": 4, "1月": 1, "自主性": 2, "疑问": 1, "V8": 1, "商用": 1, "制约": 1, "这不": 1, "推出": 2, "兼容": 1, "前不久": 1, "方舟": 1, "编译器": 1, "底层": 1, "独立性": 1, "合法": 1, "更新": 2, "留下": 1, "方法": 1, "规避": 3, "外包": 1, "摩尔": 1, "定律": 1, "高度": 2, "代工厂": 1, "精度": 1, "随之": 1, "数据库": 1, "7/5nm": 1, "缓冲": 3, "服务型": 1, "各国": 1, "当地": 1, "除外": 1, "早就": 2, "耍流氓": 1, "强行": 1, "卖给": 1, "算数": 1, "即可": 1, "反复": 1, "放弃": 1, "响应者": 1, "寥寥": 1, "元器件": 4, "—": 1, "统治": 2, "DAC,ADC": 1, "怀疑": 1, "同类": 2, "高管": 1, "生死存亡": 1, "从来": 1, "出人意料": 1, "提前": 1, "大类": 1, "动作": 1, "零": 1, "美系": 3, "ASIC": 1, "依赖度": 1, "备货": 4, "切换": 2, "空白期": 2, "类型": 1, "分级": 1, "给予": 1, "备库存": 1, "～": 1, "库存": 5, "推断": 1, "芯片厂": 1, "分销商": 2, "共担": 1, "会备": 1, "周期": 1, "大于": 1, "6-12": 2, "体系": 3, "占比": 1, "典型": 4, "笔记本": 4, "猛增": 1, "400%": 1, "年会": 1, "危险": 1, "替代品": 2, "安装": 1, "替代性": 1, "不可避免": 1, "相比之下": 2, "平板": 1, "担心": 2, "旗舰机": 6, "出货": 3, "毁灭性": 1, "消耗": 1, "重心": 1, "侧重": 1, "盈利": 4, "成熟": 1, "缓慢": 1, "报酬": 1, "幸而": 1, "局面": 1, "Q3": 1, "梁": 1, "孟松": 1, "加盟": 2, "一季度": 2, "全力": 1, "冲刺": 1, "初": 1, "财报": 4, "赵海军": 1, "看法": 1, "处于": 3, "调整期": 2, "透过": 1, "优化": 1, "改革": 1, "提升": 1, "内在": 1, "显着": 1, "提速": 1, "积蓄": 1, "能量": 1, "加速": 4, "接下来": 1, "趋势": 1, "步伐": 1, "迎合": 1, "到来": 1, "有望": 1, "走出": 1, "调整": 1, "主攻": 1, "好看": 1, "股东": 1, "33.6亿": 1, "美元": 17, "同比": 3, "8.3%": 1, "24.3%": 1, "二零一八年": 1, "六亿": 1, "营收": 1, "比例": 1, "感谢": 1, "同事": 1, "夜以继日": 1, "突破性": 1, "效率": 1, "长足": 1, "提高": 2, "28纳米HKC+": 1, "14": 3, "二零一九年": 1, "更进一步": 2, "微缩": 1, "表现": 1, "功耗": 1, "%": 3, "效能": 1, "面积": 1, "重叠": 1, "消费性": 1, "中端": 2, "AP": 1, "都会": 3, "基本上": 1, "14/12nm": 2, "10月": 2, "麒麟960": 2, "16nm": 1, "搭载": 2, "Mate9": 1, "P10": 1, "mate9": 1, "至今": 1, "流畅": 1, "时间段": 1, "老婆": 1, "中年": 1, "男人": 1, "刺激": 1, "消费": 1, "不行": 1, "市面": 1, "Nova2S": 1, "6G": 1, "G售价": 1, "1600": 1, "元": 2, "中低端": 5, "10nm": 1, "赶上": 3, "压力": 5, "考验": 1, "管理层": 1, "判断": 1, "历史": 5, "十字路口": 1, "做出": 3, "晚上": 1, "內部": 1, "建立": 1, "統": 1, "經": 1, "初步": 1, "評估": 2, "應": 1, "規範": 1, "決定": 1, "改": 1, "變對": 1, "華為": 2, "出貨": 2, "計畫": 1, "將繼": 1, "續": 1, "過": 1, "後續": 1, "將": 1, "持續": 1, "觀察與": 1, "纽约": 4, "证交所": 1, "发行": 1, "ADR": 1, "存托": 1, "凭证": 1, "美股": 1, "挂牌": 1, "定义": 1, "风险点": 2, "迫于": 1, "取决于": 1, "两三": 1, "这几年": 1, "看台": 1, "积电": 1, "变数": 1, "遭受": 5, "挫折": 2, "14nm/12nm": 1, "5": 1, "资金": 3, "手里": 3, "跨国": 1, "往来": 1, "汇路": 1, "境外": 2, "跨境": 4, "CHIPS": 4, "境内": 2, "银行": 17, "分行": 2, "中行": 1, "资格": 1, "清算": 2, "笔": 2, "流向": 1, "理论": 1, "冻结": 1, "欧元": 5, "人民币": 5, "民事": 1, "中资": 1, "恐怕": 1, "援助": 2, "参考": 2, "昆仑": 4, "案例": 1, "中石油": 1, "石油": 3, "开设": 1, "账号": 2, "亦然": 1, "2012年": 2, "结算": 4, "通道": 1, "关闭": 1, "商家": 1, "货物": 2, "我国": 4, "CIPS二": 1, "期": 1, "上线": 1, "三季度": 1, "办理": 1, "4.26万亿": 1, "60%": 1, "30多": 1, "签订": 1, "双边": 1, "本币": 1, "互换": 1, "抛开": 1, "命运": 1, "推演": 1, "分析": 2, "光伏": 2, "逆变器": 2, "安防": 1, "海康": 1, "威视": 1, "类似": 1, "电视": 3, "对外": 1, "自主化率": 1, "路由器": 1, "手环": 1, "手表": 1, "非美系": 2, "4月": 2, "警醒": 1, "总共": 1, "留出": 1, "加上": 1, "收": 1, "绕开": 1, "退出": 2, "整体": 1, "收取": 1, "倒是": 1, "谈": 1, "来劲": 1, "收费": 1, "弥补": 1, "付费": 2, "交叉": 1, "存量": 3, "商场": 1, "开发者": 1, "分成": 2, "30%": 1, "游戏": 2, "充值": 1, "pay": 1, "几亿": 1, "遍布": 1, "数百万": 1, "2G": 1, "老": 1, "备件": 1, "撑": 2, "不住": 2, "出面": 1, "协助": 1, "少部分": 1, "生意": 1, "火种": 1, "开创者": 1, "痛苦": 1, "几十": 1, "下图": 3, "英": 3, "伟达": 2, "AMD": 1, "Marvell": 1, "赛灵思": 1, "联咏": 1, "瑞昱": 1, "纯": 2, "Q1": 1, "15": 1, "海力士": 2, "美光": 1, "TI": 1, "东芝": 1, "飞凌": 1, "意法": 1, "份": 1, "遥遥": 1, "销售额": 3, "韩国人": 1, "无疑": 2, "惊人": 1, "排进": 1, "insight": 2, "50": 1, "53%": 1, "16%": 1, "11%": 2, "2%": 2, "韩": 2, "相加": 1, "大唐": 1, "估计": 1, "算上": 1, "17%": 1, "产值": 1, "位居": 1, "联电": 1, "global": 1, "foundry": 1, "势头": 2, "猛": 1, "本来": 1, "华人": 1, "英伟": 1, "黄仁勋": 1, "联合": 3, "雅虎": 1, "杨致远": 1, "youtube": 1, "陈士骏": 1, "安华": 1, "陈福阳": 1, "出色": 1, "起步": 1, "晚": 1, "标志性": 3, "分水岭": 2, "抗美援朝": 1, "标志": 1, "殖民者": 1, "几百": 1, "东方": 1, "海岸线": 1, "上架": 1, "尊": 1, "大炮": 1, "霸占": 1, "时代": 1, "一去不复返": 1, "全世界": 1, "依旧": 1, "心理": 4, "重构": 1, "刷新": 1, "自信": 1, "黄种人": 1, "若有若无": 1, "蔑视感": 1, "杨振宁": 2, "邓": 2, "稼先": 7, "1971年": 3, "访问": 1, "中华人民共和国": 1, "见到": 1, "阔别": 1, "22": 1, "1964年": 1, "原子弹": 3, "试爆": 1, "报章": 1, "再三": 1, "事业": 2, "1948年": 1, "3月": 1, "寒春": 2, "8月": 2, "地点": 1, "外地": 1, "参加": 2, "告诉": 1, "离开": 1, "巴黎": 1, "回": 2, "前夕": 1, "上海市": 1, "大厦": 1, "吃饭": 1, "席": 1, "送": 1, "原子": 1, "最早": 1, "1959年": 1, "苏联": 5, "极少": 1, "外国人": 2, "短短的": 1, "感情": 3, "震荡": 3, "热泪满眶": 1, "不得不": 3, "起身": 1, "洗手间": 1, "整容": 1, "事后": 1, "追想": 1, "自豪": 1, "感到": 3, "骄傲": 1, "核武器": 2, "沮丧": 1, "确认": 1, "反差": 1, "杨": 1, "热泪盈眶": 1, "1999年": 1, "考克斯": 1, "轩然大波": 1, "焦点": 1, "热门": 1, "指责": 2, "偷窃": 6, "W88": 1, "核弹": 2, "小型化": 1, "华裔": 1, "科学家": 1, "李文和": 1, "李文": 2, "予以": 1, "2000年": 1, "获释": 1, "赔偿": 1, "媒体人": 1, "议员": 1, "视为": 1, "劣等": 1, "优越感": 2, "依然": 2, "花": 1, "精力": 1, "背后": 2, "航天": 2, "科工": 1, "中船": 1, "重工": 1, "电科": 1, "中车": 1, "上汽": 1, "电网": 1, "广核": 2, "中核": 3, "禁运": 2, "核技术": 2, "各项": 1, "稳步": 1, "自立": 2, "偷": 1, "心态": 2, "恐惧": 1, "弱点": 2, "必胜": 2, "把握": 2, "赌博": 1, "东亚": 11, "买家": 1, "步步高": 1, "139": 1, "差不多": 1, "70%": 1, "计算": 1, "807": 1, "62": 1, "7.7%": 1, "605": 1, "台": 1, "75%": 1, "47.76%": 1, "边缘化": 1, "孤岛": 1, "般的": 1, "融入": 1, "整机": 1, "远去": 1, "回到": 2, "失业率": 1, "制造业": 3, "薪资": 1, "服务行业": 1, "抢到": 1, "结构": 1, "变化": 1, "拍": 1, "开工厂": 1, "记录片": 1, "感受": 2, "工人": 1, "总体": 1, "年纪": 1, "看起来": 1, "白人": 1, "居多": 1, "远离": 3, "中心": 1, "距离": 1, "一万": 1, "公里": 1, "天然": 1, "劣势": 1, "集聚": 1, "中下游": 2, "半导体类": 1, "采购权": 1, "别无他家": 1, "分工": 1, "获取": 1, "加大": 2, "投资": 1, "循环": 1, "万里": 1, "识别": 2, "瑞典": 1, "FPC": 2, "OPPO,VIVO": 1, "纷纷": 1, "玩火": 1, "弱": 1, "原本": 1, "得以": 1, "壮大": 2, "困难": 4, "争分夺秒": 1, "一大": 1, "全球性": 2, "上游": 2, "模组": 1, "CMOS": 1, "面板": 1, "盖板": 1, "相继": 1, "突破": 2, "牢牢": 2, "这块": 1, "硬骨头": 1, "同等": 1, "替换": 2, "掉": 1, "永远": 1, "OPPO": 1, "VIVO": 1, "小米们": 1, "买到": 1, "7月": 2, "延续": 1, "差不多三": 1, "永久性": 2, "降低": 2, "力度": 1, "持续性": 1, "体量": 3, "7": 1, "倍": 1, "三家千亿": 1, "金额": 1, "211.31亿": 1, "45.2%": 1, "股票": 1, "跌": 1, "处境": 1, "商会": 1, "痛": 1, "撤销": 2, "必将": 1, "削弱": 2, "踢出": 1, "困难重重": 1, "持久战": 1, "18万": 1, "14亿": 1, "客气": 1, "同行": 1, "对调": 1, "化": 1, "军工": 3, "移除": 1, "保住": 1, "国有": 1, "建国": 1, "中广": 1, "核": 1, "中电科": 1, "晋华": 1, "....": 1, "严峻": 1, "1958年": 2, "苏": 1, "决裂": 2, "随之而来": 1, "1960年": 3, "撤走": 2, "援": 1, "华": 3, "专家": 2, "顶尖": 1, "五年计划": 1, "援建": 1, "304": 1, "上半年": 1, "建成": 1, "103": 1, "201": 1, "建设": 3, "28日": 1, "9月": 1, "1日": 1, "1390": 1, "带走": 1, "图纸": 1, "资料": 2, "成套": 1, "250": 1, "单位": 1, "停顿": 1, "半停顿": 1, "起因": 2, "提出": 1, "领土": 1, "军事": 2, "长波": 1, "电台": 1, "领海": 1, "中方": 1, "组建": 1, "舰队": 1, "主权": 1, "侵犯": 1, "回忆": 1, "闹翻": 1, "60年": 2, "要好": 1, "思想": 1, "胜利": 1, "漂亮": 2, "反击战": 2, "中央": 1, "广播": 1, "总台": 1, "锐评": 1, "ID": 1, "cctvnewscenter": 1, "本期": 1, "编辑": 4, "崔鹏": 1, "蒋川": 1, "新华社": 1, "供图": 1, "关键词": 1, "保密柜": 1, "悲壮": 1, "长征": 1, "言犹在耳": 1, "引发": 1, "阴晴不定": 1, "眼看": 1, "炸弹": 1, "反响": 2, "找补": 1, "表态": 3, "一度": 2, "传": 1, "捅": 1, "刀": 1, "取消": 1, "舆情": 1, "多重": 1, "交织": 1, "一时间": 1, "众声": 1, "喧哗": 1, "笔者": 1, "冷静": 1, "平和": 1, "乱": 1, "飞渡": 1, "从容": 1, "姿态": 1, "纷纷扰扰": 1, "翻脸": 1, "翻书": 1, "想见": 1, "深具": 1, "弃约": 1, "国度": 1, "套路": 1, "出牌": 1, "加持": 1, "上演": 1, "变脸": 1, "戏码": 1, "万万": 1, "寄": 1, "手下留情": 1, "丢掉": 1, "幻想": 1, "斗争": 1, "眼光": 1, "必经": 1, "沟坎": 1, "经济体": 1, "贸易国": 1, "外汇": 1, "储备国": 1, "120多": 1, "不折不扣": 1, "大块头": 1, "木秀于林风必摧之": 1, "分量": 1, "自然而然": 1, "吸引": 1, "目光": 1, "发达国家": 1, "警惕": 1, "某种": 1, "讹诈": 1, "密集": 1, "日益": 1, "焦虑症": 1, "现实": 1, "透射": 1, "聒噪": 1, "迟早": 1, "势必": 1, "愈发": 1, "角度": 1, "如是": 1, "种种": 1, "未尝": 1, "好事": 1, "行走": 1, "路上": 1, "经历": 1, "夯实": 1, "强国": 1, "根基": 1, "眼下": 2, "沟沟坎坎": 1, "定力": 1, "风雨兼程": 1, "载": 1, "一刻": 1, "夹缝": 1, "闯": 1, "天地": 1, "节奏": 2, "一穷二白": 1, "豺狼虎豹": 1, "扼杀": 1, "举世无双": 1, "淡定": 1, "如果说": 1, "善变": 1, "看清": 2, "形势": 1, "来势汹汹": 1, "胁迫": 1, "人云亦云": 1, "来路": 1, "激发": 1, "团结一心": 1, "众志成城": 1, "凝聚力": 1, "发文": 1, "实话": 1, "相较": 1, "内斗": 1, "捅刀": 1, "经贸": 1, "冷水浴": 1, "清醒": 1, "现代化": 2, "心往": 1, "劲往": 1, "攥": 1, "手中": 1, "社会": 1, "体现": 1, "风吹雨打": 1, "岿然不动": 1, "面貌": 1, "身处": 1, "风暴": 1, "漩涡": 1, "至暗": 1, "折叠机": 1, "参展": 1, "推广": 1, "日后": 1, "同步": 1, "可测": 1, "心里有数": 1, "无惧": 1, "暴风雨": 1, "雷声": 1, "响": 1, "乌云": 1, "深处": 1, "闪电": 1, "亮": 1, "漫长": 1, "黑夜": 1, "涌出": 1, "火红": 1, "太阳": 1, "不妨": 1, "诗": 1, "自勉": 1, "中流": 1, "奋楫": 1, "只争朝夕": 1, "一步一个脚印": 1, "棒": 2, "笑傲": 1, "风霜": 1, "守得云开见月明": 2, "·": 1, "长安": 1, "观察": 1, "孙昱杰": 2, "直指": 1, "坦言": 1, "2019": 1, "外媒": 1, "早于": 1, "亲自": 1, "跃": 1, "网红": 1, "B": 1, "元气": 1, "伤": 1, "走到": 1, "破产": 1, "边缘": 1, "更足": 1, "夜": 1, "转正": 1, "人无远虑必有近忧": 1, "实行": 1, "这次": 2, "否决": 1, "记者": 1, "670亿": 1, "110亿": 1, "重重": 1, "不止": 1, "悬": 1, "头": 1, "柄": 1, "利剑": 1, "2018": 1, "赚钱": 1, "相当于": 1, "大脑": 1, "ios": 1, "98%": 1, "yunOS": 1, "微软": 1, "Windows": 1, "Phone": 1, "生态": 1, "不计其数": 1, "APP": 2, "运行": 1, "认可度": 1, "极大": 1, "余承东": 2, "转发": 1, "名为": 1, "往事": 1, "3月份": 1, "以防": 1, "不再": 1, "规划": 1, "心中": 1, "风向标": 1, "抗住": 1, "胜": 1, "负手": 1, "因素": 1, "客户端": 1, "赵鹏": 2, "监制": 1, "涂": 1, "露芳": 1}