{"：": 25, "商业": 2, "周刊": 1, "整理": 1, "商周君": 1, "英国": 8, "金融": 24, "时报": 23, "新闻": 1, "汇丰": 67, "银行": 46, "送上": 1, "中国": 35, "舆论场": 1, "风口浪尖": 1, "这家": 5, "知名": 1, "公众": 1, "形象": 2, "备受": 1, "质疑": 2, "2019年": 10, "7月": 3, "8日": 1, "环球网": 1, "援引": 1, "披露": 4, "消息": 2, "称": 6, "洗钱": 4, "违反": 6, "制裁": 6, "法案": 2, "系列": 14, "美国": 88, "司法部": 30, "盯上": 4, "逃脱": 2, "处罚": 2, "同意": 3, "案件": 6, "配合": 9, "调查": 9, "华为": 273, "公司": 52, "受害者": 3, "最终": 3, "导致": 4, "高管": 14, "被捕": 6, "这位": 5, "软禁": 1, "加拿大": 8, "温哥华": 1, "首席": 2, "财务官": 2, "(": 4, "CFO": 2, ")": 4, "孟晚舟": 11, "内容": 7, "路透社": 14, "2月": 2, "很": 14, "详尽": 1, "描述": 2, "事中": 2, "扮演": 2, "角色": 3, "介绍": 4, "2016年": 3, "年底": 2, "2017年": 4, "发起": 2, "原因": 9, "换取": 4, "宽恕": 4, "本身": 5, "涉及": 5, "禁令": 5, "2012年": 5, "2013年": 2, "报道": 19, "指出": 3, "一家": 5, "伊朗": 4, "合作": 23, "伙伴": 7, "SKYCOM": 3, "业务": 19, "关系": 8, "媒体": 2, "澄清": 5, "事实": 5, "沟通": 4, "面对面": 1, "交流": 2, "合规": 2, "情况": 9, "会面": 1, "提供": 13, "份": 6, "PPT": 8, "文件": 3, "7月初": 1, "涉嫌": 3, "违法": 3, "面临": 4, "起诉": 7, "转交": 1, "随之": 1, "官方": 6, "动手": 2, "核心": 11, "证据": 6, "早": 3, "墨西哥": 2, "毒枭": 2, "缴纳": 2, "19亿": 2, "美元": 2, "130.98亿": 1, "元": 31, "巨额": 2, "罚款": 2, "接收": 1, "派驻": 3, "监控": 4, "人员": 6, "审查": 2, "年初": 4, "解释": 5, "政府": 10, "一个": 30, "400": 1, "团队": 7, "随时": 2, "信息": 6, "抗拒": 3, "辩词": 1, "创始人": 4, "、": 90, "董事": 2, "兼": 2, "CEO": 3, "任正非": 22, "6月": 1, "24日": 1, "接受": 7, "采访": 10, "犯罪": 3, "一开始": 4, "往来": 2, "邮件": 3, "证明": 4, "唛头": 1, "法律": 4, "受骗": 1, "知晓": 2, "事情": 4, "都": 29, "这是": 3, "赖": 1, "掉": 1, "法庭": 2, "检举人": 1, "检举": 2, "说法": 6, "停止": 2, "交易": 1, "停": 1, "做出": 5, "服务": 6, "重点": 1, "关照": 1, "官网": 4, "全球": 6, "机构": 4, "四": 3, "环球": 5, "零售": 1, "财富": 1, "管理": 1, "工商": 1, "资本": 1, "市场": 37, "私人": 1, "超过": 8, "3900万": 1, "名": 3, "客户": 5, "创办": 2, "1865年": 1, "香港": 4, "上海": 2, "有限公司": 1, "旨在": 1, "欧洲": 17, "印度": 1, "之间": 2, "日趋": 1, "频繁": 1, "贸易": 1, "融资": 2, "构想": 1, "源于": 1, "任职": 1, "铁行": 1, "轮船": 1, "苏格兰": 1, "人托马斯": 1, "苏石兰": 1, "Thomas": 1, "Sutherland": 1, "觉察": 1, "内地": 1, "沿海": 1, "地区": 2, "当地": 8, "需求": 4, "殷切": 1, "协助": 4, "创立": 1, "身为": 1, "父亲": 1, "件": 4, "过程": 2, "出示": 1, "执法": 1, "程序": 2, "法治": 3, "国家": 19, "放弃": 2, "侵犯": 1, "宪法": 1, "权利": 1, "倒": 1, "影响": 4, "拒绝": 3, "事件": 4, "评论": 2, "理由": 2, "案": 3, "当事方": 2, "发展": 9, "中国人": 3, "骄傲": 1, "品牌": 19, "想": 11, "手机": 39, "身边": 2, "朋友": 2, "款": 6, "百分之九十": 1, "都会": 3, "很多": 14, "困难": 4, "比如说": 3, "推出": 5, "5G": 6, "技术": 21, "领先": 2, "项": 3, "走": 6, "不少": 1, "为首": 1, "抵制": 1, "产品": 28, "前段": 1, "时间": 12, "对外": 2, "宣称": 2, "包括": 6, "5基站": 1, "隐患": 3, "同盟": 1, "国后": 1, "幸好": 2, "蒙蔽": 1, "眼": 1, "理智": 1, "打压": 2, "签订": 2, "合约": 1, "不错": 2, "成果": 1, "为止": 1, "俄罗斯": 2, "建立": 4, "百分之六十八": 1, "基站": 3, "目标": 1, "100%": 1, "规划": 1, "欧盟": 1, "认可": 4, "德国": 2, "成熟": 4, "传出": 1, "自然": 1, "不攻自破": 1, "打算": 2, "安卓": 12, "一同": 1, "有人": 2, "担心": 2, "减少": 1, "研发": 9, "不用": 1, "系统": 32, "芯片": 2, "支持": 8, "软银": 5, "集团": 4, "看好": 3, "不行": 1, "选择": 6, "高通": 2, "马云": 1, "发现": 2, "内幕": 1, "措施": 1, "孙正义": 2, "阿里": 2, "名单": 1, "踢": 1, "难听": 1, "一点": 2, "功劳": 1, "归于": 1, "阿里巴巴": 2, "投资": 1, "才": 6, "收到": 1, "大众": 1, "喜欢": 2, "众人": 1, "嫌弃": 1, "企业": 20, "走到": 1, "全都": 1, "咎由自取": 1, "算了": 1, "大言不惭": 1, "建": 1, "日本": 1, "换掉": 1, "态度": 5, "好转": 1, "改变": 4, "无疑": 1, "棵": 1, "墙头": 2, "草": 2, "成立": 1, "多年": 3, "主见": 1, "打击": 3, "足够": 1, "实力": 5, "太": 7, "5月": 1, "发布": 3, "挡": 1, "四处": 1, "游说": 1, "拉拢": 1, "盟友": 2, "站队": 1, "紧跟": 1, "寥寥无几": 1, "6月底": 1, "专项": 1, "总统": 1, "特朗普": 2, "G20": 2, "峰会": 2, "期间": 2, "出售": 3, "设备": 3, "奉行": 1, "狭隘": 1, "保护主义": 1, "领域": 11, "甩": 1, "身后": 1, "多国": 1, "推动": 1, "商业化": 1, "布局": 2, "东方": 1, "卫视": 1, "/": 1, "新闻Knews": 1, "记者": 9, "前往": 1, "独家": 1, "对话": 1, "西欧区": 4, "总裁": 6, "终端": 11, "事业部": 1, "西班牙": 8, "法国": 11, "总经理": 2, "西欧": 2, "带来": 2, "专题片": 1, "疑惑": 1, "信任": 3, "同行": 1, "西行": 1, "路": 1, "第三": 1, "深耕": 2, "辛酸": 1, "泪水": 1, "专注": 1, "奉献": 1, "终于": 2, "打开": 2, "局面": 1, "马德里": 2, "广场": 1, "Mate20": 8, "广告": 2, "盖": 1, "住": 1, "楼房": 1, "栋": 1, "墙面": 1, "巴黎": 1, "香榭丽舍": 1, "大街": 1, "零售商": 1, "FNAC": 1, "门店": 1, "购买": 22, "排起": 1, "长": 3, "队": 1, "欧洲人": 1, "青睐": 2, "随机": 1, "街头": 1, "民众": 1, "纷纷": 1, "戢仁": 6, "贵": 6, "整体": 1, "份额": 4, "20%": 2, "分化": 1, "接近": 1, "意大利": 1, "葡萄牙": 1, "上峰": 1, "30%": 1, "稳居": 1, "第一": 4, "表现": 2, "出色": 1, "提任": 1, "现职": 1, "如数家珍": 1, "运营商": 3, "贴牌": 1, "生产": 1, "上市": 5, "经验": 1, "持续": 4, "努力": 1, "2008年": 2, "2009年": 1, "赢得": 1, "沃达丰": 1, "德电": 1, "法电": 1, "大牌": 1, "11年": 1, "下定": 2, "决心": 2, "自有": 3, "彭博": 6, "坦白": 1, "来讲": 3, "ODM": 1, "转向": 3, "OEM": 1, "做好": 3, "消费品": 1, "截然不同": 1, "名不见经传": 1, "Y系列": 1, "智能机": 2, "宠儿": 1, "Mate": 7, "引领": 1, "潮流": 1, "P系列": 2, "屡": 1, "创": 1, "佳绩": 1, "2011年": 1, "2014年": 1, "2015年": 1, "艰辛": 1, "P9": 4, "P10": 1, "去年": 5, "P20": 6, "三年": 1, "旗舰": 1, "百分之百": 1, "增长": 4, "速度": 2, "往前": 1, "提升": 2, "3月": 1, "推": 1, "新品": 1, "这次": 1, "拍摄": 1, "银河系": 1, "照片": 1, "P30": 8, "年报": 1, "显示": 3, "负责": 2, "消费者": 3, "营收": 2, "2018年": 2, "3489亿": 1, "同比": 2, "45.1%": 1, "占": 1, "全年": 1, "48.4%": 1, "首次": 1, "收入": 1, "来源": 4, "成绩": 1, "投入": 1, "创新": 1, "本地化": 3, "策略": 1, "本地": 5, "员工": 5, "78%": 2, "欧洲区": 1, "70%": 1, "运营": 4, "人才": 4, "总部": 1, "大楼": 1, "屋顶": 1, "硕大": 1, "标志": 1, "告诉": 1, "金咏": 1, "1200": 1, "雇员": 1, "90%": 2, "雇佣": 1, "懂": 4, "文化": 3, "语言": 2, "理解": 3, "法规": 1, "当地人": 1, "熟知": 1, "那种": 1, "方式": 2, "中午": 1, "员工们": 1, "三三两两": 1, "聚": 1, "餐厅": 1, "吃饭": 2, "春节": 1, "留下": 1, "福": 1, "字": 2, "玻璃": 1, "餐台": 1, "黑板": 1, "中文": 1, "写": 1, "当日": 1, "菜单": 1, "透露": 5, "办公区": 1, "面孔": 1, "反倒": 1, "名副其实": 1, "外国人": 1, "商务部": 2, "副部长": 2, "丹尼尔·博路": 1, "记得": 1, "刚": 2, "测试": 3, "疯子": 1, "丹尼尔·博路达": 1, "工作": 2, "13年": 1, "本地化率": 1, "低": 1, "办公室": 2, "跨文化": 1, "招人": 1, "动用": 1, "精力": 1, "三顾": 1, "四顾茅庐": 1, "现阶段": 1, "算是": 1, "雇主": 1, "厚积薄发": 1, "形容": 1, "Pro": 11, "上百": 1, "大奖": 1, "知名度": 1, "美誉度": 1, "丹尼尔": 1, "拓展": 1, "职业": 3, "空间": 1, "西方": 1, "结构化": 1, "也许": 1, "机会": 4, "条": 3, "道路": 1, "方向": 2, "发生": 3, "部门": 1, "工程师": 1, "职位": 1, "消费": 1, "中心": 2, "故事": 2, "希望": 4, "传递": 1, "混合": 1, "战斗力": 1, "比例": 1, "创下": 1, "新高": 1, "84%": 1, "门口": 1, "展示": 1, "架": 1, "摆": 1, "各式": 1, "奖杯": 1, "奖状": 1, "证书": 1, "佐证": 1, "成就": 2, "时而": 1, "应势而动": 1, "施": 2, "伟亮": 2, "对此": 2, "体会": 1, "正好": 2, "碰到": 3, "3G": 1, "4G": 1, "转型": 1, "时代": 2, "传统": 1, "创造": 1, "弯道": 1, "超车": 1, "质量": 1, "把控": 1, "入乡随俗": 1, "营销": 1, "成长": 2, "如今": 5, "本土": 1, "缴": 1, "税": 1, "诺基亚": 1, "爱立信": 1, "缴税": 1, "之和": 1, "壮大": 1, "中外": 1, "融合": 1, "毕竟": 2, "差异": 1, "尴尬": 2, "在所难免": 1, "施伟亮": 1, "习惯": 2, "上司": 1, "贴面": 1, "回": 1, "女": 1, "干部": 1, "训": 2, "下属": 3, "叫到": 1, "个面": 1, "完面": 1, "凶": 1, "不对": 1, "礼仪": 1, "化解": 1, "心情": 1, "平复": 1, "二十年": 1, "早已": 1, "全球化": 7, "建议": 1, "国际化": 1, "闭关自守": 1, "成功": 4, "开放": 3, "才能": 3, "共赢": 1, "能力": 3, "生命力": 3, "持久": 1, "内": 2, "遍布": 1, "170": 1, "搭建": 3, "1500": 1, "网络": 2, "3400多": 1, "供应商": 1, "协议": 1, "30多亿": 1, "通信": 1, "保障": 1, "正当": 1, "展现": 1, "强大": 5, "稳步": 1, "前行": 1, "之际": 1, "突施": 1, "冷箭": 1, "欲": 1, "重创": 1, "肯定": 7, "场": 1, "危机": 4, "挑战": 2, "危": 3, "机": 1, "危跨": 1, "跨过": 2, "①": 1, "·": 3, "攻坚": 1, "②": 1, "转机": 1, "④": 1, "标题": 1, "外媒": 4, "爆料": 1, "！": 4, "暗地里": 1, "阴": 1, "近日": 2, "中方": 1, "被迫": 1, "上周": 2, "脱罪": 1, "搞": 2, "涉": 1, "详细": 1, "轮": 1, "截图": 6, "内部": 3, "搞到": 1, "用来": 1, "材料": 1, "罗织": 1, "罪名": 1, "抓": 1, "进一步": 2, "扣押": 1, "当面": 1, "想到": 1, "交给": 1, "扳倒": 1, "结束": 2, "起诉书": 2, "小小": 1, "很快": 2, "用作": 1, "逮捕": 1, "那位": 2, "依据": 2, "欺诈": 1, "确实": 7, "最新": 1, "再次": 1, "提及": 2, "写到": 1, "该报": 1, "还给": 1, "群": 1, "尝试": 1, "辩解": 1, "说辞": 1, "汇丰派": 1, "200-400": 1, "专访": 1, "公布": 4, "全文": 1, "第13": 1, "回答": 2, "提出": 3, "制造": 1, "麻烦": 1, "Skycom": 2, "LOGO": 1, "角度": 2, "骗": 1, "CNBC": 1, "公开": 1, "高管所": 1, "解决": 1, "从头到尾": 1, "犯下": 1, "罪行": 1, "仅仅": 1, "喝": 2, "咖啡": 1, "聊天": 1, "认定": 1, "有罪": 1, "做法": 2, "当年": 1, "给出": 1, "专家": 4, "属实": 2, "思考": 2, "应对": 2, "咨询": 1, "人士": 1, "此事": 1, "处在": 1, "极度": 1, "敏感": 1, "75%": 1, "收益": 1, "大陆": 2, "特区": 1, "复旦": 1, "大学": 1, "国际": 3, "政治系": 1, "副教授": 1, "沈逸": 1, "某种": 1, "意义": 1, "可靠": 1, "靠谱": 1, "损害": 1, "海外": 3, "合法": 1, "权益": 1, "谋求": 1, "利润": 3, "风险": 1, "防控": 1, "类似": 2, "刑事": 3, "司法": 3, "第四": 1, "非经": 1, "我国": 1, "主管": 1, "机关": 1, "外国": 1, "组织": 1, "诉讼": 1, "活动": 6, "匿名": 1, "本质": 1, "长臂": 3, "管辖": 4, "未经": 1, "许可": 1, "位于": 2, "境内": 1, "数据": 4, "转移": 1, "境外": 1, "用于": 4, "跨境": 1, "取证": 1, "出台": 1, "阻断": 1, "保管": 1, "控制": 6, "权": 1, "访问": 1, "义务": 1, "无视": 2, "主权": 1, "利益": 1, "配": 1, "合域": 1, "外长": 1, "臂": 1, "各方": 1, "关注": 1, "投稿": 1, "智能": 50, "相对论": 1, "新款": 1, "AI": 5, "音箱": 43, "京东": 3, "上线": 2, "开启": 2, "预售": 1, "第二": 2, "mini": 2, "年内": 1, "转弯": 1, "上架": 1, "大张旗鼓": 1, "宣传": 1, "为数不多": 1, "中都": 1, "寥寥": 1, "主打": 1, "海量": 1, "音乐": 2, "必答": 1, "家居": 5, "电话": 1, "功能": 4, "貌似": 1, "差别": 1, "MWC19": 1, "大会": 1, "何刚": 1, "实施": 1, "1+8+N": 1, "场景": 8, "战略": 1, "1": 2, "太阳": 1, "指": 3, "8": 3, "行星": 1, "平板": 4, "TV": 2, "眼镜": 1, "手表": 1, "车机": 1, "耳机": 1, "PC": 1, "八大": 1, "N": 1, "卫星": 1, "办公": 1, "运动": 1, "健康": 1, "影音": 1, "娱乐": 1, "出行": 1, "板块": 1, "延伸": 1, "赫然": 1, "在列": 1, "面对": 3, "人满为患": 1, "行业": 8, "现状": 1, "玩": 2, "BAM": 1, "突破": 1, "封锁": 1, "国内": 12, "依旧": 1, "人头攒动": 1, "定型": 1, "经历": 1, "厮杀": 1, "过后": 1, "百度": 3, "小度": 1, "天猫": 2, "精灵": 2, "小米": 7, "小爱": 1, "划分": 1, "格局": 2, "Q1": 1, "出货量": 1, "1060万": 1, "一举": 1, "超越": 1, "占比": 4, "AVC": 1, "4月": 1, "销售": 1, "33%": 1, "34%": 1, "24%": 1, "三": 1, "占到": 1, "余下": 1, "10%": 1, "留给": 1, "猎豹": 1, "喜马拉雅": 1, "众": 1, "有意": 1, "突围": 2, "难度": 1, "语音": 12, "轻而易举": 1, "云技术": 1, "理所当然": 2, "区区": 1, "关键": 2, "在于": 2, "交互": 7, "出门": 1, "问问": 1, "李志飞": 1, "灵魂": 1, "载体": 1, "参照": 1, "助手": 1, "科大": 1, "讯飞": 1, "略": 1, "欠": 1, "筹": 1, "短期": 1, "远场": 1, "识别": 2, "合成": 1, "外购": 1, "打磨": 1, "语义": 1, "略微": 1, "落后": 1, "挽回": 1, "热捧": 1, "绝大": 1, "一部分": 1, "视为": 2, "IoT": 3, "家庭": 5, "落地": 2, "拥有": 2, "优势": 3, "数量": 1, "—": 2, "平台": 2, "HiLink": 2, "之下": 1, "对手": 2, "硬件": 2, "生态": 4, "覆盖": 1, "何止": 1, "一星半点": 1, "净水器": 1, "吃": 1, "电饭煲": 1, "空气": 1, "净化器": 1, "电源": 1, "插座": 1, "应有尽有": 1, "链接": 2, "互联": 1, "互通": 1, "构建": 1, ";": 3, "偏向": 1, "求人": 1, "全场": 2, "景布局": 1, "控制端": 1, "应用端": 2, "模式": 3, "优劣": 1, "确认": 1, "开放式": 1, "掌控": 1, "话语权": 1, "不和": 1, "几率": 1, "饱尝": 1, "痛苦": 1, "扩张": 1, "产品线": 1, "倾向于": 1, "入口级": 2, "门锁": 1, "路由器": 1, "或许": 2, "垂直": 1, "细分": 2, "发力": 2, "当下": 1, "同质化": 1, "趋势": 2, "显现": 1, "各家": 1, "特色": 1, "一板一眼": 1, "随大流": 1, "目光": 1, "放": 1, "单独": 1, "男性": 1, "女性": 1, "用户": 3, "又或是": 1, "小孩": 1, "中老年": 1, "人群": 1, "打造": 2, "出路": 1, "具备": 2, "驱动": 2, "驱动型": 1, "实打实": 1, "体系": 1, "价格": 2, "市场化": 1, "阻力点": 1, "要素": 1, "届时": 2, "水平": 1, "贴近": 1, "消费层": 1, "鸡肋": 1, "熊掌": 1, "一度": 1, "追": 1, "风口": 2, "显得": 1, "纠结": 1, "表态": 1, "相关": 2, "腾讯": 1, "挖": 1, "评估": 1, "项目": 2, "砍": 1, "解散": 1, "坚定": 1, "想象": 1, "快": 3, "伴随": 1, "多样化": 1, "不再": 1, "唯一": 2, "便利": 1, "意识": 1, "起步": 2, "晚": 3, "好在": 1, "落": 1, "或者说": 1, "消费物": 1, "联网": 1, "深化": 1, "最多": 1, "听": 1, "主流": 1, "处于": 2, "建设期": 1, "东西": 2, "可用": 1, "等待": 1, "物联网": 9, "真实": 1, "在内": 1, "各类": 1, "将化": 1, "被动": 1, "主动": 1, "犹豫": 1, "FOMO": 1, "错失": 2, "恐惧症": 1, "投资圈": 1, "心理": 1, "幂次": 1, "法则": 1, "投资人": 1, "等于": 2, "白干": 1, "焦虑": 1, "热点": 1, "爆发": 1, "临界点": 1, "下半年": 1, "销量": 2, "攀升": 1, "一季度": 1, "超": 1, "500%": 1, "红利": 1, "释放": 1, "安奈": 1, "不住": 1, "挣钱": 1, "天方夜谭": 1, "补贴": 1, "亏": 1, "钱": 1, "今时": 1, "往日": 1, "观察": 1, "国外": 1, "赚钱": 1, "亚马逊": 1, "Echo": 1, "66%": 1, "谷歌": 23, "Home": 1, "56%": 1, "前期": 2, "付出": 1, "高昂": 1, "教育": 1, "成本": 3, "价格战": 1, "异常": 1, "激烈": 1, "低价": 1, "跑马圈": 1, "合适": 1, "入场": 1, "歪打正着": 1, "完美": 2, "避开": 1, "培育期": 1, "丢": 1, "地盘": 2, "抢": 1, "回来": 1, "增长点": 1, "爆发式": 1, "弥补": 1, "情理": 1, "之中": 1, "家伙": 1, "精": 1, "签子": 1, "烤": 1, "一块": 1, "肉": 1, "小结": 1, "着重": 1, "复制": 1, "后来居上": 1, "理性": 1, "难": 2, "情感": 1, "因素": 1, "缺一不可": 1, "前提": 1, "条件": 1, "符合": 1, "状态": 1, "雷军": 1, "试": 2, "试错": 1, "错过": 1, "!": 1, "段": 3, "实名制": 1, "黑名单": 1, "为时": 1, "七": 2, "鸿蒙": 17, "种种": 1, "不得不": 1, "国民": 1, "期待": 1, "5号": 2, "再度": 1, "谈": 1, "访谈": 4, "一阵": 1, "讨论": 2, "狂潮": 1, "汽车": 1, "自动": 1, "驾驶": 2, "工业": 1, "自动化": 2, "延时": 1, "微秒": 1, "亚微妙": 1, "区间": 1, "迎刃而解": 1, "巨头": 1, "基础": 1, "垄断": 2, "苹果": 5, "iOS": 2, "世界": 2, "99.9%": 1, "打破": 1, "威胁": 1, "程度": 1, "取代": 1, "不利": 1, "呐": 1, "封杀": 1, "难免": 1, "慌张": 1, "商量": 1, "若果": 1, "竞争": 6, "必定": 1, "浪费": 2, "资源": 1, "合力": 1, "局限于": 1, "混迹": 1, "长达": 1, "成熟度": 1, "熟练度": 1, "比拟": 1, "短短的": 1, "想要": 1, "建设": 1, "放心": 1, "手里": 1, "王牌": 1, "抢夺": 1, "当成": 1, "余承东": 1, "提到": 1, "再者说": 1, "稳妥": 1, "现如今": 1, "缺少": 2, "过关": 2, "骑车": 1, "机器人": 1, "保姆": 1, "搭载": 1, "走出": 4, "国门": 5, "影响力": 1, "更进一步": 1, "进军": 2, "小编": 1, "探索": 1, "开发": 1, "一席之地": 1, "局势": 1, "越来越": 2, "加油": 1, "想法": 1, "文章": 1, "下方": 1, "参与": 2, "围绕": 1, "话题": 1, "议论": 1, "服软": 1, "零件": 2, "终究": 2, "实体": 3, "清单": 3, "正式": 2, "撤": 1, "坚信": 1, "愿望": 1, "破灭": 1, "正是": 1, "免费": 1, "大阪": 1, "白宫": 1, "经济": 1, "顾问": 1, "库德洛": 1, "解禁": 1, "大赦": 1, "事实上": 1, "并未": 1, "撤离": 1, "对比": 1, "霸气": 2, "十足": 2, "给予": 1, "回复": 1, "列入": 1, "错": 1, "怎肯": 1, "取消": 1, "畏惧": 1, "初开": 1, "自主": 3, "揭开": 3, "面纱": 3, "本省": 1, "区域": 1, "可谓": 1, "底气": 1, "彰显": 1, "操作": 3, "百分之60": 1, "背后": 1, "缺乏": 1, "弱势": 1, "认清": 1, "何尝": 1, "胜利": 1, "破解": 1, "办法": 1, "商店": 1, "替代品": 1, "从来": 1, "一蹴而就": 1, "幸运": 1, "成分": 1, "长远": 1, "眼光": 1, "层": 1, "提前": 1, "此举": 1, "未": 1, "初": 1, "7": 2, "年前": 1, "有备无患": 1, "真的": 1, "派": 1, "用场": 1, "人无远虑必有近忧": 1, "度过": 1, "难关": 1, "无与伦比": 1, "地位": 1, "全世界": 2, "庆幸": 1, "遗憾": 1, "变化莫测": 1, "形式": 1, "一味": 1, "别人": 3, "来得及": 1, "出手": 2, "淘汰": 1, "硬": 1, "道理": 1, "敲响": 1, "警钟": 1, "永远": 1, "靠不住": 1, "强者": 1, "商城": 1, "巅峰": 1, "盛典": 1, "优惠": 3, "600": 1, "抓紧": 1, "薅": 1, "羊毛": 1, "合心意": 1, "不妨": 1, "机不可失": 1, "失不再来": 1, "nova5": 2, "8GB": 11, "+": 32, "128GB": 10, "2988": 1, "|": 21, "6": 4, "期": 3, "免息": 3, "赠": 9, "购物卡": 17, ">>": 21, ">": 21, "直达": 21, "<<": 20, "<华": 6, "256GB": 4, "3399": 1, "nova": 7, "5i": 1, "2199": 1, "满额": 4, "返券": 4, "<": 14, "64": 4, "GB": 5, "3988": 1, "大额": 10, "半年": 13, "碎屏险": 13, "4288": 1, "4788": 1, "5488": 1, "5988": 1, "512GB": 1, "6788": 1, "4e": 2, "4GB": 2, "1789": 1, "赠送": 2, "6GB": 5, "1999": 1, "畅享": 3, "9s": 2, "1449": 1, "150": 1, "1399": 1, "100": 1, "3499": 1, "3999": 1, "4899": 1, "5499": 2, "6299": 1, "X": 3, "6+128GB": 1, "4499": 1, "8+256GB": 1, "麦芒": 2, "1899": 1, "<<<": 1, "7210897": 1, "日前": 1, "惠修": 2, "一口价": 3, "延长": 1, "12月": 1, "10日": 1, "据悉": 1, "主板": 6, "故障": 2, "显示器": 1, "外屏": 3, "破损": 1, "口": 1, "价": 1, "维修": 8, "机型": 3, "增至": 1, "88": 1, "68": 1, "屏幕": 2, "399": 2, "249": 2, "90": 2, "保修": 2, "享": 1, "内屏": 1, "断裂": 1, "进液": 1, "腐蚀": 1, "私拆": 1, "私修": 1, "机身": 1, "变形": 1, "页面": 1, "麦芒/G": 1, "荣耀": 7, "V系列": 1, "数字": 1, "Play": 1, "X系列": 1, "畅玩": 1, "Note": 1, "Magic": 1, "平遥": 1, "Plus": 2, "白色": 2, "V9": 1, "蓝色": 1, "黑色": 4, "除外": 2, "9": 2, "限香": 1, "槟金": 1, "摩卡金": 1, "3": 1, "3i": 1, "V10": 1, "V8": 1, "299": 1, "Note10": 1, "10": 2, "含": 1, "保时捷": 1, "版本": 1, "499": 1, "科技": 1, "作者": 1, "朝晖": 1}