{"极客": 1, "谈": 1, "科技": 4, "全新": 2, "视角": 1, "、": 6, "思路": 1, "伴": 1, "遨游": 1, "神奇": 1, "世界": 1, "华为": 28, "手机": 14, "宣传": 1, "提到": 1, "徕卡": 13, "三": 5, "摄": 4, "很多": 1, "很": 1, "双摄": 1, "仅仅": 3, "针对": 1, "旗舰": 4, "机型": 1, "；": 3, "P20": 1, "系列": 2, "Mate": 1, "系类": 1, "包括": 1, "荣耀": 1, "并非": 2, "摄像头": 6, "认证": 7, "款": 4, "参数": 1, "索尼": 1, "IMX600": 1, "感官": 1, "元件": 3, "感光": 2, "同索尼": 1, "研发": 3, "独家": 1, "使用权": 1, "拍照": 7, "决定性": 1, "作用": 1, "镜头": 6, "中国": 1, "台湾": 2, "康": 1, "达智": 1, "日本": 1, "企业": 2, "组件": 1, "最终": 1, "4800": 1, "+": 2, "1600": 1, "1200万": 1, "像素": 1, "德国": 1, "高端": 2, "相机": 4, "品牌": 1, "素质": 1, "算法": 2, "优化": 1, "口碑": 1, "佳": 1, "摄像机": 1, "能力": 3, "符合": 1, "拍摄": 1, "标准": 1, "较为": 1, "过程": 1, "参与": 1, "质量": 1, "性能": 1, "市场": 1, "肯定": 1, "专业": 1, "评测": 1, "机构": 1, "均": 1, "给出": 1, "109": 1, "高分": 1, "事情": 1, "留言": 1, "讨论": 1, "喜欢": 1, "点点": 1, "关注": 1, "2月": 1, "23日": 1, "消息": 2, "日经": 1, "亚洲": 1, "评论": 1, "网站": 4, "报道": 1, "称": 4, "零部件": 1, "囤积": 1, "供应商": 5, "网络": 1, "确保": 1, "智能": 3, "顺利": 1, "发布": 2, "外界": 1, "预计": 1, "周日": 1, "最新": 1, "P30": 1, "第一": 1, "折叠": 1, "5G": 1, "行业": 1, "低迷": 1, "众多": 2, "厂商": 2, "都": 2, "削减": 1, "订单": 3, "收紧": 1, "钱袋": 1, "过冬": 1, "做法": 1, "援引": 2, "知情": 1, "人士": 2, "季度": 1, "大陆": 1, "舜宇": 1, "光学": 1, "大立": 1, "光电": 1, "收到": 1, "去年": 1, "同期": 1, "增长": 1, "30%": 1, "去年底": 1, "联咏": 1, "(": 3, "Novatek": 1, ")": 3, "中华": 1, "精密": 1, "测试": 1, "技术": 1, "公司": 1, "Chinawa": 1, "Precision": 1, "Test": 1, "Tech": 1, "汇顶": 1, "Goodix": 1, "产品": 1, "需求": 1, "熟悉": 1, "计划": 1, "选择": 1, "苹果": 1, "合作": 2, "顶级": 1, "变得": 1, "开放": 2, "评估": 1, "提供": 1, "缓冲": 1, "替代": 1, "方案": 1, "作者": 1, "：": 1, "西海": 1}