{"作者": 2, "：": 15, "耿直哥": 3, "英国": 6, "路透社": 3, "报道": 3, "美国": 75, "共和党": 1, "偏执": 1, "激进": 1, "华": 2, "政客": 3, "卢比奥": 13, "昨天": 2, "居然": 2, "提出": 2, "立法": 1, "禁止": 8, "中国": 22, "华为": 166, "公司": 14, "法院": 3, "企业": 22, "索要": 3, "专利费": 3, "此举": 2, "震惊": 1, "不少": 5, "网民": 10, "惊呼": 1, "国会": 2, "爱国贼": 2, "全世界": 3, "面前": 3, "表现": 2, "流氓": 2, "介绍": 1, "癫狂": 1, "反华": 1, "天天": 1, "指责": 1, "盗窃": 1, "知识产权": 1, "伪": 1, "君子": 1, "持有": 1, "5万多": 1, "关键": 1, "专利": 10, "耍弄": 1, "双标": 1, "侮辱": 1, "试": 1, "智商": 1, "露馅": 1, "言论": 1, "不得人心": 1, "科技界": 1, "人士": 2, "权": 2, "爱国": 1, "名": 2, "害": 1, "国": 3, "不撞南墙不回头": 1, "脸": 1, "丢光": 1, "才": 4, "罢休": 1, "这不": 1, "最新": 3, "修改": 1, "国防": 1, "授权法": 1, "视为": 1, "威胁": 2, "——": 3, "侵犯": 1, "受理": 1, "案件": 1, "打算": 5, "偷": 2, "明抢": 1, "知识": 4, "产权": 5, "技术": 12, "原文": 1, "截图": 1, "明眼人": 1, "都": 15, "形象": 3, "带来": 3, "毁灭性": 1, "打击": 3, "境外": 1, "社交": 1, "平台": 1, "推特": 2, "脸谱": 2, "网上": 2, "众多": 2, "国家": 10, "此刻": 1, "坑害": 1, "做法": 6, "惊呆": 1, "纷纷": 1, "难以置信": 1, "网友": 3, "简直": 2, "搬起": 1, "石头": 1, "砸": 1, "脚": 1, "损害": 1, "系统": 13, "声誉": 1, "挖苦": 1, "外国": 1, "只能": 1, "掏钱": 1, "支付": 1, "费用": 1, "闹": 1, "自杀": 1, "吐槽": 1, "蠢出": 1, "天际": 1, "这位": 2, "讽刺": 1, "件": 3, "神": 1, "地方": 3, "货": 1, "…….": 1, "质问": 1, "别人": 4, "东西": 2, "挨罚": 1, "天哪": 1, "复兴": 1, "口号": 1, "意义": 1, "抢": 1, "认证": 1, "付钱": 2, "钱": 1, "起诉": 1, "喜欢": 1, "随意": 1, "很": 17, "不道德": 1, "条": 2, "点赞": 1, "评论": 1, "写到": 1, "这下": 1, "保护": 4, "自诩": 1, "正义": 1, "崩塌": 1, "在乎": 1, "政治": 1, "利益": 5, "很多": 3, "如今": 8, "维护": 1, "支持": 11, "感到": 1, "幻灭": 1, "懵": 1, "…": 1, ".": 1, "希望": 2, "尊重": 2, "拒绝": 3, "参议员": 1, "实在": 2, "太": 4, "蠢": 1, "……": 3, "送": 1, "炮弹": 1, "等于": 2, "告诉": 1, "中国人": 2, "此时此刻": 1, "确实": 1, "分享": 1, "人民": 1, "一个": 12, "认可": 1, "真理": 1, "抵制": 10, "X货": 1, "蠢货": 1, "高管": 1, "鸿蒙": 5, "操作": 6, "发布": 6, "取代": 1, "谷歌": 2, "安卓": 5, "意图": 1, "想": 4, "大家庭": 1, "员": 1, "列入": 1, "黑名单": 2, "美企": 2, "业务": 11, "往来": 2, "新机": 1, "意味着": 2, "加快": 2, "测试": 2, "尽快": 1, "尽早": 1, "手机": 41, "实际上": 1, "并非": 1, "所有人": 1, "听": 1, "5G": 30, "土耳": 1, "力挺": 1, "盟友": 2, "巴西": 4, "！": 13, "已然": 1, "世界": 8, "通信": 2, "设备": 10, "运营商": 8, "本地": 1, "电信": 7, "提供": 6, "时代": 3, "厂商": 4, "付出": 1, "昂贵": 1, "代价": 1, "足以": 5, "信服": 1, "实力": 5, "选择": 3, "近日": 2, "任正非": 15, "交流": 2, "想到": 3, "封锁": 1, "全球": 4, "销售额": 1, "减少": 4, "40％": 1, "未来": 6, "精力": 1, "投入": 2, "国内": 17, "利用": 2, "两三": 1, "时间": 13, "缓冲": 1, "用于": 1, "芯片": 1, "组件": 1, "开发": 1, "卷土重来": 1, "依赖": 1, "国外": 2, "独树一帜": 1, "这一切": 1, "都会": 2, "改变": 1, "制造商": 1, "产品": 10, "订单": 12, "抢占": 1, "市场": 22, "无疑": 1, "消息": 7, "事实上": 1, "短期": 2, "内": 4, "其他人": 1, "服务": 2, "出色": 3, "这是": 6, "核心": 1, "优势": 3, "所在": 2, "传统": 2, "2/3/4G": 1, "欧": 1, "基站": 3, "建": 1, "人口": 3, "密集": 1, "地区": 2, "欧美": 1, "私企": 1, "强制性": 1, "覆盖": 6, "、": 23, "诺基亚": 2, "爱立信": 2, "均": 2, "中标": 1, "相比之下": 1, "开放": 2, "判断": 1, "美": 3, "政府": 4, "反对": 1, "补贴": 2, "依旧": 2, "投资": 2, "需求": 1, "统计计": 1, "5g基站": 1, "建设": 3, "高达": 1, "万亿": 1, "美元": 5, "30%": 1, "几千亿": 1, "好心": 1, "明白": 1, "自然": 2, "益处": 1, "自信": 1, "转载": 1, "百家号": 1, "李智带": 1, "谈到": 1, "近年来": 3, "发展": 14, "国际": 3, "科技": 4, "巨头": 3, "生产": 1, "行业": 4, "崛起": 2, "苹果": 34, "竞争": 2, "对手": 2, "早": 4, "1987年": 1, "成立": 1, "一家": 4, "默默无闻": 1, "想象": 2, "成就": 3, "基本上": 1, "三星": 6, "占据": 3, "难": 1, "经历": 2, "多年": 1, "提高": 2, "性能": 6, "管理": 1, "体系": 1, "销量": 13, "超过": 2, "四": 1, "年前": 1, "8000万": 2, "洛杉矶": 1, "歌手": 1, "Delacey": 1, "购买": 1, "英文": 1, "歌": 7, "Dream": 1, "It": 1, "Possible": 1, "名字": 1, "仅仅": 2, "理解": 2, "梦想成真": 1, "花": 1, "元": 12, "值得": 1, "愿景": 1, "买下": 1, "翻译": 1, "中文": 1, "张靓颖": 1, "歌曲": 1, "梦": 1, "传达": 1, "精神": 3, "适合": 1, "创业": 1, "正是": 1, "引入": 1, "人才": 1, "外国人": 1, "一点": 3, "位置": 3, "领导人": 2, "相关": 2, "远见": 1, "低调": 1, "领导": 1, "一步步": 1, "走到": 1, "理由": 2, "肯定": 2, "梦想": 1, "成长": 1, "距离": 3, "5月": 5, "31日": 1, "BBC": 1, "连通": 1, "网络": 13, "直播": 1, "早间": 1, "节目": 1, "第一": 11, "感受": 2, "便利": 1, "事件": 6, "大半": 1, "段": 3, "俄罗斯": 2, "德国": 2, "相继": 1, "表态": 2, "城": 1, "欧洲": 5, "一大": 2, "牵手": 1, "正式": 1, "迈入": 1, "西班牙": 9, "6月": 8, "15日": 3, "央视": 2, "新闻": 2, "助力": 1, "知名": 1, "沃达丰": 3, "15": 4, "城市": 7, "启动": 1, "商用": 1, "紧张": 1, "筹备": 1, "工作": 2, "17日": 4, "新华社": 1, "称": 2, "当天": 3, "开通": 2, "工作日": 1, "人员": 3, "记者": 1, "透露": 2, "消费者": 5, "沃达": 1, "丰门店": 1, "办理": 1, "当地": 2, "每月": 1, "价格": 3, "49.99": 1, "欧元": 1, "折合": 1, "人民币": 1, "388": 1, "价位": 3, "不知": 2, "何等": 1, "层次": 1, "想要": 3, "尝鲜": 1, "拒之门外": 1, "据悉": 2, "先前": 1, "12": 4, "安装": 1, "印证": 1, "供应商": 2, "真实性": 1, "此次": 2, "包括": 1, "马德里": 1, "巴塞罗那": 1, "一半": 1, "随时间": 1, "推移": 1, "进一步": 2, "站": 2, "土近": 1, "800兆": 1, "成绩": 1, "迅捷": 1, "合作": 3, "广告": 1, "维佩尔": 1, "计划": 1, "9月": 1, "改用": 1, "给予": 1, "全身心": 1, "信任": 3, "副总统": 1, "汉密尔顿·莫朗": 1, "7日": 1, "公开": 1, "内部": 1, "证明": 4, "放出": 1, "谣言": 1, "不攻自破": 1, "事实": 1, "足够": 1, "拥有": 2, "仰望": 1, "才能": 2, "话语权": 1, "对此": 1, "认同": 1, "文/": 1, "潇潇": 1, "制裁": 5, "32": 2, "三": 3, "原因": 8, "现实": 2, "打压": 1, "备受": 1, "关注": 1, "距": 1, "销售": 3, "导致": 4, "影响": 14, "挫": 1, "勇": 1, "谈": 2, "成功": 1, "拿下": 3, "40多": 1, "自主": 1, "研发": 1, "即将": 1, "问世": 1, "很快": 1, "抱": 1, "不平": 1, "iPhone": 4, "远远": 1, "简单": 1, "2009年": 1, "进驻": 2, "我国": 11, "10多": 1, "附属": 1, "构建": 1, "套": 1, "完整": 1, "庞大": 1, "产业": 1, "链条": 2, "加工": 4, "利润": 2, "就业": 5, "岗位": 1, "面对": 1, "失业": 2, "困难": 1, "背景": 1, "第二": 3, "去掉": 1, "愤慨": 1, "发现": 1, "特朗普": 2, "挑起": 1, "贸易": 1, "实质": 1, "种种": 1, "手段": 1, "外企": 1, "撤资": 1, "退出": 1, "资金": 1, "外流": 1, "面临": 2, "倒闭": 1, "员工": 5, "社会": 1, "稳定": 2, "用心": 1, "可谓": 1, "昭然若揭": 1, "相当于": 1, "目的": 2, "主动": 1, "赶出": 1, "机会": 3, "国人": 1, "见到": 1, "第三": 1, "不得不": 2, "承认": 2, "独到": 1, "生态": 1, "环境": 2, "放心": 1, "比不上": 1, "突破": 4, "再有": 1, "时效性": 1, "卡顿": 1, "电池": 1, "稳定性": 1, "同等": 1, "期限": 1, "高于": 1, "强大": 1, "态度": 2, "假设": 1, "真的": 1, "答案": 1, "用户": 4, "将近": 2, "1/2": 2, "二季度": 1, "营业额": 1, "经济": 1, "损失": 1, "老牌": 1, "势必": 1, "抵消": 1, "创造": 1, "解决": 1, "未尝": 1, "底牌": 1, "关心": 1, "莫过于": 1, "产业链": 1, "供应": 2, "高通": 2, "因特尔": 2, "ARM": 1, "落井下石": 1, "上游": 1, "缺少": 1, "情形": 2, "外人": 1, "业绩": 1, "数据": 4, "公布": 1, "大跌": 1, "眼镜": 1, "变动": 2, "2019年": 6, "14日": 1, "研究": 1, "机构": 1, "IDC": 1, "报告": 1, "内容": 1, "显示": 1, "一季度": 4, "智能": 7, "供货": 1, "总量": 1, "5350万": 1, "上年": 4, "同期": 6, "下降": 4, "2.74%": 1, "意外": 2, "整体": 2, "不景气": 1, "品牌": 3, "呈现": 2, "逆势": 1, "上涨": 4, "势": 2, "1350万": 1, "增长": 6, "66.13%": 1, "占有率": 2, "25.39%": 1, "传出": 2, "略微": 1, "增速": 1, "下滑": 5, "总体": 1, "去年": 2, "大幅度": 1, "算是": 1, "弥补": 1, "缺口": 1, "也就是说": 2, "预想": 1, "小米": 3, "长期以来": 1, "冠军": 1, "依然": 4, "1570万": 1, "6.82%": 1, "29.47%": 1, "相比": 3, "处境": 1, "尴尬": 1, "22.73%": 1, "份额": 1, "萎缩": 1, "14.74%": 1, "大规模": 1, "现象": 1, "禁令": 1, "不错": 1, "290万": 1, "33.26%": 1, "领域": 3, "抛开": 1, "提": 1, "忌": 1, "惮": 1, "一月": 1, "众所周知": 2, "制裁令": 1, "紧随": 1, "其后": 1, "断货": 1, "情况": 2, "接连": 1, "渡过": 1, "难关": 2, "提前": 1, "颁发": 2, "牌照": 1, "6日": 1, "采购": 1, "项目": 1, "52%": 1, "开启": 2, "本国": 1, "共计": 1, "竟然": 1, "紧跟": 1, "EE": 1, "6": 1, "值得一提的是": 1, "3日": 1, "42": 1, "建设商": 1, "系列": 18, "动作": 2, "再次": 1, "夺回": 1, "订单量": 1, "46": 1, "一系列": 1, "沉沦": 1, "强劲": 1, "满满": 1, "不解": 1, "刚": 3, "发酵": 1, "施加": 1, "压力": 1, "拉入": 1, "之中": 1, "知情": 1, "海外": 3, "销售量": 2, "大幅": 4, "出货量": 2, "40%": 3, "60%": 1, "确认": 1, "现状": 1, "专家": 1, "乔治·吉尔德": 2, "尼古拉斯·尼葛洛": 1, "庞帝": 1, "深圳": 1, "场": 2, "长达": 1, "100": 3, "分钟": 1, "交谈": 1, "过程": 1, "减产": 1, "估计": 2, "明年": 2, "收入": 1, "1000亿": 2, "话锋": 1, "财务": 1, "科研": 1, "主持人": 1, "抛": 1, "错误": 1, "正当": 1, "重塑": 1, "格局": 1, "互联网": 1, "崩溃": 1, "禁华": 1, "正面": 2, "决心": 1, "说道": 1, "坚强": 2, "死": 1, "鸟": 1, "重压": 1, "之下": 1, "重整": 1, "战略": 1, "这两年": 1, "版本": 3, "切换": 2, "磨合": 1, "检验": 1, "2021年": 1, "焕发": 1, "生机勃勃": 1, "景象": 1, "基础": 3, "5": 1, "金额": 1, "架构": 1, "重组": 1, "时机": 2, "成熟": 1, "过后": 1, "季度": 1, "财报": 1, "牢牢": 1, "锁": 1, "住": 1, "位列": 2, "位子": 1, "41%": 1, "50%": 1, "超越": 2, "同比": 1, "8.1%": 1, "数额": 1, "势头": 1, "一开始": 1, "阻碍": 1, "想法": 1, "暂时": 1, "战争": 1, "胜利": 1, "企断": 1, "供": 1, "事情": 1, "貌似": 1, "放": 1, "心上": 1, "阻止": 1, "做好": 1, "将来": 1, "断绝": 1, "年中": 1, "购物": 1, "狂欢": 1, "盛典": 1, "618": 5, "必争之地": 1, "拿出": 1, "年度": 2, "诚意": 1, "优惠": 10, "福利": 1, "回馈": 1, "日常": 1, "坚挺": 2, "爆款": 2, "旗舰": 4, "新低": 1, "入手": 1, "门槛": 1, "降低": 1, "不容": 1, "错过": 2, "热销": 2, "一哥": 1, "促销": 1, "力度": 2, "空前": 1, "单品": 1, "迎来": 1, "历史": 2, "低价": 2, "主力": 1, "Mate": 19, "打出": 1, "领券": 2, "300+12": 1, "期": 4, "免息": 3, "组合": 2, "300": 2, "享受": 1, "分期": 2, "手价": 2, "3199": 1, "Pro": 4, "4599": 1, "最低价": 1, "探底": 1, "P30": 1, "免期": 1, "赠送": 1, "百": 1, "好礼": 1, "；": 5, "nova": 3, "4e": 2, "畅享": 2, "9": 2, "Plus": 2, "4G": 2, "+": 5, "64G": 1, "250": 1, "128G/6G": 1, "128G": 1, "麦芒8": 1, "减": 1, "50": 1, "3i": 1, "800": 1, "日趋": 1, "激烈": 1, "更迭": 1, "速度": 1, "保鲜期": 1, "越来越": 1, "短": 1, "开卖": 1, "降价": 1, "甩卖": 1, "说到底": 1, "产品力": 1, "综合": 1, "体验": 2, "后续": 1, "软件": 1, "升值": 1, "不尽人意": 1, "尤其是": 1, "例外": 1, "外观": 4, "设计": 4, "拍照": 3, "续航": 2, "级别": 1, "竞品": 1, "上市": 1, "4": 1, "半月": 1, "千万": 1, "台": 1, "反馈": 1, "购机": 1, "看重": 2, "项": 1, "因素": 1, "功能性": 1, "较为": 1, "均衡": 1, "7nm麒麟980": 1, "处理器": 2, "玩": 1, "游戏": 2, "发热": 1, "控制": 1, "像是": 1, "总和": 1, "全新": 2, "徕卡": 1, "摄": 1, "后置": 1, "摄像头": 1, "新纪元": 1, "超广": 1, "广角": 2, "长焦": 1, "镜头": 1, "矩阵": 1, "焦": 1, "影像": 1, "焦段": 1, "对焦": 1, "惊艳无比": 1, "超": 2, "微距": 1, "效果": 2, "摄影": 1, "高度": 1, "ID": 1, "手感": 2, "颜值": 3, "双双": 1, "在线": 1, "翡": 1, "冷翠": 1, "宝石蓝": 1, "光色": 1, "今年初": 1, "馥蕾红": 1, "璨星": 1, "蓝": 1, "代表": 1, "机身": 2, "6.39": 1, "寸": 1, "视觉": 2, "曲面": 2, "玻璃": 2, "辅以": 1, "边框": 1, "窄": 1, "2.3": 1, "毫米": 1, "八": 1, "加上": 1, "金属": 1, "中框": 1, "轻盈": 1, "顺滑": 1, "改": 1, "男性": 1, "用机": 1, "吸引": 1, "女性": 1, "青睐": 1, "层面": 1, "搭载": 1, "7nm": 1, "麒麟": 1, "980": 1, "AI": 1, "架": 1, "构级": 1, "优化": 1, "NPU": 1, "加持": 1, "巅峰": 1, "GPU": 4, "Turbo": 1, "加速": 2, "软硬": 1, "协同": 2, "图形": 3, "打通": 1, "EMUI": 1, "CPU": 1, "之间": 1, "瓶颈": 1, "底层": 1, "框架": 1, "重构": 1, "软硬件": 1, "运算": 1, "效率": 1, "提升": 1, "定位": 1, "极致": 1, "创新": 1, "人性化": 1, "更进一步": 1, "充电": 4, "40": 1, "W有线": 1, "超级": 1, "快充": 2, "15W": 1, "无线": 3, "反向": 1, "—": 2, "年初": 1, "MWC2019": 1, "通信展": 1, "一举": 1, "击败": 1, "诸多": 1, "斩获": 1, "MWC": 1, "主办方": 1, "GSMA": 1, "手机界": 1, "奥斯卡": 1, "最佳": 1, "大奖": 1, "彰显": 1, "定下": 1, "基调": 1, "下手": 1, "正当时": 1, "享": 1, "麦芒": 1, "8": 1, "期间": 1, "抢购": 1, "上半年": 1, "换机": 1, "富士康": 13, "如意": 1, "算盘": 1, "落空": 1, "远": 1, "压制": 1, "停产": 1, "当初": 1, "中兴": 1, "这次": 1, "美好": 1, "低头": 1, "制高点": 1, "让步": 1, "霸道": 1, "民众": 1, "企业者": 1, "统一战线": 1, "全力": 1, "李嘉诚": 1, "巨额": 1, "雷军": 1, "让道": 1, "条件": 1, "度过": 1, "预计": 1, "下发": 2, "5g牌照": 1, "陆续": 1, "接受": 2, "众志成城": 1, "团结一心": 1, "搬离": 4, "这家": 3, "说到": 1, "熟悉": 1, "亚洲": 1, "工厂": 3, "来到": 2, "建厂": 1, "劳动力": 3, "充足": 1, "成本": 2, "低": 1, "便宜": 1, "广州": 2, "郭台铭": 3, "办厂": 2, "政策": 1, "关系": 1, "出走": 1, "诠释": 1, "淋漓尽致": 1, "锐减": 1, "产值": 1, "规模": 4, "缩小": 1, "节约": 1, "印度": 1, "低廉": 1, "发表": 1, "声明": 1, "指": 1, "空穴来风": 1, "未必": 1, "或许": 1, "比亚迪": 7, "单纯": 1, "汽车": 1, "殊不知": 1, "事代": 1, "熟练度": 1, "素质": 1, "差": 1, "截": 1, "忙": 1, "创办": 1, "加工厂": 1, "机器": 1, "早就": 1, "建立": 1, "招聘": 1, "产量化": 1, "就算": 1, "走": 1, "不用": 1, "担心": 1, "养": 1, "安放": 1, "交给": 2, "旗下": 1, "子公司": 1, "笔": 1, "全心全力": 1, "兼顾": 1, "搬走": 1, "放弃": 1, "大笔": 1, "错失": 1, "抓耳挠腮": 1, "佩服": 1, "未雨绸缪": 1, "掌控": 1, "当中": 1, "企业家": 1, "学习": 1}