{"很多": 11, "都": 24, "场": 1, "手机": 22, "发布会": 4, "官方": 1, "宣传": 1, "主角": 1, "华为": 196, "畅享": 47, "10": 48, "款": 14, "机型": 10, "先来": 1, "简单": 5, "信息": 3, "：": 19, "搭载": 6, "麒麟": 14, "710F": 9, "处理器": 10, "采用": 14, "6.39": 4, "英寸": 6, "极点": 4, "屏": 4, "孔屏": 1, "分辨率": 8, "720P": 1, "级别": 4, "RAM": 1, "4G": 4, "+": 37, "6G": 1, "ROM": 1, "64G": 1, "128G": 2, "后置": 5, "4800万": 5, "200万": 4, "摄": 7, "内置": 5, "电池": 8, "4000": 2, "毫安": 1, "支持": 18, "10W": 1, "充电": 5, "4GB": 10, "64GB": 2, "版本": 4, "售价": 12, "1199": 1, "元": 11, "6GB": 5, "1399": 2, "128GB": 13, "奇怪": 1, "6": 1, "肯定": 2, "想到": 1, "荣耀": 9, "Play3": 2, "外观": 3, "参数": 3, "基本上": 1, "唯一": 1, "差别": 1, "在于": 2, "双摄": 3, "Play": 3, "3": 5, "三": 10, "价格": 2, "还要": 4, "便宜": 3, "999": 2, "起步": 1, "指纹": 1, "识别": 5, "支持人": 1, "脸": 1, "解锁": 1, "人人": 1, "讲": 1, "这不": 1, "明明": 1, "百元机": 3, "配置": 3, "定位": 2, "千元机": 1, "这是": 2, "一个": 25, "现实": 1, "市场": 12, "需求": 12, "品牌": 3, "才": 3, "傻": 1, "当下": 1, "小米": 1, "OPPO": 1, "vivo": 1, "喷死": 1, "怪": 1, "买到": 2, "realme": 1, "X2": 1, "骁龙": 1, "712": 1, "Redmi": 3, "Note7": 1, "Note8": 1, "之中": 2, "刚刚": 1, "发布": 15, "8": 2, "系列": 12, "整体": 3, "表现": 1, "羡慕": 1, "份": 1, "实情": 1, "上个月": 1, "Mate": 7, "30": 4, "惊艳": 2, "上市": 4, "开售": 2, "备受": 1, "瞩目": 1, "年度": 1, "旗舰": 1, "好评": 1, "环幕屏": 1, "徕卡": 1, "四": 4, "拍照": 3, "、": 138, "超强": 1, "芯片": 31, "麒麟990": 1, "实体": 1, "音量": 1, "调节": 1, "网友": 1, "诚意": 1, "满满": 2, "功能": 17, "AI隔空": 1, "操作": 10, "PC": 8, "模式": 10, "很": 7, "燃": 1, "酷炫": 1, "说到": 1, "此次": 1, "首创": 1, "第一": 2, "亮相": 1, "2017年": 2, "推出": 12, "秒变": 4, "电脑": 8, "技术": 39, "吸引": 2, "眼球": 1, "强悍": 2, "搭配": 2, "扩展坞": 4, "轻松": 7, "市面": 1, "不少": 2, "扩展": 10, "坞": 8, "产品": 9, "知名": 1, "合作": 5, "伙伴": 8, "关系": 2, "数码": 1, "配件": 1, "UGREEN": 2, "绿联": 5, "设备": 7, "领域": 24, "深谙": 1, "用户": 6, "率先": 3, "布局": 3, "Type-C": 1, "独特": 1, "设计": 5, "强劲": 1, "实力": 4, "青睐": 1, "这次": 2, "购买": 1, "最新": 2, "一代": 1, "智能": 51, "底座": 2, "加持": 1, "Pro": 18, "强大": 1, "打开": 2, "包装": 1, "科技感": 1, "铝合金": 1, "外壳": 2, "表面": 1, "哑光": 1, "磨砂": 1, "材质": 1, "手感": 1, "亲肤": 1, "舒适": 1, "正面": 1, "印": 1, "logo": 1, "一块": 1, "无线": 2, "感应": 1, "区域": 4, "符合": 1, "Qi": 1, "标准": 1, "三星": 1, "苹果": 1, "横放": 1, "竖放": 1, "背面": 1, "接口": 2, "USB口": 1, "1": 3, "Type-C口": 1, "千兆": 1, "网口": 1, "HDMI口": 4, "多种": 3, "连接": 8, "赠送": 1, "电源线": 1, "连接线": 1, "一点": 1, "蛮": 1, "贴心": 2, "看完": 1, "高颜值": 2, "接下来": 1, "体验": 12, "！": 8, "办公": 4, "便捷": 2, "出差": 1, "朋友": 4, "大都": 1, "烦恼": 1, "想": 3, "携带": 2, "笨重": 1, "笔记本": 3, "工作": 3, "不得不": 1, "带": 2, "随身": 1, "沉重": 1, "会议室": 1, "投影仪": 2, "USB": 1, "鼠标": 1, "键盘": 1, "U盘": 1, "外设": 1, "硬件": 2, "多功能": 1, "分屏": 1, "同屏": 1, "保护": 1, "隐私": 1, "投屏": 2, "畅快": 3, "玩": 1, "游戏": 5, "家里": 1, "电视机": 2, "显示屏": 1, "选择": 13, "手柄": 1, "APP": 5, "好友": 1, "组队": 1, "开黑": 1, "大屏": 3, "视野": 1, "清晰": 8, "体验感": 1, "增强": 1, "一点半点": 1, "电视": 1, "打造": 3, "家庭": 1, "影院": 2, "家中": 1, "电影": 1, "投到": 1, "4K": 6, "带来": 7, "视听": 1, "效果": 5, "足不出户": 1, "超级大片": 1, "适合": 1, "Macbook": 1, "人士": 3, "无线充": 1, "外接": 1, "转接线": 1, "即可": 2, "超级": 4, "省心": 1, "30手机": 2, "商务": 1, "高效": 3, "手游": 1, "玩家": 2, "淋漓": 1, "操控": 1, "发展": 8, "趋势": 1, "未来": 6, "越来越": 3, "兼具": 1, "多功能性": 1, "确认": 1, "眼神": 1, "绝佳": 2, "帮手": 1, "喜欢": 1, "黑科技": 1, "评论区": 1, "留下": 1, "看法": 1, "近日": 1, "论文": 16, "匹配": 11, "检索": 3, "进展": 1, "基于": 10, "自然": 5, "语言": 7, "领先": 3, "积累": 7, "云语": 4, "音语义": 4, "创新": 6, "Lab": 3, "DigSci科学": 3, "数据": 10, "挖掘": 6, "大赛": 5, "夺冠": 1, "精准率": 1, "超过": 5, "第二": 1, "名": 1, "5": 2, "百分点": 1, "比赛": 5, "清华": 2, "AMiner": 1, "智源": 1, "实验室": 3, "微软": 1, "联合": 4, "举办": 1, "学术": 4, "搜索": 4, "语义": 7, "旨在": 2, "材料": 1, "知识": 21, "提供": 11, "含": 2, "20万": 2, "篇": 4, "库": 1, "文字": 3, "描述": 8, "同类": 1, "研究": 3, "介绍": 2, "参赛": 1, "选手": 1, "段落": 4, "相关": 7, "本次": 2, "包括": 6, "北大": 1, "浙大": 1, "复旦": 1, "全国": 2, "著名": 2, "高校": 1, "企业": 4, "100多": 1, "支": 1, "专业": 1, "队伍": 1, "参加": 1, "挑战": 1, "高点": 1, "人类": 4, "最前沿": 1, "载体": 1, "自动": 39, "段": 1, "文本": 2, "科研": 4, "图谱": 4, "问答": 2, "系统": 17, "摘要": 1, "落地": 5, "难点": 2, "给定": 1, "(": 4, "样本": 2, ")": 4, "负样": 2, "情况": 1, "参赛者": 2, "给出": 1, "大规模": 5, "库中匹配": 1, "涉及": 1, "缩小": 2, "确保": 2, "包含": 6, "关键": 7, "武汉": 1, "大学": 2, "重庆": 1, "邮电": 1, "深厚": 1, "候选": 4, "训练集": 2, "生成": 2, "特征": 1, "抽取": 1, "深度": 3, "学习": 3, "算法": 5, "模型": 3, "融合": 2, "集成": 2, "云自然": 1, "专家": 1, "提出": 1, "优异": 1, "作用": 1, "针对": 3, "库中生": 1, "训练": 3, "集合": 2, "采样": 1, "构建": 7, "均衡": 1, "正负": 1, "用于": 5, "监督": 1, "云获": 1, "冠军": 1, "计算": 18, "服务": 17, "KaaS": 2, "框架": 6, "理解": 2, "对话": 1, "机器人": 1, "语音": 2, "交互": 1, "语音语": 1, "义类": 1, "基础": 2, "持续": 6, "2019年": 4, "助力": 2, "政企": 1, "客户": 5, "破解": 1, "大型": 1, "政府": 3, "机构": 1, "智能化": 4, "管理": 10, "难题": 1, "知识化": 2, "转型": 4, "实践": 2, "计算云": 2, "形式": 4, "全栈": 4, "流水线": 2, "平台": 13, "行业": 7, "多源": 1, "异构": 1, "分析": 3, "获取": 1, "建模": 1, "全套": 1, "体系": 3, "联接": 3, "大会": 4, "中石油": 2, "携手": 1, "勘探": 3, "开发": 7, "人工": 7, "云助力": 1, "油气": 3, "生产": 2, "手段": 1, "创新性": 1, "先进性": 1, "权威": 1, "奖项": 1, "2019": 5, "数博会": 1, "科技": 2, "成果奖": 1, "不久前": 1, "CCKS": 1, "中文": 1, "技术奖": 1, "成功": 2, "政务": 1, "金融": 1, "医疗": 1, "汽车": 22, "物流": 1, "保险": 1, "电商": 1, "税务": 1, "媒体": 1, "业务": 8, "爱立信": 11, "5G": 28, "当今": 1, "世界": 3, "顶级": 2, "供应商": 7, "美国": 7, "5月份": 1, "关闭": 1, "57": 1, "工厂": 1, "批量": 1, "组件": 1, "基站": 3, "打压": 1, "依旧": 1, "研发": 13, "领头羊": 1, "全球": 12, "建设": 3, "计划": 1, "2020年": 1, "产量": 1, "增加": 3, "倍": 3, "正当": 1, "信心": 1, "迎接": 1, "胜利": 1, "果实": 1, "意想不到": 2, "迎来": 1, "当头一棒": 1, "印度": 11, "电信": 5, "运行商": 1, "Bharti": 1, "Airte": 1, "周二": 1, "做出": 1, "核心": 16, "网络": 7, "呼声": 1, "最终": 4, "落选": 1, "早": 3, "测试": 2, "运营商": 5, "谈判": 1, "推动": 4, "中国": 8, "拥有": 3, "最多": 1, "人口": 1, "国家": 5, "态度": 2, "举棋不定": 1, "犹犹豫豫": 1, "经济": 1, "论坛": 1, "峰会": 1, "希望": 3, "慎重": 1, "反驳": 1, "机会": 3, "消息": 2, "特朗普": 1, "感到": 3, "面子": 1, "一句话": 1, "事情": 3, "捉摸不透": 1, "竟然": 1, "360": 1, "度": 1, "反转": 2, "毕竟": 2, "一家": 2, "保证": 4, "选": 5, "厂家": 1, "都会": 2, "意料": 1, "这家": 1, "种种": 1, "猜测": 1, "澳大利亚": 1, "影响": 2, "质量": 1, "不用": 3, "选用": 1, "此前": 2, "联手": 1, "德国": 4, "商用": 3, "难道": 1, "追究": 1, "精益求精": 1, "东西": 1, "放弃": 2, "隐情": 1, "优势": 3, "总体": 1, "占有": 1, "空口": 1, "方案": 17, "相对来说": 1, "激进": 1, "保守": 1, "平稳": 2, "过渡": 2, "原因": 1, "内因": 2, "外因": 2, "人员": 2, "结构": 2, "年轻人": 1, "居多": 1, "接受": 2, "新鲜": 1, "事物": 1, "能力": 10, "年龄": 1, "团队": 3, "分离": 1, "注重": 1, "建立": 2, "形象": 1, "竞争": 1, "抵消": 1, "因素": 3, "半": 1, "拍": 1, "BBC": 1, "报道": 1, "欧洲": 2, "私底下": 1, "领导者": 1, "剧情": 1, "确实": 1, "意外": 1, "任正非": 3, "百分之百": 1, "后门": 2, "全世界": 1, "签订": 1, "协议": 1, "国产": 1, "[PConline": 3, "资讯": 3, "]华": 2, "时间": 13, "10月": 4, "18日": 2, "下午": 4, "14点": 2, "北京": 3, "Plus": 19, "发售": 3, "9月": 3, "5日": 2, "预售": 2, "16：08": 2, "正式": 7, "10日": 1, "10：08": 1, "参照": 1, "开启": 2, "预计": 5, "23日": 1, "推测": 1, "请": 2, "关注": 2, "揭晓": 1, "值得": 2, "期待": 1, "展示": 2, "图片": 2, "版": 3, "1499": 2, "1799": 2, "8GB": 2, "2099": 2, "屏幕": 3, "；": 17, "3900": 3, "mAh": 4, "蛰伏": 2, "五载": 1, "汽车局": 2, "浮出": 1, "水面": 1, "聚焦": 1, "ICT": 3, "车企": 9, "造好": 1, "车": 6, "车云": 3, "网联": 5, "座舱": 5, "驾驶": 46, "电动": 6, "五": 5, "理想": 1, "增量": 4, "部件": 4, "入局": 2, "何谓": 1, "轮值": 1, "CEO": 1, "徐": 2, "直军": 2, "软件": 5, "商业": 3, "价值": 6, "走向": 1, "规模化": 1, "有望": 1, "占据": 1, "70%": 1, "远": 3, "超": 3, "车身": 3, "底盘": 3, "传统": 1, "整车": 1, "并非妄言": 1, "业内": 2, "预测": 1, "2030年": 1, "先进": 1, "营收": 1, "1.2万亿": 1, "美元": 2, "长远": 1, "水平": 1, "提升": 5, "量产": 1, "规模": 2, "加上": 2, "电动化": 2, "增长": 4, "赋能": 3, "——": 7, "生态": 4, "V2X": 2, "车联": 1, "带宽": 1, "低": 3, "时延": 3, "可靠": 1, "内": 7, "车外": 1, "5G+C-V2X": 1, "模组": 2, "T-Box": 1, "车载": 5, "网关": 1, "鸿蒙": 2, "OS": 2, "HiCar": 2, "数字": 1, "生活": 3, "场景": 21, "出行": 1, "借助": 2, "MDC": 3, "工具链": 2, "传感": 1, "L2+": 2, "L5": 2, "平滑": 2, "演进": 3, "加速": 3, "快车道": 1, "快充": 2, "电机": 1, "控制": 2, "均": 1, "储备": 1, "发现": 1, "三十": 1, "拆": 1, "分成": 2, "通信": 4, "消费者": 2, "电驱": 1, "用以": 1, "根基": 1, "成熟": 4, "AI": 11, "亦": 1, "服务器": 1, "算力": 5, "昇腾": 6, "能源": 1, "产品线": 1, "现有": 1, "延伸": 2, "众所周知": 1, "电能": 1, "转化": 1, "整流": 1, "储能": 2, "逆变": 1, "电源": 1, "光伏": 1, "逆变器": 1, "密不可分": 1, "由来已久": 1, "崭露锋芒": 1, "2014年": 1, "2012": 1, "设立": 1, "车联网": 5, "进行车": 1, "联网": 1, "端": 1, "层面": 1, "相继": 1, "解决": 11, "众": 1, "达成": 1, "紧密": 2, "5月": 1, "成立": 1, "BU": 2, "BG": 1, "并列": 1, "一级": 1, "部门": 1, "整整": 1, "摸索": 1, "架构": 3, "轮子": 1, "座椅": 1, "剩下": 1, "感知": 1, "驾驶云": 1, "/": 2, "模块": 2, "去年": 1, "310": 1, "一同": 1, "MDC600": 2, "短短": 1, "款AI": 1, "910": 1, "标英": 1, "伟达": 1, "谷歌": 1, "HiCar人": 1, "家全": 1, "智慧": 3, "互联": 1, "贯通": 1, "30多": 1, "120多": 1, "车型": 2, "1月": 1, "首款": 1, "天罡": 1, "致力": 1, "简": 1, "助推": 1, "快速": 4, "部署": 3, "面向": 1, "模": 1, "终端": 6, "Balong": 2, "5000": 2, "多模": 1, "上海": 1, "车展": 1, "MH5000": 1, "下半年": 1, "商业化": 2, "车载OS": 1, "开发者": 2, "自主": 2, "智慧屏": 2, "手表": 1, "奔跑": 1, "百年": 1, "新四化": 1, "变革": 2, "方式": 3, "难": 1, "道路": 6, "复杂性": 2, "国内": 1, "驾驶者": 1, "规范性": 1, "叠加": 2, "应用于": 1, "相较于": 1, "海外": 1, "HC": 1, "总裁": 1, "王军": 4, "详细": 1, "分为": 1, "维度": 1, "路线": 4, "低往": 1, "循序渐进": 1, "终": 1, "统一": 1, "激光": 6, "雷达": 6, "高算力": 4, "产业": 7, "共赢": 1, "来源": 1, "官网": 1, "L1": 1, "L": 2, "L3": 1, "4": 3, "分级": 1, "严谨": 1, "导致": 1, "没用": 1, "拿到": 1, "水土不服": 1, "探索": 2, "未知": 1, "简言之": 1, "指出": 1, "城区": 2, "泊车": 2, "拥堵": 1, "跟随": 1, "高速": 3, "城际": 1, "公路": 1, "做起": 1, "短": 3, "较为": 1, "消除": 1, "之间": 1, "运营": 1, "空白": 1, "从小": 1, "得以": 1, "不止": 1, "条": 3, "路上": 1, "重要性": 1, "着手": 1, "港口": 1, "矿区": 1, "园区": 1, "社区": 1, "封闭": 1, "过程": 5, "项": 2, "尤为": 1, "安装": 1, "传感器": 3, "采集": 2, "环境": 3, "传输": 1, "中央": 1, "车辆": 3, "行驶": 3, "周边": 1, "障碍物": 1, "执行": 1, "决策": 2, "依据": 2, "驱动": 2, "前行": 1, "毫秒": 1, "微秒": 1, "透露": 1, "多年": 1, "经验": 1, "自研": 4, "必要性": 1, "早已": 1, "给予": 2, "意味华": 1, "涉足": 1, "高度": 1, "适配": 1, "抢": 1, "蛋糕": 1, "车控": 1, "平台层": 1, "整合": 4, "优": 1, "性价比": 1, "快捷": 1, "供": 2, "灵活": 2, "TierX": 1, "以此": 1, "L4级": 1, "ADS": 3, "L4": 3, "能效": 1, "值得一提的是": 1, "昇腾AI": 1, "后者": 1, "交通": 1, "驾乘": 1, "目标": 1, "SoC": 1, "路": 2, "高性能": 2, "规控": 1, "市区": 1, "优化": 2, "路测": 2, "车队": 1, "累积": 1, "闭环": 1, "迭代": 1, "套": 1, "等级": 1, "增减": 1, "OTA": 1, "众多": 1, "差异化": 1, "降低": 2, "成本": 3, "缩短": 1, "周期": 2, "产业化": 2, "进程": 2, "下功夫": 1, "寻找": 1, "适配性": 1, "耦合性": 1, "无疑": 1, "拉长": 1, "通力": 1, "协作": 1, "政策": 1, "法规": 1, "转向": 1, "制动": 1, "配合": 1, "主机厂": 1, "做好": 1, "阶段": 1, "发力": 1, "重点": 1, "展望": 1, "转身": 1, "任重而道远": 1, "三季度": 3, "经营": 1, "业绩": 1, "显示": 1, "稳健": 1, "发货量": 1, "1.85亿": 1, "台": 3, "同比": 1, "26%": 1, "平板": 1, "穿戴": 1, "音频": 1, "覆盖": 1, "170": 1, "地区": 1, "注册": 1, "107万": 1, "710": 2, "爆料": 1, "称": 2, "同款": 1, "商城": 2, "解释": 1, "封装": 2, "工艺": 2, "麒麟710": 2, "截图": 1, "颗": 3, "Cortex-A73": 1, "Cortex-A53": 1, "主频": 1, "跑到": 1, "2.2GHz": 1, "GPU": 3, "Mali-G51": 1, "MP4": 1, "相比": 4, "659": 1, "核": 2, "性能": 2, "75%": 1, "68%": 1, "Cat12": 1, "Cat13": 1, "制程": 2, "台积电": 1, "12nm": 1, "前代": 1, "节能": 1, "64": 2, "GB": 2, "存储": 9, "HD": 2, "前置": 3, "800万": 4, "像素": 7, "摄像头": 5, "方舟": 2, "编译器": 2, "EROF": 2, "S华": 2, "文件": 2, "Turbo": 2, "3.0": 2, "对比": 2, "6.59": 2, "2340": 2, "1080": 2, "升降式": 2, "视屏": 2, "素主": 3, "120": 2, "°超": 2, "广角": 3, "素景": 2, "阿尔法狗": 1, "击败": 1, "顶尖": 1, "棋手": 1, "走": 1, "科技类": 1, "公司": 2, "誉为": 1, "缺少": 1, "环": 1, "本身": 1, "Atlas": 2, "出击": 1, "2018年": 1, "全联": 1, "战略": 2, "全场": 1, "景AI": 1, "提到": 1, "推理": 1, "内容": 1, "公有云": 1, "私有云": 1, "边缘": 1, "物联网": 1, "消费类": 1, "通用": 2, "工具": 1, "提高": 3, "效率": 1, "内部": 1, "反感": 1, "方向": 1, "消耗": 1, "职能": 1, "时代": 2, "2023年": 1, "2万亿": 1, "早日": 1, "充足": 1, "算了": 1, "达芬奇": 1, "矩阵": 1, "云+端": 1, "改变": 1, "vlog": 3, "记录": 5, "下学": 1, "日常": 1, "聚会": 1, "远游": 1, "旅行": 1, "素材": 1, "照片": 1, "视频": 22, "灵动": 1, "完整": 1, "故事": 2, "传达": 1, "感情": 1, "成倍": 1, "制作": 4, "精美": 2, "高深": 1, "拍摄": 14, "技巧": 1, "下载": 2, "各类": 1, "才能": 1, "P30": 23, "机": 1, "剪辑": 8, "上手": 1, "分分钟": 1, "成就": 1, "精彩": 2, "小编": 3, "手把手": 1, "教": 1, "Vlog": 2, "超高": 1, "AIS": 4, "防抖": 3, "前期": 1, "小姐": 1, "姐们": 1, "上镜": 1, "好看": 1, "精心": 1, "打扮": 1, "人脸": 1, "糊成": 1, "马赛克": 1, "妆容": 1, "表情": 1, "录到": 1, "风景": 1, "细节": 1, "缺失": 1, "表达": 1, "意境": 1, "大打折扣": 1, "得益": 1, "4000万": 1, "感光": 1, "主摄": 1, "想想": 1, "平时": 1, "看剧": 1, "充会员": 1, "1080P": 1, "画质": 1, "更上一层楼": 1, "角落": 1, "影片": 2, "录制": 2, "稳定": 3, "随心": 1, "角度": 1, "光影": 2, "太": 1, "明白": 1, "发生": 1, "画面": 7, "抖动": 3, "不适感": 1, "一把手": 1, "住": 1, "走动": 2, "录像": 5, "上图": 1, "轻微": 2, "不在话下": 1, "潜望式": 1, "长焦": 1, "镜头": 4, "大腿": 1, "一般来说": 1, "距离": 1, "物体": 1, "15": 1, "变焦": 2, "摄影": 2, "景物": 2, "拉到": 1, "眼前": 1, "搞笑": 1, "手法": 1, "跟着": 1, "趣味性": 1, "爱美": 1, "美颜": 4, "实时": 2, "面部": 1, "修饰": 1, "变化": 1, "五官": 1, "立体": 1, "滤镜": 4, "后方": 1, "颜色": 1, "失真": 1, "从此": 1, "美美": 1, "后期": 3, "易行": 1, "就要": 1, "学PR": 1, "导入": 1, "导出": 1, "耗费": 1, "随时": 1, "有人": 2, "占": 1, "空间": 1, "繁琐": 1, "Pro自带": 1, "编辑": 3, "内涵": 1, "够用": 1, "栏": 4, "键": 1, "剪切": 1, "选取": 2, "心仪": 1, "Pro会": 1, "保存": 1, "剪裁": 3, "片段": 1, "完毕": 1, "创作": 1, "依赖": 1, "第三方": 2, "播放": 1, "界面": 1, "下方": 2, "附赠": 1, "浏览": 1, "瞬间": 3, "文艺": 1, "小看": 1, "并非": 1, "减滤镜": 1, "Pro右上角": 1, "大有": 1, "天地": 1, "音乐": 1, "上侧": 1, "细致": 1, "选项": 3, "画幅": 1, "设置": 2, "添加": 1, "删除": 1, "花式": 1, "标题": 1, "片尾": 1, "模板": 1, "层次": 1, "Pro制": 1, "作出": 1, "输": 1, "省时": 1, "省力": 1, "担心": 1, "遭受": 1, "压缩": 1, "何乐而不为": 1, "绝门": 1, "妙招": 1, "双景": 3, "隐藏": 1, "近景": 1, "特写": 1, "右侧": 1, "观赏": 1, "局势": 1, "左侧": 1, "单独": 1, "人物": 1, "一举两得": 1, "放": 1, "朋友圈": 1, "众人": 1, "Vloger": 1, "教程": 1, "跃跃欲试": 1, "出名": 1, "鲜少": 1, "超高清": 1, "影像": 1, "足以": 1, "多样": 1, "随拍": 1, "随剪": 1, "轻轻松松": 1, "独一无二": 1, "摄影师": 1, "贵重": 1, "器材": 1, "高端": 1, "加身": 1, "会展": 1, "中心": 1, "新机": 1, "9月份": 1, "区别": 1, "储存": 3, "摄像": 1, "1600万": 1, "悬浮式": 1, "美好": 1, "捕捉": 1, "手持": 1, "夜景": 1, "摄光圈": 1, "f/1.8": 1, "光圈": 1, "f/2.4": 1, "保留": 1, "亮点": 1, "详情": 1, "留意": 1, "图解": 1}