{"2019": 1, "华为": 87, "年度": 1, "旗舰": 4, "新品": 1, "发布": 3, "盛典": 1, "消费者": 3, "业务": 3, "CEO": 2, "余承东": 5, "：": 11, "Mate": 5, "30": 5, "系列": 6, "全球": 6, "首款": 1, "第二": 1, "5G": 22, "手机": 31, "厂商": 3, "支持": 4, "NSA": 2, "架构": 3, "SA双": 1, "颗": 1, "芯片": 5, "采用": 1, "先进": 1, "天线": 1, "技术": 12, "具备": 3, "有线": 1, "快充": 4, "、": 49, "无线": 1, "充电": 4, "反向": 2, "这次": 2, "提升": 2, "3": 1, "倍": 1, "指出": 1, "电脑": 1, "Mate305G": 1, "搭载": 2, "麒麟990": 5, "SoC": 1, "SA/NSA": 1, "；": 2, "双卡双待": 1, "4G卡": 1, "在线": 1, "mate30": 23, "依旧": 2, "强大": 3, "徕卡": 2, "四": 2, "摄": 4, "Pro": 6, "再次": 1, "评分": 1, "霸榜": 1, "第一": 5, "名": 1, "亮点": 1, "电影": 2, "7680": 1, "帧": 1, "超级": 2, "动作": 1, "效果": 1, "顶级": 1, "P30": 1, "销量": 4, "上市": 7, "销售": 8, "1700万": 1, "台": 4, "美国": 24, "制裁": 2, "3亿-3.1亿": 1, "公布": 1, "Mate30": 10, "海外": 2, "售价": 5, "最低": 3, "6249": 1, "元": 15, "国内": 1, "3999": 3, "今日": 1, "正式": 4, "发售": 1, "麒麟": 4, "990": 4, "硬件": 2, "算力": 1, "定点": 1, "能力": 2, "AI性": 1, "超过": 5, "苹果": 4, "A13": 3, "Mate30/Pro": 1, "频段": 1, "据悉": 1, "提供": 4, "罗兰紫": 1, "翡": 1, "冷翠": 1, "亮": 1, "黑色": 1, "星河银": 1, "丹霞": 1, "橙": 1, "青山黛": 1, "配色": 2, "事情": 2, "总会": 1, "发生": 3, "！": 24, "近日": 2, "消息": 2, "曝出": 2, "——": 11, "生产": 7, "含": 4, "零部件": 3, "基站": 6, "明年": 2, "量产": 1, "一石激起千层浪": 1, "创始人": 1, "任正非": 2, "商务": 2, "论坛": 1, "宣称": 1, "惊呆": 1, "所有人": 1, "心平气和": 1, "脱离": 1, "供应": 4, "生存": 2, "部件": 2, "引发": 1, "关注": 1, "意义": 2, "01": 2, "此前": 3, "美国商务部": 1, "列入": 1, "实体": 2, "清单": 1, "禁止": 2, "美企": 1, "出售": 2, "相关": 3, "产品": 11, "政府": 1, "许可": 3, "断供": 3, "意想不到": 1, "买": 10, "难受": 1, "反而": 1, "公司": 16, "原因": 2, "很": 6, "简单": 2, "客户": 1, "带": 1, "利润": 1, "企业": 2, "财务": 1, "报表": 1, "变得": 2, "难看": 1, "股市": 1, "做出": 1, "回应": 3, "股票": 1, "跌": 1, "一个": 3, "鲜明": 1, "对比": 2, "6月": 1, "美光": 1, "供货": 1, "针对": 2, "禁令": 1, "冲突": 1, "股价": 2, "盘后": 1, "交易": 1, "飙升": 1, "11%": 1, "带动": 1, "股": 2, "上涨": 1, "到底": 2, "刻苦铭心": 1, "课": 1, "时间": 2, "指针": 1, "来到": 1, "9月底": 1, "出货量": 2, "每月": 1, "5000": 1, "国家": 6, "引进": 1, "预计": 2, "总量": 1, "随之": 1, "翻倍": 1, "恢复": 1, "感情": 1, "挣钱": 2, "朋友": 2, "任总": 1, "宽大": 1, "胸怀": 1, "可见一斑": 1, "关键": 2, "表现": 2, "差": 5, "听到": 1, "情况": 7, "估计": 2, "无比扎心": 1, "原本": 1, "想": 3, "封杀": 2, "想到": 1, "亲手": 1, "弄出": 1, "死": 1, "对手": 3, "未": 1, "铺开": 1, "6G": 12, "路上": 1, "025G": 1, "至今": 1, "都": 7, "着落": 1, "越来越": 2, "绝望": 1, "仅仅": 1, "小儿科": 1, "研发": 3, "当中": 2, "领先": 4, "开发": 3, "并行": 1, "规模化": 1, "远华": 1, "称": 5, "10年": 1, "研究": 4, "标准": 1, "商用": 1, "阶段": 2, "局面": 1, "时代": 1, "大踏步": 1, "袭来": 1, "迫不及待": 1, "进展": 1, "核心": 2, "有人": 1, "介绍": 1, "网络": 3, "速度": 1, "快": 1, "100倍": 1, "秒": 2, "1TB": 1, "意味着": 3, "下载": 1, "1": 1, "内": 1, "驾驶": 1, "无人机": 1, "操控": 1, "自如": 1, "届时": 1, "打造": 2, "连接": 1, "空": 1, "海": 1, "通信": 1, "飞机": 1, "上网": 1, "影响": 1, "海上": 1, "航行": 1, "担心": 2, "失联": 1, "未来": 3, "美好": 2, "此刻": 1, "感到": 1, "多么": 1, "扎心": 1, "毕竟": 2, "中国": 6, "领跑": 1, "自信": 2, "哈哈大笑": 1, "无比": 1, "欣慰": 1, "03": 2, "话题": 1, "回到": 1, "授权": 4, "西方": 3, "包括": 3, "专利": 18, "代码": 1, "公开": 3, "谈话": 1, "进一步": 2, "一家": 5, "独家": 1, "诚意": 1, "小心眼": 1, "坏": 1, "心眼": 1, "源代码": 1, "软件": 1, "验证": 1, "制造": 2, "专有": 1, "得寸进尺": 1, "贪心": 1, "芯片组": 1, "设计": 5, "希望": 1, "起点": 1, "坚信": 1, "发展": 1, "请": 2, "听听": 1, "一番话": 1, "听一听": 1, "最为": 2, "笑声": 1, "诚": 1, "最终": 1, "证明": 1, "西方人": 1, "转自": 1, "锐解局": 1, "国产": 3, "标杆": 1, "机皇": 1, "pro在线": 1, "线下": 1, "市场": 18, "拔得头筹": 1, "火爆": 2, "高档": 1, "说法": 1, "首销": 2, "第1": 1, "100万": 1, "消费": 1, "观念": 1, "改变": 1, "钱": 1, "三星": 5, "Note": 1, "iPhone": 2, "如今": 1, "P系列": 1, "比比皆是": 1, "均价": 1, "4000": 2, "超": 2, "千万": 2, "难度": 1, "热度": 2, "高涨": 1, "iPhone11": 2, "当头一棒": 1, "遗憾": 1, "太": 2, "产能": 1, "很多": 3, "版本": 2, "处于": 1, "缺货": 1, "现货": 1, "身边": 1, "小编": 3, "价格": 4, "便宜": 2, "值得": 2, "上手": 1, "款": 7, "起步": 5, "5799": 1, "1800": 4, "东西": 2, "仔细": 1, "盘点": 1, "配置表": 1, "分享": 1, "Pro比": 2, "贵": 4, "配置": 1, "角度": 2, "分析": 1, "存储": 1, "规格": 1, "内存": 2, "6GB": 3, "+": 9, "128GB": 2, "高达": 3, "8GB": 2, "容量": 1, "基于": 1, "EMUI": 1, "系统": 1, "加持": 2, "够用": 1, "测试": 3, "性能": 7, "差异": 2, "五五": 1, "外观": 2, "截然不同": 2, "美观": 2, "激进": 1, "6.53": 1, "英寸": 1, "曲面": 1, "瀑布屏": 2, "可视": 1, "屏幕": 1, "形态": 1, "水": 1, "滴屏": 1, "萌脸": 1, "刘海": 1, "正面": 1, "美": 1, "感度": 1, "荣耀": 1, "9": 2, "X": 1, "颜值控": 1, "建议": 3, "入手": 1, "付出": 1, "维护": 1, "成本": 1, "磕碰": 1, "将要": 1, "承担": 1, "巨额": 1, "维修": 1, "费用": 1, "续航": 3, "延续": 1, "上一代": 1, "4200": 1, "mah大": 1, "电池": 2, "40W": 1, "方案": 1, "价位": 3, "佼佼者": 1, "给力": 1, "轻薄": 1, "机身": 1, "4500": 1, "mah": 1, "超大": 1, "赋予": 1, "27": 1, "W无线": 1, "40": 1, "W有线": 1, "组合": 3, "体验": 3, "远": 2, "超华": 1, "一分钱一分货": 1, "拍照": 6, "121分": 1, "成绩": 1, "登顶": 1, "DXOmark": 1, "扳手": 1, "4000万": 3, "800万": 1, "TOF四": 1, "镜头": 2, "夜拍": 1, "实力": 1, "业内": 3, "配备": 1, "1600万": 1, "TOF三": 1, "去年": 1, "Mate20": 1, "差不多": 1, "优势": 1, "细节": 1, "些许": 1, "适配": 1, "尖端": 1, "IP68": 1, "等级": 1, "防水": 1, "水下": 1, "分钟": 1, "依然": 2, "存活": 1, "COP": 1, "封装": 1, "工艺": 1, "密封性": 1, "比华": 1, "蛮": 1, "颜值": 1, "预算": 1, "一步到位": 1, "气质": 1, "小米": 7, "认同": 1, "声明": 1, "未经": 1, "转载": 1, "平台": 4, "网站": 1, "推哥": 1, "原创": 1, "图片": 5, "源于": 1, "侵权": 2, "作者": 1, "删除": 1, "来源": 5, "日报": 1, "华尔街": 1, "见闻": 1, "ID": 1, "wallstreetcn": 1, "整理": 1, "宇祥": 1, "文": 1, "观点": 1, "投资": 1, "9月": 4, "30日": 2, "称为": 1, "非洲": 24, "王": 5, "传音": 33, "控股": 14, "(": 1, "688036.SS": 1, ")": 1, "科创板": 1, "发行": 1, "35.15": 1, "/": 1, "首日": 1, "高开": 1, "50.78%": 1, "盘中": 1, "一度": 2, "涨": 1, "96%": 1, "触发": 1, "临时": 1, "停牌": 1, "市值": 2, "550亿": 1, "临停": 1, "回落": 1, "截至": 2, "收盘报": 1, "57.8": 1, "462.4亿": 1, "换手率": 1, "68%": 1, "占据": 2, "半壁江山": 2, "集团": 1, "竞争": 4, "步步紧逼": 2, "前夕": 1, "起诉": 8, "刚": 1, "烦": 1, "媒体": 2, "报道": 2, "29日": 1, "董秘室": 1, "工作": 1, "人员": 1, "证实": 1, "确实": 1, "理由": 1, "侵犯": 2, "著作权": 1, "索赔": 2, "金额": 2, "2000万": 1, "立案": 1, "收到": 1, "法院": 1, "文件": 1, "机型": 3, "开机": 1, "画面": 1, "页面": 1, "涉嫌": 1, "知识产权": 1, "级别": 2, "品牌": 4, "旗下": 1, "众": 1, "深圳": 2, "股份": 1, "有限公司": 3, "深圳市": 2, "泰衡诺": 1, "科技": 4, "有限": 1, "智讯": 1, "科拓": 1, "惠州": 1, "埃富拓": 1, "重庆": 1, "仪式": 1, "董事长": 1, "朱": 1, "兆江": 1, "问及": 1, "法律": 1, "公正": 1, "回复": 1, "02": 1, "这两年": 1, "声名鹊起": 1, "得益": 1, "外界": 1, "冠以": 1, "响亮": 1, "称号": 2, "领域": 3, "资料": 1, "显示": 3, "成立": 2, "2013年": 1, "智能": 4, "终端": 1, "运营": 1, "TECNO": 1, "Infinix": 1, "三大": 1, "销": 1, "区域": 1, "南亚": 2, "东南亚": 2, "中东": 2, "南美": 2, "新兴": 2, "IDC": 1, "统计": 1, "数据": 3, "2018年": 4, "占有率": 2, "7%": 1, "排名": 2, "第四": 1, "招股书": 3, "48.7%": 1, "西南": 2, "证券": 2, "研报": 2, "地区": 2, "主营": 2, "收入": 3, "来自于": 1, "2016-2018": 1, "96.1": 1, "亿": 3, "150.6": 1, "171.4": 1, "年均": 1, "复合": 1, "增速": 1, "33.2%": 1, "占比": 2, "88.62%": 1, "76.86%": 1, "77.30%": 1, "独大": 2, "定位": 1, "中低端": 1, "功能机": 4, "平均": 2, "65.95": 1, "智能机": 5, "454.38": 1, "电商": 1, "Jumia": 2, "在售": 1, "尼日利亚": 1, "货币": 1, "奈拉": 1, "100": 1, "人民币": 1, "折合": 1, "5390奈拉": 1, "美颜": 3, "自拍": 1, "肤色": 1, "功能": 2, "重点": 2, "解决": 1, "印度": 1, "深肤色": 1, "用户": 2, "三": 1, "踏足": 1, "农村": 1, "包围": 1, "城市": 1, "战略": 1, "贫穷": 1, "落后": 1, "地方": 2, "做起": 1, "营销": 1, "广告": 2, "夸张": 1, "墙": 1, "电信": 1, "运营商": 1, "双SIM卡": 1, "四SIM卡": 1, "04": 1, "步步": 1, "紧逼": 1, "管理层": 1, "掉以轻心": 1, "3日": 1, "更新": 1, "J系列": 1, "A系列": 1, "Y系列": 1, "同等": 1, "近期": 1, "南非": 1, "推出": 1, "线上": 2, "商城": 1, "加大": 1, "推广": 1, "2019年": 4, "1月": 1, "电子": 1, "达成": 1, "合作": 1, "专攻": 1, "低端": 1, "游离": 1, "空白": 1, "边缘": 1, "饱和": 1, "纷杳": 1, "至到": 1, "偏安一隅": 1, "遭遇": 2, "挑战": 1, "05": 1, "困局": 1, "群雄逐鹿": 1, "过程": 1, "关键性": 1, "武器": 1, "此次": 1, "纸": 1, "诉状": 1, "开启": 1, "不利": 1, "战局": 1, "子公司": 1, "知识": 3, "产权局": 1, "境内": 1, "拥有": 1, "共计": 1, "630": 1, "项": 4, "发明": 1, "97": 1, "实用": 1, "新型": 1, "385": 1, "148": 1, "相比": 1, "同行": 1, "截止": 1, "7月": 1, "申请": 4, "总数": 1, "115414": 1, "条": 1, "OPPO": 3, "11日": 1, "申请量": 1, "38000": 1, "+件": 1, "数量": 2, "数以十万计": 1, "上半年": 1, "2815": 1, "件": 2, "1224": 1, "全年": 1, "世界": 1, "产权": 2, "组织": 1, "提交": 1, "5405": 1, "份": 1, "政法": 1, "大学": 1, "中心": 1, "特约": 1, "研究员": 1, "李": 1, "俊慧": 1, "还好": 1, "2G": 1, "失效": 1, "无需": 1, "付费": 1, "风险": 2, "潜在": 1, "支付": 1, "专利费": 1, "规模": 1, "变大": 1, "尤其是": 1, "NPE": 1, "非专利": 1, "实施": 1, "机构": 1, "围剿": 1, "概率": 1, "手机界": 1, "研究院": 1, "院长": 1, "孙燕飚": 1, "厂家": 1, "之间": 4, "工具": 1, "刚刚": 1, "切入": 1, "遥遥领先": 1, "位置": 1, "有待": 1, "考验": 1, "内容": 2, "综合": 1, "自界面": 1, "财经": 1, "澎湃": 1, "新闻": 1, "11": 1, "亮相": 1, "高端": 1, "完毕": 2, "或者说": 1, "主流": 1, "处理器": 10, "购机": 1, "考量": 1, "因素": 1, "近年来": 1, "厂家们": 1, "比拼": 1, "Geekbench5": 2, "上线": 1, "高通": 3, "跑分": 7, "下图": 1, "骁龙": 3, "855": 3, "Plus": 2, "选取": 1, "7T": 1, "提前": 1, "剔除": 1, "偏差": 1, "核": 6, "776-790": 1, "分数": 7, "2733-2925": 1, "海思": 1, "分为": 1, "4G": 3, "单核": 4, "771-776": 1, "2934": 1, "相较": 1, "4G版": 1, "频率": 1, "略": 1, "高于": 1, "3062": 1, "Geekbench": 1, "5": 1, "大致": 1, "位于": 1, "1330": 1, "3442-3601": 1, "Note10": 1, "猎户座": 2, "9825": 2, "846": 1, "2259": 1, "Plus齐平": 1, "悬念": 1}