{"高通": 5, "手机": 34, "厂商": 4, "OV": 2, "小米": 2, "供应": 3, "处理器": 8, "华为": 149, "对手": 1, "率先": 1, "推出": 5, "支持": 9, "双模5G": 1, "搭载": 6, "麒麟990": 4, "5G": 15, "Mate30": 6, "Pro": 11, "重磅": 1, "旗舰": 9, "发布": 9, "8": 3, "双模": 1, "回应": 1, "中端": 1, "骁龙": 2, "765G": 1, "拿下": 1, "中低端": 2, "市场": 17, "865": 1, "展开": 1, "高端": 6, "争夺": 1, "肯定": 2, "如愿": 1, "明年": 8, "年初": 2, "至少": 2, "三": 1, "重量级": 1, "上市": 4, "Mate": 10, "Xs": 5, "X": 2, "供货量": 1, "极少": 1, "炒": 1, "、": 63, "9万": 1, "元": 7, "天价": 1, "买到": 1, "小伙伴": 1, "担心": 1, "余承东": 1, "承诺": 1, "升级版": 2, "性能": 1, "技术": 11, "成熟": 1, "外形": 1, "改变": 1, "英寸": 3, "折叠屏": 1, "折叠": 1, "主屏": 1, "6.6": 1, "副屏": 1, "6.38": 1, "提供": 7, "12+512GB": 2, "UFS3.0": 1, "存储": 2, "组合": 5, "普及": 1, "12GB": 3, "运存": 3, "8GB": 2, "价格": 11, "超过": 2, "万元": 1, "一点": 2, "确实": 2, "厚道": 1, "或许": 2, "足够": 2, "只能": 3, "身份": 1, "象征": 1, "相机": 4, "再次": 1, "升级": 2, "模组": 1, "4000万": 4, "素IMX600y": 1, "拍照": 5, "主摄": 3, "+": 7, "素超": 3, "广角": 4, "电影主": 1, "摄IMX608": 1, "800万": 3, "素长": 1, "焦": 1, "3D": 3, "深感": 3, "镜头": 6, "内置": 6, "4500": 2, "mAh": 4, "电池": 4, "充电": 3, "功率": 2, "45W": 1, "提升": 2, "65W": 1, "贵": 2, "预计": 2, "一个": 3, "版本": 1, "19999": 1, "P40": 10, "减配版": 1, "采用": 10, "设计": 8, "低": 2, "配置": 5, "强劲": 1, "AMOLED": 1, "挖": 3, "孔屏": 2, "开孔": 2, "孔径": 1, "3": 1, "摄像头": 2, "成像": 2, "效果": 2, "硬件": 3, "缩水": 1, "4G": 1, "麒麟": 4, "990+": 1, "巴龙": 1, "5000": 1, "荣耀": 2, "30": 2, "前置": 2, "3200万": 2, "素单": 1, "摄": 6, "后置": 3, "像素": 4, "2000万": 1, "潜望": 2, "长焦": 2, "四": 1, "4200": 1, "40": 2, "W快": 2, "充+": 2, "27": 2, "W": 2, "无线": 2, "P30": 1, "改动": 1, "不大": 1, "Pro华": 1, "屏幕": 3, "孔AMOLED": 1, "指纹": 1, "识别": 1, "隔空": 1, "控屏": 1, "可惜": 2, "3D人": 1, "脸": 1, "解锁": 1, "最低": 1, "8+256GB": 1, "矩形": 1, "阵列": 1, "全新": 2, "5400万": 1, "素IMX700": 1, "OIS": 1, "光学": 2, "防抖": 1, "四合一": 1, "输出": 1, "1600万": 1, "；": 3, "超": 1, "同款": 1, "素IMX608": 1, "也就是说": 1, "双主": 1, "10": 1, "倍": 1, "变焦": 1, "凑": 1, "齐": 1, "5": 1, "第一": 5, "续航": 3, "65": 1, "看齐": 1, "mate": 1, "起步": 1, "6888": 1, "卖": 1, "国产": 1, "很": 13, "街机": 1, "实在": 1, "网友": 8, "买": 5, "越来越": 2, "定价": 1, "关注": 2, "最多": 1, "公司": 9, "中国": 1, "消费者": 2, "心中": 2, "骄傲": 1, "顶住": 1, "美国": 13, "施压": 1, "通讯": 1, "都": 18, "高速": 2, "发展": 12, "超越": 1, "实力": 4, "厉害": 1, "全球": 12, "很多": 7, "客户": 6, "无中生有": 2, "制造": 1, "麻烦": 1, "路": 1, "顺利": 1, "靠着": 1, "硬": 1, "强大": 3, "国家": 2, "希望": 3, "合作": 12, "特朗普": 1, "各国": 1, "之间": 1, "游说": 1, "带来": 2, "负面": 1, "影响": 7, "谣言": 1, "形象": 1, "损伤": 1, "早前": 1, "英国": 4, "摇摆不定": 1, "接纳": 1, "仅仅": 2, "有限": 3, "参与": 2, "交给": 1, "建设": 2, "推迟": 2, "干预": 1, "这次": 3, "提出": 1, "建议": 1, "吓唬": 2, "贴切": 1, "相关": 5, "人士": 1, "核心网": 1, "窃取": 2, "机密": 2, "这是": 1, "污蔑": 1, "想": 4, "不齿": 1, "手段": 1, "拒绝": 1, "外国": 2, "友人": 2, "看透": 1, "社交": 2, "平台": 4, "吐槽": 1, "大部分": 2, "明白": 1, "着急": 1, "太过": 1, "落后": 1, "强国": 1, "事情": 3, "发生": 1, "干扰": 1, "其他人": 1, "认可": 1, "到底": 1, "才": 4, "定数": 1, "市面": 2, "企业": 13, "版": 1, "办公": 20, "软件": 1, "包括": 2, "钉钉": 2, "微信": 2, "近日": 2, "WeLink": 13, "宣告": 1, "正式": 2, "进军": 1, "工作": 4, "此次": 2, "内容": 3, "功能": 3, "12月": 1, "26日": 1, "云正式": 1, "智能": 12, "副总裁": 1, "联接": 3, "协同": 1, "业务": 5, "总裁": 1, "薛浩介": 1, "绍道": 1, "华为云WeLink": 5, "基础": 1, "服务": 35, "增值": 1, "类型": 1, "严选": 1, "持续": 4, "更新": 1, "各类": 3, "介绍": 1, "AnyTime": 1, "AnyWhere": 1, "AnyDevice": 1, "AnyBody": 1, "场景": 2, "助力": 1, "用户": 5, "随时": 1, "随地": 1, "终端": 3, "设备": 10, "电脑": 2, "Pad": 1, "电子": 1, "白板": 1, "协作": 2, "懂": 1, "AI": 3, "助手": 1, "小微": 1, "一句话": 2, "即可": 1, "直达": 1, "找": 2, "邮件": 4, "预定": 1, "差旅": 1, "报销": 1, "费用": 1, "充值卡": 1, "包": 1, "百种": 1, "会议室": 1, "多种": 3, "自由": 1, "投屏": 1, "方式": 1, "颠覆": 1, "传统": 1, "会议": 3, "纪要": 2, "自动": 1, "文字": 1, "扫码": 1, "发送": 1, "邮箱": 1, "具备": 2, "实时": 1, "翻译": 2, "消息": 4, "文档": 1, "七": 1, "语言": 1, "一键": 1, "转群": 1, "聊": 1, "事实上": 1, "源自": 1, "数字化": 2, "转型": 1, "实践": 1, "2017年": 1, "1月": 1, "1日": 1, "1.0": 1, "上线": 1, "待办": 1, "审批": 1, "知识": 1, "共享": 1, "19.5万": 1, "日活率": 1, "99.8%": 1, "日联": 1, "接量": 1, "1200万": 1, "团队": 1, "52万": 1, "员工": 2, "整体": 2, "效率": 3, "30%": 1, "谈及": 1, "目标": 2, "薛浩": 3, "销售额": 1, "价值": 3, "同类": 1, "产品": 10, "信心": 2, "说道": 1, "会上": 1, "携手": 1, "伙伴": 3, "成立": 2, "生态": 1, "联盟": 1, "首批": 1, "成员": 1, "排名": 2, "：": 3, "金山": 1, "软": 1, "国际": 1, "致远": 1, "互联": 1, "罗技": 1, "商旅": 1, "红圈": 1, "营销": 2, "合思费控": 1, "Coremail论客": 1, "芯盾": 1, "集团": 1, "目睹": 1, "直播": 1, "视源": 1, "股份": 2, "喜马拉雅": 1, "知笔记": 1, "国内": 3, "巨头": 1, "变为": 1, "三国": 1, "时代": 2, "优势": 2, "供应商": 2, "早期": 1, "华为云": 1, "接受": 2, "新浪": 1, "科技": 2, "媒体": 1, "采访": 2, "侧重点": 1, "偏": 1, "平台式": 1, "发": 1, "痛点": 1, "需求": 1, "可信": 1, "体系": 1, "保障": 1, "信息": 7, "数据": 2, "系统": 11, "自动化": 5, "IOAS": 1, "利用": 2, "先进": 2, "提高": 7, "质量": 3, "改善": 1, "条件": 1, "减轻": 1, "劳动强度": 1, "管理": 4, "决策": 3, "科学化": 3, "科学": 2, "社会学": 1, "工程学": 2, "人机": 2, "理论": 1, "计算机": 1, "通信": 2, "活动": 1, "物化": 1, ".": 1, "人员": 1, "某种": 1, "办公室": 1, "借助": 1, "取代": 1, "人工": 1, "辅助": 1, "领导": 1, "目的": 2, "尽可能": 1, "资源": 1, "限度": 1, "水平": 1, "无纸化": 1, "1987年": 1, "总部": 1, "位于": 1, "广东省": 1, "深圳市": 1, "龙岗区": 1, "领先": 1, "ICT": 3, "解决": 5, "方案": 5, "专注于": 1, "领域": 2, "稳健": 1, "经营": 1, "创新": 2, "开放": 1, "电信": 2, "运营商": 3, "云计算": 1, "构筑": 1, "端": 2, "竞争力": 1, "致力": 1, "未来": 2, "社会": 1, "构建": 1, "美好": 1, "世界": 3, "2013年": 1, "首超": 1, "设备商": 1, "爱立信": 1, "财富": 1, "500": 2, "第315": 1, "截至": 1, "2016年底": 1, "17多万": 1, "名": 1, "170": 1, "50": 1, "45": 1, "1/3": 1, "人口": 1, "A股": 2, "依然": 1, "行业": 1, "概念": 1, "股票": 2, "发布会": 1, "元隆": 2, "雅图": 2, "002878": 1, "北京": 2, "文化": 1, "传播": 1, "主营": 1, "促销品": 3, "促销": 2, "仓储": 1, "运输": 1, "文创": 1, "北京市": 2, "科学技术": 1, "委员会": 1, "认定": 1, "中心": 1, "2022年": 1, "冬奥会": 1, "残奥会": 1, "特许": 2, "生产商": 1, "零售商": 1, "资质": 1, "知名": 1, "第二": 2, "想要": 1, "财经": 1, "资讯": 1, "赢家": 2, "财富网": 2, "来源": 1, "阻止": 1, "4月份": 1, "出台": 3, "禁令": 4, "禁止": 2, "元器件": 4, "微软": 1, "Windows": 1, "谷歌": 25, "毕竟": 4, "安卓": 5, "打造": 3, "生产": 2, "模块": 2, "克服": 1, "种种": 1, "困难": 1, "量产": 1, "含": 2, "自主": 1, "研发": 1, "系列": 14, "海外": 10, "导致": 2, "一度": 1, "款": 4, "日前": 1, "许可证": 1, "windows": 1, "依旧": 2, "许可": 1, "意味着": 2, "任正非": 1, "宏大": 1, "Plan": 1, "B": 1, "2020年": 2, "回归": 3, "猝不及防": 3, "三星": 2, "弥补": 1, "收入": 2, "广告": 2, "自然": 6, "更多": 1, "放在": 1, "如今": 1, "损失": 1, "恢复": 2, "计划B": 1, "替代": 3, "测试": 2, "地图": 1, "测试华": 1, "地区": 1, "加速": 4, "完善": 1, "主流": 2, "开发商": 1, "App": 1, "进驻": 1, "解除": 1, "不用": 1, "机型": 6, "大规模": 3, "对此": 1, "纷纷": 2, "鸿蒙": 18, "放大招": 4, "8月份": 2, "OS": 4, "微内核": 1, "分布式": 1, "简单": 1, "修改": 1, "PC": 2, "平板": 1, "手表": 2, "跨平台": 1, "智慧屏": 1, "表述": 1, "快": 2, "基于": 2, "开源": 1, "商用": 1, "进程": 1, "正是": 1, "9月份": 1, "动作": 1, "频频": 1, "10亿": 1, "美元": 1, "推广": 1, "重金": 1, "悬赏": 1, "漏洞": 1, "战略": 1, "前奏": 1, "应对": 1, "情况": 3, "错过": 2, "同台": 1, "竞技": 1, "留言": 1, "点赞": 1, "真的": 1, "火爆": 1, "旗下": 2, "产品线": 1, "不错": 3, "P系列": 3, "主打": 4, "线下": 2, "Nova": 6, "人气": 2, "口碑": 2, "流传": 1, "剩下": 1, "原因": 2, "麦芒": 1, "畅享": 1, "在线": 1, "选择": 2, "推荐": 2, "Nova6": 2, "参数": 1, "众所周知": 1, "含义": 1, "新星": 1, "中档": 1, "摄影": 1, "外观": 2, "年轻": 4, "萌妹们": 1, "青睐": 1, "独树一帜": 1, "颜值": 1, "优化": 3, "俨然": 1, "群体": 1, "追求": 1, "高性能": 1, "品质": 1, "代表": 1, "定位": 1, "核心": 1, "差距": 1, "能力": 3, "出色": 1, "重点": 1, "Nova5Pro": 12, "热度": 3, "走低": 2, "件": 2, "新机": 1, "公布": 1, "难": 1, "降价": 3, "吸引力": 1, "显示": 1, "来到": 2, "1949": 1, "官方": 1, "称为": 1, "980": 3, "跌破": 2, "两千": 2, "去年": 1, "好多": 1, "千": 1, "价位": 2, "竞争": 1, "多么": 1, "不少": 1, "性价比": 1, "自研": 1, "颗": 1, "陌生": 1, "芯片": 2, "首款": 1, "7nm": 1, "工艺": 1, "SoC": 1, "双核": 1, "NPU": 1, "阵营": 1, "运算": 1, "3500": 1, "看似": 1, "配合": 1, "7nm麒麟980": 1, "功耗": 1, "EMUI": 1, "软硬": 1, "一体": 1, "妥妥": 1, "时间": 1, "拥有": 1, "W华": 1, "超级": 1, "快充": 1, "日常": 1, "游戏": 1, "太": 4, "瑕疵": 1, "酱油": 1, "成分": 1, "4800万": 1, "AI四": 1, "模式": 1, "传感器": 1, "索尼": 1, "IMX582": 2, "IMX586": 1, "日拍夜": 1, "拍": 1, "照片": 1, "色彩": 1, "原度": 1, "真实": 1, "过时": 1, "流行": 1, "加上": 2, "下巴": 1, "想象": 1, "窄": 1, "屏占": 1, "算是": 1, "优缺点": 1, "称": 3, "早": 3, "！": 2, "第一时间": 1, "入手": 1, "速度": 2, "很快": 1, "见怪不怪": 1, "方向": 1, "青春": 1, "潮流": 1, "敏感": 1, "买账": 1, "后悔": 1, "情理之中": 1, "笔者": 1, "购买": 1, "观点": 1, "表达": 1, "回复": 1, "讨论": 1, "申明": 1, "本文": 1, "作者": 2, "独家": 1, "原创": 1, "分享": 1, "评论": 1, "收藏": 1, "转发": 1, "未经": 1, "抄袭": 1, "违者": 1, "追究": 1, "版权": 1, "侵犯": 1, "责任": 1, "图片": 1, "均": 1, "网络": 1, "侵权": 1, "请": 1, "本人": 1, "谢谢": 1}