{"来源": 4, "：": 110, "金融界": 1, "网站": 1, "2月": 1, "13日": 1, "华为": 217, "轮值": 2, "董事长": 2, "徐直军": 2, "接受": 6, "六": 3, "英国": 51, "媒体": 8, "采访": 2, "谈论": 1, "诸多": 1, "关心": 4, "热点": 1, "话题": 1, "谈及": 1, "5G": 41, "原子弹": 3, "伤害": 3, "造福": 4, "老百姓": 7, "享受": 3, "数字化": 3, "体验": 4, "带来": 6, "价值": 17, "要点": 1, "实录": 1, "谈": 6, "软件": 30, "工程": 9, "能力": 26, "提升": 15, "这不": 3, "件": 9, "简单": 15, "事情": 13, "公司": 54, "未来": 38, "发展": 19, "、": 157, "建立": 14, "可信": 11, "不仅仅": 5, "NCSC": 6, "面向": 10, "措施": 2, "远大": 2, "理想": 2, "至关重要": 2, "20亿": 8, "美金": 8, "启动": 4, "资金": 7, "希望": 11, "三五": 2, "努力": 13, "打造": 7, "各国": 3, "政府": 19, "信任": 8, "客户": 26, "产品": 23, "网络": 32, "技术": 40, "终究": 3, "科学家": 5, "工程师": 5, "干": 4, "倾向于": 2, "构筑": 3, "一个": 95, "全球": 15, "标准": 27, "做好": 4, "胜利": 2, "员工": 56, "都": 71, "股东": 3, "理解": 6, "利润": 2, "低": 4, "一点": 5, "可行": 3, "不行": 3, "产业界": 6, "合作": 21, "英": 3, "典范": 2, "1": 4, "PC": 4, "Pro": 4, "记者": 17, "研发": 13, "活动": 8, "分开": 4, "无线": 3, "通信": 14, "基础": 5, "研究": 20, "需求": 14, "主导": 1, "特性": 2, "开发": 12, "划分": 1, "投入": 6, "平衡": 1, "徐": 18, "直军": 18, "业界": 3, "投资": 20, "管理": 39, "体系": 15, "流程": 6, "IPD": 1, "1998年": 1, "引入": 4, "IBM": 1, "咨询": 1, "构建": 6, "既有": 2, "创新": 5, "基于": 18, "导向": 3, "三": 10, "预算": 5, "内": 4, "团队": 20, "决策": 13, "机构": 10, "IRB": 2, "IPMT": 2, "ITMT": 3, "审视": 3, "周期": 1, "长": 6, "季度": 1, "进程": 1, "时间": 29, "阶段": 1, "包括": 8, "专利": 2, "历史": 12, "占": 2, "10％": 1, "接近": 1, "20％": 1, "30％": 1, "机制": 14, "2009年": 1, "6亿": 1, "走到": 2, "结束": 5, "成果": 5, "三年": 2, "这是": 16, "3": 3, "Computer": 2, "World": 2, "灵感": 1, "突现": 1, "时间点": 1, "战略性": 2, "东西": 7, "核心": 9, "战略": 1, "刚才": 4, "提到": 13, "09年": 1, "预测": 2, "若干": 1, "市场": 17, "机会": 8, "产业": 4, "规律": 3, "2G": 1, "肯定": 5, "3G": 2, "4G": 9, "6G": 3, "角度": 7, "来讲": 4, "概念": 1, "寻找": 1, "下一代": 1, "适合": 1, "集合": 1, "2019年": 1, "基本上": 1, "思考": 2, "将要": 1, "创造": 11, "2028-2030年": 1, "热闹": 1, "升级": 2, "都会": 5, "企业": 71, "4": 3, "每日": 2, "电讯报": 2, "美国": 27, "国务卿": 1, "蓬佩奥": 3, "中国": 15, "发挥": 6, "作用": 3, "表述": 2, "回应": 1, "德国": 2, "法国": 3, "跟随": 1, "态度": 2, "排除": 1, "意味着": 2, "场": 1, "辩论": 2, "获胜": 2, "评论": 1, "匈牙利": 1, "发言": 2, "波兰": 1, "中文": 1, "版本": 2, "言论": 1, "进一步": 1, "发起": 1, "组织": 13, "策划": 1, "地缘": 1, "政治": 7, "国家": 31, "机器": 1, "针对": 3, "弱小": 1, "芝麻": 1, "三十": 7, "服务": 12, "170": 2, "30亿": 2, "人口": 1, "到底": 4, "伙伴": 1, "清晰": 3, "想": 12, "究竟": 2, "出于": 1, "动机": 1, "真的": 2, "人民": 7, "隐私": 3, "保护": 5, "有人": 6, "美": 1, "贸易": 2, "谈判": 1, "找": 7, "筹码": 1, "大规模": 2, "设备": 13, "相关": 12, "获取": 1, "信息": 8, "困难": 3, "监听": 3, "领导人": 1, "全世界": 3, "70多亿": 1, "智慧": 3, "从中": 1, "5": 3, "金融": 7, "时报": 7, "一部分": 2, "意识": 8, "形态": 2, "政治性": 2, "目的": 7, "五": 9, "世界": 9, "代表": 4, "很": 41, "同意": 1, "看法": 2, "统一": 2, "本来": 4, "专业": 3, "工程师们": 1, "解决": 21, "推动": 3, "衡量": 2, "段": 7, "在一起": 1, "源头": 1, "来自于": 3, "提供商": 1, "诺基亚": 1, "爱立信": 1, "三星": 1, "ZTE": 1, "中欧": 1, "之间": 3, "提高": 1, "产业链": 2, "回报": 5, "降低": 1, "成本": 6, "终于": 1, "政客": 1, "政治化": 5, "意识形态化": 1, "持续": 2, "权": 1, "选择": 7, "厂商": 3, "部署": 2, "期望": 2, "只能": 3, "聚焦": 3, "运营商": 7, "比如说": 1, "深圳": 5, "旁边": 1, "城市": 1, "——": 5, "广州": 3, "澳大利亚": 1, "新西兰": 1, "老家": 1, "益阳": 1, "提供": 9, "无所谓": 1, "精力": 2, "有限": 3, "垄断": 1, "周边": 1, "6": 2, "政治家": 2, "讨论": 1, "行政": 2, "命令": 1, "禁止": 1, "影响": 4, "毕竟": 1, "超级大国": 1, "多么": 2, "担心": 7, "边远": 2, "地区": 4, "农村": 1, "消息": 1, "7": 2, "协会": 1, "去年": 3, "年底": 2, "中情": 1, "六处": 1, "负责人": 2, "国防部长": 1, "暗示": 1, "王子": 2, "基金会": 4, "中断": 1, "捐赠": 3, "事态": 1, "程度": 3, "挫败感": 2, "失望": 2, "建": 1, "HCSEC": 9, "开放": 4, "用于": 4, "早上": 1, "恰好": 1, "FT": 1, "发表": 1, "GCHQ": 4, "主管": 4, "Robert": 3, "Hannigan": 1, "写": 4, "篇": 7, "文章": 7, "解释": 3, "看一看": 2, "系列": 5, "监督": 4, "认同": 3, "副": 2, "标题": 1, "潜在": 1, "威胁": 3, "判断": 1, "Technical": 1, "judgments": 1, "made": 1, "clear-eyed": 1, "view": 1, "potential": 1, "threat": 1, "回答": 1, "不再": 1, "青年人": 3, "做出": 4, "卓越": 1, "成绩": 2, "敬意": 2, "关系": 5, "遗憾": 2, "片面": 1, "沟通": 1, "退": 1, "讲": 5, "贡献": 6, "！": 3, "8": 3, "计算机": 2, "有意思": 3, "发现": 13, "眼": 3, "加拿大": 1, "情报": 4, "猜测": 1, "光纤通信": 1, "盒子": 2, "情况": 4, "建设性": 3, "YES": 3, "NO": 3, "课题": 1, "找到": 5, "方案": 4, "交流": 6, "民间": 1, "方式": 8, "当作": 2, "范例": 2, "中西方": 1, "价值观": 11, "文化": 29, "背景": 2, "开创": 1, "友好": 1, "难": 3, "坐": 2, "办法": 4, "关注": 3, "原因": 4, "自由": 3, "精神": 7, "崇尚": 1, "规则": 8, "监管": 1, "关键": 7, "所在": 3, "9": 3, "融合": 1, "词": 1, "紧密": 3, "上午": 1, "业务": 4, "IP": 2, "平台": 2, "提": 3, "监控": 1, "流量": 2, "面临": 4, "挑战": 5, "ATM": 1, "这块": 1, "工具": 1, "数据": 2, "传输": 2, "遵循": 2, "发布": 2, "这样的话": 1, "担忧": 2, "很多": 18, "前端": 1, "传": 1, "拓展": 3, "布局": 2, "有没有": 1, "设施": 2, "本质": 3, "制定": 2, "过程": 24, "相比2G": 1, "GPP": 1, "专家": 4, "GSMA": 1, "验证": 4, "256": 1, "加密": 4, "量子": 1, "才能": 7, "解密": 3, "10": 3, "空口": 1, "层面": 1, "手机": 20, "基站": 13, "没关系": 3, "11": 2, "用户": 6, "端口": 1, "密钥": 3, "翻天": 1, "12": 3, "2018年": 3, "报告": 3, "第三方": 7, "部件": 4, "欧洲": 3, "极端": 3, "起诉书": 1, "鼓励": 1, "拿到": 2, "例子": 4, "计划": 2, "美元": 1, "时间段": 1, "错误": 1, "风河": 2, "操作": 9, "系统": 12, "VxWorks": 2, "无论是": 3, "硬件": 1, "商都": 1, "windows": 3, "Linux": 2, "网上": 4, "运行": 2, "开源": 2, "改进": 4, "地方": 3, "就要": 4, "每家": 4, "Oracle": 1, "类似": 2, "数据库": 2, "告诉": 2, "各行各业": 1, "电信": 3, "行业": 6, "敏感": 1, "一家": 8, "疑问": 1, "花": 5, "还要": 6, "投": 2, "额外": 2, "明白": 2, "听": 5, "早": 2, "成立": 1, "后门": 8, "源代码": 4, "送到": 2, "DV": 2, "认证": 2, "公民": 3, "看源": 2, "代码": 18, "以此": 1, "证明": 6, "最初": 3, "敢于": 1, "放到": 1, "早就": 1, "防攻击": 2, "渗透": 2, "增强": 2, "防渗透": 2, "八": 3, "工作": 21, "中华": 2, "Cigital": 2, "评估": 5, "调查": 1, "结论": 1, "成熟": 2, "2013年": 1, "项目": 4, "项": 7, "最高级": 1, "水平": 3, "高于": 2, "平均": 1, "环境": 3, "发生": 1, "变化": 2, "攻击": 2, "黑客": 1, "越来越": 5, "单单": 1, "好比": 3, "椰子": 2, "外壳": 2, "坚硬": 1, "攻破": 1, "里头": 1, "堆": 1, "水": 6, "关注点": 1, "外面": 1, "转到": 1, "涉及": 3, "韧性": 1, "质量": 8, "要好": 2, "读": 2, "修改": 2, "赤裸": 1, "CESC": 1, "漂亮": 2, "累积": 1, "年代": 1, "码": 1, "焦点": 1, "生产": 5, "实践": 6, "风险": 1, "编程": 1, "差别": 2, "重构": 9, "重写": 1, "进度": 1, "冲击": 1, "剧烈": 1, "冲突": 1, "新增": 1, "高管": 1, "碰撞": 3, "加深": 1, "云化": 1, "智能化": 1, "定义": 1, "在于": 2, "亲自": 1, "相互": 3, "回来": 2, "说服": 1, "领导": 2, "董事会": 3, "变革": 11, "13": 1, "请问": 1, "大概": 2, "激烈": 1, "目标": 4, "才": 4, "训练": 1, "费用": 2, "我成": 1, "责任人": 1, "增加": 4, "为此": 1, "创始人": 6, "新年": 1, "第一": 10, "封": 2, "邮件": 1, "发": 5, "中餐": 1, "好吃": 2, "少有": 1, "厨房": 2, "厨师": 3, "动作": 2, "菜": 2, "炒": 1, "走": 3, "炒菜": 1, "套": 4, "规范": 3, "难吃": 1, "纠正": 1, "搞": 2, "钱": 31, "优势": 1, "上市": 2, "挣": 1, "14": 1, "估": 3, "高阶": 2, "设计": 4, "3月底": 1, "做完": 1, "刚刚": 1, "独有": 1, "领域": 2, "完美": 1, "动态": 1, "DV证书": 1, "15": 2, "轴": 1, "检视": 1, "好坏": 1, "期待": 3, "最终": 6, "HHCSEC": 1, "600万": 1, "欧元": 1, "16": 2, "互联网": 1, "起源": 1, "军方": 1, "靠近": 1, "不政治化": 1, "人类": 3, "历程": 1, "欧盟": 1, "出台": 1, "GDPR": 1, "脱欧": 2, "遵守": 5, "违反": 1, "GDP": 2, "R": 2, "重罚": 1, "欣赏": 1, "公开": 2, "透明": 2, "一视同仁": 1, "处罚": 2, "歧视": 1, "出发": 2, "怀疑": 2, "假设": 2, "杀人": 2, "上帝": 1, "待遇": 1, "17": 1, "亚洲": 2, "数量化": 1, "百分之": 1, "分为": 1, "三类": 1, "日本": 3, "韩国": 1, "海湾": 1, "第二": 6, "欧美": 1, "发达国家": 1, "不见得": 1, "数量": 4, "第三": 3, "发展中国家": 1, "收入": 9, "少量": 1, "电脑": 1, "窗口": 1, "效率": 4, "公边": 1, "娱乐": 2, "功能": 1, "分屏": 22, "方法": 11, "超": 2, "实用": 1, "官宣": 1, "指关节": 3, "截屏": 2, "支持": 5, "界面": 6, "轻": 1, "敲划": 1, "一道": 1, "横线": 1, "即可": 2, "演示": 1, "主屏": 1, "指": 6, "关节": 2, "此法": 1, "P系列": 1, "MATE": 1, "按键": 6, "分屏法": 3, "功操作能": 1, "着急": 1, "屏幕": 2, "后台": 6, "方框": 1, "键盘": 1, "箭头": 2, "方向键": 1, "快速": 3, "效果": 1, "点开": 2, "开关": 1, "关闭": 2, "喜欢": 2, "短": 1, "台键": 1, "台方": 1, "框键": 1, "叠加": 2, "方块": 2, "实体": 1, "调出": 4, "虚拟键": 1, "P20": 1, "下方": 1, "左滑": 1, "滑动": 1, "打开": 1, "自动": 4, "旋转": 1, "横屏": 2, "菜单": 1, "双向": 1, "内容": 11, "上下调": 1, "顺序": 1, "X": 1, "屏分屏": 1, "底部": 1, "滑": 1, "稍": 1, "停留": 1, "点击": 1, "全面屏": 1, "手势": 1, "麻烦": 1, "虚拟": 1, "键": 2, "导航": 2, "设置": 7, "返回": 1, "方向": 3, "调节": 1, "旅游": 1, "户外": 1, "心胸": 1, "开阔": 1, "心旷神怡": 1, "调节人": 1, "心理": 3, "读万卷书": 1, "万里": 2, "路": 2, "旅途": 2, "游历": 2, "独家": 3, "小伙伴们": 1, "阅读": 4, "小编": 2, "账号": 2, "运营者": 2, "珍惜": 1, "权利": 1, "履行": 1, "义务": 1, "传播": 1, "正能量": 1, "听说": 1, "一句话": 5, "有为": 1, "近年来": 2, "形容": 1, "经典": 2, "语句": 1, "国民": 1, "重要性": 1, "中国人": 2, "心目": 1, "品牌": 5, "出手": 2, "强大": 5, "说出": 1, "恐惧": 2, "立刻": 1, "国际": 1, "反响": 1, "之中": 4, "有关于": 1, "事件": 1, "分析": 5, "文件": 1, "力量": 3, "做法": 1, "无疑": 1, "卑鄙": 1, "日本人": 1, "指出": 2, "真相": 2, "害怕": 2, "改变": 2, "早前": 1, "高层": 1, "警惕": 1, "人员": 5, "占据": 1, "人数": 2, "45%": 1, "2017年": 2, "高达": 1, "870亿": 1, "人民币": 1, "英特尔": 1, "高通": 2, "总和": 3, "付出": 3, "白费": 1, "采用": 4, "先进": 3, "麒麟": 1, "980": 1, "芯片": 2, "苹果": 2, "谷歌": 1, "挑": 1, "麒麟980": 1, "a12": 1, "晓龙": 1, "845一": 1, "高下": 1, "斥": 1, "巨资": 1, "厉害": 1, "更为": 1, "重视": 3, "视频": 8, "西方人": 2, "地铁": 4, "看书": 1, "玩儿": 1, "表面": 1, "西方": 2, "热爱": 1, "学习": 5, "也许": 1, "网": 1, "4G网": 1, "堕落": 1, "自拔": 1, "实在": 1, "太": 3, "优秀": 9, "嫉妒": 1, "亦": 1, "对此": 1, "想法": 2, "或者是": 1, "造谣": 1, "传谣": 1, "散布": 1, "不良": 1, "侵犯": 1, "合法": 1, "权益": 1, "坚守": 1, "法律": 2, "道德": 1, "自律": 1, "编辑": 1, "/": 3, "审稿": 1, "文清": 1, "百家号": 3, "作者": 10, "原创": 2, "未经": 2, "许可": 1, "形式": 4, "转载": 3, "图片": 2, "侵权": 3, "删除": 2, "柳": 2, "一一": 2, "富书": 4, "签约": 2, "快钱": 16, "赚": 16, "跌": 1, "惨早几年": 1, "律师": 2, "小肖": 6, "舅舅": 2, "知名": 1, "大律师": 1, "刚": 1, "行起": 1, "起点": 1, "案源": 1, "从来": 3, "缺": 1, "不少": 5, "请": 3, "顾问": 1, "本人": 1, "平平": 2, "案子": 3, "大部分": 2, "滚滚": 1, "快": 3, "轻松": 2, "同期": 2, "同事们": 1, "辛辛苦苦": 1, "啃": 1, "专业书": 1, "老": 2, "律师们": 1, "下手": 1, "苦苦": 1, "打磨": 6, "手艺": 5, "步入": 1, "事业": 1, "小成": 1, "圆满期": 1, "偶然": 1, "听到": 1, "五六年": 1, "当初": 2, "或者说": 1, "差": 4, "物价": 1, "飞涨": 1, "增": 2, "减": 2, "赚钱": 15, "当年": 1, "春风": 1, "得意": 2, "平淡无奇": 1, "同事": 1, "甩": 1, "两三": 1, "条": 1, "街": 1, "火": 1, "毁掉": 4, "初": 1, "危言耸听": 1, "实际上": 5, "不折不扣": 1, "真理": 1, "受害者": 1, "达成": 1, "共识": 1, "夜": 1, "暴富": 1, "速度": 4, "很快": 2, "非硬": 1, "实力": 7, "财": 1, "运气": 4, "机缘": 1, "巧合": 2, "背": 1, "势": 1, "思维": 2, "模式": 4, "从此以后": 1, "钟情": 1, "勤勤恳恳": 1, "习惯": 1, "耐": 2, "住": 1, "寂寞": 2, "日子": 3, "毫无寸进": 1, "硬": 2, "迟早": 1, "发觉": 2, "口口相传": 1, "效应": 3, "终止": 1, "滚雪球": 1, "代理": 1, "衰减": 1, "不住": 2, "背后": 2, "隐藏": 2, "自利性": 4, "偏差": 5, "失败": 1, "成功": 6, "武功": 1, "卓绝": 1, "有利于": 1, "创建": 2, "迷人": 1, "自我": 4, "形象": 3, "迷": 1, "七": 1, "荤": 1, "八素": 1, "踏": 1, "小王": 4, "买": 4, "比特币": 3, "时机": 1, "狠狠": 1, "笔": 2, "接下来": 4, "这笔": 1, "参加": 2, "课程": 2, "静下": 1, "书": 5, "成长": 10, "爆表": 1, "盆满钵满": 2, "股票": 1, "彩票": 1, "信心": 1, "惨败而归": 1, "回头": 1, "终": 1, "一生": 1, "深陷": 1, "追求": 8, "支撑": 2, "繁华": 1, "海市蜃楼": 1, "蛋糕": 8, "留": 1, "淘宝": 3, "掌柜": 1, "小米": 6, "卖": 2, "流行": 1, "女装": 1, "2008年": 1, "经营": 2, "店铺": 3, "2010年": 1, "营业额": 3, "五百多万": 1, "发货量": 1, "500": 3, "快递": 1, "取件": 1, "大车": 1, "注册": 2, "单枪匹马": 1, "扩展": 1, "客服": 2, "打包员": 1, "美工": 1, "…": 1, "生意": 2, "每况愈下": 1, "难道": 1, "降": 2, "流动": 3, "频繁": 3, "导致": 4, "混乱": 1, "岗位": 3, "入职": 7, "培训期": 1, "顺利": 1, "上手": 1, "起码": 1, "兵荒马乱": 1, "错货": 1, "概率": 1, "售": 1, "回应率": 1, "售后": 2, "搭理": 1, "顾客": 1, "投诉率": 1, "蹭": 3, "只管": 1, "想尽办法": 1, "克扣": 1, "迟到": 1, "扣": 2, "班": 1, "加班费": 1, "轻微": 1, "坏损": 1, "立马": 1, "数额": 1, "奖励": 1, "扣钱": 1, "来来去去": 1, "道理": 1, "置身": 1, "生怕": 1, "吃": 2, "口": 1, "便宜": 1, "别人": 3, "分蛋糕": 1, "阻碍": 1, "根源": 1, "功劳": 3, "心理学": 1, "现象": 1, "称为": 1, "聚光灯": 2, "实验": 1, "夫妻": 1, "评价": 3, "家务": 3, "估算": 1, "总量": 3, "超过": 5, "120%": 1, "一共": 1, "100": 1, "120": 1, "习惯性": 1, "身上": 1, "无限": 1, "放大": 1, "客观": 1, "不说": 1, "100%": 1, "90%": 1, "痛痛快快": 1, "分给": 2, "克服": 1, "出售": 1, "股份": 3, "持股": 6, "熟悉": 3, "步步": 1, "高等": 1, "舍得": 6, "老板": 3, "利益": 9, "共同体": 2, "这辈子": 1, "碰到": 2, "场景": 1, "朋友": 3, "签下": 1, "感谢": 4, "对方": 1, "社会": 6, "演变": 1, "总体": 1, "趋势": 1, "分工": 1, "协作": 3, "远古": 1, "时期": 1, "人和": 4, "猎杀": 2, "大型": 1, "猎物": 1, "负责": 7, "勘察": 1, "伪装": 1, "发射": 1, "武器": 1, "前行": 1, "根深蒂固": 1, "覆盖": 1, "好好": 2, "生存": 3, "懂得": 4, "手里": 1, "学会": 4, "铺设": 3, "管道": 11, "天花板": 6, "故事": 3, "年轻人": 1, "柏波罗": 5, "布鲁诺": 5, "份": 4, "村子": 2, "河里": 1, "挑运": 1, "本村": 1, "广场": 1, "水缸": 2, "提桶": 2, "河边": 1, "送": 1, "村民": 1, "付钱": 1, "桶": 3, "一分钱": 1, "布鲁诺心满意足": 1, "阳光": 1, "灿烂": 1, "打水": 2, "领钱": 1, "攒钱": 1, "衣服": 1, "房子": 1, "糟糕": 1, "透": 1, "脚不沾地": 1, "柏波": 4, "罗": 4, "停止": 1, "挖": 1, "水引": 1, "赚到": 2, "小部分": 1, "比不上": 1, "布鲁诺洋洋": 1, "嘲笑": 1, "荒唐": 1, "等到": 1, "竣工": 2, "引流": 1, "村里": 1, "傻眼": 1, "失业": 1, "提水": 1, "运水": 1, "摆脱": 1, "利用": 1, "窘境": 1, "意义": 1, "辛苦": 1, "耕耘": 1, "最低": 1, "刚性": 2, "24": 1, "小时": 3, "秒": 3, "出卖": 3, "勤恳": 1, "往返": 2, "挑水": 1, "50": 3, "5毛": 2, "身负": 1, "绝世": 1, "轻功": 2, "加速": 1, "傍身": 1, "依然": 1, "道具": 1, "开车": 1, "没钱": 1, "车": 2, "就算": 1, "抛除": 1, "油钱": 1, "汽车": 1, "损耗": 1, "算": 1, "施展": 1, "复制": 5, "魔法": 1, "花掉": 1, "源源不断": 2, "天差": 1, "缘故": 1, "精品": 1, "好几万": 1, "某种": 1, "发明": 1, "前提": 1, "技能": 1, "单纯": 1, "单位": 1, "身无分文": 1, "财产": 1, "说到底": 1, "根植于": 1, "足够": 2, "共享": 4, "前途无量": 1, "简介": 2, "主创团": 1, "重度": 1, "阅读者": 1, "+": 1, "破": 2, "卷": 1, "耳边": 1, "嗖嗖": 1, "嗖": 1, "声音": 1, "风声": 1, "300万": 1, "生活": 4, "认知": 1, "本文": 3, "首发": 1, "2018": 1, "重磅": 1, "推出": 1, "新书": 1, "版权": 2, "归富书": 1, "授权": 3, "必究": 1, "余胜海": 3, "文华": 1, "创立": 1, "1987年": 2, "9月": 1, "起步": 2, "名": 7, "2.1万": 2, "创始": 1, "资本": 6, "历经": 2, "艰苦奋斗": 2, "毫不起眼": 1, "作坊": 1, "领导者": 1, "遍及": 1, "总数": 1, "18万": 2, "年中": 1, "枪林弹雨": 1, "始终": 3, "高速": 1, "稳健": 2, "增长": 1, "抓住": 1, "爆发": 1, "节点": 1, "涉足": 1, "细分": 1, "赶超": 1, "对手": 1, "巨头": 3, "销售": 1, "突破": 2, "7000亿": 1, "元": 4, "名列": 1, "财富": 6, "第72": 1, "有望": 1, "跻身": 1, "发展史": 1, "奇迹": 1, "秘诀": 2, "潜心": 1, "二十多": 2, "资深": 2, "弱变": 1, "从小到大": 1, "做对": 1, "好人": 7, "总裁": 3, "任正非": 18, "选人": 1, "用人": 5, "分权": 3, "人才": 27, "干部": 8, "权分": 1, "出版": 3, "知识型": 5, "剖析": 1, "人力": 5, "资源": 6, "培养": 4, "绩效": 2, "薪酬": 10, "激励": 9, "选拔": 4, "经验": 3, "管人": 1, "难题": 1, "尊重": 3, "知识": 1, "任人唯贤": 1, "人尽其才": 1, "才尽其用": 1, "科学": 2, "牵引": 2, "金钱": 1, "分配": 9, "位置": 1, "公平": 9, "感到": 2, "赢得": 1, "最早": 1, "30年": 3, "1996年": 1, "邀请": 1, "大学": 3, "教授": 1, "起草": 1, "基本法": 3, "创造性": 1, "提出": 3, "知本": 2, "主义": 1, "观点": 1, "‘": 1, "’": 1, "永远": 1, "增值": 2, "大于": 1, "财务": 1, "高度": 1, "创业": 3, "初期": 1, "招聘": 1, "可谓": 1, "不惜": 1, "代价": 1, "国内": 1, "重点": 2, "理工": 1, "应届": 1, "毕业生": 1, "掠夺式": 1, "策略": 1, "所长": 1, "求全责备": 1, "不拘一格": 1, "条件": 1, "天下": 1, "英雄": 1, "尽入": 1, "吾": 1, "彀": 1, "著华": 1, "五级": 1, "三通道": 1, "任职": 1, "资格": 1, "培训": 19, "倡导": 1, "因材施教": 1, "注重": 2, "训战": 1, "学以致用": 1, "派驻": 1, "外国": 1, "前线": 2, "召集": 1, "编": 1, "教材": 1, "老师": 3, "老狼": 1, "课堂": 1, "前敌": 1, "作战": 1, "指挥部": 1, "带领": 1, "学员": 5, "实战": 1, "一批": 3, "抢滩": 1, "登陆": 1, "胜仗": 1, "勇士": 1, "聚集": 2, "凤": 1, "筑巢": 1, "筑巢引凤": 1, "离开": 1, "生长": 1, "凤凰": 4, "鸡": 1, "逻辑": 1, "职业": 1, "奋斗者": 8, "舞台": 1, "倾斜": 1, "考核": 1, "合适": 2, "放": 1, "逼": 1, "奋力": 1, "划船": 1, "中心": 2, "长期": 1, "指引": 1, "愿景": 2, "使命": 2, "契合": 1, "引领": 1, "奔跑": 1, "远": 2, "叫作": 1, "猛将": 1, "必发于": 1, "卒伍": 1, "宰相": 1, "必取于州郡": 1, "基层": 2, "一线": 5, "中高层": 1, "摸爬滚打": 1, "奋斗": 4, "进取": 1, "士兵": 1, "将军": 1, "竞争": 5, "竞争力": 5, "决定于": 1, "拥有": 3, "吸引": 1, "分享": 4, "回避": 1, "诱惑": 1, "拒绝": 1, "实行": 3, "全员": 3, "CEO": 2, "持有": 1, "1.04％": 1, "99％": 1, "人人": 1, "打天下": 1, "身份": 2, "干劲": 1, "自然": 2, "凝聚力": 1, "执行力": 3, "工资": 3, "奖金": 2, "股权": 3, "分红": 2, "比重": 1, "几十万": 1, "上百万": 1, "优先": 1, "兼顾": 1, "原则": 4, "拉车人": 4, "坐车人": 3, "比喻": 1, "比例": 1, "拉车": 2, "职级": 2, "收益": 1, "晋升": 1, "正是": 3, "众多": 1, "聪明才智": 2, "欲望": 2, "悖论": 1, "爱": 1, "道出": 1, "人性": 5, "真缔": 1, "饥饿感": 1, "个体": 2, "活力": 2, "群体": 3, "进取心": 1, "驱动力": 1, "权力": 3, "成就感": 2, "多元": 1, "扩张": 1, "分钱": 3, "善于": 1, "横向": 1, "纵向": 1, "结构": 3, "推行": 1, "制度": 4, "集体": 1, "简化": 1, "决策权": 1, "授予": 1, "炮火": 1, "倒": 1, "铁三角": 1, "式": 1, "面对": 1, "终端": 1, "倒逼": 1, "领导层": 1, "后勤": 1, "保障": 2, "运作": 1, "战斗力": 1, "朴素": 1, "理念": 1, "推向": 1, "极致": 2, "罕见": 1, "大师": 1, "多元化": 1, "跟着": 1, "升官": 1, "发财": 1, "过不去": 1, "黏合": 1, "坚不可摧": 1, "注入": 1, "生命力": 2, "从上到下": 1, "充满": 1, "激情": 1, "鸡血": 1, "细胞": 1, "激活": 1, "力出": 1, "孔": 1, "利出一孔": 1, "推上": 1, "巅": 1, "无非": 1, "商业": 1, "最为": 1, "环": 1, "回顾": 2, "架构": 1, "IT": 1, "要素": 1, "整合": 1, "笔者": 1, "接触": 1, "用好": 1, "分好": 1, "管理者": 4, "学问": 1, "搞懂": 1, "薪资": 1, "效益": 1, "大锅饭": 1, "劫富济贫": 1, "平均主义": 3, "能者多劳": 1, "多劳多得": 1, "强者": 2, "平庸者": 1, "过渡": 1, "弱者": 1, "淘汰": 1, "规划": 1, "合理化": 1, "最大化": 1, "自发": 1, "贪财": 1, "恋权": 1, "梦想": 1, "基业": 1, "长青": 1, "活上": 1, "一百": 1, "告诫": 1, "散": 1, "；": 36, "名声": 1, "追随者": 2, "赋予": 1, "抛弃": 1, "光辉": 1, "烟消云散": 1, "灰飞烟灭": 1, "万般": 1, "神通": 1, "皆": 1, "小术": 1, "唯有": 1, "空空": 1, "大道": 1, "放权": 1, "传奇": 1, "现实": 1, "树立": 2, "标杆": 1, "成就": 5, "远远": 1, "描述": 1, "放在": 1, "顶部": 1, "托": 1, "并用": 1, "整体": 3, "蓬生麻中": 1, "扶": 1, "1964年": 1, "生于": 1, "湖北": 1, "随州": 1, "毕业": 11, "北京": 1, "光华": 1, "学院": 1, "媒体人": 1, "著名": 1, "财经": 2, "作家": 1, "供职": 1, "杂志": 1, "企业家": 2, "日报": 1, "华商": 1, "传媒": 1, "专注于": 1, "经济": 1, "案例": 2, "著有": 1, "折腾": 1, "大众": 1, "法则": 2, "大败局": 1, "能源": 1, "战争": 1, "绝不": 1, "雷同": 1, "雷军": 1, "互联": 1, "时代": 1, "18": 1, "颇": 1, "影响力": 3, "财经类": 1, "畅销书": 1, "作品": 2, "入选": 1, "2015": 1, "南国": 1, "书香节": 1, "值得": 1, "本书": 1, "第四": 1, "届": 1, "读友": 1, "读品节": 1, "全民": 1, "指定": 1, "书单": 1, "央视": 1, "书籍": 1, "当当网": 1, "京东": 1, "商城": 1, "年度": 1, "畅销": 1, "书榜": 1, "译成": 1, "外文": 1, "摘自": 1, "余胜": 1, "海著": 1, "电子": 1, "工业": 1, "出版社": 1, "转发": 1, "注明": 1, "出处": 1, "学渣": 2, "执笔": 2, "闲着无事": 1, "聊天": 1, "得知": 1, "记录": 2, "事项": 1, "写给": 3, "供": 1, "休闲": 1, "手册": 2, "NEO": 1, "New": 1, "Employee": 1, "Orientation": 1, "引导": 1, "阿里": 18, "百年": 1, "简称": 1, "百阿百阿": 1, "旅": 1, "班级": 5, "期数": 1, "班号": 1, "班主任": 2, "教练": 3, "助教": 3, "成员": 1, "晨练": 2, "素质": 1, "辅助": 1, "教学": 1, "班委": 1, "班长": 2, "组长": 1, "协助": 1, "尽快": 1, "包含": 1, "姓名": 1, "花名": 6, "百阿期数": 1, "百阿花": 1, "名册": 1, "汉语": 1, "词汇": 1, "读音": 1, "huā": 1, "míng": 1, "称做": 1, "化名": 1, "等同于": 1, "绰号": 1, "原本": 1, "人物": 2, "源自": 1, "发扬": 1, "集团": 1, "早年": 1, "小二": 1, "趣味性": 1, "体现": 3, "武侠": 1, "小说": 1, "诗词": 1, "古文": 1, "增多": 1, "生僻": 1, "字": 2, "确实": 1, "称呼": 1, "带": 2, "辈分": 1, "平等": 1, "亲近": 1, "马云": 1, "=": 1, "风清扬": 1, "现任": 1, "张勇": 1, "=逍": 1, "遥子": 1, "百": 7, "多年": 2, "1000": 1, "期": 1, "开篇": 2, "概览": 2, ";": 2, "漫画": 2, "奠定": 1, "基调": 1, "攻略": 1, "纪律": 2, "正式": 1, "严禁": 1, "调侃": 1, "鼓动": 1, "人心": 1, "百阿家规5": 1, "自学": 2, "输入": 1, "输出": 1, "可操作性": 1, "清单": 1, "国王": 2, "天使": 2, "认全": 2, "小伙伴": 2, "留空": 1, "后文": 1, "将近": 1, "80": 1, "规模": 1, "难度": 1, "所有人": 1, "认出": 1, "晚上": 1, "研讨": 1, "开班": 1, "热身": 1, "结班": 1, "认名": 1, "比赛": 1, "全程": 1, "默契": 3, "连接": 4, "宣贯": 1, "反而": 2, "退居": 1, "名字": 1, "情感": 1, "晚": 1, "离别": 1, "抱头痛哭": 1, "比比皆是": 1, "神奇": 1, "校招": 1, "年龄": 1, "差距": 3, "98年": 1, "40+": 1, "荣誉": 1, "目录": 1, "总计": 3, "图标": 1, "选取": 2, "阶梯": 1, "曲线": 2, "稳步": 1, "梯": 1, "U形": 1, "寓意": 1, "后立": 1, "先抑后扬": 1, "打破": 1, "骄傲": 1, "重塑": 1, "阿里味": 1, "百阿之梯": 1, "6.1": 1, "入场": 1, "开启": 1, "Dream": 1, "Maker": 1, "优酷": 1, "创业史": 1, "BU为经": 1, "六脉神剑": 1, "纬": 1, "纵横": 1, "交织": 1, "介绍": 1, "部门": 1, "传达": 3, "来龙去脉": 1, "光荣": 1, "超越": 1, "艰辛": 1, "历年": 1, "6.2": 1, "游戏": 5, "界名": 1, "急速": 1, "60": 2, "固定": 1, "绳圈": 3, "30": 3, "卡片": 6, "每张": 2, "阿拉伯": 1, "数字": 2, "汉字": 1, "图画": 1, "英文": 1, "队": 1, "每次": 1, "排序": 2, "牌": 2, "交给": 1, "详细": 1, "拉开": 2, "牌面": 3, "整整": 1, "分钟": 1, "复盘": 1, "thinking": 1, "box": 1, "技巧": 2, "记": 1, "脑子": 1, "回去": 2, "语言": 1, "有的组": 1, "掏出": 1, "拍照": 1, "一目了然": 1, "圈内": 2, "碰": 1, "组则": 1, "抽走": 1, "扔掉": 1, "动手": 1, "飞快": 1, "围观": 1, "同盟": 1, "互补": 1, "冠亚军": 1, "打破常规": 1, "脑洞": 1, "成败": 2, "环节": 1, "明令禁止": 1, "违规": 1, "失效": 1, "比拼": 1, "守": 1, "遵从": 2, "框架": 1, "知晓": 1, "含义": 1, "找牌": 1, "依次": 1, "跳入": 1, "圈子": 1, "拿出": 1, "稍快": 1, "诠释": 1, "页": 5, "报刊": 1, "风": 1, "展示": 3, "土话": 1, "场外": 1, "耳熟能详": 1, "金句": 1, "内部": 3, "文献": 1, "收尾": 2, "28": 1, "寄语": 4, "拆卸": 1, "拆": 1, "期间": 1, "现场": 1, "交换": 2, "场面": 1, "一度": 1, "感人": 1, "半": 1, "保密": 1, "天才": 1, "装": 1, "信封": 1, "给到": 1, "留念": 2, "随机": 2, "赠": 1, "礼物": 2, "纪念品": 2, "手环": 1, "徽章": 2, "证书": 4, "大片": 1, "海报": 1, "下午": 1, "以内": 1, "抽签": 1, "同学": 1, "小饰品": 1, "老逍": 1, "签字": 1, "打印": 1, "仪式感": 1, "郑重": 1, "奖品": 1, "笔记本": 1, "照片": 1, "相册": 1, "观察": 1, "除去": 1, "规章": 1, "必修": 1, "感受": 1, "偏重": 2, "传递": 1, "灵动": 1, "沉稳": 1, "创意": 1, "执行": 1, "收藏": 1, "点赞": 1, "声明": 1, "归原": 1, "创作者": 1, "国内外": 1, "联合": 1, "围剿": 1, "压制": 1, "艰难": 1, "连续": 1, "只不过": 1, "无足轻重": 1, "一两": 1, "32": 1, "依旧": 1, "交换机": 1, "代理商": 1, "供应商": 4, "智能": 1, "领先": 1, "几十": 1, "筹集": 1, "民营": 1, "如今": 1, "几百亿": 1, "跨国公司": 1, "仅仅": 1, "10年": 1, "2400亿": 1, "零": 1, "营收": 1, "阿里巴巴": 1, "腾讯": 1, "百度": 1, "营业": 1, "狼": 3, "进攻": 2, "狼性": 2, "三大": 1, "特征": 1, "敏锐": 1, "嗅觉": 1, "不屈不挠": 1, "奋不顾身": 1, "品质": 1, "华为狼性": 1, "精髓": 1, "华为人": 3, "实实在在": 1, "作出": 1, "烧": 2, "死": 2, "鸟": 2, "写到": 1, "想象": 1, "面前": 1, "均等": 2, "不懈": 1, "承受": 2, "好事": 1, "委屈": 2, "对待": 1, "挫折": 1, "挑选": 1, "准则": 2, "大梁": 1, "四": 1, "自我批评": 4, "反省": 1, "危机": 1, "约束": 1, "积极性": 1, "确保": 2, "氛围": 1, "心声": 1, "社区": 2, "中肯": 1, "批评": 1, "检讨": 1, "奉献": 3, "基因": 1, "苦": 1, "狭隘": 1, "观念": 1, "挣脱": 1, "责任感": 2, "地位": 1, "把握": 2, "理论": 1, "主体": 1, "政策": 2, "做事": 1, "涵盖": 1, "表现": 1, "仔细": 1, "细节": 5, "与众不同": 1, "特质": 1, "七：狼性": 1, "人性化": 1, "因素": 1, "给予": 2, "有助于": 1, "状态": 1, "负面": 1, "具备": 2, "人文": 1, "情怀": 1, "人情味": 1, "主人翁": 1, "归属感": 1, "诚信": 4, "做人": 1, "做生意": 1, "弄虚作假": 1, "刻意": 1, "残次品": 1, "卖给": 1, "靠着": 1, "宗教": 1, "般的": 1, "信仰": 1, "敬畏": 1, "九": 1, "提倡": 1, "公平主义": 1, "赞成": 1, "公平性": 1, "价值规律": 1, "外部": 1, "合理性": 1, "未必": 3, "价格": 1, "低廉": 1, "性能": 1, "对比": 1, "舒适": 1, "性价比": 1, "好用": 1, "到位": 1, "并未": 1, "盲目": 1, "一个个": 1, "拼凑": 1, "粗放": 1, "精细": 1, "精细化": 1}