{"任正非": 7, "近日": 1, "参加": 1, "一个": 9, "采访": 1, "期间": 1, "主持人": 1, "提出": 2, "：": 7, "华为": 69, "倒下": 5, "回答": 1, "这是": 4, "早晚": 2, "事情": 1, "哲学": 1, "现实": 1, "想": 5, "百年": 1, "老": 1, "店": 1, "很": 13, "难": 1, "去处": 1, "懒怠": 1, "站": 1, "高度": 1, "居安思危": 1, "网友们": 1, "纷纷": 1, "老爷子": 1, "格局": 1, "太": 5, "远": 2, "世上": 1, "万物": 3, "自有": 1, "规律": 2, "脆弱": 2, "诺基亚": 3, "如是": 2, "柯达": 1, "摩托罗拉": 1, "、": 23, "IBM": 1, "都": 13, "逃": 1, "世间": 1, "将来": 2, "苹果": 6, "或者说": 1, "低谷": 1, "国家": 3, "重担": 1, "措施": 1, "平稳": 1, "过渡": 1, "蛰伏": 1, "待机": 2, "崛起": 1, "如今": 2, "顶点": 1, "未来": 2, "实属": 1, "难得": 1, "一家": 2, "企业": 7, "生命线": 1, "长": 1, "几十年": 1, "上百": 1, "运作": 1, "关系": 2, "社会": 1, "处境": 1, "生命": 2, "周期": 1, "必经": 1, "创业": 1, "发展": 7, "成熟": 1, "衰退": 1, "死亡": 1, "阶段": 1, "自然界": 1, "法则": 1, "过程": 1, "走": 2, "几十": 1, "科技": 2, "日新月异": 1, "缩短": 1, "进程": 1, "稍": 2, "不慎": 1, "闪失": 1, "遭遇": 1, "灭顶之灾": 1, "早": 1, "2000年": 1, "销售额": 1, "220亿": 1, "元": 2, "利润": 1, "29亿": 1, "人民币": 1, "位居": 1, "全国": 1, "电子": 1, "百": 1, "首位": 1, "抛出": 1, "冬天": 1, "大谈": 1, "危机": 4, "失败": 1, "2018年": 2, "针对": 3, "自满": 2, "感觉": 1, "中年": 1, "指出": 1, "意味着": 2, "越来越": 1, "展现": 1, "坚定": 1, "自我": 2, "革新": 1, "进化": 1, "面向": 1, "经营": 1, "管理": 1, "思想": 1, "最新": 1, "符合": 1, "时代": 1, "趋势": 1, "讨论": 1, "死": 1, "延续": 1, "国内": 3, "手机": 18, "公司": 6, "三星": 2, "国外": 1, "高通": 3, "爱立信": 1, "开心": 1, "毕竟": 1, "面临": 3, "竞争": 2, "打压": 1, "顺利": 1, "中国": 4, "通信": 1, "行业": 3, "无疑": 1, "灾难": 1, "现象": 1, "涉及": 1, "通信业": 1, "产品": 11, "服务": 3, "终端": 2, "价格": 2, "暴涨": 2, "初装费": 1, "项目": 1, "江湖": 1, "基础": 3, "设施": 1, "互联网": 1, "致命": 1, "打击": 2, "影响": 2, "生活": 1, "或许": 1, "早就": 2, "未": 3, "可知": 1, "德国": 18, "态度": 3, "不错": 4, "一度": 1, "欧洲": 7, "市场": 9, "切入点": 1, "改变": 1, "排除": 4, "国门": 1, "情况": 3, "一开始": 1, "开放": 2, "设备": 4, "性能": 2, "检测": 1, "监测": 1, "发现": 2, "合作": 1, "开拓": 1, "环": 1, "间谍案": 1, "事件": 1, "定义": 1, "等待": 1, "内部": 1, "会议": 1, "办法": 3, "掉": 1, "无缘": 1, "5G": 5, "网络": 3, "建设": 5, "禁令": 1, "蔓延": 1, "！": 3, "英国": 2, "牛津": 1, "大学": 1, "早已": 1, "不再": 2, "接受": 3, "研发": 7, "资助": 1, "排斥": 2, "学校": 1, "反对": 4, "政治": 1, "因素": 2, "显得": 1, "太过于": 1, "北约": 2, "成员国": 2, "美国": 2, "影响力": 1, "加上": 2, "侧面": 1, "挑拨": 1, "一大": 1, "看好": 1, "拿到": 2, "成绩": 2, "2019年": 1, "友好": 1, "始终": 1, "坚信": 1, "难题": 2, "阻挡": 1, "轻易": 1, "打败": 1, "中国人": 1, "这几年": 1, "带给": 1, "惊喜": 1, "实在": 1, "很多": 8, "占据": 1, "通讯": 4, "基站": 1, "解决": 4, "方案": 2, "全球": 2, "份额": 1, "27": 1, "海外": 2, "大单": 1, "1500": 1, "项": 1, "领域": 7, "专利": 1, "技术": 3, "去年": 1, "智能": 3, "首次": 1, "超过": 1, "销量": 1, "第二": 1, "真的": 1, "自豪": 1, "民族": 1, "踏踏实实": 1, "做事": 2, "不浮躁": 1, "既定": 1, "方向": 1, "努力": 2, "动摇": 1, "布局": 4, "长远": 1, "推出": 3, "自主": 6, "尊敬": 1, "想当初": 1, "起步": 1, "重重": 1, "阻力": 1, "打开": 1, "大门": 1, "颇为": 1, "不易": 1, "客户": 3, "到位": 1, "周到": 1, "中心": 1, "所想": 1, "战火": 1, "纷飞": 1, "员工": 1, "身影": 1, "坚守": 1, "执着": 1, "深深": 1, "打动": 1, "运营商": 1, "同行": 1, "认可": 1, "质量": 3, "核心": 2, "竞争力": 1, "能力": 3, "动力": 1, "创新": 1, "提升": 2, "优势": 1, "前列": 1, "麒麟": 1, "芯片": 2, "年前": 2, "正式": 1, "投入": 3, "商用": 2, "搭载": 3, "Mate": 1, "P系列": 1, "指标": 1, "标高通": 1, "骁龙": 1, "表现": 2, "亮眼": 1, "市场占有率": 1, "差距": 1, "后来者": 1, "不止": 1, "硬件": 2, "问世": 1, "操作": 14, "系统": 22, "放松": 1, "地基": 1, "常用": 2, "软件": 5, "包括": 2, "微信": 1, "支付宝": 1, "QQ": 1, "携程": 1, "APP": 5, "统统": 1, "运行": 1, "客气": 1, "谷歌": 5, "强制": 1, "安卓": 2, "厂商": 9, "收费": 2, "只能": 2, "乖乖": 1, "就范": 1, "看错": 1, "局面": 1, "被动": 2, "实力": 2, "研制": 1, "最终": 3, "涨价": 1, "费用": 1, "转嫁": 1, "消费者": 1, "买单": 1, "面世": 1, "款": 7, "LiteOS": 8, "物联网": 2, "体量": 1, "灵活": 1, "采用": 6, "开源": 2, "方式": 2, "家电": 1, "生产": 2, "接入": 1, "打造": 2, "类似": 1, "平台": 2, "互联": 2, "网友": 4, "关注": 1, "Mate20": 2, "系列": 5, "发布会": 1, "推广": 1, "惊艳": 1, "Mate20手机": 1, "抢眼": 1, "换机": 1, "打算": 1, "默默": 1, "盘算": 1, "提前": 1, "耀眼": 1, "过多": 1, "观众": 1, "留意": 1, "同期": 1, "推介": 1, "手表": 11, "GT": 2, "主打": 1, "体育": 1, "健身": 2, "爱好者": 2, "精心": 1, "Watch": 1, "3Pro": 1, "当仁不让": 2, "年度": 1, "旗舰": 2, "腕表": 2, "分为": 1, "运动版": 1, "传统": 2, "经典": 1, "版": 1, "款型": 1, "屏幕": 2, "材质": 1, "AMOLED": 1, "面板": 1, "外形": 1, "尺寸": 1, "圆形": 1, "1.39": 1, "英寸": 2, "像素": 1, "454*254": 1, "显示器": 1, "电池": 2, "容量": 1, "420": 1, "毫安": 1, "亮点": 2, "多多": 1, "常见": 1, "传感器": 1, "列阵": 1, "加速": 1, "度计": 1, "内置": 1, "GPS": 2, "配备": 1, "心律": 1, "光谱仪": 1, "源于": 1, "Android": 2, "缴纳": 1, "授权": 1, "专利费": 1, "具备": 1, "输出": 1, "件": 1, "里程碑": 1, "意义": 1, "尽量": 1, "才": 1, "记得": 1, "Nokia": 8, "王者": 1, "出品": 1, "信号": 1, "流畅": 1, "经摔": 1, "原因": 1, "摔": 3, "坏": 2, "貌似": 1, "电路板": 1, "显示屏": 1, "零配件": 1, "开玩笑": 1, "砖头": 1, "敲": 1, "核桃": 1, "拥有": 1, "众多": 1, "粉丝": 2, "2013年": 1, "重返": 1, "智能机": 1, "领先": 2, "位置": 1, "强力": 1, "Lumia": 1, "Window": 1, "Phone": 1, "Windows": 2, "设计": 1, "6": 1, "大屏": 1, "无键化": 1, "理念": 1, "好几": 1, "内心": 1, "燃起": 1, "希望": 1, "可惜": 1, "尝鲜": 1, "支持": 3, "工具": 1, "对比": 1, "多年": 1, "产业": 1, "WEAR": 1, "OS": 1, "兼容": 1, "简单": 1, "碰到": 1, "兼容性": 2, "软硬件": 3, "流畅度": 1, "用户": 1, "体验度": 1, "续航": 1, "启用": 2, "模式": 1, "30": 1, "；": 1, "频繁": 1, "功能": 1, "14": 1, "实用性": 1, "有待": 1, "周边": 1, "外延": 1, "拓展性": 1, "依赖": 1, "各家": 3, "国产": 1, "向前": 1, "迈出": 1, "关键": 1, "效率": 1, "生态": 1, "体系": 1, "完善": 2, "值得一提的是": 1, "世界": 1, "各国": 1, "敞开": 1, "体现": 1, "包容": 1, "心态": 1, "集合": 1, "全世界": 1, "专业": 1, "人士": 1, "业余": 1, "聪明才智": 1, "优化": 1, "通用": 1, "工业界": 2, "屏蔽": 2, "无可": 1, "替代": 1, "德媒": 1, "称": 3, "德工业界": 1, "法兰克福": 1, "汇报": 1, "1月": 1, "18日": 1, "报道": 3, "政府": 2, "阻止": 1, "电信": 1, "制造商": 3, "参与": 1, "声音": 1, "联邦": 1, "作出": 1, "警告": 1, "工业": 1, "联合会": 1, "主席": 1, "迪特尔·肯普夫": 1, "证实": 1, "威胁": 1, "错误": 1, "证明": 1, "危及": 1, "利益": 1, "级别": 1, "专家": 1, "在外": 1, "对手": 1, "间谍": 2, "顾虑": 1, "失掉": 1, "试图": 1, "指控": 1, "子虚乌有": 1, "(": 1, "责任": 1, "编辑": 1, "张倩蓉": 1, ")": 1}