{"华为": 28, "无惧": 2, "打压": 4, "研发": 12, "投入": 5, "1200亿": 3, "中心": 8, "苹果": 5, "大四": 3, "倍": 3, "我国": 1, "通信": 1, "设备": 1, "企业": 1, "公司": 1, "备受": 1, "关注": 1, "代言人": 1, "川普": 7, "摇旗呐喊": 1, "全球": 3, "内": 1, "影响力": 1, "越来越": 1, "不少": 1, "国家": 1, "都": 2, "选择": 1, "展开": 1, "合作": 1, "手机": 3, "超越": 2, "跃居": 1, "世界": 2, "第二": 1, "5G": 4, "高歌猛进": 1, "揽": 1, "50多": 1, "份": 1, "订单": 2, "国产": 1, "信任": 1, "拥有": 1, "国际": 3, "声望": 1, "原因": 1, "核心": 3, "技术": 1, "提升": 2, "傲视": 1, "通讯": 1, "领域": 2, "此次": 5, "情况": 3, "中兴": 1, "实质性": 1, "影响": 3, "硬": 1, "实力": 2, "表现": 1, "就算": 3, "美": 2, "市场": 2, "美芯片": 1, "不错": 1, "发展": 3, "依然": 1, "事情": 1, "加大": 1, "科技": 3, "力度": 1, "一个": 1, "台阶": 1, "预计": 1, "科研": 1, "增加": 1, "坚定不移": 1, "自研": 1, "战略": 1, "目标": 2, "投资": 1, "项目": 1, "建设": 2, "近日": 1, "消息": 1, "透露": 1, "前期": 1, "100亿": 1, "建立": 3, "地址": 1, "设立": 1, "上海": 1, "青浦": 1, "第一": 2, "期": 1, "用地": 1, "高达": 2, "1220": 1, "亩": 1, "建筑": 1, "面积": 1, "100万": 1, "平方米": 2, "国内": 3, "意味着": 1, "全世界": 1, "总部": 1, "26万": 1, "终端": 1, "芯片": 3, "、": 1, "无线": 1, "网络": 3, "物联网": 1, "高新": 1, "包括": 1, "麒麟": 2, "鸿蒙": 1, "系统": 1, "当下": 2, "当家": 1, "火热": 1, "均": 1, "出自": 1, "手": 1, "正是": 1, "作用": 1, "依旧": 1, "强有力": 1, "竞争": 1, "能力": 1, "各国": 2, "签下": 1, "大额": 1, "针对": 1, "制裁": 1, "活动": 1, "只能": 3, "妥协": 2, "告终": 2, "经济": 3, "一体化": 1, "和平": 1, "双赢": 1, "互利": 1, "关键": 1, "想": 1, "一家": 1, "独大": 1, "控制": 1, "轻视": 1, "必胜": 1, "局面": 1, "如今": 1, "多元化": 1, "才": 1, "要素": 1, "壮大": 1, "保护": 1, "政策": 1, "利益": 1, "本来": 1, "三星": 1, "无限": 1, "延后": 1, "方式": 1, "战胜": 1, "对手": 1, "做法": 1, "卑劣": 1, "丝毫": 1, "喜欢": 1, "大有人在": 1, "欧洲": 1, "名": 1, "品牌": 1, "纷纷": 1, "下滑": 1, "销量": 1, "逆势": 1, "增长": 1, "很": 1, "尴尬": 1}