{"来源": 1, "：": 1, "新京": 1, "报网": 1, "新京报": 2, "快讯": 1, "记者": 3, "陆一夫": 1, "天眼": 2, "查": 2, "数据": 2, "显示": 2, "11月": 1, "22日": 1, "北京": 3, "华为": 13, "数字": 2, "技术": 6, "有限": 3, "公司": 7, "发生": 1, "工商": 1, "变更": 1, "副董事长": 1, "任正非": 3, "退出": 2, "董事长": 1, "孙": 1, "亚芳": 1, "、": 6, "董事": 1, "徐文伟": 1, "郭": 1, "平等": 1, "孙亚芳": 1, "卸任": 1, "法定": 1, "代表人": 1, "田兴普": 1, "接任": 1, "后者": 1, "研发": 2, "所长": 1, "成立": 1, "2006年": 1, "3月": 1, "注册": 1, "资本": 1, "3亿": 1, "人民币": 1, "经营": 1, "包括": 3, "通信": 1, "产品": 2, "销售": 1, "服务": 1, "；": 2, "货物": 1, "进出口": 3, "代理": 1, "投资": 1, "控股": 1, "全资": 1, "持股": 1, "10月": 1, "接受": 1, "欧洲": 1, "新闻": 1, "电视台": 1, "采访": 1, "交班": 1, "很多": 1, "才": 1, "交接班": 1, "运转": 1, "悬": 1, "一个": 1, "‘": 2, "傀儡": 2, "’": 2, "操心": 1, "退休": 3, "思维": 1, "方式": 1, "障碍": 1, "选择": 1, "美国": 1, "政府": 1, "批准": 1, "危机": 1, "状态": 1, "有时候": 1, "陆": 1, "夫": 1, "编辑": 1, "李薇佳": 1, "校对": 1, "卢": 1, "茜": 1, "增加": 1, "资金": 1, "投入": 1, "创新": 1, "积累": 1, "处于": 2, "高速": 1, "发展": 1, "道路": 1, "中低端机": 1, "销量": 1, "爆发": 2, "情况": 2, "高端": 1, "领域": 2, "令人瞩目": 1, "成绩": 2, "快速": 1, "成长": 1, "国内": 1, "第一": 1, "智能": 1, "手机": 1, "品牌": 2, "确实": 2, "能力": 2, "应对": 1, "挑战": 1, "回来": 1, "竞争": 2, "白炽化": 1, "处境": 1, "挺": 1, "尴尬": 1, "Mate20": 6, "大部分": 1, "都": 3, "感到": 1, "陌生": 1, "去年": 1, "登场": 1, "场景": 1, "超级": 1, "旗舰": 2, "性能": 1, "颜值": 1, "打磨": 1, "到位": 1, "搭载": 1, "徕卡": 1, "认证": 1, "三": 1, "摄模组": 1, "达芬奇": 1, "独立": 1, "NPU": 1, "神经元": 1, "驱动": 1, "成片": 1, "速度": 1, "行业": 1, "主流": 2, "水准": 1, "得益": 1, "先进": 1, "算法": 1, "调教": 1, "无论是": 1, "白天": 1, "夜晚": 1, "照片": 1, "整体": 1, "观感": 1, "太": 2, "挑剔": 1, "地方": 1, "4000": 1, "毫安": 1, "电池": 1, "22.5W": 1, "快充": 1, "符合": 2, "长续航": 1, "标准": 1, "率先": 1, "运行": 1, "EMUI10": 1, "系统": 1, "麒麟": 1, "980": 1, "处理器": 1, "协同": 1, "GPU": 1, "TUrbo3.0": 1, "适配": 1, "王者": 1, "荣耀": 1, "和平": 1, "精英": 1, "在内": 1, "款": 2, "游戏": 1, "帧率": 1, "稳定性": 1, "妥妥": 1, "拥有": 1, "一块": 1, "6.53": 1, "英寸": 1, "水滴": 1, "屏": 1, "带来": 2, "震撼": 1, "视觉": 1, "效果": 1, "四曲面": 1, "玻璃": 1, "后壳": 1, "铝": 1, "中框": 1, "紧密": 1, "贴合": 1, "舒适": 1, "握持感": 1, "兼顾": 1, "生活": 1, "防水": 1, "参数": 1, "层面": 1, "分析": 1, "不错": 1, "机皇": 1, "级别": 1, "称号": 1, "最初": 1, "卖": 1, "3798": 1, "元": 2, "一点": 1, "余承东": 1, "意料": 1, "之中": 1, "只不过": 1, "市场": 1, "激烈": 1, "地位": 1, "取代": 1, "人气": 1, "流失": 1, "最低": 1, "降": 1, "3177": 1, "幅度": 1, "终": 1, "Mate20一": 1, "夜": 1, "沦为": 1, "良心价": 1, "网友": 1, "吐槽": 1, "无奈": 1, "再见": 1, "了却": 1, "一针见血": 1, "小编": 1, "角度": 1, "出发": 1, "高端机": 1, "值得": 1, "肯定": 1, "功不可没": 1, "对比": 1, "小米": 1, "CC9Pro": 1, "缺乏": 1, "性价比": 1, "5G": 1, "元素": 1, "普及": 1, "有人": 1, "理解": 1}