{"华为": 70, "手机": 51, "值得": 2, "国人": 2, "骄傲": 1, "技术": 10, "创新": 2, "攀升": 2, "世界": 7, "行业": 2, "占据": 1, "份额": 3, "MateX折": 1, "叠屏": 1, "设计": 12, "全球": 16, "一个": 13, "震惊": 1, "折叠": 2, "屏幕": 6, "布局": 1, "紧凑": 1, "满满": 1, "黑科技": 1, "各国": 2, "媒体": 2, "认可": 1, "挤进": 1, "高端": 3, "市场": 11, "折叠屏": 1, "1月份": 1, "赛诺": 1, "数据": 1, "显示": 1, "中国": 4, "智能": 1, "整体": 1, "容量": 1, "同比": 4, "下滑": 2, "8.9%": 1, "国内": 4, "荣耀": 26, "均": 1, "10%": 1, "增长": 6, "延续": 1, "2018年": 6, "第四": 1, "季度": 2, "稳健": 2, "态势": 1, "冲劲": 1, "削弱": 1, "占有": 1, "品牌": 8, "小弟": 1, "功劳": 1, "子品牌": 1, "主打": 1, "性价比": 2, "路线": 1, "支撑": 2, "顺风顺水": 1, "销量": 4, "趋势": 1, "依然": 1, "速度": 1, "走高端": 1, "走": 2, "中低端": 3, "用户": 6, "庞大": 1, "国产机": 1, "介绍": 1, "三": 6, "款": 9, "横扫千军": 1, "机型": 12, "第一": 5, "Magic": 2, "11月": 2, "发布": 3, "采用": 3, "滑屏": 1, "屏": 1, "理念": 1, "滑盖屏": 1, "成功": 3, "相比": 5, "vivo": 1, "NEX": 1, "双屏版": 1, "节约": 1, "能耗": 1, "搭载": 2, "自主": 3, "研发": 7, "麒麟": 4, "980": 2, "处理器": 4, "分为": 1, "6GB": 1, "8GB": 1, "版本": 1, "内存": 1, "512GB": 1, "配备": 1, "40W": 1, "超级": 1, "快充": 1, "充电": 1, "功能": 2, "补充": 1, "消耗": 1, "电量": 1, "横扫": 1, "市面": 1, "旗舰": 1, "售价": 1, "4000": 2, "元": 6, "档": 2, "脱颖而出": 1, "第二": 4, "V20": 7, "去年": 1, "12月份": 1, "科技感": 1, "十足": 2, "开孔": 2, "安装": 1, "前置": 2, "摄像头": 2, "独特": 1, "造型": 1, "引流": 1, "潮流": 1, "时尚": 1, "三星": 1, "A8s": 1, "摄像": 1, "小巧": 1, "经典": 1, "电池": 1, "ma/h": 1, "日常": 1, "用机": 1, "天一": 1, "亮点": 1, "拍照": 1, "后置": 1, "4800万": 1, "像素": 1, "+": 1, "深感": 2, "镜头": 2, "TOF": 1, "立体": 1, "作用": 1, "类型": 1, "色彩": 3, "自然": 1, "颜色": 1, "艳丽": 1, "走调": 1, "很多": 9, "小米": 20, "9": 2, "对比": 1, "弱": 1, "起码": 1, "供货": 1, "保证": 2, "2000-3000": 1, "第三": 3, "8": 3, "X": 3, "破": 1, "1000万": 1, "台": 4, "千": 1, "机档": 1, "出类拔萃": 1, "争光": 1, "不少": 3, "千元机": 1, "价位": 3, "高性能": 1, "品质": 2, "赢得": 1, "赞赏": 1, "刘": 1, "海屏": 1, "底部": 1, "窄": 1, "下巴": 1, "做出": 2, "旗舰机": 1, "尺寸": 1, "外观": 1, "标旗舰": 1, "性能": 1, "710八": 1, "核": 1, "运行": 2, "游戏": 1, "这是": 4, "都": 13, "独到之处": 1, "贴合": 1, "不用": 2, "需求": 1, "高中档": 1, "一应俱全": 1, "共享": 2, "看似": 1, "繁殖地": 1, "孵化": 1, "对标": 1, "比对": 1, "真材实料": 1, "系统": 37, "乱": 2, "选": 2, "3": 3, "差距": 2, "！": 3, "流畅度": 2, "很": 7, "一点": 6, "苹果": 3, "长": 1, "时间": 2, "安卓": 5, "卡顿": 1, "情况": 1, "一部分": 1, "原因": 1, "优势": 4, "价格": 2, "越来越": 3, "用户们": 3, "办法": 1, "承受": 1, "选择": 2, "发展": 3, "拿来": 1, "：": 5, "风格": 2, "简单": 1, "一眼": 1, "看上去": 2, "清晰": 1, "舒服": 1, "视觉感": 1, "图标": 2, "搭配": 2, "细心": 1, "研究": 1, "杂乱": 1, "眼": 1, "感觉": 1, "太": 4, "明朗": 1, "视觉性": 1, "要好": 1, "擅长于": 1, "抓住": 1, "年轻": 1, "消费者": 3, "心思": 1, "多半": 1, "面对": 1, "年轻人": 2, "美观": 1, "一块": 3, "关注": 1, "更新": 6, "平时": 3, "反馈": 1, "当中": 1, "bug": 3, "第一时间": 1, "调整": 1, "带来": 2, "体验": 2, "维护": 2, "勤奋": 1, "力求": 1, "给到": 1, "体验感": 1, "老": 3, "放弃": 1, "尤其是": 1, "置之不理": 1, "修复": 1, "暂停": 1, "想要": 1, "下功夫": 1, "广告": 6, "本身": 1, "分开": 1, "个体": 1, "带有": 4, "的确": 1, "基本上": 1, "软件": 2, "着实": 1, "影响": 1, "稍微": 1, "仍旧": 1, "经历": 1, "处于": 1, "总体": 1, "来讲": 1, "缺点": 1, "综合": 1, "实力": 1, "要强": 1, "差别": 1, "硬件": 2, "弥补": 1, "加上": 2, "无敌": 1, "合作": 4, "小编": 1, "想": 1, "网友": 1, "喜欢": 1, "华尔街": 1, "日报": 1, "11日": 1, "报道": 1, "美国": 22, "驻": 1, "德国": 6, "大使": 1, "格雷内尔": 1, "日前": 1, "联邦": 1, "经济": 2, "部长": 1, "发出": 1, "信件": 1, "称": 1, "柏林": 1, "禁止": 2, "公司": 6, "参与": 1, "建设": 1, "5G": 9, "网络": 1, "面临": 1, "情报": 1, "风险": 1, "新闻": 1, "中国人": 1, "习以为常": 1, "近些年": 1, "抵制": 1, "急先锋": 1, "美": 2, "产品": 3, "销售": 4, "不时": 1, "政治": 1, "绑架": 1, "威胁": 5, "方式": 1, "破坏": 1, "欧洲": 3, "国家": 4, "效果": 1, "不大": 1, "免费": 1, "不遗余力": 1, "开创": 1, "盟友": 1, "先河": 1, "众所周知": 2, "崇尚": 1, "自由": 2, "竞争": 2, "机会": 1, "均等": 1, "全世界": 7, "提供": 2, "创业": 1, "环境": 1, "基于": 1, "优质": 1, "人才": 1, "最前沿": 1, "科技": 1, "创造力": 1, "高效": 1, "管理": 1, "水平": 2, "促成": 1, "当今": 1, "强大": 1, "段": 1, "宛如": 1, "淑女": 2, "展现": 1, "开放": 1, "豁达": 1, "形象": 1, "羡艳": 1, "不已": 1, "这一切": 1, "时代": 3, "到来": 1, "巨变": 1, "2016年": 1, "17日": 1, "场": 1, "GPP": 1, "RAN1": 1, "87": 1, "会议": 1, "短码": 1, "讨论": 1, "方案": 2, "59": 1, "代表": 1, "支持": 2, "化码": 1, "Polar": 1, "Code": 1, "战胜": 1, "高通": 12, "主推": 1, "LDPC": 1, "法国": 1, "Turbo2.0": 1, "拿下": 1, "话语权": 1, "意味": 1, "颠覆": 1, "长期": 1, "霸主": 1, "地位": 1, "居然": 1, "败": 1, "神": 1, "跨国": 1, "企业": 5, "3G": 1, "4G": 2, "领先": 2, "涉及": 1, "电信": 4, "设备": 6, "消费": 1, "电子": 2, "通cd": 1, "mA": 1, "集团": 1, "无线": 3, "半导体": 1, "生产商": 1, "芯片族": 1, "供应商": 1, "专家": 1, "预测": 2, "项": 3, "专利": 6, "收入": 4, "15000亿": 1, "人民币": 1, "旗下": 2, "拥有": 3, "3000多": 2, "CDMA": 1, "高新技术": 2, "一百多": 1, "服务": 2, "覆盖": 1, "巨额": 1, "利润": 1, "授权": 2, "芯片": 13, "出售": 1, "运营商": 3, "许可费": 1, "直白": 1, "控制": 1, "CMD": 1, "收取": 1, "高额": 1, "专利费": 2, "付出": 2, "费用": 2, "含有": 1, "制定": 1, "计划": 2, "最为": 1, "到底": 1, "牛": 1, "资料": 1, "1.": 1, "成立": 1, "上世纪": 1, "80年代": 1, "末": 1, "二十": 1, "多年": 1, "一家": 1, "交换机": 1, "代理": 1, "成长": 1, "制造商": 1, "北美": 1, "顶级": 1, "50": 1, "45": 1, "建立": 1, "伙伴": 1, "关系": 1, "40%": 1, "人口": 1, "超过": 3, "20亿": 1, "通信": 1, "过半": 1, "市场占有率": 1, "150多": 1, "5百多万": 1, "名": 1, "客户": 1, "营收": 2, "7成": 1, "海外": 2, ".": 1, "标准化": 1, "协会": 1, "ETSI": 1, "标准": 1, "核心": 2, "数量": 1, "排名": 2, "1970": 1, "件": 1, "声明": 1, "排": 1, "国际": 1, "巨头": 1, "诺基亚": 1, "爱立信": 1, "3.2018年": 1, "发货量": 2, "2.06亿": 1, "C114": 1, "数字": 1, "2010年": 1, "300万": 1, "相当于": 1, "八": 1, "66": 1, "倍": 1, "、": 4, "亦": 1, "超越": 1, "厂商": 1, "4.2018年": 1, "BG": 1, "规模": 1, "50％": 1, "目标": 2, "提前": 1, "跨越": 1, "500亿": 1, "美元": 4, "里程碑": 2, "占": 1, "总收入": 1, "一半": 1, "预计": 2, "1085亿": 2, "7500亿": 1, "21%": 1, "隶属于": 1, "180%": 1, "5.2017年": 1, "8月": 1, "20日": 1, "麒麟Kirin": 1, "累计": 1, "1亿": 2, "2015年": 1, "Balong": 1, "平台": 1, "发货": 1, "终端": 1, "领域": 1, "面世": 1, "短短": 1, "突破": 2, "一亿": 1, "出货量": 1, "麒麟980": 1, "众多": 1, "称号": 1, "首发": 2, "7nm": 1, "先进": 1, "工艺": 1, "ARMCotex-A76": 1, "架构": 1, "业内": 2, "双核": 1, "NPU": 1, "商用": 1, "Mali-G76": 1, "GPU": 1, "业界": 2, "1.4Gbps": 1, "Cat2.1": 1, "Modem": 1, "首款": 1, "2133": 1, "MHz": 1, "LPDDR4X": 1, "快": 1, "WiFi": 1, "Hi1103": 1, "接近": 1, "7000亿": 1, "2019年": 1, "销售量": 1, "2亿": 1, "8545亿": 1, "1259亿": 1, "也就是说": 1, "终结": 1, "通吃": 1, "盘剥": 1, "巨量": 1, "动摇": 1, "坐地": 1, "收款": 1, "历史": 1, "监控": 1, "目的": 1, "大打折扣": 1, "忍受": 1, "现实": 3, "利益": 1, "撕下": 1, "面具": 1, "面目": 1, "丑陋": 1, "怨妇": 1, "无论如何": 1, "改变": 1, "摆脱": 2, "断粮": 1, "惊人": 1, "投入": 1, "只能": 1, "贸易战": 1, "丝毫": 1, "消退": 1, "迹象": 1, "穷追猛打": 1, "恨": 1, "倒闭": 1, "中兴": 2, "濒临": 1, "破产": 1, "翻脸": 1, "勒令": 1, "谷歌": 2, "停止": 1, "机器": 1, "势必": 1, "打击": 1, "业务": 1, "CEO": 1, "余承东": 2, "近日": 1, "接受": 1, "Welt": 1, "采访": 1, "霸气": 1, "回应": 2, "操作": 3, "Windows": 1, "做好": 1, "B": 1, "微软": 1, "生态": 1, "高科技": 1, "民族": 2, "独立": 1, "海思": 1, "西方": 1, "依赖": 1, "担忧": 1, "如今": 1, "作出": 1, "不免": 1, "安心": 1, "终于": 1, "受制于人": 1, "胜算": 1, "愁眉苦脸": 1}