{"英国": 8, "BBC": 10, "报道": 18, "芬兰": 1, "知名": 1, "通讯": 6, "公司": 27, "诺基亚": 14, "名": 7, "资深": 2, "高管": 7, "近日": 2, "语出惊人": 1, "宣称": 2, "华为": 171, "设备": 17, "警惕": 1, "美国": 53, "打压": 2, "有助于": 1, "市场": 6, "变得": 1, "公平": 4, "…": 3, "..": 1, "篇": 4, "发出": 1, "多久": 2, "官方": 4, "紧急": 3, "澄清": 3, "言论": 7, "代表": 4, "修改": 2, "稿件": 1, "……": 2, "昨天": 1, "上午": 1, "发布": 2, "名为": 1, "警告": 2, "5G": 23, "称": 6, "首席": 1, "技术": 19, "官（CTO": 1, "马库斯·韦尔登": 1, "(": 1, "Marcus": 1, "Weldon": 1, ")": 1, "漏洞": 2, "网络": 7, "带来": 3, "风险": 2, "▲": 4, "截图": 2, "引用": 1, "一家": 3, "报告": 2, "缺陷": 2, "粗心大意": 1, "修补": 1, "升级": 2, "迷惑性": 1, "版本": 2, "正令": 1, "资金": 2, "优势": 1, "诺基亚CTO马库斯·韦尔登": 1, "有趣": 2, "这位": 4, "官网": 1, "发给": 1, "媒体": 5, "回应": 6, "中都": 1, "立场": 1, "份": 3, "声明": 1, "关心": 1, "产品": 28, "服务": 5, "竞争": 6, "对手": 4, "潜在": 1, "弱点": 1, "做出": 2, "评估": 1, "标题": 1, "原先": 1, "改": 1, "老板": 1, "划清": 2, "界限": 2, "文章": 2, "开头": 1, "看法": 2, "最初": 1, "提到": 2, "发言人": 3, "否认": 1, "误导性": 1, "：": 23, "行业": 2, "通力合作": 1, "才能": 2, "确保": 1, "、": 41, "韧性": 1, "最新": 4, "客户": 4, "关注": 3, "赢得": 1, "业务": 7, "诋毁": 1, "提升": 1, "办法": 1, "商家": 1, "都": 15, "源码": 1, "拿来": 1, "第三方": 3, "独立": 1, "测试": 1, "给出": 3, "一点": 2, "确实": 3, "接受": 1, "审查": 2, "那位": 1, "承认": 1, "坚称": 1, "全世界": 7, "面临": 1, "来源": 4, "环球": 2, "时报": 2, "微信": 1, "/": 1, "耿直哥": 1, "十几": 3, "沉淀": 1, "终于": 2, "摘取": 1, "果实": 1, "布局": 1, "想": 4, "抢": 1, "这块": 2, "蛋糕": 2, "展开": 2, "围堵": 1, "崛起": 1, "扼杀": 1, "摇篮": 1, "轻易": 1, "认输": 1, "产品线": 2, "总裁": 3, "杨超斌": 1, "指出": 3, "研发": 3, "投入": 3, "100亿": 1, "元": 3, "一百亿": 1, "包含": 2, "科研": 3, "人员": 2, "人力": 2, "成本": 3, "购买": 12, "层层": 1, "重压": 1, "之下": 2, "难": 1, "外界": 4, "加大": 1, "投资": 3, "堪称": 1, "打出": 1, "自信": 1, "击": 1, "任正非": 15, "再次": 2, "发声": 1, "计划": 4, "招聘": 2, "天才": 7, "少年": 6, "！": 13, "国内": 3, "6月": 5, "27日": 1, "公布": 2, "讲话": 1, "20-30": 1, "焕发": 1, "组织": 1, "活力": 2, "到来": 1, "换枪": 1, "换炮": 1, "打赢": 1, "场": 2, "硝烟": 1, "战争": 1, "创造": 1, "标准": 3, "拖": 1, "世界": 5, "往前": 1, "走": 1, "别人": 1, "靠拢": 1, "吸收": 1, "霸气": 1, "豪言壮志": 1, "13亿": 1, "国人": 1, "忍": 2, "不住": 1, "纷纷": 2, "点赞": 1, "讲": 1, "一个": 10, "内部": 1, "真实": 1, "发生": 1, "事情": 2, "养": 2, "俄罗斯": 2, "数学家": 1, "小伙子": 2, "丝毫": 1, "懂": 2, "交际": 1, "追": 1, "女": 1, "孩子": 1, "会谈": 1, "恋爱": 1, "数学": 1, "天天": 1, "玩": 2, "电脑": 2, "1": 3, "管理": 2, "5万": 1, "高层": 1, "一句话": 1, "就算": 1, "完事": 1, "发院": 1, "士牌": 1, "三": 2, "字": 1, "年轻人": 2, "月月": 1, "领": 1, "丰厚": 1, "工资": 1, "期限": 1, "找": 1, "兴奋": 1, "说道": 1, "2G": 1, "3G": 1, "算法": 1, "突破": 5, "下令": 1, "上海": 2, "试验": 1, "领域": 1, "领先": 3, "千里马": 1, "伯乐": 1, "长远": 2, "眼光": 1, "宽广": 1, "心胸": 1, "天下": 1, "如今": 2, "全球": 2, "招收": 1, "上市": 4, "全民": 2, "派发": 2, "红包": 4, "微信群": 1, "庆祝": 1, "成功": 2, "现金": 2, "活动": 2, "链接": 2, "轻轻": 1, "跳出": 1, "几十": 1, "几百": 1, "不等": 1, "事儿": 1, "靠谱": 1, "耶]": 1, "提示": 1, "操作": 3, "反复": 1, "复地": 1, "收到": 1, "分享": 1, "承诺": 1, "天上": 1, "掉": 1, "馅饼": 1, "小心": 2, "陷阱": 1, "来路": 1, "不明": 1, "请": 2, "随意": 1, "点击": 1, "转发": 1, "@": 1, "石家庄": 1, "网警": 1, "巡查": 1, "执法": 1, "文": 1, "|": 2, "考拉": 3, "科技馆": 3, "排版": 1, "原创": 2, "禁止": 5, "转载": 2, "违者": 1, "必究": 1, "年初": 1, "纸": 1, "实体": 4, "清单": 4, "欲": 1, "逼上": 1, "绝路": 1, "奈何": 1, "创始人": 1, "高瞻远瞩": 1, "芯片": 4, "系统": 11, "自研": 5, "至此": 1, "针对": 1, "阴谋": 1, "不说": 1, "破灭": 1, "作用": 3, "政府": 11, "禁令": 19, "忙": 3, "焦头烂额": 3, "想到": 1, "最终": 2, "的确": 1, "企业": 22, "下达": 2, "不少": 2, "高科技": 1, "高通": 7, "英特尔": 6, "谷歌": 4, "断供": 7, "元器件": 3, "供元": 1, "器件": 1, "等同于": 1, "粮库": 1, "美": 7, "事实": 2, "预期": 1, "大相径庭": 1, "影响": 7, "并非": 3, "毫无": 1, "拿出": 1, "系列": 29, "备胎": 2, "鸿蒙": 5, "ARM": 2, "架构": 2, "达芬奇": 1, "好像": 1, "好断": 1, "通信": 3, "急": 2, "刚刚": 2, "下发": 1, "出台": 1, "延缓": 1, "进程": 1, "长远发展": 1, "时至今日": 1, "不得不": 1, "说任": 1, "老爷子": 1, "无的放矢": 1, "底气": 2, "有恃无恐": 1, "急躁": 1, "法绕": 1, "力求": 1, "再度": 1, "合作": 4, "求和": 1, "大军": 1, "典型": 1, "美媒": 1, "导致": 2, "挽回": 1, "损失": 1, "修复": 2, "关系": 4, "违背": 1, "原则": 1, "基础": 2, "供货": 2, "笔者": 1, "这次": 1, "迫切": 1, "想要": 2, "原因": 3, "无非": 1, "两点": 1, "国际": 4, "大企": 1, "恐怖": 1, "底蕴": 1, "面对": 1, "国": 1, "制裁": 1, "从容不迫": 1, "还给": 1, "游刃有余": 1, "感": 1, "动摇": 1, "鬼": 1, "逼": 1, "闹出": 1, "幺蛾子": 1, "逼急": 1, "说不定": 1, "受伤": 1, "钱": 3, "很": 14, "现实": 1, "等于": 1, "金主": 1, "涵盖": 1, "面积": 1, "太": 2, "众多": 1, "意味着": 3, "采购": 1, "主顾": 1, "只能": 1, "原本": 2, "订单": 1, "跑": 1, "跑到": 1, "这不": 1, "亚于": 1, "资敌": 1, "正是": 1, "迫不及待": 1, "重修": 1, "求生欲": 2, "网友": 1, "笑": 1, "早干": 1, "重要性": 1, "当初": 1, "老": 1, "嚣张": 1, "新鲜": 1, "科技": 6, "资讯": 1, "~": 1, "手机": 40, "努力": 1, "销量": 4, "节节": 1, "攀升": 1, "品质": 2, "坚实": 1, "硬": 1, "实力": 1, "跻身": 1, "前列": 2, "面向": 2, "用户群": 2, "细分": 1, "人群": 1, "Mate": 6, "P系列": 8, "荣耀": 6, "不错": 1, "单独": 2, "拉": 1, "做成": 1, "子品牌": 1, "阵营": 1, "单一": 1, "风格": 6, "本质": 1, "高达": 1, "5": 1, "毕竟": 2, "买": 4, "之间": 2, "差异": 1, "合适": 1, "旗舰": 3, "基本上": 1, "款": 1, "都会": 4, "搭载": 1, "当下": 2, "配": 2, "处理器": 3, "麒麟": 2, "新款": 1, "必将": 1, "新品": 1, "首次": 1, "商务风": 1, "标签": 1, "成熟": 1, "内敛": 1, "稳重": 1, "独有": 1, "特色": 1, "人士": 1, "首选": 5, "无疑": 3, "零一": 1, "朋友": 1, "拍照": 8, "能力": 4, "专有": 1, "定位": 2, "在乎": 1, "偏向": 1, "时尚": 3, "年轻化": 1, "追求": 1, "动感": 1, "独爱": 1, "选择": 1, "主打": 3, "中端": 1, "用户": 6, "群体": 2, "消费": 2, "力度": 1, "适中": 1, "多变": 1, "外观": 3, "中上游": 2, "硬件": 3, "配置": 2, "常年": 1, "霸占": 1, "排行榜": 2, "第一": 4, "在意": 2, "潮流": 2, "花": 1, "Nova": 4, "年轻": 2, "Nova历代": 1, "代言人": 1, "方向": 2, "采用": 1, "鲜明": 1, "靓丽": 1, "配色": 1, "符合": 1, "爱": 1, "级别": 1, "独特": 1, "吸引": 1, "一大": 1, "票": 1, "女性": 1, "粉丝": 1, "女生": 1, "畅享": 4, "价格": 3, "千元机": 2, "放弃": 1, "实惠": 1, "中下游": 1, "五大": 1, "解析": 1, "选": 1, "评论区": 1, "留言": 1, "小编": 1, "量身定做": 1, "方案": 1, "本文": 1, "技巧": 2, "汇": 1, "首发": 1, "未经": 1, "许可": 1, "精彩": 1, "喜欢": 1, "百家号": 1, "独家": 1, "内容": 1, "央视": 2, "新闻": 3, "记者": 1, "G20": 4, "闭幕": 2, "记者会": 6, "特朗普": 17, "出售": 8, "零部件": 4, "实体名单": 2, "亟需": 1, "回顾": 1, "事件": 1, "5月": 2, "16日": 1, "列入": 2, "管制": 1, "美企": 1, "相关": 3, "随后": 2, "中断": 1, "包括": 4, "提供": 4, "Android": 1, "；": 4, "21日": 1, "延迟": 1, "90": 1, "实施": 6, "8月": 1, "中旬": 1, "生效": 3, "理由": 2, "商业": 1, "伙伴": 1, "时间": 8, "软件": 1, "合同": 1, "义务": 1, "29日": 2, "或许": 2, "松": 1, "一口气": 1, "做好": 1, "签字": 1, "口头": 1, "算": 1, "尘埃落定": 1, "听": 1, "观": 1, "推特": 1, "其行": 1, "此前": 2, "曝光": 1, "着急": 1, "26日": 1, "副董事长": 1, "胡厚崑": 1, "MWC19": 1, "期间": 1, "采访": 1, "安卓": 1, "生态": 1, "坚定": 1, "支持者": 1, "中国": 8, "老话": 1, "亮": 1, "亮相": 1, "Plan": 1, "B": 1, "就说": 1, "消息": 1, "7月": 1, "1起": 1, "P30": 13, "Pro": 5, "机主": 1, "享受": 2, "金卡": 2, "专属": 2, "权益": 1, "保修期": 2, "内": 2, "延保": 1, "享": 1, "免费": 2, "保养": 1, "小时": 1, "快修": 1, "热线": 1, "中心": 3, "贴膜": 1, "顾问": 1, "清扫": 1, "垃圾": 1, "清理": 1, "内存": 1, "检测": 1, "远离": 1, "病毒": 1, "侵害": 1, "清洁": 2, "紫外线": 1, "消毒柜": 1, "+": 1, "全身": 1, "一代": 1, "势头": 1, "迅猛": 1, "日前": 1, "截止": 1, "2019年": 4, "20日": 1, "85": 1, "出货量": 1, "一千万": 2, "台": 2, "P20": 1, "提前": 1, "62": 1, "谈及": 1, "口碑": 1, "表现": 2, "消费者": 1, "何刚": 1, "好评": 2, "潮": 1, "关键词": 1, "体现": 1, "航长": 1, "充电快": 1, "流畅": 2, "诸如": 1, "真的": 1, "优秀": 1, "40": 1, "分钟": 1, "95%": 1, "很多": 3, "印象": 1, "终端": 1, "实验室": 1, "智能": 3, "质量": 2, "夺得": 1, "综合": 2, "评测": 3, "3500+": 2, "档位": 2, "第三": 1, "视频": 1, "专题": 2, "五星": 2, "评价": 2, "悬念": 1, "拿下": 1, "游戏": 1, "快": 1, "作者": 1, "朝晖": 1, "民族": 1, "领先于": 1, "过硬": 1, "可靠": 1, "先进": 2, "立于": 1, "市场不败之地": 1, "法宝": 1, "2018年": 1, "总体": 1, "业绩": 1, "可观": 1, "超额": 1, "既定": 1, "目标": 2, "荣获": 1, "宝座": 1, "局势": 1, "稍微": 1, "紧张": 3, "发展": 3, "国家": 8, "担心": 1, "当地": 6, "建设": 5, "制约": 2, "同盟": 1, "距离": 1, "时代": 3, "大势": 1, "改变": 2, "社会": 1, "简单": 3, "速度": 1, "高效": 1, "城市": 1, "运输": 1, "生活": 1, "改善": 1, "财力": 1, "物力": 1, "改进": 1, "指明": 1, "支持": 2, "同意": 4, "零件": 3, "移除": 1, "作出": 1, "贡献": 2, "举措": 2, "施展": 1, "空间": 1, "星期": 1, "分批": 1, "涉及": 2, "数以百万": 1, "美元": 1, "计": 1, "得以": 1, "生产": 3, "服务器": 1, "远大": 1, "原有": 1, "超过": 1, "iPhone": 1, "三星": 1, "抗争": 1, "段": 1, "搁置": 1, "陆续": 1, "供给": 1, "笔记本": 2, "产业": 4, "增加": 1, "输出": 1, "看似": 1, "解救": 1, "实则": 1, "未来": 2, "供应": 4, "海思": 4, "挺身而出": 1, "正式": 1, "主体": 1, "恢复": 1, "少量": 1, "解禁": 2, "示好": 1, "半导体": 1, "巨头": 1, "台阶": 1, "可谓": 1, "一箭双雕": 1, "本身": 2, "透露": 1, "早": 1, "OS": 1, "打通": 1, "车联网": 1, "互联网": 1, "物流网": 1, "关键": 1, "环": 1, "UI": 1, "设计": 1, "稳定": 1, "兼容": 1, "慢慢": 1, "适配": 1, "更为": 1, "前行": 1, "重点": 1, "元年": 1, "推进": 1, "实在": 1, "此次": 1, "预示": 1, "希望": 2, "层面": 2, "创新": 1, "实质": 1, "期待": 1, "快速": 1, "变化": 1, "元首": 1, "会晤": 1, "结束": 1, "总统": 1, "销售": 1, "中方": 2, "对此": 1, "意外": 1, "卖给": 4, "制造": 3, "各种各样": 1, "这是": 1, "接下来": 1, "科学": 1, "拥有": 1, "实际上": 1, "硅谷": 2, "难以": 1, "执行": 4, "——": 1, "彭博社": 3, "补充": 1, "地方": 1, "就业": 1, "卖": 1, "值得": 1, "后续": 1, "更新": 1, "此事": 1, "放到": 1, "贸易": 1, "协议": 1, "谈判": 1, "进展": 1, "说法": 1, "外交部": 2, "特使": 2, "经济司": 2, "司长": 2, "王小龙": 5, "美方": 6, "说到做到": 4, "私营": 2, "信息": 2, "处于": 2, "位置": 2, "参与": 2, "开发": 2, "起到": 2, "超出": 1, "经济": 1, "范畴": 1, "肯定": 3, "‘": 1, "输": 1, "’": 1, "局面": 1, "下午": 2, "同日": 1, "代表团": 1, "中外": 1, "吹风会": 2, "发布会": 2, "解除": 2, "讲到": 1, "运营": 1, "延伸": 1, "阅读": 1, "白宫": 3, "官员": 1, "写信": 2, "国会": 3, "延期": 5, "禁华": 1, "沃特": 6, "谈": 1, "路透社": 3, "10日": 1, "预算": 1, "办公室": 1, "代理": 1, "主管": 1, "措施": 1, "往来": 1, "供应商": 2, "调整": 2, "去年": 1, "国防": 3, "授权": 2, "法案": 2, "法律": 1, "为由": 1, "联邦": 1, "不许": 1, "承包商": 4, "商用": 1, "年后": 2, "提起": 1, "诉讼": 1, "提出": 2, "额外": 1, "进一步": 1, "细则": 1, "写给": 1, "信中": 1, "4": 1, "承包商们": 1, "排除": 1, "仓促": 1, "伤及": 1, "数量": 1, "大幅": 1, "减少": 1, "美国商务部": 1, "回": 1, "北晚": 1, "视觉": 1, "环球网": 1, "流程": 1, "编辑": 1, "TF021": 1}