{"本文": 1, "编译": 1, "Android": 8, "Authority": 1, "原文": 1, "标题": 1, "How": 1, "Huawei": 1, "release": 1, "phones": 1, "Google": 2, "apps": 1, "众所周知": 1, "美国": 1, "华为": 24, "贸易": 2, "制裁": 1, "影响": 5, "性能": 2, "出众": 1, "Mate": 3, "30": 1, "Pro": 1, "西方": 2, "亮相": 1, "缺少": 1, "程序": 2, "依赖": 3, "Play": 2, "Store": 1, "谷歌": 7, "服务": 2, "(": 6, "GMS": 22, ")": 6, "折叠": 1, "X": 9, "中国": 4, "推出": 2, "体验": 1, "手机": 17, "行业": 2, "最新": 2, "技术": 2, "不幸": 1, "找到": 1, "替代": 1, "方法": 6, "AppGallery": 1, "吸引": 1, "开发者": 1, "用户": 1, "提供": 1, "足够": 1, "App": 1, "才能": 1, "弥补": 1, "缺失": 1, "带来": 1, "第三方": 2, "安装": 3, "很快": 1, "抹杀": 1, "基于": 1, "还要": 1, "禁令": 3, "发布": 8, "预装": 5, "设备": 10, "弊端": 1, "荣耀": 11, "9": 8, "展示": 1, "评测": 1, "提及": 1, "款": 5, "欧洲版": 1, "版": 3, "硬件": 12, "略": 1, "变化": 1, "欧版": 4, "9X": 1, "搭载": 1, "麒麟": 2, "710F": 2, "处理器": 2, "麒麟810": 1, "；": 2, "指纹": 2, "扫描仪": 1, "位置": 1, "摄像头": 1, "原因": 1, "事实": 1, "证明": 1, "华为P": 1, "Smart": 1, "Z是": 1, "很": 2, "后者": 1, "2019年": 2, "5月": 3, "首款": 1, "带有": 1, "弹出式": 1, "前置": 1, "相机": 4, "智能": 1, "很多": 1, "包括": 3, "、": 7, "6.59": 1, "英寸": 1, "显示屏": 1, "后置": 1, "传感器": 1, "4000": 1, "mAh": 1, "电池": 1, "实际上": 1, "规格": 2, "内存": 3, "配置": 4, "外观": 5, "设计": 2, "上都": 1, "升级": 6, "共享": 1, "型号": 4, "罕见": 1, "Nova": 3, "5T": 3, "都": 6, "认证": 10, "进一步": 1, "探究": 1, "安卓": 1, "产品": 2, "工作": 1, "想要": 2, "制造商": 3, "申请": 1, "许可证": 1, "分销": 1, "协议": 1, "MADA": 3, "兼容性": 4, "测试": 11, "——": 4, "过程": 2, "套件": 2, "CTS": 3, "验证": 1, "软件": 2, "api": 1, "GTS": 1, "供应商": 1, "Suite": 1, "VTS": 2, "多媒体": 1, "功能": 7, "操作": 4, "系统": 4, "内核": 1, "HAL": 1, "一点": 1, "介质": 1, "版本": 2, "运行": 1, "一般来说": 1, "工程机": 1, "开发": 1, "人员": 1, "更改": 2, "变动": 1, "说到": 1, "软硬件": 1, "小规模": 1, "关心": 1, "支持": 1, "所需": 1, "理论": 1, "讲": 1, "更换": 1, "未经": 1, "授意": 1, "电信": 1, "专用": 1, "区域性": 1, "也就是说": 1, "附在": 1, "运营商": 1, "地区": 1, "最终": 2, "消费": 1, "名称": 1, "简而言之": 1, "内部": 1, "市场": 1, "一部分": 1, "自由": 1, "改变": 2, "组件": 1, "想": 1, "公司": 1, "代表": 1, "回答": 1, "指出": 1, "目标": 1, "受众": 1, "Magic": 1, "UI": 1, "EMUI": 2, "翻版": 1, "并非": 1, "万无一失": 1, "新机": 1, "方式": 1, "也许": 1, "五": 1, "长": 1, "利用": 1, "旧": 4, "机型": 1, "年后": 1, "旗舰": 2, "下放": 1, "中端": 1, "常见": 1, "适用于": 1, "很少": 1, "消费者": 2, "旗舰机": 1, "价格": 1, "感": 2, "兴趣": 2, "至少": 1, "摄影": 1, "情况": 1, "这样一来": 1, "破坏": 1, "可行": 2, "重用": 1, "调整": 1, "长期": 1, "解决": 2, "方案": 1, "section": 1, "4.3": 1, "显示": 1, "OS": 1, "更新": 3, "审批": 1, "幸运": 1, "P30": 1, "系列": 3, "P20": 1, "10": 2, "未来": 1, "测试版": 1, "11": 1, "办法": 1, "美": 1, "谈判": 1, "拿到": 1, "授权": 1, "不行": 1, "一个": 1, "发展": 1, "HMS": 1}