{"中国": 7, "努力": 1, "全球": 16, "科技": 10, "创新": 52, "中心": 3, "国际": 3, "竞争": 4, "激烈": 3, "行业": 19, "企业": 27, "主导": 1, "推动": 3, "迫切": 1, "比如说": 1, "电信": 1, "、": 78, "电子": 3, "高科技": 2, "制造业": 1, "不少": 5, "走向": 1, "全球化": 1, "运营": 2, "内": 3, "布局": 9, "纷纷": 3, "国外": 3, "设立": 2, "研发": 5, "机构": 6, "近日": 3, "各国": 1, "媒体": 3, "关注": 5, "华为": 251, "这家": 2, "公司": 18, "为数不多": 1, "投入": 4, "巨头": 1, "媲美": 1, "技术": 51, "专利": 10, "位居": 1, "世界": 9, "第一": 6, "美国": 21, "压力": 1, "铺开": 1, "网络": 4, "增添": 1, "不确定性": 1, "4": 3, "提出": 3, "2.0": 13, "成立": 6, "战略": 7, "研究院": 7, "统筹": 3, "落地": 3, "院长": 1, "徐文伟": 3, "接受": 3, "麻省": 2, "理工": 2, "评论": 6, "独家": 1, "专访": 1, "采访": 3, "期间": 3, "持续": 1, "客户": 4, "提供": 7, "优质": 1, "产品": 18, "服务": 5, "合作": 13, "伙伴": 1, "奋力": 1, "前行": 1, "科学": 2, "边界": 4, "本质": 2, "讲": 1, "开放": 4, "未来": 28, "年内": 1, "多变": 1, "局势": 1, "一个": 34, "值得": 3, "观察": 1, "范本": 1, "来源": 7, "：": 22, "发布": 12, "2019": 1, "50": 2, "聪明": 1, "TR50": 1, "榜单": 3, "推出": 7, "首款": 2, "频段": 1, "5G": 11, "芯片": 26, "Balong": 1, "5000": 2, "入围": 1, "当天": 1, "颁奖": 1, "典礼": 1, "发表": 2, "领航": 2, "演讲": 2, "详细": 1, "阐释": 1, "突破": 9, "背后": 4, "观念": 1, "实践": 2, "指出": 1, "相比于": 3, "侧重": 1, "基于": 7, "工程": 6, "1.0": 5, "致力": 1, "基础理论": 3, "基础": 15, "发明": 9, "5": 15, "10": 2, "大学": 26, "实验室": 6, "3": 1, "亿": 3, "美元": 3, "投资": 11, "Healthcare": 1, "光计算": 3, "DNA": 6, "存储": 8, "领域": 16, "DeepTech": 1, "全文": 1, "原意": 1, "删改": 1, "都": 39, "管理": 1, "解决": 13, "方案": 10, "分享": 2, "理念": 1, "方法": 2, "最新": 3, "进展": 1, "面向": 6, "计划": 1, "举措": 1, "发展": 21, "引领": 4, "70": 1, "年前": 1, "香农": 1, "定理": 1, "6G": 1, "摩尔": 1, "定律": 1, "瓶颈": 7, "方向": 8, "引路者": 1, "感到": 1, "迷茫": 3, "处于": 1, "迷航": 1, "肯定": 4, "1": 5, "N": 3, "定义": 2, "——": 2, "现有": 1, "理论": 10, "需求": 4, "快速": 2, "增长": 2, "去年": 4, "收入": 2, "1085": 1, "极限": 2, "接近": 1, "改进": 1, "通信": 4, "包括": 8, "研究": 30, "成功": 3, "核心": 13, "当下": 2, "热门": 1, "元年": 1, "业界": 1, "做法": 1, "3G": 3, "建": 3, "4G": 3, "一代": 1, "运营商": 2, "太": 7, "2005": 1, "尝试": 1, "2G": 2, "合一": 2, "加上": 8, "设备": 5, "支持": 11, "不用": 3, "重复": 1, "建设": 2, "找": 4, "很多": 9, "地方": 3, "建基站": 1, "节约": 1, "成本": 2, "维护": 2, "SingleRan": 1, "丨": 2, "手机": 60, "不错": 1, "摄像头": 6, "首次": 1, "人工": 1, "智能": 14, "嵌入": 1, "折叠式": 1, "数学": 5, "算法": 3, "刚才": 1, "之间": 2, "第二": 5, "买": 8, "商用": 1, "支撑": 3, "买到": 1, "很": 19, "贵": 2, "三": 4, "落后": 2, "早": 6, "1991": 1, "设计": 7, "ASIC": 1, "器件室": 1, "海思": 17, "强大": 2, "来自于": 1, "刚刚": 1, "积累": 1, "第三": 3, "材料": 5, "生产": 2, "各种各样": 2, "环境": 4, "沿海": 1, "高山": 1, "污染": 1, "生锈": 1, "腐蚀": 2, "30": 2, "积淀": 1, "抗": 1, "第四": 1, "散热": 6, "工作": 4, "温度": 3, "室外": 1, "基站": 3, "时间": 14, "经历": 1, "度": 4, "40": 1, "低": 7, "安装": 2, "风扇": 2, "石墨烯": 1, "电池": 8, "效率": 1, "大幅": 2, "提升": 2, "体积": 1, "降低": 2, "30%": 2, "才能": 4, "就要": 2, "60": 1, "1995": 1, "俄罗斯": 1, "研究所": 2, "2016": 1, "巴黎": 1, "才": 3, "外在": 1, "优秀": 2, "通讯": 1, "想要": 3, "这是": 8, "假设": 7, "具备": 2, "万物": 3, "互联": 1, "感知": 1, "特征": 1, "愿景": 7, "出发": 2, "生活": 2, "娱乐": 2, "保健": 2, "带": 4, "捕捉": 2, "商业": 2, "机会": 2, "期望": 3, "孵化": 2, "出新": 2, "产业": 8, "形态": 2, "源头": 1, "学术界": 3, "力量": 2, "综合": 2, "众多": 2, "专家": 2, "采用": 9, "开放式": 2, "利用": 2, "资源": 3, "能力": 2, "共享": 2, "包容式": 2, "成果": 5, "全人类": 1, "享有": 1, "工业界": 3, "联合": 5, "+": 12, "驱动": 2, "方法论": 1, "五": 3, "全世界": 4, "模式": 5, "基金": 2, "资助": 1, "教授": 4, "社会": 4, "公开": 4, "文章": 1, "点亮": 3, "针对": 1, "选择": 2, "建立": 3, "丨华": 1, "有人": 3, "质疑": 1, "担心": 2, "利益": 1, "留下": 1, "带走": 1, "不对": 1, "商品": 2, "回馈": 1, "盈利": 1, "投到": 1, "学校": 1, "转化": 1, "最终": 1, "消费者": 6, "价值": 2, "挑战": 4, "告诉": 1, "实际上": 4, "共赢": 1, "IP": 1, "拿走": 1, "获利": 1, "互惠": 1, "互利": 1, "判断": 4, "原因": 2, "；": 1, "资金": 1, "经费": 1, "思想": 1, "风险": 3, "资本": 3, "信念": 1, "三者": 1, "创造": 1, "阶段": 3, "引进": 1, "人才": 1, "项目": 2, "进一步": 1, "科研": 1, "照亮": 2, "事情": 4, "趋势": 1, "规划": 1, "围绕": 3, "信息": 4, "流程": 1, "发掘": 1, "计算": 11, "传送": 2, "呈现": 1, "消费": 2, "显示": 6, "光场": 1, "类脑": 1, "可见光": 1, "工艺": 2, "超材料": 1, "原子": 1, "制造": 2, "件": 2, "健康": 9, "拉通": 1, "周边": 1, "穿戴": 2, "简单": 2, "测血压": 1, "血糖": 1, "成熟": 3, "相关": 4, "智慧": 4, "马桶": 1, "自动": 2, "分析": 3, "用户": 13, "排泄物": 1, "情况": 7, "量子": 3, "热": 1, "途径": 1, "通往": 1, "形式": 1, "天然": 1, "特性": 3, "干涉": 1, "模拟": 3, "某种": 1, "程度": 1, "也许": 1, "快": 5, "本身": 1, "光子": 1, "前途": 1, "数据": 6, "立方": 1, "毫米": 1, "700": 1, "TB": 1, "公斤": 1, "写": 1, "速度": 4, "读": 1, "花": 1, "长": 2, "欣欣向荣": 1, "至少": 1, "无用": 2, "大用": 1, "探索": 1, "未知": 1, "新世界": 1, "勇敢": 1, "航向": 1, "前人": 1, "未": 1, "！": 8, "安卓": 15, "称": 4, "系统": 33, "风波": 2, "导致": 1, "平息": 1, "外界": 2, "议论": 2, "正式": 5, "自主": 3, "研制": 1, "鸿蒙": 22, "国民": 2, "呼声": 1, "消息": 6, "无比": 1, "赞叹": 1, "骄傲": 1, "过后": 2, "曝出": 1, "出使": 1, "搞": 3, "状况": 1, "互联网": 4, "热烈": 1, "猜疑": 1, "不解": 1, "闹": 4, "沸沸扬扬": 1, "系列": 12, "举动": 1, "失望": 2, "感觉": 1, "热点": 1, "热度": 1, "处在": 1, "降": 2, "状态": 1, "起因": 1, "今日": 4, "董事长": 4, "梁华": 4, "原本": 2, "物联网": 7, "开发": 2, "生态": 9, "首选": 6, "一经": 1, "流出": 1, "铺天盖地": 1, "冷嘲热讽": 3, "喷涌": 1, "而出": 1, "透露": 4, "用于": 1, "相比": 6, "60%": 1, "一点": 2, "槽点": 1, "吐槽": 1, "如今": 1, "操作": 8, "打脸": 1, "大话": 1, "炒作": 1, "负面": 1, "各式各样": 1, "嘲讽": 1, "多么": 1, "厉害": 1, "还要": 2, "矛盾": 1, "形象": 3, "落井下石": 1, "毕竟": 4, "民族": 2, "进退": 1, "一点点": 1, "争议性": 1, "作出": 2, "正确": 1, "确实": 1, "短": 2, "改变": 1, "市场": 15, "难": 1, "理解": 1, "近期": 3, "感度": 1, "无非": 1, "争议": 1, "难怪": 1, "过激": 1, "关注度": 1, "信赖度": 1, "抱有": 1, "小编": 2, "名声": 1, "仅仅": 1, "影响": 6, "理智": 1, "做出": 2, "初出茅庐": 1, "老江湖": 1, "决策": 1, "深意": 1, "名": 2, "动态": 1, "看法": 1, "5月份": 2, "实体": 2, "清单": 2, "细算": 1, "说华": 1, "最为": 2, "艰难": 1, "事件": 2, "发生": 2, "最初": 1, "公布": 2, "备胎": 2, "神奇": 1, "般的": 1, "扳回": 1, "局": 1, "禁令": 1, "天后": 1, "90": 1, "缓冲期": 1, "断断续续": 1, "恢复": 2, "往常": 1, "关心": 2, "网友们": 6, "这一切": 1, "变化": 1, "稳妥": 1, "没事": 1, "想必": 2, "笔者": 5, "始终": 1, "答案": 1, "7月": 3, "12日": 3, "上午": 2, "保证": 6, "网友": 3, "放心": 1, "可持续": 1, "大会": 3, "上半年": 1, "业务": 5, "主力": 2, "供货": 1, "一句话": 1, "提气": 1, "活": 2, "越来越": 2, "华为人为": 1, "振奋": 1, "鼓舞": 1, "自信": 1, "业绩": 2, "本月": 2, "月底": 1, "运转": 1, "反增": 1, "供应": 2, "大好": 1, "移除": 1, "松口": 1, "好事": 1, "结束": 3, "下周一": 1, "品类": 1, "暂时": 1, "称之为": 1, "电视": 36, "全新": 2, "终端": 2, "颠覆": 1, "传统": 3, "猜测": 1, "举办": 1, "开发者": 1, "必将": 1, "重点": 1, "走": 1, "条": 1, "路": 2, "中断": 1, "苹果": 1, "拍照": 5, "实力": 7, "三星": 1, "高通": 3, "AI": 4, "国产": 2, "品牌": 15, "打造": 3, "通用": 1, "平台": 2, "软件": 2, "完整": 1, "一整套": 1, "适配": 1, "预测": 1, "2020年": 1, "收获": 1, "拭目以待": 1, "荣耀": 26, "提交": 1, "商标": 6, "申请": 4, "网上": 2, "曝光": 1, "大屏": 2, "智屏": 1, "智慧屏": 1, "Vision": 1, "详情": 1, "2019年": 3, "申请人": 2, "有限公司": 3, "▌荣耀": 1, "进军": 3, "新闻": 1, "频频": 1, "爆出": 1, "报道": 1, "2018年": 2, "11月": 1, "总裁": 2, "赵明": 1, "乌镇": 1, "同年": 1, "12月": 1, "保护": 1, "Window": 1, "液晶": 2, "面板": 1, "电视机": 2, "3月": 1, "14日": 1, "CEO": 1, "余承东": 2, "AWE": 1, "功能": 6, "样板": 1, "供应链": 1, "高层": 1, "55": 3, "寸": 4, "65": 2, "款": 14, "屏幕": 8, "供应商": 2, "京东方": 2, "华星": 1, "光电": 1, "目标": 1, "销售": 5, "1000": 1, "台": 3, "配备": 3, "游戏": 10, "社交": 1, "5月": 1, "国家": 3, "质量": 2, "认证": 2, "页面": 1, "型号": 2, "OSCA-550": 1, "(": 7, "英寸": 3, ")": 7, "29": 1, "生产厂": 1, "合肥": 1, "视讯": 1, "内部": 2, "15日": 1, "日期": 1, "8月": 1, "9月": 1, "据悉": 1, "装备": 1, "模块": 1, "分辨率": 2, "8K": 1, "下载": 1, "容量": 4, "内容": 1, "任意": 1, "观看": 1, "360": 1, "视频": 3, "VR": 1, "节目": 2, "上市": 7, "▌": 2, "小米": 6, "较量": 1, "底气": 3, "说到": 1, "不得不": 1, "提": 1, "占据": 3, "渠道": 2, "大壁江山": 1, "出货量": 1, "893万": 1, "国内": 4, "756万": 1, "全年": 1, "增幅": 1, "229%": 1, "势必": 2, "对手": 2, "展开": 1, "差别": 1, "播放": 1, "类似于": 1, "卸载": 1, "接入": 1, "第三方": 2, "服务商": 1, "增值": 1, "信号": 1, "解码": 1, "运行": 2, "处理器": 11, "高性能": 4, "行内": 1, "佼佼者": 1, "权威": 1, "3751": 1, "V600": 1, "hi3751": 1, "V510": 1, "份额": 1, "优势": 1, "所在": 1, "一直以来": 1, "百分之百": 1, "全资": 1, "控股": 1, "子公司": 1, "领导": 1, "说法": 1, "何庭波": 1, "年底": 1, "官网": 1, "高调": 1, "展示": 2, "4K/8K": 1, "A73": 1, "架构": 2, "双核": 1, "4K": 1, "入门级": 1, "中央": 1, "...": 1, "知识产权": 1, "产品线": 2, "nova": 16, "中高端": 1, "年轻": 1, "人群": 2, "女性": 2, "半年": 2, "家族": 1, "迎来": 1, "成员": 1, "nova5": 18, "Pro": 19, "定位": 2, "准旗": 1, "舰级": 1, "体验": 8, "表现": 9, "到底": 5, "评测": 1, "环节": 1, "颜值": 4, "6.39": 1, "OLED": 1, "水": 2, "滴屏": 2, "屏占比": 1, "高达": 4, "91%": 1, "FHD": 1, "级别": 1, "全DC": 1, "调光": 1, "一共": 2, "拥有": 5, "绮境": 1, "森林": 1, "绿": 1, "仲夏紫": 1, "珊瑚": 1, "橙": 1, "亮": 1, "黑色": 1, "四": 3, "颜色": 1, "机身": 2, "纤薄": 1, "轻便": 1, "7.33": 2, "重量": 2, "171g": 1, "指纹": 9, "实测": 1, "解锁": 2, "很快": 1, "成功率": 1, "后置": 6, "电容式": 1, "减少": 1, "开孔": 1, "背面": 2, "美感": 1, "干扰": 1, "后盖": 1, "3D": 1, "精雕": 1, "整体": 4, "晶莹剔透": 1, "握感": 1, "舒适": 1, "轻巧": 1, "把玩": 1, "累": 1, "4一": 1, "麒麟": 13, "980": 10, "含": 1, "69亿": 1, "颗": 5, "晶体管": 1, "首发": 1, "Cortex-A76": 1, "主频": 3, "2.6GHz": 1, "1.9GHz": 1, "能效": 2, "大核": 1, "1.8GHz": 1, "小核": 1, "2+2+4": 1, "7": 1, "810": 1, "性能": 14, "出色": 2, "提高": 1, "搭载": 6, "GPU": 3, "Turbo": 1, "3.0": 1, "深度": 1, "优化": 1, "高帧率": 1, "耗电": 1, "轻薄": 1, "内置": 1, "一块": 4, "3500": 1, "mAh": 4, "足以": 1, "常规": 1, "强度": 1, "一整天": 1, "续航": 2, "40W": 2, "10V/4A": 1, "超级": 2, "闪充": 1, "半": 1, "小时": 1, "冲入": 1, "超过": 3, "80%": 1, "电量": 1, "夸张": 1, "自拍": 4, "前置": 4, "相机": 2, "3200万": 1, "超高像素": 1, "f/2.0": 1, "光圈": 5, "像素": 4, "四合一": 1, "弱光": 1, "单位": 1, "感光": 2, "面积": 1, "1.6μm": 1, "光滑": 1, "AI美型": 1, "肤色": 1, "多种": 1, "美颜": 1, "人像": 1, "夜景": 1, "人景": 1, "硬件": 3, "先进": 1, "影像": 1, "夜间": 1, "光源": 1, "拍出": 1, "摄": 2, "4800万": 1, "素主": 1, "f/1.8": 1, "＋": 1, "1600万": 1, "超广角": 1, "f/2.2": 1, "200万": 2, "微距": 5, "f/2.4": 2, "素虚化": 1, "镜头": 2, "照片": 2, "均": 1, "拍摄": 3, "样张": 1, "值得一提的是": 1, "独立": 2, "cm": 1, "摄影": 1, "放在": 2, "选项": 1, "放大镜": 1, "放大": 1, "细微": 1, "物体": 2, "适合": 1, "用来": 2, "花蕊": 1, "工艺品": 1, "昆虫": 1, "摄影样": 1, "本次": 1, "快充": 1, "高端": 1, "NFC": 1, "HUAWEI": 1, "Share": 1, "碰传": 1, "车": 1, "钥匙": 1, "出行": 1, "带来": 1, "便利": 1, "售价": 7, "8GB": 4, "128GB": 4, "2999": 1, "元": 6, "256GB": 1, "3399": 1, "版本": 1, "2799": 1, "nova5i": 6, "6GB": 1, "1999": 1, "2199": 1, "市面": 1, "发售": 1, "机型": 5, "尤其是": 3, "暑假": 1, "新机": 1, "打算": 1, "朋友": 1, "挑选": 2, "好多": 2, "刚": 2, "高考": 2, "学生": 1, "党": 1, "线下": 5, "购买": 4, "听": 1, "忽悠": 1, "麒麟710": 6, "吹": 1, "价格": 5, "偏": 3, "到手": 2, "实在": 6, "划算": 1, "推荐": 2, "性价比": 4, "最低": 2, "nova4e": 17, "火热": 1, "夸": 1, "本来": 2, "妹妹": 1, "配置": 2, "上网": 1, "查": 1, "参数": 2, "坑": 1, "算": 5, "红米k20": 1, "差不多": 1, "实体店": 1, "总体": 2, "看华": 1, "线": 1, "差": 4, "加载": 1, "正面": 3, "6.15": 1, "LCD": 2, "材质": 1, "素质": 2, "水滴": 1, "识别": 1, "背部": 1, "千": 1, "档": 1, "mAh容量": 1, "vivo": 2, "3340": 2, "价位": 2, "可取": 1, "麦芒8": 10, "6月份": 1, "怀疑": 1, "麦芒": 2, "8": 2, "清理": 1, "库存": 2, "无论是": 1, "满意": 2, "Realmex": 1, "oppok3": 1, "骁龙": 18, "710": 2, "新出": 1, "IQ": 1, "OO": 1, "NEO": 1, "845": 3, "日常": 3, "开关": 1, "类型": 1, "APP": 1, "卡": 1, "玩": 2, "掉": 1, "帧卡顿": 1, "吃": 1, "鸡": 1, "开局": 1, "分秒必争": 1, "800": 1, "w像素": 2, "劝退": 1, "2400w+800w+200w": 1, "平平": 1, "5i华": 2, "唯一": 1, "败笔": 1, "不好": 1, "配色": 1, "令人满意": 1, "推荐度": 1, "挖": 1, "孔屏": 1, "水滴屏": 1, "舒服": 1, "屏占": 1, "4000": 1, "2400": 1, "2400w+800w+200w+200": 1, "水平": 1, "只能": 1, "中华": 1, "nova5i性": 1, "价比": 1, "喜欢": 1, "增加": 1, "预算": 2, "天使": 1, "科技馆": 1, "数码": 1, "资讯": 1, "原创": 1, "盗版": 1, "必究": 1, "图片": 1, "来源于": 1, "侵权": 1, "请": 1, "作者": 1, "删除": 1, "早前": 2, "一家": 1, "想": 6, "长远": 1, "唯有": 1, "丰厚": 1, "回报": 1, "爆料": 1, "深圳": 1, "驾驶": 1, "远程": 1, "医疗": 1, "时延": 1, "如果说": 1, "发现": 2, "半天": 2, "居然": 1, "说辞": 1, "出入": 1, "回顾": 1, "秋季": 1, "晚": 1, "明年": 1, "开春": 1, "万万": 1, "想到": 2, "副董事长": 1, "待定": 1, "为此": 3, "逗": 1, "打通": 1, "电脑": 1, "平板": 1, "汽车": 1, "统一": 1, "下一代": 1, "微内": 1, "核": 3, "字眼": 1, "摆脱": 1, "谷歌": 6, "真的": 2, "翻脸": 1, "欧洲": 1, "任正非": 6, "外媒": 1, "想象": 1, "替代": 1, "战场": 1, "支持者": 1, "贡献者": 1, "入口": 1, "10多": 1, "完善": 1, "经济": 1, "一体化": 1, "真心": 1, "撕破": 1, "脸": 1, "众所周知": 1, "之际": 1, "按奈": 1, "不住": 1, "伤": 1, "用户们": 1, "看待": 1, "致力于": 1, "我国": 2, "贡献": 1, "快要": 1, "手段": 1, "打击": 1, "制裁": 2, "没错": 1, "依赖": 1, "忙": 1, "稳定": 2, "终于": 2, "算账": 1, "收取": 4, "专利费": 4, "近些年": 1, "五千": 1, "项": 2, "一千多": 1, "专列": 1, "费用": 4, "封锁": 1, "反击": 2, "70亿": 1, "相当于": 1, "大半年": 1, "打响": 1, "枪": 1, "狠": 1, "角色": 1, "干": 1, "漂亮": 1, "出手": 2, "直击": 1, "心脏": 1, "招": 1, "伤筋动骨": 1, "竟然": 1, "厚颜无耻": 1, "议员": 1, "流氓": 1, "支付": 4, "赖掉": 1, "不利": 1, "最多": 1, "强求": 1, "子品牌": 1, "兄弟": 1, "区别": 3, "接下来": 2, "方式": 1, "厂商": 1, "常见": 1, "一般来说": 1, "尽可能": 1, "细分": 1, "商务": 1, "旗舰": 1, "担负": 1, "开拓": 1, "责任": 1, "中端": 1, "年轻化": 1, "占领": 2, "年龄": 1, "喜好": 1, "单独": 1, "在线": 1, "压": 1, "损伤": 1, "都会": 1, "线上": 1, "redmi": 1, "iQOO": 1, "oppo": 1, "realme": 1, "小觑": 1, "面对": 2, "扩展": 1, "海外": 1, "主流": 1, "一家人": 1, "元件": 1, "共用": 1, "旗舰机": 2, "段": 1, "下放": 1, "P30pro": 1, "方舟": 1, "编译器": 1, "pro上": 1, "局面": 1, "武器": 1, "分开": 1, "明了": 1, "层次": 1, "向前": 1, "855": 14, "无数": 1, "对比": 2, "以此": 1, "评判": 1, "孰强": 1, "孰弱": 1, "标准": 1, "鲁": 3, "大师": 3, "给出": 1, "麒麟980": 6, "差距": 2, "Q1": 1, "季度": 1, "排行": 3, "CPU": 2, "30万": 1, "总分": 1, "高居": 1, "排行榜": 2, "排": 1, "超频版": 1, "略逊一筹": 1, "出乎意料": 1, "博弈": 1, "输": 1, "不论是": 1, "跑分": 6, "远": 3, "不及": 2, "此番": 1, "安兔兔": 2, "难觅": 1, "踪": 1, "第14": 1, "V20": 1, "身影": 1, "对此": 1, "官方": 1, "EMUI": 1, "9": 1, "默认": 1, "打开": 2, "故而": 2, "此次": 1, "不得而知": 1, "二者": 2, "测试": 1, "Geekbench": 1, "单核": 2, "成绩": 2, "更为": 1, "148": 1, "1250": 1, "当初": 1, "对阵": 1, "发出": 1, "碾压": 1, "意料": 1, "之中": 1, "麒麟985": 1, "拉下": 1, "神坛": 1, "放": 1, "依旧": 1, "厂家": 2, "参差不齐": 1, "强过": 1, "相比而言": 1, "980手机": 2, "相差无几": 1, "优异": 1, "众": 1, "印象": 1, "强悍": 1, "更胜一筹": 1, "文/": 1, "潇潇": 1}