{"各家": 2, "新款": 7, "手机": 156, "晃花": 1, "眼": 1, "国产": 13, "争奇斗艳": 1, "小米": 14, "MIX3": 1, "登场": 1, "华为": 225, "Mate20": 10, "系列": 12, "、": 132, "苹果": 17, "iPhoneXS": 1, "ip2XR": 1, "陆续": 1, "开售": 1, "都": 35, "宣传": 1, "Mate20Pro": 3, "卖": 1, "火": 1, "机": 1, "难": 2, "局面": 1, "卖到": 2, "缺货": 3, "首次": 3, "进军": 1, "高端": 6, "市场": 20, "无论是": 1, "配置": 9, "价格": 21, "消费者": 2, "良心": 1, "热潮": 1, "退": 1, "部署": 1, "！": 31, "官方": 2, "Nova4": 4, "面世": 1, "曝光": 3, "信息": 3, "搭载": 3, "麒麟980": 2, "芯片": 11, "创新": 1, "设计": 11, "大众": 1, "失望": 1, "款": 28, "新品": 2, "主打": 5, "入门": 2, "畅享9": 4, "早年": 1, "国内": 10, "三星": 14, "国外": 3, "品牌": 15, "霸占": 1, "行业": 10, "冲击": 4, "提升": 2, "6000": 1, "元": 10, "很多": 14, "不满": 1, "太": 4, "贵": 6, "表现": 10, "中低端": 4, "3000": 1, "高过": 1, "销量": 6, "MatePro": 1, "习惯": 2, "享受": 1, "技术": 13, "体验": 2, "为此": 2, "推出": 2, "畅享": 8, "9": 3, ".": 1, "发布": 4, "家族": 1, "产品": 19, "9plus": 1, "max": 1, "围堵": 1, "消息": 1, "研发": 6, "机型": 4, "渲染图": 1, "定位": 1, "级别": 3, "采用": 8, "时尚": 3, "珍珠屏": 2, "水": 1, "滴屏": 1, "外观": 2, "目测": 1, "吸引": 1, "当下": 1, "年轻": 3, "女性": 1, "目光": 1, "背面": 1, "竖排": 1, "双摄": 2, "延续": 1, "一贯": 1, "风格": 1, "以往": 2, "定好": 1, "机身": 3, "塑料": 1, "材质": 5, "HD": 1, "+": 6, "分辨率": 1, "屏幕": 11, "尺寸": 1, "大概": 1, "6.26": 1, "英寸": 2, "处理器": 12, "高通": 12, "骁龙": 2, "450": 1, "加上": 3, "4GB": 1, "运存": 1, "64GB": 1, "存储": 3, "空间": 1, "电池": 6, "容量": 1, "4000": 1, "毫安": 1, "超大": 2, "系统": 5, "安卓": 3, "8.1": 1, "定制": 1, "前置": 4, "摄像头": 12, "摄": 3, "800万": 2, "像素": 8, "后置": 6, "1300万": 1, "200万": 1, "售价": 3, "1099": 1, "差": 4, "算": 7, "亮点": 4, "算是": 4, "千元机": 1, "少见": 1, "千": 3, "够用": 3, "9算是": 1, "低端": 1, "新机": 1, "发布会": 4, "开过": 1, "单独": 1, "一笔带过": 1, "近年来": 1, "互联网": 3, "科技": 21, "发展": 11, "带动": 1, "经济": 3, "中国": 32, "阶段": 2, "全球": 10, "第二": 8, "经济体": 1, "上都": 1, "实力": 7, "公司": 8, "想到": 4, "2016年": 1, "营收": 6, "突破": 3, "5000亿": 1, "未": 1, "上市": 2, "民营": 1, "企业": 10, "冠军": 2, "相关": 1, "数据": 7, "机构": 1, "统计": 2, "去年": 4, "6036亿": 1, "情况": 1, "竟": 1, "金额": 2, "找": 1, "第2": 1, "成立": 3, "至今": 1, "30多": 1, "一个": 18, "青年": 1, "创始人": 1, "任正非": 11, "74": 1, "岁": 3, "依然": 3, "奋斗": 1, "决策": 2, "一线": 1, "阿里巴巴": 1, "腾讯": 1, "京东": 1, "电商": 1, "分分钟": 1, "取代": 1, "哪家": 1, "取而代之": 1, "拥有": 4, "自信": 1, "成绩": 2, "人物": 1, "郑": 2, "宝用": 2, "自主": 2, "赚": 2, "6000亿": 2, "时代": 4, "更新换代": 1, "快": 3, "历史": 1, "中华": 1, "酷联": 1, "如今": 6, "经历": 2, "风霜": 1, "洗礼": 1, "屹立": 1, "挫": 1, "勇": 1, "很": 16, "压力": 1, "建立": 1, "王牌": 2, "蓝军": 9, "蛰伏": 1, "10多": 1, "背后": 3, "神秘": 1, "核心": 5, "部门": 5, "到底": 7, "唱": 1, "反调": 1, "模拟": 2, "外界": 1, "监督": 1, "舆论": 1, "自我批判": 1, "端正": 1, "董事会": 1, "成就": 2, "飘": 1, "内部": 1, "培养": 1, "人才": 1, "想": 5, "升官": 1, "打败": 1, "瓶颈": 1, "领导者": 1, "提到": 2, "先进": 1, "中流砥柱": 1, "通信": 2, "设备": 3, "获奖": 1, "无数": 4, "病": 1, "隐退": 1, "岗换": 1, "管理岗": 1, "基于": 1, "原本": 6, "从不": 1, "地方": 1, "找到": 2, "漏洞": 1, "提出": 1, "解决": 3, "引路": 1, "标杆": 1, "红军": 2, "战略": 1, "模式": 2, "创造": 1, "挑刺": 1, "才能": 1, "上线": 1, "严谨": 1, "姐姐": 1, "哥哥": 1, "终于": 4, "妾身": 1, "好久": 2, "动动": 2, "手指": 1, "留下": 1, "爱": 3, "记号": 1, "40": 2, "W快": 2, "18": 1, "重视": 1, "一家": 4, "通讯": 11, "制造": 4, "投入": 2, "加大": 1, "力度": 1, "慢慢": 1, "龙头": 1, "老大": 2, "成功": 3, "有目共睹": 3, "子公司": 2, "荣耀": 29, "年龄": 1, "人群": 1, "一共": 2, "第一": 7, "P20": 7, "才": 5, "mate20": 4, "mate": 1, "三": 7, "不仅仅": 1, "最新": 4, "麒麟": 6, "980": 3, "黑科技": 4, "最多": 1, "发现": 6, "满满": 1, "支持": 8, "40W": 3, "超级": 5, "快充": 5, "48W": 1, "原因": 2, "简单": 4, "便宜": 4, "投": 1, "0入": 1, "资金": 1, "必将": 1, "增加": 4, "成本": 4, "配件": 1, "势必": 1, "或许": 2, "放": 2, "明年": 1, "赠": 1, "玫瑰": 2, "手有余香": 1, "小编": 4, "文章": 3, "评论": 1, "份": 1, "收藏": 1, "如同": 1, "芬香": 1, "小手": 1, "芬芳": 1, "洒": 1, "人间": 1, "End": 1, "编辑": 1, "|": 2, "聊": 2, "HL": 2, "图片": 1, "来源于": 1, "网络": 1, "侵权": 1, "请": 2, "作者": 2, "删除": 1, "本文": 1, "原创": 1, "未经": 1, "禁止": 1, "转载": 1, "关注": 2, "想必": 1, "陌生": 1, "大浪淘沙": 1, "中兴": 2, "酷派": 1, "联想": 2, "四": 4, "巨头": 3, "剩下": 2, "这家": 1, "依旧": 2, "屹立不倒": 1, "这几年": 2, "OPPO": 4, "vivo": 4, "不错": 9, "性价比": 5, "方向": 1, "势头": 1, "最为": 4, "猛烈": 1, "蛋糕": 1, "吃": 1, "例外": 1, "开拓": 1, "抑制": 1, "快速": 1, "竞争": 3, "靠山": 1, "出色": 1, "运营": 1, "过后": 1, "高度": 1, "十一": 1, "强势": 1, "霸榜": 1, "荣获": 1, "单品": 1, "大卖": 1, "小卫": 2, "有趣": 1, "事情": 1, "出售": 1, "相差": 1, "麒麟970": 3, "六七千": 1, "两三千": 1, "印象": 1, "口碑": 3, "价值": 3, "低": 3, "Mate": 6, "P系列": 2, "随之": 1, "高涨": 1, "相比": 6, "成熟": 1, "影响": 1, "差距": 2, "网友": 1, "实验": 1, "玩": 1, "手游": 1, "感觉": 2, "档次": 2, "质": 1, "差别": 2, "拍照": 8, "系统论": 1, "拍摄": 5, "镜头": 3, "质量": 3, "成像": 1, "色彩": 1, "原度": 2, "感光": 1, "元件": 1, "相机": 3, "算法": 2, "遥远": 1, "举例": 1, "徕卡": 5, "工程师": 1, "调制": 1, "拍": 4, "照片": 2, "效果": 6, "这是": 2, "东西": 3, "一分钱一分货": 1, "做工": 1, "高出": 1, "参考": 1, "对比": 1, "硬件": 1, "办法": 1, "客观": 1, "考量": 1, "今日": 1, "话题": 1, "：": 39, "喜欢": 4, "买": 14, "留言": 1, "讨论": 1, "DIVI": 1, "挖": 1, "内幕": 1, "真话": 1, "咖": 1, "点击": 1, "右上角": 1, "带": 4, "真相": 1, "一猝不及防": 1, "惊叹": 1, "扫码": 4, "支付": 9, "带来": 1, "改变": 3, "二维码": 5, "过时": 1, "声": 2, "惊雷": 1, "正式": 5, "联合": 3, "银联": 2, "启动": 1, "POS": 7, "首批": 1, "试点": 1, "合作": 8, "看错": 1, "联手": 1, "反击": 1, "代表": 3, "水平": 1, "银行卡": 1, "风马牛不相及": 1, "拥抱": 1, "在一起": 1, "携手": 1, "跨界": 1, "打劫": 1, "构建": 1, "全新": 2, "生态圈": 1, "场": 2, "颠覆": 1, "碰": 3, "收单": 4, "城市": 1, "全国": 1, "拓展": 2, "POS机": 10, "8": 1, "上亿": 1, "台": 4, "潜在": 1, "涌现": 1, "方式": 2, "革命": 1, "兴起": 1, "形态": 1, "面临": 3, "二有人": 1, "也许": 3, "合二为一": 1, "本身": 1, "商家": 1, "开通": 1, "在线": 1, "服务": 2, "无需": 1, "不用": 3, "购买": 2, "扫码枪": 1, "对着": 1, "标签": 1, "立刻": 1, "弹出": 1, "窗口": 1, "输入": 1, "指纹": 3, "密码": 1, "验证": 3, "有人": 3, "摇身": 1, "究竟": 3, "原理": 1, "正是": 2, "Near": 1, "Field": 1, "Communication": 1, "近距离": 1, "无线": 3, "大部分": 4, "装": 1, "NFC": 2, "预计": 1, "未来": 3, "都会": 4, "功能": 5, "还要": 1, "面对面": 1, "手段": 1, "用途": 2, "商户": 2, "提供": 5, "场景化": 1, "购票": 1, "点餐": 1, "线上": 1, "线下": 1, "身份": 2, "认证": 1, "靠近": 1, "eID": 1, "读": 1, "卡器": 1, "即可": 1, "读取": 1, "用户": 2, "办理": 1, "酒店": 1, "入住": 1, "支付宝": 3, "微信": 3, "从未": 1, "这般": 1, "惶恐不安": 1, "搞": 1, "噱头": 1, "这次": 2, "银行": 1, "真枪实弹": 1, "要命": 1, "500": 1, "限额": 1, "一举": 1, "打破": 2, "旧": 1, "新的不来": 1, "省下": 1, "笔": 1, "钱": 2, "；": 10, "群众": 1, "百姓": 1, "便捷": 1, "高效": 2, "多样化": 1, "金融": 1, "搞定": 1, "亿万手机": 1, "亿万": 1, "兵": 1, "明白": 1, "世界": 8, "变化": 2, "一日千里": 1, "正使": 1, "坚固": 1, "脆弱": 1, "岿然不动": 1, "变动不居": 1, "仅仅": 2, "饭碗": 1, "砸": 1, "粉碎": 1, "生产": 2, "厂家": 2, "慌": 1, "便携式": 1, "卖给": 1, "枪": 2, "厂商": 4, "危险": 1, "靠着": 1, "波": 2, "红利": 1, "盆满钵满": 1, "无码": 1, "扫": 2, "勃": 1, "其亡": 1, "忽焉": 1, "收银员": 4, "消灭": 2, "一半": 2, "放出": 1, "黑天鹅": 2, "群": 1, "各行各业": 2, "新世界": 1, "记住": 1, "大潮": 1, "阻挡": 1, "顺应": 1, "潮流": 2, "乘势而上": 1, "背": 1, "抛弃": 2, "担忧": 1, "铁饭碗": 1, "破碎": 1, "提前": 1, "变革": 1, "千万": 1, "唐山": 1, "撤销": 1, "周边": 1, "路桥": 1, "收费站": 2, "工作": 1, "人员": 1, "36": 1, "收费": 1, "再见": 1, "名": 2, "老": 1, "讲": 1, "内心": 1, "自白": 1, "心路": 1, "历程": 2, "——": 2, "mate10": 5, "iPhoneXR": 5, "无奈": 4, "谈": 1, "身边": 1, "选择": 4, "预算": 1, "选华": 1, "确实": 3, "过程": 1, "自然": 3, "发热": 2, "段": 3, "时间": 4, "变得": 1, "异常": 2, "卡顿": 1, "续航": 1, "入行": 1, "此前": 3, "或者是": 1, "联发科": 2, "性能": 4, "控制": 1, "追究": 1, "情感": 1, "说到": 1, "想要": 2, "一番": 1, "心中": 1, "足以": 2, "抗衡": 1, "花": 2, "值得": 6, "丝毫": 1, "输": 1, "845": 1, "如愿以偿": 1, "超过": 4, "智能": 2, "笔者": 2, "感到": 2, "开心": 1, "增强": 1, "一路": 1, "飙升": 1, "好歹": 1, "当中": 2, "领头羊": 1, "称": 1, "旗舰": 10, "水滴屏": 1, "模块": 1, "6GB": 1, "64": 1, "GB": 1, "储存": 1, "组合": 2, "3999": 1, "太过于": 1, "昂贵": 1, "专业": 2, "知识": 2, "不爽": 2, "mate20Pro": 4, "居然": 1, "处于": 1, "状态": 1, "5399": 1, "主流": 1, "黄牛": 1, "盛行": 1, "公然": 1, "加价": 1, "售卖": 1, "比起": 1, "动摇": 1, "最终": 3, "充满": 1, "满怀": 1, "热情": 1, "追随": 1, "隔壁": 1, "导致": 1, "佳": 1, "将近": 1, "降价": 1, "到手": 1, "不少": 5, "事实上": 1, "感受": 2, "满心欢喜": 1, "成长": 1, "具备": 1, "潜力": 1, "高昂": 2, "面前": 2, "不得不": 2, "审视": 1, "真的": 6, "层面": 1, "魅族": 1, "何尝": 1, "没钱": 2, "老花粉": 1, "转眼间": 1, "改革": 1, "开放": 1, "走过": 1, "40年": 2, "之间": 1, "发生": 1, "翻天覆地": 1, "长足": 1, "俨然": 2, "佼佼者": 2, "当初": 2, "3G": 1, "4G": 1, "5G": 3, "越来越": 1, "发达": 1, "落后": 1, "崛起": 2, "超越": 2, "传统": 1, "强国": 1, "国家": 1, "艳羡": 1, "不已": 1, "说起": 1, "提": 1, "一点": 2, "领军": 1, "带领": 1, "突飞猛进": 1, "这两年": 1, "平步青云": 1, "扶摇直上": 2, "2017年": 2, "击败": 2, "电信": 1, "瑞典": 1, "爱立信": 2, "随之而来": 1, "格局": 1, "美国": 5, "二季度": 1, "欧洲": 1, "中东": 1, "见证": 1, "影响力": 1, "措手不及": 1, "毫无疑问": 1, "竟然": 1, "众所周知": 2, "华丽": 1, "言辞": 1, "苍白": 1, "描述": 1, "截止": 1, "专利": 2, "10万余": 1, "件": 1, "遥遥领先": 1, "年间": 1, "科研": 1, "高达": 3, "4000亿": 1, "数十": 1, "倍": 2, "显示": 2, "有望": 2, "7000亿": 2, "迈入": 1, "千亿": 1, "美元": 3, "电子": 9, "概念": 2, "马云": 2, "阿里": 3, "2500": 1, "亿": 1, "难以": 1, "想象": 1, "有余": 1, "销售量": 1, "2亿": 1, "炙手可热": 1, "远远": 2, "相提并论": 1, "发力": 1, "战绩": 1, "极限": 1, "远": 1, "半导体": 6, "股": 1, "力量": 1, "数量": 1, "高居": 1, "榜首": 1, "国人": 2, "自豪": 2, "5g": 1, "领域": 3, "又或者": 1, "名片": 1, "戳中": 1, "他国": 1, "痛点": 1, "围攻": 1, "重围": 1, "事业": 1, "遭遇": 1, "澳大利亚": 1, "打压": 1, "22": 1, "商用": 1, "合同": 1, "订单": 1, "黑马": 1, "尊敬": 1, "崇拜": 1, "学习": 1, "的确": 1, "占领": 1, "展开": 2, "声音": 1, "供应链": 3, "人手": 1, "说法": 1, "道理": 1, ">>": 2, ">": 2, "一体化": 1, "闭门造车": 1, "行不通": 1, "精密": 2, "比如说": 1, "前不久": 1, "公布": 1, "2018年": 2, "供应商": 12, "完整": 1, "名单": 3, "连续": 1, "金牌": 5, "英特尔": 5, "恩智浦": 9, "灏讯": 1, "赛灵思": 1, "美满": 1, "富士康": 3, "生益": 1, "中利": 1, "集团": 4, "富士通": 1, "沪士": 1, "美光": 1, "广濑": 1, "比亚迪": 9, "村田": 1, "索尼": 4, "大立": 1, "光电": 3, "亚德诺": 1, "康沃": 1, "费诺": 1, "立讯": 1, "欣兴": 1, "莫仕": 1, "耐克森": 1, "京东方": 6, "阳": 1, "中航": 1, "甲骨文": 2, "住友": 1, "电工": 2, "安森": 1, "美": 1, "中远": 1, "海运": 1, "顺丰": 6, "速递": 2, "外运": 1, "能源": 1, "有限公司": 1, "舜宇": 1, "光学": 1, "天马": 1, "SK海": 1, "力士": 1, "罗德": 1, "施瓦茨": 1, "德": 1, "国际": 1, "思博伦": 1, "红帽": 1, "SUSE": 1, "晶技": 1, "股份": 2, "东芝": 1, "希捷": 1, "西部": 1, "光迅": 1, "迅达": 1, "新思": 1, "华工": 1, "长飞": 1, "意法": 1, "思佳迅": 1, "微软": 1, "深南": 1, "电路": 1, "飞通": 1, "Qorvo": 1, "古河": 1, "瑞声": 1, "联恩": 1, "Sumicem": 1, "歌尔": 1, "华通": 1, "电脑": 1, "三菱": 1, "电机": 1, "南亚": 1, "优秀": 3, "质量奖": 1, "赛普拉斯": 1, "高意": 1, "Inphi": 1, "松下": 2, "航嘉": 1, "旺宏": 1, "华勤": 1, "最佳": 2, "协同奖": 1, "迈络思": 1, "台积电": 3, "交付奖": 1, "核达": 1, "中远通": 1, "风河": 1, "亨通": 1, "日月光": 1, "蓝思": 1, "中芯国际": 1, "伟创力": 1, "罗森伯格": 1, "创新奖": 1, "伯恩光学": 1, "Lumentum": 1, "菲尼萨": 1, "铿腾": 1, "博通": 1, "德州": 1, "仪器": 1, "英": 1, "飞凌": 1, "92": 2, "实际上": 1, "不止": 1, "当天": 1, "参加": 1, "展会": 1, "150多": 1, "熟悉": 2, "……": 1, "对手": 1, "位列": 1, "2015年": 1, "采购": 1, "总额": 1, "140亿": 1, "18亿": 1, "海思": 1, "占比": 1, "下降": 1, "替代": 1, "LG": 2, "值得一提的是": 1, "爆出": 1, "绿屏": 1, "项": 1, "重要性": 1, "不言而喻": 1, "官网": 1, "透露": 1, "2012年": 1, "签署": 1, "方案": 2, "协议": 1, "ICT": 1, "服务器": 1, "中心": 1, "虚拟化": 1, "操作": 2, "实验室": 1, "元器件": 1, "荷兰": 2, "著名": 1, "高性能": 1, "混合": 1, "信号": 1, "20%": 1, "项目": 1, "智能物": 1, "联网": 1, "AI": 1, "百度": 1, "客户": 1, "差点": 2, "收购": 4, "迟迟": 1, "批准": 1, "放弃": 1, "并购": 2, "插": 1, "奇怪": 1, "同意": 1, "扰乱": 1, "反垄断": 1, "审查": 1, "欧盟": 1, "点头": 1, "后盖": 2, "组装": 1, "汽车": 2, "2004年": 1, "用于": 1, "固定": 1, "电话": 1, "2006年": 1, "批量": 1, "出货": 2, "供应": 1, "模组": 1, "2007年": 1, "代工": 2, "156": 1, "累计": 1, "400多万": 1, "金属": 2, "中框": 1, "主力": 1, "工业": 1, "喷涂": 1, "外壳": 1, "流光溢彩": 1, "极光色": 1, "渐变": 2, "色": 2, "管理": 1, "入选": 1, "DHL": 1, "敦豪": 1, "华": 1, "业务": 1, "发售": 1, "售后": 1, "代工方": 1, "生产者": 1, "写到": 1, "想起": 1, "金庸": 1, "武侠": 1, "小说": 1, "武功": 1, "北冥": 3, "神功": 3, "吸星": 2, "大法": 2, "吸取": 2, "内力": 2, "为我所用": 2, "反噬": 1, "好比": 1, "修炼": 1, "强大": 1, "鲁迅": 1, "拿来主义": 1, "结束": 1, "拿来": 3, "存放": 1, "毁灭": 1, "主人": 2, "宅子": 2, "沉着": 1, "勇猛": 1, "辨别": 1, "自私": 1, "新人": 1, "文艺": 2, "超高": 1, "收获": 1, "粉丝": 2, "屡次": 1, "记录": 1, "人士": 1, "认可": 1, "努力": 1, "产商": 1, "推荐": 1, "阵营": 1, "外关": 1, "前瞻性": 1, "正面": 2, "刘海屏": 1, "下巴": 1, "集成": 1, "实体": 2, "Home键": 1, "背部": 1, "变色": 1, "亮眼": 2, "一流": 1, "后背": 1, "P20Pro": 1, "领先": 1, "优势": 1, "整体": 3, "综合": 1, "强劲": 1, "选手": 1, "10": 6, "四月": 1, "刘海": 1, "屏": 1, "颜值": 2, "可圈可点": 1, "旗舰机": 1, "2400万": 3, "1600万": 2, "自拍": 1, "拍景": 1, "拍物": 1, "画面": 2, "能力": 1, "该机": 2, "来到": 1, "价位": 1, "中端": 1, "堪称": 1, "第三": 1, "Pro": 5, "年度": 1, "诸多": 1, "Face": 1, "ID": 1, "缘故": 1, "刘": 2, "海屏": 2, "配曲": 1, "面屏": 1, "抢眼": 1, "加持": 1, "无敌": 1, "Pro有过之而无比": 1, "实至名归": 1, "石墨烯": 1, "介绍": 1, "保证": 1, "绝不": 1, "后悔": 1, "不妨": 1, "对此": 1, "谈谈": 1, "观点": 1, "交流": 1, "大放异彩": 1, "不管是": 1, "放眼": 1, "证明": 1, "外媒": 1, "测评": 1, "iPhone": 2, "X": 1, "S": 1, "Max": 1, "实情": 1, "采访": 1, "资深": 1, "亲身": 1, "告诉": 1, "优缺点": 1, "夸赞": 1, "棒": 2, "换机": 1, "朋友们": 1, "值": 1, "地步": 1, "6.39": 1, "2244": 1, "1080": 1, "1200万": 1, "一代": 1, "首款": 1, "双核": 1, "NPU": 1, "AI智": 1, "流畅": 2, "4200": 1, "mAh": 1, "电量": 1, "各类": 1, "需求": 1, "20+": 1, "大学生": 2, "萌妹子": 1, "大学": 1, "翡": 1, "冷翠": 1, "8曲面3D": 1, "玻璃": 1, "这位": 1, "可爱": 2, "妹子": 1, "最初": 1, "打动": 1, "弧线": 1, "手感": 1, "刚": 1, "毕竟": 1, "手势": 1, "基本上": 1, "半": 2, "小时": 2, "W": 1, "充电": 1, "百分之70": 1, "游戏": 1, "爱不释手": 1, "长": 1, "好看": 5, "人像": 1, "手残": 1, "只能": 1, "大胆": 1, "设计师": 1, "鸡腿": 1, "电影": 1, "听": 1, "音乐": 1, "音质": 1, "姑娘": 1, "创意": 1, "浴霸": 1, "好丑": 1, "~": 3, "接近": 1, "1万": 1, "吃土": 1, "心疼": 1, "好几": 2, "高中": 1, "教授": 1, "中原": 1, "换上": 1, "卡": 1, "平日": 1, "没事": 1, "花花草草": 1, "扛": 1, "照相机": 1, "到处": 1, "跑": 1, "校园": 1, "溜达": 2, "按键": 1, "全面屏": 1, "美观": 1, "大方": 1, "3": 1, "颗": 2, "1": 1, "那种": 1, "真实感": 1, "立体感": 1, "业余": 1, "摄影": 1, "爱好者": 1, "EMUI": 1, "9.0": 1, "联系人": 1, "快捷": 1, "新增": 1, "投屏": 1, "好用": 1, "上课": 1, "连接": 1, "教师": 1, "PPt": 1, "交互": 1, "机制": 1, "在手": 1, "滑": 1, "保护套": 1, "要掉": 1, "双击": 1, "亮屏": 1, "桌上": 1, "语音": 1, "唤醒": 1, "工资": 1, "老婆子": 1, "唠叨": 1, "总体": 1, "丑": 1, "符合": 1, "标准": 1, "Mate20pro": 1, "月工资": 1}