{"报告": 4, "南": 1, "中国": 8, "晨报": 1, "邮报": 1, "富士康": 1, "手机": 36, "品牌": 2, "包括": 1, "苹果": 4, "公司": 22, "小米": 1, "组装": 1, "台湾": 4, "电子": 1, "制造商": 2, "停止": 2, "华为": 59, "条": 1, "生产线": 1, "深圳": 2, "企业": 11, "订单": 1, "减少": 1, "该报": 1, "援引": 1, "熟悉": 1, "此事": 1, "人士": 1, "透露": 1, "信息": 1, "私密": 1, "第一": 6, "季度": 2, "智能": 5, "销售": 3, "全球": 2, "第二": 3, "位置": 1, "目标": 5, "剩余": 1, "时间": 4, "内": 5, "推迟": 1, "地位": 1, "捕捉": 1, "市场": 7, "领导者": 1, "三星": 6, "失传": 1, "本月": 1, "早些时候": 1, "IDC": 1, "供应商": 2, "角度": 2, "[Q": 1, "1": 1, "亮点": 1, "……": 1, "唯一": 1, "一家": 1, "销量": 2, "增长": 1, "1Q": 2, "19": 2, "印象": 2, "深刻": 1, "同比": 1, "增长率": 1, "50.3％": 1, "5910万": 1, "台": 1, "份额": 2, "19.0％": 1, "处于": 1, "顶峰": 1, "距离": 1, "很": 5, "远": 2, "明年": 1, "年底": 1, "赶上": 1, "形势": 1, "为时尚早": 1, "总裁": 1, "赵明": 1, "发布": 3, "荣誉": 1, "设备": 2, "发布会": 1, "告诉": 1, "记者": 1, "心态": 1, "都": 14, "坚强": 1, "补充": 1, "美国": 34, "公布": 1, "黑名单": 1, "境外": 1, "很多": 6, "价格": 5, "旧": 2, "价值": 1, "影响": 4, "猜测": 1, "销售额": 1, "下降": 2, "显着": 1, "降低": 1, "现有": 3, "用户": 3, "升级": 5, "困难": 1, "英国": 2, "旗舰": 3, "5G": 1, "该国": 1, "首次": 1, "推出": 1, "网络": 1, "脱颖而出": 1, "报道": 3, "香港": 3, "遭遇": 1, "类型": 2, "当地": 1, "媒体": 2, "声称": 1, "得分": 1, "故障": 2, "关闭": 1, "这是": 2, "本周": 1, "操作": 1, "系统": 2, "更新": 2, "解决": 1, "方案": 1, "客户": 4, "安装": 1, "删除": 1, "数据": 1, "不出所料": 1, "注意力": 1, "转向": 1, "制裁": 3, "导致": 2, "谷歌": 1, "撤回": 2, "未来": 3, "型号": 2, "Android": 2, "支持": 7, "这不": 1, "亚洲": 2, "时报": 1, "弗朗西斯芳": 1, "资讯": 1, "科技": 2, "商会": 1, "名誉": 1, "会长": 1, "情况": 4, "奇怪": 2, "涉及": 2, "怀疑": 1, "发送": 1, "文件": 1, "新闻": 1, "肯定": 1, "一个": 5, "尴尬": 1, "巧合": 1, "迹象": 1, "都会": 2, "数量": 1, "体验": 1, "故事": 2, "涌现": 1, "结束": 1, "快速": 2, "变化": 1, "消费": 1, "管理": 2, "过多": 1, "侵蚀": 1, "寻找": 3, "出路": 1, "上周五": 1, "北京": 2, "项": 1, "可靠": 2, "实体名单": 2, "回应": 2, "符合": 2, "规则": 1, "组织": 1, "偏离": 1, "合同": 1, "精神": 1, "非商业目": 1, "实施": 1, "封锁": 1, "供应": 1, "损害": 1, "合法": 1, "权益": 1, "列入": 2, "实体": 2, "名单": 1, "政府": 2, "发言人": 1, "陷入": 1, "困境": 1, "希望": 1, "总统": 1, "特朗普": 9, "想起": 1, "权宜之计": 1, "贸易": 1, "谈判": 1, "让步": 2, "预计": 1, "谈判点": 1, "推荐语": 1, "：": 5, "众多": 1, "暂停": 1, "合作": 1, "台积电": 19, "给予": 1, "显示": 1, "独立性": 1, "投桃报李": 1, "或许": 4, "日后": 1, "海思": 1, "壮大": 1, "未": 1, "可知": 1, "下文": 1, "转载": 1, "作者": 1, "Science": 1, "创意": 1, "设计": 4, "围攻": 1, "供货": 1, "面对": 3, "管制": 6, "力挺": 1, "还要": 1, "出货": 2, "有人": 1, "详细": 2, "解答": 1, "70多": 1, "美国商务部": 2, "进出口": 1, "几十": 3, "想要": 6, "购买": 2, "相关": 1, "产品": 3, "许可": 1, "许可证": 1, "提供": 4, "服务": 2, "巨头": 1, "响应": 1, "即可": 2, "发出": 1, "声明": 1, "打下": 1, "巨雷": 1, "第一时间": 1, "传到": 1, "、": 10, "韩国": 1, "日本": 2, "最先": 1, "紧急": 1, "会议": 1, "机会": 1, "总部": 1, "消息": 3, "禁止": 1, "覆盖": 1, "晶体": 1, "电脑": 1, "引发": 1, "连锁": 2, "西班牙": 1, "德国": 1, "传出": 2, "禁令": 4, "行业": 2, "一阵": 1, "鸡": 1, "飞": 1, "狗": 1, "跳": 1, "ARM": 6, "断货": 1, "员工": 2, "接到": 1, "命令": 2, "技术": 10, "高管": 1, "工程师": 1, "见面": 1, "打电话": 1, "许接": 1, "断掉": 1, "真的": 5, "想": 3, "威力": 1, "控制": 4, "本土": 1, "国家": 2, "实在": 1, "厉害": 1, "纳入": 1, "远远": 1, "效果": 1, "出口": 1, "分为": 1, "三": 2, "本来": 2, "来源于": 1, "国外": 4, "生产": 3, "制造": 1, "例子": 1, "来源": 1, "商品": 1, "超过": 2, "上限": 6, "不好意思": 1, "听命于": 1, "授权": 2, "来自于": 3, "恰好": 1, "核心": 1, "部件": 1, "研发": 2, "中心": 1, "就要": 1, "国内": 1, "争议": 1, "麒麟": 2, "芯片": 6, "带": 2, "可观": 2, "利润": 1, "上半年": 1, "淡季": 1, "去年": 1, "出货量": 2, "拯救": 1, "收入": 1, "一点": 4, "夸张": 1, "评估": 1, "做出": 1, "管控": 5, "专家": 1, "难": 3, "躲过": 1, "用于": 1, "机器": 1, "人力": 1, "综合": 1, "算": 1, "排除": 1, "下调": 1, "2018年": 1, "总收入": 1, "76亿": 1, "美元": 1, "联发科": 2, "实力": 1, "有望": 1, "超越": 1, "IC": 1, "禁华为令": 1, "闹": 1, "半": 1, "正当": 2, "抱": 1, "平时": 1, "不慌不忙微笑": 1, "拍摄": 1, "支": 1, "裸机": 1, "P30": 2, "Pro": 1, "竖屏": 2, "电影": 6, "悟空": 7, "改": 1, "以往": 1, "沙雕": 1, "剧情": 1, "蔡成杰": 1, "导演": 2, "形式": 1, "拍出": 1, "奇幻": 1, "精彩": 1, "开场": 1, "年代感": 1, "电视": 4, "播报声": 1, "老旧": 1, "倒福": 1, "搓衣板": 1, "拉回": 1, "90": 1, "年代": 1, "怀旧": 1, "气息": 1, "讲述": 1, "从小": 1, "怀揣": 1, "悟": 1, "空梦": 1, "农村": 1, "男孩": 10, "电影院": 2, "梦想": 1, "父亲": 4, "好不容易": 1, "省吃俭用": 1, "买来": 1, "钢笔": 2, "村里": 1, "朋友": 1, "大闹": 1, "天宫": 1, "电影票": 3, "换来": 2, "顿": 1, "毒打": 1, "攒钱": 1, "买": 1, "拿去": 1, "考试": 1, "几分": 1, "天天": 4, "...": 1, "屁股": 1, "花连": 1, "爱": 1, "齐天大圣": 1, "一股脑": 1, "扔到": 1, "地上": 1, "裂成": 1, "好几": 1, "块": 1, "母亲": 2, "心疼": 1, "儿子": 1, "演": 1, "为啥": 1, "非得": 1, "城里": 3, "严厉": 1, "温柔": 1, "理解": 1, "泯灭": 1, "心愿": 1, "小伙伴": 1, "建议": 1, "金箍棒": 1, "手电筒": 1, "刀": 1, "打算": 1, "偷偷": 1, "翻越": 1, "山溜": 1, "进城": 2, "等待": 1, "经历": 1, "九九八十一": 1, "前方": 1, "不灵": 1, "路": 2, "最终": 1, "看成": 1, "▼": 1, "08:05": 1, "看完": 1, "这部": 1, "短片": 1, "网友": 2, "惊呼": 1, "仿佛": 1, "回到": 2, "童年": 1, "记忆": 1, "老家": 1, "墙上": 1, "黑白": 1, "照片": 1, "人物": 1, "泛黄": 1, "日历": 1, "玻璃": 1, "压满": 1, "手抄": 1, "笔记": 1, "书桌": 1, "永远": 2, "长": 1, "不大": 1, "时光": 1, "穿山越岭": 1, "旅途": 1, "树枝": 1, "刮破": 1, "衣裳": 1, "山石": 1, "擦破": 1, "脸庞": 1, "毒蛇": 1, "咬伤": 1, "腿": 1, "猛兽": 1, "退": 1, "前往": 1, "退缩": 1, "咬": 1, "烤来": 1, "吃掉": 1, "喝": 1, "溪水": 1, "吃": 1, "树上": 1, "鸟蛋": 1, "剥开": 1, "树皮": 1, "肥嫩": 1, "白虫": 1, "不顾一切": 3, "内心": 1, "执着": 2, "终于": 1, "搭": 1, "路人": 1, "便车": 1, "一刻": 1, "眼前": 1, "不知所措": 1, "倾": 1, "影院": 1, "拒之门外": 1, "当年": 1, "样子": 2, "穿": 1, "越剧": 1, "魔幻": 1, "现实主义": 1, "观众": 1, "一头雾水": 1, "写下": 1, "意味深长": 1, "最初": 1, "六一": 1, "临近": 1, "片子": 1, "不止": 1, "鼓励": 1, "孩子": 1, "勇往直前": 1, "三十多": 1, "奋斗": 1, "不知": 2, "天多": 1, "高地": 2, "厚": 1, "猴子": 1, "艰难": 1, "冲破": 1, "束缚": 1, "世界": 1, "世事": 1, "变改": 1, "初心": 2, "无畏": 1, "环境": 1, "变迁": 1, "留": 1, "颗": 3, "赤子之心": 1, "鸿蒙": 1, "初": 1, "辟": 1, "姓": 1, "打破": 1, "顽空": 1, "山断": 1, "来路": 1, "水挡": 1, "归途": 1, "规矩": 1, "天地": 2, "自会": 1, "来时": 1, "顽石": 1, "一无所有": 2, "万象皆空": 1, "孩子们": 1, "份": 1, "礼物": 1, "山": 1, "忘": 1, "挡": 1, "不住": 1, "追": 1, "梦": 1, "回过头": 1, "脚下": 1, "值得": 2, "选择": 4, "老": 2, "究竟": 1, "询问": 1, "笔者": 2, "华为p30": 3, "比华": 1, "20两者": 1, "差价": 1, "1000": 2, "元": 4, "到底": 1, "提升": 5, "贵": 1, "性能": 3, "麒麟970": 1, "处理器": 4, "麒麟980": 2, "感知": 1, "970": 1, "确实": 2, "太": 1, "过于": 1, "落后": 1, "发热": 1, "7": 1, "m制": 1, "两点": 1, "大幅度": 2, "具备": 2, "8GB": 1, "+": 4, "64": 2, "GB": 2, "起步": 1, "储存": 1, "组合": 1, "起华": 2, "搭载": 1, "6GB": 1, "存储": 1, "外观": 1, "原本": 1, "采用": 4, "正面": 1, "刘海": 1, "加上": 1, "底部": 1, "指纹": 6, "识别": 2, "按键": 2, "屏占比": 1, "相对来说": 1, "IP30": 1, "系列": 1, "水晶": 1, "屏幕": 2, "下巴": 1, "窄": 1, "毕竟": 2, "拍照": 2, "30": 2, "4000万": 1, "像素": 2, "1600万": 1, "800万": 1, "摄像头": 1, "优秀": 1, "对比": 1, "20来": 1, "阉割": 2, "版本": 1, "占": 1, "优": 1, "充电": 2, "续航": 1, "3650": 1, "毫安": 2, "电池": 2, "比起": 1, "3400": 1, "功率": 1, "改进": 1, "40W": 1, "快充": 1, "一大": 1, "遗憾": 1, "3999": 1, "P20": 1, "2688": 1, "之间": 1, "相差": 1, "款": 1, "整体": 1, "日常": 1, "注重": 1, "隐私": 14, "流行": 1, "加锁": 1, "APP": 1, "隐藏": 1, "保证": 1, "小编": 2, "介绍": 1, "加密": 1, "方法": 1, "mate20pro": 4, "空间": 19, "开启": 4, "这项": 1, "功能": 1, "解锁": 6, "输入": 3, "密码": 12, "跟着": 1, "学习": 1, "桌面": 1, "找到": 4, "设置": 6, "图标": 1, "点击": 4, "界面": 9, "选项": 4, "第三": 1, "第四": 1, "下方": 1, "第五": 1, "提示": 2, "习惯": 1, "图案": 2, "数字": 2, "混合": 1, "第六": 1, "画出": 1, "秘密": 1, "录入": 1, "点击界": 1, "面右": 1, "下角": 1, "关联": 1, "手指": 1, "相比": 1, "绘制": 1, "图形": 1, "指": 1, "锁屏": 1, "状态": 1, "主指纹": 1}