{"说到": 1, "华为": 27, "端": 1, "旗舰": 4, "机型": 5, "荣耀": 14, "20Pro": 12, "都": 6, "很": 3, "熟悉": 1, "这是": 1, "款": 3, "5月份": 1, "发布": 3, "距离": 2, "如今": 1, "三": 1, "依旧": 1, "3199": 1, "元": 4, "起步": 2, "价格": 5, "一丝一毫": 1, "降价": 2, "坚挺": 2, "：": 2, "再见": 2, "！": 1, "发力": 1, "中端": 1, "市场": 1, "外观": 4, "设计": 6, "正面": 3, "采用": 3, "挖": 1, "孔": 1, "屏幕": 3, "边框": 1, "控制": 1, "窄": 1, "机身": 5, "背部": 1, "渐变": 1, "色": 1, "色彩": 1, "颜色": 1, "越来越": 2, "漂亮": 1, "近期": 1, "迎来": 1, "全新": 2, "冰岛": 1, "幻境": 1, "配色": 1, "平添": 1, "用户": 1, "吸引力": 1, "硬件": 1, "性能": 2, "搭载": 2, "麒麟980": 1, "处理器": 4, "具备": 2, "8GB": 1, "+": 1, "128GB": 1, "储存": 1, "组合": 1, "配置": 4, "后置": 2, "四": 2, "摄像头": 2, "水准": 1, "20pro": 2, "行业": 2, "当中": 1, "出色": 2, "3000": 1, "再次": 2, "推出": 2, "新款": 1, "麒麟": 4, "980": 2, "Nova5Pro": 2, "摄": 1, "升级": 2, "充电": 1, "功率": 1, "40W": 1, "比起": 1, "22.5W": 1, "2999": 1, "值得": 3, "买": 2, "产品": 6, "整体": 1, "实力": 1, "小米": 1, "9": 1, "、": 3, "魅族": 1, "16s": 1, "骁龙": 1, "855手机": 1, "大部分": 1, "2500": 1, "对比": 1, "显得": 1, "实惠": 1, "毕竟": 1, "算是": 1, "顶级": 1, "芯片": 1, "等待": 1, "985": 1, "登场": 1, "才": 1, "高通": 3, "抗衡": 1, "LCD": 1, "侧面": 1, "指纹": 2, "识别": 2, "体验": 1, "笔者": 1, "角度": 1, "下滑": 1, "环顾": 1, "购机": 1, "环境": 1, "很多": 1, "选择": 1, "入手": 1, "反而": 2, "购买": 5, "价值": 1, "声": 1, "看法": 1, "讨论": 1, "参考": 2, "消息网": 2, "8月": 7, "18日": 1, "报道": 9, "英媒": 1, "称": 7, "美国商务部": 4, "延长": 6, "公司": 7, "宽限期": 2, "这家": 3, "中国": 2, "美国": 8, "企业": 4, "供应品": 1, "现有": 2, "客户": 3, "提供": 4, "服务": 1, "路透社": 1, "16日": 2, "知情": 1, "人士": 4, "透露": 2, "针对": 1, "临时": 4, "许可": 1, "90": 1, "介绍": 1, "5月": 1, "列入": 1, "黑名单": 1, "发放": 1, "涉及": 1, "许可证": 6, "此举": 1, "旨在": 1, "限度": 1, "减少": 1, "影响": 1, "运营": 1, "农村": 1, "地区": 1, "网络": 2, "期限": 2, "意味着": 2, "续签": 1, "19日": 5, "失效": 1, "协议": 1, "维护": 1, "手机": 1, "软件": 1, "更新": 2, "援引": 1, "消息": 4, "华": 1, "贸易": 1, "谈判": 1, "筹码": 1, "变卦": 1, "指出": 1, "早些时候": 2, "禁止": 2, "视为": 1, "世界": 1, "经济体": 1, "之间": 1, "贸易战": 1, "全球": 1, "电信": 3, "设备": 2, "制造商": 2, "情况": 5, "用于": 2, "生产": 1, "零部件": 2, "供应商": 1, "出售": 2, "长": 1, "威尔伯·罗斯": 1, "7月底": 1, "记者": 1, "收到": 2, "50多": 1, "份": 1, "申请": 1, "预计": 2, "2018年": 1, "700亿": 1, "美元": 2, "110亿": 1, "流向": 1, "包括": 1, "英特尔": 1, "美光": 1, "科技": 2, "在内": 1, "英国": 1, "金融": 1, "时报": 1, "网站": 1, "出口": 2, "到期": 2, "业界": 1, "特朗普": 1, "政府": 1, "信息": 3, "感到": 1, "失望": 1, "谷歌": 1, "博通": 1, "尚未": 1, "告知": 1, "特定": 1, "长罗斯": 1, "本周": 1, "相关": 2, "最新": 1, "业内": 1, "高管": 1, "拖延": 1, "困惑": 1, "名": 1, "游说": 1, "商务部": 1, "做法": 1, "异常": 1, "神秘": 1, "来源": 1, "爆料": 4, "Mate": 7, "30": 7, "系列": 7, "发布会": 2, "提前": 1, "9月": 1, "厂商": 1, "日期": 1, "公布": 1, "谨慎": 1, "轻易": 1, "外界": 1, "研发": 1, "时间": 2, "推算": 1, "真机": 7, "早就": 1, "别提": 1, "不少": 1, "外型": 1, "曝光": 3, "差不多": 2, "此前": 3, "网友": 2, "拍到": 2, "Mate30": 2, "地铁": 1, "照片": 5, "刘": 1, "海屏": 1, "侧边": 4, "曲率": 1, "这次": 1, "清晰": 1, "取消": 1, "音量": 1, "按键": 3, "电源键": 1, "缩窄": 1, "存在感": 1, "减弱": 1, "观察": 1, "难以": 1, "察觉": 1, "壳照": 1, "工作": 1, "人员": 1, "后壳": 1, "套": 1, "迷惑性": 1, "保密壳": 2, "挖孔": 1, "长条": 1, "形镂": 1, "空": 1, "不见": 1, "特征": 1, "下方": 1, "长方形": 1, "活动": 1, "后盖": 1, "暴露": 1, "相机": 1, "位置": 1, "即将": 1, "上市": 1, "调试": 1, "尽量": 1, "保密": 1, "层出不穷": 1, "基本上": 1, "990": 1, "支持": 1, "屏下": 1, "Face": 1, "ID": 1, "三星": 3, "年度": 1, "Galaxy": 1, "Note": 1, "10": 1, "正式": 1, "新机": 1, "流传": 1}