{"文": 1, "/": 1, "观察者": 2, "网": 2, "徐": 1, "乾昂": 1, "5月": 2, "美国": 28, "华为": 30, "列入": 2, "实体": 8, "清单": 8, "想": 1, "借机": 1, "重创": 1, "这家": 1, "中国": 1, "企业": 3, "引发": 1, "上游": 3, "供应商": 2, "、": 5, "下游": 2, "电信": 4, "运营商": 6, "存活": 2, "危机": 1, "——": 1, "美方": 2, "为此": 1, "延期": 6, "禁令": 8, "反观": 1, "依旧": 2, "业绩": 3, "高速": 2, "增长": 1, "创始人": 2, "兼": 2, "CEO": 3, "任正非": 5, "做好": 1, "坏": 1, "打算": 2, "本月": 1, "初": 1, "接受": 3, "德媒": 1, "采访": 3, "透漏": 1, "解决": 2, "供应": 2, "撤": 1, "撤销": 5, "爱": 4, "美企": 1, "利益": 2, "不用": 1, "现如今": 1, "度": 1, "就要": 1, "生效": 2, "美媒": 1, "援引": 2, "消息": 2, "人士": 2, "称": 3, "第三": 2, "延长": 1, "临时": 1, "许可证": 1, "时间": 3, "美东": 1, "11月": 5, "18日": 1, "届时": 1, "客户": 1, "业务": 2, "合作": 2, "政府": 6, "监管": 1, "14日": 1, "15日": 3, "POLIT": 2, "ICO": 2, "新闻网": 3, "纽约": 1, "时报": 1, "路透社": 2, "曝料": 1, "白宫": 1, "计划": 2, "推迟": 1, "生效期": 1, "本轮": 2, "时长": 1, "消息源": 2, "透露": 2, "六": 1, "迄今为止": 1, "开出": 1, "长": 1, "22日": 1, "8月": 1, "19日": 1, "延后": 1, "施行": 1, "均": 1, "90": 1, "值得一提": 1, "联邦": 1, "通信": 1, "委员会": 1, "FCC": 2, "上月": 2, "禁止": 1, "补助": 1, "采购": 1, "设备": 5, "时间点": 1, "就此": 1, "投票": 1, "下周": 1, "展开": 1, "农村": 6, "受害者": 1, "该国": 2, "发出": 1, "警告": 1, "后者": 1, "终止": 1, "承诺": 1, "给出": 2, "7亿": 1, "美元": 1, "分手费": 1, "寻求": 1, "竞争": 1, "对手": 1, "爱立信": 1, "诺基亚": 1, "报价": 1, "发现": 1, "价廉物美": 1, "补贴": 1, "基建": 1, "更新": 2, "至今": 1, "讨论": 1, "度过": 1, "过渡期": 1, "事宜": 1, "美国商务部": 1, "部长": 1, "罗斯于": 1, "福克斯": 1, "坦言": 1, "很": 1, "不幸": 1, "依赖": 2, "3G": 1, "4G": 1, "地区": 1, "通讯": 1, "领域": 2, "足够": 1, "排挤": 1, "一个": 1, "目的": 1, "运营商们": 1, "提供": 1, "服务": 1, "：": 1, "角度": 1, "供应商们": 1, "日子": 1, "好过": 1, "美光": 3, "科技": 3, "桑杰梅赫罗特拉": 1, "Sanjay": 1, "Mehrotra": 1, "9月": 1, "不确定性": 1, "公司": 3, "销售": 1, "状况": 1, "未来": 1, "季度": 1, "内": 1, "进一步": 1, "下滑": 2, "同月": 1, "发布": 1, "四季报": 2, "营收": 2, "当季": 1, "同比": 2, "暴跌": 1, "42%": 1, "全年": 1, "23%": 1, "财报": 2, "理由": 2, "包括": 2, "影响": 1, "博通": 1, "6月": 1, "录得": 1, "大幅": 1, "下调": 1, "年度": 1, "收入": 1, "预测": 1, "往来": 1, "中断": 1, "截图": 1, "表现": 2, "值得": 1, "关注": 1, "11日": 1, "加拿大": 1, "公关": 1, "部门": 1, "副总": 1, "刘维": 1, "告诉": 1, "全球": 2, "商业": 1, "5G": 1, "合同数": 1, "65": 1, "领先": 1, "同行": 1, "水平": 1, "公布": 1, "截至": 1, "2019年": 1, "三季度": 1, "发展": 1, "增幅": 1, "24.4%": 1, "华盛顿": 1, "智库": 1, "ITIF": 1, "总裁": 1, "罗伯特阿特金森": 1, "Robert": 1, "Atkinson": 1, "直言": 1, "成功": 1, "杀死": 1, "降低": 1, "技术": 2, "市场": 1, "份额": 1, "损害": 1, "竞争力": 1, "福布斯": 1, "撰文": 1, "新款": 1, "手机": 1, "销": 1, "国外": 1, "毫无疑问": 1, "6日": 1, "德国": 1, "媒体": 1, "日报": 1, "TAZ": 1, "照样": 1, "……": 1, "伤害": 2, "此前": 1, "邀请": 1, "美联社": 1, "记者": 1, "参观": 1, "每块": 1, "电路板": 1, "都": 1, "拍照": 1, "芯片": 1, "零部件": 1}