{"华尔街": 7, "日报": 7, "报道": 20, "称": 6, "华为": 270, "技术": 17, "有限": 1, "公司": 34, "(": 4, "Huawei": 1, "Technologies": 1, "Co.,": 1, "简称": 1, "：": 22, ")": 4, "Verizon": 27, "Communications": 1, "Inc": 1, ".": 1, "VZ": 1, "这家": 2, "美国": 69, "电信": 10, "运营商": 9, "逾": 1, "项": 4, "专利": 21, "支付": 4, "授权费": 2, "金额": 2, "超": 1, "10亿": 3, "美元": 6, "知情": 3, "人士": 9, "知识": 3, "产权": 3, "授权": 4, "高管": 2, "2月": 1, "致信": 1, "告诉": 2, "付费": 2, "解决": 5, "据悉": 3, "客户": 2, "早": 8, "2月份": 2, "提出": 1, "许可费": 1, "涉及": 3, "20多": 4, "供应商": 6, "网络": 13, "设备": 15, "包括": 5, "科技": 12, "赔偿": 1, "官方": 4, "汇报": 1, "此事": 2, "路透社": 5, "代表": 2, "上周": 2, "纽约": 1, "会面": 1, "讨论": 1, "争议": 1, "侵犯": 1, "发言人": 2, "Rich": 1, "Young": 1, "拒绝": 1, "评论": 1, "这是": 8, "一个": 25, "潜在": 2, "法律": 3, "上个月": 2, "列入": 2, "黑名单": 1, "禁止": 2, "未经": 1, "政府": 5, "批准": 1, "情况": 5, "为由": 1, "业务": 17, "促使": 3, "全球": 16, "制造商": 1, "断绝": 1, "关系": 1, "此前": 4, "接触": 1, "种种": 1, "原因": 5, "均": 2, "成功": 4, "2018年": 5, "达成": 1, "合作": 7, "销售": 1, "手机": 36, "美": 1, "压力": 5, "AT&T": 1, "被迫": 2, "取消": 9, "更久以前": 1, "拿下": 1, "价值": 1, "数十亿": 1, "订单": 3, "依然": 3, "7191841": 1, "推荐语": 1, "实力": 20, "展示": 1, "收到": 1, "行业": 5, "认可": 3, "国际": 4, "势力": 1, "挤压": 1, "之下": 1, "。。。": 1, "下文": 1, "转载": 3, "作者": 1, "孙哥哥": 1, "讲": 2, "点击": 2, "关注": 7, "分享": 1, "精彩": 1, "内容": 2, "！": 12, "导读": 1, "刚刚": 2, "消息": 24, "传来": 3, "扔出": 3, "重磅": 4, "炸弹": 2, "网友": 4, "不负众望": 3, "打压": 3, "制裁": 4, "一举一动": 1, "都": 29, "很多": 12, "国人": 7, "重点": 2, "对象": 3, "继华": 1, "为先": 1, "海思": 7, "麒麟": 3, "芯片": 15, "备胎": 5, "计划": 11, "夜": 1, "转正": 4, "鸿蒙": 34, "操作": 29, "系统": 70, "面对": 11, "布局": 2, "布下": 1, "盘大": 2, "棋局": 1, "讲究": 1, "进攻": 1, "防御": 1, "抵制": 2, "就此": 2, "放弃": 1, "反而": 4, "挫": 2, "勇": 2, "测试": 7, "鼓励": 2, "安卓": 20, "开发者": 6, "前来": 1, "上架": 2, "软件": 10, "APP": 3, "；": 6, "兼容": 2, "市面": 1, "Web": 2, "无需": 1, "开发": 10, "想要": 5, "简单": 2, "键": 1, "搬家": 1, "程序": 1, "运行": 3, "超级": 1, "国产": 2, "蓝图": 1, "绘就": 1, "棋": 1, "徐徐": 1, "展开": 1, "不得不": 1, "雄心": 1, "挑": 1, "谷歌": 22, "Google": 2, "Play": 2, "商店": 6, "仅仅": 3, "构建": 2, "生态圈": 1, "第一": 12, "从此": 1, "前余": 1, "承东": 1, "款": 5, "打通": 3, "、": 34, "电脑": 24, "电视": 4, "汽车": 4, "领域": 18, "未来": 3, "5G": 26, "时代": 5, "连接": 1, "万物": 1, "起点": 1, "物联网": 2, "很": 14, "诠释": 2, "生态": 7, "开路": 1, "搭桥": 1, "打残": 2, "顺理成章": 1, "拿出": 2, "机会": 4, "千载难逢": 1, "世界": 14, "各国": 1, "目光": 1, "聚集": 1, "身上": 1, "这时候": 1, "无疑": 4, "证明": 2, "科技界": 2, "拥有": 4, "话语权": 1, "打击": 5, "力挺": 1, "不畏": 1, "艰难": 1, "险阻": 1, "开辟": 1, "阵地": 1, "不少": 5, "精神": 4, "值得": 4, "学习": 1, "面前": 4, "挑战": 5, "阻拦": 1, "脚步": 2, "对此": 1, "小编": 2, "中国人": 5, "困难": 2, "才能": 4, "瞩目": 1, "成绩": 1, "赞同": 1, "喜欢": 2, "本文": 1, "忘": 1, "转发": 1, "点赞": 1, "请": 1, "跟踪": 1, "动态": 1, "十几": 1, "苹果": 9, "IOS": 4, "垄断": 1, "占据": 4, "70%": 1, "大部分": 2, "20%": 1, "市场": 19, "用于": 2, "往前": 1, "记得": 1, "塞班": 1, "功能机": 1, "霸主": 1, "退出": 1, "确实": 3, "撼动": 1, "地位": 3, "极其": 1, "自信": 6, "干残": 1, "想到": 6, "疑惑": 1, "难": 3, "十多": 1, "称霸": 1, "巨头": 8, "三星": 4, "杠杠": 1, "形容": 1, "赚钱": 1, "工具": 1, "实际上": 2, "早就": 1, "Bada": 1, "海洋": 1, "商用": 5, "失败": 1, "Tizen": 1, "低端": 1, "最终": 1, "质疑": 2, "毕竟": 4, "横空出世": 1, "产品": 7, "自然": 1, "疑问": 1, "传出": 1, "担忧": 2, "慢慢": 1, "化解": 2, "内侧": 1, "效果": 1, "出奇": 1, "流畅度": 2, "提升": 3, "24%": 1, "响应": 2, "能力": 2, "44%": 1, "三方": 1, "60%": 1, "稳定性": 1, "成熟": 2, "年前": 3, "外界": 2, "传华": 1, "秘密": 1, "研发": 10, "猜测": 2, "没错": 1, "7": 1, "项目": 2, "缓冲": 1, "9月": 2, "22日": 1, "正式": 2, "上线": 2, "具备": 1, "强大": 3, "科研": 1, "企业": 18, "做出": 3, "不难": 1, "建立": 4, "入驻": 4, "用户": 6, "发展": 9, "多年": 3, "早已": 1, "赢得": 2, "完善": 2, "赚": 1, "盘满钵满": 1, "销量": 3, "下滑": 1, "市值": 1, "居高不下": 1, "突破": 1, "1万亿": 1, "核心": 5, "找到": 1, "盈利点": 1, "带来": 3, "上千亿": 1, "收入": 1, "卖出": 1, "2亿": 1, "台": 5, "国内": 3, "国外": 2, "持平": 1, "一家": 9, "全球化": 2, "想": 6, "近日": 5, "发出": 4, "邀请": 1, "App": 2, "Gallery": 1, "每月": 1, "2.7亿": 1, "活跃": 1, "如今": 2, "第二": 2, "踊跃": 1, "进来": 1, "错失": 1, "网上": 1, "爆料": 3, "界面": 1, "EMUI": 1, "设计": 1, "肯定": 2, "小米": 2, "OPPO": 1, "vivo": 1, "需要费": 1, "时间": 5, "快": 4, "参与": 5, "阿里": 1, "腾讯": 2, "360": 1, "支持": 5, "中国": 23, "生根": 1, "发芽": 1, "茁壮成长": 1, "损失": 1, "份额": 3, "品牌": 1, "才": 6, "难怪": 1, "慌张": 1, "撤销": 1, "禁令": 14, "下定": 1, "决心": 1, "惊艳": 1, "还要": 2, "野心": 1, "事情": 7, "一向": 1, "付出": 1, "努力": 1, "可怕": 1, "上市": 1, "首期": 1, "1000万": 1, "2021年": 1, "推出": 10, "自动": 1, "驾驶": 1, "搭载": 2, "机遇": 2, "声": 1, "有人": 2, "喊": 2, "吹牛": 1, "捧": 1, "杀华": 1, "危难": 1, "时刻": 2, "声援": 1, "给予": 1, "信心": 4, "故意": 1, "吹捧": 1, "实实在在": 1, "驻华": 4, "记者": 14, "Stu": 3, "Woo": 3, "撰写": 2, "影响": 10, "暂停": 9, "PC": 13, "环球": 2, "时报": 6, "内部": 8, "得知": 3, "纯属": 2, "无稽之谈": 3, "称为": 1, "耿": 1, "直哥": 1, "调查": 1, "发现": 4, "宣称": 6, "说法": 7, "最初": 3, "台湾": 3, "名为": 1, "电子": 4, "DigiTimes": 1, "媒体": 10, "发布": 6, "6月": 4, "10日": 1, "引用": 1, "上游": 2, "供应链": 2, "相关": 3, "笔记本": 8, "供应": 3, "停止": 5, "从未": 1, "信源": 1, "证实": 5, "次日": 1, "11日": 1, "CNBC": 12, "新闻网": 1, "Arjun": 1, "Kharpal": 1, "上海": 1, "参加": 1, "2019": 1, "消费类": 1, "展览会": 1, "CES": 1, "碰到": 1, "消费者": 2, "CEO": 2, "余承东": 8, "名": 3, "段": 3, "视频": 1, "早前": 1, "接受": 3, "采访": 3, "Matebook": 6, "原话": 1, "Canceling": 1, "launch": 1, "laptop": 1, "series": 1, "并称": 3, "美国商务部": 1, "实体名单": 1, "未": 1, "本人": 1, "这位": 4, "提及": 3, "讲述": 1, "发售": 5, "搁置": 2, "……": 2, "昨天": 3, "篇": 2, "推特": 1, "耿直哥": 2, "生产": 2, "来自于": 1, "账号": 2, "写": 1, "…": 1, "介绍": 1, "通篇": 1, "名叫": 1, "理解": 1, "错": 1, "发明": 1, "脑补": 1, "草率": 1, "新闻": 2, "吐槽": 1, "产品线": 1, "系列": 3, "7月": 1, "只不过": 3, "相比起": 1, "名字": 1, "型号": 1, "配置": 2, "上都": 1, "变化": 2, "新品": 2, "命名": 1, "无从": 1, "依旧": 1, "Windows": 2, "打破": 1, "微软": 2, "终止": 1, "传闻": 1, "招商": 1, "证券": 1, "分析": 2, "师方": 1, "竞": 1, "基于": 1, "ARM": 1, "架构": 1, "封锁": 2, "远": 1, "炒作": 1, "Verzion": 4, "遇上": 1, "麻烦": 1, "230": 2, "费用": 2, "总计": 1, "超过": 4, "相当于": 1, "去年": 3, "四季度": 1, "净利润": 1, "一半": 1, "突如其然": 1, "维斯特博格": 1, "访问": 2, "配合": 1, "白宫": 6, "物流": 1, "渠道": 1, "生产线": 1, "没成想": 1, "这才": 1, "巴掌": 1, "糊到": 1, "脸上": 1, "深刻": 1, "体会": 1, "中国式": 1, "打脸": 1, "事实上": 2, "小道": 1, "写信": 1, "贵": 1, "我方": 1, "好处": 4, "语气": 1, "感觉": 1, "电影": 1, "反派": 1, "口吻": 1, "姿态": 1, "摆": 1, "跟着": 1, "瞎": 1, "搞": 1, "手头": 1, "攥": 1, "东西": 1, "半": 1, "条": 3, "小命": 1, "有线": 1, "基础": 2, "建设": 1, "三": 1, "涉嫌": 1, "侵害": 1, "专利权": 2, "从前": 1, "睁": 1, "眼闭": 1, "眼": 1, "任正非": 5, "吃": 1, "肉": 1, "别人": 1, "喝": 1, "汤": 1, "关口": 1, "金毛": 2, "作恶": 1, "怪": 1, "翻脸": 1, "第一时间": 2, "不予置评": 1, "不仅仅": 1, "...": 1, "地缘": 1, "政治": 3, "背景": 2, "都会": 3, "产业": 5, "引发": 1, "国家": 5, "这话": 1, "黏黏糊糊": 1, "明眼人": 1, "儿怕": 1, "善财难舍": 1, "耍赖": 1, "恐怕": 1, "打的": 1, "美利坚": 1, "保护": 2, "大国": 6, "脸面": 1, "难得": 1, "年底": 1, "投资": 2, "等级": 2, "评为": 1, "最低": 1, "摆脱": 2, "窘境": 1, "勒紧": 1, "裤腰带": 1, "裁": 1, "1万多": 1, "员工": 2, "节流": 1, "指": 1, "翻身仗": 1, "运营": 3, "后脚": 1, "紧跟": 1, "债": 1, "资金链": 1, "无比": 1, "紧张": 2, "估计": 1, "当初": 1, "特朗普": 5, "CEO维斯特": 1, "博格": 1, "欲哭无泪": 1, "得罪": 2, "偏": 1, "王": 1, "年初": 1, "欧盟": 2, "委员会": 1, "公布": 1, "工业": 2, "排名": 2, "113亿": 1, "欧元": 1, "投入": 3, "第五": 1, "英特尔": 9, "博弈": 1, "领先": 4, "诺基亚": 1, "身位": 1, "爱立信": 1, "排": 2, "43": 1, "德国": 1, "数据": 2, "IPlytics": 1, "份": 4, "报告": 2, "Who": 1, "leading": 1, "patentrace": 1, "勾勒": 1, "顶级": 2, "玩家": 3, "画像": 1, "表现": 3, "抢眼": 1, "至极": 1, "给出": 2, "关键": 3, "信息": 1, "截至": 1, "2019年": 1, "4月": 1, "申请": 3, "通讯": 1, "SEPs": 3, "件数": 1, "占比": 1, "34%": 1, "位列": 1, "15%": 1, "翻译": 1, "中文": 1, "标准": 3, "那种": 1, "传说": 1, "绕": 1, "爱恨": 1, "交加": 1, "高通": 1, "多种": 1, "件": 3, "多么": 1, "逆天": 2, "收取": 1, "专利费": 2, "交叉": 1, "低": 1, "成本": 1, "一句话": 1, "躺": 1, "收": 1, "钱": 1, "干": 1, "一口气": 1, "提交": 1, "5405": 1, "组织": 1, "干事": 1, "惊地": 1, "合不拢嘴": 1, "有史以来": 1, "创下": 1, "纪录": 1, "掌控": 1, "当真": 1, "无知者": 1, "无畏": 1, "顶": 1, "烂透": 1, "财务": 1, "状况": 1, "营收": 1, "交": 1, "智商": 1, "税": 1, "预算": 2, "办公室": 2, "主任": 1, "去函": 1, "副总统": 1, "彭斯": 2, "推迟": 1, "围堵": 1, "面临": 1, "现实": 1, "经济": 1, "难题": 1, "信中": 1, "指出": 2, "导致": 1, "需求": 2, "数量": 1, "急剧": 1, "减少": 1, "依赖": 1, "联邦": 2, "拨款": 2, "位于": 1, "农村": 1, "地区": 1, "比例": 1, "信函": 1, "承包商": 1, "贷款": 1, "受益者": 1, "四": 1, "生效": 2, "年内": 1, "作出": 2, "调整": 1, "提供": 2, "反馈": 1, "实事求是": 1, "眼下": 2, "蓬佩奥": 1, "博尔顿": 1, "靠着": 1, "冷战": 1, "思维": 1, "拍": 1, "脑袋": 1, "治国": 1, "听": 1, "进去": 1, "带到": 1, "贸易": 2, "谈判": 1, "一揽子": 1, "意图": 1, "统领": 1, "治": 1, "只能": 1, "筹码": 1, "摆上": 1, "谈判桌": 1, "讹诈点": 1, "榨出": 1, "放过": 1, "针对": 2, "总统": 1, "意志": 1, "党": 1, "政客": 1, "集体": 1, "思想": 1, "使出": 1, "手段": 2, "长期": 1, "击垮": 1, "后者": 1, "目标": 1, "放华": 1, "马": 1, "庆幸": 1, "并非": 1, "孤军奋战": 1, "战略": 1, "纵深": 1, "依仗": 1, "——": 3, "14亿": 1, "人口": 2, "消费": 1, "攻退": 1, "守": 1, "主业": 1, "竞争": 5, "优势": 5, "英国": 5, "跨国": 1, "沃达": 1, "Vodafone": 1, "本周六": 1, "15日": 1, "西班牙": 1, "15": 1, "城市": 2, "启动": 1, "沃达丰": 1, "意大利": 1, "大半": 2, "本土": 1, "EE": 1, "上月": 1, "30日": 1, "开通": 1, "服务": 3, "最先": 2, "覆盖": 1, "伦敦": 1, "卡迪夫": 1, "爱丁堡": 1, "6": 1, "30": 1, "46": 1, "合同": 2, "基站": 1, "发货量": 1, "10万": 1, "居": 1, "首位": 1, "意想不到": 1, "中断": 3, "倒是": 2, "逼": 1, "月初": 1, "业界": 1, "100万": 1, "规模": 1, "惊讶": 1, "初步": 1, "成型": 1, "大规模": 1, "修改": 1, "阶段": 1, "预料": 1, "BAT": 1, "互联网": 2, "联合": 1, "传": 1, "厂商": 3, "派出": 1, "技术员": 1, "实测": 1, "文章": 2, "预估": 1, "错误": 1, "欧洲": 1, "匹配": 1, "方舟": 2, "秋季": 2, "届时": 1, "现有": 2, "阵营": 2, "沉重": 1, "霸权": 2, "振奋": 2, "敢怒不敢言": 1, "他国人心": 1, "拭目以待": 1, "热门": 3, "资讯": 1, "玩机": 1, "技巧": 1, "数码": 1, "评测": 1, "科普": 1, "深扒": 1, "右上角": 1, "百家号": 1, "雷": 1, "----------------------------------": 1, "智能": 9, "功能": 1, "诸多": 1, "营销": 1, "词汇": 1, "包装": 1, "大致": 1, "熟悉": 1, "游戏": 12, "概念": 1, "相差": 1, "不大": 1, "远程": 1, "游玩": 2, "办公": 1, "12日": 2, "无线": 2, "微信": 1, "热度": 1, "端游": 1, "大作": 1, "逆水寒": 6, "不用": 2, "下载": 3, "高达": 2, "75GB": 1, "庞大": 1, "组装": 2, "中高端": 1, "主机": 1, "/": 2, "荣耀": 2, "随时": 1, "收费": 1, "模式": 1, "多样": 1, "包月": 1, "按需": 1, "选项": 1, "详尽": 1, "体验": 4, "感兴趣": 1, "朋友": 1, "自行": 3, "就算": 1, "速度": 2, "10MB/s": 1, "数十": 1, "毫秒": 1, "延时": 1, "也就是说": 1, "完美": 1, "4G": 2, "绝大多数": 1, "宽带": 1, "结论": 1, "这项": 1, "放": 1, "质": 1, "超高": 2, "传输": 1, "极致": 1, "低延": 1, "得以": 1, "脱胎换骨": 1, "条件": 2, "方案": 2, "玩": 1, "太": 5, "帧数": 1, "画质": 1, "比不上": 1, "人气": 1, "作品": 1, "至少": 2, "新鲜": 1, "事物": 1, "有利于": 1, "推广": 1, "网易": 1, "花边": 1, "频出": 1, "主流": 1, "传播": 1, "圈子": 1, "激发": 1, "兴趣": 1, "最佳": 2, "高端": 3, "台式机": 1, "完整": 1, "在于": 1, "坐": 1, "在家": 1, "互补": 1, "本来": 2, "进程": 1, "受阻": 1, "借此机会": 1, "一举成名": 1, "来讲": 1, "本领": 1, "过硬": 1, "影响力": 1, "与日俱增": 1, "78%": 1, "顺利": 1, "24": 1, "人员": 1, "亢奋": 1, "爆发": 1, "凝聚力": 1, "爱国": 1, "跃然纸上": 1, "断供": 9, "当晚": 1, "子公司": 1, "发": 1, "邮件": 1, "采用": 1, "这次": 4, "终于": 2, "备用": 1, "粉碎": 1, "对抗": 1, "大展身手": 1, "最多": 1, "荣居": 1, "榜首": 1, "大失所望": 1, "正是": 2, "宣传": 1, "全世界": 1, "知晓": 1, "可谓": 1, "偷鸡不成蚀把米": 1, "步伐": 1, "更进一步": 1, "平稳": 1, "过度": 1, "不必": 1, "担心": 3, "东方": 4, "招纳": 1, "人才": 2, "输于": 1, "有目共睹": 1, "施行": 1, "进军": 4, "人工": 6, "俄罗斯": 7, "数万": 1, "工程师": 1, "众所周知": 1, "长远": 2, "趋势": 2, "把握": 1, "住": 3, "抓住": 1, "头部": 1, "效应": 1, "率先": 1, "实施": 3, "愈加": 1, "华裔": 2, "科学家": 3, "带领": 1, "团队": 1, "回到": 2, "连连": 1, "工作": 1, "生活": 1, "专家": 2, "美军": 1, "鲜明": 1, "对比": 1, "税收": 1, "优惠": 1, "政策": 1, "优秀": 1, "祖国": 2, "利用": 2, "发光": 1, "发热": 1, "惊慌失措": 1, "害怕": 1, "抢先": 1, "提前": 3, "纷纷": 1, "再次": 1, "选择权": 1, "主动": 2, "选择": 3, "就要": 1, "看任": 1, "老板": 1, "心情": 1, "在内": 1, "极度": 1, "舒适": 1, "解气": 1, "留言": 1, "心声": 1, "硬气": 2, "底气": 2, "残酷": 1, "脱颖而出": 1, "不顾": 2, "吃相": 2, "超级大国": 2, "举国": 2, "封杀": 7, "站": 1, "活": 1, "站住": 1, "强权": 1, "屈服": 2, "消极": 2, "防守": 2, "负责人": 2, "透露": 3, "平板": 1, "穿戴": 1, "九月": 1, "措施": 1, "机械": 1, "程度": 2, "对手": 1, "同行": 1, "反击": 2, "回应": 1, "题材": 1, "态度": 5, "严谨": 1, "相比": 1, "欣赏": 1, "华为人": 3, "考验": 3, "不卑不亢": 1, "淡定": 2, "从容": 1, "看待": 1, "空前": 1, "视": 1, "懈怠": 1, "危险": 1, "全员": 1, "战斗力": 1, "蒸蒸日上": 1, "状态": 3, "潜台词": 1, "逆境": 1, "击败": 1, "内因": 1, "外因": 1, "辩证": 1, "足够": 2, "豪迈": 1, "沦为": 1, "笑柄": 1, "历史": 1, "笑话": 1, "究竟": 1, "外部": 1, "低估": 2, "修炼": 1, "高度": 1, "高调": 2, "通信": 5, "设备商": 2, "团灭": 1, "表态": 1, "之上": 2, "故作": 1, "展现": 1, "缺乏": 2, "中兴": 1, "遭遇": 1, "郁闷": 1, "无奈": 2, "不至于": 1, "气急败坏": 1, "期待": 1, "融身": 1, "体系": 2, "环节": 2, "切断": 2, "陷入": 1, "困境": 1, "唯一": 1, "追赶": 1, "过程": 1, "处于": 1, "升级": 1, "扛": 1, "级别": 1, "全力": 1, "想象": 1, "剧本": 1, "错觉": 1, "迷惑": 1, "硬": 1, "弱": 1, "心理": 1, "塑造": 1, "加持": 1, "自信心": 1, "民族": 1, "绝非": 1, "夸大之词": 1, "我国": 1, "远远": 1, "落后": 2, "赶超": 1, "设施": 1, "终端": 1, "填补": 1, "弱项": 1, "空白": 1, "前景": 1, "乐观": 1, "背": 1, "十四亿": 1, "超大": 1, "变危为机": 1, "好几": 1, "预期": 1, "巅峰": 1, "相遇": 1, "ICT": 1, "站上": 1, "革命": 1, "位置": 1, "高科技": 1, "高高堆": 1, "壁垒": 1, "满怀": 1, "艳羡": 1, "兴叹": 1, "天文": 1, "数字": 1, "倒": 1, "赚取": 1, "高额": 1, "利润": 1, "超出": 1, "范畴": 1, "当今": 1, "当作": 1, "遏制": 4, "为此": 2, "不惜": 1, "协作": 1, "震惊": 1, "愤慨": 1, "合情合理": 1, "无缘无故": 1, "尤其是": 2, "拼硬": 1, "顶尖": 1, "选手": 1, "好好": 1, "研究": 1, "股权": 1, "结构": 1, "高效率": 1, "克服": 1, "资本": 1, "短视": 1, "尹国明": 1, "察网": 1, "专栏": 1, "作家": 1, "直击": 1, "3G": 1, "西方": 2, "主导": 2, "靠次": 1, "获取": 1, "主导权": 1, "嫉妒": 1, "游说": 1, "零配件": 1, "供货": 1, "坚定": 1, "机型": 2, "上将": 1, "旗下": 1, "软化": 1, "冲击": 1, "英特": 1, "有amd": 1, "抗衡": 1, "服务器": 4, "占有": 1, "产品商": 1, "matebook": 1, "喜爱": 1, "总裁": 1, "何庭波": 1, "发文": 1, "意涵": 1, "胜任": 1, "全新": 1, "天罡": 2, "920": 1, "运转": 1, "措手不及": 1, "老大": 1, "对手amd": 1, "不可小觑": 1, "坦言": 1, "B": 1, "保证": 1, "极端": 2, "笔者": 1, "判断": 1, "奶酪": 1, "随即": 1, "之间": 1, "更新": 2, "试图": 1, "商业": 1, "孤立": 1, "方式": 1, "晚": 1, "明年": 1, "春天": 1, "面市": 1, "商标": 1, "显示": 1, "核准": 1, "注册": 1, "舆论": 1, "自研": 1, "预兆": 1, "加快": 1, "自给自足": 1, "这下": 1, "着急": 1, "罕见": 1, "举动": 1, "金融": 1, "7日": 1, "警告": 1, "希望": 1, "免除": 1, "出口": 1, "往来": 1, "官员": 1, "争辩": 1, "版本": 2, "黑客": 2, "攻击": 2, "损害": 1, "此举": 1, "百万": 1, "漏洞": 1, "短期": 1, "内": 2, "阻碍": 1, "变革": 1, "自力更生": 1, "动摇": 1, "改用": 1, "伤透脑筋": 1, "送来": 1, "大礼": 1, "俄": 1, "国": 1, "领导人": 1, "见证": 1, "MTS": 2, "签署": 1, "协议": 1, "试点": 1, "首席": 1, "执行官": 1, "科尔尼亚": 1, "威胁": 1, "狠狠": 1, "脸": 1}