{"差": 6, "钱": 17, "华为": 212, "刷屏": 3, "拟": 3, "境内": 20, "首次": 9, "发债": 34, "募资": 1, "60亿": 6, "！": 23, "公司": 69, "回应": 5, "中国": 10, "证券报": 1, "张兴旺": 1, "这家": 2, "全球": 22, "通信": 7, "行业": 6, "巨头": 4, "谋求": 1, "发行": 20, "公募": 7, "债券": 23, "本次": 5, "注册": 8, "期": 20, "中期": 9, "票据": 9, "募集": 13, "30亿": 5, "元": 54, "用于": 4, "补充": 9, "本部": 4, "下属": 4, "子公司": 5, "营运": 7, "资金": 28, "9月": 15, "11日": 7, "晚间": 2, "称": 7, "经营": 13, "稳健": 8, "现金流": 5, "充裕": 6, "融资": 34, "布局": 6, "持续": 10, "优化": 8, "资本": 7, "架构": 6, "确保": 3, "财务": 7, "发": 2, "中票": 9, "账面": 3, "现金": 8, "银行": 6, "市场": 17, "交易商": 4, "协会": 4, "金融": 5, "企业": 27, "债务": 2, "工具": 1, "系统": 15, "显示": 16, "投资": 23, "控股": 4, "有限": 6, "简称": 2, "提交": 3, "2019": 3, "年度": 3, "第一": 6, "/": 3, "第二": 10, "材料": 3, "两期": 1, "规模": 13, "期限": 4, "均": 9, "3": 6, "；": 16, "承销商": 5, "工商": 2, "建设": 10, "工行": 3, "、": 136, "建行": 3, "推荐": 6, "函": 1, "300亿": 1, "超过": 3, "200亿": 1, "100亿": 1, "缺": 11, "说明书": 13, "可谓": 2, "三年": 4, "2019年": 10, "上半年": 8, "末": 13, "货币": 8, "余额": 2, "1254.82亿": 1, "1572.65亿": 1, "1840.87亿": 1, "2497.31亿": 3, "2018年": 9, "2017年": 4, "增加": 8, "268.22亿": 1, "增幅": 4, "17.06%": 1, "上半": 1, "656.44亿": 3, "35.66%": 3, "基于": 4, "流动性": 2, "管理": 4, "持有": 3, "业务": 21, "增长": 13, "保障": 5, "需求": 2, "官网": 1, "披露": 4, "数据": 5, "2015-2018年": 1, "活动": 3, "523亿": 1, "492.18亿": 1, "963.36亿": 1, "746.59亿": 1, "净流量": 1, "减少": 1, "216.77亿": 1, "降幅": 1, "22.50%": 1, "加大": 1, "研发": 10, "投入": 10, "库存": 1, "资产": 9, "负债率": 2, "68.41%": 1, "65.24%": 1, "64.99%": 1, "65.21%": 1, "呈现": 1, "小幅": 1, "波动": 1, "趋势": 4, "稳定": 2, "前海开源": 1, "基金": 1, "首席": 1, "经济学家": 1, "杨德龙": 1, "中证君": 2, "我国": 1, "优秀": 1, "科技": 17, "状况": 4, "情况": 11, "资金面": 2, "充足": 1, "这次": 3, "渠道": 11, "截至": 6, "6月底": 1, "在建": 1, "工程": 2, "5": 10, "项": 1, "包括": 4, "79亿": 1, "贵安": 1, "云数据": 1, "中心": 6, "项目": 17, "46.6亿": 1, "岗头": 1, "人才": 4, "公寓": 1, "38亿": 1, "苏州": 1, "松山湖": 2, "终端": 17, "二期": 1, "19亿": 1, "培训": 2, "学院": 2, "拟建": 1, "上海": 1, "青浦": 1, "武汉": 2, "海思": 1, "工厂": 9, "109.85亿": 1, "18亿": 1, "100%": 2, "自有": 1, "此前": 2, "四": 5, "美元": 5, "债": 1, "心债": 2, "2月": 1, "未": 4, "应付": 1, "307.82亿": 1, "评估": 4, "机构": 10, "AAA": 3, "好评": 1, "针对": 2, "发布": 13, "媒体": 2, "正式": 6, "文件": 4, "聚焦": 1, "ICT": 2, "基础": 5, "设施": 2, "客户": 3, "提供": 7, "产品": 12, "解决": 5, "方案": 5, "服务": 10, "快速": 4, "发展": 12, "容量": 3, "打开": 3, "进一步": 6, "整体": 5, "运营": 5, "来自于": 2, "积累": 5, "外部": 6, "占比": 6, "90%": 2, "10%": 3, "评级": 3, "联合": 11, "资信": 11, "有限公司": 2, "主体": 5, "长期": 5, "信用": 2, "等级": 2, "债项": 2, "划分": 1, "三等": 1, "九": 1, "偿债": 3, "风险": 7, "本期": 2, "偿还": 2, "能力": 13, "违约": 3, "低": 7, "报告": 1, "一家": 2, "员工": 10, "持股": 7, "领先": 6, "信息": 6, "技术": 16, "智能": 25, "提供商": 1, "列出": 1, "七大": 1, "优势": 7, "拥有": 1, "业界": 4, "完整": 2, "端到端": 1, "产品线": 2, "融合": 1, "研究": 2, "专利": 1, "底层": 1, "支持": 5, "5G": 48, "标准": 3, "制定": 2, "构建": 5, "竞争": 2, "壁垒": 1, "效益": 3, "资源": 6, "指出": 5, "国际": 2, "政治经济": 1, "环境": 2, "多变": 1, "全球化": 1, "带来": 4, "潜在": 1, "成本": 3, "产业": 7, "扩容": 1, "产业链": 19, "工艺": 2, "水平": 5, "生产": 8, "协同": 2, "电子": 15, "供应链": 12, "处在": 1, "结构": 3, "升级": 6, "阶段": 1, "链条": 1, "时间": 8, "核心": 14, "零部件": 1, "产能": 2, "内": 4, "龙头": 7, "供货": 1, "稳定性": 1, "常态": 1, "影响": 4, "专家": 4, "：": 22, "希望": 1, "此举": 1, "人民": 1, "大学": 1, "商法": 1, "研究所": 1, "所长": 1, "刘俊海": 3, "教授": 1, "件": 1, "事情": 1, "这是": 3, "公开": 4, "上市": 4, "公众": 2, "体现": 1, "社会": 1, "责任": 1, "担当": 1, "投资人": 2, "散户": 1, "难得": 1, "回报": 1, "收益": 1, "满意": 1, "品种": 1, "领域": 11, "投资者": 6, "建立": 1, "信任感": 1, "有助于": 2, "改善": 1, "选择": 1, "劳动者": 2, "股东": 2, "引入": 1, "债权人": 2, "利益": 1, "相关者": 1, "格局": 1, "可持续": 1, "同行": 2, "通行": 1, "治理": 3, "原则": 1, "标大型": 1, "跨国公司": 2, "尤其是": 1, "弥补": 1, "机会": 3, "拿到": 1, "加压": 1, "提高": 1, "透明度": 1, "完善": 1, "体系": 3, "增强": 1, "竞争力": 1, "8日": 1, "首批": 1, "EMUI": 10, "10": 6, "内测": 1, "用户": 5, "收到": 1, "推送": 1, "发现": 5, "APP": 3, "闪退": 4, "动作": 2, "很快": 2, "马上": 1, "公告": 2, "原因": 11, "后续": 1, "很": 25, "给力": 1, "原文": 1, "更新": 2, "10.0": 4, "手机": 45, "这时候": 1, "着急": 1, "上火": 1, "更迭": 1, "功能": 10, "提升": 7, "未能": 1, "兼容": 2, "不便": 1, "抱歉": 1, "整理": 1, "份": 1, "尚未": 1, "适配": 4, "EMUI10": 1, "名单": 1, "分类": 1, "表格": 1, "查询": 2, "确认": 1, "发生": 3, "开发者": 1, "恢复": 1, "体验": 2, "帖子": 1, "留言": 1, "跟进": 1, "身边": 2, "朋友": 1, "困扰": 1, "烦请": 1, "花粉们": 1, "多多": 1, "扩散": 1, "名称": 1, "供": 1, "稍安": 1, "勿躁": 1, "等待": 1, "各家": 1, "工程师们": 1, "晚": 2, "状态": 2, "预评": 1, "交易": 1, "激起": 1, "波澜": 1, "资深": 2, "债市": 1, "从业者": 1, "记者": 5, "看完": 1, "讲": 2, "明白": 1, "民企": 1, "千万": 1, "挑一": 1, "本身": 1, "代表": 1, "实力": 12, "2015年": 1, "2016年": 1, "境外": 1, "共计": 3, "45亿": 1, "到期": 1, "26亿": 1, "人民币": 2, "兑付": 1, "经历": 1, "票": 1, "首秀": 1, "用途": 2, "预计": 4, "各项": 1, "未来": 11, "态势": 1, "做主": 1, "值得": 2, "此次": 6, "不为人知": 1, "揭开": 1, "面纱": 1, "2016": 2, "合并": 1, "口径": 1, "营业": 3, "收入": 6, "5180.68亿": 1, "5984.80亿": 1, "7151.92亿": 1, "3965.38亿": 1, "同比": 2, "31.58%": 1, "15.52%": 1, "19.50%": 1, "22.86%": 1, "年均": 1, "复合": 1, "增长率": 1, "17.49%": 1, "流动": 2, "6月": 5, "认购": 1, "前述": 1, "人士": 1, "分析": 2, "估计": 1, "大头": 3, "非银": 1, "热闹": 1, "毕竟": 2, "回购": 1, "不见得": 1, "押": 1, "给出": 3, "近年来": 2, "运营商": 4, "消费者": 5, "拓展": 3, "具备": 4, "盈利": 1, "获取": 1, "权益": 1, "现金类": 1, "负担": 1, "轻": 1, "提及": 1, "面临": 2, "评价": 1, "想必": 1, "都": 16, "熟悉": 1, "身上": 2, "各种各样": 1, "黑科技": 1, "自带": 1, "输入法": 10, "强大": 3, "实用": 2, "用来": 1, "打字": 3, "可不": 1, "简单": 3, "1.": 1, "识别": 1, "生僻": 1, "字龘": 1, "龘": 1, "犄": 1, "旮": 1, "旯": 1, "涕": 1, "泗": 1, "耄": 1, "耋": 1, "字": 4, "碰到": 2, "改为": 1, "手写": 10, "下次": 1, "依旧": 1, "读": 1, "模式": 7, "左上角": 1, "读音": 1, ".": 3, "输入": 7, "切换": 3, "开启": 4, "无需": 1, "长句": 1, "短语": 4, "一气呵成": 1, "设置": 11, "方法": 3, "点击": 4, "—": 11, "竖屏": 1, "横屏": 1, "键盘": 3, "内部": 2, "笔": 2, "助攻": 1, "生活": 2, "寄": 1, "收": 1, "快递": 1, "邮箱": 1, "地址": 1, "抬头": 1, "发票": 1, "常用": 1, "太": 2, "记得": 1, "住": 1, "出入法": 2, "一个": 9, "懒人": 1, "自定义": 1, "聊天": 1, "快捷": 2, "4.": 1, "文字": 4, "扫描": 3, "工作": 4, "很多": 9, "纸质": 2, "文档": 1, "电子档": 2, "扫描仪": 1, "难": 3, "办到": 1, "轻松": 1, "5.": 1, "表情包": 2, "不仅仅": 2, "常见": 1, "Emoji": 1, "表情": 1, "萌": 1, "凶": 1, "可静": 1, "可动": 1, "颜": 1, "界面": 2, "笑脸": 1, "套": 1, "专属": 1, "AR表": 1, "情包": 1, "添加": 1, "背景": 2, "滤镜": 1, "6": 4, "单手": 3, "如今": 1, "屏幕": 3, "女生": 1, "手": 3, "妹子": 1, "福音": 1, "操作": 3, "小编": 2, "介绍": 6, "技巧": 2, "讲到": 1, "左手": 1, "右手": 1, "A": 2, "I": 1, "全解": 1, "析丨": 1, "风口": 1, "02:18": 1, "鲲鹏": 1, "展翅": 1, "鸿蒙": 1, "初辟": 1, "时代": 6, "到来": 3, "顶尖": 1, "发力": 1, "自主": 3, "可控": 3, "生态": 4, "周期": 5, "引领者": 2, "先行者": 2, "创新": 10, "驱动": 2, "上千": 2, "螺旋": 2, "演化": 2, "成长": 4, "券商": 1, "直言": 1, "迎来": 4, "黄金": 2, "机遇": 3, "12日": 1, "概念股": 1, "掀涨": 1, "停潮": 1, "收盘": 1, "证通": 1, "中威": 1, "凡谷": 1, "东方": 1, "中科": 1, "11": 11, "股": 3, "涨停": 1, "北信源": 1, "福蓉": 1, "博威": 1, "合金": 1, "涨逾": 1, "6%": 1, "中光学": 1, "激智": 1, "鹏": 1, "博士": 1, "纷纷": 1, "跟涨": 1, "4013亿": 2, "营收": 4, "五月份": 1, "快": 1, "‘": 2, "实体": 2, "清单": 1, "惯性": 1, "困难": 1, "依然": 3, "人力": 5, "物力": 1, "版本": 1, "供应": 3, "连续性": 1, "交付": 2, "业绩": 5, "董事长": 2, "梁华": 3, "架": 1, "烂": 1, "飞机": 1, "补洞": 2, "7月": 3, "30日": 2, "深圳": 3, "发布会": 8, "23.2%": 1, "净": 2, "利润率": 1, "8.7%": 1, "基本上": 1, "补": 1, "差不多": 1, "重点": 3, "生存": 1, "奋斗": 2, "计划": 2, "1200亿": 1, "证明": 1, "下半年": 1, "频频": 1, "AI": 1, "芯片": 21, "智慧屏": 1, "安防": 2, "新品": 1, "行列": 1, "3日": 1, "第五": 1, "届": 1, "亚太": 1, "董事": 1, "战略": 5, "研究院": 1, "院长": 1, "徐文伟": 1, "50多": 1, "商用": 2, "合同": 1, "发货": 1, "20多": 1, "万5G": 1, "基站": 4, "Massive": 1, "MIMO": 1, "AUU": 1, "接近": 1, "三分之二": 1, "2025十": 1, "2025年": 2, "部署": 2, "6500万5": 1, "G基站": 1, "28亿": 1, "58%": 1, "人口": 1, "享有": 1, "4G": 1, "占": 6, "一半": 2, "抢跑": 1, "6日": 1, "CEO": 1, "余承东": 2, "德国": 2, "柏林": 1, "消费": 2, "电子展": 1, "IFA": 1, "推出": 3, "最新": 1, "一代": 1, "旗舰": 4, "麒麟990": 5, "系列": 11, "款": 5, "麒麟": 4, "990": 4, "首款": 2, "SoC": 4, "提前": 1, "24": 1, "规划": 3, "3000多": 1, "攻克": 1, "难题": 1, "业内": 3, "先进": 2, "7nm+": 1, "EUV": 1, "制程": 1, "Modem": 1, "集成": 3, "率先": 1, "NSA/SA": 1, "TDD/FDD": 1, "频段": 1, "全网通": 1, "巴龙": 1, "5000": 1, "联接": 1, "2.3Gbps": 1, "峰值": 1, "下载": 1, "速率": 1, "行峰": 1, "值速率": 1, "1.25": 1, "Gbps": 1, "Mate30": 2, "首发": 2, "搭载": 2, "该款": 1, "19日": 1, "慕尼黑": 1, "据悉": 1, "Mate": 1, "采用": 2, "外挂": 1, "方式": 2, "唯一": 1, "SOC": 1, "现场": 2, "103亿": 1, "晶体管": 2, "晶体": 1, "管数": 1, "最多": 1, "复杂度": 1, "值得一提的是": 1, "北京": 3, "凌晨": 1, "1点": 1, "苹果": 21, "秋季": 1, "对比": 9, "机型": 1, "iPhone": 16, "充电": 2, "续航": 5, "差距": 1, "10日": 1, "布达佩斯": 1, "电信": 2, "联盟": 1, "世界": 2, "电信展": 1, "立场": 1, "白皮书": 2, "展望": 1, "场景": 1, "呼吁": 1, "组织": 1, "监管": 1, "推进": 1, "频谱": 2, "到位": 1, "商业": 1, "总裁": 2, "杨超斌": 1, "加速": 5, "国家": 2, "35": 1, "33": 1, "分配": 1, "数万亿": 1, "空间": 3, "2035年": 1, "创造": 1, "12万亿": 1, "经济": 2, "产出": 1, "80%": 1, "相关": 2, "解析": 1, "国产": 10, "替代": 4, "A股": 1, "有望": 5, "3-5年": 2, "天风": 1, "证券": 5, "进程": 1, "关注": 5, "梳理": 1, "现有": 1, "薄弱": 1, "环节": 3, "光学": 2, "上游": 1, "进口": 1, "下游": 2, "供给": 1, "端": 1, "崛起": 2, "看好": 1, "估值": 1, "明朗": 1, "受益": 2, "+": 6, "国产化": 1, "标的": 3, "优质": 3, "圣邦": 2, "股份": 8, "卓胜微": 2, "兆": 2, "紫光": 1, "国微": 1, "长电": 1, "闻泰": 2, "环旭": 1, "君正": 1, "国金": 1, "投资机": 1, "遇期": 1, "总量": 1, "总体": 2, "3000亿": 1, "足够": 1, "封闭": 1, "占据": 1, "主导": 1, "地位": 2, "传统": 1, "下滑": 1, "20%": 1, "依赖": 1, "合作": 9, "伙伴": 4, "价值": 3, "创": 1, "云计算": 1, "车联网": 1, "态度": 2, "变化": 1, "采购": 5, "价格": 4, "转型": 2, "新时代": 1, "判断": 1, "2020年": 2, "机潮": 2, "设计": 8, "经验": 1, "催化": 1, "作用": 1, "历史性": 1, "PCB": 1, "厂商": 2, "鹏鼎": 1, "深南": 1, "电路": 1, "沪电": 2, "生益": 2, "面板": 1, "京东方A": 1, "精密": 3, "制造": 3, "立讯": 2, "电感": 1, "顺络": 1, "微麦": 1, "克风": 1, "歌尔": 1, "代工": 1, "光弘": 1, "供应商": 3, "韦尔": 2, "汇顶": 1, "华泰": 1, "三大": 1, "设备": 5, "决心": 1, "加快": 1, "坚定": 1, "短期": 2, "长": 4, "中短": 1, "挖掘": 1, "三": 6, "条": 2, "主线": 1, "10年": 1, "角度": 3, "硬件": 2, "确定性": 1, "5G主": 1, "建设期": 1, "弹性": 1, "硕贝德": 1, "重磅": 1, "终于": 1, "众多": 2, "果粉": 2, "早就": 1, "钱包": 1, "市值": 2, "随即": 1, "破": 1, "万亿": 2, "第四": 1, "突破": 2, "大关": 1, "某种": 1, "程度": 3, "意味着": 3, "成功": 1, "国内": 8, "诟病": 2, "丝毫": 2, "痴迷": 1, "心情": 2, "沿袭": 1, "挤": 2, "牙膏式": 2, "升级法": 1, "陷入": 1, "枯竭期": 1, "外观": 2, "竟然": 2, "改变": 1, "大小": 1, "X": 1, "大胆": 1, "尝试": 1, "开创": 2, "刘": 1, "海屏": 1, "先河": 1, "随后": 1, "品牌": 2, "争相": 1, "模仿": 3, "大街小巷": 1, "主流": 2, "样貌": 1, "大街": 1, "到处": 1, "刘海": 1, "一时间": 1, "究竟": 1, "钦佩": 1, "开拓": 1, "全新": 3, "中国人": 1, "岂能": 1, "掩盖": 1, "OPPO": 2, "Find": 1, "X到": 1, "Reno": 1, "7": 1, "P30": 18, "后起之秀": 1, "不得不": 1, "P20": 2, "抢占": 1, "DxO": 1, "排行": 1, "榜首": 1, "位置": 2, "半": 1, "mate20": 2, "才能": 1, "撼动": 1, "拍照": 6, "正是": 1, "竖向": 1, "排列": 1, "后置": 4, "摄像头": 4, "对象": 1, "天空": 1, "镜": 1, "稀奇": 1, "配色": 1, "统统": 1, "学习": 1, "现象": 1, "不甘落后": 1, "和好": 1, "学心": 1, "当年": 1, "浴霸": 3, "渲染图": 1, "刚刚": 1, "曝光": 1, "网上": 1, "骂声": 1, "1000万": 1, "销量": 1, "实际上": 1, "肯定": 1, "这不": 1, "吐槽": 1, "丑": 1, "外来": 1, "和尚": 1, "念经": 1, "想要": 2, "真的": 2, "困难重重": 1, "降价": 1, "赠品": 1, "最低": 2, "8": 1, "折": 1, "到手": 1, "季节": 3, "工业": 2, "摄": 5, "凸起": 2, "防毒": 1, "面具": 1, "镜头": 3, "缝隙": 1, "积灰": 1, "清理": 1, "磨损": 1, "刮花": 1, "就算": 1, "千": 2, "国产机": 1, "遗憾": 3, "mate30": 1, "就要": 1, "失败": 2, "谷歌": 1, "禁用": 1, "相当于": 1, "微信": 1, "国外": 1, "打击": 1, "应对": 1, "前途": 1, "光明": 1, "看待": 1, "破发": 1, "评论": 1, "转发": 1, "带": 1, "前沿": 1, "感受": 1, "非凡": 1, "身影": 1, "改": 1, "往日": 1, "申请": 1, "处于": 2, "2016-2018年": 1, "5180亿": 1, "5984亿": 1, "7151亿": 1, "2497亿": 1, "借钱": 1, "股权": 3, "较为": 3, "分散": 2, "任正非": 1, "1.01%": 1, "凝聚力": 1, "过于": 2, "向来": 1, "鲜少": 1, "对外": 1, "源于": 2, "落实": 1, "支撑": 1, "有备无患": 1, "从未": 1, "展示": 2, "秀": 1, "建议": 1, "极为": 1, "认可": 1, "额度": 3, "总计": 1, "恐怕": 1, "担心": 2, "抢到": 2, "事实上": 2, "激动": 1, "高喊": 1, "被动": 1, "买": 6, "不用": 1, "购置": 1, "看法": 1, "双叒": 1, "筹划": 1, "消息": 2, "淡定": 1, "网友": 3, "议论纷纷": 1, "为啥": 1, "一般来说": 1, "才": 4, "难道": 1, "到底": 2, "将近": 1, "2500亿": 1, "没钱": 2, "——": 1, "2454.87亿": 1, "7057.16亿": 1, "还要": 1, "比例": 2, "也就是说": 1, "做生意": 1, "垫钱": 1, "块钱": 2, "1": 5, "雄厚": 1, "忘": 1, "告诉": 1, "观点": 1, "大体上": 1, "国联": 1, "分析师": 1, "王亮": 1, "降低": 2, "总监": 1, "王林": 2, "宽松": 1, "认可度": 1, "信任": 1, "运作": 1, "奠定": 1, "4": 1, "诺亚": 1, "工作坊": 1, "二级": 1, "负责人": 2, "姜奇甲": 1, "关键": 2, "不行": 2, "舍得": 2, "花钱": 2, "引发": 1, "诸多": 1, "猜测": 1, "正好": 1, "解开": 1, "谜底": 1, "人员": 3, "搞": 1, "比重": 2, "4800亿": 1, "风头": 1, "盖": 1, "势头": 1, "迅猛": 1, "2184.64亿": 1, "55.09%": 1, "总收入": 1, "力度": 1, "战斗力": 1, "有名": 1, "激励": 1, "不止": 1, "参与": 2, "人数": 2, "96768": 1, "53%": 1, "打工": 1, "外行": 1, "看热闹": 1, "内行看门道": 1, "想": 1, "周琳": 1, "策划": 1, "文案": 1, "孟飞": 1, "杜铭": 1, "王薇薇": 1, "长沙": 25, "园比亚迪": 1, "外景": 1, "比亚迪": 13, "车间": 3, "一角": 1, "晚报": 2, "柏平": 1, "9日": 2, "位于": 3, "河西": 1, "望城经": 2, "开区": 4, "批量": 2, "下线": 5, "迈出": 1, "1智造新": 1, "地标": 1, "年产": 2, "4000万": 2, "台": 3, "产业园": 5, "占地": 1, "260": 1, "亩": 1, "建筑": 1, "面积": 2, "26万": 1, "平方米": 1, "走": 1, "硕大": 1, "安静": 1, "数百": 1, "名": 3, "工人": 3, "生产线": 1, "1.5亿": 1, "泛网络": 1, "湖南": 3, "电子类": 1, "振奋": 1, "洽谈": 1, "仅仅": 1, "70": 2, "15日": 1, "望城": 6, "经开区": 4, "签约": 6, ";": 3, "厂区": 1, "竣工": 1, "验收": 1, "18日": 1, "进场": 1, "印象": 1, "汽车": 2, "见长": 1, "年前": 1, "落户": 1, "湖南省": 1, "能源": 1, "排头兵": 1, "追加": 1, "上百亿": 1, "储能": 1, "绿色": 1, "交通": 1, "高端": 3, "展开": 2, "全方位": 2, "力争": 2, "打造": 5, "千亿": 3, "投产": 3, "环": 1, "早": 2, "二十年": 1, "见证": 1, "出席": 1, "仪式": 1, "王传福": 1, "组装": 1, "认证": 1, "管理部": 1, "民": 1, "多年": 1, "关系": 1, "广度": 1, "深度": 1, "努力": 2, "本地": 1, "生态圈": 1, "小时": 3, "保证": 1, "5.28": 1, "平方公里": 1, "HUB": 1, "吸聚": 1, "入驻": 3, "HUB仓": 1, "旗帜": 1, "网络": 2, "无线": 1, "集散": 1, "分拨": 1, "3月": 1, "29日": 1, "4月": 2, "4日": 1, "开工": 1, "4月份": 1, "亿达": 1, "智造": 1, "小镇": 1, "三生共融": 1, "理念": 1, "片区": 1, "城市": 1, "公园": 1, "载体": 1, "启动": 1, "镇": 1, "客厅": 1, "社区": 1, "学校": 1, "创智岛": 1, "带动": 1, "吸引": 3, "配套": 1, "陆续": 1, "物料": 1, "配送": 1, "供应圈": 1, "征程": 1, "22日": 1, "大型": 1, "锂离子": 1, "电池": 3, "组合": 1, "封装": 1, "德赛": 1, "(": 1, ")": 1, "先期": 1, "租赁": 1, "厂房": 1, "笔记本": 1, "电脑": 1, "一流": 1, "推行": 1, "智能化": 1, "两型化": 1, "标杆化": 1, "扎堆": 1, "助力": 1, "千亿产业": 2, "集群": 3, "高地": 2, "园区": 2, "贝斯特": 1, "热流道": 1, "恒茂": 1, "高科": 1, "15": 1, "对接": 1, "48": 1, "3有": 1, "温度": 1, "再造": 2, "数千": 1, "用工": 3, "4月初": 1, "城经": 2, "出资": 1, "成立": 1, "国有": 1, "华伟": 2, "批次": 1, "招聘": 1, "2037": 1, "赴": 1, "贺": 1, "培养": 1, "职业": 1, "签订": 1, "协议": 1, "措": 1, "并举": 1, "长效": 1, "机制": 1, "区内": 1, "区外": 1, "驻点": 1, "校企": 1, "五位一体": 1, "输送": 1, "劳动": 1, "如期": 1, "信号": 1, "传递": 1, "聚群": 1, "效应": 1, "突显": 1, "新一代": 1, "半导体": 1, "交流": 1, "暨": 1, "14": 1, "器件": 1, "面向": 1, "云端": 1, "机器人": 1, "当地": 1, "招商": 1, "目标": 2, "引进": 1, "30": 1, "五": 1, "年内": 1, "产值": 1, "园定": 1, "来源": 1, "丨": 3, "综合": 1, "周斌": 1, "通讯员": 1, "陈柄丞": 1, "王鹏": 1, "编辑": 1, "刘鑫": 1, "宇校": 1, "丨罗罗君": 1, "iPhone11": 17, "万众": 1, "期待": 1, "之中": 1, "意外": 1, "新款": 2, "起步价": 1, "5499": 2, "历代": 1, "靠近": 1, "pro捏": 1, "汗": 1, "旧": 1, "定在": 1, "4988": 1, "500": 1, "Pro": 3, "选": 2, "懂": 2, "答案": 2, "亮点": 1, "性能": 6, "影像": 1, "期间": 1, "库克": 1, "发挥": 1, "放映": 1, "段": 1, "电影": 1, "导演": 1, "全程": 1, "录像": 1, "画面": 1, "以此": 1, "敌": 2, "倍": 2, "变焦": 1, "相差": 1, "远": 1, "像素": 1, "4000万四": 1, "借助": 1, "独立": 1, "ISP": 1, "超感": 1, "光AI": 1, "图像": 1, "引擎": 1, "夜拍": 2, "超乎": 1, "想象": 1, "感光度": 1, "ISO409600": 1, "iPhone11一": 1, "街": 1, "轮": 1, "iPhoneXR": 1, "得益于": 1, "出色": 1, "A13": 4, "功耗": 2, "表现": 3, "不俗": 1, "史无前例": 1, "18": 2, "W快": 1, "附送": 1, "w快": 1, "充头": 1, "购买": 1, "官方": 1, "充电器": 1, "意味": 1, "掏": 1, "两三百": 1, "块": 1, "反观": 1, "4200": 1, "mah": 1, "40W": 1, "超级": 1, "快充": 1, "科幻": 1, "反向": 1, "第三": 1, "GPU": 1, "turbo": 1, "卖点": 1, "处理器": 1, "编译": 1, "7nm": 1, "高达": 1, "80亿": 1, "高通": 1, "游戏": 3, "只能": 1, "调度": 1, "晒出": 1, "麒麟980": 2, "骁龙": 1, "855": 1, "的确": 1, "完胜": 1, "软件": 4, "毋容置疑": 1, "开局": 1, "提到": 1, "将要": 1, "TV+": 1, "订阅": 1, "三星": 2, "硬钢": 1, "iOS13": 1, "美观度": 1, "流畅度": 1, "超前": 1, "全世界": 1, "公认": 1, "iOS": 1, "命脉": 1, "所在": 1, "note10+": 1, "S10": 1, "例外": 1, "差价": 1, "400": 1, "摄影迷": 1, "追求": 1, "流畅": 1, "入手": 1, "声明": 1, "图片": 1, "侵权": 1, "请": 1, "作者": 1, "删除": 1}