{"5G": 64, "元年": 1, "众多": 3, "手机": 47, "品牌": 3, "竞争": 5, "激烈": 1, "国产": 2, "黑马": 1, "华为": 108, "成绩": 2, "不错": 2, "国内": 2, "一个": 3, "消费者": 16, "熟悉": 1, "功劳": 1, "都": 19, "努力": 1, "付出": 1, "很多": 5, "很": 5, "呼声": 2, "发自": 1, "内心": 1, "创造": 1, "骄傲": 1, "非官方": 1, "爆料": 2, "概念": 1, "新机": 17, "接下来": 1, "这部": 2, "机亮": 2, "王牌": 2, "曝光": 1, "资料": 3, "外观": 2, "设计": 12, "漂亮": 2, "该机": 12, "屏幕": 11, "大气": 2, "喜爱": 2, "采用": 2, "保留": 1, "窄": 1, "上下边框": 1, "COP": 1, "封装": 1, "技术": 16, "提高": 3, "屏占比": 1, "100%": 1, "全面屏": 1, "屏占": 1, "足够": 1, "尺寸": 1, "6.49": 1, "英寸": 1, "AMOLED": 1, "高清": 1, "显示屏": 2, "色彩": 2, "1800万": 1, "值": 1, "分辨率": 3, "3840": 1, "2160": 1, "像素": 5, "支持": 4, "4K": 1, "视频": 2, "拍摄": 9, "大招": 1, "镜头": 25, "可谓": 1, "强悍": 3, "搭载": 7, "徕卡": 7, "前置": 3, "钻孔式": 1, "钻孔": 1, "方式": 3, "单摄": 1, "3200万": 1, "最新": 2, "AI": 2, "人工": 1, "智能": 2, "HDR": 1, "动态": 1, "一般来说": 1, "边框": 2, "通话": 1, "质量": 1, "扬声器": 1, "组件": 2, "并未": 2, "屏下": 1, "发声": 1, "完了": 1, "后置": 8, "有名": 1, "此前": 5, "发布": 7, "三": 3, "摄": 7, "位置": 2, "着迷": 1, "拍摄镜": 1, "远远": 1, "超出": 1, "5": 6, "五": 1, "4800万": 1, "+": 5, "1200万": 4, "=": 1, "9600万": 1, "功能": 7, "亮奇": 1, "招": 1, "以往": 1, "最多": 2, "解锁": 11, "固定": 2, "区域": 1, "指纹": 3, "科技": 5, "发展": 5, "改变": 1, "幻想": 1, "厂商": 3, "纷纷": 1, "流行": 1, "任意": 1, "3D": 8, "结构": 3, "光来": 1, "面部": 1, "识别": 2, "机身": 2, "材质": 3, "玻璃": 4, "持握感": 1, "康宁": 1, "大猩猩": 1, "耐": 1, "刮划": 1, "抗摔": 1, "IP": 1, "68": 1, "级别": 1, "防水": 1, "防尘": 1, "续航": 2, "能力": 6, "无线": 3, "充电": 3, "反向": 1, "电池": 4, "5500": 1, "毫安": 1, "容量": 1, "石墨烯": 1, "既有": 1, "液冷": 1, "散热": 2, "效果": 2, "领衔": 1, "主演": 1, "前久": 1, "细心": 1, "即将": 1, "网络": 26, "具备": 2, "条件": 2, "加持": 2, "处理器": 3, "巴龙": 2, "5000": 2, "麒麟": 1, "980": 1, "集成": 1, "基带": 1, "麒麟980": 2, "运行": 1, "空间": 4, "8GB": 1, "/": 5, "10GB": 1, "12GB": 1, "储存": 2, "128GB": 1, "256GB": 1, "512GB": 1, "黑马亮": 1, "压力": 3, "倍增": 1, "贵": 1, "奋力": 1, "拼搏": 1, "创新": 6, "精神": 2, "值得": 1, "学习": 1, "假如说": 1, "真的": 1, "到来": 1, "行业": 3, "里边": 1, "对手": 2, "看待": 1, "申明": 1, "：": 12, "严禁": 1, "未经": 1, "授权": 2, "转载": 3, "平台": 2, "侵权": 1, "必究": 1, "违规者": 1, "投诉": 1, "封号": 1, "为止": 1, "请": 3, "珍惜": 1, "账号": 1, "来源于": 1, "外媒": 1, "YouTube": 1, "媒体": 3, "企业": 6, "随意": 1, "捏造": 1, "事实": 2, "数码": 1, "热点": 2, "独家": 2, "原创": 1, "作品": 1, "版权": 2, "分享": 2, "、": 21, "评论": 2, "收藏": 1, "转发": 1, "2019": 2, "世界": 4, "大会": 8, "开幕": 1, "首日": 1, "展区": 7, "迎来": 1, "八方": 1, "宾客": 1, "热闹": 1, "非凡": 1, "01:44": 1, "第二": 2, "热度": 1, "持续": 1, "升温": 1, "MWC": 2, "观展": 1, "小分队": 1, "带": 3, "现场": 8, "追热点": 1, "一手": 1, "资讯": 1, "速览": 1, "项": 2, "大奖": 3, "国": 1, "进展": 2, "ON": 2, "GSMA": 1, "全球": 9, "颁奖": 1, "典礼": 1, "一举斩获": 1, "！": 5, "瑞士": 3, "Sunrise": 3, "三月": 1, "启动": 1, "商用": 6, "CEO": 3, "Olaf": 1, "Swantee": 1, "顺利": 1, "第一": 1, "先行者": 1, "很快": 2, "3月份": 1, "开启": 1, "覆盖": 6, "全国": 1, "150多": 1, "城市": 6, "Rain": 3, "联合": 3, "南非": 4, "董事会": 1, "主席": 1, "Paul": 1, "Harris": 1, "云核": 1, "心网": 1, "产品线": 1, "总裁": 2, "石冀琳": 1, "女士": 1, "数据": 1, "运营商": 14, "合作": 11, "首批": 1, "部署": 5, "国家": 4, "沙特": 2, "电信": 7, "STC": 1, "签署": 5, "Aspiration": 1, "项目": 3, "合同": 1, "旨在": 2, "驱动": 1, "沙特阿拉伯": 1, "ICT": 2, "产业": 2, "最终": 1, "助力": 1, "2030": 1, "战略": 1, "转型": 2, "2020": 1, "计划": 2, "落地": 1, "Maxis": 2, "加速": 3, "MoU": 4, "签约": 3, "仪式": 3, "马来西亚": 2, "领先": 3, "融合": 1, "通信": 3, "数字": 4, "服务": 7, "公司": 7, "谅解": 1, "备忘录": 1, "试验": 1, "从端": 1, "端": 7, "系统": 5, "印尼": 3, "Telkomsel": 2, "打造": 2, "联接": 1, "印度尼西亚": 1, "携手": 2, "中心": 1, "5.0": 1, "探索": 1, "人才": 1, "培养": 1, "面向": 1, "未来": 5, "频谱": 1, "研究": 1, "实验局": 1, "推动": 1, "德国": 2, "盖尔森": 2, "基兴市": 2, "智慧": 4, "当地": 1, "居民": 1, "游客": 1, "建设": 5, "本地": 1, "生态": 2, "吸引": 1, "伙伴": 1, "DIS": 2, "CPE": 3, "Pro": 1, "MW": 1, "C展馆": 1, "提供": 5, "信号": 1, "LampSite": 1, "这是": 1, "首次": 1, "期间": 1, "布署": 1, "展示": 2, "室内": 1, "终端": 5, "意味着": 1, "5G室": 1, "内": 3, "快车道": 1, "实测": 1, "下行": 1, "峰值": 1, "速率": 1, "超过": 2, "1Gbps": 1, "会上": 1, "大咖们": 1, "精彩": 2, "观点": 2, "深度": 2, "玩转": 1, "展岛": 2, "提前": 2, "打卡": 1, "生活": 2, "游戏": 4, "姿势": 1, "玩": 1, "3A": 2, "制作": 2, "人气": 1, "火爆": 1, "展台": 2, "展现": 1, "玩法": 1, "玩家们": 1, "无需": 2, "购买": 1, "昂贵": 1, "电脑": 4, "主机": 3, "畅玩": 1, "随时随地": 1, "开黑": 1, "裸眼": 2, "沉浸式": 1, "场景": 3, "体验": 5, "眩晕": 1, "清晰": 4, "眼镜": 1, "受够": 1, "糟糕": 1, "站": 1, "这块": 1, "佩戴": 1, "设备": 11, "感受": 2, "身临其境": 1, "带来": 2, "前所未有": 1, "视觉": 1, "机器人": 2, "人脸": 2, "秒": 1, "绘图": 1, "来到": 2, "机械": 2, "手臂": 2, "圈粉": 1, "工业级": 1, "线阵": 1, "相机": 1, "配合": 1, "画": 1, "脸速": 1, "写": 1, "工厂": 1, "领域": 1, "发挥": 1, "关键": 1, "作用": 1, "超乎": 1, "想象": 2, "隐形": 1, "下一代": 1, "形态": 1, "Cloud": 1, "PC": 1, "小看": 1, "超级": 2, "工作站": 1, "依托": 1, "即可": 1, "接入": 1, "云端": 1, "虚拟": 1, "期待": 2, "~": 3, "8K": 2, "直播": 1, "沃达": 4, "丰布署": 1, "Gbps": 2, "连片": 1, "呈现": 1, "极度": 1, "展馆": 1, "巴塞罗那": 5, "风光": 1, "共享": 1, "繁荣": 1, "朝气蓬勃": 1, "生态岛": 1, "产业链": 1, "成熟": 3, "率先": 1, "业界": 5, "主流": 3, "芯片": 6, "流程": 1, "互联": 1, "互通": 1, "测试": 2, "美好": 1, "沃土": 1, "各种各样": 1, "极致": 1, "明天": 1, "走进": 1, "激发": 1, "增长": 1, "智": 1, "运营": 1, "亮点": 1, "2月": 3, "25日": 4, "28日": 1, "西班牙": 2, "位于": 1, "Fira": 1, "Gran": 1, "Via": 1, "1号馆": 1, "1H50": 1, "3号馆": 1, "3": 1, "I": 1, "30": 1, "4号馆": 1, "7号馆": 1, "7C21": 1, "7C31": 1, "环球": 3, "时报": 3, "环球网": 1, "报道": 8, "赴": 1, "特派": 1, "记者": 3, "陈青青": 1, "(": 4, "巴展": 4, ")": 4, "第三": 1, "中国": 6, "讨论": 2, "美国": 17, "AT&T": 6, "电话": 1, "电报": 1, "事业部": 3, "副部长": 2, "周三": 1, "接受": 1, "专访": 1, "政治": 5, "不得不": 1, "承认": 1, "一家": 2, "市场": 4, "成功": 2, "目标": 2, "罗伯特·波亚": 1, "诺伏斯基": 1, "Robert": 1, "Boyanovsky": 1, "问及": 2, "打压": 2, "出于": 1, "目的": 2, "波亚诺伏斯基": 2, "毫不犹豫": 1, "回答": 1, "届": 1, "利益": 1, "团体": 1, "进一步": 2, "阵地": 1, "华尔街": 1, "日报": 1, "27日": 3, "称": 6, "派出": 1, "支": 1, "国防部": 1, "商务部": 1, "联邦": 1, "通讯": 2, "委员会": 1, "高官": 1, "代表团": 1, "施压": 1, "隐患": 1, "为由": 1, "排除": 1, "参加": 2, "供应商": 3, "名单": 1, "2018年": 1, "初": 3, "政府": 1, "流产": 1, "余承东": 2, "错失": 1, "损失": 3, "并非": 1, "一帆风顺": 1, "英国": 1, "每日": 1, "邮报": 1, "显示": 1, "标识": 1, "连接": 4, "抨击": 1, "涉嫌": 1, "虚假": 1, "营销": 1, "Sprint": 1, "起诉": 1, "离开": 1, "去年": 1, "9月": 1, "选择": 1, "三星": 3, "爱立信": 2, "诺基亚": 2, "相比": 1, "性价比": 1, "出货量": 1, "评估": 3, "解决": 4, "产品": 2, "衡量": 1, "此次": 1, "不少": 1, "协会": 1, "呼吁": 1, "政治化": 1, "角度": 1, "回归": 1, "本身": 1, "欧洲": 5, "证据": 2, "判断": 2, "缺少": 1, "延迟": 1, "中油": 1, "网讯": 1, "丰声": 1, "援": 1, "随后": 1, "阿联酋": 6, "Etisalat": 7, "2019年": 3, "┃沃达丰": 1, "声援": 1, "路透": 2, "沃达丰": 1, "提出": 1, "封禁": 1, "进度": 2, "落后": 1, "无独有偶": 1, "1月": 1, "CEO尼克·里德": 1, "拒绝": 2, "尼克·里德": 1, "数量": 1, "减少": 1, "损害": 1, "经济": 1, "大规模": 1, "替换": 1, "基础": 2, "设施": 2, "损坏": 1, "买单": 1, "┃": 2, "央视": 1, "新闻": 1, "客户端": 1, "上半年": 1, "推出": 2, "境内": 2, "建立": 1, "600": 1, "基站": 1, "用户": 2, "强大": 1, "宽带": 1, "方案": 1, "客户": 1, "彭雄基": 1, "10多": 1, "致力于": 1, "承诺": 2, "数字化": 1, "患上": 1, "恐惧症": 1, "美媒": 3, "福布斯": 1, "杂志": 1, "卢比奥": 1, "罗姆尼": 1, "沃纳": 1, "议员": 3, "致信": 1, "能源部": 2, "国土": 2, "安全部": 2, "生产": 1, "太阳能": 4, "逆变器": 3, "CNBC": 1, "电网": 1, "电力": 1, "威胁": 2, "并称": 1, "无论是": 1, "家庭": 1, "学校": 1, "攻击": 1, "特朗": 1, "普据": 1, "CNET": 1, "亿": 1, "近期": 2, "查找": 1, "应对": 1, "风险": 2, "26日": 1, "才": 2, "研发": 3, "新一代": 2, "低": 3, "成本": 1, "可转换": 1, "优势": 1, "笔者": 1, "妄想": 1, "干脆": 1, "再有": 1, "外资": 1, "本文": 1, "中油网": 1, "编辑": 1, "标明": 1, "出处": 1, "喜欢": 1, "小编": 4, "文章": 1, "添加": 1, "上方": 1, "关注": 2, "希望": 1, "阅读": 1, "踊跃": 1, "点赞": 1, "身边": 1, "朋友": 1, "回顾": 1, "2009年": 1, "当年": 1, "通讯界": 1, "3G": 2, "时代": 1, "那时候": 1, "仅仅": 2, "名": 1, "追随者": 1, "恶劣": 2, "环境": 2, "压根儿": 1, "话语权": 1, "时隔": 1, "数十": 1, "瞧华": 1, "浪潮": 1, "早已": 1, "领跑者": 2, "开年": 1, "G折": 1, "叠屏": 1, "点燃": 1, "热情": 1, "不单止": 1, "高度": 1, "重视": 1, "MateX": 8, "发布会": 2, "当天": 2, "会场": 1, "排起": 1, "长龙": 1, "千": 1, "中外": 1, "目光": 1, "聚集": 1, "统计": 1, "报名": 1, "人数": 1, "大于": 1, "场馆": 1, "容纳量": 1, "科技感": 1, "最初": 2, "iphone": 1, "刘海": 1, "开孔": 1, "摄像头": 1, "接口": 1, "隐藏": 1, "旁边": 1, "条带": 1, "直言": 1, "拥有": 1, "太": 1, "尖端": 1, "社交": 1, "文": 2, "大部分": 1, "网友们": 1, "评价": 1, "薄": 2, "快": 2, "折叠屏": 2, "远": 4, "厚": 1, "11": 1, "毫米": 2, "感到": 1, "惊讶": 1, "丝毫": 1, "缝隙": 1, "打开": 1, "厚度": 1, "5.4": 1, "不止": 1, "一点点": 1, "外表": 1, "层": 1, "惊艳": 1, "世人": 1, "小瞧": 1, "伴随": 1, "内置": 1, "下载": 1, "速度": 1, "高达": 1, "3.2": 1, "常用": 1, "4G": 2, "倍": 1, "提及": 1, "杀手锏": 1, "国际": 1, "别人": 1, "年前": 1, "杭州": 1, "开通": 1, "站点": 1, "入网": 1, "初步": 1, "验证": 1, "极其": 1, "宝贵": 1, "疑惑": 1, "端到端": 1, "到底": 2, "好处": 1, "简单": 2, "例子": 1, "开发": 4, "周期": 1, "时间": 3, "设立": 1, "部门": 1, "随便": 1, "介入": 1, "路径": 1, "加上": 1, "通信界": 2, "听": 1, "一句话": 1, "1G": 1, "空白": 1, "2G": 1, "慢慢": 1, "跟随": 1, "突破": 1, "跑": 1, "今时": 1, "今日": 1, "这一切": 1, "不容": 1, "小觑": 1, "核心": 1, "标准": 1, "参与": 1, "制定者": 1, "将来": 1, "占领": 1, "地位": 1, "客修": 1, "早前": 1, "小米": 4, "9": 1, "预热": 1, "荣耀": 7, "口水战": 1, "高管": 1, "怼": 1, "回": 1, "乐此不彼": 1, "原因": 2, "老熊": 1, "V20": 3, "手机界": 1, "标杆": 2, "黑科技": 1, "TOF": 18, "Link": 1, "Turbo": 1, "喊": 1, "口号": 1, "肯定": 1, "坐": 1, "不住": 1, "回怼": 1, "实用": 1, "客官": 1, "老爷": 1, "科普": 2, "一番": 1, "圈里": 1, "词": 1, "茶余饭后": 1, "津津乐道": 1, "对象": 1, "原理": 2, "情况": 1, "收看": 1, "本期": 1, "大型": 1, "栏目": 1, "未解": 1, "谜": 1, "咳咳": 1, "不好意思": 1, "走错": 1, "片场": 1, "红外": 1, "差不多": 1, "道理": 1, "发出": 1, "光脉": 1, "冲遇": 1, "物体": 4, "光线": 2, "反射": 1, "捕捉": 1, "飞行": 1, "公式": 1, "计算": 1, "之间": 2, "距离": 5, "元件": 4, "包含": 1, "光源": 1, "此处": 1, "激光": 1, "发射器": 1, "感光": 1, "测评": 1, "颗": 1, "工作": 4, "相较于": 1, "苹果": 1, "优点": 1, "米": 1, "实时": 1, "信息": 2, "；": 2, "广无论": 1, "特征点": 1, "暗": 1, "亮": 1, "景深": 1, "精度": 1, "精细度": 5, "厘米级": 1, "水平": 1, "体积": 1, "缺点": 1, "可用": 1, "传感器": 1, "180*240": 1, "240*320": 1, "240*480": 1, "X/Y": 1, "谈": 1, "相对于": 1, "用于": 2, "要好": 1, "功耗": 1, "发热": 2, "长": 1, "寸": 1, "金寸土": 1, "内部": 1, "CPU": 1, "无疑": 1, "雪上加霜": 1, "最最": 2, "基于": 1, "未": 1, "美体": 2, "软件": 1, "算法": 1, "好比": 1, "画蛇添足": 1, "多此一举": 1, "工业": 1, "为时过早": 1, "早": 1, "OPPO": 1, "R17Pro": 1, "宣传": 1, "狐假虎威": 1, "到时候": 1, "AR": 1, "特效": 1, "测距": 1, "建模": 1, "实用性": 1, "提升": 1, "自欺欺人": 1, "聊胜于无": 1}