{"TechWeb": 1, "12月": 11, "手机": 50, "市场": 24, "平静": 1, "月份": 2, "厂商": 8, "选择": 10, "小打小闹": 1, "不同寻常": 1, "第一": 11, "才": 5, "刚": 4, "品牌": 10, "发布": 21, "配备": 4, "挖孔屏": 5, "智能": 3, "华为": 136, "三星": 36, "、": 36, "都": 32, "不容忽视": 1, "号召力": 2, "旗下": 2, "出货量": 4, "全球": 10, "排": 1, "前列": 1, "11月": 2, "26日": 1, "首次": 1, "渠道": 2, "预热": 6, "极点": 4, "屏": 13, "概念": 1, "随后": 1, "新款": 2, "代言人": 1, "易烊": 2, "千玺": 2, "生日会": 1, "曝光": 1, "@": 1, "终端": 2, "官方": 5, "本周一": 1, "正式": 3, "17日": 2, "湖南省": 1, "长沙市": 1, "全面屏": 2, "nova4": 14, "款": 24, "采用": 10, "左上": 5, "角": 5, "挖孔": 7, "内置": 4, "前置": 8, "摄像头": 18, "设计": 28, "引来": 1, "不少": 5, "网友": 3, "关注": 3, "当天": 1, "晚上": 1, "19点": 1, "条": 1, "新品": 4, "消息": 4, "首款": 3, "Galaxy": 10, "A8s": 11, "10日": 2, "北京": 1, "发布会": 1, "海报": 8, "Glaxy": 1, "配": 1, "一块": 2, "挖": 15, "孔": 14, "nova": 7, "4": 2, "方案": 13, "神似": 1, "屏占": 1, "下功夫": 1, "想方设法": 1, "安排": 1, "一个": 14, "位置": 4, "刘海屏": 2, "水": 1, "滴屏": 1, "想": 8, "有限": 1, "空间": 5, "内": 1, "放置": 2, "孔屏": 9, "消费者": 3, "屏幕": 34, "解决": 5, "此次": 2, "抢先": 1, "无疑": 2, "占": 2, "首发": 2, "噱头": 1, "相关": 1, "技术": 14, "肯定": 4, "输": 1, "毕竟": 3, "A": 1, "系列": 8, "定位": 2, "中端": 2, "nova3": 2, "旗舰机": 1, "身份": 1, "通孔": 3, "盲孔": 4, "blind": 4, "差别": 4, "在于": 3, "大小": 2, "透光率": 3, "偏色": 3, "打通": 1, "屏幕层": 1, "直径": 3, "大于": 1, "开孔": 3, "4.5mm": 2, "估计": 2, "首批": 2, "屏里": 1, "近乎": 2, "极限": 2, "水平": 4, "场": 3, "硬战": 1, "很": 24, "精彩": 2, "值得": 6, "期待": 5, "综合": 2, "多方": 2, "优势": 5, "3": 2, "销量": 4, "轻松": 1, "冲上": 1, "百万": 1, "高端": 2, "决心": 1, "硬件": 2, "性能": 6, "或许": 1, "拥有": 3, "表现力": 1, "势必": 2, "后期": 4, "正面": 3, "对战": 1, "硬仗": 1, "究竟": 2, "青睐": 1, "拭目以待": 1, "文": 1, "|": 1, "柳": 1, "华芳": 1, "2018年": 2, "承前启后": 1, "手机圈": 3, "上演": 1, "未来": 8, "屏战": 1, "有意无意": 1, "之间": 2, "制造": 4, "撞车": 5, "3日": 2, "12时": 1, "官微": 2, "推出": 7, "亮点": 1, "自拍": 5, "镜头": 6, "屏下": 1, "事实上": 1, "放出": 2, "透露": 3, "机型": 5, "业界": 1, "猜到": 1, "19日": 1, "发出": 1, "无巧不成书": 1, "不知": 1, "巧": 1, "硬刚": 1, "带来": 5, "欢乐": 1, "十二月": 2, "验证": 1, "：": 12, "方向": 2, "屏新": 1, "大势": 2, "屏显": 2, "行业": 3, "维度": 4, "均": 1, "全新": 2, "放": 2, "保证": 2, "ID": 1, "完整性": 1, "打造": 2, "屏占比": 2, "流行": 1, "刘": 3, "海屏": 3, "水滴屏": 2, "滑盖": 2, "众多": 1, "出炉": 1, "尝试": 1, "美人尖": 1, "类型": 1, "异形": 1, "中国": 7, "主流": 2, "增长": 1, "来自于": 1, "工业": 1, "拍摄": 2, "创新": 5, "突破": 4, "核心": 2, "发力点": 1, "纠结于屏": 1, "大概率": 1, "巨头": 2, "错": 1, "热议": 1, "粉丝": 1, "争论": 1, "热闹非凡": 1, "潮流": 2, "看点": 1, "厂商们": 1, "数量": 1, "左边": 1, "右边": 1, "都会": 3, "皆": 1, "无论如何": 1, "挖空": 1, "更为": 1, "先进": 1, "工艺": 7, "优雅": 1, "完美": 2, "风景": 2, "看似": 2, "差不多": 1, "实则": 1, "门道": 1, "细节": 2, "内行": 1, "朋友": 3, "通孔through": 1, "边缘": 4, "黑边": 1, "整体": 10, "美感": 1, "佳": 1, "据说": 1, "独家": 1, "抗摔": 1, "体现": 1, "影响": 5, "体验": 7, "美学": 1, "代表": 1, "竞争": 2, "撞衫": 2, "难": 1, "挡华": 1, "取代": 1, "苹果": 3, "第二": 3, "依旧": 1, "业务": 1, "CEO": 1, "余承东": 1, "放话": 1, "2020年": 1, "超越": 1, "连续": 1, "多年": 1, "惨淡": 1, "份额": 1, "惨不忍睹": 1, "高东": 1, "上任": 2, "产品": 23, "服务": 1, "体系": 1, "改变": 1, "很多": 6, "扭转": 1, "颓势": 1, "恐怕": 2, "不及": 1, "格局": 1, "差距": 3, "A系列": 2, "上一代": 2, "层面": 1, "赞扬": 1, "鼓励": 1, "足以": 1, "对抗": 1, "技术点": 2, "势能": 1, "预期": 1, "独立": 1, "文化": 1, "素级": 1, "抄袭": 1, "iPhone": 1, "可谓": 1, "上都": 1, "尊敬": 1, "忽视": 1, "美誉度": 1, "旗舰": 8, "加上": 2, "青春": 1, "时尚": 3, "实力": 3, "代言": 1, "口碑": 1, "强信任": 1, "对手": 2, "杀": 1, "oppo": 1, "vivo": 1, "热闹": 1, "残酷": 1, "压力山大": 1, "2019年": 1, "猪年": 1, "风口": 1, "猪": 1, "资本": 1, "零": 1, "本文": 1, "转自": 1, "百家号": 1, "作者": 2, "数码": 2, "小妖": 1, "精推": 1, "荐语": 1, "Mate10": 7, "保时捷": 12, "降价": 4, "不禁": 1, "思考": 1, "保值性": 1, "到底": 2, "跳水": 3, "王": 3, "短短": 3, "13": 3, "8999": 3, "元": 7, "跌": 2, "5299": 3, "收获": 1, "颇": 1, "国内": 1, "稳住": 1, "形势": 1, "海外": 1, "接连": 1, "收货": 1, "好评": 1, "得益": 1, "出彩": 2, "表现": 7, "反超": 2, "坐上": 1, "产商": 1, "热销": 1, "Mate20": 3, "Pro": 1, "媒体": 1, "评为": 1, "年度": 1, "认可": 1, "前不久": 1, "版本": 6, "限量版": 1, "一经": 1, "炒": 1, "两万多": 1, "价位": 2, "发现": 4, "幅度": 2, "相比": 7, "最初": 1, "发售价": 1, "价格": 5, "降到": 1, "3700": 1, "跌幅": 1, "原因": 5, "这是": 3, "联名": 4, "本身": 1, "溢价": 1, "OPPO": 2, "兰博基尼": 1, "合作": 2, "找上": 1, "迈凯伦": 1, "小米": 1, "故宫": 1, "版": 4, "的确": 1, "提高": 1, "档次": 1, "难以": 1, "接受": 1, "吸引力": 1, "该机": 2, "18:9": 1, "下巴": 1, "额头": 1, "优秀": 2, "机上": 1, "曲面屏": 1, "显示": 4, "效果": 6, "不错": 3, "发挥": 1, "机身": 9, "背部": 1, "玻璃": 2, "结构": 4, "对称": 1, "风格": 1, "曲面": 5, "构造": 1, "格外": 1, "亮眼": 2, "无论是": 2, "手感": 2, "颜值": 1, "标志性": 1, "跑车": 2, "造型": 1, "增色": 1, "竞争力": 1, "麒麟970": 1, "处理器": 24, "长": 2, "时间": 7, "卡顿": 2, "现象": 2, "发生": 1, "提供": 4, "256GB": 1, "超大": 1, "存储": 2, "放电影": 1, "照片": 7, "不必": 1, "担心": 1, "不能不提": 1, "拍照": 5, "功能": 14, "后置": 4, "双摄": 1, "成像": 1, "对比": 3, "防尘": 1, "防水": 2, "电池": 4, "超高": 1, "续航": 5, "能力": 7, "联名款": 1, "购买": 3, "原文": 2, "标题": 1, "日期": 1, "12-04": 1, "18:31": 1, "小妖精": 1, "5日": 1, "今日": 1, "商城": 1, "千": 3, "实力派": 1, "大可": 1, "12日": 1, "预订": 1, "工信部": 4, "型号": 3, "DUB-AL00": 2, "DUB-TL00": 2, "6.26": 2, "英寸": 3, "珍珠屏": 2, "3900": 2, "mAh": 2, "容量": 2, "意外": 2, "即将": 2, "预约": 1, "畅享9": 2, "畅享": 8, "9": 6, "底部": 1, "边框": 2, "HUAWEI": 1, "logo": 1, "网站": 2, "相近": 1, "1520*720": 1, "分辨率": 2, "珍珠": 1, "显示屏": 1, "搭载": 5, "摄": 5, "黑": 1, "红": 1, "配色": 1, "供": 1, "用户": 3, "配置": 7, "1.8GHz": 1, "CPU": 1, "主核": 1, "8核": 1, "芯片": 2, "运行": 2, "基于": 1, "Android": 1, "8.1": 1, "系统": 3, "3GB": 1, "4GB": 1, "运存": 1, "支持": 8, "64GB": 1, "800万": 1, "像素": 1, "搭配": 1, "1300万": 1, "+": 2, "200万": 1, "组合": 1, "未": 1, "指纹": 5, "识别": 2, "模块": 1, "信息": 2, "可知": 1, "主打": 1, "超长": 1, "骁龙": 7, "450": 1, "此前": 1, "Plus": 2, "尺寸": 1, "降低": 2, "加持": 1, "护眼": 1, "模式": 1, "人脸": 1, "解锁": 10, "确认": 1, "9上加持": 1, "追求": 1, "性价比": 1, "高性能": 1, "讲究": 1, "美观": 1, "深受": 1, "年轻": 1, "冲击": 1, "！": 12, "黑白": 2, "套": 2, "彩色": 2, "摄影": 2, "讨巧": 1, "重点": 2, "主题": 1, "旅行君": 2, "教": 1, "APP": 3, "创作": 1, "比如snapseed": 1, "蒙版": 1, "或者是": 1, "MIX": 1, "单色": 2, "滤镜": 3, "创意": 1, "操作": 5, "简单": 9, "麻烦": 1, "涂抹": 2, "空隙": 1, "图案": 1, "费时": 1, "方法": 2, "5": 1, "秒钟": 3, "前提": 2, "GIF": 2, "短": 2, "6": 2, "拍": 2, "带修": 1, "背后": 3, "功臣": 1, "自带": 5, "编辑器": 1, "拍完": 1, "编辑": 3, "页": 1, "保留": 4, "色彩": 4, "选项": 1, "进去": 1, "手指": 3, "放在": 1, "之上": 1, "松开": 1, "恩": 1, "撞色": 1, "情况": 2, "留": 2, "广告牌": 1, "蓝色": 2, "天空": 1, "橡皮擦": 1, "没用": 1, "涂": 1, "抹掉": 1, "优点": 1, "1": 1, "步骤": 1, "无脑": 1, "操作性": 1, "mix": 1, "颜色": 1, "精准": 1, "snapseed": 3, "模板": 1, "灵光": 1, "耐心": 1, "缺乏": 1, "福音": 1, "适应性": 1, "玩": 1, "合适": 1, "喜": 1, "喜欢": 4, "上手": 1, "感受": 3, "乐趣": 1, "老老实实": 1, "习惯成自然": 1, "实用": 2, "一一": 1, "例子": 1, "冬天": 2, "天儿": 1, "老": 1, "雾霾": 2, "通透": 1, "天气": 1, "类似": 1, "PS": 1, "键": 1, "雾": 1, "尤其是": 1, "远方": 2, "雾蒙蒙": 1, "地方": 4, "清晰": 1, "上图": 1, "原图": 1, "下图": 1, "画面": 2, "中心": 1, "消失": 1, "不见": 1, "挺": 4, "好用": 1, "错过": 1, "原创": 1, "推送": 1, "赶紧": 1, "众所周知": 1, "来讲": 3, "尤为": 1, "耀眼": 1, "成绩": 1, "关系": 1, "排名": 1, "三": 6, "处理厂": 1, "研发": 2, "始终": 1, "把握": 1, "主动权": 1, "安卓": 2, "受困": 1, "产量": 1, "自用": 1, "只能": 4, "高通": 10, "8": 1, "领先": 2, "地位": 1, "增加": 1, "费用": 1, "难受": 1, "率先": 1, "7nm": 3, "麒麟980": 3, "成功": 1, "845": 2, "阵营": 1, "最为": 2, "更上一层楼": 1, "并非": 1, "对策": 1, "昨日": 1, "855": 3, "大幅": 1, "提升": 5, "5G": 6, "上网": 3, "集成5G": 1, "基带": 3, "外挂": 1, "麒麟": 9, "980": 5, "预计": 2, "明年": 4, "季度": 3, "上市": 1, "数据": 1, "比拼": 1, "最终": 1, "内部": 1, "人士": 1, "提前": 1, "990": 4, "较量": 1, "麒麟990": 2, "框架": 2, "变化": 1, "台积电": 1, "2代": 1, "10%": 1, "集成": 2, "巴龙": 1, "500": 1, "届时": 1, "自主": 1, "年末": 1, "发": 1, "尴尬": 1, "哪家": 1, "抢眼": 1, "不妨": 1, "对此": 1, "谈谈": 2, "看法": 1, "名": 7, "北大": 3, "高才生": 3, "录取": 1, "好景不长": 1, "大学生": 1, "公司": 7, "呆": 1, "多久": 1, "辞去": 1, "难道": 1, "工作": 3, "份": 3, "万言书": 2, "故事": 1, "事情": 2, "高材生": 2, "入职": 1, "经营": 2, "战略": 2, "写": 1, "报告": 2, "高层": 3, "领导": 3, "任正非": 3, "想到": 2, "提交": 1, "重用": 2, "反而": 1, "辞退": 1, "员工": 2, "做好": 3, "分内": 3, "打动": 1, "上司": 2, "确实": 3, "将军": 1, "士兵": 2, "理想": 2, "脚踏实地": 2, "坐享其成": 1, "管理者": 3, "居然": 1, "眼光": 1, "看待": 2, "片面": 1, "一点": 3, "真的": 7, "听信": 1, "建议": 2, "就要": 1, "面临": 1, "一家": 1, "新人": 1, "想象": 1, "管中窥豹": 1, "远大": 1, "抱负": 1, "建言": 2, "献策": 2, "沉淀": 1, "利用": 1, "闲暇": 1, "学习": 1, "所在": 2, "等到": 1, "机会": 2, "中用": 1, "希望": 1, "审视": 1, "自我": 1, "拼": 1, "美好": 1, "特朗普": 3, "想要": 3, "围剿": 3, "英德": 3, "动摇": 3, "这次": 5, "回应": 2, "霸气": 2, "国产": 1, "看不顺眼": 1, "打压": 2, "威胁": 1, "国家": 7, "理由": 1, "美国": 13, "禁止": 2, "售卖": 2, "想来": 1, "想法": 1, "强加": 2, "别国": 1, "身上": 1, "抵制": 5, "这不": 1, "响应": 1, "号召": 1, "英国": 7, "德国": 4, "暗示": 1, "电子": 1, "设备": 2, "暴露": 1, "机密": 1, "终于": 1, "招架不住": 1, "蠢蠢欲动": 1, "动作": 1, "公开": 1, "警告": 2, "修复": 1, "卖到": 1, "政府": 2, "有意": 1, "拖慢": 1, "推行": 2, "稍微": 1, "含蓄": 1, "直截了当": 1, "公告": 1, "变得": 1, "小心翼翼": 1, "谨慎": 1, "网络": 2, "建设": 1, "国": 1, "跟随": 1, "步伐": 1, "努力": 1, "不利": 1, "2012年": 1, "命令": 1, "一本正经": 1, "称": 1, "窃听": 1, "监视": 1, "为首": 1, "新西兰": 1, "澳大利亚": 1, "实行": 1, "政策": 1, "实际上": 1, "借口": 1, "目的": 1, "谋求": 1, "利益": 2, "承受": 1, "压力": 2, "说不过去": 1, "本国": 1, "企业": 1, "质疑": 1, "讽刺": 1, "成熟": 1, "发展": 1, "科技": 3, "惹": 1, "依然": 1, "奋力": 1, "图片": 1, "虚拟": 2, "影像": 2, "广告": 1, "闪光": 1, "华为家": 1, "NOVA4": 1, "机子": 12, "外观": 2, "强大": 3, "例外": 1, "三星家": 1, "宣传": 1, "打孔": 3, "越来越": 1, "用来": 1, "安置": 1, "大胆": 1, "这两年": 1, "大部分": 1, "时下": 1, "比例": 2, "X": 1, "开创": 1, "刘海": 1, "完整": 1, "VIVO": 1, "不相上下": 1, "退出": 1, "升降": 2, "蕴含": 1, "设计感": 1, "屏跟": 1, "摄像": 1, "加厚": 1, "厚度": 1, "略微": 1, "笨重": 1, "感觉": 4, "挺火": 1, "程度": 1, "占据": 1, "华味": 2, "带起": 1, "一阵": 1, "趋势": 1, "迈向": 1, "当西": 1, "也许": 4, "自然": 1, "三千": 1, "火爆": 1, "入手": 6, "看起来": 1, "日常": 2, "生活": 2, "超强": 1, "GPU": 1, "高效": 1, "不管是": 1, "极其": 1, "精致": 1, "过程": 1, "注重": 1, "使用者": 1, "商业": 1, "EMUI": 1, "9.0": 1, "G": 1, "内存": 1, "必备": 1, "十八W": 1, "快充": 2, "充电": 5, "速度": 4, "快": 2, "另外NFC": 1, "添加": 2, "方式": 1, "掀起": 1, "浪潮": 1, "样子": 3, "推测": 1, "真实": 3, "总体": 1, "发售": 1, "mate20pro": 9, "将近": 1, "吹": 1, "捧": 1, "用机": 1, "满意": 3, "多么": 1, "惊艳": 2, "讲": 1, "不堪": 1, "本机": 1, "黄金": 1, "观感": 2, "过于": 1, "手中": 1, "iPhoneX": 1, "人人": 1, "夸么": 1, "原厂": 1, "附带": 1, "贴膜": 2, "钢化膜": 1, "延续": 1, "相接": 1, "返回": 1, "滑动": 2, "刮手": 1, "稍": 1, "差": 1, "屏加": 1, "后盖": 1, "握持": 1, "薄": 1, "厚重": 1, "来到": 1, "浴霸": 1, "因人而异": 1, "到手": 1, "别扭": 1, "习惯": 1, "好看": 2, "徕卡": 2, "慢慢": 1, "宝石蓝": 1, "翡": 1, "冷翠": 1, "奈何": 1, "货": 1, "不用": 2, "等机": 1, "售价": 1, "市价": 1, "便宜": 1, "奢求": 1, "宝石": 1, "蓝": 1, "背壳": 1, "纹理": 1, "不再": 1, "纯": 1, "背板": 1, "收集": 1, "阳光": 2, "反射": 1, "漂亮": 1, "光线": 1, "6.39": 1, "百分之的屏": 1, "占比": 1, "点亮": 1, "过渡": 1, "弯曲": 1, "细长": 1, "手": 2, "上方": 1, "内容": 2, "太": 1, "适配": 2, "手动": 1, "拉长": 1, "报错": 1, "测试": 2, "LG": 1, "绿屏": 1, "幸运": 1, "开启": 1, "刷": 1, "逛": 1, "淘宝": 1, "页面": 1, "延迟": 1, "视频": 1, "加载": 1, "很快": 2, "清晰度": 1, "稍后": 1, "阅读": 1, "负": 1, "惊喜": 1, "火车票": 1, "飞机票": 1, "将要": 1, "出行": 1, "提醒": 1, "地点": 1, "车站": 1, "机场": 1, "动身": 1, "贴心": 1, "摄主": 1, "4000": 1, "万像素": 3, "广角": 2, "f/1.8": 1, "光圈": 3, "配合": 1, "2000": 1, "超": 1, "f/2.2": 1, "800": 1, "长焦": 1, "f/2.4": 1, "AIS": 1, "防抖": 1, "吸引": 1, "在售": 1, "首屈一指": 1, "面子": 1, "妹子": 1, "崇拜": 1, "目光": 1, "素质": 1, "AI美颜": 1, "超广角": 1, "无敌": 1, "2.65": 1, "倍": 1, "视角": 1, "突出于": 1, "美颜": 1, "当中": 1, "4200": 1, "mAh大": 1, "现阶段": 1, "40W": 1, "超级": 1, "中息屏": 1, "半": 1, "小时": 1, "充入": 1, "65%": 1, "70": 1, "不大": 1, "后台": 1, "黑科技": 1, "无线": 2, "反充": 1, "预料": 1, "识别版": 1, "仅仅": 1, "3D": 2, "光解": 1, "锁": 1, "基本上": 1, "秒": 1, "实测": 2, "面对": 1, "有时候": 1, "远": 1, "有趣": 1, "直射": 1, "脸部": 1, "识别率": 1, "北方": 1, "戴": 1, "眼镜": 1, "哈气": 2, "挡住": 1, "脸": 1, "3.5": 1, "耳机口": 1, "扬声器": 2, "USB": 1, "C接口处": 1, "音量": 1, "顶尖": 1, "果粉": 1, "喷": 1}