{"嘴": 1, "支持": 3, "华为": 21, "暴露": 1, "苹果": 10, "市值": 1, "再次": 3, "突破": 2, "一万亿": 1, "国产": 3, "手机": 13, "佼佼者": 1, "过硬": 1, "质量": 1, "销量": 6, "不错": 1, "尤其是": 1, "欧洲": 2, "市场": 2, "占比": 1, "成长": 2, "美国": 2, "感到": 1, "威胁": 1, "压制": 1, "阻止": 1, "向来": 1, "霸道": 1, "这次": 4, "做法": 1, "激怒": 1, "华人": 1, "网络": 1, "抵制": 1, "刚": 1, "数据": 5, "算": 1, "守": 1, "信用": 1, "销售": 3, "确实": 5, "增长": 6, "全球": 1, "销售量": 2, "8.3%": 1, "下滑": 1, "16%": 1, "情况": 1, "国内": 1, "27%": 1, "第二": 1, "季": 1, "、": 8, "vivo": 1, "OPPO": 1, "都": 3, "下降": 1, "小米": 1, "暴跌": 1, "19.3%": 1, "趋势": 1, "实属": 1, "不易": 1, "前期": 1, "国人": 3, "高举": 1, "爱国": 1, "旗号": 1, "购买": 1, "出卖": 1, "显示": 1, "iPhone11": 1, "冠军": 1, "打脸": 1, "创": 1, "第一": 1, "原因": 2, "简单": 1, "仅仅": 1, "售价": 4, "降低": 1, "一千": 1, "元": 3, "为此": 1, "疯狂": 1, "iPhone": 4, "六": 1, "颜色": 2, "4G": 1, "5499": 1, "mate30": 1, "5G": 7, "3999": 1, "相比": 2, "价格": 1, "低": 1, "带有": 1, "功能": 1, "选择": 3, "调查": 1, "发现": 1, "天猫": 1, "分钟": 2, "亿": 1, "抢手": 1, "一抢而空": 1, "连夜": 1, "紧急": 1, "补货": 1, "四": 3, "京东": 2, "11Pro": 1, "系列": 2, "5": 1, "卖光": 1, "九月份": 1, "八十": 1, "台": 1, "真的": 1, "好好": 1, "感谢": 1, "中国": 2, "用户": 3, "创造": 1, "惊人": 1, "业绩": 3, "技术": 2, "总体": 1, "实力": 1, "强大": 1, "款": 1, "搭载": 1, "创下": 1, "研发": 1, "很": 4, "抢先": 1, "发布": 1, "拥有": 2, "专利": 1, "不得不": 1, "处境": 1, "依旧": 1, "危险": 1, "为止": 1, "拿出": 1, "方案": 1, "忌惮": 1, "iphone": 1, "火热": 1, "程度": 1, "添": 1, "柴": 1, "相对于": 1, "11": 1, "Mate": 23, "30": 22, "外观": 1, "配置": 4, "上都": 1, "大幅": 1, "提升": 2, "格外": 1, "关注": 1, "当面": 1, "Pro": 15, "纠结": 1, "一个": 3, "便宜": 1, "瀑布屏": 5, "摄": 2, "黑科技": 1, "究竟": 1, "选": 1, "身边": 2, "大部分": 1, "懂": 1, "Mate30": 1, "推荐": 1, "贵": 1, "！": 1, "实用": 4, "影响": 3, "体验": 4, "变化": 1, "这块": 1, "瀑布": 1, "屏": 1, "真机": 1, "上手": 1, "一刻": 1, "震撼": 1, "边框": 2, "感觉": 2, "仿佛": 1, "在握": 2, "一块": 1, "玻璃": 2, "科技感": 1, "未来感": 1, "太": 2, "地方": 1, "去掉": 2, "音量": 2, "键": 1, "按钮": 1, "改成": 1, "双击": 1, "呼出": 1, "条": 1, "学习": 1, "成本": 1, "符合": 1, "直觉": 1, "操作": 2, "过程": 1, "繁琐": 1, "快速": 1, "调节": 1, "声音": 1, "开会": 1, "上课": 1, "紧张": 1, "难": 2, "物理": 1, "静音": 1, "按键": 1, "踏实": 1, "握持": 1, "滑": 1, "在手": 1, "滑落": 1, "大曲率": 1, "找到": 1, "合适": 1, "壳膜": 1, "好在": 1, "边缘": 2, "误触": 1, "日常": 2, "意识": 1, "手掌": 1, "屏幕": 2, "带来": 1, "惊喜": 1, "追求": 1, "实用性": 1, "版本": 3, "适合": 2, "拍照": 4, "拉开": 1, "差距": 5, "区别": 1, "采用": 2, "4000": 1, "W主": 1, "800": 1, "W长": 1, "焦": 1, "3D": 2, "深感": 2, "镜头": 3, "4000W": 1, "电影": 1, "1600W": 1, "广角": 2, "总的来说两者": 1, "取舍": 1, "P30": 2, "也就是说": 1, "可玩性": 1, "超前": 1, "画质": 1, "表现": 1, "主摄": 1, "+": 2, "长焦": 1, "组合": 1, "拍拍": 1, "照片": 1, "窄": 1, "刘海": 3, "3D人脸": 2, "识别": 2, "颗": 1, "摄像头": 2, "宽": 2, "安全性": 1, "正面": 1, "刘": 1, "海相": 1, "视觉": 1, "核心": 3, "不大": 2, "麒麟990": 1, "处理器": 1, "40W": 1, "有线": 1, "27": 1, "W": 1, "无线": 1, "充电": 2, "屏下": 2, "指纹": 2, "姿态": 1, "感应器": 1, "去年": 1, "阉割": 1, "掉": 1, "保留": 1, "倒退": 1, "不少": 1, "新鲜感": 1, "散去": 1, "好用": 1, "才": 1, "大众": 1}