{"很多": 4, "网友": 5, "款": 17, "具备": 2, "超长": 1, "续航": 11, "能力": 4, "手机": 17, "显得": 1, "尤为": 1, "随身": 1, "都": 1, "喜欢": 1, "带": 1, "充电宝": 1, "iPhone": 2, "用户": 1, "快": 1, "充电": 3, "效率": 2, "情况": 4, "出门": 1, "半天": 1, "基本上": 4, "电": 1, "航差": 1, "痛点": 1, "如今": 1, "华为": 15, "国内": 1, "热度": 1, "很": 8, "公认": 3, "给力": 3, "旗舰机": 1, "5月": 2, "买": 2, "高端": 2, "三": 3, "！": 2, "第一": 1, "、": 3, "P30": 6, "pro华": 1, "价格": 2, "贵": 2, "一点": 1, "4200mah": 1, "拥有": 3, "40": 2, "瓦": 1, "超级": 2, "快充": 3, "电池续": 1, "航用": 1, "很快": 1, "间接": 2, "超快": 1, "提升": 1, "4200": 2, "毫安": 4, "电池": 5, "30": 1, "硬": 1, "实力": 1, "反馈": 1, "Pro": 1, "重度": 1, "第二": 1, "荣耀": 4, "note10": 4, "可不": 1, "简单": 1, "大屏": 1, "5000": 3, "6.95": 1, "英寸": 1, "屏续": 1, "航能力": 1, "捉急": 1, "22": 1, ".": 1, "5瓦": 1, "技术": 2, "基本山": 1, "配合": 2, "旗下": 1, "GPU": 1, "turbo": 1, "系统": 1, "优化": 1, "功耗": 1, "控制": 1, "不错": 1, "安全感": 1, "特色": 1, "此前": 1, "高价": 1, "跌": 1, "低价": 2, "冲着": 1, "感觉": 2, "性价比": 1, "第三": 1, "Mate20": 3, "定位": 1, "冲突": 1, "商务": 1, "人士": 1, "喜爱": 1, "mate20": 2, "曲面": 1, "刘": 1, "海屏": 1, "浴霸": 1, "摄": 1, "镜头": 1, "设计": 1, "视觉": 1, "冲击": 1, "支持": 1, "W": 1, "mah大": 1, "旗舰": 4, "有目共睹": 1, "唯一": 1, "遗憾": 1, "难": 1, "接受": 1, "这是": 1, "有钱人": 1, "对标": 1, "配置": 1, "角度": 1, "整体": 1, "出色": 1, "留言": 1, "讨论": 1, "声明": 1, "：": 1, "未经": 1, "许可": 1, "禁止": 1, "转载": 1, "平台": 1, "网站": 1, "推哥": 1, "原创": 1, "图片": 1, "源于": 1, "网络": 1, "侵权": 1, "请": 1, "作者": 1}