{"华为": 441, "拍照": 19, "曝": 1, "造假": 1, "单反": 6, "手机": 174, "拆穿": 1, "网友": 9, "：": 129, "很": 45, "！": 6, "能力": 13, "国产": 3, "巅峰": 3, "水平": 7, "放眼": 1, "全世界": 16, "依然": 3, "事实": 2, "说话": 2, "DXOmark": 2, "评分": 1, "mate20Pro": 1, "得分": 1, "109": 1, "分力": 1, "压": 1, "iPhoneXSmax": 1, "夺得": 1, "世界": 23, "第一": 22, "毫无疑问": 1, "相机": 9, "排行榜": 2, "翻车": 1, "昨天": 1, "1月": 2, "27日": 1, "晚上": 1, "一个": 73, "名称": 2, "新潮": 4, "电子": 17, "徐林": 4, "数码": 5, "大V": 1, "发布": 14, "动态": 4, "内容": 5, "下图": 1, "说到": 3, "这是": 13, "mate20": 1, "北极圈": 1, "拍": 4, "照片": 13, "mate20x": 2, "系列": 15, "夸奖": 2, "附加": 1, "九": 3, "确实": 3, "好看": 1, "表面": 1, "看上去": 1, "接下来": 8, "有意思": 2, "图红线": 1, "标注": 2, "地方": 14, "麻坛": 2, "大兵": 2, "RYAN": 2, "用户": 14, "说道": 2, "尼康": 3, "+": 5, "腾龙": 2, "拍摄": 4, "竟然": 1, "打上": 2, "水印": 2, "镜头": 7, "名": 19, "证明": 4, "事情": 11, "真实性": 1, "发出": 2, "原图": 3, "电脑": 1, "显示": 6, "一模一样": 1, "图片": 3, "曝光": 2, "删除": 1, "持续": 8, "发酵": 1, "件": 7, "仿佛": 1, "科技": 16, "领域": 23, "惊天": 1, "巨雷": 1, "很多": 34, "看热闹": 1, "事儿": 1, "推波助澜": 1, "开启": 3, "科普": 1, "模式": 9, "拍照特": 1, "专业": 1, "分析": 4, "星芒": 1, "背后": 6, "原因": 5, "声明": 2, "合作": 17, "媒体": 16, "提供": 12, "锅": 2, "请": 3, "往下": 1, "小编": 7, "找到": 2, "这家": 2, "官方": 1, "一家": 14, "名叫": 1, "极果": 2, "产品": 34, "试用": 1, "平台": 8, "并非": 2, "去年": 10, "8月份": 1, "埃及": 1, "广告": 3, "宣传": 3, "nova3": 1, "nova3i": 1, "用来": 3, "强大": 7, "自拍": 2, "功能": 9, "效果": 1, "视频": 4, "女": 1, "主角": 1, "左边": 1, "穿": 1, "红": 1, "衣服": 1, "演员": 2, "社交": 1, "分享": 3, "细心": 1, "发现": 9, "拿华": 1, "面前": 1, "摄影师": 1, "否认": 1, "科学": 11, "常识": 2, "技术": 50, "超越": 4, "寄": 1, "希望": 14, "吊": 1, "猜想": 1, "质量": 4, "不错": 5, "4": 2, "瑕疵": 2, "一点": 14, "难以": 1, "接受": 10, "关注度": 2, "品牌": 36, "多种": 1, "黑科技": 3, "国内": 6, "国外": 2, "市场": 30, "都": 86, "销量": 3, "口碑": 4, "5G": 44, "支持": 18, "选择": 16, "对象": 2, "出色": 1, "表现": 8, "深度": 4, "缺陷": 1, "系统": 22, "苹果": 24, "差距": 3, "iOS": 1, "流畅度": 2, "包括": 12, "谷歌": 6, "安卓": 12, "加上": 1, "内置": 1, "总体": 2, "原生": 1, "流畅": 2, "前段": 3, "时间": 15, "9.0": 4, "下载": 5, "第三方": 2, "桌面": 4, "也就是说": 2, "个性化": 1, "需求": 24, "劣势": 2, "刷机": 1, "算是": 2, "缺点": 3, "第二": 11, "研发": 37, "处理器": 6, "核心": 6, "软件": 4, "屏幕": 4, "电池": 4, "海外": 7, "供应商": 2, "倒是": 1, "牵强": 1, "毕竟": 1, "厂商": 9, "三星": 5, "业务": 53, "芯片": 25, "高通": 3, "公司": 52, "算": 5, "优秀": 12, "身上": 2, "零件": 1, "这样一来": 1, "中国": 36, "地位": 1, "增长": 25, "不少": 2, "第三": 11, "海军": 2, "话题": 3, "拥有": 10, "刷华": 1, "余承东": 4, "水军": 1, "说法": 5, "说服": 1, "粉丝": 3, "数量": 4, "真的": 4, "明面": 1, "降价": 1, "大势": 1, "推广": 1, "悄悄": 1, "购买": 2, "程度": 3, "常年": 1, "奠定": 2, "基础": 37, "第四": 2, "越来越": 10, "价格": 2, "的确": 1, "高端": 7, "旗舰": 6, "比起": 1, "整体": 10, "配置": 1, "称": 6, "性价比": 1, "标准": 6, "发展": 27, "情况": 10, "贵": 1, "买": 9, "担心": 9, "带来": 9, "新奇": 2, "体验": 10, "优点": 1, "大于": 1, "看法": 4, "音频": 1, "讯飞": 1, "有声72": 1, "小时": 3, "、": 245, "场": 6, "采访": 11, "75": 1, "岁": 1, "创始人": 3, "任正非": 92, "罕见": 3, "频繁": 1, "出镜": 2, "打破": 4, "以往": 2, "低调": 3, "惯例": 1, "外媒": 3, "天后": 1, "昨日": 1, "晚间": 1, "谈到": 1, "困难": 19, "孟晚舟": 14, "近况": 2, "知识产权": 1, "关键": 3, "外界": 8, "艘": 2, "巨舰": 1, "轨迹": 1, "谈": 9, "信心": 15, "别人": 20, "想": 19, "不行": 5, "全球化": 2, "浪潮": 4, "职责": 1, "盗窃": 4, "知识": 23, "产权": 16, "面对": 5, "十几": 2, "年前": 5, "预计": 6, "仓促": 2, "应对": 5, "局面": 3, "例子": 2, "厂家": 5, "；": 18, "微波": 8, "先进": 8, "基站": 11, "回应": 4, "指责": 3, "指出": 2, "美国": 28, "经历": 4, "官司": 3, "87,805": 2, "项": 6, "专利": 14, "11,152": 2, "授权": 5, "信息": 16, "社会": 36, "价值": 11, "西方": 19, "达成": 2, "交叉": 2, "许可": 4, "保护": 17, "有利于": 4, "国家": 32, "长远发展": 2, "拿来": 2, "卡": 2, "借口": 2, "我国": 2, "假货": 2, "山寨": 3, "原创": 7, "经济": 8, "速度": 6, "竞争力": 5, "30年": 11, "170": 3, "30多亿": 2, "网络": 37, "服务": 13, "记录": 3, "重构": 7, "架构": 6, "体系": 8, "极简": 6, "交易": 3, "隐私": 7, "遵从": 3, "GDPR": 2, "四": 7, "目标": 5, "未来": 43, "五": 16, "投入": 39, "费用": 11, "销售": 6, "收入": 12, "倍": 12, "打打": 4, "电话": 11, "讲讲": 5, "笑话": 5, "晚舟": 4, "坚强": 4, "事件": 1, "本来": 2, "阿根廷": 2, "同一个": 5, "会议": 6, "主持者": 2, "加拿大": 5, "转机": 4, "不幸": 2, "扣留": 3, "晚": 2, "天才": 2, "出发": 2, "法律": 8, "程序": 2, "解决": 5, "父亲": 4, "感谢": 6, "政府": 7, "维护": 2, "公民": 3, "权益": 2, "领事": 3, "各界": 2, "人士": 2, "表达": 3, "关心": 3, "关注": 6, "女儿": 7, "仅仅": 4, "高调": 1, "公开": 4, "表态": 2, "传递": 9, "客户": 30, "信任": 4, "2014年": 9, "首次": 7, "开玩笑": 1, "揭开": 5, "神秘": 2, "面纱": 5, "满脸": 1, "皱纹": 4, "当下": 3, "再次": 3, "半径": 3, "10-20年": 2, "探索": 11, "质疑": 10, "等于": 2, "科学家": 20, "天生": 3, "喜欢": 4, "怀疑": 2, "东西": 7, "本身": 2, "过程": 10, "伴随": 4, "副产品": 2, "短短": 2, "3": 3, "相比": 3, "从容": 1, "段": 2, "18万": 4, "员工": 25, "释怀": 2, "遭遇": 6, "参加": 4, "内部": 6, "开会": 2, "群情": 2, "激昂": 2, "感觉": 5, "知情": 2, "说说话": 2, "作用": 9, "放慢": 4, "估计": 6, "超过": 18, "20%": 7, "业绩": 4, "增速": 10, "谈及": 1, "此前": 3, "2018年": 18, "轮值": 1, "董事长": 1, "郭平": 1, "不经": 1, "艰难困苦": 1, "玉汝于成": 1, "2019年": 4, "新年": 3, "致辞": 2, "郭": 1, "平在": 1, "荣耀": 10, "并称": 1, "1085亿": 1, "美元": 26, "同比": 7, "21%": 1, "全球": 31, "领先": 10, "运营商": 18, "签定": 1, "26": 2, "商用": 1, "合同": 2, "10000": 1, "发": 2, "160多": 1, "城市": 1, "500": 1, "企业": 39, "211": 1, "数字化": 1, "转型": 2, "伙伴": 3, "智能": 39, "出货量": 12, "2亿": 3, "台": 8, "利润": 8, "90多亿": 2, "科研": 6, "150-200亿": 3, "美金": 5, "150亿": 3, "投资": 14, "成本": 6, "实际上": 8, "投": 6, "钱": 26, "人才": 11, "成功": 13, "外国": 2, "工资": 4, "高于": 2, "工作": 9, "至少": 3, "700": 2, "数学家": 4, "800多": 2, "物理学家": 2, "120多": 2, "化学家": 2, "六七千": 2, "研究": 41, "专家": 8, "六万多": 2, "高级": 4, "工程师": 7, "……": 9, "组合": 3, "竞技": 4, "唯有": 3, "踏踏实实": 5, "六十": 5, "百年": 8, "振兴": 6, "教育": 26, "数据": 7, "人员": 4, "8万": 2, "占": 10, "人数": 1, "45%": 2, "2017年": 23, "138亿": 1, "国际": 7, "板块": 2, "拒绝": 5, "代表": 7, "好多": 2, "暂时": 5, "缓慢": 3, "通信": 4, "行业": 16, "热词": 1, "关键词": 1, "夸大": 6, "更多": 2, "成就": 4, "人类": 17, "迫切": 2, "宽带": 5, "内涵": 4, "发生": 5, "到来": 3, "漫长": 2, "时期": 5, "想象": 4, "海浪": 2, "财富": 5, "赶快": 2, "捞": 4, "错过": 2, "日本": 7, "韩国": 4, "4G": 16, "足够": 6, "用好": 2, "打开": 6, "20~30兆": 2, "300~400兆": 2, "8K": 5, "电视": 5, "结构": 14, "结构性": 3, "差不多": 2, "还要": 4, "毫米": 2, "波": 2, "毫米波": 2, "带宽": 3, "一百": 2, "秒钟": 2, "几十": 3, "高清": 2, "实验室": 6, "发挥": 4, "用处": 2, "太": 9, "快": 12, "满意": 3, "突破": 18, "数学": 7, "设备": 8, "中心": 18, "物理学": 3, "化学": 3, "神经学": 3, "脑学": 3, "学科": 3, "才": 19, "刚刚": 4, "起步": 3, "融合": 3, "投奔": 2, "构建": 4, "布局": 2, "跨界": 7, "永远": 9, "坦言": 2, "管道": 5, "信息流": 2, "机会": 10, "终端": 14, "战略": 11, "储备": 2, "很快": 4, "跃": 2, "汽车": 8, "车联网": 2, "模块": 4, "——": 8, "边缘": 2, "计算": 3, "车": 4, "配合": 2, "车用": 2, "自动": 5, "驾驶": 8, "决不": 2, "造车": 2, "边界": 4, "电子流": 2, "砍": 2, "掉": 2, "这两年": 1, "快速": 5, "大众": 1, "有目共睹": 1, "机海": 2, "战术": 2, "稳": 1, "坐": 2, "国行": 1, "老大": 1, "位置": 2, "回来": 4, "影响": 10, "款": 13, "值得": 7, "入手": 3, "笔者": 1, "介绍": 2, "三": 9, "预算": 4, "朋友": 3, "8": 7, "X": 3, "爆款": 1, "千元机": 1, "机型": 5, "外观": 2, "6.5": 1, "寸": 2, "刘": 2, "海屏": 2, "设计": 24, "得益": 2, "下巴": 1, "收窄": 1, "X屏": 1, "占比": 3, "高达": 3, "91%": 1, "颜值": 2, "颇为": 1, "养眼": 1, "硬件": 5, "麒麟": 9, "710": 1, "标配": 1, "64": 1, "G存储": 1, "后置": 3, "2000万": 1, "200万A": 1, "I": 1, "摄": 6, "3750": 1, "毫安": 3, "顶尖": 3, "均": 4, "中端": 1, "实力": 6, "1299": 1, "元": 6, "起步价": 2, "实惠": 1, "V20": 3, "前不久": 1, "新品": 1, "综合": 2, "可谓": 4, "可圈可点": 1, "6.4": 1, "挖孔": 1, "屏+": 1, "玻璃": 1, "机身": 2, "手感": 1, "4800万": 1, "主摄": 1, "4000": 1, "续航": 2, "一流": 1, "水准": 1, "搭载": 2, "麒麟980": 4, "性能": 2, "堪称": 2, "阵营": 2, "佼佼者": 1, "双频": 1, "GPS": 1, "液冷散热": 1, "2999": 1, "便宜": 3, "充足": 1, "Mate20": 6, "Pro": 8, "Pro起": 1, "步价": 1, "5399": 1, "高价": 1, "亮眼": 2, "曲面": 1, "顶级": 3, "徕卡": 19, "4200": 1, "水桶机": 1, "功能性": 1, "配备": 2, "40": 1, "W": 1, "超级": 1, "快充": 3, "IP": 2, "68": 1, "级别": 1, "防水": 1, "屏下": 1, "指纹": 9, "强悍": 1, "小伙伴们": 2, "对此": 3, "看好": 1, "留言": 2, "交流": 10, "优势": 3, "拿下": 1, "25": 2, "商业": 7, "订单": 1, "遥遥": 1, "诺基亚": 1, "爱立信": 2, "凳": 1, "传统": 3, "通讯": 1, "领跑": 2, "两亿": 1, "30%": 3, "排名": 4, "年底": 1, "正式": 4, "营收": 28, "破": 2, "千亿": 2, "富豪": 2, "榜单": 2, "身影": 1, "富豪榜": 1, "看完": 1, "股权": 1, "薪资": 1, "股份": 5, "分红": 3, "所得": 2, "例外": 2, "不足挂齿": 1, "股票": 6, "看重": 1, "英国": 4, "金融": 4, "报道": 3, "中文网": 1, "大部分": 3, "80000": 1, "持有": 2, "总数": 2, "150000": 1, "三年": 2, "定级": 1, "14": 2, "赠予": 1, "绝大多数": 1, "股": 1, "工会": 3, "代为": 1, "管理": 7, "高层": 1, "股票数": 1, "百万": 1, "定价": 1, "5.42": 1, "换算": 1, "几十万": 1, "隐形": 1, "资产": 2, "早": 3, "资料": 1, "控股": 1, "有限": 2, "持股": 4, "比例": 6, "98.82%": 1, "出资": 1, "1.18%": 1, "0.21%": 1, "累计": 5, "1.4%": 1, "上市": 8, "股价": 2, "大幅": 2, "提升": 11, "相比马云": 1, "6.7%": 1, "阿里": 1, "雷军": 1, "小米": 2, "处于": 2, "回报": 4, "极为": 1, "丰厚": 1, "每股": 1, "1.41": 1, "奖励": 1, "收益率": 1, "26%": 1, "无疑": 2, "最为": 2, "采区": 1, "方案": 2, "干劲": 1, "集体": 1, "荣誉感": 1, "飞速": 2, "此事": 1, "不妨": 1, "观点": 2, "文": 3, "/": 4, "百家号": 1, "小妖精": 1, "创作": 1, "区块链": 1, "版权": 1, "认证": 8, "禁止": 1, "形式": 1, "改编": 1, "转载": 1, "抄袭": 1, "违者": 1, "追究": 1, "责任": 3, "崛起": 3, "手机界": 1, "佳话": 1, "消费者": 38, "审视": 1, "重视": 3, "P20": 2, "Mate": 22, "羡慕": 1, "嘿嘿": 1, "长": 5, "接触": 1, "慢慢": 3, "独有": 1, "人文": 1, "关怀": 1, "篇": 2, "文章": 1, "IT之家": 4, "980AI": 1, "简单": 5, "熟悉": 4, "互联网": 4, "爆发": 3, "App": 9, "想方设法": 1, "获取": 2, "厕所": 1, "丧心病狂": 2, "App们": 1, "厂商们": 2, "尽可能": 1, "守护": 1, "自律": 1, "可靠": 2, "安全性": 1, "因素": 5, "发布会": 3, "都会": 4, "提到": 7, "生物": 2, "识别": 8, "解锁": 3, "方式": 8, "多种多样": 1, "3D": 1, "人脸": 1, "虹膜": 1, "声纹": 1, "7": 7, "集成": 3, "单元": 3, "存储": 2, "原始": 1, "对比": 1, "放": 2, "Trust": 1, "Zone": 1, "理解": 6, "藏": 1, "本地": 1, "黑匣子": 2, "微信": 3, "支付宝": 2, "支付": 11, "大规模": 2, "升级": 4, "更新": 1, "相当于": 2, "滴": 1, "水藏": 1, "大海": 1, "暴力": 2, "拆解": 1, "恢复": 2, "金融级": 4, "2016年": 6, "麒麟960": 1, "中金": 2, "国盛": 2, "央行": 2, "机构": 4, "银联": 3, "唯一": 3, "首家": 1, "统一": 1, "EMVCo": 1, "横跨": 1, "欧": 1, "美": 3, "熟知": 1, "VISA": 1, "MasterCard": 1, "北美": 1, "Discover": 1, "American": 1, "Express": 1, "JCB": 1, "玄学": 1, "摸": 1, "放心": 1, "小伙伴": 1, "感到": 1, "或者是": 3, "付款": 1, "提醒": 2, "这项": 1, "检测": 4, "风险": 3, "来源": 3, "环境": 6, "威胁": 1, "root": 1, "USB": 1, "调试": 1, "禁用": 1, "短信": 4, "wifi": 1, "一道": 1, "安全盾": 1, "钱财": 1, "手动": 1, "添加": 1, "金融类": 1, "消费类": 1, "银行": 1, "AI警犬": 3, "EMUI": 2, "AI": 5, "警犬": 1, "监测": 1, "恶意": 2, "偷偷摸摸": 1, "后台": 1, "扣费": 1, "套": 2, "套路": 1, "陷阱": 1, "样板": 1, "丢": 2, "进去": 2, "反复": 1, "训练": 1, "学习": 11, "辨认": 1, "披": 1, "羊皮": 1, "狼": 1, "这时候": 1, "跳": 1, "告诉": 1, "货": 1, "尽快": 1, "卸载": 1, "骚扰": 4, "拦截": 2, "不必": 1, "统统": 1, "拦住": 3, "误伤": 1, "友军": 1, "记得": 3, "某场": 1, "手里": 2, "公关": 1, "姐姐": 1, "发来": 1, "邀请函": 1, "场面": 1, "一度": 1, "尴尬": 1, "11": 4, "期间": 2, "推荐": 1, "▲": 2, "一部分": 3, "针对": 4, "各类": 2, "云端": 2, "大数据": 1, "号码": 1, "垃圾": 1, "舒心": 1, "六": 2, "调用": 2, "权限": 1, "亲眼": 1, "又或者": 1, "有时候": 1, "顶部": 1, "通知栏": 1, "红色": 1, "摄像头": 2, "麦克风": 3, "图标": 2, "EMIUI": 1, "贴心": 1, "APP": 3, "窃取": 3, "七": 2, "锁屏": 1, "密码": 1, "别有用心": 1, "拆机": 1, "秘密": 1, "采用": 4, "算法": 1, "文件": 2, "加密": 1, "丢失": 1, "未": 2, "读取": 1, "就算": 1, "拆出": 1, "存储卡": 1, "八": 1, "绿色": 6, "联盟": 7, "11月": 1, "9": 4, "联合": 3, "阿里巴巴": 1, "百度": 1, "腾讯": 4, "网易": 1, "知名": 2, "成立": 3, "推动": 3, "致力于": 1, "组织": 12, "开放": 4, "非盈利性": 1, "旨在": 1, "打造": 3, "信赖": 1, "健康": 1, "生态": 1, "记住": 1, "原谅色": 1, "老实人": 2, "接近": 6, "1000": 1, "入盟": 1, "会员": 1, "免费": 1, "北京": 3, "OpenLab": 1, "测试": 1, "面积": 1, "300多": 1, "平方米": 1, "2300": 1, "真机": 1, "日测": 1, "试量": 1, "峰值": 3, "15万": 1, "面向": 2, "海量": 1, "开发者": 1, "共享": 2, "DevEco云测": 1, "远程": 1, "调测": 3, "值得一提的是": 1, "激励": 1, "开发者们": 1, "遵守": 3, "开发": 8, "人工": 18, "双重": 1, "才能": 8, "标志": 1, "伪基站": 6, "电信": 3, "懂": 1, "斗争": 2, "麒麟950": 1, "业界": 1, "独家": 1, "2G": 2, "随Mate": 1, "推出": 1, "980": 2, "防控": 1, "信号": 1, "请求": 1, "之间": 5, "连接": 4, "9点": 1, "安全门": 1, "想要": 2, "补充": 1, "评论区": 1, "基于": 2, "层面": 4, "优化": 1, "全方位": 2, "层次": 2, "宽": 2, "优质": 2, "新闻": 4, "最多": 1, "肯定": 3, "莫属": 1, "17日": 2, "兼": 1, "CEO": 3, "深圳": 6, "总部": 2, "专访": 1, "近年来": 2, "少见": 2, "访谈": 3, "扣押": 2, "一一": 1, "精气神": 1, "肢体": 1, "语言": 1, "不时": 1, "手指": 1, "敲打": 1, "犹如": 1, "战场": 1, "战士": 1, "充满": 3, "基础科学": 1, "做好": 6, "面临": 11, "热点": 1, "看待": 4, "答": 11, "民众": 1, "声援": 1, "十多": 2, "近期": 1, "安排": 3, "公共": 2, "关系": 3, "部逼": 2, "战战兢兢": 3, "如履薄冰": 3, "追赶": 2, "这样子": 2, "跑": 6, "5": 3, "1000亿": 6, "一万多": 1, "花": 8, "国": 1, "封杀": 2, "倒下": 3, "早晚": 2, "哲学": 6, "命题": 5, "现实": 4, "生存": 7, "支点": 3, "坦诚": 1, "压力": 2, "稳健": 1, "底气": 1, "所在": 1, "想像": 2, "担忧": 5, "迎接": 5, "时代": 22, "挑战": 6, "重心": 3, "二三十年": 2, "变化": 4, "生产": 14, "变革": 7, "建设": 4, "创新型": 1, "基础教育": 2, "农村": 4, "难": 8, "教师": 7, "孩子": 9, "师范学校": 2, "培养": 3, "房子": 2, "在于": 3, "老师": 5, "物质": 2, "灵魂": 2, "尊重": 6, "革命": 4, "人口": 3, "大国": 5, "竞争": 9, "榜样": 4, "巨资": 2, "创新": 68, "驱动": 3, "主体": 1, "搞": 3, "周期": 4, "金额": 3, "百亿": 1, "量级": 1, "水漂": 1, "讲": 10, "实话": 1, "道出": 1, "奥秘": 1, "大为": 1, "缩短": 3, "领导": 4, "赚": 4, "超额": 7, "代工厂": 2, "落后于": 2, "落后": 2, "雄心": 1, "打压": 1, "老骥伏枥": 1, "志在千里": 1, "30": 2, "全文": 1, "1": 1, "记者": 43, "请问": 3, "评估": 2, "多年": 3, "抵抗": 1, "碰到": 1, "自主": 13, "意义": 3, "从来": 2, "词": 1, "科学技术": 1, "踏": 1, "前人": 2, "肩膀": 2, "上前": 1, "进程": 1, "农民": 2, "其他人": 1, "想法": 4, "精神": 4, "付钱": 2, "做完": 1, "指": 2, "工程": 2, "这次": 4, "坏": 1, "预案": 1, "外面": 3, "将来": 4, "融为一体": 1, "光纤": 1, "微波超": 1, "回传": 1, "有人": 3, "超宽带": 2, "适合": 2, "遍地": 1, "分散": 3, "别墅": 1, "高速": 3, "消费": 7, "就要": 3, "付出": 1, "昂贵": 2, "创造": 6, "长期": 2, "在内": 1, "常见": 1, "只能": 5, "围堵": 1, "办法": 1, "只好": 1, "产业链": 1, "下游": 1, "下沉": 1, "调整": 3, "当成": 2, "物权": 2, "法若": 1, "物权法": 1, "侵犯": 3, "发明": 6, "好像": 4, "回到": 2, "麦卡锡": 1, "共产主义": 1, "帽子": 1, "加到": 1, "打击": 1, "情报法": 1, "尤其是": 1, "第七": 1, "条": 7, "颁布": 1, "障碍": 2, "渠道": 6, "诠释": 1, "释法": 1, "外交部": 1, "澄清": 1, "强制": 1, "安装": 1, "后门": 1, "所在国": 1, "法规": 2, "联合国": 1, "欧盟": 2, "出口": 1, "管制": 1, "制裁": 1, "6": 2, "印象": 3, "当中": 2, "密集": 2, "亲自": 1, "出面": 1, "连续": 4, "会面": 1, "会见": 1, "评价": 6, "认同": 1, "出于": 1, "历史": 3, "偏见": 2, "消除": 1, "区分": 1, "开来": 1, "混淆": 2, "深刻": 1, "声音": 4, "缩到": 1, "小小": 1, "种地": 1, "土豆": 1, "看清": 1, "天翻地覆": 2, "工业": 2, "提高": 6, "效率": 3, "参观": 5, "生产线": 4, "维修": 1, "博士": 4, "操作": 1, "工人": 1, "动手": 1, "多发": 1, "老": 4, "一代": 1, "革命家": 1, "毛泽东": 2, "粟裕": 1, "黄克诚": 1, "光达": 1, "恽代英": 1, "…": 1, "出身": 2, "师范": 1, "学校": 4, "待遇": 2, "低": 7, "挣": 1, "不怎么": 1, "读书": 1, "三十": 3, "分化": 2, "重回": 1, "福利": 3, "罢工": 1, "搬到": 1, "东南亚": 1, "拉丁美洲": 1, "南欧": 1, "人力": 3, "纲领": 2, "民族": 1, "文化": 5, "素质": 2, "党": 1, "义务": 1, "街": 1, "高楼": 1, "大厦": 1, "变旧": 1, "年后": 1, "穷": 3, "冲锋": 4, "走向": 3, "繁荣": 1, "转折": 1, "资金": 1, "往前": 1, "刚才": 4, "央视": 2, "走": 5, "变短": 1, "等到": 1, "方程": 2, "终于": 1, "有用": 1, "电磁": 2, "理论": 3, "用于": 2, "无线电": 1, "厉害": 4, "毫秒级": 1, "短级": 1, "产业": 4, "分工": 1, "小学": 1, "光荣": 2, "职业": 1, "黄埔": 2, "军校": 1, "绑腿": 1, "抗大": 3, "板凳": 2, "电影": 1, "搬": 1, "黄土": 1, "飞扬": 1, "土地": 2, "听到": 1, "讲话": 1, "名校": 2, "提出": 2, "议题": 1, "警示": 1, "口号": 1, "打算": 4, "一无所有": 2, "背景": 2, "资源": 3, "脑袋": 2, "一批": 1, "中国人": 1, "外国人": 1, "集合": 2, "众多": 1, "对手": 4, "境界": 1, "原本": 1, "广阔": 2, "天地": 1, "为止": 1, "设置": 1, "讲华": 1, "状况": 1, "措施": 2, "困局": 1, "早上": 1, "心力": 1, "提倡": 1, "高校": 1, "听任": 1, "这块": 1, "辞职": 1, "年青人": 1, "按捺不住": 1, "兴奋": 1, "白天": 1, "二三十兆": 1, "4K": 1, "没法": 1, "不好": 1, "好比": 1, "嘴巴": 1, "喉咙": 1, "吃": 2, "一大": 1, "块": 3, "肉": 1, "口": 2, "吞": 1, "万能": 1, "着急": 1, "中央台": 1, "直播": 1, "春节": 1, "联欢": 1, "晚会": 1, "演示性": 1, "演示": 1, "足以": 1, "杯": 2, "咖啡": 2, "吸收": 2, "宇宙": 2, "能量": 2, "干": 2, "母公司": 1, "长生不老药": 1, "贡献": 2, "转移": 1, "学来": 1, "大学": 9, "教授": 3, "灯塔": 2, "照亮": 2, "做出": 4, "仅此而已": 1, "在编": 1, "15000多": 1, "金钱": 4, "60000": 1, "应用型": 1, "给予": 1, "胸有成竹": 2, "一路": 2, "ARM": 1, "CPU": 1, "光子": 2, "交换": 2, "量子": 5, "跟随": 1, "计算机": 2, "三者": 2, "之中": 2, "当作": 1, "利益": 1, "拜": 1, "杜": 1, "法案": 2, "赋予": 1, "非盈利": 1, "联邦": 1, "资助": 1, "享有": 1, "申请权": 1, "专利权": 1, "成果": 1, "转化": 3, "动力": 1, "拜杜": 1, "私心": 1, "领军": 1, "人物": 1, "大会": 1, "无人区": 5, "时延": 6, "太太": 1, "欧洲": 5, "乘坐": 1, "德国": 5, "无人": 4, "公路": 1, "狂奔": 2, "L3": 2, "阶段": 16, "奥迪": 1, "L5": 2, "降低": 1, "电路": 2, "电容": 1, "电阻": 1, "饱和": 1, "曲线": 4, "刚好": 1, "平顶": 1, "追上": 1, "搭": 1, "总理": 2, "比利时": 1, "IMEC": 1, "3纳米": 1, "1纳米": 1, "极限": 1, "石墨烯": 1, "替代硅": 1, "叠": 1, "热量": 1, "散": 1, "尖端": 3, "热学": 1, "抽象": 1, "找路": 1, "找来": 1, "找": 3, "追兵": 1, "10": 4, "企业家": 2, "一句话": 1, "抛弃": 1, "形容词": 2, "天天": 1, "听": 2, "店": 3, "传承": 1, "去除": 1, "惰怠": 4, "首长": 2, "机制": 2, "20年": 3, "10年": 1, "退步": 1, "派": 1, "艰苦": 2, "祛除": 2, "自我": 3, "批判": 3, "革": 1, "命比革": 1, "命要": 1, "难得": 1, "去年华": 1, "研讨会": 1, "提": 2, "堆": 1, "意见": 3, "宗": 2, "罪": 2, "道理": 1, "改进": 2, "心声": 2, "社区": 3, "网上": 1, "讨论": 3, "改": 1, "批评": 2, "好话": 1, "过滤": 1, "到底": 1, "基层": 1, "管理层": 1, "不对": 3, "调查": 2, "12": 2, "您谈": 1, "年轻": 1, "时有": 1, "人生": 1, "走错": 1, "路": 5, "讲到": 1, "传言": 2, "袁隆平": 1, "搞海": 1, "水稻": 1, "几百": 1, "对准": 1, "城墙口": 3, "几千": 1, "几万": 1, "十几万": 1, "对着": 1, "炮击量": 1, "部门": 3, "立足": 1, "拖上": 1, "拖斗车": 1, "马车": 1, "黄包车": 1, "高铁": 2, "加大": 2, "花好": 1, "花钱": 1, "审查": 1, "极其": 1, "拨": 1, "36.8亿": 1, "培训": 1, "读": 1, "硕士": 1, "毕业": 1, "实践": 2, "修好": 1, "下次": 1, "13": 3, "任总": 2, "领导者": 1, "服务器": 2, "标的": 1, "抢": 1, "生意": 1, "水池": 1, "水龙头": 1, "一脉相通": 1, "划给": 1, "前天": 1, "报告": 3, "演讲": 1, "智库": 2, "走势": 1, "站队": 1, "博弈": 2, "独善其身": 1, "派遣": 1, "4万多": 1, "上学": 1, "插班": 1, "流动": 1, "回": 1, "非洲": 1, "紧迫": 1, "权利": 1, "家长": 1, "操心": 1, "盲目": 2, "红利化": 1, "错误": 1, "东风": 1, "竺总": 1, "拖拉机": 2, "做起": 1, "轨道": 1, "24": 2, "耕地": 1, "蚊子": 1, "大雨": 1, "爬": 1, "高山": 2, "农业": 1, "15": 1, "趋势": 3, "导致": 1, "泡沫": 4, "害怕": 1, "破灭": 1, "失败": 3, "招聘": 1, "改变": 9, "理想": 2, "容纳": 1, "跳舞": 1, "泡沫化": 1, "比如说": 1, "办公": 1, "取代": 1, "微软": 6, "机器人": 2, "90%": 3, "解释": 1, "新疆": 1, "京东": 1, "快递": 1, "小哥": 1, "骑": 1, "摩托": 1, "山": 1, "装好": 1, "西安": 1, "验收": 1, "发票": 1, "付给": 1, "方法": 1, "16": 1, "17": 1, "拓展": 1, "规划": 1, "重点": 1, "方向": 10, "18": 1, "孟": 1, "女士": 1, "回答": 1, "听说": 1, "场合": 1, "沟通": 1, "顺畅": 1, "29日": 2, "引渡": 1, "期限": 1, "19": 1, "反对": 1, "封闭式": 1, "最先": 1, "IBM": 1, "站": 1, "平衡点": 1, "未知": 2, "嫦娥": 1, "4号": 1, "螺丝钉": 4, "中小企业": 1, "了不起": 1, "几十年": 1, "永不": 1, "松动": 1, "到处": 5, "飞机": 1, "过莱卡": 1, "莱卡": 1, "乡村": 1, "工厂": 1, "老太太": 1, "35年": 1, "做涂": 1, "外层": 1, "油漆": 1, "机器": 1, "精细": 1, "重复": 1, "少量": 1, "政客": 2, "人民": 3, "工业界": 2, "科技界": 1, "企业界": 1, "坚定不移": 2, "噪音": 1, "起到": 1, "最终": 4, "21": 1, "特朗普": 2, "总统": 3, "税率": 2, "降得": 1, "一天到晚": 1, "吵": 1, "吓唬": 1, "乱": 1, "抓": 1, "减掉": 2, "税": 2, "补": 1, "大幅度": 1, "下滑": 6, "低税": 1, "制度": 3, "改善": 2, "条件": 2, "也许": 1, "降税": 2, "邓小平": 1, "挖": 1, "一块": 1, "洼地": 1, "水": 1, "流": 1, "两面性": 1, "卡梅伦": 1, "奥斯本": 1, "降": 3, "正好": 1, "对冲": 1, "平衡": 3, "减": 1, "要领": 1, "救济金": 2, "申请": 2, "就业": 2, "照顾": 1, "孤寡老人": 1, "家务": 1, "打扫": 1, "街道": 1, "领": 1, "推行": 1, "降到": 1, "17%": 2, "窗": 1, "22": 1, "包含": 3, "有没有": 1, "时间表": 1, "舆论": 1, "判断": 1, "计划": 1, "GDP": 1, "R": 1, "图像": 5, "空间": 2, "展厅": 1, "画面": 1, "上海": 3, "广州": 1, "具备": 3, "为啥": 1, "到位": 2, "23": 1, "前景": 1, "光明": 1, "B2B": 10, "B2C": 12, "智能化": 1, "相关": 1, "偶然": 1, "感知": 3, "传感器": 2, "显示器": 1, "宽广": 1, "物联网": 1, "体量": 1, "或者说": 1, "大方向": 1, "亚马逊": 5, "卖": 1, "书": 1, "书店": 1, "营运商": 1, "设备商": 1, "军团": 1, "作战": 4, "27": 1, "陷入": 1, "困境": 1, "股市": 1, "28": 1, "树立": 1, "形象": 1, "宽容心": 1, "见解": 1, "网友们": 1, "骂": 1, "狗血淋头": 1, "哥白尼": 2, "日心说": 1, "胡说八道": 1, "神做": 1, "比神": 1, "宽容": 2, "莫名其妙": 1, "千奇百怪": 1, "29": 1, "军队": 1, "党员": 1, "身份": 2, "大型": 1, "跨国": 1, "掌门人": 1, "负担": 1, "相关性": 1, "意识": 2, "形态": 2, "宗教": 1, "上帝": 1, "神": 1, "火车": 1, "煤炭": 1, "共产党员": 1, "雷锋": 1, "无私奉献": 1, "市场经济": 1, "规律": 2, "对付": 1, "永久": 1, "传输": 1, "病毒": 1, "最早": 1, "80": 1, "年代": 2, "IP绕": 1, "绕": 2, "缺口": 2, "高度": 1, "支撑云": 1, "经济网": 1, "编辑": 1, "邢宇": 1, "点赞": 1, "评论": 1, "↓↓↓": 1, "见闻VIP": 2, "3000+": 2, "投资圈": 2, "专属": 2, "虎嗅APP": 1, "huxiu_com": 1, "作者": 1, "Eastland": 1, "建议": 1, "美团": 1, "急于": 1, "盘点": 1, "巨头": 4, "列入": 1, "真信": 1, "故意": 1, "漏掉": 1, "估值": 8, "蚂蚁": 1, "金服": 1, "争锋": 1, "林子": 1, "鸟": 1, "2.5": 1, "市值": 2, "8万亿": 1, "港元": 1, "市盈率": 4, "市销率": 4, "有望": 1, "2.08亿": 2, "居": 3, "本文": 2, "抛砖引玉": 1, "01": 1, "日益": 1, "倚重": 1, "2C": 3, "6036亿": 2, "2006年": 2, "809.5%": 1, "年均": 1, "复合": 1, "增长率": 1, "22.2%": 1, "2007年": 1, "41%": 1, "次贷": 1, "引发": 3, "危机": 1, "2009年": 3, "跌": 2, "19%": 1, "2011年": 4, "反弹": 1, "22%": 1, "度过": 1, "艰难": 1, "10%": 3, "2015年": 5, "再度": 1, "迎来": 1, "37%": 1, "32%": 2, "急速": 1, "回落": 3, "16%": 1, "上半年": 2, "3257亿": 1, "15%": 1, "全年": 2, "2010年": 7, "分为": 3, "商品": 1, "劳务": 1, "建造": 1, "大致": 1, "77": 1, "三大": 2, "1458亿": 1, "80%": 2, "2978.4亿": 1, "翻": 1, "50%": 1, "309.1亿": 1, "2372.5亿": 1, "667%": 1, "40%": 1, "3%": 1, "跌幅": 1, "触目惊心": 1, "67%": 1, "乐观": 1, "基数": 2, "47%": 1, "贡献率": 4, "同年": 1, "44%": 1, "43%": 1, "70%": 2, "9%": 1, "或许": 2, "常态": 1, "强劲": 2, "积累": 8, "自然": 2, "延伸": 2, "山雨欲来风满楼": 1, "02日": 1, "斗金": 1, "毛": 1, "利润率": 3, "稳步": 1, "限值": 1, "亦": 1, "逐年": 2, "新兴": 1, "毛利润": 1, "多重": 1, "毛利润率": 2, "拐点": 2, "44.2%": 1, "1275亿": 1, "此后": 4, "39.5%": 1, "2381亿": 1, "路由器": 1, "机顶盒": 1, "2013年": 3, "1.28亿": 1, "5200万": 2, "微增": 1, "1.38亿": 1, "7500万": 1, "1亿": 1, "财报": 1, "从此": 2, "不再": 1, "披露": 1, "9500万": 1, "出货": 1, "排": 1, "3.14亿": 1, "2.25亿": 1, "稳居": 1, "净利润": 5, "210亿": 1, "475亿": 3, "净": 2, "7.9%": 1, "2B": 3, "独大": 2, "2B+2C": 1, "混合": 1, "转向": 1, "&": 1, "行政": 3, "费用率": 1, "合计": 2, "16.5%": 1, "927亿": 1, "15.4%": 1, "现金流": 2, "惊人": 2, "经营": 1, "活动": 6, "净额": 1, "963亿": 1, "折合": 1, "142.8亿": 1, "日均": 1, "3912万": 1, "购": 1, "黄金": 1, "3万": 1, "盎司": 1, "853": 1, "公斤": 1, "来讲": 1, "日进斗金": 1, "03": 1, "筑就": 1, "护城河": 2, "世人": 1, "皆": 1, "事实上": 3, "2008年": 1, "105亿": 1, "2012年": 2, "300亿": 1, "600亿": 1, "897亿": 2, "~": 3, "12年": 1, "4090亿": 1, "同期": 2, "13.2%": 1, "截至": 2, "末": 1, "5000亿": 2, "逊色": 1, "确切": 1, "跻身": 1, "前列": 1, "2017": 1, "财年": 3, "133亿": 1, "112亿": 1, "130亿": 1, "226亿": 1, "仅次于": 1, "544亿": 1, "456亿": 1, "777亿": 1, "746亿": 1, "87.9亿": 1, "2017年底": 1, "7.43万": 1, "推断": 1, "7.4万": 1, "踢出": 1, "圈子": 1, "绝非": 1, "轻而易举": 1, "三成": 1, "投向": 1, "生死": 2, "看淡": 1, "半": 1, "筑成": 1, "04": 1, "值": 1, "适宜": 1, "对标": 1, "2018": 1, "2656亿": 1, "595亿": 1, "7203亿": 1, "12.1": 1, "2.7": 1, "盈利": 1, "走下坡路": 1, "不确定性": 1, "资本": 1, "投资人": 1, "参照": 1, "靠谱": 1, "差别": 1, "5750亿": 1, "1.6万亿": 1, "均值": 1, "1.1万亿": 1, "假设": 1, "增幅": 1, "25%": 1, "2000亿": 2, "粗线条": 1, "Mark": 1, "位于": 1, "松山湖": 1, "艺术": 1, "气息": 1, "谭璐": 1, "12月": 1, "发表": 1, "2019": 3, "开篇": 1, "写道": 1, "攀": 1, "珠穆朗玛": 1, "登峰路": 1, "无数": 1, "陡峭": 1, "三季度": 1, "大关": 1, "300万": 1, "1.52亿": 1, "年间": 1, "发货量": 1, "季度": 3, "份额": 3, "换机": 1, "意愿": 1, "下降": 2, "收缩": 1, "战绩": 1, "实属": 1, "不易": 1, "IDC": 1, "统计": 1, "3.552亿": 1, "6%": 1, "逆势": 2, "32.9%": 1, "主流": 1, "玩": 1, "家里": 1, "14.6%": 1, "生长": 1, "进化": 2, "究竟": 1, "力量": 2, "支撑": 1, "协同": 1, "护航": 1, "道路": 1, "关乎": 1, "过往": 1, "冒险": 1, "旅程": 1, "逻辑": 3, "切口": 1, "顾问": 2, "田涛": 8, "HUAWEI": 2, "RS": 4, "保时捷": 8, "致敬": 1, "·": 1, "现场": 1, "李宁": 1, "交通": 1, "学者": 1, "发展史": 1, "某种": 1, "魔咒": 2, "2003年": 1, "专注": 1, "定制机": 1, "白牌机": 1, "自有": 7, "聚焦": 4, "精品": 2, "尝试": 1, "发力": 2, "中高端": 1, "集团性": 1, "600": 1, "65亿": 1, "各异": 1, "上都": 2, "少有": 1, "案例": 2, "巴菲特": 1, "着手": 1, "将要": 1, "组装厂": 1, "低价": 2, "攫取": 1, "抱怨": 1, "交给": 1, "格局": 1, "低端": 1, "贴牌": 4, "制定": 1, "铁三角": 1, "零售": 1, "现有": 1, "抽调": 1, "双线": 1, "火力": 1, "当机立断": 1, "调去": 1, "之内": 1, "停止": 2, "放弃": 1, "留": 1, "陆续": 1, "一战成名": 1, "Ascend": 1, "P6": 2, "超薄": 1, "全金属": 1, "厚度": 1, "6.18": 1, "自研": 1, "一经": 1, "喜爱": 1, "好评": 1, "至此": 1, "600万": 1, "1和": 1, "团队": 5, "里程碑": 1, "代表作": 1, "大屏": 1, "长续航": 3, "高性能": 2, "反响": 1, "机": 1, "境况": 1, "半年": 1, "有口皆碑": 1, "天花板": 1, "乏力": 1, "年中": 1, "P9": 2, "引领": 2, "风潮": 1, "卡顿": 1, "顽疾": 1, "一生": 1, "持久": 1, "Mate10": 1, "独立": 1, "开创性": 1, "7nm": 2, "超广角": 1, "革新": 1, "无不": 1, "紧紧": 2, "抓住": 1, "前沿": 2, "潮流": 2, "紧贴": 1, "站稳": 2, "脚跟": 2, "联手": 1, "历经": 1, "9保": 1, "时捷": 1, "洗礼": 1, "迭代": 2, "王座": 1, "闪亮": 1, "颗": 1, "明珠": 1, "奢侈": 1, "联姻": 1, "附加值": 1, "炙手可热": 1, "奢华": 1, "突进": 1, "反哺": 1, "效应": 4, "变得": 1, "顺理成章": 1, "低质": 1, "认知": 2, "权威": 1, "咨询": 1, "Interbrand": 2, "榜上": 1, "并存": 1, "树根": 1, "棵": 1, "树": 1, "背书": 1, "产品力": 1, "8月": 1, "榜Interbrand": 1, "最佳": 2, "第94": 1, "知名度": 1, "美誉度": 1, "不言而喻": 1, "首席": 1, "执行官": 1, "Jez": 1, "Frampton": 1, "成长": 2, "争得": 1, "一席之地": 1, "第68": 1, "上榜": 1, "始终": 2, "陌生": 1, "深厚": 1, "内功": 2, "份": 1, "一朝一夕": 1, "创立": 2, "初": 1, "摸索": 1, "收获": 1, "硕果": 1, "理念": 2, "现实主义": 3, "仰望": 2, "星空": 2, "一以贯之": 1, "主线": 1, "MBA": 1, "主任": 1, "周禹": 1, "旧动": 1, "瓶颈期": 1, "20世纪": 1, "五分之四": 1, "五分之一": 1, "经验": 4, "田涛田涛": 1, "围绕": 3, "显性": 5, "隐性": 2, "展开": 2, "决策者": 1, "参与者": 1, "产品线": 2, "副总裁": 2, "李昌竹": 6, "归根到底": 1, "经费": 1, "路线": 2, "课题": 1, "每每": 1, "提及": 1, "资深": 1, "摄影": 2, "发烧友": 1, "开餐": 1, "bite": 1, "极致": 2, "借鉴": 2, "情感": 1, "思想": 1, "影像": 1, "彼时": 1, "思变": 1, "来自于": 1, "为此": 1, "愿景": 1, "实干": 1, "李": 1, "昌竹": 1, "带": 1, "拜访": 2, "飞到": 1, "敲定": 1, "细节": 1, "高科技": 1, "缘分": 1, "就此": 1, "回忆": 1, "专家组": 1, "光学": 7, "困难重重": 1, "天然": 1, "塑料": 1, "距离": 1, "镜片": 3, "尺寸": 1, "继承": 1, "模组": 2, "加工": 1, "难度": 1, "良率": 3, "量产": 2, "一开始": 1, "试制": 1, "崩溃": 1, "100": 1, "出品": 1, "符合": 1, "攻克": 1, "难题": 1, "专家们": 1, "并肩": 1, "指导": 2, "形状": 2, "间隔": 1, "周边": 1, "夜以继日": 1, "努力": 1, "如今": 1, "超群": 1, "相互": 1, "首款": 1, "双摄": 1, "一举": 1, "全新": 2, "标签": 1, "普遍性": 1, "原点": 1, "TOP3": 1, "卖点": 1, "位列": 1, "二三": 1, "深耕": 1, "1991年": 1, "6月": 1, "Kirin": 1, "SoC": 1, "匹": 1, "黑马": 1, "演进": 1, "半导体": 2, "追赶者": 1, "变为": 1, "引领者": 1, "突破性": 1, "上首": 1, "工艺": 1, "制程": 1, "指甲盖": 1, "大小": 1, "69亿": 1, "晶体管": 1, "盛行": 1, "摩尔": 1, "定律": 1, "死": 1, "论调": 1, "进一步": 1, "印证": 1, "策略": 1, "正确性": 1, "认定": 1, "力争": 1, "独一无二": 1, "第六": 1, "基石": 1, "白热化": 1, "洗牌期": 1, "脚步": 1, "一刻": 1, "停歇": 1, "逆水行舟不进则退": 1, "单位": 1, "向前": 1, "滚动": 1, "柔性屏": 1, "扇": 1, "大门": 1, "精确": 1, "普及": 1, "节点": 1, "临近": 1, "VR": 1, "AR": 1, "迅猛": 1, "这一切": 2, "预示": 1, "场景": 3, "智慧": 2, "把握": 2, "脉动": 1, "乐趣": 1, "主导": 1, "下一代": 1, "透露": 1, "网速": 1, "交互": 1, "密不可分": 1, "远离": 3, "熵增": 2, "船": 1, "行驶": 1, "舵手": 1, "更为": 1, "早期": 2, "跟随者": 1, "走进": 1, "寻找": 2, "一连串": 1, "首当其冲": 1, "逆本": 1, "举措": 1, "舒适区": 1, "正是": 1, "遵循": 2, "讲述": 1, "独特": 1, "初期": 1, "初创": 1, "活": 1, "本领": 1, "摸着石头过河": 1, "石头": 1, "颠覆者": 1, "自居": 1, "深深": 1, "烙": 1, "基因": 1, "一贯": 1, "踏实": 1, "务实": 1, "风格": 1, "高大上": 1, "注重": 1, "模仿式": 1, "跟随式": 1, "领先者": 1, "贴近": 1, "细枝末节": 1, "追随": 1, "动向": 1, "远远": 1, "较为": 1, "成熟": 1, "自然而然": 1, "来到": 1, "初级": 1, "顶层": 2, "眼前": 3, "远": 1, "精力": 2, "潜在": 2, "理想主义": 1, "为辅": 1, "好高骛远": 1, "清晰": 1, "升华": 1, "步入": 1, "积蓄": 1, "阵容": 1, "思考": 1, "破译": 1, "想象力": 1, "必不可少": 1, "功课": 1, "5000多": 1, "聆听": 1, "上千": 1, "外交家": 1, "势必": 1, "创造力": 1, "使命": 1, "既有": 1, "转换": 1, "建立": 1, "1万多": 1, "2012": 1, "交集": 1, "以此": 1, "庞然大物": 1, "流程": 1, "简化": 2, "减少": 1, "繁琐": 1, "僵化": 1, "惯有": 1, "官僚型": 1, "金字塔": 1, "体现": 1, "总收入": 1, "基本上": 1, "位数": 1, "双位数": 1, "打败": 1, "外部": 1, "激活": 1, "征服": 1, "写到": 1, "平静": 1, "万亿": 1, "巨量": 1, "大幕": 1, "拉开": 1, "角逐者": 1, "玩家": 1, "格局式": 1, "洗牌": 1, "残酷": 1, "机遇": 1, "期待": 1}