{"前段": 1, "时间": 5, "网友": 5, "爆料": 4, "：": 16, "华为": 134, "Mate": 3, "30": 4, "支持": 10, "20W": 1, "无线": 20, "快充": 12, "一阵": 1, "25W": 3, "事实上": 1, "方案": 2, "激进": 1, "今日": 3, "FCC": 5, "公布": 6, "条": 3, "消息": 12, "款": 7, "设计": 13, "型号": 2, "CP61": 4, "充电器": 5, "认证": 3, "30W": 3, "充电": 8, "输出": 4, "意味着": 1, "Mate30": 5, "搭配": 2, "技术": 18, "系列": 9, "发布": 12, "同步": 1, "推出": 5, "CP60": 1, "15W": 1, "即将": 1, "新款": 3, "侧面": 1, "印证": 1, "设备": 16, "发布会": 12, "信息": 13, "背部": 2, "加上": 1, "散热": 1, "电流": 1, "值": 1, "4A": 1, "标注": 1, "Not": 1, "Complied": 1, "排除": 2, "有待": 1, "9月份": 1, "揭秘": 1, "期待": 3, "沟通": 1, "交流": 2, "！": 12, "报来": 1, "iPhone11": 6, "10": 2, "外媒": 2, "曝光": 3, "定格": 1, "9月": 3, "19号": 1, "地址": 1, "选择": 5, "海外": 1, "10日": 1, "美国": 8, "紧挨": 1, "开发": 8, "布会": 1, "阻击": 2, "波": 1, "20号": 1, "正式": 5, "发售": 1, "这样一来": 1, "可谓": 1, "有备而来": 1, "掐准": 1, "时机": 2, "iPhone": 2, "毕竟": 3, "配置": 3, "系统": 36, "iOS": 4, "功能": 18, "包括": 9, "拍照": 6, "领先": 3, "iPhone11一": 1, "圈": 1, "一家": 2, "业务": 5, "覆盖": 2, "全球": 5, "几百": 1, "国家": 4, "公司": 7, "欧洲": 2, "市场": 11, "占有率": 1, "赶超": 1, "苹果": 3, "倍": 3, "份额": 3, "马上": 1, "mate30": 11, "都": 18, "mate": 1, "首发": 3, "黑科技": 3, "上一代": 1, "mate20Pro": 1, "40瓦": 1, "曲面屏": 2, "3D": 1, "结构": 1, "锦上添花": 1, "基础": 4, "提升": 6, "性能": 7, "网上": 1, "适配": 3, "麒麟": 2, "990": 1, "处理器": 2, "配备": 4, "5G": 17, "巴龙": 2, "5000": 4, "基带": 1, "届时": 1, "全新": 1, "一代": 1, "极其": 1, "出色": 1, "网络": 22, "表现": 1, "预计": 2, "版本": 3, "一个": 21, "4G": 2, "遗憾": 5, "无缘": 1, "赢": 1, "起跑线": 1, "看华": 1, "采用": 6, "圆形": 2, "奥利奥": 1, "后盖": 1, "渲染图": 2, "四": 3, "摄": 3, "镜头": 7, "确认": 2, "无疑": 3, "索尼": 1, "IMX600": 1, "传感器": 4, "双主": 1, "4000万": 2, "橘红色": 1, "曲面": 1, "屏幕": 6, "弧度": 2, "很": 11, "后置": 1, "摄像头": 3, "平整": 1, "外观": 2, "美观": 1, "具备": 2, "对称": 1, "美感": 2, "一如既往": 1, "IP68": 1, "等级": 1, "防水": 1, "据说": 1, "水下": 1, "存活": 1, "小时": 1, "55": 2, "瓦": 4, "超级": 2, "效率": 4, "最佳": 1, "居然": 1, "肯定": 1, "匹配": 2, "饱受": 2, "争议": 2, "太": 2, "低": 2, "损耗": 1, "小米": 5, "实用": 2, "mate30Pro": 1, "推动": 1, "国产": 3, "手机": 58, "时代": 2, "这才": 1, "当年": 1, "三星": 6, "质疑": 1, "如今": 3, "思路": 1, "瀑布屏": 1, "视觉": 1, "效果": 1, "远": 1, "Note10": 2, "、": 46, "S10": 1, "震撼": 1, "留下": 1, "2点": 1, "很多": 9, "卖": 1, "贵": 1, "生产": 4, "成本": 3, "零部件": 1, "Pro": 1, "价格": 1, "突破": 1, "新高": 1, "只能": 2, "观望": 1, "买": 1, "这是": 5, "第一": 2, "；": 4, "京东方": 1, "OLED": 1, "分辨率": 2, "缩小": 1, "1200p": 1, "显示": 6, "顶级": 1, "iPhoneXS": 1, "note10": 1, "+": 2, "差距": 1, "声明": 1, "图片": 1, "源于": 1, "侵权": 1, "请": 2, "作者": 1, "删除": 1, "Mate30Pro": 10, "国内": 5, "用户": 3, "最为": 1, "旗舰": 2, "最新": 1, "该机": 5, "九月": 1, "中旬": 1, "消费者": 8, "见面": 1, "日期": 3, "临近": 1, "各项": 2, "相继": 2, "近日": 1, "官方": 2, "保护壳": 2, "亮相": 1, "此前": 3, "颇": 1, "给出": 1, "Mate20Pro": 1, "P30Pro": 1, "优点": 1, "分离式": 1, "花": 2, "洒": 1, "三": 1, "模组": 5, "放置": 2, "中央": 1, "位置": 1, "左上角": 1, "放有": 1, "颗": 4, "闪光灯": 1, "当中": 3, "感光": 1, "元器件": 1, "尺寸": 3, "整合": 1, "Mate30Pro会": 1, "搭载": 7, "4800万": 1, "像素": 1, "底面": 1, "1/1.7": 1, "英寸": 2, "1/1.55": 1, "原因": 3, "五": 1, "光学": 1, "变焦": 1, "内部": 3, "空间": 2, "才能": 2, "花洒": 1, "够用": 1, "分离": 1, "不惜": 1, "牺牲": 1, "产品": 8, "在于": 2, "大幅": 1, "能力": 8, "相机": 1, "硬件": 7, "升级": 3, "情况": 2, "提前": 1, "锁定": 1, "冠军": 1, "头衔": 1, "W快": 1, "充功率": 1, "速度": 1, "丝毫": 1, "逊色": 1, "称霸": 1, "杀手锏": 1, "全瀑": 1, "布屏": 1, "弯曲": 1, "幅度": 1, "超过": 3, "正面": 1, "边框": 1, "Face": 1, "ID": 1, "解锁": 1, "体验": 2, "胜过": 1, "绝大多数": 1, "屏下": 1, "指纹": 1, "新一代": 1, "985": 1, "得益": 1, "7nm": 1, "工艺": 1, "实力": 2, "功耗": 1, "控制": 5, "程度": 4, "上网": 1, "芯片": 2, "NSA": 1, "SA": 1, "竞争力": 1, "整体": 1, "年度": 1, "机皇": 1, "来势汹汹": 1, "可惜": 1, "鸿蒙": 45, "来讲": 2, "购买": 3, "文/JING": 1, "微信": 2, "语音": 6, "视频": 1, "通话": 2, "聊天": 1, "调侃": 1, "号": 1, "用来": 2, "接收": 1, "验证码": 1, "教授": 2, "的确": 1, "打开": 10, "拨号": 11, "键盘": 10, "键": 1, "可不": 1, "打电话": 2, "简单": 4, "科技": 2, "发展": 6, "隐藏": 1, "众多": 1, "分享": 2, "7": 3, "1.": 1, "鉴别": 1, "真伪": 1, "渠道": 2, "风险": 1, "机友": 1, "担心": 3, "水货": 1, "组装机": 1, "非专业": 1, "人士": 1, "难看": 1, "派": 1, "用场": 1, "输入": 4, "*": 13, "06": 1, "快速": 1, "查询": 2, "上市": 1, "IMEI": 1, "代码": 6, "官网": 1, "背面": 1, "贴示": 1, "对比": 3, "正品": 1, ".": 3, "想": 7, "翻新机": 1, "破解": 1, "＃": 4, "1357946": 1, "弹出": 1, "串": 1, "16": 1, "数字": 3, "第6": 1, "年份": 1, "第8": 1, "代表": 3, "月份": 1, "第9": 1, "3": 2, "测试": 3, "工程": 2, "菜单": 2, "藏": 1, "电池": 1, "软件": 7, "2846579": 1, "即可": 2, "调出": 1, "4.": 1, "查看": 3, "记录": 2, "生活": 4, "难免": 1, "别人": 1, "借用": 1, "对方": 2, "App": 2, "退出": 1, "后台": 1, "清除": 1, "数据": 2, "难": 4, "记得": 1, "6130": 1, "长": 1, "5.": 1, "开启": 7, "熄屏": 3, "快": 2, "呼教": 1, "高级": 1, "姿势": 1, "秒": 2, "拨出": 1, "电话": 3, "状态": 2, "按住": 1, "音量": 1, "下键": 1, "1": 2, "说出": 1, "联系人": 1, "姓名": 1, "自动": 3, "拨打": 1, "设置": 6, "方法": 4, "点击": 3, "下角": 3, "三点符号": 3, "快呼": 1, "6": 1, "来电": 8, "开车": 1, "手上": 1, "忙": 1, "操作": 14, "接听": 1, "拒绝": 2, "腾出": 1, "手": 1, "7.": 1, "口袋": 5, "模式": 3, "经历": 2, "放": 1, "包包": 1, "铃声": 1, "错过": 2, "轻松": 1, "解决": 1, "置于": 1, "增大": 1, "电音量": 1, "不必": 1, "提到": 1, "一部分": 1, "安卓": 8, "发现": 1, "留言区": 1, "~": 1, "格外": 1, "重视": 1, "外部": 2, "8月": 1, "9日": 1, "开发者": 11, "大会": 12, "广东": 1, "东莞": 1, "松山湖": 1, "这次": 9, "聚集": 1, "产业链": 1, "1500多": 1, "合作": 6, "伙伴": 4, "一时间": 1, "吸引": 1, "各方": 1, "眼球": 1, "央视": 1, "参与": 4, "进来": 3, "现场": 1, "直播": 1, "截图": 1, "来源": 2, "新浪": 1, "5月": 2, "遭遇": 1, "封锁": 2, "英特尔": 1, "谷歌": 2, "断供": 1, "大规模": 1, "秋季": 2, "早": 5, "关注": 1, "友商": 1, "对手": 1, "究竟": 2, "开天辟地": 4, "端倪": 1, "露数": 1, "初见真容": 1, "24日": 1, "知识": 1, "产权局": 1, "商标局": 1, "网站": 1, "申请": 1, "程序": 7, "计算机": 3, "时隔": 1, "变脸": 1, "套": 2, "基于": 3, "微内": 13, "核": 24, "面向": 4, "场景": 7, "分布式": 4, "终于": 2, "揭开": 1, "面纱": 1, "随时": 2, "启用": 1, "OS": 9, "CEO": 1, "余承东": 10, "2012年": 1, "规划": 1, "拿到": 1, "二等奖": 1, "算来": 1, "一度": 1, "当作": 2, "备胎": 1, "研发": 6, "推测": 1, "成熟": 2, "或者说": 1, "趋于": 1, "正是": 2, "备受": 1, "世人": 1, "瞩目": 1, "到底": 3, "介绍": 1, "初衷": 1, "全场": 3, "景": 2, "智慧": 6, "到来": 1, "进一步": 2, "跨平台": 1, "跨": 1, "平台": 2, "应对": 1, "时延": 1, "安全性": 2, "挑战": 1, "雏形": 1, "未来": 10, "中国": 5, "古语": 1, "鸿濛": 1, "意指": 1, "宇宙": 1, "混沌": 1, "成玄": 1, "英书": 1, "元气": 1, "本人": 3, "中文": 2, "‘": 1, "’": 1, "接近": 1, "英语": 1, "单词": 1, "Genesis": 1, "汉语": 1, "拼音": 1, "表达": 1, "发音": 1, "取名": 1, "Harmony": 1, "希望": 2, "世界": 1, "带来": 1, "更多": 1, "和平": 1, "自研": 3, "起名": 1, "件": 3, "前人": 1, "做成": 1, "实际上": 2, "披露": 1, "核全": 1, "架构": 5, "支撑": 2, "提供": 2, "天生": 2, "流畅": 1, "内": 1, "核级": 1, "生态": 12, "底层": 2, "内核层": 1, "服务层": 1, "框架": 2, "屏": 1, "智能": 8, "穿戴": 2, "音响": 2, "终端": 7, "核心": 5, "关键": 2, "内核": 11, "相当于": 2, "地基": 1, "定义": 2, "重点": 1, "微内核": 9, "同微": 1, "宏内": 12, "发明": 1, "上个世纪": 1, "80年代": 1, "国外": 3, "典型": 1, "Windows": 3, "东西": 1, "装": 1, "称为": 1, "单内核": 1, "文件": 1, "进程": 1, "管理": 2, "内存": 1, "声卡": 1, "显卡": 1, "驱动": 1, "类比": 2, "人脑": 1, "不仅仅": 1, "交换": 2, "中心": 5, "指挥": 3, "人体": 1, "放到": 1, "之中": 2, "本身": 1, "母体": 1, "个子": 1, "之间": 2, "互动": 1, "充当": 1, "指挥者": 1, "负责": 1, "仅仅": 2, "存储": 1, "子": 1, "自行": 1, "自主性": 1, "章鱼": 2, "类似于": 1, "触角": 1, "独立": 1, "神经": 1, "外界": 2, "做出": 2, "应激": 1, "Operation": 1, "system": 1, "形式": 1, "目的": 1, "构筑": 1, "逻辑": 1, "工作": 1, "调用": 1, "简要": 1, "概括": 1, "区别": 1, "一体": 1, "评定": 1, "优劣": 1, "用于": 2, "执行": 2, "单一": 1, "运算": 1, "固定": 1, "战略": 5, "布局": 5, "出发": 1, "多种": 1, "适合": 1, "传达": 1, "——": 1, "无限": 1, "外延": 1, "打造": 5, "掣肘": 1, "不用": 1, "英文": 1, "敲": 1, "文字": 1, "符号": 1, "大概": 1, "20亿": 1, "交互": 1, "几万行": 1, "几万": 1, "延伸": 3, "自由": 1, "安装": 1, "更何况": 1, "远非": 1, "局限于": 1, "LiteOS": 4, "提": 1, "2015年": 2, "开源": 3, "社区": 2, "经理": 1, "林旅强": 1, "笑称": 1, "吃": 1, "狗粮": 1, "并非": 1, "Linux": 1, "截至": 1, "2018年": 3, "NB-IoT": 1, "出货量": 4, "2000万": 1, "台": 5, "优势": 3, "数学": 1, "形式化": 3, "验证": 5, "保证": 1, "源头": 1, "手段": 1, "透露": 2, "投入": 3, "商用": 3, "Android": 2, "平板": 2, "2.0": 1, "可信": 1, "环境": 1, "做人": 1, "脸": 1, "支付": 1, "级别": 1, "首次": 1, "BAT": 1, "互联网": 4, "巨头": 2, "联合": 2, "传闻": 1, "厂商": 1, "派出": 1, "技术员": 1, "入驻": 1, "实测": 1, "证实": 1, "一点": 3, "壮举": 1, "为过": 1, "总裁": 2, "王成录": 2, "替代": 1, "现有": 1, "趋势": 1, "算盘": 2, "力气": 1, "研究": 3, "单单": 3, "去年": 1, "超": 1, "千亿": 1, "元": 2, "打的": 1, "IoT": 3, "(": 3, "物联网": 6, ")": 3, "挚金": 1, "资本": 2, "投资": 4, "总监": 1, "辛双琪": 5, "笔者": 2, "率先": 1, "智慧屏": 3, "窄": 1, "事情": 1, "试图": 2, "软硬件": 1, "辛": 3, "双琪": 3, "持续": 2, "报告": 1, "董事长": 1, "梁华": 2, "谈及": 1, "驾驶": 1, "远程": 1, "医疗": 1, "低时": 1, "延场景": 1, "开放": 4, "首选": 1, "Andorid": 1, "告诉": 1, "可用": 1, "关系": 2, "减少": 1, "工作量": 1, "也就是说": 1, "环": 2, "通讯": 1, "设备商": 2, "出身": 1, "层面": 1, "醉翁之意不在酒": 1, "在乎": 1, "山水": 1, "新名词": 2, "1995年": 1, "比尔.盖茨": 1, "路": 2, "书": 1, "Internet": 1, "things": 1, "万物": 1, "相连": 1, "扩展": 1, "传感": 2, "地点": 1, "机": 1, "物": 1, "互联": 1, "互通": 1, "2003年": 2, "评论": 1, "提出": 1, "改变": 2, "十大": 1, "阿里巴巴": 1, "类似": 1, "尝试": 1, "2011年": 1, "阿里云": 1, "YunOS": 4, "首款": 1, "天语": 1, "天眼": 1, "查": 1, "阿里": 2, "魅族": 3, "5.9亿": 1, "美元": 1, "成立": 1, "注册": 1, "暂且": 1, "谈": 2, "稳定性": 1, "只用": 1, "主流": 1, "vivo": 1, "在外": 1, "注定": 1, "推广": 1, "办法": 1, "搭建": 1, "失败": 2, "概念": 1, "伪命题": 1, "辛双": 1, "琪举": 1, "例子": 1, "讲": 2, "音箱": 3, "故事": 1, "中控": 1, "足以": 1, "角色": 1, "服务": 4, "满族人": 1, "懒": 1, "需求": 1, "迎合": 1, "隔": 1, "米": 1, "距离": 1, "对着": 1, "喊": 1, "空调": 1, "遥控器": 1, "何必": 1, "多此一举": 1, "通信": 1, "起家": 1, "过硬": 1, "切入": 2, "强大": 1, "3亿": 1, "占": 1, "2亿多": 1, "演进": 1, "路径": 1, "2020年": 1, "OS2.0": 1, "创新": 2, "PC": 3, "手表": 1, "/": 1, "手环": 1, "车机": 2, "2021年": 1, "OS3.0": 1, "应用于": 1, "耳环": 1, "2022年": 1, "VR": 2, "眼镜": 1, "结构化": 1, "1+8+N": 1, "8": 3, "AR": 1, "大屏": 1, "领域": 2, "N": 1, "衣食住行": 1, "弥补": 1, "短板": 1, "规模": 1, "盘": 1, "20余": 1, "棋": 1, "崭露头角": 1, "谋事": 1, "成事": 1, "实操": 1, "单谈": 1, "格局": 2, "袒露": 1, "雄心": 1, "相关": 2, "掩盖": 1, "行业": 1, "人员": 2, "革命性": 1, "边角": 1, "对此": 1, "荣耀": 1, "赵明": 1, "承认": 1, "正好": 1, "赶上": 1, "面临": 1, "困境": 1, "力度": 1, "10多": 1, "全世界": 1, "贡献": 1, "加速": 1, "现阶段": 1, "影响": 1, "不利于": 1, "努力": 2, "包容": 1, "态度": 1, "给予": 1, "优厚": 1, "待遇": 1, "机会": 1, "给到": 1, "利益": 1, "相关方": 1, "大包大揽": 1, "朋友": 1, "供应商": 1, "保护": 1, "扶持": 1, "培养": 1, "把握": 1, "度": 1, "表述": 1, "称": 3, "讨论": 1, "基金会": 3, "一两": 1, "运营": 2, "公益": 1, "非营利": 1, "运作": 1, "控制权": 1, "主导权": 1, "路遥知马力": 1, "刚刚": 1, "销售量": 1, "增长": 4, "68": 1, "2.06亿": 1, "截止到": 1, "2019年": 2, "6月": 1, "35%": 1, "17.6%": 1, "遭受": 1, "制裁": 1, "上半年": 1, "依旧": 1, "24%": 1, "1.18亿": 1, "300%": 1, "可穿戴": 1, "200%": 1, "5-10年": 2, "长期": 2, "景全": 1, "连接": 1, "智慧化": 1, "AI": 1, "人工": 1, "接下来": 1, "走": 2, "唯有": 1, "静观": 1, "编辑": 1, "黄玉": 1, "璐校": 1, "颜京宁": 1, "经营网": 1, "段子": 1, "为此": 1, "有人": 1, "玩": 1, "6G": 3, "媒体": 1, "加拿大": 23, "安大略省": 1, "坎纳塔区": 1, "Kanata": 1, "隶属": 1, "渥太华市": 1, "大学": 3, "研究者": 1, "展开": 1, "洽谈": 1, "报道": 1, "政府": 3, "尚未": 1, "最终": 2, "联邦": 1, "大选": 1, "新闻": 1, "准确": 1, "成功": 1, "分析": 1, "表态": 1, "直白": 1, "从中作梗": 1, "不要紧": 1, "身正不怕影子斜": 1, "英国": 1, "威胁": 1, "任正非": 1, "傻": 1, "便宜": 1, "好用": 1, "理由": 1, "变慢": 1, "禁止": 1, "放弃": 1, "加大": 1, "渥太华": 1, "设立": 1, "先进": 1, "机构": 2, "十多": 1, "13": 1, "科研": 1, "至少": 1, "加元": 1, "资助": 1, "胸怀": 2, "优秀": 1, "包": 1, "天地": 1, "前不久": 1, "电信": 1, "巨擘": 1, "北部": 1, "偏远": 1, "地区": 1, "数十": 1, "布建": 1, "高速": 1, "网际": 1, "好感": 1, "打动": 1, "建设": 1, "道理": 1}