{"数码": 1, "资讯": 1, "互联": 1, "事件": 6, "手机": 3, "快": 2, "测评": 1, "二十年": 1, "专业": 4, "老司机": 1, "上车": 1, "点击": 1, "右上角": 1, "关注": 4, "泡泡网": 2, "即可": 1, "8月": 6, "13日": 2, "华为": 80, "终端": 2, "公司": 2, "发文": 1, "：": 10, "旗舰店": 7, "打卡": 1, "想": 3, "带": 2, "一个": 18, "地方": 1, "！": 5, "浪漫": 1, "土耳其": 1, "东京": 1, "巴黎": 1, "拒绝": 2, "......": 1, "万众瞩目": 1, "全球": 7, "即将": 2, "登场": 1, "Boss": 1, "悄悄": 1, "掀开": 1, "一角": 2, "海报": 1, "未来": 6, "五": 2, "大字": 1, "号称": 1, "估计": 2, "店": 1, "装修": 1, "布置": 1, "豪华": 1, "、": 71, "科技感": 1, "遗憾": 1, "官方": 1, "给出": 1, "地点": 1, "媒体": 2, "报道": 1, "上海": 1, "——": 1, "南京路": 1, "步行街": 1, "东端": 1, "方案": 6, "设计": 4, "领先": 1, "5G": 1, "AI": 1, "发布": 4, "互动": 1, "体验": 2, "展厅": 1, "领略": 1, "最新": 2, "科技": 9, "成果": 1, "产品": 5, "敬请": 1, "期待": 2, "本文": 1, "编辑": 2, "陈惺惺": 1, "畅享": 1, "生活": 3, "分享": 2, "篇": 2, "来源": 1, "小白": 3, "键": 1, "重装网": 1, "xiaobaixitong.com": 1, "市面": 1, "国产": 7, "操作": 22, "系统": 40, "前段": 1, "时间": 5, "热门": 2, "自主": 1, "研发": 2, "PC端": 1, "鸿蒙": 5, "说到": 1, "聊聊": 1, "开发": 1, "自有": 1, "自研": 1, "正式": 1, "注册": 1, "商标": 1, "支持": 3, "电脑": 1, "平板": 1, "电视": 1, "汽车": 1, "智能": 3, "穿戴": 1, "设备": 3, "面向": 1, "下一代": 1, "技术": 6, "兼容": 1, "安卓": 1, "Web": 1, "无米之炊": 1, "困境": 1, "推出": 2, "面世": 1, "究竟": 2, "发展": 3, "承担": 2, "厚望": 1, "拭目以待": 1, "深度": 5, "Linux": 13, "专注于": 1, "使用者": 1, "日常": 3, "办公": 2, "学习": 7, "娱乐": 2, "极致": 1, "适合": 1, "笔记本": 2, "桌面": 5, "计算机": 13, "一体机": 2, "中国": 14, "活跃": 1, "发行版": 2, "所有人": 1, "提供": 2, "稳定": 1, "高效": 1, "易用": 2, "美观": 2, "口号": 1, "免除": 1, "新手": 1, "痛苦": 1, "节约": 1, "老手": 1, "社区": 1, "参与": 2, "触摸": 1, "现实": 1, "商店": 1, "软件": 4, "国内": 1, "用户量": 1, "中兴": 2, "支点": 2, "中央": 1, "政府": 4, "采购": 2, "中直机关": 1, "入围": 1, "品牌": 1, "款": 1, "基于": 1, "开源": 1, "核心": 4, "芯片": 3, "龙芯": 1, "兆": 1, "芯": 1, "ARM": 1, "软硬件": 1, "安装": 1, "台式机": 1, "ATM": 1, "柜员机": 1, "取票机": 1, "医疗": 3, "众多": 1, "企业": 10, "教育": 3, "机构": 1, "采用": 1, "所需": 1, "程序": 2, "网页": 1, "浏览器": 1, "幻灯片": 1, "演示": 1, "文档": 1, "电子": 3, "表格": 1, "声音": 1, "图片": 1, "即时": 1, "通讯": 1, "旨在": 1, "创造": 1, "简单": 2, "红旗": 4, "linux": 1, "成熟": 1, "出名": 1, "日本": 1, "韩国": 1, "厂商": 2, "Asianux": 1, "Server": 1, "拥有": 1, "完善": 2, "认证": 1, "用户": 2, "分布": 1, "邮政": 1, "电信": 1, "金融": 1, "保险": 1, "交通": 1, "运输": 1, "能源": 1, "物流": 1, "制造": 2, "行业": 1, "世界": 1, "建立": 1, "合作": 6, "关系": 1, "性价比": 1, "多元化": 1, "解决": 2, "推动": 1, "开放": 1, "创新": 1, "生态": 1, "体系": 2, "建设": 1, "价格": 1, "服务": 3, "层面": 1, "带来": 2, "实质": 1, "收益": 1, "介绍": 5, "主流": 1, "中标": 1, "麒麟": 2, "起点": 1, "StartOS": 1, "雨林": 1, "木风": 1, "YLMF": 1, "OS": 1, "银河": 1, "铭": 1, "威科乐恩": 1, "留言": 1, "下期": 1, "12日": 1, "为期": 1, "谢师宴": 1, "武汉": 1, "开启": 1, "邀请": 1, "8": 5, "博导": 1, "正是": 1, "流出": 3, "百万": 3, "年薪": 11, "博士": 11, "名单": 4, "顶尖": 9, "学生": 13, "导师": 2, "此次": 5, "做东": 1, "博导们": 1, "聚餐": 1, "周游": 1, "三峡": 1, "交流": 1, "培养": 5, "经验": 1, "7月": 2, "23日": 2, "封": 1, "任正非": 4, "签发": 1, "总裁": 1, "邮件": 3, "截图": 3, "网上": 1, "流传": 1, "正文": 1, "显示": 3, "挑战": 1, "顶级": 1, "薪酬": 1, "吸引": 1, "人才": 1, "附有": 1, "2019": 1, "届": 2, "182万": 1, "—": 6, "201万": 1, "元": 3, "人民币": 3, "钟钊": 2, "秦通": 2, "；": 6, "140.5万": 1, "156.5万": 1, "李屹": 2, "高扬": 1, "89.6万": 1, "100.8万": 1, "贾许亚": 1, "王": 2, "承珂": 2, "林": 4, "晗": 2, "何睿": 1, "时代": 14, "周报": 13, "记者": 13, "整理": 2, "发现": 2, "6": 1, "高校": 1, "睿": 1, "毕业于": 3, "科学院": 1, "毕业": 3, "北京大学": 1, "四": 1, "香港": 2, "大学": 8, "浙江": 1, "清华大学": 1, "高薪": 4, "聘请": 1, "群": 2, "林晗": 42, "故事": 1, "也许": 1, "外界": 3, "窥见": 1, "这是": 2, "人生": 2, "规划": 1, "异常": 1, "清晰": 2, "高中": 2, "同学": 2, "王晶": 1, "接受": 6, "采访": 6, "陶渊明": 1, "笔下": 1, "闲适": 1, "超脱": 1, "柳": 1, "隐士": 1, "风度": 1, "科学": 2, "学院": 1, "教授": 1, "安虹": 12, "认同": 1, "评价": 2, "‘": 5, "学究": 1, "’": 5, "味道": 1, "着急": 1, "慢悠悠": 1, "说话": 2, "韧劲": 1, "别人": 1, "事情": 3, "谈及": 2, "回应": 2, "冷静": 1, "喜欢": 2, "人群": 2, "不起眼": 2, "太": 4, "习惯": 2, "聚光灯": 1, "感觉": 1, "希望": 5, "影响": 5, "相关": 1, "消息": 2, "终身": 2, "都": 9, "提高": 2, "忘": 1, "初心": 1, "用心": 1, "做事": 1, "过分": 1, "薪资": 1, "收入": 1, "说道": 1, "母亲": 2, "喜忧参半": 2, "应届": 1, "看待": 1, "工作": 1, "压力": 1, "届生": 1, "200万": 1, "前景": 1, "光明": 1, "系列": 1, "话题": 1, "燃爆": 1, "舆论场": 1, "近乎": 1, "狂热": 1, "氛围": 1, "舆论": 1, "场": 1, "中心": 1, "显现": 1, "异乎寻常": 1, "平静": 2, "8日": 2, "攻读": 1, "先进": 1, "结构": 5, "实验室": 9, "简称": 1, "见到": 1, "书桌": 3, "左手": 1, "层": 1, "书架": 1, "代码": 1, "大全": 1, "书籍": 2, "摆放": 2, "罗永浩": 1, "写": 3, "生命": 1, "不息": 1, "折腾": 1, "不止": 2, "渡边": 1, "淳": 1, "永远": 1, "右手": 1, "堆放": 1, "一个半": 1, "棕色": 1, "毛绒": 1, "玩具": 1, "熊": 1, "研究生": 1, "学位": 1, "论文": 14, "开题": 2, "报告": 2, "题目": 2, "异构": 2, "融合": 2, "平台": 3, "数据": 2, "流运行": 1, "研究": 6, "指导": 1, "教师": 2, "答辩": 1, "10月": 2, "旁边": 1, "摆": 1, "程序员": 1, "自我": 1, "修养": 2, "连接": 1, "装载": 1, "库": 1, "面积": 1, "120": 1, "平方米": 1, "30": 1, "工位": 1, "大门": 1, "事业": 1, "爱情旺旺旺": 1, "家庭": 1, "学业": 1, "六六六": 1, "对联": 1, "暑期": 1, "留下": 1, "七八": 1, "下午": 1, "5点": 1, "夕阳": 1, "右前方": 1, "穿透": 1, "窗帘": 1, "进来": 1, "方向": 2, "超级": 2, "并行": 4, "运算": 1, "优化": 1, "智慧": 2, "高三": 1, "班主任": 1, "学栋": 4, "回忆": 2, "晚8点": 1, "当天": 1, "传到": 1, "所在": 2, "2009": 1, "山东": 1, "临朐": 1, "实验": 1, "中学": 2, "班级": 1, "特意": 1, "电话": 3, "祝贺": 1, "多年": 1, "辛苦": 1, "白费": 1, "件": 4, "告诉": 1, "学弟": 2, "学妹": 2, "很": 7, "鼓舞": 1, "谦虚": 1, "回复": 1, "想到": 2, "薪水": 2, "目光": 1, "长远": 1, "性格": 2, "沉稳": 1, "包容性": 1, "父亲": 1, "洪刚": 2, "刘": 3, "法玉": 3, "任教": 1, "临朐县": 1, "东城": 1, "街道": 1, "七贤": 2, "初级": 1, "小学": 1, "同事": 1, "群里": 1, "才": 6, "得知": 1, "此事": 1, "孩子": 4, "多么": 1, "了不得": 1, "外面": 1, "累": 1, "健康": 1, "开心": 2, "刘法玉": 1, "三四": 1, "岁": 1, "奶奶": 3, "大街": 1, "玩": 2, "卖": 1, "西红柿": 2, "在手": 1, "半天": 1, "放下": 1, "吃": 1, "付钱": 1, "小事": 1, "品性": 1, "不错": 1, "晚": 2, "段": 1, "送给": 1, "答应": 1, "好好": 2, "天天": 1, "向上": 1, "主动性": 1, "养成": 1, "充满": 2, "更多": 1, "可能性": 1, "思想": 1, "努力": 1, "开阔": 1, "视野": 1, "奉献": 1, "精神": 1, "但行好事": 1, "无问": 1, "前程": 1, "精诚所至": 1, "金石为开": 1, "科研": 4, "能力": 2, "≠": 1, "质疑": 3, "发表": 5, "数量": 1, "质量": 1, "7": 1, "配": 1, "第一": 2, "作者": 1, "身份": 1, "国际": 2, "期刊": 3, "International": 1, "Journal": 1, "Parallel": 1, "Programming": 1, "一流": 1, "计算": 1, "领域": 6, "知名度": 1, "水平": 4, "代表": 3, "低": 1, "坦言": 1, "课题组": 1, "申请": 3, "项目": 9, "国家": 2, "周期": 1, "长": 2, "学校": 1, "本来": 1, "发": 1, "审稿": 1, "4": 1, "博士生": 1, "留校": 1, "老师": 1, "三": 1, "均": 1, "录用": 2, "董": 1, "家铭": 1, "化名": 1, "董家铭": 3, "2018年": 3, "年初": 1, "找到": 1, "笔试": 2, "环节": 1, "经历": 1, "两三": 1, "轮": 1, "面试": 2, "心理": 1, "测试": 1, "年底": 1, "找": 1, "流程": 1, "基础": 1, "知识": 1, "参加": 4, "全国": 1, "什么的": 1, "办法": 2, "称": 2, "的确": 3, "惊讶": 1, "很快": 1, "释然": 1, "差": 1, "挺": 1, "远": 1, "尚未": 1, "报到": 1, "忙": 1, "马不停蹄": 1, "北京": 2, "回到": 1, "中科大": 1, "第二": 2, "湖南": 1, "某场": 1, "学术": 1, "会议": 1, "此前": 3, "安排": 1, "国家级": 4, "超算": 1, "完工": 1, "带领": 1, "团队": 1, "实打": 1, "实地": 1, "暂时": 1, "保密": 1, "明年": 2, "下半年": 2, "后年": 1, "上半年": 1, "全新": 1, "这不": 1, "衡量": 1, "印象": 1, "木讷": 1, "书呆子": 1, "1990年": 1, "出生": 2, "快要": 1, "爸爸": 1, "太太": 2, "预产期": 1, "朋友圈": 1, "封面": 1, "站": 1, "海边": 1, "背影": 1, "简介": 1, "苦短": 1, "好玩": 1, "儿媳": 1, "自由": 1, "恋爱": 1, "领证": 1, "酒席": 1, "抱": 1, "孙子": 1, "头": 1, "掩饰": 1, "不住": 1, "抛": 1, "绣球": 1, "幸运": 2, "砸到": 1, "林晗头": 1, "感谢": 1, "好意": 1, "认可": 1, "科大": 1, "卡": 1, "很多": 2, "苦": 1, "体育": 1, "条": 1, "路上": 1, "倾向于": 1, "选择": 2, "乒乓球": 1, "踢": 2, "足球": 1, "一窝蜂": 1, "人工": 1, "挖掘": 1, "竞争力": 1, "1997年": 1, "易会特": 2, "9月份": 1, "就读于": 1, "研究生部": 1, "大赛": 1, "参赛": 1, "鼻咽癌": 1, "放疗": 1, "靶区": 1, "危及": 1, "器官": 1, "自动": 1, "勾画": 1, "直系": 1, "学长": 1, "羡慕": 1, "优秀": 2, "感到": 1, "荣幸": 1, "信心": 1, "机械": 1, "理解": 2, "实际上": 2, "名称": 1, "杰出": 1, "青年": 1, "计划": 2, "员工": 1, "正确": 1, "对待": 1, "对接": 1, "走": 1, "道路": 1, "二十多": 1, "一点": 2, "书生气": 1, "想法": 1, "理想化": 1, "风格": 1, "五柳": 1, "散淡": 1, "定位": 1, "感": 1, "兴趣": 1, "意义": 2, "做好": 1, "尤其是": 2, "底层": 1, "深耕": 1, "打磨": 1, "加深": 1, "独当一面": 1, "小小": 1, "成绩": 1, "劳动": 1, "改善": 1, "或者是": 1, "一部分": 1, "文": 2, "陈": 1, "佳慧": 1, "明朗": 1, "各方": 1, "态度": 2, "捅刀": 2, "纷纷": 1, "改变": 1, "金牌": 1, "代工厂": 3, "伟创力": 15, "简直": 1, "罄竹难书": 1, "最终": 1, "自食恶果": 1, "供应链": 3, "踢出": 1, "位于": 1, "长沙": 1, "望城": 1, "经济": 1, "开发区": 1, "工厂": 1, "订单": 7, "停产": 1, "损失": 3, "美国": 15, "老牌": 1, "代工": 5, "仅次于": 1, "富士康": 9, "客户": 2, "营收": 4, "依托": 1, "25亿": 2, "美元": 5, "剔除": 1, "耿直": 1, "率先": 1, "终止": 1, "无故": 1, "扣押": 2, "物资": 2, "违反": 1, "当地": 1, "法律": 1, "归还": 1, "材料": 1, "半成品": 1, "提出": 1, "索赔": 2, "价值": 1, "7亿": 1, "公开信": 1, "做出": 2, "需求": 1, "降低": 1, "建设性": 1, "示好": 1, "元气": 1, "伤": 1, "季": 1, "财报": 1, "62亿": 1, "同比": 1, "下降": 1, "3%": 1, ";": 1, "净利润": 1, "4500万": 1, "去年": 1, "同期": 1, "1.16亿": 1, "相比": 1, "大幅": 1, "减少": 1, "61.2%": 1, "流向": 1, "比亚迪": 1, "承接": 1, "加大": 1, "扫": 1, "低迷": 1, "状态": 2, "恢复": 2, "如火如荼": 1, "危难": 1, "之际": 1, "伸出": 1, "援手": 1, "郭台铭": 1, "任由": 1, "花样": 1, "作死": 1, "效仿": 1, "创": 1, "力断": 1, "供华": 1, "生产线": 1, "延伸": 1, "撤离": 1, "一度": 1, "众矢之的": 1, "口碑": 1, "岌岌可危": 1, "毕竟": 2, "替代": 1, "再次": 3, "喜提华": 1, "本身": 1, "业务": 5, "出色": 1, "源于": 1, "土生土长": 1, "抢占": 1, "物料不归还": 1, "恶劣": 1, "后续": 1, "重回": 1, "正轨": 1, "不知": 1, "悔改": 1, "难": 1, "对此": 1, "看法": 1, "观点": 1, "评论区": 1, "|": 1, "子陵": 1, "特朗普": 1, "加征": 1, "关税": 1, "停止": 2, "农产品": 1, "进口": 1, "予以": 1, "反击": 1, "和解": 1, "宣称": 1, "有错": 1, "在先": 1, "包括": 1, "谷歌": 1, "博通": 1, "巨头": 1, "美国商务部": 2, "发出": 1, "延迟": 1, "答复": 1, "摆明": 1, "供货": 1, "这次": 1, "临时": 4, "许可证": 4, "到期": 3, "碰撞": 1, "不由得": 1, "心生": 1, "担心": 1, "高盛": 1, "分析师": 2, "David": 2, "交易": 1, "19日": 2, "预计": 1, "份": 2, "延长": 1, "禁止": 1, "联邦": 1, "国外": 2, "恐": 1, "遭受": 1, "风险": 1, "供应": 1, "禁令": 1, "5月": 1, "16日": 1, "享受": 1, "日期": 1, "通通": 1, "半导体": 1, "零部件": 1, "不利": 1, "小编": 2, "欧洲": 3, "地区": 2, "较为": 1, "困难": 2, "想要": 1, "手段": 1, "打垮": 1, "未免": 1, "天真": 1, "记": 1, "记得": 1, "刚刚": 1, "禁掉": 1, "利润": 1, "暴跌": 1, "90": 2, "许可": 1, "也就是说": 2, "早就": 1, "看穿": 1, "意图": 1, "信誓旦旦": 1, "说出": 1, "老心": 1, "肯定": 1, "丈量": 1, "消除": 1, "就算": 1, "角度": 1, "变得": 1, "愈发": 1, "产量": 1, "削减": 1, "市场": 1, "变化": 1, "余承东": 1, "大会": 1, "二季度": 1, "阻扰": 1, "或许": 1, "风平浪静": 1, "海平面": 1, "汹涌": 1, "暗流": 1, "涌动": 1, "所幸": 1, "铸就": 1, "铜墙铁壁": 1, "处理器": 1, "处于": 1, "应对": 1, "好几": 1, "断供": 1, "危机": 1, "就要": 1, "拆招": 1}