{"12月": 2, "5日": 2, "华为": 93, "nova": 14, "6": 1, "系列": 3, "发布会": 2, "消费者": 2, "业务": 4, "手机": 22, "产品线": 2, "总裁": 1, "刚": 1, "回顾": 1, "第四": 2, "季度": 1, "升级": 7, "EMUI10": 5, "进程": 1, "5": 14, "Pro": 26, "赫然在目": 1, "款": 5, "搭载": 6, "旗舰级": 1, "麒麟": 6, "980": 1, "芯片": 8, "潮流": 2, "旗舰": 1, "11月": 1, "开启": 2, "EMUI": 12, "10": 12, "首次": 3, "内测": 1, "招募": 1, "16日": 1, "正式": 2, "迎来": 1, "公测": 1, "版本": 7, "一个": 8, "定位": 3, "nova星人": 3, "本身": 1, "拥有": 4, "酷炫": 1, "外观": 3, "仲夏紫": 1, "、": 69, "珊瑚": 1, "橙": 2, "苏音蓝": 1, "2019年": 3, "PANTONE": 1, "钦点": 1, "时尚色": 1, "3D": 1, "精雕纹理": 1, "融入": 3, "后盖": 1, "工艺": 6, "打造": 1, "幻境": 1, "星芒": 1, "般的": 1, "光影": 1, "特效": 1, "焕新": 2, "UX": 3, "设计": 8, "全新": 8, "六": 3, "莫兰迪色": 1, "机身": 3, "背部": 1, "时尚": 3, "色系": 1, "遥相呼应": 2, "一眼": 1, "流连忘返": 1, "配色": 3, "锁屏": 5, "状态": 2, "赋予": 1, "生命": 1, "遵循": 1, "平衡": 1, "构图": 1, "美学": 2, "原则": 1, "杂志": 2, "带来": 8, "非凡": 1, "视觉": 3, "效果": 6, "美感": 2, "冲击": 1, "借助": 2, "AI": 3, "算法": 3, "针对": 1, "图片": 5, "巧妙": 2, "布局": 2, "进一步": 1, "提升": 5, "界面": 5, "如果说": 1, "注入": 1, "气质": 1, "基于": 4, "杂志化": 1, "精美": 2, "版式": 1, "设置": 2, "日历": 1, "邮件": 2, "备忘录": 4, "系统": 12, "脱胎换骨": 1, "醒目": 1, "标题": 1, "充足": 1, "留白区": 1, "简洁": 2, "网格": 1, "高亮": 2, "点缀": 1, "元素": 1, "交互": 4, "充满": 2, "乐趣": 1, "研究": 5, "成果": 2, "第一": 3, "项": 2, "深色": 5, "模式": 22, "传统": 3, "反色": 1, ";": 1, "探索": 1, "过程": 2, "工程师": 1, "四": 7, "日常": 1, "典型": 1, "光照": 1, "条件": 1, "最终": 1, "找到": 1, "文字": 3, "前景": 1, "对比度": 1, "图标": 2, "颜色": 4, "优化": 2, "确保": 1, "感受": 2, "一致性": 1, "舒适性": 1, "配合": 3, "采用": 10, "OLED": 1, "屏幕": 8, "机型": 4, "省电": 1, "延长": 1, "阅读": 1, "续航": 1, "时间": 4, "第二": 2, "流畅": 6, "动效": 5, "这不": 1, "简单": 1, "虚拟": 1, "按键": 1, "反馈": 2, "用户": 18, "生理": 1, "心理": 2, "角度": 1, "探寻": 1, "真实": 3, "世界": 1, "客观": 1, "规律": 1, "转化": 1, "源于": 1, "动态": 1, "变化": 3, "感知": 2, "手": 1, "眼": 1, "合一": 1, "点击": 1, "增加": 4, "弹力": 1, "切换": 5, "精确": 1, "控制": 7, "时长": 2, "闪跳": 1, "突变": 1, "感觉": 3, "拖沓": 1, "等待": 1, "体验": 27, "返回": 2, "模拟": 1, "抛物线": 2, "原理": 2, "方向": 1, "速度": 3, "松手": 1, "位置": 3, "计算": 1, "显示": 8, "符合": 2, "预期": 1, "疾速": 1, "愉悦感": 1, "拥抱": 1, "场景": 7, "畅连": 3, "功能": 19, "潮酷": 1, "年轻人": 5, "享受": 2, "智能": 22, "分布式": 2, "技术": 7, "音": 1, "视频": 8, "通话": 4, "弱": 1, "网络": 9, "环境": 2, "带宽": 1, "利用": 2, "超分": 1, "实时": 1, "补偿": 1, "画质": 3, "恰好": 1, "音箱": 2, "智慧屏": 21, "IoT": 3, "设备": 8, "来电": 2, "音频": 6, "转移": 3, "玩": 4, "PC": 1, "游戏": 5, "解放": 1, "双手": 2, "父母": 1, "智慧": 29, "屏": 10, "65": 1, "英寸": 3, "75": 1, "画幅": 1, "Link": 2, "Turbo": 2, "畅快": 1, "爱": 2, "天性": 1, "释放": 2, "学习": 2, "工作": 2, "压力": 1, "方式": 3, "聚合": 1, "合并": 1, "寝室": 1, "WiFi": 1, "/": 5, "联通": 1, "电信": 2, "4G": 2, "快": 3, "下载": 2, "单一": 1, "拥堵": 1, "断连": 1, "延迟": 1, "糟糕": 1, "酣畅淋漓": 1, "!": 2, "2019一路": 1, "相随": 1, "众多": 1, "专属": 1, "增值": 1, "服务": 4, "——": 2, "炫酷": 1, "电视": 11, "频秀": 1, "实用": 2, "肌肤": 1, "减肥": 1, "达人": 1, "爱不释手": 1, "识别": 8, "卡路里": 1, "焕彩": 1, "内": 4, "焕然一新": 1, "更新": 3, "真切": 1, "关怀": 1, "年轻": 1, "用户们": 1, "都": 6, "路径": 1, "：": 10, "打开": 6, "花粉": 2, "俱乐部": 2, "APP": 2, "论坛": 1, "右上角": 1, "专区": 2, "尝鲜": 1, "(": 3, "支持": 13, "端": 1, "报名": 2, "请": 1, "市场": 2, ")": 3, "外在": 1, "接触": 1, "内在": 1, "产品": 4, "何尝": 1, "9月": 1, "横空出世": 1, "客厅": 5, "物种": 4, "颠覆": 1, "认知": 1, "家庭": 9, "中心": 12, "跨屏": 2, "影音": 2, "娱乐": 2, "一时间": 1, "行业": 4, "关注": 1, "焦点": 1, "如今": 2, "到底": 2, "开箱": 1, "精致": 2, "用心": 2, "包装": 1, "整体": 3, "呈": 1, "黑色": 1, "色调": 1, "带": 2, "金属": 2, "质感": 2, "边框": 2, "一体": 1, "无缝": 2, "折弯": 1, "液晶屏": 1, "之间": 6, "美缝": 1, "填胶": 1, "缝隙": 1, "底部": 1, "专业": 1, "音响": 3, "Sound": 3, "bar": 2, "CNC": 1, "数控": 1, "机械": 1, "加工": 2, "铝合金": 1, "打磨": 1, "13440": 1, "出音孔": 1, "一片式": 1, "包裹": 1, "出音": 1, "腔体": 1, "背面": 1, "飞翼": 1, "1200": 1, "条": 1, "线影": 1, "美": 2, "流光美背": 1, "片叶式": 1, "底座": 1, "镀": 1, "镍": 1, "二氧化硅": 1, "五氧化三钛": 1, "表面": 1, "镀AF": 1, "稳定": 1, "耐用": 1, "中央": 1, "小艺": 1, "炫屏": 1, "吸睛": 1, "一千六百多万": 1, "动感": 1, "彩光": 1, "音效": 1, "律动": 1, "散发": 1, "生命感": 1, "智慧感": 1, "大气": 1, "浑然天成": 1, "细节": 3, "照顾": 1, "边缝": 1, "后背": 1, "座": 1, "方方面面": 1, "确实": 3, "接下来": 2, "视听": 2, "初": 2, "印象": 1, "音色": 1, "媲美": 1, "万元": 3, "高端": 4, "标上": 1, "索尼": 1, "色彩": 6, "纯净": 2, "量子": 1, "光源": 3, "背": 2, "色域": 2, "覆盖率": 2, "100%": 1, "全色域": 1, "相较于": 2, "72%": 1, "精准": 1, "红": 1, "绿": 1, "蓝": 1, "鲜明": 1, "还原": 1, "图像": 1, "海思": 5, "自研": 3, "鸿鹄": 1, "独立": 2, "引擎": 1, "AI运算": 1, "饱满": 1, "表现": 1, "运动": 1, "画面": 5, "播出": 1, "内容": 5, "匹配": 2, "提供": 3, "优": 2, "音画": 1, "参数": 2, "观看": 3, "球赛": 1, "自动": 3, "体育": 1, "电影": 1, "影院": 1, "音质": 1, "惊喜": 1, "全频": 1, "喇叭": 1, "罕见": 1, "8+1+1": 1, "方案": 1, "表现力": 1, "低": 3, "失真": 1, "震撼": 1, "低音": 1, "Histen": 1, "最新": 1, "先进": 1, "性能": 4, "发挥": 1, "极致": 3, "堪比": 1, "市面": 3, "几千": 1, "块": 1, "soundbar": 1, "声场": 1, "建模": 1, "空间": 1, "结构": 1, "家居": 2, "材料": 1, "总的来讲": 1, "定义": 1, "售价": 5, "6999": 1, "元": 8, "屏性": 1, "价比": 1, "网友": 1, "讲": 1, "明明": 1, "降维": 1, "攻击": 1, "称为": 1, "接下": 1, "细细": 1, "品": 1, "细": 1, "细下": 1, "不妨": 1, "思考": 1, "原因": 3, "无非": 1, "在于": 2, "人性化": 2, "需求": 3, "生活": 4, "空前": 1, "便利性": 2, "互动性": 1, "像是": 1, "身体": 1, "一部分": 1, "AI慧眼": 8, "碰": 4, "投屏": 8, "Huawei": 4, "暖心": 2, "屏顶部": 1, "颗": 1, "升降": 1, "摄像头": 1, "内置": 2, "强大": 1, "算力": 1, "NPU": 1, "关键": 1, "所在": 2, "屏呼": 1, "大屏": 12, "呼叫": 3, "出差": 1, "想念": 1, "家人": 4, "孩子": 3, "随时": 1, "拿起": 1, "家里": 6, "一家人": 2, "团聚": 1, "在一起": 1, "察言观色": 1, "人像": 1, "人物": 1, "灯光": 2, "暗": 1, "补光": 2, "清晰": 1, "关掉": 1, "发现": 2, "慧眼": 1, "助理": 1, "私人": 2, "健身": 4, "管家": 2, "家长们": 1, "都会": 2, "担心": 2, "小孩子": 1, "太": 2, "导致": 5, "近视": 1, "坐姿": 3, "歪斜": 1, "养成": 1, "不良": 1, "习惯": 1, "时时刻刻": 1, "陪": 1, "提醒": 4, "不用": 2, "观影者": 1, "儿童": 4, "观影": 1, "距离": 2, "小于": 1, "1.5": 1, "米": 2, "超过": 1, "秒": 2, "暂停": 1, "语音": 7, "小朋友": 2, "回到": 2, "合适": 1, "躯干": 1, "关节": 2, "判断": 1, "调节": 1, "大幅度": 1, "降低": 1, "蓝光": 1, "比例": 1, "保护": 1, "眼睛": 1, "分级": 1, "家长": 1, "设定": 1, "同步": 1, "对比": 1, "动作": 3, "姿态": 1, "到位": 1, "躯体": 1, "纠正": 1, "多屏": 4, "互动": 2, "低头": 1, "平板": 8, "气氛": 1, "仿佛": 1, "一个个": 1, "小屏": 4, "隔离": 2, "怀念": 1, "其乐融融": 1, "坐": 1, "时代": 1, "日渐": 1, "碎片化": 2, "究": 1, "错": 1, "缺乏": 1, "互通性": 1, "操作": 5, "朋友圈": 1, "分享": 4, "有趣": 2, "想必": 2, "可惜": 1, "繁琐": 2, "放弃": 1, "亲身": 1, "经历": 2, "想": 1, "段": 1, "好几": 1, "断断续续": 1, "尴尬": 1, "解决": 1, "多年": 1, "痛点": 1, "触控": 1, "遥控器": 1, "NFC": 1, "标签": 1, "无需": 1, "Wi-Fi": 1, "即可": 3, "快速": 2, "视音频": 1, "投到": 1, "60": 1, "帧": 1, "高帧率": 1, "30帧率": 1, "保障": 1, "倍": 1, "球迷": 1, "独享": 1, "定向": 1, "发声": 1, "人声": 2, "增强": 1, "降噪": 1, "深夜": 1, "看球": 1, "听清": 1, "声音": 1, "打扰": 1, "准确": 1, "信息": 1, "播放": 1, "频道": 1, "选片": 1, "搜片": 1, "异地": 1, "老人": 1, "小孩": 1, "不难": 1, "沉浸感": 1, "带给": 1, "氛围": 1, "气息": 1, "温暖": 1, "很": 1, "难": 1, "清晰度": 1, "帧率": 1, "数字": 1, "衡量": 2, "温情": 1, "永远": 1, "标尺": 1, "称": 2, "跨越": 1, "边界": 1, "场景化": 1, "思维": 9, "构筑": 1, "便捷": 1, "温馨": 1, "提出": 1, "愿景": 1, "想象": 1, "未来": 1, "冰箱": 1, "空调": 1, "点灯": 1, "窗帘": 1, "并存": 1, "面板": 1, "多屏幕": 1, "共存": 1, "垂直": 1, "互联": 1, "互通": 1, "便利": 1, "负担": 1, "一番": 1, "归根到底": 1, "人为": 1, "这才": 1, "魅力": 1, "美国商务部": 2, "纸": 1, "禁令": 5, "推上": 1, "舆论": 1, "风口浪尖": 1, "巨头": 3, "划清": 2, "界限": 2, "纷纷": 1, "停止": 1, "供应": 1, "起初": 1, "外界": 1, "风波": 1, "受害者": 2, "流逝": 1, "事态": 2, "演变": 1, "意识": 2, "发展": 2, "势头": 1, "遏止": 1, "住": 1, "受伤": 1, "反倒": 2, "持刀人": 2, "全系": 1, "弃用": 2, "高通": 7, "骁龙": 3, "处理器": 5, "研麒麟": 1, "全覆盖": 2, "长久以来": 1, "中低端": 1, "孱弱": 1, "千": 2, "价位": 2, "选配": 1, "才能": 1, "MOV": 1, "展开": 1, "竞争": 1, "荣耀": 1, "转用": 1, "摆脱": 1, "束缚": 1, "反而": 1, "绽放": 1, "旺盛": 1, "生命力": 1, "档": 1, "麒麟810": 1, "综合": 1, "一举": 1, "超越": 2, "710/712/730": 1, "；": 5, "领域": 1, "麒麟990": 1, "率先": 1, "5G": 7, "基带": 1, "集成": 1, "研发": 3, "高中": 1, "值得一提的是": 1, "日前": 1, "台积电": 1, "5nm": 1, "投入": 1, "苹果": 1, "产能": 1, "三七": 1, "分成": 1, "口": 1, "剩汤": 1, "喝到": 1, "镁光": 8, "伟创力": 9, "满脸": 1, "愁容": 1, "恢复": 1, "供货": 1, "竟": 1, "唯一": 1, "奢求": 1, "出台": 2, "众": 1, "美国": 2, "科技": 1, "企业": 1, "合作": 2, "包括": 2, "内存": 2, "客户": 1, "2018年": 1, "定单": 1, "占": 1, "营收": 3, "13%": 1, "被迫": 1, "中止": 1, "转头": 1, "海力士": 1, "三星": 1, "采购": 1, "DRAM": 1, "NAND": 1, "闪存": 1, "供货链": 1, "负面": 1, "影响": 2, "情况": 1, "惨烈": 1, "第三": 1, "财季": 1, "去年": 1, "同期": 1, "相比": 1, "暴跌": 2, "62.8%": 1, "利润": 1, "8.4亿": 1, "美元": 2, "同比": 1, "78%": 1, "视线": 1, "富士康": 1, "代工厂": 2, "发布": 2, "单方面": 1, "解约": 1, "扣押": 1, "上亿": 1, "物料": 1, "一怒之下": 1, "订单": 1, "转交": 1, "比亚迪": 2, "全球": 2, "中国": 3, "大陆": 1, "五": 1, "工厂": 1, "陷入": 1, "停顿": 1, "跌幅": 1, "惊人": 1, "87%": 1, "！": 2, "无疑": 2, "重创": 1, "轮": 1, "申请": 1, "批准": 1, "供给": 1, "存储": 1, "股东": 1, "投资人": 1, "松": 1, "一口气": 1, "陷于": 1, "苦海": 1, "难以自拔": 1, "鸿蒙": 3, "就绪": 1, "兼容": 2, "安卓": 3, "微软": 4, "谷歌": 7, "慌": 1, "硬件": 2, "美方": 1, "制裁": 2, "软件": 4, "牵扯": 1, "断交": 1, "后者": 1, "电脑": 8, "装载": 2, "Windows": 2, "杀敌": 1, "一千": 1, "损": 1, "八百": 1, "高层": 1, "自然": 1, "明白": 2, "道理": 1, "顺势": 1, "出口": 1, "许可证": 1, "科企": 1, "相比之下": 1, "显得": 2, "决绝": 1, "收回": 2, "GMS": 2, "授权": 2, "意味着": 2, "地图": 1, "YouTube": 1, "全家": 1, "桶": 1, "开放": 1, "此举": 1, "海外": 1, "拓展": 1, "路": 1, "遭遇": 1, "挫折": 1, "迫使": 1, "加快": 2, "进度": 2, "构建": 1, "生态圈": 1, "可不": 1, "件": 1, "消息": 1, "欧洲": 5, "国家": 3, "运营商": 1, "选边站": 1, "算笔": 1, "账": 1, "分析": 2, "生机": 1, "有没有": 1, "数据": 2, "订单量": 1, "爱立信": 1, "不相上下": 1, "依旧": 1, "水准": 1, "增量": 1, "21": 1, "选用": 1, "阻碍": 1, "承建": 1, "贸然": 1, "建设": 2, "成本": 3, "大幅": 2, "本月": 1, "通信": 2, "协会": 1, "GSMA": 1, "份": 1, "报告": 1, "禁止": 1, "供应商": 2, "购买": 1, "550亿": 1, "欧元": 2, "620亿": 1, "4287亿": 1, "人民币": 1, "提到": 1, "指": 1, "中兴": 1, "明面": 1, "现有": 1, "处处": 1, "受阻": 1, "蒙受": 1, "损失": 1, "缺席": 1, "普及率": 1, "诸国": 1, "拒绝": 1, "上百亿": 1, "事实": 1, "当初": 1, "利器": 1, "砍": 1, "刀刃": 1, "伤害": 1, "对此": 1, "愈发": 1, "重视": 1, "生产力": 1, "厂商": 1, "着力点": 1, "转向": 1, "办公": 6, "能力": 1, "MatePad": 16, "Pro月": 1, "一同": 1, "惊艳": 1, "亮相": 1, "新品": 1, "HUAWEI": 11, "M-Pencil": 11, "涂鸦": 1, "绘画": 3, "提笔": 2, "速记": 4, "搭配": 4, "平行": 3, "视界": 3, "分屏": 6, "首发": 1, "WPS": 10, "前所未有": 1, "M-PencilHUAWEI": 1, "手写": 5, "笔": 4, "一体式": 1, "棱": 1, "4096": 1, "压感": 1, "延时": 1, "侧锋": 1, "倾斜": 1, "书写": 3, "复合": 1, "材质": 2, "笔尖": 3, "阻力": 1, "耐磨": 1, "损特性": 1, "磁吸配": 1, "无线": 2, "快充": 1, "官方": 2, "充电": 2, "30秒": 1, "分钟": 1, "1": 1, "小时": 2, "电可": 1, "手指": 1, "捕捉": 1, "蓝牙": 2, "配对": 3, "笔身": 1, "凹槽": 1, "吸附": 1, "顶部": 1, "弹框": 1, "提示": 1, "成功": 2, "Nebo": 3, "熄屏": 1, "轻": 4, "自由": 1, "多种": 4, "笔刷": 1, "保存": 1, "随机": 1, "装有": 1, "具备": 1, "笔势": 1, "图表": 1, "绘制": 3, "输入": 1, "排版": 6, "笔记": 1, "整理": 1, "工具": 3, "类型": 1, "导图": 6, "高效": 5, "制作": 3, "备注": 6, "幻灯片": 9, "画笔": 8, "批注": 4, "据悉": 1, "10.0.1.121": 1, "限时": 1, "领取": 1, "三": 1, "稻壳": 1, "会员": 1, "权益": 1, "英文": 1, "The": 1, "Mind": 1, "Map": 1, "实用性": 1, "表达": 1, "发散性": 1, "图形": 2, "文档": 4, "编辑": 1, "主题": 2, "增删子": 1, "查看": 1, "大纲": 1, "markdown语法": 1, "导出": 1, "PNG": 1, "JPG": 1, "PDF": 1, "文件": 1, "格式": 1, "常规": 1, "美观性": 1, "程度": 1, "关系": 1, "演示": 1, "想要": 1, "短": 1, "赶出": 1, "心灵手巧": 1, "制作者": 1, "生成": 1, "图文版式": 1, "标注": 1, "选择": 1, "粗细": 1, "选": 2, "下划线": 2, "画圈": 1, "中文": 1, "段落": 1, "大学": 1, "物理": 1, "习题集": 1, "懒猫": 1, "题目": 1, "解答": 1, "重点": 1, "电路": 1, "安培": 1, "环路": 1, "定理": 1, "相关": 1, "效率": 1, "主打": 1, "协同": 3, "提及": 1, "类似": 1, "最多": 1, "8": 1, "窗口": 1, "接入": 1, "鼠标": 1, "键盘": 1, "外接": 1, "悬浮": 1, "窗": 1, "浏览": 1, "相互": 1, "拖拽": 1, "写": 1, "对照": 1, "文本": 1, "小结": 1, "重构": 1, "创造力": 1, "构想": 2, "得益": 1, "强悍": 1, "7nm": 1, "990": 1, "10.8": 1, "2K": 1, "QHD": 1, "面屏": 1, "正反": 1, "变为": 1, "现实": 1, "基石": 1, "Pro夜": 1, "阑灰": 1, "贝母": 1, "白": 1, "见面": 1, "素皮": 1, "青山": 1, "黛": 1, "丹霞": 1, "即将": 1, "发售": 1, "独特": 1, "纹理": 1, "不错": 1, "便携性": 1, "不少": 1, "兴趣": 1, "持续": 1, "热销": 1, "6GB": 2, "+": 4, "128GB": 2, "WIF": 2, "I版": 2, "3299": 1, "LTE": 2, "版": 2, "3799": 1, "8GB": 2, "256GB": 2, "3999": 1, "4499": 1, "商城": 1, "电商": 1, "体验店": 1, "线下": 1, "门店": 1, "抢购": 1, "详情": 1, "请戳": 1, "https": 1, "://detail.tmall.com/item.htm?id": 1, "=": 1, "607884046949": 1}