{"2019年": 2, "华为": 127, "公司": 10, "称": 2, "顺风顺水": 1, "禁华令": 1, "事件": 2, "很多": 10, "国家": 3, "备受": 3, "抵制": 2, "或许": 2, "中兴": 1, "铺垫": 1, "早已": 1, "未雨绸缪": 1, "靠着": 1, "努力": 1, "逢凶化吉": 1, "一句话": 1, "：": 10, "酒香不怕巷子深": 1, "旗下": 2, "产品": 5, "依旧": 2, "消费者": 7, "如今": 1, "拥有": 3, "最多": 1, "5G": 6, "专利": 1, "签订": 1, "合同": 1, "出口": 1, "很多5": 1, "G基站": 1, "智能": 4, "手机": 63, "国外": 1, "海思": 1, "麒麟": 4, "处理器": 8, "优秀": 2, "加上": 3, "无与伦比": 1, "拍照": 9, "性能": 4, "Mate": 21, "30": 20, "支持": 7, "谷歌": 1, "服务": 1, "供不应求": 1, "首席": 2, "执行官": 2, "余承东": 2, "承诺": 1, "明年": 1, "P40": 1, "搭载": 7, "自研": 1, "鸿蒙": 1, "操作": 6, "系统": 12, "拭目以待": 1, "放出": 1, "一个": 7, "王": 1, "炸": 1, "——": 2, "NM卡": 10, "实话": 1, "名字": 1, "很": 16, "难": 1, "判断": 1, "为此": 1, "场": 1, "发布会": 5, "代表": 1, "并非": 1, "等闲之物": 1, "小编": 2, "介绍": 2, "黑科技": 1, "到底": 1, "!": 1, "Sim卡": 2, "内存卡": 2, "合二为一": 1, "都": 10, "双卡双待": 1, "第二": 1, "卡槽": 2, "公用": 1, "想要": 1, "双卡": 1, "双待": 1, "功能": 12, "就要": 1, "牺牲": 1, "内存": 2, "扩展": 1, "用户": 22, "难以": 1, "抉择": 1, "国内": 4, "运营商": 1, "合作": 2, "写入": 1, "号码": 1, "充当": 1, "手机卡": 1, "芯片": 5, "先进": 1, "信号": 2, "传统": 2, "(": 2, "联通": 1, "泪流满面": 1, "有救": 1, ")": 2, "存储": 2, "64G": 1, "、": 50, "128G": 2, "256G": 1, "三": 3, "版本": 4, "突破": 1, "存储卡": 1, "传输": 2, "上限": 1, "快": 3, "速度": 5, "90MB/S": 1, "SD卡": 2, "倍": 1, "体积": 1, "插": 1, "主卡槽": 1, "放上": 1, "两点": 1, "未知": 1, "第一": 6, "售价": 13, "公布": 9, "一贯": 2, "风格": 1, "这是": 2, "款": 24, "市面": 1, "独一无二": 1, "估计": 1, "便宜": 1, "兴许": 1, "买": 3, "成本": 1, "究竟": 1, "平台": 5, "通用": 1, "仅仅": 4, "荣耀": 22, "消息": 5, "猜测": 1, "不至于": 1, "这项": 1, "技术": 5, "停留": 1, "初期": 1, "才": 1, "后期": 1, "适用于": 1, "品牌": 2, "空间": 3, "够用": 3, "情况": 5, "入手": 6, "苹果": 4, "强势": 1, "高端": 1, "市场": 4, "对比": 2, "竞争": 1, "涨价": 1, "iPhone": 3, "差价": 1, "缩小": 1, "之间": 3, "怒怼": 1, "笔者": 2, "纠结": 1, "最终": 2, "iPhone11": 10, "Pro": 31, "！": 2, "价格": 5, "8699": 2, "元": 15, "起步": 2, "比起": 3, "Mate30Pro": 21, "5799": 3, "贵": 2, "2900": 1, "确实": 11, "整体": 2, "体现": 1, "物有所值": 1, "外观": 6, "设计": 12, "采用": 8, "5.8": 1, "英寸": 9, "机身": 1, "屏幕": 21, "对比度": 1, "竟然": 1, "2000000:1": 1, "典型": 1, "值": 1, "HDR": 1, "显示": 12, "分辨率": 3, "2436": 1, "×": 3, "1125": 1, "值得一提的是": 2, "亮度": 1, "1200尼特": 1, "P3": 1, "级别": 1, "广色域": 1, "这块": 1, "效果": 5, "出色": 4, "1080p": 1, "曲面": 2, "11": 2, "直面": 1, "曲面屏": 1, "显得": 2, "iPhone11Pro": 4, "碎屏": 2, "iPhone11pro": 1, "尺寸": 1, "6.53": 3, "单手": 1, "变得": 1, "实际上": 1, "感到": 1, "担心": 2, "A13": 1, "仿生": 1, "颗": 1, "安卓": 8, "具备": 2, "第3": 1, "神经": 1, "网络": 1, "引擎": 1, "机器": 1, "学习": 1, "能力": 9, "iOS13": 1, "流畅性": 1, "交互": 2, "方便性": 1, "唯一": 1, "64": 1, "GB": 2, "储存": 2, "太": 4, "选择": 3, "云端": 1, "备份": 1, "文件": 1, "麻烦": 1, "配置": 1, "升级": 9, "电池": 7, "加大": 2, "18": 1, "瓦": 1, "快充": 4, "充电": 5, "续航": 6, "提升": 5, "差": 1, "增加": 1, "超广角": 1, "镜头": 1, "全能": 1, "全新": 5, "夜间": 3, "模式": 3, "暗光": 1, "环境": 1, "自动": 1, "开启": 20, "进光量": 1, "成像": 3, "纯净": 1, "噪点": 1, "只不过": 1, "广角": 2, "进一步": 1, "调教": 1, "畸变": 1, "现象": 1, "视频": 6, "拍摄": 2, "综合": 3, "表现": 2, "4": 1, "摄像头": 14, "水准": 1, "计算": 1, "昂贵": 1, "付出": 1, "代价": 1, "硬件": 2, "众所周知": 1, "EMUI": 14, "10": 21, "相较于": 2, "EMUI9": 1, "更新": 11, "幅度": 1, "引入": 1, "据悉": 2, "8月": 1, "中旬": 15, "EMUI10": 10, "首批": 2, "内测": 18, "资格": 1, "系列": 30, "首发": 2, "果粉": 1, "依然": 2, "关心": 1, "9月": 10, "29日": 2, "晚间": 1, "官方": 10, "最新": 3, "/": 5, "平板": 5, "计划": 15, "包括": 4, "33": 5, "设备": 5, "时间点": 1, "安排": 2, "10月": 9, "12月": 3, "预计": 1, "图片": 2, "可知": 3, "P30": 2, "Mate20": 2, "公测": 10, "招募": 23, "时间": 9, "下旬": 10, "；": 13, "X": 5, "4G": 5, "11月": 15, "上旬": 3, "Mate10": 2, "26日": 4, "RS": 2, "保时捷": 2, "P20": 2, "nova5": 3, "nova4": 2, "nova": 1, "4e": 1, "麦芒7": 2, "畅享": 4, "Plus": 2, "9S": 2, "麦芒8": 2, "27日": 3, "V20": 3, "Magic2": 2, "V10": 2, "8": 2, "9": 2, "青春版": 2, "20i": 2, "M10": 1, "10.8": 2, "M6": 2, "8.4": 2, "10月份": 1, "Magic": 2, "UI": 1, "3.0": 1, "nova5i": 1, "机型": 13, "适配": 2, "内核": 2, "基于": 5, "好看": 2, "好用": 1, "下足": 1, "功夫": 1, "3": 1, "关键": 1, "互助": 1, "共享": 1, "开发": 1, "多端": 1, "部署": 1, "分布式": 3, "场景": 2, "体验": 3, "UX": 2, "跨": 3, "高清": 1, "通话": 2, "多屏": 3, "协同": 2, "智慧": 2, "车载": 2, "行车": 1, "算是": 1, "革命性": 1, "优化": 1, "众多": 1, "可谓": 1, "新老花粉": 1, "一大": 2, "福利": 1, "本次": 1, "计划表": 1, "关注": 3, "月初": 1, "19日": 1, "德国": 1, "发布": 6, "心动": 1, "小贵": 1, "值得": 2, "想": 2, "iPhone8": 2, "切换": 3, "实在": 1, "弱": 1, "重度": 3, "效率": 1, "感人": 1, "经历": 1, "千百": 1, "电量": 3, "恐慌": 1, "折磨": 1, "8G": 1, "+": 16, "好好": 1, "请": 1, "美工": 1, "师傅": 1, "渲染图": 1, "平平无奇": 1, "拿到": 1, "真机": 2, "发现": 2, "美感": 1, "整机": 2, "质感": 1, "宣传": 1, "海报": 1, "做工": 1, "扎实": 1, "进灰": 1, "上手": 3, "感觉": 5, "不错": 3, "建议": 1, "带": 5, "壳": 3, "带上": 1, "后盖": 1, "下半部": 1, "纹理": 1, "上半部": 1, "亮面": 1, "沾染": 1, "指纹": 1, "本来": 1, "影响": 1, "手感": 1, "开机": 1, "震撼": 2, "88": 6, "度": 4, "环幕屏": 5, "整机屏": 1, "占比": 1, "夸": 1, "素质": 1, "这次": 3, "终于": 1, "观感": 1, "P30Pro": 1, "屏闪": 1, "字体": 1, "发虚": 1, "音量": 3, "改成": 1, "双击": 1, "侧边": 1, "一开始": 1, "实体": 1, "按键": 2, "简单": 2, "快捷": 1, "好处": 1, "调节": 1, "震动": 1, "反馈": 1, "躺": 1, "床上": 1, "玩": 6, "游戏": 8, "直面屏": 1, "舒服": 1, "尤其是": 1, "接近": 1, "边缘": 3, "误触": 2, "心理": 1, "难受": 1, "日常": 2, "指": 1, "流畅度": 3, "手度": 1, "高度": 2, "过渡": 2, "动画": 1, "视觉": 2, "感受": 1, "流畅": 2, "原因": 1, "iOS": 1, "希望": 1, "自由": 1, "长续航": 1, "之下": 1, "超高": 1, "短": 2, "只能": 1, "和平": 1, "精英": 1, "跑跑": 1, "卡丁车": 1, "画质": 1, "运行": 4, "流畅无卡顿": 1, "价位": 1, "旗舰": 1, "机能": 1, "上图": 1, "随手": 1, "拍": 2, "夜景": 1, "清晰": 2, "肉眼": 1, "地方": 3, "模糊": 1, "刚刚": 1, "强大": 2, "相机": 1, "7680": 1, "帧": 2, "4K": 1, "60": 1, "暂时": 1, "测试": 1, "办公": 1, "打电话": 1, "早上": 1, "8点": 2, "晚上": 1, "剩余": 1, "35%": 1, "配备": 1, "40W": 2, "27W": 2, "无线": 2, "有线": 2, "小时": 1, "4500": 3, "毫安": 2, "充满": 1, "出门": 1, "充电头": 1, "解决": 1, "总体": 1, "治好": 1, "焦虑": 1, "相比": 1, "供": 1, "参考": 1, "继华": 1, "陆续": 1, "名单": 1, "国行版": 2, "正式": 1, "貌似": 1, "提速": 1, "阶段": 1, "再次": 1, "列出": 1, "时间表": 3, "确认": 1, "nova4e": 1, "版": 10, "麒麟970": 1, "动效": 1, "响应": 1, "快速": 2, "舒适": 1, "顺滑": 1, "顺应": 1, "物理": 1, "实感": 1, "研究": 1, "深色": 1, "查看": 2, "眼睛": 1, "友好": 1, "多彩": 1, "AOD灭屏": 1, "不再": 1, "单调": 1, "日期": 1, "通知": 1, "彩色": 1, "表盘": 1, "背景": 1, "图案": 1, "此次": 2, "新增": 1, "不少": 3, "实用": 1, "HUAWEI": 2, "HiCar": 2, "车机": 1, "建立": 1, "车": 1, "可用": 1, "车辆": 1, "空调": 1, "喇叭": 1, "远程": 1, "控制": 1, "超过": 1, "车厂": 1, "车型": 1, "120+": 1, "AI隔空": 1, "操控": 1, "借助": 1, "刘海": 1, "部位": 1, "集成": 1, "姿态": 1, "感应器": 1, "带来": 1, "革新": 1, "方式": 1, "隔空": 2, "滑动": 1, "抓取": 1, "截屏": 1, "无需": 3, "触碰": 1, "自在": 1, "AI": 1, "随心": 1, "识别": 1, "人脸": 1, "观看": 1, "角度": 1, "转换": 1, "横竖屏": 1, "手动": 1, "开关": 1, "首创": 1, "终端": 2, "虚拟化": 1, "组合": 1, "调用": 1, "生活": 2, "工作": 1, "需求": 1, "畅连": 1, "大屏": 1, "音箱": 1, "音": 1, "拉近人": 1, "距离": 1, "升级版": 1, "碰传": 1, "打破": 1, "壁垒": 1, "跨平台": 1, "MateBook": 1, "笔记本": 2, "拖拽": 2, "联动": 1, "任意": 1, "APP": 2, "收发": 1, "传": 1, "照片": 1, "音乐": 1, "文档": 1, "文字": 1, "语音": 1, "助手": 1, "小艺": 2, "听懂": 1, "语境": 1, "连续": 1, "对话": 1, "记录": 1, "航班": 1, "快递": 1, "信息": 1, "提醒": 1, "不在话下": 1, "小伙伴": 1, "针对": 1, "网友": 2, "内": 2, "小伙伴们": 1, "不用": 1, "着急": 1, "作风": 1, "至少": 1, "接到": 1, "出厂": 1, "预装": 1, "EMUI8": 1, "理论": 1, "机会": 1, "[PConline": 1, "资讯": 1, "4G版": 2, "Mate30": 25, "当天": 1, "18点08分": 1, "开售": 3, "战报": 1, "18：08": 1, "开卖": 3, "分钟": 2, "销售额": 1, "5亿": 1, "为止": 1, "朋友": 2, "收到": 1, "新机": 5, "到手": 2, "件": 2, "近日": 1, "数据": 4, "迁移": 5, "克隆": 4, "旧": 2, "联系人": 1, "短信": 1, "1G": 1, "方法": 1, "打开": 3, "设置": 1, "点击": 1, "→": 1, "提示": 1, "安装": 1, "即可": 1, "国行": 2, "5G版": 1, "1日": 1, "上午": 2, "10点08": 2, "10日": 1, "兴趣": 1, "6.62": 1, "2340": 1, "1080": 1, "OLED": 2, "屏": 1, "麒麟990": 2, "容量": 1, "内置": 2, "4200": 1, "mAh": 2, "摄像": 2, "2400万": 1, "像素": 2, "前置": 2, "后置": 3, "4000万": 4, "超": 4, "感光": 4, "1600万": 1, "800万": 3, "长": 1, "焦超": 1, "徕卡": 2, "摄": 3, "6": 1, "128GB": 4, "3999": 1, "8GB": 7, "4299": 1, "4999": 1, "256GB": 3, "5499": 2, "2400": 1, "1176": 1, "侧屏": 1, "弯曲度": 1, "40": 1, "W有": 1, "线快": 1, "充及": 1, "3200万": 1, "电影": 2, "长焦": 1, "3D": 1, "深感": 1, "四": 1, "6299": 1, "6899": 1, "512GB": 1, "7899": 1, "看懂": 1, "高峰期": 1, "热度": 1, "话题度": 1, "莫过于": 1, "初": 1, "吐槽": 1, "起售价": 1, "引得": 1, "哄抢": 2, "自始至终": 1, "称之为": 1, "香机": 1, "否认": 1, "的确": 1, "带给": 1, "惊喜": 1, "°": 2, "超曲面": 1, "惊艳": 1, "亲民": 1, "一经": 1, "卖": 1, "断货": 1, "东": 2, "旗舰店": 1, "无货": 1, "状态": 1, "足以": 1, "喜爱": 1, "评价": 8, "出炉": 1, "截至": 1, "发稿": 1, "累计": 1, "7800+": 1, "好评率": 1, "99%": 1, "优缺点": 1, "Pro所": 1, "990": 2, "观点": 1, "国产": 1, "台积电": 1, "7nm": 1, "工艺": 1, "制造": 1, "上一代": 1, "980": 1, "10%": 1, "行云流水": 1, "爱好者": 1, "提及": 1, "不得不": 1, "谈": 1, "颇为": 1, "不俗": 1, "导航": 1, "搭配": 1, "极大": 1, "节约": 1, "等待": 1, "好评": 1, "大曲面率": 1, "瀑布屏": 1, "出众": 2, "科技感": 1, "十足": 1, "发生": 1, "背部": 1, "圆形": 1, "不堪": 1, "颜值": 1, "景深": 1, "更为": 1, "7800": 1, "条": 1, "差评": 2, "不难": 1, "缺点": 1, "为数不多": 1, "购买": 1, "发绿": 1, "黑点": 1, "赠送": 1, "配件": 1, "无奈": 1, "护套": 1, "吻合": 1, "保护": 1, "作用": 1, "售后": 3, "过程": 1, "电流音": 1, "客服": 1, "扯": 1, "无关": 1, "边角": 1, "挤压": 1, "电话": 1, "音讯": 1, "完美无瑕": 1, "实力": 1, "强悍": 1, "给予": 1}