{"任正非": 27, "言论": 1, "再次": 2, "刷爆": 1, "朋友圈": 1, "消息": 9, "接受": 7, "外媒": 1, "采访": 5, "：": 30, "华为": 229, "感谢": 2, "特朗普": 16, "宣传": 8, "如今": 3, "订单": 6, "产品": 14, "供不应求": 3, "市场": 18, "打开": 3, "此前": 9, "担心": 2, "货": 1, "卖": 4, "解决": 3, "面临": 3, "生产": 4, "供": 1, "销售": 1, "可谓": 1, "备受": 1, "打压": 4, "不仅仅": 3, "黑名单": 1, "很多": 9, "合作": 6, "伙伴": 2, "导致": 2, "原本": 2, "供应": 7, "配件": 1, "授权": 8, "技术": 9, "停止": 5, "带来": 4, "压力": 4, "只能": 1, "加大": 1, "自主": 1, "研发": 9, "力度": 2, "困难": 3, "透露": 4, "半年": 1, "大厦": 1, "彻夜": 1, "灯明": 1, "员工": 7, "通宵": 1, "加班": 1, "常态": 1, "缓解": 1, "禁令": 4, "施压": 3, "处理器": 2, "、": 56, "操作": 2, "系统": 11, "这一切": 3, "罪魁祸首": 1, "过于": 1, "强大": 3, "一家": 3, "互联网": 4, "企业": 17, "拿手": 1, "通信": 4, "去年": 4, "成功": 6, "5G": 133, "网络": 25, "更为": 1, "成熟": 7, "正是": 2, "原因": 5, "感觉": 1, "威胁": 1, "拒绝": 2, "怂恿": 1, "盟友": 1, "打击": 2, "自此": 1, "轰动一时": 1, "事件": 8, "正式": 11, "发展": 10, "国家": 10, "都": 35, "卷入": 1, "场": 3, "越来越": 7, "用户": 25, "持续": 4, "起到": 1, "作用": 2, "事实": 2, "初步": 1, "逃离": 1, "困扰": 1, "拿下": 1, "众多": 1, "拥有": 6, "最多": 3, "功劳": 2, "介绍": 4, "麒麟": 3, "方案": 2, "预计": 5, "手机": 91, "出货量": 6, "突破": 3, "2.7亿": 2, "台": 10, "自研": 1, "鸿蒙": 2, "提前": 1, "发布": 6, "笔者": 2, "加快": 1, "增加": 1, "知名度": 1, "百万": 3, "预约": 3, "预约量": 5, "很": 10, "少见": 1, "说法": 3, "确实": 4, "正确": 2, "讨论": 1, "好处": 1, "支持": 10, "反感": 5, "究竟": 5, "改变": 3, "看法": 2, "十几": 1, "年前": 2, "有人": 2, "提起": 1, "一个": 15, "品牌": 15, "大部分": 2, "就算": 1, "低端": 1, "放到": 1, "举世瞩目": 1, "全球": 17, "高科技": 1, "5g": 1, "领域": 8, "电脑": 1, "乃至于": 1, "数据": 2, "或者是": 1, "服务": 5, "高端": 1, "众人": 1, "皆": 1, "事情": 3, "当中": 6, "排": 1, "3": 1, "地位": 2, "增强": 1, "国内": 15, "争议": 1, "尤其是": 3, "2018年": 2, "年末": 1, "热度": 2, "增长": 6, "国民": 1, "舆论": 4, "纷纷": 2, "作出": 4, "意见": 2, "大都": 1, "力挺": 1, "段": 1, "时间": 5, "到底": 2, "5月份": 2, "美国": 30, "封锁": 1, "免费": 6, "建立": 2, "名气": 1, "进一步": 2, "实话实说": 1, "现如今": 1, "海外": 2, "火": 2, "掀起": 1, "一阵": 1, "热": 2, "媒体": 15, "爱国": 2, "情怀": 1, "煽动": 1, "民众": 2, "抵制": 1, "苹果": 4, "中国": 29, "将近": 1, "14亿": 2, "人口": 1, "大战": 2, "站": 2, "道德": 1, "制高点": 1, "胜利": 3, "无可厚非": 1, "坐拥": 1, "对手": 2, "公民": 2, "热情": 1, "高涨": 1, "销量": 4, "基本上": 1, "证明": 3, "购买力": 1, "争气": 1, "制裁": 1, "实力": 7, "能力": 2, "价值力": 1, "占": 4, "先机": 1, "标志": 2, "之间": 2, "博弈": 1, "世界": 2, "知名": 1, "反而": 3, "变质": 1, "了无": 1, "脑": 1, "吹": 1, "网上": 2, "有关于": 1, "多么": 2, "强悍": 1, "领先": 3, "科技": 14, "洗脑": 1, "席卷": 1, "脑海": 1, "处在": 1, "吹嘘": 1, "状态": 2, "归根结底": 1, "只不过": 1, "赚钱": 1, "公司": 19, "营销": 1, "技巧": 1, "不管是": 1, "质量": 1, "口碑": 1, "助力": 2, "价值观": 1, "推出": 9, "取代": 1, "安卓": 3, "独立": 4, "官方": 4, "优先于": 1, "感到": 1, "达成": 1, "诚挚": 1, "扯上": 1, "旗号": 1, "创始人": 4, "想": 3, "踏踏实实": 1, "搞": 2, "实体": 2, "通讯": 2, "做出": 2, "贡献": 1, "一点": 3, "正直": 1, "赞扬": 1, "文": 1, "/": 1, "观察者": 4, "网": 4, "徐": 2, "乾昂": 1, "中非": 1, "多年": 1, "悠久": 1, "历史": 1, "为首": 1, "西方": 3, "无端": 1, "抹黑": 2, "中企": 5, "非洲": 6, "形象": 3, "近期": 1, "伴随": 2, "升级": 2, "这家": 2, "业务": 7, "美媒": 1, "攻击": 1, "目标": 1, "华尔街": 11, "日报": 11, "14日": 1, "撰文": 1, "声称": 3, "利用": 1, "协助": 2, "乌干达": 7, "赞比亚": 3, "津巴布韦": 5, "三国": 1, "政府": 15, "监控": 1, "政治": 1, "对此": 3, "官员": 3, "反驳": 3, "指责": 2, "恶意": 2, "报道": 12, "律师": 2, "16日": 15, "发函": 1, "不实": 3, "严肃": 2, "评判": 1, "保留": 2, "权利": 2, "捍卫": 2, "荣誉": 2, "法律": 2, "相关": 5, "人士": 4, "告诉": 4, "本次": 2, "开出": 2, "请示": 2, "函（Legal": 2, "Demand": 2, "Letter": 2, "意在": 2, "友好": 2, "态度": 2, "告知": 2, "对方": 4, "配合": 2, "此事": 2, "起诉": 2, "意图": 2, "开篇": 1, "竟": 1, "称": 8, "包含": 1, "未经": 2, "公开": 2, "披露": 2, "间谍": 3, "文章": 1, "援引": 2, "高级": 2, "表述": 1, "该国": 2, "情报": 1, "部门": 2, "入侵": 1, "反政府": 1, "活动": 4, "瓦恩（Bobi": 1, "Wine": 1, "社交": 2, "账号": 1, "挫败": 1, "后者": 1, "街头": 1, "集会": 1, "计划": 3, "警方": 2, "内部": 1, "文件": 1, "名字": 1, "反对派": 2, "博主": 1, "脸书": 1, "页面": 1, "人员": 3, "电信": 13, "管理": 1, "工作": 1, "准确": 1, "定位": 1, "位置": 1, "实施": 1, "逮捕": 1, "实时": 1, "沟通": 1, "值得一提": 1, "承认": 2, "调查": 2, "找到": 1, "证据": 2, "发现": 4, "高官": 1, "获悉": 2, "批准": 1, "迹象": 1, "撰稿": 2, "澄清": 1, "未": 4, "参与": 4, "得了": 1, "结论": 1, "细节": 1, "拦截": 1, "反对者": 1, "私人": 1, "努力": 1, "发挥": 1, "基础": 1, "阿尔及利亚": 2, "硬扯": 1, "涉嫌": 1, "类似": 3, "发言人": 1, "奥鹏": 1, "Ofowno": 1, "Opondo": 1, "BBC": 1, "新闻网": 1, "指出": 3, "内容": 5, "民主": 1, "体系": 1, "透明": 1, "各党": 1, "政客": 1, "畅所欲言": 1, "无需": 1, "手段": 1, "同日": 1, "信息": 2, "部长": 1, "西莉亚": 1, "Dora": 1, "Siliya": 1, "宪法": 1, "保证": 1, "享有": 1, "隐私权": 1, "弗里德曼": 1, "Steven": 1, "Friedman": 1, "官网": 2, "律师函": 1, "公平": 1, "负责": 1, "体现": 2, "合法": 1, "过程": 7, "观点": 1, "最终": 2, "失望": 1, "带有": 1, "诽谤": 1, "性质": 1, "对待": 1, "声明": 1, "乐意": 1, "就此": 1, "贵社": 1, "商讨": 1, "表达": 2, "刊登": 1, "捕风捉影": 1, "抓": 1, "眼球": 1, "惯用": 1, "伎俩": 1, "复旦": 1, "大学": 1, "研究": 2, "中心": 1, "副主任": 1, "信强": 2, "15日": 5, "环球": 1, "时报": 1, "记者": 2, "扣帽子": 1, "选择性": 1, "方式": 3, "试图": 1, "扭曲": 1, "混淆": 1, "视听": 2, "激起": 1, "当地": 1, "反对": 2, "情绪": 2, "炒作": 1, "当事": 1, "建设": 9, "次数": 1, "自然": 2, "肚子": 1, "装": 1, "祸水": 1, "本文": 1, "独家": 2, "稿件": 1, "转载": 1, "19日": 4, "放开": 1, "供货": 3, "封杀": 2, "盟国": 2, "排除": 1, "攻势": 1, "依然": 2, "展开": 1, "关键": 1, "时刻": 3, "英国": 10, "专访": 3, "周一": 1, "5月": 4, "美国商务部": 3, "列入": 1, "清单": 1, "提供": 2, "；": 3, "20日": 1, "调整": 1, "接下来": 1, "三": 5, "宽限期": 1, "各国": 3, "8月": 16, "期限": 4, "外界": 2, "关心": 2, "CNBC": 1, "电视台": 1, "主持人": 1, "流程": 1, "进展": 2, "发放": 2, "执照": 1, "长": 2, "罗斯": 1, "等到": 1, "下周一": 1, "眼下": 1, "还要": 2, "等待": 1, "项": 1, "法国": 2, "德国": 2, "本国": 1, "变得": 1, "尤为": 1, "关注": 3, "特雷莎梅": 1, "4月": 1, "核心": 2, "本周": 1, "早些时候": 1, "总统": 1, "事务": 1, "助理": 1, "博尔顿": 1, "访问": 1, "期间": 2, "暗示": 1, "鲍里斯": 1, "约翰逊": 1, "推倒": 1, "重来": 1, "天空": 3, "新闻台": 2, "播出": 1, "兼": 1, "首席": 3, "执行官": 3, "抵挡": 1, "住": 1, "测试": 1, "信心": 1, "不在乎": 2, "买": 6, "货物": 1, "开玩笑": 1, "调侃": 2, "曝光度": 2, "空间": 3, "拜特朗普": 1, "赐": 1, "全世界": 2, "人民": 1, "厉害": 1, "2019年": 4, "上半年": 4, "表现": 2, "上涨": 2, "态势": 1, "份额": 1, "17.6%": 1, "排名": 1, "第二": 1, "高于": 1, "仅次于": 1, "三星": 1, "智能": 4, "1.18亿": 1, "同期": 1, "24%": 1, "昨天": 3, "首款": 5, "Mate": 7, "X": 13, "5G版": 4, "发售": 4, "售价": 3, "6199": 4, "元": 13, "截至": 5, "款": 5, "100万": 3, "编辑": 1, "赵云": 1, "图片": 1, "来源": 1, "摄图网": 1, "上市": 4, "走": 1, "现实": 1, "生活": 1, "破": 1, "央视": 2, "财经": 2, "上午": 5, "女士": 4, "北京": 11, "三里屯": 2, "营业厅": 5, "购买": 8, "首位": 3, "商用": 8, "消费者": 11, "于晓红": 1, "下载": 1, "东西": 1, "快": 3, "上网": 1, "速度": 4, "送": 2, "礼品": 1, "钱": 2, "充值卡": 1, "挺": 1, "划算": 1, "纯": 1, "用于": 2, "4G": 12, "7月": 3, "26日": 2, "开启": 1, "线上": 3, "线下": 5, "人数": 1, "超过": 5, "终端": 15, "留言": 2, "开售": 7, "分钟": 4, "显示": 4, "售罄": 1, "王": 1, "小姐": 3, "预订": 7, "潮流": 1, "第一": 9, "端": 1, "天猫": 1, "行业": 1, "运营": 1, "经理": 2, "陈天泽": 1, "首销": 3, "情况": 6, "秒钟": 1, "抢光": 1, "不错": 1, "定价": 3, "买单": 1, "盼望": 1, "模块": 1, "爬坡": 1, "慢慢": 1, "提升": 2, "受华": 1, "带动": 1, "OLED": 2, "概念": 4, "消费": 2, "电子": 2, "A股": 3, "板块": 1, "拉升": 1, "多股": 1, "涨停": 2, "中兴": 2, "AXON": 1, "10": 1, "Pro": 2, "7日": 1, "vivo": 1, "IQ": 1, "OO": 1, "22日": 1, "上线": 1, "陆续": 2, "概念股": 2, "走强": 1, "末": 1, "14": 1, "投向": 1, "基金": 2, "平均": 1, "收益率": 2, "24.63％": 1, "6": 1, "年内": 2, "30％": 1, "想要": 1, "体验": 15, "套餐": 19, "现有": 3, "焦点": 1, "流传": 2, "联通": 3, "公布": 2, "资费": 14, "价格": 8, "运营商": 9, "190": 2, "最低": 2, "推": 1, "热搜": 1, "不少": 3, "网友": 2, "大呼": 1, "价位": 1, "传": 1, "难以": 1, "承受": 1, "未来": 5, "走向": 1, "三大": 6, "老": 3, "更换": 2, "三不一换": 3, "原则": 3, "牌照": 1, "享受": 2, "高速率": 1, "低": 3, "延大": 1, "容量": 3, "需求": 5, "迫切": 1, "优质": 1, "央广": 2, "新闻": 6, "市场部": 1, "王超": 3, "政策": 2, "客户": 1, "流量": 10, "包": 3, "包括": 6, "每月": 2, "100GB": 3, "超高": 1, "下行": 1, "速率": 1, "面向": 1, "正规": 1, "渠道": 1, "100G": 1, "平滑": 1, "过渡": 1, "换卡": 1, "换号": 2, "发送": 1, "条": 1, "短信": 2, "即可": 2, "便捷": 2, "礼包": 1, "实打实": 1, "体验期": 2, "截止到": 2, "9月": 1, "30日": 1, "截图": 1, "首次": 2, "插卡": 1, "收到": 1, "提醒": 2, "回复": 1, "指令": 1, "订购": 2, "内": 3, "高速": 3, "生效": 1, "含": 1, "当月": 1, "剩余": 1, "清零": 1, "每部": 1, "领取": 3, "前台": 1, "欢GO": 1, "客户端": 1, "IMEI": 1, "验证": 1, "开通": 1, "事实上": 1, "日前": 1, "规划": 1, "推算": 1, "均": 4, "市面": 1, "肯定": 3, "集团": 3, "有限公司": 3, "副总经理": 3, "李正茂": 1, "SIM卡": 1, "讲": 1, "体验式": 1, "何种": 1, "计费": 4, "刘": 2, "桂清": 2, "带宽": 2, "场景": 1, "业内": 1, "步调": 1, "高度": 1, "水平": 3, "相仿": 1, "9月底": 1, "场合": 3, "表态": 2, "单位": 1, "单价": 1, "低于": 2, "观察家": 1, "付亮": 4, "判断": 1, "整体": 2, "初期": 3, "相差": 1, "增多": 1, "下降": 1, "冰淇淋": 1, "一开始": 1, "198-298": 1, "5G网": 1, "承载": 1, "降到": 2, "20%": 2, "年底": 2, "基站": 2, "数量": 3, "有望": 4, "接近": 1, "1.2万": 1, "明年": 5, "新建": 1, "2万": 1, "下半年": 1, "逼近": 1, "信号": 1, "覆盖": 1, "全国": 3, "5万": 1, "50": 2, "城市": 1, "漫长": 1, "带给": 1, "诸多": 3, "优势": 3, "推移": 1, "展现": 1, "长期": 2, "接入": 1, "实验": 1, "周期": 1, "一下子": 1, "降至": 1, "2000": 2, "以内": 1, "此路不通": 1, "首批": 5, "20X5G": 2, "天机10": 1, "Pro5G": 1, "机型": 1, "适配": 1, "5000-6000": 1, "不等": 1, "技术部": 1, "总监": 1, "王晓云": 2, "推测": 1, "低价": 1, "快速": 2, "千": 1, "一千": 1, "两千": 1, "兴业": 1, "证券": 3, "研报": 4, "联发科": 1, "初估": 1, "2020年": 2, "高达": 2, "1.4亿": 1, "支": 2, "市占率": 2, "10%": 1, "大陆": 1, "内需": 1, "逾": 1, "1亿": 1, "规模": 1, "70%": 1, "每日": 3, "经济": 3, "今早": 1, "发起": 1, "发稿": 1, "投票": 1, "1500多": 1, "过半": 1, "降价": 1, "意向": 1, "综合": 1, "券商": 1, "APP": 1, "百家号": 1, "打入": 1, "实体名单": 1, "切断": 1, "生产链": 1, "迫于": 1, "财政": 1, "给予": 1, "90": 4, "豁免期": 1, "交易": 1, "大限": 2, "现状": 1, "有限": 1, "生死攸关": 1, "毕竟": 2, "高通": 2, "英特尔": 1, "半导体": 3, "材料": 1, "谷歌": 1, "Android": 1, "战略": 1, "副": 1, "稳坐钓鱼台": 2, "姿态": 1, "丝毫": 1, "在意": 1, "任老": 1, "有没有": 1, "活": 1, "！": 5, "趴下": 1, "推特": 1, "治国": 1, "代言人": 1, "身份": 3, "引爆": 1, "敏感": 1, "神经": 1, "在内": 1, "欧盟": 1, "行列": 1, "害怕": 1, "远": 1, "美方": 5, "提出": 1, "威胁论": 2, "极力": 1, "游说": 1, "共建": 1, "检查": 1, "组织": 1, "自查": 1, "恢复": 2, "名誉": 1, "与会员": 1, "站不住脚": 1, "身正不怕影子歪": 1, "现阶段": 1, "因特朗普": 1, "大势": 1, "空前": 1, "壮大": 1, "开发者": 1, "大会": 2, "保守": 1, "估计": 1, "2.4亿": 1, "先前": 1, "预估": 1, "3.1亿": 1, "相比": 1, "3400万": 1, "呈现": 1, "爆发式": 1, "初见雏形": 1, "率先": 1, "搭载": 3, "麒麟980": 2, "+": 4, "巴龙": 3, "5000": 3, "7nm": 1, "芯片": 11, "模组": 4, "后置": 1, "4000万": 3, "超": 1, "广角": 2, "徕卡": 3, "摄": 2, "(": 7, "2000万": 1, "800万": 1, ")": 7, "电池": 4, "4200": 1, "mAh": 1, "优异": 1, "发烧友": 1, "买来": 1, "尝鲜": 1, "担忧": 1, "不无道理": 1, "针对": 1, "路透社": 1, "有意": 1, "延长": 2, "意料": 1, "之中": 1, "战争": 1, "利润": 1, "同比": 2, "骤降": 1, "不满": 1, "希望": 1, "相当于": 1, "台阶": 1, "拉": 1, "黑": 1, "决心": 2, "影响力": 1, "远远": 1, "位居": 1, "反省": 2, "其三": 1, "当下": 1, "禁止": 1, "硬核": 1, "祖国": 1, "得道者": 1, "多助": 1, "失道者": 1, "寡助": 1, "好好": 1, "软": 1, "柿子": 1, "专利": 1, "厂商": 3, "话语权": 2, "顺利": 1, "遭遇": 3, "各种各样": 1, "断供": 2, "麻烦": 1, "重重": 1, "几十": 1, "趋势": 1, "占据": 1, "为此": 1, "输": 1, "提到": 2, "强制": 1, "设备": 7, "搭建": 1, "质疑": 1, "真的": 1, "超越": 1, "广告": 1, "昨日": 1, "面对": 1, "所作所为": 1, "回答": 1, "断货": 1, "完整": 1, "总裁": 1, "余承东": 1, "2.5亿": 1, "意味着": 1, "缺失": 1, "仍旧": 1, "预期": 4, "崛起": 2, "优先": 2, "这是": 1, "深圳市": 1, "华强北": 2, "体验店": 5, "实地": 2, "探访": 2, "Mate20": 13, "听到": 1, "心声": 1, "社区": 1, "微信": 1, "公号": 1, "中午": 1, "12点": 1, "唯一": 1, "SA/NSA": 2, "双模": 3, "早盘": 1, "大涨": 1, "收盘": 1, "东方": 1, "财富": 1, "Choice": 1, "指数": 1, "0.91%": 1, "武汉": 2, "凡谷": 1, "涨幅": 4, "8.11%": 1, "福蓉": 1, "7.89%": 1, "长信": 1, "6.60%": 1, "欣旺达": 2, "6.54%": 1, "紧俏": 1, "10时": 1, "30分许": 1, "中证君": 7, "销售员": 4, "顾客": 2, "没法": 1, "现场": 4, "对话": 1, "拿到": 1, "办法": 1, "给出": 1, "日期": 1, "门店": 4, "排队": 2, "顺序": 2, "深圳": 4, "该店": 2, "体量": 1, "现货": 2, "店": 1, "秩序": 1, "证君": 1, "商城": 1, "HUAWEI": 1, "10:08": 1, "苏宁": 8, "10点08分": 1, "刚刚": 1, "全渠道": 1, "业态": 2, "同步": 1, "售出": 1, "上海": 5, "南京": 1, "无锡": 1, "易购": 2, "广场": 1, "极物": 1, "小店": 1, "长宁路": 1, "一大早": 1, "百": 1, "Linda": 1, "成交": 1, "入手": 1, "旧": 1, "幸运": 1, "机会": 2, "官微": 1, "迎来": 3, "24年": 1, "网龄": 1, "一早": 1, "Mate20X5G": 1, "长寿路": 1, "市民": 1, "伍": 2, "喜": 1, "提": 1, "X5G": 5, "新机": 2, "抢购": 1, "到手": 1, "大呼痛快": 1, "在手": 1, "太": 1, "兴奋": 1, "荣幸": 1, "据悉": 1, "7nm5G": 1, "双卡双待": 1, "5G卡": 1, "4G卡": 1, "配置": 2, "内置": 1, "4200mAh": 1, "典型值": 1, "石墨烯": 1, "VC液": 1, "冷散热": 1, "40": 1, "W华": 1, "超级": 1, "快充": 1, "延续": 1, "摄影": 1, "基因": 1, "素超": 1, "7.2": 1, "英寸": 1, "全景": 1, "巨幕屏": 1, "产业链": 5, "高光": 2, "华泰": 2, "进度": 2, "优于": 1, "中金": 5, "51%": 1, "此次": 2, "版": 1, "基带": 1, "SA": 1, "组网": 2, "NSA": 2, "入网": 1, "阵营": 1, "3-6": 1, "渗透率": 1, "提高": 1, "积极性": 1, "参数": 1, "功能": 1, "得以": 1, "优化": 1, "调研": 1, "机构": 1, "IDC": 1, "670万": 1, "0.5%": 1, "中性": 1, "情景": 1, "2019-2021年": 1, "500万": 1, "9500万": 1, "2.6亿": 1, "提速": 1, "渗透": 1, "超出": 1, "28日": 1, "第七": 1, "届": 1, "副总裁": 1, "简勤": 1, "演讲": 1, "推进": 1, "先行者": 1, "引导": 1, "多模": 1, "多频": 1, "形态": 1, "1000": 1, "我国": 1, "普及": 1, "AR/VR": 1, "无线": 1, "耳机": 1, "IoT": 1, "硬件": 1, "亦": 1, "受益": 1, "落地": 1, "轮": 1, "红利": 1, "三季度": 1, "3C": 2, "传统": 1, "旺季": 1, "备货量": 1, "大幅": 1, "下调": 1, "叠加": 1, "一线": 1, "备货": 1, "催化": 1, "符合": 1, "趋势性": 1, "创新": 1, "产业": 1, "链标": 1, "戴维斯": 1, "双击": 1, "引领": 1, "物联": 1, "时代": 1, "整机": 1, "组装": 1, "供应商": 11, "比亚迪": 2, "摄像头": 1, "欧菲光": 1, "盖板": 1, "蓝思": 1, "面板": 1, "京东方A": 1, "触控": 1, "指纹": 1, "识别": 1, "汇顶": 1, "触摸屏": 1, "兴达": 1, "合力": 1, "泰": 1, "连接器": 1, "立讯": 1, "精密": 2, "长盈": 1, "PCB": 1, "深南": 1, "电路": 1, "沪电": 1, "股份": 2, "声学": 1, "器件": 1, "歌尔": 1, "德赛": 1, "射频": 1, "天线": 1, "硕贝德": 1, "说到": 1, "张口": 1, "oppo": 1, "渐渐": 1, "小米": 1, "往外": 1, "扩张": 1, "最牛": 1, "本身": 1, "用人": 1, "学习": 1, "榜样": 1, "小道": 2, "日本人": 5, "正面": 1, "解释": 1, "不得不": 1, "差距": 1, "值得": 1, "深思": 1, "!": 5, "这两年": 1, "阻碍": 1, "财路": 1, "随后": 1, "一大": 1, "波": 1, "黑料": 1, "来袭": 1, "从来": 1, "无所畏惧": 1, "算": 2, "件": 1, "亚洲": 1, "通讯社": 1, "社长": 1, "静波": 1, "制造业": 1, "论坛": 1, "雇用": 3, "买下": 2, "生产线": 1, "头脑": 1, "魄力": 1, "国内外": 1, "追捧": 1, "少不了": 1, "认可": 1, "海思": 1, "门面": 1, "招牌": 1, "视为": 1, "民族": 1, "标榜": 1, "日本": 9, "谁家": 1, "空穴来风": 1, "早期": 1, "故事": 1, "退休潮": 1, "来到": 1, "其他人": 1, "收购": 1, "套": 1, "倒闭": 1, "剩": 1, "毫无疑问": 1, "人才": 1, "失业": 1, "工程师": 5, "缺": 1, "伯乐": 2, "下岗": 1, "有心人": 1, "成果": 1, "小编": 1, "外国": 1, "小哥": 1, "无意间": 1, "攻破": 1, "记住": 1, "迄今为止": 1, "4": 1, "研究所": 1, "1400余": 1, "名": 1, "悉心": 1, "国界": 1, "想必": 1, "理解": 1}