{"手机": 3, "中国": 2, "新闻": 1, "2019": 1, "称为": 1, "5G": 1, "元年": 1, "科技": 1, "发展": 1, "身边": 1, "都": 1, "提速": 1, "智能": 1, "自然": 1, "例外": 1, "近日": 1, "华为": 4, "放出": 1, "条": 1, "预告": 1, "视频": 7, "主角": 1, "期待": 1, "Mate30": 13, "系列": 15, "下半年": 1, "顶级": 1, "旗舰": 2, "势必": 1, "再次": 2, "迎来": 1, "提升": 4, "这次": 2, "曝光": 2, "窥知一二": 1, "核心": 1, "元素": 2, "圆环": 2, "同款": 1, "采用": 3, "背部": 2, "设计": 3, "吻合": 1, "网络": 1, "相机": 1, "区域": 1, "圆": 1, "环式": 1, "语言": 1, "四": 1, "颗": 1, "摄像头": 1, "横排": 1, "排列": 1, "灵感": 1, "古代": 1, "铜钱": 1, "天圆": 1, "地方": 1, "开头": 1, "越过": 1, "光影": 1, "突破": 2, "视觉": 2, "边界": 2, "、": 9, "快": 2, "远": 1, "打破": 1, "时空": 1, "界限": 1, "留住": 1, "瞬间": 4, "凝结": 1, "时光": 1, "美": 1, "一触即发": 1, "能量": 3, "自由": 1, "释放": 1, "字样": 1, "暗示": 3, "新机": 1, "此次": 3, "升级": 3, "指": 2, "瀑布屏": 1, "屏幕": 1, "双侧": 1, "弧度": 1, "加大": 1, "营造": 1, "震撼": 3, "无边框": 1, "屏": 1, "体验": 3, "利箭": 1, "飞过": 1, "速度": 6, "小编": 1, "体现": 1, "动作": 2, "拍摄": 2, "上代": 1, "身上": 1, "960": 1, "帧慢": 1, "惊艳": 1, "想要": 1, "捕捉": 1, "高速": 1, "运动": 1, "物体": 1, "一个": 1, "或许": 1, "更进一步": 1, "带来": 3, "前所未有": 1, "结尾": 1, "介绍": 1, "重构": 4, "款": 1, "想象": 5, "暗光": 2, "拥有": 1, "电池": 1, "强悍": 1, "快充": 1, "技术": 1, "续航": 1, "能力": 3, "全方位": 1, "摄影": 1, "成像": 1, "画面": 1, "质量": 1, "AI": 1, "领域": 1, "性能": 1, "系统": 1, "运行": 1, "据悉": 1, "首发": 1, "麒麟": 1, "990": 1, "快人": 1, "不由得": 1, "回想": 1, "P30": 1, "惊人": 1, "夜拍": 2, "黑夜": 1, "白昼": 1, "实力": 1, "9月": 1, "19日": 1, "德国": 1, "慕尼黑": 1, "发布": 1, "广告": 1, "文": 1, "猜测": 1, "拭目以待": 1, "！": 1}