{"华为": 41, "平板": 36, "扎实": 1, "用料": 1, "成熟": 1, "芯片": 1, "早已": 1, "消费者": 1, "心中": 1, "优质": 1, "代名词": 1, "发布": 1, "M6": 25, "款": 7, "具备": 1, "旗舰级": 1, "SoC麒麟980": 1, "、": 13, "高清2K": 1, "屏幕": 3, "8.4": 3, "英寸": 12, "版本": 6, "搭载": 4, "6100": 3, "mAh": 8, "电量": 3, "10.8": 7, "7500": 3, "；": 2, "四": 4, "声道": 2, "音频": 1, "系统": 4, "M6独有": 2, "安卓": 1, "厂商": 1, "少有": 1, "创新": 3, "能力": 2, "1999": 1, "元": 4, "起价": 1, "问世": 1, "充满": 1, "诚意": 1, "行业": 1, "内外": 1, "定义": 1, "电脑": 9, "产品": 3, "改": 1, "走": 1, "娱乐": 2, "路线": 1, "换上": 1, "套": 1, "颇为": 1, "高端": 2, "气质": 1, "商务": 11, "外观": 6, "设计": 14, "手写": 9, "笔": 8, "键盘": 13, "输入": 3, "方式": 3, "独家": 1, "开发": 1, "模式": 8, "一并": 1, "集成": 1, "都": 5, "这是": 1, "寄予": 1, "厚望": 1, "匠心": 1, "担任": 1, "重担": 1, "系列": 3, "评测": 2, "探究": 1, "玩法": 2, "01": 1, "便携": 2, "机身": 2, "配合": 1, "磁吸": 6, "彰显": 1, "范儿": 1, "毫无疑问": 1, "借鉴": 1, "当今": 1, "主流": 2, "优势": 2, "：": 10, "轻便": 1, "大屏": 1, "戴上": 1, "符合": 1, "中高层": 1, "阶级": 1, "习惯": 1, "整体": 3, "简约": 1, "采用": 6, "革纹": 3, "PU": 2, "材质": 2, "触感": 1, "顺滑": 1, "舒适": 4, "磁吸式": 1, "贴合": 1, "表面": 1, "纹理": 1, "细密": 1, "散发": 1, "纸纹": 1, "PU皮革": 1, "特有": 1, "醇香": 1, "味道": 1, "翻盖": 1, "7": 1, "毫米": 1, "厚度": 1, "按压": 3, "硬度": 1, "按键": 4, "轻薄": 4, "基础": 3, "保证": 3, "足够": 2, "键程": 4, "1.3mm": 2, "回弹": 2, "长": 5, "时间": 4, "打字": 3, "轻松": 5, "一行": 1, "功能": 5, "快捷键": 1, "操作": 2, "导航": 1, "截图": 1, "音量": 1, "亮度": 1, "快捷": 1, "Pogo": 1, "pin": 1, "接口": 1, "快速": 5, "连接": 1, "简单": 2, "官方": 1, "商城": 2, "京东": 1, "网店": 1, "推出": 1, "各式": 1, "配件": 1, "包括": 1, "颜色": 1, "皮套": 1, "深灰色": 1, "放": 3, "侧面": 1, "人士": 5, "高效": 2, "特定": 1, "工作": 1, "记录": 2, "灵感": 1, "瞬间": 1, "很": 3, "切合": 1, "需求": 3, "提供": 2, "依旧": 2, "大气": 1, "沉稳": 1, "风格": 1, "ID": 1, "白领": 1, "使用者": 1, "02": 1, "助力": 1, "办公": 2, "效华": 1, "秒变": 1, "台": 1, "智能": 9, "手机": 5, "界面": 3, "大众": 1, "熟悉": 1, "桌面": 1, "呈现": 1, "用户": 7, "适合": 1, "轻": 1, "Pogo-Pin": 1, "时延": 1, "愉快": 1, "体验": 4, "M-Pen": 4, "lite": 2, "主界面": 1, "切换": 1, "文档": 1, "规整": 1, "PPT": 1, "制作": 1, "带给": 1, "便捷": 2, "平行": 1, "视界": 1, "这项": 1, "横屏": 1, "状态": 2, "打开": 1, "一个": 2, "拥有": 1, "屏": 2, "显示": 2, "带来": 2, "观看": 1, "双屏": 1, "信息": 1, "窗口": 1, "展示": 1, "今日": 1, "头条": 1, "浏览": 2, "新闻": 2, "列表": 1, "选取": 1, "条": 1, "互不": 1, "干扰": 1, "小艺": 3, "语音": 9, "对着": 1, "即可": 1, "唤醒": 1, "助手": 1, "想": 2, "问答": 1, "视频": 5, "想要": 1, "听": 1, "儿歌": 1, "流行曲": 1, "都会": 1, "吩咐": 1, "执行": 1, "交互": 4, "机器": 1, "形式": 1, "植入": 1, "做法": 1, "不少": 1, "搭配": 1, "底座": 1, "单独": 1, "购买": 1, "解放": 1, "双手": 1, "不再": 1, "单一": 1, "控制": 2, "意愿": 1, "惊喜": 1, "此次": 1, "支持": 7, "HiLink": 2, "家居": 2, "协议": 1, "也就是说": 1, "操控": 1, "各类": 1, "设备": 1, "场景": 1, "03": 1, "报告": 1, "易用": 1, "频率": 1, "根M-Pen": 1, "lite手": 3, "写笔": 4, "回答": 1, "网友": 1, "最多": 1, "延迟": 2, "答": 3, "感觉": 1, "手腕": 2, "放在": 1, "丝毫": 1, "影响": 1, "到手": 1, "写": 1, "书写": 1, "可不可以": 1, "网页": 1, "截屏": 1, "多余": 1, "暂": 1, "Apple": 1, "Pencil": 1, "三星": 3, "S": 1, "Pen": 1, "角度": 1, "变化": 1, "效果": 1, "绘画": 1, "大神们": 1, "打线稿": 1, "画素": 1, "描时": 1, "友好": 1, "04": 1, "在乎": 1, "续航": 2, "失望": 2, "出差": 1, "主打": 2, "差": 1, "项": 1, "挑战": 1, "背道而驰": 1, "电池": 5, "容量": 3, "上一代": 1, "5100": 1, "再次": 2, "扩充": 1, "提升": 1, "本地": 4, "1080P": 2, "高清": 4, "连续": 2, "播放": 4, "12.5": 2, "小时": 5, "11": 1, "硬件": 2, "对比": 2, "测试": 2, "均": 1, "优于": 1, "iPad": 2, "mini": 2, "2019": 1, "mAh锂电": 2, "9V/2A": 1, "充电": 5, "2.2时": 1, "2019：5124": 1, "10": 2, "18W快充": 1, "35%": 1, "M6来说": 1, "速率": 1, "价位": 1, "略微": 1, "出色": 1, "05": 1, "重磅": 1, "手": 1, "改变": 1, "软件": 1, "属性": 2, "Android": 1, "麒麟980": 3, "配置": 7, "休闲": 1, "算上": 1, "扬声器": 1, "市场": 5, "称": 1, "竞争": 1, "对手": 1, "M6亮眼": 1, "团队": 1, "过分": 1, "想象": 1, "薄": 1, "成功": 3, "(": 1, "7237851": 1, ")": 1, "这几年": 1, "高速": 1, "发展": 1, "中华": 1, "酷联": 1, "传统": 1, "老牌": 1, "厂家": 1, "国内": 1, "份额": 1, "75%": 1, "脱颖而出": 1, "取决于": 1, "敏锐": 1, "洞察力": 1, "转型": 1, "近期": 1, "P30": 15, "降价": 4, "提前": 1, "布局": 1, "标准版": 1, "6.1": 1, "OLED": 1, "水": 1, "滴屏": 1, "处理器": 2, "后置": 2, "4000万": 2, "徕卡": 2, "三": 2, "摄": 2, "前置": 2, "3200万": 2, "自拍": 2, "3650": 1, "22.5W": 1, "超级": 1, "快充": 1, "高配版": 3, "Pro": 5, "6.47": 1, "水滴屏": 2, "4200": 1, "40W快充": 1, "偏弱": 1, "入手": 1, "缺点": 1, "迷茫": 2, "选择": 1, "中规中矩": 1, "千元档": 1, "小米": 2, "CC": 1, "vivo": 1, "Z5": 1, "类似": 1, "旗舰机": 1, "位置": 1, "反而": 1, "显得": 1, "毫无": 1, "新意": 1, "OPPO": 1, "K3": 1, "机型": 3, "升降式": 1, "摄像头": 3, "Galaxy": 2, "A80": 1, "180": 1, "度": 1, "翻转": 1, "相比之下": 1, "略显": 1, "陈旧": 1, "存储": 1, "空间": 1, "64GB": 1, "起步": 1, "8+64GB": 1, "3688": 1, "2999": 1, "9": 1, "8+128GB": 1, "差距": 2, "售价": 1, "体现": 1, "差价": 1, "价值": 1, "8+512GB": 1, "S10": 1, "还要": 1, "贵": 1, "程度": 1, "低": 2, "其三": 1, "拍摄": 2, "缩水": 1, "Pro少": 1, "颗": 1, "TOF": 1, "镜头": 1, "倍": 3, "混合": 1, "变焦": 3, "50": 1, "数码": 2, "30": 1, "水平": 1, "算是": 1, "配版": 1, "速度": 1, "理想": 1, "建议": 1, "买": 2, "这次": 1, "500": 1, "上手": 1, "5G": 1, "现有": 1, "尴尬": 1}