{"华为": 198, "中兴": 12, "遭受": 2, "外界": 1, "带来": 1, "压力": 1, "4月份": 1, "危机": 2, "导致": 2, "产业": 1, "覆灭": 1, "我国": 2, "政府": 15, "出面": 1, "调解": 1, "才": 5, "最终": 2, "免于": 1, "危难": 1, "很": 21, "大一": 1, "不当": 1, "操作": 3, "外在": 1, "施压": 1, "的确": 2, "违反": 1, "国家": 63, "相关": 6, "贸易": 1, "西方": 7, "针对": 3, "对象": 1, "理由": 4, "威胁": 3, "真的": 9, "滑天下之大稽": 1, "颇": 1, "几分": 1, "岳飞": 1, "当年": 1, "诬陷": 1, "无奈": 1, "抵制": 6, "原因": 5, "公司": 12, "5G": 25, "通信": 8, "业务": 10, "发展": 10, "太": 3, "过于": 1, "爱立信": 2, "、": 16, "高通": 4, "科技": 5, "巨头": 2, "利益": 3, "他国": 1, "选择": 5, "打压": 7, "对此": 2, "颓废": 1, "反而": 1, "越战越勇": 1, "老总": 1, "任正非": 2, "内部": 1, "会议": 2, "：": 7, "有人": 3, "不用": 1, "产品": 10, "身上": 2, "找": 2, "足够": 1, "别人": 1, "不得不": 1, "事情": 5, "这话": 1, "霸气": 1, "走到": 1, "态度": 4, "关系": 5, "主营": 1, "2011年": 1, "LTE": 1, "快车道": 1, "6": 2, "时间": 4, "全球": 8, "行业": 3, "老大": 1, "设备": 14, "市场": 16, "份额": 1, "21%": 1, "诺基亚": 1, "老牌": 1, "企业": 7, "感到": 1, "望尘莫及": 1, "质量": 1, "远": 2, "超": 2, "竞争": 4, "对手": 1, "价格": 6, "优势": 3, "布局": 4, "重心": 1, "重点": 1, "业务量": 1, "下跌": 1, "不少": 3, "美国": 36, "日本": 4, "澳大利亚": 1, "失利": 1, "订单": 5, "很多": 30, "情况": 6, "依旧": 3, "3": 2, "忠实": 1, "合作": 14, "伙伴": 2, "三": 10, "运营商": 6, "英国": 3, "O2": 1, "EE": 1, "沃达丰": 1, "都": 44, "坚定": 1, "测试": 2, "签订": 1, "20亿": 1, "英镑": 1, "合约": 1, "国际": 10, "人缘": 1, "背后": 1, "支持者": 1, "未来": 3, "时代": 3, "方向": 1, "应对": 2, "万物": 1, "互联": 1, "基础": 7, "网络": 18, "环境": 6, "物联网": 1, "意外": 1, "向来": 1, "稳定": 1, "著称": 1, "拒绝": 10, "损失": 3, "实力": 6, "增强": 1, "拒绝者": 1, "亲自": 2, "上门": 1, "谈": 1, "底气": 1, "观察者": 1, "网": 1, "综合": 1, "报道": 5, "此前": 1, "媒体": 7, "称": 4, "捷克": 24, "总理": 6, "安德烈·巴比什": 2, "下令": 2, "禁止": 6, "办公室": 9, "人员": 4, "手机": 51, "信息": 14, "安全局": 2, "NKIB": 6, "警告": 7, "委员会": 7, "当地": 2, "21日": 3, "发表": 3, "正式": 3, "声明": 13, "纠正": 3, "错误": 2, "警示": 4, "截图": 1, "全文": 1, "1": 1, "独立": 2, "机构": 1, "结论": 1, "基于": 4, "技术": 24, "评估": 4, "禁令": 3, "为时过早": 1, "关键": 4, "设施": 3, "系统": 11, "包含": 2, "涉及": 3, "用户": 8, "终端": 2, "4": 1, "始终": 1, "确保": 1, "5": 1, "无权": 2, "政治": 5, "局势": 2, "法律": 5, "采购": 1, "程序": 1, "投标者": 1, "处于": 3, "不利": 2, "地位": 4, "7": 1, "捷克共和国": 5, "合法": 3, "外国": 3, "投资": 7, "开放": 4, "提供": 4, "欧洲": 8, "总裁": 4, "李健": 4, "赞赏": 2, "务实": 1, "讨论": 3, "早些时候": 1, "发出": 3, "并非": 1, "听到": 1, "希望": 3, "竞标者": 1, "领域": 2, "招标": 1, "中都": 1, "原产地": 1, "歧视": 1, "坚信": 1, "现有": 1, "潜在": 1, "客户": 3, "影响": 4, "声誉": 1, "毫无": 1, "指责": 2, "破坏": 1, "30年": 2, "170": 1, "记录": 2, "当今": 1, "数字": 1, "以往": 1, "挑战": 2, "领先": 1, "ICT": 1, "建立": 1, "审计": 1, "持续": 3, "信赖": 1, "保障": 1, "体系": 1, "首要": 1, "12月": 2, "17日": 2, "监管": 1, "部门": 3, "——": 2, "Národní": 1, "úad": 1, "kybernetickou": 1, "bezpenost": 1, "(": 1, ")": 1, "主任": 2, "杜桑·纳夫拉蒂尔": 1, "Dusan": 1, "Navratil": 1, "份": 2, "声称": 1, "中国": 15, "民营": 2, "情报": 1, "配合": 2, "引入": 1, "提到": 2, "软件": 8, "硬件": 1, "为此": 1, "呼吁": 1, "杜桑·纳瓦里蒂尔": 1, "发布": 4, "补充": 1, "公布": 1, "此举": 1, "通讯": 3, "近日": 1, "外媒": 1, "NCISA": 1, "该国": 1, "捷克NCISA": 1, "盟友": 1, "调查": 1, "苹果": 15, "禁售": 1, "网上": 5, "疯传": 1, "机型": 1, "在售": 1, "保证": 3, "紧追": 1, "放下": 1, "忽视": 1, "法院": 1, "给出": 2, "初步": 2, "诸事": 1, "麻烦": 1, "专利": 3, "纠纷": 1, "事件": 9, "新款": 1, "iPhone": 5, "定价": 1, "销量": 3, "下滑": 1, "市值": 1, "受损": 1, "旧": 1, "款": 17, "幅度": 2, "上涨": 1, "前段": 1, "电商": 1, "平台": 1, "第三方": 1, "商家": 2, "手中": 1, "降价": 2, "消费者": 5, "蠢蠢欲动": 1, "想要": 2, "入手": 2, "iPhoneX": 1, "8P": 1, "老果粉": 3, "买华": 1, "mate20": 3, "买": 3, "8Plus": 1, "描述": 1, "实验": 2, "告诉": 1, "网友们": 1, "答案": 1, "一个": 29, "清空": 2, "后台": 4, "同等": 1, "状态": 2, "电量": 2, "充足": 1, "打开": 5, "日常": 1, "对比": 3, "速度": 2, "胜出": 2, "发现": 2, "刚": 1, "差距": 3, "不大": 1, "积累": 1, "程度": 1, "秒": 1, "ios": 2, "称为": 1, "即时": 1, "关闭": 1, "安卓": 4, "更新换代": 1, "厂商": 1, "优化": 1, "流畅度": 1, "改善": 1, "符合": 1, "国内": 3, "习惯": 1, "本质": 1, "讲": 2, "高价": 1, "回到": 1, "游戏": 3, "运行": 1, "状况": 1, "王者": 1, "荣耀": 15, "刺激": 1, "战场": 1, "常用": 1, "大型": 1, "手游": 1, "这次": 7, "iPhone8": 1, "P快": 1, "得益": 1, "麒麟980": 2, "超强": 1, "性能": 7, "A系列": 1, "芯片": 3, "强大": 1, "越来越": 4, "成熟": 1, "980": 3, "跑分": 1, "骁龙": 2, "845": 2, "在内": 1, "基带": 1, "不相上下": 1, "价位": 1, "发酵": 2, "连锁": 1, "官司": 1, "打赢": 1, "加拿大": 1, "冻结": 1, "自发": 1, "美货": 2, "日货": 1, "加货": 1, "键盘": 1, "侠带": 1, "节奏": 1, "爱国": 4, "5A级": 1, "景区": 1, "神农山": 1, "免费": 1, "人士": 1, "分析": 2, "触犯": 1, "牺牲": 1, "!": 9, "玩": 1, "东西": 2, "性质": 1, "支持": 9, "称之为": 1, "壮士": 3, "断腕": 3, "高新科技": 1, "颇为": 1, "热闹": 1, "曝出": 1, "一家": 1, "苹果店": 2, "标语": 1, "哭笑不得": 1, "店长": 3, "点赞": 2, "门口": 1, "LED": 1, "广告牌": 1, "滚动": 1, "卖": 1, "隔壁": 1, "跟着": 2, "指向": 1, "旁边": 1, "店": 2, "箭头": 1, "这家": 2, "·": 1, "推举": 1, "专卖店": 1, "店主": 1, "肯定": 3, "入选": 1, "爆出": 1, "……": 2, "哈哈哈": 1, "聪明": 1, "机智": 1, "营销": 1, "策略": 1, "想": 3, "秀": 1, "最秀": 1, "传出": 2, "佩服": 3, "网友": 3, "联想": 1, "能力": 1, "称之为命": 1, "注定": 1, "切开": 2, "吃": 2, "口": 1, "想想": 1, "道理": 1, "明白": 2, "涵义": 1, "刷": 2, "抖音": 1, "评论": 1, "讽刺": 1, "搞": 1, "懂": 1, "喷子": 1, "黑": 1, "良心": 1, "???": 1, "还要": 3, "核心": 2, "供应商": 2, "33": 1, "差不多": 5, "三分之一": 1, "十几": 1, "不止": 1, "亏损": 1, "勇气": 1, "决心": 1, "喷华": 1, "国人": 1, "只求": 1, "欺负": 2, "看法": 1, "茶余饭后": 1, "热点": 2, "长": 1, "段": 1, "面对": 1, "各种各样": 1, "做出": 3, "正面": 1, "回应": 1, "轮值": 1, "董事长": 1, "胡厚崑": 1, "记者会": 1, "点名": 1, "胡": 2, "厚崑": 2, "零": 2, "证明": 3, "位于": 1, "东莞": 1, "园区": 1, "新闻会": 3, "邀请": 1, "纽约": 1, "时报": 1, "华尔街": 1, "日报": 1, "彭博": 1, "13": 1, "欧美": 1, "韩国": 1, "回答": 2, "疑虑": 1, "社会": 1, "消息": 1, "5g": 3, "此次": 2, "胡厚昆": 1, "努力": 2, "制造": 2, "恐惧": 1, "利用": 1, "干预": 1, "增长": 1, "自豪": 1, "信任": 1, "安全值": 1, "控制": 2, "事实": 3, "说话": 3, "清白": 1, "澄清": 1, "25": 1, "5g商": 1, "合同": 1, "5g基站": 1, "出货量": 1, "超过": 2, "1万": 1, "全年": 1, "营收": 2, "1000亿": 2, "美元": 4, "突破": 2, "2017年": 1, "财报": 1, "925亿": 1, "总和": 1, "记者": 2, "提问": 1, "看做": 1, "风险": 2, "几百": 1, "从没有": 1, "事故": 1, "关心": 1, "种种": 1, "做法": 3, "困难": 1, "如今": 1, "参与": 3, "无线": 1, "建设": 4, "成本": 1, "或许": 1, "节约": 1, "200亿": 1, "领军": 1, "人物": 1, "服务": 1, "阻止": 2, "外企": 1, "无疑": 1, "竞争力": 1, "解释": 2, "公平": 2, "毕竟": 1, "无论是": 1, "口碑": 2, "权利": 1, "对待": 2, "停滞不前": 1, "收卷机": 1, "爱不释手": 1, "本身": 1, "这几年": 1, "这是": 3, "有目共睹": 1, "创新": 1, "来讲": 1, "无非": 1, "幸福": 1, "P系列": 2, "Mate": 30, "系列": 25, "重中之重": 1, "Nova": 2, "配置": 6, "相差": 1, "到底": 1, "旗下": 4, "搭载": 4, "处理器": 5, "低": 2, "一千": 1, "发生": 1, "热评": 1, "关注": 5, "馈赠": 1, "单独": 1, "品牌": 5, "眼里": 1, "不错": 1, "V10": 1, "麒麟970": 1, "疯狂": 1, "实惠": 1, "加上": 2, "趋势": 1, "怀疑": 1, "确实": 6, "差": 1, "暗花纹": 1, "Mate20": 1, "外观": 2, "比不上": 1, "旗舰": 1, "段位": 1, "区分": 1, "喜欢": 3, "朋友": 2, "意见": 1, "建议": 1, "留言": 1, "新华社": 1, "布拉格": 1, "22日": 1, "电": 1, "王义": 1, "日前": 2, "机关": 1, "工作": 3, "停止": 2, "巴比什": 2, "接受": 4, "采访": 1, "草率": 1, "担忧": 1, "无端": 1, "伤害": 1, "随后": 1, "为由": 1, "弃用": 1, "争议": 1, "责任": 1, "编辑": 1, "钱": 1, "中兵": 1, "马上": 2, "这项": 1, "话题": 1, "牵连": 1, "强占": 1, "商人": 1, "上千": 1, "项": 2, "贩卖": 1, "联合": 1, "交": 1, "诶": 1, "负面": 2, "新闻": 3, "成功": 1, "摇摆不定": 1, "经受": 1, "劝说": 2, "不和": 1, "宽容": 1, "友好": 1, "那种": 1, "小心眼": 1, "害怕": 1, "壮大": 1, "购买": 1, "弄垮": 1, "好在": 1, "多年": 1, "阴谋": 1, "恢复": 2, "全都": 1, "炒作": 1, "一点": 4, "真实": 1, "谈判": 1, "法国": 10, "众多": 3, "德国": 8, "说起": 1, "证据": 1, "判断": 1, "脸": 1, "打的": 1, "啪啪": 1, "过程": 1, "一亿": 1, "人口": 1, "有名": 1, "影响力": 1, "电器": 1, "生产": 2, "奔驰": 1, "算": 1, "帮忙": 1, "可惜": 1, "小国": 1, "背叛": 1, "2018年": 1, "作品": 1, "P20": 2, "上半年": 1, "明星机": 2, "淡忘": 1, "下半年": 1, "十足": 1, "一共": 1, "机器": 1, "20Pro": 5, "X": 2, "就算": 1, "安卓机": 1, "不折不扣": 1, "机皇": 3, "！": 6, "有别于": 1, "屏": 1, "设计": 5, "全新": 1, "雨滴屏": 2, "美其名": 1, "‘": 2, "超跑": 1, "眼": 1, "’": 2, "保时捷": 1, "物君": 2, "刘": 2, "海屏": 2, "顺眼": 1, "屏幕": 5, "尺寸": 1, "大气": 1, "6.53": 1, "英寸": 1, "LCD": 2, "材质": 1, "OLED": 1, "朋友们": 1, "调校": 1, "出色": 2, "莫过于": 1, "背部": 1, "四曲面": 1, "3D": 1, "玻璃": 1, "手感": 1, "质感": 1, "上上乘": 1, "如果说": 1, "遗憾": 1, "背面": 1, "指纹": 2, "传感器": 1, "代表": 1, "带": 1, "解锁": 1, "功能": 3, "体现": 1, "标配": 1, "Kirin": 2, "多么": 1, "卓越": 1, "好物君": 1, "一一": 1, "赘述": 1, "足以": 1, "碾压": 2, "乞丐版": 1, "相对于": 2, "内置": 2, "双N": 1, "PU": 1, "单元": 1, "充满": 1, "智慧": 2, "AI性": 1, "自然": 1, "不在话下": 1, "相机": 1, "众所周知": 1, "DXO": 1, "Mark": 1, "榜单": 1, "名": 1, "20三": 1, "兄弟": 3, "包揽": 1, "拍照": 1, "水准": 1, "当中": 1, "差一点": 1, "1200W": 1, "+": 1, "1600W+800": 1, "W像素": 1, "摄": 1, "不及": 2, "高端": 1, "电池": 2, "续航": 2, "永远": 2, "都会": 3, "亮点": 1, "一块": 1, "4000": 1, "mAh容量": 1, "拥有": 3, "22.5W": 2, "快充": 2, "莱茵": 1, "TUV": 1, "认证": 1, "40": 1, "W快": 2, "18": 1, "充要": 1, "好出": 1, "值得一提的是": 1, "AI": 1, "节电": 1, "供能": 1, "吝啬": 1, "电力": 1, "不怎么": 2, "涓涓": 1, "细流": 1, "经久不衰": 1, "优秀": 1, "表现": 1, "不容置疑": 1, "最低": 1, "那位": 1, "跳出": 1, "级别": 1, "排行": 1, "老三": 1, "否人": 1, "世界": 1, "时下": 1, "售价": 1, "3999": 1, "元": 1, "依然": 1, "坚挺": 1, "优秀性": 1, "不妨": 1, "线下": 1, "感受": 1, "体验": 1, "眼看": 1, "崛起": 1, "力挺": 1, "中企": 1, "达成": 1, "360亿": 1, "火": 1, "基本上": 1, "每家": 1, "一家人": 1, "最多": 1, "按理说": 1, "拿到": 1, "第一": 1, "借口": 2, "举动": 1, "中国人": 2, "气愤": 2, "跟随": 1, "步伐": 1, "一部分": 1, "打击": 2, "意识": 1, "作用": 1, "争气": 1, "三星": 1, "慢慢": 1, "同意": 1, "续约": 1, "感谢": 1, "葡萄牙": 1, "重视": 1, "禁制令": 1, "敞开": 1, "怀抱": 1, "正是": 1, "带头": 1, "快": 1, "伸出": 1, "援助": 1, "手": 1, "芬兰": 8, "率先": 1, "官方": 1, "专家": 1, "不仅仅": 1, "生产线": 2, "搭建": 1, "负责": 1, "最为": 1, "暂时": 1, "不说": 1, "手脚": 1, "推广": 3, "公开": 2, "公正": 2, "透明": 1, "动手": 1, "脚": 1, "大国": 1, "4G": 1, "说出": 1, "日子": 1, "给与": 1, "机会": 1, "感激": 1, "资金": 1, "研发": 1, "中心": 1, "开发": 1, "项目": 1, "放": 1, "这样一来": 1, "加深": 1, "往来": 1, "安踏": 3, "集团": 1, "邀请函": 1, "收购": 1, "老": 1, "李": 1, "峥": 1, "提前": 3, "规划": 1, "可谓": 1, "顺利": 3, "协会": 1, "经营": 1, "提升": 1, "阻力": 1, "封杀": 1, "前期": 1, "收到": 1, "之下": 1, "道路": 1, "上都": 1, "变得": 1, "图片": 1, "来源于": 1, "侵权": 1, "请": 1, "作者": 1, "删除": 1}