{"2018年": 8, "手机": 36, "市场": 4, "华为": 89, "国际": 6, "动荡": 1, "热销": 1, "情况": 1, "苹果": 13, "惨遭": 1, "禁": 1, "命运": 1, "到底": 1, "品牌": 7, "选": 1, "很": 9, "19": 1, "排行榜": 4, "新鲜": 1, "出炉": 1, "排": 1, "首位": 1, "国产": 3, "荣获": 2, "第一": 2, "真的": 2, "感觉": 2, "实至名归": 1, "5g": 1, "技术": 18, "开发": 1, "制造": 3, "亚于": 1, "排行": 1, "五": 7, "、": 81, "oppo": 5, "荣耀": 5, "vivo": 4, "三星": 6, "原因": 2, "价格": 2, "太": 1, "4": 2, "5": 2, "创新": 1, "到达": 1, "瓶颈": 1, "新款": 1, "确实": 1, "普通人": 1, "难": 1, "支付": 1, "想": 3, "款": 6, "畅销": 1, "小编": 1, "统计": 1, "热点": 13, "机型": 12, "：": 31, "mate20": 1, "华为p20": 1, "mate": 1, "pro;": 1, "排名": 11, "第二": 1, "R15": 1, "R17": 1, "A7x": 1, ";": 3, "第三": 1, "V20": 1, "Magic": 1, "8": 4, "X": 1, "；": 14, "四": 5, "X23": 1, "vivoY93": 1, "NEX": 1, "双屏版": 1, "第五": 1, "Galaxy": 1, "A9s": 1, "GALAXY": 2, "A6s": 2, "W2019": 1, "热门": 2, "不仅仅": 2, "有的是": 1, "经典": 2, "性价比": 1, "款型": 1, "6-10": 1, "接下来": 2, "不妨": 1, "第6-10": 1, "小米": 5, "魅族": 5, "联想": 4, "诺基亚": 3, "唯一": 2, "关注": 5, "跌": 1, "第七": 2, "砸": 1, "核桃": 1, "第六": 2, "MIX": 1, "3": 2, "青春版": 1, "iphone": 3, "XR": 1, "Xs": 2, "Max": 1, "第八": 1, "X8": 1, "16": 1, "Note": 1, "第九": 1, "Z5": 2, "联想Z5s": 1, "Gt": 1, "第十": 1, "诺基亚X6": 1, "诺基亚X7": 1, "诺基亚8": 1, "来来": 1, "都": 10, "中低端": 1, "也许": 1, "果粉": 1, "富二代们": 1, "买": 1, "昂贵": 1, "价位": 1, "1000-3000": 1, "接地": 1, "气": 1, "选择": 5, "肯定": 4, "希望": 2, "一点": 1, "环球": 7, "时报": 7, "驻": 1, "美国": 33, "特派": 1, "记者": 17, "张梦旭": 1, "杜": 1, "海川": 1, "苏静": 1, "大学": 8, "终止": 2, "合作": 22, "美联社": 2, "2日": 2, "报道": 6, "明尼苏达": 3, "日前": 1, "切断": 2, "中国": 37, "电信": 1, "巨头": 1, "公司": 5, "之间": 3, "不再": 3, "接受": 3, "捐款": 6, "科研": 5, "音": 2, "网站": 5, "3日": 4, "称": 7, "显示": 2, "政府": 6, "诉讼": 2, "教育界": 1, "警惕": 1, "分析": 2, "人士": 1, "指出": 1, "渲染": 3, "5G": 18, "威胁": 5, "出于": 3, "军事": 5, "经济": 5, "实力": 2, "担忧": 5, "校报": 2, "上周": 1, "援引": 2, "校": 3, "负责": 1, "副校长": 1, "克莱默": 1, "2月": 1, "14日": 1, "发表": 1, "份": 2, "备忘录": 2, "明大": 6, "签订": 1, "研究": 3, "合同": 1, "批准": 1, "信息": 6, "交流": 4, "基金会": 1, "捐赠": 2, "资助": 1, "项目": 3, "上月": 1, "司法部": 1, "项": 2, "指控": 2, "发布": 5, "写道": 1, "引发": 2, "不同寻常": 2, "此前": 5, "事态": 1, "发展": 7, "关切": 3, "停止": 5, "审慎": 1, "举动": 3, "高校": 10, "采用": 5, "设备": 1, "科学": 1, "工程": 1, "学院": 7, "副院长": 1, "康斯坦茨": 2, "该校": 3, "严肃": 1, "网络": 13, "先进": 1, "感": 1, "兴趣": 1, "就此": 1, "初步": 1, "讨论": 2, "联合": 4, "成立": 2, "智能": 11, "存储": 1, "中心": 5, "会员": 1, "仅仅": 1, "众多": 2, "赞助方": 1, "无权": 1, "独家": 2, "成果": 1, "近期": 2, "学期": 1, "末": 1, "关闭": 2, "孔子": 4, "校方": 2, "解释": 1, "目标": 3, "当地": 5, "中小学": 1, "中文": 2, "教育": 4, "如今": 4, "教学": 1, "成熟": 1, "需求": 6, "发生": 1, "变化": 2, "相关": 5, "提到": 1, "去年": 1, "8月": 1, "国防": 4, "授权": 2, "法案": 1, "影响": 3, "官网": 1, "2009年": 1, "北京": 1, "设立": 1, "一个": 5, "海外": 2, "办公室": 1, "介绍": 3, "悠久": 1, "历史": 1, "中资": 1, "企业": 23, "文化": 3, "机构": 7, "外交": 3, "关系": 5, "研究所": 1, "教授": 1, "李海东": 1, "捐助": 1, "亚马逊": 1, "高科技": 3, "投资": 10, "好事": 1, "美": 6, "竞争": 2, "角度": 1, "李": 3, "海东": 1, "改进": 1, "水平": 3, "干扰": 2, "民众": 1, "生活": 1, "方式": 11, "意图": 1, "变得": 1, "复旦": 1, "研究院": 1, "院长": 1, "吴心伯": 1, "告诉": 1, "政治": 5, "拒绝": 1, "中企": 1, "导致": 2, "高等": 1, "分化": 1, "依赖": 1, "全球化": 4, "阶段": 2, "程度": 1, "涉及": 1, "美方": 1, "拉拢": 1, "盟友": 1, "打压": 3, "为首": 1, "全世界": 2, "国家": 27, "质疑": 2, "政客": 1, "最新": 3, "打击": 1, "动作": 2, "参议员": 1, "卢比奥": 1, "敦促": 1, "情报": 3, "总监": 1, "丹·科茨": 1, "报告": 1, "标准": 18, "制定": 13, "角色": 1, "情报界": 1, "列举": 1, "对手": 1, "试图": 1, "内": 1, "施加": 1, "主导": 1, "利益": 3, "通信业": 1, "专家": 1, "消费": 1, "联盟": 8, "理事长": 1, "立刚": 1, "很多": 6, "立项": 1, "处于": 1, "影响力": 3, "地位": 1, "这是": 5, "通信": 2, "用户": 6, "最多": 2, "难道": 1, "项立": 1, "刚": 1, "问道": 1, "因素": 1, "产业": 8, "能力": 2, "公开": 1, "开放": 4, "投票": 1, "商业": 2, "内幕": 1, "引述": 1, "调查局": 1, "官员": 3, "坎贝尔": 1, "代名词": 1, "毫无疑问": 1, "致力于": 3, "世界": 3, "领先": 2, "强国": 1, "红气球": 1, "首席": 1, "执行官": 1, "崔昂": 1, "观点": 1, "30年": 1, "互联网": 2, "提供": 10, "基础": 3, "设施": 1, "原本": 1, "完美": 1, "怀疑": 1, "操纵": 1, "无处不在": 5, "监控": 1, "机制": 1, "来源": 2, "近年来": 1, "势不可挡": 1, "前段": 1, "时间": 2, "成功": 1, "巴塞罗那": 1, "大会": 1, "mater": 1, "X首": 1, "折叠": 2, "屏": 1, "消费者": 9, "多么": 2, "强大": 1, "热议": 1, "话题": 1, "不少": 2, "西方": 1, "遭受": 1, "猛力": 1, "取代性": 1, "如同": 1, "曼联": 1, "英超": 1, "口号": 1, "重要性": 1, "近日": 1, "媒体": 2, "曝光": 2, "新机": 10, "资料": 3, "屏幕": 6, "设计": 10, "钻孔": 1, "屏曲面": 1, "地方": 2, "延续": 1, "该机": 9, "保留": 1, "窄": 1, "上下边框": 1, "COP": 1, "封装": 1, "提高": 2, "屏占比": 1, "屏占": 1, "高达": 2, "95%": 1, "尺寸": 1, "6.5": 1, "英寸": 1, "材质": 5, "Super": 1, "AMOLED": 1, "高清": 1, "显示屏": 1, "分辨率": 2, "4K": 2, "分辨": 1, "像素": 4, "2160": 1, "3840": 1, "支持": 3, "视频": 1, "拍摄": 8, "高宽比": 1, "19.5:9": 1, "比例": 3, "值": 1, "来势汹汹": 1, "前置": 6, "镜头": 15, "左上": 1, "角": 1, "位置": 1, "符合": 2, "喜爱": 2, "风格": 1, "置单": 1, "摄": 6, "3200万": 1, "搭载": 6, "AI": 2, "人工": 6, "HDR": 1, "动态": 1, "功能": 2, "OIS": 1, "光学": 1, "防抖": 1, "喜欢": 2, "自拍": 1, "拍上": 1, "美美": 1, "照片": 1, "强悍": 4, "后置": 8, "徕卡": 1, "三": 3, "议论": 1, "追捧": 1, "这部": 1, "摄徕卡": 1, "可想而知": 1, "颗": 1, "LED": 1, "闪光灯": 1, "类似于": 1, "长方形": 1, "格子": 1, "4600万": 2, "+": 8, "2400万": 1, "1400万": 1, "800万": 1, "600万": 1, "诸多": 1, "辅助": 1, "做出": 1, "改变": 3, "指纹": 3, "解锁": 11, "常见": 1, "实体": 1, "按键": 1, "人脸": 1, "识别": 2, "面部": 2, "前边": 1, "慢慢": 1, "淘汰": 1, "流行": 2, "屏下": 1, "科技感": 1, "机则": 1, "精心": 1, "机身": 1, "玻璃": 8, "知名": 1, "大牌": 1, "康宁": 2, "大猩猩": 3, "康宁所": 1, "生产": 1, "耐": 1, "刮划": 1, "抗摔": 1, "独特": 1, "手感": 1, "做工": 1, "简单": 1, "这次": 1, "续航": 1, "内置": 1, "一块": 1, "5000": 2, "毫安": 1, "石墨烯": 2, "电池": 2, "液冷": 1, "散热": 1, "55W": 1, "快充": 1, "无线": 1, "充电": 1, "印象": 1, "深刻": 1, "时代": 4, "拉开": 1, "序幕": 1, "全球": 2, "首款": 2, "正式": 1, "基站": 1, "核心": 1, "芯片": 4, "天罡": 1, "模": 1, "终端": 1, "巴龙": 1, "5G路": 1, "器C": 1, "PE": 1, "Pro": 1, "出自": 1, "手": 1, "骄傲": 2, "麒麟980": 1, "处理器": 1, "除此以外": 1, "配置": 1, "8GB": 1, "/": 3, "10GB": 1, "运行": 1, "内存": 1, "128GB": 1, "256GB": 1, "512GB": 1, "储存": 2, "空间": 2, "机势": 1, "挡": 1, "麒麟": 1, "980+5G": 1, "+石": 1, "墨烯": 1, "55": 1, "W": 1, "旗舰": 1, "亮剑": 1, "带领": 1, "之下": 1, "消费者们": 1, "迎来": 1, "期盼": 1, "有没有": 1, "感到": 1, "到来": 1, "申明": 1, "严禁": 1, "未经": 1, "转载": 1, "平台": 4, "侵权": 1, "必究": 1, "违规者": 1, "投诉": 1, "封号": 1, "为止": 1, "请": 1, "珍惜": 1, "账号": 1, "来源于": 1, "外媒": 1, "YouTube": 1, "随意": 1, "捏造": 1, "事实": 2, "科技": 1, "情报室": 1, "原创": 1, "作品": 1, "版权": 1, "分享": 1, "评论": 1, "收藏": 1, "转发": 1, "(": 2, "3月": 1, "4日": 1, ")": 2, "十三": 1, "届": 2, "全国": 5, "人大": 4, "会议": 1, "新闻": 1, "发布会": 1, "发言人": 1, "张业遂": 7, "面对": 1, "中外": 2, "提问": 1, "回应": 3, "中新社": 4, "侯宇": 4, "摄谈": 4, "——": 10, "冷战": 2, "旧": 2, "思维": 2, "背景": 3, "出路": 2, "应对": 1, "华盛顿": 1, "华": 1, "立场": 1, "政策": 4, "日趋": 1, "强硬": 1, "挑战": 1, "证明": 1, "斗则俱伤": 1, "国": 2, "差异": 1, "分歧": 1, "对立": 1, "对抗": 2, "深度": 1, "交织": 1, "冲突": 1, "谈": 2, "外商": 7, "投资法": 3, "我国": 3, "管理": 6, "体制": 4, "根本性": 2, "变革": 3, "常委会": 2, "审议": 4, "才": 1, "快": 1, "立法": 9, "速度": 1, "港澳台": 3, "制度": 4, "安排": 2, "草案": 6, "对外商": 1, "实行": 2, "准入": 1, "国民": 1, "待遇": 2, "加负面": 1, "清单": 3, "取消": 1, "逐案": 1, "审批制": 1, "模式": 2, "禁止": 1, "外国": 1, "投资者": 1, "领域": 6, "列出": 1, "享有": 1, "同等": 1, "法律": 6, "进一步": 3, "便利": 1, "营商": 1, "环境": 1, "国防费": 9, "增长": 3, "关键": 2, "增加": 3, "中方": 3, "外界": 1, "缺乏": 2, "透明度": 1, "背后": 1, "适度": 1, "维护": 4, "特色": 1, "占": 2, "国内": 3, "生产总值": 2, "1.3%": 1, "同期": 1, "发达": 1, "2%": 1, "始终": 1, "走": 1, "和平": 1, "道路": 1, "防御性": 1, "有限": 1, "主权": 1, "领土": 1, "完整": 1, "特定": 2, "产品": 4, "风险": 3, "公正": 2, "不道德": 2, "欧洲": 1, "担心": 1, "配合": 3, "情报法": 3, "组织": 7, "公民": 2, "加剧": 1, "机关": 1, "依法": 2, "协助": 1, "工作": 5, "义务": 2, "尊重": 1, "保障": 3, "人权": 1, "合法": 1, "权益": 1, "准确": 1, "解读": 1, "断章取义": 1, "一贯": 1, "鼓励": 1, "倡导": 1, "经营": 1, "遵守": 1, "法规": 2, "从来": 1, "违反": 2, "活动": 1, "说事": 1, "手段": 3, "干预": 1, "世贸": 1, "规则": 2, "公平": 1, "秩序": 1, "典型": 3, "双重": 1, "一带": 3, "一路": 3, "高度": 2, "重视": 2, "债务": 3, "可持续": 2, "强加": 2, "陷阱": 3, "倡议": 2, "透明性": 1, "可持续性": 1, "陷入": 1, "请问": 1, "看待": 1, "顺应": 1, "共赢": 2, "潮流": 1, "2019年": 8, "的确": 2, "重点": 4, "推进": 3, "修改": 5, "1": 1, "抓紧": 2, "深化": 2, "市场化": 1, "改革": 2, "急需": 1, "法外": 1, "土地管理法": 1, "专利法": 1, "证券法": 1, "资源": 1, "税法": 1, "加快": 1, "改善": 1, "民生": 1, "生态": 8, "文明": 1, "建设": 1, "包括": 2, "民法典": 1, "分编": 1, "医疗": 1, "卫生": 1, "健康": 1, "疫苗": 1, "管理法": 2, "药品": 1, "修正": 1, "长江": 1, "保护法": 1, "社会": 1, "治理": 1, "出口": 1, "管制法": 1, "数据": 2, "安全法": 2, "生物": 1, "防范": 1, "抵御": 1, "社区": 1, "矫正法": 1, "退役": 1, "军人": 1, "保障法": 1, "刑法": 1, "完善": 4, "人民": 2, "代表大会": 2, "组织法": 1, "议事": 1, "法官": 1, "检察官": 1, "修订": 1, "司法": 1, "政务处": 1, "分法": 1, "健全": 1, "监察": 1, "构建": 3, "品质": 10, "服务": 86, "一致性": 6, "体验": 8, "全新": 2, "定位": 4, "涵盖": 2, "关键词": 1, "基于": 1, "2019": 2, "营销": 1, "主题": 1, "EBG": 2, "中国区": 2, "副总裁": 2, "广解": 1, "读华": 1, "指": 1, "伙伴": 25, "共建": 1, "同盟": 1, "最终": 6, "极致": 1, "客户": 17, "可谓": 1, "相互": 1, "依存": 1, "相辅相成": 1, "演进": 2, "早": 1, "2011年": 1, "业务": 6, "初": 1, "体系": 4, "八": 1, "持续": 3, "耕耘": 1, "伙伴们": 1, "规模": 4, "收益": 2, "收入": 1, "5000万": 1, "元": 1, "1000万": 1, "超过": 5, "100": 2, "壮大": 1, "CSP": 3, "认证": 4, "超": 1, "2300": 1, "钻": 2, "百": 1, "占比": 1, "50%": 1, "CSSP": 2, "解决": 7, "方案": 5, "面向": 1, "行业": 7, "场景": 9, "50": 1, "繁荣": 1, "IT": 2, "今年初": 1, "举办": 2, "第十一": 1, "推动会": 1, "暨": 1, "年会": 1, "十大": 1, "领军": 1, "载体": 1, "支撑": 1, "落地": 2, "执行": 1, "李同广": 4, "坚定": 1, "推行": 1, "战略": 2, "提出": 3, "50多": 1, "数量": 1, "远远": 1, "尤其是": 1, "智慧": 2, "城市": 1, "园区": 1, "偏": 1, "翻倍": 1, "谈及": 1, "互补性": 1, "高速": 1, "人才": 2, "260": 1, "培养": 1, "学生": 2, "2万": 1, "ICT": 2, "走过": 1, "市": 2, "30": 1, "场": 1, "双选会": 1, "千": 1, "上万": 1, "名": 2, "学子": 1, "面对面": 1, "双选": 1, "机会": 1, "内容": 8, "质量": 12, "统一": 3, "定义": 2, "交付": 5, "单个": 1, "硬件": 2, "安装": 1, "运维": 2, "日常": 1, "巡检": 2, "更换": 1, "事件": 1, "变更": 1, "规范": 2, "针对": 2, "套": 2, "SLA": 1, "围绕": 1, "流程": 2, "节点": 1, "引入": 1, "检查": 1, "程序": 1, "过程": 1, "系统": 1, "保证": 1, "可管": 1, "可控": 1, "履行": 1, "定点": 1, "自查": 1, "抽样": 1, "调查": 1, "无所遁形": 1, "逐层": 1, "贯彻": 1, "员工": 1, "落实": 2, "感知": 2, "层面": 1, "一道": 1, "原有": 1, "加大": 1, "赋能": 1, "投入": 3, "专项": 2, "资金": 1, "专职": 1, "经理": 1, "养成": 1, "计划": 1, "以此": 1, "提升": 6, "佳": 2, "联接": 5, "省会": 1, "直辖市": 1, "存量": 1, "潜在": 1, "线上": 8, "线下": 7, "途径": 1, "便捷": 1, "快速": 1, "享受": 1, "全覆盖": 2, "区域": 2, "4000多": 1, "工程师": 2, "3万多": 1, "广阔": 2, "地市": 1, "延伸": 1, "接口": 1, "云和": 1, "客服": 2, "运营": 2, "效率": 3, "坐席": 1, "诊断": 1, "接入": 1, "热线": 1, "400-822-9999": 1, "APP": 1, "微信": 1, "公众号": 1, "紧密": 1, "覆盖": 5, "切入口": 1, "做好": 1, "协同": 2, "备件": 4, "设置": 1, "190": 1, "备件库": 3, "按需": 1, "全程": 1, "可视": 1, "受理": 2, "无缝": 1, "切换": 1, "作战": 1, "降低": 1, "成本": 3, "追求": 2, "源于": 1, "数字化": 1, "转型": 1, "前期": 1, "顶层": 1, "后期": 1, "生命": 1, "周期": 1, "王": 1, "来临": 1, "越来越": 1, "有章可循": 1, "118": 1, "上网": 1, "挖掘": 1, "予以": 1, "使用户": 1, "高效": 3, "意味着": 2, "探索": 1, "各类": 1, "海量": 1, "400多万": 1, "Top": 1, "80%": 1, "提炼": 1, "190多": 1, "储备": 3, "难题": 1, "做法": 1, "利用": 1, "大数据": 1, "调度": 1, "优": 1, "带来": 1, "价值": 1, "云增": 1}