{"5G": 42, "网络": 13, "竞赛": 1, "华为": 170, "特朗普": 4, "美国": 30, "质疑": 2, "运营商": 7, "禁止": 6, "设备": 11, "拉帮结派": 1, "全球": 25, "媒体": 5, "会前": 1, "呼吁": 1, "国家": 6, "漏洞": 1, "后门": 1, "究竟": 1, "至少": 1, "找到": 1, "证据": 1, "证明": 2, "反而": 1, "德国": 2, "电信": 3, "测试": 2, "印度": 11, "报道": 1, "终于": 1, "参与": 4, "部署": 6, "试验": 4, "绿灯": 1, "部长": 1, "拉维·尚卡尔·普拉萨德": 1, "Ravi": 1, "Shankar": 1, "Prasad": 1, "活动": 2, "证实": 1, "更新": 1, "确认": 1, "确实": 2, "技术": 16, "启动": 6, "发挥": 3, "作用": 2, "进一步": 8, "重要性": 1, "致力": 1, "为止": 1, "对此": 1, "发表": 3, "正式": 5, "评论": 1, "低调": 1, "一贯": 1, "作风": 3, "怀疑": 1, "有关于": 1, "因素": 1, "近来": 1, "为首": 1, "都": 12, "施加": 1, "抵制": 1, "引发": 1, "系列": 6, "反击": 1, "期间": 2, "澳大利亚": 2, "新西兰": 2, "运营": 8, "随后": 2, "政府": 12, "联邦": 1, "基础": 7, "设施": 4, "正是": 3, "争执": 1, "才": 5, "列入": 5, "实体名单": 2, "公司": 38, "贸易": 3, "来往": 1, "导致": 3, "Google": 2, "Android": 2, "生态": 12, "系统": 8, "推出": 8, "HarmonyOS": 1, "Huawei": 1, "Mobile": 1, "Services": 2, "Play": 1, "竞争": 2, "此后": 1, "敦促": 1, "盟友": 1, "用于": 1, "法国": 1, "批准": 1, "过程": 1, "提供商": 1, "爱立信": 1, "诺基亚": 1, "迎合": 1, "领先": 4, "Reliance": 1, "Jio": 1, "Bharti": 1, "Airtel": 1, "Vodafone": 1, "Idea": 1, "消费者": 15, "提供": 1, "连接": 1, "预计": 9, "全国": 2, "内": 1, "推动": 5, "智慧": 6, "城市": 2, "互联": 3, "发展": 26, "2020年": 29, "初": 4, "频谱": 3, "拍卖": 2, "下半年": 3, "2019年": 23, "本身": 1, "巨额": 1, "债务": 1, "积累": 2, "高价": 1, "高昂": 2, "定价": 1, "推迟": 1, "2021年": 1, "本质": 1, "4G": 3, "扩展": 1, "轮值": 6, "董事长": 7, "徐": 6, "直军": 6, "钛": 2, "快讯": 1, "|": 1, "12月": 7, "31日": 5, "消息": 1, "：": 25, "今日": 1, "发布": 7, "新年": 17, "致辞": 9, "指出": 1, "极其": 3, "平凡": 3, "打压": 7, "之下": 3, "全体": 4, "华为人": 2, "迎难而上共克": 1, "时艰": 3, "全年": 6, "销售": 11, "收入": 6, "超过": 13, "8500亿": 4, "人民币": 2, "同比": 9, "增长": 36, "18%": 5, "年初": 3, "预期": 4, "整体": 7, "经营": 11, "稳健": 7, "经受": 3, "住": 4, "考验": 3, "首次": 6, "计算": 7, "产业": 19, "战略": 13, "快": 5, "昇腾": 10, "910": 3, "AI": 5, "处理器": 8, "AI集群": 3, "训练": 3, "服务": 9, "；": 23, "智能": 18, "手机": 14, "业务": 40, "发货量": 3, "2.4亿": 4, "台": 4, "PC": 4, "、": 137, "平板": 2, "穿戴": 2, "智慧屏": 2, "中心": 9, "场景": 5, "布局": 5, "完善": 4, "全力": 4, "打造": 16, "HMS": 6, "支持": 13, "海外": 6, "基于": 9, "鲲鹏": 7, "产品": 19, "一个": 8, "方向": 6, "艰难": 3, "处于": 3, "实体": 7, "清单": 7, "上半年": 2, "快速": 3, "市场": 13, "惯性": 2, "奋斗": 4, "唯一": 2, "依赖": 2, "客户": 18, "伙伴": 8, "信任": 4, "生存": 14, "第一": 5, "优先": 3, "奋斗者": 2, "持续": 15, "创造": 6, "价值": 7, "重点": 5, "做好": 4, "提": 4, "能力": 25, "优": 4, "组织": 17, "控": 4, "风险": 11, "建立": 9, "推行": 3, "增加": 6, "土地": 6, "肥力": 5, "机制": 7, "推进": 7, "企业": 16, "围绕": 6, "数据": 5, "通信": 5, "存储": 4, "生活": 3, "精品": 3, "多年": 4, "努力": 6, "粮食": 2, "构建": 7, "云及": 2, "落实": 6, "五": 4, "20亿": 4, "美元": 4, "投入": 7, "优化": 7, "任职": 2, "标准": 2, "提升": 26, "考核": 2, "提高": 2, "专家": 7, "一线": 6, "责任": 8, "职级": 2, "权力": 2, "鼓励": 4, "员工": 18, "英勇": 3, "高度": 2, "优秀": 5, "奔": 1, "将军": 2, "前线": 2, "办公室": 2, "面向": 2, "未来": 11, "供应链": 4, "拥抱": 4, "全球化": 8, "包括": 3, "产业链": 6, "竞争力": 6, "还要": 2, "向下": 2, "扎": 2, "连续": 2, "供应": 8, "向上": 2, "捅破天": 2, "理论": 2, "突破": 5, "发明": 2, "开创性": 2, "商业": 5, "模式": 2, "软件": 4, "工程": 3, "可信": 2, "质量": 6, "解决": 4, "方案": 9, "三": 4, "干部": 22, "队伍": 20, "10%": 8, "淘汰率": 4, "作战": 8, "队形": 2, "序列": 2, "激发": 6, "活力": 4, "变革": 6, "目的": 2, "增强": 2, "官僚主义": 2, "主战": 2, "改善": 4, "支援": 2, "机构": 2, "合并": 3, "裁减": 2, "人员": 4, "转行": 2, "聚焦": 15, "航道": 4, "ICT": 3, "目标": 6, "成功": 5, "节奏": 2, "合同": 3, "代表处": 7, "审结": 2, "自主": 4, "决策": 2, "赋予": 2, "决策权": 2, "研发": 9, "流动": 2, "新陈代谢": 2, "强化": 5, "本地": 7, "人才": 5, "建设": 8, "当地": 6, "中流砥柱": 2, "铁打": 2, "营盘": 2, "树立": 2, "正确": 2, "导向": 6, "铲除": 2, "平庸": 6, "祛除": 4, "惰怠": 4, "激活": 2, "AT": 12, "改进": 3, "运作": 4, "主任": 2, "安于": 2, "管理": 7, "团队": 4, "成员": 2, "换掉": 2, "选拔": 4, "激励": 4, "传承": 2, "价值观": 2, "高级": 2, "设计": 5, "人生": 3, "时刻": 2, "听从": 2, "召唤": 2, "大局": 2, "为重": 2, "火线": 4, "战壕": 4, "地方": 3, "艰苦": 2, "区域": 4, "常态化": 2, "能上能下": 2, "大胆": 3, "提拔": 4, "穿越": 2, "历史": 6, "栽树": 2, "贡献": 5, "关键": 5, "岗位": 6, "做出": 5, "加快": 3, "淘汰": 5, "不思进取": 2, "混": 2, "关系": 4, "报告": 2, "坐": 2, "挖": 3, "坑": 2, "撤": 2, "主动": 3, "规划": 5, "梯队化": 2, "支": 2, "过硬": 2, "胜仗": 2, "充满": 4, "激情": 2, "水准": 3, "专业": 7, "四": 2, "遏制": 3, "战略性": 3, "长期": 5, "确保": 5, "连续性": 6, "隐私": 4, "保护": 4, "遵守": 4, "法律": 10, "法规": 6, "多元化": 2, "保障": 2, "生死存亡": 2, "时间": 4, "赛跑": 2, "抱有": 2, "幻想": 2, "地区": 2, "设置": 2, "角色": 2, "底线": 2, "思维": 2, "应对": 7, "预案": 2, "弹性": 2, "配置": 3, "资源": 4, "敏捷": 2, "不确定性": 2, "管理层": 2, "秉持": 2, "合规": 4, "基调": 3, "基石": 2, "遵从": 2, "来讲": 2, "很": 2, "自我": 2, "强身健体": 2, "机会": 3, "团结": 4, "战斗力": 2, "挑战": 5, "编辑": 1, "曹": 1, "天鹏": 1, "整理": 1, "全文": 1, "谋": 5, "砥砺": 3, "奋进": 3, "——": 1, "不经": 1, "一番": 1, "寒彻骨": 1, "梅花扑": 1, "鼻香": 1, "迎难而上": 1, "共克": 1, "引领": 3, "商用": 10, "进程": 1, "助力": 2, "数字化": 8, "转型": 5, "底座": 1, "700多": 1, "世界": 5, "500": 1, "228": 1, "选择": 2, "奇迹": 2, "成绩": 9, "来之不易": 3, "值": 1, "到来之际": 1, "谨": 1, "代表": 1, "董事会": 1, "感谢": 4, "合作": 3, "！": 19, "亿万": 1, "荣耀": 1, "品牌": 3, "厚爱": 1, "辛勤": 1, "工作": 4, "家属": 2, "奉献": 1, "奋战": 1, "补洞": 1, "坚信": 1, "三十": 1, "人类": 1, "社会": 5, "走进": 1, "数字": 4, "重塑": 1, "所有人": 1, "从中": 1, "受益": 1, "包容": 1, "云计算": 1, "区块链": 1, "成熟": 1, "行业": 5, "发展期": 2, "潜力": 2, "外部": 2, "环境": 8, "趋": 1, "经济": 1, "下行": 1, "压力": 3, "加大": 1, "逆境": 1, "延伸": 1, "各行各业": 1, "带入": 1, "辆": 1, "车": 2, "家庭": 1, "万物": 2, "抓住": 3, "大势": 1, "化危为机": 1, "深耕": 1, "机遇": 4, "营商": 3, "带来": 4, "变化": 1, "用户": 3, "体验": 2, "单元": 1, "交付": 1, "效率": 4, "实质": 1, "预算": 2, "执行": 1, "手段": 1, "终端": 9, "必要条件": 2, "创新": 8, "吸引": 1, "尽可能": 1, "运行": 2, "要素": 3, "超越": 4, "传统": 2, "营销": 1, "声誉": 1, "全员": 1, "专业化": 1, "补齐": 1, "形势": 1, "斗志": 1, "坚强": 2, "意志": 1, "期望": 1, "阶段": 3, "追求": 1, "差距": 3, "担": 1, "主官": 1, "领导力": 1, "洞察力": 2, "综合": 1, "主管": 1, "领域": 9, "所在": 1, "无畏": 1, "奔向": 1, "维度": 1, "专业性": 1, "稳定": 1, "夯实": 1, "基座": 1, "困难": 1, "从来": 1, "胜利": 1, "前奏": 1, "磨刀石": 1, "狭路相逢勇者胜": 1, "扎扎实实": 1, "艰难困苦": 1, "阻挡": 1, "步伐": 1, "千磨": 1, "万击": 1, "坚劲": 1, "任尔": 1, "东西南北风": 1, "祝": 1, "快乐": 2, "都会": 3, "称赞": 1, "有加": 1, "实力": 1, "文化": 11, "国内": 6, "知名度": 1, "排": 1, "前列": 1, "一家": 2, "科技": 21, "出手": 1, "毕竟": 3, "千亿": 2, "傲人": 1, "情理": 1, "之中": 2, "事情": 1, "想必": 4, "很多": 5, "佩服": 1, "不少": 3, "称之为": 2, "狼性": 7, "当初": 1, "任正非": 3, "创立": 1, "具备": 1, "狼": 2, "精神": 4, "标志": 1, "简单": 1, "拥有": 3, "敏锐": 1, "嗅觉": 1, "事物": 1, "发生": 5, "就要": 1, "准确": 1, "判断": 1, "灵敏": 1, "加上": 1, "强悍": 1, "执行力": 1, "优胜劣汰": 1, "摆脱": 1, "困境": 1, "走出": 2, "阴影": 1, "著名": 1, "一大": 1, "如今": 3, "结束": 1, "明年": 6, "展望": 3, "展示": 1, "强势": 1, "董事": 1, "备忘录": 1, "高达": 2, "高层": 1, "管理者": 3, "当中": 4, "表现": 9, "差": 1, "部门": 1, "裁掉": 1, "或者是": 1, "将来": 1, "遭殃": 1, "种种": 2, "情况": 3, "危机": 1, "高端": 2, "拿出": 1, "状态": 1, "意外": 1, "手下": 1, "无奈": 1, "支撑": 1, "走到": 1, "第二": 1, "厂商": 3, "苹果": 5, "走": 2, "三星": 4, "身后": 1, "第三": 1, "季度": 1, "出货量": 2, "28%": 1, "缩短": 1, "之间": 2, "干扰": 1, "缩小": 1, "持平": 1, "度过": 1, "显得": 1, "尤为": 1, "计划": 2, "高管": 1, "原因": 1, "等待": 1, "鼓足": 1, "十二分": 1, "勇气": 1, "面对": 2, "挫折": 3, "顺利": 1, "曲折": 1, "纷纷": 1, "影响": 2, "某种": 1, "程度": 1, "束缚": 1, "期待": 1, "再接再厉": 1, "眼中": 1, "希望": 1, "骄傲": 1, "国产": 2, "追赶": 1, "看好": 1, "近日": 1, "外媒": 1, "再次": 2, "曝光": 1, "P40": 4, "渲染": 1, "图片": 1, "外观": 1, "采用": 1, "孔屏": 1, "后置": 3, "矩形": 1, "镜头": 5, "模组": 1, "爆料": 1, "P30": 21, "黯然失色": 1, "第三方": 1, "平台": 2, "降价": 1, "昔日": 1, "4288": 1, "元": 11, "8GB": 2, "+": 4, "128GB": 1, "版本": 1, "900": 1, "降幅": 1, "入手价": 1, "3388": 1, "可谓": 1, "最低": 1, "价格": 1, "笔者": 3, "提前": 1, "清仓": 1, "让路": 1, "搭载": 1, "海思": 4, "麒麟": 1, "980": 1, "芯片": 10, "内存": 1, "起步": 1, "安兔兔": 1, "跑分": 2, "28万": 1, "中端": 1, "不错": 5, "性能": 5, "款": 4, "旗舰机": 1, "同等": 2, "价位": 3, "机型": 4, "相比": 2, "落后": 1, "注重": 1, "性价比": 1, "优势": 1, "一点": 5, "劣势": 1, "钥匙": 1, "功能": 3, "使用性": 1, "此项": 1, "远程": 1, "打开": 1, "车门": 1, "发动": 1, "汽车": 1, "引擎": 1, "锁车": 1, "便携": 1, "出行": 1, "操作": 3, "不得不": 1, "便利": 1, "拍照": 7, "算": 2, "4000万": 1, "像素": 2, "摄": 1, "组合": 2, "变焦": 1, "加持": 2, "可圈可点": 1, "DXO": 1, "榜单": 1, "116": 1, "评分": 1, "优异": 2, "效果": 3, "前置": 2, "自拍": 2, "3200万": 1, "美颜": 1, "算法": 1, "稍": 1, "依然": 2, "需求": 2, "喜欢": 1, "3000": 1, "入手": 1, "看重": 1, "文": 1, "/": 1, "柠檬": 1, "辞": 1, "旧": 1, "新时": 1, "钟声": 2, "渐行渐近": 1, "借此机遇": 1, "2019": 1, "2020": 4, "高瞻远瞩": 1, "明星": 2, "增多": 1, "透过": 1, "掌门人": 1, "贺词": 3, "关键词": 2, "亦": 1, "浮出": 1, "水面": 1, "销售额": 1, "增": 1, "出货": 2, "早8点46分": 1, "官方": 1, "公众号": 1, "刊发": 2, "主题": 5, "徐直军": 3, "鸿蒙": 2, "查": 1, "2018年": 3, "刚": 1, "2亿": 1, "8月": 1, "拟": 1, "定调": 1, "体现": 2, "值得": 2, "中兴": 5, "通讯": 6, "业绩": 5, "稳步": 3, "把握": 3, "众": 1, "早": 2, "30日": 1, "新鲜": 1, "出炉": 2, "李": 6, "自学": 3, "凝心": 1, "聚力": 1, "迈向": 1, "征程": 1, "主业": 2, "稳居": 1, "阵营": 1, "恢复": 2, "期": 1, "达成": 2, "强度": 1, "核心": 5, "规模": 3, "分布式": 1, "数据库": 1, "大型": 1, "银行": 1, "上线": 1, "自研": 1, "龙头": 4, "革命": 1, "方兴未艾": 1, "错综复杂": 1, "历史性": 1, "并存": 1, "路线": 1, "如期": 1, "迈入": 1, "落地": 1, "份额": 2, "政企": 1, "汇顶": 9, "屏下": 5, "光学": 6, "指纹": 7, "破百": 2, "大热": 1, "背景": 2, "无疑": 1, "A股": 1, "上午": 1, "10：30": 1, "官微": 2, "CEO": 1, "张帆": 5, "蓄势": 1, "奋发": 1, "矢志": 1, "拓宽": 1, "PS": 1, "小编": 1, "内部": 2, "亲自": 1, "撰写": 1, "18": 1, "2019年底": 2, "累计": 2, "触控": 5, "AMOLED": 1, "OPPO": 1, "vivo": 1, "小米": 1, "主流": 1, "中高端": 1, "旗舰": 1, "30": 2, "超": 1, "千万": 2, "颗": 1, "打入": 1, "HP": 1, "联想": 1, "截至": 2, "申请": 1, "授权": 1, "国际": 4, "专利": 2, "总数": 1, "3900": 1, "件": 2, "六": 1, "复合": 2, "增长率": 1, "70%": 1, "相关": 1, "接近": 1, "1000": 1, "迎来": 1, "大规模": 2, "近在眼前": 1, "超薄": 1, "LCD": 1, "量产": 2, "新型": 1, "软性": 1, "OLED": 1, "显示屏": 1, "新一代": 1, "On": 1, "Cell": 1, "适时": 2, "ToF": 1, "IoT": 2, "物联网": 1, "适用于": 1, "研究": 1, "开发": 1, "见得": 1, "国际化": 1, "贯穿": 1, "透露": 1, "深圳": 1, "总部": 1, "大楼": 2, "项目": 2, "招标": 1, "成都": 2, "入驻": 1, "NXP": 1, "VAS": 1, "并购": 1, "整合": 1, "业界": 1, "顶尖": 1, "力量": 2, "开拓": 2, "中集": 7, "集团": 14, "带动": 1, "中心箱": 2, "暴增": 1, "集装箱": 3, "备受": 1, "瞩目": 1, "证券": 2, "时报·e": 1, "记者": 1, "最新": 2, "未": 1, "敲响": 1, "总裁": 2, "麦伯良": 2, "抢先": 1, "献词": 1, "有质": 2, "新时代": 2, "摩擦": 1, "经贸": 1, "呈": 1, "下降": 2, "态势": 1, "中国": 4, "外贸": 1, "出口": 1, "增速": 2, "严峻": 1, "依托": 1, "升级": 2, "板块": 2, "亮点": 1, "频出": 1, "特箱": 1, "增量": 1, "高速": 2, "三年": 1, "34%": 1, "时代": 3, "扑面而来": 1, "爆发式": 1, "3亿": 1, "模块化": 1, "建筑": 1, "深度": 2, "全价": 1, "值链": 1, "覆盖": 1, "清洁": 1, "能源": 1, "安瑞科": 1, "氢能": 1, "供气": 1, "台套": 1, "订单": 4, "空港": 2, "中标": 3, "天府": 1, "机场": 3, "登机桥": 1, "飞机": 1, "空调": 1, "5.185亿": 1, "单一": 1, "3.6亿": 1, "国有": 1, "行李": 2, "集成商": 1, "深圳市": 1, "公交车": 1, "首末站": 1, "年度": 1, "结构": 2, "着力": 1, "盈利": 1, "水平": 1, "投资": 3, "回报": 1, "人均": 1, "新兴": 1, "招商局": 7, "净利润": 3, "1200亿": 2, "16%": 2, "下午": 1, "党委": 1, "书记": 1, "李建红": 1, "结伴": 1, "同行": 1, "着色": 1, "添彩": 1, "资料": 1, "显示": 2, "资产": 2, "8万亿": 1, "利润": 2, "总额": 2, "央企": 1, "均": 3, "排名": 1, "建红": 1, "稳": 1, "字": 1, "当头": 1, "提质": 2, "增效": 2, "营业": 1, "7000亿": 1, "增幅": 3, "逾": 3, "1600亿": 1, "12%": 1, "指标": 1, "高位": 1, "会议": 1, "前海": 1, "整备": 1, "储备": 1, "蓄势待发": 1, "寿险": 1, "广东": 1, "江苏": 1, "应变": 1, "稳中求进": 1, "难点": 1, "消除": 1, "盲点": 1, "培育": 1, "增长点": 1, "一手": 2, "抓": 2, "市场化": 1, "双核": 1, "驱动": 1, "深化": 1, "国企": 1, "改革": 1, "互联网": 2, "加速": 1, "融合": 1, "时报": 1, "旗下": 1, "专注": 1, "上市": 1, "新媒体": 1, "世事": 1, "场": 1, "梦": 1, "几度": 1, "春秋": 1, "心声": 1, "社区": 1, "印象": 1, "深刻": 1, "三季度": 1, "营收": 1, "6108亿": 1, "强劲": 1, "24.4%": 1, "四季度": 1, "较为": 1, "下滑": 1, "此前": 1, "接受": 1, "采访": 1, "幅度": 2, "太": 1, "十月份": 1, "17%": 1, "估计": 3, "最低点": 1, "也许": 1, "爆发": 2, "年代": 1, "享受": 2, "成长": 1, "不料": 1, "经历": 2, "苦难": 2, "仅仅": 3, "神": 1, "即将": 1, "算是": 2, "抗住": 1, "最为": 2, "猛烈": 1, "频频": 1, "保留": 1, "高科技": 3, "火种": 1, "回味": 1, "铭记": 1, "20192018年": 1, "CFO": 1, "孟晚舟": 5, "加拿大": 2, "无端": 1, "扣押": 1, "揭开": 1, "有意": 1, "序幕": 1, "整整": 1, "软禁": 1, "手上": 1, "筹码": 1, "10月": 1, "25日": 1, "75": 1, "岁": 1, "生日": 2, "朋友圈": 1, "发文": 1, "祝贺": 1, "父亲": 1, "父爱": 3, "高山": 1, "巍峨": 1, "绵延": 1, "......": 4, "天空": 1, "深远": 1, "宽厚": 1, "大海": 1, "永恒": 1, "深邃": 1, "偶尔": 1, "咆哮": 1, "配上": 1, "封": 1, "信中": 2, "提到": 2, "女儿": 1, "陪": 1, "身边": 1, "请": 1, "欠": 1, "回来": 1, "慢慢": 1, "带": 1, "电子": 1, "镣铐": 1, "终究": 1, "5月": 2, "16日": 1, "伟创力": 1, "英特尔": 1, "谷歌": 1, "高通": 1, "巨头": 1, "禁令": 1, "封锁": 1, "基本上": 1, "元件": 1, "断供": 1, "英国": 1, "日本": 1, "围剿": 1, "为由": 1, "拒绝": 1, "本国": 1, "明明": 1, "挑起": 1, "封杀": 1, "化为": 2, "休克": 1, "一己之力": 1, "顶住": 2, "国人": 1, "为之动容": 1, "振奋": 1, "17日": 1, "凌晨": 1, "2点": 1, "何庭波": 1, "邮件": 2, "发致": 1, "极限": 1, "假设": 2, "先进": 1, "永远": 1, "科技史": 1, "悲壮": 2, "长征": 1, "备胎": 3, "超级大国": 1, "毫无": 1, "依据": 1, "条件": 1, "放入": 1, "夜": 2, "‘": 1, "’": 1, "!": 1, "10年": 7, "转正": 1, "何等": 1, "民企": 1, "未雨绸缪": 1, "扛起": 1, "大旗": 1, "美": 1, "最前沿": 1, "对外": 1, "251": 2, "事件": 2, "那段": 1, "全网": 1, "压倒性": 1, "批评": 1, "讽刺": 1, "文章": 2, "铺天盖地": 1, "势": 1, "打到": 1, "留给": 1, "舆论": 1, "绑架": 1, "耍流氓": 1, "武器": 1, "回": 1, "老家": 1, "丢": 1, "听": 1, "人民": 1, "冲在": 1, "最前线": 1, "承受": 1, "险恶": 1, "用心": 1, "递": 1, "刀子": 1, "3日": 1, "发酵": 1, "SDN": 1, "名单": 1, "接入": 1, "金融": 1, "这是": 1, "核": 1, "打击": 1, "级别": 2, "制裁": 2, "实施": 1, "重创": 1, "暂时": 1, "背后": 1, "这话": 1, "没错": 1, "崛起": 4, "红利": 5, "4月": 1, "写": 1, "篇": 1, "提及": 1, "挑选": 1, "内容": 1, "放": 1, "纵观": 1, "上中下游": 1, "身影": 1, "3G": 1, "PP": 1, "20%": 1, "话语权": 1, "相当于": 1, "上层": 1, "控制": 1, "芯片商": 1, "各类": 1, "给力": 1, "设备商": 1, "早已": 1, "老大": 1, "突围": 1, "重重包围": 1, "浪潮": 1, "发力": 1, "家居": 1, "VR": 1, "车联网": 1, "拿下": 1, "蛋糕": 1, "链接": 1, "10亿": 1, "上百亿": 1, "量级": 1, "吃下": 1, "6": 1, "倍": 7, "超级": 1, "巨擘": 1, "猜想": 1, "成就": 1, "远远": 1, "故事": 1, "歌尔": 1, "股份": 4, "主营": 5, "声学": 1, "原件": 1, "2008年": 2, "股价": 9, "涨幅": 6, "85": 1, "德赛": 1, "电池": 2, "73": 1, "立讯": 2, "精密": 3, "2010年": 1, "14.5": 1, "大族": 1, "激光": 2, "加工": 1, "2012年": 1, "8": 1, "区间": 2, "10": 2, "信维": 1, "天线": 1, "2013年": 1, "5": 2, "Wind": 1, "概念": 1, "指数": 2, "8841007": 1, "上涨": 4, "50%": 1, "追踪": 1, "135": 1, "概念股": 1, "个股": 1, "卓胜微": 1, "诚迈": 1, "韦尔": 1, "圣邦": 1, "北京君": 1, "位列": 1, "名": 1, "709.6%": 1, "477.75%": 1, "389.56%": 1, "380%": 1, "378%": 1, "闻": 1, "泰": 1, "兆": 1, "沪电": 1, "长电": 1, "150%": 1, "供应商": 1, "盛景": 1, "真的": 1, "科技股": 1, "寻找": 1, "尾声": 1, "空话": 1, "身上": 1, "淋漓尽致": 1, "处境": 1, "更为": 1, "给予": 1, "力所能及": 1, "人工": 1, "前沿": 1, "无从谈起": 1, "泡影": 1, "想": 1, "只争朝夕": 1, "负": 1, "韶华": 1, "攻克": 1}