{"众所周知": 1, "中国": 6, "世界": 3, "第一": 7, "智能": 16, "手机": 81, "大国": 1, "全球": 13, "市场": 9, "份额": 1, "国产": 18, "占到": 1, "六成": 1, "五": 1, "厂商": 20, "我国": 3, "独占其三": 1, "事实上": 1, "产业": 2, "现状": 1, "核心": 11, "元器件": 3, "技术": 22, "都": 20, "依赖": 5, "进口": 1, "绝大多数": 1, "芯片": 59, "高通": 10, "屏幕": 8, "三星": 9, "系统": 40, "谷歌": 13, "安卓": 13, "！": 10, "众多": 2, "华为": 143, "一个": 14, "例外": 1, "这家": 1, "电信": 1, "业务": 7, "起家": 1, "企业": 2, "成立": 1, "初": 1, "重视": 2, "研发": 8, "实力": 3, "雄厚": 1, "刚": 1, "领域": 5, "拿出": 1, "麒麟": 21, "系列": 33, "硬件": 12, "科技": 7, "基本上": 2, "摆脱": 1, "前日": 1, "德国": 2, "IF": 2, "A": 2, "电子": 1, "展会": 1, "正式": 9, "发布": 27, "业界": 6, "首款": 8, "集成": 9, "5g基带": 1, "9905gsoc": 1, "旗舰": 6, "5G": 70, "SoC": 10, "综合": 2, "能力": 6, "最为": 2, "强大": 6, "依然": 3, "美国": 5, "上游": 5, "卡脖子": 1, "搭载": 23, "麒麟990": 9, "mate": 1, "30": 10, "在即": 1, "mate30": 1, "服务": 8, "断供会": 1, "海外": 3, "带来": 9, "影响": 4, "幸亏": 1, "早": 1, "8月份": 2, "开发者": 3, "大会": 2, "自主": 3, "鸿蒙": 22, "这是": 4, "款": 24, "先进": 2, "基于": 6, "微核心": 1, "分布式": 2, "操作": 4, "支持": 21, "平台": 2, "智慧": 2, "屏": 3, "产品": 17, "发布会": 19, "余承东": 9, "称": 13, "特性": 1, "端": 1, "迁移": 2, "轻易": 1, "软件": 7, "生态": 15, "建设": 3, "才": 5, "刚刚": 4, "起步": 1, "很": 5, "成熟": 3, "发展": 1, "十多": 1, "差距": 1, "合作": 8, "关系": 1, "坚定": 1, "优先": 2, "近期": 3, "用于": 1, "计划": 2, "爱好者": 1, "失望": 1, "不已": 1, "断供": 2, "别无选择": 1, "箭在弦上": 1, "不得不": 1, "发": 2, "990": 17, "过后": 1, "媒体": 3, "沟通": 2, "会上": 2, "谈及": 1, "就绪": 1, "表现": 6, "透露": 4, "明年": 6, "3月": 4, "华为p40": 2, "外界": 1, "好说": 1, "大话": 1, "吹": 1, "牛": 2, "带有": 1, "时间": 15, "靠谱": 1, "丝毫": 1, "差": 1, "意味着": 1, "全新华": 1, "40": 2, "诞生": 1, "载": 1, "意义": 2, "这部": 1, "采用": 31, "、": 95, "京东方": 2, "屏下": 2, "摄像头": 11, "设计": 16, "进一步": 1, "提升": 12, "屏占比": 1, "横空出世": 1, "标志": 1, "全新": 5, "时代": 10, "动辄": 1, "产业链": 4, "制裁": 1, "情况": 3, "一去不复返": 1, "P30": 8, "EMUI": 7, "10": 10, "内测": 5, "推送": 3, "公布": 9, "30余": 1, "机型": 7, "升级": 11, "时间线": 1, "；": 11, "MateX": 1, "下月": 2, "发售": 5, "……": 2, "①": 1, "内": 3, "测版": 1, "适配": 1, "9月": 11, "5日": 1, "官方": 8, "开启": 1, "P30/P30": 1, "Pro": 35, "EMUI10": 5, "招募": 1, "活动": 1, "7日": 1, "报名": 1, "入选": 1, "成功": 1, "用户": 8, "名单": 2, "8日": 1, "版本": 7, "批次": 1, "收到": 1, "更新": 3, "IFA2019": 1, "Mate": 22, "20/20": 2, "Pro/20": 1, "RS/20X": 1, "4G": 4, "荣耀": 14, "Pro/V20": 1, "12月": 1, "Lite": 1, "P20": 2, "Mate10": 1, "2020年": 4, "Q2": 2, "②": 1, "Watch": 6, "GT": 6, "19日": 4, "麒麟A": 5, "1": 9, "近日": 1, "放出": 3, "段": 3, "宣传": 1, "视频": 13, "2手表": 2, "轮廓": 1, "外观": 4, "日期": 1, "此前": 1, "爆料": 2, "达人": 1, "曝光": 6, "新品": 8, "拥有": 6, "电池": 9, "扬声器": 1, "麦克风": 1, "Winfuture": 1, "边框": 1, "窄": 1, "薄": 1, "显示": 4, "区域": 2, "慕尼黑": 2, "③": 1, "FreeBuds": 5, "3": 8, "无线": 8, "耳机": 6, "：": 30, "主动": 3, "降噪": 3, "推出": 11, "骨声纹": 1, "通话": 1, "蓝牙": 2, "5.1": 1, "性能": 17, "指标": 1, "AirPods": 2, "30%": 2, "功耗": 6, "降低": 7, "50%": 2, "封装": 2, "尺寸": 3, "H1": 1, "95%": 2, "A1": 1, "协议": 1, "BT-UHD": 1, "运行": 3, "10.0": 1, "新华": 1, "设备": 9, "标准": 2, "连接": 2, "高达": 5, "2.3": 1, "Mbps": 1, "数据": 6, "传输": 1, "速率": 5, "参考": 1, "LDAC": 1, "编解": 1, "码器": 1, "提供": 5, "990kbps": 1, "开放式": 1, "消除": 1, "环境": 1, "噪声": 1, "④": 1, "钱包": 3, "上线": 2, "江苏": 4, "交通": 4, "一卡通·扬州": 4, "扬州": 2, "公交": 4, "8折": 2, "南京": 2, "镇江": 2, "9折": 2, "公交卡": 1, "阵容": 1, "扩充": 1, "卡片": 1, "乘坐": 2, "市内": 1, "小时": 8, "免费": 1, "换乘": 1, "地铁": 1, "95折": 1, "限额": 1, "元": 11, "开卡": 1, "大陆": 2, "发货": 1, "渠道": 1, "购买": 2, "即可": 1, "开通": 1, "P10": 1, "RS": 1, "9": 3, "nova": 2, "2s": 1, "5": 7, "PRO": 1, "/": 3, "8": 2, "均": 5, "含": 1, "青春版": 1, "荣": 1, "耀v": 1, "V10": 1, "V9": 1, "V8": 1, "全网通": 2, "Magic": 1, "Note": 1, "⑤": 1, "X": 8, "或许": 2, "TechRadar": 1, "报道": 1, "处理器": 27, "麒麟980": 6, "希望": 2, "外媒": 3, "消息": 3, "属实": 1, "4G版": 1, "细节": 1, "调整": 1, "更改": 1, "背面": 3, "展开": 1, "按钮": 1, "材料": 1, "消费者": 8, "CEO": 2, "一开始": 2, "想": 2, "上个月": 1, "2019年": 11, "8月": 1, "推迟": 1, "也许": 1, "除此以外": 1, "大规模": 1, "生产": 2, "项": 2, "挑战": 4, "零部件": 1, "本身": 2, "价格": 5, "很多": 1, "因素": 2, "⑥": 1, "52403": 1, "AI": 6, "跑分": 8, "登顶A": 2, "I": 2, "Benchmark": 4, "排行": 2, "榜单AI": 1, "主流": 1, "测试": 2, "榜单": 2, "52403分": 1, "超过": 5, "紫光展": 1, "锐虎贲T710": 1, "Unisoc": 1, "Tiger": 1, "T710": 1, "28097": 1, "骁龙": 7, "855": 5, "Plus": 1, "24652": 1, "新一代": 3, "7nm+": 1, "EUV": 2, "紫外": 1, "光刻": 1, "制程": 3, "工艺": 7, "首次": 12, "Modem": 2, "率先": 3, "NSA/SA": 2, "架构": 8, "TDD/FDD": 2, "频段": 4, "巴龙": 2, "5000": 2, "卓越": 2, "联接": 2, "Sub-6GHz": 2, "2.3Gbps": 2, "峰值": 4, "下载": 2, "上行": 2, "1.25": 2, "Gbps": 2, "达芬奇": 2, "NPU": 4, "旗舰级": 1, "创新": 5, "大核": 2, "+": 9, "微核": 1, "CPU": 11, "中核+": 1, "4": 6, "小核": 1, "三档": 1, "能效": 1, "主频": 1, "2.86GHz": 1, "GPU": 6, "16核": 1, "Mali-G76": 1, "Smart": 1, "Cache": 1, "分流": 1, "节省": 1, "带宽": 1, "花粉": 1, "俱乐部": 1, "机智": 1, "小报君": 1, "IT之家": 1, "11日": 2, "凌晨": 3, "苹果": 125, "公司": 5, "加州": 1, "乔布斯": 1, "剧场": 1, "举办": 1, "三": 14, "iPhone": 61, "iPhone11": 17, "11": 33, "Max": 12, "地区": 1, "售价": 6, "5499": 3, "8699": 3, "9599": 3, "A13": 21, "仿生": 10, "快": 7, "第二": 3, "7": 2, "纳米": 1, "指": 2, "7纳米EUV": 1, "打造": 5, "85亿": 4, "晶体管": 8, "神经": 2, "网络": 7, "引擎": 3, "迎来": 2, "Bionic": 2, "6": 2, "枚": 2, "对比": 12, "A12": 7, "20%": 3, "得益": 3, "能耗": 3, "40%": 2, "机器": 4, "学习": 4, "实时": 2, "照片": 4, "分析": 2, "值得一提的是": 2, "此次": 4, "展示": 2, "中央": 1, "图形": 1, "远": 3, "超": 4, "竞争": 4, "对手": 7, "列出": 2, "竞对": 1, "包括": 7, "对此": 1, "@": 1, "日报": 1, "官微": 1, "发表": 1, "评论": 2, "列为": 1, "竞品": 1, "压力": 1, "肯定": 2, "11号": 1, "新机": 5, "亮相": 2, "意外": 2, "惊喜": 1, "不少": 4, "啧啧称奇": 1, "前夕": 2, "老": 2, "抢先": 2, "Mate30": 21, "预热": 2, "关键": 6, "信息": 3, "机皇": 1, "正面": 1, "对决": 2, "到底": 2, "值得": 4, "配置": 4, "制作": 3, "堆积": 1, "相比": 4, "单核": 3, "成绩": 3, "4500": 2, "可谓": 3, "名副其实": 1, "配备": 4, "强劲": 1, "搭配": 2, "超级": 3, "文件": 1, "方舟": 1, "编译器": 1, "辅助": 1, "功能": 8, "效果": 2, "输": 1, "iOS": 2, "加持": 2, "笔者": 3, "整体": 4, "更胜一筹": 1, "刘": 1, "海屏": 1, "渲染图": 1, "刘海": 1, "曲面屏": 2, "视觉": 1, "观感": 1, "增加": 8, "误触": 1, "几率": 1, "边缘": 2, "画面": 1, "背部": 1, "留下": 1, "深刻": 1, "印象": 2, "浴霸": 4, "模组": 3, "CD纹理": 1, "花洒": 1, "镜头": 19, "辨识度": 1, "颜值": 1, "优劣": 1, "影像": 1, "突破": 4, "重点": 3, "后置": 6, "1200万": 5, "像素": 8, "双摄": 1, "广角": 10, "组合": 2, "拍": 1, "流畅": 2, "切换": 3, "四": 6, "摄": 9, "该机": 1, "4K": 2, "60": 2, "帧": 1, "录制": 3, "申请": 1, "电影": 1, "商标": 1, "足见": 1, "程度": 1, "拍照": 6, "续航": 10, "关注": 1, "XR长": 1, "充电": 8, "插头": 1, "5V/1A": 4, "一块": 2, "4000": 2, "毫安": 1, "25W": 1, "40W": 1, "有线": 1, "速度": 5, "占上风": 1, "番": 1, "胜负": 1, "一目了然": 1, "落后": 2, "领先": 8, "至少": 2, "低": 2, "1000": 4, "选": 2, "买": 5, "文/JING": 1, "来源": 2, "宝作者": 1, "范璐媛": 1, "预期": 2, "并未": 1, "二级": 1, "掀起": 1, "波澜": 1, "A股": 4, "概念": 8, "板块": 2, "跑": 3, "输华": 2, "12": 2, "百分点": 3, "近年来": 1, "体现": 2, "期间": 1, "股": 3, "震荡": 1, "收盘": 1, "拉涨": 1, "1.18％": 1, "早盘": 2, "上证": 1, "指数": 7, "收平": 1, "小幅": 1, "收跌": 1, "0.01％": 1, "经历": 1, "前期": 1, "科技股": 2, "普涨": 1, "行情": 2, "个股": 6, "走势": 2, "再现": 1, "分化": 1, "鹏鼎": 1, "控股": 1, "长电": 1, "延续": 1, "坚挺": 1, "持续": 2, "领涨": 1, "本次": 1, "CUE": 1, "远远": 3, "Galaxy": 2, "S10+": 1, "845": 2, "Pixel": 2, "坦言": 1, "比起": 1, "期待": 3, "到来": 2, "平安": 1, "证券": 2, "研报": 1, "有限": 1, "XR": 5, "时降": 1, "预计": 4, "出货": 1, "6500万": 1, "为首": 1, "巨头": 2, "迈入": 1, "缺席": 3, "抢跑": 3, "股价": 5, "一路": 2, "反弹": 1, "未能": 2, "超越": 4, "去年": 4, "十月": 1, "高点": 1, "商用": 1, "牌照": 1, "落地": 1, "渗透率": 1, "大势所趋": 1, "相关": 5, "模块": 1, "不俗": 2, "年内": 2, "涨幅": 5, "50％": 1, "48.31％": 1, "累计": 2, "跑赢": 1, "业绩": 3, "上半年": 4, "销售": 1, "收入": 3, "4013亿": 1, "人民币": 5, "同比": 5, "增长": 8, "23.2％": 1, "出货量": 4, "1.18亿": 1, "24％": 1, "2019": 2, "财年": 1, "财季": 1, "营收": 4, "538亿": 1, "美元": 6, "1％": 1, "在此之前": 1, "季度": 1, "下滑": 2, "销售额": 1, "259.86亿": 1, "同期": 1, "294.70亿": 1, "12％": 1, "程": 1, "快马加鞭": 1, "加速": 1, "占领": 1, "14": 3, "身兼": 2, "时报": 1, "·": 1, "数据宝": 2, "统计": 1, "共有": 1, "平均": 1, "27％": 1, "大幅": 2, "领跑": 1, "市": 1, "未来": 3, "受益于": 1, "轮": 2, "换机": 1, "周期": 1, "有望": 1, "中报": 1, "立讯": 4, "精密": 7, "歌尔": 5, "股份": 5, "东山": 2, "净利润": 2, "双增": 1, "PCB": 1, "102％": 1, "报告期": 1, "高增": 2, "原因": 2, "三季度": 2, "指引": 1, "1-9月": 1, "归属于": 1, "上市": 2, "股东": 1, "30％-50％": 1, "深度": 7, "参与": 1, "TWS": 1, "制造": 1, "声学": 1, "代工": 1, "优势": 2, "二季度": 2, "提速": 1, "87％": 1, "毛利率": 1, "环比": 1, "0.6": 1, "19.5％": 1, "Airpods": 1, "主力": 1, "展望": 1, "成长": 1, "全年": 1, "无虑": 1, "热度": 1, "升温": 1, "叠加": 1, "华工": 1, "长盈": 1, "蓝思": 2, "40％": 1, "年初": 2, "至今": 1, "翻番": 1, "工业": 2, "富联": 2, "外资": 1, "重仓股": 1, "QFII": 1, "持股": 2, "比例": 2, "2.17％": 1, "1.22％": 1, "0.25％": 1, "北上": 1, "最新": 2, "5.17％": 1, "声明": 1, "资讯": 1, "内容": 3, "投资": 2, "建议": 1, "股市": 1, "风险": 2, "谨慎": 1, "PK": 1, "友商": 5, "告别": 2, "五伏一安": 2, "跌落": 1, "防水": 1, "越来越": 4, "味儿": 1, "高高在上": 1, "终于": 3, "撸": 1, "袖子": 1, "下场": 1, "厮杀": 1, "曾几何时": 3, "科技界": 1, "春晚": 1, "万人空巷": 1, "风向标": 1, "模仿": 1, "眼中": 1, "光环": 1, "渐渐": 1, "消退": 1, "追赶": 2, "路上": 1, "地方": 1, "走下": 1, "神坛": 1, "唯": 1, "独尊": 1, "选择": 3, "多样化": 1, "定为": 1, "里程碑点": 1, "暗自": 1, "较劲": 1, "走向": 1, "模式": 3, "不及": 1, "势": 1, "自研5G": 2, "启用": 1, "自有": 3, "初期": 1, "狂欢": 1, "2018年": 3, "立下": 1, "誓言": 1, "距离": 1, "十几": 1, "终极": 2, "TOP5手机": 1, "竞相": 1, "即将": 2, "传来": 1, "2021年": 2, "1-2": 1, "年度": 1, "旗舰机": 1, "上将": 1, "2007年": 1, "iPhone起": 1, "重要性": 2, "A4": 1, "花费": 1, "资金": 1, "A6": 1, "保留": 1, "ARM": 2, "指令集": 1, "A7时代": 1, "业内": 3, "64": 1, "媲美": 1, "桌面": 1, "自研": 2, "专属": 1, "加上": 1, "体验": 2, "拉升": 1, "极致": 1, "同一个": 2, "103亿": 3, "晶体": 1, "极限": 1, "顶级": 1, "孰强": 1, "孰弱": 1, "免俗": 1, "试试": 1, "大部分": 1, "联发科": 1, "2009年": 1, "研基带": 1, "2010年": 1, "3G": 2, "基带": 6, "巴龙基": 1, "带合": 1, "二为": 1, "放": 1, "构筑": 1, "竞争力": 2, "通信": 1, "非外": 1, "挂SOC": 1, "颗": 4, "AP": 1, "BP": 1, "齐头并进": 1, "略": 1, "长": 3, "专利战": 1, "错过": 2, "英特尔": 5, "迟迟": 1, "未": 1, "完美": 2, "随后": 1, "巨资": 1, "收购": 1, "调制解调器": 3, "部门": 2, "2200": 1, "名": 1, "员工": 1, "补齐": 1, "短板": 1, "想要": 2, "等到": 2, "2022年": 1, "2023年": 1, "羡慕": 1, "效仿": 1, "对象": 1, "梦想": 1, "吐槽": 2, "固粉有方": 1, "品牌": 2, "调性": 1, "mac": 1, "OS": 8, "tv": 1, "iPadOS": 1, "watch": 1, "互联": 2, "割舍": 1, "掉": 1, "式": 1, "闭环": 1, "这才": 1, "帝国": 1, "护城河": 1, "提到": 3, "APP": 1, "Store": 1, "Arcade": 2, "游戏": 3, "订阅": 1, "上百": 1, "覆盖": 2, "150多": 1, "国家": 1, "横跨": 1, "Mac": 1, "iPad": 1, "Apple": 2, "TV": 2, "争夺": 1, "休闲": 1, "财报": 1, "占": 3, "库克": 3, "商城": 1, "iCloud": 1, "比做": 1, "利润": 1, "粘性": 1, "将来": 1, "良性": 1, "循环": 1, "早早": 1, "意识": 1, "提出": 4, "场景": 1, "智慧化": 1, "战略": 4, "中心": 1, "三圈层": 1, "结构": 2, "围绕": 1, "1+8+N": 1, "主入口": 1, "PC": 1, "平板": 1, "眼镜": 1, "手表": 1, "机车": 1, "辅入口": 1, "绑定": 1, "开发": 1, "工作量": 1, "工作": 1, "效率": 2, "打破": 1, "之间": 1, "墙": 1, "共享": 1, "跨": 1, "终端": 1, "一再": 1, "面向": 1, "智慧屏": 1, "P40": 1, "小米": 8, "IoT": 2, "构建": 1, "米家": 1, "生态链": 2, "AIoT": 3, "全方位": 1, "布局": 1, "软": 1, "生活": 1, "方方面面": 1, "1.32亿": 1, "台": 2, "1月": 1, "OPPO": 3, "成立子": 1, "智美": 1, "心品": 1, "加快": 1, "推进": 1, "人工": 1, "AI+IoT": 1, "伙伴": 1, "非一日之功": 1, "任正非": 1, "短": 2, "估计": 1, "三年": 1, "才能": 2, "稳扎稳打": 2, "唯快不破": 1, "安卓系": 4, "差异": 1, "一向": 3, "稳": 1, "重型": 1, "领导型": 1, "激进": 1, "疯狂": 1, "堆": 1, "叠型": 1, "比赛": 1, "秀": 2, "肌肉": 2, "晚": 1, "历史": 1, "策略": 2, "发生": 2, "法律": 1, "纠纷": 1, "选用": 1, "和解": 1, "为时已晚": 1, "Strategy": 2, "Analytics": 2, "新兴": 1, "研究": 1, "副": 1, "总监": 1, "Ville-Petteri": 3, "Ukonaho": 3, "尚未": 2, "足以": 1, "急于": 1, "目标": 1, "需求": 3, "感": 1, "兴趣": 1, "猛烈": 1, "点燃": 1, "销量": 6, "花": 1, "大笔": 1, "钱": 2, "型号": 1, "改进": 1, "指纹": 2, "解锁": 1, "预测": 1, "500万": 2, "1%": 1, "退": 1, "一万": 1, "不大": 1, "还要": 2, "面对": 1, "纷纷": 2, "快充": 6, "解决": 1, "方案": 2, "机身": 2, "功率": 1, "安全性": 1, "加大": 1, "40-50W": 1, "vivo": 2, "上海": 1, "MWC2019": 1, "120W": 1, "理论": 1, "13": 2, "分钟": 2, "充满": 2, "mAh": 1, "保守": 1, "风格": 1, "容量": 1, "标配": 5, "5W": 1, "水管": 1, "充电器": 1, "果粉们": 1, "槽点": 1, "难得": 1, "18": 1, "W快": 1, "帽子": 1, "6400万": 1, "主打": 1, "索尼": 2, "徕卡": 1, "专业": 1, "评测": 1, "机构": 1, "DoXMark": 1, "长期": 1, "霸首": 1, "形态": 1, "异形屏": 1, "折叠屏": 2, "遥遥无期": 1, "对待": 1, "态度": 1, "总会": 1, "贬低": 1, "年后": 1, "热情": 1, "拥抱": 1, "2012年": 1, "席勒": 2, "插座": 1, "实际上": 1, "2017年": 1, "语言": 2, "形容": 1, "棒": 1, "放下": 1, "不用": 1, "每次": 2, "麻烦": 1, "插拔": 1, "数据线": 1, "复制": 1, "12年": 1, "发展史": 1, "一共": 2, "21": 1, "15亿": 1, "善于": 1, "爆款": 2, "打磨": 1, "供应链": 5, "话语权": 6, "虐": 1, "需求量": 1, "所在": 1, "联合": 2, "首席": 1, "执行官": 1, "蒂姆·库克": 1, "负责": 1, "管理": 1, "供应": 1, "体系": 1, "市场占有率": 1, "迫切": 1, "追求": 1, "紧密": 1, "汇顶": 1, "定制": 1, "IMX600": 1, "柔性": 1, "1亿": 1, "图像": 3, "传感器": 1, "自然": 1, "人士": 2, "IDC": 1, "排名": 1, "比重": 1, "36.2%": 1, "稳定": 1, "增势": 1, "接受者": 1, "转为": 1, "主导者": 1, "排位赛": 1, "开场": 1, "网易": 1, "10日": 1, "秋季": 3, "介绍": 3, "现场": 2, "图示": 1, "踩": 1, "980": 1, "亮点": 3, "低功耗": 2, "据悉": 2, "秒": 2, "1万亿": 2, "提高": 2, "倍感": 1, "冷": 1, "整天": 1, "挂": 1, "嘴边": 1, "这次": 3, "史无前例": 1, "PPT": 1, "吊打": 1, "口": 1, "恶气": 1, "不用说": 1, "上一代": 2, "全程": 1, "提": 1, "新版": 1, "暗暗": 1, "互怼": 1, "机会": 1, "澄清": 1, "数量": 2, "一代": 1, "7nm": 2, "面积": 1, "更低": 1, "应对": 1, "组网": 1, "方式": 1, "最佳": 1, "崛起": 1, "感受": 1, "危机": 1, "现实": 1, "取代": 1, "看点": 1, "大招": 1, "上文": 1, "S10": 1, "3。A13": 1, "超广角": 4, "过程": 1, "镜头端": 1, "白": 1, "平衡": 1, "色彩": 1, "无缝": 1, "拍摄": 6, "光学": 3, "防抖": 1, "(": 2, "焦": 1, ")": 2, "倍": 2, "变焦": 2, "自上而下": 1, "主摄": 2, "素超": 1, "26": 1, "焦段": 2, "f/1.8": 1, "光圈": 3, "6片式": 1, "镜片": 2, "5片式": 1, "f/2.4": 1, "120": 2, "度": 3, "视野": 1, "前置": 1, "自拍": 1, "动作": 1, "创作": 1, "重磅AI": 1, "Deep": 4, "Fusion": 4, "高级": 1, "副总裁": 1, "Phil": 1, "Schiller": 1, "重磅": 1, "——": 4, "融合": 1, "运作": 1, "原理": 1, "快门": 2, "按下": 1, "拍下": 2, "算力": 1, "2400万": 1, "素点": 2, "适合": 1, "暂时": 1, "下降": 1, "新款": 3, "命名": 1, "起价": 1, "699": 1, "官网": 3, "999": 1, "1099": 1, "持平": 1, "国行": 1, "便宜": 1, "加量": 1, "加价": 1, "放弃": 2, "充电头": 2, "18W": 2, "充头": 1, "无缘": 1, "双向": 1, "原先": 1, "暗夜": 2, "绿": 3, "配色": 4, "玩": 1, "银色": 3, "金色": 3, "太空灰": 1, "午夜": 1, "低价": 1, "版": 3, "紫色": 1, "绿色": 2, "白色": 1, "黄色": 1, "黑色": 1, "红色": 1, "六": 1, "网友": 2, "贵": 2, "太": 1, "合适": 1, "不说": 1, "粉": 1, "慕洋犬": 1, "地步": 1, "毛病": 1, "喜欢": 1, "呗除": 1, "地上": 1, "摩擦": 1, "一点": 1, "变得": 1, "5g": 2, "全覆盖": 1, "没钱": 1, "，，": 1, "真的": 3, "不行": 1, "吵": 1, "…": 1, "无语": 1, "捧": 1, "摔": 1, "算了": 1, "...": 1, "穷": 1, "讯": 1, "昨晚": 1, "6.5": 2, "英寸": 6, "5.8": 2, "Pro;": 1, "深空灰": 1, "长焦": 1, "基础款": 1, "好评": 1, "平价": 1, "继任款": 1, "6.1": 1, "视网膜": 1, "显示屏": 2, "起售": 2, "视网膜屏": 1, "颜色": 1, "空灰": 1, ";": 1, "512GB": 1, "本售": 1, "12699": 1, "69亿": 1, "最多": 1, "Pro比": 1, "XS长": 1, "XS": 1, "MAX长": 1, "XR多1": 1, "电源": 1, "充至": 1, "电量": 1, "猜测": 1, "暗示": 1, "飞快": 1, "圆环": 1, "造型": 1, "对焦": 1, "暗光": 1, "大增": 1, "分辨率": 1, "2K": 1, "6.71": 1, "全视": 1, "觉曲": 1, "面屏": 1, "90": 2, "弯曲": 1, "占比": 1, "变化": 1, "圆形": 1, "信息点": 1, "Hz刷新率": 2, "最高端": 1, "90Hz": 1, "Vera30/V30": 1, "大概率": 1, "4000万": 3, "800万+TOF": 1, "f/1.4-1.6": 1, "可变": 1, "上都": 1, "行业": 1, "足华": 1, "底气": 1, "RYYB像素": 1, "排列": 1, "潜望式": 1, "首发": 1, "集成5G": 1, "统一": 1, "2G": 1, "出色": 2, "综合性": 1, "AI算力": 1, "外挂": 1, "形式": 1, "内部": 1, "本来": 1, "捉襟见肘": 1, "空间": 1, "无疑": 1, "严峻": 1, "市售": 1, "厚": 1, "确认": 1, "力作": 1, "!至于": 1}