{"华为": 240, "Mate": 13, "系列": 22, "上市": 3, "四": 5, "半月": 2, "全球": 9, "发货量": 2, "超过": 6, "1000万": 2, "台": 5, "销量": 2, "款": 16, "充满": 1, "黑科技": 1, "手机": 107, "绿屏": 23, "情况": 8, "不幸": 1, "中招": 2, "消费者": 41, "糟心": 2, "经历": 4, "陷入": 3, "漫长": 1, "维权期": 1, "想": 4, "退机": 1, "换机": 8, "遭遇": 8, "售后部门": 1, "拒绝": 1, "多久": 1, "屏": 3, "居然": 3, "绿": 3, "徐风": 5, "去年": 4, "10月底": 1, "入手": 2, "Pro": 11, "告诉": 4, "北京": 4, "青年报": 2, "记者": 23, "一开始": 1, "很": 8, "喜欢": 5, "一个": 18, "时间": 12, "发现": 8, "屏幕": 48, "边上": 2, "印子": 1, "阴影": 4, "在意": 1, "平时": 1, "手汗": 1, "印": 1, "水雾": 1, "随后": 5, "内": 6, "扩散": 1, "竖条状": 1, "靠近": 1, "位置": 1, "不久后": 1, "晚上": 1, "类似": 2, "玻璃": 1, "颜色": 2, "刚": 2, "唤醒": 2, "增长": 1, "越来越": 3, "年底": 1, "影响": 3, "徐": 3, "风": 3, "变绿": 1, "个案": 2, "网友": 16, "提供": 18, "Mate20Pro": 6, "、": 98, "绿线": 1, "闪屏": 3, "现象": 4, "图片": 4, "视频": 3, "日常": 1, "都": 45, "用户": 21, "艾泽": 3, "北": 4, "青报": 4, "自愿": 1, "转发": 3, "统计": 2, "59": 1, "名": 5, "程度": 3, "北青报": 16, "事件": 5, "话题": 1, "60": 1, "贴出": 1, "事实上": 1, "产品": 40, "国内": 5, "市场": 6, "英国": 1, "芬兰": 4, "法国": 3, "欧洲": 1, "国家": 3, "纷纷": 1, "该国": 1, "官方": 5, "论坛": 3, "反馈": 3, "到底": 3, "质量": 7, "国内外": 1, "业内": 5, "人士": 5, "分析": 1, "混屏": 1, "生产": 4, "厂家": 6, "包括": 4, "韩国": 4, "LG": 3, "京东方": 9, "原因": 9, "此前": 5, "援引": 1, "三星OLED": 1, "专家": 2, "给出": 4, "解释": 2, "OLED": 6, "显示屏": 3, "镭雕": 1, "工程": 1, "MOSFET": 1, "加工": 1, "差异化": 1, "导致": 4, "偏色": 2, "品质": 5, "显示": 5, "针对": 6, "发绿": 2, "最初": 1, "愈发": 1, "业内人士": 1, "检测": 16, "进行性": 2, "不良": 3, "也就是说": 1, "过程": 6, "发生": 1, "身份": 2, "走访": 1, "体验店": 1, "工作": 5, "人员": 5, "毫不讳言": 1, "承认": 1, "确实": 6, "早期": 1, "太": 2, "追问": 1, "这位": 1, "回答": 2, "找售": 3, "更换": 11, "维修": 11, "看起来": 2, "远": 2, "买到": 1, "：": 22, "拖": 1, "解决": 13, "电话": 2, "现场": 1, "换取": 1, "新机": 4, "很多": 15, "为此": 1, "花": 2, "十几": 1, "nonakaka": 5, "年初": 1, "质保期": 1, "售后": 14, "方案": 12, "这是": 5, "缺陷": 1, "接待": 1, "该机": 2, "出厂": 2, "合格": 1, "为由": 1, "只能": 3, "负责": 4, "售后卡": 1, "换屏": 5, "进展": 2, "采访": 5, "机主": 1, "僵持": 2, "买": 7, "拆开": 1, "心疼": 1, "担心": 1, "未来": 7, "隐患": 1, "机": 1, "怡": 1, "承诺": 5, "三": 12, "防水性": 1, "具备": 2, "特性": 2, "拉锯战": 1, "持有者": 1, "上文": 1, "提到": 3, "1": 3, "才": 4, "法定": 2, "7天": 1, "包退": 1, "15": 1, "包换": 1, "时效": 2, "指定": 1, "维修点": 3, "报告": 5, "拿到": 3, "故障": 4, "描述": 2, "主观": 1, "感知": 1, "传来": 1, "同款": 2, "对比": 5, "曲折": 1, "历程": 1, "时隔": 1, "份": 2, "春节": 3, "对方": 2, "出具": 1, "配件": 1, "缺货": 3, "建议": 3, "回": 2, "告知": 1, "自费": 1, "细微": 1, "裂纹": 1, "背壳": 1, "才能": 3, "免费": 4, "段": 2, "最终": 5, "拜托": 1, "大V": 2, "引来": 3, "重视": 1, "得以": 1, "第二": 2, "发": 1, "维权": 7, "谩骂": 1, "指责": 3, "称": 7, "黑": 1, "诉求": 2, "修": 1, "支持": 13, "疑云": 1, "口中": 1, "为止": 3, "查询": 3, "来自于": 2, "自媒体": 1, "报道": 7, "媒体": 7, "撰文": 1, "对此": 3, "毛病": 1, "官网": 1, "官微": 1, "花粉": 1, "俱乐部": 1, "渠道": 9, "均": 6, "找到": 2, "表态": 1, "主流": 2, "信息": 7, "营销": 3, "通信": 3, "总监": 1, "回复": 1, "拨打": 1, "热线": 1, "确认": 2, "此事": 1, "接线": 2, "接到": 1, "政策": 2, "询问": 3, "证明": 3, "再三": 1, "发表": 1, "言论": 2, "姓名": 1, "职务": 1, "此人": 1, "印证": 1, "说法": 3, "退货": 6, "客服": 5, "沟通": 7, "推诿": 2, "套路": 1, "维权路": 1, "倍感": 1, "无力": 1, "背": 1, "‘": 1, "三包法": 1, "’": 1, "兴旺": 3, "异常": 2, "艰难": 3, "复读机": 1, "来来回回": 1, "反复": 1, "前往": 1, "售后服务": 1, "中心": 1, "踢": 1, "皮球": 1, "大部分": 1, "感觉": 3, "无望": 1, "有人": 2, "抱怨": 1, "5": 3, "小时": 1, "仍旧": 2, "浪费": 1, "精力": 1, "消耗": 1, "热情": 1, "放弃": 2, "接受": 5, "走": 2, "法律": 2, "途径": 2, "型号": 3, "第三": 4, "提出": 2, "补偿": 2, "签署": 1, "保密": 1, "协议": 4, "办理": 1, "理解": 4, "发稿": 1, "诉讼": 2, "纠纷": 2, "此次": 7, "售后难": 1, "中国": 4, "法学会": 1, "权益": 2, "保护法": 1, "研究会": 1, "副秘书长": 1, "陈音江": 2, "依据": 2, "消法": 1, "经营者": 5, "商品": 5, "符合": 1, "收到": 1, "七日": 1, "时限": 1, "约定": 1, "履行": 1, "修理": 1, "义务": 1, "重复": 1, "商家": 4, "质疑": 2, "委托": 2, "资质": 2, "第三方": 3, "配合": 2, "消协": 2, "投诉": 3, "机构": 1, "指出": 1, "主动": 2, "调查": 1, "进一步": 1, "损害": 1, "第一": 7, "责任人": 1, "面对": 3, "做出": 1, "真实": 1, "答复": 1, "受理": 1, "依法": 1, "和解": 1, "消费": 3, "形式": 1, "推脱": 1, "责任": 1, "文": 2, "化名": 1, "关晓彤": 3, "代言": 4, "售": 1, "1999": 4, "元": 10, "处理器": 7, "性能": 9, "弱于": 1, "骁龙": 7, "660": 5, "发展": 2, "品牌": 26, "一分为二": 1, "分出": 2, "高端": 5, "商务": 1, "定位": 4, "子品牌": 1, "荣耀": 2, "中低端": 1, "极度": 1, "热爱": 1, "性价比": 3, "基本上": 3, "无缘": 1, "独特": 1, "人群": 2, "年轻人": 3, "nova": 5, "3月": 9, "6日": 1, "新一代": 1, "nova4e": 2, "即将": 2, "发布": 10, "14日": 4, "白色": 1, "情人节": 2, "小编": 6, "男": 1, "真的": 2, "郁闷": 1, "流量": 2, "明星": 4, "行业": 10, "惯用": 1, "招数": 1, "请": 2, "小鲜肉": 2, "追星": 1, "接下来": 1, "这部": 8, "配置": 9, "4e": 3, "首款": 2, "前置": 4, "3200万": 3, "像素": 4, "唯一": 2, "亮点": 4, "搭载": 6, "麒麟710": 3, "电池": 1, "容量": 1, "3340": 1, "mAh": 1, "9V/2A快充": 1, "4GB": 1, "+": 6, "128GB": 3, "6GB": 2, "规格": 1, "售价": 3, "2299": 1, "外观": 8, "正面": 1, "采用": 19, "水滴": 1, "设计": 8, "背面": 1, "蓝色": 2, "紫色": 1, "渐变": 1, "色": 1, "后置": 4, "指纹": 2, "识别": 2, "竖排": 1, "摄像头": 10, "表现": 2, "平平": 1, "堪忧": 1, "搭配": 2, "麒麟": 7, "710": 4, "名字": 1, "差": 2, "CPU": 3, "接近": 2, "GPU": 1, "落后": 1, "综合": 4, "持平": 1, "定价": 2, "不和": 1, "市面": 2, "v20": 1, "偏": 2, "相对于": 1, "小米": 8, "毫无": 1, "竞争力": 2, "寻找": 1, "刚刚": 3, "隔壁": 1, "9SE": 2, "绝佳": 1, "竞争": 4, "对手": 1, "712": 1, "吊": 1, "价位": 1, "Nova4e": 3, "意识": 1, "必要性": 1, "单单": 2, "上几乎": 1, "粉丝": 2, "购买": 7, "Nova": 2, "本来": 1, "年轻": 1, "群体": 2, "追星族": 2, "上一代": 1, "代言人": 1, "烊": 1, "千": 2, "玺": 1, "忠实": 1, "不用说": 1, "一点": 1, "日期": 1, "临近": 1, "P30": 16, "浮出": 1, "水面": 1, "!": 3, "近日": 3, "网上": 2, "曝出": 1, "疑似": 1, "兔兔": 1, "跑分": 1, "截图": 1, "30万": 1, "成绩": 3, "麒麟980": 1, "Mate20": 1, "分辨率": 1, "2340": 1, "1080": 1, "(": 3, "推测": 1, "水滴屏": 1, ")": 2, "内存": 1, "存储": 2, "高配版": 1, "配备": 2, "2K屏": 1, "Pro相": 1, "4000万": 2, "主射": 1, "2019年": 6, "首场": 1, "新品": 3, "发布会": 2, "亮相": 3, "拥有": 1, "智能": 51, "——": 3, "稳": 1, "网传": 1, "值得一提的是": 1, "安兔兔": 1, "置主": 1, "参数": 1, "组合": 1, "副": 1, "惊喜": 1, "摄": 2, "带来": 11, "强大": 10, "变焦": 1, "拍摄": 1, "能力": 12, "！": 18, "余承东": 10, "透露": 2, "突破": 4, "消息": 5, "26日": 2, "巴黎": 3, "宣传": 1, "拍照": 2, "卖点": 1, "P20": 1, "开创": 1, "时代": 3, "拭目以待": 2, "上海": 2, "生态": 60, "臻": 1, "主题": 1, "大会": 11, "本次": 5, "业务": 11, "CEO": 4, "正式": 5, "IoT": 16, "战略": 16, "升级": 19, "场景": 8, "智慧化": 6, "围绕": 1, "HiAI": 8, "开放": 14, "平台": 20, "层": 2, "结构化": 2, "打造": 7, "丰富多彩": 1, "家居": 25, "系统": 32, "浪潮": 1, "到来之际": 1, "家电": 21, "智能化": 5, "方向": 3, "转型": 2, "标准": 23, "体验": 28, "上都": 2, "面临": 2, "挑战": 5, "传统": 5, "统一": 2, "缺失": 1, "孤立": 1, "互联": 11, "互通": 8, "企业": 16, "入口": 9, "之间": 8, "配合度": 1, "智能性": 2, "品类": 4, "场景化": 5, "互动": 2, "空白": 1, "现状": 1, "全新": 17, "力量": 1, "打破": 5, "壁垒": 3, "全力": 1, "推动": 3, "产业": 8, "投资": 1, "推动力": 1, "再次": 1, "HUAWEI": 16, "HiLink": 36, "1+8+N": 1, "优化": 1, "心仪": 1, "核心": 8, "驱动力": 1, "技术": 20, "赋能": 14, "展望": 1, "领域": 8, "万物": 3, "自然": 2, "交互": 1, "吸引": 2, "无数": 1, "关注": 6, "软硬件": 2, "聚合": 2, "AI": 6, "定义": 2, "终端": 6, "希望": 2, "指挥": 1, "智慧": 6, "计算": 3, "芯": 3, "端": 4, "层面": 3, "合作": 33, "伙伴": 28, "基础": 5, "算力": 2, "API": 1, "程序": 1, "云业务": 2, "积累": 3, "深厚": 1, "2017年": 2, "率先": 1, "推出": 8, "内置": 1, "NPU": 1, "970": 1, "芯片": 21, "如今": 5, "980": 1, "之中": 2, "业界": 3, "快": 1, "昇腾": 1, "256T": 1, "高清": 1, "SoC": 1, "芯侧": 1, "框架": 2, "算子": 1, "快速": 3, "集成": 5, "部署": 1, "端侧": 2, "功耗": 1, "瓶颈": 1, "效果": 2, "指挥化": 1, "引擎": 1, "应对": 1, "多种": 1, "设备": 7, "/": 1, "APP": 2, "智商": 1, "。。": 2, "Service": 1, "云端": 1, "HMS": 1, "账号": 3, "支付": 1, "推送": 1, "服务": 7, ";HAG": 1, "整合": 1, "原子化": 1, "连接": 13, "增强": 3, "串联": 1, "早": 5, "2015年": 2, "启动": 3, "年中": 1, "覆盖": 3, "100": 1, "WiFi": 2, "蓝牙": 3, "Zigbee": 2, "联通": 1, "覆盖云": 1, "架构": 3, "端对端": 2, "迎刃而解": 1, "韩鹏": 1, "介入": 1, "生活": 6, "更多": 1, "便利": 2, "跨": 3, "i以": 1, "共赢": 2, "理念": 3, "找寻": 1, "海量": 1, "舒适": 2, "操作": 10, "搭建": 3, "模式": 2, "智选": 6, "专注": 4, "深度": 3, "致力于": 6, ";": 7, "Works": 5, "广度": 2, "批量": 2, "助力": 2, "对接": 2, "激活": 2, "存量": 2, "保障": 2, "2019": 3, "元年": 1, "内外": 1, "全方位": 1, "资源": 1, "变革": 1, "早日": 1, "到来": 2, "投入": 3, "亿": 1, "人民币": 1, "研发": 10, "激励": 1, "全场": 1, "景IoT": 1, "店面": 1, "8": 2, "建立": 6, "标杆": 1, "实力": 5, "迎来": 2, "自研": 4, "凌霄": 7, "开花": 1, "Wi-Fi": 3, "电力": 1, "猫": 1, "路由": 3, "Q2": 2, "WS5200": 1, "版": 3, "后续": 1, "面向": 1, "路由器": 1, "爆品": 2, "深化": 1, "单品": 5, "走向": 3, "全品类": 3, "针对性": 1, "推广": 1, "交付": 2, "创新": 4, "示范": 1, "专业": 2, "携手": 2, "创造": 1, "方式": 3, "单一": 1, "扩展": 2, "辐射": 1, "价格": 5, "拓展": 1, "爆款": 1, "后装": 1, "前装": 1, "苏宁": 2, "提升": 2, "物联网": 2, "推进": 2, "国家级": 1, "规范": 2, "共建": 1, "屋": 1, "精装": 1, "联合": 2, "引入": 1, "户内": 1, "引领": 2, "实验室": 5, "意味着": 2, "落实": 1, "关键性": 1, "作用": 2, "3": 3, "年内": 2, "梦想": 1, "现实": 1, "1/3": 1, "主力": 1, "最佳": 1, "首次": 6, "要素": 2, "家庭": 3, "总经理": 1, "闪罡": 2, "相关": 2, "数据": 3, "连接数": 1, "2.6亿": 1, "接入": 4, "不仅仅": 1, "秀场": 1, "盛宴": 1, "音箱": 1, "承担": 1, "职责": 1, "更新": 1, "技能": 1, "路": 2, "IPv.6": 1, "5G": 8, "风潮": 2, "CPE": 1, "选": 2, "4": 5, "iateey": 1, "即热": 1, "饮水": 1, "遥控": 1, "大师": 1, "空调": 1, "伴侣": 1, "莱克": 1, "循环": 1, "扇": 1, "西门子": 2, "分体式": 1, "空气": 2, "检测仪": 1, "在内": 1, "亮眼": 1, "模组": 1, "美金": 1, "强强": 1, "联手": 1, "能源": 3, "管理": 1, "集团": 4, "博西": 1, "A": 1, ".": 2, "O.史密斯": 1, "松下": 1, "清洁": 2, "事业部": 1, "奥克斯": 1, "场": 2, "圆桌": 2, "会议": 1, "产品线": 1, "总裁": 1, "支浩": 1, "=": 1, "操控": 1, "优": 1, "二者": 1, "稳定": 1, "系统化": 1, "建造": 1, "参与": 1, "军": 1, "垂直": 1, "领军": 1, "HUAWE": 1, "并非": 1, "入局": 1, "全屋": 1, "水": 1, "身后": 1, "协助": 1, "赋能者": 1, "掠夺者": 1, "进军": 2, "将要": 1, "厂商": 6, "销售": 1, "价值": 2, "关键": 1, "揣摩": 1, "需求": 4, "无缝式": 1, "计划": 4, "100亿": 1, "美元": 1, "柳树": 1, "目标": 1, "环球网": 1, "科技": 8, "AWE": 1, "期间": 1, "登台": 1, "演讲": 1, "走到": 2, "台前": 2, "普及": 2, "名词": 1, "长期": 1, "人才": 1, "熟悉": 1, "站台": 1, "介绍": 3, "相比": 3, "知名度": 1, "算": 1, "留给": 1, "印象": 1, "起步": 1, "晚": 2, "实际上": 1, "BG": 1, "好几": 2, "这块": 1, "完善": 3, "争利": 1, "说服": 1, "看似": 1, "半": 1, "拍": 1, "呈现": 1, "兼容": 2, "通用": 1, "RFID": 1, "有线": 1, "总线": 1, "NB-IoT": 1, "G模块": 1, "GPS": 1, "BDS": 1, "限度": 1, "敞开": 1, "大门": 1, "或许": 1, "体现": 1, "方言": 1, "普通话": 5, "改变": 1, "海尔": 3, "美的": 4, "格力": 1, "相互": 1, "座": 4, "孤岛": 2, "交流": 1, "语言": 1, "听": 3, "懂": 1, "联动": 1, "深刻": 1, "协同": 1, "任一": 1, "独立": 1, "构筑": 1, "之上": 2, "持续": 2, "专注于": 1, "硬件": 4, "优势": 2, "互补": 1, "方舟": 5, "尽量": 1, "扩充": 1, "数量": 1, "不用": 1, "值得": 5, "对外": 1, "不少": 1, "环": 1, "融合": 1, "载体": 1, "承载线": 1, "下端": 1, "落地": 1, "测试": 1, "依托": 1, "卖场": 1, "地产": 1, "家装": 1, "众多": 1, "屏障": 2, "双重": 1, "建": 1, "俨然": 1, "缺乏": 2, "背景": 1, "亟需": 1, "多年": 1, "有望": 1, "多样化": 1, "选择": 2, "mateX": 5, "看完": 2, "理由": 3, "值": 3, "国产": 7, "领头羊": 1, "动态": 1, "关心": 1, "波": 1, "热度": 1, "迟早": 1, "毕竟": 6, "一阵": 1, "大旗": 1, "机华": 1, "折叠": 6, "高科技": 2, "折叠屏": 2, "概念": 1, "这次": 2, "平板": 7, "电脑": 5, "显得": 2, "臃肿": 1, "朋友": 1, "17000": 2, "贵": 1, "所有人": 2, "实用性": 1, "亲民": 1, "全民": 1, "情怀": 2, "买单": 1, "软件": 9, "适配": 1, "mate": 2, "当下": 1, "版本": 1, "闪退": 1, "或者屏": 1, "占比": 1, "糟糕": 1, "第四": 1, "不说": 1, "痕迹": 2, "次数": 1, "每次": 1, "关闭": 1, "肯定": 1, "留下": 1, "说出": 1, "真相": 1, "一道": 1, "长": 3, "黑线": 1, "那时候": 1, "估计": 2, "都会": 1, "后悔": 1, "2018年": 4, "4月份": 1, "有意": 1, "扣上": 1, "莫须有": 1, "罪名": 1, "这一切": 2, "战备": 1, "状态": 1, "我国": 2, "无论是": 2, "世界": 5, "前列": 1, "全年": 1, "出货": 1, "总量": 1, "2.08亿": 1, "排行": 1, "仅次于": 1, "三星": 17, "苹果": 3, "初": 1, "拿下": 1, "26": 1, "订单": 1, "标志": 1, "道路": 1, "渐行渐远": 1, "外界": 3, "压力": 2, "国人": 2, "感到": 2, "担忧": 1, "中兴": 2, "受制于人": 1, "最为": 1, "截止": 1, "移动端": 1, "谷歌": 3, "Android": 8, "iOS": 2, "想要": 3, "进来": 1, "瓜分": 1, "无疾而终": 1, "诺基亚": 1, "塞班": 1, "微软": 3, "Windows": 5, "Phone": 2, "折戟": 1, "成功": 3, "初华": 1, "990": 1, "构建": 1, "有关于": 1, "透漏": 1, "风声": 1, "知情": 1, "预案": 1, "保证": 1, "15日": 2, "随时": 1, "做好": 1, "B": 2, "2012年": 2, "7": 1, "科研": 2, "相差": 1, "不大": 1, "优秀": 1, "难": 1, "下游": 1, "程序员": 2, "增加": 1, "负担": 1, "学习": 1, "算法": 1, "规则": 4, "兴起": 1, "恐怕": 2, "安于现状": 1, "尝试": 1, "封锁": 1, "凡是": 1, "含量": 1, "开来": 1, "地位": 1, "变得": 1, "上下游": 1, "生产链": 1, "用户群": 1, "形象": 1, "制定者": 1, "众": 2, "执行": 2, "排除": 1, "告别": 1, "圈": 1, "万不得已": 1, "从来": 1, "搞": 1, "数码": 2, "快讯": 1, "趣闻": 1, "技巧": 1, "侃哥": 2, "叨叨": 1, "上车": 1, "点击": 2, "右上角": 1, "爆侃": 2, "数码圈": 2, "即可": 1, "记得": 2, "10月": 1, "16日": 1, "举办": 1, "本身": 2, "网民": 2, "欢呼雀跃": 1, "20Pro": 4, "制造商": 1, "大规模": 3, "吃": 1, "螃蟹": 1, "勇气": 1, "出发": 2, "民族": 2, "感情": 1, "沸腾": 1, "究竟": 2, "1.": 1, "整体": 3, "下滑": 2, "格局": 1, "出货量": 2, "相反华": 1, "高歌猛进": 1, "内部": 2, "施压": 1, "禁止": 2, "供应": 3, "此后": 3, "参考": 1, "显示器": 1, "施加": 1, "暂": 1, "弯曲": 1, "实锤": 1, "吸取": 1, "教训": 1, "Mate9": 3, "曲面OLED": 1, "独家": 1, "Pro太": 1, "火爆": 1, "中断": 1, "PRO": 1, "潘": 1, "九堂": 1, "证实": 2, "9Pro": 1, "见到": 1, "不得不": 2, "之下": 2, "LG屏幕": 1, "各种各样": 1, "给予": 1, "美誉": 1, "本有": 1, "成就": 1, "用于": 1, "夸赞": 1, "靠谱": 1, "P系列": 1, "旗舰": 1, "京东方OLED": 2, "摆脱": 1, "依赖": 1, "这不": 1, "胜利": 2, "看点": 1, "追赶": 1, "份额": 1, "里程碑": 1, "故事": 1, "远远": 1, "简单": 1, "……": 2, "知名": 1, "博主": 1, "摩卡": 1, "本月": 1, "AMOLED": 2, "谍照": 1, "曲面屏": 1, "吻合": 1, "极大": 1, "诚": 1, "jia": 1, "意（ge": 1, "终于": 1, "打动": 1, "BOE": 1, "LGD": 1, "万能": 1, "备胎": 1, "带沟": 1, "有事": 1, "没事": 1, "缺": 1, "偷情": 1, "规划": 1, "P": 1, "全线": 1, "Amoled": 1, "一经": 1, "渲染": 1, "大波": 1, "当初": 1, "群": 1, "喊": 1, "三星化": 2, "国产化": 2, "死忠粉": 2, "破口大骂": 1, "急于": 1, "围观": 1, "吃瓜": 1, "什么的": 1, "笔者": 1, "美国": 11, "化": 1, "想法": 1, "笑话": 1, "经济": 1, "全球化": 2, "元器件": 1, "日本": 1, "索尼": 1, "敌": 1, "外商": 1, "再见": 1, "说到": 1, "节约": 1, "成本": 1, "优质": 1, "终极": 1, "目的": 1, "盈利": 1, "玩": 1, "美好": 1, "商业": 1, "OPPO": 1, "vivo": 1, "魅族": 1, "至此": 1, "代表": 3, "成长": 1, "话语权": 1, "白扯": 1, "看待": 1, "不妨": 1, "网络": 3, "侵权": 3, "删文": 1, "；": 2, "本文": 2, "原创": 1, "未经": 1, "授权": 1, "转载": 1, "必究": 1, "编辑": 1, "前沿": 1, "美": 2, "贸易": 1, "开战": 1, "风口浪尖": 1, "开启": 1, "反击战": 1, "引发": 1, "热议": 1, "起诉案": 1, "法院": 2, "传票": 1, "寄": 1, "Hey": 1, "Did": 1, "receive": 1, "干": 1, "漂亮": 1, "指控": 2, "威胁": 1, "证据": 2, "三十": 1, "几百": 1, "运营商": 1, "从没": 1, "事故": 1, "大国": 2, "抵制": 1, "打压": 1, "领先": 2, "前段": 2, "任正非": 1, "BBC": 1, "无奈": 1, "回应": 2, "东西": 2, "偷": 1, "忌惮": 1, "自主": 4, "制造": 2, "挺直": 1, "腰杆": 1, "中华": 1, "楷模": 1, "车企": 1, "崛起": 1, "比亚迪": 6, "一代": 16, "唐": 14, "人气": 1, "爆红": 1, "劲头": 1, "直逼": 1, "超越": 1, "汉兰达": 9, "途观L": 1, "合资车": 2, "一度": 2, "合资": 2, "恐慌": 2, "燃油": 11, "16.99万": 2, "智联": 1, "尊耀型": 1, "汉兰": 2, "23.98万": 1, "配": 1, "驱": 1, "精英版": 1, "探讨": 1, "外形": 1, "7座": 1, "SUV": 2, "车型": 1, "大块头": 1, "轴距": 1, "12.99万": 1, "~": 1, "车": 1, "展现": 1, "魅力": 1, "造型": 2, "风格": 2, "动感": 1, "霸气": 1, "硬朗": 1, "大气": 1, "实在": 1, "颠覆": 1, "认知": 1, "届": 1, "设计师": 1, "点赞": 1, "不难": 1, "辅助": 1, "驾驶": 2, "齐齐": 1, "合资界": 1, "霸主": 1, "映衬": 1, "特寒碜": 1, "车光": 1, "足以": 1, "满意": 1, "现代人": 1, "忘": 1, "项": 3, "硬指标": 1, "右边": 1, "中控": 1, "有种": 1, "仿佛": 1, "回到": 1, "20年": 1, "赶脚": 1, "爷爷": 1, "仔细": 1, "探究": 1, "车载": 1, "DiLink": 1, "网联": 1, "100%": 1, "车机": 1, "OTA": 1, "远程": 1, "车身": 1, "361": 1, "传感器": 1, "66": 1, "控制": 1, "权限": 1, "水准": 1, "G": 1, "BOOK": 1, "整整": 1, "国际化": 1, "造车": 1, "动力": 1, "底盘": 1, "逊色": 1, "大五": 1, "七": 1, "购车": 1, "一步到位": 1, "用车": 1, "压倒性": 1, "碾压": 1, "虚高": 1, "溢价": 1, "简直": 1, "大快人心": 1, "朋友们": 1, "资车": 1, "光环": 1, "蒙蔽": 1, "眼": 1, "放": 1, "真金": 1, "好货": 1, "来源于": 1, "整理": 1, "删除": 1, "历史": 1, "热点": 1, "阅读": 1, "海外": 1, "国王": 1, "力邀": 1, "云轨": 2, "摩洛哥": 1, "老": 1, "司机": 1, "哭晕": 1, "明年": 1, "2月": 1, "19日": 1, "广安": 1, "通车": 1, "预言": 1, "必将": 1, "万亿": 1, "市值": 1, "公司": 1, "股价": 1, "400": 1, "工衣": 1, "特么": 1, "好看": 1, "因素": 2, "逼": 1, "麒麟OS": 1, "的确": 1, "优先": 1, "生态链": 1, "两手": 2, "半导体": 1, "吃惯": 1, "震惊": 1, "备受": 1, "组成部分": 1, "正是": 1, "回想": 1, "依然": 3, "耐人寻味": 1, "出于": 1, "粮食": 1, "傻": 1, "反对": 1, "尽可能": 1, "好好": 1, "卖给": 1, "稍微": 1, "差一点": 1, "凑合": 1, "时过境迁": 1, "应验": 1, "任老": 1, "说话": 1, "布局": 1, "箭在弦上": 1, "项目": 1, "贸易战": 1, "外在": 1, "明朗": 1, "加上": 1, "政府": 2, "直至": 1, "联邦": 1, "提起": 1, "国防": 1, "授权法": 1, "第889": 1, "条款": 2, "违反": 1, "宪法": 1, "国会": 1, "立法": 1, "惩罚": 1, "从未": 1, "展示": 1, "予以": 1, "增购": 1, "倍": 1, "零配件": 1, "鼓励": 1, "游说": 1, "华建厂": 1, "措施": 1, "供应链": 1, "断裂": 1, "持久战": 1, "2012": 1, "手段": 1, "收回": 1, "使用权": 1, "余承总": 1, "迫不得已": 1, "首选": 1}