{"小米": 24, "CC9": 16, "Pro": 14, "如期": 1, "科技": 1, "园区": 1, "发布": 1, "主打": 1, "拍照": 9, "系列": 1, "手机": 18, "Pro不计": 1, "成本": 2, "款": 2, "堆叠": 1, "夸张": 2, "相机": 4, "配置": 1, "首款": 1, "量产": 1, "1亿": 2, "像素": 8, "后置": 1, "5": 3, "颗": 5, "摄像头": 11, "包括": 1, "：": 2, "支持": 3, "10": 2, "倍": 6, "混合": 2, "变焦": 8, "超长焦": 1, "镜头": 3, "、": 5, "1200万": 1, "人像": 3, "2000万": 2, "超广角": 2, "1.5": 1, "厘米": 1, "对焦": 1, "微距": 2, "毫无": 1, "套": 2, "组合": 2, "智能": 1, "领域": 1, "硬件": 1, "基础": 1, "拿捏": 1, "住": 1, "全球": 1, "著名": 1, "图像": 7, "测评": 1, "机构": 1, "DxOMark": 5, "答案": 1, "评价": 1, "测试": 11, "静态": 1, "视频": 2, "成像": 1, "送测": 1, "Pro尊": 6, "享版": 6, "整体": 1, "得分": 6, "121分": 1, "这是": 2, "迄今": 2, "华为": 6, "Mate": 4, "30": 4, "列为": 1, "总体": 1, "照片": 5, "分比": 1, "Pro低": 1, "2分": 1, "130": 1, "132": 1, "有史以来": 1, "102分": 1, "最高分": 1, "1": 1, "差": 2, "领先于": 1, "谷歌": 1, "Pixel": 1, "4": 2, "三星": 4, "Note": 4, "10+": 4, "5G": 4, "指出": 1, "搭载": 1, "DXOMARK": 1, "Camera": 1, "基准": 1, "内": 1, "发现": 1, "标准": 1, "焦距": 2, "拍摄": 6, "2700万": 1, "(": 4, "6016": 1, "4512": 1, ")": 4, "远": 3, "摄": 3, "1219万": 1, "4032": 1, "3024": 1, "799万": 1, "3264": 1, "2448": 1, "2011万": 1, "5184": 1, "3880": 1, "宣传": 1, "任意": 1, "切换": 1, "独立": 1, "工作": 2, "亮点": 5, "—": 2, "此次": 1, "项目": 2, "无疑": 1, "焦": 1, "引以为豪": 1, "优势点": 1, "光学": 1, "109": 1, "类似": 1, "原始": 1, "介于": 1, "之间": 1, "距离": 1, "均": 1, "生成": 1, "质量": 1, "远摄": 1, "表现": 5, "尤为": 1, "出色": 6, "协同": 1, "提供": 1, "高达": 1, "功能": 1, "中远": 1, "相比": 3, "Mate30": 3, "Note10+5G": 2, "裁剪图": 1, "细节": 4, "时钟": 1, "保留": 3, "到位": 2, "纹理": 3, "噪点": 5, "第一": 1, "高分之外": 1, "得益": 1, "传感器": 1, "大像素": 1, "优势": 2, "户外": 4, "室内": 2, "条件": 1, "都": 3, "勾勒": 1, "出绝": 1, "精细": 1, "拿下": 1, "84": 1, "上图": 1, "Galaxy": 3, "很": 6, "控制": 4, "类别": 1, "情况": 2, "蓝天": 1, "斑块": 1, "少量": 1, "亮度": 1, "总体而言": 1, "1lux": 1, "最低光": 1, "1000lux": 1, "场景": 1, "夜景": 1, "近年来": 1, "算法": 1, "优化": 1, "一个": 2, "夜间": 4, "拥有": 1, "四": 1, "闪光灯": 4, "自动": 1, "闪光": 1, "模式": 2, "正确": 2, "触发": 1, "测标": 1, "曝光": 2, "低": 3, "红眼": 1, "关闭": 1, "曝光度": 4, "太": 1, "丢失": 1, "背景": 2, "光位": 3, "项": 1, "在于": 1, "肤色": 1, "呈现": 1, "自然": 3, "归功": 1, "专用": 2, "柔光": 1, "组样": 1, "对比": 1, "启用": 1, "样张": 1, "带来": 1, "色彩": 2, "亮": 1, "稍微": 1, "显得": 1, "广角": 5, "Pro配": 1, "素超": 1, "溢光": 1, "剪切": 1, "算": 1, "不错": 1, "都会": 2, "彩色": 1, "边纹": 1, "白": 1, "平衡": 1, "准确": 1, "演色性": 1, "低光": 1, "污迹": 1, "超": 1, "几何": 1, "畸变": 1, "117": 1, "度": 1, "视场": 1, "宽广": 1, "边缘": 1, "损失": 1, "清晰度": 1, "天空": 1, "紫色色偏": 1, "动态": 1, "顶级": 3, "提升": 1, "空间": 1, "雷军": 1, "发布会": 1, "排名": 3, "前列": 1, "贵": 1, "想": 2, "做出": 1, "世界": 1, "海量": 1, "材料": 2, "投入": 2, "研发": 1, "代价": 1, "正式": 1, "晋级": 1, "联盟": 1, "价格": 1, "确实": 1, "五": 1, "5000": 1, "元": 1, "本文": 1, "数据": 1, "来源": 1}