{"国内": 2, "市场": 5, "开售": 2, "5G": 27, "手机": 30, "华为": 80, "中兴": 1, "小米": 9, "三星": 6, "款": 19, "、": 16, "vivo": 1, "总共": 1, "六": 1, "分为": 1, "高通系": 3, "Mate": 19, "X": 7, "定价": 3, "6199": 1, "元": 15, "产品": 9, "杂乱": 1, "3699": 2, "起售": 1, "9": 7, "Pro": 17, "7999": 1, "Note": 2, "10+": 2, "价格": 9, "差距": 1, "倍": 2, "相比": 4, "便宜": 2, "iQOO": 1, "贵": 7, "至少": 1, "两千": 2, "块": 5, "比起": 1, "配置": 6, "去年": 1, "发布": 7, "基础": 1, "版": 1, "太": 1, "变化": 1, "巴龙": 3, "5000": 3, "基带": 3, "充电": 4, "功率": 3, "提升": 3, "40W": 2, "旗舰": 8, "升级版": 1, "30W": 1, "无线": 1, "超大号": 1, "横向": 1, "线性": 1, "马达": 1, "全方位": 1, "都": 12, "带来": 2, "体验": 1, "值得一提的是": 1, "功能": 3, "全方面": 1, "依然": 1, "不错": 1, "重量": 2, "厚度": 1, "机型": 1, "口径": 1, "全球": 3, "首款": 1, "双模": 2, "支持": 7, "NSA+SA": 1, "模全": 1, "网通": 1, "采用": 9, "先进": 1, "7nm": 1, "工艺": 4, "X50": 1, "NSA": 2, "网络": 10, "28nm": 2, "制程": 1, "入网": 1, "模式": 1, "导致": 1, "功耗": 1, "都会": 2, "优于": 1, "高通X50": 1, "回来": 1, "现阶段": 3, "意义": 1, "不大": 1, "商品": 1, "页面": 1, "发现": 3, "一点": 3, "：": 2, "SA": 3, "能力": 2, "取决于": 1, "可用": 1, "软件": 1, "版本": 10, "商用": 1, "基本上": 2, "等到": 1, "明年": 1, "才": 1, "规模化": 1, "建设": 1, "设备": 1, "运营商": 1, "提供": 1, "服务": 1, "挺": 1, "可惜": 3, "原因": 2, "品牌": 2, "定位": 1, "相对来说": 1, "很": 8, "推荐": 2, "购买": 3, "官方": 1, "30": 4, "系列": 6, "5G版": 2, "11月": 1, "初": 1, "开卖": 1, "喜欢": 5, "朋友": 1, "忍忍": 1, "买": 10, "选择": 9, "无SA": 1, "无所谓": 1, "值得": 5, "毕竟": 1, "性价比": 5, "高端点": 1, "最终": 1, "预算": 1, "！": 14, "王": 1, "石头": 1, "本文": 1, "点赞": 1, "天才": 2, "很多": 6, "大佬": 1, "认同": 1, "称之为": 1, "李一": 14, "男": 14, "正是": 1, "一个": 5, "传奇": 1, "人物": 1, "他用": 1, "极少": 1, "时间": 3, "副总裁": 2, "任正非": 9, "主动": 2, "喊": 1, "干": 2, "儿子": 1, "李彦宏": 1, "发出": 2, "百度": 1, "CEO": 1, "任职": 2, "邀请": 2, "聪明": 1, "放": 1, "发光": 1, "发亮": 1, "七百万": 2, "监狱": 1, "27": 2, "岁": 2, "成华": 1, "年轻": 1, "接班人": 3, "培养": 2, "如今": 3, "判刑": 1, "简历": 1, "不禁": 1, "声": 1, "感叹": 1, "十五": 1, "华中": 1, "理工": 1, "大学": 2, "少年": 1, "班": 1, "意味着": 1, "远远": 1, "超越": 2, "同龄人": 1, "别人": 1, "毕业": 2, "年纪": 1, "硕士": 2, "学业": 1, "经历": 2, "处在": 1, "迅猛": 1, "发展": 2, "阶段": 1, "梭哈": 1, "交换机": 2, "研究": 1, "15": 2, "高级": 1, "工程师": 1, "加持": 1, "完善": 1, "SDH": 1, "技术": 6, "成功": 1, "电信": 1, "开拓": 1, "做出": 1, "贡献": 1, "努力": 1, "1995年": 1, "任命": 1, "总部": 1, "总工程师": 1, "优秀": 1, "年轻人": 1, "例外": 1, "一眼": 1, "老板": 1, "几率": 1, "意识": 1, "万万": 1, "想到": 1, "2000年": 1, "公司": 7, "财务处": 1, "分红": 1, "股权": 1, "辞职": 1, "走": 3, "处境": 1, "差": 1, "销售": 1, "收入": 2, "猛跌": 1, "下降": 1, "幅度": 1, "一半": 1, "皮肤癌": 1, "手术": 1, "带走": 1, "人员": 1, "真的": 2, "件": 1, "地道": 1, "事情": 1, "开办": 1, "一家": 3, "正面": 3, "竞争": 2, "呆": 1, "长": 1, "合作": 1, "对象": 1, "熟悉": 1, "手段": 1, "策略性": 1, "追杀": 1, "麾下": 1, "道义": 1, "肯定": 1, "信任": 1, "可想而知": 1, "日子": 1, "好过": 1, "终于": 1, "忍": 1, "离开": 1, "创投": 1, "期间": 1, "内幕": 1, "交易": 1, "嫌疑": 1, "赃款": 1, "当地": 1, "警方": 1, "查到": 1, "拘留": 1, "并判": 1, "有期徒刑": 1, "6": 2, "手里": 1, "好牌": 1, "打烂": 1, "智慧屏": 3, "加速": 1, "搭建": 2, "中国": 7, "国产": 4, "供应链": 4, "体系": 4, "电视": 10, "元器件": 1, "屏幕": 11, "这项": 1, "成本": 2, "占": 3, "80%": 1, "每家": 1, "面板厂": 1, "试图": 1, "供应商": 5, "有望": 1, "改变": 1, "产业": 1, "格局": 1, "近日": 1, "报道": 1, "称": 1, "TCL": 2, "华星": 7, "光电": 7, "65": 1, "英寸": 5, "独供": 1, "名": 2, "面板": 4, "高层": 1, "记者": 5, "QL": 1, "ED量子": 1, "求证": 1, "对方": 1, "说法": 1, "属实": 1, "智能": 2, "厂商": 2, "界面": 1, "新闻": 1, "回应": 1, "对此": 1, "知情": 1, "三类": 1, "内部": 1, "供": 10, "三": 6, "70%": 1, "份额": 1, "30%": 1, "人士": 3, "补充": 1, "本来": 1, "选": 1, "台湾": 1, "友达": 2, "质量": 1, "预期": 1, "供货": 1, "领域": 1, "韩国": 1, "LGD": 2, "龙头": 1, "优先": 2, "行业": 1, "分析": 1, "核心": 1, "在于": 2, "销量": 1, "信心": 1, "十足": 2, "稳定": 1, "目标": 1, "未来": 1, "三年": 1, "内": 1, "20%": 1, "产能": 1, "出货量": 3, "1,000万": 1, "台": 2, "对接": 1, "段": 2, "荣耀": 2, "55": 1, "智慧": 1, "屏": 1, "京东方": 1, "量子点": 3, "颗粒": 1, "量子点膜": 1, "方向": 1, "(": 1, "7283692": 1, ")": 1, "硬": 1, "实力": 3, "站稳": 1, "脚跟": 1, "中高端": 1, "进发": 1, "对标": 1, "苹果": 1, "消费者": 1, "挑花眼": 1, "五": 2, "看准": 1, "错": 1, "简单": 1, "介绍": 1, "含": 1, "优缺点": 1, "需求": 1, "均衡": 1, "充满": 1, "旗舰机": 3, "2K": 3, "级别": 2, "OLED": 3, "这是": 1, "近期": 1, "唯一": 2, "曲面": 4, "玻璃": 2, "6.39": 2, "大小": 1, "适中屏": 1, "占比": 1, "整机": 2, "在手": 1, "舒适": 1, "背面": 1, "浴霸": 1, "摄": 4, "呈": 1, "居中": 1, "排列": 1, "对称": 1, "美": 1, "翡": 2, "冷翠": 2, "配色": 5, "P30": 7, "天空": 2, "境": 2, "好看": 1, "耐": 1, "麒麟980": 3, "处理器": 6, "4200": 1, "mAh": 1, "电池": 3, "40": 1, "W快": 1, "排": 1, "DXO": 1, "第六": 1, "后置": 3, "系统": 2, "缺点": 1, "刘": 1, "海屏": 1, "算是": 2, "槽": 1, "6+128GB": 1, "第三方": 2, "报价": 2, "3580": 1, "价位": 4, "对手": 1, "Mate20": 2, "拥有": 5, "保留": 1, "顶级": 1, "设计": 5, "水准": 3, "浴霸式": 1, "3D": 1, "精致": 1, "圆润": 1, "手感": 1, "处于": 2, "主流": 1, "麒麟": 3, "980": 1, "4000": 1, "mAh大": 1, "22.5W快充": 1, "推送": 1, "EMUI": 1, "10": 1, "更新": 1, "+": 4, "64GB": 1, "2400-2500": 1, "难得": 1, "小屏": 1, "显得": 1, "难能可贵": 1, "6.1": 1, "1080P": 1, "前提": 1, "显示": 2, "要好": 1, "165g": 1, "单手": 1, "操作": 1, "毫无": 1, "压力": 1, "意手感": 1, "女生": 1, "nova": 3, "5": 3, "小鲜肉": 1, "代言": 1, "主打": 1, "姐姐": 1, "时尚": 2, "颜值": 1, "超高": 1, "意外": 1, "屏下": 1, "指纹": 2, "NFC": 1, "前后置": 1, "拍照": 4, "表现": 1, "不俗": 1, "一大": 1, "卖点": 1, "绿": 1, "蓝": 1, "橙": 1, "紫配色": 1, "潮流": 1, "摄像头": 2, "位置": 1, "散发": 1, "一道道": 1, "炫光": 1, "潮流感": 1, "Mate30": 2, "4G": 2, "过渡期": 1, "普通人": 1, "一步到位": 1, "售价": 1, "700": 3, "仅仅": 1, "增加": 3, "频率": 1, "NPU": 2, "核": 1, "也就是说": 2, "麒麟990": 1, "性能": 2, "强大": 2, "亏": 1, "笔者": 2, "建议": 1, "想": 1, "不妨": 1, "上市": 1, "到手": 1, "过时": 1, "血亏": 1, "10月份": 1, "iPhone": 2, "悉数": 1, "捡漏": 1, "降价": 3, "老": 1, "1600万": 1, "再次": 1, "感到": 1, "良心": 2, "Mate20Pro": 14, "跳水": 2, "网友": 2, "却说": 1, "无奈": 4, "到底": 1, "出色": 2, "输": 1, "余承东": 1, "激动": 1, "980七": 1, "第一": 3, "首发": 1, "Cortex-A76": 1, "架构": 1, "具备": 3, "69亿": 1, "颗": 1, "晶体管": 1, "世界": 1, "芯片": 2, "展示": 2, "风采": 1, "外观": 2, "刘海": 1, "Mate30Pro": 3, "延续": 1, "风格": 1, "曲": 1, "面屏": 1, "HDR": 1, "还要": 1, "徕卡": 1, "认证": 1, "备受": 1, "认可": 1, "4000万": 2, "2000万": 1, "800万": 1, "搭配": 1, "素主": 1, "IMX600": 1, "传感器": 1, "像素": 1, "尺寸": 1, "1": 1, "μ": 1, "光圈": 1, "F/1.8": 1, "等效": 1, "3": 1, "光学": 1, "变焦": 1, "保证": 1, "成像": 1, "超过": 1, "iPhoneXsMax": 1, "跌": 3, "4499": 2, "一度": 1, "4199": 1, "起步": 2, "原本": 1, "6GB": 1, "128GB": 2, "5399": 1, "跌幅": 1, "千": 1, "确实": 1, "当中": 1, "现如今": 3, "早已": 1, "突破": 1, "两千万": 1, "优势": 1, "荡然无存": 1, "990": 1, "诞生": 1, "3999": 1, "识别": 1, "标准版": 1, "四千": 1, "iPhoneXR": 1, "4999": 1, "对比": 2, "五百": 1}