{"ALENG": 1, "媒体": 9, "6月": 12, "7日": 4, "午间": 1, "专稿": 1, "美国": 76, "贸易": 2, "禁令": 9, "影响": 7, "中国": 37, "科技": 8, "巨头": 11, "华为": 273, "遭受": 3, "公司": 35, "围猎": 2, "谷歌": 45, "禁止": 11, "新机": 8, "Android": 5, "系统": 48, "、": 69, "AMD": 1, "取消": 6, "授权": 3, "全球": 37, "社交": 6, "Facebook": 11, "队伍": 1, "执行": 1, "预置": 4, "包括": 8, "在内": 1, "路透社": 3, "消息": 15, "证实": 1, "WhatsApp": 2, "Instagram": 2, "现有": 2, "设备": 9, "意味着": 6, "第二": 7, "智能": 9, "手机": 55, "生产商": 1, "平台": 4, "人数": 2, "最多": 2, "截至": 3, "2018年": 5, "季度": 1, "月活": 1, "用户": 7, "数量": 1, "超过": 12, "22亿": 1, "均": 2, "旗下": 3, "商店": 4, "安装量": 1, "10亿": 1, "创始人": 3, "马克zhkbg华": 1, "安装": 3, "服务": 10, "最终": 2, "款": 8, "打击": 5, "沉重": 2, "销售": 3, "收入": 4, "接近": 1, "一半": 2, "海外": 2, "市场": 22, "热门": 1, "未来": 2, "发布": 7, "操作": 25, "解决": 4, "外媒": 2, "担心": 2, "件": 3, "塞翁失马": 1, "焉知祸福": 1, "事情": 6, "有助于": 1, "名正言顺": 1, "推广": 2, "红海": 1, "争得": 1, "战略": 3, "主动权": 1, "针对": 9, "总归": 1, "利益": 3, "驱使": 1, "都": 26, "眼睁睁": 1, "庞大": 1, "独家": 2, "拿走": 1, "到来": 1, "发现": 4, "来不及": 1, "一夜间": 1, "市值": 3, "蒸发": 3, "87亿": 4, "联邦": 26, "快递": 39, "做梦": 2, "想到": 3, "1日": 2, "部门": 1, "发生": 2, "未": 2, "名址": 1, "投递": 1, "快件": 1, "寄送": 1, "错送": 5, "损害": 4, "合法": 3, "权益": 3, "违反": 3, "快递业": 1, "法规": 1, "对此": 3, "立案": 1, "调查": 2, "声明": 6, "北京": 2, "时间": 10, "3日": 5, "19：00": 1, "周一": 1, "美": 1, "股盘": 1, "骤降": 1, "3.14%": 1, "跌幅": 1, "计算": 1, "开盘": 1, "12.6亿": 1, "美元": 3, "元": 6, "人民币": 3, "A股": 1, "物流": 2, "板块": 1, "逆势": 1, "上涨": 1, "4": 4, "砸": 2, "脚": 2, "便宜": 1, "对手": 2, "究竟": 2, "做出": 4, "看似": 1, "愚不可及": 1, "价值": 1, "包裹": 11, "5月": 15, "23日": 2, "网友": 4, "曝料": 1, "称": 8, "情况": 5, "转移": 2, "当日": 1, "18时": 1, "42分": 1, "官微": 2, "发声": 1, "否认": 3, "近期": 1, "流传": 1, "客户": 3, "货件": 3, "没收": 1, "转运": 6, "检查": 1, "事实": 3, "不符": 1, "截图": 7, "来源": 11, "：": 18, "新浪": 4, "提供": 8, "单据": 1, "信息": 4, "显示": 11, "19日": 1, "20日": 4, "日本": 5, "东京": 1, "寄": 2, "总部": 1, "孟菲斯": 1, "17日": 1, "越南": 1, "河内": 1, "送往": 1, "香港": 2, "新加坡": 2, "办公室": 1, "21日": 3, "抵达": 1, "送货": 1, "地点": 1, "转运站": 1, "扣押": 1, "运货": 1, "状态": 5, "异常": 1, "28日": 1, "再次": 2, "发微": 1, "承认": 4, "写道": 1, "重视": 1, "交付": 1, "1500万": 2, "少量": 1, "失误": 1, "抱歉": 1, "确认": 1, "外部": 2, "表态": 1, "自相矛盾": 2, "网友们": 1, "番": 1, "说辞": 1, "纷纷": 3, "挑选": 1, "邮寄": 1, "45万": 1, "名": 6, "员工": 8, "真的": 3, "太": 3, "辛苦": 1, "！": 5, "评论": 2, "国内": 7, "国际件": 2, "基本上": 1, "外资": 2, "垄断": 1, "国金": 2, "证券": 2, "数据": 10, "测算": 2, "估计": 1, "包裹量": 1, "占": 1, "我国": 3, "行业": 7, "比重": 1, "2.2%": 1, "预计": 3, "规模": 3, "180亿~200亿": 1, "国际": 12, "件市": 1, "占率": 1, "31%": 1, "位居": 6, "首位": 3, "德国": 2, "DHL": 1, "市占率": 3, "27%": 1, "EMS": 1, "通达系": 1, "申通": 1, "中通": 1, "圆通": 1, "韵达": 1, "第三": 2, "20%": 2, "UPS": 1, "占据": 4, "第四": 1, "17%": 1, "75%": 1, "企业": 36, "控": 1, "近乎": 1, "份额": 7, "敏感": 2, "程度": 3, "有损": 1, "商誉": 1, "猜忌": 1, "政治": 3, "利用": 2, "嫌疑": 1, "等待": 1, "只能": 2, "恶果": 1, "化作": 1, "一干二净": 1, "牺牲品": 1, "善于": 1, "变脸": 2, "组织": 13, "喜欢": 2, "不止": 1, "一家": 8, "15日": 2, "紧急": 3, "特朗普": 4, "国家": 11, "风险": 4, "生产": 3, "电信": 4, "16日": 1, "美国商务部": 3, "产业": 2, "安全局": 2, "BIS": 1, "分布": 1, "26": 1, "地区": 2, "68": 2, "子公司": 4, "纳入": 1, "实体": 4, "清单": 5, "此次": 2, "新增": 1, "首次": 2, "一个": 13, "众多": 4, "美企": 1, "业务": 10, "往来": 1, "封杀": 5, "某种": 2, "提前": 1, "站队": 1, "随之": 1, "彭博社": 1, "英特尔": 3, "高通": 2, "赛灵思": 1, "芯片": 11, "告诉": 1, "停止": 1, "供货": 1, "；": 11, "暂停": 2, "支持": 17, "Mate20Pro": 2, "移除": 2, "安卓Q": 1, "升级": 8, "名单": 4, "英国": 3, "半导体": 4, "ARM": 3, "断供": 6, "海思": 4, "采用": 4, "底层": 3, "技术": 35, "除此以外": 1, "制定": 3, "SD": 3, "记忆卡": 1, "标准": 7, "协会": 6, "USB": 2, "认证": 1, "IF": 1, "PCI": 1, "规范": 3, "PCI-SIG": 1, "WIFI": 3, "联盟": 8, "会员": 5, "资格": 4, "IEEE": 12, "电气": 2, "电子": 2, "工程师": 3, "期刊": 1, "编辑": 3, "审稿人": 1, "如今": 4, "四面楚歌": 1, "毫不为过": 1, "有趣": 1, "选择": 8, "倒戈": 4, "半": 2, "不到": 2, "SD存储卡": 1, "蓝牙": 2, "JEDEC": 1, "恢复": 3, "发表": 1, "参加": 2, "出版": 2, "过程": 2, "同行": 2, "评审": 2, "工作": 2, "额外": 1, "参与": 3, "活动": 2, "雇主": 2, "公众号": 2, "公告": 2, "正式": 6, "来自于": 2, "人士": 5, "迫不得已": 1, "经济": 7, "新闻": 1, "网站": 9, "公布": 2, "供应商": 4, "30": 3, "采购额": 1, "政权": 1, "制裁": 7, "措施": 1, "带来": 7, "痛苦": 1, "传闻": 2, "英": 1, "飞凌": 1, "松下": 1, "东芝": 1, "发": 2, "相符": 1, "第一": 18, "专业": 1, "积体": 1, "电路": 1, "制造": 2, "——": 1, "台积电": 4, "董事长": 2, "刘德音": 2, "政府": 11, "正面": 1, "持续": 7, "出货": 2, "图片": 1, "视觉": 1, "2013年": 2, "曝出": 2, "年前": 1, "PRISM": 2, "计划": 3, "始终": 3, "控制": 1, "棱镜门": 1, "窃听": 1, "主角": 1, "斯诺登": 1, "资料": 2, "隐私": 1, "98%": 1, "基于": 5, "雅虎": 1, "微软": 1, "妥协": 1, "报道": 5, "Q": 4, "厂商": 6, "Mate": 2, "Pro": 2, "现身": 2, "列入": 4, "测试": 1, "系列": 9, "当天": 2, "参考消息": 1, "反垄断": 1, "由头": 1, "亚马逊": 2, "苹果": 11, "脸书": 1, "前所未有": 1, "大规模": 1, "听": 1, "查": 1, "参考": 1, "面对": 3, "压力": 4, "还要": 1, "真相": 1, "一块": 1, "软豆腐": 1, "核心": 4, "实力": 8, "在于": 3, "ICT": 4, "基础": 5, "设施": 3, "并非": 2, "指": 1, "通信": 3, "发展": 8, "历史": 2, "2001年": 1, "打通": 2, "自制": 1, "3G": 3, "距今": 1, "20年": 2, "研发": 11, "历程": 1, "披露": 2, "年报": 1, "去年": 4, "费用": 1, "高达": 3, "千亿": 1, "工信部": 2, "颁发": 1, "5G": 27, "牌照": 5, "标志": 2, "时代": 3, "参与者": 1, "制定者": 1, "2009年": 1, "着手": 2, "研究": 5, "累计": 1, "投入": 8, "20亿": 1, "用于": 3, "产品": 10, "唯一": 1, "端": 2, "商用": 8, "方案": 1, "截止到": 2, "PP": 1, "提交": 6, "提案": 2, "18000": 1, "篇": 1, "ESTI": 1, "专利": 7, "2570族": 1, "排名": 4, "领域": 5, "46": 1, "合同": 1, "基站": 2, "发货量": 1, "10万": 1, "居": 1, "产品线": 1, "总裁": 4, "杨超斌": 1, "联通": 1, "实验": 2, "临时": 1, "通讯": 2, "设备商": 2, "营收": 1, "增长点": 1, "应对": 2, "92": 1, "33": 1, "台湾": 1, "研究院": 1, "研究员": 1, "刘佩真": 1, "禁售": 1, "货品": 1, "软件": 5, "势必": 1, "付出": 2, "代价": 1, "美股": 1, "科技股": 1, "下跌": 3, "Alphabet": 1, "跌近": 1, "2%": 2, "跌超": 2, "1%": 2, "涨幅": 2, "收窄": 1, "1.4%": 2, "股": 1, "集体": 1, "费城": 1, "指数": 1, "跌": 2, "微芯": 1, "超": 3, "3%": 1, "英伟": 1, "达跌": 1, "相比": 2, "元件": 1, "依赖": 2, "自研": 1, "首款": 3, "芯片组": 1, "天罡": 1, "终端": 3, "基带": 1, "巴龙": 2, "处理器": 4, "麒麟980": 3, "安卓": 28, "生态": 8, "此前": 4, "第三方": 2, "机构": 4, "Gartner": 2, "3月": 2, "iPhone": 1, "降": 1, "11.9%": 1, "销量": 4, "5410万": 1, "台": 4, "4460万": 1, "三星": 5, "20.5%": 1, "降至": 1, "19.2%": 1, "10.5%": 1, "15.7%": 1, "反超": 1, "5840万": 1, "IDC": 2, "2019年": 3, "Q1": 1, "出货量": 5, "得益于": 1, "Mate20": 3, "荣耀": 1, "nova": 1, "增长": 2, "5910万": 1, "同比": 2, "大涨": 1, "50.3%": 1, "上榜": 1, "品牌": 4, "对比": 3, "7190万": 1, "下降": 1, "8.1%": 1, "增": 1, "减": 1, "颇": 1, "超越": 2, "趋势": 1, "断绝": 1, "相当于": 1, "一大": 1, "24日": 3, "知识": 8, "产权局": 4, "商标局": 3, "申请": 6, "鸿蒙": 10, "商标": 5, "自行": 2, "长": 1, "7": 2, "适用于": 1, "电脑": 2, "平板": 3, "电视": 1, "汽车": 1, "穿戴": 3, "全新": 3, "值得": 5, "OS": 3, "兼容": 3, "Web": 1, "编译": 2, "运行": 1, "性能": 5, "提升": 7, "60%": 2, "小米": 1, "OPPO": 1, "VIVO": 1, "40%": 2, "强势": 1, "势头": 2, "联合": 1, "搭载": 5, "地位": 3, "举措": 2, "坚定": 1, "立场": 2, "事件": 1, "商务部": 1, "31日": 1, "建立": 3, "可靠": 1, "制度": 1, "正当": 1, "外国": 3, "单独": 1, "点名": 1, "份": 2, "成员": 2, "昨天": 1, "世界": 8, "瑞典": 1, "爱立信": 2, "回应": 2, "植根": 1, "创新": 5, "优质": 1, "三大": 1, "运营商": 1, "友好": 1, "合作": 9, "关系": 2, "携手": 1, "伙伴": 4, "推动": 1, "无论是": 1, "环境": 1, "角度": 1, "看起来": 1, "道理": 1, "倒是": 1, "搬": 1, "石头": 1, "校对": 1, "彭玉凤": 1, "事务": 4, "副总裁": 5, "加拿大": 14, "执法": 3, "程序": 10, "滥用": 5, "孟": 24, "女士": 23, "释放": 2, "6日": 1, "上午": 1, "9：30": 1, "凌晨": 1, "00：30": 1, "法院": 1, "案件": 4, "法律": 4, "层面": 3, "讨论": 1, "Benjamin": 3, "Howes": 3, "孟晚舟": 1, "律师": 8, "打压": 5, "总统": 2, "相关": 6, "言论": 2, "因素": 2, "驱动": 2, "出于": 3, "法治": 2, "以此": 2, "提请": 2, "法庭": 2, "为由": 3, "终止": 2, "引渡": 7, "全文": 1, "早上": 1, "现任": 1, "感谢": 1, "关注": 3, "代表": 1, "简短": 1, "理解": 1, "司法": 2, "尊重": 1, "稍后": 1, "回答": 1, "指控": 5, "犯罪": 3, "符合": 1, "引渡法": 1, "原则": 1, "伊朗": 3, "实施": 2, "单边": 1, "金融": 4, "银行": 5, "交易": 1, "导致": 2, "损失": 3, "2020年": 1, "1月份": 1, "动议": 2, "反驳": 1, "美方": 2, "欺诈罪": 1, "证据": 3, "材料": 1, "成立": 1, "证明": 2, "误导": 1, "8月": 1, "陈述": 2, "PPT": 1, "误导性": 1, "人员": 1, "判断": 1, "Skycom": 2, "运营": 1, "性质": 1, "后续": 1, "听证会": 1, "中将": 1, "就此": 1, "进一步": 1, "宪法": 1, "权利": 3, "侵害": 2, "机场": 2, "被捕": 1, "披": 1, "外衣": 1, "非法": 1, "搜集": 1, "迫害": 1, "9月": 1, "获取": 1, "12月": 1, "不公平": 1, "待遇": 2, "记录": 2, "捍卫": 1, "公正": 1, "高效": 1, "审理": 1, "此案": 1, "作出": 1, "有利于": 1, "判决": 1, "谢谢": 1, "环球": 1, "时报": 2, "环球网": 2, "观察者": 2, "网讯": 1, "中止": 3, "更新": 4, "能力": 9, "方舟": 5, "接连": 1, "快": 4, "秋天": 2, "晚": 3, "明年": 2, "春天": 2, "面市": 2, "届时": 2, "反而": 3, "加快": 1, "自给自足": 1, "脚步": 1, "着急": 1, "发出": 2, "警告": 1, "编织": 1, "理由": 1, "开发": 9, "版本": 4, "黑客": 3, "攻击": 2, "援引": 3, "三": 2, "高管们": 1, "敦促": 1, "免除": 1, "出口": 2, "促使": 2, "透露": 3, "辩称": 1, "阻止": 1, "打交道": 1, "正版": 1, "混合型": 1, "后者": 2, "漏洞": 1, "面临": 3, "尤其是": 2, "声称": 1, "关注点": 1, "保护": 1, "百万": 1, "当地": 3, "下手": 1, "签署": 1, "行政令": 1, "网络": 4, "赋权": 1, "购买": 2, "敌人": 1, "随后": 1, "70": 1, "分支": 1, "采购": 1, "同一天": 1, "延迟": 1, "90": 1, "管制": 1, "任正非": 4, "直言": 1, "此举": 2, "意义": 1, "做好": 1, "本身": 1, "开源": 2, "公开": 1, "分析": 2, "特性": 1, "包含": 1, "事实上": 1, "早已": 2, "传出": 2, "消费者": 9, "余承东": 2, "打造": 3, "培养": 1, "注册": 1, "标注": 1, "迈出": 1, "构建": 2, "自主": 1, "欧盟": 1, "EUIPO": 1, "收到": 1, "项": 3, "ARK": 1, "赫然": 1, "在列": 1, "业内": 1, "专家": 4, "短期": 1, "内": 2, "伤害": 1, "长远": 1, "迫使": 1, "本土": 1, "变得": 1, "自力更生": 1, "主导": 1, "改用": 1, "西欧": 1, "业务部": 1, "沃特金斯": 1, "Tim": 1, "Waktins": 1, "指出": 2, "输": 1, "制造商": 1, "2005年": 1, "收购": 7, "感到": 1, "生气": 1, "本文": 1, "网": 1, "稿件": 1, "未经": 1, "转载": 1, "前不久": 1, "视野": 1, "很": 6, "舆论": 1, "成果": 1, "眼红": 1, "才": 5, "举动": 1, "很多": 16, "供应链": 1, "民营": 1, "领先": 4, "成绩": 1, "遭遇": 5, "累": 1, "好比": 1, "屏幕": 3, "厂家": 1, "这家": 5, "女": 1, "首富": 1, "惨淡": 1, "暴跌": 1, "500亿": 1, "一体化": 1, "例外": 1, "90多": 1, "成就": 2, "背后": 1, "华为代": 2, "加工": 3, "伟创力": 10, "为此": 1, "富士康": 1, "差不多": 1, "20万": 1, "下达": 1, "前一天": 1, "150": 1, "辆": 1, "卡车": 1, "伟力": 1, "创": 1, "拉回": 1, "原材料": 1, "最为": 1, "无可奈何": 1, "内部": 1, "暂时": 1, "客服": 1, "想法": 2, "公平": 1, "困难": 3, "咬咬牙": 1, "赢得": 1, "鼓励": 1, "做法": 4, "强大": 2, "无奈": 1, "之下": 2, "放弃": 1, "几十亿": 1, "余地": 1, "TechWeb": 1, "型号": 1, "ELE-AL00m": 1, "P30": 6, "4日": 1, "入网": 1, "该机": 1, "配备": 1, "12GB": 3, "超大": 1, "内存": 4, "并未": 1, "在售": 1, "8GB": 1, "64GB": 1, "128GB": 1, "256GB": 1, "容量": 2, "冲上": 1, "超级": 4, "旗舰": 3, "发售": 1, "上架": 1, "尚未": 1, "可知": 1, "6.1": 1, "英寸": 1, "AMOLED屏": 1, "屏下": 1, "指纹": 1, "前置": 1, "3200万": 1, "2.0": 1, "光圈": 1, "摄像头": 5, "后置": 1, "4000万": 2, "1600万": 1, "800万": 2, "像素": 2, "自动": 1, "焦防抖": 1, "美颜": 1, "拍照": 7, "市面": 1, "首屈一指": 1, "电池": 4, "3650": 1, "毫安": 1, "22.5w": 1, "快充": 1, "俄罗斯": 8, "卫星": 1, "通讯社": 1, "面部": 4, "识别": 4, "名为": 1, "VO": 3, "CORD": 3, "经验": 1, "拥有": 2, "买下": 1, "产权": 1, "带走": 1, "深厚": 1, "底蕴": 1, "仅仅": 4, "花费": 1, "5000万": 1, "送": 1, "大礼": 1, "价格": 2, "高出": 1, "几十": 2, "倍": 5, "不得不": 1, "老大哥": 1, "够意思": 1, "低价": 1, "本月": 1, "5日": 1, "MTS": 2, "签订": 1, "协议": 1, "搭建": 1, "重任": 1, "交给": 1, "影响力": 1, "这笔": 2, "订单": 1, "丰厚": 1, "回报": 1, "俄": 1, "抱团": 1, "取暖": 1, "霸凌主义": 1, "常态": 1, "现如今": 1, "就要": 1, "坐视不理": 1, "不少": 1, "忙": 1, "抬": 1, "一手": 1, "关键": 2, "的确": 1, "先进": 3, "MATA20P": 1, "RO": 1, "当中": 8, "结构": 2, "功能": 5, "算": 1, "便捷": 1, "安全性": 1, "佳": 1, "实用": 1, "高清": 1, "摄像": 1, "学习": 3, "这次": 2, "正是": 1, "看中": 1, "算法": 2, "加上": 1, "将来": 1, "水平": 1, "必将": 1, "更上一层楼": 1, "布局": 1, "限于": 1, "节点": 1, "深意": 1, "目的": 1, "更为": 1, "打开": 2, "棋": 1, "成功": 1, "IOS": 1, "三分": 1, "天下": 1, "享誉": 1, "打破": 1, "寡头": 1, "格局": 1, "大势": 1, "迈上": 1, "台阶": 1, "预见性": 1, "极限": 1, "生存": 1, "假设": 1, "十几": 1, "备胎": 1, "足够": 1, "底气": 1, "冲击": 1, "产业链": 2, "贡献": 2, "忽视": 1, "围剿": 1, "瓦解": 1, "学会": 2, "最新": 3, "Wi-Fi": 1, "回来": 1, "Beta": 1, "测试版": 1, "政策": 1, "宽松": 1, "淡定": 2, "使然": 1, "低调": 1, "业界": 2, "备受": 1, "麒麟970": 1, "AI": 2, "率先": 1, "开启": 1, "端侧": 1, "麒麟": 2, "980": 2, "纳米": 1, "工艺": 1, "NPU": 1, "CPU": 1, "5000": 1, "创下": 2, "单芯片": 1, "2G": 1, "4G": 1, "多种": 1, "制式": 1, "Sub-6GHz": 1, "毫米": 1, "波频": 1, "段": 1, "标杆": 1, "峰值": 1, "下载": 1, "速率": 1, "SA（5G": 1, "独立": 2, "组网": 3, "NSA": 1, "方式": 3, "V2": 1, "X（vehicle": 1, "……": 1, "EMUI": 1, "进化": 1, "机制": 1, "重构": 1, "推出": 1, "编译器": 3, "架构机": 1, "加速": 3, "流畅": 1, "体验": 3, "卡顿": 1, "赶上": 1, "iOS": 1, "数字": 2, "流畅度": 2, "24%": 1, "响应": 1, "44%": 1, "极速版": 1, "据悉": 1, "截止": 1, "EMUI8.X": 1, "EMUI9": 2, "用户数": 2, "突破": 1, "8000万": 1, "6月底": 1, "1亿": 1, "BG": 1, "王成录": 1, "博士": 1, "接受": 2, "采访": 3, "三年": 1, "70%": 1, "东西": 1, "跟随": 1, "反哺": 2, "原生": 2, "F2FS": 1, "无线": 2, "投屏": 1, "技术点": 1, "一句话": 1, "动力": 1, "聚焦": 2, "引领者": 1, "至少": 1, "700多": 1, "数学家": 1, "800多": 1, "物理学家": 1, "120多": 1, "化学家": 1, "6000多": 1, "6万多": 1, "组合": 1, "在编": 1, "15000": 1, "科学家": 1, "金钱": 2, "60000": 1, "应用型": 1, "人才": 1, "年会": 1, "拿出": 1, "年收入": 1, "10%": 1, "之中": 1, "金额": 1, "4850亿": 1, "1000亿": 1, "护城河": 1, "申请量": 1, "5450": 1, "远远": 1, "高于": 1, "WIPO": 1, "占比": 1, "15%": 1, "科研": 1, "造就": 1, "一批": 2, "优秀": 2, "影像": 2, "冲锋": 1, "P系列": 1, "改写": 1, "规则": 1, "潜望式": 1, "长焦": 1, "镜头": 1, "OIS+AIS": 1, "双重": 1, "防抖": 1, "5": 1, "光学": 1, "变焦": 4, "10": 1, "混合": 1, "50": 2, "数码": 2, "震撼": 1, "效果": 2, "感光": 1, "传感器": 1, "不再": 2, "传统": 2, "RGGB": 1, "RYYB滤": 1, "光阵列": 1, "进光量": 1, "阵列": 1, "重塑": 1, "暗光": 1, "场景": 7, "拍摄": 1, "热销": 1, "汇聚": 1, "黑科技": 1, "广角": 1, "微距": 1, "夜景": 1, "一体": 1, "反向": 1, "充电": 4, "X": 1, "石墨烯": 1, "散热": 1, "3D": 1, "Huawei": 1, "Share": 1, "3.0一": 1, "碰": 1, "传": 1, "NM": 1, "存储卡": 1, "有条不紊": 1, "智慧": 5, "落地": 2, "大中华区": 1, "朱平": 1, "掀起": 1, "场": 1, "生活": 5, "变革": 6, "零售": 1, "渠道": 1, "营销": 1, "这一切": 1, "品质": 1, "中心": 1, "立足": 1, "协同": 1, "牵引": 1, "1+8+N": 1, "1": 1, "四": 2, "大屏": 1, "入口": 2, "PC": 1, "HD": 1, "车机": 1, "非大屏": 1, "AI音箱": 1, "耳机": 1, "VR": 1, "8": 1, "N": 1, "泛IoT": 1, "硬件": 5, "HiLink": 1, "HiAI": 1, "智慧化": 1, "体验店": 1, "SI": 1, "SI3.5": 1, "用场": 1, "景化": 1, "沉浸式": 1, "展示": 1, "深度": 2, "沟通": 1, "设有": 1, "学堂": 1, "交流": 1, "课程": 2, "6": 1, "课件": 1, "14": 1, "课": 1, "增加": 2, "人群": 1, "喜好": 1, "定制化": 1, "简单": 1, "技能": 1, "激发": 1, "创造": 1, "分享": 1, "预料": 1, "惊喜": 1, "期待": 1, "画风": 1, "突变": 1, "国外": 2, "近段": 1, "抵制": 1, "层出不穷": 1, "集火": 1, "目标": 1, "局面": 1, "发酵": 1, "电商": 1, "本来": 1, "缺货": 1, "挂上": 1, "解开": 1, "反悔": 1, "连绵不绝": 1, "想要": 1, "留路": 1, "动作": 1, "拉拢": 1, "相比之下": 1, "笔者": 2, "小觑": 1, "400多": 1, "担任": 1, "重力": 1, "职位": 1, "高度": 1, "排挤": 1, "减少": 1, "所以说": 1, "到底": 1, "显得": 1, "运筹帷幄": 1, "慌张": 1, "感觉": 1, "暖心": 1, "雷军": 1, "挖人": 1, "华为人": 1, "从头到尾": 1, "退缩": 1, "自己人": 1, "提及": 1, "国产": 2, "具备": 1, "确实": 4, "过于": 1, "溺爱": 1, "捧杀": 3, "比如说": 1, "P30Pro": 12, "机型": 1, "想": 1, "出色": 1, "+": 3, "2000万": 1, "TOF四": 1, "水准": 3, "不错": 2, "点赞": 1, "iPhoneXsMax": 1, "1200万": 1, "一流": 1, "P30pro": 1, "差距": 2, "终究": 1, "长远之计": 1, "也就是说": 1, "调教": 1, "空间": 1, "优点": 1, "续航": 2, "内置": 1, "4200": 1, "mAh": 1, "40W": 1, "功率": 2, "肯定": 1, "努力": 1, "相近": 1, "优势": 1, "缩小": 1, "接下来": 1, "缺点": 2, "骁龙": 1, "855": 1, "A12": 1, "一点": 1, "总会": 1, "或许": 1, "宽容": 1, "难道": 1, "劣势": 1, "1080P": 1, "分辨率": 1, "5488": 1, "素质": 1, "完美": 1, "功耗": 1, "2K": 1, "冲突": 1, "3.5": 1, "耳机孔": 1, "配置": 1, "IP": 1, "级别": 1, "防水": 2, "防尘": 1, "曝光": 1, "类似": 1, "S10": 1, "骄傲": 1, "直视": 1, "客观": 1, "绝不": 1, "希望": 1}