{"参考": 2, "消息网": 2, "2月": 5, "14日": 2, "报道": 5, "外媒": 1, "称": 5, "新西兰": 10, "情报": 2, "机构": 2, "国家": 4, "为由": 1, "禁止": 2, "中国": 35, "华为": 49, "公司": 14, "参与": 3, "当地": 4, "5G": 5, "网络": 3, "基础": 3, "建设": 3, "时间": 1, "13日": 3, "报纸": 2, "刊登": 2, "整版": 1, "广告": 4, "：": 2, "橄榄球": 3, "热衷": 1, "运动": 2, "批评": 1, "该国": 1, "政府": 3, "决策": 1, "美国": 7, "CNBC": 1, "电视台": 1, "网站": 3, "本周": 1, "包括": 3, "Stuff": 1, "先驱报": 1, "在内": 2, "主流": 1, "指": 1, "错失": 1, "先进": 2, "科技": 3, "消费者": 6, "付出": 1, "价格": 6, "蒙受": 1, "损失": 1, "2018年": 7, "11月": 1, "理由": 2, "拒绝": 1, "申请": 1, "设备": 3, "纳入": 1, "部署": 1, "担忧": 1, "担心": 1, "间谍": 1, "活动": 1, "否认": 1, "说法": 2, "英国": 2, "卫报": 1, "专家": 1, "闪电战": 1, "旨在": 1, "全国": 1, "——": 1, "吸引": 1, "新西兰人": 1, "副总安德鲁·鲍沃特": 1, "Andrew": 1, "Bowater": 1, "禁令": 1, "对话": 1, "解释": 2, "证据": 1, "不当": 1, "反对": 1, "业务": 3, "威胁": 1, "疑虑": 1, "机会": 1, "网易": 1, "科技讯": 1, "消息": 1, "近日": 1, "媒体": 2, "Verge": 3, "撰文": 1, "指出": 1, "技术": 4, "创新": 4, "产品": 4, "强大": 4, "竞争力": 1, "才": 2, "击败": 2, "苹果": 16, "、": 4, "市场": 48, "成功": 4, "原因": 3, "上周": 1, "金融": 1, "时报": 1, "发布": 1, "调查": 1, "报告": 2, "程度": 4, "大幅": 2, "智能": 8, "手机": 30, "销量": 2, "援引": 1, "33%": 1, "有意": 1, "购买": 8, "选购": 1, "作者": 1, "商店": 1, "销售": 2, "人员": 1, "发表": 1, "评论": 1, "；": 4, "受访者": 1, "有人": 2, "爱国": 1, "象征": 2, "毫无疑问": 1, "客户": 2, "外界": 1, "因素": 5, "影响": 5, "商品": 1, "原产地": 1, "归属感": 1, "制造": 1, "标志": 1, "一个": 6, "情感": 1, "研究": 5, "IDC": 3, "高级": 1, "经理": 1, "基兰": 1, "热特": 1, "考尔": 5, "(": 8, "Kiranjeet": 1, "Kaur": 1, ")": 8, "做出": 1, "采用": 1, "关键": 1, "标准": 1, "观望": 1, "态度": 1, "情绪": 3, "爱国主义者": 1, "支持": 1, "都": 3, "太": 2, "表现": 2, "业绩": 3, "震惊": 1, "小米": 2, "竞争": 4, "对手": 2, "夺取": 3, "不少": 1, "份额": 14, "事实上": 1, "消费": 1, "品牌": 16, "拥有": 3, "支": 1, "力量": 1, "分析": 1, "Canalys": 2, "驻": 1, "上海": 1, "分析师": 1, "贾默": 1, "Mo": 1, "Jia": 1, "音译": 1, "有助于": 4, "提升": 4, "整体": 4, "形象": 5, "竞争性": 1, "国内": 3, "全球": 4, "三星": 5, "巨头": 1, "处于": 1, "水平": 2, "Counterpoint": 3, "Research": 1, "董事": 1, "詹姆斯·严": 1, "James": 1, "Yan": 1, "对此": 2, "赞同": 2, "处理器": 2, "电池": 2, "续航": 1, "能力": 1, "拍照": 1, "性能": 2, "选择": 4, "编辑": 1, "弗拉德·萨沃夫": 1, "Vlad": 1, "Savov": 1, "Mate": 3, "Pro": 2, "描述": 1, "买": 1, "款": 3, "容量": 1, "设计": 1, "精巧": 1, "一流": 1, "软件": 2, "弱": 1, "用户": 2, "有鉴于此": 1, "确立": 1, "顶级": 1, "制造商": 2, "地位": 2, "不足为奇": 1, "27%": 2, "同比": 1, "增长": 7, "7": 1, "百分点": 1, "出货量": 1, "据说": 1, "16%": 1, "停滞": 1, "状态": 1, "一点": 1, "印象": 1, "深刻": 1, "贾": 3, "努力": 1, "很": 5, "进展": 1, "极大": 1, "P系列": 1, "系列": 2, "高端": 7, "光环": 1, "效应": 1, "吸引力": 1, "值得": 2, "信赖": 1, "失败": 1, "唯一": 2, "数据": 1, "显示": 1, "占": 1, "2017年": 2, "第四": 1, "季度": 3, "萎缩": 1, "1%": 1, "认知度": 2, "赶上": 1, "覆盖": 1, "得益": 1, "推出": 1, "低端": 1, "荣耀": 1, "告诉": 1, "旗舰": 3, "足够": 1, "iPhone": 6, "繁荣": 2, "时期": 1, "‘": 1, "卓越": 1, "’": 1, "为时过早": 1, "相比之下": 1, "遭遇": 1, "灾难性": 1, "打击": 1, "估计": 1, "销售额": 1, "下滑": 1, "11.7%": 1, "大于": 1, "放缓": 2, "9%": 1, "五大": 2, "超高": 1, "XS": 2, "Max": 1, "受众": 1, "难": 2, "售价": 2, "超过": 1, "8000": 1, "元": 2, "大众": 1, "XR": 2, "最初": 1, "人民币": 1, "6499": 1, "950": 1, "美元": 1, "Note": 1, "9": 1, "Andriod": 1, "定位": 1, "价位": 1, "入门级": 1, "未能": 1, "确保": 1, "预期": 1, "相对于": 1, "佳": 1, "说华": 1, "填补": 1, "留下": 1, "空白": 1, "电信": 1, "补贴": 1, "低": 1, "玩家": 1, "高科技": 1, "共鸣": 1, "更为": 1, "组合": 1, "支付": 1, "巨额": 1, "溢价": 1, "利润率": 1, "远": 1, "不及": 1, "异常": 1, "糟糕": 1, "归咎于": 2, "忽视": 1, "事实": 1, "抢走": 1, "尤其是": 1, "宣扬": 1, "一家": 2, "服务": 1, "年内": 1, "超越": 1, "仅次于": 1, "第二": 2, "供应商": 4, "情况": 1, "发生": 1, "第三": 1, "首席": 1, "执行官": 1, "蒂姆·库克": 1, "Tim": 1, "Cook": 1, "高昂": 1, "定价": 1, "汇率": 1, "波动": 1, "设定": 1, "地区": 2, "库克": 1, "日前": 1, "公共": 1, "电台": 1, "NPR": 1, "拭目以待": 1, "2019年": 2, "复制": 1, "困难": 2, "换来": 1, "来自于": 1, "金立": 1, "魅族": 1, "厂商": 1, "下降": 1, "12%": 1, "之间": 1, "OPPO": 1, "vivo": 1, "稳定": 1, "极其": 1, "大型": 1, "企业": 2, "规模": 1, "代价": 1, "普及率": 1, "进一步": 2, "整合": 1, "预计": 1, "未来": 1, "缺乏": 1, "亮点": 1, "西方": 1, "提高": 1, "信誉": 1, "海外": 1, "规模化": 1, "发展": 2, "这一切": 1, "推动": 1, "研发": 1, "改善": 1, "国际": 1, "经济": 1, "财务": 1, "挑战": 1, "变得": 1, "挑战性": 1, "个人化": 1, "数不胜数": 1, "显而易见": 1, "很多": 1, "思考": 1}