{"华为": 150, "筹备": 3, "麒麟": 3, "1020": 3, "款": 12, "手机": 44, "首载": 2, "！": 5, "下巴": 4, "+": 4, "超窄": 3, "边框": 6, "品牌": 2, "生产": 1, "产品": 4, "比起": 1, "都": 30, "提升": 3, "比如说": 1, "魅族": 1, "16，一加6T": 1, "mate20": 2, "系列": 8, "身上": 2, "国产": 2, "实力": 8, "越来越": 5, "强大": 6, "不得不": 5, "面对": 2, "一个": 10, "技术": 24, "商家": 2, "制作": 1, "成本": 2, "肯定": 3, "随之": 1, "增加": 2, "价格": 13, "上涨": 1, "真的": 4, "性能": 5, "稍微": 1, "高一": 1, "OPPO": 1, "vivo": 1, "中端": 1, "配置": 1, "卖": 1, "高端": 2, "段": 2, "时间": 9, "小编": 4, "国外": 1, "网站": 1, "条": 1, "mate": 1, "新机": 4, "消息": 5, "mate30": 9, "曝光": 2, "资料": 2, "中小编": 1, "得知": 3, "不仅仅": 3, "很": 21, "提高": 2, "专业": 1, "人员": 1, "分析": 1, "称": 1, "贵": 1, "分享": 1, "外观": 3, "取消": 2, "刘": 2, "海屏": 2, "设计": 10, "取而代之": 1, "全面化": 1, "主屏": 2, "保留": 2, "程度": 2, "缩减": 1, "下边": 1, "框": 1, "去除": 1, "掉": 1, "机身": 2, "两侧": 1, "窄": 1, "占用": 2, "97%": 1, "接近": 2, "百分之百": 1, "数据": 2, "吸引": 3, "背面": 3, "后置": 3, "解锁": 2, "方式": 2, "屏下": 1, "毕竟": 6, "结束": 1, "才": 6, "符合": 2, "时代": 10, "潮流": 1, "内部": 4, "配件": 1, "kirin1020": 2, "研制": 1, "搭载": 1, "麒麟1020": 1, "全面屏": 1, "预计": 3, "明年": 1, "下半年": 1, "上市": 1, "发布": 6, "CPU": 1, "一点": 4, "很多": 5, "网友": 6, "期待": 1, "内存": 1, "组合": 2, "6GB": 1, "128GB": 1, "基础": 3, "10Gb加": 1, "512GB": 1, "整体": 3, "旗舰": 4, "水平": 1, "镜头": 1, "升级": 4, "徕卡": 3, "4": 4, "摄": 3, "本来": 4, "三": 3, "这是": 2, "突破": 4, "节奏": 1, "售价": 2, "外形": 1, "比华": 1, "幅度": 2, "起步": 3, "4300": 1, "元": 3, "5G": 49, "未来": 2, "趋势": 1, "厂商": 11, "、": 14, "通讯": 2, "设备": 20, "企业": 9, "电信": 9, "运营商": 7, "备战": 1, ".": 1, "国内": 7, "中兴": 4, "全球": 11, "业务": 7, "遍布": 1, "话语权": 2, "原因": 1, "智能": 3, "厂": 1, "巨头": 1, "美国": 32, "领先性": 2, "处处": 3, "为难": 3, "阻止": 2, "优秀": 2, "收购": 2, "调查": 2, "发出": 1, "禁令": 1, "缴纳": 1, "巨额": 1, "罚款": 1, "拥有": 2, "优势": 1, "国家": 20, "建立": 1, "合作": 11, "关系": 3, "盟国": 4, "采用": 5, "理由": 2, "竟然": 1, "荒唐": 1, "通信": 6, "超越": 2, "苹果": 5, "第二": 1, "享受": 1, "公平": 1, "待遇": 1, "平台": 2, "下架": 1, "保证": 2, "博通": 1, "高通": 7, "担心": 2, "中国": 10, "近日": 1, "再次": 4, "小心思": 1, "加拿大": 1, "逮捕": 1, "高管": 2, "欲": 1, "法律": 1, "引渡": 1, "想到": 1, "拿下": 2, "大单": 1, "外媒报": 1, "欧洲": 12, "签下": 2, "订单": 9, "此次": 2, "葡萄牙": 6, "Alticei": 1, "签署": 1, "份": 3, "合同": 1, "提供": 2, "网络": 12, "服务": 5, "2019年": 1, "商用": 2, "第23": 1, "第15": 1, "英国": 19, "松口": 1, "原本": 1, "供应商": 2, "名单": 4, "中将": 1, "移除": 1, "改变": 2, "主意": 1, "据悉": 1, "会谈": 1, "事宜": 1, "进一步": 1, "协商": 1, "答应": 2, "中心": 1, "提出": 6, "也就是说": 1, "盟友": 3, "建议": 2, "拒之门外": 1, "对此": 2, "不少": 3, "封锁": 4, "好使": 1, "诺基亚": 5, "爱立信": 11, "无奈": 3, "抢走": 1, "研发": 5, "投入": 6, "上百亿": 1, "费用": 3, "2017年": 1, "811亿": 1, "仅次于": 1, "大众": 1, "微软": 1, "三星": 6, "谷歌": 2, "英特尔": 1, "内": 1, "第一": 6, "自然": 2, "先进": 1, "相对于": 1, "四思科": 1, "方案": 2, "报价": 1, "吸引力": 1, "物美价廉": 1, "代名词": 1, "情况": 2, "再度": 1, "进展": 1, "思科": 1, "支持": 5, "留言": 1, "探讨": 1, "刚": 2, "划去": 1, "瘫痪": 5, "：": 1, "助攻": 1, "发展": 6, "发达": 1, "所以说": 2, "4G": 5, "传出": 4, "即将": 1, "弄": 1, "进军": 1, "禁止": 4, "市场": 10, "游说": 2, "禁用": 5, "日本": 2, "选择": 2, "跟随": 1, "拒绝": 4, "将要": 1, "或者是": 1, "办法": 1, "上网": 2, "用户": 10, "功能": 2, "信号": 1, "签证": 1, "到期": 1, "经历": 3, "好几": 1, "小时": 1, "断网": 1, "恢复": 2, "加上": 2, "持续": 1, "长": 2, "社会": 1, "基本上": 1, "清醒": 1, "想法": 1, "判断": 1, "事物": 2, "坏": 1, "站": 4, "听取": 1, "国": 2, "达成": 2, "建造": 1, "设施": 1, "协议": 1, "建设": 6, "一半": 1, "工作量": 1, "解释": 1, "相关": 1, "证书": 1, "期限": 1, "过期": 1, "本身": 5, "质疑": 1, "侧面": 1, "印象分": 1, "回心转意": 1, "幽默": 1, "这次": 4, "暗中": 1, "专利": 4, "无疑": 1, "合适": 1, "提": 3, "差距": 6, "黑客": 1, "足够": 1, "攻破": 1, "件": 3, "借口": 1, "都会": 4, "变化": 2, "几十": 1, "年中": 1, "无论是": 1, "霸主": 1, "如今": 3, "崛起": 3, "纷纷": 1, "追捧": 1, "发现": 3, "一家": 3, "慢慢": 2, "走下坡路": 1, "大起大落": 1, "一反常态": 2, "熟悉": 1, "不错": 5, "P20Pro": 28, "出色": 1, "表现": 4, "高端机": 4, "成绩": 1, "一亿": 1, "台": 1, "销量": 2, "目标": 1, "承认": 1, "毋庸置疑": 1, "战术": 3, "机海": 2, "稳定": 1, "覆盖": 1, "想": 2, "高量": 1, "机型": 3, "激烈": 2, "员": 1, "P系列": 5, "最新": 1, "旗舰机": 2, "走上": 1, "路线": 1, "定位": 3, "代表": 3, "关注度": 3, "太": 3, "备受": 1, "关注": 3, "人气": 1, "GPU": 2, "Turbo": 2, "降价": 2, "半年": 4, "磨练": 1, "刷新": 1, "来到": 3, "新低": 1, "第三方": 1, "显示": 1, "3988": 1, "定价": 1, "相比": 1, "挺": 1, "心疼": 2, "原价": 1, "购买": 2, "短": 1, "大幅度": 1, "事情": 3, "成功": 3, "口碑": 1, "买": 2, "旧": 1, "价值": 1, "妨碍": 1, "拿到": 3, "颜值": 1, "变色": 3, "新颖": 1, "渐变": 3, "高光": 1, "配色": 1, "感觉": 2, "惊艳": 1, "好多": 2, "类似": 1, "算": 1, "出彩": 1, "正面": 5, "批评": 1, "特色": 1, "唯独": 1, "动静": 1, "给力": 1, "加持": 1, "970": 1, "处理器": 1, "地方": 1, "拍照": 9, "夜拍": 1, "登峰造极": 1, "眼光": 1, "确实": 4, "这才": 1, "降": 1, "难": 1, "信服": 1, "或许": 2, "下次": 1, "犹豫": 1, "这几天": 2, "科技": 4, "受伤": 2, "这一切": 1, "根源": 1, "背后": 2, "1986年": 1, "摩托罗拉": 2, "推出": 1, "大哥大": 2, "预示": 2, "正式": 1, "迈入": 1, "无线": 1, "争斗": 1, "从来": 1, "惊心动魄": 1, "1G": 2, "各方": 1, "势力": 1, "明争暗斗": 1, "场": 1, "隐形": 1, "战争": 1, "意料": 2, "之中": 2, "跟进": 2, "搞": 2, "标准": 14, "统一": 2, "不行": 2, "1990": 1, "2G": 1, "GSM": 2, "概念": 1, "牵头": 1, "推": 1, "赚": 2, "钱": 1, "干": 1, "高通站": 1, "CDMA": 2, "一大堆": 1, "工作": 2, "芯片": 1, "晚": 2, "3G": 2, "找上": 1, "WCDMA": 2, "独大": 2, "TD-SCDMA": 3, "CDMA2000": 1, "都都": 1, "中高通": 1, "含有": 1, "收割": 1, "接下": 1, "均": 1, "模式": 2, "绕": 1, "乖乖": 1, "付钱": 1, "主推": 2, "TD-LTE": 1, "FDD-LTE": 1, "终于": 1, "制定者": 2, "不再": 2, "像是": 1, "被动": 1, "1-4G": 3, "截然不同": 1, "意味着": 1, "万物": 1, "互联": 1, "新时代": 1, "物联网": 1, "人工": 1, "自动": 1, "驾驶": 1, "远远": 1, "大于": 1, "轮": 1, "胜利": 1, "主导": 2, "Polar": 1, "eMBB": 1, "场景": 2, "控制": 1, "信道": 2, "编码": 3, "LDPC": 1, "接下来": 2, "mMTC": 1, "uRLLC": 1, "占": 1, "主动": 1, "话题权": 1, "盆满钵满": 1, "落后": 1, "做为": 1, "领域": 1, "作用": 1, "暗潮": 1, "涌动": 1, "之下": 2, "手段": 2, "综合": 2, "较量": 1, "事件": 1, "情理之中": 1, "不难": 1, "理解": 1, "MATE": 9, "20Pro": 1, "来讲": 1, "忽略": 1, "上半年": 1, "P20": 12, "革命性": 4, "意义": 6, "3": 2, "层面": 3, "；": 3, "——": 2, "带到": 2, "大底": 4, "革命": 2, "无关": 3, "带": 2, "回到": 1, "相机": 1, "一味": 1, "像素": 7, "没有用": 1, "负优化": 1, "现象": 1, "增大": 1, "传感器": 6, "面积": 1, "算法": 5, "硬件": 3, "只能": 1, "效果": 1, "Pixel": 1, "只不过": 3, "国行版": 1, "软件": 1, "优化": 1, "上限": 1, "尺寸": 6, "决策": 1, "空间": 2, "有限": 1, "堆叠": 1, "涉及": 1, "取舍": 1, "牺牲": 1, "元素": 3, "上次": 1, "代入": 1, "诺基亚PureView808": 1, "6": 1, "年前": 2, "4100万": 1, "货": 1, "止步": 1, "拼": 1, "索尼": 3, "定制": 1, "IMX600": 2, "MATE20Pro": 4, "sensor": 1, "型号": 1, "规格": 1, "摄IMX600": 1, "CMOS": 4, "1/1.7": 1, "英寸": 1, "单位": 1, "1": 1, "μm": 1, "素数": 1, "高达": 1, "4000万": 1, "排列": 3, "图片": 1, "视频": 1, "素材": 1, "截取": 1, "Bayer": 2, "2*2": 1, "RGB": 1, "G方阵": 1, "子像素": 1, "感受": 1, "光线": 1, "运算": 1, "成像": 1, "COMS": 1, "用到": 1, "Quad": 1, "分成": 1, "方阵": 1, "point": 1, "pixel": 1, "总量": 1, "倍": 1, "声明": 1, "玩法": 1, "Pro": 8, "极光": 1, "玻璃": 4, "并非": 1, "掀起": 3, "热潮": 3, "色": 1, "做工": 1, "背板": 1, "中框": 3, "衔接": 1, "无缝": 1, "之间": 1, "缓冲带": 2, "材质": 1, "依然": 1, "塑料": 1, "构造": 1, "千元机": 1, "难道": 1, "故意": 1, "拉开": 1, "好看": 1, "卡片机": 1, "丑是": 1, "顶部": 2, "凹槽": 2, "底部": 1, "宽": 1, "留下": 1, "万恶": 1, "Home键": 1, "对齐": 1, "留白": 1, "齐": 1, "导致": 1, "视觉": 1, "匀称": 1, "丑": 1, "渐变色": 1, "层": 1, "镀膜": 1, "工艺": 1, "美": 1, "美丑": 1, "重点": 1, "色款": 1, "产品线": 3, "年轻化": 2, "商务风": 1, "P系": 2, "年轻": 3, "消费": 1, "群体": 1, "商务": 1, "人群": 1, "时尚": 1, "打通": 1, "再有": 1, "界限": 1, "主攻": 1, "主打": 1, "超大": 1, "屏幕": 2, "续航": 2, "大屏": 1, "新鲜": 1, "有意思": 1, "去年": 1, "MATE10": 2, "MATE10Pro": 1, "混乱": 1, "10": 1, "次旗舰": 1, "有趣": 1, "阉割": 1, "厉害": 2, "对比": 1, "扬声器": 1, "MATE20": 1, "P不再": 1, "反倒": 1, "把控": 1, "划分": 1, "之上": 1, "融合": 1, "整合": 1, "喜欢": 1, "完美": 1, "适合": 1, "划掉": 1, "该国": 1, "道路": 1, "磕磕碰碰": 1, "完好": 1, "联合": 1, "虚无缥缈": 1, "重重": 1, "围合": 1, "路": 1, "雾蒙蒙": 1, "自信": 1, "研究": 1, "资金": 1, "补贴": 1, "抵制": 1, "犹豫不决": 1, "旁边": 1, "观看": 1, "局势": 2, "交给": 2, "同意": 1, "反悔": 1, "名字": 1, "删掉": 1, "不用": 1, "缺": 2, "伙伴": 1, "十多亿": 1, "后盾": 1, "人才": 1, "22": 1, "威压": 1, "来之不易": 1, "打造": 1, "等于": 1, "放弃": 2, "无视": 1, "信任": 1, "早": 1, "证明": 2, "资格": 1, "事实上": 1, "住": 1, "不利": 1, "努力": 1, "屏障": 1, "打破": 1, "全世界": 1, "认可": 1, "别人": 1, "奋勇直追": 1, "巅峰": 1, "现实": 1, "担忧": 1}