{"新品": 2, "手机": 1, "市场": 1, "可谓": 2, "热闹": 1, "厂商": 1, "款": 2, "发布": 2, "一时间": 1, "小伙伴": 1, "购买": 1, "新机": 2, "需求": 1, "回来": 1, "扎推": 1, "登场": 1, "价位": 2, "老": 2, "机型": 3, "分流": 1, "压力": 1, "提升": 2, "竞争力": 1, "价格": 5, "降": 2, "华为": 29, "Mate20": 18, "Pro": 17, "去年": 1, "顶级": 1, "旗舰": 2, "6G": 4, "+": 5, "128G": 4, "版": 4, "发布价": 2, "5399": 1, "元": 5, "半年": 1, "跌": 2, "4899": 1, "电商": 2, "平台": 2, "线下": 1, "实体店": 1, "还要": 1, "低": 1, "4200": 2, "多元": 1, "相比": 2, "跌幅": 1, "超过": 1, "1100": 1, "程度": 1, "下跌": 1, "性价比": 2, "产品": 1, "冲击": 1, "近期": 1, "网友": 1, "相差": 2, "不大": 2, "降价": 1, "P30": 10, "值得": 2, "入手": 2, "8G": 1, "64": 1, "G版": 1, "售价": 1, "3988": 1, "讲": 1, "真的": 1, "Pro真": 1, "笔者": 1, "不难": 1, "回答": 1, "简单": 1, "对比": 3, "三": 1, "角度": 1, "纠结": 1, "外观": 2, "6.39寸": 1, "曲面": 1, "刘": 1, "海屏": 1, "设计": 2, "屏幕": 3, "分辨率": 2, "2K": 1, "级别": 2, "6.1寸": 1, "水滴屏": 1, "1080P": 1, "颜值": 2, "参数": 1, "都": 1, "优势": 2, "美观": 1, "显示": 1, "效果": 1, "更为": 4, "出色": 1, "硬件": 1, "均": 3, "搭载": 1, "麒麟980": 1, "处理器": 1, "性能": 1, "势均力敌": 1, "拍照": 2, "后置": 1, "4000万": 1, "主摄": 1, "AI三": 1, "摄": 1, "模式": 1, "能力": 3, "棋逢对手": 1, "变焦": 3, "支持": 2, "5": 1, "倍": 2, "混合": 1, "光变": 1, "30": 1, "数码": 1, "给力": 1, "续航": 1, "内置": 1, "毫安": 1, "电池": 1, "持久": 1, "功能性": 2, "老旗舰": 1, "黑科技": 1, "满满": 1, "IP": 1, "68": 1, "防水": 1, "、": 4, "40W": 1, "超级": 1, "快充": 1, "15W": 1, "无线": 1, "充电": 1, "3D": 1, "结构": 1, "解锁": 2, "在内": 1, "众多": 1, "功能": 2, "之下": 1, "屏下": 1, "指纹": 1, "22.5W快充": 1, "中规中矩": 1, "综合": 2, "实力": 2, "：": 1, "行业": 1, "四千": 1, "档位": 1, "不错": 1, "优劣": 1, "稍胜一筹": 1, "在乎": 1, "选择": 1, "小伙伴们": 1, "对此": 1, "选": 1, "留言": 1, "交流": 1, "看法": 1}