{"华为": 61, "手机": 20, "中国": 10, "市场": 2, "拥有": 1, "庞大": 1, "用户": 1, "群体": 1, "快速": 1, "成长": 1, "第一": 5, "智能": 2, "品牌": 5, "众多": 1, "友商": 1, "学习": 4, "榜样": 1, "忽视": 1, "强敌": 1, "成绩": 2, "有目共睹": 1, "旗舰": 1, "领域": 3, "突飞猛进": 1, "突破": 1, "回来": 1, "激烈": 1, "竞争": 1, "环境": 1, "当中": 1, "产品": 6, "处境": 1, "挺": 2, "尴尬": 1, "网友": 1, "直言": 1, "安卓": 13, "机皇": 4, "P30Pro": 10, "火": 1, "三月份": 1, "登场": 1, "旗舰机": 6, "冠以": 1, "名": 1, "无论是": 1, "硬件": 1, "配置": 1, "颜值": 1, "打磨": 1, "都": 16, "到位": 1, "率先": 1, "运行": 2, "EMUI10": 1, "系统": 9, "麒麟": 1, "980": 1, "处理器": 3, "协同": 1, "能力": 2, "应对": 1, "日常": 2, "程序": 1, "绰绰有余": 1, "体验": 1, "主流": 2, "游戏": 1, "帧率": 1, "稳定性": 1, "太": 3, "挑剔": 1, "地方": 2, "得益": 2, "达芬奇": 1, "独立": 2, "双核": 1, "NPU": 1, "神经元": 1, "驱动": 1, "超级": 2, "夜景": 1, "模式": 1, "深度": 1, "优化": 1, "徕卡": 1, "认证": 1, "三": 3, "摄模组": 1, "拿下": 1, "DXO": 1, "排行榜": 1, "位置": 1, "成片": 1, "速度": 2, "成像": 1, "质量": 1, "妥妥": 1, "标配": 1, "一块": 1, "6.39": 1, "英寸": 1, "全视": 1, "觉曲": 1, "面屏": 1, "先进": 1, "COF": 1, "封装": 1, "工艺": 1, "带来": 3, "震撼": 1, "视觉": 1, "效果": 4, "配合": 1, "铝中框": 1, "紧密": 1, "贴合": 1, "握持": 1, "手感": 1, "舒适": 1, "兼顾": 1, "生活": 3, "防水": 1, "4200": 1, "毫安": 1, "电池": 1, "40W": 1, "快充": 1, "长续航": 1, "标准": 1, "综合": 1, "表现": 1, "符合": 1, "身份": 1, "回到": 2, "开头": 1, "国产": 1, "卖": 1, "咨询": 1, "销售": 1, "人员": 1, "给出": 2, "原因": 4, "很": 12, "现实": 1, "众所周知": 2, "发布": 1, "初": 1, "售价": 1, "高达": 1, "5388": 1, "元": 3, "确实": 3, "竞品": 1, "匹敌": 1, "持续": 1, "热捧": 2, "今非昔比": 1, "小米": 1, "CC9Pro": 1, "、": 30, "7Pro": 1, "机型": 2, "强势": 1, "蚕食": 1, "地位": 1, "取代": 1, "最低": 1, "跌": 1, "4677": 1, "依然": 2, "性价比": 3, "这是": 2, "致命": 1, "第二": 2, "三大": 2, "运营商": 1, "拿到": 1, "5G": 3, "牌照": 1, "国内": 1, "大部分": 2, "推广": 1, "留": 1, "余力": 1, "也就是说": 2, "支持": 3, "SA": 1, "NSA": 1, "组网": 1, "面临": 1, "半年": 1, "内": 1, "淘汰": 1, "不少": 1, "选择": 1, "拜拜": 1, "第三": 1, "不得不": 1, "提": 1, "苹果": 4, "段": 1, "时间": 8, "包括": 1, "iPhone11": 1, "iPhoneXR": 1, "在内": 1, "款": 1, "降维": 1, "打击": 1, "压力": 1, "毕竟": 1, "号召力": 2, "拼": 1, "仅仅": 1, "情怀": 1, "远远": 2, "小编": 1, "立场": 1, "出发": 1, "值得": 1, "肯定": 3, "功不可没": 1, "缺乏": 1, "元素": 1, "慢慢": 1, "不难": 1, "理解": 1, "11月": 1, "21日": 1, "发表": 1, "项": 1, "数据": 3, "称": 1, "：": 15, "2018年": 3, "日本": 47, "7660亿": 2, "日元": 6, "经济效益": 1, "保证": 1, "4万6400": 1, "就业": 1, "贡献": 3, "2080亿": 1, "税收": 1, "神仙": 2, "简直": 1, "雪中送炭": 1, "梁华": 1, "介绍": 1, "2019年": 1, "企业": 12, "采购": 3, "金额": 2, "历史": 1, "1兆1000亿": 1, "预计": 2, "2020年": 2, "进一步": 1, "全球": 2, "知名": 2, "全球化": 1, "高端": 2, "生产": 1, "涉及": 1, "供应链": 3, "临近": 1, "亚洲": 2, "技术": 3, "领头羊": 1, "行业": 1, "佼佼者": 1, "公司": 22, "零部件": 2, "无可厚非": 1, "经济": 5, "究竟": 3, "分为": 1, "Oxford": 1, "调查": 1, "统计": 1, "利益": 1, "工资": 10, "；": 6, "给到": 1, "利润": 1, "员工": 8, "总计": 1, "196亿": 1, "间接": 1, "带动": 1, "收益": 1, "供应": 1, "商处": 1, "7210亿": 1, "电子": 1, "设备": 3, "诱发": 1, "中心": 1, "消费": 1, "卖场": 1, "一家": 9, "设立": 1, "招聘": 2, "日本人": 8, "发给": 1, "水平": 1, "！": 4, "唯一": 3, "经团": 1, "1000多": 1, "团队": 1, "国人": 1, "谜": 1, "40万": 1, "2.5万": 1, "RMB": 1, "应届": 2, "毕业生": 2, "讨论": 2, "工作": 7, "入职": 8, "看好": 2, "A": 7, "未": 2, "本人": 1, "同意": 1, "化名": 1, "称谓": 1, "后文": 1, "2013年": 1, "刚": 2, "国": 1, "关系": 1, "暧昧": 1, "家人": 1, "朋友": 2, "担心": 3, "知名度": 1, "越来越": 1, "话题": 1, "十足": 1, "去年": 1, "吃饭": 1, "芝浦": 1, "工业": 1, "大学": 2, "研究生": 1, "人事": 1, "找到": 3, "听说": 1, "名字": 1, "契机": 1, "分の": 1, "研究": 5, "分野": 1, "が": 1, "ファ": 3, "ーウ": 2, "ェイ": 2, "の事": 1, "業": 2, "領域": 1, "に近": 1, "くて": 1, "しか": 1, "も自": 1, "分が": 1, "将来": 1, "にや": 1, "りた": 1, "いと": 1, "思っ": 1, "て": 1, "いた": 1, "研究を": 1, "フ": 1, "ァー": 1, "ウェ": 2, "イは": 1, "に始": 1, "めて": 1, "いま": 1, "した": 3, "々の": 1, "を支": 1, "える": 1, "イン": 1, "フラ": 1, "を手": 1, "掛け": 1, "てい": 2, "る点": 1, "にも": 1, "惹か": 1, "れま": 1, "事业": 2, "相近": 1, "未来": 1, "想要": 2, "着手": 1, "支撑": 1, "基建": 1, "做法": 1, "吸引": 1, "抱": 1, "不安": 1, "心情": 1, "发现": 1, "尽早": 1, "研发": 1, "追求": 1, "毕业": 2, "大学生": 1, "独当一面": 2, "琐事": 1, "感到": 1, "意外": 1, "1": 1, "研修": 2, "客户": 3, "前辈": 1, "一个": 3, "过程": 1, "痛苦": 1, "很快": 2, "解决": 1, "办法": 1, "60%": 1, "部长": 1, "层": 1, "85后": 1, "41%": 1, "海外": 1, "据点": 1, "责任人": 1, "80后": 1, "项目": 1, "负责人": 1, "开发": 1, "商用化": 1, "感受": 3, "竭力": 1, "忙": 1, "发生": 2, "故障": 1, "深夜": 1, "传输": 1, "总部": 1, "反馈": 1, "节奏": 1, "晚上": 1, "安排": 1, "事情": 1, "以防": 1, "依赖": 1, "价值": 1, "金钱化": 1, "对此": 1, "赞同": 1, "ー": 1, "イを": 1, "る": 3, "のは": 1, "より": 1, "魅力": 4, "な仕": 1, "事と": 1, "報酬を": 1, "提示": 1, "され": 1, "たと": 1, "きか": 1, "逃げ": 1, "とき": 1, "或者是": 2, "逃避": 1, "才": 1, "离职": 2, "信心": 1, "去掉": 1, "观念": 2, "国际": 1, "孩子": 4, "跳槽": 5, "B": 6, "49": 1, "岁": 1, "2017年": 1, "美国": 5, "IT": 2, "欧洲": 1, "计算机": 1, "科学": 1, "有名": 1, "电机": 1, "厂家": 1, "1994年": 1, "感": 1, "兴趣": 1, "北欧": 1, "通信": 3, "这家": 1, "16年": 1, "2010年": 1, "网络": 2, "进化": 1, "知识": 1, "5": 1, "年前": 1, "前任": 1, "社长": 3, "希望": 1, "来到": 1, "拒绝": 1, "邀请": 1, "再次": 1, "抛出": 1, "橄榄枝": 1, "此事": 1, "何度": 1, "も声": 1, "を掛": 1, "けて": 1, "もら": 1, "って": 1, "あり": 1, "がた": 1, "かっ": 2, "たし": 1, "は事": 1, "ポー": 1, "トフ": 1, "ォリ": 1, "オが": 1, "とに": 2, "かく": 1, "広く": 1, "無線": 1, "IP": 2, "携": 1, "帯電": 1, "話と": 1, "に関": 1, "する": 1, "技術": 1, "を網": 1, "羅し": 1, "世界": 2, "でも": 1, "稀な": 1, "企業": 2, "だっ": 1, "たこ": 1, "を感": 1, "じま": 1, "感谢": 1, "无线": 1, "独特": 1, "此次": 1, "妻子": 1, "反对": 1, "家庭": 1, "会议": 2, "想到": 1, "很多": 5, "这次": 1, "开心": 1, "こい": 1, "いね": 1, "棒": 1, "欧美": 2, "风": 1, "亚洲风": 1, "组织": 1, "架构": 1, "偏向": 1, "氛围": 1, "风格": 1, "尊重": 2, "前文": 1, "提到": 1, "经连团": 4, "意味着": 2, "认可": 1, "联合": 1, "团体": 3, "商工": 1, "同友会": 1, "联合会": 1, "简称": 1, "影响力": 1, "最初": 1, "成立": 1, "目的": 1, "确保": 1, "财团": 1, "政策": 1, "发言权": 1, "历届": 1, "会长": 3, "制造业": 1, "顶尖": 1, "人物": 3, "权限": 1, "配有": 1, "警视厅": 1, "专用": 1, "保镖": 1, "非政届": 1, "副会长": 2, "熟知": 1, "日立": 1, "制作所": 1, "掌门": 1, "中西宏明": 1, "丰田": 2, "汽车": 1, "早川茂": 1, "三菱": 2, "重工": 1, "宫永俊一": 1, "全世界": 1, "三井住友": 1, "IHI": 1, "佳能": 1, "东丽": 1, "结束": 1, "语华": 1, "中国人": 1, "比例": 1, "占": 1, "一半": 1, "至少": 1, "500": 1, "前往": 1, "耕耘": 1, "努力": 1, "人气": 1, "提升": 1, "看待": 1, "看法": 1, "改变": 1, "真的": 1, "语言": 1, "表达": 1, "走": 1, "街头": 1, "印": 1, "HUAWEI": 1, "字样": 1, "大楼": 1, "原地": 1, "伫立": 1, "许久": 1, "为啥": 2, "iPhone": 9, "四五年": 6, "只能": 5, "两三年": 3, "互联网": 1, "信息": 1, "时代": 1, "衣食住行": 1, "息息相关": 1, "必需品": 2, "一二线": 1, "城市": 1, "出门": 1, "带": 1, "现金": 1, "微信": 1, "支付宝": 1, "付款": 1, "美团": 1, "饿了么": 1, "外卖": 1, "淘宝": 1, "网购": 1, "消耗品": 1, "功能": 1, "机能": 1, "七八年": 1, "现如今": 1, "一两千": 2, "相提并论": 1, "合适": 1, "四五千": 2, "六七千": 1, "比如说": 1, "三星": 1, "相比": 1, "差距": 3, "一般来说": 1, "像是": 1, "6s": 1, "如今": 1, "流畅": 2, "说起": 1, "卡顿": 3, "块钱": 1, "旗舰级": 1, "两三": 3, "变得": 1, "吹": 1, "黑": 1, "感觉": 1, "年后": 1, "正题": 1, "难道": 2, "性能": 2, "够用": 1, "导致": 1, "市面": 1, "原生态": 1, "这才": 1, "iOS": 1, "长": 1, "积攒": 1, "难以": 1, "清理": 1, "垃圾": 1, "事实上": 1}