{"华为": 57, "EMUI": 9, "10.0": 1, "处于": 1, "一个": 3, "内测": 1, "阶段": 1, "相对于": 1, "9.1": 3, "10": 4, "很": 8, "改动": 1, "更新": 2, "功能": 7, "小编": 3, "P30": 2, "手机": 34, "升级": 5, "变化": 1, "1": 1, "、": 8, "深色": 3, "模式": 3, "此次": 2, "EMUI10": 2, "iPhone": 2, "植入": 1, "黑暗": 1, "环境": 1, "玩": 1, "眼睛": 1, "感到": 1, "不适": 1, "护眼": 1, "适配": 1, "第三方": 3, "软件": 1, "贴心": 1, "消息": 5, "隐藏": 2, "提供": 1, "AI": 1, "信息": 1, "保护": 1, "微信": 1, "加上": 1, "锁": 2, "收到": 1, "旁边": 1, "有人": 2, "顶部": 1, "通知": 1, "显示": 4, "内容": 1, "详情": 1, "开启": 1, "方法": 1, "：": 3, "设置": 1, "——": 3, "添加": 1, "加锁": 1, "3": 2, "全新": 4, "屏手机": 1, "手": 1, "手势": 2, "滑动": 1, "便捷": 1, "EMIUI10": 1, "智能": 5, "上滑": 1, "呼出": 1, "圆角": 1, "动画": 1, "操作": 3, "支持": 3, "隔空": 1, "触碰": 1, "屏幕": 6, "4": 1, "智慧": 1, "车载": 1, "系统": 6, "撤": 1, "钥匙": 1, "汽车": 2, "无感": 1, "链接": 1, "控制": 4, "空调": 1, "音乐": 1, "导航": 1, "5": 1, "来电": 3, "提醒": 3, "即时": 1, "通讯类": 1, "采用": 2, "方式": 1, "锁屏": 1, "全屏": 1, "解锁": 1, "电影": 1, "游戏": 1, "横幅": 1, "提示": 1, "增强": 1, "用户": 11, "体验": 4, "介绍": 1, "改善": 1, "语音": 1, "助手": 1, "增加": 1, "多屏": 1, "互动": 1, "体验感": 1, "都": 6, "不错": 1, "由衷": 1, "感谢": 1, "阅读": 1, "文章": 1, "鼓励": 1, "小米": 14, "厂商": 1, "国产机": 1, "巨头": 1, "喜欢": 1, "相爱": 1, "相杀": 1, "当初": 1, "发布": 10, "高管": 1, "拿来": 1, "9": 8, "如今": 5, "Mate30Pro": 22, "5G": 1, "9Pro": 4, "拍照": 5, "款": 10, "差距": 3, "到底": 1, "对决": 1, "近景": 1, "拍摄": 17, "飞机": 1, "座椅": 2, "颜色": 6, "字": 1, "看上去": 2, "清晰": 4, "一点": 4, "Pro": 5, "稍微": 4, "差一点": 1, "失真": 1, "细节": 3, "丢失": 2, "镜头": 4, "拉": 1, "远": 1, "效果": 2, "依旧": 3, "照片": 1, "暗": 4, "墙壁": 3, "远景": 1, "天空": 3, "色彩": 1, "漂亮": 1, "湛蓝": 1, "漂浮": 1, "云朵": 1, "层次感": 1, "太": 7, "舒服": 1, "再来": 1, "下下": 1, "暗光源": 1, "建筑": 3, "明亮": 1, "逼真": 1, "还原": 1, "导致": 3, "夜景": 1, "对比": 3, "游乐场": 1, "亮": 1, "曝光": 4, "噪点": 1, "场景": 2, "差": 3, "画面": 1, "夜拍": 4, "不得不": 1, "吹": 1, "尤其是": 1, "广告牌": 1, "过度": 1, "灯光": 1, "遮挡": 1, "日拍": 1, "对手": 3, "光线": 1, "远远": 1, "苹果": 8, "称为": 1, "具备": 1, "竞争": 2, "意味": 1, "iPhone11": 11, "价格": 6, "最为": 3, "接近": 1, "竞争力": 1, "想": 3, "讨论": 1, "话题": 1, "完美": 5, "或者说": 1, "缺点": 2, "销量": 6, "遥遥领先": 4, "这次": 2, "不少": 1, "吐槽": 3, "廉价": 1, "版本": 1, "机型": 1, "720p": 1, "分辨率": 2, "LCD": 1, "黑边": 1, "硬件": 2, "+": 4, "调教": 1, "诸多": 2, "硬伤": 1, "信号": 1, "发射": 1, "耗电": 1, "情况": 1, "广角": 1, "畸变": 1, "确实": 3, "很难说": 1, "在于": 1, "1080p": 1, "2K": 1, "没用": 1, "90": 1, "HZ刷新率": 1, "性能": 5, "强大": 2, "麒麟": 2, "990": 2, "处理器": 3, "去年": 2, "A76": 1, "架构": 1, "提升": 1, "环幕屏": 1, "碎屏": 1, "风险": 1, "！": 5, "实际上": 1, "电商": 1, "平台": 2, "数据": 5, "排行榜": 1, "销售": 3, "评价": 2, "17.7万": 1, "拿下": 1, "冠军": 1, "位置": 1, "；": 1, "4.4万": 1, "位列": 1, "品牌": 2, "第二": 2, "名": 1, "行业": 1, "顶尖": 1, "水准": 1, "遥遥": 1, "领先于": 1, "整体": 1, "实力": 3, "强悍": 1, "A13": 1, "iOS": 1, "后盾": 1, "带来": 1, "流畅": 4, "运行": 2, "很多": 1, "为此": 1, "买单": 1, "搭载": 3, "4000万": 1, "像素": 2, "四": 1, "摄": 1, "独树一帜": 1, "国产": 2, "中国": 2, "市场": 5, "三星": 1, "份额": 1, "下降": 1, "意味着": 1, "退出": 1, "高端": 3, "这样一来": 1, "国内": 1, "剩下": 1, "出众": 2, "昂贵": 2, "定位": 1, "5499": 1, "元": 4, "吸引": 1, "更换": 1, "新机": 1, "跌": 1, "4999": 1, "人气": 1, "旺盛": 1, "定下": 1, "5799": 1, "旗舰": 2, "特色": 2, "vivo": 1, "Nex3": 1, "提到": 1, "5000": 1, "档次": 1, "反而": 1, "良心": 2, "算": 2, "认可": 1, "原因": 1, "不容小觑": 1, "全球": 1, "媲美": 1, "IDC": 1, "相关": 1, "2018年": 1, "2.088亿": 1, "台": 3, "位居": 1, "出货量": 1, "2.06亿": 1, "0.028亿": 1, "创新": 1, "有目共睹": 1, "Mate": 1, "系列": 1, "深受": 1, "消费者": 1, "喜爱": 1, "产品": 2, "爆款": 1, "年前": 4, "Mate10Pro": 13, "汗马功劳": 1, "官方": 1, "公布": 1, "十一": 1, "天猫": 1, "旗舰店": 1, "销售额": 1, "分分钟": 1, "破亿": 1, "早": 1, "2017年": 2, "上市": 1, "依然": 6, "超高": 1, "热度": 1, "值得一提的是": 1, "后续": 1, "带给": 1, "截止": 1, "究竟": 1, "撑多久": 1, "无数": 1, "思考": 1, "当之无愧": 1, "机皇": 2, "配置": 3, "出色": 1, "落后": 2, "首款": 1, "NPU": 1, "人工": 1, "单元": 1, "麒麟970": 1, "6GB": 1, "64": 1, "GB": 1, "存储": 1, "组合": 2, "可谓": 1, "难上加难": 1, "日常": 1, "后置": 2, "徕卡": 1, "双摄": 1, "2000万": 1, "1200万": 1, "或许": 1, "当下": 1, "参数": 1, "千元机": 1, "够用": 1, "前置": 1, "800万": 1, "需求": 2, "外观": 2, "设计": 2, "传统": 1, "玻璃": 1, "曲面": 1, "机身": 1, "指纹": 1, "识别": 1, "中规中矩": 1, "续航": 1, "能力": 1, "内置": 1, "4000": 1, "毫安": 1, "电池": 1, "大部分": 1, "综合": 1, "难": 1, "iPhoneX": 2, "例子": 1, "iOS13": 1, "第一时间": 1, "反观": 1, "至今": 1, "用上": 1, "稳定": 1, "版": 1, "第一": 1, "等到": 1, "11月": 1, "否认": 1, "推出": 1}