{"手机": 44, "中国": 3, "都": 12, "9月": 4, "苹果": 18, "如期": 2, "秋季": 1, "发布会": 3, "旗下": 9, "全球": 1, "瞩目": 1, "iPhone": 5, "产品线": 2, "更新": 1, "系统": 1, "差异": 1, "阵营": 1, "安卓": 3, "品牌们": 1, "选择": 1, "时间点": 2, "推出": 7, "产品": 9, "应对": 1, "攻势": 1, "品牌": 4, "包括": 1, "华为": 41, "、": 14, "三星": 7, "vivo": 3, "小米": 14, "机情": 4, "问答": 4, "：": 2, "Mate": 12, "30": 9, "发": 1, "5G": 55, "有意思": 1, "NEX": 2, "3等": 1, "旗舰机": 1, "兴奋": 1, "期待": 2, "科技圈": 3, "有趣": 4, "还要": 1, "跨界": 1, "大屏": 3, "此前": 1, "荣耀": 4, "率先": 1, "智慧屏": 2, "系列": 17, "红米": 17, "8月": 1, "29日": 1, "发布": 9, "首款": 2, "智能": 3, "电视": 20, "玩家": 1, "不止": 1, "官宣": 2, "9月份": 2, "高端": 3, "定位": 3, "网友": 3, "配": 1, "收到": 1, "疑问": 1, "错过": 1, "精彩": 1, "内容": 4, "或许": 1, "心中": 1, "问号": 1, "同款": 1, "本期": 1, "预告": 1, "1": 1, "iQOO": 8, "Pro5G": 2, "便宜": 6, "4G": 6, "推": 3, "3": 3, "Mate30": 7, "黑科技": 3, "4": 3, "值得": 3, "买": 6, "2018年": 2, "年末": 1, "栏目": 3, "计划": 1, "脱离": 1, "CNMO": 3, "矩阵": 1, "互动": 3, "方向": 1, "延伸": 1, "依托": 1, "+": 9, "战略": 1, "成功": 1, "宽度": 1, "形式": 2, "想象": 1, "空间": 2, "引爆": 1, "想象力": 1, "升级": 1, "第一": 5, "探索": 1, "试验田": 1, "用户": 4, "声音": 1, "微信": 1, "论坛": 1, "导入": 1, "主导": 1, "闭环": 1, "栏目组": 1, "专业": 1, "网友们": 1, "定期": 1, "反溃": 1, "手机圈": 1, "主旋律": 1, "牵动": 1, "消费者": 3, "早": 2, "国内": 4, "问世": 3, "网络": 6, "价格": 11, "论调": 1, "诸如": 1, "破": 1, "听到": 1, "瞬间": 1, "兴趣": 1, "中兴": 1, "相继": 1, "亮相": 2, "算是": 1, "剂": 1, "强心剂": 1, "Pro": 8, "公布": 1, "惊掉": 1, "下巴": 1, "3798": 1, "元": 4, "售价": 3, "Note10": 2, "5G版": 3, "一半": 1, "不得不": 2, "接下来": 2, "充满": 1, "下半年": 4, "先来": 1, "预测": 1, "波": 1, "大概": 1, "可能性": 3, "很": 7, "低": 3, "；": 4, "OPPO": 1, "暂时": 1, "消息": 3, "7T": 1, "版本": 1, "支持": 4, "懂": 1, "魅族": 2, "16s": 1, "明年": 3, "才能": 1, "登抄": 1, "…": 1, "出自": 1, "联想": 2, "手": 1, "新机": 1, "官宣会": 1, "第二": 2, "款": 7, "MIX": 4, "欧洲": 1, "上市": 2, "意外": 1, "加上": 2, "因素": 3, "版": 1, "太": 4, "接近": 1, "回想": 1, "当年": 1, "普及": 1, "3G": 1, "经历": 1, "情况": 2, "衔接": 1, "时代": 3, "不用": 2, "担心": 2, "长": 2, "段": 2, "时间": 5, "内": 2, "处在": 1, "共存": 1, "状态": 1, "5G网": 1, "淘汰": 1, "建设": 1, "工作": 2, "成熟": 1, "套餐": 1, "趋于": 1, "到时候": 1, "享受": 2, "极速": 1, "快感": 1, "时不时": 1, "好像": 1, "回答": 1, "类似": 1, "关键": 1, "元器件": 1, "调制解调器": 2, "市面": 1, "自研": 2, "巴龙": 1, "5000": 2, "高通": 4, "X50": 1, "最新": 1, "X55": 1, "商用": 1, "关系": 4, "僵": 1, "基带": 3, "研发": 5, "能力": 1, "产能": 1, "理由": 2, "拒绝": 1, "芯片": 8, "唯一": 1, "出路": 1, "英特尔": 3, "合作": 2, "由来已久": 1, "7月": 3, "26日": 1, "10亿": 1, "美元": 1, "收购": 1, "业务": 4, "交易": 2, "2019年": 1, "第四": 3, "季度": 3, "三": 2, "节点": 1, "带来": 3, "新一代": 1, "过程": 1, "始于": 1, "终于": 1, "机会": 1, "留": 1, "多余": 1, "机身": 1, "调试": 1, "花费": 1, "答案": 2, "一目了然": 1, "慌": 1, "肯定": 2, "2017年": 1, "10月": 3, "中旬": 3, "德国": 1, "慕尼黑": 1, "10": 1, "英国": 1, "伦敦": 1, "规律": 1, "行业": 1, "竞争": 1, "激烈": 1, "提前": 2, "9月初": 1, "IFA2019": 1, "全新": 1, "麒麟": 1, "990": 1, "处理器": 1, "快": 2, "9月底": 1, "迟": 1, "原因": 2, "一点": 4, "X折": 1, "叠屏": 1, "延期": 1, "无论如何": 1, "拖到": 1, "重磅": 1, "旗舰": 2, "宣传期": 1, "撞车": 1, "开发": 1, "布会": 1, "渲染": 1, "图源网": 1, "可靠": 1, "采用": 1, "标配": 1, "瀑布屏": 1, "正面": 1, "视觉": 1, "效果": 1, "背面": 1, "摄像头": 2, "组合": 1, "由方": 1, "变圆": 1, "这是": 1, "相比": 1, "上一代": 1, "外观": 1, "辨识点": 1, "排布": 1, "方式": 1, "变化": 1, "体现": 1, "影像": 1, "层面": 1, "思考": 1, "报道": 1, "后置": 2, "超": 4, "感光": 4, "电影": 4, "四": 1, "摄": 3, "——": 2, "镜头": 10, "长焦": 2, "3D": 2, "TOF": 2, "传闻": 1, "4000万": 1, "素主": 1, "顾名思义": 1, "视频": 1, "拍摄": 1, "表现": 1, "曝光": 1, "麒麟990": 1, "25W": 1, "无线": 1, "快充": 1, "EMUI10": 1, "看点": 1, "隐藏": 1, "多久": 1, "厂商": 3, "当中": 1, "领域": 4, "优异": 1, "成绩": 1, "跃跃欲试": 1, "试图": 1, "这块": 1, "小屏": 1, "开拓": 1, "大屏市": 1, "不久前": 1, "正式": 1, "友商": 1, "忘": 1, "市场": 2, "分得": 1, "杯": 1, "羹": 1, "智慧": 1, "屏": 1, "多年": 1, "经验": 1, "后盾": 1, "份": 1, "保障": 1, "延续": 1, "一贯": 1, "亲民": 2, "思路": 1, "70": 4, "英寸": 4, "巨屏": 2, "卖": 1, "3799": 2, "预售": 1, "回来": 1, "或者说": 1, "看起来": 1, "性价比": 1, "至少": 1, "需求": 2, "考量": 1, "身处": 1, "互联网": 1, "年轻人": 2, "新奇": 1, "体验": 2, "购买": 2, "消费类": 1, "一大": 1, "追求": 1, "敏感": 1, "基本上": 1, "年轻": 1, "一代": 1, "拥有": 1, "4K": 1, "HDR": 1, "解码": 1, "摆": 1, "家里": 1, "观看": 1, "足够": 1, "震撼": 1, "具备": 3, "不少": 3, "创新": 1, "功能": 1, "/": 2, "笔记本": 1, "快速": 1, "投屏": 1, "小爱": 1, "同学": 1, "蓝牙": 1, "语音": 1, "遥控器": 1, "操控": 1, "整体": 1, "台": 1, "毛玻": 1, "差": 1, "钱": 1, "一分价钱一分货": 1, "始终": 1, "明白": 1, "道理": 1, "卖到": 1, "万元": 1, "厚道": 1, "概括": 1, "发言权": 1, "心领神会": 1, "利润": 2, "成本": 1, "投入": 1, "保留": 1, "希望": 1, "顶级": 1, "画质": 1, "音质": 1, "天真": 1, "提到": 1, "国产": 2, "企业": 10, "提": 1, "一个": 6, "世界": 6, "规模": 3, "代工厂": 6, "富士康": 15, "我国": 2, "科技": 2, "作出": 1, "贡献": 1, "通信": 3, "技术": 7, "国人": 1, "骄傲": 1, "刚刚": 1, "底层": 1, "人民": 1, "解决": 1, "就业": 1, "推移": 1, "现如今": 1, "五百": 3, "母公司": 1, "鸿海精密": 1, "排名": 3, "第二十三": 1, "六十一": 1, "很多": 2, "感到": 1, "不解": 1, "专心": 1, "这几年": 1, "销量": 2, "下滑": 1, "订单": 2, "减少": 1, "蒸蒸日上": 1, "突破": 1, "接到": 1, "综合": 1, "实力": 1, "的确": 1, "强于": 1, "主打": 2, "领军者": 1, "著名": 2, "设备商": 1, "代工": 4, "品质": 3, "优秀": 1, "速度": 2, "公司": 1, "青睐": 1, "国际": 1, "上都": 1, "替代": 1, "竞争力": 4, "侧重点": 1, "在于": 1, "成果": 2, "储备": 1, "专利": 1, "项": 1, "花钱": 1, "当今": 3, "发展": 2, "重中之重": 1, "巨头": 2, "强大": 1, "无论是": 1, "技术性": 1, "难度": 1, "难得": 1, "毕竟": 1, "崛起": 2, "缺少": 1, "比亚迪": 3, "低调": 1, "例子": 1, "不论是": 1, "威胁": 1, "比拟": 1, "好过": 1, "业绩": 1, "不错": 1, "尤其是": 1, "稳步": 1, "上涨": 1, "打压": 1, "出货量": 1, "眼中": 1, "重要性": 1, "大于": 1, "优势": 1, "之下": 1, "影响": 1}