{"华为": 229, "全球": 17, "5g": 1, "建设": 2, "很": 12, "进展": 1, "美国": 26, "排斥": 2, "国内": 8, "莫须有": 2, "排除": 1, "在外": 1, "5G": 21, "能力": 5, "提出": 1, "质疑": 1, "发展": 9, "面临": 1, "前所未有": 1, "严峻": 1, "挑战": 1, "算是": 1, "实力": 3, "通信": 11, "厂商": 7, "拥有": 8, "数量": 4, "最多": 1, "专利": 10, "市场": 26, "讨喜": 1, "很多": 10, "欧洲": 8, "国家": 27, "纷纷": 3, "反华": 1, "联盟": 1, "害怕": 2, "澳大利亚": 5, "日本": 6, "韩国": 3, "都": 34, "拒之门外": 1, "依然": 2, "不少": 8, "订单": 8, "像是": 2, "这次": 2, "一个": 22, "坐": 2, "不住": 2, "值得": 1, "肯定": 4, "信赖": 3, "葡萄牙": 5, "当地": 3, "运营商": 3, "展开": 3, "紧密": 1, "合作": 4, "打造": 1, "网络": 13, "服务": 3, "铺设": 1, "全国": 3, "居民": 1, "造福": 1, "紧要": 1, "关头": 1, "站": 2, "公司": 26, "恐吓": 1, "在意": 2, "刚刚": 1, "难": 1, "英国": 4, "百般为难": 1, "意大利": 1, "、": 43, "德国": 4, "慢慢": 1, "为止": 1, "第23": 2, "五": 1, "忌": 1, "点灯": 1, "待定": 1, "领先": 7, "设备": 7, "产品": 7, "想": 5, "手机": 53, "口碑": 6, "不错": 2, "智能": 11, "仅仅": 3, "一部分": 1, "科技": 10, "强大": 4, "逆境": 1, "生长": 1, "！": 12, "助华": 1, "23": 2, "件": 1, "看法": 3, "下方": 1, "留言": 1, "讨论": 3, "文": 1, "/": 1, "林子辛": 1, "中兴": 14, "事件": 5, "传言": 2, "退出": 11, "这不": 1, "近期": 4, "发生": 2, "稳稳": 1, "坐实": 1, "新西兰": 3, "早前": 1, "抵制": 6, "近日": 3, "跳": 2, "一时间": 1, "西方": 4, "集体": 1, "攻击": 1, "对象": 1, "感觉": 1, "暗": 1, "搓": 2, "搞": 2, "明白": 1, "明面": 1, "暗地里": 1, "裁员": 1, "撤人": 1, "爆发": 1, "为首": 1, "群": 1, "打定": 1, "主意": 1, "弄": 1, "要挟": 1, "中国": 33, "无耻": 1, "不禁": 1, "小编": 2, "想起": 1, "8": 4, "年前": 3, "谷歌": 11, "毫无": 2, "预兆": 1, "国产": 7, "自主": 2, "搜索": 2, "引擎": 1, "才": 6, "G粉": 1, "B粉": 1, "吵成": 1, "团": 1, "架": 1, "一度": 2, "提升": 3, "爱国": 1, "层面": 1, "技术": 26, "吵": 1, "尤为": 1, "焦灼": 1, "吵架": 1, "粉丝": 1, "导火索": 1, "审查": 1, "政府": 11, "硬碰硬": 2, "诚然": 1, "企业": 17, "遵守": 1, "法律": 3, "制度": 1, "惹怒": 1, "自然力推": 1, "百度": 1, "大陆": 2, "地区": 2, "转至": 1, "香港": 1, "我国": 1, "温柔": 1, "反观": 1, "违反": 1, "处处": 1, "阻拦": 1, "不惜": 1, "钓鱼": 1, "执法": 1, "想尽办法": 1, "生事": 1, "一点": 5, "自由": 3, "民主": 1, "样子": 1, "可笑": 1, "间谍": 1, "危害": 1, "证据": 1, "冠冕堂皇": 1, "理由": 1, "堆": 2, "苹果": 15, "暴露": 2, "隐私": 1, "乱棍": 1, "打死": 1, "奇怪": 2, "了事": 1, "花": 1, "黑": 1, "兴奋": 1, "凡是": 1, "文章": 3, "指责": 1, "维护": 1, "水军": 1, "打爱": 1, "国牌": 1, "博人": 1, "同情": 1, "国人": 6, "品牌": 11, "耻辱": 1, "感到": 1, "外交部": 1, "说话": 2, "轮到": 1, "人和": 1, "顶撞": 2, "自我": 1, "被迫": 3, "罪名": 1, "上十亿": 1, "人口": 3, "活": 2, "合计": 7, "半数": 1, "更为": 3, "1987年": 4, "成立": 1, "任正非": 19, "方向": 2, "变更": 1, "；": 11, "领域": 3, "经营": 5, "所得": 1, "大部分": 1, "投入": 14, "研发": 25, "当中": 2, "造就": 1, "子行业": 1, "数据": 10, "统计": 2, "2018年": 9, "年底": 2, "：": 23, "104225": 1, "项": 4, "超过": 15, "10万": 1, "背后": 1, "代表": 2, "华为人": 1, "钻研": 1, "精神": 1, "不得不": 1, "承认": 1, "数字": 4, "路由器": 2, "盈利": 3, "拿来": 1, "大型": 1, "交换机": 3, "此后": 2, "1996年": 1, "核心": 5, "放弃": 3, "扩展": 2, "GSM": 1, "布局": 3, "站稳": 1, "脚步": 1, "2003年": 1, "3G": 2, "WCDMA": 1, "话语权": 1, "2009年": 1, "转向": 1, "2016年": 5, "行业": 4, "爱立信": 4, "诺基亚": 3, "高通": 2, "竞争": 6, "鲜为人知": 1, "高铁": 5, "汽车": 2, "支持": 9, "高速": 1, "列车": 4, "速度": 2, "350KM/H": 1, "涵洞": 1, "信号": 3, "改进": 1, "时速": 1, "稳定": 3, "通话": 1, "公开": 4, "行驶": 1, "采用": 2, "集成化": 1, "控制器": 1, "控制": 3, "笔者": 2, "解释": 1, "以往": 2, "系统": 2, "中心": 2, "处理器": 6, "+": 6, "存储": 1, "器材": 1, "传输": 1, "模块": 2, "信号站": 1, "交互": 1, "集中化": 1, "芯片组": 1, "芯片": 8, "减少": 4, "出错率": 1, "增强": 1, "安全性": 1, "驾驶": 7, "规划": 3, "互联网": 2, "情况": 5, "无外乎": 1, "软件": 2, "大数据": 1, "AI": 2, "人工": 2, "量子": 1, "计算": 2, "硬件": 4, "无人": 3, "家居": 2, "31": 1, "青睐": 2, "荣耀": 7, "事业部": 1, "统筹": 1, "部门": 1, "旗舰": 6, "抗衡": 1, "放松": 1, "警惕": 1, "了无": 1, "假设": 4, "2022年": 1, "一块": 2, "公布": 6, "早期": 1, "如今": 4, "意味着": 2, "实验": 1, "环节": 1, "期待": 1, "有一天": 1, "上路": 1, "作者": 3, "岁寒知松柏": 1, "来源": 1, "雪球": 1, "43": 2, "岁": 2, "部队": 1, "复员": 1, "转业": 1, "工作": 1, "4": 2, "顺利": 1, "集资": 2, "21000": 2, "元": 41, "创立": 1, "30年": 2, "上市": 4, "战略": 2, "投资者": 1, "纯": 1, "内生": 1, "增长": 5, "成长": 2, "信息": 3, "(": 4, "ICT": 1, ")": 4, "解决": 1, "方案": 3, "供应商": 2, "份额": 3, "排名": 11, "第一": 9, "第二": 6, "业务": 7, "遍及": 1, "170": 1, "全世界": 3, "三分之一": 2, "员工": 22, "18万": 3, "名": 7, "160": 1, "国籍": 1, "海外": 2, "本地化": 1, "比例": 2, "70%": 1, "营业": 4, "收入": 15, "预计": 1, "7000亿": 1, "人民币": 2, "净利润": 5, "500亿": 1, "单年": 1, "支出": 2, "1000亿": 2, "接近": 1, "加拿大": 6, "薪酬": 3, "分红": 6, "总收入": 1, "1500亿": 1, "缴纳": 4, "税款": 1, "600亿": 2, "发明": 3, "7万": 1, "半": 3, "当之无愧": 2, "国际化": 1, "龙头": 3, "财报": 4, "分析": 5, "显示": 7, "优秀": 10, "实业": 2, "报国": 2, "典范": 2, "出手": 1, "名片": 1, "理应": 1, "骄傲": 2, "2017": 1, "年度": 1, "摘要": 2, "同行": 3, "对比": 6, "封杀": 2, "之下": 1, "业绩": 1, "持续": 3, "快": 2, "5": 5, "利润": 9, "现金流": 4, "上图": 6, "增长率": 2, "低于": 3, "营收": 3, "质量": 5, "真金": 1, "白银": 1, "现金": 6, "流年化": 1, "高达": 9, "44%": 1, "原因": 10, "周期": 1, "改善": 1, "2017年": 15, "收": 1, "账款": 2, "周转": 3, "天数": 3, "DSO": 1, "63": 1, "75": 1, "12": 1, "存货": 1, "ITO": 1, "71": 1, "86": 1, "15": 2, "应付": 2, "DPO": 1, "72": 1, "82": 1, "10": 8, "披露": 3, "详细": 3, "流量": 1, "就算": 1, "投资": 3, "活动": 1, "流出": 1, "247亿": 1, "资本": 1, "资产": 3, "负债": 4, "表里": 1, "长期": 1, "本年": 1, "增加额": 1, "核对": 1, "963-247": 1, "=": 5, "716亿": 1, "事实上": 1, "会计": 1, "政策": 1, "保守": 2, "这是": 9, "之二": 1, "财务": 5, "下图": 1, "结构": 2, "消费者": 8, "占": 3, "一半": 3, "主业": 1, "平常": 1, "接触": 1, "国外": 5, "占比": 3, "2/3": 1, "近年": 1, "带头": 1, "强行": 1, "导致": 3, "增速": 2, "缓慢": 1, "早": 3, "老大": 1, "即将": 1, "到来": 3, "处于": 4, "地位": 1, "毛利": 1, "净利": 1, "毛利率": 2, "净": 3, "利润率": 1, "个中": 1, "福利": 3, "计提": 1, "巨额": 2, "2013年": 1, "280亿": 1, "220%": 1, "897亿": 2, "费用": 6, "14.9%": 1, "年化": 1, "复合": 1, "34%": 1, "悬念": 1, "惊人": 2, "看上表": 1, "6": 1, "倍": 4, "7": 4, "人数": 1, "其3": 1, "1997年": 1, "3季度": 1, "20年": 6, "归母": 2, "158亿": 2, "竟然": 1, "半年": 1, "实际上": 1, "扣除": 1, "补贴": 12, "赚": 2, "毛": 2, "钱": 4, "熟知": 1, "BAT三": 1, "巨头": 3, "阿里": 2, "腾讯": 3, "市值": 1, "排入": 1, "前10": 2, "BAT三者": 1, "532亿": 1, "59%": 1, "授权": 1, "BAT": 1, "96%": 1, "10年": 1, "3940亿": 1, "加上": 1, "5000亿": 1, "投入比": 1, "绝大多数": 1, "逮捕": 1, "孟晚舟": 1, "GDP": 1, "世界": 3, "第10": 1, "260亿": 1, "美元": 2, "1788亿": 1, "强健": 1, "预提": 2, "多方": 1, "赢华": 1, "65%": 1, "负债率": 1, "看似": 1, "低": 2, "仔细": 1, "发现": 1, "有息": 2, "400亿": 1, "远": 1, "2000亿": 2, "雄厚": 1, "ROE": 1, "27%": 1, "手持": 1, "周转率": 1, "119%": 1, "跨行业": 1, "金额": 3, "栏目": 2, "1703亿": 1, "里边": 2, "728亿": 1, "雇员": 1, "1403亿": 1, "算": 1, "平均": 2, "每人": 1, "78万": 2, "工资": 4, "奖金": 4, "包括": 1, "退休": 1, "持股": 5, "所有者": 1, "权益": 1, "净增": 1, "加额": 1, "差": 3, "120亿": 1, "并未": 1, "亦": 1, "投资人": 1, "创始人": 2, "1.4%": 1, "股份": 2, "控股": 1, "股东": 3, "工会": 2, "委员会": 1, "98.99%": 1, "1.01%": 1, "0.4%": 1, "8万": 1, "劳资": 1, "一体": 1, "共赢": 1, "全员": 1, "得利": 1, "贡献": 2, "创新": 1, "研究": 1, "11.8亿": 1, "相对于": 1, "6000亿": 1, "体量": 1, "千亿": 1, "忽略": 2, "计": 2, "不妨": 3, "通讯": 3, "国企": 2, "航天": 1, "科工": 1, "创始": 1, "管理层": 1, "对半": 1, "国营": 1, "半民": 1, "营型": 1, "混合": 1, "所得制": 1, "5.2+16.8+30.2+1.6": 1, "53.8亿": 1, "46亿": 1, "从来": 1, "累计": 1, "57.5亿": 1, "股权": 1, "融资": 1, "25亿": 1, "转债": 1, "77亿": 1, "债务": 1, "212亿": 1, "存款": 1, "170亿": 1, "支付": 1, "197亿": 1, "税金": 1, "73亿": 1, "简单": 3, "一一": 1, "总额": 1, "计入": 1, "10亿": 1, "参照": 1, "收取": 1, "增值税": 3, "退税": 3, "数百亿": 2, "300亿": 1, "数据烂": 1, "早已": 2, "甩开": 1, "N个": 1, "档次": 1, "正是": 2, "特工": 1, "混入": 1, "轻易": 1, "机密": 1, "资料": 2, "危险": 2, "境地": 1, "猪": 1, "队友": 1, "证明": 1, "机制": 1, "不行": 1, "12亿": 1, "财政": 1, "税费": 1, "估算": 3, "3051亿": 1, "全额": 2, "交税": 1, "予免": 1, "抵": 1, "城建": 2, "教育费": 2, "附加税": 1, "*": 2, "40%": 1, "抵扣": 2, "成本": 2, "拿到": 1, "发票": 1, "期间": 1, "抵销": 1, "17%": 1, "207.5亿": 1, "相关": 2, "附加": 1, "10%": 1, "20.8亿": 1, "所得税": 2, "86.7亿": 1, "扣代": 1, "缴": 1, "1403亿*20%": 1, "旧": 1, "个税": 1, "税负率": 1, "20%": 2, "280.6亿": 1, "税种": 1, "207.5+20.8+86.7+280.6": 1, "596亿": 1, "时间": 3, "创办": 1, "税": 1, "1400亿": 1, "各国": 2, "人民": 1, "价值": 1, "受难": 1, "处境": 2, "做为": 1, "当事人": 1, "表态": 2, "低调": 1, "智慧": 1, "无奈": 1, "试想": 1, "女儿": 4, "绑匪": 4, "绑架": 1, "安抚": 1, "情绪": 1, "一手": 2, "找": 1, "J察": 1, "帮忙": 1, "捞人": 1, "远水解不了近渴": 1, "方式": 1, "喊": 1, "口号": 1, "刺激": 1, "旁观者": 1, "媒体": 2, "立场": 2, "舆论": 1, "压力": 1, "反对": 2, "中国人": 1, "做人": 1, "大是大非": 1, "面前": 1, "坚定": 1, "读": 1, "书": 1, "家产": 1, "至今": 1, "美": 2, "相当于": 1, "卢沟桥": 1, "走失": 1, "士兵": 1, "jun队": 1, "犯": 1, "规则": 1, "洗脑": 1, "洗": 1, "太": 2, "凡事": 1, "无脑": 2, "痛心": 1, "天下": 1, "兴亡": 1, "匹夫有责": 1, "修身": 1, "齐家平天下": 1, "人微言轻": 1, "只能": 1, "绵薄": 1, "希望": 1, "觉醒": 1, "改革": 1, "前行": 1, "变得": 1, "诞生": 1, "————": 2, "独立": 2, "观点": 1, "看好": 1, "价格": 11, "平衡": 1, "状况": 2, "一两": 1, "第三": 4, "畅销": 2, "三": 7, "款": 12, "性能": 7, "优势": 3, "开门见山": 1, "超越": 4, "问号": 1, "事实": 1, "P20": 8, "Pro": 15, "引入": 1, "摄": 4, "后置": 2, "摄像": 1, "同一界": 1, "iPhone": 13, "X": 1, "拍照": 5, "mate20": 3, "依旧": 1, "XS": 10, "要好": 2, "否认": 1, "趋势": 1, "势头": 1, "呈现": 1, "4月份": 1, "波动": 1, "幅度": 2, "官网": 1, "100": 1, "降价": 2, "保值": 1, "旗舰机": 3, "变化": 2, "彪": 1, "iPhone8": 1, "上一代": 1, "退场": 1, "选择": 4, "不单单": 1, "中端": 1, "机型": 3, "500": 2, "颜值": 1, "系列": 9, "开创": 1, "极光": 1, "双色": 1, "配置": 8, "搭载": 3, "麒麟970": 2, "主打": 2, "年轻": 1, "喜爱": 1, "相较": 1, "畅享": 1, "火热": 1, "毕竟": 2, "新品": 1, "带来": 1, "流畅": 1, "麒麟": 6, "980": 4, "拍摄": 4, "快充": 2, "40W": 1, "防水": 1, "设计": 4, "P68": 1, "整体": 2, "令人满意": 1, "阶段": 1, "代表性": 1, "声援": 3, "买": 2, "处罚": 2, "几经": 1, "洗牌": 1, "局势": 1, "明朗": 1, "作文": 1, "宝座": 1, "高端": 2, "和子": 1, "表现": 8, "强势": 2, "主流": 1, "水平": 1, "不仅仅": 1, "老": 1, "本行": 1, "麻烦": 1, "中华": 2, "民族": 1, "品质": 1, "团结": 1, "一方有难": 1, "八方支援": 1, "最先": 2, "一家": 2, "梦派": 4, "集团": 4, "有限公司": 3, "有限": 3, "海思": 1, "购买": 10, "给予": 2, "百分之15": 2, "忘": 1, "制定": 1, "惩罚": 1, "措施": 1, "市场价": 1, "百分之100": 1, "三点": 1, "三年": 1, "走红": 1, "后续": 1, "模仿": 1, "发出": 3, "类似": 3, "搜集": 1, "五六": 1, "上海": 1, "悠飞": 1, "电子": 2, "文件": 2, "通知": 3, "笔记本": 1, "报销": 1, "成都": 1, "软易达": 1, "迁移": 1, "采购": 1, "上海市": 1, "南充": 1, "商会": 2, "严厉": 1, "取消": 1, "任职": 1, "奖励": 2, "百分之10": 1, "陕西": 1, "利安": 1, "发表": 2, "国货": 1, "中层": 1, "管理": 1, "人员": 1, "子公司": 1, "百分之20": 1, "御": 1, "唐府": 1, "酒店": 1, "自动": 2, "评选": 1, "资格": 1, "年终奖": 1, "更换": 1, "家人": 1, "消费券": 1, "大概": 1, "声明": 2, "六": 2, "强制": 1, "网友": 4, "持有": 1, "意见": 1, "权利": 1, "干涉": 1, "营销": 1, "嫌疑": 1, "粗暴": 1, "做法": 1, "最新": 1, "最酷": 1, "数码": 2, "请": 2, "点击": 1, "上方": 1, "关注": 1, "侃哥": 1, "搜罗": 1, "新知": 1, "八卦": 1, "朴实": 1, "字": 1, "高科技": 1, "名字": 2, "富士康": 1, "董事长": 1, "郭台铭": 1, "名言": 1, "阿里山": 1, "神木": 1, "四千": 2, "种子": 1, "掉到": 1, "土里": 1, "绝不": 1, "年后": 1, "创业": 1, "命名": 1, "注定": 1, "这家": 1, "寓意": 1, "平凡": 1, "有为": 1, "三十": 3, "多年": 2, "艰苦奋斗": 1, "默默无闻": 1, "瞩目": 1, "巨无霸": 1, "百年": 1, "手下败将": 1, "成功": 4, "路上": 1, "充斥": 1, "鲜花": 1, "掌声": 1, "无数": 1, "企业家": 1, "商学院": 2, "颂扬": 1, "号召": 1, "学习": 1, "写进": 1, "经典": 1, "案例": 1, "迷惑": 1, "2000年": 1, "高歌猛进": 1, "创下": 1, "220亿": 1, "位居": 1, "百": 1, "写下": 1, "名篇": 1, "冬天": 3, "提到": 1, "成就": 1, "反而": 1, "谈": 1, "危机": 1, "失败": 3, "追问": 1, "过冬": 1, "天天": 1, "思考": 1, "视而不见": 1, "荣誉感": 1, "自豪感": 1, "危机感": 1, "也许": 2, "存活": 2, "才能": 2, "迎接": 1, "从不动摇": 1, "历史": 1, "规律": 1, "篇": 1, "18年": 1, "现实": 3, "意义": 1, "尤其是": 1, "多事之秋": 1, "商用": 1, "前夜": 1, "拼命": 1, "抢占": 2, "三星": 4, "收获": 1, "颇": 1, "电信": 2, "莫名其妙": 1, "堵": 1, "门外": 1, "众所周知": 2, "人类": 1, "自打": 1, "2G": 1, "4G": 1, "标准": 1, "发达": 1, "手中": 1, "藉此": 1, "攫取": 1, "数千亿": 1, "深厚": 1, "积累": 1, "时代": 1, "跃": 1, "领导者": 1, "既得利益": 1, "甘心": 1, "沦为": 1, "陪衬": 1, "欧": 1, "商业": 2, "倒": 1, "下三滥": 1, "手段": 1, "遏制": 1, "上周": 1, "震惊": 1, "全体": 1, "孟": 2, "举足轻重": 1, "人物": 2, "突破口": 1, "打击": 2, "灵魂": 1, "74": 1, "高龄": 1, "金庸": 1, "笑傲": 1, "江湖": 1, "段": 1, "文字": 1, "生动": 1, "描述": 1, "伙": 1, "强盗": 1, "心理": 1, "姓": 1, "针扎": 1, "进水": 1, "泼": 1, "简直": 1, "软硬不吃": 1, "听说": 1, "唯一": 1, "牵挂": 1, "绑来": 1, "人质": 1, "经历": 1, "风雨": 2, "彩虹": 1, "历程": 1, "见惯": 1, "带领": 1, "时刻": 1, "天真": 1, "寒冷": 1, "日子": 1, "安然": 1, "度过": 1, "寒冬": 1, "感谢": 1, "阅读": 1, "本文": 1, "朋友": 1, "天寒地冻": 1, "写文": 1, "不易": 1, "点赞": 1, "收藏": 1, "分享": 1, "不胜感激": 1, "传来": 2, "消息": 3, "万众瞩目": 1, "拿下": 4, "正式": 2, "签订": 1, "5G商": 1, "合约": 1, "领跑": 2, "犹": 1, "记得": 1, "刚": 1, "起步": 1, "到处": 1, "拒绝": 2, "出够": 1, "风头": 1, "17": 1, "得意": 1, "多久": 1, "追上": 1, "落后": 1, "一大": 1, "截": 1, "半天": 1, "11": 1, "不满": 1, "深层次": 1, "闹翻": 1, "韩": 1, "来讲": 1, "极其": 1, "称": 1, "50": 1, "谈判": 1, "霸气": 1, "发声": 1, "正当": 1, "后悔": 1, "想念": 1, "先进": 1, "动摇": 1, "估计": 1, "观望": 1, "关系": 1, "身不由己": 1, "一共": 1, "基站": 1, "天价": 1, "妄想": 1, "影响力": 1, "怂恿": 1, "正义": 1, "必胜": 1, "混战": 1, "格局": 1, "华米OV": 1, "四": 4, "销量": 3, "稳居": 1, "称为": 1, "状态": 1, "反超": 1, "vivo": 14, "垫底": 1, "位置": 3, "比不上": 1, "亮眼": 1, "成绩": 2, "定位": 1, "产品线": 2, "分类": 1, "最为": 2, "P系列": 1, "Mate": 23, "推出": 1, "正比": 1, "拉大": 1, "差异": 1, "Mate20": 5, "强有力": 1, "机皇": 1, "X系列": 2, "贴上": 1, "高价": 1, "低配": 1, "标签": 1, "功能": 3, "相比": 2, "Mate20Provivo": 1, "出彩": 2, "NEX": 1, "Mate20Pro": 2, "差距": 3, "储备": 3, "外观": 3, "之间": 1, "越来越": 2, "吸引": 1, "都会": 1, "尝试": 1, "屏下": 1, "指纹": 1, "40": 1, "W快": 1, "充都": 1, "长": 1, "成果": 1, "综合": 2, "vivo强": 1, "徕卡": 1, "效果": 1, "用户": 1, "更胜一筹": 1, "意料": 1, "之中": 1, "事情": 2, "并非": 1, "自拍": 1, "女性": 1, "寻求": 1, "改变": 1, "吞并": 1, "生活": 1, "喜欢": 2, "做出": 2, "对此": 1, "谈谈": 1, "测试": 5, "协会": 2, "COTEST": 4, "129": 3, "评分": 3, "榜单": 5, "续航": 6, "易用性": 1, "音质": 2, "收发": 1, "总和": 1, "6成": 1, "总评": 6, "449": 2, "领榜": 2, "电池": 3, "3分": 1, "亚军": 1, "ZTE": 1, "Axon": 1, "9": 3, "该机": 1, "独占": 1, "席": 1, "Galaxy": 1, "S8+": 1, "Note": 1, "总分": 2, "437": 2, "436": 1, "分列": 1, "第6": 2, "格外": 1, "引人注意": 1, "第4": 1, "均": 1, "440": 1, "434": 1, "RS": 2, "Porsche": 2, "Design": 2, "433": 1, "占据": 2, "瓜分": 1, "榜": 1, "单一": 1, "大半": 1, "发布": 5, "小米": 2, "431分": 1, "Max": 9, "512": 2, "GB": 2, "并列": 1, "第11": 1, "Google": 1, "Pixel": 1, "3": 1, "XL": 1, "1": 1, "位列": 1, "官方": 1, "位于": 1, "公益": 1, "机构": 1, "宗旨": 1, "商品": 1, "提供": 3, "评测": 3, "COTE": 1, "ST会": 1, "540": 1, "属性": 2, "介于": 1, "0.5": 1, "5.5": 1, "最终": 1, "测评": 1, "足足": 1, "项目": 1, "上都": 1, "重磅": 1, "面对": 3, "破万": 2, "褪色": 1, "相机": 1, "20几乎": 1, "全方位": 1, "吊打": 1, "机身": 1, "容积": 1, "前提": 1, "4000": 1, "毫安": 1, "22.5W快充": 1, "SuperCharger": 1, "充电器": 1, "外媒": 2, "PhoneArena": 1, "评": 1, "最佳": 3, "排行榜": 1, "称号": 1, "20后": 1, "置徕卡": 1, "得益": 1, "超广角": 1, "摄像头": 1, "率先": 1, "AI广角": 1, "宏大": 1, "场景": 1, "层级": 1, "麒麟980": 2, "双核": 1, "NPU": 1, "出色": 1, "识别": 1, "卡路里": 1, "AI人": 1, "留色": 1, "960FPS": 1, "超级": 1, "动作": 1, "视频": 1, "9月份": 1, "有史以来": 1, "贵": 1, "忠实": 1, "果粉": 1, "皱": 1, "眉头": 1, "独大": 1, "选": 1, "型号": 1, "程度": 1, "原本": 1, "无独有偶": 1, "报告": 1, "期": 1, "3500": 1, "五星": 1, "评价": 3, "运算": 1, "颗": 2, "星": 2, "骁龙": 1, "845": 1, "一哥": 1, "理所当然": 1, "国际": 1, "IDC": 1, "11月份": 1, "调查": 1, "季度": 1, "出货量": 2, "抢眼": 1, "单Q3": 1, "5220万": 1, "台": 1, "14.6%": 1, "排": 1, "稳": 1, "赞不绝口": 1, "高度": 1, "福布斯": 1, "上手": 2, "开篇": 1, "直言": 1, "针对": 1, "方方面面": 2, "不以为然": 1, "20时": 1, "完善": 1, "并称": 1, "临近": 1, "小伙伴": 1, "换机": 1, "高昂": 1, "售价": 1, "购机": 1, "无论是": 1, "参数": 1, "操作": 1, "体验": 1, "技压": 1, "群雄": 1, "满意": 1, "答案": 1, "接下来": 1, "目标": 1, "锁定": 1, "2020年": 1, "制造商": 1}