{"5月": 1, "10日": 1, "亚太": 1, "日报": 1, "综合": 3, "报道": 1, "称": 1, "美国": 21, "威胁": 1, "盟友": 1, "华为": 29, "设备": 10, "竟然": 1, "发现": 2, "公司": 8, "究竟": 1, "回": 1, "墨西哥": 20, "政府": 7, "说法": 2, "电话": 4, "电报": 4, "对此": 1, "视而不见": 1, "居然": 1, "电信": 3, "合作": 6, "两面派": 1, "做法": 1, "感到": 1, "不解": 1, "消息": 1, "人士": 1, "收购": 1, "通信": 1, "这家": 1, "企业": 8, "拥有": 1, "深厚": 1, "资历": 1, "执行力": 1, "早就": 1, "想": 2, "引进": 1, "国外": 1, "打破": 2, "本国": 1, "行业": 1, "垄断": 2, "局面": 1, "2013年": 1, "共享": 2, "网络": 3, "此后": 1, "诺基亚": 1, "参与": 1, "建设": 2, "实际上": 1, "早": 1, "上世纪": 1, "90年代": 1, "相关": 1, "业务": 1, "价格": 6, "人才": 1, "优势": 5, "供应商": 1, "50%": 1, "4G": 2, "都": 6, "运营": 1, "美洲": 1, "球队": 1, "品牌": 1, "名称": 1, "印": 1, "球衣": 1, "开拓": 1, "市场": 4, "知名度": 1, "担忧": 1, "警告": 1, "带来": 2, "风险": 1, "停止": 1, "全球": 1, "通信业": 1, "协会": 1, "高级": 1, "总监": 1, "马尔科·加尔万": 1, "：": 2, "中国": 10, "尽可能": 1, "资源": 1, "诚意": 1, "过硬": 1, "技术": 3, "认可": 1, "理由": 1, "阻止": 3, "一个": 5, "很": 6, "打脸": 1, "事实": 1, "5G": 3, "不行": 1, "国家": 3, "排斥": 1, "超过": 1, "何必": 1, "长他人志气": 1, "灭": 1, "威风": 1, "默认": 1, "显示": 1, "纠结": 1, "矛盾": 1, "心态": 1, "后院": 3, "地区": 1, "决不": 1, "他国": 1, "染指": 1, "进驻": 1, "无疑": 1, "削弱": 1, "经济": 1, "影响力": 1, "出于": 1, "商业": 1, "涉及": 1, "政治": 1, "无权": 1, "特朗普": 1, "阻断": 1, "高科技": 2, "制造": 2, "崛起": 2, "路": 1, "加大": 1, "围堵": 1, "力度": 1, "代表": 1, "引领": 1, "走向": 1, "未来": 1, "科技": 1, "遏制": 3, "2025": 1, "计划": 1, "华盛顿": 1, "承认": 1, "现实": 1, "包括": 1, "在内": 1, "竞相": 1, "展开": 1, "适者生存": 1, "发展": 1, "落后于": 1, "不思进取": 1, "保守": 1, "手段": 1, "时代": 1, "弃儿": 1, "！": 12, "作者": 1, "虎符": 1, "对比": 3, "公平": 1, "款": 3, "手机": 4, "主打": 1, "小屏": 4, "荣耀": 16, "10": 14, "5.84": 1, "英寸": 3, "小米": 18, "9SE": 13, "5.97": 2, "屏幕": 2, "10大": 1, "整体": 1, "大小": 2, "显得": 1, "屏占": 3, "比有": 1, "关系": 1, "发布": 2, "相差": 1, "时间": 3, "长": 1, "快": 1, "将近": 1, "买": 2, "旧": 1, "2018年": 1, "上半年": 1, "定位": 4, "旗舰机": 3, "2019年": 1, "旗舰": 7, "聊下": 1, "颜值": 2, "外观": 1, "角度": 4, "分享": 1, "看法": 2, "如果说": 1, "设计": 4, "选择": 6, "采用": 8, "前置": 7, "下方": 3, "指纹": 4, "识别": 2, "区域": 1, "下巴": 1, "齐": 1, "刘海": 1, "占据": 3, "空间": 1, "一点": 2, "整齐": 1, "双摄": 2, "处理器": 4, "横排": 1, "排列": 3, "logo": 2, "居中": 2, "9": 5, "水滴屏": 1, "机型": 2, "区别": 1, "相待": 1, "至少": 1, "屏下": 2, "解锁": 5, "比会": 1, "站": 1, "后置": 3, "三": 3, "摄": 3, "竖排": 1, "摄像头": 3, "展示": 1, "中规中矩": 1, "算": 4, "漂亮": 1, "摄像": 2, "成像": 1, "水准": 1, "组合": 3, "1600万": 1, "彩色": 1, "像素": 3, "＋": 1, "2400万": 2, "黑白": 1, "f/1.8": 1, "光圈": 2, "支持": 2, "自动": 1, "焦": 3, "深度": 1, "对焦": 1, "/": 4, "相位": 1, "反差": 1, "；": 9, "f/2.0": 1, "固定": 1, "焦距": 1, "配置": 4, "相机": 3, "4800万": 1, "广角": 3, "镜头": 4, "f/1.75": 1, "800万": 1, "长焦": 1, "f/2.4": 2, "1300万": 1, "超": 1, "2000万": 1, "自拍": 3, "小米9": 1, "拍照": 1, "性能": 7, "实力": 1, "这是": 1, "2019": 1, "主流": 1, "去年": 3, "怪": 1, "程度": 1, "这两年": 1, "舍得": 1, "投入": 1, "分析": 1, "核心": 1, "上一代": 1, "CPU": 5, "麒麟970": 4, "高通": 4, "骁龙": 9, "710": 1, "稍微": 1, "厉害": 1, "712": 6, "到底": 1, "胜": 1, "负": 1, "媒体人": 1, "答案": 1, "段": 1, "数据": 1, "解读": 1, "介于": 1, "麒麟960": 2, "970": 1, "之间": 1, "核": 2, "高于": 2, "960": 1, "略": 1, "基带": 1, "版本": 2, "次于": 1, "GPU": 1, "产品": 1, "工艺": 1, "效率": 1, "耗": 1, "麒麟ARM": 1, "架构": 1, "麒麟": 1, "960/970": 1, "高端": 2, "推出": 1, "800": 1, "700": 1, "系列": 1, "中高端": 1, "弱": 1, "相比": 1, "小幅": 1, "差距": 1, "胜出": 1, "功能": 3, "红外": 2, "遥控": 2, "NFC": 2, "系统": 2, "这次": 1, "良心": 1, "三星": 1, "AMOLED": 1, "电池": 3, "容量": 2, "3070": 1, "mAh（typ": 1, "典型": 2, "值": 2, "2970": 1, "mAh": 1, "(": 1, "min/": 1, ")": 1, "套路": 1, "难": 1, "理解": 1, "表现": 3, "6G": 4, "+": 7, "64G": 2, "1999": 1, "元": 8, "128G": 5, "2299": 1, "湿手": 1, "超声波": 1, "3400": 1, "毫安": 1, "2599": 2, "折扣": 1, "1899": 1, "2999": 1, "折扣价": 2, "8G": 3, "3299": 1, "2699": 1, "需求": 1, "据悉": 1, "半年": 1, "加上": 1, "才": 1, "毕竟": 1, "中档": 1, "水平": 1, "改用": 1, "相对来说": 1, "内存": 1, "UI": 1, "项": 1, "MIUI": 1, "EMUI": 1, "困惑": 1, "地方": 1, "购买": 1, "关注": 1, "创业者": 1, "李": 1, "孟": 1, "交流": 1}