{"空欢喜": 2, "场": 3, "！": 7, "备胎": 6, "计划": 3, "华为": 104, "安卓": 10, "系统": 35, "两三": 1, "内": 3, "鸿蒙": 11, "一个": 4, "耳熟能详": 1, "名词": 1, "很多": 10, "手机": 68, "用户": 6, "都": 7, "：": 18, "中国": 3, "终于": 2, "拥有": 5, "操作": 4, "或许": 1, "前段": 1, "时间": 10, "任正非": 3, "段": 3, "采访": 2, "节目": 1, "解答": 1, "困惑": 1, "三足鼎立": 1, "局面": 2, "笔者": 3, "获悉": 1, "领域": 2, "物联网": 1, "开发": 1, "像是": 1, "驾驶": 1, "、": 26, "AI": 2, "智能": 16, "才": 1, "大展拳脚": 1, "地方": 1, "实在": 1, "很": 10, "疑惑": 1, "煞有介事": 1, "节点": 1, "刚好": 1, "谷歌": 3, "GMS": 3, "服务": 5, "那段": 1, "误": 1, "款": 10, "余承东": 1, "快": 1, "秋季": 1, "发布": 5, "晚": 1, "明年": 1, "春天": 1, "仅仅": 1, "顿": 1, "过后": 2, "闭口": 1, "提": 1, "变得": 1, "不再": 2, "原因": 4, "早就": 2, "定论": 1, "塞班": 3, "微软": 2, "WP": 4, "流畅性": 1, "强大": 6, "实力": 3, "确实": 2, "研制": 1, "流畅": 5, "反而": 1, "后来居上": 1, "打败": 1, "建立": 1, "完整": 1, "软件": 5, "生态圈": 1, "想": 3, "就算": 4, "推出": 3, "放弃": 1, "海外": 5, "市场": 11, "只能": 2, "提供": 6, "微信": 1, "支付宝": 1, "国外": 1, "Facebook": 1, "YouTube": 1, "依然": 5, "购买": 3, "价值": 2, "平板": 64, "诞生": 1, "初": 1, "便携性": 1, "超大": 2, "屏幕": 11, "成功": 1, "笔记本": 3, "之间": 3, "突围而出": 1, "抢占": 1, "份额": 1, "大屏化": 1, "轻薄化": 1, "空间": 5, "挤压": 1, "加上": 1, "定位": 2, "厂商": 3, "性能": 10, "重视": 1, "生态": 6, "完善": 3, "行业": 6, "远离": 1, "主流": 1, "视线": 1, "国际": 2, "权威": 1, "调研": 1, "机构": 1, "IDC": 1, "数据": 1, "显示": 5, "2019年": 1, "Q1": 1, "国内": 3, "小幅": 1, "上扬": 1, "呈现": 2, "寡头": 1, "独大": 1, "——": 11, "苹果": 4, "二分": 1, "天下": 1, "系列": 5, "积累": 1, "影音": 8, "娱乐": 6, "极致": 3, "体验": 20, "核心": 1, "优势": 3, "态势": 1, "；": 8, "值得": 1, "少有": 1, "持续": 2, "逆势": 3, "增长": 3, "正好": 1, "小编": 11, "拿到": 1, "最新": 1, "10.8": 3, "英寸": 6, "M6": 31, "希望": 1, "该机": 14, "身上": 1, "找到": 2, "发展": 8, "些许": 1, "思路": 1, "Part": 4, "One": 1, "高清": 3, "锐屏": 2, "+": 9, "四": 10, "声道": 11, "四扬声器": 2, "带来": 11, "影院": 2, "视听": 1, "享受": 3, "趋势": 1, "为首": 2, "突破": 3, "创新": 4, "综合": 1, "iPad": 1, "重金": 1, "押注": 1, "生产力": 2, "搏": 1, "未来": 4, "做出": 2, "聚焦": 2, "出色": 4, "观影": 3, "有赖于": 1, "「": 2, "画面": 10, "」": 2, "声音": 3, "体现": 2, "展现": 3, "窗口": 2, "采用": 7, "16:10": 1, "比例": 3, "2K屏": 1, "生而": 1, "适合": 2, "观看": 1, "流浪": 3, "地球": 3, "配合": 9, "视频": 5, "资源": 1, "震撼": 2, "效果": 5, "搭配": 2, "自研": 1, "技术": 6, "麒麟": 7, "980": 4, "强劲": 3, "GPU": 5, "NPU": 2, "算力": 1, "动态": 1, "分析": 1, "损失": 1, "细节": 3, "色彩": 2, "实时": 1, "补偿": 1, "提高": 3, "饱和度": 1, "木星": 1, "气红": 1, "鲜艳": 1, "现实": 1, "画": 3, "面对": 1, "比度": 1, "发动机": 3, "尾焰": 1, "科幻感": 1, "音效": 4, "环": 1, "这次": 2, "全新": 1, "定制": 1, "振幅": 2, "扬声器": 3, "芯片": 2, "信号": 5, "支持": 13, "外放": 1, "洪亮": 2, "双扬": 1, "声器": 1, "听到": 2, "方位": 1, "环绕": 1, "音效感": 1, "飞机": 1, "上方": 1, "飞过": 1, "感受": 2, "轰鸣": 1, "头顶": 1, "呼啸而过": 1, "音量": 2, "仿佛": 1, "置身": 1, "强悍": 1, "气流": 1, "电影院": 1, "临场感": 1, "如出一辙": 1, "下方": 1, "卡车声": 1, "渐进": 1, "沉浸感": 1, "值得一提的是": 1, "这是": 1, "本身": 1, "局限": 1, "解决": 3, "工程师": 2, "团队": 1, "深度": 3, "挖掘": 1, "音频": 2, "底层": 2, "架构": 1, "重构": 1, "源头": 1, "传输": 1, "数字": 2, "信道": 1, "扩展": 3, "原本": 1, "软硬": 2, "之下": 1, "最终": 1, "意义": 1, "还原": 3, "品质": 1, "素材": 1, "立体声": 1, "信息": 3, "全球": 6, "首款": 1, "杜比": 4, "全景声": 1, "Dolby": 2, "Atmos": 1, "视界": 4, "(": 2, "Vision": 1, ")": 2, "爱奇艺": 1, "专区": 1, "一番": 1, "播放": 2, "上图": 1, "右侧": 1, "标志": 1, "哈曼卡顿": 1, "调音": 1, "蔡琴": 2, "遗忘": 1, "时光": 1, "人声": 2, "清澈": 1, "著名": 1, "煲机": 1, "音乐": 1, "面前": 1, "高音": 1, "纯净": 1, "听者": 1, "片刻": 1, "安宁": 1, "中音": 2, "咬字": 1, "听": 1, "优秀": 1, "低音": 1, "浑厚": 1, "层次感": 1, "皮": 1, "音质": 1, "无间道": 1, "梁朝伟": 1, "卖": 1, "万元": 1, "音响": 1, "水准": 1, "Two": 1, "980+": 1, "Turbo": 4, "3.0": 4, "畅玩": 2, "热门": 1, "游戏": 18, "压力": 5, "分家": 1, "硬件": 1, "玩起": 1, "得心应手": 1, "本次": 1, "M6全系": 1, "搭载": 4, "麒麟980": 6, "旗舰级": 1, "处理器": 6, "Mate20": 1, "P30": 2, "同款": 1, "自然": 1, "EMUI": 2, "9.1": 1, "畅": 1, "玩": 4, "王者": 2, "荣耀": 3, "打开": 9, "高帧率": 1, "画质": 2, "运行": 8, "毫无": 1, "激烈": 1, "技能": 1, "横飞": 1, "团战": 1, "卡顿": 4, "影响": 5, "跟手": 1, "用帧率": 1, "测试": 2, "期间": 1, "帧率": 4, "情况": 3, "2K": 1, "分辨率": 4, "平均": 1, "59": 1, "满帧": 6, "60": 3, "全程": 2, "平稳": 1, "3D": 5, "和平": 3, "精英": 3, "轻松": 5, "驾驭": 1, "众所周知": 2, "大型": 2, "发生": 1, "落地": 1, "成盒": 1, "玩家": 2, "眩晕感": 1, "40": 2, "堡垒": 2, "前线": 2, "好在": 1, "软硬件": 1, "优化": 6, "响应": 1, "速度": 1, "吃": 1, "鸡": 1, "稳定": 2, "39": 1, "帧": 2, "状态": 1, "佳": 2, "具备": 1, "功耗": 1, "7500": 1, "mAh大": 1, "电池": 2, "持久": 1, "畅游": 1, "Three": 1, "办公": 7, "电脑": 3, "模式": 11, "平行": 3, "工作": 2, "抓": 1, "不仅仅": 2, "沉浸": 1, "轻": 2, "办公所": 1, "充沛": 1, "随时随地": 1, "磁吸式": 2, "键盘": 4, "M-Pen": 2, "Lite手": 2, "写笔": 3, "灵感": 1, "迸发": 1, "笔": 2, "记录": 1, "配件": 1, "生产": 1, "效率": 2, "叠加": 1, "类似": 1, "重点": 1, "介绍": 2, "下M": 1, "Pen": 1, "lite手": 1, "精致": 1, "签字": 1, "造型": 1, "触感": 1, "舒适": 2, "笔尖": 1, "轻盈": 1, "纤细": 1, "笔身": 1, "书写": 1, "赞": 1, "绘画": 1, "随意": 3, "放": 2, "误触": 1, "贴心": 1, "头疼": 1, "繁琐": 1, "文件": 2, "管理": 2, "笔电": 1, "高效率": 2, "桌面": 1, "节约": 1, "学习": 1, "成本": 1, "高效": 2, "基于": 1, "保证": 1, "热门级": 1, "大屏": 5, "设备": 2, "设计": 3, "横竖屏": 1, "适配": 1, "版本": 4, "回归": 1, "革命性": 1, "功能": 12, "横屏": 1, "分屏": 2, "层级": 1, "浏览": 1, "今日": 1, "头条": 1, "文章": 1, "提升": 2, "阅读": 1, "淘宝货": 1, "三": 3, "节省": 1, "逛": 2, "淘宝": 2, "方法": 1, "还要": 1, "M6中": 1, "语音": 3, "助手": 2, "小艺": 5, "想要": 4, "商品": 1, "自动": 2, "扔": 1, "垃圾": 3, "分类": 2, "告诉": 1, "大妈": 1, "这样的话": 1, "双核": 1, "能力": 3, "顶部": 1, "四麦克风": 1, "阵列": 1, "精准": 1, "拾音": 1, "算法": 1, "远在": 1, "5m": 1, "呼叫": 2, "音箱": 2, "家庭": 1, "时代": 5, "AI语音": 1, "接上": 1, "底座": 1, "化身": 2, "带屏": 1, "掌控": 1, "家中": 2, "HiLink": 1, "家居": 1, "尤其是": 2, "夏天": 1, "回家": 1, "空调": 1, "回到": 1, "尽情": 1, "凉爽": 1, "闲暇": 1, "歌曲": 1, "陪伴": 1, "午后": 1, "休息": 1, "Four": 1, "儿童": 15, "教育": 8, "在线": 6, "社会": 1, "科技": 5, "宝宝们": 1, "早早": 1, "接触": 1, "产品": 3, "需求": 3, "愈发": 1, "旺盛": 1, "乐园": 4, "旨在": 1, "家长": 6, "子女": 1, "关心": 1, "繁忙": 1, "丢给": 1, "孩子": 5, "全科": 1, "家教": 1, "直观": 1, "动画": 1, "字": 1, "连接": 1, "商城": 2, "口碑": 1, "APP": 1, "选择": 5, "纠结": 1, "简单": 1, "保护": 2, "视力": 1, "护眼": 1, "检测": 2, "环境": 1, "光线": 1, "暗": 1, "提醒": 2, "抖动": 1, "走动": 1, "不用": 2, "担心": 1, "健康": 1, "用眼": 1, "眼睛": 2, "疲劳": 1, "致力": 1, "消费者": 5, "人性化": 1, "针对": 2, "打造": 3, "贡献": 1, "平台": 1, "起到": 1, "带动": 1, "作用": 1, "承担": 1, "一家": 2, "龙头": 1, "企业": 1, "责任": 1, "现如今": 1, "处于": 1, "变革期": 1, "穷": 1, "通则达": 1, "无疑": 1, "模糊": 1, "980+无界": 1, "质": 1, "飞跃": 1, "抓住": 1, "基本盘": 1, "痛点": 1, "独特": 1, "所想": 1, "所需": 1, "可谓": 1, "破局": 1, "5G": 2, "即将": 1, "来临": 1, "网速": 1, "场景": 1, "无限": 1, "便携": 1, "轻薄": 1, "取代": 2, "天然": 1, "现有": 1, "势头": 1, "紧抓": 1, "脉搏": 1, "引领": 1, "复兴": 1, "可期": 1, "如今": 2, "品牌": 3, "家喻户晓": 1, "俨然": 2, "国产": 4, "领头羊": 1, "美国": 1, "商业": 1, "战争": 2, "名望": 1, "推向": 1, "高峰": 1, "毋庸置疑": 1, "去年": 5, "研发": 2, "投入": 2, "一百多亿": 1, "欧元": 1, "位列": 1, "第五": 1, "公司": 2, "不止": 1, "可见一斑": 1, "副业": 1, "混": 1, "风生": 1, "水": 1, "涵盖": 1, "高中": 1, "低": 1, "档次": 1, "盘点": 1, "好用": 2, "性价比": 2, "第一": 3, "nova5Pro华": 1, "nova5pro": 4, "6月份": 1, "上市": 3, "价格": 4, "2999-3399": 1, "共有": 1, "颜色": 2, "类型": 2, "供": 2, "一块": 2, "6.39": 2, "曲": 1, "面屏": 1, "占比率": 2, "高达": 1, "91%": 1, "像素": 10, "密度": 2, "403ppi": 1, "长": 3, "太": 4, "海思": 2, "梯队": 1, "相机": 3, "一大": 1, "亮点": 1, "五": 1, "摄像头": 6, "前置": 3, "3200万": 1, "1080P": 1, "录制": 2, "后置": 3, "1600万": 1, "800万": 2, "镜头": 2, "200万": 2, "拍": 3, "相片": 3, "清晰": 1, "好看": 1, "3840*2160": 1, "摄像": 1, "4K": 1, "一点": 3, "可惜": 1, "光学": 1, "防抖": 1, "nova5": 3, "Pro": 5, "图像": 1, "语义": 1, "分割": 1, "分区": 1, "调优": 1, "这项": 1, "较为": 1, "少见": 1, "摄影": 3, "满意": 1, "本来": 1, "显得": 1, "同等": 1, "价位": 1, "排": 1, "上前": 1, "第二": 1, "mate": 3, "Pro华": 1, "2018年": 4, "10月份": 1, "4899-6299": 1, "机型": 3, "直至": 2, "热度": 1, "一共": 1, "七": 1, "在手": 1, "感觉": 1, "3120*1440": 1, "屏": 1, "87.87%": 1, "538ppi": 1, "电竞": 1, "级别": 1, "2400万": 1, "5632*4224": 1, "感知": 1, "4000万": 1, "2000万": 1, "照片": 1, "7296*5472": 1, "10": 1, "倍": 1, "变焦": 1, "4D": 1, "预测": 1, "追焦": 1, "Mate20Pro": 2, "容量": 1, "4200": 1, "毫安": 1, "配": 1, "40W": 1, "超级": 1, "快充": 1, "不容忽视": 1, "充电": 2, "续航": 2, "老款": 1, "旗舰": 1, "最佳": 1, "配置": 2, "现今": 1, "输于": 1, "当下": 1, "高端": 2, "了如指掌": 1, "中关村": 1, "消息": 1, "年度": 1, "报告": 2, "截至": 1, "员工": 12, "总数": 3, "18.8万": 2, "聘用": 2, "超过": 2, "2.8万": 2, "称": 1, "160": 1, "国家": 1, "地区": 1, "41": 1, "民族": 1, "国籍": 1, "性别": 1, "年龄": 1, "种族": 1, "宗教": 1, "信仰": 1, "全方位": 1, "制定": 1, "实施": 1, "多元化": 1, "目标": 1, "遵守": 1, "相关": 2, "法律": 1, "法规": 1, "公约": 1, "保障": 1, "男女": 1, "就业": 1, "公平": 1, "女性": 3, "注重": 1, "管理者": 2, "选拔": 1, "职业": 1, "7.05%": 1, "国际化": 1, "态度": 1, "推动": 1, "本地化": 1, "进程": 1, "本地化率": 1, "70%": 1, "创始人": 1, "总裁": 1, "近期": 1, "接受": 1, "外媒": 1, "刷新": 1, "人数": 2, "切换": 3, "磨合": 1, "增加": 1, "19.4万": 1, "7220432": 1, "表现": 1, "到位": 1, "至极": 1, "接下来": 1, "进阶": 1, "5": 1, "技巧": 1, "手势": 5, "控制": 4, "实用": 1, "开启": 3, "动作": 2, "指关节": 3, "敲击": 1, "即可": 7, "截屏": 1, "字母": 1, "直线": 1, "启动": 1, "设置": 3, "辅助": 2, "指": 1, "关节": 1, "熄屏": 3, "快呼": 3, "第三": 1, "遭遇": 1, "写": 1, "息屏": 1, "键": 1, "下键": 1, "提示": 1, "音": 1, "说出": 1, "联系人": 1, "姓名": 1, "OK": 1, "隐私": 6, "储存": 1, "内容": 2, "点击": 3, "创建": 1, "输入": 1, "昵称": 1, "录入": 1, "指纹": 2, "锁屏": 1, "界面": 1, "任意": 1, "钱包": 3, "不得不": 2, "实用性": 1, "内置": 1, "刷卡": 1, "付款码": 1, "扫": 2, "钥匙": 2, "平时": 1, "常用": 1, "卡添加": 1, "进去": 1, "卡包": 1, "添加": 2, "交通卡": 1, "银行卡": 1, "识物": 3, "拍照": 1, "查看": 1, "左滑": 1, "搜索": 1, "本地": 1, "右上角": 1, "图标": 2, "扫描": 1, "下载": 1, "智慧": 1, "视觉": 1, "手动": 1, "本文": 1, "编辑": 1, "项森": 1, "位置": 1, "国人": 1, "心头": 1, "爱": 1, "距今为止": 1, "热烈": 1, "发行": 3, "哄抢": 1, "待遇": 1, "典型": 1, "代表": 1, "天差地别": 1, "这部": 9, "不错": 1, "想到": 1, "推广": 3, "遇冷": 2, "超长": 1, "低价": 1, "无人问津": 2, "旗舰机": 1, "追捧": 1, "相比": 1, "难受": 1, "不至于": 1, "打压": 1, "销售量": 2, "刚刚": 2, "掩盖": 1, "住": 1, "光芒": 1, "Mate": 1, "20x": 1, "硝烟": 1, "对此": 1, "买账": 1, "客源": 1, "销量": 4, "下滑": 2, "降价": 1, "承认": 1, "降低": 1, "性评价": 1, "7.2": 1, "电量": 1, "充满": 1, "喜欢": 1, "手": 1, "游人": 1, "首选": 1, "内存": 1, "自由": 1, "现象": 2, "散热": 1, "发热": 1, "致命": 1, "缺点": 1, "外观": 1, "完美": 1, "重量": 1, "吐槽": 1, "必定": 1, "疲劳感": 1, "导致": 1, "快速": 1, "降到": 1, "4499": 1, "元": 1, "性价": 1, "相比起": 1, "款式": 1}