{"趋势": 3, "：": 49, "未来": 37, "社会": 13, "样子": 2, "华为": 249, "官网": 2, "三": 1, "故事": 6, "描述": 2, "栩栩如生": 2, "怦然心动": 2, "如今": 2, "迈向": 1, "一个": 15, "无比": 1, "激动": 1, "智能化": 2, "时代": 2, "人类": 3, "发展": 39, "步伐": 1, "想象力": 1, "疾速": 1, "前行": 2, "商业": 4, "、": 91, "工业": 3, "都": 26, "快速": 4, "演进": 1, "变革": 1, "渴望": 1, "紧密": 1, "沟通": 2, "梦想": 1, "前所未有": 1, "生活": 2, "方式": 5, "高效": 1, "运作": 5, "需求": 4, "驱动": 1, "无限": 3, "无穷契机": 1, "蕴含": 1, "潜能": 1, "技术": 13, "之间": 6, "国家": 4, "行业": 7, "边界": 1, "打破": 1, "站": 1, "浪头": 1, "弄潮儿": 1, "全人类": 1, "美好": 2, "努力": 3, "前瞻性": 1, "指出": 2, "联接": 4, "世界": 6, "创造": 3, "体验": 3, "深刻": 1, "革新": 1, "经济": 2, "方方面面": 1, "到底": 6, "发表": 1, "篇": 1, "文章": 1, "讲": 1, "方法": 2, "描绘": 1, "从中": 1, "体会": 1, "一2028年": 1, "美国": 49, "全球": 28, "用户": 7, "秒": 2, "数百亿": 1, "影片": 3, "载到": 1, "互联网": 1, "约翰": 2, "建立": 3, "搜寻": 2, "系统": 40, "理解": 1, "物": 3, "情景": 1, "自动": 5, "学习": 1, "能力": 12, "人工": 2, "智能": 29, "秒联": 1, "接到": 1, "数据": 17, "中心": 3, "收看": 1, "高清": 1, "准确": 2, "影像": 1, "提供": 8, "深度": 1, "分析": 3, "时尚": 1, "品牌": 7, "衣服": 1, "裁剪": 1, "颜色": 1, "最新": 1, "喜好": 1, "玩具": 1, "制造商": 1, "流行": 1, "游戏": 1, "政府": 9, "部门": 3, "大众": 2, "公共": 2, "设施": 7, "意见": 1, "二2035年": 1, "中国": 8, "刘伟": 4, "坐进": 1, "刚": 2, "买": 1, "驾驶": 4, "汽车": 6, "辆": 2, "车": 1, "车头": 1, "车尾": 1, "指示灯": 2, "毕竟": 2, "年代": 1, "告诉": 2, "目的地": 1, "计算机": 2, "瞬间": 1, "交通": 4, "信息": 4, "路面": 1, "情况": 13, "计算": 8, "到达": 1, "时间": 3, "途中": 1, "收听": 1, "音乐": 1, "安排": 2, "工作": 5, "路上": 1, "数百": 1, "交谈": 1, "行车": 2, "路线": 1, "速度": 3, "变道": 1, "计划": 12, "极大": 3, "降低": 2, "意外": 1, "导致": 2, "伤亡": 1, "风险": 1, "中央": 1, "覆盖": 2, "高速": 2, "无线": 4, "网络": 14, "收集": 1, "数以万计": 1, "作出": 3, "最佳": 2, "调度": 1, "影响": 50, "道路": 1, "设计": 4, "城市": 1, "规划": 3, "年头": 1, "堵车": 1, "不再": 1, "迟到": 1, "理由": 1, "三2042年": 1, "印度": 1, "九": 1, "岁": 1, "桑贾伊": 3, "患上": 1, "极为": 1, "罕见": 2, "神经": 1, "外胚层": 1, "肿瘤": 3, "破裂": 1, "脑出血": 1, "马上": 1, "手术": 6, "清除": 1, "血块": 1, "老家": 1, "专家": 2, "紧急": 1, "当地": 2, "医院": 1, "果断": 1, "医疗网": 1, "找到": 1, "远在": 1, "伦敦": 2, "脑科": 1, "遥距": 1, "分辨率": 1, "摄录": 1, "磁力": 1, "震": 1, "设备": 4, "实时": 2, "拍摄": 1, "扫描": 1, "传送": 1, "医疗": 4, "医生": 2, "生产": 12, "辅助": 1, "用途": 1, "机器人": 1, "施行": 1, "触感": 1, "100%": 1, "高度": 1, "还原": 1, "指尖": 1, "生命": 2, "死神": 1, "手": 1, "挽救": 1, "回来": 1, "联合国": 1, "决议": 1, "国": 1, "同意": 1, "汇集": 1, "资源": 2, "拯救": 1, "尤其是": 1, "贫困": 1, "地区": 1, "病患": 1, "坚信": 3, "空气": 1, "无处不在": 1, "无时": 1, "物会": 1, "时时刻刻": 1, "基于": 4, "极其": 1, "恢弘": 1, "最终": 4, "走到": 2, "何种": 1, "地步": 1, "期待": 1, "百家号": 1, "独家": 1, "内容": 1, "7月": 8, "30日": 8, "下午": 4, "董事长": 33, "梁华": 43, "对外": 6, "公布": 10, "解读": 4, "2019年": 26, "上半年": 49, "业绩": 26, "这是": 3, "5月份": 2, "列入": 5, "实体名单": 2, "发布": 17, "第一": 7, "份": 9, "财报": 8, "领军": 2, "企业": 11, "表现": 6, "尤为": 2, "关注": 4, "此前": 4, "预测": 5, "公开": 2, "业务": 64, "收入": 24, "增长": 39, "今日": 1, "销售": 8, "4013亿": 7, "元": 33, "同比": 16, "23.2%": 5, "净": 7, "利润率": 7, "8.7%": 5, ";": 3, "消费者": 30, "2208亿": 6, "营收": 5, "占比": 6, "55%": 2, "运营商": 12, "1465亿": 6, "36.5%": 2, "316亿": 6, "占": 4, "7.9%": 2, "手机": 65, "发货量": 8, "(": 3, "含荣耀": 1, ")": 3, "1.18亿": 6, "24%": 3, ";华": 1, "50": 8, "商用": 17, "5G": 44, "合同": 11, "基站": 8, "发货": 15, "超过": 11, "15万": 7, "平稳": 6, "组织": 4, "稳定": 9, "管理": 12, "各项": 5, "财务": 5, "指标": 4, "稳健": 4, "经营": 9, "实体": 19, "清单": 15, "带来": 7, "干扰": 3, "公司": 34, "程度": 4, "可控": 3, "主力": 4, "产品": 37, "客户": 26, "5月": 4, "快": 6, "市场": 37, "惯性": 4, "面临": 7, "困难": 21, "依然": 9, "很": 11, "投入": 16, "人力": 4, "物力": 3, "版本": 4, "切换": 4, "供应": 21, "连续性": 12, "保障": 8, "交付": 8, "外部": 5, "环境": 2, "暂时": 4, "节奏": 4, "改变": 7, "方向": 7, "战略": 3, "活": 2, "保证": 6, "生存": 5, "投资": 5, "研发": 18, "1200亿": 8, "克服": 5, "短期": 5, "挑战": 10, "时期": 7, "国际": 2, "金融": 3, "报": 2, "记者": 18, "蒋": 1, "佩芳": 1, "来源": 3, "财联社": 1, "讯": 1, "深圳": 1, "总部": 1, "显示": 5, "人民币": 11, "；": 15, "出货量": 11, "逆势": 6, "透露": 3, "断供": 7, "整体": 10, "太": 7, "恢复": 19, "供货": 9, "生态": 16, "出货": 2, "增加": 2, "Canalys": 4, "二季度": 2, "报告": 6, "第二": 7, "季度": 7, "9760万": 2, "台": 11, "下降": 6, "6%": 2, "38.2%": 1, "OPPO": 3, "18.3%": 1, "vivo": 2, "17.5%": 1, "小米": 2, "11.8%": 1, "苹果": 3, "5.8%": 1, "排名": 1, "份额": 5, "五": 1, "31%": 3, "四": 1, "均": 1, "负": 1, "称": 5, "创下": 2, "8": 1, "3730万": 2, "排": 1, "倍": 2, "公众": 1, "包括": 3, "总计": 2, "16日": 3, "将近": 2, "45": 2, "服务器": 3, "海外": 17, "介绍": 3, "替代": 4, "环节": 4, "支持": 10, "交互": 2, "供应链": 6, "多元化": 3, "策略": 12, "实践": 1, "验证": 3, "迄今为止": 3, "停止": 1, "基本上": 3, "全年": 3, "信心": 9, "首席": 4, "供应官": 3, "供应商": 9, "断断续续": 2, "G20": 3, "峰会": 2, "特朗普": 3, "加快": 2, "相关": 3, "审批": 2, "期盼": 2, "承诺": 5, "补充": 1, "关键": 8, "领域": 10, "安卓": 14, "下半年": 8, "操作": 16, "鸿蒙": 9, "一开始": 3, "针对": 7, "物联网": 5, "开发": 2, "提及": 1, "依据": 2, "服务": 8, "价格": 5, "回答": 2, "一点": 2, "变化": 1, "国内": 10, "解决": 7, "制定": 2, "IOT": 2, "远程": 2, "控制": 2, "操控": 2, "始终": 2, "做好": 6, "长期": 7, "将来": 2, "任然": 2, "拿出": 2, "谈判": 2, "这块": 3, "噱头": 2, "附华": 1, "现场": 3, "演讲": 1, "实录": 2, "迎难而上": 1, "充满": 7, "媒体": 2, "朋友": 1, "！": 5, "出席": 1, "发布会": 5, "想": 6, "分享": 1, "半年": 6, "压力": 4, "年初": 1, "共有": 1, "2600": 1, "名": 2, "访华": 1, "采访": 1, "管理层": 1, "员工": 3, "参观": 1, "实验室": 1, "生产线": 2, "食堂": 1, "咖啡厅": 1, "记录": 1, "眼中": 1, "状态": 2, "期间": 3, "乱": 1, "订单": 3, "选择": 8, "信任": 6, "感谢": 2, "领先": 6, "ICT": 9, "基础": 7, "总体": 5, "合作": 17, "伙伴": 6, "给予": 3, "考验": 2, "停产": 2, "中断": 2, "传输": 3, "通信": 6, "IT": 3, "真爱": 1, "信赖": 2, "含": 2, "荣耀": 2, "场景": 4, "布局": 3, "进展": 2, "平板": 2, "PC": 2, "可穿戴": 2, "健康": 3, "智慧": 2, "建设": 3, "初具规模": 2, "终端": 8, "注册": 2, "开发者": 2, "80万": 2, "汇聚": 2, "5亿": 2, "照相": 1, "AI": 2, "电池": 1, "续航": 1, "功能": 4, "处于": 1, "原因": 4, "加倍": 1, "回馈": 1, "面对": 3, "持续": 7, "客观": 1, "五月份": 2, "架": 2, "烂": 2, "飞机": 2, "补洞": 5, "补": 10, "差不多": 3, "重点": 2, "奋斗": 3, "奋力": 1, "开放": 2, "走向": 1, "封闭": 1, "狭隘": 1, "自主": 6, "希望": 2, "产业链": 6, "共赢": 2, "价值": 1, "推动": 1, "良性": 1, "平静": 1, "华为人": 1, "反而": 2, "淡定": 1, "聚焦": 5, "本职": 1, "很多": 10, "蓬勃": 1, "数字化": 1, "转型": 1, "刚刚": 2, "启动": 1, "空间": 1, "兑现": 1, "坚定": 2, "潜力": 2, "打击": 1, "目标": 1, "清晰": 1, "跨部门": 1, "协同": 1, "顺畅": 1, "干劲": 2, "内部": 4, "活力": 3, "激发": 1, "历史": 2, "时刻": 2, "正是": 3, "优秀": 7, "人才": 5, "脱颖而出": 2, "机会": 3, "两三": 2, "拥有": 9, "支": 2, "队伍": 2, "支撑": 6, "轮": 3, "攀登": 1, "珠穆朗玛峰": 1, "难": 1, "走": 1, "条": 1, "路": 1, "从未": 1, "后悔": 1, "肩负": 1, "理想": 3, "使命": 3, "使命感": 2, "指引": 1, "站到": 2, "最前沿": 1, "吸引": 1, "全世界": 1, "科学家": 1, "探索": 4, "造福": 1, "坚守": 3, "担当": 2, "动力": 1, "退路": 2, "唯有": 1, "向前": 1, "胜利": 2, "谢谢": 1, "公然": 1, "管制": 4, "名单": 3, "不惜": 2, "倾尽": 2, "全国": 2, "力量": 1, "推向": 1, "无底": 1, "深渊": 1, "未雨绸缪": 1, "备胎": 3, "强大": 1, "顺利": 1, "化解": 1, "危机": 2, "场": 3, "灭顶之灾": 1, "过后": 1, "禁令": 7, "制裁": 3, "究竟": 1, "放行": 1, "真的": 1, "放过": 1, "外界": 1, "关心": 1, "事件": 2, "近日": 1, "正式": 2, "回应": 2, "举办": 1, "详细": 1, "系列": 2, "成绩": 1, "官方": 2, "相比": 1, "去年": 2, "增幅": 1, "谈到": 1, "梁华一一": 1, "解答": 1, "梁华所述": 1, "趋于": 1, "妨碍": 1, "井然有序": 1, "推进": 1, "大幅": 1, "回暖": 1, "80%": 3, "水平": 3, "谷歌": 2, "关系": 2, "Android": 3, "沿用": 1, "立场": 1, "首选": 1, "方案": 3, "禁止": 2, "构建": 3, "硬件": 1, "软件": 1, "拙劣": 1, "手段": 2, "扼杀": 2, "进军": 1, "版图": 1, "扩张": 1, "胜负": 1, "认可": 1, "立身": 1, "拒绝": 1, "参与": 2, "抵制": 1, "电信": 1, "签订": 2, "切断": 1, "千方百计": 1, "谋划": 1, "阴谋": 1, "一再": 1, "化险为夷": 1, "积怨": 1, "恼羞成怒": 1, "搬": 1, "杀手锏": 1, "旋律": 1, "牺牲": 1, "利益": 1, "使出": 1, "杀敌": 1, "一千": 1, "自损": 1, "八百": 1, "损招": 1, "殊不知": 1, "具备": 2, "意识": 1, "早": 1, "防范": 1, "涵盖": 1, "芯片": 2, "专利": 1, "通讯": 1, "筑": 1, "高墙": 1, "削弱": 1, "依赖": 1, "年前": 1, "中兴": 13, "深谙": 1, "打铁还需自身硬": 1, "道理": 1, "套": 1, "完整": 1, "生态圈": 1, "梁华还补": 1, "充道": 1, "越来越": 2, "完善": 1, "惯用": 1, "禁售": 1, "威胁": 1, "看好": 1, "谈谈": 1, "看法": 1, "厂商": 2, "竞争": 4, "高地": 1, "大小": 1, "预示": 1, "当中": 5, "地位": 1, "科技": 2, "新品": 2, "占据": 2, "优势": 3, "贵": 2, "还要": 1, "选": 1, "或许": 1, "发售": 1, "机型": 2, "才": 3, "差别": 2, "AXON": 1, "10": 1, "Pro": 1, "新一代": 2, "提前": 1, "段": 1, "Mate20": 2, "X": 2, "款": 2, "态度": 2, "明朗": 1, "占有量": 1, "想要": 1, "外观": 1, "区别": 1, "说到": 4, "核心": 2, "部件": 1, "可圈可点": 1, "地方": 1, "贵上": 2, "归根到底": 1, "配置": 1, "差距": 1, "4000万": 1, "像素": 2, "4800万": 1, "低": 1, "超广角": 1, "成像": 1, "质量": 3, "莱卡": 1, "效果": 1, "好上": 1, "变焦": 1, "优点": 1, "仅仅": 2, "防水": 1, "IP53": 1, "等级": 1, "日常": 1, "算": 1, "旗舰": 1, "平时": 1, "防护": 1, "售价": 1, "因素": 2, "必不可少": 1, "频段": 1, "最为": 1, "5g": 1, "标准": 1, "标段": 1, "NSA": 2, "SA": 1, "好在": 1, "更为": 1, "宽泛": 1, "巴龙": 1, "5000": 1, "解调器": 2, "骁龙X50": 1, "模式": 1, "肯定": 1, "单一": 1, "组网": 1, "4G": 1, "过渡": 1, "体现": 1, "1000多": 1, "否认": 1, "见证": 1, "话语权": 1, "内": 2, "图片": 1, "壹图网": 1, "观察网": 1, "惠如": 1, "营收收入": 1, "位数": 1, "净利润": 1, "增速": 1, "下滑": 8, "谈及": 1, "确实": 2, "5.16": 2, "收到": 1, "替代性": 1, "不大": 2, "梁": 4, "华称": 3, "11": 2, "统计": 1, "董事": 3, "管理官": 1, "姚福海": 2, "做出": 1, "为止": 1, "‘": 4, "’": 4, "2018年": 3, "费用": 2, "1015亿": 1, "比重": 1, "14.1%": 1, "4800亿": 1, "梁华看来": 1, "立足": 2, "6月": 1, "18日": 1, "咖啡": 1, "对话": 1, "任正非": 2, "提到": 1, "销量": 3, "40%": 1, "6月份": 1, "20%": 2, "减产": 1, "300亿": 1, "美元": 2, "明年": 1, "预计": 1, "1000亿": 1, "2021年": 1, "焕发": 1, "勃勃生机": 1, "授权": 1, "取决于": 3, "发力": 3, "质疑": 1, "解释": 1, "金融界": 1, "网站": 1, "星期二": 1, "阐述": 2, "展望": 2, "16:23": 1, "到此": 1, "结束": 1, "观看": 1, "16:22": 2, "欧洲": 2, "提问": 14, "讨论": 1, "购买": 1, "16:21": 1, "都会": 1, "共享": 1, "漏洞": 5, "消费": 1, "氛围": 1, "谋": 1, "调整": 3, "天才": 1, "成批": 1, "迎接": 1, "谋求": 1, "16:20": 2, "措施": 1, "人员": 1, "/": 1, "架构": 2, "大规模": 1, "一块": 1, "刚才": 1, "16:16": 2, "大洞": 2, "打算": 1, "机海": 1, "战术": 1, "撤出": 1, "媲美": 1, "IoT": 1, "实锤": 1, "研究": 1, "应对": 2, "Google": 1, "话术性": 1, "结构性": 1, "面向": 1, "很难说": 1, "比例": 3, "高端": 1, "16:07": 1, "龙骐": 1, "砍": 1, "类型": 1, "代工": 1, "16:04": 1, "好说": 1, "16:03": 1, "格局": 1, "预期": 1, "16:01": 1, "云业务": 2, "这几年": 1, "年报": 1, "放到": 1, "板块": 1, "云会": 1, "现有": 1, "发挥": 1, "Cloud+AI+5G": 1, "15:57": 1, "15:56": 2, "梁华：5G": 1, "美国商务部": 1, "请问": 1, "部署": 2, "许可": 1, "15:54": 1, "实施": 1, "梳理": 2, "就要": 1, "改版": 1, "放弃": 1, "件": 2, "连接": 2, "加紧": 1, "15:52": 1, "谈": 1, "大概": 1, "4000多": 1, "年底": 2, "93％": 1, "15:50": 1, "搭载": 3, "15:48": 1, "想问": 1, "Mate": 1, "30": 1, "15:47": 1, "经营性": 2, "现金流": 4, "存货": 1, "资金": 1, "现金": 1, "流会": 1, "长远发展": 1, "15:46": 1, "积累": 1, "元器件": 1, "囤": 1, "积元": 1, "器件": 1, "多久": 1, "15:45": 1, "80％": 1, "m20X": 1, "15:42": 1, "下跌": 2, "40％": 1, "15:40": 2, "15:39": 1, "15:32": 1, "消费品": 1, "赢得": 1, "喜爱": 1, "占有": 1, "追求": 1, "一家": 2, "独大": 2, "15:31": 1, "南华": 1, "早报": 1, "今早": 1, "唯一": 1, "内地": 1, "良心": 1, "痛": 1, "15:29": 1, "15:27": 1, "15:23": 1, "姚": 1, "福海": 1, "集团": 1, "财经": 1, "副CFO": 1, "账务": 1, "管理部": 1, "总裁": 1, "史延丽": 1, "15:20": 2, "前沿": 1, "15:19": 1, "24％": 2, "全场": 1, "景": 1, "15:18": 1, "强化": 1, "园区": 1, "事业": 1, "能源": 1, "15:17": 1, "累计": 1, "15：05": 1, "15:05": 1, "15:04": 1, "营业": 1, "23.2％": 1, "8.7％": 1, "55％": 1, "36.5％": 1, "7.9％": 1, "7月底": 2, "3257亿": 2, "外媒": 3, "30%": 2, "4234亿": 2, "腾讯": 1, "科技讯": 1, "消息": 2, "15:00-16:20": 1, "格外": 1, "引人关注": 1, "背景": 1, "利好": 1, "上年": 1, "值得": 2, "华本": 1, "月底": 1, "半年报": 1, "报道": 1, "增长率": 1, "30％": 1, "精选": 1, "团队": 1, "一季度": 3, "迅猛": 1, "往年": 1, "1797亿": 1, "39%": 1, "8%": 1, "略": 1, "提升": 2, "运营": 1, "效率": 1, "开启": 1, "规模": 1, "截至": 2, "3月底": 1, "40": 1, "70,000": 1, "发": 1, "世界各地": 1, "数字": 1, "平台": 1, "率先": 1, "加持": 1, "Wi-Fi": 2, "6": 2, "AP": 1, "数量": 1, "5900万": 1, "有人": 1, "代言人": 1, "这话": 1, "不无道理": 1, "发起": 1, "封锁": 1, "打垮": 1, "相当于": 1, "广告": 1, "打压": 1, "超": 1, "三成": 1, "涨幅": 1, "占到": 2, "总份额": 1, "四成": 1, "连续": 2, "第九": 2, "跌": 1, "大涨": 2, "飙升": 1, "38%": 2, "纪录": 1, "高达": 1, "Q2": 1, "简单": 1, "同期": 1, "涨": 1, "TOP": 1, "对手": 1, "纷纷": 1, "18%": 1, "1790万": 1, "19%": 1, "1710万": 1, "1150万": 1, "14%": 1, "剩": 1, "570万": 1, "不确定性": 1, "加速": 1, "长": 1, "换机": 1, "频率": 1, "背后": 1, "推出": 1, "2020年": 1, "转向": 1, "很快": 1, "接受": 1, "心中": 1, "不免": 1, "隐忧": 1, "赞誉": 1, "也就是说": 1, "头部": 1, "侵占": 1, "好像": 1, "拆东补西": 1, "总量": 1, "缩小": 1, "7231392": 1}