{"华为": 86, "P30": 41, "系列": 14, "手机": 46, "3月": 1, "26日": 1, "法国": 1, "巴黎": 1, "正式": 1, "发布": 10, "时间": 3, "接近": 1, "款": 23, "旗舰": 4, "相关": 1, "曝光": 7, "接踵而至": 1, "笔者": 3, "汇总": 1, "提前": 2, "外观": 3, "设计": 11, "前段": 1, "余承东": 1, "预热": 2, "海报": 1, "官方": 2, "图片": 3, "大致": 1, "轮廓": 1, "采用": 6, "曲面屏": 3, "诸多": 1, "爆料": 4, "达人": 2, "带来": 2, "详细": 3, "细节": 2, "@": 1, "rquandt": 1, "推特": 1, "页面": 1, "分享": 1, "Pro": 16, "正面": 1, "都": 15, "水滴屏": 2, "边框": 1, "控制": 1, "不错": 1, "顶部": 1, "底部": 1, "平面": 1, "切割": 1, "也就是说": 1, "基本上": 3, "垂直": 1, "放置": 1, "桌面": 1, "很": 11, "有意思": 1, "参数": 3, "搭载": 7, "6.1": 1, "英寸": 3, "直屏": 1, "6.47": 2, "3D": 2, "曲面": 2, "屏幕": 3, "分辨率": 1, "2340*1080": 1, "支持": 7, "指纹": 1, "识别": 1, "配色": 3, "外媒": 1, "Winfuture": 1, "提供": 1, "四": 2, "包括": 1, "渐变": 1, "色": 1, "冰晶": 1, "白": 1, "极光色": 2, "传统": 1, "黑色": 2, "全新": 3, "火烈鸟": 1, "红色": 1, "颜值": 1, "低": 3, "三": 6, "、": 11, "冰晶白": 1, "硬件": 1, "配置": 8, "型号": 2, "VOG-L29": 1, "新机": 4, "现身": 1, "GeekBench": 1, "跑": 2, "分库": 1, "资料": 1, "显示": 1, "该机": 2, "麒麟980": 3, "处理器": 9, "+": 12, "8GB": 5, "内存": 9, "运行": 5, "安卓": 2, "9.0": 1, "系统": 5, "单核": 1, "跑分": 3, "成绩": 5, "3": 1, "251": 1, "核": 1, "9670": 1, "产品": 6, "安兔兔": 1, "数据库": 1, "286152": 1, "(": 12, "未": 1, "开启": 6, "性能": 5, "模式": 1, ")": 12, "网上": 2, "曝出": 1, "此次": 1, "配备": 3, "6GB": 6, "128GB": 9, "储存": 2, "电池": 2, "容量": 1, "3650": 1, "mAh": 2, "搭配": 1, "128/256/512GB": 1, "一块": 1, "4200": 1, "储存卡": 1, "扩展": 1, "IP": 1, "68": 1, "防水": 1, "NFC": 1, "Super": 2, "Charge": 1, "超级": 2, "快充": 1, "拍照": 8, "宣传语": 1, "Rewrite": 1, "The": 1, "Rules": 1, "重写": 1, "规则": 1, "Camera": 1, "Phone": 1, "远": 1, "看清": 1, "一大": 1, "卖点": 2, "消息": 3, "后置": 2, "4000万": 2, "主摄": 2, "OIS": 1, "光学": 2, "防抖": 1, "F/1.6": 1, "光圈": 4, "2000万": 1, "广角": 2, "800万": 2, "长焦": 2, "F/3.4": 1, "摄": 4, "颗": 1, "Tof": 1, "镜头": 7, "捕捉": 1, "物体": 1, "信息": 2, "数据": 2, "一个": 7, "重点": 2, "功能": 2, "潜望": 1, "结构": 2, "相当于": 1, "135": 1, "焦距": 1, ";": 1, "至少": 3, "7.8": 1, "倍": 5, "变焦": 5, "主传": 1, "感器": 1, "采集": 1, "软件": 1, "10": 3, "混合": 2, "F/1.8": 1, "1600万": 1, "F/2.4": 1, "5": 2, "前置": 1, "3200万": 1, "像素": 2, "摄像头": 2, "得知": 1, "亮眼": 1, "等到": 1, "发布会": 4, "才能": 2, "到时候": 1, "惊喜": 2, "期待": 3, "再次": 1, "改写": 1, "DxoMark": 1, "榜单": 1, "售价": 10, "日前": 1, "国外": 1, "人士": 3, "欧洲": 1, "版": 4, "749": 1, "欧元": 5, "人民币": 6, "5703": 1, "；": 2, "929": 1, "7074": 1, "256GB": 2, "价格": 10, "1029": 1, "7835": 1, "7833": 1, "元": 15, "对比": 2, "去年": 10, "P20": 5, "国际版": 2, "899": 1, "6": 2, "GB": 4, "6845": 1, "国行版": 4, "64": 2, "4998": 1, "5488": 1, "6288": 1, "便宜": 2, "1000多": 1, "推测": 2, "版本": 3, "6000": 1, "猜测": 1, "5788": 1, "4GB": 1, "649": 1, "5050": 1, "3788": 1, "4288": 2, "以此": 1, "参考": 3, "4000-4500": 1, "之间": 1, "有望": 1, "起售": 1, "好像": 1, "贵": 4, "提高": 2, "变为": 1, "超值": 1, "起售价": 1, "高于": 2, "改为": 1, "加上": 2, "升级": 1, "涨价": 1, "写": 1, "很多": 5, "来源于": 1, "民间": 1, "曝料": 2, "以往": 1, "情况": 6, "准确率": 1, "5G": 8, "大概率": 1, "Mate": 1, "RS": 1, "保时捷": 1, "类似": 2, "值得": 2, "自然": 1, "听话": 1, "卡顿": 5, "现象": 1, "流畅度": 2, "影响": 3, "方法": 2, "！": 16, "告诉": 1, "后台": 2, "进程": 4, "默认": 1, "标准": 1, "设置": 4, "开发者": 5, "选项": 5, "找到": 1, "选择": 3, "超过": 3, "数值": 1, "偏": 1, "足够": 2, "空间": 1, "GPU": 4, "渲染": 2, "第二": 2, "技巧": 3, "减轻": 1, "负担": 1, "顺畅": 1, "点击": 3, "强制": 2, "2D": 1, "绘图": 1, "耗电": 1, "丢": 2, "更改": 1, "动画": 5, "缩放": 5, "速度": 3, "减少": 1, "过渡": 2, "变快": 1, "窗口": 1, "程序": 1, "时长": 1, "调整": 1, "0.5x": 1, "流畅": 2, "PS": 1, "：": 4, "找": 1, "连续": 1, "号": 1, "7": 2, "解决": 3, "~": 3, "希望": 1, "烦恼": 1, "试试": 1, "轻松": 2, "过程": 1, "留言": 1, "交流": 2, "科技": 4, "时代": 5, "发现": 2, "全球": 2, "市值": 1, "公司": 3, "出自": 1, "领域": 4, "想": 1, "做出": 1, "专利": 9, "最为": 1, "核心": 1, "东西": 1, "例子": 1, "通信": 1, "高通": 6, "收费": 2, "谷歌": 1, "旗下": 1, "躺": 1, "上收": 1, "钱": 1, "企业": 1, "毕竟": 1, "申请": 8, "件": 1, "今日": 1, "媒体": 1, "WIPO": 3, "国际": 2, "处于": 1, "领先": 1, "亚洲": 2, "占": 2, "一半": 1, "提交": 2, "5405": 1, "项": 2, "2017年": 1, "4024": 1, "家中": 1, "——": 1, "中兴": 1, "通讯": 1, "京东方": 1, "集团": 1, "排行榜": 1, "跻身": 1, "前八": 1, "路透社": 1, "报道": 1, "中国": 3, "明年": 1, "取代": 1, "美国": 1, "最多": 1, "国家": 1, "2018年": 2, "占到": 1, "总数": 1, "50.5%": 1, "历史": 1, "这是": 1, "时刻": 1, "成果": 1, "众所周知": 1, "拿下": 1, "30多": 1, "订单": 1, "网友": 2, "成就": 1, "原因": 11, "努力": 2, "研发": 1, "费用": 1, "投入": 1, "600亿": 1, "10年": 1, "布局": 1, "那是说": 1, "一家": 1, "重视": 1, "技术": 3, "任正非": 1, "谈及": 1, "接班人": 2, "想要": 1, "懂": 1, "信仰": 1, "数量": 1, "还要": 2, "含金量": 2, "百分十五": 2, "百分二十": 2, "照样": 1, "收": 1, "专利费": 1, "有的是": 1, "虚": 1, "绕": 1, "不说": 2, "平手": 1, "真的": 1, "感谢": 1, "道理": 1, "3月份": 1, "市场": 5, "可谓": 2, "颇为": 1, "热闹": 1, "厂商": 3, "亮": 1, "法宝": 2, "多年": 1, "看家": 1, "保留": 1, "苹果": 1, "三星": 4, "在内": 1, "压抑": 1, "实力": 1, "导致": 2, "竞争力": 2, "老本": 1, "适配": 1, "起步": 2, "三星s9": 1, "4": 1, "Gb": 1, "一下子": 1, "提升": 2, "推出": 1, "12GB": 1, "拥有": 3, "网络": 2, "着急": 1, "华为p30Pro": 1, "曲面水": 1, "滴屏": 1, "届时": 2, "辨识度": 1, "高端": 1, "旗舰机": 1, "老款": 1, "显得": 2, "尴尬": 2, "mate20": 4, "具备": 1, "人气": 2, "大不如前": 1, "麒麟": 4, "980手机": 1, "渠道": 1, "商": 1, "降价": 2, "小编": 3, "平台": 1, "3600": 1, "刚刚": 1, "的确": 2, "挺": 1, "打脸": 1, "大哥": 1, "Mate20": 13, "pro一度": 1, "畅销": 1, "差": 1, "边缘化": 2, "到底": 1, "入手": 1, "份": 1, "分析": 1, "气度": 1, "下降": 2, "关联": 1, "说到底": 1, "太": 1, "内部": 3, "竞争": 2, "这才": 2, "冷落": 1, "第一": 1, "竞争品": 1, "越来越": 1, "小米": 3, "9": 3, "荣耀": 2, "V20": 1, "强大": 1, "给力": 1, "足足": 1, "1000": 3, "不得不": 3, "承认": 1, "内在": 1, "程度": 1, "元器件": 1, "顶级": 1, "水准": 1, "用料": 1, "成本": 1, "可惜": 1, "cpu": 1, "差距": 1, "用户": 1, "判断": 1, "级别": 3, "不少": 1, "华为p30": 1, "此前": 1, "定价": 1, "4000": 1, "新款": 1, "电子": 1, "买": 3, "旧": 1, "说服": 1, "等待": 1, "P30e": 1, "美观": 1, "成像": 1, "质量": 1, "制约": 1, "理由": 1, "卖": 1, "定位": 2, "媲美": 1, "S10": 1, "做工": 1, "一千": 1, "或许": 1, "再见": 2, "忍心": 1, "将要": 2, "到来": 1, "对此": 1, "作何": 1, "评价": 1, "备注": 1, "来源": 1, "侵权": 1, "烦请": 1, "删除": 1, "谢谢": 1, "OPPO": 6, "Reno": 4, "宣传": 1, "造势": 1, "数码君": 1, "朋友": 1, "P30pro": 3, "P30pro全系": 1, "中央": 4, "基于": 1, "台积电": 1, "nm": 1, "工艺": 1, "下半年": 1, "综合": 1, "强于": 1, "骁龙": 3, "845": 1, "应付": 1, "市面": 4, "APP": 1, "大型": 1, "游戏": 4, "王者": 1, "吃": 1, "鸡": 1, "均": 1, "画质": 1, "满帧": 1, "这次": 1, "在于": 2, "相机": 4, "OLED": 1, "显示屏": 1, "依旧": 1, "常见": 1, "水滴": 1, "刘海": 1, "得益": 1, "整体屏": 1, "占比": 1, "视觉": 1, "冲击": 1, "效果": 1, "潜望式": 1, "介绍": 1, "亮点": 1, "据称": 1, "无损": 1, "UI": 2, "偏向": 1, "商务": 2, "父母": 1, "感觉": 2, "呆板": 1, "oppo": 3, "reno": 5, "独立子": 1, "品牌": 1, "vivo": 1, "子品牌": 1, "IQOO": 1, "面向": 1, "大众": 1, "年轻人": 2, "推断": 1, "性价比": 1, "855": 2, "980": 1, "990": 1, "意外": 1, "凸起": 3, "855手机": 1, "4800万": 1, "超高": 1, "带上": 1, "套": 1, "凸出": 1, "消费者": 1, "痛点": 1, "销量": 1, "暴涨": 1, "Colors6.0": 1, "魅族": 1, "挖来": 1, "人员": 1, "好看": 2, "有种": 1, "IOS": 1, "Flyme": 1, "Game": 1, "Boost": 1, "2.0": 1, "驱动": 1, "底层": 1, "优化": 2, "还给": 1, "腾讯": 2, "交": 1, "保护费": 1, "不用": 1, "担心": 1, "适合": 1, "看重": 1, "喜欢": 1, "玩": 1, "选": 1, "reno准": 1, "没错": 1}