{"前段": 3, "时间": 14, "美国": 23, "为首": 2, "为由": 6, "拒绝": 6, "5G": 74, "设备": 33, "随后": 9, "华为": 269, "强势": 4, "回应": 6, "：": 12, "赢": 2, "市场": 35, "！": 23, "澳大利亚": 2, "英国": 28, "新西兰": 2, "国": 1, "再次": 3, "可笑": 1, "合作": 26, "10多": 1, "难道": 1, "心理": 1, "逼数": 1, "捷克": 34, "国家": 33, "表态": 3, "总理": 6, "巴比什": 2, "政府": 18, "工作": 3, "人员": 6, "弃用": 2, "手机": 57, "此事": 1, "网络": 39, "引发": 1, "争议": 3, "轮值": 2, "董事长": 2, "胡厚崑": 3, "风险": 1, "事实": 5, "依据": 1, "禁止": 4, "诋毁": 1, "直白": 1, "一点": 4, "全球": 24, "销量": 4, "第二": 4, "第一": 9, "指日可待": 1, "安卓": 1, "品牌": 12, "最终": 2, "民众": 1, "选择": 8, "针对": 4, "做法": 2, "网友们": 1, "纷纷": 4, "发表": 6, "看法": 2, "；": 2, "网友": 6, "西方": 1, "打压": 1, "支持": 8, "不仅仅": 1, "一个": 8, "民营": 4, "企业": 18, "实际上": 3, "中国": 8, "崛起": 3, "股": 1, "力量": 1, "反对": 2, "估计": 2, "中国人": 3, "旅游": 1, "做生意": 1, "立刻": 1, "感觉": 2, "压力": 3, "小小": 1, "毛": 1, "机密": 1, "值得": 2, "偷": 1, "希望": 5, "中兴": 4, "领先": 4, "担忧": 2, "事情": 5, "永远": 2, "做好": 2, "内功": 1, "失望": 1, "骄傲": 2, "自豪": 1, "不用": 3, "猪": 1, "狗": 1, "白种人": 1, "见识": 1, "狂": 1, "暴嚎": 1, "戏剧性": 1, "幕": 1, "低头": 1, "委员会": 5, "声明": 16, "纠正": 5, "日前": 3, "机关": 1, "停止": 2, "错误": 2, "欧洲": 22, "总裁": 5, "李健": 3, "赞赏": 3, "未来": 10, "业务": 15, "影响": 6, "无端": 3, "指责": 5, "伤害": 3, "说白了": 2, "实力": 7, "有目共睹": 3, "拿下": 5, "26": 4, "订单": 11, "数量": 1, "很": 13, "包容": 1, "印度": 7, "邀请": 3, "发展": 8, "醒悟": 1, "算": 1, "早": 4, "这两年": 1, "快速": 2, "大众": 1, "强大": 6, "科研": 1, "能力": 2, "战略": 1, "稳": 1, "坐": 1, "国行": 1, "厂商": 10, "老大": 2, "位置": 1, "内": 12, "季度": 5, "第三": 2, "出货量": 7, "超越": 4, "苹果": 21, "晋升": 1, "尤其是": 1, "份额": 4, "颇为": 2, "可观": 1, "国人": 3, "无奈": 1, "愤慨": 1, "近期": 2, "困难": 5, "12月": 4, "17日": 2, "信息": 10, "安全局": 2, "产品": 16, "威胁": 3, "次日": 1, "下令": 1, "办公室": 7, "工业": 1, "贸易部": 1, "措施": 2, "全球化": 1, "进程": 1, "走": 6, "二三十年": 1, "长": 3, "安全性": 1, "无故": 1, "莫须有": 1, "而后": 2, "官方": 2, "做出": 4, "如果说": 1, "拿出": 2, "证据": 4, "情况": 4, "损害": 1, "声誉": 2, "无独有偶": 1, "当地": 4, "21日": 2, "正式": 8, "警示": 2, "份": 8, "独立": 5, "机构": 7, "结论": 3, "基于": 6, "技术": 24, "评估": 5, "禁令": 3, "草率": 4, "合法": 3, "外国": 4, "投资": 4, "开放": 4, "提供": 6, "环境": 5, "欧洲区": 1, "务实": 2, "态度": 3, "程度": 2, "本次": 2, "扎心": 1, "确实": 1, "主观": 1, "思想": 1, "理性": 1, "值得一提的是": 1, "预计": 4, "25日": 1, "2018年": 3, "累计": 1, "2亿": 1, "台": 4, "2019年": 2, "2.3亿": 1, "2.5亿": 2, "之间": 3, "意外": 2, "明年": 6, "全年": 1, "小伙伴们": 1, "对此": 1, "留言": 3, "交流": 1, "来源": 1, "上观": 1, "媒体": 5, "报道": 5, "电信": 23, "运营商": 23, "O2": 5, "透露": 5, "公司": 20, "测试": 9, "包括": 2, "EE": 6, "沃达丰": 3, "在内": 2, "三": 8, "证实": 2, "达成": 6, "20亿": 4, "英镑": 3, "协议": 7, "建立": 4, "运营": 3, "本月": 2, "初": 1, "集团": 11, "BT": 2, "排除": 1, "核心": 6, "供应": 1, "合同": 4, "竞标": 1, "名单": 2, "重要性": 2, "低": 2, "天线塔": 1, "相关": 5, "外界": 2, "担心": 2, "之际": 2, "近日": 3, "1月份": 1, "新一代": 1, "通讯": 5, "试运营": 1, "届时": 1, "伦敦": 3, "200多": 1, "地点": 1, "硬件": 2, "发言人": 1, "金融": 2, "时报": 3, "无线": 2, "部署": 1, "基站": 3, "供应商": 4, "客户": 8, "优质": 1, "软件": 4, "致使": 1, "数千万": 1, "数据": 2, "服务": 2, "故障": 1, "爱立信": 6, "干扰": 1, "数百万": 1, "名": 3, "司机": 2, "导航": 1, "网上": 1, "购物": 1, "公交车": 1, "到达": 1, "电子板": 1, "变暗": 1, "优步": 1, "抱怨": 1, "接收": 1, "谈": 1, "O2，EE": 1, "篇": 1, "2016年": 1, "收购": 2, "EPC": 1, "组件": 1, "推出": 1, "4G": 4, "母公司": 2, "追溯": 1, "2005年": 1, "签署": 2, "项": 1, "里程碑": 1, "意义": 1, "次年": 1, "包含": 1, "用户": 2, "遂": 1, "之中": 1, "场": 2, "博弈": 1, "并非": 3, "持续": 2, "12年": 2, "移除": 1, "旗下": 3, "称": 2, "后者": 1, "无疑": 4, "决策": 1, "相违": 1, "世界": 4, "行业": 12, "龙头": 1, "标准": 2, "制定者": 1, "国内外": 4, "拥有": 3, "一大": 1, "死忠粉": 1, "领域": 9, "P系列": 1, "、": 18, "Mate": 1, "系列": 2, "荣耀": 1, "一家": 4, "自主": 2, "研发": 8, "科技": 4, "动力": 1, "跨国": 1, "生产": 1, "商务": 1, "笔记本": 7, "市面": 2, "出售": 2, "进军": 4, "pc": 3, "方向": 1, "众所周知": 1, "电脑": 15, "商务本": 1, "游戏": 5, "利润": 2, "国内": 12, "神舟": 1, "代表": 2, "最低": 1, "快压": 1, "榨": 1, "高端": 7, "外星人": 1, "玩家": 1, "国度": 1, "一向": 1, "主打": 1, "瞄准": 1, "肯定": 1, "一类": 1, "商务机": 1, "迈进": 1, "小米": 5, "试水": 1, "观望": 1, "多久": 1, "顺风顺水": 1, "外观": 2, "耐": 1, "克服": 2, "很多": 10, "处于": 4, "地位": 8, "小编": 1, "短": 3, "难": 2, "透明": 1, "大部分": 1, "购买者": 1, "习惯": 2, "电脑城": 1, "专卖店": 1, "线下": 2, "渠道": 4, "短板": 1, "PC": 4, "口碑": 1, "不错": 3, "信服": 1, "买单": 1, "都": 24, "从来": 1, "喜欢": 2, "小打小闹": 1, "自行": 1, "研制": 1, "芯片": 4, "前列": 2, "打算": 1, "件": 1, "全力以赴": 1, "极致": 1, "满意": 2, "霸主": 1, "联想": 6, "戴尔": 1, "华硕": 1, "惠普": 1, "成熟": 2, "这几年": 1, "没落": 2, "智能": 4, "失意": 1, "PC端": 2, "得意": 1, "多年": 2, "积累": 3, "难以": 4, "撼动": 1, "王者": 1, "雄厚": 2, "期待": 1, "如同": 1, "彗星": 1, "款": 5, "Matebook": 2, "漂亮": 2, "超薄": 2, "机身": 1, "厚度": 1, "14.6": 1, "薄处": 1, "4.9mm": 1, "重量": 1, "1.33": 1, "kg": 1, "Surface": 1, "Pro比肩": 1, "高级": 1, "开机": 2, "速度": 1, "快": 2, "指纹": 3, "集成": 1, "电源键": 1, "大概": 1, "4": 1, "5": 1, "秒": 1, "桌面": 1, "屏幕": 2, "分辨率": 1, "舒服": 2, "3": 1, "适合": 1, "浏览": 1, "网页": 1, "触控": 1, "辅助": 1, "输入": 1, "手段": 1, "键盘": 2, "配合": 1, "屏": 1, "摄像头": 1, "设计": 3, "F6": 1, "F7": 1, "按键": 1, "弹出式": 1, "轻轻": 1, "隐藏": 1, "黑客": 1, "入侵": 1, "完美": 1, "解决": 2, "隐私": 1, "泄露": 1, "无需": 1, "扎克伯格": 1, "镜头": 1, "贴上": 1, "纸片": 1, "乔布斯": 1, "信封": 1, "MacBook": 1, "Air": 1, "眼前": 1, "亮": 1, "搅动": 1, "言之尚早": 1, "X": 1, "Pro": 3, "万元": 1, "机型": 1, "增加": 1, "远": 1, "足够": 1, "千辞": 1, "视角": 1, "看点": 1, "请": 2, "留": 1, "赞呗": 1, "谢谢": 1, "可爱": 1, "关注": 2, "想法": 1, "单选": 1, "|": 1, "倾向于": 1, "买": 3, "打开": 2, "百度": 1, "APP": 1, "投票": 1, "监管": 2, "部门": 1, "主任": 1, "杜桑·纳夫拉蒂尔": 1, "(": 1, "Dusan": 1, "Navratil": 1, ")": 1, "引入": 1, "关键": 2, "系统": 1, "记者": 6, "原产地": 2, "歧视": 2, "捷克共和国": 5, "李健说": 2, "财经": 3, "2003年": 1, "官网": 1, "显示": 4, "2014年": 1, "销售": 1, "收入": 5, "1.26亿": 1, "美元": 7, "本地": 3, "采购量": 1, "1600万": 1, "338": 1, "员工": 3, "91%": 1, "近年来": 4, "扩张": 1, "成长": 1, "排名": 2, "调研": 2, "Canalys": 1, "公布": 2, "三星": 6, "去年": 2, "一季度": 3, "10.9%": 1, "16.2%": 1, "禁售令": 1, "如是": 1, "发布": 3, "提到": 1, "呼吁": 1, "讨论": 1, "NKIB": 2, "早些时候": 1, "发出": 2, "警告": 1, "听到": 1, "竞标者": 1, "理由": 2, "通信": 3, "招标": 1, "中都": 1, "基础": 3, "设施": 1, "不利": 1, "坚信": 1, "现有": 1, "潜在": 1, "伙伴": 3, "毫无": 1, "破坏": 1, "30年": 1, "170": 1, "记录": 1, "当今": 1, "数字": 1, "以往": 1, "挑战": 2, "ICT": 1, "审计": 1, "信赖": 1, "保障": 1, "体系": 1, "应对": 1, "首要": 1, "提出": 1, "无权": 1, "国际": 7, "政治": 2, "局势": 1, "法律": 1, "不久前": 2, "采访": 2, "投入": 7, "五": 1, "全方位": 1, "提升": 5, "工程": 1, "面向": 1, "方式": 2, "说话": 1, "三十": 1, "发生": 2, "事故": 1, "隐患": 1, "证明": 4, "有损": 1, "主动": 1, "沟通": 1, "越来越": 2, "25": 6, "商用": 3, "数位": 1, "中高端": 1, "扇": 1, "大门": 1, "消费者": 19, "不言而喻": 1, "重塑": 1, "上将": 1, "近用": 1, "七八年": 1, "ODM": 2, "地区部": 1, "直线": 1, "下滑": 3, "60%": 2, "四": 4, "信心": 1, "修复": 1, "算是": 1, "条": 1, "路": 1, "西欧": 6, "地区": 4, "彭博": 2, "2012年": 1, "转向": 1, "B2C": 1, "BG西欧": 1, "规模": 1, "35%": 1, "40%": 1, "不到": 1, "15": 1, "定制机": 1, "14": 1, "剩下": 1, "尝试": 2, "局面": 1, "刚刚": 1, "接盘": 1, "终端": 1, "余承东": 1, "饱受": 1, "下课": 1, "传闻": 1, "隔": 1, "半年": 1, "本身": 1, "B基因": 1, "质疑": 2, "来自于": 1, "人才": 2, "平均": 3, "差异化": 1, "规则": 1, "认知": 3, "七": 1, "海关": 1, "对方": 1, "不怎么": 1, "这是": 2, "地方": 1, "彭博说": 1, "Counterpoint": 1, "研究": 1, "总监": 1, "闫占孟": 1, "认可度": 1, "价格": 4, "敏感度": 1, "固化": 1, "坚固": 1, "比拟": 1, "知名度": 1, "竞争": 1, "壁垒": 1, "依旧": 1, "国产": 6, "品牌力": 1, "打造": 1, "沉淀": 1, "符合": 1, "本地化": 1, "年前": 1, "设置": 1, "中心": 2, "所在": 1, "本土": 1, "风俗": 1, "喜好": 1, "调整": 1, "相比": 2, "兼顾": 1, "传播": 2, "调性": 1, "文化": 1, "差异": 1, "更为": 1, "灵活": 1, "卖": 4, "金色": 1, "太": 2, "黑色": 1, "接受": 3, "团队": 1, "精力": 1, "户外": 1, "广告": 1, "新媒体": 1, "营销": 1, "目标": 2, "规范": 1, "经营": 1, "活动": 1, "同比": 1, "2015年": 1, "翻": 1, "倍": 1, "占": 1, "过半": 1, "GFK": 1, "11.7%": 1, "三季度": 1, "19%": 1, "售价": 3, "均价": 1, "788": 1, "高于": 1, "依然": 2, "姓名": 1, "分析师": 1, "禁售": 1, "事件": 1, "冲击": 2, "长期": 1, "先发": 1, "优势": 4, "较为": 1, "专利": 7, "官司": 1, "尚未": 2, "计划": 1, "城": 2, "增至": 2, "辜负": 2, "众望": 2, "一路": 3, "走来": 1, "500": 1, "艰辛": 1, "付出": 1, "回报": 1, "身上": 1, "布局": 2, "产业": 1, "海思": 1, "麒麟": 2, "处理器": 5, "王牌": 1, "前不久": 1, "最新": 1, "980": 1, "性能": 5, "媲美": 1, "高通": 3, "骁龙": 1, "845": 1, "不得不": 1, "出色": 1, "巨头": 1, "建设": 4, "此前": 3, "展开": 2, "通用": 1, "争夺战": 1, "败下阵来": 1, "很快": 1, "坚实": 1, "披荆斩棘": 1, "舞台": 1, "困恼": 1, "成绩": 3, "50多": 2, "收获": 1, "回击": 1, "感到": 1, "暖心": 1, "慢慢": 1, "回暖": 1, "传来": 1, "消息": 5, "意大利": 1, "送来": 1, "橄榄枝": 1, "意味着": 2, "挺": 2, "韩国": 2, "公开": 1, "期间": 1, "科技圈": 1, "新闻": 1, "最多": 2, "国外": 1, "遭受": 4, "公平": 3, "待遇": 4, "赞叹": 1, "赞扬": 1, "占据": 1, "历程": 1, "眼里": 2, "在外": 2, "不公平": 1, "着急": 1, "最初": 1, "参与": 3, "5g": 1, "跟风": 1, "措手不及": 1, "日本": 3, "禁用": 1, "为难": 1, "传出": 2, "气愤": 1, "恼怒": 1, "毕竟": 2, "身为": 1, "华人": 1, "生气": 1, "吃素": 1, "反击": 3, "起诉": 2, "第四": 2, "授权": 1, "这家": 1, "赔偿": 1, "费用": 2, "超过": 5, "8000万": 1, "元": 2, "人民币": 2, "看好": 2, "优先": 1, "都会": 1, "越战越勇": 1, "段": 2, "优异": 1, "这次": 2, "合情合理": 1, "胜诉": 1, "年关": 1, "城市": 1, "即将": 1, "试运行": 1, "阶段": 1, "重庆": 1, "试点": 1, "区域": 1, "覆盖": 1, "运营商们": 1, "最为": 1, "来讲": 1, "单纯": 1, "德国": 2, "法国": 1, "标书": 1, "答复": 1, "实验局": 1, "提交": 1, "方案": 1, "意见": 1, "流程": 1, "均": 2, "业界": 1, "外部": 1, "成就": 2, "截至": 1, "千秋": 1, "商业": 2, "破万": 1, "不少": 3, "瞬间": 1, "安心": 1, "干": 1, "多国": 1, "围剿": 1, "传言": 1, "不攻自破": 1, "环球": 1, "力挺": 1, "起初": 1, "并未": 1, "抗议": 1, "组织": 1, "协会": 1, "公开力": 1, "软化": 1, "受邀": 1, "诺基亚": 2, "拒之门外": 2, "阻挡": 1, "不住": 1, "猛烈": 1, "势头": 1, "居首": 1, "笔者": 2, "损失": 2, "层面": 1, "营收": 2, "总额": 1, "破": 1, "千亿": 1, "坚持不懈": 1, "日渐": 1, "站稳": 1, "脚跟": 1, "不可估量": 1, "备受": 1, "推崇": 1, "iPhone": 6, "省吃俭用": 1, "好几": 1, "偏激": 1, "肾": 1, "抢劫": 1, "影响力": 2, "非比寻常": 1, "依赖性": 1, "降低": 2, "高端机": 1, "明明": 1, "好用": 1, "分析": 1, "原因": 1, "飙升": 1, "溢价": 1, "新款": 1, "上市": 1, "导致": 1, "市值": 1, "缩水": 1, "缺乏": 1, "创新": 1, "功能": 4, "改变": 1, "日益": 1, "增长": 1, "需求": 1, "旗舰": 3, "流畅度": 1, "Mate20": 2, "搭载": 1, "麒麟980": 1, "强悍": 1, "流畅性": 1, "输": 1, "后置": 1, "4000万": 1, "徕卡": 1, "摄": 1, "超广角": 1, "超微距": 1, "加持": 1, "拍照": 1, "吊": 1, "iPhone新机": 1, "屠榜": 1, "DxOMarK": 1, "4200": 1, "毫安": 1, "电池": 1, "容量": 1, "40": 1, "W": 1, "超级": 1, "充加": 1, "反向": 1, "充电": 1, "续航": 1, "强过": 1, "3D人脸": 1, "识别": 1, "屏下": 1, "多样化": 1, "反观": 1, "略": 1, "单调": 1, "旗舰机": 1, "质量": 1, "认可": 2, "理解": 1, "自发": 1, "购买": 2, "电子": 1, "民心者": 1, "天下": 1, "再有": 1, "优化": 1, "贵": 2, "刚": 1, "拿到": 1, "10000": 1, "座": 1, "三大": 1, "得以": 1, "1000亿": 1, "想到": 1, "再度": 1, "捷报": 1, "采用": 5, "预商": 1, "相继": 2, "签订": 1, "框架": 2, "采购": 1, "折合": 1, "170亿": 2, "缘故": 1, "剔除": 1, "瘫痪": 2, "寻求": 1, "协商": 1, "如今": 1, "才": 1, "金额": 1, "老": 1, "大哥儿": 1, "爽": 1, "盟国": 1, "铁杆": 1, "兄弟": 1, "也就是说": 1, "怀抱": 1, "10": 1, "阻止": 3, "保证": 2, "申请": 1, "2017年": 1, "超": 1, "900亿": 1, "第六": 1, "利益": 1, "博通": 1, "子虚乌有": 1, "或者说": 1, "反而": 2, "权威性": 1, "求助于": 1, "过硬": 1, "任正非": 1, "想": 1, "超强": 1, "物美价廉": 1, "相对于": 1, "报价": 1, "成本": 1, "最少": 1, "省掉": 1, "200亿": 1, "阻扰": 1, "掏": 1, "钱": 1, "组建": 1, "加拿大": 1, "不再": 1, "替换": 1, "吸金石": 1, "替代品": 1, "回": 1, "周期": 1, "可想而知": 1, "探讨": 1}