{"北京": 2, "时间": 13, "7月": 3, "5日": 3, "自然": 1, "资源部": 1, "发布": 7, "公示": 5, "信息": 3, "显示": 2, "华为": 140, "7": 1, "单位": 1, "申报": 1, "甲级": 5, "测绘": 5, "资质": 8, "截止": 1, "11日": 1, "业内": 4, "消息": 3, "海思": 1, "地图": 41, "标的": 2, "基本上": 1, "独立": 2, "图商": 6, "都": 17, "扫": 1, "尚未": 1, "并购": 12, "申请": 6, "公示期": 1, "距离": 2, "拿下": 3, "遥": 1, "很多": 14, "都会": 3, "汽车": 10, "业务": 3, "联想": 1, "仅仅": 2, "低估": 1, "战略": 2, "部署": 1, "能力": 20, "ICT": 1, "巨头": 9, "剑锋": 1, "指": 1, "万物": 2, "互联": 2, "数字": 6, "世界": 10, "未来": 7, "必备": 3, "基础": 4, "5G": 21, "到来": 1, "即将": 1, "现实": 2, "纽带": 1, "恰好": 1, "智能": 8, "、": 38, "交通": 1, "智慧": 1, "城市": 3, "发展": 16, "重要性": 2, "中国": 23, "市场": 7, "展开": 6, "激烈": 2, "争夺": 4, "大体": 2, "格局": 1, "强势": 1, "江湖": 1, "掀起": 2, "风波": 2, "国外": 5, "发生": 2, "当年": 2, "欧洲": 3, "Here": 7, "争夺战": 3, "抱团": 7, "日本": 16, "政府": 6, "牵头": 2, "高精": 1, "一个": 23, "玩法": 1, "01": 1, "全国": 2, "共计": 1, "19": 1, "公司": 27, "拥有": 3, "资源": 5, "社会": 1, "稀缺": 2, "不可避免": 1, "苦活": 1, "人士": 3, "介绍": 1, "具备": 7, "完整": 4, "5": 3, "：": 6, "四维图新": 1, "高德": 3, "百度": 5, "易图通": 1, "凯立德": 2, "打下": 1, "江山": 1, "三": 2, "四维图": 3, "腾讯": 4, "阿里": 2, "整体": 1, "一度": 1, "归于": 1, "小米": 1, "平安": 1, "马上": 1, "入股": 1, "购买": 2, "数据": 6, "方式": 2, "完善": 1, "条": 1, "路": 2, "干": 5, "仍旧": 1, "一点一滴": 1, "积累": 3, "周期": 1, "很": 12, "长": 4, "观点": 2, "开发": 2, "工具": 1, "不用": 2, "或者是": 1, "企业": 37, "屈指可数": 1, "买方": 1, "处于": 1, "劣势": 1, "位置": 1, "称": 3, "想": 7, "一家": 5, "最终": 2, "这家": 3, "商控": 1, "股方": 1, "放手": 1, "告吹": 1, "这次": 6, "传言": 1, "接触": 2, "初创": 2, "老图商": 1, "等来": 1, "目的": 1, "行业": 1, "探底": 1, "底层": 1, "采图": 1, "制图": 3, "更新": 1, "解决": 4, "方案": 4, "02": 1, "领域": 6, "上演": 1, "著名": 1, "2015年": 1, "诺基亚": 2, "旗下": 2, "出售": 1, "引发": 1, "全球": 7, "内": 2, "包括": 1, "美国": 80, "科技": 10, "Facebook": 1, "苹果": 2, "微软": 4, "制造商": 4, "服务商": 1, "奥迪": 3, "宝马": 3, "奔驰": 3, "Uber": 1, "国内": 3, "希望": 1, "收入": 6, "囊中": 2, "德国": 2, "三大": 1, "豪华": 1, "车企": 2, "耗资": 1, "32亿": 1, "美元": 5, "价格": 1, "81亿": 1, "导航": 1, "软件": 4, "开发商": 3, "Navteq": 1, "便宜": 2, "LBS": 1, "服务": 1, "目标": 2, "直指": 1, "自动": 2, "驾驶": 2, "时代": 1, "精地图": 1, "需求": 2, "支持": 4, "名为": 1, "Dynamic": 1, "Map": 1, "Planning": 1, "精度": 4, "三菱": 2, "电机": 2, "Zenrin": 1, "9": 1, "联手": 1, "创办": 1, "提供": 3, "设备": 6, "负责": 1, "装": 1, "特种": 1, "数字化": 1, "转化": 1, "计划": 2, "覆盖": 2, "高速": 1, "等级": 1, "公路": 1, "长度": 1, "127": 1, "公里": 1, "例子": 1, "倾向于": 1, "减少": 3, "重复": 2, "建设": 4, "意义": 1, "毕竟": 1, "设施": 2, "一点": 1, "敏感性": 2, "排除": 2, "在外": 1, "外资": 1, "背景": 1, "初": 1, "速度": 2, "Momenta": 1, "启发": 1, "降低": 1, "成本": 2, "倾向": 1, "上汽": 1, "东风": 1, "投资": 5, "晶众": 2, "一汽": 1, "往来": 2, "或许": 3, "将来": 1, "股权": 1, "合作": 10, "4月份": 1, "上海": 1, "车展": 1, "车": 1, "智君": 1, "轮值": 1, "董事长": 1, "徐": 3, "直军": 2, "媒体": 1, "沟通": 1, "会上": 3, "抛出": 2, "——": 2, "补足": 1, "增量": 1, "部件": 1, "供应商": 2, "回答": 2, "难": 3, "皆": 2, "随后": 1, "4月底": 1, "成立": 2, "哈勃": 1, "5月底": 1, "BU": 2, "6月份": 1, "发文": 1, "组织": 6, "架构": 1, "7月份": 1, "外界": 1, "期待": 1, "5月份": 1, "列入": 3, "实名制": 2, "黑名单": 2, "程度": 3, "紧要": 1, "关头": 1, "公布": 1, "研发": 6, "鸿蒙": 5, "系统": 23, "禁令": 23, "致命性": 1, "打击": 4, "中兴": 3, "打压": 9, "场": 3, "持久战": 1, "G20": 3, "解除": 10, "这是": 5, "呐": 1, "请": 1, "点击": 1, "输入": 1, "图片": 1, "率先": 1, "撑": 1, "不住": 3, "提出": 4, "原因": 6, "理智": 1, "进口": 2, "出口": 1, "生意": 1, "交往": 1, "技术": 22, "盲目": 1, "禁止": 2, "掉": 1, "利益": 1, "损失": 2, "依赖": 4, "瘫痪": 1, "决策": 1, "不满": 1, "国家": 15, "变低": 2, "交": 1, "税": 1, "影响": 5, "不利": 2, "提前": 2, "实行": 1, "谷歌": 19, "事件": 2, "国民": 1, "增加": 1, "必定": 1, "竞争": 5, "对手": 3, "超越": 1, "安卓": 2, "求情": 2, "深度": 1, "作用": 3, "小编": 1, "优势": 9, "测试": 1, "着急": 1, "地位": 4, "优化": 1, "到时候": 1, "稳定": 1, "交战": 1, "推迟": 3, "段": 1, "战胜": 2, "轻而易举": 1, "喘气": 1, "机会": 4, "太": 2, "过于": 1, "恐慌": 1, "迎接": 1, "挑战": 1, "发表": 1, "演讲": 2, "抱": 2, "质疑": 4, "态度": 3, "轻举妄动": 1, "绝交": 1, "状态": 2, "忍": 1, "立马": 1, "第一时间": 2, "虚拟": 4, "网络": 15, "运营商": 6, "IIJ": 3, "本来": 1, "五月份": 1, "销售": 2, "新款": 1, "产品": 1, "延迟": 2, "到了如今": 1, "害怕": 1, "就算": 2, "手机": 7, "相关": 2, "保证": 1, "担忧": 1, "第一": 1, "份额": 2, "利润": 3, "销售额": 1, "弥补": 1, "反正": 1, "好处": 2, "带头": 1, "霸主": 1, "三星": 2, "同台": 1, "此次": 2, "不得不": 1, "不难": 1, "发达": 3, "实力": 1, "才能": 3, "国际": 4, "尊重": 2, "；": 1, "才": 2, "！": 2, "地位会": 1, "一大": 1, "文章": 1, "下部": 1, "讨论": 1, "五月": 2, "中旬": 2, "美国商务部": 1, "70": 1, "关联": 1, "实体": 1, "清单": 1, "未经": 2, "许可": 1, "电信": 3, "商业": 3, "争先恐后": 1, "想要": 1, "弄清": 1, "究竟": 1, "限度": 1, "遵守": 1, "法律": 1, "高通": 2, "英特尔": 2, "一连串": 1, "暴露": 1, "依赖性": 1, "总统": 6, "特朗普": 5, "上周末": 1, "大阪": 2, "峰会": 4, "放松": 2, "可想而知": 1, "深圳": 1, "总部": 1, "松": 2, "一口气": 1, "祈求": 1, "好运": 1, "盼望": 1, "善变": 1, "言而有信": 1, "放宽": 1, "针对": 3, "贸易": 2, "恢复": 2, "美企": 1, "来源": 1, "再有": 1, "足够": 2, "动力": 2, "平板": 1, "电脑": 2, "推出": 5, "专利": 1, "操作": 10, "减缓": 1, "自主": 3, "半导体": 1, "零部件": 1, "步伐": 1, "违人们": 1, "直觉": 1, "全力": 1, "出击": 1, "试图": 1, "打垮": 1, "潜在": 1, "挑战者": 1, "延续": 1, "软硬件": 1, "领先": 3, "老话": 1, "兔子": 2, "急": 1, "咬": 1, "去年": 3, "营收": 2, "突破": 2, "1000亿": 1, "母公司": 1, "Alphabet": 2, "全球化": 2, "同处": 1, "量级": 1, "遭受": 1, "制裁": 2, "创始人": 2, "任正非": 9, "预计": 1, "明年": 3, "同等": 1, "水平": 1, "投入": 3, "153亿": 1, "仅次于": 1, "亚马逊": 1, "电子": 1, "涵盖": 1, "云计算": 1, "管理": 4, "通信": 3, "冠居": 1, "铺设": 1, "超高速": 1, "发挥": 1, "不可或缺": 1, "新加坡": 1, "上周": 1, "举办": 2, "Innovfest": 1, "Unbound": 1, "创新": 2, "赞助商": 1, "全天": 1, "展区": 1, "展示": 1, "过时": 1, "发现": 2, "挤": 1, "水泄不通": 1, "听华": 1, "演示员": 1, "详细": 1, "讲解": 1, "计算机": 3, "视觉": 1, "准确度": 1, "多么": 1, "5月": 1, "颁布": 2, "感受": 2, "生存": 2, "压力": 1, "加速": 1, "自研": 2, "南华": 2, "早报": 2, "报道": 3, "早": 3, "2012年": 1, "司法部": 1, "调查": 1, "迟迟": 1, "款": 1, "配套": 1, "程序": 1, "生态": 4, "成熟": 2, "主流": 2, "兼容": 1, "典型": 2, "鸡": 1, "蛋": 1, "开发者": 1, "情况": 4, "变化": 1, "掌门人": 1, "余承东": 1, "背后": 1, "利害": 2, "关系": 2, "内部": 1, "应对": 1, "承受": 1, "后果": 2, "消费者": 1, "转而": 1, "跟进": 1, "值得": 1, "芯片": 1, "赛灵思": 1, "游说": 1, "客户": 2, "数十亿": 1, "讽刺": 1, "意味": 1, "做法": 3, "确保": 1, "断供": 2, "出于": 1, "找": 1, "理由": 1, "生产": 1, "较为": 1, "落后": 2, "替代品": 1, "自给自足": 1, "这样一来": 1, "得以": 1, "恐怕": 1, "足以": 1, "技术界": 1, "回到": 1, "意识": 1, "正面": 1, "不再": 1, "确信": 1, "获取": 1, "笔记本": 1, "中心": 2, "超级": 1, "答案": 1, "简单": 3, "单纯": 1, "经济": 5, "角度": 1, "合算": 1, "主席": 1, "习近平": 1, "呼吁": 1, "自力更生": 1, "手段": 1, "对付": 1, "第二": 1, "庞大": 1, "因素": 1, "本土": 1, "截至": 1, "卡": 1, "脖子": 1, "如今": 3, "松手": 1, "想象": 2, "甘心": 1, "听凭": 1, "摆布": 1, "观察者": 2, "网范": 1, "莉译": 1, "本文": 1, "网": 1, "独家": 1, "稿件": 1, "授权": 1, "转载": 1, "不少": 2, "员工": 15, "发年": 2, "终奖": 2, "走人": 1, "舍不得": 1, "高薪": 3, "奋斗": 1, "抠门": 1, "眼红": 1, "价值": 2, "创造者": 1, "故意": 1, "刁难": 1, "找茬": 1, "留": 1, "人才": 11, "核心": 1, "竞争力": 1, "参与": 1, "激活": 3, "细胞": 1, "衰落": 1, "激": 1, "薪酬": 3, "办法": 1, "经典": 1, "华为人": 1, "钱": 2, "少年": 8, "吸收": 2, "宇宙": 2, "天才": 13, "开出": 1, "优秀": 2, "用钱": 1, "激发": 4, "企业家": 1, "从不": 2, "吝啬": 2, "优厚": 1, "薪资": 1, "待遇": 1, "证明": 1, "心中": 1, "潜力": 1, "2017年": 1, "签发": 1, "荣耀": 2, "团队": 1, "改革": 2, "激励": 2, "制度": 6, "斗志": 1, "鼓励": 1, "放开": 1, "手脚": 1, "粮食": 2, "在内": 1, "合规": 1, "边界": 1, "抢": 1, "奖金": 3, "13": 1, "23": 1, "入职": 2, "应届": 1, "毕业生": 1, "业绩": 2, "到位": 1, "百万": 1, "元": 1, "踏实": 1, "工作": 2, "心无旁骛": 1, "发放": 1, "年终奖": 1, "以此": 1, "拖住": 1, "离职": 1, "耍": 1, "小聪明": 1, "看似": 1, "牵制": 1, "住": 1, "实则": 1, "寒心": 1, "文化": 1, "奋斗者": 3, "长期": 1, "艰苦奋斗": 1, "对待": 2, "从来": 1, "活": 1, "雷锋": 1, "吃亏": 2, "人力": 1, "敢于": 1, "涨": 1, "工资": 1, "胆子": 1, "底气": 1, "越足": 1, "能干": 3, "一个样": 2, "坏": 1, "公平": 1, "科学": 1, "考核": 1, "机制": 1, "奖惩": 1, "分明": 1, "学历": 1, "资历": 1, "贡献": 2, "分配": 1, "回报": 3, "付出": 1, "健康": 1, "吃下": 1, "定心丸": 1, "杂念": 1, "独当一面": 1, "年轻人": 1, "将军": 1, "广纳": 1, "打赢": 1, "战争": 2, "日前": 1, "EMT": 1, "分钟": 1, "讲话": 3, "指出": 2, "条条框框": 1, "创造": 2, "标准": 1, "拖": 1, "往前": 1, "走": 1, "为此": 1, "招聘": 3, "20-30": 1, "名": 2, "两三百": 1, "流水不腐": 1, "户枢不蠹": 1, "新鲜": 1, "血液": 1, "活力": 1, "构想": 1, "泥鳅": 1, "钻入": 1, "队伍": 1, "带来": 3, "传统": 1, "骨规则": 1, "追求": 1, "并非": 1, "一时兴起": 1, "早年": 1, "俄罗斯": 2, "打通": 3, "制式": 3, "算法": 5, "但凡": 1, "个性": 2, "缺点": 2, "宽容": 2, "保有": 1, "耐心": 1, "苛求": 1, "用人": 1, "所长": 1, "闪光点": 1, "合适": 3, "放": 1, "岗位": 1, "潜能": 1, "数学": 3, "研究所": 1, "建立": 2, "主攻": 1, "透露": 2, "这位": 2, "才华": 1, "性格": 1, "特立独行": 1, "正规": 1, "容身": 1, "事实上": 1, "捣腾": 1, "给予": 1, "有一天": 1, "之间": 3, "一下子": 1, "拉开": 1, "瓶颈": 1, "困扰": 1, "设备商": 1, "苦不堪言": 1, "节省": 2, "30%": 1, "站址": 1, "空间": 1, "节能": 1, "环保": 1, "挖来": 1, "薪水": 3, "评为": 1, "最佳": 1, "雇主": 1, "大奖": 1, "竞赛": 1, "金牌": 1, "得主": 1, "倍": 2, "6": 1, "封闭": 1, "金字塔": 1, "结构": 1, "炸开": 1, "金字塔尖": 1, "能量": 1, "面对": 1, "艰难": 1, "外部": 1, "环境": 1, "五": 1, "焕然一新": 1, "2021": 1, "2022年": 1, "增长": 1, "文": 1, "/": 1, "上峰": 1, "当局者迷旁观者清": 1, "国": 2, "博弈": 1, "恩怨": 1, "明白": 2, "大国": 1, "跨国": 1, "过不去": 1, "看上去": 1, "冲突": 1, "无缘无故": 2, "爱": 1, "恨": 1, "南非": 17, "拉马福萨": 8, "只用": 1, "一句话": 1, "理清": 1, "忌惮": 1, "项": 1, "英国": 2, "路透社": 1, "当天": 1, "米德兰": 1, "第四": 1, "工业": 1, "革命": 1, "会见": 1, "董事陶": 1, "景文": 1, "感谢": 1, "拉马": 3, "福萨": 3, "高新": 1, "茫茫": 1, "海洋": 1, "忌": 1, "惮": 1, "西方": 1, "恐惧": 1, "平头": 1, "老百姓": 1, "理解": 1, "波澜": 1, "日常": 1, "革新": 1, "信号": 1, "提升": 1, "宏观": 1, "诞生": 3, "有助于": 1, "互联网": 1, "大革新": 1, "有利于": 1, "民生": 1, "全新": 1, "千里眼": 1, "顺风耳": 1, "正是": 2, "敌视": 1, "保守主义": 2, "抬头": 1, "威胁": 1, "霸权主义": 2, "干扰": 1, "诚然": 1, "实际上": 1, "超级大国": 1, "5G添砖": 1, "加瓦": 1, "利用": 2, "布防": 1, "高新技术": 1, "产业": 1, "导致": 2, "盟友们": 1, "纷纷": 1, "中弹": 1, "倒下": 1, "可谓": 1, "可取": 1, "各国": 1, "提防": 1, "刚刚": 1, "打响": 1, "法国": 1, "为首": 1, "主动": 1, "引进": 1, "依附": 1, "影响力": 1, "下滑": 1, "平等": 1, "外交": 1, "政策": 1, "接受": 1, "本月": 1, "老朋友": 1, "公开": 2, "特意": 1, "提到": 2, "动用": 1, "力量": 1, "嫉妒": 4, "耽误": 1, "参加": 1, "运营商们": 1, "致信": 1, "请求": 1, "出面": 1, "间接": 1, "原话": 1, "步入": 1, "指责": 1, "不当": 1, "意味着": 1, "斗争": 1, "当中": 1, "词": 1, "用来": 1, "形容": 1, "感情": 1, "或者说": 1, "外国": 1, "强大": 2, "30年": 1, "超过": 1, "也就是说": 1, "事情": 2, "自信": 1, "表现": 1, "几十": 1, "依然": 1, "改变": 3, "思想": 1, "代表": 1, "举国": 1, "效果": 1, "地步": 1, "订单": 2, "名列前茅": 1, "三十": 2, "五十": 1, "份": 3, "发达国家": 1, "绝大部分": 1, "一部分": 1, "中东": 1, "土豪": 1, "韩国": 1, "高度": 1, "非洲": 3, "地区": 3, "签": 2, "合同": 2, "重视": 1, "尝够": 1, "滋味": 1, "绝好": 1, "抓住": 1, "科学技术": 1, "生产力": 1, "道理": 1, "八成": 1, "投融资": 1, "体会": 1, "必将": 1, "坚定不移": 1, "受益者": 1, "当地": 1, "人民": 1, "欧美": 2, "占": 1, "体验": 1, "极致": 1, "网速": 1, "基建": 1}