{"美国": 29, "针对": 8, "华为": 157, "精准": 1, "打击": 2, "阶段": 2, "美国商务部": 2, "精信": 1, "直钉": 1, "实体": 3, "清单": 5, "伤筋动骨": 1, "触及": 1, "机会": 1, "全世界": 3, "扬名": 1, "毕竟": 5, "全球": 13, "唯一": 2, "超级大国": 1, "动用": 1, "行政力": 1, "打压": 4, "民营": 1, "企业": 10, "都": 20, "屈指可数": 1, "逼": 1, "白宫": 5, "不得不": 1, "这是": 1, "国家": 13, "紧急": 1, "事件": 1, "毫无疑问": 2, "一个": 5, "免费": 1, "广告": 1, "面对": 6, "拥有": 6, "过硬": 1, "技术": 13, "欧洲": 7, "站": 3, "对立面": 1, "英": 1, "德": 1, "三国": 1, "领袖": 1, "相继": 1, "表态": 1, "建立": 2, "网络": 10, "审查表": 1, "标准": 3, "面向": 1, "公司": 5, "自然": 4, "包括": 1, "相关": 4, "机构": 1, "审查": 1, "张开": 1, "双手": 1, "拥抱": 1, "盟友": 2, "临阵": 1, "倒戈": 1, "意识": 1, "坚定不移": 1, "越来越": 6, "加大": 1, "制裁": 2, "筹码": 1, "尤其是": 1, "正值": 1, "特朗普": 3, "连任": 1, "关键": 2, "时期": 1, "迫切": 1, "场": 2, "彻头彻尾": 1, "胜利": 1, "体现": 1, "未来": 1, "内": 4, "程序": 2, "列入": 2, "制定": 1, "国民": 1, "简单": 3, "份": 3, "意义": 1, "指定": 1, "对象": 1, "禁止": 4, "金融": 2, "系统": 11, "意味着": 2, "美元": 2, "交易": 1, "资产": 1, "统统": 2, "冻结": 3, "这次": 2, "重拳": 1, "失望": 1, "领头羊": 1, "象征": 1, "任正非": 4, "接受": 2, "媒体": 3, "采访": 1, "设立": 1, "研发": 4, "部门": 1, "缩减": 1, "人员": 3, "数量": 2, "计划": 6, "减少": 1, "最终": 2, "开设": 1, "实验室": 1, "搬到": 1, "加拿大": 5, "态度": 5, "很": 12, "：": 13, "提供": 1, "服务": 2, "搬去": 1, "分析": 3, "人士": 1, "指出": 1, "策略": 2, "烫手山芋": 1, "抛给": 1, "西方": 3, "世界": 4, "5G": 57, "带来": 5, "前景": 2, "公认": 1, "领域": 3, "本身": 1, "统一": 1, "声音": 1, "恰好": 1, "摆脱": 1, "乱局": 1, "本文": 1, "图片": 1, "来源于": 1, "！": 10, "文章": 2, "未经": 1, "授权": 2, "转载": 1, "关注": 2, "阅读": 1, "精彩": 1, "内容": 1, "智能": 12, "手机": 57, "市场": 26, "价格": 7, "下跌": 1, "结局": 2, "大部分": 3, "国产": 8, "品牌": 17, "找到": 2, "出发点": 1, "形式": 1, "基本上": 1, "层次感": 1, "竞争": 9, "过程": 1, "当中": 4, "高低": 1, "详细": 1, "划分": 1, "类型": 5, "太": 4, "配置": 5, "很多": 2, "吐槽": 1, "产品": 18, "荣耀": 10, "系列": 22, "型号": 2, "差": 2, "优秀": 2, "身上": 2, "确实": 3, "喜欢": 5, "道理": 1, "优势": 5, "代表": 1, "目标": 2, "小米": 6, "低": 2, "价位": 1, "才能": 1, "发展": 13, "高端": 4, "之间": 5, "根本性": 1, "差别": 1, "强大": 4, "机型": 7, "售价": 1, "率先": 1, "双线": 1, "差距": 3, "更新": 2, "落后": 7, "一部分": 1, "用户": 6, "人群": 4, "选择": 9, "角度": 1, "注重": 4, "性价比": 2, "反而": 1, "体验": 9, "差异": 1, "想法": 1, "特征": 1, "只能": 2, "选华": 1, "选": 2, "一点": 1, "设计": 2, "提升": 2, "距离": 2, "那种": 1, "完美": 1, "道路": 2, "长": 1, "段": 2, "卖": 3, "多么": 1, "便宜": 2, "环境": 1, "做好": 1, "分内": 1, "事儿": 1, "差距化": 1, "不可逾越": 1, "导语": 2, "反转": 1, "坐稳": 2, "反超": 1, "沉默": 3, "许久": 3, "高通": 17, "拿出": 3, "实力": 10, "2019年": 9, "元年": 1, "带领": 1, "双模": 3, "处理器": 18, "标配": 2, "如今": 3, "无论是": 1, "、": 36, "三星": 4, "联发科": 2, "发布": 15, "双模5G": 2, "旗舰": 11, "芯片": 7, "巨头": 5, "迟迟": 1, "下游": 1, "厂商": 5, "一个个": 1, "焦急": 1, "领先": 5, "俨然": 1, "领航者": 1, "正当": 1, "外界": 2, "议论": 1, "错失": 1, "终于": 2, "坐": 1, "不住": 1, "紧紧": 1, "抓住": 1, "尾声": 2, "期待": 1, "重磅": 1, "消息": 7, "12月": 2, "4日": 1, "骁龙": 19, "峰会": 2, "此次": 2, "款": 15, "865": 15, "中端": 1, "765": 1, "均": 2, "一经": 1, "逆袭": 1, "再次": 3, "垫底": 1, "铺遍": 1, "近日": 5, "最新": 1, "性能": 10, "测试": 2, "跑分": 1, "分数": 1, "高达": 4, "55万分": 1, "量产": 4, "优化": 2, "进一步": 2, "释放": 1, "来回": 1, "老牌": 1, "前不久": 1, "天玑": 4, "1000": 4, "跑": 1, "分分数": 1, "51万": 1, "众所周知": 2, "9月份": 1, "刚": 4, "麒麟": 5, "990": 4, "采用": 8, "架构": 3, "仍旧": 1, "上一代": 2, "A76": 1, "方案": 2, "A77": 2, "否认": 1, "基础": 2, "代数": 1, "整整": 1, "一代": 1, "时间": 4, "报道": 3, "问世": 1, "成功": 1, "拿下": 3, "项": 1, "第一": 5, "介绍": 2, "GPU": 1, "855": 2, "25%": 1, "第五": 1, "AI": 2, "引擎": 1, "运算": 2, "升级": 9, "15万亿": 1, "/": 2, "秒": 2, "能力": 3, "图像": 1, "ISP": 1, "20亿": 1, "像素": 7, "速度": 3, "支持": 3, "2亿": 1, "摄像头": 8, "8K": 1, "30": 6, "帧": 1, "视频": 4, "录制": 1, "HDR": 2, "10+": 3, "值得一提的是": 2, "下行": 1, "峰值": 1, "7.5Gbps": 1, "远": 1, "超": 1, "巴龙": 3, "5000": 2, "号称": 1, "网速": 1, "成绩": 3, "亮眼": 2, "想": 2, "并非": 4, "麒麟990": 1, "集成5G": 1, "基带": 3, "X55": 1, "挂式": 1, "质疑": 1, "对此": 2, "做出": 2, "解释": 1, "外挂式": 1, "劣势": 1, "过时": 1, "源自于": 1, "支撑": 1, "业界": 1, "超越": 3, "技不如人": 1, "投放": 1, "尚未": 1, "公布": 3, "年初": 1, "5000多": 1, "模": 1, "科技圈": 1, "朋友": 1, "不难": 1, "发现": 4, "新品": 2, "错代": 1, "也就是说": 3, "交替": 1, "说不定": 1, "等到": 1, "发售": 1, "这几年": 1, "不容小觑": 1, "[PConline": 1, "资讯": 1, "通讯": 1, "推出": 6, "人民": 1, "导致": 2, "国际": 1, "政坛": 1, "立场": 1, "敏感": 1, "英国": 6, "首相": 2, "鲍里斯·约翰逊": 2, "参加": 1, "电视台": 1, "晨间": 1, "节目": 1, "This": 1, "Morning": 1, "主持人": 1, "自拍": 8, "国内外": 1, "网友": 3, "热议": 1, "眼尖": 1, "鲍里斯": 3, "用于": 1, "2018年": 6, "P20": 8, "Pro": 18, "极光": 1, "色版": 1, "网友们": 2, "台": 4, "官员": 1, "随后": 2, "予以": 1, "澄清": 1, "工作": 4, "3月份": 1, "该机": 1, "搭载": 7, "6.1": 1, "英寸": 3, "异形": 1, "全面屏": 1, "后置": 3, "徕卡": 2, "三": 4, "摄": 4, "麒麟970": 1, "4000": 1, "毫安": 1, "电池": 3, "卖点": 1, "据悉": 3, "4": 2, "星期": 1, "畅销": 1, "设备": 13, "销量": 4, "地区": 7, "4月": 1, "西欧": 1, "2017年": 1, "P系列": 1, "316%": 1, "程度": 2, "掩盖": 1, "件": 2, "评论区": 1, "留言": 1, "互动": 1, "~": 1, "友情": 2, "提示": 2, "抉择": 2, "慎重": 2, "澳大利亚": 18, "措手不及": 4, "下半年": 4, "窥视": 1, "多年": 2, "开启": 1, "公然": 1, "模式": 3, "通信": 8, "环": 1, "举足轻重": 1, "地位": 2, "此前": 4, "我国": 2, "处于": 1, "低迷": 1, "状态": 3, "时代": 4, "崛起": 1, "一席之地": 1, "利益": 2, "蛋糕": 1, "触碰": 1, "政府": 2, "为首": 1, "戒备": 1, "自华": 1, "5月": 1, "中旬": 1, "美的": 1, "核心": 2, "供应商": 3, "集体": 1, "断供": 5, "派出": 1, "游说团": 1, "劝说": 1, "盟国": 1, "试图": 2, "方式": 1, "遏制": 1, "国际化": 1, "步伐": 2, "介于": 3, "重要性": 1, "各国": 1, "纷纷": 1, "建设": 2, "热潮": 1, "希望": 1, "即将": 1, "到来": 1, "提前": 1, "占领": 1, "份额": 5, "唯独": 1, "关系": 1, "响应": 1, "号召": 1, "坚实": 1, "禁令": 4, "贯彻": 1, "合作": 6, "伙伴": 1, "2009年": 1, "NBN": 2, "2012": 1, "无缘无故": 1, "踢出局": 1, "项目": 1, "一度": 1, "陷入": 1, "僵局": 1, "预计": 1, "投资": 1, "400亿": 1, "澳元": 2, "花去": 1, "510亿": 1, "家庭": 1, "宽带": 1, "提速": 1, "未": 1, "解决": 1, "高峰": 1, "时段": 1, "20Mpbs": 1, "澳洲": 1, "首席": 1, "科技官": 1, "David": 1, "Soldani": 1, "失败": 1, "数千亿": 1, "人民币": 1, "水漂": 1, "依然": 3, "紧跟": 1, "致使": 1, "深度": 2, "运营商": 2, "TGP": 1, "随即": 1, "放弃": 1, "为止": 1, "早": 1, "一批": 1, "城市": 1, "覆盖": 1, "亚洲": 1, "澳方": 1, "总理": 1, "固执": 1, "排除": 4, "在外": 2, "给出": 1, "理由": 2, "竟是": 1, "出于": 1, "一家": 1, "为此": 1, "3日": 1, "持续": 3, "数十亿": 1, "损失": 3, "1500": 1, "岗位": 1, "面临": 3, "风险": 1, "50": 1, "发出": 1, "警告": 1, "订单": 2, "明年": 1, "终结": 1, "客户": 2, "裁员": 1, "经营": 1, "困难": 1, "现象": 1, "突如其来": 1, "有意": 1, "电信": 4, "不及": 1, "Ice": 1, "Wireless": 1, "远北": 1, "数十": 1, "社区": 1, "高速": 1, "无线": 1, "等待": 1, "渥太华": 1, "短期": 1, "部署": 1, "内地": 1, "新西兰": 4, "中国": 3, "双边": 1, "贸易": 1, "负责人": 1, "遵循": 1, "做法": 2, "五": 1, "眼": 1, "联盟": 1, "同盟国": 1, "明智": 1, "得罪": 1, "两全其美": 1, "种种": 1, "迹象": 1, "国内": 3, "行业": 5, "饱受": 1, "拒绝": 3, "庞大": 1, "群体": 5, "快速": 2, "成长": 1, "第二": 6, "得益": 2, "增加": 2, "资金": 1, "投入": 1, "创新": 3, "积累": 1, "方向": 1, "没错": 2, "不仅仅": 1, "众多": 2, "友商": 1, "学习": 1, "榜样": 1, "苹果": 10, "忽视": 2, "劲敌": 1, "回来": 1, "机海": 1, "战术": 1, "处境": 1, "挺": 2, "尴尬": 1, "提问": 1, "首款": 2, "加速": 1, "清仓": 1, "Mate20": 7, "X": 9, "(": 10, ")": 10, "熟悉": 2, "追求": 1, "极致": 1, "消费": 1, "硬件": 4, "颜值": 3, "打磨": 1, "到位": 1, "麒麟980": 1, "外挂": 1, "颗": 1, "Soc": 1, "组合": 3, "应付": 1, "日常": 2, "绰绰有余": 1, "配合": 2, "基于": 1, "AndroidQ": 1, "定制": 1, "EMUI10": 1, "协同": 1, "主流": 1, "游戏": 1, "帧率": 1, "稳定性": 1, "妥妥": 1, "超级": 1, "快充": 1, "加持": 1, "符合": 1, "长续航": 1, "亮点": 1, "一块": 2, "6.53": 1, "水滴": 1, "屏": 2, "先进": 1, "COF": 1, "封装": 1, "工艺": 1, "震撼": 1, "视觉": 1, "效果": 2, "横条纹": 1, "玻璃": 1, "后壳": 1, "光线": 1, "照射": 1, "显得": 1, "光彩": 1, "熠熠": 1, "铝中框": 1, "紧密": 1, "贴合": 1, "生活": 3, "防水": 1, "兼顾": 1, "舒适": 1, "握持感": 1, "不错": 1, "综合": 2, "素质": 1, "出色": 1, "回到": 1, "开头": 1, "维修": 1, "师傅": 1, "原因": 2, "竟然": 1, "卖到": 1, "接近": 2, "七千": 1, "元": 3, "压根": 1, "打会": 1, "热销": 2, "纯粹": 1, "秀": 1, "肌肉": 1, "展示": 1, "官方": 1, "推": 1, "激烈": 2, "取代": 2, "9Pro": 1, "VIVO": 1, "Nex3": 1, "Mate30": 2, "缺乏": 1, "口碑": 2, "火": 2, "其三": 1, "库克": 1, "iPhoneXR": 1, "iPhone11": 2, "全线": 1, "调价": 1, "第三方": 1, "平台": 2, "千": 2, "买到": 1, "A13": 1, "IOS13": 1, "香": 1, "笔者": 1, "发力": 1, "华Mate20": 1, "铺垫": 1, "来到": 1, "退场": 1, "边缘": 1, "消费者": 7, "慢慢": 1, "理解": 1, "科技": 4, "社会": 1, "进去": 1, "互联网": 1, "人人": 1, "网购": 1, "支付": 1, "各类": 1, "社交": 1, "软件": 2, "便利": 1, "推动": 1, "想到": 1, "光华": 3, "占据": 2, "购买": 1, "纠结": 2, "独立": 1, "对比": 1, "到底": 1, "全新": 2, "感受": 2, "传承": 1, "感觉": 1, "外观": 2, "变化": 2, "流畅": 3, "交互": 2, "后台": 1, "管理": 1, "隐私": 1, "保护": 1, "旅游": 1, "拍照": 9, "想要": 2, "美好": 1, "记录": 1, "一大": 1, "买": 1, "相比": 1, "侧重点": 1, "提高": 1, "水平": 1, "照片": 3, "画质": 1, "真实": 1, "消费者们": 1, "事实上": 1, "好坏": 1, "需求": 1, "拍": 1, "美化": 2, "传来": 2, "破冰": 4, "正式": 2, "普及": 1, "千家万户": 1, "不少": 2, "1987年": 1, "创建": 1, "当初": 1, "名不见经传": 1, "靠着": 1, "转卖": 1, "交换机": 1, "为生": 1, "情况": 4, "自主": 1, "位居": 2, "第三": 2, "半年": 1, "阻力": 1, "卓越": 1, "表现": 1, "疯狂": 1, "五月份": 1, "零配件": 3, "供应": 1, "正是": 1, "英特尔": 1, "美光": 5, "博通": 1, "微软": 2, "谷歌": 2, "一大堆": 1, "中断": 1, "办法": 1, "备胎": 2, "替换": 2, "察觉": 1, "转向": 1, "比如说": 1, "恢复": 1, "供货": 1, "忘记": 1, "到处": 1, "游说": 1, "阻碍": 1, "截止到": 1, "接到": 1, "65": 1, "5G商": 1, "基站": 2, "出货量": 2, "10万": 1, "不用": 2, "权利": 1, "成本": 1, "大幅度": 2, "德国": 1, "法国": 1, "葡萄牙": 1, "检验": 1, "国境": 1, "中心": 1, "随时": 1, "检阅": 1, "参与": 2, "竞标": 1, "无意": 1, "阻止": 2, "受伤": 1, "变幻莫测": 1, "不和": 1, "不紧不慢": 1, "生产": 1, "利润": 1, "下降": 1, "贡献": 1, "10%": 1, "营收": 1, "日本": 1, "东芝": 1, "韩国": 1, "海力士": 1, "内存": 3, "闪存": 2, "低潮": 1, "无疑": 1, "再度": 1, "让么": 1, "从中": 1, "分一杯羹": 1, "恐怕": 1, "眼看": 1, "进度": 1, "条": 1, "年中": 1, "国": 1, "云谲": 1, "风诡": 1, "浑身": 1, "解数": 1, "新机": 1, "应接不暇": 1, "留下": 1, "印象": 1, "深刻": 1, "美学": 1, "发起": 1, "四": 2, "投票": 4, "榜上": 1, "共有": 1, "9": 2, "人数": 1, "15647": 1, "多选": 1, "7": 3, "人气": 2, "8723": 1, "票": 2, "；": 6, "mate": 3, "票数": 1, "7912": 1, "iPhone": 1, "11Pro": 1, "max": 1, "7852": 1, "顺势": 1, "排": 2, "排名": 1, "note": 1, "CC": 2, "vivo": 2, "NEX": 2, "3": 3, "pixel": 1, "OPPO": 1, "Reno": 2, "Ace": 2, "索尼": 1, "Xperia": 1, "5": 1, "本次": 2, "超过": 1, "旗舰机": 2, "最佳": 3, "安卓": 2, "阵营": 1, "7TPro": 2, "不容忽视": 1, "7T": 2, "6.67": 1, "OLED": 1, "分辨率": 1, "2K": 1, "深受": 1, "喜爱": 1, "90": 1, "Hz": 1, "屏幕": 1, "刷新率": 1, "前置": 6, "1600万": 2, "素升": 1, "降式": 1, "4800万": 2, "素主": 1, "+": 4, "素超": 1, "广角": 3, "800万": 2, "素长": 1, "焦": 1, "OIS": 1, "光学": 2, "防抖": 1, "倍": 2, "变焦": 1, "激光": 1, "对焦": 1, "微距": 1, "功能": 3, "西外": 1, "Plus": 1, "辅以": 1, "8GB": 1, "256GB": 1, "UFS3.0": 1, "LPDDR4X": 1, "规格": 1, "搭配": 1, "4085": 1, "mAh": 1, "Warp": 1, "Charge": 1, "30T": 1, "闪充": 1, "顺滑": 1, "绕": 1, "绝佳": 1, "可圈可点": 1, "集成式": 1, "双模5": 1, "G组网": 1, "4000万": 1, "电影级": 1, "88": 1, "°": 1, "超曲面": 1, "环幕屏": 1, "隔空": 1, "操控": 1, "众": 1, "黑科技": 2, "5G版": 1, "足以": 1, "称": 1, "问鼎": 1, "机皇": 1, "强劲": 2, "DxOMark": 2, "镜头": 3, "排行": 1, "榜单": 2, "Mate": 2, "CC9": 1, "尊享版": 1, "121": 1, "高分": 1, "并列": 1, "夜景": 2, "拍摄": 2, "61": 1, "该项": 1, "得分": 1, "奖项": 1, "满满": 1, "硬核": 1, "登顶": 1, "可谓": 2, "众说纷纭": 1, "有人": 1, "名至实归": 1, "差点": 1, "榜": 1, "选手": 1, "心中": 1, "王": 1, "nova6": 7, "主打": 4, "年轻": 4, "美颜": 2, "vlog": 3, "对标": 2, "oppo": 1, "前段": 1, "刚刚": 1, "v30": 1, "摆明": 1, "抢": 1, "野心": 1, "彰显": 1, "细分": 4, "白热化": 2, "压缩": 1, "搅局": 1, "争夺战": 1, "业务": 1, "产品线": 2, "总裁": 1, "何刚": 2, "发布会": 1, "重头": 1, "放在": 1, "3200万": 2, "清主": 1, "105": 2, "°超": 1, "超广角": 2, "双摄": 1, "轻松": 1, "驾驭": 1, "远景": 1, "特写": 1, "人像": 1, "合影": 1, "暗光": 1, "逆光": 1, "4K": 1, "多种": 1, "场景": 1, "解锁": 1, "玩法": 1, "数据": 4, "原本": 2, "调取": 1, "才": 1, "常用": 1, "重点": 2, "放": 1, "度": 1, "人景": 3, "分离": 1, "畸变": 3, "校正": 1, "算法": 1, "透视": 1, "投影": 2, "背景": 1, "球极": 1, "平面": 1, "处理人": 1, "脸": 1, "俱": 1, "佳": 1, "评测": 1, "总分": 1, "100分": 1, "评分": 1, "双双": 1, "高居": 1, "榜首": 1, "截至": 1, "nova": 1, "1.25亿": 1, "路线": 1, "流量": 2, "明星": 2, "代言": 1, "代言人": 1, "易洋": 1, "玺": 1, "在线": 1, "主演": 1, "少年": 1, "为数不多": 1, "票房": 1, "丰收": 1, "作品": 1, "现场": 1, "旗舰级": 1, "拉高": 1, "门槛": 1, "各家": 1, "条线": 1, "布局": 1, "IDC2019年": 1, "季度": 2, "显示": 1, "3.332亿": 1, "同比": 2, "下滑": 1, "2.3%": 1, "加剧": 1, "Ov": 1, "realme": 1, "iQOO": 1, "子品牌": 1, "拓展": 1, "性价": 1, "比赛": 1, "获取": 1, "增长": 4, "时尚": 1, "梳理": 1, "V": 1, "Vera": 1, "数字": 1, "HONOR": 1, "命名": 1, "定位": 2, "超能": 1, "畅玩": 1, "Play": 1, "相较于": 1, "都会": 1, "些许": 1, "职责": 1, "清晰": 1, "聚焦": 1, "呈现": 1, "一枝独秀": 1, "趋势": 1, "Canalys": 1, "出货": 1, "头部": 4, "31%": 1, "38.2%": 1, "名": 1, "马": 1, "效应": 1, "显现": 1, "金立": 1, "资不抵债": 1, "破产": 1, "局面": 1, "锤子": 1, "遭遇": 1, "财产": 1, "股权": 1, "产业链": 1, "整合": 1, "资本": 1, "强势": 1, "具备": 1, "盘": 1, "活子": 1, "下沉": 1, "趋于": 1, "饱和": 1, "接下来": 1, "锁定": 1, "挤压": 1, "空间": 1, "换来": 1, "整体": 1, "滞涨": 1, "稳步": 1, "齐鲁": 2, "晚报": 1, "·": 1, "壹点": 1, "记者": 1, "磊磊": 1, "共享": 1, "经济": 1, "福利": 1, "放送": 1, "20万": 1, "来薅": 1}