{"5月份": 1, "美国": 40, "禁止令": 1, "企业": 17, "被迫": 1, "中断": 1, "华为": 105, "合作": 7, "诸如": 1, "博通": 1, "、": 28, "高通": 1, "赛灵思": 1, "硬件": 4, "产品": 7, "布局": 3, "多年": 4, "备胎": 1, "当头一棒": 1, "唯独": 1, "软件": 3, "生态": 11, "围堵": 1, "：": 19, "毕竟": 4, "底层": 1, "核心": 2, "技术": 10, "同步": 1, "研究": 1, "暗渡陈仓": 1, "轻易": 2, "迁移": 1, "包括": 7, "谷歌": 3, "主导": 1, "Android": 2, "平台": 7, "微软": 29, "开发": 4, "Windows": 21, "停止": 3, "安卓": 3, "设备": 6, "提供": 6, "GMS": 1, "服务": 2, "认证": 3, "试图": 2, "狙击": 4, "旗下": 4, "智能": 6, "手机": 14, "业务": 15, "海外": 1, "攻势": 2, "消费者": 1, "重量级": 1, "带来": 2, "营收": 1, "研发": 3, "投入": 2, "取消": 1, "PC": 5, "Office": 3, "许可证": 4, "狙击华": 1, "笔记本": 10, "崛起": 2, "势头": 1, "有意思": 1, "推出": 5, "方舟": 1, "编译器": 1, "架空": 2, "转移": 1, "+": 2, "公布": 1, "自研": 2, "鸿蒙": 2, "操作": 14, "系统": 26, "战略": 3, "体系": 3, "自建": 2, "HMS": 1, "搭载": 5, "国产": 10, "深度": 1, "微软版": 1, "售价": 1, "还要": 3, "低": 1, "很多": 7, "媒体界": 1, "人士": 2, "补充": 3, "举足轻重": 1, "；": 3, "业内": 3, "分析": 1, "亚于": 1, "冲击": 2, "市场": 5, "份额": 1, "届时": 1, "推动": 5, "国产化": 1, "显得": 3, "太": 6, "凶猛": 2, "有人": 2, "服气": 1, "成立": 2, "早": 1, "3": 1, "联想": 9, "集团": 4, "电脑": 8, "都": 21, "全球": 4, "数一数二": 1, "担心": 1, "另起炉灶": 1, "大概": 1, "发展": 4, "模式": 2, "行业": 4, "纵横": 1, "30年": 1, "时刻": 1, "多重": 1, "储备": 1, "压铸": 1, "收购": 1, "IBM": 1, "放弃": 1, "采购": 3, "型号": 1, "成就": 1, "如今": 4, "巨头": 4, "捆绑": 1, "美企": 1, "阵营": 1, "蜕变": 1, "试问": 1, "号称": 1, "实力": 2, "顶": 1, "压力": 3, "产业链": 1, "确实": 5, "可控": 1, "因素": 1, "前车之鉴": 1, "中国": 9, "立刻": 1, "上架": 1, "鲲鹏": 2, "920": 1, "服务器": 3, "芯片": 4, "配套": 2, "泰山": 1, "系列": 2, "主机": 1, "客服": 1, "地区": 1, "电力": 1, "920s": 1, "台式机": 2, "处理器": 1, "台式": 2, "主板": 1, "山西": 1, "百信": 1, "！": 5, "限于": 1, "官方": 7, "实体": 3, "清单": 3, "禁止": 2, "迫": 1, "表达": 2, "不满": 1, "创始人": 1, "比尔盖茨": 1, "指责": 1, "机构": 5, "无益": 1, "从来": 1, "值得": 1, "信任": 2, "伙伴": 1, "很快": 1, "请求": 1, "批准": 1, "自找": 1, "台阶": 1, "第二": 1, "延长": 1, "限制令": 1, "得以": 1, "保留": 2, "版本": 1, "难": 4, "接受": 3, "肆意": 1, "不再": 1, "往日": 1, "基础": 4, "许可": 1, "恢复": 1, "孤注一掷": 1, "把命": 1, "交给": 1, "加上": 2, "数据": 4, "突破": 3, "感受": 1, "玩起": 3, "老套路": 1, "搞": 2, "免费": 11, "策略": 4, "当年": 1, "有意": 3, "泛滥": 1, "盗版": 4, "科研": 1, "项目": 1, "习惯": 2, "略": 1, "生疏": 1, "或者说": 1, "中国人": 2, "爱": 2, "贪便宜": 2, "很": 8, "2015年": 2, "发布": 2, "10": 7, "最初": 2, "达成": 2, "指标": 1, "升级": 9, "2016年": 2, "7月": 2, "外界": 2, "发现": 3, "通道": 1, "依然": 4, "封杀": 1, "意味着": 2, "7": 2, "8用户": 1, "方式": 4, "授权": 2, "以此": 1, "正版": 2, "不少": 3, "诱惑力": 1, "明码": 1, "标价": 1, "几百上千": 1, "居然": 1, "洗白": 1, "旧版": 1, "使用者": 1, "动力": 1, "公知": 1, "老": 1, "套路": 2, "本身": 2, "定义": 1, "网络": 4, "上传": 1, "风险": 1, "大批量": 1, "原因": 3, "事实上": 2, "用户": 6, "主动": 2, "购买": 2, "稳定": 1, "利润": 3, "来源": 3, "在于": 2, "品牌": 2, "厂商": 1, "批量": 1, "Office365": 1, "连续": 1, "包月": 1, "才": 2, "针对": 6, "迫切": 1, "希望": 1, "才能": 1, "保证": 1, "垄断": 5, "延伸": 2, "稳固": 1, "基石": 1, "路": 2, "放纵": 1, "干扰": 1, "甚至于": 1, "雇员": 1, "/": 1, "CokeRobot": 1, "公开": 1, "这是": 3, "不予": 2, "修补": 1, "漏洞": 1, "赚钱": 1, "365": 1, "关心": 1, "体量": 1, "时代": 5, "横行": 1, "睁": 1, "眼": 2, "闭": 1, "传统": 1, "互联网": 5, "基于": 2, "衍生": 1, "现实": 1, "撼动": 1, "事实": 6, "接下来": 1, "5G": 4, "起点": 1, "智能物": 2, "联网": 2, "想象": 1, "物联网": 1, "设施": 3, "自动": 1, "驾驶": 1, "智慧": 2, "交通": 1, "家庭": 1, "难道": 4, "一手": 1, "操控": 1, "关乎": 1, "生活": 4, "民生": 1, "施展": 1, "认定": 2, "底气": 1, "来自于": 1, "培养": 1, "真的": 1, "科技": 8, "释放": 2, "枷锁": 1, "对此": 1, "看法": 3, "作者": 1, "蔡发涛": 1, "|": 1, "百家号": 1, "独家": 1, "内容": 3, "热搜榜": 2, "常客": 1, "近日": 2, "热搜": 1, "这次": 1, "传来": 1, "可不": 1, "消息": 1, "员工": 12, "李洪元": 39, "羁押": 4, "251": 6, "天一": 1, "闹": 1, "沸沸扬扬": 1, "真相": 1, "反正": 1, "一边倒": 1, "声讨": 1, "网友": 5, "转黑": 1, "情况": 2, "简单": 4, "一再": 1, "爱国": 1, "辩驳": 1, "未尝": 1, "夹杂": 1, "一点": 2, "情绪": 1, "爆出": 1, "离职": 26, "补偿": 5, "起诉": 6, "第一时间": 1, "站": 1, "事情": 9, "讲": 2, "反而": 1, "何种": 1, "想法": 1, "之下": 1, "全网": 1, "404": 2, "无端": 1, "撤下": 1, "相关": 3, "帖子": 1, "秒": 1, "做法": 1, "发达": 1, "环境": 1, "实在": 2, "太过": 1, "愚蠢": 1, "密不透风": 1, "放到": 1, "桌面": 1, "来讲": 1, "判断力": 1, "遮遮掩掩": 1, "反倒": 1, "心虚": 1, "此事": 1, "终于": 1, "做出": 1, "正面": 1, "回应": 1, "难免": 1, "姗姗来迟": 1, "嫌疑": 1, "声明": 2, "1.": 1, "权利": 2, "义务": 2, "涉嫌": 11, "违法": 1, "举报": 7, "尊重": 1, "判决": 1, ".": 1, "支持": 4, "维权": 1, "权益": 2, "损害": 1, "维护": 1, "不得不": 2, "份": 3, "算是": 1, "敢作敢当": 1, "顾左言他": 1, "干脆": 1, "承认": 1, "实情": 1, "本来": 1, "暂": 1, "告一段落": 1, "等待": 1, "调查": 1, "说话": 1, "竟然": 1, "称": 6, "死": 1, "国内": 3, "扛": 1, "通信": 3, "大旗": 1, "堆": 1, "垃圾": 1, "公司": 13, "干": 1, "送": 2, "外卖": 2, "直播": 2, "游戏": 3, "租": 2, "单车": 2, "好好": 1, "积累": 2, "东西": 1, "92年": 1, "这位": 1, "出于": 1, "气愤": 1, "这话": 1, "过于": 1, "偏激": 1, "苟同": 1, "厉害": 4, "美方": 1, "不顾": 1, "脸面": 1, "打压": 3, "空中楼阁": 1, "此前": 3, "2G": 2, "3G": 1, "4G": 2, "我国": 1, "1992年": 1, "期间": 3, "作出": 2, "惊动": 1, "世界": 1, "成绩": 2, "坚实": 1, "覆盖率": 1, "居": 1, "高科技": 1, "实实在在": 1, "工作": 6, "效率": 1, "幸福度": 1, "意义": 3, "段": 1, "飘": 2, "不止": 1, "一家": 1, "且不说": 1, "去年": 1, "中兴": 1, "事件": 12, "10月": 3, "初": 1, "增加": 2, "28": 1, "安防": 1, "产业": 2, "龙头": 1, "海康": 1, "威视": 1, "科大": 1, "讯飞": 1, "大华": 1, "商汤": 1, "依图": 1, "阿里巴巴": 1, "旷视": 1, "名单": 1, "不仅仅": 2, "注册地": 1, "深圳": 1, "都会": 1, "贡献": 1, "税收": 2, "根正": 1, "苗红": 1, "纠正": 1, "十全十美": 1, "十几万": 2, "国际": 8, "金融": 7, "报": 7, "网易": 2, "暴力": 1, "裁员": 1, "刚": 1, "和解": 1, "卷入": 1, "舆论": 6, "风波": 1, "大有": 1, "愈演愈烈": 2, "趋势": 2, "11月": 3, "刑事": 5, "赔偿": 3, "决定书": 5, "网上": 1, "流传": 2, "显示": 1, "2005年": 1, "入职": 1, "2018年": 6, "1月": 3, "3月": 4, "部门": 8, "秘书": 2, "渤海": 1, "银行": 3, "账户": 4, "转账": 2, "30余万": 3, "元": 9, "税后": 1, "金额": 1, "交易": 2, "摘要": 2, "经济": 5, "补偿金": 6, "正是": 1, "这笔": 2, "被告": 1, "敲诈勒索罪": 1, "拘留": 1, "最终": 4, "证据": 8, "法院": 1, "予以": 2, "国家": 2, "10万余": 2, "12月": 3, "2日": 1, "上午": 1, "记者": 8, "证实": 1, "解释": 1, "件": 3, "内部": 3, "搓": 1, "腐败": 2, "分子": 2, "利用": 2, "影响力": 2, "不可告人": 2, "目的": 2, "诉求": 2, "尽早": 2, "沟通": 3, "妥善": 2, "解决": 3, "发": 1, "至今": 2, "买": 3, "票": 1, "回老家": 1, "1": 1, "不惑之年": 1, "想到": 1, "程序": 2, "牵扯": 1, "敲诈勒索": 2, "承受": 1, "长": 2, "8": 1, "牢狱": 1, "灾": 1, "思来": 1, "想": 1, "封": 1, "举报信": 1, "采访": 2, "呈现": 1, "害怕": 1, "纠结": 1, "心态": 1, "白昼": 1, "工作室": 1, "专访": 1, "逆变器": 2, "销售": 1, "管理部": 1, "造假": 2, "媒体": 2, "答道": 1, "随后": 1, "21日": 2, "发送": 1, "邮件": 1, "回忆": 1, "自此": 1, "感觉": 1, "打击": 2, "报复": 1, "2017年": 2, "边缘化": 1, "刚好": 1, "2017年底": 1, "合同": 3, "到期": 1, "主管": 2, "人力": 2, "资源": 2, "负责人": 1, "续签": 1, "意见": 1, "31日": 1, "华为人事": 1, "谈判": 2, "答应": 1, "提出": 1, "N": 2, "年限": 1, "方案": 1, "8日": 1, "正式": 2, "签订": 1, "确认书": 1, "当天": 1, "晚上": 1, "收到": 3, "资金": 2, "彼时": 1, "未": 1, "察觉": 1, "异常": 1, "12年": 1, "协商": 1, "款": 4, "331776.73": 1, "扣除": 1, "税金": 1, "并未": 2, "在意": 1, "亦": 1, "同事": 1, "拿到": 1, "埋下": 1, "隐患": 1, "16日": 1, "距离": 1, "9月": 1, "有余": 1, "警察": 1, "上门": 1, "收走": 1, "职务": 1, "侵占": 1, "派出所": 1, "告知": 1, "罪名": 3, "变更": 2, "侵犯": 1, "商业": 1, "秘密": 1, "2019年": 3, "22日": 2, "逮捕证": 1, "再次": 1, "据悉": 1, "涉及": 1, "违规": 1, "要挟": 1, "主管处": 1, "勒索": 1, "30万": 1, "挺": 1, "兴奋": 1, "手上": 1, "这项": 1, "人事": 2, "录音": 3, "小时": 1, "提及": 1, "深圳市": 5, "公安局": 2, "案": 1, "龙岗区": 3, "人民": 3, "检察院": 3, "移送": 1, "审查": 1, "此后": 1, "5": 1, "时间": 1, "内": 4, "反复": 1, "侦查": 1, "补查": 1, "重报": 1, "8月": 2, "犯罪": 3, "符合": 3, "条件": 1, "23日": 1, "24日": 1, "申请": 1, "25日": 1, "下发": 1, "深陷": 2, "漩涡": 2, "观点": 2, "指出": 3, "一个": 8, "——": 1, "劝退": 1, "演变": 2, "案件": 1, "过程": 4, "非常规": 1, "手段": 1, "过界": 2, "纠纷": 1, "言语": 1, "举动": 1, "不当": 1, "引申": 1, "解读": 1, "变动": 1, "产经": 1, "时评人": 1, "张书乐": 3, "告诉": 1, "此类": 1, "罕见": 1, "关键": 3, "判断": 1, "恶意": 1, "构陷": 1, "意识": 1, "保存": 2, "自保": 1, "唏嘘不已": 1, "常态": 1, "近期": 1, "特殊性": 1, "社会": 1, "关注": 1, "焦点": 1, "走": 1, "给予": 2, "解约": 1, "理由": 1, "言之有物": 1, "粗暴": 1, "纸": 1, "标准化": 1, "通知": 1, "或许": 1, "未来": 1, "文化": 1, "构建": 1, "环节": 1, "公共": 1, "话题": 1, "当下": 1, "给出": 1, "说法": 1, "书乐": 1, "一小撮": 1, "期望": 1, "发去": 1, "采访函": 1, "截至": 1, "发稿": 1, "尚未": 1, "回复": 1, "北京市": 1, "康达": 1, "律师": 2, "事务所": 1, "韩骁": 2, "一开始": 1, "偷税": 2, "漏税": 2, "法律": 1, "解除": 1, "劳动": 1, "发生": 1, "费用": 2, "单位": 3, "支付": 1, "上报": 1, "财务": 1, "不列": 1, "账簿": 1, "缴纳": 1, "应缴": 1, "税款": 1, "中华人民共和国": 1, "征收": 1, "管理法": 1, "诬告": 7, "陷害": 7, "均": 1, "公安": 2, "机关": 3, "罪": 6, "捏造": 2, "意图": 2, "追究": 2, "刑法": 1, "二百四十三": 1, "条": 1, "证明": 1, "举报者": 3, "夸大": 1, "隐瞒": 1, "故意": 1, "据此": 1, "检察": 1, "现有": 1, "衡量": 1, "错告": 1, "检举": 1, "失实": 1, "环球": 1, "时报": 1, "总编辑": 1, "胡": 1, "锡进": 1, "公平": 1, "温度": 1, "过度": 1, "上纲上线": 1, "道义": 1, "否定": 1, "客观": 1, "管理": 3, "总体": 1, "科学": 1, "综合": 2, "效果": 1, "组织": 1, "结构": 1, "注定": 1, "遭遇": 1, "冲突": 2, "化解": 1, "缺陷": 1, "畅连": 11, "通话": 26, "EMUI10": 2, "高清": 4, "功能": 3, "互通壁垒": 1, "体验": 3, "场景": 1, "便捷": 1, "拨号": 1, "即可": 3, "1080P": 2, "视频": 9, "消耗": 3, "运营商": 1, "套餐": 5, "时长": 2, "开启": 3, "安装": 3, "EMUI": 1, "通讯": 1, "智慧屏": 2, "方法": 1, "①": 3, "点击": 6, "电话": 6, "图标": 2, "下角": 1, "提示": 1, "登录": 1, "账号": 1, "设置": 1, "呼叫": 2, "号码": 2, "开通": 5, "智": 1, "慧屏": 1, "拨打": 1, "下载": 1, "APP": 3, "②": 3, "通讯录": 2, "人员": 1, "右边": 1, "原理": 2, "微信": 1, "响亮": 1, "名字": 1, "集成": 3, "额外": 1, "优点": 1, "WLAN": 2, "连接": 3, "付费": 2, "家里": 1, "流量": 6, "限量": 3, "额定": 1, "限速": 1, "足够": 1, "不错": 1, "相当于": 1, "无需": 1, "在一起": 1, "好友": 1, "③": 1, "亲切": 1, "④": 1, "呼出": 1, "号": 1, "紧密": 2, "缺点": 1, "无限": 1, "好处": 1, "限额": 1, "降速": 2, "超过": 1, "额定值": 1, "降": 2, "降低": 1, "网速": 1, "影响": 1, "耗电量": 1, "费电": 1, "电量": 1, "慎用": 1, "中低端机": 1, "销量": 1, "爆发": 1, "高端": 1, "领域": 1, "骄人": 1, "众多": 1, "友商": 1, "学习": 1, "榜样": 1, "苹果": 1, "三星": 1, "忽视": 2, "强敌": 1, "的确": 1, "创新": 1, "应对": 1, "挑战": 1, "回来": 1, "层面": 1, "难以": 1, "独善其身": 1, "狠": 1, "招": 1, "P30": 7, "加速": 1, "沦为": 1, "良心价": 1, "吐槽": 2, "一针见血": 1, "P系列": 1, "高端机": 2, "组成部分": 1, "无论是": 1, "堆叠": 1, "颜值": 1, "打磨": 1, "到位": 1, "超级": 1, "旗舰": 2, "身份": 1, "登场": 1, "例外": 1, "新增": 2, "天空": 1, "镜": 1, "珠光": 1, "贝母": 1, "白": 1, "配色": 1, "玻璃": 1, "后壳": 1, "光线": 1, "照射": 1, "光彩": 1, "熠熠": 1, "水滴": 1, "屏": 1, "铝中框": 1, "贴合": 1, "舒适": 1, "握持感": 1, "日常": 1, "防水": 1, "延续": 1, "光学": 1, "指纹": 1, "解锁": 1, "无线": 1, "充电": 1, "亮点": 1, "率先": 1, "暗黑": 1, "主题": 1, "仿真": 1, "机械": 1, "键盘": 1, "增强": 1, "Line": 1, "Turbo3.0": 1, "适配": 1, "王者": 1, "荣耀": 1, "和平": 1, "精英": 1, "在内": 1, "主流": 1, "帧率": 1, "稳定性": 1, "挑剔": 1, "地方": 1, "拥有": 1, "徕卡": 1, "三": 1, "摄模组": 1, "达芬奇": 1, "独立": 1, "NPU": 1, "神经元": 1, "驱动": 1, "成片": 1, "速度": 1, "成像": 1, "质量": 1, "妥妥": 1, "整体": 1, "表现": 1, "大部分": 1, "一贯": 1, "期待": 1, "算": 1, "合格": 1, "卖": 1, "4298": 1, "机": 1, "余承东": 1, "意料": 2, "之中": 2, "可惜": 1, "竞争": 1, "激烈": 1, "地位": 1, "取代": 1, "人气": 1, "流失": 1, "最低": 1, "3577": 1, "幅度": 1, "大招": 1, "P30一": 1, "夜": 1, "跌": 1, "清仓价": 1, "无奈": 1, "再见": 1, "了却": 1, "扎心": 1, "旧款": 1, "Mate30": 1, "持续": 1, "热销": 1, "降维": 1, "旧": 1, "原则": 1, "吸引力": 1, "对比": 1, "小米": 1, "CC9Pro": 1, "魅族": 1, "16sPro": 1, "竞品": 1, "缺乏": 2, "性价比": 2, "优势": 1, "具备": 1, "选择": 1, "拜拜": 1, "笔者": 1, "引领": 1, "功不可没": 1, "行情": 1, "瞬息万变": 1, "元素": 1}