{"这两天": 1, "华为": 89, "迎来": 2, "第一": 7, "季度": 1, "营收": 6, "报告": 1, "借着": 1, "强势": 1, "增长": 5, "战力": 1, "依然": 1, "一季度": 1, "收入": 5, "1797亿": 1, "元": 15, "39%": 1, "数据": 8, "可谓": 1, "华丽": 1, "全球": 13, "市场": 12, "爆发式": 1, "表现": 2, "情况": 1, "算是": 2, "很": 10, "瞩目": 2, "公司": 20, "业务": 8, "大增": 1, "自然": 4, "底下": 2, "时间": 3, "身体": 1, "拼搏": 1, "员工": 9, "赚": 1, "钱": 1, "薪资": 1, "分红": 3, "低": 4, "猜测": 1, "任正非": 4, "此前": 1, "场合": 1, "公开": 1, "都": 14, "或多或少": 1, "持股": 3, "比例": 1, "1%": 1, "享受": 1, "奋斗": 1, "成果": 1, "这是": 4, "创立": 1, "一个": 9, "改变": 2, "工作": 3, "投入": 3, "成功": 2, "一大": 1, "因素": 4, "2018年": 14, "全年": 2, "7000亿": 1, "创下": 1, "新高": 1, "留": 1, "余力": 1, "18万": 1, "人均": 3, "分到": 1, "110万": 3, "说法": 1, "引来": 1, "网友们": 1, "众多": 3, "议论": 1, "众所周知": 4, "国内": 3, "科技圈": 1, "待遇": 1, "数一数二": 1, "就算": 2, "放": 1, "国际": 3, "顶尖": 1, "年收入": 1, "水准": 1, "合情合理": 1, "忽略": 2, "一点": 1, "人人": 1, "大有人在": 1, "数字": 4, "管理层": 1, "很多": 6, "多年": 1, "高管": 1, "年薪": 1, "足以": 2, "抵上": 1, "几十": 1, "永远": 4, "办法": 1, "真实": 1, "现状": 1, "百分之两百": 1, "努力": 1, "换来": 1, "不到": 1, "一半": 1, "报酬": 1, "表态": 1, "回收": 1, "5G": 14, "技术": 22, "！": 2, "说到": 1, "中方": 15, "制造": 3, "华人": 2, "都会": 1, "感到": 2, "骄傲": 2, "高铁": 1, "国家": 19, "基建": 1, "建设": 1, "；": 16, "研发": 11, "杂交": 1, "水稻": 1, "贫穷": 1, "带去": 1, "希望": 1, "轻工业": 1, "非洲": 1, "依赖": 2, "产业": 6, "瓷器": 1, "丝绸": 1, "世界": 10, "各国": 1, "务必": 1, "钦佩": 1, "文物": 1, "祖国": 1, "值得一提的是": 1, "高科技": 1, "领域": 16, "收获": 1, "军事": 1, "研制": 1, "第五": 1, "隐形": 1, "战机": 1, "少有": 1, "北斗": 1, "卫星": 2, "导航": 1, "系统": 18, "很少": 1, "攻克": 1, "全世界": 3, "通讯": 2, "再次": 1, "注意力": 2, "转向": 1, "美国": 13, "互联网": 1, "巨头": 2, "发现": 2, "至今": 1, "一大半": 1, "占领": 1, "近段": 1, "国外": 1, "专家": 3, "公布": 2, "坐": 1, "不住": 1, "想必": 1, "熟悉": 1, "发达": 1, "强大": 4, "舞台": 1, "做出": 2, "过分": 1, "事情": 2, "争夺": 1, "不择手段": 1, "俄罗斯": 1, "通讯社": 1, "4月": 5, "20日": 1, "报道": 2, "称": 2, "著名": 1, "数据表": 1, "显示": 4, "排名": 4, "韩国": 2, "出乎意料": 1, "才": 5, "第三": 2, "分析": 3, "状况": 1, "早上市": 1, "面对": 1, "接受": 4, "过早": 1, "上市": 1, "价格": 8, "优惠": 1, "意味着": 1, "垄断": 2, "简直": 2, "致命": 1, "打击": 1, "西方": 1, "抵制": 3, "加拿大": 1, "、": 79, "澳大利亚": 1, "英国": 1, "法国": 1, "惊讶": 1, "竟然": 1, "清一色": 1, "亲": 1, "也就是说": 2, "不久前": 1, "爆发": 3, "事件": 1, "目的": 1, "显而易见": 1, "延缓": 1, "阻止": 1, "发展": 4, "想法": 1, "痴心妄想": 1, "实力": 8, "动摇": 1, "地位": 1, "脚步": 1, "急需": 1, "果不其然": 1, "拒绝": 1, "性价比": 1, "兜兜": 1, "转转": 1, "选择": 1, "执迷不悟": 1, "遭受": 1, "损失": 1, "比起": 1, "空头": 1, "支票": 1, "太": 1, "挽留": 1, "华盛顿": 1, "邮报": 1, "22日": 1, "近日": 1, "面向": 2, "开放": 1, "后悔": 1, "想要": 2, "请求": 2, "入驻": 1, "反而": 1, "对方": 1, "不得不": 1, "实在": 1, "霸气": 1, "上周": 1, "首次": 3, "一级": 1, "供应商": 5, "身份": 2, "上海": 3, "车展": 4, "亮相": 2, "关注": 7, "主角": 1, "汽车": 41, "厂商": 3, "近年来": 1, "中国": 14, "IT": 1, "登场": 1, "抢占": 1, "C位": 1, "4": 4, "年前": 2, "阿里巴巴": 1, "发布": 5, "战略": 4, "百度": 2, "Apollo": 1, "计划": 2, "轮到": 1, "闪耀": 1, "全场": 1, "车企": 1, "争相": 1, "竞夺": 1, "对象": 1, "展台": 1, "醒目": 1, "标语": 1, "——": 3, "带入": 1, "辆": 2, "车": 8, "雄心": 2, "彰显": 1, "无遗": 1, "轮值": 1, "董事长": 1, "徐": 4, "直军": 4, "本届": 1, "忙碌": 1, "14日": 1, "北汽": 3, "蓝谷": 1, "子公司": 2, "能源": 4, "高端": 1, "品牌": 2, "ARCFOX": 1, "发布会": 2, "后者": 1, "展示": 1, "首款": 2, "产品": 10, "IMC": 2, "智能": 24, "模块": 6, "构架": 1, "平台": 6, "商业": 1, "搭载": 6, "拥有": 2, "算力": 3, "高达": 2, "秒": 1, "352万亿": 1, "芯片": 20, "包括": 7, "三": 6, "激光": 1, "雷达": 2, "在内": 1, "超过": 3, "30": 1, "传感器": 8, "L3至L4": 1, "等级": 1, "自动": 11, "驾驶": 20, "一5G": 1, "提供者": 1, "17日": 2, "宁德": 1, "时代": 3, "合作": 10, "签约": 2, "仪式": 1, "去年": 2, "加快": 1, "布局": 3, "伙伴": 1, "东风": 2, "上汽": 6, "长安": 4, "长城": 2, "比亚迪": 2, "一汽": 4, "广汽": 2, "一二线": 1, "上下游": 1, "零部件": 7, "通信": 5, "设备": 4, "网络": 1, "手机": 14, "崛起": 3, "如今": 2, "忽视": 1, "到底": 1, "想": 3, "干什么": 1, "1": 3, "创始人": 1, "2019年": 3, "1月": 1, "媒体": 1, "采访": 1, "谈到": 1, "车联网": 8, "电子": 9, "边缘": 1, "计算": 1, "配合": 1, "车用": 1, "跨界": 1, "边界": 1, "电子流": 1, "中心": 1, "砍": 1, "掉": 2, "：": 5, "行业": 9, "人工": 3, "影响": 1, "未来": 8, "颠覆": 2, "电动": 2, "16万亿": 1, "产值": 1, "汽车业": 2, "周边": 3, "战略部": 1, "总裁": 1, "张文林": 1, "直白": 1, "放心": 1, "车况": 1, "释放": 2, "价值": 1, "客厅": 1, "车上": 1, "不仅仅": 1, "娱乐": 1, "办公": 1, "健身": 1, "领头羊": 1, "传统": 2, "4G": 1, "相比": 1, "时延": 1, "广联": 1, "接特性": 1, "带来": 1, "万物": 1, "互联": 1, "可能性": 1, "物联网": 2, "场景": 2, "关键": 2, "赛道": 1, "电动化": 1, "智能化": 1, "网联化": 1, "共享化": 1, "新四化": 1, "’": 1, "趋势": 1, "产业界": 1, "共识": 1, "背景": 2, "先进": 2, "硬件": 1, "急于": 2, "打造": 1, "机会": 2, "汽车界": 1, "发起": 1, "冲锋": 1, "集结号": 1, "足够": 2, "庞大": 2, "statista": 1, "2018": 1, "乘用车": 2, "销量": 2, "5700": 1, "销售额": 2, "1.3": 1, "万亿": 1, "美元": 3, "现阶段": 1, "看上": 1, "仅仅": 1, "信息网": 1, "规模": 2, "2175亿": 1, "占": 3, "整车": 1, "23%": 1, "比重": 3, "14%": 1, "平均": 1, "水平": 2, "60%": 2, "原因": 1, "低端": 1, "发达国家": 1, "中高端": 1, "消费": 3, "程度": 2, "差距": 1, "很快": 1, "形势": 1, "逆转": 1, "处于": 1, "阵营": 1, "电子化": 1, "渗透率": 1, "超越": 2, "预期": 1, "速度": 2, "快速": 1, "提升": 2, "积累": 3, "跨国": 1, "大厂": 1, "2016年": 2, "德国": 2, "博世": 2, "大陆": 1, "日本": 1, "电装": 1, "TOP3": 1, "均": 3, "300亿": 1, "驱动": 2, "起动机": 1, "发电机": 1, "底盘": 1, "控制": 2, "行驶": 1, "泊车": 2, "辅助": 3, "深厚": 2, "老实": 1, "壁垒": 2, "百年": 1, "格局": 2, "极度": 1, "稳定": 1, "领军者": 1, "带头": 1, "企业": 13, "群体性": 1, "突破": 1, "难度": 1, "想象": 1, "杀手锏": 2, "9月": 1, "博览会": 1, "奥迪": 1, "大众": 6, "LTE-V2X": 2, "车载": 5, "终端": 2, "V2X": 1, "智慧": 1, "交通": 1, "演示": 1, "基于": 1, "演进": 1, "无线": 2, "款": 5, "内置": 1, "巴龙": 8, "765": 2, "正是": 2, "秘密": 1, "武器": 1, "独领风骚": 1, "依托": 1, "麒麟": 1, "PC": 1, "鲲鹏": 1, "路由器": 1, "凌霄": 1, "基站": 1, "天罡": 1, "昇腾": 4, "5G基": 1, "带有": 1, "取名": 1, "座": 1, "海拔": 1, "7013": 1, "米": 1, "雪山": 2, "名字": 1, "像是": 1, "攀登": 1, "攻坚": 1, "无数": 1, "难题": 1, "2009年": 1, "数据卡": 1, "210": 1, "商用": 2, "领先": 1, "业界": 1, "唯一": 1, "支持": 2, "8×8MIMO": 1, "LTE-V": 1, "网联": 1, "提供": 3, "可靠": 1, "联接": 1, "352TOPS": 1, "L4": 1, "级别": 2, "需求": 2, "推进": 2, "解决": 1, "方案": 2, "核心": 3, "+": 4, "能力": 1, "进军": 1, "3": 4, "目标": 2, "提供商": 1, "利润": 2, "丰厚": 2, "围绕": 1, "系列": 1, "零配件": 3, "软件": 1, "本土": 7, "大致": 1, "分成": 1, "派系": 8, "摄像头": 6, "毫米": 10, "波雷达": 9, "门槛": 1, "高精": 3, "地图": 5, "特色": 1, "优势": 5, "模组": 4, "屏幕": 5, "仪表盘": 2, "连接器": 4, "成本": 2, "胜出": 1, "讲": 1, "无人": 1, "产业链": 2, "操作": 1, "之间": 1, "关系": 1, "大脑": 1, "五官": 1, "紧密": 1, "相连": 1, "前景": 1, "竞争": 3, "激烈": 1, "外资": 1, "我国": 3, "竞争力": 1, "A股": 4, "值得": 5, "韦尔": 3, "股份": 3, "华域": 12, "一家": 1, "电源": 1, "设计": 2, "被动": 1, "元件": 1, "分销": 1, "蛇": 1, "吞象": 1, "并购": 1, "豪威": 5, "科技": 2, "资本": 1, "焦点": 1, "CMOS": 2, "图像": 2, "位居": 1, "索尼": 1, "三星": 17, "占比": 1, "虎落平阳": 1, "终于": 1, "收购": 4, "这块": 1, "潜力": 1, "看点": 2, "偏偏": 1, "CIS": 1, "29%": 1, "份额": 1, "第二": 1, "嫁": 1, "抓住": 1, "梦": 1, "重点": 1, "人为": 1, "集团": 3, "覆盖": 1, "内外": 1, "饰件": 1, "金属": 1, "成型": 1, "模具": 1, "功能": 2, "件": 2, "电器件": 1, "热加": 1, "工件": 1, "六大": 1, "板块": 3, "综合": 2, "波雷": 1, "2014年": 2, "切入点": 1, "启动": 1, "ADAS": 1, "研究": 2, "项目": 7, "摄影头": 1, "Cammsys": 1, "签署": 2, "协议": 4, "前视": 1, "24GHz": 1, "量产": 6, "供货": 2, "生产": 1, "1.69万": 1, "套": 1, "首家": 1, "自主": 3, "77": 3, "GHz角": 1, "样件": 1, "开发": 2, "GHz": 3, "动力": 1, "2017年": 2, "麦格纳": 1, "设立": 2, "合资": 1, "(": 1, "MEB": 1, ")": 1, "电": 2, "总成": 1, "相关": 2, "定点": 1, "意向书": 1, "预计": 4, "2020年": 2, "投产": 1, "电驱": 1, "电控": 1, "附件": 1, "大批量": 2, "2013年": 1, "延峰": 1, "世通": 1, "跃": 1, "内饰": 2, "全资": 1, "延锋": 1, "座舱": 1, "拓展": 2, "车灯": 3, "龙头": 2, "小糸": 1, "业务线": 2, "变得": 1, "下游": 1, "客户": 2, "2010年": 1, "84%": 1, "下降": 2, "65%": 1, "海外": 1, "12亿": 1, "307亿": 1, "优秀": 2, "前瞻性": 1, "涉及": 1, "国资": 1, "不可或缺": 1, "天然": 1, "无疑": 1, "四维图": 5, "公告": 1, "服务": 3, "车路": 1, "协同": 1, "五": 1, "方向": 1, "探讨": 1, "细化": 1, "最终": 1, "商业化": 1, "落地": 2, "过程": 1, "前序": 1, "阶段": 1, "训练": 1, "仿真": 1, "测试": 2, "云平台": 1, "运行": 1, "达成": 2, "精度": 1, "关联": 1, "融合": 1, "算法": 1, "升级": 1, "完善": 1, "早": 1, "宝马": 1, "斩获": 1, "L3": 2, "订单": 7, "深度": 1, "受益": 1, "肉眼": 1, "5": 1, "线束": 2, "诞生": 1, "德赛": 7, "西威": 7, "立讯": 5, "精密": 5, "野心": 1, "年报": 2, "营业": 1, "54.09亿": 1, "同比": 6, "减少": 2, "10.01％": 1, "归母": 1, "净利润": 2, "4.16亿": 1, "32.50%": 1, "糟糕": 1, "惨淡": 1, "财务": 2, "背后": 1, "多重": 1, "车市": 1, "环境": 1, "狭义": 1, "产量": 1, "5%": 1, "5.8%": 1, "年关": 1, "难过": 1, "下滑": 3, "毛利率": 1, "周期": 2, "可怕": 1, "鼓励": 1, "政策": 1, "实行": 1, "回暖": 1, "路上": 1, "业绩": 2, "低谷": 1, "毅然": 1, "加大": 1, "导致": 1, "5.43亿": 1, "29.84%": 1, "截止": 1, "末": 1, "人员": 1, "数量": 1, "1903": 1, "30.52%": 1, "投向": 1, "地方": 1, "驾驶舱": 3, "块": 1, "天际": 1, "19": 1, "年量": 1, "360": 1, "度": 1, "高清": 1, "环视": 1, "全自动": 1, "驾驶员": 1, "监控": 1, "识别": 1, "T-box": 1, "24": 1, "可量": 1, "状态": 1, "吉利": 2, "仪表": 1, "中控": 1, "奇瑞": 1, "英伟达": 1, "小鹏": 1, "签订": 1, "联合": 1, "成立": 1, "事业": 1, "单元": 1, "腾讯": 1, "统计": 1, "年化": 1, "70亿": 1, "2019-2021年": 1, "持续": 1, "颇": 1, "主业": 1, "声学": 1, "天线": 1, "充电": 3, "震动": 1, "马达": 1, "全方位": 1, "扩张": 2, "注塑": 1, "多种": 1, "产品线": 1, "17.28": 1, "亿": 1, "53%": 1, "增速": 1, "迅猛": 1, "当下": 1, "较为": 1, "成熟": 1, "大规模": 1, "复制": 1, "2012-2013年": 1, "盛况": 1, "读": 1, "也许": 1, "这家": 1, "投": 1, "这不": 1, "拍拍": 1, "脑袋": 1, "轻易": 1, "基本面": 1, "风险": 1, "确定性": 1, "考察": 1, "信息": 1, "君临": 3, "获取": 1, "作者": 1, "团队": 1, ".": 1, "更多": 1, "成长股": 1, "解读": 1, "新一代": 1, "投资": 1, "机构": 1, "这几年": 1, "真的": 4, "快": 1, "喊出": 1, "苹果": 7, "大部分": 1, "消费者": 1, "关心": 1, "买到": 1, "贵": 2, "品质": 2, "P30Pro": 16, "5499": 1, "对比": 9, "坑": 3, "旗舰": 6, "P30Pro真": 1, "物有所值": 2, "当中": 1, "具备": 2, "标杆": 1, "性质": 1, "友商": 1, "吊打": 1, "否认": 1, "确实": 2, "出色": 2, "体验": 5, "国产": 2, "昂贵": 1, "主流": 1, "究竟": 1, "有没有": 1, "S10Plus": 4, "麒麟980": 1, "处理器": 3, "8GB": 2, "128GB": 2, "储存": 1, "组合": 1, "高通": 1, "骁龙": 1, "855": 1, "存储": 1, "性能": 1, "占优势": 1, "外观": 1, "笔者": 2, "倒是": 1, "水滴": 1, "挖孔": 1, "完美": 1, "喜好": 1, "拍照": 3, "摄": 2, "四": 1, "DXO": 1, "得分": 1, "S10plus": 2, "后置": 1, "接近": 1, "占据": 2, "前置": 1, "P30pro": 1, "输": 2, "细节": 1, "2K": 1, "素质": 1, "6999": 1, "便宜": 1, "1500": 1, "承认": 1, "三星s10plus": 1, "面前": 1, "P30Pro物": 1, "有所值": 1, "S10+": 1, "处处": 1, "碾压": 1, "iPhoneXsMax": 2, "降价": 1, "7699": 1, "两千": 1, "定价": 1, "不至于": 1, "太过": 1, "夸张": 1, "iPhoneXsmax": 1, "整体": 1, "之上": 1, "比如说": 1, "A12": 1, "iOS": 1, "12": 1, "未必": 1, "短板": 1, "小米": 1, "9": 1, "华为一心": 1, "追赶": 1, "看法": 1, "讨论": 1}