{"国产": 7, "手机": 25, "强悍": 1, "就要": 1, "华为": 29, "时间": 2, "短": 2, "快": 1, "内": 1, "超越": 1, "很多": 1, "对手": 1, "努力": 2, "行业": 2, "地位": 1, "都": 6, "出色": 2, "想要": 1, "入手": 2, "款": 22, "实惠": 3, "适合": 2, "机型": 3, "接下来": 1, "介绍": 3, "参考": 1, "第一": 1, "mate20": 2, "网上": 1, "热度": 2, "销售量": 1, "性价比": 2, "真的": 3, "很": 6, "配置": 2, "价格": 5, "低廉": 1, "3999": 1, "元": 3, "搭载": 2, "麒麟980": 2, "，，": 1, "加上": 1, "超高": 1, "内存": 1, "流畅度": 1, "自然": 2, "不用": 3, "担心": 1, "系统": 1, "rmui9": 1, "三": 1, "颗": 2, "摄像头": 3, "数量": 1, "摄像": 1, "程度": 1, "外观": 3, "水滴": 1, "屏幕": 4, "设计": 3, "整体": 1, "美观": 1, "不错": 3, "第二": 1, "mate20pro": 1, "这是": 2, "升级版": 1, "太": 2, "买到": 3, "曲面": 1, "刘海": 1, "面部": 1, "解锁": 1, "科技": 1, "性能": 4, "优秀": 1, "麒麟": 3, "980": 1, "5399": 1, "算": 1, "库存": 3, "第三": 1, "荣耀v": 1, "发布": 1, "定的量": 1, "货": 1, "依旧": 1, "难": 2, "打孔": 2, "技术": 6, "屏占": 1, "比做": 1, "像素": 1, "4800万": 1, "3000": 1, "第四": 1, "一个": 1, "nova4": 1, "相比": 1, "采用": 1, "麒麟970": 1, "流畅": 1, "表现": 1, "挺": 1, "3099": 1, "顶尖": 1, "过年": 1, "新机": 1, "首选": 1, "产品": 1, "爆款": 1, "喜欢": 1, "步入": 1, "2019年": 1, "5G": 5, "时代": 2, "不负众望": 1, "自主": 1, "创新": 1, "拿下": 1, "网络": 3, "标准": 2, "专利": 1, "世界": 3, "各国": 2, "刮目相看": 2, "充满": 1, "信心": 1, "看好": 1, "一味": 1, "追捧": 1, "国外": 1, "近年来": 1, "品牌": 1, "改变": 1, "局面": 1, "走在": 1, "前列": 1, "这次": 1, "电信": 3, "巨头": 1, "竞争": 1, "美国": 8, "高通": 5, "垄断": 1, "芯片": 5, "展现": 1, "实力": 1, "研制": 1, "抗衡": 1, "现如今": 1, "相差无几": 1, "意识": 1, "危险": 1, "处处": 1, "去年": 1, "禁售": 1, "禁止": 2, "通讯": 3, "借口": 1, "目的": 1, "而后": 1, "联合": 1, "联盟": 2, "国家": 3, "此次": 1, "面对": 1, "困难": 1, "数十": 1, "条": 1, "订单": 2, "全球": 1, "建设": 1, "最多": 1, "公司": 2, "纷纷": 1, "选择": 1, "感到": 1, "危机": 1, "近日": 1, "外媒": 1, "称": 1, "官员": 2, "欧洲": 2, "游说": 1, "警告": 2, "风险": 1, "中兴": 1, "设备": 1, "间谍": 1, "活动": 1, "想": 1, "拒之门外": 1, "德国": 2, "封": 1, "内部": 1, "文件": 1, "拒绝": 1, "落后": 1, "小编": 1, "经济": 1, "全球化": 1, "秉承": 1, "合作": 1, "共赢": 1, "友好": 1, "理念": 1, "发展": 3, "不怀好心": 1, "故意": 1, "抹黑": 1, "毫无": 1, "证据": 1, "损坏": 1, "名誉": 1, "企业": 2, "杰出者": 1, "多年": 1, "有目共睹": 1, "希望": 2, "强大": 1}