{"文": 2, "/": 4, "观察者": 6, "网": 5, "奕含": 1, "2018年": 9, "华为": 297, "研发": 23, "支出": 5, "破": 1, "千亿": 2, "元": 14, "人民币": 8, "引发": 1, "外界": 4, "关注": 2, "当地": 1, "时间": 8, "4月": 17, "26日": 2, "彭博社": 4, "刊文": 2, "称": 3, "希望": 8, "主导": 1, "下一代": 1, "无线": 5, "技术": 18, "企业": 25, "匹敌": 1, "投资": 12, "速度": 4, "迈向": 1, "目标": 5, "去年": 4, "投入": 14, "153亿": 1, "美元": 10, "网注": 1, "：": 60, "兑": 1, "平均": 2, "汇率": 3, "6.61": 1, "折合": 1, "1015亿": 1, "统计": 2, "发现": 2, "数字": 5, "五": 4, "年前": 1, "倍": 2, "2014年": 3, "增长": 11, "149%": 1, "2016年": 1, "2017年": 1, "费用": 6, "606亿": 1, "897亿": 1, "公司": 82, "总计": 2, "超过": 14, "4800亿": 2, "全球": 16, "亚马逊": 3, "超越": 1, "增幅": 1, "210%": 1, "苹果": 3, "、": 127, "微软": 1, "三星": 5, "同期": 2, "均": 3, "不及": 1, "报道": 6, "截图": 1, "下同": 1, "彭博": 1, "汇编": 1, "数据": 7, "显示": 3, "总量": 1, "排行榜": 1, "排名": 4, "第四": 2, "谷歌": 1, "母公司": 1, "Alphabet": 2, "288亿": 1, "214亿": 1, "167亿": 1, "分列": 1, "三": 6, "名": 4, "占比": 4, "预算": 2, "占": 4, "收入": 2, "14%": 1, "位列": 1, "第二": 23, "仅次于": 1, "3680亿": 1, "折算": 1, "580亿": 1, "计算": 2, "546亿": 1, "相关": 8, "中位": 1, "第七": 1, "业务": 14, "成就": 2, "归功于": 1, "大地": 1, "提升": 17, "竞争力": 2, "飞象网": 1, "CEO": 4, "项立": 1, "刚": 2, "评价": 2, "此前": 1, "首超": 1, "轮值": 1, "董事长": 1, "郭平": 1, "对此": 1, "营收": 3, "复合": 2, "26%": 1, "净利润": 6, "增长率": 1, "21%": 1, "；": 14, "期内": 1, "现金流": 1, "747亿": 1, "上年": 1, "下降": 1, "原因": 3, "加大": 2, "库存": 1, "应对": 1, "不确定性": 1, "持续不断": 1, "带来": 3, "回报": 1, "中国": 34, "信通院": 1, "知识": 1, "产权": 1, "中心": 6, "截至": 3, "12月": 1, "28日": 2, "5G": 40, "标准": 2, "专利": 3, "声明": 1, "17%": 1, "申请量": 1, "1970": 1, "第一": 16, "16日": 1, "第十六": 1, "届": 2, "分析师": 2, "大会": 2, "公布": 3, "最新": 2, "进展": 2, "15日": 1, "内": 2, "40": 2, "商用": 5, "合同": 2, "世界": 4, "70,000": 1, "基站": 4, "成立": 2, "战略": 3, "研究院": 1, "院长": 1, "徐文伟": 1, "3亿": 1, "合作": 13, "经费": 6, "支持": 9, "学术界": 1, "基础": 5, "科学": 1, "创新": 7, "研究": 2, "超": 3, "之际": 1, "时代": 4, "周报": 1, "相比": 1, "高阶": 1, "当下": 1, "标杆性": 1, "科技": 13, "依然": 3, "屈指可数": 1, "事实上": 2, "榜单": 2, "50": 5, "唯一": 2, "一家": 2, "上榜": 2, "文章": 3, "说道": 1, "本文": 1, "独家": 1, "稿件": 1, "未经": 1, "授权": 1, "转载": 1, "有人": 3, "选择": 5, "手机": 33, "简洁": 1, "流畅": 1, "ios": 1, "系统": 6, "心动": 1, "钟爱": 1, "小米": 7, "满意": 1, "性价比": 3, "黑科技": 1, "众多": 3, "很多": 16, "功能": 9, "操作": 2, "简单": 1, "实用": 2, "一个": 46, "HUAWEI": 18, "Pay": 18, "支付": 5, "NFC": 1, "拓展": 2, "机型": 2, "读取": 5, "实体": 3, "卡片": 5, "磁条": 2, "复制": 3, "背部": 1, "靠近": 1, "刷卡": 1, "机器": 2, "模拟": 1, "设置": 1, "指纹": 4, "免密": 1, "不仅仅": 2, "银行卡": 1, "信用卡": 5, "小区": 1, "门禁卡": 1, "公交卡": 2, "宾馆": 1, "开门卡": 1, "都": 33, "丢": 1, "家里": 1, "机": 1, "在手": 2, "走遍": 1, "天下": 2, "身份证": 5, "信息": 7, "出门": 1, "在外": 1, "携带": 3, "eID": 3, "公民": 1, "网络": 18, "电子": 5, "身份": 3, "标识": 1, "联合": 2, "部门": 6, "载入": 1, "大部分": 6, "旗下": 2, "型号": 1, "荣耀": 14, "线上": 1, "线下": 1, "认证": 2, "品牌": 1, "连锁": 2, "酒店": 1, "忘记": 1, "办理": 1, "入住": 1, "粗心大意": 1, "网友们": 2, "毕竟": 2, "丢失": 3, "很": 23, "麻烦": 1, "不法": 1, "分子": 1, "捡到": 2, "利用": 2, "后果": 1, "不堪设想": 1, "地方": 1, "不用": 2, "性能": 2, "泄露": 2, "隐私": 2, "消费者": 7, "担忧": 2, "小编": 5, "担心": 1, "过程": 2, "严谨": 1, "才": 4, "本人": 1, "输入": 1, "银行": 3, "发给": 1, "验证码": 1, "密码": 1, "局限性": 1, "类似": 3, "人事": 1, "这项": 2, "朋友": 2, "电影": 1, "电影院": 2, "带": 1, "售票": 1, "人员": 2, "解释": 5, "半天": 1, "售票员": 1, "拒绝": 1, "尝试": 1, "无奈": 1, "之下": 1, "只好": 1, "方式": 10, "原价": 1, "购买": 1, "电影票": 1, "感觉": 1, "评论区": 1, "留言": 1, "讨论": 2, "2019年": 7, "3月": 2, "7日": 1, "正式": 1, "起诉": 1, "美国": 30, "政府": 16, "指控": 1, "国会": 1, "立法": 1, "惩罚": 1, "违背": 1, "宪法": 5, "妨碍": 1, "参与": 10, "公平": 1, "竞争": 2, "最终": 6, "伤害": 1, "法院": 1, "做出": 2, "有益": 1, "正确": 2, "今日": 1, "53": 1, "到底": 2, "新闻": 1, "4日": 1, "瑞士": 4, "运营商": 5, "Sunrise": 3, "采用": 6, "5G端": 2, "端": 3, "产品": 10, "终端": 5, "领先": 2, "为首": 2, "用户": 3, "提供": 5, "固定": 1, "接入": 2, "FWA": 2, "服务": 5, "率先": 1, "住宅": 1, "无需": 1, "光纤": 1, "连接": 3, "即可": 1, "高速": 1, "互联网": 3, "计划": 18, "推出": 2, "带宽": 1, "电视": 2, "套餐": 1, "18日": 2, "首相": 6, "Mate": 2, "X手机": 2, "打通": 2, "马来西亚": 6, "视频": 3, "电话": 2, "敦马哈蒂尔": 2, "25日": 5, "参观": 3, "北京": 3, "研究所": 1, "智真": 1, "会议": 2, "现场": 1, "连线": 1, "位于": 1, "4300": 1, "公里": 1, "办公室": 1, "培训": 2, "未来": 5, "种子": 2, "学生": 1, "交流": 2, "创始人": 3, "任正非": 22, "迎接": 1, "通信部": 1, "举办": 1, "Showcase": 1, "ICT": 5, "能力": 5, "履行": 2, "社会": 3, "责任": 4, "选送": 1, "76": 1, "优秀": 2, "大学生": 1, "赴": 1, "参加": 4, "活动": 22, "乌兹别克斯坦": 3, "认可": 3, "人工": 2, "智能": 13, "总统": 4, "米尔济约耶夫": 1, "解决": 5, "方案": 2, "实施": 1, "平安": 4, "城市": 2, "项目": 2, "人才": 1, "领域": 6, "俄罗斯": 5, "塔商": 3, "签署": 3, "Site": 1, "Cloud": 1, "MoU": 3, "简": 1, "站点": 2, "论坛": 3, "首站": 1, "—": 1, "设施": 3, "生态": 1, "期间": 1, "华为欧亚": 1, "地区": 2, "方案部": 1, "副总裁": 1, "卢力勃": 1, "代表": 18, "Service": 1, "Telecom": 2, "Prime": 1, "灯杆": 1, "伙伴": 4, "Vitrulux": 1, "构建": 1, "联盟": 1, "市政": 2, "详细": 1, "阐述": 2, "资源": 4, "开放": 4, "简化": 1, "获取": 2, "流程": 1, "策略": 1, "进一步": 3, "激活": 1, "公众": 1, "共享": 1, "降低": 3, "产业": 2, "重复": 1, "快速": 4, "部署": 2, "27日": 2, "捷克": 4, "建设": 6, "捷克共和国": 1, "米洛什·泽曼": 1, "会谈": 1, "表达": 2, "反对": 2, "经济化": 1, "进程": 1, "泽曼": 2, "行业": 6, "领先者": 1, "尤其是": 1, "打击": 1, "发展": 13, "打压": 3, "实质性": 1, "影响": 17, "各国": 1, "有条不紊": 1, "3月底": 1, "签订": 1, "7万多": 1, "发": 2, "世界各地": 1, "接受": 6, "CNN": 1, "采访": 8, "兴奋": 1, "成长": 4, "开启": 2, "规模": 1, "迎来": 2, "历史性": 1, "机遇": 1, "福布斯": 2, "富豪榜": 2, "胡润": 1, "百富榜": 1, "发布": 3, "都会": 3, "熟悉": 2, "名字": 2, "马化腾": 3, "马云": 2, "许家印": 1, "身价": 4, "首富": 2, "138亿": 1, "富豪": 2, "身影": 2, "集团": 21, "有目共睹": 1, "总营": 1, "收超": 1, "7000多": 1, "亿": 1, "高达": 3, "593亿": 1, "不管是": 1, "程度": 1, "上涨": 3, "30亿": 1, "人口": 1, "遍地开花": 1, "覆盖": 1, "170": 1, "员工": 123, "18.8万": 1, "稳健": 1, "格力": 6, "电器": 7, "董明珠": 3, "称赞": 1, "欣赏": 1, "人物": 1, "公开": 6, "看齐": 1, "三分之一": 1, "紧跟": 1, "步伐": 1, "攀登": 1, "高峰": 2, "一手": 1, "辛苦": 1, "创立": 1, "股权": 14, "制度": 6, "狼性": 1, "文化": 1, "提到": 9, "上市": 16, "仅仅": 2, "1.01%": 2, "剩余": 3, "98.99%": 1, "股份": 13, "股东": 21, "占有": 1, "也就是说": 1, "建立": 3, "长远发展": 3, "持股": 80, "财富": 2, "增值": 1, "股价": 1, "放弃": 1, "工作": 8, "拥有": 6, "体制": 2, "大权": 1, "牢牢": 1, "手中": 1, "业内": 1, "人士": 2, "透露": 1, "愚公": 1, "比例": 4, "分红": 2, "几亿": 1, "心胸": 1, "一向": 1, "宽广": 1, "百年": 1, "难": 1, "例外": 1, "101年": 1, "倒下": 1, "只能": 1, "完善": 1, "来源": 3, "动力": 1, "网华": 1, "一季度": 4, "业绩": 6, "同比": 5, "39％": 2, "亮眼": 1, "贡献": 3, "首当其冲": 1, "全年": 2, "有望": 8, "冲击": 1, "布局": 1, "产业链": 4, "具备": 2, "量价": 5, "齐升": 5, "环节": 2, "静待": 1, "开花": 1, "事件": 3, "22日": 1, "季度": 2, "经营": 8, "销售": 4, "1797亿": 1, "净利": 1, "润率": 1, "8％": 1, "略": 1, "发货量": 1, "5900万": 1, "台": 5, "接近": 3, "4千万": 1, "50％": 1, "回看": 1, "出货量": 4, "2.06亿": 1, "位居": 1, "第三": 10, "近期": 5, "余承东": 1, "含": 1, "预计": 6, "2.5-2.6亿": 1, "暴增": 1, "努力": 8, "国人": 1, "贸易战": 1, "摄像": 1, "国内": 6, "售价": 1, "便宜": 2, "值得一提的是": 1, "P30": 4, "P30一": 1, "海外": 1, "预估": 1, "销量": 2, "300万": 1, "有限": 7, "重点": 5, "二季度": 2, "11日": 1, "日均": 1, "10万": 1, "内部": 15, "备货": 1, "600万": 1, "预定": 1, "追加": 1, "订单": 4, "沟通": 1, "系列": 4, "早期": 5, "规划": 1, "2000万": 1, "2500万": 1, "P20": 1, "1700万": 2, "高端": 1, "预期": 3, "带动": 2, "反转": 1, "核心": 6, "供应商": 7, "梳理": 1, "选取": 1, "受益": 5, "确定性": 1, "高且": 1, "逻辑": 2, "1": 2, "集成": 1, "电路": 1, "封测": 1, "士兰": 1, "长电": 1, "太极": 1, "实业": 1, "通富": 1, "微电": 1, "模切": 1, "精密": 2, "结构件": 1, "飞荣达": 1, "领益": 1, "智造": 1, "安洁": 1, "劲胜": 1, "长盈": 1, "3": 2, "液晶": 1, "面板": 1, "京东方": 1, "天马": 1, "A": 1, "星星": 1, "蓝思": 1, "合力": 1, "泰": 1, "4": 2, "识别": 1, "华天": 1, "汇顶": 1, "欧菲": 2, "5": 2, "声学": 1, "器件": 3, "歌尔": 1, "6": 2, "电池": 4, "模块": 2, "德赛": 1, "欣旺达": 1, "7": 10, "摄像头": 6, "8": 3, "动元": 1, "顺络": 3, "麦捷": 1, "艾华": 1, "9": 5, "天线": 4, "滤波器": 2, "信维": 1, "通信": 2, "Pro": 1, "轮": 1, "四": 1, "摄": 3, "+": 4, "潜望式": 1, "持续": 7, "硬件": 2, "笔记本": 3, "平板": 2, "电脑": 1, "AR": 1, "眼镜": 1, "汽车": 4, "自动": 3, "驾驶": 2, "看好": 4, "欧菲光": 2, "上下游": 1, "整合": 2, "拓宽": 1, "护城河": 1, "市占率": 4, "盈利": 1, "中长期": 1, "上游": 1, "镜头": 5, "VCM": 2, "滤光片": 1, "关键": 1, "零部件": 1, "算法": 2, "CMOS": 1, "Sony/OV/": 1, "深度": 2, "思考": 1, "光学": 2, "地位": 1, "模组": 1, "产能": 1, "扩张": 1, "有序": 1, "推进": 1, "下游": 1, "集中化": 1, "18": 1, "富士": 1, "胶片": 1, "子公司": 4, "收购": 1, "制造": 1, "设计": 2, "优势": 2, "跻身": 1, "车载": 1, "主流": 3, "3D": 2, "品类": 1, "发力": 1, "结构": 5, "改善": 1, "ASP": 1, "毛利率": 1, "水平": 1, "射频": 7, "渐行渐近": 1, "耳机": 1, "手表": 1, "数量": 3, "增加": 5, "元件": 2, "增多": 2, "变化": 2, "电连": 2, "短期": 1, "导致": 1, "同轴": 2, "线缆": 2, "连接器": 3, "需求": 4, "价格": 4, "止跌": 1, "长期": 1, "LCP": 1, "MPI": 1, "软板": 1, "BTB": 1, "配套": 5, "升级": 1, "享受": 1, "红利": 1, "被动": 1, "电感": 6, "变压器": 1, "叠加": 1, "进口": 1, "替代": 2, "主业": 1, "单机": 2, "小型化": 1, "频化": 1, "耐大": 1, "电流": 1, "模块化": 1, "自动化": 1, "趋势": 2, "2G": 1, "3G": 3, "→": 1, "4G": 1, "使用量": 1, "频段": 1, "前端": 1, "芯片": 2, "数目": 1, "功率": 1, "放大": 1, "大幅": 2, "新型": 1, "0201": 1, "单价": 2, "0402": 1, "01005": 1, "客户": 7, "突破": 1, "聚焦": 1, "充电": 1, "价值": 5, "细分": 1, "二者": 1, "市场": 7, "空间": 1, "广阔": 1, "壁垒": 1, "ODM/EMS": 1, "厂商": 1, "EMS": 3, "全时": 1, "Matebook": 1, "E": 1, "热销": 1, "电脑端": 1, "光弘": 8, "闻泰": 1, "半导体": 1, "展开": 1, "台数": 1, "2018": 2, "年底": 1, "ODM": 2, "政策": 2, "2019": 4, "间接": 1, "品控": 1, "交付": 1, "助力": 1, "承接": 1, "优化": 1, "旗舰机": 1, "富士康": 1, "伟创力": 1, "头部": 1, "客户市": 1, "占率": 1, "Q1": 5, "预告": 1, "归母": 3, "7800": 1, "万-8400万": 1, "261.56％-289.37％": 1, "经常性": 1, "损益": 1, "靓丽": 1, "大超": 1, "历来": 1, "淡季": 1, "春节": 1, "因素": 1, "扰动": 1, "若取": 1, "中值": 1, "8100": 1, "万元": 1, "Q3": 1, "Q4": 1, "旺季": 1, "90％": 1, "作用": 2, "出货": 2, "大概率": 1, "延续": 1, "参考": 1, "消息网": 1, "29日": 1, "特雷莎·梅": 1, "主席": 3, "英国": 59, "国家": 14, "委员会": 59, "近来": 1, "采纳": 1, "建议": 1, "非核心": 2, "段": 1, "威胁": 1, "噪音": 1, "甚嚣尘上": 1, "封杀": 2, "大肆": 1, "散布": 1, "设备": 12, "危害": 1, "谬论": 1, "到处": 2, "游说": 1, "威逼": 1, "拒": 1, "马首是瞻": 1, "绿灯": 1, "究竟": 1, "考量": 1, "监管": 4, "2001年": 3, "开设": 1, "办事处": 1, "十多": 1, "2010年": 1, "电信": 3, "伦敦": 1, "设立": 5, "评估": 2, "此后": 1, "机构": 14, "检测": 1, "公开源": 1, "代码": 1, "特意": 1, "首席": 3, "执行官": 1, "担任": 1, "监管会": 1, "顾问": 1, "提交": 1, "年度": 3, "报告": 7, "关切": 3, "指出": 4, "安装": 1, "便于": 1, "窃取": 1, "后门": 1, "恶意": 1, "事实": 4, "胜于": 1, "雄辩": 1, "赢得": 1, "信任": 2, "软件": 1, "安全性": 1, "官员": 1, "缺陷": 1, "难以": 1, "别国": 1, "专有": 1, "爱立信": 1, "诺基亚": 1, "英方": 1, "承诺": 1, "斥资": 1, "20多亿": 1, "很快": 1, "启动": 1, "指": 4, "接入网": 1, "传输网": 1, "边缘": 1, "专家": 1, "传输": 1, "用来": 2, "解读": 1, "加密": 1, "无可": 1, "称为": 1, "排除": 3, "花": 3, "资金": 6, "更换": 1, "现有": 1, "拖延": 1, "半": 1, "测算": 1, "推延": 1, "68亿": 1, "英镑": 1, "经济": 3, "损失": 2, "走": 1, "前列": 1, "宏图": 1, "落空": 1, "国际": 3, "前景": 1, "耽误": 1, "拥抱": 1, "有助于": 1, "英": 2, "经贸": 2, "关系": 17, "时机": 1, "玩味": 1, "财政": 1, "大臣": 1, "菲利普·哈蒙德": 1, "到访": 1, "一带": 1, "一路": 1, "哈蒙德": 1, "访华": 1, "使命": 1, "深陷": 1, "脱欧": 1, "泥潭": 1, "形势": 1, "不可或缺": 1, "潜力": 1, "不得不": 1, "格外": 1, "重视": 1, "日本": 1, "贸易": 1, "协议": 1, "谈判": 1, "碰壁": 1, "愈发": 1, "看重": 2, "此举": 1, "坚定": 1, "作出": 1, "信心": 1, "2012年": 1, "访": 1, "时任": 1, "卡梅伦": 1, "会面": 1, "新增": 1, "15亿": 1, "欧元": 1, "采购": 1, "如今": 1, "千": 1, "三分之二": 1, "本地人": 1, "ARM": 1, "资助": 1, "顶住": 1, "压力": 5, "猜测": 2, "依据": 3, "值得": 1, "点赞": 1, "遭受": 1, "挫折": 1, "澳大利亚": 1, "新西兰": 1, "感到": 1, "当年": 1, "亚投行": 1, "举措": 1, "示范": 1, "效应": 1, "推动": 1, "犹豫不决": 1, "盟友": 3, "下决心": 1, "同华": 1, "模式": 1, "大有": 1, "参照": 1, "开绿灯": 1, "符合": 1, "利益": 8, "理性": 1, "务实主义": 1, "胜利": 1, "意味着": 2, "一边倒": 1, "建造": 1, "敏感性": 1, "用于": 4, "存储": 1, "核心网": 2, "禁区": 1, "依旧": 1, "视为": 1, "风险": 5, "供货商": 1, "摆脱": 1, "地缘": 1, "政治": 1, "桎梏": 1, "实行": 1, "内外有别": 1, "提出": 1, "严厉": 1, "措施": 1, "恼火": 1, "我国": 1, "情报": 2, "处于": 1, "危险": 1, "境地": 1, "不乏": 1, "怀疑": 3, "声音": 1, "国内外": 1, "强大": 1, "态度": 1, "生变": 1, "可能性": 1, "特朗普": 1, "发誓": 1, "背景": 2, "肯定": 3, "围堵": 1, "停歇": 1, "无所不用其极": 1, "据称": 1, "下月": 1, "上旬": 1, "布拉格": 1, "施压": 1, "抵制": 1, "预见": 1, "走向": 1, "不少": 1, "磨砺": 1, "小明": 1, "作者": 2, "常驻": 1, "日内瓦": 1, "联合国": 1, "代表团": 1, "副代表": 1, "驻": 1, "大使馆": 1, "公使衔": 1, "参赞": 1, "言论": 2, "观点": 1, "本网": 1, "立场": 1, "资料": 1, "图片": 1, "路透社": 2, "教授": 3, "以此": 1, "篇": 3, "激起": 1, "控制权": 1, "董事会": 5, "秘书江": 1, "西生": 3, "深圳": 9, "外媒": 1, "回应": 3, "治理": 11, "机制": 7, "江西生": 18, "9万多": 4, "工会": 169, "持有": 12, "100%": 4, "外部": 7, "或者是": 2, "国有": 11, "资本": 11, "债券": 3, "发行": 2, "香港": 2, "国外": 5, "发债": 3, "贷款": 2, "境外": 2, "70%": 2, "江": 3, "否认": 2, "合约": 2, "利润": 13, "分配": 15, "交": 2, "钱": 5, "进来": 4, "承担": 4, "减值": 4, "还要": 2, "选举": 14, "行使": 11, "权力": 15, "分享": 12, "判断": 2, "予以": 1, "公司法": 4, "深圳市": 13, "管理": 24, "运作": 12, "日常": 3, "财务": 3, "清算": 8, "安排": 2, "意义": 5, "独立": 8, "破产": 7, "就要": 2, "分给": 3, "上级": 8, "错": 3, "资产": 7, "登记": 21, "否决权": 13, "确实": 9, "事项": 6, "否决": 2, "决定权": 3, "思想": 5, "哲学": 3, "人数": 5, "远远": 2, "办法": 3, "平台": 6, "法律": 12, "市政府": 2, "颁布": 2, "情况": 16, "许许多多": 2, "控股": 15, "透明化": 5, "这几年": 2, "尽量": 2, "披露": 3, "真实": 6, "面临": 2, "一句话": 2, "永远": 2, "唤醒": 2, "装睡": 2, "东西": 3, "听": 2, "包括": 16, "媒体": 9, "透明": 4, "秘书": 1, "总部": 1, "记者": 13, "心声": 1, "社区": 1, "截取": 1, "全文": 1, "朋友们": 2, "早上": 1, "！": 11, "问候线": 1, "分钟": 1, "介绍": 2, "所有权": 3, "概貌": 1, "感谢": 1, "写": 1, "机会": 1, "这是": 7, "30年": 1, "PPT": 2, "年报": 2, "摘录": 1, "控制": 4, "三十": 2, "独立性": 2, "坚守": 1, "一二十年": 1, "房地产": 2, "赚钱": 1, "风口": 1, "风": 1, "2000年": 1, "小灵通": 1, "一分钱": 1, "掏钱": 2, "损害": 2, "一点": 4, "促使": 1, "监督": 2, "同事": 1, "领导": 1, "来讲": 3, "容忍": 1, "惰怠": 1, "腐败": 1, "合规": 1, "运营": 2, "天然": 1, "监督者": 1, "组织": 14, "载体": 5, "相互": 3, "名词": 1, "代表会": 16, "注册": 2, "指派": 1, "成员": 14, "权利": 3, "股": 6, "票": 6, "115": 3, "讲": 7, "职责": 7, "维护": 1, "合法": 1, "权益": 2, "协调": 2, "劳动": 1, "关心": 2, "生活": 4, "困难": 3, "遵循": 2, "工会法": 3, "薪酬": 1, "缴付": 1, "一部分": 8, "结余": 1, "处置": 1, "义务": 1, "进工会": 1, "投": 1, "亏损": 2, "股票": 9, "网上": 2, "不实": 1, "前段": 1, "说法": 1, "评论": 1, "属性": 1, "不对": 2, "讲话": 3, "故事": 1, "前些年": 1, "有名": 1, "水缸": 3, "白色": 1, "搪瓷": 1, "每次": 1, "开会": 2, "总人": 1, "走到": 2, "近些年": 1, "咖啡厅": 1, "水": 1, "提前": 1, "内容": 2, "金融": 2, "时报": 5, "细节": 1, "想": 4, "问江": 1, "老师": 1, "天眼查": 1, "记录": 1, "1%": 1, "剩下": 1, "99%": 2, "区别": 1, "几万": 1, "拥有者": 3, "法人": 4, "基层": 5, "文件": 3, "概念": 2, "混用": 1, "区分": 2, "一般来讲": 1, "时有": 1, "股份公司": 3, "无论是": 1, "改为": 3, "做法": 1, "万科": 1, "联想": 1, "综合": 1, "职能": 3, "纽约": 3, "刚才": 10, "之间": 9, "偏向": 1, "法规": 2, "扮演": 1, "角色": 2, "谢谢": 2, "CNBC": 2, "学者": 1, "虚拟": 7, "性质": 1, "定价": 1, "交易": 2, "真的": 3, "享有": 1, "留": 1, "虚拟股": 3, "KPMG": 3, "审计": 1, "每股": 1, "净": 1, "刨": 1, "转让": 2, "申请": 2, "回购": 3, "离开": 2, "条件": 2, "保留": 1, "经济学人": 1, "向上": 1, "负责": 2, "开来": 1, "基本上": 1, "相近": 1, "名义": 4, "一块": 1, "分离": 2, "业余": 3, "篮球": 1, "协会": 6, "羽毛球": 1, "乒乓球": 1, "跑步": 1, "摄影": 1, "爱好": 1, "南华": 2, "早报": 2, "讲到": 1, "有没有": 2, "章程": 10, "增资": 1, "调整": 1, "修订": 1, "董事": 2, "监事": 2, "候选人": 1, "提名": 1, "轻易": 1, "监事会": 3, "相互之间": 1, "制衡": 1, "力气": 1, "精力": 1, "三年": 2, "探讨": 1, "吸收": 1, "古今中外": 1, "业界": 1, "家族": 1, "政党": 1, "经验": 1, "制定": 1, "稳定性": 1, "惊讶": 1, "认同": 1, "两百多": 3, "27": 1, "修正案": 1, "难得": 1, "可贵": 1, "稳定": 1, "也许": 2, "正是": 1, "工商": 1, "代持": 1, "带有": 1, "字": 1, "职权": 1, "混淆": 1, "困惑": 1, "离职": 3, "事情": 3, "工商局": 2, "股会": 1, "搞": 2, "社团": 1, "民政": 2, "为难": 1, "不行": 3, "告诉": 1, "最多": 1, "几百": 2, "层层": 1, "太": 5, "成本": 2, "用工会": 1, "理解": 2, "可行": 1, "45": 1, "周岁": 1, "下午": 2, "展厅": 1, "全国": 2, "总工会": 2, "下属": 1, "工资": 2, "2%": 1, "缴": 2, "往上": 1, "审查": 2, "管理层": 2, "委员": 7, "选": 2, "开发": 1, "布会": 1, "政治家": 1, "疑问": 1, "宏观": 1, "想法": 2, "计提": 1, "上交": 2, "工交": 2, "资格": 3, "证书": 1, "发放": 1, "年审": 2, "汇报": 2, "提": 1, "推选": 2, "七": 2, "尹绪全": 1, "李": 2, "今歌": 2, "吕克": 1, "史": 1, "延丽": 1, "吴": 1, "钦明": 1, "田峰": 1, "曹": 1, "轶": 1, "尹绪": 1, "副主席": 1, "曹轶": 1, "生协": 1, "提议": 2, "害羞": 1, "股权室": 1, "透明性": 1, "对外": 1, "系统化": 1, "转成": 1, "转换": 1, "一再": 1, "补充": 1, "改制": 1, "退出": 1, "交给": 1, "华尔街": 1, "日报": 1, "持有者": 1, "所有者": 1, "代表大会": 3, "共识": 1, "同意": 1, "110": 1, "财产": 1, "分配权": 1, "10": 1, "追问": 1, "娱乐性": 1, "18万": 3, "多久": 1, "直选": 1, "重合": 6, "可不可以": 1, "CIA": 1, "当中": 2, "债权": 2, "成分": 1, "会员": 2, "每人": 1, "娱乐": 1, "身体": 2, "锻炼": 2, "身心": 2, "健康": 2, "领导人": 1, "名单": 1, "这不": 2, "众所周知": 1, "这块": 1, "11": 1, "上缴": 1, "层面": 2, "分开": 3, "好像": 1, "说服": 1, "事务": 2, "关联": 1, "形式": 1, "决策": 1, "12": 1, "存在感": 1, "敌人": 3, "千千万": 1, "早": 1, "放": 1, "心上": 1, "恐怕": 1, "V20": 12, "恨": 1, "红米": 1, "发布会": 2, "雷军": 1, "揪": 1, "骂": 1, "科普": 1, "缺点": 3, "实际上": 1, "实力": 2, "雷总": 1, "厚骂": 1, "小米9": 1, "越来越": 2, "两千": 1, "三千": 1, "档位": 1, "新机": 1, "先驱者": 1, "遗忘": 1, "官方": 1, "再度": 1, "注入": 1, "活力": 3, "旗舰": 2, "下调": 1, "官方价": 1, "2799": 1, "第三方": 1, "商家": 1, "来到": 1, "2600": 1, "小9足足": 1, "四百": 1, "块": 1, "方舟": 1, "编译器": 1, "层级": 1, "体验": 2, "更上一层楼": 1, "对手": 1, "本身": 1, "配置": 1, "差": 1, "顶配": 1, "处理器": 1, "搭载": 1, "麒麟980": 1, "6G": 1, "128G": 1, "起步": 1, "机身": 1, "内存": 1, "组合": 1, "后置": 2, "4800万": 1, "像素": 1, "TOF": 1, "配合": 1, "独有": 1, "Turbo加成": 1, "拍照": 1, "强悍": 1, "价位": 1, "一流": 1, "水准": 1, "劣势": 1, "容量": 1, "4000": 1, "毫安": 1, "足以": 1, "支撑": 1, "长": 1, "续航": 1, "外观": 1, "配备": 1, "钻孔屏": 1, "潮流": 1, "全面屏": 1, "挖": 1, "孔": 2, "屏": 1, "盲孔": 1, "屏开": 1, "视觉": 1, "美感": 1, "破坏": 1, "背面": 1, "双V": 1, "造型": 1, "亮点": 1, "所在": 1, "王腾": 1, "说不过去": 1, "小智": 1, "挺": 1, "划算": 1}