{"记者": 12, "：": 34, "李彪": 1, "编辑": 2, "陈旭": 1, "人才": 38, "刚": 1, "毕业": 2, "百万": 5, "年薪": 21, "抢走": 1, "7月": 6, "23日": 5, "份": 6, "华为": 148, "总裁": 7, "签发": 5, "邮件": 19, "引发": 2, "社会": 1, "热议": 1, "电邮": 4, "提出": 6, "8": 15, "2019": 16, "届": 14, "顶尖": 31, "学生": 18, "实行": 10, "年薪制": 22, "管理": 9, "薪酬": 8, "100万~200万": 1, "元": 9, "/": 12, "不等": 1, "钟钊": 10, "、": 80, "秦": 1, "博士": 32, "方案": 18, "182万~201万": 1, "并列": 1, "占据": 1, "毕业生": 8, "首位": 1, "图片": 2, "来源": 3, "新华社": 2, "钱": 2, "花": 1, "到底": 1, "值": 2, "查询": 2, "论文": 7, "摘要": 2, "发现": 5, "自动化": 8, "深度": 12, "神经": 14, "网络": 38, "结构": 19, "搜索": 8, "算法": 4, "常规": 2, "方法": 7, "相比": 2, "计算量": 2, "降低": 3, "千分之一": 2, "导师": 2, "中国": 12, "科学院": 3, "研究所": 4, "研究员": 1, "刘": 7, "成林": 5, "接受": 7, "每日": 5, "经济": 8, "新闻": 9, "采访": 5, "研究": 14, "人工": 8, "智能": 4, "自动": 3, "学习": 6, "领域": 13, "热门": 1, "国内": 5, "高校": 1, "相关": 6, "学者": 2, "透露": 9, "攻读": 1, "期间": 2, "成果": 4, "开出": 1, "求贤": 1, "21": 1, "世纪": 1, "贵": 1, "！": 1, "冯小刚": 1, "导演": 1, "电影": 1, "作品": 1, "天下无贼": 1, "葛": 1, "优": 1, "台词": 1, "奉为": 1, "经典": 1, "现实": 2, "戏剧": 1, "情节": 1, "并无二致": 1, "近日": 3, "电子": 3, "显示": 11, "公司": 25, "拟": 1, "招聘": 3, "名": 26, "博士生": 7, "制表": 1, "廖": 1, "丹华": 1, "指出": 2, "打赢": 5, "未来": 16, "技术": 36, "商业": 9, "战争": 7, "创新": 16, "双轮": 3, "驱动": 4, "核心": 7, "动力": 4, "世界": 18, "挥发": 2, "才智": 3, "组织": 9, "土壤": 5, "顶级": 9, "挑战": 9, "吸引": 5, "全世界": 8, "招进": 9, "20~30": 1, "天才": 17, "‘": 5, "少年": 16, "’": 5, "逐年": 2, "增加": 5, "调整": 6, "队伍": 8, "作战": 10, "能力": 9, "探索": 1, "领先": 5, "报出": 1, "高价": 1, "应届": 5, "简历": 1, "秦通": 3, "求证": 2, "工学": 1, "学位": 1, "设计": 11, "文摘": 1, "介绍": 4, "本文": 3, "特定": 1, "入手": 1, "修改": 1, "基础": 3, "针对": 5, "展开": 1, "贡献": 6, "中文": 1, "手写": 1, "字符": 1, "识别": 1, "模型": 2, "；": 12, "视觉": 4, "跟踪": 1, "决策": 2, "基于": 1, "强化": 1, "分块": 1, "思想": 1, "框架": 3, "快速": 2, "连接": 3, "完善": 1, "绝大部分": 1, "耗时": 1, "性能": 6, "评估": 1, "过程": 2, "实验": 1, "计算": 1, "消耗": 1, "CIFAR": 1, "数据": 6, "集上": 1, "仅仅": 1, "一块": 1, "显卡": 1, "运行": 1, "时间": 3, "竞争力": 4, "告诉": 2, "方向": 6, "上都": 1, "很": 8, "都": 18, "优秀": 10, "努力": 2, "稍": 2, "一点": 2, "在于": 7, "热": 1, "外面": 2, "企业": 4, "合作": 12, "一部分": 1, "这是": 6, "一个": 11, "刚刚": 3, "兴起": 1, "公开": 1, "资料": 1, "香港": 1, "科技": 5, "大学": 6, "机器人": 2, "IEEE": 1, "IROS": 1, "2018": 2, "最佳": 1, "奖": 1, "兴趣": 1, "包括": 4, "机器": 3, "SLAM": 1, "惯导": 2, "融合": 2, "传感器": 2, "定位": 4, "获奖": 2, "北京": 2, "人员": 3, "此次": 3, "名单": 4, "之中": 2, "李屹": 3, "数学": 2, "科学": 5, "学院": 3, "北京大学": 1, "网站": 2, "专业": 4, "建模": 1, "语言": 1, "软件": 4, "形式化": 1, "工作": 5, "业内": 2, "期刊": 1, "会议": 3, "发表": 1, "篇": 1, "校奖": 1, "国奖": 1, "2018年": 2, "5月": 1, "30日": 1, "研究生": 1, "学术": 1, "午餐会": 1, "主讲人": 1, "团队": 2, "开发": 3, "进展": 1, "该校": 1, "2018~2019": 1, "学年度": 1, "校长": 1, "奖学金": 4, "贾许亚": 5, "查阅": 1, "清华": 2, "计算机": 2, "有名": 1, "致电": 1, "电话": 1, "均": 3, "未": 7, "有人": 1, "接听": 1, "2016": 1, "年度": 3, "人民网": 3, "课题奖": 3, "获奖者": 1, "郭": 1, "泽华": 1, "吴": 1, "振未": 1, "Reducing": 1, "Balancing": 1, "Flow": 1, "Table": 1, "Entries": 1, "Soft": 1, "ware-Defined": 1, "Net": 1, "works": 3, "二等奖": 1, "2017": 1, "A": 1, "overhead": 1, "flow-holding": 1, "algorithm": 1, "soft": 1, "ware-defined": 1, "net": 2, "一等奖": 2, "Intelligent": 1, "path": 1, "control": 1, "energy-saving": 1, "hybrid": 1, "SDN": 1, "华尔街": 2, "见闻": 1, "ID": 1, "wallstreetcn": 1, "宇祥": 1, "文": 4, "观点": 1, "投资": 7, "建议": 1, "任正非": 22, "刷屏": 1, "高达": 3, "201万/年": 1, "最低": 1, "89.6万/年": 1, "01": 1, "201万": 5, "创始人": 3, "创": 1, "发挥": 4, "20-30": 7, "八": 3, "员工": 15, "学历": 1, "89.6万": 3, "封顶": 3, "02": 1, "想": 6, "全球": 9, "招": 3, "200-300": 4, "值得": 2, "早就": 1, "表态": 2, "招揽": 1, "如今": 3, "计划": 4, "施行": 1, "6月": 7, "27日": 2, "心声": 2, "社区": 2, "发布": 12, "20日": 2, "EMT": 3, "经营": 1, "分钟": 2, "讲话": 3, "提到": 5, "明年": 2, "泥鳅": 3, "钻活": 3, "激活": 3, "3-5年": 1, "焕然一新": 1, "换枪": 1, "换炮": 1, "场": 3, "03": 1, "反思": 2, "流失": 4, "重视": 1, "离职率": 4, "低": 2, "2月": 1, "14日": 1, "官网": 1, "内部": 2, "留": 2, "不住": 2, "署名": 1, "人力": 1, "资源": 1, "秘书处": 1, "5": 3, "累计": 3, "平均": 1, "21.8%": 1, "入职": 3, "长": 1, "2014年": 1, "4": 2, "57%": 1, "留在": 1, "担忧": 1, "特招": 2, "离职": 3, "情况": 4, "国家": 2, "重点": 3, "实验室": 1, "成功": 2, "项目": 1, "研发": 13, "实践": 1, "经验": 1, "院校": 1, "校招": 1, "内": 4, "领军": 1, "人物": 1, "下表": 1, "33%": 1, "42%": 1, "很难说": 1, "苗子": 1, "处于": 3, "状态": 3, "英雄无用武之地": 1, "肥力": 2, "因素": 1, "访谈": 1, "82": 1, "56": 1, "原因": 5, "岗位": 3, "技能": 1, "匹配": 1, "主管": 1, "弱": 1, "导致": 3, "受限": 1, "特有": 1, "优势": 5, "年内": 1, "满怀": 1, "激情": 1, "一次次": 1, "学无所用": 1, "心灰意冷": 1, "离去": 1, "04": 1, "观": 1, "强大": 1, "收入": 2, "500": 1, "凝聚": 1, "2016年": 1, "9月": 1, "CFO": 1, "女儿": 1, "孟晚舟": 3, "清华大学": 1, "演讲": 3, "人才观": 2, "英雄": 1, "出处": 1, "回报": 1, "胸怀": 2, "迎接": 1, "世界性": 1, "解决": 3, "难题": 1, "面对": 4, "提升": 5, "视野": 1, "平庸": 1, "安逸": 1, "缺乏": 2, "环境": 2, "虚度": 1, "光阴": 1, "坚韧": 1, "平实": 1, "不浮躁": 1, "急切": 1, "走向": 1, "期望": 1, "夜": 2, "暴富": 1, "一夜成名": 1, "心态": 2, "浮躁": 1, "ICT": 1, "行业": 10, "破坏力": 1, "提倡": 1, "工匠": 1, "精神": 1, "洞察": 1, "新知": 1, "变革": 2, "时代": 4, "惟一": 1, "不确定性": 1, "认知": 1, "理解": 1, "才能": 1, "驾御": 1, "拼": 2, "闯": 1, "听见": 1, "枪声": 1, "冲锋": 2, "年轻人": 2, "给予": 2, "机会": 2, "责任": 5, "成长": 1, "潜力": 1, "待遇": 2, "首战": 1, "必胜": 1, "精兵强将": 1, "第一": 3, "打开": 2, "边界": 3, "炸开": 1, "金字塔尖": 1, "传统": 5, "机械化": 1, "集团军": 1, "班长": 2, "架构": 2, "现代化": 1, "方式": 6, "转型": 1, "听": 1, "炮声": 1, "呼唤": 1, "炮火": 2, "能动性": 1, "半径": 1, "高效": 1, "支援": 1, "第二": 2, "跨越": 1, "循环": 1, "流动": 2, "点将": 1, "越来越": 3, "边缘": 1, "培养": 3, "跨界": 1, "机制": 1, "打破": 2, "界限": 2, "有序": 1, "跨岗": 1, "轮换": 1, "面向": 1, "字形": 1, "第三": 1, "突破": 4, "发展": 3, "导向": 1, "拼爹": 1, "拼妈": 1, "干部": 1, "选拔": 1, "年龄": 1, "资历": 1, "标准": 8, "考核": 1, "资排辈": 1, "价值": 3, "定薪": 1, "潜在": 1, "牛人": 1, "全文": 2, "感谢": 2, "阅读": 1, "CNMO": 1, "创造": 3, "领军者": 2, "水平": 1, "媒体": 2, "曝出": 1, "题目": 1, "通知": 3, "人为": 1, "图源": 1, "大体": 1, "上扫": 1, "一眼": 1, "列出": 1, "清一色": 1, "一共": 2, "人民币": 9, "早": 1, "2月份": 1, "关注": 2, "持续": 1, "沉淀": 1, "战略": 1, "早些时候": 1, "至少": 2, "700": 1, "数学家": 1, "800多": 1, "物理学家": 1, "120多": 1, "化学家": 1, "六七千": 1, "专家": 1, "6万多": 1, "高级": 1, "工程师": 2, "组合": 1, "观察者": 4, "网": 4, "王慧": 1, "英国": 33, "政府": 18, "5G": 88, "建设": 8, "推给": 1, "首相": 3, "美国": 19, "脸色": 1, "对此": 1, "反对党": 2, "工党": 2, "直言": 1, "冲突": 1, "劫持": 1, "跨大西洋": 2, "地缘": 2, "政治": 2, "人质": 2, "事实上": 3, "四": 1, "电信": 6, "运营商": 9, "早已": 1, "做出": 6, "最终": 3, "抢先": 3, "本国": 1, "推迟": 4, "副总裁": 2, "建岗": 1, "Victor": 1, "Zhang": 1, "称": 7, "排除": 4, "损失": 3, "70亿": 3, "英镑": 3, "昂贵": 2, "卫报": 2, "报道": 6, "截图": 4, "明智": 2, "毫无": 2, "负": 2, "广播": 1, "BBC": 4, "22日": 6, "消息": 3, "文化": 1, "大臣": 1, "杰里米·怀特": 1, "Jeremy": 1, "Wright": 1, "公布": 2, "供应链": 2, "审查": 2, "参与": 5, "重任": 1, "落到": 1, "身上": 2, "怀特": 2, "下议院": 1, "尽快": 2, "一大": 2, "产品": 8, "可用性": 1, "可信性": 1, "深远": 1, "影响": 4, "市场": 2, "考量": 1, "在内": 2, "副": 1, "党魁沃特森": 1, "Tom": 1, "Watson": 1, "称之为": 1, "混乱": 2, "意味着": 2, "公众": 2, "信心": 2, "出于": 1, "禁止": 1, "目标": 5, "2027年": 1, "全国": 2, "大部分": 1, "地区": 2, "推广": 1, "B计划": 1, "沃特森": 1, "封杀": 1, "挟持": 1, "这次": 2, "服务": 3, "领导者": 1, "张建岗": 1, "推出": 3, "运营": 4, "18年": 1, "致力于": 1, "支持": 12, "BT": 1, "EE": 4, "沃达丰": 3, "伙伴": 1, "可靠": 1, "证据": 1, "在外": 1, "拥有": 2, "设备": 6, "都会": 3, "面临": 1, "价格": 2, "上涨": 1, "26日": 2, "上海": 1, "MWC2019": 1, "通信": 3, "大会": 2, "联通": 2, "展台": 1, "手机": 36, "网速": 1, "测试": 2, "@": 1, "IC": 1, "Photo": 1, "议会": 3, "情报": 2, "委员会": 2, "19日": 1, "供应商": 3, "声明": 3, "提醒": 1, "判断": 1, "角度": 2, "表达": 2, "重要性": 1, "三": 6, "供货商": 3, "过度": 1, "依赖": 1, "单一": 1, "陈旧": 1, "提高": 4, "系统": 11, "安全性": 1, "叹服": 1, "一家": 2, "杰出": 1, "卓越": 1, "成就": 1, "带来": 6, "竞争": 6, "缺少": 2, "期盼": 2, "驻": 1, "英": 1, "大使": 2, "刘晓明": 1, "本月": 1, "拒绝": 1, "错失": 1, "机遇": 1, "再次": 1, "后门": 1, "很多": 2, "措施": 1, "互利": 1, "监听": 1, "运营商们": 3, "耐心": 2, "压力": 2, "迟迟": 1, "坐": 1, "纷纷": 1, "O2": 2, "Three": 2, "6日": 2, "7": 2, "城市": 2, "6": 4, "签订": 1, "合同": 2, "数百": 1, "站点": 1, "非核心": 1, "无线": 1, "通讯": 1, "无线电": 1, "当中": 1, "相当于": 1, "赌博": 1, "禁用": 1, "成本": 5, "水漂": 1, "确定性": 1, "件": 2, "段": 1, "上任": 1, "马上": 1, "优先": 1, "独家": 1, "稿件": 1, "未经": 1, "授权": 1, "转载": 1, "2019年": 2, "2020年": 1, "068": 1, "号": 1, "低限": 1, "众所周之": 1, "打压": 1, "时期": 1, "说法": 1, "战时": 1, "拖": 2, "往前": 2, "走": 3, "做成": 2, "先进": 2, "别人": 2, "靠拢": 2, "为此": 1, "体系": 1, "条条框框": 1, "所有人": 1, "聪明才智": 1, "英勇": 1, "向前": 1, "背景": 1, "启动": 1, "目的": 2, "1": 1, "钟": 1, "钊": 1, "182-201万": 2, "3": 2, "李": 1, "屹": 1, "140.5-156.5万": 2, "高扬": 1, "贾": 1, "许亚": 1, "89.6-100.8万": 4, "民币": 1, "王": 1, "承珂": 1, "林晗": 1, "何睿": 1, "工信部": 1, "正式": 6, "广电": 1, "发放": 1, "商用": 11, "牌照": 2, "宣告": 1, "我国": 2, "层面": 1, "略": 1, "预商": 1, "阶段": 1, "进程": 1, "提速": 1, "意义": 3, "首批": 1, "终于": 2, "进网": 3, "很快": 2, "上市": 6, "销售": 1, "抢发": 1, "厂商": 3, "宣称": 1, "关系": 2, "许可证": 2, "拿到": 1, "入场券": 1, "25日": 1, "Mate": 14, "X": 25, "终端": 5, "唯一": 3, "SA/NSA": 2, "模商": 1, "首款": 5, "5G/4G": 2, "卡": 6, "双待": 5, "款": 8, "顶": 1, "诸多": 1, "光环": 1, "才": 2, "见面": 1, "消费者": 4, "业务": 4, "CEO": 1, "余承东": 2, "8月份": 1, "体验": 3, "意外": 1, "届时": 1, "该机": 1, "日期": 1, "售价": 1, "系列": 6, "关键": 1, "信息": 1, "业界": 2, "非凡": 1, "众所周知": 1, "分为": 1, "NSA": 9, "组网": 7, "SA": 5, "双模": 4, "后者": 1, "区别": 1, "简单": 3, "独立": 2, "(": 3, "Standalone": 1, "是非": 1, "Non-Standalone": 1, "商会": 2, "采用": 9, "4G": 5, "共用": 1, "核心网": 1, "节省": 1, "缺点": 1, "延时": 1, "特性": 2, "耗电": 1, "推进": 1, "建网": 1, "初期": 3, "演进": 1, "放眼": 1, "产业": 2, "依据": 1, "本地": 1, "主流": 2, "并行": 1, "趋势": 1, "无论是": 1, "用户": 2, "需求": 1, "硬件": 3, "据悉": 1, "升级": 1, "即可": 2, "高阶": 1, "SA组网": 1, "平滑": 1, "过渡": 1, "省去": 1, "换机": 2, "麻烦": 1, "节约": 1, "即将": 1, "好处": 1, "现阶段": 1, "长久": 1, "模": 2, "4G/5G": 1, "双卡": 3, "标配": 1, "想要": 1, "难": 2, "卡下": 1, "Modem": 1, "控制": 2, "逻辑": 1, "率先": 2, "现有": 1, "条件": 1, "程度": 1, "便捷": 1, "不至于": 1, "回到": 1, "单卡": 1, "笔者": 1, "强悍": 2, "体现": 1, "长久以来": 1, "投入": 5, "积淀": 1, "资金": 1, "10%": 1, "15%": 1, "超过": 9, "4850亿": 1, "去年": 3, "1015亿": 1, "位列": 1, "第五": 1, "年底": 1, "20亿": 2, "美元": 8, "数字": 1, "欧": 1, "总和": 1, "专利": 4, "致力": 1, "3GPP": 1, "提案": 1, "18000": 1, "专利族": 1, "占比": 1, "20%": 1, "5G商": 1, "50": 1, "基站": 1, "发货": 1, "15万": 1, "台": 2, "位置": 1, "芯片": 7, "搭载": 3, "7nm": 5, "巴龙": 2, "5000": 2, "SoC": 1, "麒麟980": 1, "得益": 2, "体积": 1, "集成度": 1, "具备": 1, "兼容": 1, "3G": 1, "2G": 1, "多种": 1, "制式": 1, "麒麟": 11, "980": 2, "双核": 1, "NPU": 3, "端侧": 1, "AI算力": 1, "AI": 2, "场景": 3, "从容": 1, "应对": 1, "元年": 1, "风口": 1, "激烈": 1, "做好": 1, "占领": 1, "高地": 1, "不仅仅": 1, "集合": 1, "压倒性": 1, "来到": 1, "面前": 1, "背后": 1, "产品力": 1, "后续": 1, "提供": 1, "参考": 1, "标尺": 1, "树立": 1, "全新": 1, "标杆": 1, "流传": 1, "封": 1, "往后": 1, "制定": 1, "正文": 1, "写道": 1, "IT": 1, "鲜见": 1, "竟然": 1, "荔枝": 3, "多方": 1, "确认": 2, "内容": 1, "属实": 1, "官方": 2, "表述": 1, "披露": 2, "或许": 1, "吸引力": 1, "全员": 1, "200万": 1, "排": 1, "队列": 1, "求职": 1, "Glassdoor": 1, "2017年": 1, "薪资": 1, "报告": 3, "Google": 1, "中位数": 3, "155,250": 1, "微软": 1, "144,000": 1, "Facebook": 1, "155,000": 1, "2.7": 2, "亿": 3, "相较": 1, "2.5": 1, "2000": 2, "禁令": 3, "风波": 1, "缓和": 1, "节骨眼": 1, "底气": 1, "Kantar": 1, "季度": 1, "销量": 3, "统计": 1, "合并": 1, "荣耀": 16, "Q2": 1, "份额": 1, "46.1%": 1, "性价比": 2, "出货": 2, "主力": 1, "便宜": 1, "畅玩": 1, "承载": 2, "出货量": 1, "担子": 1, "上一代": 1, "1600": 1, "发布会": 4, "赵明": 6, "预期": 1, "9": 8, "依然": 5, "卖点": 2, "这块": 1, "自研": 8, "制程": 2, "810": 6, "处理器": 4, "第四": 1, "苹果": 1, "A12": 1, "高通": 2, "骁龙": 6, "855": 3, "毫无疑问": 2, "旗舰": 2, "水准": 2, "参数": 1, "颗": 4, "2.27GHz": 1, "Cortex-A7": 1, "核": 4, "六": 1, "1.88GHz": 1, "Cortex-A55": 1, "比起": 1, "710": 2, "75%": 1, "40%": 1, "GPU": 2, "Mali-G52": 1, "定制": 1, "六核": 1, "能效": 1, "160%": 1, "达芬奇": 1, "跑分": 2, "26%": 1, "峰值": 1, "大哥": 1, "介于": 1, "845": 2, "之间": 1, "23": 1, "万多": 1, "970": 1, "730": 1, "835": 1, "距离": 2, "发热": 1, "功耗": 1, "一流": 1, "中端": 1, "竞争者": 1, "田忌赛马": 1, "打法": 2, "确实": 2, "时下": 1, "升降": 2, "屏": 2, "尝试": 1, "海水": 1, "滴": 1, "挖孔": 1, "滑盖": 1, "摄像头": 1, "升起": 1, "速度": 1, "屏幕": 4, "材质": 1, "LCD": 1, "指纹": 2, "侧面": 1, "电源键": 1, "二合一": 1, "保留": 2, "耳机": 1, "孔": 1, "背面": 1, "家族": 1, "典型": 1, "渐变色": 1, "幻影蓝": 1, "幻夜": 1, "黑": 1, "幻影": 1, "紫三": 1, "颜色": 1, "可选": 1, "拍照": 1, "标准版": 2, "Pro": 3, "版主": 1, "摄": 2, "4800": 1, "万像素": 2, "1/2": 1, "寸": 2, "面积": 1, "型号": 1, "索尼": 1, "IMX": 1, "582": 1, "夜景": 1, "命名": 1, "猫头鹰": 1, "RYYB": 1, "像素": 1, "排列": 1, "10": 1, "ISO": 2, "秀": 1, "肌肉": 1, "意味": 1, "浓些": 1, "只能": 1, "极端": 1, "用用": 1, "2199": 1, "起售": 1, "配置": 1, "算是": 1, "均衡": 1, "那档": 1, "毕竟": 1, "V20": 1, "降价": 1, "2099": 1, "错位": 2, "1399": 2, "价位": 1, "用到": 1, "级别": 1, "同档": 1, "竞品": 1, "660": 1, "670": 1, "降维": 1, "打击": 1, "中高端": 1, "千元机": 1, "立竿见影": 1, "妥协": 1, "版": 1, "800": 1, "超广角": 1, "镜头": 3, "配备": 1, "长焦": 1, "枚": 1, "景深": 1, "协助": 1, "成像": 1, "4000": 1, "mAh": 1, "电池": 1, "充电": 1, "规格": 1, "5V/2A": 1, "快充": 1, "二者": 1, "NFC": 1, "版本": 2, "简直": 1, "买": 1, "SOC": 1, "送": 1, "方舟": 1, "编译器": 1, "The": 1, "Nine": 1, "液冷": 1, "散热": 1, "EROFS": 1, "文件": 1, "Turbo": 1, "算力": 1, "落地": 1, "诸如": 1, "视频": 2, "抠图": 1, "图库": 1, "分类": 1, "功能": 2, "下放": 2, "高端": 1, "套": 3, "通阵": 1, "营品": 1, "策略": 2, "铺货": 1, "摊薄": 2, "打造": 1, "武器": 1, "鸿蒙": 7, "快": 1, "生态": 2, "神秘": 1, "智慧屏": 2, "太": 1, "亮相": 1, "16.1": 1, "大屏": 1, "Magicbook": 1, "笔记本": 2, "血氧": 1, "饱和度": 1, "检测": 1, "手环": 1, "同行": 1, "问到": 1, "进一步": 2, "赵明露": 1, "狡黠": 1, "笑容": 1, "这时候": 1, "外界": 2, "关心": 1, "自主": 1, "美": 2, "紧张": 1, "时刻": 1, "提": 1, "日程": 1, "传出": 1, "上线": 1, "随后": 1, "物联网": 1, "操作": 2, "安卓": 1, "首选": 1, "暂时": 1, "生态链": 2, "布局": 1, "举足轻重": 1, "此前": 1, "电视": 7, "谨慎": 1, "抱": 2, "引入": 2, "密集型": 1, "厂商们": 1, "刺刀见红": 1, "指标": 1, "干": 1, "屏占比": 1, "收敛": 1, "始终": 1, "友好": 1, "态度": 1, "大概率": 1, "围绕": 1, "玩法": 3, "根基": 1, "家电": 1, "空调": 1, "洗衣机": 1, "颇为": 1, "熟练": 1, "玩": 1, "观望": 1, "节奏": 1, "下半年": 1, "990": 1, "重磅": 1, "就要": 1, "等到": 1, "开发者": 1, "到时": 1, "复制": 1, "口令": 1, "H2yA2nWX": 1, "最新": 1, "虎": 1, "嗅": 1, "APP": 1, "领取": 1, "虎嗅": 1, "黑卡": 1, "权益": 1, "3日": 1, "路透社": 3, "项": 3, "裁员": 7, "生效": 1, "子公司": 3, "Futurewei": 11, "Technologies": 1, "850": 2, "600": 1, "解雇": 2, "占": 1, "总数": 1, "70%": 1, "缩减": 1, "日报": 1, "上周": 1, "援引": 1, "知情": 1, "人士": 1, "选择": 1, "回国": 1, "雅虎": 1, "财经": 1, "专访": 1, "首次": 1, "予以": 1, "原订": 1, "这家": 2, "总部": 1, "位于": 1, "6亿": 1, "实体名单": 1, "发送": 1, "接触": 1, "取决于": 1, "硅谷": 3, "园区": 2, "外景": 1, "谷歌": 2, "街景": 1, "申请": 2, "超": 1, "2100": 2, "西雅图": 1, "芝加哥": 1, "达拉斯": 1, "设有": 1, "办事处": 1, "成立": 1, "5.1亿": 1, "自特朗普": 1, "列入": 1, "实体": 1, "清单": 1, "母公司": 1, "交流": 1, "中午": 1, "箱子": 1, "离开": 1, "办公室": 1, "姓名": 1, "装满": 1, "物品": 1, "袋子": 1, "放": 1, "车": 1, "陷入": 1, "停滞": 1, "商标局": 1, "蜂窝": 1, "摄像": 1, "雇佣": 1, "1500": 1, "剩下": 1, "负责": 1, "客户": 2, "公共": 1, "事务": 1, "职能": 1, "意大利": 3, "分公司": 1, "首席": 2, "执行官": 2, "缪": 1, "晓阳": 1, "15日": 1, "米兰": 1, "活动": 1, "证实": 1, "1000": 2, "31亿": 1, "新增": 1, "美企": 1, "高管": 2, "特朗普": 3, "解禁": 2, "开启": 1, "同一天": 1, "会见": 1, "半导体": 3, "讨论": 1, "思科": 1, "英特尔": 1, "美光": 1, "西部": 1, "博通": 2, "领导人": 1, "近来": 1, "推动": 1, "兑现": 1, "上个月": 1, "承诺": 1, "放松": 1, "出售": 1, "下午": 1, "白宫": 1, "商务部": 1, "许可": 1, "timely": 1, "licensing": 1, "decisions": 1, ")": 1, "总统": 1, "同意": 1, "生产": 1, "买家": 1, "警告": 1, "损害": 1, "利润": 1, "6月份": 1, "这项": 1, "预计": 1, "销售额": 1, "下降": 1}