{"中新网": 2, "客户端": 1, "北京": 2, "2月": 3, "28日": 1, "电": 1, "(": 3, "记者": 7, "吴涛": 1, ")": 3, "近日": 1, "三星": 9, "、": 46, "华为": 119, "小米": 14, "中兴": 6, "OPPO": 3, "手机": 50, "厂商": 5, "仿佛": 1, "商量": 1, "争相": 1, "发布": 9, "5G": 57, "售价": 5, "不菲": 3, "造型各异": 1, "终端": 4, "代表": 1, "发展": 3, "趋势": 1, "值": 2, "值得": 2, "花钱": 1, "入手": 1, "Mate": 10, "X": 6, "图片": 3, "来源": 1, "：": 13, "官网": 2, "密集": 2, "亮相": 2, "苹果": 3, "缺席": 2, "第一": 5, "枪": 1, "21日": 1, "率先": 4, "S10": 4, "5G版": 8, "AMOLED": 2, "显示屏": 2, "配备": 5, "高通": 8, "骁龙": 9, "855": 9, "Exynos": 1, "9820": 1, "处理器": 8, "屏幕": 8, "6.7": 1, "英寸": 3, "24日": 1, "8": 1, "柔性": 1, "折叠": 10, "OLED": 1, "麒麟": 1, "980": 3, "一个": 26, "亮点": 1, "采用": 14, "折叠屏": 3, "超薄": 1, "厚度": 2, "11": 1, "毫米": 2, "展开": 1, "5.4": 1, "天机": 1, "Axon": 1, "10": 1, "Pro": 8, "一块": 2, "6.47": 1, "水": 2, "滴屏": 2, "配合": 2, "X50": 2, "调制解调器": 1, "MIX3": 4, "波": 1, "iPhone": 1, "发生": 1, "诉讼": 1, "观察": 1, "发现": 3, "大部分": 3, "都": 35, "除外": 1, "截图": 1, "PK": 1, "屏": 3, "决斗": 1, "不难": 1, "共性": 1, "大屏": 2, "电信": 8, "行业": 12, "分析师": 1, "马继华": 3, "接受": 1, "采访": 1, "称": 6, "方式": 4, "很多": 5, "路线": 1, "首发": 2, "曲面屏": 2, "款": 7, "Galaxy": 3, "Fold": 1, "内": 3, "排除": 3, "未来": 3, "LG": 1, "TCL": 1, "推出": 3, "可折": 1, "叠屏": 1, "产品": 8, "方案": 3, "角度": 2, "来讲": 1, "时代": 4, "胜出": 1, "概率": 1, "技术": 23, "难题": 1, "太": 2, "成熟": 1, "书本": 1, "好处": 1, "凸出": 3, "想": 8, "或许": 1, "配": 1, "才": 1, "外折叠": 1, "顾虑": 1, "甚者": 1, "三": 1, "大小": 2, "开来": 1, "很": 8, "折叠处": 1, "介绍": 2, "工程师": 1, "解决": 4, "三年": 1, "研发": 2, "提出": 3, "零部件": 1, "上百": 1, "革命性": 1, "铰链": 1, "一体化": 1, "完美": 1, "形态": 3, "真机": 1, "得知": 1, "资料图": 3, "价格": 3, "均": 2, "X高": 1, "配版": 1, "17500": 1, "元": 7, "远": 3, "超": 3, "7400": 1, "一向": 1, "性价比": 2, "著称": 1, "MIX": 1, "3": 4, "4500": 1, "机型": 1, "如果说": 1, "外形": 2, "质": 1, "改变": 1, "价": 1, "划水": 1, "比起": 1, "普通版": 1, "仅仅": 2, "升级": 4, "芯片": 8, "搭载": 2, "网络": 18, "提升": 4, "1200": 1, "雷军": 1, "当初": 1, "至少": 1, "加价": 1, "700": 1, "网友": 4, "吐槽": 2, "难道": 1, "就要": 2, "845": 1, "贵": 1, "500": 1, "X售价": 1, "没钱": 2, "买": 2, "中新社": 3, "殷": 2, "立勤": 2, "摄": 2, "如约": 1, "量产": 5, "发售": 3, "段": 2, "时间": 6, "用户": 11, "不好意思": 1, "公布": 1, "消息": 5, "显示": 2, "快": 3, "预计": 1, "2019年": 1, "上半年": 1, "即可": 1, "欧洲": 3, "中国": 8, "市场": 12, "上市": 2, "6月份": 1, "有望": 2, "对外": 1, "字": 1, "包票": 1, "年中": 1, "难度": 1, "初级版": 1, "通信": 8, "分销": 1, "企业": 19, "天音": 1, "控股": 1, "相关": 2, "人士": 2, "首批": 1, "国内": 2, "下半年": 1, "7-9月": 1, "可能性": 1, "王刚": 1, "摄5G": 1, "回来": 2, "第一时间": 1, "上手": 1, "试商": 3, "牌照": 3, "下发": 2, "进度": 1, "白搭": 1, "工信部": 1, "发放": 1, "加快": 1, "速度": 7, "影响": 1, "发挥": 1, "作用": 2, "兼容": 4, "4G": 5, "当做": 1, "卖点": 1, "标配": 1, "好比4G": 1, "支持": 11, "2G": 1, "3G": 1, "稀松寻常": 1, "模": 1, "双卡": 2, "设计": 4, "卡": 3, "卡设": 1, "主卡": 1, "4G/3G/2G": 1, "LTE": 1, "通讯": 2, "资料": 1, "VR": 1, "体验": 1, "生活": 2, "场景": 4, "肯定": 3, "各行各业": 1, "带来": 2, "翻天覆地": 1, "变化": 5, "不止": 2, "业内": 2, "先头兵": 1, "下载": 2, "X理论": 1, "峰值": 1, "4.6Gbps": 1, "领先于": 2, "业界": 1, "水平": 1, "测试": 1, "秒": 1, "1G": 1, "视频": 27, "4K": 2, "高清": 2, "多种": 1, "直播": 1, "尝试": 1, "效果": 2, "棒棒哒": 1, "看好": 1, "虚拟": 1, "现实": 3, "迎来": 1, "爆发期": 1, "增加": 1, "颗": 1, "3D": 2, "景深": 1, "相机": 1, "精准": 1, "增强": 1, "AR": 1, "功能": 2, "头号": 1, "玩家": 1, "27日": 1, "卢沙野": 1, "大使": 1, "加拿大": 2, "国会山": 1, "时报": 1, "发表": 1, "设备": 21, "危害": 1, "国家": 27, "几点": 1, "思考": 2, "署名": 1, "文章": 2, "全文": 1, "西方": 4, "威胁": 5, "言论": 1, "甚嚣尘上": 1, "美国": 12, "早": 2, "本国": 5, "五": 4, "眼": 3, "联盟": 3, "澳大利亚": 1, "新西兰": 1, "随后": 1, "跟进": 1, "英国": 2, "尚未": 1, "做出": 1, "前段": 1, "高官": 1, "赴": 1, "游说": 1, "包括": 4, "东欧": 1, "在内": 1, "盟友": 2, "国际": 2, "制造": 1, "炒作": 1, "广告": 1, "世界": 4, "人民": 1, "领域": 6, "棒": 1, "全球": 3, "建设": 5, "方兴未艾": 1, "爱立信": 2, "诺基亚": 1, "思科": 2, "佼佼者": 1, "一再": 2, "渲染": 3, "隐患": 1, "各国": 3, "运营商": 7, "不由得": 2, "进一步": 2, "关注": 1, "前景": 1, "媒体": 1, "报道": 1, "领先": 2, "竞争": 10, "对手": 4, "优势": 8, "推迟": 1, "1": 3, "专家": 2, "坦言": 1, "一家": 3, "公司": 9, "负责人": 2, "公开": 2, "表态": 1, "签订": 1, "合同": 1, "遥遥": 1, "制造商": 2, "独到之处": 1, "在于": 2, "微波": 1, "这是": 8, "具备": 1, "这一切": 1, "老百姓": 1, "原本": 1, "反倒": 1, "世人": 1, "皆": 1, "第二": 2, "排挤": 3, "原因": 1, "恐怕": 2, "政治": 1, "干预": 1, "打压": 1, "美": 1, "为首": 1, "情报": 8, "机构": 7, "宣称": 1, "迄今": 2, "从未": 2, "证据": 2, "指责": 2, "政府": 5, "关系": 1, "官方": 1, "间谍": 3, "活动": 4, "理由": 2, "情报法": 2, "工作": 1, "一点": 2, "作出": 1, "澄清": 1, "日前": 1, "总部": 1, "发文": 1, "恶意": 2, "立法": 1, "形式": 1, "维护": 1, "通行": 1, "做法": 1, "法律": 3, "义务": 1, "合作": 7, "法国": 1, "德国": 1, "类似": 2, "制定": 1, "正是": 2, "参考": 1, "条文": 1, "事实上": 1, "利用": 5, "干": 3, "勾当": 1, "读者们": 1, "忘记": 1, "披露": 2, "棱镜": 1, "计划": 1, "国": 1, "部门": 1, "攻击": 1, "出于": 1, "创造": 1, "公平": 1, "条件": 1, "第三": 1, "无助于": 1, "公民": 2, "大规模": 2, "监控": 6, "监听": 3, "不便": 1, "棱镜门": 1, "事件": 1, "情况": 3, "害怕": 1, "解释": 1, "导致": 1, "花": 1, "巨资": 1, "打造": 1, "系统": 5, "聋子": 1, "瞎子": 1, "攻破": 1, "设置": 1, "费": 1, "力气": 1, "操作": 4, "困难": 1, "承诺": 1, "加大": 1, "资金": 1, "投入": 5, "安全性": 1, "这两天": 1, "参与": 1, "态度": 1, "排斥": 2, "正确": 1, "选择": 2, "毕竟": 2, "专属": 1, "交流": 1, "产物": 1, "封杀": 1, "意味着": 1, "错过": 1, "快车": 1, "大会": 4, "MWC2019": 1, "科技": 1, "高科技": 1, "这次": 3, "放": 1, "光彩": 1, "黑科技": 5, "电脑": 10, "传出": 1, "好玩": 2, "酷": 1, "笔记本": 2, "之间": 3, "传输": 11, "文件": 8, "登录": 1, "QQ": 1, "微信": 1, "助手": 1, "保存": 1, "数据线": 2, "照片": 1, "或者是": 1, "无论是": 2, "麻烦": 1, "步数": 1, "不少": 3, "如今": 2, "依赖": 1, "东西": 2, "才能": 3, "Android": 2, "Windows": 1, "跨": 1, "HUAWEI": 1, "Ahare": 1, "3.0": 1, "烦恼": 1, "装置": 1, "轻轻": 1, "碰": 4, "过程": 1, "选好": 1, "分享": 1, "轻触": 1, "碰华": 1, "PC端": 1, "share": 1, "标签": 1, "30": 1, "Mbps": 1, "自动": 1, "识别": 4, "文字": 1, "编辑": 2, "简单": 2, "快捷": 1, "感觉": 1, "炫酷": 1, "NFC": 3, "距离": 1, "无线": 1, "触发": 1, "WLAN": 1, "Windows跨": 1, "这项": 4, "比如说": 1, "Book": 2, "14": 1, "13三": 1, "广而": 1, "Ahare3.0": 1, "名字": 1, "更改": 1, "数字": 2, "更换": 1, "花费": 1, "心思": 1, "22日": 1, "下午": 1, "安防": 29, "伙伴": 6, "招募会": 1, "启动": 1, "渠道": 8, "会议": 3, "现场": 1, "传递": 1, "信息": 4, "招募": 2, "利益": 1, "共享": 1, "主题": 1, "狼": 4, "口号": 1, "伴随": 1, "多年": 4, "毗邻": 1, "海康": 13, "业务部": 1, "远在": 1, "南国": 1, "安平": 2, "扮演": 1, "角色": 1, "；": 1, "亦或是": 1, "群众": 1, "内心": 1, "充满": 1, "大戏": 1, "大风": 1, "期待": 7, "去年": 8, "年初": 1, "年底": 1, "安博会": 2, "全国": 1, "巡展": 1, "展示": 1, "强势": 1, "产业链": 1, "在手": 1, "姿态": 1, "硬件": 1, "算法": 2, "分布式": 2, "计算": 4, "加上": 1, "大潮": 1, "加持": 1, "小小": 1, "圈子": 1, "确实": 1, "底气": 1, "十足": 2, "辩证": 1, "看待": 2, "到来": 4, "价值": 2, "意义": 3, "行当": 1, "定位": 2, "永远": 3, "2015年": 1, "初": 1, "参加": 1, "华北": 1, "知名": 1, "时值": 1, "华风头": 1, "正劲": 1, "华南": 1, "叫苦不迭": 1, "会上": 1, "老板": 2, "戏言": 1, "杭州": 2, "哥俩儿": 1, "玩儿": 1, "足够": 1, "仔细": 1, "琢磨": 1, "请教": 1, "搞": 2, "研究": 1, "难得": 1, "机会": 3, "见到": 1, "讨教": 1, "汇集": 3, "给出": 1, "否定": 1, "答案": 1, "剩下": 1, "独自": 1, "舞蹈": 1, "甲方": 11, "洗牌": 1, "高度": 2, "格局": 1, "西门子": 1, "搞定": 1, "定价": 1, "话费": 1, "捆绑": 1, "事情": 2, "设备商": 3, "毫无": 1, "关联": 1, "涉及": 3, "国计民生": 1, "放量": 1, "大国": 1, "手": 3, "小国": 1, "面对": 1, "处于": 1, "半垄断": 1, "状态": 2, "围绕": 1, "超级": 2, "客户": 5, "模型": 1, "反观": 1, "千千万": 1, "商业": 1, "业务": 4, "公共": 2, "零散": 2, "小B端": 1, "千千万万": 1, "需求": 5, "蓝色": 2, "星际": 2, "肖": 1, "聊天": 1, "类型": 1, "银行": 1, "定制": 1, "提及": 1, "碎片化": 1, "单产": 1, "组合": 1, "胡": 1, "闲谈": 1, "深度": 1, "行业化": 1, "细分": 1, "逻辑": 1, "无数": 2, "配套": 1, "话语权": 1, "极重": 1, "一两": 3, "吃掉": 1, "核心": 3, "擅长": 4, "高举": 1, "高打": 1, "长期": 1, "积累": 2, "迭代": 1, "缓慢": 1, "细碎": 1, "多元": 1, "划算": 1, "前端": 5, "产品线": 1, "2018年": 4, "满打满算": 1, "1100亿-1200亿": 1, "规模": 4, "乐观": 1, "估算": 1, "这不": 2, "独占": 1, "1000多亿": 1, "上千": 1, "营收": 1, "7000亿": 1, "独大": 1, "吸引": 1, "大举": 2, "动力": 1, "写": 1, "篇": 1, "剑指": 1, "风起云涌": 1, "浅析": 1, "产业": 1, "路": 1, "里边": 2, "提到": 2, "绝不": 2, "延伸": 1, "物联网": 9, "理解": 2, "跳板": 2, "占领": 1, "大数据": 3, "源头": 3, "体量": 3, "转化": 2, "用途": 1, "AI": 5, "年代": 1, "大费周章": 1, "劳什子": 1, "产出": 3, "想要": 1, "管道": 5, "AI赋": 1, "边缘": 3, "节点": 2, "边缘域": 1, "响应": 2, "存储": 2, "效率": 2, "细致": 1, "内容": 1, "分发": 3, "不得不": 1, "上云": 1, "别人": 1, "提供": 3, "基础": 3, "设施": 1, "水龙头": 1, "暖气片": 1, "背景": 1, "前提": 1, "一个个": 1, "做好": 1, "海量": 2, "信息源": 1, "接入": 1, "分类": 2, "整合": 1, "源": 1, "城市": 2, "平台": 2, "无独有偶": 1, "想法": 1, "2017年底": 1, "深圳": 1, "前夕": 1, "威视": 1, "概念": 1, "3月份": 1, "CLOUD": 4, "战略": 2, "拓展": 1, "止步": 1, "也就是说": 1, "进来": 1, "焦点": 1, "精确": 1, "智能化": 1, "采集": 1, "绕": 1, "优劣势": 1, "分析": 2, "对比": 4, "深耕": 1, "处在": 1, "位置": 1, "大华": 1, "财报": 1, "去库存": 1, "整理": 1, "波动": 1, "清洗": 1, "轮": 1, "牢固": 1, "内部": 1, "弱项": 1, "成本": 2, "项目": 2, "人力": 1, "补贴": 1, "状况": 1, "持续": 1, "量化": 1, "降低": 1, "费用": 1, "云计算": 1, "云存储": 1, "本业": 1, "赶超": 1, "拿出": 1, "墙口": 1, "冲锋": 1, "劲头": 1, "障碍": 1, "品牌": 3, "资产": 1, "毋庸置疑": 1, "不温不火": 1, "牌子": 1, "戳": 1, "保有": 1, "听": 2, "善良": 1, "大块头": 2, "面前": 1, "心虚": 1, "完了": 1, "异同": 1, "绝大多数": 1, "吵架": 1, "抢夺": 1, "不大": 1, "质变": 2, "抢": 2, "饭碗": 2, "苗头": 1, "iCAN": 1, "例子": 1, "2017年": 1, "+云": 1, "显得": 1, "IP": 1, "刚": 1, "明白": 1, "智能云": 1, "连接": 1, "场": 1, "线下": 1, "影子": 1, "+": 2, "全方位": 1, "雷同式": 1, "排兵": 1, "布阵": 1, "屋檐": 1, "比拼": 1, "胜负": 1, "最佳": 1, "端倪": 1, "18年": 2, "预想": 1, "差距": 1, "归根结底": 1, "数据": 6, "豪言": 1, "略": 1, "过时": 1, "最终": 2, "运营": 3, "宇视": 1, "总裁": 1, "张鹏国": 1, "访谈": 1, "层": 1, "顶层": 2, "架构": 3, "而后": 1, "管理": 2, "归结": 1, "特征": 1, "提取": 1, "付诸": 1, "流量": 2, "转到": 1, "武器": 1, "缺少": 1, "既有": 1, "阿里": 2, "大脑": 1, "活儿": 1, "能力": 1, "弱": 2, "份额": 1, "再有": 1, "诸多": 1, "提高": 3, "云端": 1, "搭建": 1, "质量": 2, "稳定性": 1, "带宽": 1, "擅长于": 1, "底层": 1, "服务": 1, "一本万利": 1, "生意": 1, "八仙过海各显神通": 1, "Paa": 1, "SaaS": 1, "这时候": 1, "哪家": 3, "政策": 1, "认知度": 1, "结语": 1, "话题": 1, "希望": 2, "大家伙们": 1, "含量": 1, "获益": 1, "上下游": 1, "看热闹": 2, "嫌": 1, "心理": 1, "理性": 1, "门道": 1, "说法": 1, "断货": 1, "殊不知": 1, "海思": 2, "ARM": 3, "授权": 3, "没法": 2, "生产": 1, "停止": 2, "损失": 1, "不可估量": 1, "同理": 1, "保护": 1, "刚刚": 1, "垄断": 1, "潜在": 1, "竞争者": 1, "掐断": 1, "做成": 1, "得罪": 1, "死": 1, "赔本": 1, "买卖": 1, "与其说": 1, "不如说": 1, "期望": 1, "无比": 1, "勇猛": 1, "狼群": 1, "群体": 2, "竞争力": 1, "带给": 1, "问渠": 1, "如许": 1, "活水": 2, "源源不断": 1, "盘": 1, "大旗": 1, "盘活": 1, "水沟": 1, "相互": 1, "打架": 1, "早晚": 1, "折腾": 1, "弄": 1, "一身": 1, "泥": 1, "P20": 3, "系列": 1, "接近": 1, "1800万": 1, "销量": 1, "P系列": 2, "网友们": 1, "认可": 1, "时尚": 2, "外型": 1, "强劲": 1, "拍照": 2, "！": 5, "P30": 17, "透露": 1, "水滴屏": 2, "曲面水": 1, "旗舰": 3, "指纹": 3, "首款": 1, "摄像头": 1, "排列": 1, "熟悉": 1, "感叹号": 1, "闪光": 1, "灯条": 1, "隐约可见": 1, "猜测": 1, "荣耀": 2, "V20": 1, "TOF": 1, "模块": 1, "配置": 1, "麒麟980": 3, "电池": 3, "容量": 2, "3650": 1, "mAh": 2, "保留": 1, "3.5": 2, "耳机": 2, "孔": 2, "4200": 1, "依然": 3, "未知": 1, "3月": 1, "26号": 1, "标小米9": 1, "挑战": 1, "9": 7, "800": 1, "近年来": 1, "CPU": 1, "大幅度": 1, "7nm": 1, "工艺": 2, "制程": 1, "主频": 1, "2.84GHz": 1, "核": 1, "性能": 2, "45%": 1, "Antutu": 1, "跑分": 1, "387851": 1, "P30/P30pro": 1, "大概率": 1, "7nm制": 1, "GPU": 1, "游戏": 1, "强项": 1, "总体": 1, "配色": 1, "高端": 1, "骚": 1, "拍照榜": 1, "40": 1, "w快": 1, "好多": 1, "记得": 1, "magic": 1, "友商": 2, "辣鸡": 1, "挤": 1, "牙膏": 1, "40w": 1, "原地": 1, "踏步": 1, "25w": 1, "快充": 1, "续航": 2, "抱": 1, "不错": 1, "突破": 1, "不能不": 1, "壳": 2, "水凝屏": 1, "难": 1, "反感": 1, "曲面": 1, "做薄": 1, "裸奔": 1, "成天": 1, "担心": 1, "摔碎屏": 1, "屏下": 1, "有待": 1, "朋友们": 1, "优秀": 1, "针对": 1, "人群": 1, "高达": 1, "4000": 1, "P20pro": 1, "极其": 1, "震撼": 1}