{"众所周知": 1, "综合": 4, "实力": 3, "提升": 1, "创新": 1, "技术": 3, "积累": 1, "余承东": 2, "定下": 1, "目标": 2, "华为": 47, "不仅仅": 1, "中低端机": 2, "销量": 3, "爆发": 2, "高端": 2, "市场": 12, "成绩": 3, "刮目相看": 1, "没错": 2, "快速": 1, "晋升": 1, "全球": 4, "第二": 3, "智能": 3, "手机": 14, "品牌": 3, "毋庸置疑": 1, "竞争": 5, "太": 4, "激烈": 3, "产品": 4, "新旧交替": 1, "情况": 7, "处境": 2, "变得": 1, "难堪": 2, "包括": 4, "Mate20": 8, "提起": 1, "感到": 2, "陌生": 2, "针对": 1, "追求": 1, "极致": 1, "体验": 2, "年轻": 1, "消费": 1, "群体": 1, "无论是": 3, "硬件": 2, "配置": 1, "颜值": 2, "打磨": 3, "都": 11, "精益求精": 1, "率先": 2, "基于": 2, "AndroidQ": 2, "深度": 3, "定制": 2, "EMUI10": 2, "系统": 11, "新增": 1, "GPU": 1, "Turbo3.0": 1, "适配": 1, "王者": 1, "荣耀": 1, "、": 6, "和平": 1, "精英": 1, "在内": 3, "款": 5, "主流": 3, "游戏": 2, "方舟": 1, "编译器": 1, "麒麟": 2, "980": 1, "处理器": 2, "之间": 1, "很": 7, "协同": 2, "能力": 2, "安兔兔": 2, "飙上": 1, "42万分": 1, "应对": 2, "日常": 2, "程序": 2, "绰绰有余": 2, "4200": 1, "毫安": 2, "电池": 2, "22.5W": 1, "快充": 2, "符合": 2, "长续航": 2, "标准": 1, "保留": 1, "3.5": 1, "毫米": 1, "耳机": 1, "接口": 1, "值得": 1, "点赞": 1, "当面": 1, "标配": 1, "一块": 2, "6.53": 2, "英寸": 2, "水滴": 1, "屏": 1, "得益": 1, "采用": 1, "先进": 1, "COF": 1, "封装": 1, "工艺": 2, "带来": 1, "震撼": 2, "视觉": 1, "效果": 2, "极光": 1, "渐变": 1, "色": 1, "玻璃": 2, "配合": 1, "铝中框": 1, "紧密": 2, "贴合": 2, "识别度": 1, "兼顾": 1, "手感": 2, "徕卡": 2, "认证": 2, "三": 1, "摄模组": 2, "达芬奇": 2, "独立": 2, "NPU": 2, "神经元": 2, "驱动": 2, "出色": 4, "算法": 2, "优化": 2, "白天": 1, "夜晚": 1, "成片": 2, "速度": 2, "成像": 2, "质量": 1, "挑剔": 2, "地方": 2, "整体": 1, "表现": 3, "真实": 1, "水平": 1, "确实": 5, "国产": 3, "旗舰": 3, "最初": 1, "卖": 3, "3798": 1, "元": 3, "意料": 2, "之中": 2, "只不过": 1, "越来越": 1, "地位": 2, "取代": 2, "人气": 2, "渐渐": 1, "流失": 2, "最低": 3, "降": 1, "3077": 1, "幅度": 1, "良心": 1, "加速": 2, "跌至": 1, "退场价": 1, "可惜": 1, "网友": 2, "吐槽": 1, "无奈": 1, "再见": 1, "了却": 1, "一针见血": 1, "发布": 4, "至今": 1, "时间": 5, "旧款": 1, "Mate30": 1, "持续": 2, "热销": 1, "买": 2, "老": 1, "规则": 1, "支持": 2, "5G": 4, "网络": 3, "难": 2, "保障": 2, "未来": 4, "内": 3, "淘汰": 2, "选择": 1, "拜拜": 1, "小编": 1, "立场": 1, "出发": 1, "领域": 1, "立稳": 1, "阵脚": 1, "功不可没": 1, "缺乏": 4, "性价比": 3, "元素": 3, "有人": 1, "理解": 2, "PC": 5, "暂": 1, "解封": 2, "国内外": 1, "科技圈": 1, "关注点": 1, "放在": 1, "身上": 1, "美国": 4, "封锁": 2, "延期": 2, "时限": 1, "11月": 5, "18日": 1, "到期": 1, "发展": 2, "方向": 1, "影响": 2, "最终": 1, "出于": 1, "农村": 1, "地区": 1, "通信": 1, "美国商务部": 3, "再次": 1, "发出": 1, "90": 1, "豁免令": 1, "企业": 4, "商业": 1, "往来": 1, "22日": 2, "微软": 8, "消息": 1, "公司": 1, "：": 2, "许可": 1, "出口": 1, "软件": 3, "也就是说": 2, "暂时性": 1, "毕竟": 2, "Windows": 5, "覆盖率": 1, "操作": 4, "替代": 2, "封禁": 1, "业务": 3, "就算": 1, "凉": 1, "正是": 1, "预料": 1, "一点": 1, "2018年": 1, "12月份": 1, "MateBook": 1, "13": 1, "推行": 1, "Linux": 2, "版本": 3, "以防": 1, "数据": 1, "短期": 1, "国内": 4, "影响力": 1, "主动": 1, "提交": 1, "供货": 1, "申请": 2, "稀奇": 1, "6日": 1, "创始人": 1, "比尔盖茨": 1, "DealBook": 1, "大会": 1, "接受": 4, "采访": 3, "商务": 1, "服务": 4, "可观": 1, "测试": 1, "评判": 1, "好坏": 1, "中国": 2, "想": 1, "东西": 1, "坏": 1, "想法": 1, "疯狂": 1, "盖茨": 1, "观点": 1, "中立": 1, "认可": 1, "供应": 2, "谷歌": 5, "焦急": 2, "等待": 1, "GMS": 2, "尤为": 1, "件": 1, "事情": 1, "原因": 3, "在于": 1, "用户": 1, "发送": 1, "EMUI": 2, "10": 2, "升级": 1, "包": 1, "介绍": 1, "发现": 1, "融入": 1, "很多": 1, "鸿蒙": 4, "OS": 3, "核心": 1, "微内核": 1, "分布式": 1, "场景": 1, "词汇": 1, "如今": 2, "面对": 2, "移动端": 1, "启动": 1, "应急": 1, "措施": 1, "生态": 1, "HMS": 1, "构建": 1, "批准": 1, "开放": 1, "很快": 1, "搭载": 1, "终端": 1, "就要": 1, "登场": 2, "态度": 1, "畏惧": 1, "停止": 2, "程度": 1, "甚至于": 1, "输出": 1, "导致": 2, "终止": 1, "困境": 1, "摆脱": 1, "面向": 1, "时代": 2, "占有": 1, "一席之地": 1, "届时": 1, "面临": 1, "反扑": 1, "科技": 1, "Deepin": 1, "中兴": 1, "自研": 1, "我国": 1, "打造": 1, "安卓": 1, "优秀": 2, "上午": 1, "10:08": 1, "折叠屏": 6, "Mate": 3, "X": 3, "再次于": 1, "官网": 1, "发售": 2, "第三": 2, "售罄": 3, "秒": 1, "现货": 2, "炒到": 1, "6万多": 1, "接近": 1, "原价": 1, "5": 1, "倍": 1, "名": 1, "二手": 1, "卖家": 2, "媒体": 2, "称": 2, "开售": 1, "3000多": 1, "抢到": 1, "渠道": 1, "拿到": 1, "台": 4, "8": 1, "手上": 1, "价格": 4, "6万5": 1, "期货": 1, "12月": 1, "2号": 1, "交易": 1, "3万5": 1, "厂商": 2, "均": 1, "入局": 1, "9月": 1, "三星": 1, "Galaxy": 1, "Fold": 1, "预售": 1, "15日": 1, "联想": 1, "正式": 1, "摩托罗拉Razr折": 1, "叠屏": 1, "苛刻": 1, "大规模": 1, "生产": 1, "挑战": 1, "折叠": 1, "屏幕": 1, "供应方": 1, "京东方": 1, "成本": 2, "产量": 1, "备货": 1, "联盟": 1, "秘书长": 1, "老杳": 1, "篇": 1, "文章": 1, "指出": 1, "3万": 1, "待售": 1, "产品线": 1, "总裁": 1, "何刚": 1, "透露": 1, "预计": 1, "月产能": 1, "10万": 1, "研究": 1, "机构": 1, "Counterpoint": 1, "Research": 1, "出货量": 1, "下调": 2, "40万": 1, "四分之一": 1, "产业": 1, "高度": 1, "同质化": 1, "阶段": 2, "需求": 2, "尝鲜": 1, "还要": 1, "成熟度": 1, "稳定性": 2, "体验感": 1, "上游": 1, "新闻": 2, "自界面": 1, "TechWeb": 1, "处于": 1, "高速": 1, "道路": 1, "冲击": 1, "令人满意": 1, "众多": 1, "友商": 1, "轻易": 1, "忽视": 2, "劲敌": 1, "供应商": 1, "怀疑": 1, "回来": 1, "白炽化": 1, "挺": 2, "提问": 1, "大名鼎鼎": 2, "Mate30Pro不火": 1, "说到": 1, "Mate30Pro": 10, "超级": 2, "身份": 1, "到位": 1, "运行": 1, "990": 1, "组合": 1, "跑近": 1, "45万分": 1, "性能": 1, "可圈可点": 2, "帧率": 1, "4500": 1, "40": 1, "W有线": 1, "延续": 1, "3D": 1, "Tof": 1, "解锁": 1, "方式": 1, "亮点": 1, "配备": 1, "四": 1, "妥妥": 1, "调教": 1, "光线": 1, "充足": 1, "物体": 1, "色彩": 1, "精准": 1, "还原": 1, "夜景": 1, "针对性": 1, "弱光": 1, "；": 1, "拥有": 1, "环幕": 1, "屏视": 1, "四曲面": 1, "铝": 1, "中框": 1, "握持": 1, "舒适": 1, "防水": 1, "回到": 1, "开头": 1, "咨询": 1, "专业": 1, "维修": 1, "师傅": 1, "简单": 1, "三点": 1, "第一": 1, "舍得": 1, "重本": 1, "物料": 1, "人力": 1, "加重": 1, "普通版": 1, "定到": 1, "5799": 1, "出乎": 1, "不少": 1, "贵": 1, "国产机": 1, "纵观": 1, "大部分": 1, "竞品": 1, "小米": 1, "CC9Pro": 1, "魅族": 1, "16sPro": 1, "新品": 2, "一半": 1, "后者": 1, "慢慢": 1, "不再": 1, "苹果": 2, "段": 1, "库克": 1, "服软": 1, "iPhoneXR": 1, "iPhone11": 1, "齐齐": 1, "降维": 1, "打击": 1, "作用": 1, "号召力": 2, "强势": 1, "分流": 1, "加大": 1, "力度": 1, "推广": 1, "标准版": 2, "SA": 1, "NSA": 1, "半年": 1, "座位": 1, "主力机": 1, "放弃": 1, "笔者": 1, "肯定": 1, "火": 1}