{"艰难困苦": 2, "休想": 2, "阻挡": 2, "步伐": 2, "来源": 2, "：": 20, "中国": 28, "新闻": 3, "周刊": 2, "1月": 6, "11日": 8, "波兰": 115, "国家": 19, "通讯社": 2, "PAP": 1, "、": 36, "公共": 1, "电视台": 1, "tvp": 1, "频道": 1, "媒体": 5, "报道": 10, "安全局": 6, "(": 1, "state": 1, "security": 1, "agency": 1, ")": 1, "当地": 6, "时间": 6, "周五": 2, "逮捕": 9, "名": 10, "公民": 12, "指控": 4, "间谍": 7, "活动": 3, "指": 1, "华为": 109, "员工": 8, "环球网": 1, "驻": 7, "大使馆": 4, "证实": 3, "被捕": 11, "相关": 7, "人士": 2, "中方": 7, "高度": 3, "关注": 6, "事件": 14, "使馆": 3, "第一时间": 3, "约见": 3, "外交部": 5, "波方": 3, "尽快": 3, "情况": 7, "领事": 6, "通报": 3, "尽早": 3, "安排": 3, "探视": 3, "依法": 3, "公正": 3, "妥善": 3, "此事": 1, "切实": 3, "保障": 3, "当事人": 3, "合法": 3, "权益": 3, "人道主义": 3, "待遇": 3, "当天": 4, "晚间": 2, "8时": 1, "回应": 7, "称": 5, "暂": 1, "评论": 4, "官方": 3, "获悉": 3, "信息": 6, "进一步": 4, "对此": 3, "暂时": 3, "公司": 25, "遵守": 8, "业务": 10, "所在国": 8, "法律": 13, "法规": 8, "合规": 5, "经营": 4, "财经": 1, "手机": 31, "2004年": 2, "市场": 20, "从无到有": 1, "快速": 1, "发展": 4, "近年": 2, "年报": 1, "梳理": 1, "轨迹": 1, "2013年": 2, "交集": 1, "公益": 1, "领域": 5, "2010年": 1, "捐款": 1, "资助": 1, "空难": 1, "家庭": 1, "孤儿": 1, "赞助": 2, "贝多芬": 1, "音乐节": 1, "2012年": 1, "支持": 2, "School": 1, "Class2.0": 1, "项目": 5, "教育": 2, "同年": 2, "终端": 1, "消费者": 5, "中心": 6, "展开": 2, "品牌": 5, "营销": 2, "跳台": 1, "滑雪": 1, "世界杯": 1, "资料": 3, "显示": 3, "突破": 1, "当年": 3, "7月": 1, "波兰Ozaworice": 1, "地区": 6, "成功": 2, "交付": 3, "全球": 6, "3.6~3.8G": 1, "eLTE": 1, "宽带": 4, "接入": 3, "网络": 13, "政府": 8, "民生": 1, "工程": 1, "覆盖": 2, "Ozaworice": 1, "乡村": 1, "解决": 5, "居民": 2, "上网": 3, "华为eLTE": 2, "方案": 3, "地广人稀": 1, "欧洲": 17, "都": 10, "示范": 1, "效应": 1, "10月": 2, "ISP": 1, "运营商": 3, "SSM": 1, "南部": 1, "Gliwice": 1, "部署": 2, "日益": 1, "迫切": 1, "需求": 1, "未来": 1, "承载": 2, "区域": 1, "视频": 1, "监控": 1, "2014年": 1, "2月": 2, "独家": 1, "第一": 6, "条": 1, "基于": 1, "LTE": 1, "车地": 1, "无线": 2, "线路": 1, "车": 1, "通信": 2, "列控": 1, "铁路": 1, "增值": 1, "提供": 4, "专业": 2, "可靠": 1, "高带": 1, "宽LTE": 1, "2015年": 2, "11月": 1, "23日": 1, "上海": 1, "举办": 1, "中波": 2, "经贸": 1, "投资": 1, "论坛": 1, "上任": 1, "总统": 3, "安杰伊杜达": 1, "见证": 1, "波兹南": 1, "超算": 2, "PSNC": 2, "签署": 1, "框架": 1, "协议": 1, "计划": 3, "成立": 6, "PSNC-Huawei": 2, "联合": 3, "创新": 4, "第二": 4, "正式": 2, "宣告": 1, "高性能": 2, "计算": 2, "HPC": 2, "存储": 1, "大数据": 1, "研究": 4, "助力": 1, "100多": 1, "高校": 1, "科研": 3, "机构": 2, "提升": 4, "信息化": 1, "水平": 2, "标志": 1, "商业": 1, "合作": 1, "走向": 2, "里程碑": 1, "事业": 1, "推动": 1, "作用": 1, "IPSOS": 1, "调研": 1, "数据": 2, "用户": 1, "服务": 4, "满意度": 2, "排名": 1, "BES": 2, "软件": 2, "海外": 1, "实验局": 1, "迄今为止": 1, "规模": 1, "PSI": 1, "2018年": 6, "6月": 2, "6日": 1, "CEO": 2, "余承东": 2, "荣耀": 22, "Play": 1, "发布会": 1, "上将": 1, "称作": 2, "重点": 2, "7": 1, "年间": 1, "销量": 2, "增长": 3, "51": 1, "倍": 1, "调查": 2, "西班牙": 1, "意大利": 1, "跃居": 1, "一个": 4, "12月": 5, "19日": 1, "首都": 1, "华沙": 4, "开设": 1, "东北欧": 2, "高级": 4, "体验店": 1, "开业": 1, "头": 1, "进店": 1, "体验": 1, "5G": 10, "德国": 4, "电信": 7, "子公司": 2, "T-Mobile": 3, "Polska": 2, "推出": 2, "该国": 4, "全功能": 2, "预商": 1, "商用": 1, "采用": 1, "技术": 9, "现有": 1, "4G": 1, "基础": 4, "设施": 1, "兼容": 1, "交互": 1, "频频": 1, "安全门": 1, "指谪": 1, "五": 3, "眼": 2, "联盟": 2, "成员": 1, "纷纷": 1, "阻击": 1, "新西兰": 1, "澳大利亚": 1, "美国": 19, "相继": 1, "发出": 1, "禁令": 1, "情报": 7, "成员国": 1, "英国": 1, "态度": 1, "暧昧": 1, "加拿大": 15, "去年": 6, "年底": 1, "拘押": 5, "副总裁": 3, "孟晚舟": 7, "27日": 1, "轮值": 1, "董事长": 1, "郭平": 1, "2019年": 2, "新年": 2, "致辞": 2, "大事": 1, "静气": 1, "遵从": 2, "的确": 1, "定性": 1, "应对": 1, "国际": 3, "政治": 3, "不确定性": 1, "全球化": 1, "法治化": 1, "全世界": 1, "生存": 1, "贡献": 1, "恶性": 1, "挫折": 1, "消沉": 1, "领先": 1, "世界": 4, "锐气": 1, "挫": 1, "勇": 1, "极端": 1, "公平": 1, "逼向": 1, "郭": 1, "平用": 1, "诗句": 1, "结束": 1, "沉舟侧": 1, "畔": 1, "千": 1, "帆": 1, "乘风破浪": 1, "平地": 1, "波澜": 1, "随后": 2, "披露": 3, "中国籍": 1, "高管": 10, "名叫": 2, "Weijing": 1, "Wu": 1, "分公司": 4, "负责": 1, "销售": 3, "管理": 2, "人员": 2, "工程师": 1, "Piotr": 2, "D": 1, "就职": 1, "高官": 1, "西方": 3, "添加": 1, "背景": 2, "这是": 4, "CFO": 2, "外国": 1, "罪名": 7, "间谍罪": 3, "！": 6, "做出": 3, "案": 3, "平静": 1, "北美": 1, "逃过": 1, "劫": 1, "；": 2, "横生枝节": 1, "综合": 1, "复盘": 1, "至少": 2, "三": 2, "细节": 6, "很": 11, "意味深长": 1, "蓄意": 2, "下手": 4, "有待": 1, "证据": 1, "种种": 1, "迹象": 1, "部门": 5, "立刻": 5, "搜查": 3, "办公室": 2, "Orange": 4, "国内": 4, "副局长": 1, "瓦斯克": 1, "Maciej": 1, "Wasik": 1, "出面": 1, "外界": 2, "一家": 3, "传播": 1, "工作": 8, "控": 1, "3": 3, "定罪": 1, "面临": 2, "10年": 4, "有期徒刑": 2, "牵涉": 1, "关系": 5, "恶化": 1, "做好": 1, "某种": 1, "此前": 4, "想": 3, "卷入": 1, "涉及": 1, "泄密": 1, "麻烦": 2, "偏偏": 1, "无疑": 1, "声誉": 3, "打击": 1, "证明": 1, "纯属": 1, "子虚乌有": 1, "形象": 2, "狠狠": 1, "刀": 1, "值得": 3, "合众社": 1, "一句话": 1, "北京": 2, "格但斯克": 2, "领事馆": 2, "毕业于": 1, "顶级": 3, "学校": 2, "仔细": 1, "核对": 1, "信源": 1, "毕业": 2, "外国语": 1, "大学": 2, "引述": 2, "官员": 2, "北外": 2, "同学们": 1, "就读于": 1, "建交": 2, "70": 2, "周年": 1, "交情": 1, "竟然": 1, "算": 1, "弄": 1, "共产党": 1, "执政": 1, "社会主义": 1, "阵营": 1, "兄弟": 2, "苏东": 1, "剧变": 1, "领头羊": 1, "有意思": 1, "地缘": 1, "现象": 1, "老": 2, "法国": 2, "西欧": 1, "讨厌": 1, "对象": 1, "不大": 1, "听话": 1, "喜欢": 1, "指指戳戳": 1, "波罗的海": 1, "克罗地亚": 1, "敌国": 1, "亲密": 1, "小兄弟": 1, "自然": 1, "俄罗斯": 6, "糟糕": 2, "毕竟": 3, "隔": 1, "十万八千": 1, "战略": 1, "冲突": 1, "太": 5, "伊朗": 2, "愤怒": 1, "指责": 1, "场": 1, "小丑": 1, "表演": 1, "国务卿": 1, "蓬佩奥": 1, "刚刚": 1, "13日": 1, "14日": 1, "中东": 3, "峰会": 2, "主题": 1, "对付": 1, "请": 3, "捷克": 2, "封杀": 1, "批评": 1, "流产": 1, "出手": 1, "排除": 1, "暗示": 1, "挺身而出": 1, "两肋插刀": 1, "常理": 1, "推断": 1, "1": 2, "高科技": 1, "偷窃": 1, "抓间": 1, "谍真": 1, "能干": 1, "抓": 1, "抓到": 1, "可谓": 1, "屋漏": 1, "偏逢": 1, "连夜": 1, "雨": 1, "船破": 1, "顶头风": 1, "真的": 1, "多面": 1, "作战": 1, "远": 1, "平息": 1, "自媒体": 1, "分析": 1, "说到": 1, "8日": 2, "美方": 1, "提出": 2, "引渡": 2, "申请": 2, "自动": 1, "释放": 1, "错": 1, "60": 1, "斗争": 1, "高潮": 1, "到来": 1, "几点": 1, "粗浅": 1, "看法": 3, "追杀": 1, "不用": 1, "抓华": 1, "华尔街": 3, "日报": 3, "下令": 1, "研发": 1, "带": 1, "回": 1, "总部": 2, "这不": 1, "中国人": 2, "讲究": 1, "贵": 1, "希望": 2, "四面树敌": 1, "树欲": 1, "静风": 1, "不止": 1, "行径": 1, "大度": 1, "容忍": 1, "脾气": 1, "确实": 3, "熊": 1, "包": 1, "第三": 1, "苹果": 10, "卖": 1, "乌克兰": 1, "追随": 1, "制裁": 1, "反制": 1, "禁止": 1, "进口": 1, "蔬菜": 1, "出口国": 1, "三分之二": 1, "出口": 1, "理由": 1, "抽检": 1, "90%": 1, "杀虫剂": 1, "超标": 1, "办法": 1, "掀起": 1, "吃": 2, "运动": 2, "英语": 1, "谚语": 1, "天一": 1, "医生": 1, "远离": 3, "口号": 2, "普京": 1, "努力": 1, "开拓": 1, "改为": 1, "10": 2, "俗话": 1, "可怜": 1, "门垫子": 1, "汉斯": 1, "伊万": 1, "出门": 1, "踩": 1, "脚": 1, "好好": 1, "反思": 1, "国": 1, "智能": 4, "扛": 1, "把子": 1, "表现": 4, "甚为": 1, "优秀": 1, "高端": 4, "系列": 35, "火爆": 1, "mate": 1, "P系列": 11, "异军突起": 1, "Nova": 5, "热销": 1, "机型": 1, "很多": 4, "挑选": 1, "适合": 1, "小编": 6, "告诉": 1, "区别": 1, "到底": 1, "选": 1, "介绍": 2, "Mate": 19, "不管是": 2, "当家": 1, "旗舰": 4, "产品": 4, "走": 2, "国际化": 1, "路线": 1, "外媒": 2, "最多": 1, "可观": 1, "外观": 5, "配置": 1, "不少": 2, "商务": 4, "精英": 2, "首选": 1, "新款": 5, "更新": 1, "简约": 1, "大方": 1, "线条": 2, "硬朗": 2, "尽显": 1, "商务范": 2, "科技感": 1, "十足": 1, "设计": 4, "理念": 1, "一经": 1, "上市": 4, "备受": 1, "最新": 1, "率先": 1, "加上": 1, "简洁": 1, "三星": 3, "疲软": 1, "弥补": 2, "空白": 1, "中流砥柱": 1, "宣传": 2, "代言人": 2, "纯粹": 1, "本身": 1, "竞争力": 1, "像是": 1, "女性": 7, "版本": 1, "4月": 1, "发布": 3, "相差": 1, "半年": 2, "统统": 1, "目标": 2, "定位": 3, "颜色": 2, "鲜艳": 1, "选择": 7, "多样": 1, "柔和": 1, "市面": 1, "广告会": 1, "到位": 3, "拍摄": 1, "广告": 1, "唯美": 1, "精致": 1, "吊足": 1, "胃口": 1, "主打": 1, "科技": 2, "时尚": 2, "风格": 2, "外形": 2, "过于": 1, "对比": 1, "之下": 1, "优势": 5, "摄像头": 1, "受众": 2, "群体": 3, "拍照": 1, "一番": 1, "心思": 1, "中端": 2, "不错": 3, "偏向": 1, "年轻人": 1, "大胆": 1, "针对": 1, "青年人": 1, "邀请": 1, "新生": 1, "偶像": 1, "代言": 1, "价位": 2, "低上": 1, "配件": 1, "均": 2, "丝毫": 1, "逊色": 1, "追求": 1, "花": 1, "价钱": 1, "买": 3, "性价比": 1, "符合": 1, "身份": 3, "倾心": 1, "评论区": 1, "留言": 1, "讲讲": 1, "昨天": 1, "深夜": 1, "王": 7, "伟晶": 7, "内部": 1, "波": 1, "案件": 2, "指出": 3, "大本营": 2, "近年来": 2, "身处": 1, "俄": 2, "前哨": 2, "位置": 1, "北约": 2, "极为": 1, "倚重": 1, "声音": 1, "独立": 2, "阻碍": 1, "推进": 1, "消息": 3, "最初": 1, "未": 3, "透露": 2, "大型": 2, "电子": 1, "主管": 1, "波兰人": 1, "圈中": 1, "颇": 1, "名气": 1, "刑期": 1, "路透社": 1, "援引": 1, "发言人": 3, "表述": 1, "介入": 1, "人均": 1, "认罪": 1, "人为": 1, "皮奥特德尔巴罗": 1, "Durbajlo": 1, "2017年": 3, "办事处": 1, "任职": 4, "LinkedIn": 2, "网站": 1, "皮奥特": 2, "2000年": 1, "长期": 1, "经历": 2, "内": 1, "简历": 1, "提及": 1, "如今": 1, "顾问": 3, "央视": 1, "客户": 1, "端讯": 1, "多方": 1, "涉案": 2, "有限公司": 1, "公共关系部": 1, "部长": 2, "观察者": 1, "网": 1, "机关": 1, "扎瑞": 1, "Stanisaw": 1, "aryn": 1, "推特": 1, "CIA": 1, "FBI": 1, "国务院": 1, "在内": 1, "6": 1, "@": 1, "截至": 2, "住所": 1, "办公处": 1, "皮奥特所": 1, "文件": 1, "扣押": 1, "中新社": 1, "2008年": 1, "中东欧": 1, "北欧": 1, "26": 1, "设立": 1, "初": 1, "份额": 2, "1.3%": 1, "4": 2, "市占率": 1, "连续": 1, "23%": 1, "GfK": 1, "36%": 1, "高出": 1, "百分点": 1, "销售商": 1, "日前": 1, "东欧": 1, "领跑者": 1, "李俊风": 1, "地处": 1, "地带": 1, "地理": 1, "唯一": 1, "经济": 1, "危机": 1, "期间": 1, "GDP": 1, "欧盟": 1, "右翼": 1, "势力": 1, "兴起": 1, "为数不多": 1, "铁杆": 1, "9月": 1, "杜": 1, "访": 1, "华盛顿": 1, "美军": 1, "境内": 2, "建立": 1, "永久": 1, "军事": 1, "基地": 1, "出资": 1, "20亿": 1, "美元": 1, "南华": 1, "早报": 1, "事务": 3, "协会": 1, "分析师": 1, "普里克德尼亚克": 1, "此次": 1, "出人意料": 1, "视作": 1, "担忧": 2, "一部分": 1, "协同": 1, "相互": 1, "发生": 1, "犯罪": 1, "瑞士": 1, "咨询": 1, "CARG）格纳提": 1, "Solange": 1, "Ghernaouti": 1, "之间": 1, "难": 1, "主动": 1, "权利": 1, "依赖": 2, "12日": 2, "斯科特·布拉德利": 4, "Scott": 2, "Bradley": 2, "辞任": 2, "职": 3, "充当": 1, "发表": 1, "担任": 3, "布拉德利": 1, "扣留": 1, "焦点": 1, "全国": 1, "贸易性": 1, "团体": 2, "委员会": 1, "主席": 1, "高速": 1, "普及": 1, "现状": 1, "启动": 1, "评估": 1, "小规模": 1, "试点": 1, "数码": 1, "方舟": 1, "傍晚": 1, "代表处": 1, "原因": 3, "涉嫌": 2, "违反": 2, "不良": 2, "影响": 2, "依据": 1, "劳动": 1, "合同": 1, "终止": 2, "雇佣": 2, "看点": 1, "确认": 2, "波兰语": 1, "事发": 1, "公关部": 1, "此人": 2, "无关": 1, "损害": 1, "恼火": 1, "也就是说": 2, "开除": 1, "生效": 1, "羁押": 1, "最终": 1, "事情": 1, "简单": 1, "magic3": 12, "来袭": 3, "显华": 2, "后悔": 2, "magic2": 7, "前不久": 1, "款": 17, "当中": 1, "代表性": 1, "搭载": 1, "滑盖式": 1, "结构": 3, "吸引": 1, "同时间": 1, "小米": 2, "mix3": 2, "足够": 1, "强大": 2, "长": 1, "段": 1, "magic": 2, "下一代": 1, "新机": 2, "曝光": 2, "分享": 1, "性格": 1, "来讲": 1, "kirin990": 2, "CPU": 1, "预计": 3, "明年": 2, "下半年": 1, "差不多": 2, "10月份": 1, "实力": 1, "速度": 1, "快": 1, "到时候": 1, "可能性": 1, "内存": 1, "组合": 2, "方式": 1, "6GB": 1, "128GB": 1, "10Gb加": 1, "512GB": 1, "这样一来": 2, "体现": 1, "图片": 1, "整体": 2, "比如说": 1, "好看": 1, "网友": 1, "真机": 1, "反馈": 1, "机身": 3, "手感": 1, "优化": 1, "材质": 1, "电池": 1, "厚度": 2, "缩减": 2, "轻": 1, "依旧": 1, "滑盖": 2, "边框": 1, "窄": 1, "主屏": 1, "占有": 1, "比例": 1, "95%": 1, "比起": 1, "上一代": 1, "想要": 1, "期待": 1}