{"印度": 5, "：": 13, "排除": 1, "中国": 16, "供应商": 5, "参与": 6, "5G": 88, "测试": 4, "华为": 198, "段": 1, "时间": 7, "当中": 3, "发展": 13, "路程": 1, "走": 2, "技术": 17, "影响": 7, "美国": 25, "对待": 1, "态度": 2, "想": 6, "做出": 2, "抵制": 3, "情况": 10, "声称": 3, "设备": 12, "件": 4, "事情": 6, "淡": 1, "前段": 2, "列入": 1, "实体名单": 2, "导致": 2, "大部分": 2, "当地": 4, "企业": 10, "断供": 4, "暂停": 1, "合作": 6, "做法": 4, "很": 15, "局面": 2, "意识": 3, "解除": 1, "禁令": 1, "一个": 20, "不错": 2, "消息": 6, "市场": 14, "传出": 1, "拒绝": 3, "实验": 4, "说出": 2, "想要": 5, "电信": 2, "网络": 42, "余温": 1, "看法": 3, "下定": 1, "担心": 2, "同意": 1, "访问": 1, "客户": 8, "数据": 4, "办法": 2, "保证": 4, "完毕": 1, "签下": 2, "后门": 1, "协议": 1, "去年": 2, "怀疑": 1, "国家": 17, "都": 19, "否认": 1, "一点": 5, "信任": 2, "诺基亚": 5, "爱立信": 1, "优势": 4, "威胁": 3, "看待": 1, "众所周知": 2, "相比": 4, "厂商": 4, "遥遥领先": 1, "针对": 2, "临危不惧": 1, "原因": 3, "给出": 2, "最新": 1, "50": 3, "份": 2, "订单": 5, "基站": 3, "出货量": 2, "超过": 6, "15万": 1, "台": 1, "轮": 1, "对比": 2, "拿下": 2, "全球": 13, "第一": 7, "名": 9, "再次": 2, "传来": 1, "西班牙": 4, "瑞士": 1, "、": 47, "英国": 1, "开通": 3, "商用": 2, "此次": 1, "欧洲": 6, "城": 1, "实力": 9, "打脸": 1, "高管": 1, "口嗨": 1, "言论": 2, "靠着": 1, "时代": 8, "消费者": 5, "体验": 8, "领先性": 1, "为由": 1, "随后": 1, "五": 2, "眼": 1, "联盟": 1, "监听": 1, "美国商务部": 1, "添加": 2, "管制": 2, "期间": 3, "抢走": 1, "诸多": 1, "高层": 1, "指责": 1, "面对": 1, "无中生有": 1, "职责": 1, "用用": 1, "证明": 3, "韩国": 1, "东亚": 1, "日报": 1, "记者": 1, "有趣": 3, "媒体": 3, "三星": 3, "LG": 3, "款": 10, "手机": 60, "人口": 2, "密集": 1, "场所": 1, "评测": 1, "显示": 2, "U+": 2, "服务": 3, "最为": 1, "稳定": 1, "正是": 2, "三大": 2, "运营商": 2, "唯一": 2, "一家": 6, "构建": 4, "出众": 1, "研发": 11, "积累": 2, "此前": 2, "MWC2019": 1, "上海": 1, "展会": 2, "华为何": 1, "刚": 1, "投入": 5, "40亿": 1, "美元": 1, "资金": 3, "增加": 3, "封禁": 1, "任正非": 21, "接受": 1, "采访": 2, "公司": 37, "业务": 3, "收缩": 1, "重视": 1, "才": 8, "2100": 1, "项目": 13, "标准": 3, "专利": 3, "领先": 5, "排名": 2, "第二": 4, "500": 1, "印证": 1, "短期": 1, "追上": 1, "番": 1, "如今": 4, "刚刚": 2, "硬": 1, "越来越": 4, "用户": 14, "熟知": 1, "运营": 1, "商会": 1, "选择": 6, "牵手": 1, "文": 1, "凉熙华": 1, "可谓": 1, "活跃": 2, "大众": 1, "视线": 1, "互联网": 2, "代表": 2, "速度": 6, "迅猛": 1, "通讯": 2, "领域": 3, "成就": 2, "出名": 1, "捷足先登": 1, "很快": 1, "匹": 1, "黑马": 1, "智能": 8, "苹果": 5, "iPhone": 1, "仅次于": 1, "制造商": 1, "占据": 3, "地位": 2, "早就": 1, "铺设": 2, "世界": 9, "前列": 3, "理念": 4, "所以说": 2, "地步": 1, "弄": 1, "热度": 1, "订单量": 1, "比不上": 1, "摆": 1, "国际": 3, "接到": 1, "实在": 2, "眼红": 1, "打压": 2, "制裁": 2, "阻止": 1, "吸引": 1, "大地": 1, "声誉": 1, "大国": 1, "率先": 2, "流行": 1, "相关": 2, "30多": 3, "拥有": 8, "40多": 1, "超越": 1, "半数": 1, "份额": 1, "纷纷": 1, "支持": 13, "德国": 1, "法国": 1, "建设": 7, "布局": 1, "信任度": 1, "澳大利亚": 19, "盟友": 1, "站": 2, "阵线": 1, "公开": 1, "最终": 4, "落后于": 1, "难": 1, "建立": 2, "推进": 1, "宽带": 5, "(": 4, "NBN": 4, ")": 4, "损失": 2, "惨重": 1, "高达": 2, "2000亿": 2, "元": 8, "环境": 5, "推出": 6, "包括": 1, "通信": 6, "落后": 1, "研究": 2, "还付出": 1, "人力": 1, "物力": 1, "失败": 4, "很多": 10, "笑话": 1, "自给自足": 1, "业内": 1, "人士": 1, "放": 1, "优良": 1, "资源": 1, "珍惜": 1, "反而": 1, "一意孤行": 1, "听": 1, "别人": 3, "劝告": 1, "这是": 4, "过不去": 1, "战队": 1, "网友": 3, "理解": 1, "速率": 1, "网速": 6, "龟速": 1, "形容": 1, "发达国家": 1, "排": 1, "第59": 1, "尴尬": 1, "迎接": 1, "到来": 2, "4G": 3, "称": 2, "传输": 2, "6M/S": 1, "报道": 3, "投资": 1, "500亿": 1, "澳元": 1, "人民币": 2, "为止": 1, "100万": 1, "提供": 2, "M": 1, "好几": 1, "年前": 2, "国内": 5, "100M": 1, "工信部": 1, "进一步": 5, "提速": 3, "降费": 1, "未来": 3, "提高": 2, "面临": 2, "感到": 3, "这次": 2, "肯定": 5, "得不偿失": 1, "功亏一篑": 1, "远远": 1, "甩": 1, "身后": 1, "先进": 3, "处于": 1, "遗憾": 1, "错误": 1, "估计": 1, "毕竟": 2, "想法": 1, "本文": 2, "不凡": 1, "智库": 1, "原创": 1, "出品": 1, "未经": 1, "许可": 1, "渠道": 1, "平台": 1, "请勿": 1, "转载": 1, "违者": 1, "必究": 1, "步入": 1, "社会": 2, "赋予": 1, "功能": 21, "屏幕": 4, "日益": 1, "变大": 1, "续航": 3, "内存": 5, "长期": 6, "时常": 2, "卡顿": 3, "电池": 3, "耐用": 1, "发热": 1, "发烫": 1, "关闭": 20, "即可": 6, "缓解": 1, "能力": 5, "稳步": 1, "提升": 5, "！": 9, "窍门": 2, "系统": 17, "软件": 5, "自动": 11, "下载": 7, "归根究底": 1, "负荷": 1, "优化": 4, "变得": 2, "尤为": 1, "偷偷": 1, "更新": 5, "默认": 2, "占用": 3, "设置": 11, "找到": 3, "——": 19, "点击": 4, "左上": 1, "角": 1, "三点符号": 1, "弹出": 1, "WLAN": 2, "同步": 3, "商城": 1, "用来": 1, "APP": 5, "也许": 1, "空闲": 1, "打开": 5, "WLAN闲": 1, "；": 7, "改进": 5, "计划": 8, "据悉": 1, "旨在": 1, "官方": 5, "沟通": 3, "产品": 4, "效果": 1, "类似于": 1, "生活": 2, "意见箱": 1, "勾选": 2, "上传": 1, "用于": 1, "涉及": 1, "隐私": 1, "泄露": 1, "电量": 2, "消耗": 1, "作用": 1, "不大": 2, "标志": 1, "成功": 4, "杂志": 5, "锁屏": 4, "不知": 1, "发现": 1, "相册": 2, "保存": 3, "开启": 2, "不知不觉": 1, "这项": 1, "桌面": 2, "壁纸": 1, "省下": 2, "存储": 1, "空间": 2, "流量": 1, "微信": 5, "社交": 1, "来源于": 1, "通用": 1, "照片": 3, "视频": 2, "文件": 1, "选项": 1, "好友": 1, "发送": 1, "拍摄": 1, "本地": 1, "以此": 1, "或许": 1, "帮到": 1, "节省": 1, "不少": 5, "搜索": 1, "手势": 3, "耗费": 1, "电": 1, "辅助": 1, "控制": 6, "动作": 1, "翻转": 1, "拿起": 1, "拿到": 1, "耳边": 1, "常用": 1, "编辑": 1, "项森": 1, "提到": 1, "半导体": 5, "芯片": 17, "欧": 2, "从来": 1, "想象": 2, "科技": 13, "危机": 3, "颤抖": 1, "这家": 1, "牛": 1, "创业者": 1, "56": 3, "岁": 7, "创业": 3, "86": 1, "执掌": 1, "万亿": 1, "资产": 1, "台湾": 3, "父": 1, "张忠谋": 7, "年少": 1, "经历": 2, "战乱": 1, "努力": 3, "动力": 1, "41": 1, "统领": 1, "三万多": 1, "员工": 18, "创办": 1, "台积电": 14, "88岁": 2, "2000多": 1, "亿": 2, "营收": 1, "利润": 3, "800亿": 1, "高于": 1, "500多亿": 1, "挣钱": 1, "华人": 1, "2019年": 2, "5月": 1, "力挺": 5, "不对": 1, "危难": 1, "时刻": 2, "朋友": 1, "究竟": 1, "海思": 1, "设计": 7, "组装": 1, "码": 1, "代工": 2, "生产": 5, "高科技": 1, "含量": 1, "尤其是": 1, "质量": 1, "误差": 1, "报废": 1, "关键": 2, "自主": 2, "供应": 1, "毁灭性": 1, "打击": 1, "量产": 2, "所需": 1, "专家": 1, "分析": 1, "真的": 3, "只能": 4, "2000": 1, "中低端": 1, "回到": 1, "2012年": 1, "2013年": 2, "麒麟": 2, "时期": 1, "销量": 2, "背后": 1, "骤降": 1, "联合": 1, "劝说": 1, "政府": 3, "实体": 1, "解禁": 1, "惊讶": 2, "地方": 2, "创立": 2, "事业": 2, "顶": 1, "巧合": 1, "诞生": 1, "1987年": 2, "深圳": 1, "安排": 1, "年后": 1, "伙伴": 2, "抵御": 1, "外来": 1, "臂膀": 1, "旧": 1, "年代": 1, "出生": 1, "1931年": 1, "生人": 2, "1944年": 1, "75": 1, "整整": 1, "13": 1, "吃苦": 1, "勇于": 1, "创新": 8, "冒险": 1, "贡献": 3, "举动": 1, "ICT": 1, "信息": 3, "基础": 1, "设施": 1, "终端": 5, "提供商": 1, "致力于": 1, "数字": 3, "带入": 2, "家庭": 2, "组织": 5, "万物": 2, "互联": 2, "18.8万": 2, "遍及": 1, "170": 1, "地区": 2, "网站": 1, "介绍": 2, "短短": 1, "平淡": 1, "透": 1, "荣耀": 1, "展现": 1, "顶级": 1, "跨国公司": 1, "气魄": 1, "愿景": 3, "担当": 1, "风云": 1, "激荡": 1, "逆风": 1, "飞扬": 1, "透露": 1, "照样": 1, "热火朝天": 1, "人数": 2, "扩展": 1, "19.4万": 1, "…": 1, "20多": 1, "那时候": 1, "追赶者": 1, "无人区": 1, "引领者": 1, "遥远": 1, "1992年": 1, "成立": 1, "5": 4, "对着": 1, "吹牛": 2, "20年": 2, "行业": 3, "三": 6, "天下": 1, "哄堂大笑": 1, "老板": 1, "吹": 1, "牛皮": 1, "记": 1, "2016年": 1, "正式": 1, "领导者": 2, "回首": 1, "事实": 1, "初定": 1, "为此": 1, "员工们": 1, "理由": 1, "数一数二": 1, "阿甘": 1, "傻": 1, "愚笨": 1, "向前": 1, "跑": 2, "筋": 1, "简单": 2, "关系": 1, "执着": 2, "高效": 1, "宏大": 1, "使命感": 2, "乔布斯": 1, "驱动": 1, "6月": 1, "29日": 1, "卓越": 1, "麻省": 2, "理工": 2, "评论": 2, "评选": 3, "聪明": 1, "历史": 4, "悠久": 1, "影响力": 2, "2010": 1, "举办": 1, "依据": 1, "核心": 3, "指标": 1, "高精尖": 1, "商业": 2, "模式": 13, "内": 1, "聚焦": 1, "时至今日": 1, "国内外": 1, "赞誉": 1, "备受": 1, "尊崇": 1, "整体": 1, "实际上": 1, "股东": 1, "管理": 7, "100%": 1, "持有": 2, "民营": 1, "工会": 1, "实行": 2, "持股": 6, "96,768": 1, "机构": 6, "股权": 2, "完善": 1, "内部": 1, "治理": 3, "架构": 2, "选举": 5, "115": 1, "代表会": 3, "董事长": 10, "16": 1, "董事": 2, "董事会": 9, "4": 3, "副董事长": 5, "3": 2, "常务董事": 1, "轮值": 8, "担任": 2, "方式": 1, "主持": 3, "常务": 2, "行使": 2, "战略": 4, "经营": 6, "决策权": 2, "满意度": 2, "责任": 2, "权力": 3, "分配": 3, "增资": 1, "监事": 1, "事项": 1, "决策": 1, "对外": 1, "中心": 2, "创造": 2, "价值": 1, "对内": 1, "奋斗": 2, "奋斗者": 2, "贡献者": 1, "回报": 1, "产业": 2, "开源": 1, "社区": 1, "大学": 1, "共赢": 1, "生态圈": 1, "推动": 1, "遵从": 1, "所在国": 1, "法律": 1, "法规": 1, "就业": 1, "带来": 3, "税收": 1, "数字化": 1, "开放": 1, "股东会": 1, "承担": 1, "带领": 1, "使命": 1, "17": 1, "成员": 1, "梁华": 1, "郭平": 1, "徐": 1, "直军": 1, "胡厚崑": 1, "孟晚舟": 1, "丁耘": 1, "余承东": 1, "汪涛": 1, "徐文伟": 1, "陈黎芳": 1, "彭": 1, "中阳": 1, "何庭波": 1, "李": 1, "英涛": 1, "姚": 1, "福海": 1, "陶": 1, "景文": 1, "阎力": 1, "委员会": 1, "当值": 1, "领袖": 2, "创始人": 1, "精神": 1, "日常": 1, "持续": 2, "改善": 2, "流程": 1, "考核": 1, "增长": 2, "1.14%": 1, "股份": 4, "史蒂夫·乔布斯": 2, "0.8%": 1, "稀释": 2, "学习": 1, "如是说": 1, "据说": 1, "1.01%": 1, "票": 1, "否决权": 1, "交": 1, "7": 1, "团队": 2, "垮掉": 1, "30年": 1, "不可避免": 1, "怠惰": 1, "艰苦奋斗": 2, "价值观": 1, "坚守": 1, "动摇": 1, "状态": 1, "煞费心思": 1, "2002年": 1, "施行": 1, "虚拟": 1, "制度": 3, "2008年": 1, "激励": 3, "微调": 1, "虚拟股": 1, "饱和": 1, "配股制": 1, "实施": 1, "单位": 1, "TUP": 1, "Time": 1, "Unit": 1, "Plan": 1, "采用": 4, "递延": 1, "+": 3, "递增": 1, "方案": 2, "基于": 1, "前途": 1, "永久": 1, "奖金": 1, "消除": 1, "一劳永逸": 1, "少劳": 1, "弊端": 1, "覆盖": 1, "文化": 1, "落到实处": 1, "事实上": 1, "机制": 1, "当今": 1, "企业界": 1, "案例": 1, "宝贵": 1, "财富": 1, "无私": 1, "空前绝后": 1, "高度": 1, "评价": 1, "提醒": 1, "必定": 1, "持久": 1, "活": 1, "精彩": 1, "人生": 1, "提起": 1, "字": 1, "快": 3, "确实": 1, "双模": 6, "仅仅": 1, "SA": 4, "NSA": 10, "组网": 4, "指": 3, "独立": 2, "Non-Standalone": 1, "升级": 1, "核心网": 2, "班": 5, "老师": 4, "班级": 1, "班主任": 2, "成本": 1, "低": 3, "具备": 1, "高速率": 2, "场景": 3, "SA指": 1, "Standalone": 1, "单独": 1, "负责": 1, "需求": 2, "长久": 1, "时延": 1, "大连": 1, "好处": 1, "优先": 1, "好比": 1, "小轿车": 1, "平坦": 1, "公路": 2, "行驶": 1, "SA/NSA": 3, "跑山路": 1, "SUV": 1, "轻松": 1, "适配": 1, "7nm": 3, "Balong": 1, "5000": 3, "加持": 1, "双卡双待": 3, "卡下": 1, "MODEM": 1, "逻辑": 1, "双卡": 1, "挑战": 1, "工作": 1, "手机卡": 1, "均": 2, "VOLTE": 1, "卡": 2, "通话": 1, "过程": 1, "呼叫": 1, "进来": 1, "搭载": 2, "模": 1, "进网": 1, "许可证": 1, "HUAWEI": 2, "Mate20": 6, "X": 7, "5G版": 10, "超乎": 1, "省心": 1, "便捷": 2, "关注": 3, "熊": 1, "掌号": 1, "一手": 1, "资讯": 1, "技巧": 1, "称为": 1, "G元": 1, "自然": 2, "焦点": 1, "最多": 1, "遥遥": 1, "领先于": 2, "近日": 1, "曝光": 1, "旗下": 1, "发布": 6, "日期": 1, "欣喜": 1, "3C": 1, "认证": 1, "联通": 1, "重点5": 1, "G测": 1, "试机": 1, "开售": 1, "试运营": 1, "未": 1, "登录": 1, "宣传": 1, "预计": 1, "上市": 6, "不必": 1, "着急": 1, "Mate": 4, "X华": 1, "X自": 1, "2月": 1, "MWC": 1, "面世": 1, "该机": 3, "看点": 3, "无疑": 1, "折叠": 2, "鹰翼式": 1, "铰链": 1, "机身": 1, "厚度": 1, "合页": 1, "紧密": 1, "贴合": 1, "过于": 1, "厚重": 1, "倍": 1, "光学": 1, "变焦": 1, "55W": 1, "快充": 1, "9月": 1, "第三": 2, "Mate30": 4, "年度": 1, "旗舰": 1, "30": 1, "麒麟985": 1, "工艺": 1, "制成": 1, "性能": 3, "功耗": 1, "顶尖": 1, "水准": 1, "以往": 1, "惯例": 1, "用上": 1, "当年": 1, "充电": 1, "拍照": 3, "表现": 1, "都会": 1, "大幅": 1, "12月": 1, "系列": 2, "值得一提的是": 1, "处理器": 3, "巴龙": 3, "SA5G": 1, "淘汰": 1, "高通": 2, "骁龙X50": 1, "长": 1, "寿命": 1, "骁龙": 1, "超强": 1, "不妨": 1, "对此": 1, "谈谈": 1, "观点": 1, "文/JING": 1, "首款": 3, "销售": 2, "Mate20x5G版": 1, "定价": 2, "6607": 1, "披露": 2, "上万": 1, "价格": 5, "亲民": 1, "7月": 1, "Mate20x5G": 4, "版本": 3, "开发": 1, "980": 1, "50005": 1, "G基带": 1, "全新": 1, "兼容": 1, "2G": 1, "3G": 1, "普及": 3, "实用性": 1, "不得不": 1, "售价": 3, "一万": 1, "望而却步": 1, "Mate20x5g": 1, "6500": 1, "算是": 1, "诚意": 1, "打造": 1, "上涨": 1, "6000": 1, "期待": 1, "预算": 1, "有限": 1, "等到": 1, "两三": 1, "降价": 1, "太": 3, "晚": 1, "打响": 1, "枪": 1, "站稳": 1, "脚跟": 1, "众多": 1, "彰显": 1, "性价比": 1, "发挥": 1, "淋漓尽致": 1, "外观": 1, "黑科技": 2, "不用": 2, "插卡": 2, "wifi": 1, "上网": 2, "感觉": 2, "做梦": 2, "谷歌": 3, "安卓": 3, "iOS": 1, "IOS": 1, "好用": 1, "平时": 2, "我国": 2, "慢慢": 1, "壮大": 1, "美方": 1, "自觉": 1, "本土": 1, "中断": 1, "意味着": 1, "电脑": 1, "windows": 1, "这一切": 1, "显得": 1, "异常": 1, "糟糕": 1, "好在": 1, "暗地": 1, "部署": 1, "多年": 1, "机会": 1, "光明正大": 1, "一大": 1, "过后": 1, "掀起": 1, "一阵": 1, "波澜": 1, "放弃": 1, "愚昧": 1, "两亿": 1, "差": 1, "一点点": 1, "就要": 1, "赶超": 1, "用户们": 1, "扫码": 1, "识别": 2, "路上": 1, "东西": 3, "拍": 1, "网上": 1, "问问": 1, "网友们": 1, "千奇百怪": 1, "所以然": 1, "扫描": 1, "上几": 1, "秒钟": 1, "获取": 1, "物体": 1, "完整": 2, "询问": 1, "解释": 2, "关节": 2, "敲击": 1, "一键": 1, "抓取": 1, "截图": 5, "比如说": 2, "伸出": 1, "手指": 1, "小米": 1, "快速": 1, "滑动": 1, "关机": 1, "音量": 1, "键": 1, "指关节": 1, "双击": 1, "画面": 1, "截取": 1, "画S": 1, "后续": 1, "图案": 1, "天际": 1, "稍稍": 1, "新颖": 1, "传统": 2, "差距": 1, "连接": 1, "无线": 1, "购买": 1, "套餐": 1, "霸气": 1, "出国": 1, "出差": 1, "工作族们": 1, "实用": 1}