{"华为": 215, "近期": 5, "4": 4, "喜讯": 3, "确认": 2, "5G": 21, "好评": 4, "相互": 3, "转告": 3, "！": 33, "中华": 2, "有为": 2, "民族": 1, "骄傲": 1, "都": 23, "陌生": 1, "世界": 11, "第一": 8, "通讯": 3, "供应商": 2, "第二": 4, "手机": 68, "品牌": 6, "厂商": 6, "上市": 11, "全球": 33, "500": 2, "前列": 1, "中国": 28, "民营": 2, "企业": 19, "重重": 1, "光环": 1, "环绕": 1, "未来": 1, "时代": 6, "竞赛": 1, "遥遥领先": 1, "同行业": 1, "唯一": 1, "一个": 14, "提供": 2, "端到": 1, "端全": 1, "服务": 1, "技术": 10, "领先": 3, "性价比": 1, "订单": 7, "正是": 2, "夺目": 1, "耀眼": 1, "发展": 16, "道路": 1, "阻碍": 1, "很多": 16, "国人": 3, "群情": 1, "激奋": 1, "处境": 1, "岌岌可危": 1, "很快": 2, "官方": 1, "辟谣": 1, "海外": 2, "很": 20, "报道": 5, "过度": 1, "解读": 1, "不实": 1, "困难": 1, "修炼": 1, "内功": 1, "都会": 6, "克服": 1, "事实": 2, "确实": 3, "1": 2, "、": 32, "英国": 7, "签订": 4, "合同": 1, "运营商": 4, "拒绝": 1, "合作": 7, "选择": 1, "爱立信": 3, "诺基亚": 1, "为此": 2, "付出": 1, "努力": 1, "价码": 1, "退": 2, "依然": 1, "挽回": 1, "关键": 1, "时刻": 1, "神助攻": 1, "4G": 1, "网络": 6, "十一": 1, "国家": 14, "瘫痪": 2, "小时": 1, "损失": 1, "松口": 1, "二十": 1, "国家级": 1, "广受": 2, "证明": 2, "实力": 4, "一家": 3, "同意": 1, "无疑": 1, "代表": 2, "信号": 1, "越来越": 10, "正确": 1, "捷克": 5, "重建": 2, "友好": 2, "关系": 5, "政府": 9, "通知": 1, "禁止": 1, "工作": 4, "人员": 1, "原因": 6, "信息": 2, "纷纷": 1, "响应": 1, "设备": 8, "代表人": 1, "发言": 1, "希望": 2, "出示": 1, "证据": 2, "安全部": 1, "验证": 1, "毫无疑问": 1, "检查": 1, "漏洞": 1, "解除": 1, "禁令": 2, "3": 3, "印度": 3, "抛出": 1, "橄榄枝": 1, "参与": 3, "测试": 1, "深深": 1, "感受": 1, "优势": 1, "强大": 3, "认可": 4, "着手": 2, "捷报": 2, "连连": 2, "芬兰": 1, "第26": 1, "迪拜": 4, "500亿": 2, "土豪": 1, "大手笔": 1, "全世界": 4, "迪拜塔": 2, "mate20": 2, "系列": 11, "分钟": 2, "夜景": 1, "广告": 3, "就要": 1, "30万": 2, "美金": 1, "效果": 2, "弄到": 1, "灯光": 1, "熄灭": 1, "意义": 1, "不必": 1, "乘胜追击": 1, "加上": 2, "一口气": 1, "签下": 1, "6": 1, "中东": 1, "2018年": 20, "结束": 1, "画下": 1, "圆满": 1, "名声": 1, "众所周知": 1, "说起": 2, "处理器": 7, "感觉": 1, "苹果": 31, "A系列": 2, "芯片": 26, "高通": 3, "麒麟": 6, "比不上": 4, "网上": 4, "说法": 1, "真的": 7, "实话实说": 1, "性能": 6, "丢人": 1, "毕竟": 2, "起步": 1, "晚": 1, "覆盖": 1, "种类": 1, "甩": 1, "条": 1, "街": 1, "太": 4, "基本上": 1, "别人": 4, "卡脖子": 1, "980": 1, "安卓": 3, "强者": 1, "不用说": 1, "基带": 2, "巴龙": 1, "5000": 1, "款": 7, "电源": 2, "管理": 3, "音效": 2, "出自于": 1, "海思": 2, "均": 2, "采用": 4, "Dialog": 1, "别人家": 1, "AI": 3, "10月份": 1, "发布": 22, "昇腾": 2, "910": 1, "310": 1, "这是": 5, "面向": 1, "计算": 2, "场景": 1, "算力": 1, "SoC": 1, "基于": 1, "ARM": 1, "服务器": 1, "Hi1620": 1, "业界": 1, "首款": 1, "7nm": 1, "工艺": 4, "制造": 2, "数据": 7, "中心": 1, "计划": 2, "2019年": 3, "推出": 2, "路由器": 1, "凌霄": 1, "5651": 1, "通信": 1, "基站": 2, "海思ASIC": 1, "；": 4, "交换机": 1, "海思ENP": 1, "产品": 1, "自研": 1, "OptiXtreme": 1, "系列oDSP": 1, "领域": 2, "研究": 2, "不仅仅": 1, "简单": 4, "涉及": 1, "业务": 4, "方方面面": 1, "卡芯片": 1, "主流": 2, "水准": 1, "所以说": 1, "A": 1, "布局": 1, "旗下": 1, "公司": 48, "排名": 33, "第7": 2, "一点": 2, "自愧不如": 1, "国内": 10, "国外": 4, "牛": 1, "个例": 1, "沙特阿美": 1, "我国": 4, "最为": 2, "著名": 2, "未": 1, "市场": 12, "份额": 9, "第1": 1, "解决": 2, "方案": 1, "居": 1, "第2": 4, "2017年": 8, "营业": 3, "收入": 3, "6036亿": 2, "元": 26, "处于": 1, "榜首": 2, "位置": 3, "支持": 2, "一流": 1, "超过": 6, "绝大多数": 1, "创始人": 3, "任正非": 31, "话语权": 1, "财富": 9, "大概": 2, "从来": 1, "稳定": 1, "首富": 3, "宝座": 1, "胡润": 1, "研究院": 2, "公布": 4, "百富榜": 1, "2015年": 1, "80亿": 1, "第422": 1, "2016年": 1, "125亿": 1, "第230": 1, "130亿": 1, "262": 1, "170亿": 1, "第198": 1, "近些年": 2, "增长": 1, "算": 3, "远远": 1, "马化腾": 2, "顶级": 1, "企业家": 2, "马云": 1, "许家印": 1, "轮流": 1, "名下": 1, "持股": 6, "比例": 3, "更为": 1, "资本": 1, "资产": 1, "放大": 1, "1.4%": 4, "就算": 2, "超高的": 1, "估值": 1, "5000亿": 1, "美元": 7, "一块": 1, "创造": 4, "483亿": 1, "人民币": 19, "8万多": 1, "名": 16, "员工": 9, "合计": 1, "持有": 5, "98.6%": 2, "股份": 7, "一半": 1, "拥有": 2, "打工者": 1, "老板": 2, "股权": 4, "结构": 2, "资金": 2, "充足": 1, "圈钱": 1, "活动": 1, "乔布斯": 1, "一度": 1, "逼": 1, "离开": 1, "源于": 1, "牢牢": 1, "控制": 2, "住": 2, "担心": 1, "夺权": 2, "单个": 1, "相比": 1, "相差": 1, "远": 3, "股": 1, "买卖": 1, "享有": 4, "投票权": 1, "实质上": 1, "分红": 7, "离职": 1, "收回": 1, "股东": 1, "地位": 2, "显赫": 2, "拍板权": 1, "灵魂": 1, "人物": 2, "形象": 2, "带领": 1, "奇迹": 2, "符合": 2, "条件": 2, "交易": 1, "改变": 3, "撼动": 1, "万万": 2, "八哥": 1, "激励": 2, "措施": 1, "2008年": 1, "内部": 1, "分红权": 1, "表决权": 1, "所有权": 1, "准确": 1, "形式": 1, "虚拟": 1, "限股": 1, "作用": 2, "在于": 2, "才": 3, "待遇": 1, "每股": 2, "收益": 1, "2.83": 1, "1.02": 1, "也就是说": 2, "净利润": 5, "36%": 1, "总部": 1, "475亿": 2, "2.4亿": 1, "此前": 2, "对外": 2, "宣告": 1, "销售": 2, "规模": 1, "突破": 2, "1000亿": 1, "汇率": 2, "6.9": 1, "保守": 1, "价值": 1, "浮动": 1, "想": 7, "销售额": 3, "金额": 1, "7000亿": 2, "定局": 1, "净利率": 1, "7.87%": 1, "有望": 1, "换得": 1, "550亿": 1, "历史": 2, "算是": 1, "偏": 1, "低": 2, "标准": 1, "2018": 4, "至少": 1, "拿出": 1, "198亿": 1, "分到": 1, "2.77亿": 1, "创业者": 1, "获取": 1, "现金": 1, "运营": 1, "减持": 1, "股票": 1, "变现": 1, "实实在在": 2, "健康": 1, "白手起家": 1, "创立": 1, "带": 1, "打造": 1, "富豪榜": 1, "实业": 1, "效益": 1, "丝毫": 1, "逊色": 1, "对此": 3, "朋友": 4, "西方": 8, "媒体": 7, "刊文": 1, "公道": 1, "批评": 1, "美国": 14, "迫害": 4, "做法": 1, "哥伦比亚": 1, "大学": 10, "知名": 5, "经济学家": 3, "杰弗里·萨克斯": 1, "竟": 1, "意想不到": 1, "暴力": 1, "攻击": 3, "得意洋洋": 1, "宣称": 2, "萨克斯": 20, "逼迫": 1, "删除": 1, "社交": 2, "账号": 5, "这位": 2, "中国人": 2, "耿直哥": 1, "经济学界": 1, "充满": 2, "争议": 1, "休克": 3, "疗法": 3, "不少": 3, "耳闻": 1, "创造者": 1, "上世纪": 1, "理论": 1, "南美": 1, "智利": 1, "玻利维亚": 1, "东欧": 1, "波兰": 1, "爱沙尼亚": 1, "斯洛文尼亚": 1, "国": 1, "经济": 8, "遏制": 1, "恶性": 1, "通胀": 1, "种种": 1, "内外部": 1, "苏联": 1, "解体": 1, "俄罗斯": 1, "栽": 1, "跟头": 1, "影响": 2, "致力于": 1, "发展中国家": 2, "贫穷": 2, "消除": 1, "债务": 1, "减免": 1, "疾病": 1, "持续": 6, "出版": 1, "名为": 3, "终结": 1, "：": 19, "书籍": 1, "期间": 1, "身为": 1, "扶贫": 1, "模式": 2, "自然而然": 1, "关注": 7, "前不久": 1, "拍摄": 1, "贫困": 1, "消失": 1, "访谈": 1, "纪录": 1, "短片": 1, "意味着": 1, "责任": 1, "人口": 1, "大国": 3, "推动": 2, "可持续": 1, "扮演": 1, "角色": 1, "科技": 6, "创新": 3, "必不可少": 1, "目标": 1, "▲图": 1, "时报": 2, "介绍": 2, "投资": 6, "非洲": 1, "11月": 1, "数字": 2, "福祉": 1, "善": 1, "治理": 1, "报告": 3, "亲自": 1, "作序": 1, "各国": 1, "发生": 4, "事情": 2, "12月": 3, "初": 1, "高管": 1, "孟晚舟": 1, "加拿大": 1, "当局": 1, "逮捕": 1, "理由": 1, "违反": 1, "伊朗": 1, "哗然": 1, "干脆": 1, "动笔": 1, "写": 3, "篇": 5, "战争": 1, "文章": 7, "斥责": 1, "抓人": 1, "维护": 1, "法律": 1, "毫无": 2, "目的": 2, "保护": 1, "落后": 1, "玩儿": 2, "地缘": 1, "政治": 1, "国际": 3, "法治": 1, "和平": 1, "威胁": 2, "揭露": 1, "围堵": 1, "嘴脸": 1, "称": 3, "找": 2, "指控": 1, "渗透": 2, "抹黑": 1, "拉入": 1, "黑名单": 1, "自然": 2, "华": 7, "势力": 3, "痛恨": 1, "下图": 1, "华盛顿": 1, "邮报": 1, "撰稿": 1, "学者": 4, "Issac": 1, "Stone": 1, "Fish": 1, "展开": 1, "人身": 2, "批斗": 1, "钱": 5, "说话": 2, "讽刺": 1, "Isaac": 4, "污蔑萨克斯": 1, "帖子": 2, "倒是": 1, "疑似": 1, "国会": 1, "跟着": 3, "起哄": 1, "辱骂": 1, "美奸": 1, "卖国贼": 1, "卑鄙": 1, "理性": 1, "番": 2, "做出": 1, "回应": 3, "真心": 1, "尊重": 2, "写稿": 1, "进一步": 1, "阐述": 1, "观点": 1, "恨": 1, "美": 1, "协商": 1, "搞": 1, "冷战": 1, "甘心": 1, "逼人": 1, "站队": 1, "套路": 1, "如同": 1, "小丑": 1, "骂": 3, "尤其是": 3, "新疆": 4, "人权": 1, "骚扰": 4, "怀疑": 1, "情况": 5, "宣传": 3, "双标": 1, "误导": 1, "触怒": 1, "立刻": 2, "发帖": 1, "纠集": 1, "群": 1, "媒体人": 2, "恐怖": 1, "组织": 1, "东突": 1, "支持者": 1, "跑去": 1, "萨克斯发": 1, "立场": 1, "虚假": 1, "▲注": 1, "B": 1, ".": 1, "Allen-Ebrahimian": 1, "记者": 2, "长期": 1, "奋战": 1, "一线": 1, "杰作": 1, "包括": 1, "造谣": 1, "间谍": 1, "伪装": 1, "学生": 1, "游客": 1, "天后": 1, "发现": 1, "不见": 1, "平时": 1, "嚷嚷": 1, "言论": 2, "自由": 3, "分子": 1, "消失而不安": 1, "反而": 1, "兴奋": 2, "胜利": 1, "反华": 1, "质疑": 1, "收": 1, "萨克斯羞愧": 1, "删掉": 2, "外交": 1, "杂志": 1, "编辑": 1, "James": 1, "Palmer": 1, "遮掩": 1, "叫好": 1, "终于": 1, "赶走": 1, "逼得": 1, "解释": 1, "白痴": 1, "删帖": 1, "活该": 1, "成天": 1, "来源": 2, "|": 1, "环球": 1, "海外网": 1, "疯狂": 1, "P20": 3, "Mate20": 9, "旗舰机": 3, "叹为观止": 1, "到来": 2, "赞叹": 1, "期待": 2, "国产": 3, "蓄谋已久": 1, "机会": 1, "总体": 1, "销量": 4, "不错": 4, "女性": 2, "惊人": 2, "后置": 2, "三": 5, "摄": 4, "留念": 1, "年末": 1, "降价": 2, "消息": 3, "肯定": 3, "惊喜": 2, "不可思议": 1, "年会": 1, "带来": 1, "拭目以待": 1, "P30": 1, "Mate30": 1, "概念": 1, "图片": 1, "大肆": 1, "买": 1, "或者是": 1, "华位": 1, "感": 1, "兴趣": 1, "吸引力": 1, "面对": 1, "手中": 1, "麒麟970": 1, "麒麟980": 3, "如今": 1, "余承东": 1, "新年": 1, "信中": 1, "写道": 1, "P系列": 2, "Mate": 2, "高端化": 1, "吸引": 1, "眼球": 1, "独特": 1, "设计": 1, "亮点": 2, "意见": 1, "建议": 1, "留言": 2, "生活": 1, "水平": 1, "提高": 1, "科学技术": 1, "智能": 4, "飞速": 2, "三星": 2, "小米": 1, "30年": 1, "老牌": 1, "跃": 1, "事件": 3, "……": 1, "10月": 2, "mate10": 1, "稳固": 1, "徕卡": 3, "镜头": 2, "再次": 1, "进去": 1, "火": 2, "拍照": 2, "功夫": 1, "3月": 1, "华为p20": 2, "莱卡": 1, "深入人心": 1, "机器": 6, "人类": 1, "之上": 1, "争下": 1, "荣誉": 1, "4月": 1, "华为子": 1, "荣耀": 9, "10": 2, "这次": 4, "变色": 2, "玻璃": 2, "后盖": 2, "超声波": 1, "指纹": 1, "解锁": 1, "引来": 1, "新潮": 1, "6月": 1, "paly": 1, "黑科技": 4, "吓人": 1, "GPU": 3, "turbo": 2, "利用": 1, "涡轮": 1, "增压": 1, "原理": 1, "降低": 2, "功耗": 1, "发热": 1, "提升": 1, "游戏": 1, "首次": 3, "970": 1, "干": 1, "2000": 1, "8月": 1, "Nova3": 1, "麒麟710": 1, "首发": 5, "Nova3i": 1, "介于": 1, "骁龙": 4, "636": 1, "660": 2, "之间": 1, "不相上下": 1, "9月": 1, "8x": 1, "千元机": 1, "榜样": 1, "电梯": 1, "防伪": 1, "功能": 1, "超高": 1, "屏占": 1, "终端": 1, "7mn": 1, "年度": 4, "旗舰": 1, "mate": 1, "7": 2, "mn": 2, "搭载": 2, "跑分": 1, "吊": 1, "845": 1, "吃": 1, "鸡": 1, "王者": 1, "压力": 3, "26日": 1, "v20": 1, "980soc": 1, "挖孔": 1, "屏": 1, "满满": 1, "喜欢": 1, "评论区": 1, "留下": 1, "看法": 2, "精彩": 1, "这两年": 3, "快速": 1, "大众": 2, "有目共睹": 1, "相关": 1, "截止": 1, "25日": 1, "含": 2, "出货量": 6, "2亿": 1, "台": 5, "大关": 1, "对比": 2, "去年": 1, "1.53亿": 1, "三季度": 1, "超越": 8, "晋升": 1, "表现": 1, "出色": 1, "声音": 1, "网友": 1, "IOS": 1, "系统": 1, "讲": 1, "笔者": 1, "角度": 1, "看待": 1, "妄自菲薄": 1, "时间": 1, "倒回": 1, "有人": 3, "笑话": 1, "差距": 2, "洗牌": 1, "不可同日而语": 1, "高端": 5, "站稳": 1, "脚跟": 1, "下半年": 1, "扛鼎之作": 1, "Pro": 2, "得益": 1, "综合": 1, "项": 2, "加持": 1, "Pro自": 1, "热度": 1, "时期": 1, "iPhoneXR": 2, "分流": 1, "程度": 1, "国行": 1, "消费者": 1, "选": 2, "忽视": 1, "对手": 2, "盲目": 1, "自信": 1, "知名度": 1, "溢价率": 1, "利润": 2, "无独有偶": 1, "近日": 2, "调研": 1, "机构": 1, "Counterpoint": 1, "第三": 1, "季度": 1, "400": 1, "机型": 1, "8500万": 1, "占据": 2, "47%": 1, "12%": 1, "600": 1, "800": 2, "档位": 2, "占": 2, "上涨": 1, "61%": 1, "拿下": 1, "79%": 1, "内": 2, "依旧": 1, "当之无愧": 1, "霸主": 1, "高溢价率": 1, "智能机": 1, "行业": 3, "佼佼者": 1, "意外": 1, "预期": 1, "首周": 1, "900万": 1, "500万": 1, "现阶段": 1, "不切实际": 1, "小伙伴们": 1, "交流": 1, "老总": 3, "女儿": 8, "参加": 7, "巴黎": 4, "名媛": 5, "晚宴": 8, "气场": 5, "全开": 4, "争光": 2, "出名": 1, "名望": 1, "屈指可数": 1, "大事": 1, "备受": 2, "过硬": 1, "赢得": 1, "增加": 1, "总裁": 1, "密不可分": 1, "和蔼可亲": 1, "普普通通": 1, "样子": 1, "见到": 1, "竟然": 1, "集团": 2, "娱乐圈": 1, "商业": 1, "大佬": 1, "家人": 1, "家庭": 3, "动向": 1, "姚安娜": 8, "千金": 1, "女王": 3, "外国人": 1, "羡慕": 1, "一家人": 2, "全家福": 2, "相处": 1, "和谐": 2, "温馨": 1, "长": 1, "幅": 1, "可亲": 1, "脸": 2, "当中": 7, "站台": 2, "闹": 1, "纷纷扬扬": 1, "起因": 1, "场": 2, "晚会": 3, "地点": 1, "有头有脸": 1, "华人": 2, "赌王": 1, "岁": 2, "上身": 1, "穿": 1, "一身": 1, "淡色": 1, "礼裙": 1, "亮眼": 1, "外表": 1, "靓丽": 1, "肚子": 1, "墨水": 1, "就读": 1, "哈佛": 1, "王子": 1, "携手": 1, "走出": 1, "十足": 1, "范儿": 1, "争脸": 1, "众多": 1, "明星": 1, "合照": 1, "雅安": 1, "站": 1, "c位": 1, "安娜": 1, "身上": 1, "散发": 1, "气息": 1, "合力": 1, "环球网": 2, "ID": 1, "huanqiu": 1, "昨天": 1, "公号": 1, "研发": 19, "投入": 14, "100": 3, "排行榜": 1, "欧盟": 5, "委员会": 2, "(": 3, "EU": 2, ")": 3, "工业": 4, "The": 1, "Industrial": 1, "R&D": 1, "Investment": 1, "Scoreboard": 1, "46": 2, "地区": 3, "2500": 3, "2017": 1, "会计": 1, "调查": 1, "113.34亿": 1, "欧元": 1, "891.1698亿": 3, "名列": 2, "第五": 1, "跻身": 1, "百强榜": 1, "台湾": 1, "共有": 1, "11": 1, "网站": 1, "上查": 1, "查": 2, "翔实": 1, "份": 2, "2017-2018": 1, "汇总": 1, "上榜": 1, "438": 1, "778": 1, "577": 1, "日本": 1, "339": 1, "50": 1, "排": 5, "字母表": 2, "汽车": 1, "微软": 1, "位列": 1, "第5": 2, "竞争": 1, "第28": 1, "涨幅": 1, "2004年": 1, "14": 1, "年间": 1, "跃升": 1, "97": 1, "64": 1, "百度": 5, "阿里巴巴": 5, "腾讯": 5, "总和": 2, "229.122亿": 2, "51": 1, "175.7亿": 2, "第3": 1, "61": 1, "130.3652亿": 2, "81": 1, "BAT三": 1, "1.67": 1, "倍": 2, "2017-2018年": 4, "网易": 2, "乐视": 2, "新浪": 2, "第27": 1, "44.03亿": 1, "第235": 1, "第58": 1, "18.71亿": 1, "第464": 1, "第65": 1, "17.53亿": 1, "第494": 1, "投资额": 2, "597.9272亿": 1, "1.5": 1, "前10": 1, "谷歌": 1, "母公司": 1, "Alphabet": 1, "1052.59亿": 1, "脸书": 1, "facebook": 1, "508.33亿": 1, "第15": 1, "亚马逊": 1, "Amazon": 1, "25.87亿": 1, "第343": 1, "推特": 1, "42.85亿": 1, "第238": 1, "商务部": 1, "贸易": 1, "研究员": 1, "梅": 2, "新育": 2, "接受": 1, "采访": 1, "中兴": 2, "电信": 4, "一开始": 1, "10%": 1, "快": 1, "产业": 1, "强度": 1, "脱颖而出": 1, "打压": 3, "高额": 1, "外国": 1, "成果": 1, "只能": 1, "匹夫无罪": 1, "怀璧其罪": 1, "↓↓": 1, "鸣金网": 1, "拥抱": 1, "2019": 1, "届": 1, "全国": 2, "高校": 4, "毕业生": 2, "就业": 3, "创业": 1, "视频": 1, "会议": 1, "教育部": 1, "负责人": 1, "834万": 1, "本科": 2, "教育": 1, "大众化": 1, "加大": 1, "坦言": 1, "学历": 11, "值钱": 1, "19年": 1, "考研": 1, "人数": 2, "激增": 1, "52万": 1, "增幅": 1, "21%": 1, "290万": 1, "创下": 1, "新高": 1, "招聘会": 1, "感慨": 1, "阶级": 1, "固化": 1, "含金量": 1, "文凭": 5, "出人头地": 1, "背景": 3, "能力": 3, "情商": 2, "这话": 1, "乍": 1, "听": 1, "道理": 1, "3000": 1, "大学生": 5, "天之骄子": 1, "一去不复返": 1, "扩招": 1, "大幅": 1, "缩水": 1, "本科生": 1, "满意": 1, "读书": 3, "无用": 4, "输": 1, "纸": 2, "永远": 1, "跨": 1, "门槛": 1, "无用武之地": 1, "统计": 1, "全日制": 1, "专科": 2, "总人口": 1, "6%": 1, "香饽饽": 1, "南京": 2, "职业": 1, "学院": 1, "校": 1, "录取": 1, "本科线": 1, "流传": 1, "高层": 4, "文件": 1, "侧面": 1, "多么": 2, "高薪": 1, "高新": 1, "名气": 1, "中文网": 1, "影响力": 1, "排行": 1, "荣登": 1, "历来": 1, "学子": 1, "向往": 1, "985": 1, "211": 2, "名校生": 1, "不计其数": 1, "命运": 1, "印证": 1, "母校": 1, "毕业于": 1, "重庆": 1, "梁华": 1, "西北": 1, "高材生": 1, "理工": 1, "北京": 1, "邮电": 1, "特色": 1, "鲜明": 1, "社会": 2, "认可度": 1, "中学": 1, "学历者": 1, "正式工": 1, "可能性": 1, "零": 1, "嘲笑": 1, "4K": 1, "月薪": 1, "工地": 1, "搬砖": 1, "民工": 1, "忽略": 1, "成长": 1, "空间": 1, "浮躁": 1, "年代": 1, "经不起": 1, "等待": 1, "格局": 1, "视野": 1, "薪水": 1, "衡量": 1, "来害人": 1, "浅": 1, "事实上": 1, "可怕": 2, "家境": 1, "平平": 1, "居然": 1, "通货膨胀": 1, "贬值": 1, "知识": 1, "永葆青春": 1, "靠谱": 1, "东西": 1, "四川": 1, "考生": 1, "复读": 1, "考取": 1, "重点": 1, "岂料": 1, "父亲": 2, "不准": 1, "入学": 1, "笔": 1, "账": 1, "四": 3, "花销": 1, "应有": 1, "10万": 3, "年内": 1, "存款": 1, "空耗": 1, "青春": 1, "做生意": 1, "赚到": 1, "目光": 1, "短浅": 1, "思想": 1, "河南": 1, "南阳": 1, "蒋多多": 1, "2006年": 1, "高中": 1, "毕业": 1, "至今": 1, "家务农": 1, "当年": 1, "成绩": 1, "不满": 1, "高考": 3, "制度": 2, "故意": 1, "答题卡": 1, "写下": 1, "8000": 1, "字": 1, "抨击": 1, "一阵": 1, "归于": 1, "平静": 1, "人生": 1, "翻身": 1, "万能": 1, "普通人": 1, "尝尽": 1, "酸甜苦辣": 1, "悔恨": 1, "不已": 1, "千千万万": 1, "缩影": 1, "遍地": 1, "小学生": 1, "暴发户": 1, "方可": 1, "走": 1}