{"文章": 2, "原创": 2, "素材": 1, "来源于": 4, "网络": 3, "喜欢": 1, "小编": 2, "关注": 2, "留言": 1, "导读": 1, "：": 11, "汽车": 22, "华为": 59, "！": 2, "天生": 1, "实力派": 1, "车": 8, "销量": 4, "破万": 1, "充电": 12, "10": 3, "分钟": 4, "行驶": 2, "1千": 1, "公里": 2, "买": 3, "特斯拉": 1, "国产": 2, "品牌": 5, "手机": 30, "这几年": 1, "可谓": 2, "风生": 1, "水": 1, "国内": 9, "竟然": 1, "国外": 3, "生产": 4, "崭露头角": 1, "不错": 2, "升级": 1, "如今": 2, "市场": 14, "这块": 1, "蛋糕": 2, "诱惑": 1, "企业": 12, "都": 23, "跨界": 1, "参与": 4, "制造": 4, "一块": 1, "员": 1, "露面": 1, "1000": 1, "值得": 1, "期待": 1, "前段": 1, "时间": 6, "董明珠": 1, "格力": 3, "空调": 2, "推出": 2, "旗下": 2, "能源": 4, "赚足": 1, "眼球": 1, "中国": 21, "销售量": 1, "品牌度": 1, "行业": 3, "很": 17, "熟悉": 4, "尽快": 1, "环境": 2, "找到": 3, "广通": 1, "银隆": 1, "合作": 5, "威马": 9, "公司": 10, "一家": 4, "主打": 1, "电动车": 4, "厂商": 3, "款": 5, "纯": 2, "电动": 2, "行家": 1, "快": 1, "速度": 3, "渗透": 1, "办法": 1, "一个": 9, "资质": 1, "最终": 2, "精挑细选": 1, "选择": 7, "也许": 1, "很多": 7, "创始人": 2, "WM": 1, "Motor": 1, "成立": 1, "2015年": 1, "12月": 1, "新兴": 1, "出行": 1, "方案": 1, "提供商": 1, "吉利": 1, "控股": 1, "集团": 1, "副总裁": 2, "、": 6, "沃尔沃": 2, "全球": 4, "高级": 1, "兼": 1, "中国区": 1, "董事长": 2, "沈晖": 1, "看重": 1, "一点": 3, "才": 2, "资金": 1, "投入": 3, "订单量": 1, "订单": 1, "突破": 1, "1万": 1, "辆": 3, "足以": 2, "证明": 1, "正确": 1, "潮流": 1, "趋势": 1, "大势所趋": 1, "大部分": 4, "原因": 1, "续航": 5, "里程": 4, "传统": 2, "燃油": 1, "加油站": 1, "随时随地": 1, "加满": 2, "油箱": 2, "加油": 1, "三五": 1, "市面": 2, "绝大部分": 1, "日常": 1, "需求": 2, "不单单": 1, "燃油车": 2, "回去": 1, "智能": 3, "注重": 1, "待机": 1, "投资": 1, "金钱": 1, "花费": 1, "精力": 1, "加上": 1, "专业": 1, "能力": 1, "功夫不负有心人": 1, "官方": 1, "透露": 1, "最新": 1, "消息": 1, "采用": 4, "三元": 1, "锂电池": 1, "1000KM": 2, "数据": 5, "所有人": 2, "跑": 1, "碾压": 1, "关心": 1, "售价": 2, "公布": 1, "走亲": 1, "民": 1, "路线": 1, "质量": 2, "可靠性": 1, "只能": 1, "等到": 1, "上市": 1, "等待": 1, "消费者": 4, "考验": 1, "才能": 2, "心目": 1, "预售价": 1, "看法": 1, "P20": 2, "搭载": 2, "麒麟970": 1, "处理器": 2, "+": 3, "6": 1, "GB": 1, "内存": 1, "5.8": 1, "英寸": 4, "显示屏": 1, "分辨率": 1, "2240": 2, "1080": 2, "后置": 2, "徕卡": 2, "摄": 2, "镜头": 1, "AI": 2, "技术": 8, "场景": 1, "识别": 2, "模式": 1, "适配": 1, "Mate20": 3, ";": 1, "新一代": 2, "珍珠屏": 1, "设计": 3, "珍珠": 1, "形态": 1, "融入": 1, "6.53": 1, "FHD大屏": 1, "屏占": 1, "高达": 1, "88.07%": 1, "首款": 1, "7nm": 1, "制程": 1, "工艺": 1, "麒麟": 3, "980": 1, "芯片": 6, "Pro": 2, "8": 1, "曲面": 1, "玻璃": 1, "机身": 1, "超级": 2, "漂亮": 1, "快速": 3, "40": 1, "W": 1, "快充": 1, "反向": 1, "无线": 3, "PC": 1, "同步": 1, "理论": 1, "1.25": 1, "小时": 1, "4000万": 2, "三": 2, "摄影": 1, "异形": 1, "屏": 1, "指纹": 1, "屏幕": 1, "6.1": 1, "像素": 6, "前置": 1, "2400万": 1, "2000万": 1, "800万": 1, "电池": 2, "4000": 1, "mAh": 1, "拆卸式": 1, "nova": 3, "3": 1, "延续": 2, "系列": 2, "DNA": 1, "带来": 1, "主题": 1, "清凉": 1, "夏日": 1, "仲夏夜": 1, "梦": 1, "色彩": 1, "星耀版": 1, "X:13.9": 1, "91%": 1, "高屏": 1, "占比": 1, "3000*2000": 1, "260PPI": 1, "指尖": 1, "栩栩如生": 1, "轻薄": 1, "性能": 2, "兼容并蓄": 1, "持久": 1, "美国": 24, "政府": 6, "为由": 1, "阻挠": 2, "CNBC": 2, "网站": 2, "报道": 1, "提到": 2, "徐": 3, "直军": 2, "警告": 2, "竞争": 6, "5G": 12, "时代": 5, "落败": 1, "世界": 5, "通信": 3, "科技": 8, "领导者": 1, "高通": 2, "佼佼者": 1, "拥有": 2, "专利": 4, "发声": 1, "另有所指": 1, "信口开河": 1, "截图": 1, "下一代": 1, "标准": 2, "相比4G": 1, "容量": 1, "传输": 1, "速率": 1, "质": 1, "提升": 1, "推动": 1, "支持": 1, "爆发": 2, "比如物": 1, "联网": 1, "云计算": 1, "领域": 4, "正是": 2, "各国": 1, "激烈": 3, "争夺": 2, "焦点": 1, "尤其是": 1, "布局": 1, "意图": 1, "抢占": 1, "制高点": 1, "IDC": 1, "2017年": 1, "显示": 1, "电信": 4, "设备": 2, "供应商": 1, "中兴": 1, "占据": 2, "第四": 1, "品质": 1, "内": 3, "认可": 1, "即将": 2, "独大": 1, "局面": 1, "交锋": 1, "数量": 2, "同行": 1, "相比": 1, "丝毫": 1, "落": 1, "下风": 1, "配合": 1, "以往": 1, "质优价廉": 1, "风格": 1, "产品": 4, "竞争力": 2, "这是": 2, "摆": 1, "明面": 1, "事实": 2, "禁止": 1, "短期": 1, "影响": 2, "长期": 1, "缺乏": 3, "调节": 1, "社会": 1, "资源": 1, "优化": 2, "配置": 2, "垄断": 1, "研发": 11, "动力": 1, "不得不": 3, "忍受": 1, "昂贵": 1, "服务": 2, "大数据": 1, "计算": 1, "物联网": 1, "催化剂": 1, "描述": 1, "前沿": 1, "处于": 1, "领先": 1, "地位": 1, "欧洲": 1, "国家": 3, "奋起": 1, "追赶": 1, "落后": 2, "增加": 1, "成本": 1, "对手": 1, "基于": 2, "作出": 2, "面临": 3, "失败": 1, "论断": 1, "本质": 1, "故步自封": 1, "发出": 1, "面对": 1, "盟友": 1, "抵制": 1, "依然": 1, "乐观": 1, "态度": 1, "签署": 1, "22": 1, "份": 1, "商业": 1, "合同": 1, "对此": 2, "寻求": 2, "优质": 1, "应对": 1, "挑战": 1, "活": 1, "全世界": 3, "明智": 1, "老生常谈": 1, "渲染": 1, "窃取": 1, "机密": 1, "打击": 1, "常用": 1, "手段": 1, "前夜": 1, "禁令": 1, "打断": 1, "部署": 1, "势头": 1, "发展": 1, "感受": 1, "压力": 2, "发现": 1, "有趣": 1, "事件": 1, "解析": 1, "背后": 1, "故事": 1, "生活": 1, "必不可少": 1, "东西": 1, "消费": 1, "水平": 1, "提高": 1, "越来越": 2, "期望": 1, "肯定": 2, "骄傲": 2, "占有": 1, "份额": 1, "实力": 2, "有望": 1, "赶超": 2, "苹果": 6, "吊": 1, "三星": 3, "传闻": 1, "纷纷": 1, "声音": 1, "质疑": 1, "厉害": 1, "日本人": 3, "到底": 1, "亚洲": 1, "通讯社": 1, "社长": 1, "徐静波": 1, "雄厚": 1, "日本": 5, "言乱": 1, "刚": 1, "发表": 1, "网友们": 1, "炸": 1, "锅": 1, "一时间": 1, "掀起": 1, "热议": 2, "俞敏洪": 1, "教育": 1, "创想": 1, "大会": 1, "一半": 1, "权威": 1, "口中": 1, "说出": 1, "确实": 6, "震惊": 1, "顿": 1, "懂": 1, "误解": 1, "静波": 1, "件": 2, "回应": 1, "核心": 1, "零部件": 1, "销售": 1, "世界性": 1, "融合": 1, "用户": 5, "宽广": 1, "胸怀": 1, "现如今": 1, "排": 1, "第二": 1, "15": 1, "基地": 1, "包括": 3, "黑科技": 2, "著称": 1, "不对": 1, "占": 1, "1%": 1, "极少": 1, "经济": 1, "全球化": 1, "跨国": 1, "高薪": 1, "聘用": 1, "不足为奇": 1, "硅谷": 1, "中国人": 2, "依赖": 1, "再有": 1, "太": 2, "过于": 2, "激动": 1, "惊讶": 1, "一部分": 1, "架构": 2, "自主": 3, "否认": 1, "底层": 1, "欠缺": 1, "体系": 1, "了不起": 1, "第三": 1, "紧随": 1, "努力": 1, "搞": 1, "费用": 1, "3000亿": 1, "困难": 1, "事情": 1, "过程": 2, "九死一生": 1, "经费": 1, "创新": 2, "西方": 1, "差距": 3, "带领": 1, "迈出": 1, "山寨机": 1, "当道": 1, "刚好": 1, "妄自菲薄": 1, "给予": 1, "包容": 1, "优势": 3, "样样": 1, "精通": 1, "学习": 1, "慢慢": 1, "完善": 1, "超越": 1, "本文": 1, "尖峰": 1, "出品": 1, "未经": 1, "许可": 1, "渠道": 1, "平台": 1, "请勿": 1, "转载": 1, "违者": 1, "必究": 1, "百家号": 1, "作者": 1, "小曼": 1, "谈": 1, "大国": 1, "常程": 4, "效仿": 1, "余承东": 2, "继华": 1, "大嘴": 2, "联想": 8, "嘴": 1, "诞生": 1, "国际": 2, "上进": 1, "就要": 1, "淘汰": 1, "风险": 1, "大致": 1, "分为": 2, "阵营": 5, "小米": 4, "为首": 1, "骁龙": 1, "毕竟": 2, "角度": 1, "Android": 4, "iOS": 4, "系统": 29, "仅仅": 1, "适用于": 1, "安装": 1, "软件": 2, "麻烦": 1, "通用": 1, "承认": 2, "变卡": 1, "得天独厚": 1, "基础": 1, "人性化": 2, "改进": 1, "公认": 1, "UI": 2, "MIUI": 5, "资格": 1, "老": 1, "辨识度": 1, "刷子": 1, "相对于": 1, "死板": 1, "无疑": 1, "人人": 1, "性化": 1, "EMUI": 3, "超过": 1, "3亿": 1, "二者": 1, "各有千秋": 1, "适合": 1, "年轻人": 1, "商务": 1, "人士": 1, "流畅度": 2, "当仁不让": 1, "一加": 1, "氢OS": 1, "简单": 1, "干脆": 1, "精简度": 1, "极致": 1, "魅族": 3, "Flyme": 1, "本来": 1, "小胜一加": 1, "黄章": 1, "不慎": 1, "差点": 1, "历史": 1, "勉勉强强": 1, "算": 1, "保住": 1, "元气": 1, "360手机": 1, "锤子": 1, "oppo手机": 1, "无论是": 1, "影响力": 1, "排名": 2, "鲁": 1, "大师": 1, "服气": 1, "进去": 1, "一天到晚": 1, "喊": 1, "第一": 1, "难免": 2, "面子": 1, "挂": 1, "不住": 1, "掌柜": 1, "信心": 1, "满满": 1, "放出": 1, "言论": 1, "实在": 1, "哭笑不得": 1, "ZUI": 1, "典型": 1, "更新": 3, "频率": 1, "差": 2, "口碑": 1, "佩服": 1, "每次": 1, "负": 1, "难": 1, "称之为": 1, "最佳": 1, "想效": 1, "仿余": 1, "承东": 1, "大嘴式": 1, "宣传": 1, "绰号": 1, "口出狂言": 1, "空": 1, "叫嚣": 1, "不知": 1}