{"IT之家": 1, "7月": 9, "9日": 7, "消息": 10, "GSMARENA": 1, "疑似": 1, "华为": 136, "Mate30": 1, "系列": 5, "产线": 1, "谍照": 1, "曝光": 6, "显示": 2, "Mate": 4, "30": 3, "相机": 2, "模组": 1, "网传": 1, "圆形": 1, "设计": 3, "矩形": 1, "；": 8, "后置": 2, "规格": 1, "称": 14, "4": 2, "摄": 2, "爆料": 2, "5": 3, "验证": 1, "真伪": 1, "现阶段": 1, "信息": 13, "采用": 7, "麒麟985": 1, "处理器": 1, "内置": 1, "巴龙": 1, "5000": 3, "5G": 16, "基带": 1, "屏幕": 2, "90": 1, "Hz刷新率": 1, "AMOLED": 1, "支持": 3, "前置": 1, "双摄": 1, "摄像头": 1, "50": 1, "倍": 2, "数码": 4, "变焦": 2, "光学": 1, "官方": 2, "并未": 1, "真实性": 1, "回应": 2, "此前": 5, "10月份": 1, "11月份": 1, "发布": 5, "一个": 11, "可谓": 5, "国内外": 2, "不少": 1, "媒体": 7, "行业": 1, "关注": 6, "事件": 6, "发生": 3, "期间": 7, "美国": 91, "之间": 2, "情势": 1, "轮番": 1, "报道": 22, "网上": 2, "都": 19, "讽刺": 1, "打压": 4, "国外": 1, "公然": 1, "指责": 2, "过错": 1, "仍旧": 2, "一意孤行": 1, "依旧": 1, "种种": 1, "措施": 3, "或许": 2, "很多": 3, "朋友": 1, "都会": 1, "感到": 3, "气愤": 1, "实力": 5, "更多": 1, "国家": 11, "认可": 1, "承认": 3, "技术": 16, "给予": 1, "否定": 1, "通讯": 6, "设备": 9, "诋毁": 2, "口口声声": 1, "隐患": 1, "误导": 1, "一番": 4, "洗脑": 1, "确实": 3, "就此": 2, "放弃": 4, "不乏": 1, "好言相劝": 1, "当作": 1, "耳旁风": 1, "合作": 18, "想要": 3, "遏制": 1, "市场": 4, "扩张": 1, "计谋": 1, "未": 3, "得逞": 1, "免费": 1, "宣传": 1, "不难": 3, "气": 1, "恨": 1, "缓解": 1, "心头之恨": 1, "下令": 1, "谷歌": 3, "公司": 36, "暂停": 2, "业务": 10, "往来": 3, "功亏一篑": 1, "鸿蒙": 22, "系统": 33, "亮相": 2, "着实": 1, "跳": 1, "备胎": 2, "芯片": 1, "计划": 2, "推出": 3, "高通": 4, "些许": 1, "不安": 1, "断供": 1, "想法": 1, "截胡": 1, "禁令": 5, "牵制": 1, "不得不": 2, "实行": 1, "生存": 1, "科技": 8, "绞尽脑汁": 1, "寻找": 1, "避开": 1, "相关": 7, "部门": 5, "监管": 4, "方法": 2, "研究": 3, "终于": 1, "找到": 1, "应对": 1, "算是": 1, "一大": 1, "漏洞": 1, "所在": 1, "供应商": 1, "利用": 1, "一点": 1, "持续不断": 1, "供货": 2, "前段": 1, "时间": 7, "特朗普": 4, "公开": 2, "出售": 2, "一时间": 1, "松": 1, "一口气": 1, "正大光明": 1, "意想不到": 1, "据悉": 6, "商务": 1, "拒绝": 2, "推定": 2, "原则": 2, "也就是说": 2, "看作": 1, "黑名单": 1, "企业": 3, "一番话": 1, "违背": 1, "美方": 4, "当面一套": 3, "背后一套": 3, "我国": 1, "负责人": 2, "：": 17, "希望": 5, "说到做到": 1, "很": 8, "难": 1, "中国": 14, "轻易": 1, "信任": 3, "倒": 2, "戒备": 1, "心理": 1, "看法": 1, "5日": 1, "正式": 6, "2019年": 6, "开发者": 21, "大会": 21, "邀请函": 2, "北京": 2, "8月": 7, "11日": 4, "面向": 1, "全球": 6, "东莞": 2, "松山湖": 4, "第一": 2, "基地": 4, "欧洲小镇": 1, "举办": 1, "客人们": 1, "邀请": 3, "家里": 1, "伙伴": 4, "开发者们": 5, "重视": 1, "热情": 1, "快": 3, "秋天": 1, "晚": 2, "明年": 3, "春天": 2, "自研": 6, "操作": 2, "即将": 1, "面世": 1, "面对": 1, "安卓": 9, "网友们": 1, "意外": 1, "露出": 1, "不停": 1, "追问": 1, "消费者": 3, "CEO": 2, "余承东": 2, "抛出": 1, "硬核": 1, "一句话": 3, "网络": 1, "沸腾": 1, "猜测": 2, "期待": 1, "吹牛": 1, "诺基亚": 1, "微软": 1, "三星": 1, "成功": 1, "关键词": 1, "这次": 3, "动作": 1, "想": 5, "机会": 1, "现场": 2, "一睹为快": 1, "值得一提的是": 1, "早鸟": 3, "票": 9, "购票": 1, "渠道": 1, "官网": 2, "上线": 2, "门票": 5, "种类": 2, "早": 2, "鸟票": 1, "包括": 3, "VIP票": 2, "、": 30, "通票": 2, "学生": 3, "优惠": 1, "最低": 1, "298": 1, "元": 4, "低": 1, "88": 1, "账号": 1, "只能": 2, "购买": 3, "入场券": 1, "以此": 2, "确保": 1, "身份": 1, "唯一性": 1, "体验": 6, "主题": 3, "演讲": 2, "论坛": 4, "Codelabs": 3, "Tech": 1, ".": 1, "Hour": 1, "互动": 3, "参与区": 1, "餐饮": 1, "HDC2019": 1, "装备": 2, "包": 2, "VI": 1, "P票": 1, "限量": 1, "300": 1, "份": 7, "拥有": 5, "松湖": 2, "对话": 7, "VIP": 2, "Lounge": 1, "专属": 1, "权益": 2, "携手": 1, "1500": 2, "探讨": 2, "终端": 2, "生态": 2, "未来": 4, "可能性": 1, "名": 12, "会上": 1, "带": 1, "观众": 1, "探索": 2, "互联": 1, "爆款": 1, "预计": 4, "涵盖": 1, "200+": 1, "专题": 1, "分享": 2, "全方位": 1, "揭秘": 1, "开放": 2, "能力": 1, "1000": 2, "㎡": 1, "展区": 1, "观众们": 1, "场景": 1, "Day1": 1, "2019.8.9": 1, "下午": 1, "闻余": 1, "承东": 1, "带来": 2, "错过": 1, "Day2-3": 1, "2019.8.10-2019.8.11": 1, "&": 2, "入场": 1, "参会者": 2, "距离": 1, "聆听": 1, "大佬": 1, "讲话": 1, "园区": 1, "内": 2, "参与": 2, "16": 1, "+": 1, "领域": 4, "势必": 1, "难得": 1, "同行": 1, "交流": 1, "平台": 3, "智能": 3, "家居": 1, "运动": 1, "健康": 1, "智慧": 1, "出行": 1, "海量": 1, "代码": 2, "实验室": 1, "板块": 1, "提供": 7, "专家": 4, "指导": 2, "教程": 1, "动手": 3, "编码": 3, "各项": 1, "尖端": 1, "全国": 2, "coder": 1, "知识": 2, "见解": 1, "独特": 1, "魅力": 1, "增加": 2, "编程": 2, "大赛": 1, "环节": 2, "分钟": 1, "编出": 1, "程序": 2, "活动": 2, "同台": 1, "竞技": 1, "优势": 1, "地点": 2, "欧式": 1, "庄园": 1, "地方": 2, "心目": 1, "仅次于": 1, "迪士尼": 1, "观光": 1, "景区": 1, "足不出户": 1, "即可": 1, "欧洲": 2, "风情": 1, "迎宾": 1, "诚意": 1, "十足": 1, "通道": 2, "15日": 1, "23:59": 2, "关闭": 2, "价格": 1, "变回": 1, "原价": 1, "30日": 1, "来源": 2, "作者": 2, "朝晖": 1, "经济网": 2, "编者按": 1, "近日": 5, "英国": 13, "金融": 17, "时报": 10, "披露": 2, "汇丰": 100, "银行": 91, "逃脱": 2, "处罚": 3, "同意": 2, "案件": 5, "配合": 6, "司法部": 18, "调查": 12, "受害者": 4, "最终": 5, "导致": 4, "高管": 11, "被捕": 2, "透露": 5, "年初": 2, "中方": 2, "解释": 5, "被迫": 2, "6月": 3, "24日": 2, "创始人": 2, "任正非": 13, "接受": 5, "专访": 1, "一开始": 2, "SKYCOM": 4, "伊朗": 8, "关系": 6, "法律": 2, "受骗": 2, "知晓": 3, "事情": 6, "证据": 7, "这是": 2, "赖": 2, "掉": 2, "停止": 3, "交易": 7, "停": 2, "针对": 1, "孟晚舟": 11, "PPT": 14, "看待": 2, "获取": 2, "27日": 1, "加拿大": 10, "环球": 5, "邮报": 3, "采访": 3, "Skycom": 7, "贸易": 2, "过程": 4, "这家": 3, "自始至终": 2, "运作": 2, "咖啡厅": 4, "喝": 4, "咖啡": 4, "讲": 4, "误导性": 2, "走": 2, "纽约": 3, "东区": 2, "法院": 4, "审理": 2, "完毕": 2, "路透社": 8, "2月": 6, "内部": 4, "搞到": 2, "用来": 3, "起诉": 11, "材料": 2, "罗织": 2, "罪名": 2, "抓": 2, "复旦": 1, "大学": 1, "国际": 3, "政治系": 1, "副教授": 1, "沈逸": 1, "外媒": 3, "属实": 2, "件": 3, "事中": 1, "扮演": 1, "角色": 2, "机构": 6, "某种": 1, "意义": 2, "可靠": 1, "靠谱": 1, "匿名": 1, "案": 1, "本质": 1, "政府": 13, "长臂": 1, "管辖": 1, "未经": 2, "许可": 1, "位于": 1, "境内": 1, "人员": 6, "数据": 4, "转移": 2, "境外": 1, "用于": 2, "跨境": 1, "取证": 1, "服务": 7, "1865年": 1, "香港": 6, "上海": 2, "成立": 2, "集团": 6, "创始": 1, "成员": 1, "亚太区": 2, "旗舰": 1, "1991": 1, "控股": 3, "——": 1, "有限": 1, "1992": 1, "全权": 1, "收购": 1, "米特兰": 1, "随后": 1, "总部": 4, "伦敦": 1, "洗钱": 9, "指控": 2, "支付": 7, "19亿": 3, "美元": 13, "罚金": 6, "2012年": 4, "12月": 2, "达成": 3, "和解": 2, "协议": 7, "防范": 1, "不力": 1, "19.21亿": 2, "天价": 1, "罚款": 8, "近年来": 3, "形象": 4, "受损": 3, "2014年": 2, "11月": 4, "操纵": 2, "外汇": 2, "监管局": 2, "美国商": 2, "品": 2, "期货": 2, "委员会": 3, "共处": 2, "6.18亿": 2, "2015年": 4, "协助": 5, "客户": 32, "逃税": 7, "再次": 3, "陷入": 4, "丑闻": 2, "泥潭": 2, "调研": 2, "记者": 5, "协会": 2, "2005年": 2, "2007年": 5, "瑞士": 10, "分行": 6, "10万": 2, "重量级": 2, "避税": 5, "隐藏": 2, "高达": 2, "千亿": 2, "资产": 3, "值得": 1, "曝": 2, "泄露": 8, "2008年": 5, "4月": 6, "26日": 3, "观塘": 2, "装修": 2, "服务器": 2, "偷走": 2, "遗失": 5, "16万": 2, "资料": 7, "盒": 6, "录音带": 8, "记录": 3, "该行": 7, "电话": 6, "内容": 5, "载有": 2, "2.5万": 2, "后备": 2, "2010年": 2, "13日": 2, "法国": 2, "检方": 2, "7.9万": 2, "12.7万": 2, "账户": 7, "子公司": 2, "私人": 4, "顾问": 2, "赫尔夫.法尔西亚尼": 2, "指": 2, "2006年": 2, "初": 2, "窃取": 2, "数万": 2, "2018年": 2, "曝出": 2, "10月": 6, "4日": 4, "14日": 3, "攻击": 6, "1%": 3, "有限公司": 1, "简称": 1, "2日": 2, "开业": 1, "一家": 3, "本地": 1, "注册": 1, "外资": 1, "法人": 1, "全资": 1, "3月": 1, "武汉": 2, "纸质": 1, "缴款": 1, "书": 1, "科目": 1, "核算": 1, "违法": 5, "违规": 1, "商业": 1, "信用社": 1, "代理": 1, "国库": 1, "管理": 2, "办法": 2, "第四十一": 1, "条": 1, "人民": 1, "营业": 1, "管理部": 1, "处以": 1, "人民币": 1, "5月": 1, "贷款": 1, "自主": 1, "事后": 1, "违反": 3, "审慎": 1, "经营": 1, "规则": 1, "信用卡": 2, "资金": 3, "消费": 1, "宗": 1, "遭罚": 1, "100万": 1, "脱罪": 1, "搞": 1, "制裁": 3, "法案": 2, "盯上": 2, "涉": 1, "详细": 4, "轮": 1, "2016年": 1, "年底": 1, "2017年": 2, "发起": 1, "原因": 2, "换取": 2, "宽恕": 2, "本身": 3, "涉及": 3, "如今": 1, "扣押": 1, "这位": 4, "当面": 1, "沟通": 1, "合规": 1, "情况": 3, "文件": 2, "想到": 1, "涉嫌": 3, "面临": 2, "交给": 1, "扳倒": 1, "结束": 1, "起诉书": 1, "小小": 1, "很快": 2, "用作": 2, "去年": 1, "逮捕": 1, "那位": 1, "核心": 1, "依据": 1, "描述": 1, "欺诈": 1, "提及": 1, "墨西哥": 2, "毒枭": 1, "缴纳": 2, "巨额": 1, "还给": 1, "派驻": 1, "群": 1, "监控": 2, "审查": 1, "做出": 2, "汇丰派": 1, "200-400": 1, "团队": 1, "随时": 1, "抗拒": 1, "心声": 1, "社区": 1, "公布": 2, "纪要": 1, "James": 1, "Kynge": 1, "提问": 3, "听到": 1, "难题": 1, "早就": 1, "第二": 1, "犯罪": 4, "事实": 4, "邮件": 2, "证明": 2, "唛头": 1, "罪证": 1, "多年": 2, "从头到尾": 1, "长": 4, "插": 1, "进去": 1, "法庭": 3, "检举人": 1, "检举": 2, "澄清": 1, "出示": 1, "执法": 1, "法治": 3, "侵犯": 1, "宪法": 1, "权利": 1, "影响": 2, "西方": 1, "重在": 2, "才能": 1, "判定": 1, "错误": 2, "这不": 1, "将来": 1, "解开": 1, "世界": 3, "一体化": 1, "体系": 1, "黄淑琳": 2, "不和": 1, "对待": 2, "公平": 2, "解决": 2, "本来": 1, "字": 1, "不在乎": 1, "对方": 1, "讨论": 4, "官司": 1, "打完": 1, "合法": 1, "途径": 2, "呈": 1, "送给": 1, "新华社": 1, "发表": 1, "声明": 3, "总共": 1, "创纪录": 1, "12.56亿": 1, "暂缓": 2, "6.65亿": 1, "民事": 1, "总裁": 1, "欧志华": 1, "责任": 2, "歉意": 1, "控方": 1, "容许": 1, "条件": 2, "遭受": 1, "承诺": 1, "监察": 1, "改革": 1, "花费": 1, "2.9亿": 1, "改善": 1, "机制": 1, "追回": 1, "奖金": 2, "预期": 1, "管理局": 1, "签署": 1, "承诺书": 1, "2013年": 3, "证券报": 1, "3日": 1, "布鲁克林": 1, "地区": 1, "法官": 1, "约翰.格雷森": 1, "批准": 1, "遵守": 1, "制裁法": 1, "19.2亿": 2, "赔偿金": 1, "迄今为止": 1, "开出": 1, "大额": 1, "罚单": 1, "一部分": 1, "约束": 1, "符合": 1, "参议院": 1, "报告": 2, "哥伦比亚": 1, "毒贩": 1, "洗钱者": 1, "犯罪者": 1, "首选": 1, "无视": 1, "缅甸": 1, "古巴": 1, "利比亚": 1, "苏丹": 1, "非法": 1, "陷丑闻": 1, "中新社": 1, "人民日报": 1, "广播": 1, "年间": 1, "千方百计": 1, "富裕": 1, "储户": 3, "隐瞒": 1, "金额": 1, "上亿": 1, "英镑": 1, "分析": 3, "人士": 2, "指出": 2, "俨然": 1, "可怕": 1, "天堂": 1, "声誉": 1, "威信": 1, "沉重": 1, "打击": 1, "规模": 2, "庞大": 1, "不法": 1, "缺失": 1, "职业": 1, "操守": 1, "沦丧": 1, "社会": 2, "责任心": 1, "麻木": 1, "不容忽视": 1, "关键": 3, "因素": 2, "舆论": 2, "抨击": 1, "税务": 1, "大劫案": 1, "布鲁克斯": 1, "此后": 1, "光明日报": 1, "最高层": 1, "主管": 1, "不当": 2, "做法": 1, "道歉": 2, "首席": 1, "执行官": 1, "Stuart": 1, "Gulliver": 1, "主席": 2, "Douglas": 1, "Flint": 1, "议会": 2, "财政": 1, "质询": 1, "此举": 1, "损害": 1, "信心": 1, "对此": 2, "惭愧": 1, "承担": 1, "管理层": 1, "偷窃": 1, "外泄": 1, "罪莫大焉": 1, "四起": 1, "工程师": 3, "变身": 2, "大盗": 2, "南方": 1, "都市报": 1, "压力": 1, "金管局": 1, "补救": 1, "提交": 1, "郑海泉": 2, "此事": 1, "盗窃案": 1, "负责": 2, "检讨": 1, "保安": 1, "经济": 1, "观察网": 1, "通告": 1, "发现": 2, "起源于": 1, "广州": 1, "中心": 1, "17日": 1, "委托": 1, "速递": 1, "运送": 1, "55": 1, "录音": 1, "带到": 1, "唯": 1, "54": 1, "送抵": 1, "办事处": 1, "该盒": 1, "尚未": 4, "寻回": 1, "08年": 1, "18日": 1, "致电": 2, "当中": 1, "大部分": 1, "查询": 1, "工商": 1, "商务网": 1, "理财": 1, "来电": 1, "法新社": 1, "意味着": 1, "偷税": 2, "漏税": 2, "税务局": 1, "赫尔夫.法西亚尼": 3, "出生": 2, "摩纳哥": 2, "计算机": 1, "学位": 1, "2000年": 1, "28": 1, "岁": 1, "IT": 1, "工作": 4, "编写": 2, "软件": 4, "6": 1, "年后": 1, "调任": 1, "日内瓦": 1, "数据库": 1, "向来": 1, "表现": 1, "出人意料": 1, "携带": 1, "13万": 1, "绝密": 1, "大楼": 1, "出走": 1, "金陵": 1, "晚报": 1, "西班牙": 1, "庭审": 1, "辩护": 1, "腐朽": 1, "不堪": 1, "纵容": 1, "坦言": 1, "试图": 1, "揭发": 1, "告诉": 1, "长大": 1, "年轻": 1, "保护": 4, "正直者": 1, "财产": 1, "回": 3, "经营报": 1, "8日": 2, "姓名": 1, "日期": 1, "号码": 1, "电子": 1, "邮箱": 1, "此次": 1, "黑客": 2, "入侵": 2, "登录": 1, "凭证": 1, "在线": 1, "访问": 1, "认证": 1, "流程": 1, "额外": 1, "免受": 1, "封锁": 1, "动向": 1, "深受": 1, "外界": 3, "重中之重": 1, "秋季": 1, "见面": 1, "推广": 1, "方舟": 1, "编译器": 1, "场": 1, "订好": 1, "刚刚": 1, "兴建": 1, "到时候": 1, "参加": 1, "加上": 1, "展会": 1, "恐怕": 2, "忠实": 1, "有史以来": 1, "预测": 1, "本次": 2, "重头戏": 1, "自然": 2, "诞生": 2, "Android": 1, "或者说": 1, "单独": 1, "手机": 5, "打造": 2, "物联网": 2, "发展": 3, "套": 1, "工业": 1, "自动化": 1, "驾驶": 2, "见到": 2, "身影": 1, "简而言之": 1, "单纯": 2, "电脑": 2, "安装": 1, "之初": 1, "背负": 1, "使命": 1, "打通": 1, "隔阂": 1, "大一统": 1, "深远": 1, "毕竟": 1, "建立": 2, "生态圈": 3, "进展": 1, "做好": 1, "两三": 1, "两三年": 2, "看起来": 1, "瞬息万变": 1, "改变": 1, "太": 4, "才": 4, "大规模": 1, "加快": 1, "售票": 1, "展开": 1, "兴趣": 1, "小伙伴": 1, "热门": 1, "资讯": 1, "玩机": 1, "技巧": 1, "评测": 1, "科普": 1, "深扒": 1, "点击": 1, "右上角": 1, "百家号": 1, "雷": 1, "----------------------------------": 1, "半年": 1, "实在": 3, "跃": 1, "焦点": 1, "得知": 1, "选择": 1, "万不得已": 1, "地步": 1, "代表": 1, "马上": 1, "就要": 1, "来讲": 1, "取而代之": 1, "看好": 1, "时机": 1, "精准": 1, "命中": 1, "构想": 1, "之中": 2, "仅仅": 1, "连接": 1, "IoT": 1, "桥梁": 1, "平板": 1, "汽车": 1, "自动": 1, "合适": 1, "限于": 1, "基础": 1, "UI": 1, "EMUI": 1, "相比": 1, "可惜": 1, "介绍": 1, "简单": 1, "晚上": 1, "传来": 1, "凤凰": 1, "指华": 1, "予以": 1, "置评": 1, "放出": 1, "并非": 2, "空穴来风": 1, "小雷": 1, "宣告": 1, "取代": 2, "告知": 1, "平行": 1, "状态": 1, "一同": 1, "全新": 1, "编译": 2, "方式": 2, "兼容": 1, "运行": 1, "速度": 1, "提升": 1, "60%": 1, "疑问": 1, "真的": 3, "白宫": 3, "拒付": 1, "高额": 1, "专利费": 4, "到底": 1, "努力": 2, "钻研": 1, "白费": 2, "时刻": 1, "出其不意": 1, "击": 1, "不由得": 1, "一阵": 1, "激动": 1, "慌乱": 1, "收取": 3, "专利": 9, "使用费": 1, "Verizon": 2, "授权": 1, "之下": 1, "擅自": 1, "230": 1, "项": 2, "提出": 3, "手续费": 1, "10亿": 1, "反击": 2, "产权": 2, "费用": 3, "对外": 1, "较早": 1, "投入": 1, "精力": 1, "基本上": 1, "统计": 1, "多达": 1, "2500": 1, "超过": 1, "占据": 1, "五分之一": 1, "标准": 2, "制定": 1, "研发": 1, "重要性": 1, "明白": 1, "索要": 2, "异议": 1, "可不": 1, "拿到": 1, "国会": 1, "专利权": 2, "不予": 1, "决议": 1, "顿": 1, "难以": 1, "形容": 2, "背后": 1, "嘴脸": 1, "丑陋": 1, "索取": 1, "流氓": 2, "这时候": 1, "忘记": 1, "中兴": 1, "行径": 1, "双标": 1, "一向": 1, "自诩": 1, "别国": 1, "盗用": 1, "贼": 1, "态度": 1, "急速": 1, "变化": 1, "伪": 1, "君子": 1, "直言": 1, "蠢": 1, "简直": 1, "鼠目寸光": 1, "政客": 1, "自以为是": 1, "实际上": 1, "全世界": 1, "丢": 1, "脸面": 1}