{"参考": 1, "消息网": 1, "1月": 7, "17日": 2, "报道": 8, "英媒": 1, "称": 8, "美国": 53, "党": 1, "议员": 2, "团体": 1, "16日": 2, "提出": 4, "议案": 3, "禁止": 7, "华为": 179, "、": 19, "中兴": 6, "违反": 3, "制裁": 3, "出口": 5, "控制法": 1, "中国": 19, "电信": 14, "公司": 32, "出售": 1, "芯片": 5, "零部件": 2, "路透社": 3, "国会": 4, "共和党": 2, "参议员": 3, "汤姆·科顿": 1, "众议员": 2, "迈克·加拉格": 1, "民主党": 2, "克丽斯·范霍伦": 1, "鲁文·加莱戈": 1, "总统": 1, "提到": 1, "编译": 1, "/": 1, "王露露": 1, "很多": 15, "小伙伴们": 3, "外文": 1, "头疼": 1, "英语": 1, "英文": 4, "世界": 7, "通用": 1, "语言": 3, "学校": 1, "必修课": 1, "告诉": 1, "一个": 11, "消息": 5, "学好": 1, "老外": 1, "顺利": 1, "沟通": 1, "手机": 34, "收到": 1, "邮件": 3, "懂": 4, "快": 2, "翻译": 14, "功能": 7, "键": 2, "中文": 2, "回复": 2, "快速": 1, "很": 12, "高效": 1, "出门": 1, "在外": 1, "他国": 1, "微软": 1, "语音": 2, "对讲": 2, "键盘": 2, "输入": 2, "拍照": 3, "识别": 1, "会议": 1, "不用": 2, "字符犯": 1, "难": 2, "实时": 1, "图片": 1, "报纸": 1, "智慧": 4, "识屏": 2, "指长": 1, "照片": 1, "文本": 1, "调出": 2, "点击": 1, "上侧": 1, "AR": 1, "全屏": 1, "屏幕": 5, "顶部": 1, "向下": 1, "拉": 2, "视觉": 2, "开关": 1, "支持": 2, "自动": 1, "检测": 1, "国": 2, "扫码": 1, "这下": 1, "发愁": 1, "成立": 1, "1987年": 1, "带": 1, "32": 2, "岁": 1, "时间": 7, "一家": 9, "无名不见经传": 1, "企业": 27, "成长": 3, "全球": 15, "不可或缺": 1, "庞然大物": 1, "创始人": 2, "任正非": 9, "军人": 1, "出身": 1, "为人": 1, "低调": 2, "基本上": 1, "都": 29, "接受": 5, "媒体": 3, "采访": 6, "难得": 1, "外媒": 1, "件": 3, "事情": 5, "网友": 2, "关注": 2, "18万": 2, "员工": 6, "持有": 3, "股份": 3, "透漏": 3, "股东": 1, "9.7万": 1, "外部": 1, "实体": 1, "1.01%": 1, "2017年": 6, "年终": 1, "分红": 2, "人均": 2, "21万": 1, "原因": 6, "去年": 4, "27万": 1, "完完全全": 1, "中国人": 3, "持股": 1, "货真价实": 1, "名族": 1, "罕见": 1, "5G": 20, "成就": 1, "：": 13, "签署": 1, "30": 1, "份": 4, "合同": 5, "2.5万": 1, "座": 2, "基站": 1, "运往": 1, "国际": 7, "市场": 7, "快要": 1, "过年": 1, "轮值": 1, "懂事": 1, "新年": 1, "致辞": 1, "2018年": 7, "26": 1, "仅仅": 6, "才": 7, "1": 3, "拿下": 1, "4": 3, "效率": 1, "真的": 4, "设备": 19, "认可": 2, "下半年": 1, "国家": 14, "带头": 1, "信息": 4, "隐患": 2, "证据": 2, "证明": 4, "子虚乌有": 1, "罪名": 2, "自此": 1, "扣": 1, "头": 1, "跟风": 1, "订单": 2, "毕竟": 3, "此次": 1, "事件": 3, "合作方": 1, "都会": 2, "重点": 1, "长": 2, "经受": 1, "住": 2, "考验": 1, "这是": 7, "总部": 1, "2019年": 1, "困难": 3, "营收": 8, "增长": 4, "低于": 1, "20%": 1, "突破": 2, "1250亿": 1, "美元": 7, "8500亿": 1, "人民币": 3, "去年华": 1, "全年": 2, "总营": 1, "收达": 1, "千亿": 2, "1085亿": 1, "上一年": 1, "21%": 1, "想象": 1, "庞大": 1, "体量": 1, "增速": 1, "不得不": 4, "感叹": 2, "发展": 8, "速度": 1, "太": 2, "感到": 1, "害怕": 1, "面对": 3, "建设": 4, "中华": 1, "技术": 22, "必须品": 1, "离开": 1, "段": 2, "网速": 2, "测试": 3, "意大利": 1, "之间": 1, "差距": 2, "落后": 1, "便宜": 4, "8G": 8, "新机": 3, "淡定": 3, "5000": 4, "mAh+": 3, "良心价": 4, "+": 4, "256G": 4, "6G": 2, "运存": 5, "性能": 7, "肯定": 1, "卓越": 1, "小伙伴": 1, "两三千": 1, "四五千": 1, "高端机": 1, "国内": 8, "款": 10, "问世": 1, "价格": 5, "两千": 1, "努比亚Z17": 12, "定位": 2, "中高端": 1, "超高": 1, "性价比": 5, "同等": 1, "价位": 1, "国产机": 1, "冲击": 1, "该机": 1, "吸引": 2, "地方": 2, "无边框": 1, "设计": 7, "aRC3.0": 1, "边框": 2, "两侧": 1, "压缩": 1, "极致": 1, "刘": 1, "海屏": 1, "普及": 1, "算": 1, "亮眼": 2, "尺寸": 1, "5.5": 1, "英寸": 3, "一手": 1, "说到": 1, "千元机": 5, "里边": 2, "抢手": 1, "提": 1, "提华": 1, "荣耀": 12, "8": 9, "X": 9, "MAX": 8, "相对于": 1, "极端": 1, "圈": 1, "高达": 3, "7.12": 2, "正面": 1, "用到": 1, "最新": 3, "水滴屏": 2, "方案": 3, "符合": 3, "当下": 1, "流行": 1, "趋势": 1, "不行": 1, "拼上": 1, "外观": 4, "优势": 4, "17年": 2, "发布": 8, "旗舰": 3, "照样": 1, "碾压": 1, "18年": 1, "顶配版": 2, "采用": 4, "处理器": 4, "骁龙": 2, "660": 1, "6GB": 1, "拓展": 2, "存储卡": 1, "算是": 3, "亮点": 2, "反观": 1, "占据": 1, "依旧": 2, "杠杠": 1, "835": 1, "8GB": 1, "降": 1, "低价": 1, "千": 1, "元": 16, "待见": 1, "努比亚Z18": 1, "努比亚X": 1, "全新": 1, "坐镇": 1, "喜欢": 1, "潮流": 1, "大屏": 1, "mAh": 1, "超强": 1, "续航": 1, "能力": 5, "配置": 1, "完美": 1, "做出": 1, "选择": 5, "养眼": 1, "1499": 1, "起步": 1, "100": 1, "优惠券": 1, "时隔": 1, "版本": 1, "凌驾": 1, "之上": 2, "足以": 1, "良心": 1, "所在": 2, "回想": 1, "小米": 34, "大半年": 1, "港股": 1, "上市": 9, "雷军": 11, "信誓旦旦": 1, "声称": 1, "首日": 1, "买入": 2, "股票": 1, "投资者": 1, "品尝": 1, "股价": 3, "翻倍": 1, "滋味": 1, "跌跌不休": 1, "几近": 1, "腰斩": 1, "市值": 2, "高位": 1, "蒸发": 1, "3000亿": 2, "港元": 2, "不曾": 1, "想": 4, "背景": 2, "10日": 2, "产品": 8, "公开": 3, "怼": 1, "放出": 2, "狠": 2, "生死": 2, "看淡": 2, "不服": 2, "干": 2, "怒怼": 1, "之下": 1, "宣战": 1, "红米": 4, "Redmi": 2, "发布会": 4, "霸气": 1, "回应": 2, "友商": 8, "攻击": 1, "模仿": 1, "真话": 1, "无关": 1, "远": 1, "介绍": 2, "Note": 2, "7": 2, "品质": 3, "指": 1, "PPT": 3, "竞品": 1, "自信": 1, "吊打": 1, "算了": 1, "留": 1, "面子": 1, "就要": 1, "现场": 4, "拆机": 1, "……": 3, "独立": 1, "磕高": 1, "弱于": 1, "有人": 3, "气": 1, "半死": 1, "保时捷": 2, "装门面": 1, "钱": 2, "卖": 3, "7手机": 1, "三星": 2, "索尼": 3, "相机": 1, "传感器": 1, "现货": 2, "早": 2, "迟迟": 1, "供": 1, "货": 3, "爱": 1, "吐槽": 1, "搞": 1, "饥饿": 1, "营销": 3, "这不": 1, "本事": 3, "虎嗅网": 1, "文章": 1, "对比": 2, "每场": 1, "指名道姓": 1, "针对": 5, "确实": 2, "整场": 1, "充满": 5, "火药味": 2, "气氛": 1, "假装": 2, "科普": 2, "惹急": 1, "穿": 2, "孔屏": 2, "成熟": 1, "高潮": 1, "米粉": 2, "同行": 1, "爆发": 1, "欢呼声": 1, "点名": 1, "穿孔屏": 1, "正是": 2, "nova": 1, "V20": 1, "接近": 2, "100%": 1, "屏": 1, "提供": 2, "除华": 1, "项": 3, "欣赏": 2, "如今": 4, "相爱": 1, "相杀": 1, "敌人": 1, "相互": 2, "度过": 1, "甜蜜": 1, "时期": 1, "记否": 1, "模式": 3, "初": 2, "成功": 3, "高管": 2, "余承东": 4, "祝贺": 2, "看好": 1, "商业": 6, "工艺": 1, "质量": 2, "领先": 2, "情况": 1, "迈出": 1, "走": 1, "互联网": 2, "销售": 2, "步子": 1, "内部": 1, "反对": 1, "声音": 1, "制约": 1, "因素": 1, "铁杆": 1, "粉丝": 2, "背": 1, "篇": 2, "讲话": 1, "国产": 1, "品牌": 7, "团结": 1, "枪口": 1, "抬高一尺": 1, "当初": 2, "独当一面": 1, "偶像": 1, "排列": 1, "最前沿": 1, "超越": 5, "苹果": 3, "第二": 4, "厂商": 3, "野心": 1, "来讲": 1, "经历": 4, "学习": 2, "探索": 1, "竟": 1, "不死不休": 1, "局面": 1, "优秀": 1, "创新": 1, "销量": 1, "一度": 1, "超过": 3, ";": 1, "拥有": 2, "雄厚": 1, "实力": 2, "壁垒": 1, "创新度": 1, "过程": 5, "抱": 1, "态度": 1, "提高": 1, "核心": 4, "脉络": 1, "良性": 1, "竞争": 2, "奋发": 1, "向前": 2, "你死我活": 1, "地步": 2, "归根结底": 1, "利益": 2, "老大": 2, "根源": 2, "研发": 11, "胜负": 1, "手段": 3, "将就": 1, "第一": 4, "名": 3, "荣誉": 1, "长期": 2, "斗争": 2, "毋庸置疑": 1, "不妨": 1, "出出": 1, "主意": 1, "到底": 1, "才能": 2, "角度": 1, "反超": 1, "豪言": 1, "找到": 1, "方向": 1, "固化": 1, "认知": 1, "高端": 2, "合作": 9, "Mate": 3, "RS，8GB": 1, "512GB": 1, "售价": 2, "12999": 1, "海外版": 1, "2095": 1, "欧元": 1, "16773": 1, "略": 1, "尴尬": 1, "万元": 1, "跳": 1, "质疑": 2, "丢掉": 1, "标签": 2, "善意": 1, "提醒": 1, "屌丝": 2, "甘心": 1, "用户": 3, "转去": 1, "高大上": 1, "恐怕": 1, "行不通": 1, "随之": 1, "牵扯": 1, "创立": 1, "注重": 1, "社区": 1, "文化": 1, "运营": 1, "积累": 2, "一批": 1, "死忠": 1, "信仰": 1, "发烧": 2, "视作": 1, "民族": 5, "骄傲": 3, "不少": 6, "口中": 1, "四": 1, "字": 1, "调侃": 1, "意味": 1, "客观": 1, "讲": 1, "挂钩": 1, "出货量": 2, "年报": 1, "显示": 2, "人员": 1, "8万": 1, "占": 2, "人数": 1, "45%": 1, "费用": 2, "支出": 1, "897亿": 1, "排名": 3, "第五": 1, "港交所": 1, "敲锣": 1, "2015年": 1, "2016年": 1, "15.12亿": 1, "21.04亿": 1, "31.15亿": 1, "逐年": 1, "三年": 1, "78.71亿": 1, "不及": 1, "零头": 1, "重视": 2, "带来": 2, "成果": 1, "部件": 1, "CPU": 3, "自给自足": 1, "2012年": 2, "D1": 1, "海思k3v2": 1, "系列": 1, "搭载": 1, "海思": 1, "麒麟980": 1, "进化": 1, "业界": 4, "说话": 1, "底气": 1, "更足": 1, "推出": 1, "自研": 1, "松果": 2, "澎湃": 2, "S1": 2, "5C": 1, "着实": 1, "吃": 1, "惊": 1, "遗憾": 1, "中端": 1, "S2": 1, "至今": 1, "难产": 1, "科技": 2, "无需": 1, "多言": 1, "掌控": 1, "噩梦": 1, "感触": 1, "颇": 2, "供应商": 5, "掣肘": 1, "稍": 1, "不慎": 1, "待宰": 1, "羔羊": 1, "遭遇": 4, "毁灭性": 1, "打击": 2, "毫无": 1, "还手": 1, "可能性": 2, "近些年": 1, "条": 1, "腿": 1, "大步": 1, "迈": 1, "说不定": 1, "假设": 2, "终归": 1, "900亿": 1, "投入": 1, "第三": 2, "现实": 2, "拼": 1, "面前": 1, "弟弟": 1, "期待": 1, "剩下": 1, "季度": 1, "来源": 1, "巨丰": 1, "财经": 1, "综合": 1, "割": 1, "股民": 1, "韭菜": 1, "创造": 1, "缴税": 1, "金额": 1, "百度": 1, "阿里巴巴": 1, "腾讯": 1, "还要": 1, "我国": 1, "通信": 2, "水平": 2, "位于": 1, "前列": 2, "即将": 1, "到来": 1, "时代": 2, "四分之一": 1, "专利": 1, "先进": 1, "口碑": 1, "西方": 2, "视为": 1, "威胁": 1, "眼中钉肉中刺": 1, "为首": 1, "联盟": 1, "澳大利亚": 2, "新西兰": 2, "韩国": 1, "日本": 4, "排挤": 1, "此事": 1, "放": 1, "心上": 1, "主战场": 1, "欧洲": 3, "地区": 2, "英国": 5, "签订": 1, "20亿": 2, "英镑": 2, "纷纷": 1, "效仿": 1, "频繁": 1, "出尔反尔": 1, "德国": 11, "前段": 1, "部门": 6, "仔细": 1, "检查": 3, "发现": 3, "影响": 2, "为止": 1, "建立": 1, "关系": 2, "合作性": 1, "观察者": 1, "网": 1, "11月": 1, "此前": 2, "官员": 1, "有意": 1, "说服": 1, "政府": 9, "排除": 2, "果不其然": 1, "干扰": 1, "各国": 1, "投标": 1, "竞标": 2, "名单": 1, "法律": 3, "说道": 1, "拒之门外": 1, "不顾一切": 1, "不惜": 1, "必杀技": 2, "修改": 2, "电信法": 1, "这次": 4, "希望": 3, "明目张胆": 1, "打压": 8, "愤怒": 2, "反击": 1, "方式": 1, "运营商": 5, "用上": 1, "多么": 2, "后悔": 1, "三": 2, "井": 1, "林凌": 1, "发自": 1, "凹非寺": 1, "量子": 1, "|": 1, "公众号": 1, "QbitAI": 1, "美利坚": 1, "挑起": 1, "刚刚": 1, "华尔街": 4, "日报": 4, "曝光": 2, "调查": 8, "联邦": 5, "检察官": 4, "刑事": 4, "巨头": 1, "涉嫌": 2, "窃取": 4, "包括": 2, "T-Mobile": 9, "在内": 1, "机密": 3, "老": 1, "对手": 2, "恩怨久矣": 1, "拿来": 1, "发难": 1, "旧事重提": 2, "美": 3, "媒": 1, "TheVerge": 1, "立法者": 1, "显微镜": 2, "审视": 1, "挫": 1, "勇": 1, "锲而不舍": 1, "控诉": 2, "窃密": 2, "民事": 2, "诉讼": 4, "阶段": 1, "很快": 1, "起诉书": 1, "公布": 1, "并非": 1, "追溯": 2, "2014年": 1, "滥用": 1, "电话": 1, "获取": 1, "权利": 2, "专有": 1, "当年": 1, "西雅图": 1, "被告": 1, "偷拍": 1, "制造": 2, "名为": 1, "Tappy": 1, "机器人": 2, "后者": 1, "认定": 1, "控告": 1, "否认": 2, "开除": 1, "不当": 1, "承认": 1, "一路告": 1, "直至": 1, "陪审团": 1, "裁定": 1, "胜诉": 1, "赔偿": 1, "480万": 1, "就此": 3, "告一段落": 1, "时间点": 1, "发生": 1, "种种": 3, "桩": 1, "围绕": 1, "旧事": 1, "单纯": 1, "找茬": 1, "年内": 1, "面临": 3, "指控": 5, "单方面": 1, "捕风捉影": 1, "莫须有": 1, "当做": 1, "借口": 1, "不公正": 1, "待遇": 2, "2008年": 2, "收集": 2, "案例": 1, "联合": 2, "贝恩": 1, "资本": 1, "欲": 1, "收购": 2, "3Com": 2, "5": 1, "计划": 1, "最终": 2, "失败": 1, "告终": 1, "网站": 1, "发表": 1, "声明": 2, "监管": 1, "批准": 1, "2010年": 2, "7月": 1, "竞购": 1, "私有": 1, "宽带": 1, "软件": 1, "提供商": 1, "Wire": 1, "出价": 1, "高于": 1, "1亿": 1, "失利": 1, "Sprint": 1, "Nextel": 1, "升级": 2, "蜂窝": 1, "网络": 4, "数十亿": 1, "理由": 4, "正式": 1, "为由": 1, "展开": 3, "发出": 1, "警告": 2, "机构": 2, "18": 1, "支撑": 1, "说法": 1, "予以": 1, "本来": 1, "磕磕绊绊": 1, "路": 1, "再度": 1, "增加": 2, "障碍": 1, "愈发": 1, "密集": 1, "铺天盖地": 1, "这年": 1, "10": 1, "Pro": 1, "WiFi": 1, "Q2": 1, "引入": 1, "隐私": 2, "保护": 3, "标准": 2, "存储器": 1, "生产": 3, "宣言": 1, "无力": 1, "CES": 3, "举办": 1, "原本": 1, "答应": 1, "渠道": 2, "临时": 1, "拒绝": 2, "只能": 1, "电商": 1, "登台": 1, "将来龙去脉": 1, "讲诉": 1, "自由": 1, "平等": 1, "遭受": 1, "赢得": 1, "掌声雷动": 1, "称为": 1, "2018": 1, "最佳": 1, "演讲": 1, "持续": 2, "6月份": 1, "美国商务部": 1, "出于": 2, "子公司": 1, "Futurewei": 2, "送": 1, "回家": 2, "8月份": 1, "酝酿": 1, "许久": 1, "国防": 1, "政策": 1, "法案": 3, "12月底": 1, "特朗普": 1, "试图": 2, "商务部": 1, "最早": 1, "用来": 1, "监视": 1, "华为化": 1, "盟友": 2, "盟国": 2, "明令": 1, "加拿大": 1, "停止": 1, "此举": 1, "导致": 2, "不满": 2, "情报": 2, "名义": 1, "Three": 1, "UK": 1, "达成": 1, "协议": 1, "成本": 3, "低": 1, "软银": 2, "旗下": 1, "禁用": 1, "未来": 1, "大增": 1, "禁令": 2, "人士": 2, "难以": 1, "替代": 1, "大型": 2, "施压": 1, "卖出": 1, "2亿": 1, "30%": 1, "制造商": 2, "拿到": 1, "30多": 1, "实际上": 2, "数码": 1, "Android": 1, "Authority": 1, "不对": 1, "眼": 1, "秘密": 1, "程度": 1, "The": 1, "Verge": 1, "山报": 1, "法律界": 1, "审查": 1, "Twitter": 1, "评论": 1, "说华": 1, "抄": 1, "黑帮": 1, "偷税": 1, "漏税": 1, "动作": 1, "富豪": 3, "数不胜数": 1, "创业": 3, "一帆风顺": 1, "中都": 2, "克服": 1, "走向": 2, "从小": 2, "理想": 2, "影响力": 1, "大人物": 1, "白手起家": 1, "年赚": 1, "5000亿": 3, "连续": 1, "500": 3, "榜单": 3, "之中": 1, "铜王": 1, "称呼": 1, "奋斗": 1, "安徽": 2, "王": 9, "文银": 9, "小时候": 2, "生活": 2, "条件": 3, "家庭": 1, "迫": 1, "王文银": 15, "家人": 1, "农活": 1, "打工": 2, "赚取": 2, "生活费": 1, "补贴": 1, "家用": 1, "知识": 1, "改变": 1, "命运": 1, "荒废": 1, "学业": 1, "高考": 1, "如愿": 1, "名牌": 1, "大学": 1, "企业家": 2, "类似": 1, "毕业": 1, "分配": 1, "国有": 1, "工资": 1, "农村": 1, "不错": 1, "工作": 2, "至少": 1, "稳定": 1, "能耐": 1, "性子": 1, "出人头地": 1, "道路": 1, "艰辛": 1, "体会": 1, "1995年": 1, "创办": 1, "携威": 1, "实业": 1, "有限公司": 1, "那时候": 1, "经营": 1, "电源线": 2, "生意": 1, "资金": 4, "有限": 1, "付款": 3, "收货": 2, "客户": 5, "这样一来": 1, "紧张": 1, "环节": 1, "出错": 1, "加剧": 1, "为此": 1, "工人": 1, "加班": 1, "熬夜": 1, "晚上": 1, "呆": 1, "车间": 1, "睡觉": 1, "白天": 1, "充当": 1, "司机": 1, "送货": 1, "带领": 1, "渐渐": 1, "盈利": 1, "好景不长": 1, "潮汕": 1, "订": 1, "笔": 1, "单子": 1, "夜以继日": 1, "赶工": 1, "交给": 1, "带走": 1, "跑路": 1, "损失": 1, "百万": 1, "濒临": 1, "破产": 1, "沉重": 1, "放弃": 1, "愉快": 1, "再三": 1, "恳求": 1, "同意": 1, "分期": 1, "好转": 1, "走上": 1, "正轨": 1, "1999年": 1, "工厂": 1, "正威": 11, "集团": 2, "资产": 1, "10亿": 1, "2003年": 1, "规模": 1, "产业链": 1, "完善": 1, "厂家": 1, "抓住": 1, "时机": 1, "买下": 1, "铜钨": 1, "矿山": 2, "2005年": 1, "接手": 1, "铜陵": 1, "30万": 1, "吨": 2, "光亮": 1, "铜线杆": 1, "项目": 1, "319亿": 1, "全威": 1, "铜业": 2, "106亿": 1, "2009年": 1, "铜": 1, "跌": 1, "开采": 1, "持平": 1, "状态": 1, "这时候": 1, "几十万": 1, "铜材": 1, "铜价": 1, "上涨": 1, "出货": 1, "倍": 1, "利润": 1, "远见": 1, "具备": 1, "投资": 1, "高科技": 5, "业务": 1, "2013年": 1, "财富": 3, "中时": 1, "这家": 1, "民营": 2, "二十年": 1, "排": 1, "第111": 1, "处于": 2, "位置": 2, "胡润": 1, "百富榜单": 1, "1100亿": 1, "仅次于": 1, "想要": 1, "依然": 1, "威年": 1, "大部分": 1, "目的": 1, "融资": 1, "年利润": 1, "超百亿": 1, "一块": 1, "充足": 1, "想法": 1, "标题": 1, "社评": 1, "迫害": 3, "领域": 2, "麦卡锡主义": 2, "援引": 1, "知情": 1, "伙伴": 1, "T-mobile": 1, "US": 1, "用于": 1, "智能": 2, "华盛顿": 1, "决心": 1, "麻烦": 1, "排斥": 1, "传出": 2, "孟晚舟": 1, "波兰": 1, "间谍": 1, "活动": 1, "逮捕": 1, "美方": 2, "跨党派": 1, "法规": 1, "管制": 2, "禁售": 1, "组件": 1, "点出": 1, "名字": 1, "这一切": 1, "全景图": 1, "通讯": 1, "生产商": 1, "放大": 1, "意义": 2, "抹黑": 1, "司法": 1, "行政治之目": 1, "代表性": 1, "悲哀": 1, "遍布": 1, "参与": 3, "无疑": 1, "贡献者": 1, "欲加之罪": 1, "何患无辞": 1, "开启": 1, "恶劣": 1, "先例": 1, "大国": 1, "破坏": 2, "秩序": 1, "早晚": 1, "自食其果": 1, "地缘": 1, "政治": 4, "刀光剑影": 1, "专心": 1, "远离": 1, "强行": 1, "柯顿": 1, "发起": 1, "宣称": 1, "共产党": 1, "判处": 1, "死刑": 1, "听": 1, "疯子": 1, "堂而皇之": 1, "传播": 1, "意识": 1, "形态": 1, "扭曲": 1, "发展中国家": 1, "崛起": 3, "一流": 1, "战略": 1, "心胸": 1, "狭小": 1, "背后": 1, "局限": 1, "本国": 2, "处在": 1, "引领者": 1, "高度": 1, "自私": 1, "缺少": 1, "应有": 1, "风范": 1, "严峻": 1, "狂躁": 1, "承受": 1, "逆境": 1, "惊慌": 1, "冷静": 1, "理性": 1, "赞赏": 1, "和平": 1, "艰难": 1, "转化": 1, "强之不易": 1, "竞争力": 1, "印证": 1, "一点": 1, "力量": 1, "要素": 1, "出手": 2, "看上去": 1, "轮": 1, "对此": 1, "弄懂": 1, "看清": 1, "风暴眼": 1, "信心": 1, "意志": 1, "压垮": 1, "应对": 1, "挑战": 1, "充裕": 1, "空间": 1, "清白": 1, "错误": 1, "决策": 1, "歧视": 1, "办法": 1, "非正当": 1, "付出": 1, "代价": 1, "环球": 1, "时报": 1}