{"[PConline": 1, "资讯": 1, "9月": 7, "26日": 3, "华为": 186, "发布": 20, "Mate30": 34, "系列": 35, "国行版": 6, "当天": 1, "首售": 1, "不少": 3, "消费者": 8, "售价": 28, "关注": 5, "要点": 1, "22日": 1, "知名": 1, "数码": 2, "博主": 2, "@": 1, "长安": 1, "数码君": 1, "曝光": 1, "国内": 20, "价格": 8, "预测": 2, "Mate": 23, "30": 14, "3999": 3, "元": 31, "称": 3, "价位": 1, "浮动": 1, "一两百": 1, "佳": 1, "便于": 1, "参考": 1, "爆料": 2, "显示": 9, "此次": 4, "版本": 15, "有待": 1, "国行": 3, "发布会": 8, "揭晓": 1, "6GB": 4, "+": 14, "128GB": 7, "8GB": 8, "4499": 2, "5G": 26, "256GB": 4, "5499": 2, "Pro": 11, "5399": 2, "5899": 1, "5999": 2, "6499": 1, "12GB": 2, "512GB": 2, "7599": 1, "保时捷": 4, "设计": 7, "12999": 1, "海外": 14, "4G": 4, "8+128GB": 1, "799": 2, "欧元": 6, "折合": 3, "人民币": 6, "6265": 1, "8+256GB": 3, "提供": 4, "尚未": 1, "公布": 4, "4G版": 1, "1099": 1, "8617": 1, "；": 3, "5G版": 2, "1199": 2, "9401": 1, "对比": 1, "带": 1, "手机": 62, "64": 1, "GB": 1, "20Pro": 1, "6799": 1, "综合": 1, "估计": 2, "去年": 2, "持平": 1, "配置": 2, "贵": 3, "一两千": 1, "提到": 1, "品牌": 7, "不得不": 1, "苹果": 21, "公司": 7, "近年来": 2, "优秀": 2, "系统": 30, "芯片": 19, "技术": 16, "坐拥": 1, "老大": 1, "地位": 5, "外观": 3, "智能": 8, "助手": 1, "、": 76, "视频": 8, "通话": 3, "基于": 4, "指纹": 2, "图像": 1, "识别": 2, "摄像头": 6, "众多": 1, "功能": 6, "都": 19, "引领": 4, "行业": 8, "革新": 3, "只能": 1, "跟随": 1, "从未": 1, "超越": 4, "2019年": 3, "无可撼动": 1, "时代": 4, "到来": 1, "渐渐": 1, "松散": 1, "领先": 2, "世界": 3, "市场": 31, "占": 4, "先机": 1, "场": 3, "世纪": 1, "19日": 2, "20日": 1, "iPhone11": 12, "线下": 2, "发售": 2, "迎来": 2, "高潮": 1, "本次": 1, "并非": 2, "一帆风顺": 1, "面世": 1, "初": 1, "一向": 1, "创新": 9, "质疑": 1, "：": 25, "三": 1, "款": 6, "机型": 6, "整体": 4, "升级": 6, "有限": 1, "相比": 1, "iPhoneXR": 1, "时降": 1, "1000": 2, "拼": 2, "多多": 3, "针对": 2, "优惠": 1, "力度": 1, "百亿": 1, "补贴": 1, "专场": 1, "原价": 3, "券后": 1, "4999": 1, "即可": 5, "到手": 3, "8699": 2, "Pro券": 1, "7999": 1, "9599": 1, "Max券": 1, "跌破": 1, "5000": 4, "观察": 1, "人士": 1, "变化": 3, "确实": 1, "吸引": 3, "前来": 1, "咨询": 1, "购买": 2, "加量": 1, "加价": 2, "策略": 3, "面临": 1, "缺乏": 2, "支持": 4, "指责": 1, "开售": 1, "依然": 1, "逃过": 1, "香": 1, "定律": 1, "公开": 2, "消息": 9, "深圳": 1, "杭州": 1, "宁波": 1, "旗舰店": 1, "均": 1, "果粉": 1, "排长队": 1, "现象": 1, "值得": 4, "这次": 1, "iPhone": 4, "新品": 2, "Pro暗夜": 2, "绿": 2, "逆袭": 1, "焦点": 1, "工作": 1, "人员": 1, "介绍": 2, "大部分": 3, "顺利": 1, "取货": 1, "最低": 2, "销量": 3, "香颂": 1, "资本": 2, "执行": 1, "董事": 1, "沈萌": 1, "工程": 1, "服务": 15, "能力": 5, "固定": 1, "粉丝": 1, "此前": 1, "错误": 1, "定价": 2, "定位": 2, "导致": 2, "上一代": 3, "销售": 1, "压力": 1, "业绩": 1, "冲击": 1, "深度": 2, "调整": 2, "回归": 1, "原有": 1, "路线": 3, "产品": 8, "太": 3, "根本性": 1, "体验": 8, "改善": 1, "层出不穷": 1, "围绕": 3, "软硬件": 1, "营收": 3, "支柱": 1, "越来越": 2, "反观": 1, "搭载": 7, "独立": 1, "研发": 7, "最新": 3, "处理器": 4, "麒麟": 2, "990": 2, "5GSoC": 1, "基带": 4, "合二为一": 1, "相较": 1, "上代": 1, "GPU": 1, "性能": 5, "提高": 1, "39%": 1, "能效": 2, "提升": 3, "高达": 2, "32%": 1, "速度": 2, "快": 6, "当之无愧": 1, "亮点": 1, "满额": 1, "机身": 1, "内部": 1, "拥有": 2, "14": 1, "颗": 3, "天线": 6, "远": 2, "高于": 1, "友商": 1, "4": 1, "信号": 1, "接收值": 1, "等待": 1, "基站": 4, "覆盖": 1, "增加": 2, "欢迎度": 1, "硬件": 4, "极致": 1, "软件": 3, "开发": 2, "下功夫": 1, "官方": 1, "自主": 2, "鸿蒙": 9, "有望": 1, "明年": 1, "P40": 1, "一点": 4, "开发端": 1, "补给": 1, "关键": 1, "值得一提的是": 1, "旗舰": 2, "包括": 3, "Mate30Pro": 1, "RS": 3, "设计款": 1, "便宜": 1, "(": 3, "6260": 1, ")": 3, "Mate30Pro5G": 1, "9395": 1, "2095": 1, "16416": 1, "网友们": 2, "吐槽": 2, "贵贵": 1, "处于": 1, "火爆": 1, "预定": 1, "代表": 3, "领域": 10, "极端": 2, "追逐": 1, "占优势": 1, "各有千秋": 1, "区域": 2, "胜负": 1, "差别": 1, "暴增": 1, "概念": 1, "板块": 3, "强力": 1, "刺激": 2, "概念股": 2, "指数": 3, "8月": 2, "6日": 2, "持续": 2, "上涨": 2, "最低点": 1, "1185.696": 1, "涨": 2, "最高点": 1, "1506.363": 1, "区间": 2, "涨幅": 2, "超": 1, "27%": 1, "强势": 1, "1635.253": 1, "2099.643": 1, "28%": 1, "全球": 15, "科技": 15, "突飞猛进": 1, "当代": 1, "背景": 1, "赛道": 3, "选手": 1, "究竟": 1, "储备": 2, "绵力": 1, "长远": 1, "走": 3, "终点": 1, "胜利": 1, "主位": 1, "时间": 4, "给出": 1, "答案": 1, "竞争": 5, "带来": 4, "突破": 4, "想必": 1, "长河": 1, "磨灭": 1, "瑰宝": 1, "台": 4, "实力": 4, "支撑": 1, "条": 1, "腿": 1, "走路": 1, "才能": 1, "稳": 1, "安卓": 4, "5月份": 1, "10.0": 4, "谷歌": 13, "原因": 3, "本月": 1, "才": 5, "推送": 3, "停留": 1, "9.0": 1, "9.1": 1, "第二": 3, "EMUI": 8, "上榜": 1, "作风": 1, "新款": 1, "尝鲜": 1, "少不了": 1, "P30": 1, "10": 7, "首次": 1, "提出": 1, "场景": 2, "智慧": 12, "生活": 1, "理念": 2, "引入": 2, "分布式": 4, "设备": 16, "互通壁垒": 2, "连接": 3, "UX": 1, "大举": 1, "细节": 1, "用户": 10, "畅连": 2, "沟通": 1, "便捷": 2, "拨号": 1, "1080P": 1, "高清": 1, "AI": 4, "音箱": 1, "轻松": 2, "接通": 1, "好友": 2, "来电": 1, "拨通": 1, "家中": 1, "智慧屏": 19, "家人": 3, "聊天": 1, "无人机": 1, "拍摄": 1, "美景": 1, "实时": 3, "分享": 2, "车载": 1, "行车": 1, "车": 2, "钥匙": 1, "汽车": 2, "无感": 1, "车辆": 1, "中控": 1, "屏幕": 8, "享受": 1, "音乐": 1, "导航": 1, "查看": 1, "状态": 1, "提前": 1, "开启": 2, "空调": 1, "利用": 2, "车上": 1, "坐": 1, "车边": 1, "接入": 2, "会议": 1, "沿途": 1, "风景": 1, "多屏": 1, "协同": 2, "办公": 2, "无线": 1, "投屏": 2, "再次": 2, "更新": 4, "电脑": 4, "跨": 1, "互动": 1, "轻碰": 1, "内": 1, "操作": 6, "界面": 3, "拖拽": 1, "文件": 1, "互传": 1, "键盘": 1, "回复": 1, "对话": 1, "高效": 1, "莫兰迪卡色": 1, "全新": 4, "主题": 2, "深色": 2, "模式": 3, "灵巧": 1, "源自": 1, "意大利": 1, "莫兰迪": 1, "渐变": 1, "色系": 1, "柔和": 1, "温暖": 1, "高级": 1, "质感": 1, "配合": 1, "含蓄": 1, "朦胧": 1, "平静": 1, "喧闹": 1, "克制": 1, "张扬": 1, "流畅": 3, "护眼": 1, "节能": 1, "情况": 2, "直观": 1, "感受": 1, "8": 1, "内测": 4, "X": 1, "荣耀": 5, "V20": 1, "Magic2": 1, "报名": 4, "方法": 1, "端": 1, "找到": 1, "花粉": 1, "俱乐部": 1, "——": 10, "点击": 1, "推荐": 1, "提示": 1, "填写": 1, "IMEI": 1, "信息": 1, "参加": 1, "包": 1, "大小": 1, "5GB": 1, "确保": 1, "电量": 1, "存储": 1, "空间": 2, "充足": 2, "流程": 1, "提交": 1, "名单": 1, "审核": 1, "反馈": 2, "兼容性": 1, "有助于": 1, "工程师": 1, "加快": 2, "解决": 1, "近日": 2, "收到": 1, "网友": 4, "提问": 1, "选择": 9, "国外": 7, "首发": 3, "卖": 3, "看似": 1, "很": 6, "简单": 4, "背后": 1, "深思": 1, "布局": 2, "笔者": 1, "分析": 1, "拍砖": 1, "依旧": 3, "德国": 1, "慕尼黑": 1, "率先": 5, "等到": 1, "之间": 6, "时间差": 1, "熟悉": 1, "这几年": 2, "遵循": 1, "旧例": 1, "不妥": 1, "重视": 1, "表现": 1, "欧洲": 3, "如今": 3, "增长": 4, "强劲": 1, "一个": 8, "激烈": 1, "尤其是": 1, "份额": 5, "35%": 1, "想要": 2, "寻求": 1, "进一步": 2, "难度": 1, "增长点": 1, "美国": 11, "印度": 1, "注重": 1, "中低端": 1, "新兴": 1, "正是": 1, "希望": 2, "借助": 1, "新机": 1, "第一": 3, "亮相": 1, "热度": 1, "打开": 1, "宣传": 1, "营销": 2, "节奏": 1, "储存": 1, "组合": 1, "最为": 1, "大概率": 1, "昂贵": 1, "营造": 1, "良心": 1, "舆论": 1, "打造": 5, "口碑": 2, "塑造": 1, "形象": 1, "角度": 1, "同步": 1, "准确": 2, "传播": 1, "效果": 2, "毕竟": 4, "国内外": 1, "间距": 1, "长": 1, "热点": 2, "发酵": 1, "有利于": 1, "预装": 1, "GMS": 1, "安装": 5, "影响": 2, "接受": 3, "方式": 1, "用到": 2, "生态": 4, "运行": 1, "合情合理": 1, "接连": 1, "消耗": 1, "成本": 1, "最终": 1, "买单": 1, "中国": 2, "科技界": 1, "领军": 1, "企业": 7, "全国": 1, "人民": 1, "给予": 1, "期望": 1, "面对": 6, "围堵": 1, "接连不断": 1, "制造": 1, "惊喜": 1, "挑衅": 2, "终于": 1, "出手": 1, "！": 5, "一己之力": 1, "高通": 5, "英特尔": 6, "甲骨文": 2, "巨头": 4, "发起": 3, "挑战": 5, "撼动": 1, "霸主": 1, "愈演愈烈": 1, "动用": 1, "霸权主义": 1, "想": 1, "压制": 1, "发展": 4, "为止": 1, "专利": 3, "数据": 7, "IPlytics": 1, "SEPs": 1, "1166": 1, "件": 2, "730": 1, "价值": 1, "标准": 2, "数量": 1, "超高通": 1, "X55": 2, "巴龙": 3, "7nm": 1, "参数": 2, "差": 1, "晚于": 1, "半年": 1, "NR+LTE": 1, "7.5Gbps": 1, "骁龙X55": 1, "不管是": 1, "进度": 1, "上都": 1, "略": 1, "胜": 1, "高通一筹": 1, "全方位": 1, "2019": 2, "开发者": 1, "大会": 3, "正式": 2, "推出": 1, "Harmony": 1, "OS": 1, "微内核": 1, "全场": 1, "景分": 1, "布式OS": 1, "微内": 1, "核": 1, "采用": 4, "套": 1, "平台": 1, "部署": 1, "架构": 2, "效率": 1, "对此": 1, "余承东": 1, "指出": 1, "Android": 1, "超过": 4, "1亿": 1, "代码": 2, "内核": 1, "2000万": 1, "8%": 1, "冗余": 1, "IoT": 2, "总体": 1, "起点": 1, "面向": 1, "未来": 5, "首款": 2, "上市": 2, "预计": 1, "2020年": 1, "mate30": 2, "成立": 2, "应对": 1, "拒绝": 1, "禁令": 1, "商店": 1, "下载": 2, "投资": 1, "10亿": 1, "美元": 1, "Huawei": 1, "Mobile": 1, "Services": 1, "用于": 1, "推动": 2, "长期": 1, "碾压": 1, "调研": 1, "机构": 1, "Gartner": 1, "三星": 2, "出货量": 4, "3月": 1, "5410万": 1, "下滑": 1, "4460万": 1, "14.1%": 1, "降至": 1, "11.9%": 1, "5840万": 1, "10.5%": 1, "15.7%": 1, "反超": 1, "近期": 1, "相机": 1, "充电": 1, "通讯": 5, "潮流": 1, "决裂": 1, "伴随": 1, "副董事长": 1, "轮值": 1, "董事长": 1, "胡厚崑": 1, "HC": 1, "计算": 3, "战略": 2, "重磅": 3, "战争": 1, "打响": 1, "对手": 4, "产业": 1, "替代": 4, "整机": 1, "招招": 1, "直取": 1, "要害": 1, "联接": 1, "训练": 3, "集群": 1, "Atlas": 3, "900": 3, "开出": 1, "枪": 1, "汇聚": 1, "几十": 1, "沉淀": 1, "数千": 1, "昇腾": 1, "衡量": 1, "金": 2, "ResNet-50": 1, "模型": 1, "只用": 1, "59.8": 1, "秒": 2, "纪录": 1, "众所周知": 1, "云端": 1, "CPU": 1, "主导": 1, "体现": 1, "雄厚": 2, "霸权": 1, "态度": 6, "数据库": 6, "高校": 1, "种子": 1, "计划": 1, "设立": 1, "GaussDB": 1, "这是": 3, "取名": 1, "高斯": 3, "研究": 2, "基金": 2, "大学": 1, "展开": 1, "实训": 2, "课程": 1, "大学生": 1, "伙伴": 1, "环境": 1, "实习": 1, "就业": 1, "机会": 3, "举措": 1, "深思熟虑": 1, "强大": 2, "国际": 1, "也许": 1, "唯一": 1, "对抗": 2, "举动": 2, "来源": 1, "证券": 1, "网": 1, "昨天": 2, "放松": 1, "台风": 1, "在家": 1, "好久": 1, "研报": 1, "老": 1, "埋怨": 1, "股痴": 1, "职业": 1, "投资者": 2, "周末": 1, "大都": 1, "经理": 1, "券商": 1, "分析师": 1, "交流群": 1, "24": 1, "小时": 1, "有人": 3, "发": 1, "一流": 1, "功夫": 1, "盘后": 1, "老铁们": 1, "梳理": 1, "产业链": 2, "龙头": 1, "三大": 3, "业务": 14, "版图": 1, "类型": 1, "分为": 1, "块": 1, "运营商": 5, "半壁江山": 1, "成长": 1, "基础": 5, "设施": 3, "建设": 5, "运营": 1, "商用": 2, "历史性": 1, "机遇": 1, "2019一": 1, "季报": 1, "披露": 1, "签订": 1, "40": 1, "合同": 1, "7万多": 1, "项目": 1, "核心": 1, "拓展": 1, "电子": 1, "出色": 1, "下降": 1, "逆势": 1, "一季度": 1, "制造商": 1, "仅次于": 1, "政府": 1, "云计算": 1, "占比": 1, "低": 1, "期待": 2, "奠定": 1, "弹性": 1, "细": 2, "分子": 2, "延伸": 2, "横跨": 1, "零部件": 2, "涵盖": 1, "面板": 1, "盖板": 1, "声学": 1, "器件": 1, "电池": 3, "细分": 3, "PCB": 2, "滤波器": 2, "服务器": 2, "存储器": 2, "中心": 3, "交换机": 2, "干货": 1, "相关": 1, "个股": 1, "一览": 1, "京东方A": 1, "长信": 1, "深天马A": 1, "德赛": 1, "欣旺达": 1, "舜宇": 1, "光学": 1, "欧菲光": 1, "水晶": 1, "光电": 2, "信维": 2, "通信": 4, "立讯": 1, "精密": 1, "网络": 3, "规划": 1, "国脉": 2, "中通": 1, "通宇": 1, "博通": 1, "集成": 1, "盛路": 1, "生益": 1, "沪电": 1, "股份": 1, "深南": 1, "电路": 1, "大富": 1, "传输": 1, "长飞": 1, "光纤": 1, "烽火": 1, "光缆": 1, "中天": 1, "亨通": 1, "遗憾": 1, "供应商": 3, "进口": 1, "潜在": 2, "和光": 1, "模块": 2, "兆": 1, "紫光": 1, "国微": 1, "圣邦": 1, "股份光": 1, "光迅": 1, "华工": 1, "易盛": 1, "销售量": 3, "极其": 3, "惨淡": 1, "排名": 1, "滑落": 1, "第四": 1, "罪魁祸首": 1, "矛盾": 1, "声明": 1, "GooglePlay": 7, "授权": 2, "再有": 1, "权利": 1, "预载": 2, "外国人": 3, "致命": 1, "意味着": 2, "发现": 1, "手动": 1, "成功": 5, "回升": 1, "中国人": 1, "极其不齿": 1, "说白了": 1, "盗版": 3, "最初": 1, "暗自": 1, "真的": 2, "建立": 1, "国人": 1, "心中": 1, "拔高": 1, "至少": 1, "国家": 2, "强硬": 1, "做出": 2, "事情": 2, "落差": 1, "很多": 2, "难以": 1, "想法": 1, "无意之举": 1, "限于": 1, "状况": 1, "底气": 1, "外国": 1, "无心": 1, "缺少": 1, "尝试": 1, "就算": 1, "小编": 1, "太过": 1, "嘲讽": 1, "鼓励": 1, "抓": 1, "过错": 1, "放手": 1, "创意": 1, "爆火": 1, "小女孩": 1, "掉落": 1, "花盆": 1, "居然": 2, "自动": 2, "长大": 1, "震撼": 1, "女孩": 1, "明白": 1, "精神": 1, "屏": 4, "物种": 1, "表达": 1, "关系": 1, "放大镜": 1, "放大": 2, "百倍": 1, "桌上": 1, "瓶子": 1, "碰到": 1, "遥控器": 1, "碰": 1, "瓶": 1, "评价": 1, "放大版": 1, "这话": 1, "不对": 1, "自研": 6, "鸿鹄": 2, "定制": 1, "具备": 1, "交互": 1, "意义": 1, "一一": 1, "改制": 1, "大屏": 4, "传统": 1, "电视": 5, "尺寸": 1, "材质": 1, "单一": 2, "陷入": 1, "尴尬": 1, "境地": 1, "TCL": 1, "开机率": 1, "三成": 1, "驻足": 1, "着眼": 1, "局势": 1, "瞄准": 2, "万物": 2, "互联": 3, "平板": 1, "笔记本": 2, "互通": 2, "焕活": 1, "需求": 1, "保证": 3, "画面": 1, "算法": 1, "麒麟AI": 1, "运算": 1, "配备": 1, "凌霄": 1, "Wi-Fi": 1, "顺畅": 1, "屏自": 1, "研芯片": 1, "手段": 1, "目的": 1, "预见": 1, "角力": 1, "互联大": 1, "屏类": 1, "割裂": 1, "家庭": 1, "指挥": 1, "控制": 3, "自然": 1, "各类": 1, "最佳": 1, "Hilink": 1, "管家": 1, "HiLink": 1, "协议": 1, "离开": 1, "屋灯": 1, "熄灭": 1, "扫地": 1, "机器人": 1, "清扫": 1, "动作": 1, "远程": 1, "操控": 1, "模块化": 1, "互为": 1, "终端": 1, "思路": 1, "发挥": 1, "多年": 1, "底蕴": 1, "芯片级": 1, "系统级": 1, "延续": 1, "一贯": 1, "拍照": 1, "优势": 1, "AI慧眼": 1, "万元": 2, "未能": 1, "或许": 1, "屏会": 1, "到底": 1, "一同": 1}