{"风口": 1, "无疑": 1, "5G": 38, "说到": 1, "自然": 3, "想到": 1, "华为": 140, "毕竟": 11, "技术": 7, "最为": 4, "厉害": 3, "年前": 1, "对外": 1, "宣传": 1, "数据": 11, "签署": 4, "30": 2, "份": 2, "订单": 1, "基站": 2, "出货": 1, "3万多": 1, "座": 2, "很": 21, "肯定": 6, "不止": 2, "合同": 3, "前不久": 1, "消息": 1, "称": 2, "土耳其": 1, "沙特阿拉伯": 1, "正是": 1, "太过": 1, "很多": 8, "国家": 9, "封杀": 1, "都": 26, "摇摆不定": 1, "英国": 33, "态度": 8, "这两天": 1, "媒体": 2, "报道": 2, "政府": 2, "电信": 14, "运营商": 10, "施加": 1, "网络": 37, "建设": 10, "采用": 8, "比例": 3, "超过": 5, "50%": 6, "四": 3, "包括": 2, "用户": 9, "核心": 5, "设备": 35, "、": 15, "详细": 2, "细则": 1, "探讨": 1, "之中": 1, "应对": 1, "隐患": 4, "方法": 2, "终究": 1, "庆幸": 1, "本次": 3, "加快": 2, "欧洲": 5, "市场": 10, "步伐": 1, "不仅仅": 2, "全球": 6, "推进": 1, "五": 2, "眼": 1, "联盟": 2, "情报": 1, "分享": 1, "成员": 1, "德国": 2, "估计": 1, "类似": 1, "拒绝": 6, "想来": 1, "未来": 4, "观望": 1, "改变": 1, "信息": 4, "物美价廉": 2, "子虚乌有": 1, "证据": 1, "证明": 2, "利益": 1, "面前": 1, "阴谋": 1, "都会": 1, "化为乌有": 1, "早就": 1, "爆": 1, "反对": 1, "原因": 2, "简单": 6, "此前": 1, "4G": 4, "意味着": 1, "更换": 3, "厂家": 1, "这是": 3, "一个": 27, "费时": 1, "费力": 1, "过程": 6, "同一个": 1, "理由": 5, "快要": 1, "国": 1, "施压": 1, "借口": 1, "一家": 3, "企业": 3, "效果": 2, "价格": 5, "部署": 1, "本身": 1, "难": 3, "拥有": 1, "话语权": 1, "专利": 4, "贡献": 1, "最多": 2, "加上": 1, "守得云开见月明": 1, "家用网": 1, "经历": 1, "：": 24, "白天": 1, "客厅": 18, "路由器": 19, "卧室": 9, "躺床": 1, "玩": 5, "手机": 12, "视频": 6, "播放": 1, "卡顿": 3, "；": 6, "过年": 1, "期间": 2, "通话": 2, "屋走": 1, "屋": 1, "偶": 1, "波动": 1, "信号": 17, "弱": 1, "情况": 7, "皆": 1, "Wi-Fi": 9, "覆盖": 5, "有人": 2, "明明": 1, "千兆": 5, "穿": 1, "墙路": 1, "由器": 5, "穿过": 1, "墙": 3, "衰减": 2, "居住": 1, "面积": 3, "家庭": 2, "推荐": 3, "选择": 7, "款": 4, "千": 2, "元": 5, "电商": 2, "平台": 2, "路由": 42, "Q2": 41, "Pro": 35, "网件": 23, "R7800": 23, "不错": 1, "产品": 4, "体验": 7, "小编": 8, "台": 4, "回家": 1, "实测": 2, "说话": 1, "！": 13, "外观": 8, "初": 2, "|": 3, "内心": 1, "打开": 2, "盒子": 1, "轮流": 1, "放": 6, "我家": 5, "沙发": 2, "固定": 3, "位置": 6, "该路": 1, "传统": 3, "天线": 4, "黑色": 1, "机身": 3, "中规中矩": 1, "糟糕": 1, "竟然": 2, "心动": 1, "感觉": 3, "通体": 2, "白色": 1, "配合": 1, "蓝色": 5, "指示灯": 5, "简约": 2, "风格": 1, "家装": 1, "搭配": 1, "占地": 1, "伸": 1, "整机": 1, "看上去": 1, "精致": 1, "大方": 2, "好看": 2, "好用": 1, "售价": 2, "级别": 1, "暂": 1, "不说": 3, "网速": 14, "功能": 3, "究竟": 1, "设计": 12, "匹配": 2, "对比": 6, "喜欢": 4, "华为路": 2, "好评": 1, "设置": 29, "人性化": 2, "头大": 1, "颜控": 1, "党": 1, "迫不及待": 1, "我本身": 1, "Mate": 2, "X自": 1, "带": 3, "「": 1, "智能": 5, "家居": 4, "APP": 7, "」": 1, "连接": 2, "操作": 2, "Pro子路": 2, "插": 7, "开关": 1, "不用": 1, "不一会": 1, "电源": 4, "显示": 1, "联网": 2, "真的": 2, "5": 2, "分钟": 4, "堪称": 1, "障碍式": 1, "完美": 1, "如果说": 1, "天堂": 1, "地狱": 1, "夸张": 1, "过路": 1, "朋友们": 1, "初始化": 1, "密码": 8, "找": 1, "半天": 1, "才": 4, "发现": 1, "出厂": 1, "名": 3, "美国": 3, "公司": 8, "调研": 1, "做出": 3, "多余": 1, "管理员": 2, "账户": 2, "初始": 1, "手册": 1, "写": 1, "大写": 1, "服气": 1, "拨号": 2, "上网": 6, "换路": 1, "之间": 6, "停歇": 1, "刚": 1, "等候": 1, "重启": 1, "账号": 3, "得以": 1, "解决": 1, "严谨": 1, "统计": 1, "9点": 1, "折腾": 2, "10点20分": 1, "才能": 1, "新手": 1, "小白": 1, "啰嗦": 1, "麻烦": 2, "友好": 1, "Pro真": 1, "考量": 1, "比如说": 2, "接口": 1, "区分": 1, "WAN": 1, "/": 6, "LAN口": 1, "网口": 3, "盲插": 1, "WAN/LAN": 1, "随便": 1, "2.4GHz": 3, "5GHz": 2, "名称": 4, "统一": 2, "自动": 3, "分配": 1, "快": 4, "Wi-Fi区": 1, "手动": 1, "切换": 1, "难受": 1, "值得一提的是": 1, "带来": 4, "自研": 2, "电力": 7, "猫": 7, "芯片": 2, "凌霄": 2, "5630": 1, "子母路": 2, "组网": 4, "地线": 2, "升级": 1, "零": 1, "火": 1, "三": 5, "项": 3, "插头": 7, "抑制": 1, "噪声": 2, "提高": 1, "质量": 1, "马上": 1, "测测": 1, "习惯": 1, "测试": 21, "笔者": 1, "交代": 1, "环境": 2, "条件": 1, "▲": 3, "宽带": 7, "100兆": 1, "家用": 1, "铁通": 1, "工具": 1, "X▲": 1, "软件": 3, "SpeedTest": 3, "测评": 2, "大师": 2, "户型": 2, "100": 2, "平米": 1, "房子": 5, "Pro母路": 1, "摆放": 4, "A": 3, "测速": 1, "摆": 2, "地点": 3, "伸出": 1, "机体": 1, "照样": 1, "84.3Mbps": 1, "下载": 7, "95.5Mbps": 1, "上传": 2, "速度": 6, "惨不忍睹": 1, "Hz": 2, "90.7Mbps": 1, "88.8Mbps": 1, "胜负": 1, "A然": 1, "距离": 2, "一墙之隔": 1, "得益": 1, "变化": 1, "82.4Mbps": 1, "93.8Mbps": 1, "稍": 1, "影响": 9, "74.0Mbps": 1, "73.5Mbps": 1, "路": 9, "跑分": 1, "分值": 1, "接近": 3, "区别": 2, "总得": 1, "性能": 3, "处于": 1, "档次": 1, "发挥": 1, "百兆": 1, "光纤": 3, "综合": 1, "颜值": 1, "细节": 3, "Wi-Fi名": 1, "混插": 1, "Pro子": 1, "母路": 5, "千万": 1, "错过": 1, "西方": 2, "禁止": 1, "2019年": 3, "困难": 3, "诺基亚": 6, "苹果": 7, "后尘": 1, "倒下": 4, "巨头": 3, "去年": 1, "年底": 1, "毫无": 1, "排除": 3, "本国": 1, "国际": 2, "业务": 5, "遭遇": 1, "挑战": 1, "任正非": 3, "收入": 2, "目标": 3, "1250亿": 1, "美元": 6, "增长率": 1, "20%": 2, "成立": 1, "高速": 1, "增长": 1, "实际上": 1, "哲学": 1, "百年": 2, "老": 2, "店": 2, "杜绝": 1, "偷懒": 1, "现象": 2, "马云": 1, "阿里巴巴": 2, "破产": 1, "101": 1, "历史": 1, "巨人": 1, "注定": 2, "卖身": 1, "被迫": 2, "降价": 1, "近年来": 1, "叱咤风云": 1, "最终": 2, "逃": 1, "坠落": 1, "命运": 1, "100多": 1, "发展": 2, "21": 1, "世纪": 1, "顶峰": 1, "行业": 1, "占据": 1, "14": 1, "领先": 1, "地位": 1, "这家": 1, "太": 5, "72亿": 1, "出售": 1, "微软": 1, "帝国": 1, "随之": 1, "崩溃": 1, "上周": 1, "收益": 1, "预期": 1, "促使": 1, "股价": 1, "大幅": 2, "反弹": 1, "恢复": 1, "1万亿": 1, "信心": 2, "2018年": 2, "多种": 1, "股票": 1, "暴跌": 1, "销量": 1, "下降": 2, "漏洞": 1, "高盛": 1, "纠纷": 1, "……": 1, "中国": 1, "贬值": 2, "苏宁": 1, "国美": 1, "拼": 1, "多多": 1, "京东": 1, "iPhone": 1, "下跌": 1, "幅度": 1, "高达": 1, "1000": 1, "衰落": 2, "程度": 1, "史蒂夫·乔布斯": 1, "时代": 1, "创新": 3, "精神": 1, "研发": 3, "投入": 1, "资金": 1, "授权": 1, "87805": 1, "11152": 1, "投资": 3, "150亿": 1, "200亿": 1, "强度": 1, "居": 2, "世界": 2, "领域": 4, "1000多": 1, "亿": 1, "新兴": 1, "拙劣": 1, "表现": 1, "牢牢": 1, "把握": 1, "至关重要": 1, "通信": 5, "内": 1, "赢得": 2, "26": 1, "商业": 2, "50多": 1, "伙伴": 1, "合作": 1, "协议": 1, "商用": 1, "出货量": 1, "突破": 1, "1万": 1, "第一": 1, "充满": 1, "讲到": 1, "下方": 1, "评论区": 1, "热烈": 1, "讨论": 1, "偶然": 1, "表哥": 4, "布线": 3, "参观": 1, "羡慕": 1, "妒": 1, "忌恨": 1, "呐": 1, "主卫": 1, "大一": 1, "截": 1, "预计": 1, "装修": 2, "豪华": 1, "告诉": 4, "大门口": 1, "一路": 3, "网线": 7, "书房": 2, "进来": 1, "200M": 2, "光猫": 1, "不行": 3, "关门": 1, "远处": 1, "主卧": 1, "基本上": 2, "阳台": 1, "极差": 1, "头条": 1, "新闻": 1, "观看": 1, "不停": 1, "转圈": 2, "游戏": 5, "结构": 3, "两百多": 2, "平方": 2, "布局": 2, "分布式": 2, "拍": 2, "胸口": 2, "保证": 2, "交给": 2, "下单": 2, "买": 3, "套": 4, "路由Q2Pro": 2, "领势": 12, "VelopAC6600M": 2, "系列": 2, "想": 5, "各项": 2, "看官": 2, "请": 2, "Velop": 9, "AC6600M": 6, "节点": 7, "内置": 1, "方形": 1, "柱体": 1, "表面": 1, "略带": 1, "一点": 4, "弧度": 1, "如同": 1, "摩天": 1, "大楼": 1, "顶端": 2, "亮": 1, "夜晚": 1, "屋子": 1, "格格不入": 1, "侧面": 1, "顶面": 1, "大面积": 1, "散热孔": 2, "整体": 1, "发热": 1, "增强": 2, "对此": 3, "抱": 1, "怀疑": 1, "听说": 1, "薄薄": 1, "层": 1, "塑料": 1, "外壳会": 1, "阻挡": 1, "无线": 7, "显得": 1, "圆润": 2, "子路": 7, "墙插": 1, "造型": 1, "值得一提": 1, "偏": 1, "顶部": 1, "平整": 1, "限度": 1, "上半": 1, "孔": 2, "露": 1, "遮住": 1, "接入": 4, "取电": 1, "洁白": 1, "椭圆形": 1, "映入眼帘": 1, "股": 1, "简洁": 1, "优雅": 1, "抹": 1, "纯净": 1, "符合": 1, "审美": 1, "底部": 2, "圈": 1, "氛围": 3, "灯光": 3, "围绕": 1, "配网": 1, "黄色": 2, "成功": 4, "温暖": 1, "刺眼": 2, "添": 1, "神秘感": 1, "装饰品": 1, "点缀": 1, "生活": 1, "空间": 1, "AC6600": 4, "M": 2, "要好": 1, "M顶端": 1, "黑夜": 1, "突兀": 1, "发亮": 1, "温柔": 1, "灯": 2, "更胜一筹": 1, "硬是": 1, "睡眠": 1, "关掉": 1, "算是": 1, "用心": 1, "房型": 1, "七拐八弯": 1, "层出不穷": 1, "装饰": 1, "隔断": 1, "支持": 3, "PLC": 4, "首选": 1, "科普": 1, "全名": 1, "Power": 1, "Line": 1, "Communication": 1, "电力线": 2, "地方": 3, "安装": 9, "供电": 1, "线路": 1, "解调": 1, "转换": 1, "WIFI": 6, "发射": 1, "套路": 1, "带有": 1, "免除": 1, "繁杂": 1, "工作": 1, "科技": 2, "便捷性": 1, "易用性": 1, "无可比拟": 1, "有线": 2, "美观": 1, "家里": 2, "弄成": 1, "盘丝洞": 1, "到处": 1, "横七竖八": 1, "线": 2, "接下来": 2, "最佳": 2, "屋内": 1, "中继": 2, "方案": 2, "相互": 1, "传输": 4, "光纤线": 1, "电视柜": 1, "理所当然": 1, "隔墙": 1, "远端": 1, "值安": 1, "放子": 1, "房间": 2, "处在": 1, "之下": 1, "当路": 1, "完毕": 2, "接通": 3, "查看": 1, "SSID": 1, "连入": 1, "提示": 3, "输入": 1, "模式": 3, "标准": 1, "穿墙": 1, "即可": 1, "短短": 1, "秒": 2, "稍微": 1, "繁琐": 1, "Linksys": 2, "搜寻": 1, "找到": 1, "指示": 1, "灯会": 1, "闪烁": 1, "紫色": 1, "主路": 2, "修改": 1, "自检": 1, "主节点": 1, "面子": 1, "排列": 1, "检测": 1, "远": 2, "回": 1, "一类": 1, "倒": 1, "漫长": 1, "配置": 1, "时间": 3, "5-10": 1, "建议": 1, "干": 1, "仅仅": 1, "M花": 1, "半": 1, "小时": 1, "用户们": 1, "担心": 1, "日常": 3, "极简": 1, "重中之重": 1, "先来": 1, "speedtest": 2, "差不多": 1, "PIN": 2, "G值": 2, "均": 1, "延时": 4, "丢包": 1, "数值": 1, "音频": 1, "同步": 1, "即时": 1, "竞技": 1, "小伙伴": 1, "画面": 1, "敌人": 1, "原地": 1, "反转": 1, "反而": 2, "数据图": 1, "逛": 1, "网店": 1, "关键": 1, "牵涉": 1, "服务器": 1, "时间段": 1, "关联": 1, "边上": 1, "优化": 1, "不少": 3, "误差": 1, "提升": 2, "归功": 1, "Pro新": 1, "依托": 2, "家中": 1, "电线": 2, "先天": 1, "缺陷": 1, "电网": 1, "零火线": 1, "用电": 1, "高峰期": 1, "差模": 1, "效率": 1, "引入": 1, "Turbo": 1, "三足": 1, "信噪比": 1, "——": 1, "120%": 1, "无损": 1, "段": 1, "无他": 1, "简便": 1, "电": 1, "电子": 1, "保留": 1, "电脑": 1, "稳定": 2, "增加": 1, "1拖15": 1, "品牌": 5, "品质": 1, "保障": 1, "国内": 2, "工信部": 1, "入网": 1, "认证": 2, "Mesh": 4, "跳": 1, "multi-hop）": 1, "单跳": 1, "AP": 2, "共享": 1, "增多": 1, "通讯": 8, "可用率": 1, "适合": 1, "大型": 1, "办公": 1, "场所": 1, "高校": 1, "动辄": 1, "上百": 1, "寥寥": 1, "好处": 2, "体现": 2, "成倍": 1, "上涨": 1, "2988": 1, "799": 1, "物尽其用": 1, "丝毫": 1, "浪费": 1, "盛宴": 1, "过后": 1, "泪流满面": 1, "飞快": 1, "歌": 6, "扯上": 1, "关系": 1, "名字": 2, "美": 1, "歌颂": 2, "赞美": 2, "爱华": 1, "讽刺": 1, "骂": 1, "歌词": 1, "疏油": 1, "闪存": 1, "绿光": 1, "莱卡": 1, "摄": 1, "单反": 1, "爵士赛": 1, "神仙": 1, "华而不实": 1, "为所欲为": 1, "这一下": 1, "花粉": 1, "反感": 2, "黑华": 1, "诋毁": 1, "歌曲": 3, "作者": 3, "米粉": 2, "小米": 8, "参与": 2, "俱乐部": 2, "MV": 2, "拍摄": 2, "争议": 1, "道歉": 1, "本人": 1, "人员": 1, "接触": 1, "校园": 1, "件": 3, "形象": 1, "关注": 2, "粉丝": 3, "荣耀": 1, "竞争": 1, "对手": 1, "掐架": 1, "时不时": 1, "负责人": 1, "互怼": 2, "发布会": 1, "碰瓷": 1, "对方": 1, "吵架": 1, "写歌": 1, "少见": 1, "方式": 1, "伤害": 2, "奉劝": 1, "理性": 1, "好好": 1, "过激": 1, "看法": 1, "留言": 1, "交流": 2, "名声鹊起": 1, "国际化": 1, "经营": 2, "典范": 2, "下一代": 1, "之际": 1, "深厚": 1, "令人羡慕": 1, "底蕴": 1, "留住": 1, "核心网": 3, "招标": 1, "忠实": 1, "客户": 2, "先进": 1, "高效": 1, "服务": 1, "11月": 1, "高级": 1, "管理者": 1, "兼任": 1, "首席": 1, "架构师": 1, "供应商": 3, "努力": 1, "赶上": 1, "风险": 1, "传播": 1, "利用": 1, "三年": 1, "掉": 1, "下属": 1, "EE": 3, "声明": 1, "剔除": 1, "竞标": 1, "名单": 1, "定义": 1, "采购": 1, "误解": 1, "目的": 2, "截然": 1, "日本": 1, "软银": 1, "本质": 1, "顺利": 2, "提供": 1, "本来": 1, "约定": 1, "拆除": 1, "收购": 1, "为此": 1, "解释": 1, "提": 1, "运营": 1, "中华": 1, "高于": 1, "近日": 1, "相关": 4, "机构": 1, "规矩": 2, "确实": 1, "针对": 1, "船舶": 1, "桅杆": 1, "无线电": 1, "套件": 1, "细化": 1, "业内": 1, "人士": 1, "提出": 1, "批评": 1, "制约": 1, "自由": 1, "权利": 1, "评价": 1, "一致性": 1, "沃达丰": 1, "表达": 1, "排": 2, "破坏性": 1, "也就是说": 1, "除掉": 1, "落后": 2, "部门": 1, "呼吁": 1, "意见": 1, "赞誉": 1, "保护": 1, "正如沃达丰": 1, "评估": 1, "迹象": 1, "长期": 1, "收获": 1, "这一切": 1, "意愿": 1, "期望": 1, "政|府": 1, "策略": 1, "酝酿": 1, "坏": 1, "上限": 1, "只能": 1, "理解": 1, "源于": 1, "反垄断": 2, "思考": 1, "基于": 1, "支出": 1, "20亿": 1, "改进": 1, "承诺": 1, "机会": 1}