{"华为": 203, "Mate30": 36, "系列": 43, "海外": 11, "发布": 11, "很多": 8, "手机": 55, "价格": 24, "越来越": 2, "不满": 1, "贵": 4, "有人": 6, "吐槽": 2, "没钱": 2, "买": 9, "！": 12, "之间": 6, "差别": 2, "确实": 6, "太": 8, "情况": 7, "Pro": 30, "国行版": 4, "9月": 6, "26日": 4, "很": 23, "感人": 2, "网友": 3, "都": 28, "感慨": 1, "：": 19, "无奈": 3, "称": 6, "余承东": 10, "Mate30Pro": 10, "自信": 2, "发布会": 16, "接连": 1, "对比": 7, "苹果": 12, "iPhone11": 16, "Max": 12, "展示": 1, "强大": 4, "实力": 1, "外观": 7, "设计": 38, "采用": 17, "刘海": 6, "屏幕": 15, "瀑布屏": 2, "曲面率": 1, "接近于": 2, "88": 2, "°": 2, "正面": 4, "视觉": 3, "效果": 10, "漂亮": 1, "边框": 4, "感觉": 6, "机身": 4, "背部": 3, "搭载": 12, "环形": 1, "摄像头": 25, "滚筒": 1, "洗衣机": 1, "学习": 3, "Mate20Pro": 1, "三": 8, "摄": 14, "这是": 9, "领先": 2, "地方": 2, "中国人": 1, "喜欢": 4, "当中": 2, "技术": 11, "Mate30pro": 1, "最为": 2, "精密": 1, "还要": 6, "支持": 25, "Face": 1, "ID": 3, "2.0": 1, "拍照": 8, "亮点": 1, "款": 14, "4000万": 11, "素徕卡": 2, "电影": 6, "四": 9, "具备": 5, "超高清": 1, "夜景": 1, "拍摄": 5, "能力": 8, "7680": 3, "帧超": 1, "高速": 1, "摄影": 9, "动作": 9, "规格": 2, "+": 22, "800万+3D": 1, "景深": 1, "输给": 1, "iPhone": 7, "性能": 3, "麒麟990": 4, "处理器": 7, "7纳米": 1, "芯片": 13, "国行": 4, "版本": 20, "8GB": 5, "128GB": 3, "储存": 2, "组合": 3, "算": 7, "差": 1, "超越": 1, "骁龙": 2, "855": 1, "855plus": 1, "A13": 2, "信息": 1, "4500": 3, "mAh": 4, "电池": 5, "40W": 2, "快充": 5, "17W": 1, "无线": 6, "宽松": 1, "IP": 1, "68": 1, "级别": 1, "防水": 1, "防尘": 1, "256GB": 3, "版": 1, "售价": 9, "1099": 2, "欧元": 6, "起步": 2, "降低": 1, "最终": 4, "超过": 5, "五千": 2, "元": 19, "之下": 4, "现如今": 1, "开售": 3, "破发": 2, "第三方": 2, "渠道商": 1, "不到": 1, "购买": 1, "价值": 1, "5G": 36, "11月": 1, "才能": 3, "期待": 3, "不及": 1, "感到": 1, "WiFi6": 1, "协议": 1, "时代": 2, "网速": 1, "反而": 1, "落后": 1, "希望": 9, "如今": 3, "开卖": 1, "偏偏": 1, "便宜": 6, "显得": 2, "难免": 1, "遗憾": 2, "卖": 2, "竞争": 3, "这两年": 1, "昂贵": 1, "就要": 1, "数限量": 1, "Rs": 1, "保时捷": 18, "机皇": 2, "一万五": 2, "RS": 14, "iPhone11Pro": 2, "Mate": 40, "30": 33, "风格": 2, "高大上": 2, "满满": 1, "股": 1, "奢侈品": 1, "味道": 2, "充满": 1, "土豪": 2, "气息": 2, "6.62": 2, "英寸": 10, "OLED": 1, "屏": 18, "进口": 1, "牛皮革": 1, "材质": 2, "边缘": 2, "实体": 1, "按键": 1, "取而代之": 1, "利用": 2, "操作": 6, "见到": 3, "据说": 1, "灵感": 1, "源自": 1, "跑车": 2, "天窗": 1, "经典": 1, "速度": 5, "带": 2, "常规": 1, "磨砂": 1, "玻璃": 2, "浴霸": 1, "刘海屏": 1, "曲面屏": 1, "中规中矩": 1, "比不上": 1, "只能": 5, "普通人": 1, "审美": 1, "颜值": 1, "针对": 2, "大众": 1, "身份": 2, "地位": 1, "高端": 2, "人士": 1, "硬件": 3, "配置": 3, "12GB": 2, "512G": 1, "内存": 1, "512GB": 3, "承认": 1, "系统": 6, "体验": 13, "iOS": 1, "13": 1, "正式版": 1, "适配": 2, "完善": 2, "流畅性": 1, "交互": 3, "主摄": 1, "800万": 4, "长焦": 4, "TOF四": 1, "枚": 2, "7680FPS": 1, "超级": 2, "1200万": 3, "视频": 29, "超慢": 1, "功能": 20, "打的": 1, "纯粹": 1, "27W": 1, "mAh大": 1, "好于": 1, "3969": 1, "18W快充": 1, "2095": 2, "16000": 1, "12699": 1, "相互": 1, "接近": 1, "看法": 1, "记者": 1, "|": 1, "陆": 1, "柯言": 1, "19月": 1, "19日": 1, "消费者": 20, "业务": 4, "高光": 1, "旗舰": 11, "面世": 1, "酝酿": 1, "智慧屏": 37, "天后": 1, "界面": 1, "新闻": 1, "深圳": 2, "智慧": 26, "屏真机": 1, "台": 5, "65": 3, "寸": 1, "大小": 1, "首发": 1, "尺寸": 2, "表述": 2, "来得": 1, "此前": 4, "荣耀": 11, "自研": 4, "鸿蒙": 4, "开启": 2, "APP": 3, "卡顿": 1, "切换": 1, "顺畅": 1, "美中不足": 1, "语音": 5, "提高": 1, "空间": 1, "——": 2, "用户": 12, "助手": 2, "对话": 1, "准确": 1, "识别": 6, "内容": 4, "特定": 1, "遥控": 1, "或许": 4, "省时": 1, "生态": 3, "阶段": 3, "尚未": 3, "暂时": 2, "内置": 4, "、": 68, "优酷": 1, "腾讯": 1, "芒果": 1, "TV": 1, "主流": 1, "软件": 1, "鸿鹄": 3, "显示": 3, "麒麟AI": 1, "凌霄": 1, "Wi-Fi": 2, "集结": 1, "场": 1, "试炼": 1, "官方": 2, "此次": 2, "推出": 2, "三大": 1, "卖点": 6, "升降式": 3, "微光": 2, "音响": 3, "Huawei": 3, "Share": 2, "跨屏": 4, "场景": 6, "通话": 3, "AI": 6, "健身": 7, "儿童": 6, "模式": 4, "颗": 10, "分辨率": 1, "1920*1080": 1, "配备": 3, "智能": 11, "人像": 2, "锁定": 1, "作用": 2, "光线": 1, "条件": 1, "自动": 4, "捕捉": 2, "镜头": 4, "呈现": 1, "中心": 1, "最佳": 3, "位置": 5, "躯体": 1, "关节": 1, "客厅": 3, "到位": 4, "提醒": 7, "纠正": 1, "面前": 1, "分级": 1, "设定": 2, "观看": 1, "时长": 1, "距离": 2, "观影": 1, "坐姿": 1, "电视": 19, "产品": 25, "关注": 2, "一块": 2, "4K量": 1, "子点": 1, "色域": 2, "覆盖率": 1, "100%": 2, "NTSC": 2, "双核": 2, "A53+": 1, "A73": 1, "架构": 1, "现场": 7, "家庭": 5, "影院": 2, "需求": 6, "相比起": 1, "传统": 5, "厂商": 8, "价位": 2, "优势": 2, "公布": 6, "供应商": 5, "财联社": 1, "报道": 2, "TCL": 1, "集团": 1, "旗下": 2, "华星": 1, "光电": 2, "台湾": 1, "面板": 1, "友达": 1, "Sound": 1, "第二": 3, "介绍": 1, "8+1+1": 3, "音频": 2, "方案": 5, "声场": 2, "建模": 1, "房间": 2, "建立": 1, "虚拟": 1, "模型": 1, "匹配": 1, "声音": 1, "播放": 1, "项": 2, "刚需": 1, "独享": 1, "定向": 2, "发声": 2, "降噪": 1, "解释": 3, "在于": 3, "家里": 1, "想": 10, "休息": 1, "煲剧": 1, "观看者": 1, "增强": 1, "人声": 1, "尽量": 1, "减少": 1, "打扰": 1, "体验感": 1, "表现": 3, "佳": 1, "低音": 2, "优秀": 1, "等到": 4, "揭晓": 3, "答案": 2, "特色": 2, "一点": 4, "投屏": 9, "轻": 1, "碰": 2, "NFC": 2, "标签": 1, "游戏": 2, "意味着": 1, "传输": 1, "30MB/S": 1, "电脑": 2, "数据": 2, "资料": 1, "随时": 1, "传送": 1, "联动": 1, "基于": 1, "未来": 3, "排除": 1, "合作": 3, "行业": 3, "涌现": 1, "出新": 1, "玩家": 1, "视听": 1, "的确": 1, "青睐": 1, "拿出": 1, "杀手锏": 1, "概念": 1, "玩法": 1, "挖出": 1, "创新": 4, "切合": 1, "设想": 1, "推进": 1, "1+8+N": 1, "战略": 2, "环": 1, "布局": 1, "入口": 1, "并未": 2, "透露": 2, "销量": 5, "目标": 7, "品牌": 1, "首款": 1, "大屏": 1, "这块": 1, "屏所": 1, "承载": 1, "意义": 1, "本月": 1, "国内": 9, "无意外": 1, "3799": 1, "/": 3, "4799": 1, "Pro）元": 1, "买账": 1, "正式": 5, "媒体": 4, "该机": 1, "评价": 4, "权威": 2, "mate30": 1, "看好": 1, "出厂": 2, "预装": 2, "谷歌": 8, "全家": 7, "桶": 7, "依赖": 1, "远远": 1, "超出": 1, "想象": 3, "英国": 1, "广播": 1, "公司": 6, "全球": 7, "BBC": 1, "缺少": 1, "打击": 1, "预定": 1, "2000万": 4, "市场": 9, "缺": 1, "失光": 1, "难": 3, "开发": 6, "可不": 1, "一个": 31, "漫长": 1, "过程": 1, "人称": 1, "自行": 3, "安装": 5, "简单": 2, "当年": 3, "玩机": 1, "懂": 1, "有时候": 1, "厂家": 1, "配合": 1, "当下": 1, "燃眉之急": 1, "解决": 5, "外媒": 1, "AnandTech": 1, "Android": 1, "Authority": 1, "确认": 1, "提供": 3, "Bootloader": 3, "解锁": 3, "份": 1, "声明": 1, "保证": 2, "安全性": 1, "自由": 1, "定制": 1, "计划": 1, "赋予": 3, "权限": 1, "出于": 3, "理由": 1, "关闭": 1, "讲": 1, "执行": 1, "不得不": 4, "开放": 1, "看作": 1, "妥协": 1, "选择": 5, "看似": 1, "等级": 1, "之上": 1, "紧跟": 1, "顶级": 1, "P30": 4, "出色": 2, "全新": 5, "新一代": 1, "可惜": 1, "国外": 1, "上海": 2, "发售": 1, "时间": 10, "研发": 7, "周期": 4, "长": 2, "18": 6, "投入": 12, "21.3亿": 1, "人员": 5, "多达": 1, "3000": 2, "成本": 2, "自然": 4, "限于": 1, "困境": 1, "欧洲": 2, "销售": 6, "数量": 2, "压力": 1, "想要": 1, "放弃": 3, "以往": 1, "路线": 1, "加量": 1, "加价": 1, "想到": 1, "线下": 2, "专卖店": 1, "提前": 1, "8": 1, "4G": 6, "售": 1, "3999": 2, "走量": 1, "主力": 1, "低": 5, "始料未及": 1, "买到": 2, "7": 2, "三星": 4, "前置": 2, "2400万": 1, "素AI": 2, "相机": 6, "后置": 2, "像素": 11, "1600万": 1, "3": 4, "4200": 1, "40W快充": 1, "W": 1, "充电": 2, "反向": 1, "Mate20": 1, "22.5W": 1, "诚意": 1, "舍": 1, "缩水": 1, "超广角": 1, "潜望": 2, "香": 1, "小米": 3, "9": 3, "对抗": 1, "前提": 1, "无视": 1, "4599": 1, "600": 2, "估计": 2, "3499": 1, "贵出": 1, "一千多": 1, "双模5G": 1, "NSA": 3, "单模5G": 1, "8+128GB": 1, "5199": 2, "往年": 1, "6.55": 1, "AMOLED": 1, "瀑": 1, "布屏": 1, "LG": 1, "京东方": 1, "也就是说": 2, "抽奖": 1, "运气": 1, "成分": 1, "3200万": 1, "素拍": 1, "照主": 1, "摄IMX600y": 1, "素超": 1, "广角": 3, "摄IMX608": 1, "素长": 1, "焦+ToF": 1, "3D": 1, "深感": 1, "40W/30W": 1, "背景": 1, "抠图": 1, "常见": 2, "4K": 3, "超": 5, "暗态": 2, "延时": 5, "Fps": 1, "超高速": 2, "上都": 2, "首次": 2, "客气": 1, "引领": 5, "潮流": 2, "明年": 1, "忘": 1, "声": 1, "谢谢": 1, "上半年": 1, "2千万": 1, "低下": 1, "身段": 1, "国产": 1, "5799": 1, "接受": 3, "1924": 1, "名为贝尔德": 1, "年轻人": 2, "花": 3, "终于": 2, "发明": 2, "世界": 1, "第一": 5, "电视机": 3, "接下来": 3, "将近": 1, "一百": 2, "家电": 2, "变化": 3, "改变": 1, "塞": 1, "不痛不痒": 1, "仅仅": 1, "冠": 1, "「": 5, "」": 5, "字": 1, "名字": 2, "定义": 3, "昨晚": 1, "废话": 1, "参数": 2, "看点": 2, "量子点": 1, "覆盖": 1, "HDR": 1, "MEMC": 1, "818": 1, "Hi1103": 1, "同款": 1, "Hi3516DV300": 1, "NPU": 1, "集成": 3, "SoundBar华": 1, "英寸款": 1, "50": 2, "70": 1, "放": 3, "视野": 1, "睡房": 1, "违和": 1, "SoundBar": 3, "下方": 1, "喇叭": 4, "包含": 1, "6": 1, "全频": 1, "单元": 3, "高音": 1, "1": 2, "无源": 1, "辐射器": 1, "中央": 2, "面积": 2, "呼吸灯": 2, "呼出": 1, "又或者": 2, "播歌": 1, "律动": 1, "做工": 1, "精致": 1, "抛光": 1, "窄": 1, "带来": 7, "屏占比": 1, "薄处": 1, "6.9": 1, "毫米": 1, "厚度": 1, "接口": 2, "足够": 2, "齐全": 2, "HDMI": 1, "USB": 1, "3.0": 1, "网络": 7, "方式": 2, "便捷": 1, "实际上": 2, "带有": 1, "镜像": 1, "玩": 2, "原因": 1, "缺点": 2, "得益": 1, "低延": 1, "特性": 1, "60": 1, "Hz": 1, "100": 1, "高帧率": 1, "工作": 2, "演示": 1, "单机": 1, "手游": 2, "忽略": 1, "掉": 1, "竞技": 1, "高玩们": 1, "精准": 3, "走位": 1, "压枪": 1, "影响": 2, "远程": 1, "控制": 1, "没错": 1, "大几乎": 1, "相关": 2, "详细": 2, "同学": 2, "回顾": 1, "评测": 4, "究竟": 1, "不妨": 1, "关心": 2, "相比": 4, "升级": 5, "1080P": 1, "可升": 1, "降式": 1, "后者": 1, "命名": 1, "慧眼": 1, "慧": 1, "跟踪": 2, "屏时": 1, "提到": 3, "视角": 1, "坐": 2, "沙发": 1, "站": 2, "茶几": 1, "旋转": 1, "人物": 3, "位于": 1, "画面": 1, "追焦": 1, "确保": 1, "虚掉": 1, "不少": 2, "都会": 4, "在家": 1, "比起": 1, "健身房": 1, "请": 1, "教练": 1, "省事": 1, "省下": 1, "钱": 1, "判断": 2, "姿势": 3, "标准": 2, "算法": 2, "实时": 1, "身体": 1, "关键": 1, "测试": 2, "屈膝": 1, "压腿": 1, "腿": 1, "压": 1, "肩肘": 1, "运动": 1, "幅度": 2, "时常": 1, "体力": 1, "下降": 2, "导致": 1, "变形": 1, "这样一来": 1, "专人": 1, "瞎练": 1, "起到": 1, "事半功倍": 1, "家长": 1, "监督": 1, "孩子": 2, "升起": 1, "躺下": 1, "正确": 1, "发出": 2, "碍于": 1, "机会": 2, "这次": 2, "短暂": 1, "画质": 1, "音效": 1, "细致": 1, "感": 1, "兴趣": 1, "众多": 1, "角逐": 1, "战场": 1, "很快": 1, "迎来": 1, "轮": 2, "更新": 1, "软硬件": 1, "做出": 1, "粘性": 1, "杀手级": 1, "隐私": 1, "担忧": 2, "摆": 1, "预见": 1, "或者说": 1, "革新": 1, "即将": 2, "到来": 1, "改造": 1, "拭目以待": 1, "北京": 3, "19日晚": 1, "德国": 1, "慕尼黑": 1, "2019": 2, "年度": 2, "重构": 2, "面向": 2, "7nm+": 1, "EUV": 1, "商用": 1, "SoC": 1, "超曲面": 1, "环幕屏": 2, "Halo": 2, "光环": 2, "感光": 3, "徕卡": 4, "ISO": 1, "51200": 1, "超高": 1, "清夜": 1, "fps": 1, "双重": 1, "生物": 1, "磁悬": 1, "....": 1, "集大成": 1, "词": 1, "演绎": 1, "极致": 2, "11日": 1, "略显": 1, "乏味": 1, "11": 6, "主题": 1, "找到": 1, "激情": 2, "Keynote": 1, "演讲": 1, "一次次": 1, "高潮": 1, "迭起": 1, "会后": 2, "体验区": 1, "人满为患": 1, "意犹未尽": 1, "解答": 1, "产品线": 2, "副总裁": 4, "李小龙": 19, "专访": 1, "揭秘": 1, "背后": 3, "故事": 1, "细节": 1, "到底": 4, "重视": 1, "众所周知": 1, "年间": 1, "累积": 1, "3940亿": 1, "2017年": 2, "896亿": 1, "占比": 1, "营收": 1, "14.9%": 1, "位列": 1, "排名": 2, "第六": 1, "终端": 2, "下本": 1, "受益者": 1, "旗舰机": 3, "一代": 8, "做好": 1, "大概": 2, "1.5亿": 1, "美金": 2, "亿": 1, "炼成": 1, "史无前例": 1, "首创": 1, "双主": 1, "1/1.7": 1, "RYYB": 4, "CMOS": 3, "(": 6, "4:3": 1, "比例": 2, ")": 6, "增加": 6, "1/5.4": 2, "RGGB": 2, "3:2": 1, "迄今": 1, "影像": 4, "传感器": 2, "谈及": 3, "重点": 1, "发展": 5, "发现": 1, "拍": 4, "提升": 2, "上传": 1, "快速": 1, "宽": 1, "放在": 1, "1.54": 1, "如果说": 2, "4": 2, "好像": 1, "有点儿": 1, "浪费": 1, "折中": 1, "裁切": 1, "损失": 1, "不大": 1, "单反": 1, "用于": 2, "大底": 1, "最新": 1, "目的": 1, "进光量": 1, "产出": 1, "问到": 1, "坦言": 1, "次要": 1, "指标": 2, "程度": 4, "不用": 1, "原生": 3, "调用": 2, "对此": 1, "给出": 1, "开发商": 2, "包括": 1, "境外": 1, "联合": 1, "借助": 2, "Camera": 1, "kit": 1, "不止": 1, "业界": 4, "单打独斗": 1, "事情": 1, "一大": 3, "悬而未决": 1, "登顶": 1, "DoXMark": 2, "环节": 1, "略": 1, "评分": 1, "段": 1, "才": 6, "倍": 1, "选": 1, "方向": 2, "比如说": 4, "抓鸟": 1, "什么的": 1, "适合": 1, "均衡": 1, "近年来": 1, "有目共睹": 1, "寻找": 1, "袒露": 1, "心声": 1, "‘": 1, "’": 1, "一阵子": 1, "银河": 1, "太太": 1, "一眼": 2, "真的": 1, "各种各样": 2, "惊喜": 1, "专业": 1, "设备": 1, "拍到": 1, "东西": 1, "键": 3, "傻瓜式": 1, "圆形": 4, "模组": 1, "去年": 1, "四点式": 1, "车灯": 1, "超跑": 1, "标志性": 1, "元素": 1, "融入": 1, "眼": 1, "矩阵": 1, "焦": 1, "刚刚": 1, "语言": 3, "会上": 1, "CEO": 3, "惊艳": 1, "矩形": 3, "考量": 1, "直言": 1, "圆角": 1, "正方形": 1, "不停": 1, "演变": 1, "Mate9": 1, "跑道": 2, "圆": 1, "基本上": 1, "上一代": 2, "影子": 1, "Mate10": 1, "拉长": 1, "拉成": 1, "横向": 1, "往后": 1, "横": 1, "圆孔": 1, "基础": 1, "耳目一新": 1, "家族": 1, "特征": 1, "传承": 1, "趋势": 1, "俗称": 1, "取消": 1, "物理": 2, "音量": 1, "误触": 2, "直截了当": 1, "进一步": 1, "主屏": 1, "分成": 1, "区域": 3, "平面": 1, "显示器": 1, "两边": 2, "弯折": 2, "触碰": 1, "完整": 2, "分割": 1, "Pro音量": 1, "改": 1, "触碰式": 1, "开车": 1, "或者是": 2, "包": 1, "盲按": 1, "电话": 1, "静音": 1, "习惯": 2, "按音量键": 1, "电源键": 1, "表达": 1, "观点": 1, "耐心": 1, "态度": 1, "扶持": 1, "一点点": 1, "差距": 1, "产业": 1, "百花齐放": 1, "参与": 1, "进来": 1, "一家": 1, "快": 3, "眼光": 1, "质量": 1, "专家": 1, "盲测": 1, "肉眼": 1, "分辨": 1, "差异": 1, "上市": 2, "仔细": 1, "超前": 2, "麒麟": 2, "990": 1, "基带": 1, "统一": 1, "2G/3G/4G/5G": 1, "SA双模": 1, "组网": 1, "TDD/FDD": 1, "频段": 5, "全网通": 1, "下行": 1, "速率": 3, "2.3Gbps": 1, "上行": 1, "1.25": 1, "Gbps": 1, "毫无疑问": 1, "值得一提的是": 1, "X": 1, "天线": 6, "双卡双待": 1, "续航": 1, "温度": 1, "兼容": 1, "3G": 1, "GPS": 1, "WiFi": 1, "BT蓝牙": 1, "总计": 1, "21": 2, "条": 2, "14": 1, "远": 1, "高于": 1, "N79": 2, "N78": 2, "N77": 1, "N41": 2, "N38": 1, "N27": 1, "N3": 1, "N1多": 1, "Galaxy": 1, "Note": 1, "10+5G": 1, "双卡": 1, "双待": 2, "卡": 3, "VoLTE": 1, "双卡VoLTE": 1, "上网": 1, "SA": 1, "模组网": 1, "元年": 1, "挑战": 1, "布置": 1, "数字": 2, "逻辑": 1, "立项": 1, "征集": 1, "客户": 2, "运营商": 1, "努力": 1, "干脆": 2, "大规模": 1, "铺开": 1, "提出": 1, "疑问": 1, "步伐": 1, "全世界": 3, "提供商": 1, "承受度": 1, "自豪": 1, "把握": 1, "往前": 1, "迭代": 1, "36": 1, "讨论": 1, "差不多": 1, "建议": 1, "零售价": 1, "799": 1, "1199": 1, "20日": 1, "00：00": 1, "预售": 1, "当天": 1, "18时": 1, "08分": 1, "商城": 1, "线上": 1, "授权": 3, "电商": 1, "平台": 2, "体验店": 1, "零售商": 1, "届时": 1, "到时候": 1, "机": 1, "局面": 1, "缺失": 1, "大卖": 1, "已然": 1, "悬念": 1, "定价": 1, "多久": 1, "天才": 9, "任正非": 10, "直呼": 1, "干": 2, "儿子": 2, "视为": 1, "接班人": 2, "25": 2, "只用": 1, "惊世骇俗": 1, "才华": 1, "骄傲": 1, "李彦宏": 4, "说出": 1, "百度CTO": 2, "人生": 7, "滑稽": 1, "300万": 2, "狂": 2, "赚": 1, "10亿": 2, "区区": 2, "700万": 2, "锒铛入狱": 1, "大佬们": 1, "口中": 1, "跳来": 2, "跳去": 2, "跳到": 2, "百度": 3, "创投": 2, "入狱": 2, "李一": 29, "男": 28, "消失": 1, "光辉": 1, "履历": 3, "模板": 1, "15": 2, "岁": 2, "考入": 1, "华中": 2, "理工": 1, "大学": 1, "少年": 2, "班": 1, "23岁": 1, "硕士": 1, "毕业": 1, "妥妥": 1, "学霸": 1, "处于": 1, "突飞猛进": 1, "竭力": 1, "谋求": 1, "带领": 1, "梭哈": 1, "交换机": 4, "出众": 1, "正好": 1, "视线": 1, "任老": 1, "劝说": 2, "出国": 1, "留学": 1, "半": 1, "高级": 1, "工程师": 1, "协助": 2, "郑": 3, "宝用": 3, "开发C": 1, "&": 1, "C08": 1, "通力": 1, "SDH": 1, "C&C08万": 1, "门机": 1, "成功": 4, "横扫": 1, "中国": 2, "电信": 1, "94年": 1, "销售额": 1, "8亿": 1, "此后": 1, "增长": 1, "翻倍": 1, "C&C08": 1, "历史": 1, "打开": 1, "95年": 1, "提拔": 1, "总工程师": 1, "思路": 1, "极其": 1, "清晰": 1, "叫成": 1, "过人": 1, "所有人": 3, "服": 1, "27": 1, "股份": 1, "仅次于": 1, "初始员工": 1, "第四": 1, "年头": 1, "所长": 3, "成绩": 1, "实在": 1, "耀眼": 1, "足足": 1, "功夫": 2, "如愿以偿": 1, "内部": 1, "互联网": 3, "圈内": 2, "称为": 1, "神": 1, "跑": 1, "2000年": 1, "跑去": 1, "结算": 1, "股权": 2, "分红": 1, "在内": 1, "一千多万": 1, "提": 1, "辞职": 1, "正值": 1, "IT": 1, "泡沫": 1, "破裂": 1, "之际": 1, "收入": 2, "猛跌": 1, "49%": 1, "刚": 1, "皮肤": 1, "癌动": 1, "手术": 1, "带走": 1, "高管": 1, "员工": 2, "咬牙切齿": 1, "雪上加霜": 1, "做法": 1, "地道": 1, "出走": 1, "创办": 2, "港湾": 2, "自立门户": 1, "2003年": 1, "年收入": 1, "7亿": 1, "老": 1, "东家": 1, "熟悉": 1, "全方位": 1, "实施": 1, "策略性": 1, "追杀": 1, "港湾网": 1, "逼到": 1, "穷途末路": 1, "囊中": 1, "前科": 1, "在身": 1, "信任": 2, "回到": 1, "挂": 1, "头衔": 2, "始终": 2, "冷藏": 1, "施展": 1, "身手": 1, "据悉": 1, "透明": 1, "办公室": 1, "供": 1, "围观": 1, "重返": 1, "收到": 1, "多重": 1, "注目礼": 1, "叛逃": 1, "警示牌": 1, "年后": 1, "结束": 1, "前身": 1, "项目": 2, "离开": 1, "不再": 1, "硬撑": 1, "社交": 1, "白痴": 1, "男离": 1, "开华": 1, "消息": 2, "传": 1, "沸沸扬扬": 1, "大佬": 1, "闻风而来": 1, "递出": 1, "橄榄枝": 1, "登门": 1, "顶": 1, "帽子": 1, "戴": 1, "舒服": 1, "盛情": 1, "邀请": 2, "答应": 1, "出任": 1, "CTO": 1, "领悟": 1, "惊人": 1, "十足": 1, "偏执": 1, "目中无人": 1, "早": 1, "同事": 1, "智商": 1, "情商": 2, "性格": 1, "日子": 1, "好过": 1, "氛围": 1, "包容": 1, "提交": 1, "辞呈": 1, "好心": 1, "毅然": 1, "离去": 1, "任职": 2, "经历": 1, "类似": 1, "12580": 2, "竭诚": 1, "无限": 1, "讯奇": 1, "职": 1, "给力": 1, "使用量": 1, "1倍": 1, "缺憾": 1, "难以": 1, "关系": 1, "错综复杂": 1, "运营": 1, "体系": 1, "立足": 1, "离职": 1, "2011年": 1, "8月": 1, "闲不住": 1, "再次": 1, "出发": 1, "合伙人": 1, "加盟": 1, "金沙江": 3, "创业": 2, "投资": 2, "基金": 1, "正是": 1, "期间": 2, "创下": 1, "创投界": 1, "神级": 1, "战绩": 1, "参投": 1, "天域": 1, "科技": 2, "有限公司": 1, "原本": 1, "风太": 1, "迷醉": 1, "飘": 1, "犯下": 1, "面临": 1, "牢狱": 1, "灾": 1, "错误": 5, "众筹": 3, "奇迹": 1, "夜": 1, "崩塌": 1, "也许": 1, "接触": 2, "创业者": 1, "缘故": 1, "身上": 1, "深深": 1, "感染": 1, "躁动": 1, "心上": 1, "添": 1, "火": 1, "牛电": 1, "担任": 1, "主打": 1, "电动车": 1, "小牛": 3, "电动": 2, "拿到": 1, "5000": 1, "美元": 1, "融资": 1, "随后": 1, "名气": 1, "N1": 1, "京东": 1, "创造": 1, "7000": 1, "万元": 1, "筹款": 1, "权益": 1, "类众": 1, "筹中": 1, "金额": 1, "科技圈": 1, "轰动": 1, "名利双收": 1, "美妙": 1, "采访": 1, "神采": 1, "飞扬": 1, "一流": 1, "别人": 1, "犯": 4, "吸取": 3, "经验": 1, "教训": 3, "；": 2, "二流": 2, "三流": 1, "发生": 1, "证明": 1, "2015年": 1, "6月": 1, "1日": 1, "公安局": 1, "刑事": 1, "拘留": 1, "检方": 2, "指控": 1, "涉嫌": 1, "内幕": 1, "交易": 1, "获利": 1, "700": 1, "多万": 1, "选股": 1, "数控": 1, "总裁": 1, "李晓涛": 1, "私下": 1, "联络": 1, "重组": 1, "否认": 1, "伴随": 1, "有期徒刑": 1, "零六": 1, "750万": 1, "罚金": 1, "制裁": 1, "事实": 1, "不辨自白": 1, "功成名就": 1, "身家": 1, "数十亿": 1, "行内": 1, "朴实": 1, "男孩": 1, "居然": 1, "栽": 1, "隐情": 1, "不得而知": 1, "末": 1, "出狱": 1, "无疑": 1, "错过": 1, "风口": 1, "迈入": 1, "天命": 1, "高龄": 1, "初生": 1, "有意思": 1, "痕迹": 1, "愿景": 1, "想来": 1}