{"2月份": 2, "华为": 159, "三星": 3, "代表": 1, "智能": 22, "厂商": 5, "相继": 1, "发布": 9, "5G": 58, "手机": 42, "价格": 10, "太": 4, "江苏": 1, "采购": 4, "项目": 3, "公告": 1, "本次": 2, "5": 2, "款": 10, "Mate": 2, "X": 2, "、": 99, "中兴": 1, "AXON": 1, "10": 1, "Pro": 1, "vivo": 1, "OPPO": 2, "小米": 4, "183": 1, "台": 4, "预算": 2, "金额": 2, "183万": 1, "元": 7, "平均": 3, "采购价": 1, "1万": 1, "5G版": 1, "数量": 2, "最多": 2, "123": 1, "123万": 1, "也就是说": 2, "基本上": 1, "8千": 1, "机构": 2, "预测": 2, "2019年": 6, "销量": 2, "100万": 1, "主流": 1, "今日": 1, "官方": 2, "：": 19, "千元机": 2, "快": 4, "明年": 1, "年底": 1, "上市": 1, "称": 5, "4G": 4, "发展": 13, "3G": 3, "截止": 3, "5月": 6, "初": 1, "全球": 9, "终端": 2, "52": 1, "一半": 1, "都": 16, "八九百": 1, "美元": 8, "便宜": 1, "599": 1, "实际上": 1, "贵": 3, "国内": 4, "心知肚明": 1, "公司": 9, "第一": 8, "欧洲": 4, "MIX3": 1, "I版": 1, "运营商": 6, "布网": 1, "速度": 3, "这是": 1, "很": 8, "机遇": 1, "市场": 14, "处于": 1, "激烈": 1, "竞争": 1, "锐减": 1, "阶段": 3, "玩家": 1, "越来越": 3, "实力": 1, "态度": 3, "网络": 6, "普及": 1, "第一时间": 1, "推出": 2, "！": 6, "流行": 1, "说到底": 1, "原因": 1, "消费者": 1, "运营商们": 1, "基站": 3, "建设": 6, "长": 2, "时间": 3, "才能": 2, "收回": 1, "成本": 3, "摩根大通": 1, "说法": 1, "基带": 2, "处理器": 6, "倍": 1, "这家": 1, "美国": 22, "投资": 4, "银行": 2, "推测": 1, "33.40": 1, "预计": 1, "55.60": 1, "比如说": 1, "三大": 2, "投入": 5, "保守": 1, "中国": 13, "联通": 1, "完善": 1, "买": 1, "元年": 1, "站在": 1, "用户": 1, "厂商们": 1, "角度": 2, "性价比": 4, "2021年": 1, "1亿": 1, "那时候": 1, "选择": 7, "入手": 2, "迟": 1, "面前": 2, "瞄准": 1, "场": 3, "即将": 1, "上演": 1, "红利期": 1, "抢占": 2, "大单": 1, "或许": 1, "电信": 1, "设备": 6, "要务": 1, "数据": 9, "拿下": 4, "40": 3, "份": 4, "订单": 1, "诺基亚": 2, "30": 1, "爱立信": 2, "16": 1, "下半场": 1, "依然": 1, "无限": 1, "很多": 5, "潜在": 1, "干扰": 1, "类似": 1, "澳大利亚": 2, "日本": 2, "新西兰": 2, "国家": 6, "显得": 1, "担忧": 1, "一度": 1, "拒绝": 2, "英国": 54, "突破": 1, "此前": 2, "非核心": 2, "业务": 13, "敞开": 2, "扇": 1, "开放": 5, "程度": 3, "信任": 2, "消息": 2, "剑桥": 2, "建": 1, "芯片": 12, "工厂": 3, "媒体": 3, "宣传": 1, "购买": 3, "513": 1, "英亩": 1, "土地": 2, "位于": 3, "硅": 1, "行业": 23, "中心": 5, "技术": 14, "未来": 4, "10-20亿": 1, "英镑": 1, "厂": 2, "光器件": 2, "研发": 8, "制造": 3, "基地": 1, "面向": 5, "提供": 8, "光模": 1, "块": 1, "优先": 1, "宽带": 1, "收购": 1, "用于": 1, "建厂": 2, "爱丁堡": 1, "建立": 1, "研究": 2, "加大": 1, "本土": 1, "背后": 1, "目的": 1, "最终": 2, "打开": 3, "打算": 1, "通讯": 4, "先进": 1, "手上": 1, "确实": 2, "提升": 8, "话语权": 1, "议价权": 1, "产业链": 1, "麒麟": 2, "弯道": 2, "超车": 2, "总部": 1, "伦敦": 1, "雷丁": 1, "调查": 1, "发现": 1, "品牌": 3, "知名度": 2, "45%": 1, "60%": 1, "设立": 1, "15": 1, "办公室": 1, "拥有": 13, "1500多": 1, "名": 2, "员工": 4, "70%": 1, "本地": 2, "运营": 3, "商力": 1, "挺华": 1, "情况": 2, "未": 1, "影响": 1, "挺进": 1, "打脸": 1, "创始人": 1, "任正非": 1, "大规模": 2, "转到": 1, "跟随": 1, "大门": 1, "清者自清": 1, "自信": 1, "顺利": 1, "走向": 2, "世界": 7, "波": 1, "操作": 2, "算": 1, "未雨绸缪": 1, "亲": 1, "设计": 13, "开发": 2, "生产": 3, "眼皮": 1, "底下": 1, "势必": 1, "无话可说": 1, "IT之家": 1, "10日": 4, "全线": 1, "平板": 1, "14日": 1, "支持": 9, "电脑": 7, "安卓": 1, "8.0": 1, "版本": 1, "即可": 3, "端": 4, "轻松": 1, "运行": 2, "Windows": 1, "生态": 11, "软件": 2, "下载": 2, "步骤": 2, "搜索": 1, "安装": 2, "；": 8, "登录": 1, "记得": 1, "注册": 2, "账号": 2, "点击": 1, "设置": 1, ">顶部": 1, "登陆": 1, "位置": 1, ">": 1, "核心": 6, "功能": 5, "企业": 19, "可信": 1, "保障": 3, "保护": 2, "永不": 1, "丢失": 1, "灵活": 2, "提高": 5, "配置": 6, "选": 1, "套餐": 1, "自主": 1, "扩容": 1, "硬件": 4, "维护": 2, "体验": 3, "无需": 1, "付费": 1, "订阅": 1, "收费": 1, "方式": 4, "必不可少": 1, "开年": 1, "厂家": 1, "旗舰机": 2, "刚刚": 1, "P30": 1, "系列": 2, "眼前": 1, "亮": 1, "拍照": 2, "效果": 2, "奈何": 1, "学生": 2, "党": 1, "办法": 2, "负担": 1, "找": 1, "畅享": 4, "9S": 4, "关注": 3, "高性": 1, "价比": 1, "极致": 1, "相机": 1, "后置": 4, "三": 11, "摄": 6, "2400万": 2, "+": 12, "1600万": 1, "200万": 1, "像素": 4, "组合": 1, "首款": 2, "千": 3, "颗": 2, "摄像头": 4, "分工": 2, "合作": 8, "相辅相成": 1, "拍摄": 2, "人文": 1, "景色": 2, "微观": 1, "多种": 2, "景象": 1, "配合": 1, "AI": 28, "超级": 1, "夜景": 1, "模式": 3, "6S": 1, "曝光": 2, "手持": 1, "拍出": 1, "精彩": 1, "大片": 1, "前置": 4, "800万": 2, "智慧": 9, "算法": 2, "逆光": 1, "清晰": 3, "识别": 3, "键": 1, "搬家": 1, "快速": 3, "分享": 2, "WIFI": 1, "信号桥": 1, "生活": 1, "便利": 2, "搭载": 2, "麒麟710": 1, "性能": 1, "6.21": 2, "英寸": 4, "屏": 4, "微边框": 1, "屏幕": 2, "占比": 3, "89%": 2, "屏占比": 1, "85%": 1, "色域值": 1, "高达": 2, "415": 1, "PPI": 1, "带来": 6, "质量": 6, "画面": 2, "细节": 1, "nova4e": 4, "搭配": 2, "3200万": 2, "立体": 2, "美颜": 3, "镜头": 4, "不俗": 1, "自拍": 2, "能力": 9, "女生": 2, "科技": 2, "占": 2, "比重": 1, "妹子": 1, "告别": 1, "千篇一律": 1, "千人一面": 1, "个性化": 1, "美丽": 1, "主摄": 1, "120": 2, "°超": 2, "广角": 2, "容下": 1, "不用": 1, "担心": 1, "聚会": 1, "机身": 2, "采用": 3, "6.15": 2, "珍珠屏": 1, "造型": 1, "时尚": 1, "惊喜": 1, "96%": 1, "色域": 1, "值": 1, "德国": 2, "莱茵": 1, "加持": 1, "蓝光": 1, "双眼": 1, "3D": 1, "玻璃": 1, "材质": 1, "手感": 1, "舒适": 1, "颜色": 1, "色彩": 1, "炫酷": 1, "眼看": 1, "怦然心动": 1, "6": 1, "128GB": 1, "内存": 2, "游戏": 2, "卡顿": 1, "3340": 2, "mA": 1, "电池": 2, "9V2A": 1, "快充": 3, "随时": 1, "电量": 1, "充沛": 1, "NFC": 2, "mAh": 1, "小编": 1, "710": 1, "屏比": 1, "6+128": 1, "GB": 1, "高性能": 1, "不错": 1, "值得": 1, "北京": 19, "首都": 2, "全国": 1, "政治": 1, "文化": 1, "国际": 1, "交往": 1, "创新": 6, "一个": 14, "加速": 3, "数字化": 28, "智能化": 9, "转型": 25, "城市": 19, "峰会": 7, "展现": 1, "云+AI": 3, "打造": 8, "不凡": 8, "这次": 3, "感受": 1, "变化": 2, "尤其是": 3, "底座": 4, "进化": 1, "驱动": 5, "暴风": 1, "渐行渐近": 2, "沉淀": 2, "整合": 4, "30多": 4, "积累": 5, "倾囊": 2, "相授": 2, "地区": 4, "总裁": 9, "鲁勇": 9, "系统": 4, "介绍": 3, "并非": 1, "多此一举": 1, "耳熟能详": 1, "都会": 2, "ICT": 6, "深耕": 1, "无论是": 1, "通信": 2, "IT": 2, "服务": 11, "当之无愧": 1, "领导者": 1, "超过": 6, "商用": 2, "合同": 2, "发货量": 1, "10万": 2, "领先": 3, "解决": 14, "方案": 14, "供应商": 1, "探索者": 1, "实践者": 1, "一句话": 1, "降落伞": 1, "跳": 1, "夸张": 1, "复杂度": 2, "挑战性": 1, "超越": 1, "推进": 2, "战略": 8, "对外": 1, "希望": 2, "交易": 1, "简单": 2, "高效": 2, "对内": 1, "效率": 4, "增长": 1, "学": 1, "实践": 1, "经验": 7, "华为云": 6, "在线": 2, "基础": 7, "设施": 5, "产品": 2, "各行各业": 5, "重视": 1, "前所未有": 2, "内部": 1, "提出": 2, "Cloud": 3, "Only": 1, "组织": 3, "公有": 1, "私有云": 2, "大数据": 2, "计算": 3, "存储": 1, "IoT": 3, "资源": 4, "重组": 1, "&": 1, "一季度": 1, "调整": 1, "私有": 1, "云团队": 1, "合入": 1, "BU": 1, "云集": 2, "强大": 3, "边缘": 1, "云计算": 2, "云堪": 1, "扛": 1, "普惠AI": 3, "大旗": 1, "AI拉下": 2, "神坛": 3, "目标": 1, "Cloud+AI": 1, "引擎": 1, "高高在上": 2, "演讲": 1, "一针见血": 1, "指出": 3, "当下": 2, "面临": 2, "感到": 1, "恐慌": 1, "害怕": 2, "人工": 4, "时代": 3, "淘汰": 1, "痛点": 1, "答案": 1, "普罗": 1, "大众": 1, "2018年": 2, "10月": 1, "全栈": 6, "全场": 1, "景AI": 1, "底层": 1, "算力": 1, "支撑": 2, "昇腾单": 1, "密度": 1, "业界": 3, "ARM64": 1, "效比": 1, "优于": 1, "标杆": 1, "30%": 1, "AI算力": 2, "充裕": 1, "经济": 2, "加上": 2, "提速": 1, "落地": 1, "价值": 1, "举例": 1, "糖业": 1, "广西": 1, "支柱型": 1, "产业": 7, "专家": 2, "甘蔗": 1, "含杂率": 2, "判断": 1, "图像": 1, "机器": 1, "准确率": 1, "95%": 1, "降低": 2, "人力": 1, "北京市": 2, "交管局": 1, "上地": 1, "三街车": 1, "流主": 1, "方向": 2, "东西": 1, "延误": 1, "下降": 2, "15.2%": 1, "车速": 1, "15%": 2, "媒体端": 1, "热度": 1, "AI来说": 1, "反而": 4, "事情": 2, "标志": 1, "春天": 1, "放心": 2, "走入": 1, "家庭": 1, "享受": 1, "AI所": 1, "实惠": 1, "高潮": 1, "才": 4, "真的": 1, "到来": 1, "繁荣": 3, "生态圈": 3, "有意思": 1, "提": 2, "折射": 1, "对待": 1, "基因": 1, "放在": 1, "使能者": 1, "角色": 1, "颠覆": 1, "客户": 10, "伙伴": 7, "融合": 4, "构建": 9, "互惠": 1, "共赢": 2, "定位": 1, "黑土地": 4, "一脉相承": 1, "一块": 1, "信息化": 2, "自动化": 1, "这块": 1, "玉米": 1, "大豆": 1, "高粱": 1, "花生": 1, "土豆": 1, "……": 3, "重申": 1, "平台": 12, "四": 1, "主动": 5, "让利": 1, "统筹": 1, "人才": 1, "协同": 6, "赢": 1, "命运": 1, "共同体": 1, "思维": 1, "站": 1, "商业": 3, "通用": 1, "转向": 2, "垂直": 3, "场景": 5, "关键": 4, "需求": 7, "这时候": 3, "百花齐放": 2, "各种各样": 1, "进来": 1, "上线": 1, "160": 1, "140": 1, "互联网": 1, "文娱": 1, "金融": 1, "医疗": 2, "健康": 3, "教育": 1, "汽车": 2, "交通": 1, "物流": 1, "大型": 5, "政企": 5, "上云": 7, "深水区": 3, "中国区": 7, "洪方明": 2, "第二": 3, "曲线": 2, "作用": 1, "凸显": 1, "单纯": 1, "推动": 2, "政府": 13, "挑战": 1, "还要": 1, "公有云": 1, "无缝": 1, "步入": 1, "量身定制": 1, "集合": 1, "30余": 1, "领域": 4, "唯一": 1, "懂": 1, "混合云": 2, "可靠": 2, "万事俱备": 1, "执行": 1, "公安局": 1, "首发": 1, "集团": 1, "师范大学": 1, "北汽": 1, "能源": 1, "公园": 1, "管理局": 1, "众多": 1, "签署": 1, "应对": 1, "数字": 19, "成立": 2, "OpenLab": 2, "关键词": 1, "注入": 3, "动能": 1, "风暴": 1, "举办": 1, "·": 1, "应变": 1, "主题": 1, "2019": 1, "理念": 1, "带给": 1, "区域": 1, "升级": 6, "助力": 4, "世界级": 2, "迈进": 2, "路": 2, "面对": 1, "视频": 1, "GIS": 1, "打通": 1, "各类": 1, "向上": 2, "部署": 1, "敏捷": 1, "向下": 2, "无处不在": 2, "联接": 2, "优化": 1, "物理": 1, "深度": 2, "独行": 1, "众": 1, "行远": 1, "联合": 1, "场景化": 1, "携手": 3, "持续": 2, "信息": 1, "新动": 1, "轮": 1, "动力": 1, "特征": 1, "进程": 1, "云上": 1, "新型": 1, "聚焦": 2, "30年": 1, "致力于": 2, "五": 2, "统一": 1, "高度": 1, "匹配": 1, "活力": 1, "全方位": 1, "稳健": 1, "洪方": 1, "坚实": 2, "管理": 4, "开源": 1, "BG": 4, "总监": 2, "赵东": 2, "定义": 1, "兼容": 1, "传感器": 1, "孪生": 1, "支点": 1, "杠杆": 1, "撬动": 1, "带入": 1, "园区": 10, "触手可及": 1, "马路": 1, "落脚点": 1, "业务部": 2, "苏宝华": 2, "栈式": 1, "智慧化": 2, "无所不及": 1, "试验田": 1, "验证": 1, "成熟": 1, "推向": 1, "坚信": 1, "一个个": 1, "拼": 1, "美好": 1, "云AI": 1, "成就": 1, "生产力": 1, "改变": 2, "副总裁": 3, "胡维琦": 1, "传统": 2, "重复": 1, "多维度": 1, "决策": 2, "政务": 1, "环保": 1, "水利": 1, "工业": 1, "雾霾": 1, "治理": 1, "河道": 1, "反复": 1, "推演": 1, "训练": 2, "煤焦化": 1, ";": 1, "自动": 1, "驾驶": 1, "流浪": 1, "地球": 1, "广联达": 2, "云人工": 1, "胡": 1, "维琦": 1, "建筑": 5, "建造": 2, "难以": 1, "王鹏翊": 1, "广联": 2, "施工": 2, "工程": 1, "覆盖": 1, "商务": 1, "业务线": 1, "利用": 1, "协调": 1, "整体": 1, "一站式": 1, "发挥": 1, "多年": 2, "积淀": 1, "优势": 1, "体系": 1, "绿色化": 1, "工业化": 1, "三化": 1, "常态": 1, "众所周知": 1, "发": 1, "4万多": 1, "包括": 1, "亚非": 1, "西方": 2, "接受": 2, "透露": 1, "眼": 1, "联盟": 1, "盟友": 3, "纷纷": 1, "排除": 1, "参与": 1, "本国": 1, "加拿大": 14, "依旧": 1, "CFO": 1, "引渡": 1, "案件": 2, "悬而未决": 1, "率先": 1, "表态": 1, "早上": 1, "李洪波": 1, "多伦多": 1, "发表": 1, "承诺": 4, "针对": 2, "作出": 1, "绝不": 1, "撤资": 1, "年内": 1, "渥太华": 1, "遭遇": 1, "水灾": 1, "捐款": 1, "加元": 1, "50万": 1, "人民币": 1, "不大": 1, "人口": 2, "3000多万": 1, "福建省": 1, "差不多": 1, "看重": 1, "心胸": 1, "宽广": 1, "国际化": 1, "摒弃": 1, "分歧": 1, "加码": 1, "采纳": 2, "销售": 1, "环": 1, "前功尽弃": 1, "10多": 1, "累计": 1, "5亿": 1, "雇佣": 1, "1100": 1, "计划": 1, "增加": 2, "20%": 1, "高薪": 1, "工作": 1, "职位": 1, "董事长": 1, "梁华": 1, "去年": 3, "1.8亿": 1, "15％": 1, "单方面": 1, "做出": 1, "付出": 1, "远远": 1, "落后": 2, "昨日": 1, "报道": 1, "专利": 7, "IPlytics": 1, "报告": 2, "截至": 1, "4月": 1, "申请": 1, "SEP": 1, "标准": 3, "件": 1, "排": 1, "34%": 1, "位列": 1, "排名": 2, "费用": 2, "897亿": 2, "占到": 1, "年收入": 1, "14.9%": 1, "亚马逊": 1, "谷歌": 1, "母公司": 1, "Aiphabet": 1, "第3": 1, "差": 1, "一点半点": 1, "前不久": 1, "苹果": 1, "支付": 2, "高通": 2, "45亿": 1, "专利费": 3, "季度": 1, "4.5亿": 1, "手握5G": 1, "好处": 1, "日后": 1, "体现": 1, "触及": 1, "就要": 1, "逆袭": 1, "印证": 1, "卖": 1, "标题": 1, "蓬佩": 1, "奥搬": 1, "逼": 1, "禁华": 1, "听": 1, "怒": 1, "近日": 1, "国务卿": 2, "蓬佩奥": 9, "扼杀": 1, "跑到": 1, "软硬兼施": 1, "劝说": 1, "人民": 3, "理由": 1, "监听": 2, "搞笑": 1, "错误": 1, "例子": 1, "招致": 2, "反感": 4, "嘲笑": 2, "谈": 1, "关系": 1, "居然": 1, "首相": 2, "铁": 1, "娘子": 1, "撒切尔": 12, "要挟": 3, "领导": 1, "番": 1, "讲话": 1, "网民": 6, "台上": 2, "指手画脚": 1, "调侃": 2, "大概": 1, "去世": 2, "好奇": 1, "想法": 1, "担任": 1, "老板": 1, "里根": 1, "总统": 1, "处心积虑": 1, "干掉": 1, "中国人": 1, "监控": 1, "比起": 1, "嘲讽": 1, "言论": 1, "招来": 1, "讨厌": 1, "民族主义": 1, "不满": 1, "推行": 1, "自由": 1, "政策": 1, "导致": 2, "制造业": 2, "卖给": 1, "外国": 2, "如今": 1, "不得不": 2, "网友": 1, "讽刺": 1, "同意": 1, "尴尬": 1, "卫报": 1, "这两天": 1, "刊登": 1, "篇": 3, "观点": 1, "评论": 1, "文章": 3, "出卖": 1, "卷入": 1, "对抗": 1, "提到": 1, "当年": 1, "斯诺登": 1, "…": 1, "境外": 1, "社交": 1, "网站": 1, "推特": 1, "不少": 1, "共鸣": 1, "唤起": 1, "苦涩": 1, "回忆": 1, "搬起": 1, "石头": 1, "砸": 1, "脚": 1, "值得一提的是": 1, "此次": 1, "出访": 1, "阻拦": 1, "伊朗": 4, "核": 3, "荒唐": 1, "退出": 1, "协议": 2, "生气": 1, "管住": 1, "无法无天": 1, "虚伪": 1, "吐槽": 1, "——": 1, "毕竟": 1, "毁约": 1, "在先": 1, "波澜": 1}