{"周四": 2, "凌晨": 4, "美国": 60, "政府": 10, "记": 1, "杀": 1, "招欲": 1, "中国": 32, "高科技": 1, "企业": 27, "华为": 169, "置于": 1, "死地": 1, "国会": 2, "华": 2, "参议员": 5, "跟着": 1, "欢庆": 1, "事情": 1, "政客": 1, "想": 5, "简单": 1, "上图": 1, "CNN": 3, "新闻网": 1, "小时": 1, "篇": 2, "报道": 7, "打出": 1, "标题": 2, "：": 25, "一个": 10, "客户": 23, "科技": 16, "公司": 51, "损失": 1, "多达": 2, "110亿": 3, "美元": 15, "收入": 3, "数字": 2, "来自于": 2, "去年": 4, "全球": 17, "1.3万": 1, "供应商": 7, "支付": 1, "原件": 1, "零部件": 5, "采购": 5, "金额": 3, "总共": 1, "700亿": 2, "占": 2, "1/7": 1, "指出": 2, "特朗普": 5, "绞杀": 2, "自食恶果": 1, "威胁": 3, "利润": 1, "上院": 1, "反华": 2, "、": 87, "阿肯色州": 1, "汤姆·考顿": 1, "Tom": 1, "Cotton": 1, "社交": 1, "账号": 1, "宣称": 1, "死": 6, "条": 1, "贴文": 1, "不少": 3, "网民": 7, "斥责": 1, "愚蠢": 1, "这位": 2, "点赞": 3, "写到": 1, "拥有": 4, "千亿": 1, "价值": 2, "170": 2, "国家": 6, "运营": 2, "至少": 1, "10": 1, "农村": 7, "通讯": 3, "服务": 18, "合作": 4, "伙伴": 1, "村民": 1, "廉价": 1, "网络": 13, "差不多": 1, "幸灾乐祸": 1, "简直": 1, "无知": 1, "外国": 1, "讽刺": 1, "才": 4, "真的": 3, "帖子": 1, "早已": 1, "做好": 2, "研发": 4, "芯片": 42, "介绍": 4, "5G": 17, "核心": 2, "专利": 1, "不用": 1, "设备": 18, "照样": 1, "收专": 1, "利费": 1, "谈": 1, "场": 4, "游戏": 1, "结束": 1, "刚刚": 3, "印尼": 2, "毫不留情": 1, "挖苦": 1, "都": 21, "脑子": 1, "吃瓜": 1, "快": 1, "蠢哭": 1, "……": 3, "来源": 4, "环球": 1, "时报": 2, "近日": 2, "美国商务部": 17, "工业": 6, "安全局": 8, "(": 10, "BIS": 7, ")": 11, "列入": 9, "实体名单": 5, "此举": 2, "意味着": 6, "禁止": 1, "未经": 1, "批准": 1, "购买": 4, "零件": 1, "担心": 1, "断粮": 1, "业务": 16, "发展": 4, "今日": 1, "发布": 14, "封": 13, "信中": 4, "建立": 6, "一整套": 4, "严密": 4, "连续性": 6, "管理": 5, "体系": 4, "确保": 7, "绝大部分": 4, "产品": 25, "极端": 7, "情况": 10, "称": 11, "产业": 6, "管制": 4, "出口": 12, "境内": 3, "转让": 3, "许可": 5, "美国商": 1, "品": 1, "间接": 1, "影响": 7, "就此": 1, "寻求": 1, "救济": 3, "解决": 5, "方案": 5, "措施": 6, "降低": 3, "事件": 5, "此前": 5, "海思": 23, "总裁": 7, "何庭波": 8, "余承东": 1, "本人": 1, "均": 2, "渠道": 1, "发表": 3, "回应": 2, "提供": 5, "完整": 2, "提到": 1, "多年": 12, "云淡风轻": 1, "季节": 1, "做出": 5, "极限": 6, "生存": 8, "假设": 6, "预计": 7, "先进": 3, "技术": 24, "持续": 8, "历史": 4, "选择": 2, "打造": 11, "备胎": 19, "夜": 9, "之间": 6, "!余": 1, "承东": 1, "操作": 2, "系统": 2, "能力": 2, "!": 2, "原文": 1, "证券报": 5, "刷屏": 1, "朋友圈": 1, "无奈": 1, "国产": 12, "股": 1, "沸腾": 1, "很多": 5, "只能": 1, "整机厂": 1, "资格": 1, "供应链": 3, "风险": 1, "严峻": 1, "中兴": 5, "敲响": 1, "警钟": 1, "未来": 4, "赢得": 1, "整机": 1, "厂商": 3, "关注": 1, "目光": 1, "半导体": 35, "替代": 4, "空间": 1, "广阔": 2, "行业": 5, "协会": 10, "5月": 9, "17日": 5, "2018年": 12, "集成": 15, "电路": 16, "环节": 1, "十大": 5, "榜单": 7, "不乏": 1, "上市": 7, "科创板": 2, "受理": 3, "跻身": 2, "世界": 10, "巨头": 1, "道路": 1, "求索": 1, "电子": 9, "信息": 2, "或许": 2, "给予": 2, "机会": 3, "假以时日": 1, "迎来": 2, "高光": 1, "时刻": 2, "机遇": 2, "开幕": 1, "2019": 2, "大会": 6, "热议": 1, "话题": 1, "副": 2, "理事长": 1, "燮康": 2, "接受": 3, "ID": 4, "xhszzb": 4, "记者": 7, "采访": 2, "任正非": 6, "90": 3, "年代": 1, "自研": 2, "战略": 5, "眼光": 1, "赞赏": 1, "国际": 1, "环境": 1, "国内": 2, "某种": 3, "程度": 2, "产业链": 1, "层次": 1, "牵引": 1, "输出": 1, "从不": 1, "完善": 2, "走向": 1, "过程": 1, "市场": 6, "建议": 1, "鼓励": 2, "演讲": 2, "援引": 1, "海关": 1, "数据": 4, "我国": 1, "单一": 1, "进口": 2, "商品": 1, "——": 1, "20584.1亿": 1, "元": 4, "3120.6亿": 1, "同比": 5, "增长": 6, "19.8％": 1, "首次": 2, "超过": 4, "3000亿": 1, "；": 9, "846.4亿": 1, "26.6％": 1, "进出口": 1, "逆差": 2, "2274.2亿": 1, "17.47％": 1, "进出口量": 1, "2004.7亿": 1, "块": 1, "16.20％": 1, "调研": 1, "机构": 1, "Gartner": 1, "2019年": 2, "初": 1, "份": 2, "10大": 1, "买家": 1, "四": 3, "席": 1, "联想": 1, "步步高": 1, "小米": 5, "支出": 2, "600亿": 1, "最多": 1, "211亿": 1, "2017年": 6, "45％": 1, "责任": 1, "分担": 1, "赛迪": 1, "顾问": 1, "孙会峰": 1, "生产": 4, "制造": 5, "环环相扣": 1, "万无一失": 1, "归根结底": 1, "创新": 5, "重围": 1, "方向": 1, "IC": 3, "电话卡": 1, "手机": 19, "SIM卡": 1, "成功": 3, "经验": 1, "清华": 1, "大学": 1, "微电子": 10, "所长": 1, "魏少军": 1, "敢为人先": 1, "敢于": 1, "打破常规": 1, "失败": 1, "拘泥": 1, "现实": 1, "重构": 1, "神经": 1, "硬件": 1, "领域": 9, "火花": 1, "蝉联": 2, "设计": 11, "第一": 8, "揭晓": 1, "封测": 3, "功率": 3, "器件": 3, "MEMS": 3, "材料": 5, "值得": 1, "位列": 2, "攻城略地": 1, "拿下": 1, "份额": 1, "豪威": 2, "汇顶": 2, "经历": 1, "进一步": 2, "获取": 2, "认可": 2, "装备": 3, "涉及": 1, "层面": 1, "共有": 1, "六": 1, "韦尔": 1, "股份": 5, "收购": 3, "第三": 7, "三": 3, "华大": 1, "第五": 6, "控股": 1, "子公司": 3, "第六": 4, "第七": 4, "士兰": 1, "第八": 2, "北京": 7, "君正": 1, "发起": 1, "矽成": 3, "第九": 4, "面孔": 3, "截至": 1, "预估": 1, "基准日": 1, "12月": 1, "31日": 1, "估值": 1, "71.97亿": 1, "紫光": 2, "展锐": 1, "第二": 5, "位置": 2, "基带": 2, "Balong": 1, "5000": 3, "春藤": 1, "510": 1, "值得一提的是": 2, "早": 4, "2016年": 1, "销售": 3, "303亿": 1, "排": 1, "榜首": 1, "DIGITIMES": 2, "76亿": 1, "34.2％": 1, "入围": 1, "排名": 12, "五": 1, "中外": 1, "合资": 1, "三星": 3, "英特尔": 2, "大连": 1, "SK海": 1, "力士": 1, "第四": 1, "台积电": 2, "舰": 1, "中芯国际": 1, "上海": 3, "华虹": 2, "华润": 2, "西安": 1, "武汉": 1, "新芯": 1, "第十": 2, "启动": 1, "科": 1, "创板": 3, "舰芯": 1, "片科": 1, "IPO": 2, "申请": 1, "问询": 2, "前三甲": 1, "席位": 1, "依次": 1, "江苏": 1, "新潮": 1, "集团": 6, "有限公司": 6, "南通": 1, "华达": 1, "天水": 1, "华天": 2, "苏州": 4, "全讯": 1, "射频": 1, "无锡": 2, "分列": 2, "名": 14, "主营": 1, "引线": 1, "框架": 1, "键合丝": 1, "封装": 2, "康强": 1, "印制": 1, "电路板": 1, "基板": 1, "装联": 1, "项": 3, "深南": 1, "高纯": 1, "溅射": 1, "靶材": 1, "江丰": 1, "下滑": 3, "等离子": 1, "刻蚀": 1, "中微": 1, "冲击科": 1, "上交所": 1, "北方": 2, "华创": 2, "全资": 2, "有限": 6, "中电科": 1, "扬杰": 1, "华微": 1, "固锝": 1, "捷捷": 1, "微电": 2, "A股": 2, "进程": 1, "新洁": 1, "基金": 1, "持股": 2, "燕东": 1, "名次": 2, "乐山": 1, "无线电": 1, "歌尔声学": 1, "瑞声": 1, "声学": 1, "未": 3, "发生": 2, "变化": 2, "敏芯": 1, "跃居": 1, "宏力": 1, "参股": 1, "矽睿": 1, "新三板": 1, "摘牌": 1, "纳芯": 1, "季度": 1, "统计": 3, "报表": 2, "地方": 2, "评选": 2, "填报": 1, "纳入": 1, "内": 3, "造芯": 1, "势力": 1, "层出不穷": 1, "平头哥": 6, "大鱼": 8, "亮相": 1, "南京": 2, "展区": 1, "发现": 1, "富士康": 1, "通富": 1, "新思": 1, "国内外": 1, "传统": 1, "大厂": 1, "设立": 1, "展位": 2, "人头攒动": 1, "联合": 2, "吸引": 1, "9月": 1, "阿里巴巴": 1, "整合": 1, "中天微": 2, "达摩院": 1, "成立": 3, "蜜獾": 1, "动物": 1, "性格": 1, "狠": 1, "动物界": 1, "扛": 3, "把子": 1, "RISC-V": 1, "架构": 1, "CPU": 2, "IP核": 2, "面向": 1, "多媒体": 1, "安防": 1, "家庭": 2, "交通": 1, "智慧": 2, "城市": 4, "IoT": 1, "副总经理": 1, "陈昊": 1, "终端": 1, "累计": 1, "销量": 1, "10亿": 2, "颗": 1, "数量": 1, "100": 1, "4月": 1, "分拆": 1, "松果": 1, "持有": 1, "25％": 1, "股权": 1, "团队": 2, "集体": 1, "重点": 1, "进军": 1, "AIoT": 2, "配合": 1, "拥抱": 1, "即将": 1, "爆发": 2, "首发": 1, "款": 5, "物联网": 1, "NB-IoT": 1, "大鱼U1": 1, "发布会": 3, "现场": 1, "拥挤不堪": 1, "主办方": 1, "临时": 3, "后排": 1, "增加": 2, "好多": 1, "座椅": 1, "大鱼相关": 1, "负责人": 2, "大鱼U1物": 1, "联网": 1, "采用": 3, "内置": 1, "GPS": 1, "/": 1, "北斗": 1, "跟踪": 1, "场景": 1, "应用于": 1, "患有": 1, "阿尔茨海默病": 1, "老人": 5, "处于": 2, "活动": 1, "睡眠": 1, "状态": 3, "超低": 1, "功耗": 1, "设定": 1, "距离": 1, "工作": 3, "立刻": 2, "激发": 1, "发出": 2, "提醒": 1, "家属": 1, "走失": 1, "相关": 3, "签约": 1, "7": 2, "8月": 1, "正式": 1, "量产": 1, "营收": 2, "目标": 4, "1.5亿": 1, "一两": 1, "年内": 1, "经济效益": 1, "困难": 1, "影响力": 1, "更多": 1, "DoNews": 1, "18日": 2, "消息": 1, "赵": 1, "晋杰": 1, "发": 1, "写道": 2, "反对": 2, "此事": 2, "需求": 2, "16日": 4, "实体": 6, "清单": 5, "受B": 2, "IS": 2, "惯例": 2, "条例": 2, "EAR": 2, "管辖": 2, "物品": 2, "对此": 1, "轮值": 2, "董事长": 3, "胡厚崑": 3, "当天": 1, "内部": 6, "这是": 1, "出于": 2, "政治": 2, "目的": 1, "打压": 2, "最新": 2, "潜在": 3, "担忧": 1, "研究": 4, "开发": 2, "投入": 3, "保障": 2, "经营": 3, "随后": 1, "文": 1, "为此": 1, "无数": 1, "讲到": 1, "努力": 2, "连成一片": 2, "挽狂": 2, "澜于": 2, "倒": 2, "大部分": 4, "连续": 2, "供应": 3, "发送": 1, "细节": 1, "请": 2, "当地": 2, "三十": 1, "关系": 3, "有幸": 1, "信赖": 1, "支持": 2, "希望": 1, "渡": 1, "难关": 1, "再次": 2, "感谢": 1, "！": 13, "导读": 1, "针对": 5, "日前": 2, "交易令": 2, "法国": 5, "总统": 2, "马克龙": 4, "绝不": 2, "英国": 6, "搭载": 4, "自立": 6, "棋": 1, "一夜间": 1, "浮出": 1, "水面": 1, "曝光": 1, "信件": 1, "显示": 2, "邮件": 2, "人民日报": 3, "致信": 1, "员工": 4, "永远": 3, "数千": 1, "儿女": 2, "心血": 1, "兑现": 1, "承诺": 1, "至暗": 1, "日子": 2, "平凡": 1, "时代": 2, "英雄": 2, "开放": 2, "全名": 1, "2004年": 1, "10月": 1, "负责": 1, "熟知": 1, "麒麟": 1, "系列": 2, "出自": 1, "服务器": 1, "鲲鹏": 1, "基站": 1, "AI": 1, "总部": 1, "位于": 2, "深圳": 1, "硅谷": 1, "瑞典": 1, "设有": 1, "分部": 1, "Research": 1, "晶圆厂": 1, "Fabless": 1, "75亿": 1, "新华社": 2, "电信": 4, "运营商": 7, "地区": 6, "开通": 4, "伦敦": 2, "Mate": 3, "X": 3, "版本": 2, "6月": 2, "首款": 1, "7纳米": 1, "工艺": 1, "模": 1, "巴龙": 2, "誉为": 1, "配置": 1, "4G版": 1, "接近": 1, "麒麟980": 1, "处理器": 1, "配备": 1, "7.2": 1, "英寸": 1, "全景": 1, "巨幕屏": 1, "5月底": 1, "预订": 1, "EE": 1, "02": 2, "沃达丰": 3, "指定": 1, "经销商": 1, "西欧": 1, "消费者": 3, "首席": 2, "营销官": 1, "安德鲁·加里希": 1, "资源": 4, "精力": 1, "构建": 2, "芯片组": 1, "带来": 2, "无缝": 1, "体验": 1, "2月": 1, "通信": 1, "推出": 1, "基于": 1, "商用": 1, "智能": 8, "折叠屏": 1, "速度": 1, "走": 1, "欧洲": 1, "前列": 1, "计划": 3, "陆续": 1, "本月": 1, "14日": 1, "7月初": 1, "年底": 2, "12": 1, "首批": 1, "名单": 1, "央视": 2, "新闻": 3, "观点": 1, "一家": 4, "发动": 1, "科技战": 1, "贸易战": 2, "恰当": 1, "网友": 1, "力挺": 1, "纷纷": 2, "call": 1, "↓↓↓": 1, "青年报": 1, "综合": 1, "天后": 1, "很快": 2, "缩减": 1, "发言人": 4, "商务部": 5, "发放": 1, "为期": 1, "通用": 2, "许可证": 4, "现有": 2, "中断": 1, "15日": 2, "颁发": 1, "路透社": 1, "受益者": 1, "包括": 2, "互联网": 1, "接入": 1, "电话": 1, "人口": 1, "稀少": 1, "怀俄明州": 1, "俄勒冈州": 1, "声明": 2, "可靠性": 1, "评论": 1, "深远": 1, "意想不到": 1, "后果": 2, "声称": 1, "迄今": 1, "未能": 1, "证据": 1, "刊登": 1, "联邦": 1, "公报": 1, "官员": 2, "华盛顿": 2, "律师": 2, "凯文·沃尔夫": 1, "非华": 1, "附带": 1, "损害": 1, "地广人稀": 1, "信号": 3, "依赖": 2, "规模": 1, "独立": 1, "建设": 2, "维护": 1, "无线": 4, "小型": 1, "联盟": 2, "组织": 3, "75%": 1, "四分之一": 1, "成员": 2, "60": 1, "接到": 1, "部门": 2, "通知": 1, "提议": 1, "更换": 2, "业内": 1, "人士": 2, "价格": 1, "便宜": 1, "40％": 1, "掉": 1, "文汇报": 1, "纽约": 1, "提出": 1, "窃取": 1, "刑事": 1, "指控": 1, "间谍": 1, "为由": 1, "屏蔽": 1, "试图": 1, "说服": 1, "打击": 1, "周三": 1, "晚些时候": 1, "公布": 1, "高通": 2, "Qualcomm": 1, "Intel": 1, "博通": 1, "Broadcom": 1, "在内": 1, "微芯片": 2, "用于": 1, "专业": 1, "配件": 1, "谷歌": 1, "安卓": 1, "乔·凯利": 1, "Joe": 1, "Kelly": 1, "供给品": 1, "花费": 1, "流向": 1, "成千上万": 1, "用户": 1, "切断": 1, "灾难性": 1, "奥巴马": 1, "担任": 1, "助理": 1, "商务部长": 1, "安庆": 1, "事务所": 1, "Akin": 1, "Gump": 1, "Strauss": 1, "Hauer": 1, "&": 1, "Feld": 1, "合伙人": 1, "凯文·J·沃尔夫": 1, "Kevin": 1, "J": 1, ".": 1, "Wolf": 1, "相当于": 1, "枚": 1, "贸易": 3, "核弹": 1, "政策": 2, "涵盖": 1, "破坏": 1, "美": 1, "国": 2, "关税": 2, "升级": 2, "紧张": 2, "举动": 2, "短期": 1, "谈判": 2, "陷入": 1, "停滞": 1, "坚持己见": 1, "历届": 1, "单纯": 1, "执法": 1, "工具": 2, "沃尔夫": 1, "用作": 1, "筹码": 1, "马上": 1, "表态": 1, "外交部": 1, "例行": 1, "谴责": 1, "高峰": 1, "敦促": 1, "美方": 1, "停止": 1, "错误": 1, "做法": 2, "创造": 2, "条件": 1, "加拿大": 1, "逮捕": 1, "财务官": 1, "孟晚舟": 2, "随之": 1, "郭平": 1, "3月份": 1, "告诉": 2, "应对": 1, "囤积": 1, "致力于": 1, "搭建": 1, "地域": 1, "多样性": 1, "投资": 1, "关键": 1, "策略": 1, "分析": 2, "Strategy": 1, "Analytics": 1, "分析师": 1, "常驻": 1, "印度": 1, "海得拉巴": 1, "Hyderabad": 1, "斯拉万·昆": 1, "贾拉(": 1, "Sravan": 1, "Kundojjala": 1, "估计": 1, "出货": 1, "四分之三": 1, "昆": 1, "贾拉坦承": 1, "旗下": 1, "HiSilicon": 1, "高端": 2, "起初": 1, "怀疑": 1, "态度": 2, "一开始": 1, "喜好": 1, "项目": 1, "耍": 1, "滑头": 1, "不可估量": 1, "资产": 1, "堪比": 1, "领导者": 1, "作者": 2, "HR": 1, "GO": 1, "人力": 2, "分享": 1, "汇": 1, "动手": 2, "时间": 2, "制作": 1, "反击": 2, "昨日": 1, "此番": 1, "铿锵": 1, "早就": 1, "媒体": 1, "转载": 1, "下手": 1, "词": 1, "感觉": 2, "自豪": 1, "坚强": 1, "01": 1, "总会": 2, "失望": 1, "回想": 1, "每次": 2, "热点": 1, "溢美之词": 1, "潮涌": 1, "般滚": 1, "都会": 1, "捧杀": 1, "过分": 1, "高估": 1, "或者说": 1, "全新": 1, "方式": 2, "大跌眼镜": 1, "毫无疑问": 1, "居安思危": 1, "远见": 1, "精准": 1, "布局": 1, "把控": 1, "足以": 2, "瞠目结舌": 1, "颠覆": 1, "想象": 1, "低估": 1, "长": 1, "一口气": 1, "单单": 1, "手绝": 1, "炫酷": 1, "男孩": 1, "梦": 1, "帅呆": 1, "弹药库": 1, "粮仓": 1, "储备": 3, "谋划": 1, "打印": 1, "页": 1, "纸": 1, "读": 1, "冬天": 3, "文章": 1, "深刻": 2, "感受": 1, "忧患": 1, "意识": 2, "棉袄": 1, "穿厚": 1, "一点": 1, "红旗": 1, "多久": 1, "想到": 2, "这天": 1, "来到": 1, "体会": 1, "高瞻远瞩": 1, "境界": 1, "确实": 1, "佩服": 1, "哭笑不得": 1, "地震": 1, "飓风": 1, "紧急": 1, "实际上": 1, "故技重施": 1, "封杀": 2, "最初": 1, "在意": 1, "危机": 2, "罚款": 1, "高管": 1, "抓": 1, "对劲": 1, "敌人": 2, "全体": 2, "华为人": 1, "表现": 1, "前所未有": 1, "团结": 1, "活": 1, "后手": 1, "一批": 1, "恢弘": 1, "命名": 1, "角度": 1, "超级大国": 1, "居然": 1, "动用": 1, "权力": 1, "意义": 2, "算是": 1, "荣誉": 1, "说真的": 1, "对待": 1, "疯狂": 1, "重要性": 1, "瞄华": 1, "过不去": 1, "现阶段": 1, "制高点": 3, "国企": 1, "这家": 1, "营销": 1, "财务": 1, "干掉": 1, "想想": 1, "扛起": 1, "标杆": 1, "大旗": 1, "很": 2, "窝里横": 1, "03": 1, "加班": 1, "压力": 1, "引来": 1, "诸多": 1, "非议": 1, "管理者": 1, "人才": 4, "尊重": 2, "吸纳": 1, "激励": 1, "底气": 1, "亲口": 1, "承认": 1, "接班人": 1, "原因": 1, "背景": 3, "层": 1, "面华": 1, "700": 1, "名数学家": 1, "800": 1, "物理学家": 1, "120": 1, "化学家": 1, "六七千": 1, "基础": 1, "专家": 1, "六万": 1, "高级": 1, "工程师": 2, "2%": 1, "剩下": 1, "98%": 1, "全部分": 1, "脑袋": 1, "一无所有": 2, "民营": 1, "民族": 1, "复兴": 1, "栋梁": 1, "终点": 1, "五百": 1, "福布斯": 1, "富豪榜": 1, "事实": 1, "明白": 1, "写": 1, "课本": 1, "改变": 1, "见证者": 1, "强大": 2, "别人": 1, "制裁": 2, "原形毕露": 1, "足够": 1, "勋章": 1, "致敬": 2, "孜孜不倦": 1, "奋斗": 2, "岗位": 1, "总统令": 1, "无疑": 1, "推向": 1, "境地": 1, "到来": 1, "国人": 1, "震": 1, "一连": 1, "签发": 1, "揭开": 1, "虚伪": 1, "面具": 1, "阴霾": 1, "过后": 1, "阳光": 1, "普照": 1, "坚定": 1, "信心": 1, "踏踏实实": 1, "本职工作": 1, "艰难困苦": 2, "阻挡": 1, "步伐": 1, "发给": 1, "科学": 1, "‘": 1, "’": 1, "排山倒海式": 1, "冲锋": 1, "远远": 1, "超越": 1, "过往": 1, "立志": 1, "带给": 1, "万物": 1, "互联": 1, "理想": 1, "路": 1, "再有": 1, "换胎": 1, "缓冲区": 1, "消失": 1, "出生": 1, "同步": 1, "前路": 1, "更为": 1, "艰辛": 1, "勇气": 1, "毅力": 1, "施压": 1, "挺直": 1, "脊梁": 1, "奋力": 1, "前行": 1, "滔天": 1, "巨浪": 1, "方显": 1, "英雄本色": 1, "铸造诺亚": 1, "方舟": 1, "人民": 1, "大后方": 1}