{"如果说": 1, "现如今": 1, "国产": 5, "手机": 49, "一家": 1, "品牌": 14, "形象": 1, "产品": 13, "实力": 3, "用户": 5, "认可": 1, "想": 1, "华为": 131, "！": 7, "这几年": 1, "代表": 1, "挑战": 3, "苹果": 4, "iPhone": 1, "三星": 4, "带来": 2, "强劲": 1, "承认": 1, "都": 30, "值得": 4, "买": 3, "建议": 1, "瞎": 1, "4": 2, "款": 22, "颜值": 1, "三年": 4, "卡": 1, "荣耀": 25, "Pro": 4, "20Pro": 2, "定位": 9, "中端": 1, "旗舰": 7, "搭载": 4, "麒麟980": 3, "处理器": 9, "具备": 4, "4800万": 2, "像素": 2, "焦段": 1, "AI四": 1, "摄": 4, "8GB": 2, "128GB": 2, "储存": 2, "组合": 3, "电池": 2, "容量": 1, "4000": 1, "毫安": 2, "支持": 9, "22.5W": 1, "快充": 2, "亮点": 1, "在于": 3, "挖": 1, "孔": 1, "屏幕": 9, "设计": 8, "当中": 3, "少见": 1, "价格": 6, "3199": 1, "元": 5, "Nova5Pro华": 1, "Nova5Pro": 2, "2999": 1, "性价比": 6, "麒麟": 19, "980": 2, "易烊": 1, "千": 1, "玺": 1, "代言": 1, "四": 6, "+": 3, "充电": 2, "表现": 6, "40W": 1, "超级": 1, "缩减": 1, "3500": 1, "采用": 12, "侧面": 1, "指纹": 7, "Mate20Pro": 2, "4499": 1, "起步": 1, "标准版": 1, "完美": 1, "配置": 3, "做工": 1, "华为p30Pro": 4, "出色": 2, "2K": 2, "分辨率": 3, "OLED": 2, "性能": 8, "、": 55, "续航": 1, "拍照": 4, "落": 1, "P30": 2, "Pro华": 1, "P30Pro": 2, "刚刚": 2, "发布": 11, "全新": 1, "配色": 4, "4988": 1, "相对来说": 4, "昂贵": 1, "比起": 1, "算是": 1, "便宜": 1, "很多": 7, "变色": 1, "工艺": 5, "徕卡": 1, "升级": 4, "如今": 1, "到来": 1, "意味着": 1, "马上": 1, "退场": 1, "还要": 2, "系列": 10, "高端": 3, "水准": 2, "足以": 1, "卡顿": 1, "看好": 1, "喜欢": 1, "昨天": 1, "笔者": 1, "详细": 1, "聊": 1, "含义": 1, "网友": 5, "看完": 1, "很": 12, "涨": 1, "知识": 1, "组织": 1, "架构": 4, "消费者": 2, "事业群BG": 1, "也就是说": 2, "并列": 1, "关系": 4, "兄弟": 2, "相同点": 1, "不同点": 1, "聊聊": 1, "之间": 3, "区别": 1, "差距": 7, "到底": 3, "2012年": 2, "小米": 2, "互联网": 3, "模式": 5, "传统": 2, "中华": 1, "酷联": 1, "冲击": 1, "推出": 7, "探索": 2, "市场": 7, "向上": 1, "对标": 1, "兼顾": 1, "线上": 2, "线下": 2, "受众": 1, "人群": 2, "向下": 1, "制衡": 1, "线": 1, "主打": 1, "年轻": 1, "时尚": 1, "黑科技": 1, "情况": 3, "选择性": 1, "跟进": 2, "5G": 34, "后置": 2, "三": 3, "技术": 17, "首发": 2, "用料": 2, "有意": 1, "拉开": 1, "Mate": 4, "曲面OLED": 1, "级别": 2, "显示": 3, "效果": 3, "可圈可点": 1, "搭配": 2, "屏下": 1, "整体": 5, "体验": 9, "符合": 3, "旗舰机": 2, "LCD": 1, "侧边": 1, "解锁": 1, "肯定": 2, "不及": 1, "理念": 4, "事物": 1, "接受度": 1, "保守": 1, "P系列": 1, "水滴屏": 1, "刘": 1, "海屏": 1, "激进": 2, "升降式": 2, "屏": 3, "方案": 6, "摄像头": 3, "9": 1, "X": 1, "滑盖": 1, "Magic": 1, "挖孔": 1, "尝试": 1, "希望": 2, "稳中求胜": 1, "亲兄弟": 1, "相互": 1, "补充": 1, "核心": 3, "互联": 1, "互通": 1, "领域": 4, "佼佼者": 1, "选择": 11, "简单": 3, "一步到位": 1, "意性": 1, "价比": 1, "留言": 2, "乾明": 2, "发自": 2, "凹非寺": 2, "量子": 2, "报道": 4, "|": 2, "公众号": 2, "QbitA": 2, "I华": 1, "再次": 1, "关注": 5, "焦点": 1, "德国": 1, "柏林": 1, "IF": 1, "A": 3, "新一代": 1, "芯片": 25, "：": 42, "麒麟990": 4, "全球": 5, "首款": 5, "SoC": 5, "同类": 1, "AI算力": 4, "讨论": 2, "4G": 1, "SoC+5G": 1, "Modem": 2, "首次": 1, "集成": 2, "能耗": 2, "时代": 3, "过渡": 1, "990": 13, "进一步": 1, "彰显": 1, "这家": 1, "公司": 1, "创新性": 1, "创造性": 1, "集成5G": 2, "提前": 1, "布局": 2, "2016年": 1, "着手": 1, "历时": 1, "交出": 1, "答卷": 1, "业界": 3, "商用": 2, "晶体": 1, "管数": 1, "最多": 1, "功能": 2, "完整": 1, "复杂度": 1, "想要": 2, "一点": 4, "Fellow艾伟": 2, "接受": 3, "采访": 2, "透露": 3, "背后": 4, "故事": 2, "简简单单": 1, "巴龙": 1, "5000": 2, "影响": 2, "集成度": 1, "功耗": 3, "放": 2, "联合": 5, "优化": 2, "提升": 9, "基础": 4, "体现": 6, "晶体管": 3, "数量": 1, "大幅度": 2, "增加": 1, "69亿": 1, "103亿": 1, "7nm": 2, "方式": 3, "体管": 1, "连线": 1, "越来越": 1, "细": 1, "这次": 5, "EUV": 4, "原因": 4, "所在": 1, "难以": 2, "支撑": 1, "放下": 1, "艾伟": 4, "撑爆": 1, "半导体": 1, "先进": 1, "早": 1, "2014年": 1, "储备": 1, "推进": 1, "成熟": 2, "份": 1, "功劳": 1, "领先": 2, "投入": 2, "数千": 1, "名": 1, "工程师": 1, "研发": 1, "不仅仅": 3, "其8": 1, "核": 2, "CPU": 3, "16核": 1, "GPU": 4, "I": 2, "凸显": 1, "呈现": 2, "面向": 1, "场景": 4, "解决": 2, "野心": 1, "昇腾": 5, "910一": 2, "脉": 2, "承麒麟": 1, "达芬奇": 2, "NPU": 2, "端侧": 1, "这是": 4, "能效": 3, "核+": 1, "微核": 3, "业内": 3, "来自于": 1, "Lite": 1, "——": 1, "AI": 24, "相承": 1, "跑分": 3, "76206": 1, "苏黎世": 1, "理工": 2, "大学": 3, "提出": 6, "Benchmark": 2, "970": 1, "相比": 3, "12": 1, "倍": 4, "友商": 1, "3": 1, "测试": 2, "执行": 3, "图像": 10, "分类": 1, "人脸": 2, "识别": 3, "模糊": 1, "超": 1, "语义": 2, "分割": 2, "增强": 1, "内存": 1, "极限": 1, "评估": 2, "能力": 7, "基准": 1, "给出": 6, "解释": 2, "自研": 1, "官方": 2, "介绍": 3, "助益": 1, "用于": 2, "超低": 1, "Tiny": 1, "NPU微": 1, "核比": 1, "大核": 2, "24": 1, "省电": 1, "余承东": 4, "发布会": 3, "原理": 1, "货": 1, "货少": 2, "大车": 1, "运送": 2, "浪费": 1, "运力": 2, "低": 3, "小车": 1, "保证": 2, "算力": 2, "效高": 1, "AI多": 1, "实例": 1, "实时": 1, "视频": 9, "P多": 1, "00:47": 1, "特性": 2, "提供": 5, "动力": 1, "AR": 1, "基于": 12, "相机": 2, "测心率": 2, "信号": 2, "弱": 1, "机器": 2, "学习": 4, "自适应": 1, "接收器": 1, "强弱": 1, "自动": 2, "优": 1, "网络": 5, "稳定": 1, "联接": 1, "下行": 1, "速率": 1, "19%": 1, "本身": 2, "用例": 1, "90%": 1, "计算机": 5, "视觉": 2, "算子": 1, "数300+": 1, "HiAI": 1, "2.0": 2, "开发": 3, "平台": 1, "加持": 1, "未来": 4, "可能性": 1, "端云": 1, "一体化": 1, "必要条件": 1, "单反级": 1, "降噪": 13, "算法": 5, "一个": 15, "太": 2, "多媒体": 1, "设备": 7, "改观": 1, "ISP": 2, "5.0": 1, "一代": 1, "数据": 4, "吞吐率": 1, "15%": 2, "照片": 1, "30%": 1, "20%": 1, "正是": 3, "才": 2, "发挥": 1, "作用": 1, "BM3D": 1, "看错": 1, "只用": 1, "单反": 2, "用到": 1, "通道": 1, "相关": 3, "进去": 1, "天生": 1, "感光": 1, "面积": 1, "仅仅": 2, "叠加": 2, "成像": 2, "时间": 6, "的确": 2, "耗费": 2, "不少": 3, "功夫": 1, "双域": 1, "中都": 1, "空域": 2, "难度": 1, "厂商": 1, "近年来": 1, "时域": 2, "帧": 2, "噪点": 1, "频域": 2, "傅里叶": 1, "变换": 1, "去掉": 1, "噪声": 1, "还原": 1, "细节": 1, "回去": 1, "最终": 1, "质量": 1, "硬件": 2, "30": 2, "想象力": 1, "评价": 3, "国内": 2, "惊叹": 1, "充满": 1, "期待": 1, "外媒": 2, "新闻": 3, "事实": 1, "美国": 7, "科技": 1, "媒体": 2, "VentureBeat": 1, "直言": 1, "计划": 2, "交付": 1, "高通": 2, "竞争": 2, "占": 1, "先机": 1, "定性": 1, "融合": 1, "革命性": 1, "飞跃": 1, "将要": 2, "AI+5G": 1, "长期": 2, "智能": 2, "发展": 3, "目标": 2, "跑": 1, "快": 1, "最新": 1, "消息": 1, "对手": 1, "OPPO": 1, "合作": 2, "—": 2, "I理": 1, "科生": 1, "文艺": 2, "文科生": 1, "七言绝句": 4, "读完": 1, "押韵": 3, "意境": 7, "内涵": 1, "赞": 1, "写": 5, "诗": 11, "作词": 2, "满江红": 2, "藏头诗": 5, "想象": 1, "懂": 3, "理工生": 1, "杰作": 1, "华为诺亚": 4, "方舟": 6, "实验室": 8, "写诗": 1, "乐府": 18, "问世": 1, "引发": 1, "作品": 3, "有人": 4, "称赞": 1, "蕴意": 1, "工整": 2, "不乏": 1, "意趣": 1, "程序": 2, "实在": 1, "牛逼": 1, "人员": 1, "点赞": 1, "搞": 1, "事情": 1, "声": 1, "塞雁": 1, "江南": 1, "家书": 1, "海北": 1, "莫道": 1, "征鸿无泪落": 1, "年年": 1, "辛苦": 1, "燕然": 1, "北大": 1, "中文系": 1, "平均": 1, "水平": 2, "李白": 1, "沉默": 1, "杜甫": 1, "流泪": 1, "指出": 1, "感觉": 1, "syntax": 1, "层面": 2, "semantics": 1, "稍微": 1, "欠缺": 1, "灵魂": 1, "相帝": 1, "发声": 1, "辛弃疾": 1, "流水": 1, "散文式": 1, "用典": 1, "老杜": 1, "沉郁顿": 1, "挫拗": 1, "救法": 1, "难": 2, "学会": 1, "厉害": 1, "读者": 1, "格律诗": 1, "精密": 1, "手法": 1, "…": 2, "语音": 1, "首席": 1, "科学家": 1, "刘群": 3, "答疑": 1, "披露": 1, "用诗": 2, "规矩": 3, "训练": 15, "系统": 20, "学": 3, "论文": 4, "公布": 1, "男の": 1, "源自": 1, "GPT": 8, "自由": 1, "生成": 17, "文本": 3, "中国": 4, "古诗词": 4, "形式": 4, "内容": 4, "各种各样": 1, "五绝": 1, "七绝": 1, "五律": 1, "七律": 1, "西江月": 1, "水调歌头": 1, "词牌": 1, "对联": 5, "字数": 1, "平仄": 2, "对仗": 1, "；": 1, "琢磨": 1, "围绕": 1, "主题": 8, "展开": 1, "连贯性": 1, "人工": 2, "设定": 1, "规则": 1, "额外": 1, "神经元": 1, "组件": 1, "研究": 4, "诗词": 3, "序列化": 1, "格式化": 3, "序列": 8, "语言": 5, "模型": 16, "token": 4, "抽样": 3, "绝句": 1, "律诗": 1, "词": 1, "微调": 6, "方法": 4, "能量": 1, "OpenAI": 1, "预训": 2, "自然": 2, "标签": 2, "打造": 2, "作诗": 4, "谷歌": 1, "BERT": 3, "息息相关": 1, "源代码": 1, "Transformer": 2, "大小": 1, "BERT-Base": 1, "tokenization": 1, "脚本": 1, "中文": 3, "vocab": 1, "诗歌": 14, "过程": 7, "一共": 2, "阶段": 1, "预训练": 2, "语料库": 3, "预": 1, "收集": 1, "公开": 1, "上图": 1, "示例": 1, "转换": 1, "包括": 3, "格式": 4, "诗体": 2, "标识符": 1, "分开": 1, "第二": 2, "正文": 1, "上联": 1, "下联": 1, "对子": 2, "习惯": 1, "数据集": 2, "规模": 1, "练用": 1, "2.35亿": 1, "句子": 2, "调用": 1, "25万": 1, "律师": 1, "2万": 1, "首词": 1, "70万": 1, "云上": 1, "8": 1, "块": 1, "英伟": 1, "达V": 1, "100": 1, "(": 2, "16G": 1, ")": 3, "echo": 1, "90": 1, "小时": 1, "输入": 3, "回归": 1, "观测": 1, "概率": 1, "最大化": 1, "长": 2, "倾向": 1, "原始": 2, "转化": 1, "初始": 2, "剩余": 1, "字段": 1, "解码": 3, "硬": 1, "约束": 1, "正确性": 1, "特定": 2, "位置": 1, "分配": 1, "逗号": 1, "句号": 1, "EOS": 1, "结束": 1, "截断": 1, "top": 4, "策略": 2, "束": 1, "搜索": 2, "每次": 1, "采样": 2, "Token": 3, "大概率": 1, "截短": 1, "正确": 1, "称": 1, "藏头": 2, "一行": 1, "第一": 7, "字符": 1, "五言绝句": 3, "(格式": 1, "床疑": 1, "举低": 1, "床": 1, "明月光": 1, "疑": 1, "低头": 1, "故乡": 1, "展示": 1, "江": 1, "上田": 1, "唐朝": 1, "诗人": 3, "首都": 1, "从上到下": 1, "ABCD": 1, "辨别": 1, "真迹": 1, "答案": 2, "文末": 1, "揭晓": 1, "生成AI": 1, "清华": 8, "孙": 1, "茂松": 1, "团队": 1, "九": 8, "歌": 8, "深度": 1, "超过": 1, "80万": 1, "人类": 1, "创作": 2, "模态": 1, "体裁": 1, "风格": 1, "人机": 2, "交互": 4, "近日": 2, "中文版": 3, "语料": 1, "GPT-2": 2, "上线": 3, "北京大学": 1, "国防": 1, "科大": 1, "机构": 1, "监督": 1, "翻译": 1, "分段": 1, "填充": 1, "强化": 1, "白话文": 1, "七言律诗": 3, "北京": 3, "联队": 1, "开放": 2, "参与": 1, "场": 1, "华山论剑": 1, "九歌": 1, "选手": 1, "轮": 5, "夏日": 2, "赋诗": 2, "瑕疵": 1, "地方": 1, "张嘴": 1, "秋来": 1, "提到": 2, "四月": 1, "出入": 1, "相比之下": 1, "夏日元素": 1, "荷香": 1, "夏阴": 1, "长夜": 1, "愁": 1, "独坐": 1, "凄然": 1, "Emmm": 1, "……": 1, "婚姻": 1, "破裂": 1, "直观": 1, "刻画": 1, "不错": 4, "冲击力": 1, "情感": 1, "层次": 1, "第三": 1, "神经": 1, "展现": 1, "几分": 2, "确切": 1, "至此": 1, "三轮": 1, "比拼": 1, "高下": 1, "差别": 1, "控制": 2, "严肃": 1, "速度": 2, "很快": 1, "AI生成": 1, "颇为": 1, "谦虚": 1, "找": 1, "懂诗": 1, "韵律": 1, "外行": 1, "读": 1, "顺口": 1, "孰优孰劣": 1, "不妨": 1, "参考": 1, "老话": 1, "文": 1, "成立": 1, "隶属": 1, "2012": 1, "诺亚": 2, "为名": 1, "内部": 1, "重要性": 1, "此前": 1, "任正非": 1, "深圳": 1, "香港": 1, "上海": 1, "西安": 1, "北美": 1, "欧洲": 1, "城市": 1, "设有": 1, "分部": 1, "方向": 1, "推荐": 1, "决策": 1, "推理": 1, "AI理论": 1, "高速": 1, "计算": 1, "标注": 1, "副产品": 1, "EI": 1, "空间": 1, "五言律诗": 1, "附上": 1, "选C": 1, "传送门": 1, "AI论文": 1, "based": 1, "Generation": 1, "Classical": 1, "Chinese": 1, "Poetryhttps": 1, "://arxiv.org/pdf/1907.00151": 1, ".": 1, "pd": 1, "f清华": 1, "网站": 1, "http://": 1, "118.190.162.99:8080": 1, "/": 1, "惧特朗普": 2, "国": 2, "单华": 2, "36万": 3, "台": 3, "拿下": 2, "27亿": 3, "大单": 2, "众所周知": 2, "3G": 1, "开启": 1, "工作": 1, "努力": 1, "确立": 2, "优势": 1, "大展": 1, "拳脚": 1, "意外": 1, "竟然": 1, "卑劣": 1, "手段": 1, "抹黑": 2, "风险": 1, "借口": 2, "造谣": 1, "短": 1, "内": 1, "损失": 1, "海外": 1, "国家": 7, "禁止": 2, "迫于": 1, "压力": 1, "禁令": 1, "如出一辙": 1, "惧怕": 1, "上半年": 1, "我国": 2, "俄罗斯": 15, "熟悉": 1, "近些年": 1, "经济": 1, "军事": 1, "建立": 1, "领导人": 1, "互访": 1, "我军": 1, "仪仗队": 1, "参加": 1, "阅兵": 1, "仪式": 1, "背景": 1, "伸出": 1, "援助": 1, "手": 1, "莫大": 1, "项": 1, "金额": 1, "高达": 1, "订单": 2, "成功": 1, "Aurora": 4, "OS": 4, "操作": 2, "采购": 3, "电脑": 5, "安装": 1, "境内": 1, "生活": 2, "一部分": 1, "用来": 1, "办公": 1, "安全性": 1, "信任": 1, "必定": 2, "主流": 2, "微软": 1, "windows": 1, "IOS": 1, "鸿蒙": 4, "普及": 1, "适配": 1, "运行": 1, "推广": 1, "难得": 1, "有利于": 1, "做法": 1, "近期": 2, "销量": 5, "可怜": 2, "全都": 2, "上当": 2, "年度": 1, "mate30": 2, "即将": 2, "9月": 4, "19号": 1, "发售": 1, "新款": 2, "旧": 2, "版": 1, "都会": 1, "降价": 5, "清仓": 1, "销售": 2, "旗舰华": 1, "30Pro": 1, "值得一提的是": 1, "近段": 2, "促销": 1, "迎来": 1, "30pro": 8, "着急": 1, "小编": 3, "售价": 4, "配": 1, "最为": 1, "否认": 2, "骁龙旗": 1, "舰级": 1, "落后": 1, "前段": 1, "note10": 1, "取代": 1, "顶级": 1, "选华": 1, "强大": 1, "影响力": 1, "公认": 1, "高售价": 1, "入手": 2, "旗下": 1, "mate20Pro": 1, "盲目": 1, "贵": 1, "对比": 1, "临近": 1, "新机": 1, "减": 1, "反增": 1, "对此": 1, "看法": 1, "下方": 1, "商报": 1, "讯": 1, "记者": 1, "石": 1, "飞月": 1, "8日": 1, "终端": 2, "官微": 1, "智慧屏": 5, "9日": 1, "上午": 1, "10点08分": 1, "预约": 1, "19日": 1, "海报": 2, "中将": 1, "智慧": 6, "中心": 5, "跨屏": 1, "IoT": 1, "影音": 1, "娱乐": 1, "Slogan": 1, "变大": 1, "升降": 1, "超窄": 1, "边框": 1, "元素": 1, "7月底": 1, "业务": 1, "CEO": 1, "55": 1, "英寸": 3, "65": 1, "75": 1, "麒麟AI": 1, "鸿鹄": 1, "凌霄": 1, "Wi-Fi": 1, "音画": 1, "连接": 1, "智慧化": 1, "8月": 1, "10日": 1, "正式": 1, "对外": 1, "战略": 1, "颠覆性": 1}