{"文": 1, "：": 19, "琉璃": 1, "主编": 1, "朱邦凌": 1, "华为": 177, "实力": 5, "碾压": 1, "茅台": 2, "仅次于": 1, "石化": 1, "双雄": 1, "3月": 3, "29日": 1, "发布": 7, "18年": 1, "年报": 3, "吸引": 2, "板块": 2, "全球": 33, "销售": 9, "收入": 13, "7212亿": 3, "元": 17, "同比": 14, "增长": 17, "19.5%": 2, "净利润": 5, "593亿": 3, "25.1%": 2, "针对": 2, "数据": 6, "中国": 12, "基金会": 1, "新闻": 1, "详细": 1, "分析": 2, "a股": 1, "市场": 21, "排名": 5, "第五": 3, "远": 1, "高于": 1, "352.04亿": 1, "A股": 2, "第六": 1, "科技": 13, "巨头": 1, "腾讯": 5, "相比": 3, "足足": 1, "倍": 4, "3126.94亿": 1, "营收": 8, "刊登": 1, "去年": 3, "一半": 1, "架不住": 1, "利润": 2, "人民币": 9, "787亿": 1, "智能": 11, "手机": 39, "份额": 6, "位居": 5, "三": 3, "消费": 2, "业务": 27, "首次": 1, "超过": 16, "运营商": 6, "这是": 6, "结构性": 1, "变化": 2, "出货量": 17, "2亿多": 1, "可谓": 1, "历史": 4, "高度": 4, "整年": 1, "研发": 4, "支出": 2, "1015亿": 1, "占据": 2, "14%": 1, "费用": 2, "欧盟": 2, "2018年": 17, "工业": 1, "投资": 2, "中位": 1, "；": 15, "10年": 1, "4800亿": 1, "遗憾": 1, "并未": 1, "上市": 23, "买": 1, "股份": 2, "资产": 1, "享受": 2, "份": 1, "荣耀": 28, "世界": 7, "500": 3, "唯一": 1, "一家": 8, "非上市": 2, "公司": 23, "员工": 3, "业绩": 1, "快速": 2, "全员": 1, "持股": 2, "9万多": 1, "机构": 3, "持有": 1, "规划": 3, "都": 22, "影响力": 3, "大型": 7, "将来": 2, "热门": 1, "中远": 1, "创意": 1, "证券": 3, "交易所": 4, "(": 3, "Cosco": 1, "Creative": 1, "Stock": 1, "Exchange": 1, ")": 3, "投资者": 3, "分享": 4, "红利": 1, "想": 5, "原因": 3, "任正非": 9, "资本": 5, "长远发展": 1, "为数不多": 1, "采访": 2, "谈": 1, "重视": 1, "利益": 1, "追求": 2, "理想": 1, "目标": 10, "实施": 1, "困难": 1, "至少": 2, "保证": 4, "缺": 1, "资金": 2, "2017年": 1, "6月": 1, "接受": 3, "国内": 3, "媒体": 4, "片面": 1, "企业": 18, "规模": 4, "缺乏": 2, "发展": 9, "管理层": 2, "多元化": 1, "摧毁": 1, "20多": 1, "理顺": 1, "简单": 2, "财大气粗": 1, "融资": 2, "圈钱": 1, "控股": 1, "体制": 1, "明了": 1, "很多": 6, "亿万": 1, "富翁": 1, "很": 16, "乐意": 1, "兑现": 1, "整天": 1, "忙于": 2, "运作": 1, "辞职": 1, "套现": 1, "赚": 1, "钱": 2, "热衷于": 1, "市值": 1, "管理": 3, "大规模": 1, "购": 1, "价值": 1, "财富": 1, "乘以": 1, "市盈率": 1, "倍数": 1, "高管们": 1, "行业": 2, "百万富翁": 1, "忙": 1, "做生意": 1, "奋斗者": 1, "本质": 1, "上市观": 1, "战略": 4, "科创板": 3, "上海": 4, "三顾茅庐": 1, "策略": 1, "游说": 1, "不久前": 2, "深交所": 1, "拜访": 1, "老": 4, "干妈": 1, "代表": 1, "主动": 2, "出击": 1, "闭门造车": 1, "上门": 1, "服务": 2, "28日": 1, "科创版": 1, "一批": 1, "验收": 4, "诞生": 1, "公布": 4, "第二": 3, "名单": 1, "华兴": 1, "源创": 1, "、": 66, "微芯": 1, "生物": 3, "特宝": 1, "国盾": 1, "量子": 2, "虹软": 1, "世纪": 2, "空间": 2, "光峰": 1, "贝斯达": 1, "榜上有名": 1, "涵盖": 1, "医药": 1, "人工": 1, "激光": 1, "显示": 13, "通信": 6, "新兴": 1, "领域": 5, "知名度": 1, "技术": 12, "水平": 1, "亏损": 2, "值得一提的是": 2, "清单": 1, "报名": 1, "正式": 3, "白热化": 1, "证交所": 1, "反馈": 1, "情况": 6, "首批": 2, "创业板": 5, "基本上": 1, "中小型": 2, "创新型": 2, "创业": 1, "各项": 1, "指标": 1, "中小企业": 3, "太": 4, "区别": 1, "股票": 1, "差": 1, "KSB": 1, "吸收": 1, "明星": 2, "超级": 1, "独角兽": 1, "STB": 1, "定位": 3, "限于": 1, "初创": 2, "事实上": 4, "关系": 1, "创新": 4, "委员会": 1, "制度": 1, "设计": 12, "前景": 1, "鼓励": 1, "登陆": 2, "不仅仅": 1, "阶段": 4, "创新局": 1, "引进": 1, "纳斯达克": 1, "科技股": 1, "过于": 1, "担心": 1, "基金": 1, "流动性": 1, "占": 1, "留给": 1, "普通线": 1, "线下": 1, "订阅": 1, "比例": 4, "质量": 1, "追捧": 2, "优质": 3, "起到": 1, "支撑": 2, "作用": 1, "必将": 1, "引领": 1, "资新": 1, "本文": 1, "不凡": 1, "智库": 1, "原创": 2, "出品": 1, "未经": 2, "许可": 2, "渠道": 4, "平台": 4, "请勿": 1, "转载": 2, "违者": 1, "必究": 1, "众所周知": 3, "5G": 22, "设备": 9, "领导者": 1, "半年": 1, "时间": 7, "非议": 1, "中和": 1, "诋毁": 2, "人士": 2, "抗争": 1, "最终": 2, "正义": 1, "天平": 1, "倾斜": 1, "公认": 1, "安全性": 2, "性价比": 1, "厂商": 12, "领先": 5, "网络": 2, "体验": 9, "数以万计": 1, "专利": 3, "传来": 1, "捷报": 3, "累计": 1, "基站": 1, "4万": 1, "台": 15, "对手": 12, "爱立信": 4, "诺基亚": 2, "老牌": 3, "无论是": 1, "芬兰": 1, "瑞典": 1, "耕耘": 1, "长达": 1, "半": 6, "当之无愧": 1, "百年": 2, "店": 2, "后来居上": 1, "成立": 1, "30年": 1, "如今": 1, "强势": 4, "拿到": 6, "遥遥领先": 1, "服务器": 1, "速率": 3, "第一": 25, "余承东": 26, "放出": 1, "豪言壮语": 1, "2020年": 1, "超越": 10, "三星": 28, "预告": 1, "品牌": 12, "四": 5, "！": 10, "7000亿": 1, "拿出": 1, "千亿": 1, "用于": 1, "提升": 5, "产品": 19, "竞争力": 5, "扶持": 2, "人才": 1, "注重": 1, "培养": 1, "文化": 1, "尊重": 1, "最多": 3, "订单": 5, "兢兢业业": 1, "付出": 1, "应有": 1, "回报": 1, "过程": 2, "前所未有": 1, "艰难": 1, "险阻": 1, "频频": 1, "西方": 2, "国家": 5, "莫须有": 1, "抵制": 2, "闹剧": 1, "背后": 1, "全世界": 1, "害怕": 3, "强大": 2, "崛起": 1, "中华": 1, "愈": 2, "勇": 1, "频传": 2, "刚刚": 2, "竞争": 4, "点赞": 3, "拿下": 2, "76亿": 4, "终于": 1, "发声": 1, "CEO": 8, "公开": 1, "场合": 2, "大概": 2, "难": 4, "战胜": 1, "表达": 2, "客观": 2, "立场": 2, "来之不易": 1, "难得": 1, "之间": 5, "友好": 1, "美方": 1, "施压": 1, "苹果": 14, "投入": 4, "精力": 1, "库克": 1, "访华": 1, "调整": 4, "iPhone": 1, "定价": 1, "大局观": 1, "没错": 1, "锦上添花": 1, "欧洲": 4, "大国": 2, "支持": 12, "送上": 1, "高达": 4, "法国": 4, "核心": 1, "美国": 1, "盟友": 1, "义不容情": 1, "选择": 4, "稳定性": 1, "打动": 1, "所在": 2, "承受": 1, "风险": 1, "质疑": 1, "依然": 6, "证明": 1, "商业": 1, "合同": 1, "未来": 8, "路": 3, "一帆风顺": 1, "城": 1, "牵手": 1, "送": 1, "认可": 2, "通行证": 1, "旅": 1, "火力": 1, "全开": 1, "而今": 1, "操作": 5, "系统": 3, "海思": 2, "麒麟": 1, "芯片": 2, "拥有": 2, "优势": 3, "王": 1, "迟早": 1, "快": 4, "一点": 2, "花": 2, "20年": 1, "50年": 1, "才": 2, "事情": 2, "好在": 1, "幕后": 1, "指点": 1, "江山": 1, "未雨绸缪": 1, "做好": 1, "坏": 1, "打算": 1, "坚挺": 1, "走": 1, "条": 2, "辉煌": 1, "感到": 1, "骄傲": 1, "声明": 1, "禁止": 1, "网站": 1, "推哥": 1, "图片": 5, "源于": 1, "侵权": 1, "请": 1, "作者": 1, "4月": 4, "2日": 4, "消费者": 18, "社交": 1, "一个": 13, "全新": 4, "+": 8, "披露": 1, "财报": 2, "内部": 1, "2亿": 2, "排": 1, "差距": 3, "微弱": 2, "轮值": 2, "董事长": 3, "郭平": 2, "透露": 4, "一二月份": 2, "30%": 3, "意味着": 2, "销量": 8, "很快": 2, "年底": 4, "有望": 4, "A": 1, "I": 1, "财经社": 1, "周路平": 1, "TechWeb": 1, "评测": 2, "注入": 1, "主流": 3, "档位": 1, "PC": 3, "推出": 2, "面向": 1, "人群": 3, "MateBook": 31, "系列": 12, "首款": 1, "——": 3, "HUAWEI": 26, "13": 3, "一经": 1, "赢得": 1, "赞誉": 1, "英寸": 8, "轻薄": 7, "标杆": 1, "MWC2019": 1, "大展": 1, "新兵": 1, "14": 35, "屏轻": 3, "薄": 3, "性能": 13, "亮相": 2, "传承": 2, "家族": 2, "经典": 5, "屏基因": 1, "基础": 1, "均衡": 1, "品质": 1, "工艺": 2, "便捷": 3, "传输": 11, "展会": 1, "现场": 1, "大放异彩": 1, "众多": 1, "权威": 1, "好奇": 1, "围观": 1, "一举": 1, "揽": 1, "3": 7, "项": 1, "MWC": 1, "2019": 2, "最佳": 2, "奖": 1, "究竟": 1, "适合": 1, "兼顾": 3, "篇": 1, "回答": 1, "大部分": 1, "外观": 1, "3:2": 5, "高清": 4, "屏": 4, "尽显": 1, "高效": 9, "生产力": 2, "视野": 3, "妥协": 1, "随时": 1, "需求": 1, "出发": 1, "唯美": 1, "智慧": 5, "基因": 2, "深度": 2, "融入": 1, "之中": 1, "兼具": 1, "便携": 3, "轻": 1, "1.49": 1, "kg": 1, "机身": 8, "整体": 2, "尺寸": 4, "307.5*223.8*15.9": 1, "厚处": 1, "一角": 1, "硬币": 1, "直立": 1, "简约": 1, "凝练": 1, "线条": 1, "延伸": 1, "无限": 1, "美感": 1, "领先者": 1, "A面": 1, "Pure": 1, "&": 1, "Invisible": 1, "外形": 1, "理念": 3, "采用": 21, "金属": 2, "极简": 1, "风格": 1, "5252": 1, "铝合金": 1, "精密": 1, "陶瓷": 1, "喷砂": 1, "光泽": 1, "带来": 3, "亲肤": 1, "触感": 1, "笔者": 6, "深空灰": 1, "版本": 4, "光芒": 1, "内敛": 1, "商务": 2, "气息": 1, "十足": 1, "B面": 1, "屏幕": 27, "延续": 2, "四面": 1, "边框": 2, "4.9mm": 1, "90%": 1, "屏占": 1, "传统": 4, "16:9": 4, "机型": 1, "可视": 1, "面积": 2, "8.4%": 1, "开阔": 1, "视觉": 1, "效果": 4, "震撼": 1, "2160*1440": 1, "分辨率": 4, "显示屏": 1, "PPI": 1, "185": 1, "2K级": 1, "100%": 1, "sRGB": 1, "色域": 1, "比度": 1, "1000:1": 1, "300尼特": 1, "亮度": 7, "颜色": 1, "准确": 2, "鲜艳": 1, "明亮": 1, "播放": 2, "视频": 7, "呈现": 3, "栩栩如生": 1, "细节": 1, "生动": 1, "逼真": 1, "这块": 1, "一大": 1, "亮点": 2, "长宽比": 1, "相较": 1, "常见": 1, "Office": 1, "办公": 10, "网页": 3, "浏览": 3, "图形": 2, "常用": 1, "场景": 7, "内容": 3, "纵向": 1, "易于": 1, "日常": 5, "编辑": 3, "工作": 4, "工作者": 1, "尤为": 1, "实用": 2, "△": 2, "Photoshop": 1, "缩放": 2, "比率": 2, "23%": 1, "可见一斑": 1, "用户": 10, "保护": 2, "眼睛": 1, "缓解": 1, "眼部": 1, "疲劳": 1, "平板": 1, "成熟": 1, "护眼": 1, "笔记本": 4, "之上": 1, "过滤": 1, "有害": 1, "蓝光": 1, "调节": 1, "户外": 1, "强光": 1, "清晰可见": 1, "C面": 1, "键盘": 4, "右上角": 1, "指纹": 3, "识别": 2, "电源键": 2, "二合一": 1, "开机": 1, "按压": 1, "信息": 2, "无需": 2, "界面": 1, "输入": 2, "密码": 1, "扫描": 1, "直达": 1, "Windows": 1, "桌面": 1, "该机": 5, "进一步": 1, "优化": 2, "键程": 1, "键帽": 1, "敲击": 1, "力度": 1, "愉悦": 1, "值得": 2, "隐藏式": 1, "摄像头": 3, "自主": 2, "结构件": 1, "巧妙": 1, "压式": 1, "弹起": 1, "高屏": 1, "占比": 3, "劫持": 1, "偷窥": 1, "隐私": 1, "新款": 1, "大幅度": 1, "手势": 1, "触控板": 2, "广阔": 2, "区域": 1, "自由": 1, "顺畅": 1, "D面": 1, "底部": 2, "精心": 1, "布置": 1, "滑垫": 1, "上部": 1, "防滑垫": 1, "散热": 4, "进风": 1, "提供": 4, "下方": 1, "两侧": 1, "扬声器": 2, "开孔": 1, "搭载": 7, "杜比": 1, "全景声": 1, "Dolby": 1, "Atmos": 1, "萦绕": 1, "四周": 1, "引人入胜": 1, "流动": 1, "音效": 1, "营造": 1, "美妙": 1, "影音": 2, "接口": 2, "诚意": 1, "左侧": 1, "功能": 7, "USB": 3, "C接口": 1, "输出": 3, "充电": 6, "HDMI": 1, "外部": 1, "显示器": 1, "连接": 1, "右侧": 1, "2.0": 2, "3.0": 1, "娱乐": 3, "职场": 4, "新人": 4, "学生": 2, "配置": 2, "黄金": 1, "独显": 1, "强劲": 1, "款": 4, "主打": 1, "满血": 2, "表现": 1, "多方": 1, "跑分": 1, "测试": 6, "第八": 1, "英特尔": 1, "酷睿": 2, "i7-8565": 1, "U": 1, "处理器": 3, "综合": 1, "第七": 1, "40%": 2, "CPU-Z": 1, "单核": 1, "分数": 2, "516.2": 1, "多线程": 2, "成绩": 3, "2452.7": 1, "辅以": 1, "8GB": 1, "LPDDR3": 1, "2133": 1, "MHz": 1, "内存": 1, "足以": 2, "多变": 1, "环境": 1, "学习": 3, "CineBench": 1, "R15": 1, "i5": 1, "8265": 1, "U单": 1, "线程": 1, "184cb": 1, "658cb": 1, "显卡": 3, "NVIDIA": 1, "GeForce": 1, "MX250": 1, "高性能": 1, "TDP": 1, "25W": 1, "配备": 3, "2GB": 1, "GDDR5": 1, "独立": 1, "显存": 1, "速度": 3, "集成": 1, "3.5": 1, "网游": 1, "流畅": 1, "顺滑": 1, "选用": 1, "LOL": 2, "游戏": 4, "低": 3, "4": 1, "画质": 6, "帧数": 1, "模式": 6, "机帧率": 4, "100": 2, "帧": 4, "85": 1, "75": 1, "63": 1, "畅爽": 1, "硬盘": 2, "一块": 2, "512GB": 1, "PCle*4": 1, "SSD": 1, "高速": 1, "固态": 1, "CrystalDiskMark": 1, "顺序": 1, "读": 1, "写": 1, "3455MB/s": 1, "1994MB/s": 1, "保存": 1, "文件": 1, "稳健": 1, "应对": 1, "早已": 1, "绰绰有余": 1, "效能": 1, "关注": 1, "焦点": 1, "鲨鱼": 1, "鳍风扇": 1, "仿鲨": 1, "鱼鳍": 1, "风扇": 4, "转速": 2, "风量": 2, "18%": 1, "软件": 2, "层面": 1, "滤波": 1, "七": 2, "颗": 1, "温度": 2, "传感器": 1, "实时": 1, "监控": 1, "整机": 1, "平稳": 1, "降低": 1, "噪音": 1, "宽频": 1, "WiFi": 1, "最新": 3, "Intel": 2, "WLAN": 2, "模组": 1, "Wireless-AC": 1, "9560": 1, "MIMO": 1, "MU-MIMO": 1, "160MHz": 1, "频带": 1, "1733": 1, "Mbps": 1, "交互": 3, "颠覆": 1, "方式": 5, "打破": 1, "现有": 1, "不便": 1, "Huawei": 3, "Share": 3, "碰": 5, "传功": 1, "NFC触": 1, "触发": 1, "PC端": 1, "定制": 2, "打通": 1, "突破": 3, "Android": 1, "Windows跨": 1, "短距": 1, "触碰PC": 1, "瞬间": 1, "即可": 4, "office": 1, "文档": 1, "双向": 1, "互传": 1, "30MB/s": 1, "1.3GB": 1, "电影": 1, "用时": 1, "30秒": 1, "极速": 1, "关键": 3, "随身": 1, "携带": 1, "数据线": 1, "免去": 1, "效率": 1, "质": 1, "飞跃": 1, "传录屏": 2, "共享": 2, "剪": 2, "贴板": 2, "指": 2, "摇一摇": 1, "触碰": 1, "标签": 1, "电脑": 1, "动态": 1, "形式": 1, "记录": 1, "录制": 1, "时长": 1, "长": 1, "60": 1, "秒": 1, "额外": 1, "安装": 1, "录屏": 1, "轻松": 1, "靠近": 1, "跨": 1, "复制": 2, "粘贴": 1, "文本": 2, "隔空": 1, "解决": 2, "引用": 1, "NFC": 1, "EMUI": 2, "9.1": 2, "P30": 9, "碰传": 1, "搭档": 1, "二者": 1, "搭配": 1, "完美": 2, "续航": 3, "持久": 1, "有容": 1, "大HUAWEI": 1, "内置": 1, "57.4": 1, "Wh": 1, "容量": 1, "电池": 2, "开发": 1, "省电": 1, "进程": 2, "后台": 1, "闲置": 1, "冻结": 1, "方案": 2, "大数据": 1, "判断": 1, "自动": 1, "资源": 1, "分配": 1, "智能省": 1, "电": 1, "官方": 4, "介绍": 1, "50%": 1, "本地": 1, "1080P": 3, "15": 3, "小时": 13, "/": 2, "10.5": 1, "80%": 4, "消耗": 4, "电量": 1, "11%": 1, "在线": 1, "4%": 1, "Word": 1, "3%": 1, "5%": 1, "4.5": 1, "上网": 1, "10": 1, "充足": 1, "65": 1, "W适": 1, "配器": 1, "兼容": 1, "V/3.25A": 1, "V/3A": 1, "12": 1, "V/2A": 1, "9V/2A": 1, "5V/2A": 1, "多种": 2, "功率": 1, "充电器": 1, "减少": 1, "旅途": 1, "外出": 1, "负担": 1, "宣称": 1, "分钟": 2, "发现": 3, "45%": 1, "充满": 1, "耗时": 1, "首选": 2, "布局": 1, "突破点": 1, "强悍": 1, "侧重": 1, "长续航": 1, "高校": 1, "群体": 1, "全能": 1, "预见": 1, "面市": 1, "目光": 1, "聚焦": 1, "旗舰": 1, "身上": 1, "确实": 3, "国产": 3, "佼佼者": 1, "难以": 1, "价格": 7, "毫无疑问": 2, "贵": 2, "尤其是": 1, "P30Pro": 4, "明明": 1, "OLED": 2, "弃": 2, "不用": 3, "京东方": 9, "AMOLED": 4, "材质": 1, "毕竟": 4, "地位": 1, "控制": 1, "成本": 3, "P30PRO": 1, "越来越": 1, "华为p30": 2, "肯定": 2, "差别": 3, "30Pro": 1, "导致": 1, "相反华": 1, "30": 1, "稍微": 2, "便宜": 1, "用料": 1, "上涨": 1, "实际上": 3, "1080p": 1, "2K": 2, "都会": 1, "符合": 1, "高端": 1, "档次": 1, "P30P": 1, "RO": 1, "FHD": 1, "S10": 1, "级别": 1, "柔性": 1, "差异": 1, "心理": 1, "有意": 2, "加深": 2, "合作": 2, "独大": 1, "牵制": 1, "有人": 2, "Mate20pro上": 1, "卡住": 1, "供货": 1, "解决性": 1, "成就": 1, "互利": 1, "共赢": 1, "出色": 1, "阿里巴巴": 13, "天下": 2, "生意": 3, "马云": 3, "退休": 1, "频繁": 1, "国际": 1, "舞台": 1, "叫卖": 1, "发生": 1, "优秀": 3, "京东": 8, "感受": 1, "纳税": 8, "1": 1, "1日": 1, "阿里": 2, "全年": 1, "蚂蚁金服": 1, "总计": 1, "516亿": 1, "2013年": 1, "连续": 1, "第6": 1, "互联网": 3, "纳税王": 1, "六": 1, "纳税额": 1, "7.3": 1, "算上": 1, "带动": 1, "产业链": 2, "算": 1, "进去": 1, "真的": 1, "活脱脱": 1, "经济体": 1, "说完": 1, "不得不": 1, "提": 1, "记得": 1, "多年": 1, "刘强东": 3, "段": 2, "一万亿": 1, "政府": 2, "创造": 1, "间接": 1, "税收": 2, "五千亿": 1, "700亿": 1, "说法": 1, "忽悠": 1, "懂税": 1, "苏宁": 3, "张近东": 1, "言论": 1, "发出": 1, "感慨": 1, "交税": 1, "社会": 1, "天天": 1, "捧": 1, "从来": 1, "盈利": 1, "卖掉": 1, "财务": 1, "狼性": 1, "狠狠": 1, "干": 1, "架": 1, "近些年": 1, "零售": 5, "时代": 2, "到来": 1, "1100亿": 1, "这家": 1, "1000亿": 1, "美金": 1, "BAT": 1, "近日": 1, "还给": 1, "制定": 1, "不错": 1, "躺": 1, "着数": 1, "摆": 1, "网友们": 1, "看完": 1, "纷纷": 1, "电商": 3, "物流": 1, "尊敬": 1, "道理": 1, "全力": 3, "加大": 3, "甩开": 3, "对此": 1, "总裁": 1, "赵明": 1, "回应": 1, "称": 1, "撸": 3, "袖子": 3, "抓住": 1, "机遇": 1, "满意": 1, "3489亿": 2, "45.1%": 2, "线": 1, "此前": 3, "消息": 2, "2.06亿": 3, "第三": 3, "前不久": 2, "举办": 1, "AWE": 1, "大会": 1, "2019年": 1, "2.5-2.6亿": 2, "接近": 2, "调研": 1, "IDC": 3, "2.92亿": 1, "2.08亿": 1, "分列": 1, "二三": 1, "小米": 3, "1.22亿": 1, "位列": 3, "OPPO": 4, "第四": 2, "C114": 1, "讯": 1, "李明": 1, "坚定": 2, "方向": 2, "埋头苦干": 2, "1.": 3, ".": 7, "4.": 3, "敢于": 2, "产业": 2, "王者": 2, "上位": 2, "条件": 2, "研究": 1, "报告": 2, "14.049亿": 1, "下降": 3, "4.1%": 1, "五": 1, "名": 2, "2.923亿": 1, "20.8%": 1, "8%": 1, "跌破": 1, "三亿": 1, "2.088亿": 1, "14.9%": 1, "3.2%": 1, "勉强": 1, "保住": 1, "14.7%": 1, "大幅": 1, "33.6%": 1, "劣势": 1, "屈居": 1, "1.226亿": 1, "8.7%": 1, "32.2%": 1, "1.131亿": 1, "8.1%": 1, "1.3%": 1, "距离": 1, "8630万": 1, "中高端": 2, "出货": 1, "期望": 1, "下滑": 1, "2.6亿": 1, "预期": 1, "取代": 2, "BG": 2, "年度": 1, "起家": 1, "2940亿": 1, "上一年": 1, "持平": 1, "744亿": 1, "23.8%": 1, "云业务": 1, "云上线": 1, "160": 1, "140": 1, "提高": 1, "48.4%": 1, "贡献": 1, "主力": 1, "创": 1, "新高": 1, "不相伯仲": 1, "自然": 1, "向前": 1, "吹": 3, "牛": 3, "想必": 1, "性格": 1, "直率": 1, "业内外号": 1, "大嘴": 3, "爱": 1, "吹牛": 1, "传闻": 1, "嚷嚷": 1, "老板": 1, "罚": 1, "过款": 1, "事实": 1, "年前": 1, "7": 2, "如果说": 1, "可能性": 1, "难度": 1, "这次": 1, "老余": 1, "还要": 1, "看且": 1, "26日": 1, "巴黎": 1, "新品": 1, "海内外": 1, "天猫": 1, "预购量": 1, "前代": 1, "不止": 1, "带给": 1, "自信": 1, "备货量": 1, "超": 1, "500万": 1, "后续": 1, "提前": 1, "预定": 1, "1600万": 1, "生产量": 1, "终端": 4, "称为": 1, "!": 2, "来源": 2, "@": 2, "公共": 1, "达成": 1, "取笑": 1, "嘴": 1, "大话": 1, "竟然": 1, "一个个": 2, "现实": 1, "2012年": 1, "刚": 1, "起步": 1, "ODM": 1, "白牌": 1, "OEM": 1, "自有": 1, "转型": 1, "低端": 1, "放弃": 1, "赚钱": 1, "超低端": 1, "启用": 1, "四核": 1, "Balong": 1, "5.": 1, "开启": 1, "6": 1, "启动": 1, "Emotion": 1, "UI": 1, "7.": 1, "确立": 1, "硬件": 1, "贯上": 1, "名号": 1, "诚实": 1, "第三方": 1, "几百万": 1, "数字": 1, "板上钉钉": 1}