{"红米K20": 12, "人气": 1, "很": 14, "卖": 3, "骁龙": 2, "855手机": 1, "小编": 2, "身边": 1, "朋友": 1, "华为": 162, "mate20": 14, "换到": 4, "红米k20": 5, "毕竟": 1, "红米k20Pro": 5, "价格": 9, "低": 3, "入手": 2, "难度": 1, "pro到底": 1, "感觉": 5, "谈谈": 1, "真机": 1, "体验": 11, "主力机": 3, "10": 4, "发现": 2, "低估": 3, "实力": 3, "很多": 5, "网友": 7, "直呼": 3, "回": 6, "品牌": 11, "价值": 2, "给力": 1, "综合": 1, "配置": 1, "超前": 1, "红米": 3, "手机": 44, "偏见": 1, "独立": 1, "Redmi": 1, "做工": 1, "细节": 1, "都": 14, "上手": 2, "瞬间": 2, "：": 5, "错怪": 2, "小米": 26, "！": 4, "天后": 1, "科技感": 4, "提升": 3, "定位": 5, "款": 3, "商务": 1, "旗舰机": 4, "中规中矩": 1, "外观": 1, "采用": 1, "实用": 1, "显得": 3, "高大上": 1, "科技": 5, "一点": 2, "年轻人": 2, "喜欢": 1, "设计": 3, "眼前": 1, "亮": 1, "具备": 3, "近乎": 1, "百分百": 1, "屏占": 1, "一个": 12, "三星": 4, "AMOLED": 1, "屏幕": 4, "指纹": 2, "识别": 3, "测试": 1, "精度": 1, "媲美": 1, "传统": 5, "视觉": 1, "佳": 1, "4000": 1, "毫安": 1, "电池": 1, "配备": 1, "27": 2, "瓦": 1, "超级": 2, "快充": 2, "效率": 1, "给到": 1, "9": 1, "续航": 1, "对比": 1, "逊色": 1, "基于": 2, "855": 1, "平台": 1, "打造": 3, "7纳米": 1, "台积电": 1, "工艺": 1, "制程": 1, "性能": 1, "提供": 5, "128GB": 1, "基础": 1, "存储": 2, "容量": 1, "安装": 1, "游戏": 1, "需求": 1, "值得一提": 1, "拥有": 1, "智能化": 2, "程度": 2, "小爱": 2, "同学": 3, "人工": 1, "语音": 2, "助手": 1, "用户": 6, "乐趣": 1, "爱": 1, "MIUI": 1, "系统": 8, "杀手锏": 1, "忠诚度": 1, "人性化": 1, "驾车": 1, "聊天": 1, "自言自语": 1, "这是": 2, "潜在": 2, "功能": 2, "简直": 2, "如虎添翼": 1, "pro比华": 1, "花": 2, "三四千": 1, "块钱": 2, "买": 4, "台": 8, "如今": 5, "一半": 1, "的确": 1, "包括": 2, "遗憾": 1, "形象": 1, "低端": 1, "高端": 1, "选择": 4, "一部分": 1, "Pro": 3, "硬气": 2, "底气": 1, "想当年": 1, "当家": 1, "吹捧": 1, "iPhone": 2, "小兵": 1, "不在乎": 1, "面子": 1, "真实": 1, "感受": 1, "有人": 2, "直言不讳": 1, "太": 2, "多年": 2, "这次": 1, "真的": 3, "声明": 1, "图片": 2, "源于": 1, "网络": 5, "侵权": 1, "请": 1, "作者": 1, "删除": 1, "7月": 2, "19日": 1, "最新": 2, "消息": 5, "全球": 12, "第二": 4, "代工厂": 7, "伟创力": 62, "拒": 4, "归还": 5, "设备": 11, "物料": 11, "剔除": 5, "供应链": 6, "体系": 3, "此前": 3, "关系": 2, "2018年": 8, "供应商": 6, "大会": 5, "2000": 1, "脱颖而出": 1, "92": 2, "核心": 3, "位于": 1, "长沙": 9, "望城": 1, "经济": 1, "开发区": 1, "工厂": 13, "产能": 1, "面向": 1, "主营": 1, "组装": 2, "业务": 22, "公开": 1, "资料": 1, "显示": 4, "著名": 1, "电子": 3, "专业": 1, "制造": 4, "服务": 2, "(": 1, "Electronic": 1, "Manufacturing": 1, "Service": 1, "EMS": 2, ")": 1, "富士康": 5, "1969年": 1, "美国": 26, "硅谷": 1, "成立": 4, "终端": 5, "产品": 14, "代工": 16, "客户": 4, "三分之一": 3, "这家": 3, "企业": 13, "生产": 9, "彭博社": 1, "统计": 1, "披露": 1, "信息": 2, "支付": 1, "订单": 8, "高达": 2, "25亿": 3, "美元": 10, "熟悉": 1, "合作": 10, "人士": 3, "透露": 5, "5月": 2, "15日": 2, "发布": 5, "禁售": 1, "纳入": 3, "实体": 3, "清单": 3, "做出": 1, "20日": 1, "马上": 1, "停止": 6, "拒绝": 3, "发货": 2, "所有权": 1, "当天": 1, "晚上": 1, "派": 1, "150": 2, "辆": 2, "卡车": 3, "取回": 1, "P30": 3, "系列": 6, "配件": 1, "浩浩荡荡": 1, "车队": 2, "排": 2, "内外": 1, "场面": 1, "震撼": 1, "业内": 2, "模式": 1, "结束": 1, "权利派": 1, "用于": 3, "原材料": 1, "遍布": 1, "全世界": 1, "中国": 19, "地区": 2, "超过": 1, "30": 1, "员工": 7, "随后": 1, "PCBA": 1, "South": 1, "Campus": 1, "HW": 1, "项目": 4, "放假": 2, "通知": 3, "遵守": 1, "贸易": 1, "法则": 1, "放": 1, "等待": 1, "工作": 3, "安排": 2, "部门": 2, "连续": 3, "8": 3, "保障": 2, "持续": 1, "比亚迪": 19, "接盘": 1, "赶超": 2, "实际上": 5, "众多": 3, "暗度陈仓": 1, "游说": 1, "抗议": 1, "应对": 2, "尤为": 1, "突兀": 1, "承包": 1, "十大": 1, "挣取": 1, "最多": 1, "收入": 6, "排行榜": 1, "第一": 5, "名": 2, "发展": 5, "重创": 2, "产量": 2, "影响": 8, "运转": 1, "处境": 1, "尴尬": 1, "崛起": 3, "巨头": 4, "稍": 1, "不慎": 1, "地位": 1, "之间": 2, "差距": 1, "无疑": 4, "越来越": 1, "接手": 2, "期": 5, "招聘": 1, "市政府": 2, "牵头": 1, "引进": 1, "内部": 2, "最终": 2, "定论": 1, "想法": 1, "撤离": 1, "未": 3, "作出": 3, "顺利": 1, "拿下": 2, "这笔": 1, "超越": 3, "由此看来": 1, "背后": 2, "捅": 1, "刀": 1, "咎由自取": 2, "按需": 1, "调整": 2, "反击": 2, "美": 2, "子公司": 3, "大规模": 4, "裁员": 7, "时间": 3, "推移": 1, "B": 2, "计划": 6, "处于": 3, "不卑不亢": 1, "状态": 2, "围堵": 2, "带来": 5, "弱化": 1, "不满": 1, "日前": 1, "受不了": 1, "解除": 4, "依旧": 1, "表现": 2, "淡定": 1, "禁令": 5, "危机": 2, "克服": 1, "拦路虎": 1, "回击": 1, "华尔街": 1, "日报": 1, "14日": 1, "报道": 2, "此次": 1, "研发": 13, "Futurewei": 1, "Technologies": 1, "1500": 1, "负责": 1, "偏远": 1, "农村": 1, "出售": 1, "通信": 1, "FutureweiTechnologies": 2, "华盛顿州": 1, "、": 27, "加利福尼亚州": 1, "得克萨斯州": 1, "设立": 2, "研究": 1, "实验室": 1, "人数": 1, "850": 1, "人员": 1, "规模": 2, "收到": 1, "公司": 7, "国内": 5, "路透社": 1, "意大利": 2, "分公司": 1, "首席": 1, "执行官": 1, "缪": 1, "晓阳": 1, "米兰": 1, "活动": 1, "证实": 1, "1000": 2, "缪晓阳": 2, "说到": 1, "8月份": 1, "依然": 2, "黑名单": 1, "保证": 3, "零部件": 1, "供应": 1, "未来": 3, "3": 1, "投资": 1, "31亿": 1, "新增": 1, "岗位": 1, "释放": 1, "信号": 2, "——": 2, "事件": 2, "刚": 1, "厚实": 1, "能力": 1, "抗住": 1, "压力": 2, "困境": 2, "渐渐": 1, "好转": 1, "节奏": 1, "或许": 4, "不少": 1, "舒适": 1, "侵删": 1, "5G": 8, "技术": 10, "领先": 1, "害怕": 1, "通讯": 1, "垄断": 2, "列入": 2, "实体名单": 1, "出口": 1, "管制": 1, "断供": 5, "纷纷": 3, "响应": 2, "陆续": 1, "前期": 2, "好在": 2, "任正非": 2, "做好": 1, "突发": 1, "情况": 2, "预案": 1, "备胎": 1, "曝光": 2, "降到": 1, "最低": 1, "期间": 3, "一家": 1, "趁火打劫": 2, "引火烧身": 1, "一度": 2, "厂房": 4, "卖给": 2, "竞争": 6, "对手": 2, "外设": 1, "厂商": 5, "扶持": 2, "资金": 1, "优惠": 1, "成功": 5, "建成": 1, "不知": 2, "恩图报": 1, "心怀": 1, "不轨": 1, "寒心": 1, "工业": 1, "园区": 1, "1月份": 1, "创立": 1, "经营": 1, "公布": 3, "终止": 1, "这样一来": 1, "基本上": 2, "来源": 5, "财新网": 1, "相关": 2, "支撑": 2, "远": 1, "不止": 1, "伤痛": 1, "本来": 1, "想": 4, "投入": 6, "50亿": 1, "元": 6, "巨资": 1, "规划": 3, "件": 2, "事情": 1, "导致": 2, "泡汤": 1, "有限": 2, "正式": 2, "建立": 4, "建厂": 1, "地址": 2, "被迫": 1, "耍": 1, "流氓": 1, "秉性": 1, "借机": 1, "背信弃义": 1, "决然": 1, "当中": 1, "一手": 1, "手中": 1, "分得": 2, "杯": 2, "羹": 2, "估计": 1, "进军": 3, "电视": 55, "终于": 1, "尘埃落定": 1, "旗下": 1, "荣耀": 18, "8月": 3, "上旬": 3, "推出": 6, "智慧": 7, "屏": 4, "总裁": 3, "赵明": 7, "都会": 2, "品类": 7, "亮相": 2, "外界": 1, "难": 3, "超出": 1, "范畴": 1, "命名": 2, "正面": 2, "冲突": 1, "尝试": 1, "开辟": 1, "增长": 6, "空间": 2, "意图": 1, "企业们": 5, "心情": 1, "入局": 7, "原有": 1, "市场": 14, "份额": 1, "拱手相让": 1, "期待": 2, "行业": 16, "价格战": 3, "玩法": 1, "瓶颈": 1, "1958年": 1, "我国": 2, "电视机": 3, "试制": 1, "30年": 1, "1987年": 1, "日本": 1, "世界": 2, "生产国": 1, "1989年": 1, "长虹": 1, "降低": 1, "350": 1, "打响": 1, "产业": 2, "寻常": 1, "百姓家": 1, "更进一步": 1, "回顾": 1, "历史": 1, "挥之不去": 1, "阴影": 1, "优势": 2, "国产": 5, "以往": 1, "国际": 1, "占据": 1, "主导": 1, "后遗症": 1, "陷入": 1, "大面积": 1, "亏损": 1, "家电": 3, "下乡": 1, "智能": 19, "波": 2, "带动": 1, "2016年": 1, "销量": 2, "首次": 3, "突破": 1, "5000万": 1, "很快": 2, "迎来": 3, "2017年": 2, "低迷": 1, "怡康": 1, "推总": 1, "数据": 4, "2019年": 6, "1-5月": 2, "彩电": 2, "零售量": 2, "同比": 7, "下降": 7, "4.2%": 1, "零售额": 2, "13.6%": 1, "累计": 1, "均价": 1, "2986": 1, "3000": 1, "；": 9, "奥维云网": 1, "预计": 1, "全年": 2, "4696万": 1, "1.6%": 1, "1369亿": 1, "8.1%": 1, "相类": 1, "平均": 2, "换机": 2, "周期": 2, "18": 1, "延长": 1, "相比": 2, "长": 1, "增量": 1, "更为": 1, "平板": 3, "抢占": 1, "时长": 1, "频次": 1, "日均": 1, "开机率": 1, "三年": 1, "70%": 1, "30%": 1, "40": 1, "岁": 1, "消费者": 7, "收看": 1, "主流": 1, "人群": 1, "诟病": 1, "创新": 3, "一加": 2, "CEO": 1, "刘作虎": 1, "生活": 4, "四": 1, "互联网": 3, "场景": 7, "家庭": 8, "车载": 1, "办公": 1, "初级": 1, "阶段": 2, "缺乏": 1, "无缝": 1, "对接": 1, "才": 4, "投入比": 1, "想象": 2, "还要": 1, "单型号": 1, "开启": 2, "商用": 1, "序幕": 1, "IoT": 8, "爆发": 1, "之际": 1, "家居": 1, "轮": 2, "机遇": 1, "业绩": 1, "现状": 1, "面临": 2, "信通院": 1, "出货量": 4, "2017": 1, "下滑": 2, "上半年": 1, "1.78亿": 1, "4.3%": 1, "厂商们": 1, "铺设": 1, "状况": 1, "仍旧": 2, "初期": 1, "起步": 1, "明年": 1, "后年": 1, "普及": 1, "形势": 1, "严峻": 1, "年报": 2, "运营商": 2, "销售": 2, "2940亿": 1, "1.3%": 1, "总收入": 1, "占比": 1, "48.4%": 1, "寻求": 1, "增长点": 2, "6月": 1, "刚刚": 1, "汽车": 3, "解决": 2, "方案": 4, "BU": 1, "希望": 3, "升级": 1, "加大": 2, "发布会": 1, "誓师": 1, "讲话": 1, "2023年": 2, "1500亿": 2, "目标": 6, "集团": 2, "2500-3000亿": 1, "余承东": 2, "坦言": 1, "每次": 1, "提": 1, "跳": 1, "定下": 2, "发货量": 1, "2.5亿": 1, "2020年": 1, "3亿": 1, "500亿": 1, "创造": 3, "提出": 1, "1+8+N": 1, "战略": 3, "MWC": 1, "产品线": 1, "何刚": 1, "时代": 1, "值得": 1, "环": 1, "PC": 2, "发力": 1, "何去何从": 1, "免不了": 1, "警惕": 1, "巧合": 1, "有意": 1, "智慧屏": 8, "前夕": 1, "海信": 2, "号称": 1, "叠屏": 1, "携手": 1, "TCL": 6, "SCBC": 2, "周年": 1, "庆典": 1, "称": 3, "年间": 1, "700万": 1, "颇": 1, "秀": 1, "肌肉": 1, "味道": 1, "乐视": 1, "早已": 1, "转型": 2, "路": 1, "2013年": 1, "站稳": 1, "脚跟": 1, "创维": 3, "酷开": 1, "TV": 1, "康佳": 3, "KKTV": 1, "VIDAA": 1, "雷鸟": 1, "大潮": 1, "面前": 1, "变革": 1, "描述": 2, "中心": 8, "情感": 1, "影音": 1, "娱乐": 1, "共享": 1, "控制": 5, "管理": 1, "交互": 2, "音箱": 2, "热潮": 1, "达成": 1, "共识": 1, "有望": 1, "一家人": 1, "旁边": 1, "情景": 1, "适合": 1, "思路": 1, "今年初": 1, "业务群": 1, "AI×IoT": 1, "架构": 1, "群": 1, "全屋": 1, "生态": 5, "泛智能": 1, "延续": 2, "联席": 1, "副总裁": 1, "常东": 1, "AWE": 1, "围绕": 1, "AI": 1, "8K": 1, "多维度": 1, "纵向": 1, "布局": 2, "意味着": 1, "不仅仅": 1, "入口": 1, "较量": 1, "利益": 1, "从来": 2, "阵营": 1, "不乏": 1, "借鉴": 1, "海思": 1, "芯片": 8, "软件": 4, "目的": 1, "红海": 1, "杀": 1, "血海": 1, "焕发": 1, "生机": 1, "整机": 1, "赋能": 1, "高管": 2, "朋友圈": 1, "评论": 1, "低价": 1, "搅局者": 1, "破坏者": 1, "势必": 1, "正向": 1, "激活": 1, "良性": 1, "方向": 1, "张开": 1, "双臂": 1, "优质": 1, "鲶鱼": 1, "说道": 1, "对决": 1, "分析": 2, "头号": 1, "确实": 1, "单季度": 1, "电视部": 1, "总经理": 1, "李肖爽": 1, "初": 1, "冲击": 1, "加快": 1, "印度": 1, "俄罗斯": 1, "海外": 2, "扩张": 1, "步伐": 1, "试图": 1, "复制": 1, "经验": 1, "性价比": 2, "策略": 2, "借助": 1, "在线": 1, "渠道": 1, "线下": 1, "门店": 1, "薄利多销": 1, "爆款": 1, "路线": 2, "本身": 1, "积累": 1, "自研": 2, "鸿蒙": 4, "一大": 2, "看点": 1, "荣耀官": 1, "宣智": 1, "慧屏": 1, "举办": 1, "开发者": 4, "传闻": 1, "大概率": 1, "届时": 2, "搭载": 1, "卖点": 1, "制定": 1, "耀星": 1, "激励": 1, "优秀": 1, "上架": 1, "参与": 1, "分成": 1, "100%": 1, "门槛": 1, "触角": 1, "延伸": 1, "洗衣机": 1, "空调": 1, "领域": 3, "AIoT": 1, "电器": 1, "远场": 1, "初见雏形": 1, "再次": 1, "逆袭": 1, "未知数": 1, "预见": 1, "狭路相逢": 1, "新浪": 1, "美企": 2, "态度": 2, "通断": 1, "供": 1, "谷歌": 2, "未雨绸缪": 1, "研制": 1, "恐怕": 1, "卡": 1, "脖子": 1, "第三": 1, "停掉": 1, "生产线": 2, "派出": 1, "前往": 1, "珠海": 2, "门口": 1, "6": 1, "公里": 1, "止伟": 1, "创力": 1, "当地": 1, "介入": 1, "恢复": 2, "放松": 1, "高通": 1, "想方设法": 1, "绕": 1, "供货": 1, "示好": 1, "计": 1, "前嫌": 1, "安卓": 1, "握手言和": 1, "原谅": 1, "踢出": 1, "到底": 2, "愤怒": 1, "嘴": 1, "反复": 1, "无常": 1, "承诺": 1, "条件": 3, "答应": 1, "先是": 1, "落井下石": 2, "谈": 2, "得寸进尺": 1, "怪不得": 1, "容忍": 1, "近年来": 1, "十分之一": 1, "营收": 2, "来自于": 1, "相当于": 1, "损失": 1, "170亿": 1, "人民币": 2, "配合": 2, "关闭": 3, "遭受": 1, "只不过": 1, "筹划": 1, "将来": 1, "对外": 1, "承接": 1, "记": 1, "重击": 1, "任性": 1, "害苦": 1, "间接": 1, "促成": 1, "印象": 1, "造车": 1, "身份": 1, "停工": 1, "接下": 2, "400亿": 1, "势头": 1, "强劲": 1, "加上": 1, "原本": 1, "想必": 2, "数字": 1, "庞大": 1, "力挺": 1, "口碑": 1, "找到": 1, "立足之地": 1, "踢出局": 1, "凉凉": 1, "危急": 1, "关头": 1, "鼎力": 1, "相助": 1, "加速": 1, "见证": 1, "结局": 1, "慎重": 1, "领军": 1, "人物": 1, "有目共睹": 1, "P系列": 4, "Mate": 5, "苹果": 7, "抗衡": 1, "不通": 1, "贵": 6, "买单": 1, "钱": 1, "早就": 1, "成本": 15, "指": 1, "硬件": 3, "货真价实": 1, "外媒": 1, "详细": 1, "拆解": 1, "预测": 1, "元器件": 1, "块": 1, "BOE": 1, "OLED": 2, "大概": 1, "84": 1, "内存": 1, "麒麟": 2, "980": 1, "闪存": 1, "2500": 1, "值得一提的是": 1, "Pro用": 1, "一块": 1, "2K": 1, "级别": 1, "曲": 1, "面屏": 1, "前置": 1, "3D": 1, "结构": 1, "光模组": 1, "猜测": 1, "英特尔": 1, "处理器": 1, "堆": 1, "沙子": 1, "摊到": 1, "售价": 3, "才能": 1, "收回": 1, "利润": 1, "下一代": 1, "同理": 1, "高科技": 1, "花费": 1, "人力": 1, "物力": 1, "去年华": 1, "旗舰": 2, "机型": 1, "外包": 1, "顶级": 1, "少之": 1, "费用": 1, "大于": 1, "一亿": 1, "强大": 1, "GPU": 1, "Turbo": 1, "蓝牙": 1, "忘": 1, "标的": 1, "过万": 1, "敏感": 1, "追求": 1, "品质": 1, "竞争力": 1, "站到": 1, "顶峰": 1, "高昂": 1, "优化": 1, "流畅": 1, "运行": 1, "Mate9": 1, "至今": 1, "卡顿": 1, "拍照": 1, "水平": 1, "顶尖": 1, "碾压": 1, "价位": 1}