{"参考": 1, "消息网": 1, "8月": 2, "5日": 1, "报道": 6, "日本": 2, "媒体": 2, "称": 4, "美国": 18, "高通": 10, "7月": 3, "31日": 2, "发布": 3, "业绩": 2, "预期": 2, "2019年": 2, "9月": 2, "营业": 2, "收入": 3, "上年": 2, "同期": 1, "最多": 1, "下降": 2, "26％": 2, "中国": 3, "智能": 8, "手机": 27, "半导体": 3, "销量": 4, "减少": 4, "自主": 2, "生产": 1, "华为": 76, "公司": 18, "市场": 8, "份额": 4, "面临": 2, "压力": 2, "加大": 1, "经济": 1, "新闻": 1, "网站": 2, "2日": 1, "重心": 1, "转向": 1, "提高": 1, "电话会": 1, "首席": 2, "执行官": 1, "史蒂夫·莫伦科夫": 1, "列举": 1, "名字": 1, "苹果": 3, "解金": 1, "、": 23, "增长": 3, "73％": 1, "96.35亿": 1, "美元": 6, "1": 1, "6.9": 1, "元": 2, "人民币": 1, "4": 2, "6月": 3, "对照": 1, "7": 1, "12": 1, "～": 2, "43亿": 1, "51亿": 1, "莫伦科夫": 1, "担心": 1, "逆风": 1, "转化": 1, "动力": 1, "发展": 8, "华": 1, "业务": 6, "旗下": 2, "拥有": 1, "半导体子": 1, "海思": 1, "芯片": 4, "自产化": 3, "国际": 2, "数据": 3, "统计": 1, "供货量": 2, "创出": 1, "历史": 1, "新高": 1, "全球": 4, "第二": 2, "5月": 2, "判": 1, "违反": 1, "反垄断法": 1, "圣何塞": 1, "联邦": 2, "地方法院": 1, "法官": 1, "指出": 3, "滥用": 1, "用于": 1, "通信": 3, "调制解调器": 2, "竞争力": 2, "违规": 1, "收取": 1, "知识": 1, "产权": 1, "使用费": 1, "控制": 1, "产业": 2, "程度": 2, "略见一斑": 1, "215亿": 1, "规模": 1, "存在感": 1, "调查": 2, "——": 1, "战略": 1, "分析": 1, "显示": 1, "2014年": 2, "占": 1, "66％": 1, "2018年": 2, "降": 1, "49％": 1, "原因": 4, "品牌": 6, "都": 11, "加快": 1, "IDC": 1, "预测": 1, "2％": 1, "连续": 1, "3": 1, "成熟": 1, "业内": 1, "企业": 1, "尽可能": 1, "拿回": 1, "此前": 2, "流向": 1, "外部": 1, "价值": 1, "管理层": 1, "重申": 1, "5G": 7, "领域": 4, "领跑": 1, "客户": 2, "导致": 1, "商机": 1, "消失": 1, "风险": 5, "现实": 1, "资料": 1, "图片": 2, "新华社": 2, "当今": 1, "华人": 1, "商界": 2, "影响力": 2, "企业家": 1, "李嘉诚": 23, "一举一动": 1, "外界": 2, "关注": 1, "十几": 1, "岁": 2, "涉足": 1, "商场": 1, "如今": 3, "九十": 1, "高龄": 1, "纵横": 1, "七十余": 1, "始终": 1, "屹立": 1, "倒": 2, "很多": 6, "视为": 1, "神明": 1, "投资": 7, "方向": 3, "招来": 1, "争议": 1, "传言": 1, "跑": 1, "2013年": 1, "抛售": 3, "内地": 4, "香港": 4, "核心": 1, "资产": 3, "包括": 2, "上海": 1, "东方": 1, "汇金": 1, "广场": 1, "南京": 1, "金融": 2, "中心": 2, "大厦": 2, "陆家嘴": 1, "世纪": 1, "汇": 1, "电讯": 3, "众多": 2, "辟谣": 1, "太": 3, "效果": 1, "实际上": 1, "选择": 2, "理念": 1, "商人": 1, "宗旨": 1, "盈利": 1, "大举": 1, "欧洲": 8, "地区": 1, "财产": 1, "损失": 1, "带来": 1, "客观": 1, "利益": 1, "物业": 1, "唱衰": 1, "国内": 5, "房地产": 3, "事实上": 2, "行业": 2, "依旧": 2, "稳定": 1, "只不过": 1, "负债率": 3, "万达": 2, "集团": 2, "摆脱": 1, "高负债": 2, "地产": 2, "一哥": 1, "恒大": 1, "惊人": 1, "常态": 1, "地产商": 1, "负债": 3, "谨慎": 1, "现金": 1, "做生意": 1, "以此": 1, "规避": 1, "发生": 1, "债务": 1, "一个": 4, "很": 5, "例子": 1, "谨小慎微": 1, "长和系": 1, "整体": 2, "1.3%": 1, "相当于": 1, "才": 2, "项目": 1, "避之不及": 1, "理所当然": 1, "事情": 1, "拿到": 1, "国": 2, "订单": 5, "路人": 1, "转粉": 1, "顺水人情": 2, "究竟": 1, "众所周知": 1, "能源": 1, "电力": 1, "基建": 1, "港口": 1, "水利": 1, "通讯": 5, "向来": 1, "中意": 1, "重点": 1, "斥资": 1, "2.25亿": 1, "英镑": 1, "拍下": 1, "英国": 3, "4G": 1, "牌照": 1, "随后": 1, "收购": 1, "爱尔兰": 1, "电信": 4, "运营商": 2, "O2": 1, "意大利": 1, "Wind": 1, "Tre": 1, "构建": 1, "贯穿": 1, "帝国": 1, "原本": 1, "举手之劳": 1, "之间": 1, "颇": 1, "渊源": 1, "早": 2, "上世纪": 1, "九十年代": 1, "和记": 2, "刚刚": 1, "成立": 1, "这家": 1, "提供": 3, "技术": 2, "支持": 2, "初期": 1, "给予": 1, "困难": 1, "鼎力": 1, "相助": 1, "子公司": 1, "10亿": 1, "牵线": 1, "成功": 4, "拿下": 1, "国家": 4, "简单": 1, "投桃报李": 1, "报答": 1, "当年": 1, "想必": 2, "段": 3, "时间": 5, "耳闻": 1, "铺天盖地": 1, "毕竟": 1, "逆袭": 1, "三星": 4, "冲击": 2, "国人": 1, "感到": 1, "振奋": 1, "人心": 1, "董事长": 2, "梁华": 2, "公开": 3, "出货量": 2, "成绩": 2, "累计": 2, "突破": 1, "1.1亿": 1, "台": 3, "正式": 1, "超过": 3, "iPhone": 4, "承受": 1, "美方": 4, "打压": 1, "情况": 3, "营收": 4, "步步为营": 1, "4000多亿": 1, "欣欣向荣": 1, "抵制": 1, "自我": 1, "超越": 1, "来之不易": 1, "狼性": 1, "文化": 1, "毅力": 1, "韧性": 1, "！": 5, "倒翁": 1, "三大": 1, "主营": 1, "传来": 1, "捷报": 1, "消费者": 3, "笔记本": 1, "手环": 1, "一度": 2, "畅销": 2, "P20": 7, "mate20": 1, "炙手可热": 1, "说到": 1, "最为": 1, "款": 3, "旧": 1, "旗舰": 1, "华为p20": 7, "系列": 12, "余承东": 2, "口径": 1, "1700万": 2, "国产": 2, "高端": 7, "霸主": 1, "记录": 1, "后续": 1, "打破": 1, "小米": 2, "OPPO": 1, "难": 2, "高度": 1, "越来越": 1, "归根到底": 1, "三": 2, "口碑": 5, "提升": 1, "掀": 1, "国货": 1, "浪潮": 1, "iPhon手机e": 1, "sho'j": 1, "设计感": 1, "过于": 1, "保守": 1, "中庸": 2, "设计": 5, "超高": 1, "价格": 5, "制约": 1, "网友": 2, "入手": 1, "门槛": 1, "倒是": 1, "拿出": 1, "诚意": 1, "创新": 1, "性价比": 3, "机型": 1, "重围": 1, "逆转": 1, "第一": 1, "建立": 1, "正是": 1, "卖": 1, "本身": 1, "具备": 2, "出色": 4, "拍照": 7, "能力": 3, "霸榜": 1, "DXOmark": 1, "排名": 1, "将近": 1, "依然": 1, "领先": 2, "世界": 1, "第三": 1, "自打": 1, "打开": 1, "大门": 1, "友商": 1, "纷纷": 2, "跟进": 1, "推出": 2, "双摄": 1, "摄": 2, "四": 1, "威慑力": 1, "相机": 1, "算法": 1, "一路": 1, "引领": 1, "潮流": 1, "不愧": 1, "大作": 1, "从此以后": 1, "标签": 1, "卖点": 1, "外观": 3, "新潮": 1, "独具": 1, "魅力": 1, "采用": 1, "渐变": 1, "色": 1, "机身": 1, "首次": 1, "尝试": 1, "最终": 2, "模仿": 1, "大获全胜": 1, "iPhone8": 1, "7手机": 1, "优势": 1, "体现": 1, "完美": 1, "屏幕": 1, "素质": 1, "优秀": 1, "做工": 1, "低于": 1, "iPhoneX": 1, "低": 1, "一半": 1, "收获": 1, "实至名归": 1, "超": 1, "竖起": 1, "大拇指": 1, "再见": 1, "一代": 1, "机皇": 1, "声明": 1, "：": 2, "未经": 2, "许可": 1, "禁止": 2, "转载": 2, "平台": 1, "推哥": 1, "原创": 1, "源于": 1, "网络": 7, "侵权": 1, "请": 1, "作者": 1, "删除": 1, "文": 1, "/": 1, "观察者": 3, "网": 3, "谷智轩": 1, "舌战": 1, "美媒": 1, "走红": 1, "外籍": 1, "高管": 1, "安迪珀迪": 1, "Andy": 1, "Purdy": 1, "站": 1, "打脸": 1, "接受": 2, "彭博社": 4, "采访": 1, "澳大利亚": 2, "喊话": 2, "禁华": 1, "禁": 2, "长点": 1, "系统": 2, "国是": 1, "唯二": 1, "参与": 1, "当地": 1, "建设": 2, "安全官": 1, "珀迪": 9, "担任": 1, "检察官": 1, "国土": 1, "安全部": 1, "效力": 1, "政府": 4, "工作": 1, "经验": 1, "深谙": 1, "指控": 1, "漏洞": 2, "面对": 1, "逼问": 2, "时面": 1, "改色": 1, "逐个": 1, "击破": 1, "视频": 2, "截图": 2, "上周四": 1, "1日": 1, "纽约": 1, "非营利": 1, "组织": 1, "华美": 1, "协进社": 1, "China": 1, "Institute": 1, "参加": 1, "场": 1, "小组": 1, "讨论": 2, "主题": 1, "美": 1, "竞争": 2, "当天": 2, "谈及": 1, "特朗普": 2, "禁令": 1, "影响": 2, "肯定": 1, "110亿": 1, "40": 1, "农村": 2, "数万": 1, "名": 1, "居民": 1, "受惠于": 1, "设备": 3, "被迫": 1, "放弃": 1, "说服": 2, "盟友": 2, "合作": 1, "理由": 1, "后门": 3, "泄露": 1, "对此": 1, "提出": 1, "现象": 1, "华盛顿": 1, "施加": 1, "后者": 1, "证据": 2, "证明": 1, "不当": 2, "主播": 4, "雪": 1, "瑞安": 1, "Shery": 1, "Ahn": 1, "专访": 1, "期间": 1, "问道": 1, "信任": 1, "回答": 1, "方法": 2, "措施": 3, "产品": 6, "员工": 1, "保险": 1, "透明度": 1, "老实": 1, "18": 1, "针对": 1, "发起": 1, "‘": 1, "全球性": 1, "运动": 1, "’": 1, "惊讶": 1, "发现": 3, "亲密": 1, "反击": 1, "德国": 1, "收到": 1, "寻求": 1, "降低": 1, "专家": 1, "呼吁": 1, "进一步": 1, "实在": 1, "禁好": 1, "保障": 1, "透露": 1, "接下来": 1, "5": 1, "年中": 1, "投入": 1, "20亿": 1, "改善": 1, "软件": 1, "工程": 1, "流程": 1, "应对": 1, "半年": 2, "大增": 1, "23%": 2, "迎战": 1, "福克斯": 1, "商业": 1, "频道": 1, "FOX": 1, "Business": 1, "玛丽亚": 1, "巴蒂罗姆": 1, "Maria": 1, "Bartiromo": 1, "留": 1, "消息": 1, "乌龙": 1, "事件": 1, "反倒": 2, "供应商": 3, "思科": 1, "Cisco": 1, "一两": 1, "之中": 1, "8": 1, "10": 1, "直言": 1, "乐意": 1, "安排": 1, "对话": 1, "访问": 1, "上半年": 1, "极限": 1, "施压": 1, "升级": 1, "并未": 1, "高速": 1, "英特尔": 1, "AMD": 1, "众": 1, "遭遇": 1, "全线": 1, "下跌": 1, "上月底": 1, "说明会": 1, "迄今为止": 1, "停产": 1, "中断": 1, "发货": 1, "16日": 1, "列入": 1, "实体": 1, "清单": 1, "至今": 1, "签订": 1, "11": 1, "份": 4, "合同": 1, "总数": 1, "50": 1, "诺基亚": 1, "43": 1, "爱立信": 1, "23": 1, "本文": 1, "独家": 1, "稿件": 1, "授权": 1, "买": 12, "买贵": 1, "便宜": 2, "荣耀": 12, "这几年": 1, "眼里": 1, "强势": 1, "子品牌": 1, "不仅仅": 1, "改变": 1, "喜欢": 1, "丰收": 1, "极光": 1, "大数据": 1, "报告": 1, "占有率": 2, "20％": 1, "高达": 1, "9.5％": 1, "有人": 1, "纠结": 1, "到底": 1, "都会": 1, "钱": 2, "中低端": 3, "残酷": 1, "逼迫": 1, "厂商": 1, "利润": 1, "不少": 1, "产品线": 1, "售价": 1, "4000多": 1, "Magic2": 1, "Nova": 2, "网上": 1, "中间商": 1, "差价": 1, "尽快": 1, "主攻线": 2, "渠道": 1, "就要": 1, "偏向": 1, "线": 1, "主打": 1, "特色": 1, "买到": 1, "不俗": 1, "硬件": 1, "二者": 1, "区别": 1, "明白": 1, "想": 1, "留言": 1, "告诉": 1, "小编": 1}