{"国内": 7, "出货量": 3, "、": 117, "知名度": 1, "手机": 87, "品牌": 46, "华为": 246, "陪跑": 1, "三星": 7, "苹果": 6, "终于": 2, "挺起": 1, "腰杆": 1, "拿到": 1, "第一": 8, "成绩": 1, "全球": 17, "市场": 36, "缩小": 3, "差距": 3, "调研": 2, "机构": 3, "数据": 5, "显示": 13, "2019年": 3, "份额": 8, "5%": 1, "预计": 3, "明后年": 1, "进一步": 2, "崛起": 2, "不争": 1, "事实": 2, "魅族": 1, "红米": 3, "性价比": 6, "很": 12, "偏偏": 2, "挑": 1, "牌子": 1, "买": 9, "友情": 2, "提醒": 2, "懂行": 2, "建议": 7, "四": 3, "款": 22, "1": 1, "nova4nova": 1, "系列": 10, "饱受": 1, "好评": 1, "设计": 18, "语言": 2, "偏于": 1, "年轻": 1, "时尚感": 1, "色彩": 1, "颜值": 2, "走": 1, "台": 3, "nova4": 3, "例外": 1, "算是": 2, "历代": 1, "失败": 1, "旧": 2, "nova": 1, "8GB": 3, "+": 8, "128GB": 2, "版本": 2, "依然": 6, "1899": 1, "元": 15, "综合": 4, "配置": 9, "廉价": 1, "nova5z": 3, "相机": 1, "后置": 8, "2000万三": 1, "摄": 6, "镜头": 3, "情况": 2, "拍摄": 7, "实力": 10, "4800万四": 1, "麒麟": 4, "970": 1, "处理器": 13, "AI": 3, "远": 2, "麒麟810": 2, "加上": 1, "采用": 11, "后盖": 2, "指纹": 4, "解锁": 3, "美": 2, "观度": 1, "的确": 1, "欠缺": 1, "入手": 12, "！": 8, "麦芒": 2, "8": 1, "懂": 1, "朋友": 1, "都": 23, "圈内人": 1, "敬而远之": 1, "一个": 11, "产品": 17, "鲜少": 1, "在线": 1, "宣传": 1, "麦芒8": 2, "本身": 1, "主打": 1, "线下": 3, "真的": 2, "对不住": 1, "价格": 15, "2400万三": 1, "加持": 1, "拍照": 5, "1200万": 2, "iPhoneXR": 1, "千元机": 4, "麒麟710": 1, "性能": 10, "骁龙": 5, "765G": 1, "外观": 2, "识别": 2, "正面": 1, "千篇一律": 1, "珍珠屏": 1, "整体": 3, "1599": 1, "虚高": 1, "恭维": 1, "3": 4, "P30": 3, "卖": 1, "旗舰机": 4, "销量": 6, "上手": 4, "价位": 3, "偏贵": 1, "消费者": 10, "三千多": 1, "买到": 1, "出色": 4, "模": 1, "5G": 72, "几百": 1, "好看": 1, "强大": 3, "nova6": 1, "退": 1, "双模5G": 3, "荣耀": 20, "V30": 2, "否认": 1, "溢价": 1, "手感": 2, "细腻": 1, "全面屏": 1, "起步": 3, "64": 1, "GB": 1, "规格": 2, "存储": 2, "符合": 1, "用户": 14, "需求": 8, "4G": 10, "未来": 5, "竞争力": 1, "持续": 1, "下降": 2, "4": 7, "Magic2": 1, "高达": 3, "3799": 1, "magic2": 4, "跌成": 1, "低价": 3, "骗": 1, "980": 1, "诸多": 1, "落后": 2, "滑盖": 1, "不可避免": 1, "质量": 4, "首批": 2, "吐槽": 1, "水渍": 1, "进灰层": 1, "重量": 1, "超过": 9, "200g": 1, "机身": 1, "鸡肋": 1, "传感器": 1, "极其": 1, "激烈": 1, "配备": 3, "三": 1, "这是": 4, "华而不实": 1, "成像": 1, "9": 2, "X": 2, "小编": 1, "身边": 1, "很多": 8, "看准": 1, "吃亏": 1, "Mate30": 3, "值得": 5, "声明": 1, "：": 19, "媒体人": 1, "推哥": 1, "原创": 2, "图片": 1, "源于": 1, "网络": 38, "侵权": 1, "请": 1, "作者": 1, "删除": 1, "万分": 1, "感谢": 2, "中新社": 1, "北京": 1, "12月": 8, "15日": 2, "电": 1, "(": 2, "记者": 4, "高凯": 1, ")": 2, "中央": 1, "广播": 1, "电视": 2, "总台": 1, "主办": 1, "2019": 14, "中国": 45, "强国": 14, "盛典": 14, "活动": 3, "公布": 3, "年度": 11, "殊荣": 2, "现场": 2, "发布": 18, "榜样": 6, "100": 3, "十大": 4, "新锐": 4, "包括": 6, "航天": 2, "中车": 2, "石油": 1, "阿里巴巴": 13, "腾讯": 13, "苏宁": 1, "易购": 1, "云南": 1, "白药": 1, "百": 1, "著名": 1, "经济": 3, "现状": 1, "趋势": 2, "企业": 18, "吉利": 1, "茅台": 1, "娃哈哈": 1, "格力": 1, "潍柴": 1, "动力": 1, "领域": 3, "标志性": 1, "领军": 1, "入选": 1, "展示": 2, "影响力": 2, "大疆": 1, "创新": 3, "广汽": 1, "传祺": 1, "方特": 1, "君乐宝": 1, "快手": 1, "抖音": 1, "京东": 1, "拼": 2, "多多": 1, "顺丰": 1, "新松": 1, "新兴": 1, "产业": 6, "迅猛": 1, "势头": 1, "发展": 14, "注入": 1, "新生": 2, "力量": 1, "介绍": 5, "获奖": 1, "理由": 3, "科技": 3, "追求": 1, "时代": 2, "世界": 12, "领先": 3, "水平": 3, "追赶": 1, "超越": 3, "高端": 5, "占据": 5, "一席之地": 1, "导语": 1, "禁令": 6, "赢家": 4, "特朗": 1, "普悔": 1, "晚": 2, "前不久": 2, "美国": 26, "媒体": 9, "传来": 1, "消息": 6, "称": 4, "专业": 1, "公司": 33, "拆解": 1, "发现": 1, "最新": 5, "批次": 1, "Mate": 3, "30": 4, "基站": 9, "零部件": 10, "代表": 3, "国产化": 1, "供应链": 8, "外国": 1, "替代": 4, "摄像头": 10, "日本": 23, "索尼": 4, "天线": 1, "开关": 1, "村田": 3, "制作所": 3, "闪存": 1, "韩国": 2, "东芝": 2, "2018年": 10, "结束": 1, "多年": 1, "窥视": 1, "针对": 1, "做出": 2, "5月": 1, "中旬": 1, "出口": 1, "管制": 1, "实体": 3, "清单": 3, "33": 1, "核心": 5, "供应商": 27, "集体": 2, "断供": 2, "芯片": 5, "通信": 2, "设备": 35, "操作": 16, "系统": 31, "之间": 3, "焦点": 2, "创始人": 2, "任正非": 6, "政府": 4, "亲情": 1, "代言": 1, "特朗普": 2, "销售": 2, "渠道": 3, "打压": 2, "爆发": 1, "顽强": 1, "生命力": 1, "生存": 1, "如今": 4, "走向": 1, "阶段": 2, "无疑": 1, "外界": 2, "证明": 3, "健康": 1, "早就": 1, "找到": 3, "方案": 2, "实施": 1, "加大": 4, "自研": 1, "力度": 3, "寻找": 1, "厂商": 6, "大半年": 1, "封锁": 1, "解除": 1, "制裁": 1, "措施": 1, "禁止": 2, "合作": 15, "背景": 2, "采购国": 1, "零件": 1, "采购额": 1, "预估": 1, "110亿": 1, "美元": 4, "770亿": 2, "人民币": 2, "邻国": 2, "响应": 2, "号召": 1, "国家": 7, "据悉": 2, "运营商": 9, "纷纷": 3, "根除": 1, "此前": 4, "部署": 4, "诺基亚": 2, "专用": 1, "为此": 1, "损失": 5, "3万亿": 1, "日元": 2, "顺从": 1, "还要": 3, "热脸": 1, "往上": 1, "轮值": 1, "董事长": 1, "梁华": 1, "释放": 1, "采购": 1, "额度": 1, "做足": 1, "充足": 2, "才": 6, "计": 1, "前嫌": 1, "份": 6, "背后": 1, "名单": 2, "曝光": 5, "厂家": 1, "部件": 2, "摄像": 2, "模组": 2, "旗舰": 6, "依赖": 2, "毋庸置疑": 2, "1918年": 1, "成立": 5, "德山": 3, "化工": 3, "控制": 2, "75%": 1, "纯度": 1, "氮化": 2, "铝": 1, "生产": 4, "铝粉": 1, "公认": 1, "稳定": 1, "半导体": 5, "散热": 2, "材料": 2, "到来": 1, "汽车": 1, "空调": 1, "东西": 1, "支持": 9, "联网": 2, "业界": 2, "增加": 3, "荣幸": 1, "傍上": 2, "一大": 4, "客户": 3, "搭上": 1, "班": 1, "列车": 1, "恺侠": 1, "存储器": 1, "松下": 1, "京瓷": 1, "显示器": 1, "三菱": 2, "电机": 2, "太阳": 1, "诱电": 1, "值得一提的是": 1, "安立": 2, "电子": 2, "测量": 2, "仪器": 2, "用来": 1, "检测": 1, "运作": 1, "必不可少": 2, "工具": 1, "疯涨": 1, "利润": 1, "飙升": 1, "90%": 1, "66亿": 1, "技术": 22, "位居": 2, "前列": 1, "博通": 1, "跃居": 1, "一线": 1, "禁用": 1, "意味着": 1, "金钱": 1, "再次": 3, "拒绝": 1, "众多": 1, "行业": 2, "显划": 1, "乘着": 1, "浪潮": 2, "并非": 3, "好事": 1, "惨重": 1, "悔之晚矣": 1, "；": 6, "加紧": 1, "自主": 5, "研发": 7, "进度": 1, "提高": 1, "降低": 1, "成本": 3, "这块": 1, "蛋糕": 1, "杯": 1, "羹": 1, "痛": 1, "失华": 1, "供应国": 1, "输家": 1, "/": 2, "何玺华": 1, "鸿蒙": 46, "深圳": 1, "特区报": 1, "报道": 7, "业务": 4, "软件部": 2, "总裁": 4, "王成录": 2, "8日": 2, "对外": 2, "透露": 3, "明年": 7, "平板": 5, "电脑": 4, "终端": 7, "全线": 4, "搭载": 21, "海内外": 3, "同步": 3, "推进": 5, "开源": 3, "8月": 5, "正式": 3, "开放": 2, "破甲者": 1, "开发者": 10, "大会": 1, "HDC.2019": 2, "遭受": 2, "公正": 1, "备胎": 1, "转正": 1, "姿态": 1, "公众": 1, "视线": 1, "一开始": 1, "赋予": 2, "国产": 4, "信息": 5, "突破": 1, "重围": 1, "可控": 1, "重任": 1, "9日": 1, "OS": 14, "详尽": 1, "市面": 2, "通用": 2, "优势": 7, "具备": 1, "先进": 2, "分布式": 2, "架构": 2, "跨": 3, "硬件": 7, "资源": 2, "调用": 1, "带来": 6, "实用": 2, "场景": 4, "无缝": 2, "体验": 10, "第二": 5, "时延": 1, "基础": 4, "常见": 1, "死机": 1, "迫使": 1, "等待": 1, "现象": 1, "交互": 3, "流畅": 1, "智能": 5, "匹配": 1, "第三": 1, "微内": 1, "核技术": 1, "执行": 1, "环境": 3, "可靠": 2, "代码量": 1, "基于": 3, "Linux": 1, "内核": 2, "黑客": 1, "攻击": 3, "第四": 1, "友好": 1, "开发": 2, "效率": 1, "成功": 2, "智慧屏": 2, "10日": 1, "隆重": 1, "首款": 2, "智慧": 3, "屏": 4, "全新": 2, "软硬件": 3, "组合": 1, "大屏": 1, "能力": 5, "多屏": 1, "协同": 1, "管控": 1, "家庭": 1, "提供": 6, "中心": 4, "跨屏": 1, "IoT": 1, "影音": 1, "娱乐": 2, "先进性": 1, "直观": 1, "舆论": 1, "大规模": 2, "推广": 2, "尽快": 1, "推动": 1, "期待": 3, "打造": 2, "破甲": 1, "利剑": 1, "进展": 1, "也就是说": 3, "路由器": 1, "手环": 1, "手表": 1, "举措": 1, "理解": 1, "处于": 4, "刚": 4, "进军": 1, "海外": 5, "安卓": 9, "GMS": 3, "服务": 1, "依赖性": 1, "贸然": 1, "更改": 1, "作法": 1, "负面": 1, "影响": 3, "首选": 1, "谷歌": 3, "决策": 1, "角度": 1, "稳妥": 1, "时间": 5, "规模化": 3, "适配": 1, "生态": 13, "建设": 13, "这次": 2, "表态": 2, "留下": 1, "想象": 1, "空间": 1, "暂时": 1, "旗下": 2, "不得而知": 1, "初步": 2, "建立": 4, "解决": 4, "兼容": 1, "早": 4, "亮相": 1, "描述": 1, "物联网": 1, "在于": 4, "发挥": 1, "接口": 1, "一点": 2, "才能": 4, "落到实处": 1, "只能": 2, "停留": 1, "纸面": 1, "时间点": 1, "兼容性": 3, "忧虑": 1, "本次": 1, "官宣": 1, "时间表": 1, "有利于": 1, "打消": 1, "疑虑": 1, "利于": 1, "早些时候": 1, "访谈": 1, "阐述": 1, "指出": 4, "限于": 1, "绝不": 2, "单纯": 1, "互联": 2, "合计": 2, "层面": 1, "万物": 2, "IoT物": 1, "愿景": 1, "使命": 1, "描绘": 1, "远大": 1, "前景": 1, "严肃": 1, "软肋": 1, "难点": 1, "所在": 1, "站稳": 1, "脚跟": 1, "过硬": 1, "拥有": 7, "强壮": 1, "软件": 12, "Android": 1, "iOS": 2, "典范": 1, "垄断性": 1, "各行各业": 2, "构建": 6, "消费": 2, "工作": 2, "生活": 2, "在内": 2, "无所不包": 1, "覆盖": 2, "这才": 3, "大行其道": 1, "竞争": 3, "对手": 2, "施加": 1, "降维": 1, "打击": 2, "事实上": 3, "Facebook": 1, "推特": 1, "Gmail": 1, "群隔": 1, "离开": 1, "隔离": 1, "卡脖子": 1, "目光": 2, "局限": 1, "抗衡": 1, "生态圈": 6, "想要": 1, "一蹴而就": 1, "长期": 1, "努力": 1, "过程": 5, "海量": 1, "试错": 1, "磨合": 1, "开发商": 1, "利益": 1, "挣": 1, "钱": 4, "奠定": 1, "2020年": 4, "产品线": 1, "良机": 1, "意义": 1, "决策层": 1, "规划": 1, "计划": 3, "培育": 1, "底气": 1, "归结": 1, "差": 3, "10月": 1, "16日": 1, "财报": 1, "面临": 1, "不利": 1, "外部": 1, "因素": 3, "6108亿": 1, "季度": 3, "营收": 8, "同比": 1, "增长": 3, "惊人": 2, "24.4%": 1, "过分": 1, "重视": 1, "盈利": 2, "指标": 1, "状况": 1, "纯": 1, "利润率": 1, "8.7%": 1, "可谓": 2, "名副其实": 1, "足够": 2, "投入": 7, "面向": 1, "扶持": 1, "耀星": 1, "10亿": 1, "补贴": 1, "8亿": 1, "基金会": 1, "社区": 1, "凝聚": 2, "后续": 1, "内": 2, "周边": 1, "提速": 1, "庞大": 1, "规模": 3, "众所周知": 2, "关键": 1, "融合": 1, "名列前茅": 1, "IHS": 1, "Markit": 1, "日前": 2, "18%": 1, "6": 1, "百分点": 2, "幅度": 1, "排名": 2, "收窄": 1, "以内": 1, "至关重要": 1, "占有率": 1, "46%": 1, "加速": 1, "提到": 1, "想到": 1, "毕竟": 2, "水准": 2, "一马当先": 1, "状态": 1, "集成": 1, "基带": 1, "双模": 1, "990": 1, "优秀": 1, "资料": 7, "下一代": 1, "1020": 1, "5nm": 1, "制程": 1, "工艺": 1, "提升": 1, "50%": 1, "顶级": 3, "近日": 1, "外媒": 1, "P40": 8, "概念": 2, "新机": 4, "感觉": 3, "机皇": 3, "蓄势待发": 1, "多种多样": 1, "风格": 2, "喜爱": 1, "无非": 2, "异形": 2, "喜欢": 2, "水滴屏": 1, "刘海屏": 1, "去年": 6, "渲染图": 3, "屏幕": 8, "钻孔屏": 2, "两边": 1, "曲面": 1, "漂亮": 1, "该机": 9, "尺寸": 1, "6.6": 1, "英寸": 1, "分辨率": 1, "3040": 1, "1440": 1, "2K像素": 1, "刷新率": 1, "90Hz": 1, "Super": 1, "AMOLED": 1, "超": 2, "炫屏": 1, "2K": 1, "曲": 1, "面屏": 1, "前置": 3, "功能": 5, "总共": 2, "颗": 3, "曲面屏": 1, "保留": 1, "窄": 1, "上下边框": 1, "上边": 1, "框": 1, "扬声器": 1, "组件": 1, "镶嵌": 1, "左上": 1, "角": 1, "部位": 1, "像素": 3, "3200万": 1, "2800万": 1, "美颜": 1, "模式": 2, "HDR": 1, "3D": 1, "结构": 1, "支持人": 1, "脸识": 1, "外出": 1, "旅行": 1, "吃饭": 1, "逛": 1, "街": 1, "拍": 2, "拍物": 1, "皆": 1, "五": 1, "竖排": 1, "6400万": 1, "2000万": 1, "1800万": 1, "800万": 1, "徕卡": 1, "认证": 1, "PDAF": 1, "相位": 1, "焦": 1, "OIS": 1, "光学": 2, "防抖": 1, "超广角": 1, "倍": 3, "混合": 1, "变焦": 2, "60": 1, "超级": 2, "iPhone11": 1, "Pro": 3, "麒麟990": 3, "强悍": 3, "运行": 1, "内存": 2, "12GB": 1, "512GB": 1, "细节": 1, "一代": 1, "IP": 1, "68": 1, "级别": 1, "防水": 1, "内置": 1, "一块": 2, "4800": 1, "mAh": 2, "超大": 1, "电池": 2, "45W": 1, "快充": 2, "25W": 1, "无线": 3, "充电": 2, "反向": 1, "iPhone差": 1, "连续": 1, "高速": 1, "原因": 5, "上都": 2, "尤其是": 1, "6400万五": 1, "发布价": 1, "5999": 1, "国人": 2, "眼红": 1, "机友们": 5, "非同一般": 1, "Mate20": 14, "创": 1, "新低": 1, "便宜": 4, "一千多": 1, "快": 1, "本来": 1, "想": 3, "诱惑": 1, "剁手": 2, "内行": 1, "老旗舰": 1, "再见": 1, "降": 2, "香华": 1, "下半年": 1, "机型": 2, "首发价": 1, "接近": 1, "四千": 1, "最低": 1, "配": 1, "三千": 1, "足足": 2, "一千": 1, "心动": 1, "着急": 1, "物君": 1, "香": 1, "同等": 1, "855手机": 2, "855Plus": 1, "选择": 6, "麒麟980": 1, "855": 1, "甘拜下风": 1, "差不多": 1, "划算": 1, "略": 1, "古板": 1, "过时": 1, "听说": 1, "Mate20Pro": 3, "厉害": 2, "这话": 1, "没错": 1, "可不": 1, "距离": 1, "圈": 1, "涌现": 1, "不少": 1, "相比": 1, "弱": 1, "4000": 1, "倒是": 1, "不错": 1, "玩": 1, "游戏": 4, "耐用": 1, "美中不足": 1, "22.5W": 1, "用上": 1, "30W快充": 1, "地位": 2, "摇摇欲坠": 1, "蓬勃": 1, "靠边": 1, "站华": 1, "算": 1, "日常": 1, "肯定": 3, "推荐": 1, "马上": 1, "就要": 1, "赶到": 1, "率先": 1, "千": 1, "机红": 1, "米": 1, "K30": 1, "一月份": 1, "开售": 1, "盼头": 1, "OPPO": 1, "vivo": 1, "接连": 1, "小弟": 2, "贵": 1, "升级": 6, "这下": 1, "大哥": 1, "反倒": 1, "干翻": 1, "过度": 1, "迷信": 1, "号召力": 1, "确实": 3, "一家": 2, "瑕疵": 1, "不妨": 1, "放在": 1, "不乏": 1, "实惠": 1, "亏": 1, "改革": 1, "40年": 1, "我国": 11, "卓越": 1, "成就": 1, "生产总值": 2, "90.03万亿": 1, "仅次于": 1, "经济体": 1, "壮大": 1, "诞生": 1, "顶尖": 3, "500": 3, "数量": 3, "二十年": 2, "一共": 1, "到了如今": 1, "129": 1, "互联网": 9, "1999年": 1, "市值": 1, "感到": 4, "陌生": 1, "改变": 1, "方式": 1, "传统": 1, "购物": 2, "转为": 1, "足不出户": 1, "线上": 2, "电商": 1, "一半": 1, "财年": 1, "营业": 2, "收入": 5, "3768.44亿": 1, "相当于": 1, "0.4%": 2, "主营": 1, "零售": 1, "涉猎": 1, "热门": 3, "物流": 1, "申通": 1, "快递": 3, "中通": 1, "百世物流": 1, "股份": 1, "占": 10, "股": 1, "29.9%": 1, "8%": 1, "28%": 1, "美团": 1, "滴滴打车": 1, "饿了么": 1, "投资": 1, "身影": 1, "3127亿": 1, "全国": 7, "GDP": 5, "总量": 2, "0.34%": 2, "一部分": 1, "手游": 1, "778亿": 1, "端游": 1, "506亿": 1, "二者": 1, "1284亿": 1, "41%": 1, "拓展": 1, "社交": 4, "支柱": 1, "——": 1, "微信": 2, "QQ": 1, "使用率": 1, "月活": 1, "人数": 1, "11亿": 1, "当之无愧": 1, "国民级": 1, "民营": 1, "7212亿": 1, "相加": 1, "0.8%": 2, "实际上": 2, "27": 1, "城市": 3, "营业额": 1, "大部分": 2, "1987年": 1, "至今": 1, "一步一个脚印": 1, "初": 1, "交换机": 2, "代理": 1, "随后": 1, "此后": 1, "步伐": 3, "加快": 1, "将近": 1, "20万": 1, "员工": 1, "跻身": 1, "行列": 1, "费用": 1, "1015亿": 1, "14%": 1, "净利润": 1, "593亿": 1, "回报": 1, "申请": 2, "专利": 3, "提交": 1, "5405": 1, "排": 1, "第二三": 1, "名": 1, "英特尔": 1, "相关": 3, "统计": 1, "资金": 1, "1.96万亿": 1, "5.2%": 1, "10%": 1, "本文": 1, "商事": 1, "奇谈": 1, "出品": 1, "未经": 1, "许可": 1, "平台": 1, "请勿": 1, "转载": 1, "违者": 1, "必究": 1, "获准": 3, "德国": 7, "拿下": 1, "挪威": 66, "电信": 41, "排除": 3, "14日": 1, "证券": 2, "时报·e": 2, "证实": 1, "中将": 3, "新增": 6, "瑞典": 5, "爱立信": 14, "13日": 7, "新闻": 3, "发布会": 4, "兼": 2, "首席": 4, "执行官": 4, "西格韦·布雷克": 2, "5": 6, "年内": 3, "改造": 8, "现有": 5, "维护": 4, "地区": 8, "推迟": 2, "满意": 2, "布雷克": 2, "子网": 2, "博勒·富尔贝": 2, "斯堪的纳维亚": 2, "铺设": 2, "流量": 2, "逐年": 2, "现代化": 4, "问及": 1, "富尔贝": 2, "回答": 2, "答案": 1, "确保": 2, "北欧": 2, "缅甸": 2, "巴基斯坦": 2, "泰国": 2, "马来西亚": 3, "国": 3, "运营": 3, "1亿": 2, "10年": 3, "公开": 1, "数字化": 2, "事务": 2, "大臣": 2, "尼古拉·阿斯特鲁普": 2, "接受": 2, "报纸": 2, "E24": 2, "采访": 2, "半数": 2, "利好": 1, "频传": 1, "11日": 1, "获悉": 1, "三大": 1, "Telefonica": 3, "2021年": 1, "柏林": 1, "汉堡": 1, "慕尼黑": 1, "科隆": 1, "法兰克福": 1, "启动": 1, "商用": 2, "2022年": 1, "1600万": 1, "人口": 1, "2G": 1, "中都": 1, "套件": 1, "网": 2, "政坛": 1, "话题": 1, "之内": 1, "替换": 2, "9月底": 1, "含": 1, "多国": 1, "英国": 1, "摩纳哥": 1, "法国": 1, "俄罗斯": 1, "柬埔寨": 1, "订单": 3, "反超": 1, "迄今为止": 1, "接到": 2, "65": 1, "10万": 1, "75": 1, "5G商": 1, "10": 1, "霸主": 1, "保住": 1, "刷新": 1, "来源": 3, "e公司": 1, "官微": 1, "ID": 1, "lianhuacaijing": 1, "路透社": 5, "宣称": 3, "放弃": 2, "Telenor": 2, "篇": 1, "周五": 1, "舍弃": 1, "截图": 1, "负责人": 1, "4-5年": 1, "期间": 1, "淘汰": 1, "环球网": 2, "查阅": 1, "官网": 2, "新闻稿": 2, "选定": 1, "区域": 1, "最佳": 1, "享受": 1, "快速": 2, "解释": 1, "这家": 1, "着实": 1, "费钱费力": 1, "工程": 1, "时事": 1, "评论员": 1, "沃兰": 1, "Arild": 1, "Vollan": 1, "香港": 1, "南华": 1, "早报": 1, "撰文": 1, "看作": 1, "不再": 1, "拆除": 2, "重建": 1, "额外": 1, "1.4万": 1, "60万": 1, "克朗": 1, "70500": 1, "内网": 1, "net": 3, "work": 3, "并未": 2, "mobile": 1, "主导": 1, "radio": 1, "后门": 2, "证据": 1, "盟国": 1, "施压": 1, "本国": 2, "事出有因": 1, "2月": 1, "情报": 2, "机关": 1, "警察": 1, "安全局": 1, "PST": 2, "声称": 1, "芬兰": 1, "该局": 1, "局长": 1, "比约兰": 2, "Benedicte": 1, "Bjrnland": 1, "莫须有": 2, "指责": 1, "留意": 1, "角色": 1, "约兰": 1, "图源": 1, "言论": 1, "中国驻挪威大使馆": 1, "回应": 1, "历来": 1, "尊重": 1, "主权": 1, "干涉": 1, "内政": 1, "利害": 1, "冲突": 1, "不对": 1, "威胁": 1, "部门": 1, "涉及": 1, "假设性": 1, "评估": 1, "无端": 1, "荒唐": 1, "中方": 1, "重申": 1, "一贯": 1, "反对": 1, "形式": 1, "窃密": 1, "法律": 1, "授权": 1, "强迫": 1, "安装": 1, "强制": 1, "权利": 1, "幌子": 1, "鹦鹉学舌": 1, "人云亦云": 1, "借口": 1, "损害": 1, "扼杀": 1, "合法": 1, "正当": 1, "经营": 1, "乌小宝": 1, "新华社": 1, "观察者": 1, "怼": 4, "小米": 2, "对比": 3, "下风": 1, "意外": 1, "一路": 1, "越来越": 2, "变化": 1, "42％": 1, "表现": 1, "程度": 1, "下滑": 1, "呈现": 1, "现如今": 1, "两极": 1, "分化": 1, "迹象": 1, "当中": 3, "六七千": 1, "档次": 1, "注重": 1, "稍微": 1, "欢心": 1, "友商": 6, "怒怼": 1, "压力": 1, "俗话说": 1, "木秀于林风必摧之": 1, "棵": 1, "参天": 1, "大树": 1, "布局": 1, "完善": 1, "媲美": 1, "拿来": 2, "认可": 1, "件": 2, "坏事": 2, "低": 1, "冲击": 1, "完美无缺": 1, "缩影": 1, "情怀": 1, "颇": 1, "争议": 1, "有时候": 1, "iPhone": 1, "昂贵": 1, "没钱": 2, "高高在上": 1, "攀": 1, "红米子": 1, "卢伟冰": 1, "年前": 1, "都会": 1, "缩水": 1, "槽点": 1, "南": 1, "足以": 1, "希望": 1, "改进": 1, "缺点": 1, "减少": 1, "反面": 1, "教材": 1, "机会": 1, "标杆": 1}