{"1": 1, "、": 9, "华为": 51, "Nova5": 2, "小编": 3, "note": 4, "系列": 4, "太": 2, "看好": 1, "毕竟": 1, "国内": 1, "OPPO": 1, "vivo": 1, "打造": 2, "女性": 1, "市场": 1, "推出": 1, "高价": 2, "novo": 1, "显得": 2, "格格不入": 1, "一代": 1, "眼前": 1, "亮": 1, "感觉": 2, "上一代": 1, "l华": 1, "note4": 1, "溃败": 1, "销量": 2, "口碑": 5, "均": 1, "novo5pro": 1, "急于": 1, "渴望": 1, "挽回": 1, "最终": 1, "拿出": 1, "麒麟": 2, "980+8GB": 1, "内存": 1, "128GB": 1, "存储": 1, "空间": 1, "友好": 1, "价格": 6, "压低": 1, "2999": 1, "款": 7, "具备": 3, "屏幕": 2, "指纹": 4, "麒麟980": 2, "手机": 14, "性价比": 2, "极限": 1, "对比": 3, "老款": 1, "iPhone": 5, "体验": 7, "超前": 2, "P30": 1, "Pro华": 1, "30": 3, "拥有": 1, "千万": 2, "台": 1, "猫腻": 1, "小米": 2, "9": 2, "魅族": 1, "16s": 1, "优势": 2, "虚高": 1, "截然不同": 1, "很": 11, "道理": 1, "比如说": 1, "顶级": 4, "i4": 1, "镜头": 5, "全球": 3, "第一": 2, "拍照": 3, "旗舰机": 2, "像素": 1, "不得不": 2, "堪称": 1, "夜视仪": 1, "夜拍": 1, "能力": 2, "首屈一指": 1, "远": 2, "超": 2, "这一切": 1, "得益": 1, "ISO": 1, "数值": 1, "40万分": 1, "行业": 1, "翘楚": 1, "加上": 4, "曲面屏": 1, "设计": 2, "质感": 1, "锦上添花": 2, "肯定": 3, "超过": 3, "公认": 2, "颜值": 2, "性能": 1, "三年不成": 1, "3": 2, "荣耀": 16, "note10": 3, "热门": 1, "2700": 1, "降": 1, "到了如今": 1, "1899": 1, "卷土重来": 1, "千元机": 1, "6.95": 1, "英寸": 1, "大屏": 1, "无与伦比": 1, "游戏": 3, "视觉": 1, "麒麟970": 1, "安卓": 1, "编辑器": 1, "10": 2, "依然": 2, "胜任": 1, "很多": 2, "主流": 1, "后置": 1, "摄": 1, "前置": 1, "1600万": 1, "自拍": 1, "美颜": 1, "全能": 1, "表现": 1, "5000": 3, "毫安": 2, "电池": 2, "续航": 1, "玩": 1, "电影": 1, "都": 11, "不错": 2, "低": 2, "iPhone6s": 1, "拼音": 1, "值得": 2, "网友": 1, "入手": 2, "三年": 2, "4": 5, "V20": 4, "旗下": 2, "首款": 2, "4800万": 1, "屏": 1, "出色": 1, "外观": 1, "配合": 1, "三d": 1, "后盖": 2, "酒红色": 1, "配色": 1, "尤为": 1, "喜欢": 2, "高端": 1, "上档次": 1, "算": 2, "美观": 1, "侧边": 1, "实用": 1, "调控": 1, "一个": 9, "新低": 1, "难度": 1, "980": 1, "处理器": 2, "4000": 1, "v20": 1, "降价": 1, "回暖": 1, "追求": 1, "极致": 1, "建议": 1, "买": 2, "一点": 2, "看准": 1, "好坏": 1, "发自": 1, "内心": 1, "出于": 1, "高口碑": 1, "综合": 1, "的确": 1, "落后": 1, "声明": 2, "：": 4, "图片": 2, "源于": 1, "网络": 2, "侵权": 1, "请": 1, "作者": 1, "删除": 1, "中国": 1, "董事长": 2, "杨杰": 1, "发布": 1, "明年": 1, "1月": 1, "1日": 1, "NSA": 2, "5G": 15, "入网": 1, "支持": 3, "SA": 2, "模式": 2, "据悉": 2, "依托": 1, "现有": 1, "4G": 2, "基站": 3, "单独": 1, "搭建": 1, "倍": 2, "功耗": 2, "2.5": 1, "过程": 2, "双模": 3, "区别": 1, "官方": 2, "四": 2, "科普": 1, "知识点": 1, "搭载": 1, "巴龙": 2, "基带": 4, "SA/NSA": 1, "向下": 1, "兼容": 1, "234G": 1, "称": 3, "唯一": 2, "双卡双待": 1, "；": 2, "量产": 1, "7nm": 1, "工艺": 2, "多模5G": 1, "10nm": 1, "芯片": 2, "身材": 1, "更低": 1, "指": 1, "明白": 2, "近日": 1, "美国": 14, "总统": 1, "特朗普": 3, "日本": 1, "大阪": 1, "G20": 2, "峰会": 2, "企业": 4, "供货": 2, "松口": 2, "禁令": 2, "软化": 1, "美方": 3, "我国": 2, "服软": 3, "未": 2, "众多": 1, "早已": 1, "偷偷": 1, "绕": 1, "出口": 1, "管制": 1, "措施": 1, "供应": 1, "零部件": 1, "名存实亡": 1, "原本": 1, "站": 1, "排挤华": 1, "技术": 9, "国家": 3, "站队": 1, "新加坡": 7, "媒体": 1, "爆料": 1, "通信": 1, "信息": 1, "部长": 1, "华仁": 1, "投资": 1, "4000万": 1, "新元": 1, "3000万": 1, "美元": 1, "发展": 5, "做法": 2, "大势所趋": 1, "归根到底": 1, "之间": 1, "关系": 1, "建立": 1, "利益": 1, "基础": 1, "领先于": 1, "世界": 1, "如今": 1, "投入": 1, "研发": 2, "做好": 1, "爱立信": 1, "诺基亚": 1, "三大": 1, "巨头": 1, "国际": 1, "态势": 1, "演变": 1, "自然而然": 1, "递出": 1, "橄榄枝": 1, "此前": 1, "早": 1, "合作": 3, "云计算": 1, "领域": 2, "整体": 1, "实力": 2, "信心": 1, "示好": 1, "塞尔维亚": 1, "社会党": 1, "副主席": 1, "奥布拉多维奇": 3, "接受": 1, "央视": 1, "采访": 1, "打压": 1, "想": 4, "立场": 1, "反观": 1, "封锁": 1, "可谓": 1, "伤敌": 1, "一千": 1, "自损": 1, "八百": 1, "列为": 1, "实体": 1, "清单": 1, "遏制": 2, "目的": 1, "激发": 1, "成长": 2, "本土": 1, "程度": 1, "影响": 1, "引发": 1, "供应商": 1, "内部": 1, "混乱": 1, "科技": 2, "势不可遏": 1, "人类": 1, "突破": 1, "努力": 1, "这是": 1, "极为": 1, "自私": 2, "好在": 1, "终于": 1, "始终": 1, "领先": 1, "地位": 1, "接下来": 1, "举措": 1, "处于": 1, "观望": 1, "之中": 1, "博弈": 1, "击退": 1, "！": 1, "生活": 1, "迫": 1, "人生": 2, "路窄": 1, "创立": 1, "创业": 4, "20年": 1, "任正非": 21, "写": 2, "篇": 1, "回忆": 3, "创业史": 1, "文章": 2, "一江春水向东流": 1, "开篇": 1, "介绍": 2, "抱负": 1, "1987年": 1, "43": 1, "岁": 1, "接连": 1, "遭遇": 1, "事业": 1, "双重": 1, "打击": 1, "工作": 4, "失误": 1, "骗": 1, "失业": 1, "离婚": 1, "中年": 1, "四十": 2, "不惑": 2, "无惑": 1, "时代": 1, "时间": 4, "机会": 1, "前程": 1, "充满": 1, "不确定性": 1, "……": 5, "发明": 1, "搞": 2, "科研": 1, "小日子": 1, "家里": 2, "长子": 1, "父母": 1, "赡养": 1, "子女": 1, "养育": 1, "弟弟": 2, "妹妹": 2, "照顾": 2, "实在": 1, "路": 2, "走": 5, "中年人": 1, "资格": 1, "权利": 1, "任性": 1, "父亲": 4, "母亲": 1, "家庭": 3, "苦难": 1, "历史": 1, "长": 1, "段": 2, "困难": 2, "时期": 3, "家里人": 1, "吃": 1, "饱": 1, "饭": 1, "口粮": 1, "小张": 1, "玉米饼": 1, "才": 4, "考上": 1, "大学": 2, "1967年": 1, "担心": 1, "扒": 1, "火车": 1, "回家": 1, "看望": 1, "情况": 1, "皮鞋": 1, "穿走": 1, "告诉": 1, "放弃": 1, "学习": 2, "记住": 1, "知识": 1, "力量": 1, "别人": 1, "学": 2, "随大流": 1, "条件": 1, "弟妹": 1, "背负": 2, "希望": 3, "身上": 1, "回报": 1, "重任": 1, "他年": 1, "一事无成": 1, "那种": 1, "挫折": 1, "失败": 1, "滋味": 1, "如人饮水": 1, "冷暖自知": 1, "女儿": 1, "当年": 2, "艰苦": 2, "困顿": 1, "住在": 1, "漏雨": 1, "环境": 1, "深圳": 2, "多雨": 1, "地区": 1, "外面": 1, "大雨": 1, "小雨": 1, "四面": 1, "透风": 1, "屋子": 1, "隔壁": 1, "邻居": 1, "说话": 1, "听见": 1, "思来": 1, "致富": 1, "条": 1, "找": 2, "志同道合": 1, "朋友": 1, "凑": 1, "2.1万": 1, "元": 1, "资金": 1, "招聘": 1, "员工": 3, "南油": 1, "集团": 1, "简陋": 1, "居民楼": 1, "创办": 1, "公司": 10, "成立": 2, "一度": 1, "生意": 3, "挠头": 1, "从来": 1, "接触": 1, "生意人": 1, "门道": 1, "从头": 1, "摸索": 1, "刚": 1, "墓碑": 1, "减肥": 1, "指点": 1, "代理": 2, "香港": 2, "品牌": 1, "交换机": 2, "贸易": 1, "1990年": 1, "副总裁": 1, "张建国": 1, "研究生": 1, "学历": 1, "应聘": 1, "开出": 1, "300多": 1, "块": 2, "高薪": 1, "100": 1, "十多": 2, "年后": 1, "年薪": 1, "百万": 1, "比比皆是": 1, "大概": 1, "销售额": 1, "上亿": 1, "那时候": 2, "钱": 2, "硬": 1, "业绩": 1, "眼红": 1, "断货": 1, "1992年": 1, "带": 1, "考察": 1, "参观": 2, "完贝尔": 1, "实验室": 1, "产品": 1, "先进": 1, "心潮澎湃": 1, "回来": 1, "砸锅卖铁": 1, "高利贷": 1, "成功": 2, "跳楼": 1, "书": 1, "研究": 1, "商业": 1, "关键": 1, "要素": 1, "客户": 1, "货源": 1, "1996年": 1, "规模": 1, "1000多": 1, "人员": 1, "大规模": 1, "涌入": 1, "工资": 1, "发": 1, "——": 2, "管理": 4, "流程": 1, "制度": 2, "初": 2, "听任": 1, "游击队长": 1, "自由": 1, "发挥": 1, "领导": 1, "称作": 1, "甩手": 2, "掌柜": 1, "确实": 1, "肺腑之言": 1, "编制": 1, "大纲": 1, "基本法": 1, "四处": 1, "咨询": 1, "慢慢": 1, "建设": 1, "组织": 1, "架构": 1, "2000年": 3, "痛苦": 1, "身体": 2, "累坏": 1, "癌症": 2, "手术": 2, "乐观": 2, "坚强": 1, "竟然": 1, "精神": 1, "抑郁": 1, "动不动": 1, "自杀": 1, "主意": 1, "运行": 1, "聚焦": 1, "太阳": 1, "下烤": 1, "CEO": 1, "小时": 2, "一头雾水": 1, "衣服": 1, "皱巴巴": 1, "内外": 2, "矛盾": 2, "交集": 2, "2002年": 1, "差点": 1, "崩溃": 1, "IT": 1, "泡沫": 1, "破灭": 1, "无能为力": 1, "控制": 1, "半年": 1, "噩梦": 1, "梦醒": 1, "哭": 1, "亲历者": 1, "南非": 1, "先民": 1, "纪念堂": 1, "电话": 1, "触景生情": 1, "纪念馆": 1, "广场": 1, "失声": 1, "痛哭": 1, "将近": 1, "孙亚芳": 1, "97年": 1, "2003年": 1, "那段": 1, "累垮": 1, "高血压": 1, "糖尿病": 1, "左小腿部": 1, "左耳部": 1, "凭着": 1, "天性": 1, "尼采": 1, "凡杀": 1, "死": 1, "强大": 1, "欲望": 2, "反而": 1, "能耐": 1, "一点点": 1, "股票": 1, "房子": 2, "太太": 1, "租": 1, "会议室": 1, "一半": 1, "30多": 1, "平方米": 1, "西晒": 1, "空调": 1, "退路": 1, "退": 1, "回去": 1, "贫穷": 1, "往前": 2, "往后": 1, "硬着头皮": 1, "阳光": 1, "发现": 1, "山顶": 1, "鲜花": 1, "掌声": 1, "艰难": 1, "困苦": 1, "相比": 1, "辉煌": 1, "经历": 2}