{"处在": 1, "一个": 21, "变革": 1, "时代": 1, "华为": 225, "基于": 4, "场景": 17, "智慧化": 2, "战略": 6, "创新": 6, "科技": 8, "开启": 1, "智慧": 12, "屏": 4, "新时代": 3, "——": 6, "余承东": 9, "2017年": 4, "冬天": 1, "发布": 28, "全新": 4, "企业": 10, "愿景": 2, "：": 35, "构建": 6, "万物": 4, "互联": 8, "智能": 39, "世界": 9, "替代": 2, "Slogan": 1, "美好": 2, "连接": 8, "国产": 9, "手机": 94, "日子": 1, "很": 12, "安稳": 1, "欣欣向荣": 1, "势": 1, "仅仅": 1, "行业": 9, "发生": 7, "翻天覆地": 1, "改变": 4, "逆风": 1, "节奏": 1, "MWC19": 1, "核心": 10, "1+8+N": 5, "三": 8, "层": 3, "结构": 4, "伴随": 1, "生活": 7, "接触": 1, "设备": 26, "包括": 5, "大屏": 3, "、": 132, "音箱": 2, "可穿戴": 9, "外层": 1, "IoT": 3, "大圈": 1, "方式": 6, "纷纷": 3, "猜想": 1, "多久": 1, "才能": 2, "刚刚": 3, "开发者": 15, "大会": 11, "惊喜": 1, "鸿蒙": 19, "打通": 2, "生态链": 3, "提供": 16, "基础": 4, "出世": 1, "款": 27, "电脑": 5, "分布式": 3, "操作": 1, "系统": 14, "架构": 6, "超强": 2, "性能": 8, "标志": 1, "生态": 15, "搭载": 10, "智慧屏": 9, "都": 29, "不同寻常": 1, "优势": 10, "简单": 1, "四": 5, "1": 5, "微内核": 1, "原本": 2, "冗余": 1, "大幅": 2, "缩减": 1, "开机": 2, "速度": 8, "跳跃式": 1, "提高": 6, "2~3": 1, "秒": 3, "时间": 7, "来不及": 1, "放开机": 1, "广告": 1, "硬件": 10, "虚拟化": 2, "终端": 9, "障碍": 1, "不再": 3, "局限": 3, "本身": 3, "外借": 1, "3": 2, "软": 2, "总线": 1, "进一步": 7, "打造": 13, "坚实": 1, "超快": 1, "响应": 1, "屏间": 1, "无缝": 2, "切换": 3, "接收": 1, "信息": 5, "本来": 1, "毫无": 1, "交集": 1, "轻松": 1, "传递": 1, "无人机": 1, "4": 2, "控制": 5, "家居": 2, "功能": 10, "用户": 27, "一句话": 1, "一连串": 1, "组合": 1, "命令": 1, "首款": 5, "荣耀": 8, "小小": 2, "片段": 1, "正是": 1, "可能性": 1, "期待": 4, "9月份": 1, "表现": 6, "设想": 1, "家庭": 3, "中心": 3, "统筹": 1, "尺寸": 1, "或许": 4, "提升": 14, "55": 1, "英寸": 5, "屏幕": 2, "之中": 1, "65": 1, "寸": 1, "75寸": 1, "七重": 1, "画质": 2, "优化": 5, "算法": 6, "AI": 2, "引擎": 1, "Huawei": 1, "Sound": 1, "音响": 1, "加持": 2, "不错": 3, "视听": 1, "交互": 4, "玩法": 2, "花样": 1, "发布会": 10, "演示": 2, "互动": 3, "之间": 5, "投屏": 1, "语音": 3, "新奇": 1, "车机": 2, "家中": 1, "黑科技": 1, "不妨": 1, "通讯": 2, "内": 6, "技术": 18, "实力": 7, "先行者": 1, "领域": 6, "领头羊": 1, "套": 3, "完整": 2, "身边": 2, "工作": 3, "伴侣": 1, "加上": 2, "这次": 4, "推出": 10, "物种": 1, "强大": 6, "研发": 11, "能力": 22, "厂商": 7, "互通": 1, "平台": 18, "开源": 1, "+": 6, "5G": 53, "链华": 1, "赢者": 1, "吃": 1, "希望": 11, "携手": 1, "孤立": 1, "推向": 1, "共通": 1, "时间表": 2, "远": 2, "1+8": 1, "情况": 3, "三年": 1, "2022年": 1, "新世界": 1, "(": 4, "7243336": 1, ")": 4, "近日": 1, "东莞": 50, "松山湖": 14, "溪": 1, "村落": 2, "帷幕": 1, "艺术": 5, "·": 1, "触手可及": 1, "主题": 63, "论坛": 12, "消费者": 16, "服务": 20, "音乐": 2, "图片": 6, "业务部": 2, "部长": 3, "魏武": 2, "众多": 2, "到场": 1, "合作": 26, "伙伴": 13, "嘉宾": 2, "分享": 8, "年度": 2, "大数据": 4, "展望": 1, "未来": 23, "吾皇": 2, "睡": 2, "HelloKitty": 3, "站酷": 2, "创": 1, "文旅": 1, "集团": 2, "方正": 4, "手迹": 2, "知名": 3, "IP": 12, "公司": 9, "个性化": 4, "国内外": 3, "顶尖": 3, "设计师": 22, "齐聚": 2, "探讨": 4, "美学": 2, "意义": 3, "正式": 6, "耀星": 3, "计划": 10, "3000万": 2, "人民币": 3, "专项": 2, "基金": 2, "鼓励": 3, "更多": 3, "参与": 2, "创作": 6, "价值": 8, "设计": 26, "精彩": 7, ".": 6, "亮眼": 2, "2018": 2, "海外": 1, "成绩": 3, "持续": 4, "攀升": 2, "份": 1, "数据": 20, "报告": 7, "喜好": 1, "趋势": 5, "呈现": 2, "个性": 5, "多元化": 1, "特征": 2, "2018年": 11, "喜欢": 4, "类型": 3, "文艺": 1, "清新": 1, "19.9%": 1, "占比": 6, "位居": 1, "第一": 15, "动物": 1, "萌宠": 1, "卡通": 1, "动漫": 1, "18.5%": 1, "11.96%": 1, "位列": 1, "第二": 9, "第三": 4, "年龄段": 1, "玩": 1, "70后": 1, "00后": 2, "表达": 3, "90后": 1, "代表": 2, "付费": 1, "人群": 1, "比重": 1, "越来越": 5, "年轻": 1, "群体": 1, "爱好": 1, "兴趣": 1, "买单": 1, "原创": 7, "精品": 1, "全球化": 1, "覆盖": 2, "全球": 26, "170": 2, "国家": 3, "地区": 4, "7.3亿": 1, "下载": 4, "超过": 12, "3亿": 1, "拥有": 8, "累计": 1, "4.5亿": 1, "不得不": 3, "这是": 5, "傲人": 1, "体现": 2, "需求": 5, "情怀": 1, "才华": 1, "值得": 7, "发光": 2, "催生": 1, "一批批": 1, "优秀": 5, "设计师们": 6, "本次": 6, "颁奖": 1, "一大": 3, "重头戏": 1, "颁出": 1, "最佳": 2, "重量级": 1, "奖项": 1, "作品": 4, "征服": 1, "实至名归": 1, "闪闪": 1, "喜爱": 1, "自我": 2, "源源不断": 1, "吸引": 3, "注册": 2, "1600": 2, "上线": 2, "30000": 1, "件": 3, "扶持": 1, "一批": 1, "内容": 10, "变现": 2, "收入": 5, "1000万": 1, "单个": 1, "150万": 1, "激励": 3, "优质": 5, "费用": 1, "对象": 1, "长期": 1, "坚定": 1, "支持": 14, "业务": 15, "产品": 22, ";": 1, "质量": 1, "重视": 2, "选择": 4, "目标": 2, "重磅": 2, "融合": 1, "美": 2, "开发": 14, "工具": 3, "升级": 6, "不止": 2, "千万": 2, "生产": 4, "三大": 1, "图标": 8, "自动化": 2, "适配": 2, "风格": 2, "键": 1, "迁移": 1, "排版": 2, "降低": 2, "制作": 3, "门槛": 1, "人人": 1, "大师": 1, "重复": 1, "劳动": 1, "解放": 1, "专注": 1, "输出": 1, "创意": 4, "一点": 2, "必备": 1, "标签": 1, "数据库": 1, "依据": 1, "偏好": 1, "第三方": 5, "属性": 4, "计算机": 1, "视觉": 1, "批量": 1, "生成": 2, "2000": 2, "效率": 3, "7": 3, "倍": 4, "最前沿": 1, "灵感": 2, "点燃": 2, "发展": 20, "大咖": 2, "云集": 1, "汇集": 1, "官方": 5, "大神": 1, "艺术家": 2, "IP方": 1, "独到": 1, "见解": 1, "心得": 2, "整场": 1, "可谓": 1, "干货": 1, "满满": 1, "一手": 1, "操刀": 1, "P30": 12, "总监": 3, "梁俊": 1, "名": 6, "温度": 1, "内在": 1, "演讲": 1, "人为": 1, "理念": 2, "现场": 4, "商业": 1, "人性": 1, "引领": 1, "维度": 1, "思考": 1, "诞生": 2, "思路": 1, "梁": 2, "俊": 1, "故事": 2, "独特": 3, "不少": 6, "爱好者": 2, "带来": 15, "启发": 1, "影响": 5, "国内": 12, "垂直": 1, "媒体": 5, "田": 1, "彩霞": 1, "领": 1, "先锋": 1, "观点": 2, "小众": 1, "审美": 2, "视角": 1, "出发": 1, "80": 2, "年代": 1, "回潮": 1, "复古": 1, "未来主义": 1, "塑料化": 1, "前沿": 1, "五": 2, "开放": 13, "面向": 2, "当下": 2, "流行": 1, "表盘": 1, "视频": 1, "铃声": 1, "车载": 1, "AOD灭屏": 1, "显示": 4, "界面": 1, "皆": 1, "挑战": 1, "体验": 19, "字体": 3, "不可或缺": 1, "组成部分": 1, "深度": 1, "无限": 1, "数字": 1, "有限": 4, "总经理": 1, "张建国": 1, "炫动": 3, "字": 4, "优先": 1, "字库": 2, "建造": 1, "100": 1, "专属": 1, "自由": 1, "写字": 1, "练字": 1, "造字": 2, "交流": 1, "商业化": 1, "从此": 1, "畅快": 1, "乐趣": 1, "六": 1, "多元": 1, "超人气IP": 1, "证明": 2, "品牌": 7, "吸引力": 1, "邀请": 3, "人气": 2, "成功": 1, "做好": 1, "头部": 3, "理解": 1, "旅": 1, "文创": 2, "运营": 1, "著名": 2, "IP颐": 1, "和园": 1, "董事长": 1, "秋童": 1, "一代": 3, "成长": 1, "孩子": 1, "提起": 1, "建筑": 1, "想到": 1, "故宫": 1, "颐和园": 1, "苏州": 1, "园林": 1, "埃菲尔铁塔": 1, "凯旋门": 1, "文物": 1, "足以": 1, "国人": 2, "感到": 2, "自豪": 1, "超高": 1, "IP吾皇": 1, "合伙人": 1, "兼": 2, "王": 1, "伟静": 1, "关系": 2, "初": 2, "赋予": 2, "差异性": 1, "生命力": 1, "风靡": 1, "日本": 1, "形象": 1, "IID": 1, "事业部": 1, "加藤久佳": 1, "发言人": 1, "手绘": 1, "萌萌": 1, "少女心": 1, "粉丝": 3, "带": 3, "日常": 4, "融入": 1, "有助于": 2, "黏性": 1, "平等": 1, "态度": 1, "真诚": 1, "走心": 1, "产业": 23, "生力军": 1, "人员": 3, "都会": 2, "将来": 1, "抓住": 1, "市场": 30, "机遇": 2, "深耕华": 1, "来源": 5, "东方网": 1, "8月": 5, "16日": 2, "消息": 3, "给出": 1, "公告": 1, "称": 3, "Mate": 10, "X": 11, "5G版": 5, "开卖": 1, "售价": 13, "6199": 2, "元": 21, "说法": 2, "业内": 2, "唯一": 2, "双卡": 2, "4G": 15, "SA/NSA": 1, "双模": 1, "X上": 1, "调整": 1, "外形": 1, "变化": 2, "翡翠": 1, "绿配色": 1, "8GB": 1, "内存": 1, "256GB": 1, "存储": 2, "版本": 4, "背部": 1, "标识": 1, "依然": 1, "7.2": 1, "麒麟980": 3, "处理器": 6, "基带": 1, "巴龙": 1, "5000": 11, "SA": 6, "NSA": 7, "主流": 3, "组网": 6, "兼容": 4, "3G": 3, "2G": 3, "多种": 1, "网络": 13, "制式": 1, "新机": 1, "内置": 5, "4200": 1, "mAh": 1, "容量": 1, "电池": 3, "44": 1, "W华": 1, "超级": 1, "快充": 3, "置": 1, "依旧": 1, "4000万": 1, "2000万": 1, "800万": 1, "徕卡": 1, "摄": 1, "整体": 3, "跻身": 1, "家族": 1, "旗舰": 2, "机型": 7, "队伍": 2, "份额": 12, "欲": 1, "50%": 2, "靠着": 1, "统计": 2, "2019年": 6, "上半年": 6, "含": 1, "34.3%": 1, "销量": 5, "同比": 6, "增长": 15, "18.1%": 1, "Pro": 1, "季度": 3, "畅销": 1, "330万": 1, "340万": 1, "600-800": 1, "美元": 2, "价格": 3, "区间": 2, "4100": 1, "5500": 1, "王者": 1, "48%": 1, "远远": 1, "苹果": 12, "37%": 1, "差距": 2, "拉": 1, "指出": 1, "包含": 2, "快速": 1, "势头": 1, "三星": 8, "转投": 1, "出货量": 16, "超越": 5, "坐稳": 2, "宝座": 2, "发起": 1, "冲击": 1, "加码": 2, "高端": 3, "毕竟": 2, "800": 1, "遥遥领先": 1, "iPhone": 1, "74%": 1, "明年": 3, "对外": 1, "因素": 3, "2.4亿": 2, "台": 9, "压制": 1, "位置": 2, "透露": 2, "坐": 1, "稳": 1, "日前": 1, "公布": 3, "半年": 1, "业绩": 1, "发货量": 4, "1.18亿": 1, "24%": 1, "制裁": 1, "快": 5, "第四": 4, "预计": 5, "7000万": 1, "8000万": 1, "9000万": 1, "3-3.1亿": 1, "外部": 1, "坦言": 1, "解决": 6, "外界": 3, "不利": 1, "成效": 1, "上将": 1, "6月": 2, "21日": 1, "nova": 3, "新品": 1, "产品线": 2, "总裁": 2, "何刚": 1, "截至": 2, "5月": 2, "30日": 1, "2019": 7, "突破": 5, "1亿": 1, "用时": 1, "149": 1, "相比": 7, "去年": 6, "破": 1, "亿": 1, "记录": 3, "缩短": 1, "49": 1, "出货": 3, "刚": 4, "系列": 6, "上市": 3, "85": 1, "1千万": 1, "P20": 1, "提前": 1, "52": 1, "HDC": 3, "即将": 1, "IOT": 1, "莫过于": 1, "「": 6, "」": 6, "布局": 7, "平板": 1, "眼镜": 13, "手表": 24, "耳机": 2, "PC": 1, "延伸": 1, "体系": 3, "重点": 1, "无论是": 1, "词": 1, "年后": 2, "火力": 1, "全开": 1, "状态": 2, "Q1": 2, "282%": 1, "适合": 3, "结束": 1, "采访": 2, "穿戴": 7, "运动": 24, "健康": 24, "张炜": 9, "介绍": 4, "Hihealth": 9, "Hihealth2.0": 5, "1.0": 5, "亮点": 2, "&": 1, "分论坛": 1, "旨在": 1, "软件": 7, "对比": 2, "做出": 3, "HiHealth": 5, "2.0": 6, "增加": 5, "模型": 2, "血氧": 1, "篮球": 6, "铁人": 1, "项": 3, "云端": 2, "API": 2, "JS": 1, "APP": 1, "端侧": 1, "安卓": 1, "保证": 2, "享受": 2, "借助": 1, "接入": 10, "室内": 2, "健身": 5, "联动": 2, "增强": 1, "医疗": 4, "隐私": 3, "至上": 1, "遵循": 1, "法律": 1, "欧盟": 1, "GDPR": 1, "参考": 3, "GAPP": 1, "业界": 1, "实践": 1, "传输": 2, "加密": 1, "全方位": 1, "保障": 2, "设备商": 1, "进来": 2, "灵活": 1, "形式": 1, "区别": 1, "舒华": 1, "佑美": 1, "必确": 1, "提供商": 2, "睡眠": 2, "薄荷减脂": 1, "众安": 1, "步步": 1, "平安": 1, "动保": 1, "完善": 1, "闭环": 2, "方案": 6, "南非": 1, "Discovery": 1, "保险": 4, "互动式": 1, "运动量": 1, "意味着": 1, "开源性": 1, "事情": 1, "这两天": 1, "建立": 1, "繁荣": 1, "很多": 5, "底层": 1, "传感器": 1, "OS": 2, "整合": 1, "最终": 3, "创造": 2, "扩展": 1, "放心": 1, "监控": 1, "各行各业": 1, "大众": 2, "实时": 1, "便捷": 2, "汽车": 1, "教育": 1, "管理": 1, "赋能": 1, "Apple": 2, "Watch": 8, "方向": 4, "经历": 1, "5": 3, "最初": 1, "心率": 7, "检测": 3, "集成": 2, "定位": 5, "电话": 2, "上网": 1, "角度": 1, "回答": 1, "迎来": 4, "革命": 1, "怀表": 1, "机械": 2, "腕表": 2, "石英表": 2, "空间": 7, "想": 5, "传统": 6, "用户群": 1, "长续航": 1, "传统表": 1, "工艺": 1, "佩戴": 5, "程度": 2, "取代": 1, "奢侈品": 1, "珠宝": 1, "保留": 1, "人体": 3, "电子": 2, "发挥": 2, "联接": 1, "早期": 3, "疾病": 4, "筛查": 4, "五大": 1, "出行": 1, "娱乐": 1, "办公": 2, "关联": 1, "方方面面": 1, "量级": 1, "专业": 6, "机构": 8, "HUAWEI": 9, "GT": 6, "301": 8, "医院": 7, "监测": 10, "心脑": 1, "几率": 1, "初次": 1, "找到": 1, "结合点": 1, "心血管": 2, "中国": 7, "慢性病": 1, "排名": 5, "危害": 1, "太": 4, "类似": 3, "难": 2, "关键": 3, "时刻": 2, "采集": 1, "24": 1, "小时": 1, "院外": 1, "配合": 1, "心脏": 2, "研究": 7, "项目": 9, "截止": 1, "七月": 1, "34": 1, "高风险": 1, "600": 1, "回访": 1, "确诊": 1, "300": 2, "患者": 1, "发现": 2, "进展": 1, "团队": 1, "收到": 1, "欧洲": 2, "心脏病": 1, "学会": 1, "学术": 1, "会议": 3, "月底": 2, "参加": 1, "相关": 2, "成果": 1, "比如说": 1, "呼吸": 1, "内分泌": 1, "贡献": 1, "佳明": 1, "配件": 2, "准确率": 1, "相比于": 1, "准确性": 1, "限于": 1, "用途": 1, "水准": 4, "Polar": 1, "上午": 2, "精灵": 1, "手环": 8, "当作": 1, "放": 2, "鞋": 2, "腾空": 2, "高度": 1, "参数": 2, "成熟": 1, "下一代": 2, "至今": 1, "此前": 6, "IDC": 3, "中上": 1, "动作": 2, "6": 3, "月份": 2, "新闻稿": 1, "发货": 1, "数值": 1, "很快": 1, "新一代": 3, "充满": 2, "信心": 1, "刚才": 1, "提到": 3, "女性": 1, "型号": 1, "款式": 1, "腕带": 1, "硅胶": 1, "氟": 1, "橡胶": 1, "金属": 1, "编织": 1, "环保": 1, "亲肤": 1, "材料": 1, "推": 1, "期望": 2, "截止到": 1, "1000": 2, "支": 1, "GfK": 1, "33%": 1, "国际": 3, "努力": 4, "恰逢": 1, "8": 2, "世界杯": 1, "4e": 1, "手上": 1, "评估": 1, "建议": 3, "下半年": 1, "稍后": 1, "配置": 2, "续航": 2, "失望": 1, "蜂窝版": 1, "日程": 1, "当中": 2, "2020": 1, "文": 2, "|": 2, "考拉": 7, "科技馆": 2, "文章": 3, "禁止": 1, "转载": 1, "违者": 1, "必究": 1, "！": 2, "每每": 1, "朋友": 4, "聊起": 1, "感叹": 1, "走到": 1, "属实": 1, "不易": 1, "电信": 1, "合约机": 1, "如今": 4, "响彻": 1, "海内外": 2, "mate": 2, "P系列": 1, "一路": 1, "走": 2, "艰辛": 1, "付出": 1, "回报": 1, "春天": 1, "播下": 1, "种子": 1, "秋天": 1, "总会": 1, "收获": 2, "季": 1, "麒麟": 6, "970": 4, "诚然": 1, "高通": 3, "845": 1, "A11": 1, "总算": 1, "芯片": 13, "追上": 2, "曙光": 4, "如果说": 1, "麒麟970": 3, "国外": 2, "巨头": 2, "P20pro": 5, "无疑": 2, "见证": 1, "大头": 1, "高光": 1, "时间线": 1, "拉回": 1, "技压": 1, "众": 1, "旗舰机": 2, "场面": 1, "20pro": 13, "强悍": 2, "拍照": 8, "霸屏": 1, "火": 1, "DxOMarK": 2, "榜单": 4, "长": 3, "记得": 1, "小米": 4, "雷军": 2, "调侃": 1, "特地": 1, "成立": 1, "相机": 2, "部门": 2, "随后": 1, "全体": 1, "好不容易": 1, "分数": 1, "搞出": 1, "瞬间": 1, "名头": 2, "抢": 1, "一番话": 1, "P30pro": 1, "逢": 1, "抗手": 1, "事实": 1, "赶下": 1, "战果": 1, "斐然": 1, "开售": 2, "出采": 1, "渐变式": 1, "机身": 1, "夺得": 2, "好评": 1, "全年华": 1, "1700万": 1, "夸张": 1, "打响": 1, "后续": 1, "曝光度": 1, "算算": 1, "距离": 2, "半": 2, "继任者": 1, "30pro": 2, "降价": 6, "＋": 1, "64G": 1, "4988": 1, "降": 2, "2799": 2, "降幅": 1, "2200": 3, "出乎意料": 1, "获悉": 1, "抬杠": 1, "网友": 5, "出奇": 1, "站": 1, "骂": 1, "黑心": 1, "当初": 1, "贵": 1, "入手": 12, "冲动": 1, "铭记": 1, "这部": 1, "辉煌": 1, "确实": 4, "意动": 1, "前天": 1, "因人而异": 1, "合适": 1, "平时": 1, "游戏": 5, "运行": 1, "大型": 2, "上文": 2, "赶超": 1, "不行": 1, "机会": 2, "懂": 1, "算": 2, "差": 1, "绰绰有余": 1, "看完": 1, "心里有数": 1, "党": 2, "……": 4, "反正": 2, "金子": 1, "招牌": 1, "退伍": 1, "象征": 1, "值": 1, "买": 3, "华为p30": 1, "加个一千多": 1, "块钱": 1, "扯完": 1, "疑问": 2, "撤": 1, "评论区": 1, "轰炸": 1, "忘记": 1, "举起": 1, "爪子": 1, "关注": 3, "～": 1, "撰稿人": 1, "聊": 1, "资讯": 1, "位于": 2, "超前": 1, "购买": 2, "乱": 1, "采用": 8, "6.1": 1, "水滴屏": 2, "竟然": 1, "3988": 1, "红米K20Pro": 1, "2500": 1, "价位": 3, "整整": 1, "nova5": 2, "中端": 1, "才": 3, "6.39": 1, "麒麟810": 1, "算是": 1, "中高端": 1, "该机": 4, "V20": 1, "将近": 1, "3000": 1, "相差": 1, "5i华": 1, "nova5i": 2, "6.4": 1, "挖": 1, "孔屏": 1, "颜值": 1, "麒麟710": 1, "落后": 1, "10W": 2, "后置": 1, "指纹": 1, "识别": 1, "给力": 2, "高达": 2, "1999": 2, "麦芒8": 4, "1699": 1, "710": 1, "综合": 2, "9": 1, "同等": 1, "占": 3, "基本上": 1, "缺点": 2, "显得": 2, "不知": 1, "入坑": 1, "/": 3, "柠檬": 1, "陌生": 1, "等到": 1, "陆续": 2, "投入": 1, "届时": 1, "配备": 3, "即可": 3, "讲到": 2, "提": 1, "热门": 1, "高通X50": 1, "均": 5, "Balong": 9, "究竟": 2, "枚": 1, "往下": 1, "分析": 1, "第五": 1, "现时": 1, "LTE": 2, "升级版": 1, "在于": 2, "超低": 1, "时延": 1, "城市": 11, "VR": 3, "驾驶": 1, "网速": 2, "4.6Gbps": 3, "晶片": 2, "关心": 1, "商用": 2, "支援": 10, "FDD": 1, "TDD": 1, "Sub6G": 2, "频段": 2, "峰值": 1, "数十": 1, "档案": 1, "发售": 1, "万众": 1, "划时代": 1, "折叠式": 1, "折屏": 1, "多模": 4, "开通": 1, "初期": 1, "未": 1, "大部分": 1, "相对于": 1, "单模": 1, "额外": 4, "挂载": 1, "SoC": 1, "Snapdragon": 1, "X50": 1, "低": 2, "延迟": 1, "电": 1, "基频": 2, "亦": 1, "独立": 4, "成本": 3, "商会": 1, "过渡": 1, "之上": 1, "接口": 1, "商日": 1, "SA架构": 1, "透过": 1, "随时": 1, "降级": 1, "小伙伴们": 1, "看法": 2, "留言": 1, "讨论": 1, "中商": 6, "情报": 1, "网讯": 1, "Mate20": 1, "昨日": 1, "心声": 1, "社区": 1, "微信": 1, "公号": 1, "15日": 1, "中午": 1, "12点": 1, "预约量": 1, "100万": 1, "据悉": 1, "超": 3, "30": 1, "短期": 1, "普及": 1, "研究院": 6, "前景": 2, "投资": 7, "预测": 1, "下跌": 1, "2-3年": 1, "换机": 1, "频率": 1, "跌幅": 1, "收缩": 1, "全年": 1, "3.5亿": 1, "2021年": 1, "爆发": 3, "2025年": 1, "全国": 3, "2016年": 1, "水平": 1, "95%": 1, "1%": 1, "2020年": 1, "选择性": 1, "更换": 1, "10%": 1, "；": 3, "下滑": 2, "2023年": 1, "推广": 1, "落地": 4, "机潮": 1, "五成": 1, "回落": 1, "前五": 1, "OPPO": 2, "资料": 2, "请": 1, "2019-2024年": 1, "规划": 9, "策划": 2, "产业园": 1, "招商": 1, "引资": 1, "记者": 2, "余蕊": 1, "实习": 1, "程晓玲": 1, "编辑": 1, "杨欢": 1, "摄图网": 1, "9日": 1, "亮相": 2, "各方": 1, "时隔": 2, "热情": 1, "稍微": 2, "冷却": 1, "想来": 1, "聊聊": 1, "会上": 1, "感略": 1, "主角": 1, "2015年": 1, "开办": 1, "届": 1, "举办地": 2, "深圳": 16, "上海": 1, "北京": 1, "汇聚": 1, "1500": 2, "场": 1, "堪称史": 1, "上规模": 1, "坐标": 1, "感谢": 1, "市委": 2, "市政府": 1, "场地": 1, "接下来": 1, "美丽": 1, "溪村": 1, "盛会": 1, "首场": 1, "CEO": 2, "常务": 1, "董事": 1, "如是说": 1, "光环": 1, "观众": 1, "关注度": 1, "微乎其微": 1, "身份": 1, "回归": 1, "视线": 1, "12日": 1, "GDP": 2, "百强榜": 1, "总值": 3, "4215.93亿": 1, "6.9%": 1, "回到": 2, "队列": 1, "经济": 5, "形势": 1, "导致": 2, "出口型": 1, "增速": 2, "放缓": 1, "背景": 1, "凭何": 1, "逆势而动": 1, "黑马": 1, "华为们": 2, "接踵而至": 1, "城": 3, "来到": 3, "此次": 3, "参会": 1, "数千": 1, "绝大多数": 1, "城叔": 3, "去到": 1, "此行": 1, "所有人": 1, "目光": 1, "聚焦": 1, "身上": 1, "会场": 2, "所在地": 3, "继北": 1, "梳理": 1, "工厂": 5, "早": 1, "14": 1, "年前": 1, "2005年": 1, "签订": 2, "协议": 2, "设立": 2, "南方": 2, "2009年": 1, "投产": 1, "此后": 1, "2012年": 1, "再次": 1, "总部": 4, "溪流": 1, "背坡村": 1, "北部": 1, "相距": 1, "11": 1, "公里": 2, "视野": 1, "大事": 1, "集体": 1, "搬迁": 2, "7月": 1, "1月": 1, "批次": 1, "共计": 1, "16800": 1, "华为溪村": 1, "逃离": 1, "传": 1, "沸沸扬扬": 1, "园区": 5, "建设": 3, "大学": 1, "台湾": 1, "科技园": 1, "南部": 1, "学校": 1, "机器": 1, "实验室": 1, "人才房": 1, "多达": 1, "数万": 1, "华为人": 1, "强势": 1, "入驻": 3, "十余": 1, "2001年": 1, "面积": 2, "72": 1, "平方公里": 2, "工业": 5, "扩容": 1, "589": 1, "功能区": 1, "眼中": 1, "聪明": 1, "IT": 1, "原因": 1, "18万": 1, "员工": 1, "遍及": 1, "下定决心": 1, "举动": 1, "迫于": 1, "自愿": 1, "21": 1, "世纪": 1, "走过": 1, "10": 1, "年头": 1, "面对": 1, "步步高": 1, "vivo": 1, "制造": 1, "崛起": 1, "急需": 1, "前提": 1, "加速": 1, "规模": 2, "基地": 8, "地价": 1, "高企": 1, "难以": 1, "创始人": 1, "任正非": 1, "炮轰": 1, "房地产": 2, "过度": 1, "挤出": 1, "效应": 3, "大块": 1, "用地": 1, "坂田": 2, "50": 1, "诚意": 1, "理所当然": 1, "潜力": 1, "地块": 1, "附赠": 1, "配套": 1, "政策": 1, "消除": 1, "内部": 2, "后顾之忧": 1, "交通": 1, "高新技术": 1, "开发区": 1, "总体": 1, "2016-2030": 1, "纲要": 2, "提出": 1, "莞深": 1, "城际": 4, "虎": 1, "龙": 1, "条": 2, "轨道": 1, "虎龙": 1, "通至": 1, "龙岗": 1, "去哪儿": 2, "龙岗区": 1, "街道": 2, "出让": 1, "规上": 1, "总产值": 1, "绝对值": 1, "奇迹": 1, "落子": 1, "座": 1, "成绩单": 1, "销售": 2, "6036亿": 1, "15.7%": 1, "7212亿": 1, "3489亿": 1, "公开": 2, "68": 1, "所在": 1, "630亿": 1, "13.9%": 1, "税收": 1, "指标": 1, "总量": 2, "居": 1, "全市": 2, "千亿": 1, "多年": 2, "蝉联": 1, "广东": 2, "制造业": 1, "500": 1, "榜首": 1, "一举": 1, "东莞市": 1, "出口": 1, "总额": 1, "主营": 1, "纳税": 1, "冠军": 1, "三冠王": 1, "经济效益": 1, "跟随": 1, "脚步": 1, "发达": 1, "供应商": 1, "上下游": 1, "百": 1, "第17": 1, "软通": 5, "动力": 4, "乔迁": 1, "庆典": 1, "执行": 1, "副总裁": 1, "黄颖": 1, "华南区": 1, "转移": 1, "人数": 1, "4000": 1, "易宝": 2, "华微": 1, "明天": 1, "服务商": 1, "占据": 2, "90%": 1, "经理": 1, "黄后林": 1, "如是": 1, "案例": 1, "印证": 1, "一家": 1, "强企": 1, "产业链": 1, "龙头": 1, "体制": 1, "改革": 1, "研究会": 1, "副会长": 1, "彭澎": 3, "告诉": 1, "示范": 1, "带动": 1, "资本": 1, "激发": 1, "转型": 2, "后劲": 1, "接招": 1, "留住": 3, "更为": 1, "2月": 1, "粤": 1, "港澳": 1, "大湾区": 2, "战略性": 2, "新兴": 3, "集群": 1, "扎堆": 1, "宝贵": 1, "定调": 1, "使命": 1, "借势": 1, "更新换代": 1, "镇街": 3, "错位": 2, "社会": 1, "治安": 1, "公共": 1, "有待": 1, "中低端": 1, "进驻": 1, "‘": 1, "腾笼": 1, "鸟": 1, "’": 1, "置换": 1, "面临": 2, "旧": 1, "局面": 1, "承接": 1, "镇": 3, "街": 1, "均衡": 1, "32": 1, "土地": 2, "腾挪": 1, "街间": 1, "同质化": 1, "无中心": 1, "困扰": 1, "硬伤": 1, "分院": 1, "主任": 1, "邹": 1, "鹏": 1, "扁平": 1, "地方": 2, "大哥": 1, "榜样": 1, "合力": 1, "无从谈起": 1, "想要": 1, "人才": 3, "居住": 1, "环境": 2, "印象": 1, "村村": 1, "点火": 1, "户户": 1, "冒烟": 1, "烟囱": 2, "林立": 2, "品质": 4, "匹配": 1, "长园": 1, "负责人": 1, "搬": 1, "10多": 1, "薪酬": 1, "招到": 1, "应征者": 1, "寥寥无几": 1, "文化": 1, "休闲": 1, "政府": 1, "办法": 1, "今年初": 1, "喊出": 1, "全力": 1, "湾区": 2, "都市": 2, "口号": 1, "书记": 1, "维东": 1, "接受": 1, "标": 1, "广州": 1, "先进": 1, "取胜": 1, "补齐": 1, "短板": 1, "宜居": 2, "宜业": 2, "宜游": 1, "魅力": 1, "难题": 1, "每日": 1, "新闻": 1, "新浪": 1, "3月": 1, "期间": 1, "韩国": 1, "时尚": 2, "Gentle": 1, "Monster": 1, "看起来": 1, "太阳镜": 1, "摄像头": 1, "头显": 1, "轻巧": 1, "优点": 1, "高科技": 1, "墨镜": 2, "极简": 1, "颗": 1, "按键": 1, "凸起": 1, "外观": 1, "差不多": 1, "镜框": 1, "镜片": 1, "可更换": 1, "镜腿": 1, "芯片组": 1, "双天线": 1, "充电": 4, "模组": 1, "扬声器": 3, "双麦克风": 1, "放入": 1, "麦克风": 2, "波束": 1, "成形": 1, "嘈杂": 1, "确保": 1, "清晰": 1, "通话": 1, "音质": 1, "精确": 1, "减少": 1, "声音": 1, "泄露": 1, "号称": 1, "工作室": 1, "级别": 1, "立体声": 1, "无线": 2, "精心": 1, "充电袋": 1, "NFC无接触式": 1, "夏季": 1, "7月份": 1, "八月份": 1, "只能": 1, "IFA": 1, "六七": 1, "早些时候": 1, "AR眼镜": 1, "细节": 1, "助手": 1, "拨打": 1, "67": 1, "认证": 1, "防水": 1, "防尘": 1, "毫安": 1}