{"华为": 172, "徕卡": 3, "合作": 6, "推出": 7, "P9": 1, "很多": 9, "媒体": 2, "网友": 2, "意味着": 1, "相机": 3, "拍照": 6, "脱胎换骨": 1, "升华": 1, "确实": 3, "自此": 1, "一代": 3, "P系列": 9, "Mate": 12, "系列": 18, "旗舰": 5, "机型": 6, "体验": 2, "成像": 1, "质量": 1, "再次": 2, "提升": 5, "一个": 14, "档次": 1, "都": 28, "测试": 2, "机构": 4, "DxOMark": 2, "得分": 2, "占": 3, "四": 6, "足以": 2, "底蕴": 1, "P30": 5, "发布": 9, "件": 3, "激动": 1, "：": 9, "近日": 1, "迪拜": 3, "哈利法塔": 4, "投放": 4, "广告": 2, "宣传": 5, "称为": 2, "世界": 9, "第一": 12, "高楼": 1, "塔": 1, "坐落": 1, "市中心": 1, "华为p30": 1, "一经": 1, "用户": 12, "新机": 2, "早": 2, "Mate20": 2, "新品": 1, "研发": 3, "营销": 1, "投入": 2, "品牌": 12, "相比": 3, "以往": 2, "发生": 1, "改变": 1, "早已": 1, "当年": 3, "中华": 1, "酷联": 1, "吴下阿蒙": 1, "一点": 5, "不少": 3, "投机": 1, "取巧": 1, "爆出": 1, "闪存": 2, "规格": 1, "混用": 1, "屏幕": 3, "疏油层": 1, "希望": 2, "发展": 21, "仔细": 1, "做好": 2, "产品": 8, "服务": 6, "造福": 1, "这才": 1, "中国": 9, "科技": 4, "企业": 8, "事情": 3, "想": 2, "全球": 11, "智能": 6, "手机": 27, "市场": 32, "激烈": 2, "竞争": 13, "程度": 2, "主流": 2, "厂商": 10, "至少": 1, "节奏": 2, "少于": 1, "一两部": 1, "落后": 1, "白白": 1, "丧失": 1, "占据": 4, "优势": 8, "地位": 4, "机会": 3, "国产": 1, "高端": 6, "旗舰机": 1, "代表": 4, "实行": 1, "双旗舰": 1, "战略": 1, "旗下": 1, "型号": 2, "选": 1, "款": 5, "定位": 1, "时尚": 2, "符合": 2, "年轻": 2, "消费者": 5, "选择": 8, "功能": 5, "强大": 10, "商务": 3, "人士": 4, "整体": 2, "外观": 1, "设计": 4, "趋于": 1, "机身": 2, "配色": 1, "种类": 1, "繁多": 1, "极光": 1, "五": 3, "颜色": 1, "宝石": 1, "蓝": 1, "亮黑": 1, "香槟金": 1, "知名度": 1, "注重": 1, "自拍": 1, "指纹": 1, "解锁": 1, "关心": 1, "重点": 1, "风格": 1, "较为": 2, "严肃": 1, "沉稳": 1, "总体": 1, "大气": 1, "Pro": 5, "具备": 3, "3D": 1, "结构": 1, "无线": 1, "充电": 1, "深受": 1, "喜爱": 1, "更为": 1, "高大上": 1, "保时捷": 1, "版本": 1, "看上去": 1, "低调": 2, "内涵": 1, "钟情": 1, "最新": 2, "技术": 31, "先行者": 1, "表现": 2, "P20": 2, "尤为": 1, "率先": 2, "后置": 1, "三": 4, "摄": 2, "方案": 8, "这是": 3, "一举": 1, "荣获": 1, "荣誉": 1, "未能": 2, "比肩": 1, "如今": 6, "才": 2, "超越": 9, "采用": 3, "支持": 4, "潜望式": 1, "50": 1, "倍": 1, "焦": 1, "优异": 1, "震惊": 1, "中外": 1, "核心": 5, "竞争力": 2, "新款": 1, "芯片": 17, "均": 2, "下半年": 2, "新一代": 2, "海思": 1, "麒麟": 6, "基本上": 1, "首发": 3, "搭载": 2, "吸引": 2, "特色": 1, "亮点": 1, "区别": 1, "主攻": 1, "摄像": 1, "主打": 2, "一般来说": 1, "价格": 6, "低于": 1, "同年": 1, "预算": 1, "紧凑": 1, "购买": 2, "不错": 1, "同代": 1, "降低": 1, "取决于": 1, "需求": 2, "范儿": 2, "享受": 1, "生活": 1, "！": 10, "本文": 1, "喜欢": 1, "记得": 1, "关注": 3, "、": 51, "收藏": 1, "赞": 1, "动力": 1, "余承东": 8, "戏称": 1, "大嘴": 1, "发布会": 2, "三星": 15, "苹果": 5, "迟迟": 1, "每次": 1, "吹牛": 1, "名字": 1, "去年": 2, "销量": 5, "正式": 2, "iPhone": 8, "一半": 1, "目标": 3, "定价": 1, "原因": 5, "打算": 1, "入手": 2, "XS": 1, "犹豫": 1, "加上": 1, "国内": 17, "之中": 7, "存在感": 1, "低": 3, "自然": 1, "首选": 1, "知名": 2, "头条": 1, "难以": 1, "想象": 3, "曝光度": 1, "海外": 2, "增加": 2, "来源": 1, "刚刚": 2, "公布": 2, "财报": 1, "情况": 2, "+": 2, "荣耀": 5, "很": 12, "第二": 3, "位置": 3, "国家": 15, "太": 4, "热门": 1, "印度": 1, "忽略": 1, "计": 1, "出货量": 5, "大规模": 2, "下降": 2, "股价": 1, "依然": 5, "渠道": 1, "能力": 4, "机海": 2, "战术": 2, "颠覆": 1, "时期": 1, "还要": 1, "无奈": 1, "小米": 27, "魅族": 1, "互联网": 3, "崛起": 8, "中低端": 1, "退出": 1, "印象": 2, "成功": 2, "不止": 2, "半导体": 2, "业务": 21, "低迷": 1, "赚": 1, "盆满钵满": 1, "供应": 1, "链端": 1, "话语权": 1, "不得不": 1, "低头": 1, "公司": 11, "高通": 8, "纠纷": 1, "经历": 1, "note7": 1, "爆炸": 1, "事件": 1, "坚挺": 1, "背后": 2, "资源": 7, "巨头": 4, "份额": 6, "末位": 1, "危险": 2, "发起": 1, "攻势": 1, "模式": 2, "行业": 6, "配置": 1, "超高": 1, "性价比": 4, "玩": 1, "耗死": 1, "出乎": 1, "预料": 1, "vivo": 1, "进来": 1, "消耗": 1, "供应链": 1, "权重": 1, "输": 1, "雷军": 1, "众": 2, "高管": 1, "紧张": 1, "急速": 1, "这样一来": 1, "就要": 1, "沦为": 1, "支撑": 3, "老大": 1, "统计": 1, "分开": 1, "计算": 5, "空间": 3, "AIoT": 1, "接下来": 1, "5G": 18, "争夺战": 1, "机潮": 2, "IoT": 4, "大众": 1, "接受": 2, "延迟": 1, "带来": 5, "产业": 5, "抓住": 1, "物联网": 1, "差": 1, "包括": 5, "排名": 6, "未来": 7, "样子": 1, "场景": 2, "开发": 2, "到时候": 1, "各家": 1, "护城河": 2, "缺少": 2, "小米IoT": 1, "美丽": 1, "掉": 3, "第四": 2, "解决": 10, "调性": 1, "单一": 2, "简单": 1, "把握": 1, "心动": 1, "处境": 1, "脱离": 1, "本报": 2, "驻": 1, "美国": 28, "特约": 2, "记者": 2, "岩": 1, "陈": 1, "欣": 1, "官员": 4, "网络": 10, "华盛顿": 4, "邮报": 3, "1日": 4, "报道": 3, "称": 8, "拉拢": 1, "盟友": 2, "打压": 1, "受挫": 1, "——": 2, "主导": 1, "保证": 1, "福布斯": 2, "杂志": 2, "网站": 2, "2日": 3, "评论": 2, "战争": 3, "失败": 2, "思考": 1, "阻止": 2, "互联": 1, "破坏性": 1, "攻击": 1, "潜在": 1, "间谍": 5, "情报": 5, "副": 1, "主任": 1, "苏·戈登": 1, "上周": 4, "得克萨斯州": 1, "大学": 1, "会议": 1, "假定": 1, "恶劣": 1, "多样化": 1, "信任": 1, "找到": 4, "管控": 1, "相关": 6, "风险": 5, "方式": 2, "尚未": 1, "放弃": 1, "敦促": 2, "参与": 2, "建设": 3, "成本": 3, "设备": 11, "为此": 2, "讨论": 2, "加密": 1, "分段化": 1, "组件": 1, "设置": 1, "标准": 1, "手段": 1, "保护": 1, "关键": 2, "系统": 3, "篇": 1, "做法": 1, "后华": 1, "备选": 1, "文章": 4, "眼": 1, "联盟": 1, "成员": 2, "施压": 1, "澳大利亚": 1, "禁止": 5, "欧洲": 4, "委员会": 1, "成员国": 2, "发出": 2, "针对": 2, "警告": 1, "北约": 1, "下属": 1, "研究": 2, "中心": 2, "报告": 2, "细微": 1, "差别": 1, "方法": 1, "坚称": 1, "从未": 1, "政府": 3, "活动": 7, "计划": 3, "承认": 1, "问道": 1, "作者": 2, "数字": 1, "壁垒": 1, "创始人": 1, "首席": 1, "执行官": 1, "扎克·道夫曼": 1, "赢得": 5, "此次": 1, "戈登": 2, "表态": 1, "验证": 1, "国务卿": 1, "蓬佩奥": 1, "说服": 1, "欧盟": 1, "强硬": 1, "对待": 1, "存有": 1, "传递": 3, "消息": 3, "煽动": 1, "写道": 1, "拿出": 1, "北京": 1, "搜集": 1, "证据": 1, "铺天盖地": 1, "话题": 1, "热度": 1, "全世界": 1, "指控": 1, "质疑": 2, "胜利": 2, "越来越": 7, "西方": 3, "接二连三": 1, "审查": 1, "本国": 1, "通信": 5, "结束": 1, "访问": 3, "新西兰": 2, "总理": 1, "阿德恩": 1, "解释": 1, "立场": 2, "歧视": 1, "香港": 1, "南华": 2, "早报": 2, "爱尔兰": 1, "外长": 2, "上月": 1, "游说": 1, "抵制": 3, "不为所动": 1, "该国": 1, "暗示": 1, "中立": 1, "新加坡": 1, "杨荣文": 2, "采访": 1, "外国": 1, "担忧": 1, "现象": 1, "消除": 1, "尝试": 1, "担心": 2, "更多": 1, "部门": 3, "监听": 1, "导致": 1, "难": 3, "▲": 1, "华为云": 8, "成长": 1, "令人瞩目": 1, "前不久": 1, "Forrester": 1, "给予": 1, "高度": 3, "评价": 1, "称之为": 1, "全栈": 2, "公有": 12, "平台": 3, "领导者": 2, "！！！": 1, "进击": 4, "云玺哥": 1, "这两年": 1, "云业务": 5, "势头": 2, "字": 1, "形容": 1, "2018": 1, "年度": 1, "超过": 3, "1千亿": 1, "美元": 2, "营收": 2, "成绩单": 1, "驱动力": 2, "2017年": 1, "3月": 1, "云BU": 8, "宣告": 1, "成立": 2, "很快": 1, "开启": 1, "运营": 2, "上云": 2, "历程": 1, "业务群": 1, "显得": 1, "历年": 1, "备受": 1, "瞩目": 1, "财务": 1, "报表": 1, "数据": 4, "轮值": 1, "董事长": 1, "在内": 2, "高层": 1, "To": 1, "B": 1, "入口": 1, "群": 1, "增长": 3, "数字化": 2, "底座": 1, "迅猛": 4, "得益": 1, "提出": 5, "普惠云": 4, "理念": 4, "敏锐": 1, "察觉": 1, "客户": 11, "迫切": 1, "升级": 1, "有限": 1, "IT": 5, "力量": 2, "阻碍": 1, "步伐": 1, "普惠化": 1, "云端": 2, "迁移": 1, "优化": 2, "运算": 1, "时代": 1, "AI": 9, "管理": 6, "Arm": 1, "架构": 7, "硬件": 2, "虚拟机": 1, "容器": 1, "形态": 1, "提供": 3, "；": 2, "一整套": 1, "基础": 2, "模型": 1, "算法": 2, "面向": 2, "领域": 7, "建模": 1, "ModelArts": 1, "云HiLens": 1, "生成": 1, "SKILL": 1, "部署": 2, "端侧": 1, "路径": 7, "实惠": 1, "算力": 1, "Ai": 1, "割裂": 1, "华为云Bu": 2, "进一步": 1, "黑土地": 4, "承诺": 1, "碰": 1, "股权": 1, "投资": 1, "原则": 1, "设施": 1, "开放": 1, "追求": 1, "垄断": 1, "甘做": 1, "茂盛": 1, "生长": 1, "指引": 1, "得以": 1, "时至今日": 1, "拥有": 5, "6000": 1, "伙伴": 6, "2800": 1, "上架": 1, "100多万": 1, "发者": 1, "2018年": 3, "亚太": 2, "腊梅": 1, "23": 1, "地理": 1, "区域": 1, "40": 1, "用区": 1, "无穷": 1, "想象力": 1, "挑战": 5, "时间": 2, "短": 1, "云在": 1, "面临": 3, "12月": 1, "18日": 1, "网名": 1, "玛尼呸": 4, "心声": 1, "社区": 1, "内部": 14, "策略": 4, "诸多": 1, "公开": 2, "吐槽": 4, "封": 2, "吐槽信": 1, "任正非": 4, "亲自": 2, "署名": 1, "转发": 3, "分为": 1, "外部": 2, "1": 3, "私有云": 5, "路线": 3, "清晰": 2, "云计算": 5, "并立": 1, "势力": 1, "对外": 1, "公有云": 5, "定制": 2, "大私有云": 3, "内容": 1, "华为云BU": 1, "BU之下": 1, "私有": 8, "云团队": 2, "困惑": 1, "忧虑": 1, "至今": 1, "究竟": 3, "面对": 2, "都会": 1, "争论": 2, "纯公": 1, "起步": 1, "一块": 1, "重叠": 2, "团队": 1, "争夺": 2, "栈过于": 1, "维护": 1, "极为": 3, "繁琐": 1, "缺乏": 1, "统一性": 1, "当今": 1, "呈现": 1, "快速": 3, "倾斜": 1, "状况": 2, "人力": 1, "耗费": 1, "栈上": 1, "前景": 2, "不利": 2, "对手": 7, "如前所述": 1, "一统天下": 1, "微软": 2, "亚马逊": 2, "阿里": 2, "腾讯": 2, "利用": 1, "抢占": 1, "领先": 3, "阿里云": 6, "43%": 1, "稳居": 1, "借助": 2, "联合": 1, "支付宝": 1, "淘宝": 1, "钉钉": 1, "高德": 1, "阿里巴巴": 1, "程序": 1, "繁星": 1, "集成": 1, "赋能": 1, "打通": 1, "各行各业": 1, "地区": 1, "高居": 1, "榜首": 1, "内": 1, "仅次于": 1, "排": 1, "第三": 2, "紧跟": 1, "其后": 1, "腾讯云": 1, "确立": 1, "云为": 1, "方向": 3, "多种": 1, "中小企业": 1, "紧追": 1, "反观": 1, "客户端": 1, "多年": 1, "华": 1, "交流": 1, "反复": 1, "教育": 1, "对云": 1, "深刻": 1, "卖": 2, "盒子": 1, "伪": 1, "增量": 1, "官方": 1, "认证": 1, "账号": 1, "@": 3, "IT云": 3, "产品线": 3, "建议": 1, "回复": 3, "前期": 1, "IRB": 1, "组织": 2, "CloudBU": 1, "线": 1, "研讨": 1, "批准": 1, "发文": 1, "主推": 1, "统一": 4, "云Stack": 3, "优先": 1, "销售": 3, "在线": 1, "托管": 1, "(": 2, "原FCS": 1, ")": 2, "本地": 1, "运维": 1, "FusionCloud": 1, "线上": 1, "线下": 2, "策划": 1, "同步": 1, "界面": 1, "声音": 2, "3": 1, "拓展": 1, "合力": 2, "混合云": 1, "专项": 1, "激励": 1, "团队力": 1, "孔": 1, "构筑": 1, "篱笆": 1, "引流线": 1, "4": 1, "边界": 1, "划分": 2, "一线": 1, "合适": 1, "切实": 1, "决策层": 2, "云2019": 1, "奔跑": 3, "蜕变": 4, "2019": 1, "云想": 1, "尽快": 2, "才能": 1, "站稳": 1, "脚跟": 1, "捋清": 2, "滤清": 1, "员工": 2, "跟帖": 1, "表达": 3, "愿望": 1, "理清": 1, "分工": 1, "条": 3, "业务线": 1, "忙于": 1, "建立": 1, "闭环": 1, "Fusion": 2, "Cloud": 2, "混淆": 1, "形象": 1, "透露": 1, "套": 1, "人马": 1, "脚": 1, "轮番": 1, "上阵": 1, "推销": 1, "不良": 1, "影响": 2, "云大": 1, "差距": 3, "水平": 3, "厘清": 1, "工作": 2, "重中之重": 1, "突破点": 5, "理顺": 1, "关系": 1, "云蜕": 1, "路": 3, "跃升": 1, "2019年": 1, "云主": 1, "推": 1, "概念化": 1, "层面": 1, "实例": 1, "那种": 1, "树立": 1, "贯穿": 1, "差异化": 1, "典型": 1, "门类": 1, "提供商": 1, "迈进": 1, "一大": 1, "类似": 2, "突破性": 1, "终端": 1, "世界级": 1, "保有率": 1, "云盘": 2, "附送": 1, "网盘": 1, "备份": 1, "付费": 1, "抓": 1, "必将": 1, "海量": 2, "存储": 1, "孵化": 1, "大数据": 1, "新型": 1, "什么的": 1, "事儿": 1, "玺哥": 1, "有望": 1, "期待": 1, "云2019年": 1, "高速": 1, "六": 1, "批评者": 1, "斗争": 1, "幸运": 2, "正义": 1, "最终": 1, "转向": 1, "众所周知": 1, "制造商": 4, "经验": 1, "数万": 1, "项": 1, "专利": 2, "基站": 1, "4万": 1, "台": 1, "远远": 1, "领先于": 1, "爱立信": 5, "诺基亚": 2, "值得": 2, "芬兰": 1, "瑞典": 1, "老式": 1, "苦苦": 1, "挣扎": 1, "半": 1, "世纪": 1, "30年": 1, "跻身": 1, "长": 1, "走": 3, "利润": 1, "信心": 1, "2020年": 1, "预言": 1, "收入": 1, "7000亿": 1, "重视": 1, "人才": 1, "培养": 1, "支付": 1, "千亿": 1, "费用": 1, "文化": 1, "尊重": 2, "最多": 2, "订单": 2, "努力": 1, "回报": 1, "过程": 2, "前所未有": 1, "困难": 1, "一再": 1, "诽谤": 1, "事实上": 2, "害怕": 1, "勇敢": 1, "赞誉": 1, "实力": 3, "76亿": 1, "抗拒": 1, "百年": 1, "老": 1, "店": 1, "终于": 1, "CEO": 1, "当众": 1, "称赞": 1, "大致": 1, "客观": 1, "观点": 1, "赢": 1, "友好": 1, "持续": 1, "压力": 1, "能源": 1, "投资于": 1, "EO": 1, "Cook": 1, "调整": 1, "法国": 3, "打动": 1, "华5G": 1, "一家": 2, "商业": 1, "合同": 1, "将来": 1, "平坦": 1, "道路": 1, "操作": 1, "不可避免": 1, "快": 1, "20年": 1, "50年": 1, "成就": 2, "这不": 1, "未雨绸缪": 1, "辉煌": 1, "骄傲": 1, "安兔兔": 1, "三月份": 1, "安卓": 2, "性能": 5, "排行": 1, "毫无疑问": 1, "骁龙855": 1, "上榜": 1, "名": 2, "上一代": 1, "骁龙": 6, "845": 1, "麒麟980": 1, "仅仅": 1, "榜单": 1, "末尾": 1, "压": 1, "无可厚非": 1, "980": 1, "想到": 1, "阵营": 1, "联发科": 1, "状态": 1, "火热": 1, "自研": 3, "交给": 1, "代工厂": 1, "生产": 1, "装": 1, "不对": 1, "售卖": 1, "OPPO": 1, "去年底": 1, "855": 4, "着实": 1, "放下": 1, "风水轮流转": 1, "的确": 1, "处理器": 3, "霸榜": 1, "或许": 2, "并未": 1, "停下": 1, "脚步": 1, "各方": 1, "得知": 1, "下一代": 1, "990": 2, "自主": 1, "Kryo": 1, "套用": 1, "ARM": 1, "公版": 1, "好处": 1, "效率": 1, "足够": 2, "路上": 1, "据传": 1, "大跃进": 1, "跑分": 1, "突破": 1, "40万分": 1, "处在": 1, "37万": 1, "碾压": 2, "势": 1, "气势": 1, "正盛": 1, "掂量": 1, "麒麟990": 1, "到来": 1, "半代": 1, "无情": 1, "充足": 1, "资金": 1, "看似": 1, "轻松": 1, "澎湃": 1, "历经": 1, "625": 1, "明白": 1}