{"大鹏": 1, "一日": 1, "风起": 1, "扶摇直上": 1, "九万": 1, "！": 22, "一个": 9, "沸腾": 1, "时刻": 3, "2019年": 4, "7月": 1, "30日": 1, "美国": 10, "大规模": 1, "封杀": 1, "第75": 1, "华为": 77, "凤凰": 1, "涅槃": 1, "势": 1, "交出": 1, "份": 3, "惊艳": 1, "全球": 5, "成绩单": 2, "：": 8, "上半年": 3, "营收": 6, "4013亿": 2, "元": 5, "同比": 1, "增长": 4, "23.2%": 1, "净": 2, "利润率": 2, "8.7%": 2, "；": 4, "手机": 12, "出货量": 1, "1.18亿": 1, "暴涨": 2, "24%": 1, "拿下": 1, "50": 1, "5G": 3, "商业": 1, "合同": 1, "超": 1, "15万": 1, "基站": 1, "发": 1, "值得": 1, "平板": 1, "电脑": 1, "再次": 1, "10%": 1, "PC": 1, "3": 1, "倍": 3, "可穿戴": 1, "设备": 1, "服务": 2, "生态": 3, "用户": 1, "超过": 2, "5亿": 1, "当即": 1, "想到": 2, "三": 2, "成语": 1, "逆流而上": 1, "、": 18, "逆势": 1, "上扬": 1, "逆天": 1, "改命": 1, "倾国": 1, "降维": 1, "打击": 1, "至暗": 1, "倒": 1, "封锁": 1, "牢笼": 1, "反而": 2, "爆发": 1, "强大": 3, "战斗力": 2, "真切": 1, "盈利": 1, "打出": 1, "凌厉": 1, "反击": 2, "这是": 3, "胜利": 2, "枪林弹雨": 1, "抵火": 1, "前行": 1, "中国": 20, "科技": 4, "高光": 1, "年初": 1, "任正非": 6, "业绩": 6, "下滑": 6, "扛住": 1, "压力": 2, "克服": 1, "困难": 2, "外界": 1, "艰难": 1, "日子": 1, "各项": 1, "业务": 5, "开花": 1, "看错": 2, "漂亮": 1, "炮火": 1, "勇往直前": 1, "无独有偶": 1, "刚刚": 2, "三星": 9, "公布": 3, "实情": 1, "一番": 1, "风景": 1, "......": 1, "电子": 3, "最新": 1, "报告": 1, "显示": 1, "第二": 1, "季度": 2, "475亿": 1, "美元": 4, "4%": 1, "净利润": 2, "44亿": 1, "暴跌": 6, "53%": 1, "数据": 2, "第一": 1, "451.8亿": 1, "13.5%": 1, "利润": 2, "43.5亿": 1, "56.9%": 1, "相差无几": 1, "少额": 1, "情况": 1, "一半": 1, "也就是说": 2, "产品": 4, "竞争力": 2, "降价": 1, "促销": 1, "营业额": 1, "天差": 1, "区别": 1, "专业": 1, "人士": 1, "透露": 2, "原因": 3, "海思": 1, "芯片": 4, "崛起": 1, "内存": 1, "价格": 1, "销量": 1, "华": 1, "都": 3, "大幅": 1, "屏幕": 4, "卖": 1, "脱离": 1, "高通": 2, "疯狂": 1, "支持": 3, "京东方": 2, "国产": 2, "压": 1, "身上": 1, "座": 1, "大山": 1, "中国人": 3, "自主": 2, "创造": 2, "即将": 2, "发布": 2, "Mate30": 1, "采用": 7, "高端机": 1, "摆脱": 2, "LG": 1, "企业": 7, "联手": 1, "抱团": 1, "奋进": 1, "外企": 1, "依赖": 1, "或许": 1, "有人": 1, "4000多亿": 1, "太": 3, "赚钱": 1, "占比": 2, "低": 1, "员工": 7, "研发": 8, "吝啬": 3, "股份": 2, "仅仅": 1, "1": 2, "%": 1, "贡献": 1, "9万多": 1, "名": 2, "持有": 1, "上进": 1, "钱": 1, "担忧": 1, "2018年": 1, "18万": 1, "人均": 1, "年收入": 1, "110万": 1, "叫板": 1, "福利": 1, "200万": 1, "年薪": 1, "签下": 1, "8": 1, "2019": 1, "届": 1, "应届": 1, "毕业": 1, "顶尖": 1, "博士生": 1, "如果说": 1, "无与伦比": 1, "源动力": 1, "持续不断": 2, "用于": 2, "费用": 3, "1015亿": 2, "投入": 1, "占": 2, "14.1%": 1, "累积": 1, "4850亿": 1, "2016年": 1, "全年": 1, "收入": 3, "BAT": 1, "中兴": 1, "京东": 1, "总和": 2, "还要": 1, "十大": 1, "高校": 1, "经费": 1, "正是": 3, "领域": 3, "输出": 1, "才": 8, "英特尔": 1, "勇气": 1, "厚积薄发": 1, "面对": 1, "极限": 1, "施压": 1, "依然": 1, "岿然不动": 1, "睥睨": 1, "天下": 1, "底气": 1, "出色": 2, "大超": 1, "预期": 2, "预见": 1, "下半年": 4, "毕竟": 1, "高峰": 1, "石破天惊": 1, "般的": 1, "成绩": 1, "实力": 1, "特朗普": 6, "打压": 4, "阴谋": 1, "得逞": 1, "全世界": 3, "面前": 1, "史无前例": 1, "广告": 1, "操作": 4, "系统": 6, "技术": 5, "轮流": 1, "登场": 1, "攻城": 1, "拔寨": 1, "不仅仅": 1, "掌声": 1, "实实在在": 1, "无理": 2, "激发": 2, "华为人": 3, "空前": 2, "激情": 1, "从来": 1, "团结": 1, "迸发": 1, "高昂": 1, "斗志": 1, "精神": 2, "可怕": 1, "辉煌": 1, "件": 1, "好事": 1, "幻想": 1, "中醒": 1, "危机感": 2, "公司": 5, "动力": 1, "财富": 1, "或者是": 2, "管理层": 1, "奋斗者": 1, "灵魂": 1, "蓬勃": 1, "人民": 3, "爱国": 3, "热情": 2, "纷纷": 2, "购买": 1, "无情": 1, "高涨": 1, "始终": 2, "客户": 2, "需求": 1, "放": 1, "首位": 1, "提供": 4, "完善": 1, "唯一": 2, "价值": 1, "理由": 1, "这一切": 2, "活": 1, "走": 2, "走向": 1, "世界": 5, "击垮": 1, "条": 1, "特色": 1, "发展": 1, "道路": 1, "成功": 3, "参照": 1, "填补": 1, "信息": 2, "空白": 1, "相关": 1, "不再": 1, "受制于人": 1, "国外": 1, "改变": 1, "看法": 1, "落后": 1, "领先": 2, "董事长": 3, "梁华": 2, "组织": 1, "面临": 2, "潜力": 1, "肩负": 1, "理想": 1, "使命": 1, "选择": 1, "退路": 1, "唯有": 1, "坚定": 1, "向前": 1, "坚信": 1, "喝彩": 1, "百": 1, "上市": 1, "搞": 1, "金融": 2, "炒": 1, "房地产": 1, "70多": 1, "岁": 1, "奔波": 1, "想": 1, "强国": 1, "呼喊": 1, "贪生怕死": 1, "英勇": 1, "奋战": 1, "浓缩": 1, "朴素无华": 1, "一生": 1, "无愧于": 3, "祖国": 1, "事业": 1, "中华": 1, "民族": 2, "永不": 1, "遭受": 1, "他国": 1, "霸凌": 1, "复兴": 1, "梦": 1, "终究": 1, "一代人": 1, "努力": 1, "奋斗": 1, "一朝": 1, "长缨": 2, "手": 1, "九天": 1, "缚": 1, "苍龙": 1, "就要": 1, "降服": 1, "危害": 1, "恶龙": 1, "来源": 1, "黄生": 1, "龙刃": 1, "互联网": 1, "热点": 1, "新闻": 2, "发布会": 1, "巧妙": 1, "避开": 1, "回答": 1, "记者": 3, "询问": 1, "禁令": 5, "预计": 1, "10月": 1, "推出": 6, "Mate": 9, "30": 6, "智能": 3, "Android": 4, "首选": 1, "南华": 1, "早报": 1, "篇": 1, "报道": 4, "梁": 1, "告诉": 2, "开发": 1, "能力": 1, "外媒": 2, "讯息": 1, "接下来": 1, "关键期": 1, "事实上": 1, "成败期": 1, "系列": 1, "Pro": 3, "包含": 1, "功能": 1, "兴奋": 1, "影响": 4, "隐隐": 1, "涌现": 1, "解除": 1, "暂时": 1, "谷歌": 3, "恢复": 1, "现有": 1, "运行": 1, "Google": 1, "专有": 1, "程序": 1, "在于": 1, "反复": 1, "无常": 1, "临时": 1, "缓解": 1, "本月": 1, "结束": 1, "补丁": 1, "推迟": 1, "亲眼": 1, "到底": 1, "措施": 1, "减轻": 1, "半年报": 1, "的确": 1, "十足": 1, "强劲": 1, "海外": 3, "23": 1, "％": 1, "近年来": 1, "市场": 1, "很": 1, "鼓足士气": 1, "比喻": 1, "架": 1, "千疮百孔": 1, "战斗机": 1, "战机": 1, "子弹": 1, "倾斜": 1, "飞行": 1, "测试": 1, "所需": 1, "时间": 1, "SCMP": 1, "指出": 1, "内": 1, "申请": 1, "许可证": 1, "意味着": 1, "沙子": 1, "很快": 1, "穿过": 1, "沙漏": 1, "近日": 1, "30Pro": 2, "放弃": 1, "康宁": 1, "大猩猩": 1, "玻璃": 1, "Gorilla": 1, "Glass": 1, "AirGlass": 2, "专利": 6, "SuperSensing": 2, "文件": 4, "P30": 1, "推测": 1, "图源": 3, "网络": 3, "title": 2, "=": 3, "img": 1, "align=": 1, "src=": 1, "http": 1, "//": 1, "img.cnmo-img.com.cn/1657_600": 1, "1000/1656581.jpg": 1, "4000万": 3, "素超": 2, "感光": 1, "四": 1, "摄": 3, "素主": 1, "广角": 2, "镜头": 6, "800万": 1, "像素": 1, "潜望式": 2, "颗": 1, "景深": 1, "TOF": 1, "据说": 2, "f/1.4": 1, "超大": 1, "光圈": 1, "背景": 1, "虚化强": 1, "无敌": 1, "角度": 1, "120": 1, "°": 1, "5": 1, "光学": 1, "变焦": 1, "P30Pro": 1, "规格": 1, "6.71": 1, "英寸": 1, "Super": 1, "AMOLED": 1, "显示屏": 1, "瀑布屏": 1, "设计": 1, "刷新率": 1, "高达": 1, "90": 1, "Hz": 1, "款": 2, "搭载": 1, "麒麟985": 1, "处理器": 1, "辅以": 1, "4200": 1, "mAh": 1, "电池": 1, "55W": 1, "快速": 1, "充电": 1, "计划": 1, "旗舰": 1}