{"4月": 1, "2日": 1, "职业": 3, "社交": 1, "平台": 1, "LinkedIn": 1, "(": 2, "领英": 1, ")": 2, "发布": 3, "份": 7, "顶尖": 4, "公司": 14, "排行榜": 2, "列出": 1, "2018年": 2, "中国": 10, "职场": 5, "向往": 2, "长期": 1, "效力": 1, "榜单": 5, "一共": 1, "25": 2, "企业": 28, "上榜": 4, "排名": 8, "参考": 2, "感兴趣": 1, "程度": 1, "、": 33, "员工": 25, "互动": 1, "职位": 2, "需求": 3, "留任率": 1, "四": 1, "因素": 3, "超过": 4, "4000万": 1, "用户": 6, "反馈": 1, "调查": 3, "显示": 2, "最佳": 1, "雇主": 3, "名": 6, "互联网": 7, "科技": 3, "一半": 1, "10": 2, "本土": 4, "大部分": 1, "都": 3, "熟悉": 1, "大厂": 1, "巨头": 5, "地位": 1, "难以": 1, "撼动": 1, "后来者": 1, "强势": 2, "突围": 1, "位列": 3, "前10": 1, "：": 2, "阿里巴巴": 3, "集团": 3, "百度": 2, "头条": 4, "复星": 1, "NIO蔚": 1, "特斯拉": 1, "滴滴": 7, "亚马逊": 2, "华为": 21, "美团": 2, "点评": 2, "意外": 2, "网友": 1, "呼声": 1, "很": 5, "第9": 1, "2月": 1, "心声": 1, "社区": 1, "任正非": 1, "签发": 1, "内部": 2, "邮件": 1, "反思": 1, "留": 1, "政策": 1, "据称": 1, "博士类": 1, "5": 1, "累计": 2, "平均": 1, "离职率": 2, "高达": 2, "21.8%": 1, "入职": 3, "时间": 1, "长": 1, "很多": 1, "离职": 2, "原因": 2, "岗位": 1, "技能": 1, "匹配": 1, "不少": 3, "业内": 1, "人士": 2, "工作": 4, "压力": 2, "一个": 5, "TMD": 1, "三": 1, "崛起": 2, "一齐": 1, "冲进": 1, "事故": 1, "陷入": 1, "舆论": 1, "危机": 1, "这次": 2, "第7": 1, "表现": 1, "或许": 1, "福利": 3, "制度": 1, "前不久": 1, "去年": 2, "巨亏": 1, "109亿": 1, "聚焦": 1, "主业": 1, "裁员": 1, "过冬": 1, "消息": 1, "透露": 1, "给出": 1, "补偿": 1, "不错": 1, "主动": 1, "请": 1, "裁": 1, "近些年": 1, "国内": 2, "兴起": 1, "独角兽": 1, "大都": 1, "榜上有名": 1, "11": 1, "蚂蚁金服": 1, "13": 1, "京东": 1, "16": 1, "快手": 3, "18": 1, "小红书": 3, "22": 1, "小米": 2, "经济": 3, "人才": 14, "吸引力": 4, "大增": 1, "背后": 1, "近年来": 1, "突飞猛进": 1, "相比以往": 1, "国外": 2, "下降": 1, "电商": 1, "第8": 1, "；": 2, "苹果": 1, "第15": 1, "谷歌": 1, "Facebook": 1, "黯然": 1, "落榜": 1, "跨国": 3, "占比": 1, "逾": 1, "外资": 1, "占": 1, "四成": 1, "不再": 2, "优秀": 3, "唯一": 1, "选择": 4, "越来越": 1, "重视": 2, "品牌": 1, "建设": 1, "提供": 3, "路径": 1, "发展": 5, "空间": 1, "可能性": 1, "理想": 2, "时代": 5, "技术": 5, "持续": 1, "革新": 2, "环境": 1, "随之": 2, "赋予": 2, "多重": 1, "职能": 1, "单一": 1, "待遇": 2, "影响": 2, "90": 1, "有趣": 1, "关怀": 3, "尊重": 3, "字眼": 1, "吸引": 3, "一代": 1, "年轻人": 2, "知名": 1, "招聘": 1, "网站": 1, "90后": 5, "求职": 2, "报告": 1, "标准": 1, "超越": 1, "完善": 1, "竞争力": 2, "薪酬": 2, "眼中": 1, "用人": 1, "单位": 1, "90后们": 1, "偏爱": 1, "自由": 4, "开放": 2, "文化": 9, "73%": 1, "受访者": 1, "赞同": 1, "宽松": 1, "成长": 2, "信奉": 1, "共享": 1, "精神": 1, "认同": 1, "感受": 1, "足够": 1, "难": 2, "高敬": 1, "业度": 1, "BAT们": 1, "打动": 1, "人心": 1, "花样": 1, "赢": 1, "事实上": 1, "体现": 1, "年轻": 1, "理念": 1, "受访": 1, "心中": 1, "正是": 1, "各家": 1, "展现": 1, "特色": 1, "最为": 1, "熟知": 1, "阿里": 3, "花名": 4, "起初": 1, "淘宝": 1, "阿珂": 1, "双儿": 1, "多隆": 1, "鹿鼎记": 1, "人物": 1, "账号": 1, "久而久之": 1, "都会": 2, "马云": 1, "代号": 1, "来自于": 1, "笑傲": 1, "江湖": 1, "武侠": 1, "角色": 3, "风清扬": 1, "现任": 1, "CEO": 1, "张勇": 1, "逍遥子": 1, "郭靖": 1, "铁木": 1, "灭绝师": 1, "太": 1, "诸多": 1, "大侠": 1, "坐镇": 1, "最新": 1, "闯入": 1, "喜爱": 1, "想": 1, "虚拟": 1, "名字": 1, "薯名": 2, "年会": 1, "获邀": 1, "cosplay": 1, "扮演": 1, "海贼王": 1, "数量": 1, "最多": 1, "走": 3, "寻常路": 1, "网易": 2, "意想不到": 1, "奇特": 1, "负责": 2, "内容": 1, "风控": 1, "鉴黄师": 1, "农场": 2, "管理": 1, "动物": 1, "养殖": 1, "管理员": 1, "……": 1, "驱动": 2, "意见": 1, "鼓励": 1, "内网": 2, "吐槽": 2, "产品": 1, "热度": 1, "相关性": 1, "推荐": 1, "团队": 1, "成员": 1, "注册": 1, "八": 1, "马甲": 1, "批评": 1, "建议": 1, "言论": 1, "尺度": 1, "至今": 1, "举办": 1, "全员": 1, "茶话会": 1, "创始人": 1, "直面": 1, "提出": 1, "经营": 1, "犀利": 1, "工程师": 1, "泡": 1, "论坛": 1, "收集": 1, "不得不": 1, "争论": 1, "判断": 1, "独特": 1, "细致": 1, "周到": 1, "人文": 1, "圈": 1, "粉": 1, "汽车": 1, "蔚来": 1, "总部": 1, "定期": 1, "Seeds": 1, "知识": 4, "讲座": 1, "往期": 1, "嘉宾": 1, "包括": 1, "子曰": 1, "乐队": 1, "主唱": 1, "秋野": 1, "时尚": 1, "设计师": 1, "Hussein": 1, "Chalayan": 1, "设置": 1, "corner": 1, "日常": 1, "眼部": 1, "按摩": 1, "头部": 1, "刮痧": 1, "肩颈": 1, "推拿": 1, "服务": 1, "增加": 1, "领取": 1, "代表": 1, "度龄": 2, "专属": 1, "纪念品": 1, "熊": 1, "迪士尼": 1, "任期": 1, "3": 1, "正式": 1, "均": 1, "符合": 1, "条件": 1, "高中": 1, "毕业生": 1, "子女": 1, "申请": 1, "大学": 7, "教育": 1, "奖学金": 1, "金额": 1, "数千": 1, "美元": 1, "强大": 2, "魅力": 1, "一块块": 1, "磁石": 1, "最终": 1, "反哺": 1, "输出": 1, "创造力": 1, "进一步": 1, "壮大": 1, "动力": 1, "写": 1, "背景": 1, "机制": 1, "迎来": 1, "变化": 2, "趋势": 1, "北上广深": 1, "一线": 1, "城市": 1, "日益": 1, "沉重": 1, "生活": 2, "负担": 1, "考验": 1, "前来": 1, "追梦": 1, "减轻": 1, "留存": 2, "打磨": 1, "整体": 2, "体系": 1, "关注": 1, "体验": 1, "新时代": 2, "激励": 1, "热点": 1, "人工": 1, "智能": 1, "物联网": 1, "区块链": 1, "5G": 1, "新兴": 1, "产业": 1, "结构": 2, "配置": 1, "发生": 2, "我国": 1, "改变": 1, "赶上": 1, "变革": 1, "浪潮": 1, "决胜": 1, "武器": 1, "提高": 1, "聚集": 1, "学习": 1, "命题": 1, "抢跑": 1, "行业": 1, "佼佼者": 1, "必不可少": 1, "战略": 1, "文章": 1, "来源": 1, "创业邦": 1, "2010年": 1, "欧洲": 1, "启动": 1, "创新": 1, "研究": 5, "计划": 2, "推动": 1, "世界级": 1, "机构": 1, "世界": 1, "达成": 1, "合作": 3, "陆陆续续": 1, "全球": 1, "100": 1, "建立": 1, "关系": 2, "成就": 1, "威胁": 1, "美国": 5, "想法": 1, "设法": 1, "抵制": 1, "加州": 2, "伯克利": 2, "分校": 3, "终止": 1, "德克萨斯": 1, "奥斯汀": 1, "审查": 1, "该校": 1, "涉及": 1, "敏感": 1, "秘密": 1, "产权": 1, "专利": 1, "权利": 1, "此前": 1, "英国": 1, "牛津": 1, "无限期": 1, "禁止": 1, "接受": 1, "经费": 1, "捐赠": 1, "审视": 1, "关键": 1, "路口": 1, "面对": 1, "万般": 1, "阻挡": 1, "市场": 1, "艰辛": 1, "坚信": 1, "国人": 1, "失望": 1}