{"文｜": 1, "北桥": 1, "11月": 1, "24日": 1, "美国": 3, "联邦": 1, "通信": 9, "委员会": 1, "简称": 1, "FCC": 4, "华为": 100, "设备": 10, "正式": 4, "禁止": 2, "运营商": 9, "通用": 1, "补贴": 1, "资金": 1, "用于": 1, "购买": 1, "第一": 1, "遭遇": 2, "去年": 1, "发布": 4, "Mate20": 1, "系列": 7, "手机": 16, "市场": 2, "5G": 4, "质疑": 1, "后门": 2, "新闻": 1, "发布会": 3, "回应": 2, "偏远": 1, "农村": 4, "地区": 1, "通畅": 1, "宽带": 5, "网络": 6, "用户": 8, "太": 4, "分散": 1, "数量": 1, "导致": 2, "大型": 2, "都": 6, "铺设": 1, "建设": 2, "成本": 1, "利润": 1, "低": 2, "忽略": 2, "一部分": 2, "提供": 2, "放出": 1, "采访": 1, "视频": 1, "当中": 2, "小型": 4, "CEO": 2, "发表": 2, "看法": 3, "采用": 12, "过程": 2, "发现": 3, "反而": 1, "可用": 2, "全球": 2, "知名": 1, "巨头": 1, "技术": 2, "服务": 10, "三分之一": 1, "更换": 2, "掉华": 1, "无异": 1, "架": 1, "飞行": 1, "三万": 1, "尺": 1, "高空": 1, "飞机": 2, "引擎": 1, "做法": 2, "实在": 1, "危险": 1, "面临": 2, "断网": 1, "情况": 4, "Karl": 1, "Song": 1, "美区": 1, "业务": 2, "营收": 1, "报表": 1, "占据": 1, "比例": 1, "计": 1, "一个": 7, "提供商": 1, "显得": 1, "很": 4, "说服力": 1, "半年": 1, "频繁": 1, "从来": 1, "实质性": 1, "证据": 1, "摊牌": 1, "面对": 2, "禁令": 1, "提起": 2, "诉讼": 2, "此前": 1, "任正非": 1, "领先": 1, "厂商": 1, "做好": 1, "不用": 3, "担心": 2, "买": 2, "就算": 3, "禁用": 1, "落后": 1, "5": 1, "8": 1, "昨天": 1, "总裁": 1, "余承东": 2, "针对": 6, "黑": 2, "公关": 2, "狂欢": 1, "文": 1, "置评": 1, "李洪元": 3, "事件": 3, "闹": 1, "一己之力": 1, "办到": 1, "背后": 1, "竞争": 1, "对手": 1, "助推": 1, "再次": 2, "前华": 1, "员工": 1, "劳务": 1, "纠纷": 1, "涉嫌": 1, "违法": 1, "犯罪": 1, "举报": 1, "做错": 1, "事情": 3, "不满": 1, "不得不": 2, "各种各样": 1, "困难": 1, "陷入": 1, "内忧外患": 1, "网友": 2, "评价": 2, "褒贬不一": 1, "此事": 1, "评论区": 1, "身体": 18, "健康": 7, "走向": 1, "运动": 15, "健身": 7, "道路": 1, "数码": 1, "行业": 1, "长": 1, "时间": 8, "电脑": 1, "码字": 1, "养成": 2, "饭后": 1, "坐": 1, "、": 18, "吃饭": 1, "规律": 1, "不良": 1, "习惯": 3, "久而久之": 1, "影响": 1, "变胖": 1, "胖": 1, "毁": 1, "减肥": 6, "渐渐": 1, "体重": 8, "恢复": 1, "不再": 1, "胖子": 1, "行列": 1, "爱好者": 2, "目标": 1, "减重": 1, "目的": 1, "减脂增肌": 1, "方向": 1, "想要": 3, "体脂率": 2, "肌肉": 1, "含量": 1, "详细": 5, "信息": 2, "款": 5, "合适": 1, "测量": 31, "工具": 1, "随时": 1, "观察": 1, "变化": 3, "改变": 1, "方式": 3, "饮食": 2, "刚": 1, "：": 8, "体脂": 34, "秤": 35, "Pro": 31, "正好": 1, "适合": 1, "八": 12, "电极": 20, "设计": 10, "智能": 1, "体脂秤": 8, "较于": 1, "全方位": 3, "专业": 5, "全身": 5, "数据": 33, "使用者": 4, "异常": 1, "部位": 4, "给出": 10, "改善": 5, "建议": 4, "内测": 1, "体验": 5, "段": 4, "简单": 4, "分享": 1, "品体": 1, "脂秤": 3, "评测": 2, "一体化": 2, "秤面": 8, "好看": 1, "包装": 1, "顶部": 4, "大致": 1, "亮点": 1, "；": 3, "14": 1, "项": 3, "整体": 4, "指标": 2, "15": 1, "躯段": 1, "一键": 1, "生成": 2, "人体": 2, "成分": 2, "报告": 2, "正面": 1, "设有": 1, "四": 11, "电极片": 4, "起到": 1, "作用": 1, "颜值": 2, "降低": 1, "ITO": 1, "导电": 1, "镀膜": 1, "无显性": 1, "提高": 1, "外观": 1, "放": 1, "家里": 2, "件": 1, "科技": 1, "潮物": 1, "易于": 1, "区分": 2, "位置": 1, "条": 1, "线": 1, "平均": 1, "划分": 1, "区域": 3, "显示屏": 2, "LED隐式": 1, "平时": 2, "基本上": 1, "值得一提的是": 1, "320*320": 1, "钢化": 1, "磨砂": 1, "玻璃": 3, "面板": 3, "带来": 1, "舒适": 1, "触感": 1, "具备": 3, "防滑": 1, "特性": 1, "沾灰": 1, "粘": 1, "絮状": 1, "灰尘": 1, "棒": 1, "稍微": 1, "指": 2, "用来": 2, "下半身": 1, "电极棒": 8, "上半身": 1, "手柄": 1, "嵌入式": 1, "融为一体": 1, "看上去": 1, "突兀感": 1, "磁吸式": 1, "防呆": 1, "回位": 1, "收纳": 1, "复位": 1, "顺畅": 1, "底部": 1, "电池": 3, "安装": 2, "3": 2, "节": 2, "5号": 2, "才能": 2, "充电式": 1, "出厂": 1, "标配": 1, "单独": 1, "到底": 1, "文章": 1, "优点": 1, "区别": 1, "测出": 1, "上肢": 3, "躯干": 2, "下肢": 4, "华为体": 1, "检测": 2, "算法": 2, "HUAWEI": 2, "TruFit": 2, "精细": 1, "精准": 2, "脂肪": 3, "分布": 1, "骨骼": 7, "肌": 6, "水分率": 3, "骨盐量": 1, "众多": 1, "脚底": 1, "接触": 1, "只能": 3, "生物": 1, "阻抗": 1, "参数": 1, "模型": 1, "估算": 1, "骨骼肌": 1, "推算": 1, "总体": 1, "肌量": 1, "出左": 1, "五": 1, "结束": 1, "分数": 1, "方案": 3, "光脚": 1, "站": 1, "抽": 1, "直立": 1, "姿势": 1, "紧握": 1, "工作": 1, "APP": 10, "查阅": 1, "小伙伴": 1, "拉伸线": 2, "耐用": 2, "凯瑟拉夫": 1, "防弹丝": 1, "外表": 1, "PP沙": 1, "编棉": 1, "柔韧": 1, "精准度": 1, "加上": 2, "精度": 1, "秤重": 1, "芯片": 1, "创新": 1, "架构": 1, "滤波算法": 1, "分度": 1, "50": 1, "克": 1, "测试": 1, "历史": 1, "记录": 1, "均": 1, "47.1": 1, "公斤": 1, "喝": 2, "杯": 2, "水": 2, "符合": 2, "重量": 1, "下午": 1, "12:18分": 1, "下方": 3, "图标": 2, "这是": 1, "握住": 2, "完整": 1, "上图": 3, "单次": 1, "特意": 1, "图片": 2, "示例": 1, "颜色": 1, "注明": 1, "偏": 3, "标准": 2, "又或者": 2, "同龄人": 2, "对比": 1, "差别": 1, "查看": 1, "麻烦": 1, "键": 1, "保存": 1, "本地": 1, "打印": 1, "浏览": 1, "想": 5, "朋友": 1, "懂": 1, "没关系": 1, "点击": 1, "预览": 1, "界面": 1, "评分": 3, "左边": 1, "分析": 2, "解读": 2, "四肢": 1, "减少": 1, "钠盐": 1, "摄入": 1, "清淡": 1, "本人": 1, "28": 1, "岁": 2, "状况": 1, "不错": 1, "年龄": 1, "24": 1, "算": 1, "状态": 1, "LED": 1, "屏幕": 1, "显示": 3, "心率": 1, "时刻": 1, "选": 1, "Ta准": 1, "没错": 1, "反正": 1, "抛弃": 1, "台": 1, "老旧": 1, "电": 2, "极体": 2, "有助于": 1, "正确": 3, "人群": 1, "操作": 10, "市面": 1, "价格": 2, "上千": 1, "元": 2, "2Pro": 1, "499": 1, "算是": 1, "带给": 1, "福利": 1, "就说": 1, "喜欢": 1, "不妨": 1, "路": 1, "指引": 1, "国家": 2, "期间": 2, "零部件": 1, "实施": 1, "断供": 2, "备胎": 1, "计划": 1, "解决": 8, "难题": 1, "谷歌": 18, "推出": 3, "替代": 1, "GMS": 1, "HMS": 5, "效果": 1, "理想": 1, "闹僵": 3, "鸿蒙": 9, "系统": 15, "迟迟": 2, "代表": 1, "mate": 6, "30": 6, "网上": 1, "原本": 2, "爆出": 1, "方法": 3, "封死": 1, "海外": 2, "销量": 2, "惨淡": 1, "12月": 8, "3日": 5, "作妖": 1, "出国": 1, "游玩": 1, "2日": 3, "登陆": 2, "工行": 3, "拦截": 1, "页面": 1, "选择": 5, "Google": 3, "发送": 1, "功能": 2, "字样": 1, "难道": 1, "绊子": 1, "事后": 1, "客服": 2, "用户们": 1, "告知": 1, "设置": 1, "——": 6, "保护": 2, "机制": 1, "扫描": 1, "白屏": 1, "分钟": 1, "关闭": 1, "重启": 1, "确实": 1, "EMUI": 2, "10": 3, "例外": 1, "EMUI10": 1, "内置": 1, "除外": 1, "消息": 2, "兼容性": 1, "基于": 1, "安卓": 2, "定制": 1, "软件": 2, "未": 1, "适配": 2, "这次": 2, "发生": 1, "多半": 4, "脱": 1, "干系": 1, "打开": 3, "链接": 2, "规则": 2, "保密": 1, "更新": 1, "恶意": 1, "发展": 3, "才": 1, "卡脖子": 1, "完善": 1, "关系": 1, "如今": 2, "凉风": 2, "和解": 1, "之下": 1, "唯一": 1, "首款": 1, "搭载": 1, "P40": 1, "届时": 1, "多半会": 1, "绝大多数": 1, "推送": 1, "明年": 1, "华为p40": 1, "真的": 1}