{"众所周知": 1, "华为": 202, "5月份": 1, "美国": 78, "无情": 1, "打击": 3, "逼迫": 1, "全球": 17, "国家": 23, "供应": 4, "销售": 5, "层面": 5, "打压": 3, "无耻": 1, "最终": 3, "迎合": 1, "很难说": 2, "基于": 2, "通讯": 7, "领域": 5, "硬件": 6, "供应商": 5, "软件": 12, "都": 27, "或多或少": 1, "关系": 3, "软硬件": 1, "挤压": 1, "生存": 3, "带来": 3, "威胁": 1, "B": 1, "计划": 3, "出台": 1, "发现": 2, "多年": 1, "备份": 1, "估计": 3, "国内": 11, "找到": 1, "产品": 22, "就算": 2, "性能": 2, "出入": 1, "影响": 8, "大局": 1, "操作": 6, "系统": 22, "垄断性": 1, "麻烦": 1, ".": 4, "垄断": 5, "地位": 4, "来自于": 3, "生态": 14, "建立": 2, "足够": 3, "开发": 3, "厂商": 12, "支持": 7, "开源": 3, "推出": 6, "数量": 1, "开发者": 2, "至关重要": 1, "条件": 3, "面对": 3, "断供": 3, "局面": 3, "就要": 1, "面世": 1, "打破": 2, "难题": 1, "无外乎": 1, "几点": 1, "、": 35, "一点": 5, "难度": 5, "毕竟": 7, "款": 2, "手机": 44, "预装": 1, "大半": 1, "谷歌": 11, "早已": 5, "退出": 1, "市场": 24, "说服": 1, "给以": 1, "不大": 1, "兼容": 4, "安卓": 9, "原因": 3, "各类": 1, "适配": 1, "简单": 2, "解决": 1, "终端": 5, "大批量": 1, "才能": 5, "阵营": 2, "才": 3, "突围": 1, "关键": 1, "全世界": 1, "中国": 15, "生产": 1, "销量": 8, "此消彼长": 1, "吃": 1, "独食": 1, "恐怕": 2, "抱": 1, "看热闹": 1, "心态": 1, "技术": 11, "实力": 5, "组装": 1, "品牌": 8, "商": 1, "OV": 1, "小米一加": 1, "核心": 4, "CPU": 1, "GPU": 1, "基带": 1, "永远": 3, "别人": 1, "脸色": 1, "过日子": 1, "至少": 1, "心底": 1, "想": 6, "动力": 2, "成套": 1, "方舟": 2, "编译器": 1, "倒是": 1, "确实": 3, "提升": 2, "体验": 1, "归根结底": 1, "保证": 3, "市场占有率": 2, "发达国家": 1, "ios": 1, "培育": 3, "习惯": 3, "离开": 2, "全家桶": 1, "公司": 45, "很多": 10, "生活": 1, "都会": 5, "很": 10, "别扭": 1, "只能": 1, "希望": 4, "制裁": 1, "科技": 19, "发展": 7, "赢": 1, "恰当": 1, "时刻": 1, "这是": 2, "因素": 2, "政治": 1, "欧盟": 8, "极度": 1, "不满": 1, "安全性": 2, "盟友": 1, "监控": 1, "心理": 1, "出新": 1, "开放": 1, "版": 1, "签订": 1, "永不": 1, "用于": 2, "间谍": 1, "承诺": 2, "执行": 2, "标准": 3, "欧洲人": 3, "认可": 1, "大有": 1, "办法": 2, "对付": 1, "走在": 1, "世界": 5, "前列": 1, "跟随": 1, "脚步": 1, "寻找": 1, "合作": 9, "伙伴": 1, "全家": 1, "桶": 1, "政府": 8, "职能": 1, "部门": 3, "监督": 1, "时间": 6, "扭转": 1, "掌控": 1, "未来": 4, "依附": 1, "选择": 4, "短期": 1, "内": 4, "顺利": 1, "推广": 1, "据说": 1, "收": 1, "数字税": 1, "导致": 3, "免费": 1, "提前": 2, "尴尬": 2, "收费": 1, "流失": 1, "客户": 6, "老实": 1, "缴税": 1, "盈利": 1, "下滑": 3, "两难": 2, "搅局": 1, "三": 2, "欠": 1, "发达": 5, "一类": 1, "本身": 1, "通信": 8, "设备": 13, "建设": 2, "更新": 4, "速度": 1, "产业": 3, "苹果": 6, "牢牢": 1, "缺乏": 1, "更换": 2, "民族": 1, "自尊性": 1, "依赖": 5, "意愿": 2, "脱离": 2, "包": 1, "第一": 4, "抢占": 1, "先机": 1, "唯一": 3, "出路": 1, "束缚": 1, "困难": 1, "第二": 1, "具备": 1, "替代": 1, "可能性": 1, "还要": 1, "占有率": 3, "不见得": 1, "四": 1, "类型": 1, "智能": 2, "普及率": 1, "极端": 1, "落后": 1, "3G": 1, "4G": 1, "这块": 1, "肉": 1, "骨头": 1, "吭": 1, "功能机": 2, "王": 2, "地区": 2, "智能机": 1, "普及": 1, "基础": 3, "完善": 1, "程度": 4, "设施": 1, "前期": 1, "投资": 4, "有利于": 1, "树立": 1, "形象": 1, "低端机": 1, "配合": 1, "常用": 1, "冲击": 1, "拉": 3, "厂家": 1, "完美": 1, "坐以待毙": 1, "主动": 2, "求和": 1, "想尽办法": 1, "游说": 1, "绕开": 1, "白宫": 3, "阻挠": 1, "态度": 4, "一开始": 1, "延续": 1, "理念": 2, "：": 13, "企业": 20, "分工": 1, "回来": 2, "禁令": 15, "解除": 1, "备用": 1, "方式": 1, "持续": 2, "迭代": 1, "低端": 1, "机型": 1, "试水": 1, "重组": 1, "西方": 1, "正式": 2, "骡子": 1, "马": 1, "遛遛": 1, "经历": 1, "检验": 1, "配": 1, "合格": 1, "备胎": 2, "重建": 1, "路": 1, "机遇": 1, "伴随": 1, "考验": 1, "任重": 1, "道远": 1, "说到": 1, "行业": 7, "标杆": 1, "科技圈": 1, "早": 5, "网友们": 1, "中兴": 15, "陌生": 1, "可谓": 2, "一对": 1, "神雕侠侣": 1, "构筑": 1, "90%": 1, "基站": 1, "如今": 4, "二者": 2, "之间": 4, "差距": 4, "好像": 1, "节节": 1, "败退": 1, "遗忘": 1, "反观": 3, "步步高升": 1, "大部分": 3, "心中": 1, "明星": 1, "小编": 2, "带": 1, "分析": 5, "1": 1, "定位": 2, "一个": 12, "狼": 2, "羊": 1, "一家": 4, "上市": 3, "民营": 1, "肯定": 2, "股东": 1, "——": 1, "董事会": 2, "干涉": 1, "运营": 1, "项目": 2, "听点": 1, "值得": 4, "难听点": 1, "赚钱": 1, "从上到下": 1, "温顺": 1, "绵羊": 1, "领导": 1, "从来": 2, "不用": 1, "担心": 1, "反正": 1, "比起": 1, "待遇": 1, "优厚": 1, "背道而驰": 1, "任正非": 6, "带领": 1, "华为人": 3, "条": 3, "条饿": 1, "怠惰": 1, "员工": 2, "全力": 1, "发光": 1, "发热": 1, "惶恐": 1, "偏执": 1, "成功": 1, "夜幕": 1, "降临": 1, "万家灯火": 1, "飘起": 1, "依旧": 1, "岗位": 1, "奋发图强": 1, "质量": 2, "服务": 4, "品质": 1, "有人": 3, "努比亚": 3, "旗下": 2, "相比": 1, "太过": 1, "小众": 1, "处理器": 4, "研发": 17, "海思": 1, "麒麟": 2, "独立": 1, "子品牌": 1, "荣耀": 1, "主攻线": 1, "年轻": 1, "群体": 1, "倾听": 1, "消费者": 3, "意见": 1, "成立": 1, "花粉": 1, "俱乐部": 1, "员": 1, "线下": 2, "门店": 2, "数不胜数": 1, "街上": 1, "好几": 1, "旗舰店": 1, "不足为奇": 1, "二线": 1, "城市": 1, "找": 2, "购买": 4, "连售": 1, "后点": 1, "3": 2, "人才": 2, "渴求": 2, "付出": 1, "爱": 3, "财": 1, "创始人": 1, "有目共睹": 1, "从不": 1, "掩饰": 1, "公开": 2, "喊话": 1, "道歉": 1, "委屈": 1, "老": 1, "显得": 1, "佛性": 1, "计": 1, "投入": 9, "直言": 1, "穷": 1, "高科技": 2, "利润": 5, "放回": 1, "起点": 1, "相近": 1, "越来越": 2, "卷土重来": 1, "追上": 1, "环球": 1, "时报": 2, "驻": 2, "特约": 1, "记者": 1, "萧强": 1, "王会聪": 1, "出售": 8, "总统": 2, "特朗普": 19, "6月": 5, "29日": 6, "大阪": 2, "G20": 4, "峰会": 4, "期间": 2, "走": 2, "一大": 2, "引发": 2, "各方": 1, "关注": 3, "名": 3, "反华": 2, "观念": 1, "根深蒂固": 1, "议员": 1, "国际": 1, "舆论": 1, "对此": 3, "彭博社": 4, "30日": 7, "评论": 1, "称": 17, "放开": 2, "生命线": 2, "发起": 1, "冷战": 2, "喜欢": 3, "商业": 4, "交易": 1, "阿联酋": 2, "报": 2, "缓刑": 2, "受益": 1, "迹象": 1, "显示": 9, "韩国": 7, "新西兰": 7, "立场": 2, "音": 1, "报道": 11, "记者会": 2, "涉及": 1, "钱": 1, "其他人": 1, "危害": 1, "情况": 3, "问到": 1, "美国商务部": 4, "实体": 4, "清单": 4, "黑名单": 2, "撤除": 1, "拒绝": 2, "回应": 2, "谈论": 1, "此事": 1, "谨慎": 1, "6": 2, "星期": 1, "表态": 4, "称为": 1, "‘": 1, "U型": 2, "转弯": 2, "’": 1, "有线": 1, "电视": 1, "新闻网": 1, "(": 2, "CNN": 1, ")": 2, "官方": 2, "推特": 1, "账号": 1, "当天": 2, "再次": 3, "!": 1, "5月": 3, "发布": 5, "针对": 3, "面临": 3, "政策": 1, "障碍": 1, "签署": 1, "份": 2, "行政": 1, "命令": 3, "禁止": 2, "电信": 2, "上月": 1, "未经": 1, "批准": 1, "业务": 8, "遵守": 1, "接下来": 1, "回避": 1, "科技股": 1, "暴跌": 1, "给予": 1, "人士": 3, "提供": 2, "商品": 1, "减少": 1, "确保": 3, "稳定": 2, "总部": 1, "位于": 1, "香港": 1, "研究": 4, "Counterpoint": 1, "副": 1, "总监": 2, "巴札克": 1, "告诉": 1, "该报": 1, "解脱": 2, "贸易": 5, "顺畅": 1, "布拉迪斯": 1, "发生": 2, "观察": 1, "删除": 1, "国会": 2, "山报": 1, "网站": 2, "参议院": 1, "民主党": 1, "领袖": 1, "舒默": 1, "发": 2, "推文": 2, "公平": 2, "杠杆": 1, "退却": 1, "极大": 2, "削弱": 1, "改变": 1, "行径": 1, "能力": 2, "一贯": 1, "共和党": 1, "参议员": 1, "卢比奥": 1, "真的": 3, "取消": 1, "犯下": 1, "错": 1, "立法": 1, "恢复": 11, "措施": 2, "CNBC": 1, "平息": 1, "反对": 1, "声音": 1, "经济": 4, "委员会": 1, "主任": 1, "库德洛": 1, "接受": 2, "福克斯": 1, "新闻": 2, "采访": 1, "大赦": 1, "发放": 1, "执照": 1, "倾向于": 1, "达成": 2, "协议": 2, "以此": 1, "发文": 1, "鹰派": 1, "怒火": 1, "暗示": 1, "放弃": 2, "列入": 1, "项": 2, "周六": 1, "方向": 2, "关心": 3, "顶级": 1, "顾问": 1, "倡导": 1, "文明": 1, "冲突": 2, "长远": 1, "直觉": 1, "美": 3, "华尔街": 3, "日报": 2, "首尔": 1, "会见": 1, "企业家": 1, "提到": 1, "担忧": 1, "房间": 1, "此前": 4, "媒体": 2, "大使": 1, "高官": 1, "施压": 1, "陷入": 1, "境地": 1, "动向": 1, "广播": 1, "电台": 1, "评论员": 1, "布里斯伦": 1, "最新": 2, "赦免卡": 1, "包括": 2, "在内": 1, "5G": 14, "安全局": 1, "GCSB": 1, "网络": 5, "不得不": 5, "审视": 1, "美方": 3, "段": 3, "眼看": 1, "场": 1, "贸易战": 1, "国": 1, "蔓延": 1, "事态": 2, "愈演愈烈": 1, "趋势": 1, "迫于": 1, "压力": 3, "不少": 3, "巨头": 3, "往来": 1, "来讲": 1, "算是": 1, "杀敌": 1, "一千": 1, "自损": 1, "800": 1, "巨头们": 1, "深刻": 1, "体会": 1, "施加": 1, "事件": 1, "时有发生": 1, "振奋": 1, "功夫": 1, "白费": 1, "惊天": 1, "逆转": 1, "惊奇": 1, "制造": 2, "东西": 1, "过程": 2, "科学": 1, "实际上": 1, "硅谷": 1, "事情": 1, "难以置信": 1, "竞争": 5, "同意": 1, "随后": 1, "外交部": 1, "特使": 1, "说到做到": 1, "私营": 1, "信息": 1, "处于": 3, "领先": 2, "参与": 1, "当地": 2, "起到": 1, "作用": 1, "超": 2, "范畴": 1, "输": 1, "网友": 1, "惊呼": 1, "终于": 2, "认怂": 3, "事实上": 2, "看似": 2, "自救": 2, "禁": 1, "死亡": 1, "高端": 3, "尖端": 1, "水平": 2, "2-3年": 1, "赶上": 1, "遭遇": 3, "反而": 2, "前所未有": 1, "挑战": 1, "阻击": 1, "惧怕": 1, "鸿蒙": 1, "抢夺": 1, "多半": 1, "升级": 9, "Android": 1, "Q": 1, "权限": 1, "高通": 5, "intel": 1, "镁光": 1, "禁售": 1, "多方": 1, "考量": 2, "印证": 2, "供应链": 1, "不可或缺": 1, "环": 1, "承受": 2, "弥补": 1, "损失": 3, "时代": 1, "落后于": 1, "拥有": 4, "增长": 4, "害怕": 1, "全新": 1, "强大": 3, "对手": 5, "共享": 1, "百害": 1, "无力": 1, "错误": 1, "举措": 1, "手机圈": 1, "当中": 3, "争议": 1, "这几年": 1, "价格": 14, "卖": 5, "贵": 5, "小米": 10, "红米子": 2, "极致": 1, "性价比": 7, "友商": 1, "无关": 1, "近日": 1, "对比": 3, "难道": 2, "旗舰": 8, "远": 1, "！": 4, "买": 4, "P30": 9, "便宜": 5, "红米K20": 9, "系列": 13, "85": 1, "1000万": 1, "台": 4, "总经理": 1, "卢伟冰": 2, "30": 1, "100万": 1, "平均": 1, "大概": 1, "300万": 1, "起步": 4, "3988": 1, "元": 4, "1999": 1, "也就是说": 2, "加持": 1, "笔者": 2, "看法": 2, "最为": 1, "典型": 1, "红米K20Pro": 2, "搭载": 3, "骁龙": 1, "855": 1, "8GB": 2, "+": 2, "128GB": 2, "储存": 1, "组合": 1, "版本": 4, "2799": 1, "P30Pro": 2, "980": 1, "5488": 1, "拍照": 1, "4800万": 1, "像素": 1, "差": 1, "高出": 1, "认可度": 1, "好评": 1, "尤其是": 2, "渠道": 3, "炙手可热": 1, "国产": 1, "用户": 1, "知名度": 1, "之下": 2, "稍微": 1, "欠缺": 1, "前阵子": 1, "商家": 2, "空间": 1, "低": 2, "交": 1, "房租": 1, "水电": 1, "授权": 1, "店": 1, "进店": 1, "自然": 1, "卖力": 1, "推销": 1, "有助于": 1, "出货量": 3, "打开": 2, "努力": 1, "远远": 2, "好于": 1, "围堵": 1, "半年": 1, "当初": 1, "自诩": 1, "浇灭": 1, "国人": 1, "倒": 1, "政客": 3, "手里": 1, "大半年": 1, "答复": 2, "习近平": 1, "主席": 1, "声称": 1, "消息": 3, "憋": 1, "好久": 1, "天大": 1, "好事": 1, "英国": 3, "每日": 1, "邮报": 1, "数据": 6, "主宰": 1, "例子": 1, "零部件": 2, "50%": 2, "韩": 1, "最多": 2, "生产商": 1, "生产线": 1, "为此": 1, "想方设法": 1, "超过": 4, "110亿": 1, "美元": 4, "进口额": 1, "宣称": 1, "发言人": 1, "移出": 1, "名单": 1, "有待": 1, "后期": 1, "讨论": 2, "小道": 1, "芯片": 3, "选择性": 1, "出口": 3, "显而易见": 1, "想象": 1, "诚恳": 1, "幌子": 1, "感觉": 1, "为首": 1, "深层次": 1, "华": 1, "占据": 2, "业务额": 1, "半壁江山": 1, "意味着": 1, "搬起": 1, "石头": 1, "砸": 1, "脚": 1, "履行": 1, "中方": 1, "CNMO": 1, "FreeBuds": 2, "FreeLace": 3, "无线": 4, "蓝牙": 6, "耳机": 10, "发售": 1, "连接": 2, "出色": 1, "音质": 2, "亮点": 1, "颇": 1, "机会": 1, "7月": 1, "1日": 1, "@": 2, "商城": 2, "攻略": 3, "取自": 1, "官微": 2, "本次": 1, "公布": 3, "稳定性": 1, "诸多": 1, "特性": 1, "EMUI": 2, "9.0": 1, "9.1": 1, "方法": 1, "设置": 1, "点击": 2, "齿轮": 1, "图标": 1, "依次": 1, "固件": 1, "检查": 1, "在线": 1, "距离": 1, "50": 2, "厘米": 1, "以内": 1, "远离": 1, "干扰": 1, "家电": 1, "微波炉": 1, "路由器": 1, "境外": 1, "美光": 24, "供货": 4, "内容": 1, "停止": 1, "发货": 2, "相关": 4, "负责人": 1, "值得一提的是": 2, "前不久": 1, "台湾": 2, "钜亨网": 1, "2019": 2, "财年": 2, "第三": 2, "季度": 1, "财报": 3, "表现": 4, "本季": 2, "强劲": 1, "营收": 3, "占比": 1, "13%": 1, "玩味": 1, "财务": 1, "DRAM": 1, "NAND": 1, "均": 2, "受挫": 1, "预测": 1, "顶端": 1, "吃饱": 1, "某人": 1, "搅和": 1, "早就": 1, "发大财": 1, "这次": 3, "费尽心机": 2, "及格": 1, "严峻": 1, "挽回": 1, "去年": 2, "存场": 1, "走低": 1, "业内": 2, "预见": 1, "财季": 1, "收入": 2, "同比": 3, "大幅": 1, "业绩": 1, "依然": 1, "超出": 1, "预期": 1, "概率": 1, "沉重": 1, "搞": 1, "股东们": 1, "或许": 3, "集体": 1, "暴怒": 1, "订单": 1, "不惜": 1, "铤而走险": 1, "机构": 2, "Stifel": 1, "Nicolaus&Co": 1, "分析师": 3, "凯文·卡西迪": 1, "漏洞": 4, "未": 1, "25%": 1, "约束": 1, "卡西迪": 1, "正是": 1, "利用": 3, "合法性": 1, "佩服": 1, "Cross": 1, "Research": 1, "史蒂文·福克斯": 1, "想要": 1, "海外": 3, "子公司": 1, "首家": 1, "某种": 1, "背景": 1, "外界": 1, "决心": 1, "重视": 1, "出货": 2, "同一天": 1, "纽约": 1, "英特尔": 4, "置评": 1, "赞助": 1, "半导体": 1, "协会": 1, "指出": 2, "认定": 1, "之内": 1, "走运": 2, "伟创力": 1, "Flex": 1, "博通": 1, "希捷": 1, "Qorvo": 1, "Intel": 1, "Skyworks": 1, "康宁": 1, "ADI": 1, "扛": 1, "不住": 1, "站": 1, "环境": 1, "太": 2, "丢失": 1, "金主": 1, "爸爸": 1, "一览": 1, "众山": 1, "形容": 1, "市占率": 1, "究竟": 1, "恐怖": 1, "绝大多数": 1, "归功": 1, "庞大": 1, "20日": 1, "nova5": 1, "发布会": 1, "截止": 1, "2019年": 4, "仅仅": 1, "用时": 1, "149": 1, "发货量": 2, "突破": 1, "1亿": 1, "IDC": 1, "Q1": 1, "欧洲": 1, "5350万": 1, "下降": 1, "2.74%": 1, "三星": 1, "份额": 3, "逆势": 1, "1350万": 1, "66.13%": 1, "四分之一": 1, "众多": 1, "一部分": 1, "占": 1, "25日": 1, "举办": 1, "ON": 1, "常务": 1, "董事": 1, "运营商": 7, "事业部": 1, "总裁": 1, "丁耘": 2, "对外": 1, "进展": 1, "5G商": 1, "合同": 2, "15万": 1, "套": 1, "芬兰": 1, "瑞士": 1, "三分之二": 1, "商用": 1, "部署": 1, "本土": 1, "地方": 1, "中时": 1, "电子报": 1, "十多": 1, "农村": 2, "爱立信": 3, "诺基亚": 3, "商讨": 1, "方案": 1, "替换": 1, "原有": 1, "并非易事": 1, "高华": 1, "雷肯": 1, "罗杰·恩特纳": 1, "给出": 2, "30%": 1, "恩特纳": 1, "关闭": 1, "倒闭": 1, "风险": 1, "杀": 1, "四方": 1, "绝非": 1, "偶然": 1, "长年累月": 1, "积攒": 1, "经验": 1, "居然": 1, "破绽": 1, "参考": 1, "攻城掠地": 1, "坚实": 1, "中心": 1, "经营": 1, "无形中": 1, "抬高": 1, "不管是": 2, "相提并论": 1, "打虎": 1, "纸老虎": 1, "捅": 2, "破": 1, "起码": 1, "勇气": 1, "耀眼": 1, "源于": 1, "大会": 1, "轮值": 1, "董事长": 1, "胡厚崑": 1, "披露": 1, "2570": 1, "专利": 4, "占到": 1, "20%": 1, "成绩": 1, "支撑": 1, "前段": 1, "首席": 1, "法务官": 1, "宋柳平": 1, "长期": 1, "海量": 1, "高达": 2, "150亿": 1, "位列": 1, "第五": 1, "累计": 1, "730亿": 1, "据悉": 1, "2009年": 1, "6亿": 1, "人员": 2, "1万": 1, "费用": 2, "100亿": 1, "人民币": 1, "创造": 1, "资本": 1, "德国": 1, "IPlytics": 1, "报告": 1, "截至": 1, "15日": 1, "5GSEP": 1, "排名": 1, "声明": 1, "SEP": 1, "2160": 1, "甩": 1, "身后": 1, "闻名业界": 1, "道路": 1, "自始而终": 1, "巨额": 1, "资金": 1, "10%": 1, "近年": 1, "15%": 1, "短跑": 1, "马拉松": 1, "跑道": 1, "跑": 1, "想必": 1, "心声": 1, "写": 1, "朋友": 1, "利益": 1, "十九": 1, "世纪": 1, "首相": 1, "帕麦斯顿": 1, "一句话": 1, "至理名言": 1, "示好": 1, "世人": 1, "观点": 1, "美帝": 1, "低头": 1, "气势": 1, "声势": 1, "不妨": 1, "评论区": 1, "留言": 1}