{"来源": 1, "：": 9, "中国": 2, "基金报": 1, "作者": 1, "乔麦": 1, "华为": 86, "动作": 1, "多方": 1, "消息": 5, "称": 3, "10月": 5, "17日": 2, "5": 2, "天后": 2, "推出": 2, "款": 13, "屏": 1, "手机": 23, "搭载": 5, "鸿蒙": 22, "系统": 22, "9月份": 1, "余承东": 5, "就绪": 2, "关注度": 1, "起因": 1, "谷歌": 8, "mate30": 1, "禁用": 1, "GMS": 2, "服务": 7, "随后": 4, "P30": 2, "系列": 6, "白": 1, "名单": 1, "移除": 1, "针对": 1, "影响": 4, "销量": 3, "因素": 1, "发布": 13, "采用": 5, "HMS": 4, "新款": 3, "代表": 1, "安卓": 4, "绊脚石": 1, "一财": 2, "内部": 3, "人员": 2, "获悉": 2, "属实": 2, "表述": 2, "都": 17, "猜测": 2, "人士": 2, "打造": 4, "生态": 6, "当务之急": 2, "年内": 2, "用于": 3, "产品": 9, "首款": 2, "证券": 1, "时报": 1, "报道": 1, "Mate": 5, "30": 6, "趁热打铁": 1, "创新": 1, "全面屏": 1, "情况": 2, "很": 5, "屏下": 2, "隐藏式": 1, "前置": 1, "摄像头": 2, "指纹": 1, "设计": 3, "三": 2, "旗舰": 3, "设备": 6, "X": 1, "、": 78, "Mate30": 3, "观点": 1, "发": 1, "机型": 1, "可能性": 1, "对外": 1, "透露": 3, "更多": 1, "发给": 1, "媒体": 1, "邮件": 1, "全新": 2, "智能": 25, "2012年": 1, "规划": 2, "自有": 1, "操作": 6, "2019年": 5, "5月": 4, "24日": 2, "国家": 2, "知识": 1, "产权局": 1, "商标局": 1, "网站": 1, "显示": 4, "申请": 2, "商标": 1, "日期": 2, "2018年": 1, "8月": 2, "注册": 1, "公告": 1, "14日": 2, "专用": 1, "权限期": 1, "2029年": 1, "13日": 1, "9日": 1, "东莞": 1, "开发者": 1, "大会": 2, "正式": 1, "OS": 2, "基于": 4, "微内核": 1, "面向": 1, "场景": 7, "分布式": 1, "分布": 1, "架构": 2, "天生": 1, "流畅": 1, "内核": 2, "共享": 1, "四": 1, "前期": 1, "物联网": 5, "领域": 4, "消费者": 1, "业务": 3, "CEO": 1, "会上": 1, "介绍": 2, "保留": 1, "linux": 1, "支持": 4, "随时": 3, "可用": 1, "优先": 1, "启用": 1, "9月": 2, "I": 1, "FA2019": 1, "记者": 1, "见面会": 1, "曾言之凿凿": 1, "第一": 6, "明年": 1, "3月": 2, "P40": 1, "相关": 2, "合作": 3, "特朗普": 3, "美国": 3, "企业": 4, "发放": 1, "贸易": 1, "许可证": 1, "这时候": 1, "拭目以待": 1, "任正非": 6, "媲美": 2, "苹果": 2, "无需": 1, "两三年": 1, "10日": 2, "心声": 1, "论坛": 1, "19日": 1, "创始人": 1, "接受": 1, "财富": 1, "杂志": 1, "采访": 2, "纪要": 1, "问到": 1, "信心": 1, "接下来": 1, "三年": 2, "内": 3, "一个": 5, "领导人": 1, "说话": 1, "保守": 1, "一点": 1, "逼": 1, "太": 1, "长": 7, "时间": 9, "改革": 1, "倒逼师": 1, "遭受": 1, "打击": 1, "感觉": 5, "生存": 1, "威胁": 1, "焕发": 1, "青春": 1, "海外": 3, "市场": 7, "很多": 2, "独到": 1, "优点": 1, "不仅仅": 1, "；": 4, "萎缩": 1, "衰退": 1, "动摇": 1, "希望": 3, "世界": 2, "分裂": 1, "Google": 1, "友好": 1, "政府": 2, "批准": 1, "APP": 1, "Gallery": 1, "商店": 1, "替代": 1, "新加坡": 1, "马来西亚": 1, "地区": 1, "限量": 1, "预售": 1, "此前": 1, "切断": 1, "软件": 2, "供应": 1, "另辟蹊径": 1, "拦路虎": 1, "新机": 1, "国际": 1, "回应": 1, "欧洲": 1, "终端": 1, "销售": 3, "降低": 2, "100多": 1, "亿": 2, "美元": 3, "收入": 2, "7月": 1, "30日": 1, "公司": 5, "上半年": 1, "业绩": 2, "报告": 2, "4013亿": 1, "元": 2, "564亿": 1, "同比": 1, "增长": 4, "23.2％": 1, "净": 1, "利润率": 1, "8.7％": 1, "发布会": 1, "董事长": 1, "梁华": 1, "研发": 3, "投入": 1, "1200亿": 1, "168亿": 1, "当天": 2, "Watch": 18, "GT2": 6, "手表": 39, "经历": 1, "不错": 2, "口碑": 1, "表现": 4, "第二": 1, "不及": 1, "主角": 1, "可穿戴": 3, "算是": 1, "重磅": 1, "打眼": 1, "地方": 1, "星期": 1, "超长": 1, "续航": 8, "市面": 1, "单次": 1, "充电": 5, "寿命": 1, "基础": 1, "功能": 18, "上限": 1, "一体化": 2, "台": 1, "24": 3, "小时": 8, "手上": 3, "「": 9, "营业": 1, "」": 9, "好不": 2, "好看": 1, "整体": 2, "GT": 14, "相比": 1, "区别": 1, "不大": 1, "眼看": 1, "很快": 1, "块": 5, "3D": 1, "曲面": 1, "玻璃": 1, "屏幕": 10, "吸引": 1, "爱范儿": 1, "拿到": 3, "赤霞": 1, "橙": 1, "配色": 1, "运动款": 1, "这块": 6, "圆润": 1, "明晰": 1, "表圈": 1, "变窄": 1, "陶瓷": 1, "材质": 1, "镌刻": 1, "数字": 1, "刻度": 1, "比起": 3, "表盘": 6, "延伸": 2, "外壳": 1, "刻度圈": 1, "弯曲": 1, "边缘": 1, "有种": 1, "汪清泉": 1, "将要": 1, "倾泻": 1, "背面": 1, "中心": 1, "集成": 1, "心率": 12, "传感器": 6, "金属": 1, "触点": 1, "接口": 1, "陀螺仪": 1, "气压": 1, "电容": 1, "环境": 2, "监测": 13, "能力": 3, "尺寸": 1, "选": 1, "42": 1, "毫米": 2, "46": 1, "后者": 1, "表身": 1, "薄": 1, "厚度": 1, "减到": 1, "10.6": 1, "升级": 4, "1.39": 1, "英寸": 1, "AMOLED": 1, "显示屏": 1, "像素": 1, "密度": 1, "326ppi": 1, "分辨率": 1, "454": 2, "覆盖": 1, "素质": 1, "户外": 4, "算": 2, "触摸": 1, "设有": 1, "按钮": 1, "上键": 1, "菜单": 1, "栏": 1, "开关机": 1, "重启": 1, "下键": 1, "锻炼": 3, "界面": 1, "选择": 4, "长亮": 2, "亮度": 2, "1000": 1, "尼特": 1, "分钟": 3, "激发": 1, "自带": 1, "14": 1, "背景": 2, "想": 4, "自定义": 2, "碰": 1, "传": 1, "技术": 7, "连接": 3, "触碰": 1, "快速": 2, "照片": 1, "佩戴": 3, "舒适度": 1, "橡胶": 1, "表带": 1, "戴上": 1, "亲肤": 1, "粘腻": 1, "压迫": 1, "重量": 1, "50g": 1, "戴": 4, "并非如此": 1, "手腕": 2, "细": 1, "真的": 1, "圆": 1, "健身": 4, "群体": 2, "伴侣": 2, "追踪": 1, "身体": 5, "多样": 2, "运动": 31, "模式": 9, "实用": 1, "健康": 17, "管理": 5, "首次": 2, "下载": 1, "配对": 1, "同步": 3, "数据": 6, "懒癌": 1, "肥宅": 1, "15": 1, "方法": 1, "包括": 6, "跑步": 6, "步行": 4, "登山": 1, "徒步": 1, "越野": 1, "跑": 1, "骑行": 4, "开放": 2, "水域": 1, "铁人": 1, "项": 1, "8": 1, "泳池": 1, "游泳": 4, "自由": 1, "训练": 1, "椭圆机": 1, "划船机": 1, "7": 1, "室内": 1, "值得一提的是": 1, "水下": 1, "水深": 1, "50": 1, "米": 2, "防水": 1, "10": 2, "全功能": 1, "才": 2, "测试": 3, "日常": 3, "淋浴": 1, "浅滩": 1, "水渍": 1, "泼溅": 1, "强度": 1, "区间": 2, "给出": 3, "提醒": 2, "指导": 2, "用户": 9, "依然": 4, "试": 1, "语音": 1, "提示": 1, "即可": 1, "GPS": 2, "优化": 1, "双卫星": 1, "定位": 1, "实时": 3, "路线": 1, "记录": 4, "配速": 2, "距离": 2, "步数": 1, "步频": 1, "热量": 1, "海拔": 1, "多种": 3, "信息": 2, "数值": 1, "调整": 2, "状态": 3, "低": 3, "毕竟": 1, "当代": 1, "年轻人": 2, "上一代": 2, "羡慕": 1, "坐": 2, "办公室": 2, "吹": 1, "空调": 1, "工作": 3, "新鲜": 1, "员工": 1, "瘫": 1, "工位": 1, "现象": 1, "变得": 2, "变化": 1, "分析": 3, "建议": 4, "App": 2, "每次": 1, "完整": 3, "图表": 1, "轨迹": 1, "占比": 1, "展开": 1, "针对性": 1, "增加": 3, "燃脂": 1, "有氧": 1, "耐力": 1, "▲": 1, "带有": 1, "一步步": 1, "跟着": 1, "恍惚间": 1, "私人": 1, "教练": 1, "写稿": 1, "猝不及防": 1, "地震": 1, "警世": 1, "名言": 1, "组织": 1, "列为": 1, "危害": 1, "值得一提": 1, "配备": 2, "麦克风": 2, "扬声器": 3, "接听": 2, "拨打": 1, "蓝牙": 6, "电话": 2, "100": 1, "以内": 1, "段": 1, "足够": 2, "扔": 1, "更衣室": 1, "健身房": 1, "游泳池": 1, "通话": 2, "存储": 3, "容量": 1, "200-500": 1, "MP3": 1, "歌曲": 2, "播放": 3, "音乐": 4, "音效": 1, "声音": 1, "响亮": 1, "听": 2, "歌": 1, "公共": 1, "放": 2, "耳机": 2, "正解": 1, "扫码": 1, "支付": 2, "NFC": 1, "公交": 2, "刷卡": 1, "出门": 2, "购物": 1, "地铁": 1, "闸": 1, "支付宝": 1, "带": 1, "实用性": 1, "管理者": 1, "花费": 1, "功夫": 1, "越来越": 2, "核心": 2, "加班": 1, "熬夜": 1, "心脏": 7, "忽视": 1, "潜在": 2, "隐患": 1, "诊断": 1, "疾病": 1, "中老年人": 1, "头顶": 1, "悬": 1, "达摩克斯": 1, "剑": 1, "这次": 1, "首推": 1, "血氧": 8, "饱和度": 5, "(": 1, "SpO2": 1, ")": 1, "陌生": 1, "简单": 1, "指": 1, "血液": 1, "浓度": 1, "呼吸": 3, "循环": 1, "生理": 1, "参数": 1, "老年人": 1, "脑力": 1, "劳动": 1, "都会": 1, "疲累": 1, "困倦": 1, "迟缓": 1, "记忆力": 1, "下降": 1, "大脑": 3, "心肌": 1, "伤害": 1, "高山": 1, "高原": 1, "缺氧": 1, "半夜": 1, "写": 1, "篇": 2, "稿子": 1, "挺": 2, "97%": 1, "文章": 1, "WATCH": 3, "301": 4, "医院": 5, "人民": 1, "解放军": 1, "总医院": 1, "研究": 8, "计划": 2, "提供": 7, "早搏": 6, "筛查": 3, "检测": 3, "心脏病": 1, "指标": 1, "心律": 1, "失常": 1, "异性": 1, "发生": 2, "症状": 1, "试图": 2, "提前": 1, "预防": 1, "风险": 3, "官方": 2, "专家": 1, "经验": 1, "人工": 2, "算法": 2, "逐跳": 1, "波形": 1, "做出": 1, "准确": 1, "判断": 1, "全天": 1, "捕捉": 1, "异常": 2, "心跳": 1, "配合": 1, "未": 1, "页面": 1, "饮食": 1, "缺乏": 2, "专业": 1, "医疗": 1, "监控": 2, "有益": 1, "补充": 1, "贴心": 1, "MAFA": 1, "疑似": 1, "高风险": 1, "闭环": 1, "70": 1, "余家": 1, "医生": 1, "确诊": 1, "治疗": 1, "跟踪": 1, "随访": 1, "压力": 5, "睡眠": 11, "处于": 1, "偏": 1, "中等": 1, "放松": 1, "用到": 1, "自主": 2, "开发": 1, "HUAWEI": 2, "Tru": 1, "Relax": 1, "HRV": 1, "变异性": 1, "值": 1, "指数": 1, "反馈": 1, "缓解": 1, "监测会": 1, "睡": 2, "自动": 1, "TruSleep": 1, "2.0": 2, "醒来": 2, "整晚": 2, "得分": 1, "大数据": 2, "给到": 1, "譬如": 2, "早点": 1, "学习": 1, "轻音乐": 1, "拉伸": 1, "上床": 1, "睡觉": 1, "拓展": 1, "方向": 2, "即将": 1, "启动": 1, "暂停": 2, "项目": 1, "后续": 1, "执行": 1, "步骤": 1, "消耗": 1, "卡路里": 1, "站立": 1, "次数": 1, "等于": 1, "全天候": 1, "状况": 1, "不得不": 1, "生活": 7, "习惯": 2, "方式": 1, "养成": 1, "监督": 1, "作用": 1, "不再": 1, "当代人": 1, "无时无刻": 1, "笼罩": 1, "电量": 7, "低于": 1, "10%": 1, "恐慌": 2, "之下": 1, "至关重要": 1, "一部分": 1, "担心": 1, "电池": 1, "带来": 2, "负担": 1, "长达": 1, "本质": 1, "功耗": 3, "芯片": 3, "麒麟": 2, "A1": 2, "双模": 1, "5.1": 1, "认证": 1, "处理器": 1, "稳定": 1, "超低": 1, "运行": 1, "表内": 1, "节电": 1, "识别": 1, "性能": 1, "平衡": 1, "充足": 1, "充满": 2, "电": 4, "往返": 1, "下班": 1, "晚上": 2, "大概": 1, "剩": 3, "79%": 1, "单晚": 1, "掉": 1, "2%": 1, "过多": 1, "第九": 1, "42%": 1, "预计": 1, "至少": 1, "出色": 1, "短期": 1, "出差": 1, "旅行": 1, "胜任": 1, "12": 1, "20%": 1, "不用": 1, "IDC": 1, "近期": 1, "2018": 1, "出货量": 3, "4700": 1, "快": 2, "2022": 1, "全球": 1, "逾": 1, "倍": 1, "9430": 1, "占据": 1, "同年": 1, "1.904": 1, "一半": 1, "值得": 1, "品牌": 1, "搭配": 2, "才能": 1, "体验": 3, "iPhone": 1, "Pro": 1, "同一个": 1, "iOS": 1, "版": 1, "课程": 1, "本地": 1, "年报": 1, "细节": 1, "外观": 1, "配置": 1, "上都": 1, "打鼾": 1, "价格": 1, "变为": 1, "1488": 1, "元起": 1, "新表": 1, "就要": 1, "放弃": 1, "玩性": 1, "硬核": 1, "趋势": 1, "从此": 1, "取代": 1, "走向": 1, "Apple": 1, "半": 1, "充过": 1, "慢慢": 1, "在乎": 1, "无形": 1, "动力": 1, "意义": 1, "协助": 1, "培养": 1, "安心": 3, "或许": 1, "改变": 2, "11日": 1, "2019": 1, "蛮": 1, "腰": 1, "科技": 1, "360": 9, "集团": 1, "副总裁": 1, "兼IoT": 1, "总裁": 1, "李文智": 3, "IoT": 15, "各家": 2, "发展": 2, "思路": 1, "360lot": 1, "体系": 3, "小米": 5, "一家": 3, "看重": 1, "流量": 3, "运营": 2, "行业": 4, "赋能者": 3, "竞争者": 2, "主打": 1, "万物": 2, "相连": 1, "互联网": 1, "至今": 1, "家居": 2, "入口": 1, "人物": 1, "互联": 2, "巨头": 1, "布局": 1, "loT": 2, "共识": 1, "ZAKER": 2, "新闻": 2, "梳理": 1, "发现": 1, "国内": 1, "早": 1, "一批": 1, "主营": 1, "儿童": 2, "可视": 2, "门铃": 2, "去年": 1, "十一": 1, "6": 1, "硬件": 3, "新品": 1, "销售额": 1, "突破": 1, "5700万": 1, "成绩": 1, "可谓": 1, "喜人": 1, "起家": 1, "自然": 1, "绕": 1, "话题": 2, "李": 3, "文智": 3, "演讲": 1, "题目": 1, "引领": 1, "都市": 1, "5G": 1, "成熟": 1, "网络": 2, "空间": 4, "物理": 2, "群众": 1, "热议": 1, "未来": 2, "原有": 1, "防火墙": 2, "+": 3, "服务器": 1, "防护": 1, "构建": 1, "防线": 1, "思考": 1, "初衷": 1, "解决": 1, "方案": 3, "家庭": 2, "协调": 2, "家用": 1, "音箱": 2, "扫地": 1, "机器人": 1, "运算": 1, "家里": 1, "懂": 1, "沟通": 1, "盒子": 1, "套": 1, "不少": 1, "省市": 1, "部门": 1, "流动": 1, "人口": 1, "合城": 1, "作战": 1, "社区": 1, "应急": 2, "智慧": 1, "消防": 1, "网约车": 1, "公交车": 1, "监管": 1, "IoT赛": 1, "重视": 2, "如今": 1, "百度": 1, "赛道": 1, "环节": 1, "表达": 1, "友商": 1, "看法": 1, "差异性": 1, "发力": 1, "不尽相同": 1, "生态链": 1, "规模": 1, "持续": 1, "战略": 2, "智慧化": 1, "业界": 1, "制定": 2, "通信": 1, "协议": 1, "标准": 3, "做法": 1, "领导者": 1, "IoT行": 1, "长远": 1, "品文": 1, "/": 1, "宁睿": 1}