{"文丨": 1, "郝": 1, "圆": 1, "日前": 3, "华为": 350, "美国商务部": 18, "列入": 19, "管制": 6, "实体名单": 12, "至暗": 3, "时刻": 4, "言论": 2, "甚嚣尘上": 1, "国人": 1, "都": 19, "担心": 3, "未来": 3, "封": 10, "内部": 14, "刷屏": 4, "……": 4, "海思": 42, "总裁": 6, "：": 51, "挽狂": 3, "澜于": 3, "倒": 3, "信于": 1, "5月": 6, "17日": 3, "凌晨": 5, "2点14分": 1, "发出": 1, "信中": 2, "称": 17, "公司": 92, "做出": 8, "极限": 5, "生存": 8, "假设": 4, "美国": 195, "先进": 3, "芯片": 59, "技术": 26, "永远": 4, "发生": 6, "打造": 7, "很多": 7, "备胎": 14, "中新社": 1, "消息": 7, "15日": 8, "国家": 47, "为由": 3, "70": 2, "附属": 3, "出口": 4, "意味着": 3, "供应": 8, "电子": 4, "事情": 3, "生产端": 1, "面临": 2, "瘫痪": 2, "危机": 5, "命运": 1, "年轮": 1, "转到": 1, "黑暗": 2, "何庭波": 10, "状态": 27, "背景": 2, "转正": 3, "开放": 2, "创新": 4, "科技": 14, "自立": 6, "路": 1, "再有": 1, "一个": 17, "换胎": 1, "缓冲区": 1, "消失": 1, "产品": 24, "出生": 1, "同步": 2, "‘": 1, "’": 1, "方案": 11, "滔天": 1, "巨浪": 1, "方显": 1, "英雄本色": 1, "艰难困苦": 1, "铸造诺亚": 1, "方舟": 3, "读": 2, "格外": 2, "热血": 2, "生死存亡": 1, "危难感": 1, "民族": 3, "企业": 42, "燃": 1, "网友": 6, "仿佛": 1, "流浪": 1, "地球": 1, "感觉": 1, "第一": 10, "字": 1, "无比": 1, "璀璨": 1, "在知乎": 1, "相关": 11, "问答": 1, "顶上": 1, "首位": 1, "认证": 2, "麒麟": 7, "人士": 4, "发布": 19, "非官方": 1, "招聘": 1, "启事": 1, "评论区": 1, "满满": 1, "鼓励": 1, "感动": 1, "舆论": 4, "发酵": 2, "很快": 1, "登上": 1, "社交": 1, "网络": 27, "热搜": 1, "榜首": 1, "新浪": 1, "旗下": 2, "媒体": 10, "传播": 1, "大数据": 1, "分析": 3, "平台": 1, "@": 2, "微热点": 1, "数据": 4, "此信": 1, "内容": 4, "曝光": 4, "热度": 3, "指数": 2, "飙升": 1, "3": 1, "小时": 1, "内": 7, "上涨": 1, "70+": 1, "官媒": 2, "集体": 1, "声援": 2, "上演": 2, "完美": 1, "公关": 6, "人民日报": 4, "、": 114, "央视": 3, "新闻": 10, "环球": 7, "时报": 5, "官微": 1, "纷纷": 3, "转发": 4, "打气": 1, "形式": 2, "公开信": 1, "本身": 1, "随之而来": 1, "发声": 2, "形象": 3, "加持": 2, "16日": 10, "晚间": 1, "侠客岛": 2, "刊发": 1, "打压": 3, "华为史": 2, "长文": 1, "详细": 2, "梳理": 2, "历次": 1, "发难": 1, "美方": 15, "至今": 2, "切实": 2, "证据": 3, "证明": 3, "硬件": 2, "软件": 5, "隐藏": 2, "监控": 2, "后门": 2, "只能": 5, "反复": 2, "风险": 13, "吓唬": 2, "本国": 3, "国民": 2, "今日": 4, "海外网": 1, "再次": 3, "篇": 5, "文章": 3, "力挺": 1, "有史以来": 1, "精彩": 1, "公关界": 1, "反面": 1, "教材": 1, "任正非": 9, "正面": 1, "评价": 3, "负面": 2, "水": 1, "加面": 1, "加水": 1, "操作": 4, "海军": 2, "代名词": 1, "招黑": 1, "不少": 4, "厂商": 5, "各类": 1, "电商": 1, "论坛": 1, "网站": 2, "灌水": 1, "基本上": 2, "行业": 9, "内心": 1, "称作": 1, "规模": 4, "效率": 1, "远": 1, "超": 1, "单独": 1, "冠以": 1, "名": 6, "通病": 1, "面对": 4, "事件": 6, "大众": 2, "沟通": 2, "畅": 1, "比起": 1, "骂": 2, "爱": 1, "这次": 5, "史无前例": 1, "面前": 1, "无论是": 1, "出于": 1, "主动": 2, "被动": 1, "效果": 2, "意外": 3, "最大化": 1, "以往": 1, "话题": 1, "核心": 9, "人物": 1, "处于": 2, "隐身": 1, "此次": 2, "相比": 2, "常见": 1, "企业家": 1, "发言": 1, "措辞": 1, "不止": 1, "鸡汤": 1, "鸡血": 1, "措施": 8, "目标": 4, "清晰": 1, "策略": 1, "真诚": 1, "富有": 1, "感召力": 1, "触发": 1, "因素": 2, "大v": 1, "江宁": 1, "婆婆": 1, "信时": 1, "写道": 2, "想象": 1, "激昂": 2, "出自": 1, "平时": 1, "多么": 1, "低调": 1, "文笔": 1, "加上": 1, "女": 3, "工程师": 1, "身份": 1, "反差": 1, "心目": 1, "带感": 1, "诸如": 1, "中国": 43, "厉害": 1, "掌门": 1, "——": 7, "女皇": 1, "塑造": 1, "国产": 4, "年代": 1, "剧": 1, "女主": 1, "过程": 2, "太": 4, "渲染": 1, "下午": 1, "消费者": 6, "业务": 15, "CEO": 2, "余承东": 2, "简单": 1, "回应": 9, "体现": 1, "未雨绸缪": 1, "居安思危": 2, "中国人": 2, "骨子里": 1, "精神": 1, "奉": 1, "黑洞": 1, "逆袭": 1, "刺激": 1, "A股": 2, "开盘": 1, "概念股": 2, "表现": 1, "活跃": 1, "北京": 3, "君正": 2, "诚迈": 1, "紫光": 1, "国微": 1, "涨停": 2, "晓程": 1, "士兰微": 1, "江丰": 1, "个股": 2, "大涨": 1, "考验": 1, "END": 1, "昨天": 3, "上午": 2, "绞杀": 3, "通讯": 7, "总统": 16, "特朗普": 19, "签署": 14, "项": 4, "总统令": 5, "紧急": 24, "给予": 1, "权力": 3, "禁止": 18, "威胁": 13, "设备": 29, "工业": 7, "安全局": 7, "BIS": 5, "份": 14, "购买": 8, "配件": 3, "做法": 8, "盟友": 5, "封杀": 13, "施加": 2, "压力": 4, "西方": 1, "发现": 3, "对付": 3, "跟风": 3, "欧洲": 11, "大国": 1, "欧盟": 3, "主心骨": 1, "法国": 14, "CNBC": 2, "新闻网": 1, "报道": 14, "进一步": 4, "马克龙": 11, "接受": 4, "采访": 4, "跨国": 2, "激活": 1, "经济": 7, "创造": 1, "就业": 3, "采用": 5, "过度": 1, "保护主义": 2, "针对": 11, "包括": 12, "在内": 4, "保护": 2, "主权": 2, "仅此而已": 1, "发动": 4, "贸易战": 3, "技术战": 1, "合适": 1, "番": 2, "形容": 2, "等于": 1, "泼": 1, "盆": 1, "冷水": 1, "接下来": 3, "德国": 14, "英国": 25, "卫报": 4, "此前": 8, "表态": 2, "参与": 7, "5G": 44, "建设": 10, "电信": 20, "系统": 15, "中和": 1, "合作": 18, "德方": 1, "排除": 4, "反而": 2, "影响": 22, "落地": 5, "速度": 2, "▲": 1, "截图": 2, "值得一提的是": 2, "提到": 1, "驻": 2, "大使": 1, "国": 2, "情报": 4, "耿直哥": 3, "粗暴": 2, "内政": 1, "指手画脚": 1, "反感": 1, "找到": 1, "不至于": 1, "面子": 2, "折中": 2, "路线": 1, "非核心": 1, "天线": 1, "大型": 2, "沃达丰": 4, "7月": 1, "3日": 1, "路透社": 7, "打算": 4, "犹豫": 1, "新西兰": 3, "政府": 30, "模式": 2, "展开": 4, "协商": 1, "该国": 3, "总部": 1, "所在": 1, "比利时": 1, "加拿大": 9, "逮捕": 2, "高管": 1, "孟晚舟": 5, "总理": 4, "特鲁多": 2, "邮报": 1, "立刻": 1, "跟着": 1, "有条不紊": 1, "耐心": 1, "项目": 2, "评估": 3, "有趣": 1, "部门": 2, "官员": 3, "肯定": 4, "关系": 2, "恶化": 1, "屡次": 1, "公平": 2, "打击": 4, "足够": 1, "气度": 1, "声明": 6, "保障": 4, "就此": 2, "寻求": 2, "救济": 2, "解决": 10, "错误": 4, "低头": 1, "认怂": 1, "中原": 1, "反对": 6, "这不": 2, "符合": 3, "利益": 4, "损失": 3, "数以万计": 2, "岗位": 2, "破坏": 2, "全球": 20, "供应链": 5, "互信": 2, "彭博社": 4, "评论": 5, "这是": 9, "封锁": 4, "领导人": 2, "首次": 3, "发表": 4, "公开": 4, "屈服": 3, "刚刚": 2, "战争": 1, "黑名单": 3, "引发": 1, "外界": 3, "担忧": 2, "周四": 6, "参加": 2, "巴黎": 2, "VivaTech": 2, "活动": 6, "态度": 4, "维护": 4, "场": 3, "科技战": 2, "恰当": 2, "地区": 4, "情绪": 1, "计划": 5, "收紧": 1, "管理": 1, "规则": 2, "默克尔": 1, "一家": 9, "供应商": 17, "外交大臣": 1, "杰里米亨特": 1, "14日": 2, "发展": 10, "希望": 3, "冷战": 1, "回答": 1, "(": 4, ")": 4, "纳入": 1, "美": 7, "经贸": 2, "摩擦": 2, "火上浇油": 1, "当地": 3, "时间": 6, "行政": 7, "命令": 6, "详": 1, "熟睡": 1, "！": 18, "生产": 10, "外媒": 4, "美企": 4, "往来": 4, "铺平": 3, "道路": 3, "行政令": 2, "当天": 2, "未经": 2, "批准": 3, "情况": 7, "元器件": 5, "外交部": 2, "发言人": 7, "陆慷": 4, "例行": 3, "记者会": 2, "对此": 4, "中方": 5, "泛化": 2, "理由": 2, "歧视性": 1, "合法": 4, "权益": 3, "关心": 1, "来源": 18, "环球网": 1, "/": 2, "乌小宝": 1, "打出": 1, "记": 1, "高科技": 1, "组合拳": 1, "相对于": 1, "CNN": 4, "实体": 9, "清单": 7, "才": 3, "宣称": 2, "进程": 1, "信件": 5, "显示": 11, "早": 3, "简直": 1, "噩梦": 2, "带来": 4, "专家": 3, "给出": 2, "这般": 1, "悲观": 1, "导致": 3, "延缓": 1, "难以": 3, "兑现": 4, "全世界": 2, "数十": 1, "商业": 4, "合同": 6, "25": 2, "中东": 1, "10": 3, "证实": 2, "邮件": 1, "指出": 4, "多年": 6, "预计": 5, "研究": 5, "开发": 5, "连续性": 2, "投入": 15, "极端": 2, "经营": 3, "引人瞩目": 1, "下属": 1, "半导体": 13, "终于": 3, "夜": 5, "之间": 3, "研发": 6, "启用": 2, "压": 1, "保密柜": 2, "平凡": 2, "儿女": 3, "时代": 3, "英雄": 2, "日子": 3, "!": 3, "熟悉": 2, "得知": 1, "可控": 1, "知名": 1, "通信": 13, "媒体人": 1, "C114": 1, "通信网": 1, "副": 1, "主编": 1, "蒋均": 1, "牧": 1, "此事": 4, "写": 1, "出手": 2, "会否": 1, "不利": 1, "答案": 2, "不大": 1, "不见得": 1, "看似": 1, "一道": 1, "送": 1, "命题": 1, "基础": 9, "领域": 12, "均": 3, "拥有": 5, "自主": 2, "知识": 3, "产权": 3, "自研": 6, "自产": 1, "能力": 6, "巴龙": 3, "升腾": 1, "鲲鹏": 2, "天罡": 1, "Solar": 1, "产品线": 2, "大都": 1, "具备": 2, "芯": 1, "端到": 1, "端": 1, "支撑": 1, "蒋均牧": 1, "或许": 2, "短期": 1, "麻烦": 1, "长期": 2, "另类": 1, "强化": 1, "储备": 1, "助攻": 1, "现有": 1, "库存": 5, "替换": 2, "后续": 2, "说法": 1, "三月": 1, "2018年": 15, "年报": 13, "发布会": 4, "轮值": 1, "董事长": 1, "郭平": 2, "印证": 1, "谈": 2, "现金流": 1, "747亿": 1, "元": 4, "2017年": 2, "963亿": 1, "下降": 2, "解释": 1, "去年": 5, "加大": 2, "增加": 1, "不确定性": 1, "中用": 1, "揭开": 1, "虚伪": 1, "面具": 1, "阴霾": 1, "过后": 1, "阳光": 1, "普照": 1, "底气": 2, "空谈": 1, "早已": 1, "做好": 1, "功课": 2, "年前": 1, "特朗": 2, "普签": 2, "强大": 3, "迫使": 2, "劣质": 2, "昂贵": 2, "替代": 5, "落后于": 2, "近日": 2, "正式": 1, "出售": 3, "商务部": 4, "高峰": 3, "国内法": 2, "实施": 2, "单边": 2, "制裁": 3, "敦促": 6, "停止": 5, "此举": 2, "旨在": 1, "切断": 1, "货": 1, "卖": 1, "图片": 14, "每经": 5, "记者": 14, "刘玲": 1, "摄然而": 1, "股价": 3, "闻讯": 1, "大跌": 2, "本周四": 2, "Lumentum": 12, "科沃": 8, "Qorvo": 5, "佳讯": 7, "Skyworks": 2, "高通": 16, "赛灵思": 2, "Xilinx": 3, "NeoPhotonic": 10, "全线": 1, "走低": 1, "营收": 5, "依赖": 4, "暴跌": 2, "逾": 1, "费城": 1, "下跌": 1, "1.7%": 1, "每日": 4, "商光": 1, "周四一": 1, "市值": 7, "共计": 1, "蒸发": 7, "83.2亿": 1, "美元": 35, "574亿": 1, "人民币": 1, "反观": 1, "走强": 1, "截至": 1, "收盘": 1, "力源": 1, "信息": 6, "兆日": 1, "商数": 1, "占": 6, "零部件": 2, "采购": 7, "预算": 2, "700亿": 1, "采购额": 2, "110亿": 1, "华尔街": 4, "日报": 2, "援引": 1, "观点": 2, "很": 9, "波及": 1, "美的": 2, "众多": 2, "硅谷": 1, "博通": 4, "智能": 6, "手机": 40, "英特尔": 6, "蜂窝": 2, "组件": 1, "甲骨文": 3, "Oracle": 1, "Corp.": 2, "遍布": 1, "商处": 1, "建": 2, "摄": 2, "资料": 4, "提交": 1, "监管": 1, "机构": 4, "文件": 1, "2/3": 1, "收入": 9, "并非": 2, "销售额": 1, "10%": 4, "客户": 8, "拒绝": 3, "置评": 3, "未": 3, "回复": 1, "请求": 1, "官方": 1, "公布": 2, "总共": 1, "92": 2, "33": 1, "国内": 2, "还要": 1, "光学": 4, "元件": 2, "Holdings": 2, "Inc.": 5, "现场": 1, "编程": 1, "阵列": 1, "field": 1, "programmable": 1, "gate": 1, "arrays": 1, "简称": 1, "FPGAs": 1, "生产商": 2, "加州": 2, "圣何塞": 1, "赛灵": 2, "子公司": 4, "Altera": 1, "Oclaro": 1, "一部分": 2, "赛迪": 1, "智库": 2, "CCID": 1, "2016年": 1, "报告": 4, "2015年": 2, "上市": 2, "总价值": 1, "60亿": 1, "5.6亿": 1, "重点": 1, "细": 1, "跌": 5, "敬": 1, "20.49%": 2, "官网": 1, "介绍": 4, "光纤通信": 1, "零件": 1, "制造商": 3, "传输": 1, "接收": 1, "切换": 1, "高速": 1, "数字": 2, "光讯号": 1, "混合": 1, "光子": 2, "整合型": 1, "光电": 1, "制造": 3, "销售": 5, "提供": 8, "下游": 1, "网路": 1, "下图": 2, "2016~2018": 2, "财年": 23, "50%": 2, "40%": 1, "46%": 1, "金主": 3, "三": 9, "计算": 2, "报告期": 1, "贡献": 12, "2亿": 1, "1.2亿": 1, "1.5亿": 1, "三年": 1, "总收入": 5, "4.7亿": 1, "2019": 3, "章节": 1, "程度": 2, "HiSilicon": 1, "Technologies": 1, "Co.）": 1, "时期": 1, "订单": 3, "缺失": 1, "大幅": 2, "减少": 2, "运营": 1, "雅虎": 4, "财经": 4, "重挫": 1, "5483万": 1, "2018": 3, "11%": 2, "净收入": 5, "这家": 2, "一系列": 1, "终端": 2, "市场": 26, "商用": 2, "激光器": 1, "检验": 1, "生命科学": 1, "利用": 1, "批量": 1, "吸引力": 1, "新兴": 1, "效益": 1, "优势": 1, "基于": 2, "光电子": 1, "消费类": 1, "3-D": 1, "传感": 1, "适用于": 1, "消费": 2, "光源": 1, "苹果": 6, "谷歌": 1, "母公司": 1, "Alphabet": 1, "微软": 3, "思科": 5, "下表": 1, "Lumentum净": 1, "四": 2, "Ciena": 1, "呈": 1, "逐年": 1, "趋势": 1, "2016": 2, "~": 2, "期间": 2, "1.54亿": 1, "1.67亿": 1, "1.37亿": 1, "总额": 3, "4.6亿": 1, "仅次于": 2, "第二": 3, "11.54%": 1, "5亿": 1, "6.45亿": 2, "设施": 7, "国防": 3, "航空": 1, "航天": 1, "射频": 5, "领先": 2, "业界": 1, "世界": 5, "一流": 1, "ISO9001": 1, "ISO14001": 1, "ISO/TS16949": 1, "投资": 5, "组合": 1, "国际": 3, "原始": 2, "设计": 6, "通用": 1, "12%": 1, "8%": 1, "26.1亿": 1, "230.3亿": 1, "29.7亿": 1, "3.13亿": 1, "3.33亿": 1, "2.38亿": 1, "8.84亿": 1, "7.14%": 1, "2017": 3, "无线": 5, "完整": 1, "手持": 1, "前端": 1, "模块": 2, "射": 1, "频子": 1, "遗憾": 1, "列出": 1, "业绩": 2, "提": 1, "36.5亿": 1, "3.65亿": 1, "6.04%": 1, "8.23亿": 1, "提及": 3, "MSM8917": 1, "骁龙": 1, "425四": 1, "核": 1, "处理器": 10, "如今": 2, "对内": 1, "70%": 2, "自给率": 1, "依旧": 1, "调制解调器": 2, "供货商": 1, "分析师": 5, "估计": 1, "15%": 1, "4%": 1, "42亿": 1, "确认": 1, "7.27%": 1, "21亿": 1, "昨晚": 1, "尽快": 1, "降低": 2, "有约": 1, "三分之一": 1, "回": 3, "卖给": 1, "财报": 1, "破": 1, "1000亿": 1, "美洲": 1, "贡献率": 1, "6.6%": 1, "|": 2, "蔡鼎": 1, "编辑": 1, "赵云": 1, "特派": 1, "特约": 1, "张梦旭": 1, "青木": 1, "任重": 1, "柳": 1, "玉鹏": 1, "胡锦洋": 1, "动用": 4, "军费": 1, "修": 1, "边界": 1, "墙": 1, "应对": 1, "卡特里娜": 1, "飓风": 2, "阻止": 5, "外国": 6, "对手": 5, "随即": 1, "巨头": 6, "违反": 2, "外交": 2, "政策": 1, "华盛顿": 2, "不得不": 2, "感慨": 1, "太过": 1, "夸张": 2, "概念": 1, "滥用": 1, "财长": 1, "近期": 1, "来华": 2, "磋商": 3, "单方面": 1, "升级": 3, "贸易": 3, "受挫": 1, "服务": 14, "白宫": 3, "桑德斯": 1, "本届": 1, "努力": 2, "繁荣": 1, "免受": 1, "薄弱": 1, "环节": 1, "攻击": 2, "文本": 1, "矛头": 1, "指向": 1, "这项": 2, "名字": 1, "剑指": 1, "有限公司": 3, "中兴": 4, "股份": 1, "点名": 1, "关联": 1, "产业": 3, "日后": 1, "商务": 1, "部长": 1, "罗斯": 1, "150": 1, "制定": 2, "审查": 2, "此类": 1, "交易": 3, "程序": 1, "1976年": 2, "时任": 1, "福特": 1, "全国": 1, "至少": 1, "136": 1, "法定": 1, "没收": 2, "财产": 1, "调控": 1, "方式": 3, "商品": 1, "国外": 2, "派兵": 1, "历任": 1, "58": 1, "2月": 6, "绕": 1, "国会": 5, "筹集": 1, "建墙": 1, "经费": 1, "南部": 1, "边境": 2, "学院": 1, "教授": 2, "李海东": 1, "案例": 2, "频繁": 1, "认定": 1, "地步": 1, "敌人": 1, "般的": 1, "角色": 1, "军工界": 1, "精英": 1, "游说": 1, "团体": 1, "捆绑": 1, "集团": 2, "代表": 2, "典型": 1, "政治": 1, "介入": 1, "对外部": 1, "挑战": 1, "无限": 1, "理性": 1, "权利": 1, "阅读": 1, "请": 1, "参见": 1, "出版": 1, "下载": 1, "登录": 1, "新版": 1, "TIME": 1, "客户端": 1, "洪水": 2, "2019年": 8, "目的": 3, "分配": 1, "墨": 1, "修墙": 1, "岛叔": 2, "权": 1, "任性": 1, "作出": 2, "3月": 4, "7日": 1, "起诉": 2, "控告": 1, "授权法": 1, "违宪": 1, "逼": 1, "究竟": 2, "理解": 1, "起端": 1, "2001年": 1, "WTO": 1, "组织": 2, "开拓": 1, "德克萨斯州": 1, "设立": 1, "分支": 1, "踌躇满志": 1, "走": 2, "战略": 4, "安营扎寨": 1, "；": 5, "外围": 1, "打入": 1, "AT&T": 4, "Verizon": 2, "Sprint": 2, "T-Mobile": 2, "为首": 1, "主流": 2, "运营商": 12, "精耕细作": 1, "中小企业": 1, "打开": 1, "Leap": 1, "Clearwire": 1, "东北": 1, "3G": 1, "竞争": 2, "2012年": 3, "超越": 1, "诺基亚": 2, "西门子": 1, "阿尔卡特": 1, "朗讯": 1, "摩托罗拉": 3, "业内": 1, "大佬": 1, "一路": 1, "走来": 1, "沟沟坎坎": 1, "2003": 1, "1月": 3, "传统": 1, "发起": 2, "告上": 1, "联邦": 2, "法庭": 1, "侵犯": 2, "2004": 1, "诉讼": 1, "和解": 2, "收场": 1, "2010年": 4, "精心": 1, "策划": 1, "阴谋": 1, "涉及": 2, "员工": 5, "窃取": 1, "成立": 3, "壳": 1, "此案": 1, "结束": 1, "委员会": 3, "CFIUS": 1, "损害": 2, "接连": 1, "门外": 1, "并购": 2, "相继": 1, "流产": 1, "2007": 1, "试图": 2, "3com": 1, "收购": 1, "破产": 1, "3Leaf": 1, "资产": 1, "阻挠": 1, "秋": 1, "SprintNextel": 1, "招标": 2, "中标": 1, "干预": 2, "失败": 1, "没完": 2, "8": 1, "动作": 1, "众议院": 1, "危害": 1, "调查": 2, "恐怕": 1, "21世纪": 1, "莫须有": 1, "创立": 1, "2003年": 1, "2006": 1, "实质性": 1, "高潮": 1, "传来": 1, "本来": 1, "拉斯维加斯": 1, "CES": 1, "大展": 1, "达成": 3, "协议": 3, "一刻": 1, "放弃": 3, "售卖": 2, "销量": 2, "80%": 1, "渠道": 1, "零售": 1, "亚马逊": 1, "百思": 1, "买": 2, "超市": 1, "告破": 1, "原因": 1, "18": 1, "议员": 1, "12月": 4, "20日": 1, "FCC": 2, "主席": 1, "发送": 1, "联名信": 1, "零售商": 1, "百": 1, "Best": 1, "Buy": 1, "头版": 1, "头条": 1, "8月": 2, "授权": 1, "法案": 2, "第889": 1, "条": 1, "1日": 1, "首席": 3, "财务官": 1, "温哥华": 1, "被捕": 1, "引渡": 1, "指控": 1, "伊朗": 1, "误导": 1, "银行": 2, "后者": 1, "11日": 2, "有利于": 1, "有助于": 1, "司法部": 1, "案": 1, "孟": 1, "女士": 1, "手中": 1, "叫价": 1, "人质": 1, "筹码": 1, "施压": 3, "攻势": 1, "各国": 2, "23日": 1, "澳大利亚": 2, "澳洲": 1, "其后": 1, "拒之门外": 1, "BT": 1, "竞标者": 1, "名单": 4, "移除": 1, "至此": 1, "分享": 1, "五": 1, "眼": 1, "联盟": 1, "松动": 1, "后话": 1, "年初": 1, "明里": 1, "暗里": 1, "陆续": 2, "波兰": 3, "捷克": 2, "收获": 1, "成果": 3, "5日": 1, "警告": 2, "隐患": 1, "上半年": 1, "国务卿": 1, "蓬佩奥": 5, "巡游": 1, "访问": 2, "匈牙利": 3, "斯洛伐克": 1, "中欧": 1, "三国": 1, "告诫": 1, "安装": 1, "到访": 1, "菲律宾": 3, "缺乏": 1, "透明度": 1, "4月": 1, "智利": 3, "指责": 1, "可靠": 2, "公民": 1, "纪念": 1, "首相": 2, "撒切尔": 1, "夫人": 1, "上台": 1, "执政": 1, "40": 1, "周年": 1, "铁": 1, "娘子": 1, "在世": 1, "搞": 1, "梅姨": 1, "少不了": 1, "副总统": 1, "彭斯": 3, "慕尼黑": 1, "会议": 1, "演讲": 1, "警惕": 1, "操碎": 1, "本质": 1, "都会": 1, "说辞": 1, "受制于": 1, "圈": 1, "寥寥": 1, "2月份": 1, "劝告": 1, "外长": 1, "彼得·西亚尔": 1, "反驳": 1, "俄罗斯": 1, "无损": 1, "做为": 1, "北大西洋": 1, "公约": 1, "NATO": 1, "国防部长": 1, "洛伦扎纳": 1, "说完": 1, "技术部": 1, "履行": 1, "职责": 1, "保证": 1, "内政部长": 1, "查德威克": 1, "透明": 1, "法律": 1, "哥伦比亚": 1, "大学": 1, "杰弗里·萨克斯": 1, "Jeffrey": 1, "D": 1, ".": 1, "Sachs": 1, "一针见血": 1, "冲突": 1, "外部": 1, "失衡": 1, "封闭": 1, "涉嫌": 1, "无关": 1, "这一切": 1, "阻碍": 1, "接触": 1, "高校": 1, "遏制": 1, "欲加之罪": 1, "何患无辞": 1, "文": 1, "宇文": 1, "雷格": 1, "原题": 1, "解局": 1, "导读": 1, "交易令": 2, "绝不": 2, "最新": 2, "搭载": 8, "新华社": 2, "开通": 4, "伦敦": 2, "Mate": 3, "X": 3, "版本": 2, "款": 6, "6月": 2, "首款": 1, "7纳米": 1, "工艺": 2, "模": 1, "5000": 3, "誉为": 1, "配置": 1, "4G版": 1, "接近": 1, "麒麟980": 5, "配备": 1, "7.2": 1, "英寸": 1, "全景": 1, "巨幕屏": 1, "5月底": 1, "预订": 1, "EE": 1, "02": 1, "指定": 1, "经销商": 1, "西欧": 1, "营销官": 1, "安德鲁·加里希": 1, "资源": 1, "精力": 1, "构建": 1, "芯片组": 1, "确保": 3, "无缝": 1, "体验": 1, "大会": 1, "推出": 4, "折叠屏": 1, "前列": 1, "城市": 3, "本月": 1, "7月初": 1, "7": 2, "年底": 1, "12": 1, "首批": 1, "三星": 2, "小米": 5, "致信": 1, "数千": 1, "心血": 1, "持续": 2, "承诺": 2, "连成一片": 1, "大部分": 2, "连续": 1, "call": 1, "↓↓↓": 1, "青年报": 1, "ID": 1, "zqbcol": 1, "整理": 1, "张力友": 1, "综合": 1, "张家伟": 1, "朋友圈": 2, "历史": 1, "选择": 1, "全名": 1, "2004年": 1, "10月": 1, "前身": 1, "集成": 3, "电路": 1, "中心": 1, "想到": 1, "Kirin": 1, "实际上": 2, "局限": 1, "服务器": 4, "系列": 3, "基站": 2, "基带": 2, "AI": 1, "DIGITIMES": 1, "Research": 1, "前10": 1, "晶圆厂": 1, "IC": 1, "Fabless": 1, "排名": 4, "34.2%": 1, "增长率": 1, "增速": 1, "快": 1, "差距": 1, "追赶": 1, "启动": 2, "战时": 1, "断供": 1, "具名": 2, "告诉": 2, "自给自足": 2, "办法": 2, "十年磨一剑": 2, "据悉": 1, "占比": 2, "超过": 5, "份额": 1, "提升": 4, "增长": 2, "绰号": 1, "烫手": 1, "吸金": 1, "娃娃": 1, "累计": 1, "10亿": 1, "众所周知": 1, "奉行": 1, "三高": 1, "定律": 1, "高风险": 1, "产出": 1, "资金": 1, "需求": 1, "雷军": 1, "重视": 1, "卖点": 1, "可惜": 2, "澎湃": 1, "耗资": 1, "几十亿": 1, "响动": 1, "纵观": 1, "品牌": 1, "联发科": 2, "展讯": 2, "事实上": 1, "一蹴而就": 1, "经历": 1, "艰苦": 1, "2009年": 1, "面向": 1, "K3": 1, "山寨": 1, "A4": 1, "iPhone4": 1, "成功": 1, "启发": 1, "K3V2": 3, "旗舰": 2, "机型": 1, "整体": 2, "功耗": 1, "兼容性": 1, "差": 1, "用户": 1, "勇敢": 1, "尝试": 1, "奠定": 1, "创始人": 3, "讲话": 1, "极为": 1, "红旗": 1, "多久": 1, "冬天": 1, "追": 1, "特斯拉": 1, "乌龟": 1, "危机感": 1, "贯穿": 1, "电影": 1, "2012": 1, "提出": 1, "爆炸": 1, "想": 1, "艘": 1, "负责": 1, "诺亚": 1, "实验室": 1, "坏": 1, "视觉": 1, "四亿": 1, "两万": 1, "强攻": 1, "定位": 1, "长远": 1, "直言": 1, "站立": 1, "才能": 2, "狭隘": 2, "自豪感": 2, "害死": 1, "赚钱": 1, "拿下": 2, "上甘岭": 2, "高端": 1, "道理": 1, "别人": 1, "粮食": 2, "备份": 1, "坚定": 1, "2013年底": 1, "SoC": 1, "System-on-a-Chip": 1, "麒麟910": 1, "Balong710": 1, "迭代": 1, "台积电": 1, "nm": 1, "制程": 1, "69亿": 1, "晶体管": 1, "性能": 1, "能效": 1, "9月": 1, "Fellow艾伟": 1, "透露": 1, "立项": 1, "共有": 1, "1000多": 1, "高级": 1, "工程": 1, "验证": 1, "称华": 1, "斥资": 1, "3亿": 2, "艾伟": 1, "规律": 1, "伴随": 2, "一代": 1, "翻倍": 2, "隔": 1, "2~3年": 1, "界定": 1, "远远": 1, "受伤": 1, "发文": 1, "始终": 1, "培养": 1, "部件": 2, "限制性": 1, "宣告": 1, "危险": 1, "许可证": 1, "30": 1, "100亿": 1, "包含": 1, "无疑": 2, "专利": 5, "难": 3, "预测": 1, "亚洲": 1, "供货": 1, "6~12": 1, "大致": 1, "分为": 1, "明年": 1, "季度": 1, "3季度": 1, "过时": 1, "数量": 1, "庞大": 1, "财务": 2, "状况": 1, "挺": 1, "芯谋": 1, "顾文军": 1, "禁售": 1, "消耗品": 1, "对外": 1, "代工": 1, "封装": 1, "值得": 1, "器件": 1, "理事会": 1, "当局": 1, "冲击波": 1, "降": 1, "杀敌": 1, "一千": 1, "自损": 1, "八百": 1, "最终": 1, "观察": 1, "57": 6, "工厂": 7, "撤离": 6, "百万": 4, "民众": 4, "爆发": 1, "游行": 5, "发泄": 1, "不满": 3, "滞后": 1, "撤厂": 1, "工作": 2, "慷慨": 4, "再见": 4, "刚": 3, "迎来": 3, "抗议": 4, "舞台": 1, "地位": 2, "离开": 1, "土地": 1, "响应": 1, "一百万": 1, "街头": 1, "游荡": 1, "到底": 1, "成千上万": 1, "小型": 1, "爱立信": 1, "支持": 1, "平板": 1, "电脑": 2, "笔记本": 1, "可穿戴": 1, "款P": 1, "关闭": 1, "事实": 1, "相当于": 1, "半": 1, "雇佣": 1, "失业": 1, "解雇": 1, "找": 1, "留下": 1, "备受": 1, "关注": 1, "陆陆续续": 1, "接到": 1, "抱": 1, "前途": 1, "无量": 1, "看待": 1, "突然之间": 1, "几十": 1, "迁回": 1, "退出": 1, "想方设法": 1, "壮大": 1, "污蔑": 1, "平静": 1, "自始至终": 1, "不再": 1, "受损": 1, "第三": 1, "报表": 1, "股票": 1, "波动": 1, "轻松": 1, "叫板": 1, "占据": 1, "30%": 1, "不折不扣": 1, "500": 1, "10年": 1, "领跑": 1, "标准化": 1, "协会": 1, "1970": 1, "件": 1, "IPlytics": 1, "标准": 1, "即将": 1, "到来": 1, "扬眉吐气": 1, "领头羊": 1, "活": 1}