{"文": 1, "/": 3, "观察者": 3, "网": 2, "徐": 1, "乾昂": 1, "上半年": 6, "美国": 20, "华为": 99, "极限": 2, "施压": 2, "升级": 4, "供应商": 10, "连带": 1, "遭罪": 1, "并未": 1, "太": 3, "影响": 22, "公司": 22, "营收": 18, "23%": 1, "高速": 3, "增长": 26, "同比": 32, "本轮": 1, "财报": 13, "季": 3, "表现": 8, "抢眼": 1, "英特尔": 5, "、": 44, "高通": 14, "AMD": 5, "全线": 1, "下跌": 6, "美企": 5, "成绩单": 1, "：": 8, "7月": 10, "31日": 5, "公布": 13, "本季": 2, "96亿": 1, "美元": 27, "剔除": 2, "苹果": 16, "和解": 1, "一次性": 1, "收益": 1, "49亿": 1, "下降": 3, "13%": 3, "低于": 3, "预期": 4, "指出": 1, "应对": 2, "出口": 4, "禁令": 5, "调整": 4, "商业": 1, "战略": 3, "后者": 3, "销": 1, "海外": 4, "市场": 44, "手机": 46, "采购": 1, "芯片": 4, "透露": 1, "全年": 2, "出货额": 1, "1.4亿": 1, "1.6亿": 1, "之间": 4, "也就是说": 2, "暴跌": 7, "31%": 3, "40%": 2, "CEO": 6, "莫伦": 1, "科普夫": 1, "(": 13, "Steve": 1, "Mollenkopf": 1, ")": 13, "施加": 1, "预计": 4, "下半年": 3, "制造": 2, "逆风": 3, "股价": 10, "次日": 4, "8月": 3, "1日": 2, "收跌": 1, "2.68%": 1, "30日": 2, "盘后": 2, "显示": 5, "当季": 3, "15.3亿": 1, "下滑": 14, "；": 15, "净利润": 7, "3500万": 1, "70%": 1, "一季度": 3, "增速": 2, "高位数": 1, "单位": 1, "苏姿丰": 1, "用到": 1, "词": 1, "停止": 5, "列入": 5, "‘": 2, "实体": 7, "清单": 9, "’": 2, "客户": 5, "供货": 2, "遭遇": 3, "10.1%": 1, "26日": 5, "季营": 1, "收录": 1, "165.06亿": 1, "3%": 2, "41.79亿": 1, "17%": 1, "跌": 1, "1.09%": 1, "鲍勃斯旺（Bob": 1, "Swan": 1, "出面": 1, "第二": 8, "季度": 13, "供应": 3, "产品": 18, "确认": 1, "符合": 2, "相关": 2, "法律": 1, "法规": 1, "承认": 1, "关税": 1, "贸易": 1, "带来": 7, "不确定性": 2, "供应链": 5, "焦虑": 1, "代工": 1, "伟创力": 11, "数据": 11, "61.76亿": 1, "去年": 13, "同期": 7, "63.99亿": 1, "4487.2万": 1, "61.32%": 1, "次日伟": 1, "创力": 1, "3.59%": 1, "波": 4, "过度": 1, "响应": 1, "号召": 1, "美方": 2, "发布": 9, "第三": 8, "5月": 6, "17日": 1, "通知": 1, "全球": 17, "代工厂": 1, "马上": 1, "生产": 5, "设备": 2, "发货": 4, "私自": 1, "扣押": 1, "价值": 1, "7亿": 1, "元": 16, "物资": 1, "长": 2, "一个": 6, "位于": 1, "长沙": 1, "工厂": 2, "曝": 1, "停产": 1, "美光": 7, "科技": 10, "早": 1, "6月": 1, "2019": 6, "财年": 2, "财季": 2, "这家": 1, "47.88亿": 1, "62.8%": 1, "8.4亿": 1, "78%": 1, "随即": 2, "捆绑": 1, "桑杰莫罗特拉": 1, "当天": 1, "立刻": 1, "恢复": 4, "美股": 1, "暴涨": 2, "13.34%": 1, "反观": 1, "4013亿": 2, "人民币": 5, "23.2%": 3, "营业": 1, "利润率": 3, "8.7%": 3, "运营商": 4, "业务": 18, "1465亿": 2, "企业": 3, "316亿": 2, "消费者": 8, "2208亿": 2, "对比": 3, "环比": 1, "123.3%": 1, "财报会": 1, "现场": 1, "网摄": 1, "横向": 1, "场合": 1, "自称": 1, "破": 1, "飞机": 3, "为数不多": 1, "——": 8, "外部": 3, "打压": 4, "情况": 7, "难能可贵": 1, "特朗": 1, "普于": 1, "上月": 2, "条件": 2, "解禁": 1, "商务": 1, "往来": 1, "翘首": 1, "期待": 1, "政策": 2, "落实": 1, "那天": 1, "谷歌": 1, "思科": 1, "西部": 1, "博通": 3, "7": 3, "代表": 1, "前往": 1, "白宫": 1, "敦促": 1, "特朗普": 1, "信守": 1, "承诺": 1, "本文": 1, "独家": 1, "稿件": 1, "未经": 1, "授权": 1, "转载": 1, "如今": 6, "业绩": 3, "经营": 2, "全景": 1, "网文": 1, "王逸菲": 1, "23日": 1, "荣耀": 22, "西安": 1, "举办": 2, "新品": 1, "发布会": 3, "正式": 2, "推出": 4, "9": 12, "X": 12, "系列": 7, "10：08": 1, "平台": 3, "开售": 1, "此次": 3, "此前": 4, "X系列": 1, "定位": 1, "都": 12, "想": 1, "千": 1, "级别": 1, "王者": 1, "总裁": 1, "赵明": 2, "锐": 3, "系统": 9, "阐述": 1, "落地": 1, "细节": 1, "第一": 14, "款": 2, "解决": 5, "疾风": 1, "严寒": 1, "武器": 1, "倡导": 1, "积累": 1, "底牌": 1, "做事": 1, "底线": 1, "2019年": 10, "全新": 3, "思维": 1, "赢得": 1, "竞争": 3, "热度": 2, "拥有": 4, "九": 1, "亮点": 2, "包括": 7, "全系": 1, "搭载": 2, "7nm": 1, "工艺": 1, "制程": 1, "麒麟810": 1, "旗舰级": 1, "AI性": 1, "排名": 6, "达芬奇": 1, "架构": 2, "NPU": 1, "后置": 1, "4800万": 1, "像素": 1, "摄像头": 1, "搭配": 1, "猫头鹰": 1, "算法": 1, "感光": 1, "高达": 3, "102400": 1, "夜拍": 1, "能力": 4, "出色": 1, "麒麟Gaming": 1, "+": 3, "GPU": 1, "Turbo3.0": 1, "加持": 1, "Gamebench": 1, "五星": 1, "认证": 1, "首款": 1, "升降式": 1, "屏": 1, "屏占": 1, "92%": 1, "X形": 1, "菱": 1, "钻": 1, "纹理": 1, "3D": 1, "幻变": 1, "玻璃": 1, "机身": 1, "EROFS": 1, "超级": 1, "文件": 1, "方舟": 1, "编译器": 1, "AI": 1, "智慧": 2, "通信": 3, "2.0": 1, "4G": 6, "VoLTE": 1, "双通": 1, "信号": 1, "切换": 2, "功能": 1, "续航": 2, "4000": 1, "mAh大": 1, "电池": 1, "搭档": 1, "AI节": 1, "电": 1, "提升": 4, "1399": 2, "价格": 3, "竞争力": 2, "外观": 1, "采用": 2, "侧边": 1, "指纹": 1, "识别": 1, "电源键": 1, "Typc": 1, "C数据": 1, "接口": 2, "保留": 1, "3.5": 1, "耳机": 1, "设计": 2, "年轻人": 1, "需求": 1, "定价": 1, "策略": 3, "有意思": 1, "4GB": 1, "64": 1, "GB": 1, "最低": 1, "版本": 3, "性价比": 2, "存储": 2, "空间": 3, "组合": 1, "Pro": 2, "标配": 1, "8GB": 1, "内存": 1, "128GB": 1, "翻倍": 1, "256GB": 1, "笔": 1, "划算": 1, "买卖": 1, "配置": 1, "很多": 2, "喜爱": 1, "选择": 4, "超高": 1, "买到": 2, "超过": 2, "2000": 1, "价位": 1, "性能": 1, "无疑": 2, "寿命": 1, "超高性": 1, "价比": 1, "千元机": 1, "备受": 1, "关注": 1, "减": 1, "30": 1, "深圳": 1, "半年报": 5, "首次": 2, "公开": 2, "销售": 3, "收入": 9, "4013": 1, "亿": 8, "净": 2, "占比": 4, "55%": 1, "智能": 31, "发货量": 3, "含": 1, "1.18亿": 1, "台": 11, "24%": 2, "开发者": 1, "数量": 1, "80万": 1, "36.%": 1, "占": 4, "7.9%": 1, "董事长": 3, "梁华": 6, "拿下": 2, "超": 2, "50": 1, "5G": 6, "合同": 1, "基站": 1, "15万": 1, "时间点": 1, "外界": 4, "关注点": 2, "在于": 2, "中旬": 1, "制裁": 2, "1797": 1, "39%": 1, "半年": 1, "23.2": 1, "%": 1, "放缓": 1, "任正非": 1, "事件": 2, "1350": 1, "降": 1, "1000": 1, "资料": 1, "2018": 2, "年华": 1, "总收入": 1, "7212": 1, "1070": 1, "19.5%": 1, "593": 1, "25.1%": 1, "效果": 1, "算": 1, "五月份": 1, "快": 3, "惯性": 1, "面临": 5, "困难": 6, "依然": 4, "很": 7, "发展": 11, "暂时": 1, "节奏": 1, "改变": 2, "方向": 1, "未来": 4, "充满": 1, "信心": 1, "持续": 2, "投资": 1, "计划": 2, "研发": 1, "投入": 2, "1200": 1, "克服": 2, "短期": 1, "挑战": 2, "时期": 2, "网络": 3, "终端": 1, "安卓": 6, "操作": 7, "回应": 1, "生态": 10, "面对": 1, "国内": 5, "制定": 2, "鸿蒙": 2, "仅仅": 6, "噱头": 1, "长期": 2, "做好": 1, "总体": 6, "迎接": 1, "阶段": 2, "编辑": 1, "|": 3, "阿板": 1, "校对": 1, "坚果": 1, "视觉": 1, "牛": 1, "小伟": 1, "互联网": 6, "崛起": 3, "电视": 17, "糟糠之妻": 1, "回首": 1, "可谓": 1, "一波三折": 1, "扮演": 1, "日常": 1, "获取": 2, "信息": 3, "全家": 1, "娱乐": 2, "互动": 1, "主角": 1, "记得": 1, "父母": 1, "当年": 1, "成家": 1, "新婚": 1, "家中": 1, "无论如何": 1, "重要性": 2, "2008年": 1, "PC": 1, "强势": 2, "通讯": 3, "技术": 2, "2G": 1, "3G": 1, "迈进": 1, "走": 2, "神坛": 1, "用户": 3, "交互": 2, "方式": 1, "便捷": 1, "家庭": 3, "地位": 5, "尚未": 2, "取代": 1, "新晋": 1, "90后": 1, "95后": 1, "消费": 3, "观念": 1, "不难": 1, "刚需": 1, "一类": 1, "高潮": 2, "家用": 1, "大屏": 6, "概念": 6, "2015年": 1, "经历": 1, "乐视": 1, "率先": 1, "抛": 1, "付诸实施": 1, "厂商们": 1, "终于": 1, "意识": 1, "拥抱": 1, "变得": 1, "自此": 1, "自由性": 1, "影视": 1, "资源": 1, "智慧屏": 5, "风潮": 3, "而今": 1, "苗头": 1, "余承东": 4, "即将": 1, "Redmi卢伟冰": 1, "发言": 1, "业内": 1, "传言": 1, "Redmi": 1, "路上": 1, "考证": 1, "无论是": 1, "众多": 1, "友商": 1, "品类": 1, "极为": 1, "浓厚": 1, "兴趣": 1, "提出": 1, "创新": 1, "期望": 1, "原因": 2, "IOT": 3, "时代": 4, "移动端": 1, "回归": 1, "契机": 2, "速度": 3, "足够": 1, "核心": 3, "究竟": 1, "拓展": 1, "花活儿": 1, "实话实说": 1, "或许": 3, "真的": 1, "难": 1, "想象": 1, "网速": 1, "手里": 1, "飞跃式": 1, "屏幕": 2, "大小": 1, "分辨率": 1, "硬指标": 1, "阈值": 2, "突破": 1, "索尼": 1, "4K屏": 1, "体验": 2, "有限": 1, "各家": 1, "厂商": 16, "OTT": 1, "布局": 1, "意义": 1, "通量": 1, "高清": 1, "呈现": 2, "媒介": 1, "引导": 1, "小屏": 1, "至上": 1, "关键": 4, "所在": 1, "环境": 1, "目的": 1, "赋予": 1, "注定": 1, "并非": 1, "简单": 1, "家电": 2, "行业": 6, "风行": 1, "AI+IOT": 1, "催化": 1, "各界": 1, "高度": 1, "退去": 1, "外衣": 1, "描绘": 1, "生活": 1, "场景": 1, "才": 2, "爆发": 1, "土壤": 1, "7226707": 1, "距离": 1, "美国商务部": 1, "78": 1, "紧张": 1, "情绪": 1, "未": 2, "缓解": 1, "伙伴": 1, "严酷": 1, "考验": 1, "刚刚": 1, "本土": 1, "近日": 1, "上年": 1, "成长": 1, "架": 1, "烂": 1, "补洞": 2, "美系": 4, "显现": 1, "披露": 1, "名单": 3, "共有": 1, "92": 1, "最多": 2, "33": 1, "36%": 1, "中国": 21, "24": 1, "比例": 2, "27%": 2, "类别": 1, "划分": 1, "集成": 1, "电路": 1, "软件": 2, "依赖度": 1, "颇": 1, "光纤通信": 2, "零件": 2, "制造商": 2, "NeoPhotonics": 4, "接近": 3, "一半": 1, "来自于": 2, "一家": 6, "光学": 3, "元件": 2, "Lumentum": 4, "Holdings": 1, "仅次于": 1, "十大": 1, "Flex": 1, "希捷": 1, "Qorvo": 3, "Intel": 1, "Skyworks": 2, "康宁": 1, "ADI": 1, "61%": 1, "体系": 4, "占据": 1, "份额": 6, "电话": 1, "会议": 2, "首席": 1, "执行官": 1, "RevathiAdvaithi": 1, "政府": 1, "广为": 1, "宣传": 1, "地缘": 1, "政治": 2, "超出": 1, "控制": 1, "减少": 6, "组装": 1, "缩减": 1, "合作": 2, "19日": 1, "实体名单": 1, "拒绝": 1, "62亿": 1, "4500万": 1, "1.16亿": 1, "相比": 4, "大幅": 2, "61.2%": 1, "指引": 1, "区间": 2, "61亿": 1, "65亿": 1, "GAAP": 1, "通用": 1, "会计": 1, "准则": 1, "亏损": 1, "1500万": 1, "1.1亿": 1, "感受": 1, "压力": 3, "重点": 3, "转向": 2, "建立": 2, "好处": 1, "高通ceo史蒂夫·莫伦科夫": 1, "对手": 1, "尽可能": 1, "取消": 1, "机型": 3, "销售额": 1, "不及": 1, "跌幅": 1, "一度": 1, "6%": 2, "无线": 1, "市占率": 1, "强劲": 2, "利润": 1, "华尔街": 1, "导致": 1, "元器件": 3, "记者": 3, "ICT": 2, "基础": 2, "设施": 2, "传输": 2, "IT": 1, "计算": 1, "分析师": 2, "这是": 2, "X86": 1, "管制": 2, "称": 1, "意味着": 3, "ARM": 1, "鲲鹏": 1, "加速": 1, "物联网": 1, "在内": 1, "缺口": 1, "不乏": 1, "身影": 1, "蜂窝": 1, "组件": 1, "科沃": 2, "佳讯": 1, "方案": 3, "赛": 1, "灵思": 1, "Xilinx": 1, "均": 1, "低迷": 1, "态势": 3, "01日": 1, "Neophotonics": 1, "股票": 1, "波动": 1, "急速": 1, "5.46%": 1, "停留": 2, "4.49": 1, "16日": 1, "市值": 1, "蒸发": 1, "5000万": 2, "具备": 1, "接收": 1, "数字": 2, "光讯号": 1, "混合": 1, "光子": 1, "整合型": 1, "光电": 1, "开发": 1, "提供": 2, "下游": 1, "网路": 1, "2016": 1, "内": 1, "50%": 1, "46%": 1, "年报": 1, "风险": 2, "因素": 3, "提到": 1, "程度": 1, "依赖": 1, "子公司": 1, "海思": 1, "半导体": 1, "HiSilicon": 1, "Technologies": 1, "Co.）": 1, "订单": 1, "缺失": 2, "运营": 1, "负面": 3, "震荡": 1, "基于": 1, "光电子": 1, "消费类": 1, "电子": 1, "3-D": 1, "传感": 1, "适用于": 1, "工业": 1, "光源": 1, "5月份": 1, "63.94": 1, "随后": 1, "触及": 1, "40.28": 1, "55.88": 1, "国防": 1, "航空": 1, "航天": 1, "射频": 1, "领先": 1, "22日": 1, "5": 2, "预测": 1, "7.8亿": 1, "8亿": 1, "7.3亿": 1, "7.5亿": 1, "最新": 1, "八九月": 1, "机构": 4, "做法": 1, "杀敌": 1, "一千": 1, "自损": 1, "八百": 1, "产业": 1, "场": 1, "内部": 1, "BG": 2, "伊尔2": 1, "战旗": 1, "交给": 1, "社交": 1, "极端": 1, "逼向": 1, "世界": 1, "华米OV": 1, "销量": 2, "大厂们": 1, "专属": 1, "游乐场": 1, "固定": 1, "玩家": 1, "牢牢": 1, "把持": 1, "稳定": 1, "局面": 1, "至少": 1, "2018年": 3, "IDC": 4, "连续": 2, "六": 1, "五": 1, "名": 13, "三星": 12, "小米": 13, "OPPO": 9, "五大": 2, "包揽": 1, "归于": 1, "Others": 1, "起落": 1, "知名": 1, "调研": 3, "出货量": 27, "报告": 4, "Q2": 13, "3.332亿": 1, "2.3%": 1, "Q1": 1, "增加": 1, "6.5%": 1, "大厂": 1, "大体上": 1, "前五": 2, "变化": 3, "动态": 2, "值得": 1, "1": 1, "40.9%": 2, "增长率": 8, "驱动": 1, "超越": 3, "拉开": 1, "1300万": 1, "差距": 4, "势头": 2, "8.3%": 3, "18.2%": 2, "差": 1, "2500万": 1, "三": 1, "强者": 1, "恒": 1, "二者": 2, "拉大": 1, "第四": 3, "1000万": 1, "缩小": 1, "50万": 1, "岌岌可危": 1, "3": 1, "10.4%": 1, "5.5%": 1, "三星王者": 1, "不可撼动": 1, "介绍": 1, "得益": 1, "A系列": 1, "优秀": 1, "A50": 1, "A70": 1, ";": 4, "实际上": 1, "旗舰": 1, "反而": 1, "出货": 1, "无力": 1, "4": 1, "相对来说": 1, "感谢": 1, "贡献": 1, "62%": 1, "参考": 3, "Canalys": 5, "给出": 3, "3640万": 1, "P30": 1, "收到": 1, "反馈": 1, "P20": 1, "要好": 1, "拿到": 1, "48.8%": 1, "位列": 1, "延续": 1, "0.2%": 1, "轻微": 1, "大幅度": 1, "下滑率": 2, "20%": 2, "幸好": 1, "印度": 11, "依旧": 1, "冲抵": 2, "综合": 1, "只能": 1, "差强人意": 1, "6": 1, "幅度": 2, "5.1%": 1, "0.3%": 1, "基本上": 1, "持平": 1, "说法": 1, "四分之三": 1, "18%": 1, "趋势": 3, "角度": 3, "类似": 1, "局限": 1, "300万": 1, "之内": 1, "位子": 1, "坐": 1, "安稳": 1, "印": 1, "格局": 3, "之下": 1, "处于": 2, "之中": 1, "尤其是": 1, "演变": 2, "过程": 1, "变数": 1, "9760万": 1, "1.036亿": 1, "第九": 1, "呈": 1, "细分": 1, "包含": 1, "兄弟": 1, "品牌": 2, "吃掉": 1, "体现": 1, "独占": 1, "38.2%": 1, "OV": 1, "百分比": 1, "18.3%": 1, "维度": 1, "毫无疑问": 1, "赢家": 1, "一枝独秀": 1, "独大": 1, "平衡": 2, "健康": 1, "集中度": 1, "越来越": 2, "2017年": 1, "67%": 1, "时间段": 1, "82%": 1, "91.9%": 1, "8.1%": 1, "生存": 1, "地狱": 1, "模式": 1, "形容": 1, "修辞": 1, "手段": 1, "攻城略地": 1, "收获": 1, "满满": 1, "4%": 1, "vivo": 1, "63%": 1, "25%": 1, "Realme": 1, "303%": 1, "支撑": 1, "显得": 1, "格外": 1, "&": 1, "存在感": 1, "三大": 1, "巨头": 1, "值得一提的是": 2, "Counterpoint": 1, "Research": 1, "高端": 2, "3000": 1, "一加": 1, "43%": 1, "22%": 1, "位居": 1, "马": 1, "效应": 1, "角色": 1, "惹眼": 1, "无可争议": 1, "霸主": 1, "周期": 1, "远远": 2, "甩开": 1, "层面": 1, "不大": 1, "3月": 1, "晚": 1, "明年": 1, "自信": 1, "局势": 1, "自然": 1, "范畴": 1}