{"6月": 10, "27日": 4, "华为": 176, "深圳": 3, "总部": 2, "知识": 43, "产权": 43, "新闻": 2, "发布会": 7, "首席": 5, "法务官": 4, "宋柳平": 13, "创新": 21, "基础": 4, "政治化": 7, "威胁": 3, "全球": 19, "技术": 19, "发言": 1, "全文": 1, "女士们": 1, "先生们": 1, "早上": 1, "!": 2, "参加": 2, "IPR": 1, "一家": 2, "公司": 40, "尊重": 5, "保护": 20, "知识产权": 4, "经营": 6, "发展": 11, "一贯": 1, "原则": 4, "30年": 1, "合法": 3, "专利": 33, "累计": 7, "支付": 8, "60多亿": 1, "美元": 14, "专利费": 2, "80%": 3, "美国": 26, "收入": 5, "10%": 2, "15%": 1, "投入": 6, "研发": 17, "730亿": 1, "截至": 3, "2018年": 4, "年底": 2, "5G": 29, "超过": 13, "20亿": 2, "数字": 1, "欧": 1, "设备": 5, "供应商": 2, "投资": 9, "总和": 2, "成果": 7, "内": 5, "拥有": 9, "8万多": 3, "项": 8, "包括": 10, "授权": 6, "1万多": 2, "签署": 3, "许可": 6, "交叉": 1, "协议": 4, "全世界": 4, "分享": 7, "自有": 2, "产业化": 1, "2015年": 2, "14亿": 3, "众多": 2, "研究": 4, "论文": 1, "形式": 1, "公开": 2, "发表": 2, "国际": 3, "标准": 3, "组织": 1, "提交": 1, "6,000": 1, "篇": 1, "提案": 1, "开源": 2, "社区": 1, "贡献": 7, "智慧": 16, "推动": 1, "产业": 3, "加速": 2, "企业": 5, "全球化": 3, "纠纷": 8, "现象": 2, "例外": 3, "法律": 8, "私有": 6, "财产": 6, "程序": 4, "解决": 7, "30多": 3, "历程": 3, "案件": 3, "法庭": 6, "认定": 3, "恶意": 3, "窃取": 3, "判决": 3, "承担": 3, "赔偿": 3, "责任": 3, "商业": 6, "成功": 4, "基石": 1, "去年": 4, "销售": 2, "1000亿": 2, "产品": 11, "、": 74, "关键": 3, "经历": 3, "机密": 2, "侵权": 3, "指控": 2, "哪家": 2, "偷窃": 3, "领先": 8, "世界": 13, "长期": 2, "海量": 1, "高达": 1, "150亿": 1, "位列": 1, "第五": 1, "崛起": 3, "得益": 2, "人员": 3, "汗水": 2, "支持": 4, "制度": 7, "宪法": 2, "沦为": 4, "政客": 4, "工具": 7, "伤害": 4, "信心": 4, "政府": 7, "选择性": 4, "剥夺": 4, "摧毁": 4, "根基": 4, "科技": 9, "开放": 4, "共享": 1, "讲究": 1, "合作": 17, "共赢": 2, "精神": 1, "最佳": 1, "体现": 1, "组合": 5, "包含": 2, "3G": 3, "4G": 3, "核心": 8, "国家": 6, "客户": 4, "购买": 6, "事实上": 4, "消费者": 4, "人类": 2, "谢谢": 1, "本文": 1, "选股": 1, "宝APP": 1, "文": 1, "观点": 1, "建议": 2, "A股": 3, "之中": 1, "看点": 1, "持续性": 1, "题材": 2, "；": 6, "港口": 44, "股性": 1, "行话": 1, "港": 6, "炒": 2, "炒路": 1, "路": 1, "囤地": 1, "致富": 1, "擦出": 1, "火花": 1, "01": 1, "推上": 1, "风口": 1, "25日": 3, "青岛港": 7, "签": 1, "国内": 4, "大港": 2, "拓展": 1, "业务": 9, "依据": 1, "精准化": 1, "场景": 2, "描述": 1, "入手": 1, "发挥": 1, "咨询": 2, "规划": 1, "园区": 1, "云计算": 1, "领域": 10, "方案": 4, "优势": 1, "助力": 1, "数字化": 4, "转型": 3, "建设": 5, "示范": 1, "工程": 1, "打造": 4, "国际化": 1, "竞争力": 1, "一流": 1, "强港": 1, "统计": 1, "刚": 1, "过半": 1, "签约": 1, "第三": 3, "此前": 3, "日照港": 4, "广州港": 4, "都": 19, "相继": 1, "战略": 5, "旨在": 1, "媒体": 4, "报道": 9, "内部": 1, "成立": 1, "水运": 3, "拓展部": 1, "团队": 2, "特设": 1, "专家": 2, "职": 1, "李克武": 2, "担任": 1, "透露": 2, "落地": 1, "联合": 3, "测试": 2, "天津港": 3, "宁波": 1, "舟山港": 3, "基本上": 1, "十大": 2, "都会": 3, "：": 11, "上海港": 2, "苏州港": 2, "唐山港": 2, "大连港": 4, "营口港": 3, "李": 1, "克武": 1, "成熟": 3, "预计": 3, "同比": 1, "至少": 1, "翻": 1, "倍": 1, "选": 1, "股宝": 1, "梳理": 1, "上文": 1, "提到": 2, "2016年": 2, "牵手": 2, "4": 4, "还未": 1, "3": 1, "9月": 2, "交通": 3, "运输部": 2, "科学": 2, "研究院": 2, "举办": 3, "2018": 1, "高管": 1, "行暨": 1, "首届": 1, "信息化": 1, "高级": 1, "研修班": 1, "活动": 2, "副院长": 1, "厦门": 1, "港务": 3, "控股": 3, "集团": 16, "总经理": 1, "山东": 6, "高速": 2, "物流": 1, "有限": 3, "副总经理": 1, "CIO": 1, "湛江港": 1, "股份": 1, "有限公司": 2, "副总裁": 2, "十多": 1, "行业": 5, "领导": 1, "共计": 1, "30余": 1, "本次": 1, "系列": 4, "举措": 1, "预见": 2, "传统": 1, "港口业": 1, "场": 5, "颠覆式": 1, "换代": 1, "升级": 4, "无疑": 2, "运动": 2, "推手": 1, "022019": 1, "起风": 2, "或许": 1, "自带": 1, "流量": 1, "才": 3, "概念": 1, "市场": 12, "关注": 1, "认知": 1, "无人": 1, "驾驶": 1, "VRAR": 1, "更为": 2, "提前": 1, "吞吐量": 2, "数据": 3, "百": 1, "席位": 1, "中国": 12, "上榜": 1, "26": 1, "大陆": 1, "23": 1, "台湾": 3, "香港港": 1, "前10": 1, "占据": 1, "7席": 1, "影响力": 1, "公认": 1, "贸易": 2, "大国": 1, "攀升": 1, "一带": 3, "一路": 3, "海上": 2, "丝绸之路": 1, "枢纽": 1, "方向": 1, "聚焦": 1, "一块": 2, "提": 1, "铁路": 1, "公路": 1, "很": 11, "火": 1, "例子": 1, "2019年": 2, "整合": 8, "速度": 1, "加快": 2, "山东省": 3, "资源": 2, "2019": 1, "报告": 1, "提出": 2, "制定": 1, "组建": 3, "推进": 1, "航运": 1, "中心": 2, "三": 7, "走": 1, "第一": 3, "东营港": 1, "潍坊港": 2, "滨州港": 1, "渤海湾": 3, "第二": 3, "平台": 2, "威海港": 1, "烟台港": 1, "四": 6, "格局": 1, "适时": 1, "集团公司": 1, "统筹": 1, "全省": 1, "近日": 1, "东营": 1, "广利港": 1, "东营市": 1, "潍坊市": 1, "滨州": 1, "滨州市": 1, "市": 1, "国有": 1, "管理": 1, "接收": 1, "工作": 3, "前述": 1, "国企": 1, "资产": 1, "划转": 2, "6月份": 1, "辽宁": 6, "案例": 2, "3月": 1, "20日": 1, "招商局": 3, "辽宁省": 2, "条款": 1, "确认": 1, "标志": 1, "前期": 1, "圆满": 1, "结束": 1, "实质": 1, "操作": 15, "阶段": 1, "2日": 1, "旗下": 1, "锦州港": 1, "同日": 1, "披露": 1, "国资委": 1, "拟": 1, "持有": 2, "间接": 1, "股东": 1, "辽港": 2, "1.1%": 1, "股权": 2, "无偿": 1, "51%": 1, "一个": 16, "信息": 1, "发力": 2, "背景": 1, "之下": 1, "显得": 1, "极为": 1, "迫切": 1, "5月": 1, "7日": 1, "杂志": 1, "西井": 1, "west": 1, "广州": 1, "重磅": 1, "发布": 5, "AI赋": 1, "全局化": 1, "蓝皮书": 2, "探讨": 1, "人工": 2, "智能": 7, "迎来": 2, "加上": 1, "催化": 1, "资金": 1, "热炒": 1, "对象": 1, "文完": 1, "感谢": 2, "阅读": 1, "众所周知": 1, "渐入佳境": 1, "抵制": 1, "如今": 3, "倒戈": 2, "选择": 2, "正义": 1, "天平": 1, "倾斜": 1, "一系列": 1, "压力": 5, "制裁": 2, "美方": 7, "为首": 1, "打压": 5, "强大": 1, "过程": 1, "中华": 1, "屈服": 1, "反而": 1, "加大": 1, "水平": 1, "以此": 1, "反击": 1, "对方": 1, "合同": 5, "遥遥": 2, "对手": 1, "拿到": 1, "50": 3, "足以": 1, "证明": 1, "这是": 2, "件": 2, "振奋": 1, "人心": 1, "事情": 3, "不愧": 1, "领导者": 1, "兴奋": 1, "忽视": 1, "现实": 2, "靠着": 1, "过硬": 1, "给到": 1, "预告": 1, "未来": 1, "采用": 6, "先进": 1, "逼": 1, "自主": 1, "无论是": 2, "芯片": 12, "系统": 19, "周期": 1, "长": 2, "尖端": 1, "足够": 1, "时间": 6, "英国": 2, "设计": 7, "ARM": 5, "正式": 2, "暂停": 1, "差不多": 1, "95%": 1, "手机": 14, "架构": 1, "处理器": 8, "孙正义": 4, "一番": 1, "言论": 1, "转机": 1, "知情": 2, "努力": 2, "督促": 1, "恢复": 3, "关系": 2, "商人": 1, "本人": 1, "停止": 3, "程度": 2, "影响": 5, "地位": 1, "自研": 1, "构架": 1, "抵抗": 1, "释放": 1, "和好": 1, "信号": 1, "好在": 1, "这一切": 1, "阻碍": 3, "稳": 3, "订单": 2, "持续": 4, "发酵": 1, "很多": 2, "intel": 1, "微软": 3, "谷歌": 9, "镁光": 5, "均": 1, "希望": 4, "重修于": 1, "有意思": 1, "外媒": 1, "索尼": 1, "任天堂": 1, "写": 1, "封": 1, "联名信": 2, "25％": 1, "关税": 2, "上调": 1, "损害": 1, "游戏": 1, "员工": 1, "利益": 1, "外企": 1, "递送": 1, "苹果": 7, "处于": 1, "诉求": 1, "巨头们": 1, "也许": 1, "荒唐": 1, "至极": 1, "增收": 1, "导致": 1, "游戏机": 2, "8.4亿": 1, "得不偿失": 1, "！": 3, "96％": 1, "视频": 4, "制造": 1, "僵持": 1, "带来": 1, "弥补": 1, "损失": 2, "向往": 1, "自由": 1, "付出": 1, "惨痛": 1, "代价": 1, "内存": 2, "巨头": 2, "供货": 3, "迫于": 1, "断供": 1, "13亿": 1, "营收": 1, "毁灭性": 1, "打击": 2, "这家": 1, "顶": 1, "供应链": 3, "太": 2, "一大": 1, "美企": 1, "上演": 1, "好戏": 1, "不得不": 3, "输": 1, "底朝天": 1, "赢下": 1, "尊严": 1, "名气": 1, "力挺": 1, "声明": 1, "未经": 1, "禁止": 1, "转载": 1, "网站": 1, "推哥": 1, "原创": 1, "图片": 1, "源于": 2, "网络": 2, "请": 2, "作者": 1, "删除": 2, "对外": 3, "白皮书": 6, "呼吁": 2, "勿": 2, "财经": 1, "记者": 3, "份": 3, "名": 3, "必由之路": 3, "详细": 3, "介绍": 5, "实践": 2, "指出": 3, "87805": 1, "11152": 1, "60亿": 2, "用户": 11, "武器化": 3, "态度": 4, "公平": 3, "歧视": 3, "各家": 1, "厂商": 5, "运营商": 4, "讨论": 3, "八成": 1, "费用": 2, "8万": 1, "宋": 3, "柳平": 3, "2009年": 1, "6亿": 1, "启动": 1, "追加": 1, "端": 2, "商用": 5, "至此": 1, "率先": 1, "欧洲": 1, "FRAND": 2, "21日": 1, "资深": 1, "服务": 1, "负责人": 1, "Rick": 1, "Osterloh": 1, "推特": 2, "吃惊": 2, "消息": 5, "放弃": 1, "平板": 36, "不禁": 1, "安卓": 18, "沉重": 1, "本来": 1, "难": 1, "抗衡": 1, "推出": 3, "雪上加霜": 1, "退出": 1, "品牌": 3, "对局": 1, "M系列": 1, "员": 1, "Nova5": 1, "M6": 18, "稀疏": 1, "注入": 2, "活力": 2, "有望": 1, "改变": 2, "现状": 1, "主持人": 1, "亮点": 2, "扬声器": 4, "麒麟980": 3, "实际上": 1, "手": 1, "10.8": 3, "英寸": 4, "M6后": 2, "发现": 1, "相较": 1, "上一代": 2, "地方": 1, "确实": 4, "款": 10, "感受": 2, "媲美": 1, "旗舰": 3, "工业": 1, "版本": 4, "全金属": 1, "机身": 6, "正面": 1, "简约": 1, "屏幕": 6, "上方": 1, "颗": 6, "前置": 1, "摄像头": 4, "下方": 2, "HUAWEI": 1, "烫金": 1, "logo": 1, "指纹": 1, "识别": 1, "Home": 1, "键": 3, "Home键": 1, "类似": 3, "左滑": 1, "呼出": 1, "多任务": 1, "回到": 1, "主界面": 1, "设置": 3, "磁力": 1, "磁吸点": 1, "iPad": 5, "见到": 1, "商城": 1, "单独": 2, "官方": 2, "实体": 1, "键磁": 1, "吸": 1, "键盘": 2, "当作": 1, "生产力": 4, "这次": 7, "留在": 1, "软件": 4, "时M6": 1, "电源键": 1, "音量": 1, "type-C": 1, "接口": 2, "3.5": 1, "耳机": 3, "SIM": 1, "卡": 1, "SD": 1, "存储": 1, "卡槽": 1, "右侧": 2, "感觉": 3, "鼓励": 1, "横屏": 1, "另外M6": 1, "少见": 1, "外放": 1, "音质": 1, "值得": 1, "期待": 1, "影院": 1, "般的": 1, "视听": 1, "享受": 1, "8.4": 1, "分辨率": 4, "2K": 4, "级别": 1, "尺寸": 3, "PPI": 1, "一点": 1, "追求": 2, "细腻": 1, "配备": 2, "锐屏": 1, "显示": 9, "增强": 1, "效果": 3, "开启": 3, "动态": 1, "整体": 2, "观感": 1, "真实": 1, "鲜艳": 1, "早就": 1, "新鲜": 1, "困难": 1, "回": 1, "播放": 2, "声道": 1, "转换": 1, "双扬声器": 1, "哈曼卡顿": 1, "加持": 2, "听歌": 2, "全景": 1, "环绕": 1, "音": 1, "景框": 2, "超大": 2, "拍照": 6, "体验": 6, "盖": 1, "天线带": 1, "两侧": 1, "右上角": 1, "硕大": 1, "7.2mm": 1, "算": 2, "接受": 3, "参数": 1, "4800万": 1, "像素": 1, "IMX586": 1, "习惯": 1, "方式": 1, "好处": 1, "舒服": 1, "眼前": 1, "拍": 1, "进去": 1, "高像素": 1, "成像": 1, "表现": 5, "优秀": 1, "毋庸置疑": 1, "性能": 4, "M5": 2, "麒麟710": 1, "中端": 1, "只能": 2, "定位": 1, "娱乐": 4, "跃": 1, "来到": 1, "不用": 2, "机型": 1, "Mate20Pro": 1, "P30": 1, "选取": 1, "熟悉": 1, "王者": 4, "荣耀": 3, "和平": 3, "精英": 3, "麒麟": 1, "980": 1, "压": 1, "住": 1, "这块": 1, "大屏": 4, "先是": 1, "画质": 1, "超清": 2, "高帧率": 1, "模式": 4, "轻松": 1, "稳定": 3, "60FPS": 2, "激烈": 1, "团战": 1, "环节": 2, "帧率": 2, "一如既往": 1, "局": 2, "后盖": 1, "中部": 1, "发热": 1, "温度": 1, "40": 1, "度": 1, "破解": 1, "极限": 1, "跳伞": 1, "感到": 2, "略微": 1, "卡顿": 1, "50FPS": 1, "稍微": 1, "差": 1, "玩": 3, "一整天": 1, "找": 2, "充电器": 1, "续航": 4, "强项": 1, "电池": 1, "容量": 1, "7500": 1, "毫安": 1, "18W": 1, "有线": 1, "快充": 1, "给出": 1, "连续": 1, "720P": 1, "11": 1, "小时": 1, "整机": 1, "电量": 2, "掉": 2, "30%": 1, "吓人": 1, "电影": 1, "观看": 1, "看完": 1, "20%": 1, "外面": 1, "天都": 1, "担心": 1, "惊喜多多": 1, "EMUI": 1, "印象": 1, "古板": 1, "老年人": 1, "UI": 1, "老样子": 1, "提升": 1, "思考": 3, "不少": 2, "App": 5, "内容": 3, "横铺": 1, "浏览": 1, "平行": 1, "视界": 2, "打开": 1, "居中": 1, "两边": 1, "留": 1, "一部分": 2, "空白": 1, "区域": 1, "点开": 1, "二级": 1, "菜单": 1, "右边": 1, "逻辑": 2, "清晰": 1, "明了": 1, "接近": 1, "桌面": 2, "越来越": 1, "趋势": 1, "做出": 1, "尝试": 1, "Windows": 1, "排列": 1, "左侧": 1, "底部": 1, "任务栏": 1, "菜单栏": 1, "接入": 1, "鼠标": 1, "右键": 1, "文件": 1, "复制": 1, "电脑": 2, "手写": 2, "笔": 1, "办公": 3, "误": 1, "搭载": 1, "流畅": 1, "提供": 1, "保证": 1, "杜比": 1, "全景声": 1, "多重": 1, "护眼": 1, "供": 1, "大人": 1, "小孩": 1, "配合": 1, "磁吸式": 1, "笔M-Pen": 1, "lite": 1, "秒变": 1, "形态": 1, "经得起": 1, "敲打": 1, "低迷": 1, "时期": 1, "带": 1, "姿态": 1, "目的": 1, "想要": 1, "打破": 1, "僵局": 1, "肯定": 1, "变得": 1, "热闹": 1, "变革": 1, "破僵局": 1, "再接再厉": 1, "创": 1, "佳绩": 1, "昨天": 1, "轮值": 1, "董事长": 3, "上海": 2, "大会": 2, "期间": 1, "采访": 2, "坚定": 1, "支持者": 1, "透漏": 1, "上市": 1, "一经": 1, "网上": 1, "轩然大波": 1, "大部分": 1, "网友": 2, "听到": 1, "失望": 1, "鸿蒙": 1, "买": 1, "抛开": 1, "民族": 1, "情绪": 1, "冷静": 1, "分析": 1, "原因": 1, "难度": 2, "IOS": 2, "老大": 1, "三星": 2, "开发": 3, "多么": 1, "忘记": 1, "通信": 2, "高通": 1, "诺基亚": 3, "爱立信": 1, "还要": 1, "创始人": 1, "任正非": 1, "前段": 3, "面对面": 1, "孤立": 2, "进口": 2, "高价": 1, "一半": 1, "正是": 1, "同意": 1, "推迟": 1, "30": 1, "执行": 1, "意义": 1, "不大": 1, "善意": 1, "东西": 1, "干": 1, "不和": 1, "危难": 1, "特朗普": 1, "发文": 1, "生产": 1, "工厂": 1, "搬到": 1, "增加": 1, "就业": 1, "岗位": 1, "经济": 1, "时代": 3, "当今": 1, "主流": 1, "必将": 1, "失败": 1, "见解": 2, "评论区": 1, "说出": 1, "刚刚": 1, "融入": 1, "表达": 1, "立场": 2, "技照": 1, "(": 1, ")": 1, "社会": 1, "价值": 1, "来源": 1, "环球": 1, "时报": 1, "环球网": 1, "编辑": 1, "范琪": 1, "审核": 1, "侯萌": 1, "参考": 1, "消息网": 1, "称": 8, "禁令": 2, "屡屡": 1, "刷新": 2, "纪录": 2, "常务": 1, "董事": 1, "事业部": 1, "总裁": 2, "丁耘": 5, "2/3": 2, "协助": 1, "构建": 1, "钜亨网": 1, "26日": 1, "主题": 1, "部署": 2, "拉动": 1, "ON": 1, "峰会": 1, "会上": 1, "合约": 3, "发货量": 1, "15万": 1, "站": 1, "来自于": 1, "韩国": 1, "瑞士": 1, "意大利": 1, "科威特": 1, "上半年": 1, "皆": 1, "据悉": 1, "5G商": 1, "数量": 1, "42": 1, "连续性": 1, "模块": 2, "数据库": 1, "能力": 2, "架": 1, "飞机": 1, "库存": 1, "飞行": 2, "12": 1, "具备": 1, "德国": 1, "汉诺威": 1, "工博会": 1, "参观者": 1, "手持": 1, "展区": 1, "展出": 1, "基站": 1, "新华社": 1, "蓝鲸": 2, "TMT": 2, "频道": 1, "讯": 1, "产品线": 1, "何刚": 1, "MWC": 1, "公布": 2, "1+8+N": 4, "电视": 9, "首次": 1, "8": 3, "品类": 1, "环": 1, "1": 2, "指": 1, "PC": 2, "TV": 1, "音响": 1, "眼镜": 2, "手表": 2, "车机": 2, "八大": 1, "N": 2, "家居": 1, "健康": 1, "影音": 1, "出行": 1, "板块": 1, "早": 1, "针对": 1, "IoT": 1, "主入口": 1, "入口": 2, "非大屏": 1, "音箱": 1, "泛IoT": 1, "硬件": 1, "HiLink": 1, "生态": 1, "今年初": 1, "上将": 1, "策略": 1, "彼时": 1, "业内": 1, "盛": 1, "传华": 1, "首款": 1, "4月": 1, "目标": 1, "1000万": 1, "台": 1, "随后": 1, "高端": 3, "8K": 1, "广色域": 1, "AI": 1, "特性": 1, "面板": 1, "人士": 2, "局限": 1, "中低端": 1, "寻求": 1, "京东方": 2, "华星": 2, "光电": 2, "液晶": 2, "质量": 1, "认证": 3, "相关": 2, "页面": 1, "3C": 1, "型号": 1, "OSCA-550/Osca-550A": 1, "生产厂": 1, "合肥": 1, "视讯": 1, "TCL": 1, "回应": 1, "显示屏": 1, "伙伴": 1, "终端": 1, "展开": 1, "65": 1, "吋": 1, "验证": 1, "意味着": 1, "坊间": 1, "流传": 1, "涉足": 1, "终于": 1}