{"观察者": 2, "网讯": 1, "美国": 8, "处处": 1, "针对": 4, "华为": 140, "中国": 17, "招致": 1, "诸多": 1, "批评": 2, "本国": 1, "媒体": 11, "都": 24, "15日": 1, "有线": 1, "电视": 1, "新闻网": 1, "CNN": 7, "为首": 1, "公司": 22, "攻击": 1, "建设": 4, "下一代": 1, "无线": 2, "网络": 9, "运营商们": 1, "制造": 8, "麻烦": 1, "报道": 2, "截图": 1, "称": 11, "试图": 1, "劝说": 1, "国家": 4, "设备": 9, "5G": 43, "宣称": 1, "隐患": 1, "辞早": 1, "否认": 3, "禁止": 6, "填补": 1, "真空期": 1, "削弱": 3, "全球": 10, "部署": 2, "英国": 3, "咨询": 3, "机构": 3, "IHS马基特": 1, "电信": 4, "基础": 4, "设施": 1, "专家": 3, "斯特凡": 1, "泰拉尔": 1, "(": 2, "Stéphane": 1, "Téral": 1, ")": 2, "欧洲": 1, "期待": 4, "发挥": 1, "关键": 4, "作用": 2, "地区": 1, "领导人": 1, "未来": 2, "经济": 5, "至关重要": 3, "领域": 1, "一个": 17, "级别": 1, "竞争": 5, "对手": 5, "一针见血": 1, "指出": 7, "瑞典": 1, "爱立信": 2, "芬兰": 1, "诺基亚": 3, "亏损": 1, "裁员": 1, "困扰": 1, "年收入": 4, "超": 2, "1000亿": 1, "美元": 7, "卯足": 1, "劲": 1, "往前": 1, "很多": 8, "同意": 1, "技术": 30, "至少": 1, "领先": 2, "1": 1, "说法": 3, "运营商": 4, "交流": 2, "发现": 1, "先进": 7, "惠誉": 1, "高级": 1, "分析师": 1, "泰利安": 1, "Dexter": 1, "Thillien": 1, "预测": 1, "世界": 11, "数据": 7, "来源": 3, "欧亚": 1, "集团": 2, "文章": 2, "想要": 1, "第一": 9, "提供": 8, "服务": 5, "处于": 5, "地位": 5, "替代": 1, "顶级": 2, "国际": 7, "发出": 1, "警告": 1, "排除": 1, "计划": 2, "做法": 2, "能力": 4, "沃达丰": 2, "CEO尼克里德": 1, "上月": 1, "大幅": 2, "推迟": 1, "上市": 2, "去年": 3, "8月": 3, "澳大利亚": 2, "政府": 11, "澳": 2, "损害": 1, "供应商": 8, "首席": 1, "设计师": 1, "尼尔麦克雷": 1, "年底": 1, "迎头": 1, "赶上": 1, "消费者": 2, "品牌": 6, "负责人": 1, "上周": 1, "告诉": 5, "担忧": 1, "理由": 2, "实力": 2, "规模": 1, "财力": 2, "相形见绌": 1, "2017年": 2, "研发": 13, "投入": 4, "130亿": 1, "超过": 2, "微软": 1, "苹果": 3, "56亿": 1, "44亿": 1, "IDC": 1, "显示": 5, "2022年": 1, "2018年": 9, "6.6亿": 1, "飙升": 1, "709亿": 1, "占据": 3, "一半": 3, "开支": 1, "国内": 10, "市场": 12, "优势": 3, "供应": 1, "本身": 1, "三大": 1, "智能": 9, "手机": 72, "制造商": 3, "云计算": 1, "人工": 2, "芯片": 5, "研究": 6, "Counterpoint": 1, "战略": 3, "主管": 1, "彼得": 1, "理查德森": 1, "：": 13, "无所不包": 1, "‘": 1, "’": 1, "方式": 5, "强大": 3, "同行": 1, "类似": 2, "事情": 1, "研究者": 1, "引用": 1, "德国": 1, "情报": 4, "IPlytics": 2, "看法": 1, "专利": 1, "持有者": 1, "建立": 1, "标准": 4, "做出": 2, "贡献": 1, "塑造": 1, "预言": 1, "引领": 1, "为时尚早": 1, "毕竟": 2, "这项": 1, "定义": 1, "最终": 1, "本文": 2, "网": 1, "独家": 2, "稿件": 1, "未经": 2, "授权": 2, "转载": 2, "发展": 9, "地步": 1, "国外": 3, "说起": 1, "三星": 32, "网友": 8, "很": 20, "熟悉": 2, "行业": 5, "影响": 3, "老": 1, "品质": 1, "自然": 3, "值得": 2, "信赖": 1, "智能机": 2, "销量": 1, "排名": 2, "世界级": 1, "荣誉": 1, "到来": 3, "终于": 2, "听见": 1, "旗舰": 3, "新机": 26, "发布": 18, "消息": 5, "爆料": 3, "2月": 6, "下旬": 2, "S10": 2, "曝光": 11, "这部": 21, "折叠屏": 14, "设计": 26, "屏": 4, "资料": 3, "正面": 3, "曲面屏": 5, "厉害": 2, "都会": 2, "采用": 16, "标志": 2, "红火": 1, "钻孔屏": 1, "搭配": 12, "窄": 1, "上下边框": 1, "S系列": 1, "边框": 2, "经典": 1, "屏幕": 35, "6.5": 1, "英寸": 4, "超级": 2, "AMOLED": 1, "高清炫": 1, "彩屏": 1, "高宽": 1, "占比": 1, "19.5:9": 1, "QHD像素": 1, "分辨率": 1, "前置": 7, "摄像头": 12, "可谓": 1, "惊艳": 2, "市面": 1, "常见": 1, "单摄": 1, "双摄": 2, "左上": 1, "角": 1, "上方": 2, "额头": 1, "镜头": 11, "置单": 1, "摄": 6, "S10+": 1, "右上角": 1, "特色": 1, "该机": 2, "颗": 12, "像素": 4, "1600万": 2, "1200万": 1, "f/1.6": 1, "f/2.0": 1, "光圈": 1, "搭载": 13, "AI美颜": 1, "、": 55, "HDR动态": 1, "拍摄": 1, "AI": 1, "场景": 2, "识别": 9, "功能": 4, "机亮": 1, "王牌": 1, "后置": 12, "有意思": 1, "垂直": 1, "排列": 3, "横向": 2, "渲染": 4, "三": 16, "标华": 2, "徕卡": 1, "机身": 4, "背面": 1, "位置": 5, "4000万": 2, "主摄": 1, "副": 1, "800万": 1, "广角": 1, "7400万": 2, "均": 1, "OIS": 1, "光学": 3, "防抖": 1, "右边": 1, "LED": 1, "闪光灯": 2, "独有": 1, "心率": 1, "感应器": 1, "解锁": 6, "完美": 1, "取消": 3, "按键": 1, "指纹": 7, "注定": 1, "淘汰": 2, "独到": 1, "见解": 1, "虹膜": 3, "算": 2, "图片": 3, "当下": 1, "屏下": 3, "3D": 4, "结构": 3, "人脸": 3, "光线": 1, "环境": 5, "选择": 5, "给力": 1, "众多": 4, "材质": 8, "金属": 1, "塑料": 1, "慢慢": 1, "最多": 1, "玻璃": 4, "款": 10, "康宁": 1, "大猩猩": 1, "第六": 1, "耐摔": 1, "刮划": 1, "全金属": 1, "支持": 7, "IP": 1, "68": 1, "防尘": 1, "防水": 1, "内置": 1, "一块": 3, "5800": 1, "毫安": 1, "超大": 1, "密度": 2, "电池": 1, "无线充": 1, "快充": 1, "首批": 1, "登陆": 2, "拥有": 3, "猎户座": 1, "处理器": 5, "高通": 2, "骁龙": 2, "855": 1, "7nm": 1, "制程": 1, "工艺": 1, "双四核": 1, "CPU": 1, "架构": 1, "参数": 2, "藏": 1, "不住": 1, "6GB": 1, "8GB": 2, "运行": 2, "内存": 4, "128GB": 1, "256GB": 1, "512GB": 1, "存储": 3, "2048GB": 2, "外置": 1, "空间": 3, "组合": 1, "供": 2, "需求": 3, "+": 3, "855+5800万": 1, "颜值": 2, "大体": 1, "情况": 2, "介绍": 1, "独特": 1, "钻孔": 1, "核心": 4, "配置": 4, "优秀": 1, "续航": 1, "条件": 2, "吸引": 2, "透露": 6, "价格": 9, "高科技": 2, "并存": 1, "赶快": 1, "面世": 1, "申明": 1, "严禁": 1, "平台": 2, "侵权": 1, "必究": 1, "违规者": 1, "投诉": 1, "封号": 1, "为止": 1, "请": 1, "珍惜": 1, "账号": 1, "来源于": 1, "外媒": 1, "YouTube": 1, "企业": 39, "随意": 1, "捏造": 1, "事实": 2, "科技": 17, "热点": 1, "实验室": 4, "原创": 1, "作品": 1, "版权": 1, "分享": 1, "评论": 5, "收藏": 1, "转发": 1, "员工": 2, "行走": 1, "松山湖": 24, "基地": 8, "/": 4, "视觉": 2, "接盘侠": 1, "东莞": 58, "搬迁": 6, "背后": 2, "新闻": 6, "周刊": 6, "记者": 3, "霍思伊": 1, "首发": 3, "第887": 1, "期": 2, "法新社": 1, "Ryan": 2, "火车": 2, "窗口": 1, "红白蓝": 1, "法国": 1, "国旗": 1, "颜色": 1, "路边": 1, "掠过": 1, "陌生": 1, "旗帜": 1, "八瓣菊": 1, "聚拢": 1, "散开": 1, "——": 5, "巴黎": 1, "巴黎镇": 1, "12月": 4, "18日": 1, "上午": 1, "瑞士": 1, "引进": 6, "轻轨": 1, "目光": 2, "穿梭": 1, "内": 2, "12": 1, "欧洲小镇": 1, "之间": 2, "包括": 5, "在内": 2, "14": 2, "顶尖": 1, "邀请": 1, "参观": 1, "园区": 5, "热": 1, "材料": 1, "内部": 2, "小时": 2, "坐": 2, "圆桌": 1, "这是": 2, "孟晚舟": 1, "事件": 1, "舆论": 3, "首次": 2, "正式": 4, "回应": 1, "地点": 1, "选": 1, "占地": 2, "1900": 2, "亩": 4, "投资": 2, "100亿": 1, "终端": 6, "总部": 4, "布局": 5, "第二": 4, "中心": 12, "大学": 4, "中试": 1, "载体": 1, "落子": 2, "工厂": 8, "焦点": 1, "外迁": 3, "5月": 1, "传闻": 1, "辟谣": 1, "离开": 1, "深圳": 20, "依然": 2, "未能": 1, "平息": 1, "坊间": 1, "喧嚣": 1, "抛出": 1, "疑问": 2, "质疑": 2, "来自于": 1, "印象": 2, "反差": 1, "劳动密集型": 2, "出口": 6, "加工": 9, "贸易": 6, "遍布": 1, "代工": 3, "超乎": 1, "寻常": 1, "速度": 3, "成长": 2, "高新": 3, "名片": 1, "部门": 7, "迁入": 4, "深思": 1, "事实上": 1, "并非": 2, "早": 3, "2005年": 2, "子公司": 1, "聚信": 1, "有限公司": 2, "成立": 2, "定位": 5, "通信": 2, "产品": 6, "生产": 7, "华南": 1, "配送": 1, "2009年": 1, "位于": 1, "北部": 1, "新城": 2, "大道": 1, "南方": 1, "投产": 1, "2011~2012年": 1, "人士": 4, "供应链": 1, "大部分": 4, "迁": 1, "2013年": 2, "总裁": 1, "任正非": 3, "迁移": 1, "靴子": 1, "落地": 2, "7月": 1, "2日": 1, "启动": 2, "40": 2, "辆": 1, "车": 1, "专用": 1, "车辆": 1, "60": 1, "车次": 1, "2700": 1, "名": 2, "坂田": 2, "送": 1, "溪流": 1, "背坡村": 1, "所在地": 1, "11日": 1, "人数": 2, "5400": 1, "11月": 2, "26日": 1, "第三": 2, "4500": 1, "共计": 2, "12600": 1, "进驻": 1, "此前": 2, "项目": 4, "规划": 5, "建成": 1, "3万": 1, "人员": 1, "聚集": 1, "十多": 1, "年间": 1, "最初": 1, "转向": 2, "产业链": 4, "前端": 1, "创造": 1, "生态": 8, "2012年": 6, "高企": 1, "成本": 11, "有限": 2, "土地": 3, "传统": 4, "加工型": 1, "转为": 1, "研发型": 1, "记忆": 8, "寻求": 1, "总经理": 2, "贾": 4, "宗铭": 4, "回忆": 1, "苏州": 1, "该市": 1, "；": 4, "内地": 1, "城市": 8, "西安": 1, "周边": 3, "惠州": 2, "不到": 1, "半年": 1, "时间": 5, "基本上": 1, "高新技术": 1, "产业": 23, "开发区": 1, "毗邻": 1, "香港": 1, "2001年": 3, "创新": 2, "驱动": 1, "引擎": 1, "近年来": 3, "大疆": 2, "知名": 2, "名声大噪": 1, "落户": 1, "出于": 1, "笔": 2, "账": 1, "地价": 1, "房租": 1, "水电": 1, "税收": 1, "综合": 1, "节约": 1, "30％": 1, "相比": 2, "劳动力": 3, "低": 6, "贾宗铭": 1, "相比之下": 1, "配套": 6, "并举": 1, "独立": 1, "模组": 1, "提供商": 1, "PC": 1, "厂商": 4, "信息": 4, "通讯": 2, "半导体": 2, "物料": 1, "激光": 1, "打印": 1, "齐全": 1, "竞争力": 2, "印制": 1, "便宜": 1, "10％": 1, "知情": 1, "对外": 3, "搬离": 1, "达成": 1, "协议": 1, "23日": 1, "东莞市": 9, "工商局": 1, "登记": 1, "收到": 1, "通知": 2, "紧随": 1, "其后": 1, "贴近": 1, "客户": 1, "软通": 1, "动力": 2, "中软": 1, "易宝": 1, "软件": 1, "华微": 1, "明天": 1, "相继": 2, "当地": 2, "就业": 1, "岗位": 1, "人才": 3, "资源": 3, "带动": 3, "转身": 1, "2007年": 2, "5月底": 1, "虎门镇": 1, "太平": 2, "手袋厂": 2, "厂房": 4, "轰然": 1, "倒塌": 2, "象征": 1, "意味": 1, "补": 2, "来料加工": 1, "来料": 1, "装配": 1, "来样": 1, "补偿": 1, "拆除": 1, "结束": 1, "上世纪": 1, "90年代": 1, "末": 1, "用工": 1, "逐年": 2, "增加": 2, "人口": 1, "红利": 1, "依托": 1, "劳动": 1, "密集型": 1, "陆续": 1, "关停": 2, "2008年": 3, "2015年": 4, "最低": 1, "工资": 1, "770": 1, "元": 3, "上调": 1, "1510": 1, "人民币": 1, "升值": 1, "20％": 1, "退税": 1, "政策": 2, "金融": 1, "危机": 2, "海啸": 1, "冲袭": 1, "珠三角": 2, "首当其冲": 1, "订单": 1, "缩减": 1, "持续": 2, "多年": 1, "2016年": 4, "见报": 1, "倒闭潮": 3, "3": 2, "~": 1, "4": 2, "轮": 1, "空置": 1, "破败": 1, "租金": 1, "为生": 1, "村镇": 1, "面临": 4, "债务": 1, "2011年": 1, "全市": 2, "收": 2, "抵": 2, "支": 2, "村": 2, "329": 1, "占": 2, "东莞村": 1, "总数": 2, "60％": 1, "3500": 1, "玩具厂": 1, "倒闭": 1, "1800": 1, "波": 4, "万士达": 1, "颇": 1, "影响力": 2, "港": 1, "台资": 2, "停产": 1, "厂": 1, "死亡": 1, "大厂": 1, "动用": 1, "经营": 1, "局面": 2, "自杀": 1, "主营": 1, "东南亚": 2, "兆信": 1, "董事长": 1, "高民": 1, "留下": 3, "绝笔": 1, "纺织": 1, "玩具": 1, "轻工业": 1, "电子": 1, "中山": 2, "教授": 2, "特约": 1, "研究员": 1, "林江": 1, "国内外": 2, "变化": 1, "原本": 2, "模式": 3, "越来越": 1, "暴露": 1, "两头在外": 1, "原料": 1, "机器": 1, "销售": 1, "渠道": 1, "手": 1, "负责": 1, "人力": 2, "贴牌": 1, "名符其实": 1, "夹心": 1, "饼干": 1, "定价": 1, "主动权": 2, "只能": 1, "廉价": 1, "获取": 1, "微利": 1, "固化": 1, "分工": 2, "长期": 1, "低端": 2, "环节": 4, "附加值": 3, "低下": 1, "扎根": 1, "本土": 2, "植物": 1, "根根": 1, "竹竿": 1, "插": 1, "拔走": 1, "快": 1, "要素": 2, "升高": 1, "资本": 1, "掉头": 1, "觅": 1, "低处": 1, "的确": 1, "席卷": 1, "转移潮": 1, "上涨": 2, "港资": 1, "越南": 1, "柬埔寨": 1, "缅甸": 1, "低廉": 1, "设厂": 1, "依存": 1, "度过": 1, "尴尬": 1, "市委": 1, "书记": 1, "刘": 1, "志庚": 1, "称之为": 1, "双边": 1, "缘化": 1, "困境": 1, "含量": 1, "边缘": 2, "挤压": 2, "自主": 2, "自有": 1, "落后": 1, "体系": 1, "意识": 1, "外源型": 1, "风险": 1, "发改局": 2, "副局长": 3, "王": 4, "钊鸿": 4, "打出": 1, "牌": 2, "外资牌": 1, "民营牌": 1, "民营": 2, "外资": 2, "放在": 1, "同等": 1, "思路": 3, "助推": 1, "本地": 2, "壮大": 1, "改变": 2, "更新": 1, "城市牌": 1, "旨在": 1, "民企": 1, "转型": 4, "支撑": 1, "2004年": 1, "4月": 1, "调整": 2, "制造业": 2, "名城": 1, "升级": 3, "努力": 1, "提高": 2, "延伸": 1, "重点": 3, "新兴": 2, "2018-2025年": 1, "进一步": 3, "创新型": 1, "进来": 2, "留": 2, "住": 2, "龙头": 1, "相关": 4, "辐射": 1, "效应": 3, "24日": 5, "晚上": 1, "广东": 1, "思沃": 1, "精密": 1, "机械": 1, "副总经理": 1, "解红伟": 3, "亮起": 1, "新哥": 4, "有约": 2, "微信群": 2, "发来": 1, "群里": 1, "提醒": 1, "2019年": 5, "市级": 1, "倍增": 1, "试点": 1, "申报": 1, "截止": 1, "日期": 1, "31日": 1, "管委会": 1, "创新局": 1, "耀新": 1, "311": 1, "沟通": 1, "优惠": 1, "群": 1, "当周": 1, "茶会": 3, "主题": 2, "子女": 1, "入学": 1, "申请": 2, "补贴": 1, "推广": 1, "主持": 1, "周二": 1, "六": 1, "接近": 1, "1000": 1, "企业家们": 1, "糕点": 1, "饮料": 1, "煲汤": 1, "阿里": 1, "旗下": 1, "一家": 1, "配套商": 1, "每月": 1, "座谈会": 1, "职能": 1, "派": 1, "代表": 1, "出席": 1, "会上": 1, "提出": 3, "近期": 1, "诉求": 1, "现场": 1, "答复": 1, "当即": 1, "解决": 3, "当天": 1, "派对": 1, "接人点": 1, "积累": 1, "守住": 1, "初": 2, "降低": 1, "设立": 1, "控制": 2, "面积": 1, "72": 1, "平方公里": 3, "座": 1, "人文": 1, "一体": 1, "区域": 3, "李立勋": 1, "生态区": 1, "打造": 1, "预留": 1, "用地": 2, "8": 3, "淡水湖": 1, "绿地": 1, "11": 1, "年后": 1, "扩张": 1, "不谋而合": 1, "希望": 2, "谷歌": 1, "绝佳": 1, "舒畅": 1, "城区": 1, "特意": 1, "腾出": 1, "606": 1, "保护": 1, "绿线": 1, "核减": 1, "拍下": 1, "四": 2, "地块": 1, "紧邻": 1, "精华": 1, "景区": 1, "松湖": 1, "花海": 1, "皆": 1, "豪宅区": 1, "地图": 1, "距离": 3, "福田CBD": 1, "直线": 1, "公里": 1, "开车": 1, "危与机": 1, "战略性": 1, "主任": 3, "龚": 2, "佳勇": 2, "工业化": 1, "阶段": 3, "服务型": 1, "知识型": 1, "肯定": 2, "带来": 1, "随之而来": 1, "外溢": 2, "观察": 1, "2014年": 3, "加速": 1, "地缘": 1, "转移": 3, "首选地": 1, "3月": 1, "蓝思": 1, "康佳": 1, "莞": 1, "扩军": 1, "统计": 1, "604": 1, "宗": 4, "184": 1, "233": 1, "187": 1, "经信局": 1, "内资": 3, "份额": 2, "势头": 1, "旺盛": 1, "斥资": 1, "11亿": 1, "108": 1, "封装": 1, "不禁": 1, "感慨": 1, "大块": 1, "想象": 1, "理工": 1, "学院": 1, "莫安达": 1, "经历": 2, "中小企业": 1, "迈向": 1, "高端": 5, "广东省": 1, "社科院": 1, "丁力": 1, "莞深": 1, "被动": 1, "承接": 1, "状态": 1, "跨": 1, "深度": 1, "融合": 1, "危险性": 1, "在于": 2, "内生": 1, "缺失": 1, "弱化": 1, "消失": 1, "迁出": 1, "广州": 2, "虹吸": 2, "想": 2, "留住": 1, "滞后": 1, "城市化": 1, "均等": 1, "公共": 1, "水平": 1, "才能": 2, "差距": 1, "机谍": 1, "中谍": 1, "栏目": 1, "谍中谍": 1, "寓意": 1, "谍报": 3, "专业": 1, "眼光": 1, "风趣": 1, "幽默": 1, "文字": 1, "真真假假": 1, "提前": 1, "揭秘": 1, "即将": 3, "重磅": 1, "当中": 1, "P30": 20, "系列": 3, "亮相": 3, "MWC": 3, "官微": 2, "参加": 1, "MWC2019": 3, "27日": 1, "下午": 1, "放出": 3, "参展": 4, "海报": 1, "构建": 1, "万物": 1, "互联": 1, "口号": 1, "IoT": 1, "依据": 1, "上半年": 1, "惯例": 1, "P系列": 2, "展会": 1, "保护膜": 3, "网上": 1, "水滴屏": 3, "超高": 1, "屏占比": 1, "下巴": 1, "拍照": 2, "3800万四": 1, "10": 2, "倍": 3, "变焦": 3, "硬件": 2, "延续": 1, "麒麟980": 1, "预计": 2, "RAM": 1, "起步": 1, "5": 4, "无损": 1, "2400万": 1, "XDA": 1, "爆料人": 1, "Rahman": 1, "Pro": 5, "曲面": 1, "美人尖": 1, "索尼": 1, "3800万": 1, "IMX607": 1, "传感器": 4, "配": 1, "用来": 2, "ToF": 1, "建模": 1, "P30/P30": 4, "壳": 1, "Spigen": 1, "抢先": 1, "官网": 1, "Pro佩戴": 1, "保护壳": 2, "14.99": 1, "34.99": 1, "不等": 1, "无疑": 1, "真机": 1, "一点": 1, "剩": 1, "相机": 1, "右侧": 2, "开孔": 2, "高端感": 1, "十足": 1, "Lite": 7, "LCD": 2, "段": 1, "以往": 1, "节奏": 1, "春天": 1, "高低": 1, "网站": 3, "Slashleaks": 1, "渲染图": 3, "称为": 1, "青春版": 1, "内容": 1, "双摄+": 1, "版本": 1, "推测": 1, "出P": 1, "30": 1, "如今": 2, "精品": 1, "道路": 1, "设计图": 1, "完成度": 1, "时间段": 1, "判断": 1, "整体": 1, "外观": 1, "概念": 7, "图相": 1, "差不多": 1, "2019": 3, "战场": 1, "拭目以待": 1, "新西兰": 32, "像是": 2, "橄榄球": 8, "运动": 5, "近日": 2, "投放": 1, "整版": 1, "广告": 19, "嘲讽": 1, "参与": 1, "鲜明": 1, "大胆": 4, "创意": 5, "热议": 1, "背景": 1, "关系": 3, "恶化": 1, "激烈": 2, "争论": 1, "反对党": 2, "追随": 1, "美": 1, "打压": 1, "报复": 1, "最新": 1, "迹象": 1, "华": 3, "延迟": 2, "副总理": 2, "兼": 2, "外长": 2, "彼得斯": 2, "14日": 3, "12日": 1, "一早": 1, "新西兰人": 5, "刷屏": 1, "首页": 1, "机场": 1, "市中心": 1, "户外": 1, "大型": 1, "13日": 3, "先驱报": 1, "纸质": 1, "刊登": 1, "一时间": 1, "公关": 2, "刷爆": 1, "主流": 1, "华人": 1, "社区": 2, "朋友圈": 1, "运动员": 1, "争抢": 1, "旁边": 2, "粗": 1, "黑体": 1, "广告语": 1, "写道": 1, "一行": 1, "小字": 1, "错过": 2, "现有": 1, "可用": 1, "Logo": 1, "写": 1, "一句话": 1, "简洁明了": 1, "击中": 1, "痛点": 1, "不少": 2, "点赞": 2, "众所周知": 1, "最为": 1, "擅长": 1, "引以自豪": 1, "国民": 2, "橄榄球队": 1, "橄榄球场": 1, "中小学校": 1, "必不可少": 1, "标配": 2, "国家队": 2, "全黑队": 4, "牢牢": 1, "赢得": 2, "世界杯": 1, "冠军": 1, "市长": 1, "名字": 1, "不能不": 1, "队长": 1, "奥运会": 1, "比赛": 2, "比喻": 1, "各界": 1, "看作": 1, "倒逼": 1, "广播": 2, "电台": 1, "电视台": 1, "反击": 1, "back": 1, "词": 1, "描述": 1, "这次": 1, "给予": 1, "评价": 2, "名为": 1, "Mark": 1, "Dreyer": 1, "发帖": 1, "10分": 1, "Matthew": 1, "Brennan": 1, "奥克兰": 1, "学": 1, "讲师": 1, "Mike": 1, "Lee": 1, "接受": 1, "采访": 1, "高度": 1, "大众": 1, "目的": 1, "难": 1, "态度": 2, "BBC": 1, "利用": 2, "热爱": 1, "缓和": 1, "安全局": 1, "局长": 1, "里特": 1, "举动": 1, "利益": 1, "决策": 1, "唯一": 1, "考量": 1, "Stuff": 1, "民众": 1, "Exrokie": 1, "干脆": 1, "外国": 1, "灌输": 1, "东西": 1, "到底": 1, "每次": 1, "中新": 2, "波动": 1, "关注": 1, "严词": 1, "稳步": 1, "增长": 1, "刚": 1, "驻": 1, "大使": 1, "内阁": 1, "部长": 1, "等待": 2, "中方": 1, "批准": 1, "访华": 1, "尚未": 1, "签证": 1, "环球": 1, "时报": 1, "环球网": 1, "／": 1, "赵理铭": 1, "成功": 4, "崛起": 3, "破": 3, "900亿": 3, "国产": 4, "巨头": 3, "！": 6, "近些年": 1, "制造商们": 1, "争夺": 1, "消停": 1, "时时刻刻": 1, "角角落落": 1, "上演": 1, "争夺战": 1, "例子": 1, "买": 1, "样式": 1, "大都": 1, "单一": 1, "库克": 1, "推出": 6, "全面屏": 3, "iPhone": 2, "全世界": 2, "刮起": 1, "一阵": 1, "风": 1, "打孔屏": 1, "接踵而至": 1, "呈现": 1, "群魔乱舞": 1, "疯狂": 1, "块": 1, "黑点": 2, "始终": 1, "满意": 1, "率先": 1, "开启": 1, "时代": 3, "强迫症": 1, "患者": 1, "福音": 1, "效果": 2, "根治": 1, "副屏": 1, "用户": 1, "日常": 1, "生活": 1, "领头羊": 1, "折叠": 18, "方向": 1, "物力": 1, "扳扳": 1, "手腕": 1, "京东方": 4, "生产商": 1, "主角": 1, "OLED屏": 2, "区别": 1, "柔性": 2, "现阶段": 1, "三星LG": 1, "懂": 1, "低价": 1, "卖给": 2, "天无绝人之路": 1, "这家": 3, "屏柔性": 1, "相中": 1, "御用": 1, "测评": 1, "分比LG": 1, "LG": 1, "三分之二": 1, "保证": 1, "放开": 1, "步子": 1, "向前": 1, "走": 1, "发布会": 1, "喜人": 1, "花粉": 1, "拉动": 1, "股价": 1, "敢于": 1, "摆脱": 1, "别人": 1, "束缚": 1, "才": 1, "自由": 1, "前列": 1, "追赶": 1, "必定": 1, "……": 1, "缩小": 1, "拔得头筹": 1, "本月": 1, "预示": 1, "霸主": 1, "再次": 1, "冲击": 1, "1%": 1, "屏怀": 1, "争得": 1, "业内": 1, "树立": 1, "标杆": 1, "消息者": 1, "发展史": 1, "浓墨重彩": 1, "看点": 1, "屏将": 1, "两点": 1, "亮": 1, "肌肉": 1, "外翻": 1, "展开": 3, "尺寸": 1, "向下": 1, "对折": 1, "缩回": 1, "1月": 1, "博龙": 1, "5000": 3, "基带": 4, "性能": 2, "超越": 1, "骁龙X50": 1, "6.5Gbps": 1, "下载": 1, "3.5Gbps": 1, "上传": 1, "摩拳擦掌": 1, "剧透": 1, "小米": 4, "打头": 1, "阵拜": 1, "头香": 1, "先手": 1, "这不": 1, "1日": 1, "余承东": 1, "巴塞罗那MWC2019": 1, "大会": 1, "低调": 1, "哭": 1, "这两年": 1, "吃": 1, "螃蟹": 1, "首款": 2, "挖孔": 1, "配备": 2, "麒麟": 2, "980": 2, "巴龙": 1, "Balong": 2, "10G": 1, "128G": 1, "适合": 1, "全新": 2, "EMUI": 1, "系统": 1, "合二为一": 1, "面部": 1, "取代": 1, "电脑": 1, "据说": 1, "刘海屏": 1, "储备": 1, "尖兵": 1, "隶属": 1, "Mate": 3, "面向": 1, "屏良": 1, "品率": 1, "产量": 1, "不大": 1, "售价": 1, "万元": 1, "高于": 1, "XS": 1, "Max": 1, "笔者": 1, "多方": 1, "求证": 1, "此刻": 1, "折": 3, "叠屏": 3, "Flex": 1, "规模化": 1, "商用": 1, "加上": 1, "以此": 1, "来临": 1, "魅族": 1, "vivo": 1, "了无": 1, "造价": 1, "实用性": 1, "价值": 1, "太": 1, "售卖": 1, "6": 1, "寸": 1, "大小": 1, "纤薄": 1, "中框": 1, "圆润": 1, "USB": 1, "Type-C": 1, "接口": 1, "量产": 1, "长短": 1, "OLED": 1, "柔派": 1, "24": 1, "撕": 1, "见到": 1, "求新": 1, "求变": 1, "噱头": 1, "大于": 1, "实用": 1, "实在": 1, "步伐": 1, "情怀": 1, "冲天": 1, "没用": 1, "天生": 1, "骄傲": 1, "锤子": 1, "下场": 1, "元年": 1, "就要": 1, "野心勃勃": 1, "拉开": 1, "序幕": 1, "看官们": 1, "看待": 1, "下方": 1, "留言": 1, "观点": 1, "谢谢": 1}