{"25:08": 1, "公开": 2, "报道": 5, "资料": 3, "统计": 2, "1987年": 4, "华为": 118, "创办": 4, "2019年": 8, "31": 3, "时间": 14, "任正非": 74, "接受": 18, "媒体": 11, "采访": 13, "总共": 2, "超过": 6, "10": 3, "1月": 6, "15日": 2, "17日": 5, "三": 2, "改": 2, "常态": 2, "国内外": 2, "数十": 2, "记者": 19, "下午": 2, "央视": 6, "面对面": 3, "专访": 6, "这是": 8, "首次": 2, "国内": 2, "电视": 5, "面对": 3, "笑言": 2, "：": 55, "公共": 4, "关系": 4, "部门": 5, "逼": 5, "外界": 4, "想象": 2, "艰难": 6, "董倩": 5, "感谢": 3, "机会": 1, "好奇": 2, "露面": 5, "想": 8, "明白": 2, "为啥": 2, "文字": 2, "穿透力": 2, "写": 4, "文件": 2, "段": 1, "频繁": 1, "中外": 1, "处在": 3, "一个": 19, "危机": 5, "转换": 3, "阶段": 4, "客户": 4, "理解": 6, "18万": 6, "员工": 11, "团结": 3, "奋斗": 3, "渡过": 2, "困难": 6, "讲话": 6, "权威": 3, "有人": 3, "公司": 12, "至少": 5, "增长": 5, "20%": 3, "都": 12, "跃跃欲试": 2, "计划": 3, "报低": 1, "一点": 6, "上头": 1, "奖金": 1, "压": 1, "孟晚舟": 9, "事件": 5, "儿女": 4, "翅膀": 4, "硬": 4, "自由": 4, "飞翔": 4, "党": 2, "国家": 17, "中国": 8, "公民": 2, "权利": 2, "保护": 8, "件": 11, "法律": 10, "解决": 6, "担心": 3, "电话": 2, "笑笑": 2, "透露": 3, "本来": 2, "阿根廷": 2, "同一个": 2, "会议": 6, "主持者": 2, "提前": 2, "前往": 2, "不曾": 2, "当地": 5, "2018年": 10, "12月": 6, "1日": 2, "加拿大": 7, "转机": 2, "警方": 2, "扣留": 3, "11日": 2, "法院": 2, "作出": 2, "裁决": 2, "批准": 2, "保释": 2, "申请": 4, "当晚": 2, "走出": 2, "法庭": 2, "发": 1, "朋友圈": 2, "为傲": 4, "祖国": 2, "！": 2, "配图": 2, "芭蕾脚": 2, "广告": 4, "背后": 2, "苦难": 2, "达沃斯": 2, "论坛": 2, "演讲": 2, "别人": 7, "喝": 2, "咖啡": 2, "干": 2, "活": 2, "长处": 2, "起步": 2, "太": 10, "晚": 10, "成长": 2, "年限": 2, "短": 2, "积累": 3, "东西": 4, "吃苦": 2, "穿着": 2, "芭蕾舞鞋": 2, "脚": 4, "很": 3, "烂": 2, "痛": 2, "快乐": 2, "烂脚": 2, "解释": 2, "走向": 3, "世界": 11, "小家庭": 3, "都会": 1, "中心": 2, "农村": 4, "锅": 1, "吃饭": 1, "工作": 7, "原因": 6, "长期": 2, "意外": 2, "惦记": 2, "女儿": 3, "放学": 1, "回国": 1, "住": 6, "第二": 5, "飞走": 1, "看一看": 1, "毕竟": 1, "信心": 2, "苹果": 4, "手机": 7, "胶水": 4, "低温": 4, "照相": 4, "主动": 4, "人员": 6, "找到": 2, "希望": 2, "讲讲": 1, "基础": 17, "教育": 12, "研究": 13, "介绍": 2, "七百多": 2, "数学家": 2, "八百多": 2, "物理学家": 2, "一百二十多": 2, "化学家": 2, "六千多": 2, "专家": 5, "六万多": 2, "工程师": 3, "构建": 4, "研发": 9, "系统": 2, "谈到": 1, "重要性": 2, "举例": 1, "正是": 1, "成果": 4, "差距": 1, "寒冷": 2, "地带": 2, "科学家": 4, "发明": 4, "凝固": 1, "镜头": 1, "粘": 1, "科学": 3, "带来": 1, "突破": 3, "长": 1, "机构": 11, "臃肿": 11, "人浮于事": 8, "44": 2, "岁": 2, "零": 2, "选择": 2, "高科技": 2, "含量": 2, "电信": 4, "时至今日": 2, "领先": 2, "信息": 2, "通信": 3, "设施": 2, "智能": 5, "终端": 2, "提供商": 2, "致力": 2, "数字": 2, "带入": 2, "、": 20, "家庭": 2, "组织": 6, "万物": 2, "互联": 2, "回避": 2, "内部": 8, "坦言": 3, "外部": 2, "心目": 2, "发展": 8, "理想": 2, "状态": 2, "管理": 9, "层级": 6, "改革": 12, "五": 4, "成功": 5, "战斗力": 2, "未来": 8, "精干": 3, "PPT": 2, "无效": 3, "劳动": 3, "回应": 3, "传闻": 1, "拒绝": 2, "先锋": 4, "荣誉": 1, "称号": 1, "开放": 4, "40年": 4, "100": 3, "党中央": 2, "国务院": 2, "表彰": 5, "出乎": 2, "很多": 5, "预料": 2, "秉持": 2, "艰苦奋斗": 2, "精神": 2, "创造": 2, "奇迹": 2, "未": 2, "名单": 3, "婉拒": 1, "面向": 1, "求证": 1, "纪念": 1, "大会": 1, "名": 1, "中央": 1, "深圳": 2, "市委": 2, "市政府": 2, "加上": 2, "真的": 3, "精力": 7, "搞": 4, "放": 3, "参加": 3, "社会": 5, "活动": 2, "就要": 3, "消耗": 2, "开会": 2, "坐": 10, "板凳": 1, "小时": 2, "不住": 2, "溜号": 2, "光彩": 2, "多年": 1, "到底": 1, "出于": 1, "栏目": 2, "董": 3, "倩": 3, "针对": 1, "成立": 2, "并非如此": 1, "(": 4, "营业额": 1, ")": 4, "孟": 7, "舟": 6, "舟发": 1, "这次": 1, "想念": 1, "父母": 1, "期望": 1, "欧": 5, "美国": 9, "家非": 2, "买": 8, "亚洲": 1, "欧洲": 4, "南美洲": 1, "北美洲": 1, "全球": 7, "170": 1, "业务": 2, "签署": 2, "30": 1, "5G": 12, "商用": 1, "合同": 1, "基站": 1, "发货": 1, "2.5万": 1, "迄今为止": 1, "发生": 1, "事故": 1, "网络": 3, "借口": 2, "抵制": 1, "担忧": 1, "全世界": 2, "微波": 1, "傻": 1, "亏": 2, "比赛": 1, "和平": 2, "竞争": 5, "技术": 9, "办法": 2, "领域": 1, "投资": 1, "占到": 3, "60%": 1, "卖给": 3, "计较": 1, "市场": 3, "经济": 2, "占": 4, "45%": 3, "投入": 4, "销售额": 4, "15%": 2, "150亿": 1, "美元": 6, "5": 1, "1000亿": 1, "那种": 1, "产学": 1, "研分工": 1, "模式": 1, "程序": 1, "做完": 1, "培养": 3, "再有": 1, "快速": 1, "赶上": 1, "时代": 4, "抢占": 2, "制高点": 2, "钱": 1, "投": 1, "科研": 2, "人才": 3, "小伙子": 1, "瑞典": 1, "领导": 1, "一批": 2, "半导体": 1, "人类": 1, "做好": 4, "△": 2, "坐板": 1, "凳": 1, "才": 4, "总部": 1, "接待": 1, "大厅": 1, "屏幕": 1, "反复": 1, "播放": 1, "宣传片": 1, "核心": 2, "内容": 1, "基础教育": 6, "产业": 1, "诞生": 1, "振兴": 2, "动力": 1, "二三十年": 1, "翻天覆地": 1, "变化": 2, "来源于": 1, "重视": 3, "国外": 1, "强盛": 1, "小学": 1, "教室": 1, "讲台": 1, "讲到": 1, "廉价": 1, "国防": 2, "武器": 2, "厉害": 1, "提高": 1, "老师": 3, "待遇": 1, "穷": 2, "优秀": 4, "孩子": 2, "学": 2, "师范": 1, "来源": 2, "20日": 1, "节目": 2, "播出": 1, "近期": 3, "负面": 1, "一一": 1, "包括": 2, "欧美": 2, "禁令": 3, "外媒": 2, "此前": 4, "出镜": 1, "次数": 1, "谈": 2, "联合": 1, "英国": 1, "眼": 1, "联盟": 1, "禁止": 2, "参与": 2, "该国": 1, "建设": 2, "设备": 5, "西方": 3, "实际上": 1, "高档": 1, "大规模": 2, "别墅": 1, "群": 1, "每家": 1, "每户": 1, "铺": 1, "光纤": 1, "进去": 1, "成本": 3, "8": 2, "装": 1, "小基站": 1, "区域": 1, "覆盖": 1, "高速": 1, "提供": 2, "德国": 3, "IT": 1, "监管": 1, "尚未": 1, "证据": 1, "利用": 2, "刺探": 1, "情报": 1, "达成": 1, "协议": 1, "波兰": 1, "网路": 1, "法国": 1, "运营商": 2, "Orange": 1, "从未": 1, "发现": 1, "过错": 1, "海外": 2, "中东": 1, "非洲": 1, "2017年": 2, "整体": 1, "集团": 1, "27％": 1, "得益": 1, "支出": 1, "科技": 2, "东西欧": 1, "最终": 1, "对话": 1, "架构": 1, "简化": 1, "减少": 1, "加深": 1, "对手": 3, "喘息": 1, "逼迫": 1, "力气": 2, "传统": 1, "做法": 2, "科研院所": 1, "承担": 1, "过程": 1, "太过": 1, "缓慢": 1, "急速": 1, "产品": 5, "迭代": 1, "推出": 2, "支持": 2, "麒麟": 1, "芯片": 1, "同步": 1, "2016年": 2, "主推": 1, "极化码": 1, "方案": 2, "控制": 1, "信道": 1, "场景": 1, "编码": 1, "第一": 6, "概念": 1, "介入": 1, "标准": 2, "链条": 1, "重压": 1, "之下": 1, "信任": 1, "高频率": 1, "访谈": 1, "部逼": 1, "度过": 2, "时期": 1, "所以说": 1, "处境": 1, "愈": 1, "困境": 3, "形容": 1, "对外": 1, "国际": 4, "面临": 1, "多重": 1, "多国": 1, "审查": 1, "拓展": 1, "遇阻": 2, "女": 1, "CFO": 1, "轩然大波": 1, "对内": 1, "近日": 1, "006": 1, "号": 2, "007": 1, "总裁": 1, "电子": 1, "邮件": 1, "全体": 1, "发声": 1, "过苦": 1, "日子": 2, "作战": 3, "靠拢": 2, "努力": 3, "形式主义": 2, "增值": 2, "消亡": 2, "出海": 1, "结构": 1, "丞待": 1, "调整": 1, "危险": 1, "时刻": 2, "轮值": 1, "董事长": 1, "郭平": 1, "预计": 1, "销售": 3, "收入": 1, "1085亿": 1, "同比": 2, "21%": 1, "18日": 1, "新浪": 1, "公布": 1, "营收": 3, "目标": 1, "1259亿": 1, "Counterpoint": 1, "数据": 1, "2018": 1, "发货量": 1, "将近": 1, "2亿": 1, "台": 1, "33%": 1, "通讯": 1, "拥有": 1, "1481": 1, "项": 1, "专利": 7, "占比": 1, "28.90%": 1, "三星": 2, "高通": 2, "排名": 4, "金融界": 1, "网站": 1, "佩服": 2, "清醒": 2, "这家": 1, "企业": 8, "身上": 2, "意识": 1, "务实": 2, "看待": 1, "难关": 1, "通用": 1, "语言": 1, "所在国": 2, "走过": 1, "狭窄": 1, "瓶颈": 1, "丰硕": 1, "企业家": 1, "金融": 1, "顶梁柱": 1, "1": 1, "极度": 1, "克制": 2, "压力": 1, "常识": 1, "遭遇": 2, "一连串": 1, "理由": 1, "牢骚": 1, "腹": 1, "表现": 1, "极少数": 1, "流露": 1, "舔": 1, "犊情": 1, "煽动": 1, "情绪": 1, "压灭": 1, "怒火": 1, "绝不": 1, "跳": 1, "挖": 1, "坑": 1, "遵守": 2, "法规": 2, "联合国": 1, "欧盟": 1, "出口": 1, "管制": 1, "制裁": 1, "坚定": 1, "知识产权": 2, "吃": 1, "听到": 1, "过度": 1, "知识": 9, "产权": 9, "事事": 1, "掣肘": 1, "上世纪": 1, "70年代": 1, "80年代": 1, "可贵": 2, "创新": 2, "大脑": 1, "被迫": 1, "当成": 1, "物权": 2, "法若": 1, "物权法": 1, "一部分": 1, "侵犯": 3, "环境": 1, "有利于": 2, "原创": 2, "长远发展": 1, "拿来": 1, "卡": 1, "2002年": 3, "经历": 1, "思科": 3, "全方位": 1, "官司": 1, "副总裁": 1, "拜访": 1, "提出": 1, "承认": 1, "侵权": 2, "赔偿": 1, "停止": 2, "争议": 1, "指责": 1, "才能": 1, "小输": 1, "赢": 1, "当年": 1, "役": 1, "走": 1, "国际化": 1, "路": 2, "回": 1, "封闭": 1, "棘手": 1, "一流": 1, "专业": 1, "团队": 1, "调动": 1, "常人": 1, "想像": 1, "资源": 2, "3": 1, "一家": 2, "处于": 2, "风口浪尖": 2, "倒下": 1, "倒毙": 1, "永恒": 1, "哲学": 1, "命题": 1, "条": 2, "霸王": 1, "龙": 1, "有朝一日": 1, "灭": 1, "这不": 1, "肯定": 1, "否定": 2, "人力": 1, "战略": 1, "重心": 2, "规划": 1, "形势": 2, "乐观": 1, "苦": 1, "做出": 1, "正确": 1, "估计": 1, "不错": 1, "博弈": 1, "筹码": 1, "来临": 1, "产业链": 1, "重构": 1, "之际": 1, "实力": 1, "夺冠": 1, "选手": 1, "花": 1, "围追": 1, "堵截": 1, "财富": 2, "500": 1, "榜单": 1, "893亿": 1, "位列": 2, "第72": 1, "480亿": 1, "212": 1, "稀奇": 1, "数量": 6, "2013年": 1, "2015年": 1, "WIPO": 1, "报告": 1, "显示": 1, "韩国": 1, "日本": 1, "佳能": 1, "24006": 1, "夺得": 1, "；": 4, "21836": 1, "第三": 1, "电网": 3, "21635": 1, "14605": 1, "第七": 1, "授权": 1, "总数": 1, "4146": 1, "2690": 1, "3622": 1, "3293亿": 1, "行业": 2, "内": 1, "无不": 1, "尊重": 2, "前瞻": 1, "送": 2, "无非": 1, "碗": 1, "鸡汤": 2, "大错特错": 1, "雷霆": 1, "手段": 1, "入狱": 1, "效率": 1, "全员": 1, "就地": 1, "免职": 1, "不用": 1, "平庸": 1, "可怕": 1, "实事求是": 1, "招": 1, "信奉": 1, "灰度": 1, "决策": 1, "运营": 2, "非黑即白": 1, "吐槽": 2, "感觉": 1, "商战": 1, "真实": 1, "款": 1, "理论": 1, "活路": 1, "合适": 2, "商场": 1, "错": 1, "强大": 1, "正视": 1, "学习": 1, "每次": 1, "巨额": 1, "军事": 1, "作风": 1, "严酷": 1, "方式": 1, "想到": 1, "战争": 1, "年代": 1, "感情": 1, "饱含": 1, "深情": 1, "低": 1, "弯道": 1, "超车": 1, "竞技": 1, "唯有": 1, "踏踏实实": 1, "六十": 1, "百年": 1, "五十": 1, "极难": 1, "五六十年": 1, "作好": 3, "高端": 1, "制造": 1, "转型": 1, "均等化": 1, "培育": 1, "几十万": 1, "细分": 1, "龙头": 1, "环节": 1, "绕": 1}