{"华为": 34, "5G": 3, "代理商": 1, "资格": 1, "国内": 2, "国际": 1, "名气": 1, "都": 7, "一路": 1, "高涨": 1, "寄予": 1, "厚望": 1, "3月": 1, "5日": 1, "消息": 1, "透漏": 1, "五": 2, "银行": 8, "筹集": 1, "笔": 5, "年限": 1, "5": 1, "贷款": 10, "金额": 1, "140亿": 1, "没钱": 1, "之间": 3, "甚嚣尘上": 1, "不禁": 1, "发问": 1, "企业": 2, "很": 4, "缺": 3, "钱": 3, "！": 4, "这笔": 2, "1月份": 1, "中国": 1, "、": 7, "建设": 1, "国家": 1, "开发": 5, "招商": 1, "工商": 1, "肯定": 3, "融资": 2, "目的": 1, "无从": 1, "得知": 1, "无非": 2, "用于": 1, "投资": 1, "扩展": 1, "市场": 3, "研发": 1, "投入": 1, "公司": 2, "都会": 1, "负债": 1, "就算": 1, "营收": 3, "利润": 1, "上市": 1, "资本": 1, "不错": 1, "选择": 1, "方式": 1, "第一": 1, "去年": 2, "9月份": 2, "签署": 1, "15亿": 1, "美元": 5, "合同": 1, "财报": 3, "显示": 2, "2017年": 2, "销售": 1, "收入": 1, "6036.21亿": 1, "元": 5, "同比": 3, "增长": 3, "15.7%": 1, "；": 3, "净利润": 1, "474.55亿": 1, "28.1%": 1, "2018年": 2, "上半年": 2, "3257亿": 1, "人民币": 3, "15%": 1, "全年": 2, "预计": 2, "突破": 1, "1000亿": 2, "2018": 1, "第三": 1, "季度": 1, "数据": 1, "份额": 1, "涨幅": 1, "17年": 1, "27%": 1, "提高": 2, "30%": 1, "营收额": 1, "飙升": 1, "折合": 1, "6036亿": 1, "自有": 2, "操作": 5, "系统": 5, "手机": 5, "芯片": 2, "自给率": 2, "60%": 2, "美国": 2, "逼": 1, "近日": 1, "业务": 2, "负责人": 1, "余承东": 3, "接受": 1, "外媒": 1, "采访": 1, "智能": 3, "电脑": 2, "发生": 1, "Google": 2, "微软": 4, "情况": 2, "做好": 1, "这是": 1, "B": 1, "计划": 1, "喜欢": 1, "生态": 1, "伙伴": 1, "合作": 1, "出自": 1, "摆脱": 1, "谷歌": 2, "减少": 1, "领域": 2, "依赖": 1, "2019年": 1, "全力以赴": 1, "芯片组": 1, "下半年": 2, "采用": 8, "海思": 1, "麒麟": 1, "处理器": 1, "40%": 1, "提升": 4, "45%": 1, "预期": 1, "大幅": 1, "追加": 1, "台积电": 2, "7": 1, "投产量": 1, "届时": 1, "超过": 1, "苹果": 3, "7nm": 1, "客户": 1, "掣肘": 1, "针对": 1, "才": 1, "促使": 1, "推进": 1, "危机": 1, "意识": 1, "自然": 1, "未雨绸缪": 1, "旗舰机": 3, "发布": 8, "时间": 1, "选": 1, "精明": 1, "每次": 1, "三星": 27, "S系列": 2, "2月份": 1, "P系列": 1, "3月份": 1, "Note": 3, "系列": 4, "8": 1, "Mate": 1, "10月份": 1, "发布会": 1, "怼": 1, "Note9": 3, "Mate20": 2, "Pro": 6, "18": 1, "老化率": 2, "5%": 1, "高达": 1, "28%": 1, "S10": 8, "重磅": 1, "P30": 1, "不得而知": 1, "媒体": 2, "曝光": 2, "Note10": 14, "拍照": 3, "狠功夫": 1, "势": 1, "超越": 2, "Mate30": 2, "6.75": 1, "英寸": 1, "顶级": 1, "Super": 1, "AMOLED": 1, "屏幕": 2, "支持": 4, "指纹": 1, "解锁": 1, "超": 1, "感官": 1, "全视曲": 1, "面屏": 1, "曲面屏": 1, "强项": 1, "正面": 1, "设计": 5, "差不多": 2, "穿": 1, "孔屏": 1, "前置": 2, "双摄": 2, "外观": 1, "背面": 3, "区别": 1, "跨界": 1, "延续": 2, "估计": 3, "撞脸": 2, "确实": 1, "四": 2, "摄": 2, "3.5": 1, "耳机": 1, "接口": 1, "商务": 1, "旗舰": 1, "传统": 1, "风格": 1, "配备": 4, "支": 2, "触控": 1, "成功": 1, "人士": 1, "感觉": 1, "与众不同": 1, "含义": 1, "惊讶": 1, "颗": 2, "1亿": 2, "像素": 4, "传感器": 1, "主摄": 1, "后置": 1, "水平": 1, "占据": 1, "DXO": 3, "拍照榜": 1, "前列": 1, "P20": 1, "占领": 1, "榜首": 2, "一个": 1, "措手不及": 1, "相机": 1, "想": 1, "拿下": 1, "4800万": 1, "+": 1, "500万": 1, "配置": 1, "搭载": 2, "骁龙855": 1, "猎户座": 1, "9820": 1, "骁龙": 1, "855": 1, "10GB": 1, "/": 1, "12GB": 1, "运存": 1, "发现": 1, "电池": 2, "容量": 1, "据悉": 1, "一块": 1, "6100": 1, "mAh大": 1, "20W快充": 1, "10W快充": 1, "关心": 1, "价格": 2, "毕竟": 1, "高端机": 1, "信赖": 1, "吸引": 1, "售价": 1, "1500": 1, "2000": 1, "10048": 1, "13398": 1, "值得": 1, "入手": 1}