{"华为": 31, "总裁": 1, "任正非": 12, "披露": 1, "名字": 6, "随意性": 1, "当初": 1, "注册": 2, "公司": 13, "想": 1, "墙上": 1, "中华": 3, "有为": 2, "标语": 1, "响亮": 2, "拿来": 1, "发音": 1, "闭": 1, "口音": 1, "十几": 1, "内部": 3, "争议": 1, "改掉": 1, "改": 1, "教": 1, "外国人": 1, "发": 1, "音": 1, "老念": 1, "‘": 1, "夏威夷": 1, "’": 1, "寓意": 1, "物质": 2, "奖励": 1, "重视": 1, "精神": 3, "力量": 1, "讲话": 1, "激发": 1, "组织": 1, "活力": 1, "讲": 2, "精神文明": 2, "粮食": 1, "、": 14, "增强": 1, "土地": 1, "肥力": 1, "中心": 1, "建设": 1, "团结": 1, "奋斗": 1, "走向": 1, "未来": 1, "胜利": 1, "一个": 2, "心声": 1, "跟帖": 1, "段": 1, "感触": 1, "很": 7, "：": 4, "光是": 1, "激励": 1, "雇佣军": 1, "雇佣": 1, "军": 1, "作战": 2, "有时候": 1, "正规军": 2, "厉害": 1, "使命感": 2, "责任感": 2, "驱使": 2, "能力": 2, "短暂": 1, "长期": 1, "深刻": 2, "员工": 2, "感动": 1, "技术": 6, "有限": 1, "一家": 1, "生产": 2, "销售": 1, "通信": 2, "设备": 3, "民营": 1, "科技": 3, "1987年": 2, "正式": 1, "成立": 1, "总部": 1, "位于": 1, "深圳市": 1, "龙岗区": 1, "坂田": 1, "基地": 1, "18": 1, "岁": 2, "努力": 1, "考上": 1, "大学": 1, "学": 1, "暖通": 1, "专业": 1, "重庆": 1, "建筑": 2, "工程": 2, "学院": 1, "毕业": 1, "单位": 1, "工作": 2, "1982年": 1, "转业": 1, "深圳": 5, "企业": 2, "——": 2, "南油": 2, "集团": 2, "高层": 1, "建议": 1, "投资": 2, "研发": 5, "数字": 1, "程控": 1, "交换机": 1, "300万": 1, "巨资": 1, "失败": 2, "无奈": 1, "之下": 1, "选择": 2, "辞职": 1, "怀揣": 1, "2.1万": 1, "元": 3, "人民币": 1, "朋友": 1, "创办": 1, "最初": 1, "主营": 1, "电信": 4, "代理": 1, "模仿": 1, "产品": 2, "媒体": 1, "描写": 1, "44": 1, "除名": 1, "背负": 1, "200万": 1, "债务": 1, "老婆": 1, "离婚": 1, "带": 2, "老爹": 1, "老娘": 1, "弟弟": 1, "妹妹": 1, "住": 1, "棚屋": 1, "创立": 2, "资本": 1, "人脉": 1, "资源": 1, "市场": 1, "经验": 1, "成功": 1, "逆袭": 1, "27": 1, "带到": 1, "通讯": 1, "行业": 1, "世界": 4, "第一": 1, "位置": 1, "无力": 1, "控制": 1, "半年": 1, "时间": 2, "都": 7, "噩梦": 1, "半夜": 1, "哭醒": 1, "跳楼": 1, "这是": 1, "创业维": 1, "艰期": 1, "决绝": 1, "说出": 1, "半路": 1, "出家": 1, "领域": 3, "聪明": 1, "也许": 1, "人生": 1, "意义": 1, "养猪": 2, "中国": 2, "大王": 1, "猪": 2, "听话": 1, "；": 9, "速度": 1, "太": 1, "快": 1, "实在": 1, "累": 1, "跑": 1, "如今": 1, "著名": 1, "财富": 1, "杂志": 1, "发布": 1, "2019年": 2, "500": 2, "榜单": 1, "这次": 1, "名单": 1, "阿里": 1, "排名": 5, "第182": 1, "联想": 1, "第212": 1, "腾讯": 1, "第237": 1, "三": 2, "我国": 1, "知名": 1, "震撼": 1, "再次": 1, "挺进": 1, "100": 1, "第61": 1, "2010年": 1, "首次": 1, "入选": 1, "397": 1, "名": 8, "接下来": 1, "300多": 1, "200多": 1, "100多": 1, "83": 1, "72": 1, "61": 1, "7月": 1, "30日": 1, "上半年": 3, "业绩": 2, "发布会": 1, "公布": 1, "项": 1, "数据": 1, "半年报": 2, "显示": 2, "营收": 1, "4013亿": 1, "同比": 2, "增长": 3, "23.2%": 1, "净": 1, "利润率": 1, "8.7%": 1, "2018年": 2, "相比": 1, "略": 1, "智能": 1, "手机": 23, "发货量": 2, "含": 1, "荣耀": 1, "1.18亿": 1, "台": 1, "24%": 1, "平板": 1, "PC": 1, "可穿戴": 1, "值得": 3, "计划": 1, "投入": 1, "1200亿": 1, "费用": 1, "1015亿": 1, "如同": 1, "由来": 1, "心系": 1, "18万": 1, "业务": 1, "遍及": 1, "全球": 4, "170": 1, "国家": 1, "地区": 1, "服务": 1, "全世界": 1, "1/3": 1, "人口": 1, "客户": 1, "开放": 1, "云计算": 1, "快捷": 1, "敏锐": 1, "网络": 1, "助力": 1, "高效": 1, "运营": 1, "自主": 1, "品牌": 2, "扎根": 1, "闪亮": 1, "名片": 1, "无线": 20, "充电": 22, "快速": 1, "普及": 1, "主流": 1, "旗舰": 5, "蓝牙": 2, "耳机": 6, "采用": 1, "关注": 1, "反向": 11, "崭露头角": 1, "三星": 4, "S10": 1, "系列": 1, "Mate": 2, "Pro": 5, "P30": 2, "近日": 1, "外媒": 3, "XDA": 1, "报道": 2, "近期": 1, "开发": 2, "人员": 1, "发现": 1, "MIUI": 1, "小米": 3, "基于": 1, "Android": 2, "系统": 3, "操作": 1, "测试版": 1, "固件": 1, "字符串": 1, "动作": 1, "预示": 1, "新一代": 1, "机型": 1, "透露": 1, "功能": 16, "90": 1, "秒": 1, "内": 1, "未": 1, "自动": 1, "关闭": 2, "减少": 1, "电量": 2, "消耗": 1, "搭载": 1, "这项": 1, "外界": 1, "下半年": 1, "亮相": 1, "MIX": 1, "4。无独有偶": 1, "早": 1, "5月": 1, "详细": 1, "苹果": 4, "iPhone": 7, "11": 2, "配置": 1, "依然": 1, "保留": 1, "刘海屏": 1, "后置": 1, "摄": 1, "浴霸": 1, "摄像头": 1, "性能": 1, "强悍": 1, "A13": 1, "处理器": 1, "有望": 1, "倒是": 1, "理解": 1, "毕竟": 1, "AirPods": 3, "支持": 5, "配上": 1, "正好": 1, "用来": 3, "黑科技": 1, "充电器": 1, "移植": 1, "用户": 3, "设置": 1, "打开": 1, "推出": 2, "FreeBuds": 1, "Galaxy": 1, "Buds": 1, "变得": 1, "顺理成章": 1, "出门": 1, "在外": 1, "充电盒": 1, "忘": 1, "随身": 1, "充电宝": 1, "应急": 2, "方案": 3, "回避": 1, "电池": 13, "容量": 10, "很多": 1, "续航": 4, "运行": 1, "程序": 1, "协调": 1, "优化": 1, "息息相关": 1, "解释": 1, "自圆其说": 1, "难": 1, "消费者": 1, "信服": 1, "XS": 2, "Max": 2, "3174": 2, "mAh": 5, "4200": 2, "S10+": 1, "4100": 1, "相比之下": 1, "差距": 1, "显而易见": 1, "本身": 2, "保证": 1, "实用性": 1, "打折扣": 1, "航本": 1, "捉襟见肘": 1, "新机": 1, "只能": 2, "寄": 2, "希望": 2, "各家": 1, "厂商": 1, "拿出": 2, "解决": 2, "简单": 1, "体验": 3, "过程": 1, "的确": 1, "派": 1, "用场": 1, "越来越": 1, "确实": 1, "带来": 1, "便捷": 1, "前提": 1, "够长": 1, "安卓": 1, "快感": 1, "(": 1, "7234632": 1, ")": 1}