{"观察者": 1, "网迅": 1, "文": 1, "/": 1, "陈兴华": 1, "近期": 2, "华为": 45, "上海": 4, "青浦": 11, "研发": 11, "基地": 11, "顺利": 1, "土地": 1, "摘牌": 2, "标志": 1, "项目": 3, "开工": 2, "建设": 4, "高速": 1, "发展": 6, "阶段": 1, "绿色": 1, "报道": 3, "此次": 3, "位于": 2, "上海市": 1, "青浦区": 1, "科创": 3, "走廊": 1, "主轴": 1, "用地": 2, "面积": 4, "100": 2, "公顷": 2, "投资": 1, "100亿": 2, "元": 2, "打造": 5, "成全": 1, "中国": 1, "全世界": 1, "内": 1, "领先": 5, "地位": 1, "中心": 4, "预计": 1, "3-5年": 1, "时间": 2, "期": 1, "占地": 2, "94.7万": 1, "㎡": 1, "容纳": 1, "办公": 3, "人数": 1, "1.5万": 1, "占": 1, "全球": 7, "员工": 1, "8.3％": 1, "称": 1, "指引": 1, "海思": 1, "半导体": 1, "设计": 3, "总部": 8, "、": 32, "物联网": 1, "无线网": 1, "搬入": 1, "淀山湖": 2, "布局": 2, "终端": 3, "手机": 36, "重点": 2, "园区": 3, "概念": 1, "规划": 2, "鸟瞰图": 1, "据悉": 1, "采用": 1, "国际": 1, "全国": 1, "罕见": 1, "9": 1, "园": 1, "3": 2, "岛": 1, "组团": 1, "服务": 1, "住房": 1, "交通": 3, "多功能": 1, "混合型": 1, "社区": 1, "比肩": 1, "苹果": 2, "谷歌": 1, "脸": 1, "书": 1, "亚马逊": 1, "国家": 3, "顶尖": 1, "企业": 2, "等于": 1, "100万": 1, "平方米": 4, "Facebook": 1, "加利福尼亚州": 1, "23万": 1, "Apple": 1, "Park": 1, "26万": 1, "三星": 1, "加州": 1, "建筑": 1, "10.2万": 1, "当年": 1, "深圳": 2, "龙岗": 1, "移师": 1, "松山湖": 3, "全新": 1, "高科技": 1, "产业": 4, "落户": 2, "投资额": 1, "都": 4, "区域": 3, "资源": 3, "VS淀": 1, "山湖": 1, "2018年": 1, "迁入": 1, "东莞": 2, "员工们": 1, "一个": 2, "复刻": 1, "版": 1, "欧洲小镇": 1, "房地产": 1, "升值": 1, "就业": 1, "岗位": 1, "增加": 1, "税收": 1, "增长": 1, "上下游": 1, "带来": 4, "诸多": 1, "利好": 1, "极大": 1, "提升": 1, "地区": 2, "经济": 2, "品质": 1, "长三角": 3, "一体化": 3, "必将": 2, "作用": 2, "工作": 2, "推进": 1, "图示": 1, "此前": 1, "吴江": 1, "嘉善": 1, "2019年": 1, "方案": 2, "指出": 1, "三": 1, "推动": 1, "人才": 1, "公寓": 1, "年内": 1, "亨通": 1, "光电": 1, "京东方": 1, "核心": 1, "供应": 1, "万亿级": 1, "信息": 1, "集群": 1, "北京": 1, "苏州": 1, "杭州": 1, "南京": 1, "西安": 1, "重庆": 1, "成都": 1, "设置": 2, "研究所": 1, "建立": 1, "战略": 1, "权衡": 1, "转移": 1, "深度": 1, "参与": 1, "影响力": 2, "科技": 9, "创新": 3, "融入": 1, "质量": 1, "一年一度": 1, "盛会": 1, "MWC2019": 2, "世界": 1, "通讯": 2, "大会": 1, "圆满": 1, "落幕": 1, "会上": 1, "可谓": 1, "大放异彩": 1, "厂商": 2, "发布": 4, "折叠屏": 1, "Mate": 18, "X": 5, "当之无愧": 1, "焦点": 1, "独特": 1, "鹰翼式": 1, "折叠": 1, "5G": 2, "通信": 1, "能力": 3, "强大": 2, "续航": 5, "前所未有": 2, "人机": 1, "交互": 2, "体验": 3, "堪称": 1, "亮相": 1, "吸引": 1, "媒体": 4, "业界": 1, "人士": 1, "关注": 2, "荣获": 1, "主办方": 1, "GSMA": 1, "授予": 1, "「": 1, "最佳": 4, "联接": 1, "」": 1, "奖": 1, "在此之前": 1, "Pro": 3, "斩获": 2, "设备": 3, "类别": 1, "智能": 4, "行业": 2, "拥有": 1, "划时代": 1, "意义": 1, "归入": 1, "系列": 11, "历来": 1, "展现": 1, "极致": 4, "标志性": 1, "旗舰": 1, "产品": 3, "上一代": 1, "沿袭": 1, "基因": 1, "AI": 1, "再次": 1, "拓宽": 1, "智慧": 2, "时代": 2, "边界": 1, "事实上": 1, "获奖": 1, "无数": 1, "早": 1, "android": 1, "authority": 1, "评选": 1, "活动": 1, "2018": 1, "快": 1, "充电": 1, "速度": 1, "拍照": 3, "项": 1, "权威": 2, "奖项": 1, "IT": 1, "杂志": 1, "德国": 1, "CHIP": 1, "给予": 1, "评分": 2, "高达": 1, "94.1%": 1, "屏幕": 1, "显示": 1, "效果": 1, "满分": 1, "操作": 2, "系统": 1, "连接": 2, "电池": 1, "相机": 1, "成像": 1, "均": 1, "超过": 1, "90%": 1, "严苛": 1, "法国": 1, "TOP1": 1, "Les": 1, "Numeriques": 1, "给出": 1, "五星": 1, "好评": 1, "贴上": 1, "至臻": 1, "赞誉": 1, "！": 7, "年销量": 1, "突破": 1, "2亿": 1, "台": 1, "双十一": 1, "当天": 1, "粉丝": 1, "数量": 1, "一举": 1, "1000w": 1, "一经": 1, "开售": 1, "一抢而空": 1, "类似": 1, "新闻": 1, "应接不暇": 1, "持续": 2, "位居": 1, "第一": 2, "短短": 1, "销量": 2, "刷新": 1, "纪录": 1, "冠军": 1, "誉为": 1, "18年": 1, "年度": 1, "机皇": 1, "高度": 2, "影像": 1, "广度": 1, "长度": 1, "鲜明": 1, "身份": 2, "标签": 1, "过关斩将": 1, "早已": 1, "跃居": 1, "第二": 1, "旗下": 1, "业务": 1, "遍布": 1, "为止": 1, "扩张": 1, "海外": 1, "市场": 1, "证明": 1, "国外": 1, "用户": 4, "认可": 1, "东方": 1, "超级": 1, "品牌": 1, "国内": 2, "喜爱": 1, "硬件": 1, "性能": 1, "多元化": 1, "功能": 19, "肯定": 2, "好用": 1, "关键": 1, "要素": 1, "：": 1, "名": 1, "正是": 1, "技术": 2, "出色": 1, "综合": 1, "实力": 1, "痛点": 1, "超越": 1, "预期": 1, "颠覆": 1, "传统": 1, "形态": 1, "标杆": 1, "引领": 1, "探索": 1, "平时": 1, "搭": 1, "公交": 1, "忘记": 1, "带": 2, "零钱": 1, "扫": 1, "二维码": 1, "支付": 2, "很": 2, "文件": 6, "传输": 1, "科普": 1, "隐藏": 1, "神奇": 1, "——": 1, "NFC": 15, "没错": 1, "全称": 1, "Near": 1, "Field": 1, "Communication": 1, "指": 1, "近距离": 1, "轻松": 1, "快速": 2, "便捷": 1, "互传": 1, "识别": 1, "打卡": 1, "节省": 1, "打开": 4, "1.": 2, "找到": 3, "开启": 4, "即可": 3, ".": 3, "想": 1, "下滑": 1, "菜单": 1, "栏": 1, "点击": 1, "卡NFC": 1, "交通卡": 3, "钱包": 2, "选择": 2, "所在地": 1, "充值": 1, "卡通": 1, "搭乘": 1, "公共": 1, "靠近": 2, "刷卡机": 1, "刷": 1, "密码": 1, "超": 1, "银行卡": 4, "添加": 1, "身上": 1, "背面": 2, "POS机": 1, "刷卡": 1, "传": 1, "感觉": 1, "强强联合": 1, "~": 1, "一点": 1, "视频": 1, "图片": 1, "传给": 1, "对方": 1, "共享": 1, "轻轻": 1, "接触": 1, "秒传": 1, "介绍": 1, "感": 1, "兴趣": 1, "收藏": 1, "波": 1, "有趣": 2, "好玩": 1, "一一": 1, "发现": 1, "推送": 1, "新鲜": 1, "技巧": 1}