{"华为": 64, "Mate": 15, "系列": 16, "手机": 39, "高端": 3, "机型": 1, "技术": 10, "实力": 2, "展现": 1, "上个月": 1, "月底": 1, "正式": 2, "发布": 5, "30": 14, "前夕": 1, "谷歌": 7, "封杀": 3, "GMS": 13, "服务": 13, "事情": 2, "官方": 2, "确认": 1, "支": 1, "支持": 3, "一下子": 1, "众多": 1, "关注": 1, "热点": 1, "影响": 2, "未来": 2, "海外": 2, "市场": 6, "发展": 2, "媒体": 1, "亲自": 2, "测试": 3, "发现": 2, "自带": 2, "安装": 5, "助手": 2, "轻松": 1, "也就是说": 1, "死手": 1, "高兴太": 1, "再次": 3, "掉": 1, "网友": 2, "列入": 2, "黑名单": 2, "原先": 1, "协助": 1, "消息": 1, "网上": 1, "传播": 1, "热议": 1, "总裁": 3, "余承东": 2, "对此": 1, "回应": 1, "用户": 6, "大可": 1, "放心": 2, "办法": 3, "很": 9, "难": 5, "唯一": 1, "开放": 2, "超级": 3, "权限": 2, "方式": 1, "算是": 1, "一个": 4, "大会": 1, "喜欢": 3, "安卓": 3, "带来": 2, "潜在": 1, "安全性": 1, "隐私": 1, "难以": 2, "保障": 1, "走到": 1, "笔者": 1, "想好": 1, "路": 1, "早": 1, "荣耀": 13, "赵明": 1, "透露": 1, "鸿蒙": 9, "系统": 11, "快": 2, "P40": 1, "过渡": 1, "方案": 2, "坚定": 1, "态度": 1, "Mate30": 1, "动用": 1, "短": 1, "时间": 2, "动摇": 1, "地位": 1, "毕竟": 2, "软件": 3, "生态": 2, "都": 11, "未知数": 1, "搭载": 3, "日常": 1, "操作": 1, "这一切": 1, "定论": 1, "遭遇": 1, "困难": 1, "顺利": 1, "明年": 1, "登顶": 1, "全球": 2, "第一": 5, "厂商": 2, "不得不": 2, "延后": 1, "目标": 2, "封禁": 1, "势必": 1, "请问": 1, "之上": 1, "体验": 1, "说到": 2, "很多": 3, "想到": 1, "无论是": 1, "质量": 1, "性能": 3, "信任": 1, "研发": 1, "投入": 2, "不少": 5, "核心": 2, "实用": 2, "黑科技": 4, "近年来": 1, "不仅仅": 1, "夺下": 1, "国内": 7, "销量": 2, "冠军": 1, "世界": 2, "傲人": 1, "成绩": 1, "拥有": 2, "国际": 1, "粉丝": 2, "重头戏": 1, "尾声": 1, "苹果": 5, "推出": 4, "旗舰": 4, "盘点": 1, "产品": 2, "HUAWEI": 3, "出场": 1, "最新": 1, "引人注意": 1, "地方": 1, "后置": 1, "摄像头": 2, "模块": 1, "成型": 1, "审美": 1, "比方形": 1, "排列": 1, "好看": 1, "拍照": 8, "专业": 2, "样子": 1, "徕卡": 2, "镜头": 1, "30Pro": 1, "采用": 1, "四": 2, "摄": 2, "屏幕": 2, "曲面": 2, "科技感": 1, "更上一层楼": 1, "处理器": 4, "首发": 1, "麒麟990": 2, "省电": 1, "快充": 2, "刘海": 1, "依然": 1, "去掉": 1, "屏下": 1, "一时半会": 1, "款": 5, "主打": 2, "商务": 1, "大气": 1, "P30": 3, "P系列": 1, "朋友": 1, "外观": 4, "P30Pro": 1, "屏加": 1, "水滴屏": 1, "流行": 1, "组合": 1, "设计": 1, "光学": 5, "防抖": 3, "5": 1, "倍": 5, "变焦": 5, "10": 2, "混合": 1, "50": 1, "数字": 2, "数据": 2, "水平": 1, "只能": 1, "错": 1, "麒麟980": 1, "赋予": 1, "强悍": 1, "980": 2, "吃": 1, "鸡": 1, "王者": 1, "游戏": 3, "分分钟": 1, "拿下": 1, "毫不费力": 1, "年轻化": 1, "看上去": 1, "青春": 2, "活力": 1, "小清新": 1, "枚": 1, "PRO": 5, "忘": 1, "揉腰": 1, "性价比": 2, "著称": 2, "这次": 1, "失望": 1, "玩": 2, "选择": 2, "麒麟": 3, "运行": 1, "续航": 2, "能力": 2, "希望": 2, "误": 1, "出色": 1, "东西": 1, "3": 1, "上都": 1, "钻孔": 1, "屏": 2, "屏占": 1, "靓丽": 1, "简单": 1, "介绍": 1, "智能": 2, "竞争": 2, "激烈": 1, "品牌": 2, "加快": 1, "突破": 1, "、": 8, "相机": 1, "大比拼": 1, "信号": 7, "下足": 1, "重本": 1, "消费者": 1, "提供": 1, "佳": 1, "以此": 1, "提升": 2, "口碑": 1, "讨好": 1, "冲击": 2, "目的": 1, "才能": 1, "算": 1, "合格": 1, "科普": 1, "：": 3, "测量": 1, "强弱": 1, "要素": 1, "分贝": 1, "毫瓦dBm": 1, "数值": 1, "接近": 1, "大部分": 1, "设备": 1, "情况": 1, "小于": 2, "50dBm": 1, "中国": 4, "城市": 1, "低于": 1, "90dBm": 1, "农村": 1, "地区": 1, "94dBm": 1, "打通": 1, "电话": 1, "下载": 1, "自查": 1, "知名": 1, "鲁": 1, "大师": 1, "2019年": 1, "排名": 1, "无缘": 1, "跌出": 1, "五": 1, "名": 2, "意外": 1, "！": 3, "小米": 25, "9": 3, "均值": 1, "69dBm": 1, "表现": 1, "排": 1, "第二": 1, "中兴": 1, "AXON": 1, "Pro": 1, "红米": 2, "note7": 1, "OPPO": 1, "Reno": 1, "均": 2, "上榜": 1, "5G": 4, "高端机": 1, "在列": 1, "畅享": 1, "9e勉强": 1, "撑门面": 1, "iPhone": 1, "全军": 1, "覆没": 1, "一点": 2, "感到": 1, "惊讶": 1, "增加": 1, "资金": 1, "创新": 1, "积累": 1, "确实": 3, "天线": 1, "切换": 1, "HPUE": 1, "4x4": 1, "MIMO": 1, "称": 1, "极端": 1, "模式": 2, "实测": 1, "传速率": 1, "传统": 1, "50%": 1, "夺冠": 1, "大惊小怪": 1, "近期": 1, "MIX": 1, "Alpha": 1, "概念": 1, "大秀": 1, "肌肉": 1, "告诉": 1, "同行": 2, "虚传": 1, "大招": 1, "5G版": 1, "9Pro": 1, "亮点": 1, "颇": 1, "骁龙": 1, "855plus": 1, "外挂": 1, "基带": 2, "三": 2, "4000": 1, "毫安": 1, "电池": 1, "保驾护航": 1, "3699": 1, "元": 1, "价格": 1, "供不应求": 1, "雷军": 3, "吐槽": 1, "耍猴": 1, "没关系": 1, "加班": 1, "拧": 1, "螺丝": 1, "保证": 1, "米粉们": 1, "新机": 1, "言归正传": 1, "身份": 1, "肯定": 1, "请": 1, "组装厂": 1, "太": 1, "尴尬": 1, "代表性": 2, "公司": 2, "行业": 1, "繁荣": 1, "之间": 1, "愈演愈烈": 1, "终究": 1, "发布会": 1, "上怒": 1, "撕华": 1, "飙出": 1, "生死": 1, "看淡": 1, "不服": 1, "干": 1, "经典": 1, "名言": 1, "创办": 1, "铁杆": 1, "友商": 1, "急": 1, "弄急": 1, "互掐": 1, "新鲜事": 1, "二者": 1, "差点": 1, "水火不容": 1, "地步": 1, "花粉": 1, "米粉": 1, "顺眼": 1, "服气": 1, "调解": 1, "有人": 1, "相互": 1, "明明": 1, "定位": 1, "统统": 1, "海军": 1, "造假": 1, "廉价": 1, "组装": 1, "成长": 1, "格局": 1, "调侃": 1, "眼里": 1, "三星": 2, "超越": 1, "首要": 1, "大哥华": 1, "看齐": 1, "难受": 1, "中端": 1, "千元机": 1, "拦路": 1, "如今": 1, "realme": 1, "颇为": 2, "强势": 1, "难怪": 1, "风光": 1, "光芒": 1, "抢": 1, "上当": 1, "眼光": 1, "长远": 1, "布局": 1, "宽广": 1, "巨头": 1, "服": 1, "终于": 1, "国产": 1, "抬起": 1, "头": 1, "通信": 1, "领域": 1, "整合": 1, "990": 1, "芯片": 1, "运营": 1, "成功": 2, "不说": 1, "早期": 1, "饥饿": 1, "营销": 1, "落实": 1, "铁人": 1, "项": 1, "互联网+": 1, "硬件": 2, "+": 1, "零售": 1, "米家": 1, "壮大": 1, "领先": 1, "年轻": 1, "五百": 1, "企业": 1, "真的": 1, "套": 1, "创立": 1, "至今": 1, "九": 1, "几十": 1, "科技": 1, "典范": 1, "值得": 1, "学习": 1}