{"参考": 1, "消息网": 1, "3月": 3, "18日": 2, "报道": 13, "未来": 7, "5G": 32, "智能": 24, "手机": 107, "、": 29, "自动": 1, "驾驶": 1, "汽车": 1, "领域": 8, "亚洲": 4, "芯片": 15, "制造商": 4, "摩拳擦掌": 1, "挑战": 1, "高通": 6, "龙头": 2, "地位": 3, "华为": 89, "联发科": 4, "争抢": 1, "市场": 41, "份额": 12, "三星": 11, "英特尔": 4, "苹果": 11, "奋起直追": 1, "竞争": 5, "异常": 1, "激烈": 3, "台湾": 1, "钜亨网": 1, "12日": 1, "援引": 1, "日经": 1, "无疑": 1, "小米": 6, "LG": 1, "中兴": 1, "通讯": 2, "纷纷": 1, "推出": 12, "唯一": 1, "供应商": 5, "公司": 14, "供货": 1, "业内": 1, "消息": 9, "人士": 2, "分析师": 5, "设备": 21, "参与": 2, "竞争者": 2, "增加": 1, "称": 12, "预计": 9, "明年": 1, "数量": 2, "急剧": 1, "增长": 7, "迎来": 1, "发展": 9, "契机": 1, "伯恩斯坦": 2, "研究": 4, "数据": 7, "包括": 1, "电话": 1, "路由器": 1, "热点": 1, "在内": 1, "2019年": 3, "500万": 1, "台": 6, "暴增": 1, "2020年": 4, "5000万": 1, "都": 10, "12": 1, "内": 6, "领先": 3, "自然": 1, "瞩目": 1, "消费者": 2, "业务": 2, "CEO": 2, "余承东": 8, "2019": 1, "世界": 4, "通信": 7, "大会": 2, "指出": 3, "模": 1, "终端": 3, "——": 1, "巴龙": 1, "5000": 1, "倍": 2, "对手": 2, "高通X50": 1, "速度": 2, "下载": 1, "展示": 1, "层面": 2, "制造": 2, "快": 3, "基带": 6, "半导体": 2, "马克·李": 1, "部门": 2, "海思": 3, "科技": 1, "营收": 1, "最多": 1, "设计": 2, "飞快": 1, "带起": 1, "预估": 1, "收入": 2, "2014年": 1, "2018年": 10, "很": 19, "势头": 3, "情报": 2, "咨询": 1, "研究所": 1, "埃迪·韩": 1, "全球": 7, "电信": 1, "优势": 2, "在于": 2, "基站": 2, "测试": 2, "节省": 1, "时间": 3, "整合": 1, "产品": 7, "：": 8, "想": 6, "落后": 1, "今年底": 1, "先进": 1, "调配": 1, "20%": 1, "人力": 2, "相关": 4, "技术": 14, "工作": 1, "总经理": 1, "陈冠州": 1, "计划": 2, "年底": 1, "有望": 2, "大规模": 1, "部署": 2, "值得": 3, "关注": 2, "强大": 1, "自行": 1, "研发": 8, "受益于": 1, "之间": 1, "法律": 3, "纠纷": 1, "iPhone": 1, "提供": 2, "期间": 2, "XMM": 1, "8160": 1, "摆脱": 2, "对外部": 1, "依赖": 1, "传": 1, "秘密": 3, "面对": 1, "依然": 2, "稳固": 1, "资深": 1, "副总裁": 1, "杜尔加": 1, "新一代": 1, "无线": 2, "本来": 1, "带来": 3, "4G": 2, "初期": 1, "担心": 2, "在意": 1, "持续": 1, "创新": 2, "加快": 1, "脚步": 1, "折叠": 3, "惊艳": 1, "亮相": 1, "武器": 1, "浮出": 1, "水面": 1, "打造": 1, "操作": 14, "系统": 54, "PC": 2, "支持": 2, "近日": 3, "香港": 1, "南华": 1, "早报": 1, "德国": 19, "媒体": 6, "世界报": 1, "发表": 1, "篇": 2, "专访": 1, "文章": 2, "文": 2, "透露": 2, "开发": 2, "自有": 1, "覆盖": 1, "采访稿": 1, "确实": 1, "套": 2, "自研": 12, "Plan": 1, "B": 1, "预防": 1, "Android": 6, "Windows": 4, "谷歌": 7, "微软": 3, "生态": 4, "合作": 3, "36氪": 1, "公关": 1, "回应": 1, "评论": 1, "一点": 3, "短短的": 1, "信息": 2, "印证": 1, "此前": 3, "外界": 1, "猜想": 1, "隔": 1, "段": 1, "传出": 2, "2012年": 2, "名为": 1, "任正非": 1, "2012": 1, "实验室": 1, "讲话": 1, "全文": 1, "曝光": 1, "牵制": 2, "无风不起浪": 1, "如今": 1, "再有": 1, "风声": 1, "做好": 1, "充足": 1, "变动": 1, "情况": 6, "独善其身": 1, "有人": 3, "当下": 2, "iOS": 3, "Windows三": 1, "天下": 2, "背景": 2, "之下": 3, "搞": 1, "一个": 9, "胜算": 1, "君子": 1, "思患": 1, "豫防": 1, "防患于未然": 1, "意识": 1, "企业": 3, "亦": 1, "上文": 1, "提及": 2, "目的": 1, "抢": 1, "备用": 1, "不得不": 1, "佩服": 1, "深谋远虑": 1, "电脑": 1, "人类": 1, "空气": 1, "水": 1, "内核": 2, "基石": 1, "项": 2, "IOS": 1, "安卓": 11, "主流": 1, "占据": 5, "85%": 1, "意味着": 1, "供": 2, "厂商们": 1, "选择": 5, "厂商": 5, "难": 7, "第二": 1, "条": 1, "道路": 1, "走": 1, "开放": 1, "又或者": 1, "取消": 1, "免费": 1, "机制": 1, "众多": 1, "致命性": 1, "打击": 2, "去年": 1, "10月份": 1, "欧洲": 2, "收取": 1, "授权费": 3, "开启": 4, "付费": 1, "时代": 3, "牵动": 1, "敏感": 2, "神经": 1, "回归": 1, "本身": 1, "全年": 1, "出货量": 10, "突破": 1, "2亿": 1, "距离": 1, "缩小": 1, "牵一发而动全身": 1, "那天": 1, "中国": 9, "收起": 1, "冲击": 1, "2017年": 1, "1.531亿": 1, "测算": 1, "缴纳": 1, "61.24亿": 1, "美元": 1, "快速": 3, "处于": 1, "位置": 1, "成长": 1, "美国": 6, "忌惮": 1, "霸主": 1, "动摇": 1, "使出": 1, "阴招": 1, "起到": 1, "未雨绸缪": 1, "作用": 1, "放眼": 1, "不止": 1, "一家": 1, "巨头们": 2, "觉悟": 1, "研": 1, "打算": 2, "Tizen": 1, "应用于": 1, "中低端": 1, "机型": 1, "尝试": 2, "搬到": 1, "诺基亚": 5, "非凡": 1, "系列": 2, "均": 2, "采用": 3, "Phone": 1, "黑莓": 1, "Mozilla": 1, "国内": 3, "阿里巴巴": 3, "2011年": 1, "YunOS": 1, "融合": 1, "云数据": 1, "存储": 1, "云计算": 1, "服务": 6, "成果": 1, "用于": 2, "多种": 1, "来势汹汹": 1, "撬动": 1, "iOS二": 1, "局面": 1, "Gartner": 1, "99.9%": 1, "也就是说": 1, "第三": 2, "生存": 2, "空间": 7, "1%": 1, "挑战者": 1, "分食": 1, "只能": 1, "手中": 1, "抢夺": 1, "二者": 1, "多年": 1, "沉淀": 1, "注定": 1, "入局者": 2, "老大哥们": 1, "差距": 1, "背靠": 1, "资金": 1, "物力": 1, "财力": 1, "支撑": 1, "完善": 1, "OS": 1, "商业化": 2, "依旧": 1, "成熟": 2, "用户": 1, "转移": 2, "对象": 1, "大众": 1, "接受": 3, "兼容": 1, "App": 1, "因素": 1, "正比": 1, "简单": 1, "新生": 1, "具备": 1, "竞争力": 1, "正是": 1, "才": 2, "采访": 3, "现实": 1, "世事": 1, "难料": 1, "变化": 2, "起码": 1, "拥有": 6, "终归": 1, "受制于人": 1, "毕竟": 5, "东西": 3, "别人": 7, "手里": 1, "要好": 1, "作者": 1, "木易": 1, "观察者": 1, "网讯": 1, "/": 3, "陈兴华": 1, "国际": 2, "IDC": 6, "日前": 1, "发布": 2, "非洲": 20, "报告": 2, "显示": 2, "深圳": 1, "传音": 8, "一半": 1, "居于": 1, "整体": 6, "榜首": 1, "位列": 1, "榜单": 1, "同比": 4, "增长率": 1, "47.9%": 2, "公布": 1, "调研": 1, "2.153亿": 1, "略微": 1, "下降": 2, "1.9％": 1, "功能": 4, "1.271亿": 1, "占": 3, "59.0％": 1, "8820万": 1, "41.0％": 1, "大陆": 2, "三大": 1, "尼日利亚": 1, "南非": 2, "埃及": 1, "强劲": 1, "表现": 1, "推动": 2, "2.3%": 1, "门店": 1, "品牌": 11, "(": 4, "Tecno": 1, "Infinix": 1, "Itel": 1, ")": 5, "58.7%": 1, "引领": 1, "功能机": 3, "紧随": 1, "其后": 1, "9.6%": 1, "34.3%": 1, "22.6%": 1, "9.9%": 1, "销售额": 1, "36.9%": 1, "20.2%": 1, "12.4%": 1, "总体": 1, "专注于": 1, "48.7%": 1, "本土": 3, "地区": 3, "合计": 1, "14.3%": 1, "大致": 1, "高级": 3, "塔赫": 2, "阿卜杜勒": 2, "哈米德": 2, "Taher": 1, "Abdel-Hameed": 1, "波": 1, "兴起": 3, "阿尔及利亚": 1, "国": 2, "进口": 5, "实施": 1, "利用": 1, "头部": 1, "淡出": 1, "入门级": 1, "机遇": 1, "Mobicel": 1, "Stylo": 1, "变数": 1, "提到": 1, "成功": 3, "子品牌": 1, "惊人": 1, "得益": 1, "新兴": 1, "雄心勃勃": 1, "扩张": 1, "平价": 1, "早年": 1, "卢旺达": 1, "街头": 1, "广告": 1, "下滑": 1, "0.8%": 1, "2.136亿": 1, "5.4%": 1, "这是": 1, "价格": 8, "低廉": 3, "有助于": 1, "进展": 1, "增强": 1, "5.1%": 1, "实验": 1, "国家": 3, "到来": 1, "短期": 1, "动力": 1, "经理": 1, "拉马赞亚": 1, "乌兹(Ramazan": 1, "Yavuz": 1, "加速": 1, "跨越": 1, "可能性": 1, "2016年": 1, "4g": 2, "35%": 1, "超过": 2, "72%": 1, "此后": 1, "普及": 1, "最初": 1, "越来越": 1, "便宜": 2, "无独有偶": 2, "澳大利亚": 8, "证实": 3, "西": 4, "澳大利亚州": 4, "政府": 14, "铁路": 18, "合同": 7, "借助": 2, "数字化": 2, "！": 4, "图片报": 1, "17日": 3, "该国": 2, "19日": 1, "拍卖": 1, "频谱": 1, "许可证": 1, "关键": 2, "时刻": 1, "爆出": 1, "订单": 1, "通信业": 1, "专家": 2, "项立": 3, "刚": 5, "环球": 3, "时报": 3, "例子": 1, "证明": 1, "做出": 2, "政治": 1, "声音": 1, "影响": 4, "决定性": 1, "资料": 2, "高速": 1, "列车": 2, "商报": 1, "最先": 1, "国有": 2, "股份": 1, "高度": 1, "信号": 3, "网络": 10, "级别": 1, "一级": 1, "调控": 1, "境内": 1, "通往": 1, "境外": 1, "交通": 4, "委托": 2, "法国": 1, "源讯": 1, "重建": 1, "工程": 2, "造价": 1, "5亿": 1, "欧元": 3, "发言人": 2, "2015年": 1, "签署": 1, "遵守": 1, "联邦": 5, "情报局": 3, "警告": 2, "机构": 2, "声称": 1, "战略": 1, "评估": 1, "参加": 1, "建设": 2, "面临": 1, "风险": 3, "明镜": 1, "周刊": 1, "塞伯特": 2, "15日": 1, "柏林": 1, "并未": 1, "改变": 1, "原有": 1, "立场": 1, "原则": 1, "议院": 1, "上报": 1, "态度": 1, "希望": 2, "排除": 1, "外国": 1, "滥用": 1, "间谍": 2, "活动": 2, "破坏": 1, "制定": 1, "规则": 1, "人报": 1, "上周": 1, "价值": 1, "2.05亿": 1, "澳元": 1, "项目": 3, "珀斯": 2, "建造": 1, "贯穿": 1, "城域网": 1, "80": 1, "座": 1, "发射塔": 1, "取代": 1, "安全车": 1, "便携式": 1, "无线电站": 1, "无线电": 1, "2021年": 1, "投入": 1, "运营": 2, "火车": 1, "司机": 1, "人员": 3, "安检": 1, "控制": 1, "部长": 1, "萨菲奥蒂": 2, "13日": 1, "告知": 1, "议会": 1, "公共": 1, "管理局": 1, "收到": 1, "确认": 2, "交付": 1, "禁令": 1, "刑事": 1, "指控": 1, "对此": 1, "广播": 1, "ABC": 1, "官员": 1, "2月": 1, "会见": 1, "UGL": 1, "8": 1, "名": 2, "员工": 2, "董事会": 1, "主席": 1, "承包": 1, "所需": 1, "消费": 2, "联盟": 1, "理事长": 1, "采购": 2, "品质": 1, "这才": 1, "核心": 2, "各国": 1, "稳定": 1, "德": 1, "澳": 1, "紧跟": 1, "稳定性": 1, "魔鬼": 1, "瑞士": 7, "苏黎": 1, "世报": 1, "16日": 1, "紧张": 1, "情绪": 1, "游说": 1, "动作": 1, "经济": 1, "利益": 1, "该报": 1, "中国人": 2, "18万": 1, "能力": 2, "铺设": 1, "来讲": 1, "大过": 1, "提供商": 1, "爱立信": 1, "为止": 1, "证据": 1, "每日": 1, "导报": 1, "写信": 1, "放弃": 3, "屈服": 1, "压力": 1, "国外": 1, "保护": 5, "基础": 1, "设施": 1, "责任": 1, "据称": 1, "SUNRISE": 1, "签订": 1, "来源": 1, "微信": 1, "青木": 1, "刘清": 1, "朋友": 1, "肯定": 2, "平时": 1, "小心": 2, "借给": 2, "丢": 1, "隐私": 10, "泄露": 1, "方法": 3, "提高": 1, "告诉": 2, "锁": 4, "有时候": 1, "小朋友": 1, "玩": 1, "这样的话": 1, "打开": 1, "~": 3, "点击": 2, "设置": 4, "密码": 2, "指纹": 2, "人脸": 1, "识别": 1, "锁定": 2, "状态": 1, ".": 2, "储存": 1, "即可": 2, "放": 1, "3": 1, "维修": 2, "模式": 2, "坏": 1, "修理": 1, "内容": 1, "过程": 1, "查看": 1, "照片": 1, "视频": 1, "聊天": 1, "记录": 1, "送修": 1, "保障": 1, "留言": 1, "小编": 1, "行业": 3, "议论纷纷": 3, "好用": 3, "现阶段": 1, "很多": 6, "国产": 8, "出色": 1, "物件": 1, "大有": 2, "超越": 2, "趋势": 2, "性能": 1, "压制": 1, "款": 13, "一度": 1, "习惯": 1, "称赞": 1, "经历": 1, "长期": 1, "低迷": 1, "强势": 1, "逆袭": 1, "参照": 1, "畅销": 1, "鲜少": 1, "问津": 1, "雷": 1, "抓住": 1, "痛点": 1, "互联网": 1, "营销": 2, "饥饿": 1, "最终": 3, "立足": 1, "问世": 1, "抢购一空": 1, "盛况": 1, "手段": 1, "多么": 1, "优秀": 1, "实力": 1, "接近": 2, "水平": 2, "售价": 6, "喜欢": 1, "传奇": 1, "色彩": 1, "耀眼": 1, "不折不扣": 1, "精神": 1, "认可": 1, "代表": 1, "都会": 1, "国人": 1, "呐喊": 1, "几经": 1, "较量": 1, "销量": 3, "宣扬": 1, "暴露": 1, "取而代之": 2, "纯": 1, "利润": 1, "前段": 1, "网友": 1, "直呼": 1, "买": 1, "机会": 1, "办法": 1, "成本": 2, "原因": 2, "折叠屏": 2, "一两": 1, "发生": 1, "也许": 1, "1000": 1, "厂家": 1, "降低": 2, "500": 1, "承受": 1, "高昂": 1, "自主": 1, "出众": 1, "接管": 1, "猜测": 1, "新款": 1, "Linux": 1, "Zircon": 1, "Flutter": 1, "引擎": 1, "Dart": 1, "选用": 1, "内测": 1, "荣耀": 2, "play": 1, "Fuchsia": 1, "小伙伴们": 1, "惊呆": 1, "就绪": 1}