{"文": 1, "/": 2, "Vol": 1, ".": 2, "441": 1, "这位": 2, "莆田人": 2, "华为": 149, "传奇": 1, "人物": 1, "二号": 3, "首长": 3, "！": 5, "编辑": 1, "：": 12, "闻道": 1, "网络": 5, "无数": 1, "国人": 1, "都会": 2, "感到": 1, "自豪": 1, "如今": 11, "已然": 1, "中国": 29, "高科技": 1, "公司": 23, "旗帜": 1, "经历": 1, "跌宕起伏": 1, "破局": 1, "登顶": 1, "全球": 23, "电信": 8, "设备": 11, "制造商": 3, "第二": 2, "智能": 3, "手机": 36, "厂商": 4, "一个": 19, "里程碑": 1, "成功": 5, "都": 37, "成就": 3, "低调": 1, "牛人": 1, "开国元勋": 1, "贡献": 2, "称为": 1, "郑": 27, "宝用": 27, "故事": 2, "任正非": 14, "会议": 1, "阿宝": 2, "一千": 1, "才": 2, "天才": 2, "1": 1, "顶": 2, "10000": 2, "口中": 1, "郑宝用": 3, "长子": 1, "任平": 3, "老师": 1, "据说": 1, "小时候": 1, "任性": 1, "调皮": 1, "本身": 4, "脾气": 1, "火爆": 1, "面对": 3, "闯祸": 1, "有时候": 1, "办法": 1, "只能": 4, "皮鞭": 1, "伺候": 1, "帝国": 1, "很多": 6, "孟晚舟": 1, "、": 24, "余承东": 1, "李一": 7, "男": 7, "....": 1, "人名": 1, "想必": 1, "陌生": 1, "窥视": 1, "一二": 1, "福建": 1, "1964年": 1, "出生": 1, "岁": 3, "从小": 1, "天资": 1, "聪颖": 1, "大学": 5, "统考": 1, "成绩": 2, "莆田": 1, "地区": 6, "第一": 5, "名": 11, "一百": 1, "元": 18, "钱": 1, "奖金": 1, "六十": 1, "块": 4, "爸妈": 1, "带": 4, "四十": 1, "征途": 1, "1984年": 1, "华中": 2, "理工": 2, "光学": 3, "本科": 1, "毕业": 3, "1987年": 1, "考上": 1, "清华大学": 1, "博士": 2, "老朋友": 1, "郭平": 1, "劝说": 1, "拥有": 3, "高瞻远瞩": 1, "商业": 3, "思维": 1, "领导": 2, "能力": 5, "密不可分": 1, "技术": 26, "刚": 2, "成立": 1, "不到": 1, "极度": 1, "缺乏": 1, "到来": 1, "欣喜若狂": 1, "随即": 1, "任命": 3, "总工程师": 1, "不负所托": 1, "日夜": 1, "攻关": 1, "终于": 2, "开发": 1, "款": 22, "自主": 1, "研发": 27, "交换机": 6, "—": 3, "HJD48": 1, "小型": 1, "模拟": 2, "空分式": 2, "用户": 2, "1992年": 2, "投入": 16, "市场": 13, "引发": 1, "反响": 2, "核心": 2, "骨干": 1, "随后": 2, "规范": 1, "企业": 9, "管理": 2, "采用": 8, "工号": 1, "制度": 2, "创始人": 3, "自然": 3, "1号": 1, "员工": 2, "2号": 1, "由来": 1, "一线": 2, "退居": 1, "幕后": 1, "资本": 2, "运作": 2, "帮华": 1, "度过": 2, "危机": 4, "俗话说": 2, "江山": 2, "代有": 1, "才人": 1, "领": 1, "风骚": 1, "数百": 1, "少年": 2, "誉为": 1, "接班人": 1, "6": 3, "毕业于": 1, "班": 1, "学弟": 1, "1993年": 1, "牵头": 1, "负责": 5, "JK1000": 1, "端局": 1, "顺利": 3, "研制": 1, "平平": 1, "拍板": 1, "刚刚": 1, "负责C": 1, "&": 1, "C08万": 1, "数字": 1, "程控": 1, "不辱使命": 1, "几经": 1, "波折": 1, "产品": 4, "C&C08": 1, "此举": 1, "间接": 1, "奠定": 1, "地位": 3, "从此": 1, "扶摇直上": 1, "1996年": 1, "常务": 1, "副总裁": 1, "脱离": 1, "未来": 6, "3-5年": 1, "规划": 1, "战略": 5, "规划办": 1, "主任": 2, "1998年": 1, "2001年": 1, "期间": 1, "方式": 3, "电气": 1, "业务": 4, "出售": 4, "艾默生": 1, "；": 7, "此后": 1, "相继": 1, "运营": 1, "建立": 1, "分销": 1, "渠道": 1, "患病": 1, "主管": 1, "工作": 1, "强度": 2, "2002年": 1, "诊断": 1, "脑癌": 2, "远": 1, "赴": 1, "美国": 17, "治疗": 2, "康复": 1, "奇迹般": 1, "战胜": 1, "精力": 1, "从前": 1, "安排": 1, "蓝军": 4, "部门": 3, "顾名思义": 1, "类似于": 1, "军事": 1, "演习": 1, "竞争": 9, "对手": 4, "研究": 3, "成长": 2, "发展": 7, "壮大": 1, "整体": 2, "制定": 1, "过程": 2, "作用": 1, "著名": 1, "例子": 1, "郑宝": 3, "2008年": 2, "阻止": 2, "终端": 5, "彼时": 2, "贝恩": 1, "基金": 1, "谈妥": 1, "分析": 3, "报告": 2, "指出": 4, "行业": 3, "端—管": 1, "三位一体": 1, "消费者": 4, "终极": 1, "需求": 2, "所在": 1, "终止": 1, "回到": 3, "风生": 1, "水": 1, "当初": 1, "作何": 1, "打算": 1, "功高震主": 2, "悄然": 2, "回归": 2, "淡出": 2, "漠视": 1, "打江山": 1, "守": 1, "难": 2, "创业": 1, "时代": 4, "英雄": 1, "或许": 2, "永远": 1, "符合": 1, "看作": 1, "完善": 1, "峰回路转": 1, "2013年": 1, "有人": 2, "年内": 1, "担当": 1, "指挥家": 1, "职": 1, "回华": 1, "打打": 1, "酱油": 1, "秘书": 1, "电话": 1, "虚职": 1, "无论如何": 1, "内乱": 1, "年事": 1, "越来越": 2, "加重": 1, "迫在眉睫": 1, "太子党": 1, "也许": 1, "结束": 1, "动荡": 1, "局面": 2, "公主": 1, "王子": 1, "保驾护航": 1, "开头": 1, "预埋": 1, "奋斗史": 1, "戎马一生": 1, "推荐语": 1, "速度": 3, "寂灭": 1, "苹果": 26, "4G": 1, "战绩": 1, "5G": 15, "真的": 3, "iPhone": 13, "神话": 1, "童话": 2, "下文": 1, "转载": 2, "作者": 3, "数码": 3, "密探": 2, "激烈": 3, "不少": 3, "老牌": 1, "选择": 5, "退出": 1, "一向": 1, "发挥": 2, "出色": 2, "三": 9, "新机": 5, "销量": 10, "表现": 4, "大跌眼镜": 1, "上市": 2, "惨淡": 1, "股价": 1, "一路": 1, "下滑": 3, "截止至": 1, "短短": 1, "时间": 6, "市值": 1, "蒸发": 1, "2.6万亿": 1, "人民币": 18, "影响": 8, "不单单": 1, "投资": 6, "机构": 1, "Seeking": 1, "Alpha": 1, "称": 4, "Rosenblatt": 1, "分析师": 1, "预测": 1, "明年": 3, "3": 1, "份": 2, "产量": 1, "削减": 1, "400万": 1, "台": 1, "这是": 3, "第三": 1, "减产": 1, "供应商": 4, "此前": 2, "报道": 5, "伯恩": 1, "延期": 1, "柔性": 1, "PCB": 1, "供应": 1, "商嘉": 1, "联益": 1, "科技": 3, "前段": 2, "辞退": 1, "110": 1, "派遣": 1, "富士康": 1, "近期": 1, "爆出": 2, "裁员": 1, "34万": 1, "角度": 1, "佳": 3, "在意": 2, "情况": 8, "台积电": 3, "代表": 1, "订单量": 1, "减少": 2, "反而": 1, "提供": 2, "合作": 9, "机会": 1, "消息": 1, "发布": 3, "麒麟": 10, "990": 1, "处理器": 20, "生产": 1, "强势": 1, "原因": 7, "Mate20": 12, "系列": 6, "相比": 2, "性能": 9, "领先": 4, "A12": 1, "980": 3, "日常": 1, "体验": 1, "差别": 1, "功能": 3, "大幅": 1, "Pro": 10, "该机": 1, "徕卡": 3, "摄": 5, "无论是": 1, "拍照": 6, "录制": 1, "视频": 1, "出彩": 1, "搭载": 5, "40W": 1, "超级": 1, "快充": 2, "充电": 2, "XS": 1, "Max": 1, "的确": 1, "敌": 1, "干扰": 1, "很": 12, "上代": 1, "机型": 3, "外观": 3, "改变": 2, "缺少": 1, "新鲜感": 1, "购买": 1, "高通": 6, "官司": 1, "败诉": 1, "因素": 2, "禁售": 2, "推移": 1, "国家": 17, "解决": 3, "势必": 1, "低": 1, "不妨": 1, "对此": 2, "谈谈": 1, "n文": 1, "百家号": 1, "原创": 1, "创作": 1, "区块链": 1, "版权": 1, "认证": 2, "禁止": 2, "形式": 1, "改编": 1, "抄袭": 1, "违者": 1, "追究": 1, "法律": 1, "责任": 1, "标题": 1, "数据": 2, "找到": 1, "盯上": 1, "媒体": 3, "公号": 1, "篇": 2, "名为": 1, "2018": 2, "年度": 3, "100": 4, "排行榜": 1, "文章": 9, "欧盟": 5, "委员会": 2, "(": 19, "EU": 2, ")": 19, "2018年": 4, "工业": 2, "排名": 20, "The": 1, "Industrial": 1, "R&D": 1, "Investment": 1, "Scoreboard": 1, "46": 2, "2500": 3, "2017": 1, "会计": 1, "调查": 1, "113.34亿": 1, "欧元": 1, "891.1698亿": 3, "名列": 2, "第五": 1, "跻身": 1, "百强榜": 1, "含": 1, "台湾": 2, "共有": 1, "11": 1, "查了查": 1, "翔实": 1, "查": 1, "2017-2018": 1, "汇总": 1, "上榜": 1, "438": 1, "778": 1, "577": 1, "日本": 2, "339": 1, "50": 1, "项": 2, "排": 6, "三星": 3, "字母表": 2, "大众": 2, "汽车": 1, "集团": 1, "微软": 1, "位列": 1, "第5": 2, "第7": 1, "第28": 1, "涨幅": 1, "2004年": 1, "14": 1, "年间": 1, "跃升": 1, "超过": 2, "97": 1, "64": 1, "百度": 5, "阿里巴巴": 5, "腾讯": 5, "总和": 2, "229.122亿": 2, "第2": 2, "51": 1, "175.7亿": 2, "第3": 1, "61": 1, "130.3652亿": 2, "81": 1, "计算": 1, "BAT三": 1, "1.67": 1, "倍": 2, "2017-2018年": 4, "网易": 2, "乐视": 2, "新浪": 2, "第27": 1, "44.03亿": 1, "第235": 1, "18.71亿": 1, "第464": 1, "17.53亿": 1, "第494": 1, "当中": 2, "投资额": 2, "597.9272亿": 1, "1.5": 1, "一家": 1, "前10": 1, "国外": 4, "谷歌": 1, "母公司": 1, "Alphabet": 1, "1052.59亿": 1, "脸": 1, "书": 1, "facebook": 1, "508.33亿": 1, "第15": 1, "亚马逊": 1, "Amazon": 1, "25.87亿": 1, "第343": 1, "推特": 1, "42.85亿": 1, "第238": 1, "商务部": 1, "国际": 2, "贸易": 1, "经济": 1, "研究院": 1, "研究员": 2, "梅": 2, "新育": 2, "接受": 1, "环球网": 2, "记者": 1, "采访": 1, "中兴": 3, "一开始": 1, "10%": 1, "营业": 2, "收入": 2, "世界": 10, "制造": 2, "全世界": 3, "快": 2, "产业": 2, "脱颖而出": 2, "打压": 3, "高额": 1, "外国": 1, "成果": 1, "匹夫无罪": 1, "怀璧其罪": 1, "封禁": 1, "拒绝": 4, "理由": 1, "多久": 1, "捷克": 1, "包括": 2, "印度": 1, "葡萄牙": 1, "英国": 2, "纷纷": 1, "打脸": 1, "言论": 1, "转而": 1, "态度": 2, "发生": 3, "戏剧性": 1, "变化": 3, "程度": 3, "还原": 1, "清白": 1, "韩国": 20, "通信": 2, "美": 2, "仅仅": 3, "确切": 1, "证据": 2, "别人": 5, "拉帮结派": 1, "搞": 1, "联盟": 2, "极其": 1, "霸道": 1, "作风": 1, "身上": 1, "公平": 1, "自由": 1, "针对": 1, "举起": 1, "一道": 2, "闸门": 1, "LG": 1, "U+": 1, "新西兰": 1, "运营商": 3, "发现": 3, "发声力挺": 1, "五": 1, "眼": 1, "偏偏": 1, "政府": 2, "蛮横": 1, "做法": 1, "目标": 1, "实力": 7, "证明": 1, "而今": 1, "全套": 1, "芯片": 2, "26": 1, "大单": 1, "合同": 2, "反衬": 1, "之下": 1, "才能": 2, "搭建": 1, "届时": 1, "早就": 1, "意味着": 4, "争夺战": 1, "处于": 1, "劣势": 1, "网友": 1, "评价": 1, "说道": 1, "改口": 1, "这次": 1, "赢": 1, "当今": 1, "利益": 2, "高于": 1, "厂家": 1, "价格": 7, "竞争力": 2, "别国": 1, "青睐": 1, "关乎": 1, "万物": 1, "互联": 1, "亚于": 1, "场": 2, "革命": 1, "等同于": 1, "闭关锁国": 1, "损失": 3, "各国": 1, "账": 1, "权衡": 1, "利弊": 1, "莫须有": 1, "罪名": 1, "抵制": 2, "无异于": 1, "博傻": 1, "目的": 1, "监听": 1, "他国": 1, "毕竟": 2, "总体": 1, "趋势": 1, "优势": 5, "定位": 5, "上都": 3, "相差": 2, "不大": 2, "判断": 1, "哪款": 1, "适合": 1, "小编": 6, "希望": 1, "荣耀": 8, "v20": 10, "讲": 1, "机子": 3, "旗舰": 3, "偏向": 1, "商务": 1, "Note": 1, "高端": 3, "走": 2, "性价比": 1, "路线": 1, "年轻": 1, "时尚": 1, "土豪": 1, "一点": 8, "朋友": 5, "囊中羞涩": 1, "退而求其次": 1, "京东": 1, "报价": 2, "3999": 2, "2999": 2, "麒麟980": 3, "跑分": 1, "安兔兔": 1, "30万": 1, "平时": 1, "生活": 1, "玩": 1, "大型": 1, "游戏": 2, "轻松": 1, "应对": 1, "就要": 1, "优化": 3, "Mate": 2, "稳定": 1, "推荐": 1, "6.53": 1, "英寸": 5, "水滴屏": 1, "6.4": 1, "挖": 1, "孔": 1, "屏": 1, "颜值": 2, "对比": 4, "各有千秋": 1, "好看": 2, "喜好": 1, "买": 2, "尺寸": 2, "偏": 1, "成年人": 1, "单手": 1, "操作": 1, "困难": 1, "手掌": 1, "屏幕": 2, "六": 1, "后置": 1, "摄像头": 10, "1600万": 2, "＋": 2, "800万": 2, "像素": 5, "浴霸": 1, "造型": 1, "4800万+tof": 1, "立体": 1, "深感": 1, "镜头": 6, "4800百万": 1, "中像素": 1, "排列": 1, "横向": 1, "感叹号": 1, "前置": 1, "2400万": 1, "2500万": 1, "水平": 2, "德国": 2, "莱卡": 1, "调教": 1, "用心": 1, "参数": 2, "4000": 2, "毫安": 2, "容量": 4, "电池": 6, "续航": 1, "优秀": 1, "22": 1, "5瓦": 1, "支持": 3, "小时": 1, "电量": 1, "充满": 1, "旗舰机": 1, "机能": 1, "良心": 1, "就算": 1, "重度": 1, "喜欢": 1, "保留": 1, "3.5": 1, "耳机": 1, "接口": 1, "加分": 1, "大小": 2, "6+64g": 1, "版本": 1, "荣耀v": 2, "mate20": 1, "整整": 2, "便宜": 2, "1000": 2, "块钱": 1, "建议": 1, "入手": 2, "综合": 1, "值得": 4, "条件": 1, "差不多": 1, "请": 1, "赞": 1, "谢谢": 1, "雪": 2, "景": 1, "美不胜收": 1, "大雪": 1, "过后": 1, "好像": 2, "来到": 2, "幽雅": 1, "恬静": 1, "境界": 1, "晶莹": 1, "透剔": 1, "般的": 1, "西风": 1, "漫卷": 1, "雪花": 2, "纷飞": 1, "正是": 1, "拍摄": 7, "雪景": 2, "大好": 1, "时机": 1, "走出": 1, "家门": 1, "欣赏": 4, "天赐": 1, "美景": 1, "这不": 2, "摄影师": 11, "手持": 2, "P20": 10, "作品": 2, "走红": 1, "倪": 7, "磊楚": 7, "清晰": 2, "冷": 1, "图像": 1, "笔者": 1, "仿佛": 1, "感受": 1, "冷清": 1, "环境": 1, "相机": 1, "自动": 1, "白": 2, "平衡": 2, "准确": 1, "照片": 6, "不错": 1, "呈现": 2, "画面": 2, "通透度": 1, "现场": 1, "清冷": 1, "力透": 1, "纸面": 1, "表现力": 1, "细节": 1, "颗粒状": 1, "远处": 2, "蓝天": 1, "景物": 1, "虚化": 1, "效果": 2, "显得": 1, "层次感": 1, "分明": 1, "学习": 1, "上图": 1, "高山": 1, "湖泊": 1, "环形": 1, "山脉": 1, "围住": 1, "湖水": 1, "远方": 1, "天空": 2, "湛蓝": 1, "无边": 1, "仙境": 1, "变焦": 2, "模式": 1, "拍": 1, "近处": 1, "巨石": 1, "山峦": 1, "未": 1, "融化": 1, "积雪": 1, "显示": 1, "不俗": 1, "水印": 1, "想象": 1, "提到": 2, "指标": 1, "到达": 1, "顶尖": 2, "软件": 2, "基于": 1, "AI": 4, "智慧": 1, "摄影": 4, "骑": 1, "绝尘": 1, "大师": 2, "加持": 1, "系统": 5, "识别": 1, "19": 1, "类别": 1, "500": 1, "+": 1, "场景": 1, "给出": 1, "最佳": 1, "配合": 1, "人工": 1, "算法": 1, "AI防抖": 1, "长": 1, "秒": 1, "快门": 1, "暗光": 1, "成像": 1, "夜晚": 1, "拍出": 1, "色彩": 1, "鲜艳": 1, "建筑": 1, "美食": 1, "植物": 1, "夜拍": 1, "神器": 1, "样张": 1, "篝火": 1, "照明灯": 1, "雪地": 1, "印迹": 1, "找": 1, "噪点": 1, "夜景": 1, "美妙": 1, "硬件": 1, "延续": 1, "上一代": 1, "黑白": 3, "彩色": 2, "双摄": 1, "方案": 3, "原有": 1, "基础": 3, "增加": 3, "颗": 1, "长焦": 2, "全新": 1, "1/1.7": 1, "传感器": 3, "惊人": 1, "4000万": 1, "焦距": 2, "等效": 2, "27": 2, "光圈": 3, "F1.8": 1, "枚": 2, "1/2.7": 1, "2000万": 1, "F1.6": 1, "80": 1, "F2.4": 1, "具备": 1, "防抖": 1, "搭配": 1, "技巧": 1, "成片": 1, "堪比": 1, "单反": 1, "冬天": 1, "寒冷": 1, "几分": 1, "美感": 1, "内": 2, "通讯": 1, "想": 5, "崭露头角": 1, "深厚": 1, "底蕴": 1, "后盾": 1, "远远": 1, "不行": 1, "强大": 3, "太": 2, "西方": 1, "压制": 1, "前列": 2, "雄厚": 3, "瞩目": 1, "背后": 1, "祖国": 1, "5g": 1, "主动权": 1, "80多": 1, "专利": 1, "想要": 1, "11月": 1, "段": 2, "道路": 2, "坎坷": 1, "好在": 1, "认可": 1, "顶住": 1, "强制": 1, "压力": 1, "想法": 1, "到底": 2, "回": 1, "件": 2, "事情": 2, "导致": 3, "迫切": 1, "达成": 2, "关系": 3, "之内": 2, "1000多": 2, "亿": 2, "不得不": 4, "妥协": 1, "领域": 2, "站": 2, "前沿": 1, "先进": 1, "来讲": 1, "出名": 1, "折叠": 1, "柔韧屏": 2, "手里": 1, "显示屏": 1, "放眼": 1, "国内": 3, "品牌": 4, "主屏": 5, "利润": 2, "大部分": 1, "赚走": 1, "主流": 1, "制约": 1, "超高": 2, "占有": 1, "屋檐": 1, "低头": 2, "长此以来": 1, "忍受": 1, "各种各样": 1, "霸王": 1, "条约": 1, "长期": 1, "约束": 1, "奋起直追": 1, "突破性": 1, "进展": 1, "柔韧性": 1, "量产": 1, "垄断": 2, "瞬间": 1, "掉价": 1, "掉": 1, "一塌糊涂": 1, "不再": 1, "值钱": 1, "理念": 1, "中国人": 1, "打破": 1, "大幅度": 1, "缩水": 1, "减小": 1, "加上": 1, "这几年": 1, "名气": 1, "降低": 1, "不景气": 1, "最新": 1, "资料": 1, "强有力": 1, "韩国人": 1, "求助": 1, "立于": 1, "巅峰": 1, "仰视": 1, "还要": 1, "革新": 1, "同行": 1, "之间": 3, "处在": 1, "位置": 1, "小伙伴们": 1, "前景": 1, "逃脱": 1, "网友们": 4, "拭目以待": 1, "下方": 1, "评论区": 1, "留言": 2, "说出": 1, "感想": 1, "分享": 1, "参考": 1, "消息网": 1, "12月": 2, "30日": 1, "台媒": 1, "澳大利亚": 2, "围堵": 1, "大陆": 2, "巨头": 1, "智库": 1, "学者": 1, "撰文": 1, "推动": 3, "布局": 2, "地缘": 2, "政治": 3, "愈来愈": 2, "迫使": 1, "盟友": 3, "选边站": 1, "联合": 1, "晚报": 1, "28日": 2, "杂志": 1, "刊登": 1, "卡内基": 1, "和平": 1, "基金会": 1, "欧洲": 9, "项目": 1, "布拉特贝格": 1, "Erik": 1, "Brattberg": 1, "哈佛": 1, "肯尼迪": 1, "学院": 1, "高级": 1, "陆克": 1, "Philippe": 1, "Le": 1, "Corre": 1, "撰写": 1, "难题": 1, "安全性": 1, "争议": 1, "蔓延": 1, "法国": 1, "举措": 1, "检视": 1, "伙伴": 1, "警惕": 1, "争论": 1, "本地": 1, "测试": 1, "现有": 1, "移除": 1, "营运商": 1, "担心": 1, "排除": 1, "中企": 1, "成本": 1, "巧妙": 1, "利用": 1, "进军": 1, "赢得": 1, "信任": 1, "广告": 1, "推广": 1, "一致性": 1, "跨大西洋": 2, "也就是说": 1, "很快": 1, "面临": 2, "选": 1, "依赖": 1, "脆弱": 1, "裂痕": 1, "写道": 1, "分为": 2, "互通性": 1, "最终": 1, "分歧": 1, "一分为二": 1, "想到": 1, "A系列": 1, "深受": 1, "国产": 2, "喜爱": 1, "骁龙": 2, "海思": 2, "够用": 7, "顶级": 1, "过剩": 2, "845": 1, "开发商": 1, "乐死不疲": 1, "流畅": 2, "发言权": 1, "安卓": 1, "运行": 1, "机制": 1, "难以": 1, "根本性": 1, "主题": 1, "概念": 1, "动大型": 1, "多任务": 1, "中低": 1, "高三": 1, "层级": 1, "依然": 1, "低端": 2, "659": 1, "中端": 1, "710": 1, "价位": 1, "价值": 1, "匹配": 1, "这才": 1, "重点": 1, "并非": 1, "强悍": 1, "A8": 1, "默默无闻": 1, "名字": 1, "含义": 2, "——": 1, "中华": 1, "有为": 1, "LOGO": 5, "样子": 3, "演变": 2, "熟知": 1, "象征": 2, "15": 1, "图标": 5, "菊花": 3, "傲寒不屈": 1, "精神": 1, "黄色": 1, "红色": 1, "当主": 1, "颜色": 2, "蒸蒸日上": 1, "离开": 1, "花瓣": 2, "数量": 1, "见到": 1, "加深": 1, "拼音": 1, "字母": 2, "HUEWEI": 1, "E": 1, "做出": 1, "圆润": 1, "正直": 1, "旧": 1, "种种": 1, "事件": 1, "热搜": 1, "……": 1, "牵扯": 1, "正好": 1, "八": 2, "大卸": 1, "干掉": 1, "佩服": 1, "脑洞": 1, "看法": 1, "评论": 1}