{"9月": 1, "26日": 1, "华为": 61, "智慧屏": 9, "终于": 1, "国内": 2, "消费者": 2, "见面": 1, "6999": 1, "元": 2, "售价": 1, "不少": 3, "人为": 1, "开启": 1, "预售": 2, "活动": 1, "早已": 1, "收获": 1, "不俗": 1, "战绩": 1, "款": 4, "产品": 7, "翘首": 1, "盼": 1, "纷纷": 1, "线下": 1, "体验店": 1, "感受": 1, "智慧": 5, "变大": 2, "魔力": 1, "官方": 2, "宣传": 1, "尚未": 1, "亲自": 1, "体验": 7, "朋友": 1, "到底": 1, "值": 1, "值得": 3, "买": 1, "篇": 1, "文章": 1, "答案": 1, "AI慧眼": 5, "：": 11, "大屏": 6, "赋予": 2, "价值": 3, "一直以来": 1, "客厅": 1, "都": 21, "扮演者": 1, "单纯": 1, "内容": 4, "输出者": 1, "角色": 5, "越来越": 1, "厂商": 2, "语音": 1, "控制": 4, "、": 23, "定制化": 2, "推送": 1, "功能": 9, "交互": 4, "方式": 2, "改变": 2, "现状": 1, "独具一格": 1, "家用": 2, "显示": 2, "定义": 1, "高度": 1, "家人": 4, "视频": 2, "通话": 1, "跟随": 1, "AI": 1, "健身": 2, "助手": 1, "在家": 1, "锻炼": 1, "跨屏": 1, "键": 1, "大小屏": 1, "无缝": 2, "切换": 1, "相比": 1, "传统": 2, "品牌": 2, "智能": 2, "手机": 26, "行业": 2, "深耕": 1, "多年": 1, "屏幕": 1, "天然": 1, "优势": 1, "契合": 1, "初衷": 1, "投屏": 3, "新鲜": 1, "玩意儿": 1, "WiFi": 1, "无需": 1, "APP": 1, "前提": 1, "衔接": 1, "波": 1, "操作": 1, "满分": 1, "遥控器": 1, "即可": 3, "动作": 1, "亲测": 1, "手游": 1, "卡顿": 1, "播放": 1, "延时": 1, "便捷": 1, "流畅": 1, "入手": 1, "一个": 15, "理由": 1, "Huawei": 2, "Sound": 2, "音质": 3, "鸡肋": 1, "谈": 1, "关注": 1, "项": 2, "无论是": 1, "输出": 1, "功率": 1, "声场": 3, "表现": 3, "不值一提": 1, "针对": 2, "痛点": 2, "功夫": 1, "8+1+1": 1, "音频": 1, "单元": 1, "豪华": 1, "配置": 1, "高端": 1, "音响": 1, "才": 2, "会见": 1, "建模": 1, "用户": 4, "带来": 3, "梦幻CP": 1, "组合": 1, "独享": 1, "模式": 1, "称道": 1, "一大": 1, "设计": 1, "夜深人静": 1, "定向": 1, "发声": 1, "扬声器": 1, "保证": 2, "畅快": 1, "观看": 1, "打扰": 1, "睡眠": 1, "与众不同": 1, "画质": 3, "出色": 1, "采用": 1, "65": 1, "英寸": 1, "QL": 1, "ED量子": 1, "面板": 1, "宽广": 1, "色域": 1, "通透": 1, "视效": 1, "鸿鹄": 1, "818": 1, "芯片": 1, "提供": 4, "专业": 3, "调教": 1, "深度": 1, "还原": 3, "场景": 1, "震撼": 3, "视听": 1, "全新": 2, "互动": 1, "+": 1, "效果": 1, "难道": 1, "动心": 1, "(": 1, "7289745": 1, ")": 1, "总裁": 3, "任正非": 12, "盛赞": 1, "中国": 26, "机长": 25, "面对": 1, "美国": 9, "制裁": 3, "做好": 3, "！": 11, "真实": 5, "事件": 2, "改编": 2, "献礼": 1, "大片": 1, "上映": 5, "12": 2, "累计": 1, "票房": 3, "高达": 1, "22": 1, "亿": 2, "称": 2, "国庆档": 1, "主力军": 1, "电影": 12, "火爆": 1, "程度": 2, "惊动": 1, "老总": 1, "员工": 17, "看完": 1, "深受": 1, "忍": 1, "不住": 1, "发": 1, "感慨": 2, "员工们": 1, "观后感": 3, "签发": 1, "电子": 2, "邮件": 1, "转发": 1, "发表": 1, "意见": 1, "开篇": 1, "应对": 1, "理解": 1, "5G": 1, "技术": 9, "欧": 1, "打压": 3, "遭遇": 3, "非议": 1, "剧照": 2, "批判": 1, "不专业": 2, "；": 4, "拿来": 1, "萨利机长": 11, "对比": 2, "……": 9, "事实": 2, "证明": 1, "剧组": 2, "彩排": 1, "照片": 1, "踩": 1, "贻笑大方": 1, "不错": 2, "案例": 1, "讲述": 1, "飞机": 8, "故障": 1, "冷静": 1, "经验": 1, "成功": 4, "拯救": 1, "乘客": 2, "故事": 4, "剧情": 1, "走向": 1, "影片": 2, "主题": 1, "想要": 2, "表达": 1, "主旨": 1, "区别": 3, "传记": 1, "剧情片": 1, "调动": 1, "观众": 2, "情绪": 1, "情节": 2, "夸大": 1, "营造": 1, "气氛": 1, "迫降": 1, "安排": 1, "男": 1, "女": 1, "跳入": 1, "海": 1, "现实": 4, "乘客们": 2, "安静": 1, "等待": 1, "救援": 1, "萨利": 1, "事故": 1, "轻微": 1, "患上": 1, "创伤症": 1, "候群": 1, "愧疚": 1, "噩梦": 1, "大跌眼镜": 1, "塑造": 1, "伟光": 1, "形象": 2, "刻意": 1, "污辱": 1, "诽谤": 1, "调查员": 2, "为难": 1, "老": 1, "尊重": 1, "幕后": 1, "拍摄": 3, "演员": 1, "花上": 1, "三": 2, "时间": 2, "特地": 1, "学习": 2, "机组": 3, "知识": 1, "出事": 1, "片段": 1, "情景": 1, "空管": 1, "部门": 3, "对话": 1, "语气": 1, "一模一样": 1, "目的": 1, "赞扬": 1, "黑雁": 1, "撞击": 1, "临危不乱": 1, "符合": 1, "歌颂": 1, "英雄主义": 1, "不仅仅": 2, "刘": 1, "传健": 1, "肯定": 3, "航空业": 1, "完整": 1, "体系": 1, "航空": 1, "从业者": 1, "敬业": 1, "辛苦": 2, "提倡": 2, "工匠": 1, "精神": 3, "相符": 1, "驾驶组": 1, "乘务组": 1, "默契": 1, "配合": 2, "印象深刻": 1, "风挡": 1, "玻璃": 1, "破裂": 1, "人员": 7, "立刻": 1, "回到": 1, "岗位": 1, "副驾驶": 1, "负责": 2, "驾驶舱": 1, "地方": 1, "中心": 1, "乘务员": 1, "客舱": 1, "安抚": 1, "教": 1, "正确": 2, "氧气罩": 1, "颠簸": 1, "做出": 1, "姿势": 1, "完美": 1, "这不": 1, "典型": 1, "中国人": 2, "团队": 3, "合作": 1, "优秀": 1, "才能": 3, "体会": 1, "深刻": 1, "一味": 1, "本来": 1, "合适": 1, "无端": 1, "恶评": 1, "争议": 1, "依然": 1, "自我": 2, "提到": 1, "事情": 2, "正是": 1, "短短": 1, "之内": 1, "22亿": 1, "原因": 5, "回想": 1, "发现": 2, "某种": 1, "面临": 2, "处境": 1, "只不过": 1, "商业": 1, "文化": 1, "如今": 1, "危机": 1, "舆论": 2, "攻击": 2, "困难重重": 1, "一步步": 1, "努力": 1, "大众": 1, "认可": 1, "管理": 6, "顾问": 1, "田涛": 1, "信念": 1, "战胜": 2, "外部": 2, "险恶": 1, "挑战": 1, "架": 1, "战斗机": 1, "极限": 1, "情况": 3, "3U8633": 1, "返航": 1, "IT之家": 1, "10月": 1, "11日": 1, "消息": 2, "金": 1, "九": 1, "银": 1, "新机": 1, "相继": 1, "推出": 1, "迎来": 1, "设备": 1, "今日": 1, "详解": 1, "EMUI": 1, "克隆": 6, "数据": 3, "迁移": 3, "台": 2, "设置": 2, "系统": 1, "打开": 2, "需求": 2, "选择": 4, "这是": 2, "旧": 3, "提示": 1, "扫码": 1, "连接": 4, "传输": 1, "市场": 1, "App": 3, "Store": 1, "下载": 2, "扫描": 1, "二维码": 1, "手动": 1, "无线局": 1, "域网": 1, "本地": 1, "热点": 1, "建立": 1, "本人": 1, "程序员": 4, "参与": 1, "软件": 4, "创业": 1, "IT": 1, "公司": 41, "收入": 2, "来源": 1, "外包": 26, "项目": 20, "题主": 1, "分析": 1, "招人": 3, "喜欢": 2, "几点一": 1, "用人": 4, "成本": 12, "减少": 1, "风险": 1, "人力": 1, "资源": 1, "互联网": 2, "财务": 1, "工作": 5, "高层": 2, "汇报": 1, "年度": 1, "收益": 1, "绩效": 2, "考核": 2, "可控": 3, "盲目": 1, "变得": 1, "招": 1, "太": 3, "没法": 1, "消化": 1, "裁员": 2, "声誉": 1, "股价": 1, "影响": 4, "前段": 1, "成都": 1, "政府": 3, "投资": 1, "传出": 1, "倒闭": 1, "销量": 1, "致命": 1, "快速": 2, "开发": 3, "经理": 1, "大概": 2, "梳理": 1, "经理会": 1, "评估": 1, "花费": 1, "工作量": 2, "/": 1, "单位": 1, "计算": 1, "预估": 1, "基本上": 1, "背景": 1, "企业": 3, "拿到": 1, "大型": 2, "国企": 1, "电信": 4, "舍不得": 1, "丢": 1, "结束": 2, "安置": 1, "系列": 1, "麻烦": 1, "签": 2, "口": 1, "价": 1, "合同": 6, "明天": 1, "立马": 1, "动手": 1, "干": 1, "效率": 1, "报价": 1, "1000万": 1, "软": 1, "国际": 1, "500万": 1, "转手": 1, "马上": 1, "挣": 1, "利润": 1, "省事": 1, "试错": 1, "领导": 1, "想法": 2, "就算": 1, "失败": 1, "损失": 1, "不大": 1, "组建": 1, "正式": 6, "招来": 1, "解雇": 1, "四": 1, "精力": 3, "放": 1, "核心": 4, "有限": 3, "只能": 1, "投入": 2, "想": 2, "抓": 1, "非核心": 1, "难度": 1, "业务": 3, "健康": 1, "发展": 2, "小编": 1, "聊": 1, "外话": 1, "1.": 1, "待遇": 1, "同工不同酬": 1, "差距": 1, "很": 5, "工资": 2, "3": 3, "倍": 1, "享受": 1, "福利": 1, ".": 2, "归属": 1, "分配": 1, "日常": 2, "内部": 3, "劳动": 5, "签署": 2, "不和": 1, "签订": 2, "找": 1, "建议": 1, "1": 1, "沉淀": 1, "积累": 1, "重复": 1, "本质": 1, "提高": 1, "随便": 1, "培训": 1, "进来": 1, "抢": 1, "饭碗": 1, "框架": 1, "好多": 1, "很多": 2, "坑": 1, "频繁": 1, "外派": 2, "归属感": 3, "感觉": 1, "卖给": 1, "甲方": 3, "给发": 1, "差异": 1, "导向": 1, "样子": 1, "承接性": 1, "说到": 1, "形式": 1, "连贯": 1, "升职": 2, "加薪": 2, "困难": 1, "人海": 2, "战术": 2, "创造": 1, "犹如": 1, "沧海一粟": 1, "找到": 1, "替代": 1, "瓶颈": 2, "招外": 1, "包": 1, "细说": 1, "4": 1, "赚钱": 1, "做量": 1, "密集型": 1, "加班": 1, "常事": 1, "希望": 1, "慎重": 1, "职业": 3, "年轻": 2, "懂": 1, "择业": 2, "看重": 2, "薪资": 1, "未来": 1, "成长": 1, "过早": 1, "全球性": 1, "170": 1, "国家": 1, "地区": 1, "拥有": 5, "18万": 1, "名": 2, "经营": 1, "超过": 1, "1000亿": 1, "美元": 1, "家族": 2, "元素": 1, "成员": 2, "副业": 2, "网络": 1, "关键": 1, "无关": 1, "酒店": 4, "食品": 3, "葡萄酒": 3, "迎合": 1, "客户": 3, "女儿": 1, "首席": 4, "财务官": 1, "孟晚舟": 1, "广为人知": 1, "去年": 1, "12月": 1, "指控": 1, "加拿大": 1, "被捕": 1, "弟弟": 2, "儿子": 2, "妻子": 2, "少见": 1, "子公司": 4, "中都": 1, "扮演": 1, "现年": 2, "74": 1, "岁": 2, "1.14％": 1, "私有": 1, "保留": 1, "权力": 1, "否决权": 1, "定期": 1, "讲话": 1, "分发": 1, "研究": 1, "房屋": 1, "树录": 1, "物流官": 1, "头衔": 1, "包括": 3, "监督": 1, "建筑": 1, "餐饮": 2, "酒店业": 1, "位于": 1, "东莞": 1, "松山湖": 1, "校区": 2, "阶段": 1, "容纳": 1, "2.5万": 1, "深圳": 2, "总部": 1, "公寓楼": 1, "预计": 1, "2023年": 1, "建成": 1, "44": 1, "任平": 2, "慧通": 1, "商务": 2, "有限公司": 1, "老板": 2, "泰国": 1, "沙特阿拉伯": 1, "南非": 2, "十几": 1, "服务式": 1, "公寓": 1, "服务": 1, "酒水": 1, "注册": 1, "记录": 1, "上海": 1, "摩泽尔": 1, "贸易": 1, "网站": 3, "莫塞尔湾": 1, "Mossel": 1, "Bay": 1, "命名": 1, "销售": 1, "世界": 2, "进口": 1, "优质": 3, "牛肉": 1, "大米": 1, "莫塞尔": 3, "平台": 1, "园区": 1, "实体店": 1, "开放": 1, "顾客": 1, "商品": 1, "价格": 1, "精选": 1, "徽标": 1, "礼品": 1, "休闲": 1, "旅游": 1, "HWTrip": 1, "平慧通": 1, "一部分": 1, "受特朗普": 1, "通知": 1, "专注于": 1, "渠道": 1, "8月": 1, "关闭": 1, "外国": 1, "媒体": 1, "家庭": 3, "关系": 1, "私营": 1, "执行官": 2, "信任": 1, "儒家式": 1, "分享": 1, "义务感": 1, "继任": 1, "采访": 1, "不满": 1, "透露": 1, "姓名": 1, "股东": 1, "薪水": 1, "股息": 1, "不在乎": 1}