{"手机": 18, "厂商": 1, "抢占": 1, "下半年": 1, "市场": 4, "都会": 2, "9月": 12, "扎堆": 1, "发布": 15, "新一代": 1, "旗舰": 3, "即将": 1, "10多": 1, "款": 13, "新机": 6, "频繁": 1, "华为": 57, "带来": 2, "连续": 2, "4": 4, "新品": 3, "机海": 1, "战术": 1, "很": 6, "感受": 1, "中国": 7, "制造": 1, "早已": 1, "今昔": 1, "！": 7, "四": 4, "1": 1, "、": 26, "4日": 3, "亮相": 6, "：": 8, "荣耀": 24, "20S": 5, "诞生": 1, "子品牌": 1, "深受": 1, "众多": 3, "年轻人": 1, "青睐": 1, "19:00": 1, "武汉": 2, "采用": 6, "6.26": 2, "英寸": 3, "魅眼": 2, "屏": 4, "挖孔": 2, "设计": 4, "2340": 1, "1080": 1, "分辨率": 1, "搭载": 7, "麒麟810": 2, "处理器": 5, "实力": 2, "持平": 1, "骁龙": 3, "835": 1, "侧边": 1, "指纹": 3, "解锁": 2, "内置": 5, "3750": 2, "毫安": 4, "电池": 7, "+": 21, "支持": 12, "W快": 2, "充+": 2, "Type-C": 2, "接口": 3, "相机": 3, "搭配": 1, "4800万": 6, "主摄": 6, "800万": 7, "超": 4, "广角": 6, "200万": 5, "微距": 3, "镜头": 4, "后置": 7, "竖排": 1, "三": 6, "摄": 5, "前置": 3, "3200万": 2, "摄像头": 4, "年轻化": 1, "魅力": 1, "预计": 2, "定价": 1, "1999": 1, "元": 8, "值得": 4, "期待": 2, "Play": 4, "3": 6, "；": 2, "6.39": 1, "LCD屏": 1, "麒麟710": 2, "4000": 4, "mAh大": 2, "10": 5, "W小": 1, "快充": 3, "配置": 3, "6GB": 2, "运存": 1, "上一代": 1, "吓人": 1, "技术": 6, "5日": 2, "畅享": 3, "Plus": 3, "拥有": 1, "设限": 1, "西安": 1, "渐变": 1, "色": 1, "1600万": 2, "像素": 2, "升降式": 1, "摄像": 2, "亮点": 2, "景深": 1, "保留": 1, "3.5": 1, "耳机": 3, "国内": 1, "首款": 1, "升级式": 1, "偏": 1, "端": 1, "卖点": 1, "十足": 1, "19日": 3, "Mate": 4, "30": 4, "系列": 8, "海外版": 2, "首次": 1, "德国": 2, "慕尼黑": 1, "国内版": 1, "10日": 1, "到来": 2, "统一": 1, "全新": 1, "麒麟": 2, "990": 1, "附集": 1, "成5G": 1, "基带": 1, "标配": 1, "40": 1, "27": 1, "W无线": 1, "4200": 1, "mAh毫安": 1, "4500": 1, "拍照": 2, "Pro": 1, "4000万": 3, "电影": 3, "长焦": 1, "颗": 1, "ToF": 1, "奥利奥": 1, "华丽": 1, "模块": 2, "再次": 1, "屠榜": 1, "专业": 1, "测评": 1, "DxOMark": 1, "排名": 1, "国产": 1, "崛起": 1, "之下": 2, "面对": 1, "国内外": 1, "竞争": 1, "推出": 3, "确实": 1, "野心": 1, "国民": 1, "骄傲": 1, "喜欢": 1, "评论区": 1, "分享": 1, "~": 1, "修": 1, "找": 1, "小时": 1, "正式": 2, "Mate30": 2, "曝光": 1, "信息": 1, "用户": 1, "消息": 4, "老机型": 1, "压力": 1, "最终": 1, "实行": 1, "清仓": 1, "降价": 1, "比如说": 2, "让路": 1, "Mate20": 12, "降": 1, "冰点": 1, "价": 1, "值": 1, "买": 2, "2018年": 2, "年底": 2, "外观": 3, "相对来说": 1, "过时": 1, "水": 1, "滴屏": 1, "识别": 3, "屏幕": 1, "颜值": 1, "差": 1, "性能": 4, "麒麟980": 1, "具备": 3, "64": 1, "GB": 1, "储存": 1, "组合": 1, "时代": 2, "需求": 2, "现如今": 1, "都": 8, "855": 1, "855plus": 1, "苹果": 1, "A12": 1, "占据": 2, "优势": 2, "可圈可点": 1, "地方": 1, "下巴": 1, "控制": 1, "到位": 1, "肯定": 1, "mAh": 1, "22.5W": 1, "AI": 2, "智能": 1, "节电": 1, "莱茵": 1, "认证": 1, "充电续": 1, "航上": 1, "出色": 3, "1200万": 1, "承认": 1, "硬件": 2, "等效": 1, "焦距": 1, "16mm-270": 1, "2.5": 1, "厘米": 1, "对焦": 1, "距离": 2, "整体": 1, "胜任": 1, "场景": 2, "时间": 3, "推移": 1, "价格": 10, "降到": 1, "3199": 1, "这是": 1, "最低": 1, "称之为": 1, "冰点价": 1, "对比": 3, "小米": 1, "9": 1, "魅族": 1, "16sPro": 1, "太": 2, "P30": 1, "Nova5Pro": 1, "三千": 1, "档次": 1, "性价比": 1, "价值": 2, "产品": 8, "上半年": 1, "算是": 1, "给力": 1, "如今": 2, "购买": 1, "时效性": 1, "友商": 1, "竞品": 1, "稍微": 1, "欠缺": 1, "劝": 1, "暂时": 1, "晚上": 1, "7点": 1, "发布会": 4, "包括": 2, "20s": 6, "在内": 1, "预告": 2, "总裁": 2, "赵明": 5, "划分": 2, "产品线": 1, "V系列": 1, "honor": 1, "X系列": 1, "play": 2, "请": 1, "magic": 2, "不见": 1, "据说": 1, "主打": 2, "探索": 1, "黑科技": 1, "机型": 2, "V30pro": 1, "第一": 3, "背部": 2, "类似于": 1, "蝶形": 1, "幻光": 1, "纹理": 3, "称": 1, "蝶羽": 1, "蓝色": 2, "白色": 1, "黑色": 2, "配色": 2, "LCD": 2, "挖": 2, "孔": 2, "PPI": 1, "412": 1, "自拍": 3, "功能": 5, "软件": 1, "开发": 1, "针对": 1, "对象": 1, "千": 2, "面的": 1, "美颜": 2, "效果": 2, "人像": 1, "超级": 1, "夜景": 1, "模式": 1, "人物": 1, "夜晚": 1, "背景": 1, "针对性": 1, "优化": 1, "给出": 2, "表现": 1, "照片": 1, "台": 1, "一个": 5, "vlog手机": 1, "视频": 2, "20W快充": 1, "肤质": 1, "鉴定": 1, "食物": 1, "卡路里": 1, "计算": 1, "品牌": 3, "旗下": 1, "能力": 1, "起售": 1, "1899": 1, "第二": 2, "play3": 2, "实话": 1, "乍": 1, "瞅": 1, "刚才": 1, "好像": 1, "区别": 1, "很多": 2, "入门": 1, "长": 2, "脸": 2, "称为": 1, "星光": 1, "律动": 1, "红色": 1, "暗光人": 1, "参数": 1, "赵明说": 1, "直出": 1, "估计": 2, "索尼": 1, "IMX586": 1, "710F": 1, "方舟": 1, "编译器": 1, "加速": 1, "测试": 9, "环节": 2, "吊打": 1, "710": 1, "现场": 1, "表演": 1, "摔": 1, "展示": 1, "质量": 2, "起步": 2, "999": 1, "17日": 1, "首销": 1, "第三": 2, "手环": 1, "5": 1, "篮球版": 1, "项": 1, "篮球": 1, "数据": 2, "检测": 2, "带有": 1, "诸多": 1, "运动": 2, "129": 1, "李现": 1, "上台": 1, "十月份": 1, "芯片": 1, "第四": 1, "magicbook": 1, "pro锐": 1, "龙版": 1, "AMD": 1, "锐龙": 1, "4699": 1, "linux": 1, "系统": 1, "版本": 2, "4399": 1, "如图": 1, "本场": 1, "结束": 1, "同学": 1, "拜": 2, "5G": 23, "布局": 1, "世界": 3, "分化": 1, "各国": 1, "重要性": 1, "达成": 2, "共识": 1, "力度": 2, "进度": 3, "全球": 4, "三大": 1, "海湾": 1, "国家": 8, "韩国": 1, "大规模": 1, "建设": 5, "落地": 1, "未来": 3, "通讯": 1, "计划": 1, "欧洲": 1, "部署": 2, "站点": 1, "澳大利亚": 1, "美国": 17, "新西兰": 1, "4G": 5, "尚未": 1, "跨入": 1, "过渡": 1, "仍旧": 1, "副": 1, "董事长": 1, "徐直军": 1, "政府": 1, "给予": 1, "电信": 4, "运营商": 9, "出台": 1, "政策": 1, "频谱": 1, "牌照": 1, "费用": 1, "低": 2, "切实": 1, "基础": 1, "设施": 1, "数字": 2, "经济": 2, "发展": 3, "关注": 1, "截止": 1, "末": 1, "基站": 7, "数量": 2, "占": 2, "一半": 2, "引领": 1, "环境": 1, "发货量": 1, "超过": 2, "15万": 1, "2019年": 1, "50万": 1, "创始人": 1, "任正非": 1, "此前": 1, "接受": 1, "外媒": 1, "采访": 1, "今年华": 1, "供应量": 1, "60万": 1, "明年": 1, "生产": 1, "150万": 1, "零部件": 1, "均": 1, "影响": 1, "无疑": 1, "振奋": 1, "人心": 1, "实体": 4, "清单": 4, "搬起": 1, "石头": 1, "砸": 1, "脚": 1, "反观": 1, "铺设": 1, "五月份": 1, "列入": 3, "威胁": 1, "名义": 1, "排除": 1, "名单": 1, "企业": 3, "中断": 2, "合作": 3, "受伤": 1, "不仅仅": 1, "营收": 2, "大跌": 1, "90": 4, "临时": 2, "许可": 2, "分析": 1, "人士": 1, "指出": 1, "地区": 2, "设备": 4, "之间": 2, "紧密": 1, "关系": 1, "一时半会": 1, "切断": 1, "快": 3, "可谓": 2, "三月": 2, "网络": 3, "显示": 1, "更换": 1, "掉": 1, "为此": 1, "补贴": 1, "相关": 1, "理想": 1, "牵扯": 1, "成本": 1, "因素": 1, "发达": 1, "城市": 2, "较为": 2, "成熟": 1, "运营": 1, "方案": 1, "中小型": 1, "农村": 1, "大型": 1, "发力": 1, "小型": 1, "主力": 1, "便宜": 1, "首选": 1, "美": 1, "跑": 1, "优秀": 1, "6月": 1, "知名": 2, "Sprint亚特兰大": 1, "达拉斯-沃斯堡": 1, "休斯顿": 1, "堪萨斯城": 1, "芝加哥": 1, "洛杉矶": 1, "纽约": 1, "凤凰城": 1, "华盛顿": 1, "特区": 1, "服务": 1, "同期": 1, "展开": 1, "过程": 1, "LG": 4, "V50": 2, "G8": 2, "负责": 2, "网速": 3, "Sprint": 2, "基于": 1, "2.5GHz": 1, "中频": 1, "无线": 1, "电波": 1, "平均": 1, "下载": 2, "速度": 4, "秒": 2, "109": 1, "Mbps": 2, "434": 1, "3.74Mbs": 1, "相比": 1, "年初": 1, "速率": 1, "公布": 1, "意大利": 1, "快的": 1, "之中": 1, "高达": 2, "2.7Gbps": 1, "测速": 1, "日本": 1, "4.52Gb": 1, "公司": 1, "天一": 1, "基本上": 1, "倍": 1, "时长": 1, "分钟": 1, "高码率": 1, "电视": 1, "确认": 1, "在线": 1, "8K": 1, "终于": 1, "戏": 1, "(": 1, "7259296": 1, ")": 1}