{"华为": 209, "企业": 37, "文化": 14, "很多": 20, "公司": 34, "关注": 3, "短短": 2, "三十": 1, "多年": 2, "世界": 7, "科技": 11, "行业": 4, "领先": 1, "地位": 2, "都": 26, "想": 7, "从中": 2, "探寻": 1, "奥秘": 1, "！": 8, "薪酬": 1, "制度": 8, "重视": 2, "科研": 1, "人才": 15, "第一": 3, "梦想": 2, "感": 1, "兴趣": 1, "话题": 2, "宣传片": 8, "成长": 3, "一家": 5, "全球化": 4, "明白": 1, "一个": 20, "平凡": 1, "辛勤": 1, "付出": 2, "讲": 2, "故事": 3, "学习": 5, "榜样": 1, "努力": 4, "拼搏": 2, "辛苦": 7, "精神": 3, "这是": 2, "很": 18, "内部": 5, "拍": 4, "真实": 3, "印象": 1, "深刻": 1, "非洲": 7, "荒漠": 1, "棵": 2, "孤零零": 2, "树": 2, "坚强": 1, "活": 1, "负责": 2, "开发": 3, "业务": 13, "员工": 33, "拒绝": 2, "离开": 2, "停下": 1, "车": 1, "半": 1, "小时": 4, "死磕": 1, "打听": 1, "客户家": 1, "举办": 1, "婚礼": 1, "不请自来": 1, "客户": 7, "最终": 5, "真诚": 1, "打动": 2, "机会": 5, "一点": 4, "成就": 3, "来之不易": 1, "寸": 2, "山河": 1, "血": 1, "当地": 3, "技术员": 3, "拼命": 1, "颗": 1, "子弹": 1, "挡": 1, "感动": 2, "项": 2, "喜欢": 4, "网络": 7, "调查": 1, "97%": 1, "网友": 9, "3%": 1, "有人": 5, "不错": 4, "电影": 3, "广告": 2, "误": 1, "华为人": 5, "写照": 1, "感到": 3, "震撼": 1, "敬业": 2, "敬佩": 1, "维护": 1, "基站": 5, "真的": 2, "国内": 5, "城市": 4, "建": 5, "荒郊": 1, "野外": 1, "地方": 3, "维修": 1, "空调": 1, "有时候": 2, "忙活": 1, "饭": 1, "吃": 1, "商店": 1, "饭馆": 1, "荒芜": 1, "房子": 1, "座": 1, "铁塔": 1, "作伴": 1, "工程师": 1, "夜睡机": 1, "房": 1, "常事": 1, "电信": 1, "机房": 1, "工作": 6, "见识": 1, "勤奋": 1, "中国": 20, "海外": 5, "扩展": 1, "市场": 18, "经历": 1, "艰难": 2, "自然": 2, "环境": 1, "恶劣": 1, "蚊虫": 1, "叮咬": 1, "炎热": 1, "干旱": 1, "地广人稀": 1, "交通": 1, "落后": 2, "吃饭": 1, "生活": 2, "习惯": 3, "差异": 1, "常人": 1, "忍受": 1, "一两": 1, "个例": 1, "接触": 2, "拼": 2, "值得": 5, "高薪": 1, "了不起": 2, "使命感": 1, "复旦": 1, "毕业": 1, "大学生": 1, "派驻": 1, "国家": 8, "一点点": 1, "欧洲": 6, "发达国家": 1, "农村": 1, "包围": 1, "服务": 5, "先进": 4, "技术": 13, "信服": 1, "GPS": 1, "北斗": 1, "导航": 1, "系统": 5, "操作": 3, "安卓": 1, "苹果": 5, "自主": 1, "研发": 2, "鸿蒙": 1, "麒麟": 2, "芯片": 9, "自立": 1, "自豪": 1, "开来": 1, "分享": 4, "咬": 1, "口": 1, "剩下": 1, "分给": 1, "logo": 1, "高下": 1, "博人": 1, "眼球": 1, "嫌疑": 1, "一线": 2, "资金": 1, "精力": 1, "提升": 3, "产品": 15, "质量": 2, "希望": 3, "突破": 1, "哗众取宠": 1, "坚定": 1, "信念": 1, "勇敢": 1, "面对": 1, "道路": 1, "波折": 1, "困难": 1, "狼性": 1, "危机感": 1, "居安思危": 1, "体现": 3, "传统": 1, "儒家": 1, "包容": 1, "坚韧": 1, "谦逊": 1, "优秀": 1, "领导者": 1, "理念": 2, "奠定": 1, "团队": 2, "灵魂": 1, "任正非": 16, "成千上万": 1, "身上": 1, "完美": 4, "诠释": 1, "2015年": 1, "换血": 1, "改革": 1, "老": 2, "扛": 1, "不住": 1, "压力": 3, "纷纷": 2, "开刀": 1, "胆识": 1, "魄力": 1, "佩服": 1, "卓越": 1, "目标": 6, "不懈努力": 1, "联想": 1, "亮剑": 1, "李": 1, "云龙": 1, "观点": 1, "军魂": 1, "最初": 1, "创立者": 1, "建立": 3, "家属": 1, "不远万里": 1, "跟着": 1, "老公": 1, "来到": 2, "陌生": 2, "丈夫": 2, "下班": 1, "到家": 1, "晚上": 1, "10点": 1, "程度": 1, "平常": 1, "时间": 10, "陪伴": 2, "家人": 2, "孩子": 3, "带": 1, "理解": 2, "加班": 1, "晚": 1, "才": 7, "回家": 1, "抱怨": 1, "生气": 1, "太": 4, "一半": 2, "持有": 3, "股票": 1, "利润": 1, "用于": 1, "分红": 1, "归属感": 1, "荣誉感": 1, "快速": 2, "发展": 23, "带来": 7, "福利": 3, "凝聚力": 1, "当中": 2, "包括": 6, "本人": 1, "牺牲": 1, "照顾": 1, "家庭": 1, "如今": 4, "顾客": 1, "创造": 3, "价值": 7, "提供": 4, "机遇": 1, "带领": 1, "变革": 5, "社会": 4, "遍及": 1, "全球": 6, "亚洲": 3, "美洲": 1, "战乱": 1, "疾病": 1, "自然灾害": 1, "面临": 2, "挑战": 2, "挫折": 1, "迷茫": 2, "依然": 3, "岁月": 1, "静好": 1, "练就": 1, "一身": 1, "钢筋铁骨": 1, "负重": 1, "前行": 1, "收获": 1, "赢得": 1, "荣誉": 1, "跨越": 1, "民族": 3, "经济": 2, "鸿沟": 1, "周到": 1, "信息": 2, "融合": 1, "视频": 3, "平台": 2, "上线": 2, "中高层": 1, "管理者": 1, "位置": 1, "重要性": 1, "贡献": 3, "管理层": 2, "飘": 1, "忘记": 1, "初心": 1, "竞争": 4, "危机四伏": 1, "看待": 1, "媒体": 2, "6月": 7, "5日": 1, "报道": 2, "称": 4, "邮政": 4, "结为": 1, "战略": 1, "合作": 10, "伙伴": 2, "签署": 1, "相关": 4, "协议": 1, "不仅仅": 1, "物流": 2, "金融": 1, "、": 31, "创新": 4, "研究": 5, "消息": 7, "意味着": 1, "联邦": 6, "快递": 3, "终止": 1, "上周": 1, "传出": 3, "日本": 2, "越南": 1, "河内": 1, "工厂": 1, "发": 1, "包裹": 1, "转运": 1, "美国": 18, "对比": 1, "审视": 1, "关系": 3, "35年": 1, "大概": 1, "不曾": 1, "想到": 1, "卷入": 1, "信任": 1, "危机": 1, "随后": 2, "股价": 1, "应声": 1, "下跌": 1, "上一周": 1, "跌幅": 1, "4.8%": 1, "辟谣": 1, "说法": 1, "依旧": 1, "唤回": 1, "此次": 2, "果断": 1, "转而": 1, "选择": 7, "本土": 3, "电子": 1, "商务": 1, "拥有": 3, "通达": 1, "覆盖": 2, "城乡": 1, "全国": 1, "均": 2, "营业": 1, "网点": 1, "第二": 2, "智能": 5, "手机": 25, "销售商": 1, "强强联手": 1, "进一步": 2, "3日": 1, "工业": 1, "信息化": 1, "发布": 2, "通知": 1, "近期": 3, "5G": 27, "商用": 5, "牌照": 4, "提前": 3, "整整": 1, "近日": 3, "提速": 1, "激烈": 1, "稳步": 1, "推动": 2, "产业": 1, "加快": 1, "成熟": 1, "产业链": 1, "水平": 4, "加上": 2, "加持": 1, "踏入": 2, "时代": 1, "占据": 1, "份额": 1, "反倒": 1, "其5": 1, "G": 1, "建设": 1, "受益匪浅": 1, "一家家": 1, "美企": 1, "不可抗力": 1, "不得不": 1, "做出": 3, "导致": 3, "实在": 1, "苦": 1, "投稿": 1, "来源": 1, "：": 10, "章": 2, "投资": 2, "高国": 1, "垒评": 1, "财经": 1, "考察": 1, "调研": 2, "发现": 1, "不少": 4, "奇葩": 7, "特质": 1, "自家湖": 2, "悄悄": 1, "养": 4, "黑天鹅": 9, "活学": 3, "活用": 3, "川普": 4, "葛底斯堡": 4, "演讲": 4, "承担": 1, "使命": 1, "以人为本": 7, "从来": 3, "历史": 5, "陈列馆": 4, "……": 3, "思维": 3, "1": 7, "为首": 1, "富有": 1, "理想": 2, "务实": 1, "针对": 1, "永远": 4, "入主": 2, "白宫": 2, "早已": 2, "提出": 1, "100": 2, "施政": 1, "计划": 2, "政府": 2, "出台": 3, "条": 5, "法令": 2, "废除": 1, "减少": 1, "繁文缛节": 1, "敏锐": 1, "启发": 1, "颁布": 1, "日落法": 1, "政策": 5, "就要": 2, "砍": 2, "掉": 3, "个旧": 2, ";": 6, "流程": 2, "打压": 2, "确实": 1, "承受": 1, "公开": 1, "(": 4, ")": 4, "堡垒": 1, "松散": 1, "惰怠": 1, "之中": 1, "挤压": 1, "团结": 1, "密度": 1, "万众一心": 1, "下决心": 1, "做好": 2, "几十": 2, "强势": 1, "未来": 2, "优势": 1, "决心": 1, "改变": 3, "磨难": 1, "始终": 1, "前段": 3, "围绕": 1, "996": 2, "讨论": 1, "纷纷扰扰": 1, "发表": 1, "篇": 1, "评论": 2, "怼完": 1, "劳动者": 2, "雇主": 1, "这次": 1, "文集": 1, "套": 2, "清晰": 2, "认知": 1, "体系": 1, "奋斗者": 1, "长期": 1, "艰苦奋斗": 1, "留给": 1, "层面": 1, "事情": 3, "引擎": 1, "动力": 1, "分配": 1, "撬动": 1, "最佳": 3, "角色": 1, "加速": 13, "人员": 2, "流动": 1, "实行": 2, "末位": 1, "淘汰": 1, "退休": 2, "见解": 1, "本身": 1, "能量": 4, "不由得": 1, "意识": 1, "计划经济": 1, "阶段": 1, "未能": 1, "未能人": 1, "浪费": 1, "推行": 3, "人尽其才": 1, "越来越": 3, "自由": 2, "我国": 3, "领域": 2, "处于": 1, "追赶": 1, "创业": 1, "赶超": 1, "朝九晚五": 1, "生产": 6, "提高": 3, "设备": 1, "运转": 1, "时长": 2, "折旧": 5, "类似": 2, "成果": 3, "相当于": 2, "换取": 1, "报酬": 1, "年限": 1, "过程": 1, "反而": 1, "脱胎换骨": 1, "参与": 4, "3": 4, "杯": 3, "咖啡": 4, "吸引": 1, "宇宙": 2, "2000年": 1, "2001年": 2, "2G": 1, "3G": 2, "过渡": 1, "时期": 1, "部门": 5, "迟迟": 1, "发放": 2, "速度": 5, "大幅度": 1, "下降": 1, "业绩": 1, "时间点": 1, "多元化": 2, "寻找": 1, "增长点": 1, "难": 3, "走": 2, "路": 2, "聚焦": 3, "多元": 1, "奋力": 2, "开拓": 2, "国际": 3, "解决": 2, "风险": 1, "持续": 2, "核心": 2, "可谓": 1, "九死一生": 1, "将士们": 1, "征战": 1, "硬仗": 1, "苦仗": 1, "赘述": 1, "轻松": 1, "应邀": 1, "西方": 1, "喝": 1, "配备": 2, "咖啡机": 1, "一点一滴": 1, "国外": 2, "对接": 1, "园区": 2, "饮食": 1, "供应": 1, "宗教": 1, "信仰": 1, "需求": 1, "虔诚": 1, "穆斯林": 1, "祷告": 1, "支持": 7, "吸收": 2, "开放": 2, "符号": 1, "模样": 1, "总编": 1, "对谈": 1, "参访": 1, "位于": 2, "深圳": 1, "总部": 1, "方舟": 1, "实验室": 1, "展厅": 1, "东莞": 1, "南方": 1, "基地": 3, "溪流": 1, "背坡村": 1, "干部": 1, "交流": 1, "挑": 1, "有意思": 1, "细节": 1, "坂田": 2, "A区": 1, "漂亮": 1, "天鹅湖": 1, "湖里": 1, "走近": 1, "湖边": 1, "害怕": 2, "副": 1, "怡然自得": 1, "样子": 1, "寓意": 1, "俄罗斯": 1, "数学": 1, "算法": 1, "法国": 1, "美学": 1, "材料": 1, "十几": 1, "机构": 3, "外籍": 2, "专家": 2, "占比": 1, "90%": 1, "进程": 1, "遭遇": 2, "难以": 1, "预测": 2, "尽力": 1, "栖息地": 1, "布局": 2, "限度": 1, "捕捉": 1, "跳变": 1, "壮大": 1, "展示馆": 2, "客观": 1, "经验": 1, "教育": 1, "来宾": 1, "正面": 1, "作用": 1, "找": 1, "答复": 1, "向前": 2, "辉煌": 1, "更新": 1, "方案": 2, "展示厅": 1, "年收入": 1, "1000多": 1, "亿": 1, "美元": 1, "创始人": 2, "70多": 2, "岁": 2, "恋": 1, "过往": 1, "着实": 1, "不易": 1, "厨师": 3, "队伍": 1, "国际化": 1, "人力": 1, "资源": 1, "能力": 6, "中心": 3, "炸开": 1, "金字塔": 1, "塔尖": 1, "结构": 3, "外部": 1, "秩序": 1, "端倪": 1, "贵宾楼": 1, "午餐": 1, "熙熙攘攘": 1, "前来": 2, "就餐": 1, "白人": 1, "有色": 2, "人种": 1, "偶尔": 1, "穿着": 1, "工作服": 1, "进出": 1, "人士": 1, "第三": 1, "朵": 4, "红多久": 1, "下足": 1, "功夫": 2, "大型": 1, "屹立": 1, "倒": 1, "难上加难": 1, "明了": 1, "保障": 1, "2018年": 1, "年报": 1, "披露": 1, "100%": 1, "民营": 1, "工会": 1, "持股": 6, "人数": 1, "96,768": 1, "股权": 1, "2019年": 2, "1月": 1, "代表会": 2, "换届": 1, "选举": 1, "115": 1, "名": 3, "代表": 3, "18": 2, "候补": 1, "全体": 1, "行使": 1, "权利": 1, "………": 1, "担心": 2, "懈怠": 1, "此番": 2, "制裁": 1, "一针": 1, "免疫": 1, "疫苗": 1, "倒下": 2, "变得": 1, "强大": 1, "起码": 1, "短期": 1, "内": 2, "效果": 2, "强人": 2, "本书": 1, "迷雾": 1, "弥散": 1, "周遭": 1, "前方": 1, "诸多": 1, "不确定性": 2, "随时": 1, "貌似": 1, "组织": 1, "拖入": 1, "陷阱": 1, "那种": 1, "取代": 1, "想法": 1, "现实": 2, "角度": 2, "来讲": 1, "IBM": 2, "爱立信": 1, "谷歌": 7, "意义": 1, "不止": 1, "对此": 1, "深感": 1, "认同": 1, "因素": 2, "众多": 1, "独特": 1, "品质": 1, "佐证": 1, "事例": 1, "咨询": 2, "少有": 1, "成功": 3, "依赖": 1, "落地": 2, "取决于": 1, "掌舵人": 2, "拿捏": 1, "分寸": 1, "火候": 1, "一次次": 1, "得以": 1, "扎实": 1, "商业史": 1, "大都": 1, "柯达": 1, "惠普": 1, "赖以": 1, "价值观": 1, "并无二致": 1, "追求": 1, "最新": 1, "利益": 3, "巨无霸": 1, "荣光": 1, "不再": 1, "原因": 3, "贯彻": 2, "执行": 1, "面前": 1, "更替": 1, "都会": 1, "大增": 1, "尊敬": 1, "警惕": 1, "肤浅": 1, "模仿": 1, "横向": 1, "——": 1, "通走": 1, "好华": 1, "实践": 1, "环": 1, "扣": 1, "牢": 1, "逻辑": 1, "链条": 1, "断裂": 1, "将来": 1, "献上": 1, "无数": 2, "鲜花": 1, "掌声": 1, "隔三差五": 1, "酸涩": 2, "嘲讽": 1, "续写": 1, "传奇": 1, "尝": 1, "祝愿": 2, "健康": 1, "长": 1, "国人": 2, "商业": 1, "文明": 1, "当下": 2, "态度": 4, "也许": 1, "情绪": 1, "大义": 1, "裹挟": 1, "高国垒": 1, "管理": 1, "合伙人": 1, "哥伦比亚": 1, "大学": 2, "高级": 1, "访问": 1, "学者": 1, "富士康": 3, "停止": 5, "生产线": 3, "站出": 1, "回应": 2, "订单": 2, "路程": 1, "影响": 10, "影响力": 2, "迎合": 1, "暂停": 2, "代工厂": 2, "伟创力": 1, "代工": 1, "停工": 1, "休息": 1, "近段": 1, "舆论": 1, "产量": 3, "或者是": 1, "销量": 3, "降低": 3, "否认": 1, "回": 1, "爆出": 1, "情况": 5, "错误": 1, "调整": 1, "件": 2, "到底": 1, "事件": 1, "一系列": 2, "动作": 1, "大部分": 1, "看重": 1, "消费者": 5, "成绩": 3, "预知": 1, "去年": 1, "销售": 1, "余承东": 1, "制定": 1, "想要": 3, "2.5": 1, "台": 4, "超过": 3, "三星": 2, "厂商": 3, "一部分": 1, "毕竟": 1, "势头": 1, "起色": 1, "印度": 1, "放心": 1, "基本上": 1, "购买": 3, "不用": 2, "强求": 1, "国产": 1, "品牌": 2, "MWC": 1, "2019": 1, "推出": 1, "款": 8, "折叠": 3, "屏": 1, "Mate": 6, "X": 5, "售卖": 1, "热烈": 1, "亮点": 1, "采用": 3, "屏幕": 1, "设计": 5, "官方": 7, "称为": 1, "鹰翼": 1, "180": 1, "度": 1, "翻折": 1, "含量": 1, "高度": 1, "旗下": 1, "唯一": 1, "具备": 1, "通信": 1, "搭载": 1, "麒麟980": 1, "处理器": 1, "巴龙": 1, "5000": 1, "4": 2, "天线": 1, "下载": 4, "4.6Gbps": 1, "完善": 1, "外界": 1, "何种": 1, "体验": 2, "颁发": 1, "秋季": 1, "三大": 1, "运营商": 1, "也就是说": 2, "普及": 1, "等到": 2, "4日": 1, "终端": 2, "产品线": 1, "总裁": 1, "何刚": 2, "上网": 1, "信号": 1, "上海": 1, "研究所": 1, "办公室": 1, "实测": 1, "刚": 2, "Speedtest": 1, "测速网": 1, "测试": 1, "显示": 1, "联通": 1, "节点": 1, "行速率": 1, "1Gbps": 2, "上行": 1, "接近": 1, "Mbps": 1, "等于": 1, "128M/s,而4G": 1, "1.5M/s-10M/s": 1, "如此一来": 1, "4G": 1, "快": 1, "至少": 1, "10": 1, "倍": 1, "新闻": 1, "刷": 1, "网页": 1, "节省": 1, "等待": 1, "获取": 1, "小编": 1, "流量": 1, "超": 2, "优点": 1, "期望": 1, "登场": 2, "预计": 1, "24日": 1, "首批": 1, "备货量": 1, "10万": 2, "官网": 1, "亮相": 1, "售价": 1, "未": 1, "公布": 1, "首款": 1, "价格": 2, "不菲": 1, "前期": 1, "买": 1, "钱": 1, "后期": 1, "低": 1, "之内": 1, "爱国": 1, "正式": 1, "元年": 1, "迎接": 1, "契机": 1, "专利": 1, "排名": 1, "2570": 1, "42": 1, "合同": 1, "发货量": 1, "实力": 1, "雄厚": 1, "收到": 1, "屹立不动": 1, "X手机": 1, "高科技": 1, "转眼": 1, "过半": 1, "忙碌": 1, "大半年": 1, "犒劳": 1, "正好": 1, "赶上": 1, "电商": 1, "年中": 1, "促销": 2, "盛典": 1, "优惠": 1, "惊喜": 1, "数码": 1, "装备": 1, "人气": 1, "旺": 1, "618年": 1, "大促": 1, "如火如荼": 1, "多重": 1, "晒": 1, "出年": 1, "愿单": 2, "说出": 1, "赢取": 1, "P30": 10, "Pro": 5, "FreeLace": 4, "无线": 3, "耳机": 4, "WATCH": 2, "GT": 1, "手表": 1, "平板": 2, "M5": 2, "万元": 3, "大礼包": 2, "活动": 7, "倍感": 1, "开心": 1, "瞬间": 1, "转发": 1, "刷屏": 1, "互动": 1, "眼下": 2, "高考": 1, "在即": 1, "高三": 1, "学生": 2, "许愿": 2, "阿诗大王": 2, "Stand-alone_": 1, "如愿": 1, "专业": 1, "系列": 4, "留言": 2, "感光": 1, "徕卡": 1, "四": 2, "摄": 1, "全新": 1, "渐变色": 1, "征服": 1, "党": 1, "；": 1, "狐狸": 1, "小凡凡yu": 1, "魅力": 1, "音乐会": 1, "爱豆": 1, "归功": 1, "800万": 1, "像素": 1, "潜望式": 1, "变焦": 1, "双景": 1, "录像": 1, "超级": 1, "摄影": 1, "功能": 1, "距离": 2, "看清": 1, "偶像": 2, "同框": 1, "追星": 1, "必备": 1, "神器": 1, "年轻人": 1, "离身": 1, "戴": 10, "瘾": 1, "这几天": 1, "观察": 1, "点名": 1, "最多": 1, "入耳式": 1, "记忆": 1, "金属": 1, "材质": 1, "佩戴": 1, "舒适": 1, "号称": 2, "项链": 1, "感觉": 1, "IPX5": 1, "防水": 1, "防汗": 1, "橙色": 1, "绿色": 1, "黑色": 1, "银色": 1, "风格": 1, "隐藏式": 1, "USB": 1, "Type-C": 1, "接口": 1, "展开": 1, "插入": 1, "自动": 1, "充电": 2, "配对": 1, "5": 1, "分钟": 1, "续航": 1, "满电": 1, "状态": 1, "听": 2, "音乐": 2, "通话": 1, "12": 1, "年轻": 1, "族": 1, "时尚": 1, "实用": 1, "接连不断": 1, "618": 7, "晒出": 1, "年中心": 1, "热情": 2, "本次": 1, "@": 1, "抽奖": 2, "随即": 1, "抽取": 1, "送出": 1, "奖品": 2, "HUAWEI": 3, "Pro（8GB": 1, "+": 2, "256GB": 1, "GT雅": 1, "致款": 1, "支": 1, "青春版": 1, "10.1": 1, "英寸": 1, "4GB": 1, "128GB": 1, "颜色": 1, "随机": 1, "截止": 1, "17日": 1, "12:00": 1, "段": 1, "心动": 1, "小伙伴们": 1, "不妨": 1, "朋友": 1, "说不定": 1, "锦鲤": 1, "一年一度": 1, "营销": 1, "扑面而来": 1, "期间": 2, "伴": 1, "主题": 1, "超值": 1, "六一": 1, "开门红": 1, "借势": 1, "儿童节": 1, "发起": 1, "战绩": 1, "喜爱": 1, "旗舰店": 1, "全场": 1, "景大": 1, "礼包": 1, "满满": 1, "宠爱": 1, "期待": 1, "5月": 1, "中旬": 1, "美国商务部": 1, "列入": 1, "实体": 1, "管制": 1, "名单": 1, "为由": 2, "输出": 1, "软银": 1, "断绝": 1, "往来": 1, "合作商": 1, "ARM": 7, "出口": 1, "未雨绸缪": 1, "买下": 1, "V8": 2, "永久": 1, "使用权": 1, "架构": 1, "修改": 1, "升级": 2, "改造": 1, "并非": 1, "竞争者": 1, "冷落": 1, "争抢": 1, "惧怕": 1, "六月份": 1, "英国": 5, "巨头": 1, "挺身而出": 1, "最为": 1, "关头": 1, "伸出": 1, "援手": 1, "这家": 1, "乐格": 7, "名字": 1, "听上去": 1, "半导体": 5, "独立": 1, "供应商": 3, "四分之三": 1, "营收": 1, "来自于": 1, "上市": 1, "市值": 1, "第五": 1, "1日": 1, "CEO": 1, "贸易战": 2, "无条件": 1, "站": 2, "危难": 1, "时刻": 1, "站队": 2, "欣慰": 2, "采访": 1, "巴格赫利": 1, "东西": 1, "制造": 1, "番": 1, "言论": 1, "看上去": 1, "无奈": 1, "事实": 1, "不可或缺": 1, "忽视": 1, "荷兰": 1, "德国": 1, "再度": 1, "倾向于": 1, "戴乐格": 1, "公平": 1, "不平等": 1, "对待": 1, "明智": 1, "定价": 1, "眼镜": 1, "想必": 1, "半导体所": 1, "明智之举": 1, "对抗": 1, "挺": 1, "难关": 1}