{"华为": 236, "新品": 5, "北京": 4, "时间": 13, "3月": 7, "26日": 6, "晚上": 2, "九点": 1, "法国": 5, "巴黎": 9, "发布会": 32, "正式": 10, "发布": 23, "款": 29, "P系列": 7, "手机": 80, "——": 19, "P30": 138, "、": 78, "Pro": 77, "此次": 5, "系列": 58, "亮点": 2, "依旧": 8, "拍照": 28, "功能": 33, "余承东": 9, "：": 20, "提供": 5, "媲美": 1, "专业": 4, "单反": 4, "相机": 21, "能力": 6, "支持": 36, "40": 4, "W": 5, "SuperCharge": 1, "快充": 5, "12000": 3, "mAh": 9, "电源": 3, "FreeBuds": 4, "Lite": 4, "蓝牙": 7, "无线": 21, "耳机": 17, "Watch": 6, "GT": 9, "配色": 4, "GENTLE": 4, "MONSTER": 3, "联名": 1, "智能": 17, "太阳": 2, "眼镜": 7, "硬件": 8, "产品": 22, "可谓": 2, "徕卡": 8, "三": 11, "摄": 15, "迎来": 2, "升级": 7, "新增": 5, "ToF": 7, "摄像头": 50, "加上": 1, "四": 12, "这次": 21, "采用": 41, "方案": 10, "4000万": 15, "素f": 3, "1.8": 1, "等效": 6, "27": 2, "1600万": 5, "2.2": 2, "超": 4, "广角": 13, "17": 1, "800万": 11, "素长": 5, "焦": 6, "3": 9, "倍": 30, "光学": 12, "变焦": 24, "80": 1, "素主": 4, "光圈": 4, "f1.6": 1, "2000万": 4, "16": 2, "长焦": 11, "镜头": 34, "潜望镜": 1, "结构": 7, "f3.4": 1, "5": 10, "125": 3, "景深": 2, "具备": 4, "讲到": 1, "传感器": 8, "RYYB": 7, "色彩": 4, "排列": 5, "方式": 9, "进光量": 7, "提升": 12, "40%": 4, "元件": 3, "体积": 2, "常规": 2, "感光": 6, "125%": 1, "理解": 1, "当中": 2, "大一": 1, "压死": 1, "兼": 1, "微距": 1, "2.5cm": 1, "对焦": 3, "Dxo分数": 1, "112": 6, "50": 12, "数码": 9, "很多": 5, "创新": 6, "长": 5, "曝光": 5, "对比": 12, "快门": 3, "参数": 4, "参考": 3, "价值": 2, "DxoMark": 1, "榜单": 3, "分数": 1, "单项": 2, "得分": 3, "119分": 2, "排名": 2, "第一": 7, "一个": 17, "值得": 1, "iso": 1, "极限": 3, "数值": 1, "204800": 1, "409600": 4, "现场": 14, "展示": 6, "三星galaxy": 1, "S10+": 3, "iPhone": 10, "XS": 3, "MAX": 1, "组长": 1, "三台": 1, "横向": 1, "公平": 1, "前置": 2, "都": 26, "3200万": 1, "像素": 16, "AI美颜": 1, "AI": 5, "HDR+": 2, "技术": 11, "图片": 4, "动态": 1, "视频": 7, "OIS": 1, "防抖": 4, "推出": 8, "双景": 4, "录像": 5, "开启": 3, "记录": 3, "画面": 2, "屏幕": 15, "显示": 1, "潜望": 3, "镜式": 2, "混合": 4, "30": 2, "曲面": 2, "窄": 5, "边框": 5, "设计": 21, "搭载": 10, "EMUI": 4, "9.1": 4, "尺寸": 3, "6.1": 1, "英寸": 3, "6.47": 2, "均": 10, "水滴屏": 2, "2340": 2, "×": 2, "1080": 2, "OLED": 3, "顶端": 1, "两侧": 2, "进一步": 4, "收窄": 1, "顶部": 1, "2.2mm": 1, "宽": 1, "3.68": 1, "电池": 7, "容量": 5, "3650": 3, "4200": 4, "40W快充": 1, "15W": 3, "充电": 21, "重量": 1, "165g": 1, "192g": 1, "机身": 2, "改变": 2, "取消": 3, "3.5": 2, "接口": 3, "转而": 1, "发声": 3, "背面": 1, "再有": 1, "指纹": 4, "开孔": 1, "屏下": 1, "解锁": 2, "防护": 1, "等级": 2, "差异": 1, "IP": 5, "68": 3, "防水": 4, "防尘": 4, "IP53": 1, "意味着": 1, "承受": 1, "短": 1, "泡水": 1, "性能": 6, "麒麟980": 5, "处理器": 3, "系统": 7, "安卓": 2, "9.0内核": 1, "介绍": 3, "启用": 1, "屏手势": 1, "替代": 3, "颗": 4, "虚拟": 1, "按键": 2, "独立": 3, "按住": 1, "电源键": 1, "1": 1, "秒": 4, "激活": 1, "谷歌": 1, "AI助手": 1, "国内": 10, "肯定": 2, "车": 3, "钥匙": 5, "汽车": 2, "7": 1, "奥迪": 2, "车型": 1, "W快": 2, "充移动": 1, "听歌": 1, "太阳镜": 2, "堆": 1, "配件": 3, "带来": 6, "周边": 1, "包括": 4, "充电宝": 7, "40W": 4, "SuperCharger": 1, "FreeLace": 2, "常见": 1, "颈挂式": 1, "值得一提的是": 2, "type-C": 1, "借口": 1, "插": 1, "4": 3, "分钟": 1, "小时": 5, "共有": 1, "黑白": 2, "颜色": 7, "12": 1, "续航": 3, "入耳式": 1, "被动": 2, "降噪": 4, "watch": 1, "换壳": 1, "活力款": 4, "46": 2, "雅致款": 5, "表盘": 4, "42": 2, "铁人": 1, "项": 8, "模式": 5, "联合": 2, "67": 1, "眼镜架": 1, "扬声器": 2, "/": 6, "麦克风": 1, "设备": 3, "触控": 1, "操作": 1, "半": 2, "位于": 1, "镜腿处": 1, "听": 1, "音乐": 1, "眼镜盒": 1, "无限": 1, "内置": 2, "200mAh": 1, "NFC": 2, "接触式": 1, "7月": 1, "上市": 3, "售价": 11, "999": 3, "欧元": 15, "起步": 4, "价格": 10, "版本": 10, "6GB": 2, "+": 21, "128GB": 5, "799": 3, "人民币": 14, "6054": 1, "元": 21, "8GB": 7, "7570": 1, "256GB": 2, "1099": 2, "8328": 1, "512GB": 2, "1249": 2, "9466": 1, "99": 1, "750": 1, "活力": 3, "249": 2, "1886": 1, "229": 2, "1735": 1, "119": 2, "901": 1, "超越": 5, "Mate": 13, "贵": 3, "首发": 2, "6": 2, "GB": 1, "849": 1, "出货量": 5, "中流砥柱": 1, "短板": 4, "补足": 1, "消费者": 13, "买账": 1, "本文": 2, "钛": 1, "媒体": 3, "作者": 1, "智小云": 1, "编辑": 1, "欧": 5, "今晚": 2, "发": 1, "旗舰": 6, "—": 1, "标志性": 1, "英语": 1, "口音": 1, "配置": 8, "信息": 4, "唯一": 5, "未": 2, "国行版": 2, "等到": 1, "最终": 3, "公布": 5, "陷入": 1, "思维": 1, "怪圈": 1, "盯": 1, "大嘴余": 1, "承东": 1, "刚刚": 2, "争去": 1, "欧版": 1, "国行": 8, "内存": 1, "针对": 2, "降低": 1, "入手": 1, "门槛": 1, "丐版": 1, "8+64G": 1, "保证": 3, "4000": 2, "以内": 1, "入门": 1, "30Pro": 1, "意义": 2, "总体": 1, "至少": 2, "去年": 5, "P20Pro": 1, "首发价": 1, "一点": 2, "看P": 1, "60": 3, "定价": 2, "策略": 3, "市场": 8, "面对": 1, "OPPO": 8, "vivo": 3, "小米": 1, "竞争": 3, "三星": 12, "棒子": 1, "打死": 1, "Galaxy": 4, "S10": 2, "降价": 1, "效果": 9, "复苏": 1, "未必": 1, "5999": 1, "导致": 2, "销量": 2, "比例": 1, "0.8%": 1, "3.6%": 1, "原因": 4, "6999": 1, "三星s10+": 1, "卖": 2, "W台": 1, "份额": 3, "总量": 1, "不大": 1, "5000+": 1, "高端机": 1, "抢": 1, "客户": 1, "晚": 3, "P30/P30": 4, "新机": 4, "卖点": 1, "核心": 1, "超长": 1, "超亮": 1, "夜景": 7, "相较": 1, "P20": 12, "很": 5, "尚未": 1, "快速": 5, "区别": 6, "这是": 5, "主摄": 2, "素超": 8, "潜望式": 14, "深感": 1, "关注": 1, "焦点": 1, "软硬件": 1, "配合": 5, "高达": 6, "看成": 1, "手机界": 1, "望远镜": 3, "解决": 4, "超远": 1, "距离": 2, "拍摄": 13, "抖动": 2, "长短": 1, "焦段": 3, "创新性": 1, "超级": 5, "带动": 1, "行业": 6, "发展": 5, "方向": 2, "如今": 1, "夜拍": 4, "ISO感": 1, "光度": 1, "102400": 1, "跃升": 1, "演示": 4, "光源": 1, "情况": 4, "大幅": 2, "领先": 4, "Max": 2, "获取": 1, "首次": 3, "此前": 3, "更多": 2, "RGGB": 1, "DXOMARK": 1, "评分": 8, "登上": 2, "榜首": 1, "占领": 1, "97分": 1, "稳居": 2, "名": 8, "成绩": 1, "素广": 1, "角主": 1, "摄像": 2, "组合": 3, "放": 2, "旗舰级": 1, "标准": 7, "正面": 2, "珍珠": 2, "屏": 4, "分辨率": 1, "同类": 1, "听筒": 1, "磁悬": 1, "声音": 3, "传输": 3, "识别": 1, "细节": 2, "典型": 1, "值": 1, "旗舰机": 1, "反向": 3, "标配": 3, "22.5W快充": 1, "视觉": 2, "纯平": 1, "机": 2, "手感": 1, "53": 1, "GPU": 1, "Turbo": 1, "3.0": 2, "运行": 1, "略": 1, "变化": 2, "整体": 3, "风格": 1, "预计": 1, "四月": 1, "上旬": 1, "届时": 2, "相比": 6, "欧洲": 3, "转换": 1, "便宜": 2, "官方": 2, "商城": 1, "预订": 1, "推荐": 2, "天空": 7, "境": 1, "工艺": 1, "盲订": 1, "笔者": 5, "购买": 2, "预估": 1, "相差": 1, "千": 1, "mAh大": 1, "体验": 6, "近期": 2, "泡泡网": 1, "拿到": 1, "Pro评": 1, "测机": 1, "层面": 1, "评测": 2, "走": 4, "类似于": 2, "路线": 1, "经历": 1, "多年": 2, "摸爬滚打": 1, "道路": 1, "惊艳到": 1, "稍稍": 2, "无感": 1, "顶峰": 1, "沾沾自喜": 1, "学习": 1, "巨头": 1, "挤": 1, "牙膏": 1, "更新": 4, "幅度": 1, "现实": 2, "登顶": 2, "不少": 2, "惊喜": 3, "感": 2, "实话": 2, "前期": 1, "内心": 1, "失望": 1, "渐入": 1, "高潮": 1, "感叹": 1, "钱": 2, "……": 3, "定义": 2, "数量": 2, "较劲": 1, "hmd": 1, "Nokia": 1, "蜂窝煤": 1, "算是": 1, "突破点": 1, "主流": 1, "厂商": 6, "喜欢": 1, "依然": 9, "套": 1, "原本": 2, "世界级": 1, "展会": 1, "放出": 1, "提前": 1, "秀": 3, "高管们": 1, "脸色": 1, "好看": 2, "回到": 1, "主题": 1, "提到": 3, "camera": 1, "做成": 2, "工作": 4, "辅助": 1, "人像": 7, "判定": 2, "头发丝": 2, "主体": 1, "关键": 1, "作用": 1, "世界": 2, "特定": 2, "才": 6, "短焦": 2, "大光圈": 1, "虚化": 3, "虚无缥缈": 1, "味道": 1, "非资深": 1, "用户": 13, "拍出": 1, "优秀": 2, "照片": 3, "ToF算法": 1, "优化": 3, "不仅仅": 3, "妥妥": 1, "坐稳": 1, "龙头": 1, "得意": 1, "算法": 5, "压": 1, "一头": 1, "百分之百出片率": 1, "毕竟": 1, "荣耀": 1, "V20": 1, "极致": 2, "抠": 1, "范畴": 1, "大底": 2, "拔高": 3, "ISO": 7, "提出": 1, "索尼": 5, "枚": 4, "CMOS": 6, "理论": 1, "IMX600": 2, "改款": 1, "型号": 1, "未知": 1, "并非如此": 1, "流传": 1, "3800万": 1, "IMX607": 1, "一大": 1, "截": 1, "不说": 1, "C画": 1, "幅": 1, "开到": 3, "10000": 1, "噪点": 2, "满满": 1, "画幅": 1, "勉强": 1, "20万": 1, "想象": 2, "台": 6, "狭小": 1, "承载": 2, "40万": 1, "ISO值": 1, "上图": 2, "激动": 1, "超脱": 1, "认知": 1, "缺": 1, "德样": 1, "偷换": 1, "概念": 3, "得益": 1, "优势": 3, "自然": 4, "夜视": 1, "当年": 1, "拥有": 3, "夜视仪": 5, "支撑": 3, "地上": 1, "摩擦": 1, "仰望": 1, "星空": 1, "相片": 1, "无疑": 4, "显得": 1, "缺德": 1, "30秒": 1, "竞品": 1, "1/4": 1, "10": 6, "差量": 1, "不言而喻": 1, "三方": 1, "软件": 5, "只不过": 2, "统一": 1, "原生": 1, "逻辑": 2, "办法": 1, "批判": 1, "将来": 1, "Reno": 2, "列出": 1, "类似": 3, "尝试": 1, "普及": 1, "商业": 2, "名词": 1, "事实上": 1, "利用": 3, "知识": 3, "盲区": 1, "营销": 1, "请": 1, "第二": 6, "章": 1, "Keynote": 1, "焦距": 4, "X": 6, "倍数": 2, "相以": 1, "24~28": 1, "确实": 2, "差不多": 1, "结论": 2, "上方": 2, "超广角": 1, "宣传": 2, "撒谎": 1, "偷偷": 1, "事情": 1, "发生": 1, "拭目以待": 1, "之下": 1, "不错": 1, "实际上": 1, "LG": 1, "早": 3, "年前": 1, "后置": 4, "作品": 1, "内容": 2, "创造者": 1, "创意": 2, "担心": 1, "定然": 1, "SoC": 1, "模组": 1, "负担": 1, "稍微": 1, "得当": 1, "烫手": 1, "困扰": 1, "只能": 3, "反馈": 1, "看似": 1, "实则": 1, "付出": 1, "跑步机": 3, "步数": 1, "卡路里": 1, "黑科技": 2, "挑": 1, "看完": 1, "好奇": 1, "离开": 2, "身体": 1, "主动": 1, "打算": 1, "发挥": 1, "搭配": 1, "钱包": 1, "第三": 5, "身份证": 1, "录入": 1, "局布": 1, "写入": 1, "涉及": 1, "安保": 1, "别人": 2, "复制": 3, "谈": 2, "国产": 1, "车商": 1, "不难": 1, "拿下": 4, "增加": 1, "粘性": 1, "详细": 1, "知晓": 1, "附件": 2, "兴趣": 1, "MONSER": 1, "CEO": 1, "混乱": 1, "演讲": 1, "恶心": 1, "到位": 1, "暂": 1, "展开": 1, "汇率": 1, "6060": 1, "7575": 1, "8333": 1, "9470": 1, "Pro全系": 1, "运存": 1, "对手": 2, "诚意": 1, "革新": 1, "面子": 1, "算": 2, "过得去": 1, "低于": 1, "敬请": 1, "期待": 2, "4月": 4, "中国": 5, "早报": 5, "年度": 1, "携": 1, "全新": 5, "登场": 5, "；": 7, "带": 2, "革命性": 1, "横空出世": 1, "总成绩": 1, "权威": 1, "图像": 2, "质量": 3, "网站": 2, "DxOMark": 6, "屠榜": 2, "强大": 2, "般的": 1, "拍": 8, "照样": 1, "惊呆": 1, "所有人": 1, "⊙华": 2, "黑夜": 1, "瞬间": 1, "白昼": 1, "！": 8, "摄影像": 2, "前所未有": 1, "ToF徕卡": 1, "首创": 1, "逆光": 1, "材质": 2, "芯片": 4, "曲": 1, "面屏": 2, "点评": 4, "向往": 1, "⊙": 2, "斩获": 1, "冠军": 1, "综合": 1, "打破": 1, "创造": 1, "世界纪录": 1, "创纪录": 1, "97": 1, "全球": 9, "至此": 1, "坐拥": 1, "状元": 1, "榜眼": 1, "探花": 1, "强大如斯": 1, "无敌": 1, "多么": 1, "寂寞": 1, "WATCH": 5, "新版": 1, "佩戴": 1, "轻松": 2, "大小": 2, "陶瓷": 1, "表圈": 2, "保留": 2, "24": 1, "刻度": 1, "橙色": 1, "墨绿": 1, "表带": 1, "高端": 1, "腕表": 1, "品牌": 2, "氟": 1, "橡胶": 1, "GT雅": 1, "致款": 1, "更为": 1, "简约": 1, "小巧": 1, "纯色": 1, "手表": 2, "一体感": 1, "白色": 2, "精确": 1, "切割": 1, "48": 1, "小三角": 1, "切面": 1, "角度": 1, "光照": 1, "反射": 1, "日趋": 1, "成熟": 1, "新款": 3, "MateBook": 3, "Pro官": 1, "碰传": 3, "定档": 1, "完美": 1, "适配": 1, "HUAWEI": 3, "Huawei": 2, "Share": 3, "Office": 1, "文档": 1, "文件": 1, "数据线": 1, "环境": 2, "电脑": 3, "之间": 2, "本次": 1, "碰": 1, "传录屏": 1, "摇一摇": 1, "触碰": 1, "笔记本": 2, "标签": 2, "即可": 2, "录制": 1, "自主": 1, "开发": 2, "共享": 1, "剪": 1, "贴板": 1, "靠近": 1, "跨": 1, "粘贴": 1, "文本": 1, "全家桶": 1, "指日可待": 1, "观察者": 1, "网讯": 1, "整理": 1, "陈兴华": 1, "21点": 1, "举办": 3, "会后": 1, "专访": 1, "业务": 4, "产品线": 4, "总裁": 2, "何刚": 7, "副总裁": 2, "李小龙": 7, "谈及": 1, "未来": 8, "底气": 1, "标语": 1, "称为": 1, "研发": 12, "投入": 5, "Top": 1, "公司": 4, "难": 3, "路": 4, "难度": 2, "在于": 5, "调节": 1, "OV": 1, "升降": 2, "对此": 3, "友商": 6, "单纯": 2, "可比性": 1, "成像": 1, "主打": 1, "配备": 1, "暗拍": 1, "双录": 1, "3D": 2, "建模": 1, "五": 4, "权衡": 3, "刚": 2, "再次": 2, "进阶": 1, "玩法": 2, "界面": 2, "找到": 2, "延伸": 2, "白天": 2, "三年": 1, "生产": 1, "良率": 1, "克服": 1, "远": 1, "问到": 1, "难点": 2, "称": 3, "挺": 1, "Mate和P": 1, "冲突": 1, "越来越": 1, "激烈": 1, "竞争力": 1, "定位": 1, "偏重": 1, "生活": 1, "莱卡": 2, "极少": 1, "提及": 1, "合作": 11, "P9": 1, "建立": 2, "选择": 5, "摄象": 2, "下放": 1, "接受": 3, "1000": 1, "毫米": 2, "稳定": 3, "晃": 1, "考量": 1, "未定": 1, "TOF": 4, "哪家": 1, "透露": 2, "一家": 1, "究": 1, "开放": 1, "介绍道": 1, "弊端": 1, "苹果": 17, "刘": 1, "海屏": 1, "发现": 2, "希望": 1, "各有利弊": 1, "试探": 1, "凌晨": 2, "1点": 2, "遥": 1, "大洋": 1, "彼岸": 1, "灯塔": 1, "美国": 3, "加州": 1, "相比于": 5, "以往": 1, "总会": 1, "surprise": 1, "震惊": 1, "结束": 1, "股价": 1, "跌幅": 1, "1.5%": 1, "表达": 1, "大众们": 1, "错愕": 1, "唱罢": 1, "同日": 1, "遥远": 1, "东方": 1, "神秘": 1, "国度": 1, "场": 5, "百花齐放": 1, "软弱": 1, "花朵": 1, "硬派": 1, "万众瞩目": 2, "遮遮掩掩": 1, "大大方方": 1, "亮": 4, "CPU": 2, "6.1寸OLED": 1, "3650mah": 1, "念经": 1, "大伙们": 1, "讲": 1, "网上": 1, "道烂": 1, "早早": 1, "爆": 1, "摆明": 1, "想": 2, "告诉": 2, "大伙": 1, "厂家": 1, "自行车": 1, "整点": 1, "活儿": 1, "大伙儿": 1, "震": 1, "＋": 2, "Tof": 1, "纸面": 1, "实力": 4, "大众": 1, "恐怕": 2, "抖": 2, "感光度": 3, "提高": 5, "相比p30": 1, "翻": 1, "一番": 1, "上代": 1, "跳": 1, "强悍": 2, "网友们": 2, "戏称": 1, "担忧": 1, "成片": 1, "佳": 1, "凑": 1, "华为p30": 1, "到底": 1, "机友们": 1, "上手": 1, "测试": 1, "功夫": 1, "不止": 1, "接下来": 1, "突破": 2, "颠覆": 1, "规则": 1, "感光子": 1, "红": 1, "绿": 2, "蓝": 1, "红黄": 1, "黄蓝": 1, "绿色": 3, "模块": 1, "替换": 1, "黄色": 3, "红色": 1, "后期": 1, "准确": 1, "缺失": 1, "文章": 2, "预测": 2, "模块化": 1, "组装": 1, "空间": 2, "平常": 1, "隐藏": 1, "自动": 1, "手动": 1, "弹出": 1, "供": 1, "马达": 1, "太": 1, "新鲜": 2, "Find": 1, "X便": 1, "吃蟹": 1, "x27": 1, "首款": 2, "抢先": 1, "玩": 2, "出花": 1, "想法": 1, "单独": 1, "拉伸": 2, "样片": 1, "铁塔": 2, "看清": 2, "字": 1, "立志": 1, "取代": 2, "还要": 1, "或许": 2, "有人": 1, "本事": 2, "弄": 1, "真的": 1, "干": 2, "发行": 1, "pro上": 1, "装载": 1, "简单": 1, "景框": 1, "感觉": 1, "花": 1, "花尽": 1, "心思": 1, "尽力": 1, "做出": 2, "努力": 1, "墨镜": 6, "潮牌": 1, "Gentle": 1, "Monster": 1, "亲自": 1, "带上": 1, "配": 1, "西装": 1, "最先": 1, "想到": 2, "黑客": 1, "帝国": 1, "群": 1, "黑衣人": 1, "正题": 1, "镜腿": 1, "天线": 1, "麦克": 1, "扩音器": 1, "一应俱全": 1, "轻触镜": 1, "腿": 1, "连接": 1, "助手": 1, "墨镜会": 1, "波束": 1, "成型": 1, "收束": 1, "隐秘性": 1, "稍逊": 1, "科幻": 1, "电影": 1, "MR": 1, "AR": 1, "前不久": 1, "带有": 1, "柔性": 2, "用上": 1, "AR眼镜": 1, "说不定": 1, "评论区": 1, "留下": 2, "看法": 1, "举起": 1, "双手": 2, "停": 1, "9点": 1, "鼓掌": 2, "暖场": 1, "同一天": 1, "亮相": 2, "P30|P30": 1, "挑战": 2, "武林": 1, "盟主": 1, "地位": 1, "生态化": 1, "化骨": 1, "绵掌": 1, "满场": 1, "拳拳到肉": 1, "硬货": 1, "整场": 1, "毫无": 2, "建树": 1, "狂轰乱炸": 1, "抵挡": 1, "招架": 1, "5G": 18, "处处": 1, "击中": 1, "软肋": 1, "田忌赛马": 1, "式": 1, "竞速": 1, "巅峰": 2, "修炼": 1, "生态": 2, "水准": 1, "高处": 1, "进发": 1, "毫无疑问": 1, "2019年": 1, "首杀": 1, "80%": 3, "过剩": 1, "时代": 4, "影响": 1, "直观": 1, "立竿见影": 1, "环节": 2, "刷新": 1, "纪录": 1, "DxO": 2, "Mark": 2, "买卖": 1, "一度": 1, "挤爆": 1, "有意思": 1, "现象": 1, "经此一役": 1, "霸榜": 1, "踢出": 1, "颜": 2, "见面": 2, "代表": 1, "摄影": 1, "标杆": 1, "场上": 1, "阵阵": 1, "欢呼": 9, "镜": 5, "渐变": 2, "色": 1, "行家": 1, "意外": 2, "熟悉": 2, "极光色": 1, "黑色": 2, "珠光": 2, "贝母": 2, "赤": 2, "茶橘": 2, "欢呼声": 1, "依次": 3, "光色": 1, "各式": 1, "极光": 1, "变色": 1, "洗礼": 1, "引领": 1, "革命": 1, "浅蓝": 1, "变幻": 1, "映射": 1, "赤茶橘": 1, "金红": 1, "仿照": 1, "朝阳": 1, "升起": 1, "光晕": 1, "外观": 3, "TheVerge": 1, "颜值": 1, "打旗": 1, "舰机": 1, "九": 1, "层": 1, "纳米": 1, "镀膜": 1, "玻璃": 1, "后盖": 1, "双曲": 1, "独占": 1, "眼": 3, "印象": 1, "如约而来": 1, "光变": 1, "引得": 1, "全场": 2, "起立": 2, "聊完": 1, "引以为傲": 1, "集体": 1, "实在": 1, "记": 1, "不住": 1, "从上到下": 1, "样张": 3, "表现": 1, "足够": 2, "肃然起敬": 1, "商用": 2, "式镜": 1, "飙到": 1, "40万+": 1, "双O": 1, "IS": 1, "说完": 1, "配置表": 1, "IMX": 1, "650": 1, "RYY": 2, "B阵列": 2, "换成": 1, "传统": 1, "RGB": 1, "阵列": 1, "吸收": 1, "40％": 1, "光线": 1, "暗光": 3, "清晰": 1, "光量": 2, "粗": 1, "光谱": 1, "Sensor": 1, "接近": 2, "顶点": 1, "究竟": 1, "第四": 2, "银河日": 1, "打鸟": 2, "不服": 1, "视力": 2, "吊": 1, "狠": 1, "亲兄弟": 1, "如果说": 1, "力求": 1, "还原": 1, "真实": 1, "眼中": 1, "地步": 1, "银河": 3, "技能": 1, "星星": 1, "月亮": 1, "野生": 1, "动物": 1, "拍远处": 1, "视力表": 1, "第五": 3, "绝不": 1, "翻车": 2, "送给": 1, "机长": 1, "场景": 4, "布会": 1, "多种": 1, "因素": 1, "顾及": 1, "逃": 1, "厄运": 1, "还好": 1, "碾压": 1, "级别": 1, "机器": 1, "相近": 1, "米": 1, "对象": 1, "分毫": 1, "必现": 1, "会场": 1, "处于": 1, "漆黑": 3, "状态": 1, "所得样": 1, "第六": 1, "交": 1, "朋友": 2, "花式": 2, "体位": 3, "事儿": 1, "这项": 1, "牙刷": 2, "套路": 1, "后者": 1, "70%": 1, "专场": 1, "粉嫩版": 1, "施华": 1, "洛世奇": 1, "定制": 1, "套装": 1, "宅男": 2, "福利": 1, "mAh/40": 1, "充/15W": 1, "封闭": 1, "拥抱": 1, "MacBook": 1, "任天堂": 1, "Switch": 1, "38": 1, "18": 1, "宝贝": 1, "友情": 1, "五福一安": 1, "效率": 1, "18W": 1, "库克": 1, "不用": 1, "谢": 1, "简直": 4, "交朋友": 1, "绝配": 2, "电": 1, "顺手": 1, "对方": 1, "顺便": 1, "借机": 1, "聊": 1, "撩妹": 1, "神器": 1, "反充": 2, "剃须刀": 1, "鼠标": 1, "电动": 1, "Pro男": 1, "女": 1, "群体": 1, "配对": 1, "指数": 1, "飙升": 1, "GT迎来": 1, "增装": 1, "X利器": 1, "网友": 1, "苦苦": 1, "AirPods二代": 1, "Freelace": 1, "存在感": 1, "形态": 1, "对标": 1, "Beats": 1, "AirPods": 1, "入耳": 1, "名声在外": 1, "穿戴": 1, "10月份": 1, "破": 1, "百万": 1, "TruSeen": 1, "心率": 1, "监测": 1, "精准": 1, "预售": 1, "11日": 1, "00：00": 2, "开售": 1, "30日": 1, "一贯": 1, "擅长": 1, "艺术": 1, "模糊": 1, "边界": 1, "找寻": 1, "平衡": 1, "潮流": 1, "当作": 1, "眼镜款": 1, "无需": 1, "掏出": 1, "飒爽": 1, "英姿": 1, "接听": 1, "电话": 1, "查看": 1, "装X于": 1, "无形": 1, "之中": 1, "格调": 1, "秒杀": 1, "9500": 1, "猜猜": 1, "6000": 2, "7572": 1, "8330": 1, "9467": 1, "没钱": 2, "买": 3, "悬念": 1, "推算": 1, "4298": 1, "朋友圈": 1, "种草": 1, "低头": 1, "口袋": 1, "对垒": 1, "大获全胜P": 1, "成功": 1, "拉长": 2, "缩短": 2, "加砝码": 1, "初代": 1, "抱": 1, "大腿": 1, "随后": 1, "双摄": 1, "局限于": 1, "递增": 1, "讲述": 1, "影像": 3, "故事": 1, "背后": 2, "大师": 1, "一个个": 2, "核弹": 1, "实打实": 1, "攻克": 1, "硬骨头": 1, "回避": 1, "啃": 1, "宝贵": 2, "经验": 1, "放弃": 1, "剩余": 1, "20%": 1, "打磨": 1, "渐变色": 1, "屏占": 1, "平移": 1, "条": 2, "艰难": 1, "成效": 1, "高度": 1, "nova": 1, "自拍": 1, "吃": 1, "妆": 1, "正是": 1, "坚实": 1, "年出": 1, "货": 1, "2亿": 2, "蓬勃": 1, "IDC": 1, "调研": 1, "数据": 1, "2018": 2, "全年": 2, "智能机": 1, "同比": 4, "下滑": 2, "10%": 1, "14.049亿": 1, "4.1%": 1, "秀出": 1, "自我": 1, "2018年": 4, "出货": 1, "1.05亿": 1, "26.4%": 1, "首位": 1, "2017年": 1, "增幅": 1, "15.5%": 1, "位居": 3, "2.923亿": 1, "/-": 2, "8%": 1, "2.088亿": 1, "3.2%": 1, "下跌": 1, "2.06亿": 1, "14.7%": 1, "增长": 1, "33.6%": 1, "抽": 1, "产品力": 1, "比划": 2, "巨额": 1, "大把": 1, "专利": 4, "堆砌": 1, "漂亮": 1, "欧盟": 3, "委员会": 2, "工业": 1, "投资": 3, "上榜": 1, "前十": 1, "113.34亿": 1, "超过": 3, "BAT": 1, "总和": 2, "科技": 1, "产业": 1, "力量": 3, "调整": 1, "制高点": 1, "交出": 1, "答卷": 1, "可观": 1, "联合国": 1, "产权": 2, "组织": 1, "提交": 1, "5405": 1, "申请": 2, "远远": 1, "高于": 1, "三菱": 1, "电气": 1, "2812": 1, "英特尔": 1, "2499": 1, "也就是说": 1, "数目": 1, "手里": 1, "攥": 1, "王牌": 1, "可知": 1, "迭代": 1, "网到": 1, "端全": 1, "链路": 1, "布局": 1, "MWC2019": 1, "借用": 1, "供应商": 1, "端": 2, "核心网": 1, "终端": 1, "eMBB": 2, "主导": 1, "Polar": 1, "信令": 1, "信道": 1, "编码": 1, "奉献者": 1, "麒麟980+5G": 1, "模": 1, "巴龙": 2, "5000": 2, "单芯片": 1, "多模": 1, "～": 1, "NSA": 1, "SA双": 1, "架构": 2, "FDD": 1, "TDD": 1, "频段": 2, "网络": 6, "Sub-6GHz": 1, "4.6Gbps": 1, "波频": 1, "段": 1, "6.5Gbps": 1, "4G": 1, "LTE": 1, "速率": 1, "企业": 1, "运营商": 1, "诸多": 1, "城市": 1, "部署": 1, "预商": 1, "参与": 1, "4K": 1, "直播": 1, "远程": 1, "手术": 1, "喊": 1, "破天": 1, "意气风发": 1, "肌肉": 1, "占据": 1, "可靠": 1, "手段": 1, "当下": 1, "存量": 1, "生存": 1, "众所周知": 1, "30多": 1, "合同": 1, "连续": 1, "深耕": 1, "领域": 1, "858亿": 1, "排": 1, "第5": 1, "23%": 1, "诺基亚": 1, "爱立信": 1, "项背": 1, "特朗普": 1, "政府": 1, "深知": 1, "阻挠": 1, "普林斯顿": 1, "大学": 5, "斯坦福": 1, "牛津": 1, "英": 1, "美": 1, "高等学府": 1, "强压": 1, "不得不": 1, "做法": 1, "两败俱伤": 1, "学校": 1, "10多": 1, "过往": 1, "资助": 2, "关系": 1, "支出": 1, "3亿": 1, "美元": 3, "捐款": 1, "形式": 1, "附带": 1, "条件": 1, "科研": 2, "面临": 1, "被特朗普": 1, "无情": 1, "取缔": 1, "科学": 1, "畏惧": 1, "强权": 1, "西方": 1, "高校": 1, "重压": 1, "英国": 11, "金融": 1, "时报": 1, "25日": 1, "报道": 1, "近日": 1, "剑桥": 3, "斥资": 1, "3.3亿": 1, "购置": 1, "500": 1, "英亩": 1, "土地": 2, "用于": 1, "建": 1, "工厂": 1, "创始人": 1, "任正非": 1, "BBC": 1, "采访": 1, "说道": 1, "信任": 1, "大规模": 1, "转到": 1, "斥": 1, "巨资": 1, "这块": 2, "不容忽视": 1, "正好": 1, "ARM": 4, "旁边": 1, "半导体": 1, "提供商": 1, "全世界": 1, "95%": 1, "平板": 1, "交互": 1, "资源": 1, "如虎添翼": 1, "大本营": 1, "截至": 1, "2017年底": 1, "20亿": 1, "英镑": 2, "23.4亿": 1, "计划": 1, "年内": 1, "30亿": 1, "39.6亿": 1, "雇佣": 1, "1500": 1, "员工": 2, "供应链": 1, "7500": 1, "侧面": 1, "推动": 1, "经济": 1, "认可": 1, "联盟": 1, "国家": 2, "中心": 1, "风险": 1, "可控": 1, "三大": 1, "运营": 1, "商O": 1, "EE": 1, "沃达": 1, "签署": 1, "建造": 1, "协议": 1, "174亿": 1, "足以": 1, "利益": 1, "面前": 1, "忠实": 1, "盟友": 1, "局势": 1, "合适": 1}