{"华为": 219, "风头": 1, "俩": 1, "越来越": 3, "深刻": 2, "自主": 5, "研发": 12, "各项": 1, "数据": 1, "提升": 5, "都": 28, "可观": 2, "通讯": 3, "领域": 6, "国内": 13, "竞争": 4, "产业": 5, "品牌": 8, "天语": 1, "面临": 3, "倒台": 1, "创新": 1, "重要性": 1, "发展": 12, "前景": 1, "判断": 1, "目标": 1, "知识": 5, "产权": 6, "专利": 10, "重视": 3, "苹果": 1, "侵权": 1, "高通": 2, "事件": 3, "一经": 1, "确认": 2, "提起": 2, "十万": 1, "注意力": 1, "5G": 31, "道路": 1, "稳扎稳打": 1, "多方": 3, "合作": 23, "抵制": 2, "国家": 41, "只能": 2, "自食其果": 1, "现阶段": 1, "重点": 2, "世界": 10, "科技": 8, "领头羊": 1, "手机": 22, "落后": 1, "精力": 1, "不可比拟": 1, "投入": 5, "研究": 1, "项目": 2, "资金": 1, "400亿": 1, "拥有": 6, "多达": 1, "70000": 1, "件": 3, "拿下": 5, "第一": 10, "名": 7, "成绩": 5, "底牌": 1, "强硬": 2, "抢占": 2, "市场": 15, "份额": 2, "高度": 2, "核心": 5, "消费者": 21, "需求": 4, "靠近": 1, "带来": 5, "收入": 1, "可想而知": 1, "一个": 35, "数字": 1, "产品": 25, "超出": 1, "同行业": 1, "竞争者": 1, "台阶": 3, "情况": 5, "服务": 13, "收益": 1, "增长": 1, "足足": 1, "7": 2, "倍": 1, "有余": 1, "排名": 3, "靠前": 1, "处于": 1, "第8": 1, "敌手": 1, "基础": 2, "功不可没": 1, "后期": 1, "信息": 6, "存储": 1, "共享": 1, "巨头": 1, "服务商": 1, "美国": 17, "硅谷": 1, "老牌": 1, "国人": 1, "努力": 6, "做出": 4, "增加": 1, "王牌": 1, "PConline": 1, "专访": 1, "12月": 6, "17日": 2, "下午": 1, "湖南": 1, "长沙": 1, "正式": 2, "发布": 4, "旗下": 1, "款": 3, "挖": 1, "孔屏": 1, "——": 3, "nova4": 8, "主打": 1, "年轻": 11, "时尚": 2, "nova": 20, "系列": 7, "这次": 5, "走": 5, "屏新": 1, "形态": 1, "前沿": 1, "业务": 11, "产品线": 2, "总裁": 3, "何刚": 2, "发布会": 3, "接受": 3, "媒体": 3, "采访": 1, "解答": 1, "品华": 1, "2018年": 5, "2亿": 4, "出货量": 4, "重磅": 1, "未来": 5, "动态": 1, "首款": 1, "极点": 4, "屏": 5, "追求": 2, "极致": 4, "全新": 6, "设计": 13, "2017年": 3, "16：9全": 1, "面屏": 1, "期间": 2, "尝试": 1, "全面屏": 1, "解决": 2, "方式": 3, "定位": 1, "出发": 2, "希望": 5, "简约": 1, "堆叠": 1, "太": 6, "功能": 8, "黑科技": 1, "轻薄": 1, "理解": 5, "采用": 3, "挖孔": 1, "技术": 10, "打穿": 2, "、": 34, "之间": 1, "整体": 3, "封闭": 1, "权衡": 1, "边框": 1, "镜头": 2, "摄像头": 3, "黑边": 1, "视觉": 3, "初始": 1, "阶段": 1, "很多": 7, "供应商": 9, "难度": 2, "分析": 1, "细节": 1, "调整": 1, "终于": 2, "找到": 1, "方案": 6, "盲孔": 2, "这是": 6, "技术点": 2, "克服": 2, "液晶屏": 2, "偏色": 2, "重影": 2, "影响": 10, "降低": 1, "空气": 1, "夹层": 1, "透光率": 1, "损耗": 1, "为止": 1, "证实": 1, "才能": 2, "保证": 2, "4极点": 1, "屏将": 1, "完美": 1, "完善": 1, "前置": 2, "隐藏": 1, "屏幕": 3, "下方": 1, "块": 1, "一体性": 1, "屏占比": 1, "正面": 1, "颜值": 1, "体验": 8, "惊艳": 1, "CCD": 1, "对准": 2, "工艺": 1, "中心": 1, "公差": 1, "缩小": 1, "小于": 1, "0.1mm": 1, "2500万": 1, "像素": 2, "自拍": 2, "超强": 1, "实力": 8, "尽情": 1, "发挥": 1, "不仅仅": 2, "意味着": 2, "诞生": 2, "展现": 2, "潮流": 2, "优质": 2, "贴近": 1, "年轻人": 8, "备受": 2, "喜爱": 3, "代言人": 3, "自华": 1, "人群": 4, "深度": 1, "沟通": 5, "配色": 2, "显得": 1, "一点": 4, "毕竟": 2, "符合": 1, "4": 3, "烊": 1, "千": 2, "玺": 2, "易烊": 3, "千玺": 2, "正能量": 1, "偶像": 1, "选择": 11, "形象": 2, "加持": 1, "持续": 3, "定义": 1, "消费": 1, "销量": 2, "翻倍": 1, "脱离": 1, "老年": 1, "年轻化": 1, "时间": 4, "4500万": 1, "用户": 3, "认知": 1, "长足": 1, "改变": 1, "最初": 1, "创立": 1, "子品牌": 1, "目的": 1, "适合": 2, "感受": 1, "感觉": 2, "交流": 1, "发现": 1, "Nova": 1, "带给": 3, "阳光": 1, "明媚": 1, "生活": 4, "匹配": 2, "年中": 1, "一代代": 1, "元素": 1, "众多": 1, "迈": 1, "硬件": 3, "带动": 1, "售价": 1, "好在": 1, "配置": 1, "注重": 1, "包括": 6, "4800万": 1, "超广角": 1, "搭配": 1, "8+128GB": 1, "超大": 1, "内存": 1, "组合": 1, "预计": 1, "台": 4, "皆": 1, "全球": 15, "发货量": 2, "突破": 1, "认可": 4, "起点": 1, "价值": 5, "AI": 6, "方向": 3, "发力": 2, "如今": 4, "占据": 1, "位置": 1, "拍照": 2, "打开": 1, "成像": 1, "效果": 1, "尽如人意": 1, "摄影": 1, "大师": 1, "学习": 3, "拍": 1, "场景": 2, "识别": 1, "识物": 1, "短": 1, "视频": 5, "趋势": 1, "主动": 1, "购买": 1, "日常": 2, "多姿多彩": 1, "乐趣": 1, "智能": 3, "医疗": 1, "运动": 4, "健康": 6, "渗透": 1, "环境": 1, "8": 1, "早": 2, "8月份": 1, "北京": 1, "研究所": 1, "伙伴": 4, "大会": 3, "HiHealth": 1, "平台": 1, "围绕": 1, "构建": 1, "这块": 1, "竞争力": 2, "穿戴": 1, "设备": 8, "身体": 1, "自我": 1, "改善": 1, "加大": 1, "开放": 2, "CFO": 2, "孟晚舟": 6, "写": 3, "日记": 2, "习惯": 1, "长年": 1, "篇": 1, "孟写": 1, "19日": 2, "：": 18, "昨天": 1, "晚上": 2, "封": 6, "日本人": 4, "来信": 4, "朋友圈": 1, "内": 5, "小小": 1, "刷屏": 1, "着实": 2, "温暖": 2, "!": 2, "无数": 1, "人间": 2, "自有": 2, "真情": 3, "危难": 1, "才": 7, "陌生人": 4, "关爱": 1, "保释": 1, "那天": 1, "法庭": 1, "手续": 1, "律师": 4, "聊天": 2, "不少": 5, "打电话": 1, "事务所": 1, "财产": 1, "担保": 2, "从业": 1, "四十几年": 1, "从来": 1, "听": 1, "番": 1, "禁不住": 1, "泪流满面": 1, "泣不成声": 1, "信任": 3, "日本": 29, "福岛": 3, "地震": 11, "正好": 1, "IBM": 3, "总部": 2, "参加": 1, "为期": 1, "Workshop": 2, "启动": 2, "IFS": 2, "变革": 3, "资深": 1, "财务": 2, "专家": 1, "轮": 1, "详细": 1, "公司": 16, "刚刚": 3, "应急": 3, "预案": 6, "交给": 1, "财经": 4, "负责": 1, "战争": 1, "瘟疫": 2, "动乱": 1, "什么的": 1, "团队": 1, "制定": 1, "平日": 1, "组织": 4, "演练": 1, "灾难": 1, "发生": 3, "部门": 1, "快速": 2, "集结": 1, "响应": 1, "确实": 1, "孙": 3, "趟": 1, "回来": 2, "收获": 1, "同事": 2, "分享": 2, "讨论": 2, "达成": 3, "共识": 1, "思路": 1, "机票": 1, "东京": 4, "代表处": 6, "开会": 2, "灾": 2, "重建": 3, "工作": 10, "安排": 1, "客户": 5, "网络": 6, "抢修": 4, "运行": 1, "工作组": 1, "成立": 1, "刚": 2, "事情": 4, "震后": 1, "再次": 3, "梳理": 1, "顺序": 1, "核对": 1, "记": 1, "笔记": 1, "接触": 1, "危机": 2, "实施": 1, "灾后": 1, "环节": 1, "协作": 1, "障碍": 1, "积累": 1, "宝贵": 1, "经验": 1, "尼泊尔": 3, "支撑": 1, "严建": 1, "赞扬": 1, "经历": 1, "很": 9, "自豪": 3, "份": 4, "好人": 1, "终": 1, "好报": 1, "想到": 2, "八": 1, "回报": 2, "面前": 1, "充满": 3, "无比": 1, "宽慰": 2, "踏": 1, "航班": 5, "勇敢": 2, "害怕": 2, "心中": 4, "坚守": 2, "信念": 2, "；": 6, "上苍": 1, "始终": 1, "从不": 1, "忽略": 1, "付出": 1, "提到": 2, "东京都": 1, "市民": 2, "内容": 2, "手町": 1, "办公室": 1, "收到": 1, "都内": 1, "实名": 1, "保护": 2, "隐私": 1, "心声": 1, "社区": 1, "匿名": 1, "平实": 1, "人心": 1, "尊敬": 1, "孟": 4, "晩舟": 1, "全体": 1, "员工": 6, "抱歉": 1, "中文": 1, "英文": 1, "日语": 2, "懂": 1, "翻译": 1, "传达": 1, "女士": 3, "加拿大": 4, "遭遇": 2, "感到": 3, "悲伤": 1, "报道": 10, "知晓": 1, "详情": 1, "本人": 1, "家人": 2, "度过": 2, "多么": 2, "难受": 2, "段": 5, "承受": 1, "痛苦": 1, "沉默": 1, "声援": 1, "写下": 1, "各种各样": 1, "住": 3, "从未": 1, "想": 3, "写信": 1, "表达": 1, "心情": 1, "绝不": 2, "袖手旁观": 1, "或许": 2, "宫城县": 1, "朋友": 1, "告诉": 3, "2011年": 3, "东": 1, "撤退": 1, "逃离": 1, "危险": 1, "消除": 1, "毅然": 1, "灾区": 1, "抓紧": 1, "损坏": 1, "通信": 8, "设施": 1, "困难": 1, "伸出": 1, "援手": 1, "理由": 1, "措施": 1, "动用": 1, "力量": 2, "单方面": 1, "排除": 1, "做法": 1, "背离": 1, "做人": 1, "常理": 1, "悲哀": 1, "羞愧": 2, "1995年": 1, "阪神": 1, "淡路": 1, "母亲": 2, "压": 1, "柜子": 1, "底下": 1, "不幸": 1, "遇难": 1, "那年": 1, "56": 3, "岁": 1, "支援": 1, "城市": 1, "得以": 1, "恢复": 1, "美丽": 1, "神户": 2, "至今": 2, "感激": 1, "未能": 1, "家乡": 1, "贡献": 1, "深感": 1, "恩人": 1, "中国": 19, "学校": 1, "社会课": 1, "中学": 1, "1972年": 1, "周恩来": 1, "总理": 2, "田中角荣": 2, "首相": 2, "主持": 1, "建交": 1, "场面": 1, "深深": 1, "印": 2, "孩子": 1, "脑海": 1, "签字": 2, "仪式": 1, "毛笔": 1, "留下": 1, "印象": 1, "书法": 1, "举办": 1, "王羲之": 1, "名人": 1, "书法展": 1, "展出": 1, "好几": 1, "社会主义": 1, "资本主义": 1, "性质": 1, "往后": 1, "相互": 1, "尊重": 1, "加深": 1, "友好": 2, "关系": 4, "一家": 6, "老板": 1, "终究": 2, "忙": 1, "心底": 1, "衷心": 1, "祝愿": 1, "贵": 1, "壮大": 2, "成就": 5, "谨上": 1, "14日": 1, "据悉": 1, "此前": 4, "惟一": 1, "提及": 1, "故事": 2, "2016年": 1, "9月": 2, "清华": 1, "大学": 2, "演讲": 1, "成功": 4, "原因": 2, "两点": 1, "创造": 2, "艰苦奋斗": 1, "讲到": 1, "9": 1, "引发": 2, "核": 1, "泄露": 1, "电信": 2, "撤离": 1, "留": 1, "香港": 1, "飞到": 4, "在内": 3, "余震": 1, "来时": 1, "脸色": 1, "刹变": 1, "习以为常": 1, "工程师": 1, "穿着": 1, "防护服": 1, "走向": 2, "绝大多数": 1, "飞出": 1, "逆向": 1, "飞进": 1, "乘客": 1, "坐错": 1, "机组": 1, "人员": 4, "反复": 2, "大地震": 1, "时任": 1, "董事长": 2, "孙亚芳": 1, "率队": 1, "赶赴": 1, "岗位": 1, "4月": 1, "3日": 1, "内部": 2, "刊物": 1, "华为人": 1, "名叫": 1, "张亮": 1, "回忆": 1, "情景": 1, "状态": 2, "百般": 1, "安慰": 2, "‘": 5, "妈": 1, "转移": 1, "大阪": 1, "瞧": 1, "房间": 1, "’": 5, "住处": 1, "以此": 1, "年迈": 1, "兄弟": 1, "新婚": 1, "妻子": 1, "老婆": 1, "放心": 1, "挺": 1, "新闻": 2, "夸张": 1, "！": 5, "领导": 2, "吃饭": 1, "亚芳": 1, "看望": 5, "一线": 2, "作战": 1, "办事处": 1, "晚宴": 1, "鼓励": 2, "飓风": 1, "风眼": 1, "周边": 1, "乱成": 1, "锅": 1, "粥": 1, "依然": 1, "平静": 2, "身先士卒": 1, "文化": 1, "任正非": 9, "2月": 1, "15日": 1, "座谈": 1, "承诺": 1, "飞": 1, "艰苦": 1, "地区": 4, "战乱": 2, "……": 3, "陪": 1, "贪生怕死": 1, "英勇": 1, "奋斗": 3, "阿富汗": 4, "利比亚": 3, "开战": 3, "伊拉克": 4, "不到": 1, "首富": 1, "送": 3, "明天": 1, "封路": 1, "专机": 1, "派": 1, "保镖": 2, "车队": 3, "十多": 1, "连续": 2, "奔驰": 1, "一千多": 1, "公里": 1, "送上": 1, "架": 1, "飞机": 1, "一路上": 1, "换车队": 1, "深圳": 1, "西藏": 1, "广西": 2, "贵州": 1, "云南": 1, "当地": 1, "粤B": 1, "显眼": 1, "践行": 1, "中东": 3, "非洲": 1, "片区": 1, "易翔": 1, "武汉": 1, "校园": 1, "招聘": 1, "宣讲会": 1, "讲": 1, "2008年": 1, "20日": 2, "夜": 1, "巴基斯坦": 3, "首都": 2, "伊斯兰堡": 2, "爆炸": 1, "死伤": 1, "300多": 1, "现场": 1, "兄弟们": 3, "负责人": 2, "为由": 1, "建议": 1, "回复": 1, "邮件": 2, "阻止": 1, "力透纸背": 1, "一生": 1, "难忘": 1, "热泪盈眶": 1, "地方": 1, "阻挡": 2, "下课": 1, "专程": 1, "喀布尔": 1, "驻地": 1, "对手": 2, "救援": 1, "系统": 2, "提供": 8, "边界": 1, "众所周知": 1, "相关": 3, "企业": 18, "领先": 2, "优势": 2, "唯一": 2, "端": 2, "厂商": 1, "日前": 2, "针对": 2, "国外": 2, "受挫": 2, "消息": 5, "官方": 3, "回应": 4, "外部": 3, "压力": 4, "25": 2, "商用": 1, "合同": 1, "基站": 1, "破": 3, "联合": 2, "澳大利亚": 4, "隐患": 4, "纷纷": 1, "拒绝": 4, "围剿": 1, "听从": 2, "外媒": 1, "捷克": 5, "安德烈·巴比什": 1, "下令": 1, "禁止": 7, "内阁": 1, "自然": 2, "安全局": 2, "NCISA": 1, "中兴": 2, "危害": 1, "机密": 1, "交换": 1, "霸气": 1, "指控": 1, "毫无": 1, "依据": 1, "拿出": 1, "证据": 2, "前提": 1, "玷污": 1, "声誉": 1, "欲加之罪何患无辞": 1, "毫无依据": 1, "网友": 1, "国": 1, "发表": 1, "言论": 1, "归根结底": 1, "抵触": 1, "强大": 4, "欧洲": 6, "影响力": 1, "主业": 1, "侧面": 3, "证明": 4, "二十年": 1, "巨额": 1, "前些年": 1, "搞": 1, "亏损": 1, "增": 1, "营收": 3, "正比": 1, "总额": 1, "千亿": 1, "美元": 2, "折合": 1, "人民币": 1, "7000亿": 1, "元": 3, "两亿": 1, "支持": 5, "掀起": 1, "iPhone": 1, "浪潮": 1, "看法": 1, "参考": 1, "消息网": 1, "21日": 1, "文": 1, "/": 2, "小锐": 6, "传来": 1, "五": 1, "眼": 1, "联盟": 1, "封杀": 2, "内幕": 1, "跟风": 1, "打压": 4, "众说纷纭": 1, "辟谣": 1, "指出": 1, "近期": 1, "事实": 3, "不符": 1, "错误": 1, "解读": 1, "德国": 2, "参与": 3, "法国": 2, "运营商": 6, "建设": 3, "标书": 1, "答复": 1, "实验局": 1, "测试": 4, "新西兰": 3, "政府": 3, "提交": 1, "意见": 1, "监管": 1, "流程": 1, "尚未": 1, "均": 1, "斡旋": 1, "心生": 1, "感慨": 1, "经营": 2, "稳健": 2, "舆论": 4, "坚定": 1, "信心": 1, "聚焦": 1, "踏踏实实": 2, "炼好": 2, "内功": 2, "声明": 1, "截图": 1, "冬天": 1, "命运": 2, "某种": 1, "程度": 1, "的确": 1, "他国": 1, "态度": 4, "崛起": 2, "试金石": 1, "错": 1, "西方": 2, "打击": 1, "版": 1, "标准": 1, "高科技": 2, "经济": 3, "层面": 1, "异化": 1, "大国": 4, "抓手": 1, "足够": 1, "警惕": 1, "随时": 1, "关注": 3, "一举一动": 1, "时而": 2, "捶胸顿足": 1, "眉开眼笑": 1, "淡定": 2, "辩证": 1, "看待": 1, "变化": 1, "增强": 1, "忧患": 1, "意识": 1, "战略": 1, "机遇": 2, "期": 1, "且不说": 1, "连篇累牍": 1, "德": 1, "频频": 1, "不无": 1, "夸大": 1, "嫌": 1, "看似": 1, "审慎": 1, "对待": 1, "印度": 22, "蜂拥而至": 1, "此举": 1, "联手": 2, "之际": 1, "印媒": 1, "释放": 1, "善意": 1, "传播": 1, "有意": 1, "无意": 1, "演变": 1, "接纳": 1, "真的": 1, "回": 1, "怂恿": 1, "角度": 1, "交往": 1, "局势": 1, "拉锯战": 1, "真真假假": 1, "传闻": 1, "充斥": 1, "其间": 1, "不一而足": 1, "有时候": 1, "暂时": 1, "冷眼旁观": 1, "听闻": 1, "风吹草动": 1, "跟着": 1, "敏感": 1, "奔走呼号": 1, "激动": 1, "淡然": 1, "兵来将挡": 1, "水来土掩": 1, "到来": 1, "污蔑": 1, "栽赃": 1, "艘": 1, "巨轮": 1, "前行": 1, "脚步": 3, "自信": 4, "科技人": 1, "潜心": 1, "钻研": 1, "木秀于林": 1, "岿然不动": 1, "定力": 2, "成长": 1, "路径": 1, "一如既往": 1, "维护": 1, "利益": 1, "从容": 1, "执笔": 1, "便携": 7, "照片": 13, "打印机": 10, "吸引": 1, "目光": 1, "米家": 1, "开启": 3, "众筹": 4, "本次": 1, "价格": 2, "公布": 2, "便宜": 1, "100": 1, "售": 1, "499": 1, "附赠": 1, "10": 1, "相纸": 1, "实惠": 1, "机身": 1, "尺寸": 1, "小巧": 1, "内置": 1, "500": 1, "mAh": 1, "电池": 1, "充电": 1, "打印": 8, "23": 1, "基于": 1, "Zink": 1, "墨": 1, "1": 2, "分钟": 1, "即可": 2, "整张": 1, "配合": 1, "Huawei": 1, "Share": 1, "键": 1, "出众": 1, "参数": 1, "多样": 2, "AR": 2, "画面": 1, "后续": 1, "扫描": 1, "播放": 1, "DIY": 1, "名片": 1, "本文": 1, "转自": 1, "百家号": 1, "作者": 2, "纳米": 2, "推荐语": 1, "布局": 7, "羡慕": 1, "骄傲": 1, "别人": 1, "榜样": 1, "游戏": 1, "霸屏": 1, "移动端": 1, "4G": 4, "庞大": 1, "流量": 2, "即将": 2, "明日": 1, "黄花": 1, "接棒": 1, "全世界": 1, "二十五": 1, "远远": 1, "爱立信": 3, "诺基亚": 4, "打下": 1, "一半": 2, "三": 2, "带": 1, "亚洲": 1, "基本上": 2, "韩": 1, "本国": 2, "不和": 1, "东南亚": 1, "招标": 1, "三大": 2, "当年": 2, "2G": 1, "3G": 1, "我国": 1, "升级": 1, "费用": 2, "分为": 1, "东欧": 1, "西欧": 1, "第二": 2, "大一": 1, "得益": 1, "签署": 1, "协议": 1, "签约": 2, "减少": 1, "美洲": 1, "大本营": 1, "反对": 1, "大部分": 1, "担心": 1, "披荆斩棘": 1, "一往无前": 1, "眼前": 1, "难关": 1, "原文": 2, "标题": 1, "看懂": 1, "日期": 1, "12-20": 1, "18:32": 1, "13亿": 3, "人口": 5, "稳住": 2, "赢": 3, "算": 1, "势不可挡": 1, "地步": 1, "站到": 1, "国际": 5, "行列": 1, "谈": 1, "无懈可击": 1, "相比": 1, "潜力": 2, "初": 1, "赤子": 1, "排挤": 1, "挑战": 1, "世贸": 2, "时期": 1, "看衰": 1, "也许": 1, "后悔": 1, "晚": 1, "相比于": 1, "差距": 1, "话语权": 1, "阻挠": 1, "侥幸": 1, "靠谱": 1, "因素": 1, "踏实": 1, "邻国": 2, "不容小觑": 1, "文明古国": 1, "英语": 1, "导致": 1, "计算机": 1, "很快": 1, "话题": 1, "主流": 1, "趋于": 1, "乐观": 1, "发展中国家": 1, "推广": 1, "走到": 1, "成效": 1, "白费": 1, "行业": 2, "拼": 1, "有目共睹": 1, "凌晨": 1, "机场": 1, "会议": 1, "赢得": 1, "看做": 1, "放弃": 1, "反悔": 1, "禁": 1, "后程": 1, "潜在": 1, "深入人心": 1, "靠着": 1, "立足": 1, "无关": 1, "国度": 1, "值得": 1, "华尔街": 2, "日报": 2, "银行": 12, "断绝": 1, "汇丰": 3, "渣打": 8, "全球性": 1, "金融": 3, "位于": 1, "英国": 1, "伦敦": 1, "终止": 1, "往来": 2, "日后": 1, "融资": 4, "高风险": 1, "极大": 1, "此事": 1, "非同小可": 1, "170": 1, "依赖于": 1, "运营": 2, "长期": 1, "摩根大通": 1, "集团": 2, "荷兰": 2, "大型": 1, "担忧": 1, "倒戈": 1, "业界": 1, "连锁": 1, "最终": 1, "多米诺骨牌": 1, "倒塌": 1, "运转": 1, "机构": 1, "确保": 1, "提供商": 1, "占": 2, "首位": 1, "这两年": 1, "仅次于": 1, "三星": 1, "突飞猛进": 1, "招来": 1, "极为": 1, "公平": 1, "待遇": 1, "围堵": 2, "排行": 1, "到底": 1, "损失": 3, "单打独斗": 1, "时代": 1, "上游": 1, "下游": 2, "完备": 1, "产业链": 3, "捆绑": 1, "一块": 1, "波及": 1, "首次": 1, "名单": 1, "显示": 2, "总共": 1, "92": 1, "37": 1, "33": 1, "11": 1, "韩国": 1, "瑞士": 1, "新加坡": 1, "最多": 1, "三分之一": 1, "三分之二": 1, "去年": 1, "采购": 3, "数额": 1, "接近": 1, "5000亿": 1, "日元": 1, "英特尔": 1, "18亿": 1, "数量": 1, "单单": 1, "占到": 1, "向来": 1, "利润率": 2, "低": 1, "利润": 1, "远": 1, "高于": 1, "钱": 1, "享受": 1, "物美价廉": 1, "金钱": 1, "计算": 1, "不见得": 1}