{"此前": 5, "华为": 136, "消费者": 2, "业务": 2, "CEO": 1, "余承东": 10, "公布": 1, "P30": 13, "系列": 8, "预热": 1, "海报": 4, "有人": 3, "恶意": 1, "造谣": 1, "盗用": 1, "第三方": 1, "摄像师": 1, "单反": 2, "拍": 4, "照片": 19, "并非": 2, "忽视": 1, "左下角": 1, "提示": 1, "：": 50, "画面": 3, "广告": 2, "创意": 2, "供": 1, "参考": 1, "(": 3, "12日": 2, ")": 2, "下午": 1, "很多": 7, "朋友": 2, "留言": 1, "很": 15, "喜欢": 5, "鼓励": 2, "一味": 1, "秀": 1, "产品": 7, "内心": 1, "远望": 1, "谢谢": 1, "期待": 2, "Pro": 57, "带来": 6, "更多": 1, "美好": 1, "疑似": 1, "谣言": 1, "回应": 1, "@": 4, "来源": 6, "仔细": 1, "观察": 1, "不难": 1, "发现": 2, "这是": 4, "暗示": 1, "变焦": 14, "技术": 24, "倍": 8, "据悉": 1, "后置": 4, "四": 7, "颗": 8, "摄像头": 8, "TOF": 1, "镜头": 9, "P系列": 1, "首款": 2, "摄": 2, "手机": 67, "意外": 2, "刷新": 1, "DxOMark": 4, "评分": 4, "记录": 4, "强大": 2, "拍照": 16, "性能": 17, "用户": 14, "关心": 2, "5G": 31, "版本": 10, "条": 1, "都": 30, "询问": 1, "值得一提的是": 1, "全球": 6, "唯一": 3, "生产": 1, "智能": 5, "建设": 9, "网络": 30, "设备": 16, "厂商": 5, "拥有": 6, "极为": 1, "优渥": 1, "先天": 1, "条件": 2, "接受": 6, "外媒": 1, "采访": 2, "4G": 3, "时代": 3, "苹果": 36, "三星": 69, "三": 20, "品牌": 4, "领导": 1, "市场": 19, "领导者": 1, "明年": 1, "超越": 4, "称为": 1, "第一": 11, "分额": 2, "接近": 3, "推出": 4, "量产": 2, "Galaxy": 47, "S10": 7, "5G版": 1, "搭载": 8, "骁龙X50": 2, "基带": 5, "只能": 5, "支持": 11, "兼容": 1, "情况": 10, "意味着": 2, "发布": 3, "高通": 6, "年前": 4, "上势": 1, "远远": 1, "弱后于": 1, "巴龙": 3, "5000": 3, "同代": 1, "骁龙X55": 1, "等到": 2, "年末": 1, "才能": 3, "款": 14, "占据": 2, "优势": 4, "向下": 1, "、": 40, "3G": 1, "2G": 1, "综合": 4, "或许": 1, "德国": 57, "3月": 3, "7日": 3, "称": 6, "禁止": 2, "公司": 6, "参与": 7, "合同": 2, "竞标": 2, "英国": 2, "做出": 5, "类似": 3, "表态": 4, "打压": 1, "面对": 1, "盟友": 3, "态度": 1, "松动": 1, "美国": 55, "坐": 3, "不住": 2, "经济": 7, "部长": 3, "彼得·阿尔特迈尔": 1, "Peter": 1, "Altmaier": 1, "想": 4, "排除": 2, "本国": 1, "随后": 1, "这位": 2, "收到": 2, "特朗普": 2, "政府": 7, "警告信": 1, "放弃": 5, "美方": 4, "削弱": 1, "国": 9, "情报": 9, "共享": 2, "有线": 3, "电视": 2, "新闻网": 1, "CNN": 4, "报道": 8, "日前": 1, "警告": 2, "升级": 4, "减少": 2, "机构": 2, "分享": 2, "路透社": 1, "首次": 2, "后果": 1, "截图": 3, "援引": 1, "知情": 1, "人士": 6, "消息": 2, "驻": 7, "大使": 12, "理查德·格雷内尔": 1, "上周": 2, "致函": 2, "格雷内尔": 5, "信中": 2, "中国": 21, "供应商": 3, "签订": 1, "合约": 1, "同等": 1, "水平": 7, "对此": 1, "华盛顿": 1, "大使馆": 1, "发言人": 1, "马蒂亚斯·韦勒": 1, "事务": 1, "能源": 2, "确实": 5, "封": 2, "并未": 1, "信件": 2, "内容": 2, "发表": 2, "评论": 3, "此事": 1, "近期": 2, "快速": 3, "回复": 1, "英德": 1, "难": 1, "说服": 1, "国家": 12, "拒绝": 1, "华尔街": 6, "日报": 6, "刊出": 1, "鼓吹": 1, "威胁": 11, "呼应": 1, "部门": 2, "出售": 1, "设置": 3, "后门": 3, "未经": 1, "授权": 1, "监视": 1, "活动": 1, "破坏": 1, "该国": 2, "通信": 3, "系统": 35, "国防": 1, "合作": 8, "至关重要": 1, "包括": 4, "北约": 2, "内部": 3, "中兴": 2, "危及": 1, "交流": 1, "机密性": 1, "该信": 1, "宣称": 1, "信息": 7, "事实上": 4, "指控": 1, "早就": 2, "反驳": 1, "起诉": 1, "发布会": 1, "轮值": 1, "董事长": 1, "郭平": 1, "重申": 1, "170": 1, "三十": 1, "纪录": 1, "从来": 2, "将来": 1, "植入": 2, "绝不": 1, "别人": 3, "干": 3, "环球网": 2, "/": 2, "侯佳欣": 1, "国产": 6, "圈": 2, "可谓": 5, "异常": 1, "热闹": 1, "小米": 1, "vivo": 2, "oppo闹成": 1, "团": 1, "粉丝": 1, "互撕": 1, "高管": 1, "时不时": 1, "冷嘲热讽": 1, "反观": 2, "位于": 1, "显得": 5, "安静": 1, "精力": 1, "放在": 1, "即将": 1, "26日": 1, "法国": 1, "巴黎": 1, "首发": 2, "如今": 6, "格局": 1, "升高": 1, "不再": 1, "局限": 1, "国内": 2, "去年": 9, "销量": 4, "数据": 8, "稳": 2, "国际": 6, "第三": 2, "一家": 2, "企业": 16, "忧患": 1, "意识": 1, "发展": 8, "事件": 1, "专利": 1, "纠纷": 1, "一个": 28, "核心": 5, "卡脖子": 2, "典范": 1, "距离": 6, "国产化": 1, "差距": 5, "芯片": 3, "自主": 2, "研发": 2, "麒麟": 9, "处理器": 5, "谷歌": 5, "安卓": 18, "开源": 1, "计划": 2, "生产商": 1, "收取": 1, "专利法": 1, "收": 1, "钱": 2, "停用": 1, "事情": 4, "不必": 1, "担心": 4, "近日": 2, "出版物": 1, "Welt": 1, "被迫": 1, "Windows": 1, "Android": 1, "西方": 1, "操作": 6, "解决": 7, "方案": 4, "角度": 2, "就算": 2, "微软": 1, "提供": 2, "完整": 2, "备用": 1, "硬件": 3, "通通": 1, "完善": 2, "看好": 1, "自研": 3, "评论区": 1, "留下": 1, "看法": 1, "资讯": 1, "点击": 1, "关注": 4, "！": 13, "中波": 7, "之间": 4, "利益": 2, "冲突": 1, "波兰": 17, "刘": 7, "光源": 6, "环球": 3, "时报": 3, "记者": 3, "专访": 1, "谈及": 1, "关系": 8, "首批": 1, "承认": 1, "建交": 2, "70": 2, "周年": 2, "经受": 2, "时间": 7, "考验": 2, "向前": 1, "针对": 3, "幌子": 1, "打击": 2, "特定": 2, "出台": 2, "歧视性": 2, "措施": 2, "欧盟": 4, "成员国": 1, "增长": 1, "快": 3, "展望": 1, "未来": 2, "介绍": 2, "前景": 1, "广阔": 1, "高新科技": 1, "波方": 1, "领域": 6, "先进": 2, "联合": 1, "研究": 2, "希望": 2, "抓住": 1, "机遇": 1, "一带": 1, "一路": 1, "16+1": 1, "框架": 1, "挖": 1, "潜力": 1, "推动": 1, "战略": 2, "伙伴": 3, "台阶": 1, "提到": 1, "近年来": 1, "社会": 2, "兴趣": 1, "囿于": 1, "历史": 1, "现实": 2, "原因": 7, "民众": 2, "有限": 1, "片面": 1, "停留": 3, "几十": 1, "民心": 1, "相通": 1, "根基": 1, "谈": 4, "媒体": 5, "告诉": 4, "最终": 2, "2004年": 1, "15": 5, "依法": 1, "依规": 1, "经营": 2, "建立": 1, "口碑": 1, "当地": 1, "创造": 1, "可观": 1, "效益": 1, "覆盖": 7, "中东欧": 1, "北欧": 1, "28": 2, "地区": 1, "总部": 1, "华沙": 1, "波员工": 1, "总数": 1, "超过": 2, "900": 1, "2/3": 1, "本地": 1, "波": 5, "共赢": 1, "最佳": 3, "例证": 1, "政治": 2, "事实": 4, "说话": 2, "从未": 1, "有目共睹": 1, "宽带": 2, "普及率": 2, "国中": 1, "排名": 2, "第二": 3, "资费": 1, "下降": 1, "幅度": 1, "55%": 1, "固定": 1, "垫底": 1, "郊区": 1, "农村": 1, "空间": 3, "每月": 1, "套餐": 1, "35兹罗提": 1, "61": 1, "元": 1, "人民币": 1, "含": 1, "G": 1, "流量": 1, "便宜": 1, "同事": 1, "‘": 1, "视频": 1, "只管": 1, "超": 6, "’": 1, "感谢": 1, "各家": 2, "运营商": 1, "处于": 1, "领先": 5, "地位": 2, "性价比": 1, "欧洲": 4, "各国": 1, "迈进": 1, "越来越": 2, "不禁": 2, "止华": 1, "相关": 2, "显示": 2, "85亿": 1, "欧元": 1, "损失": 3, "成本": 1, "上涨": 1, "进程": 2, "延迟": 1, "3": 6, "数字化": 1, "落后": 4, "他国": 2, "手段": 2, "干预": 1, "违反": 1, "世贸": 1, "组织": 1, "规则": 1, "干扰": 5, "公平": 2, "竞争": 3, "秩序": 2, "违波": 1, "100多": 1, "追求": 1, "独立自主": 1, "民族": 1, "精神": 1, "大地": 1, "中资": 1, "在内": 2, "全球化": 1, "投资": 1, "信心": 1, "损害": 1, "多年": 2, "打造": 1, "营商": 1, "环境": 1, "形象": 1, "官员": 1, "无端": 1, "指责": 2, "挑拨": 2, "做法": 2, "站": 1, "上个月": 1, "13日": 1, "言论": 2, "当晚": 1, "发声": 1, "迟疑": 1, "波兰人": 1, "声明": 3, "反响": 1, "理性": 2, "主流": 3, "予以": 1, "全文": 1, "转载": 1, "健康": 1, "友好": 2, "符合": 2, "摩托": 1, "HTC": 1, "巨头": 1, "一一": 1, "倒下": 1, "索尼": 1, "LG": 1, "苟活": 1, "诺基亚": 1, "努力": 1, "重启": 1, "老冤家": 1, "依然": 5, "坚挺": 1, "抱": 1, "敌": 2, "不约而同": 1, "选择": 7, "挤": 5, "牙膏": 4, "本来": 2, "隔代": 1, "才": 6, "策略": 1, "售价": 1, "上天": 1, "导致": 2, "屡屡": 1, "受挫": 1, "不得不": 3, "翻": 1, "降价": 2, "促销": 1, "份额": 1, "Others": 1, "行列": 1, "股": 1, "东方": 1, "神秘": 1, "力量": 1, "保时捷": 1, "2018年": 1, "混": 1, "风生": 1, "水": 2, "P20": 1, "Mate": 39, "为首": 1, "横扫": 1, "全年": 1, "出货量": 1, "突破": 1, "2亿": 1, "名": 4, "直逼": 1, "一哥": 2, "激进": 2, "仿佛": 1, "灵魂": 1, "附体": 1, "醒悟": 1, "恰逢": 1, "S系列": 1, "终于": 4, "改变": 3, "大胆": 1, "旗舰": 19, "对手": 4, "毕竟": 6, "iPhone": 47, "自信": 2, "打败": 1, "2019年": 2, "场": 5, "机皇": 1, "XS": 35, "Max": 35, "S10+": 41, "倾情": 1, "奉献": 1, "下半年": 1, "iOS": 18, "阵营": 4, "住": 1, "冲击": 1, "营销": 1, "回归": 1, "本身": 3, "聊": 2, "三台": 9, "超级": 10, "参数": 2, "如图": 1, "此次": 1, "测试": 22, "详情": 1, "国行": 3, "512": 1, "G版": 2, "12.1.4三星": 1, "工程机": 2, "骁龙": 13, "855": 13, "存储": 3, "组合": 2, "6G": 1, "+": 13, "128G": 2, "配置": 11, "零售版": 2, "均": 9, "8G": 2, "起步": 1, "G9750": 1, "ZCU0ARLP": 1, "OTA": 1, "固件": 3, "128": 1, "9.0.0.195": 1, "C00E195": 1, "R1P": 1, "外观": 4, "刘海": 5, "打孔": 2, "萝卜": 1, "青菜": 1, "爱": 3, "如同": 1, "设想": 1, "那般": 1, "上三": 1, "设计": 15, "稍微": 4, "单纯": 4, "好看": 9, "审美": 1, "背后": 1, "到底": 10, "带给": 2, "使用者": 1, "舒适": 1, "体验": 4, "屏幕": 19, "不少": 5, "吐槽": 2, "影响": 3, "美观": 1, "面积": 3, "屏": 2, "效果": 13, "海式": 1, "屏是": 1, "X": 13, "流行": 1, "开来": 1, "内置": 1, "套": 1, "3D": 6, "结构": 5, "3D人脸": 1, "识别": 12, "人脸": 3, "安全性": 2, "到达": 2, "支付": 2, "级别": 4, "服务": 1, "出发": 1, "三大": 1, "台": 7, "采用": 12, "刘海式": 1, "Mate20": 8, "极大": 1, "提升": 12, "效率": 2, "用上": 2, "概念": 1, "打孔屏": 1, "右上角": 2, "孔": 1, "内": 3, "全面屏": 2, "视觉": 5, "额头": 2, "窄": 5, "代价": 3, "砍掉": 1, "虹膜": 1, "留": 1, "2D人脸": 1, "解锁": 1, "形式": 1, "用于": 1, "曲面": 1, "相较于": 1, "2.5D": 1, "特色": 2, "握持": 1, "手感": 2, "两边": 1, "边框": 3, "屏视": 1, "觉感": 1, "；": 25, "毫无疑问": 2, "宽度": 1, "厚": 1, "下巴": 1, "其四": 1, "宽": 1, "欺骗": 1, "感觉": 2, "实际上": 3, "三者": 1, "OLED": 2, "顶尖": 1, "当仁不让": 1, "Dynamic": 1, "AMOLED": 1, "6.4": 1, "英寸": 3, "2K": 2, "分辨率": 2, "细腻": 2, "程度": 5, "惊人": 1, "一块": 2, "6.39": 1, "不错": 3, "值得": 1, "6.5": 1, "2688": 1, "1242": 1, "顶级": 2, "出品": 1, "环节": 3, "太": 7, "差异": 1, "背面": 1, "功夫": 1, "地方": 5, "顺应": 1, "潮流": 1, "清一色": 1, "玻璃": 2, "材质": 3, "机身": 4, "以往": 1, "金属": 1, "坚硬": 1, "胜": 1, "颜色": 11, "颜值": 2, "生产力": 1, "手上": 1, "馥蕾红": 1, "更为": 4, "活泼": 1, "动人": 1, "光线": 3, "照耀": 1, "散发": 1, "光弧": 1, "模组": 1, "矩阵式": 1, "排布": 3, "闪光灯": 1, "放置": 2, "在一起": 1, "和谐": 1, "浴霸": 1, "辨识度": 1, "提高": 2, "沿用": 2, "上一代": 6, "风格": 5, "左侧": 2, "红绿灯式": 1, "疲劳感": 1, "Note9": 1, "横向": 1, "俗称": 2, "防爆盾": 1, "电容式": 1, "指纹": 4, "无需": 1, "面板": 1, "板": 1, "开孔": 1, "屏下": 1, "光学": 7, "豪华": 1, "超声波": 1, "好用": 1, "小结": 4, "限于": 1, "办法": 1, "100%": 1, "背景": 5, "无论是": 2, "刘海屏": 1, "孔屏": 1, "合理性": 1, "花入": 2, "各眼": 1, "嘲笑": 1, "看不起": 1, "舒服": 1, "一点": 4, "差不多": 1, "半": 1, "斤": 1, "八仙过海": 1, "各显神通": 1, "对比": 10, "好坏": 1, "基于": 3, "简单": 5, "评判": 1, "过于": 1, "武断": 1, "篇": 1, "重点": 4, "讲下": 1, "功能": 19, "首屏": 1, "趋同性": 1, "不适感": 1, "丝滑": 1, "流畅": 2, "自由随性": 1, "吸引": 1, "终极": 1, "法宝": 1, "EMUI": 3, "9.0": 5, "底层": 1, "翻天覆地": 1, "注入": 1, "化繁为简": 1, "全新": 5, "思路": 1, "改": 1, "不停": 1, "填充": 1, "老路": 1, "实用": 2, "AI": 4, "能力": 2, "感知": 2, "东西": 3, "眼前": 2, "查询": 1, "商品": 1, "网上": 1, "价格": 2, "人生地不熟": 1, "国外": 3, "自动": 15, "翻译": 13, "懂": 1, "语言": 1, "文章": 1, "双击": 1, "轻松": 2, "选中": 1, "选": 1, "文字": 1, "智能化": 1, "满意": 1, "阶段": 1, "聊聊": 1, "年底": 1, "服役": 1, "Samsung": 1, "Experience": 1, "全线": 1, "改用": 1, "One": 1, "UI": 2, "圆角": 1, "元素": 1, "图标": 1, "相比": 11, "扁平": 1, "主色": 1, "经典": 1, "白色": 2, "遵循": 1, "原生": 1, "规范": 1, "找到": 1, "这次": 4, "建议": 2, "引导": 1, "取景": 2, "精彩": 2, "按下": 1, "快门": 2, "留住": 1, "仅仅": 3, "拍摄": 4, "构图": 1, "优秀": 1, "12": 2, "实在": 3, "UI上": 1, "讲": 1, "7": 1, "延续": 1, "至今": 2, "扁平化": 1, "角落": 2, "疲劳": 1, "买": 3, "加成": 1, "人性化": 2, "考量": 1, "因素": 2, "体现": 2, "足够": 1, "清晰": 1, "日常": 5, "花费": 1, "提醒": 1, "安排": 1, "家长": 2, "控制": 3, "管理": 4, "小朋友": 1, "预计": 1, "青睐": 1, "向来": 2, "争论": 1, "焦点": 1, "早期": 1, "卡顿": 1, "安卓=卡顿": 1, "固有": 1, "印象": 1, "事物": 1, "流畅度": 2, "十全十美": 1, "平台": 4, "软件": 6, "生态": 1, "代表": 2, "实力": 4, "混战": 2, "分成": 1, "担当": 1, "种子级": 1, "选手": 4, "安卓机": 1, "王": 1, "差": 2, "天梯": 1, "109": 1, "高分": 1, "不仅仅": 2, "望尘莫及": 1, "贵": 1, "万元": 1, "神机": 1, "种子选手": 1, "105": 1, "4分": 1, "真的": 4, "一大": 1, "截": 2, "依旧": 7, "双摄": 1, "小伙子": 2, "面前": 3, "开发": 4, "小修": 1, "小补": 1, "传统": 4, "相机": 1, "可用性": 1, "可玩性": 1, "唯有": 1, "真知": 3, "玄学": 4, "食色": 1, "调教": 6, "玄幻": 1, "成像": 2, "APP": 3, "调色": 3, "成熟": 1, "一次性": 1, "拍出": 1, "后期": 2, "原谅": 1, "想想": 1, "当初": 2, "花": 2, "场景": 7, "景二": 3, "色准": 2, "标杆": 1, "S10+拉下马": 1, "精准": 1, "稳定": 12, "还原": 1, "对决": 2, "赢得": 2, "俗话": 1, "眼": 1, "暖色系": 1, "偏向性": 1, "冷淡色": 1, "钟爱": 1, "偏中性": 1, "偏灰": 1, "品类": 1, "繁多": 1, "美图": 1, "轻轻": 1, "即可": 2, "点缀": 1, "描述": 1, "日光": 2, "拍拍": 1, "白天": 3, "充足": 3, "世界": 5, "表现": 9, "解析力": 1, "十足": 3, "差别": 1, "在于": 1, "官老爷": 1, "就要": 1, "斟酌": 1, "夜景": 9, "拼": 1, "比拼": 4, "告一段落": 1, "接下来": 2, "激动人心": 1, "大比拼": 1, "骑": 1, "绝尘": 1, "新来者": 1, "后来居上": 1, "景三": 1, "Dream": 1, "It": 1, "Possible": 1, "BGM": 1, "算法": 9, "AIS": 1, "手持": 2, "利用": 3, "长": 4, "4S": 1, "速度": 3, "破除": 1, "黑暗": 1, "困扰": 1, "曝光": 1, "引入": 1, "ISO": 1, "协同": 1, "陪同": 1, "完美": 3, "降噪": 1, "搭配": 2, "高光": 2, "噪点": 1, "堪称": 1, "教科书": 1, "提": 2, "在售": 1, "模式": 6, "更新": 1, "参赛": 1, "10": 7, "数码": 3, "5": 6, "混合": 1, "超强": 2, "夺得": 1, "·": 2, "望远镜": 1, "称号": 1, "快捷": 2, "1": 3, "切换": 7, "本次": 2, "画质": 1, "3X": 1, "归入": 1, "组别": 1, "1X3X/2X": 1, "极限": 1, "X三": 1, "跃": 1, "补偿": 1, "超长": 1, "焦成": 1, "质量": 1, "涂抹感": 1, "轻微": 1, "锐化": 1, "阴影": 1, "数字": 1, "超广角": 8, "X23": 1, "掀起": 1, "广角": 6, "热潮": 1, "成绩": 2, "遗憾": 2, "出局": 1, "死忠": 1, "不用": 5, "传说": 1, "上将": 1, "请": 1, "退场": 1, "样片": 1, "地表": 2, "惊喜": 1, "人眼": 1, "超广": 1, "前所未有": 1, "容纳": 1, "天地": 1, "优化": 6, "加油": 1, "微距": 4, "尽在眼前": 1, "视角": 2, "不止": 1, "看完": 1, "硕大": 1, "微观": 1, "探寻": 1, "逆天": 1, "输": 1, "体无完肤": 1, "焦距离": 2, "放": 3, "大倍率": 1, "碾压": 1, "醒醒": 2, "略逊于": 1, "稍稍": 1, "不是省油的灯": 1, "追焦": 1, "带": 2, "优异": 1, "焦": 3, "锁定": 1, "花朵": 2, "调整": 1, "过程": 1, "吹动": 1, "死死": 1, "咬住": 1, "无惧": 1, "脱焦": 1, "对焦": 1, "成功": 1, "烦恼": 1, "人像": 10, "客观": 1, "严谨": 1, "评测": 2, "拍妹": 2, "要素": 1, "妹子": 7, "漂亮": 4, "错": 1, "虚化": 10, "！！": 1, "摄影师": 1, "毒德": 1, "徕卡": 1, "傲视": 1, "群雄": 1, "银河": 1, "战舰": 2, "创": 1, "奇迹": 1, "胜利": 1, "说到": 1, "提华": 1, "开创": 1, "0.95": 1, "光圈": 1, "先河": 1, "加上": 2, "德味": 2, "出片": 1, "拼中": 1, "碰撞": 1, "火花": 1, "触发": 3, "不尽相同": 1, "区别": 1, "观看": 1, "味道": 1, "陶醉": 1, "肤色": 1, "夺回": 1, "城": 1, "白里": 1, "透粉": 1, "爱不释手": 1, "中规中矩": 1, "地步": 1, "9012年": 1, "好玩": 1, "新鲜": 1, "光效": 1, "苛刻": 1, "可有可无": 1, "超大光圈": 1, "传感器": 1, "两点": 1, "厂家们": 1, "纷纷": 1, "边缘": 4, "放大": 3, "找": 1, "大头": 1, "顶": 1, "肩膀处": 1, "人物": 2, "勾勒": 1, "微弱": 1, "胜出": 1, "发丝": 1, "轻柔": 1, "地理": 1, "吃": 2, "分毫": 1, "描": 1, "笔": 1, "佩服": 1, "完结": 1, "自拍": 2, "欢心": 1, "样张": 1, "爸妈": 1, "好好": 1, "粉嫩嫩": 1, "暖黄暖黄": 1, "淡淡": 1, "美颜": 1, "白皙": 1, "自然": 3, "喜爱": 1, "细致": 1, "考察": 1, "划": 1, "著名": 1, "倒是": 1, "给出": 1, "答案": 1, "中免": 1, "败": 1, "阵": 1, "后来者": 1, "超群": 1, "Galasy": 1, "最新": 2, "不分伯仲": 1, "差点": 1, "胜利者": 1, "——": 2, "Pro当之无愧": 1, "惊为": 1, "天人": 1, "不二之选": 1, "续航": 10, "|": 1, "同根": 1, "煎": 1, "急": 1, "不同于": 1, "晶片": 1, "代工厂": 3, "台积电": 1, "A12": 5, "980": 6, "规格": 1, "Bionic": 2, "堆": 2, "料": 2, "优良": 1, "化身": 1, "膏": 1, "CP": 1, "U单": 1, "核": 4, "阉割": 1, "L2": 1, "L3": 1, "缓存": 1, "Adreno": 2, "640": 2, "上代": 1, "肉眼": 2, "扫": 1, "970": 1, "羸弱": 1, "功耗": 1, "大核": 1, "小核": 1, "六": 1, "CPU": 2, "架构": 5, "主频": 4, "2.49GHz": 1, "四核": 1, "GPU": 5, "A11": 1, "50%": 1, "偷偷": 1, "偷": 1, "下师": 1, "八核心": 1, "NPU": 2, "丛集": 1, "2.84": 1, "GHz": 3, "2.42": 1, "1.80": 1, "1+3+4": 2, "Kryo": 1, "485": 1, "魔改": 1, "A76": 2, "20%": 1, "倔强": 1, "独立": 1, "Hexagon": 1, "690": 1, "集成": 1, "第四": 1, "人工": 1, "引擎": 1, "Engine": 1, "秒": 1, "7万亿": 1, "运算": 2, "7TOPs": 1, "代旗舰": 1, "熟悉": 1, "家族": 1, "7nm": 1, "制程": 1, "2.6GHz": 1, "A76+": 1, "1.9GHz": 1, "A76+四": 1, "1.8GHz": 1, "A55": 1, "2+2+4": 1, "相较": 1, "75%": 1, "Mali-G76": 1, "MP10": 1, "720MHz": 1, "双N": 1, "PU": 1, "纸面": 1, "说完": 1, "理论": 2, "条形图": 2, "Geekbench": 2, "跑分": 6, "遥遥": 1, "安兔兔": 2, "善于": 1, "机型": 1, "跑到": 1, "37万分": 1, "毋容置疑": 1, "相差": 2, "标准": 1, "分数": 1, "可取": 1, "3DMark": 1, "Sling": 1, "Shot": 1, "Extreme": 1, "OpenGL": 1, "项": 3, "2000": 1, "所幸": 1, "Vulkan": 1, "挽回": 1, "颜面": 1, "持久": 1, "来得": 1, "Exynos": 1, "9810": 1, "鲜活": 1, "例子": 1, "游戏": 5, "实测": 1, "破解": 3, "刺激": 3, "战场": 3, "60": 3, "帧": 6, "高明": 1, "帧率": 1, "委屈": 1, "跑": 3, "40": 3, "昔日": 1, "杀手": 1, "只不过": 1, "帧数": 2, "平均": 4, "波动率": 1, "低": 2, "碳": 1, "纤维液": 1, "冷散热": 1, "麒麟980": 1, "质": 1, "飞跃": 1, "麒麟970": 1, "Turbo": 4, "加持": 3, "未必": 1, "40帧": 1, "堂堂A12": 1, "不在话下": 1, "得知": 1, "三丛集": 1, "质疑": 1, "超级大核": 2, "肯定": 1, "躺尸": 1, "围观": 1, "为此": 1, "年评": 1, "独门": 1, "秘籍": 1, "淘宝": 2, "Bench": 1, "调度": 2, "究竟": 1, "KFMARK": 1, "核会": 1, "降频": 1, "起码": 1, "分钟": 7, "运行": 1, "38": 1, "波动": 1, "16.82帧": 1, "丢": 3, "旗舰机": 1, "测续": 1, "航": 1, "高端": 1, "商务": 3, "在意": 1, "例外": 1, "一揽子": 1, "项目": 2, "还要": 2, "自带": 1, "时长": 1, "小时": 3, "满电": 1, "鏖战": 1, "剩": 3, "58%": 1, "电": 1, "得分": 2, "3558": 1, "78%": 1, "80%": 1, "7771": 1, "7020": 1, "30": 4, "B站": 1, "直播": 1, "打开": 1, "弹幕": 1, "刷": 1, "王者": 1, "荣耀": 1, "总共": 1, "剩余": 2, "41%": 1, "电量": 3, "39%": 1, "绝杀": 1, "发挥": 1, "13%": 1, "测完": 1, "顺带": 1, "充电": 3, "测": 1, "众所周知": 2, "五福一安": 1, "慢充": 1, "自觉": 1, "退出": 2, "功率": 1, "15W": 1, "快充": 6, "W真": 1, "莱茵": 1, "实验室": 1, "认证": 1, "只用": 1, "50": 1, "充满": 2, "强劲": 1, "糟糕": 1, "长足": 1, "硬伤": 1, "发热": 1, "强势": 1, "归来": 1, "百战不殆": 1, "横评": 2, "感叹": 1, "大厂": 2, "平起平坐": 1, "亏": 1, "比如说": 1, "标华": 2, "破天荒": 1, "重返": 1, "决心": 1, "给予": 1, "反馈": 1, "卖": 1, "断货": 1, "留给": 2, "中国队": 1, "耳熟能详": 1, "倒": 1, "原本": 1, "9月": 1, "粗暴": 1, "生活": 1, "敌动": 1, "乱动": 1, "原则": 1, "坐以待毙": 1, "身处": 1, "厮杀": 1, "可怕": 1, "停下": 1, "脚步": 1, "缺": 2, "家里": 2, "矿": 2, "创新": 1, "众多": 3, "明白": 1, "道理": 1, "适合": 5, "忠实": 1, "果粉": 1, "购买": 3, "库克": 1, "颜值党": 1, "党": 3, "长续": 1, "航大": 1, "急性子": 1, "不快": 1, "人群": 1, "高度": 1, "重合": 1, "PS": 1, "作者": 1, "耿直哥": 2, "扼死": 1, "高科技": 1, "脸": 3, "理查德": 1, "公然": 1, "德国人": 5, "付出": 1, "份": 1, "公开信": 1, "难受": 1, "反恐": 1, "依赖": 1, "天天": 3, "号称": 1, "人权": 1, "生命": 1, "要挟": 1, "吓大": 1, "知名": 2, "南德意志报": 1, "网民": 5, "写下": 1, "驳斥": 1, "电讯": 1, "储": 1, "监听": 6, "偷听": 1, "国安局": 5, "别国": 1, "搅事": 1, "加油华": 1, "请问": 1, "驻扎": 1, "法兰克福": 1, "使馆": 1, "中情局": 1, "赶紧": 1, "撤走": 1, "丢人": 1, "指手画脚": 2, "立刻": 2, "闭嘴": 1, "可信": 1, "奇怪": 1, "监控": 3, "全世界": 1, "惟一": 1, "万岁": 3, "呵呵": 2, "贸易": 2, "居然": 2, "主权": 1, "讨人厌": 1, "境外": 1, "社交": 1, "网站": 1, "推特": 1, "不屑": 1, "番": 1, "嘲讽": 1, "件": 3, "好事": 1, "调侃": 3, "难道": 1, "思科": 2, "6": 1, "异见": 1, "斯诺登": 1, "棱镜": 1, "和盘托出": 1, "震惊": 1, "高层": 1, "现任": 1, "总理": 1, "默克尔": 1, "……": 3, "披露": 1, "通讯": 2, "Cisco": 1, "以此": 1, "此刻": 1, "这家": 1, "颐指气使": 1, "口诛笔伐": 1, "对象": 1, "皇上": 1, "臣子": 1, "口吻": 2, "命令": 4, "早": 1, "5月": 1, "刚": 1, "上任": 1, "口气": 1, "停止": 2, "伊朗": 3, "撤": 1, "正值": 1, "总统": 2, "不顾": 1, "反对": 1, "单方面": 1, "毁约": 1, "协议": 1, "网友": 2, "反感": 1, "同意": 1, "新任": 1, "外交官": 1, "俄罗斯": 2, "天然气": 2, "臭名昭著": 1, "联邦": 1, "议员": 1, "账号": 1, "家伙": 1, "跳": 1, "观点": 1, "干涉": 1, "内政": 1, "卷铺盖": 1, "滚蛋": 1, "互联网": 1, "高速": 1, "变得": 1, "空气": 1, "WIF": 1, "I成": 1, "首要": 1, "家居": 4, "WIFI": 19, "信号": 17, "尤为": 1, "家庭": 2, "布线": 1, "中继": 5, "路": 19, "无线": 3, "扩展": 2, "方式": 3, "顺畅": 2, "强度": 4, "稳定性": 1, "成套": 1, "提供商": 1, "强项": 1, "路由": 11, "Q2": 10, "户型": 1, "应运而生": 1, "千兆": 2, "母路": 14, "最多": 3, "连接": 14, "子路": 15, "超大": 1, "立体": 1, "子母路": 8, "电力线": 7, "传输": 7, "飞檐走壁": 1, "无损": 3, "凌霄": 2, "5630": 1, "电力": 2, "猫": 2, "PLC": 3, "零火": 1, "三线": 2, "降低": 1, "共模": 1, "噪声": 1, "组网": 1, "双频": 3, "2.4G/5G": 1, "无缝": 2, "漫游": 2, "Wi-Fi": 2, "频段": 5, "热点": 2, "学习": 3, "周边": 2, "信道": 2, "主动": 2, "记忆": 2, "习惯": 2, "跨过": 1, "电表": 1, "墙体": 1, "插座": 1, "Pro子": 1, "椭圆形": 1, "网口": 2, "WAN/LAN盲插": 1, "接入": 1, "后路": 1, "LAN口": 1, "输出": 1, "到处": 1, "拉线": 1, "或者是": 1, "复位口": 1, "用来": 1, "复位": 1, "配件": 1, "网线": 1, "电源线": 1, "说明书": 1, "底部": 1, "指示灯": 2, "红色": 1, "未": 1, "绿色": 1, "接通": 1, "2.4G": 4, "频率": 1, "共用": 2, "优先": 2, "上网": 5, "插入": 1, "房间": 2, "稍": 1, "一会": 1, "配对": 1, "子": 1, "线路": 1, "名称": 3, "无感": 1, "联网": 3, "上电": 1, "电脑": 1, "初始": 1, "密码": 2, "HUAWEI-XXXX": 1, "看路": 1, "登录": 2, "192.168.3.1": 2, "更换": 1, "头": 1, "Pro帮": 1, "旧": 1, "键": 1, "原路": 1, "优选": 2, "开关": 1, "开启": 1, "合并": 2, "感受": 1, "恢复": 3, "出厂": 3, "删除": 1, "查看": 2, "访客": 1, "儿童": 1, "常规": 1, "路由器": 1, "网速": 3, "120": 1, "平大": 1, "居室": 1, "下角": 1, "主卧": 1, "位置": 2, "客厅": 2, "左上": 2, "角处": 1, "次卧": 1, "穿": 1, "堵": 1, "墙": 2, "角": 1, "厨房": 1, "同一个": 1, "MAC": 1, "地址": 1, "XX:77:03:B4": 1, "XX:83:56:3C": 1, "右图": 1, "走动": 1, "发生": 1, "123三": 1, "分布": 1, "橙色": 1, "蓝色": 1, "互补": 1, "连接点": 1, "直观": 1, "1点": 1, "23": 1, "点默": 1, "认会": 1, "不论是": 1, "上传": 1, "下载": 1, "整屋": 1, "还好": 1, "ping": 1, "延时": 1, "包": 1, "连接子": 1, "传播": 1, "压力": 1, "家中": 1, "死角": 1, "WiFi": 2, "定向": 1, "高级": 1, "花生壳": 1, "VPN": 1, "DMZ": 1, "USB口": 1, "硬盘": 1}