{"2019年": 8, "5月": 7, "20日": 1, "美国": 67, "华为": 316, "发布": 10, "禁令": 13, "随即": 2, "科技": 12, "巨头": 13, "响应": 2, "特朗普": 10, "号召": 2, "展开": 3, "封锁": 5, "计划": 12, "很多": 13, "或许": 2, "听说": 1, "美": 4, "意味着": 5, "出口": 2, "管制": 3, "实体名单": 2, "购买": 3, "产品": 31, "流入": 1, "市场": 45, "霸道": 1, "不得不": 7, "承认": 1, "水平": 1, "领先": 8, "全球": 15, "5G": 108, "领域": 6, "核心": 4, "依赖": 3, "想": 6, "技术": 15, "遏制": 1, "命脉": 1, "高通": 6, "、": 87, "谷歌": 11, "纷纷": 4, "发声": 2, "芯片": 14, "安卓": 10, "系统": 28, "断供": 13, "形势": 1, "严峻": 1, "如今": 1, "距离": 1, "一个": 16, "结局": 1, "反转": 1, "估计": 1, "本人": 1, "都": 29, "料到": 1, "未果": 1, "反而": 3, "带": 2, "尴尬": 2, "局面": 2, "影响": 30, "前期": 2, "狼狈不堪": 1, "饱受": 1, "外界": 2, "诟病": 1, "缺少": 1, "公司": 18, "掐住": 1, "命门": 1, "死": 2, "难": 2, "最初": 1, "调整": 3, "被迫": 1, "拿出": 2, "存货": 1, "很快": 3, "备胎": 5, "鸿蒙": 8, "问世": 1, "大肆": 1, "宣传": 1, "先声夺人": 1, "焦点": 3, "有种": 1, "未": 1, "出山": 1, "名气": 1, "传": 1, "天下": 1, "感觉": 1, "首测": 1, "出炉": 1, "慌": 1, "性能": 7, "远": 2, "超": 5, "超过": 5, "60%": 1, "起到": 1, "打压": 6, "效果": 2, "崛起": 1, "树立": 1, "强大": 6, "对手": 6, "场": 2, "博弈": 1, "低头": 2, "示好": 1, "合适": 1, "时机": 2, "合作": 39, "关系": 5, "解除": 1, "情况": 17, "企业": 24, "毕竟": 5, "当初": 2, "一声令下": 1, "下架": 1, "软件": 13, "更新": 2, "驱动": 2, "程序": 2, "上都": 1, "销量": 14, "有目共睹": 1, "手机": 71, "超越": 1, "苹果": 7, "出货量": 9, "高达": 2, "2亿": 1, "台": 12, "供货商": 1, "赚特": 1, "赚": 1, "拒绝": 4, "本质": 1, "财富": 1, "前车之鉴": 1, "自我": 1, "研发": 11, "损失": 8, "笔": 1, "钱": 1, "这是": 6, "微软": 2, "英特尔": 2, "幡然悔悟": 1, "联手": 1, "三方": 1, "施压": 1, "三天两头": 2, "撤回": 2, "近日": 2, "高调": 4, "声明": 2, "供货": 6, "恢复": 5, "倒戈": 1, "白宫": 4, "内部": 4, "争论": 1, "高层": 1, "至少": 2, "顶尖": 1, "依赖性": 2, "很": 12, "骑虎难下": 1, "一味": 1, "难以": 1, "交差": 1, "面子": 1, "6月": 7, "21日": 1, "终端": 25, "产品线": 2, "总裁": 3, "何刚": 3, "截止": 2, "30日": 2, "智能": 5, "正式": 4, "一亿": 2, "5": 3, "1亿": 4, "P30": 10, "系列": 12, "功不可没": 2, "破亿": 7, "速度": 3, "创造": 1, "历史": 2, "纪录": 1, "——": 3, "149": 1, "公布": 3, "数据": 4, "计算": 1, "头": 1, "三": 5, "平均": 2, "1960万": 1, "；": 8, "4": 1, "5月份": 5, "跃升": 1, "2050万": 1, "一季度": 1, "还要": 4, "厉害": 2, "回顾": 1, "2015年": 1, "首次": 2, "年销量": 1, "破": 3, "亿": 3, "历时": 1, "12月": 1, "22日": 2, "才": 5, "数字": 2, "2016年": 1, "时间点": 5, "提前": 6, "10月": 1, "14日": 1, "2017年": 1, "8月": 1, "12日": 1, "2018年": 3, "7月": 1, "18日": 1, "综合": 2, "品牌": 3, "形象": 2, "档次": 1, "竞争": 4, "增长": 15, "过程": 2, "旗舰": 2, "机型": 8, "发挥": 2, "作用": 1, "国内": 24, "4000": 1, "元": 3, "高档": 3, "三星": 8, "占据": 5, "销量榜": 1, "Mate20": 2, "Pro": 2, "型号": 4, "第一": 12, "第四": 1, "名": 7, "iPhone": 3, "XR": 2, "XS": 1, "Max": 1, "XS三": 1, "第二": 7, "第三": 7, "第五": 1, "Galaxy": 1, "S10一": 1, "第六": 1, "排": 2, "4月": 1, "11日": 1, "首发": 2, "内": 6, "突破": 2, "210万": 1, "单月": 1, "卖出": 2, "52万": 1, "拍照": 1, "一流": 1, "外观": 1, "AI": 1, "卖点": 1, "极致": 1, "大幅度": 2, "领先于": 1, "可贵": 1, "火爆": 2, "欧洲": 8, "海外": 15, "消费者": 10, "热捧": 1, "新加坡": 2, "巴黎": 1, "伊斯坦布尔": 1, "城市": 5, "当日": 1, "专卖店": 1, "门口": 1, "无一例外": 1, "聚集": 1, "热情": 1, "用户": 28, "民众": 1, "排长队": 1, "抢购": 1, "新闻": 2, "亚洲": 1, "国": 2, "媒体": 4, "报道": 3, "站稳": 1, "脚跟": 1, "提升": 3, "效应": 1, "吸引": 1, "打算": 1, "旗舰机": 1, "倾向于": 1, "选择": 13, "确实": 2, "披露": 2, "出货": 1, "两点": 2, "意图": 4, "消息": 8, "nova5": 1, "新品": 1, "发布会": 2, "现场": 1, "玺哥": 1, "宣示": 1, "隐含": 1, "隔空": 3, "喊话": 4, "层": 2, "壮": 1, "声势": 1, "告诉": 4, "环境": 6, "减速": 1, "充满": 2, "信心": 7, "传播": 1, "策略": 5, "相关方": 3, "就算": 1, "遭遇": 1, "不公平": 1, "待遇": 2, "阻止": 1, "发展": 21, "国际": 3, "仅仅": 2, "理解": 1, "营销": 1, "实体": 3, "清单": 2, "为名": 1, "多种": 1, "措施": 7, "之下": 3, "众多": 3, "软硬件": 1, "供应商": 15, "停止": 5, "压力": 4, "面对": 3, "公平": 3, "硬件": 2, "转正": 1, "处理器": 1, "自主": 2, "屏幕": 2, "关键": 9, "零部件": 1, "果断": 1, "转向": 2, "国产": 1, "厂商": 8, "解绝": 1, "操作": 11, "超级": 1, "蓝牙": 1, "解决": 6, "卡脖子": 1, "困境": 1, "一系列": 1, "交付": 1, "太": 6, "境况": 1, "不错": 3, "市场化": 1, "运作": 1, "提振": 1, "出台": 1, "不利": 1, "传言": 1, "甚嚣尘上": 1, "背景": 1, "掌控": 1, "能力": 5, "信任感": 1, "支撑": 1, "下半年": 10, "销售": 8, "状况": 3, "稳定": 1, "Nova": 1, "场合": 1, "无疑": 3, "事实": 3, "雄厚": 3, "实力": 6, "倒下": 1, "激发": 1, "潜力": 1, "2.5亿": 3, "既定": 3, "目标": 10, "3季度": 1, "年初": 3, "定下": 2, "！": 2, "化": 1, "势头": 2, "因素": 3, "接下来": 2, "季度": 7, "贸易战": 1, "带来": 5, "滞后性": 1, "施加": 1, "身上": 1, "众所周知": 1, "政府": 6, "给出": 2, "缓冲期": 2, "就要": 3, "结束": 3, "措": 1, "并举": 1, "规避": 1, "大部分": 1, "风险": 3, "面临": 4, "Facebook": 2, "平台": 5, "情景": 1, "相当于": 1, "中国": 16, "微信": 2, "支付宝": 1, "头条": 1, "毫无疑问": 1, "打击": 1, "找到": 4, "办法": 4, "三季度": 1, "取决于": 1, "恶化": 3, "真的": 2, "使用权": 1, "届时": 1, "只能": 1, "启动": 3, "提供": 4, "服务": 3, "下降": 16, "习惯": 2, "喜爱": 1, "全新": 2, "事情": 4, "做法": 1, "加大": 4, "推广": 2, "力度": 1, "希望": 5, "依托": 1, "弥补": 1, "欧美": 4, "第三方": 1, "显示": 1, "份额": 1, "34%": 1, "高居": 1, "不免": 1, "担心": 4, "空间": 1, "上半年": 3, "全年": 2, "预期": 2, "vivo": 1, "oppo": 1, "小米": 1, "争抢": 1, "想要": 2, "强劲": 1, "也许": 1, "换机": 2, "拉": 1, "波": 1, "售价": 1, "预计": 4, "一句话": 2, "抗住": 1, "高速": 1, "态势": 1, "2.5一": 1, "转自": 1, "公众号": 1, "通信": 3, "产业网": 1, "文": 1, "/": 1, "王欣": 1, "26日": 1, "MWC19": 1, "上海": 2, "期间": 5, "副董事长": 1, "胡厚崑": 8, "接受": 7, "国内外": 1, "采访": 9, "谈及": 1, "近期": 3, "运营": 11, "牌照": 3, "发放": 1, "进展": 3, "话题": 1, "胡": 9, "厚崑": 9, "直言": 2, "经历": 1, "事件": 2, "中旬": 1, "美国商务部": 2, "附属": 1, "列入": 1, "禁止": 2, "美企": 3, "出售": 1, "相关": 6, "对此": 2, "证据": 1, "法律": 1, "依据": 2, "条件": 1, "指控": 1, "怀疑": 1, "保证": 7, "经营": 8, "合规": 6, "自研": 3, "替代": 7, "方式": 6, "签署": 3, "合同": 6, "按时": 1, "50": 4, "商业": 3, "发货": 5, "10万": 1, "基站": 7, "面向": 6, "未来": 8, "持续": 4, "地位": 4, "年底": 5, "50万": 3, "座": 1, "制裁": 11, "发生": 4, "活动": 2, "应对": 3, "包括": 7, "运营商": 9, "客户": 4, "交易": 1, "业务": 13, "方案": 6, "打折扣": 1, "解释": 1, "临时": 1, "寻求": 1, "长期": 3, "采用": 4, "多元化": 2, "始终": 1, "有利于": 1, "产业": 5, "健康": 1, "不再": 1, "政策": 3, "约束": 1, "排斥": 1, "针对": 10, "开源": 1, "伙伴": 1, "依然": 1, "生态": 5, "坚定": 1, "支持者": 1, "需求": 4, "手段": 1, "网络": 11, "侧": 2, "员工": 8, "心态": 1, "平稳": 1, "挑战": 1, "为止": 1, "15万": 2, "行业": 10, "处于": 2, "遥遥领先": 1, "数量": 9, "覆盖": 5, "30": 1, "国家": 6, "4G": 7, "时代": 5, "扮演": 1, "角色": 1, "分析": 1, "认同": 1, "设备": 9, "先进性": 1, "信任": 1, "分析师": 1, "指出": 2, "支持": 18, "部署": 5, "推迟": 1, "时间": 11, "节省": 2, "成本": 4, "优势": 2, "辜负": 1, "尽力": 2, "安心": 2, "发牌": 3, "正当其时": 2, "关键点": 1, "发力": 1, "6日": 1, "工信部": 1, "四": 3, "元年": 1, "角度": 2, "期待": 3, "积蓄": 1, "游戏": 1, "视频": 28, "在线": 2, "购物": 1, "热门": 1, "体验": 3, "到来": 2, "带宽": 1, "低": 2, "延特点": 1, "高潮": 1, "折叠屏": 1, "风向": 1, "模式": 3, "3G": 2, "酝酿期": 1, "成熟": 5, "案例": 1, "诞生": 1, "段": 2, "雪崩": 1, "时期": 2, "商用": 4, "铺开": 1, "上市": 5, "mate": 1, "X": 4, "5G版": 3, "基于": 2, "判断": 2, "发力点": 1, "投入": 9, "40亿": 2, "美元": 13, "增强": 1, "助力": 2, "快速": 1, "推动": 3, "首当其冲": 1, "搭建": 1, "测试": 2, "助推": 3, "重点": 3, "跨": 4, "场景": 4, "此前": 4, "探索": 2, "成立": 2, "xlab": 2, "开放": 2, "100多": 1, "项": 1, "各行各业": 1, "孵化": 1, "相互": 1, "互联": 1, "互通": 2, "XLab": 1, "催熟": 1, "浙江": 1, "24": 1, "小时": 1, "钱江": 1, "晚报": 1, "记者": 20, "云山": 1, "19日": 1, "创始人": 1, "CEO": 1, "任正非": 20, "CNBC": 2, "40%": 5, "回升": 6, "尺度": 3, "小于": 3, "20%": 5, "之中": 3, "双模": 1, "电信": 3, "进网": 1, "许可证": 1, "款": 3, "搭载": 4, "巴龙": 2, "5000": 2, "基带": 9, "首款": 1, "单芯": 1, "多模5G": 1, "7nm": 1, "工艺": 2, "制程": 1, "打造": 1, "SA": 4, "独立": 5, "组网": 8, "NSA": 11, "2G": 1, "昨天": 3, "常务": 1, "董事": 1, "事业部": 1, "丁耘": 1, "份": 1, "5G商": 1, "发货量": 1, "套": 1, "来自于": 2, "韩国": 1, "瑞士": 1, "英国": 2, "芬兰": 1, "2/3": 1, "纪要": 1, "：": 37, "提到": 3, "下滑": 6, "收入": 8, "减少": 1, "300亿": 5, "件": 3, "1000亿": 3, "状态": 2, "改变": 2, "砍掉": 1, "边缘化": 1, "挺": 1, "占到": 1, "去年": 1, "1/3": 1, "股东": 2, "难道": 2, "1350亿": 2, "5月底": 1, "预测": 1, "报表": 2, "到底": 1, "肯定": 1, "承受": 1, "重视": 2, "真实": 1, "质量": 2, "刚才": 3, "谈到": 1, "快": 3, "生意": 1, "规模": 3, "持平": 1, "利润": 7, "想象": 2, "战略": 2, "这次": 1, "财务": 2, "汇报": 3, "分钟": 1, "最为": 1, "享受": 1, "分红": 2, "盈利": 1, "想法": 3, "沟通": 1, "干劲": 1, "努力": 1, "赢": 1, "打赢": 1, "机会": 2, "找": 3, "座谈": 1, "不在乎": 1, "导致": 4, "工资": 2, "足够": 1, "薪酬": 1, "支付": 1, "激励": 1, "结构": 1, "时刻": 1, "表现": 1, "优秀": 1, "人员": 3, "破格": 1, "提拔": 1, "加工资": 1, "收益": 1, "规划": 1, "一点": 3, "心理": 1, "踏实": 1, "工作": 1, "关心": 1, "形容": 2, "Google": 9, "没法": 1, "推进": 1, "尊重": 1, "永远": 1, "站": 1, "条": 1, "利益": 3, "线": 1, "装载": 1, "将来": 3, "7亿-8亿": 1, "2亿-3亿": 1, "短期": 1, "承担": 1, "随意": 1, "替换": 1, "如果说": 2, "走到": 1, "进一步": 3, "越来越": 2, "减轻": 1, "8万多": 1, "经费": 1, "150亿-200亿": 1, "生存": 3, "基础": 3, "确保": 1, "推出": 11, "8月份": 1, "无非": 1, "一部分": 1, "有人": 1, "痛苦": 1, "2021年": 2, "焕发": 1, "新生": 1, "架": 4, "千疮百孔": 3, "烂": 2, "飞机": 11, "到处": 1, "洞": 7, "发动机": 1, "油箱": 1, "飞": 5, "修": 2, "补洞": 1, "修好": 2, "照样": 1, "取消": 1, "开发": 2, "最终": 2, "目的": 1, "修补": 2, "随时随地": 1, "死掉": 1, "改正": 1, "缺点": 1, "洞补": 2, "大洞": 1, "补完": 1, "补": 3, "完了": 1, "自由": 1, "飞翔": 1, "买": 6, "部件": 6, "贡献": 1, "卖": 2, "东西": 5, "良心": 1, "怪": 1, "订单": 10, "华盛顿": 2, "批准": 3, "卖给": 1, "成百上千": 1, "才能": 1, "回来": 1, "图片": 2, "讲": 1, "感": 1, "兴趣": 1, "基层": 1, "访谈": 1, "花": 1, "修理工": 1, "活": 1, "到时候": 2, "看一看": 1, "答案": 1, "战略性": 1, "或者是": 1, "比如说": 1, "供应": 4, "或者说": 1, "自有": 1, "组件": 1, "比例": 3, "提高": 2, "恕": 1, "正面": 2, "回答": 3, "本身": 3, "乐观": 1, "世界": 4, "萎缩": 2, "联接": 1, "全世界": 1, "开通": 1, "一点点": 1, "副业": 1, "感谢": 1, "下次": 1, "再见": 1, "那时候": 1, "补好": 1, "国人": 1, "生气": 1, "一开始": 3, "联合": 6, "各国": 1, "抵制": 5, "数一数二": 1, "强国": 1, "一家": 1, "民营": 1, "愤怒": 1, "害怕": 1, "地步": 1, "中兴": 3, "200亿": 1, "破产": 1, "重蹈": 1, "覆辙": 1, "欣慰": 1, "刚": 1, "陷入": 1, "被动": 1, "境地": 1, "多方": 1, "本土": 1, "不管是": 1, "生产": 2, "硬": 1, "立刻": 1, "提出": 1, "备用": 5, "代工厂": 1, "推移": 1, "原本": 1, "一大": 2, "不用": 2, "建设": 4, "花费": 1, "4000亿": 1, "落后": 1, "最少": 1, "自然": 1, "启用": 2, "欧": 3, "李嘉诚": 2, "买下": 1, "半": 1, "旗下": 4, "当地": 1, "直播": 1, "开启": 1, "反响": 1, "陆续": 1, "西班牙": 1, "法国": 1, "德国": 1, "东南亚": 1, "中东": 1, "地区": 2, "为数不少": 1, "迪拜": 1, "富裕": 1, "地方": 1, "一下子": 1, "签订": 3, "500亿": 1, "免费": 1, "广告": 1, "菲律宾": 1, "本月": 1, "百亿": 1, "印尼": 1, "马来西亚": 1, "接触": 1, "多久": 1, "传来": 1, "滑落": 1, "位置": 2, "疑惑": 1, "下发": 2, "带头": 1, "紧随": 1, "其后": 1, "之间": 1, "51": 1, "稳稳": 1, "爱立信": 1, "诺基亚": 1, "庞大": 2, "变化": 1, "作何": 1, "感想": 1, "后悔": 1, "上个月": 1, "15号": 1, "明令禁止": 1, "遭受": 1, "表态": 1, "预装": 2, "数码": 2, "举措": 2, "一时间": 1, "处境": 1, "困难": 2, "加班": 1, "紧张": 1, "局势": 1, "慢慢": 1, "稳": 1, "措手不及": 1, "尤其是": 1, "忧虑": 2, "剥夺": 1, "特地": 1, "说情": 1, "事实上": 2, "拿华": 1, "束手无策": 1, "除开": 1, "冲击": 1, "失业": 1, "就业": 1, "棘手": 1, "程度": 1, "此举": 2, "明智之举": 1, "层面": 1, "反超": 1, "，，": 1, "全球性": 1, "本国": 1, "谈判": 1, "内容": 11, "基本上": 3, "恶性": 1, "评估": 1, "过后": 1, "日前": 1, "新款": 1, "认证": 1, "三大": 1, "封锁令": 1, "沦成": 1, "空文": 1, "强势": 1, "自救": 1, "平板": 2, "电脑": 2, "笔记本": 1, "原因": 1, "申请": 1, "全额": 1, "退款": 1, "这项": 1, "30多": 1, "以退为进": 1, "主动": 1, "放弃": 1, "留给": 1, "当下": 2, "争夺": 1, "倒计时": 1, "阶段": 3, "OPPO": 2, "Vivo": 2, "厂家": 1, "轮番": 1, "详细": 1, "布局": 2, "先锋": 1, "补贴": 1, "3-5": 1, "Mate": 2, "入网": 4, "许可": 1, "SA/NSA": 1, "模组网": 1, "OV": 2, "相继": 1, "Q3": 1, "迎来": 1, "重磅": 1, "震惊": 1, "所有人": 1, "董事长": 5, "杨杰": 1, "明年": 4, "1月": 1, "1日": 1, "方向": 4, "尽快": 1, "过渡": 1, "称道": 1, "SA组网": 6, "简短": 1, "揭开": 1, "残酷": 1, "现状": 2, "指明": 1, "当中": 2, "SA到底": 1, "分清": 1, "SA其实": 1, "简单": 1, "初期": 1, "加快": 1, "称作": 1, "共用": 1, "核心网": 1, "设施": 1, "超低": 1, "时延": 1, "特性": 1, "连接": 1, "耗电量": 1, "高等": 1, "等到": 2, "后期": 1, "商会": 1, "SA组": 1, "网下": 1, "从头": 1, "更换": 2, "耗费": 1, "精力": 1, "新机": 1, "抛开": 1, "分为": 1, "阵营": 3, "高通X50": 3, "X50": 1, "落后于": 1, "注定": 1, "淘汰": 1, "SA双模": 1, "后顾之忧": 1, "提早": 1, "X55": 1, "相比": 2, "优点": 2, "相较于": 1, "双卡": 2, "凡是": 1, "单卡": 1, "5G卡": 1, "4G卡": 1, "值得": 2, "电话卡": 1, "曝光": 1, "官方": 1, "震动": 1, "拥有": 1, "宣告": 1, "失败": 1, "尝": 1, "鲜期": 1, "最佳": 1, "腾讯": 9, "完婚": 1, "优酷": 32, "牵手": 1, "25日": 1, "达成": 3, "深度": 2, "APP": 6, "设置": 1, "专区": 2, "账号": 2, "实行": 1, "双向": 1, "打通": 1, "权益": 1, "共享": 2, "最新": 1, "版本": 1, "上线": 1, "业务部": 1, "部长": 1, "徐": 3, "晓林": 3, "介绍": 1, "阿里": 1, "UC": 1, "浏览器": 1, "阿里文学": 1, "下沉": 8, "精准": 1, "分发": 2, "有别于": 1, "此次": 2, "中低端": 2, "升级": 3, "统一": 1, "负责": 1, "优酷CTO": 2, "兼": 2, "COO庄": 2, "卓然": 2, "称": 2, "网站": 3, "一二线": 2, "会员": 10, "渗透": 2, "接近": 2, "天花板": 1, "寻找": 1, "增量": 2, "参与": 4, "自制": 3, "爱奇艺": 3, "定位": 2, "线下": 1, "入口": 2, "在于": 1, "低线": 1, "徐晓林": 3, "触达": 4, "宣发": 1, "活跃": 1, "5亿": 1, "放大器": 2, "VR": 1, "PC": 1, "大屏": 1, "1+8+N": 1, "泛终端": 1, "生态圈": 1, "无缝": 1, "切换": 2, "类似": 2, "第七": 1, "届": 1, "视听": 1, "大会": 1, "围绕": 1, "协同": 1, "加速器": 1, "亦": 1, "投资": 2, "出品": 1, "影响力": 1, "建立": 1, "合资": 1, "聚焦": 1, "做好": 1, "擅长": 1, "环节": 1, "关注": 1, "早": 2, "Y系列": 1, "G系列": 1, "出厂": 2, "定制": 2, "优酷版": 2, "全线": 1, "正式版": 1, "lite版": 1, "变为": 1, "QuestMobile5月": 1, "报告": 1, "3月": 2, "时长": 2, "占": 3, "类别": 1, "幅度": 1, "价格": 1, "区间": 1, "分布": 1, "3000": 1, "总数": 1, "70%": 1, "阿里巴巴": 1, "集团": 1, "副总裁": 1, "差距": 1, "不大": 1, "三线": 1, "战场": 1, "2000": 1, "群体": 1, "匹配度": 1, "庄卓然": 2, "签约": 1, "多样": 1, "耀星": 1, "近年": 1, "比拼": 1, "异常": 1, "激烈": 1, "付费": 1, "一亿大关": 1, "B站": 1, "一季报": 1, "多年": 1, "未曾": 1, "公开": 1, "新京报": 1, "陆": 1, "夫": 1, "编辑": 1, "王宇": 1, "校对": 1, "刘军": 1, "中关村": 1, "轮值": 3, "今日": 1, "MWC2019": 1, "峰会": 1, "发表": 1, "主题": 1, "演讲": 1, "透露": 1, "累计": 1, "即华": 1, "研究": 1, "材料": 1, "算法": 1, "散热": 1, "在内": 1, "专利": 1, "历程": 1, "主流": 1, "依旧": 1, "涵盖": 1, "范畴": 1, "AR/VR": 1, "来讲": 1, "着力点": 1, "再次": 1, "回应": 1, "业务线": 1, "本文": 1, "互联网": 1, "(": 1, "7202381": 1, ")": 1, "俄罗斯": 1, "卫星": 1, "通讯社": 1, "P20pro": 1, "618": 1, "当天": 1, "美方": 9, "发现": 2, "风轻云淡": 1, "碰到": 2, "下旬": 1, "荣耀": 2, "P20": 2, "伦敦": 1, "前夕": 1, "下达": 1, "封杀": 1, "收到": 2, "命令": 1, "通知": 1, "单方面": 1, "吓倒": 1, "产能": 2, "研制": 1, "替代品": 1, "需求量": 1, "戏剧性": 1, "回过味": 1, "采购商": 1, "蒙受": 1, "亏本": 1, "致电": 1, "歉意": 1, "商定": 1, "耽误": 1, "皆大欢喜": 1, "零件": 2, "傻眼": 1, "唯一": 1, "别国": 1, "元件": 1, "吃亏": 1, "在商言商": 1, "亏损": 1, "权衡": 1, "利弊": 1, "空": 1, "据悉": 1, "80%": 1, "渠道": 1, "得益": 1, "工业": 1, "中方": 1, "台积电": 1, "威盛": 1, "电子": 1, "联发科": 1, "占有": 1, "不少": 1, "比重": 1, "怒斥": 1, "弄巧成拙": 1, "提交": 1, "请愿信": 2, "沃尔玛": 1, "梅西": 1, "百货": 1, "零售": 1, "信中": 1, "301": 1, "条款": 1, "负面": 1, "美国商": 1, "协会": 1, "耐克": 1, "知名": 1}