{"都": 20, "华为": 114, "5G": 46, "美国": 2, "阻挡": 1, "国家": 22, "信任": 5, "危机": 1, "世界": 1, "走": 4, "很": 13, "艰难": 2, "好在": 1, "满满": 1, "诚意": 1, "努力": 8, "不少": 7, "欧洲": 1, "接纳": 1, "一个": 23, "不错": 6, "消息": 3, "接到": 1, "订单": 2, "算": 1, "打开": 1, "局面": 1, "参与": 2, "建设": 9, "抱": 2, "怀疑": 3, "目光": 1, "严密": 1, "监控": 1, "过程": 2, "顺畅": 2, "阻拦": 1, "言语": 1, "评论": 1, "品牌": 4, "声誉": 1, "影响": 3, "撤": 3, "回来": 3, "通信": 1, "设备": 3, "技术": 17, "人员": 2, "这样子": 3, "办法": 6, "事情": 6, "态度": 3, "指责": 1, "做贼": 1, "看待": 1, "很多": 11, "接受": 2, "对待": 1, "法国": 2, "产品": 4, "只能": 1, "离开": 1, "专心": 1, "尽力": 2, "全心": 1, "坦诚": 1, "相待": 1, "才": 7, "合作": 12, "基础": 2, "尽心尽力": 1, "小编": 3, "做法": 2, "做事": 1, "顺利": 2, "黑": 1, "退": 1, "做好": 2, "一家": 5, "代表": 1, "中国": 5, "本土": 3, "企业": 6, "民众": 1, "骄傲": 1, "不至于": 1, "操纵": 1, "摆布": 1, "忍气吞声": 1, "网友": 3, "理解": 1, "支持": 10, "别人": 2, "鸡蛋里挑骨头": 1, "好好": 1, "件": 5, "五四": 1, "青年节": 1, "100年": 2, "面对": 1, "民族": 3, "生死存亡": 1, "一批": 1, "爱国": 1, "青年": 5, "挺身而出": 1, "激发": 1, "追求": 4, "真理": 1, "、": 20, "觉醒": 1, "一代": 3, "接续": 1, "奋斗": 8, "谱写": 1, "曲": 2, "青春": 9, "歌": 1, "珍惜": 1, "韶华": 1, "负": 1, "时代": 6, "年华": 1, "度过": 1, "才能": 2, "留": 4, "遗憾": 5, "来源": 2, "：": 16, "21": 1, "世纪": 1, "经济": 1, "报道": 2, "补课": 2, "委员会": 1, "央视": 1, "新闻": 1, "29": 5, "岁": 14, "现象": 4, "认知": 1, "30岁": 1, "区分": 1, "中年": 1, "一道": 1, "线": 1, "症状": 1, "焦躁": 1, "不安": 1, "情绪": 1, "波动": 1, "前途": 1, "迷茫": 3, "缺乏": 1, "激情": 1, "工作": 9, "浮躁": 1, "急功近利": 1, "……": 2, "原因": 3, "当代": 1, "快": 1, "节奏": 1, "生活": 5, "面临": 1, "各种各样": 1, "压力": 5, "没钱": 1, "买": 1, "房": 1, "贷款": 1, "压身": 1, "房子": 2, "高昂": 1, "生育": 1, "成本": 1, "家庭": 1, "带": 1, "不用": 3, "供": 1, "孩子": 1, "享受": 2, "单身": 1, "带给": 1, "无限": 2, "自由": 2, "家长": 1, "亲戚": 1, "可不": 1, "放过": 1, "平均": 2, "初婚": 1, "年龄": 1, "增长": 3, "催婚": 1, "日常": 2, "琐事": 1, "烦恼": 1, "职场": 1, "还要": 3, "忍受": 1, "强度": 1, "统计局": 1, "数据": 1, "刚刚": 4, "3月": 1, "全国": 3, "就业": 1, "时间": 2, "46.0": 1, "小时": 3, "2月": 1, "增加": 4, "1.1": 1, "辛苦": 1, "换来": 1, "回报": 1, "腾讯": 1, "理财通": 1, "机构": 1, "4月": 3, "23日": 1, "发布": 5, "2019": 4, "国人": 1, "工资": 1, "报告": 2, "显示": 2, "10年": 2, "受访者": 1, "月薪": 2, "人数": 1, "比例": 1, "22.44%": 1, "也就是说": 1, "将近": 1, "8成": 1, "一部分": 1, "从众": 1, "效应": 1, "身边": 1, "结婚": 1, "生子": 1, "事业有成": 1, "陷入": 1, "焦虑": 2, "大佬们": 1, "大可不必": 1, "诸如": 1, "任正非": 4, "柳传志": 3, "商界": 1, "大佬": 1, "大器晚成": 1, "典型": 1, "43": 1, "创立": 4, "公司": 38, "26": 1, "发展": 8, "终于": 2, "2013年": 1, "超越": 2, "全球": 2, "第一": 9, "电信": 3, "设备商": 1, "爱立信": 1, "联想": 3, "科学院": 1, "计算": 2, "研究所": 1, "研究室": 1, "13年": 1, "磁": 1, "记录": 2, "电路": 1, "研究": 2, "40": 1, "中科院": 2, "所长": 1, "茂朝": 1, "创办": 1, "集团": 1, "前身": 1, "——": 1, "北京": 3, "计算机": 1, "创业": 3, "路": 3, "宗庆后": 2, "创建": 2, "娃哈哈": 2, "经历": 1, "平凡": 1, "42": 1, "蹬": 1, "三轮": 1, "卖": 1, "冰棍": 1, "1989年": 1, "44": 1, "杭州": 1, "营养": 1, "食品厂": 1, "随后": 3, "贯穿": 1, "80后": 1, "90后": 1, "童年": 1, "62": 1, "肯德基": 2, "哈兰·山德士": 1, "穿梭": 1, "肯塔基州": 1, "俄亥俄州": 1, "之间": 1, "兜售": 1, "炸鸡": 1, "秘方": 1, "一开始": 1, "所有人": 1, "怪异": 1, "老头子": 1, "第1010": 1, "走进": 1, "饭店": 1, "肯定": 2, "1952年": 1, "餐厅": 1, "盐湖城": 1, "建立": 1, "企业家": 1, "相比": 1, "马云": 2, "早": 5, "28": 1, "9": 1, "翻译社": 1, "忙碌": 1, "2003年": 2, "淘宝网": 1, "39": 1, "那年": 1, "历程": 1, "亲爱": 1, "急": 1, "金子": 1, "总会": 1, "发光": 1, "时区": 1, "就要": 1, "有人": 3, "也许": 1, "时侯": 1, "永远": 2, "比不上": 1, "白费": 1, "请": 1, "费": 1, "力气": 1, "背后": 1, "付出": 1, "加倍": 1, "幸运": 2, "实力": 6, "把握": 1, "份": 2, "运气": 1, "幸福": 1, "各行各业": 1, "年代": 1, "意义": 2, "共鸣": 1, "海南": 1, "航空": 1, "乘务员": 1, "叶青": 1, "那时候": 2, "未来": 2, "这一切": 1, "东航": 1, "山西": 1, "分公司": 1, "机长": 1, "教员": 1, "苏超": 1, "梦想": 1, "拼搏": 1, "空军": 1, "招": 1, "报名": 1, "学": 1, "十几": 1, "课程": 1, "六": 2, "执照": 1, "从来": 1, "感觉": 4, "主动": 1, "早上": 1, "早起": 1, "跑到": 1, "教室": 1, "抢": 1, "座位": 1, "方向": 1, "奔跑": 1, "充实": 1, "劳动模范": 1, "青岛": 1, "前湾": 1, "集装箱": 1, "码头": 1, "固机": 1, "高级": 1, "经理": 1, "许振超": 1, "脑海": 1, "工人": 2, "干": 5, "琢磨": 2, "一辈子": 3, "领悟": 1, "人生": 1, "心甘情愿": 1, "挑战": 1, "正直": 1, "干什么": 1, "活": 1, "有益": 1, "吉林市": 1, "北山四季": 1, "越野": 1, "滑雪场": 1, "建筑": 1, "鹤鸣": 1, "年轻": 3, "大事": 1, "2008年": 1, "奥运会": 1, "电视": 1, "鸟巢": 1, "水": 1, "立方": 1, "建筑贼": 1, "漂亮": 3, "想到": 1, "参加": 1, "冬奥": 1, "场馆": 1, "想": 4, "工程": 2, "祖国": 2, "添砖加瓦": 1, "有限": 2, "青春里": 1, "网络": 6, "职员": 1, "张延宁": 1, "乐观": 1, "年轻人": 2, "晚": 1, "月球": 1, "探测": 1, "首席": 2, "科学家": 1, "院士": 1, "欧阳": 1, "自远": 1, "生命": 1, "17": 1, "考取": 1, "大学": 1, "号召": 1, "学子": 1, "唤醒": 1, "沉睡": 1, "高山": 1, "献出": 1, "无尽": 1, "宝藏": 1, "高中": 1, "毕业": 1, "报考": 1, "地质": 1, "学院": 1, "融合": 1, "力量": 1, "内功": 1, "扎扎实实": 1, "胸怀": 1, "大志": 1, "报效": 1, "感到": 2, "一生": 2, "国内": 4, "手机": 47, "厂商": 4, "速度": 3, "迅猛": 1, "先进": 1, "自研": 2, "芯片": 11, "基带": 10, "毕竟": 3, "精力": 1, "东西": 2, "采购": 1, "众多": 1, "供应": 3, "元器件": 1, "屏幕": 6, "整体": 4, "指标": 1, "用户": 9, "体验": 6, "OLED": 1, "三星": 8, "牢牢": 1, "控制": 1, "早期": 1, "采用": 8, "摆脱": 1, "供应商": 1, "三": 1, "京东方": 12, "LG": 4, "着实": 1, "坑": 1, "搭载": 2, "Mate20": 1, "系列": 3, "上市": 1, "初": 2, "遭遇": 1, "绿屏门": 1, "困扰": 1, "销量": 3, "下降": 1, "痛定思痛": 1, "甩开": 1, "P30": 2, "P30Pro": 2, "国产": 2, "面板": 2, "抓住": 1, "机会": 2, "榜上": 1, "营收": 5, "前所未有": 1, "高度": 1, "受益于": 1, "季度": 1, "265亿": 1, "五分之一": 1, "接下来": 1, "意外": 1, "情况": 2, "全年": 1, "千亿": 1, "级别": 1, "厂家": 1, "了不起": 1, "投资": 1, "大幅": 1, "提高": 3, "丝毫": 1, "怠慢": 1, "研发": 5, "经费": 1, "提升": 4, "88%": 1, "开辟": 1, "诸多": 1, "产品线": 1, "叫板": 1, "打下": 1, "苹果": 19, "处理器": 2, "出货量": 1, "台阶": 1, "智能": 6, "行业": 4, "势头": 1, "猛": 1, "大部分": 1, "顶尖": 1, "民营": 1, "科技": 1, "不仅仅": 1, "制造": 1, "如日中天": 1, "构筑": 2, "当仁不让": 1, "站": 1, "跑道": 1, "最前方": 1, "风光": 1, "如今": 2, "同台": 1, "竞技": 1, "险些": 3, "75亿": 3, "美元": 4, "市值": 1, "收购": 10, "这家": 1, "摩托罗拉": 16, "或许": 2, "时至今日": 1, "庆幸": 1, "当年": 4, "成功": 1, "12月": 1, "59": 1, "创始人": 1, "约见": 1, "运营官": 1, "扎菲洛夫斯基": 3, "长久": 1, "商榷": 1, "最终": 3, "签订": 3, "合同": 1, "旗下": 1, "通讯": 1, "业务": 3, "确实": 2, "走投无路": 1, "消失": 1, "历史": 3, "长河": 1, "选择": 4, "卖给": 1, "诺基亚": 1, "起名": 1, "庞然大物": 1, "俗话说": 1, "大树底下好乘凉": 1, "雄厚": 1, "带领": 1, "走过": 1, "冬天": 1, "迎来": 1, "春天": 1, "充满": 1, "戏剧性": 1, "事项": 1, "紧锣密鼓": 1, "变故": 1, "加拿大": 1, "北方": 1, "泄露": 1, "商业": 1, "机密": 1, "董事会": 1, "解雇": 1, "上任": 1, "总裁": 1, "名不见经传": 1, "东方": 2, "兵": 1, "划算": 1, "泥牛入海": 1, "不知": 1, "踪迹": 1, "离职": 1, "仿佛": 2, "女神": 1, "眷顾": 1, "市场": 8, "一路": 1, "下滑": 1, "屋漏": 1, "偏逢": 1, "连夜": 1, "雨": 1, "3G": 2, "到来": 2, "功能机": 2, "出场": 1, "等待": 1, "销售": 2, "清理": 1, "大肆": 1, "降价": 1, "尝试": 1, "消费者": 4, "2G": 1, "兴趣": 1, "无人问津": 1, "退市": 1, "崛起": 1, "慢慢": 1, "退出": 2, "舞台": 1, "几经": 1, "波折": 1, "29亿": 1, "低价": 1, "巨头": 2, "就此": 1, "陨落": 1, "反观": 1, "如鱼得水": 1, "蒸蒸日上": 1, "折叠屏": 2, "发售": 1, "基站": 4, "远": 1, "巴黎": 1, "开起": 1, "发布会": 2, "告诉": 1, "全世界": 2, "勤劳": 1, "勇敢": 1, "作坊": 1, "收获": 1, "一大": 1, "波": 1, "花粉": 1, "看法": 1, "徕卡": 28, "称为": 1, "相机": 15, "贵族": 3, "台": 3, "足以": 1, "陪伴": 1, "质量": 3, "性能": 2, "稳": 1, "价格": 1, "贵": 2, "史": 1, "第32": 1, "届": 1, "Westlicht": 1, "拍卖会": 1, "240万": 1, "欧元": 1, "成交": 1, "Leica": 1, "0-Series": 1, "折合": 1, "人民币": 1, "一千八百多万": 1, "款": 2, "正是": 1, "推出": 6, "生产": 2, "测试": 3, "距今": 1, "百年": 3, "现今": 1, "镜头": 11, "万元": 2, "十几万": 1, "近日": 1, "主打": 1, "噱头": 1, "超": 1, "感光": 1, "四": 1, "摄": 1, "P9": 3, "摄像头": 1, "千": 1, "元": 1, "身上": 2, "好奇": 1, "到底": 3, "回": 1, "6": 2, "年前": 1, "想要": 8, "升级": 2, "拍照": 3, "功能": 8, "胶片": 1, "照片": 2, "拍出": 1, "情感": 1, "思想": 1, "找": 1, "无数": 1, "经典": 1, "神圣": 1, "时刻": 1, "士兵": 1, "死": 1, "胜利": 1, "吻": 1, "载入": 1, "史册": 1, "长期": 2, "制作": 1, "艺术": 1, "使命": 1, "专注": 1, "改造": 2, "独特": 1, "文化": 5, "深厚": 2, "底蕴": 2, "乔布斯": 1, "iPhone4": 2, "讲": 1, "毫无疑问": 1, "精密": 1, "老式": 1, "制作业": 1, "典范": 1, "青春期": 1, "男孩儿": 1, "大家闺秀": 1, "吸引": 1, "2013年底": 1, "发出": 1, "邮件": 2, "表达": 1, "意愿": 1, "吃": 3, "闭门羹": 1, "拒": 1, "放弃": 1, "交流": 1, "面谈": 1, "稳步": 1, "丰厚": 1, "利润": 2, "改变": 2, "摄影": 3, "呈现": 1, "大众": 1, "眼前": 1, "越来越": 2, "来自于": 1, "思考": 1, "基垫": 1, "见面": 2, "眼起": 1, "化学": 1, "沟通": 1, "评估": 1, "战略": 1, "协议": 3, "外形": 1, "改良": 1, "大块头": 1, "手掌": 1, "缩小": 2, "飞跃": 1, "免不了": 1, "轻便": 1, "牺牲": 1, "硬件": 1, "零件": 1, "大小": 1, "现实": 1, "天地之别": 1, "带来": 3, "成立": 1, "专家组": 1, "光学": 1, "设计": 7, "图像": 1, "包括": 1, "画质": 1, "调教": 1, "传感器": 1, "ISP": 1, "保证": 2, "标准": 4, "2016年": 1, "3日": 1, "Plus": 1, "面世": 1, "社会": 2, "反响": 1, "这是": 2, "首款": 1, "系统": 22, "上都": 1, "程度": 3, "助力": 1, "拍摄": 2, "占据": 1, "优势": 1, "形象": 2, "铸就": 1, "今日": 2, "推动": 3, "当今": 1, "风靡": 1, "乐趣": 1, "无疑": 1, "推进": 1, "改进": 1, "EMUI": 1, "9.1": 1, "3点": 2, "！": 2, "自华": 1, "30": 1, "关注": 4, "拥有": 2, "强大": 2, "更新": 18, "变化": 2, "静态": 2, "编译": 4, "运行": 4, "风格": 5, "实用": 1, "老": 1, "机型": 2, "好事": 1, "纠结": 2, "流畅": 5, "开头": 1, "说到": 1, "iPhone": 2, "手法": 1, "状态": 3, "动态": 1, "流畅度": 7, "平时": 1, "游戏": 1, "ios": 1, "拉近": 1, "差距": 1, "更上一层楼": 1, "不妨": 2, "试试": 1, "前提": 3, "本身": 1, "华为p30": 1, "如果说": 1, "配置": 3, "太过于": 1, "低下": 1, "建议": 3, "至少": 1, "适配": 1, "导致": 1, "卡顿": 1, "太": 3, "低": 1, "更换": 1, "新款": 1, "第二": 1, "简洁": 2, "当中": 1, "估计": 1, "小米": 2, "用户们": 3, "杂乱": 2, "视觉": 1, "美观感": 1, "不顾": 1, "调整": 1, "喜欢": 2, "看上去": 1, "全新": 1, "主题": 2, "下载": 1, "试": 2, "第三": 1, "比如说": 1, "车": 1, "钥匙": 1, "实用性": 2, "新增": 1, "表现": 1, "需求": 1, "之内": 1, "4": 2, "16": 1, "高通": 15, "支付": 1, "笔": 1, "一次性": 1, "款项": 1, "为期": 1, "专利": 2, "许可": 1, "多年": 1, "结束": 1, "和好": 1, "公布": 1, "英特尔": 8, "调制解调器": 2, "至此": 1, "正式": 3, "出局": 1, "和解": 1, "前兆": 1, "2018": 4, "迟迟": 1, "解决": 1, "散热": 1, "能耗": 1, "始终": 1, "信心": 1, "缺芯": 1, "窘境": 1, "延续": 1, "眼看": 1, "Mate": 1, "X": 1, "阵营": 1, "纷纷": 1, "即将": 1, "内心": 1, "焦灼": 1, "自称": 1, "争气": 1, "取消": 1, "排除": 1, "挖走": 1, "人才": 1, "自立门户": 1, "跑步": 1, "杀入": 1, "大战": 1, "对手": 1, "元年": 1, "拿出": 1, "进度": 1, "商市": 1, "占率": 1, "2017": 1, "下半年": 2, "出样": 1, "首批": 1, "商用": 2, "X50": 2, "Modem": 2, "800MHz": 1, "带宽": 1, "5Gbps": 1, "下行": 3, "速率": 3, "毫米波": 1, "频段": 1, "NSA": 1, "SA": 1, "组网": 1, "最新": 2, "骁龙": 1, "855": 1, "外挂": 1, "都会": 1, "颗": 1, "处于": 1, "领先": 1, "年年": 1, "Hisilicon": 1, "Balong": 1, "5000": 1, "3": 2, "GPP": 2, "理论": 1, "搞": 1, "2.3Gbps": 1, "sub-6GHz": 1, "毫米": 1, "波频": 1, "段": 1, "通略": 1, "差别": 1, "过硬": 1, "天罡": 1, "运营商": 2, "两面": 1, "竞争": 2, "落": 1, "下风": 1, "终端": 2, "打造": 1, "闭环": 1, "生态": 1, "X55": 1, "路上": 1, "年底": 1, "供货": 1, "推广": 1, "阶段": 1, "胜负": 1, "妄加": 1, "判断": 1, "端": 3, "板凳": 1, "静待": 1, "大戏": 1, "上演": 1, "中关村": 1, "在线": 1, "27日": 1, "外媒": 1, "意呆利": 1, "总理": 1, "朱塞佩·孔特": 3, "表态": 2, "意大利": 7, "公平": 3, "待遇": 2, "言论": 1, "访问": 1, "华为ceo": 1, "称": 3, "措施": 1, "确保": 1, "外来": 1, "事实上": 1, "此前": 2, "禁止": 2, "中兴": 1, "本国": 2, "发挥": 1, "作用": 1, "认可": 1, "沃丰达": 2, "CEO": 1, "西奥": 1, "最佳": 1, "伙伴": 1, "政府": 1, "明令禁止": 1, "值得一提的是": 1, "早就": 1, "布局": 1, "2017年": 1, "联手": 1, "打通": 1, "5G端": 1, "链接": 1, "高达": 1, "2.7Gbps": 1, "2018年": 1, "呆利": 1, "TIM": 1, "Fastweb": 1, "华为端": 1, "开通": 1, "符合": 1, "投入": 1, "据悉": 1, "展示": 1, "10": 1, "范例": 1, "放心": 1, "威胁": 1, "对此": 1, "遵守": 2, "所在国": 2, "法律": 2, "法规": 2, "合规": 1, "经营": 1, "员工": 1, "国": 1, "无非": 1, "字": 1, "实在": 1, "眼睁睁": 1, "抢走": 1, "证明": 1, "笔者": 1, "写": 1, "帮忙": 1}