{"参考": 1, "消息网": 1, "1月": 8, "15日": 3, "报道": 5, "台媒": 1, "称": 8, "14日": 4, "台湾": 8, "新任": 2, "行政部门": 4, "负责人": 3, "苏贞昌": 4, "正式": 3, "上任": 3, "当天": 1, "经济": 1, "事务": 1, "主管": 1, "部门": 1, "设立": 1, "工研院": 6, "高调": 2, "办公": 2, "场所": 2, "华为": 67, "产品": 7, "联合": 1, "新闻网": 1, "团队": 1, "当日": 1, "上午率": 1, "内阁": 1, "成员": 1, "宣誓": 1, "赶赴": 1, "上午": 1, "10点": 1, "旧": 1, "交接": 1, "就要": 2, "卷": 1, "袖子": 1, "撩落": 1, "明知": 1, "风险": 1, "奋不顾身": 1, "干": 2, "接地": 1, "气做": 1, "努力": 1, "中国": 3, "时报": 1, "网站": 2, "发出": 1, "内部": 3, "通告": 1, "中午": 1, "手机": 24, "、": 27, "电脑": 1, "无线": 1, "网络": 6, "这项": 1, "做法": 4, "机构": 1, "一阵": 1, "骚动": 1, "晚间": 1, "公告": 1, "删": 1, "禁用": 1, "字眼": 1, "试图": 1, "降低": 1, "舆论": 1, "声浪": 2, "质疑": 2, "背后": 1, "实质": 1, "政治": 2, "操作": 2, "竹科": 1, "产业界": 1, "反对": 1, "有人": 1, "台": 7, "当局": 3, "拿出": 1, "证据": 2, "现阶段": 1, "单纯": 1, "网友": 4, "无厘头": 1, "命令": 1, "‘": 1, "绿": 1, "’": 1, "全世界": 1, "找": 1, "丁点": 1, "证明": 1, "危险": 1, "表忠": 1, "民代": 1, "蔡正元": 1, "批评": 1, "本钱": 1, "封杀": 2, "指出": 1, "两岸": 1, "供应链": 2, "早": 2, "2010年": 1, "超过": 6, "100": 2, "厂商": 4, "采购": 4, "年度": 1, "金额": 2, "台币": 1, "995亿": 1, "元": 7, "218亿": 1, "人民币": 1, "2018年": 4, "10月": 1, "台北": 1, "发布会": 7, "技术": 7, "总代理": 1, "讯崴": 1, "总经理": 2, "雍海": 1, "累计": 4, "逾": 1, "百亿": 1, "美元": 7, "出货": 1, "提升": 1, "2019年": 2, "成长": 1, "雷军": 25, "黑化": 1, "放飞": 2, "自我": 2, "狂怼": 2, "10日": 1, "红米": 10, "品牌": 10, "独立": 5, "升级": 3, "Redmi": 4, "小米": 33, "副总裁": 2, "卢伟冰": 1, "兼任": 1, "发布": 3, "首款": 1, "新品": 1, "Note": 3, "7": 2, "配置": 2, "4800万": 4, "像素": 2, "售价": 1, "999": 1, "千元机": 2, "档次": 1, "绝无仅有": 1, "性价比": 7, "难以置信": 1, "！": 7, "Note7": 3, "创新性": 1, "提供": 3, "长": 2, "18": 2, "质保期": 3, "都": 14, "主流": 1, "12": 2, "同行": 1, "很多": 5, "几千": 1, "旗舰": 3, "还要": 2, "50%": 1, "的确": 1, "对得起": 1, "厚道": 2, "字": 1, "重点": 1, "这次": 2, "亮点": 1, "竟然": 1, "一向": 1, "忠厚": 3, "针对": 1, "荣耀": 8, "熊": 1, "军民": 1, "此前": 3, "评价": 1, "竞争": 2, "早已": 1, "结束": 2, "遥遥领先": 1, "言论": 1, "回应": 1, "天友": 1, "商频": 1, "表态": 1, "友商": 7, "急": 2, "外观": 1, "芯片": 2, "价格": 2, "全方位": 1, "打击": 1, "对手": 3, "：": 11, "怼荣耀": 1, "8": 2, "X": 1, "10": 5, "青春版": 1, "做工": 1, "；": 4, "怼": 4, "麒麟": 1, "710": 2, "性能": 1, "骁龙": 1, "嘲讽": 2, "晓龙": 1, "660": 1, "血版": 1, "怼华": 2, "名不副实": 1, "刻": 1, "保时捷": 1, "卖": 1, "1万多": 1, "怼荣": 1, "耀学": 1, "讽刺": 1, "本事": 1, "学": 1, "质保": 1, "超高像素": 2, "相机": 4, "故意": 2, "抢跑": 2, "肯定": 1, "业内": 1, "第一": 3, "款": 2, "采用": 1, "不惜": 1, "篇幅": 1, "花": 1, "好几": 1, "页": 1, "PPT": 2, "一点": 2, "抢先": 1, "索尼IMX": 1, "586": 2, "索尼": 1, "IMX": 1, "量产": 1, "导致": 2, "无货": 1, "对此": 3, "这不": 1, "末了": 1, "单项": 1, "惹": 1, "说穿": 1, "孔屏": 2, "N": 1, "缺点": 1, "nova": 1, "4": 4, "V20": 1, "新机": 1, "配备": 1, "屏幕": 1, "穿": 1, "死磕": 2, "买": 1, "堆": 1, "研究": 1, "发现": 1, "真的": 4, "丢人": 1, "媒体": 1, "专访": 1, "环节": 1, "忘": 1, "diss": 1, "不服": 1, "做好": 1, "回去": 1, "教": 2, "跌破": 1, "眼镜": 1, "不免": 1, "陌生感": 1, "相比": 2, "马云": 1, "天马行空": 1, "丁磊": 1, "佛性": 1, "马化腾": 1, "低调": 1, "李彦宏": 1, "内敛": 1, "这位": 1, "口里": 1, "念叨": 1, "感动": 1, "人心": 1, "互联网": 3, "大佬": 1, "感觉": 2, "操": 1, "口": 1, "浓浓乡": 1, "音": 1, "普通话": 1, "高喊": 1, "Are": 1, "腼腆": 1, "少年": 1, "番": 1, "反常": 1, "采访": 1, "解释": 1, "粉丝": 1, "自从子": 1, "诞生": 1, "黑": 1, "LOW": 1, "感慨": 1, "创业": 1, "八": 1, "真心": 1, "黑惨": 1, "提醒": 1, "忍": 1, "忍无可忍": 1, "放纵": 1, "希望": 3, "理解": 2, "此次": 2, "分家": 1, "专注性": 1, "价比": 1, "冲刺": 2, "中高端": 2, "这是": 3, "一个": 7, "关系": 1, "时刻": 2, "主动": 1, "惹事": 1, "抓到": 1, "发黑": 1, "公共": 1, "稿": 1, "兔子": 1, "逼急": 1, "都会": 1, "咬": 1, "不难": 1, "发飙": 3, "仅仅": 2, "激怒": 1, "原因": 3, "——": 1, "快": 5, "不行": 1, "遥想": 1, "当年": 1, "初创": 1, "发烧级": 1, "疯狂": 1, "模式": 1, "3": 1, "时间": 3, "2014年": 1, "成功": 4, "登顶": 1, "国内": 7, "市场": 10, "2015年": 2, "再接再厉": 1, "红米2A": 1, "拿下": 1, "15.4%": 1, "份额": 1, "6750万": 1, "出货量": 3, "蝉联": 1, "智能": 1, "万事": 1, "舒畅": 1, "自然": 2, "不屑于": 1, "下场": 2, "怼人": 1, "反而": 1, "研判": 1, "趋势": 2, "到来": 1, "抓住": 1, "风口教父": 1, "适合": 1, "朴实": 1, "企业家": 1, "形象": 2, "符合": 1, "定位": 2, "好景不长": 1, "2016年": 2, "暴跌": 1, "36%": 1, "小老弟": 1, "OV": 3, "超车": 1, "排名": 2, "第五": 1, "亲自": 1, "抓": 1, "业务": 1, "无力回天": 1, "脱离": 1, "增量": 1, "阶段": 2, "存量": 1, "洗牌": 2, "TOP5": 1, "集中度": 1, "接近": 1, "90%": 2, "金立": 1, "边缘": 1, "倒下": 1, "魅族": 2, "苟延残喘": 1, "受制": 1, "基因": 2, "缺陷": 2, "性命": 1, "忧": 1, "一家": 4, "企业": 2, "积累": 1, "深厚": 1, "米粉": 1, "发烧友": 2, "提振": 1, "乏力": 1, "等到": 1, "意识": 1, "线下": 3, "渠道": 3, "重要性": 1, "拥有": 1, "上万": 1, "零售": 2, "门店": 1, "数以万亿": 1, "销售": 1, "称霸": 2, "33": 1, "线下店": 1, "差距": 1, "想要": 2, "追上": 1, "难度": 1, "堪": 1, "登天": 1, "雪上加霜": 1, "走": 1, "极致": 1, "路线": 1, "利润": 1, "自主": 1, "研发": 10, "投入": 8, "有限": 1, "专利": 4, "诟病": 1, "组装": 2, "消费者": 1, "认可": 1, "GfK": 1, "数据": 3, "9": 1, "11月": 1, "销量": 2, "(": 1, ")": 1, "20%": 1, "同比": 1, "下跌": 1, "7月": 1, "6月": 1, "跌幅": 1, "10%": 1, "很": 2, "牺牲品": 1, "喊": 1, "生死": 1, "看淡": 1, "置之死地而后生": 1, "资本": 1, "看好": 1, "号称": 1, "口碑": 1, "营销": 4, "花钱": 1, "广告": 2, "上市": 1, "申请书": 1, "披露": 1, "显示": 1, "开支": 2, "19亿": 1, "30亿": 1, "2017年": 2, "增加": 2, "52亿": 1, "上一年": 1, "22亿": 1, "占": 1, "整体": 1, "4.6%": 1, "较于": 1, "20亿": 1, "费用": 1, "倍": 5, "米粉们": 1, "好意思": 1, "黑OV": 1, "撑": 1, "遗憾": 1, "带来": 1, "增长": 1, "改": 1, "未尝": 1, "宣传": 1, "目的": 1, "征兆": 1, "去年": 1, "10月底": 1, "MIX3": 2, "滑盖": 1, "屏": 1, "开怼": 1, "公开": 1, "评分": 1, "P20": 1, "贼": 1, "贵": 2, "如今": 1, "运作": 1, "联想": 1, "公司": 1, "如出一辙": 1, "理由": 1, "讨好": 1, "民族": 4, "骄傲": 5, "8日": 1, "关注": 2, "知乎": 1, "国产": 2, "印度": 1, "占有率": 1, "有意思": 2, "孟晚舟": 1, "事件": 1, "情愫": 1, "挑": 2, "美国": 6, "加拿大": 1, "深层次": 1, "在于": 1, "强大": 4, "依赖于": 1, "数十": 1, "一日": 1, "世人": 1, "皆": 1, "殊不知": 1, "科技": 2, "巨头": 2, "逊色": 1, "确切": 1, "跻身": 1, "前列": 1, "2011年": 1, "~": 1, "七": 1, "财年": 2, "苹果": 2, "微软": 1, "亚马逊": 2, "544亿": 1, "456亿": 1, "777亿": 1, "746亿": 1, "居": 1, "第三": 1, "87.9亿": 1, "2017": 1, "高达": 1, "133亿": 1, "仅次于": 1, "世界": 1, "第二": 1, "截至": 1, "2017年底": 1, "7.43万": 1, "件": 1, "授权": 1, "申请": 1, "海外": 1, "发明": 1, "估计": 1, "1000亿": 1, "数量": 1, "5000亿": 1, "熟知": 1, "通信": 1, "领域": 1, "全球": 1, "这才": 1, "忌惮": 1, "国人": 2, "心底": 1, "感到": 1, "狂傲": 1, "包容": 1, "毕竟": 1, "无伤大雅": 1, "维度": 1, "宣称": 1, "原罪": 2, "事实上": 1, "重视": 1, "制造": 1, "背景": 1, "原谅": 1, "倒退": 1, "情况": 1, "硬抗": 1, "只能": 2, "损人不利己": 1, "年底": 1, "业绩": 1, "枪口": 1, "对外": 1, "实力": 1, "征服": 1, "作者": 1, "萧玉华": 1, "推移": 1, "4G": 1, "时代": 2, "转眼": 1, "尾声": 1, "即将": 1, "5G": 23, "建设": 6, "项": 1, "全球化": 1, "项目": 1, "国外": 2, "关键": 1, "2020年": 1, "商用": 1, "不管是": 1, "如火如荼": 1, "市面": 1, "设备": 5, "供应商": 1, "诺基亚": 4, "爱立信": 14, "中兴": 1, "思科": 1, "三": 1, "占据": 1, "绝大部分": 1, "国家": 3, "公认": 1, "英国": 1, "唯一": 1, "供应": 1, "上将": 1, "落后": 1, "国际": 1, "合作": 1, "运营商": 1, "产能": 1, "远远": 1, "大于": 1, "供货": 1, "速度": 9, "远快": 1, "你追我赶": 2, "天一": 1, "进度": 1, "前不久": 2, "信息部": 1, "频谱": 1, "领先": 1, "基站": 1, "加快": 1, "网速": 3, "测试": 4, "意大利": 2, "报告": 1, "4Gbps": 2, "同期": 1, "1.6Gbps": 1, "消息": 2, "越来越": 1, "近日": 1, "德国": 2, "回传": 8, "四": 1, "度": 1, "雅典": 1, "电信": 1, "服务": 1, "中心": 1, "演示": 1, "数据传": 1, "输速率": 1, "40": 2, "Gbps": 6, "里程碑": 1, "未来": 2, "最终": 1, "听到": 1, "就说": 1, "不用": 1, "封": 1, "杀华": 1, "为此": 1, "笔者": 1, "官方": 1, "解决": 2, "方案": 3, "介绍": 1, "支持": 1, "1Gbps": 1, "2Gbps": 1, "10Gbps": 1, "块": 1, "官网": 1, "放出": 1, "本次": 1, "奋起直追": 1, "推出": 1, "说不定": 1, "外媒们": 1, "西方": 1, "机会": 1, "趁机": 1, "超越": 1}