{"如今": 3, "华为": 79, "系列": 2, "举动": 2, "算是": 3, "真真切切": 1, "捅": 1, "特朗普": 10, "痛处": 1, "！": 39, "众所周知": 1, "美国": 28, "总统": 2, "竞选": 1, "打出": 1, "口号": 1, "：": 12, "就业": 5, "机会": 4, "回家": 1, "赢得": 1, "选票": 1, "千方百计": 1, "创造": 1, "放话": 1, "华": 1, "贸易": 2, "制裁": 2, "提高": 2, "中国": 11, "效果": 1, "立竿见影": 1, "降低": 1, "10": 1, "正式": 4, "裁员": 1, "1000": 2, "消息": 4, "发起": 1, "反击": 1, "第一": 4, "枪": 1, "公布": 1, "天后": 1, "做出": 2, "一个": 9, "重磅": 1, "一家": 5, "企业": 11, "剔除": 5, "供应链": 5, "这下": 1, "饭碗": 1, "公司": 9, "政策": 1, "砸": 4, "就要": 2, "到底": 3, "发生": 1, "才": 4, "一向": 1, "克制": 1, "大动肝火": 1, "供应商": 2, "这家": 2, "——": 2, "伟创力": 28, "1969年": 1, "设立": 1, "1971年": 1, "新加坡": 1, "注册": 1, "建厂": 1, "80": 1, "年代": 1, "富士康": 2, "时期": 1, "大陆": 1, "深圳": 1, "桥头堡": 1, "1994年": 1, "纳斯达克": 1, "上市": 1, "这是": 2, "仅次于": 1, "全球": 4, "第二": 2, "电子": 1, "制造": 1, "服务": 1, "代工厂": 4, "员工": 5, "20万": 1, "9万": 1, "获利": 1, "最多": 2, "去年": 1, "第三": 3, "季度": 1, "24.3亿": 1, "元": 3, "人民币": 2, "收入": 1, "合作": 4, "多年": 1, "政府": 2, "列入": 1, "实体": 2, "清单": 2, "立马": 1, "撕破": 1, "脸": 1, "中断": 1, "私自": 3, "扣押": 5, "7亿": 2, "物料": 8, "1": 2, "事情": 1, "还要": 2, "5月": 3, "15日": 1, "禁令": 3, "说起": 1, "发布": 4, "17日": 1, "通知": 1, "马上": 2, "停止": 2, "生产": 6, "设备": 5, "产品": 8, "发货": 1, "更为": 1, "过分": 1, "价值": 1, "物资": 5, "长": 5, "期间": 1, "拒绝": 3, "归还": 4, "所有权": 1, "提出": 1, "多种": 1, "带来": 2, "损失": 3, "效率": 1, "效益": 1, "拉回": 1, "原材料": 1, "停滞": 1, "时间": 5, "晚间": 1, "媒体": 4, "曝料": 1, "称": 2, "派出": 1, "150": 2, "辆": 2, "货车": 2, "前往": 1, "珠海": 3, "基地": 1, "回": 2, "材料": 1, "安排": 2, "计划": 1, "车队": 2, "抵达": 1, "北斗区": 1, "工业园": 1, "排": 1, "将近": 1, "6": 5, "公里": 1, "队": 1, "打算": 1, "当晚": 1, "运走": 1, "配合": 1, "总部": 1, "指令": 1, "存放": 1, "审核": 1, "确认": 1, "违反": 1, "出口": 1, "管制": 1, "法规": 1, "放行": 1, "空手而归": 1, "事发": 1, "选择": 5, "谈判": 2, "解决": 3, "过程": 1, "态度": 2, "反复": 1, "不定": 1, "刁难": 1, "持续": 1, "工厂": 1, "扣": 1, "4亿多": 1, "一度": 1, "协商": 1, "方案": 1, "转天": 1, "变卦": 1, "情况": 2, "超过": 1, "影响": 4, "下游": 1, "供货": 1, "不得不": 1, "自掏": 1, "腰包": 1, "购买": 4, "国内法": 1, "执法": 3, "出尔反尔": 1, "忍无可忍": 2, "发去": 1, "措辞": 1, "强硬": 1, "律师函": 2, "指出": 1, "性质": 1, "超出": 1, "合同": 2, "纠纷": 1, "范畴": 1, "物权": 1, "承担": 1, "随后": 1, "回复": 1, "份": 1, "法律": 2, "财产": 1, "顺便": 1, "代表": 1, "司法": 2, "部门": 2, "商业": 2, "原则": 1, "履行": 1, "契约": 1, "精神": 2, "这不": 1, "抢劫": 1, "六月": 1, "中旬": 1, "多方": 1, "沟通": 1, "情": 2, "陆续": 1, "交给": 1, "国内": 2, "海外": 1, "都": 16, "转交": 1, "非隶属": 1, "第三方": 1, "最终": 1, "松绑": 1, "发现": 2, "抛弃": 1, "搞": 2, "舆论": 1, "公关": 1, "过度": 1, "解读": 1, "误会": 2, "狗狗": 1, "装神弄鬼": 1, "凉": 1, "失业": 1, "理性": 1, "......": 2, "善变": 1, "供货商": 1, "背景": 1, "留有余地": 1, "美光": 1, "高通": 2, "竞争": 1, "关系": 1, "努力": 2, "核心": 2, "技术": 2, "居然": 1, "嚣张": 1, "得罪": 1, "金主": 1, "爸爸": 1, "土地": 1, "体系": 1, "回应": 2, "不用": 1, "扯": 1, "无情无义": 1, "挖": 1, "坑": 1, "跳": 1, "踢出": 1, "长沙": 1, "厂子": 1, "陷入": 1, "停工": 1, "状态": 1, "吃": 1, "中国人": 2, "饭": 1, "锅": 1, "下场": 1, "出局": 1, "受益": 1, "比亚迪": 3, "接管": 1, "此前": 1, "为伟": 1, "创力": 1, "代工": 2, "领域": 1, "发展": 3, "堪称": 1, "想必": 1, "猜到": 1, "↓↓↓": 1, "作恶": 1, "死": 2, "快": 2, "埋": 1, "角度": 2, "理解": 4, "自杀式": 1, "只能": 1, "政治": 2, "上特朗普": 1, "天才": 1, "步伐": 1, "长臂": 1, "管辖": 1, "正常人": 1, "干": 1, "事儿": 1, "可靠": 1, "精彩": 1, "自以为是": 1, "联邦": 1, "快递": 1, "出事": 1, "列进": 1, "黑名单": 1, "实质性": 1, "伤害": 1, "受伤": 1, "打压": 2, "兴旺": 1, "世界": 2, "知名": 1, "懂": 2, "搬起": 1, "石头": 1, "脚": 2, "肿": 2, "疼": 3, "害羞": 1, "哭": 1, "爱": 4, "听": 1, "资料": 1, "来源": 1, "后沙": 1, "、": 13, "冯": 1, "站长": 1, "观察者": 1, "网": 1, "马伊琍": 16, "文章": 21, "婚姻": 4, "娱乐园": 1, "流量": 1, "话题": 1, "隔三差五": 1, "网友": 3, "关注": 1, "网上": 1, "爆出": 1, "离婚": 10, "未": 2, "正是": 1, "不料": 1, "7月": 1, "28日": 3, "结束": 1, "十一年": 2, "写道": 1, "吾": 1, "伊琍": 1, "同行": 2, "半路": 2, "宽": 5, "余生": 2, "漫漫": 2, "依然": 2, "亲情": 2, "守候": 2, "坦言": 1, "成就": 2, "此情有憾": 1, "对错": 2, "往后": 2, "各生": 1, "欢喜": 1, "公开": 1, "不少": 2, "诧异": 1, "毕竟": 3, "出轨": 3, "风波": 2, "分开": 2, "五": 1, "原谅": 1, "迎来": 1, "事业": 1, "阶段": 2, "分手": 1, "确实": 1, "娱乐圈": 2, "夫妻": 2, "套路": 1, "谢霆锋": 1, "张柏芝": 1, "宋慧乔": 1, "宋仲基": 1, "李晨": 1, "范冰冰": 1, "真爱": 1, "实在": 1, "太": 3, "奢侈": 1, "一点": 2, "手机": 18, "HUAWEI": 2, "P30": 1, "Pro": 1, "Mate": 1, "保时": 1, "捷定": 1, "制款": 1, "难怪": 1, "热议": 1, "赢家": 3, "感谢": 1, "阅读": 1, "任正非": 16, "控制权": 2, "不仅仅": 1, "股份": 7, "支柱": 1, "取代": 1, "接受": 2, "央视": 1, "访问": 1, "段": 3, "频繁": 1, "采访": 1, "危机": 1, "讲话": 1, "权威": 1, "这才": 1, "原因": 3, "层": 1, "意义": 1, "人物": 1, "卸任": 1, "董事长": 2, "职位": 1, "一分钱": 1, "查看": 1, "投资": 2, "控股": 2, "有限": 2, "工会": 1, "委员会": 1, "占比": 1, "98.99%": 1, "占": 2, "1.01%": 1, "看似": 1, "可怜": 1, "忽略": 1, "唯一": 1, "自然人": 2, "股东": 2, "好听": 1, "工委会": 3, "做主": 1, "改变": 2, "再者说": 1, "公司法": 1, "第四十二": 1, "条": 1, "股东会": 1, "会议": 1, "出资": 1, "比例": 1, "行使": 1, "表决权": 2, "；": 8, "章程": 1, "除外": 1, "同股": 1, "不同权": 1, "特殊性": 1, "并非": 1, "走": 1, "家族": 1, "路子": 1, "钱": 1, "揽": 1, "怀里": 1, "营收": 1, "大部分": 1, "发给": 1, "享有": 1, "虚拟股": 1, "决定权": 1, "分红权": 1, "提到": 1, "虚拟": 1, "股": 1, "离职": 1, "自动": 1, "丧失": 1, "相关": 1, "权益": 1, "结构": 3, "不难": 1, "非于": 1, "常人": 1, "培养": 1, "接班人": 1, "轮值": 1, "大刀阔斧": 1, "行事": 1, "果决": 1, "笔者": 3, "原创": 1, "转载": 1, "授权": 1, "文内": 1, "错别字": 1, "请": 2, "见谅": 1, "图片": 1, "来源于": 1, "网络": 1, "侵权": 1, "删除": 1, "5": 5, "款": 11, "热门": 2, "机型": 1, "升级": 4, "全新": 1, "系统": 10, "用户": 1, "福": 1, "感受": 2, "速度": 1, "多么": 1, "只不过": 1, "二线": 1, "品牌": 2, "短短": 1, "实力": 2, "厂商": 1, "小编": 1, "在于": 4, "科技": 2, "研发": 2, "起码": 2, "投入": 1, "资金": 1, "高出": 1, "很多": 3, "麒麟": 1, "处理器": 5, "最为": 2, "强大": 1, "麒麟980": 1, "性能": 1, "不及": 1, "苹果": 1, "A": 2, "骁龙": 1, ".": 1, "I.": 1, "智能": 4, "跑分": 1, "拥有": 2, "很": 3, "优势": 1, "玩": 4, "游戏": 4, "流畅度": 4, "提升": 5, "地方": 2, "采用": 6, "EMUI": 2, "基于": 1, "安卓": 1, "开发": 2, "打造": 1, "特色": 1, "界面": 1, "当中": 2, "功能": 1, "消费者": 1, "喜欢": 3, "定时": 1, "更新": 2, "旗舰": 1, "华为emui9.1": 1, "版本": 2, "介绍": 2, "GPU": 1, "turbo": 1, "3.0": 1, "王者": 1, "荣耀": 2, "和平": 1, "精英": 1, "主流": 1, "率先": 1, "适配": 1, "意味着": 1, "就算": 1, "画质": 1, "卡顿": 1, "第2": 1, "超级": 1, "文件": 1, "数据": 7, "显示": 2, "24%": 1, "平时": 1, "打开": 2, "软件": 1, "缩短": 1, "60%": 1, "寿命": 1, "作用": 1, "方舟": 1, "编译器": 1, "9.1": 1, "包括": 1, "Nova4": 1, "Nova3i": 1, "麦芒7": 1, "畅享": 1, "9plus": 1, "8": 1, "X": 1, "秒": 2, "刚刚": 1, "刷到": 1, "八卦": 1, "博主": 1, "热搜": 1, "预定": 1, "爆掉": 1, "年年": 1, "好像": 1, "见证": 1, "无数": 1, "明星": 1, "分分合合": 1, "下午": 1, "发文": 1, "””": 1, "憾": 1, "各生欢喜": 1, "珍惜": 2, "终究": 1, "往事": 1, "跟着": 1, "一路": 1, "走来": 1, "2005年": 1, "首次": 1, "锦衣卫": 1, "相识": 1, "朋友": 2, "2006年": 1, "电视剧": 1, "奋斗": 1, "开拍": 1, "再度": 1, "恋人": 1, "3": 1, "2008年": 1, "结婚": 1, "9月": 1, "20日": 1, "女儿": 1, "文君": 1, "竹": 1, "出生": 1, "4": 2, "2013年": 1, "8月": 1, "马伊琍怀": 1, "二胎": 1, "业内": 1, "人士": 1, "透露": 1, "姚笛": 3, "相恋": 1, "2014年": 2, "3月": 2, "拍到": 1, "照片": 1, "31日": 1, "凌晨": 1, "声明": 1, "诚恳": 1, "道歉": 1, "咎由自取": 1, "承认": 1, "婚外情": 1, "辜负": 2, "家庭": 1, "丈夫": 1, "父亲": 1, "称呼": 1, "发": 1, "恋爱": 1, "不易": 1, "宣告": 1, "终结": 1, "好聚": 1, "好散": 1, "安好": 1, "完事": 1, "件": 1, "简直": 1, "可爱": 1, "网友们": 1, "笑死": 1, "希望": 1, "新机": 1, "广告费": 1, "同意": 1, "此次": 1, "事件": 1, "·": 3, "办公室": 2, "够亮": 3, "真的": 2, "电脑": 1, "配台": 1, "灯": 1, "多余": 1, "孩子": 2, "写": 2, "作业": 2, "课本": 2, "越来越": 3, "日常": 2, "生活": 1, "光照": 5, "眼睛": 1, "调节": 5, "大脑": 1, "反馈": 1, "当下": 1, "环境": 2, "小朋友": 1, "低头": 1, "写字": 1, "妈妈": 1, "偷懒": 1, "光线": 1, "亮": 1, "正视": 1, "用眼": 1, "健康": 1, "策划": 1, "电商": 3, "热销": 2, "护眼灯": 9, "横评": 4, "提供": 1, "科学": 1, "选购": 2, "指导": 1, "热销款": 1, "小米": 6, "LED": 3, "毫无例外": 1, "六": 1, "席": 1, "值得": 2, "台灯": 11, "档位": 2, "均": 1, "触控": 1, "设计": 7, "时下": 1, "流行": 1, "米家LED": 3, "传统": 1, "机械式": 1, "旋钮": 3, "光源": 3, "色温": 3, "显得": 1, "与众不同": 1, "简约风": 2, "想要": 1, "桌子": 1, "简洁": 1, "台": 1, "简单": 2, "合适": 1, "长臂式": 1, "灯头": 2, "灯体": 1, "固定": 2, "灯身": 1, "触控式": 1, "旋钮式": 1, "按下": 1, "旋转": 1, "风+": 1, "复古": 1, "也许": 1, "好评": 1, "照度": 10, "均匀性": 4, "差": 3, "灯带": 3, "惹": 1, "祸": 1, "客观": 1, "体验": 1, "国A": 3, "/": 1, "AA级": 1, "检测": 1, "亮度": 4, "照射": 5, "广度": 3, "三": 1, "项": 1, "测试": 2, "30": 2, "cm": 3, "实测": 6, "50": 3, "距离": 5, "cm处": 3, "值": 4, "371.3lx": 1, "137.1lx": 1, "未能": 2, "国A级": 2, "150lx": 1, "标准": 3, "官网": 1, "差距": 1, "官方": 1, "页面": 1, "宣传": 1, "参数": 2, "中小学校": 1, "教室": 2, "采光": 1, "照明": 1, "卫生": 1, "GB": 1, "7793-2010": 1, "课": 1, "桌面": 1, "平均": 1, "低于": 1, "300": 1, "lx": 1, "暗室": 1, "中将": 1, "位置": 1, "中心": 1, "垂直": 1, "投影": 1, "圆心": 2, "向前": 1, "延伸": 1, "照度仪": 1, "300lx": 1, "测量": 2, "计算": 1, "方向": 1, "乘以": 1, "70": 1, "长条形": 1, "表现": 1, "本次": 1, "建议": 3, "想": 1, "护眼": 2, "圆形": 1, "长条": 1, "形灯": 1, "带": 1, "势必": 1, "两边": 1, "评测": 2, "灯值": 1, "买": 1, "电能": 1, "屏幕": 1, "补光": 1, "条形灯": 1, "需求": 1, "165": 1, "售价": 1, "亲民": 1, "尽量": 1, "A级": 1, "相较国A": 1, "价格": 1, "后续": 1, "跨度": 1, "敬请": 1, "期待": 1, "揭晓": 1, "达标": 2, "排名": 1, "名": 1, "圈粉": 1, "大厂": 1, "掺假": 1, "飞利": 1, "浦护": 1, "眼台灯": 1, "松下": 1, "详解": 1, "(": 1, "7229140": 1, ")": 1}