{"早上": 4, "依然": 5, "华为": 367, "消息": 12, "时间段": 1, "5G": 46, "、": 264, "自研": 9, "系统": 44, "专利": 11, "都": 89, "值得": 2, "关注": 12, "话题": 1, "快": 5, "@": 19, "澎湃": 1, "新闻": 6, "否认": 2, "6月": 3, "24日": 4, "发布": 29, "操作": 21, "鸿蒙": 8, "称": 29, "这是": 14, "近日": 2, "网上": 3, "传华": 1, "5月": 23, "26日": 11, "晚间": 4, "官方": 2, "发": 16, "声称": 2, "相关": 15, "人士": 2, "不实": 1, "希望": 41, "媒体": 16, "辟谣": 2, "21日": 6, "消费者": 13, "业务": 19, "负责人": 6, "余承东": 6, "秋季": 1, "晚": 5, "明年": 5, "春天": 3, "面市": 3, "兼容": 4, "安卓": 6, "Web": 2, "着急": 1, "任正非": 208, "新浪": 8, "科技": 26, "国家": 114, "繁荣富强": 10, "欺负": 8, "接受": 27, "央视": 10, "采访": 14, "老师": 39, "人类": 29, "灵魂": 9, "工程师": 5, "社会": 26, "改变": 11, "教师": 22, "政策": 3, "穷": 30, "未来": 54, "投资": 13, "战略": 19, "专访": 18, "主持人": 54, "操": 6, "份": 10, "也许": 12, "别人": 29, "闲心": 6, "回答": 6, "爱国": 10, "爱": 6, "胜利": 18, "美国": 117, "底气": 1, "鲁勇": 7, "：": 294, "全球": 35, "第一": 15, "企业": 22, "技术": 35, "有限公司": 2, "副总裁": 5, "发表": 5, "演讲": 6, "去年": 6, "公司": 104, "收入": 7, "7200": 1, "亿": 1, "人民币": 2, "研发": 23, "投入": 15, "超过": 21, "1000亿": 3, "标准": 59, "提供": 26, "16000": 1, "体验": 16, "换成": 1, "A4纸": 1, "将近": 2, "10": 3, "米": 1, "排名": 2, "名": 6, "占比": 4, "20%": 7, "核心": 14, "15%": 3, "肯定": 6, "IT之家": 7, "外部": 4, "产业": 32, "组织": 41, "情况": 12, "声明": 7, "影响": 27, "违背": 3, "透明": 5, "公开": 9, "公正": 5, "歧视": 5, "原则": 9, "此前": 2, "微电子": 1, "行业": 24, "领导": 4, "机构": 5, "JEDEC": 2, "(": 6, "固态": 2, "协会": 11, ")": 6, "主导": 1, "存储卡": 4, "SDA": 2, "负责": 5, "接口": 1, "标准化": 1, "PCI-SIG": 1, "定义": 1, "USB": 2, "规格": 1, "IF": 1, "五": 1, "均": 6, "中断": 2, "海思": 22, "合作": 31, "压力": 2, "禁用": 2, "代价": 1, "财经": 5, "设备": 23, "美": 24, "电信": 6, "运营商": 14, "劳民伤财": 2, "包括": 18, "斯科比": 1, "在内": 5, "两万多": 1, "平方公里": 1, "偏远": 4, "地区": 8, "无线": 11, "服务": 46, "——": 8, "尼蒙特": 1, "网络": 18, "70%": 1, "来自于": 2, "首席": 3, "执行官": 1, "基尔戈": 1, "政府": 10, "威胁": 4, "过分": 1, "炒作": 4, "更换": 4, "小型": 3, "成本": 7, "太": 22, "用户": 24, "很": 57, "农村": 16, "顾问": 1, "卡丽·贝内特": 1, "费钱": 1, "费时": 1, "毫无": 1, "逆": 1, "全球化": 2, "可行": 1, "水氢车": 2, "后续": 1, "资方": 1, "回应": 10, "庞": 2, "青年": 3, "水氢": 2, "混淆": 2, "概念": 2, "项目": 2, "商用": 4, "差距": 3, "南阳洛特斯": 1, "能源": 5, "汽车": 3, "股": 1, "东方": 5, "河南省": 1, "南阳市": 1, "高新区": 1, "尹召翼": 2, "合资": 1, "调查": 7, "集团": 1, "负债": 1, "50多亿": 1, "元": 4, "很多": 17, "车载": 1, "铝合金": 1, "水解": 1, "制氢": 1, "只能": 2, "氢": 2, "一个": 107, "补充": 4, "市场": 9, "空间": 5, "可靠性": 1, "中芯国际": 6, "退市": 4, "中国": 30, "新闻网": 1, "纽交所": 1, "贸易战": 4, "无关": 1, "中新社": 1, "获悉": 1, "事件": 12, "关系": 8, "此次": 7, "申请": 4, "原因": 3, "ADS": 1, "预托": 1, "证券": 4, "股份": 2, "交易量": 1, "有限": 5, "交易": 3, "香港": 2, "红衣": 1, "教主": 1, "周鸿祎": 3, "谈": 14, "企业家": 9, "精神": 2, "生意人": 4, "利于": 1, "极客": 1, "公园": 1, "Rebuild": 1, "2019": 8, "商业": 1, "峰会": 2, "360": 1, "董事长": 4, "兼": 1, "CEO": 12, "谈及": 2, "进化": 2, "挣": 9, "钱": 36, "人民": 1, "事情": 8, "价值": 1, "挣钱": 2, "市值": 1, "衡量": 1, "贡献": 13, "给予": 1, "评价": 1, "想": 28, "关心": 20, "生意": 1, "商人": 1, "不错": 1, "阿里": 3, "凯龙": 2, "阿里巴巴": 2, "签订": 4, "协议": 3, "公告": 4, "签署": 1, "零售": 3, "门店": 2, "建设": 6, "电商": 1, "平台": 15, "搭建": 2, "物流": 1, "仓配": 1, "安装": 1, "服务商": 1, "体系": 4, "消费": 6, "金融": 1, "支付": 2, "信息": 14, "共享": 4, "领域": 15, "先进": 2, "经营": 2, "理念": 1, "支持": 13, "引入": 1, "家具": 1, "建材": 1, "家居": 1, "商场": 1, "主业": 1, "联合国": 3, "数字": 18, "级别": 2, "小组": 3, "成立": 5, "马云": 2, "担任": 3, "主席": 2, "秘书长": 1, "国际": 8, "大数据": 13, "博览会": 3, "贺信": 1, "邀请": 1, "梅琳达·盖茨": 1, "女士": 1, "世界": 45, "民众": 4, "磋商": 1, "下月": 1, "提交": 3, "最终": 7, "报告": 7, "命途多舛": 1, "易到": 2, "用车": 3, "服务器": 6, "连续": 3, "攻击": 5, "攻击者": 3, "索要": 3, "巨额": 2, "比特币": 3, "官微": 1, "2019年": 4, "凌晨": 2, "带来": 10, "据悉": 1, "要挟": 1, "导致": 2, "数据": 9, "加密": 1, "宕机": 1, "人员": 8, "努力": 7, "抢修": 1, "严厉": 1, "谴责": 1, "不法": 1, "北京": 4, "网警": 1, "中心": 7, "报案": 1, "保留": 1, "法律": 3, "途径": 1, "追究": 1, "责任": 3, "权利": 2, "运营": 5, "团队": 3, "解决": 10, "时长": 1, "制定": 8, "补偿": 1, "方案": 10, "理解": 11, "耐心": 1, "跌": 1, "惨": 1, "喜马拉雅": 3, "股东": 3, "撤退": 1, "喜马拉雅FM": 1, "12": 2, "董事": 3, "退出": 5, "搭": 2, "VIE": 4, "结构": 3, "天眼": 1, "查": 1, "显示": 6, "上海证大": 1, "发生": 10, "项": 3, "工商": 1, "变更": 2, "小米": 2, "旗下": 4, "创投": 1, "天津": 1, "金星": 1, "创业": 1, "行列": 1, "注册": 3, "资本": 1, "减少": 1, "314": 1, "万元": 1, "缩减": 1, "5.22%": 1, "洪峰": 1, "剩": 1, "余建军": 1, "对此": 3, "喜马拉雅F": 1, "M向": 1, "变动": 1, "境内": 1, "境外": 1, "母公司": 1, "上市": 1, "计划": 10, "苹果": 14, "新闻日": 1, "女": 1, "魔头": 1, "批评": 4, "后悔": 2, "工作": 13, "使命": 1, "主管": 1, "安吉拉·阿伦茨": 1, "Angela": 1, "Ahrendts": 1, "日前": 2, "彭博社": 1, "讲述": 1, "经历": 1, "声": 1, "阿伦茨": 2, "机会": 5, "商店": 1, "提升": 4, "水平": 19, "周边": 1, "社区": 5, "离开": 1, "客户": 10, "保留率": 1, "忠诚度": 1, "得分": 1, "历史": 2, "坚称": 1, "做出": 6, "一点": 19, "第三方": 3, "出售": 2, "iTunes": 3, "遭遇": 13, "集体": 7, "诉讼": 8, "遭受": 3, "打击": 4, "购买": 8, "卖给": 8, "加利福尼亚州": 1, "北部": 1, "联邦区": 1, "提起": 1, "原告": 1, "赔偿": 1, "金额": 1, "500万": 1, "美元": 11, "51": 1, "页": 2, "iPhone": 2, "音乐": 2, "留": 1, "指控": 1, "Apple": 1, "出租": 1, "传递": 1, "Store": 1, "第几": 1, "Android": 10, "谷歌": 7, "整合": 3, "Chrome": 4, "OS": 7, "/": 5, "无缝": 2, "连接": 3, "Story": 1, "发现": 3, "代码": 1, "段": 3, "紧密": 1, "协同": 5, "程度": 4, "集成": 2, "功能": 4, "微软": 4, "相去甚远": 1, "来源": 7, "点击": 1, "Chromebook": 1, "电话": 8, "号码": 1, "拨打": 1, "之间": 4, "Wi-Fi": 9, "密码": 1, "选项": 1, "通用": 3, "剪": 1, "贴板": 1, "游戏": 11, "日媒": 1, "游戏机": 3, "加征": 2, "关税": 4, "任天堂": 3, "轮": 2, "清单": 4, "赫然": 1, "在列": 1, "或许": 1, "本地": 1, "售价": 2, "升高": 1, "Switch": 1, "300": 1, "数十": 1, "额外": 1, "负担": 1, "委托": 1, "鸿海精密": 1, "工业": 5, "代工": 1, "生产": 8, "轻易": 1, "作出": 2, "产能": 5, "转移": 1, "社长": 1, "古川俊太郎": 1, "经贸": 1, "摩擦": 7, "动向": 1, "拳王": 2, "泰森": 3, "曝": 1, "军电": 1, "竞业": 1, "炉石": 3, "传说": 3, "电竞": 5, "外媒": 2, "ESPN": 2, "报道": 13, "名为": 1, "Fade": 1, "Karma": 1, "专业": 2, "成就": 2, "最为": 1, "出名": 1, "將": 1, "F2K": 2, "南加州": 1, "建造": 2, "栋": 1, "The": 1, "Rench": 1, "House": 1, "娱乐馆": 1, "职业": 1, "主攻": 1, "卫生": 2, "正式": 7, "成瘾": 2, "列为": 3, "疾病": 2, "环球网": 2, "WHO": 1, "Gaming": 1, "Disorder": 1, "研究": 31, "参与": 10, "视频": 56, "活动": 10, "人中": 1, "小部分": 1, "障碍": 1, "警惕": 2, "花": 4, "时间": 9, "无暇": 1, "顾及": 1, "日常": 2, "模式": 2, "引发": 1, "身心": 1, "健康": 3, "社交": 2, "变化": 4, "污名化": 1, "休": 1, "榜单": 2, "21世纪": 1, "经济": 4, "亿万": 4, "富豪": 6, "地图": 1, "出炉": 1, "平均": 3, "年龄": 2, "56": 2, "岁": 7, "财富": 1, "咨询": 1, "Wealth-X": 1, "2019亿万": 1, "人口": 2, "普查": 1, "2018年": 14, "最多": 1, "城市": 10, "纽约": 14, "第二": 6, "第三": 2, "旧金山": 1, "位居": 1, "第6": 1, "55": 2, "66": 1, "加油": 1, "*": 1, "文章": 4, "作者": 2, "独立": 3, "观点": 1, "代表": 6, "虎嗅网": 4, "立场": 1, "本文": 1, "塞尔达": 1, "授权": 4, "编辑": 2, "转载": 1, "同意": 1, "请": 3, "附上": 1, "出处": 1, "链接": 2, "原文": 1, "https": 1, "://": 1, "www.huxiu.com/article/301216.html": 1, "面前": 1, "孩子": 8, "下载": 1, "虎嗅App": 1, "猛嗅": 1, "创新": 24, "！": 10, "创始人": 4, "深圳": 5, "总部": 6, "面对面": 12, "栏目": 3, "时隔": 2, "四": 11, "再次": 3, "条件": 2, "基础": 74, "基础教育": 12, "资料": 3, "新华社": 1, "接待": 3, "大厅": 3, "屏幕": 4, "循环": 3, "播放": 4, "出品": 3, "教育": 78, "公益": 6, "广告片": 6, "10月": 4, "28日": 2, "投放": 3, "举动": 1, "重视": 12, "外界": 13, "发展": 28, "大篇幅": 1, "贸易": 18, "听听": 1, "重返": 6, "贫穷": 6, "记者": 62, "担忧": 6, "生死攸关": 4, "时刻": 4, "反而": 3, "超然物外": 2, "从来": 18, "死亡": 5, "两万": 6, "枚": 6, "金牌": 5, "奖章": 6, "题词": 5, "死": 21, "梳理": 6, "去掉": 6, "高端": 9, "产品": 27, "办法": 6, "实际上": 7, "走向": 9, "人工": 10, "智能": 43, "参观": 4, "生产线": 8, "秒钟": 4, "手机": 29, "从无到有": 4, "基本上": 4, "几百": 4, "条": 9, "上千": 6, "自动化": 4, "文化": 14, "素质": 8, "至少": 8, "大专": 3, "大学": 8, "英文": 3, "计算机": 7, "工人": 4, "缩影": 3, "就要": 10, "放大": 3, "竞争力": 5, "1月": 7, "17日": 5, "呼吁": 9, "做好": 4, "才": 9, "提高": 11, "待遇": 10, "优秀": 21, "人才": 13, "学": 4, "师范": 2, "培养": 4, "这次": 2, "各界": 5, "强大": 7, "硬件": 5, "铁路": 3, "公路": 3, "交通": 5, "设施": 18, "自来水": 3, "环境": 4, "硬": 9, "在于": 10, "哲学": 3, "软": 6, "土壤": 9, "层": 2, "庄稼": 5, "生长": 3, "提": 9, "科学技术": 4, "科学家": 16, "状态": 15, "出国": 3, "研究所": 3, "讲": 29, "方程": 6, "二十年": 3, "东西": 19, "演示": 3, "将来": 18, "毫米": 3, "波": 5, "一百": 6, "倍": 12, "带宽": 6, "增加": 3, "穷人": 3, "科学": 5, "走到": 5, "抓起": 17, "层层": 3, "地方": 10, "竞争": 5, "禁令": 17, "近期": 5, "升级": 14, "实质": 2, "实力": 6, "较量": 4, "关键性": 3, "一家": 8, "真实": 3, "难度": 3, "尊师重教": 4, "这样子": 4, "二三十年": 12, "三五十年": 4, "爆发": 4, "场": 6, "革命": 8, "恐怖性": 4, "人人": 7, "才能": 4, "出头鸟": 3, "想到": 6, "早就": 3, "消灭": 7, "架": 11, "炮": 3, "吓唬": 3, "时代": 15, "误判": 6, "摧毁": 7, "意志": 3, "好多": 4, "博士": 16, "硕士": 4, "搏击": 4, "前途": 4, "命运": 4, "这才": 5, "占": 4, "45%": 3, "1987年": 2, "44": 2, "集资": 2, "2.1万": 2, "创立": 2, "时至今日": 2, "不起眼": 2, "作坊": 2, "领先": 18, "通信": 10, "终端": 29, "提供商": 3, "致力": 3, "带入": 4, "家庭": 4, "构建": 15, "万物": 9, "互联": 8, "介绍": 7, "18万": 2, "员工": 12, "占到": 2, "销售额": 2, "150亿": 2, "5": 4, "芯片": 47, "砸": 5, "不行": 8, "修桥": 2, "修路": 2, "修": 4, "房子": 4, "习惯": 2, "砸钱": 2, "数学家": 4, "物理学家": 4, "化学家": 4, "踏踏实实": 5, "数学": 12, "物理": 2, "化学": 2, "神经学": 2, "脑科学": 2, "站": 2, "基础理论": 7, "冷板凳": 4, "坐": 6, "俄罗斯": 11, "小伙子": 7, "大数学家": 3, "合适": 3, "女朋友": 3, "会谈": 6, "恋爱": 4, "十几": 7, "天天": 4, "玩": 4, "电脑": 5, "干什么": 12, "五万": 4, "莫斯科": 4, "招呼": 4, "一句话": 8, "完了": 13, "院士": 8, "牌牌": 4, "讲话": 4, "三": 6, "默默无闻": 6, "干": 14, "告诉": 8, "2G": 4, "3G": 4, "突破": 7, "算法": 5, "马上": 4, "上海": 4, "实验": 7, "确实": 6, "证明": 8, "全世界": 10, "轰轰烈烈": 3, "六千多": 3, "专家": 5, "七百多": 2, "八百多": 2, "一百二十多": 2, "再有": 3, "六万多": 2, "快速": 6, "赶上": 2, "抢占": 3, "制高点": 3, "应得": 1, "报酬": 1, "奖励": 1, "海思员工": 1, "本来": 6, "英雄": 21, "奖牌": 10, "职级": 4, "不少": 4, "憋": 9, "回去": 3, "老婆": 13, "老": 3, "表扬": 9, "买": 14, "好几": 3, "包": 11, "回来": 11, "好不": 4, "好看": 4, "同等": 3, "部门": 8, "工资": 9, "奖金": 4, "戴": 3, "红花": 3, "明日": 2, "星": 2, "大概": 4, "4万": 2, "厉害": 3, "造币厂": 2, "归根到底": 1, "提出": 3, "指": 1, "网友": 3, "评论": 2, "格局": 1, "日报": 1, "客户端": 1, "综合": 2, "整理": 2, "tf": 1, "独家": 3, "下午": 4, "正面": 1, "董": 1, "倩": 1, "国内": 7, "电视": 3, "当天": 1, "上午": 6, "75": 1, "二十": 1, "两个半": 2, "小时": 2, "记者会": 3, "中午": 4, "间断": 1, "感到": 3, "累": 1, "改": 1, "昨天": 3, "德国": 16, "纪要": 1, "常态": 1, "午觉": 1, "分钟": 2, "午睡": 1, "睡": 5, "长": 5, "睡着": 1, "任总": 1, "刚才": 5, "系列": 10, "例会": 1, "若干": 2, "储备": 6, "各国": 3, "网罗": 3, "英国": 3, "建": 3, "工厂": 3, "招": 7, "动手": 3, "能力": 19, "新西伯利亚": 3, "竞赛": 3, "冠军": 3, "五六": 5, "进来": 3, "有人": 8, "艰难": 2, "危机": 3, "增长": 3, "跃跃欲试": 1, "报低": 1, "上头": 1, "压": 1, "形势": 1, "相对于": 1, "处境": 2, "16日": 1, "当局": 3, "为由": 1, "列入": 2, "实体": 3, "意味着": 3, "许可": 3, "高通": 1, "英特尔": 1, "供应商": 11, "担心": 9, "板块": 1, "冲击": 2, "危险": 11, "危难": 2, "打压": 4, "孟晚舟": 16, "惰怠": 3, "口袋": 2, "服从": 3, "分配": 3, "艰苦": 3, "全体": 3, "振奋": 3, "战斗力": 4, "蒸蒸日上": 3, "最佳": 3, "针对": 3, "关切": 2, "记者们": 1, "图片": 6, "二战": 2, "筛子": 2, "弹痕": 2, "累累": 3, "伊尔2": 1, "飞机": 15, "飞行": 2, "终于": 4, "返回": 2, "一行": 2, "大字": 2, "伤痕累累": 2, "皮糙": 2, "肉厚": 2, "自古": 2, "磨难": 2, "同行": 1, "拿出": 1, "照片": 10, "拿到": 1, "喜爱": 1, "本身": 5, "伤痕": 1, "晚上": 6, "半夜": 4, "上网": 2, "飞": 8, "说到": 3, "要害": 4, "伤害": 3, "发动机": 2, "油箱": 2, "部位": 2, "故事": 2, "日本": 18, "投降": 4, "炸": 2, "片瓦未存": 2, "轰炸": 2, "著名": 2, "口号": 2, "重整": 2, "雄风": 2, "清清楚楚": 2, "振兴": 2, "修复": 4, "恢复": 4, "得益": 6, "技能": 2, "信心": 2, "联想": 2, "芭蕾脚": 8, "广告图": 4, "达沃斯": 2, "论坛": 3, "喝": 2, "咖啡": 5, "活": 3, "长处": 2, "起步": 2, "成长": 6, "年限": 2, "短": 5, "积累": 2, "吃苦": 2, "烂": 3, "脚": 3, "烂脚": 1, "痛": 2, "快乐": 2, "解释": 2, "女儿": 7, "副董事长": 2, "财务官": 2, "当地": 3, "12月": 4, "1日": 1, "加拿大": 12, "美方": 2, "扣留": 2, "机场": 2, "转机": 2, "随后": 3, "承认": 1, "寻求": 2, "引渡": 4, "11日": 1, "法院": 2, "裁决": 2, "批准": 3, "保释": 2, "当晚": 2, "走出": 1, "法庭": 2, "朋友圈": 2, "为傲": 4, "祖国": 4, "配图": 2, "广告": 2, "写": 7, "背后": 3, "苦难": 2, "背景": 7, "担": 2, "乐观": 2, "自学": 2, "功课": 2, "读": 3, "狱中": 2, "监狱": 2, "学历": 2, "闲": 4, "忙": 8, "每次": 2, "打电话": 4, "妈": 2, "老公": 2, "赶快": 2, "充实": 2, "温哥华": 2, "软禁": 4, "监禁": 2, "四周": 2, "警察": 2, "包围": 2, "生活": 8, "自由": 2, "持续": 8, "关键": 6, "法治": 2, "证据": 2, "罪": 2, "站在": 2, "理上": 2, "轰动": 2, "报纸": 2, "头版": 2, "头条": 2, "标题": 2, "典型": 6, "违法": 2, "人民日报": 2, "大标": 2, "题写": 2, "在理": 2, "32": 1, "飞速": 1, "得益于": 1, "改革": 1, "开放": 23, "半导体": 4, "发出": 2, "总裁": 7, "何庭波": 2, "封": 1, "内部": 3, "多年": 1, "极限": 3, "生存": 3, "假设": 1, "预计": 1, "打造": 7, "备胎": 15, "夜": 1, "转正": 2, "保驾护航": 1, "近段": 2, "所有人": 2, "心目": 2, "用钱": 2, "开玩笑": 2, "张扬": 4, "跑到": 2, "台上": 2, "老老实实": 5, "回到": 2, "科研室": 2, "搞": 6, "销售": 3, "干活": 3, "始终": 4, "漂亮": 1, "评": 2, "奖": 4, "低": 3, "头": 2, "夹": 2, "尾巴": 2, "做人": 2, "不住": 4, "轮到": 2, "昂起": 2, "好事": 6, "收回": 2, "2004年": 5, "器件": 5, "开发": 6, "交付": 2, "地位": 4, "异常": 2, "低调": 2, "架构": 9, "一级": 2, "找": 2, "身影": 2, "当年": 3, "早": 7, "供应链": 8, "预想": 3, "一百亿": 3, "美金": 3, "碰撞": 6, "合同": 4, "手续": 3, "穿": 3, "衣服": 3, "海滩": 3, "跑步": 6, "比赛": 6, "乒乓球": 3, "星期": 3, "董事会": 5, "否决": 3, "这项": 4, "收购": 3, "讨论": 3, "卖": 12, "少壮派": 3, "激进派": 3, "山头": 3, "输家": 3, "拼": 15, "刺刀": 9, "爬": 3, "南坡": 3, "带": 3, "牛肉": 3, "罐头": 3, "爬坡": 10, "背着": 3, "干粮": 3, "爬到": 7, "山上": 3, "思想": 10, "分裂": 5, "西方": 12, "好不容易": 4, "统一": 7, "朵": 4, "难": 6, "交融": 4, "前提": 3, "北坡": 4, "往下": 4, "雪往": 4, "下滑": 4, "军": 4, "山顶": 4, "决不": 4, "拥抱": 6, "欢呼": 4, "数字化": 7, "信息化": 4, "大会师": 4, "多种": 4, "会师": 4, "理想": 4, "赚钱": 4, "不用": 16, "利益": 6, "挤榨": 3, "朋友": 4, "压制": 3, "住": 3, "8K": 3, "电视机": 6, "韩国": 5, "。。": 1, "不大": 2, "放": 5, "讲讲": 2, "常务": 2, "利润": 2, "检查": 2, "拿来": 2, "批示": 2, "炫富": 4, "困难": 2, "听": 4, "你家": 2, "土地": 2, "牛粪": 2, "猪粪": 2, "撒": 3, "地里": 1, "肥力": 2, "收": 2, "加大": 5, "如今": 3, "拥有": 4, "自主": 2, "知识": 7, "产权": 6, "五大": 3, "麒麟": 3, "构筑": 4, "武器": 2, "分析师": 3, "居于": 2, "前列": 2, "正是": 4, "惯常": 2, "意外": 2, "构想": 2, "理论": 3, "研究院": 3, "外面": 2, "撒胡": 2, "椒面": 2, "永远": 2, "启用": 2, "挺身而出": 2, "供应": 4, "主体": 2, "如果说": 5, "少量": 3, "这天": 2, "走走": 2, "走错": 2, "纠正": 2, "第四": 2, "美国商务部": 6, "为期": 2, "90": 15, "临时": 4, "推迟": 2, "附属": 2, "现有": 2, "服务所": 2, "实施": 2, "开足马力": 2, "加班加点": 2, "供货": 3, "现象": 2, "执照": 2, "真的": 5, "取消": 2, "看待": 2, "反复": 2, "意义": 3, "来讲": 2, "感谢": 4, "三十": 4, "伴随": 2, "无私": 2, "教": 2, "明白": 2, "走路": 4, "体现": 2, "良心": 2, "前天": 2, "徐直军": 2, "记": 2, "不得了": 2, "大致": 2, "两三点钟": 2, "正确": 3, "流泪": 2, "得道多助": 2, "失道寡助": 2, "教给": 2, "感受": 4, "不公": 2, "学生": 9, "这不": 2, "棒": 3, "流体力学": 2, "空气": 4, "动力学": 4, "一对": 2, "父子": 2, "发明": 2, "伯努利": 4, "父亲": 2, "嫉妒": 2, "儿子": 6, "残酷": 2, "迫害": 2, "舒服": 2, "没关系": 2, "论文": 2, "名字": 7, "放在": 2, "面对": 6, "长期": 4, "冲突": 2, "持久战": 3, "短期": 5, "突击战": 3, "渡过": 1, "磨合": 4, "阶段": 5, "切换": 4, "尽可能": 2, "渠道": 5, "好用": 1, "思维": 1, "财务": 1, "报表": 1, "早先": 1, "心得": 1, "对方": 2, "成果": 3, "交给": 1, "反对": 5, "那种": 4, "盲目": 3, "补": 3, "短板": 7, "过程": 4, "家里": 3, "太太": 7, "骂": 3, "笨": 6, "一生": 2, "做长": 3, "块板": 2, "一块": 4, "长板": 5, "高桶": 3, "完整": 4, "完美": 14, "没用": 6, "完人": 6, "追求": 5, "缺点": 8, "好好": 4, "观察": 4, "重用": 4, "派会": 1, "副职": 1, "派": 2, "赵": 2, "刚": 2, "政委": 2, "例子": 3, "懂": 4, "中国话": 4, "翻译": 2, "善于": 2, "打交道": 2, "话语": 2, "相提并论": 2, "我国": 3, "为此": 2, "自费": 2, "权威": 3, "状况": 2, "梦想": 2, "层面": 3, "党": 2, "调研": 2, "权威性": 2, "中央": 3, "深刻": 4, "资助": 2, "件": 3, "动用": 6, "流程": 2, "表决": 2, "比如说": 2, "普洱": 1, "特色": 2, "那天": 2, "村庄": 2, "演出": 2, "感慨": 2, "送": 4, "五台": 4, "钢琴": 6, "贵州省": 2, "捐献": 4, "台": 3, "青少年": 2, "单纯": 2, "数理化": 2, "奠定": 2, "广阔": 2, "情感": 2, "一辈子": 6, "父母": 10, "年代": 2, "叮嘱": 2, "兄妹": 2, "今生今世": 6, "不准": 6, "回头": 2, "乡村": 2, "人生": 2, "选择": 5, "印象": 2, "教授": 2, "数额": 2, "北欧": 2, "稍微": 2, "领": 2, "上上": 2, "甘岭": 2, "马太": 2, "效应": 6, "越来越": 6, "差": 4, "马": 2, "道理": 2, "小学": 2, "娶": 2, "电影": 2, "明星": 2, "荣耀": 3, "七十": 2, "改善": 4, "担负": 2, "花朵": 6, "浇水": 4, "事业心": 2, "使命感": 2, "浇": 2, "水": 2, "花枯": 2, "萎": 2, "乔布斯": 2, "少掉": 2, "当下": 2, "焦虑": 2, "愈加": 2, "宽": 2, "现状": 2, "争端": 4, "科教": 1, "强身健体": 4, "操心": 2, "傀儡": 5, "算数": 2, "定位": 2, "位置": 3, "赶紧": 2, "退休": 6, "学位": 2, "养花": 8, "养": 4, "动物": 2, "想想": 2, "走": 3, "舞台": 2, "愿望": 2, "这辈子": 1, "压境": 2, "民族": 4, "称号": 4, "狗熊": 3, "商业性": 3, "商品": 12, "买卖": 3, "政治": 4, "态度": 4, "喜好": 3, "有时候": 3, "偏激": 6, "民粹主义": 3, "好处": 3, "心态": 5, "平平静静": 3, "种地": 3, "土豆": 3, "浪费": 2, "耳朵": 2, "逼上梁山": 2, "封杀": 1, "目光": 1, "焦点": 1, "应对": 2, "流传": 2, "海报": 1, "当日": 1, "属实": 1, "商标局": 1, "网站": 3, "商标": 3, "核准": 1, "适用于": 1, "第9": 1, "类别": 3, "第42": 1, "电子": 4, "14日": 2, "专用权": 1, "期限": 1, "2029年": 1, "13日": 1, "迹象": 1, "关涉": 1, "秋天": 2, "‘": 1, "’": 1, "塞翁失马": 1, "焉知非福": 1, "番": 1, "言论": 1, "知名": 2, "互联网": 6, "人方": 1, "兴东": 1, "组建": 1, "老友群": 1, "透露": 2, "表态": 1, "不予": 1, "进一步": 2, "打通": 5, "平板": 2, "穿戴": 1, "；": 13, "面向": 3, "下一代": 1, "设计": 4, "编译": 1, "运行": 2, "性能": 4, "60%": 1, "众多": 4, "统统": 1, "切断": 1, "尚存": 1, "后手": 1, "可用": 1, "+": 8, "2012年": 1, "规划": 2, "自有": 1, "Google": 5, "亦": 2, "启动": 3, "B": 1, "群访": 1, "未": 1, "替代": 6, "做法": 1, "到底": 1, "说道": 1, "事实上": 2, "暂停": 9, "开源": 5, "售卖": 1, "定制化": 1, "给到": 1, "喘息": 1, "暂时": 6, "断阻": 1, "史无前例": 1, "定论": 1, "院长": 1, "孙燕飚": 2, "收到": 1, "十余": 1, "实用": 1, "的确": 2, "用到": 1, "7日": 1, "鲲鹏": 2, "920": 3, "Kunpeng": 1, "大会": 2, "预沟": 1, "通会": 1, "款": 5, "天罡": 2, "基站": 2, "巴龙": 2, "5000": 2, "基带": 1, "涉及": 3, "ARM": 8, "后者": 1, "往来": 1, "ARMv8": 1, "永久": 2, "基于": 3, "处理器": 4, "本次": 1, "断供": 2, "供给": 1, "越发": 1, "逼向": 1, "27日": 3, "公布": 2, "全新": 2, "Cortex-A77": 1, "A77": 1, "G77": 1, "GPU": 1, "大幅": 1, "缘故": 1, "新一代": 2, "最新": 2, "知晓": 1, "采购": 2, "Gartner": 1, "2月": 1, "支出": 1, "同比": 1, "大涨": 1, "45.2%": 1, "210亿": 1, "买家": 1, "占据": 1, "4.4%": 1, "份额": 1, "囤货": 2, "限于": 1, "被动": 2, "组件": 1, "光学": 1, "元件": 1, "出口": 2, "管制": 2, "风险": 4, "部件": 2, "储存": 1, "6": 5, "供应量": 1, "持有": 1, "3": 2, "去年底": 1, "今年初": 1, "采货量": 1, "备货": 1, "充足": 1, "海通": 2, "研报": 3, "进口": 4, "元器件": 1, "滚动": 1, "超": 2, "储备量": 1, "出台": 1, "克服": 2, "提及": 1, "新增": 3, "机型": 1, "FBA": 1, "R滤": 1, "波器": 2, "Qorvo": 1, "博通": 1, "Avago": 1, "成熟": 1, "推出": 1, "进程": 2, "干扰": 1, "4G": 2, "脱离": 1, "运转": 1, "盟友": 2, "超群": 1, "厂商": 4, "吃": 1, "覆盖": 2, "11月": 1, "首次": 1, "名单": 5, "92": 1, "33": 1, "大陆": 3, "22": 1, "亚洲": 1, "索尼": 1, "液晶": 2, "显示器": 3, "制造商": 2, "Japan": 1, "Display": 3, "存储": 3, "SK海": 1, "力士": 1, "SK": 1, "Hynix": 1, "台积电": 2, "南亚": 1, "Nanya": 1, "Technology": 1, "材料": 1, "制造": 3, "规避": 1, "寻找": 1, "同类": 1, "旗舰": 2, "P30": 6, "Pro": 3, "显示屏": 2, "三星": 1, "Samsung": 1, "京东方": 1, "LGD": 1, "LG": 1, "建中": 1, "LCD": 3, "产线": 1, "共有": 1, "8": 4, "累计": 2, "投资额": 1, "2846亿": 1, "统计": 1, "一半": 1, "2020年": 1, "面板": 1, "40%": 1, "受阻": 1, "本土": 1, "利好": 1, "该研": 1, "报例": 1, "麦捷": 1, "SAW滤": 1, "圣邦": 1, "模拟": 1, "紫光": 1, "国微": 1, "FPGA": 1, "生益": 1, "华正": 1, "新材": 1, "高频": 1, "CCL": 1, "案例": 1, "电路": 1, "环节": 4, "南京厂": 1, "16": 1, "nm": 1, "制程": 2, "梁齐": 1, "基金报": 1, "刷屏": 1, "WiFi": 4, "联盟": 16, "撤销": 1, "会员": 15, "资格": 7, "认证": 1, "蓝牙": 5, "Bluetooth": 1, "SIG": 1, "SD": 7, "成员": 3, "消失": 1, "基金君": 1, "重点": 4, "内容": 21, "1": 1, "4": 1, "充满": 1, "个个": 1, "超然": 2, "自嘲": 1, "7": 1, "？？": 1, "回家": 1, "9": 2, "要死": 2, "这块": 1, "板": 1, "用人": 1, "来到": 1, "管理": 4, "发放": 1, "这位": 2, "跑": 1, "对话": 5, "全文": 2, "事外": 1, "21号": 1, "会上": 1, "1号": 1, "澄清": 1, "11号": 1, "欺世盗": 1, "领奖": 2, "发明人": 2, "傻乎乎": 1, "贴到": 1, "解说": 7, "差点": 1, "100亿": 1, "不和": 1, "度过": 1, "总公司": 1, "28号": 1, "活字": 1, "普洱市": 1, "思乡曲": 1, "灌注": 1, "被子": 1, "移出": 1, "自愿": 1, "撤回": 1, "发言人": 1, "邮件": 1, "剥夺": 1, "遵守": 5, "命令": 5, "涵盖": 2, "Authority": 1, "同日": 1, "分析": 3, "发言权": 1, "删除": 1, "回复": 1, "信中": 1, "证实": 1, "SD卡": 2, "除名": 2, "法规": 2, "一如既往": 2, "不懈": 2, "伙伴": 13, "良性": 3, "公平": 4, "生态": 8, "ICT": 6, "生产力": 1, "依赖": 3, "手段": 1, "产业链": 4, "性价比": 1, "优质": 7, "蓬勃": 1, "推动": 2, "发挥": 2, "作用": 1, "遵循": 1, "符合": 1, "反垄断法": 3, "贯彻": 1, "切实": 1, "维护": 1, "单位": 1, "通力": 1, "协作": 1, "秉持": 1, "终止": 1, "章程": 1, "阻碍": 1, "产业界": 1, "破坏": 1, "动摇": 1, "目标": 2, "达成": 2, "涉嫌": 1, "违反": 2, "碎片化": 1, "疑问": 1, "Mate20": 1, "高端机": 1, "WIFI": 2, "GPS": 2, "FM": 1, "多么": 1, "质量": 1, "替换": 1, "更上一层楼": 1, "实验室": 1, "测评": 1, "业界": 6, "瞎": 1, "忽悠": 1, "多方": 1, "交叉": 1, "失效": 1, "估计": 3, "欧洲": 1, "大户": 1, "瘫痪": 1, "值得一提的是": 1, "局面": 1, "结束": 1, "记忆卡": 1, "转而": 1, "插": 1, "sim卡卡槽": 1, "NM": 1, "外国": 1, "接连": 1, "方向": 1, "适配": 1, "旁观者": 1, "主动": 1, "规则": 1, "制定者": 1, "双向": 3, "声音": 1, "供应者": 1, "年报": 1, "各类": 1, "加速": 1, "400多": 1, "400": 1, "职位": 1, "提案": 1, "5,000": 1, "篇": 3, "60,000": 1, "回顾": 1, "封锁": 2, "一步步": 1, "化解": 1, "前不久": 1, "设计商": 1, "BBC": 1, "难以": 1, "今日": 1, "贵阳": 3, "举办": 2, "工程院": 1, "邬贺铨": 2, "经验": 1, "EDA": 1, "工具": 1, "完善": 1, "CPU": 1, "V8": 1, "使用权": 1, "消化": 1, "修改": 2, "熟练": 1, "不见得": 1, "V9": 1, "官网": 1, "展示": 9, "界面": 1, "移除": 1, "Mate": 2, "X": 2, "海外版": 1, "更新": 2, "传出": 1, "停止": 1, "方式": 3, "届时": 1, "数博会": 13, "15％": 1, "20％": 1, "面临": 2, "挑战": 1, "自豪": 1, "张平安": 2, "腾讯": 21, "企鹅": 1, "影视": 2, "孙": 1, "忠怀": 1, "业务部": 1, "部长": 1, "徐": 1, "晓林": 1, "总编辑": 1, "王娟": 1, "嘉宾": 2, "中新网": 1, "电": 1, "第七": 1, "届": 1, "视听": 8, "期间": 2, "成都": 1, "签约": 2, "仪式": 3, "深度": 4, "围绕": 3, "帐号": 4, "互通": 1, "专区": 3, "形式": 1, "APP": 7, "展现": 1, "权益": 3, "窗口": 2, "流畅": 1, "高清": 2, "精品": 2, "AI": 9, "高性能": 1, "音": 1, "增强": 2, "效果": 1, "致力于": 2, "极致": 5, "在线": 1, "海量": 1, "制作": 3, "口碑": 1, "触达": 2, "高效": 2, "分发": 4, "放大器": 2, "便捷": 2, "观看": 2, "享受": 2, "观影": 1, "共赢": 4, "加速器": 1, "内": 2, "展开": 3, "精准": 3, "缩短": 1, "制作者": 1, "平台方": 1, "距离": 1, "融合": 8, "利用": 2, "浏览器": 1, "助手": 1, "搜索": 1, "入口": 1, "智慧化": 2, "情景化": 1, "多渠道": 1, "获取": 1, "畅享": 2, "美好": 1, "来临": 2, "取代": 1, "图文": 1, "沟通": 1, "长视频": 1, "直播": 2, "多元": 2, "建立": 1, "全场": 2, "景全": 1, "依托": 1, "芯": 1, "端": 1, "云协": 1, "优势": 3, "深耕": 1, "细作": 1, "互补": 1, "登录": 1, "PC": 1, "OTT": 1, "盒子": 1, "大屏": 2, "跨": 2, "场景": 7, "多屏": 2, "互动": 2, "现实": 1, "IP": 3, "资源": 4, "水准": 1, "高口碑": 1, "人气": 2, "体验店": 1, "服务店": 1, "百": 1, "店": 1, "千屏": 1, "工程": 1, "4000": 1, "直达": 1, "宣发": 2, "线下": 1, "DigiX": 1, "生活节": 1, "助力": 2, "零距离": 1, "魅力": 1, "景": 1, "智慧": 8, "之际": 1, "沃土": 1, "芯-端-云": 1, "全方位": 3, "赋能": 2, "开发者": 1, "低码": 1, "编": 1, "解码": 1, "超高清": 1, "情景": 1, "深层次": 1, "10亿": 2, "推行": 1, "耀星": 1, "营销": 1, "辅助": 1, "携手": 6, "业内": 1, "打磨": 1, "联合": 2, "率先": 1, "探索": 3, "简称": 1, "隆重": 1, "开幕": 1, "第五": 1, "参加": 2, "开幕式": 1, "展览会": 1, "宏大": 1, "愿景": 1, "领航": 2, "即日": 2, "起航": 2, "等待": 2, "首日": 2, "智联": 1, "慧通": 1, "主题": 2, "持续不断": 1, "2570": 1, "42": 1, "发货量": 1, "10万": 1, "引领": 2, "规模化": 1, "电力": 1, "农业": 3, "医疗": 4, "尝试": 1, "各方": 1, "繁荣": 1, "规模": 3, "部署": 1, "足够": 2, "支撑": 2, "期待": 2, "百行": 1, "千业": 1, "艰苦奋斗": 1, "重磅": 6, "30": 1, "安防": 3, "产品线": 1, "指出": 1, "物联网": 1, "爆炸式": 1, "算力": 1, "座": 2, "大山": 1, "倡议": 1, "内外部": 1, "剧烈": 1, "变革": 2, "志同道合": 1, "务实": 1, "加快": 1, "云AI": 3, "斩获": 3, "黑科技": 3, "奖项": 4, "成果奖": 2, "颁奖": 1, "云一站式": 1, "ModelArts": 1, "OCR": 1, "数据化": 1, "计算云": 1, "云HiLens": 1, "端云": 1, "展览": 2, "好戏": 1, "台华": 1, "本届": 2, "300+": 1, "平米": 1, "展台": 5, "精心": 1, "设置": 1, "展区": 7, "呈现": 6, "自然": 1, "爆棚": 1, "厚积薄发": 1, "麒麟980": 1, "G基站": 1, "计算": 2, "昇腾": 1, "310+": 1, "现场": 2, "融入": 1, "千": 1, "百业": 1, "驾驶": 1, "远程": 1, "释放": 1, "吸引": 1, "机械": 2, "臂": 2, "绘画": 1, "画师": 1, "实时": 1, "同步": 1, "作画": 1, "直观": 1, "形象": 1, "低延": 1, "特性": 1, "位于": 2, "云展区": 2, "云平台": 1, "智能化": 4, "热门": 3, "错过": 1, "手势": 1, "指挥": 2, "机器人": 1, "踢球": 1, "射门": 1, "华为云": 1, "紧邻": 1, "智简": 1, "全闪": 2, "存Ocean": 2, "Stor": 2, "Dorado": 1, "18510F": 1, "V5": 1, "AI-Native": 1, "分布式": 2, "数据库": 2, "GaussDB": 1, "FusionStorage": 1, "微模块": 1, "Atlas": 1, "Taishan": 1, "底座": 2, "唯一": 2, "横向": 1, "IoT": 1, "GIS": 1, "New": 1, "纵向": 1, "端边": 1, "网云": 1, "具备": 1, "传承": 1, "向上": 1, "敏捷": 1, "简单": 1, "留给": 2, "AI展区": 1, "公共": 1, "实践": 1, "引人注目": 1, "IOC": 1, "打破": 1, "孤岛": 1, "景象": 1, "指标": 1, "推进": 1, "细节": 1, "查询": 1, "监测": 1, "总体": 2, "态势": 1, "全局": 1, "把握": 1, "大众": 1, "提前": 1, "上演": 1, "接下来": 1, "精彩": 1, "云城市": 1, "贵州": 1, "政务云": 7, "2.0": 3, "新品": 1, "敬请": 1, "火爆": 1, "会议": 1, "1号馆": 1, "W1": 1, "B01": 1, "展位": 1, "全程": 1, "旨在": 1, "与会": 1, "迈入": 1, "光临": 1, "日报网": 1, "时报": 13, "特朗普": 5, "禁华": 1, "整宿": 1, "运行商": 1, "登上": 1, "25日": 1, "电信业": 1, "波动": 1, "波及": 1, "截图": 2, "写法": 1, "47": 1, "农民": 6, "凯文·尼尔森": 2, "麻烦": 1, "蒙大拿州": 4, "东北部": 1, "3800": 1, "英亩": 1, "农场": 2, "大海": 1, "蔓延": 1, "风景": 1, "坏掉": 1, "拖拉机": 4, "试": 1, "找到": 1, "信号": 4, "损坏": 1, "发送": 2, "65": 1, "英里": 1, "修理厂": 1, "成功": 1, "图源": 6, "沮丧": 1, "尼尔森": 3, "佳": 1, "告知": 1, "本月": 2, "总统": 1, "行政": 3, "禁止": 2, "禁": 1, "传输": 1, "低廉": 1, "无线网": 6, "稀少": 1, "开阔地": 1, "举例": 1, "东": 1, "俄勒冈": 1, "不得不": 2, "在意": 1, "辆": 1, "福特": 1, "皮卡": 1, "兰博基尼": 1, "1/4": 1, "中兴": 1, "花费": 2, "前文": 1, "那位": 1, "名叫": 1, "基尔戈尔": 2, "Nemont": 4, "基尔": 5, "戈尔": 5, "所在": 2, "年前": 1, "节省": 1, "开销": 1, "赌": 1, "赌对": 1, "赌博": 1, "拉斯姆森": 5, "获益": 1, "驾驶室": 1, "高速": 3, "iPad": 1, "信号塔": 1, "ipad": 1, "软件": 1, "戳洞": 1, "种子": 1, "肥料": 1, "银行": 1, "监控": 1, "天气": 1, "程序": 1, "原本": 1, "租": 1, "用来": 1, "发射塔": 1, "只好": 1, "搁置": 1, "网络箱": 1, "5000万": 1, "掉": 1, "关闭": 1, "客户们": 1, "挤压": 1, "拉斯穆森": 1, "价格": 1, "作业": 1, "无独有偶": 1, "这两天": 1, "出自": 1, "20日": 1, "CCTV": 1, "频道": 1, "播出": 1, "节目": 3, "高档": 1, "别墅": 2, "群": 2, "大规模": 1, "每家": 1, "每户": 1, "铺": 1, "光纤": 1, "进去": 1, "小基站": 1, "装": 1, "方圆": 1, "↓": 1, "00:26": 1, "环视频": 1, "乔炳": 1, "冬瓜侠": 1, "天野": 1, "本报": 2, "讯": 1, "版": 2, "要素": 1, "全流程": 1, "保得住": 1, "湖": 2, "政务AI": 1, "决策": 1, "全国": 1, "九成": 1, "省级": 1, "行政区": 2, "七成": 1, "市级": 1, "建成": 1, "1.0": 1, "截至": 1, "近300": 1, "坚实": 1, "衣琼": 1}