{"华为": 87, "P系列": 3, "Mate": 20, "系列": 17, "都": 31, "高端": 2, "旗舰机": 4, "很多": 18, "才": 2, "卖": 1, "余承东": 1, "扶持": 1, "很": 28, "布局": 2, "强大": 2, "配置": 5, "旗舰": 3, "海思": 1, "芯片": 3, "首发": 2, "Mate20": 2, "麒麟980": 4, "大概": 1, "半年": 2, "时间": 6, "P30": 19, "采用": 5, "搭载": 8, "问世": 1, "如今": 2, "Mate30": 38, "发布": 5, "麒麟": 7, "990": 4, "性能": 8, "肯定": 3, "980": 4, "GPU": 4, "十六": 1, "核": 1, "核心": 3, "降": 1, "清仓价": 3, "自营店": 1, "跌": 2, "3688": 1, "元": 11, "多多": 2, "降价": 5, "幅度": 2, "3188": 1, "确实": 2, "便宜": 2, "降至": 1, "值得": 7, "入手": 3, "价格": 7, "相差": 4, "不大": 2, "情况": 2, "网友": 2, "乐意": 1, "新品": 2, "毕竟": 2, "第三方": 1, "平台": 1, "关系": 1, "补贴": 1, "方式": 3, "算是": 1, "性质": 1, "此次": 1, "300": 2, "3699": 1, "营店": 1, "差不多": 1, "款": 35, "手机": 47, "选": 4, "心知肚明": 1, "对比": 2, "选择": 11, "处理器": 10, "麒麟990": 4, "整体": 2, "提升": 4, "10%": 1, "前文": 1, "区别": 3, "续航": 3, "相对于": 1, "内置": 1, "3650": 1, "mAh": 3, "电池": 6, "容量": 4, "支持": 7, "22.5W快充": 2, "无线": 2, "充电": 2, "配备": 8, "4200": 3, "mAh大": 1, "40W": 3, "超级": 3, "快充": 6, "27": 1, "W无线": 1, "反向": 1, "拍照": 7, "均": 1, "4000万": 3, "+": 5, "1600万": 1, "800万": 2, "徕卡": 1, "三": 3, "摄": 5, "前置": 3, "自拍": 3, "像素": 6, "3200万": 4, "2400万": 1, "建议": 3, "不怎么": 1, "玩": 1, "游戏": 1, "注重": 1, "颜值": 4, "用户": 16, "不错": 1, "设计": 9, "耐": 1, "喜欢": 6, "刘": 1, "海屏": 1, "iPhone": 5, "水滴屏": 1, "下巴": 1, "短": 1, "称赞": 1, "！": 8, "物君": 3, "手里": 2, "台": 4, "XR": 4, "将近": 1, "大半年": 1, "正好": 1, "赶上": 1, "遂": 1, "置换": 1, "30": 13, "没成想": 1, "优点": 1, "缺点": 2, "简直": 1, "不吐不快": 1, "地步": 1, "接下来": 1, "往下": 1, "1.": 1, "参数": 1, "详情": 1, "上手": 1, "先来": 1, "信息": 2, "一块": 2, "6.62": 1, "英寸": 2, "OLED": 2, "屏幕": 1, "主屏": 1, "分辨率": 1, "2340X1080": 1, "毫安": 1, "有线": 3, ".": 2, "体验": 3, "好物君": 3, "件": 2, "以往": 2, "苹果": 7, "地方": 2, "系统": 9, "流畅度": 3, "APP": 3, "基本上": 1, "秒开": 1, "动画": 1, "过渡": 1, "自然": 2, "卡顿": 1, "感觉": 1, "打开": 4, "速度": 2, "变得": 1, "稍": 1, "原因": 2, "软件": 3, "无故": 1, "弹窗": 2, "自行": 2, "关闭": 3, "现象": 1, "事情": 1, "挺": 1, "无语": 1, "权限": 2, "设置": 3, "下载": 2, "完毕": 1, "手动": 1, "确认": 1, "小结": 1, "零": 1, "学习": 1, "成本": 2, "功能": 9, "开启": 1, "一个": 9, "刚": 3, "显得": 2, "友好": 1, "3": 5, "优势": 3, "分析": 3, "不得不": 1, "眼前": 1, "亮": 1, "不少": 2, "双开": 1, "后台": 1, "自动": 3, "清理": 1, "隔空": 1, "操作": 4, "交互": 2, "新颖": 1, "这次": 1, "人工": 1, "智能": 1, "功夫": 1, "走": 3, "路上": 1, "负": 1, "一屏会": 1, "提示": 1, "天气": 1, "状况": 1, "未": 1, "事项": 1, "贴心": 1, "说一说": 1, "夜拍": 1, "惊艳": 1, "程度": 2, "的确": 1, "成像": 1, "效果": 1, "力压": 1, "光线": 1, "充足": 1, "环境": 1, "生活": 1, "场景": 1, "刻画": 1, "一点": 4, "了不起": 1, "换到": 1, "30后": 1, "智慧": 2, "识屏": 1, "、": 27, "多元化": 1, "耳目一新": 1, "兼容性": 1, "差": 3, "上网": 1, "屏蔽": 1, "不良": 1, "特性": 1, "收获": 1, "吐槽": 1, "外界": 1, "低估": 1, "孙亚芳": 18, "财富": 1, "杂志": 5, "评出": 1, "中国": 1, "影响力": 1, "商界": 1, "女性": 2, "不仅仅": 1, "董事长": 3, "懂": 1, "任正非": 23, "领导": 1, "才能": 1, "思想": 2, "理念": 1, "同频": 1, "利益": 1, "走到": 1, "想": 2, "远": 3, "理想": 1, "价值观": 3, "1999年": 1, "当选": 1, "2018年": 1, "卸任": 1, "18多": 1, "女皇": 1, "名头": 1, "白叫": 1, "当初": 1, "服孙": 1, "亚芳": 9, "亲自": 2, "一一": 1, "说服": 1, "最终": 2, "全票": 1, "孙": 13, "创始": 1, "成员": 2, "1992年": 1, "担任": 1, "市场部": 4, "工程师": 1, "培训": 1, "中心": 1, "主任": 6, "采购部": 1, "武汉": 1, "办事处": 1, "总裁": 1, "人力": 2, "资源": 2, "委员会": 3, "变革": 1, "管理": 2, "战略": 2, "客户": 1, "大学": 3, "校长": 1, "职务": 1, "技术员": 1, "老师": 1, "职业": 2, "深圳": 1, "莫大": 1, "缘分": 1, "成就": 3, "长": 1, "段": 3, "岁": 2, "得意": 1, "学生": 1, "至少": 1, "贡献": 2, "：": 13, "1": 2, "内部": 1, "体系": 1, "凌厉": 1, "作风": 1, "战术": 1, "深度": 1, "参与": 1, "辞职": 1, "影响": 4, "深远": 1, "企业界": 1, "可谓": 1, "惊天动地": 1, "主导人": 1, "；": 2, "对外": 3, "协调": 1, "世纪": 1, "90年代": 1, "中后期": 1, "深感": 1, "善于": 1, "交际": 1, "沟通": 2, "为此": 1, "竞争": 1, "对手": 1, "掀起": 1, "舆论": 2, "公关": 1, "战差点": 1, "吃": 1, "大亏": 1, "关键": 1, "亲和力": 1, "联络": 1, "游刃有余": 1, "高层": 2, "一句话": 1, "技术": 4, "创新": 5, "经营": 1, "稳健": 1, "思科": 1, "鏖战": 1, "找": 4, "媒体": 1, "发挥": 2, "指挥": 1, "拯救": 1, "众所周知": 1, "重重": 1, "压力": 3, "患有": 1, "忧郁症": 1, "自杀": 1, "接到": 1, "电话": 1, "日本": 1, "客人": 1, "这是": 2, "病": 1, "下意识": 1, "求救": 1, "细腻": 2, "温柔": 1, "不知": 1, "化解": 1, "苦闷": 1, "孤独": 1, "2002年": 1, "公司": 8, "差点": 1, "崩溃": 1, "IT": 1, "泡沫": 1, "破灭": 1, "内外": 1, "矛盾": 1, "交集": 1, "无能为力": 1, "控制": 2, "噩梦": 1, "梦醒": 1, "哭": 1, "真的": 1, "骨干们": 1, "茫茫": 1, "黑暗": 1, "点燃": 1, "照亮": 1, "路程": 1, "早已": 1, "团结": 1, "员工": 2, "增强": 1, "信心": 1, "功不可没": 1, "一江春水向东流": 1, "高度": 1, "评价": 1, "公事": 1, "私事": 1, "交朋友": 1, "担心": 1, "破坏": 1, "平衡": 1, "扛": 1, "倾诉": 1, "理解": 1, "无疑": 1, "合适": 1, "当年": 1, "母亲": 2, "遭遇": 1, "车祸": 1, "国外": 1, "第一时间": 1, "赶赴": 1, "现场": 1, "救援": 1, "等来": 1, "身体": 1, "累坏": 1, "急需": 1, "癌症": 2, "手术": 2, "害怕": 1, "军心": 1, "大部分": 2, "老板": 1, "空荡荡": 1, "病房": 1, "陪伴": 1, "右芳": 1, "事业": 1, "搭档": 1, "人生": 1, "进击": 1, "途中": 1, "战友": 1, "伴侣": 1, "下属": 1, "训斥": 1, "严厉": 1, "女人": 1, "关注": 1, "细节": 3, "无论是": 1, "地位": 1, "个性": 1, "迫使": 1, "面对": 1, "就要": 1, "揪": 1, "离职": 1, "高管": 1, "透露": 3, "市场": 1, "领带": 1, "展览会": 1, "下场": 1, "惨": 1, "火爆": 1, "脾气": 1, "暴风骤雨": 1, "般的": 1, "批评": 1, "机会": 1, "出口": 1, "经历": 1, "场合": 1, "副总裁": 2, "徐直军": 1, "顶": 1, "其他人": 1, "向来": 1, "退避三舍": 1, "从不": 1, "正面": 2, "顶撞": 1, "干部": 2, "带兵": 1, "团队": 2, "表率": 1, "一言一行": 1, "士气": 1, "作战": 1, "能力": 4, "成长": 2, "当官": 1, "责任": 4, "目标": 1, "带": 1, "支": 1, "队伍": 1, "工作": 4, "会议": 1, "发表": 1, "小胜": 1, "智": 1, "大胜": 1, "德": 1, "讲话": 1, "接班人": 2, "标准": 1, "条": 1, "认同": 1, "自我": 1, "批判": 1, "精神": 1, "对此": 1, "大为": 1, "赞赏": 1, "1998年": 1, "文章": 1, "引用": 1, "司": 1, "报告": 1, "三点": 1, "致富": 2, "发生": 1, "根本性": 1, "改变": 1, "我国": 1, "缺": 1, "科技": 1, "种子": 2, "缺少": 1, "土壤": 1, "机制": 1, "社会": 2, "狭义": 1, "欲望": 1, "给以": 1, "疏导": 1, "推动": 1, "作用": 1, "责任者": 1, "管理者": 1, "欲望者": 1, "英雄": 1, "模范": 1, "讲": 1, "企业": 1, "长治久安": 1, "基础": 1, "承认": 1, "自我批判": 1, "细心": 1, "朋友": 1, "记得": 1, "早": 1, "9月初": 1, "荣耀": 25, "赵明": 1, "第一": 3, "V30": 12, "强势": 1, "登陆": 1, "20S": 1, "推出": 1, "遗忘": 1, "近日": 1, "该机": 2, "再次": 1, "提上": 1, "议程": 1, "快": 1, "月底": 1, "带来": 4, "惊喜": 3, "外观": 3, "据悉": 1, "LCD": 1, "显示屏": 2, "单盲孔": 1, "Pro": 27, "盲孔": 1, "拥有": 4, "90": 1, "Hz刷新率": 1, "曝光": 1, "图片": 5, "后背": 1, "造型": 1, "后置": 2, "摄像头": 1, "模块": 1, "方形": 1, "对称": 1, "放置": 1, "机身": 5, "上方": 1, "看起来": 1, "圆润": 1, "流畅": 1, "简洁": 1, "一体化": 1, "更为": 2, "5G": 5, "先进": 1, "7nm": 2, "EUV": 1, "制程": 1, "工艺": 2, "4G": 1, "版本": 3, "强悍": 1, "5G版": 1, "品牌": 3, "首款": 1, "网络": 2, "期待": 2, "消息": 1, "主摄": 1, "6000万": 1, "辅以": 1, "2000万": 1, "素超": 1, "广角": 2, "素长": 1, "焦": 1, "倍": 2, "光变": 1, "5倍无损": 1, "数码": 1, "变焦": 1, "OIS": 1, "光学": 2, "防抖": 3, "AI三": 1, "4000": 2, "超": 1, "双摄": 1, "组合": 1, "提高": 1, "搭配": 1, "15W": 1, "堆叠": 1, "关心": 1, "上一代": 2, "V20": 1, "2K": 1, "售价": 1, "标配版": 1, "定价": 1, "3K": 1, "起步": 1, "配": 1, "8": 1, "128GB": 1, "运存": 2, "4K": 1, "综合": 2, "机型": 3, "高性能": 1, "消费者": 1, "优惠": 1, "性价比": 3, "相册": 2, "删除": 4, "干净": 1, "壁纸": 2, "精美": 1, "明天": 1, "犹如": 1, "雨后春笋": 1, "郁闷": 1, "长年累月": 1, "耗": 1, "占": 2, "G": 1, "内存": 1, "一次性": 1, "简单": 2, "锁屏": 8, "跟着": 1, "小编": 3, "步骤": 3, "找到": 4, "点击": 5, "界面": 5, "隐私": 3, "密码": 2, "更新": 3, "WLAN": 1, "勾选": 3, "取消": 2, "各色": 1, "相关": 1, "烦恼": 1, "小伙伴": 1, "试": 2, "近期": 2, "热门": 2, "释放": 1, "销量": 1, "反馈": 1, "口碑": 2, "当中": 2, "价位": 6, "缺乏": 1, "深切": 1, "体会": 1, "Pro起": 1, "步价": 1, "5799": 2, "8+256GB": 1, "版": 1, "高达": 1, "6299": 1, "iPhone11": 4, "还要": 2, "究竟": 1, "买": 4, "群体": 2, "三类": 2, "角度": 1, "也就是说": 1, "粉丝": 1, "升级": 3, "Mate10": 1, "尝试": 1, "项": 1, "统计": 1, "数据": 1, "显示": 1, "留存率": 4, "52%": 1, "55%": 1, "年龄": 1, "阶层": 2, "选购": 1, "35-50": 1, "之间": 1, "中年": 2, "大叔": 2, "钱": 2, "6000": 1, "轻而易举": 1, "属性": 1, "商务": 2, "人士": 2, "白领": 1, "实际上": 1, "定位": 2, "外形": 1, "大气": 1, "时尚": 1, "年轻": 1, "路线": 1, "nova": 1, "起步价": 1, "国产": 1, "顶峰": 1, "参加": 2, "毕业生": 2, "来讲": 2, "足以": 1, "现实": 1, "预算": 3, "普通版": 1, "型号": 1, "跟风": 1, "极致": 2, "随便": 1, "乱": 2, "经验": 1, "判断": 1, "四": 4, "三年": 5, "落后": 5, "涨": 6, "面子": 6, "有没有": 1, "9": 3, "X": 3, "1399": 2, "马虎": 1, "用上": 1, "级别": 2, "做工": 1, "保证": 2, "后盖": 1, "适配": 1, "光泽": 1, "3D": 2, "玻璃": 1, "官方": 1, "9X": 1, "后壳": 1, "命名": 1, "律动": 1, "菱": 1, "钻微": 1, "纹理": 1, "灵动": 1, "美观": 1, "千元机": 1, "加上": 1, "升降": 1, "结构": 1, "屏": 2, "满满": 1, "屏占": 1, "卖点": 1, "比如说": 1, "麒麟810": 1, "看点": 1, "集成": 1, "自研": 2, "NPU": 1, "达芬奇": 1, "架构": 1, "CPU": 1, "能效": 1, "50%": 1, "顶级": 2, "ISP": 2, "图形": 1, "引擎": 1, "mah大": 1, "第二": 1, "超同": 1, "时期": 1, "6.53": 1, "超曲面": 1, "环绕": 1, "视觉": 1, "曲面": 2, "手持": 2, "握感": 2, "电影": 1, "镜头": 5, "加持": 2, "世界": 1, "7nm+EUV": 1, "骁龙": 1, "855": 1, "40": 1, "瓦": 1, "短短": 1, "小时": 1, "充到": 1, "满格": 1, "电量": 1, "运行": 1, "最新": 1, "安卓": 2, "10": 2, "足够": 1, "之内": 1, "第三": 1, "mate30": 1, "包括": 1, "尽善尽美": 1, "具备": 2, "4800万四": 1, "QI": 1, "S光学": 1, "位居": 1, "3000": 2, "到位": 1, "第1": 1, "名": 1, "小米": 1, "vivo": 1, "8GB": 2, "赋予": 2, "弧形": 1, "2.5D": 1, "挖": 1, "孔屏": 1, "担当": 1, "手感": 1, "一流": 1, "卡": 1, "第四": 1, "4988": 1, "新款": 1, "廉价": 1, "出头": 1, "意味着": 1, "硬件": 1, "即将": 1, "EMUI10": 1, "海报": 1, "实力": 1, "不容小觑": 1, "华为p30": 1, "出货量": 1, "超过": 1, "1700万": 1, "公认": 1, "最佳": 1, "声明": 1, "源于": 1, "侵权": 1, "请": 1, "作者": 1}