{"提到": 8, "OPPO": 18, "、": 77, "vivo": 1, "很多": 30, "朋友": 2, "印象": 2, "低配": 1, "高价": 1, "代表": 4, "情况": 7, "反转": 1, "蓝绿": 1, "大厂": 1, "互联网": 2, "洗礼": 1, "机型": 3, "变得": 1, "性价比": 6, "一度": 1, "超越": 4, "华为": 221, "一个": 46, "简单": 3, "盘点": 1, "推出": 3, "K系列": 1, "手机": 36, "家族": 1, "款": 1, "10月份": 1, "才": 15, "上市": 2, "K5": 8, "例子": 1, "该机": 1, "售价": 2, "2K": 1, "名副其实": 1, "千元机": 1, "价格": 9, "口碑": 1, "nova": 11, "5i": 11, "配置": 7, "差别": 1, "硬件": 2, "搭载": 4, "骁龙": 3, "730G": 1, "处理器": 3, "麒麟710": 1, "分属": 1, "品牌": 2, "芯片": 9, "安兔兔": 1, "跑分": 1, "测试": 3, "成绩": 6, "大概": 4, "23万": 1, "后者": 2, "13万多": 1, "很": 35, "差距": 1, "一星半点": 1, "性能": 4, "完胜": 1, "拍照": 5, "K5后置": 1, "6400万": 1, "主摄": 3, "+": 6, "800万": 2, "超": 2, "广角": 2, "200万": 4, "黑白": 1, "镜头": 4, "复古": 1, "人像": 1, "一共AI": 1, "四": 3, "摄": 1, "后置": 3, "拍摄": 3, "2400万": 2, "景深": 1, "微距": 1, "仔细": 1, "对比": 3, "均": 1, "颗": 2, "摄像头": 2, "同步": 1, "水平": 6, "逊色": 1, "K5不少": 1, "效果": 1, "解析力": 1, "噪点": 1, "控制": 9, "要好": 1, "不少": 1, "自拍": 1, "3200万": 1, "像素": 4, "重度": 1, "用户": 11, "看重": 1, "续航": 6, "配备": 1, "电池": 7, "容量": 2, "4000": 3, "mAh": 2, "就算": 2, "大小": 1, "不分胜负": 1, "充电": 4, "标配": 1, "30W": 1, "VOOC": 1, "闪充": 1, "4.0": 1, "搭配": 1, "10": 2, "W功率": 1, "发现": 5, "K": 1, "5": 3, "70": 2, "分钟": 1, "电量": 1, "充满": 1, "差不多": 2, "小时": 2, "关键": 1, "时刻": 2, "K5能": 1, "给力": 2, "解决": 5, "焦虑": 1, "如果说": 1, "外观": 1, "设计": 6, "喜好": 1, "K5水": 1, "滴屏": 1, "挖孔屏": 1, "讨人喜欢": 1, "必定": 1, "挖": 1, "孔屏": 1, "5G": 32, "时代": 10, "明星": 1, "产物": 1, "解锁": 3, "方式": 6, "采用": 3, "屏下": 1, "指纹": 2, "识别": 2, "喜欢": 6, "萝卜": 1, "白菜": 1, "各有所爱": 1, "不难": 1, "运存": 1, "不管是": 1, "K5相对来说": 1, "都": 53, "优势": 2, "不言而喻": 1, "足见": 1, "差": 1, "这两年": 1, "貌似": 1, "越来越": 5, "趋势": 1, "不禁": 1, "真的": 2, "初心": 1, "导语": 1, "：": 90, "B": 3, "计划": 8, "谷歌": 25, "悔之晚矣": 2, "任正非": 57, "回答": 6, "佩服": 2, "2019年": 4, "迎来": 1, "崭新": 1, "2020年": 4, "岁末": 1, "年初": 1, "厂商": 4, "闲": 1, "得失": 1, "好在": 1, "更上一层楼": 1, "不得不": 2, "提": 1, "我国": 2, "民族": 2, "企业": 22, "即将": 2, "可谓": 4, "经历": 3, "大风大浪": 1, "跌岩": 1, "起伏": 1, "竞争": 2, "美国": 120, "特朗普": 7, "政府": 14, "制裁": 4, "HR": 1, "胡玲": 1, "事件": 4, "251": 1, "件": 3, "像是": 1, "坐": 5, "过山车": 1, "骤起": 1, "骤落": 1, "安宁": 1, "19万": 1, "员工": 14, "捆成": 1, "股": 1, "绳": 1, "结束": 4, "画": 2, "圆满": 1, "句号": 1, "擅长": 1, "通讯": 1, "领域": 7, "内": 3, "拿到": 2, "65": 2, "份": 6, "合同": 9, "暂时": 1, "位居": 1, "第二": 7, "；": 13, "终端": 1, "余承东": 2, "2019": 1, "年度": 1, "花粉": 1, "大会": 2, "透露": 4, "全世界": 2, "销量": 6, "预计": 2, "2.3亿": 3, "稳": 1, "世界": 12, "苹果": 7, "iPhone": 1, "定局": 1, "精神": 2, "领袖": 2, "忘": 2, "鼓励": 1, "做好": 1, "时间": 29, "面临": 5, "最为": 1, "严厉": 1, "出货量": 1, "相比": 3, "去年": 1, "2亿": 1, "增长": 1, "3000万": 1, "三": 3, "季度": 4, "销售": 4, "一大": 4, "弊端": 1, "5900万": 2, "6700万": 1, "累计": 3, "1.85亿": 1, "意味着": 3, "第四": 1, "4500": 1, "第三": 1, "减少": 4, "2200万": 1, "节点": 1, "正是": 1, "Mate": 1, "30": 1, "旗舰机": 1, "安装": 1, "GMS": 5, "服务": 12, "海外": 6, "市场": 10, "受阻": 1, "断崖式": 1, "下跌": 1, "原因": 6, "熟悉": 1, "5月": 1, "15日": 1, "正式": 3, "实体名单": 1, "美": 6, "三十多": 1, "核心": 3, "供应商": 1, "集体": 3, "断供": 2, "包括": 2, "通信": 17, "设备": 9, "消费者": 2, "业务": 7, "产品": 8, "零部件": 1, "操作": 3, "系统": 18, "相关": 2, "技术": 25, "支持": 10, "开出": 1, "90": 2, "宽限": 1, "期间": 4, "取消": 1, "授权": 3, "国外": 4, "日常": 1, "生活": 3, "占据": 3, "主导": 1, "地位": 4, "安卓": 3, "无疑": 2, "场": 1, "灭顶之灾": 1, "面对": 3, "突如其来": 1, "致命": 1, "打击": 1, "锐减": 1, "预装": 1, "Gmail": 1, "Youtube": 1, "软件": 1, "国内": 23, "无所谓": 1, "可不": 1, "答应": 1, "应对": 1, "这次": 6, "危机": 2, "鸿蒙": 8, "推到": 2, "公众": 1, "面前": 2, "HMS": 5, "停止": 1, "外界": 1, "纷纷": 1, "捏": 1, "汗": 1, "腰斩": 1, "招": 1, "拆招": 1, "损失": 1, "降": 1, "小将": 1, "前台": 1, "如今": 3, "官方": 1, "全球": 6, "注册": 3, "开发者": 1, "超过": 2, "百万": 1, "程序": 1, "45000": 1, "！": 9, "AppGallery": 1, "投放": 1, "170": 2, "国家": 21, "3.9亿": 1, "提供": 5, "智能": 7, "助手": 1, "钱包": 1, "视频": 1, "音乐": 1, "配套": 1, "上线": 1, "种种": 1, "生态": 2, "发展": 23, "靠拢": 1, "有意": 1, "替代": 5, "创始人": 2, "接受": 4, "CNN": 1, "采访": 6, "记者": 5, "合作": 9, "许可会": 1, "发生": 4, "庞大": 6, "进一步": 3, "决心": 2, "能立": 1, "第一": 8, "重返": 1, "诞生": 1, "趋于": 1, "完善": 2, "启动": 1, "招募": 1, "众测": 1, "构建": 2, "软硬件": 2, "加上": 1, "拥有": 5, "指": 1, "一部分": 3, "估计": 1, "始料未及": 1, "听从": 1, "安排": 1, "毅然决然": 1, "掐断": 1, "粮草": 1, "带来": 6, "自信": 1, "反击": 1, "想到": 6, "批准": 1, "能力": 11, "想": 21, "不行": 1, "取代": 1, "补充": 1, "将来": 1, "严峻": 1, "压力": 5, "实则": 1, "建立": 2, "颁发": 1, "放行": 1, "许可": 8, "禁令": 1, "持续": 1, "到底": 6, "最终": 2, "只能": 3, "出山": 1, "不知": 2, "成功": 8, "谈谈": 1, "看法": 1, "钛": 1, "媒体": 2, "12月": 2, "27日": 1, "心声": 2, "社区": 2, "发布": 2, "日前": 1, "华尔街": 12, "日报": 10, "纪要": 2, "撤销": 2, "实体": 5, "清单": 5, "永远": 4, "保留": 4, "生存": 9, "拥抱": 3, "全球化": 6, "公司": 85, "供应": 4, "器件": 3, "根源": 2, "对抗": 4, "崇拜": 3, "学习": 10, "文化": 8, "管理": 16, "领先": 8, "感到": 7, "威胁": 5, "创新": 11, "机制": 2, "项": 3, "短": 8, "落后": 2, "一点": 10, "提及": 1, "美国商务部": 1, "长罗斯": 1, "印度": 2, "讲话": 2, "三年": 3, "输": 2, "选择": 13, "时押": 2, "错宝": 2, "押": 4, "厘米": 2, "波": 2, "毫米波": 4, "追赶": 2, "判断": 2, "失误": 2, "6G": 10, "带宽": 3, "宽": 3, "意义": 2, "东西": 7, "频段": 5, "快": 6, "到来": 4, "覆盖": 3, "距离": 4, "理论": 4, "突破": 4, "谈": 1, "挑战": 4, "三十": 3, "从小": 4, "走向": 4, "走": 16, "中央": 5, "集权": 3, "道路": 5, "做法": 2, "机关": 11, "总部": 2, "官僚主义": 4, "迟早": 2, "不堪重负": 2, "垮掉": 2, "阿根廷": 7, "会议": 11, "代表处": 10, "审结": 5, "试点": 5, "改革": 12, "要点": 2, "决策": 2, "权力": 10, "交到": 2, "最前方": 2, "前方": 2, "人员": 8, "职级": 2, "大幅度": 5, "提升": 4, "前端": 2, "确实": 2, "担负": 2, "责任": 3, "高级": 6, "干部": 8, "后端": 2, "流程": 5, "缩短": 2, "精简": 3, "减轻": 2, "供养": 2, "负担": 3, "五": 10, "长": 6, "改变": 4, "办公室": 2, "职员": 2, "顶上": 2, "重重": 2, "帽子": 2, "卸": 2, "倒转": 2, "180": 2, "度": 2, "新生": 2, "全文": 1, "1": 1, "总编": 1, "Matt": 19, "Murray": 18, "谢谢": 1, "机会": 6, "邀请": 2, "看一看": 5, "刚刚": 3, "欧洲": 6, "风格": 2, "园区": 1, "俄罗斯": 2, "走廊": 8, "建筑": 10, "宏伟": 2, "形势": 1, "传递": 2, "实力": 7, "深受": 1, "商界": 1, "影响": 6, "中国": 22, "舞台": 2, "展现": 3, "信息": 4, "来到": 1, "难": 2, "感谢": 5, "尖锐": 1, "提问": 1, "坦诚": 1, "松山湖": 1, "溪流": 1, "背坡村": 1, "基地": 7, "建筑群": 2, "机加": 1, "中心": 5, "展厅": 3, "日本人": 1, "产品线": 1, "类似": 1, "地下": 1, "层": 2, "参观": 4, "地面": 1, "喝": 2, "杯": 1, "咖啡": 2, "小会": 1, "白色": 1, "黄色": 1, "大厅": 1, "艺术": 1, "建筑师": 3, "促成": 1, "宣传": 1, "关系": 9, "上海": 5, "青浦": 3, "修": 1, "研发": 14, "2600": 2, "亩": 2, "西方": 4, "著名": 2, "参照": 1, "芝加哥": 1, "湖边": 1, "景观": 1, "带有": 1, "经典": 1, "气息": 1, "十里洋场": 1, "环境": 4, "容纳": 2, "外国": 1, "科学家": 1, "工作": 9, "本身": 1, "欣赏": 1, "投标": 1, "中标": 2, "引导": 1, "进展厅": 1, "走过": 2, "这是": 8, "川普": 3, "承载": 1, "150多": 1, "画家": 2, "困难": 6, "着落": 1, "经济": 6, "画画": 2, "休息": 3, "戏称": 1, "条": 5, "克里姆林宫": 1, "漂亮": 2, "总统": 6, "亲自": 1, "在任": 2, "退休": 2, "热烈": 1, "卡特": 1, "多年": 4, "议员": 1, "高官": 1, "……": 2, "访问": 3, "热情": 1, "接待": 2, "毕竟": 2, "创新型": 1, "聊聊": 2, "上任": 1, "奥巴马": 3, "也就是说": 1, "担任": 1, "之间": 5, "长期": 3, "创业": 4, "不眠": 1, "硅谷": 9, "铭刻": 1, "全体": 2, "努力": 6, "车库": 2, "那时候": 2, "城中村": 1, "农民房": 1, "一步步": 1, "历史": 7, "榜样": 1, "二十": 2, "几十": 1, "咨询": 2, "顾问": 2, "组织": 4, "结构": 3, "流淌": 1, "美式": 1, "财务": 3, "审计": 1, "十几": 3, "KPMG": 2, "状况": 3, "十多": 1, "底稿": 1, "知晓华": 1, "真实": 2, "困难重重": 1, "习惯": 1, "带给": 1, "激励": 1, "逼迫": 1, "惰怠": 1, "就要": 2, "划船": 2, "收入": 1, "划": 1, "利润": 4, "划高": 1, "年底": 1, "公布": 3, "担忧": 1, "打压": 1, "冲突": 1, "3": 1, "解释": 2, "敌意": 1, "态度": 2, "事情": 5, "缺乏": 1, "成立": 2, "亚马逊": 1, "Facebook": 1, "厉害": 1, "保守": 2, "成长": 5, "商业": 6, "模式": 4, "兼容": 1, "世界级": 2, "眼界": 1, "低": 3, "山沟沟": 1, "见过世面": 1, "天之骄子": 1, "速度": 3, "至今": 2, "为止": 1, "卖": 5, "4": 1, "遍及": 2, "地区": 3, "您们": 1, "大部分": 3, "电信": 10, "提供商": 1, "感受": 1, "科技": 7, "昨天": 1, "发表": 1, "篇": 4, "文章": 1, "讲": 6, "一百": 1, "发明": 2, "多么": 1, "罗斯部长": 1, "赌博": 1, "成份": 1, "选高": 1, "投产": 1, "土耳其": 1, "Arikan": 1, "教授": 1, "数学": 2, "论文": 1, "产业": 2, "缓慢": 1, "发射": 1, "肯定": 3, "创造": 2, "相控": 1, "传送": 2, "体积": 2, "传输": 1, "实用化": 1, "普及": 1, "棒": 1, "Dan": 6, "Strumpf": 6, "一家": 10, "介绍": 2, "进展": 1, "有没有": 3, "表现": 2, "兴趣": 3, "聘请": 1, "投资": 7, "银行": 3, "中介": 2, "机构": 3, "帮忙": 1, "出售": 1, "这项": 3, "真心诚意": 1, "玩": 1, "花招": 1, "希望": 6, "强大": 3, "构筑": 1, "三角": 1, "平衡": 1, "缺失": 1, "麻烦": 2, "真心": 1, "诚意": 1, "并肩": 1, "跑": 2, "动机": 1, "目的": 2, "跃": 1, "行业": 7, "跨越式": 1, "跳": 2, "路": 1, "从头": 1, "漫长": 1, "最多": 1, "钱": 16, "没钱": 1, "开发": 1, "基础": 5, "科学技术": 1, "和平": 1, "接触": 7, "需求": 2, "找": 6, "交易": 2, "打电话": 1, "害怕": 2, "嫌疑": 2, "对此": 1, "公认": 1, "先进": 3, "至少": 1, "感": 1, "担心": 1, "政治": 6, "怀疑": 2, "或者是": 1, "主动": 1, "禁止": 3, "6": 2, "历程": 1, "盗窃": 1, "指控": 5, "思科": 1, "CNEX": 1, "报道": 5, "窃取": 1, "事实": 3, "遭受": 1, "从来": 2, "尊重": 1, "第三方": 1, "知识": 4, "产权": 1, "交": 1, "产权费": 3, "交给": 1, "收": 2, "14亿": 1, "美元": 6, "专利费": 1, "付出": 1, "60多亿": 1, "科研": 6, "经费": 1, "投入": 4, "150-200亿": 1, "将近": 1, "八": 1, "九万": 1, "偷来": 1, "好人": 1, "蒙受": 1, "指责": 2, "法庭": 2, "判决": 1, "7": 1, "Eva": 13, "Dou": 13, "段": 4, "老家": 1, "贵州": 4, "小时候": 3, "背景": 4, "父母": 1, "山东": 5, "济南人": 1, "济南": 7, "趵突泉": 1, "地方": 4, "闭塞": 2, "顽皮": 1, "天性": 1, "压抑": 1, "那种": 2, "后半生": 1, "抱负": 1, "大学": 3, "图书馆": 1, "如饥似渴": 1, "阅读": 1, "人生": 1, "家庭": 1, "条件": 2, "前途": 2, "悲观": 1, "不错": 2, "年代": 8, "末": 1, "部队": 8, "当年": 3, "郊区": 1, "窑头": 2, "师范": 2, "学院": 2, "算": 3, "半": 1, "老乡": 1, "我家": 1, "参加": 5, "写": 3, "研究": 6, "字": 2, "1979年": 1, "1984年": 1, "00229": 1, "简历": 1, "太": 6, "前期": 1, "1944年": 1, "出生": 1, "跳去": 1, "辽阳化": 1, "纤厂": 2, "建设": 3, "搞": 6, "十大": 2, "工程": 3, "奉命": 1, "调去": 1, "仪征化": 1, "队伍": 1, "调遣": 1, "过程": 2, "下马": 2, "停留": 1, "据说": 1, "有人": 5, "批评": 1, "洋": 1, "跃进": 1, "留": 1, "二十多": 1, "研究所": 2, "副所长": 1, "机械": 1, "好像": 2, "天平": 1, "辽阳": 2, "方法": 1, "推导": 1, "仪器": 1, "用于": 1, "化工": 1, "自动": 3, "延伸": 1, "实验": 1, "名人": 1, "英雄": 1, "标杆": 1, "无关": 2, "年轻": 1, "气盛": 1, "表扬": 2, "天高地厚": 1, "提出": 1, "难以": 1, "目标": 2, "梦想": 1, "日夜": 1, "加班": 1, "正好": 1, "大裁军": 2, "裁掉": 1, "项目": 7, "离开": 3, "实际上": 1, "没用": 1, "计算机": 2, "内存": 1, "16K": 1, "方程": 1, "不了了之": 1, "青春": 1, "虚度": 1, "老爸": 1, "读书": 1, "往上": 1, "驻地": 1, "小孩": 3, "读": 1, "小学": 2, "马家沟": 1, "011": 2, "工地": 1, "承建": 1, "厂房": 1, "工程师": 2, "技术员": 2, "大学生": 1, "臭老九": 1, "改造": 1, "工人": 5, "农民": 1, "教育": 3, "炊事员": 2, "74": 1, "东北": 4, "粉碎": 1, "四人帮": 1, "当上": 1, "越南": 2, "打仗": 1, "建": 2, "军队": 3, "纯粹": 1, "农民工": 1, "化纤": 1, "总厂": 1, "系统工程": 1, "模拟": 1, "比例": 1, "积分": 1, "微分": 1, "自学": 1, "懂": 2, "半坛子水": 1, "深圳": 5, "8": 3, "刚才": 4, "浪费": 1, "创立": 4, "找到": 1, "投资者": 1, "这家": 2, "弃儿": 1, "体制": 1, "翻天覆地": 1, "变化": 3, "转折": 1, "每月": 1, "工资": 2, "200多": 2, "元": 12, "团职": 1, "挺": 1, "荣耀": 1, "打工妹": 1, "500多": 1, "转业费": 2, "发给": 1, "待遇": 3, "发": 1, "1800多": 1, "夫妻": 1, "总共": 2, "领": 1, "3000多": 1, "国有": 3, "明白": 1, "经营": 1, "做错": 1, "了事": 1, "出国": 2, "干": 6, "家里人": 1, "留下": 1, "刚好": 2, "深圳市": 1, "1987年": 1, "文件": 2, "87": 1, "18": 2, "文": 1, "创办": 1, "民营": 2, "冒险": 1, "2万": 1, "人民币": 1, "资本": 1, "股东": 1, "集资": 2, "2万1千": 1, "退出": 2, "打官司": 1, "退": 1, "拿走": 1, "股份": 2, "分给": 1, "持股": 1, "散": 2, "房地产": 2, "傻": 2, "苦": 1, "累": 1, "赚钱": 1, "退股": 1, "判决书": 1, "档案室": 1, "原始": 1, "档案": 1, "投资人": 1, "股权室": 1, "名字": 3, "多样化": 1, "熟人": 1, "股权": 1, "未来": 11, "想象": 5, "凑够": 1, "筹够": 1, "班": 1, "分家": 1, "上班": 1, "风雨飘摇": 1, "蜡烛": 1, "火": 1, "摇摇晃晃": 1, "快要": 1, "熄灭": 1, "感觉": 1, "天天": 1, "处在": 1, "挣扎": 1, "状态": 2, "信心": 4, "退路": 1, "傻傻": 1, "跟着": 2, "抱成一团": 1, "投机": 1, "9": 1, "轴": 1, "往后": 1, "1992年": 2, "此行": 1, "纽约": 1, "行程": 3, "学到": 1, "波士顿": 1, "电源": 6, "模块": 2, "CP": 1, "考察": 1, "买": 6, "好奇": 1, "消费": 2, "带": 3, "现金": 2, "信用卡": 1, "便宜": 3, "理解": 1, "最初": 1, "吵": 1, "嫌": 1, "装": 3, "口袋": 1, "花": 2, "乘坐": 1, "灰狗": 3, "巴士": 4, "天下": 1, "高速": 1, "公路": 1, "飞驰": 1, "车": 3, "火车": 1, "别人": 1, "物": 1, "中国人": 1, "喊": 1, "外国人": 1, "莫名其妙": 1, "出租车": 3, "司机": 4, "圣塔克拉拉": 1, "好不容易": 1, "钟培峰": 1, "办法": 1, "交流": 2, "还要": 3, "震惊": 1, "租": 1, "穿过": 1, "IBM": 5, "存储器": 1, "厂": 1, "转弯": 1, "直走": 1, "打表": 1, "里程": 1, "直径": 1, "公里": 1, "迷路": 1, "兜": 1, "感慨": 2, "工厂": 1, "爱": 1, "两回事": 1, "早些时候": 1, "称": 1, "非洲": 3, "监视": 1, "对手": 2, "智慧": 1, "城市": 1, "评价": 1, "当地": 2, "作何": 1, "回应": 1, "这不": 1, "承担": 1, "律师函": 1, "报纸": 1, "反思": 1, "来源": 1, "回": 1, "11": 1, "奔放": 1, "安份": 1, "年轻人": 1, "疯狂": 1, "好大喜功": 1, "太太": 2, "一丘之貉": 1, "舒服": 1, "家人": 1, "米兰": 1, "HBO": 1, "电视剧": 2, "西班牙": 3, "国王": 1, "Calvin": 1, "Coolidge": 1, "跨洋": 1, "通话": 1, "监控": 3, "敌人": 1, "难道": 3, "运营": 1, "汽车": 7, "制造厂": 2, "卖给": 3, "货物": 2, "汽车厂": 1, "运营商": 7, "裸": 1, "网络": 5, "运作": 1, "管道": 2, "疏通": 1, "信息流": 1, "外面": 1, "铁皮": 3, "12": 1, "敏感": 1, "十几万": 2, "大型": 1, "参与": 1, "活动": 2, "当中": 2, "内外": 1, "合规": 1, "监管": 1, "道德": 1, "遵从": 1, "委员会": 1, "管住": 1, "符合": 1, "违规": 1, "严处": 1, "13": 1, "亚洲": 1, "编辑": 1, "Neil": 4, "Western": 4, "资金": 1, "增加": 1, "斯诺登": 1, "安全局": 1, "利用": 1, "窃听": 1, "角度": 1, "预防": 1, "力量": 1, "购买": 2, "遵守": 1, "GDPR": 1, "隐私": 1, "保护": 2, "商品": 1, "环": 2, "轮子": 1, "名牌": 1, "贵": 1, "保障": 1, "卖好": 1, "客户": 2, "手里": 1, "主权": 1, "卡车": 1, "14": 1, "面向": 1, "五角大楼": 1, "前线": 1, "升官": 1, "很快": 1, "艰苦": 1, "奋斗": 1, "价值": 2, "广州": 2, "倍": 2, "15": 1, "难度": 1, "类比": 1, "失败": 1, "命运": 1, "身上": 2, "股市": 1, "民航机": 2, "保镖": 1, "脑袋": 2, "垮": 1, "傀儡": 1, "变革": 4, "杀": 1, "掉": 1, "年内": 1, "数百": 1, "专家": 1, "走成": 1, "奠定": 1, "反而": 2, "基层": 2, "服务员": 1, "瓶": 3, "可乐": 2, "乐来": 1, "支撑": 1, "只得": 1, "掏钱": 1, "虚位": 1, "赋予": 1, "循环": 1, "都会": 2, "挑起": 1, "担子": 2, "倒": 1, "稳定": 2, "后继者": 1, "改回": 1, "16": 1, "分社": 1, "社长": 1, "郑子扬": 1, "调整": 1, "听说": 1, "女儿": 6, "被捕": 3, "逮捕": 1, "显得": 1, "无情": 1, "通货膨胀": 2, "拉美": 1, "地区部": 1, "前任": 1, "总裁": 1, "调回": 1, "接替": 1, "更换": 1, "名称": 1, "关闭": 2, "授予": 1, "决策权": 1, "分配权": 1, "焕发": 1, "积极性": 1, "前所未有": 1, "外部": 1, "做出": 1, "证明": 2, "推行": 1, "明年": 3, "规模化": 1, "铺开": 1, "提高": 4, "效率": 2, "大规模": 2, "裁员": 2, "签发": 1, "战略": 2, "预备队": 2, "预设": 1, "1万": 1, "编制": 1, "10亿": 1, "预算": 1, "辞职": 1, "走人": 1, "回到": 1, "考试": 1, "合格": 1, "往前": 2, "派": 1, "以此": 1, "保证": 1, "平稳": 1, "过渡": 1, "过度": 1, "17": 1, "地点": 2, "选": 1, "G20": 2, "峰会": 2, "毫无": 1, "订": 1, "房": 1, "天气": 1, "错后": 1, "偏避": 1, "风景区": 1, "小小": 1, "酒店": 2, "温哥华": 1, "风险": 3, "其他人": 1, "迪拜": 2, "转机": 1, "开放": 2, "CFO": 1, "加拿大": 1, "想法": 2, "痛苦": 1, "悲伤": 1, "孟晚舟": 2, "生日": 1, "那天": 1, "封": 1, "署名": 1, "猪儿": 1, "贪吃": 1, "胖乎乎": 1, "猪": 6, "毛茸茸": 1, "玩具": 1, "称为": 1, "猪爸": 1, "猪妈": 1, "联想": 1, "巧合": 1, "贸易战": 1, "紧密": 1, "习近平": 1, "主席": 1, "首席": 1, "谈判": 5, "刘": 1, "鹤": 1, "沟通": 1, "讨论": 2, "贸易": 4, "关税": 1, "加到": 1, "1000%": 1, "关心": 1, "筹码": 3, "抓错": 1, "19": 1, "作证": 1, "亲耳": 1, "听到": 2, "公平": 1, "的确": 1, "新闻": 1, "供应链": 1, "脱钩": 1, "脱离": 1, "坚定不移": 1, "理想": 1, "基站": 1, "接入": 1, "核心网": 1, "零件": 2, "版本": 1, "欧美": 1, "请问": 1, "子公司": 1, "莫贝克": 3, "省市": 1, "电信局": 2, "踢": 1, "设有": 1, "边缘化": 1, "金融": 2, "80": 1, "末期": 1, "泡沫": 1, "1993年": 1, "刹车": 1, "贷款": 2, "到期": 1, "强制": 1, "回去": 1, "单独": 1, "卖掉": 1, "挣": 1, "三产": 1, "第三产业": 1, "劳动": 2, "所有制": 1, "特定": 1, "时期": 1, "怪胎": 1, "多余": 1, "7.5亿": 1, "艾默生": 1, "散伙": 1, "挑": 1, "21": 1, "职业": 1, "生涯": 1, "部署": 1, "加快": 1, "展望": 1, "革命性": 1, "社会": 3, "样子": 2, "年前": 1, "上网": 2, "乔布斯": 1, "发达": 1, "无线": 1, "窗": 1, "人工": 6, "生产线": 1, "很少": 2, "少量": 1, "环节": 1, "生产": 9, "引进": 1, "数学家": 1, "博士": 1, "工艺": 2, "质量": 1, "调度": 1, "一系列": 1, "24": 1, "排": 1, "机器人": 1, "排队": 1, "指定": 3, "物料": 1, "送到": 1, "连续": 1, "规模": 1, "工业": 1, "若果": 1, "回归": 1, "寻找": 1, "劳动力": 1, "成本": 1, "听": 1, "逻辑": 1, "AI代替": 1, "技能": 1, "人才": 1, "驾驭": 1, "团队": 1, "招待": 1, "口译员": 1, "手": 2, "抽筋": 1, "身体": 1, "健康": 1, "随时": 1, "曝": 2, "黑科技": 2, "暗指P40": 2, "首发": 5, "迎来史": 2, "巅峰": 5, "业界": 1, "呼声": 1, "下一代": 1, "旗舰": 3, "爆料": 2, "网友们": 3, "寄托": 1, "不负众望": 1, "前不久": 2, "mate30": 1, "系念": 1, "mateX": 1, "象征性": 1, "侧面": 1, "彰显": 1, "强悍": 1, "创新力": 1, "突飞猛进": 1, "赞叹不已": 1, "格外": 1, "期待": 2, "华为p40": 6, "系列": 6, "消息": 4, "层出不穷": 1, "万众": 1, "关注": 1, "焦点": 1, "众所周知": 1, "造诣": 1, "延续": 1, "意外": 2, "功能": 1, "极为": 2, "小米": 17, "CC9Pro": 1, "1.08亿": 1, "传感器": 1, "整体": 2, "出乎意料": 1, "细节": 1, "画质": 1, "不足为奇": 1, "到达": 1, "再次": 3, "引领": 2, "霸主": 1, "众矢之的": 1, "毋庸置疑": 1, "麒麟990": 1, "内部": 1, "方舟": 1, "编译器": 1, "EMUI10": 1, "流畅度": 1, "畅快": 1, "淋漓": 1, "体验": 1, "曝光": 1, "研制": 2, "石墨烯": 3, "小巧": 1, "锂": 1, "1000": 1, "秒": 1, "满血": 1, "简直": 1, "尚未": 1, "40": 1, "期盼": 1, "或许": 2, "繁琐": 1, "花费": 1, "人力": 1, "物力": 1, "想要": 1, "量产": 2, "推向": 1, "卖点": 1, "四曲面": 1, "屏幕": 1, "2k": 1, "分辨率": 1, "足以": 1, "不再": 2, "低调": 1, "待定": 1, "之中": 1, "短期": 1, "之内": 1, "可能性": 1, "拭目以待": 1, "评论区": 1, "互动": 1, "竖起": 1, "大拇指": 1, "知名": 1, "飞快": 1, "有目共睹": 2, "口中": 1, "骄傲": 1, "面世": 1, "商用": 1, "数量": 2, "刷新": 1, "前段": 1, "最新": 1, "数据": 1, "眼中": 1, "认可": 1, "程度": 1, "王者": 1, "诺基亚": 3, "爱立信": 2, "75": 1, "随后": 2, "曝出": 1, "行贿": 1, "丑闻": 1, "排列": 1, "不尽人意": 1, "早": 1, "十一月份": 1, "国际": 1, "进口": 1, "博览会": 1, "三大": 1, "通信商": 1, "伙伴": 2, "芬兰": 1, "巨头": 1, "合作方": 1, "签署": 1, "157亿": 2, "订单": 5, "金额": 1, "落败": 2, "不服": 1, "涉及": 1, "交换": 1, "进来": 1, "才能": 2, "可持续性": 1, "此次": 1, "丢": 1, "情有可原": 1, "报告": 1, "诧异": 1, "近日": 1, "100G": 1, "DWDM/OTN": 1, "候选人": 5, "名单": 3, "烽火": 6, "中兴": 2, "榜单": 1, "中华": 1, "2017年": 1, "位列": 1, "位置": 1, "败给": 1, "策略": 2, "优先": 1, "导致": 1, "竞标": 2, "拔得头筹": 1, "失利": 1, "不起眼": 1, "大错特错": 1, "老牌": 1, "1999年": 1, "拿下": 1, "接连": 1, "无伤大雅": 1, "蒸蒸日上": 1, "走出": 1, "国门": 1, "优秀": 1, "长远": 1, "看好": 1, "前景": 1, "处于": 1, "被动": 1, "起步": 1, "晚": 1, "芯": 5, "迫切": 1, "方向": 1, "近年来": 1, "辉煌": 1, "VIVO": 1, "近段": 1, "低价": 3, "误国": 1, "登上": 1, "热搜榜": 1, "压": 1, "花钱": 1, "笔": 1, "费用": 1, "一味": 1, "刺激": 1, "赔钱": 1, "死磕": 1, "到时候": 1, "两败俱伤": 1, "眼里": 1, "国产": 2, "象征": 1, "自研": 1, "麒麟": 1, "高端": 1, "运行": 1, "一较高下": 1, "发布会": 1, "当作": 1, "一战": 1, "崛起": 1, "重拳": 2, "出击": 1, "砸": 1, "100亿": 2, "多事之秋": 1, "一蹶不振": 1, "记": 1, "28日": 1, "日子": 2, "怒砸": 1, "国人": 1, "沸腾": 1, "楼": 1, "占地": 1, "面积": 1, "分为": 1, "宿舍": 1, "会议室": 1, "3万": 1, "名": 1, "办公": 1, "物联网": 2, "主流": 1, "设立": 1, "踏入": 1, "一流": 1, "打造": 1, "野心": 2, "一句话": 1, "烙印": 1, "尖端": 1, "心中": 1, "缺芯": 1, "魂": 1, "弱项": 1, "手中": 2, "英特尔": 1, "AMD": 1, "组装厂": 1, "放": 1, "在一起": 1, "溢价": 1, "8成": 1, "逼": 1, "定价": 1, "路线": 1, "3000": 1, "以内": 1, "米粉": 1, "实在": 1, "香": 1, "算是": 1, "极端": 1, "买单": 1, "强劲": 1, "赢得": 1, "喜爱": 1, "宽裕": 1, "谋福": 2, "勇于": 1, "请": 1, "辩证": 1, "看待": 1, "错": 1}