{"新华社": 1, "基辅": 3, "11月": 2, "27日": 2, "电": 1, "记者": 2, "李东旭": 1, "华为": 26, "欧洲区": 1, "总裁": 1, "李健": 1, "26日": 1, "乌克兰": 11, "首都": 2, "举办": 1, "数字化": 4, "转型": 2, "论坛": 1, "宽带": 4, "发展": 4, "确保": 1, "数字": 1, "经济": 1, "增长": 1, "前提": 1, "发挥": 1, "优势": 1, "乌政府": 1, "政务云": 1, "技术": 2, "领域": 1, "合作": 1, "李": 2, "健说": 2, "三年": 1, "运营商": 1, "2G": 1, "4G": 2, "跨越式": 1, "发布": 2, "2019": 1, "全球": 1, "联接": 1, "指数": 1, "排名": 1, "去年": 1, "提升": 3, "四": 1, "2015年": 2, "2019年": 1, "用户": 2, "渗透率": 1, "8%": 1, "提高": 2, "65%": 1, "普及率": 1, "改善": 1, "农村": 1, "地区": 1, "覆盖率": 1, "依然": 1, "潜力": 1, "分享": 1, "经验": 1, "国家": 2, "政策": 3, "优先": 1, "方向": 1, "为此": 1, "政府": 1, "成立": 1, "转型部": 1, "负责": 1, "制订": 1, "实施": 1, "8月": 1, "分公司": 1, "发表": 1, "公报": 1, "中标": 1, "地铁": 1, "网络": 2, "建设": 2, "项目": 7, "责任": 1, "编辑": 1, "：": 5, "徐": 1, "海知": 1, "来源": 1, "中证网": 1, "标题": 1, "子公司": 3, "底价": 2, "拍": 1, "12万": 2, "平商": 1, "住地": 1, "人才": 4, "房": 4, "售价": 2, "高于": 3, "10050": 2, "元": 6, "/": 3, "㎡作者": 1, "张玉洁": 2, "中证": 1, "网讯": 1, "广东省": 1, "东莞市": 1, "网上": 1, "交易": 2, "方式": 1, "成功": 2, "挂牌": 1, "出让": 3, "松山湖": 6, "宗": 2, "平方米": 3, "商住": 1, "用地": 1, "东莞": 7, "绿苑": 3, "实业": 3, "投资": 2, "有限": 2, "公司": 2, "简称": 1, "84490万": 2, "摘得": 1, "天眼": 1, "查": 1, "信息": 2, "显示": 3, "控股": 1, "全资": 2, "相关": 1, "规划": 1, "这块": 1, "用作": 1, "园区": 4, "重点": 2, "高端": 3, "企业": 5, "精装修": 1, "只能": 1, "内": 1, "流转": 2, "资料": 2, "地块": 5, "编号": 1, "2019WG045": 1, "位于": 1, "富通": 1, "路南": 1, "、": 4, "基隆": 1, "路东": 1, "面积": 2, "125336.09": 1, "平米": 1, "始价": 1, "建筑": 1, "密度": 1, "≤": 1, "30%": 1, "条件": 1, "颇": 1, "高新": 1, "定制": 1, "设定": 1, "销售": 3, "房价": 1, "10500": 1, "住宅": 1, "带": 1, "装修": 1, "；": 2, "用于": 1, "总部": 3, "配套": 1, "对象": 2, "高新技术": 1, "产业": 1, "开发区": 1, "管理": 1, "委员会": 1, "统筹": 1, "安排": 1, "房屋": 2, "购买人": 1, "限于": 1, "入职": 1, "竞": 1, "工作": 1, "驻地": 1, "1": 1, "第一": 2, "学历": 1, "全日制": 1, "本科": 1, "员工": 1, "年限": 1, "设限": 1, "宗地": 1, "竣工": 1, "备案": 1, "5": 4, "年内": 2, "含": 2, "申请": 1, "房地产": 1, "建": 1, "楼盘表": 1, "购买": 1, "商品房": 1, "转移": 1, "登记": 2, "手房": 1, "2屋": 1, "转让": 1, "出租": 1, "期满": 1, "所有权": 1, "内部": 1, "公开": 1, "拿下": 1, "24": 1, "官方": 1, "披露": 1, "终端": 2, "占地": 1, "1900": 1, "亩": 2, "126.6万": 1, "㎡": 2, "深圳": 1, "土地": 1, "总面积": 1, "2460": 1, "164万": 1, "相差": 1, "不大": 1, "预计": 1, "完工": 1, "数万": 1, "研发": 1, "人员": 1, "基地": 1, "办公": 1, "增加": 1, "资金": 1, "投入": 1, "创新": 1, "实力": 1, "国内": 1, "智能": 1, "手机": 3, "品牌": 5, "小米": 2, "OPPO": 1, "友商": 1, "学习": 1, "榜样": 1, "苹果": 3, "三星": 1, "巨头": 1, "轻易": 1, "忽视": 1, "强敌": 1, "展示": 1, "魅力": 1, "市场": 3, "站稳": 1, "阵脚": 1, "成绩": 1, "确实": 1, "值得": 1, "肯定": 1, "竞争": 2, "太": 2, "激烈": 1, "产品": 2, "处境": 1, "挺": 3, "难堪": 1, "网友": 1, "提问": 1, "捧": 1, "上天": 2, "P30Pro": 10, "火": 2, "说起": 1, "大部分": 1, "都": 4, "陌生": 1, "三月份": 1, "登场": 2, "超级": 1, "旗舰": 2, "无论是": 1, "硬件": 1, "外观": 1, "打磨": 1, "到位": 1, "拥有": 2, "徕卡": 1, "认证": 1, "三": 2, "摄模组": 1, "得益": 1, "先进": 1, "算法": 1, "调教": 1, "白天": 1, "光线": 1, "充足": 1, "情况": 3, "物体": 1, "色彩": 1, "精准": 1, "还原": 1, "弱光": 1, "成像": 1, "照片": 1, "观感": 1, "挑剔": 1, "地方": 1, "达芬奇": 1, "独立": 1, "NPU": 1, "神经元": 1, "成片": 1, "驱动": 1, "速度": 1, "妥妥": 1, "4200": 1, "毫安": 1, "电池": 1, "40": 1, "W快": 1, "符合": 1, "长续航": 1, "标准": 1, "搭载": 1, "麒麟980": 1, "处理器": 1, "EMUI10": 1, "系统": 1, "强大": 1, "协同": 1, "能力": 2, "日常": 1, "程序": 1, "压力": 2, "体验": 2, "王者": 1, "荣耀": 2, "和平": 1, "精英": 1, "主流": 2, "游戏": 1, "帧率": 1, "稳定性": 1, "杠杠": 1, "6.39": 1, "英寸": 1, "全视": 1, "觉曲": 1, "面屏": 1, "配合": 1, "铝中框": 1, "紧密": 1, "贴合": 1, "带来": 1, "震撼": 1, "视觉": 1, "效果": 1, "舒适": 1, "握持感": 1, "参数": 1, "层面": 1, "分析": 1, "综合": 1, "素质": 1, "给力": 1, "称": 1, "款": 1, "出色": 1, "国产": 2, "回到": 1, "开头": 1, "吹": 1, "卖": 3, "咨询": 1, "维修": 1, "师傅": 1, "给出": 1, "原因": 1, "说到": 1, "心坎": 1, "中国": 1, "庞大": 1, "群体": 1, "溢价": 1, "提供": 1, "保障": 1, "早期": 1, "5388": 1, "便宜": 1, "花粉": 1, "疯抢": 1, "那时候": 1, "匹敌": 1, "竞品": 1, "如今": 2, "CC9ro": 1, "魅族": 1, "16sPro": 1, "性价比": 2, "碾压": 1, "差": 1, "这样的话": 1, "地位": 1, "取代": 1, "人气": 1, "流失": 1, "意料": 1, "之中": 1, "众所周知": 1, "发力": 1, "5G": 2, "领头羊": 1, "例外": 1, "Mate30": 1, "(": 1, ")": 1, "系列": 2, "持续": 1, "热销": 1, "V30": 1, "强势": 1, "支持": 1, "SA": 1, "NSA": 1, "不得不": 1, "加速": 1, "退场": 1, "消费者": 1, "选择": 1, "再见": 1, "等待": 1, "即将": 1, "P40": 1, "！": 1, "提华": 1, "段": 1, "时间": 1, "库克": 1, "iPhoneXR": 1, "iPhone11": 1, "降维": 1, "打击": 1, "号召力": 2, "仅仅": 1, "情怀": 1, "硬": 1, "才": 1, "王道": 1, "笔者": 1, "引领": 1, "高端机": 1, "趋势": 1, "功不可没": 1, "白炽化": 1, "当下": 1, "缺乏": 1, "元素": 1, "慢慢": 1, "理解": 1}