{"近日": 1, "外媒": 2, "Digital": 1, "ChatStaion": 1, "爆料": 2, "消息": 4, "称": 8, "：": 31, "华为": 155, "Mate30": 7, "系列": 18, "全系": 1, "采用": 3, "三星": 1, "顶级": 4, "AMOLED": 1, "显示屏": 1, "款": 17, "屏幕": 12, "支持": 4, "90Hz": 1, "刷新率": 2, "160": 1, "Hz": 4, "采样率": 1, "硬件": 4, "配置": 2, "配备": 6, "麒麟": 8, "990": 1, "处理器": 16, "巴龙": 2, "5000": 2, "5G": 25, "基带": 6, "UFS3.0": 2, "闪存": 2, "技术": 25, "45": 2, "W快": 2, "整体": 1, "性能": 5, "上一代": 1, "产品": 10, "拥有": 4, "提升": 12, "实际上": 1, "搭载": 9, "90": 7, "高帧率": 1, "手机": 22, "即将": 2, "到来": 2, "10月": 4, "10日": 1, "发布": 22, "OPPO": 11, "Reno": 11, "Ace": 11, "全新": 2, "副总裁": 1, "沈义人": 1, "标配": 2, "Hz刷新率": 4, "都": 15, "日常": 2, "体验": 3, "提高": 4, "60Hz": 1, "传统": 1, "旗舰机": 1, "用户": 2, "带来": 4, "流畅": 1, "、": 74, "丝滑": 1, "般的": 1, "画面": 3, "显示": 4, "视觉": 2, "全球": 9, "快": 8, "商用": 2, "闪充": 6, "—": 1, "65": 1, "W": 1, "SuperVOOC": 1, "2.0": 2, "超级": 6, "相比较": 1, "65W": 3, "更为": 1, "强悍": 2, "实验室": 1, "给出": 2, "数据": 19, "VOOC3.0": 1, "快充": 1, "30": 1, "分钟": 2, "内": 5, "4000": 2, "mAh": 1, "电池": 4, "容量": 2, "充到": 2, "100%": 2, "充边": 1, "玩": 1, "情况": 3, "20%": 1, "32": 1, "即可": 2, "试想": 1, "出门": 1, "旅行": 1, "电": 2, "顿": 1, "饭": 1, "时间": 8, "满血": 1, "复活": 1, "场景": 8, "可想而知": 2, "充电": 2, "速度": 5, "表现": 2, "到底": 1, "官方": 2, "推出": 10, "Super": 1, "VOOC": 1, "电芯": 3, "串联": 2, "低压": 1, "直充": 3, "10V": 1, "6.5A": 2, "电流": 2, "结构": 6, "5V": 1, "充电快": 1, "发热": 1, "据说": 1, "骁龙": 3, "855": 3, "Plus": 1, "高通": 8, "骁龙5G": 1, "芯片": 59, "独有": 1, "Hyper": 1, "Boost": 1, "加速": 2, "引擎": 3, "想必": 1, "足够": 2, "惊喜": 1, "值得": 1, "期待": 2, "来源": 17, "金融界": 1, "网站": 2, "国泰君安": 17, "证券": 14, "刚刚": 1, "iPhone": 5, "11": 3, "很": 6, "拯救": 1, "苹果": 21, "国内": 9, "智能": 23, "市场": 7, "份额": 1, "下滑": 4, "预售": 2, "期间": 6, "暗夜": 1, "绿款": 1, "抢购一空": 1, "果粉们": 1, "拿到": 1, "真机": 1, "依然": 4, "高呼": 1, "香": 1, "9月": 8, "15日": 1, "报道": 5, "首批": 1, "订单量": 1, "预计": 3, "800万": 1, "台": 2, "去年": 1, "机型": 3, "上市": 8, "至少": 2, "减少": 2, "10％": 3, "缺乏": 1, "创新": 3, "元素": 1, "功能": 4, "现实": 1, "产业链": 23, "未来": 16, "前景": 2, "蒙上": 1, "层": 1, "阴影": 1, "风水轮流转": 1, "4G": 3, "时代": 5, "万亿": 1, "美元": 2, "市值": 2, "孕育": 2, "飞黄腾达": 1, "仅仅": 1, "A股": 4, "数十": 1, "公司": 28, "倍": 4, "大牛股": 1, "展望": 1, "总量": 3, "团队": 3, "为首": 1, "自主": 6, "品牌": 1, "供应链": 10, "迎来": 3, "同等": 2, "体量": 2, "黄金": 4, "投资期": 2, "复盘": 3, "投资": 14, "机会": 5, "报告": 1, "针对": 10, "140余": 1, "供应商": 26, "信息": 1, "比对": 1, "发展": 7, "过程": 2, "一个": 10, "环节": 2, "细分": 2, "领域": 17, "试图": 1, "从中": 1, "挖掘": 3, "确定性": 1, "黄金十年": 1, "2007年": 1, "1月": 2, "9日": 1, "举办": 1, "第一": 4, "发布会": 2, "触摸屏": 1, "+": 1, "Home键": 1, "设计": 12, "惊艳": 1, "尚未": 1, "风靡": 1, "当年": 1, "百万": 1, "级别": 1, "销量": 1, "2010年": 4, "iPhone4": 1, "火爆": 1, "行情": 2, "才": 4, "正式": 4, "拉开": 1, "长": 4, "10年": 1, "2017年": 2, "末": 1, "上证": 1, "综指": 1, "涨幅": 12, "59％": 1, "指数": 5, "1079％": 1, "18": 1, "段": 5, "毫无疑问": 1, "主题": 1, "一批": 1, "业绩": 9, "亮眼": 1, "飞涨": 1, "明星": 1, "远": 2, "超": 1, "大盘": 1, "Wind": 7, "研究": 15, "半导体": 2, "器件": 4, "长电": 1, "科技": 9, "股价": 10, "2008年": 4, "11月": 2, "7日": 1, "到达": 3, "底部": 2, "上涨": 5, "2015年": 4, "6月": 2, "5日": 2, "历史": 3, "最高点": 3, "走出": 4, "1485％": 1, "▼长": 1, "受益": 2, "封测": 1, "龙头": 1, "地位": 2, "方框": 4, "区间": 4, "时长": 5, "股票": 4, "制造": 3, "声学": 1, "歌尔": 2, "股份": 3, "17日": 1, "14日": 1, "三": 7, "3149％": 1, "走势": 2, "变动": 1, "关联度": 1, "顺络": 3, "电子": 5, "28日": 1, "见底": 1, "2235％": 1, "盈利": 1, "能力": 8, "稳步": 1, "支撑": 2, "连接器": 2, "立讯": 3, "精密": 3, "2019年": 4, "7月": 1, "1713％": 1, "概念股": 2, "穿越": 1, "牛熊": 1, "典型": 2, "路径": 2, "相关": 5, "概念": 3, "标的": 8, "大致": 2, "分为": 4, "阶段": 9, "中下": 3, "2011年": 1, "中上": 1, "；": 13, "2012年": 1, "2017年底": 1, "经典": 3, "晚": 1, "意义": 1, "不大": 1, "平均": 2, "24.3": 1, "36.6": 1, "24.6": 1, "783％": 1, "694％": 1, "183％": 1, "行业": 7, "普涨": 1, "对象": 1, "估值": 1, "推动": 1, "稀缺度": 1, "相关度": 2, "因素": 1, "资金": 5, "吸引": 1, "程度": 2, "大部分": 2, "均": 3, "5": 2, "第二": 3, "基本面": 1, "赛道": 1, "短期": 1, "天花板": 1, "压制": 1, "脱颖而出": 1, "面板": 1, "莱宝": 1, "高科": 1, "单一": 1, "客户": 3, "依赖度": 1, "壁垒": 1, "低": 1, "上下游": 1, "挤压": 1, "致命": 1, "接连": 1, "暴露": 1, "导致": 1, "增长": 7, "增速": 4, "回落": 2, "大势所趋": 1, "四散": 1, "逃": 1, "垮塌": 1, "第三": 1, "景气度": 2, "下行": 2, "影响": 2, "边际": 1, "参与度": 1, "大幅": 2, "下降": 1, "个股": 2, "定价": 1, "趋于": 1, "理性": 1, "同步": 1, "持续": 3, "释放": 1, "资本": 1, "青睐": 2, "最终": 1, "走": 4, "独立": 3, "产业": 6, "稳定": 1, "赢家": 1, "三大": 4, "板块": 2, "提供": 10, "名单": 2, "年报": 1, "招股": 1, "说明书": 1, "名录": 1, "途径": 1, "整理": 1, "体系": 2, "总共": 1, "164": 1, "扣除": 1, "房地产": 1, "交运": 1, "辅助性": 1, "服务": 5, "通信": 3, "计算机": 3, "中外": 1, "供应": 2, "商供": 1, "149": 1, "软件": 4, "数量": 4, "最多": 1, "21": 1, "17": 1, "代工": 1, "晶圆": 1, "生产": 7, "14": 1, "安防": 1, "设备": 12, "装备": 1, "10": 4, "主营": 2, "业务": 31, "涉及": 1, "核心": 9, "元器件": 2, "存储器": 3, "线缆": 1, "9": 3, "据此": 1, "计算": 13, "5000亿": 1, "规模": 3, "27": 1, "收入": 6, "占比": 5, "超过": 2, "营业": 1, "判断": 1, "庞大": 2, "诸多": 1, "参与者": 1, "分到": 1, "蛋糕": 1, "一共": 1, "块": 1, "来源于": 1, "2018年": 6, "财报": 1, "消费者": 8, "3489亿": 1, "元": 6, "48％": 1, "运营商": 8, "2940亿": 1, "41％": 1, "企业": 20, "744亿": 1, "支柱": 1, "具备": 1, "基础": 3, "2011-2018年": 1, "复合": 3, "增长率": 3, "9％": 1, "35％": 1, "37％": 1, "接下来": 2, "深度": 1, "解析": 1, "潜在": 3, "受益标": 4, "92": 2, "开启": 3, "新篇章": 1, "7月份": 1, "深圳": 1, "总部": 2, "首款": 3, "Mate": 2, "X": 1, "980": 3, "芯片组": 1, "支": 1, "7纳米5G": 1, "终端": 2, "NSA": 1, "组网": 2, "SA": 1, "模式": 3, "X数据": 1, "供货商": 1, "占到": 1, "整机": 1, "组装": 1, "富士康": 1, "比亚迪": 1, "CPU": 1, "海思": 11, "指纹": 1, "识别": 2, "方案": 5, "汇顶": 1, "PCB": 2, "包括": 7, "深南": 1, "电路": 1, "沪电": 1, "很多": 2, "层面": 1, "零部件": 2, "提出": 1, "价值量": 2, "幅度": 2, "部件": 6, "替代": 3, "依赖": 3, "进口": 1, "摄像头": 2, "天线": 5, "面临": 2, "技术性": 1, "变革": 1, "屏": 2, "折叠屏": 1, "转换": 1, "电力": 1, "供给": 1, "更新": 1, "迭代": 1, "初期": 1, "空间": 4, "所需": 1, "梳理": 2, "有望": 2, "受益于": 3, "长期": 2, "快速": 1, "发掘": 1, "基站": 4, "建设": 5, "规划": 2, "进度": 1, "处于": 1, "领先": 3, "截至": 3, "2月底": 1, "头部": 1, "签定": 1, "30多": 1, "合同": 1, "4万多": 1, "世界各地": 1, "RuralStar": 1, "PoleStar": 1, "Tube": 2, "Star": 2, "Three-Star": 1, "解决": 4, "一亿": 1, "农村": 1, "人口": 1, "网络": 8, "覆盖": 2, "城市": 3, "利用率": 1, "研发": 8, "管道": 1, "集成": 3, "接近": 1, "塔站": 1, "水平": 2, "占地": 1, "面积": 1, "2020年": 1, "高峰期": 1, "爆发": 1, "投入": 5, "通讯": 2, "——": 8, "无线主": 1, "核心网": 1, "BBU": 1, "RRU": 1, "模组": 1, "振子": 1, "滤波器": 2, "射频": 2, "模块": 3, "光器件": 1, "小基站": 1, "传输": 1, "光纤": 1, "光缆": 1, "系统": 10, "IT": 1, "增值": 1, "中上游": 1, "初步": 1, "合作": 4, "意向": 2, "公布": 1, "如下表": 1, "官网": 2, "云计算": 9, "开辟": 1, "成长": 1, "云业务": 2, "分布": 1, "12": 1, "囊括": 1, "当下": 1, "重点": 1, "金融": 1, "交通": 1, "石油": 3, "天然气": 1, "教育": 1, "零售": 1, "智慧": 2, "公共": 2, "政务": 1, "政务云": 1, "之中": 2, "平台": 6, "牵头": 1, "多方": 1, "高度": 2, "定制化": 1, "伙伴": 1, "顶层": 1, "运营": 1, "蓬勃": 1, "美": 4, "贸易": 2, "摩擦": 1, "这项": 2, "高于": 1, "逐年": 1, "服务器": 6, "中心": 1, "交换机": 1, "DRAM": 1, "光模块": 1, "发现": 1, "光迅": 1, "华工": 1, "易盛": 1, "国产": 3, "此前": 1, "国外": 2, "风波": 1, "深刻": 1, "扶持": 1, "保障": 1, "必经之路": 1, "英特尔": 1, "赛灵思": 1, "博通": 1, "在内": 2, "四": 2, "美国": 14, "设计商": 1, "切断": 1, "交易": 1, "谷歌": 2, "暂停": 1, "往来": 1, "5月": 1, "不少": 2, "业内": 1, "人士": 3, "猜测": 1, "化": 1, "策略": 1, "调整": 1, "高端": 4, "基于": 6, "厂商": 5, "保证": 1, "竞争力": 2, "低端": 1, "负责": 2, "代工厂": 1, "创造": 1, "无数": 1, "股": 1, "大潮": 1, "催化": 1, "错过": 2, "如今": 1, "vivo": 2, "NEX": 2, "3": 2, "日前": 1, "亮相": 1, "机潮": 1, "上场": 1, "小米": 4, "旗舰": 13, "19号": 1, "外观": 2, "曝光": 1, "细节": 2, "旗下": 3, "旧款": 1, "自然": 1, "降价": 5, "同期": 1, "Mate20": 10, "该机": 2, "64GB": 1, "版本": 2, "市价": 1, "3999": 1, "东": 1, "旗舰店": 1, "跌": 1, "3199": 1, "称之为": 1, "清仓价": 1, "为过": 1, "性价比": 3, "笔者": 2, "劝": 1, "入手": 3, "买": 1, "相比": 2, "促销": 2, "综合": 2, "算": 1, "出色": 2, "Mate20Pro": 2, "年初": 1, "P30": 2, "P30Pro": 1, "售价": 1, "并非": 1, "魅族": 2, "OV": 1, "值": 1, "16sPro": 1, "内存": 1, "组合": 1, "6+128GB": 1, "麒麟980": 1, "工艺": 1, "制程": 1, "等同": 1, "跑分": 1, "逊色": 1, "升级": 2, "方舟": 1, "编译器": 1, "文件": 1, "GPU": 1, "Turbo": 1, "加持": 1, "应付": 1, "畅玩": 1, "大型": 1, "手游": 1, "拍照": 3, "实力": 4, "胜过": 1, "主流": 1, "近期": 2, "后置": 1, "镜头": 2, "像素": 2, "6400万": 2, "普及": 1, "摄": 1, "陆续": 2, "挑战": 2, "续航": 2, "优势": 2, "竞争": 1, "愈发": 1, "激烈": 1, "越来越": 2, "重视": 1, "全面性": 2, "单单": 1, "下半年": 1, "注重": 1, "2000多": 1, "动辄": 1, "毫安": 1, "速率": 1, "足以": 1, "碾压": 1, "年前": 1, "建议": 1, "想要": 2, "不妨": 1, "新机": 1, "挑选": 1, "想": 1, "购买": 1, "尝试": 1, "不错": 1, "文": 1, "/": 1, "谛": 1, "林": 1, "参考": 3, "消息网": 2, "18日": 3, "网": 1, "心声": 1, "社区": 1, "16日": 1, "刊载": 2, "媒体": 1, "创始人": 1, "任正非": 2, "采访": 2, "提到": 1, "昇腾": 13, "AI集群": 2, "全世界": 2, "人工": 19, "舆论": 2, "昇腾AI": 1, "集群": 6, "AI": 16, "首次": 3, "亮剑": 1, "6日": 1, "CEO": 1, "余承东": 2, "面向": 2, "最新": 2, "一代": 1, "麒麟990": 2, "8月": 2, "25日": 1, "华尔街": 1, "日报": 1, "霸主": 1, "文章": 1, "23日": 1, "披露": 1, "910": 5, "可用": 1, "推进": 2, "目标": 3, "中国": 6, "制造商": 1, "雄心": 1, "边缘": 2, "自动": 3, "驾驶": 3, "车载": 1, "训练": 7, "观点": 1, "密集": 1, "这家": 1, "前列": 1, "本身": 1, "布局": 2, "积累": 1, "体现": 1, "对此": 2, "国际": 2, "关系": 1, "研究院": 1, "研究所": 1, "学者": 1, "李峥": 1, "接受": 1, "一部分": 3, "架构": 3, "算法": 2, "力图": 1, "打造": 3, "条": 1, "路线": 2, "后者": 1, "寻求": 1, "观察": 1, "亦": 1, "加大": 2, "力度": 1, "英国": 1, "广播": 1, "加利福尼亚州": 1, "一家": 2, "初创": 1, "塞雷布拉斯": 2, "名": 4, "晶圆级": 1, "iPad": 1, "略": 2, "单块": 1, "驱动": 2, "汽车": 1, "监视": 1, "开发": 3, "2016年": 1, "张量": 1, "TPU": 1, "用以": 1, "翻译": 1, "程序": 1, "国": 1, "力量": 1, "分析": 1, "下一代": 1, "清晰": 1, "意料": 1, "算力": 4, "成本": 2, "降低": 1, "经济": 1, "价值": 1, "抓住": 1, "窗口期": 1, "加紧": 1, "资料": 1, "图片": 3, "新华社": 1, "央视": 2, "财经": 3, "2019": 2, "联接": 3, "大会": 3, "上海": 2, "世博": 1, "展览馆": 1, "开幕": 1, "重磅": 2, "成果": 2, "生活": 2, "展示": 4, "02:46": 1, "Atlas": 5, "900": 7, "！": 4, "重量级": 1, "1024": 1, "颗": 6, "60": 1, "秒": 4, "强大": 3, "科学": 3, "商业": 3, "天文": 3, "探索": 3, "气象": 1, "预测": 1, "勘探": 2, "落地": 1, "切实": 1, "改变": 1, "副董事长": 2, "胡厚崑": 4, "介绍": 1, "衡量": 1, "金": 1, "标准": 1, "ResNet-50": 1, "模型": 1, "只用": 2, "59.8": 1, "世界": 5, "纪录": 1, "这是": 4, "相当于": 1, "短跑": 2, "冠军": 1, "跑完": 2, "终点": 1, "喝完": 1, "瓶": 1, "水": 1, "等到": 2, "花费": 3, "好几": 1, "工作": 2, "交给": 1, "秒钟": 2, "事情": 1, "分享": 1, "联合": 1, "天文台": 1, "SKA": 2, "案例": 1, "南半球": 1, "星空图": 1, "20万": 5, "星星": 5, "人眼": 1, "不见": 1, "来自于": 1, "射电": 1, "望远镜": 1, "微信": 1, "公号": 1, "条件": 1, "天文学家": 2, "找": 1, "某种": 1, "特征": 3, "星体": 3, "困难": 2, "耗费": 1, "169": 1, "工作量": 1, "才能": 1, "上Atlas": 2, "检索": 1, "马上": 1, "超强": 2, "部署": 1, "云上": 1, "优惠": 1, "价格": 1, "科研": 1, "机构": 1, "大学": 1, "开放": 2, "航海": 2, "千帆竞发": 1, "独舟": 1, "奋进": 1, "坚定不移": 1, "难": 3, "突破": 2, "做起": 1, "自研": 1, "以此": 1, "构建": 1, "生态": 2, "战略": 1, "沃土": 1, "计划": 1, "15亿": 1, "开发者": 1, "500万": 1, "垃圾": 9, "分类": 3, "简单": 2, "厉害": 1, "记者": 2, "裴蕾": 2, "展示区": 2, "身后": 1, "套": 3, "传感器": 1, "各类": 1, "神经": 1, "准确": 1, "一开始": 1, "先是": 1, "上料": 1, "六轴": 1, "机器人": 2, "混合": 1, "倒进": 1, "分拣": 1, "装置": 1, "传送带": 1, "放到": 2, "玻璃": 3, "灯箱": 3, "小瞧": 1, "安装": 1, "种类": 1, "位置": 1, "双臂": 1, "手臂": 1, "正确": 2, "分成": 1, "四类": 1, "抓取": 1, "垃圾桶": 2, "塑料瓶": 1, "放": 1, "回收": 1, "带有": 1, "绿色": 1, "包装": 1, "药品": 1, "有害": 1, "现场": 1, "运转": 1, "效率": 1, "转载": 1, "请": 1, "注明": 1, "我国": 1, "唯一": 2, "硬杠": 1, "不仅仅": 1, "用于": 2, "端": 1, "鲲鹏": 5, "鸿鹄": 3, "2021年": 3, "6": 2, "新型": 1, "彰显": 1, "大布局": 1, "直指": 1, "麒麟970": 1, "麒麟810": 1, "麒麟990-5G": 1, "逼": 1, "并驾齐驱": 1, "不相上下": 1, "专业": 1, "弱": 1, "920": 1, "泰山": 1, "目的": 1, "打破": 2, "Intel-X86": 1, "PC": 3, "垄断": 1, "Win-Tel": 2, "联盟": 1, "只能": 1, "建立": 1, "制约": 1, "310": 1, "Atlas900": 7, "云EI": 1, "上线": 1, "云端": 1, "侧": 1, "终端侧": 1, "智慧屏": 1, "818": 1, "荣耀": 1, "画质": 3, "魔法": 1, "动态": 1, "补偿": 1, "超分": 1, "色彩": 2, "管理": 1, "高清": 1, "8K": 1, "@": 2, "30fps": 1, "4K": 1, "120fps": 1, "视频": 1, "解码": 2, "声音": 1, "Histen": 1, "音质": 1, "优化": 3, "年内": 1, "2020": 1, "610": 1, "320": 1, "930": 1, "打算": 1, "对外开放": 1, "卖给": 1, "友商": 5, "需求": 1, "定制": 1, "第一时间": 1, "太": 1, "适合": 1, "或者说": 1, "发挥": 1, "原因": 1, "立项": 1, "成片": 1, "2-3年": 1, "更多": 1, "那时候": 1, "兼顾": 1, "估计": 1, "营收": 1, "地方": 1, "强势": 2, "来袭": 1, "挡": 1, "住": 1, "走向": 1, "崛起": 1, "下方": 1, "留言": 1, "讨论": 1, "发表": 1, "看法": 1, "关注": 1, "娜": 1, "科技馆": 1, "足不出户": 1, "科技圈": 1, "趣闻": 1, "资讯": 1, "每次": 1, "谈": 1, "激动": 1, "牌面": 1, "毕竟": 2, "资格": 2, "出手": 1, "干涉": 1, "份": 1, "忌惮": 1, "民族": 1, "外国": 2, "目瞪口呆": 1, "东西": 3, "玩意": 1, "代号": 1, "真的": 1, "半": 1, "地球": 1, "全民": 1, "年代": 1, "90%": 1, "刷": 1, "牙": 1, "记录": 1, "牙齿": 1, "清洁": 1, "往日": 1, "刷牙": 3, "方式": 1, "发达": 1, "科学家": 1, "找到": 2, "类似": 1, "极为": 1, "半年": 1, "逐一": 1, "排查": 1, "茫茫": 1, "星海": 1, "星辰": 1, "大海": 1, "洗脸": 1, "顾及": 1, "究竟": 1, "潜力": 1, "测试": 1, "当中": 1, "五分之一": 1, "好比": 1, "场": 1, "第1": 1, "全程": 1, "厕所": 1, "回来": 1, "终于": 1, "气喘吁吁": 1, "印证": 1, "网友": 1, "赞叹": 1, "吹": 1, "功夫": 1, "莫大": 1, "联结": 1, "A连": 1, "接到": 1, "B": 1, "短板": 1, "中兴": 1, "掐死": 1, "悲剧": 1, "再度": 1, "重演": 1}