{"来源": 2, "：": 34, "程序员": 4, "ID": 1, "programmer_club": 1, "、": 35, "水": 1, "木然": 1, "smr669": 1, "也许": 2, "华为": 262, "阿里": 13, "加班": 22, "水平": 3, "早": 2, "耳闻": 1, "疯狂": 1, "样子": 3, "出场": 3, "低调": 2, "无声": 1, "滨江": 2, "办公楼": 2, "好几": 2, "园区": 1, "外面": 2, "很": 21, "茂盛": 1, "树木": 1, "走到": 1, "正门": 1, "真的": 6, "难": 5, "窥探": 1, "20:30-00:30": 1, "~": 1, "朋友": 3, "夸张": 2, "晚上": 3, "8点半": 1, "指望": 1, "有人": 6, "22:15": 1, "一个": 15, "穿": 1, "单薄": 1, "白T": 1, "姐姐": 2, "晚风": 1, "瑟瑟": 1, "发抖": 1, "这是": 7, "第四": 3, "晚": 3, "回家": 8, "老公": 1, "担心": 5, "答": 6, "男朋友": 2, "想": 6, "找": 6, "职业": 1, "事业心": 1, "感动": 1, "远远": 2, "拍": 4, "想起": 4, "广告语": 1, "感谢": 1, "长": 2, "好看": 2, "23:25": 1, "门口": 1, "第一": 10, "波": 3, "高潮": 1, "掐": 1, "5": 1, "分钟数": 1, "人数": 2, "25": 2, "7": 1, "辆": 4, "私家车": 1, "4": 1, "电瓶车": 1, "00:34": 1, "骑": 2, "毛驴": 2, "00：38": 1, "深露": 1, "败给": 1, "程序猿": 1, "指数": 3, "☆☆": 6, "☆": 1, "下班": 7, "时间": 10, "23:00": 1, "有意思": 1, "现象": 1, "员工": 13, "都": 29, "喜欢": 5, "70多": 1, "岁": 1, "任正非": 9, "机场": 1, "排队": 1, "坐": 5, "出租车": 1, "地铁": 2, "华为人": 1, "朴素": 1, "接下来": 3, "江湖": 1, "传奇": 1, "网易": 8, "杭州": 2, "传奇度": 1, "一点": 7, "差": 2, "养": 1, "猪": 1, "11万": 1, "元": 6, "高价": 1, "款": 2, "阴阳师": 1, "票圈": 1, "毒": 1, "云村": 1, "包": 2, "哭": 1, "红": 2, "眼": 1, "……": 1, "一家": 6, "公司": 25, "多事": 1, "骡子": 1, "苦熬": 2, "！": 28, "20:55-00:00": 1, "期间": 1, "楼晚": 1, "八点": 1, "学校": 2, "晚自习": 3, "20:48": 1, "铃声": 1, "响": 1, "高一": 1, "高二": 1, "同学": 2, "放": 1, "争分夺秒": 1, "往家": 1, "毕竟": 1, "留家": 1, "额度": 1, "8": 1, "小时": 5, "九点多": 1, "班车": 4, "载": 1, "群": 1, "夜归人": 1, "22:23": 1, "第二": 5, "铃响高三": 1, "冲刺": 1, "班": 1, "学生": 1, "拼": 1, "温度": 1, "1": 1, "开头": 1, "穿着": 1, "短裤": 1, "短袖": 1, "刚健": 1, "完身": 1, "女朋友": 4, "才": 11, "刚": 11, "毕业": 1, "隔壁": 1, "妹子": 1, "接受": 2, "额": 1, "闲": 1, "看脸": 1, "一旁": 1, "前辈": 2, "道破": 1, "迷津": 1, "电商": 1, "妹子们": 1, "进来": 2, "哥哥": 1, "着落": 1, "听": 1, "好像": 1, "理由": 1, "00:13": 1, "学霸": 1, "出门": 2, "终于": 2, "熄": 1, "高兴太": 1, "吃": 2, "夜宵": 1, "补充": 1, "体力": 1, "青壮年": 1, "小伙子": 1, "进去": 2, "回头": 1, "摆": 1, "摊": 1, "小哥": 2, "推车": 1, "走人": 1, "赚": 2, "对面": 1, "钱": 2, "太": 8, "21:00~22:00": 1, "三三两两结伴": 1, "走": 12, "氛围": 1, "超像": 1, "阿里巴巴": 2, "19:55-00:00": 1, "蜂巢": 1, "灯火": 1, "通明": 1, "光彩耀人": 1, "19:56": 1, "大门": 2, "寥寥": 1, "20:53": 1, "变化": 1, "22：33": 1, "丁香": 1, "撑": 1, "红伞": 1, "女": 2, "孩子": 1, "快车": 1, "提前": 1, "叫好": 1, "车": 3, "上车": 1, "马不停蹄": 1, "肥家": 1, "一路": 1, "小跑": 1, "试图": 1, "小黄车": 2, "坏": 2, "留下": 1, "怪勒": 1, "半": 2, "城西": 1, "区别": 1, "遗忘": 1, "角落": 1, "屌丝": 1, "阿里人": 1, "瞎吹": 1, "结婚": 2, "生娃": 1, "老哥": 1, "单身": 1, "狗": 1, "房": 1, "阿里岗": 1, "对话": 1, "IT": 1, "老婆": 1, "无业游民": 1, "守株待兔": 1, "司机": 1, "22点": 1, "零点": 1, "高峰点": 1, "23：52": 1, "回血": 1, "00:00": 1, "亮": 2, "白天": 1, "研发部": 1, "哥们": 2, "稀奇": 1, "就算": 1, "三四点": 1, "21:30~22:00": 1, "0点": 1, "陆陆续续": 1, "采访": 1, "自豪": 1, "从不": 2, "强制": 1, "带": 4, "不禁": 1, "感慨": 1, "互联网": 2, "套路": 1, "...": 2, "段子": 2, "腾讯": 4, "深圳": 2, "奇葩": 1, "网络": 20, "五点半": 1, "六点半": 2, "逼": 2, "体面": 1, "座": 1, "大巴": 1, "主动": 3, "；": 4, "条": 4, "制度": 2, "8点钟": 2, "东来顺": 1, "工作餐": 3, "管饱": 1, "水果": 1, "想想": 1, "做饭": 1, "吃完": 1, "10点钟": 1, "打车": 2, "报销": 1, "干": 2, "十几": 1, "力气": 1, "挤": 1, "公交": 1, "特人性": 1, "十点": 1, "算是": 1, "情": 1, "有意": 1, "这家": 4, "流传": 1, "不少": 1, "赞同": 1, "尴尬": 1, "支扎心": 1, "广告": 1, "号召": 1, "大佬": 1, "以身作则": 1, "良心": 1, "痛": 1, "谈": 1, "七": 1, "分手": 1, "陪": 1, "或许": 1, "前年": 1, "八月份": 1, "打电话": 1, "一句话": 2, "破": 1, "周末": 1, "回去": 1, "参加": 3, "奶奶": 1, "葬礼": 1, "挺": 1, "难受": 1, "的确": 1, "世上": 1, "牛": 1, "逼闻": 1, "味道": 1, "中国": 23, "首富": 1, "雷军": 1, "富贵": 1, "出身": 1, "忠诚": 1, "勤奋": 1, "唯一": 3, "机会": 1, "李嘉诚": 1, "著名": 1, "时间表": 1, "睡觉": 2, "书": 1, "12点": 1, "早上": 2, "准时": 1, "5:59分": 1, "起床": 1, "决不": 1, "拖沓": 1, "差不多": 1, "世纪": 1, "美国": 23, "篮球": 1, "天才": 1, "科比": 1, "成功": 4, "反问": 1, "洛杉矶": 1, "4点钟": 1, "确实": 2, "世界": 6, "可怕": 1, "聪明": 2, "努力": 4, "↓↓": 1, "关注": 1, "鸣金网": 1, "拥抱": 1, "科技": 12, "创新": 7, "愤恨": 3, "国家": 44, "总理": 9, "下令": 8, "禁用": 3, "手机": 40, "回应": 7, "否认": 5, "物资": 1, "生活": 2, "改变": 2, "越来越": 1, "习惯": 1, "通讯": 8, "终端": 2, "设备": 25, "必需品": 1, "季度": 1, "销量": 5, "超过": 7, "苹果": 4, "跻身": 1, "厂商": 9, "仅次于": 1, "三星": 5, "技术": 22, "强大": 6, "熟悉": 1, "即将": 5, "到来": 2, "5G": 60, "时代": 4, "依然": 3, "61": 1, "项目": 1, "专利": 8, "华人": 2, "自信": 2, "骄傲": 2, "很多": 10, "害怕": 1, "为首": 1, "发达国家": 1, "安全性": 1, "借口": 2, "抵制": 4, "近日": 4, "捷克": 18, "巴比斯": 4, "禁止": 10, "政府": 10, "办公室": 3, "职员": 1, "中兴": 10, "无故": 2, "牵": 1, "回否": 1, "到底": 3, "回": 1, "安全局": 3, "发声": 4, "硬件": 2, "软件": 2, "威胁": 7, "呼吁": 3, "当地": 1, "通讯商": 1, "产品": 29, "懂": 1, "先前": 1, "德国": 17, "拿出": 1, "证据": 8, "这次": 4, "公然": 1, "不可理喻": 2, "牵连": 1, "事件": 1, "第一时间": 1, "做出": 1, "照成": 1, "指控": 1, "部门": 7, "迟迟": 1, "苦笑": 1, "竞争": 5, "对手": 4, "拒之门外": 1, "以此": 2, "暗讽": 1, "小人": 1, "订单": 9, "基站": 8, "发货量": 1, "10000": 1, "公平": 2, "待遇": 3, "路上": 1, "不足挂齿": 1, "垫脚石": 1, "对此": 2, "视频": 1, "游戏": 1, "霸屏": 1, "移动端": 1, "4G": 10, "庞大": 3, "流量": 2, "需求": 5, "明日": 1, "黄花": 1, "接棒": 1, "市场": 26, "全世界": 3, "56": 1, "布局": 3, "建设": 10, "二十五": 1, "选择": 10, "合作": 20, "领先": 2, "爱立信": 11, "诺基亚": 9, "优质": 1, "服务": 4, "全球": 21, "打下": 1, "一半": 3, "三": 5, "亚洲": 1, "地区": 3, "基本上": 2, "韩": 1, "本国": 2, "不和": 1, "东南亚": 1, "招标": 1, "中东": 2, "采用": 1, "三大": 2, "运营商": 8, "当年": 2, "2G": 2, "3G": 2, "我国": 1, "核心": 2, "崛起": 2, "升级": 4, "费用": 2, "欧洲": 9, "分为": 1, "东欧": 1, "西欧": 1, "通信": 9, "如今": 2, "大一": 1, "得益": 1, "认可": 6, "签署": 1, "协议": 1, "信任": 1, "签约": 1, "减少": 1, "美洲": 1, "大本营": 2, "澳大利亚": 3, "新西兰": 4, "拒绝": 10, "加拿大": 3, "国内": 5, "反对": 2, "大部分": 2, "影响": 5, "披荆斩棘": 1, "一往无前": 1, "度过": 1, "眼前": 1, "难关": 1, "日本": 9, "风险": 1, "相关": 8, "AndrejBabis": 1, "18日": 1, "工作": 5, "人员": 4, "同一天": 1, "轮值": 2, "主席": 1, "胡厚坤": 1, "事实": 2, "NCISA": 3, "局长": 1, "Dusan": 1, "Navratil": 1, "关键": 2, "信息": 5, "基础": 2, "设施": 2, "系统": 1, "管理员": 1, "私营": 1, "措施": 3, "应对": 1, "事实上": 2, "前一天": 1, "发布": 6, "声明": 2, "盟国": 1, "项": 3, "调查": 1, "警告": 1, "生产": 7, "巴比马": 1, "命令": 1, "首相": 1, "暂停": 1, "电话": 3, "工业": 2, "贸易部": 1, "遵循": 1, "发言人": 1, "提到": 1, "说法": 3, "提供": 4, "情况": 2, "玷污": 1, "声誉": 1, "首要": 1, "捷克共和国": 1, "电信": 9, "提供商": 1, "值得": 2, "信赖": 1, "伙伴": 6, "海外": 1, "受挫": 1, "信誓旦旦": 1, "表达": 2, "法国": 8, "路透社": 1, "14日": 1, "篇": 2, "Deutsche": 1, "Telekom": 1, "reviews": 1, "Huawei": 1, "ties": 1, ";": 1, "Orange": 4, "(": 1, "审视": 1, "关系": 3, ")": 1, "文章": 3, "称": 4, "盟友": 1, "纷纷": 3, "排除": 3, "在外": 1, "策略": 1, "报道": 12, "CEO": 1, "传统": 1, "——": 1, "此前": 3, "媒体": 7, "发表": 1, "类似": 1, "质疑": 4, "国": 4, "猜测": 2, "毫无": 2, "凭证": 1, "明镜": 1, "周刊": 1, "诸多": 2, "猜疑": 1, "对比": 2, "公开": 6, "指出": 2, "美": 1, "合法性": 1, "相比": 1, "联盟": 1, "英": 1, "澳": 1, "运营": 1, "业务": 9, "企业": 13, "均": 1, "无权": 1, "干预": 2, "决策": 2, "检测": 1, "原产地": 1, "因素": 2, "1997年": 1, "感觉": 1, "有点儿": 1, "销售": 3, "收入": 1, "41亿": 1, "人民币": 1, "位列": 1, "电子": 6, "百强榜": 1, "名": 3, "5600": 1, "六": 1, "人大": 1, "副教授": 1, "起草": 1, "基本法": 1, "管理": 3, "大纲": 1, "扮演": 1, "细则": 1, "流程": 2, "角色": 1, "创业": 1, "研发": 11, "依赖": 2, "英雄": 1, "救火队长": 1, "感到": 1, "捉襟见肘": 1, "力不从心": 1, "郑": 1, "宝用": 1, "李一": 2, "男": 3, "牛人": 1, "层出不穷": 1, "处在": 1, "大哥": 1, "弟兄们": 1, "猛冲猛打": 1, "初级": 1, "作战": 1, "成熟": 1, "机制": 1, "导致": 3, "胡乱": 1, "答应": 1, "客户": 3, "手忙脚乱": 1, "疲于": 2, "应付": 2, "反复": 1, "折腾": 1, "修改": 2, "版号": 1, "一度": 1, "多达": 2, "1000多": 1, "混乱": 1, "效率": 1, "低": 3, "制造": 2, "团": 1, "乱麻": 1, "前台": 1, "拿到": 1, "回到": 1, "傻眼": 1, "发现": 1, "工厂": 2, "交付率": 1, "50%": 3, "同期": 1, "外企": 1, "高达": 2, "94%": 1, "负责": 1, "中研部": 1, "投诉": 1, "产品线": 2, "主管": 1, "狂": 1, "市场部": 1, "电话费": 1, "花": 1, "6000多": 1, "块": 1, "3": 1, "90": 1, "年代": 1, "分配": 1, "取消": 1, "无数": 1, "毕业生": 1, "涌": 1, "东南": 1, "沿海": 1, "国有": 1, "科研院所": 1, "跳出": 1, "体制": 1, "南山": 1, "栋": 1, "天南海北": 1, "青年": 1, "面试": 1, "拖": 1, "简陋": 1, "行囊": 1, "未": 2, "脱": 1, "稚气": 1, "手里": 1, "攥": 1, "边防证": 1, "穿过": 1, "路线": 1, "一百": 1, "动摇": 1, "宣传画": 1, "广场": 1, "街道": 1, "来到": 1, "热土": 1, "印度": 9, "时报": 1, "受邀": 1, "测试": 4, "设备商": 1, "包括": 4, "起初": 1, "邀请": 2, "最终": 3, "政策": 1, "收到": 1, "部长": 1, "阿卢娜·桑达拉拉吉": 1, "邀请函": 1, "赞扬": 1, "发展": 5, "消息": 5, "人士": 2, "透露": 2, "领域": 8, "投资": 1, "成文": 1, "战略": 1, "挑战": 3, "地缘": 1, "政治": 3, "含义": 1, "理会": 1, "解释": 1, "时间段": 1, "做法": 2, "联想": 1, "遭受": 2, "种种": 1, "不公正": 1, "不免": 1, "禁购令": 1, "反制": 2, "系列": 7, "先头": 1, "名为": 1, "安川": 2, "电机": 3, "供应": 2, "频器": 1, "服务器": 1, "控制器": 1, "内": 1, "控制权": 1, "先进": 2, "号称": 1, "机器人": 2, "四": 3, "大家族": 1, "知名": 1, "代表": 1, "据悉": 1, "设有": 1, "智能": 3, "车间": 1, "厂房": 1, "机械手": 1, "生产商": 1, "厂家": 2, "全球化": 2, "背景": 2, "哪家": 2, "脱身": 1, "损失": 1, "只能": 2, "损人不利己": 1, "实力": 8, "反击": 2, "段": 1, "新闻": 1, "察觉": 1, "呼声": 1, "历史": 1, "新高": 1, "深得人心": 1, "全国": 1, "国际": 6, "不公平": 1, "对待": 1, "重重": 1, "困难": 1, "之下": 3, "频频": 1, "传来": 2, "捷报": 2, "国人": 2, "长脸": 1, "起步": 2, "算": 2, "立足": 1, "舞台": 2, "谣言": 1, "几十亿": 1, "人口": 3, "发挥": 1, "作用": 2, "而今": 3, "理应": 1, "支持": 7, "声援": 3, "过程": 1, "歪解": 1, "正确": 1, "处于": 3, "禁售": 1, "状态": 1, "说法不一": 1, "信服": 1, "外媒": 2, "断章取义": 1, "忍辱负重": 2, "至此": 1, "不得不": 1, "时刻": 1, "刚刚": 2, "心声": 1, "社区": 1, "近况": 1, "重压": 1, "官方": 1, "针对": 3, "详细": 1, "近期": 1, "误解": 1, "首选": 1, "压": 1, "压惊": 1, "参与": 3, "地方": 3, "巴掌": 1, "拍死": 1, "竞标": 1, "持续": 4, "跟进": 1, "进展": 1, "良性": 2, "振奋": 2, "人心": 2, "大概": 2, "60": 1, "打造": 2, "50多": 1, "一口气": 2, "拿下": 4, "合同": 1, "数据": 2, "攀升": 1, "可谓": 1, "势如破竹": 1, "涨": 1, "士气": 1, "希望": 3, "开放性": 1, "经济": 1, "应许": 1, "独大": 2, "开放": 1, "包容": 1, "董事长": 1, "胡厚崑": 1, "确认": 2, "营收": 1, "突破": 5, "1000亿": 1, "美元": 1, "一拥而上": 1, "程度": 2, "太过": 1, "夸大": 3, "成绩": 4, "影响力": 2, "诋毁": 3, "正面": 2, "看法": 2, "比例": 1, "负面": 1, "才能": 4, "平衡": 1, "不久前": 1, "会议": 1, "外界": 2, "过度": 2, "好事": 1, "灾难": 1, "麻醉": 1, "网上": 1, "言论": 1, "吹捧": 3, "内部": 3, "谈到": 1, "差距": 1, "距离": 1, "远": 3, "沾沾自喜": 1, "本人": 1, "不卑不亢": 1, "正是": 2, "格局": 1, "深谋远虑": 1, "救": 1, "道路": 2, "认同": 3, "备注": 1, "图片": 1, "侵权": 1, "烦请": 1, "删除": 1, "千呼万唤": 1, "12月": 2, "17日": 1, "nova4": 12, "长沙": 2, "揭开": 1, "神秘": 1, "面纱": 1, "层": 1, "别开生面": 1, "发布会": 5, "优秀": 2, "年轻": 9, "偶像": 2, "交相辉映": 1, "湖南": 1, "会展": 1, "中心": 2, "偌大": 1, "会场": 1, "易烊": 9, "千": 6, "玺": 6, "粉丝": 2, "热情": 2, "点燃": 1, "行业": 6, "同质化": 2, "求稳": 1, "冒险": 2, "创新者": 1, "寻常路": 2, "感触": 1, "不仅仅": 1, "惊艳": 1, "4800万": 1, "广角": 1, "摄": 1, "2500万": 2, "海报级": 1, "自拍": 2, "态度": 2, "逆势": 1, "飞扬": 1, "原因": 3, "不畏": 1, "艰难": 2, "差异化": 1, "消费者": 16, "总裁": 1, "何刚": 3, "笨": 3, "充满": 1, "险阻": 1, "路": 5, "陷入": 1, "挤牙": 1, "膏式": 1, "困境": 2, "供应链": 1, "缺乏": 1, "自我": 1, "能力": 3, "环境": 2, "精神": 1, "显得": 1, "格外": 1, "珍贵": 1, "追求": 3, "极致": 6, "屏": 2, "打孔": 3, "屏成": 1, "打孔屏": 2, "热议": 1, "抢": 1, "孔屏": 1, "完美": 1, "呈现": 1, "方式": 5, "带给": 4, "体验": 5, "孔": 2, "挖": 1, "大有": 1, "乾坤": 1, "打穿": 3, "通孔": 2, "盲孔": 3, "相对来说": 1, "后者": 1, "难度": 2, "省事": 1, "整体": 2, "设计": 6, "封闭性": 1, "都会": 1, "供应商": 4, "放弃": 1, "分析": 1, "亲自": 1, "寻找": 1, "方案": 4, "独创": 1, "整体性": 1, "突破性": 2, "屏下": 3, "镜头": 2, "那种": 1, "现成": 1, "非得": 1, "开辟": 1, "艰险": 1, "可想而知": 1, "走通": 1, "康庄大道": 1, "常规": 1, "路径": 1, "稳当": 1, "千军万马": 1, "踏": 1, "新奇": 1, "发生": 1, "妥协": 1, "保留": 1, "屏幕": 2, "完整性": 1, "离边": 1, "孔径": 1, "工艺": 2, "摄像头": 2, "革命性": 1, "像素": 1, "模组": 1, "孔区": 1, "直径": 1, "4.5mm": 1, "美观": 1, "整块": 1, "浑然天成": 1, "保证": 1, "效果": 1, "这样一来": 1, "产能": 2, "制约": 1, "爬坡": 1, "章": 1, "极限": 1, "付出": 1, "深刻": 2, "洞察力": 1, "定位": 1, "营销": 1, "连接": 1, "消费": 1, "人群": 6, "覆盖": 3, "最大化": 1, "年前": 1, "推出": 3, "nova子": 1, "品牌": 6, "业界": 1, "争议": 1, "看好": 1, "用户": 5, "群体": 1, "商务": 1, "知识分子": 1, "政务": 1, "优势": 5, "理工": 1, "思维": 2, "较为": 1, "nova目": 1, "面向": 1, "沟通": 3, "全新": 1, "开拓": 1, "nova": 15, "年轻人": 7, "娱乐": 1, "旗舰": 1, "潮流": 1, "时尚": 1, "引领者": 1, "鲜为人知": 1, "顺利": 1, "机型": 1, "区隔": 1, "不大": 2, "nova2": 1, "年轻化": 1, "潮品": 1, "风格": 1, "强化": 1, "赢得": 1, "nova2s": 1, "结束": 1, "松": 1, "Mate": 1, "彰显": 1, "价值": 1, "适合": 1, "这才": 1, "目的": 1, "语言": 1, "感受": 1, "独到": 1, "理解": 3, "颜色": 4, "鲜艳": 1, "明快": 1, "组合": 1, "建立": 1, "提升": 2, "趋势": 1, "把握": 2, "色彩": 1, "捕获": 1, "冲动": 1, "感知": 1, "蜜语": 1, "苏音蓝": 1, "悸动": 1, "千玺": 4, "蜜语红": 1, "浪漫": 1, "感": 1, "贡献": 1, "力量": 1, "6500万": 1, "7月": 1, "nova3": 1, "创造": 1, "首月": 1, "200万": 1, "奇迹": 1, "交流": 1, "更多": 1, "代言人": 2, "形象": 1, "加持": 1, "未来": 5, "定义": 1, "烊": 1, "品质": 1, "归根结底": 1, "源于": 1, "洞察": 1, "正能量": 1, "此次": 1, "新品": 2, "站台": 1, "现场": 1, "高歌": 1, "畅谈": 1, "牵手": 1, "成长": 2, "蜕变": 1, "易烊千玺": 1, "相通": 1, "极点": 2, "事情": 3, "强有力": 1, "产品力": 1, "富有": 1, "感召力": 1, "双重": 1, "有望": 1, "掀起": 1, "股": 1, "风潮": 1, "迈步": 2, "从头": 2, "中高端": 1, "占比": 1, "提高": 2, "趋于": 1, "饱和": 1, "换机": 1, "速度": 1, "减缓": 1, "不利": 1, "脱颖而出": 1, "巨额": 1, "投入": 3, "去年": 1, "897亿": 1, "低迷": 3, "诞生": 1, "革新": 1, "推动": 1, "出货量": 9, "公布": 2, "数字": 2, "预计": 3, "25日": 1, "2018": 1, "年度": 1, "2亿": 6, "背后": 2, "动力": 1, "沉甸甸": 1, "压力": 5, "2018年": 4, "超": 1, "来之不易": 1, "IDC": 1, "报告": 1, "显示": 2, "智能机": 1, "下滑": 1, "3%": 1, "乐观": 1, "研究院": 1, "11月": 1, "同比": 1, "大跌": 1, "18.2%": 1, "意味着": 3, "50万": 1, "100万": 1, "月出": 1, "货量": 1, "2000万": 1, "改进": 2, "改善": 1, "一道": 1, "质量": 1, "一点一滴": 1, "积累": 1, "文化": 1, "出发点": 1, "归宿": 1, "做好": 1, "扎实": 1, "竞争力": 2, "行践": 1, "力争": 1, "价位": 1, "顶尖": 1, "为此": 1, "层面": 1, "西安": 1, "研究所": 4, "主攻": 3, "2000": 2, "北京": 1, "3500": 2, "之间": 4, "上海": 1, "价格": 7, "段位": 1, "上都": 1, "外部": 1, "开发": 1, "团队": 1, "相互": 3, "起点": 1, "雄关": 1, "漫道": 1, "铁": 1, "明年": 1, "目标": 3, "坦言": 1, "2.3亿": 1, "2.5亿": 1, "飞": 1, "文": 1, "/": 1, "徐": 1, "上峰": 1, "此刻": 1, "西方": 3, "围追堵截": 1, "得逞": 1, "看华": 1, "堵截": 1, "英国": 5, "俄罗斯": 1, "土耳其": 1, "巨头": 2, "芬兰": 3, "证明": 2, "隐患": 5, "领土": 1, "面积": 1, "综合国力": 1, "弱于": 1, "强国": 1, "难道": 1, "封堵": 1, "封": 1, "堵住": 1, "简单": 2, "粗暴": 2, "巨头们": 1, "30%": 2, "拥有": 3, "最多": 4, "雄厚": 1, "仅仅": 1, "打破": 2, "封锁": 2, "没错": 1, "差价": 2, "注定": 1, "份": 1, "例子": 1, "超出": 1, "500万": 1, "占": 2, "联通": 1, "足足": 1, "占据": 1, "300多万": 1, "数量": 1, "增加": 1, "广电": 1, "资格": 1, "审核": 1, "阶段": 2, "本身": 1, "住": 2, "立于不败之地": 1, "完了": 1, "不止": 1, "密集": 1, "用途": 1, "添加": 1, "面临": 1, "花费": 2, "资金": 1, "负担": 1, "高通": 5, "尤其是": 1, "做为": 1, "老牌": 2, "强悍": 1, "假设": 1, "索要": 1, "总额": 1, "实在": 2, "补贴": 1, "预算": 1, "弥补": 1, "铺开": 1, "碾压": 1, "同类": 1, "竞争者": 1, "过硬": 1, "不用": 1, "副": 1, "嘴硬": 1, "最新": 1, "标准": 1, "等到": 1, "2020年": 1, "观望": 1, "当中": 1, "挡住": 1, "高枕无忧": 1, "放松": 1, "拓展": 1, "阻拦": 1, "利往": 1, "国民": 1, "言败": 1, "正式": 1, "一8000万": 1, "大国": 3, "转告": 1, "近段": 1, "茶余饭后": 1, "讨论": 1, "商用": 3, "通信商": 2, "碰撞": 1, "开启": 1, "输": 1, "1481": 1, "硬": 1, "源头": 1, "发出": 1, "拉拢": 1, "他国": 1, "上市": 1, "举步维艰": 1, "友好": 2, "接纳": 2, "诺基亚丶": 2, "丶": 3, "想到": 1, "踌躇": 1, "再三": 1, "反悔": 2, "爆出": 1, "炒作": 1, "出声": 1, "否定": 1, "8000万": 1, "同样站": 1, "面对": 1, "就要": 1, "本来": 1, "奔驰": 1, "丶奥迪": 1, "汽车": 1, "深受": 1, "喜爱": 1, "小编": 1, "各国": 1, "雪中送炭": 1, "可信度": 1, "口碑": 1, "变得": 1, "愈加": 1, "人民": 1, "所向披靡": 1, "收获": 1, "前期": 1, "部署": 1, "如火如荼": 1, "利润": 1, "众多": 2, "无限": 1, "抗衡": 1, "盆满钵满": 1, "明白": 1, "话语权": 1, "很快": 1, "过渡": 1, "时期": 1, "站": 2, "高下": 1, "至少": 1, "杯": 1, "羹": 1, "自主": 1, "奋起直追": 1, "漂亮": 1, "成绩单": 1, "60多": 1, "半数": 1, "折服": 1, "某种": 1, "排挤": 3, "掩耳盗铃式": 1, "手法": 1, "自欺欺人": 1, "费尽心思": 1, "保护": 1, "本土": 1, "在列": 1, "为由": 1, "高管": 1, "场合": 1, "赶上": 1, "步伐": 1, "话音": 1, "落": 1, "矛盾": 1, "未免": 1, "儿戏": 1, "跟风": 1, "沉默": 1, "作出": 1, "强硬": 1, "请": 1, "产业": 1, "底气": 1, "十足": 1, "后起之秀": 1, "不争": 1, "妄图": 1, "正当": 1, "手段": 1, "行不通": 1, "说话": 2, "宽": 1, "祝": 1, "大单": 1, "好运": 1}