{"想要": 4, "热门": 2, "资讯": 1, "、": 35, "玩机": 1, "技巧": 1, "数码": 1, "评测": 1, "科普": 1, "深扒": 1, "点击": 1, "右上角": 1, "关注": 2, "百家号": 1, "：": 5, "雷": 1, "科技": 5, "笔记本": 5, "行业": 5, "多年": 2, "视作": 1, "夕阳": 1, "产业": 5, "近年": 1, "小米": 16, "华为": 134, "荣耀": 16, "手机": 36, "厂商": 5, "纷纷": 3, "不错": 2, "战绩": 1, "生生": 1, "传统": 1, "PC": 2, "口中": 1, "抢下": 1, "一块": 2, "肉": 1, "近日": 2, "博主": 1, "@": 1, "智慧": 4, "芯片": 21, "案": 1, "内": 6, "放出": 1, "消息": 3, "称": 1, "打造": 1, "款": 35, "采用": 5, "骁龙": 6, "850": 4, "处理器": 6, "二合一": 2, "产品": 10, "很": 21, "MateBook": 4, "E系列": 2, "在售": 1, "E笔": 1, "记本": 1, "12": 1, "英寸": 1, "触摸": 1, "屏幕": 7, "分辨率": 1, "2K": 1, "键盘": 2, "分离": 1, "平板": 1, "电脑": 1, "独立": 1, "金属": 1, "触点": 1, "连接": 2, "配置": 2, "M5": 1, "i3": 1, "i5": 1, "选": 1, "都": 33, "英特尔": 1, "超低压": 1, "曝光": 1, "新款": 1, "E": 1, "区别": 1, "在于": 2, "换成": 1, "更换": 1, "高通": 26, "带来": 5, "直观": 1, "变化": 4, "功耗": 1, "发热": 2, "控制": 4, "上将": 1, "出色": 1, "续航": 2, "时间": 14, "增强": 1, "蜂窝": 1, "网络": 7, "支持": 5, "优势": 3, "ARM": 1, "架构": 1, "Windows": 2, "系统": 2, "性能": 3, "兼容性": 2, "面临": 1, "合作": 7, "早就": 3, "不少": 10, "推出": 2, "此类": 1, "实际上": 1, "市场": 18, "为止": 1, "雷声大雨点小": 1, "国外": 6, "知名PC": 1, "测试": 2, "网站": 3, "NotebookCheck": 1, "联想": 1, "Yoga": 1, "C630": 1, "WOS": 1, "最终": 9, "结论": 1, "X86": 1, "转化率": 1, "低": 4, "也就是说": 1, "定位": 2, "只能": 2, "极致": 1, "轻薄本": 1, "尺寸": 1, "选择": 2, "一个": 24, "阿里": 3, "纳税": 8, "516亿": 2, "1100亿": 3, "京东": 12, "兄弟": 3, "缴": 2, "60亿": 3, "国内": 9, "知名": 3, "公司": 31, "很多": 20, "阿里巴巴": 15, "腾讯": 3, "不仅仅": 3, "成就": 1, "国家": 14, "贡献": 7, "盈利": 3, "意味着": 2, "税收": 3, "做出": 4, "马云": 5, "建立": 1, "发展": 8, "前期": 1, "定下": 1, "目标": 3, "100万": 1, "创立": 2, "初期": 1, "超过": 6, "516": 1, "元": 5, "数字": 4, "惊人": 1, "经营": 1, "业绩": 2, "足够": 2, "电商": 2, "领域": 13, "业务": 11, "大数据": 1, "云计算": 1, "领先": 7, "平头哥": 1, "成立": 4, "达摩院": 1, "部门": 5, "或者是": 1, "人才": 1, "杰出": 1, "串": 1, "手段": 1, "强大": 3, "出名": 1, "成功": 1, "有目共睹": 1, "放弃": 5, "困难": 1, "任正非": 4, "卖掉": 1, "想法": 1, "种种": 1, "原因": 1, "搁浅": 1, "变得": 1, "稳定": 4, "明星": 1, "5G": 38, "技术": 15, "世界": 6, "国际": 5, "拿到": 3, "订单": 2, "意义": 1, "中国": 21, "走出": 1, "国门": 2, "了不起": 2, "代表": 1, "先进": 1, "引领": 1, "方向": 1, "国": 1, "争光": 1, "金额": 2, "高达": 2, "实力": 9, "不俗": 1, "牵动": 1, "最多": 3, "经历": 1, "调整": 2, "危机": 1, "刘强东": 6, "发现": 1, "内部": 4, "弊端": 1, "才": 5, "大张旗鼓": 1, "整顿": 1, "创造": 1, "700亿": 1, "认可": 1, "印证": 1, "苏宁": 1, "老总": 1, "近东": 1, "提出": 1, "质疑": 1, "出于": 1, "亏损": 1, "状态": 2, "缴纳": 2, "税款": 1, "仅仅": 1, "说法": 2, "标榜": 1, "老板": 2, "五": 1, "险": 1, "金": 1, "找到": 1, "佐证": 1, "情况": 1, "不得而知": 2, "肯定": 4, "缴税": 1, "现实": 1, "忽视": 1, "！": 10, "核心": 4, "创新": 2, "历来": 1, "企业": 7, "重中之重": 1, "从来": 2, "大言不惭": 1, "研发": 17, "投入": 18, "一点": 2, "市值": 2, "突破": 3, "万亿": 2, "苹果": 8, "纵观": 1, "自主": 2, "掌控": 1, "平台": 6, "互联": 3, "巨头": 7, "无一例外": 1, "如今": 15, "冲出": 1, "竞争": 5, "激烈": 1, "混": 1, "风生": 1, "水": 1, "；": 2, "马化腾": 1, "社交": 1, "娱乐": 1, "呈现": 2, "愈演愈烈": 1, "势": 1, "占据": 1, "一席之地": 2, "局面": 1, "初": 1, "端倪": 1, "软件": 1, "国产": 3, "领军": 1, "从未": 1, "通信": 4, "硬件": 3, "制造": 3, "赶超": 1, "4月": 1, "8日": 1, "媒体": 3, "公布": 1, "份": 4, "颇": 1, "含金量": 1, "榜单": 2, "此次": 1, "排行": 1, "统计": 1, "全球": 9, "费用": 2, "众": 1, "1015亿": 2, "天价": 1, "飙至": 1, "第五": 1, "远": 1, "超": 1, "因特尔": 1, "排名": 3, "第一": 6, "三星": 7, "差距": 2, "45亿": 1, "1000亿": 1, "砸光": 1, "1000多": 1, "亿": 1, "恐怕": 1, "脱": 1, "关系": 3, "众所周知": 1, "跑赢": 1, "绝大多数": 1, "逼": 1, "6G": 1, "早早": 2, "提": 1, "议程": 1, "公开": 4, "数据": 3, "显示": 1, "刚刚": 2, "2018年": 4, "三十": 2, "运营商": 3, "签署": 1, "协议": 1, "共计": 1, "售出": 1, "4万": 1, "基站": 3, "拥有": 2, "专利": 1, "数量": 1, "马上": 2, "就要": 1, "3000": 2, "大关": 1, "高管": 1, "研究": 2, "年前": 3, "布局": 3, "截至": 1, "成熟度": 1, "业内": 2, "同行": 1, "至少": 1, "1": 1, "1年半": 1, "毫无疑问": 1, "成长": 1, "供应商": 2, "储备": 1, "庞大": 2, "占": 2, "对比": 1, "诺基亚": 1, "接近": 1, "400亿": 1, "想必": 1, "不难": 1, "想象": 2, "接下来": 1, "年中": 1, "重点": 3, "争夺": 3, "对象": 1, "现阶段": 2, "程度": 1, "阻碍": 1, "大手笔": 1, "未来": 5, "不管是": 2, "必定": 1, "后来居上": 1, "网友们": 1, "发表": 1, "看法": 2, "客观": 1, "产出": 2, "巨额": 1, "持续": 1, "5": 1, "设备": 7, "厉害": 2, "远远": 1, "唯一": 2, "一家": 2, "异类": 1, "增长": 1, "速度": 1, "多久": 1, "快速": 1, "崛起": 1, "奇迹": 1, "不得不": 2, "泼冷水": 1, "透过": 1, "位置": 2, "国产化": 1, "走": 2, "路": 1, "长": 1, "想": 4, "10点名": 1, "10": 5, "花粉": 1, "大不敬": 1, "给力": 3, "好评": 1, "潮": 1, "气": 6, "旗舰": 6, "没错": 1, "麒麟": 7, "970手机": 2, "红极一时": 1, "人气值": 2, "可惜": 3, "2019年": 7, "拍照": 5, "主流": 2, "855": 1, "麒麟980": 2, "横空出世": 2, "外观": 2, "中庸": 1, "耐": 1, "指纹": 5, "IMX586": 2, "镜头": 3, "系列": 3, "缺点": 1, "辉煌": 1, "去年": 1, "当下": 1, "表演": 1, "交给": 1, "即将": 3, "发布": 7, "再见": 1, "第二": 4, "Magic2": 2, "其屏": 1, "占比": 1, "适配": 1, "YOYO": 1, "人工": 1, "助手": 2, "magic2": 4, "小试牛刀": 1, "滑盖": 1, "排": 1, "具备": 1, "旗舰机": 2, "屏占比": 1, "颜值": 1, "卖点": 1, "后置": 1, "三": 4, "摄": 2, "实在": 1, "索尼": 2, "IMX380": 1, "滥竽充数": 1, "鸡肋": 1, "机身": 1, "重量": 1, "200g": 1, "在手": 1, "笨重": 1, "手感": 1, "欠佳": 1, "气值": 2, "过气": 2, "预算": 2, "买": 4, "Mate20": 1, "iPhone8": 1, "第三": 2, "nova4": 3, "主打": 1, "女性": 2, "nova": 1, "有意无意": 1, "高价": 3, "低配": 1, "用户": 4, "或许": 4, "CPU": 1, "的确": 4, "太": 5, "好感": 1, "处于": 3, "综合": 1, "性价比": 4, "卖出": 1, "3000多": 1, "价格": 11, "配": 2, "首发": 2, "线下": 1, "小编": 1, "段位": 1, "迎来": 2, "P30": 4, "后者": 1, "980手机": 1, "显得": 1, "段": 3, "第四": 2, "P20": 3, "同意": 1, "pro明明": 1, "遥遥领先": 1, "DXOmark": 1, "iPhoneXS": 1, "MAX": 1, "得罪": 1, "网友": 2, "降价": 1, "高高在上": 1, "iPhoneXR": 1, "9": 2, "正面": 4, "识别": 2, "区域": 1, "设计": 3, "烂": 1, "大街": 1, "845手机": 1, "跌": 1, "2298": 1, "依然": 1, "尖端": 1, "P20pro小到CP": 1, "U大": 1, "人气": 2, "四千": 1, "4月份": 1, "看准": 1, "4": 3, "时代": 3, "告一段落": 1, "值得": 2, "卖": 3, "安卓": 1, "拼": 1, "包括": 4, "在内": 1, "新老交替": 1, "在所难免": 1, "全新": 3, "来势汹汹": 1, "老旗舰": 1, "声明": 2, "未经": 2, "许可": 2, "禁止": 2, "转载": 2, "推哥": 2, "原创": 2, "图片": 2, "源于": 3, "侵权": 2, "请": 2, "作者": 2, "说到": 1, "智能": 23, "交通": 1, "万物": 3, "基础": 2, "打通": 1, "城市": 1, "大脑": 1, "形势": 1, "提前": 1, "部署": 1, "协助": 1, "韩国": 2, "地区": 1, "覆盖": 2, "有序": 1, "搭建": 1, "首款": 2, "S10": 2, "正式": 5, "亮相": 1, "这时候": 1, "期待": 1, "表现": 1, "舞台": 1, "好在": 1, "不负众望": 1, "交出": 1, "满意": 1, "答卷": 1, "期间": 1, "承受": 1, "诋毁": 1, "软硬": 1, "一马当先": 1, "30": 2, "商业": 3, "合同": 1, "服务器": 2, "突破性": 1, "进展": 1, "营收": 1, "增长率": 2, "中国区": 1, "余承东": 6, "带领": 1, "发起": 1, "冲击": 1, "提到": 2, "预知": 1, "超越": 2, "创新度": 1, "有望": 1, "2020年": 1, "销量": 1, "风口": 3, "雷军": 2, "猪": 1, "飞": 1, "互联网": 2, "资金": 1, "用于": 1, "改善": 1, "环境": 1, "可靠": 1, "服务": 1, "过程": 1, "坎坷": 1, "道路": 1, "充满": 2, "荆棘": 1, "接连": 1, "莫须有": 1, "指责": 1, "西方": 1, "联手": 1, "抵制": 7, "真相": 2, "水落石出": 1, "印度": 1, "英国": 1, "入场": 1, "正义": 1, "面前": 1, "态度": 2, "反转": 2, "捷报": 2, "频传": 2, "蒸蒸日上": 1, "累计": 2, "台": 3, "稳定性": 1, "改": 1, "此前": 3, "情绪": 1, "津津乐道": 1, "莫过于": 1, "新西兰": 8, "外媒": 1, "传出": 1, "总理": 3, "访华": 5, "接受": 2, "采访": 2, "大概": 1, "禁用": 1, "美国": 10, "影响": 1, "改变": 2, "政策": 1, "图源": 1, "视觉": 1, "攀附": 1, "示好": 1, "半年": 1, "承认": 2, "归根到底": 1, "重视": 1, "之间": 3, "友谊": 1, "经受": 1, "住": 1, "考验": 1, "全世界": 1, "这是": 5, "尊重": 2, "迟到": 1, "该国": 1, "阿德恩": 2, "辟谣": 2, "亲自": 3, "修补": 2, "攻击": 1, "一度": 1, "嗤之以鼻": 1, "互利": 1, "共赢": 1, "强强联手": 1, "口碑": 1, "站": 1, "金字塔": 1, "顶端": 1, "力挺": 1, "3月": 3, "360": 11, "场": 1, "不约而同": 1, "新闻": 2, "发布会": 4, "不谋而合": 1, "罕见": 1, "现象": 2, "——": 1, "十多": 1, "领导者": 1, "巨人": 2, "基本上": 1, "重叠": 1, "差错": 1, "担心": 1, "将来": 1, "不可避免": 1, "loT": 10, "对手": 2, "14日": 1, "AWE": 1, "举办": 1, "2019": 1, "HUAWEI": 1, "HiLink": 2, "生态": 3, "大会": 4, "消费者": 4, "CEO": 1, "首次": 2, "28日": 1, "周鸿祎": 2, "主持": 1, "春季": 2, "员工": 1, "称为": 1, "老周": 1, "届": 1, "高度": 3, "吻合": 1, "归根结底": 1, "理念": 1, "契合": 1, "家居": 6, "入口": 3, "地块": 2, "共识": 1, "2014年": 2, "亚马逊echo": 1, "音箱": 9, "视为": 1, "交谈": 1, "指挥": 1, "说话者": 1, "报告": 1, "天气": 1, "查阅": 1, "菜谱": 1, "关灯": 1, "空调": 1, "家庭": 1, "管理": 1, "规模": 2, "特性": 2, "吸引": 1, "试图": 1, "抓住": 1, "机会": 1, "Canalys": 1, "2月": 2, "18日": 1, "出货量": 4, "全年": 1, "例程": 1, "指引": 1, "三角": 1, "格局": 1, "walk": 1, "9分": 1, "份额": 2, "层": 1, "诞生": 1, "天猫": 1, "精灵": 1, "615万": 1, "sit": 1, "爱": 1, "457万": 1, "百度": 2, "小度": 1, "季度": 2, "持平": 1, "别人": 1, "杯": 1, "羹": 1, "策略": 1, "制定": 1, "依赖": 1, "遗传": 1, "土壤": 1, "独一无二": 1, "2017年": 1, "初创": 2, "雄心勃勃": 1, "入口处": 1, "资源": 1, "回首": 1, "泡沫": 1, "消亡": 1, "止步": 1, "美": 2, "角落": 1, "组织": 1, "结构": 1, "消费": 1, "发生": 2, "移位": 1, "项目": 1, "听听": 1, "19日": 1, "暂停": 1, "layout": 1, "物流": 1, "音响": 1, "团队": 2, "据传": 1, "解散": 1, "OPPO": 1, "vivo": 1, "喊": 1, "口号": 1, "阶段": 1, "……": 1, "牌桌": 1, "声音": 1, "梯队": 1, "距离": 2, "积极性": 1, "精力": 2, "成本": 3, "游戏": 1, "2015年": 2, "开放": 1, "100多": 1, "接入": 1, "50多": 1, "品类": 1, "300多": 1, "2017年底": 1, "+": 1, "使命": 1, "愿景": 1, "三年": 2, "百亿": 1, "美元": 2, "流量": 1, "力争": 1, "建成": 1, "高调": 1, "秘密": 1, "路由器": 1, "门锁": 1, "门铃": 1, "摄像头": 1, "扫地": 1, "机器人": 1, "儿童": 1, "手表": 1, "…": 1, "紧跟": 1, "汽车": 1, "记录仪": 1, "地位": 1, "说服": 1, "提高": 1, "品牌": 6, "渗透率": 1, "缺乏": 1, "信心": 1, "首席": 1, "战略": 3, "官邵洋": 1, "树立": 1, "形象": 1, "教育": 1, "讨论": 3, "尚未": 1, "面对": 2, "恶性": 1, "增加": 1, "补贴": 1, "力量": 1, "喜欢": 1, "听": 1, "弯道": 1, "超车": 1, "颠覆": 1, "改造": 1, "故事": 2, "稀缺性": 1, "批量": 1, "生产": 1, "爆炸式": 1, "到来": 1, "千变万化": 1, "永远": 2, "对此": 2, "下方": 2, "评论区": 1, "热烈": 1, "百家争鸣": 1, "市面": 1, "比如说": 1, "看似": 1, "平静": 1, "波涛汹涌": 1, "主角": 1, "热议": 1, "6月份": 1, "会面": 1, "名为": 1, "Mate": 8, "X": 5, "MWC2019": 1, "可谓": 1, "出尽": 1, "风头": 1, "奖项": 1, "趋之若渴": 1, "希望": 1, "早点": 1, "现如今": 1, "火遍MWC": 1, "X正式": 1, "确认": 1, "透露": 3, "远观": 1, "介绍": 1, "售价": 2, "17300": 1, "人民币": 2, "一贯": 1, "作风": 1, "低于": 1, "整体": 1, "RS": 2, "贵": 3, "12999": 1, "13000-14000": 1, "相较于": 1, "便宜": 3, "角度": 2, "出发": 1, "科研": 2, "付出": 1, "加上": 2, "内置": 1, "配备": 1, "行情": 1, "优异": 1, "毕竟": 1, "显示屏": 1, "铰链": 1, "昂贵": 2, "年后": 1, "500": 1, "欧元": 1, "4000": 1, "爆款": 1, "人手": 1, "常见": 1, "定价": 1, "看待": 1, "折叠屏": 1, "新型": 1, "实用性": 1, "平常": 1, "异常": 1, "一大": 1, "好说": 1, "留言": 1, "说出": 1, "观点": 1, "分析": 1, "01": 1, "胜率": 3, "顶级": 1, "棋手": 1, "对弈": 1, "棋力": 1, "大致": 1, "均衡": 1, "胜算": 3, "1:1": 1, "波动": 1, "内在": 1, "规律": 1, "某种": 1, "留心": 1, "算": 1, "降低": 1, "3GPP": 1, "深圳": 1, "第83": 1, "全体": 1, "会议": 1, "当选": 1, "标准": 2, "协会": 1, "主席": 2, "每次": 1, "权谋": 1, "斗争": 1, "硬": 1, "说话": 1, "作战": 1, "越来越": 3, "力不从心": 1, "公道": 1, "这几年": 2, "下降": 1, "世人": 1, "提升": 1, "很快": 1, "长期": 2, "垄断": 2, "话语": 1, "神速": 1, "后起之秀": 1, "预计": 1, "选手": 1, "展开": 1, "心中": 1, "有种": 1, "预感": 1, "压": 3, "不住": 2, "阻止": 1, "步伐": 1, "瑜亮": 1, "新生代": 1, "狠狠": 1, "碾压": 1, "老人": 1, "阿根廷": 1, "当代": 1, "作家": 1, "贝尔纳多·科尔顿": 1, "真理": 1, "挚友": 1, "培根": 1, "乃是": 1, "革新": 1, "02": 1, "招数": 2, "游说": 4, "不遗余力": 1, "不止": 1, "沈阳": 1, "飞机": 6, "工程师": 2, "老": 2, "哭": 1, "运七": 2, "耗费": 1, "20多": 2, "心血": 1, "眼看": 1, "波音": 1, "难": 3, "卖给": 1, "立马": 1, "航空": 1, "梦": 1, "真的": 1, "经济学": 1, "告诉": 1, "中国人": 1, "袜子": 1, "累积": 1, "收入": 1, "发动机": 1, "吃力": 1, "公平": 1, "诱使": 1, "大部分": 1, "掉入": 1, "贸易": 1, "分工": 1, "陷阱": 1, "攫取": 1, "高端": 1, "谋求": 1, "干掉": 1, "中华": 3, "牙膏": 3, "落入": 1, "合资": 1, "命运": 1, "1954年": 1, "65年": 1, "历史": 2, "1994年": 1, "联合利华": 2, "集团": 2, "租用": 2, "过多": 1, "电视": 1, "广告": 1, "记得": 1, "露洁": 1, "分得": 1, "亲": 1, "儿子": 2, "干": 1, "好多": 1, "民族": 1, "活": 1, "大白兔": 1, "奶糖": 1, "到期": 1, "抢够": 1, "无所谓": 1, "一代": 1, "人为": 1, "痛心": 1, "觉醒": 1, "乌合之众": 1, "03": 1, "得知": 1, "剧": 1, "33年": 1, "海思": 4, "前身": 1, "创建": 1, "1991年": 1, "集成": 1, "电路": 1, "中心": 1, "14": 1, "ASIC": 1, "报表": 1, "10年": 1, "4000亿": 1, "项": 1, "40%": 1, "1600亿": 1, "为期": 1, "150亿": 1, "一线": 1, "热情": 1, "商讨": 1, "半导体": 1, "达成": 1, "供给": 1, "优先": 1, "充足": 1, "明智": 1, "拒绝": 1, "友商": 1, "好意": 1, "殷勤": 1, "过分": 1, "深意": 1, "成熟": 1, "拒": 1, "扬言": 1, "会毁": 1, "2009年": 1, "K3V1": 1, "机型": 1, "毁掉": 1, "2012年": 2, "K3V2": 2, "出世": 1, "A9": 1, "较量": 2, "体现": 2, "后续": 1, "升级": 1, "版本": 1, "冠以": 1, "名": 1, "910": 2, "作品": 1, "科技史": 1, "记载": 1, "搭载": 1, "Balong": 1, "710": 1, "基带": 2, "能力": 1, "通讯": 1, "设备商": 1, "联发科": 1, "底气": 2, "所在": 1, "费钱": 1, "费时": 1, "苦活": 1, "妙招": 1, "苏格拉底": 1, "条": 2, "路上": 1, "徘徊不前": 1, "大路": 1, "珍惜": 1, "赶到": 1, "04": 1, "悖论": 1, "想尽办法": 1, "出货": 1, "红透半": 1, "感觉": 1, "生态链": 1, "流水": 1, "好容易": 1, "挣钱": 2, "沉沦": 1, "入梦": 1, "转手": 1, "澎湃": 2, "基于": 1, "联芯": 1, "S1": 1, "毛利": 1, "5%": 1, "寒门": 1, "贵子": 1, "商贾不提": 1, "星巴克": 1, "咖啡": 1, "高科技": 1, "热衷于": 1, "兜售": 1, "幻觉": 1, "市梦率": 1, "美梦": 1, "金沙江": 1, "创投": 1, "朱啸虎": 1, "警告": 1, "科技股": 2, "裸泳": 1, "美团": 1, "暴露": 1, "守住": 1, "500亿": 1, "讲": 2, "投机者": 2, "戳": 1, "局": 1, "说服力": 1, "想想": 1, "长码": 1, "短码": 1, "控制码": 1, "方案": 3, "投": 1, "与会者": 1, "厂家": 1, "蛮": 1, "勇": 1, "派": 1, "参加": 1, "扫尽": 1, "面子": 1, "恼羞成怒": 1, "孟晚舟": 1, "事件": 1, "野心": 1, "背后": 1, "阴招": 1, "毛": 1, "持久战": 1, "日本": 1, "速胜": 1, "速败": 1, "战争": 1, "相持": 1, "战场": 1, "世道人心": 1, "得道多助失道寡助": 1, "道理": 1, "霸主": 1, "太平洋": 1, "西岸": 1, "无奈": 1, "无力": 1, "好好": 3, "谈": 4, "谈拢": 1, "当年": 1, "吴京": 1, "战狼": 1, "吼": 1}