{"早": 4, "2016年": 2, "华为": 141, "余承东": 15, "坦言": 1, "希望": 3, "未来": 1, "三": 7, "五": 1, "年内": 1, "苹果": 25, "、": 29, "三星": 28, "赶超": 2, "去年": 5, "销量": 21, "一度": 2, "超越": 2, "仅次于": 1, "如今": 11, "放": 3, "豪言": 1, "预计": 2, "荣耀": 4, "2.5": 1, "2.6亿": 1, "台": 2, "意味着": 5, "很": 15, "全球": 15, "第一": 16, "智能": 21, "手机": 84, "厂商": 11, "都": 13, "国内": 4, "市场": 25, "一路": 1, "下跌": 1, "至今": 3, "1%": 1, "发布": 13, "新款": 3, "机型": 5, "表现": 1, "佳": 1, "高昂": 1, "价格": 15, "配合": 3, "乏善可陈": 1, "否认": 1, "创新": 4, "用户": 8, "颇为": 1, "不满": 1, "提振": 1, "库克": 5, "内": 3, "降价": 3, "措施": 2, "IPhone": 3, "前期": 1, "暴增": 1, "76%": 1, "尴尬": 2, "刚刚": 3, "二月份": 3, "中国区": 2, "暴跌": 2, "将近": 2, "7成": 1, "拖累": 1, "全年": 1, "营收": 1, "同比": 1, "增长率": 1, "芯片": 8, "屏幕": 17, "系统": 41, "距离": 3, "全国": 1, "越来越": 3, "折叠": 6, "MateX": 4, "谷歌": 4, "禁止": 1, "安卓": 4, "备用": 2, "手段": 1, "媒体": 5, "爆料": 1, "研发": 7, "麒麟OS": 2, "这是": 3, "自主": 11, "取代": 1, "只不过": 2, "上线": 1, "基本上": 2, "款": 28, "有备无患": 1, "值得一提的是": 1, "柔宇": 1, "推出": 5, "一个": 7, "供应商": 1, "柔派": 1, "发售": 2, "；": 1, "国产": 10, "京东方": 1, "足以": 1, "匹配": 1, "核心": 3, "部件": 1, "产品": 15, "最先": 1, "配件": 1, "优势": 3, "降低": 3, "成本": 4, "品牌": 6, "价值": 4, "提升": 7, "利润率": 3, "增长": 2, "这样一来": 1, "之间": 1, "差距": 2, "进一步": 2, "缩短": 1, "挑战": 1, "快": 1, "方式": 3, "把握": 1, "调整": 1, "运营": 2, "策略": 1, "精力": 2, "中高端": 2, "放弃": 2, "低端": 1, "旗舰": 7, "级别": 1, "P系列": 3, "Mate": 2, "系列": 7, "售价": 5, "5000": 4, "元": 10, "价位": 1, "1.7万": 1, "逐年": 1, "硬件": 3, "大众": 1, "很多": 9, "购机": 1, "首选": 1, "小米": 4, "质量": 2, "体验": 2, "轻松": 1, "让出": 1, "位置": 1, "2007年": 1, "11": 1, "时间": 8, "乔布斯": 1, "离开": 1, "能力": 5, "备受": 1, "质疑": 1, "发挥": 1, "极致": 1, "行业": 5, "影响力": 2, "巅峰": 1, "水平": 4, "市值": 1, "突破": 4, "万亿": 1, "美元": 1, "赞誉": 1, "IPhone8": 1, "IPhoneX": 1, "IPhoneXS": 1, "黔驴技穷": 1, "反而": 1, "抵制": 1, "不得已": 1, "只能": 2, "拉升": 1, "可惜": 1, "短": 2, "呈现": 2, "状态": 5, "程度": 4, "影响": 2, "销售": 2, "计划": 2, "效果": 3, "持续": 3, "肯定": 3, "美国": 4, "欧洲": 1, "印度": 2, "依然": 5, "运作": 1, "空间": 1, "潜力": 1, "供": 2, "挖掘": 1, "远": 3, "超": 2, "整体": 1, "提高": 2, "阶段": 1, "通讯": 2, "设备": 1, "运营商": 2, "5G": 25, "领域": 3, "实力": 3, "毋庸置疑": 1, "尤其是": 1, "接下": 1, "三十": 1, "大单": 1, "率先": 1, "打开": 1, "缺口": 1, "业务": 3, "2010年": 1, "萌发": 1, "2015年": 1, "确立": 1, "地位": 1, "发展": 1, "终于": 2, "站稳": 1, "脚跟": 1, "笔记本": 4, "电脑": 3, "颇": 1, "好评": 1, "近段": 1, "Matebook": 2, "13/14": 1, "MWC2019": 2, "通信": 2, "大会": 1, "最佳": 1, "称号": 1, "才": 3, "三四": 1, "成绩": 2, "4": 2, "13": 1, "抢购": 1, "线下": 1, "处于": 2, "缺货": 1, "想要": 2, "段": 1, "积累": 1, "摆": 1, "面前": 1, "市场占有率": 1, "设计": 15, "做工": 1, "利润": 1, "上都": 3, "顶尖": 1, "压制": 1, "笔者": 4, "性价比": 5, "不错": 1, "体验度": 1, "摆脱": 3, "桎梏": 1, "努力": 1, "扮演": 1, "举足轻重": 1, "角色": 1, "口碑": 1, "均": 5, "势头": 1, "看似": 1, "风光": 2, "无限": 2, "未": 4, "打破": 2, "受制于人": 3, "处境": 2, "操作": 19, "依赖": 2, "国外": 1, "进口": 1, "授权": 2, "2018年": 2, "4月份": 1, "下达": 1, "纸": 1, "禁售令": 1, "中兴": 4, "带来": 1, "场": 1, "毁灭性": 1, "打击": 1, "一时间": 1, "各项": 1, "主营": 1, "陷入": 1, "半瘫痪": 1, "遭遇": 1, "敲响": 1, "警钟": 1, "多么": 1, "出色": 1, "技术": 7, "匮乏": 1, "终究": 1, "致命伤": 1, "内置": 3, "iOS": 2, "Google": 2, "公司": 2, "提供": 4, "Android": 8, "灵魂": 1, "重要性": 3, "不言而喻": 1, "开发": 4, "衡量": 1, "前景": 1, "生态": 3, "团队": 1, "资金": 2, "因素": 2, "乐意": 1, "钱": 1, "导致": 1, "雄": 1, "争霸": 1, "局面": 2, "想到": 2, "近日": 3, "消费者": 2, "CEO": 1, "接受": 3, "德国": 1, "采访": 1, "消息": 2, "掀起": 1, "关注": 1, "讨论": 2, "还要": 3, "沿用": 1, "给出": 3, "说法": 2, "：": 7, "的确": 1, "拥有": 2, "情况": 2, "实话": 1, "想": 5, "备选": 2, "方案": 4, "唯有": 2, "迫不得已": 1, "派": 1, "用场": 1, "公布": 2, "外界": 2, "早就": 1, "流传": 1, "各类": 1, "自研": 3, "传言": 1, "始终": 2, "做出": 3, "正面": 2, "回应": 2, "迄今为止": 1, "信息": 2, "任正非": 2, "如出一辙": 1, "2012年": 1, "会议": 1, "谈": 1, "霸气": 1, "终端": 1, "出于": 2, "战略": 4, "粮食": 1, "Windows": 1, "Phone": 1, "8": 1, "傻": 1, "早已": 1, "搬": 1, "日程": 1, "布局": 3, "称": 2, "业内": 1, "领先": 1, "偏向": 1, "意义": 1, "万不得已": 1, "轻易": 1, "启用": 1, "毕竟": 7, "中国": 5, "习惯": 1, "完善": 1, "留": 1, "说白了": 1, "终止": 1, "过于": 2, "竞争": 1, "升温": 1, "饱和": 1, "表面": 1, "连年": 1, "剧增": 1, "太": 4, "默默": 1, "交付": 1, "巨额": 1, "专利": 1, "费用": 1, "长此以往": 1, "难免": 2, "丧失": 1, "欲望": 1, "占据": 1, "话语权": 1, "被动": 1, "重蹈": 1, "覆辙": 1, "当初": 1, "海思": 1, "饱受": 1, "嘲讽": 1, "白眼": 1, "现如今": 1, "麒麟": 3, "980": 1, "处理器": 8, "高通": 2, "骁龙": 4, "845": 1, "势均力敌": 1, "高性能": 1, "填补": 1, "空白": 1, "永远": 2, "竞争力": 1, "迈出": 1, "里程碑式": 1, "真的": 4, "性能": 7, "外观": 4, "拍照": 3, "质": 1, "发货量": 1, "2亿": 1, "相互": 1, "抗衡": 1, "确实": 6, "值得": 5, "骄傲": 1, "支持": 6, "乱": 1, "买": 5, "四": 2, "劝": 1, "入坑": 1, "！": 18, "10": 4, "网友": 3, "降到": 1, "2099": 1, "便宜": 3, "搭载": 4, "麒麟970": 2, "落后": 2, "采用": 15, "刘": 1, "海屏": 1, "底部": 1, "home键": 1, "过时": 1, "亮点": 1, "曲面": 1, "渐变": 1, "机身": 1, "千元机": 2, "nova": 1, "nova4": 3, "挖孔": 4, "相对来说": 1, "败笔": 1, "区分": 1, "定位": 1, "实际上": 1, "缺陷": 1, "970": 2, "工艺": 1, "制程": 1, "功耗": 2, "发热": 1, "控制": 2, "难以": 2, "855": 1, "对比": 2, "甩开": 1, "层次": 1, "2799": 1, "昂贵": 1, "P20": 1, "Pro华": 1, "P20pro现": 1, "华为p30": 1, "就要": 3, "正式": 2, "6GB": 1, "+": 9, "64": 1, "GB": 1, "储存": 2, "组合": 3, "弱": 1, "贵": 5, "4188": 1, "起步": 2, "刘海": 1, "指纹": 3, "识别": 2, "模块": 2, "摄像头": 2, "为此": 1, "花上": 1, "四五千": 1, "nova4e": 3, "总体而言": 1, "麒麟710": 1, "充其量": 1, "660": 1, "675": 1, "水准": 1, "4GB": 1, "128GB": 2, "配置": 3, "3200万": 1, "前置": 4, "具备": 8, "摄": 4, "水滴屏": 7, "后置": 2, "1999": 1, "之下": 1, "友商": 1, "比如说": 1, "红米": 1, "note7": 1, "或者是": 1, "魅族": 1, "note9": 1, "五六百": 1, "购买": 1, "不大": 2, "看法": 1, "P30": 17, "猜测": 1, "铺天盖地": 1, "时代": 2, "S10": 7, "打孔": 1, "屏外": 1, "9": 2, "iQOO": 2, "Pro": 6, "vivo": 2, "X27": 1, "7": 1, "弹出式": 4, "相机": 4, "OPPO": 5, "Reno": 1, "沈义人": 2, "描述": 2, "背面": 2, "孔": 2, "这不": 1, "正是": 1, "Find": 2, "X": 9, "主打": 1, "时尚": 2, "潮流": 2, "超级": 1, "高端": 3, "旗舰机": 1, "难道": 1, "水平线": 1, "用水": 1, "滴屏": 2, "小编": 2, "实在": 2, "看不起": 1, "OV": 1, "低": 1, "理解": 2, "做成": 1, "势必": 2, "得不偿失": 1, "卖到": 1, "宣传": 2, "水": 1, "或许": 1, "错": 1, "官方": 1, "不妨": 1, "视频": 1, "评论": 1, "看清": 1, "探索": 1, "3月": 1, "26日": 1, "法国": 1, "巴黎": 1, "Rewrite": 2, "The": 2, "Rules": 2, "重写": 2, "规则": 3, "宣传片": 2, "曝光": 1, "4000万": 3, "2000万": 2, "800万": 2, "ToF四": 1, "传感器": 1, "索尼": 1, "IMX600": 1, "优化": 1, "英文": 2, "单词": 2, "SUPER": 2, "CLOSE": 2, "Photography": 1, "无非": 2, "改写": 1, "摄影": 1, "费解": 1, "译为": 1, "封闭": 1, "词": 1, "形容": 1, "超封闭": 1, "副总裁": 2, "类似于": 1, "颜值": 1, "堪称": 1, "OLED": 1, "解锁": 1, "麒麟980": 3, "最低": 1, "8GB": 1, "内存": 1, "电池": 2, "有望": 1, "4200": 1, "mAh": 1, "40": 1, "W快": 1, "充和": 1, "IP": 1, "68": 1, "防尘": 1, "防水": 1, "期待": 2, "图片": 2, "来源": 2, "网络": 4, "侵权": 2, "请": 1, "删除": 2, "概念": 1, "遥不可及": 1, "曝光度": 1, "折叠屏": 3, "高达": 1, "万元": 2, "逼近": 1, "遥遥": 1, "毋容置疑": 1, "下半年": 1, "风口": 1, "区别": 2, "屏": 1, "全新": 1, "理念": 1, "前瞻性": 1, "科技": 1, "打造": 4, "5": 1, "未雨绸缪": 1, "5g": 1, "展现": 1, "大国": 1, "高高在上": 1, "普及": 1, "难度": 1, "日前": 1, "展示": 2, "问答": 1, "环节": 1, "产品线": 1, "李小龙": 1, "确认": 2, "非折": 1, "叠屏": 1, "mate20": 1, "版本": 6, "Mate20X": 3, "衍生": 2, "到位": 1, "一点": 1, "那般": 1, "漫天": 1, "要价": 1, "选择": 1, "Mate20": 8, "客户": 1, "需求": 1, "收到": 1, "纷纷": 1, "拿到": 1, "终端机": 1, "用于": 1, "测试": 1, "信任": 1, "信心": 1, "X50": 1, "巴龙": 2, "基带": 2, "大放异彩": 1, "完美": 1, "兼容": 1, "高速": 1, "环境": 1, "提到": 1, "受众面": 1, "窄": 1, "围绕": 2, "展开": 1, "对话": 1, "超大屏": 1, "热度": 1, "角度": 1, "7.2": 1, "英寸": 2, "AMOLED": 1, "显示": 2, "极其": 1, "细腻": 1, "惊人": 1, "加上": 1, "GPU": 1, "trubo": 1, "渲染": 1, "一流": 1, "配备": 1, "5000mah": 1, "超大": 1, "机皇": 2, "标准版": 1, "差别": 1, "像素": 2, "广角": 2, "素超": 1, "长焦": 1, "徕卡": 1, "急速": 1, "快充": 1, "优秀": 3, "手感": 1, "届时": 2, "尝鲜": 1, "起步价": 1, "4999": 1, "6000": 1, "镜头": 1, "感人": 1, "7.12": 1, "超大屏5": 1, "G华": 1, "备注": 1, "烦请": 1, "谢谢": 1, "提及": 1, "擅长": 1, "背": 1, "集团": 1, "领导者": 1, "善于": 1, "营销": 1, "高手": 1, "再次": 1, "2.5亿": 1, "目标": 1, "上将": 1, "超过": 3, "梦想": 2, "简单": 1, "分析": 1, "不仅仅": 1, "谈及": 1, "家电": 2, "赚钱": 1, "无缝": 1, "便利": 1, "平板": 1, "灯": 1, "音箱": 1, "上市": 1, "电视机": 1, "HiAI": 1, "开放": 1, "平台": 1, "层": 1, "结构化": 1, "丰富多彩": 1, "家居": 1, "苏宁": 1, "达成": 1, "合作": 1, "物联网": 1, "深度": 1, "面对面": 1, "波": 1, "交锋": 1, "惨淡": 1, "2月份": 1, "据说": 1, "1000万": 1, "出货量": 2, "专注": 1, "Mate系": 1, "交给": 1, "玩": 1, "机会": 1, "战胜": 1, "3": 3, "玩家": 1, "三星站": 1, "剩下": 1, "iPhone": 2, "缺乏": 1, "原因": 1, "惨败": 1, "道理": 1, "代表": 1, "长期": 1, "走势": 1, "坦白": 1, "讲": 1, "算": 1, "注定": 1, "回": 1, "理由": 1, "1": 1, "众多": 1, "相比": 1, "伤": 1, "用户们": 1, "回头": 1, "难": 1, "事件": 1, "形象": 1, "网友们": 1, "撼动": 1, "基于": 1, "3点": 1, "看好": 1}