{"来源": 1, "：": 26, "第一": 10, "财经": 3, "周刊": 1, "危急": 2, "时刻": 3, "华为": 232, "任正非": 64, "|": 2, "2019年": 17, "终特": 1, "辑": 2, "③": 1, "翻篇儿": 1, "策划": 1, "创刊": 1, "至今": 1, "年终": 1, "特供": 1, "商业主": 1, "视角": 1, "出发": 1, "维度": 1, "回顾": 1, "商业": 3, "世界": 12, "社会": 5, "生活": 1, "这是": 2, "系列": 9, "第三": 4, "篇": 5, "编辑部": 1, "选作": 1, "年度": 1, "公司": 50, "这家": 5, "承受": 3, "压力": 9, "空前": 1, "关注": 1, "中国": 18, "事件": 3, "讨论": 3, "恐怕": 1, "都": 36, "回避": 1, "发生": 4, "冲突": 2, "记者": 2, "吴洋洋": 1, "12月": 4, "初": 1, "孟晚舟": 4, "异国": 1, "被捕": 2, "周年": 1, "之际": 1, "父亲": 2, "接受": 3, "加拿大": 6, "媒体": 15, "环球": 1, "邮报": 1, "专访": 1, "这位": 1, "75": 6, "岁": 8, "创始人": 4, "采访": 6, "透露": 1, "美国": 30, "研发": 13, "中心": 3, "迁": 1, "末尾": 1, "致歉": 1, "夹": 1, "受害": 1, "心中": 1, "抱有": 1, "歉意": 1, "穿着": 1, "件": 4, "桔红色": 1, "西装": 1, "地方": 1, "英国": 7, "金融": 1, "时报": 1, "隔": 1, "才": 7, "创立": 2, "国人": 1, "眼中": 2, "神秘": 1, "——": 17, "营收": 1, "规模": 2, "超过": 4, "7000亿": 1, "元": 11, "阿里巴巴": 2, "倍": 1, "迄今": 2, "上市": 1, "计划": 4, "；": 4, "9.6万": 1, "名": 4, "员工": 30, "参与": 2, "股制": 1, "针对": 3, "领袖": 1, "轮岗制": 1, "全球": 14, "罕见": 1, "改变": 7, "粗略": 1, "统计": 1, "独自": 1, "面对": 8, "大大小小": 1, "30": 3, "场": 2, "创业": 5, "30多": 1, "对外": 1, "发声": 2, "次数": 1, "总和": 1, "都会": 3, "位于": 1, "东莞": 1, "松山湖": 1, "总部": 1, "一个": 30, "日本": 2, "设计师": 1, "设计": 12, "欧式": 1, "花园式": 1, "建筑群": 1, "接待": 2, "好几": 2, "拨": 1, "来访": 1, "会谈": 1, "桌椅": 1, "很多": 12, "客户": 1, "宽敞": 1, "大厅": 1, "表面": 1, "2018年": 7, "1日": 1, "境内": 2, "转机": 1, "5月": 6, "16日": 2, "政府": 6, "实施": 3, "实体": 6, "清单": 6, "制裁": 7, "注意力": 1, "内部": 10, "称": 2, "碰到": 1, "十几": 1, "凶险": 1, "政治": 4, "环境": 1, "外因": 1, "和平": 1, "年代": 2, "既定": 2, "战略": 4, "、": 55, "文化": 9, "积淀": 1, "信仰": 1, "确实": 3, "冲击": 2, "年迈": 1, "花费": 2, "20年": 2, "高管层": 1, "培养": 2, "无为而治": 1, "瞬间": 1, "全都": 1, "失效": 1, "19万": 4, "华为人": 3, "危机": 4, "耐力": 1, "情绪": 3, "列入": 3, "特朗普": 2, "供货": 4, "申报": 2, "每次": 1, "有效期": 1, "90": 1, "终端": 8, "业务": 19, "影响": 4, "预装": 1, "安卓": 6, "系统": 20, "智能": 11, "手机": 38, "海外": 5, "市场": 24, "销量": 1, "一度": 2, "下滑": 2, "40%": 1, "总体": 2, "数据": 5, "显示": 1, "4": 2, "季度": 4, "出货量": 4, "均": 1, "持续": 3, "背景": 1, "同比": 3, "逆市": 1, "增长": 5, "录得": 1, "26%": 1, "份": 3, "成绩单": 1, "得益": 2, "国内": 14, "贡献": 3, "期": 1, "内": 3, "大涨": 2, "66%": 1, "主动": 1, "爱国牌": 1, "支撑": 2, "强劲": 1, "原因": 4, "刺激": 1, "之下": 2, "本国": 1, "民众": 1, "声援": 1, "民族": 1, "弦比": 1, "外部": 3, "公众": 1, "弦绷": 1, "6万": 1, "布局": 2, "170": 1, "国家": 6, "地区": 1, "展开": 1, "伴随": 2, "技术": 24, "更新": 5, "信息": 2, "主题": 1, "合规": 2, "审查": 1, "越来越": 8, "敏感": 1, "5G": 17, "推进": 1, "过程": 4, "前所未有": 3, "阻碍": 1, "杂志": 2, "获悉": 1, "运营商": 3, "合作": 6, "提交": 1, "通信": 7, "设备": 12, "源代码": 1, "进一步": 2, "收到": 2, "监管": 1, "机构": 5, "更为": 1, "苛刻": 1, "需求": 3, "投入": 5, "设施": 3, "软件": 8, "改进": 2, "确保": 2, "久远": 1, "漏洞": 2, "包括": 2, "第三方": 1, "供应商": 2, "维护": 1, "为此": 1, "重构": 2, "30年": 2, "代码": 2, "ICT": 1, "基础": 4, "提供商": 2, "工程": 2, "能力": 4, "3": 4, "5": 1, "时间": 8, "20亿": 3, "美元": 1, "才能": 8, "工作": 7, "最终": 4, "答应": 1, "这项": 3, "浩大": 1, "加塞": 1, "团队": 6, "项目": 3, "负责人": 1, "轮值": 1, "CEO": 1, "徐": 2, "直军": 2, "公布": 1, "带领": 2, "地位": 1, "一路": 3, "打仗": 2, "早年": 2, "思科": 2, "诺基亚": 5, "胜": 1, "举杯": 1, "相庆": 1, "败则": 1, "拼死": 1, "救": 1, "最初": 2, "当作": 1, "发展": 15, "打的": 1, "仗": 1, "下半年": 3, "太": 6, "感觉": 2, "面临": 9, "结束": 2, "具名": 1, "不确定感": 1, "来源于": 2, "调整": 2, "组织": 2, "架构": 2, "人员": 1, "流动": 1, "高压": 2, "气场": 1, "积聚不散": 1, "所在": 1, "10月": 2, "30日": 1, "感谢": 2, "出口": 1, "管制": 1, "努力": 1, "董事会": 2, "对内": 2, "发放": 1, "奖金": 4, "阳光": 2, "普照奖": 2, "19.4万": 2, "增发": 2, "工资": 2, "笔": 2, "高达": 2, "用以": 1, "奖励": 1, "应对": 2, "连续性": 1, "做出": 5, "想象": 1, "期间": 2, "办法": 2, "精确": 1, "感知": 1, "状况": 1, "如果说": 1, "上半年": 1, "厄运": 1, "来自于": 1, "秋天": 1, "传导": 1, "翼": 1, "高薪": 1, "聘请": 2, "博士": 2, "年薪": 1, "百万": 2, "消息": 11, "见诸": 1, "此举": 1, "无非": 1, "想": 8, "塑造": 1, "重视": 1, "人才": 4, "投资": 2, "未来": 18, "形象": 1, "引发": 1, "老": 6, "不满": 4, "学位": 1, "只不过": 2, "早": 7, "人事": 2, "制度": 10, "很": 14, "程度": 4, "上都": 1, "服务": 13, "新陈代谢": 1, "巧妙": 1, "规避": 1, "劳动": 2, "合同法": 1, "提到": 3, "劳动者": 1, "用人": 2, "单位": 1, "连续": 1, "订立": 1, "固定": 1, "期限": 1, "合同": 4, "条": 5, "签": 1, "8": 4, "离职": 1, "入职": 3, "2007年": 1, "当年": 6, "经历": 3, "2015年": 1, "第二": 6, "续签": 2, "命运": 1, "意味着": 1, "到时": 1, "一批": 1, "创造": 1, "价值": 2, "淘汰": 3, "此刻": 1, "一刻": 1, "解雇": 1, "还没": 1, "等到": 1, "10月底": 1, "落袋": 1, "31日": 1, "原HR": 1, "胡玲": 1, "在知乎": 1, "撰文": 1, "抱怨": 1, "官僚": 1, "互联网": 4, "体恤": 1, "企业": 26, "BBS": 1, "心声": 2, "社区": 3, "声讨": 1, "实名": 1, "投诉": 1, "保护": 1, "投诉人": 1, "社交": 1, "吵翻": 1, "设有": 1, "在线": 1, "破例": 1, "匿名": 1, "发言": 1, "非华": 1, "无需": 1, "注册": 1, "随意": 1, "浏览": 1, "官方": 6, "面向": 1, "发布": 7, "文件": 2, "会议": 1, "纪要": 1, "网站": 2, "搜索": 4, "功能": 5, "内容": 1, "体验": 2, "还要": 3, "优秀": 3, "开放": 4, "充满": 3, "信任": 1, "提问": 2, "一再": 1, "扔回": 1, "面前": 1, "三": 6, "角色": 4, "这时候": 4, "期待": 7, "温情": 1, "超然": 1, "智慧": 3, "失望": 1, "2日": 1, "监狱": 1, "丈夫": 1, "传递": 1, "纸条": 2, "爸爸": 2, "矛头": 1, "对准": 1, "小心": 1, "一点": 4, "感到": 1, "震惊": 1, "行程": 1, "飞往": 1, "阿根廷": 1, "当地": 1, "代表处": 1, "变革": 1, "肩负": 1, "孩子": 2, "企业家": 1, "在意": 1, "不得不": 5, "扮演": 2, "到底": 4, "紧密": 1, "上开": 1, "后门": 1, "军队": 1, "军方": 1, "关系": 7, "嫉妒": 1, "事关": 1, "意外": 1, "陌生": 1, "态度": 1, "回应": 2, "颇": 2, "耐心": 1, "几十": 3, "方法论": 1, "带": 1, "对方": 1, "厘清": 1, "家事": 1, "之间": 3, "三者": 1, "区隔": 1, "成长": 1, "脱离": 1, "立足": 3, "土壤": 1, "当中": 3, "故事": 1, "回述": 1, "饥荒": 1, "改革": 3, "艰苦": 1, "历程": 1, "目的": 1, "希望": 3, "外界": 2, "认可": 1, "成就": 1, "市场经济": 1, "一家": 6, "纯粹": 1, "方式": 5, "试": 1, "东西方": 2, "内外": 3, "认知": 2, "化解": 1, "民航": 1, "总局": 1, "香港": 1, "国泰": 1, "航空": 1, "发": 2, "通告": 1, "发表": 3, "看法": 1, "理想": 2, "现实": 1, "东方": 2, "西方": 7, "提出": 1, "救华": 1, "花": 1, "穷人": 1, "钱": 2, "推崇": 3, "全球化": 3, "技术主义": 1, "代言": 1, "声称": 1, "出于": 1, "反击": 1, "苹果": 7, "反对": 1, "管理": 5, "学习": 3, "全员": 3, "持股": 4, "本人": 1, "创意": 1, "咨询": 2, "作品": 1, "现行": 1, "供应链": 2, "体系": 1, "1990年代": 1, "末": 1, "IBM": 2, "出自": 1, "怡": 1, "安翰威特": 1, "Aon": 1, "Hewitt": 1, "综合": 1, "考核": 1, "信奉者": 1, "逻辑": 3, "扞卫": 1, "权利": 1, "途径": 1, "简单": 2, "法律": 1, "解决": 4, "制度化": 1, "思维": 1, "事情": 4, "操作": 7, "变得": 1, "粗暴": 1, "决策": 4, "环节": 1, "经验": 1, "核心": 5, "集体主义": 2, "委员会": 1, "利益": 1, "分配": 3, "极端": 1, "思路": 3, "拒绝": 1, "大锅饭": 1, "矛盾": 4, "处在": 3, "夹缝": 1, "西方人": 1, "东方主义": 1, "舆论": 1, "轻易": 2, "放弃": 1, "夹心": 1, "价值观": 1, "这不": 1, "源于": 3, "傲慢": 1, "归根到底": 1, "经验主义者": 1, "受益者": 2, "2G": 1, "时代": 7, "崇拜": 1, "采购": 1, "外企": 1, "产品": 18, "开发": 2, "GSM": 1, "辗转": 1, "找到": 2, "生存": 2, "对比": 1, "联想": 1, "贸工技": 1, "排序": 1, "支持": 3, "技工贸": 1, "桶": 1, "金": 1, "1980年代": 1, "财力": 1, "千": 1, "交换机": 2, "赚": 2, "上百亿": 1, "接下来": 3, "赌": 1, "事后": 2, "推导": 1, "密集型": 1, "产业": 4, "绑定": 1, "私营": 1, "身上": 3, "法治": 1, "非人": 1, "治": 1, "听": 1, "枪声": 1, "追溯": 1, "从军": 1, "时期": 1, "报纸": 1, "读到": 1, "谈论": 1, "西点": 1, "军校": 1, "文章": 2, "评价": 1, "妥协派": 1, "软弱": 1, "妥协": 1, "傀儡": 1, "强势": 2, "领导者": 3, "常务": 1, "年底": 2, "拥有": 2, "票": 2, "否决权": 2, "正式": 1, "退休": 5, "角度": 1, "处于": 2, "有史以来": 1, "最佳": 1, "状态": 1, "28%": 1, "份额": 6, "位居": 2, "电信": 5, "消费者": 8, "CBG": 3, "表现": 1, "不错": 1, "年初": 1, "超越": 1, "制造商": 2, "副业": 1, "品牌": 5, "曝光": 1, "年末": 1, "时光": 1, "安详": 1, "74": 1, "婚": 1, "马上": 1, "陪伴": 1, "家庭": 1, "找": 2, "大学": 2, "数学": 2, "研究": 3, "热力学": 1, "定律": 1, "宇宙": 1, "起源": 1, "无限期": 1, "搁置": 1, "拖入": 1, "脱身": 1, "漩涡": 1, "航道": 4, "半年": 3, "新增": 2, "6000余": 1, "招募": 1, "一半": 2, "何庭波": 1, "领导": 2, "海思": 1, "芯片": 26, "事业": 3, "加持": 1, "王": 1, "成录": 1, "主管": 1, "部门": 3, "加速": 2, "上线": 2, "鸿蒙": 8, "余承东": 2, "事业部": 1, "资金": 2, "人力": 1, "变化": 6, "替换": 1, "掉": 1, "电脑": 2, "相关": 2, "程序": 1, "至少": 2, "困境": 2, "低估": 1, "一开始": 1, "担心": 3, "第4": 1, "20日": 1, "Google": 2, "暂停": 1, "往来": 1, "生态": 3, "Gmail": 1, "Chrome": 1, "YouTube": 1, "Map": 1, "推移": 1, "不止": 2, "软硬件": 1, "难题": 1, "在于": 1, "做好": 2, "长期": 1, "双线": 1, "作战": 1, "补": 1, "层面": 2, "竞争力": 1, "削弱": 1, "行业": 5, "缓慢": 1, "格局": 1, "速度": 4, "计算": 2, "猜到": 1, "陷入": 1, "紧急": 1, "倒是": 2, "被动": 1, "2010年": 1, "提": 2, "无人区": 1, "概念": 2, "词": 1, "层": 5, "正是": 1, "理论": 4, "极限": 4, "人类": 4, "网络": 3, "编码": 1, "接近": 1, "香农": 1, "领域": 2, "领先": 2, "优势": 1, "即将": 3, "走到": 2, "重点": 3, "答案": 2, "成绩": 1, "斐然": 1, "平板": 1, "物联网": 1, "在内": 1, "C": 2, "生意": 3, "管道": 1, "趋势": 1, "云和端": 1, "两边": 1, "转移": 1, "抓住": 1, "属意": 1, "主航道": 1, "云计算": 5, "偏爱": 1, "熟悉": 1, "B": 2, "步诺基亚": 1, "后尘": 1, "利润": 1, "丰厚": 1, "阴晴不定": 1, "刚刚": 1, "21": 1, "世纪": 1, "中华": 1, "厮杀": 1, "剩": 1, "中兴": 1, "竞争": 7, "对手": 2, "名单": 1, "减少": 2, "北电": 1, "财务": 1, "破产": 1, "欧洲": 2, "剩下": 2, "爱立信": 2, "方向": 3, "选择": 5, "产业链": 2, "下游": 1, "延伸": 1, "结局": 1, "消失": 1, "母公司": 1, "声誉": 1, "业绩": 1, "拖累": 1, "自上而下": 1, "推动": 1, "云业务": 2, "大一": 1, "块": 2, "既有": 1, "未能": 1, "金钥匙": 1, "国内云": 1, "口碑": 1, "盛": 1, "反而": 1, "消费": 2, "起家": 1, "阿里": 1, "销售云": 1, "电商": 1, "平台": 4, "涉及": 1, "存储": 2, "搬到": 1, "阿里云": 3, "链接": 1, "说服": 1, "服务商": 2, "物流": 1, "上云": 1, "劝说": 1, "天猫": 1, "开店": 1, "品牌商": 1, "背后": 1, "制造": 1, "购买": 1, "数字化": 1, "方案": 1, "销售": 1, "只能": 4, "自下而上": 1, "上门": 1, "cold": 1, "call": 1, "IDC": 2, "截至": 1, "拿下": 1, "43.2%": 1, "腾讯": 1, "12.2%": 1, "5.2%": 1, "讲话": 1, "提醒": 1, "聚焦": 1, "风暴": 1, "之中": 1, "难以": 1, "回答": 2, "年前": 2, "建议": 1, "转型": 3, "愿景": 1, "构建": 1, "万物": 1, "互联": 1, "空泛": 1, "诸多": 1, "抽身": 1, "众所周知": 2, "我国": 3, "国产": 4, "为数不多": 1, "自主": 2, "成熟": 2, "自研": 6, "性能": 4, "高通": 5, "美企": 2, "媲美": 1, "骄傲": 1, "自豪": 1, "毕竟": 4, "脸面": 1, "落后": 1, "情况": 5, "麒麟": 5, "著名": 1, "尤其是": 1, "麒麟990": 2, "刷新": 2, "加上": 1, "宣传": 1, "已然": 1, "瞩目": 1, "生产": 1, "台积电": 14, "伙伴": 1, "长": 1, "990": 3, "采用": 2, "先进": 1, "7nm+EUV": 1, "功耗": 1, "改善": 1, "明年": 2, "5nm": 1, "如火如荼": 1, "量产": 2, "率先": 1, "厂商": 9, "长久": 1, "14nm": 4, "断供": 3, "这一切": 2, "禁止": 1, "出手": 1, "比重": 4, "占": 1, "25%": 2, "硬件": 1, "大体上": 1, "过于": 1, "后果": 1, "如今": 3, "或许": 2, "下降": 1, "10%": 2, "也就是说": 1, "停止": 1, "好在": 2, "7nm": 1, "对此": 1, "声明": 2, "规则": 3, "不确定性": 2, "老朋友": 1, "无能为力": 1, "先是": 1, "随后": 1, "效果": 1, "想出": 1, "幺蛾子": 1, "眼中钉": 1, "纵观": 1, "多年": 2, "基本上": 1, "待遇": 1, "真的": 8, "急": 1, "可谓": 3, "想尽": 1, "想必": 1, "想要": 5, "14": 2, "nm": 1, "订单": 2, "中芯": 4, "产能": 2, "大厂": 2, "相比": 1, "差距": 2, "消化": 1, "双刃剑": 1, "短期": 1, "老兵": 2, "死": 4, "3000多": 1, "中外": 1, "媒体人": 1, "到访": 1, "知名": 1, "报道": 5, "密集": 1, "工作量": 1, "国外": 2, "北欧": 1, "法国": 8, "阿拉伯": 2, "南美": 1, "好奇者": 1, "质疑者": 1, "居心叵测": 1, "斗智斗勇": 1, "简直": 1, "诸葛亮": 1, "舌战群儒": 1, "精神": 3, "风貌": 1, "依然": 1, "斗志": 1, "昂扬": 1, "意气风发": 1, "难": 3, "老人": 1, "柳传志": 1, "55": 1, "马云": 1, "奋战": 2, "第一线": 1, "艰难": 1, "百": 1, "成功": 5, "跳楼": 2, "决绝": 1, "终于": 4, "活": 1, "哽咽": 1, "周旋": 1, "大将": 1, "背叛": 1, "三十二年": 1, "历经": 1, "磨难": 2, "创业史": 1, "艰苦卓绝": 1, "元老们": 1, "困难": 2, "凑": 1, "两万": 1, "那时候": 1, "零": 1, "挫折": 1, "壮大": 1, "交集": 1, "发现": 4, "甩手": 1, "掌柜": 1, "责任": 2, "推卸": 1, "指明": 1, "小灵通": 1, "颗粒无收": 1, "压": 1, "喘": 1, "气": 1, "身心俱疲": 1, "身体": 2, "累垮": 1, "半夜": 1, "哭醒": 1, "董事长": 2, "孙亚芳": 2, "老板": 1, "累": 1, "癌变": 1, "军心": 1, "稳": 1, "手术": 2, "朵": 1, "鲜花": 1, "看望": 1, "抑郁": 1, "自杀": 2, "打电话": 1, "生死": 1, "挣扎": 1, "烧": 1, "鸟": 1, "凤凰": 1, "涅槃": 1, "重生": 1, "何止": 2, "生死存亡": 1, "中年": 1, "一事无成": 1, "失业": 1, "离婚": 1, "人生路": 1, "窄": 1, "山穷水尽": 1, "地步": 1, "思想": 3, "观念": 2, "英雄主义": 1, "转向": 1, "团结": 1, "力量": 2, "建立": 1, "初创": 1, "一无所有": 1, "受制于人": 1, "咬牙": 1, "破釜沉舟": 1, "搞出": 1, "高利贷": 1, "硬": 1, "逼": 1, "群": 1, "年轻人": 3, "说明书": 1, "硬是": 1, "国际": 2, "巨头": 1, "兵临城下": 1, "领军": 1, "人物": 1, "李一": 1, "男": 1, "分道扬镳": 1, "反目": 1, "敌人": 1, "置华": 1, "死地": 1, "市场部": 1, "辞职": 1, "数千": 1, "辞退": 1, "签订": 1, "风波": 1, "……": 2, "大风大浪": 1, "谷歌": 7, "从来": 1, "痛苦": 3, "做事": 1, "开创": 1, "拖": 1, "机制": 2, "队伍": 2, "愈发": 1, "稳定": 1, "本来": 1, "交出": 1, "形势逼人": 1, "收起": 1, "逍遥": 1, "念头": 1, "公共": 1, "打工": 1, "人格": 1, "威信": 1, "信心": 1, "一身": 1, "转战": 1, "三千": 1, "剑": 1, "师": 1, "支": 1, "他用": 1, "言谈": 1, "风度": 1, "折服": 1, "无数": 2, "国内外": 1, "网友": 1, "非洲": 1, "美洲": 1, "肤色": 1, "倾倒": 1, "尊敬": 1, "化害": 1, "强大": 3, "谋求": 1, "生机": 1, "19": 2, "一线": 1, "天下": 1, "心血": 1, "生命": 1, "不息": 1, "奋斗": 2, "目标": 1, "全人类": 1, "使命感": 1, "驱动": 2, "坚守": 1, "阵地": 1, "功成": 1, "不必": 1, "吝于": 1, "后来人": 1, "垫脚石": 1, "一代人": 1, "尽可能": 1, "后来者": 1, "拼出": 1, "位置": 1, "打好": 1, "前站": 1, "顶": 1, "前线": 1, "争分夺秒": 1, "业务线": 2, "默默": 1, "耕耘": 1, "补洞": 2, "本职": 1, "参战": 1, "近期": 1, "燃烧": 1, "胜利": 1, "热": 1, "赢": 1, "扶持": 1, "科技": 3, "突飞猛进": 1, "话语权": 1, "造福": 1, "感受": 1, "带来": 2, "便利性": 1, "千家万户": 1, "代表": 1, "荣耀": 5, "42%": 1, "权威": 2, "Q3": 1, "4150万": 1, "台": 2, "排名": 1, "力压": 1, "陪跑": 1, "！": 5, "iPhone": 1, "创新": 3, "高度": 2, "具备": 3, "顶级": 3, "饱受": 2, "好评": 2, "十多": 1, "旗下": 1, "对外开源": 1, "基于": 2, "Android": 4, "打造": 4, "EMUI": 6, "出色": 1, "定制化": 1, "人性化": 1, "GMS": 5, "禁令": 1, "友谊": 1, "船": 1, "倒": 2, "欧洲人": 1, "地图": 1, "广告": 1, "达成": 1, "实用性": 1, "差": 1, "预见": 1, "7": 2, "备胎": 1, "派": 1, "用场": 1, "测试": 3, "阶段": 1, "足够": 1, "潘": 1, "大HMS": 1, "稳中求胜": 1, "HMS": 4, "底层": 3, "掏空": 3, "可期": 3, "段": 1, "EMUI10": 3, "迎来": 1, "1000万": 1, "用户": 3, "升级": 4, "款": 3, "方舟": 2, "编辑器": 2, "超级": 2, "管理器": 2, "跨平台": 1, "全新": 1, "分布式": 2, "交互": 1, "流畅度": 1, "给到": 1, "肯定": 2, "EMU10": 1, "10": 4, "花粉": 2, "Core": 1, "Test": 1, "选项": 1, "框架": 1, "10后": 1, "不少": 2, "友商": 1, "GPU": 1, "turbo": 1, "独一无二": 1, "招": 1, "高明": 1, "稳定性": 1, "目测": 1, "微软": 2, "window": 1, "phone": 1, "尴尬": 1, "局面": 1, "补充": 1, "输给": 1, "iOS": 1, "OS": 1, "取代": 1, "图片": 1, "侵权": 1, "请": 1, "作者": 1, "删除": 3, "万分": 1, "唯一": 1, "代价": 1, "锤子": 3, "金立": 1, "魅族": 1, "出局": 1, "蚕食": 1, "...": 29, "不仅仅": 1, "通讯": 1, "趴趴": 4, "推动者": 1, "前期": 1, "激进": 1, "策略": 1, "Mate": 5, "标配": 2, "本文": 3, "在一起": 1, "...PS": 2, "可喜": 1, "V30": 4, "纠正": 1, "错误": 2, "一下子": 1, "3500": 1, "以内": 1, "中端": 4, "价格": 2, "回望": 1, "2019": 2, "非荣耀": 1, "3000": 1, "价位": 1, "SONY": 1, "定制": 3, "4000": 1, "W像素": 1, "IMX600": 4, "传感器": 5, "下放": 3, "说到": 1, "摄像头": 6, "P40": 6, "颗": 1, "默秒": 2, "惊喜": 1, "主打": 1, "年轻": 1, "群体": 1, "nova": 1, "产线": 1, "搭载": 5, "旗舰级": 1, "9": 1, "处理器": 2, "性价比": 1, "同配": 1, "旗舰": 3, "贵": 2, "两三百": 1, "套娃": 2, "见惯": 1, "兄弟": 1, "见怪不怪": 1, "+": 1, "推出": 5, "型号": 1, "外观": 2, "刘": 1, "海屏": 1, "挖孔屏": 1, "结构": 2, "光面部": 1, "识别": 1, "屏幕": 1, "指纹": 2, "侧边": 1, "排布": 2, "竖排": 1, "浴霸": 2, "奥利奥": 2, "风格": 2, "多变": 1, "跟风": 1, "上期": 1, "吐槽": 1, "小米": 1, "...二": 1, "2020": 2, "载体": 2, "纳入": 1, "除外": 1, "供应": 1, "中高端": 1, "内置": 1, "巴龙": 1, "5000": 1, "基带": 2, "双模5G": 1, "SOC": 5, "毋庸置疑": 1, "普及": 1, "资费": 1, "因素": 1, "尽快": 3, "铺开": 1, "双模": 1, "麒麟810": 1, "续命": 1, "拉开": 1, "档次": 1, "低端": 2, "千元机": 3, "骁龙": 2, "4系列": 1, "入门级": 1, "商用": 2, "迫切": 1, "单独": 1, "入门": 1, "靠不住": 1, "悲催": 1, "联发科": 1, "三星": 2, "玩玩": 1, "合纵连横": 1, "把戏": 1, "实际上": 1, "命脉": 2, "捏": 2, "别人": 1, "手": 1, "回来": 1, "交回": 1, "手中": 1, "丢人": 1, "晴": 1, "...三": 1, "保守": 1, "审美": 1, "从未": 2, "跑偏": 1, "区别": 1, "Mate30": 1, "P30": 1, "家族式": 1, "surprise": 1, "带起": 1, "长方形": 1, "模组": 1, "毛病": 1, "抱歉": 1, "看不惯": 1, "罗": 1, "老师": 1, "酷": 1, "说起": 1, "影像": 2, "...SONY": 1, "IMX686": 1, "大小": 1, "相较": 1, "一亿像素": 1, "1/1.33": 1, "英寸": 2, "新一代": 1, "MAVIC": 1, "PRO": 1, "哈苏": 1, "再次": 1, "哈苏相机": 1, "疯狂": 1, "举动": 1, "莱卡": 1, "弃妇": 1, "未免": 1, "可怜": 1, "有限": 1, "最多": 1, "玩": 1, "粘性": 1, "联动": 1, "缺乏": 1, "想象力": 1, "认同": 1, "电视": 1, "眼镜": 1, "转载": 1, "IT之家": 2, "公号": 1, "微信": 1, "23日": 1, "晚": 1, "推特": 3, "发文": 1, "首款": 1, "石墨烯": 34, "电池": 27, "高端": 1, "持久": 1, "续航": 3, "快": 3, "充电": 5, "账号": 2, "转发": 2, "写到": 1, "P40/Pro": 1, "等于": 1, "间接": 1, "承认": 1, "股市": 1, "概念股": 1, "截止到": 1, "下午": 1, "3点": 1, "板块": 1, "总市值": 1, "上涨": 1, "100亿": 1, "中午": 1, "产品线": 1, "副总裁": 1, "李小龙": 1, "推文": 3, "问及": 1, "证实": 1, "谣言": 1, "传闻": 2, "给出": 1, "不对": 1, "评论": 1, "说法": 1, "仔细": 1, "回想": 1, "这次": 2, "爆料": 1, "删掉": 1, "引出": 1, "手机线": 1, "副总": 1, "亲自": 1, "辟谣": 1, "被盗": 1, "启人": 1, "波": 1, "实在": 1, "窒息": 1, "石": 6, "墨烯": 7, "顾名思义": 1, "稀": 1, "石墨": 3, "一块": 1, "高定": 1, "热解": 1, "胶带": 1, "粘住": 1, "撕": 2, "石墨片": 1, "薄": 3, "撕到": 1, "1": 1, "碳": 1, "原子": 1, "厚度": 1, "东西": 1, "物质": 1, "合成": 1, "自然界": 1, "中本": 1, "好处": 1, "坚固": 1, "纳米": 1, "材料": 2, "导热": 2, "导电": 3, "系数": 1, "超高": 1, "电阻": 1, "用来": 1, "电子": 1, "元件": 1, "21世纪": 1, "给予": 2, "仅仅": 2, "传": 1, "资料": 2, "文献": 1, "完整": 1, "介绍": 2, "特性": 2, "参数": 2, "能量": 1, "密度": 1, "电压": 1, "寿命": 1, "关键": 1, "统统": 1, "设想": 1, "市面": 1, "电极": 1, "锂电池": 3, "本质": 1, "出售": 1, "锂": 3, "铁电池": 1, "元素": 2, "周期": 1, "表里": 1, "轻": 1, "金属": 1, "添加": 2, "微孔": 1, "锂离子": 2, "容量": 1, "提升": 3, "借助": 1, "大幅": 1, "水平": 1, "制取": 1, "方法": 1, "成本": 1, "克卖": 1, "克": 1, "算": 1, "吨": 1, "300万": 1, "民用": 1, "谣说": 1, "话长": 1, "西班牙": 1, "Graphenano": 1, "分钟": 1, "1000": 1, "公里": 2, "实验室": 1, "未": 1, "落地": 1, "15": 2, "中科院": 1, "上海": 1, "硅酸盐": 1, "研究法": 1, "研制": 1, "用于": 1, "高级": 1, "跑车": 1, "秒钟": 1, "35": 1, "同年": 1, "18日": 1, "期刊": 1, "科学": 1, "电车": 1, "11月": 1, "13日": 1, "大会": 1, "展示": 1, "最新": 1, "分子结构": 1, "坊间": 1, "疯传": 1, "发布会": 1, "全程": 1, "字": 1, "只字未提": 1, "2016年": 1, "传播": 1, "全称": 1, "业界": 1, "高温": 1, "长寿": 1, "命石": 1, "助力": 1, "充电池": 1, "两点": 2, "写": 1, "查证": 1, "基站": 2, "降温": 1, "不知怎的": 1, "炒": 1, "理性": 2, "看待": 1, "参考": 1, "北青网": 1, "go.ruanmei.com/url.aspx?linkid": 3, "=": 3, "60521ic": 1, "606": 1, "基金报": 1, "607": 1, "裁掉": 1, "7000": 2, "赔偿": 1, "近10亿": 1, "狼性": 7, "刷爆": 1, "新闻": 1, "头条": 1, "一口气": 1, "辞掉": 1, "500": 1, "大裁员": 2, "有限公司": 1, "兼": 1, "总裁": 1, "安逸": 2, "病": 1, "整顿": 1, "换血": 1, "动点": 1, "小小": 1, "长远": 2, "氛围": 1, "懒散": 1, "意识": 1, "般的": 1, "裁员": 1, "补偿": 2, "10亿": 1, "上岗": 1, "符合": 1, "严峻": 1, "惨烈": 1, "百年": 1, "名牌": 1, "突围": 1, "精兵强将": 1, "模式": 1, "得以": 2, "暂时": 1, "走": 1, "活力": 1, "就要": 1, "新时代": 1, "提高": 1, "新华社": 1, "早已": 1, "启动": 2, "AI": 1, "人工": 2, "主播": 1, "央视": 1, "春节": 1, "晚会": 1, "主持人": 1, "身处": 1, "到处": 1, "害怕": 1, "称为": 1, "探索": 1, "站": 1, "最高峰": 1, "惧": 1, "前行": 1}