{"国产": 3, "品牌": 4, "骄傲": 2, "华为": 358, "手机": 37, "全球": 14, "销量": 9, "增速": 2, "快": 4, "三星": 6, "、": 74, "苹果": 7, "抗衡": 1, "第三": 6, "季度": 9, "5200万": 1, "超过": 16, "排": 2, "第二": 7, "成绩": 7, "很": 23, "明年": 1, "两亿": 1, "；": 15, "手": 2, "时间": 17, "众多": 2, "网友": 9, "都": 67, "副业": 7, "程度": 1, "了不起": 1, "小米": 1, "OPPO": 1, "VIVO": 1, "主业": 9, "为此": 2, "投入": 6, "心力": 1, "同意": 2, "说法": 1, "究竟": 2, "到底": 2, "通信": 10, "设备": 25, "业务": 16, "收入": 11, "2017年": 4, "6036亿": 1, "2978亿": 1, "占比": 3, "49.3%": 1, "营收": 5, "2372亿": 1, "39.3%": 1, "单单": 1, "通讯": 9, "40%": 1, "算是": 2, "组织": 4, "架构": 4, "常规": 1, "管理": 29, "部门": 15, "5": 5, "业务部": 3, "产品": 40, "解决": 2, "方案": 2, "运营商": 8, "BG": 7, "企业": 21, "消费者": 4, "Cloud": 2, "BU": 2, "分开": 1, "独立": 1, "运行": 1, "代表": 7, "服务": 4, "云业务": 1, "ICT": 2, "方向": 2, "重点": 4, "互联网": 2, "智能": 4, "载体": 1, "面对": 1, "即将": 1, "到来": 2, "5G": 26, "时代": 3, "转向": 1, "智能物": 1, "联网": 1, "重要性": 3, "不用": 1, "未来": 5, "发展": 11, "演变": 1, "明白": 1, "生活": 3, "不可或缺": 1, "一个": 31, "终端": 3, "想": 6, "太": 4, "简单": 5, "拥有": 2, "包括": 9, "欧洲": 20, "大国": 1, "站队": 1, "真诚": 1, "邀请": 1, "入驻": 1, "：": 76, "这下": 1, "美国": 50, "尴尬": 1, "遭遇": 5, "第一": 18, "件": 5, "政府": 7, "拒绝": 21, "集团": 18, "合作": 20, "国家": 25, "表达": 2, "态度": 4, "这几天": 1, "首席": 2, "财务官": 1, "加拿大": 7, "地区": 8, "扣押": 1, "无线": 17, "网络": 17, "全世界": 5, "过程": 5, "很多": 11, "堵截": 1, "不得不": 1, "技术": 33, "相关": 8, "内": 1, "竞争力": 1, "封锁": 1, "情况": 3, "5g": 2, "专利": 5, "数量": 2, "突破": 9, "1480": 1, "条": 3, "基站": 1, "数目": 1, "1万": 1, "世界": 9, "碾压": 1, "爱立信": 8, "诺基亚": 5, "有名": 1, "接连不断": 1, "价格": 2, "顶尖": 1, "水平": 3, "感到": 4, "危机": 3, "法国": 20, "巴黎": 1, "场": 6, "新闻": 3, "发布会": 2, "财政部长": 1, "提到": 1, "看好": 1, "投资": 10, "口碑": 3, "认可": 1, "成立": 5, "五": 2, "研发": 37, "机构": 4, "中东": 2, "亚洲": 2, "订单": 12, "电信": 14, "展开": 4, "光是": 1, "15": 1, "感头痛": 1, "对此": 4, "看法": 1, "21": 2, "世纪": 1, "感觉": 2, "如今": 2, "全球化": 2, "经济": 6, "科技": 8, "厂商": 3, "你来我往": 1, "500": 1, "一半": 1, "提供": 4, "支持": 4, "几十亿": 1, "用户": 5, "深得人心": 2, "市场": 26, "企及": 1, "高度": 1, "东南亚": 1, "份额": 3, "跃居": 2, "荣耀": 4, "俄罗斯": 2, "仅仅": 2, "落后": 1, "1%": 1, "余承东": 6, "2020年": 1, "吹牛": 1, "2亿": 6, "目标": 2, "不懈努力": 1, "核心": 4, "接连": 3, "围剿": 2, "禁止": 5, "入境": 1, "游说": 2, "盟国": 2, "日本": 17, "系列": 9, "丑陋": 1, "行径": 1, "不满": 3, "发声": 1, "葡萄牙": 1, "德国": 18, "力挺": 1, "眼下": 1, "英国": 5, "处于": 1, "游离": 1, "状态": 1, "传来": 2, "消息": 9, "获悉": 1, "软银": 1, "将要": 1, "采购": 7, "拒之门外": 1, "4G": 2, "基带": 1, "赶尽杀绝": 1, "电力": 1, "铁路": 1, "自来水": 1, "多达": 2, "14": 2, "领域": 4, "参与": 1, "建设": 4, "理由": 5, "模棱两可": 1, "口口声声": 1, "显得": 1, "说服力": 1, "打脸": 1, "国际": 9, "种种": 3, "排挤": 2, "质疑": 3, "风险": 3, "性价比": 2, "上都": 2, "领先": 3, "储备": 1, "功能": 3, "对手": 8, "不公平": 1, "待遇": 4, "国内": 6, "义愤填膺": 1, "声讨": 3, "解气": 1, "当地": 6, "数据": 5, "统计": 1, "显示": 1, "Nova": 1, "强势": 1, "安卓": 1, "本土": 2, "索尼": 1, "事情": 5, "一度": 3, "学会": 5, "包容": 1, "尊重": 1, "攀附": 1, "放弃": 8, "矛盾": 1, "中国": 36, "敞开": 2, "胸怀": 1, "接纳": 2, "电子": 4, "半导体": 1, "汽车": 2, "重工业": 1, "丰田": 1, "本田": 1, "沦为": 2, "二流": 1, "通用": 1, "波音": 1, "平庸": 1, "缺失": 1, "之间": 2, "弊": 1, "大于": 1, "！": 8, "普及率": 1, "增加": 2, "成本": 2, "迫不得已": 1, "买": 4, "高价": 2, "表态": 1, "的确": 1, "好评": 1, "潮": 1, "具备": 1, "而今": 1, "为由": 2, "这是": 12, "背道而驰": 4, "引发": 3, "民心所向": 1, "难": 5, "八方": 1, "支援": 1, "强大": 10, "祖国": 1, "公平": 1, "背后": 4, "损失": 1, "后援": 1, "国": 2, "本身": 1, "敏感": 1, "友谊": 1, "雪上加霜": 1, "留言": 1, "讨论": 3, "备注": 1, "图片": 1, "来源": 2, "侵权": 2, "烦请": 1, "删除": 2, "数码": 1, "博主": 2, "人才": 5, "76116": 1, "昨天": 2, "公布": 1, "1.94亿": 3, "这位": 2, "重磅": 1, "出货": 3, "破": 3, "台": 3, "估计": 1, "很快": 3, "P20": 1, "威武": 1, "Mate20": 1, "牛叉": 1, "实力": 2, "成就": 3, "卓越": 2, "去年": 3, "1.59亿": 1, "预计": 1, "查下": 1, "大数据": 1, "走向": 2, "2018年": 2, "3930万": 1, "5420万": 1, "5221万": 1, "三": 8, "同比": 1, "增长": 1, "1.45亿": 1, "第四": 3, "5500万": 1, "希望": 4, "旺季": 1, "海内外": 2, "惊人": 1, "多年": 4, "艰苦": 1, "努力": 3, "厚积薄发": 1, "Mate": 2, "P系列": 2, "款": 3, "千万": 1, "级别": 1, "爆款": 1, "恭喜": 1, "段": 7, "越来越": 1, "地方": 1, "抵制": 3, "断绝": 1, "关系": 2, "换掉": 1, "相当于": 1, "一点": 7, "办法": 2, "毕竟": 3, "在于": 1, "别人": 2, "强求": 1, "只好": 2, "找": 3, "发达": 1, "顺利": 1, "加上": 2, "站稳": 1, "脚步": 4, "竞争": 5, "地位": 2, "落": 1, "下风": 1, "正当": 2, "发生": 2, "改变": 2, "想到": 2, "传出": 3, "近日": 2, "国外": 1, "媒体": 7, "报道": 6, "Orange": 1, "做出": 4, "回应": 2, "打算": 2, "前段": 3, "可不": 1, "四": 3, "中心": 2, "自然": 2, "选择": 4, "这次": 2, "担心": 2, "停止": 1, "称": 6, "真的": 1, "等到": 1, "亲自": 3, "回复": 1, "接二连三": 1, "坏": 2, "守信": 1, "出尔反尔": 3, "心酸": 1, "肯定": 1, "差": 2, "标准": 5, "就算": 1, "毛病": 1, "借口": 1, "无奈": 1, "不少": 2, "反感": 1, "接受": 2, "这时候": 1, "正式": 1, "确认": 1, "聪明人": 2, "近年": 1, "有目共睹": 1, "丶": 8, "行业": 6, "涌现": 1, "一代代": 1, "科研": 1, "人员": 5, "创新": 2, "带来": 3, "早些年": 1, "用于": 1, "通话": 2, "东西": 6, "公司": 49, "推出": 3, "iphone4": 1, "智能机": 3, "多样机": 1, "开启": 1, "键盘": 1, "历史": 5, "冲刷": 1, "走": 3, "便利": 1, "游戏": 1, "排遣": 1, "平时": 1, "娱乐": 1, "网上": 2, "购物": 1, "愈加": 1, "流行": 1, "5G网": 2, "网速": 4, "变得": 1, "接踵而至": 1, "花": 8, "话费": 3, "流量": 1, "早前": 1, "2G": 6, "3G网": 1, "花费": 3, "想要": 1, "应运而生": 1, "早些时候": 1, "高通": 1, "争夺": 1, "业界": 1, "话题度": 1, "话题": 1, "停": 1, "1481": 2, "项": 4, "成5G": 1, "制定者": 3, "落下": 1, "自研": 1, "及早": 1, "推广": 2, "碰到": 1, "阻碍": 1, "澳大利亚": 3, "韩国": 1, "印度": 2, "国都": 2, "硬": 1, "专业": 2, "早晚": 1, "扳回": 1, "局面": 1, "回望": 1, "低": 2, "答应": 2, "小编": 1, "能力": 2, "气魄": 1, "走到": 1, "有人": 4, "低调": 1, "存心": 1, "都会": 4, "地平线": 1, "百家号": 1, "12-1408:07": 1, "|": 3, "饭统": 1, "戴": 2, "老板": 7, "作者": 1, "远川": 1, "研究": 2, "1997年": 5, "任正非": 57, "有点儿": 1, "销售": 7, "41亿": 1, "人民币": 7, "位列": 1, "百强榜": 1, "名": 13, "员工": 31, "人数": 2, "5600": 1, "六": 1, "人大": 1, "副教授": 1, "起草": 1, "基本法": 2, "大纲": 1, "扮演": 1, "细则": 1, "流程": 6, "角色": 1, "这家": 5, "创业": 2, "依赖": 1, "英雄": 2, "救火队长": 1, "捉襟见肘": 1, "力不从心": 1, "郑": 5, "宝用": 5, "李一": 9, "男": 8, "牛人": 1, "层出不穷": 1, "处在": 2, "大哥": 1, "带": 2, "弟兄们": 1, "猛冲猛打": 1, "初级": 1, "作战": 2, "成熟": 5, "决策": 4, "机制": 1, "导致": 5, "胡乱": 1, "客户": 7, "需求": 2, "手忙脚乱": 1, "疲于": 3, "应付": 4, "反复": 1, "折腾": 1, "修改": 1, "版号": 1, "1000多": 1, "混乱": 1, "效率": 2, "制造": 3, "团": 1, "乱麻": 1, "前台": 1, "拿到": 5, "回到": 3, "才": 9, "傻眼": 1, "发现": 9, "工厂": 2, "生产": 3, "交付率": 1, "50%": 4, "同期": 1, "外企": 1, "高达": 3, "94%": 1, "负责": 5, "中研部": 2, "投诉": 1, "电话": 5, "产品线": 4, "主管": 1, "夸张": 1, "狂": 1, "市场部": 1, "电话费": 1, "6000多": 1, "块": 3, "3": 7, "90": 1, "年代": 1, "包": 1, "分配": 2, "取消": 2, "无数": 4, "毕业生": 2, "涌": 2, "东南": 1, "沿海": 1, "国有": 1, "科研院所": 1, "纷纷": 1, "跳出": 1, "体制": 4, "南山": 1, "栋": 1, "办公楼": 1, "天南海北": 1, "青年": 1, "面试": 1, "拖": 1, "简陋": 1, "行囊": 1, "未": 1, "脱": 1, "稚气": 1, "手里": 1, "攥": 1, "边防证": 1, "穿过": 1, "路线": 6, "一百": 1, "动摇": 1, "宣传画": 1, "广场": 1, "街道": 1, "来到": 2, "深圳": 4, "热土": 1, "日益": 2, "庞大": 3, "队伍": 3, "淬炼": 1, "大规模": 3, "集体": 3, "部队": 1, "难题": 1, "圣诞节": 1, "这不": 1, "1992年": 1, "走出": 2, "国门": 1, "穿": 2, "土里土气": 1, "西装": 1, "身上": 2, "鼓囊": 1, "口袋": 1, "塞": 1, "5万": 1, "美金": 3, "路费": 1, "纽约": 1, "逛到": 1, "硅谷": 1, "波士顿": 1, "转到": 1, "达拉斯": 1, "足足": 1, "十几": 1, "全方位": 3, "感受": 1, "资本主义": 1, "学毛": 1, "标兵": 2, "深刻": 1, "意识": 4, "值得": 2, "学习": 5, "目的": 3, "取经": 1, "一行": 2, "考察": 2, "高科技": 1, "休斯": 1, "Hughes": 1, "Electronics": 1, "朗讯": 1, "Lucent": 1, "Technologies": 1, "惠普": 1, "Hewlett-Packard": 1, "IBM": 20, "收获": 1, "CEO": 3, "郭士纳": 5, "圣诞": 1, "假期": 1, "率领": 1, "高层": 2, "接待": 1, "整整": 2, "介绍": 2, "体系": 17, "路易斯·郭士纳": 1, "Louis": 1, "Gerstner": 1, "岁": 3, "刚刚": 3, "大刀阔斧": 1, "改革": 12, "僵化": 1, "拯救": 1, "泥潭": 1, "简直": 1, "量身定做": 1, "故事": 5, "担忧": 3, "瓶颈": 1, "高管": 8, "展示": 1, "IPD": 17, "集成": 7, "开发": 3, "模式": 2, "打动": 1, "下定": 1, "决心": 2, "钱": 4, "套": 4, "报价": 1, "毫不客气": 1, "派出": 1, "70": 1, "顾问": 8, "每人": 2, "小时": 1, "收费": 1, "300": 2, "美元": 4, "~": 3, "680": 1, "不等": 1, "驻扎": 1, "手教": 1, "账算": 1, "至少": 1, "掏": 1, "20亿": 3, "上马": 3, "系统": 15, "无疑": 2, "颠覆": 1, "企业界": 1, "认知": 1, "异常": 1, "还价": 2, "7": 3, "反问": 2, "劝": 1, "同事": 1, "砍": 2, "价": 1, "项目": 9, "1998年": 10, "8月": 1, "29日": 1, "动员": 1, "誓师": 1, "大会": 3, "50多": 1, "西装革履": 1, "进驻": 1, "300多": 1, "骨干": 3, "财务": 5, "抽调": 2, "配合洋": 1, "工作": 3, "3~5年": 1, "马IPD": 1, "ISC": 4, "供应链": 7, "8": 7, "变革": 8, "拍": 2, "桌子": 2, "喊": 3, "抵触": 1, "离开": 3, "弥漫": 1, "悲壮": 2, "升迁": 1, "打断": 1, "岗位": 1, "替代": 1, "埋藏": 1, "大部分": 1, "看不惯": 1, "洋人": 1, "指指点点": 1, "纸上谈兵": 1, "基层": 2, "怨气": 1, "考核": 2, "工作量": 2, "圈子": 2, "山头": 2, "堵": 1, "气墙": 1, "阻挡": 3, "变化": 1, "孤注一掷": 1, "发动": 2, "战争": 3, "时间点": 1, "预知": 1, "1.": 2, "革命": 4, "十年动乱": 1, "父亲": 1, "牵连": 1, "基本上": 4, "立功": 1, "受奖": 1, "绝缘": 1, "为数不多": 1, "荣誉": 2, "毛": 3, "主席": 2, "著作": 2, "充满": 1, "灰尘感": 1, "极少": 2, "本人": 2, "提起": 1, "讲话": 4, "找到": 1, "踪迹": 1, "标题": 2, "红旗": 1, "多久": 1, "带有": 1, "毛式": 1, "风格": 2, "各类": 1, "文章": 6, "呈现": 1, "混搭感": 1, "既有": 1, "LTE": 1, "4G/5G": 1, "英文": 1, "术语": 1, "攻山头": 1, "前线": 2, "后方": 1, "农村": 1, "词汇": 1, "懂得": 1, "3号": 1, "人物": 2, "制衡": 1, "2号": 1, "自我批评": 1, "压制": 1, "干部": 3, "野心": 1, "轮岗制": 1, "瓦解": 1, "地方主义": 1, "五马": 1, "京": 1, "方式": 3, "诸侯": 1, "做大": 1, "……": 8, "手段": 3, "熟读": 1, "卷": 1, "毛选": 1, "不难": 1, "领悟": 1, "出生": 2, "40~60年代": 1, "企业家": 4, "对外": 2, "战略": 5, "对内": 1, "权术": 1, "启蒙": 1, "教科书": 2, "宗庆后": 1, "史玉柱": 1, "唯一": 2, "察觉": 1, "传统": 1, "渐进式": 1, "改良": 1, "医脚式": 1, "裱糊": 1, "方法": 3, "动刀": 1, "拜": 1, "先进": 5, "师": 1, "一家": 10, "现代化": 2, "至高无上": 1, "创始人": 4, "借助": 2, "专制": 2, "铁腕": 1, "推向": 1, "轨道": 1, "看起来": 1, "分裂": 2, "俯仰": 1, "皆": 1, "元老": 2, "设计": 7, "驾": 2, "马车": 2, "规划": 1, "中试部": 1, "测试": 1, "反馈": 1, "好不": 1, "早期": 3, "运转": 1, "豪赌": 1, "成功": 4, "搞出": 1, "投向": 1, "翻": 1, "倍": 1, "崛起": 6, "粗糙": 1, "CT": 1, "俗称": 1, "二哥大": 1, "DECT": 1, "内部": 8, "失败": 1, "制度": 13, "敏锐": 1, "并非": 1, "人人": 1, "类比": 1, "中兴": 3, "1月": 3, "打造": 1, "类似": 1, "差距": 5, "埋下": 1, "引入": 2, "原先": 1, "推倒": 1, "重来": 1, "2003年": 9, "密集": 2, "改革期": 1, "解放思想": 2, "掀起": 1, "真理": 1, "撤换": 1, "立威": 3, "圈定": 1, "特区": 2, "试点": 7, "普及": 1, "书": 1, "描述": 1, "道[": 1, "路": 2, "邓小平": 1, "开放": 3, "大概": 1, "推进": 1, "针对": 4, "一批": 1, "老干部": 1, "理解": 2, "观望": 1, "变身": 1, "吹鼓手": 1, "场合": 1, "政治化": 1, "语句": 1, "阐述": 1, "鞋": 1, "摇摆": 4, "明天": 1, "一事无成": 1, "坚定不移": 1, "IBM学": 2, "精力": 1, "极为": 1, "大门": 1, "总部": 2, "重视": 2, "力排众议": 1, "服务器": 1, "软件": 1, "换成": 1, "腾出": 1, "半层": 1, "写字楼": 1, "装修": 1, "美式": 1, "咖啡机": 1, "冰箱": 1, "微波炉": 1, "一应俱全": 1, "厕所": 2, "蹲位": 1, "马桶": 1, "9": 5, "确保": 1, "洋": 2, "吃喝拉撒": 1, "宾至如归": 1, "深谙": 1, "政治": 5, "因素": 1, "道理": 2, "有意识": 1, "雷霆": 1, "产品部": 1, "总工程师": 2, "组后": 1, "影响": 1, "业绩": 1, "晋升": 1, "提出": 3, "告到": 1, "马上": 2, "总工": 1, "降级": 1, "以儆效尤": 1, "消极": 1, "配合": 1, "扣分": 1, "全称": 1, "Integrated": 1, "Product": 1, "Development": 1, "跨部门": 1, "立项": 1, "阶段": 1, "黏合": 1, "单打独斗": 1, "牛逼": 1, "兴趣": 1, "读者": 1, "参考": 3, "第3": 1, "章": 2, "第13": 1, "赘述": 1, "指导": 1, "挑": 1, "2000年": 4, "5月": 2, "17日": 1, "容量": 1, "交换机": 2, "VMSC6.0": 1, "10": 4, "周期": 3, "跑通": 1, "随后": 2, "惊讶": 1, "管用": 1, "繁琐": 2, "降低": 1, "复制": 2, "经验": 3, "野火": 1, "2001年": 5, "初": 2, "1.0": 1, "版": 3, "2002年": 6, "纳入": 1, "2.0": 1, "3.0": 1, "100%": 1, "采用": 1, "自我": 1, "脱胎换骨": 2, "动机": 1, "老": 7, "编成": 1, "段子": 2, "辆": 1, "宝马": 4, "730": 1, "开车": 1, "兜风": 1, "路上": 1, "大喊": 1, "理会": 1, "兜": 1, "圈": 1, "嘚": 1, "瑟": 1, "屁": 1, "焦急": 1, "刹车": 1, "纯属": 1, "杜撰": 1, "折射": 1, "后续": 1, "人力": 3, "落地": 1, "驾驭": 1, "巨型": 2, "战车": 1, "成长": 3, "框架": 2, "平素": 1, "为人": 1, "攻城略地": 1, "战无不胜": 1, "关键": 2, "加班": 1, "文化": 10, "深夜": 1, "排队": 1, "打车": 1, "任式": 1, "朴素": 1, "1998~2003年": 1, "好处": 1, "停留": 1, "PPT": 1, "江湖": 1, "早已": 2, "群狼": 1, "环伺": 1, "烽火": 1, "连天": 1, "捱": 1, "艰难": 3, "冬天": 2, ".": 17, "寒潮": 4, "思勇": 2, "飞机": 4, "非洲": 2, "布隆迪": 1, "Burundi": 1, "震惊": 1, "机场": 1, "海关": 1, "空无一人": 1, "打起": 1, "内战": 1, "当天": 1, "晚上": 1, "躲": 1, "酒店": 1, "伴": 1, "窗外": 1, "隆隆": 1, "炮声": 1, "睡": 1, "夜": 1, "经历": 3, "几千": 1, "海外": 11, "缩影": 1, "奔赴": 3, "中国人": 6, "难缠": 1, "西方": 7, "同行": 1, "南美": 1, "湿热": 1, "雨林": 1, "崎岖": 1, "山路": 1, "干燥": 1, "风沙": 1, "暴徒": 1, "劫匪": 1, "匕首": 1, "恐怖": 2, "分子": 1, "炸弹": 1, "WTO": 1, "派遣": 1, "工程师": 6, "开拓": 2, "出海": 2, "寻找": 2, "机会": 1, "失利": 1, "不无关系": 1, "1998~2002年": 1, "激烈": 1, "GSM": 10, "释放": 2, "巨额": 1, "摩托罗拉": 3, "外国": 1, "揽入": 1, "囊中": 1, "始终": 1, "打入": 1, "更为": 1, "吸取": 1, "固网": 1, "中华": 1, "打败": 3, "教训": 2, "某款": 1, "联合": 1, "大幅度": 1, "降价": 1, "卖": 1, "拿单": 1, "广东": 1, "扩容": 1, "上百亿": 1, "抢": 1, "屋漏": 1, "偏": 1, "连夜": 1, "雨": 1, "连接": 1, "错误": 1, "判断": 1, "过早": 1, "CDMA": 3, "联通": 3, "押": 1, "宝GSM": 1, "围堵": 2, "边缘": 2, "省份": 1, "寥寥": 1, "只能": 3, "被迫": 3, "听说": 1, "为时已晚": 1, "2001~2002年": 1, "一二": 1, "期": 1, "招标": 2, "败北": 1, "错失": 1, "小灵通": 8, "几百亿": 1, "PHS": 2, "鄙视": 1, "忽略": 1, "曲线": 1, "热切": 1, "渴望": 1, "否决": 1, "UT斯达康": 6, "异军突起": 1, "风光": 1, "无限": 1, "奉行": 1, "失误": 6, "如日中天": 1, "畅销": 1, "反对": 3, "小心翼翼": 1, "建议": 1, "怒火冲天": 1, "猛": 1, "早": 1, "定论": 1, "胡说": 1, "下岗": 1, "历年": 1, "高歌猛进": 2, "负增长": 1, "线": 1, "WCDMA": 3, "拓展": 1, "五洲": 1, "宾馆": 2, "出征": 2, "誓师大会": 1, "喊出": 1, "雄赳赳": 1, "气昂昂": 1, "跨过": 1, "太平洋": 1, "会场": 1, "风": 1, "萧萧": 1, "水寒": 1, "氛围": 1, "相比": 1, "打击": 1, "身边": 1, "倚重": 1, "下属": 1, "母亲": 1, "昆明": 1, "车祸": 1, "匆忙": 1, "回国": 1, "只见": 1, "郑宝用": 2, "上班": 1, "晕倒": 1, "检查": 1, "脑癌": 1, "兄弟": 3, "送": 2, "治疗": 1, "临别": 1, "痛哭": 1, "期间": 1, "癌症": 2, "手术": 2, "亲人": 1, "爱将": 1, "身体": 2, "变故": 1, "浸透": 1, "古往今来": 1, "变法": 1, "新政": 2, "王安石": 1, "居正": 1, "庆历": 1, "洋务": 1, "运动": 2, "动标": 1, "意味着": 2, "利益": 1, "固化": 1, "既得利益": 1, "千方百计": 1, "阻挠": 1, "寒流": 1, "挫折": 1, "停下": 4, "最终": 2, "偃旗息鼓": 1, "不了了之": 1, "反而": 1, "加速": 2, "如火如荼": 1, "郭平": 5, "领导": 1, "实施": 5, "重构": 2, "物流": 1, "交付": 1, "库存": 1, "周转率": 1, "大幅": 1, "提高": 1, "履行": 1, "缩短": 1, "障碍": 1, "59": 1, "恋权": 1, "美世": 1, "咨询": 3, "经营": 1, "团队": 1, "EMT": 1, "大权": 1, "独揽": 1, "不当": 1, "成员": 2, "轮流": 1, "担当": 1, "2011年": 5, "更进一步": 1, "实行": 1, "轮值": 1, "进一步": 1, "分散": 1, "权力": 2, "雪": 1, "如约而至": 1, "22日": 1, "距离": 1, "春节": 1, "思科": 11, "位于": 1, "德州": 1, "东部": 1, "马歇尔镇": 1, "联邦": 1, "法院": 3, "起诉": 1, "侵犯": 1, "知识": 1, "产权": 1, "指控": 3, "涉及": 3, "版权": 1, "商业": 3, "秘密": 1, "罪名": 1, "打响": 1, "遭遇战": 3, "突如其来": 1, "爆发": 1, "坚定": 2, "各条": 2, "战线": 2, "反击": 4, "箭在弦上": 1, "30日": 1, "抵达": 1, "担任": 5, "总指挥": 1, "年夜饭": 1, "外卖": 1, "华中": 2, "理工": 2, "大学": 2, "读研": 1, "导师": 2, "办公室": 1, "见到": 2, "土": 1, "扛": 1, "千里迢迢": 1, "拜访": 1, "1988年": 1, "同学": 1, "拉到": 2, "师弟": 1, "拉": 1, "示范": 1, "效应": 1, "基地": 1, "郭平带队": 1, "迎战": 1, "敌人": 3, "男于": 1, "离职": 3, "港湾": 10, "代理": 1, "天才": 1, "雄心": 1, "招兵买马": 1, "攻入": 1, "挖": 1, "正面": 1, "老东家": 1, "对抗": 1, "耿耿于怀": 1, "前华": 1, "2001": 1, "内外交困": 1, "濒于": 1, "崩溃": 1, "虚弱": 1, "仿效": 1, "推动": 3, "成群结队": 1, "投机": 1, "合手": 1, "偷走": 1, "机密": 2, "光荣": 1, "2004年": 5, "著名": 2, "打港办": 2, "对付": 2, "枪口": 1, "对准": 1, "—": 1, "前文所述": 2, "犯下": 1, "趁机": 1, "巅峰": 1, "213亿": 1, "巨资": 2, "3G": 10, "威胁": 2, "管理层": 1, "纠正": 1, "解开": 1, "锁链": 1, "摩拳擦掌": 1, "倒霉": 1, "祭旗": 1, "发挥": 2, "战斗力": 1, "6": 2, "攻破": 1, "出货价": 1, "令人咂舌": 1, "2000": 1, "打成": 1, "亏损": 3, "2005年": 6, "5.3亿": 1, "忍痛": 1, "掉": 2, "末流": 1, "收拾": 1, "完U": 1, "T斯达康": 1, "轮到": 1, "策略": 4, "惨烈": 1, "赋予": 1, "绕开": 1, "白送": 1, "刀刀": 1, "致命": 1, "耗费": 1, "4亿": 1, "元": 5, "港[": 1, "攻击": 1, "缴械": 1, "投降": 1, "2006年": 4, "并购": 1, "7月": 3, "发表": 3, "封面": 2, "沉默": 1, "目睹": 1, "这一切": 1, "心惊胆战": 1, "如果说": 1, "特色": 1, "展现": 1, "副": 1, "遵守": 1, "利用": 5, "规则": 1, "形象": 1, "韩信": 1, "忍胯": 1, "辱": 1, "站": 2, "郭": 2, "平去": 1, "律师": 2, "赔": 1, "不利": 1, "步步为营": 2, "郭平们": 1, "聘请": 2, "Shearman&Sterling": 1, "HellerEhrman": 1, "事务所": 1, "1": 3, "应对": 2, "诉讼": 3, "谈判": 3, "事务": 1, "爱德曼": 1, "公关": 1, "Edelman": 1, "PR": 1, "Worldwide": 1, "制定": 1, "计划": 2, "引导": 1, "舆论": 2, "慢慢": 2, "扭转": 1, "负面": 1, "铺天盖地": 1, "情形": 1, "被动": 1, "应诉": 1, "争议": 1, "源代码": 1, "检验": 2, "结论": 1, "声名": 1, "卓著": 1, "3Com": 2, "合资": 1, "说服": 2, "总裁": 3, "Bruce": 1, "Claflin": 1, "出庭": 1, "作证": 1, "亲口": 1, "告诉": 2, "信赖": 1, "赢得": 1, "和解": 2, "28日": 1, "法庭": 1, "终止": 1, "绝地": 1, "一大": 4, "锻炼": 1, "打边": 1, "强化": 1, "2000~2003年": 1, "增资": 1, "停滞": 1, "462亿": 1, "667亿": 1, "意义": 2, "深远": 1, "政策": 1, "结出": 1, "果实": 1, "1999年": 2, "高校": 1, "扩招": 2, "届": 1, "大学生": 1, "终于": 3, "毕业": 1, "此后": 1, "高等教育": 1, "年轻人": 1, "源源不断": 1, "社会": 4, "忙": 1, "批判": 1, "素质": 1, "下降": 1, "红利": 2, "词": 1, "听": 1, "挚爱": 1, "高利贷": 1, "发": 2, "工资": 1, "野史": 1, "北研所": 1, "视察": 1, "所长": 1, "刘平": 3, "招": 3, "解释": 2, "害怕": 1, "没事儿": 1, "干": 1, "生气": 1, "没事": 1, "招人": 1, "洗": 1, "沙子": 1, "搭建": 1, "廉价": 1, "好用": 1, "理工科": 1, "珍贵": 1, "资源": 4, "宝藏": 1, "足迹": 1, "遍布": 1, "角落": 1, "4.": 1, "安徽": 1, "三大": 1, "特征": 1, "性子": 1, "嘴巴": 1, "脸": 1, "皮厚": 1, "默默无闻": 1, "座机": 1, "打给": 1, "回来": 2, "小子": 1, "1993年": 1, "大众": 1, "隐身": 1, "负责人": 2, "社交": 1, "雷军": 1, "在内": 3, "友商": 1, "喷": 1, "戏称": 1, "网红": 1, "大嘴": 1, "表面": 1, "高调": 1, "张狂": 1, "华为人": 2, "履历": 1, "少有": 1, "带领": 1, "攻陷": 1, "征途史": 1, "帝国": 1, "源头": 1, "上溯": 1, "16亿": 2, "搞": 3, "余承东拉": 1, "预研": 1, "40多亿": 1, "迟迟": 1, "牌照": 2, "60亿": 1, "徐直军": 1, "监余": 1, "承东": 1, "压力": 3, "背景": 1, "救命": 1, "稻草": 1, "选": 1, "香港": 3, "首战告捷": 1, "索性": 1, "惊人之举": 1, "花钱": 1, "弹丸之地": 1, "影响力": 1, "立足": 1, "标杆": 1, "不言而喻": 1, "Sunday": 5, "手上": 2, "稀缺": 1, "借给": 2, "5亿": 1, "港币": 2, "用来": 2, "还债": 1, "8.59亿": 1, "斥": 1, "股东": 1, "单子": 1, "做成": 1, "标杆性": 1, "案例": 1, "阿联酋": 1, "Etisalat": 1, "WCDMA-3G": 1, "陆续": 1, "50亿": 1, "数量级": 1, "蜕变": 1, "Single-RAN": 1, "传奇": 1, "作品": 1, "2007年": 4, "沃达丰": 1, "平滑": 1, "演进": 1, "逼格": 1, "句子": 1, "大白话": 1, "便宜": 1, "保留": 1, "载波": 2, "顶住": 1, "拍板": 1, "倾无线": 1, "力量": 1, "威力": 1, "调用": 1, "研究所": 1, "算法": 1, "专家": 1, "攻克": 1, "SingleRAN": 1, "横空出世": 1, "革命性": 1, "笔": 2, "横扫": 1, "逼近": 1, "助力": 1, "之下": 1, "总收入": 1, "2000亿": 1, "所有人": 1, "景仰": 1, "数字": 1, "保障": 3, "引进": 2, "分支": 1, "搞ERP": 1, "完毕": 1, "财经": 2, "IFS": 1, "牵头": 1, "孟晚舟": 13, "体会": 1, "巴西": 3, "里约热内卢": 1, "库房": 2, "转移": 1, "圣保罗": 1, "发票": 1, "税率": 1, "差异": 1, "进口": 1, "项目组": 1, "做好": 1, "巴西版": 1, "ERP": 1, "管控": 1, "梯队": 2, "居功甚伟": 1, "贴牌": 1, "结束": 1, "喝酒": 1, "摩托罗拉GSM": 1, "白发": 1, "苍苍": 1, "科学家": 1, "总监": 1, "王": 2, "海杰": 2, "32": 1, "对方": 1, "黯然": 1, "30多": 1, "说完": 1, "趴": 1, "酒桌": 1, "哭": 1, "凝聚": 2, "鲜血": 1, "汗水": 2, "埃及": 1, "航空": 2, "突尼斯": 1, "撞山": 1, "坠毁": 1, "机上": 3, "死里逃生": 1, "尼日利亚": 1, "空难": 3, "遇难": 2, "肯尼亚": 1, "2009年": 1, "法航": 1, "2014年": 3, "马航": 1, "MH370": 1, "失踪": 1, "架": 1, "着急": 1, "付出": 2, "代价": 1, "巨头": 3, "破产": 2, "合并": 2, "衰落": 2, "剩下": 1, "搬": 1, "相比之下": 1, "销售额": 1, "6000亿": 1, "变现": 1, "民营": 2, "趟": 1, "中上": 1, "汗马功劳": 1, "调到": 1, "奇迹": 2, "般的": 1, "逆袭": 1, "不禁": 1, "拉长": 1, "误判": 1, "连续": 1, "疑问": 1, "答案": 1, "长期": 2, "跟踪": 1, "吴春波": 2, "老师": 1, "回答": 1, "5.": 1, "尾声": 1, "电讯": 1, "评价": 1, "时[": 1, "13": 2, "讲出": 1, "隐约": 1, "事实": 2, "梳理": 1, "Hay": 1, "Group": 1, "结构": 1, "Mercer": 1, "普华永道": 1, "埃森哲": 1, "忌惮": 1, "无比": 1, "篇": 1, "谈到": 1, "20年": 1, "数十亿": 1, "科学": 2, "历经": 1, "百年": 1, "锤炼": 1, "盛衰": 1, "人类": 2, "智慧": 3, "结晶": 1, "宝贵": 1, "财富": 1, "谦虚": 1, "力气": 1, "地学": 1, "冷静": 1, "克制": 1, "原因": 2, "赢": 1, "感慨": 1, "100": 2, "创造": 4, "产值": 2, "1亿": 1, "不大": 1, "同一个": 1, "学校": 1, "同门师": 1, "远": 1, "拆开": 1, "底色": 1, "中华民族": 1, "勤劳": 2, "疑惑": 1, "人民": 1, "群众": 1, "喜爱": 1, "拥护": 1, "老百姓": 1, "懂": 2, "民族": 2, "指": 1, "鼻子": 1, "盗窃": 1, "侮辱": 1, "实践": 2, "焕发": 1, "生命力": 3, "抹平": 1, "人种": 1, "谬论": 1, "产业": 1, "屹立": 1, "强者": 1, "林": 1, "三十": 2, "不行": 1, "率先": 1, "交卷": 1, "曲": 1, "无声": 1, "赞歌": 1, "慷慨": 1, "对待": 2, "奋斗": 1, "个体": 1, "资料": 1, "歼击": 1, "伏击": 1, "启示录": 1, "兴东": 1, "开森": 1, "程": 1, "东升": 1, "刘丽丽": 1, "张利华": 1, "4": 1, "往事": 1, "吴晓波": 1, "刘劲松": 1, "胡": 1, "必刚": 1, "2016": 1, "40亿": 1, "学费": 1, "师从": 1, "杨": 1, "少龙": 1, "2018": 1, "长征": 1, "戴辉": 1, "2017": 1, "倒下": 1, "田涛": 1, "2012": 1, "11": 1, "李岷": 1, "12": 1, "蓝血": 1, "十杰": 1, "表彰会": 1, "西化": 1, "起点": 1, "终点": 1, "张鹏": 1, "知名": 1, "家喻户晓": 1, "一千亿": 1, "千亿": 1, "军人": 1, "出身": 1, "推崇": 1, "狼性": 7, "感谢": 1, "抢来": 1, "狼": 4, "抢夺": 3, "10多亿": 3, "辞退": 1, "9月": 1, "共有": 1, "7000多": 1, "相继": 1, "自愿": 1, "辞职": 4, "竞聘": 3, "上岗": 3, "薪资": 2, "计算": 1, "工龄": 1, "赔偿": 1, "共计": 1, "赔款": 1, "过分": 1, "归属感": 1, "私底": 1, "下沟": 1, "均": 1, "达成": 2, "共识": 1, "说起": 1, "缔造": 1, "贯穿": 1, "刚": 1, "项背": 1, "生存": 2, "不择手段": 3, "正是": 4, "到处": 1, "树敌": 1, "待见": 1, "稳健": 1, "委婉": 1, "当初": 1, "血液": 2, "流进": 1, "危机感": 1, "偷懒": 1, "狠": 3, "自己人": 2, "无话可说": 1, "持有": 1, "股份": 2, "1.01%": 1, "98.99%": 1, "去年华": 1, "全年": 1, "6000多亿": 1, "1400": 1, "亿": 1, "福利": 1, "18万": 1, "平均": 1, "76万": 1, "年薪": 2, "百万": 1, "上万": 1, "超": 1, "500万": 1, "上千": 1, "贡献": 1, "收益": 1, "回报": 1, "正比": 1, "应得": 1, "保证": 3, "新鲜": 1, "持续不断": 1, "高效": 1, "运作": 1, "依然": 1, "快速": 1, "向前": 1, "跑": 1, "远远": 1, "抛": 1, "身后": 1, "编译": 1, "/": 1, "观察者": 3, "网史": 1, "雨轩": 1, "资深": 1, "经济学家": 2, "布鲁金斯": 2, "研究员": 2, "史蒂芬·罗奇": 2, "单独": 1, "频道": 1, "CNBC": 2, "14日": 2, "罗奇": 7, "银行": 4, "金融": 2, "近年来": 1, "违反": 6, "制裁": 10, "判": 2, "有罪": 2, "处以": 2, "罚款": 2, "入狱": 1, "挑出": 2, "逮捕": 8, "做法": 4, "质控": 2, "谣言": 2, "暗示": 2, "伪命题": 2, "13日": 2, "记者": 1, "伊朗": 5, "制裁令": 1, "财务长": 2, "摩根大通": 1, "富国": 1, "跨国": 1, "罗奇不解": 1, "坐牢": 1, "‘": 1, "singled": 1, "’": 1, "12月": 2, "1日": 1, "官员": 2, "无关": 1, "本周": 1, "围绕": 2, "扣留": 1, "闹剧": 1, "演": 1, "最新": 2, "准许": 1, "女士": 2, "保释": 2, "11日": 2, "下午": 1, "2015年": 2, "伊核": 2, "协议": 6, "联合国": 3, "名单": 2, "除名": 1, "特朗普": 3, "退出": 1, "涉嫌": 1, "证据": 2, "此举": 1, "亦": 1, "批评": 1, "特朗": 1, "普于": 1, "介入": 1, "案件": 1, "有助于": 1, "美": 4, "贸易": 2, "帮忙": 1, "言论": 1, "谴责": 1, "公众": 1, "华为案": 1, "筹码": 1, "被捕": 1, "施加": 1, "长此以往": 1, "互不": 1, "信任": 1, "澳": 1, "排除": 3, "一再": 1, "否认": 2, "指责": 1, "间谍": 1, "活动": 1, "调查": 1, "Stephen": 1, "Roach": 1, "任职": 1, "联准会": 1, "摩根士丹利": 1, "亚洲区": 1, "驻地": 1, "机遇": 1, "委员会": 1, "学者": 1, "选择性": 2, "忽视": 2, "国际法": 3, "失信": 2, "此前": 2, "哥伦比亚": 1, "教授": 1, "杰弗瑞·萨克斯": 1, "Jeffrey": 1, "Sachs": 1, "此番": 1, "前提": 1, "本国": 1, "法律": 2, "域外": 1, "管辖": 1, "危险": 1, "先例": 1, "萨克斯": 2, "一部分": 2, "报业": 1, "辛迪加": 1, "非政府": 1, "实体": 1, "单方面": 1, "基于": 1, "理事会": 1, "安理会": 2, "第2231": 1, "决议": 2, "各国": 1, "唯": 1, "和平": 1, "——": 1, "本文": 1, "网": 2, "独家": 1, "稿件": 1, "未经": 1, "授权": 1, "转载": 1, "转自": 1, "彭博": 1, "评估": 2, "外界": 1, "有限公司": 1, "供应商": 4, "迹象": 1, "制造商": 3, "元件": 2, "伙伴": 1, "数千": 1, "座": 1, "塔中": 1, "安装": 1, "电信云": 1, "支柱": 1, "柏林": 2, "华沙": 1, "动力": 1, "12日": 1, "内政部": 1, "中将": 1, "在外": 1, "发言人": 1, "特定": 2, "部署": 1, "基础": 1, "设施": 1, "隐私": 1, "新西兰": 1, "第五": 1, "辩解": 1, "声明": 1, "谨慎": 1, "该国": 1, "立场": 1, "意味": 1}