{"文": 2, "/": 3, "观察者": 2, "网": 2, "谷智轩": 1, "周四": 2, "7日": 14, "德国": 9, "经济": 2, "部长": 2, "彼得阿尔特迈尔": 1, "Peter": 1, "Altmaier": 1, "想": 3, "禁止": 3, "华为": 57, "参与": 4, "该国": 2, "5G": 17, "网络": 9, "建设": 7, "称": 7, "政府": 11, "收紧": 1, "供应商": 3, "标准": 2, "阿尔特迈尔": 2, "资料": 1, "视觉": 1, "中国": 16, "路透社": 2, "8日": 3, "报道": 8, "电视": 1, "台": 2, "ZDF": 1, "一档": 1, "节目": 1, "问及": 1, "：": 20, "即将": 2, "到来": 1, "频谱": 1, "拍卖": 1, "回答": 1, "排除": 3, "公司": 21, "这位": 1, "透露": 5, "修改": 1, "法律": 1, "确保": 1, "组件": 2, "都": 20, "违反": 1, "数据": 4, "保护": 1, "规则": 2, "案": 1, "动用": 1, "否决权": 1, "阻止": 1, "外资": 1, "收购": 3, "一个": 6, "并购": 1, "当天": 2, "早些时候": 1, "电信": 1, "设备": 6, "设定": 1, "单独": 2, "列为": 1, "对待": 1, "对象": 1, "适用于": 2, "盟友": 2, "态度": 2, "松动": 2, "去年": 2, "美国": 13, "撺掇": 1, "围堵": 1, "为由": 1, "试图": 1, "近期": 1, "西方": 1, "国家": 9, "英国": 3, "风险": 1, "可控": 1, "随后": 1, "新西兰": 1, "表态": 1, "从未": 2, "本国": 2, "上月": 1, "华尔街": 1, "日报": 1, "援引": 1, "名": 1, "官员": 1, "高速": 1, "互联网": 3, "基础": 1, "设施": 1, "部门": 1, "达成": 3, "初步": 1, "协议": 3, "全体": 1, "内阁": 1, "议会": 1, "正式": 1, "批准": 1, "预计": 4, "作出": 1, "昨天": 1, "压制": 2, "深圳": 1, "总部": 2, "发出": 1, "反击": 1, "起诉": 1, "请求": 1, "法院": 1, "判定": 1, "禁令": 1, "有违": 1, "宪法": 1, "3月": 20, "新闻": 3, "发布会": 1, "现场": 1, "轮值": 1, "董事长": 1, "郭平": 1, "提出": 1, "疑问": 1, "提供": 4, "证据": 1, "证明": 1, "指控": 1, "怀疑": 1, "产品": 10, "动机": 1, "到底": 1, "担心": 2, "先进": 1, "技术": 20, "赶超": 1, "或许": 1, "错误": 1, "从中": 1, "受益": 2, "事实": 1, "损害": 1, "利益": 1, "快": 3, "部署": 2, "郭": 1, "平如": 1, "指责": 1, "攻击": 1, "服务器": 1, "、": 27, "窃取": 1, "邮件": 1, "源代码": 1, "本文": 1, "独家": 1, "稿件": 1, "未经": 1, "授权": 1, "转载": 1, "科技": 22, "巨头": 8, "崛起": 7, "合作": 5, "伙伴": 3, "背后": 3, "默默": 3, "付出": 3, "手机": 23, "行业": 5, "成绩": 1, "通讯": 2, "领域": 6, "排": 3, "全球": 10, "首位": 2, "5g": 7, "领先": 3, "企业": 11, "代表": 2, "国": 2, "抵制": 1, "努力": 3, "终于": 1, "签下": 2, "订单": 3, "爱立信": 1, "诺基亚": 1, "依然": 1, "第一": 2, "任正非": 1, "带领": 1, "研发": 2, "创新": 4, "优秀": 1, "实力": 1, "世界": 2, "展示": 1, "围剿": 1, "邀请": 1, "5": 4, "国内": 3, "发展": 6, "三大": 2, "运营商": 2, "提前": 1, "时代": 8, "拥有": 1, "长飞": 13, "光纤": 16, "小伙伴们": 1, "听说": 2, "很多": 1, "一家": 3, "光缆": 1, "销量": 6, "连续": 1, "19": 1, "全国": 2, "差一点": 1, "国外": 6, "前景": 1, "不错": 1, "先是": 1, "花": 1, "价钱": 1, "飞利浦": 2, "学习": 3, "回来": 1, "7": 1, "才": 2, "超越": 1, "带来": 4, "机遇": 1, "慢慢": 1, "走到": 1, "顶尖": 1, "位置": 1, "市场": 15, "变化": 3, "从头": 1, "磨练": 1, "这时候": 1, "很": 6, "诱人": 1, "价格": 2, "拒绝": 1, "正好": 1, "发挥": 1, "支持": 6, "网友": 2, "越来越": 2, "发达": 1, "落后": 1, "发现": 2, "不少": 2, "折叠屏": 1, "京东方": 1, "小编": 1, "骨气": 1, "精神": 1, "想法": 1, "分享": 1, "点赞": 2, "年薪": 3, "百万": 1, "单选": 1, "|": 1, "厉害": 3, "打开": 2, "百度": 12, "APP": 1, "投票": 1, "现今": 1, "产业": 7, "推动": 3, "一批": 4, "快速": 1, "盈利": 1, "过程": 3, "如今": 1, "一时俱进": 2, "好处": 1, "！": 12, "迅猛": 1, "借助": 1, "新陈代谢": 1, "速度": 2, "情况": 4, "换代": 2, "频繁": 1, "外界": 2, "关注": 4, "趋势": 1, "情景": 1, "之下": 2, "当今": 1, "宠儿": 1, "蓝百科": 1, "改革": 1, "商业": 1, "纷纷": 1, "如火如茶": 1, "产商": 2, "亚于": 1, "火": 1, "小米": 16, "单方面": 1, "通信": 1, "取到": 1, "关键性": 1, "作用": 1, "用户": 8, "创造": 1, "设计": 3, "机型": 4, "理念": 1, "发布": 8, "款": 7, "无数": 1, "同行": 2, "事情": 1, "不难": 1, "得知": 1, "至今": 1, "好几": 1, "想必": 1, "意见": 1, "各有所需": 1, "优势": 2, "见解": 2, "段": 1, "时间": 5, "9": 5, "华为p20": 1, "系列": 2, "对比": 1, "效果": 1, "面对": 1, "自有": 1, "P20": 11, "1": 1, "米9性": 1, "价比": 1, "版本": 4, "屏幕": 18, "6.4": 1, "英寸": 8, "6": 1, "71505G": 1, "第三": 3, "相机": 1, "索尼IMX": 1, "586": 1, "4800万": 1, "正面": 1, "2500万": 1, "美投": 1, "肖像画": 1, "内存": 1, "12GB": 1, "+": 1, "1TB": 1, "指纹": 3, "解锁": 1, "采用": 3, "COF": 1, "包装": 1, "2999": 1, "元": 3, "最新": 1, "升级": 3, "照片": 1, "体验": 2, "手持": 1, "超级": 6, "夜景": 1, "960": 1, "帧": 1, "超慢": 1, "动作": 1, "岳龙": 1, "845": 1, "旗舰": 1, "性能": 3, "Vulkan": 1, "王者": 1, "荣耀": 1, "双频": 1, "GPS": 1, "小艾": 1, "语音": 2, "助手": 2, "金钱": 1, "值钱": 1, "太": 1, "喜欢": 2, "刘海平": 1, "起初": 1, "8": 1, "失望": 1, "真的": 1, "香": 1, "Pro": 7, "2018年": 2, "4月": 2, "上市": 1, "机器": 1, "手机界": 1, "热门": 1, "异形": 2, "称为": 2, "OTCH": 1, "有趣": 1, "设置": 2, "显示": 7, "菜单": 1, "控制": 3, "函数": 1, "上方": 1, "两侧": 1, "区域": 2, "变为": 1, "黑色": 1, "电源": 2, "信号": 1, "状态": 2, "栏": 1, "信息": 4, "细": 1, "白色": 1, "字体": 1, "尺寸": 2, "回到": 1, "本身": 1, "对角线": 1, "尺寸p20": 1, "5.8": 1, "LCD": 1, "材质": 2, "分辨率": 2, "2244": 1, "1080": 2, "稍": 1, "6.1": 1, "OLED": 2, "2240": 1, "自发": 1, "功能": 6, "像素": 1, "开关": 2, "增加": 1, "类似于": 1, "品牌": 1, "非屏幕": 1, "日期": 1, "选项": 1, "隐藏": 1, "锁定": 1, "密码": 1, "配备": 1, "识别": 1, "模块": 1, "位于": 2, "下方": 1, "下巴": 2, "包含": 1, "布线": 1, "天线": 1, "间隙": 1, "技术性": 1, "叫板": 2, "取决": 1, "激增": 1, "需求": 1, "选择": 3, "上都": 1, "主流": 1, "适合": 2, "转发": 1, "平板": 7, "M5": 6, "青春版": 2, "做工": 1, "10.1": 1, "当代": 1, "年轻人": 1, "追求": 1, "新鲜": 1, "生活": 2, "充当": 1, "家中": 1, "年长者": 1, "儿童": 1, "娱乐": 1, "乐园": 1, "配置": 1, "首创": 1, "智能": 7, "专业": 1, "调校": 1, "系统": 1, "优化": 1, "股": 1, "风向标": 1, "M5分": 1, "8.4": 1, "10.8": 2, "PRO三": 1, "配套": 1, "键盘": 1, "M-Pen手": 1, "写笔": 1, "早新闻": 1, "尽览": 1, "天下": 1, "2019年": 4, "制造网": 1, "今日": 2, "早间": 2, "资讯": 1, "涵盖": 1, "前沿": 1, "制造": 1, "诸多": 1, "热点": 2, "话题": 1, "洞察": 1, "风向": 1, "商机": 1, "速览": 1, "工信部": 3, "我国": 2, "正规": 1, "划整": 1, "芯": 1, "助魂": 2, "工程": 3, "计划": 6, "下午": 4, "副部长": 1, "王江平": 2, "党中央": 1, "国务院": 1, "领导": 1, "规划": 1, "‘": 1, "整芯": 1, "’": 1, "实际上": 2, "紧锣密鼓": 1, "推进": 2, "对外": 1, "讲": 1, "工作": 1, "抓": 1, "政策": 1, "资金": 2, "给予": 1, "芯片": 1, "软件": 1, "迭代": 1, "IDC": 3, "出货量": 3, "占": 2, "份额": 2, "0.5%": 2, "分析": 2, "机构": 1, "普及": 1, "难以": 1, "内": 3, "总体": 1, "670万": 1, "3G": 1, "八分之一": 1, "天琴": 2, "号": 2, "卫星": 3, "年内": 1, "升空": 1, "空间": 2, "引力": 1, "波": 1, "探测": 1, "迈": 1, "日前": 3, "人大": 1, "中山": 1, "大学": 1, "校长": 1, "罗俊": 1, "院士": 1, "验证": 1, "试验": 1, "年底": 1, "发射": 1, "精度": 1, "惯性": 1, "传感器": 2, "拖曳": 1, "微牛顿": 1, "量级": 1, "激光": 3, "干涉仪": 1, "核心": 2, "轨验证": 1, "法国": 3, "开征": 1, "3%": 2, "数字税": 2, "谷歌": 7, "亚马逊": 2, "FB": 1, "6日": 6, "针对": 2, "脸书": 1, "推出": 2, "欧盟": 1, "大型": 1, "开启": 2, "更为": 1, "监管": 1, "沃达丰": 3, "禁华": 1, "损失": 1, "数亿": 2, "英镑": 2, "晚间": 3, "消息": 16, "第二": 1, "额外": 1, "成本": 1, "放缓": 1, "陈尚义": 2, "39": 1, "入选": 2, "AI": 7, "加速器": 3, "第4": 1, "期": 3, "推": 1, "投资营": 2, "Demo": 1, "Day": 1, "揭晓": 1, "第四": 1, "名单": 1, "委员会": 2, "理事长": 1, "人工": 2, "风口": 1, "红利": 1, "希望": 1, "赋能": 1, "更多": 1, "初创": 1, "文件": 1, "特斯拉": 5, "银行": 2, "35亿": 2, "贷款": 3, "本周": 1, "提交": 1, "证券": 1, "交易": 2, "(": 2, "SEC": 1, ")": 2, "8-K": 1, "表格": 1, "子公司": 3, "总额": 1, "人民币": 1, "12": 1, "担保": 1, "银团": 1, "上海": 1, "工厂": 4, "Duplex": 3, "助理": 3, "接入": 2, "苹果": 2, "iPhone": 2, "打电话": 1, "外卖": 1, "Pixel": 2, "43": 1, "州": 1, "Google": 1, "焦点": 1, "英特尔": 2, "退役": 2, "剩余": 1, "第六": 2, "处理器": 2, "14": 1, "nm": 1, "功臣": 1, "谢幕": 1, "近日": 3, "调整": 2, "通知": 1, "酷睿": 1, "EOL": 1, "阶段": 1, "life": 1, "节奏": 1, "安排": 2, "9月": 2, "27日": 1, "接收": 2, "2020年": 2, "交付": 1, "货": 1, "图像": 2, "搜索": 9, "测试": 2, "广告": 3, "覆盖": 2, "媒体": 4, "Engadget": 1, "购物": 1, "好在": 1, "赞助": 1, "不必": 1, "广告会": 1, "原本": 1, "图片": 1, "Waymo": 2, "卖": 1, "雷达": 2, "生意": 1, "无人车": 1, "免谈": 1, "母公司": 1, "Alphabet": 1, "旗下": 2, "无人": 1, "驾驶": 2, "汽车": 4, "出租车": 1, "业务": 5, "竞争": 1, "客户": 1, "销售": 2, "开发": 1, "瑞萨": 3, "电子": 2, "停产": 4, "日经": 1, "日本": 1, "半导体": 1, "大厂": 1, "机床": 1, "猛烈": 1, "下降": 1, "超出": 1, "预期": 1, "不得不": 1, "库存": 1, "一汽": 3, "大众": 8, "合资": 3, "成立": 2, "摩斯智联": 3, "有限公司": 1, "长春": 1, "首次": 1, "预": 1, "董事会": 1, "控股": 1, "定位": 1, "网联": 1, "比亚迪": 2, "2月": 2, "能源": 2, "车": 1, "同比": 3, "增": 1, "73%": 2, "公告": 1, "14429": 1, "辆": 2, "增长": 2, "1-2月": 1, "累计": 1, "43097": 1, "175%": 1, "建立": 2, "电池": 2, "回收厂": 1, "外媒": 2, "萨尔茨吉特": 1, "回收": 1, "1200": 1, "吨": 1, "废旧": 1, "车用级": 1, "锂": 2, "电池组": 1, "钴": 1, "锰": 1, "镍": 1, "贵": 1, "金属": 2, "稀有": 1, "原材料": 1, "分离": 1, "用于": 1, "制作": 1, "蓄电池组": 1, "V3": 3, "充电桩": 2, "功率": 2, "250kW": 2, "本周三": 1, "加州": 1, "费利蒙": 1, "Supercharger": 2, "全新": 1, "Model": 1, "3": 1, "车型": 1, "充电": 1, "4月份": 1, "建造": 1, "Superchargers": 1, "充电站": 1, "投": 1, "融资": 5, "医疗": 5, "旭宏": 3, "Pre-A": 2, "轮": 2, "千万3月": 1, "专注": 2, "心脏": 1, "健康": 1, "千万": 1, "元真": 1, "价值": 1, "投资": 7, "领投": 1, "寻求": 1, "介绍": 1, "心脏AI": 1, "实时": 1, "看护": 1, "包括": 1, "硬件": 1, "平台": 1, "Grab": 3, "软银": 2, "14.6亿": 2, "美元": 5, "估值": 1, "140亿": 1, "TechCrunch": 1, "东南亚": 1, "网约车": 1, "服务": 5, "提供商": 1, "刚刚": 1, "愿景": 1, "基金": 1, "这笔": 1, "H轮": 1, "一部分": 1, "人事": 1, "阿里": 2, "消费": 1, "运营": 2, "能力": 2, "蒋凡兼": 1, "任天猫": 1, "总裁": 4, "阿里巴巴": 2, "集团": 2, "启动": 1, "消费者": 2, "策略": 1, "提升": 1, "淘宝": 1, "蒋凡": 1, "兼任": 1, "天猫": 2, "靖捷": 1, "担任": 2, "CEO": 1, "张勇": 1, "数字": 1, "经济体": 1, "体系": 1, "秘书长": 1, "李彦宏": 2, "卸任": 2, "管理": 3, "董事": 3, "工商": 2, "北京": 2, "有限": 2, "发生": 1, "变更": 2, "马东敏": 1, "王海峰": 1, "新任": 1, "此次": 1, "回应": 1, "风投": 2, "初": 1, "创期": 1, "成长期": 1, "项目": 1, "字节": 3, "跳动": 3, "商业化": 1, "挖来": 1, "360": 2, "负责人": 3, "36氪": 1, "接近": 1, "人士": 1, "吴凯": 1, "字节跳动": 1, "布局": 1, "将近": 1, "招": 1, "公关": 3, "总监": 3, "接触": 2, "10": 2, "路透": 2, "记者": 2, "20万": 2, "招聘": 2, "开出": 1, "高达": 1, "人员": 1, "资深": 1, "职位": 1, "招人": 1, "此举": 1, "国际": 1, "团队": 1}