{"华为": 50, "手机": 30, "强大": 1, "技术": 8, "实力": 1, "如今": 3, "成绩": 2, "市场": 8, "稳稳": 1, "站稳": 1, "第一": 5, "梯队": 1, "席位": 1, "很": 4, "坏": 2, "、": 35, "值": 2, "买": 3, "买贵": 1, "三": 1, "款": 8, "才": 3, "值得": 3, "！": 1, "荣耀": 32, "9": 3, "X": 5, "：": 6, "千": 1, "元": 6, "性价比": 4, "王": 1, "预算": 1, "一千多": 1, "犹豫": 1, "千元机": 1, "王者": 1, "1399": 1, "价位": 1, "采用": 9, "麒麟810": 1, "处理器": 8, "麒麟": 6, "810": 2, "厉害": 1, "简单": 1, "优于": 1, "骁龙": 3, "710": 1, "730": 1, "胜负": 1, "730手机": 1, "价格": 2, "都": 10, "2000": 1, "9X性": 1, "价比": 1, "不言而喻": 1, "方舟": 1, "编译器": 1, "EROFS": 1, "文件": 1, "系统": 6, "独家": 1, "黑科技": 1, "加持": 1, "想": 2, "流畅": 1, "难": 1, "外观": 6, "屏幕": 8, "续航": 3, "均衡": 3, "短板": 1, "V20": 4, "便宜": 2, "980": 2, "推荐": 1, "降价": 1, "6": 1, "+": 5, "128GB": 2, "版本": 3, "2099": 1, "内存": 3, "差": 4, "两百": 2, "块": 2, "升级": 5, "麒麟980": 2, "算": 1, "主流": 1, "挖孔屏": 1, "挖孔": 1, "面积": 1, "影响": 2, "日常": 1, "观感": 1, "升降": 1, "好处": 1, "一体性": 1, "机身": 4, "轻薄": 1, "背面": 4, "V字形": 1, "炫光": 1, "纹路": 1, "辨识性": 1, "后置": 6, "双摄": 1, "颗": 2, "IMX": 1, "586": 1, "4800": 1, "W主": 1, "摄": 4, "TOF": 1, "主摄": 1, "拍照": 4, "效果": 3, "不错": 1, "减配": 1, "广角": 2, "长": 1, "焦": 2, "镜头": 6, "玩性": 1, "折扣": 1, "4000": 1, "mAh": 4, "电池": 5, "22.5W": 1, "快": 1, "充续": 1, "航": 1, "不用": 2, "担心": 2, "整体": 1, "P30": 13, "旗舰机": 2, "高端": 3, "Pro": 9, "选华": 1, "关系": 4, "各有利弊": 1, "拔高": 1, "能力": 4, "五": 2, "倍": 1, "潜望式": 1, "加大": 1, "导致": 1, "厚度": 1, "高达": 2, "8.41": 1, "重量": 2, "192g": 1, "6.1": 1, "英寸": 2, "165g": 1, "在手": 1, "刚刚": 1, "3650": 1, "显示": 2, "偏": 1, "实用": 1, "秀": 1, "肌肉": 1, "顶级": 1, "旗舰": 1, "加上": 1, "差价": 1, "明智之选": 1, "前段": 1, "时间": 2, "闹": 1, "沸沸扬扬": 1, "封锁": 1, "事件": 2, "渐渐": 1, "平息": 1, "远远": 1, "结束": 1, "回顾": 1, "此次": 2, "风波": 4, "当中": 2, "耐人寻味": 1, "「": 1, "美": 1, "企伟": 1, "创力": 1, "第一时间": 2, "响应": 2, "禁令": 1, "」": 1, "企业": 3, "评估": 1, "立场": 1, "摇摆不定": 1, "代工": 3, "厂商": 1, "伟创力": 19, "毫不犹豫": 1, "美方": 1, "意料": 1, "打击": 1, "来临": 1, "表现": 1, "耿直": 1, "包括": 4, "中国": 4, "城市": 1, "欧洲": 2, "工厂": 7, "停掉": 1, "业务": 3, "感到": 1, "愤怒": 1, "停止": 1, "试图": 1, "深圳": 1, "拉回": 2, "设备": 5, "物料": 2, "无理": 1, "拦阻": 1, "美国": 2, "出口": 1, "管制": 1, "为由": 1, "拒绝": 2, "归还": 2, "私自": 1, "扣押": 2, "归属权": 1, "东西": 1, "迫于": 1, "种种": 1, "压力": 1, "之下": 1, "付出": 1, "笔": 1, "费用": 1, "代价": 1, "得以": 1, "价值": 2, "7亿": 1, "物资": 1, "处境": 1, "雪上加霜": 1, "秋后算账": 1, "路透社": 1, "消息": 3, "称": 1, "本周": 1, "一向": 1, "Flex": 1, "发": 1, "律师函": 2, "此前": 2, "无故": 1, "经济": 2, "赔偿": 2, "金额": 1, "数亿": 2, "份": 2, "强硬": 1, "指出": 1, "子公司": 1, "珠海": 1, "生产": 3, "原材料": 1, "半成品": 1, "4亿": 1, "人民币": 1, "对此": 1, "对外": 2, "公司": 1, "声明": 2, "此刻": 1, "发表": 1, "昔日": 1, "亲密": 1, "无间": 1, "合作": 1, "伙伴": 1, "反目成仇": 1, "对簿公堂": 1, "全球": 2, "上演": 1, "场": 1, "真实": 1, "墙头": 1, "草": 1, "下场": 2, "断供": 2, "仅次于": 1, "富士康": 1, "第二": 1, "代工厂": 1, "大肆": 1, "建造": 1, "主营": 1, "产品": 2, "基站": 1, "通信": 1, "订单": 1, "去年": 1, "年底": 1, "官方": 2, "公布": 1, "92": 1, "核心": 2, "金牌": 1, "供应商": 1, "名单": 2, "赫赫": 1, "在列": 1, "所有人": 1, "之间": 1, "可谓": 1, "亲密无间": 1, "2018年": 1, "4月": 1, "位于": 3, "长沙": 2, "新建": 1, "期": 3, "项目": 2, "正式": 2, "投产": 1, "计划": 1, "日产": 1, "6万余": 1, "台": 1, "超级": 1, "仅仅": 1, "86": 1, "停产": 1, "工作": 2, "处于": 1, "停滞": 1, "状态": 1, "恶化": 1, "运转": 1, "二期": 1, "规划": 1, "国产": 3, "代工商": 1, "比亚迪": 1, "取代": 1, "依然": 1, "负责": 1, "转卖": 1, "行业": 1, "人士": 1, "分析": 1, "一家": 1, "单纯": 1, "厂家": 1, "道理": 1, "敏感": 1, "现实": 1, "落井下石": 1, "美企": 1, "原因": 1, "无非": 1, "两点": 1, "借助": 1, "打算": 1, "痛打": 1, "落水狗": 1, "以便于": 1, "坐地": 1, "起价": 1, "利益": 1, "；": 1, "率先": 1, "示好": 1, "本土": 1, "地区": 1, "赢得": 1, "支持": 6, "不幸": 1, "如意": 1, "算盘": 1, "统统": 1, "打空": 1, "报复": 1, "再度": 1, "从此": 1, "丧失": 1, "掉": 1, "一个": 1, "带来": 4, "美元": 1, "利润": 1, "客户": 1, "还要": 1, "面临": 1, "巨额": 1, "索赔": 1, "应得": 1, "日前": 1, "EMUI": 8, "10.0": 1, "官宣": 1, "宣传": 1, "情况": 2, "新一代": 2, "10": 7, "8月": 1, "9日": 1, "明天": 1, "花粉": 6, "见面": 1, "一代": 2, "革命性": 1, "改变": 1, "关注": 1, "很多": 1, "尝鲜": 1, "究竟": 1, "基于": 1, "功能": 1, "细节": 2, "注重": 2, "生活": 4, "紧密": 1, "提高": 1, "体验": 5, "打破": 1, "终端": 1, "边界": 1, "无缝": 1, "自由": 1, "流转": 1, "拥有": 1, "EMUI9": 1, "各项": 1, "先进": 1, "提升": 1, "使用者": 1, "智能": 3, "暴露": 1, "21": 1, "Lite": 3, "(": 4, "国内": 3, "nova": 1, "4e": 1, ")": 4, "P20": 2, "Mate": 9, "5G": 6, "麦芒7": 1, "P": 3, "Smart": 3, "2019": 2, "RS": 1, "保时捷": 1, "版": 1, "保时": 1, "捷版": 1, "PRO": 1, "20i": 1, "最新": 2, "推出": 1, "出色": 2, "自然": 4, "子品牌": 2, "知名度": 1, "一点": 1, "品牌": 2, "设计": 9, "软硬件": 1, "搭载": 11, "定位": 3, "区分": 1, "发布": 3, "系列": 2, "差不多": 1, "该机": 7, "良心": 2, "时代": 1, "落后": 1, "近日": 1, "概念": 1, "新机": 12, "强势": 2, "来袭": 2, "正面": 1, "京东方OLED屏": 1, "内置": 2, "5000": 3, "超大": 1, "网络": 1, "算是": 2, "颜值": 2, "性能": 3, "兼备": 2, "上都": 4, "精美": 1, "这部": 11, "渲染图": 2, "所示": 7, "钻孔屏": 3, "方式": 4, "潮流": 1, "保留": 2, "窄": 1, "上下边框": 1, "屏占比": 1, "参数": 5, "尺寸": 1, "6.9": 1, "京东方OLED": 1, "高清": 1, "显示屏": 1, "分辨率": 1, "1120": 1, "2560": 1, "像素": 4, "屏占": 1, "92.6%": 1, "高宽": 1, "19.5:9": 1, "比例": 1, "色彩值": 1, "1600万": 2, "前置": 3, "摄像头": 6, "单颗": 1, "打破常规": 1, "左上": 1, "角": 1, "组件": 1, "镶嵌式": 2, "一体式": 1, "防尘": 1, "3200万": 1, "光圈": 4, "F/1.9": 1, "AI美颜": 1, "HDR": 1, "变化": 1, "地方": 1, "肯定": 1, "无疑": 1, "不仅仅": 1, "数量": 1, "增长": 1, "拍摄": 1, "质": 1, "飞跃": 1, "惊艳": 1, "四": 1, "LED": 1, "闪光灯": 1, "条": 1, "线": 1, "垂直": 1, "长焦": 1, "超广角": 1, "微距": 1, "均": 1, "A": 1, "I": 1, "4800万": 1, "1200万": 1, "800万": 1, "F/1.7+F/2.2+F/2.3+F/2.4": 1, "OIS": 1, "光学": 1, "防抖": 1, "PDAF": 1, "相位": 1, "海思": 2, "顶尖": 3, "——": 1, "麒麟985": 2, "平台": 1, "即将": 1, "基础": 1, "做出": 1, "集成": 1, "研发": 1, "巴龙": 1, "芯片": 1, "鸿蒙": 1, "OS": 1, "运行": 1, "8GB": 1, "/": 3, "10GB": 1, "存储": 1, "256GB": 1, "512GB": 1, "组合": 1, "空间": 1, "平时": 1, "需求": 1, "一块": 1, "拆卸式": 1, "充电": 2, "50": 1, "W闪充": 1, "27W": 1, "无线": 1, "用户": 1, "极致": 1, "解锁": 1, "屏下": 1, "指纹": 1, "面部": 1, "识别": 1, "保护": 1, "材质": 1, "康宁": 1, "玻璃": 1, "流光": 1, "线条": 1, "视觉": 1, "感官": 1, "尤为": 1, "3.5": 1, "毫米": 1, "耳机": 1, "孔": 1, "旗下": 1, "区别": 1, "硬件": 1, "接近": 1, "配置": 1, "资料": 1, "发布价": 1, "4999": 1, "良心价": 1}