{"时代": 6, "都": 34, "成功": 6, "弄潮儿": 1, "佼佼者": 1, "几十": 2, "西方": 2, "欧": 1, "美国": 38, "科技": 6, "主动权": 1, "全世界": 2, "发达": 1, "群体": 1, "创新": 4, "能力": 6, "数一数二": 1, "反倒": 2, "中国": 20, "远远": 2, "抛": 1, "身后": 2, "毕竟": 2, "基础": 2, "技术": 57, "落后": 2, "工业": 3, "发展": 8, "革命": 1, "迟缓": 1, "数百": 1, "消息": 5, "中国人": 1, "智慧": 1, "后来者": 1, "居": 3, "民族": 2, "企业": 20, "出海": 1, "案例": 3, "当中": 5, "感到": 1, "欢欣鼓舞": 1, "华为": 161, "5G": 51, "芯片": 46, "手机": 39, "领域": 13, "屹立": 1, "世界": 7, "巅": 1, "敢于": 4, "国际": 4, "市场": 22, "正面": 3, "欧美": 1, "叫板": 1, "胜出": 1, "数不胜数": 1, "足以": 1, "实力": 11, "强大": 4, "今非昔比": 1, "竞争": 7, "赢": 2, "民众": 1, "来得及": 1, "开心": 1, "很快": 2, "听到": 1, "坏": 3, "公司": 10, "鼓吹": 1, "公平": 3, "失败": 2, "想": 4, "法子": 1, "改变": 1, "规则": 1, "才": 6, "露出": 1, "丑恶": 1, "嘴脸": 1, "这才": 2, "发现": 4, "欧美人": 1, "想象": 1, "爱好": 1, "平等": 1, "小算盘": 1, "下令": 1, "拉入": 1, "实体名单": 1, "订单": 3, "这一切": 1, "挺": 1, "结束": 1, "针对": 2, "制裁": 10, "依旧": 4, "有条不紊": 1, "一个": 32, "计划": 2, "希望": 2, "遏制": 1, "住": 1, "台积电": 13, "据说": 3, "断供": 2, "众所周知": 1, "自主": 5, "研发": 21, "顶尖": 2, "水准": 2, "拿手好戏": 1, "AI": 3, "智能": 2, "程度": 2, "一流": 1, "拥有": 5, "量产": 4, "件": 4, "事情": 3, "交给": 2, "也就是说": 2, "一家": 5, "工厂": 2, "代工": 4, "生产": 7, "选择": 11, "合作": 11, "伙伴": 2, "高精尖": 1, "困难": 1, "制造": 2, "加工": 2, "简单": 1, "流水线": 1, "工艺": 7, "我国": 2, "台湾": 1, "厂商": 10, "老道": 1, "经验": 1, "找": 1, "停止": 3, "布局": 1, "空中楼阁": 1, "场": 5, "空": 1, "做出": 5, "新闻": 2, "报道": 11, "强制": 1, "施压": 1, "制作": 1, "过程": 3, "用到": 4, "恶勒令": 1, "含量": 1, "降": 1, "10%": 3, "以内": 1, "14": 4, "纳米": 2, "15%": 1, "比例": 1, "禁令": 8, "导致": 3, "提供": 4, "很多": 9, "款": 13, "构造": 1, "再生产": 1, "很": 8, "晴天": 1, "霹雳": 1, "好在": 1, "网友": 1, "提到": 2, "备用": 1, "国际性": 1, "大牌": 1, "历经": 1, "多年": 2, "风雨": 1, "倒": 1, "肯定": 5, "刷子": 1, "鸡蛋": 1, "放": 1, "同一个": 1, "篮子": 1, "中芯国际": 2, "具备": 2, "技巧": 1, "强行": 1, "下手": 1, "纯": 1, "国产": 9, "中芯": 1, "提早": 1, "孵化": 1, "或许": 1, "反而": 7, "搬起": 1, "石头": 1, "砸": 1, "脚": 1, "想到": 2, "打压": 2, "激励": 2, "前沿": 1, "走上": 1, "舞台": 1, "任正非": 8, "亲自": 2, "一番": 1, "回复": 1, "记者": 1, "采访": 2, "感谢": 1, "正是": 1, "鞭子": 1, "追赶": 1, "紧迫感": 1, "员工": 1, "工作": 3, "效率": 1, "夸": 1, "难得": 1, "创新型": 1, "国家": 7, "学习": 1, "这话": 1, "的确": 3, "没错": 1, "未来": 11, "时间": 3, "赶超": 1, "塞翁失马": 2, "焉知非福": 2, "文丨": 1, "华商": 2, "韬略": 2, "杨凯": 1, "中兴": 93, "活": 6, "2018年": 6, "4月": 1, "16日": 1, "至暗": 1, "时刻": 1, "记忆犹新": 1, "大洋": 2, "彼岸": 2, "传来": 1, "纸": 2, "：": 28, "7": 1, "禁止": 3, "通讯": 6, "销售": 1, "零部件": 1, "、": 33, "商品": 1, "软件": 2, "理由": 1, "违反": 1, "伊朗": 1, "条款": 1, "无异于": 1, "切断": 1, "生命线": 1, "业务": 13, "停摆": 1, "形势": 1, "危急": 1, "77": 1, "岁": 5, "创始人": 2, "侯": 6, "贵": 7, "出山": 1, "奔走": 1, "悲观": 1, "预测": 3, "真的": 3, "执行": 1, "撑": 1, "三": 3, "网络": 10, "倒闭": 1, "流言": 1, "不绝于耳": 1, "资本": 3, "股票": 1, "旋即": 1, "停牌": 1, "难": 1, "掩": 1, "颓势": 1, "投资者": 1, "信心": 1, "跌入": 1, "谷底": 1, "股价": 2, "随后": 1, "31.31": 1, "元": 19, "每股": 3, "下挫": 1, "11.85": 1, "累计": 5, "跌幅": 2, "高达": 3, "62.15%": 1, "期间": 1, "8": 1, "跌停板": 1, "市值": 1, "蒸发": 1, "超过": 4, "800亿": 1, "谈判": 2, "89": 1, "天后": 1, "终止": 1, "美国商务部": 4, "安全署": 1, "BIS": 1, "出口": 1, "人员": 1, "清单": 5, "移除": 1, "付出": 1, "代价": 1, "惨烈": 1, "复牌": 1, "缴纳": 1, "10亿": 1, "美元": 5, "罚款": 2, "4亿": 1, "保证金": 1, "高管": 2, "请辞": 1, "影响": 5, "净": 1, "亏损": 1, "69.84亿": 1, "主营": 1, "破坏": 1, "消费者": 2, "营收": 18, "几近": 2, "腰斩": 1, "全年": 4, "同比": 9, "减少": 2, "21%": 1, "收入": 2, "锐减": 1, "30%": 2, "危机": 3, "总算": 1, "暂时": 1, "解除": 1, "欢呼": 1, "支持": 17, "漫天": 1, "负面": 2, "评价": 1, "有人": 3, "此举": 1, "比作": 1, "割地": 1, "赔款": 1, "辛丑": 1, "条约": 1, "此后": 1, "公众": 1, "视野": 1, "消失": 1, "时至今日": 1, "不少": 2, "在知乎": 1, "平台": 1, "发问": 1, "现实": 1, "33.64": 1, "恢复": 2, "水平": 4, "2017年": 4, "三季度": 5, "642亿": 1, "增长": 8, "9.32%": 1, "；": 23, "净利润": 2, "41.3亿": 1, "156.9%": 1, "预计": 3, "43亿": 1, "53亿": 1, "4G": 2, "处于": 2, "扩容": 1, "尾声期": 1, "商用": 4, "初期": 1, "总体": 1, "业绩": 2, "放量": 1, "未": 3, "份": 2, "成绩单": 2, "已然": 2, "喜人": 1, "禁运": 1, "下滑": 2, "上半年": 4, "74.24亿": 1, "35.41%": 1, "占比": 4, "16.6%": 1, "相较": 1, "同期": 3, "33.13%": 1, "下降": 1, "一半": 1, "大涨": 1, "运营商": 6, "填补": 1, "缺口": 1, "324.85亿": 1, "38.19%": 1, "政企": 1, "47亿": 1, "6.02%": 1, "费用": 1, "管控": 1, "效果": 3, "毛利率": 1, "38.4%": 1, "去年": 3, "提升": 3, "5.5": 1, "百分点": 1, "5": 2, "利空": 1, "出尽": 1, "触底": 1, "反弹": 1, "再度": 4, "宠儿": 1, "截至": 6, "全国": 2, "社保": 2, "基金": 2, "重仓": 1, "对象": 1, "十大": 1, "股东": 1, "占": 4, "3": 2, "席": 1, "36": 1, "券商": 1, "给出": 2, "评级": 3, "22": 1, "买入": 1, "13": 1, "增持": 1, "1": 1, "中性": 1, "华泰": 1, "证券": 1, "基于": 3, "长期": 2, "积累": 1, "价值": 1, "重估": 2, "阶段": 2, "有望": 2, "迎来": 1, "海外": 3, "压制性": 1, "需求": 1, "释放": 1, "带来": 2, "机遇": 1, "份额": 6, "进一步": 1, "沉潜": 1, "当初": 1, "恶评": 1, "回击": 4, "低估": 2, "2019年": 7, "6月": 1, "4日": 1, "信息": 4, "通信院": 1, "组织": 1, "华山论剑": 1, "分布式": 1, "数据库": 11, "测评": 2, "囊括": 1, "国内": 11, "知名": 1, "阿里云": 1, "腾讯云": 1, "百度": 1, "顶级": 2, "选手": 2, "一一": 2, "在列": 1, "大吃一惊": 1, "——": 6, "获胜": 1, "居然": 3, "GoldenDB": 2, "全场": 1, "唯一": 2, "50": 1, "项": 2, "满分": 1, "不久后": 1, "中信": 2, "银行": 2, "核心": 7, "迁移": 1, "轰动": 1, "金融": 5, "行业": 6, "难度": 1, "场景": 1, "称为": 2, "皇冠": 1, "明珠": 1, "互联网": 1, "巨头": 6, "IOE": 1, "运动": 2, "国外": 2, "至今": 1, "占据": 2, "95%": 1, "携手": 1, "机构": 1, "二者": 1, "视为": 1, "革命性": 1, "一刻": 1, "零": 1, "突破": 4, "意味着": 2, "高下": 1, "战略级": 1, "产品": 10, "目标": 3, "50%": 2, "黑天鹅": 1, "事件": 4, "爆发": 2, "以偏概全": 1, "直指": 1, "缺乏": 2, "事实上": 1, "弱": 1, "7nm": 1, "规模": 3, "同步": 1, "导入": 1, "5nm": 1, "各类": 2, "100余": 1, "旗下": 1, "微电子": 1, "IC": 2, "设计": 15, "排名": 2, "第3": 1, "位列": 5, "第4": 2, "操作": 3, "系统": 6, "自研": 4, "嵌入式": 1, "第四": 1, "届": 1, "大奖": 2, "高铁": 2, "通信": 10, "航空": 1, "航海": 1, "全球": 22, "发货": 1, "2亿": 1, "套": 1, "复兴号": 1, "壁垒": 1, "建构": 1, "在于": 1, "专利": 6, "掌控权": 1, "话语权": 1, "四": 4, "设备商": 1, "申请量": 1, "7.4万": 1, "授权": 3, "3.6万": 1, "持有": 1, "物联网": 1, "最多": 1, "从来": 2, "吝": 1, "投入": 8, "2014年": 1, "始终": 1, "700亿": 1, "129.6亿": 1, "仅次于": 1, "中石油": 1, "A股": 1, "上市": 1, "第二": 4, "名": 4, "过后": 2, "削减": 1, "经费": 1, "砍掉": 1, "营销": 1, "非核心": 1, "风雨飘摇": 1, "依然": 1, "109.1亿": 1, "12.8%": 1, "93.6亿": 1, "14.6%": 1, "回来": 1, "当之无愧": 1, "领头羊": 1, "标准": 4, "2160族": 1, "第一": 10, "力量": 2, "一己之力": 1, "对抗": 1, "三星": 5, "LG": 1, "韩国": 2, "力挺": 1, "难以": 3, "推广": 1, "2016年": 2, "表决会": 1, "贡献者": 1, "战略": 2, "高通": 4, "利益": 1, "10": 1, "票": 1, "投给": 1, "对手": 5, "Polar": 1, "阵营": 1, "最终": 4, "得以": 1, "艰难": 1, "拿下": 1, "控制": 1, "信道": 1, "短码": 1, "方案": 2, "光环": 1, "忽视": 1, "早": 1, "大会": 1, "Pre5G": 1, "Massive": 1, "MIMO": 1, "一举斩获": 1, "最佳": 2, "奖": 2, "CTO": 1, "业内": 1, "奥斯卡级": 1, "视频": 3, "电话": 1, "拨通": 1, "首家": 2, "毫米": 2, "波": 1, "增强": 1, "200万": 1, "SA": 2, "测试": 3, "……": 2, "完整": 1, "G端": 1, "端": 1, "解决": 1, "IPlytics": 1, "报告": 1, "显示": 5, "11月": 1, "ETSI": 1, "披露": 1, "2,204族": 1, "优先": 1, "权日": 1, "2012年": 2, "含": 1, "专利族": 1, "1,871族": 1, "第三": 3, "成果": 1, "9月底": 1, "35": 1, "合同": 2, "60多": 1, "展开": 2, "深度": 2, "参与": 1, "三大": 1, "期": 1, "建设": 2, "率先": 1, "设备": 5, "到货": 1, "开通": 1, "用于": 1, "130亿": 1, "定增": 1, "预案": 1, "证监会": 1, "批准": 1, "资金": 3, "压力": 1, "缓解": 1, "决胜5G": 2, "赢回": 1, "时机": 1, "信通院": 1, "发布": 5, "经济": 3, "社会": 1, "白皮书": 1, "2020年": 2, "正式": 3, "算起": 1, "2030年": 1, "带动": 1, "产出": 2, "间接": 1, "6.3万亿": 1, "10.6万亿": 1, "仅仅": 1, "主体": 1, "投资": 1, "1.23万亿": 1, "供货额": 1, "31%": 1, "位居": 1, "13%": 1, "排": 1, "增速": 1, "惊人": 3, "价格": 2, "优势": 2, "平均": 1, "低": 2, "3成": 1, "观研": 1, "天下": 1, "称": 4, "2023年": 1, "差距": 3, "大幅": 3, "缩小": 1, "首位": 1, "27%": 1, "第2": 1, "24%": 1, "届时": 1, "市占率": 1, "20%": 1, "体量": 1, "置之死地而后生": 2, "一时瑜亮": 2, "上世纪": 2, "80年代": 1, "末": 1, "90年代初": 1, "四巨头": 1, "巨龙": 2, "大唐": 2, "电信": 3, "相继": 2, "诞生": 1, "时任": 1, "产业部": 1, "部长": 1, "吴基传": 1, "称之为": 1, "中华": 3, "渐渐": 1, "没落": 1, "剩下": 1, "双子星": 1, "杀": 1, "你来我往": 1, "国企": 1, "背景": 2, "1995年": 1, "压制": 1, "一度": 1, "风光": 1, "无限": 1, "90年代": 1, "大佬": 1, "并称": 1, "酷联": 1, "销量": 7, "亿": 1, "2008年": 1, "数据卡": 1, "3G": 1, "37.8%": 1, "2011年": 4, "跻身": 1, "排行榜": 1, "前五": 1, "·": 7, "2010年": 1, "2968万": 1, "台": 6, "2381万": 1, "6610万": 1, "4066万": 1, "神机": 1, "V880几乎": 1, "无人不知": 1, "联通": 1, "营业厅": 1, "卖出": 1, "25万": 1, "甩": 1, "业界": 1, "对此": 1, "众说纷纭": 1, "迥异": 1, "文化": 4, "基因": 1, "关键": 2, "因素": 1, "军人": 1, "出身": 2, "大起大落": 1, "一生": 1, "顺风顺水": 1, "读书": 1, "尖子": 1, "毕业": 1, "教": 1, "书": 1, "691": 1, "厂": 1, "工人": 1, "车间": 1, "主任": 1, "科长": 1, "厂里": 1, "专家": 1, "干": 2, "二十年": 1, "深圳": 1, "创办": 2, "外派": 1, "方式": 1, "足够": 5, "资源": 1, "回去": 1, "破釜沉舟": 1, "光杆司令": 1, "搞": 1, "不好": 1, "吃饭": 1, "截然不同": 2, "管理": 1, "风格": 1, "经营": 1, "稳健": 2, "鲜有": 2, "过激": 1, "冒险": 1, "循": 1, "常规": 1, "奉行": 1, "牛": 2, "世上": 1, "庸才": 1, "放错": 1, "地方": 1, "人才": 2, "推崇": 2, "近乎": 1, "偏执": 1, "狼性": 2, "精神": 3, "重赏": 1, "之下": 3, "必有勇夫": 1, "炼狱": 1, "脱颖而出": 1, "风流": 1, "人物": 1, "26": 1, "晋升": 1, "常务": 1, "副总裁": 2, "李一": 1, "男": 1, "至上": 1, "梭哈": 1, "生命力": 2, "倡导": 1, "成本": 1, "尝试": 3, "原则": 1, "包括": 1, "五": 4, "层": 1, "热点": 1, "前景": 1, "证据": 1, "否定": 1, "放弃": 2, "机会": 1, "把握": 2, "尝试性": 1, "研究": 2, "容量": 1, "停留": 1, "实验室": 1, "征兆": 1, "尚未": 1, "启动": 1, "情况": 3, "成熟": 1, "进度": 1, "节奏": 2, "大规模": 1, "项目": 4, "借助": 1, "外力": 1, "开发": 1, "风险": 1, "分散": 1, "武器库": 1, "储备": 1, "致命": 1, "打击": 2, "杀手锏": 1, "2003年": 1, "面对": 2, "小灵通": 2, "体现": 1, "上马": 1, "当作": 1, "过冬": 1, "棉袄": 1, "专注": 1, "面临": 2, "淘汰": 1, "小小": 1, "日后": 1, "埋下": 1, "伏笔": 1, "开放": 1, "环境": 1, "终究": 1, "敌": 1, "狼": 1, "相比": 3, "缺": 1, "魄力": 1, "鹰": 3, "活到": 1, "70": 1, "40": 2, "爪子": 1, "老化": 3, "喙": 1, "长": 3, "弯": 1, "垂": 1, "胸脯": 1, "位置": 1, "羽毛": 3, "过于": 1, "厚重": 1, "飞翔": 1, "重生": 4, "经历": 2, "痛苦": 1, "用头": 1, "抵": 1, "粗糙": 1, "岩石": 1, "喙皮": 1, "层层": 1, "磨掉": 1, "剥离": 1, "吃": 1, "喝": 1, "等待": 2, "喙长": 1, "拔掉": 2, "趾甲": 2, "身上": 1, "30年": 1, "成立": 1, "30多": 1, "停滞": 1, "独自": 1, "勇气": 1, "因祸得福": 1, "外来": 1, "剂": 1, "良方": 1, "逼": 2, "浴火": 1, "变化": 2, "聚焦": 2, "长远": 1, "有益": 1, "说到底": 1, "大国": 1, "博弈": 1, "牺牲品": 1, "敲响": 1, "警钟": 1, "可喜": 1, "北斗": 1, "卫星": 1, "导航": 1, "定位": 1, "进口": 2, "国防": 1, "军工": 1, "五轴": 1, "数控": 1, "机床": 1, "换成": 1, "居心叵测": 1, "手段": 1, "挡": 1, "不住": 1, "雄起": 2, "！": 9, "参考": 1, "资料": 3, "1.": 1, "PK": 1, "老牛": 1, "电子": 1, "商情": 1, ".": 2, "绝地": 1, "反击": 1, "骑": 1, "绝尘": 1, "出击": 1, "走出": 1, "低谷": 1, "发动": 1, "攻势": 1, "日经": 1, "中文网": 1, "END": 1, "图片": 1, "均": 2, "版权": 1, "私自": 1, "转载": 1, "远": 1, "超": 3, "iPhone": 2, "原因": 2, "近年": 1, "外观": 3, "采用": 10, "刘": 2, "海屏": 2, "毫无": 1, "特色": 1, "硬件": 1, "挤": 1, "牙膏": 1, "升级": 1, "推出": 1, "接受": 1, "多种多样": 1, "颜值": 3, "麒麟": 8, "处理器": 6, "性能": 4, "极为": 3, "强悍": 1, "近期": 1, "媒体": 4, "曝光": 4, "概念机": 8, "钻孔屏": 7, "+": 5, "1020": 3, "后置": 8, "6400万五": 2, "摄": 5, "笔者": 1, "带": 1, "渲染图": 3, "屏幕": 7, "无论是": 1, "视觉": 1, "vivo": 1, "尺寸": 1, "6.6": 1, "英寸": 1, "分辨率": 1, "2960": 1, "1380": 1, "2K像素": 1, "Super": 1, "AMOLED": 1, "炫屏": 1, "刷新率": 1, "90Hz": 1, "流体屏": 1, "材质": 1, "康宁": 1, "大猩猩": 1, "第六": 1, "玻璃": 1, "钻孔": 1, "前置": 3, "摄像头": 8, "镶嵌": 2, "钻": 1, "孔": 2, "左上": 1, "角": 1, "部位": 1, "该机": 9, "像素": 2, "3200万": 1, "F/1.8": 1, "光圈": 1, "搭载": 8, "AIS": 1, "防抖": 4, "最新": 1, "美颜": 1, "滤镜": 1, "HDR": 1, "拍摄": 5, "功能": 10, "拍照": 1, "录像": 1, "模式": 4, "人像": 1, "成像": 1, "不错": 2, "越来越": 2, "旗舰机": 1, "机身": 1, "背面": 1, "颗": 2, "LED": 1, "闪光灯": 1, "6400万": 1, "超高清": 1, "镜头": 4, "2000万": 1, "广角": 2, "1800万": 1, "1200万+800": 1, "PDAF": 1, "相位": 1, "焦": 1, "OIS": 1, "光学": 1, "超广角": 1, "超级": 3, "夜景": 1, "全景": 1, "60": 1, "倍": 1, "变焦": 1, "配置": 3, "Mate": 1, "30": 1, "还要": 3, "出色": 1, "5纳米": 1, "制程": 1, "集成": 1, "基带": 1, "NSA": 1, "双模": 1, "990": 1, "骁龙": 1, "855": 1, "Plus": 1, "外挂": 1, "12GB": 1, "运行": 2, "内存": 7, "512GB": 1, "存储": 2, "8GB": 1, "128GB": 1, "外置": 1, "扩充": 1, "算是": 4, "巅峰": 2, "支持人": 1, "脸识": 1, "解锁": 2, "指纹": 2, "识别": 3, "屏下": 1, "红外线": 1, "人脸": 1, "IP": 1, "68": 1, "级别": 1, "防水": 1, "防尘": 1, "优秀": 1, "保留": 1, "3.5": 1, "耳机": 1, "一块": 1, "4800": 1, "毫安": 1, "电池": 1, "45W": 1, "快充": 1, "续航": 1, "概念": 1, "新机": 1, "惊艳": 1, "紧跟": 1, "潮流": 1, "值得一提的是": 1, "双模5G": 1, "发布价": 1, "5499": 1, "机值": 1, "值": 1, "年初": 1, "关注": 1, "特朗普": 2, "茶余饭后": 1, "讨论": 2, "话题": 2, "发生": 1, "标志": 1, "想必": 3, "使出": 1, "招数": 1, "实体": 4, "阻碍": 2, "美企": 6, "之间": 3, "角度": 1, "再次": 1, "威胁": 3, "基站": 1, "内部": 2, "零件": 1, "供应": 1, "基本上": 1, "不见": 1, "美": 3, "供应链": 2, "摆脱": 1, "依赖": 2, "只不过": 2, "从中": 1, "损失": 3, "最为": 1, "厉害": 1, "海思": 7, "奠定": 1, "胜利": 1, "局面": 1, "印象": 1, "中都": 1, "安防": 1, "监控": 1, "PC": 5, "开胃": 1, "菜": 1, "成绩": 6, "鲲鹏": 4, "920": 4, "大招": 2, "电脑": 1, "服务器": 1, "标的": 1, "英特尔": 5, "打算": 1, "打响": 1, "枪": 1, "进军": 1, "近日": 2, "端口": 1, "相关": 3, "表现": 2, "优于": 1, "基准": 1, "一点": 1, "尤其是": 1, "始料未及": 1, "现身": 1, "达成": 1, "系列": 2, "关系": 2, "主机": 1, "60万": 1, "庞大": 1, "口中": 1, "刚": 1, "起步": 1, "成长": 1, "孩子": 1, "做法": 3, "野心": 1, "担忧": 1, "这家": 1, "超越": 3, "苹果": 1, "或者是": 1, "举动": 1, "料到": 1, "骄傲": 1, "问世": 2, "挑战": 1, "应对": 1, "崛起": 1, "路": 1, "否认": 1, "刮起": 1, "风暴": 1, "来源": 1, "观察者": 3, "网原": 1, "标题": 1, "不实": 1, "外籍": 1, "美媒": 2, "主播": 1, "交手": 1, "[文": 1, "/": 2, "网": 2, "徐": 1, "乾昂": 1, "分公司": 1, "首席": 1, "安全官": 1, "安迪珀迪": 1, "Andy": 1, "Purdy": 1, "媒数": 1, "轮": 1, "集火": 1, "化解": 1, "本周": 1, "华尔街": 9, "日报": 9, "篇": 3, "失实": 1, "自嗨": 1, "回应": 5, "CNBC": 6, "新闻网": 1, "本月": 1, "27日": 1, "邀请": 1, "珀迪": 9, "做客": 1, "编辑部": 1, "后者": 1, "澄清": 2, "内容": 1, "打断座": 1, "上宾": 1, "发言": 1, "主持人": 11, "无视": 1, "阐述": 1, "坚信": 1, "主流": 3, "说出": 1, "反正": 2, "同意": 2, "说辞": 1, "网民": 1, "愤慨": 1, "香港": 1, "翻车": 1, "竟然": 1, "联想": 1, "彭博社": 1, "著名": 1, "政治": 1, "宣传": 1, "12月": 1, "25日": 1, "刊文": 1, "渲染": 1, "政府": 8, "找茬": 1, "无果": 1, "媒体们": 1, "转赞": 1, "漏洞百出": 1, "文章": 2, "自认": 1, "终于": 1, "找到": 1, "实锤": 1, "开场": 1, "就说": 1, "堪称": 1, "年度": 1, "提问": 1, "享受": 1, "政策": 1, "错误": 1, "为啥": 1, "截图": 1, "下同": 1, "政客": 2, "偏见": 1, "告诉": 1, "真相": 5, "思科": 1, "460亿": 1, "补助": 3, "750亿": 1, "夸大": 1, "金额": 1, "2005年": 1, "客户": 2, "发放": 2, "信用": 1, "额度": 1, "这不": 2, "受益者": 1, "申请": 1, "部门": 1, "‘": 1, "巨额": 1, "补贴": 1, "’": 1, "说法": 1, "官方": 1, "补充": 1, "并未": 1, "转而": 1, "说起": 1, "到底": 2, "剽窃": 3, "知识": 5, "产权": 5, "随即": 1, "有罪": 1, "推证": 1, "女性": 1, "说话": 1, "安迪": 2, "替华": 1, "干活": 1, "明目张胆": 1, "太": 2, "糟糕": 2, "剽窃者": 2, "反驳": 1, "自华": 1, "人士": 1, "口": 1, "听": 1, "无力": 1, "查": 2, "诉讼": 1, "文件": 2, "涉嫌": 1, "对方": 1, "抢话": 1, "偷": 1, "理解": 2, "立场": 2, "客观": 1, "分析": 1, "事实": 1, "法院": 1, "裁定": 1, "支付": 2, "解费": 1, "为此": 1, "付钱": 1, "拿出": 1, "说事": 1, "示意": 1, "写": 1, "所见所闻": 1, "回顾": 1, "即将": 1, "大风大浪": 1, "起起伏": 1, "伏间": 1, "尽显": 1, "自强不息": 1, "高贵": 1, "品质": 1, "地区": 1, "拓展": 2, "遭遇": 1, "数据": 3, "减": 1, "反增": 1, "风波": 3, "受伤": 1, "强压": 2, "辉煌": 1, "战绩": 1, "千亿": 1, "稳": 1, "误": 1, "列入": 1, "众": 1, "被迫": 1, "服务": 5, "停顿": 2, "境遇": 1, "持续": 1, "多久": 1, "纵观": 1, "2019": 1, "世人": 1, "瞩目": 1, "盈利": 1, "高级": 1, "蒋亚非": 1, "公布": 2, "6108亿": 1, "24.4%": 1, "8300亿": 1, "15.5%": 1, "手中": 1, "上个月": 1, "至少": 1, "65": 1, "商业": 1, "此前": 1, "21": 1, "欧洲": 2, "配套": 2, "占有率": 1, "首次": 1, "46%": 1, "历史": 1, "高位": 1, "出货量": 1, "外界": 1, "2021年": 1, "初": 1, "颓废不前": 1, "逆风": 1, "翻盘": 1, "见招": 1, "拆招": 2, "依赖度": 1, "主旋律": 1, "得益": 1, "决策层": 1, "招": 1, "谷歌": 6, "收回": 1, "GMS": 2, "8月份": 1, "鸿蒙": 2, "HMS": 1, "招募": 1, "众测": 1, "着手": 1, "打造": 1, "生态圈": 1, "体系": 1, "撤出": 1, "加速": 2, "进程": 1, "公然": 1, "为首": 1, "决策": 1, "团队": 1, "展现": 1, "友善": 1, "态度": 1, "予以": 1, "猛烈": 1, "迂回": 1, "战术": 1, "华派": 1, "构建": 1, "外媒": 1, "传输": 1, "速度": 1, "稳定性": 1, "爱立信": 1, "诺基亚": 1, "无疑": 2, "底气": 1, "骁龙划清": 1, "界限": 1, "年间": 1, "接连": 1, "数款": 1, "重量级": 1, "麒麟810": 1, "麒麟990": 1, "5G版": 1, "屡屡": 1, "联发科": 1, "nm": 1, "分摊": 1, "供应商": 1, "镁光": 3, "切换": 1, "海力士": 1, "生产线": 1, "伟创力": 3, "转移": 1, "比亚迪": 1, "全方位": 1, "降低": 1, "数量": 1, "短": 1, "内": 1, "增加": 1, "供": 1, "货国": 1, "撤离": 1, "北美": 1, "一部分": 1, "供货": 1, "分给": 1, "反噬": 1, "苦": 1, "重创": 1, "受害者": 2, "一众": 1, "无奈": 1, "站": 1, "出台": 1, "颗粒": 1, "生产商": 1, "痛失": 1, "财季": 1, "暴跌": 2, "62.8%": 1, "利润": 1, "8.4亿": 1, "78%": 1, "富士康": 1, "代工厂": 1, "大陆": 1, "陷入": 1, "87%": 1, "好受": 1, "安卓": 1, "亲手": 1, "树": 1, "OS": 1, "强敌": 1, "挖": 1, "坑": 1, "发起": 1, "并非": 1, "蒙受": 1, "上游": 1, "供货商": 1, "全球化": 1, "快速": 1, "关税壁垒": 1, "贸易": 1, "杀敌": 1, "一千": 1, "自损": 1, "八百": 1, "高科技": 1, "提": 1, "醒": 1, "方向": 1, "疏忽": 1, "必将": 1, "处处": 1, "受制于人": 1}