{"来源": 1, "：": 46, "e公司": 1, "官微": 1, "29日": 2, "下午": 2, "外交部": 1, "G20": 4, "特使": 1, "、": 84, "国际": 2, "经济司": 1, "司长": 1, "王小龙": 1, "中国": 4, "代表团": 1, "新闻": 2, "中心": 6, "中外": 1, "媒体": 1, "吹风会": 1, "特朗普": 6, "发布会": 2, "讲到": 1, "美方": 3, "解除": 5, "华为": 127, "公司": 22, "5月": 4, "16日": 2, "美国商务部": 3, "工业": 2, "安全局": 1, "BIS": 1, "列入": 3, "实体": 6, "清单": 5, "美国": 30, "政府": 1, "许可": 2, "企业": 35, "供货": 2, "投弹": 1, "式": 1, "打压": 5, "影响": 11, "全球": 6, "科技股": 2, "表现": 4, "美股": 1, "高通": 5, "博通": 1, "芯片": 21, "供应商": 6, "股价": 2, "应声": 1, "下跌": 1, "A股": 8, "市场": 16, "包括": 3, "立讯": 2, "精密": 3, "顺络": 3, "电子": 14, "受挫": 1, "两手": 1, "先是": 1, "晚间": 1, "发布": 3, "声明": 2, "这不": 1, "符合": 3, "利益": 4, "合作": 14, "经济": 1, "损失": 3, "数以万计": 1, "就业": 1, "岗位": 1, "破坏": 1, "供应链": 2, "互信": 1, "尽快": 1, "就此": 1, "寻求": 2, "救济": 1, "解决": 2, "方案": 1, "措施": 1, "降低": 1, "事件": 5, "海思": 6, "总裁": 1, "何庭波": 1, "17日": 1, "凌晨": 1, "发": 2, "内部": 2, "邮件": 1, "称": 3, "多年": 1, "做出": 4, "极限": 1, "生存": 3, "假设": 1, "打造": 2, "备胎": 2, "如今": 1, "历史": 1, "选择": 7, "夜": 2, "之间": 2, "封锁": 1, "业务": 3, "创始人": 1, "CEO": 1, "任正非": 9, "日前": 1, "接受": 2, "采访": 1, "终端": 1, "海外": 1, "下降": 3, "40％": 1, "随后": 1, "回升": 2, "尺度": 1, "小于": 1, "20％": 2, "之中": 1, "恢复": 1, "参考": 1, "消息": 9, "援引": 1, "外媒": 1, "报道": 2, "颁布": 1, "禁令": 4, "英特尔": 2, "美光": 1, "在内": 1, "寻找": 2, "出售": 6, "技术": 8, "方法": 1, "禁售": 1, "举动": 1, "众多": 1, "引发": 1, "混乱": 1, "5G": 12, "概念股": 1, "消费": 4, "龙头": 3, "飞荣达": 2, "半导体": 2, "国产化": 2, "领域": 7, "推荐": 2, "兆": 1, "创新": 2, "汇顶": 1, "科技": 12, "闻泰": 2, "圣邦": 1, "股份": 9, "基站": 4, "光模": 1, "块侧": 1, "生益": 2, "深南": 3, "电路": 4, "光迅": 3, "中兴": 3, "通讯": 1, "烽火": 1, "通信": 7, "大富": 1, "中科": 2, "曙光": 2, "天津": 1, "海光": 3, "成都": 2, "集成": 1, "微电子": 1, "无锡": 1, "江南": 1, "计算": 1, "研究所": 1, "单位": 1, "近日": 1, "一度": 1, "跌": 1, "评估": 1, "做好": 1, "应对": 1, "工作": 2, "沟通": 1, "时间": 6, "飞逝": 1, "距离": 1, "禁止": 3, "国内": 3, "一个": 26, "关注": 5, "动态": 1, "准许": 1, "都": 21, "美企": 1, "逆流而上": 1, "成功": 3, "研发": 8, "鸿蒙": 9, "系统": 13, "打击": 1, "成长": 2, "这次": 3, "告诉": 1, "全世界": 1, "产品": 13, "想要": 1, "本来": 1, "国外": 2, "销售会": 1, "40%": 1, "想": 5, "悲观": 2, "潜力股": 1, "值得": 7, "信任": 2, "员": 1, "推出": 2, "备用": 6, "慌": 1, "消失": 1, "越来越": 2, "惨重": 1, "纷纷": 1, "联合": 2, "反对": 1, "开口": 1, "解禁": 1, "进口": 5, "安卓": 3, "想必": 1, "疑惑": 1, "建立": 3, "关系": 2, "购买": 3, "服务": 7, "研究": 1, "退路": 1, "依赖": 2, "很": 7, "发展": 9, "搁置": 1, "伙伴": 2, "上市": 2, "矛盾": 1, "选题": 1, "只能": 2, "分析": 2, "原因": 3, "国人": 2, "支持": 5, "态度": 1, "不用": 1, "毕竟": 2, "才": 10, "赌注": 1, "加在": 1, "阻碍": 1, "重要性": 1, "路": 2, "堵死": 1, "放弃": 2, "失望": 1, "处于": 2, "被动": 1, "境界": 1, "大家们": 1, "希望": 2, "复盘": 1, "6月份": 1, "交易日": 1, "结束": 1, "2019年": 2, "上半年": 2, "交易": 3, "19.45%": 1, "涨幅": 2, "算是": 1, "及格": 1, "成绩": 1, "周末": 1, "投资者": 1, "心情": 1, "不错": 4, "传来": 1, "利好": 2, "原本": 1, "周五": 4, "大盘": 4, "情绪": 1, "瞬间": 1, "忘记": 2, "憧憬": 1, "7月": 2, "行情": 1, "恨不得": 1, "周日": 1, "开盘": 1, "财神": 1, "撇开": 1, "面来": 1, "指数": 5, "日线": 1, "结构": 2, "6月": 5, "5日": 1, "启动": 1, "反弹": 3, "中阳": 2, "震荡": 2, "回落": 1, "调整": 2, "节奏": 2, "形态": 1, "楔形": 1, "5": 2, "浪": 1, "影子": 1, "情况": 2, "香港": 1, "恒生": 1, "上证50": 1, "空间": 2, "超": 1, "预期": 1, "波": 2, "填补": 2, "创业板": 1, "更为": 1, "个股": 3, "上周": 4, "整体": 2, "格局": 4, "白马股": 1, "低": 2, "波动": 1, "权重股": 1, "刷新": 2, "新高": 2, "强势": 2, "题材股": 3, "补跌": 1, "持续性": 2, "下滑": 1, "盘中": 1, "脉冲": 1, "上拉": 1, "隔日": 1, "延续性": 1, "操作": 2, "策略": 1, "采用": 1, "高举": 1, "高打": 1, "面吃": 1, "碗": 2, "下周": 2, "板块": 5, "题材": 5, "资金": 4, "重点": 5, "对象": 1, "产业链": 9, "相关": 2, "品种": 2, "乳业股": 2, "走势": 6, "低调": 3, "伊利": 3, "低位": 2, "交易性": 1, "机会": 2, "如果说": 1, "下周一": 1, "提防": 1, "高开": 1, "低走": 1, "4月": 1, "绝大多数": 2, "不再": 1, "主题": 3, "传出": 1, "总统": 1, "零件": 1, "(": 1, ")": 1, "云计算": 2, "安防": 4, "车辆网": 1, "产业": 10, "迭代": 1, "升级": 2, "推动": 2, "战略": 2, "转换": 1, "竞争": 2, "话语权": 1, "主导力": 1, "通信主": 1, "设备": 6, "原先": 1, "十多": 1, "群雄逐鹿": 1, "演变": 1, "爱立信": 2, "诺基亚": 2, "四": 1, "鼎立": 1, "展望": 1, "时代": 1, "有望": 5, "持续": 3, "第一": 2, "地位": 1, "运营商": 2, "总体": 1, "营收": 1, "平稳": 1, "500": 2, "亿": 6, "美元": 6, "水平": 2, "相比": 1, "设备端": 1, "投入": 5, "壁垒": 1, "国产": 1, "替代": 2, "过程": 1, "缓慢": 1, "看好": 1, "光通信": 1, "高速": 2, "模块": 3, "/": 8, "光电": 3, "高频": 1, "连接器": 2, "射频": 3, "滤波器": 2, "PCB": 5, "中际": 2, "旭创": 2, "；": 15, "覆": 1, "铜板": 1, "沪电": 3, "华正": 1, "新材": 1, "东山": 1, "天线": 2, "信维": 2, "硕贝德": 2, "手机": 11, "销量": 2, "增长": 5, "硬件": 1, "开花": 1, "2018": 2, "出货量": 1, "2.06": 1, "同比": 2, "增加": 1, "33.6%": 1, "2019": 1, "年华": 1, "智能": 8, "目标": 3, "销售": 1, "2.5-2.7": 1, "笔记本": 1, "电脑": 4, "平板": 3, "手表": 1, "销": 1, "优异": 1, "电视": 1, "AR": 1, "眼镜": 1, "期待": 1, "ODM/EMS": 1, "光弘": 1, "摄像头": 1, "舜宇": 1, "光学": 1, "水晶": 1, "电连": 1, "电感": 1, "电池": 1, "电芯": 1, "欣旺达": 1, "篇": 2, "未来": 4, "五": 2, "2019-2023": 1, "收入": 2, "含": 1, "私有云": 1, "10": 1, "+": 3, "100": 1, "数据": 2, "ARM": 3, "生态圈": 1, "基础": 1, "设施": 2, "配套": 1, "第三方IDC": 1, "万国": 1, "数据港": 1, "通光": 1, "服务器": 1, "生态": 3, "软件": 5, "启明星辰": 2, "防篇": 1, "利用": 1, "优势": 2, "占比": 1, "60%": 1, "视频": 1, "进军": 1, "快速": 1, "千亿": 1, "引爆": 1, "跑": 1, "条": 4, "水平线": 1, "依图": 1, "科大": 1, "讯飞": 1, "车联网": 1, "空白": 1, "类似": 1, "博世": 1, "大陆": 1, "世界级": 1, "Tier": 1, "1": 3, "定位": 1, "增量": 2, "部件": 1, "面向": 1, "70%": 1, "能力": 2, "资源": 2, "长板": 1, "互补性": 1, "互联": 1, "上游": 2, "能源": 1, "智慧": 1, "交通": 1, "受益": 1, "网络": 8, "30日": 1, "讯": 1, "国家": 4, "规划": 3, "正式": 2, "信息化": 1, "北京市": 2, "人民政府": 1, "建设": 4, "园区": 3, "2020年": 1, "依托": 2, "产业园": 2, "带动": 1, "规模": 1, "超过": 4, "1000亿": 1, "元": 4, "拉动": 1, "GDP": 1, "3300亿": 1, "少于": 1, "3": 3, "年收入": 1, "100亿": 1, "骨干": 1, "2025年": 1, "建成": 1, "我国": 1, "基地": 1, "此前": 1, "不少": 2, "炒作": 1, "子行": 1, "熙霖": 1, "信息": 3, "北信源": 1, "旋极": 1, "浪潮": 1, "比起": 1, "垃圾": 2, "分类": 2, "早": 2, "氢燃料": 1, "差距": 1, "出台": 1, "认可": 1, "观察": 1, "乳业": 3, "28日": 2, "国务院": 1, "乡村": 4, "振兴": 3, "指导": 2, "意见": 2, "指出": 1, "生猪": 1, "畜禽": 1, "产能": 1, "提升": 1, "动物": 1, "疫病": 1, "防控": 1, "推进": 1, "奶业": 1, "渔业": 1, "转型": 1, "实施": 1, "休闲": 2, "农业": 2, "旅游": 1, "精品": 1, "工程": 1, "一批": 1, "完备": 1, "功能": 1, "多样": 1, "观光": 1, "农村": 1, "商务": 1, "公共": 1, "快递": 1, "物流": 1, "鼓励": 1, "地方政府": 2, "发行": 1, "项目": 2, "融资": 3, "收益": 2, "平衡": 1, "专项": 1, "债券": 1, "条件": 2, "公益性": 1, "规范": 1, "举债": 2, "名": 1, "违法": 1, "违规": 1, "变相": 1, "龙头股": 1, "强劲": 1, "内": 2, "区域性": 1, "太": 2, "理想": 1, "谈": 1, "走出": 1, "趋势": 1, "不怎么": 1, "涨跌停": 1, "解密": 1, "涨停": 3, "家数": 1, "41": 1, "一字板": 1, "30": 1, "跌停": 1, "数10": 1, "非ST": 1, "股票": 1, "8": 1, "近期": 1, "股": 1, "分布": 1, "热点": 1, "匮乏": 1, "环保": 4, "依旧": 1, "赢家": 1, "稀土": 2, "永磁": 2, "电改": 2, "壳": 1, "上海": 2, "自贸": 2, "中原": 1, "绿色": 1, "动力": 1, "联泰": 1, "惠城": 1, "中环": 1, "装备": 1, "中持": 1, "正海": 1, "磁材": 1, "久吾高科": 1, "华银": 1, "电力": 2, "闽东": 1, "畅联": 1, "动向": 1, "沪港通": 1, "港": 1, "日历": 1, "显示": 1, "当天": 1, "北向": 1, "关闭": 2, "1日": 1, "港股": 1, "休市": 1, "北向通": 1, "南向通": 1, "黑名单": 3, "零部件": 2, "通用": 1, "安装": 1, "新版": 1, "Android": 1, "实时": 1, "接收": 1, "谷歌": 1, "官方": 1, "推送": 1, "更新": 1, "镁光": 1, "存条": 1, "消费者": 1, "产品线": 1, "运作": 1, "统计": 1, "数百亿": 1, "片面": 2, "在于": 1, "提供": 2, "电信": 5, "这是": 5, "一家": 2, "单方面": 1, "贸易": 2, "进超": 1, "进口额": 1, "远远": 1, "大于": 1, "出口额": 1, "较为": 1, "不利": 1, "仿佛": 1, "再度": 1, "回到": 1, "2018年": 1, "照常": 1, "为由": 1, "渲染": 1, "危险性": 1, "情": 1, "不合": 2, "零配件": 1, "出口": 1, "情面": 1, "简单": 1, "例子": 1, "东区": 2, "卖": 4, "菜": 4, "店铺": 5, "西区": 1, "鱼": 2, "老板": 7, "这家": 3, "买": 2, "卖鱼": 1, "理合": 1, "营利性": 1, "私营": 1, "盈利": 3, "目的": 1, "适合": 1, "突破口": 1, "加拿大": 1, "多伦多": 1, "渥太华": 1, "地区": 1, "土地": 1, "至少": 1, "投资": 2, "几十亿": 1, "欧洲": 2, "可谓": 1, "节节": 1, "高升": 1, "直逼": 1, "三星": 1, "苹果": 1, "独特": 1, "价格": 2, "喜爱": 1, "30%": 1, "~": 1, "50%": 1, "商人": 1, "一句话": 1, "永远": 4, "敌人": 1, "理论": 1, "如期": 1, "出席": 1, "当初": 1, "骁龙": 2, "自主": 1, "麒麟": 2, "本身": 1, "布局": 1, "接下来": 1, "媲美": 1, "ios": 1, "领先": 1, "专利": 1, "占有率": 1, "高达": 1, "15%": 1, "巨头": 1, "X50": 1, "调制解调器": 2, "855": 1, "配备": 1, "NSA": 2, "处理器": 1, "巴龙": 1, "5000": 1, "系列": 1, "SA": 1, "模式": 2, "称为": 2, "而后": 1, "弱": 1, "看法": 1, "免责": 1, "图片": 1, "源于": 1, "侵权": 1, "请": 1, "作者": 2, "文章": 3, "狐说IT": 1, "原创": 1, "内容": 1, "仅仅": 1, "代表": 1, "观点": 1, "未经": 1, "转载": 1, "平台": 1, "网站": 1, "追究": 1, "法律": 1, "责任": 1, "谢谢": 1, "昨天": 1, "刷爆": 1, "峰会": 1, "闭幕": 1, "记者会": 1, "表态": 2, "对此": 1, "淡定": 1, "出尔反尔": 1, "事情": 1, "老特": 1, "干": 1, "幺蛾子": 1, "五月份": 1, "大规模": 1, "封杀": 5, "实际上": 3, "感受": 1, "前所未有": 1, "压力": 1, "凡是": 1, "备份": 1, "对比": 1, "不堪一击": 1, "反击": 1, "堪称": 1, "漂亮": 1, "精神": 7, "未雨绸缪": 5, "先见之明": 1, "佩服": 1, "这位": 1, "75": 1, "岁": 5, "老人": 1, "远见": 1, "高科技": 1, "决心": 1, "动作": 1, "抛弃": 1, "别人": 1, "幻想": 1, "首位": 1, "唯有": 1, "惧怕": 1, "心态": 1, "开放": 1, "包容": 1, "无条件": 1, "卧榻之侧": 1, "岂容他人鼾睡": 1, "坚定": 1, "核心": 3, "受制于人": 1, "路线": 1, "小小": 1, "很多": 7, "命": 1, "掀起": 1, "翻天覆地": 1, "巨浪": 1, "商业": 1, "人口": 1, "红利": 2, "赚钱": 2, "真金": 1, "白银": 1, "几十": 1, "上百": 1, "恐怕": 2, "大部分": 3, "听": 1, "朋友": 1, "生产": 1, "多么": 1, "经营": 2, "理念": 1, "接触": 1, "华为人": 2, "读": 1, "著作": 1, "崇尚": 3, "狼性": 8, "文化": 10, "前段": 1, "996": 1, "诟病": 1, "否认": 1, "靠着": 1, "成就": 3, "1991年": 1, "筹划": 1, "2004年": 1, "成立": 2, "深圳市": 1, "有限公司": 1, "到今": 1, "整整": 1, "十五": 1, "测算": 1, "2000亿": 1, "高昂": 1, "有一天": 1, "卡脖子": 1, "走": 1, "熟悉": 1, "基本法": 2, "行事": 1, "准则": 1, "这部": 1, "1998年": 1, "讨论": 1, "完善": 1, "修编": 1, "客户": 3, "奋斗者": 1, "长期": 3, "艰苦奋斗": 2, "精华": 1, "员工": 4, "艳羡": 1, "从不": 2, "保证": 1, "地方": 1, "早就": 1, "崛起": 2, "充足": 1, "尊重": 3, "企业家": 1, "学": 3, "效仿": 1, "可惜": 1, "皮毛": 1, "学到": 1, "精髓": 2, "垫子": 3, "加班": 2, "皆": 1, "最终": 1, "离职": 1, "分起": 1, "钱": 3, "手软": 1, "年薪": 1, "百万": 1, "抓": 1, "一大": 1, "学校": 1, "拼命": 2, "发起": 1, "工资": 2, "吝啬": 1, "试问": 1, "付出": 2, "屁股": 1, "对着": 1, "领导": 1, "眼睛": 1, "盯": 3, "嚣张跋扈": 1, "导向": 1, "狼": 3, "肉": 2, "见到": 1, "不顾一切": 1, "团队": 1, "作战": 1, "单打独斗": 1, "匹": 1, "也许": 1, "气候": 1, "群狼": 1, "战无不胜": 1, "内耗": 1, "精力": 1, "用来": 1, "喜好": 1, "喜欢": 2, "薪酬": 1, "名言": 1, "管理": 1, "一大半": 1, "手段": 1, "高薪酬": 1, "后援": 1, "毫无疑问": 1, "装到": 1, "腰包": 1, "毫无": 2, "竞争性": 1, "不到": 1, "2%": 1, "剩下": 1, "98%": 1, "何等": 1, "气魄": 1, "事业": 2, "当成": 1, "孩子": 1, "无私奉献": 1, "学习": 6, "一点": 1, "以偏概全": 1, "做法": 1, "益处": 1, "精": 1, "气": 1, "神学": 1, "意义": 1, "需求": 1, "无外乎": 1, "给予": 1, "回报": 1, "分享": 1, "发自": 1, "内心": 1, "个体": 1, "当作": 1, "奋斗": 3, "拼搏": 2, "初": 1, "非洲": 1, "亚洲": 1, "直至": 1, "精益求精": 1, "品质": 1, "刷": 2, "电视剧": 1, "电影": 1, "玩": 1, "游戏": 1, "娱乐": 1, "活动": 1, "成年人": 1, "世界": 1, "对待": 1, "学生": 1, "鞭策": 1, "辛苦": 2, "聚焦": 2, "秘诀": 1, "擅长": 1, "赚": 3, "房地产": 1, "知名度": 1, "盆满钵满": 1, "主业": 1, "诱惑": 1, "面前": 1, "敢于": 1, "顶尖": 1, "高手": 1, "方向": 1, "真的": 1, "日复一日": 1, "刻苦": 1, "自然": 1, "一事无成": 1, "展现": 1, "淋漓尽致": 1, "职场": 2, "35": 3, "现象": 1, "危机": 1, "无时无刻": 1, "提到": 1, "45": 1, "同事": 1, "劝退": 1, "明天": 1, "一技之长": 1, "淘汰": 2, "几率": 1, "大增": 1, "东山再起": 1, "可能性": 1, "减": 2, "增": 1, "竞争力": 1, "立于不败之地": 1}