{"标题": 1, "：": 19, "美国": 30, "华为": 101, "禁令": 8, "实质性": 5, "改变": 4, "发展": 6, "才": 3, "底气": 3, "白岩": 1, "松举": 1, "国家": 10, "打击": 1, "一个": 17, "企业": 6, "难过": 2, "骄傲": 2, "好好": 1, "这家": 1, "正是": 2, "面对": 6, "5月": 1, "中旬": 3, "列入": 3, "实体": 4, "清单": 5, "整整": 2, "说法": 1, "火药味": 1, "松动": 1, "一点": 1, "变化": 3, "日子": 4, "未来": 11, "新闻": 2, "周刊": 1, "本周": 5, "视点": 1, "关注": 4, "突围": 1, "董事长": 2, "梁华": 2, "特朗普": 2, "总统": 2, "表态": 2, "理解": 1, "情况": 5, "上周五": 1, "点明": 1, "美": 3, "贸易": 1, "争端": 1, "现状": 1, "承诺": 1, "公司": 5, "出售": 2, "设备": 4, "依旧": 1, "美国商务部": 2, "之上": 1, "形势": 1, "份": 2, "禁止": 4, "未经": 1, "政府": 2, "批准": 1, "芯片": 11, "元器件": 2, "相关": 2, "技术": 11, "周二": 1, "国内": 4, "各方": 1, "意见": 1, "分歧": 1, "导致": 2, "态度": 1, "摇摆": 2, "上周": 2, "发放": 1, "许可": 1, "威胁": 2, "前提": 1, "做生意": 1, "参众两院": 1, "议员": 1, "提出": 2, "5G": 30, "议案": 1, "国会": 2, "参与": 2, "撤除": 1, "商务部": 1, "颁发": 1, "销售": 1, "许可证": 2, "权": 1, "废除": 1, "实体名单": 1, "安全性": 2, "为由": 1, "通讯": 1, "市场": 9, "呼吁": 1, "盟国": 1, "网络": 7, "建设": 2, "英国": 3, "四": 1, "电信": 2, "运行商": 1, "抢先": 1, "达成": 1, "合作": 2, "声音": 2, "依然": 4, "7月": 2, "7号": 1, "中国": 5, "驻": 1, "英": 1, "大使": 1, "刘晓明": 1, "接受": 4, "媒体": 4, "采访": 3, "称": 2, "事情": 2, "发生": 2, "清华大学": 4, "全球化": 4, "研究": 5, "中心": 4, "高级": 4, "研究员": 4, "翔": 4, "讲": 2, "产品": 3, "拿到": 4, "第三方": 2, "检测": 2, "认可": 1, "第二": 5, "很": 13, "卖": 1, "后台": 1, "管理": 1, "都": 8, "第三": 2, "签署": 1, "保密": 1, "协定": 1, "重罚": 1, "渲染": 1, "诉求": 1, "施压": 1, "回应": 1, "理由": 1, "压低": 1, "价格": 2, "摩纳哥": 2, "基于": 1, "欧洲": 2, "第一": 4, "全覆盖": 1, "提供": 1, "样板": 1, "政策": 1, "、": 11, "短期": 1, "内": 2, "明朗": 1, "应对": 1, "调整": 1, "显得": 2, "至关重要": 1, "创始人": 3, "任正非": 11, "敌视": 1, "新时代": 1, "专注": 1, "做好": 1, "工作": 1, "白岩松": 3, "谷歌": 2, "停止": 1, "供应": 1, "安卓": 4, "系统": 13, "很多": 9, "都会": 1, "担心": 1, "遭受": 1, "灭顶之灾": 1, "事实": 1, "好像": 1, "预料": 1, "悲观": 1, "接连": 1, "高调": 1, "印象": 2, "言语": 1, "松弛": 1, "笑容": 2, "自信": 1, "很快": 1, "告诉": 2, "公众": 1, "备胎": 2, "海思": 5, "转正": 2, "不停": 1, "领先": 1, "干嘛": 1, "不用": 1, "拖进": 1, "战局": 1, "早": 2, "多年": 1, "未雨绸缪": 2, "危机": 2, "转机": 1, "兼": 1, "总裁": 2, "这两年": 1, "减产": 1, "估计": 1, "下降": 7, "300亿": 1, "美金": 1, "刚才": 1, "华盛顿": 1, "邮报": 1, "记者": 1, "提问": 1, "国际": 2, "手机": 18, "40%": 2, "6月": 1, "17日": 1, "深圳": 1, "嘉宾": 1, "座谈": 1, "做出": 2, "预测": 4, "彼时": 1, "距离美": 1, "出口": 1, "管制": 3, "正式": 2, "生效": 1, "风波": 1, "刚好": 1, "独立": 1, "调研": 1, "机构": 1, "报告": 1, "佐证": 1, "Counterpoint": 1, "总监": 1, "?闫": 1, "占孟": 1, "图表": 1, "全球": 2, "份额": 4, "4月份": 2, "顶峰": 1, "超过": 3, "17%": 2, "5月份": 2, "公布": 4, "16%": 1, "六月份": 1, "降到": 2, "13%": 1, "14%": 1, "这是": 2, "前10": 1, "名": 1, "品牌": 1, "销量": 1, "对比": 1, "490万": 1, "410万": 1, "16": 1, "艰难": 1, "处境": 1, "罕见": 1, "高频率": 1, "外媒": 1, "专访": 1, "表达": 2, "惧": 1, "打压": 2, "死": 1, "鸟": 1, "信心": 2, "延续": 1, "谦虚论调": 1, "再次于": 1, "学习": 1, "引进": 1, "人才": 1, "传统": 1, "面向": 1, "世界": 5, "招纳": 1, "天才": 1, "少年": 1, "以此": 1, "输入": 1, "年轻化": 1, "创造力": 1, "新鲜": 2, "血液": 1, "仗": 1, "居安思危": 1, "15": 2, "年前": 3, "创立": 1, "显现": 1, "那年": 1, "极限": 2, "生存": 3, "假设": 4, "持续": 2, "客户": 1, "服务": 2, "永远": 1, "打造": 2, "计划": 1, "五月": 1, "来临": 1, "何庭波": 1, "发文": 1, "声称": 1, "能力": 1, "支撑": 1, "供应链": 1, "年间": 1, "款": 7, "跻身": 1, "顶尖": 1, "梯队": 1, "无奈": 1, "断供": 1, "套件": 1, "掣肘": 1, "消费者": 1, "操作": 5, "七": 1, "苹果": 2, "微软": 1, "垄断": 1, "力排众议": 1, "思考": 1, "供下": 1, "布局": 3, "鸿蒙": 3, "如今": 2, "秋季": 1, "面世": 1, "时代": 4, "不止": 1, "智能": 3, "套": 1, "打通": 1, "电脑": 1, "电视": 3, "诸多": 1, "平台": 1, "物联网": 5, "胜利": 1, "路": 1, "走": 2, "接下来": 1, "工种": 1, "主动": 1, "加班": 1, "干劲": 1, "十足": 1, "危险": 1, "之中": 1, "蕴藏": 1, "机会": 3, "理儿": 2, "战场": 2, "速度": 4, "商业化": 1, "进程": 1, "降": 1, "峰会": 1, "推进": 1, "终端": 1, "主力": 1, "海思巴龙": 1, "5000": 2, "率先": 1, "室内": 1, "外场": 1, "测试": 1, "工业": 4, "信息化": 1, "通信": 1, "科技委": 1, "常务": 1, "副": 1, "主任": 1, "韦": 1, "乐平": 1, "经济": 2, "扑朔迷离": 1, "找": 1, "增长点": 1, "共识": 1, "数字": 1, "转型": 1, "带来": 2, "商机": 1, "行业": 3, "11": 1, "受益": 1, "汽车": 1, "自动": 1, "驾驶": 3, "制造": 2, "传媒": 2, "娱乐": 1, "日前": 1, "工信部": 3, "宣传片": 2, "批评": 1, "无人机": 1, "送货": 1, "教学": 1, "场景": 1, "4G": 2, "否认": 1, "站": 1, "当下": 1, "通病": 1, "——": 1, "摆脱": 1, "思维": 1, "万物": 2, "互联": 2, "引发": 2, "产业": 2, "变革": 2, "隐藏": 1, "未知": 1, "想象": 1, "潜力": 1, "核心": 2, "大数据": 1, "传输": 2, "时延": 2, "短": 1, "理论": 1, "毫秒": 1, "处于": 1, "第四": 1, "革命": 2, "前夜": 1, "到底": 2, "形态": 1, "车载": 1, "无人": 1, "运转": 1, "时滞": 1, "车": 2, "撞到": 1, "停": 1, "根本性": 1, "不难": 1, "解释": 1, "围绕": 1, "标准": 7, "竞争": 1, "争抢": 1, "事实上": 1, "上世纪": 1, "末": 1, "诞生": 1, "老": 1, "概念": 2, "3G": 1, "屡屡": 1, "提及": 1, "只不过": 1, "赋予": 1, "生命": 1, "走向": 1, "现实": 1, "仅仅": 1, "全新": 2, "序幕": 1, "重视": 1, "演化": 1, "本月": 1, "初": 2, "金融": 1, "时报": 1, "封杀": 1, "领域": 2, "工厂": 1, "制定": 4, "逻辑": 2, "维度": 2, "框架": 1, "设计": 4, "提": 1, "东西": 1, "生产": 2, "大规模": 1, "手里": 1, "营利": 1, "西方": 1, "牟利": 1, "制定权": 1, "交给": 1, "下月": 1, "推出": 2, "智慧": 1, "屏": 1, "备受": 1, "外界": 1, "搭载": 2, "近来": 1, "系列": 4, "动作": 1, "战略": 1, "方向": 1, "倾斜": 1, "尚未": 1, "点燃": 1, "硝烟": 1, "提前": 1, "谋兵": 1, "越来越": 1, "强大": 1, "坐实": 1, "位置": 1, "博弈": 1, "纠纷": 1, "斗争": 1, "肯定": 2, "知识": 2, "产权量": 1, "上都": 1, "排": 1, "上号": 1, "实实在在": 1, "自主性": 1, "产权": 1, "外部": 1, "风险": 1, "慌": 1, "中国人": 1, "打铁还需自身硬": 1, "打仗": 1, "硬": 2, "包括": 2, "嘴": 1, "实力": 2, "耐力": 1, "心理": 1, "贸易战": 1, "反复": 2, "狼": 1, "没法": 1, "精力": 1, "还要": 1, "放": 1, "上半年": 1, "发明": 1, "专利": 1, "授权量": 1, "2314": 1, "件": 1, "国外": 1, "50": 1, "合同": 1, "才能": 1, "加油": 1, "！": 4, "来源": 1, "央视": 1, "客户端": 1, "想必": 1, "余承东": 2, "此前": 3, "500": 2, "卡": 3, "言论": 1, "历历在目": 1, "毕竟": 2, "年代": 1, "厂商": 1, "真的": 1, "卡顿": 2, "软件": 1, "质量": 1, "参差不齐": 1, "3": 2, "环境": 1, "太": 2, "听到": 1, "mate9": 22, "一度": 1, "唏嘘": 1, "当年": 2, "三年": 2, "具备": 4, "争议性": 1, "发布": 2, "时间": 6, "准确": 1, "900": 2, "市面": 1, "保有率": 1, "旧款": 1, "旗舰": 1, "小编": 1, "论坛": 1, "逛": 1, "体验": 1, "身边": 1, "不少": 3, "朋友": 1, "回顾": 1, "各项": 1, "功能": 4, "配置": 3, "Mate": 10, "9": 1, "人气": 1, "权威": 1, "科技": 2, "最佳": 1, "商务": 2, "奖": 1, "外观": 1, "稳重": 1, "大气": 1, "麒麟": 1, "960": 1, "处理器": 2, "高性能": 1, "高达": 2, "4000": 2, "mah": 1, "超大": 1, "电池": 5, "主流": 3, "快充": 2, "顶级": 1, "徕卡": 2, "认证": 1, "镜头": 2, "国产": 1, "最高端": 1, "水准": 1, "mate": 1, "Mate9": 2, "发扬光大": 1, "提升": 2, "人士": 1, "轻奢": 1, "气质": 1, "机身": 3, "配备": 1, "一块": 2, "5.9": 1, "英寸": 4, "1080P": 1, "分辨率": 4, "LTPS": 1, "显示屏": 1, "拥有": 1, "手感": 1, "舒适": 1, "2.5D": 1, "玻璃": 1, "弧线": 1, "旗舰机": 1, "三段式": 1, "例外": 1, "采用": 2, "金属": 1, "后盖": 1, "色彩": 1, "磨砂": 1, "工艺": 1, "质感": 1, "提到": 1, "摄": 1, "2000万": 1, "+": 7, "1200万": 1, "像素": 1, "竞争力": 1, "拍照": 2, "角度": 1, "淘汰": 1, "细节": 1, "自然": 1, "完美": 1, "3.5": 1, "耳机": 1, "孔": 1, "Tpye-C": 1, "接口": 1, "续航": 2, "远": 1, "超": 3, "iPhoneXS": 1, "首次": 1, "自研": 1, "SuperCharge": 1, "超级": 2, "充电": 2, "效率": 2, "22.5W": 1, "见怪不怪": 1, "超前": 1, "容量": 3, "mAh": 1, "充至": 1, "100%": 1, "电量": 1, "小时": 1, "很少": 1, "有人": 1, "吐槽": 1, "够用": 1, "前段": 2, "官方": 1, "100": 1, "网友": 3, "性能": 2, "感度": 1, "值得一提的是": 1, "贴吧": 1, "晒出": 1, "跑分": 4, "截图": 1, "给到": 1, "眼前": 1, "亮": 1, "升级": 3, "不错": 1, "骁龙": 1, "710": 1, "差不多": 1, "17万分": 1, "后续": 1, "有幸": 1, "一批": 1, "EMUI": 1, "9.1": 1, "届时": 1, "方舟": 1, "编辑器": 1, "GPU": 1, "turbo3.0": 1, "到来": 1, "进一步": 1, "激发": 1, "释放": 1, "看完": 1, "懂": 1, "声明": 1, "图片": 1, "源于": 1, "侵权": 1, "请": 1, "作者": 1, "删除": 1, "21日": 1, "消息": 4, "信息": 1, "首款": 1, "折": 2, "叠屏": 2, "X": 9, "入网": 2, "显示": 1, "国行版": 1, "内存": 1, "标配": 1, "6GB": 2, "128GB": 2, "配": 1, "12GB": 2, "512GB": 2, "折叠屏": 2, "号称": 1, "物种": 1, "亮点": 1, "屏幕": 2, "展开": 1, "正面": 2, "8": 1, "2480*2200": 1, "；": 1, "折叠": 1, "状态": 1, "尺寸": 1, "6.6": 1, "2480*1148": 1, "背面": 1, "副屏": 1, "6.38": 1, "2480*859": 1, "7nm": 1, "巴龙": 1, "麒麟980": 1, "内置": 1, "4500": 1, "mAh大": 1, "支持": 2, "NSA/SA": 1, "相机": 1, "后置": 1, "摄像头": 1, "4000万": 1, "感光": 1, "1600万": 1, "广角": 1, "800万": 1, "长焦": 1, "月亮": 1, "模式": 1, "夜景": 1, "7月底": 1, "8月": 2, "开售": 1, "8GB": 1, "256GB": 1, "版本": 1, "近日": 1, "此次": 1, "运存": 1, "存储": 1, "或许": 1, "谣传": 1, "14999": 1, "元": 1, "便宜": 1, "供应量": 1, "初期": 1, "预计": 1, "10万": 1, "台": 1, "发售": 1, "高管": 1, "透露": 1, "登场": 1, "本文": 1, "编辑": 1, "孔霞莉": 1}