{"华为": 53, "中华": 1, "酷联": 1, "崛起": 1, "原因": 2, "在于": 2, "强大": 1, "研发": 2, "能力": 2, "持续不断": 1, "技术": 2, "投入": 1, "多年": 3, "着手": 1, "海思": 3, "处理器": 6, "笔者": 3, "清晰": 2, "记得": 3, "2012年": 1, "K3V2": 1, "兼容性": 1, "差": 2, "、": 11, "性能": 7, "弱": 1, "发热": 1, "很多": 6, "都": 13, "看好": 1, "放弃": 2, "如今": 5, "麒麟": 3, "990": 2, "5G": 5, "麒麟810": 1, "处于": 1, "顶尖": 1, "水平": 1, "解决": 2, "安卓": 1, "手机": 11, "卡顿": 3, "持续": 2, "底层": 2, "优化": 3, "Mate": 15, "9": 12, "发布会": 1, "余承东": 2, "500": 1, "环境": 1, "包括": 1, "难以置信": 1, "！": 7, "距离": 1, "上市": 1, "三年": 3, "共计": 1, "一千": 1, "时间": 2, "到底": 2, "卡": 2, "尝试": 1, "找": 1, "第三方": 2, "调研": 1, "数据": 3, "意外": 2, "极光": 1, "2019年": 1, "Q1": 1, "显示": 2, "品牌": 6, "型号": 1, "Mate9": 3, "用户": 6, "占据": 1, "3.4%": 1, "排名": 1, "第三": 1, "采用": 3, "顶级": 1, "960": 1, "正面": 2, "一块": 2, "5.9": 1, "英寸": 2, "1080P": 1, "LCD": 1, "屏幕": 2, "配合": 3, "超窄": 2, "边框": 5, "2.5D": 1, "弧面": 1, "过渡": 2, "看上去": 1, "精致": 2, "背面": 3, "做工": 2, "精细": 1, "金属": 2, "一体化": 1, "机身": 3, "磨砂": 1, "质感": 1, "曲线": 1, "整机": 2, "在手": 1, "贴合": 2, "手掌": 1, "设计": 7, "注重": 1, "对称式": 1, "麦克风": 1, "双摄": 2, "指纹": 3, "居中": 1, "排列": 1, "闪光灯": 1, "激光": 1, "焦": 1, "传感器": 1, "对称": 1, "分布": 1, "放": 2, "2016年": 1, "对得起": 1, "国产": 1, "旗舰": 3, "称号": 1, "出厂": 1, "系统": 6, "版本": 5, "EMUI": 2, "5.0": 1, "升级": 3, "9.1": 1, "网友": 7, "真实": 1, "评价": 1, "从来": 1, "电池": 2, "耐用": 1, "一个": 2, "感觉": 1, "9快卡顿": 1, "推送": 1, "流畅": 3, "确实": 3, "立功": 1, "玩": 1, "游戏": 3, "太": 3, "给力": 1, "日常": 6, "吃": 1, "鸡": 1, "跑": 1, "很": 3, "不错": 1, "超额": 1, "篇": 1, "文章": 1, "哪款": 1, "日前": 1, "新机": 1, "——": 1, "Nova": 10, "6": 9, "12月": 2, "5日": 2, "武汉": 1, "正式": 4, "发布": 3, "易烊": 1, "千": 1, "玺": 1, "代言": 1, "4G版": 2, "5G版": 5, "区别": 2, "蛮": 2, "关心": 1, "博主": 1, "率先": 1, "曝光": 1, "俩": 2, "图源": 1, "@": 1, "Ark": 1, "咔嚓": 1, "一下异": 1, "：": 2, "爆料": 1, "核心": 1, "配置": 3, "搭载": 4, "麒麟990": 2, "前置": 3, "32": 3, "M": 2, "P光圈": 2, "F/2.0": 1, "内置": 2, "4100": 1, "mAh": 2, "197g": 1, "；": 2, "+": 1, "巴龙": 1, "5000": 1, "支持": 2, "双模5G": 1, "F/2.2": 1, "4200": 2, "212g": 1, "6苏音蓝": 1, "普罗旺斯": 1, "紫同": 1, "均": 3, "6.57": 1, "2400*1080": 1, "分辨率": 1, "挖": 1, "孔": 1, "LCD屏": 1, "侧边": 1, "实体": 1, "标配": 1, "40W快充": 1, "MP+8M": 2, "P超": 2, "广角": 2, "后置": 1, "超": 1, "感光": 1, "三": 2, "摄": 1, "40": 1, "P长": 1, "焦+8M": 1, "意味着": 1, "P系列": 1, "4000万": 1, "像素": 1, "下放": 1, "价格": 2, "亮": 1, "黑色": 2, "对比": 2, "荣耀": 7, "V30": 4, "外观": 4, "差蛮": 1, "推测": 1, "波": 1, "3299": 1, "元": 5, "起售": 2, "或许": 1, "3499": 1, "有望": 1, "便宜": 1, "模": 1, "算": 1, "坐等": 1, "周四": 1, "~": 2, "颜值": 4, "亲": 1, "闺女": 1, "相比": 1, "小胜一筹": 1, "综合": 2, "实力": 3, "提升": 2, "快速": 1, "成长": 1, "全球": 1, "第二": 1, "智能": 1, "不仅仅": 1, "OPPO": 1, "小米": 2, "友商": 1, "学习": 3, "榜样": 1, "苹果": 1, "三星": 1, "轻易": 1, "忽视": 1, "劲敌": 1, "没错": 1, "致力于": 1, "打造": 1, "巨头": 1, "发展": 1, "慢慢": 1, "目标": 1, "回来": 1, "机海": 1, "战术": 1, "背景": 1, "产品": 7, "处境": 1, "挺": 1, "尴尬": 1, "回": 1, "吐槽": 1, "Mate30": 8, "抱歉": 1, "再见": 2, "系列": 2, "组成部分": 1, "无论是": 3, "硬件": 1, "打磨": 1, "到位": 1, "基于": 2, "7纳米": 1, "制程": 1, "工艺": 1, "6G": 1, "运行": 1, "内存": 2, "SOC": 1, "应对": 2, "程序": 1, "绰绰有余": 1, "EMUI10": 1, "协同": 4, "体验": 4, "王者": 1, "和平": 1, "精英": 1, "主流": 1, "帧率": 1, "稳定性": 1, "妥妥": 1, "毫安": 1, "40W": 1, "快充": 1, "续航": 1, "挑剔": 1, "地方": 1, "配备": 1, "徕卡": 1, "认证": 1, "摄模组": 1, "先进": 1, "算法": 1, "调教": 1, "光线": 1, "充足": 1, "白天": 1, "弱光": 1, "场景": 2, "拍出": 1, "照片": 1, "达芬奇": 1, "独立": 1, "NPU": 1, "神经元": 1, "驱动": 1, "成片": 1, "速度": 1, "可圈可点": 1, "值得": 1, "拥有": 2, "额头": 1, "屏": 2, "带来": 6, "震撼": 2, "视觉": 2, "效果": 1, "四曲面": 1, "玻璃": 1, "铝": 1, "中框": 1, "紧密": 1, "兼顾": 2, "手感": 1, "防水": 1, "素质": 1, "符合": 1, "大部分": 2, "追求": 1, "极致": 1, "年轻人": 1, "一贯": 1, "期待": 1, "刚": 1, "高达": 1, "3999": 1, "售价": 1, "依然": 1, "机": 1, "难": 2, "彰显": 1, "魅力": 1, "可惜": 1, "市场": 3, "竞争": 1, "激烈": 1, "地位": 1, "取代": 1, "人气": 1, "流失": 1, "授权": 1, "平台": 2, "降": 1, "3677": 1, "不少": 1, "对不起": 1, "感到": 1, "扎心": 1, "旧款": 1, "推广": 1, "普及": 1, "(": 1, ")": 1, "热销": 1, "SA": 1, "NSA": 1, "网络": 1, "保证": 1, "未来": 1, "半年": 1, "淘汰": 1, "CC9Pro": 1, "魅族": 1, "16sPro": 1, "性价比": 2, "选择": 1, "拜拜": 1, "观点": 1, "旧": 1, "交替": 1, "现象": 1, "4G": 1, "5G换代": 1, "缺乏": 1, "元素": 1, "情况": 1, "有人": 1, "理解": 1, "身处": 1, "职场": 1, "上班族": 1, "身在": 1, "大学": 1, "校园": 1, "学生": 1, "党": 1, "笔记本": 15, "电脑": 9, "不可或缺": 1, "项": 1, "生产力": 1, "工具": 1, "办公": 3, "娱乐": 2, "靠着": 1, "年轻": 1, "势必": 1, "强悍": 3, "乃至于": 1, "功能性": 3, "尽可能": 1, "完美": 2, "愈发": 1, "繁多": 1, "从前": 1, "行业": 2, "纷纷": 1, "入驻": 2, "依旧": 1, "出色": 3, "表现": 2, "风平浪静": 1, "款款": 1, "精美": 1, "旗下": 1, "MateBook": 12, "津津乐道": 1, "D": 10, "14/15": 8, "锐龙版": 8, "强势": 1, "登场": 1, "无界": 1, "全民屏": 1, "功能": 4, "登陆": 1, "电商": 1, "首销": 1, "当日": 1, "开售": 1, "分钟": 1, "即破": 1, "千万": 1, "销售额": 3, "全天": 1, "全渠道": 1, "直破": 1, "亿": 1, "消费者": 2, "新品": 1, "喜爱": 1, "程度": 1, "接下来": 1, "款": 4, "青睐": 2, "14": 2, "A面": 1, "简洁": 1, "logo": 1, "得益": 1, "材质": 2, "皓月": 1, "银": 1, "配色": 1, "大气": 1, "时尚": 3, "打开": 1, "一眼": 1, "超大屏": 1, "占比": 2, "吸引": 1, "4.8mm": 1, "宽度": 1, "84%": 1, "屏占": 1, "冲击": 1, "窄": 2, "摄像头": 2, "键盘": 3, "区域": 1, "创新性": 1, "上方": 1, "挪到": 1, "键盘区": 1, "轻轻": 2, "弹出": 1, "一大": 1, "创新": 2, "电源": 1, "开机": 2, "按键": 1, "传统": 2, "输入": 1, "密码": 1, "解锁": 3, "方式": 1, "习惯": 1, "繁琐": 1, "步骤": 2, "突破": 1, "高效": 1, "关机": 1, "状态": 2, "锁屏": 1, "触": 1, "自动": 1, "实用": 1, "贴心": 1, "顾虑": 1, "接口": 5, "简约": 1, "1": 5, "USB": 3, "C接口": 1, "3.0": 1, "2.0": 1, "HDMI": 1, "3.5": 1, "耳机口": 1, "比如说": 1, "传输": 1, "鼠标": 2, "连接": 1, "设备": 3, "充电": 1, "保留": 1, "足够": 1, "轻薄": 1, "融合": 1, "看完": 2, "AMD": 1, "锐龙": 1, "5": 1, "3500": 1, "U": 1, "加上": 1, "8G/16G": 1, "固态": 1, "512G": 1, "存储": 1, "用户们": 3, "足以": 1, "用来": 1, "亮点": 1, "多屏": 2, "早已": 1, "不再": 1, "单一": 1, "无缝": 1, "生态": 1, "需求": 1, "碰传": 1, "基础": 1, "整合": 1, "推出": 1, "跨终端": 1, "交互": 1, "进一步": 1, "互传": 1, "文件": 1, "外设": 2, "从容": 1, "控制": 1, "前所未有": 1, "介绍": 1, "打动": 1, "火热": 1, "预售": 1, "当中": 1, "心动": 1, "小伙伴们": 1, "多多": 1, "关注": 1}