{"美国": 104, "总统": 1, "特朗普": 5, "中国": 17, "华为": 254, "公司": 47, "列入": 3, "实体": 6, "清单": 4, "事件": 7, "持续": 4, "发酵": 1, "举动": 7, "中方": 1, "做出": 4, "强势": 3, "回应": 3, "做法": 1, "谴责": 2, "5月": 12, "20日": 2, "谷歌": 16, "暂停": 8, "业务": 4, "往来": 1, "官方": 4, "安卓": 6, "操作": 13, "系统": 26, "支持": 16, "发售": 2, "手机": 19, "直言": 2, "此举": 1, "遵守": 2, "指令": 1, "遵从特朗普": 1, "政府": 2, "遏制": 1, "发展": 10, "打压": 11, "政策": 6, "企业": 39, "紧跟": 1, "步伐": 1, "彭博社": 1, "消息": 7, "包括": 5, "英特尔": 5, "、": 71, "高通": 7, "赛灵思": 1, "博通": 1, "在内": 3, "顶级": 1, "芯片": 19, "制造商": 2, "停止": 17, "提供": 13, "软件": 7, "对此": 2, "专家": 3, "封锁": 2, "全球": 16, "供应链": 2, "反响": 1, "知名": 2, "供应商": 5, "打击": 5, "断货": 1, "阻碍": 1, "5G": 25, "无线": 2, "网络": 9, "推出": 4, "伤害": 3, "利益": 3, "经济": 2, "增长": 2, "依赖": 2, "人士": 2, "透露": 1, "终止": 2, "合作": 19, "股价": 1, "均": 1, "下跌": 1, "可谓": 1, "伤敌": 1, "一千": 1, "自损": 1, "八百": 1, "合作商": 1, "断供": 6, "21日": 3, "创始人": 3, "任正非": 71, "接受": 7, "采访": 5, "做好": 2, "供货": 7, "事实上": 1, "如今": 5, "面临": 2, "困境": 1, "早": 3, "预料": 1, "去年": 3, "储备": 3, "足够": 1, "组件": 1, "此前": 7, "高官": 1, "微软": 1, "启动": 1, "B计划": 1, "此次": 4, "遭受": 3, "乐观": 3, "影响": 12, "刺激": 1, "系统性": 1, "踏踏实实": 2, "电子": 1, "工业": 2, "义正言辞": 1, "任由": 1, "值得": 3, "社会": 8, "强力": 2, "各国": 2, "用户": 9, "纷纷": 3, "愤怒": 2, "不少": 9, "账号": 1, "留言": 1, "网友": 12, "评论": 2, "指出": 5, "称": 5, "取消": 3, "授权": 1, "侵害": 1, "权利": 1, "条": 4, "法律": 2, "惩罚": 1, "数百万": 1, "公平": 1, "近年来": 1, "欧洲": 1, "都": 55, "拥有": 2, "用户群": 1, "霸权": 2, "无辜": 1, "受害者": 1, "这次": 2, "狂妄": 1, "实质性": 1, "反而": 4, "陷入": 1, "进退两难": 1, "境地": 1, "24日": 2, "国家": 48, "知识": 5, "产权局": 3, "商标局": 3, "网站": 4, "显示": 3, "申请": 3, "注册": 6, "鸿蒙": 16, "商标": 2, "标注": 1, "商品": 7, "用于": 1, "程序": 3, "新闻": 2, "国内": 8, "兴奋": 1, "期待": 1, "：": 129, "！": 13, "iOS": 1, "名字": 5, "——": 5, "传说": 1, "一个": 43, "时代": 10, "混沌": 4, "末期": 1, "世界": 14, "破碎": 1, "气": 2, "聚集": 1, "世人": 1, "比作": 1, "远古": 1, "时期": 1, "西游记": 1, "第一": 9, "章": 1, "正是": 2, "初": 2, "辟本无性": 2, "打破": 2, "顽空": 1, "悟空": 3, "取自": 1, "北宋": 1, "紫阳": 1, "真人": 1, "张伯端": 1, "诗集": 1, "顽冥": 1, "东游": 1, "扶摇之枝": 1, "适遭": 1, "庄子·在宥": 1, "提挈": 1, "天地": 1, "而委": 1, "万物": 1, "鸿濛": 1, "景柱": 1, "浮扬乎": 1, "畛崖": 1, "之际": 1, "淮南子·俶真训": 1, "居兮": 1, "青埂": 1, "峰": 1, "；": 17, "游兮": 1, "太空": 1, "红楼梦": 1, "二○": 1, "回": 1, "日期": 2, "2018年": 5, "8月": 1, "公告": 1, "2019年": 3, "14日": 2, "专用": 1, "权限期": 1, "2029年": 1, "13日": 1, "名称": 1, "栏": 1, "计算机": 4, "晚间": 2, "消费者": 2, "总裁": 2, "余承东": 2, "社交": 3, "媒体": 9, "快": 1, "秋天": 1, "晚": 2, "明年": 2, "春天": 1, "OS": 1, "面市": 1, "届时": 1, "兼容": 1, "始终": 2, "打造": 2, "核心": 3, "能力": 8, "培养": 1, "简直": 2, "整本山": 2, "海经": 2, "......": 2, "子龙": 1, "浩天": 1, "青鸟": 1, "朱雀": 1, "……": 3, "玩玩": 1, "真的": 4, "用在": 1, "研发": 6, "产品": 15, "取名": 7, "麒麟": 2, "基带": 1, "巴龙": 1, "服务器": 2, "鲲鹏": 1, "平台": 1, "泰山": 2, "路由器": 1, "凌霄": 1, "人工": 3, "智能": 5, "昇腾": 1, "…": 1, "这是": 6, "神话": 1, "工程师": 2, "航天人": 2, "很": 30, "浪漫": 2, "航天": 1, "登月": 1, "探测器": 1, "名": 3, "嫦娥": 1, "月球": 1, "车名": 1, "玉兔": 1, "暗物质": 1, "粒子": 1, "探测": 1, "卫星": 6, "名叫": 1, "量子": 1, "实验": 3, "墨子": 1, "飞船": 1, "神舟": 1, "气象": 1, "风云": 1, "定位": 3, "北斗": 1, "低轨": 1, "鸿雁": 1, "太阳": 1, "监测": 1, "计划": 5, "夸父": 1, "不止": 3, "科研": 1, "充满": 1, "浪漫主义": 1, "情怀": 1, "航空": 1, "发动机": 3, "峨眉": 1, "太行": 1, "岷山": 1, "秦岭": 1, "昆仑": 1, "科研人": 1, "理解": 6, "责任": 2, "编辑": 1, "彭金美": 1, "请": 2, "点赞": 4, "功能": 3, "↓↓↓": 1, "态度": 4, "率先": 1, "带头": 1, "作用": 1, "好像": 1, "越来越": 6, "抵制": 3, "韩": 3, "动手": 2, "谣言": 2, "大部分": 1, "美企": 4, "发生": 4, "改变": 3, "日本": 13, "NHK": 1, "报道": 6, "松下": 4, "集团": 2, "零部件": 1, "指示": 1, "员工": 4, "禁令": 4, "涵盖": 1, "68": 1, "附属": 2, "之间": 1, "交易": 2, "东芝": 8, "自查": 1, "部件": 1, "技术": 7, "上海": 4, "内部": 3, "韩国": 12, "23日": 4, "劝说": 1, "一向": 1, "采用": 3, "设备": 24, "电讯": 2, "LG": 4, "Uplus": 4, "禁止": 3, "敏感": 2, "地区": 7, "服务": 11, "最终": 3, "逐出": 1, "很快": 1, "发表": 3, "声明": 7, "放弃": 2, "电器": 1, "有限": 1, "严正": 1, "表述": 1, "不实": 1, "所在": 1, "相关": 5, "合规": 1, "条例": 1, "基础": 21, "客户": 2, "销售": 2, "官网": 1, "份": 4, "未": 2, "收到": 1, "副": 1, "董事长": 2, "威胁": 5, "境内": 1, "投资": 5, "4万亿": 1, "韩元": 1, "建设": 3, "部署": 2, "事情": 9, "韩媒": 1, "中断": 1, "进口": 1, "损失额": 1, "数十亿": 1, "美元": 3, "报复": 1, "措施": 1, "损失": 1, "雪球": 1, "滚": 1, "美": 10, "法国": 2, "费加罗": 1, "报": 1, "电信": 5, "机器": 1, "集体": 3, "用户们": 1, "账户": 1, "声援": 1, "这家": 3, "第二": 2, "胜利": 4, "离开": 1, "全力": 1, "JesuisHuawei": 1, "SupportHuawei": 1, "话题": 1, "市场": 12, "反观": 1, "拒绝": 1, "难道": 1, "忘": 1, "才": 4, "共赢": 1, "道理": 3, "到底": 2, "厉害": 5, "专利": 4, "堆": 1, "10": 3, "米": 2, "关注": 6, "焦点": 2, "美国商务部": 3, "列为": 3, "出售": 1, "招": 3, "无疑": 6, "分析": 1, "目的": 1, "领先": 3, "不利于": 1, "监控": 1, "确实": 5, "国际": 4, "大数据": 1, "产业": 1, "博览会": 1, "贵阳": 1, "鲁勇": 1, "标准": 10, "16000": 1, "体验": 1, "换成": 1, "A4纸": 1, "将近": 1, "占比": 2, "20%": 3, "15%": 1, "也就是说": 2, "单单": 1, "一家": 5, "超过": 6, "购买": 1, "配件": 1, "实际上": 2, "压根": 2, "不用": 8, "担心": 10, "西方": 4, "亮": 3, "东方亮": 1, "北方": 1, "南方": 1, "代表": 3, "全世界": 4, "尖端": 1, "科技": 8, "至少": 2, "厂商": 3, "三年": 1, "未必": 1, "追": 1, "蛊惑": 1, "停用": 1, "回过味": 1, "完备": 1, "德国": 9, "调查": 4, "后门": 2, "思科": 1, "发现": 3, "英国": 3, "感谢": 3, "帮忙": 1, "宣传": 2, "情况": 6, "多么": 1, "那时候": 1, "一遍遍": 1, "质疑": 1, "声": 2, "声量": 1, "关键": 3, "外国": 2, "开玩笑": 2, "花": 2, "钱": 15, "启用": 2, "紧急": 1, "状态": 8, "帮华": 1, "广告": 2, "空前": 1, "危机": 3, "小米": 2, "雷军站": 1, "出力": 1, "挺": 2, "联想": 10, "失望": 2, "针对": 3, "方法": 1, "之下": 1, "当地": 2, "不容": 1, "遭遇": 5, "很多": 18, "提前": 1, "好几": 2, "备胎": 8, "应对": 2, "轻松": 2, "毕竟": 1, "表态": 3, "360": 1, "苏宁": 1, "巨头": 2, "对手": 2, "力挺": 1, "雷军": 3, "称赞": 1, "倒下": 1, "强大": 4, "对外": 1, "造车": 1, "就要": 4, "国人": 1, "发布": 6, "印象": 2, "降低": 1, "冠上": 1, "卖国": 1, "称号": 2, "负面": 1, "不错": 4, "财报": 1, "营收": 1, "500多亿": 1, "成绩": 1, "件": 3, "杨元庆": 2, "话语": 2, "说出": 1, "不满": 1, "角色": 1, "意识": 1, "自主": 2, "反馈": 1, "想要": 1, "当中": 2, "卡住": 1, "脖子": 1, "导读": 1, "禁用": 2, "本土": 4, "运营": 2, "商怒": 2, "劳民伤财": 3, "众所周知": 1, "段": 1, "时间": 4, "制裁": 4, "科技界": 1, "一大": 1, "订单": 1, "声称": 1, "随后": 2, "欧": 1, "无异于": 1, "说法": 1, "不攻自破": 1, "可不": 1, "中兴": 1, "实力": 5, "内": 1, "强悍": 2, "失败": 1, "动用": 4, "力量": 1, "影响力": 1, "孟晚舟": 11, "扣押": 1, "近日": 1, "公开": 1, "我国": 2, "黑名单": 2, "意味着": 2, "好在": 1, "面对": 5, "丝毫": 1, "害怕": 1, "退宿": 1, "地广人稀": 1, "偏远": 4, "运营商": 4, "物美价廉": 2, "事儿": 1, "尼蒙特": 2, "70％": 1, "来自于": 1, "炒作": 2, "更换": 2, "成本": 1, "变得": 1, "导致": 1, "一部分": 2, "断网": 1, "农村": 4, "协会": 1, "顾问": 1, "卡丽·贝内特": 1, "3-7年": 1, "才能": 2, "活动": 1, "转载": 2, "百家号": 2, "作者": 2, "趣味": 1, "风": 1, "孟子": 1, "公孙": 1, "丑上": 1, "文": 1, "提到": 1, "得道者": 3, "多助": 1, "失道者": 2, "寡助": 1, "讲": 14, "站": 1, "正义": 1, "仁义": 3, "违背": 1, "道义": 1, "陷于": 1, "孤立": 2, "闹": 1, "纷纷扬扬": 1, "体现": 2, "早已": 1, "明白": 2, "系列": 3, "行径": 2, "无不": 1, "道路": 1, "走": 3, "远": 1, "想": 14, "超越": 2, "眼里": 1, "究竟": 1, "1": 1, "转让": 1, "硬件": 3, "海外": 3, "邮箱": 2, "You": 1, "Tube": 1, "Lumentum": 1, "3": 1, "ARM": 1, "海思": 10, "零件": 1, "这一切": 1, "背后": 2, "操纵": 1, "局面": 1, "不容乐观": 1, "危险": 6, "时刻": 3, "最佳": 3, "团结": 1, "迎接": 1, "众多": 2, "腾讯": 1, "阿里巴巴": 1, "网易": 1, "援助": 1, "台积电": 1, "排斥": 1, "一视同仁": 1, "刚刚": 1, "最新": 1, "传来": 1, "墨西哥人": 1, "墨西哥": 3, "名为": 1, "Taqueria": 1, "Tachitos": 1, "餐厅": 3, "送": 3, "饼华": 1, "call": 1, "携带": 1, "免费": 1, "享用": 1, "卷饼": 1, "Facebook": 2, "苦痛": 1, "文字": 1, "旁边": 1, "配有": 1, "拥抱": 3, "图片": 4, "截图": 1, "店铺": 1, "营销": 1, "意味": 1, "无风不起浪": 1, "搬": 1, "人心": 1, "中华": 1, "几十": 1, "签订": 2, "未来": 20, "领军者": 1, "趋势": 1, "背道而驰": 1, "控制": 2, "行事": 1, "开放": 4, "和平": 1, "形象": 1, "封杀": 2, "乐": 1, "三星": 10, "坐收渔利": 3, "不仅仅": 2, "比如说": 2, "机型": 8, "从新": 1, "一批": 1, "升级": 3, "Android": 1, "Q": 1, "移除": 1, "而后": 1, "销量": 5, "2.08亿": 1, "台": 2, "第三": 1, "仅次于": 1, "苹果": 9, "创新": 4, "下降": 2, "类似于": 1, "华为p30": 1, "mate": 1, "吸引力": 2, "进一步": 1, "冲击": 2, "份额": 1, "算": 2, "开源": 1, "开发": 2, "新华": 1, "youtube": 1, "商店": 1, "平时": 1, "常用": 1, "像是": 1, "微信": 1, "有人欢喜有人愁": 1, "替代": 1, "地址": 1, "相争": 2, "展现": 1, "季度": 2, "品牌": 1, "同比": 1, "疯狂": 1, "上涨": 1, "50%": 1, "不久前": 1, "折叠屏": 2, "远远": 1, "优秀": 6, "被迫": 1, "延期": 1, "笔者": 1, "想法": 2, "现实": 1, "边缘化": 1, "IT之家": 1, "26日": 1, "下午": 1, "2点30分": 1, "CEO": 1, "总部": 1, "央视": 3, "面对面": 1, "记者": 3, "董": 2, "倩": 2, "独家": 1, "专访": 1, "今日": 1, "节目": 1, "播出": 1, "对话": 1, "全文": 1, "两万": 2, "枚": 2, "金牌": 2, "奖章": 2, "题词": 2, "死": 5, "主持人": 52, "外界": 5, "担忧": 1, "生死攸关": 1, "超然": 1, "事外": 1, "谈": 2, "教育": 25, "关心": 6, "从来": 6, "死亡": 1, "梳理": 1, "去掉": 1, "高端": 1, "办法": 1, "重视": 2, "重返": 1, "贫穷": 1, "走向": 3, "参观": 1, "生产线": 2, "秒钟": 1, "从无到有": 1, "基本上": 1, "几百": 1, "上千": 2, "自动化": 1, "文化": 5, "素质": 3, "大专": 1, "大学": 3, "英文": 1, "工人": 1, "机会": 1, "缩影": 1, "放大": 1, "竞争力": 2, "铁路": 1, "公路": 1, "交通": 1, "设施": 4, "城市": 1, "自来水": 1, "环境": 1, "硬": 3, "灵魂": 3, "在于": 3, "哲学": 1, "软": 2, "土壤": 3, "庄稼": 2, "生长": 1, "别人": 10, "提": 3, "科学技术": 1, "领导": 1, "科学家": 5, "工作": 3, "出国": 1, "研究所": 1, "方程": 2, "二十年": 1, "东西": 6, "演示": 1, "将来": 5, "毫米": 1, "波": 1, "人类": 7, "提高": 2, "一百": 2, "倍": 4, "带宽": 2, "增加": 1, "穷人": 1, "消费": 1, "科学": 2, "走到": 2, "抓起": 5, "层层": 1, "地方": 3, "竞争": 3, "一点": 7, "关键性": 1, "枪打出头鸟": 1, "想到": 3, "早就": 2, "消灭": 3, "真实": 1, "研究": 7, "水平": 5, "难度": 1, "尊师重教": 1, "这样子": 1, "二三十年": 3, "三五十年": 1, "希望": 13, "爆发": 1, "场": 2, "革命": 2, "恐怖性": 1, "人人": 2, "出头鸟": 1, "架": 5, "炮": 1, "吓唬": 1, "误判": 2, "摧毁": 3, "意志": 1, "孩子": 2, "好多": 1, "博士": 7, "硕士": 1, "领域": 2, "搏击": 1, "前途": 1, "命运": 1, "这才": 1, "刚才": 2, "人才": 4, "若干": 1, "网罗": 1, "建": 1, "工厂": 1, "新西伯利亚": 1, "竞赛": 1, "冠军": 1, "五六": 2, "工资": 3, "进来": 1, "俄罗斯": 3, "待遇": 2, "操": 1, "也许": 4, "闲心": 1, "爱国": 2, "爱": 1, "繁荣富强": 2, "欺负": 1, "危难": 1, "惰怠": 1, "口袋": 1, "服从": 1, "分配": 1, "艰苦": 1, "全体": 1, "振奋": 1, "战斗力": 1, "蒸蒸日上": 1, "关切": 1, "21号": 1, "上午": 2, "资料": 1, "二战": 1, "筛子": 1, "弹痕": 1, "累累": 1, "飞机": 7, "依然": 1, "飞行": 1, "终于": 2, "返回": 1, "一行": 1, "大字": 1, "伤痕累累": 1, "皮糙": 1, "肉厚": 1, "英雄": 9, "自古": 1, "磨难": 1, "昨天": 1, "晚上": 2, "半夜": 2, "上网": 1, "照片": 5, "飞": 4, "修": 1, "回来": 4, "说到": 1, "要害": 2, "油箱": 1, "部位": 1, "攻击": 1, "故事": 1, "投降": 2, "炸": 1, "片瓦未存": 1, "轰炸": 1, "著名": 1, "口号": 1, "重整": 1, "雄风": 1, "清清楚楚": 1, "振兴": 1, "房子": 1, "修复": 2, "快速": 1, "恢复": 2, "得益": 3, "技能": 1, "信心": 1, "背景": 4, "介绍": 2, "发": 7, "芭蕾脚": 4, "广告图": 2, "达沃斯": 1, "会上": 1, "喝": 1, "咖啡": 2, "干活": 2, "长处": 1, "起步": 1, "太": 8, "成长": 3, "年限": 1, "短": 2, "积累": 1, "吃苦": 1, "烂": 2, "脚": 2, "痛": 1, "快乐": 1, "解释": 1, "女儿": 3, "副董事长": 1, "首席": 1, "财务官": 1, "12月": 2, "1号": 1, "加拿大": 6, "当局": 1, "美方": 1, "扣留": 1, "机场": 1, "转机": 1, "澄清": 1, "寻求": 1, "引渡": 2, "11号": 1, "法院": 1, "裁决": 1, "批准": 1, "保释": 1, "当晚": 1, "法庭": 1, "朋友圈": 1, "为傲": 2, "祖国": 2, "配图": 1, "写": 3, "苦难": 1, "贸易": 6, "摩擦": 1, "诉讼": 1, "读": 2, "狱中": 2, "担": 1, "本身": 1, "自学": 1, "功课": 1, "监狱": 1, "学历": 1, "闲": 2, "忙": 4, "每次": 1, "打电话": 2, "妈": 1, "电话": 3, "老公": 1, "赶快": 1, "充实": 1, "温哥华": 1, "软禁": 2, "监禁": 1, "四周": 1, "警察": 1, "包围": 1, "生活": 2, "自由": 1, "长": 2, "法治": 1, "证据": 1, "证明": 3, "罪": 1, "站在": 1, "理上": 1, "轰动": 1, "报纸": 1, "头版": 1, "头条": 1, "标题": 1, "典型": 2, "违法": 1, "人民日报": 1, "大标": 1, "题写": 1, "在理": 1, "本来": 3, "张扬": 3, "近段": 1, "所有人": 1, "心目": 1, "奖牌": 4, "职级": 1, "收入": 1, "默默无闻": 2, "用钱": 1, "跑到": 1, "台上": 1, "演讲": 1, "批评": 1, "老老实实": 2, "回到": 1, "科研室": 1, "搞": 3, "活": 1, "干": 6, "憋": 4, "回去": 1, "老婆": 3, "老": 1, "表扬": 2, "买": 3, "包": 3, "好不": 1, "好看": 1, "挣": 3, "网上": 3, "何庭波": 2, "欺世盗": 1, "领奖": 2, "发明人": 2, "傻乎乎": 1, "贴到": 1, "少量": 2, "同等": 1, "部门": 3, "奖金": 1, "戴": 1, "红花": 1, "漂亮": 1, "评": 2, "奖": 1, "明日": 1, "星": 1, "大概": 2, "4万": 1, "造币厂": 1, "低": 1, "头": 1, "夹": 1, "尾巴": 1, "做人": 1, "不住": 2, "轮到": 1, "昂起": 1, "好事": 3, "收回": 1, "解说": 7, "2004年": 2, "成立": 1, "负责": 1, "半导体": 1, "器件": 1, "交付": 1, "地位": 2, "异常": 1, "低调": 1, "架构": 1, "一级": 1, "找": 1, "身影": 1, "差点": 1, "100亿": 1, "卖给": 3, "当年": 1, "关系": 2, "预想": 1, "一百亿": 1, "美金": 1, "碰撞": 2, "合同": 1, "手续": 1, "完了": 4, "穿": 1, "衣服": 1, "海滩": 1, "跑步": 2, "比赛": 2, "乒乓球": 1, "星期": 1, "董事会": 2, "变化": 1, "否决": 1, "这项": 1, "收购": 1, "讨论": 1, "卖": 4, "少壮派": 1, "激进派": 1, "山头": 1, "肯定": 2, "输家": 1, "拼": 5, "刺刀": 3, "爬": 1, "南坡": 1, "带": 1, "牛肉": 1, "罐头": 1, "爬坡": 3, "背着": 1, "干粮": 1, "爬到": 2, "山上": 1, "思想": 3, "有人": 2, "分裂": 1, "东方": 1, "好不容易": 1, "统一": 1, "朵": 1, "难": 2, "交融": 1, "不和": 1, "前提": 1, "北坡": 1, "往下": 1, "雪往": 1, "下滑": 1, "军": 1, "山顶": 1, "决不": 1, "欢呼": 1, "数字化": 1, "信息化": 1, "大会师": 1, "多种": 1, "会师": 1, "理想": 1, "赚钱": 1, "挤榨": 1, "朋友": 2, "压制": 1, "住": 1, "8K": 1, "电视机": 2, "不大": 1, "一句话": 3, "放": 3, "讲讲": 1, "常务": 1, "利润": 1, "检查": 1, "拿来": 1, "批示": 1, "炫富": 2, "战略": 6, "投入": 4, "困难": 1, "听": 2, "你家": 1, "土地": 1, "牛粪": 1, "猪粪": 1, "撒": 1, "肥力": 1, "收": 1, "加大": 1, "原则": 1, "旗下": 2, "产权": 2, "五大": 1, "数据": 1, "中心": 1, "构筑": 1, "武器": 1, "独立": 1, "分析师": 1, "居于": 1, "前列": 1, "惯常": 1, "意外": 1, "构想": 1, "理论": 2, "基础理论": 2, "研究院": 1, "外面": 1, "撒胡": 1, "椒面": 1, "程度": 1, "永远": 1, "挺身而出": 1, "供应": 2, "主体": 1, "如果说": 2, "正式": 1, "生产": 1, "这天": 1, "走走": 1, "走错": 1, "纠正": 1, "第四": 1, "为期": 1, "90": 8, "临时": 2, "通用": 1, "许可": 1, "推迟": 1, "现有": 1, "服务所": 1, "实施": 1, "开足马力": 1, "加班加点": 1, "现象": 2, "意义": 2, "执照": 1, "看待": 1, "反复": 1, "来讲": 1, "三十": 2, "伴随": 1, "无私": 1, "贡献": 2, "教": 1, "走路": 2, "良心": 1, "前天": 1, "徐直军": 1, "记": 1, "不得了": 1, "大致": 1, "两三点钟": 1, "报告": 2, "努力": 1, "正确": 1, "对待": 1, "流泪": 1, "感到": 1, "得道多助": 1, "失道寡助": 1, "教给": 1, "感受": 1, "不公": 1, "学生": 6, "老师": 15, "棒": 2, "这不": 1, "流体力学": 1, "空气": 2, "动力学": 2, "一对": 1, "父子": 1, "发明": 1, "伯努利": 2, "父亲": 1, "嫉妒": 1, "儿子": 3, "残酷": 1, "迫害": 1, "舒服": 1, "没关系": 1, "论文": 1, "放在": 1, "长期": 2, "冲突": 1, "持久战": 1, "短期": 1, "突击战": 2, "度过": 1, "磨合": 2, "阶段": 2, "切换": 1, "总公司": 1, "接待": 1, "大厅": 1, "屏幕": 3, "循环": 1, "播放": 1, "出品": 1, "公益": 2, "广告片": 2, "10月": 1, "28号": 1, "投放": 1, "尽可能": 1, "渠道": 1, "呼吁": 2, "各界": 1, "基础教育": 4, "完人": 2, "追求": 2, "完美": 4, "反对": 2, "那种": 1, "盲目": 1, "补": 1, "短板": 2, "过程": 1, "不行": 2, "家里": 1, "太太": 3, "骂": 1, "笨": 2, "要死": 1, "一生": 1, "做长": 1, "块板": 1, "一块": 1, "长板": 2, "高桶": 1, "完整": 1, "没用": 1, "缺点": 2, "好好": 1, "观察": 1, "重用": 1, "派": 1, "赵": 1, "刚": 1, "政委": 1, "例子": 1, "活字": 1, "大数学家": 1, "早上": 1, "合适": 1, "女朋友": 1, "小伙子": 1, "会谈": 1, "恋爱": 1, "数学": 4, "十几": 2, "天天": 1, "玩": 1, "电脑": 1, "干什么": 4, "五万": 1, "人员": 1, "莫斯科": 1, "招呼": 1, "院士": 2, "牌牌": 1, "讲话": 1, "三": 2, "懂": 2, "中国话": 2, "翻译": 1, "善于": 1, "打交道": 1, "告诉": 2, "2G": 1, "3G": 1, "突破": 2, "算法": 1, "马上": 1, "冷板凳": 1, "坐": 1, "轰轰烈烈": 1, "体系": 1, "相提并论": 1, "为此": 1, "自费": 1, "权威": 1, "机构": 1, "状况": 1, "梦想": 1, "记者会": 1, "提出": 1, "层面": 1, "党": 2, "企业家": 1, "调研": 1, "权威性": 1, "中央": 1, "深刻": 2, "资助": 1, "流程": 1, "表决": 1, "普洱市": 1, "特色": 1, "那天": 1, "村庄": 1, "演出": 1, "感慨": 1, "五台": 2, "钢琴": 3, "贵州省": 1, "捐献": 2, "青少年": 1, "单纯": 1, "数理化": 1, "思乡曲": 1, "奠定": 1, "广阔": 1, "情感": 1, "一辈子": 3, "教师": 9, "父母": 5, "年代": 1, "叮嘱": 1, "兄妹": 1, "今生今世": 3, "不准": 3, "穷": 10, "回头": 1, "乡村": 1, "人生": 1, "选择": 2, "教授": 1, "数额": 1, "北欧": 1, "稍微": 1, "领": 1, "上上": 1, "甘岭": 1, "马太": 1, "效应": 3, "差": 2, "马": 1, "小学": 1, "娶": 1, "电影": 1, "明星": 1, "荣耀": 15, "七十": 1, "改善": 1, "担负": 1, "花朵": 3, "浇水": 2, "事业心": 1, "使命感": 1, "浇": 1, "水": 1, "花枯": 1, "萎": 1, "乔布斯": 1, "少掉": 1, "贸易战": 1, "公正": 1, "当下": 1, "焦虑": 1, "愈加": 1, "宽": 1, "现状": 1, "争端": 2, "强身健体": 2, "傀儡": 3, "灌注": 1, "操心": 1, "算数": 1, "位置": 1, "赶紧": 1, "退休": 3, "学位": 1, "回答": 1, "养花": 4, "养": 2, "动物": 1, "想想": 1, "退出": 1, "舞台": 1, "学": 1, "愿望": 1, "被子": 1, "压境": 1, "民族": 1, "狗熊": 1, "商业性": 1, "买卖": 1, "政治": 1, "喜好": 1, "有时候": 1, "偏激": 2, "民粹主义": 1, "好处": 1, "民众": 1, "心态": 2, "平平静静": 1, "种地": 1, "土豆": 1, "浪费": 1, "耳朵": 1, "新新": 1, "数码": 1, "续航": 4, "需求": 1, "近期": 3, "千元机": 5, "必定": 1, "款": 18, "vivoZ5x": 10, "火": 1, "骁龙": 2, "710千": 1, "元": 3, "机": 1, "vivoZ5": 1, "独特": 1, "打孔": 1, "设计": 3, "90%": 1, "高屏": 1, "后置": 1, "摄": 1, "拍照": 1, "同类": 2, "屈指可数": 1, "该机": 1, "内置": 1, "5000": 3, "毫安": 3, "电池": 5, "势在必得": 1, "不得不": 1, "综合": 3, "表现": 3, "优势": 1, "差不多": 1, "敢于": 1, "叫板": 1, "主打": 1, "畅享": 1, "MAX": 1, "8XMAX": 1, "note10": 13, "原本": 1, "中端": 1, "旗舰": 1, "来到": 2, "热闹": 1, "爆款": 1, "不容小觑": 1, "外观": 3, "6.95": 1, "英寸": 1, "AMOLED": 1, "屏": 1, "出入": 1, "风格": 3, "机身": 5, "材质": 1, "厚道": 1, "手感": 2, "玻璃": 1, "塑料": 1, "后壳": 1, "渐变": 1, "色": 1, "映衬": 1, "颜值": 1, "可圈可点": 3, "炫彩夺目": 1, "偏向": 1, "稳重": 1, "厚度": 3, "7.65": 1, "容量": 2, "高达": 1, "8.85": 1, "VivoZ5x": 1, "710手机": 1, "性能": 2, "10nm": 1, "工艺": 1, "制程": 1, "功耗": 1, "恰当": 1, "比起": 1, "逊色": 1, "搭载": 1, "麒麟970": 1, "处理器": 1, "双Turbo加持": 1, "PC级": 1, "液冷": 1, "散热": 1, "出色": 1, "发热": 1, "缓解": 1, "不俗": 1, "游戏": 1, "业界": 1, "公认": 1, "值得一提的是": 1, "项": 1, "OTC": 1, "反向": 1, "充电": 1, "算是": 1, "总的来讲": 1, "超长": 2, "喜欢": 1, "价格": 3, "6+64GB": 1, "版本": 1, "1999": 2, "适合": 1, "实用": 1, "价位": 1, "vivo": 1, "Z5": 1, "8+128GB": 1, "存储": 1, "组合": 1, "续航机": 1}