{"美国": 15, "游说": 1, "欧洲": 13, "各国": 3, "禁止": 4, "华为": 156, "5G": 59, "设备": 31, "仍旧": 1, "国家": 12, "选择": 8, "消息": 13, "签署": 2, "60多": 3, "份": 4, "5G商": 1, "合同": 6, "一半": 1, "都": 33, "近日": 4, "德国": 14, "总理": 2, "默克尔": 5, "再次": 1, "重申": 2, "反对": 2, "排除": 3, "建设": 12, "昨日": 1, "(": 11, "18日": 2, ")": 11, "联邦": 1, "议院": 1, "发表": 1, "讲话": 2, "谈及": 2, "公司": 23, "网络": 14, "赞成": 1, "努力": 2, "确保": 1, "参与": 3, "第二": 3, "、": 96, "第三": 1, "第四": 1, "针对": 4, "媒体": 3, "炒作": 2, "中方": 1, "威胁": 1, "感受": 1, "中国": 4, "压力": 2, "值得一提的是": 3, "年初": 1, "电信": 8, "内部": 1, "评估": 2, "文件": 2, "显示": 5, "供应商": 4, "投资": 5, "数十亿": 2, "欧元": 8, "部署": 3, "政府": 4, "下一代": 1, "落后于": 1, "数千": 1, "无线": 3, "基站": 5, "装设": 1, "系统": 9, "云端": 1, "产品": 22, "供应方": 1, "建立": 2, "现有": 2, "4G": 10, "基础": 1, "依赖": 1, "禁用": 1, "业者": 1, "被迫": 1, "拆除": 1, "付出": 1, "成本": 1, "副董事长": 1, "胡厚崑": 1, "10月份": 1, "场": 1, "论坛": 1, "商用": 5, "32": 1, "国际": 1, "讨论": 1, "数量": 3, "依然": 1, "供货商": 1, "P30": 12, "款": 29, "手机": 53, "很多": 7, "小伙伴": 1, "陌生": 1, "该机": 6, "4月份": 1, "推出": 7, "价格": 12, "稳定": 3, "天空": 1, "镜": 1, "配色": 1, "不少": 4, "粉丝": 1, "看好": 4, "接近": 1, "4K": 1, "消费者": 5, "犹豫": 1, "好在": 2, "众多": 2, "冲击": 1, "开启": 1, "硬核": 1, "降价": 6, "网友": 1, "：": 17, "还好": 1, "买": 13, "早": 3, "！": 5, "第三方": 1, "平台": 4, "最低": 1, "降": 3, "3388": 1, "元": 11, "起步": 2, "相比": 1, "上市": 3, "初": 1, "600": 1, "波动": 1, "高端": 3, "旗舰机": 4, "售卖": 1, "幅度": 1, "时机": 1, "肯定": 3, "迭代": 1, "新机": 5, "P40": 23, "年后": 1, "就要": 1, "预热": 1, "市场": 10, "越来越": 4, "承受": 1, "一个": 15, "时代": 6, "过渡期": 1, "退出": 1, "显得": 1, "尤为": 1, "外界": 4, "因素": 2, "技术": 17, "发展": 12, "或许": 1, "些许": 1, "尽如人意": 1, "地方": 1, "硬件": 2, "配置": 8, "搭载": 5, "麒麟980": 2, "核芯": 1, "处理器": 4, "旗舰": 9, "级别": 1, "强悍": 1, "麒麟990": 2, "竞争": 1, "对手": 1, "高通": 5, "发布": 15, "明年": 5, "骁龙": 3, "865": 1, "芯片": 8, "同期": 1, "855": 1, "机型": 9, "清仓": 1, "才": 4, "表现": 4, "很": 11, "不错": 3, "续航": 2, "变得": 1, "被动": 1, "电池": 4, "容量": 3, "3650": 1, "mAh": 4, "4200": 1, "优秀者": 1, "4500": 1, "优点": 3, "充电": 2, "搭配": 1, "22.5W快充": 1, "落后": 2, "标配": 1, "40": 1, "W有线": 1, "快充": 2, "支持": 12, "27W": 1, "反向": 1, "对比": 2, "只能": 1, "算是": 1, "简单": 1, "所需": 1, "算": 1, "强劲": 1, "拍摄": 1, "水平": 2, "高配版": 1, "Pro": 33, "耀眼": 1, "4000万": 1, "徕卡": 2, "三": 8, "摄": 2, "领先": 8, "智能": 25, "防抖": 1, "30": 1, "倍": 2, "数码": 2, "变焦": 2, "定位": 2, "疑问": 1, "水滴屏": 1, "外观": 2, "拥有": 6, "视觉": 2, "效果": 2, "OLED": 2, "屏幕": 14, "材质": 2, "缩水": 1, "喜欢": 4, "拍照": 1, "朋友": 1, "性价比": 1, "值得": 9, "原价": 1, "朋友们": 1, "稍": 2, "吃亏": 1, "毕竟": 2, "第一": 2, "时间": 5, "体验": 7, "优秀": 2, "性能": 3, "保值": 1, "欣慰": 1, "趁早": 1, "伙伴们": 1, "入手": 11, "12月": 8, "19日": 5, "外媒": 3, "PhoneArena": 1, "报道": 5, "业务": 2, "CEO": 1, "余承东": 1, "接受": 1, "采访": 1, "透露": 2, "系列": 4, "并称": 1, "采用": 18, "设计": 13, "声称": 1, "前所未有": 1, "爆料人": 1, "史蒂夫·海默斯": 2, "托弗": 2, "Steve": 2, "Hemmerstoffer": 2, "日前": 1, "P40/P40": 6, "CAD渲染图": 1, "曝光": 6, "渲染": 3, "背面": 2, "矩形": 1, "摄像头": 3, "组合": 1, "后置": 2, "摄像机": 1, "配备": 8, "3": 1, "镜头": 6, "6400万": 1, "素主": 1, "摄像": 1, "5200万": 1, "超": 1, "广角": 1, "专属": 2, "电影": 1, "5": 1, "光学": 2, "功能": 10, "中华": 2, "后盖": 1, "玻璃": 1, "6.1": 2, "6.2": 2, "英寸": 8, "直面": 1, "显示屏": 4, "机身": 5, "底部": 1, "USB": 1, "接口": 3, "SIM卡槽": 1, "扬声器孔": 1, "预留": 2, "3.5": 1, "耳机": 1, "孔": 1, "位置": 2, "；": 13, "右侧": 1, "设置": 1, "音量": 2, "电源": 2, "按键": 1, "顶部": 2, "小孔": 1, "四": 5, "顶角": 1, "并非": 1, "完整": 2, "曲面": 1, "6.5": 2, "6.7": 3, "占屏": 1, "进一步": 3, "增大": 1, "前置": 2, "相机": 3, "开孔": 1, "本文": 1, "编辑": 4, "吴珍": 1, "全新": 8, "VR": 45, "眼镜": 15, "正式": 3, "开卖": 1, "售价": 3, "2999": 2, "来源": 4, "商城": 1, "利好": 1, "刺激": 1, "市": 1, "震荡": 1, "走低": 1, "背景": 1, "虚拟": 3, "现实": 3, "概念股": 2, "大涨": 2, "截至": 2, "午间": 1, "收盘": 1, "奥飞": 1, "娱乐": 4, "创维": 1, "数字": 2, "涨停": 2, "新时代": 2, "证券": 4, "分析师": 1, "终端": 4, "这块": 1, "率先": 1, "做出": 1, "关键性": 1, "突破": 2, "较为": 2, "生态": 7, "内容": 5, "引领": 2, "产业": 8, "这次": 2, "领路人": 1, "166": 1, "g华": 1, "9月": 3, "26日": 2, "HUAWEI": 3, "Glass新型": 1, "开售": 1, "此前": 3, "2016年": 1, "2017年": 2, "此次": 1, "全新款": 1, "上海": 2, "指出": 1, "新款": 4, "优势": 3, "在于": 2, "轻便性": 1, "前端": 1, "厚度": 2, "26.6": 2, "主流": 1, "1/3": 1, "重量": 2, "166g": 2, "Oculus": 1, "Quest": 1, "30%": 2, "视频": 3, "观看": 1, "无疑": 2, "竞争力": 1, "官微": 1, "本身": 4, "具备": 1, "3DoF": 2, "能力": 1, "视角": 1, "位移": 1, "完美": 1, "游戏": 8, "未尝": 1, "尝试": 1, "仅仅": 3, "视为": 1, "传统": 3, "电子": 2, "升级": 5, "3D": 3, "画面": 4, "全景": 1, "保留": 1, "操作": 5, "方式": 6, "胜任": 1, "券商": 1, "分析": 1, "称": 9, "难题": 1, "互联网": 5, "时期": 1, "成熟": 3, "标准": 4, "统一": 1, "难": 1, "缺乏": 2, "杀手级": 1, "消费": 1, "用户": 3, "难点": 1, "体现": 4, "解决": 7, "刷新率": 2, "这是": 4, "克服": 1, "眩晕": 2, "关键": 3, "分辨率": 2, "清晰度": 1, "视野": 1, "图像": 1, "变形": 1, "交互": 2, "控制": 1, "动作": 1, "捕捉": 1, "轻": 6, "薄": 1, "酷": 1, "——": 2, "Glass": 7, "推动": 1, "喜爱": 1, "解放": 2, "双手": 2, "10月": 2, "轮值": 1, "董事长": 1, "郭平": 2, "2019": 2, "世界": 4, "大会": 1, "直言": 2, "年轻人": 1, "电视": 1, "花到": 1, "大屏": 2, "替代": 1, "个性化": 1, "沉浸": 1, "空间": 1, "将来": 2, "/": 4, "AR": 3, "引入": 3, "语音": 2, "手势": 1, "互动": 4, "首批": 2, "经历": 1, "高峰": 1, "跌入": 1, "低谷": 2, "推陈出新": 1, "商业": 2, "促使": 1, "走出": 1, "复兴": 1, "期": 1, "产业链": 1, "投资者": 3, "提问": 2, "合作": 7, "深交所": 1, "中证君": 1, "关键词": 2, "检索": 1, "146": 1, "条": 4, "相关": 3, "全志": 1, "科技": 6, "回复": 3, "量产": 1, "落地": 1, "消费类": 1, "领域": 5, "各类": 1, "需求": 8, "17日": 1, "安洁": 1, "配合": 3, "客户": 2, "开发": 2, "占": 3, "营业": 1, "收入": 2, "16日": 1, "恒信": 1, "东方": 1, "板块": 2, "合作方": 1, "12日": 1, "水晶": 1, "光电": 2, "送样": 1, "时刻": 2, "行业": 5, "趋势": 1, "抓住": 1, "机遇": 1, "11月": 1, "5日": 1, "中光学": 1, "推进": 1, "21日": 1, "盈趣": 1, "2015年": 1, "积累": 1, "整体": 2, "处于": 1, "阶段": 2, "未来": 3, "增长": 1, "潜力": 1, "下午": 1, "27日": 1, "A股": 1, "集体": 1, "歌尔": 1, "股份": 1, "联创": 1, "佳创": 1, "视讯": 1, "9": 2, "证券报": 1, "Hello": 1, "「": 1, "V报": 1, "」": 1, "枫云": 1, "知名": 1, "爆料": 2, "人士": 1, "Onleaks": 3, "Pro渲": 1, "染图": 1, "模糊": 1, "大致": 1, "轮廓": 1, "台": 2, "矩阵": 2, "造型": 2, "暂时": 2, "传言": 1, "五": 2, "枚": 1, "尺寸": 3, "之间": 3, "曲": 1, "面屏": 1, "方案": 5, "二者": 5, "均": 2, "面板": 2, "指纹": 1, "识别": 1, "挖孔屏": 1, "放": 1, "双打孔": 1, "不得而知": 1, "弹出": 1, "屏": 2, "120": 1, "Hz刷新率": 2, "麒麟9905G": 1, "5500": 1, "55W快充": 1, "各家": 1, "厂商": 6, "博主": 1, "@": 1, "王奔宏": 1, "疑似": 1, "三星": 10, "翻盖式": 1, "折叠": 7, "真机图": 1, "Galaxy": 1, "Fold": 1, "图片": 2, "摩托罗拉": 1, "Razr": 2, "类似": 1, "只不过": 1, "宽": 1, "边框": 1, "下巴": 1, "打孔屏": 1, "打孔": 1, "位于": 2, "双摄": 1, "彭博社": 2, "研发": 14, "翻盖": 1, "紧凑": 1, "正方形": 1, "真实性": 1, "有待": 1, "确认": 1, "多久": 1, "CES": 2, "2020": 3, "到来": 1, "LG": 2, "提前": 3, "揭晓": 2, "Ultra": 1, "显示器": 1, "新品": 2, "包括": 5, "办公": 23, "人体": 1, "工学": 1, "UltraFine": 2, "Ergo": 2, "家族": 3, "32UN880": 2, "UltraGear": 1, "27GN950/34GN850/38GN950": 1, "超宽带": 1, "鱼屏": 1, "UltraWide": 1, "38WN95C": 1, "IPS": 1, "HDR": 1, "最为": 1, "亮点": 1, "放弃": 3, "支撑": 2, "底座": 1, "夹子": 1, "固定": 1, "上方": 1, "悬臂式": 1, "支架": 1, "70": 1, "度": 5, "摆动": 2, "25": 1, "280": 1, "场景": 15, "直播": 1, "站立": 1, "对外": 1, "演示": 1, "核心": 5, "参数": 1, "31.5": 1, "寸": 1, "4K屏": 1, "覆盖": 2, "95%": 1, "P3": 1, "色域": 1, "350尼特": 1, "亮度": 1, "60": 1, "5ms": 1, "响应": 1, "HDR10": 1, "AMD": 1, "Freesync帧率": 1, "同步": 1, "提供": 5, "1": 1, "USB-C": 1, "HDMI": 1, "DP": 1, "公布": 1, "亮相": 1, "型号": 2, "K8220": 3, "索尼": 3, "Geekbench": 1, "网站": 1, "单核": 1, "465分": 1, "核": 1, "1757": 1, "Geekbench5.0.3": 1, "基准": 1, "信息": 1, "OPPO": 1, "Reno3": 1, "765G": 1, "带有": 1, "安卓": 9, "10": 1, "8GB": 1, "内存": 1, "2020年": 3, "惯例": 1, "8": 1, "到底": 2, "情况": 1, "后续": 1, "官方": 2, "国外": 1, "亚马逊": 2, "谷歌": 2, "苹果": 12, "周三": 1, "达成": 1, "项": 1, "伙伴": 1, "关系": 2, "将要": 1, "联合": 1, "套": 1, "互联": 4, "开放": 1, "意味着": 2, "家居": 5, "阵营": 2, "回家": 1, "即可": 1, "这项": 1, "称为": 1, "基于": 2, "IP": 3, "家庭": 2, "项目": 2, "Project": 1, "Connected": 1, "Home": 1, "致力于": 1, "创建": 1, "购买": 1, "家里": 1, "兼容": 1, "包装盒": 1, "印": 1, "Logo": 1, "构建": 2, "ZigBee": 1, "联盟": 3, "SmartThings": 1, "施": 1, "耐德": 1, "电气": 1, "Signify": 1, "飞利浦": 1, "照明": 1, "宜家": 1, "恩智浦": 1, "半导体": 1, "Resideo": 1, "最初": 1, "专注": 2, "物理": 1, "烟雾": 1, "报警器": 1, "二氧化碳": 1, "传感器": 1, "门锁": 1, "电": 1, "插头": 1, "窗帘": 1, "HVAC": 1, "供热": 1, "通风": 1, "空调": 1, "控件": 1, "扩展": 1, "类型": 1, "计划": 4, "晚些时候": 1, "规范": 1, "草案": 1, "初步": 1, "开源": 1, "资料": 1, "国内": 1, "品牌": 2, "兴趣": 1, "进来": 1, "贵": 3, "逼": 1, "机友们": 5, "抬高": 1, "购机": 1, "预算": 2, "肉疼": 1, "老半天": 1, "提高": 1, "自然": 4, "保险": 1, "信赖": 2, "选": 3, "懂行": 2, "老师傅": 2, "告诉": 2, "一流": 2, "前提": 2, "选错": 2, "随便": 2, "分分钟": 2, "后悔": 3, "iPhone": 12, "11Pro": 3, "Max": 3, "有人": 1, "保障": 1, "剁手": 1, "好物君": 1, "遗憾": 1, "保值率": 1, "低": 3, "一点": 1, "去年": 5, "XSMax": 3, "身上": 1, "当年": 1, "最高端": 1, "三千": 1, "差价": 3, "足以": 1, "物君": 2, "推荐": 2, "不在乎": 2, "机友": 1, "享受": 3, "坐等": 1, "Pro华": 1, "P30Pro": 6, "配": 1, "半年": 1, "吸引力": 1, "谨慎": 1, "毛病": 1, "夹击": 1, "Mate20Pro": 2, "结构": 1, "妥妥": 1, "顶级": 1, "便宜": 2, "好几百": 1, "前不久": 2, "刚": 1, "Mate30Pro": 3, "影响": 2, "想必": 1, "土豪": 1, "版本": 1, "X上面": 1, "太": 1, "合适": 1, "接下来": 1, "X": 4, "虚高": 1, "瑕疵": 1, "入坑": 1, "年前": 1, "刘": 1, "海屏": 1, "依旧": 1, "七千": 2, "五千": 1, "块": 3, "买到": 2, "11": 1, "皇帝": 1, "版": 1, "供": 1, "旧": 1, "备受": 1, "宠爱": 1, "当心": 1, "无论是": 1, "叫好": 1, "叫座": 1, "实力": 3, "亏": 1, "不幸": 1, "巨坑": 1, "简直": 1, "欲哭无泪": 1, "讨人喜欢": 1, "说到": 1, "避坑": 1, "避过": 1, "安心": 1, "换机": 1, "首销": 1, "2799": 1, "独立": 2, "2.1": 1, "Fast": 1, "LCD": 1, "3200": 1, "×": 1, "1600": 1, "PPI": 1, "1058": 1, "延迟": 1, "改善": 1, "拖影": 1, "减少": 1, "颗粒感": 1, "朦胧感": 1, "沉浸式": 1, "90": 1, "视": 1, "场角": 1, "在家": 2, "IMAX影院": 1, "般的": 1, "身临": 1, "境感": 1, "半": 1, "开放式": 1, "双扬": 1, "声器": 1, "声场": 1, "开阔": 1, "声音": 1, "清晰": 2, "富有": 1, "层次感": 1, "Smart": 1, "PA": 1, "功放": 1, "音乐": 1, "输出": 1, "动态": 1, "大幅": 1, "提升": 2, "外放": 1, "低音": 1, "浑厚": 1, "音质": 1, "饱满": 1, "超短焦": 1, "模组": 1, "轻量化": 1, "适合": 3, "佩戴": 1, "长": 2, "700": 1, "以内": 1, "单眼": 1, "近视": 1, "调节": 1, "带上": 1, "双眼": 1, "人群": 1, "连接": 3, "电脑": 11, "线缆": 1, "主动": 1, "供电": 2, "连接线": 1, "Type-C": 1, "利用": 1, "5V/2A": 1, "充电器": 1, "无需": 1, "担心": 1, "电量": 1, "独有": 1, "IMAX大片": 1, "热门": 1, "电视剧": 1, "动画片": 1, "时长": 1, "超过": 3, "30000": 1, "小时": 1, "爱奇艺": 1, "VeeR": 1, "GVR": 1, "资源": 1, "私人": 1, "影院": 1, "快": 2, "作者": 1, "振亭": 1, "导语": 1, "最新": 2, "21": 2, "加拿大": 15, "反常": 2, "举动": 2, "意外": 2, "我国": 1, "一家": 3, "高科技": 2, "民营": 1, "企业": 5, "任正非": 10, "带领": 1, "走": 3, "自主": 1, "创新": 3, "道路": 1, "抢眼": 1, "通讯": 5, "拔得头筹": 1, "刮目相看": 1, "小小": 3, "如今": 1, "响彻": 1, "全球": 11, "巨头": 3, "一路": 1, "2018年": 2, "成功": 1, "拿下": 1, "短码": 1, "特朗普": 3, "对面": 1, "窥视": 1, "公然": 1, "打压": 2, "华为于死地": 1, "供应链": 1, "研发层": 1, "多维度": 1, "全方位": 1, "实施": 1, "制裁": 1, "介于": 1, "影响力": 1, "试图": 1, "说服": 1, "威逼": 1, "利诱": 1, "迫使": 1, "通信": 3, "苦口婆心": 1, "甚微": 1, "临近": 1, "加快": 1, "步伐": 1, "收获": 1, "65": 1, "确立": 1, "白热化": 1, "对待": 1, "态度": 2, "悄然": 1, "发生": 1, "变化": 1, "订单": 2, "东南亚": 1, "南美洲": 1, "地区": 4, "贡献": 1, "绝大部分": 1, "海外": 1, "运营商": 3, "俄罗斯": 1, "英国": 1, "法国": 1, "挪威": 1, "意大利": 1, "摩纳哥": 1, "西班牙": 1, "瑞士": 1, "爱尔兰": 1, "葡萄牙": 1, "荷兰": 1, "芬兰": 1, "希腊": 1, "土耳其": 1, "匈牙利": 1, "塞浦路斯": 1, "奥地利": 1, "罗马尼亚": 1, "瑞典": 1, "塞尔维亚": 1, "最多": 1, "唯一": 1, "端": 2, "铺设": 1, "服务": 2, "诺基亚": 3, "爱立信": 2, "20%": 1, "通信网": 1, "笔": 2, "支出": 1, "不仅仅": 2, "意味": 1, "省钱": 1, "顾虑": 1, "牺牲": 1, "本国": 1, "利益": 1, "追随": 1, "据悉": 1, "禁令": 1, "本土": 1, "日本": 2, "澳大利亚": 2, "进展": 1, "缓慢": 1, "踢出": 1, "陷入": 1, "泥潭": 1, "搬起": 1, "石头": 1, "砸": 1, "脚": 1, "增加": 1, "资金": 1, "消耗": 1, "正是": 1, "推迟": 1, "好几": 1, "争议": 1, "还要": 2, "一向": 1, "誉为": 1, "后花园": 1, "犹豫不定": 1, "创始人": 2, "中心": 1, "迁": 1, "工厂": 1, "生产": 2, "缓解": 1, "引发": 1, "担忧": 1, "人工": 8, "战略": 2, "强大": 1, "理论": 1, "知识": 1, "学习": 2, "机会": 2, "零部件": 1, "涉及": 1, "大学": 1, "学术": 1, "组织": 1, "父": 1, "希望": 2, "围绕": 1, "科学家": 1, "投入": 7, "抛出": 1, "橄榄枝": 1, "未": 1, "领情": 1, "批准": 1, "韩国": 2, "供应": 3, "Videotron": 2, "下半年": 1, "开通": 1, "上半年": 1, "优先": 1, "设备商": 1, "并未": 1, "哑谜": 1, "说道": 1, "加大": 1, "就算": 1, "……": 2, "3G": 1, "洗礼": 1, "生活": 1, "深刻": 3, "改变": 1, "随时随地": 1, "在线": 2, "时间段": 1, "终点": 1, "遗留": 1, "随时": 1, "承载": 1, "这时候": 3, "浪潮": 1, "推向": 1, "边缘": 1, "PC": 6, "适用于": 1, "轻薄本": 1, "二合一": 2, "称作": 1, "利器": 1, "始终": 2, "多变": 1, "旅途": 1, "过程": 1, "轻量": 1, "关注": 1, "协同": 4, "轻薄": 1, "不便利": 1, "应对": 2, "IT之家": 5, "小编": 7, "不久前": 1, "MatePad": 17, "启发": 1, "本质": 1, "平板": 17, "形态": 2, "类似于": 1, "Windows": 1, "磁吸": 2, "键盘": 2, "M-Pencil手": 2, "写笔": 2, "层面": 1, "深度": 1, "定制": 2, "小看": 1, "例子": 1, "内置": 1, "WPS": 9, "Pro上": 1, "包含": 1, "思维": 3, "导图": 3, "高效": 3, "制作": 2, "备注": 1, "幻灯片": 2, "画笔": 2, "模式": 5, "批注": 2, "排版": 1, "常用": 1, "出差": 1, "文档": 5, "轻松": 3, "段": 1, "小巧": 2, "手感": 1, "软件": 1, "图文": 1, "编排": 1, "gif": 2, "整合": 1, "快速": 1, "出差路": 1, "策划": 1, "笔记": 1, "荧光": 1, "标注": 1, "有时候": 2, "手写": 1, "价值": 1, "停": 1, "触控": 1, "不便": 1, "外接": 1, "蓝牙": 1, "鼠标": 1, "查看": 1, "桌面": 1, "网页": 1, "工作群": 1, "熟悉": 2, "快捷键": 1, "带": 1, "https": 1, "://": 1, "www": 1, ".": 1, "bilibili.com": 1, "video/av79809373": 1, "生产力": 3, "多屏": 6, "私": 1, "联动": 1, "优解": 1, "智慧": 10, "分屏": 1, "实用": 1, "大部分": 2, "专业": 1, "工作": 1, "便捷": 2, "独特": 1, "恰好": 1, "填补": 1, "阵列": 1, "空白": 1, "更为": 1, "探": 1, "路": 2, "认知": 1, "影音": 2, "综合": 1, "iPad": 1, "优": 1, "开放性": 1, "刚性": 1, "相比之下": 1, "前景": 1, "都会": 1, "想": 1, "生生": 1, "开出": 1, "融入": 1, "刚才": 1, "详细": 1, "介绍": 2, "淋漓尽致": 1, "端侧": 1, "AI": 1, "所在": 1, "思考": 1, "意义": 1, "笔记本": 1, "便携": 1, "大有": 1, "好处": 1, "爽": 1, "精细": 2, "背后": 2, "重点": 1, "落到": 1, "加上": 1, "移动性": 1, "突破点": 1, "诡谲": 1, "长期": 4, "刻板印象": 1, "难以": 1, "找到": 1, "突破口": 2, "定下": 1, "妙笔生花": 1, "编写": 1, "表格": 1, "PPT": 1, "找": 1, "频繁": 1, "思路": 1, "创意": 1, "的确": 1, "才华": 1, "看作": 1, "孤立": 1, "既有": 1, "融合": 1, "效率": 1, "万物": 1, "入口": 3, "这样一来": 1, "小屏": 1, "布局": 1, "审视": 1, "身份": 1, "独一档": 1, "工具": 1, "带来": 1, "势能": 1, "样本": 1, "方向": 1, "未雨绸缪": 1, "做好": 2, "这家": 1, "性格": 1, "驱动力": 1, "储备": 2, "不遗余力": 1, "立项": 1, "巨额": 1, "很快": 1, "经济效益": 1, "看重": 1, "明白": 1, "才能": 2, "远": 1, "说出": 1, "实际上": 2, "小儿科": 2, "处在": 2, "地位": 2, "心声": 1, "社区": 1, "时延": 1, "正面": 1, "创造": 1, "财富": 1, "发货": 1, "40万5": 1, "G基站": 1, "预计": 1, "150万": 1, "相较": 1, "翻番": 1, "卖出": 1, "200万": 1, "发货量": 1, "元器件": 1, "担负": 1, "联接": 1, "传送": 1, "接入网": 1, "核心网": 1, "件": 1, "有限公司": 1, "副总裁": 1, "鲁勇": 1, "7200": 1, "亿": 1, "人民币": 8, "1000亿": 1, "全世界": 1, "排": 2, "第五": 2, "名": 2, "英特尔": 2, "超越": 1, "强度": 1, "保证": 1, "持续": 1, "欧盟": 2, "送出": 1, "工业": 1, "排名": 2, "着重": 1, "押宝": 1, "2017-2018年": 1, "费用": 5, "113.34亿": 1, "891.1698亿": 1, "96.56亿": 1, "761亿": 1, "109.21亿": 1, "861亿": 1, "45.56亿": 1, "359亿": 1, "49.16亿": 1, "388亿": 1, "32.6亿": 1, "257亿": 1, "创新力": 1, "产品线": 1, "总裁": 1, "杨超斌": 1, "研究": 1, "10年": 1, "同行": 1, "至少": 1, "12": 1, "18": 1}