{"市场": 24, "从来": 1, "弱者": 1, "眼泪": 1, "领先者": 2, "产品": 16, "用户": 5, "依然": 5, "脚": 1, "投票": 1, "竞争": 3, "残酷": 1, "所在": 1, "新晋者": 1, "机会": 1, "据说": 1, "华为": 58, "电视": 51, "一个": 9, "消费者": 8, "兴奋": 1, "近日": 1, "媒体": 2, "报道": 2, "业内": 2, "人士": 3, "第一": 7, "财经": 1, "记者": 1, "确认": 1, "涉足": 1, "江湖": 1, "近期": 1, "频繁": 1, "接触": 1, "彩电界": 1, "即将": 1, "推出": 6, "寻求": 1, "渠道": 4, "建设": 1, "、": 33, "营销": 2, "建议": 2, "接受": 3, "相关": 1, "咨询": 1, "荣耀": 10, "预计": 3, "4": 2, "5月份": 1, "率先": 1, "下半年": 1, "200-300": 1, "团队": 1, "研发": 7, "放": 3, "IOT": 1, "部门": 2, "智能": 9, "家居": 1, "业务": 3, "京东方": 1, "控股": 1, "高创": 1, "公司": 6, "代工": 1, "品牌": 15, "战略": 1, "侧重线": 1, "5G": 6, "技术": 18, "定位": 2, "中高端": 1, "对此": 2, "谨慎": 1, "态度": 2, "不予": 1, "评论": 2, "上马": 1, "挡": 1, "不住": 2, "无风不起浪": 1, "等同于": 1, "默认": 1, "电脑": 3, "轮": 2, "猜测": 1, "辟谣": 1, "见面": 1, "策略": 2, "符合": 1, "企业": 1, "发展": 3, "产品线": 1, "延伸": 1, "水到渠成": 1, "消费级": 2, "潜力": 1, "尝": 1, "甜头": 1, "2018年": 5, "营收": 4, "高达": 1, "1085亿": 2, "美元": 4, "相比": 1, "去年": 2, "增长": 3, "21%": 2, "手机": 23, "出货": 1, "超": 1, "2亿": 1, "台": 3, "收入": 3, "规模": 1, "同比": 3, "50%": 1, "目标": 2, "提前": 1, "跨越": 1, "500亿": 1, "里程碑": 1, "占据": 1, "半壁江山": 1, "2010年": 1, "出货量": 1, "才": 2, "仅仅": 1, "300万": 1, "运营商": 2, "贴牌": 1, "时代": 1, "足见": 2, "领域": 13, "爆发力": 1, "开辟": 2, "消费": 2, "期待": 1, "进军": 1, "自然": 2, "逻辑": 1, "初期": 1, "三星": 2, "苹果": 3, "高通": 3, "摩托罗拉": 1, "巨头": 1, "都": 2, "打专": 1, "利战": 1, "打通": 1, "全球": 7, "通信": 2, "核心": 6, "优势": 7, "积累": 4, "专利": 2, "足够": 2, "应对": 1, "成功": 5, "2016年": 1, "笔记本": 1, "抢占": 1, "办公": 1, "一路": 1, "走来": 1, "收获": 1, "颇": 1, "得益于": 1, "芯片": 9, "走": 1, "世界": 4, "前列": 1, "领先于": 1, "广阔": 1, "服务": 2, "覆盖": 1, "带动": 2, "场景": 5, "颠覆": 1, "传统": 3, "认知": 1, "内容": 4, "端": 1, "到来": 1, "4K": 1, "8K": 1, "涌现": 1, "带来": 3, "全新": 1, "体验": 1, "利用": 1, "先发": 1, "占领": 2, "心智": 1, "IoT": 2, "家庭": 4, "互联网": 10, "串联": 1, "入口级": 2, "围绕": 2, "设备": 1, "音箱": 1, "空调": 1, "冰箱": 1, "互动性": 1, "参与性": 1, "借助": 1, "海思": 3, "麒麟OS": 1, "系统": 5, "助力": 1, "四": 2, "BG掌": 1, "门人": 1, "余承东": 2, "内部": 1, "讲话": 1, "BG上下": 1, "远大": 1, "追求": 2, "第二": 1, "记住": 1, "高度": 1, "就要": 1, "王者": 2, "分析": 1, "：": 3, "不仅仅": 1, "中国": 6, "骄傲": 1, "拿下": 3, "电信": 1, "跻身": 1, "如今": 3, "保有量": 1, "口碑": 1, "推进": 2, "效应": 1, "外延": 1, "资金": 1, "销售": 1, "2019年": 1, "1259亿": 1, "投入": 3, "拓展": 1, "支撑": 1, "此前": 3, "指出": 1, "小米": 25, "ODM": 1, "自行": 1, "设计": 4, "生产": 2, "也就是说": 1, "生产线": 1, "组装": 1, "一体": 1, "区别": 1, "三": 1, "提到": 2, "想到": 2, "注重": 1, "未来": 3, "15%": 1, "用于": 2, "费用": 1, "20%": 1, "30%": 1, "基础": 1, "研究": 1, "一步步": 1, "制高点": 1, "领先": 1, "订单": 1, "超过": 3, "30": 1, "25000": 1, "基站": 1, "采用": 1, "体现": 1, "能力": 5, "供应链": 6, "整合": 1, "比拼": 2, "数百": 1, "供应商": 1, "红极一时": 2, "乐视": 3, "挤兑": 1, "推到": 1, "多米诺骨牌": 1, "导致": 1, "一系列": 1, "连锁": 1, "生态化": 1, "宣告": 1, "失败": 1, "不可一世": 1, "饥渴": 1, "跳票": 1, "备受": 1, "诟病": 1, "雷军": 7, "不得不": 1, "亲自": 1, "接管": 1, "管理": 2, "度过": 1, "危机": 1, "走向": 1, "正轨": 1, "老大": 1, "老二": 1, "鲜有": 1, "爆出": 1, "重视": 1, "管控": 1, "5": 2, "电视机": 1, "创新": 1, "显得": 1, "格外": 1, "热闹": 1, "厂商": 1, "单纯": 1, "硬件": 2, "显示": 2, "多维度": 1, "生态": 1, "价格": 2, "亲民": 1, "诞生": 1, "不少": 2, "屠夫": 1, "PPTV": 1, "暴风TV": 1, "风行": 1, "看尚": 1, "微鲸": 1, "喧闹": 1, "盲目": 1, "价格战": 1, "面板": 1, "涨价": 1, "不堪重负": 1, "销量": 2, "持续": 1, "佳": 1, "综合": 1, "因素": 1, "不得已": 1, "倒闭": 1, "相比之下": 1, "创维": 1, "海信": 1, "长虹": 1, "TCL": 1, "康佳": 1, "原始": 1, "主流": 2, "年轻": 1, "迭代": 3, "速度": 1, "快": 3, "以期": 1, "快速": 1, "接近": 2, "诉求": 1, "2013年": 1, "9月": 1, "6": 1, "系列": 2, "品类": 1, "日趋": 1, "阵营": 2, "业务线": 2, "生态链": 1, "布局": 1, "成绩": 1, "年会": 1, "电雄": 1, "时间": 3, "登顶": 1, "海外": 1, "创": 1, "佳绩": 1, "新晋": 1, "鼓掌": 1, "现如今": 1, "加上": 1, "互怼": 1, "网友": 4, "很": 9, "直指": 1, "的确": 3, "参照": 1, "成长": 1, "曲线": 1, "原则": 1, "瞄准": 1, "国内": 3, "位置": 1, "狭路相逢勇者胜": 1, "针尖对麦芒": 1, "切入": 1, "挑战": 2, "简单": 2, "复制": 1, "差别": 1, "周期": 2, "长": 1, "更新": 1, "慢工": 1, "出细": 1, "活儿": 1, "彩电": 2, "趋于": 1, "饱和": 1, "全国": 1, "家用电器": 1, "工业": 1, "信息": 1, "中心": 1, "数据": 2, "零售量": 1, "4705万": 1, "零售额": 1, "1433亿": 1, "元": 2, "下跌": 1, "1.1%": 1, "9.5%": 1, "想要": 1, "有限": 1, "空间": 1, "内": 1, "突破": 1, "毕竟": 1, "塑造": 1, "打磨": 1, "想": 2, "关注": 2, "购买": 1, "面对": 1, "众": 1, "豪强": 1, "集体": 1, "路": 1, "太": 4, "顺利": 1, "争议": 4, "！": 11, "安兔兔": 8, "实测": 1, "麒麟980": 3, "AI": 9, "跑分": 19, "骁龙660": 1, "科技圈": 1, "负": 1, "盛名": 1, "一句话": 1, "不服": 2, "跑": 3, "找": 1, "客观": 1, "评价": 3, "款": 5, "好坏": 1, "一目了然": 1, "喜欢": 3, "晒": 1, "老板": 1, "曾几何时": 1, "首屈一指": 1, "高端": 2, "性能": 8, "机皇": 1, "屡试不爽": 1, "口头禅": 1, "最终": 1, "近些年": 1, "发生": 1, "翻天覆地": 1, "变化": 1, "iPhoneXS": 1, "同期": 1, "安卓机": 1, "办法": 1, "超越": 1, "安卓": 1, "麒麟": 4, "崭露头角": 1, "拥有": 2, "流畅": 1, "截胡": 1, "现阶段": 2, "冠军": 1, "取而代之": 1, "一加": 1, "排名": 2, "再次": 1, "引发": 1, "热烈": 1, "讨论": 1, "事情": 2, "信仰": 1, "测评": 3, "CPU": 3, "分数": 1, "相差": 1, "悬殊": 1, "争议性": 1, "到底": 1, "回": 1, "权威": 1, "软件": 1, "正式": 1, "发布": 3, "评测": 1, "Beta版": 1, "测试": 7, "GPU": 1, "总分": 1, "AI跑分": 1, "融入": 1, "独立": 2, "NPU": 1, "DXOmark": 1, "拍照": 2, "安兔兔A": 1, "I": 1, "三大": 1, "模块": 1, "网上": 1, "博主": 1, "晒出": 1, "截图": 1, "大吃一惊": 1, "具备": 1, "V20": 14, "居然": 2, "敌": 1, "中低端": 1, "骁龙": 5, "660": 3, "大跌眼镜": 1, "证据": 1, "赵明": 1, "脸上": 1, "蒙羞": 1, "输给": 1, "红米Note7": 2, "999": 1, "新机": 2, "刚刚": 1, "Red": 1, "首秀": 1, "作品": 1, "发布会": 1, "给面子": 1, "碰瓷": 1, "这下": 2, "呼应": 1, "背后": 1, "偷着": 1, "乐": 1, "花粉": 3, "郁闷": 1, "得分": 2, "68477": 1, "红米Note": 1, "7": 2, "72768": 1, "7nm": 1, "14nm": 1, "日期": 1, "差": 1, "讲": 1, "道理": 1, "980": 3, "完胜": 1, "落败": 1, "纷纷": 1, "论坛": 1, "抱": 1, "不平": 1, "水分": 1, "大有": 1, "眼看": 1, "发酵": 1, "感到": 1, "理亏": 1, "新闻": 1, "主编": 1, "张鹏": 1, "澄清": 1, "代表": 1, "整体": 2, "给出": 1, "原因": 1, "HiAI": 1, "引擎": 1, "对象": 1, "识别": 1, "TFLite": 1, "运算": 1, "机制": 1, "稍": 1, "低": 2, "专业": 1, "术语": 1, "小编": 3, "敞开": 1, "套": 1, "鲁": 1, "大师": 1, "流畅度": 1, "榜单": 1, "MIUI": 1, "敌努比亚": 1, "UI": 1, "魅族": 1, "Flyme": 1, "垫底": 1, "理性": 1, "看待": 1, "只能": 1, "借鉴": 1, "衡量": 1, "标准": 1, "忍": 1, "投资": 1, "作何": 1, "备注": 1, "图片": 1, "来源": 1, "网络": 1, "侵权": 1, "烦请": 1, "删除": 1, "转载": 1, "百家号": 1, "作者": 1, "蓝哞": 2, "科技": 2, "时日": 1, "蓝科": 1, "身边": 1, "朋友": 1, "入手": 1, "取消": 1, "刘海": 1, "穿孔屏": 1, "值得": 2, "称道": 1, "地方": 1, "探": 1, "究竟": 1, "3000-4000": 1, "价位": 1, "横亘": 1, "旗舰机": 1, "线下": 1, "影响力": 1, "蓝绿": 1, "大厂": 1, "引人注目": 1, "线上": 1, "万众瞩目": 1, "上线": 1, "都会": 1, "粉丝": 1, "论战": 1, "升级": 1, "将就": 1, "铁粉": 1, "发迹": 1, "细分": 1, "性价比": 1, "组合": 1, "呈现": 1, "产品力": 1, "表现": 2, "超出": 1, "预期": 1, "优于": 1, "S9+": 1, "Google": 1, "Pixel": 1, "3": 1, "XL": 1, "6T": 2, "原本": 1, "845": 2, "配上": 1, "瘦身": 1, "观感": 1, "游戏": 2, "玩": 1, "堡垒": 1, "夜": 1, "吃": 1, "鸡类": 1, "60帧": 1, "帧率": 1, "设置": 1, "压力": 2, "纳米": 1, "确实": 1, "厉害": 1, "压": 1, "势头": 1, "赶紧": 1, "努力": 1, "心思": 1, "打官司": 1, "4000": 2, "毫安": 2, "强力": 4, "续航": 3, "继承": 1, "P20": 1, "Mate": 1, "紧凑": 4, "身段": 1, "电池": 1, "满负荷": 1, "视频": 1, "发": 1, "邮件": 1, "微信": 1, "通话": 1, "睡前": 1, "40%": 1, "电量": 1, "惊艳": 1, "后盖": 1, "机身": 4, "相较于": 1, "旗舰": 2, "穿": 1, "孔屏": 1, "屏占比": 1, "90%": 1, "习惯": 1, "右上角": 1, "小孔": 1, "赏心悦目": 1, "纹理": 1, "新意": 1, "相比起": 1, "流行": 1, "渐变色": 1, "背盖": 1, "内敛": 1, "暗纹": 1, "大V": 1, "样式": 1, "大气": 1, "美观": 1, "出色": 1, "+": 1, "=": 1, "相机": 3, "有目共睹": 1, "妥协": 2, "超清": 1, "摄影": 1, "功能": 1, "成果": 1, "效果": 1, "不错": 1, "样机": 1, "来得及": 1, "导出": 1, "照片": 1, "回去": 1, "年前": 1, "美媒": 1, "拍摄": 1, "样张": 1, "供": 1, "参考": 1, "LCD": 4, "屏幕": 2, "唯一": 1, "短板": 2, "取舍": 3, "XR": 2, "配备": 2, "色彩": 1, "比度": 1, "OLED": 1, "理想": 1, "中端": 1, "机型": 1, "介意": 1, "意V20": 1, "夜晚": 1, "刷机": 1, "伤害": 1, "眼睛": 1, "见仁见智": 1, "可靠": 1, "帅气": 1, "外观": 1, "保留": 1, "耳机孔": 1, "表扬": 1, "80分": 1, "实体店": 1, "摸摸": 1, "新鲜": 1, "有趣": 1, "数码": 1, "资讯": 1}