{"环球网": 1, "科技": 6, "报道": 1, "记者": 1, "李浩": 1, "智能": 9, "手机": 92, "大屏化": 2, "诸多": 3, "创新": 12, "加持": 1, "背景": 1, "堪": 1, "入眼": 1, "安卓": 10, "平板": 26, "凤毛麟角": 1, "华为": 214, "跨界": 1, "逐年": 1, "辛勤": 1, "迭代": 2, "硕果仅存": 1, "更为": 1, "难得": 1, "都": 26, "卖点": 3, "昨日": 2, "发布": 13, "M6": 11, "系列": 23, "功能": 14, "多多": 1, "影音": 1, "游戏": 3, "、": 34, "商务": 1, "办公": 1, "亲子": 1, "教育": 1, "机": 1, "超值": 1, "款": 16, "产品": 15, "妙": 1, "升级": 2, "麒麟980": 9, "四": 4, "声道": 1, "立体声": 2, "定制版": 2, "VIPK": 1, "ID": 3, "内容": 2, "屏幕": 11, "利用": 1, "平行": 8, "视界": 8, "堪称": 2, "定义": 2, "分屏": 12, "误解": 2, "屏适": 1, "配": 3, "关注": 2, "观察": 2, "体验": 18, "10.8": 7, "英寸": 7, "版本": 4, "采用": 25, "2K": 1, "分辨率": 2, "高清": 2, "显示": 11, "效果": 2, "足够": 2, "细腻": 1, "加上": 3, "锐屏": 1, "增强": 1, "技术": 16, "观感": 2, "拿足": 1, "继承": 1, "M5": 2, "设计": 7, "元素": 2, "依然": 3, "质感": 1, "背面": 1, "扬声器": 1, "挪到": 1, "上下边框": 1, "提供": 2, "定制": 3, "振幅": 1, "四扬声器": 1, "(": 1, "独有": 1, ")": 1, "尺寸": 2, "无需": 2, "多言": 1, "APP": 13, "这块": 1, "屏上": 1, "适配": 8, "缓慢": 1, "起步": 2, "适配性": 2, "佳": 2, "无须": 1, "担心": 4, "当做": 1, "很多": 17, "误": 1, "横屏": 7, "专属": 1, "错": 1, "竖屏": 3, "独立": 1, "开发": 4, "优秀": 1, "合适": 1, "解决": 2, "方案": 5, "比例": 5, "16:10": 1, "主流": 2, "多种": 1, "综合": 2, "行业": 12, "内": 7, "选手": 1, "减少": 3, "带动": 1, "成功": 3, "碎片化": 1, "开发者": 2, "写": 1, "一行": 1, "代码": 1, "顺便": 1, "用户": 17, "市场": 22, "下载": 2, "画质": 2, "损失": 3, "一个": 28, "放大版": 1, "一致性": 1, "相比之下": 1, "iOS": 1, "单独": 1, "4:3": 1, "iPad": 6, "大屏": 2, "强行": 1, "iPhone": 1, "打折扣": 1, "留下": 1, "难说": 1, "推动": 1, "看齐": 1, "力量": 1, "感觉": 2, "放平": 1, "长": 2, "时间": 10, "手累": 1, "横握": 2, "躺": 1, "床": 1, "需求": 8, "APP们": 1, "情况": 5, "应对": 4, "答案": 1, "做出": 3, "常用": 4, "软件": 2, "竖握": 1, "变为": 1, "任意": 1, "点击": 3, "按钮": 1, "链接": 1, "神奇": 1, "一大": 1, "支持": 17, "展示": 2, "称之为": 1, "模式": 2, "屏": 1, "社交": 2, "购物": 2, "新闻": 1, "最初": 1, "眼前": 1, "亮": 1, "左侧": 5, "主页": 1, "右侧": 6, "店铺": 1, ";": 2, "搜索": 1, "商品": 1, "详情": 1, "今日": 2, "头条": 1, "百度": 1, "TOP级": 2, "逻辑": 2, "大体": 1, "右边": 1, "一半": 1, "标签": 1, "页": 1, "类比": 1, "PC": 1, "浏览器": 1, "分出": 1, "传统": 4, "值得一提的是": 2, "信息流": 2, "滑动": 3, "视频": 3, "播放": 1, "浏览": 1, "评论": 2, "两侧": 1, "动作": 3, "互不": 2, "影响": 6, "同理": 1, "惊喜": 1, "九宫格": 1, "图片": 5, "充满": 1, "切换": 1, "新奇": 1, "算": 2, "的确": 1, "覆盖": 5, "原本": 2, "趋于": 1, "完善": 2, "锦上添花": 1, "玩法": 1, "第三方": 1, "不失为": 1, "福利": 1, "业内": 1, "号召力": 1, "竞争力": 1, "命名": 1, "借势": 1, "漫威": 1, "电影": 1, "宇宙": 1, "热点": 2, "嫌疑": 1, "否认": 1, "项": 4, "不折不扣": 1, "如果说": 1, "过誉": 1, "至少": 1, "品类": 1, "扩展": 14, "概念": 1, "形式": 3, "带来": 4, "不同于": 2, "之间": 4, "淡出": 1, "视野": 1, "面临": 1, "增长": 3, "乏力": 1, "关注度": 1, "降低": 1, "意识": 1, "平板界": 1, "厂商们": 1, "存活": 1, "至今": 1, "屈指可数": 1, "电商": 1, "平台": 1, "找到": 1, "10年": 1, "大牌": 1, "如今": 5, "健在": 1, "一两": 1, "事实": 2, "面对": 1, "不堪一击": 1, "领域": 4, "微妙": 2, "变化": 2, "趋势": 2, "相关": 1, "有时候": 1, "生态": 1, "带给": 1, "很": 15, "冲击": 3, "发现": 1, "又或是": 1, "后置": 1, "三": 4, "摄": 2, "阶跃性": 1, "提升": 7, "证明": 1, "快速": 2, "才能": 3, "吸引": 1, "诚然": 1, "领先": 3, "水平": 1, "优化": 3, "路上": 1, "走": 1, "坚定": 1, "或许": 2, "未来": 9, "追平": 1, "值得": 1, "期待": 3, "毕竟": 3, "一家": 6, "独大": 1, "消费者": 4, "事情": 3, "竞争": 13, "才": 5, "发展": 16, "动力": 1, "来源": 2, "|": 2, "本文": 2, "授权": 2, "转载": 2, "微信": 2, "公众号": 2, "教授": 4, "：": 5, "sj9983": 2, "作者": 2, "推出": 7, "纷纷": 3, "取消": 8, "外置": 11, "存储卡": 31, "声音": 1, "宣称": 1, "众多": 1, "厂商": 7, "之际": 2, "为数不多": 1, "保留": 9, "P30": 3, "Mate": 1, "荣耀": 3, "9": 3, "V9": 1, "畅玩": 1, "6": 3, "X": 1, "高端": 3, "旗舰": 7, "平价": 1, "机型": 3, "一如既往": 1, "不得不": 3, "好奇": 1, "众所周知": 3, "优势": 7, "；": 2, "整体": 1, "性能": 10, "轻薄": 1, "节约": 2, "成本": 2, "提高": 2, "利润": 1, "就要": 2, "花费": 1, "物料": 1, "内部": 2, "预留": 1, "空间": 2, "测试": 3, "维修": 2, "劣质": 1, "导致": 3, "归咎于": 1, "无论如何": 1, "看起来": 2, "明智之举": 1, "还要": 3, "算是": 2, "激烈": 1, "品牌": 3, "选择": 3, "愈演愈烈": 1, "脱颖而出": 1, "关键": 3, "不便": 1, "不少": 2, "1手机": 1, "存储": 6, "64GB": 1, "128GB": 3, "256GB": 1, "隔": 1, "阶层": 1, "价格": 7, "差异": 4, "五六百": 2, "七八百": 1, "纵观": 2, "市面": 1, "几百": 1, "一两百": 1, "内存": 2, "实惠": 1, "远远": 1, "用处": 1, "确实": 3, "闪存": 3, "速度": 5, "快": 2, "相差": 2, "太": 3, "敏感": 2, "机友": 3, "感受": 2, "在于": 1, "便利性": 1, "细微": 1, "接受": 3, "吸引力": 1, "3": 1, "远": 1, "不止": 1, "好处": 2, "系统": 11, "崩溃": 1, "重装": 1, "操作": 3, "简单": 1, "依旧": 2, "卡里": 1, "照片": 3, "音乐": 1, "换卡": 1, "放": 2, "手动": 1, "迁移": 1, "更换": 1, "主板": 1, "法取": 1, "资料": 2, "卡": 2, "取卡": 1, "即可": 1, "损坏": 1, "想想": 1, "多久": 2, "平均": 1, "4": 2, "一点": 5, "省钱": 1, "64": 1, "GB": 1, "差": 1, "买": 2, "自然": 2, "机智": 1, "读卡器": 1, "连接": 1, "正是": 5, "一部分": 1, "畅想": 1, "价位": 3, "仍旧": 1, "卡槽": 2, "Naon": 1, "SIM卡": 2, "NM": 2, "二合一": 2, "也就是说": 1, "双卡槽": 2, "1": 2, "SIM加": 1, "基础": 3, "SIM卡槽": 1, "卡卡槽": 1, "双层": 1, "占用": 1, "原因": 2, "到底": 1, "方式": 5, "替代": 1, "留言区": 1, "探讨": 1, "！": 2, "5月": 4, "16日": 1, "美国": 34, "列入": 3, "实体名单": 4, "段": 3, "网友": 7, "倒": 1, "打气": 2, "618": 1, "期间": 1, "拿下": 4, "销量": 4, "冠军": 1, "总会": 1, "出于": 1, "某种": 1, "目的": 6, "手段": 2, "背后": 3, "捅刀": 5, "表现": 4, "孙正义": 6, "方舟子": 10, "彭林": 7, "按说": 1, "企业": 28, "遵从": 1, "断绝": 1, "合作": 13, "理解": 1, "想到": 3, "倒是": 1, "捅": 2, "刀": 1, "骂惨": 1, "肯定": 2, "被迫": 1, "低头": 1, "道歉": 2, "认错": 1, "自称": 1, "中国": 19, "孙武": 1, "后代": 1, "韩裔": 1, "日本人": 2, "跪舔": 2, "第一": 10, "旗下": 5, "芯片": 47, "ARM断": 1, "供": 1, "通讯": 2, "公司": 21, "弃用": 1, "5G": 20, "反正": 2, "充当": 1, "打压": 7, "急先锋": 1, "矮个子": 1, "极其": 1, "可恶": 1, "投资": 3, "阿里巴巴": 6, "股东": 1, "赚": 1, "盘满钵满": 1, "日本": 1, "首富": 1, "当成": 1, "提款机": 1, "套现": 3, "1.2万亿": 1, "日元": 1, "没钱": 1, "市值": 1, "值": 1, "几百亿": 1, "国内": 7, "媒体": 3, "讨伐": 2, "发声": 2, "躲": 1, "幕后": 1, "恢复": 2, "上书": 1, "政府": 1, "希望": 2, "ARM": 3, "COO": 1, "客户": 3, "寻找": 1, "一点点": 1, "服软": 1, "弃": 1, "感情": 1, "不顾": 1, "抵制": 3, "上百": 1, "财务": 1, "投资者": 1, "国人": 1, "办法": 1, "全球": 20, "狠": 1, "据说": 2, "终": 1, "自食其果": 2, "一战成名": 1, "说到": 2, "十多": 1, "年前": 1, "打假": 4, "打工": 1, "皇帝": 1, "唐骏": 4, "夜": 1, "跌落": 1, "神坛": 1, "火": 1, "职业": 1, "经理人": 1, "担任": 2, "微软": 1, "中国区": 2, "总裁": 8, "而后": 1, "跳": 1, "盛大": 1, "10亿": 1, "元": 3, "加盟": 1, "新华都": 1, "名噪一时": 1, "老底": 1, "揭穿": 1, "博士": 1, "学位": 2, "加州": 2, "理工": 1, "学院": 1, "野鸡": 1, "大学": 2, "花钱": 1, "身败名裂": 1, "人人": 1, "追捧": 1, "斗士": 2, "韩寒": 1, "崔永元": 1, "转基因": 1, "争斗": 1, "不休": 1, "毁誉": 1, "参半": 1, "网友们": 3, "信任度": 1, "大幅": 2, "下降": 1, "此次": 2, "谷歌": 3, "断供": 2, "自主": 1, "研发": 3, "鸿蒙": 2, "第一时间": 1, "站": 3, "质疑": 4, "厉害": 1, "早": 4, "任正非": 5, "回应": 1, "这是": 4, "策略": 1, "外人": 1, "懂": 1, "只不过": 1, "热度": 1, "规划": 2, "节点站": 1, "居心": 1, "危难": 1, "故意": 1, "刁难": 1, "亲身": 1, "体会": 1, "一番": 1, "言多必失": 1, "后果": 1, "账户": 1, "封": 2, "采访": 2, "声称": 2, "账号": 1, "影响力": 4, "听": 2, "搞笑": 1, "创办": 1, "爱否": 1, "检测": 1, "评估": 1, "机构": 1, "4月份": 2, "员工": 2, "王": 1, "跃琨": 1, "Pro": 7, "拍下": 1, "月亮": 4, "AI美化": 2, "实际上": 2, "提前": 3, "拍": 1, "替换": 1, "摄像头": 1, "拍到": 1, "一时间": 2, "事件": 4, "就此": 1, "开除": 1, "名": 1, "本来": 1, "不了了之": 1, "6月份": 3, "提起": 1, "月亮门": 1, "指责": 1, "涉嫌": 1, "虚假": 1, "宣传": 2, "起诉": 2, "趁热": 1, "炒作": 1, "意图": 2, "实在": 1, "一阵阵": 1, "人尽皆知": 1, "跑": 1, "对外": 1, "刀子": 1, "恐怕": 1, "不厚道": 1, "个案": 1, "5": 10, "超算": 1, "示好": 1, "谈": 1, "停止": 2, "两面": 1, "伎俩": 1, "出尔反尔": 1, "毫无": 1, "诚信": 1, "时刻": 2, "团结": 1, "得逞": 1, "嚣张": 1, "绝不": 1, "姑息": 1, "做人": 1, "件": 1, "好事": 2, "不难": 1, "难": 1, "一辈子": 1, "稀奇": 1, "可贵": 1, "长久": 2, "延续": 2, "典型": 1, "反面": 1, "案列": 1, "这家": 2, "诺基亚": 14, "当之无愧": 1, "王者": 2, "地位": 2, "无可撼动": 1, "兴起": 1, "战略": 14, "决策": 10, "错误": 1, "业务": 14, "从此": 1, "一蹶不振": 1, "消失": 1, "我国": 1, "生产": 1, "设备": 6, "主营": 1, "晚": 1, "一度": 1, "沦为": 1, "山寨机": 1, "行列": 1, "时移世易": 1, "位居": 1, "第二": 7, "距离": 1, "超越": 2, "巨头": 1, "三星": 5, "事实上": 3, "遥": 1, "立于不败之地": 1, "正确": 3, "历史": 1, "失误": 1, "惨重": 2, "多年": 2, "保证": 3, "制定": 2, "套": 3, "成熟": 1, "执行": 2, "蓝军": 3, "红军": 2, "部门": 1, "之下": 1, "红军部": 5, "蓝军部": 6, "熟悉": 1, "军事": 2, "模拟": 2, "对抗": 5, "演习": 2, "都会": 2, "分为": 1, "对立": 1, "阵营": 2, "PK": 1, "角逐": 1, "胜利": 1, "红": 1, "蓝": 2, "代表": 3, "本身": 4, "对手": 6, "军部": 1, "角度": 2, "路径": 1, "找出": 1, "弱点": 1, "拟定": 1, "三年": 1, "战胜": 1, "符合": 1, "身份": 1, "发散": 1, "思维": 1, "给予": 1, "保护": 1, "宽容": 1, "敢想敢干": 1, "发挥": 1, "价值": 1, "予以": 1, "改正": 1, "等到": 1, "难解难分之时": 1, "输赢": 1, "红蓝": 2, "最终": 2, "想要": 2, "方向": 2, "究竟": 1, "无懈可击": 1, "后期": 2, "投入": 5, "精力": 1, "资源": 1, "部署": 3, "分析": 1, "稳定": 1, "方法": 1, "正确性": 1, "6月": 4, "21日": 2, "武汉": 1, "正式": 5, "全新": 3, "一代": 1, "SoC": 7, "——": 2, "海思": 1, "麒麟810": 23, "旗舰级": 3, "7nm": 11, "制程": 6, "工艺": 5, "共有": 1, "颗": 2, "苹果": 5, "A12": 1, "高通": 11, "骁龙": 17, "855四": 1, "麒麟": 31, "810": 18, "达芬奇": 14, "架构": 17, "NPU": 9, "AI": 7, "引入": 1, "自研": 8, "当日": 1, "首款": 2, "nova5": 6, "包含": 1, "搭载": 3, "第三": 2, "相比": 3, "8nm": 2, "能效": 2, "20%": 1, "晶体管": 1, "密度": 1, "50%": 2, "去年": 8, "十月": 1, "Huawei": 1, "Connect": 1, "2018": 1, "项目": 1, "基于": 1, "Ascend": 2, "处理器": 6, "终端": 5, "云端": 2, "运算": 4, "并未": 1, "透露": 1, "消息": 6, "以往": 1, "二维": 1, "高性能": 2, "3D": 1, "Cube": 1, "计算": 1, "引擎": 1, "针对": 1, "矩阵": 1, "加速": 1, "单位": 1, "面积": 1, "AI算力": 1, "激发": 1, "端侧": 1, "潜能": 1, "产品线": 4, "何刚": 11, "拥有": 5, "7": 4, "nm": 2, "810AI": 1, "跑分": 6, "高于": 1, "855": 6, "730": 7, "给出": 2, "数据": 2, "ETH": 1, "Zurich": 1, "AI-Benchmark": 3, "32280": 4, "成绩": 4, "领先于": 2, "25428": 2, "13908": 2, "查询": 1, "最新": 3, "排名": 4, "23944": 1, "HelioP": 1, "90": 4, "分列": 1, "CPU": 5, "GPU": 6, "参数": 1, "2x2.27": 1, "GHz": 2, "Cortex-A76": 1, "6x1.88": 1, "A55": 3, "组合": 3, "调频": 1, "调度": 2, "+": 1, "大小": 1, "核": 7, "对比": 5, "11%": 1, "13%": 1, "年度": 2, "发货量": 5, "1亿": 10, "台": 13, "振奋": 1, "人心": 1, "面世": 1, "发布会": 4, "刚": 5, "截止": 1, "2019年": 4, "30日": 2, "官方": 3, "时间表": 1, "达成": 2, "目标": 3, "2018年": 3, "7月": 3, "18日": 1, "意味着": 1, "这次": 7, "此时此刻": 1, "来之不易": 1, "加大": 2, "软硬件": 1, "一体": 1, "领跑": 1, "做好": 1, "场景": 5, "智慧": 1, "长江": 1, "日报": 1, "雷锋网": 1, "新浪": 1, "财经": 1, "责任": 1, "编辑": 1, "彭金美": 1, "请": 1, "点赞": 1, "↓↓↓": 1, "国际": 2, "遭受": 1, "从未": 1, "停歇": 1, "借着": 1, "nova": 10, "首次": 5, "亮相": 1, "产品名": 1, "8系列": 2, "激动": 1, "自此": 1, "高中低档": 1, "8": 1, "介于": 1, "型号": 1, "总体": 1, "亮点": 1, "颇": 1, "台积电": 3, "新品": 2, "10nm": 1, "此前": 4, "980": 2, "寒武纪": 1, "曝光": 1, "昇腾": 1, "910": 1, "310": 1, "落地": 1, "自用": 1, "展开": 1, "对垒": 1, "提到": 8, "立体": 1, "魔方": 1, "效高": 1, "算子": 1, "精度": 1, "能力": 2, "AI性能": 1, "引用": 1, "瑞士": 1, "苏黎世": 1, "紧随": 1, "其后": 1, "环节": 2, "Cortex": 1, "A76": 3, "六": 3, "核Cortex": 1, "主频": 1, "2.27GHz": 1, "灵活": 3, "单核": 1, "冷": 1, "启动": 1, "Mali-G52": 1, "影像": 2, "ISP": 1, "图像": 1, "强大": 1, "夜景": 1, "算法": 1, "拍出": 1, "亮度": 1, "宽容度": 1, "细节": 1, "通信": 6, "卓越": 1, "双卡": 1, "双待": 1, "双VoLTE": 1, "上网": 1, "一卡VoLTE": 1, "通话": 1, "现场": 1, "解读": 1, "负责": 1, "极致": 2, "强劲": 2, "7系列": 1, "亲民": 1, "均衡": 2, "中端": 6, "低": 2, "完整": 1, "分配": 2, "710": 1, "AI性": 1, "注重": 1, "730G": 1, "有助于": 2, "打造": 1, "阵列": 1, "定位": 2, "PingWest": 2, "品玩": 2, "Nova": 1, "仅仅": 1, "便宜": 1, "块钱": 1, "得分": 1, "不俗": 1, "底层": 1, "再次": 6, "整合": 1, "性价比": 1, "水桶": 1, "建立": 2, "人群": 1, "堆叠": 1, "核心": 6, "灵活性": 1, "供图": 2, "刚刚": 2, "首发": 2, "低价": 1, "位段": 1, "区间": 1, "5i": 3, "配备": 1, "麒麟710": 2, "核加": 2, "小核": 1, "接近于": 1, "核则": 1, "高能": 1, "效比": 1, "配置": 1, "大小核": 1, "大核": 2, "只用": 1, "体系": 1, "聪明": 1, "层面": 1, "3000": 1, "Pro三": 1, "搭配": 1, "段位": 1, "进攻": 1, "出货量": 5, "之上": 1, "截至": 2, "突破": 5, "相较于": 1, "上半年": 2, "49": 1, "2.5亿": 1, "创始人": 1, "A": 1, "Coffee": 1, "With": 1, "Ren": 1, "活动": 1, "受制于": 1, "环境": 1, "因素": 1, "海外": 4, "减产": 1, "40%": 1, "包括": 2, "在内": 1, "销售": 2, "数字": 1, "准确": 1, "进一步": 1, "很快": 2, "持续": 1, "计划": 1, "占有率": 1, "转而": 1, "战线": 1, "拉回": 1, "持续不断": 1, "进展": 2, "迅猛": 1, "份额": 1, "接近": 1, "37%": 1, "增速": 1, "欧洲": 4, "不错": 3, "西欧": 1, "周五": 1, "这一切": 2, "归根到底": 1, "源自": 1, "面向": 1, "切中": 1, "痛点": 1, "战场": 1, "弹药": 1, "时间段": 2, "战役": 1, "预备": 1, "暗示": 1, "下半年": 1, "即将": 2, "麒麟985": 1, "亮剑": 1, "新机": 2, "Nova5": 5, "电脑": 1, "高达": 1, "内核": 1, "总共": 1, "八": 1, "Mali-G52六": 1, "差距": 3, "Mali-G76十": 1, "笔者": 1, "建议": 1, "选": 1, "信息": 1, "难怪": 1, "余承东": 1, "超过": 1, "绝望": 1, "成长": 2, "侵蚀": 2, "慢慢": 2, "149": 1, "破": 2, "亿": 2, "19日": 1, "2015年": 1, "355": 1, "先进": 1, "国有": 1, "想": 4, "打垮": 1, "当年": 1, "法国": 1, "阿尔斯通": 3, "陷阱": 1, "书": 1, "高管": 1, "皮耶鲁齐去": 1, "无理": 1, "扣押": 2, "出狱": 1, "通用": 1, "电气": 1, "收购": 1, "多么": 1, "可悲": 1, "公平": 1, "待遇": 1, "身上": 1, "实施": 1, "禁令": 3, "25%": 1, "断货": 1, "好过": 1, "供应商": 1, "供应": 1, "数量": 6, "倒退": 1, "妥协": 1, "延后": 1, "天后": 1, "禁用": 1, "总体而言": 1, "美企": 2, "硬件": 1, "实力": 4, "扛": 1, "甚至于": 1, "反悔": 1, "也许": 2, "大众": 2, "特朗普": 4, "真的": 1, "游说": 3, "解除": 1, "动机": 1, "硬": 1, "掰": 1, "搞": 1, "联邦": 1, "现状": 1, "越来越": 1, "一意孤行": 1, "民众": 1, "反而": 1, "背地": 1, "上手": 1, "近日": 1, "传出": 2, "服务器": 1, "交换器": 1, "送": 1, "实验室": 1, "阿斯拉加": 2, "美方": 3, "非法": 1, "没收": 1, "仓库": 1, "扣留": 1, "疑似": 1, "窃取": 1, "华盛顿": 1, "法院": 1, "返回": 1, "途中": 1, "电信": 2, "出口": 1, "管制": 1, "条例": 1, "下手": 2, "丑态毕露": 1, "国": 1, "对付": 2, "情形": 1, "伏笔": 1, "威胁": 1, "抵挡": 1, "城": 1, "西班牙": 1, "恨": 1, "牙": 1, "痒痒": 1, "找": 1, "正面": 1, "地方": 1, "只能": 1, "下下": 1, "策": 1, "通俗": 1, "霸权": 1, "对此": 1, "国产": 1, "崛起": 1, "无情": 1, "反超": 1, "比如说": 1, "格力": 1, "起色": 1, "害怕": 1, "制裁": 1, "上个月": 1, "当中": 4, "逼": 1, "亮出": 1, "增大": 1, "或者是": 1, "暂停": 2, "站出": 1, "松": 1, "一口气": 1, "昨天": 1, "顺势": 1, "成就": 1, "主打": 1, "出世": 1, "挑战": 1, "国外": 2, "依赖": 2, "这样一来": 1, "底气": 1, "看重": 2, "缺少": 1, "到时候": 2, "不用": 1, "成果": 1, "985": 1, "26日": 1, "MWC": 4, "上海": 4, "2019": 4, "开幕": 1, "通信展": 1, "亚洲": 1, "地区": 3, "盛会": 1, "涵盖物": 1, "联网": 1, "人工": 1, "开局": 1, "大会": 1, "少不了5G": 1, "身影": 1, "爱立信": 13, "举办": 1, "预分": 1, "享会": 1, "签下": 1, "22": 1, "份": 1, "公示": 1, "商用": 5, "合同": 4, "预示": 1, "订单": 6, "更新": 1, "现行": 1, "优质": 1, "服务": 1, "运营商": 5, "关系": 1, "承认": 1, "出色": 1, "4日": 1, "42": 1, "签订": 1, "5G商": 1, "T-Mobile": 1, "Telia": 1, "软银": 1, "大型": 1, "超": 2, "100": 1, "北美": 1, "韩国": 1, "拓展": 1, "印度": 1, "拉丁美洲": 1, "新兴": 1, "扎根": 1, "领先性": 1, "忽视": 1, "伙伴": 1, "时代": 1, "46": 1, "30余": 1, "国家": 1, "基站": 1, "发货": 1, "居于": 1, "10万余": 1, "座": 1, "本土": 1, "作战": 1, "士气": 1, "减": 1, "三大": 2, "试验": 1, "高速": 1, "公路": 1, "城区": 1, "地铁": 1, "强强": 1, "联手": 1, "标准": 1, "小巫见大巫": 1, "牌照": 1, "下发": 1, "广电": 1, "势必": 1, "届时": 1, "拉开": 1, "文": 1, "/": 1, "小1": 1}