{"科技": 5, "媒体": 6, "/": 1, "何玺": 1, "7月": 4, "26日": 2, "华为": 91, "联接": 1, "未来": 4, "终端": 4, "沟通": 3, "深圳": 2, "会上": 2, "发布": 6, "首款": 5, "商用": 4, "5G": 45, "双模": 2, "手机": 42, "Mate20": 1, "X": 5, "(": 1, ")": 1, "智慧": 18, "屏": 13, "战略": 12, "荣耀": 3, "智慧屏": 12, "最初": 1, "称为": 1, "HD大屏": 1, "Smart": 1, "HD": 1, "6月": 2, "改称": 1, "TV": 1, "15日": 1, "才": 4, "称做": 1, "名称": 2, "变迁": 1, "品类": 1, "定位": 4, "委婉": 1, "承认": 1, "依然": 3, "电视": 12, "产品": 5, "想要": 3, "拉开": 1, "距离": 1, "这次": 1, "1+8+N": 2, "IoT": 9, "架构": 10, "8": 6, "指": 8, "场景": 6, "智能化": 1, "三圈层": 2, "阐述": 2, "1": 4, "用户": 12, "随身": 1, "携带": 1, "、": 89, "高频": 3, "智能": 44, "设备": 19, "物联网": 3, "体系": 12, "入口": 5, "；": 9, "平板": 2, "电脑": 2, "PC机": 2, "音箱": 4, "手表": 1, "生活": 7, "N": 1, "涵盖": 1, "日常": 2, "方方面面": 1, "包括": 5, "运动": 1, "出行": 1, "家庭": 9, "办公": 1, "1+8": 1, "信息": 6, "所需": 1, "控制": 18, "操作": 13, "便捷": 3, "舒适": 2, "体验": 3, "中枢": 4, "4": 3, "中心": 19, "进一步": 1, "客厅": 1, "提供": 5, "娱乐": 3, "家居": 22, "相关": 3, "服务": 2, "强大": 2, "AI": 2, "能力": 5, "之间": 3, "交互": 3, "多平": 1, "协同": 1, "小屏": 1, "聚合": 1, "投屏": 1, "跨屏": 1, "Hilink": 3, "技术": 18, "平台": 3, "具备": 1, "监管": 1, "联动": 1, "极致": 1, "影音": 1, "支撑": 1, "影院": 1, "点播": 1, "直播": 2, "功能": 2, "变身": 1, "小型": 1, "KTV": 1, "看懂": 1, "主旨": 1, "IOT": 4, "时代": 5, "概念": 2, "早已": 1, "潮流": 2, "当下": 3, "家电": 8, "企业": 4, "都": 20, "布局": 1, "领域": 10, "厂商": 15, "路线图": 1, "设定": 1, "：": 17, "第一": 2, "正式": 5, "提出": 5, "品牌": 7, "敏锐": 1, "抓住": 1, "市面": 1, "通用": 1, "方案": 1, "痛点": 1, "语音": 1, "天然": 1, "含量": 1, "低": 3, "难以": 2, "掌控": 2, "有效性": 1, "精细度": 1, "效果": 2, "好些": 1, "窄小": 1, "屏幕": 4, "中老年人": 2, "年幼": 1, "儿童": 1, "画面": 3, "容量": 2, "太": 2, "利于": 1, "监控": 2, "系统": 10, "运作": 3, "状况": 1, "完美": 1, "解决": 1, "方式": 3, "电视机": 1, "高度": 1, "统一": 2, "学习": 1, "即可": 1, "轻松": 2, "成员": 1, "接受": 3, "55": 1, "吋": 3, "65": 1, "75": 1, "空间": 2, "足够": 3, "级别": 1, "分辨率": 1, "清晰": 1, "直观": 1, "模拟": 1, "过程": 1, "同步": 1, "随时": 1, "情况": 2, "方向": 1, "背景": 2, "群体": 1, "TCL": 1, "创维": 1, "小米": 2, "业务": 13, "单纯": 2, "面向": 1, "消费者": 4, "思维": 5, "To": 6, "C模式": 1, "很": 7, "难": 4, "突破": 5, "传统": 6, "设计": 4, "思路": 1, "电信": 2, "城市": 2, "安防": 2, "B": 2, "公认": 1, "行业": 2, "巨头": 2, "专注": 1, "数据": 4, "云计算": 1, "大屏": 1, "大都": 1, "核心": 5, "正是": 1, "B端": 2, "积累": 1, "轻易": 1, "C端": 2, "定式": 1, "大胆": 1, "鸿蒙": 2, "+": 1, "海思IoT": 1, "芯片": 5, "实际上": 1, "先进": 1, "市场": 2, "延伸": 1, "惠及": 1, "产物": 1, "设想": 3, "不错": 2, "做好": 3, "HiLink": 1, "兼容": 4, "关键": 5, "克服": 1, "一个": 8, "难题": 2, "高效": 1, "台": 1, "想": 3, "超出": 2, "不行": 1, "连接": 4, "现象": 4, "标准": 5, "接口": 1, "杂乱": 1, "互联": 2, "失灵": 1, "繁琐": 1, "低效": 1, "自前": 1, "搞": 2, "套": 1, "底层": 2, "网络": 9, "协议": 2, "APP": 4, "开发": 2, "互不": 1, "统属": 1, "困难": 3, "无线": 1, "通讯": 2, "推出": 1, "ZigBee": 1, "6LoWPAN": 1, "功耗": 1, "蓝牙": 1, "Wi-Fi": 1, "NFC": 1, "蜂窝": 1, "多种": 2, "层面": 1, "安装": 2, "软件": 1, "才能": 12, "顺利": 1, "互通": 1, "家里": 2, "购买": 1, "协调": 1, "仔细": 1, "阅读": 1, "说明书": 1, "请教": 1, "专家": 4, "割裂": 1, "集群": 1, "精通": 1, "互联网": 3, "年轻人": 1, "摸索": 1, "一番": 1, "搞定": 1, "小孩": 1, "也就是说": 2, "认可": 1, "推广": 1, "控制点": 1, "成功": 3, "一点": 1, "玺哥": 1, "国内": 2, "三": 2, "海尔": 2, "美的": 1, "格力": 1, "打造": 1, "主导": 1, "旗下": 1, "7": 1, "成套": 1, "众多": 1, "合作": 5, "真心实意": 1, "带去": 1, "价值": 7, "心中": 1, "一句话": 1, "上规模": 1, "合作者": 1, "绑定": 1, "一块": 1, "吸引": 3, "知名": 1, "享有": 1, "编者按": 1, "本文": 1, "甲方": 1, "研究社": 1, "ID": 1, "jiafangribao": 1, "原创": 1, "独家": 3, "首发": 1, "腾讯": 4, "36": 1, "氪经": 1, "授权": 2, "从来": 1, "一家": 2, "缺": 1, "新闻": 1, "公司": 14, "创始人": 3, "任正非": 21, "频繁": 1, "采访": 3, "内部": 3, "讲话": 1, "曝光": 4, "大嘴": 1, "余承东": 1, "口无遮拦": 1, "Mate": 4, "新品": 1, "惊艳": 1, "问世": 1, "上周一": 1, "份": 14, "邮件": 14, "依旧": 4, "眼球": 1, "23日": 1, "总裁": 4, "签发": 3, "最新": 1, "显示": 4, "2019": 3, "届": 3, "顶尖": 5, "学生": 4, "实行": 2, "年薪制": 2, "管理": 7, "年薪": 10, "100万~200万": 1, "元": 6, "不等": 1, "顶级": 1, "挑战": 2, "薪酬": 9, "人才": 22, "全世界": 2, "招进": 1, "20-30": 1, "名": 8, "天才": 3, "少年": 2, "增加": 1, "调整": 4, "队伍": 1, "作战": 1, "结构": 8, "层层": 1, "追踪": 1, "身份": 1, "一一": 1, "拿到": 1, "博士": 10, "毕业生": 3, "钟钊": 2, "秦通": 2, "182-201万": 1, "报道": 1, "毕业于": 1, "中科院": 2, "自动化所": 1, "专业": 3, "模式": 8, "识别": 2, "自动化": 4, "深度": 1, "神经": 1, "研究": 9, "导师": 1, "研究所": 2, "副所长": 1, "刘": 1, "成林": 1, "香港": 1, "大学": 2, "机器人": 1, "博士生": 1, "IEEE": 1, "IROS": 1, "2018": 1, "最佳": 1, "论文": 1, "奖": 1, "兴趣": 1, "机器": 1, "视觉": 2, "SLAM": 1, "惯导": 1, "融合": 1, "传感器": 1, "六": 1, "均": 2, "人工": 1, "表面": 2, "仅仅": 2, "封": 1, "简单": 3, "激励": 3, "背后": 4, "折射": 1, "人才观": 3, "形势": 1, "瓶颈": 1, "谈到": 3, "如果说": 1, "美国": 3, "词汇": 1, "话题": 1, "榜单": 2, "名列前茅": 1, "2月": 1, "引发": 1, "业内": 1, "热": 1, "热议": 1, "反思": 1, "留": 1, "不住": 1, "员工": 6, "披露": 1, "博士类": 1, "5": 3, "累计": 2, "平均": 2, "离职率": 3, "21.8%": 1, "入职": 2, "时间": 2, "长": 2, "2014年": 1, "工作": 1, "四": 1, "57%": 1, "留在": 1, "重点": 5, "担忧": 2, "特招": 2, "离职": 1, "据悉": 1, "国家": 2, "实验室": 1, "项目": 1, "研发": 2, "实践": 1, "经验": 1, "优秀": 4, "院校": 1, "校招": 1, "内": 1, "领军": 1, "人物": 1, "37%": 1, "42%": 1, "很难说": 1, "苗子": 1, "处于": 2, "状态": 1, "不无": 1, "心痛": 1, "说道": 1, "5月": 1, "罕见": 1, "对话": 1, "关注": 2, "孟晚舟": 1, "中国人": 1, "济济": 1, "全球": 7, "寻找": 1, "中国": 15, "自主": 1, "创新": 9, "拥抱": 1, "世界": 3, "介绍": 1, "至少": 1, "700": 1, "名数学家": 1, "800": 1, "物理学家": 1, "120": 1, "化学家": 1, "六七千": 1, "基础": 13, "六万多": 1, "高级": 1, "工程师": 2, "组合": 1, "在编": 1, "15000": 1, "科学家": 2, "金钱": 2, "知识": 2, "60000": 1, "应用型": 1, "支持": 4, "科研": 2, "探索": 1, "200万": 1, "天后": 1, "上海": 1, "交通": 1, "签署": 1, "交流": 2, "内容": 2, "签约": 1, "重视": 5, "尊重": 1, "发展": 4, "社会": 1, "培养": 1, "前提": 2, "渴求": 1, "态度": 1, "年内": 1, "提到": 1, "持续": 2, "升级": 2, "科学": 10, "高精尖": 1, "求变": 1, "整体": 2, "变化": 2, "营收": 3, "趋势图": 1, "稳步": 1, "提高": 2, "年收入": 1, "千亿": 1, "美元": 3, "水准": 2, "20%": 1, "增速": 3, "公布": 1, "2018年": 3, "财报": 2, "运营商": 2, "销售": 1, "收入": 2, "2,940亿": 1, "上年": 1, "下降": 1, "值得": 1, "晚": 1, "发力": 1, "单元": 1, "同比": 1, "增长": 3, "45.1%": 1, "远": 1, "超": 1, "上图": 1, "出货量": 4, "走高": 1, "40%": 1, "高位": 1, "超越": 1, "苹果": 2, "第二": 1, "代表": 1, "比重": 1, "越来越": 3, "尤其是": 1, "优势": 2, "思考": 2, "厮杀": 1, "产业": 3, "格局": 1, "国产": 1, "华米OV": 1, "领先": 1, "愈发": 1, "生存": 1, "否认": 1, "全面屏": 1, "人脸": 1, "比拼": 2, "某种": 1, "程度": 1, "停留": 1, "硬件": 1, "参数": 1, "阶段": 1, "发布会": 1, "摄像头": 1, "拍照": 1, "处理器": 1, "速度": 4, "配色": 1, "当成": 1, "卖点": 1, "包装": 1, "在内": 1, "苍白": 1, "乏力": 1, "键盘": 1, "触摸屏": 1, "功能机": 1, "数十": 1, "成果": 1, "沉淀": 1, "划时代": 1, "意义": 2, "石墨烯": 1, "电池": 2, "大幅度": 1, "续航": 1, "材料": 1, "学": 1, "折叠屏": 1, "普及": 1, "……": 2, "著名": 1, "尼古拉斯·尼葛洛": 1, "庞帝": 1, "乔治·吉尔德": 1, "很多": 2, "爆炸性": 1, "面临": 1, "基于": 2, "研究院": 2, "院长": 1, "徐文伟": 1, "负责": 1, "前沿": 2, "机构": 1, "3亿": 2, "经费": 1, "学术界": 1, "环": 1, "高薪": 3, "招聘": 1, "巨额": 1, "投入": 1, "加大": 1, "力度": 1, "或许": 2, "底气": 1, "所在": 1, "来源": 2, "金融界": 1, "网站": 1, "作者": 1, "朱邦凌": 1, "改变": 2, "4G": 12, "传输": 2, "B2C": 4, "B2B": 3, "放大": 1, "2G": 1, "3G": 1, "性质": 1, "理解": 4, "传速率": 1, "下载": 1, "速率": 3, "感觉": 1, "上传": 1, "图像": 2, "汽车": 2, "采用": 1, "无人": 1, "驾驶": 1, "秒钟": 1, "传出": 1, "保证": 1, "传送": 2, "工业": 3, "自动": 2, "频道": 1, "宽度": 1, "10-100": 1, "倍": 2, "上行": 2, "带宽": 2, "宽": 1, "高速": 1, "运行": 1, "火车": 1, "飞机": 1, "4.0": 1, "生产": 1, "形式": 7, "NSA": 3, "单独": 2, "组网": 9, "SA": 4, "拓宽": 1, "起到": 1, "作用": 1, "共用": 1, "核心网": 3, "网": 1, "SA形式": 1, "都会": 1, "变得": 1, "快": 2, "时延": 1, "毫秒级": 1, "意大利": 1, "医生": 3, "远程": 1, "指导": 2, "乡镇": 1, "病人": 1, "心脏": 1, "手术": 1, "现场": 1, "动刀": 2, "视频": 1, "滞后": 1, "动手术": 1, "在座": 1, "传播": 1, "拖尾": 1, "有时延": 1, "独立": 7, "消灭": 1, "新型": 1, "基站": 1, "本身": 2, "打开": 3, "信息包": 2, "涉及": 1, "传到": 1, "！": 2, "等待": 4, "高通": 5, "3": 1, "明年": 2, "发": 1, "牌照": 1, "建设": 1, "混合": 1, "招标法": 1, "招标": 1, "50": 2, "商业": 2, "合同": 5, "此前": 1, "公共": 1, "事务": 1, "通信": 1, "部门": 2, "陈": 2, "立芳": 2, "28": 1, "欧洲": 2, "年度": 1, "报告": 1, "中东": 1, "非洲": 1, "海外": 1, "区域": 1, "2045亿": 1, "人民币": 1, "298亿": 1, "占": 1, "总收入": 1, "28.4％": 1, "超过": 3, "美洲": 1, "亚太": 1, "地区": 1, "贡献": 1, "对此": 1, "欧盟": 1, "框架": 2, "全力": 1, "竞争": 1, "对手": 1, "芬兰": 1, "诺基亚": 1, "瑞典": 1, "爱立信": 2, "43": 1, "22": 1, "中兴": 1, "25": 1, "排": 1, "第三": 1, "预计": 2, "2.7亿": 2, "开售": 1, "标志": 1, "开启": 1, "走进": 1, "公众": 1, "5G版": 1, "进网": 1, "许可证": 1, "该款": 1, "搭载": 1, "7纳米5G": 1, "模": 1, "巴龙": 1, "5000": 1, "麒麟": 1, "980": 1, "主流": 1, "近年华": 1, "快速": 1, "2017年": 1, "出货": 1, "1.53亿": 1, "支": 2, "逾": 1, "2亿": 1, "近期": 1, "采购": 1, "足量": 1, "图片": 1, "壹图网": 1, "经济": 1, "观察报": 1, "评论员": 1, "陈白": 1, "夏天": 1, "再度": 1, "登上": 1, "风口浪尖": 1, "毕业季": 1, "应届": 1, "开出": 2, "震惊": 1, "天价": 3, "近日": 1, "电子": 2, "八": 2, "给出": 1, "学历": 1, "最低": 1, "89.6万": 1, "201万": 1, "近年来": 1, "组织": 15, "变革": 6, "风靡": 1, "商学院": 2, "语境": 1, "明星": 1, "改革": 2, "热门": 1, "关键词": 1, "阿里": 1, "连续": 1, "轮": 1, "930": 1, "百度": 1, "活跃": 1, "一线": 2, "船": 1, "中流": 1, "意识": 1, "效率": 2, "科层制": 3, "扁平化": 4, "选": 1, "摇摆不定": 1, "跟随者们": 1, "究竟": 2, "意味着": 1, "起码": 1, "变革战": 1, "评价": 3, "如今": 2, "大跌眼镜": 1, "至今": 1, "打工": 1, "皇帝": 1, "张小龙": 3, "薪水": 1, "颇为": 1, "惊异": 1, "高管": 1, "微信": 1, "父": 1, "早": 1, "2016年": 1, "接近": 1, "董事会": 1, "主席": 1, "马化腾": 1, "1/9": 1, "约翰·韦尔奇": 1, "GE": 1, "开拓": 1, "此后": 1, "标配": 1, "标本": 1, "最终": 1, "选择": 1, "转投": 1, "制度": 2, "适于": 1, "忽然": 1, "迷茫区": 1, "回过头": 1, "经典": 1, "案例": 1, "归结": 1, "事实上": 2, "中都": 1, "并存": 1, "多年": 1, "‘": 2, "炸开": 2, "金字塔尖": 2, "’": 2, "毫无疑问": 2, "博士们": 1, "依据": 1, "段": 1, "习惯": 1, "金字塔型": 1, "职位": 2, "关系": 2, "担任": 1, "听": 1, "炮火": 1, "反而": 1, "正向": 1, "反馈": 1, "无论是": 1, "封闭": 2, "金字塔": 3, "模型": 1, "天花板": 1, "开放": 1, "由上至下": 1, "变化多端": 1, "绩效": 1, "前台": 1, "流程": 1, "多层": 1, "单层": 1, "归根到底": 1, "回归": 1, "奋斗者": 1, "公正": 1, "分配": 2, "不患寡而患不均": 1, "动力": 1, "充满": 1, "激情": 1, "创造": 2, "对等": 1, "主观能动性": 1, "价值链": 1, "逻辑": 1, "加班": 1, "文化": 1, "闻名": 1, "并未": 1, "场": 1, "996": 1, "争议": 1, "指责": 1, "原因": 1, "抢夺": 1, "走": 1, "计算机": 1, "竞赛": 1, "冠军": 1, "亚军": 1, "Google": 1, "五六": 1, "工资": 1, "挖走": 1, "硅谷": 1, "百万": 1, "可谓": 1, "比比皆是": 1, "高新技术": 1, "500": 1, "角度": 1, "寻求": 1, "提升": 1}