{"9月": 1, "厂商": 1, "都": 18, "纷纷": 1, "推出": 3, "年度": 1, "旗舰": 3, "产品": 14, "果粉": 2, "期待": 1, "苹果": 9, "新款": 1, "iPhone11": 18, "摄像头": 5, "不错": 4, "升级": 2, "一个": 17, "感觉": 6, "换汤不换药": 1, "入手": 1, "华为": 106, "Mate30": 19, "很": 9, "惊喜": 1, "大半": 2, "直观": 1, "感受": 2, "这部": 1, "手机": 21, "续航": 8, "表现": 4, "真心": 1, "系列": 6, "电池": 2, "稍微": 1, "重度": 1, "用户": 3, "依然": 3, "杯水车薪": 1, "；": 6, "4200": 1, "mAh": 1, "容量": 1, "妥妥": 1, "厉害": 1, "半": 1, "电": 1, "笔者": 3, "太": 3, "实际上": 1, "早就": 2, "外媒": 2, "针对": 3, "对比": 2, "测评": 1, "Pro": 16, "、": 18, "Max": 2, "三星": 4, "Note10": 1, "+": 3, "5": 3, "测试": 2, "显示": 6, "款": 8, "差": 3, "充电": 3, "速度": 3, "支持": 3, "40W": 1, "有线": 1, "超级": 2, "快充": 4, "27W": 1, "无线": 2, "回血": 1, "相比之下": 1, "USB": 1, "PD": 1, "标配": 1, "电源": 1, "适配器": 1, "祖传": 1, "5V1A": 1, "外观": 3, "黄色": 1, "绿色": 1, "紫色": 1, "配色": 3, "整机": 1, "年轻": 1, "很多": 11, "选择": 2, "翡": 1, "冷翠": 1, "格外": 1, "引人注目": 1, "设计": 11, "背部": 2, "位置": 1, "双摄": 2, "组合": 2, "放": 1, "左上方": 1, "相比": 7, "之下": 1, "采用": 5, "圆": 1, "环": 1, "放在": 1, "中轴线": 1, "对称": 1, "顺眼": 1, "屏幕": 5, "6.1": 1, "英寸": 2, "LCD屏": 1, "只能": 2, "中规中矩": 1, "刘海和": 1, "厚边框": 1, "实在": 2, "难": 1, "忍": 1, "搭载": 5, "6.62": 1, "刘海": 1, "屏": 2, "纵横": 1, "19.5:9": 1, "分辨率": 2, "2340": 1, "×": 1, "1080": 1, "像素": 2, "这块": 1, "带来": 1, "效果": 1, "确实": 5, "整体": 1, "观感": 1, "色彩": 1, "饱和度": 1, "讨": 1, "眼睛": 1, "喜爱": 1, "视觉": 1, "体验": 6, "内": 5, "浏览": 1, "内容": 3, "时间": 4, "习惯": 1, "字": 1, "越来越": 2, "适合": 1, "日常": 4, "主力机": 1, "原因": 2, "拍照": 2, "4000万": 2, "素超": 1, "感光": 1, "徕卡": 1, "三": 3, "摄": 5, "超感": 1, "光主": 1, "1600万": 1, "超": 1, "广角": 1, "800万": 1, "长焦": 1, "辅以OIS": 1, "光学": 2, "防抖": 1, "摄影": 1, "小白": 1, "随手": 1, "拍": 2, "大片": 1, "既视感": 1, "后置": 2, "面前": 1, "完败": 1, "毕竟": 3, "超广角": 1, "3": 1, "倍": 3, "变焦": 3, "混合": 1, "30": 10, "数字": 2, "拍摄": 2, "喜欢": 1, "风景": 1, "朋友": 1, "拍出": 1, "画幅": 1, "宽广": 1, "画面": 1, "构图": 1, "全系": 1, "麒麟990": 1, "处理器": 5, "自研": 1, "全新": 1, "AI": 4, "芯片": 10, "7nm": 1, "制程": 1, "工艺": 1, "确保": 1, "性能": 9, "低": 1, "能耗": 1, "内置": 1, "达芬奇": 1, "架构": 1, "双N": 1, "PU": 1, "提升": 3, "AI性能": 1, "轻松": 1, "场景": 1, "A13": 1, "强劲": 1, "上代": 1, "综合": 3, "安卓": 1, "阵营": 1, "旗舰机": 2, "逊色": 1, "震撼": 2, "持久": 1, "台": 4, "心情": 1, "愉悦": 1, "感": 1, "兴趣": 2, "前往": 1, "身边": 1, "授权": 1, "线下": 1, "体验店": 1, "(": 1, "15日": 1, ")": 1, "内部": 3, "员工": 3, "平台": 1, "心声": 1, "社区": 1, "公开": 1, "2019年": 2, "8月": 1, "20日": 1, "任正非": 10, "接受": 3, "美联社": 1, "采访": 2, "纪要": 1, "全文": 1, "回答": 1, "美方": 1, "实体": 4, "清单": 4, "制裁": 4, "聘用": 2, "外籍": 4, "CEO": 5, "5G": 22, "技术": 8, "提问": 1, "美国": 25, "记者": 2, "扛": 1, "住": 1, "打击": 2, "牺牲": 1, "老百姓": 3, "利益": 5, "中国": 11, "贫穷": 2, "救": 1, "钱": 1, "良心": 1, "过不去": 1, "挨打": 1, "包括": 2, "女儿": 1, "罪": 1, "让给": 1, "撤销": 1, "做好": 1, "长期": 1, "心理": 1, "谈": 1, "人员": 1, "分析": 1, "：": 5, "第一": 1, "具备": 1, "能力": 1, "第二": 1, "公司": 14, "工作": 1, "25": 1, "基层": 2, "层层": 1, "才能": 2, "结构": 1, "西方": 1, "‘": 2, "走马灯": 1, "’": 2, "情况": 4, "喝": 2, "红酒": 1, "谈谈": 1, "哲学": 1, "领导": 1, "风趣": 1, "推荐": 1, "董事长": 1, "人选": 1, "派遣": 1, "非洲": 1, "科摩罗岛": 1, "厨": 1, "狗": 1, "锻炼": 2, "地方": 1, "知晓": 1, "业务": 2, "将来": 1, "问及": 1, "威胁": 1, "澳大利亚": 2, "想": 1, "明白": 1, "先进": 1, "工具": 1, "担忧": 2, "购买": 2, "相关": 2, "等待": 1, "全世界": 1, "实验": 1, "证明": 1, "不用": 1, "焦心": 1, "环球网": 2, "援引": 2, "德国": 38, "发行量": 1, "报纸": 1, "图片报": 1, "14日": 2, "报道": 4, "称": 5, "政府": 12, "参与": 7, "网络": 23, "建设": 13, "发言人": 2, "赛贝特": 1, "随后": 1, "证实": 1, "消息": 4, "电信": 18, "监管": 1, "机构": 1, "联邦": 8, "管理局": 5, "未来": 1, "正式": 2, "公布": 1, "亚洲": 1, "时报": 1, "网站": 1, "评论": 2, "试图": 1, "阻止": 2, "盟友": 2, "关键": 1, "领域": 5, "采购": 1, "意图": 1, "排除": 5, "德媒": 1, "披露": 1, "新版": 1, "草案": 3, "最初": 1, "计划": 2, "市场": 3, "条款": 1, "并未": 1, "包含": 1, "在内": 2, "确认": 1, "下一代": 2, "供应商": 6, "提供": 2, "公平": 1, "竞争": 2, "环境": 1, "图片": 2, "来源": 2, "摄图网": 2, "图文": 2, "无关": 2, "塞贝特": 1, "周一": 1, "一开始": 1, "想要": 5, "企业": 10, "条件": 1, "做出": 3, "禁止": 3, "电视": 1, "全球": 3, "领先": 3, "设备": 10, "通信": 1, "标准": 1, "领先者": 1, "这是": 3, "观察者": 2, "网": 2, "商报": 4, "总理府": 1, "干预": 1, "政界": 2, "人士": 1, "默克尔": 2, "亲自": 2, "出面": 1, "反对": 1, "导致": 4, "本国": 1, "条例": 1, "影响力": 1, "经济": 6, "报刊": 1, "新闻": 4, "权威性": 1, "李克强": 1, "总理": 1, "4月": 1, "出席": 1, "第21": 1, "欧盟": 4, "领导人": 1, "会晤": 1, "期间": 1, "发表": 1, "署名": 1, "文章": 1, "早": 2, "3月": 1, "德": 1, "简单": 4, "主体": 1, "在外": 2, "竞标": 1, "提出": 1, "写入": 1, "法规": 1, "之中": 3, "上半年": 2, "5月": 2, "16日": 1, "局长": 1, "亨霍曼": 1, "发布会": 3, "日前": 1, "更新": 1, "最新": 2, "立场": 1, "名称": 1, "进来": 1, "部长": 3, "阿尔特迈尔": 4, "短期": 1, "访华": 2, "6月": 1, "中旬": 1, "行程": 1, "站": 1, "上海": 1, "会见": 1, "集团": 1, "总裁": 1, "德新社": 1, "会面": 1, "听取": 1, "意见": 1, "传达": 1, "欧洲": 10, "落后": 2, "1月": 3, "评估": 1, "文件": 3, "各国": 2, "部署": 2, "落后于": 1, "投资": 1, "数十亿": 2, "欧元": 2, "外部": 1, "压力": 2, "行业": 1, "陷入": 1, "紧张": 1, "状态": 1, "担心": 2, "精心": 1, "扩张": 1, "置于": 1, "混乱": 1, "数千": 1, "基站": 1, "装设": 1, "系统": 6, "云端": 1, "供应方": 1, "建立": 1, "现有": 1, "4G": 2, "基础": 1, "依赖": 1, "禁用": 3, "业者": 1, "被迫": 1, "拆除": 1, "付出": 1, "成本": 1, "资料": 1, "建": 1, "/": 1, "莱茵": 1, "邮报": 1, "30日": 2, "争议": 1, "总部": 1, "所在地": 1, "北威州": 3, "感到": 1, "事务": 1, "平克瓦特": 1, "该报": 1, "抵制": 1, "队伍": 1, "固定": 1, "发展": 4, "合作": 2, "伙伴": 1, "瑞士": 5, "每日": 2, "导报": 1, "Sunrise": 2, "签订": 1, "合同": 1, "迹象": 1, "间谍": 1, "人报": 1, "29日": 1, "澳": 1, "此前": 1, "澳洲": 1, "TPG": 1, "停止": 1, "禁令": 1, "附带": 1, "伤害": 1, "无惧": 1, "施压": 1, "步步紧逼": 1, "数据": 1, "保护": 2, "专员": 1, "科贝尔": 2, "罕见": 1, "愤怒": 1, "19日": 1, "国家": 1, "安全局": 1, "多年": 2, "思科": 2, "路由器": 1, "服务器": 1, "安装": 1, "后门": 2, "出口": 1, "用作": 1, "监听": 1, "硬件": 3, "开后门": 1, "警告": 1, "有趣": 1, "为止": 1, "证据": 1, "法律": 1, "软件": 1, "自主权": 1, "时代": 1, "周报": 1, "地位": 1, "对手": 1, "低廉": 1, "价格": 1, "优质": 1, "经济界": 1, "吸引力": 1, "报复": 1, "希望": 2, "贸易战": 1, "捍卫": 2, "单方面": 2, "反制": 1, "措施": 2, "解决": 3, "贸易": 1, "争端": 1, "华盛顿": 1, "提高": 1, "关税": 1, "布鲁塞尔": 1, "回应": 1, "所有人": 2, "编辑": 1, "|": 1, "郑直": 1, "杜": 1, "恒峰": 1, "温馨": 1, "提示": 1, "点击": 1, "每经": 2, "微信": 1, "菜单": 1, "栏": 1, "整点": 2, "栏目": 1, "热": 1, "财经": 2, "资讯": 1, "报": 1, "科工": 1, "力量": 1, "研发": 4, "投入": 1, "崛起": 2, "不争": 1, "事实": 2, "Mate": 9, "余承东": 1, "标的": 1, "iPhone": 7, "11": 8, "首次": 1, "标华": 1, "高端": 1, "火药味": 1, "浓": 1, "大致": 1, "处在": 1, "水平": 1, "撑": 1, "5799": 1, "元": 1, "售价": 1, "完胜": 3, "不得不": 1, "丑": 2, "夸张": 1, "精致": 3, "背面": 2, "块": 1, "玻璃": 2, "打磨": 1, "磨砂": 1, "背壳": 1, "高亮": 1, "凸起": 1, "质感": 1, "完美": 1, "反差": 1, "保守": 1, "创新": 1, "十足": 1, "正面": 1, "一块": 2, "瀑布屏": 1, "仿佛": 1, "像是": 1, "浴霸式": 1, "改成": 1, "奥利奥": 1, "横置": 1, "发现": 1, "卡片机": 1, "语言": 1, "复古": 1, "时尚": 1, "单论": 1, "极限": 1, "下A": 1, "13": 2, "肯定": 1, "麒麟": 2, "990": 1, "不少": 3, "代表": 1, "流畅度": 2, "丝滑": 1, "流畅": 2, "卡顿": 1, "游戏": 3, "尽如人意": 1, "主板": 1, "过于": 1, "密集": 1, "散热": 2, "降频": 1, "实测": 1, "荣耀": 1, "9": 1, "X": 1, "玩": 1, "降": 1, "画质": 1, "关闭": 1, "智能": 1, "发热": 1, "控制": 1, "倒是": 1, "出色": 2, "到底": 1, "选": 1, "见仁见智": 1, "EMUI": 4, "10": 4, "上华": 1, "大幅": 1, "UI": 1, "风格": 1, "原生": 1, "靠拢": 1, "非线性": 1, "动画": 1, "补足": 1, "短板": 1, "iOS": 1, "尤其是": 1, "交互": 2, "生态": 2, "传统": 1, "优势": 1, "项目": 1, "跟进": 1, "18W": 1, "自带": 1, "快": 1, "充充": 1, "电器": 1, "没法": 1, "纯": 1, "角度": 1, "媲美": 1, "超过": 1, "层面": 1, "IOS": 1, "顺滑": 1, "差距": 2, "力介": 1, "之间": 1, "竞争力": 1, "国外": 6, "不仅仅": 1, "影响": 1, "科技": 4, "电子": 1, "涉及": 1, "通讯": 1, "家电": 1, "数码": 1, "或多或少": 1, "关系": 1, "日子": 1, "好过": 1, "年前": 1, "弱小": 2, "意识": 1, "预见": 1, "最佳": 1, "发育": 1, "才": 1, "不以为意": 1, "放任": 1, "意料": 1, "备用": 1, "手段": 2, "仓皇": 1, "比如说": 3, "取代": 1, "高通": 3, "输": 1, "一点": 6, "想到": 2, "件": 3, "事情": 1, "关注": 1, "电脑": 13, "windows": 1, "难以": 2, "改变": 1, "下手": 1, "国产": 5, "自主": 3, "台式": 3, "！": 3, "千万": 1, "微不足道": 1, "小事": 1, "事实上": 1, "品牌": 1, "联想": 1, "看似": 1, "打入": 1, "核心": 3, "部件": 2, "依旧": 1, "货": 1, "纯粹": 1, "国产货": 2, "拆开": 1, "CPU": 3, "存条": 2, "显卡": 4, "丢人": 1, "发布": 1, "鲲鹏": 2, "920": 2, "综合性": 1, "评比": 1, "世界": 3, "一流": 1, "水准": 3, "意味着": 1, "遏制": 1, "自家产": 1, "不再": 1, "ADM": 1, "英特尔": 2, "进货": 1, "原材料": 1, "量产": 2, "值得一提的是": 1, "国内": 2, "用上": 1, "接下来": 1, "打算": 1, "批次": 1, "装": 1, "不至于": 1, "机密": 1, "泄露": 1, "一般来说": 1, "安全性": 1, "有备无患": 1, "评分": 1, "运算": 1, "顶尖": 1, "吃素": 1, "迎头": 1, "赶上": 1, "艰难": 1, "第1": 2, "名": 1, "难能可贵": 1, "领衔": 1, "断供": 1, "发达国家": 1, "发展中国家": 1, "足够": 2, "发达": 1, "什么的": 1, "咬": 1, "死": 1, "当下": 1, "热门": 1, "迫切": 1, "网友": 2, "指出": 1, "批量": 1, "生产": 2, "流水线": 1, "成熟": 1, "零部件": 1, "进一步": 1, "磨合": 1, "慢慢": 1, "始终": 1, "难点": 1, "提起": 1, "难以启齿": 1, "痛": 1, "麒麟980": 1, "叫板": 1, "GPU": 2, "拖": 1, "后腿": 1, "就算": 1, "改进": 1, "方案": 1, "拉": 1, "终归": 1, "图形": 1, "痛楚": 1, "优秀": 1, "这才": 1, "难题": 1, "预计": 1, "年内": 1, "拥有": 1, "漫长": 1, "历史": 1, "模仿": 1, "入局": 1, "知识": 1, "申请": 1, "专利": 1, "路子": 1, "谈何容易": 1, "相当于": 1, "有人": 1, "占领": 1, "草原": 1, "找到": 1, "开辟": 1, "牧场": 1, "乐观": 1, "态度": 1, "短短的": 1, "突破": 1, "跃": 2, "国际": 1, "500": 1, "苍龙": 1, "想必": 1, "人才": 1, "团队": 1, "失望": 1, "成长": 1}