{"国产": 6, "手机": 52, "一哥": 1, "华为": 234, "这几年": 1, "发生": 3, "翻天覆地": 1, "变化": 3, "！": 23, "业务": 66, "打破": 1, "苹果": 35, "三星": 17, "高端": 6, "市场": 22, "垄断": 1, "国内": 13, "小米": 8, "品牌": 7, "崛起": 2, "压力": 7, "应对": 3, "9": 3, "来势汹汹": 1, "终于": 4, "放出": 1, "大招": 1, "很多": 16, "用户": 6, "看完": 2, "直呼": 2, "良心": 2, "笔者": 4, "发现": 1, "vivo": 2, "iQOO": 1, "旗舰": 3, "机型": 4, "价格": 16, "很": 17, "调整": 1, "第三方": 1, "平台": 4, "荣耀": 10, "note10": 9, "降": 1, "乞丐价": 1, "6GB": 2, "+": 5, "128GB": 1, "2299": 1, "元": 32, "性价比": 2, "难怪": 1, "值得": 4, "入手": 3, "2019年": 12, "告别": 1, "刘": 1, "海屏": 1, "设计": 2, "普及": 1, "水滴屏": 2, "采用": 3, "对称式": 1, "屏占": 1, "丝毫": 1, "输": 1, "市面": 2, "符合": 1, "审美观": 1, "降至": 2, "低价": 1, "配置": 4, "诚意": 2, "该机": 1, "内存": 1, "搭载": 7, "麒麟970": 1, "处理器": 1, "5000": 1, "mAh": 1, "容量": 1, "电池": 1, "性能": 7, "依旧": 1, "强悍": 2, "三年": 3, "都": 25, "款": 30, "够用": 1, "冰点": 1, "价": 1, "不错": 4, "对比": 4, "看法": 1, "讨论": 1, "本周四": 1, "英国": 9, "国家": 4, "网络": 8, "中心": 3, "发表": 1, "份": 4, "报告": 10, "批评": 5, "软件": 5, "工程": 4, "佳": 1, "攻击": 3, "漏洞": 8, "机构": 4, "称": 3, "研究": 2, "人员": 2, "中国": 8, "政府": 6, "干预": 1, "迹象": 2, "想": 2, "办法": 1, "修复": 1, "3月": 3, "29日": 3, "发布": 9, "2018年": 25, "年度": 3, "营收": 19, "首次": 12, "突破": 8, "千亿": 8, "美元": 16, "全体": 1, "员工": 9, "凝聚力": 1, "空前": 1, "提升": 5, "朋友": 1, "朋友圈": 2, "晒出": 1, "新闻": 2, "骄傲": 1, "自豪": 1, "心情": 1, "自然而发": 1, "网友": 7, "欢呼雀跃": 1, "纷纷": 1, "点赞": 1, "面对": 4, "轮值": 4, "董事长": 4, "郭平": 11, "回应": 2, "报道": 2, "监管": 3, "合作": 2, "改善": 4, "设备": 6, "安全性": 2, "指出": 1, "承诺": 1, "五": 4, "年内": 1, "投资": 2, "20亿": 2, "时间": 4, "推移": 1, "增加": 5, "信心": 2, "优先": 1, "隐私": 3, "保护": 3, "高于": 3, "商业": 2, "目标": 4, "发布会": 4, "郭": 3, "平说": 2, "显示": 6, "产品": 22, "窃听": 1, "后门": 1, "德国": 2, "比利时": 1, "开设": 1, "测试": 1, "供": 1, "审查": 1, "官员": 1, "行业": 4, "分析师": 2, "特朗普": 1, "夸大": 1, "阻碍": 1, "竞争": 5, "对手": 3, "美国": 19, "科技": 4, "冲击": 2, "夹击": 1, "克服": 1, "困难": 3, "耀眼": 1, "成绩": 5, "开诚布公": 1, "十足": 1, "底气": 2, "来源于": 2, "世界": 6, "领先": 2, "技术": 6, "去年": 10, "赶超": 3, "公司": 28, "仅次于": 3, "全球": 15, "第二": 6, "智能": 15, "早前": 1, "超越": 4, "爱立信": 2, "第一": 8, "销售商": 1, "澳大利亚": 1, "、": 42, "日本": 1, "台湾": 1, "地区": 2, "施加": 1, "法国": 1, "欧盟": 1, "抵制": 2, "遏制": 1, "运营商": 25, "抱怨": 1, "减少": 1, "提高": 2, "推迟": 1, "推出": 1, "5G": 18, "服务": 4, "指责": 2, "满意": 1, "怒问": 1, "：": 8, "微软": 7, "先进": 2, "设备商": 1, "完善": 3, "数一数二": 1, "巨头": 6, "暴露": 1, "Windows": 1, "Office": 1, "IE": 1, "Flash": 1, "高危": 1, "频繁": 1, "曝光": 1, "黑客": 1, "利用": 2, "事件": 1, "层出不穷": 1, "全世界": 4, "带来": 2, "挑战": 8, "11月": 1, "知名": 1, "半导体": 1, "企业": 19, "合晶": 1, "位于": 1, "大陆": 1, "工厂": 2, "感染": 1, "永恒": 1, "蓝": 1, "WannaCry": 1, "勒索": 1, "病毒": 1, "全线": 1, "停工": 1, "损失": 1, "存心": 1, "挑刺": 1, "声明": 2, "未经": 1, "许可": 1, "禁止": 2, "转载": 1, "网站": 1, "零一": 1, "原创": 1, "图片": 2, "源于": 1, "侵权": 1, "请": 1, "作者": 1, "撰文": 1, "/": 4, "周路": 1, "平": 1, "郑亚红": 1, "编辑": 1, "赵": 1, "艳秋": 1, "数十": 1, "记者": 2, "聚集": 1, "深圳": 3, "总部": 1, "一个": 16, "展厅": 1, "平向": 1, "外界": 1, "公布": 5, "财报": 15, "上市": 4, "披露": 1, "传统": 2, "全年": 3, "7212亿": 3, "人民币": 9, "1052亿": 2, "历史": 3, "美金": 2, "同比": 13, "增长": 31, "19.5%": 2, "；": 8, "净利润": 4, "593亿": 2, "25.1%": 2, "这是": 9, "场": 2, "不同寻常": 1, "长": 2, "一个半": 1, "小时": 1, "问答": 1, "环节": 1, "媒体": 4, "围绕": 2, "业绩": 2, "关注": 4, "可信": 3, "外媒": 1, "发问": 1, "焦点": 2, "关系": 1, "对此": 1, "回答": 1, "毫不留情": 1, "直指": 1, "针对": 2, "做法": 1, "心态": 1, "系列": 11, "吃": 2, "难看": 1, "绅士": 1, "感到": 2, "遗憾": 1, "未来": 6, "解读": 1, "诸多": 1, "譬如": 1, "消费者": 28, "超过": 11, "悠久": 1, "收入": 24, "扛": 1, "把子": 1, "百亿": 2, "研发": 13, "投入": 7, "1000亿": 1, "占到": 1, "销售": 15, "14.1%": 1, "知识": 1, "产权": 1, "组织": 3, "数据": 8, "提交": 1, "5405": 1, "专利": 1, "申请": 1, "高通": 4, "英特尔": 1, "位居": 4, "整体": 1, "情况": 2, "围堵": 2, "太": 5, "影响": 2, "依然": 6, "速度": 1, "稳步": 2, "仔细": 1, "分析": 1, "历年": 1, "国际": 6, "不少": 2, "逾越": 1, "01": 1, "发展": 4, "走过": 1, "31": 1, "年头": 1, "一家": 6, "完完全全": 1, "toB": 1, "2011年": 1, "成立": 4, "成长": 2, "既有": 1, "B": 1, "能力": 4, "toC": 1, "名副其实": 1, "火车头": 1, "制图": 2, "张哲余": 1, "承东": 1, "2016年": 2, "豪言": 1, "三季度": 1, "出货量": 3, "年底": 1, "最终": 1, "相差": 1, "不到": 1, "300万": 1, "台": 7, "数量": 1, "排": 2, "第三": 3, "势头": 3, "销量": 3, "很快": 1, "距离": 2, "差距": 8, "从量": 1, "1亿": 1, "蒸蒸日上": 1, "反差": 1, "负增长": 3, "降幅": 1, "1.3%": 3, "2017年": 7, "初露": 1, "端倪": 1, "2.5%": 1, "低速": 1, "增长期": 1, "周期性": 1, "中兴": 5, "通讯": 2, "570亿": 1, "下降": 5, "10.5%": 1, "4G": 2, "大规模": 3, "建设": 2, "规模": 1, "商用": 6, "到来": 3, "30多": 2, "合同": 2, "出货": 2, "透露": 3, "头": 1, "30%": 3, "三": 5, "驾": 3, "马车": 3, "位数": 3, "不难": 1, "想象": 1, "驱动": 1, "表现": 3, "2018": 5, "财年": 4, "里程碑": 1, "坦承": 1, "差异": 1, "通信": 2, "领域": 7, "13": 1, "倍": 2, "努力": 3, "02": 1, "VS": 2, "六": 1, "营业": 2, "利润率": 7, "走出": 1, "条": 2, "微笑": 1, "曲线": 1, "2014年": 1, "2015年": 1, "11.9%": 1, "11.6%": 1, "下滑": 1, "9.1%": 1, "低": 3, "谷期": 1, "回升": 1, "9.3%": 1, "回到": 2, "利润": 6, "10.2%": 1, "关心": 2, "话题": 1, "衡量": 1, "竞争力": 2, "指标": 1, "余承东": 3, "初": 1, "任正非": 6, "盈利": 2, "内部": 7, "推": 1, "两三": 1, "远": 3, "内": 2, "水平": 3, "赶上": 2, "OV": 1, "担忧": 2, "不无道理": 1, "大关": 1, "高科技": 2, "毛利率": 4, "5": 4, "平均": 5, "40.86%": 1, "韩国": 2, "接近": 4, "10年": 1, "40.42%": 1, "思科": 2, "AI": 2, "财经社": 1, "统计": 1, "61.4%": 1, "65.1%": 1, "38.7%": 1, "张哲从": 1, "净": 3, "8.4%": 1, "20%": 2, "22.1%": 1, "2.17%": 1, "9.87%": 1, "粗略": 1, "各家": 1, "轻": 2, "成本": 2, "不可同日而语": 1, "大致": 1, "03": 1, "薪酬": 3, "雇员": 1, "费用": 3, "支出": 1, "总额": 1, "1465亿": 1, "总数": 3, "18.8万": 1, "算": 2, "人均": 8, "年薪": 2, "78万": 1, "吸引力": 1, "数字": 4, "同处": 1, "互联网": 4, "腾讯": 4, "相比": 4, "优势": 3, "54309": 1, "名": 3, "421.53亿": 1, "折合": 1, "77.6万": 1, "实业": 1, "产值": 6, "5万": 1, "贡献": 5, "3126亿": 1, "18万": 2, "简单": 1, "计算": 1, "得知": 1, "625万": 1, "400万": 1, "视野": 1, "放宽": 1, "2656亿": 1, "18209亿": 1, "13.2万": 1, "1379万": 1, "1103亿": 1, "7562亿": 1, "12万": 1, "630万": 1, "走": 3, "实力": 5, "效率": 6, "进一步": 3, "挖潜": 1, "空间": 1, "干": 1, "偏苦偏累": 1, "活": 1, "奋斗者": 1, "文化": 1, "项目": 3, "交付": 2, "落地": 1, "靠着": 1, "华为人": 1, "背后": 1, "付出": 1, "特性": 1, "资产": 1, "毛利": 2, "成熟": 1, "站": 2, "食物链": 1, "顶端": 1, "卖": 2, "芯片": 6, "收": 2, "专利费": 1, "超高": 1, "底子": 1, "电信": 1, "生产": 2, "回归": 1, "苦活": 1, "累活": 1, "工作": 2, "本身": 1, "意义": 2, "所有人": 1, "飘": 1, "总得": 1, "有人": 1, "建": 1, "基础": 2, "设施": 1, "04": 1, "资金": 4, "降低": 2, "应收": 1, "账款": 1, "周转": 3, "天数": 2, "70": 1, "63": 1, "7天": 1, "存货": 1, "77": 1, "71": 1, "6": 1, "意味着": 3, "占用": 1, "现金流": 1, "紧张": 1, "侧面": 3, "证实": 2, "一点": 1, "借款": 2, "长短期": 1, "总共": 1, "699亿": 1, "2017年底": 1, "399亿": 1, "75.2%": 1, "用于": 2, "保障": 1, "人工": 1, "终端": 3, "面向": 3, "创新": 1, "渠道": 1, "持续": 3, "加大": 2, "不得不": 1, "承认": 1, "管理": 8, "杰出": 1, "占": 2, "37.8%": 1, "38.92%": 1, "2016": 1, "41.14%": 1, "均": 1, "解释": 2, "多年": 1, "奉为圭臬": 1, "05": 1, "机遇": 1, "并存": 1, "2019": 2, "财报会": 1, "祸福相倚": 2, "打压": 2, "前景": 1, "接受": 2, "采访": 2, "给出": 2, "预警": 1, "也许": 2, "面临": 2, "1250亿": 1, "增速": 4, "低于": 1, "保守": 1, "估计": 1, "确实": 2, "屡次": 1, "狙击": 1, "正面": 1, "效应": 1, "不久前": 1, "BBC": 1, "本来": 1, "出名": 1, "高官": 1, "游说": 1, "告诉": 1, "‘": 1, "’": 2, "会议": 1, "一二月": 1, "感谢": 4, "到处": 2, "广告": 2, "想到": 1, "重蹈": 1, "覆辙": 1, "反而": 2, "提到": 10, "堡垒": 4, "攻破": 2, "外部": 5, "30年": 1, "高速": 1, "病": 1, "拖沓": 1, "推诿": 1, "惰怠": 1, "团结": 1, "风风雨雨": 1, "这家": 2, "隐形": 1, "提及": 1, "合规": 8, "董事会": 2, "做出": 1, "决议": 1, "初始": 1, "专项": 2, "预算": 1, "变革": 1, "标准": 1, "代码": 1, "重构": 1, "希望": 1, "这项": 2, "庞大": 2, "过程": 1, "页": 1, "谈": 1, "举措": 1, "包括": 1, "任命": 1, "首席": 1, "合规官": 2, "统一": 1, "对外": 1, "汇报": 2, "部门": 3, "子公司": 1, "设置": 1, "负责": 1, ";": 1, "贸易": 1, "贿赂": 1, "关键": 1, "实行": 1, "跨": 2, "区域": 1, "体系化": 1, "占比": 4, "提供": 1, "稳定": 1, "坚强": 1, "后盾": 1, "具备": 1, "得天独厚": 1, "全球化": 3, "多元化": 1, "各国": 1, "客户": 2, "沟通": 1, "海外": 3, "找寻": 1, "突破口": 2, "宏观": 2, "背景": 3, "快速": 3, "实属": 1, "不易": 1, "回暖": 1, "不确定性": 1, "种种": 1, "延续": 1, "年报": 7, "民营": 1, "刚刚": 2, "——": 3, "报": 1, "九": 1, "1015亿": 1, "13.2%": 1, "大概": 1, "953亿": 1, "142亿": 1, "硬件": 1, "高光": 1, "时刻": 1, "处境": 1, "旗下": 1, "项": 2, "布局": 3, "遭受": 1, "欧洲": 3, "施压": 1, "力图": 1, "排除": 2, "在外": 1, "沟通会": 1, "意味深长": 1, "干扰": 1, "改进": 1, "既定": 1, "战略": 2, "方向": 1, "档口": 1, "挺身而出": 1, "3488亿": 1, "45%": 1, "单元": 1, "火箭": 3, "年报会": 1, "早已": 1, "出海": 1, "一半": 1, "3721亿": 1, "榜首": 1, "中东": 1, "非洲": 1, "2045亿": 1, "亚太": 1, "819亿": 1, "美洲": 1, "478亿": 1, "6.6%": 1, "创造": 2, "记录": 1, "强劲": 1, "暂": 2, "未": 1, "奏效": 1, "强有力": 1, "回击": 1, "结构": 1, "俱乐部": 1, "持平": 1, "取代": 2, "744亿": 1, "23.8%": 2, "占据": 4, "2940亿": 2, "2978亿": 1, "下跌": 1, "40.8%": 2, "3489亿": 1, "45.1%": 1, "48.4%": 1, "来自于": 1, "热销": 2, "Mate20": 1, "发货量": 3, "500万": 1, "P20": 2, "开创": 1, "影像": 1, "巅峰": 1, "截至": 3, "1600万": 1, "纪录": 1, "份额": 2, "缩小": 1, "含": 2, "2.06亿": 1, "35%": 1, "PingWest": 2, "品玩": 2, "查询": 2, "IDC": 1, "14亿": 1, "14.7%": 1, "稳居": 1, "33.6%": 1, "8%": 1, "年中": 1, "厂商": 1, "2.5~2.6亿": 1, "CEO": 2, "HILINK": 1, "生态": 5, "大会": 1, "产业": 1, "即将": 1, "万物": 1, "互联": 1, "场景": 5, "智慧": 5, "生活": 2, "时代": 4, "多样": 1, "体验": 5, "入口": 2, "提出": 1, "1+8+N": 1, "智慧化": 1, "音箱": 1, "平板": 1, "PC": 1, "可穿戴": 1, "车机": 1, "AR/VR": 1, "耳机": 1, "大屏": 1, "辅入口": 1, "照明": 1, "安防": 1, "环境": 1, "泛IoT": 1, "打造": 1, "家居": 1, "车载": 1, "运动": 1, "健康": 1, "核心": 1, "延展": 1, "以此": 1, "带动": 1, "产业链": 1, "联动": 1, "期": 1, "集团": 1, "天花板": 1, "打开": 1, "可能性": 1, "100年": 1, "电力": 1, "经历": 1, "阵痛期": 1, "状况": 1, "有望": 1, "赋能": 1, "二级": 1, "2月底": 1, "签定": 1, "40000": 1, "基站": 1, "发": 1, "世界各地": 1, "预计": 3, "都会": 3, "10%": 1, "稳健": 1, "当下": 1, "经济": 1, "算是": 1, "交出": 1, "成绩单": 1, "重点": 1, "ICT": 2, "早": 2, "围剿": 1, "路上": 1, "统一战线": 1, "之上": 2, "100亿": 1, "集成": 2, "概念": 1, "解决": 2, "方案": 3, "当中": 1, "伙伴": 1, "模式": 2, "成功": 4, "开放": 2, "企业家": 1, "明年": 1, "后年": 1, "享受": 1, "提前": 1, "丰硕": 1, "果实": 1, "推动": 1, "华为云": 1, "云业务": 1, "处于": 1, "之下": 1, "上线": 2, "160": 1, "HUAWEI": 1, "CLOUD": 1, "Stack": 1, "SAP": 1, "HPC": 1, "140": 1, "硝烟": 1, "显出": 1, "疲态": 1, "副": 1, "骁勇": 1, "善战": 1, "样子": 1, "新机": 2, "P30": 10, "真的": 5, "惊艳": 1, "大呼": 1, "赶紧": 1, "黑科技": 2, "可见一斑": 1, "确确实实": 1, "iPhone": 3, "盼": 1, "至少": 2, "干掉": 1, "到底": 1, "众所周知": 1, "基于": 1, "安卓": 12, "系统": 24, "开发": 1, "自主": 3, "MIUI": 1, "OPPO": 2, "color": 1, "OS": 1, "EMUI": 1, "9.0": 1, "个性化": 1, "改造": 1, "本质": 1, "对决": 3, "缺点": 1, "卡": 1, "垃圾": 1, "越来越": 2, "清理": 2, "掉": 1, "记得": 1, "刚": 2, "面世": 1, "基本上": 2, "半": 1, "买": 5, "收获": 1, "果粉": 2, "原因": 4, "进化": 1, "安卓机": 1, "运存": 1, "寿命": 1, "渐渐": 1, "之间": 1, "想要": 2, "弥补": 1, "远远": 1, "杀手锏": 1, "操作": 9, "初步": 2, "调试": 2, "消息": 2, "计划": 1, "前不久": 1, "业内": 1, "人士": 1, "透漏": 1, "适用于": 1, "端": 1, "PC端": 1, "细节": 2, "Android": 1, "暂时": 1, "深耕": 1, "目的": 1, "替代": 1, "不至于": 1, "过于": 1, "艰难": 2, "胜算": 1, "独特": 2, "究竟": 1, "差": 2, "差华": 1, "打官司": 1, "基带": 1, "逼": 1, "无奈": 1, "Intel": 1, "自然": 1, "麒麟": 1, "不遑多让": 1, "好像": 1, "胜出": 1, "机会": 1, "忘": 1, "试图": 1, "强攻": 1, "势必": 1, "费力": 1, "讨好": 1, "做为": 1, "备选": 1, "高额": 1, "趁势": 1, "只能": 1, "吃素": 1, "资讯界": 1, "拼多多": 1, "2年": 1, "大佬": 1, "入股": 1, "举办": 1, "春季": 1, "不买账": 1, "首发": 3, "折叠": 1, "Mate": 5, "X": 1, "看似": 1, "可圈可点": 1, "实则": 1, "缺陷": 1, "理性": 1, "评论": 2, "拒绝": 1, "谩骂": 1, "类似": 1, "一概": 1, "删除": 1, "亦": 1, "争议": 2, "花": 2, "万元": 4, "P30P": 1, "RO": 1, "誉为": 1, "望远镜": 2, "摄像头": 4, "牛": 1, "带": 1, "找": 1, "定位": 1, "售价": 3, "999": 1, "欧元": 4, "P30pro": 3, "惊讶": 1, "竟然": 1, "定价": 2, "难道": 1, "要步": 1, "后尘": 1, "贵": 2, "选择": 1, "着急": 1, "下结论": 1, "值": 1, "巴黎": 1, "近来": 1, "国外": 2, "惯例": 1, "打通": 1, "奋斗": 1, "顶配": 1, "1249": 1, "相当于": 2, "当家": 1, "花旦": 1, "抢走": 1, "便宜": 1, "799": 1, "号称": 1, "顾名思义": 1, "拍摄": 2, "镜头": 4, "完美": 1, "单反": 1, "广角": 1, "长焦": 1, "变焦": 2, "高清": 1, "录像机": 1, "一对": 1, "价值": 1, "不菲": 1, "高昂": 1, "强势": 1, "跑分": 2, "王牌": 1, "P20pro": 1, "还要": 1, "几分": 2, "霸气": 1, "感受": 1, "mate20pro": 1, "炫耀": 1, "徕卡": 1, "四": 1, "摄": 1, "值得一提的是": 1, "颗": 1, "800万": 1, "像素": 1, "潜望式": 1, "光学": 1, "等效": 1, "125": 1, "表面": 1, "方形": 1, "外观": 1, "圆润": 1, "最牛": 1, "景点": 1, "拍": 2, "清晰": 1, "夜拍": 1, "出色": 1, "紧紧": 1, "抓住": 1, "多么": 1, "不仅仅": 1, "秒杀": 1, "相机": 1, "放过": 1, "这部": 1, "没钱": 2, "留言": 1, "高端机": 1, "20Pro": 3, "口碑": 1, "堆料": 1, "当之无愧": 1, "押": 1, "宝曲": 1, "面屏": 2, "路": 1, "加上": 1, "双旗舰": 1, "如今": 1, "拍照": 3, "红利": 1, "衰退": 1, "上个月": 1, "Galaxy": 2, "S10": 5, "重回": 2, "机皇": 1, "惊喜": 1, "拉": 1, "后腿": 1, "如果说": 1, "各有千秋": 1, "Pro比": 1, "不进反退": 1, "PK": 2, "站队": 1, "实体店": 1, "Pro": 2, "无与伦比": 1, "无论是": 1, "手感": 1, "屏幕": 1, "扬声器": 1, "综合": 1, "国行版": 1, "4499": 1, "起步": 1, "或者是": 1, "后续": 1, "降价": 1, "毕竟": 1, "这次": 1, "满满": 1, "接下来": 1, "MIX": 1, "4": 1, "蓝绿": 1, "Find": 1, "NEX": 1, "新品": 1, "曲": 1, "曲面屏": 1, "大众化": 1, "三分": 1, "天下": 1, "下半年": 1, "30Pro": 1, "漫长": 1, "全方位": 1}