{"参考": 1, "消息网": 1, "8月": 5, "23日": 1, "报道": 8, "日媒": 1, "称": 4, "美国": 9, "针对": 1, "中国": 1, "华为": 18, "技术": 4, "尖端": 2, "研发": 12, "制裁": 5, "分析": 1, "美国商务部": 2, "19日": 2, "公布": 2, "公司": 1, "实施": 1, "禁运": 6, "措施": 8, "对象": 5, "发现": 1, "至少": 2, "包括": 4, "11": 2, "中心": 8, "占": 1, "总数": 1, "两成": 1, "政府": 2, "此前": 1, "生产": 1, "销售": 1, "上游": 1, "源头": 1, "意在": 1, "削弱": 2, "5G": 3, "领域": 3, "创新": 2, "日本": 2, "经济": 1, "新闻": 1, "22日": 1, "5月": 1, "发布": 1, "第一": 2, "轮": 4, "第二": 2, "本体": 1, "68": 1, "相关": 2, "企业": 5, "1": 1, "视为": 1, "列入": 3, "46": 1, "负责": 3, "组织": 1, "全球": 5, "开设": 1, "超过": 1, "14": 1, "36": 1, "座": 1, "这次": 1, "名单": 1, "机构": 2, "北京": 1, "成都": 1, "、": 1, "杭州": 1, "西安": 1, "研究所": 3, "海外": 1, "意大利": 1, "米兰": 1, "英国": 1, "研究": 1, "通信": 4, "设备": 1, "微波": 1, "后者": 1, "开发": 1, "用于": 1, "半导体": 2, "加工": 1, "光电": 1, "原则": 1, "禁止": 3, "交易": 2, "利用": 1, "软件": 2, "零部件": 1, "分析师": 1, "指出": 2, "此举": 1, "打击面": 1, "规避": 1, "能力": 2, "下降": 1, "介绍": 1, "众多": 1, "推进": 1, "提高": 1, "竞争力": 1, "销售额": 1, "研发费": 5, "2018年": 2, "高达": 1, "1015亿": 1, "元": 1, "人民币": 1, "19万": 1, "名": 1, "员工": 1, "四成": 2, "参与": 1, "活动": 1, "欧盟": 1, "欧洲": 1, "委员会": 1, "汇总": 1, "排行榜": 1, "显示": 1, "仅次于": 1, "韩国": 1, "三星": 1, "电子": 1, "谷歌": 1, "母公司": 1, "字母表": 1, "位居": 2, "第五": 1, "丰田": 1, "汽车": 1, "第十二": 1, "威胁": 1, "保障": 1, "为由": 1, "13日": 1, "采购": 2, "产品": 2, "本国": 1, "市场": 1, "排除": 1, "呼吁": 1, "世界": 1, "各国": 1, "产业": 1, "领头羊": 1, "有意": 1, "资料": 1, "图片": 1, "路透社": 1}