{"外媒": 4, "PhoneArena": 1, "消息": 9, "报道": 4, "华为": 121, "Mate": 17, "30": 9, "Pro": 10, "发布": 11, "时间": 8, "9月": 4, "2日": 1, "发布会": 2, "临近": 1, "曝光": 7, "瀑布屏": 4, "想要": 1, "围观": 1, "小伙伴": 1, "赶紧": 1, "上车": 1, "！": 4, "算算": 1, "准确": 1, "一个": 15, "新机": 4, "想想": 1, "激动": 1, "称": 4, "此前": 2, "屏幕": 7, "设计": 25, "都": 17, "采用": 10, "升降式": 2, "摄像": 2, "结构": 2, "打造": 3, "主流": 1, "屏": 3, "效果": 5, "渲染图": 1, "刘": 1, "海屏": 1, "两侧": 1, "弧度": 1, "很": 10, "前阵子": 2, "轰动": 1, "业内": 2, "人士": 1, "专业": 7, "自主": 1, "研发": 1, "Air": 1, "Glass": 3, "审批": 1, "这样一来": 2, "真实性": 1, "可靠": 1, "国外": 1, "科技": 12, "巨头": 1, "联名": 1, "打压": 1, "解读": 1, "真的": 2, "坑怕": 1, "导致": 1, "自研": 1, "产品": 15, "寄居人": 1, "这块": 1, "性能": 4, "相关": 4, "透漏": 1, "拥有": 1, "2K": 1, "分辨率": 1, "大小": 1, "6.7": 1, "英寸": 2, "前代": 2, "相比": 3, "视觉": 5, "质": 1, "提升": 11, "外观": 1, "最新": 1, "摄像头": 5, "吸引": 1, "地方": 3, "指出": 2, "背板": 1, "九": 2, "层": 2, "极光": 2, "渐变": 1, "工艺": 3, "搭载": 9, "一块": 2, "玻璃": 1, "材质": 1, "后盖": 1, "配色": 1, "惊艳": 1, "格调": 1, "面目": 1, "登场": 1, "目的": 1, "整体": 3, "造型": 1, "、": 91, "风格": 4, "带来": 12, "反响": 1, "价格": 7, "劲": 1, "拭目以待": 2, "PS": 1, "：": 24, "文": 1, "图片": 1, "来源": 3, "网络": 6, "8月": 9, "19日": 5, "概念股": 1, "全线": 1, "飘红": 1, "截至": 2, "发稿": 1, "银宝山": 1, "城市": 7, "卓翼": 1, "逾": 1, "10": 22, "股": 3, "涨停": 1, "京泉": 1, "华": 1, "深圳": 3, "华强": 1, "个股": 1, "纷纷": 1, "大幅": 3, "拉升": 1, "全球": 9, "市场": 11, "调研": 1, "机构": 9, "IHS": 1, "Markit": 1, "日前": 1, "数据": 9, "显示": 4, "2019年": 6, "第二": 5, "季度": 2, "中国": 10, "手机": 42, "18%": 1, "份额": 4, "占据": 2, "智能": 27, "名": 2, "品牌": 3, "OPPO": 1, "超过": 9, "美国": 3, "苹果": 6, "位居": 1, "第三": 3, "42%": 1, "展现": 1, "强劲": 1, "竞争力": 1, "16日": 1, "国内": 4, "首款": 3, "5G": 19, "X": 6, "5G版": 1, "正式": 5, "发售": 3, "售价": 1, "6199": 1, "元": 4, "开卖": 1, "旗舰": 4, "麒麟980": 1, "+": 8, "巴龙": 1, "5000": 1, "7nm": 1, "芯片": 4, "模组": 2, "支持": 13, "三大": 1, "运营商": 1, "频段": 4, "包括": 3, "N41": 1, "N79": 1, "联通": 1, "N78": 2, "电信": 1, "官方": 3, "文章": 2, "15日": 1, "中午": 1, "12点": 1, "(": 1, ")": 1, "预约量": 1, "突破": 2, "100万": 1, "央视": 1, "财经": 1, "政府": 1, "放开": 1, "供货": 1, "封杀": 1, "盟国": 1, "施压": 1, "排除": 1, "建设": 1, "攻势": 1, "依然": 1, "展开": 1, "关键": 3, "时刻": 3, "创始人": 1, "任正非": 6, "接受": 1, "英国": 2, "媒体": 4, "专访": 2, "不在乎": 1, "国家": 1, "买": 3, "卖": 1, "供应": 1, "货物": 1, "开玩笑": 1, "调侃": 1, "曝光度": 1, "空间": 3, "拜特朗普": 1, "赐": 1, "特朗普": 1, "宣传": 1, "全世界": 1, "人民": 1, "厉害": 1, "明年": 3, "迎来": 3, "大规模": 2, "机潮": 2, "国泰君安": 2, "证券": 3, "研究": 8, "Mate20": 1, "开售": 1, "电子": 5, "团队": 3, "测算": 1, "出货量": 5, "2亿": 1, "本身": 3, "渗透率": 1, "轮换机": 1, "热潮": 1, "业绩": 1, "弹性": 1, "未必": 1, "厂商": 2, "产业链": 4, "核心": 1, "元器件": 3, "提供商": 1, "民生": 1, "三季度": 1, "密集": 1, "出售": 1, "下半年": 4, "旧机": 1, "并行": 1, "4G": 2, "降价": 1, "加速": 1, "去库存": 1, "阶段": 1, "LCP": 2, "天线": 2, "FPC": 2, "电磁": 1, "屏蔽": 1, "电池": 5, "被动": 2, "散热": 2, "器件": 1, "采用量": 1, "总体": 1, "利好": 1, "上游": 1, "消费": 1, "重点": 1, "推荐": 1, "立讯": 1, "精密": 2, "飞荣达": 1, "欣旺达": 1, "景旺": 1, "；": 7, "建议": 3, "关注": 4, "鹏鼎": 1, "控股": 1, "顺络": 1, "天风": 1, "板块": 1, "强于": 1, "大市": 1, "评级": 1, "看好": 1, "鸿蒙": 4, "科创板": 1, "催化": 1, "成长股": 1, "估值": 1, "重构": 1, "国产": 3, "替代": 2, "用友": 1, "长亮": 1, "金蝶": 1, "国际": 2, "远光": 1, "软件": 4, "金山": 1, "办公": 3, "万兴": 1, "中孚": 1, "信息": 1, "润": 1, "诚迈": 1, "[PConline": 2, "开发者": 10, "大会": 6, "科技圈": 1, "年度": 1, "盛事": 1, "3": 1, "围绕": 2, "Rethink": 1, "Possibilities": 1, "主题": 4, "分布式": 3, "技术": 4, "全球化": 1, "生态": 7, "发展": 4, "话题": 1, "探讨": 2, "未来": 12, "场景": 12, "智慧": 3, "希望": 7, "极致": 2, "体验": 14, "带给": 2, "消费者": 16, "公布": 1, "全新": 5, "基于": 5, "微内核": 1, "面向": 1, "操作": 5, "系统": 11, "OS": 4, "穿戴": 6, "运动": 16, "健康": 19, "业务": 4, "截止到": 2, "7月份": 2, "手表": 31, "手环": 11, "1000万": 3, "支": 3, "期间": 3, "产品线": 1, "总裁": 2, "张炜": 1, "介绍": 3, "采访": 1, "回答": 1, "疑问": 1, "透露": 2, "公司": 7, "规划": 1, "Hihealth": 5, "2.0": 8, "设备商": 2, "连接": 2, "服务": 12, "灵活": 2, "接入": 7, "方式": 2, "HiHealth": 5, "1.0": 4, "开放": 7, "能力": 20, "基础": 2, "平台": 6, "增加": 5, "模型": 2, "血氧": 1, "算法": 2, "类型": 1, "篮球": 4, "铁人": 1, "三": 3, "项": 1, "云端": 1, "API": 2, "JS": 1, "APP": 3, "端侧": 1, "选择": 2, "安卓": 2, "保证": 2, "享受": 3, "合作": 9, "伙伴": 4, "借助": 1, "提供": 4, "优质": 2, "硬件": 6, "室内": 1, "健身": 3, "设备": 7, "联动": 1, "增强": 2, "医疗": 5, "效率": 2, "用户": 16, "隐私": 3, "至上": 1, "遵循": 1, "法律": 1, "包含": 1, "欧盟": 2, "GDPR": 1, "参考": 1, "GAPP": 1, "业界": 1, "优秀": 1, "实践": 1, "传输": 2, "存储": 2, "加密": 1, "全方位": 1, "保障": 2, "进来": 1, "形式": 3, "呈现": 3, "这是": 4, "区别": 1, "整合": 2, "闭环": 2, "建立": 1, "繁荣": 1, "很多": 7, "底层": 1, "传感器": 3, "最终": 3, "价值": 5, "创造": 2, "扩展": 1, "感到": 2, "放心": 1, "持续": 4, "监控": 1, "各行各业": 1, "创新": 3, "大众": 1, "实时": 1, "便捷": 1, "交互": 5, "保险": 1, "汽车": 1, "教育": 1, "行业": 4, "管理": 1, "赋能": 1, "升级": 8, "2020年": 2, "计划": 2, "新品": 1, "长续航": 4, "Watch": 1, "GT": 4, "2018年": 3, "秋季": 1, "推出": 9, "款": 12, "想": 2, "尝试": 1, "方向": 4, "传统": 6, "续航": 2, "痛点": 1, "架构": 1, "功能": 14, "将来": 1, "亮相": 1, "长": 1, "基因": 1, "期待": 1, "HUAWEI": 3, "WATCH": 3, "系列": 8, "做好": 1, "留在": 1, "惊喜": 3, "大地": 1, "超出": 1, "第一": 3, "多种": 2, "形态": 2, "体验区": 3, "展示": 2, "跑步机": 1, "AR": 4, "VR": 8, "专区": 2, "战略": 3, "1+8+N": 3, "环": 1, "革命": 1, "怀表": 1, "机械": 2, "腕表": 2, "石英表": 2, "增长": 3, "快": 2, "用户群": 1, "加持": 1, "解决": 4, "传统表": 1, "配饰": 1, "属性": 1, "体现": 1, "人体": 3, "发挥": 1, "之间": 1, "联接": 1, "早期": 3, "疾病": 4, "筛查": 4, "五大": 1, "出行": 2, "语音": 1, "娱乐": 1, "发生": 2, "关联": 2, "方方面面": 1, "量级": 1, "301": 6, "初次": 1, "找到": 1, "结合点": 1, "心血管": 2, "慢性病": 1, "排名": 1, "危害": 1, "太": 4, "重视": 1, "影响": 1, "医院": 7, "难": 1, "采集": 1, "24": 1, "小时": 2, "心率": 1, "监测": 2, "院外": 1, "配合": 3, "心脏": 3, "项目": 6, "七月": 1, "注册": 1, "34万": 1, "高风险": 1, "600": 1, "回访": 1, "加上": 1, "确诊": 1, "300多": 1, "患者": 1, "发现": 1, "进展": 1, "收到": 1, "欧洲": 2, "心脏病": 1, "学会": 1, "邀请": 1, "分享": 1, "成果": 1, "学术": 1, "会议": 1, "预计": 4, "月底": 1, "参加": 1, "更多": 2, "比如说": 1, "呼吸": 2, "内分泌": 1, "贡献": 1, "6月份": 1, "新闻稿": 1, "200万": 1, "发货": 1, "数值": 1, "很快": 2, "300万": 1, "销量": 2, "新一代": 1, "充满": 1, "信心": 1, "程度": 2, "女性": 2, "型号": 1, "款式": 1, "腕带": 1, "硅胶": 1, "氟": 1, "橡胶": 1, "金属": 1, "编织": 1, "环保": 1, "亲肤": 1, "材料": 1, "推": 1, "佩戴": 3, "越来越": 2, "GfK": 1, "报告": 1, "33%": 1, "进一步": 3, "努力": 1, "提高": 1, "恰逢": 1, "8月底": 2, "世界杯": 1, "爱好者": 1, "4e": 1, "手上": 1, "鞋": 1, "记录": 1, "动作": 3, "参数": 2, "评估": 1, "稍后": 1, "表盘": 12, "免费": 2, "付费": 2, "运营": 3, "收益": 2, "专题": 1, "分论坛": 2, "现场": 1, "开发": 3, "下载": 2, "安装": 2, "第三方": 2, "设计师": 1, "打开": 2, "入口": 1, "确实": 2, "喜爱": 1, "东西": 1, "停留": 1, "感": 2, "兴趣": 1, "资讯": 2, "Android": 6, "Enterprise": 3, "声称": 1, "中档": 1, "Y9": 4, "新款": 1, "Y9s": 6, "数据库": 2, "可知": 1, "工作": 2, "用机": 1, "投放": 1, "比起": 1, "3GB": 1, "内存": 3, "64GB": 1, "闪存": 1, "正面": 1, "完整": 1, "6.5": 1, "前置": 3, "位置": 1, "推测": 1, "运行": 2, "9": 3, "指纹": 1, "解锁": 3, "未": 1, "知华": 1, "处理器": 5, "麒麟710": 1, "Honor": 1, "麒麟810": 1, "印度": 2, "Prime": 2, "2019手机": 1, "配置": 1, "2019": 2, "弹出式": 1, "后置": 1, "摄": 1, "麒麟": 2, "710F": 1, "4000": 1, "mAh": 2, "4GB": 1, "128GB": 2, "版本": 7, "手售价": 1, "15990": 1, "卢比": 1, "人民币": 1, "1597": 1, "现如今": 1, "布局": 2, "Mate30Pro": 11, "不错": 1, "确认": 2, "感人": 2, "近日": 1, "网友": 2, "地铁": 6, "见到": 1, "真机": 1, "曲面": 1, "称之为": 1, "背部": 1, "圆形": 2, "颜值": 2, "据说": 2, "拍照": 3, "索尼": 1, "定制": 2, "4000万": 2, "800万": 1, "TOF": 1, "水准": 1, "大幅度": 1, "麒麟985": 1, "对比": 1, "980": 1, "30%": 1, "诟病": 1, "8GB": 1, "起步": 1, "储存": 1, "组合": 1, "EMUI10": 7, "细节": 2, "依旧": 1, "4200": 1, "55W": 1, "快充": 5, "具备": 1, "30W": 1, "无线": 2, "标准": 1, "25": 1, "W无线": 1, "反向": 1, "充电": 2, "值得一提的是": 1, "定价": 3, "便宜": 1, "放话": 1, "追求": 3, "利润": 1, "学习": 1, "将要": 1, "5688": 1, "推向": 1, "昂贵": 1, "定位": 1, "看法": 3, "讨论": 1, "年前": 1, "UI": 5, "思路": 1, "亦步": 1, "亦": 1, "趋效": 1, "仿": 1, "iOS": 3, "7": 1, "引领": 2, "爱上": 1, "扁平化": 2, "UI风": 1, "8": 2, "新三年": 1, "旧": 1, "三年": 2, "缝缝补补": 1, "iPhone": 1, "可用": 1, "不思进取": 1, "形容": 1, "更新": 2, "态度": 1, "挤": 1, "牙膏": 1, "相比之下": 1, "EMUI": 33, "演进": 1, "每每": 1, "刷": 1, "新人们": 1, "美学": 5, "认知": 1, "9日": 1, "众多": 1, "关注者": 1, "震撼": 1, "下一代": 2, "首发": 2, "据悉": 1, "日活": 1, "5亿": 1, "1.5亿": 1, "引入": 2, "莫兰迪色": 2, "释放": 1, "轻": 1, "美": 4, "时尚": 4, "风": 2, "抗拒": 1, "这次": 2, "莫兰迪色系": 2, "美学风": 1, "莫兰迪": 1, "意大利": 1, "著名": 1, "画家": 1, "用色": 1, "原则": 1, "色彩": 8, "高级": 2, "灰": 2, "颜色": 5, "平和": 2, "自然": 3, "优雅": 1, "细致": 1, "低调": 1, "高级感": 1, "品质": 1, "艳丽": 1, "寡淡": 1, "隐隐": 1, "透出": 1, "ins风": 1, "刻意": 1, "小清新": 1, "感觉": 2, "美观": 3, "简洁": 2, "年轻化": 2, "保留": 2, "丝": 1, "沉稳": 1, "图标": 5, "形状": 1, "轮廓": 1, "均": 4, "黄金": 1, "比例": 1, "整理": 1, "和谐": 1, "绘制": 2, "更为": 4, "直观": 1, "感受": 2, "符合": 2, "当下": 2, "审美": 3, "潮流": 3, "第一眼": 1, "调配": 1, "精致": 1, "增添": 2, "不少": 2, "靓丽": 1, "元素": 5, "感观": 1, "细腻": 1, "吸引力": 1, "过人": 1, "进化": 1, "深色": 5, "模式": 12, "年轻人": 2, "护眼": 1, "福音": 2, "生活": 1, "节奏": 1, "变快": 1, "安静": 1, "时光": 1, "睡前": 1, "晚上": 1, "躺": 1, "床": 1, "早已": 1, "深夜": 1, "标配": 1, "此次": 1, "夜间": 2, "阅读": 3, "党": 1, "显而易见": 1, "优势": 3, "在于": 1, "——": 1, "环境": 1, "文字": 1, "优化": 1, "值得": 1, "简单": 3, "反转": 1, "比度": 1, "色阶": 1, "调试": 2, "最佳": 1, "方案": 2, "确保": 1, "眼": 1, "观看": 1, "一致性": 1, "舒适性": 1, "易读性": 1, "杂志化": 2, "排版": 1, "大口": 1, "页面": 4, "潜移默化": 1, "养成": 1, "浏览": 1, "习惯": 1, "联系人": 1, "设置": 1, "标题": 2, "区域": 1, "留白区": 1, "界面": 4, "充足": 1, "留白": 2, "呼吸感": 1, "翻": 1, "杂志": 3, "愉悦": 1, "多彩AOD": 1, "Always": 1, "On": 1, "Display": 1, "默认": 1, "AOD": 1, "变换": 1, "灵感": 2, "来源于": 1, "天空": 2, "变化": 2, "清晨": 1, "阳光": 2, "初": 1, "清冷": 1, "正午": 1, "头顶": 1, "直射": 1, "暖洋洋": 1, "日转": 1, "西头": 1, "夜晚": 1, "霓虹光": 1, "映衬": 1, "出藏": 1, "青色": 1, "某种": 1, "生命": 1, "知阴": 1, "晴": 1, "冷暖": 1, "懂": 1, "日升月落": 1, "代表": 1, "意义": 1, "节点": 1, "合适": 1, "眼前": 1, "这一切": 1, "自动化": 1, "人工": 1, "进化史": 1, "轨迹": 1, "事实上": 1, "最为": 1, "埋下": 1, "伏笔": 1, "9.0": 2, "作出": 1, "循序渐进": 1, "MUI": 1, "1.0：Emotion": 1, "首次": 3, "更迭": 1, "桌面": 1, "主菜单": 1, "合二为一": 1, "减少": 1, "多余": 1, "步骤": 3, "承载": 1, "内容": 1, "锁屏": 1, "随时": 1, "自动": 1, "切换": 1, "每次": 1, "3.0": 1, "颠覆": 1, "以往": 3, "线圈": 1, "简约": 1, "明朗": 1, "高效": 1, "4.0": 1, "相机": 4, "ISO": 1, "白": 1, "平衡": 1, "对焦": 1, "影像": 1, "进阶": 1, "开启": 2, "摄影": 1, "时代": 4, "5.0": 1, "F2FS": 1, "文件": 1, "流畅度": 1, "20%": 1, "卡顿": 1, "8.0": 1, "芯": 1, "质变": 2, "情景": 1, "电脑": 1, "8.1": 1, "960": 1, "帧": 1, "超级": 1, "视频": 2, "录制": 1, "精彩": 1, "世界": 1, "寻找": 1, "山岳": 1, "冰川": 1, "融入": 2, "音效": 1, "身临其境": 1, "量变": 1, "来自于": 1, "革新性": 1, "思考": 1, "积累": 1, "结语": 1, "不止": 2, "初见": 2, "slogan": 1, "表达": 1, "经典": 2, "汲取": 1, "融为一体": 1, "当中": 1, "全场": 1, "景音": 1, "通话": 1, "跨终端": 1, "协同": 1, "车载": 1, "场景化": 1, "堪称": 1, "终端": 3, "发展史": 1, "里程碑": 1, "碰撞": 1, "绚烂": 1, "火花": 1, "Techweb": 1, "作者": 1, "Suky": 1, "金融界": 1, "网站": 1, "14日": 1, "EUIPO": 1, "知识": 2, "产权局": 2, "IPO": 1, "申请": 1, "商标": 1, "名称": 1, "附有": 1, "眼镜": 6, "3D": 1, "太阳镜": 1, "猜测": 1, "AR/VR": 2, "即将": 2, "MWC19": 1, "上海": 1, "何刚": 1, "峰会": 1, "发表": 1, "演讲": 1, "提及": 1, "颠覆式": 1, "软硬件": 2, "伴随": 1, "有望": 1, "受益": 1, "上市": 1, "歌尔": 1, "股份": 1, "参与": 3, "整机": 1, "制造": 1, "客户": 2, "零组件": 1, "佳创": 2, "视讯": 1, "企业": 1, "经销商": 1, "侧重": 1, "云平台": 1, "层面": 1, "集成": 1, "海思": 1, "星星": 1, "间接": 1, "往来": 1, "现有": 1, "9号": 1, "Slogan": 1, "上都": 1, "改进": 1, "小编": 1, "带": 1, "杂志风": 1, "直白": 1, "讲": 1, "淡淡": 1, "暗黑": 2, "朋友": 1, "EMUI9": 1, "OLED": 1, "机型": 3, "深色省": 1, "电": 1, "皮肤": 1, "Q": 1, "深度": 1, "Q上": 1, "全局": 1, "意味着": 1, "适配": 1, "第4": 1, "息屏": 1, "不再": 1, "单单": 1, "电量": 1, "有趣": 1, "动画": 1, "地球": 1, "宇航员": 1, "鸟": 1, "羽毛": 1, "玩性": 1, "改变": 1, "挺": 1, "有别于": 1, "感叹": 1, "终于": 1, "喜欢": 1, "篇": 1, "获取": 1, "记得": 1, "点赞": 1, "摘要": 1, "竞争": 1, "激烈": 1, "机器": 1, "例外": 1, "实力": 1, "话语权": 1, "余承东": 2, "做出": 1, "Mate30pro": 3, "氙气": 1, "闪光灯": 1, "亮点": 2, "良心": 1, "大气": 1, "高端": 1, "苛刻": 1, "机皇": 1, "经理": 1, "王成录": 1, "爆料": 1, "Mate30": 3, "传闻": 1, "神秘": 1, "悬念": 1, "外国": 1, "3d": 1, "人脸": 1, "识别": 1, "COF": 1, "瀑布": 1, "刘海": 1, "冲击感": 1, "溅镀膜": 1, "变色": 1, "后壳": 1, "IP": 1, "68": 1, "级别": 1, "防水": 1, "6": 1, "米": 1, "水中": 1, "存活": 1, "类似于": 1, "Lumia": 1, "1020": 1, "行内": 1, "顶级": 1, "水平": 1, "挑剔": 1, "麒麟990": 1, "跳": 1, "985": 1, "做法": 1, "捉摸不透": 1, "SOC": 1, "百分之30": 1, "4310": 1, "毫安": 1, "40万": 1, "30万": 1, "忽略": 1, "延续": 1, "满满": 1, "标杆": 1, "所有人": 1, "看齐": 1, "预测": 1, "128G": 1, "6388": 1, "诱人": 1, "对此": 1, "CNMO": 1, "新闻": 1, "2016年": 1, "Pay": 9, "不知不觉": 1, "周年": 1, "马上": 1, "就要": 1, "到来": 1, "为此": 1, "1": 4, "钱": 2, "坐": 4, "公交": 5, "福利": 1, "北京": 2, "杭州": 3, "20多": 1, "乘坐": 2, "优惠": 3, "闪付": 2, "最低": 1, "活动": 7, "银联": 1, "一分钱": 1, "乘车": 3, "5折": 1, "名额": 1, "有限": 1, "用完": 1, "即止": 1, "绑定": 1, "62": 1, "开头": 1, "银联卡": 1, "前往": 1, "查看": 1, "详情": 1, "钱/5": 2, "折": 2, "天津": 1, "郑州": 1, "兰州": 2, "重庆": 1, "江阴": 1, "连云港": 1, "梧州": 1, "抚州": 1, "济南": 1, "寿光": 1, "桂林": 1, "温州": 1, "衡水": 1, "南昌": 1, "南宁": 1, "合肥": 1, "省去": 2, "麻烦": 2, "开通": 2, "排队": 1, "票": 1, "钱包": 1, "点击": 1, "银行卡": 3, "banner图": 1, "添加": 2, "提示": 1, "成功": 1, "即可": 1, "列表": 1, "上图": 1}