{"一个": 52, "企业": 40, "市场": 13, "口碑": 2, "消费者": 3, "好评": 1, "抨击者": 1, "恨不得": 1, "骂": 1, "狗血淋头": 1, "；": 10, "提升": 1, "形象": 3, "不惜": 1, "攻击": 1, "竞争": 6, "对手": 5, "博眼球": 1, "拉拢": 1, "客户": 11, "比如说": 1, "华为": 252, "小米": 2, "粉丝": 1, "始终": 1, "互撕": 1, "动用": 2, "雷军": 1, "、": 96, "卢": 1, "伟冰": 1, "重量级": 1, "人物": 3, "抓住": 1, "公开": 2, "场合": 2, "抨击": 1, "时不时": 1, "反击": 1, "几下": 1, "维护": 1, "任正非": 59, "竟然": 1, "希望": 9, "黑": 6, "这是": 11, "葫芦": 1, "卖": 4, "药": 1, "12月": 3, "11日": 3, "接受": 2, "西方": 1, "媒体": 7, "世界报": 3, "采访": 8, "段": 5, "时间": 17, "红得发紫": 6, "黑华": 1, "颜色": 5, "变得": 1, "灰一点": 1, "本身": 3, "灰色": 3, "红": 4, "发紫": 1, "记者": 10, "问及": 1, "中国": 66, "网络": 11, "批评": 2, "声音": 2, "想": 23, "对此": 3, "看法": 6, "表达": 2, "语言": 1, "生动": 1, "巧妙": 1, "回答": 2, "的确": 1, "去年": 1, "公司": 28, "互联网": 5, "流量": 1, "大咖": 1, "网红": 1, "代表": 2, "身扛": 1, "高科技": 3, "美国": 74, "政府": 18, "抗衡": 1, "否认": 1, "危机重重": 1, "对外": 1, "：": 86, "高管": 3, "女儿": 4, "孟晚舟": 3, "加拿大": 5, "违法": 1, "拘捕": 1, "国家": 48, "机器": 1, "制裁": 7, "别有用心": 1, "野蛮人": 1, "控制": 6, "舆论": 2, "黑化": 2, "事情": 4, "都": 32, "回归于": 1, "稳定": 1, "局势": 1, "消息": 3, "进一步": 1, "核武器": 1, "即将": 2, "列入": 3, "定制": 1, "国民": 3, "清单": 17, "内容": 2, "包括": 6, "冻结": 1, "美": 6, "资产": 1, "禁止": 4, "美元": 8, "结算": 1, "供货": 2, "对内": 1, "外人": 1, "团结": 1, "效率": 3, "内部": 4, "管理": 7, "很多": 27, "全球": 13, "拥有": 6, "20万": 1, "员工": 7, "庞大": 2, "体量": 1, "件": 2, "困难": 2, "工作": 3, "积极性": 1, "绩效": 1, "腐败": 2, "李洪元": 1, "事件": 3, "印证": 1, "抛去": 1, "浮躁": 1, "安心": 1, "沉淀": 1, "做好": 3, "项": 2, "低调": 2, "确实": 3, "捧": 1, "太": 5, "人怕出名猪怕壮": 1, "回归": 1, "行事": 1, "道路": 2, "图片": 1, "来源": 2, "心声": 2, "社区": 2, "钛": 2, "今日": 1, "发布": 2, "创始人": 3, "深圳": 2, "拉美": 19, "西班牙": 46, "国": 4, "纪要": 2, "称": 2, "判断": 2, "一家": 11, "做事": 2, "上市": 28, "打趣": 1, "打压": 2, "动力": 5, "本来": 2, "退休": 2, "留下": 4, "公共关系部": 2, "打工": 2, "谈": 1, "贸易": 6, "摩擦": 2, "分裂": 5, "科技": 13, "世界": 25, "信息": 7, "时代": 9, "数字": 16, "墙": 3, "挡": 2, "不住": 2, "全世界": 8, "领先": 5, "退出": 2, "地区": 13, "替代者": 2, "损失": 3, "同意": 2, "实体": 13, "延期": 4, "影响": 17, "离开": 2, "供给": 2, "独立": 9, "提供": 7, "服务": 9, "依然": 3, "拥抱": 5, "合作": 17, "供应": 4, "器件": 2, "大规模": 8, "采用": 7, "自立": 2, "长远": 2, "方针": 2, "坚定不移": 3, "全球化": 2, "支持": 15, "拉丁美洲": 17, "5G": 38, "建设": 3, "战略": 5, "改变": 8, "介绍": 1, "建成": 2, "欧洲": 8, "Telefonica": 4, "发展": 48, "解决": 7, "之间": 12, "关系": 20, "信任": 6, "很": 26, "没有用": 2, "垮": 2, "认同": 2, "打累": 2, "近期": 2, "国内": 3, "场": 3, "质疑": 2, "变灰": 2, "恢复": 3, "本色": 4, "社会": 13, "实际上": 4, "矛盾": 3, "重重": 2, "编辑": 1, "刘萌萌": 1, "整理": 3, "全文": 1, "1": 1, "阿贝赛报": 4, "感谢": 4, "第一": 14, "外界": 1, "澄清华": 1, "干涉": 1, "可不可以": 1, "办法": 3, "确保": 1, "华尔街": 1, "崩溃": 1, "垮掉": 1, "生长": 1, "土地": 3, "遵守": 3, "法律": 9, "业务": 10, "所在国": 1, "致力于": 1, "各国": 4, "国际法": 1, "基础": 8, "运营": 2, "第二": 10, "共产党": 1, "保障": 2, "经营权": 1, "所有权": 1, "边界": 1, "阿根廷": 36, "号角报": 2, "来自于": 6, "提问": 2, "国情": 2, "海外": 3, "分公司": 1, "当中": 3, "选择": 8, "制度": 1, "试点": 7, "经历": 1, "金融": 4, "动荡": 1, "货币": 2, "贬值": 1, "通胀": 1, "合同": 2, "代表处": 2, "审结": 1, "大区": 2, "前任": 2, "总裁": 2, "继任": 1, "建议": 2, "时期": 1, "面临": 4, "挑战": 4, "经济": 10, "环境": 5, "检验": 1, "改革": 3, "成功": 4, "说服力": 1, "往前": 1, "二十多": 1, "推广": 1, "经验": 1, "偏好": 1, "喜欢": 2, "踢踏舞": 1, "牛肉": 3, "烤肉": 1, "好吃": 1, "借机": 1, "吃": 2, "顿": 1, "未来": 10, "在于": 4, "开放": 2, "大豆": 1, "……": 8, "东西": 2, "加大": 2, "出售": 1, "参观": 2, "私人": 2, "农场": 4, "回国": 2, "推荐": 1, "方法": 4, "牛": 5, "牧民": 1, "农场主": 1, "科学": 1, "研究": 8, "家里": 1, "实验室": 1, "胚胎": 1, "基因": 1, "牧业": 1, "现代化": 1, "农村": 2, "还要": 1, "产业": 10, "升级": 2, "农业": 4, "科研": 1, "机构": 4, "值得": 2, "学习": 5, "处在": 2, "角": 1, "地缘": 3, "中心": 4, "发生": 2, "战争": 3, "安然无恙": 1, "财富": 7, "投资": 6, "用于": 2, "教育": 5, "医疗": 1, "大战": 1, "作出": 1, "贡献": 3, "几千万": 1, "法西斯": 1, "战士": 1, "穿着": 1, "羊毛": 1, "编织": 1, "大衣": 1, "打赢": 1, "四十": 1, "年代": 2, "末期": 1, "五十": 1, "初期": 2, "居于": 1, "富裕": 2, "水平": 2, "前列": 1, "重现": 1, "繁荣": 2, "3": 1, "埃菲": 4, "通讯社": 4, "下午": 1, "抽": 1, "接待": 2, "美好": 1, "印象": 1, "运营商": 8, "设备": 14, "签订": 3, "沃达丰": 1, "国防部": 3, "办公": 2, "区域": 2, "意味着": 3, "公共": 2, "一点": 4, "降低": 1, "原因": 4, "否决": 1, "收到": 1, "类似": 1, "通知": 2, "高标准": 1, "推动": 2, "航海": 1, "发现": 2, "新大陆": 1, "地球": 1, "东半球": 2, "西半球": 2, "葡萄牙": 1, "瓜分": 1, "画": 1, "条": 2, "子午线": 1, "分为": 1, "学": 2, "大国": 1, "崛起": 3, "历史": 4, "开辟": 1, "航线": 1, "乘着": 1, "木帆船": 1, "走向": 1, "亚洲": 4, "海路": 1, "总共": 1, "沉没": 2, "350万": 1, "艘": 1, "船": 4, "大一": 2, "奋斗": 3, "精神": 1, "大胆": 2, "当代": 1, "轻易": 3, "文明": 3, "带给": 2, "人类": 2, "带来": 2, "支撑": 2, "人工": 27, "智能": 28, "远": 3, "距离": 2, "操作": 2, "矿山": 2, "/": 2, "港口": 1, "猪肉": 1, "出口": 2, "改善": 1, "发达": 2, "消耗": 1, "物资": 2, "回报": 1, "逆差": 1, "巴塞罗那": 1, "参加": 2, "大会": 1, "活动": 2, "高迪": 2, "马路": 1, "下车": 1, "走": 5, "十几": 4, "公尺": 2, "女郎": 1, "接送": 1, "优雅": 1, "路上": 2, "尽显": 1, "百年": 1, "风采": 2, "国人": 1, "讲": 2, "几十": 2, "追上": 1, "找到": 1, "优点": 2, "渗透": 1, "更新": 1, "友谊": 1, "文化": 5, "关心": 1, "提到": 3, "信心": 3, "表现": 2, "开拓": 1, "4": 1, "拓展": 6, "报": 9, "冲突": 3, "技术": 17, "优势": 5, "之下": 5, "担忧": 3, "阵营": 1, "冷战": 1, "柏林墙": 2, "兼容": 1, "观点": 1, "物理": 3, "分隔": 1, "不利": 1, "产品": 7, "卖给": 4, "一部分": 1, "收缩": 1, "规模": 1, "财务": 1, "报表": 1, "受不了": 1, "科学家": 1, "论文": 1, "网上": 2, "飘荡": 1, "创新": 3, "统一": 1, "理论": 1, "之上": 1, "商业": 1, "层面": 1, "增加": 3, "竞争性": 2, "质量": 1, "价格": 1, "低": 3, "5": 2, "墨西哥": 16, "杂志": 5, "最终": 3, "达成": 4, "版": 1, "北美": 2, "自由": 3, "协定": 2, "情况": 11, "美洲": 2, "通讯": 1, "面向": 2, "课题": 1, "创造力": 1, "率先": 1, "盈利": 1, "收获": 1, "发展中国家": 1, "基础教育": 1, "提高": 5, "全民": 2, "素质": 3, "兴办": 1, "职业": 3, "学校": 3, "驾驭": 2, "能力": 1, "协议": 3, "适合": 1, "制造业": 3, "将来": 5, "放出": 2, "灿烂": 3, "光芒": 2, "玛雅": 1, "生产线": 3, "少量": 1, "明年": 6, "新建": 1, "几百": 5, "企业家": 1, "通信": 9, "老板": 1, "卡洛斯·斯利姆": 1, "6": 1, "社交": 1, "官方": 1, "7": 1, "请教": 1, "新疆": 5, "参与": 2, "居民": 1, "用途": 2, "把控": 1, "如果说": 4, "口实": 1, "汽车": 8, "只能": 4, "道理": 2, "装": 3, "货": 2, "司机": 2, "算": 2, "刚才": 5, "销售": 7, "用户": 2, "武器": 2, "中东": 3, "方式": 5, "人民": 4, "指责": 1, "可信": 1, "涉及": 2, "人口": 3, "借口": 2, "枪炮": 1, "站": 2, "道德": 1, "制高点": 1, "8": 1, "秘鲁": 8, "人报": 2, "南美": 1, "规划": 2, "文明古国": 1, "印加": 2, "安第斯": 1, "南美洲": 1, "一千多": 1, "年前": 2, "发达国家": 1, "衰落": 1, "贫困": 3, "才": 2, "状况": 2, "英国": 2, "发明": 2, "火车": 3, "轮船": 4, "运输": 2, "工具": 1, "马车": 2, "跑": 2, "快": 3, "工业化": 2, "积累": 2, "强大": 1, "实力": 2, "处于": 2, "落后": 3, "年轻": 2, "耕地": 1, "拖拉机": 1, "一家一户": 1, "人力": 1, "畜力": 1, "简单": 1, "农具": 1, "耕种": 1, "种子": 3, "差别": 1, "速度": 2, "快慢": 1, "建": 1, "马丘": 1, "比丘": 1, "3500": 1, "高度": 1, "震撼": 2, "富饶": 2, "矿场": 1, "森林": 1, "河流": 1, "开采": 2, "追赶": 1, "步伐": 2, "加快": 3, "落实": 1, "中小学": 1, "培养": 3, "人才": 2, "依托": 1, "振兴": 1, "9": 1, "哥伦比亚": 2, "作品": 2, "集报": 2, "伙伴": 3, "Google": 3, "备用": 2, "计划": 7, "备胎": 2, "机会": 3, "见到": 1, "第一手": 1, "资料": 1, "有没有": 1, "详细": 1, "穷": 2, "现金": 1, "颗": 1, "CPU": 3, "难": 3, "英特尔": 3, "做出": 2, "CPU来": 1, "备份": 1, "安全感": 1, "想想": 1, "多难": 1, "NPU": 1, "GPU": 1, "昇腾": 1, "鲲鹏": 1, "10": 1, "智利": 17, "三点钟": 4, "国务卿": 1, "访问": 4, "首都": 1, "圣地亚哥": 1, "发表": 2, "演讲": 1, "说到": 2, "腐蚀性": 1, "资本": 2, "促生": 1, "当地": 3, "治理": 1, "总统": 7, "蓬佩奥": 2, "来到": 1, "会见": 1, "陷阱": 5, "中等": 1, "收入": 1, "贫富": 1, "分化": 1, "危机": 1, "门罗主义": 1, "后院": 1, "后果": 1, "主权": 10, "跳出": 1, "梯子": 1, "友好": 1, "粮食": 2, "肉类": 1, "油类": 1, "肥沃": 1, "二三十年": 1, "有人": 4, "买": 1, "块": 1, "定居": 1, "美丽": 1, "动心": 1, "玫瑰花": 1, "朵": 1, "拉": 1, "开发": 1, "生产": 8, "有利于": 1, "评论": 1, "交流": 1, "皮涅拉": 1, "提出": 3, "矩阵": 3, "正确": 1, "国土": 1, "面积": 1, "资源": 2, "迫切": 1, "提": 1, "平台": 2, "利益": 4, "意识": 3, "形态": 3, "跟着": 1, "放弃": 3, "思路": 1, "绝不": 4, "干预": 1, "政治": 3, "仅仅": 3, "商人": 1, "方案": 1, "模式": 1, "例子": 1, "牛联网": 1, "身上": 1, "传感器": 1, "牛连": 1, "接到": 1, "监测": 1, "产奶": 1, "回到": 2, "挤奶": 2, "地方": 4, "一头": 1, "每月": 1, "挤": 1, "价值": 1, "156": 1, "元": 5, "人民币": 3, "奶": 1, "电信": 5, "出租": 1, "分取": 1, "别人": 1, "领域": 5, "努力": 1, "无人": 1, "采矿": 1, "延": 1, "低于": 1, "毫秒": 1, "也就是说": 4, "肉眼": 1, "作业": 1, "11": 1, "广播": 2, "电视": 2, "悖论": 3, "现象": 1, "引领5G": 1, "极为": 1, "严密": 1, "不得不": 2, "VPN": 1, "网站": 2, "硬件": 4, "交通": 1, "高速": 3, "公路": 3, "在建": 1, "高速公路": 1, "修路": 1, "瑞士": 1, "推进": 1, "不行": 1, "选": 2, "用华": 1, "带动": 1, "作用": 1, "12": 1, "巴西": 31, "价值报": 3, "欧美": 1, "来源国": 1, "2020年": 1, "轮": 3, "招标": 3, "本地": 2, "施压": 1, "推迟": 1, "请问": 2, "一大": 1, "背景": 2, "态度": 4, "届": 1, "此前": 3, "释放": 1, "敌对": 2, "信号": 2, "幅员辽阔": 1, "平衡": 2, "较为": 2, "急需": 1, "资金": 5, "过程": 3, "上帝": 1, "一块": 1, "旱季": 1, "稻": 1, "撒": 1, "收回": 1, "450": 1, "公斤": 1, "鱼钩": 1, "刚": 1, "放": 3, "河里": 1, "鱼": 1, "上钩": 1, "大自然": 1, "自然": 3, "条件": 2, "衣食无忧": 1, "超越": 3, "压力": 1, "物理性": 1, "数字性": 1, "预先": 1, "设计": 7, "障碍": 1, "工厂": 2, "减少": 2, "淡水": 1, "河谷": 1, "劳工": 2, "妥善": 1, "加速": 2, "大幅度": 1, "分配": 2, "体验性": 1, "桑巴舞": 1, "足球": 1, "取代": 1, "厂家": 2, "摆脱": 1, "补充": 2, "波萨诺瓦": 1, "上任": 1, "初": 1, "缺口": 1, "历史性": 1, "阶段性": 1, "越来越": 2, "想法": 1, "穷困": 1, "商量": 1, "边远": 1, "永远": 1, "13": 1, "父亲": 1, "扣留": 2, "旅行": 1, "妈妈": 1, "陪": 1, "出国": 1, "14": 1, "同事": 1, "审查": 1, "赞成": 1, "做法": 2, "15": 1, "贸易战": 5, "停止": 2, "技术战": 1, "取胜": 1, "成立": 2, "资本主义": 2, "成长": 2, "社会主义": 1, "假设": 1, "到底": 1, "胜": 1, "负": 2, "打仗": 1, "发起": 1, "后悔": 1, "把握": 1, "获取": 1, "胜利": 1, "零": 1, "打成": 1, "样子": 1, "16": 1, "互联": 1, "互通": 1, "紧密": 1, "海底": 2, "光缆": 2, "形式": 1, "引领": 2, "评价": 1, "理想": 2, "目标": 2, "密集": 1, "需求": 1, "旺盛": 1, "智": 1, "利用": 2, "连接": 2, "直达": 1, "中转": 1, "麻烦": 1, "英明": 1, "扮演": 1, "角色": 1, "供应商": 3, "17": 1, "创立": 4, "向前": 1, "18": 1, "相关": 3, "做成": 1, "样板": 1, "19": 2, "鸿蒙": 5, "系统": 11, "Android": 2, "用来": 1, "邀请": 1, "厂商": 4, "终端": 4, "临时": 2, "许可证": 2, "尤其是": 1, "手机": 17, "开源": 1, "中小企业": 1, "深度": 3, "集群": 3, "松山湖": 1, "自我": 1, "工业": 3, "革命": 2, "归属": 1, "诉求": 1, "探讨": 1, "特朗普": 6, "引发": 2, "打算": 2, "游说": 1, "投入": 4, "精力": 1, "云中心": 1, "大学": 1, "建立": 1, "ICT": 2, "学院": 1, "一万多": 1, "覆盖": 2, "4G": 1, "夯实": 1, "数字化": 1, "底座": 1, "21": 1, "这块": 1, "封闭": 3, "生态": 1, "包含": 3, "部件": 3, "软件": 1, "权宜": 1, "措施": 1, "短期": 1, "先进": 1, "穿越": 1, "物联网": 1, "显示": 5, "22": 1, "这家": 2, "知名": 2, "影响力": 1, "北约": 6, "刚刚": 1, "出台": 1, "政策": 2, "认定": 1, "威胁": 1, "意见": 1, "说法": 1, "讨论": 4, "建设性": 1, "说成": 1, "相接": 1, "并非": 2, "伤害": 1, "23": 1, "谈话": 1, "看好": 1, "所在": 1, "显现": 1, "态势": 1, "游行": 1, "示威": 1, "虚假": 5, "新闻": 8, "至少": 1, "责任": 1, "失业": 4, "人员": 1, "暴露": 2, "真实性": 1, "吸引": 1, "眼球": 1, "真实": 1, "掺": 1, "酱油": 2, "醋": 2, "管制": 1, "创造": 3, "导致": 2, "优先": 1, "民族": 1, "就业": 1, "技能": 1, "有时候": 1, "预测": 3, "纺织": 4, "机械": 2, "砸": 1, "事实": 1, "证明": 3, "工人": 1, "引导": 1, "才能": 1, "不至于": 1, "破坏": 1, "结构": 2, "24": 1, "国际": 3, "基金": 1, "组织": 3, "款": 3, "债务": 1, "依赖": 1, "给予": 2, "赢得": 1, "排除": 2, "弱点": 1, "抵制": 1, "挫折": 1, "永久": 1, "光临": 1, "下次": 1, "不用": 1, "考察": 2, "重点": 1, "花": 1, "样板点": 1, "美的": 1, "！": 9, "我国": 1, "巨头": 2, "自主": 1, "研发": 4, "巨额": 1, "均": 1, "前沿": 2, "出货量": 1, "苹果": 3, "第2": 1, "性能": 4, "强劲": 1, "不少": 2, "青睐": 2, "树大招风": 1, "角落": 1, "正是": 2, "舞台": 1, "耀眼": 1, "成绩": 4, "公平": 1, "待遇": 1, "内": 1, "宣传": 1, "隐患": 1, "谣言": 1, "中旬": 1, "断绝": 1, "众多": 1, "不可避免": 1, "困境": 2, "综合性": 1, "购买": 1, "上亿": 1, "零部件": 1, "断供": 3, "自损一千": 1, "面对": 2, "高通": 1, "想方设法": 1, "钻空子": 1, "身处": 1, "之际": 2, "代工厂": 2, "关键": 2, "时刻": 2, "捅刀": 3, "伟创力": 11, "立刻": 1, "派出": 1, "车队": 1, "前往": 1, "剩余": 1, "拉回": 1, "私自": 1, "扣押": 1, "无故": 1, "承受": 1, "万般无奈": 1, "拉入": 1, "黑名单": 1, "拒绝": 2, "诚信": 1, "如今": 6, "半年": 1, "现状": 1, "终止": 1, "旗下": 1, "订单": 4, "交由": 1, "比亚迪": 3, "负责": 1, "扶持": 2, "第四": 2, "代工": 2, "前段": 1, "财报": 2, "2019年": 2, "第三": 3, "季度": 1, "营收": 4, "下降": 2, "87%": 1, "创下": 1, "纪录": 1, "显而易见": 1, "占比": 2, "10%": 1, "消极": 1, "信用": 1, "值得一提的是": 1, "排名": 2, "第五": 1, "无脑": 1, "盲目": 1, "跟随": 1, "痛苦": 1, "惨重": 1, "代价": 1, "买单": 1, "Hello": 1, "收看": 1, "本期": 1, "资讯": 1, "流逝": 1, "剩下": 1, "半": 1, "关键词": 1, "肯定": 2, "榜上一员": 1, "上榜": 1, "——": 5, "匹夫无罪": 1, "怀璧其罪": 1, "外媒": 2, "份": 1, "榜单": 2, "曝光": 1, "名": 2, "谷歌": 1, "微软": 1, "亚马逊": 1, "脸书": 1, "甲骨文": 1, "美方": 4, "出奇": 1, "绑架": 1, "背后": 1, "害怕": 2, "和解": 4, "口": 1, "回绝": 1, "询问": 1, "了结": 1, "此事": 1, "承认": 1, "有罪": 1, "认罪": 1, "也许": 2, "签": 1, "罚": 1, "笔": 1, "回家": 1, "毫不犹豫": 1, "正式": 3, "回应": 1, "证据": 2, "搞": 1, "随便": 1, "妥协": 3, "随后": 1, "解释": 1, "90%": 1, "案件": 1, "任老": 2, "仍旧": 1, "提议": 1, "原则": 1, "网友": 3, "炸锅": 1, "流氓": 1, "威逼": 1, "究竟": 1, "目的": 1, "心知肚明": 1, "对不起": 2, "认错": 1, "独到": 1, "见解": 1, "留言": 1, "Mate": 17, "30": 12, "Pro": 19, "起初": 1, "强悍": 1, "备受": 1, "关注": 1, "笔者": 6, "炒": 1, "火热": 1, "6899": 1, "入手": 1, "台": 1, "至今": 1, "体验": 3, "吹": 1, "说一说": 1, "坏": 1, "记得": 1, "Mate30": 9, "发布会": 1, "现场": 1, "余承东": 1, "流畅度": 2, "首次": 1, "iPhone新机": 1, "不错": 1, "iPhone": 2, "相比": 3, "流畅性": 1, "依旧": 1, "搭载": 2, "麒麟990": 1, "处理器": 1, "安兔兔": 1, "跑分": 2, "高达": 2, "45万": 1, "大型": 1, "游戏": 2, "展现": 1, "畅通": 1, "亮点": 1, "拍照": 3, "功能": 5, "DXO": 1, "评分": 1, "121": 1, "位于": 1, "榜首": 1, "位置": 1, "实至名归": 1, "拍摄": 3, "高清": 1, "照片": 1, "可玩性": 1, "动作": 2, "精彩": 1, "瞬间": 1, "播放": 1, "这项": 1, "视频": 1, "实用": 1, "屏幕": 4, "瀑布屏": 1, "外观": 3, "炫酷": 1, "科技感": 1, "屏占": 1, "安全性": 1, "破损": 1, "弯曲处": 1, "画面": 1, "弧度": 1, "按键": 2, "取消": 1, "感应": 1, "市面": 1, "含量": 1, "亲身": 1, "实体键": 1, "按着": 1, "舒服": 1, "Pro优缺点": 1, "整体": 1, "短": 1, "慢慢": 1, "习惯": 1, "文": 2, "柠檬": 1, "品牌": 2, "家喻户晓": 1, "有趣": 1, "日常": 1, "生活": 1, "型号": 1, "P": 7, "nova": 4, "定名": 3, "含义": 4, "拂晓": 2, "逐一": 1, "解析": 2, "一番": 1, "系列": 24, "旗舰": 1, "一代": 1, "顶级": 1, "体系": 2, "商务风": 2, "十足": 1, "称作": 1, "家族": 1, "标杆": 1, "词": 3, "一意": 1, "词语": 1, "暗含": 1, "可靠": 1, "系类": 1, "主打": 1, "高端": 2, "特性": 1, "吻合": 1, "朋友": 1, "或许": 4, "听说": 1, "Ascend": 2, "分支": 1, "P系列": 1, "人气": 1, "攀升": 1, "致使": 2, "D": 1, "G": 1, "Y": 1, "同归于": 1, "门下": 1, "Platinum": 1, "单词": 1, "缩写": 1, "铂金": 1, "知晓": 1, "定位": 1, "级别": 1, "相辅相成": 1, "年轻派": 1, "时尚": 1, "风": 1, "取自": 1, "Innovation": 1, "意在": 2, "后期": 1, "新兴": 1, "探索": 1, "行业": 2, "娱乐": 1, "跟进": 1, "年轻人": 2, "群体": 1, "实力级": 1, "中端": 1, "机型": 1, "畅享": 3, "麦芒": 3, "接下来": 1, "中文": 1, "名字": 1, "不难": 1, "欢畅": 1, "痛快": 1, "享受": 1, "针对": 1, "端机": 1, "针对性": 1, "产物": 1, "气质": 1, "个性": 1, "韵味": 1, "消费": 1, "对象": 1, "提倡": 1, "上进心": 1, "无畏": 1, "在售": 1, "名称": 1, "定义": 1, "手中": 1, "荣耀": 1, "状态": 1, "日后": 1, "分享": 1, "科普": 1, "带": 1, "数码": 1, "冷门": 1, "常识": 1, "5月": 1, "15日": 1, "列进": 1, "三十多": 2, "美企": 2, "近乎": 1, "切断": 1, "协会": 2, "名单": 2, "剔除": 3, "民企": 1, "致命": 1, "打击": 2, "反而": 2, "出其不意": 1, "芯片": 1, "制定": 3, "标准": 1, "拿下": 1, "65": 1, "份儿": 1, "当之无愧": 1, "骄傲": 1, "风雨": 1, "来得": 1, "上个月": 1, "拿到": 1, "封锁": 1, "打败": 1, "扔出": 1, "核选项": 5, "路透社": 1, "白宫": 1, "近日": 1, "(": 1, "SDN": 1, ")": 1, "称为": 1, "划分": 1, "银行": 1, "执行": 1, "无异于": 1, "拦路虎": 1, "使出": 2, "杀手锏": 2, "毕竟": 1, "前阵子": 1, "联邦": 3, "提起": 1, "诉讼": 1, "心思": 1, "起诉": 1, "胜率": 1, "过硬": 1, "击败": 1, "国产化": 1, "评论区": 1, "南生": 3, "今世": 1, "阶段": 1, "赚钱": 2, "沙特阿美": 5, "例外": 1, "报道": 1, "利雅得": 1, "沙特": 3, "证交所": 1, "Tadawul": 1, "挂牌": 1, "市值": 8, "1.8万亿": 2, "一度": 1, "超过": 3, "2万亿": 1, "单个": 1, "创": 2, "新高": 2, "阿美": 2, "最多": 1, "石油": 5, "当今": 1, "触角": 1, "延伸": 1, "产业链": 1, "石化": 1, "船队": 1, "勘探": 1, "涉足": 1, "数据": 1, "2018年": 2, "净利润": 5, "不仅仅": 1, "利润": 1, "1111亿": 1, "超": 1, "烟草": 1, "集团": 7, "投资者": 2, "连续": 1, "巨型": 1, "谋求": 1, "无论是": 1, "轮值": 1, "CEO": 1, "分析": 1, "人士": 2, "募集": 1, "股民": 1, "分红": 1, "缺": 1, "钱": 3, "筹资": 1, "股权": 1, "持股": 3, "法宝": 1, "领导人": 1, "效果": 1, "佳": 1, "股东": 1, "为重": 1, "掌舵权": 1, "比例": 1, "1.01%": 1, "管理权": 1, "整天": 1, "盯": 1, "业绩": 1, "狼性": 1, "不息": 1, "千万富翁": 1, "难免": 1, "惰性": 1, "全力": 1, "核心": 1, "价值观": 1, "话题": 1, "年报": 1, "593亿": 1, "倍": 1, "市盈率": 1, "换成": 1, "大概": 1, "2600亿": 1, "算法": 1, "阿里巴巴": 1, "腾讯": 3, "偏向": 1, "阿里": 2, "性质": 1, "接近": 1, "估值": 1, "预计": 1, "3000亿": 1, "本文": 1, "撰写": 1, "授权": 1, "请勿": 1, "转载": 1, "抄袭": 1}