{"此前": 5, "市场": 96, "研究": 14, "机构": 3, "IDC": 2, "发布": 7, "2019年": 5, "一季度": 1, "全球": 59, "智能": 9, "手机": 59, "统计": 2, "报告": 8, "显示": 6, "华为": 340, "出货量": 4, "份额": 19, "均": 3, "大幅": 2, "增长": 9, "正式": 7, "取代": 2, "苹果": 6, "第二": 13, "品牌": 10, "中国": 31, "2017年": 1, "第四": 3, "季度": 5, "稳居": 2, "榜首": 2, "多年": 4, "P系列": 1, "、": 124, "Mate": 17, "系列": 19, "双旗舰": 1, "发力": 2, "成功": 11, "打入": 1, "高端": 10, "如今": 13, "三星": 2, "唯一": 4, "一个": 34, "领域": 9, "拥有": 9, "位数": 1, "本土": 1, "领先者": 1, "日前": 2, "国际": 14, "知名": 1, "调研": 2, "Counterpoint": 2, "Research": 2, "最新": 2, "第一": 23, "售价": 2, "600-800": 1, "美元": 11, "4100": 1, "元": 13, "5500": 2, "细分": 1, "首次": 2, "超越": 1, "高达": 2, "48%": 1, "远": 1, "超": 2, "37%": 1, "差距": 1, "拉大": 1, "指出": 2, "Pro": 6, "128GB": 1, "款": 3, "机型": 4, "强大": 5, "吸引力": 1, "销量": 4, "超过": 16, "价位": 2, "iPhone": 2, "XR": 1, "8": 2, "高于": 1, "800": 1, "超高端": 1, "迅猛": 1, "256GB": 1, "RS": 1, "保时捷": 1, "设计": 5, "去年": 7, "同期": 2, "2%": 1, "14%": 1, "并非": 1, "一日之功": 1, "持续": 7, "努力": 5, "研发": 37, "投入": 21, "秘诀": 1, "资金": 2, "旗舰机": 8, "都": 42, "搭载": 2, "自主": 3, "麒麟": 5, "处理器": 3, "Mate20": 12, "一代": 2, "980": 2, "首款": 1, "7nm": 2, "工艺": 2, "SoC": 1, "芯片": 14, "提供": 7, "快": 7, "下载": 1, "速度": 8, "AI性": 1, "双N": 1, "PU": 1, "独立": 3, "ISP": 1, "提升": 5, "相机": 2, "性能": 4, "超强": 2, "拍照": 4, "超长": 1, "电池": 2, "续航": 3, "名声大噪": 1, "夺取": 1, "数据": 14, "下滑": 1, "笔者": 1, "奠定": 4, "王者": 2, "地位": 3, "产品": 21, "竞争力": 4, "持久": 1, "保鲜期": 1, "密不可分": 1, "蓝海": 1, "走向": 5, "红海": 1, "竞争": 10, "愈发": 1, "白热化": 1, "新品": 1, "更迭": 1, "换代": 1, "越来越": 6, "激烈": 4, "外因": 1, "本质": 1, "原因": 3, "本身": 1, "有限": 2, "加上": 3, "后续": 2, "软件": 1, "更新": 1, "到位": 1, "难以": 1, "消费者": 10, "用户": 19, "体验": 6, "创新": 15, "功能": 11, "发售": 1, "一路": 2, "热销": 3, "3月份": 1, "官方": 3, "上市": 7, "四": 3, "半月": 1, "发货量": 7, "1000万": 2, "台": 5, "有望": 1, "整年": 1, "1500万": 1, "大中华区": 1, "时间": 10, "内": 7, "打破": 3, "销售": 6, "记录": 1, "海外": 6, "青睐": 3, "西欧": 1, "中东": 5, "亚太": 2, "地区": 13, "年轻": 3, "女性": 4, "占比": 6, "趋势": 1, "以往": 1, "男性": 1, "用机": 1, "标签": 1, "第三方": 1, "截至": 3, "1月": 1, "35": 1, "岁": 7, "10": 2, "7%": 1, "更为": 1, "11%": 1, "涌入": 1, "源动力": 1, "直至": 1, "今日": 1, "外观": 4, "级别": 1, "竞品": 1, "依然": 4, "优势": 3, "2月份": 2, "MWC": 2, "2019": 2, "世界": 10, "通信": 24, "大展": 1, "一举": 1, "击败": 1, "诸多": 3, "旗舰": 2, "斩获": 3, "主办方": 1, "GSMA": 2, "颁发": 1, "手机界": 1, "奥斯卡": 1, "称": 2, "最佳": 1, "大奖": 1, "权威": 1, "评委": 1, "压倒性": 1, "获胜者": 1, "出色": 1, "优秀": 1, "稳定性": 2, "寿命": 1, "行业": 10, "领先": 6, "选手": 1, "真实": 1, "证明": 7, "反馈": 2, "功能性": 1, "较为": 2, "均衡": 1, "首发": 1, "7nm麒麟980": 1, "带来": 7, "新一代": 2, "徕卡": 1, "三": 2, "摄": 1, "40": 2, "W快": 1, "屏内": 1, "指纹": 1, "3D": 1, "结构": 1, "石": 1, "墨烯液": 1, "冷散热": 1, "众多": 4, "前沿": 1, "科技": 29, "可谓": 3, "极致": 1, "集大成之作": 1, "说谎": 1, "选择": 13, "打算": 1, "购买": 3, "四五千": 1, "绕": 1, "值得": 2, "入手": 1, "导读": 1, "畏惧": 3, "制裁": 9, "大国": 1, "纷纷": 5, "抛出": 2, "橄榄枝": 2, "5G": 190, "妥": 3, "！": 17, "众所周知": 2, "4G": 14, "网络": 53, "时代": 11, "互联网": 2, "生活": 5, "最为": 2, "东西": 1, "；": 22, "不管是": 3, "生产": 1, "不少": 4, "享受": 2, "便利": 1, "悄": 1, "走来": 1, "发展": 23, "我国": 7, "走在": 1, "前列": 3, "不错": 1, "成就": 3, "很": 20, "早": 5, "布局": 4, "巨额": 1, "经费": 1, "专利": 10, "技术": 41, "积累": 2, "即将": 2, "到来": 3, "放": 1, "光彩": 2, "很多": 17, "订单": 11, "想到": 2, "美国": 35, "打压": 3, "倍感": 1, "压力": 1, "宣称": 1, "国家": 38, "联合": 4, "抵制": 2, "多久": 1, "瓦解": 1, "实在": 1, "避开": 1, "致力于": 2, "质优价廉": 1, "服务": 4, "寻求": 1, "合作": 22, "实用性": 1, "标准": 22, "想要": 3, "快速": 3, "建设": 10, "无疑": 4, "渠道": 2, "公司": 59, "之间": 3, "展开": 4, "德国": 1, "英国": 8, "设备": 27, "高清": 2, "直播": 3, "俄罗斯": 10, "运营商": 34, "莫斯科": 1, "韩国": 12, "第三": 8, "LG": 1, "Uplus": 1, "达成": 2, "接二连三": 1, "拿下": 9, "显得": 2, "苍白": 1, "无力": 1, "近日": 1, "城": 1, "进军": 9, "东南亚": 14, "菲律宾": 11, "数量": 4, "遥遥": 1, "领先于": 1, "对手": 4, "诺基亚": 4, "爱立信": 6, "走": 4, "庞大": 2, "企业": 12, "想": 4, "杯": 2, "羹": 2, "面对": 5, "实力": 5, "才能": 4, "道路": 2, "挡路石": 1, "一一": 1, "踢开": 1, "成绩": 7, "骄傲": 2, "自豪": 1, "对此": 3, "留言": 3, "小编": 1, "互动": 1, "距离": 2, "列入": 2, "管制": 2, "名单": 2, "进程": 1, "影响": 12, "称霸": 1, "举动": 2, "欧洲": 33, "拒接": 1, "日本": 1, "不用": 1, "提": 1, "孙正义": 1, "带头": 1, "拒绝": 1, "下令": 1, "名下": 1, "不再": 1, "断绝": 1, "关系": 9, "遭受": 1, "损失": 1, "进展": 3, "从来": 1, "一帆风顺": 1, "好在": 1, "重压": 1, "屈服": 1, "反而": 1, "过硬": 1, "挺": 1, "给予": 1, "回击": 1, "期间": 2, "员工": 4, "鼎力": 1, "相助": 1, "国内外": 1, "力挺": 2, "马来西亚": 5, "支持": 10, "5月底": 1, "总理": 1, "禁令": 3, "反对": 1, "意见": 1, "赞扬": 1, "领头羊": 1, "眼红": 1, "出众": 1, "资料": 1, "放弃": 1, "乐华": 1, "花费": 1, "4000亿": 2, "就算": 1, "花": 4, "落后于": 1, "各国": 5, "才": 7, "利益": 1, "面前": 2, "6月": 3, "21号": 1, "电信": 23, "巨头": 11, "启动": 3, "本国": 1, "核心": 13, "供应商": 16, "代表": 3, "开通": 5, "网速": 1, "100兆比特/秒": 1, "计划": 1, "7月": 3, "成立": 7, "经营": 3, "许可证": 3, "最早": 1, "2020年": 1, "运营": 3, "30多": 3, "47": 1, "商用": 33, "基站": 10, "10万": 2, "排名": 3, "紧随": 1, "其后": 1, "42": 1, "惊喜": 2, "中兴": 10, "19": 1, "低调": 1, "明白": 2, "心血": 1, "支点": 1, "系统": 16, "备受": 2, "好评": 1, "价值": 2, "80亿": 1, "未来": 12, "采购": 3, "敲": 1, "大门": 1, "兴趣": 1, "阻挡": 1, "认可": 3, "计谋": 1, "没用": 1, "性人": 1, "皆": 1, "局势": 1, "如意": 1, "算盘": 1, "黄": 1, "这两年": 1, "风云": 1, "人物": 1, "余承东": 5, "带领": 3, "终端": 20, "当初": 3, "无线": 4, "部门": 2, "能力": 14, "风云人物": 1, "李一": 46, "男": 45, "相比": 1, "起余": 1, "承东": 1, "天才": 4, "少年": 3, "15": 3, "考入": 1, "华中": 1, "理工": 1, "大学": 1, "届": 1, "少年班": 1, "22": 1, "1992年": 1, "关键": 5, "节点": 2, "5": 1, "销售额": 4, "已然": 1, "破亿": 1, "任正非": 21, "谋求": 1, "拿出": 1, "身家": 2, "背水一战": 1, "力量": 1, "开发": 19, "交换机": 7, "项目": 8, "2号": 1, "——": 6, "郑": 7, "宝用": 7, "主导": 2, "目的": 2, "2000": 2, "网用": 1, "大型": 3, "命名": 1, "C&C08": 4, "誓师": 1, "大会": 1, "对着": 1, "：": 48, "这次": 3, "失败": 2, "楼上": 1, "跳": 1, "谋": 1, "出路": 1, "关乎": 1, "生死存亡": 1, "1993年": 1, "23岁": 1, "研究生": 1, "毕业": 1, "靠着": 1, "卓绝": 1, "火箭": 1, "飞升": 1, "工程师": 2, "7天": 1, "升职": 1, "主任": 5, "协助": 1, "那时候": 1, "喜欢": 1, "思路": 1, "清晰": 1, "干": 6, "儿子": 2, "24": 1, "50": 7, "身为": 2, "刚才": 2, "提出": 2, "采用": 5, "成熟": 3, "准S": 1, "DH": 1, "Synchronous": 1, "Digital": 1, "Hierarchy": 1, "同步": 2, "数字": 4, "体系": 1, "这项": 1, "诞生": 2, "贝尔": 1, "实验室": 2, "复用": 1, "标准化": 1, "接口": 1, "网管": 1, "灵活": 1, "拓扑": 1, "可靠性": 1, "演变": 1, "传输": 4, "刘": 1, "启武": 1, "杨": 21, "汉超": 1, "徐": 1, "文伟": 1, "黎健": 1, "毛生江": 1, "套": 7, "风险": 1, "最终": 11, "效果": 1, "师兄": 1, "大胆": 1, "引入": 1, "模拟": 1, "升任": 1, "经理": 1, "1994年": 1, "8月": 1, "C&C08万": 1, "门机": 1, "江苏": 1, "邳州": 1, "开局": 1, "上线": 1, "调试": 1, "横扫": 1, "94年": 1, "8亿": 1, "此后": 4, "翻倍": 1, "历史": 1, "咨询": 1, "Dittberner": 1, "截至到": 1, "2003年": 3, "C＆C08机": 1, "五十多": 1, "1.3亿": 1, "端口": 1, "公开": 4, "1997年": 3, "程控": 1, "进步奖": 1, "二等奖": 1, "名字": 4, "绽放": 1, "95年": 1, "提拔": 1, "总工程师": 1, "/": 2, "中央": 2, "研究部": 1, "总裁": 7, "97年": 1, "27": 1, "坐上": 1, "副总裁": 3, "宝座": 1, "股份": 1, "仅次于": 3, "25": 1, "坐": 1, "位置": 3, "带队": 1, "广州": 1, "广东": 1, "业务": 7, "发展部": 2, "交流": 1, "陈": 1, "嫦娟": 1, "建议": 2, "容量": 1, "接入": 5, "服务器": 5, "协议": 6, "A8010": 1, "起死回生": 1, "顺利": 2, "立项": 1, "这是": 4, "国内": 8, "占有": 2, "6%": 1, "1998年": 3, "借着": 1, "考察": 1, "机会": 1, "路由器": 4, "取名": 1, "NetEngine": 1, "骨干": 1, "思科": 3, "相关": 2, "牢牢": 1, "占据": 3, "Huawei": 1, "NetEngine5000": 1, "E": 1, "集群": 1, "搞": 2, "GSM": 10, "CDMA": 4, "前景": 1, "矛盾": 1, "调和": 1, "地步": 3, "坚定": 2, "3G": 7, "挖": 1, "东方": 1, "刘江峰": 1, "团队": 1, "不惜": 1, "人员": 3, "事实": 3, "气盛": 1, "顺风顺水": 2, "经历": 2, "挫折": 1, "太": 2, "脾气": 1, "情商": 2, "闹": 1, "挽留": 1, "茁壮": 1, "成长": 1, "格局": 2, "坚实": 1, "基础": 5, "区域": 1, "参与": 6, "制定": 8, "组织": 3, "成员": 2, "贡献者": 1, "高通": 2, "业绩": 1, "站稳": 3, "脚跟": 1, "经年": 1, "大规模": 3, "突破": 2, "主流": 3, "打开": 4, "局面": 1, "2006年": 1, "50亿": 1, "收入": 4, "2000年": 2, "自觉": 1, "羽翼": 1, "丰满": 1, "内部": 1, "创业": 2, "带": 2, "创立": 1, "北京": 1, "港湾": 10, "企业网": 1, "高级": 1, "分销商": 1, "身份": 1, "独闯江湖": 1, "主管": 1, "顺畅": 1, "沟通": 1, "高管": 2, "程度": 2, "交恶": 1, "预示": 1, "必将": 1, "分手": 1, "信任": 8, "离开": 5, "深圳": 2, "之际": 3, "五洲": 1, "宾馆": 1, "大举": 2, "设下": 1, "豪华宴": 1, "召集": 1, "监级": 1, "高层": 1, "壮行": 1, "这位": 2, "称为": 2, "深厚": 2, "感情": 1, "痛心": 1, "寄予": 1, "厚望": 1, "接班人": 1, "居然": 1, "脱离": 1, "抢": 2, "生意": 1, "挖走": 1, "人才": 1, "推出": 7, "壮大": 1, "客户": 9, "致使": 1, "受挫": 1, "不得不": 4, "的确": 2, "ATM": 1, "IP": 3, "举棋": 1, "未定": 1, "方向": 1, "正确": 1, "DSLAM": 1, "宽带": 1, "引领": 1, "潮流": 1, "奶酪": 1, "这一切": 1, "导致": 1, "决裂": 1, "情同父子": 1, "走上": 1, "反目": 1, "忍无可忍": 1, "打港办": 1, "赚钱": 1, "港办": 1, "条": 2, "基本线": 1, "敲钟": 1, "纸": 1, "诉状": 1, "打回": 1, "原形": 1, "西门子": 3, "原本": 1, "1.1亿": 1, "美金": 7, "价格": 11, "收购": 3, "击退": 1, "人力": 3, "财力": 1, "上都": 1, "场": 2, "消耗战": 1, "败": 1, "再次": 2, "回到": 1, "头衔": 2, "兼": 1, "首席": 2, "科学家": 1, "剥夺": 1, "事件": 1, "决策权": 1, "参与权": 1, "EMT": 1, "做出": 2, "海思": 2, "前身": 1, "感觉": 1, "冷遇": 1, "败给": 1, "叛出": 1, "百度CTO": 1, "12580": 1, "CEO": 3, "金沙江": 2, "投资": 3, "合伙人": 2, "道理": 2, "伯乐": 2, "平台": 2, "难找": 1, "终究": 1, "不幸": 2, "惹上": 1, "牢狱": 1, "灾": 1, "2016年": 4, "3月": 3, "15日": 2, "晚": 1, "财新网": 1, "报道": 1, "涉嫌": 1, "内幕": 1, "交易罪": 1, "46": 9, "男于": 1, "深圳市": 1, "中级": 1, "人民法院": 1, "受审": 1, "入狱": 1, "牛电": 1, "波折": 1, "出狱": 1, "小牛": 3, "电动": 2, "创始人": 2, "获刑": 1, "担任": 2, "这家": 1, "董事": 3, "仅仅": 5, "股东": 1, "发行价": 1, "9": 4, "计算": 1, "市值": 1, "6.81亿": 1, "本次": 1, "发行": 2, "持股": 1, "43.8%": 1, "接近": 1, "20亿": 2, "人民币": 5, "现场": 3, "十几": 1, "消磨": 1, "之中": 1, "到达": 1, "辉煌": 2, "判定": 1, "留": 1, "延续": 1, "有时候": 2, "奇怪": 1, "滑坡": 1, "忽略": 1, "不二": 1, "要素": 1, "否认": 1, "敏锐": 1, "长远": 3, "把握": 1, "甩开": 1, "启用": 1, "押注": 2, "看好": 1, "制式": 1, "DECT": 1, "深远": 1, "龙头": 2, "打下": 1, "小灵通": 1, "短期": 1, "赚": 2, "盆满钵满": 1, "饱受": 1, "大伤": 1, "元气": 1, "后悔": 1, "当年": 1, "判出": 1, "热门": 1, "资讯": 1, "玩机": 1, "技巧": 1, "数码": 1, "评测": 1, "科普": 2, "深扒": 1, "点击": 1, "右上角": 1, "关注": 2, "百家号": 1, "雷": 1, "----------------------------------": 1, "时至MWC": 1, "上海": 1, "展会": 1, "厂商": 23, "对外": 1, "公布": 1, "基本上": 2, "放眼": 1, "Galaxy": 1, "S10": 1, "5G版": 6, "入网": 1, "也就是说": 2, "状态": 3, "下午": 1, "X": 6, "进网": 1, "意味着": 2, "配合": 1, "套餐": 9, "快感": 1, "版本": 2, "相差": 1, "不大": 1, "logo": 1, "暂": 1, "基带": 3, "更换": 3, "巴龙": 3, "5000": 3, "消息": 1, "制程": 1, "单芯": 1, "多模": 1, "SA（5G": 1, "组网": 2, "NSA": 8, "双模": 3, "2G": 1, "SA": 2, "产品线": 6, "李小龙": 1, "前期": 2, "成本": 4, "控制": 1, "铺网": 1, "初期": 2, "形式": 1, "连接": 4, "发挥": 2, "低": 2, "延特性": 1, "耗电": 1, "后期": 1, "稳定": 3, "现阶段": 1, "国产": 7, "SA双模5G": 1, "大部分": 1, "停留": 1, "阶段": 1, "NA": 2, "产出": 1, "长久": 1, "肯定": 8, "认准": 1, "依旧": 1, "处于": 5, "尝鲜": 1, "收回": 1, "便宜": 3, "密度": 1, "实用": 2, "前提": 2, "超斌": 20, "新浪": 19, "韩": 1, "大鹏": 1, "编者按": 1, "怀疑": 1, "变革": 3, "物联网": 1, "无人": 1, "驾驶": 1, "VR": 1, "工业": 1, "……": 3, "催生": 1, "新兴": 1, "刷新": 1, "美好": 1, "想象": 3, "视为": 3, "托马斯·库恩": 1, "范式": 1, "尚存": 1, "不及": 1, "上代": 1, "足以": 1, "促使": 1, "科学": 1, "通讯": 3, "翻开": 1, "新篇章": 1, "改变": 8, "不禁": 2, "怀揣": 1, "疑问": 1, "到底": 3, "颠覆": 1, "资费": 1, "相较4G": 1, "变化": 1, "何种": 1, "值此之际": 1, "频道": 1, "发起": 1, "谈": 1, "专访": 2, "栏目": 1, "邀政": 1, "学": 1, "研": 1, "著名": 1, "人士": 1, "详细": 2, "解读": 1, "落地": 1, "读者": 1, "答疑": 1, "解惑": 1, "本期": 1, "嘉宾": 1, "介绍": 2, "负责": 1, "规划": 2, "协同": 1, "工作": 4, "历任": 1, "中心": 7, "LTE": 1, "瑞典": 2, "CMO": 1, "贡献": 3, "SingleRAN": 2, "方案": 8, "创造者": 1, "几何": 1, "表态": 1, "各方": 1, "充满": 2, "信心": 2, "两三": 1, "年内": 1, "追": 1, "科研": 1, "华丽": 1, "转身": 1, "合同": 20, "位居": 2, "首位": 1, "杨超斌": 1, "接受": 4, "坦言": 1, "策略": 4, "元器件": 1, "都会": 5, "来自于": 9, "一整套": 1, "生态": 2, "统一": 4, "过程": 4, "3": 9, "GPP": 6, "成果": 4, "产业": 2, "构建": 2, "层面": 1, "贵": 2, "明年": 4, "掉": 1, "手": 1, "毫无疑问": 1, "驱动": 1, "换机": 1, "动力": 1, "各家": 1, "增量": 1, "来源": 1, "偏": 2, "望而却步": 1, "在于": 1, "拓展": 3, "中端": 2, "低端": 2, "预计": 3, "降到": 1, "3000": 1, "外交部": 2, "份": 8, "不久前": 1, "发言人": 1, "耿爽": 2, "记者会": 1, "透露": 2, "6日": 1, "30": 4, "5G商": 4, "包括": 7, "段": 1, "美方": 1, "‘": 1, "苦口婆心": 1, "’": 1, "劝说": 1, "盟友": 1, "听": 2, "扎心": 1, "网友们": 1, "点赞": 1, "阐述": 1, "26": 3, "10多": 2, "亚太区": 2, "含": 3, "拉美": 11, "非洲": 18, "南非": 3, "签": 4, "规模": 4, "总共": 3, "提案": 4, "1.8万余": 1, "篇": 4, "3GPP": 2, "R15": 2, "排": 1, "2570族": 2, "20%": 2, "最多": 4, "一万多": 1, "钱": 4, "长期": 2, "2018年": 5, "年报": 1, "1015亿": 1, "占": 1, "比重": 1, "14.1%": 1, "100亿": 4, "2009年": 2, "6亿": 5, "这笔": 1, "专项": 1, "预算": 2, "用于": 2, "涵盖": 4, "核心网": 3, "承载网": 3, "接入网": 3, "单纯": 1, "侧": 5, "人数": 2, "1万多": 2, "费用": 4, "这不": 1, "支出": 2, "仪器": 2, "对话": 1, "实录": 1, "牌照": 6, "发放": 4, "整体": 3, "实际上": 5, "工信部": 1, "发": 1, "带动": 1, "产业链": 2, "基于": 3, "社会": 2, "愿景": 1, "意大利": 1, "芬兰": 2, "爱尔兰": 1, "陆续": 1, "40多": 2, "签署": 5, "Rain": 1, "来讲": 4, "第五": 1, "代际": 1, "拍": 1, "脑袋": 1, "事实上": 2, "花完": 1, "制订": 1, "体现": 1, "刚刚": 6, "冻结": 1, "Release": 2, "交": 1, "18000": 3, "A4纸": 1, "打印": 1, "米": 1, "谈到": 2, "部署": 3, "解决": 8, "情况": 5, "CPE": 1, "具备": 4, "提案数": 1, "2570": 1, "族": 1, "ESTI": 1, "网站": 3, "查到": 2, "三大": 5, "4月份": 1, "联通": 1, "陆陆续续": 1, "全国": 2, "城市": 2, "实验网": 2, "探索": 4, "建网": 2, "模式": 2, "优化": 1, "站点": 1, "主网": 1, "架构": 1, "在一起": 1, "丰硕": 1, "至少": 3, "表现": 1, "讲": 3, "2-3年": 2, "判断": 1, "媒体": 2, "新闻": 1, "CTO": 1, "推迟": 1, "5月": 2, "30日": 1, "架构师": 1, "场合": 1, "全世界": 1, "战略": 3, "伙伴": 2, "2008年": 1, "发明": 1, "发生": 3, "杭州": 1, "实测": 1, "实验": 1, "密集": 2, "城区": 1, "郊区": 1, "高速": 1, "公路": 1, "倍": 1, "100多": 1, "万5G": 1, "虚拟": 5, "现实": 5, "礼拜": 1, "开放": 2, "跑": 1, "感受": 1, "起步": 1, "Ready": 1, "聚焦": 1, "数字化": 1, "一点": 2, "带宽": 1, "宽": 1, "时延": 1, "短": 1, "连接数": 1, "各行各业": 1, "作用": 2, "广播": 1, "电视台": 1, "春晚": 2, "采访": 3, "车": 2, "卫星": 2, "转播": 1, "modem": 1, "10年": 2, "长": 1, "持续不断": 4, "演进": 2, "进来": 1, "建": 1, "中小城市": 1, "农村": 2, "5-10年": 1, "构筑": 1, "大众": 1, "相对来说": 1, "600": 1, "2000-3000": 1, "买": 2, "这块": 2, "单独": 1, "BG": 3, "算": 1, "纯粹": 1, "差不多": 1, "金额": 1, "涉及": 1, "器件": 1, "500多": 1, "讨论": 2, "交通": 1, "发达": 1, "地球": 1, "天一": 1, "天地": 1, "网友": 2, "假期": 1, "闲暇": 1, "总会": 1, "出国": 2, "风景": 1, "麻烦": 2, "办理": 2, "收费": 2, "试试": 1, "天际": 12, "世界各地": 1, "无需": 1, "插手": 2, "机卡": 2, "上网": 7, "APP": 3, "便捷": 1, "性价比": 3, "免费": 6, "WLAN": 9, "或者是": 1, "天际通": 1, "Wi-Fi": 1, "类似": 1, "地方": 2, "不仅仅": 1, "国外": 5, "签订": 3, "临时": 1, "充当": 1, "随时随地": 1, "相当于": 2, "户外": 1, "无线网": 1, "包含": 1, "时长": 2, "随时": 1, "随地": 1, "键": 1, "ChinaNet": 1, "热点": 1, "限时": 2, "鸡肋": 1, "毕竟": 2, "地盘": 1, "做主": 1, "踏出": 1, "国门": 1, "流量": 2, "急": 1, "100": 1, "局限性": 1, "只能": 1, "市中心": 1, "那般": 1, "自由": 2, "推荐": 1, "当地": 3, "值得一提的是": 1, "通话": 1, "原有": 1, "手机卡": 1, "意义": 2, "挥": 2, "衣袖": 1, "带走": 1, "云彩": 1, "不见": 1, "旨在": 1, "态度": 1, "实事": 1, "民族": 1, "给与": 1, "掌声": 1, "黑科技": 1, "不妨": 1, "下方": 1, "评论区": 1, "文": 1, "|": 1, "有意": 1, "思儿": 1, "2月": 2, "25日": 1, "常务": 2, "丁耘": 6, "峰会": 4, "披露": 4, "瑞士": 1, "4万": 2, "15万": 4, "2/3": 3, "简单": 1, "对比": 1, "信息": 2, "没错": 1, "算起": 1, "短短的": 1, "4": 1, "增至": 1, "背后": 1, "信号": 1, "势头": 1, "强劲": 1, "得知": 1, "着实": 1, "漂亮": 3, "打消": 2, "外界": 4, "顾虑": 2, "日益": 1, "环境": 1, "好不": 1, "亮": 1, "说话": 1, "譬如": 1, "遭遇": 2, "难事": 1, "声音": 1, "表达": 1, "担忧": 1, "尤其是": 1, "针对": 1, "至关重要": 1, "发货": 1, "模块": 2, "12": 1, "库存": 1, "保证": 1, "底层": 1, "飞": 1, "释放": 1, "乐观": 1, "进一步": 2, "透过": 1, "提及": 1, "侧面": 1, "坐实": 1, "水平": 3, "印证": 1, "确实": 2, "厉害": 1, "死": 2, "鸟": 2, "坦白": 1, "超级大国": 2, "打击": 2, "决心": 1, "坚定不移": 1, "给出": 1, "预测": 1, "减产": 1, "估计": 1, "下降": 1, "300亿": 1, "1000亿": 1, "2021年": 1, "焕发": 1, "勃勃生机": 1, "状况": 1, "何意": 1, "困难": 2, "供货": 1, "间接": 1, "韧劲": 1, "坚强": 2, "意志": 1, "为此": 1, "亮眼": 1, "严峻": 1, "谈及": 1, "想起": 1, "一句话": 2, "理性": 1, "不乏": 1, "件": 1, "好事儿": 1, "一家": 4, "民营": 1, "建立": 3, "总数": 1, "16": 1, "28": 1, "177": 1, "开源": 1, "183": 1, "职位": 1, "到来之际": 1, "惊人": 1, "舞台": 1, "初次": 1, "出海": 2, "香港": 3, "1996年": 1, "长江": 1, "实业": 1, "首富": 1, "李嘉诚": 1, "创办": 1, "旗下": 1, "和记": 1, "电讯": 2, "窄带": 1, "商业网": 1, "C": 1, "&": 1, "C08机": 1, "从此": 1, "迈出": 1, "危机": 3, "2日": 1, "亚洲": 3, "金融": 2, "爆发": 1, "倒闭": 1, "工人": 1, "失业": 1, "经济": 4, "萧条": 1, "急速": 1, "景象": 1, "冲击": 1, "NEC": 1, "阿尔卡特": 1, "撤离": 1, "同年": 1, "4月": 2, "主席": 1, "江泽民": 1, "国事": 1, "访问": 1, "11月": 1, "总统": 1, "叶利钦": 1, "访华": 1, "俄": 1, "正是": 3, "背景": 2, "之下": 1, "开拓": 6, "贝托康": 1, "采恩": 1, "合资": 2, "贝托": 1, "本地化": 1, "2001年": 2, "1亿": 3, "独联体": 2, "3亿": 1, "低迷": 1, "服务业": 1, "私有化": 1, "面临": 2, "电话机": 1, "电话": 2, "需求": 2, "增大": 1, "拉": 1, "中等": 1, "政府": 2, "通信业": 2, "刚": 5, "巴西": 4, "筹建": 2, "随后": 2, "厄瓜多尔": 1, "设立": 1, "13": 1, "代表处": 1, "最初": 1, "不如人意": 1, "华为人": 1, "毅力": 1, "独到": 1, "眼光": 1, "提携": 1, "路线": 2, "外交": 1, "扎根": 1, "欧": 1, "分得": 1, "2012年": 1, "营业额": 1, "2015年": 1, "9月": 1, "9.7%": 1, "位列": 1, "拉丁美洲": 2, "13%": 2, "跨国": 1, "深度": 1, "550": 1, "代理商": 1, "零售商": 1, "携手": 1, "共建": 1, "智能机": 5, "北美": 7, "日后": 2, "赢得": 5, "必争之地": 1, "北非": 1, "西方": 1, "尼日利亚": 1, "垄断": 1, "90%": 1, "早年": 3, "参加": 1, "专业": 2, "展览会": 1, "邀请": 1, "总部": 1, "参观": 1, "举措": 2, "世行": 1, "据悉": 1, "泰国": 6, "新加坡": 2, "M1": 1, "Maxis": 1, "印度尼西亚": 1, "TelKomsel": 1, "Globe": 1, "Telecom": 1, "合约": 1, "妥善": 1, "初步": 3, "连续": 1, "智能网": 1, "曼谷": 1, "分公司": 2, "质量": 1, "宗旨": 1, "电信界": 1, "享有": 1, "知名度": 1, "树立": 1, "高科技": 1, "固定": 1, "越南": 1, "脚": 2, "分布式": 7, "荷兰": 2, "共有": 1, "Telfort": 7, "机房": 1, "机柜": 2, "找": 1, "小型": 1, "拒": 1, "登陆": 1, "听说": 1, "此事": 1, "找到": 1, "负责人": 1, "穷途末路": 1, "抱": 1, "试": 2, "心态": 1, "勉强": 1, "梦想": 1, "竟": 1, "皇家": 1, "KPN": 1, "惨遭": 1, "抛弃": 1, "年后": 1, "沃达丰": 1, "西班牙": 1, "Telefonica": 1, "借助": 1, "一连串": 1, "大单": 1, "大本营": 2, "领导者": 1, "摩托罗拉": 1, "46%": 1, "阿尔卡特朗讯": 1, "21%": 1, "北电": 1, "10%": 1, "1%": 1, "强敌": 1, "形象": 2, "可穿戴": 1, "亚马逊": 1, "直销": 1, "gethuawei.com": 1, "坚守": 1, "和解": 1, "诉讼": 1, "声名鹊起": 1, "暂时": 1, "事情": 1, "为由": 1, "举步维艰": 1, "世纪": 1, "90年代": 1, "征程": 2, "认知": 1, "本文": 1, "1201": 1, "字": 1, "阅读": 2, "分钟": 1, "第41": 1, "缺乏": 2, "当今": 1, "必需": 1, "相比于": 1, "短信": 1, "早已": 1, "超出": 1, "音乐": 1, "丶": 15, "玩": 1, "游戏": 1, "电影": 1, "聊天": 1, "支付": 1, "炒": 1, "股丶": 1, "悄悄": 1, "有人": 1, "起名": 1, "生动": 1, "提高": 1, "完整": 1, "操作": 6, "部件": 1, "内存": 1, "支撑": 1, "打造": 1, "组装": 1, "销售链": 1, "一块": 1, "分析": 2, "这几年": 1, "进口": 1, "小米": 5, "为首": 1, "崛起": 2, "截止到": 1, "31%": 1, "OPPO": 3, "Vivo丶一加": 1, "全年": 1, "1.19亿": 1, "1138亿": 1, "挺进": 1, "五": 1, "名": 1, "Vivo": 2, "跃进": 1, "欣喜": 1, "看似": 1, "风光": 1, "CPU": 1, "发动机": 1, "变速箱": 1, "汽车": 1, "重要性": 1, "供给": 1, "骁龙": 1, "谷歌": 1, "Android": 1, "定制": 1, "集团": 1, "实行": 1, "封禁": 1, "不得已": 1, "缴纳": 1, "4亿": 1, "罚款": 1, "14日": 1, "解禁": 1, "痛定思痛": 1, "踏": 1, "标语": 1, "时隔": 1, "16日": 1, "赶出": 1, "现如今": 1, "年营": 1, "收破": 1, "千亿": 1, "电脑": 1, "联想": 2, "PC": 1, "制造商": 1, "千亿万亿": 1, "金": 1, "钵": 1, "满满": 1, "杨元庆": 1, "竟然": 1, "说出": 1, "做好": 1, "言论": 1, "震惊": 1, "5月份": 1, "鸿蒙": 1, "证实": 1, "归根结底": 1, "受制于人": 1, "千百年": 1, "亘古不变": 1}