{"著名": 1, "诗人": 1, "雪莱": 1, "留下": 1, "浪漫": 1, "富有": 1, "哲理": 1, "诗句": 1, "——": 3, "冬天": 1, "春天": 3, "远": 3, "华为": 271, "如今": 5, "冬季": 2, "遭遇": 2, "满满": 4, "恶意": 2, "接连": 1, "外界": 4, "年初": 1, "美国": 14, "第二": 9, "电信": 7, "运营商": 5, "AT&T": 1, "撤销": 1, "合作": 40, "计划": 2, "随后": 2, "发布": 8, "禁止": 9, "官方": 10, "人员": 3, "手机": 102, "驱逐令": 1, "澳大利亚": 4, "、": 119, "新西兰": 4, "日本": 11, "国家": 19, "相继": 1, "风险": 1, "建议": 2, "5G": 34, "困难": 6, "依旧": 1, "采用": 15, "网络": 11, "设备": 10, "十分忌惮": 1, "提出": 3, "很多": 10, "搬迁": 1, "或者说": 1, "拒绝": 1, "确实": 6, "未来": 14, "布局": 3, "蒙上": 1, "层": 3, "阴霾": 1, "大规模": 1, "围堵": 2, "原因": 3, "很": 14, "简单": 6, "快速": 3, "崛起": 7, "！": 54, "此前": 6, "1G": 1, "4G": 2, "技术": 46, "基本上": 5, "欧": 2, "轮流": 1, "坐庄": 1, "格局": 1, "垄断": 1, "巨无霸": 1, "高通": 16, "公司": 17, "专利费": 2, "超过": 12, "70亿": 1, "美元": 5, "2G": 1, "3G": 1, "厂商": 10, "都": 27, "绕": 1, "只能": 3, "交叉": 1, "专利": 5, "授权": 4, "才": 4, "减少": 1, "缴纳": 1, "4GLTE": 1, "份额": 3, "稳居": 1, "全球": 44, "第一": 13, "对外": 2, "公布": 2, "研发": 10, "投入": 4, "订单": 2, "不得不": 2, "重视": 9, "终于": 2, "超越": 7, "苹果": 25, "世界": 15, "三星": 7, "讽刺": 1, "吹牛": 1, "2018年": 17, "季度": 2, "智能": 38, "品牌": 30, "强势": 1, "出货量": 5, "2亿": 10, "级别": 2, "一个": 18, "利好": 1, "消息": 3, "销售": 6, "收入": 7, "首次": 1, "1000亿": 1, "现如今": 7, "佩服": 1, "强大": 3, "实力": 7, "国产": 3, "正名": 1, "告诉": 3, "不仅仅": 2, "出色": 4, "值得": 2, "认可": 5, "表现": 10, "绝不": 1, "仅仅": 2, "数量": 4, "取胜": 1, "质量": 3, "提升": 21, "P20": 6, "系列": 9, "1600万": 2, "台": 20, "Mate": 7, "上市": 3, "发货量": 12, "突破": 8, "500万": 2, "2010年": 1, "300万": 1, "增长": 22, "年发货量": 1, "66": 1, "倍": 3, "速度": 7, "国人": 3, "骄傲": 2, "足以": 2, "沸腾": 1, "欢呼": 1, "成功": 5, "自然": 3, "创新": 21, "麒麟980": 4, "AI": 10, "三": 6, "摄": 5, "变色": 2, "超级": 4, "快充": 5, "标签": 1, "路上": 1, "展示": 1, "这是": 4, "叫板": 1, "底气": 1, "所在": 1, "领先": 17, "友商": 1, "至少": 2, "处于": 2, "此次": 7, "业务": 23, "来自于": 1, "外部": 1, "环境": 4, "英国": 13, "伦敦": 2, "宽带": 1, "论坛": 1, "BT": 1, "高管": 2, "讲": 1, "一句话": 1, "一家": 8, "供应商": 1, "评价": 2, "业内": 2, "多么": 2, "近日": 2, "26": 3, "商用": 6, "合同": 3, "50多": 1, "商业": 2, "伙伴": 9, "签署": 6, "协议": 6, "基站": 1, "发货": 1, "超": 8, "1万": 1, "最多": 2, "核心": 14, "拥有": 8, "1600": 2, "项": 5, "占": 2, "ESTI": 1, "标准": 5, "19%": 1, "规划": 1, "2019年": 6, "上半年": 1, "款": 23, "搭载": 12, "芯片": 13, "下半年": 1, "规模": 6, "或许": 2, "轮值": 6, "董事长": 5, "胡厚崑": 2, "媒体": 7, "参加": 1, "几十": 1, "测试": 2, "数据": 4, "成熟度": 1, "行业": 10, "12": 1, "18": 1, "不等": 1, "理由": 1, "领域": 8, "上将": 1, "持续": 8, "越战越勇": 1, "经历": 1, "31": 2, "风雨": 1, "信心": 1, "最终": 1, "巨人": 1, "近年来": 1, "针对": 4, "5g基站": 1, "事情": 4, "事儿": 1, "试图": 1, "封锁": 1, "发展": 22, "比如说": 3, "纷纷": 3, "5g": 2, "基点": 1, "捷克": 3, "政府": 5, "国外": 9, "愤怒": 1, "事件": 8, "转机": 1, "国安委": 1, "道歉": 1, "太": 5, "过于": 1, "草率": 1, "不用": 2, "担心": 1, "证明": 1, "隐患": 1, "深受": 1, "消费者": 40, "喜欢": 2, "销售量": 3, "市场": 28, "摸打": 1, "爬滚": 1, "荣耀": 24, "喜爱": 5, "尤其是": 1, "翻": 1, "好几": 2, "番": 1, "刚刚": 1, "购物": 1, "狂欢节": 1, "销量": 6, "200%": 1, "年前": 2, "任正非": 2, "创立": 1, "多年": 1, "刚": 1, "交换机": 1, "自主": 1, "海内外": 1, "中国": 16, "国际": 6, "地位": 2, "远远": 2, "全国": 1, "生产商": 1, "正是": 2, "惊人": 1, "眼中钉": 1, "肉": 1, "刺": 1, "蒙住": 1, "蒸": 1, "阻止": 1, "导致": 2, "国内": 6, "扩张": 2, "当中": 4, "疯狂": 1, "有人": 1, "捣乱": 1, "铁": 1, "事实": 2, "称": 12, "小米": 7, "骚龙": 1, "855": 5, "5g样机": 1, "转发": 1, "配": 1, "留言": 2, "骁龙": 9, "进军": 2, "处理器": 6, "关注": 3, "焦点": 1, "联想": 5, "首发": 3, "提前": 4, "用到": 1, "回应": 1, "配上": 1, "厂家": 3, "vivo": 13, "缺少": 2, "受制于": 1, "慢慢": 2, "摆脱": 2, "这几年": 2, "赶上": 1, "威胁": 2, "mate20": 3, "兔兔": 1, "跑分": 2, "霸主": 1, "位置": 1, "难堪": 1, "2014年": 1, "资金": 1, "不再": 1, "控制": 3, "唯一": 2, "能力": 12, "荣": 1, "科技": 8, "希望": 3, "早早": 1, "关键": 3, "依赖": 2, "如果说": 2, "他国": 2, "牵": 1, "鼻子": 1, "走": 1, "笔者": 2, "想": 4, "好用": 1, "几点": 1, "输": 1, "iPhone": 4, "反对": 1, "拍照": 11, "上都": 1, "不错": 4, "P20Pro": 1, "DXO": 1, "评分": 2, "iPhoneXsMax": 1, "之上": 1, "这两年": 1, "自拍": 6, "充电": 3, "具备": 4, "容量": 3, "电池": 4, "石墨烯": 1, "点赞": 1, "mate20Pro": 1, "40W": 1, "4200": 1, "mAh": 1, "支持": 11, "无线": 1, "优势": 5, "信号": 5, "通信": 4, "起家": 1, "推出": 4, "全新": 5, "Link": 2, "turbo": 1, "对比": 1, "之下": 1, "就要": 1, "差": 3, "不少": 2, "英特尔": 1, "基带": 1, "越来越": 3, "yoyo": 1, "语音": 1, "助手": 2, "爱": 1, "同学": 1, "差距": 2, "比起": 1, "Siri": 1, "翻译": 1, "虚拟": 1, "3D": 1, "事实上": 1, "诸如": 1, "机身": 4, "设计": 16, "地方": 1, "近些年": 1, "卖": 3, "制造商": 2, "海外": 6, "极其": 1, "亮眼": 1, "实际上": 5, "浅": 1, "状况": 1, "沦落": 1, "充话费": 1, "送": 1, "打开": 3, "地步": 1, "弱小": 1, "生存": 3, "余承东": 10, "接手": 1, "临危受命": 1, "战略": 16, "布置": 1, "高端": 9, "对抗": 1, "中低端": 1, "徘徊": 1, "转折点": 1, "莱卡": 12, "名气": 4, "欧洲": 7, "无人不知": 2, "上个世纪": 1, "制霸": 1, "相机": 3, "起码": 1, "大几万": 1, "块钱": 1, "镜头": 7, "数万": 1, "人民币": 1, "摄像头": 7, "几千": 1, "专业": 4, "拍摄": 1, "挺": 3, "纯莱卡": 1, "组建": 1, "团队": 7, "问世": 2, "认证": 2, "涨": 1, "主战场": 1, "抓住": 1, "一点": 1, "顺势": 1, "才能": 1, "正面": 1, "迎战": 1, "市场化": 1, "24%": 1, "跌落": 1, "22%": 1, "目标": 5, "加持": 3, "保时捷": 2, "营销": 7, "方式": 2, "国内外": 1, "影响": 2, "众": 1, "跑车": 1, "合作款": 1, "升价": 1, "飙升": 1, "正式": 4, "确认": 1, "相互": 1, "转告": 1, "讨论": 1, "12月": 11, "29日": 3, "芒果TV": 21, "深圳": 1, "总部": 2, "签约": 1, "仪式": 2, "渠道": 3, "内容": 28, "围绕": 3, "视频": 24, "会员": 4, "联合": 5, "大数据": 2, "推荐": 2, "推广": 1, "IPTV": 1, "产品": 22, "云CDN": 1, "服务": 20, "展开": 3, "深度": 4, "共享": 5, "收益": 3, "紧密": 3, "模式": 5, "业界": 5, "优质": 5, "和平": 3, "台方": 3, "生态": 17, "树立": 2, "榜样": 2, "达成": 2, "徐": 2, "直军": 2, "CEO": 2, "总裁": 5, "张平安": 3, "湖南": 6, "广播": 2, "电视台": 2, "党委": 1, "书记": 1, "台长": 2, "吕焕斌": 2, "副": 1, "朱皓峰": 1, "芒果": 9, "超媒": 1, "总经理": 1, "蔡怀军": 2, "领导": 1, "嘉宾": 1, "众多": 3, "主流": 2, "记者": 1, "现场": 1, "见证": 2, "谈": 1, "牵手": 1, "：": 15, "广电": 3, "运营": 5, "全方位": 2, "物理": 1, "还要": 2, "化学": 1, "干劲": 1, "雄心": 1, "闯劲": 1, "企业": 4, "这次": 1, "下定": 1, "决心": 2, "发挥": 1, "标杆": 1, "提供": 12, "价值": 3, "产业界": 1, "受众": 2, "新媒体": 1, "平台": 4, "集团": 4, "迈出": 1, "实质性": 1, "‘": 5, "联姻": 1, "’": 3, "不同于": 1, "往前": 1, "动真格": 1, "创": 1, "塑": 1, "责任相加": 1, "共赢": 3, "品质": 3, "相加": 2, "共建": 1, "资源": 5, "带来": 7, "更多": 2, "精品": 7, "2016年": 1, "9月": 1, "上线": 1, "影视": 1, "终端": 21, "用户": 27, "影音": 1, "娱乐": 1, "体验": 29, "8000万月": 1, "活用": 1, "户数": 1, "融合力": 1, "整合力": 1, "聚合力": 1, "综合": 3, "入口": 4, "致力": 2, "构筑": 6, "中心": 4, "独播": 1, "独特": 4, "升级": 5, "驱动": 1, "打造": 15, "效应": 1, "传播": 1, "体系": 2, "源源不断": 1, "创造": 3, "象级": 1, "节目": 3, "生产": 1, "全网": 2, "综艺": 3, "总量": 1, "10%": 1, "TOP10": 1, "榜单": 1, "TV足足": 1, "占据": 1, "五": 4, "席": 1, "成就": 2, "套": 1, "马栏山": 1, "爆款": 3, "逻辑": 1, "全量": 2, "注入": 2, "尽享": 1, "剧集": 2, "全端": 1, "TV": 7, "开放": 9, "效益": 2, "最大化": 1, "耀星": 1, "在线": 1, "打通": 1, "线上": 2, "线下": 4, "助推": 1, "触达": 1, "(": 2, "含荣耀": 1, ")": 2, "6万": 2, "零售": 5, "阵地": 2, "生产者": 1, "年轻": 5, "女性": 3, "群体": 1, "影响力": 1, "场景": 9, "智慧": 6, "生活": 4, "层面": 1, "基于": 2, "理解": 2, "需求": 5, "反向": 1, "创作": 1, ";": 2, "权益": 2, "着重": 1, "利用": 1, "圈层": 1, "特性": 2, "艺人": 1, "定向": 1, "开发": 3, "活动": 2, "青睐": 2, "赞誉": 1, "出众": 3, "美学": 3, "高颜值": 2, "基因": 2, "领航": 1, "青春": 2, "潮流主义": 1, "致力于": 1, "青年": 1, "文化": 2, "引领者": 2, "主力军": 1, "抢占": 1, "主阵地": 1, "卫视": 2, "协同": 2, "享受": 1, "定制": 1, "衍生": 1, "尊贵": 1, "引流": 1, "反哺": 1, "加成": 1, "定制化": 1, "极致": 6, "视听": 1, "云计算": 1, "解决": 3, "方案": 2, "相关": 1, "人工": 4, "交互": 1, "精准": 2, "分发": 2, "配合": 1, "芒果T": 1, "V构": 1, "造业界": 1, "信息化": 1, "构建": 2, "聚合": 3, "依托": 2, "芯": 1, "—": 2, "端云": 1, "积累": 1, "最佳": 5, "粘性": 2, "尝试": 1, "差异化": 1, "探索": 1, "音频": 3, "音效": 1, "屏幕": 4, "VR": 1, "成果": 1, "带给": 2, "庞大": 1, "用户群": 1, "打破": 1, "版权": 2, "购买": 6, "传统": 1, "推动": 3, "建设": 4, "加速": 5, "扩宽": 1, "释放": 1, "超强": 1, "能量": 1, "寻求": 1, "支撑": 2, "观影": 1, "中旬": 1, "Book": 4, "13": 7, "发布会": 3, "可谓": 3, "社会": 1, "4999": 1, "价格": 16, "网友": 6, "惊呼": 1, "香": 1, "说道": 2, "定位": 2, "科学": 1, "打脸": 1, "想象": 2, "低": 2, "网上": 1, "谈论量": 1, "反响": 1, "知名度": 2, "来源于": 1, "天一": 1, "竞猜": 2, "门户": 1, "网站": 2, "发起": 1, "备注": 1, "全面屏": 2, "碰传": 2, "黑科技": 2, "寸": 1, "性能": 9, "轻": 1, "薄本": 1, "提示": 1, "给出": 1, "心中": 1, "理想": 2, "6000": 2, "元": 10, "7000": 1, "档位": 5, "猜测": 4, "一档": 1, "比例": 2, "高达": 2, "46%": 1, "5000": 2, "价位": 1, "档": 1, "29%": 1, "以内": 1, "6%": 1, "估计": 1, "大部分": 2, "失望": 1, "早": 1, "前段": 1, "时间": 7, "平板": 2, "pc": 1, "产品线": 2, "剧透": 1, "竞争力": 5, "肯定": 3, "惊喜": 1, "期待": 2, "段": 1, "超出": 1, "动态": 1, "接近": 2, "真实": 2, "笔记本": 3, "年轻人": 2, "时尚": 2, "屏": 2, "精巧": 1, "干练": 1, "圆润": 1, "弧度": 1, "外观": 3, "极简主义": 1, "理念": 1, "配有": 1, "金属": 1, "元素": 1, "材质": 1, "精密": 1, "陶瓷": 1, "喷砂": 1, "用心": 1, "使用者": 1, "满意感": 1, "电脑": 3, "电源": 1, "+": 7, "指纹": 4, "识别": 4, "42": 1, "超大": 3, "续航": 4, "功能": 8, "解锁": 4, "二合一": 1, "电源键": 1, "windows": 1, "首创": 1, "亮点": 1, "日常": 1, "耗费": 2, "电量": 1, "快": 1, "烦恼": 1, "正好": 1, "第三": 1, "Huawei": 2, "Share": 2, "3.0一": 1, "轻松": 2, "互动": 1, "这项": 1, "呈现": 2, "面前": 1, "NFC": 1, "EMUI": 1, "9.0": 1, "版本": 1, "碰触": 1, "MateBook": 2, "掌托处": 1, "标识": 1, "自动": 1, "配对": 1, "连接": 1, "传输": 1, "操作": 1, "办公": 2, "真的": 1, "福音": 1, "高效": 3, "便捷": 1, "第四": 1, "第八": 1, "英特": 1, "酷睿i": 1, "7-8565": 1, "U": 1, "满血版": 1, "MX150": 1, "独立": 1, "显卡": 1, "体验者": 2, "一代": 4, "相比": 3, "系统": 2, "运行": 3, "流畅": 1, "程度": 1, "保证": 2, "稳定": 2, "卡顿": 1, "困扰": 1, "玩": 2, "大型": 2, "游戏": 15, "双风扇": 1, "热管": 1, "散热": 2, "CPU": 1, "GPU": 6, "热源": 1, "分离": 1, "鲨鱼": 1, "鳍风扇": 1, "2.0": 2, "空间": 5, "保驾护航": 1, "酷": 2, "导购": 1, "迎来": 1, "公认": 1, "卖命": 1, "踩": 1, "尾巴": 1, "依然": 2, "坚持不懈": 1, "新机": 4, "中高端": 2, "旗舰": 10, "新年": 10, "朋友": 2, "选择": 6, "/": 2, "领衔": 1, "2699": 3, "年终": 3, "盘点": 1, "努比亚": 1, "包括": 2, "NEX": 7, "双屏版": 7, "V20": 7, "nova4": 6, "红魔": 11, "Mars": 10, "电竞": 11, "4": 8, "差异": 1, "主打": 2, "不尽相同": 1, "人群": 2, "双屏": 2, "酷炫": 2, "视觉": 2, "4800万": 4, "像素": 4, "超清": 3, "彪悍": 1, "上乘": 1, "最低": 1, "官方价": 1, "高高在上": 1, "售价": 1, "良心": 1, "年末": 2, "都会": 1, "献": 1, "年画": 1, "圆满": 1, "句号": 1, "赋予": 1, "非凡": 1, "意义": 1, "不负众望": 1, "硬件": 5, "配置": 3, "精美": 1, "俘获": 1, "反正": 1, "不止": 2, "正屏": 2, "6.39": 1, "英寸": 3, "零界": 1, "屏占": 1, "91.63%": 1, "分辨率": 1, "2340": 1, "×": 1, "1080": 1, "进化": 1, "延伸": 1, "标新立异": 1, "块": 1, "名": 1, "星环": 1, "溢": 1, "彩屏": 1, "背部": 1, "5.49": 1, "尺寸": 1, "融入": 1, "精致": 1, "环形": 1, "盖版": 1, "中框": 1, "背屏": 2, "水漾": 1, "渐变": 1, "过渡": 1, "浑然一体": 1, "呼应": 1, "惊艳": 1, "彰显": 1, "双重": 1, "屏下": 4, "TOF零": 1, "光感": 1, "人脸": 1, "845AIE": 1, "核": 1, "神经": 1, "强悍": 1, "10GB": 2, "运存": 1, "128GB": 2, "海量": 1, "内存": 3, "堪称": 1, "当之无愧": 1, "NEX双屏": 1, "版[": 1, "参考": 5, "4998": 1, "地址": 4, "官网": 2, "重磅": 1, "旗舰机": 4, "爆发": 1, "多达": 1, "九": 1, "素AI": 1, "摄影": 4, "Turbo": 2, "TOF": 1, "立体": 2, "深感": 1, "泰尔": 1, "实验室": 1, "首款": 3, "五星": 1, "MOSCHINO": 1, "高阶": 1, "魅眼": 1, "视屏": 1, "Cloud": 1, "边界": 1, "生命体": 1, "YOYO": 1, "V20V": 1, "一向": 1, "亮相": 1, "7nm": 1, "配备": 2, "8GB": 2, "256GB": 2, "组合": 2, "安兔兔": 1, "31万": 1, "安卓": 1, "阵营": 1, "王": 1, "该机": 3, "THENINE液": 1, "冷散热": 1, "专属": 1, "配件": 2, "软硬件": 1, "大幅": 6, "索尼": 1, "IMX586": 1, "传感器": 1, "直出": 1, "48": 1, "M": 1, "照片": 4, "等效": 1, "1.6": 1, "μm": 1, "大像素": 1, "输出": 1, "画质": 1, "后期": 1, "优化": 2, "软件": 1, "清晰": 1, "解析力": 1, "简直": 2, "爆棚": 1, "960fps": 1, "动作": 1, "AIS": 1, "手持": 1, "夜景": 1, "前置": 2, "2500万": 1, "2999": 1, "起[": 3, "]华": 2, "商城": 3, "说起": 1, "诞生": 1, "nova": 5, "4一定": 1, "落": 1, "17日": 1, "易烊": 1, "千": 1, "玺": 1, "代言": 1, "长沙": 1, "极点": 2, "眼前": 1, "亮": 1, "迷妹": 1, "发烧友": 1, "机型": 2, "心动": 1, "突破性": 1, "隐藏": 1, "6.4": 1, "新一代": 2, "四边": 1, "完整": 1, "异形": 1, "左上": 1, "角": 1, "黄金": 1, "角度": 1, "高配版": 2, "素超": 1, "广角": 1, "震撼": 1, "麒麟970": 2, "存储": 1, "后置": 2, "值得一提的是": 1, "Turbo图形": 1, "带": 1, "玩家": 2, "高帧": 1, "时代": 5, "3099": 1, "元旦": 2, "假期": 1, "近在眼前": 1, "出门": 1, "旅游": 2, "召唤师": 1, "峡谷": 1, "三日": 1, "游": 1, "懂": 1, "否认": 1, "寒冷": 1, "冬日": 1, "人潮": 1, "拥挤": 1, "景点": 1, "游玩": 1, "家里": 1, "买": 1, "装备": 1, "腾讯": 1, "TGA": 1, "指定": 1, "用机": 1, "RNG": 1, "电子": 1, "竞技": 1, "俱乐部": 2, "诸多": 1, "机构": 6, "职业": 1, "选手": 1, "党": 1, "不二": 1, "眩": 1, "到底": 1, "845": 1, "辅以": 1, "RAM": 1, "ROM": 1, "顶级": 2, "多任务": 1, "切换": 1, "不卡顿": 1, "；": 15, "ICE多维": 1, "长": 2, "冰冷": 1, "如初": 1, "电竞R": 1, "GB": 2, "炫彩": 1, "灯带": 1, "科技感": 1, "AI语音": 1, "降噪": 1, "4D": 1, "振感": 1, "]努比亚": 1, "抉择": 1, "搁": 1, "难": 1, "回答": 1, "特色": 1, "重叠": 1, "纠结": 1, "倒是": 1, "面对": 1, "春节": 1, "节日": 1, "优惠": 1, "到时候": 1, "哪家": 1, "给力": 2, "摘要": 1, "捷克力": 2, "!": 3, "禁令": 1, "没用": 1, "明年": 2, "吊打": 1, "财经": 2, "ABC": 2, "讯": 1, "为首": 2, "眼": 1, "联盟": 1, "围追": 1, "堵截": 1, "国": 4, "禁用华": 1, "真金不怕火炼": 1, "重围": 2, "1": 2, "卖出": 2, "赶超": 1, "25日": 1, "今日": 1, "含": 1, "6月": 1, "2018": 3, "开发者": 1, "大会": 1, "定下": 1, "2.5亿": 1, "2020年": 1, "3亿": 1, "咋舌": 1, "显示": 1, "8": 3, "88": 2, "研究": 1, "IDC": 1, "计算": 1, "三季度": 5, "1.455亿": 1, "1.404亿": 1, "胜负": 1, "第苹": 1, "果四": 1, "悬念": 1, "170": 1, "5亿": 2, "口碑": 3, "棒棒": 1, "毕竟": 1, "眼睛": 1, "雪亮": 1, "投放": 1, "遍地": 1, "开花": 1, "手段": 1, "施压": 1, "数十": 1, "签下": 1, "近期": 1, "力挺": 2, "报道": 8, "O2": 1, "证实": 1, "1月份": 1, "通讯": 3, "试运营": 1, "届时": 1, "200多": 1, "地点": 1, "3": 2, "Three": 1, "UK": 1, "20亿": 1, "英镑": 1, "建立": 1, "营运": 1, "负责人": 1, "罗伯特·汉尼根": 1, "便宜": 1, "最高级": 1, "想法": 1, "实在": 1, "愚蠢": 1, "软银": 3, "替换": 1, "成本": 3, "剧增": 1, "子公司": 1, "首日": 1, "跌破": 1, "发行价": 1, "更换": 1, "做法": 2, "警告": 1, "意大利": 1, "印度": 1, "功不可没": 2, "卓越": 2, "性价比": 1, "外表": 1, "靓丽": 1, "销冠": 1, "标配": 1, "6+64": 1, "多种": 2, "变焦": 2, "电视": 1, "棒": 2, "水滴屏": 1, "曲面3D": 1, "玻璃": 1, "照相": 1, "2400万": 1, "1200": 1, "800万": 1, "徕卡": 3, "4000": 1, "毫安": 1, "创下": 1, "记录": 1, "秒": 1, "销售额": 2, "破": 1, "1亿": 1, "人气": 1, "火爆": 1, "10月": 1, "28日": 4, "天猫": 2, "宣称": 1, "当天": 1, "拿下": 1, "冠军": 1, "本文": 1, "原创": 1, "编撰": 1, "转载": 2, "请": 2, "注明": 1, "出处": 1, "IT之家": 1, "员工": 5, "2019": 6, "信中": 1, "回顾": 2, "成绩": 3, "No.2": 2, "大关": 2, "预计": 4, "同比": 4, "50%": 2, "跨越": 2, "500亿": 2, "里程碑": 2, "成绩单": 2, "自研": 2, "麒麟": 2, "980": 2, "Turbo革命性": 2, "图形": 2, "世界级": 2, "带动": 5, "引领": 9, "整体": 4, "P系列": 2, "3000万": 2, "平均": 2, "70%": 2, "乘胜": 2, "楼": 2, "存活": 2, "全文": 1, "敢于": 4, "产业": 4, "王者": 2, "致华": 1, "全体": 2, "信攀": 1, "珠穆朗玛": 1, "登峰路": 1, "无数": 1, "陡峭": 1, "条": 1, "2011年": 1, "迈向": 1, "2C": 5, "赛道": 1, "全世界": 2, "2B": 1, "七": 4, "转型": 4, "磨砺": 1, "奋斗": 3, "兄弟": 1, "姐妹们": 1, "华为人": 1, "初": 1, "面向": 4, "立下": 1, "而今": 1, "倍受": 1, "鼓舞": 1, "制定": 1, "超额": 1, "Mate20": 4, "Pro": 3, "定价": 1, "历史性": 1, "站稳": 1, "1000": 1, "截至": 1, "权威": 2, "颁发": 1, "23": 1, "16": 1, "年度": 2, "大奖": 1, "Pro获": 1, "影像": 1, "评测": 1, "DxOMark": 1, "Stuff": 1, "授予": 1, "称号": 1, "奠定": 1, "独树一帜": 1, "形象": 2, "千元机": 1, "两千万": 1, "历史": 2, "强劲": 1, "中端": 1, "跨越式": 1, "开启": 1, "180%": 1, "Magic2": 1, "V系列": 1, "10": 2, "追逐": 1, "伴随": 2, "年底": 1, "明亮": 1, "多彩": 1, "动感": 1, "多元": 1, "Moving": 1, "Color": 1, "潮流": 1, "Interbrand": 1, "Top": 1, "100": 1, "榜华": 1, "排名": 2, "68": 1, "连续": 1, "上榜": 1, "福布斯": 1, "价值榜": 1, "去年": 1, "第79": 1, "榜首": 1, "基础": 3, "延续": 1, "互联网": 4, "收获": 1, "信赖": 1, "2千": 1, "4千": 1, "体验店": 1, "100多": 2, "全场": 1, "景": 1, "进一步": 2, "培育": 1, "经营": 4, "改善": 2, "逆势": 1, "20%": 1, "PC": 2, "MateBookX": 1, "拉动": 1, "HUAWEI": 1, "WATCH": 1, "GT": 1, "双核": 1, "超长": 1, "穿戴": 1, "120%": 1, "翻番": 1, "TWS": 1, "耳机": 1, "率先": 1, "骨声纹": 1, "生物": 1, "HWA": 1, "MBB": 1, "车载": 1, "HiLink": 1, "家居": 2, "壮大": 1, "稳步": 1, "支付": 1, "音乐": 1, "天际": 1, "云业务": 1, "用户数": 1, "清醒": 1, "距": 1, "眼界": 1, "齐": 1, "顶尖": 1, "流程": 6, "IT": 2, "精细": 1, "长足": 1, "平静": 1, "万亿": 1, "美金": 1, "巨量": 1, "大幕": 1, "拉开": 1, "角逐者": 1, "面临": 1, "格局式": 1, "洗牌": 1, "竞争": 1, "残酷": 1, "机遇": 2, "广阔": 1, "到来": 1, "场": 1, "革命": 2, "万物": 3, "互联": 2, "IoT": 3, "力争": 1, "做成": 1, "加快": 1, "预研": 1, "跟踪": 1, "路线": 1, "高校": 1, "科研": 1, "供应链": 1, "部件": 1, "投资": 1, "并购": 1, "健康": 1, "产业链": 1, "颠覆": 1, "努力": 5, "领导者": 1, "精兵": 1, "精英": 1, "人力": 1, "专业线": 1, "管理线": 1, "双梯": 1, "双线": 1, "并重": 2, "机制": 1, "使命": 2, "感强": 1, "视野": 1, "干部": 1, "队伍": 1, "人才": 3, "鼓励": 1, "专家": 1, "倍出": 1, "深刻": 1, "洞察": 1, "理解力": 1, "领军": 1, "人物": 1, "优先": 1, "提拔": 1, "激励": 1, "贡献者": 1, "海纳百川": 1, "ICT泛": 1, "同事们": 1, "优秀": 1, "混合": 1, "主动": 2, "聚集地": 1, "国际化": 1, "高端化": 1, "时尚化": 1, "标志性": 1, "潮牌": 1, "个性化": 1, "5": 1, "高度": 2, "满意度": 1, "NPS值": 1, "净": 1, "推荐值": 1, "成长": 2, "动力": 1, "6": 1, "隐私": 2, "保护": 3, "长期": 1, "申请": 1, "知识": 1, "产权": 1, "遵从": 5, "所在国": 1, "法律": 4, "法规": 2, "合法": 1, "合规": 2, "7": 1, "精简": 1, "高效率": 1, "精细化": 1, "杜绝": 1, "铺张浪费": 1, "缺乏": 1, "意识": 2, "习气": 1, "作风": 2, "主业": 1, "务流程": 1, "完善": 1, "变更": 1, "接纳": 1, "盲目": 1, "更改": 1, "8。七年": 1, "路": 1, "艰辛": 1, "学会": 1, "经验": 1, "形态": 2, "电商": 1, "重点": 1, "聚焦": 1, "大国": 2, "兼顾": 1, "小国": 1, "机会": 1, "效率": 1, "粮仓": 1, "9": 1, "信任": 2, "氛围": 1, "充满": 2, "战斗力": 1, "学习型": 1, "组织": 1, "培养": 1, "学习": 1, "勇于": 1, "自我": 2, "批判": 1, "闻过则喜": 1, "工作": 1, "追求": 1, "意志": 1, "品格": 1, "勇争": 1, "气": 1, "对手": 1, "倡导": 2, "人人": 1, "客服": 1, "身边": 1, "亲朋好友": 1, "答疑": 1, "解惑": 1, "发现": 1, "一类": 1, "各项": 1, "优": 1, "做出": 1, "专注": 1, "诚实": 1, "做事": 1, "专注于": 1, "这才": 1, "以此": 1, "深深": 1, "傲": 1, "时期": 1, "寄予": 1, "期望": 1, "深知": 1, "责任": 1, "B2C": 1, "规律": 1, "踏踏实实": 1, "做好": 1, "回馈": 1, "花粉": 1, "家属": 1, "业绩": 1, "回报": 1, "感谢": 1, "默默": 1, "奉献": 1, "2014": 1, "2015年": 1, "2016": 1, "2017年": 2, "走过": 1, "故事": 1, "激情": 1, "元年": 1, "驶入": 1, "高速": 1, "快车道": 1, "舞台": 1, "勇气": 1, "阻挡": 3, "团结": 1, "信念": 1, "擎天": 1, "赴": 1, "愿景": 1, "征程": 1, "祝": 1, "新气象": 1, "管理": 1, "英媒": 1, "公正": 1, "对待": 1, "金融": 1, "时报": 2, "27日": 3, "发生": 1, "恶性": 2, "外国": 1, "极端": 3, "公平": 5, "待遇": 1, "21%": 1, "1085亿": 1, "▲": 3, "资料": 1, "图片": 1, "柏林": 1, "消费": 1, "电子展": 1, "展出": 1, "新华社": 1, "致辞": 8, "郭平说": 1, "部门": 1, "担忧": 2, "这家": 2, "内": 1, "签订": 2, "郭平": 10, "挫折": 1, "消沉": 1, "锐气": 1, "挫": 2, "勇": 2, "逼向": 4, "孟晚舟": 1, "拘押": 1, "表达": 1, "反抗": 1, "态度": 1, "上周": 1, "首席": 1, "执行官": 1, "胡": 1, "厚崑": 1, "抨击": 1, "盟友": 1, "出于": 1, "地缘": 1, "政治": 2, "散布": 1, "转向": 1, "下一代": 1, "设施": 1, "劣势": 1, "写道": 1, "博弈": 1, "加剧": 1, "更为": 1, "参与": 1, "像是": 1, "球星": 1, "NBA": 1, "比赛": 1, "水平": 1, "贺辞": 1, "巨擘": 1, "重重": 1, "难关": 1, "发表": 1, "艰难困苦": 2, "步伐": 2, "香港": 1, "星岛": 1, "日报": 1, "方向": 1, "指": 1, "走向": 2, "全球化": 1, "法治化": 1, "贡献": 1, "的确": 1, "定性": 1, "应对": 1, "不确定性": 1, "截图": 1, "介绍": 1, "1万多": 1, "发射站": 1, "运往": 1, "160多": 1, "城市": 1, "500": 1, "211": 1, "数码化": 1, "彭博社": 1, "预估": 1, "逾": 1, "满怀信心": 1, "誓言": 1, "加倍": 1, "休想": 1, "风云": 1, "变幻": 1, "供货商": 2, "采购": 1, "政策": 1, "改变": 2, "一如既往": 1, "坚定不移": 1, "路透社": 1, "总统": 1, "特朗普": 1, "行政": 1, "命令": 1, "中兴": 1, "外交部": 1, "发言人": 1, "华春莹": 1, "就此": 1, "消除": 1, "顾虑": 1, "说话": 1, "抵制": 1, "现状": 1, "台湾": 1, "工商": 1, "指出": 1, "踏实": 1, "呼吁": 1, "西方": 1, "价值观": 1, "思维": 1, "即将": 1, "结束": 1, "大事": 1, "静气": 1, "信用": 1, "调研": 1, "赛诺": 1, "11": 1, "大陆": 1, "5867万": 1, "4982万": 1, "仅次于": 1, "OPPO": 1, "增速": 1, "双位数": 1, "消息网": 1}