{"太": 3, "快": 5, "！": 40, "所有人": 2, "都": 9, "想到": 4, "来得": 1, "6日": 1, "工业": 1, "信息化": 1, "中国": 44, "电信": 6, "、": 27, "联通": 2, "广电": 2, "发放": 2, "5G": 45, "商用": 6, "牌照": 3, "标志": 1, "正式": 2, "时代": 5, "随后": 1, "华为": 101, "官方": 3, "发文": 1, "：": 23, "公司": 25, "端": 6, "领先": 2, "能力": 2, "全力": 3, "支持": 9, "运营商": 4, "建好": 2, "言语": 1, "之间": 2, "激动": 1, "简直": 1, "溢于": 1, "语言": 1, "难以": 2, "形容": 1, "惊呆": 1, "原本": 4, "2020年": 1, "才": 3, "下发": 2, "竟": 2, "提前": 1, "到来": 2, "无独有偶": 1, "傍晚": 1, "6点整": 1, "条": 4, "重磅": 1, "新闻": 3, "刷屏": 1, "网站": 1, "人民日报": 1, "我国": 2, "建立": 3, "国家": 9, "技术": 14, "管理": 6, "清单": 7, "制度": 7, "这是": 6, "短": 2, "历史": 3, "经验": 1, "告诉": 1, "事情": 1, "很": 5, "美国": 23, "管制": 2, "名单": 1, "针锋相对": 1, "名义": 1, "种种": 1, "出台": 1, "以其人之道": 1, "治": 1, "一手": 4, "拉": 1, "；": 5, "胡萝卜": 1, "反制": 1, "有理": 2, "有节": 1, "智慧": 3, "策略": 2, "堪称": 1, "一个": 9, "天时": 1, "地利": 1, "邂逅": 1, "一石多鸟": 1, "格局": 1, "影响": 4, "赢": 1, "1": 1, "上万亿": 2, "元": 3, "超级": 2, "订单": 3, "正向": 1, "袭来": 1, "波": 1, "滚滚": 1, "财源": 1, "制裁": 1, "化作": 1, "泡影": 1, "优势": 1, "场": 4, "盛宴": 1, "赢家": 1, "此前": 5, "40": 1, "试点": 1, "城市": 1, "项目": 1, "招标": 1, "中标": 1, "37": 1, "据说": 1, "设备": 2, "随之而来": 1, "建设": 2, "等于": 2, "遭遇": 2, "极限": 2, "打压": 2, "一针": 1, "强心剂": 1, "3-5年": 1, "基站": 1, "部署": 3, "数量级": 1, "有人": 1, "预计": 2, "强大": 1, "根据地": 2, "必将": 3, "穿越": 1, "至暗": 1, "时刻": 1, "绽放": 1, "绚烂": 1, "创新": 3, "活力": 1, "生命": 1, "光芒": 1, "滔天": 1, "巨浪": 1, "早就": 1, "备胎": 1, "渡劫": 1, "艘": 1, "诺亚": 1, "方舟": 1, "面对": 5, "市场": 10, "前景": 2, "遏制": 1, "列入": 1, "负面": 1, "后果": 2, "美": 2, "政府": 5, "胁迫": 1, "下合力": 1, "围堵": 2, "巨头": 4, "纷纷": 2, "倒戈": 1, "前一刻": 1, "封锁": 2, "高科技": 1, "阵营": 1, "立刻": 2, "分裂": 1, "高通": 6, "表态": 2, "芯片": 4, "制造商": 2, "组织": 2, "游说": 3, "团体": 2, "特朗普": 2, "担心": 1, "禁令": 6, "业务": 4, "一刻": 1, "利用": 3, "ARM": 4, "封杀": 2, "英特尔": 2, "马上": 1, "站": 1, "网络": 8, "扮演": 1, "角色": 2, "科技": 5, "产业": 1, "生态": 2, "拓展": 1, "合作": 3, "发展": 10, "联合": 1, "创始人": 2, "Hermann": 1, "Hause": 1, "r言辞": 1, "激烈": 1, "评价": 1, "短期": 1, "内": 1, "危害": 2, "长期": 2, "来讲": 1, "执行": 1, "伤害": 1, "最新": 7, "声明": 2, "重视": 1, "伙伴": 2, "海思": 1, "关系": 1, "希望": 2, "解决": 3, "困难": 2, "谷歌": 5, "鸿蒙": 1, "系统": 5, "蛋糕": 1, "态度": 3, "180": 1, "度": 1, "警告": 1, "白宫": 2, "收回": 1, "诱惑": 1, "压力": 1, "西方": 1, "看似": 2, "牢不可破": 1, "联盟": 1, "破裂": 1, "三": 4, "强由": 1, "清风": 1, "拂": 1, "山岗": 1, "横": 2, "明月": 1, "大江": 1, "自狠": 1, "自恶": 1, "口": 1, "气足": 1, "动用": 1, "国力": 1, "三斧头": 1, "劈": 1, "施压": 3, "之下": 3, "很快": 1, "压断": 1, "脊梁": 1, "速战速决": 1, "鸡": 1, "蚀": 1, "米": 2, "万万": 2, "千千万万": 1, "用户": 4, "垮掉": 1, "反而": 3, "越战越勇": 2, "脚": 2, "踢到": 1, "铁板": 1, "打乱": 1, "计划": 1, "精心": 1, "策划": 1, "绞杀": 1, "搬起": 1, "石头": 1, "砸": 1, "愚蠢": 1, "如愿": 1, "拿下": 1, "吃": 1, "刀削面": 1, "狠狠": 1, "教训": 1, "一番": 1, "金钟罩": 1, "铁布衫": 1, "硬气功": 1, "意志": 2, "打垮": 1, "支": 1, "八万": 1, "工程师": 1, "铁军": 1, "十八般武艺": 1, "样样": 1, "齐全": 1, "天衣无缝": 1, "胆寒": 1, "太极拳": 2, "战法": 2, "加快": 1, "推进": 2, "5G商": 1, "用化": 1, "实施": 1, "围魏救赵": 1, "隔山": 1, "打牛": 1, "经济": 1, "社会": 1, "太极": 1, "八卦": 1, "轻轻": 1, "柔柔": 1, "舞动": 1, "沙土": 1, "陷": 1, "2-3": 1, "公分": 1, "表面": 1, "轻柔": 1, "内里": 1, "力道": 1, "1963年": 1, "毛": 1, "主席": 1, "写下": 1, "霸权主义": 1, "小诗": 1, "送给": 2, "骨气": 1, "有担当": 1, "中国人": 2, "小小": 1, "寰球": 1, "苍蝇": 1, "碰壁": 1, "几声凄厉": 1, "声": 1, "抽泣": 1, "蚂蚁缘": 1, "槐夸": 1, "大国": 1, "蚍": 1, "蜉撼": 1, "树谈": 1, "何易": 1, "西风": 1, "落叶": 1, "长安": 1, "飞鸣镝": 1, "从来": 2, "急": 1, "天地": 1, "光阴": 1, "迫": 1, "一万": 1, "只争朝夕": 1, "四海": 1, "翻腾": 1, "水怒": 1, "五洲": 1, "震荡": 1, "风雷激": 1, "扫除": 1, "害人虫": 1, "无敌": 1, "经历": 1, "风雨": 1, "挺": 1, "难关": 1, "世界": 6, "惊叹": 1, "中华民族": 1, "复兴": 1, "船出": 1, "三峡": 1, "浩浩荡荡": 1, "风波": 1, "浪": 1, "一日千里": 1, "点击": 2, "关注": 5, "精彩": 1, "观点": 1, "思维": 1, "开阔": 1, "视野": 1, "很多": 1, "企业": 24, "文化": 14, "博大精深": 1, "讲": 1, "狼性": 8, "说到狼性": 1, "理解": 4, "先进": 1, "执着": 1, "团队": 1, "协作": 2, "迅捷": 1, "勇猛": 1, "狠": 1, "任正非": 13, "解读": 1, "谈话": 1, "说到": 1, "狼": 3, "嗅觉": 1, "灵敏": 1, "闻": 1, "机会": 2, "拼命": 1, "往前": 1, "群": 2, "奋斗": 1, "英雄主义": 1, "吃到": 1, "肉": 1, "不屈不挠": 2, "华为狼性": 1, "直观": 2, "通俗": 1, "表述": 2, "层": 1, "集体": 2, "作战": 3, "永不放弃": 1, "还要": 1, "加上": 1, "残酷": 3, "温情": 6, "事无巨细": 1, "1997年": 1, "听说": 1, "学生": 1, "学校": 1, "打电话": 1, "命令": 2, "作出": 1, "抢占": 2, "推出": 4, "201": 1, "校园": 1, "卡": 1, "也许": 2, "同学": 1, "记得": 1, "当年": 1, "校园卡": 1, "相关": 1, "产品": 12, "扭转": 1, "劣势": 1, "顺利": 1, "超过": 4, "40%": 1, "份额": 1, "年后": 1, "慢悠悠": 1, "同类": 1, "协同": 1, "贯穿": 1, "云南": 1, "丽江": 2, "古城": 2, "4G": 1, "困难重重": 1, "原因": 1, "原有": 1, "热门": 1, "景点": 1, "物业": 2, "协调": 1, "站址": 1, "难选": 1, "部门": 3, "誓师会": 1, "协调会": 1, "下达": 1, "若胜": 1, "重赏": 2, "若败": 1, "撤职": 1, "瞬间": 1, "相互": 1, "配合": 2, "没日没夜": 1, "场合": 1, "玩命": 1, "拼": 1, "阵势": 1, "吓倒": 1, "吓怕": 1, "团结": 2, "死缠烂打": 1, "场景": 2, "逃": 1, "饿狼": 1, "围攻": 1, "猎物": 1, "深厚": 1, "气氛": 1, "意味": 1, "最终": 2, "如愿以偿": 1, "赢得": 1, "艰苦卓绝": 1, "全员": 1, "确实": 2, "末位": 1, "淘汰": 4, "评为": 1, "C": 1, "员工": 1, "都会": 4, "掉": 2, "所在": 1, "多秀": 1, "亦": 1, "优秀": 1, "从中": 1, "评出": 1, "情况": 1, "优先": 1, "安排": 1, "就要": 2, "辞职": 1, "说法": 1, "严苛": 1, "温和": 1, "方式": 1, "众多": 1, "共性": 1, "篇": 1, "父母亲": 1, "充满": 1, "文章": 1, "内心": 1, "深处": 1, "柔软": 1, "地方": 1, "赞同": 1, "一句话": 1, "体现": 2, "难得": 1, "少有": 1, "霸气": 1, "核心": 4, "竞争力": 2, "选择": 2, "Facebook": 4, "周五": 2, "贸易": 2, "智能": 3, "手机": 13, "预装": 2, "程序": 3, "这家": 3, "打击": 1, "6月": 2, "8日": 2, "称": 2, "暂停": 1, "提供": 5, "软件": 2, "现有": 2, "下载": 1, "更新": 2, "自行": 1, "安装": 1, "APP": 1, "贸易战": 1, "升级": 1, "美国商务部": 2, "上个月": 1, "发出": 1, "未经": 1, "批准": 1, "出售": 1, "商务部": 2, "本周": 1, "回应": 1, "针对": 1, "外国": 1, "可靠": 1, "实体": 1, "全球": 11, "拉黑": 1, "第一": 6, "提供商": 1, "第二": 2, "美方": 4, "间谍": 2, "活动": 2, "并未": 1, "主动": 1, "证据": 1, "提到": 1, "5月": 2, "21日": 1, "给予": 1, "90": 1, "宽限期": 1, "研究": 1, "发布": 3, "临时": 1, "许可": 1, "措施": 1, "确保": 1, "合规": 1, "拒绝": 1, "就此": 1, "发表": 1, "评论": 1, "安卓": 2, "Android": 1, "操作": 3, "开发": 1, "未来": 2, "配备": 1, "旗舰": 1, "服务": 2, "包括": 2, "地图": 1, "Gmail": 1, "搜索": 1, "近日": 2, "消息": 2, "传出": 1, "改变": 1, "主意": 1, "政局": 1, "破例": 1, "供华": 1, "外媒": 1, "报道": 1, "显示": 1, "截止": 2, "4月份": 1, "标准": 12, "专利": 16, "拥有": 6, "1554族": 2, "超越": 1, "诺基亚": 3, "1427族": 1, "三星": 2, "1316族": 1, "第三": 1, "数量": 2, "最多": 1, "报告": 1, "指出": 1, "首次": 1, "达成": 1, "统一": 1, "一代": 1, "通信": 2, "各国": 2, "实力": 1, "36%": 2, "位居": 2, "力压": 1, "竞争": 1, "对手": 1, "位列": 2, "LG": 1, "紧随": 1, "其后": 1, "第六": 1, "846族": 1, "值得": 3, "排名": 3, "第五": 3, "1208族": 1, "50%": 1, "指": 1, "或者说": 1, "层面": 1, "避开": 1, "苹果": 3, "Intel": 1, "仅仅": 1, "12族": 1, "551": 1, "中兴": 3, "国内": 3, "OPPO": 3, "科学技术": 2, "研究院": 2, "上榜": 1, "算": 1, "四": 2, "工信部": 3, "数据": 1, "2019年": 1, "20多": 1, "占比": 3, "30%": 1, "首位": 1, "研发": 6, "投入": 3, "去年": 1, "申请": 1, "2018年": 1, "收入": 1, "7200亿": 1, "人民币": 2, "领域": 2, "资金": 1, "千亿": 1, "全世界": 1, "中华": 2, "排": 1, "名": 1, "有限公司": 1, "副总裁": 1, "鲁勇": 1, "16000": 1, "体验": 2, "换成": 1, "A4纸": 1, "将近": 1, "10": 1, "高达": 1, "20%": 1, "15%": 1, "拍照": 2, "国产": 2, "枚": 1, "第一时间": 1, "将来": 1, "引领": 1, "产品线": 1, "总裁": 1, "杨朝斌": 1, "投资": 1, "100亿": 1, "唯一": 1, "方案": 1, "vivo": 1, "小米": 2, "做好": 1, "在内": 1, "产业链": 1, "紧密": 1, "探索": 1, "极致": 1, "感谢": 2, "阅读": 1, "笔者": 1, "资讯": 2, "账号": 1, "获取": 1, "信息": 1, "转载": 1, "百家号": 1, "作者": 1, "行走": 2, "网事": 2, "众所周知": 1, "如今": 8, "互联网": 2, "科技圈": 1, "名字": 2, "谈": 1, "想必": 1, "肯定": 1, "点燃": 1, "平稳": 1, "低调": 1, "来临": 2, "名声": 1, "夜": 1, "爆发": 1, "这一切": 1, "米国": 1, "关爱": 1, "品牌": 2, "代表": 2, "一开始": 4, "这几年": 2, "势如破竹": 1, "好好": 1, "想想": 1, "科研": 1, "倾力": 1, "难道": 1, "成功": 2, "吸收": 1, "出口": 1, "转型": 5, "熟悉": 2, "友商": 1, "走": 1, "自主": 1, "道路": 1, "饱受": 1, "诟病": 1, "麒麟": 3, "保守": 1, "赞扬": 1, "造芯": 1, "路": 2, "走过": 1, "漫长": 1, "时间": 1, "发生": 1, "大地": 1, "变化": 1, "路上": 1, "王者": 1, "叱咤风云": 1, "摩托罗拉": 1, "联想": 1, "收购": 1, "黑马": 1, "金立": 1, "濒临": 1, "退市": 1, "鼻祖": 1, "乐视": 1, "发烧": 1, "站稳": 1, "OV": 1, "兄弟": 2, "齐心共进": 1, "响彻": 1, "东南亚": 1, "传音": 1, "占据": 2, "非洲": 1, "背景": 2, "看好": 2, "制造": 1, "不大": 1, "必定": 2, "崛起": 1, "酒": 2, "巷子": 2, "害怕": 1, "展现": 1, "国人": 2, "眼前": 1, "眼中": 1, "早已": 1, "一部分": 1, "江山": 1, "气势": 1, "的确": 1, "尊敬": 1, "感慨": 1, "睿智": 1, "坚毅": 1, "地位": 1, "灌输": 2, "精神": 1, "密不可分": 1, "这次": 3, "争夺": 1, "铁血": 1, "军魂": 1, "血液": 1, "当中": 2, "坚强": 2, "意识": 1, "雄心": 1, "对此": 1, "不少": 1, "公开": 4, "抵制": 1, "家人": 1, "爱国": 1, "不得不": 1, "承认": 1, "学习": 1, "精气神": 1, "依然": 1, "从容不迫": 1, "应对": 1, "真的": 2, "佩服": 1, "一家": 2, "最为": 1, "360": 4, "前不久": 1, "硬件": 1, "协助": 1, "生产": 1, "做出": 1, "情怀": 1, "舍我其谁": 2, "品质": 1, "外界": 1, "灵魂": 1, "聚拢": 1, "夸张": 1, "想": 1, "儿女": 1, "亮剑": 1, "云飞": 2, "经典": 1, "对话": 1, "结尾": 1, "平安": 1, "县城": 1, "帮帮": 1, "场子": 1, "齐心": 1, "其利断金": 1, "加油": 1, "好样": 1, "分享": 1, "创业": 1, "故事": 1, "喜欢": 1, "忘": 1, "~": 1}