{"此前": 7, "消息": 6, "华为": 81, "荣耀": 14, "预告": 1, "2019年": 5, "7月": 2, "15号": 1, "发布": 7, "全新": 5, "品类": 2, "电视": 14, "产品": 2, "宣告": 1, "正式": 5, "进军": 1, "款": 21, "传统": 2, "意义": 1, "透漏": 1, "京东": 5, "页面": 3, "曝光": 5, "智慧": 16, "屏": 1, "竞品": 1, "介绍": 1, "大屏": 12, "覆盖": 1, "场景": 1, "主打": 3, "互联": 6, "核心": 4, "彩页": 5, "显示": 2, "分享": 1, "雀跃": 1, "兼具": 1, "相聚": 1, "喜悦": 1, "一点": 3, "推断": 1, "配备": 2, "摄像头": 2, "投屏": 1, "功能": 9, "宣称": 2, "拥有": 2, "关怀": 1, "照顾": 1, "份": 10, "感动": 1, "再次": 1, "佐证": 1, "影像": 1, "通讯": 1, "发力": 1, "海报": 1, "发起": 1, "项": 2, "投票": 2, "内容": 2, "智慧屏": 3, "从此": 1, "很": 10, "信心": 2, "屏主": 1, "过早": 1, "鸿蒙": 55, "系统": 56, "实锤": 1, "物联网": 10, "研发": 5, "万物": 2, "互联而生": 1, "不得不": 1, "意淫": 1, "难道": 1, "搭载": 5, "毕竟": 1, "时代": 1, "占据": 1, "位置": 1, "无从": 1, "得知": 1, "操作": 22, "早": 1, "布局": 2, "申请": 1, "很多": 13, "商标": 1, "包括": 1, "、": 25, "智屏": 1, "Vision": 1, "名字": 1, "当中": 2, "不难": 1, "科技": 4, "给出": 1, "宣传语": 1, "集成": 1, "相机": 2, "智能": 3, "手机": 35, "才": 1, "配": 1, "未来": 4, "不仅仅": 1, "近期": 7, "事情": 4, "倒下": 1, "路上": 1, "前行": 1, "黑科技": 1, "慢慢": 2, "公布": 2, "提振": 1, "行业": 1, "低迷": 1, "种种": 1, "表现": 3, "无疑": 2, "一个": 11, "公司": 7, "暂且": 1, "网上": 1, "质疑": 2, "激发": 1, "全民": 1, "自主": 2, "浪潮": 1, "意识": 1, "手里": 2, "腰板": 1, "才能": 4, "硬": 1, "料": 1, "立马": 1, "剁手": 1, "支持": 9, "说道": 2, "微信": 15, "都": 16, "陌生": 1, "最为": 1, "便捷": 2, "社交": 4, "软件": 6, "支付": 2, "全能": 1, "相比": 3, "支付宝": 1, "本来": 1, "人数": 1, "肯定": 2, "日常": 1, "工程": 1, "会见": 1, "双开": 7, "情况": 8, "第3方": 1, "插件": 4, "实施": 1, "命令": 1, "禁止": 1, "发现": 3, "号": 1, "封停": 1, "风险": 1, "隐私": 3, "尝试": 1, "封号": 4, "前不久": 1, "官方": 9, "平台": 1, "内": 2, "大肆": 1, "打压": 1, "外挂": 1, "第3": 1, "无非": 1, "收费": 1, "盈利": 1, "解决": 1, "常见": 1, "自动": 5, "抢": 1, "红包": 1, "瞬间": 1, "抢来": 1, "键": 1, "点赞": 1, "发": 1, "朋友圈": 1, "好友": 2, "严打": 1, "过程": 1, "泄露": 2, "BUG": 1, "朋友": 1, "盗刷": 1, "信息": 8, "盗用": 1, "知情": 1, "发生": 1, "点开": 1, "链接": 1, "来路": 1, "不明": 1, "组织": 1, "违规": 1, "手段": 2, "开发": 4, "实际上": 1, "挂": 1, "用户": 4, "下载": 1, "腾讯": 6, "山寨": 2, "版": 2, "窃取": 1, "聊天": 1, "记录": 1, "账号": 1, "密码": 2, "银行卡": 1, "出发点": 1, "净化": 1, "环境": 1, "近日": 1, "网友": 1, "吐槽": 1, "原因": 1, "自带": 2, "疑惑": 1, "那种": 1, "不明不白": 2, "没事": 1, "算": 3, "开么": 1, "简单": 1, "分身": 4, "接触": 1, "外界": 1, "黑": 1, "担心": 1, "判定": 1, "不止": 1, "小编": 1, "打击": 1, "区分": 1, "误封号": 1, "耗费": 1, "长": 2, "时间": 6, "精力": 1, "找回": 1, "找": 1, "回来": 1, "带来": 2, "厂商": 1, "尽量": 2, "对此": 1, "旗下": 1, "分为": 1, "众多": 1, "系列": 7, "旗舰级": 1, "P系列": 1, "mate": 1, "nova": 4, "处于": 1, "中高端": 1, "价格": 1, "一向": 1, "亲民": 1, "销量": 1, "不错": 4, "最新": 3, "nova5": 8, "Pro": 8, "售价": 2, "算作": 1, "期间": 2, "赋予": 1, "厚望": 1, "屏幕": 3, "采用": 6, "6.39": 1, "英寸": 1, "OLED": 1, "水": 1, "滴屏": 1, "挖孔": 1, "设计": 3, "分辨率": 2, "FHD": 1, "+": 5, "级别": 1, "全DC": 1, "调光": 1, "恐怖": 1, "超过": 2, "90%": 1, "倾向": 1, "年轻": 1, "女性": 1, "色彩": 1, "选择": 1, "年轻化": 1, "一共": 1, "绮境": 1, "森林": 1, "仲夏紫": 1, "珊瑚": 1, "橙": 1, "亮": 1, "黑色": 1, "四": 3, "颜色": 1, "机身": 2, "薄": 2, "地方": 1, "7.33": 1, "手感": 1, "指纹": 3, "解锁": 4, "很快": 1, "速度": 5, "成功率": 1, "背后": 1, "优势": 2, "在于": 1, "快捷": 1, "背面": 1, "美感": 1, "提升": 1, "整块": 1, "后壳": 1, "3D": 1, "精雕": 1, "工艺": 1, "晶莹": 1, "视觉": 1, "感受": 1, "舒适": 1, "重量": 1, "171g": 1, "女生": 1, "手臂": 1, "累": 1, "旗舰机": 1, "麒麟980": 1, "处理器": 4, "含有": 1, "69亿": 1, "颗": 5, "晶体管": 1, "主频": 3, "2.6GHz": 1, "高性能": 2, "1.9GHz": 1, "能效": 1, "大核": 1, "1.8GHz": 1, "小核": 1, "2+2+4": 1, "发展": 7, "多年": 1, "骁龙": 1, "855": 1, "流畅度": 2, "微小": 1, "差距": 1, "契合": 1, "优化": 2, "空间": 1, "GPU": 1, "Turbo": 1, "3.0": 1, "GU": 1, "游戏": 2, "深层次": 1, "大型": 1, "手游": 1, "掉": 1, "帧": 1, "耗电量": 1, "低": 2, "注定": 1, "电池": 2, "容量": 1, "一块": 1, "3500": 1, "mAh": 1, "续航": 1, "天一": 1, "保证": 1, "收卷机": 1, "40W": 1, "闪充": 1, "仅仅": 2, "半": 1, "小时": 2, "充入": 1, "80%": 1, "电量": 1, "充电": 1, "夸张": 1, "推崇": 1, "拍摄": 3, "前置": 1, "3200万": 1, "超高像素": 1, "光滑": 1, "AI美型": 1, "肤色": 1, "多种": 1, "美颜": 1, "模式": 1, "喜欢": 2, "自拍": 3, "女": 1, "孩子们": 1, "神器": 1, "人像": 1, "超级": 1, "夜景": 1, "人景": 1, "方式": 2, "夜晚": 1, "光线": 1, "条件": 1, "排出": 1, "质量": 1, "照片": 1, "置头": 1, "4800万": 1, "素主": 1, "摄": 2, "＋": 1, "1600万": 1, "素超": 1, "广角": 1, "200万": 2, "像素": 1, "微距": 3, "素虚化": 1, "镜头": 6, "独立": 1, "4": 1, "cm": 1, "摄影": 1, "选项": 1, "常规": 1, "作用": 1, "适合": 1, "工艺品": 1, "花蕊": 1, "物体": 1, "va5": 1, "性价比": 1, "性能": 1, "优秀": 1, "NFC": 1, "HUAWEI": 1, "Share": 1, "碰传": 1, "车": 1, "钥匙": 1, "稍微": 1, "研究": 6, "出行": 1, "不少": 2, "千辞": 1, "视角": 1, "看点": 1, "留言": 1, "评论": 1, "！": 2, "版权": 1, "盗版": 1, "必究": 1, "图片": 1, "来源于": 1, "网络": 5, "侵权": 1, "请": 2, "作者": 1, "删除": 1, "遭受": 1, "美国": 3, "封锁": 1, "背景": 1, "面向": 3, "战略": 1, "反制": 1, "关注": 2, "笔者": 3, "流言": 1, "浮现": 1, "之上": 1, "真真假假": 1, "难以": 1, "分辨": 1, "非议": 1, "争端": 1, "究竟": 4, "渠道": 2, "错综复杂": 1, "难辨": 1, "真伪": 1, "源自": 1, "真实性": 2, "权威性": 2, "搜集": 1, "整理": 2, "最高层": 1, "领导": 4, "汇总": 2, "供": 1, "参考": 1, "希望": 3, "尽可能": 1, "还原": 1, "真实": 4, "报道": 11, "指出": 3, "任正非": 23, "亲口": 4, "安卓": 33, "快": 21, "60%": 19, "接受": 8, "采访": 7, "口吻": 1, "口风": 1, "相符": 1, "引发": 1, "真的": 1, "出自": 1, "口": 1, "高层": 2, "人士": 1, "公开": 2, "生态": 12, "拥护者": 1, "基于": 2, "打造": 3, "跳出": 1, "亲自": 1, "表态": 1, "：": 24, "拥护": 1, "大论": 1, "高低": 1, "长短": 1, "显得": 1, "突兀": 1, "自相矛盾": 1, "追溯": 2, "来源": 2, "本文": 1, "重点": 1, "后续": 1, "详细": 1, "展开": 1, "在此之前": 1, "不妨": 1, "倒叙": 1, "回顾": 1, "权威": 2, "描述": 6, "梁华": 4, "适配": 3, "未定": 1, "12日": 1, "2018年": 1, "持续": 1, "报告": 10, "发布会": 1, "谈及": 2, "董事长": 4, "未": 3, "梁华梁华": 1, "用于": 1, "驾驶": 3, "远程": 1, "医疗": 1, "低时": 1, "延场景": 1, "开放": 3, "首选": 1, "编者按": 4, "发言": 2, "不免": 1, "疑问": 1, "没关系": 1, "往下": 1, "胡": 1, "厚崑": 1, "上市": 4, "日期": 3, "6月": 4, "26日": 1, "副董事长": 3, "胡厚崑": 4, "上海": 1, "MWC": 1, "19": 1, "媒体": 4, "见面会": 2, "中外": 1, "这次": 2, "何种": 1, "自然": 1, "全球": 3, "焦点": 1, "销售": 1, "运行": 2, "坚定": 2, "支持者": 2, "确保": 1, "影响": 2, "谈到": 2, "关心": 1, "进一步": 1, "办法": 1, "披露": 1, "透露": 2, "关键": 3, "并非": 5, "24日": 1, "创始人": 2, "金融": 2, "时报": 2, "专访": 12, "近况": 1, "做出": 2, "正面": 1, "回应": 1, "深度": 1, "纪要": 5, "相关": 6, "节选": 1, "记者": 5, "听说": 1, "能力": 1, "部署": 1, "替代": 2, "谷歌": 3, "本身": 3, "工业": 1, "自动化": 1, "精确": 2, "控制": 2, "时延": 5, "五": 1, "毫秒": 3, "毫秒级": 2, "亚毫": 2, "秒级": 2, "第二": 1, "公用": 1, "建立": 2, "三年": 1, "依托": 1, "中国": 5, "定位": 1, "均": 1, "本次": 1, "说法": 5, "口径": 1, "18日": 1, "法国": 2, "观点": 8, "周刊": 5, "言论": 1, "探寻": 1, "找到": 3, "此次": 2, "原文": 2, "数千": 1, "块": 1, "电路板": 2, "端": 3, "5": 1, "延": 1, "生产": 1, "有用": 1, "齿轮": 3, "准确": 1, "咬合": 1, "将来": 1, "走向": 1, "社会": 1, "苹果": 2, "这是": 3, "商业": 2, "论据": 8, "技术": 7, "缺点": 1, "纯": 1, "技术性": 1, "电信": 2, "想象": 1, "想": 1, "高端": 1, "转移": 1, "界定": 1, "备胎": 1, "计划": 2, "B": 1, "原本": 1, "并未": 3, "提及": 3, "文档": 1, "环节": 1, "不得而知": 5, "至少": 4, "确认": 1, "版本": 2, "60％": 1, "线索": 2, "浏览": 1, "事实": 1, "真相": 1, "最终": 4, "篇": 1, "客观": 1, "称": 1, "轻描淡写": 1, "一笔带过": 1, "太": 2, "细节": 4, "想到": 1, "沸腾": 1, "至此": 2, "阶段": 2, "①": 2, "谨慎": 1, "回答": 2, "；": 9, "②": 2, "杂志社": 1, "引用": 2, "中都": 1, "含糊": 1, "指": 2, "方舟": 2, "编译器": 2, "搜寻": 1, "大概": 1, "中旬": 1, "研发者": 1, "爆料": 2, "据称": 1, "测试": 7, "数据": 5, "传言": 3, "截图": 1, "详尽": 1, "机构": 1, "条": 1, "侧面": 1, "解释": 1, "保守": 1, "慎重": 1, "尚未": 1, "极为": 3, "当成": 2, "别人": 2, "事件": 1, "性质": 1, "扭曲": 1, "公众": 1, "极大": 1, "误导": 1, "众口铄金": 1, "传": 1, "玄": 1, "无形中": 1, "捧杀": 3, "反作用": 1, "理性": 2, "不宜": 2, "综合": 1, "时效性": 2, "考量": 1, "三": 2, "层级": 2, "诸多": 1, "具备": 1, "传播": 1, "演绎": 1, "空开": 1, "场合": 1, "发表": 1, "难": 1, "见谅": 1, "或许": 2, "威武": 1, "霸气": 1, "定论": 2, "仍旧": 1, "落实": 1, "回到": 1, "大致": 1, "可能性": 1, "超低": 1, "劣势": 1, "成熟": 1, "③": 1, "备用": 1, "设备": 1, "④": 1, "领域": 1, "不知": 1, "⑤": 1, "失落": 1, "不确定性": 1, "等到": 1, "解答": 1, "保留": 1, "期待": 1, "呼吁": 1, "对待": 1, "(": 1, "7218106": 1, ")": 1}