{"8月": 4, "10日": 2, "华为": 79, "开发者": 16, "大会": 7, "EMUI10": 7, "界面": 1, "设计": 13, "终于": 2, "公布": 2, "对手": 1, "持华": 1, "手机": 27, "用户": 12, "系统": 28, "期待": 4, "三点": 1, "全新": 3, "UX": 1, "、": 38, "场景": 13, "体验": 17, "畅快": 1, "标准": 1, "最先": 1, "感知": 1, "颜色": 1, "选择": 4, "基石": 1, "EMUI": 11, "10": 10, "采用": 6, "莫兰迪色系": 1, "视觉": 2, "感官": 1, "偏中性": 1, "温和": 1, "留白": 1, "理念": 1, "整体": 3, "UI": 2, "简洁": 1, "告别": 1, "信息": 2, "臃肿": 1, "图标": 3, "款": 9, "重点": 1, "此次": 3, "9.1": 1, "风格": 1, "延续": 1, "老": 2, "顺手": 1, "细节": 3, "扁平": 1, "精致": 2, "或许": 2, "黄金": 1, "比例": 1, "功劳": 2, "相册": 1, "笔记": 1, "杂志化": 1, "诸多": 1, "改进": 2, "AOD灭屏": 2, "显示": 3, "时间": 4, "数字": 2, "跟随": 1, "时辰": 1, "变化": 5, "光线": 1, "效果": 2, "新增": 2, "手表": 1, "同步": 1, "表盘": 1, "功能": 5, "深色": 3, "模式": 12, "遵循": 1, "易读性": 1, "舒适性": 1, "一致性": 1, "三大": 1, "原则": 1, "第三方": 3, "开放": 11, "接口": 3, "拥有": 2, "系统级": 1, "很多": 5, "都": 15, "调整": 1, "规范": 1, "导致": 3, "割裂感": 1, "较为": 2, "表现": 14, "提出": 1, "全场": 2, "景极": 1, "分布式": 5, "技术": 13, "设备": 13, "硬件": 4, "能力": 8, "分离": 1, "资源": 5, "共享": 3, "目的": 2, "打破": 1, "智能": 11, "之间": 2, "边界": 1, "壁垒": 1, "提供": 3, "编程": 1, "框架": 1, "开发": 10, "极大": 1, "减少": 2, "成本": 4, "提升": 3, "效率": 1, "底层": 3, "层面": 4, "引入": 1, "方舟": 4, "编译器": 4, "保证": 2, "足够": 1, "流畅": 5, "机型": 4, "加持": 1, "升级": 5, "确保": 2, "运行": 3, "简单": 5, "省去": 1, "传统": 2, "安卓": 4, "编译": 1, "步骤": 1, "降低": 1, "消耗": 4, "内存": 1, "回收": 1, "机制": 1, "流畅性": 1, "明年": 1, "完整": 4, "开源": 14, "更多": 1, "受益": 4, "单纯": 1, "角度": 3, "改变": 2, "天翻地覆": 1, "色系": 1, "价值": 2, "迭代": 1, "未来": 13, "布局": 3, "终极": 1, "目标": 1, "打造": 2, "生态": 14, "工信部": 1, "运营商们": 1, "发出": 1, "5G": 86, "牌照": 1, "基站": 5, "建设": 10, "高潮": 1, "阶段": 2, "梦想": 1, "走向": 2, "现实": 1, "公开": 1, "第一": 1, "之中": 1, "Mate": 30, "X": 27, "关注度": 1, "原因": 2, "国内": 3, "知名度": 1, "品牌": 2, "市场": 9, "份额": 3, "；": 12, "二来": 3, "首款": 2, "中国": 6, "终端": 6, "电信": 3, "进网": 1, "许可证": 1, "第三": 2, "唯一": 1, "商用": 1, "支持": 6, "SA/NSA": 1, "模组网": 1, "动向": 1, "自然": 2, "引发": 1, "关注": 3, "7月": 2, "26日": 1, "(": 1, ")": 1, "深圳": 1, "发布": 7, "开启": 3, "预约": 1, "16日": 1, "首销": 1, "售价": 2, "6199": 1, "元": 6, "如果说": 1, "构建": 1, "必要条件": 1, "现阶段": 2, "通向": 1, "门票": 1, "多半": 1, "撒谎": 1, "配方": 1, "熟悉": 1, "味道": 1, "华为已知": 1, "5G版": 2, "台": 2, "命名": 1, "察觉": 1, "原始": 2, "去年": 3, "Pro": 10, "游戏": 6, "性能": 1, "拍照": 2, "放": 1, "依然": 2, "不折不扣": 1, "旗舰": 2, "水准": 6, "外观": 3, "确实": 2, "7.2": 1, "英寸": 1, "全景": 1, "巨幕屏": 1, "珍珠屏": 1, "徕卡": 2, "三": 8, "摄": 5, "细看": 1, "找出": 1, "差异": 3, "区别": 1, "在于": 1, "背面": 5, "增加": 1, "醒目": 1, "标志": 1, "足以": 1, "身份": 1, "纹理": 1, "光滑": 1, "玻璃": 1, "镜面": 1, "好处": 1, "机身": 2, "太": 5, "沾染": 1, "指纹": 2, "打滑": 1, "手中": 3, "掉落": 1, "借助": 3, "力量": 2, "白天": 1, "晚上": 1, "出众": 2, "HDR": 1, "样片": 1, "曝光": 2, "均衡": 1, "大光比": 1, "应对": 1, "夜晚": 1, "赘述": 1, "系列": 1, "夜拍": 1, "顶尖": 1, "爽": 1, "不大": 1, "关系": 1, "本来": 2, "不错": 1, "萧规曹随": 1, "不妥": 1, "关心": 2, "地方": 3, "并非": 3, "网络": 52, "搭载": 4, "海思": 1, "麒麟": 1, "980": 1, "芯片": 4, "为止": 1, "顶级": 1, "胜任": 1, "均": 3, "压力": 1, "巴龙": 2, "5000": 2, "基带": 2, "联通": 5, "运营商": 3, "NSA": 11, "SA": 9, "组网": 9, "方式": 1, "读者": 1, "疑问": 1, "小雷": 5, "科普": 1, "中文": 1, "名": 4, "独立": 4, "二者": 1, "时代": 4, "作用": 2, "铺设": 5, "速度": 16, "快": 7, "核心网": 3, "参与": 2, "利用": 2, "旧": 1, "4G": 14, "普及": 3, "可谓": 1, "现有": 1, "低": 3, "脱离": 1, "设施": 1, "零": 1, "兴建": 1, "建网": 1, "过程": 4, "过渡": 1, "尚未": 4, "情况": 7, "顶上": 1, "SA组网": 6, "耗费": 1, "人力": 1, "物力": 1, "这是": 2, "值得": 2, "上行": 1, "下行": 8, "延迟": 4, "才能": 1, "代表": 2, "知识": 1, "接下来": 2, "实测": 4, "测试": 11, "1": 2, "：": 4, "广州": 8, "覆盖": 8, "测速": 1, "尝试": 1, "身处": 1, "全国": 1, "首批": 2, "城市": 3, "早已": 1, "接收": 1, "信号": 9, "只不过": 1, "一个": 9, "地区": 3, "选": 1, "很": 4, "代表性": 1, "中心区": 3, "边缘": 3, "城中村": 5, "天河区": 4, "算是": 1, "500": 7, "Mbps": 9, "所在": 1, "园区": 1, "700": 2, "浮动": 1, "很少": 1, "低于": 1, "中心": 2, "旗舰店": 2, "测得": 1, "神秘": 1, "加成": 2, "密度": 1, "下降": 2, "地图": 3, "现场": 1, "收到": 1, "如意": 1, "误差": 1, "测": 1, "对此": 1, "大概": 3, "结论": 2, "视": 1, "区域": 2, "强度": 2, "因素": 1, "干扰": 1, "大幅度": 1, "大体": 1, "收": 2, "惊喜": 1, "角落": 1, "稳定": 2, "综合": 1, "水平": 2, "略微": 1, "超出": 1, "预期": 1, "市区": 1, "2：SA": 1, "测试机": 1, "默认": 1, "连接": 3, "前文科普": 1, "总部": 1, "1700+": 1, "切换": 2, "下载": 2, "加快": 1, "想到": 1, "一点": 2, "手动": 1, "设置": 1, "调成": 1, "重启": 2, "丢失": 1, "爆表": 1, "只能": 3, "搜索": 1, "询问": 1, "工作": 1, "人员": 1, "可用": 1, "基于": 6, "顿时": 1, "真相": 1, "大白": 1, "想要": 1, "SA组": 1, "网下": 1, "超高速": 1, "等待": 1, "3:5G": 1, "视频": 7, "玩": 3, "超凡": 1, "状态": 1, "1080P": 2, "播": 1, "无需": 2, "缓冲": 2, "差": 3, "家常便饭": 1, "事情": 1, "观看": 1, "在线": 1, "亮点": 1, "不妨": 2, "玩云": 1, "电脑": 4, "年底": 1, "现如今": 1, "得以": 1, "证明": 1, "当初": 1, "判断": 1, "正确": 1, "室外": 1, "网游": 1, "大作": 1, "逆水寒": 1, "试玩": 1, "游玩": 2, "最低": 1, "16": 1, "一度": 1, "100": 3, "波动": 1, "40": 1, "画面": 2, "人物": 1, "跑动": 1, "跳跃": 1, "动作": 1, "感到": 1, "满意": 1, "流畅度": 1, "PC端": 1, "完美": 1, "稳定性": 1, "提高": 2, "空间": 1, "无线": 1, "老毛病": 1, "怪不得5G": 1, "不难": 1, "到来": 3, "有望": 8, "鸡肋": 1, "实用": 1, "看好": 1, "前景": 1, "想": 2, "将来": 1, "用上": 1, "网速": 1, "更进一步": 1, "那时候": 1, "才": 1, "算": 1, "美滋滋": 1, "4:5G": 1, "打电话": 5, "少有": 1, "提及": 1, "测试点": 1, "天然": 1, "弱点": 1, "走": 3, "VoLTE": 8, "通道": 4, "传输": 1, "语音": 2, "服务": 10, "回落": 3, "3G网": 1, "2G": 1, "网": 2, "EPS": 1, "Fallback": 1, "VoNR": 1, "暂时": 1, "没法": 1, "料想": 1, "想象": 1, "还要": 2, "电话卡": 1, "开通": 1, "竟": 1, "3G": 1, "通话": 1, "质量": 2, "本质": 1, "差别": 1, "至今": 2, "话题": 2, "上心": 1, "自带": 1, "打算": 1, "一并": 1, "解决": 2, "重复": 1, "浪费": 1, "扫清": 1, "雷": 1, "此前": 1, "忧虑": 1, "5G网": 1, "处于": 1, "令人满意": 1, "5:5G": 1, "续航": 2, "发热": 3, "相比": 1, "消费者": 7, "播放": 2, "半": 1, "小时": 1, "亮度": 1, "开到": 1, "声音": 1, "静音": 1, "电量": 3, "10%": 1, "室温": 1, "26℃": 1, "温热": 1, "温度": 2, "33": 1, "℃": 2, "同一个": 1, "30": 2, "分钟": 1, "见到": 1, "11%": 1, "34": 1, "推断": 1, "冷静": 1, "7": 1, "纳米": 1, "制程": 1, "工艺": 1, "持平": 1, "用完": 1, "回": 1, "赋予": 1, "别样": 1, "意义": 1, "眼中": 2, "类似": 1, "竞品": 1, "数不胜数": 1, "前沿": 1, "玩家": 1, "连贯": 1, "桥梁": 1, "最佳": 2, "平台": 6, "以往": 1, "朋友": 1, "都会": 2, "购买": 1, "产品": 2, "换代": 1, "的确": 1, "享受": 3, "时机": 1, "下定": 1, "决心": 1, "拥抱": 1, "购机": 1, "首选": 1, "这时候": 1, "本身": 2, "实力": 1, "失望": 1, "至少": 1, "限度": 1, "原汁原味": 1, "品尝": 1, "来源": 1, "Wind": 3, "资讯": 1, "HDC2019": 1, "松山湖": 1, "基地": 1, "11日": 1, "本次": 5, "论坛": 2, "codelabs": 1, "议程": 1, "设定": 1, "今日": 1, "预计": 4, "科技": 6, "趋势": 2, "洞察": 1, "领先": 1, "陆续": 1, "揭晓": 1, "官方": 2, "介绍": 3, "称": 5, "参与者": 1, "600": 1, "专家": 1, "全球": 11, "6000": 1, "合作伙": 1, "围绕": 2, "Rethink": 1, "Possibilities": 1, "主题": 1, "关键": 1, "全球化": 1, "发展": 6, "探讨": 1, "面向": 3, "智慧": 12, "智慧化": 1, "极致": 1, "带给": 1, "品华": 1, "发布会": 1, "操作": 7, "微内核": 1, "鸿蒙": 13, "OS": 6, "率先": 4, "部署": 1, "智慧屏": 3, "车载": 1, "穿戴": 1, "越来越": 1, "荣耀": 4, "正式": 3, "屏": 3, "自研": 2, "鸿鹄": 1, "818": 1, "具备": 2, "升降式": 2, "AI": 1, "摄像头": 10, "值得一提的是": 1, "取消": 3, "开机": 1, "广告": 2, "定价": 1, "标准版": 1, "3799": 1, "带有": 1, "升降": 1, "版本": 1, "4799": 1, "定制": 1, "适用于": 1, "平板": 2, "即日": 1, "P30": 1, "尝": 1, "鲜": 1, "感受": 1, "协同": 2, "带来": 3, "生活": 3, "如同": 1, "超强": 1, "虚拟": 1, "面对": 1, "多样化": 1, "复杂性": 1, "即可": 2, "跨": 2, "时延": 1, "引擎": 1, "改善": 1, "无序": 1, "争夺": 1, "卡顿": 1, "交互": 1, "举世瞩目": 1, "HMS": 8, "筑": 2, "Huawei": 2, "Mobile": 2, "Services": 2, "缩写": 1, "华为云": 2, "合集": 1, "集成": 1, "SDK": 1, "活跃度": 1, "稳步": 1, "增强": 2, "盈利": 1, "期间": 2, "重磅": 1, "定位": 1, "统一": 1, "扫码": 1, "推出": 1, "全方位": 1, "基础": 1, "Core": 2, "14": 1, "项": 3, "51": 1, "885": 1, "API": 1, "接入": 2, "超": 1, "4.3万": 1, "2019年": 1, "12月": 1, "上线": 1, "原子化": 1, "分发": 1, "万亿级": 2, "社区": 7, "2010年": 1, "业务": 3, "增长": 3, "68": 1, "倍": 1, "！": 5, "170": 1, "国家": 1, "5.3亿": 1, "HiAI": 1, "合作": 2, "伙伴": 5, "超过": 6, "2500": 1, "HiLink": 2, "协议": 1, "IoT": 4, "1.4亿": 1, "初具规模": 1, "船票": 1, "官网": 1, "联接": 1, "万物": 1, "打开": 1, "CEO": 1, "余承东": 2, "长期": 1, "致力于": 1, "包括": 1, "在内": 1, "创新": 2, "留给": 2, "快速": 1, "景": 1, "2025": 1, "1000": 1, "亿": 3, "人均": 1, "25": 1, "1+8+N": 1, "指": 2, "8": 1, "音箱": 1, "N": 1, "给出": 1, "物联网": 4, "方案": 1, "件": 1, "套": 1, "+": 2, "LiteOS": 1, "万亿": 1, "刻不容缓": 1, "微软": 1, "GitHub": 1, "近期": 1, "种种": 1, "禁封": 1, "账号": 1, "事件": 1, "科技界": 1, "敲响": 1, "警钟": 1, "BG": 1, "软件": 7, "总裁": 1, "王成录": 1, "一两": 1, "基金会": 2, "运营": 1, "工业化": 1, "非盈利": 1, "厂商": 4, "个体": 1, "贡献者": 1, "贡献": 2, "据悉": 1, "排名": 1, "发言权": 1, "运作": 1, "规则": 1, "后续": 1, "初创者": 1, "讨论": 1, "北京": 1, "鲲鹏": 8, "计算": 3, "产业": 2, "峰会": 1, "「": 1, "凌云": 2, "远": 2, "架构": 2, "」": 1, "会议": 1, "处理器": 1, "做出": 1, "举措": 1, "主板": 1, "整机": 1, "参考": 1, "服务器": 1, "GaussDB": 1, "数据库": 1, "人才": 1, "投入": 3, "培养": 1, "工程师": 1, "A股": 1, "产业链": 5, "不俗": 1, "坚定": 1, "前行": 1, "相关": 3, "公司": 1, "借力": 1, "青云": 1, "资本": 1, "概念": 2, "指数": 2, "年初": 1, "涨幅": 1, "20％": 1, "优于": 1, "大市": 1, "深度": 1, "资料": 1, "伴随": 1, "成熟": 2, "能量": 1, "辐射": 1, "不止": 1, "申港": 1, "证券": 4, "国产": 1, "机遇": 1, "厚积薄发": 1, "打通": 1, "移动端": 1, "网联": 2, "汽车": 9, "国产化": 1, "浪潮": 1, "供应商": 1, "计算机": 1, "分析": 1, "辅助": 1, "工具": 2, "跨平台": 1, "面临": 1, "适配": 2, "优化": 1, "中信": 2, "建投": 2, "适合": 1, "通讯": 1, "领域": 3, "优势": 1, "近年来": 1, "车联网": 1, "收入": 2, "增量": 1, "数百亿": 1, "美元": 1, "电子": 3, "零部件": 1, "销售": 2, "来年": 1, "内": 1, "美金": 1, "量级": 1, "博世比肩": 1, "巨头": 1, "未": 1, "难以": 1, "颠覆": 1, "先进": 1, "入者": 1, "困境": 1, "同一起": 1, "跑线": 1, "环节": 1, "高清": 1, "/": 4, "传感器": 3, "毫米波": 1, "激光": 1, "雷达": 1, "电池": 1, "电控": 1, "电机": 1, "算法": 1, "西南": 1, "研报": 1, "定义": 1, "70％": 1, "车身": 1, "底盘": 1, "自动": 2, "驾驶": 2, "客户": 1, "付出": 1, "钱": 1, "大部分": 1, "形态": 1, "发生": 1, "造车": 1, "行业": 2, "预测": 1, "2020年": 1, "规模": 1, "1000亿": 1, "环境": 1, "闻": 1, "泰": 1, "韦尔": 1, "股份": 1, "兆": 1, "强Beta": 1, "华泰": 2, "TMT": 2, "团队": 2, "高速": 1, "迎来": 1, "契机": 1, "IDC": 1, "云营": 1, "300％": 1, "云PaaS": 1, "增速": 1, "接近": 1, "700％": 1, "23日": 1, "云正式": 1, "计划": 3, "1亿": 1, "资金": 1, "鲲鹏云": 1, "移植": 1, "5亿": 1, "五": 1, "年内": 1, "投资": 1, "30亿": 1, "建议": 1, "云鲲鹏": 1, "消息": 1, "Mate30": 7, "幅度": 1, "无论是": 1, "配置": 1, "方形": 1, "浴霸": 2, "改为": 1, "圆形": 1, "凸起": 1, "磨损": 1, "佩戴": 1, "保护套": 1, "这次": 1, "爆": 1, "渲染": 1, "刘海": 1, "面积": 1, "下边": 1, "黑边": 1, "占比": 1, "再度": 1, "渐变": 1, "色": 1, "左侧": 1, "听筒": 1, "麦克风": 1, "笔者": 4, "疑惑": 1, "难道": 1, "到时候": 1, "发": 1, "对着": 1, "侧面": 1, "背部": 1, "说话": 1, "想想": 1, "别扭": 1, "保留": 1, "3.5": 1, "耳机": 1, "单扬": 1, "声器": 1, "Type-C": 1, "突破": 1, "3D人脸": 1, "识别": 2, "屏幕": 1, "摄像": 1, "首次": 1, "4000万": 3, "像素": 4, "为此": 1, "申请": 1, "电影": 1, "镜头": 1, "专利": 1, "据称": 1, "拍出": 1, "电影级": 1, "后置": 1, "颗": 3, "IMX650": 1, "RYYB像素": 1, "超广角": 1, "索尼": 1, "研发": 1, "800万": 1, "长焦": 1, "配备": 1, "线性": 7, "马达": 8, "动效": 1, "呼应": 1, "配合": 2, "到底": 1, "形式": 1, "运动": 2, "弹簧": 1, "块": 1, "电能": 1, "转换": 1, "直线": 1, "机械": 1, "发动": 1, "模块": 1, "平常": 1, "点触": 1, "按压": 1, "震动": 1, "反馈": 2, "触感": 2, "振动": 1, "震感": 1, "震动感": 1, "舒服": 2, "噪音": 1, "40db": 1, "震动声": 1, "当作": 1, "起床": 1, "铃": 1, "苹果": 2, "模拟": 1, "实体": 2, "按键": 2, "iOS": 1, "机上": 1, "体验感": 1, "大势所趋": 1, "措施": 1, "范儿": 2, "本文": 1, "首发": 1, "喜欢": 1, "记得": 1, "收藏": 1, "赞": 1, "动力": 1}