{"日子": 1, "美国": 21, "华为": 20, "封锁": 5, "想到": 1, "措施": 2, "与其说": 1, "短短": 1, "不到": 1, "时间": 2, "导致": 1, "科技": 1, "巨头们": 1, "遭受": 1, "损失": 3, "不得已": 1, "之下": 2, "特朗普": 4, "公开": 2, "场合": 1, "服软": 1, "取消": 1, "禁令": 1, "总统": 1, "都": 1, "发话": 1, "内部": 1, "想": 2, "执行": 1, "拖": 1, "解禁": 2, "事宜": 1, "不少": 1, "鹰派": 1, "人员": 1, "大放厥词": 1, "指责": 1, "错误": 1, "做法": 1, "光动": 1, "嘴皮子": 1, "真金": 1, "白银": 1, "赤裸裸": 1, "现实": 1, "喊": 1, "狠话": 1, "弥补": 1, "这位": 1, "精明": 1, "商人": 1, "做出": 2, "妥协": 1, "万般": 1, "无奈": 1, "美国商务部": 1, "兑现": 1, "承诺": 1, "合作": 1, "企业": 2, "提交": 2, "申请": 1, "批准": 1, "出售": 4, "产品": 1, "依然": 1, "甘心": 1, "筹划": 1, "一个": 3, "损招": 1, "对付": 1, "环球": 1, "时报": 1, "本月": 1, "20日": 1, "报道": 1, "名": 1, "参议员": 1, "国会": 1, "项": 2, "草案": 5, "禁止": 5, "实体": 1, "清单": 1, "当中": 1, "购买": 2, "专利": 7, "提出": 1, "议员": 1, "毫不避讳": 1, "针对": 1, "值得": 1, "采购": 2, "理解": 1, "原因": 1, "跟前": 1, "段": 1, "反击": 1, "关系": 1, "电信": 1, "运营商": 1, "威瑞森": 1, "收取": 1, "笔": 1, "超过": 1, "10亿": 1, "美元": 1, "专利费": 4, "这笔": 2, "涉及": 1, "230": 1, "搞": 1, "措手不及": 1, "5G": 2, "技术": 2, "水平": 1, "确实": 1, "很": 1, "建设": 1, "网络": 1, "不得不": 1, "支付": 1, "响应": 1, "费用": 1, "理所当然": 1, "美方": 1, "认账": 1, "反咬一口": 1, "称": 1, "这是": 1, "流氓": 2, "手段": 2, "试图": 2, "出台": 1, "法案": 1, "相关": 1, "起诉": 1, "权利": 1, "吃香": 1, "难看": 1, "摆明": 1, "赖掉": 2, "到头来": 1, "此举": 1, "立刻": 2, "美企": 1, "群起": 1, "攻": 1, "事情": 1, "刚刚": 1, "转机": 1, "节外生枝": 1, "接受": 1, "高官": 1, "提": 1, "会面": 1, "阻止": 1, "生效": 1}