{"2019年": 4, "华为": 51, "赚足": 1, "眼球": 1, "资本": 2, "市场": 10, "一道": 1, "亮丽": 1, "风景线": 1, "概念股": 8, "走强": 6, "翻倍": 1, "股": 2, "辈出": 1, "9月": 3, "22日": 2, "中证君": 10, "采访": 2, "产业链": 9, "上市": 6, "公司": 22, "、": 16, "机构": 2, "投资者": 2, "分析师": 3, "业内": 2, "人士": 5, "5G": 32, "预期": 7, "释放": 4, "消费": 4, "电子": 13, "板块": 13, "周期": 5, "反转": 3, "多种": 1, "因素": 4, "叠加": 2, "业内人士": 1, "指出": 1, "到来": 2, "轮": 1, "智能": 4, "手机": 15, "机潮": 1, "业绩": 10, "受益": 1, "关键": 1, "相关": 2, "兑现": 5, "20多": 2, "涨幅": 7, "超": 1, "100%": 3, "6月": 1, "18日": 1, "卓胜微": 4, "深交所": 1, "创业板": 1, "发行价": 2, "35.29": 1, "元": 2, "20日": 1, "卓胜": 1, "微收报": 1, "354.57": 1, "904.73%": 1, "期间": 1, "录得": 1, "17": 1, "涨停板": 1, "数据": 4, "来源": 3, "：": 6, "东方": 4, "财富": 4, "choice": 3, "主营": 1, "业务": 3, "射频": 2, "前端": 1, "芯片": 1, "研究": 1, "开发": 1, "销售": 1, "产品": 1, "终端": 1, "券商": 2, "研报": 1, "贴上": 1, "龙头": 1, "标签": 1, "一个": 5, "身份": 1, "供应商": 5, "供货": 1, "收入": 1, "备受": 1, "追捧": 1, "不在少数": 1, "显示": 2, "超过": 2, "一览": 1, "发布": 3, "Mate30": 1, "系列": 5, "旗舰": 1, "苹果": 8, "推出": 1, "iPhone11": 2, "业界": 1, "厂商": 4, "新品": 1, "销量": 1, "看好": 1, "天风": 1, "国际": 1, "郭明錤": 1, "报告": 1, "预估": 1, "Mate": 1, "30": 1, "下半年": 1, "出货量": 2, "2000万": 1, "7000万": 1, "–": 1, "7500万": 1, "iPhone": 1, "有望": 1, "第四": 1, "季度": 1, "稳健": 1, "成长": 1, "国内": 8, "一家": 2, "供应链": 6, "高管": 1, "上半年": 3, "订单": 4, "增长": 1, "证君": 1, "这家": 1, "去年": 6, "理想": 1, "股价": 8, "腰斩": 1, "好转": 2, "回暖": 2, "称": 2, "下午": 1, "走出": 1, "行业": 6, "寒冬": 2, "2018年": 1, "感受": 1, "未来": 2, "落地": 1, "迟疑": 1, "主流": 1, "都": 9, "抢发": 1, "中层": 2, "李明": 1, "化名": 5, "铆足": 1, "劲": 1, "处于": 2, "饱和": 1, "状态": 1, "张波": 1, "oppo": 1, "vivo": 1, "家电": 1, "很": 3, "扶持": 1, "零部件": 1, "产业": 1, "很多": 4, "半年报": 1, "爆发": 1, "周期性": 2, "概念": 1, "行情": 2, "研究所": 1, "负责人": 1, "资深": 1, "王超": 2, "分析": 1, "大涨": 1, "原因": 2, "投资": 2, "主线": 2, "逻辑": 2, "注意力": 1, "吸引": 1, "加上": 2, "资金面": 1, "宽松": 2, "带来": 1, "估值": 3, "中枢": 1, "提升": 1, "时代": 1, "增量": 2, "过程": 1, "稳定": 1, "新增": 1, "事情": 1, "存量": 1, "博弈": 1, "厂家": 1, "看成": 1, "合适": 1, "年初": 1, "第一": 5, "波": 7, "年中": 1, "第二": 1, "直言": 1, "正好": 1, "向上": 1, "阶段": 1, "大部分": 1, "李波": 2, "上涨": 3, "Choice": 1, "申": 1, "分类": 1, "226": 1, "复权": 1, "区间": 1, "50%": 1, "122": 1, "51": 1, "名": 1, "图片": 2, "A股": 1, "跌": 3, "最多": 1, "40%": 1, "年头": 1, "年尾": 1, "大幅": 1, "下跌": 1, "跌幅": 1, "惊人": 1, "跌透": 1, "反弹": 2, "在于": 1, "整体": 1, "情况": 3, "资金": 4, "面变": 1, "买": 1, "股票": 1, "今年初": 1, "白酒": 1, "防御性": 1, "基本面": 1, "分歧": 1, "关注": 2, "长期": 2, "方向": 2, "围绕": 1, "半导体": 1, "新机": 1, "越来越": 2, "综合": 1, "李": 1, "波补": 1, "充道": 1, "明年": 3, "大年": 1, "届时": 1, "换机": 1, "欲望": 1, "网络": 5, "建设": 5, "打的": 1, "验证": 1, "打脸": 2, "王": 1, "超对": 1, "真实": 1, "持续性": 1, "拉": 1, "分化": 1, "优质": 1, "倍": 1, "涨完": 1, "回落": 1, "慢慢": 1, "消化": 1, "才": 2, "采访者": 1, "文": 1, "对象": 1, "均": 1, "全球": 4, "知名": 1, "科技": 2, "努力": 1, "世界": 3, "领先": 4, "通信": 2, "设备": 2, "占有率": 1, "连续": 1, "多年": 1, "位居": 1, "口碑": 1, "大好": 1, "技术": 5, "领跑": 1, "夸张": 1, "风口": 1, "专利": 1, "授权": 1, "领域": 1, "优势": 2, "强势": 1, "拿到": 1, "50": 1, "商业": 2, "合同": 1, "惋惜": 1, "大国": 1, "美国": 4, "公然": 1, "排挤华": 2, "场合": 1, "诋": 1, "毁华": 1, "证据": 1, "咬定": 1, "后门": 1, "简直": 1, "滑稽之谈": 1, "！": 4, "笔者": 2, "不禁": 2, "感慨": 2, "正是": 1, "强大": 1, "感到": 1, "威胁": 1, "短期": 1, "禁售": 1, "的确": 2, "影响": 2, "加快": 1, "中国": 2, "化": 1, "进度": 1, "美方": 4, "最终": 1, "自食其果": 1, "国家": 5, "攀附": 1, "选择": 1, "站队": 1, "排挤": 1, "比如说": 1, "澳大利亚": 6, "波兰": 2, "国": 1, "试图": 1, "说服": 1, "新西兰": 11, "可惜": 1, "惨遭": 1, "近端": 1, "总理": 1, "访问": 1, "日本": 1, "媒体": 3, "询问": 1, "排除": 3, "本国": 2, "给出": 1, "正面": 1, "回应": 1, "公开": 1, "参与": 2, "角度": 1, "判断": 1, "此话": 1, "引发": 1, "网友": 2, "点赞": 1, "表态": 2, "众多": 1, "示好": 1, "此前": 2, "外媒": 1, "报道": 2, "消息": 1, "不顾": 1, "运营商": 1, "反对": 1, "宣称": 1, "禁止": 2, "参加": 1, "该国": 1, "如今": 3, "时间": 1, "大半年": 1, "对待": 1, "态度": 6, "拍手": 1, "叫好": 1, "友好": 1, "无惧": 1, "压力": 1, "中立": 1, "信号": 2, "公平": 1, "竞争": 1, "迎来": 1, "发展": 1, "契机": 1, "反观": 1, "合作": 3, "4G": 1, "堪忧": 1, "客气": 1, "只能": 1, "自食恶果": 1, "不少": 1, "好感": 1, "引导": 1, "面对": 2, "立场": 1, "乐观": 1, "亮眼": 1, "成绩": 1, "遥遥": 1, "欧洲": 1, "拿下": 1, "60%": 1, "远远": 1, "对手": 1, "2-3年": 1, "6G": 1, "研发": 1, "希望": 1, "这次": 1, "早点": 1, "墙头草": 1, "注定": 1, "吃到": 1, "苦头": 1, "任正非": 2, "高人": 1, "当初": 1, "打压": 1, "不得不": 1, "倒戈": 1, "例子": 1, "声明": 1, "未经": 1, "许可": 1, "转载": 1, "平台": 1, "网站": 1, "推哥": 1, "原创": 1, "源于": 1, "侵权": 1, "请": 1, "作者": 1, "删除": 1}