{"2019年": 2, "5G": 55, "时代": 2, "发展": 11, "时期": 1, "全球": 11, "很多": 12, "国家": 6, "都": 37, "想": 7, "参与": 2, "场": 3, "网络": 14, "变革": 1, "浪潮": 1, "纷纷": 3, "建立": 1, "华为": 179, "领头羊": 1, "核心": 4, "技术": 12, "专利": 5, "如今": 8, "50多": 1, "地区": 2, "建设": 2, "意味着": 3, "顺利": 2, "签下": 1, "50": 2, "订单": 9, "传来": 2, "最新": 2, "消息": 8, "菲律宾": 2, "正式": 2, "合作": 11, "送来": 1, "80亿": 1, "东南亚": 1, "第一": 14, "网路": 1, "韩国": 5, "LG": 1, "+": 4, "运营商": 4, "5G商": 2, "用化": 1, "供应商": 7, "自然": 6, "功不可没": 1, "内": 2, "不错": 2, "成绩": 2, "偏偏": 2, "美国": 48, "市场": 17, "无缘": 1, "层层": 1, "阻挠": 1, "明令": 1, "禁止": 3, "经济": 3, "全球化": 1, "此举": 1, "企业": 24, "中国": 39, "沉重": 1, "打击": 1, "公布": 2, "数据": 8, "本土": 1, "影响": 5, "镁": 1, "光断": 1, "供华": 1, "一个": 21, "损失": 5, "13亿": 1, "承受": 2, "断供": 1, "带来": 3, "倒戈": 1, "闹剧": 2, "上演": 1, "！": 48, "最终": 2, "努力": 5, "终于": 4, "松口": 3, "解禁": 2, "供应": 9, "科技": 16, "产品": 12, "此事": 1, "未雨绸缪": 1, "早": 1, "多年": 1, "着手": 1, "备胎": 1, "系统": 16, "芯片": 7, "美方": 2, "打压": 4, "计划": 5, "注定": 1, "失败": 4, "喜报": 2, "份": 3, "俄罗斯": 20, "外国": 1, "媒体": 4, "报道": 10, "国产": 2, "手机": 45, "占有": 1, "45%": 2, "份额": 3, "翘楚": 1, "28.5%": 2, "占比": 10, "遥遥领先": 2, "赢家": 1, "一向": 1, "交好": 1, "立场": 1, "选择": 5, "站队": 1, "送": 3, "大单": 1, "遭遇": 1, "困境": 1, "送上": 1, "橄榄枝": 2, "无疑": 1, "雪中送炭": 1, "MTS": 1, "达成": 2, "电信": 4, "巨头": 3, "维佩尔": 2, "通讯": 2, "设备": 17, "莫斯科": 2, "比重": 1, "85%": 2, "未来": 8, "100%": 2, "改用": 1, "这项": 2, "预计": 2, "9月份": 1, "不难": 1, "支持": 8, "很": 15, "程度": 1, "源于": 1, "处于": 2, "领先": 6, "相对于": 1, "爱立信": 1, "、": 44, "诺基亚": 4, "成本": 5, "低": 4, "淡定": 1, "除开": 1, "信赖": 1, "欧洲": 4, "盟友": 1, "英国": 1, "德国": 2, "法国": 1, "相继": 1, "采用": 6, "恢复": 7, "关系": 4, "原本": 1, "肯定": 6, "阻止": 3, "步伐": 1, "殊不知": 1, "收尾": 1, "实质性": 1, "反而": 2, "免费": 1, "广告": 1, "禁令": 3, "解除": 2, "美企": 7, "出售": 1, "商品": 1, "日经": 1, "亚洲": 3, "评论": 2, "7月": 6, "2日": 4, "供应商们": 3, "回心转意": 1, "依旧": 7, "加快": 2, "实施": 1, "减少": 1, "美": 2, "采购": 2, "零部件": 4, "相关": 4, "据悉": 4, "此次": 1, "表态": 1, "刺激": 1, "股价": 2, "大幅": 1, "上涨": 4, "显示": 2, "驱动器": 1, "集成": 1, "电路": 2, "Novatek": 1, "金属": 2, "外壳": 1, "长盈": 1, "精密": 1, "估计": 1, "均": 2, "跃升": 1, "10%": 1, "；": 8, "处理器": 8, "生产商": 2, "台积电": 1, "4%": 1, "图像": 3, "传感器": 2, "日本": 9, "索尼": 3, "超过": 6, "2%": 1, "人士": 3, "称": 6, "团队": 2, "商们": 1, "认证": 1, "开发": 3, "取代": 1, "地位": 2, "态度": 5, "回暖": 1, "重视": 1, "自主": 6, "机会": 2, "受益": 2, "面对": 2, "冷淡": 1, "美企们": 1, "内心": 1, "焦急": 1, "俄": 1, "媒": 1, "近期": 1, "牌照": 1, "容许": 1, "按捺不住": 1, "长达": 1, "半": 1, "随后": 1, "包括": 2, "英特尔": 1, "微软": 1, "承诺": 1, "行列": 1, "一时间": 1, "重拾": 1, "热情": 1, "今时": 1, "往日": 1, "优势": 4, "少年": 12, "!": 1, "关注": 3, "封杀": 1, "事件": 1, "件": 2, "改变": 5, "世界": 21, "大事": 1, "悄然": 1, "发生": 5, "困扰": 1, "全世界": 6, "107年": 2, "难题": 2, "解决": 2, "天才": 7, "荣登": 1, "顶级": 3, "科学": 4, "期刊": 1, "2018": 1, "年度": 1, "十大": 1, "科学家": 6, "数百": 1, "世界级": 1, "试图": 2, "拓展": 1, "科研": 7, "成果": 8, "落地": 1, "能源": 4, "行业": 5, "节省": 1, "数千亿": 2, "美元": 7, "资金": 2, "中国人": 6, "震惊": 2, "震撼": 1, "登上": 2, "Nature": 7, "年轻": 3, "23岁": 1, "曹原": 3, "1996年": 1, "出生": 1, "四川": 1, "成都": 1, "3": 2, "岁": 10, "一家人": 1, "迁": 1, "深圳": 3, "自幼": 1, "聪明": 2, "读": 2, "小学": 1, "老师": 8, "刚": 1, "说出": 2, "题目": 2, "喊出": 1, "答案": 1, "喜欢": 5, "捣鼓": 2, "电子": 11, "跑去": 1, "买": 2, "一大堆": 1, "原件": 1, "回家": 2, "拆": 3, "装": 2, "研究": 12, "线路": 1, "热衷": 1, "科技类": 1, "课外书": 1, "探索者": 1, "翻": 1, "好几": 1, "2007年": 1, "9月": 2, "考上": 2, "超常": 2, "教育": 2, "闻名": 1, "耀华": 1, "实验": 7, "学校": 3, "放飞": 1, "自我": 1, "：": 30, "课桌": 1, "椅子": 1, "黑板": 1, "逃过": 1, "毒手": 1, "讲台": 1, "课堂": 1, "踊跃": 2, "发言": 1, "提出": 2, "竟然": 2, "难以": 2, "回答": 3, "搞": 1, "实验室": 5, "家里": 1, "弄": 1, "所需": 1, "硝酸银": 2, "贵": 3, "难": 1, "买到": 1, "硝酸": 1, "偷偷": 1, "妈妈": 1, "银镯子": 1, "放": 1, "进去": 1, "人工": 2, "合成": 2, "惊动": 1, "校长": 2, "连连": 1, "称赞": 1, "孩子": 2, "苗子": 1, "当即": 1, "班": 7, "接受": 2, "从此": 1, "一发不可收拾": 1, "读完": 4, "初一": 1, "三": 2, "初二": 1, "半年": 2, "初三": 1, "2009年": 1, "才": 8, "13": 1, "高中": 4, "学业": 1, "繁忙": 1, "仍旧": 1, "鼓捣": 1, "不停": 1, "放学": 1, "10点": 1, "还要": 2, "花": 2, "1个多": 1, "小时": 1, "时间": 7, "化学": 3, "试剂": 1, "折腾": 1, "风险": 3, "家人": 1, "开明": 1, "尽情": 1, "翱翔": 1, "天空": 1, "别人": 3, "中学": 2, "三年": 3, "只用": 1, "初中": 1, "课": 1, "2010年": 1, "14": 1, "参加": 1, "高考": 1, "考出": 1, "理科": 1, "669": 1, "高分": 1, "！！": 1, "科学技术": 2, "大学": 9, "抢": 1, "到手": 1, "驰名中外": 1, "培养": 3, "领域": 5, "领军": 2, "人物": 3, "严济": 1, "慈物": 1, "理英": 1, "少年班": 1, "激烈": 1, "竞争": 3, "才能": 2, "夺得": 1, "一席之位": 1, "群雄": 2, "环绕": 1, "群": 1, "可怕": 1, "督促": 1, "力压": 1, "独占鳌头": 1, "求知若渴": 1, "穿梭": 1, "教授": 13, "办公室": 1, "脸": 1, "逐一": 1, "请教": 1, "时时": 1, "刁钻": 1, "古怪": 1, "探讨": 1, "唯独": 1, "教授们": 1, "念念不忘": 2, "物理": 5, "学院": 3, "丁泽军": 1, "教学": 1, "严谨": 1, "苛刻": 1, "学生": 1, "闻风丧胆": 1, "人称": 1, "丁老怪": 3, "法眼": 1, "提起": 2, "赞赏": 1, "有加": 1, "家伙": 1, "计算机": 1, "课程": 1, "文章": 11, "寒假": 1, "完了": 1, "丁": 1, "泽军": 1, "长淦": 2, "自豪": 1, "这是": 6, "混": 1, "娃": 1, "发": 2, "篇": 8, "PRB理论": 1, "太": 7, "厉害": 1, "郭沫若": 2, "奖": 3, "放心": 1, "交给": 1, "院长": 2, "指导": 1, "曹": 12, "才气": 1, "过人者": 1, "恃才傲物": 1, "低调": 1, "沉稳": 1, "不骄不躁": 1, "勤学": 1, "天文": 1, "摄影": 2, "仰望": 1, "星空": 2, "安静": 1, "这话": 1, "好像": 1, "霍金": 1, "敢情": 1, "如出一辙": 1, "浩瀚": 1, "宇宙": 2, "璀璨": 1, "始终": 1, "平和": 2, "谨慎": 2, "心态": 3, "作品": 1, "学霸们": 1, "不服": 1, "表现": 3, "钦佩": 1, "真的": 2, "怪物": 1, "庄": 3, "小威": 3, "一点": 3, "言过其实": 1, "实在": 1, "传说级": 1, "中科大": 3, "毕业": 1, "麦克阿瑟": 1, "华人": 2, "当下": 2, "荣耀": 3, "辽阔": 1, "远方": 1, "才华": 1, "科大": 5, "确实": 1, "创造": 2, "条件": 1, "2012年": 1, "首批": 2, "交流生": 1, "中科": 1, "大派": 1, "密歇根": 1, "2013年": 1, "6月": 5, "顶尖": 1, "海外": 1, "交流": 2, "奖学金": 2, "牛津": 1, "选中": 1, "受邀": 1, "实践": 1, "2014年": 1, "本科生": 1, "荣誉奖": 1, "导师": 2, "推荐": 1, "前往": 1, "麻省": 1, "理工": 1, "深造": 1, "攻读": 2, "博士": 2, "学位": 1, "期间": 2, "想起": 1, "小事": 1, "实验课": 1, "黄佳堂": 1, "告诉": 2, "常温": 1, "状态": 3, "发现": 7, "超导": 10, "材料": 5, "颠覆": 1, "年少": 1, "对此": 2, "充满": 1, "好奇": 1, "追问": 1, "不知": 1, "摸": 1, "头": 1, "一代人": 1, "想到": 2, "一句话": 1, "梦想": 2, "四": 2, "潜心": 1, "石墨烯": 8, "电性": 3, "国际": 2, "先例": 1, "神": 1, "操作": 6, "发电站": 1, "用户": 11, "传送": 1, "过程": 1, "能量": 3, "传输": 1, "损耗": 2, "损耗量": 1, "1911年": 1, "荷兰": 1, "物理学家": 3, "海克·卡末林·昂内斯": 1, "汞": 1, "冷却": 2, "接近": 2, "0K": 1, "273": 2, "℃": 2, "通行": 1, "阻": 1, "降到": 1, "最低": 1, "零": 2, "电阻": 1, "称为": 2, "人类": 1, "超导体": 6, "昂内斯": 1, "诺贝尔奖": 2, "悲剧": 1, "度": 1, "环境": 1, "显现": 1, "近乎": 1, "0损耗": 1, "输电": 1, "能力": 5, "绝望": 1, "科学家们": 1, "试验": 2, "寻找": 1, "1980年": 1, "有人": 4, "铜氧化物": 3, "温度": 1, "133K": 1, "140C": 1, "结构": 2, "调整": 1, "机制": 1, "获得者": 1, "Robert": 1, "B": 1, ".": 1, "Laughlin": 1, "黑暗": 2, "徘徊": 1, "30年": 2, "解开": 1, "秘密": 1, "......": 2, "这位": 1, "照亮": 1, "盏": 1, "明灯": 1, "2017年": 1, "非规": 1, "推测": 1, "当叠": 1, "层": 2, "之间": 1, "轻微": 1, "偏移": 1, "剧变": 1, "性能": 6, "想法": 1, "诸多": 1, "质疑": 2, "小孩": 1, "美好": 1, "幻想": 1, "权威": 1, "声音": 1, "击退": 1, "依然": 2, "判断": 1, "捍卫": 1, "为此": 2, "日夜": 1, "克服": 1, "样品": 1, "高热": 1, "极端": 1, "困难": 1, "经历": 1, "信心": 1, "满满": 1, "家常便饭": 1, "对待": 2, "压力": 1, "吃一堑长一智": 1, "慢慢": 1, "经验": 3, "攻克": 1, "皇天": 1, "负": 1, "苦心人": 1, "奇迹": 2, "旋转": 1, "特定": 1, "魔法": 1, "角度": 1, "1.1": 1, "°": 1, "叠加": 1, "零阻力": 1, "情况": 2, "传导": 2, "顿时": 1, "欣喜若狂": 1, "深知": 1, "小心": 1, "反复": 1, "成功": 5, "2018年": 1, "3月": 2, "5日": 1, "论文": 9, "整理": 1, "投给": 1, "科刊": 1, "很快": 1, "重磅": 2, "瞬间": 1, "引爆": 1, "学者": 1, "望尘莫及": 1, "之内": 1, "连续": 2, "刊登": 1, "距离": 2, "足足": 2, "迎来": 1, "突破": 2, "作者": 2, "Yuan": 1, "Cao": 1, "我国": 2, "量子": 1, "父": 1, "潘": 1, "建伟": 1, "院士": 4, "发表": 5, "1997年": 1, "27": 1, "生物学": 1, "施一公": 1, "1999年": 1, "32": 1, "仅仅": 1, "22": 2, "一次性": 1, "当天": 1, "拿到": 1, "不及": 1, "排版": 1, "先行": 1, "网站": 1, "刊出": 1, "配": 1, "第三": 1, "评述": 1, "网友": 3, "评价": 1, "刊发": 1, "感到": 5, "荣幸": 1, "不已": 1, "迫不及待": 1, "网友们": 1, "炸锅": 1, "激动": 1, "哥伦比亚": 1, "惊呼": 1, "打开": 1, "新世界": 1, "大门": 1, "短短": 1, "9": 1, "初步": 1, "商业化": 1, "开启": 1, "安装": 1, "电池": 3, "充电": 3, "缩短": 1, "16": 1, "分钟": 2, "带动": 2, "消费品": 1, "飞速": 1, "省下": 1, "无数": 1, "机构": 1, "伸出": 1, "聘请": 1, "轰动": 2, "回到": 2, "母校": 1, "来之不易": 1, "殊荣": 1, "同学": 1, "庆祝": 1, "1978年": 1, "8日": 1, "成立": 1, "刚好": 1, "40": 3, "周年": 2, "恰巧": 1, "回馈": 1, "厚礼": 1, "赞誉": 1, "邀请": 1, "简单": 4, "学成": 1, "英雄": 1, "延续": 1, "华夏": 1, "英才": 1, "优秀": 2, "扛": 1, "中华民族": 1, "传奇": 1, "实力": 11, "狠狠": 1, "巴掌": 1, "几十": 1, "年间": 1, "越来越": 2, "涌现": 1, "证明": 1, "40年": 1, "输出": 2, "卓越": 1, "人才": 1, "不胜枚举": 1, "81": 1, "骆利群": 1, "38": 1, "出任": 1, "斯坦福": 1, "当选": 1, "科学院": 2, "82": 1, "卢征天": 1, "旅": 1, "青年": 1, "总统": 2, "现任": 2, "千": 1, "85": 1, "杜江峰": 1, "中科院": 1, "执行": 2, "87": 1, "34": 1, "哈佛": 1, "生物系": 1, "物理系": 1, "聘正": 1, "98": 1, "陈": 1, "宇翱": 1, "80后": 1, "学会": 1, "菲涅尔奖": 1, "正是": 1, "一批批": 1, "科研人": 1, "前赴后继": 1, "成就": 2, "强大": 2, "祖国": 4, "毫无疑问": 1, "一代": 1, "最为": 1, "出色": 3, "代表": 1, "站": 2, "巅峰": 1, "眼下": 1, "希望": 3, "预示": 1, "强盛": 2, "路": 1, "国界": 1, "期待": 3, "辜负": 1, "贡献": 2, "力量": 1, "点赞": 2, "祝福": 1, "转载": 3, "百度": 1, "文库": 1, "版权": 2, "原作者": 1, "侵权": 1, "请": 3, "告知": 1, "iPhoneXS": 2, "maxiPhone": 1, "XS": 9, "Max": 9, "外观": 5, "设计": 2, "算丑": 1, "刘海屏": 1, "稍": 1, "突兀": 1, "即将": 3, "到来": 3, "新一代": 1, "iPhone": 12, "颜值": 2, "不堪": 1, "对比": 3, "之下": 2, "算是": 2, "搭载": 3, "A12": 3, "款": 3, "亮点": 1, "在于": 1, "仿生": 1, "流畅度": 2, "5": 2, "流畅": 3, "XS/XS": 1, "拍摄": 2, "效果": 1, "智能": 9, "后置": 3, "双摄": 1, "配置": 2, "针对": 1, "枚": 2, "1200万": 1, "像素": 8, "f/1.8": 1, "光圈": 1, "广角": 3, "镜头": 5, "升级": 2, "单位": 1, "面积": 1, "1.22um": 1, "提升": 4, "1.4um": 1, "系列": 4, "光线": 1, "感应": 1, "更为": 2, "敏感": 1, "配合": 1, "信息": 3, "神经": 1, "引擎": 1, "照片": 2, "方式": 1, "宽": 1, "容度": 1, "色彩": 1, "理想": 1, "成片": 1, "6.5寸": 1, "刘海": 1, "屏+": 1, "玻璃": 1, "机身": 1, "Face": 1, "ID": 1, "面部": 1, "解锁": 1, "屏占": 1, "实用性": 2, "均衡": 1, "硬件": 1, "苹果": 5, "运行": 2, "封闭性": 1, "IOS": 2, "1200万A": 1, "I": 1, "摄": 2, "拍照": 6, "水平": 4, "IP": 1, "68": 1, "级别": 1, "防水": 1, "品控": 1, "不俗": 1, "部会": 1, "缺憾": 1, "明白": 1, "历史": 1, "衬": 1, "身价": 1, "毕竟": 1, "错": 1, "P30": 14, "谈及": 1, "口碑": 1, "消费者": 2, "业务": 1, "产品线": 2, "总裁": 2, "何刚": 1, "上市": 3, "好评": 2, "潮": 1, "关键词": 1, "体现": 1, "航长": 1, "充电快": 1, "诸如": 1, "95%": 1, "印象": 1, "Pro": 9, "屏幕": 2, "分辨率": 1, "2340": 1, "1080": 1, "一共": 1, "颗": 1, "摄像头": 4, "前置": 1, "3200万": 1, "搭配": 1, "CMOS": 1, "加上": 2, "AI智慧": 1, "美颜": 1, "自拍": 1, "功能": 4, "4000万": 1, "超感": 2, "光主": 1, "2000万": 1, "素超": 1, "800万": 1, "潜望式": 1, "长焦": 1, "ToF": 1, "光徕卡": 1, "高端": 2, "旗舰机": 1, "注入": 1, "股": 1, "情理": 2, "之中": 2, "意料": 1, "惊喜": 1, "时尚": 1, "去年": 1, "P20": 1, "强悍": 2, "夜拍": 2, "Pro远": 1, "超": 1, "笔者": 1, "预期": 1, "大幅度": 2, "增强": 1, "10": 1, "倍": 1, "混合": 1, "变焦": 1, "超广角": 1, "全新": 3, "玩法": 1, "现如今": 1, "地表": 1, "旗舰": 1, "的确": 1, "名副其实": 1, "销量": 2, "远": 2, "众多": 4, "压倒式": 1, "密不可分": 1, "或许": 1, "全方位": 1, "超越": 2, "品牌": 4, "证据": 1, "反驳": 1, "打败": 1, "击败": 1, "看中": 1, "介意": 1, "续航": 1, "短板": 1, "MAX": 1, "适合": 1, "摘要": 1, "软化": 1, "特朗普": 6, "安卓": 7, "近日": 4, "做出": 2, "回应": 5, "犹豫不决": 1, "拿下": 2, "|": 3, "中油网": 3, "】讯": 1, "29日": 1, "卖给": 5, "数量": 5, "卖": 1, "不满": 2, "公司": 22, "就业": 1, "供货": 1, "国内": 2, "大党派": 1, "分歧": 1, "称之为": 1, "灾难性": 1, "错误": 2, "大赦": 1, "推文": 1, "路透社": 1, "接下来": 1, "推出": 1, "谷歌": 6, "等待": 3, "美国商务部": 3, "指示": 3, "获悉": 1, "上周末": 1, "言论": 1, "就此": 2, "进一步": 2, "补充": 2, "管理": 8, "伙伴": 2, "部门": 2, "副总裁": 2, "蒂姆·丹克斯": 1, "城": 1, "犹豫": 1, "权限": 1, "签订": 1, "协议": 3, "明年": 1, "研发": 8, "2020年": 1, "第五": 1, "试运行": 1, "官网": 1, "声明": 1, "董事会": 1, "副主席": 1, "兼": 1, "轮值": 2, "主席": 1, "郭": 1, "平称": 1, "战略": 3, "重要性": 1, "满意": 1, "也就是说": 1, "不遗余力": 1, "占据": 5, "最多": 2, "常务": 1, "董事": 2, "丁耘": 1, "6月底": 1, "合同": 1, "发货量": 1, "15万": 1, "套": 1, "2/3": 1, "发布": 3, "商用": 1, "部署": 1, "对手": 1, "——": 1, "初": 1, "42": 2, "排名": 3, "中兴": 1, "25": 1, "提到": 1, "标准": 2, "IPlytics": 1, "2160": 1, "唯一": 1, "一家": 1, "2000": 1, "关口": 1, "增量": 1, "相比于": 1, "4月份": 1, "增加": 1, "606": 1, "投资": 1, "100亿": 1, "元": 5, "人民币": 1, "想必": 1, "原因": 1, "(": 2, "本文": 1, "L编辑": 1, "授权": 1, "标明": 1, "出处": 1, ")": 2, "小编": 1, "添加": 2, "上方": 1, "阅读": 1, "分享": 1, "身边": 2, "朋友": 1, "日媒": 2, "新闻": 1, "27日": 1, "名为": 1, "解剖": 1, "第二": 1, "机型": 1, "当中": 3, "制造商": 2, "零件": 19, "16%": 1, "价格": 6, "计": 1, "依据": 1, "统计": 1, "台": 2, "15": 1, "总价值": 5, "59.36": 1, "占": 1, "总价": 1, "比例": 1, "16.3%": 1, ";": 7, "大陆": 1, "80": 1, "138.61": 1, "38.1%": 1, "869": 1, "83.71": 1, "23.0%": 1, "台湾": 2, "83": 1, "28.85": 1, "7.9%": 1, "562": 1, "28": 1, "7.7%": 1, "列出": 1, "来源": 1, "中外": 1, "列表": 1, "京东方": 2, "集团": 2, "海思": 2, "半导体": 4, "前10": 1, "名": 1, "第1": 1, "第3": 1, "美光": 3, "Skyworks": 1, "位列": 3, "第2": 1, "第9": 1, "三星": 3, "第4": 1, "第6": 1, "详细": 1, "给出": 2, "介绍": 1, "有机": 1, "EL": 1, "显示器": 3, "制造": 7, "有机物": 1, "发光": 2, "二极管": 1, "背光": 1, "轻薄": 1, "便于": 1, "曲面屏": 1, "弯曲": 1, "加工": 1, "优点": 1, "DRAM": 1, "记忆": 1, "存储器": 1, "程序": 6, "临时": 2, "存储": 3, "输入": 1, "用于": 3, "频繁": 1, "读取": 1, "相当于": 1, "心脏": 1, "负责": 1, "NAND型": 1, "闪存": 1, "电源": 1, "保存": 2, "记录": 1, "提高": 1, "集成度": 1, "摄像": 1, "望远": 1, "利用": 1, "AI": 2, "锂离子": 2, "香港": 1, "宁德": 1, "有限公司": 1, "供电": 1, "充放电": 1, "容量": 1, "轻易": 1, "恶化": 1, "天线": 1, "用器": 1, "TDK": 1, "太阳": 1, "诱电": 1, "京瓷": 1, "罗盘": 1, "旭化": 1, "指出": 3, "政府": 1, "此前": 3, "来源地": 1, "导致": 1, "产量": 4, "下降": 1, "缺少": 2, "稀有": 1, "稀土": 1, "八成": 1, "铟": 1, "四成": 1, "正极": 1, "钴": 1, "精炼": 1, "原材料": 1, "存在感": 1, "尤为": 1, "架构": 3, "完胜": 2, "骁龙": 4, "ARM": 8, "拒绝": 2, "误会": 2, "必不可少": 1, "成年人": 1, "人手": 1, "商机": 1, "商业": 1, "大佬": 1, "愿望": 1, "面临": 1, "厂商": 4, "当成": 1, "假想敌": 1, "尤其是": 1, "威胁": 1, "持续": 2, "好在": 1, "川普": 1, "官": 1, "生非": 1, "树大招风": 1, "近来": 1, "构架": 3, "停止": 1, "谣传": 1, "老总": 1, "孙正义": 2, "变局": 1, "高峰": 1, "论坛": 1, "正面": 1, "报纸": 1, "日常": 3, "下达": 1, "命令": 1, "一大": 1, "跳": 1, "生产": 2, "资料": 2, "25%": 2, "供给": 1, "到底": 1, "由此可知": 1, "阻碍": 1, "规划": 2, "终止": 1, "迫不得已": 1, "实话": 1, "永久": 1, "买断": 1, "V8": 1, "架构权": 1, "麒麟": 3, "810": 2, "震动": 1, "NPU": 2, "达芬奇": 2, "AI性": 1, "高通": 2, "855": 1, "跑分": 1, "26000+": 1, "32000+": 1, "6000": 3, "再三": 1, "只能": 1, "短暂": 1, "不容小觑": 1, "骄傲": 1, "民族": 1, "速度": 3, "惊人": 1, "害怕": 1, "占领": 1, "到时候": 1, "竞争力": 1, "办法": 2, "中端": 1, "大话": 1, "前些年": 1, "火热": 1, "升温": 1, "说到底": 1, "质量": 1, "先进": 1, "性价比": 2, "售后服务": 1, "到位": 1, "使用者": 1, "舒适": 1, "业内": 1, "赞叹": 1, "艳羡": 1, "更新": 1, "自产": 1, "类似": 2, "事情": 3, "值得": 1, "学习": 4, "恐怕": 1, "反对": 1, "公开": 1, "透明": 1, "组织": 1, "随时": 1, "审视": 1, "思想": 2, "所有人": 1, "任正非": 7, "开放": 8, "网上": 1, "诀窍": 1, "低端": 1, "内部": 1, "开源": 1, "……": 1, "…": 1, "资本主义": 1, "走向": 2, "闭关自守": 1, "典范": 1, "眼前": 1, "当年": 1, "学": 1, "西方": 1, "付出": 3, "代价": 1, "方法": 2, "学到": 1, "马云": 1, "天马行空": 1, "难学": 1, "禅宗": 1, "顿悟": 1, "念": 1, "悟通": 1, "立地成佛": 1, "看起来": 1, "实行": 1, "艰难": 1, "无比": 1, "天赋": 1, "慧根": 1, "终": 3, "一生": 1, "曾国藩": 1, "深沉": 1, "厚重": 1, "讲究": 1, "践行": 1, "按部就班": 1, "日复一日": 1, "精进": 1, "身似": 1, "菩提树": 1, "明镜台": 1, "时时勤拂拭": 1, "勿": 1, "染尘埃": 1, "神秀大": 1, "和尚": 1, "法门": 2, "普度众生": 1, "两三": 1, "年前": 1, "模式": 2, "商道": 3, "客户": 10, "中心": 2, "就要": 1, "钱": 4, "氮化": 1, "镓": 1, "功放": 3, "效率": 2, "少量": 1, "好坏": 1, "氮化镓": 1, "价": 1, "降": 1, "老百姓": 1, "采访": 1, "说到": 1, "想要": 1, "赚钱": 1, "违法": 1, "服务": 1, "主动": 3, "复杂化": 1, "中小企业": 2, "建议": 1, "条": 1, "诚信": 4, "宗教": 1, "般的": 1, "虔诚": 1, "豆腐": 1, "好好": 1, "磨": 1, "认同": 1, "赢得": 1, "认可": 1, "做好": 1, "规模": 1, "盯": 1, "理解": 2, "真诚": 2, "抓到": 1, "好比": 1, "信仰": 1, "巨人": 1, "肩膀": 1, "牛顿": 1, "如是说": 1, "从小到大": 1, "杯": 1, "咖啡": 1, "吸收": 1, "找": 1, "化": 1, "成长": 3, "这才": 1, "高人": 1, "指点": 1, "贵人": 1, "指路": 1, "极为": 1, "珍贵": 1, "机缘": 1, "你好": 1, "责任": 1, "轻视": 1, "讨厌": 1, "讨好": 1, "坏": 1, "好坏不分": 1, "人生": 1, "悲哀": 1, "尺": 1, "囿于": 1, "狭窄": 1, "视野": 1, "思维": 2, "做事": 1, "明明": 1, "前途": 1, "创始人": 1, "思路": 2, "思考": 1, "反思": 1, "出路": 1, "用人": 1, "员工": 1, "听": 1, "什么的": 1, "用脑": 1, "用心": 1, "洞察": 1, "人性": 1, "三者": 1, "缺一不可": 1, "勇于": 1, "复出": 1, "回报": 1, "流血": 1, "流汗": 1, "汗": 1, "流": 2, "血": 1, "可能性": 1, "耕耘": 1, "莫问": 1, "收获": 1, "放话": 1, "握手言和": 1, "巨头们": 1, "发放": 1, "许可证": 1, "据此": 1, "蒂姆丹克斯": 1, "暂停": 1, "110亿": 1, "生意": 1, "做生意": 1, "25日": 1, "确认": 1, "提供": 3, "货物": 2, "违反": 1, "法律": 1, "芯片商": 1, "担心": 1, "证实": 1, "流行": 1, "Android": 2, "直观": 1, "体验": 2, "忘": 1, "壮大": 1, "生态": 1, "回顾": 1, "狂妄": 1, "可谓": 1, "意味深长": 1, "业界": 1, "后路": 1, "走": 1, "知情": 1, "鸿蒙": 1, "时长": 1, "至少": 1, "7": 1, "日前": 1, "上海": 1, "MWC": 1, "大会": 1, "胡厚崑": 1, "替代": 1, "方案": 1, "仓促": 1, "上阵": 1, "统一": 1, "启动": 1, "长期": 1, "策略": 1, "首款": 4, "亮相": 2, "圈粉": 2, "迈入": 1, "智能化": 1, "互联网": 1, "普及": 4, "生活": 1, "备受": 1, "4G": 2, "基础": 1, "网速": 1, "质": 1, "飞跃": 1, "旗下": 1, "发售": 1, "Mate": 7, "X": 7, "5G版": 6, "定价": 3, "6607": 1, "亲民": 1, "曝出": 1, "上万": 1, "出乎意料": 1, "曝光": 1, "980": 1, "巴龙": 1, "50005": 1, "G基带": 1, "兼容": 1, "2G": 1, "3G": 1, "保证": 1, "不得不": 1, "售价": 4, "望而却步": 1, "透露": 1, "6500": 1, "良心": 1, "打造": 1, "等到": 3, "追捧": 1, "价位": 1, "倍感": 1, "过于": 1, "预算": 1, "有限": 1, "两三年": 1, "降价": 1, "那时候": 1, "入手": 1, "迟": 1, "打响": 1, "枪": 1, "稳固": 1, "影响力": 1, "创新": 1, "领先于": 1, "彰显": 1, "发挥": 1, "淋漓尽致": 1, "上都": 1, "得知": 1, "评论区": 1, "互动": 1}