{"内容": 5, "原创": 1, "图片": 2, "来源": 3, "网络": 59, "禁止": 2, "转载": 2, "华为": 165, "正式": 2, "条": 4, "新规": 3, "系统": 10, "支持": 7, "功能": 12, "网友": 7, "：": 34, "太": 5, "人性": 1, "都": 27, "感觉": 3, "21": 2, "世纪": 1, "开启": 3, "国家": 13, "发展": 13, "速度": 4, "小觑": 1, "尤其是": 1, "科技": 6, "大步": 1, "向前": 1, "越来越": 7, "行业": 11, "竞争": 4, "闪亮": 1, "崛起": 2, "阿里": 1, "、": 120, "正是": 2, "众": 2, "产业": 10, "才": 3, "用上": 1, "性价比": 3, "产品": 10, "手机": 48, "东西": 2, "网上": 3, "购物": 2, "现实": 2, "扫码": 1, "支付": 2, "缴费": 1, "足不出户": 1, "外卖": 1, "生活": 2, "有效率": 1, "提起": 1, "智能": 23, "不得不": 3, "着重": 1, "讲": 2, "混为": 1, "佼佼者": 1, "2018年": 9, "三": 6, "月销量": 1, "凌驾": 1, "苹果": 31, "之上": 1, "段": 1, "时间": 9, "产商": 1, "摩拳擦掌": 1, "纷纷": 2, "制定": 1, "计划": 4, "占据": 1, "市场": 7, "承认": 2, "影响力": 1, "华": 1, "销售": 3, "销售区": 1, "佼佼": 1, "自大": 1, "做出": 3, "整改": 1, "华人": 1, "失望": 1, "不少": 2, "果粉": 1, "身为": 1, "国产": 3, "自然": 3, "认可": 3, "非凡": 1, "成绩": 1, "创新": 14, "研发": 9, "不可磨灭": 1, "关系": 2, "国际": 6, "领域": 9, "算是": 1, "出色": 1, "国内": 1, "首屈一指": 1, "骄傲": 1, "近日": 1, "一个": 32, "消息": 4, "即将": 2, "EMUI": 1, "9.0": 1, "桌面": 3, "第三方": 1, "获取": 3, "更改": 1, "人性化": 1, "中老年": 1, "在意": 1, "年轻人": 1, "大都会": 1, "自主": 1, "更换": 1, "好看": 1, "搞笑": 1, "网图": 1, "美照": 1, "遏制": 2, "这一切": 2, "回来": 2, "项": 3, "好处": 1, "事情": 3, "理解": 1, "很多": 9, "软件": 5, "捆绑": 1, "发达": 1, "伤害": 1, "隐私": 3, "不难": 1, "恶意": 1, "下载": 7, "后悔": 1, "来不及": 1, "很": 14, "难": 2, "接受": 4, "这是": 5, "一批": 1, "粉丝": 1, "节奏": 1, "不管是": 1, "价格": 6, "性能": 4, "审美": 1, "未": 2, "笨": 1, "路": 3, "凡出": 1, "肯定": 3, "备用": 1, "措施": 2, "带": 1, "第一": 11, "款": 8, "5G": 92, "到来": 1, "P30": 10, "系列": 8, "Pro": 7, "采用": 7, "6.3": 1, "英寸": 2, "屏幕": 4, "尺寸": 1, "分辨率": 1, "1080*2280": 1, "像素": 1, "19:9": 1, "横纵": 1, "比例": 1, "曝光": 4, "下巴": 5, "窄": 1, "堪比": 2, "iPhone": 9, "X": 6, "！": 29, "疑问": 1, "设计": 8, "小米": 5, "MIX3": 1, "荣耀": 3, "Magic2": 1, "OPPO": 2, "Find": 1, "保留": 1, "一点": 4, "CEO": 12, "雷军": 1, "给出": 3, "答案": 1, "成本": 8, "慢慢来": 1, "外观": 4, "水滴屏": 1, "以此": 2, "提高": 3, "屏": 2, "占比": 3, "指纹": 7, "搭载": 5, "麒麟980": 2, "高端": 3, "处理器": 7, "GPU": 1, "turbo": 2, "Link": 1, "AI": 1, "拍照": 6, "超级": 34, "夜拍": 1, "快充": 29, "拼": 1, "GPS": 1, "技术": 42, "游戏": 3, "相较于": 2, "上代": 1, "提升": 8, "机身": 2, "配色": 1, "漂亮": 1, "搭配": 1, "组合": 1, "毋庸置疑": 1, "配备": 3, "8GB": 3, "运存": 5, "余承东": 1, "4GB": 1, "友商": 2, "6GB": 2, "流畅": 2, "Nova3i": 1, "发布会": 2, "推理": 1, "10GB": 4, "利润": 1, "会上": 1, "电池": 18, "外媒": 4, "透露": 2, "4500": 1, "mAh大": 1, "亮点": 1, "40": 1, "W快": 1, "充和": 1, "IP": 2, "68": 1, "防尘": 1, "防水": 1, "家族": 1, "预测": 1, "明年": 1, "WMC": 1, "大会": 1, "发布": 6, "届时": 1, "30": 3, "能力": 13, "取代": 1, "新晋": 1, "依旧": 2, "刘": 1, "海屏": 1, "夜光": 1, "夜晚": 1, "颜值": 1, "拥有": 3, "值得": 2, "期待": 1, "三星": 15, "S10三": 1, "星": 1, "S10": 12, "5G版": 3, "机型": 4, "信息": 6, "最少": 1, "无独有偶": 1, "韩媒": 1, "ETNews": 1, "进一步": 5, "据悉": 2, "命名": 2, "iPhoneX": 1, "因素": 3, "类似": 2, "纪念": 1, "S系列": 1, "周年": 1, "靓丽": 2, "+": 6, "超强": 1, "顶级": 1, "续航": 1, "X丝": 1, "毫不负安卓": 1, "机皇": 1, "名": 10, "硬件": 3, "背景": 2, "便宜": 1, "X售价": 1, "1424": 1, "美元": 7, "1602": 1, "之间": 4, "万元": 1, "人民币": 1, "关税": 1, "感人": 1, "消费者": 2, "想": 3, "买": 3, "高通": 3, "骁龙": 5, "855": 4, "加持": 2, "S10X": 1, "RAM": 1, "超过": 6, "ROM": 1, "1TB": 1, "5000": 1, "mAh": 2, "双摄": 1, "四": 3, "摄": 1, "运行": 4, "内存": 1, "vivo": 2, "厂商": 1, "配置": 3, "识别": 4, "5.8": 1, "版本": 3, "侧面": 1, "型号": 3, "升级": 4, "屏下": 2, "超声波": 3, "相对于": 1, "传统": 3, "准确率": 1, "9": 2, "无可挑剔": 1, "对标": 1, "用户": 16, "检验": 3, "均": 1, "芯片": 9, "毫无疑问": 2, "旗舰": 2, "标配": 1, "如同": 1, "845": 1, "上半年": 1, "任正非": 26, "绝不": 2, "有损": 2, "减少": 3, "持股": 23, "法律": 3, "中国": 26, "公司": 18, "强制": 1, "安装": 2, "后门": 1, "1月": 5, "14日": 1, "深圳": 2, "媒体": 2, "座谈会": 2, "6": 5, "记者": 4, "损害": 1, "客户": 4, "利益": 5, "答应": 1, "补充": 3, "称": 5, "从未": 1, "发生": 3, "事件": 3, "华尔街": 1, "日报": 1, "15日": 2, "报道": 4, "这家": 1, "电信": 8, "巨头": 1, "面临": 3, "挑战": 5, "打破": 1, "多年": 2, "沉默": 1, "公开": 2, "置评": 1, "此次": 1, "小时": 3, "想念": 1, "女儿": 1, "孟晚舟": 5, "赞扬": 2, "美国": 12, "总统": 4, "特朗普": 2, "并称": 1, "希望": 3, "传达": 2, "合作": 13, "共享": 3, "成功": 5, "遭遇": 1, "盟国": 2, "审查": 2, "全球": 12, "拿到": 2, "份": 2, "合同": 2, "情报": 1, "官员": 1, "参与": 4, "建立": 1, "规模": 1, "担忧": 2, "处在": 1, "危机": 1, "之中": 2, "世界": 15, "封锁": 1, "澳大利亚": 1, "新西兰": 1, "用于": 2, "本国": 1, "下一代": 1, "互联网": 8, "此前": 3, "采访": 2, "每次": 1, "消除": 1, "外界": 1, "3": 5, "年前": 3, "达沃斯": 1, "论坛": 3, "再度": 1, "试图": 1, "业务": 20, "政治": 1, "分开": 1, "告诉": 2, "商业": 4, "原则": 3, "顾客": 1, "至上": 1, "依然": 1, "爱": 1, "祖国": 1, "拥护": 1, "共产党": 1, "补": 1, "充道": 1, "保护": 2, "参照": 1, "模型": 1, "股份": 3, "1.14%": 1, "史蒂夫·乔布斯": 2, "0.8%": 1, "股权": 2, "稀释": 2, "学习": 4, "现任": 1, "唐纳德·特朗普": 1, "来讲": 1, "某种": 1, "意义": 2, "大胆": 1, "削减": 1, "税收": 1, "有利于": 1, "工业": 6, "高科技": 2, "单一": 2, "支撑": 2, "需求": 7, "时代": 9, "制造": 3, "台": 3, "纺织机": 1, "辆": 1, "火车": 1, "艘": 1, "船": 1, "相互": 3, "依赖性": 1, "相关": 5, "出口": 1, "困难": 4, "重点": 2, "转移": 1, "服务": 17, "建设": 4, "英国": 2, "金融": 2, "时报": 2, "评论": 1, "盟友": 1, "南欧": 1, "东欧": 1, "签署": 2, "实验": 1, "协议": 3, "预算": 1, "承诺": 1, "花费": 1, "200亿": 1, "领先": 4, "对手": 3, "CNBC": 2, "2019": 2, "收入": 3, "增长会": 1, "低于": 3, "20%": 3, "2019年": 7, "全年": 1, "目标": 3, "1250亿": 2, "原因": 3, "接下来": 1, "增长率": 1, "总收入": 1, "轮值": 14, "主席": 1, "徐直军": 1, "(": 4, "Eric": 1, "Xu": 1, ")": 4, "11月": 2, "销售额": 1, "1000亿": 2, "提到": 1, "继任": 1, "接班人": 4, "究竟": 1, "……": 2, "着急": 2, "态度": 1, "退休": 1, "取决于": 1, "发明": 1, "长生不老药": 2, "等待": 2, "责任": 1, "编辑": 1, "王擎宇": 1, "企业": 31, "改革": 3, "研究会": 3, "常务": 3, "副会长": 2, "许金华": 2, "现场": 7, "发言": 1, "主办方": 1, "供图": 1, "中新网": 1, "北京": 2, "16日": 2, "电": 1, "张文绞": 1, "贸易": 1, "协会": 2, "主办": 1, "信用": 9, "暨": 1, "第十": 1, "届": 1, "诚信": 3, "公益": 1, "盛典": 1, "报告": 3, "2018": 4, "银行": 3, "格力": 3, "电器": 6, "上榜": 2, "显示": 2, "工商": 1, "500": 2, "上市": 2, "美的": 1, "恒力": 1, "100": 4, "民营": 1, "上海": 1, "汽车": 27, "集团": 1, "制造业": 2, "信息化": 1, "政策": 1, "法规司": 1, "副司长": 2, "范斌": 1, "指出": 2, "完善": 1, "体系": 1, "经济": 4, "特征": 1, "活动": 1, "效益": 1, "交易": 1, "费用": 1, "机会": 2, "管理": 11, "制度": 7, "守信": 1, "激励": 1, "失信": 4, "约束": 2, "引导": 2, "生产": 2, "经营": 2, "财务": 2, "劳动": 1, "用工": 1, "环节": 1, "强化": 2, "自律": 1, "有助于": 1, "防范": 1, "风险": 4, "综合": 3, "竞争力": 1, "监督": 1, "总局": 1, "检测": 1, "监管司": 1, "乔东": 1, "生存": 1, "底线": 2, "遵守": 1, "信条": 1, "坚守": 1, "尊重": 2, "研究": 3, "成果": 1, "知识": 2, "产权": 1, "规范": 3, "老赖": 1, "当下": 2, "力度": 2, "严厉": 1, "未来": 5, "法规": 1, "层面": 1, "惩戒": 1, "稳中有变": 1, "积累": 1, "显露": 1, "企业界": 1, "理念": 2, "引领": 1, "质量": 2, "情况": 1, "中短期": 1, "规划": 1, "着手": 1, "长远": 1, "布局": 3, "着力": 1, "增长": 4, "方式": 3, "十余": 1, "参观": 1, "过华": 1, "总部": 1, "园区": 1, "公交车": 1, "推开": 1, "一个个": 1, "会议室": 1, "台上": 1, "台下": 2, "肤色": 1, "杂糅": 1, "错": 1, "大学": 1, "教室": 1, "大开眼界": 1, "笔者": 1, "铁粉": 1, "尽可能": 2, "路由器": 1, "；": 16, "记": 1, "2008年": 1, "奥运会": 1, "五六": 1, "家人": 1, "笔记本": 3, "CPU": 1, "国人": 3, "情节": 2, "表现": 1, "万物": 10, "互联": 4, "成长": 1, "狼性": 1, "文化": 2, "远离": 1, "大众": 3, "视线": 1, "高大上": 1, "形象": 4, "国际化": 1, "深入人心": 1, "自华": 1, "贴近": 1, "百姓": 1, "电子": 3, "消费品": 1, "突破": 2, "标志": 1, "创造": 2, "自信心": 1, "缺乏": 1, "权威": 1, "非IT": 1, "人士": 2, "懂": 1, "阅读": 1, "年报": 6, "登录": 1, "查询": 1, "股东": 12, "治理": 6, "结构": 6, "业绩": 1, "角度": 3, "展示": 2, "2006年": 2, "对外": 1, "公布": 1, "透明度": 1, "2010年": 1, "披露": 5, "主体": 2, "有限公司": 2, "2011年": 4, "至今": 1, "改为": 1, "投资": 5, "控股": 12, "有限": 3, "全资": 2, "子公司": 3, "重组": 1, "运营": 2, "2009年": 7, "香港": 1, "接近": 1, "单独": 1, "章": 1, "包括": 4, "机制": 1, "组织": 4, "板块": 1, "权利": 2, "成立": 2, "2003年": 1, "3月": 1, "10月": 1, "权益": 1, "增资": 1, "变更": 1, "1987年": 1, "9月": 3, "变化": 4, "过程": 6, "无从": 1, "查证": 1, "工会": 8, "委员会": 4, "1.42%": 1, "98.58%": 1, "间接": 4, "2012年": 2, "报": 2, "1.18%": 1, "0.21%": 1, "合计": 2, "持有": 2, "1.4%": 3, "2017年": 7, "1.01%": 1, "0.39%": 1, "总体而言": 1, "低": 10, "实行": 1, "员工": 17, "人数": 1, "61,457": 1, "74,253": 1, "80,818": 1, "18万": 1, "相当于": 2, "45%": 1, "8万": 2, "履行": 1, "职责": 1, "在职": 1, "选举": 3, "代表": 5, "代表会": 4, "行使": 2, "任期": 1, "5": 3, "成员": 3, "孙": 1, "亚芳": 1, "郭平": 1, "徐": 2, "直军": 1, "胡": 1, "厚崑": 1, "文伟": 1, "李杰": 1, "丁耘": 1, "50": 4, "实施": 4, "影响": 2, "控制": 6, "2010年代": 1, "流行": 1, "表决权": 2, "分类": 1, "董事长": 5, "总裁": 1, "董事会": 6, "17": 1, "股东会": 1, "1": 2, "副董事长": 2, "常务董事": 1, "常设": 1, "执行": 1, "机构": 1, "7": 1, "董事": 2, "候补": 1, "至少": 1, "2016年": 3, "孙亚芳": 1, "女士": 1, "担任": 3, "4月": 1, "期": 2, "2022年": 1, "名单": 1, "排定": 1, "图示": 3, "定义": 3, "领导": 1, "轮流": 1, "算起": 1, "职务": 1, "职位": 1, "重视": 1, "加上": 1, "保证": 3, "务虚": 1, "务实": 1, "进退自如": 1, "2013年": 4, "2011年报": 1, "致辞": 1, "谈": 1, "思考": 2, "一二": 1, "页": 1, "纸": 1, "文字": 1, "远": 2, "胜过": 1, "大师": 1, "宏论": 1, "巨著": 1, "坦言": 1, "面对": 4, "惊人": 2, "称霸": 1, "设备": 15, "制造商": 2, "灰飞烟灭": 1, "摆脱": 1, "命运": 1, "更替": 1, "大都": 1, "保守": 1, "中庸": 1, "埋头": 1, "事务性": 1, "工作": 4, "掌舵人": 1, "敏锐": 1, "洞察力": 1, "命系": 1, "授权": 1, "小组": 1, "七八年": 1, "足够": 3, "兴衰": 1, "轮回": 1, "事实": 1, "证明": 1, "钱": 1, "散": 1, "人聚": 1, "简单": 2, "道理": 1, "成就": 2, "核心": 4, "价值观": 2, "提法": 1, "恐怕": 2, "提出": 2, "最大化": 2, "相关者": 1, "政府": 1, "供应商": 1, "驱动": 2, "努力": 2, "奋斗": 1, "锻造": 1, "灵魂": 1, "聚齐": 1, "志同道合": 1, "扯皮": 1, "防患未然": 1, "作用": 2, "作者": 3, "财经": 1, "参ID": 1, "mofzpy": 1, "关注": 3, "一味": 1, "沉浸": 1, "悲情": 1, "跋涉": 1, "前行": 1, "刚刚": 1, "传来": 1, "揭示": 1, "战略": 3, "长安": 6, "牵手": 1, "推进": 1, "联合": 2, "打造": 3, "全新": 3, "生态": 4, "用车": 1, "智能化": 2, "L4": 1, "自动": 4, "驾驶": 15, "5G车": 1, "联网": 6, "C-V2X": 1, "10余": 1, "前瞻": 1, "展开": 3, "提供": 8, "驾乘": 1, "体验": 11, "能源": 1, "一流": 1, "电动": 5, "平台": 18, "携手": 1, "赋能": 1, "人工": 5, "软硬件": 1, "优势": 4, "看错": 1, "蓄势待发": 1, "通讯": 2, "发家": 1, "全力": 1, "进军": 1, "造车": 5, "出手": 2, "二有人": 1, "或许": 1, "为啥": 1, "投入": 3, "资源": 3, "争夺": 3, "这块": 1, "阵地": 2, "下一波": 1, "革命": 1, "风口": 1, "走来": 1, "维度": 1, "电脑": 1, "轮子": 1, "本身": 2, "司机": 2, "找路": 1, "开车": 2, "目的地": 1, "车": 4, "互动": 1, "小型": 1, "办公室": 1, "中心": 2, "娱乐": 1, "场所": 2, ".....": 1, "不仅仅": 1, "连接": 15, "一整套": 1, "坐车": 1, "地方": 2, "寂寞": 1, "吐血": 1, "温度": 3, "智慧": 2, "试想": 1, "小小": 1, "市值": 1, "想象": 1, "空间": 1, "比起": 1, "何等": 1, "巨量": 1, "蛋糕": 1, "跨国": 1, "全力以赴": 1, "装": 1, "强大": 3, "无比": 2, "装上": 1, "大脑": 1, "一块": 1, "冰冷": 1, "钢铁": 1, "钢铁侠": 1, "哪家": 2, "捷足先登": 1, "占领": 1, "制高点": 1, "降维": 2, "打击": 2, "的确": 1, "跨界": 1, "逆袭": 1, "更新": 1, "迭代": 1, "加快": 2, "当今": 1, "危机四伏": 1, "把握": 1, "先机": 1, "也许": 3, "死亡": 1, "从来": 1, "仗": 1, "联手": 2, "亮相": 1, "看似": 1, "横空出世": 1, "早已": 1, "修炼": 1, "多时": 1, "君": 3, "不见": 3, "早就": 1, "率先": 1, "部署": 5, "演示": 1, "基站": 1, "原型机": 1, "Ultra-Node": 1, "速率": 11, "Gbps": 2, "超越": 5, "爱立信": 2, "17日": 1, "3GPP": 2, "RAN1": 1, "87": 1, "会议": 1, "Polar": 1, "Code": 1, "化码": 1, "方案": 3, "信道eMBB": 1, "场景": 1, "编码": 1, "最终": 2, "6月": 2, "28日": 1, "服务化": 1, "网样机": 1, "符合": 2, "标准": 5, "方向": 1, "悄悄": 1, "测试": 2, "早": 1, "MWC": 1, "展出": 1, "前装": 1, "车载": 3, "热点": 1, "DA6810": 1, "在线": 2, "诊断": 1, "DA3100": 1, "3G": 1, "4G": 4, "通信": 7, "模块": 1, "2014年": 1, "东风": 1, "车联网": 1, "目的": 1, "2015年": 1, "CES": 1, "Asia": 1, "展会": 1, "开发": 1, "车联": 1, "涵盖": 1, "通话": 1, "短信": 1, "导航": 1, "多媒体": 1, "奥迪": 1, "宝马": 2, "戴姆勒": 1, "英特尔": 2, "诺基亚": 1, "结盟": 1, "「": 1, "联盟": 1, "」": 1, "意味深长": 1, "清华大学": 1, "深度": 1, "谍照": 1, "无人": 3, "近乎": 1, "成熟": 2, "搭建": 1, "真实": 1, "环境": 1, "车辆": 3, "高清": 2, "摄像头": 1, "240": 1, "度": 1, "视角": 1, "视频": 3, "实时": 7, "回传": 1, "远程": 1, "驾驶台": 1, "实测": 1, "行传": 1, "输速率": 1, "Mbps": 3, "基于": 6, "可靠": 2, "超低": 1, "时延": 1, "编队": 1, "步调": 1, "距离": 1, "缩小": 1, "降低": 3, "风阻": 1, "燃油": 1, "消耗": 1, "车队": 1, "安全性": 4, "保障": 1, "放": 3, "光芒": 1, "五": 1, "年内": 1, "失业": 1, "强悍": 1, "欧洲": 2, "日本": 1, "长": 1, "特拉斯": 1, "跨入": 1, "造出": 1, "第一流": 1, "特斯拉": 2, "谷歌": 3, "今夜": 1, "无眠": 1, "禅宗": 1, "横出": 3, "三界": 2, "修修补补": 1, "好像": 2, "竹子": 3, "底部": 1, "虫子": 2, "顶部": 1, "节": 4, "穿透": 1, "爬": 1, "竖出": 1, "颠覆性": 1, "边上": 1, "洞": 1, "打洞": 1, "暴力": 1, "血腥": 1, "重心": 1, "不惜": 1, "重金": 1, "挖": 1, "携": 1, "出击": 1, "强有力": 1, "老": 1, "奔驰": 1, "凶讯": 1, "改写": 1, "发动机": 2, "这下": 1, "长江": 1, "后浪推前浪": 1, "前浪": 1, "死": 1, "沙滩": 1, "五灯塔守候": 1, "晚舟": 1, "归来": 1, "滞留": 1, "加拿大": 1, "第40": 1, "围绕": 1, "场": 2, "围剿": 2, "斗争": 2, "西方": 1, "话语权": 1, "硝烟": 1, "冷箭": 1, "选择": 2, "冷静": 1, "理性": 1, "克制": 1, "绵里藏针": 1, "先进": 1, "完美": 1, "优质": 1, "应对": 2, "非难": 1, "赢得": 1, "穷且益坚": 1, "坠": 1, "青云": 1, "志": 1, "乐观": 1, "悲观": 1, "服软": 1, "躁急": 1, "迎难而上": 1, "逆流而进": 1, "精神": 1, "格局": 1, "6G": 1, "脱颖而出": 1, "投身": 1, "无以复加": 1, "绝望": 1, "山": 1, "开采": 1, "石": 1, "血肉之躯": 1, "扇": 1, "缺口": 1, "有志者": 1, "竟": 1, "破釜沉舟": 1, "百二": 1, "秦": 1, "关终": 1, "属楚": 1, "苦心人": 1, "负": 1, "卧薪尝胆": 1, "三千": 1, "甲": 1, "吞吴": 1, "加油": 2, "↓↓": 1, "鸣金网": 1, "拥抱": 1, "新机": 1, "对比": 2, "理由": 2, "选华": 1, "相机": 2, "完胜": 1, "科研": 2, "不错": 1, "麒麟": 1, "细分": 1, "品牌": 5, "犹如": 1, "双刃剑": 1, "主打": 2, "中低端": 1, "降价": 2, "私信": 1, "小编": 3, "购买": 3, "最多": 1, "最新": 2, "XS": 1, "Max": 1, "在一起": 1, "六": 1, "国产机": 1, "拒绝": 1, "爱好": 1, "评价": 1, "IOS": 2, "停": 1, "暂停": 1, "才能": 3, "完毕": 1, "提像": 1, "安卓": 2, "挂": 1, "后台": 1, "文件": 1, "第二": 2, "平心而论": 1, "信号": 5, "真的": 1, "新一代": 2, "iPhoneXR": 2, "XRMAX": 1, "基带": 1, "差": 1, "第三": 1, "来电": 3, "录音": 3, "商务": 1, "记录": 1, "发现": 1, "居然": 2, "第四": 1, "力压": 2, "DXOmark": 1, "评分": 1, "得分": 1, "109分": 1, "105分": 1, "4分": 1, "第五": 1, "后续": 1, "就算": 1, "完事": 1, "APP": 1, "商店": 2, "付费": 2, "同款": 1, "贵": 1, "第六": 1, "卡": 2, "好用": 2, "iPhoneXSMax": 2, "带有": 1, "双卡": 5, "双待": 1, "形容": 1, "副卡": 1, "售价": 2, "8499": 1, "元": 2, "mate20": 1, "仅仅": 2, "4499": 1, "微信": 1, "公众号": 1, "本文": 2, "首席": 1, "科学家": 1, "Fellow": 1, "童文": 1, "博士": 1, "工程师": 5, "授予": 1, "杰出": 1, "领袖": 1, "奖": 1, "表彰": 1, "贡献": 1, "商用": 3, "关键": 2, "启动": 1, "独立": 3, "组网": 1, "冻结": 1, "阶段": 6, "eMBB": 5, "标准化": 1, "12月": 1, "6日": 1, "三大": 1, "运营商": 11, "全国": 1, "中低": 1, "频段": 2, "试验": 1, "频率": 1, "许可": 1, "10日": 1, "工信部": 1, "发放": 1, "临时": 1, "牌照": 1, "拉开": 1, "我国": 1, "建网": 2, "大幕": 1, "数字化": 4, "转型": 4, "浪潮": 1, "推动": 4, "初期": 1, "普及": 7, "极致": 2, "物联网": 4, "承载": 1, "10亿": 1, "50亿": 1, "500亿物": 1, "数字": 2, "带入": 1, "家庭": 1, "构建": 3, "大数据": 1, "融为一体": 1, "带来": 4, "革命性": 1, "平台化": 1, "线化": 2, "全云化": 3, "即插即慧": 2, "指标": 1, "诉求": 1, "1-20": 1, "峰值": 1, "10-100": 1, "1-10": 1, "毫秒": 4, "端到端": 1, "延时": 11, "1-100": 1, "倍": 4, "能耗": 1, "效率": 6, "忘": 1, "初心": 1, "兑现": 1, "原生": 16, "变革": 2, "解读": 1, "拐点5G-eMBB": 1, "转折点": 1, "TCP": 1, "/": 3, "原理": 2, "容量": 3, "流量": 6, "4~5": 1, "拥塞": 1, "趋近于": 1, "零": 1, "也就是说": 2, "G比特级": 4, "接入": 10, "终端": 3, "本质": 1, "无限": 2, "感受": 1, "70％": 1, "MBB": 3, "40％": 1, "ARPU": 1, "经济效益": 1, "模式": 9, "驱动力": 1, "来临": 1, "适逢其时": 1, "固定": 2, "FBB": 1, "230": 1, "WTTX": 4, "改造": 1, "用户数": 1, "大幅": 1, "固网": 1, "毫米波": 1, "预商": 1, "固移": 1, "融合": 1, "更进一步": 2, "小于": 3, "15％": 1, "抖动": 1, "大规模": 2, "新生": 1, "AR": 4, "维护": 2, "受益": 1, "经验": 4, "稀缺": 1, "只能": 1, "前往": 1, "偏远": 1, "站点": 1, "借助": 1, "处于": 1, "培训": 1, "手中": 1, "平板": 1, "快速": 2, "正确": 1, "优": 1, "决策": 2, "依赖": 1, "培养": 1, "直觉": 1, "参考": 1, "短": 1, "内": 2, "多任务": 1, "极大": 1, "零距离": 3, "空口": 1, "无线": 5, "网确": 1, "保端": 1, "端低": 1, "VR": 2, "人类": 1, "百": 1, "视觉": 1, "感知": 2, "两端": 1, "身临其境": 1, "天涯咫尺": 1, "催生物": 1, "用例": 1, "机器人": 1, "机器": 4, "各行各业": 1, "运输": 1, "物流业": 1, "城市": 1, "基础": 2, "辅助": 1, "算力": 1, "下沉": 1, "延迟": 1, "认知": 1, "计算": 2, "新时代": 1, "端": 16, "切片": 13, "垂直": 1, "套": 1, "物理": 2, "设施": 1, "生成": 3, "隔离": 1, "支柱型": 1, "逻辑": 2, "尝试": 1, "论证": 1, "上马": 1, "撤销": 1, "快": 6, "定制": 1, "试错": 1, "调优": 1, "改进": 1, "自治子": 1, "独特": 1, "针对": 1, "对端": 1, "可信": 3, "适配": 1, "端到": 2, "端整网": 1, "主动": 1, "被动": 1, "云管端": 1, "协同": 1, "顶层": 1, "构筑": 1, "管道": 2, "端切片": 1, "接入网": 3, "角色": 1, "白皮书": 1, "架构": 4, "加密": 2, "算法": 1, "认证": 4, "一体化": 1, "延续": 1, "核心网": 3, "分离": 1, "PD": 1, "CP层": 1, "IPSec加密": 1, "数据": 3, "不可见": 1, "确保": 6, "网路": 1, "伙伴": 1, "G端": 1, "自动化": 5, "入侵": 1, "防御": 1, "增加": 2, "海量": 3, "生命": 2, "周期": 2, "可用性": 1, "加速": 1, "默认": 1, "2024年": 1, "数量": 2, "预计": 3, "220亿": 1, "手动": 1, "庞大": 1, "必由之路": 1, "数十亿": 1, "衍生": 1, "提供商": 1, "定价": 2, "改变": 2, "增值": 1, "举例": 1, "促使": 1, "兼容": 2, "敞口": 1, "R15": 1, "基本上": 1, "特性": 2, "NR": 1, "演进": 1, "原生地": 1, "R16": 1, "完整": 1, "V-2X": 1, "物连网": 1, "引入": 2, "重复": 1, "建设期": 1, "高效率": 1, "10": 2, "比特": 1, "大幅度": 1, "能效": 1, "主流": 2, "时间表": 1, "GSMA": 1, "66": 1, "154": 1, "2025年": 1, "110": 1, "风云变幻": 1, "阳光": 1, "普照": 1, "基石": 1, "百家号": 1, "昨日": 1, "分享": 1, "*": 1, "官方": 1, "Mate": 7, "2.0": 8, "说到": 1, "前身": 1, "–": 2, "1.0": 6, "首次": 1, "疾速": 1, "低温": 1, "9/Pro": 1, "P10/Plus": 1, "Mate10/Pro": 1, "P20/Pro": 1, "RS": 1, "充电": 32, "认可度": 1, "4.5": 1, "V×5A": 1, "=": 9, "22.5W": 3, "功率": 6, "充满": 2, "P20": 1, "1.5": 1, "Pro所": 1, "相比于": 1, "V×4A": 1, "40W": 1, "远远": 1, "上限": 1, "去年": 1, "18W": 1, "相比": 2, "有余": 1, "4300": 1, "半": 1, "71%": 1, "电量": 2, "质": 1, "飞跃": 1, "解释": 2, "5V": 4, "9V": 4, "充电器": 7, "输出": 7, "电压": 18, "接到": 1, "充电口": 1, "Type-C口": 1, "充充": 2, "5V/9": 1, "V": 1, "转换": 3, "承受": 1, "业界": 1, "大牛TI": 1, "曲线": 1, "电流": 13, "5A": 4, "充电线": 1, "4.5V": 2, "89%": 1, "输入": 1, "Pin": 2, "22.5W/89%": 1, "25.3": 1, "W功率": 1, "损失": 2, "Plost": 2, "Pout": 1, "2.8W": 3, "热量": 1, "烫": 1, "烤红薯": 1, "发热": 2, "充下": 1, "开关": 5, "阻抗": 2, "0.01": 2, "Ω": 2, "妥妥": 1, "假设": 1, "热损": 1, "失功率": 1, "I": 2, "R": 1, "0.25W": 1, "1/10": 1, "细心": 1, "粉粉": 1, "回答": 1, "就要": 1, "锂电池": 4, "恒定": 1, "充到": 1, "借用": 1, "TI": 1, "3.0-4.4V": 1, "上图": 1, "Charge": 1, "Current": 1, "Battery": 1, "Voltage": 1, "<": 1, "3V": 2, "大于": 1, "4.4V": 3, "固定值": 1, "慢慢": 1, "下降": 2, "锂": 1, "涉及": 1, "核心点": 1, "——": 1, "监测": 1, "调整": 2, "动态": 1, "论述": 1, "块": 1, "上都": 1, "德国": 1, "莱茵": 1, "TUV": 1, "适配器": 1, "接口": 1, "电芯": 1, "端口": 1, "监控": 1, "灵敏": 1, "潜在": 1, "清晰": 1, "电路": 1, "都会": 1, "通俗": 1, "技术点": 1, "这不": 1, "专利": 1}