{"中商": 5, "情报": 1, "网讯": 1, "：": 6, "华为": 42, "袁隆平": 4, "合作": 9, "这是": 2, "回": 1, "轮值": 2, "董事长": 2, "胡厚崑": 2, "近日": 1, "透露": 1, "中国": 6, "杂交": 1, "水稻": 7, "父": 1, "培育": 2, "海水稻": 1, "土壤": 4, "数字化": 9, "盐碱": 1, "地上": 1, "长出": 1, "15亿": 1, "亩": 2, "盐碱地": 5, "改造": 3, "1亿": 1, "良田": 1, "一个": 1, "人口": 1, "大国": 1, "粮食": 15, "始终": 1, "事关": 1, "国计民生": 1, "农产品": 1, "成立": 1, "农业": 5, "技术": 10, "提高": 4, "产量": 13, "增加": 2, "2009年": 1, "全国": 4, "53940.9万": 1, "吨": 9, "此后": 1, "持续": 2, "增长": 1, "2015年": 1, "最高峰": 1, "共计": 4, "66060.3万": 1, "3": 1, "年产量": 1, "小幅": 1, "波动": 1, "6.5-6.6亿": 1, "2018年": 2, "总产量": 1, "65789万": 1, "2017年": 1, "减少": 1, "371万": 1, "下降": 2, "0.6%": 1, "全年": 1, "减幅": 1, "不大": 1, "处于": 1, "高位": 1, "水平": 1, "丰收": 1, "年景": 1, "数据": 6, "来源": 3, "产业": 10, "研究院": 4, "大数据库": 1, "区域": 1, "黑龙江": 4, "7507万": 1, "占": 4, "11.4%": 1, "据悉": 3, "黑土地": 1, "肥沃": 1, "耕地": 1, "广阔": 1, "连续": 1, "7": 1, "荣登": 1, "总产": 1, "第一": 1, "宝座": 1, "河南": 3, "气候": 1, "温和": 1, "湿润": 1, "机械化率": 1, "紧随": 1, "6649万": 1, "10.1%": 1, "山东": 2, "位居": 1, "第三": 1, "5320万": 1, "8.1%": 1, "、": 39, "19476万": 1, "3成": 1, "排名": 1, "前十": 1, "省市": 1, "安徽": 1, "河北": 1, "江苏": 1, "吉林": 1, "内蒙古": 1, "四川": 1, "湖南": 1, "大数据": 6, "库华": 1, "对外": 1, "改良": 3, "核心": 1, "四维": 1, "包括": 2, "品种": 1, "植物": 1, "调节": 1, "整套": 1, "方法": 1, "基础": 2, "要素": 1, "物联网": 3, "系统": 5, "未来": 1, "成功": 2, "有望": 3, "进一步": 1, "资料": 1, "请": 1, "参考": 1, "发布": 4, "2019-2024年": 1, "市场": 5, "前景": 1, "投资": 1, "机会": 1, "研究": 1, "报告": 1, "提供": 4, "规划": 2, "策划": 2, "产业园": 1, "招商": 1, "引资": 1, "解决": 1, "方案": 1, "芯片": 27, "动作": 1, "！": 1, "1月": 2, "7日": 1, "推出": 4, "业界": 6, "高性能": 3, "ARM": 16, "based": 2, "处理器": 4, "——": 1, "鲲鹏": 12, "920": 7, "(": 6, "Kunpeng": 1, ")": 6, "基于": 9, "TaiShan": 4, "服务器": 18, "服务": 1, "携手": 1, "伙伴": 5, "推动": 5, "发展": 6, "打造": 3, "开放": 2, "共赢": 1, "生态": 7, "环境": 1, "计算": 5, "性能": 5, "推向": 1, "高度": 1, "贵": 1, "自研": 3, "架构": 9, "下功耗": 1, "降低": 1, "30%": 2, "究竟": 1, "厉害": 1, "上证报": 1, "资讯": 1, "采访": 1, "获悉": 1, "看点": 2, "在于": 1, "指令": 1, "CPU": 2, "核": 3, "SoC": 1, "产品": 2, "也就是说": 1, "拥有": 2, "自主": 1, "知识": 1, "产权": 1, "经此一役": 1, "能力": 2, "再次": 1, "延伸": 1, "底层": 1, "领域": 7, "此前": 1, "发力": 1, "移动端": 1, "ARM核": 3, "麒麟": 2, "系列": 5, "采用": 1, "7nm": 1, "制造": 2, "工艺": 1, "优化": 3, "分支": 1, "预测": 1, "算法": 1, "提升": 2, "运算": 1, "单元": 2, "数量": 1, "改进": 1, "内": 1, "存子": 1, "微架构": 1, "设计": 1, "大幅": 2, "颗": 1, "参数": 1, "主频": 2, "2.6GHz": 1, "支持": 2, "64核": 1, "集成": 2, "8通道": 1, "DDR4": 1, "内存": 1, "带宽": 2, "超出": 2, "主流": 3, "46%": 1, "；": 5, "典型": 1, "SPECint": 1, "Benchmark": 1, "评分": 1, "超过": 1, "930": 1, "标杆": 2, "25%": 1, "效比": 1, "优于": 1, "100G": 1, "RoCE": 1, "太": 1, "网卡": 1, "功能": 1, "集成度": 1, "PCIe4.0": 1, "CCIX": 1, "接口": 2, "640": 1, "Gbps": 1, "单槽": 1, "速率": 2, "倍": 1, "存储": 3, "各类": 1, "加速器": 1, "加快": 1, "进军": 1, "发布会": 1, "同步": 1, "分为": 1, "均衡性": 1, "存储型": 1, "高密型": 1, "三": 2, "机型": 1, "面向": 1, "分布式": 2, "原生": 1, "场景": 4, "发挥": 2, "能效": 1, "优势": 6, "企业": 2, "构建": 3, "低": 3, "功耗": 3, "平台": 1, "战略": 2, "目标": 1, "业内": 4, "人士": 7, "有助于": 1, "打破": 2, "Intel": 5, "垄断": 1, "地位": 1, "X86": 1, "当仁不让": 1, "王者": 1, "占有": 1, "全球": 1, "97%": 1, "份额": 1, "中心": 3, "重要性": 1, "日益": 1, "凸显": 1, "因素": 1, "愈加": 1, "重视": 1, "越来越": 1, "玩家": 1, "发起": 1, "挑战": 3, "AMD": 1, "高通": 1, "相继": 1, "研发": 1, "努力": 1, "纷纷": 1, "折戟": 1, "资深": 1, "恰好": 1, "契合": 1, "需求": 1, "缺点": 1, "很": 2, "导致": 1, "芯片商": 1, "短期": 1, "难": 1, "对此": 2, "亚马逊": 1, "互联网": 1, "公司": 5, "一统天下": 1, "完整": 1, "以往": 1, "阵营": 1, "难以": 1, "突破": 1, "瓶颈": 1, "终端": 3, "强大": 1, "足够": 1, "商业化": 3, "万物": 3, "互联": 5, "时代": 1, "促使": 1, "智能": 3, "加速": 1, "云端": 1, "协同": 1, "云计算": 1, "业务": 3, "类型": 1, "越发": 1, "多样": 1, "兼具": 1, "作用": 1, "布局": 2, "硬件": 1, "软件": 1, "层面": 1, "推进": 1, "引领": 1, "共建": 1, "生态圈": 1, "接近": 2, "打穿": 1, "垂直": 1, "行业": 7, "快速": 2, "捷径": 1, "概念": 1, "炒作": 1, "阶段": 1, "出货量": 1, "路": 1, "漫漫": 1, "求索": 1, "ARM微": 1, "依然": 1, "打磨": 1, "指鲲鹏": 1, "美国": 1, "x86": 1, "竞争": 1, "对手": 1, "互补": 3, "英特尔": 1, "长期": 1, "关系": 3, "系统级": 1, "体量": 1, "应用端": 1, "毕竟": 1, "带动": 1, "经验": 1, "文章": 1, "上海": 1, "证券报": 1, "8日": 1, "晚间": 1, "消息": 6, "@": 1, "官微": 1, "声明": 3, "称": 1, "培养": 2, "属实": 2, "种植": 2, "计划": 2, "相关": 2, "ICT": 4, "助力": 4, "支撑": 2, "智慧": 2, "提供者": 2, "客户": 4, "转型": 6, "使能者": 2, "传统": 2, "面临": 2, "机遇": 2, "有所为": 2, "有所不为": 2, "聚焦": 2, "擅长": 2, "才能": 4, "长久": 2, "数字": 2, "世界": 4, "带入": 2, "家庭": 2, "组织": 2, "愿景": 2, "官方": 1, "全文": 1, "昨天": 1, "网络": 1, "不实": 1}