{"日本": 21, "6月": 1, "28": 1, "大阪": 1, "峰会": 1, "重视": 2, "本次": 1, "动向": 1, "毕竟": 2, "5G": 13, "时代": 3, "到来": 1, "加快": 1, "商业": 1, "步伐": 1, "就此": 1, "国家": 2, "华为": 88, "合作": 5, "都": 25, "损失": 1, "相关": 2, "事宜": 1, "记者": 2, "采访": 3, "各界": 2, "声音": 1, "详情": 1, "：": 6, "东大": 1, "教授": 2, "放弃": 3, "意味着": 2, "极大": 1, "面临": 2, "部署": 2, "大幅度": 1, "放缓": 1, "剧": 1, "消息": 4, "称": 3, "4月": 3, "10日": 1, "总务省": 1, "网络": 4, "频道": 1, "分配": 2, "国内": 8, "四": 1, "电信": 1, "运营商": 3, "计划": 3, "覆盖率": 1, "全国": 1, "97%": 1, "9月份": 1, "橄榄球": 1, "世界杯": 1, "技术": 16, "示范": 1, "大好": 1, "时机": 1, "投入": 11, "商用": 3, "针对于": 1, "地区": 1, "频谱": 1, "时间": 5, "做出": 1, "规划": 1, "官房": 1, "长官": 1, "菅义伟": 1, "告诉": 1, "自由": 1, "设备": 2, "采购": 2, "政府": 2, "希望": 2, "安全性": 2, "借以": 1, "缘由": 1, "中兴": 3, "清单": 1, "剔除": 1, "做法": 2, "美国": 6, "不期而遇": 1, "步调一致": 1, "事实上": 1, "排除": 2, "中国": 6, "企业": 5, "产品": 4, "内容": 1, "无疑": 2, "贸易": 1, "伙伴": 1, "通讯": 1, "领域": 3, "成本": 1, "、": 8, "更新": 1, "状况": 1, "到时": 1, "利益": 3, "受损": 1, "日方": 1, "2009年": 1, "着力": 1, "研发": 11, "2016年": 1, "才": 2, "软银": 3, "联手": 1, "首家": 1, "购买": 2, "170亿": 1, "日元": 1, "基站": 1, "现行": 1, "4G": 1, "江崎浩": 1, "再次": 1, "肯定": 3, "世界": 2, "前头": 1, "一个": 5, "获益": 1, "口碑": 1, "很": 9, "认可": 1, "NTT": 1, "Docomo": 1, "推进": 1, "室室长": 1, "中村武宏": 1, "坦言": 1, "感激": 1, "运营": 1, "想": 5, "无奈": 1, "定下": 1, "方针": 1, "只能": 1, "遵守": 1, "市场": 5, "当地": 1, "名气": 1, "近期": 1, "销量": 1, "TOP3": 1, "款": 11, "性价比": 1, "太": 3, "iPhone": 2, "销售": 1, "不景气": 1, "工厂": 1, "零件": 1, "半导体": 1, "订单": 1, "下降": 1, "腾出": 1, "生产": 1, "空间": 1, "2018年": 6, "交易额": 1, "高达": 2, "66亿": 1, "不少": 1, "心知肚明": 1, "等于": 1, "追赶": 1, "机会": 1, "说到": 1, "新机": 2, "火爆": 1, "机华": 1, "P30": 5, "Pro": 6, "势头": 1, "拍照": 4, "网友": 2, "推出": 6, "设计": 9, "机型": 2, "巧": 1, "国外": 1, "科技": 4, "网站": 2, "曝光": 3, "机名": 1, "华为P": 21, "Smart": 21, "数据": 1, "显示": 2, "定位": 1, "千元机": 2, "很多": 4, "亮点": 2, "弹出式": 2, "前置": 3, "镜头": 3, "参数": 1, "1600万": 4, "像素": 4, "Z将": 4, "搭载": 3, "一块": 2, "6.59": 2, "英寸": 2, "屏": 2, "采用": 5, "原因": 1, "据悉": 2, "Z屏": 1, "占比": 1, "超过": 4, "90%": 1, "机身": 2, "背面": 3, "3D": 1, "炫光": 1, "后壳": 1, "材质": 1, "塑料": 1, "玻璃": 2, "不得而知": 1, "后置": 2, "+": 4, "200万": 2, "双摄": 2, "组合": 3, "光圈": 1, "F/1.8": 1, "F/2.4": 1, "配置": 3, "算是": 2, "中规中矩": 1, "性能": 4, "期望": 1, "麒麟710": 1, "处理器": 4, "吐槽": 1, "最多": 2, "强大": 2, "好在": 1, "Ai加持": 1, "内存": 3, "拥有": 10, "6G": 1, "64": 2, "G版": 1, "续航": 1, "内置": 2, "4000": 2, "毫安": 1, "电池": 2, "提到": 1, "快充": 1, "价格": 1, "透露": 1, "售价": 1, "210": 1, "欧元": 1, "折合": 1, "人民币": 3, "1580": 1, "手机": 20, "新闻": 1, "智能": 1, "发展": 6, "快": 2, "旗舰": 1, "明年": 1, "中端": 2, "标配": 1, "去年": 2, "旗舰机": 1, "带火": 1, "升降式": 3, "摄像头": 5, "下放": 1, "品牌": 1, "为止": 1, "尚未": 1, "升降": 1, "近日": 1, "首款": 1, "公众": 1, "视野": 1, "Z渲": 5, "染图": 5, "图源": 5, "WinFuture": 6, "27日": 1, "外媒": 1, "放出": 3, "高清": 1, "渲染": 1, "图片": 1, "质量": 1, "该机": 3, "定妆照": 1, "Z正面": 1, "异形": 1, "窄边": 1, "黑": 1, "蓝": 1, "绿": 1, "三": 3, "配色": 1, "曲面": 1, "营造": 1, "优雅": 1, "圆润": 1, "视觉": 1, "效果": 2, "屏幕": 1, "左上": 1, "部位": 1, "颗": 1, "左上角": 1, "竖排": 1, "摄": 1, "右侧": 3, "圆形": 1, "指纹键": 1, "仔细": 1, "独特": 1, "拼接": 1, "指": 1, "纹键": 1, "区域": 1, "颜色": 1, "深浅": 1, "时下": 1, "流行": 1, "渐变色": 1, "截然不同": 1, "辨识度": 1, "显示屏": 1, "配备": 1, "麒麟": 2, "710": 1, "辅以": 1, "4GB": 1, "GB": 1, "mAh大": 1, "运行": 2, "EMUI": 1, "9.1": 1, "系统": 19, "科研": 2, "实力": 1, "公司": 9, "2017年": 1, "官方": 1, "对外": 1, "营业": 1, "收入": 2, "10%": 1, "用于": 2, "支持": 1, "黑科技": 4, "层出不穷": 1, "芯片": 2, "升级": 1, "GPU": 1, "Turbo": 1, "提升": 1, "游戏": 1, "这一切": 1, "驱动": 1, "远": 1, "道路": 1, "危机": 1, "爆发": 1, "重点": 2, "针对": 4, "对象": 1, "莫须有": 1, "罪名": 1, "下线": 1, "而后": 1, "遭受": 1, "拦截": 1, "加上": 1, "后续": 1, "CFO": 1, "出境": 1, "标志": 1, "处境": 1, "变得": 1, "微妙": 1, "过于": 1, "被动": 1, "有关于": 1, "操作": 10, "提上": 1, "日程": 1, "消费者": 2, "业务": 1, "CEO": 1, "余承东": 1, "接受": 2, "迫不得已": 1, "情况": 1, "选择": 1, "此话": 1, "出让": 1, "安心": 1, "厂商": 2, "依赖": 1, "谷歌": 4, "授权": 2, "某种": 1, "缘故": 1, "停止": 1, "Android": 10, "开源": 2, "最终": 1, "导致": 1, "互联网": 2, "陷入": 1, "瘫痪": 1, "状态": 1, "普及": 1, "异常": 1, "艰难": 1, "10年": 2, "如今": 3, "iOS": 1, "存活": 1, "闻名": 1, "微软": 1, "无能为力": 1, "想要": 2, "布局": 2, "基本上": 1, "亮": 1, "亮相": 1, "外界": 1, "方舟": 3, "编译器": 3, "原理": 1, "计算机": 1, "机器": 4, "代码": 4, "编译": 1, "执行": 3, "例子": 1, "分为": 2, "阶段": 1, "原始": 1, "代码层": 1, "0101": 2, "第二": 2, "层": 5, "安卓": 1, "虚拟机": 4, "用户": 4, "提供": 1, "指令": 5, "相比于": 1, "高级": 1, "汇编": 1, "语言": 1, "第三": 1, "交互层": 1, "下达": 1, "翻译": 1, "跳过": 1, "底层": 1, "效率": 1, "提高": 1, "业界": 1, "也就是说": 1, "定制": 1, "都会": 1, "下游": 1, "程序员": 1, "学习": 1, "机制": 3, "本身": 1, "颠覆": 1, "传统": 1, "架构": 2, "对此": 1, "这是": 2, "取代": 1, "第一": 4, "的确": 2, "蚕食": 1, "内": 1, "改写": 1, "无形": 1, "之中": 1, "生态": 2, "建立": 2, "全新": 1, "任正非": 8, "上市": 3, "回答": 1, "员工": 17, "股制": 2, "纷纷": 1, "暴富": 1, "抛股": 1, "获利": 1, "不思进取": 1, "害": 1, "占": 2, "股份": 10, "1%": 1, "控制权": 2, "好处": 1, "初期": 1, "业绩": 1, "高速": 1, "增长": 4, "激励": 4, "政策": 2, "挂钩": 1, "团队": 1, "人人": 1, "敌百": 1, "全年": 2, "营收": 1, "7590亿": 1, "元": 8, "净利润": 1, "4031亿": 1, "1500亿": 1, "科学": 1, "股权": 5, "经济": 1, "寒冬": 1, "时期": 1, "高新技术": 1, "专利": 1, "74307": 1, "项": 1, "资产": 1, "价值": 1, "万亿": 1, "之上": 1, "秉持": 1, "财散": 1, "人聚": 1, "理念": 1, "关系": 1, "思想": 1, "分享": 3, "控股": 2, "大致": 1, "工会": 2, "包括": 2, "董事": 1, "集体": 1, "持有": 1, "98.99%": 1, "股本": 2, "总和": 2, "134.4亿": 1, "占有": 1, "1.01%": 1, "1.37亿": 1, "公司法": 1, "有限": 2, "责任": 1, "设置": 1, "同股": 1, "不同权": 1, "票": 1, "表决权": 1, "内部": 3, "章程": 1, "享有": 1, "权利": 4, "协议": 1, "委托": 1, "形式": 1, "代为": 2, "行使": 2, "股东": 2, "书面": 1, "法律": 1, "管理": 1, "均": 1, "合法": 1, "早期": 1, "源于": 1, "1990年": 1, "资金": 1, "紧张": 1, "发": 1, "人员": 1, "工资": 2, "当作": 1, "发给": 1, "将计就计": 1, "1": 1, "股价": 1, "出售": 1, "15%": 1, "利润": 2, "分红": 3, "持股": 3, "模型": 1, "1998年": 1, "考察": 1, "发现": 3, "实体股": 2, "转为": 1, "虚拟股": 5, "用以": 1, "2001年": 1, "虚拟": 2, "股票": 2, "期权": 1, "手上": 2, "变为": 1, "钱": 3, "股": 1, "签订": 1, "合同": 1, "交给": 1, "保管": 1, "副本": 1, "凭证": 1, "账号": 1, "查看": 1, "数量": 2, "增值": 2, "收益": 1, "融资": 1, "260亿": 1, "后期": 1, "本地": 1, "户籍": 1, "外籍": 1, "不用": 2, "5": 2, "期": 1, "年后": 1, "清零": 1, "看法": 1, "下方": 1, "留言": 2, "参与": 1, "讨论": 1, "外国": 1, "评价": 1, "昨日": 1, "媒体": 1, "超越": 2, "苹果": 2, "位居": 4, "全球": 2, "顶尖": 1, "水平": 1, "看一看": 1, "投资": 2, "费用": 1, "153亿": 2, "美元": 5, "1029亿": 1, "14.1%": 1, "力度": 1, "加大": 1, "榜单": 1, "跃居": 1, "第四": 3, "亚马逊": 2, "三星": 2, "288亿": 1, "214亿": 1, "187亿": 1, "处于": 1, "至少": 1, "速度": 1, "相对于": 1, "2014年": 2, "149%": 1, "210%": 1, "增幅": 1, "领先": 1, "程度": 1, "值得一提的是": 1, "3680亿": 1, "本文": 1, "编辑": 1, "杨锦丰": 1, "比拟": 1, "单反": 4, "相机": 1, "豪言": 2, "引来": 1, "热议": 1, "功能": 1, "神奇": 2, "拍": 1, "照片": 2, "堪比": 1, "低配": 1, "望远镜": 1, "远处": 2, "微小": 1, "字体": 2, "放大成": 1, "近视表": 1, "数码": 3, "变焦": 11, "能力": 6, "创新": 1, "幻想": 1, "未来": 3, "主导": 3, "摄像": 2, "前景": 2, "谈": 1, "单单": 1, "这次": 1, "50": 12, "倍": 12, "数字": 3, "吃惊": 1, "偶像": 2, "演唱会": 2, "惊讶": 1, "汗毛": 1, "看清": 3, "放大": 2, "不止": 1, "作用": 3, "场合": 1, "或许": 1, "带来": 3, "意想不到": 1, "惊喜": 2, "旅游": 3, "纪念": 1, "必不可少": 1, "事情": 1, "路上": 1, "地方": 3, "观看": 4, "惋惜": 3, "再有": 1, "风景": 4, "条": 1, "公路": 1, "徒步": 1, "旅行": 1, "座": 1, "庄严": 1, "大雪山": 1, "屹立": 1, "尽头": 1, "攀登": 2, "雪山": 4, "苦于": 1, "掏出": 1, "咔嚓": 2, "！": 2, "清晰": 2, "展现": 1, "面前": 1, "愿望": 1, "生活": 3, "中华": 1, "夜黑月圆": 1, "夜晚": 1, "抬头": 1, "许久": 1, "未": 1, "月亮": 5, "放松": 1, "揉": 1, "眼睛": 1, "度": 2, "近视": 2, "出门": 1, "忘": 1, "带": 2, "眼镜": 2, "苦涩": 1, "笑": 1, "眼里": 1, "不甘": 1, "心情": 1, "赏月": 2, "忘记": 1, "感到": 1, "绝美": 2, "容颜": 2, "今晚": 1, "赏析": 1, "种种": 1, "解决": 1, "麻烦": 1, "总之P": 1, "30": 1, "差": 1, "筹": 1, "摄像界": 1, "P30Pro": 1, "喜欢": 1, "讨厌": 1, "打死": 1, "买": 1, "踊跃": 1, "谢谢": 1}