{"时至今日": 1, "全球": 6, "市场": 11, "手机": 50, "需求量": 2, "庞大": 2, "一个": 24, "很": 20, "原因": 4, "便捷性": 1, "走到": 2, "质量": 4, "恶意": 1, "摔坏": 1, "基本上": 1, "三天两头": 1, "就要": 1, "花钱": 1, "找": 4, "维修": 3, "人员": 4, "修理": 1, "智能": 16, "小心": 1, "弄坏": 1, "很少": 1, "有人": 2, "都会": 1, "选择": 13, "买": 13, "主板": 1, "设计": 11, "困难": 5, "修好": 1, "花": 2, "很多": 7, "钱": 5, "台": 11, "用户": 23, "追": 1, "潮流": 2, "新款": 1, "想": 9, "购买": 7, "背景": 4, "更新": 2, "速度": 9, "快": 2, "中国": 12, "厂商": 1, "出名": 1, "华为": 172, "小米": 2, "独角兽": 1, "2018年": 5, "出货量": 1, "超过": 2, "苹果": 5, "排名": 4, "第二": 3, "距离": 2, "第一": 8, "名": 8, "三星": 1, "差距": 5, "程度": 2, "爱国": 1, "口号": 1, "毋庸置疑": 1, "的确": 1, "好用": 1, "众多": 1, "商家": 3, "算是": 2, "行业": 6, "道德": 1, "制造": 2, "优势": 2, "凸显": 1, "旗下": 2, "品牌": 5, "机型": 4, "配置": 6, "针对": 2, "消费": 2, "群体": 1, "型号": 1, "供": 1, "自由": 1, "消费者": 2, "上当": 2, "受骗": 2, "不妨": 2, "进货": 1, "价格": 3, "卖场": 1, "赚": 2, "进价": 2, "！": 8, "篇幅": 1, "大概": 1, "销售": 6, "利润": 4, "货价": 2, "无济于事": 1, "毕竟": 8, "定价权": 1, "手里": 1, "爱": 1, "就算": 1, "专卖店": 1, "便宜": 1, "一分钱": 1, "没错": 1, "想到": 1, "真的": 4, "做生意": 1, "无可厚非": 1, "故意": 1, "抬高": 1, "赚取": 1, "远": 4, "高于": 4, "成本": 2, "暴利": 2, "坐视不管": 1, "收益": 1, "200-500": 2, "不等": 1, "所得": 1, "维护": 3, "合法": 1, "权益": 2, "事项": 1, "拒绝": 1, "捆绑": 1, "建议": 3, "裸机": 1, "不用": 1, "电话卡": 1, "余地": 1, "节省": 1, "一大": 1, "笔": 2, "开支": 1, "二来": 1, "卖到": 1, "心仪": 1, "产品": 7, "健康": 3, "发展": 14, "看法": 1, "关注": 6, "持续": 1, "分享": 3, "相关": 1, "内容": 3, "技术": 12, "有限": 1, "公司": 19, "段": 4, "日子": 2, "算": 1, "多事之秋": 1, "近日": 2, "多年": 2, "一贯": 1, "低调": 2, "谨言": 1, "创始人": 2, "任正非": 32, "频繁": 1, "发声": 1, "吸引": 2, "高度": 1, "摊上": 1, "大事儿": 1, "糟": 1, "刚刚": 2, "公布": 1, "数据": 4, "显示": 5, "收入": 4, "预计": 1, "首次": 2, "突破": 5, "千亿": 1, "美元": 3, "同比": 2, "增长": 2, "21％": 1, "还给": 1, "定下": 1, "2019年": 1, "1259亿": 2, "目标": 3, "如果说": 1, "回应": 2, "外界": 2, "质疑": 1, "后者": 1, "传递": 1, "鲜明": 1, "信号": 25, "——": 10, "信心": 3, "早早": 1, "聚焦": 2, "终端": 4, "深耕": 1, "企业": 12, "业务": 7, "早": 3, "十几": 1, "增速": 1, "设定": 1, "略": 1, "放缓": 1, "未来": 7, "面对": 2, "预判": 1, "基于": 1, "调整": 1, "战略": 4, "重构": 1, "软件": 7, "架构": 2, "体系": 1, "网络": 18, "极简": 2, "、": 56, "交易": 1, "模式": 5, "隐私": 2, "保护": 9, "遵从": 1, "GDPR": 1, "通用": 1, "条例": 1, "方向": 5, "力争": 1, "全世界": 3, "源自": 1, "苦练": 1, "内功": 1, "底气": 1, "众所周知": 1, "研发": 8, "投入": 4, "微软": 1, "科技": 10, "巨头": 3, "相比": 5, "逊色": 1, "巨额": 1, "带来": 8, "打下": 1, "坚实": 2, "基础": 6, "拥有": 3, "87805": 2, "项": 3, "专利": 5, "11152": 1, "核心": 2, "美国": 9, "授权": 2, "西方": 2, "达成": 1, "交叉": 1, "许可": 1, "某种": 1, "意义": 1, "正是": 1, "实力": 7, "才": 1, "直言": 2, "应对": 3, "5G": 26, "基站": 6, "先进": 2, "微波": 3, "世界": 10, "一家": 4, "人口": 1, "住宅": 1, "密度": 2, "低": 2, "国家": 17, "享受": 1, "高速": 1, "便利": 1, "唯一": 1, "经济": 4, "愈": 2, "挫": 1, "奋": 1, "放过": 1, "机会": 2, "特质": 1, "通信": 3, "设备": 22, "起家": 1, "数字化": 2, "转型": 2, "风起云涌": 1, "智能化": 1, "浪潮": 1, "方兴未艾": 1, "当下": 2, "提早": 1, "嗅": 1, "商机": 1, "前瞻": 1, "布局": 2, "领先": 2, "运营商": 1, "签订": 3, "20多": 1, "商用": 1, "合同": 3, "1万多": 1, "发": 1, "世界各地": 1, "领跑": 1, "500": 2, "均": 2, "伙伴": 1, "业绩": 1, "尤其是": 2, "格外": 1, "亮眼": 1, "规模": 1, "50％": 1, "发货量": 1, "2亿": 1, "地位": 1, "稳固": 1, "冲击": 1, "位置": 5, "潜力": 1, "；": 7, "PC": 3, "IoT": 2, "家居": 7, "生态": 1, "可喜": 1, "建立": 1, "业界": 1, "方舟": 1, "实验室": 1, "有望": 1, "增长点": 1, "依托": 1, "积累": 1, "越来越": 4, "领域": 3, "成长": 1, "支柱": 1, "不经": 1, "艰难困苦": 1, "玉汝于成": 1, "境遇": 1, "环境": 7, "缩影": 1, "重重": 1, "挤压": 1, "努力": 2, "发扬": 1, "创新": 1, "精神": 2, "重视": 3, "人才": 1, "力量": 1, "加快": 1, "国际化": 1, "夯实": 1, "根基": 1, "走向": 1, "日报": 2, "记者": 6, "：": 28, "黄鑫": 1, "责编": 1, "于浩": 1, "(": 2, "来源": 1, ")": 2, "前言": 1, "爆销": 1, "300万": 2, "性价": 1, "比路": 1, "喜迎": 1, "续作": 1, "年前": 1, "华为路": 14, "WS5200": 34, "路由界": 1, "罕见": 1, "百万": 1, "销量": 8, "配备": 4, "千兆": 9, "网口": 7, "支持": 10, "独有": 1, "优选": 5, "生命": 1, "周期": 2, "内": 1, "6月": 1, "9月": 1, "连续": 2, "3": 1, "拿下": 1, "天猫": 1, "路": 6, "NO.1": 1, "战绩": 2, "令人瞩目": 1, "GFK": 1, "报告": 1, "一己之躯": 1, "独自": 1, "吃下": 1, "20.2%": 1, "份额": 1, "名列": 1, "元": 4, "档位": 1, "路由器": 34, "时隔": 1, "创下": 1, "纪录": 1, "喜人": 1, "迎来": 1, "后续": 1, "迭代": 1, "上个月": 1, "末": 1, "智选": 1, "品品": 1, "鉴会": 1, "正式": 3, "发布": 2, "接棒": 1, "继任者": 1, "路由": 5, "增强": 28, "版": 27, "售价": 1, "229": 1, "款": 8, "前代": 5, "三大": 1, "提升": 7, "搭载": 4, "自主": 2, "凌霄": 4, "双核": 3, "800MHz": 4, "处理器": 3, "5GHz": 2, "Wi-Fi": 26, "放大器": 4, "盲插": 5, "值得一提的是": 2, "头顶": 1, "光环": 1, "本月": 1, "初": 1, "电商": 1, "平台": 2, "开售": 1, "单日": 1, "破万": 1, "开门红": 1, "露出": 1, "爆款": 1, "延续": 1, "端倪": 1, "体验": 12, "火爆": 1, "品质": 1, "带": 4, "接下来": 2, "评测": 1, "外观": 3, "风纯": 1, "白": 1, "机身": 2, "5dBi加": 2, "宽": 1, "四": 6, "天线": 6, "这是": 5, "外包装": 1, "简洁": 1, "看起来": 1, "不大": 1, "一开始": 1, "笔者": 12, "颇": 2, "好奇其是": 1, "装下": 1, "频路": 2, "由器": 4, "包装盒": 1, "背面": 2, "简单": 4, "介绍": 2, "增加": 5, "亮点": 1, "功能": 24, "光纤": 3, "入户": 1, "CPU": 2, "性能": 11, "加宽": 3, "四天线": 1, "穿": 2, "墙": 5, "覆盖": 7, "包装": 1, "打开": 8, "器本": 1, "尊便": 1, "解开": 1, "疑问": 1, "磷": 2, "铜": 2, "5d": 2, "Bi高": 2, "采用": 3, "折叠式": 1, "日常": 9, "情况": 16, "折叠": 3, "储藏": 1, "即可": 4, "配色": 2, "米": 1, "白色": 2, "融为一体": 1, "视觉": 1, "违和感": 2, "正面": 1, "细节": 4, "此处": 2, "标志性": 1, "Hi键": 4, "Logo": 2, "用来": 1, "什么的": 1, "智联": 1, "一键": 2, "连接": 8, "当做": 1, "WPS键": 1, "接入": 4, "之间": 2, "隐藏": 1, "指示灯": 1, "三": 6, "闪烁": 2, "方式": 5, "绿色": 1, "代表": 7, "红色": 3, "上网": 11, "搜索": 1, "配对": 1, "接触": 3, "位面": 1, "贴合": 1, "实属": 1, "严丝合缝": 1, "弯折": 1, "过程": 2, "之中": 3, "稍稍": 1, "一点": 10, "力气": 1, "典型": 2, "家族": 1, "风": 1, "精美": 1, "纹理": 2, "多代": 1, "萌发": 1, "背部": 1, "左侧": 2, "电源": 2, "接口": 3, "变化": 2, "放置": 1, "4": 6, "10M/100M/1000": 2, "M": 3, "太": 5, "网": 2, "任意": 3, "区分": 2, "WAN/LAN": 3, "对比": 3, "意味着": 4, "插网线": 2, "费尽": 1, "功夫": 2, "辨别": 2, "寻找": 4, "端口": 5, "插错": 1, "老黄历": 1, "终于": 2, "翻": 1, "费力": 1, "摸索": 2, "随便": 1, "插": 2, "可用": 2, "小白": 5, "尤为": 1, "友好": 2, "网线": 1, "右侧": 2, "重置": 1, "按键": 1, "侧面": 1, "视角": 1, "底部": 4, "密布": 1, "为数不少": 2, "散热孔": 2, "类似于": 1, "梯形": 1, "曲面": 1, "散热": 2, "孔": 1, "桌面": 12, "效果": 9, "着重": 1, "长": 3, "时间": 15, "稳定": 6, "工作": 7, "增益": 1, "利用": 1, "热空气": 1, "自然": 1, "原理": 1, "吸入": 1, "冷空气": 1, "冷却": 1, "内部": 1, "元件": 1, "后部": 1, "排出": 1, "带走": 1, "热量": 1, "灰尘": 1, "趁虚而入": 1, "插头": 1, "12V1A": 1, "做工": 1, "较为": 1, "精巧": 1, "细致": 1, "外出": 2, "携带": 1, "需求": 5, "出行": 1, "负担": 1, "配网": 4, "操作": 4, "1": 5, "安装": 10, "此前": 1, "不少": 3, "噩梦": 1, "难以": 1, "分辨": 1, "WAN": 1, "LAN端口": 1, "熟悉": 1, "电脑": 7, "各种各样": 1, "联网": 1, "接近": 2, "崩溃": 2, "颠覆": 1, "以往": 1, "流程": 3, "简化": 1, "背后": 1, "费功夫": 1, "无需": 2, "口袋": 1, "当中": 7, "浏览器": 1, "系统": 3, "后台": 1, "自动": 5, "页面": 1, "初次": 1, "输入": 3, "登录": 1, "密码": 11, "环节": 2, "名称": 3, "默认": 3, "设置": 12, "即刻": 1, "App": 4, "统一": 2, "管理": 2, "发现": 6, "管理所": 1, "HiLink": 1, "远程": 1, "解锁": 4, "多功能": 1, "玩法": 1, "拷贝": 4, "宽带": 7, "账号": 4, "一劳永逸": 1, "遭遇": 1, "尴尬": 2, "万幸": 1, "仅仅": 1, "老": 2, "WAN口": 1, "键": 6, "—": 1, "客人": 7, "半生不熟": 1, "家中": 2, "做客": 2, "常见": 1, "熟": 1, "家里": 2, "你家": 1, "访客": 1, "上装": 1, "万能": 1, "钥匙": 1, "给出": 3, "风险": 1, "配套": 2, "WiFi": 1, "隔离": 1, "家庭": 3, "局域网": 1, "首页": 1, "点开": 1, "开启": 9, "关闭": 5, "时长": 1, "相当于": 1, "临时": 1, "儿童": 3, "孩子": 4, "双刃剑": 1, "小朋友": 1, "游戏": 5, "难": 1, "调配": 1, "不良": 1, "网站": 1, "潜在": 1, "威胁": 1, "家长": 1, "管控": 2, "轻松": 2, "监察": 1, "上图": 3, "提示": 1, "提供": 5, "列表": 1, "添加": 2, "时段": 2, "开关": 1, "断网": 1, "重复": 1, "生效": 1, "测试": 25, "双核自": 1, "研芯": 1, "加持": 1, "从容": 3, "穿过": 1, "堵": 3, "无线路": 2, "最为": 1, "强度": 11, "强弱": 1, "直观": 2, "测量": 1, "单位": 1, "dBm": 2, "dB": 1, "m值": 1, "佳": 2, "60dBm": 2, "80dBm": 1, "浏览": 1, "视频": 2, "音乐": 2, "网游": 2, "卡顿": 1, "文件": 3, "传输": 7, "数值": 1, "40": 1, "才能": 2, "限度": 1, "发挥": 2, "三者": 1, "满速": 2, "下载": 11, "值得": 1, "传统": 2, "双频": 3, "栏": 1, "2.4GHz": 4, "频段": 6, "合并": 1, "穿墙": 3, "切换": 5, "尝试": 1, "逻辑": 1, "回": 2, "2.4G": 1, "免去": 1, "手动": 2, "麻烦": 1, "地方": 1, "位于": 2, "居民区": 1, "130": 1, "平米": 1, "3居室": 1, "下图": 1, "示来": 1, "Mate": 3, "测评": 1, "大师": 1, "专业": 2, "APP": 2, "检测": 2, "稳定性": 1, "A": 1, "B": 1, "C三处": 1, "测得": 1, "三台": 1, "满载": 2, "运行": 4, "并行": 1, "前提": 1, "表现": 6, "依旧": 5, "稳如泰山": 1, "功劳": 1, "归于": 1, "自研": 1, "芯片": 3, "助力": 1, "大幅": 1, "60%": 1, "Hz": 4, "25%": 1, "体现": 2, "差": 3, "43dbm": 1, "玩": 1, "三处": 1, "地点": 1, "1格": 1, "未": 1, "掉": 1, "速率": 3, "影响": 4, "环": 1, "条件": 2, "Speedtest": 1, "计算": 1, "上传": 2, "升级": 3, "颗": 2, "独立": 5, "其5": 1, "GHz": 3, "能力": 7, "配合": 1, "提到": 2, "LDP": 1, "C弱": 1, "纠错": 2, "算法": 2, "官方": 3, "5": 4, "30%": 1, "易远": 1, "传回": 1, "弱信号": 1, "100M": 2, "联通": 1, "隔墙": 1, "92.6Mbps": 1, "47.3Mbps": 1, "优秀": 3, "隔绝": 2, "72.6Mbps": 2, "同事": 2, "组团": 1, "开黑": 1, "打王者": 1, "荣耀": 4, "吃鸡": 1, "中途": 1, "掉线": 1, "都": 28, "满意": 3, "足以": 1, "成员": 1, "小微": 1, "五": 1, "功耗": 6, "一度": 2, "电": 7, "10": 3, "忽略": 1, "计": 1, "自装": 1, "开工": 1, "永": 1, "休息": 1, "24": 2, "小时": 9, "插电": 1, "牵扯": 1, "电费": 1, "吃掉": 1, "电便": 1, "显得": 2, "为此": 1, "待机": 3, "水平": 3, "3.5W": 2, "4.5W": 1, "度": 2, "=": 1, "千瓦时": 1, "换算": 1, "消耗": 1, "285": 1, "11": 3, "222": 1, "将近": 1, "耗费": 1, "电力": 1, "日用": 1, "足够": 1, "六": 1, "好马配好鞍": 2, "版同": 1, "价位": 2, "首选": 1, "俗话说": 1, "带宽": 3, "掉队": 1, "刚需": 1, "普及": 1, "之下": 2, "开箱": 1, "留下": 2, "印象": 1, "确实": 4, "漂亮": 1, "纯": 1, "收纳": 1, "浑然一体": 1, "毫无": 1, "实用": 3, "降低": 1, "难度": 2, "使用者": 1, "出错": 1, "版能": 1, "完美": 1, "解决": 5, "痛点": 1, "频": 1, "合一": 2, "网速": 1, "合二为一": 1, "避开": 1, "干扰": 1, "快速": 1, "变换": 1, "单单": 1, "主频": 1, "制霸": 1, "CPU路": 1, "由界": 1, "高通": 1, "联发科": 1, "博通": 1, "Marvell": 1, "类型": 1, "分庭抗礼": 1, "并发": 1, "负载": 1, "强力": 1, "辅": 1, "LDPC": 1, "无线": 1, "体会": 1, "房间": 1, "福利": 1, "极其": 1, "宽天线": 1, "高性能": 2, "简洁明了": 2, "老路": 2, "无疑": 1, "易用": 1, "恰逢": 1, "退役": 1, "年纪": 1, "反感": 1, "棘手": 1, "尽量": 2, "靠谱": 1, "省心": 1, "千兆路": 1, "版错": 1, "转载": 1, "百家号": 1, "作者": 1, "时文": 1, "报道": 2, "央视": 1, "1月": 2, "20日": 1, "面对面": 1, "采访": 8, "自信": 5, "爽朗": 1, "看完": 2, "字": 1, "性情": 1, "谈笑": 1, "樯橹": 1, "灰飞烟灭": 1, "形容": 1, "谈话": 1, "脸上": 1, "尺度": 1, "表情": 1, "读": 1, "难怪": 1, "老头": 1, "可爱": 1, "傻": 1, "亏": 1, "东西": 1, "大笑": 1, "爆棚": 1, "冲天": 1, "遍布": 1, "员工": 3, "客户": 5, "表态": 1, "访谈": 2, "感": 1, "兴趣": 1, "孟晚舟": 9, "事件": 4, "态度": 2, "件": 4, "惊叹": 1, "展现": 1, "父亲": 4, "牵挂": 2, "担忧": 3, "亿万": 1, "观众": 1, "企业家": 2, "冷静": 1, "这次": 3, "引发": 1, "欧": 1, "接受": 6, "媒体": 3, "活动": 1, "女儿": 6, "外界表": 1, "法律": 2, "通话": 1, "讲": 2, "笑话": 1, "全程": 1, "无不": 1, "镇定": 1, "资格": 1, "突发": 1, "面前": 1, "教育": 3, "农村": 6, "薄弱": 2, "希望": 3, "培养": 1, "人工": 1, "统计学": 2, "精力": 1, "搞": 2, "至少": 1, "700": 1, "数学家": 1, "800多": 1, "物理学家": 1, "、、": 1, "120多": 1, "化学家": 1, "六七千": 1, "研究": 3, "专家": 1, "六万多": 1, "高级": 1, "工程师": 2, "……": 5, "民族": 2, "竞争": 2, "国人": 2, "成功": 2, "再次": 1, "骄傲": 1, "成就": 1, "有目共睹": 1, "不止": 1, "国产": 2, "格力": 1, "大疆": 1, "2004年": 1, "头条": 1, "这家": 1, "联想": 27, "八十": 1, "年代": 2, "创立": 2, "经营": 4, "加上": 1, "领导人": 2, "慢慢": 1, "差异": 2, "1984年": 1, "成立": 2, "科学院": 1, "研究所": 1, "投资": 2, "20万": 2, "创办": 3, "起点": 1, "信息": 3, "趋势": 1, "1987年": 1, "出生": 1, "社会": 2, "当兵": 2, "回来": 1, "创业": 2, "43": 1, "岁": 1, "集资": 1, "21000": 1, "赚到": 1, "代理": 1, "香港": 2, "工程": 1, "交换机": 2, "懂": 1, "靠着": 1, "学习": 1, "1996年": 1, "首位": 2, "1995年": 1, "数字": 1, "销售额": 1, "15亿": 1, "生存": 2, "不停": 2, "合作": 3, "和记": 1, "黄埔": 1, "固定": 1, "方案": 2, "国际": 3, "电信": 2, "迈出": 1, "1994": 1, "上市": 3, "柳传志": 7, "创办人": 1, "出身": 2, "深知": 1, "改变": 2, "生活": 3, "开发": 1, "2005年": 1, "收购": 2, "IBM": 1, "奠定": 1, "PC界": 1, "几十": 2, "手中": 1, "传到": 1, "杨元庆": 1, "生产": 1, "电视": 2, "调侃": 1, "走": 5, "技工贸": 1, "成绩": 3, "产业": 2, "旗帜": 1, "转向": 1, "贸工技": 1, "天然": 1, "站": 2, "顶峰": 1, "默默": 3, "坚守": 1, "第三": 2, "紧追": 1, "回报": 1, "设备商": 1, "稳居": 1, "58": 1, "102": 1, "4万多": 1, "拉开": 1, "路程": 1, "顺利": 1, "注重": 1, "采购": 1, "扶持": 1, "本土": 1, "上游": 1, "元器件": 1, "讲话": 1, "理念": 3, "一部分": 1, "歌颂": 1, "政府": 5, "政策": 1, "回顾": 1, "谈": 5, "人生": 1, "哲学": 1, "危机感": 1, "客观": 1, "讲出": 1, "军人": 1, "关系": 1, "超": 2, "如今": 2, "营业额": 1, "攀珠": 1, "穆拉玛峰": 1, "比喻": 1, "一路": 1, "直奔": 1, "山顶": 1, "100米": 1, "停": 1, "歇歇": 1, "向前": 1, "心态": 1, "前行": 1, "捷径": 1, "80": 1, "经历": 1, "路线": 4, "贸易": 1, "国企": 1, "错": 1, "导致": 1, "也许": 1, "重回": 1, "巅峰": 1, "赞": 1, "加油": 1, "市面": 1, "屏内": 1, "开孔": 1, "nova4": 32, "点屏": 3, "高屏": 1, "占比": 1, "抛开": 1, "拿到": 1, "嘴": 1, "屏幕": 1, "香": 1, "手上": 2, "版本": 3, "高配": 1, "4800万": 3, "像素": 9, "苏音蓝": 1, "蜜语": 2, "红": 3, "贝母白": 1, "亮": 1, "黑色": 1, "觉着": 1, "好看": 2, "男": 1, "颜色": 1, "证件": 1, "照素": 1, "颜照": 1, "光芒": 1, "照耀": 1, "背壳": 1, "光影": 1, "流转": 1, "蓝": 1, "条": 1, "斜": 1, "光带": 1, "相互": 1, "交错": 1, "熠熠生辉": 1, "时尚感": 1, "拍照": 13, "说到": 1, "自拍": 6, "原谅": 1, "直男": 1, "后置": 2, "前置": 1, "2500万": 1, "海报级": 1, "实在": 1, "上几": 1, "美肤": 3, "差别": 1, "保留": 1, "套": 2, "光效": 1, "虚化": 1, "组合拳": 1, "人像": 1, "素质": 2, "原本": 2, "暗沉": 2, "皮肤": 3, "提亮": 1, "拉白": 1, "人物": 2, "磨皮": 2, "羽化": 1, "光滑": 1, "亮泽": 2, "内置": 1, "更为": 2, "个性": 1, "打光": 1, "整体": 1, "依然": 1, "适度": 1, "心动": 1, "妹子": 1, "不必": 1, "担心": 2, "男生": 1, "女朋友": 1, "关注点": 1, "在于": 1, "索尼": 1, "IMX": 3, "586": 3, "传感器": 1, "成像": 1, "期待": 2, "标配版": 1, "2000万": 1, "朋友": 3, "两点": 1, "敲": 1, "黑板": 1, "1.": 1, "1200万": 2, "保证": 2, "画面": 4, "亮度": 4, "照片": 7, ".": 1, "nova": 1, "AI": 2, "摄影": 2, "输出": 7, "调节": 1, "强制": 2, "锁定": 1, "12MP": 7, "策略": 1, "猜想": 1, "48MP": 10, "体积": 1, "实测": 1, "大小": 1, "3-4M": 1, "存储": 1, "压力": 1, "夜景": 3, "得益": 1, "Quad": 1, "Bayer": 1, "特性": 1, "四像素": 1, "单像素": 2, "尺寸": 2, "0.8": 1, "μm": 2, "1.6": 1, "提高": 1, "夜晚": 1, "感光": 1, "技巧": 2, "光线": 2, "充足": 1, "暗光": 1, "强行": 2, "老老实实": 1, "波": 1, "摆": 1, "广角": 6, "样张": 1, "摄": 1, "那种": 1, "此次": 1, "镜头": 2, "78": 1, "°": 1, "扩展": 1, "面积": 1, "挺": 1, "老鸟": 1, "新手": 1, "构图": 1, "没关系": 1, "试试": 1, "或许": 1, "风景": 1, "脱颖而出": 1, "48": 1, "MP12MP": 1, "缩放": 1, "过后": 1, "模糊": 1, "承认": 1, "蓝天": 1, "清淡": 1, "状况": 1, "合适": 1, "总体而言": 1, "惊喜": 1, "过硬": 1, "缺点": 1, "缺乏": 1, "校正": 2, "畸变": 1, "修补": 1, "场景": 1, "后期": 2, "EMUI": 4, "局限": 1, "只能": 3, "止步": 1, "5.0": 1, "9.0": 2, "选项": 4, "耗电量": 3, "流畅": 1, "负": 7, "屏": 7, "恰好": 1, "界面": 1, "干净": 1, "订阅": 1, "新闻": 1, "资讯流": 1, "惹": 1, "心烦": 1, "推荐": 3, "广告": 1, "导航": 3, "提前": 1, "立马": 1, "开车": 1, "步骤": 1, "指": 1, "按压": 2, "唤醒": 1, "智慧": 1, "识屏": 1, "阅读": 4, "执行": 1, "稍后": 2, "下次": 1, "单手": 2, "双指": 1, "交互": 1, "这项": 2, "亲人": 1, "旅游": 1, "美好": 1, "记忆": 1, "展示": 1, "老套": 1, "创建": 1, "精彩": 4, "时刻": 4, "记录": 4, "背影": 1, "转场": 1, "特效": 1, "定制": 1, "赶紧": 1, "打造": 1, "高频": 1, "习惯": 2, "以此": 1, "规范": 2, "频期": 1, "大致": 3, "上午": 1, "九十点": 1, "下午": 1, "三四点": 1, "平均": 1, "分钟": 3, "单薄": 1, "强迫": 2, "养成": 1, "用机": 1, "航华": 1, "3750": 1, "mAh": 1, "容量": 1, "电池": 1, "具备": 1, "9V/2A": 1, "快充": 2, "字面": 1, "处于": 1, "中上": 1, "30": 1, "充电": 2, "半": 1, "41%": 1, "电量": 3, "充满": 1, "碎片化": 1, "续航": 3, "中关村": 1, "在线": 1, "最终": 2, "剩余": 1, "42%": 1, "差不多": 1, "天一": 1, "即时": 1, "通讯": 2, "占用": 1, "效率": 1, "重度": 3, "王者": 3, "耗电": 1, "画质": 3, "角色": 1, "光晕": 1, "调成": 1, "分辨率": 1, "帧率": 3, "60": 1, "帧": 1, "团战": 1, "波动": 1, "58上下": 1, "麒麟": 1, "970": 1, "老当益壮": 1, "味道": 1, "28": 1, "11%": 1, "总体": 1, "偏向": 3, "优化": 1, "空间": 1, "时尚": 1, "中端": 1, "适合": 3, "年轻人": 1, "追求": 1, "喜欢": 3, "追寻": 1, "不错": 1, "出色": 1, "不俗": 1, "贴心": 1, "评论区": 1, "留言": 1, "告诉": 1, "国外": 1, "oppo": 1, "vivo": 1, "国内": 2, "激烈": 1, "肯定": 1, "势头": 1, "事实上": 1, "夸张": 1, "人民": 1, "光彩": 1, "间接": 1, "符合": 1, "标准": 1, "超越": 1, "领导者": 1, "早就": 1, "身价": 1, "百亿": 1, "位列": 1, "富豪榜": 1, "期间": 1, "抢眼": 1, "声誉": 1, "发起": 1, "场": 2, "革命": 1, "不再": 1, "第三方": 4, "措施": 2, "惊讶": 1, "原有": 1, "改革": 1, "小编": 2, "运营": 1, "集成": 1, "延长": 1, "电话": 1, "寿命": 1, "账户": 1, "解释": 2, "软件包": 1, "感觉": 1, "糟糕": 1, "系统性": 1, "阻止": 1, "检查": 1, "此类": 1, "程序": 2, "强制性": 1, "因素": 1, "办法": 1, "好心办坏事": 1, "顾客": 1, "投诉": 1, "无论如何": 1, "口碑": 1, "减少": 1, "本文": 1, "原创": 1, "作品": 1, "图片": 1, "来自于": 1, "侵权": 1, "请": 1, "告知": 1, "标题": 1, "求华": 4, "卖": 3, "海外网": 2, "21日": 1, "外媒": 4, "谈到": 1, "拘留": 1, "畅谈": 1, "豪言": 1, "禁止": 2, "卖给": 2, "亏欠": 2, "去年": 1, "12月": 2, "1日": 1, "加拿大": 3, "转机": 1, "当局": 1, "拘押": 1, "11日": 1, "当地": 1, "法院": 1, "准许": 1, "女士": 1, "保释": 1, "询问": 1, "看待": 1, "对待": 1, "事情": 2, "司法": 1, "评述": 1, "本案": 1, "法官": 1, "检察官": 1, "感谢": 2, "公民": 1, "领事": 1, "公正": 1, "结论": 1, "坦言": 1, "亲密": 3, "不和": 1, "时期": 1, "时代": 1, "奋斗": 1, "16": 1, "办公室": 1, "顾及": 1, "儿女": 1, "亲": 1, "角度": 1, "绝不": 1, "危害": 2, "目光": 1, "提问": 1, "称": 3, "澳大利亚": 1, "提出": 1, "外国": 1, "机密性": 1, "30年": 1, "170": 1, "30多亿": 1, "服务": 1, "商业": 1, "决不": 1, "伤害": 1, "外交部": 1, "澄清": 1, "后门": 1, "从来": 1, "收到": 1, "进一步": 1, "利益": 2, "驱使": 1, "侵犯": 1, "近期": 1, "为由": 1, "停用": 1, "波兰": 1, "官员": 2, "北约": 1, "立场": 1, "大一": 1, "议员": 1, "意见": 1, "沟通": 1, "收缩": 1, "养活": 1, "150亿": 1, "200亿": 1, "美金": 1, "前五": 1, "将来": 1, "30多": 1, "发货": 1, "25000": 1, "2570": 1, "做好": 1, "总会": 1, "宣传": 1, "别人": 1, "这才": 1, "永不": 1, "方法": 1, "厂家": 2, "微波超": 1, "回传": 1, "科学": 1, "地广人稀": 1, "别墅区": 1, "分散": 1, "高档": 1, "8K": 1, "到时": 1, "中心": 1, "呼吁": 1, "共赢": 2, "一句话": 1, "‘": 1, "’": 1, "喊话": 1, "高科技": 1, "完整": 1, "人类": 1, "膨胀": 1, "无限": 1, "千万": 1, "承担": 1, "动不动": 2, "吓唬": 2, "抓": 1, "税收": 1, "创造": 1, "优越": 1, "作用": 1}