{"华为": 286, "Mate30": 58, "系列": 39, "发布": 26, "主流": 5, "旗舰": 10, "机型": 5, "算是": 2, "凑": 1, "齐": 1, "三星": 2, "Galaxy": 1, "Note10+": 1, "苹果": 14, "iPhone": 4, "11": 3, "Pro": 32, "Max": 1, "手机": 50, "早已": 1, "拼": 1, "性能": 12, "时代": 5, "做出": 2, "差异化": 1, "东西": 1, "才": 6, "款": 22, "素质": 1, "三": 6, "都": 27, "保证": 1, "基础": 15, "给出": 2, "答案": 1, "设计": 36, "延续": 3, "上代": 1, "工艺": 3, "材料": 1, "改进": 1, "采用": 16, "一块": 2, "6.53": 2, "英寸": 8, "环幕屏": 1, "屏幕": 11, "两边": 1, "曲率": 1, "88": 2, "°": 3, "延伸": 2, "边框": 2, "仿佛": 2, "瀑布": 2, "缩窄": 1, "取消": 2, "音量": 5, "实体": 1, "按键": 1, "改为": 1, "触控": 1, "边缘": 1, "手势": 2, "操作": 10, "调节": 5, "变化": 1, "刘海": 3, "紧凑": 1, "3D": 3, "深感": 2, "镜头": 8, "、": 145, "前置": 1, "摄像头": 13, "传感器": 3, "元器件": 1, "一个": 23, "支持": 44, "指纹": 2, "人脸": 1, "识别": 5, "方式": 5, "搭配": 1, "EMUI": 1, "10": 2, "功能": 16, "AI": 9, "智慧": 21, "转屏": 1, "隔空": 1, "背面": 2, "不同于": 1, "前代": 1, "浴霸": 1, "环形": 1, "元素": 1, "四": 8, "颗": 5, "包裹": 1, "圆内": 1, "拥有": 5, "枚": 5, "4000万": 4, "素主": 1, "摄": 4, "广角": 2, "1/1.7": 1, "F/1.6": 1, "光圈": 3, "OIS": 2, "素超": 1, "感光": 1, "电影": 4, "超": 1, "1/1.54": 1, "F/1.8": 1, "800万": 1, "长焦": 1, "F/2.4": 1, "拍照": 4, "Mate20": 2, "这次": 3, "主摄": 1, "依然": 1, "RYYB": 2, "像素": 4, "排列": 1, "以此": 2, "光亮": 1, "新增": 3, "视频": 26, "录制": 1, "7680": 1, "帧超": 1, "高速": 1, "摄影": 5, "超高清夜": 1, "超广角": 4, "背景": 1, "虚化": 1, "搭载": 6, "麒麟990": 2, "处理器": 10, "麒麟": 9, "990": 5, "自主": 1, "研发": 9, "NPU": 2, "达芬奇": 2, "架构": 15, "AI性": 1, "超过": 13, "A13": 3, "仿生": 1, "芯片": 20, "世界": 3, "首款": 4, "集成": 6, "5G": 29, "SoC版": 1, "5G版": 3, "7nm": 1, "EUV": 1, "基带": 4, "出色": 3, "续航": 6, "能力": 20, "4500": 2, "mAh": 3, "电池": 4, "40W": 2, "有线": 3, "快充": 3, "27W": 1, "无线": 8, "10W": 1, "反向": 1, "充电": 8, "售价": 13, "4G版": 3, "8GB": 10, "+": 19, "128GB": 5, "5799": 4, "元": 44, "256GB": 4, "6299": 3, "值得一提的是": 4, "全球": 18, "旗舰店": 2, "深圳": 1, "万象天": 1, "9月": 15, "28日": 1, "盛大": 1, "开业": 1, "首家": 2, "颠覆华": 1, "零售": 1, "店面": 1, "传统": 3, "形象": 1, "消费者": 18, "第一": 7, "时间": 8, "体验": 23, "购买": 3, "万物": 2, "互联": 3, "到来": 2, "产品": 36, "极致": 2, "场景": 13, "生活": 3, "26日": 6, "国内": 7, "正式": 16, "年度": 4, "惯例": 1, "业务": 12, "CEO": 4, "余承东": 20, "登台": 2, "完整": 3, "回顾": 1, "海外": 5, "发布会": 13, "内容": 6, "带来": 11, "不少": 4, "呈现": 2, "最终": 4, "公布": 1, "此次": 5, "智慧屏": 17, "Watch": 8, "GT2": 5, "Freebuds3": 11, "VR": 16, "眼镜": 12, "亮相": 1, "详细": 3, "介绍": 12, "特性": 1, "重构": 6, "想象": 4, "摄像": 1, "提供": 32, "版本": 14, "用户": 21, "期待": 2, "介绍道": 1, "SoC": 2, "首次": 3, "4G": 3, "集于": 1, "一体": 1, "中国": 17, "电信": 1, "2019年": 3, "终端": 4, "洞察": 1, "报告": 2, "6.62": 1, "OLED": 3, "屏": 9, "Mate": 25, "30": 20, "环幕": 1, "弯曲": 1, "角度": 3, "度": 2, "侧边": 2, "物理": 1, "键": 2, "滑动": 1, "即可": 3, "震动": 1, "反馈": 1, "值得": 3, "姿态": 3, "感应器": 2, "区域": 5, "相比": 5, "稍": 1, "宽": 1, "二者": 1, "均": 3, "屏下": 1, "窄": 1, "外观": 3, "星河银": 1, "罗": 1, "兰紫": 1, "翡": 1, "冷翠": 1, "亮": 1, "黑色": 1, "多种": 2, "配色": 2, "青山黛": 2, "丹霞": 2, "橙": 2, "素皮": 4, "亲肤": 1, "质感": 1, "细腻": 2, "触觉": 1, "防水": 3, "防尘": 3, "级别": 1, "区分": 2, "玻璃": 2, "后盖": 2, "IP": 2, "53": 1, "68": 1, "引领": 4, "行业": 26, "标杆": 1, "领域": 6, "对手": 6, "领先": 8, "半年": 2, "现场": 2, "内": 3, "NSA": 1, "SA+NSA": 1, "模但": 1, "集成5G": 1, "第二": 3, "覆盖": 3, "频段": 1, "最佳": 1, "双卡": 1, "期间": 5, "重磅": 1, "DxOMark": 2, "综合": 2, "排行榜": 1, "名": 4, "总分": 1, "121分": 1, "分项": 1, "低于": 1, "1分": 1, "匆忙": 1, "送测": 1, "未来": 10, "调试": 1, "优化": 4, "RS": 5, "保时捷": 18, "灵感": 1, "超跑": 1, "暗合": 1, "速度": 6, "激情": 1, "存储": 6, "规格": 5, "12GB": 1, "512GB": 3, "12999": 3, "6GB": 1, "3999": 3, "4299": 2, "4999": 2, "5499": 3, "6899": 2, "7899": 3, "面向": 7, "65": 5, "定价": 7, "6999": 3, "点出": 2, "三大": 2, "卖点": 2, "AI慧眼": 4, "Huawei": 13, "Share": 4, "跨屏": 4, "Sound": 4, "音响": 3, "WATCH": 3, "46": 4, "42": 4, "表带": 1, "尺寸": 3, "长": 6, "内置": 3, "麦克风": 1, "扬声器": 2, "独立": 3, "音乐": 7, "播放": 5, "500": 1, "歌曲": 1, "24": 1, "小时": 5, "蓝牙": 6, "通话": 4, "提到": 2, "直播": 2, "精灵": 2, "鼠标": 1, "大小": 1, "硬件": 7, "效果": 4, "手动": 3, "切换": 5, "信号源": 2, "语音": 4, "跨信号源": 1, "点播": 2, "电视": 5, "节目": 1, "全程": 1, "前提": 1, "频道": 1, "搜索": 1, "平台": 22, "机顶盒": 1, "网络": 7, "来源": 2, "整合": 1, "减少": 1, "步骤": 1, "很": 11, "便利": 1, "智能": 24, "抵触": 1, "情绪": 1, "老年": 1, "降低": 4, "学习": 6, "门槛": 1, "产品线": 2, "总裁": 5, "何刚": 3, "可穿戴": 5, "设备": 12, "刚": 6, "双模": 1, "5.1": 5, "标准": 5, "——": 3, "麒麟A": 3, "1": 8, "连接": 5, "距离": 2, "远": 1, "150": 1, "米": 1, "游泳": 1, "心率": 1, "监测": 2, "血氧": 1, "饱和度": 1, "心脏": 1, "早搏": 1, "筛查": 1, "业界": 6, "半": 2, "开放式": 2, "主动": 3, "降噪": 9, "耳机": 11, "Airpods": 4, "前作": 1, "骨声纹": 2, "增加": 5, "性价比": 1, "1199": 3, "形态": 1, "颠覆": 2, "外光": 1, "身临其境": 1, "视屏": 1, "盛宴": 1, "厚度": 1, "26.6": 1, "重量": 1, "166g": 1, "业内": 1, "轻薄": 1, "很多": 11, "轻薄化": 1, "一大": 2, "难题": 1, "利用": 1, "超短焦": 1, "光学": 1, "系统": 19, "光束": 1, "折返": 1, "3段式": 1, "折叠": 1, "光路": 1, "超薄": 1, "0-700": 1, "屈光度": 1, "3600*1600": 1, "分辨率": 5, "1058": 1, "PPI": 1, "IMAX": 1, "虚拟": 1, "巨幕": 1, "视角": 1, "震撼": 2, "观感": 1, "双Smart": 1, "PA": 1, "加持": 4, "沉浸": 1, "立体": 2, "声效": 1, "出彩": 1, "投屏": 5, "引入": 1, "海量": 1, "观看": 4, "3万": 1, "高青": 1, "配合": 3, "6DoF": 1, "配件": 1, "高性能": 1, "电脑": 2, "畅享": 1, "数千": 1, "PC": 1, "游戏": 5, "2999": 2, "升级": 12, "之间": 5, "越来越": 5, "完善": 1, "显示": 3, "生态": 35, "健壮性": 1, "背后": 1, "旺盛": 1, "时隔": 1, "德国": 1, "慕尼黑": 1, "飞回": 1, "上海": 5, "四面台": 1, "隆重": 1, "再次": 3, "带": 1, "手表": 6, "头": 1, "毕竟": 3, "早": 2, "线下": 3, "门店": 1, "展示": 2, "相关": 5, "信息": 3, "造型": 1, "神秘感": 1, "ZAEKE": 3, "知客": 3, "卖关子": 1, "关键": 3, "「": 1, "参数": 2, "」": 1, "价格": 5, "罗列": 2, "一番": 1, "：": 14, "6": 3, "128": 3, "；": 23, "8": 5, "256": 2, "8+128": 1, "8+256": 1, "512": 2, "12+512": 1, "GT": 6, "运动款": 2, "1488": 1, "时尚": 2, "1688": 1, "尊": 1, "享款": 1, "1988": 1, "1388": 1, "1588": 1, "雅致款": 1, "1888": 1, "FreeBuds": 3, "3": 6, "GLASS": 1, "主角": 2, "自然": 2, "在意": 1, "关注": 2, "共计": 1, "分为": 1, "后者": 1, "定位": 5, "意味着": 1, "表现": 5, "两侧": 2, "接近": 1, "90": 1, "弯折": 1, "双曲面": 1, "精简": 1, "机身": 1, "机械式": 1, "按钮": 1, "底层": 1, "双击": 1, "触摸": 1, "相机": 6, "沿用": 1, "此前": 3, "4000": 3, "万像素": 2, "全新": 3, "原生": 1, "3:2": 1, "画幅": 1, "用于": 5, "拍摄": 6, "4K": 2, "60": 2, "fps": 1, "数字": 12, "4千万": 1, "输": 1, "进一步": 2, "率先": 3, "开售": 4, "日起": 1, "开启": 3, "预售": 2, "荣耀": 1, "登场": 1, "更为": 2, "高端": 4, "色域": 2, "声音": 5, "足够": 3, "屏动": 1, "眼看": 1, "着重": 1, "SoundBar": 1, "全频": 2, "喇叭": 5, "单元": 5, "高音": 1, "低音": 2, "源": 2, "辐射器": 2, "W": 2, "功率": 2, "声道": 2, "音效": 5, "好听": 1, "感受": 1, "差距": 1, "人工": 3, "接合": 1, "给予": 3, "Kids": 1, "儿童": 1, "坐姿": 1, "判断": 3, "提醒": 4, "机构": 3, "人员": 3, "合作": 26, "使用者": 2, "动作": 2, "指示": 1, "符合": 1, "提升": 7, "配角们": 1, "忽视": 1, "Glass": 2, "自研": 3, "A1": 1, "低": 2, "功耗": 6, "双主": 1, "耳": 1, "传输": 2, "30%": 1, "延迟": 2, "50%": 3, "半入": 2, "耳式": 2, "听感": 1, "颇为": 1, "有趣": 1, "3200*1600": 1, "具备": 9, "1058ppi": 1, "宣传": 1, "创新": 19, "动态": 3, "渲染": 1, "技术": 23, "改善": 1, "画面": 3, "拖影": 1, "眩晕感": 1, "0~700": 1, "曲光度": 1, "耳扬声器": 1, "轻便": 1, "携带": 1, "出门": 1, "佩戴": 1, "图片": 1, "TechWeb": 2, "2019": 1, "新品": 1, "盛典": 1, "东方": 1, "体育": 1, "中心": 2, "市场": 14, "新一代": 2, "旗舰级": 1, "推出": 8, "Mate30Pro": 15, "融入": 1, "科技": 3, "理念": 1, "诸多": 1, "先进": 2, "拓宽": 1, "边界": 2, "18：08": 1, "接受": 1, "记者": 2, "专访": 1, "新机": 1, "分享": 3, "竞争": 4, "不便于": 1, "评论": 1, "尊敬": 2, "发展": 13, "良性": 1, "希望": 6, "竞争力": 1, "相互": 3, "比赛": 1, "竞赛": 1, "服务": 21, "价值": 8, "更进一步": 1, "P20": 1, "构建": 9, "地位": 1, "排名": 1, "想": 3, "不止": 1, "信号": 2, "协同": 2, "追随者": 1, "赶上": 1, "超越": 1, "弱小": 1, "这几年": 2, "确实": 2, "慢慢": 1, "5G余": 1, "承东": 2, "5GSoC": 2, "外挂": 1, "方案": 19, "主板": 2, "面积": 1, "占用": 1, "全场": 1, "景天线": 1, "多达": 1, "21": 2, "天线": 2, "对比": 5, "同等": 1, "环境": 2, "快": 8, "推动": 2, "运营商": 2, "建设": 6, "加快": 1, "明年": 1, "上市": 7, "秋天": 1, "走": 1, "产业": 24, "前列": 1, "厂商": 2, "搞定": 2, "X": 1, "(": 3, ")": 3, "SA/NSA5G": 1, "模组网": 1, "优势": 4, "跨越": 1, "数量": 5, "照相": 1, "质量": 2, "取决于": 1, "厂家": 1, "重视": 1, "拍": 1, "照片": 1, "抖音": 1, "APP": 1, "火": 1, "这是": 7, "全世界": 1, "INS": 1, "Facebook": 1, "需求": 2, "尤其是": 1, "互联网": 1, "专业": 7, "摄像机": 2, "摄影机": 2, "体积": 3, "核心": 5, "难度": 2, "所在": 1, "地方": 1, "坦克": 1, "压": 1, "坏": 1, "投入": 12, "开发": 14, "好多": 1, "影像": 1, "至少": 1, "七": 1, "八": 1, "讲": 1, "突破": 4, "替代": 1, "终于": 2, "压缩": 1, "人力": 2, "物力": 2, "包括": 14, "算法": 4, "ISP": 3, "模组": 1, "法国": 1, "南部": 1, "研究所": 4, "研究": 3, "杭州": 1, "同步": 2, "记得": 1, "早期": 3, "弄": 1, "ISP全": 1, "DSP": 1, "CPU": 1, "GPU": 1, "ESP": 1, "RSP": 1, "强大": 2, "团队": 2, "参与": 2, "欧洲": 1, "欧美": 1, "俄罗斯": 1, "日本": 1, "联合": 11, "资深": 1, "专家": 2, "折叠屏": 1, "X余": 1, "预计": 2, "MateX": 3, "麒麒": 1, "980": 1, "更低": 1, "生产": 1, "解决": 17, "众所周知": 1, "空间": 4, "增长": 2, "增速": 2, "原因": 2, "还要": 2, "不仅仅": 1, "打电话": 1, "能干": 1, "运动": 1, "健康": 1, "便捷": 1, "习惯": 1, "喜爱": 1, "穿戴": 2, "广阔": 1, "例子": 1, "Gentle": 1, "Monster": 1, "佩戴式": 1, "原本": 1, "热销": 1, "实际上": 2, "卖光": 1, "地铁": 2, "公交": 2, "AirPods": 1, "挺": 1, "棒": 1, "消噪": 3, "入耳式": 1, "听": 1, "外面": 2, "个把": 1, "优秀": 1, "听到": 1, "消掉": 1, "噪音": 1, "刚刚": 1, "智能化": 2, "国产": 1, "巨头": 1, "卖": 2, "贵": 1, "网友": 1, "吐槽": 1, "没钱": 2, "买": 3, "！": 2, "反倒": 1, "销量": 1, "佳": 1, "情况": 3, "降价": 1, "促销": 1, "如今": 1, "良心": 2, "便宜": 2, "选华": 1, "iPhone11": 12, "廉价": 1, "刘海屏": 1, "差别": 2, "720p": 1, "1080p": 1, "之下": 1, "HDR": 1, "上一代": 1, "较为": 1, "差": 1, "夜景": 1, "模式": 8, "DXO": 1, "得分": 1, "当中": 1, "理想": 1, "一点": 2, "标准版": 1, "11月": 5, "马上": 1, "兑现": 1, "尴尬": 1, "小米": 8, "9": 4, "3699": 1, "起步": 4, "平手": 1, "领先于": 1, "iOS13": 1, "流畅": 2, "加载": 1, "承认": 2, "占据": 1, "充电续": 1, "航上": 1, "3110": 1, "5": 5, "想要": 1, "建议": 2, "细节": 1, "WiFi6": 1, "双扬声器": 1, "有线性": 1, "马达": 1, "昂贵": 1, "选择": 2, "18日": 2, "第四": 3, "届": 2, "联接": 5, "大会": 8, "参观者": 1, "展出": 1, "避障": 1, "小车": 1, "/": 5, "新华华": 1, "布局": 7, "赢得": 1, "新闻": 7, "周刊": 7, "贺斌": 1, "发于": 1, "第918": 1, "期": 1, "沃土": 14, "计划": 12, "提前": 1, "副董事长": 1, "胡厚崑": 2, "15亿": 1, "美元": 8, "开发者": 19, "规模": 3, "500万": 1, "手笔": 1, "2015年": 2, "首届": 2, "五": 1, "年内": 2, "10亿": 3, "实施": 1, "简称": 2, "打造": 15, "伙伴": 32, "这笔": 1, "投资": 4, "实物": 1, "资金": 1, "基金": 7, "专项": 1, "开放": 23, "远程": 1, "实验室": 3, "聚焦": 1, "高效": 3, "予以": 1, "认证": 5, "销售": 8, "交付": 2, "培训": 3, "人才": 2, "生态圈": 1, "拓展": 1, "营销": 8, "活动": 2, "激励": 3, "开源": 9, "CT": 1, "腾AI": 1, "计算": 18, "鲲鹏": 7, "建立": 2, "OpenLab": 4, "社区": 4, "举办": 2, "大赛": 1, "‘": 4, "’": 4, "进展": 1, "顺利": 1, "130多": 1, "14000": 1, "ISV": 6, "软件": 9, "开发商": 4, "胡": 5, "厚崑": 5, "2.0": 2, "赋能": 5, "高校": 1, "工场": 1, "7": 1, "针对": 4, "历程": 1, "阶段": 3, "流程": 1, "资源": 2, "配置": 1, "成长": 3, "围绕": 2, "设立": 1, "LDF": 1, "PDF": 1, "MDF": 1, "三类": 1, "Cloud": 5, "&": 3, "CTO张顺茂": 2, "重点": 1, "基于": 6, "＋": 3, "昇腾": 5, "360": 1, "全方位": 2, "体系": 5, "联盟": 1, "规范": 1, "示范点": 1, "蛋糕": 1, "获取": 1, "算力": 3, "面临": 3, "蓝海": 3, "引用": 1, "Gartner": 1, "公司": 7, "数据": 4, "证明": 1, "2023年": 1, "2万亿": 2, "坚定不移": 2, "器族": 1, "有所为": 2, "有所不为": 2, "商业": 5, "策略": 1, "不遗余力": 1, "各行各业": 2, "数字化": 12, "转型": 11, "如火如荼": 1, "蓬勃": 1, "难": 1, "做起": 1, "2004年": 1, "嵌入式": 1, "历经": 1, "15": 1, "2万": 1, "工程师": 1, "通用": 1, "鸿鹄": 2, "供给": 1, "在于": 2, "效能": 1, "寻求": 1, "匹配": 1, "为止": 1, "唯一": 1, "端": 1, "坚实": 1, "成功": 5, "仅仅": 2, "依赖于": 1, "硬": 1, "实力": 1, "软实力": 1, "侯金龙": 2, "对此": 2, "举措": 1, "双引擎": 1, "启航": 1, "战略": 4, "服务器": 2, "GaussDB": 1, "OLTP": 1, "单机版": 1, "数据库": 3, "开拓": 1, "万亿级": 1, "场": 3, "难以": 1, "年前": 1, "离职": 1, "前华": 1, "员工": 1, "深受": 1, "诟病": 1, "全球化": 1, "意识": 1, "重要性": 1, "2010年": 1, "任正非": 2, "提出": 1, "黑寡妇": 2, "共赢": 3, "困难": 2, "留给": 1, "利益": 2, "让给": 1, "别人": 1, "拉丁美洲": 1, "毒蜘蛛": 1, "交配": 1, "雌性": 1, "吃掉": 1, "雄性": 1, "孵化": 6, "幼虫": 1, "营养": 1, "一味": 1, "扩张": 2, "线": 2, "一两": 1, "年后": 1, "吃": 1, "甩": 1, "内部": 2, "会议": 1, "寻找": 2, "对内": 1, "对外": 1, "自我": 1, "反思": 1, "初期": 1, "直销": 1, "客户": 6, "有限": 2, "单一": 1, "做好": 1, "转战": 1, "企业": 14, "面对": 3, "千差万别": 1, "力量": 1, "捉襟见肘": 1, "明晰": 1, "显得": 1, "尤为": 1, "2012年": 1, "1号": 1, "文": 1, "ICT": 6, "设施": 4, "提供商": 1, "至今": 1, "审视": 1, "关系": 2, "奠定": 1, "驾": 2, "马车": 2, "5月": 1, "纲领": 1, "驱动": 1, "BDII": 1, "深度": 1, "融合": 4, "革命": 1, "看作": 1, "开端": 2, "同年": 1, "8月": 1, "峰会": 1, "苏州": 2, "首批": 1, "授予": 1, "2016年": 3, "1月": 2, "纳入": 1, "版": 6, "政策": 2, "分层": 1, "分级": 1, "SPP": 1, "整体": 1, "2017年": 2, "实行": 1, "×": 1, "助力": 1, "推广": 4, "落地": 2, "当年": 2, "3月": 1, "中国区": 1, "专属": 1, "成立": 2, "测试": 3, "周期": 1, "30％": 1, "加大": 1, "线上": 2, "力度": 1, "上线": 2, "MarketPlace": 2, "注重": 1, "位于": 1, "世博馆": 1, "展厅": 1, "OpenLab展台": 1, "OpenLab顾名思义": 1, "展台": 1, "工作": 1, "一同": 1, "思考": 1, "依托": 1, "创意": 1, "纷纷": 1, "大数据": 2, "物联网": 2, "代表": 1, "不可或缺": 1, "要素": 1, "权威": 1, "IDC": 1, "支出": 1, "3100亿": 1, "2.1万亿": 1, "人民币": 1, "2021年": 1, "经济": 1, "8.5万亿": 1, "产业化": 1, "过程": 5, "发现": 1, "组合": 1, "层出不穷": 1, "错综复杂": 1, "一家": 1, "多年": 1, "努力": 2, "公约数": 1, "提炼": 1, "共性": 2, "找到": 1, "打开": 1, "万亿": 1, "市场化": 1, "大门": 1, "金钥匙": 1, "董事": 1, "BG": 2, "阎力": 2, "回忆": 1, "集团": 3, "找": 1, "九": 1, "探索": 3, "地理": 1, "位置": 2, "部署": 1, "云底座": 1, "烟囱式": 1, "打通": 1, "组件": 1, "向下": 1, "介入": 1, "各种各样": 1, "向上": 1, "共建": 1, "共享": 2, "总经理": 4, "康宁": 1, "协议": 2, "能力型": 1, "收入": 2, "灵活": 1, "标准化": 1, "效率": 2, "19日": 1, "下午": 2, "命名": 1, "赋予": 1, "积淀": 1, "快速": 3, "内涵": 1, "底座": 1, "社会": 1, "期许": 1, "工具": 2, "在线": 1, "亟待": 1, "破题": 1, "北京": 1, "四维图": 5, "股份": 1, "自动": 5, "驾驶": 3, "地图": 4, "项目": 2, "4月": 2, "签署": 1, "框架": 1, "此后": 1, "车联网": 1, "车路": 1, "方向": 1, "展开": 1, "网联": 1, "汽车": 9, "庞大": 1, "车辆": 2, "感知": 1, "决策": 1, "底盘": 1, "控制": 2, "方方面面": 1, "毋庸置疑": 1, "事业部": 1, "负责": 1, "对接": 1, "部门": 1, "霍敬宇": 2, "新兵": 1, "神速": 1, "联手": 1, "带动": 1, "提供者": 1, "盈利": 2, "众": 1, "高管": 1, "确切": 1, "回答": 1, "取极": 1, "TO": 1, "B": 1, "比起": 1, "追逐": 1, "快钱": 1, "长远": 2, "靠着": 1, "四化": 1, "2025": 1, "拉": 1, "强有力": 1, "短期": 2, "始终": 2, "立于": 1, "意义": 1, "属性": 1, "生态链": 1, "组织": 1, "制定": 1, "远远": 1, "亟待解决": 1, "兼容": 1, "知识": 1, "产权": 1, "保护": 1, "破除": 1, "壁垒": 1, "目标": 1, "千里之行始于足下": 1, "比重": 1, "成熟度": 1, "推移": 1, "走向": 1, "张顺茂": 2, "服务器端": 1, "分散": 1, "openEuler": 3, "发行": 1, "迁移": 1, "深之度": 1, "中标": 1, "天津": 1, "苏研": 1, "普华": 1, "挑战": 1, "障碍": 1, "openGaus": 1, "70％": 1, "成熟": 2, "迁": 1, "新兴": 2, "驱动力": 1, "吸引力": 2, "扶持": 1, "出新": 1, "航海": 1, "千帆竞发": 1, "独舟": 1, "奋进": 1, "演讲": 1, "期望": 1, "抓住": 1, "历史": 1, "机遇": 1, "创": 1, "高度": 1, "环球网": 1, "报道": 2, "TWS": 2, "品华": 1, "共有": 1, "黑白": 1, "颜色": 1, "选": 2, "耳道": 1, "适配": 1, "15dB": 1, "噪声": 1, "抑制": 1, "专利": 1, "防风道": 1, "配对": 1, "2.4": 1, "秒": 2, "33%": 1, "时延": 2, "得益": 1, "60余": 1, "平均": 1, "190": 1, "100%": 2, ";": 1, "单次": 1, "支撑": 2, "4": 1, "充电盒": 1, "平板": 1, "无缝": 2, "账号": 1, "负": 1, "航班": 1, "火车": 1, "行程": 1, "1日": 1, "11日": 1, "履行": 1, "家居": 2, "中枢": 1, "使命": 2, "揭晓": 1, "售": 1, "超高性": 1, "价比": 1, "可窥一斑": 1, "重申": 1, "旨在": 2, "客厅": 1, "开创": 1, "新时代": 1, "与会者": 2, "映入眼帘": 1, "体验区": 2, "大屏": 6, "联动": 1, "妙趣横生": 1, "1080P": 1, "追踪": 1, "锁定": 1, "跟随": 1, "变焦": 1, "处于": 1, "皇帝": 1, "清晰": 1, "主人": 1, "风采": 1, "碰": 1, "体验者": 2, "津津乐道": 1, "帧": 2, "高帧率": 1, "相较于": 1, "顿挫感": 1, "减弱": 1, "手游": 1, "玩": 2, "爽": 2, "不能不提": 1, "影音": 1, "画质": 4, "迎来": 1, "听觉": 1, "蔡琴": 1, "渡口": 1, "站": 1, "歌者": 1, "身边": 1, "聆听": 1, "伴随": 1, "琴瑟和鸣": 1, "卓越": 1, "屏8+1+1": 1, "音频": 2, "高频": 1, "woofer": 1, "层面": 1, "声场": 1, "建模": 1, "Histen": 1, "天籁": 1, "般的": 1, "音质": 1, "量子": 1, "光源": 2, "背": 1, "覆盖率": 1, "高达": 3, "NTSC": 1, "强劲": 1, "球赛": 1, "队服": 1, "色彩": 1, "还原": 1, "球员": 1, "面部": 1, "微表情": 1, "分毫": 1, "毕现": 1, "播出": 1, "音": 1, "调整": 1, "影院": 1, "视听": 1, "享受": 1, "首销": 1, "结束": 1, "前往": 1, "商城": 2, "授权": 1, "电商": 1, "体验店": 1, "渠道": 1, "抢先": 1, "7281575": 1, "19999": 2, "环绕屏": 3, "MIX": 2, "Aphla": 2, "波": 1, "口水战": 1, "称": 3, "媒体": 1, "问及": 1, "概念机": 1, "概念": 6, "实用": 3, "27日": 3, "上午": 1, "副总裁": 2, "红米": 2, "Redmi": 2, "品牌": 8, "卢伟冰": 4, "回怼": 1, "如果说": 1, "环绕": 2, "外国": 3, "车牌": 3, "1万": 1, "块": 1, "喊话": 1, "外界": 1, "指": 1, "全网通": 1, "12": 1, "GB": 2, "玄黑": 1, "瑞红": 1, "臻选": 1, "皮质": 1, "辅以": 1, "精细": 1, "手工": 1, "制作": 1, "匠心": 1, "考究": 1, "打磨": 1, "手感": 1, "柔软": 1, "直达": 1, "指尖": 1, "设计版": 1, "背板": 1, "牛皮": 1, "眼": 1, "车灯": 1, "2016": 1, "普通版": 1, "价位": 1, "3000": 1, "9保时捷": 1, "8999": 1, "挺进": 1, "发声": 1, "责任": 1, "义务": 1, "告诉": 1, "贴牌": 2, "到底": 2, "豪华": 2, "同名": 1, "家族": 1, "回避": 1, "刻意": 1, "混淆": 1, "知情权": 1, "还给": 1, "花": 1, "一万": 1, "块钱": 1, "没关系": 1, "算": 1, "联想": 1, "豪车": 1, "PORSCHE": 1, "DESIGN": 1, "官网": 2, "资料": 1, "追随": 1, "创始人": 2, "费迪南·保时捷": 1, "Ferdinand": 2, "Porsche": 2, "孙子": 1, "费迪南·亚历山大·保时捷": 2, "Alexander": 1, "1972年": 1, "创立": 1, "知名": 1, "车型": 1, "911": 1, "设计师": 1, "服装": 1, "太阳": 1, "包袋": 1, "24日": 1, "Mix": 4, "Alpha": 3, "屏占比": 1, "180.6%": 1, "正面": 1, "侧面": 1, "Alpha小米": 1, "雷军": 2, "千": 1, "5亿": 1, "投向": 1, "一亿像素": 1, "材质": 1, "目的": 1, "并非": 1, "大规模": 1, "量产": 1, "不惜": 1, "代价": 1, "量产性": 1, "颠覆性": 1, "IT之家": 1, "消息": 2, "HC": 4, "HMS": 17, "解答": 1, "套": 2, "程序": 9, "HUAWEI": 8, "AppGallery": 4, "商店": 1, "Browser": 1, "浏览器": 1, "Mobile": 1, "移动云": 1, "Themes": 2, "主题": 1, "Music": 1, "Video": 1, "Reader": 1, "阅读器": 1, "Assistant": 1, "助手": 2, "170": 2, "国家": 3, "地区": 3, "可用": 1, "Browers": 1, "2亿": 1, "下载": 3, "1.6亿": 1, "7,000万": 1, "下载量": 4, "1.5亿": 1, "1.3亿": 1, "1.4亿": 1, "说法": 1, "预装": 1, "2018年": 1, "3.9亿": 1, "活跃": 1, "累计": 1, "1800亿": 1, "App": 2, "Gallery": 1, "推荐": 1, "本地": 2, "流行": 1, "增强": 1, "云计算": 1, "IDE": 1, "Core": 2, "第三方": 1, "5.7亿": 1, "101万": 1, "注册": 1, "套件": 2, "14": 1, "接入": 1, "最初": 1, "10月": 1, "境外": 1, "选项": 1, "手环": 1, "Health": 1, "访问": 1, "Map": 1, "Kit": 1, "鼓励": 1, "Shining": 1, "Star": 1, "改革": 1, "押注": 1, "不言而喻": 1, "GMS": 1, "较量": 1}