{"8月": 12, "9日": 8, "华为": 135, "开发者": 31, "大会": 16, "EMUI": 16, "10": 13, "正式": 14, "亮相": 1, "更新": 4, "官方": 4, "归纳": 1, "焕新": 1, "UX": 2, "设计": 15, "、": 68, "场景": 20, "体验": 20, "畅快": 1, "标准": 1, "国内": 1, "全球": 7, "都": 24, "数一数二": 1, "手机": 39, "巨头": 1, "定制": 3, "系统": 58, "拥有": 3, "海量": 1, "用户": 18, "数据": 6, "日活": 1, "5亿": 1, "预计": 4, "EMUI10": 13, "升级": 9, "1.5亿": 1, "以往": 1, "版本": 4, "此次": 4, "提出": 4, "全场": 5, "景极": 2, "目光": 1, "瞄准": 1, "物联网": 2, "设备": 28, "协同": 5, "未来": 10, "5G": 7, "生活": 6, "UI": 5, "好看": 2, "深色": 9, "模式": 11, "1": 2, "圈": 1, "波": 1, "女粉": 1, "第一": 6, "眼": 2, "感受": 4, "差异化": 1, "外观": 2, "采用": 7, "莫兰迪色系": 1, "色彩": 2, "太": 4, "浓郁": 1, "寡淡": 1, "时尚": 2, "美观": 3, "款": 14, "留白": 1, "简洁": 1, "年轻化": 1, "一点": 2, "沟通": 1, "会上": 2, "消费者": 19, "BG": 2, "软件部": 1, "副总裁": 1, "毛玉敏": 1, "介绍": 3, "称": 4, "图标": 4, "元素": 1, "形状": 1, "轮廓": 1, "黄金": 1, "比例": 1, "整理": 1, "整体": 5, "统一": 6, "和谐": 2, "绘制": 2, "直观": 1, "感觉": 1, "相比": 2, "旧": 1, "扁平化": 1, "符合": 2, "潮流": 1, "层面": 2, "调配": 1, "精细": 1, "毛": 2, "玉敏": 2, "坦言": 1, "希望": 5, "下一代": 1, "Mate": 15, "产品": 8, "吸引": 2, "女性": 1, "男性": 1, "略": 1, "深夜": 1, "党": 1, "福利": 1, "或者说": 1, "黑暗": 1, "推进": 1, "项": 2, "功能": 12, "好处": 3, "夜间": 1, "环境": 5, "实验": 1, "自研": 1, "浅色": 1, "背景": 1, "色彩感": 1, "知度": 1, "界面": 1, "背景色": 1, "情况": 4, "面积": 1, "按钮": 1, "颜色": 2, "调整": 2, "格外": 1, "刺眼": 1, "遵循": 1, "易读性": 1, "舒适性": 1, "一致性": 1, "三大": 1, "原则": 1, "暗黑": 1, "文字": 1, "优化": 2, "最佳": 1, "修改": 1, "接口": 1, "第三方": 1, "开放": 2, "做出": 1, "变化": 2, "效果": 2, "方舟": 13, "编译器": 12, "流畅": 6, "公布": 6, "秘诀": 1, "这次": 4, "发布会": 3, "再次": 2, "解释": 1, "省去": 1, "传统": 3, "安卓": 15, "开发": 20, "编译": 6, "步骤": 1, "；": 6, "内存": 7, "回收": 5, "机制": 2, "改进": 1, "原生": 1, "随时": 1, "40多": 1, "头部": 1, "合作": 3, "框架": 2, "开源": 8, "明年": 1, "完整": 1, "也就是说": 1, "受益": 2, "群体": 1, "动效": 1, "顺畅": 1, "才": 4, "大招": 1, "如今": 1, "用到": 1, "智能": 16, "越来越": 3, "手环": 1, "手表": 7, "电脑": 4, "平板": 2, "电视": 5, "音箱": 3, "……": 2, "很": 12, "程度": 2, "分割": 1, "时间": 8, "服务": 12, "解决": 6, "分布式": 18, "技术": 18, "硬件": 2, "能力": 9, "分离": 1, "资源": 2, "共享": 4, "比如说": 1, "笔记本": 1, "屏幕": 5, "显示": 3, "尺寸": 1, "观看": 1, "本身": 2, "摄像头": 2, "借助": 1, "相机": 1, "拍照": 5, "汽车": 3, "内": 2, "调用": 3, "查看": 2, "状态": 1, "协作": 2, "之间": 4, "频繁": 1, "传输": 1, "分享": 1, "带来": 5, "攻击": 3, "风险": 1, "给出": 1, "方案": 2, "身份": 1, "认证": 3, "账号": 1, "密码": 1, "生物": 1, "特征": 2, "因子": 1, "私钥": 1, "存储": 1, "证书": 1, "方式": 1, "提供": 4, "编程": 4, "极大": 1, "减少": 2, "成本": 1, "提升": 6, "效率": 5, "坦率": 1, "每次": 1, "流畅度": 1, "感知": 1, "亮点": 1, "支持": 7, "代表": 1, "研发": 2, "方向": 1, "4G": 1, "转向": 2, "互联网": 2, "万物": 2, "互联": 4, "世界": 2, "时代": 6, "招手": 1, "快": 3, "网速": 1, "容量": 1, "届时": 1, "网络": 4, "或许": 1, "迎来": 1, "爆发": 2, "IoT": 2, "领域": 1, "布局": 3, "推出": 5, "HiLink": 2, "平台": 6, "招揽": 1, "各方": 1, "倡导": 1, "智慧": 9, "充当": 1, "控制": 1, "中枢": 1, "简单": 2, "发挥": 2, "所长": 1, "各项": 1, "优势": 6, "聚集": 1, "优": 1, "想象": 2, "很快": 1, "回复": 1, "信息": 1, "画面": 1, "投射": 1, "智慧屏": 3, "车机": 2, "用来": 1, "接打": 1, "电话": 1, "谈": 1, "正式版": 1, "发布": 17, "30": 10, "首发": 3, "9月": 4, "8日": 2, "P30": 3, "系列": 31, "测试": 2, "固件": 1, "荣耀": 33, "Magic2": 2, "都会": 2, "下旬": 3, "资格": 1, "感谢": 1, "阅读": 1, "！": 7, "听": 2, "网友": 6, "一句话": 1, "：": 27, "mate": 6, "P系列": 5, "Nova": 3, "畅享": 2, "麦芒": 2, "值得一提": 1, "低端机": 1, "值得": 2, "关注": 3, "庶出": 1, "儿子": 1, "便宜": 2, "廉价": 1, "评价": 1, "笔者": 9, "赞成": 1, "观点": 1, "事实上": 2, "承认": 1, "排行": 1, "＞": 4, "数字": 8, "X系列": 3, "magic": 1, "青春版": 1, "note": 1, "喜欢": 1, "排序": 1, "◆": 5, "排": 1, "集成": 1, "机型": 4, "mate20": 3, "Pro": 5, "麒麟": 2, "980": 3, "处理器": 6, "京东方": 1, "2K": 1, ";": 1, "3D": 1, "结构": 2, "集成者": 1, "IP": 1, "68": 5, "防水": 1, "等级": 2, "旗舰": 3, "放": 2, "第二": 3, "性价比": 5, "8": 5, "X": 4, "9": 3, "实惠": 1, "标配": 1, "配置": 2, "反而": 1, "建议": 2, "这是": 3, "执着": 1, "选择": 2, "发现": 1, "在于": 3, "颜值": 1, "消费量": 1, "角度": 4, "算": 2, "感": 1, "兴趣": 1, "真的": 2, "不错": 1, "V系列": 1, "放在": 1, "一个": 17, "价格": 1, "内容": 2, "不少": 2, "上上": 1, "dxomark": 1, "确实": 1, "魅力": 1, "异曲同工": 1, "想": 2, "走": 4, "高端": 2, "路线": 1, "吃香": 1, "在乎": 1, "适合": 1, "每篇": 1, "文章": 2, "原创": 1, "转载": 1, "授权": 1, "文内": 1, "错别字": 1, "请": 2, "见谅": 1, "图片": 1, "来源于": 1, "侵权": 1, "删除": 1, "科技": 3, "大事": 1, "差评": 1, "大部分": 1, "差友们": 1, "词": 1, "显得": 1, "陌生": 1, "遥远": 1, "面向": 5, "对象": 1, "程序猿": 2, "攻": 1, "城": 1, "狮": 1, "回来": 1, "企业": 5, "牛逼": 2, "。。": 6, "譬如": 1, "谷歌": 10, "苹果": 2, "WWDC": 1, "超多": 1, "千千万万": 1, "iOS": 8, "生态": 15, "创造": 1, "价值": 2, "变动": 1, "引领": 1, "走向": 1, "会议": 1, "秀": 1, "肌肉": 1, "时刻": 2, "家业": 1, "稍微": 2, "小点": 1, "搞": 1, "参加": 1, "实在": 1, "差评君": 4, "举办": 1, "活动": 1, "沦落": 1, "抑或是": 1, "搭边": 1, "纯": 1, "交流会": 1, "多虑": 1, "鸿蒙": 61, "OS": 42, "当初": 1, "美国": 17, "放到": 1, "实体": 2, "清单": 2, "差点": 1, "供应": 1, "眼瞅": 1, "操作": 21, "变板砖": 1, "紧急": 1, "祭出": 1, "报": 1, "歪瓜裂枣": 1, "活": 1, "不至于": 3, "饿死": 1, "加上": 1, "消息": 4, "打脸": 1, "说法": 1, "天一": 1, "弄得": 1, "权当": 1, "吓唬": 1, "无奈": 1, "余承东": 12, "还要": 1, "微内核": 8, "说白了": 2, "MacOS": 1, "iPad": 1, "Watch": 1, "。。。": 6, "思路": 3, "打算": 1, "同一个": 1, "「": 17, "软": 2, "总线": 2, "」": 17, "意义": 1, "程序员": 1, "写": 1, "软件": 5, "逻辑": 2, "轻松": 1, "部署": 5, "语音": 1, "通话": 4, "熄火": 1, "转移": 1, "家里": 1, "家门口": 1, "接到": 1, "空出": 1, "手": 2, "翻包": 1, "找": 2, "钥匙": 1, "进门": 1, "打开": 1, "电视机": 1, "沙发": 1, "趟": 1, "视频": 1, "野心": 1, "展现": 1, "呈现": 1, "赛": 1, "博朋克": 1, "微内": 14, "核": 19, "概念": 2, "宏内": 7, "套": 2, "工作": 4, "计算机": 3, "分配": 4, "空间": 2, "磁盘": 1, "点亮": 1, "显示器": 2, "庞大": 2, "核心": 6, "方方面面": 1, "程序": 9, "CPU": 2, "渲染": 1, "像素": 2, "例子": 1, "老大": 3, "干": 2, "请示": 1, "事情": 1, "代表性": 1, "Linux": 2, "执行": 5, "内核": 11, "下达": 1, "指令": 1, "弊端": 1, "强大": 3, "代码": 3, "数量": 1, "很多": 4, "出错": 1, "错": 1, "一两块儿": 1, "导致": 1, "崩溃": 2, "宕机": 2, "权限": 1, "root": 1, "获取": 1, "意味着": 1, "控制权": 1, "安全性": 2, "有待": 1, "商榷": 1, "看懂": 1, "对立": 1, "理解": 1, "只管": 1, "最最": 1, "调度": 5, "管理": 2, "声音": 1, "图形": 1, "做成": 1, "好比": 3, "联盟": 1, "服务商": 3, "声卡": 1, "显卡": 1, "现有": 3, "常见": 1, "Windows": 3, "半": 1, "万众瞩目": 1, "缺点": 1, "装": 2, "堆": 1, "新装": 1, "想必": 2, "成吨": 1, "驱动": 1, "搞烦": 1, "MB": 1, "超小": 1, "添加": 1, "移植": 3, "那种": 1, "音响": 1, "一部分": 1, "大不了": 1, "关掉": 1, "重启": 2, "入侵": 1, "遭殃": 1, "全能手": 1, "分工": 2, "也许": 2, "前期": 1, "全能": 1, "手是": 1, "越加": 1, "细化": 1, "细分": 1, "便携": 1, "轻快": 1, "机动性": 1, "底层": 2, "原理": 1, "JAVA": 3, "C": 2, "整合": 1, "运行": 7, "嵌套": 1, "虚拟机": 3, "才能": 3, "跑": 1, "虚拟": 2, "机会": 1, "安装": 1, "消耗": 1, "学": 1, "语言": 4, "不用": 1, "烂": 1, "七八糟": 1, "垃圾": 1, "蛋疼": 1, "随随便便": 1, "释放": 1, "关停": 1, "一大": 1, "利器": 2, "围绕": 1, "转成": 1, "机器码": 2, "凝结": 1, "十几": 3, "经验": 1, "HUAWEI": 2, "DevEeo": 2, "Studio": 2, "终端": 14, "互通": 1, "一站式": 1, "APP": 1, "Gallery": 1, "Connect": 1, "如获至宝": 1, "减轻": 1, "中国": 11, "一家": 1, "生产力": 1, "工具": 1, "攥": 1, "国家": 1, "底气": 1, "面对": 2, "风浪": 1, "漂亮": 1, "实物": 1, "乐观": 1, "积累": 1, "绝不": 1, "毫无": 1, "政策": 1, "影响": 1, "禁令": 3, "明白": 1, "独立自主": 1, "重要性": 1, "自主": 2, "条": 1, "路上": 2, "刚": 3, "不仅仅": 1, "我国": 1, "产业": 4, "创新": 2, "远": 1, "下午": 2, "广东": 1, "东莞": 1, "2019年": 3, "全新": 4, "上半年": 3, "出货量": 9, "1.18亿": 3, "台": 11, "同比": 3, "增长": 8, "24%": 3, "业务": 13, "董事长": 3, "制裁": 2, "二季度": 1, "1000万": 1, "4": 3, "季度": 2, "6000万": 1, "7000万": 1, "8000万": 1, "9000万": 1, "市场": 6, "份额": 5, "35%": 3, "17.6%": 1, "2018年": 4, "2.06亿": 3, "销售量": 3, "倍": 5, "持续": 1, "稳健": 1, "自有": 4, "全世界": 1, "基于": 7, "景分": 1, "布式OS": 1, "投入": 4, "商用": 3, "CEO": 4, "用于": 3, "支付": 1, "人脸": 1, "识别": 2, "指纹": 1, "级别": 1, "相关": 3, "报道": 1, "四": 5, "特性": 7, "抢先": 1, "2019": 4, "松山湖": 1, "基地": 1, "有限": 2, "公司": 4, "常务": 1, "董事": 1, "战略": 2, "完善": 2, "迎接": 1, "到来": 2, "产物": 1, "轻量化": 1, "小巧": 2, "率先": 2, "车载": 1, "着力": 1, "构建": 2, "跨": 7, "融合": 1, "重塑": 3, "可靠": 1, "打造": 4, "一类": 1, "形态": 1, "伴随": 1, "诞生": 1, "早": 1, "年前": 1, "思考": 1, "突破": 1, "物理": 1, "跨硬件": 1, "跨平台": 2, "无缝": 4, "初衷": 2, "景": 2, "进一步": 2, "包括": 2, "应对": 1, "低": 2, "时延": 5, "挑战": 2, "雏形": 1, "出发点": 1, "Android": 5, "架": 1, "构级": 1, "可信": 4, "高标准": 1, "连接": 1, "为此": 1, "架构": 4, "首次": 2, "公共": 1, "通信": 5, "外设": 1, "难度": 1, "屏蔽": 1, "聚焦": 2, "最终": 2, "享受": 1, "跨终端": 1, "引擎": 3, "高性能": 2, "IPC": 3, "天生": 1, "性能": 2, "优先级": 2, "优先": 1, "保障": 1, "响应": 1, "降低": 2, "25.7%": 1, "(": 8, "进程": 4, ")": 8, "提高": 2, "5": 1, "3": 1, "低时延": 1, "思想": 1, "简化": 1, "态尽": 1, "相互之间": 1, "保护": 2, "核只": 1, "基础": 2, "核技术": 1, "TEE": 2, "形式化": 4, "方法": 6, "利用": 2, "数学": 1, "源头": 1, "验证": 5, "正确": 1, "漏洞": 1, "手段": 1, "模拟": 1, "只能": 1, "模型": 1, "路径": 1, "OS微": 1, "代码量": 1, "千分之一": 1, "几率": 1, "大幅": 2, "IDE": 2, "支撑": 2, "多端": 3, "Kit": 1, "控件": 2, "交互": 1, "自动": 2, "适配": 2, "拖拽": 1, "预览": 1, "可视化": 1, "工程": 1, "高效": 1, "端": 1, "App": 1, "取代": 3, "静态": 1, "供": 1, "一次性": 1, "高级": 1, "计划": 1, "建设": 2, "演进": 1, "路标": 1, "屏": 1, "1.0": 1, "三年": 1, "OS会": 1, "可穿戴": 1, "发展": 4, "关键": 2, "快速": 2, "推动": 3, "成立": 1, "基金会": 1, "建立": 1, "社区": 1, "讨论": 1, "具备": 1, "健全": 1, "依托": 1, "照相": 1, "AI": 1, "各界": 1, "伙伴": 2, "佳": 1, "注入": 1, "活力": 2, "创": 1, "智慧化": 3, "超前": 1, "极致": 1, "设备商": 1, "+": 1, "AI+IOT": 1, "抢占": 1, "先机": 1, "最少": 1, "覆盖": 1, "最多": 1, "大地": 1, "丰富性": 1, "丰富多彩": 1, "来源": 2, "财经": 1, "要点": 1, ">>": 1, ">": 1, "明天": 1, "屏华": 1, "央视": 1, "新闻": 2, "意外": 2, "新一代": 3, "——": 1, "10月份": 1, "经历": 1, "曝光": 1, "今日": 1, "数码": 1, "博主": 2, "晒出": 1, "配件厂": 1, "生产": 1, "保护壳": 1, "镜头": 4, "模组": 3, "呈": 1, "圆形": 3, "两侧": 1, "包裹": 1, "边框": 1, "此前": 6, "迄今为止": 1, "曲度": 1, "上个月": 1, "@": 1, "i冰": 1, "宇宙": 1, "爆料": 1, "膜厂": 1, "出样": 1, "贴膜": 2, "机器": 1, "试量": 1, "阶段": 1, "史": 1, "难": 1, "曲面": 1, "膜": 1, "内弯": 1, "接近": 1, "90": 2, "度": 1, "曲面屏": 1, "类似于": 1, "当年": 1, "诺基亚Lumia": 1, "1020": 1, "三": 1, "颗": 2, "闪光灯": 1, "正面": 1, "依然": 1, "刘海屏": 1, "屏占": 1, "有望": 2, "增加": 2, "据传": 1, "Pro主": 1, "摄": 1, "4000万": 1, "1/1.5": 1, "英寸": 1, "CMOS": 1, "光圈": 1, "f/1.6-f/1.4": 1, "RYYB": 1, "素阵列": 1, "日前": 2, "联通": 1, "提前": 1, "确认": 1, "5G版": 1, "即将": 1, "上市": 3, "情理之中": 1, "规格": 1, "搭载": 1, "早先": 1, "传闻": 1, "麒麟985": 1, "3D人脸": 1, "总裁": 1, "王成录": 1, "Q底": 1, "层": 1, "着手": 1, "议论": 1, "内测图": 2, "传出": 1, "榜型号": 1, "最早": 1, "启动": 3, "内测": 6, "Beta": 2, "针对": 1, "型号": 1, "mate20Pro": 1, "mate20PS": 1, "保时捷": 1, "九月": 2, "门槛": 1, "20Pro": 1, "V20": 1, "目标": 1, "均": 2, "MagicUI": 1, "3.0": 1, "九月底": 1, "热议": 1, "社交": 1, "媒体": 3, "大众": 2, "注意力": 1, "摇身一变": 1, "口中": 1, "PPT": 1, "质疑": 2, "延后": 1, "坐": 1, "不住": 1, "买": 1, "9x": 7, "上榜": 3, "感到": 2, "不解": 1, "回": 1, "怼道": 1, "爵士": 1, "等到": 1, "骑士": 1, "难道": 1, "造反": 1, "原因": 1, "9x不是": 1, "窥探": 1, "麒麟810": 1, "开售": 1, "距离": 1, "满心": 1, "期待": 1, "手机会": 1, "内定": 1, "心理": 1, "落差": 1, "9x而言": 1, "没关系": 1, "毕竟": 1, "HDC2019": 1, "12日": 2, "HOTA": 1, "速度": 2, "旅": 2, "起航": 1, "海报": 1, "老粉": 1, "见证": 1, "9x继": 1, "榜emui": 1, "10后": 1, "补偿": 1, "地方": 1, "9x会": 1, "emui10": 1, "尚未": 1, "可知": 1, "同日": 1, "晚间": 1, "推迟": 1, "许可": 1, "事件": 1, "发生": 1, "同一天": 1, "特朗普": 4, "种种": 1, "打压": 2, "巧合": 2, "蓄意": 1, "不免": 1, "猜想": 1, "总统": 1, "1日": 1, "3000亿": 1, "美元": 6, "商品": 1, "加征": 1, "10%": 1, "关税": 1, "停止": 1, "采购": 4, "农产品": 1, "当天": 1, "变卦": 1, "列入": 1, "5月": 1, "21日": 1, "官员": 1, "延迟": 1, "实施": 4, "中旬": 1, "生效": 1, "理由": 1, "商业": 1, "合同": 2, "义务": 1, "花费": 1, "700亿": 1, "零部件": 1, "110亿": 1, "高通": 1, "英特尔": 1, "美光": 1, "当地": 1, "7日": 1, "负责": 1, "政府": 3, "机构": 3, "禁止": 2, "联邦": 3, "在内": 1, "五": 1, "电信": 2, "临时": 1, "对此": 1, "声明": 2, "财年": 3, "国防": 3, "授权法": 3, "条款": 2, "证据": 2, "证明": 2, "不当": 2, "惩罚性": 2, "原产国": 2, "设立": 2, "贸易": 2, "壁垒": 2, "条例": 1, "法院": 1, "合宪性": 1, "伤害": 1, "农村": 1, "地区": 1, "依赖": 1, "股价": 5, "应声": 3, "下跌": 3, "星期五": 1, "倒地": 1, "野村": 1, "证券": 1, "5月份": 1, "发表": 2, "报告": 2, "海外": 1, "商店": 1, "营收": 1, "分析师": 1, "马克·柯利": 1, "Mark": 1, "Kelley": 1, "估计": 1, "糟糕": 1, "蒙受": 1, "3.75亿": 1, "4.25亿": 1, "经济": 1, "损失": 1, "常规": 1, "交易": 1, "16.79": 1, "跌幅": 1, "1.39%": 1, "报收": 1, "1188.01": 1, "上年": 2, "同期": 2, "下降": 1, "4%": 1, "Strategy": 1, "Analytics": 1, "分析": 1, "师尼尔·莫斯顿": 1, "Neil": 1, "Mawston": 1, "17%": 1, "15%": 1, "7241005": 1}