{"来源": 2, "：": 16, "全景": 1, "财经": 1, "作者": 3, "|": 2, "吴建国": 5, "本文": 1, "节选": 1, "华为": 83, "团队": 9, "工作法": 3, "11月": 1, "13日": 1, "BBC": 1, "发布": 2, "纪录": 1, "短片": 1, "这部": 1, "纪录片": 1, "独特": 1, "视角": 1, "再现": 1, "成长": 4, "历程": 1, "首次": 1, "呈现": 1, "很多": 4, "不为人知": 1, "故事": 1, "第一": 6, "白手起家": 1, "讲述": 1, "创始人": 2, "任正非": 10, "经历": 2, "创立": 1, "过程": 8, "1987年": 1, "44": 1, "岁": 1, "五": 1, "合伙人": 1, "集资": 1, "2.1万": 2, "元": 3, "成立": 2, "公司": 10, "起初": 1, "交换机": 1, "代理": 1, "销售": 1, "供应商": 1, "供货": 1, "逼到": 1, "通信": 2, "产品": 7, "一个": 8, "注册": 1, "资本": 2, "、": 55, "早": 1, "6": 1, "名": 1, "员工": 10, "企业": 48, "突破": 1, "1": 1, "000亿": 1, "美元": 1, "营收": 1, "拥有": 6, "19万": 3, "世界": 2, "信息": 1, "领域": 3, "位列": 1, "三甲": 1, "30": 1, "时间": 7, "成功": 1, "吸引": 1, "越来越": 3, "关注": 1, "学习": 11, "标杆": 1, "提出": 2, "号称": 2, "大部分": 2, "都": 16, "走": 3, "失败": 2, "道路": 2, "发展": 3, "30年": 1, "文化": 28, "战略": 3, "经营": 2, "管理": 14, "方向": 1, "原则": 2, "思想": 2, "相关": 2, "成就": 1, "得益于": 1, "领导": 3, "组织": 4, "能力": 5, "进化": 2, "得益": 4, "锻造": 1, "资源": 7, "枯竭": 1, "唯有": 2, "才能": 6, "生生不息": 1, "杰克·韦尔奇": 2, "百年": 1, "处于": 2, "灵魂": 2, "决定性": 1, "地位": 2, "根源": 1, "制度": 18, "皮": 1, "时下": 1, "流行": 1, "股": 1, "热浪": 1, "学": 5, "阿米巴": 1, "过江之鲫": 1, "明白": 1, "稻盛": 1, "和夫": 1, "敬天": 1, "爱人": 1, "内涵": 2, "；": 4, "业务": 2, "流程": 1, "激励": 8, "多如牛毛": 1, "领悟": 1, "客户": 38, "中心": 17, "奋斗者": 6, "精髓": 1, "苦学": 1, "十数": 1, "不得要领": 1, "企业家": 1, "无奈": 1, "经验": 1, "！": 2, "阿里巴巴": 1, "亚马逊": 1, "谷歌": 1, "优秀": 1, "不二法则": 1, "做事": 1, "出发点": 1, "围绕": 2, "展开": 2, "损害": 2, "价值": 5, "利于": 1, "长期": 3, "利益": 2, "否定": 1, "口口声声": 1, "喊": 1, "仅仅": 3, "体现": 1, "口号": 2, "信守": 1, "宣言": 1, "反而": 1, "演变": 1, "——": 5, "唯上": 1, "官僚主义": 2, "自我": 2, "单打": 1, "独头": 1, "山头主义": 1, "技术": 2, "偏离": 1, "专业主义": 1, "一部分": 2, "表面": 1, "好像": 1, "做法": 1, "走向": 1, "反面": 1, "信奉": 1, "上帝": 1, "永远": 1, "思考": 1, "想当然": 1, "盯": 1, "需求": 8, "忽略": 1, "潜在": 1, "市场": 6, "动态": 1, "变化": 2, "环境": 1, "快速": 1, "中长期": 1, "梦想": 2, "难道": 1, "真的": 1, "当下": 1, "靓丽": 1, "路径": 1, "背后": 1, "不见": 1, "东西": 1, "担任": 1, "人力": 4, "副总裁": 2, "钦点": 1, "人才": 12, "体系": 7, "构建者": 1, "老师": 1, "新书": 1, "分享": 1, "建设": 4, "三板斧": 1, "想要": 1, "精神": 2, "借鉴": 1, "意义": 2, "板斧": 4, "知行合一": 5, "纲要": 4, "使命": 2, "愿景": 2, "核心": 9, "价值观": 6, "目的": 1, "10年": 1, "远景": 1, "目标": 4, "3": 1, "—": 3, "5": 2, "条": 4, "遵循": 1, "准则": 4, "四": 3, "To": 1, "B起家": 1, "讲": 2, "实际上": 1, "触角": 1, "延伸": 1, "终端": 1, "用户": 4, "想": 2, "从来": 1, "谈": 1, "以人为本": 2, "本来": 1, "机器": 1, "区分": 1, "长期化": 1, "三": 5, "艰苦奋斗": 3, "惰怠": 3, "发生": 2, "降低": 1, "概率": 1, "方案": 5, "驱动": 2, "奋斗": 3, "指": 2, "物质": 1, "追求": 1, "卓越": 1, "自我批判": 2, "这是": 1, "三者": 2, "轴心": 1, "三点": 2, "很": 7, "难": 2, "本性": 3, "喜欢": 1, "钱": 2, "干活": 1, "改变": 1, "人类": 1, "课题": 1, "强有力": 1, "矫正器": 1, "认知": 1, "升华": 1, "开炮": 1, "搏斗": 1, "规模": 1, "身体力行": 1, "践行": 6, "责任": 2, "落实": 1, "管理层": 1, "身上": 1, "领导者": 1, "传递": 1, "2007年": 1, "制定": 1, "优化": 3, "改进": 1, "作风": 1, "八": 3, "简称": 1, "干部": 4, "2017年": 1, "新版": 1, "内容": 1, "绝不": 9, "搞": 1, "迎来送往": 1, "上级": 4, "送礼": 1, "当面": 1, "赞扬": 1, "精力": 1, "放": 1, "服务": 3, "第二": 3, "动用": 1, "占用": 1, "工作": 4, "家属": 1, "私事": 1, "情况": 7, "申报": 1, "受益人": 1, "支付": 1, "费用": 1, "第三": 3, "假话": 1, "捂": 1, "盖子": 1, "评价": 4, "传播": 1, "不实之词": 1, "意见": 1, "当事人": 1, "沟通": 1, "报告": 1, "侵犯": 1, "隐私": 1, "第四": 1, "阅读": 1, "文件": 1, "理解": 8, "指令": 1, "主管": 2, "胜利": 2, "简单": 5, "服从": 1, "尽职尽责": 1, "标准": 1, "激发": 1, "部属": 1, "积极性": 1, "主动性": 1, "创造性": 1, "获取": 1, "第五": 1, "反对": 5, "发牢骚": 1, "怪话": 1, "矛盾": 1, "回避": 1, "困难": 1, "躲闪": 1, "探索": 1, "努力": 3, "勇于": 1, "担当": 1, "第六": 1, "文山": 1, "会海": 1, "繁文缛节": 1, "学会": 1, "简单化": 1, "六百": 1, "字": 2, "以内": 1, "第七": 2, "偷窃": 1, "私费": 1, "公报": 1, "贪污": 1, "受贿": 1, "造假": 1, "当中": 1, "爱护": 1, "人格": 1, "第八": 1, "站队": 1, "不良": 1, "风气": 1, "创造": 1, "机会": 1, "都会": 1, "检查": 1, "履行": 1, "底线": 2, "用于": 1, "考核": 5, "任免": 1, "言传身": 1, "教下": 1, "绝大多数": 1, "赢得": 1, "合作": 1, "伙伴": 1, "尊重": 1, "信赖": 1, "道术": 5, "合一": 9, "一致性": 4, "创业": 1, "超过": 1, "300": 1, "度过": 1, "创业期": 1, "希望": 1, "提倡": 2, "就要": 4, "连接": 1, "落地": 4, "厉害": 1, "一点": 1, "间断": 1, "审核": 2, "纲": 1, "定稿": 1, "执行": 1, "发现": 3, "地方": 3, "调整": 2, "规则": 1, "包括": 5, "营销": 1, "研发": 2, "供应链": 1, "人事": 1, "选用": 1, "培养": 2, "重中之重": 1, "中国": 6, "至上": 1, "绩效": 3, "依然": 1, "短期": 1, "利润": 1, "收入": 1, "主导": 1, "体验": 1, "置之不顾": 1, "倡导": 1, "协作": 2, "基于": 4, "部门": 3, "联动": 1, "设计": 2, "横向": 1, "之间": 2, "协同": 3, "指标": 1, "机制": 2, "引导": 1, "个人主义": 1, "2014": 1, "增加": 3, "TUP": 1, "unit": 1, "plan": 1, "直译": 1, "单位": 1, "计划": 2, "奖励": 1, "递延": 1, "本书": 2, "章": 1, "对此": 1, "介绍": 1, "范例": 1, "虚拟": 1, "股权": 1, "实施": 1, "十几": 1, "暴露": 1, "一大": 1, "食利者": 1, "阶层": 1, "做出": 1, "一家": 1, "不用": 1, "一句话": 1, "半": 2, "雷锋": 4, "吃亏": 2, "关键": 2, "才": 2, "活": 1, "虚实": 3, "符合": 3, "通俗": 1, "语言": 1, "描述": 1, "懂": 1, "到位": 2, "梳理": 1, "阶段": 2, "集体": 1, "研讨": 1, "管理者": 1, "日常": 3, "讨论": 4, "阐明": 1, "推行": 1, "解决": 6, "做好": 1, "合同": 1, "投资": 1, "决策": 1, "建立": 1, "去伪存真": 1, "由表及里": 1, "分析": 2, "基础": 2, "立项": 1, "开发": 1, "终止": 1, "例子": 1, "原因": 3, "内部": 2, "会议": 1, "开会": 2, "段": 3, "主题": 1, "外部": 1, "举措": 1, "10": 1, "空话": 1, "理念": 1, "不相为谋": 1, "远": 1, "让道": 1, "真经": 1, "唱": 1, "操作": 1, "层面": 2, "术": 1, "笑": 1, "简介": 1, "变革": 1, "专家": 1, "毕业": 1, "浙江": 1, "大学": 3, "科学院": 1, "日本": 1, "东北": 1, "客座": 1, "教授": 2, "湖畔": 1, "特聘": 1, "期间": 1, "构建": 2, "成员": 2, "推动": 1, "招聘": 1, "培训": 1, "薪酬": 1, "改革": 1, "力出": 2, "孔": 2, "打下": 1, "坚实": 1, "业绩": 1, "深圳市": 1, "基业": 1, "长青": 1, "咨询": 1, "有限": 1, "董事长": 1, "OPPO": 1, "海康": 1, "威视": 1, "三一": 1, "重工": 1, "电信": 1, "万科": 1, "华润": 1, "创维": 1, "众多": 2, "新生代": 2, "提升": 3, "率先": 1, "开创者": 1, "持续": 1, "壮大": 1, "动力": 1, "源泉": 1, "聚焦": 1, "选拔": 1, "搭建": 1, "激活": 1, "系统": 4, "阐述": 1, "精准": 2, "选配": 1, "加速": 1, "三位一体": 1, "法则": 2, "揭示": 1, "要点": 1, "真实": 1, "场景化": 1, "案例": 1, "读者": 1, "学到": 1, "方法论": 1, "技巧": 1, "背景": 3, "条件": 1, "崛起": 1, "转型": 1, "传统": 1, "学以致用": 1, "选": 1, "不准": 1, "长": 1, "不快": 1, "送": 1, "六": 1, "难题": 1, "资金": 2, "投入": 3, "创新": 2, "实力": 2, "手机": 11, "庞大": 1, "群体": 1, "国产": 1, "友商": 1, "榜样": 1, "三星": 1, "苹果": 5, "忽视": 2, "强敌": 1, "熟悉": 1, "这两年": 2, "余承东": 1, "冲击": 1, "高端": 1, "骄人": 1, "成绩": 1, "确实": 5, "值得": 1, "点赞": 1, "回来": 2, "机海": 1, "战术": 1, "处境": 1, "难堪": 1, "网友": 1, "提问": 1, "4G版": 2, "Mate30Pro": 9, "问津": 1, "超级": 3, "旗舰": 4, "身份": 2, "登场": 2, "无论是": 1, "颜值": 1, "打磨": 1, "硬件": 1, "配置": 1, "搭载": 2, "麒麟": 2, "990": 2, "处理器": 3, "EMUI10": 2, "组合": 2, "应对": 2, "程序": 2, "感觉": 2, "压力": 2, "杀后台": 1, "GPU": 2, "Turbo3.0": 2, "适配": 2, "和平": 2, "精英": 2, "王者": 2, "荣耀": 3, "在内": 1, "主流": 2, "游戏": 2, "场景": 2, "帧率": 2, "稳定性": 2, "太": 4, "挑剔": 2, "延续": 1, "3D": 1, "TOF人": 1, "脸": 1, "解锁": 1, "无线": 1, "充电": 1, "元素": 2, "高端机": 1, "一贯": 1, "期待": 1, "Mate30": 9, "唯一": 1, "款": 2, "徕卡": 2, "认证": 2, "摄模组": 2, "出色": 2, "算法": 2, "调教": 2, "不仅仅": 1, "光线": 2, "充足": 2, "白天": 2, "物体": 2, "色彩": 2, "还原": 2, "夜景": 2, "模式": 3, "针对": 2, "弱光": 2, "成像": 1, "针对性": 1, "噪点": 2, "涂抹感": 2, "控制": 2, "不错": 2, "真实度": 1, "保留": 1, "一块": 2, "6.53": 1, "英寸": 2, "环幕": 1, "屏视": 1, "效果": 2, "挺": 6, "震撼": 2, "四曲面": 1, "玻璃": 1, "铝": 1, "框": 1, "紧密": 2, "贴合": 2, "握持": 1, "舒适": 1, "防水": 1, "参数": 1, "机皇": 1, "特性": 1, "回到": 1, "开头": 1, "卖": 1, "笔者": 2, "至今": 1, "短短": 1, "国内": 1, "智能": 2, "竞争": 1, "白炽化": 1, "小米": 1, "CC9Pro": 1, "强势": 1, "蚕食": 1, "V30": 1, "诞生": 1, "取代": 1, "人气": 1, "流失": 1, "缺乏": 3, "性价比": 2, "优势": 2, "选择": 1, "毕竟": 1, "5799": 1, "贵": 1, "推出": 1, "5G": 4, "版本": 4, "4G": 2, "网络": 1, "支持": 4, "SA": 1, "NSA": 1, "也就是说": 1, "保证": 1, "未来": 1, "内": 1, "淘汰": 1, "官方": 1, "加大": 2, "力度": 2, "普及": 1, "所以说": 1, "系列": 1, "销量": 1, "支撑": 1, "iPhoneXR": 1, "iPhone11": 1, "降维": 1, "打击": 1, "起到": 1, "分流": 1, "作用": 1, "情怀": 1, "足够": 1, "品牌": 2, "号召力": 2, "热度": 1, "难以": 1, "面对": 1, "如今": 2, "火": 1, "大都": 1, "表现": 2, "可圈可点": 1, "最终": 1, "慢慢": 1, "遇冷": 1, "身边": 1, "换成": 4, "国货": 1, "因素": 1, "影响": 1, "不得不": 2, "承认": 1, "具备": 1, "高下": 1, "刚好": 1, "iPhone8": 9, "憋": 1, "肚子": 1, "心里话": 1, "不吐不快": 1, "算是": 1, "枚": 1, "忠实": 1, "果粉": 1, "年前": 1, "周年": 1, "用到": 1, "满意": 2, "潮流": 1, "聊聊": 1, "感受": 1, "标配": 1, "4.7": 1, "16:9": 1, "屏幕": 1, "视觉": 2, "比不上": 1, "超": 1, "窄": 1, "额头": 1, "屏": 1, "Mate": 1, "后者": 1, "电影": 1, "冲击力": 1, "背面": 1, "环形": 1, "摄像头": 1, "风格": 1, "创意": 1, "识别度": 1, "配合": 1, "铝中框": 1, "单手": 1, "舒适感": 1, "小屏": 1, "好处": 1, "性能": 1, "AndroidQ": 1, "深度": 1, "定制": 1, "阴阳师": 1, "方舟": 1, "编译器": 1, "APP": 1, "底层": 1, "整体": 1, "A10": 1, "IOS13": 1, "软件": 1, "至少": 1, "乱七八糟": 1, "广告": 1, "推送": 1, "拍照": 1, "配备": 2, "1200万": 1, "置单": 1, "摄": 1, "内置": 1, "多种": 1, "舞台": 1, "光效": 1, "增强": 1, "摄影": 1, "乐趣": 1, "自定义": 1, "虚化": 1, "调节": 1, "功能": 1, "只不过": 1, "更胜一筹": 1, "达芬奇": 1, "独立": 1, "NPU": 1, "神经元": 1, "成片": 1, "速度": 1, "行业": 1, "顶尖": 1, "水准": 1, "大幅度": 1, "减少": 1, "相机": 1, "完胜": 1, "4000": 1, "毫安": 1, "电池": 1, "40": 1, "W快": 1, "续航": 1, "碾压": 1, "960P": 1, "动作": 1, "视频": 1, "录制": 1, "光学": 1, "指纹": 1, "亮点": 1, "最初": 1, "担心": 1, "习惯": 1, "槽点": 1, "惊喜": 1, "形容": 1}