{"华为": 61, "发展": 1, "迅猛": 1, "事件": 2, "爆发": 2, "舆论": 1, "焦点": 1, "很多": 8, "不仅仅": 1, "一家": 1, "民营": 1, "企业": 4, "国内": 3, "国际": 1, "一个": 3, "标志": 1, "兴衰": 1, "荣辱": 1, "民众": 1, "息息相关": 1, "如今": 2, "段": 2, "时间": 6, "所作所为": 1, "实实在在": 1, "口": 2, "恶气": 1, "美企": 1, "拒绝": 1, "合作": 1, "研发": 3, "美": 1, "企断": 1, "供": 1, "生产": 1, "反正": 1, "打垮": 1, "！": 3, "或许": 1, "评价": 1, "近日": 1, "传出": 1, "发行": 3, "债券": 3, "消息": 4, "首次": 1, "境内": 2, "听到": 1, "想法": 2, "缺": 1, "钱": 2, "此前": 2, "声称": 1, "上市": 3, "赚": 2, "利润": 1, "很": 3, "大一": 1, "都": 19, "用于": 1, "科技": 2, "做法": 2, "有利于": 1, "技术": 4, "5G": 23, "成果": 2, "当中": 1, "不得不": 1, "承认": 1, "烧钱": 2, "三星": 2, "供应商": 1, "模仿": 1, "项目": 3, "被迫": 1, "中途": 1, "停": 1, "原因": 1, "实在": 1, "太": 2, "耗": 1, "一点": 1, "才": 3, "有人": 3, "此次": 4, "发债": 8, "公司": 1, "运营": 1, "资金": 1, "观点": 1, "目的": 1, "搞大": 1, "众所周知": 1, "各国": 1, "建设": 1, "如火如荼": 1, "展开": 1, "惊艳到": 1, "全球": 4, "原本": 2, "联合": 1, "特朗普": 9, "抵制": 1, "国家": 2, "抵挡": 1, "不住": 1, "成本": 1, "低": 3, "、": 5, "诱惑": 1, "最终": 1, "倒戈相向": 1, "情况": 4, "搞": 1, "想象": 1, "出世": 1, "一刻": 1, "场面": 1, "支持": 7, "秉持": 1, "本身": 1, "经营": 1, "信用": 1, "赚钱": 2, "散户": 2, "想": 3, "吃": 2, "未必": 1, "证实": 2, "购入": 1, "渠道": 1, "四": 1, "大型": 1, "机构": 1, "瓜分": 1, "掉": 1, "件": 2, "众多": 1, "银行": 1, "乐于": 1, "人称": 1, "海外": 5, "选择": 7, "业务": 1, "影响": 2, "看法": 3, "关心": 1, "仅仅": 1, "热烈": 1, "讨论": 1, "赞同": 1, "中秋": 1, "假期": 1, "朋友圈": 3, "这两天": 1, "拨": 2, "刷屏": 1, "～": 1, "晒": 2, "月亮": 1, "声明": 1, "出品": 1, "秒杀": 1, "苹果": 9, "画质": 1, "快": 8, "拍": 1, "小友": 1, "孙殿波": 1, "：": 11, "P30": 1, "手机": 13, "拍摄于": 1, "辽宁省": 1, "沈阳市": 1, "皇姑区": 1, "抢": 1, "新款": 1, "↓": 1, "顶": 1, "浴霸": 1, "摄像头": 1, "抉择": 1, "至少": 2, "一部分": 1, "第一": 3, "冲进": 1, "官网": 3, "天猫": 2, "京东": 3, "平台": 3, "下单": 3, "购买": 2, "三": 1, "一度": 1, "卡顿": 1, "手速": 1, "抢到": 1, "立马": 1, "感受": 1, "~~": 1, "前天": 2, "晚上": 2, "8点多": 1, "旗舰店": 1, "发现": 2, "最新": 1, "配色": 1, "暗夜": 3, "绿": 3, "iPhone": 7, "卖": 1, "型号": 3, "断货": 1, "收购": 1, "版": 1, "11": 3, "很快": 1, "相关": 1, "上架": 1, "只不过": 1, "配送": 1, "晚": 1, "朋友": 1, "8点": 1, "显示": 1, "9月": 2, "20日": 1, "发货": 1, "；": 1, "半": 4, "小时": 1, "等到": 1, "国庆": 1, "收": 2, "据悉": 1, "截至": 1, "12日": 1, "下午": 1, "3点": 1, "新一代": 2, "机型": 3, "预约": 1, "总量": 1, "破": 1, "百万": 1, "真香": 1, "发布": 1, "旧": 3, "变卡": 1, "今日": 2, "美国": 4, "报道": 1, "名": 1, "网友": 4, "抱怨": 1, "推出": 4, "设备": 2, "疑问": 1, "juneamour": 1, "电池": 3, "续航": 3, "不行": 1, "居·清歌": 1, "好像": 1, "微薄": 1, "倒闭": 1, "改名": 1, "老婆": 1, "骂": 1, "只能": 2, "到底": 1, "买": 1, "带": 2, "发布会": 1, "库克": 1, "接受": 1, "腾讯": 1, "新闻": 2, "采访": 2, "超前": 1, "基础": 1, "架构": 1, "芯片": 7, "未": 1, "成熟": 1, "足以": 1, "款": 3, "质量": 1, "产品": 4, "习惯": 1, "螃蟹": 1, "确实": 3, "事实": 1, "4G": 5, "早": 1, "2010年": 1, "HTC": 2, "年后": 1, "摩托罗拉": 1, "2012年": 1, "秋天": 1, "5": 1, "杭州": 1, "记者": 1, "拿到": 1, "用户": 1, "测试": 1, "信号": 3, "覆盖率": 1, "稳定": 1, "市区": 1, "道路": 1, "保证": 1, "收到": 1, "室内": 1, "耗电量": 2, "2.5": 1, "倍": 2, "加上": 1, "频繁": 1, "搜索": 1, "极其": 1, "费电": 1, "手机族": 1, "用法": 1, "大屏": 1, "电量": 2, "撑": 1, "半天": 1, "商用": 1, "初期": 1, "资费": 1, "肯定": 1, "便宜": 1, "中国": 2, "联通": 1, "放出": 1, "最低": 1, "月资费": 1, "价格": 1, "199": 1, "元": 1, "超出": 1, "大部分": 1, "月均": 1, "消费": 1, "水平": 1, "未来": 1, "1-3年": 1, "不必": 1, "过分": 1, "纠结": 1, "充足": 1, "预算": 1, "合适": 1, "入手": 1, "不错": 1, "毕竟": 1, "网速": 1, "容量": 1, "带有": 1, "快充": 2, "都会": 1, "折磨": 1, "来源": 1, "晨报": 1, "编辑": 1, "杨阿敏": 1, "编审": 1, "吴亚鹏": 1, "Hello": 1, "干什么": 1, "竞争": 1, "激烈": 1, "明星": 2, "网红": 1, "层出不穷": 1, "越来越": 1, "找": 1, "适合": 1, "代言": 1, "巨头": 1, "例外": 1, "代言人": 7, "流量": 2, "男星": 2, "吴亦凡": 3, "观众": 1, "实力": 2, "怀疑": 1, "态度": 2, "身为": 1, "销量": 1, "做出": 1, "贡献": 1, "易烊": 2, "千玺": 2, "受众": 1, "年轻化": 1, "评选": 1, "成功": 4, "主人公": 1, "简直": 1, "不值一提": 1, "代言费": 1, "愣是": 1, "名扬": 3, "任正非": 4, "感谢": 3, "宣传": 3, "错": 1, "猜到": 1, "现任": 1, "总统": 3, "打压": 4, "试图": 1, "低调": 1, "内": 4, "知名度": 2, "到达": 1, "世界": 3, "领先": 1, "地步": 1, "自然": 1, "全世界": 2, "高调": 1, "无疑": 1, "免费": 1, "广告": 1, "正好": 1, "赶上": 1, "推行": 1, "起到": 1, "作用": 1, "反而": 1, "收获": 1, "订单": 1, "收费": 2, "帮忙": 1, "可爱": 1, "介绍": 1, "对此": 1, "余承东": 1, "晒出": 1, "FreeBuds3": 7, "IFA": 1, "大奖": 1, "并称": 1, "飞机": 1, "降噪": 5, "音质": 1, "体验": 2, "棒": 1, "于此同时": 1, "终端": 1, "客服": 1, "条": 1, "底下": 1, "回复": 1, "称": 1, "预计": 1, "11月份": 1, "首款": 2, "采用": 3, "蓝牙": 5, "5.1": 1, "无线": 4, "耳机": 2, "除此以外": 1, "内置": 1, "麒麟A": 2, "1": 2, "骨声纹": 1, "通话": 1, "主动": 3, "延迟": 2, "外形": 1, "开放式": 3, "海豚": 1, "仿生": 1, "设计": 3, "佩戴": 2, "舒适": 1, "稳固": 1, "仓圆润": 1, "对称": 1, "黑白": 1, "色": 1, "可选": 1, "硬": 1, "核": 1, "官方": 1, "宣称": 1, "搭载": 1, "封装": 1, "尺寸": 1, "AirPods": 5, "H1": 1, "95%": 1, "FreeBuds": 5, "3": 5, "性能": 1, "指标": 1, "30%": 1, "功耗": 1, "降低": 1, "50%": 2, "麒麟A1": 1, "带来": 2, "全新": 1, "协议": 2, "BT-UHD": 1, "运行": 1, "EMUI": 1, "10.0": 1, "版本": 1, "新华": 1, "标准": 2, "连接": 1, "拥有": 1, "高达": 1, "2.3": 1, "Mbps": 1, "数据": 1, "传输": 1, "速率": 1, "LDAC": 1, "还要": 2, "14": 1, "灵敏": 1, "动圈": 1, "单元": 1, "低音": 1, "190nm": 1, "期待": 1, "游戏": 1, "失望": 1, "充电": 3, "4h": 1, "搭配": 1, "充电仓": 1, "提供": 1, "20h": 1, "值得一提的是": 1, "有线": 1, "100%": 1, "(": 1, "7270534": 1, ")": 1}