{"欧界": 3, "报道": 2, "5G": 29, "注定": 1, "一个": 3, "热点": 1, "全世界": 1, "各国": 1, "都": 6, "备战": 1, "韩国": 1, "国内": 4, "厂商": 2, "加快": 1, "速度": 2, "布局": 6, "华为": 44, "Mate": 15, "X": 12, "5G版": 5, "手机": 18, "正式": 1, "登陆": 1, "欧洲": 4, "运营商": 1, "Sunrise": 1, "发布": 5, "开售": 2, "众所周知": 1, "2019MWC": 1, "大会": 2, "首款": 3, "折": 1, "叠屏": 1, "高达": 1, "17000": 1, "元": 2, "售价": 2, "不少": 1, "消费者": 7, "望而却步": 1, "才": 2, "推出": 4, "版本": 5, "997": 1, "瑞士": 2, "法郎": 1, "/": 1, "981": 1, "美元": 1, "折合": 1, "人民币": 1, "大概": 1, "6607": 1, "相比": 3, "良心": 1, "毕竟": 3, "X连": 1, "零头": 1, "20X": 1, "市面": 3, "价格": 2, "昂贵": 1, "技术": 9, "肯定": 2, "更何况": 1, "市场": 6, "便宜": 1, "注重": 1, "产品": 6, "品质": 1, "质量": 1, "优": 1, "、": 6, "创新度": 1, "很": 2, "销量": 4, "外形": 1, "设计": 1, "普通版": 1, "只不过": 1, "背部": 1, "标志性": 1, "logo": 1, "配置": 2, "配备": 4, "7.2": 1, "英寸": 3, "OLED": 1, "水": 1, "滴屏": 1, "搭载": 1, "麒麟980": 2, "处理器": 2, "丝毫": 1, "输": 1, "款": 2, "旗舰机": 1, "在于": 2, "内置": 2, "巴龙": 1, "5000": 1, "调制解调器": 1, "该机": 3, "4000万": 1, "素徕卡": 1, "超": 1, "广角": 1, "+": 3, "2000万": 1, "像素": 2, "800万": 1, "镜头": 1, "配有": 2, "8": 1, "256GB": 1, "内存": 1, "4200": 2, "mAh": 2, "电池": 2, "支持": 2, "40W": 1, "超级": 1, "快充": 1, "可谓": 1, "豪华": 1, "值得一提的是": 1, "得天独到": 1, "优势": 1, "液冷": 1, "散热": 1, "系统": 3, "超大": 3, "解决": 1, "带来": 2, "耗电量": 1, "发热量": 1, "进一步": 1, "优化": 1, "GPU": 1, "Turbo": 1, "搭配": 1, "超强": 1, "黑科技": 1, "超快": 1, "不用": 1, "担心": 1, "吃鸡": 1, "卡机": 1, "此前": 3, "产品线": 1, "副总裁": 1, "李小龙": 1, "称": 2, "竞争力": 1, "上市": 2, "接下来": 1, "估计": 2, "第三": 2, "季度": 1, "30": 1, "系列": 1, "近日": 1, "小米": 7, "MIX": 1, "3": 2, "OPPO": 1, "Reno": 1, "问世": 1, "赶上": 1, "首批": 1, "列车": 1, "5月底": 1, "抢先": 1, "占领": 1, "来源": 1, "：": 5, "线上": 1, "采编": 1, "涉及": 1, "版权": 1, "寻求": 1, "请": 1, "传媒网": 1, "！": 1, "传媒": 1, "|": 1, "Jie": 1, "Media七年": 1, "专注": 1, "深度": 1, "互联网": 3, "世界": 1, "5月": 1, "1日": 1, "消息": 8, "日经": 2, "亚洲": 1, "评论": 1, "引援": 1, "知情": 1, "人士": 4, "计划": 1, "早": 1, "全球": 2, "电视": 36, "显示": 3, "模块": 1, "高端": 2, "8K": 1, "分辨率": 1, "显示器": 1, "利用": 2, "网络": 5, "流量": 1, "数据": 1, "传输": 1, "超高清": 1, "视频": 3, "内容": 2, "VR": 2, "AR": 2, "播放": 2, "传闻": 1, "均": 1, "否认": 1, "业务": 4, "余承东": 2, "家电": 4, "想": 1, "传统": 3, "AI": 2, "时代": 7, "带": 1, "屏幕": 5, "智能": 25, "音箱": 1, "可能性": 1, "具备": 2, "功能": 7, "辅助": 1, "大屏": 3, "互动": 1, "旗下": 2, "55": 1, "供应商": 2, "京东方": 2, "65": 1, "华星": 1, "光电": 1, "代工厂": 1, "收购": 1, "苏州": 1, "高创": 1, "透露": 2, "目标": 2, "1000万": 1, "台": 1, "指向": 1, "行业": 5, "第一": 2, "摄像头": 1, "游戏": 3, "社交": 1, "原本": 1, "4月": 1, "供应链": 2, "延迟": 1, "原因": 2, "软件": 1, "Ready": 1, "硬件": 1, "条": 1, "腿": 1, "走路": 1, "自有": 1, "品牌": 2, "植入": 1, "运营": 1, "对此": 2, "不予置评": 1, "4月末": 1, "分析师": 1, "首席": 1, "战略": 1, "官邵洋": 1, "推进": 1, "上半年": 1, "暂时": 1, "市场化": 1, "前不久": 1, "AWE": 1, "2019": 1, "中国": 1, "博览会": 1, "CEO": 1, "接受": 1, "采访": 1, "探索": 2, "体验": 5, "升级": 2, "合作": 1, "伙伴": 1, "探讨": 1, "样板": 1, "官方": 1, "尚未": 1, "公布": 1, "信息": 1, "悬念": 1, "本次": 1, "新闻": 2, "给出": 1, "再次": 1, "燃起": 1, "关注": 1, "上游": 1, "综合": 1, "凤凰": 1, "科技": 1, "太平洋": 1, "电脑网": 1, "21": 1, "世纪": 1, "PC": 1, "电脑": 1, "飞速": 1, "普及": 1, "导致": 1, "娱乐": 1, "方式": 2, "发生": 1, "生活": 1, "必备": 1, "连年": 1, "走低": 1, "行情": 1, "之下": 1, "2019年": 1, "进军": 1, "领域": 2, "逆势": 1, "3点": 1, "1": 1, "早期": 1, "家庭": 1, "接收": 1, "电视台": 1, "节目": 2, "用户": 3, "处于": 2, "被动": 1, "选择": 2, "状态": 2, "玩性": 1, "低": 1, "操作": 1, "芯片": 1, "基本上": 2, "区别": 1, "太": 1, "通话": 1, "出入": 1, "定位": 1, "主动": 1, "家里": 2, "观看": 1, "电影": 1, "这是": 2, "用途": 1, "革新": 2, "带宽": 1, "接入": 1, "相比于": 2, "安装": 1, "感应": 2, "元件": 2, "视觉": 1, "效果": 2, "3D": 1, "影院": 1, "感觉": 1, "逼真": 1, "虚拟": 1, "现实": 1, "增强": 1, "可玩性": 1, "未来": 4, "爆发": 2, "发展": 4, "如今": 3, "饱和": 1, "出货量": 2, "稳稳": 1, "占据": 1, "位置": 1, "短": 1, "时间": 1, "内": 1, "想要": 2, "做出": 1, "突破": 1, "开发": 1, "全新": 2, "带动": 2, "营业": 1, "收入": 1, "必由之路": 1, "焕发": 1, "活力": 1, "功能机": 1, "刮起": 1, "浪潮": 1, "最先": 1, "受益": 1, "吃": 1, "西红柿": 1, "物联网": 6, "降至": 1, "巨头": 2, "纷纷": 1, "入局": 2, "概念": 1, "五": 1, "年前": 1, "热门": 1, "各方": 1, "大佬": 1, "接连": 1, "发言": 1, "下半场": 1, "兴起": 1, "因素": 1, "覆盖": 1, "城市": 1, "开花": 1, "最多": 1, "我国": 1, "4G": 1, "替换": 1, "届时": 1, "家居": 2, "重心": 1, "设备": 1, "网友": 1, "早已": 1, "的确": 1, "表面": 1, "一家": 1, "企业": 1, "多年": 2, "雷军": 1, "期望": 1, "杂货铺": 1, "2012年": 1, "初具规模": 1, "先行者": 1, "最新": 1, "率先": 1, "意味着": 1, "打响": 1, "弯道": 1, "超车": 1}