{"华为": 21, "正面": 1, "面对": 2, "国际": 1, "形势": 1, "都": 3, "美国": 3, "国家": 11, "纷纷": 2, "亮": 1, "红牌": 1, "响应": 1, "号召": 1, "情况": 1, "依旧": 1, "技术": 3, "赢得": 1, "合作": 3, "伙伴": 1, "支持": 2, "累计": 1, "拿到": 1, "二十多": 1, "订单": 5, "不公": 1, "迪拜": 8, "豪掷": 1, "500亿": 2, "600万": 2, "礼": 1, "赠送": 1, "堪称史": 1, "壕": 1, "广告": 2, "！": 1, "中东": 1, "各国": 1, "建立": 2, "一个": 1, "5G": 1, "网卡": 1, "建设": 1, "很多": 5, "网友": 3, "熟悉": 1, "陆续": 1, "发禁令": 1, "这次": 2, "大手笔": 1, "小伙伴": 1, "拍手": 1, "叫好": 1, "设备": 11, "包括": 1, "安全性": 1, "在内": 1, "项目": 1, "审查": 2, "交给": 3, "过程": 1, "证据": 1, "威胁": 2, "先进": 2, "水平": 3, "诺基亚": 1, "爱立信": 1, "公司": 2, "相比": 2, "程度": 1, "优势": 4, "基站": 1, "高精尖": 1, "利益": 1, "网络": 2, "先进性": 1, "角度": 2, "出发": 1, "选择": 1, "明智": 1, "价格": 3, "产品": 1, "经营": 1, "规模": 1, "成本": 1, "控制": 1, "竞争": 1, "借着": 1, "借口": 1, "不可告人": 1, "目的": 1, "站": 1, "可观": 1, "公平": 1, "对待": 1, "难得": 1, "证明": 1, "才": 3, "发达": 1, "经历": 1, "多年": 1, "探索": 1, "积累": 1, "很": 1, "监控": 1, "机构": 1, "重点": 1, "所在": 1, "高达": 1, "六千亿": 1, "为此": 1, "投入": 1, "迪拜塔": 1, "震撼": 1, "本文": 1, "原创": 1, "作品": 1, "图片": 1, "来自于": 1, "侵权": 1, "请": 1, "告知": 1}