{"华为": 51, "国内": 7, "大佬级": 1, "手机": 21, "品牌": 9, "近年": 1, "带": 1, "子品牌": 1, "荣耀": 8, "打下": 1, "市场": 10, "半壁江山": 1, "改变": 2, "原有": 1, "局面": 1, "很": 4, "大部分": 2, "朋友": 4, "转型": 1, "提升": 7, "冲击": 1, "高端": 6, "中低端": 3, "交给": 2, "守": 2, "越来越": 2, "贵": 4, "目的": 1, "简单": 3, "打造": 1, "唯一": 1, "苹果": 7, "抗衡": 1, "想要": 1, "办法": 1, "值得": 5, "买": 6, "系列": 8, "便宜": 4, "主攻": 1, "P系列": 1, "、": 12, "Mate": 2, "中端": 2, "nova": 13, "想": 5, "朋友们": 1, "玩性": 1, "P": 1, "三": 1, "；": 4, "畅享": 1, "麦芒": 1, "闹着玩": 1, "性能": 8, "配置": 5, "太": 6, "差": 2, "坑": 1, "2000": 1, "推荐": 3, "机型": 9, "上市": 1, "5i": 9, "Pro": 19, "1999": 1, "起售价": 1, "算": 1, "硬件": 2, "惊喜": 1, "介绍": 2, "感兴趣": 1, "不妨": 2, "！": 12, "屏幕": 12, "配备": 1, "一块": 2, "6.26": 1, "英寸": 1, "TFT": 2, "LCD": 3, "材质": 3, "官方": 1, "美名": 1, "曰": 1, "极点": 1, "全面屏": 1, "开孔": 1, "屏": 2, "分辨率": 1, "2340": 1, "1080": 1, "像素": 16, "密度": 1, "412ppi": 1, "屏占": 1, "83.38%": 1, "参数": 2, "没用": 1, "毕竟": 2, "LC": 1, "D材": 1, "质屏": 1, "显示": 3, "效果": 7, "点评": 5, "：": 12, "不及": 1, "AMOLED": 5, "大都": 2, "采用": 11, "成本": 1, "低": 1, "稍强": 1, "OLED": 1, "才能": 1, "用上": 1, "价位": 4, "都": 6, "大概": 1, "Super": 2, ">": 4, "OLED>LCD": 1, "三星": 3, "生产": 1, "独有": 1, "技术": 4, "处理器": 9, "搭载": 3, "海思": 3, "麒麟": 4, "810": 3, "7nm": 1, "制程": 1, "工艺": 2, "双核": 1, "A76": 1, "2.27GHz": 1, "+": 10, "六核": 1, "A55": 1, "1.88GHz": 1, "八": 1, "核心": 1, "架构": 2, "设计": 3, "GPU": 1, "集成": 1, "定制版": 1, "Mali-G52": 1, "MP6": 1, "820MHz": 1, "图形": 1, "AI": 1, "内置": 2, "自研": 1, "达芬奇": 1, "NPU": 1, "(": 1, "神经": 1, "网络": 2, "单元": 1, ")": 1, "A": 1, "I": 1, "跑分": 2, "仅次于": 1, "麒麟990": 2, "排名": 2, "第二": 1, "高通": 3, "855+": 2, "第三": 1, "综合": 1, "骁龙": 1, "730/730G": 1, "雷兔兔": 1, "高达": 1, "28.76万": 1, "AI性能": 1, "存储": 4, "6GB": 1, "128GB": 4, "/": 3, "1999，8GB": 1, "2299，8GB": 1, "256GB": 2, "2599三": 1, "版本": 3, "类型": 1, "运行": 1, "内存": 1, "LPDDR4X": 1, "闪存": 1, "UFS2.1": 1, "赞赏": 1, "项": 1, "功能": 2, "支持": 6, "扩展": 1, "容量": 2, "省钱": 1, "实用": 1, "跟随": 1, "消失": 1, "电池": 3, "4000": 1, "mAh": 1, "超大": 1, "W华": 1, "快充": 1, "标配": 1, "充电器": 1, "10V/2A": 1, "9V/2A": 1, "5V/2A": 1, "输出": 1, "中规中矩": 1, "相机": 3, "拍照": 8, "前置": 2, "3200万": 1, "f/2.0": 1, "光圈": 2, "后置": 5, "索尼": 5, "IMX582": 3, "4800万": 4, "高清": 1, "镜头": 15, "f/1.8": 1, "800万": 1, "素超": 1, "广角": 1, "200万": 2, "微距": 1, "素景": 1, "6": 1, "倍": 4, "数字": 2, "变焦": 4, "遗憾": 1, "素主": 1, "传感器": 2, "非主流": 1, "IMX586": 1, "区别": 1, "在于": 2, "视频": 1, "录制": 1, "IMX58": 1, "4K": 2, "60": 2, "帧": 3, "30": 1, "后期": 1, "最为": 1, "均衡": 1, "性价比": 1, "重点": 2, "品控": 1, "质量": 1, "Pro真": 1, "适合": 1, "玩": 1, "游戏": 2, "麒麟810": 1, "轻松": 1, "王者": 1, "吃": 1, "鸡": 1, "此类": 1, "爱好者": 1, "需求": 1, "卡顿": 1, "挺": 1, "好说": 1, "因人而异": 1, "审美观": 1, "建议": 1, "线下": 1, "体验店": 1, "实机": 1, "操作": 1, "试试看": 1, "满意": 1, "入手": 1, "提醒": 1, "警告": 1, "照片": 2, "并非": 1, "误认为": 1, "6400万": 2, "研发": 1, "旗舰": 4, "均": 1, "未": 1, "1200万": 2, "1600万": 1, "原因": 2, "所在": 1, "优化": 1, "调教": 1, "功底": 1, "6400": 1, "素差": 1, "观点": 3, "看法": 4, "赞同": 3, "小编": 1, "赞": 1, "谢谢": 1, "吐槽": 2, "下方": 1, "评论": 1, "框": 1, "发表": 1, "交流学": 1, "热门": 1, "款": 6, "mate30": 10, "下半年": 2, "确实": 1, "销售": 2, "数据": 1, "销量": 1, "火爆": 1, "缺点": 1, "1080P": 1, "2K屏": 1, "一点": 2, "单扬声器": 1, "很多": 5, "主流": 1, "扬声器": 1, "对比": 2, "情愿": 2, "选择": 1, "Pro版": 1, "P30": 6, "用户": 5, "本身": 1, "时间": 2, "长": 1, "升级": 2, "等待": 1, "P40": 20, "喜欢": 2, "圆形": 1, "模组": 1, "曝光": 2, "情况": 2, "7nm+EUV": 1, "980": 1, "系统": 11, "国外": 1, "因素": 1, "影响": 1, "谷歌": 1, "服务": 2, "可能性": 2, "鸿蒙": 7, "安卓": 2, "面向": 1, "海外": 4, "这样一来": 1, "HMS": 1, "生态": 1, "检验": 1, "才": 3, "移植": 2, "实际上": 1, "或者说": 1, "贸然": 1, "先期": 1, "试用": 1, "确认": 1, "OK": 1, "投放": 1, "消费者": 1, "业务": 1, "CEO": 1, "余承东": 1, "旗下": 1, "首款": 1, "外观": 2, "零界": 1, "正面": 1, "自拍": 2, "放置": 1, "隐形": 2, "屏下": 2, "方式": 3, "用来": 1, "排除": 1, "升降": 1, "4000万": 1, "副": 1, "2000万": 1, "可望": 1, "四": 1, "摄": 2, "五": 1, "众所周知": 1, "5": 1, "光学": 1, "10": 1, "混合": 1, "50": 1, "电影级": 1, "摄像头": 4, "组合": 1, "垂直": 1, "排列": 1, "3988": 1, "元": 6, "起步": 3, "5488": 1, "预计": 1, "感人": 1, "发布": 2, "明年": 1, "3月份": 1, "正式": 1, "对手": 1, "不得不": 4, "重视": 1, "实力": 1, "孟": 1, "乾华": 1, "抢走": 1, "发生": 1, "iPhone11": 9, "你好": 2, "Mate20Pro": 7, "再见": 5, "价格": 8, "5499": 1, "第三方": 1, "平台": 1, "下滑": 1, "最终": 1, "4999": 1, "具备": 3, "A13": 1, "出色": 2, "iOS": 1, "流畅度": 1, "远远": 1, "好于": 1, "超广角": 1, "拍摄": 1, "内容": 1, "自动": 1, "夜间": 1, "模式": 1, "iPhone": 1, "有朝一日": 1, "Mate30Pro": 2, "回头": 1, "mate20Pro，8GB": 1, "指纹": 2, "识别": 1, "浴霸": 2, "一个": 1, "算是": 1, "老大哥": 1, "行业": 1, "竞争": 1, "激烈": 1, "厂商": 1, "新机": 1, "速度": 1, "很快": 1, "优势": 1, "立马": 1, "荡然无存": 1, "麒麟980": 1, "强大": 1, "水准": 1, "超越": 1, "去年": 1, "老旗舰": 2, "8GB": 1, "5099": 1, "比起": 1, "到手": 1, "还要": 2, "贵出": 1, "100": 1, "真的": 2, "想象": 1, "想到": 1, "mate30Pro": 1, "算了": 1, "昂贵": 2, "飘": 1, "如果说": 1, "卖": 1, "希望": 1, "友商": 1, "活路": 2, "伤心": 1, "Mate20pro": 1, "竟然": 1}