{"华为": 61, "手机": 9, "当之无愧": 1, "最为": 1, "神速": 1, "国内": 3, "拥有": 2, "知识": 1, "专利": 1, "最多": 1, "厂商": 1, "硬是": 1, "副业带": 1, "主业": 1, "如今": 3, "余承东": 1, "指挥": 1, "消费者": 1, "业务": 3, "体系": 1, "营收": 1, "占比": 1, "很": 10, "国家": 6, "无理取闹": 1, "抵制": 1, "5G": 8, "情况": 1, "口碑": 1, "水涨船高": 1, "渗透": 1, "很多": 6, "核心": 1, "发达": 1, "欧洲": 11, "市场": 11, "发力": 1, "猛": 1, "踊跃": 1, "支持": 1, "13亿": 1, "中国人": 1, "深得人心": 1, "最终": 1, "P20": 3, "Mate20": 19, "系列": 4, "真格": 1, "时代": 1, "天之骄子": 1, "傲娇": 1, "苹果": 1, "敬畏": 1, "！": 6, "大型": 3, "公司": 3, "优先级": 1, "一个": 4, "采购": 1, "名单": 1, "小编": 1, "发现": 1, "亲戚": 1, "都": 6, "用上": 1, "老款": 1, "P10": 1, "屈指可数": 1, "咄咄逼人": 1, "遗憾": 1, "早": 1, "发布": 3, "性价比": 2, "麒麟": 1, "980手机": 1, "本来": 1, "3999": 1, "元": 2, "配备": 2, "三": 2, "摄莱卡": 1, "镜头": 2, "销量": 1, "爆发": 1, "无奈": 1, "100": 2, "表现": 1, "平平": 1, "荣耀": 4, "V20": 3, "新生": 1, "力量": 1, "盖": 1, "风头": 1, "到底": 1, "值得": 2, "买": 5, "看完": 1, "优缺点": 2, "想必": 1, "懂": 3, "外观": 2, "分析": 2, "至少": 2, "对比": 2, "上一代": 1, "pro来说": 1, "质": 1, "飞跃": 1, "home": 1, "键盘": 1, "长下": 1, "下巴": 1, "LCD": 2, "屏": 1, "窄": 1, "iPhoneXR": 2, "持平": 1, "状态": 1, "显得": 1, "美观": 1, "大气": 1, "背部": 1, "深邃": 1, "纹理": 1, "纹路": 1, "配色": 1, "相对来说": 1, "水滴屏": 1, "设计": 2, "灵": 1, "领先": 1, "不少": 1, "水滴": 1, "屏友商": 1, "旗舰": 1, "屏占比": 2, "优点": 2, "性能": 2, "自然": 2, "顶级": 1, "水准": 1, "麒麟980": 1, "运行": 1, "游戏": 1, "包括": 1, "打开": 1, "软件": 1, "流畅": 1, "延迟": 1, "卡顿": 1, "得益": 1, "EMUI": 1, "系统": 1, "赋予": 1, "强大": 1, "AI": 2, "能力": 1, "这是": 4, "款": 1, "智能": 1, "程序": 1, "预": 1, "启动": 1, "防伪": 1, "基站": 2, "人性化": 1, "快充": 1, "生活": 1, "防水": 1, "功能": 1, "总体": 1, "彪悍": 1, "够用": 1, "摄": 1, "Pro": 1, "4000W": 1, "差距": 1, "焦": 1, "远外": 1, "区别": 1, "真的": 3, "不大": 1, "拍照": 1, "卖点": 1, "说完": 1, "缺点": 3, "价格": 1, "贵": 1, "2999": 1, "优势": 1, "内在": 1, "工艺": 1, "肯定": 1, "钱": 2, "偏爱": 1, "magic2": 1, "感度": 1, "算": 2, "太": 1, "喜欢": 1, "备注": 1, "：": 7, "图片": 1, "来源": 2, "网络": 2, "侵权": 1, "烦请": 1, "删除": 1, "说到": 2, "2019年": 2, "互联网": 1, "圈": 1, "火热": 1, "位置": 1, "元年": 1, "不得不": 1, "提到": 1, "科技": 3, "实力": 3, "全球": 4, "顶尖": 1, "正是": 1, "公平": 1, "待遇": 1, "去年": 4, "下半年": 1, "国": 5, "信息": 3, "隐患": 5, "理由": 2, "拒绝": 5, "这不": 1, "仅仅": 1, "简单": 1, "游说": 2, "同盟国": 2, "封杀": 2, "明面": 1, "七八": 1, "参与": 1, "围杀": 1, "借口": 1, "至今": 1, "证据": 1, "证明": 3, "设备": 5, "一再": 2, "观望": 1, "前不久": 3, "德国": 1, "某国": 1, "政治": 1, "无济于事": 1, "动摇": 1, "重视": 1, "深耕": 2, "多年": 3, "首发": 1, "驻": 1, "欧": 1, "代表": 2, "刘康": 4, "针对": 1, "发表": 1, "声明": 2, "希望": 1, "视为": 1, "技术": 2, "这家": 1, "通讯": 2, "各国": 2, "政府": 2, "监督": 2, "一点": 1, "重申": 1, "创始人": 1, "任正非": 2, "接受": 2, "采访": 1, "媒体": 1, "从来": 1, "、": 2, "未来": 1, "伤害": 1, "客户": 2, "利益": 1, "随时": 1, "合作": 1, "伙伴": 1, "建议": 1, "本次": 1, "原因": 1, "消息": 1, "称": 1, "派遣": 1, "前往": 1, "打算": 1, "打压": 1, "不错": 1, "成绩": 1, "170": 1, "地区": 1, "签署": 1, "30": 1, "份": 2, "合同": 1, "18": 1, "出货": 1, "2.5万": 1, "座": 1, "霸气": 1, "宣称": 1, "全世界": 2, "微波": 1, "傻": 1, "亏": 1, "比赛": 1, "和平": 2, "竞争": 3, "办法": 1, "自信": 2, "短短": 1, "三十": 1, "成长": 1, "庞然大物": 1, "占据": 2, "28%": 1, "份额": 2, "智能机": 1, "14%": 1, "排名": 1, "第三": 1, "体现": 1, "强劲": 1, "投资": 1, "造就": 1, "研发": 1, "投入": 1, "113亿": 1, "欧元": 1}