{"华为": 12, "全球": 1, "第二": 1, "智能": 1, "手机": 2, "供应商": 1, "中低端机": 1, "领域": 1, "销量": 1, "爆发": 1, "情况": 2, "冲击": 1, "高端": 1, "市场": 3, "突破性": 1, "成就": 1, "众多": 1, "国产": 1, "友商": 1, "学习": 1, "榜样": 1, "劲敌": 1, "综合": 1, "实力": 1, "处于": 1, "行业": 1, "第一": 1, "梯队": 1, "竞争": 2, "白炽化": 2, "阶段": 2, "产品": 2, "处境": 1, "挺": 2, "尴尬": 1, "网友": 2, "直言": 1, "11月": 2, "P30Pro": 8, "再见": 2, "！": 1, "P系列": 1, "旗舰机": 1, "组成部分": 1, "一代": 1, "都": 4, "下足": 1, "重本": 1, "精心": 1, "打磨": 1, "例外": 1, "拥有": 1, "徕卡": 1, "认证": 1, "三": 1, "摄模组": 1, "得益": 1, "出色": 2, "算法": 1, "调教": 1, "白天": 1, "黑夜": 1, "拍出": 1, "清晰": 1, "照片": 1, "拿下": 1, "DXO": 1, "榜首": 1, "位置": 1, "证明": 1, "延续": 1, "光学": 1, "指纹": 1, "解锁": 1, "无线": 1, "充电": 1, "元素": 2, "符合": 1, "大部分": 1, "花粉": 1, "高端机": 1, "一贯": 1, "期待": 1, "率先": 1, "运行": 1, "AndroidQ": 1, "深度": 1, "定制": 1, "EMUI10": 1, "系统": 1, "新增": 1, "GPU": 1, "Turbo3.0": 1, "技术": 1, "适配": 1, "包括": 2, "王者": 1, "荣耀": 1, "、": 5, "和平": 1, "精英": 1, "在内": 1, "款": 2, "主流": 1, "游戏": 1, "麒麟": 1, "980": 1, "处理器": 1, "之间": 1, "协同": 1, "能力": 1, "帧率": 1, "稳定性": 1, "妥妥": 1, "；": 1, "标配": 1, "一块": 1, "6.39": 1, "英寸": 1, "全视": 1, "觉曲": 1, "面屏": 1, "带来": 1, "震撼": 1, "视觉": 1, "效果": 1, "四曲面": 1, "玻璃": 1, "后壳": 1, "铝": 1, "中框": 1, "紧密": 1, "贴合": 1, "兼顾": 1, "手感": 1, "防水": 1, "忽视": 1, "亮点": 1, "参数": 1, "层面": 1, "分析": 1, "性能": 1, "颜值": 1, "拍照": 1, "表现": 1, "中规中矩": 1, "称": 1, "最初": 1, "卖": 1, "5388": 1, "元": 2, "一点": 1, "余承东": 1, "意料": 1, "之中": 1, "只不过": 1, "地位": 1, "取代": 1, "人气": 1, "流失": 1, "最低": 1, "降": 1, "4533": 1, "跳水": 1, "幅度": 1, "良心": 1, "夜": 1, "跌": 1, "低价": 1, "无奈": 1, "吐槽": 1, "感到": 1, "扎心": 1, "三月份": 1, "发布": 1, "旧款": 1, "大半年": 1, "时间": 1, "诞生": 1, "一大": 1, "新品": 1, "支持": 1, "5G": 1, "网络": 1, "Mate30": 1, "系列": 1, "小米": 2, "9Pro": 1, "VIVO": 1, "Nex3等": 1, "性价比": 2, "碾压": 1, "CC9Pro": 1, "魅族": 1, "16sPro": 1, "选择": 1, "拜拜": 1, "小编": 1, "观点": 1, "出发": 1, "现阶段": 1, "成绩": 1, "确实": 1, "刮目相看": 1, "功不可没": 1, "缺乏": 1, "卖点": 1, "慢慢": 1, "热捧": 1, "理解": 1}