{"近日": 1, "华为": 138, "发布": 4, "Nova5": 15, "系列": 3, "手机": 47, "包括": 1, "三": 2, "款": 4, "机型": 1, "、": 34, "Pro": 7, "Nova5i": 2, "不用说": 1, "吸引力": 1, "不大": 1, "值得": 2, "处理器": 28, "均": 2, "都会": 8, "配备": 1, "后置": 1, "四": 1, "摄": 2, "相机": 1, "支持": 4, "屏幕": 5, "指纹": 3, "水滴屏": 1, "3200万": 1, "3500": 1, "mAh": 1, "电池": 1, "容量": 1, "不通": 1, "首发": 1, "麒麟810": 11, "搭载": 2, "麒麟980": 6, "价格": 4, "差": 3, "元": 14, "8GB": 1, "+": 1, "128GB": 1, "内存": 2, "版本": 2, "2799": 2, "后者": 2, "2999": 1, "买华": 1, "千万": 1, "买": 5, "颗": 3, "钱": 4, "先来": 1, "麒麟": 11, "980两者": 1, "差距": 1, "小编": 1, "推荐": 1, "入手": 1, "优秀": 7, "7nm": 2, "工艺": 2, "制程": 2, "未必": 1, "中端": 5, "内核": 2, "架构": 3, "A76": 1, "核": 3, "六": 1, "A55": 2, "大核": 1, "主频": 1, "2.6GHz": 1, "小核": 1, "1.8GHz": 1, "CPU": 5, "性能": 8, "肯定": 5, "相差": 4, "GPU两者": 1, "真心": 1, "Mail-G76": 1, "MP10": 1, "拥有": 1, "10": 3, "核心": 5, "GPU": 4, "采用": 1, "Mail-G52": 1, "MP6": 1, "型号": 1, "数字": 1, "都": 46, "比不上": 2, "6": 1, "很": 29, "远": 2, "结论": 1, "远远": 1, "优于": 3, "建议": 1, "省下": 1, "810": 3, "优势": 1, "自研": 3, "达芬奇": 1, "NPU": 1, "AI跑分": 2, "超过": 2, "3.2万分": 1, "相比": 2, "骁龙": 10, "855": 1, "2.5万": 1, "据说": 1, "表现": 1, "大幅": 1, "高通": 3, "730": 2, "理解": 2, "骁龙730": 2, "Redmi": 1, "K20": 1, "便宜": 3, "2000": 1, "高达": 1, "估计": 1, "骂死": 1, "扣上": 1, "高价": 1, "低配": 1, "称号": 1, "AI": 1, "用处": 1, "毕竟": 5, "高端": 1, "选择": 5, "再次": 1, "扭转": 1, "局面": 1, "谷歌": 7, "美": 1, "软件": 1, "巨头": 3, "服软": 2, "系统": 8, "传出": 2, "鸿蒙": 3, "很多": 21, "关注": 4, "一点": 3, "美国": 27, "事情": 4, "基本上": 3, "企业": 17, "做出": 7, "抵制": 14, "！": 5, "时间": 5, "发展": 10, "大部分": 1, "想要": 3, "合作": 7, "SD卡": 1, "WIFI": 1, "联盟": 1, "取消": 4, "影响力": 1, "表态": 2, "惊讶": 3, "对待": 2, "态度": 3, "不明不白": 1, "刚": 2, "划清": 1, "界限": 1, "政府": 3, "游说": 1, "禁令": 2, "做法": 4, "网友": 2, "松": 1, "一口气": 1, "起码": 1, "阻力": 1, "减少": 1, "一个": 26, "消息": 3, "微软": 10, "商店": 1, "当中": 2, "找": 2, "产品": 26, "足够": 3, "担心": 2, "PC": 3, "业务": 4, "笔记本": 1, "电脑": 14, "行业": 3, "气死": 1, "这次": 1, "Windows": 1, "授权": 1, "国外": 7, "同意": 2, "联名": 1, "上书": 1, "或者是": 1, "放宽": 1, "松动": 1, "迹象": 1, "matebook": 1, "上架": 1, "解释": 1, "符合": 2, "用户": 4, "提供": 2, "更新": 2, "设备": 3, "食用": 1, "发生": 2, "关系": 6, "情况": 4, "处境": 1, "不错": 4, "让步": 1, "前提": 1, "发": 1, "和好": 1, "期待": 2, "文": 1, "：": 4, "凉熙": 1, "去年": 1, "制裁": 5, "中兴": 2, "我国": 2, "产业": 4, "受伤": 1, "猜到": 1, "无非": 1, "强大": 3, "中国": 23, "公开": 3, "压力": 4, "全世界": 2, "人民": 1, "焦点": 2, "技术": 18, "少有": 1, "民营": 1, "承受": 1, "饿": 1, "汗": 1, "质疑": 1, "苹果": 26, "背后": 3, "原因": 5, "记得": 1, "零几": 1, "市场": 18, "天下": 1, "新机": 2, "成千上万": 1, "国产": 9, "才": 7, "几百": 1, "块钱": 1, "好几": 1, "工资": 1, "才能": 1, "仿佛": 1, "象征": 2, "感觉": 2, "倍": 2, "面子": 1, "国内": 9, "越来越": 1, "厉害": 4, "不仅仅": 1, "质量": 1, "大一": 1, "不得不": 2, "确实": 4, "打压": 4, "客观": 1, "声称": 1, "5G": 5, "国家": 8, "运营商": 1, "证明": 1, "无语": 1, "放弃": 3, "专利": 1, "处于": 1, "世界": 3, "前列": 1, "最新": 1, "统计": 2, "全球": 6, "赢得": 1, "46": 1, "订单": 2, "数量": 1, "遥遥领先": 1, "成就": 1, "惧": 1, "困难": 2, "障碍": 1, "奋斗": 1, "决心": 1, "别人": 2, "喝彩": 1, "种种": 1, "国人": 1, "愤恨": 1, "品牌": 19, "无疑": 1, "矛头": 1, "目光": 1, "转向": 1, "科技": 8, "公司": 8, "iPhone": 1, "iPad": 1, "消费者": 6, "喜爱": 1, "理由": 2, "尊敬": 1, "任正非": 7, "尊重": 1, "乔布斯": 1, "有人": 1, "想": 3, "站": 4, "反对": 2, "第一": 7, "听到": 1, "创始人": 2, "仔细": 1, "思考": 1, "信心": 1, "面对": 2, "损害": 1, "利益": 3, "一家": 2, "牺牲": 1, "开放": 1, "政策": 4, "说法": 1, "网友们": 1, "纷纷": 1, "点赞": 1, "良心": 1, "企业家": 1, "永远": 1, "放": 1, "这才": 1, "保障": 2, "实力": 4, "轻易": 1, "销量": 6, "下降": 2, "缺乏": 2, "创新": 1, "定价": 1, "导致": 1, "因素": 2, "库克": 2, "好处": 2, "组装": 1, "生产": 1, "服务": 1, "中心": 1, "工作": 1, "岗位": 1, "产业链": 1, "封杀": 3, "经济": 2, "影响": 4, "相对来说": 1, "损失": 1, "挺": 2, "仅仅": 2, "研发": 4, "陷入": 1, "停滞": 1, "发达": 1, "应急": 1, "措施": 1, "努力": 1, "渡过": 1, "难关": 1, "感谢": 1, "过分": 2, "举动": 1, "实在": 1, "太": 6, "动不动": 1, "国力": 1, "看待": 1, "本文": 2, "不凡": 1, "智库": 1, "原创": 1, "出品": 1, "未经": 1, "许可": 1, "渠道": 2, "平台": 2, "请勿": 1, "转载": 1, "违者": 1, "必究": 1, "4138": 1, "字": 2, "预计": 1, "看完": 1, "至少": 3, "分钟": 1, "敏感": 1, "时期": 1, "代表": 2, "东西": 10, "网民": 1, "电视": 1, "希望": 5, "厌恶": 1, "话题": 1, "带偏": 1, "走向": 1, "深渊": 1, "聊": 2, "贼心": 1, "收敛": 2, "印象": 1, "停留": 1, "970手机": 1, "段": 2, "不堪": 1, "顺利": 1, "天天": 1, "骂": 5, "好坏": 2, "参半": 1, "经历": 1, "认可": 2, "上月球": 1, "难": 5, "相关": 2, "路由器": 1, "什么的": 1, "暂时": 1, "不说": 1, "4": 1, "5": 2, "默默": 2, "提升": 3, "老": 1, "970": 1, "渐渐": 2, "麒麟970": 2, "口碑": 3, "娱乐": 1, "明星": 4, "有名": 2, "成名": 1, "包容": 2, "瑕疵": 1, "新闻": 4, "舆论": 1, "无限": 1, "放大": 1, "抽烟": 1, "路人": 1, "懒得": 1, "抬头": 1, "女": 1, "这几天": 1, "胖": 1, "说三道四": 1, "或许": 2, "树大招风": 1, "逻辑": 2, "接受": 1, "审判": 1, "多年": 2, "像样": 2, "作品": 1, "980": 1, "算是": 1, "短板": 1, "完美": 1, "网络": 7, "留言": 2, "质问": 1, "说话": 1, "媒体": 2, "好话": 1, "这是": 6, "荒谬": 1, "乱七八糟": 1, "吹捧": 2, "慢慢": 3, "调整": 1, "步伐": 1, "潜在": 1, "威胁": 1, "全都": 1, "排除": 1, "掉": 2, "期间": 1, "安静": 2, "份": 1, "辱骂": 1, "24": 1, "小时": 1, "上演": 1, "打开": 1, "APP": 1, "评论": 4, "星球": 1, "大战": 1, "热闹": 1, "无知": 1, "道德": 1, "败坏": 1, "和谐": 1, "一开始": 1, "实名制": 1, "名字": 1, "ID": 1, "正是": 3, "隐藏": 1, "无比": 1, "阴暗面": 1, "蔓延": 1, "660": 3, "脑子": 2, "进屎": 1, "故意": 1, "目的": 1, "恶心": 1, "无耻": 1, "提倡": 1, "分开": 1, "垃圾": 2, "否定": 2, "说成": 1, "公平": 2, "包": 1, "爱国": 1, "小米": 8, "OPPO": 4, "vivo": 5, "一加": 1, "100%": 1, "招黑": 1, "挑起": 1, "厂商": 9, "之间": 1, "口水仗": 1, "数码": 1, "国界": 2, "权利": 2, "享受": 1, "带来": 1, "便利": 1, "；": 4, "外国人": 1, "禁止": 3, "利用": 1, "手段": 1, "他国": 1, "坏人": 2, "胁迫": 1, "这时候": 1, "自已": 2, "踩死": 1, "欺负": 1, "向好": 1, "喜欢": 1, "安乐": 1, "招惹": 1, "赚钱": 2, "人无远虑必有近忧": 1, "有一天": 2, "售卖": 1, "请问": 1, "告诉": 3, "网上": 3, "道理": 1, "基础": 3, "框架": 2, "付出": 2, "N": 2, "心血": 1, "无数": 1, "财力": 1, "物力": 1, "人力": 2, "换来": 2, "本来": 1, "落后": 1, "拼命": 1, "追赶": 1, "落井下石": 1, "残酷": 1, "随便": 1, "理论": 1, "早就": 1, "快": 2, "辛苦": 1, "难度": 1, "专家": 1, "早点": 1, "弄": 2, "挨骂": 1, "没事": 1, "年前": 1, "残忍": 1, "环境": 3, "摆": 1, "开启": 1, "时代": 1, "弱": 1, "包容度": 1, "低": 1, "瓶": 1, "水": 1, "写": 4, "英文": 1, "中文": 1, "小家电": 1, "逼": 1, "注册": 1, "回": 1, "卖": 2, "进口": 1, "花": 1, "擅长": 1, "领域": 2, "商品": 1, "全球化": 1, "带给": 1, "在家": 1, "买到": 2, "无人机": 1, "大疆": 1, "亚马逊": 1, "充电宝": 1, "安克Anker": 1, "N多": 1, "承建": 1, "建设": 1, "只不过": 1, "历史": 1, "中国人": 1, "信任": 1, "诞生": 1, "未来": 2, "意义": 1, "熟悉": 1, "挤": 1, "牙膏式": 1, "方法": 2, "堆": 1, "适合": 1, "麒麟710": 1, "最多": 2, "只能": 1, "不相上下": 1, "办法": 1, "支撑": 1, "1500": 1, "使命": 1, "撑起": 1, "1500-2300": 2, "价位": 2, "区间": 1, "中端机": 2, "竞争": 3, "激烈": 2, "半年": 1, "红米": 2, "抢走": 1, "荣耀": 3, "8": 1, "X": 1, "成绩": 2, "棒": 1, "参数": 5, "硬件": 2, "反而": 1, "拿出": 2, "招架": 1, "冷静": 1, "扯": 1, "跑分": 1, "上手": 1, "体验": 1, "参考": 1, "依据": 1, "盲目": 1, "提高": 1, "预期": 1, "到手": 1, "落差感": 1, "毁掉": 1, "710": 2, "骁龙712": 1, "不住": 1, "很快": 1, "接班": 1, "淘汰": 2, "百元机": 1, "一战": 1, "空间": 1, "摄像头": 2, "卖点": 2, "纠结": 1, "整机": 1, "综合": 1, "热议": 1, "P30": 1, "拍": 2, "月亮": 2, "事件": 1, "本身": 3, "看热闹": 1, "如果说": 1, "忽悠": 2, "功能": 2, "算": 1, "简单": 1, "例子": 1, "混用": 2, "毁": 1, "发布会": 2, "UFS2.1": 1, "吹牛X": 2, "长": 1, "发现": 2, "通道": 1, "速度": 1, "一半": 1, "文字": 1, "游戏": 1, "犯法": 1, "成功": 2, "懂": 1, "页": 1, "从来": 1, "侵犯": 1, "知情权": 1, "客服": 2, "哪家": 2, "商业": 1, "机密": 1, "透露": 2, "三星": 2, "默契": 1, "程度": 1, "所以说": 1, "着想": 1, "写信": 1, "工商局": 1, "请": 1, "官方": 1, "规范": 1, "列表": 1, "关心": 1, "回到": 1, "正题": 1, "用出": 1, "效果": 1, "下结论": 1, "带": 1, "5000": 1, "月薪": 2, "3000": 1, "人和": 1, "10000": 1, "看法": 1, "评价": 2, "起身": 1, "大骂": 1, "立场": 1, "高管": 2, "犯病": 1, "瞎说八道": 1, "身份": 2, "不对": 1, "造势": 1, "五": 1, "梯队": 2, "手机圈": 1, "内容": 1, "消失": 1, "条": 1, "头部": 1, "成型": 1, "拼": 1, "独家": 3, "领先": 1, "设计": 1, "方案": 1, "/": 1, "拍照": 1, "定制": 1, "徕卡": 1, "认证": 1, "加持": 1, "激进": 1, "屏下": 1, "带头": 1, "作用": 2, "120W": 1, "快充": 1, "半屏": 1, "解锁": 1, "iQOO": 1, "友商": 1, "乏力": 1, "后劲": 1, "降": 1, "凶猛": 1, "呈": 1, "趋势": 1, "子品牌": 1, "W": 1, "无线": 1, "充电": 1, "助力": 1, "9": 1, "动静": 1, "独立": 2, "双刃剑": 1, "新鲜": 1, "差异": 1, "外观": 1, "丑": 1, "征服": 1, "回想": 1, "登上": 1, "警告": 1, "恶意": 1, "键盘侠": 1, "死活": 1, "锤子": 1, "钉子": 1, "早晚": 1, "恶言": 1, "代价": 1, "恶言相向": 1, "联想": 10, "绝大部分": 1, "模板": 1, "资金": 2, "只顾": 1, "眼前": 1, "规模": 1, "广告": 1, "拉关系": 1, "舍得": 1, "花钱": 1, "千方百计": 1, "成品": 1, "采购": 1, "项目": 1, "躺": 1, "方式": 2, "膨胀": 1, "好逸恶劳": 1, "习惯": 1, "光鲜": 1, "内涵": 1, "离开": 1, "宠坏": 1, "孩子": 1, "脖子": 1, "上套": 1, "大饼": 1, "吃完": 1, "活活": 1, "饿死": 1, "起家": 1, "差不多": 1, "注重": 1, "当年": 1, "80多亿": 1, "市值": 1, "4000多亿": 1, "区别": 1, "在于": 1, "模式": 4, "造就": 1, "公众": 1, "成立": 1, "初": 1, "技工贸": 1, "创造": 1, "驱动": 1, "消费": 1, "走": 1, "互联网": 1, "路线": 1, "销售": 1, "路子": 1, "资源": 1, "过于": 1, "厚重": 1, "文化": 1, "格格不入": 1, "收购": 4, "麻烦": 1, "涉及": 1, "IBM": 1, "摩托罗拉": 1, "静态": 2, "英特尔": 1, "占据": 2, "主导": 2, "地位": 1, "本质": 1, "制造": 1, "打工仔": 2, "并非": 1, "封闭": 1, "芯片": 5, "安卓": 1, "沦为": 1, "名副其实": 1, "高度": 1, "动态": 1, "必将": 1, "重回": 1, "喧嚣": 1, "操作": 2, "即将": 1, "扶正": 1, "备用": 1, "快速": 1, "催熟": 1, "供应链": 1, "运作": 1, "能力": 1, "嗨": 1, "咯": 1, "收看": 1, "本期": 1, "资讯": 1, "海外": 3, "暴跌": 3, "40%": 1, "实际上": 2, "2019年": 2, "季度": 1, "数据": 1, "显示": 1, "出货量": 2, "依旧": 1, "突飞猛进": 1, "同比": 1, "增长": 1, "百分之50%": 1, "突破": 1, "1亿": 1, "台": 2, "相当于": 1, "秒": 1, "7": 1, "出货": 1, "意味着": 1, "5月份": 2, "列入": 1, "实体": 1, "清单": 1, "Google": 3, "暂停": 2, "Play": 1, "Gmail": 1, "全家": 1, "桶": 1, "安装": 1, "现象": 1, "偏偏": 1, "众": 1, "封锁": 1, "讨好": 2, "排名": 2, "IP": 2, "供应商": 2, "ARM": 6, "被迫": 1, "海思": 1, "近期": 1, "表达": 1, "找到": 1, "解决": 1, "恢复": 1, "愿望": 1, "表面": 1, "示好": 1, "看上去": 1, "有种": 1, "知错": 1, "改": 1, "意味": 1, "——": 1, "孙正义": 4, "的确": 1, "英国": 1, "制造商": 1, "2016年": 1, "320亿": 1, "美元": 1, "软银": 2, "报道": 1, "6月": 1, "22日": 1, "集团": 1, "董事长": 1, "未": 1, "下令": 1, "停止": 1, "供货": 1, "终止": 1, "伙伴": 1, "检查": 1, "出口": 1, "含有": 1, "25%": 1, "更多": 1, "这下": 1, "八面玲珑": 1, "留": 1, "后手": 1, "修复": 1, "小人": 1, "计": 1, "前嫌": 1, "原谅": 1, "讨论": 1}