[{"text": "\nOIEEE对华为发禁令，只会逼出更多科学家的反抗！ | 科技袁人来啦来啦，这周的LITE是之前已经预告过的，袁老师来为大家讲一讲关于“IEEE对华为发布禁令”整个事件的来龙去脉。其实听完袁老师的分析就能感受到，这个所谓“禁令”本身并没有那么大的影响，并且IEEE自己也很快撤回了。但是袁老师也强调了，这种做法在道义和社会影响上仍是十 ​  展开全文c \nOIEEE对华为发禁令，只会逼出更多科学家的反抗！ | 科技袁人来啦来啦，这周的LITE是之前已经预告过的，袁老师来为大家讲一讲关于“IEEE对华为发布禁令”整个事件的来龙去脉。其实听完袁老师的分析就能感受到，这个所谓“禁令”本身并没有那么大的影响，并且IEEE自己也很快撤回了。但是袁老师也强调了，这种做法在道义和社会影响上仍是十分恶劣的，是典型“恶政影响科学”的例子，最后也确实引发了许多科学界人士对IEEE表达了极大的失望。当然了，这种事件也有“好”的一面：那就是如同美国在芯片方面的威逼反倒更能让中国下定决心发展自己的芯片一样，IEEE的做法又再次教育了中国、教育了全世界其他国家，大家还是要自己搞好自己的各种科学组织、协会，或者总部不在美国的此类协会未来反而会是个优势了……视频链接哔哩哔哩：L【科技袁人】IEEE对华为发禁令，只会逼出更多科学家的反抗！ 收起全文d\n", "author": "中科大胡不归", "time": "中科大胡不归2019年06月08日20:11 来自微博weibo.com", "transmit": " 转发 33", "comment": "评论 18", "zan": " 73"}]