[{"text": "\n                    【IEEE限制华为 候任主席表示震惊】将于2020年1月1日起担任IEEE总主席的北京理工大学日籍教授福田敏男，是在看到IEEE会员、北京大学教授张海霞给他的公开信时才得知此事，他表示“十分震惊”。福田敏男表示，他事先并不知情，也不了解目前IEEE的具体决策过程。他个人认为IEEE的做法欠妥，有违“学术共 ​  展开全文c \n                    【IEEE限制华为 候任主席表示震惊】将于2020年1月1日起担任IEEE总主席的北京理工大学日籍教授福田敏男，是在看到IEEE会员、北京大学教授张海霞给他的公开信时才得知此事，他表示“十分震惊”。福田敏男表示，他事先并不知情，也不了解目前IEEE的具体决策过程。他个人认为IEEE的做法欠妥，有违“学术共同体基本价值观”，并表示明年上任后将致力于促进全球化的科技合作与交流。OIEEE限制华为 候任主席表示震惊 收起全文d\n", "author": "中国青年报", "time": "中国青年报2019年05月31日11:00 来自微博weibo.com", "transmit": " 转发 10", "comment": "评论 12", "zan": " 46"}, {"text": "\n                    【退出IEEE的北大教授：即使不是华为，也会抗议到底】29日宣布退出IEEE（电气电子工程师学会）的北京大学信息科学技术学院教授张海霞表示：我抗议的是给科学戴上有色眼镜的行为，不管所涉企业是不是华为，我都会抗议到底。我想对影响IEEE决策的力量说，政治走开。@人民网 L共青团中央的秒拍视频 ​                ", "author": "共青团中央", "time": "共青团中央2019年05月31日12:29 来自微博weibo.com", "transmit": " 转发 722", "comment": "评论 563", "zan": " 9449"}, {"text": "\n#中国计算机学会发表声明#中国计算机学会（简称CCF）发表“关于IEEE通信学会不当行为的声明”，表示暂时中止与IEEE通信学会的交流与合作。事情的起因就是因为ieee把华为赶出来了，ccf此举就是为了声援华为。毫无疑问ieee的动作是有美国授意的，再次打破了某些公知所谓的科学无国界的说法，毕竟还有后 ​  展开全文c \n#中国计算机学会发表声明#中国计算机学会（简称CCF）发表“关于IEEE通信学会不当行为的声明”，表示暂时中止与IEEE通信学会的交流与合作。事情的起因就是因为ieee把华为赶出来了，ccf此举就是为了声援华为。毫无疑问ieee的动作是有美国授意的，再次打破了某些公知所谓的科学无国界的说法，毕竟还有后半句：科学家是有国界的。其实这样挺好的，现在美国把各个阶层中的亲美势力打压的不行，把中立派彻底推向了我们的阵营，何况我们现在的计算机学科的水平虽然不比美国，但是也已经相当高了，如果要把我们隔离开，没准能提速发展呢。。。 收起全文d\n", "author": "贼叉", "time": "贼叉2019年05月31日08:54 来自当世黎曼Android", "transmit": " 转发 16", "comment": "评论 18", "zan": " 156"}, {"text": "\n#北京身边事# 【北大教授退出IEEE编委，回应称：损伤了所有学术人的基本底线】5月29日，IEEE通过邮件宣布华为员工将被禁止作为旗下期刊杂志的编辑和审稿人。北京大学教授、IEEE编委张海霞发声明申请退出编委会，她回应：IEEE的决定损伤了所有科学家、学术人的基本底线。老板联播L老板联播的秒拍视频 ​                ", "author": "北京人的那些事", "time": "北京人的那些事2019年05月31日12:47 来自微博weibo.com", "transmit": " 转发 652", "comment": "评论 645", "zan": " 741"}, {"text": "\n                    【美国霸权让科学蒙羞】国际电气与电子工程师协会（简称IEEE）禁止华为员工参与其学会下的学术期刊的审稿活动引发世界舆论哗然。有专家学者指出，IEEE是一个具有极高学术权威性的国际机构，此次遵从美国的行政法令，丧失了一个国际学术组织应有的政治独立，令人惊诧。此次IEEE的行为着实打了美国所谓“ ​  展开全文c \n                    【美国霸权让科学蒙羞】国际电气与电子工程师协会（简称IEEE）禁止华为员工参与其学会下的学术期刊的审稿活动引发世界舆论哗然。有专家学者指出，IEEE是一个具有极高学术权威性的国际机构，此次遵从美国的行政法令，丧失了一个国际学术组织应有的政治独立，令人惊诧。此次IEEE的行为着实打了美国所谓“学术自由”一记响亮的耳光。O美国霸权让科学蒙羞 收起全文d\n", "author": "光明日报", "time": "光明日报2019年05月31日10:45 来自微博weibo.com", "transmit": " 转发 25", "comment": "评论 15", "zan": " 162"}, {"text": "\n                    本人声明：作为IEEE Transactions on Computational Social Systems主编，本人至今沒有收到IEEE关于华为的来信。当然，收到也不可能执行。相反，欢迎华为职员投稿并参与编辑部。“关于“IEEE华为事件”的个人看法” 全文链接：O网页链接或O网页链接 ​                ", "author": "中科院王飞跃", "time": "中科院王飞跃2019年05月31日16:10 来自微博weibo.com", "transmit": " 转发 21", "comment": "评论 8", "zan": " 30"}, {"text": "\n                    【IEEE主席邮件透露：已与美国商务部展开对话 争取学术活动不受干扰】有关电气电子工程师学会（IEEE）限制中国华为公司员工的事件继续发酵。今天，中国青年报·中青在线记者独家获得的IEEE主席、理事之间的内部邮件显示，IEEE已指示外部法律顾问立即展开与美国商务部的对话，讨论美国法规对出版物的同行 ​  展开全文c \n                    【IEEE主席邮件透露：已与美国商务部展开对话 争取学术活动不受干扰】有关电气电子工程师学会（IEEE）限制中国华为公司员工的事件继续发酵。今天，中国青年报·中青在线记者独家获得的IEEE主席、理事之间的内部邮件显示，IEEE已指示外部法律顾问立即展开与美国商务部的对话，讨论美国法规对出版物的同行评审的影响，并在必要时寻求许可，允许此类活动不受干扰地进行。（中国青年报·中青在线记者 张均斌）OIEEE主席邮件透露：已与美国商务部展开对话 争取学术活动不受干扰 收起全文d\n", "author": "中国青年报", "time": "中国青年报2019年05月31日22:27 来自360安全浏览器", "transmit": " 转发 24", "comment": "评论 29", "zan": " 143"}, {"text": "\n                    给IEEE中国分公司去了个电话，他们说接受财富中文网采访的那位袁昱博士是IEEE标准委员会的董事，但也表示他的身份是志愿者，所以说的话并不能代表IEEE的官方态度。这恐怕也是袁博士在接受采访时也表示他的观点只代表他自己。也就是说，他说IEEE是在保护华为，是从他对于IEEE的认识出发给出的个人看法 ​  展开全文c \n                    给IEEE中国分公司去了个电话，他们说接受财富中文网采访的那位袁昱博士是IEEE标准委员会的董事，但也表示他的身份是志愿者，所以说的话并不能代表IEEE的官方态度。这恐怕也是袁博士在接受采访时也表示他的观点只代表他自己。也就是说，他说IEEE是在保护华为，是从他对于IEEE的认识出发给出的个人看法，并不是IEEE的官方口径。 收起全文d\n", "author": "耿直的阿拉斯加猪", "time": "耿直的阿拉斯加猪2019年05月31日11:01 来自微博weibo.com", "transmit": " 转发 18", "comment": "评论 18", "zan": " 244"}, {"text": "\nIEEE事件这笔账当然首先要算到美国政客头上。但是IEEE内部有没有拉大旗作虎皮、拿着鸡毛当令箭、借口守法打击异己的人？我看不能排除。为什么大家都已经知道了美国政府正在围剿华为，但听到IEEE这些针对华为员工的措施依然感到错愕？这是因为我们内心深处还存在一种希望，就是类似于IEEE这样的学术组 ​  展开全文c \nIEEE事件这笔账当然首先要算到美国政客头上。但是IEEE内部有没有拉大旗作虎皮、拿着鸡毛当令箭、借口守法打击异己的人？我看不能排除。为什么大家都已经知道了美国政府正在围剿华为，但听到IEEE这些针对华为员工的措施依然感到错愕？这是因为我们内心深处还存在一种希望，就是类似于IEEE这样的学术组织能够坚持自己的学术良知，坚持学术事学术了的基本原则，但这样一种希望破灭了。这件事要害不在于IEEE要不要守法，不在于它对华为产生的实际影响有多大，而是IEEE要守的是什么法的问题。美国要制裁华为，禁止华为产品进入美国市场还可以理解，禁止一切美国公司跟华为公司打交道就属于野蛮，禁止一切用到美国技术的外国公司与华为打交道就属于赤裸裸的霸道行径。而IEEE的通知更进一步，连华为的员工都被列入黑名单了。一个人，不是因为自身的原因，而仅仅是因为某个身份就被拉黑，这是赤裸裸的歧视。对于歧视我们并不陌生。经历过文革的我们都知道过去有所谓“黑五类”，一个人不是因为自己的过错而仅仅因为家庭出身就被剥夺了很多权利，如果我们认为这是不对的，那么IEEE禁止华为员工审稿也是一样的性质，同样也是不对的。对歧视行为提出批评，进行抵制，是正当的，不是道德绑架，应该给与支持，而不是站在一边空谈“守法”，或者冷嘲热讽。据说国际上也有一些学者提出了抗议，这样的声音不应该被淹没。IEEE内部某些人没有勇气做自我批评，那就只能靠别人的批评和抗议来促使其进步了。 收起全文d\n", "author": "飞蠓", "time": "飞蠓2019年05月31日16:06 来自微博weibo.com", "transmit": " 转发 27", "comment": "评论 6", "zan": " 52"}, {"text": "\n                    【全球最大专业技术学会 IEEE禁华为专家审稿】全球最大专业技术学会——电气和电子工程师协会（IEEE）昨天发声明证实传言，承认限制华为员工参与旗下期刊杂志的编辑和审稿工作。O全球最大专业技术学会 IEEE禁华为专家审稿 ​                ", "author": "早报网", "time": "早报网2019年05月31日11:41 来自微博weibo.com", "transmit": " 转发 14", "comment": "评论 63", "zan": " 198"}, {"text": "\n                    【IEEE主席邮件透露：已与美国商务部展开对话 争取学术活动不受干扰】有关电气电子工程师学会（IEEE）限制中国华为公司员工的事件继续发酵。今天，中国青年报·中青在线记者独家获得的IEEE主席、理事之间的内部邮件显示，IEEE已指示外部法律顾问立即展开与美国商务部的对话，讨论美国法规对出版物的同行 ​  展开全文c \n                    【IEEE主席邮件透露：已与美国商务部展开对话 争取学术活动不受干扰】有关电气电子工程师学会（IEEE）限制中国华为公司员工的事件继续发酵。今天，中国青年报·中青在线记者独家获得的IEEE主席、理事之间的内部邮件显示，IEEE已指示外部法律顾问立即展开与美国商务部的对话，讨论美国法规对出版物的同行评审的影响，并在必要时寻求许可，允许此类活动不受干扰地进行。（来源：中国青年报）OIEEE主席邮件透露：已与美国商务部展开对话 争取学术活动不受干扰 收起全文d\n", "author": "知识分子", "time": "知识分子2019年05月31日23:30 来自iPhoneXS", "transmit": " 转发 40", "comment": "评论 9", "zan": " 70"}, {"text": "\n                    【科技日报谈IEEE限令：看似被逼无奈 实则贻笑大方】5月29日，朋友圈被一条消息刷屏：IEEE（国际电气与电子工程师协会）邮件曝光，将禁止华为员工担任审稿人。30日一早，IEEE发布中英文官方声明予以承认，但宣称“对全球IEEE会员影响轻微”。国际学术组织繁荣发展之本在于汇聚全球顶尖人才、搭建开放共 ​  展开全文c \n                    【科技日报谈IEEE限令：看似被逼无奈 实则贻笑大方】5月29日，朋友圈被一条消息刷屏：IEEE（国际电气与电子工程师协会）邮件曝光，将禁止华为员工担任审稿人。30日一早，IEEE发布中英文官方声明予以承认，但宣称“对全球IEEE会员影响轻微”。国际学术组织繁荣发展之本在于汇聚全球顶尖人才、搭建开放共赢交流平台、推动人类科技发展，被迫也好、自愿也罢，IEEE“损人不利己”的招数，只能贻笑大方。O科技日报谈IEEE限令：看似被逼无奈 实则贻笑大方 收起全文d\n", "author": "新浪财经", "time": "新浪财经2019年05月31日10:16 来自微博weibo.com", "transmit": " 转发 47", "comment": "评论 50", "zan": " 280"}, {"text": "\n                    【《科技日报》谈IEEE限令：看似“被逼无奈” 实则贻笑大方】5月29日，朋友圈被一条消息刷屏：IEEE（国际电气与电子工程师协会）邮件曝光，将禁止华为员工担任审稿人。30日一早，IEEE发布中英文官方声明予以承认，但宣称“对全球IEEE会员影响轻微”。IEEE在声明中表示，其出台限令的原因是：作为一个在 ​  展开全文c \n                    【《科技日报》谈IEEE限令：看似“被逼无奈” 实则贻笑大方】5月29日，朋友圈被一条消息刷屏：IEEE（国际电气与电子工程师协会）邮件曝光，将禁止华为员工担任审稿人。30日一早，IEEE发布中英文官方声明予以承认，但宣称“对全球IEEE会员影响轻微”。IEEE在声明中表示，其出台限令的原因是：作为一个在纽约注册的非政治性、非营利组织，其必须遵守美国及其他地区管辖权内规定的法律义务，否则将面临“重大的民事或刑事处罚，包括罚款或监禁”。看起来“被逼无奈”且“无辜”。可是，根据笔者找到的IEEE几份文件，发现这事儿远不是那么简单。（详情请点击链接：O《科技日报》谈IEEE限令：看似“被逼无奈” 实则贻笑大方）#IEEE限令 贻笑大方# via科技日报 收起全文d\n", "author": "环球网", "time": "环球网2019年05月31日09:10", "transmit": " 转发 50", "comment": "评论 32", "zan": " 230"}, {"text": "\n                    【独家专访北大退出IEEE教授：对影响IEEE决策的力量说 政治走开】5月30日，宣布退出IEEE的北京大学信息科学技术学院教授张海霞接受人民网强国论坛独家专访。她表示，我抗议的是给科学戴上有色眼镜的行为，不管所涉企业是不是华为，我都会抗议到底。我想对影响IEEE决策的力量说，政治走开。 ​  展开全文c \n                    【独家专访北大退出IEEE教授：对影响IEEE决策的力量说 政治走开】5月30日，宣布退出IEEE的北京大学信息科学技术学院教授张海霞接受人民网强国论坛独家专访。她表示，我抗议的是给科学戴上有色眼镜的行为，不管所涉企业是不是华为，我都会抗议到底。我想对影响IEEE决策的力量说，政治走开。L人民视频的秒拍视频 收起全文d\n", "author": "人民视频", "time": "人民视频2019年05月31日10:48 来自微博weibo.com", "transmit": " 转发 28", "comment": "评论 11", "zan": " 244"}, {"text": "\n                    【北大退出IEEE教授：对影响IEEE决策的力量说，政治走开】5月30日，宣布退出IEEE的北京大学信息科学技术学院教授张海霞接受人民网强国论坛独家专访。她表示，我抗议的是给科学戴上有色眼镜的行为，不管所涉企业是不是华为，我都会抗议到底。我想对影响IEEE决策的力量说，政治走开。 ​  展开全文c \n                    【北大退出IEEE教授：对影响IEEE决策的力量说，政治走开】5月30日，宣布退出IEEE的北京大学信息科学技术学院教授张海霞接受人民网强国论坛独家专访。她表示，我抗议的是给科学戴上有色眼镜的行为，不管所涉企业是不是华为，我都会抗议到底。我想对影响IEEE决策的力量说，政治走开。L人民视频的秒拍视频 @人民视频 收起全文d\n", "author": "虎嗅APP", "time": "虎嗅APP2019年05月31日14:13", "transmit": " 转发 9", "comment": "评论 26", "zan": " 79"}]