[{"text": "\n                    不久前，IEEE对华为员工及华为资助的个人参与审稿作出无理限制，此后又修正了错误，解除对华为员工限制。由此，也引出了一场“科学无国界”和“科学组织有祖国”的讨论。观察者网采访了在中美高科技企业都有多年工作和投资经验的吴军博士，刚出版了《全球科技通史》的他指出，信息交流对科技发展具有重 ​  展开全文c \n                    不久前，IEEE对华为员工及华为资助的个人参与审稿作出无理限制，此后又修正了错误，解除对华为员工限制。由此，也引出了一场“科学无国界”和“科学组织有祖国”的讨论。观察者网采访了在中美高科技企业都有多年工作和投资经验的吴军博士，刚出版了《全球科技通史》的他指出，信息交流对科技发展具有重要意义，并认为：现在世界上科学基本是一家，科学还是无国界的，因为它毕竟是一套方法系统，不是一个政治观点。 O专访吴军：科学无国界，因为科学是方法而非政治 收起全文d\n", "author": "科工力量", "time": "科工力量2019年06月05日21:03 来自微博weibo.com", "transmit": " 转发 56", "comment": "评论 8", "zan": " 63"}, {"text": "\n                    本期袁周虑话题：脑控武器；火星地下冰层；1400万的天价药；灭蚊真菌；IEEE对华为禁令。话说对蚊生化武器，怎么没有同学抽啊？L【科技袁周虑】先是断供，又来禁令，对付华为还要用多少手段？ ​                ", "author": "中科大胡不归", "time": "中科大胡不归2019年06月05日07:29 来自微博weibo.com", "transmit": " 转发 4", "comment": "评论 3", "zan": " 30"}, {"text": "\n                    【科技自立到科技自信，没有什么可以难倒华为】这是一个完全靠实力说话的时代。美国的大棒策略虽然高高举起，却在无奈中软软落下。6月3日，美国电气和电子工程师协会（IEEE）作出声明更新，解除对华为员工编辑和同行评审活动的限制……详情点击：O科技自立到科技自信，没有什么可以难倒华为 ​                ", "author": "IT之家", "time": "IT之家2019年06月05日21:03 来自IT之家", "transmit": " 转发 6", "comment": "评论 10", "zan": " 32"}]