[{"text": "\n#IEEE承认限制华为人参与论文审稿#【#IEEE发声明#：承认限制华为人参与论文审稿】@中国青年报 报道，国际电气与电子工程师协会（简称IEEE）今天早晨在其中文官网发布一份中英文声明说：“美国政府的法规限制了华为公司及其员工无法参与IEEE一些通常不向公众开放的活动，包括一部分的出版物的同行评议和 ​  展开全文c \n#IEEE承认限制华为人参与论文审稿#【#IEEE发声明#：承认限制华为人参与论文审稿】@中国青年报 报道，国际电气与电子工程师协会（简称IEEE）今天早晨在其中文官网发布一份中英文声明说：“美国政府的法规限制了华为公司及其员工无法参与IEEE一些通常不向公众开放的活动，包括一部分的出版物的同行评议和编辑过程，而IEEE需要合规。截至目前，已有来自北京大学、清华大学等高校的IEEE会员就此提出抗议。OIEEE发声明：承认限制华为人参与论文审稿 收起全文d\n", "author": "新浪财经", "time": "新浪财经2019年05月30日10:01 来自微博weibo.com", "transmit": " 转发 378", "comment": "评论 44", "zan": " 1737"}, {"text": "\n                    【怒退IEEE北大教授：将企业列“黑名单”，全世界的科学家都不能忍】29日，一则“IEEE下令清理华为系审稿人”的消息在中国网友中引起广泛关注。消息显示，IEEE(Institute of Electrical and Electronics Engineers，国际电气与电子工程师协会)在一封邮件中，禁止华为员工作为旗下期刊杂志的编辑和审稿 ​  展开全文c \n                    【怒退IEEE北大教授：将企业列“黑名单”，全世界的科学家都不能忍】29日，一则“IEEE下令清理华为系审稿人”的消息在中国网友中引起广泛关注。消息显示，IEEE(Institute of Electrical and Electronics Engineers，国际电气与电子工程师协会)在一封邮件中，禁止华为员工作为旗下期刊杂志的编辑和审稿人，拿过华为科研经费的也不能作为审稿人。邮件被曝光之后，立即在学术圈引起轩然大波。北京大学信息科学技术学院教授张海霞29日公开致信IEEE 主席称，此举远超出一个学术人可以接受的底线，“做为IEEE 的会员和期刊编委，我必须表明自己的态度：我申请退出我所在的两个IEEE 期刊的编委会”。当天，张海霞就此事接受了《环球时报》的专访。O怒退IEEE北大教授：将企业列“黑名单”，全世界的科学家都不能忍 收起全文d\n", "author": "环球时报", "time": "环球时报2019年05月30日00:00 来自微博weibo.com", "transmit": " 转发 329", "comment": "评论 237", "zan": " 1156"}, {"text": "\n#CCF暂时中止与IEEE合作#【反击！中国计算机学会：IEEE通信学会行为不当，暂时中止交流合作】5月30日，@中国计算机学会CCF 就IEEE通信学会不当行为发表声明。CCF将暂时中止与ComSoc的交流与合作；不建议CCF会员向任何ComSoc主办的会议和刊物投稿；建议CCF会员不参加ComSoc主办的刊物和会议的审稿和其他 ​  展开全文c \n#CCF暂时中止与IEEE合作#【反击！中国计算机学会：IEEE通信学会行为不当，暂时中止交流合作】5月30日，@中国计算机学会CCF 就IEEE通信学会不当行为发表声明。CCF将暂时中止与ComSoc的交流与合作；不建议CCF会员向任何ComSoc主办的会议和刊物投稿；建议CCF会员不参加ComSoc主办的刊物和会议的审稿和其他学术评价活动。CCF上述行动即刻生效。#IEEE承认限制华为人参与论文审稿##IEEE禁止华为系审稿人# #北大教授退出IEEE编委#O反击！中国计算机学会：IEEE通信学会行为不当，暂时中止交流合作 收起全文d\n", "author": "每日经济新闻", "time": "每日经济新闻2019年05月30日19:29 来自微博weibo.com", "transmit": " 转发 41", "comment": "评论 28", "zan": " 333"}, {"text": "\nIEEE声明承认限制华为人参与论文审稿……说好的学术无国界呢？ ​                ", "author": "共青团中央", "time": "共青团中央2019年05月30日13:34", "transmit": " 转发 650", "comment": "评论 1180", "zan": " 4969"}, {"text": "\n#清华副教授将辞去IEEE职务#【清华副教授刘奕群斥责IEEE做法：将按程序辞去该学会职务】5月29日中午，正准备给本科生答辩的IEEE NTC北京分会主席、北京大学教授张海霞从朋友处惊闻，“IEEE通过邮件宣布华为员工将被禁止作为旗下期刊杂志的编辑和审稿人。自“IEEE（电气电子工程师学会）禁止华为系专家 ​  展开全文c \n#清华副教授将辞去IEEE职务#【清华副教授刘奕群斥责IEEE做法：将按程序辞去该学会职务】5月29日中午，正准备给本科生答辩的IEEE NTC北京分会主席、北京大学教授张海霞从朋友处惊闻，“IEEE通过邮件宣布华为员工将被禁止作为旗下期刊杂志的编辑和审稿人。自“IEEE（电气电子工程师学会）禁止华为系专家参与期刊评审”事件发酵以来，多位国内学者专家公开表示抗议。有消息称，清华大学计算机科学与技术系副教授刘奕群也将辞去其在IEEE的相关学术职务。5月30日，刘奕群向澎湃新闻确认该消息，表示“个人承担的IEEE相关学术职务会尽快按流程辞掉”，同时“跟学生要求不要投稿任何IEEE组织的会议和期刊”。O清华副教授刘奕群斥责IEEE做法：将按程序辞去该学会职务 收起全文d\n", "author": "澎湃新闻", "time": "澎湃新闻2019年05月30日12:48 来自微博weibo.com", "transmit": " 转发 105", "comment": "评论 157", "zan": " 482"}, {"text": "\n#IEEE标准协会董事回应华为事件#【IEEE标准协会唯一中国籍董事回应：对华为员工的影响有限】IEEE技术理事会标准委员会委员袁昱博士接受《财富》采访时澄清了关于华为的几个问题：1、IEEE禁止华为参加IEEE“闭门会议”，但“闭门会议”几乎是IEEE关于“财务”、“法务”以及“人事任命”等内部行政会 ​  展开全文c \n#IEEE标准协会董事回应华为事件#【IEEE标准协会唯一中国籍董事回应：对华为员工的影响有限】IEEE技术理事会标准委员会委员袁昱博士接受《财富》采访时澄清了关于华为的几个问题：1、IEEE禁止华为参加IEEE“闭门会议”，但“闭门会议”几乎是IEEE关于“财务”、“法务”以及“人事任命”等内部行政会议，与通信标准制定无关。而华为被允许参加的会议，恰恰与标准制定相关。2、另外，华为员工被禁止作为旗下期刊杂志的编辑和审稿人，实际上类似“停薪留职”。唯一的限制是不能在学术论文稿件被录用前参与同行评审。唯一的区别是，华为员工无法看到未被录用的论文，但依旧可以看到已被录用的论文。袁昱认为，未被录用的论文理论上来说，其价值没有被录用的论文价值大。对华为员工的影响仅仅是不能在审稿阶段看到将被拒稿的论文而已。3、华为员工可以正常参加并出席IEEE赞助的学术会议及活动，并可以赞助或接受IEEE的奖项。与华为有关的会员还可以正常参加商务、后勤和其他会议，包括参与学术大会的策划。 收起全文d\n", "author": "中国日报", "time": "中国日报2019年05月30日15:13 来自微博weibo.com", "transmit": " 转发 40", "comment": "评论 77", "zan": " 413"}, {"text": "\n                    【IEEE无法邀请华为雇员担任编辑 @中国计算机学会CCF 回应】近日，电子电气工程师学会(IEEE)旗下的通信学会给该学会所属刊物的主编并通过主编向编委发出通知，要求禁止来自华为的员工参加审稿等学术评价活动，此事引发热议。30日，中国计算机学会(CCF)官方微博发表声明回应。 OIEEE无法邀请华为雇员担任编辑 中国计算机学会CCF：暂时中止交流合作 ​                ", "author": "中国新闻网", "time": "中国新闻网2019年05月30日18:44 来自微博weibo.com", "transmit": " 转发 46", "comment": "评论 38", "zan": " 274"}, {"text": "\n华为又被限了，这次战火延展到学术界，全球最大规模的信息类国际学术组织IEEE宣布禁止华为人士参与相关的学术活动。所有的国际学术组织都宣称不受政治影响，这不是赤裸裸地打脸吗？这件事有积极的一面，那就是撕开了美国虚伪宣传的面纱，让国人看得更明白了。有人诧异美国咋这样了？并把问题归结 ​  展开全文c \n华为又被限了，这次战火延展到学术界，全球最大规模的信息类国际学术组织IEEE宣布禁止华为人士参与相关的学术活动。所有的国际学术组织都宣称不受政治影响，这不是赤裸裸地打脸吗？这件事有积极的一面，那就是撕开了美国虚伪宣传的面纱，让国人看得更明白了。有人诧异美国咋这样了？并把问题归结到特朗普身上，其实美国一直就是这样，只是你以前不知道而已。例如十多年前我们想打破美国的标准垄断，提出了一个更安全的TePA技术，并成功纳入到国际标准提案。蹊跷来了，每到标准的国际会议前夕，美国政府利用会议在美国召开的便利，就不给中方技术专家签证，然后提案被拖黄了，这种流氓招数居然用了好几次。更气人的是，等大会结束了，签证就下来了。更更气人的是，带队领导、翻译、文员的签证不卡，就卡那几个核心技术专家。一项普通的国际标准申请和在美国注册技术专利，居然经过了四届中美贸易会议，三任总理磋商，历时八年才算完成。一项技术的生命周期能有多长？八年啊，抗战都打完了。 收起全文d\n", "author": "奥卡姆剃刀", "time": "奥卡姆剃刀2019年05月30日11:10 来自HUAWEIMate20Pro", "transmit": " 转发 461", "comment": "评论 310", "zan": " 570"}, {"text": "\n                    【#IEEE承认限制华为人参与论文审稿#】国际电气与电子工程师协会（简称IEEE）北京时间今天早晨在其中文官网发布一份中英文声明说：“美国政府的法规限制了华为公司及其员工无法参与IEEE一些通常不向公众开放的活动，包括一部分的出版物的同行评议和编辑过程，而IEEE需要合规。”IEEE表示，2019年5月1 ​  展开全文c \n                    【#IEEE承认限制华为人参与论文审稿#】国际电气与电子工程师协会（简称IEEE）北京时间今天早晨在其中文官网发布一份中英文声明说：“美国政府的法规限制了华为公司及其员工无法参与IEEE一些通常不向公众开放的活动，包括一部分的出版物的同行评议和编辑过程，而IEEE需要合规。”IEEE表示，2019年5月16日，负责执行美国出口管制条例的美国商务部工业和安全局（简称“BIS”）将华为加入限制名单。违反出口管制条例的行为将受到重大的民事或刑事处罚，包括罚款或监禁。“作为一个在美国纽约注册的非政治性，非营利组织，IEEE必须遵守美国及其他地区管辖权内规定的法律义务，遵守这些法规能保护IEEE及其志愿者与全体会员。”截至目前，已有来自北京大学、清华大学等高校的IEEE会员就此提出抗议。@中国青年报 收起全文d\n", "author": "中国新闻周刊", "time": "中国新闻周刊2019年05月30日11:34 来自微博weibo.com", "transmit": " 转发 39", "comment": "评论 54", "zan": " 71"}, {"text": "\n                    【#清华副教授将辞去IEEE职务#，抗议IEEE限制华为人参与论文审稿】自“IEEE禁止华为系专家参与期刊评审”事件发酵以来，多位国内学者专家公开表示抗议。有消息称，清华大学计算机科学与技术系副教授刘奕群也将辞去其在IEEE的相关学术职务。北大教授张海霞也表示决定申请退出IEEE编委会，IEEE的行为违 ​  展开全文c \n                    【#清华副教授将辞去IEEE职务#，抗议IEEE限制华为人参与论文审稿】自“IEEE禁止华为系专家参与期刊评审”事件发酵以来，多位国内学者专家公开表示抗议。有消息称，清华大学计算机科学与技术系副教授刘奕群也将辞去其在IEEE的相关学术职务。北大教授张海霞也表示决定申请退出IEEE编委会，IEEE的行为违背了其作为一个科学家应该公平公开公正对科学问题发表意见的基本职业操守，违背了她的底线。O清华副教授刘奕群斥责IEEE做法：将按程序辞去该学会职务 收起全文d\n", "author": "第一财经日报", "time": "第一财经日报2019年05月30日13:48 来自微博weibo.com", "transmit": " 转发 13", "comment": "评论 25", "zan": " 104"}, {"text": "\n                    『IEEE标准协会唯一中国籍董事独家回复：最大程度保护华为』今早10点，IEEE标准协会唯一中国籍董事袁昱在与《财富》（中文版）的电话采访中解释称，和大众认知恰恰相反，IEEE在尽最大可能与努力保护华为。#IEEE中国籍董事回应# OIEEE标准协会唯一中国籍董事独家回复：最大程度保护华为 ​                ", "author": "财富中文网", "time": "财富中文网2019年05月30日12:55 来自微博weibo.com", "transmit": " 转发 459", "comment": "评论 184", "zan": " 193"}, {"text": "\n                    【#IEEE承认限制华为员工参与审稿#：必须遵守美国的法规】国际电气与电子工程师协会（IEEE）今天在其官网发布声明承认限制华为员工的参与审稿。声明原文称：“相关美国政府的法规限制了华为公司及其员工无法参与IEEE一些通常不向公众开放的活动，包括一部分的出版物的同行评议和编辑过程，而IEEE需要合 ​  展开全文c \n                    【#IEEE承认限制华为员工参与审稿#：必须遵守美国的法规】国际电气与电子工程师协会（IEEE）今天在其官网发布声明承认限制华为员工的参与审稿。声明原文称：“相关美国政府的法规限制了华为公司及其员工无法参与IEEE一些通常不向公众开放的活动，包括一部分的出版物的同行评议和编辑过程，而IEEE需要合规。”然而，华为员工还可以继续正常保持IEEE个人及企业会员资格，并行使投票权等其他权益。（中国日报） 收起全文d\n", "author": "环球网", "time": "环球网2019年05月30日10:30", "transmit": " 转发 58", "comment": "评论 92", "zan": " 77"}, {"text": "\n                    【IEEE承认限制华为人参与论文审稿】国际电气与电子工程师协会（简称IEEE）今早在其中文官网发布一份中英文声明说：“美国政府的法规限制了华为公司及其员工无法参与IEEE一些通常不向公众开放的活动，包括一部分的出版物的同行评议和编辑过程，而IEEE需要合规。”OIEEE承认限制华为人参与论文审稿 ​                ", "author": "早报网", "time": "早报网2019年05月30日15:51 来自微博weibo.com", "transmit": " 转发 260", "comment": "评论 166", "zan": " 674"}, {"text": "\n                    【#IEEE承认限制华为人参与论文审稿#，称对全球会员影响轻微，网友：学术无国界！】5月30日，国际电气与电子工程师协会（简称IEEE）发布中英文声明称，美国政府限制了华为及其员工无法参与IEEE一些不开放活动，包括一部分的出版物的同行评议和编辑过程，而IEEE需合规。@老板联播 L老板联播的秒拍视频 ​                ", "author": "梨视频", "time": "梨视频2019年05月30日11:48 来自微博weibo.com", "transmit": " 转发 23", "comment": "评论 42", "zan": " 84"}, {"text": "\n                    【北大教授张海霞答中青报：这件事挑战了全世界的科学家】5月29日，一封涉及国际电气与电子工程师协会（简称IEEE）的电子邮件被公开。邮件中称，由于美国商务部工业和安全局（BIS）将中国企业华为公司列入管制“实体名单”，IEEE将无法邀请华为公司雇员担任旗下学术期刊的审稿人或编辑，否则可能产生严 ​  展开全文c \n                    【北大教授张海霞答中青报：这件事挑战了全世界的科学家】5月29日，一封涉及国际电气与电子工程师协会（简称IEEE）的电子邮件被公开。邮件中称，由于美国商务部工业和安全局（BIS）将中国企业华为公司列入管制“实体名单”，IEEE将无法邀请华为公司雇员担任旗下学术期刊的审稿人或编辑，否则可能产生严重的法律影响。就此，IEEE会员、北京大学信息科学技术学院教授张海霞发表公开信表示，作为IEEE旗下期刊编委，她申请退出自己所在的两份IEEE期刊的编委会以示抗议。她同时公布了自己致IEEE候任主席福田俊夫的邮件。截至发稿，张海霞的公开信已在学术界引发讨论，多位学者在受访时或通过社交网络表示支持。不过，IEEE暂未答复记者对此事的询问。对于前述邮件，关注此事的中国计算机学会秘书长杜子德向记者表示，“现在还没有确认是否属实”。今天傍晚，接受中国青年报·中青在线记者采访时，张海霞教授表示：“我之所以写这封公开信，是因为它的做法挑战了国内外所有学术人的底线。”戳链接阅读全文O网页链接 收起全文d\n", "author": "中国青年报", "time": "中国青年报2019年05月30日00:46", "transmit": " 转发 74", "comment": "评论 61", "zan": " 202"}, {"text": "\n                    日本人也被IEEE禁止华为震惊了。东京大学教授、日本人机交互界的泰斗暦本純一老师表示不再给IEEE审稿。 ​                ", "author": "MetaNode", "time": "MetaNode2019年05月30日21:10 来自iPhone客户端", "transmit": " 转发 28", "comment": "评论 2", "zan": " 83"}, {"text": "\n#IEEE承认限制华为人参与论文审稿# 不过，声明称，华为依然可以赞助IEEE的奖项！！Ps：送张图给IEEE！ ​                ", "author": "倾听指尖", "time": "倾听指尖2019年05月30日13:05 来自360安全浏览器", "transmit": " 转发 68", "comment": "评论 68", "zan": " 263"}, {"text": "\n                    【#IEEE承认限制华为员工参与审稿#：必须遵守美国的法规】国际电气与电子工程师协会（IEEE）今天在其官网发布声明承认限制华为员工的参与审稿。声明原文称：“相关美国政府的法规限制了华为公司及其员工无法参与IEEE一些通常不向公众开放的活动，包括一部分的出版物的同行评议和编辑过程，而IEEE需要合 ​  展开全文c \n                    【#IEEE承认限制华为员工参与审稿#：必须遵守美国的法规】国际电气与电子工程师协会（IEEE）今天在其官网发布声明承认限制华为员工的参与审稿。声明原文称：“相关美国政府的法规限制了华为公司及其员工无法参与IEEE一些通常不向公众开放的活动，包括一部分的出版物的同行评议和编辑过程，而IEEE需要合规。”然而，华为员工还可以继续正常保持IEEE个人及企业会员资格，并行使投票权等其他权益。 收起全文d\n", "author": "中国日报", "time": "中国日报2019年05月30日10:25 来自微博weibo.com", "transmit": " 转发 18", "comment": "评论 45", "zan": " 57"}, {"text": "\n                    关于学术组织IEEE封杀华为，我们采访到一位编委。@风闻社区 ​                ", "author": "观察者网", "time": "观察者网2019年05月30日08:48 来自微博weibo.com", "transmit": " 转发 79", "comment": "评论 59", "zan": " 177"}, {"text": "\n                    【刚刚，IEEE声明承认限制华为人参与论文审稿】国际电气与电子工程师协会（简称IEEE）北京时间今天早晨在其中文官网发布一份中英文声明说：“美国政府的法规限制了华为公司及其员工无法参与IEEE一些通常不向公众开放的活动，包括一部分的出版物的同行评议和编辑过程，而IEEE需要合规。”IEEE表 ​  展开全文c \n                    【刚刚，IEEE声明承认限制华为人参与论文审稿】国际电气与电子工程师协会（简称IEEE）北京时间今天早晨在其中文官网发布一份中英文声明说：“美国政府的法规限制了华为公司及其员工无法参与IEEE一些通常不向公众开放的活动，包括一部分的出版物的同行评议和编辑过程，而IEEE需要合规。”IEEE表示，2019年5月16日，负责执行美国出口管制条例的美国商务部工业和安全局（简称“BIS”）将华为加入限制名单。违反出口管制条例的行为将受到重大的民事或刑事处罚，包括罚款或监禁。“作为一个在美国纽约注册的非政治性，非营利组织，IEEE必须遵守美国及其他地区管辖权内规定的法律义务，遵守这些法规能保护IEEE及其志愿者与全体会员。”截至目前，已有来自北京大学、清华大学等高校的IEEE会员就此提出抗议。👉O网页链接（中国青年报·中青在线记者 张国 马宇平）O网页链接 收起全文d\n", "author": "中国青年报", "time": "中国青年报2019年05月30日10:01", "transmit": " 转发 71", "comment": "评论 30", "zan": " 81"}, {"text": "\n                    《IEEE限制华为：学术独立的神话破灭了》 ​                ", "author": "缓缓说520", "time": "缓缓说5202019年05月30日23:59 来自iPhone7Plus", "transmit": " 转发 16", "comment": "评论 4", "zan": " 75"}, {"text": "\n                    【刚刚，IEEE发声明：承认限制华为人参与论文审稿】电国际电气与电子工程师协会（简称IEEE）北京时间今晨发布一份中英文声明说：“美国政府的法规限制了华为公司及其员工无法参与IEEE一些通常不向公众开放的活动，包括一部分的出版物的同行评议和编辑过程，而IEEE需要合规。”IEEE表示，2019年5月16 ​  展开全文c \n                    【刚刚，IEEE发声明：承认限制华为人参与论文审稿】电国际电气与电子工程师协会（简称IEEE）北京时间今晨发布一份中英文声明说：“美国政府的法规限制了华为公司及其员工无法参与IEEE一些通常不向公众开放的活动，包括一部分的出版物的同行评议和编辑过程，而IEEE需要合规。”IEEE表示，2019年5月16日，负责执行美国出口管制条例的美国商务部工业和安全局（简称“BIS”）将华为加入限制名单。违反出口管制条例的行为将受到重大的民事或刑事处罚，包括罚款或监禁。“作为一个在美国纽约注册的非政治性，非营利组织，IEEE必须遵守美国及其他地区管辖权内规定的法律义务，遵守这些法规能保护IEEE及其志愿者与全体会员。”“华为及其员工可以继续成为IEEE标准协会的成员，包括正常获得或行使会员的投票权；正常参加IEEE标准制定会议，提交新的标准提案，参与标准技术提案的公开讨论。”IEEE的这份声明强调，“美国贸易限令对全球IEEE会员影响轻微”。 收起全文d\n", "author": "环球时报", "time": "环球时报2019年05月30日10:29 来自微博weibo.com", "transmit": " 转发 145", "comment": "评论 225", "zan": " 241"}, {"text": "\n#法治新闻速览#【成都地铁偷拍男被解聘】①湖南嘉禾煤矿事故致5死1伤。②IEEE禁止华为专家参与期刊审稿，北大教授申请退出IEEE编委会。③逃票男子涉嫌诈骗被警方刑拘。④上海限制涉性侵犯罪人员从业。（中央政法委长安剑）O“中纪委也不管管我，鹿血茅台喝腻了！”洛阳爱自拍的黑老大落网！【三分钟法治新闻全知道】 ​                ", "author": "中国长安网", "time": "中国长安网2019年05月30日10:19 来自360安全浏览器", "transmit": " 转发 28", "comment": "评论 15", "zan": " 35"}, {"text": "\n                    【IEEE承认限制华为员工参与论文审稿及评议】电气电子工程师学会（简称IEEE）今天在其中文官网发布一份中英文声明说：“美国政府的法规限制了华为公司及其员工无法参与 IEEE 一些通常不向公众开放的活动，包括一部分的出版物的同行评议和编辑过程，而 IEEE 需要合规。” “作为一个在美国纽约注册的非 ​  展开全文c \n                    【IEEE承认限制华为员工参与论文审稿及评议】电气电子工程师学会（简称IEEE）今天在其中文官网发布一份中英文声明说：“美国政府的法规限制了华为公司及其员工无法参与 IEEE 一些通常不向公众开放的活动，包括一部分的出版物的同行评议和编辑过程，而 IEEE 需要合规。” “作为一个在美国纽约注册的非政治性，非营利组织，IEEE 必须遵守美国及其他地区管辖权内规定的法律义务，遵守这些法规能保护 IEEE 及其志愿者与全体会员。”（via：中青在线） 收起全文d\n", "author": "差评君", "time": "差评君2019年05月30日12:00", "transmit": " 转发 55", "comment": "评论 64", "zan": " 85"}, {"text": "\n                    封禁华为或导致美国农村断网 任正非：美国就是个大农村#多个组织恢复华为成员资格##北大教授退出IEEE编委# L何天恩的微博视频 ​                ", "author": "数码科技黑莓会", "time": "数码科技黑莓会2019年05月30日07:48 来自微博云剪", "transmit": " 转发 297", "comment": "评论 1082", "zan": " 2379"}, {"text": "\n                    【“不畏强权”的美国学术界给政府跪了 中国学者怒了】曾被认为是“最不可能被政治干涉”以及“最无国界”的一家国际学术组织，也在美国禁令下屈服了。这家组织名叫电气和电子工程师协会，简称IEEE。其宣称，由于华为被美国政府列入“实体名单”，华为的专家和员工今后将不能再参与任何IEEE学术期刊的 ​  展开全文c \n                    【“不畏强权”的美国学术界给政府跪了 中国学者怒了】曾被认为是“最不可能被政治干涉”以及“最无国界”的一家国际学术组织，也在美国禁令下屈服了。这家组织名叫电气和电子工程师协会，简称IEEE。其宣称，由于华为被美国政府列入“实体名单”，华为的专家和员工今后将不能再参与任何IEEE学术期刊的编审工作，否则会招致很严重的法律后果。其还提到，“IEEE只能服从美国政府的禁令，别无他法”。目前，北大信息科学技术学院教授张海霞女士、清华计算机科学与技术系副教授刘奕群，都已公开表态将辞掉IEEE的相关学术职务，并表示不会再让自己的学生投稿任何属于IEEE的期刊，两人在信中也都表达了对于IEEE会被政治干扰的失望。(环球时报) 收起全文d\n", "author": "新浪军事", "time": "新浪军事2019年05月30日14:15 来自微博weibo.com", "transmit": " 转发 144", "comment": "评论 33", "zan": " 263"}, {"text": "\nIEEE下令清理华为系审稿人，中国学者：全世界的科学家都不能忍（环球时报） ​                ", "author": "华尔街见闻APP", "time": "华尔街见闻APP2019年05月30日13:36 来自微博weibo.com", "transmit": " 转发 24", "comment": "评论 30", "zan": " 61"}, {"text": "\n                    【#北大教授退出IEEE编委#，回应称：损伤了所有学术人的基本底线】5月29日，IEEE通过邮件宣布华为员工将被禁止作为旗下期刊杂志的编辑和审稿人。北京大学教授、IEEE编委张海霞发声明申请退出编委会，她回应@梨视频文化 表示：IEEE的决定损伤了所有科学家、学术人的基本底线。L老板联播的秒拍视频 ​                ", "author": "经济观察报", "time": "经济观察报2019年05月30日10:00 来自微博weibo.com", "transmit": " 转发 10", "comment": "评论 2", "zan": " 54"}, {"text": "\n                    【#北大教授退出IEEE编委#，回应称：损伤了所有学术人的基本底线】5月29日，IEEE通过邮件宣布华为员工将被禁止作为旗下期刊杂志的编辑和审稿人。北京大学教授、IEEE编委张海霞发声明申请退出编委会，她回应@梨视频文化 表示：IEEE的决定损伤了所有科学家、学术人的基本底线。L老板联播的秒拍视频 ​                ", "author": "中国经济网", "time": "中国经济网2019年05月30日07:20 来自微博weibo.com", "transmit": " 转发 23", "comment": "评论 6", "zan": " 95"}, {"text": "\n                    【IEEE标准协会唯一中国籍董事回复：最大程度保护华为】IEEE从流程维度监管标准的最高权力机构是IEEE标准协会董事会，袁昱博士是全球共14名董事中唯一的中国籍董事；IEEE从技术维度监管标准的最高权力机构是IEEE技术理事会标准委员会，袁昱博士亦是全球共7名有投票权的委员中唯一的中国籍委员。据 ​  展开全文c \n                    【IEEE标准协会唯一中国籍董事回复：最大程度保护华为】IEEE从流程维度监管标准的最高权力机构是IEEE标准协会董事会，袁昱博士是全球共14名董事中唯一的中国籍董事；IEEE从技术维度监管标准的最高权力机构是IEEE技术理事会标准委员会，袁昱博士亦是全球共7名有投票权的委员中唯一的中国籍委员。据财富中文网，袁昱在电话采访中解释，IEEE是在尽最大努力帮助和保护华为与IEEE的合作关系。袁昱特别指出：对华为员工的影响仅仅是不能在审稿阶段看到将被拒稿的论文而已。 收起全文d\n", "author": "虎嗅APP", "time": "虎嗅APP2019年05月30日13:30", "transmit": " 转发 19", "comment": "评论 64", "zan": " 91"}]