[{"text": "\n                    【IEEE对华为发禁令，只会逼出更多科学家的反抗！】#科技袁人#来啦来啦，这周的LITE是之前已经预告过的，袁老师来为大家讲一讲关于“IEEE对华为发布禁令”整个事件的来龙去脉。 L【科技袁人】IEEE对华为发禁令，只会逼出更多科学家的反抗！ ​                ", "author": "观视频工作室", "time": "观视频工作室2019年06月07日20:02 来自哔哩哔哩", "transmit": " 转发 23", "comment": "评论 5", "zan": " 74"}]