[{"text": "\n#10大学会回应IEEE事件#【中国科协十学会联合回应IEEE“审稿门”事件：这是学术交流的严重倒退】针对美国纽约电气与电子工程师学会（IEEE）对华为员工及华为资助的个人参与审稿作出无理限制事件，中国科协十学会今天发布联合声明：科学无国界。IEEE作为具有国际影响力的非政治性、非营利组织，其内部少 ​  展开全文c \n#10大学会回应IEEE事件#【中国科协十学会联合回应IEEE“审稿门”事件：这是学术交流的严重倒退】针对美国纽约电气与电子工程师学会（IEEE）对华为员工及华为资助的个人参与审稿作出无理限制事件，中国科协十学会今天发布联合声明：科学无国界。IEEE作为具有国际影响力的非政治性、非营利组织，其内部少数人将学术交流与政治捆绑的举动，完全背离其长期秉持的“可信赖、无偏见”的核心价值。这一“审稿门”事件，是对科学家个人和机构的严重歧视，是学术交流发展中的严重倒退，已成为国际学术界科技界的一场危机。敦促IEEE让学术交流回归正常轨道，以实际行动取信于全体会员和全球科技界。（央视新闻） 收起全文d\n", "author": "新浪财经", "time": "新浪财经2019年06月03日07:03 来自微博weibo.com", "transmit": " 转发 157", "comment": "评论 55", "zan": " 1321"}, {"text": "\n                    【中国计算机学会：恢复未来和IEEE的正常交流与合作】据中国计算机学会微信公众号消息，针对IEEE解除对华为员工参与编辑和同行评审活动的限制一事，中国计算机学会6月3日发布《CCF关于对IEEE撤销其错误决定的声明》，称鉴于IEEE ComSoc在审稿等活动中的歧视性措施业已消除，CCF将恢复对其相应会议和刊 ​  展开全文c \n                    【中国计算机学会：恢复未来和IEEE的正常交流与合作】据中国计算机学会微信公众号消息，针对IEEE解除对华为员工参与编辑和同行评审活动的限制一事，中国计算机学会6月3日发布《CCF关于对IEEE撤销其错误决定的声明》，称鉴于IEEE ComSoc在审稿等活动中的歧视性措施业已消除，CCF将恢复对其相应会议和刊物的认可与推荐，并恢复未来和IEEE及旗下的所有学会的正常交流与合作。 收起全文d\n", "author": "头条新闻", "time": "头条新闻2019年06月03日17:53 来自微博weibo.com", "transmit": " 转发 153", "comment": "评论 115", "zan": " 1340"}, {"text": "\n#IEEE解除对华为限制#【IEEE声明：解除对华为员工编辑和同行评审活动的限制】5月16日，美国商务部对华为技术有限公司及其68家子公司实施了出口管制。之后，IEEE发布了合规性的声明，并表示如果美国政府就出口管制条例在同行评审方面的应用做出进一步说明，IEEE会做出相应更新。为此，IEEE向美国商务 ​  展开全文c \n#IEEE解除对华为限制#【IEEE声明：解除对华为员工编辑和同行评审活动的限制】5月16日，美国商务部对华为技术有限公司及其68家子公司实施了出口管制。之后，IEEE发布了合规性的声明，并表示如果美国政府就出口管制条例在同行评审方面的应用做出进一步说明，IEEE会做出相应更新。为此，IEEE向美国商务部要求就出口管制条例在IEEE出版活动的适用性做出说明。目前，IEEE已收到相关说明。根据新的信息，华为及其子公司的员工可以参加IEEE出版过程的同行评审和编辑工作。所有IEEE会员都可以继续正常参与IEEE的全部活动，无论他们的雇主是谁。 收起全文d\n", "author": "头条新闻", "time": "头条新闻2019年06月03日09:14 来自微博weibo.com", "transmit": " 转发 353", "comment": "评论 425", "zan": " 3735"}, {"text": "\n                    【IEEE声明更新：解除对华为员工编辑和同行评审活动的限制】IEEE发声明称已收到相关说明。根据新的信息，华为及其子公司的员工可以参加IEEE出版过程的同行评审和编辑工作。所有IEEE会员都可以继续正常参与IEEE的全部活动，无论他们的雇主是谁。#IEEE解除对华为限制#（澎湃新闻） ​                ", "author": "中国日报", "time": "中国日报2019年06月03日09:16", "transmit": " 转发 338", "comment": "评论 419", "zan": " 6186"}, {"text": "\n#IEEE解除对华为限制#【“科学无国界”的尊严被守住了！仅5天后，IEEE对华为180°大转弯】5月29日，IEEE一封邮件截图显示，因美国对华为的禁令，IEEE将禁止华为员工担任审稿人和编辑。6月2日#10大学会回应IEEE事件# ，声明称科学无国界。就在今天（3日）上午，#IEEE声明#，华为及其子公司的员工可以参加 ​  展开全文c \n#IEEE解除对华为限制#【“科学无国界”的尊严被守住了！仅5天后，IEEE对华为180°大转弯】5月29日，IEEE一封邮件截图显示，因美国对华为的禁令，IEEE将禁止华为员工担任审稿人和编辑。6月2日#10大学会回应IEEE事件# ，声明称科学无国界。就在今天（3日）上午，#IEEE声明#，华为及其子公司的员工可以参加IEEE出版过程的同行评审和编辑工作。所有IEEE会员都可以继续正常参与IEEE的全部活动，无论他们的雇主是谁。O“科学无国界”的尊严被守住了！仅5天后，IEEE对华为180°大转弯 O“科学无国界”的尊严被守住了！仅5天后，IEEE对华为180°大转弯 收起全文d\n", "author": "每日经济新闻", "time": "每日经济新闻2019年06月03日11:58 来自微博weibo.com", "transmit": " 转发 69", "comment": "评论 61", "zan": " 305"}, {"text": "\n                    【中国科协十学会联合回应IEEE“审稿门”事件：这是学术交流的严重倒退】针对美国纽约电气与电子工程师学会（IEEE）对华为员工及华为资助的个人参与审稿作出无理限制事件，中国科协十学会发布联合声明：科学无国界。IEEE作为具有国际影响力的非政治性、非营利组织，其内部少数人将学术交流与政治捆绑的 ​  展开全文c \n                    【中国科协十学会联合回应IEEE“审稿门”事件：这是学术交流的严重倒退】针对美国纽约电气与电子工程师学会（IEEE）对华为员工及华为资助的个人参与审稿作出无理限制事件，中国科协十学会发布联合声明：科学无国界。IEEE作为具有国际影响力的非政治性、非营利组织，其内部少数人将学术交流与政治捆绑的举动，完全背离其长期秉持的“可信赖、无偏见”的核心价值。这一“审稿门”事件，是对科学家个人和机构的严重歧视，是学术交流发展中的严重倒退，已成为国际学术界科技界的一场危机。敦促IEEE让学术交流回归正常轨道，以实际行动取信于全体会员和全球科技界。@央视新闻 收起全文d\n", "author": "共青团中央", "time": "共青团中央2019年06月03日09:00 来自vivoX274800万三摄", "transmit": " 转发 338", "comment": "评论 125", "zan": " 1580"}, {"text": "\n                    【IEEE声明：解除对华为员工编辑和同行评审活动的限制】电气电子工程师学会（IEEE）今日发布最新声明称，IEEE向美国商务部要求就出口管制条例在IEEE出版活动的适用性做出说明。目前，IEEE已收到相关说明。根据新的信息，华为及其子公司的员工可以参加IEEE出版过程的同行评审和编辑工作。所有IEEE会员都 ​  展开全文c \n                    【IEEE声明：解除对华为员工编辑和同行评审活动的限制】电气电子工程师学会（IEEE）今日发布最新声明称，IEEE向美国商务部要求就出口管制条例在IEEE出版活动的适用性做出说明。目前，IEEE已收到相关说明。根据新的信息，华为及其子公司的员工可以参加IEEE出版过程的同行评审和编辑工作。所有IEEE会员都可以继续正常参与IEEE的全部活动，无论他们的雇主是谁。 收起全文d\n", "author": "央视新闻", "time": "央视新闻2019年06月03日09:28 来自微博weibo.com", "transmit": " 转发 1638", "comment": "评论 1267", "zan": " 16638"}, {"text": "\n                    【#IEEE解禁华为#  北大教授回归：全球的胜利】6月3日上午，IEEE(电气和电子工程师协会)官方宣布，解除对华为及其子公司员工的限制，可以继续参加IEEE出版过程的同行评审和编辑工作。解禁华为的同时，IEEE主席乔斯·穆拉回信张海霞，表示作为一家注册地在美国纽约的组织机构，必须遵守当地法律，但也 ​  展开全文c \n                    【#IEEE解禁华为#  北大教授回归：全球的胜利】6月3日上午，IEEE(电气和电子工程师协会)官方宣布，解除对华为及其子公司员工的限制，可以继续参加IEEE出版过程的同行评审和编辑工作。解禁华为的同时，IEEE主席乔斯·穆拉回信张海霞，表示作为一家注册地在美国纽约的组织机构，必须遵守当地法律，但也一直在积极交涉争取维护所有会员的合法权益，并最终取得成功，恢复了华为及其子公司员工的正常地位。张海霞在回信中赞赏了IEEE的勇气，并表示很高兴学术界回归常识，这是#全球科学家的共同胜利# 。OIEEE解禁华为 北大教授回归：全球的胜利 收起全文d\n", "author": "凤凰网科技", "time": "凤凰网科技2019年06月03日17:09 来自微博weibo.com", "transmit": " 转发 79", "comment": "评论 37", "zan": " 595"}, {"text": "\n                    【#IEEE声明# ：解除对华为员工编辑和同行评审活动的限制】电气电子工程师学会（IEEE）今日发布最新声明称，IEEE向美国商务部要求就出口管制条例在IEEE出版活动的适用性做出说明。目前，IEEE已收到相关说明。根据新的信息，华为及其子公司的员工可以参加IEEE出版过程的同行评审和编辑工作。所有IEEE会 ​  展开全文c \n                    【#IEEE声明# ：解除对华为员工编辑和同行评审活动的限制】电气电子工程师学会（IEEE）今日发布最新声明称，IEEE向美国商务部要求就出口管制条例在IEEE出版活动的适用性做出说明。目前，IEEE已收到相关说明。根据新的信息，华为及其子公司的员工可以参加IEEE出版过程的同行评审和编辑工作。所有IEEE会员都可以继续正常参与IEEE的全部活动，无论他们的雇主是谁。声明全文如下：2019年5月16日星期四，美国商务部对华为技术有限公司及其68家子公司实施了出口管制。之后，IEEE发布了合规性的声明，并表示如果美国政府就出口管制条例在同行评审方面的应用做出进一步说明，IEEE会做出相应更新。为此，IEEE向美国商务部要求就出口管制条例在IEEE出版活动的适用性做出说明。目前，IEEE已收到相关说明。根据新的信息，华为及其子公司的员工可以参加IEEE出版过程的同行评审和编辑工作。所有IEEE会员都可以继续正常参与IEEE的全部活动，无论他们的雇主是谁。我们此前限制性的做法完全是为了保护我们的志愿者和会员，规避相关的法律风险。在我们收到相关说明后，法律风险得以解除。我们由衷地感谢来自世界各地的会员和志愿者向IEEE提出的问题和意见，同时也感谢大家耐心等待我们处理好这一复杂的法律情况。一直以来，IEEE致力于向其会员、志愿者和整个技术社区提供广阔的学术活动平台和帮助。其中，IEEE每年在全球举办1900余场专业技术会议，并在IEEE Xplore®上提供超过480万份文献资料。IEEE认为科学和技术是全球性的活动。我们为全球的IEEE会员在世界各地开展的工作而感到自豪。IEEE将继续为推动技术创新与进步贡献力量，为人类社会谋福祉。#IEEE解除对华为员工编辑和同行评审活动的限制# #10大学会回应IEEE事件# #IEEE解除针对华为的评审限制# @IEEE中国 OIEEE声明：解除对华为员工编辑和同行评审活动的限制 收起全文d\n", "author": "环球网", "time": "环球网2019年06月03日09:15 来自微博weibo.com", "transmit": " 转发 100", "comment": "评论 151", "zan": " 878"}, {"text": "\n                    无法退休的75岁老人任正非！他是个糖尿病患者，本来都快退休。熟悉他的人说他非常节俭，超级爱读书。本来可以有点清净日子。但近期来看是很难了。他43岁时被炒鱿鱼，不得不创业雇佣自己。75岁公司做得太大，不得不抛头露面，面对全世界。伟大的背后必是苦难，愿任老和华为一切都好！ ​  展开全文c \n                    无法退休的75岁老人任正非！他是个糖尿病患者，本来都快退休。熟悉他的人说他非常节俭，超级爱读书。本来可以有点清净日子。但近期来看是很难了。他43岁时被炒鱿鱼，不得不创业雇佣自己。75岁公司做得太大，不得不抛头露面，面对全世界。伟大的背后必是苦难，愿任老和华为一切都好！#IEEE解除对华为限制# 收起全文d\n", "author": "媒体人张晓磊", "time": "媒体人张晓磊2019年06月03日22:41 来自三星GALAXYNote8", "transmit": " 转发 218", "comment": "评论 199", "zan": " 2105"}, {"text": "\n                    【#IEEE声明#：解除对华为员工编辑和同行评审活动的限制】5月16日，美国商务部对华为技术有限公司及其68家子公司实施了出口管制。之后，IEEE发布了合规性的声明，并表示如果美国政府就出口管制条例在同行评审方面的应用做出进一步说明，IEEE会做出相应更新。为此，IEEE向美国商务部要求就出口管制条 ​  展开全文c \n                    【#IEEE声明#：解除对华为员工编辑和同行评审活动的限制】5月16日，美国商务部对华为技术有限公司及其68家子公司实施了出口管制。之后，IEEE发布了合规性的声明，并表示如果美国政府就出口管制条例在同行评审方面的应用做出进一步说明，IEEE会做出相应更新。为此，IEEE向美国商务部要求就出口管制条例在IEEE出版活动的适用性做出说明。目前，IEEE已收到相关说明。根据新的信息，华为及其子公司的员工可以参加IEEE出版过程的同行评审和编辑工作。所有IEEE会员都可以继续正常参与IEEE的全部活动，无论他们的雇主是谁。#IEEE解除对华为限制# @IEEE中国 OIEEE最新声明：解除华为员工编辑和同行评审活动限制 收起全文d\n", "author": "新浪财经", "time": "新浪财经2019年06月03日09:17 来自微博weibo.com", "transmit": " 转发 65", "comment": "评论 62", "zan": " 165"}, {"text": "\n                    恢复华为！IEEE也扛不住了！今天，学术界国际重要组织，电器工程师协会IEEE宣布，解除对华为包括子公司员工参与IEEE评审和编辑工作的限制。没错，又一个组织从除名华为到恢复华为，只用了三天。现在，IEEE表示除名华为也是不得已而为之，现在已经认识到其重要性。就在IEEE之前，SD卡、WiFi、蓝牙三大联 ​  展开全文c \n                    恢复华为！IEEE也扛不住了！今天，学术界国际重要组织，电器工程师协会IEEE宣布，解除对华为包括子公司员工参与IEEE评审和编辑工作的限制。没错，又一个组织从除名华为到恢复华为，只用了三天。现在，IEEE表示除名华为也是不得已而为之，现在已经认识到其重要性。就在IEEE之前，SD卡、WiFi、蓝牙三大联盟也同时恢复华为，允许其继续参与下一代技术标准的制定。这就是华为实力最真实的写照，也是任正非无惧磨难，无比自信的底气所在。但这一切也给华为敲响了警钟，无法阻挡超级蓝牙、自研SD卡、方舟系统的到来。任正非说，世界永远无法离华为而去，因为我们有先进的技术！ 收起全文d\n", "author": "连淮徐盐", "time": "连淮徐盐2019年06月03日13:30 来自华为P9手机摄影再突破", "transmit": " 转发 88", "comment": "评论 103", "zan": " 769"}, {"text": "\n                    【#10大学会回应IEEE事件#：坚决反对学术交流政治化】针对IEEE对华为员工及华为资助的个人参与审稿作出无理限制，包括中国电子学会、中国通信学会、中国人工智能学会在内的10大学会发布《关于IEEE限制正常学术交流事件的郑重声明》，声明称，“’审稿门”事件，是对科学家个人和机构的严重歧视，是学术 ​  展开全文c \n                    【#10大学会回应IEEE事件#：坚决反对学术交流政治化】针对IEEE对华为员工及华为资助的个人参与审稿作出无理限制，包括中国电子学会、中国通信学会、中国人工智能学会在内的10大学会发布《关于IEEE限制正常学术交流事件的郑重声明》，声明称，“’审稿门”事件，是对科学家个人和机构的严重歧视，是学术交流发展中的严重倒退。并表示坚决反对学术交流政治化。@央视新闻 收起全文d\n", "author": "中国新闻周刊", "time": "中国新闻周刊2019年06月03日08:14", "transmit": " 转发 28", "comment": "评论 25", "zan": " 167"}, {"text": "\n                    【IEEE声明：解除对华为员工编辑和同行评审活动的限制】美国纽约电气与电子工程师学会（IEEE）今日最新声明称，IEEE向美国商务部要求就出口管制条例在IEEE出版活动的适用性做出说明。目前，IEEE已收到相关说明。根据新的信息，华为及其子公司的员工可以参加IEEE出版过程的同行评审和编辑工作！ ​                ", "author": "紫光阁", "time": "紫光阁2019年06月03日11:05 来自紫宝宝的Android", "transmit": " 转发 737", "comment": "评论 692", "zan": " 6089"}, {"text": "\n                    【#IEEE解除对华为限制# ：华为员工可参加编辑和同行评审工作】6月3日，电气与电子工程师学会#IEEE声明# 称解除对华为员工编辑和同行评审活动的限制。声明称，此前限制性的做法完全是为保护志愿者和会员，规避法律风险。针对此次解除，该协会已与美国商务部沟通。@老板联播 L老板联播的秒拍视频 ​                ", "author": "梨视频", "time": "梨视频2019年06月03日10:05 来自微博weibo.com", "transmit": " 转发 36", "comment": "评论 56", "zan": " 375"}, {"text": "\n#IEEE解除对华为限制#【破围！IEEE最新声明：解除对华为员工编辑和同行评审活动的限制】6月3日早间，IEEE中国发布最新声明，华为及其子公司的员工可以参加IEEE出版过程的同行评审和编辑工作。所有IEEE会员都可以继续正常参与IEEE的全部活动，无论他们的雇主是谁。6月2日#10大学会回应IEEE事件#称，“审 ​  展开全文c \n#IEEE解除对华为限制#【破围！IEEE最新声明：解除对华为员工编辑和同行评审活动的限制】6月3日早间，IEEE中国发布最新声明，华为及其子公司的员工可以参加IEEE出版过程的同行评审和编辑工作。所有IEEE会员都可以继续正常参与IEEE的全部活动，无论他们的雇主是谁。6月2日#10大学会回应IEEE事件#称，“审稿门”事件，是对科学家个人和机构的严重歧视，是学术交流发展中的严重倒退，已成为国际学术界科技界的一场危机。O破围！IEEE最新声明：解除对华为员工编辑和同行评审活动的限制 收起全文d\n", "author": "每日经济新闻", "time": "每日经济新闻2019年06月03日09:38 来自搜狗高速浏览器", "transmit": " 转发 66", "comment": "评论 41", "zan": " 364"}, {"text": "\nIEEE声明：解除对华为员工编辑和同行评审活动的限制！这是中国同行正义的胜利！在中国十个协会的压力下，经过IEEE沟通，美国商务部认为华为员工可以参与。其实如果怼下去，会造成美国协会巨大的信誉损失，玩过火了。至此，所以限制过华为的美国协会已经全取消限制了。IEEE关于解除限制华为参加IEEE ​  展开全文c \nIEEE声明：解除对华为员工编辑和同行评审活动的限制！这是中国同行正义的胜利！在中国十个协会的压力下，经过IEEE沟通，美国商务部认为华为员工可以参与。其实如果怼下去，会造成美国协会巨大的信誉损失，玩过火了。至此，所以限制过华为的美国协会已经全取消限制了。IEEE关于解除限制华为参加IEEE相关活动的声明：IEEE解除对编辑和同行评审活动的限制，2019年5月16日星期四，美国商务部对华为技术有限公司及其68家子公司实施了出口管制。之后，IEEE发布了合规性的声明，并表示如果美国政府就出口管制条例在同行评审方面的应用做出进一步说明，IEEE会做出相应更新。为此，IEEE向美国商务部要求就出口管制条例在IEEE出版活动的适用性做出说明。目前，IEEE已收到相关说明。根据新的信息，华为及其子公司的员工可以参加IEEE出版过程的同行评审和编辑工作。所有IEEE会员都可以继续正常参与IEEE的全部活动，无论他们的雇主是谁。我们此前限制性的做法完全是为了保护我们的志愿者和会员，规避相关的法律风险。在我们收到相关说明后，法律风险得以解除。我们由衷地感谢来自世界各地的会员和志愿者向IEEE提出的问题和意见，同时也感谢大家耐心等待我们处理好这一复杂的法律情况。一直以来，IEEE致力于向其会员、志愿者和整个技术社区提供广阔的学术活动平台和帮助。其中，IEEE每年在全球举办1900余场专业技术会议，并在IEEE Xplore®上提供超过480万份文献资料。IEEE认为科学和技术是全球性的活动。我们为全球的IEEE会员在世界各地开展的工作而感到自豪。IEEE将继续为推动技术创新与进步贡献力量，为人类社会谋福祉。 收起全文d\n", "author": "HW前HR", "time": "HW前HR2019年06月03日10:06 来自HUAWEIP30Pro", "transmit": " 转发 109", "comment": "评论 169", "zan": " 684"}, {"text": "\n#中美经贸#【IEEE解除对华为员工参与同行评审的限制】总部位于美国纽约的电气与电子工程师协会（IEEE）2日发表声明说，解除对华为及其子公司员工参与IEEE出版过程中同行评审和编辑工作的限制。　　声明说，所有IEEE会员都可以继续正常参与IEEE的全部活动，无论他们的雇主是谁。　　美国商务部5月中旬 ​  展开全文c \n#中美经贸#【IEEE解除对华为员工参与同行评审的限制】总部位于美国纽约的电气与电子工程师协会（IEEE）2日发表声明说，解除对华为及其子公司员工参与IEEE出版过程中同行评审和编辑工作的限制。　　声明说，所有IEEE会员都可以继续正常参与IEEE的全部活动，无论他们的雇主是谁。　　美国商务部5月中旬将华为及其附属公司列入限制交易的“实体清单”。IEEE随后发布声明说，华为公司及其员工无法参与IEEE一些通常不向公众开放的活动，包括部分出版物的同行评审和编辑过程。　　IEEE此举在学术界招致广泛批评。中国科协所属十学会2日发表声明称，这一“审稿门”事件，是对科学家个人和机构的严重歧视，是学术交流发展中的严重倒退，已成为国际学术界科技界的一场危机。　　IEEE发表的最新声明说，此前限制性的做法是为了规避相关的法律风险。经与美国商务部沟通，华为及其子公司的员工可以参加IEEE出版过程的同行评审和编辑工作。　　声明说：“我们由衷地感谢来自世界各地的会员和志愿者向IEEE提出的问题和意见，同时也感谢大家耐心等待我们处理好这一复杂的法律情况。”　　IEEE由美国电气工程师协会和无线电工程师协会于1963年合并而成，目前在全球拥有43万多名会员。作为全球最大的专业技术组织，IEEE在电气及电子工程、计算机、通信等领域发表的技术文献数量占全球同类文献的30%。（记者周舟） 收起全文d\n", "author": "新华视点", "time": "新华视点2019年06月03日11:08 来自微博weibo.com", "transmit": " 转发 31", "comment": "评论 25", "zan": " 89"}, {"text": "\n                    【中国科协十学会联合回应IEEE“审稿门”事件：这是学术交流的严重倒退】针对美国纽约电气与电子工程师学会（IEEE）对华为员工及华为资助的个人参与审稿作出无理限制事件，中国科协十学会今天发布联合声明：科学无国界。IEEE作为具有国际影响力的非政治性、非营利组织，其内部少数人将学术交流与政治捆 ​  展开全文c \n                    【中国科协十学会联合回应IEEE“审稿门”事件：这是学术交流的严重倒退】针对美国纽约电气与电子工程师学会（IEEE）对华为员工及华为资助的个人参与审稿作出无理限制事件，中国科协十学会今天发布联合声明：科学无国界。IEEE作为具有国际影响力的非政治性、非营利组织，其内部少数人将学术交流与政治捆绑的举动，完全背离其长期秉持的“可信赖、无偏见”的核心价值。这一“审稿门”事件，是对科学家个人和机构的严重歧视，是学术交流发展中的严重倒退，已成为国际学术界科技界的一场危机。敦促IEEE让学术交流回归正常轨道，以实际行动取信于全体会员和全球科技界。（记者：斯琴 宁坤） 收起全文d\n", "author": "央视财经", "time": "央视财经2019年06月03日08:09", "transmit": " 转发 23", "comment": "评论 7", "zan": " 79"}, {"text": "\n                    【IEEE声明：解除对华为员工编辑和同行评审活动的限制】电气电子工程师学会（IEEE）今日发布最新声明称，IEEE向美国商务部要求就出口管制条例在IEEE出版活动的适用性做出说明。目前，IEEE已收到相关说明。根据新的信息，华为及其子公司的员工可以参加IEEE出版过程的同行评审和编辑工作。所有IEEE会员都 ​  展开全文c \n                    【IEEE声明：解除对华为员工编辑和同行评审活动的限制】电气电子工程师学会（IEEE）今日发布最新声明称，IEEE向美国商务部要求就出口管制条例在IEEE出版活动的适用性做出说明。目前，IEEE已收到相关说明。根据新的信息，华为及其子公司的员工可以参加IEEE出版过程的同行评审和编辑工作。所有IEEE会员都可以继续正常参与IEEE的全部活动，无论他们的雇主是谁。（IEEE电气电子工程师学会）OIEEE声明更新：IEEE解除对编辑和同行评审活动的限制 收起全文d\n", "author": "人民网", "time": "人民网2019年06月03日09:37 来自专业版微博", "transmit": " 转发 89", "comment": "评论 121", "zan": " 305"}, {"text": "\n                    【华为30年一路劈荆斩棘！这次围堵，是“冬天”，还是新生？】半个月的时间里，华为不断被推向风口浪尖。海思“转正”、美国芯片巨头英特尔(Intel)和高通(Qualcomm)等开始对华为断供、谷歌暂停同华为部分业务、ARM断供华为、英国通讯运营商相继“暂停”开售华为5G手机、IEEE要求华为“退群”，这系列事 ​  展开全文c \n                    【华为30年一路劈荆斩棘！这次围堵，是“冬天”，还是新生？】半个月的时间里，华为不断被推向风口浪尖。海思“转正”、美国芯片巨头英特尔(Intel)和高通(Qualcomm)等开始对华为断供、谷歌暂停同华为部分业务、ARM断供华为、英国通讯运营商相继“暂停”开售华为5G手机、IEEE要求华为“退群”，这系列事件仅仅在不到15天的时间里相继爆发。被美国政府强力压制的华为，眼下正处于一个关键节点。回溯华为的成长史我们发现，十几年前，这家企业也曾遭遇危险的冬天。 O华为30年一路劈荆斩棘！这次围堵，是“冬天”，还是新生？ 收起全文d\n", "author": "中国经营报", "time": "中国经营报2019年06月03日14:54 来自微博weibo.com", "transmit": " 转发 26", "comment": "评论 42", "zan": " 107"}, {"text": "\n                    【IEEE声明更新：解除对华为员工编辑和同行评审活动的限制】美国纽约电气与电子工程师学会（IEEE）今日发布最新声明称，IEEE向美国商务部要求就出口管制条例在IEEE出版活动的适用性做出说明。目前，IEEE已收到相关说明。根据新的信息，华为及其子公司的员工可以参加IEEE出版过程的同行评审和编辑工作。 ​  展开全文c \n                    【IEEE声明更新：解除对华为员工编辑和同行评审活动的限制】美国纽约电气与电子工程师学会（IEEE）今日发布最新声明称，IEEE向美国商务部要求就出口管制条例在IEEE出版活动的适用性做出说明。目前，IEEE已收到相关说明。根据新的信息，华为及其子公司的员工可以参加IEEE出版过程的同行评审和编辑工作。所有IEEE会员都可以继续正常参与IEEE的全部活动，无论他们的雇主是谁。 收起全文d\n", "author": "人民日报", "time": "人民日报2019年06月03日09:37 来自微博weibo.com", "transmit": " 转发 573", "comment": "评论 566", "zan": " 1977"}, {"text": "\n                    【#中国科协十学会联合回应IEEE审稿门#事件：这是学术交流的严重倒退】针对美国纽约电气与电子工程师学会（IEEE）对华为员工及华为资助的个人参与审稿作出无理限制事件，中国科协十学会6月2日发布联合声明：科学无国界。IEEE作为具有国际影响力的非政治性、非营利组织，其内部少数人将学术交流与政治捆 ​  展开全文c \n                    【#中国科协十学会联合回应IEEE审稿门#事件：这是学术交流的严重倒退】针对美国纽约电气与电子工程师学会（IEEE）对华为员工及华为资助的个人参与审稿作出无理限制事件，中国科协十学会6月2日发布联合声明：科学无国界。IEEE作为具有国际影响力的非政治性、非营利组织，其内部少数人将学术交流与政治捆绑的举动，完全背离其长期秉持的“可信赖、无偏见”的核心价值。这一“审稿门”事件，是对科学家个人和机构的严重歧视，是学术交流发展中的严重倒退，已成为国际学术界科技界的一场危机。敦促IEEE让学术交流回归正常轨道，以实际行动取信于全体会员和全球科技界。O网页链接 收起全文d\n", "author": "中国日报", "time": "中国日报2019年06月03日09:24 来自微博weibo.com", "transmit": " 转发 15", "comment": "评论 14", "zan": " 76"}, {"text": "\n                    【华为解禁？IEEE声明：解除对编辑和同行评审活动的限制】IEEE向美国商务部要求就出口管制条例在IEEE出版活动的适用性做出说明，目前已收到相关说明。据悉，华为及其子公司员工可参加IEEE出版过程的同行评审和编辑工作。所有IEEE会员都可继续正常参与IEEE全部活动，无论雇主是谁。OIEEE声明：解除对编辑和同行评审活动的限制 ​                ", "author": "新浪科技", "time": "新浪科技2019年06月03日09:19 来自专业版微博", "transmit": " 转发 51", "comment": "评论 10", "zan": " 59"}, {"text": "\n#锐参考# 【这几天，三件大事，信号明确！】今天（6月3日）上午，有关国际电气与电子工程师协会（IEEE）的最新消息——“IEEE解除对华为限制”登上了微博热搜，这也是继上周公然承认对华为员工发出限制后，IEEE的首次公开“低头改口”。这几天，从IEEE“服软”到联邦快递被立案调查，你会发现，一种绝 ​  展开全文c \n#锐参考# 【这几天，三件大事，信号明确！】今天（6月3日）上午，有关国际电气与电子工程师协会（IEEE）的最新消息——“IEEE解除对华为限制”登上了微博热搜，这也是继上周公然承认对华为员工发出限制后，IEEE的首次公开“低头改口”。这几天，从IEEE“服软”到联邦快递被立案调查，你会发现，一种绝不退让、据理力争的态势正在形成。 O这几天，三件大事，信号明确！ 收起全文d\n", "author": "参考消息", "time": "参考消息2019年06月03日21:21 来自微博weibo.com", "transmit": " 转发 45", "comment": "评论 23", "zan": " 142"}, {"text": "\n#IEEE解除对华为限制#【IEEE声明：解除对华为员工编辑和同行评审活动的限制】IEEE声明：5月16日，美国商务部对华为及其68家子公司实施了出口管制。之后，IEEE发布了合规性的声明，表示如果美国政府就出口管制条例在同行评审方面的应用做出进一步说明，IEEE会做出相应更新。为此，IEEE向美国商务部要 ​  展开全文c \n#IEEE解除对华为限制#【IEEE声明：解除对华为员工编辑和同行评审活动的限制】IEEE声明：5月16日，美国商务部对华为及其68家子公司实施了出口管制。之后，IEEE发布了合规性的声明，表示如果美国政府就出口管制条例在同行评审方面的应用做出进一步说明，IEEE会做出相应更新。为此，IEEE向美国商务部要求就出口管制条例在IEEE出版活动的适用性做出说明。目前，IEEE已收到相关说明。根据新的信息，华为及其子公司的员工可以参加IEEE出版过程的同行评审和编辑工作。所有IEEE会员都可以继续正常参与IEEE的全部活动，无论他们的雇主是谁。 收起全文d\n", "author": "新浪军事", "time": "新浪军事2019年06月03日09:22 来自微博weibo.com", "transmit": " 转发 27", "comment": "评论 74", "zan": " 107"}, {"text": "\n                    【中国计算机学会：恢复未来和IEEE的正常交流与合作】据中国计算机学会微信公众号消息，针对IEEE解除对华为员工参与编辑和同行评审活动的限制一事，中国计算机学会6月3日发布《CCF关于对IEEE撤销其错误决定的声明》，称鉴于IEEE ComSoc在审稿等活动中的歧视性措施业已消除，CCF将恢复对其相应会议和刊 ​  展开全文c \n                    【中国计算机学会：恢复未来和IEEE的正常交流与合作】据中国计算机学会微信公众号消息，针对IEEE解除对华为员工参与编辑和同行评审活动的限制一事，中国计算机学会6月3日发布《CCF关于对IEEE撤销其错误决定的声明》，称鉴于IEEE ComSoc在审稿等活动中的歧视性措施业已消除，CCF将恢复对其相应会议和刊物的认可与推荐，并恢复未来和IEEE及旗下的所有学会的正常交流与合作。 收起全文d\n", "author": "新浪新闻", "time": "新浪新闻2019年06月03日18:22 来自专业版微博平台", "transmit": " 转发 8", "comment": "评论 6", "zan": " 60"}, {"text": "\n                    【#IEEE解除对华为限制#，华为员工可参与编辑和同行评审活动 】3日，IEEE发声明称已收到相关说明。根据新的信息，华为及其子公司的员工可以参加IEEE出版过程的同行评审和编辑工作。所有IEEE会员都可以继续正常参与IEEE的全部活动，无论他们的雇主是谁。L老板联播的秒拍视频 ​                ", "author": "新浪科技", "time": "新浪科技2019年06月03日12:15 来自微博weibo.com", "transmit": " 转发 17", "comment": "评论 9", "zan": " 33"}, {"text": "\n                    发布了头条文章：《如何看待IEEE排斥华为？不要低估科学家的节操 | 袁岚峰》 绝大多数科学家天然地支持平等、自由，天然是国际主义者、进步主义者，对政治等外部因素干涉学术天然是反感的，而且会明确地表达出来。美国政府横冲直撞，四处伸手，相当于逼着大家表态，肯定会收获大量的不满。这对美国多年 ​  展开全文c \n                    发布了头条文章：《如何看待IEEE排斥华为？不要低估科学家的节操 | 袁岚峰》 绝大多数科学家天然地支持平等、自由，天然是国际主义者、进步主义者，对政治等外部因素干涉学术天然是反感的，而且会明确地表达出来。美国政府横冲直撞，四处伸手，相当于逼着大家表态，肯定会收获大量的不满。这对美国多年积累的软实力，是严重的打击。#微博公开课# O如何看待IEEE排斥华为？不要低估科学家的节操 | 袁岚峰 收起全文d\n", "author": "中科大胡不归", "time": "中科大胡不归2019年06月03日09:21 来自微博weibo.com", "transmit": " 转发 59", "comment": "评论 42", "zan": " 121"}, {"text": "\n                    【破围！#IEEE对华为解禁#：华为员工可以作为编辑和审稿人参与出版】#IEEE声明# 6月3日，IEEE（电气电子工程师学会）发布声明称，经过其向美国政府求证，IEEE已收到美国商务部关于出口管制对IEEE出版活动适用性要求的澄清，华为及其附属公司的员工可以作为同行审稿人和编辑参与出版过程。所有的IEEE成 ​  展开全文c \n                    【破围！#IEEE对华为解禁#：华为员工可以作为编辑和审稿人参与出版】#IEEE声明# 6月3日，IEEE（电气电子工程师学会）发布声明称，经过其向美国政府求证，IEEE已收到美国商务部关于出口管制对IEEE出版活动适用性要求的澄清，华为及其附属公司的员工可以作为同行审稿人和编辑参与出版过程。所有的IEEE成员，不管雇主是谁，都可以继续参与IEEE的所有活动。O破围！IEEE对华为解禁：华为员工可以作为编辑和审稿人参与出版 收起全文d\n", "author": "21世纪经济报道", "time": "21世纪经济报道2019年06月03日09:22 来自微博weibo.com", "transmit": " 转发 30", "comment": "评论 ", "zan": " 20"}]