[{"text": "\n                    【#10大学会回应IEEE事件#：坚决反对学术交流政治化】针对IEEE对华为员工及华为资助的个人参与审稿作出无理限制，包括中国电子学会、中国通信学会、中国人工智能学会在内的10大学会发布《关于IEEE限制正常学术交流事件的郑重声明》，声明称，“’审稿门”事件，是对科学家个人和机构的严重歧视，是学术 ​  展开全文c \n                    【#10大学会回应IEEE事件#：坚决反对学术交流政治化】针对IEEE对华为员工及华为资助的个人参与审稿作出无理限制，包括中国电子学会、中国通信学会、中国人工智能学会在内的10大学会发布《关于IEEE限制正常学术交流事件的郑重声明》，声明称，“’审稿门”事件，是对科学家个人和机构的严重歧视，是学术交流发展中的严重倒退。并表示坚决反对学术交流政治化。 收起全文d\n", "author": "头条新闻", "time": "头条新闻2019年06月02日23:06 来自微博weibo.com", "transmit": " 转发 506", "comment": "评论 153", "zan": " 2843"}, {"text": "\n                    【中国科协十学会联合回应IEEE“审稿门”事件：这是学术交流的严重倒退】针对美国纽约电气与电子工程师学会（IEEE）对华为员工及华为资助的个人参与审稿作出无理限制事件，中国科协十学会今天发布联合声明：科学无国界。IEEE作为具有国际影响力的非政治性、非营利组织，其内部少数人将学术交流与政治捆 ​  展开全文c \n                    【中国科协十学会联合回应IEEE“审稿门”事件：这是学术交流的严重倒退】针对美国纽约电气与电子工程师学会（IEEE）对华为员工及华为资助的个人参与审稿作出无理限制事件，中国科协十学会今天发布联合声明：科学无国界。IEEE作为具有国际影响力的非政治性、非营利组织，其内部少数人将学术交流与政治捆绑的举动，完全背离其长期秉持的“可信赖、无偏见”的核心价值。这一“审稿门”事件，是对科学家个人和机构的严重歧视，是学术交流发展中的严重倒退，已成为国际学术界科技界的一场危机。敦促IEEE让学术交流回归正常轨道，以实际行动取信于全体会员和全球科技界。（央视记者刘璐璐 董峻彤） 收起全文d\n", "author": "央视新闻", "time": "央视新闻2019年06月02日23:16 来自微博weibo.com", "transmit": " 转发 386", "comment": "评论 259", "zan": " 2437"}, {"text": "\n                    【中国10家学会：IEEE“审稿门”事件是学术交流发展的严重倒退】#十大学会回应IEEE审稿门#近日，IEEE对华为员工及华为资助的个人参与审稿作出无理限制。6月2日，中国电子学会、中国通信学会等10家学会联合发布《关于IEEE限制正常学术交流事件的郑重声明》表示，科学无国界。“IEEE作为具有国际影响力的 ​  展开全文c \n                    【中国10家学会：IEEE“审稿门”事件是学术交流发展的严重倒退】#十大学会回应IEEE审稿门#近日，IEEE对华为员工及华为资助的个人参与审稿作出无理限制。6月2日，中国电子学会、中国通信学会等10家学会联合发布《关于IEEE限制正常学术交流事件的郑重声明》表示，科学无国界。“IEEE作为具有国际影响力的非政治性、非营利组织，其内部少数人将学术交流与政治捆绑的举动，完全背离其长期秉持的‘可信赖、无偏见’的核心价值。这一‘审稿门’事件，是对科学家个人和机构的严重歧视，是学术交流发展中的严重倒退，已成为国际学术界科技界的一场危机。”（程春雨） 收起全文d\n", "author": "中国新闻网", "time": "中国新闻网2019年06月02日23:06 来自搜狗高速浏览器", "transmit": " 转发 54", "comment": "评论 70", "zan": " 267"}, {"text": "\n                    【中国十大学会回应IEEE“审稿门”事件：学术交流发展中的严重倒退！】针对近日IEEE对华为员工及华为资助的个人参与审稿作出无理限制一事，中国十大学会发表声明。声明表示，科研人员参与期刊审稿是履行同行评议责任的基本权利，没有国籍、种族或机构之分。IEEE作为具有国际影响力的非政治性、非营利组 ​  展开全文c \n                    【中国十大学会回应IEEE“审稿门”事件：学术交流发展中的严重倒退！】针对近日IEEE对华为员工及华为资助的个人参与审稿作出无理限制一事，中国十大学会发表声明。声明表示，科研人员参与期刊审稿是履行同行评议责任的基本权利，没有国籍、种族或机构之分。IEEE作为具有国际影响力的非政治性、非营利组织，其内部少数人将学术交流与政治捆绑的举动，完全背离其长期秉持的“可信赖、无偏见”的核心价值。这一“审稿门”事件，是对科学家个人和机构的严重歧视，是学术交流发展中的严重倒退，已成为国际学术界科技界的一场危机。以下为声明全文。（央广记者朱敏） O关于IEEE限制正常学术交流事件的 郑重声明 收起全文d\n", "author": "中国之声", "time": "中国之声2019年06月02日22:08 来自微博weibo.com", "transmit": " 转发 82", "comment": "评论 26", "zan": " 163"}, {"text": "\n                    【十大学会回应IEEE事件：坚决反对学术交流政治化】近日，IEEE对华为员工及华为资助的个人参与审稿作出无理限制，我们深感震惊。科研人员参与期刊审稿是履行同行评议责任的基本权利，没有国籍、种族或机构之分。对科学家从事正常学术交流横加限制，是对学术独立、科学精神和科学共同体价值观的亵渎，是 ​  展开全文c \n                    【十大学会回应IEEE事件：坚决反对学术交流政治化】近日，IEEE对华为员工及华为资助的个人参与审稿作出无理限制，我们深感震惊。科研人员参与期刊审稿是履行同行评议责任的基本权利，没有国籍、种族或机构之分。对科学家从事正常学术交流横加限制，是对学术独立、科学精神和科学共同体价值观的亵渎，是对正常学术交流秩序和科技发展的粗暴践踏。我们强烈认为，对学术交流政治化的危险做法应高度警惕，并对其给国际学术交流蒙上的阴影深表忧虑。O网页链接 收起全文d\n", "author": "新浪财经", "time": "新浪财经2019年06月02日22:33 来自微博weibo.com", "transmit": " 转发 25", "comment": "评论 118", "zan": " 127"}, {"text": "\n#10大学会回应IEEE事件# 【中国科协十学会联合回应IEEE“审稿门”事件：这是学术交流的严重倒退】针对美国纽约电气与电子工程师学会（IEEE）对华为员工及华为资助的个人参与审稿作出无理限制事件，中国科协十学会今天发布联合声明：科学无国界。IEEE作为具有国际影响力的非政治性、非营利组织，其内部 ​  展开全文c \n#10大学会回应IEEE事件# 【中国科协十学会联合回应IEEE“审稿门”事件：这是学术交流的严重倒退】针对美国纽约电气与电子工程师学会（IEEE）对华为员工及华为资助的个人参与审稿作出无理限制事件，中国科协十学会今天发布联合声明：科学无国界。IEEE作为具有国际影响力的非政治性、非营利组织，其内部少数人将学术交流与政治捆绑的举动，完全背离其长期秉持的“可信赖、无偏见”的核心价值。这一“审稿门”事件，是对科学家个人和机构的严重歧视，是学术交流发展中的严重倒退，已成为国际学术界科技界的一场危机。敦促IEEE让学术交流回归正常轨道，以实际行动取信于全体会员和全球科技界。（央视） 收起全文d\n", "author": "环球网", "time": "环球网2019年06月02日23:27", "transmit": " 转发 39", "comment": "评论 22", "zan": " 207"}, {"text": "\n                    【中国电子学会等十学会关于IEEE限制正常学术交流事件的郑重声明】近日，IEEE对华为员工及华为资助的个人参与审稿作出无理限制，我们深感震惊。科研人员参与期刊审稿是履行同行评议责任的基本权利，没有国籍、种族或机构之分。对科学家从事正常学术交流横加限制，是对学术独立、科学精神和科学共同 ​  展开全文c \n                    【中国电子学会等十学会关于IEEE限制正常学术交流事件的郑重声明】近日，IEEE对华为员工及华为资助的个人参与审稿作出无理限制，我们深感震惊。科研人员参与期刊审稿是履行同行评议责任的基本权利，没有国籍、种族或机构之分。对科学家从事正常学术交流横加限制，是对学术独立、科学精神和科学共同体价值观的亵渎，是对正常学术交流秩序和科技发展的粗暴践踏。我们强烈认为，对学术交流政治化的危险做法应高度警惕，并对其给国际学术交流蒙上的阴影深表忧虑。科学无国界。IEEE作为具有国际影响力的非政治性、非营利组织，其内部少数人将学术交流与政治捆绑的举动，完全背离其长期秉持的“可信赖、无偏见”的核心价值。这一“审稿门”事件，是对科学家个人和机构的严重歧视，是学术交流发展中的严重倒退，已成为国际学术界科技界的一场危机。作为与IEEE有着长期良好合作的学术组织，我们对学术交流政治化的逆流坚决反对，对挑战自由平等学术交流准则的企图坚决反对，对破坏公平公正学术环境的行径坚决反对。我们强烈呼吁，世界各国科学家、科技组织和学术共同体关注此次学术界的重大危机，共同捍卫学术交流的国际准则，确保科学研究无政治化，共同采取有效行动，避免事件滑向危害科技健康发展和人类文明进步的深渊。解铃还须系铃人。我们敦促IEEE清醒认识事件对全球科学共同体所造成的危害，以实质举措消除事件的恶劣影响，让学术交流回归正常轨道，以实际行动取信于全体会员和全球科技界。特此声明。 中国电子学会 中国通信学会 中国人工智能学会  中国电机工程学会 中国机械工程学会 中国电工技术学会 中国仪器仪表学会  中国光学学会 中国汽车工程学会 中国生物医学工程学会2019年6月2日O重磅：十大学会联合回应IEEE“审稿门”事件 收起全文d\n", "author": "知识分子", "time": "知识分子2019年06月02日22:35 来自iPhoneXS", "transmit": " 转发 66", "comment": "评论 12", "zan": " 119"}]