[{"text": "\n                    【全球最大的学术组织#IEEE禁止华为系审稿人# 北大教授公开抗议】5月29消息，媒体报道IEEE通过邮件宣布华为员工将被禁止作为旗下期刊杂志的编辑和审稿人。IEEE NTC北京分会主席、北京大学教授张海霞在接受记者采访时确认她的多个朋友收到了IEEE发的邮件。同时张海霞教授发表公开声明，表示“这远远超出 ​  展开全文c \n                    【全球最大的学术组织#IEEE禁止华为系审稿人# 北大教授公开抗议】5月29消息，媒体报道IEEE通过邮件宣布华为员工将被禁止作为旗下期刊杂志的编辑和审稿人。IEEE NTC北京分会主席、北京大学教授张海霞在接受记者采访时确认她的多个朋友收到了IEEE发的邮件。同时张海霞教授发表公开声明，表示“这远远超出了一个可以接受学术人的底线，做为IEEE的会员和期刊编委，我必须表明自己的态度：我申请退出我所在的两个IEEE期刊的编委会，并给IEEE候任主席写了一封公开信。这是我个人的态度，与任何其他组织和个人无关，特此声明。”（@中国日报）#北大教授退出IEEE编委# #IEEE下令清理华为系审稿人# #北大教授回应退出IEEE编委# 收起全文d\n", "author": "环球网", "time": "环球网2019年05月29日20:23 来自微博weibo.com", "transmit": " 转发 581", "comment": "评论 368", "zan": " 2482"}, {"text": "\n#北大教授申请退出IEEE编委会#【北大教授张海霞致IEEE主席公开信：申请退出编委会】北大教授张海霞致IEEE主席公开信：今日惊闻IEEE下令禁止华为专家参与期刊审稿，这远远超出了一个可以接受学术人的底线，做为IEEE的会员和期刊编委，我必须表明自己的态度：我申请退出我所在的两个IEEE期刊的编委会，并 ​  展开全文c \n#北大教授申请退出IEEE编委会#【北大教授张海霞致IEEE主席公开信：申请退出编委会】北大教授张海霞致IEEE主席公开信：今日惊闻IEEE下令禁止华为专家参与期刊审稿，这远远超出了一个可以接受学术人的底线，做为IEEE的会员和期刊编委，我必须表明自己的态度：我申请退出我所在的两个IEEE期刊的编委会，并给IEEE候任主席写了一封公开信。这是我个人态度，与任何其他组织和个人无关。此前，全球最大学术组织对华为禁令曝光，邮件中禁止华为员工作为旗下期刊杂志的编辑和审稿人。#IEEE下令清理华为系审稿人# 收起全文d\n", "author": "钛媒体APP", "time": "钛媒体APP2019年05月29日19:04 来自微博weibo.com", "transmit": " 转发 1806", "comment": "评论 455", "zan": " 10479"}, {"text": "\n                    【#北大教授退出IEEE编委#：禁令超出所有人的底线！】5月29日，IEEE（国际电气与电子工程师协会）发内部邮件下令禁止华为专家参与期刊审稿，北大教授张海霞怒发公开信，请辞IEEE编委一职。她表示，这个声明超出科学家、学术人的基本底线。“为什么要去做学术、为什么要参加学术组织？就是因为相 ​  展开全文c \n                    【#北大教授退出IEEE编委#：禁令超出所有人的底线！】5月29日，IEEE（国际电气与电子工程师协会）发内部邮件下令禁止华为专家参与期刊审稿，北大教授张海霞怒发公开信，请辞IEEE编委一职。她表示，这个声明超出科学家、学术人的基本底线。“为什么要去做学术、为什么要参加学术组织？就是因为相信我们是为科学工作，公开、公正、公平是最基本的原则，而这个声明让我们感觉到我们受到严重的挑战。不管是谁，如果他符合去审稿的标准，我都可以邀请他，哪怕这是我的对手，哪怕他是我的敌人，但是绝对不可以，因为他来自哪里，我就我就把他排除在外，这是一个基本的学术原则”。@梨视频文化 L梨视频文化的秒拍视频 收起全文d\n", "author": "新浪视频", "time": "新浪视频2019年05月29日21:13 来自微博weibo.com", "transmit": " 转发 793", "comment": "评论 364", "zan": " 3715"}, {"text": "\n                    【全球最大的学术组织#IEEE禁止华为系审稿人# #北大教授退出IEEE编委#：禁令超出所有人的底线！】5月29消息，媒体报道IEEE通过邮件宣布华为员工将被禁止作为旗下期刊杂志的编辑和审稿人。IEEE NTC北京分会主席、北京大学教授张海霞在接受中国日报记者采访时确认她的多个朋友收到了IEEE发的邮件。同时张 ​  展开全文c \n                    【全球最大的学术组织#IEEE禁止华为系审稿人# #北大教授退出IEEE编委#：禁令超出所有人的底线！】5月29消息，媒体报道IEEE通过邮件宣布华为员工将被禁止作为旗下期刊杂志的编辑和审稿人。IEEE NTC北京分会主席、北京大学教授张海霞在接受中国日报记者采访时确认她的多个朋友收到了IEEE发的邮件。同时张海霞教授发表公开声明，表示“这远远超出了一个可以接受学术人的底线，做为IEEE的会员和期刊编委，我必须表明自己的态度：我申请退出我所在的两个IEEE期刊的编委会，并给IEEE候任主席写了一封公开信。这是我个人的态度，与任何其他组织和个人无关，特此声明。”O全球最大的学术组织IEEE禁止华为系审稿人 北大教授公开抗议 （视频来源：@梨视频文化 ）L梨视频文化的秒拍视频 收起全文d\n", "author": "每日经济新闻", "time": "每日经济新闻2019年05月29日21:46 来自微博weibo.com", "transmit": " 转发 148", "comment": "评论 74", "zan": " 396"}, {"text": "\n                    【#IEEE下令清理华为系审稿人#，全球最大学术组织禁令邮件曝光】5月29日消息，IEEE被曝对华为说不。IEEE（Institute of Electrical and Electronics Engineers，国际电气与电子工程师协会），当今世界电子、电气、计算机、通信、自动化工程技术研究领域最著名、规模最大的非营利性跨国学术组织。其最 ​  展开全文c \n                    【#IEEE下令清理华为系审稿人#，全球最大学术组织禁令邮件曝光】5月29日消息，IEEE被曝对华为说不。IEEE（Institute of Electrical and Electronics Engineers，国际电气与电子工程师协会），当今世界电子、电气、计算机、通信、自动化工程技术研究领域最著名、规模最大的非营利性跨国学术组织。其最新曝光的相关邮件要求，禁止华为员工作为旗下期刊杂志的编辑和审稿人。接下来，华为相关的投稿、文章、会议赞助，以及分支协会职务，可能都会受到关联影响。邮件中称，由于美国商务部将华为列入黑名单，IEEE做出如下声明：“根据IEEE FAQ文档第12项，我们不能使用华为员工作为期刊的同行评审过程的审稿人或编辑。如果我们继续这样做，可能会产生严重的法律影响。我们可以让华为员工留在编辑委员会，只是不能处理任何文件，直到该公司从商务部黑名单中删除。我们别无选择，只能遵守这些新规定，强烈建议您执行以下程序：如果您的编辑委员会中有华为的编辑，请首先通知他们，并向他们解释情况。一旦您通知了这些编辑，请向所有编辑发送电子邮件，并告知他们不能再使用华为员工作为审稿人。如果目前有论文被分配给华为员工，请建议他们寻找替代者。请编辑向华为审核人员解释情况。”需要说明的是，华为一直是IEEE的重要支持力量。除了员工担任学术职务，作为技术巨头公司，华为与IEEE也有不少合作。这次IEEE发邮件，对华为说No，对于双方之间的合作，也必然会造成影响。此次突发事件，让不少微博网友的三观崩塌。说好的“科学无国界”呢？（量子位） 收起全文d\n", "author": "中国企业家杂志", "time": "中国企业家杂志2019年05月29日13:03 来自专业版微博", "transmit": " 转发 3548", "comment": "评论 1062", "zan": " 4155"}, {"text": "\n                    【#北大教授退出IEEE编委#，回应称：损伤了所有学术人的基本底线】5月29日，IEEE通过邮件宣布华为员工将被禁止作为旗下期刊杂志的编辑和审稿人。北京大学教授、IEEE编委张海霞发声明申请退出编委会，她回应：IEEE的决定损伤了所有科学家、学术人的基本底线。L老板联播的秒拍视频 ​                ", "author": "头条新闻", "time": "头条新闻2019年05月29日22:19 来自微博weibo.com", "transmit": " 转发 1050", "comment": "评论 766", "zan": " 5591"}, {"text": "\n                    【#IEEE禁止华为员工作为旗下期刊杂志的编辑和审稿人#】近日，IEEE（全球电气与电子工程师协会）发通知禁止华为员工作为旗下期刊杂志的编辑和审稿人。在电子、计算机领域，该组织的期刊发表的文献占据了30%。看来美国这次是要从政治、经济、标准制定组织到学术圈等全方位封锁华为了。#华为# ​  展开全文c \n                    【#IEEE禁止华为员工作为旗下期刊杂志的编辑和审稿人#】近日，IEEE（全球电气与电子工程师协会）发通知禁止华为员工作为旗下期刊杂志的编辑和审稿人。在电子、计算机领域，该组织的期刊发表的文献占据了30%。看来美国这次是要从政治、经济、标准制定组织到学术圈等全方位封锁华为了。#华为##IEEE下令清理华为系审稿人##北大教授退出IEEE编委# 收起全文d\n", "author": "福布斯中文网", "time": "福布斯中文网2019年05月29日12:28 来自微博weibo.com", "transmit": " 转发 1169", "comment": "评论 1345", "zan": " 1543"}, {"text": "\n#IEEE下令清理华为系审稿人#【华为又被限了，这次是在学术界】5月29日，IEEE的一封邮件，把原本已承受巨大压力的华为再一次推上了风口浪尖。作为目前全球最大的非营利性专业技术学会，IEEE决定遵照美国禁令，在学术论文被IEEE接受前，禁止华为员工、以及华为赞助的个人担任审稿人和编辑。也就是说 ​  展开全文c \n#IEEE下令清理华为系审稿人#【华为又被限了，这次是在学术界】5月29日，IEEE的一封邮件，把原本已承受巨大压力的华为再一次推上了风口浪尖。作为目前全球最大的非营利性专业技术学会，IEEE决定遵照美国禁令，在学术论文被IEEE接受前，禁止华为员工、以及华为赞助的个人担任审稿人和编辑。也就是说，“华为人”不能参与初审等前期工作，政治因素的压力已经传导到了学界，这也让学术界的同仁直呼荒谬。详情：O华为又被限了，这次是在学术界 收起全文d\n", "author": "21世纪经济报道", "time": "21世纪经济报道2019年05月29日16:45 来自360安全浏览器", "transmit": " 转发 927", "comment": "评论 2", "zan": " 1438"}, {"text": "\n                    【全球最大的学术组织#IEEE下令清理华为系审稿人#，#北大教授退出IEEE编委#抗议】5月29日，IEEE通过邮件宣布华为员工将被禁止作为旗下期刊杂志的编辑和审稿人。IEEE NTC北京分会主席、北京大学教授张海霞在接受记者采访时确认她的多个朋友收到了IEEE发的邮件。同时张海霞教授发表公开声明，表示“这远 ​  展开全文c \n                    【全球最大的学术组织#IEEE下令清理华为系审稿人#，#北大教授退出IEEE编委#抗议】5月29日，IEEE通过邮件宣布华为员工将被禁止作为旗下期刊杂志的编辑和审稿人。IEEE NTC北京分会主席、北京大学教授张海霞在接受记者采访时确认她的多个朋友收到了IEEE发的邮件。同时张海霞教授发表公开声明，表示“这远远超出了一个可以接受学术人的底线，做为IEEE的会员和期刊编委，我必须表明自己的态度：我申请退出我所在的两个IEEE期刊的编委会，并给IEEE候任主席写了一封公开信。这是我个人的态度，与任何其他组织和个人无关，特此声明。”L梨视频文化的秒拍视频（梨视频） 收起全文d\n", "author": "中国新闻周刊", "time": "中国新闻周刊2019年05月29日20:46", "transmit": " 转发 168", "comment": "评论 86", "zan": " 451"}, {"text": "\n                    【#北大教授回应退出IEEE编委#：禁令超出所有人的底线！】5月29日，IEEE（国际电气与电子工程师协会）发内部邮件下令禁止华为专家参与期刊审稿，北大教授张海霞怒发公开信，请辞IEEE编委一职。她告诉@梨视频文化 ，这个声明超出科学家、学术人的基本底线。“为什么要去做学术、为什么要参加学术 ​  展开全文c \n                    【#北大教授回应退出IEEE编委#：禁令超出所有人的底线！】5月29日，IEEE（国际电气与电子工程师协会）发内部邮件下令禁止华为专家参与期刊审稿，北大教授张海霞怒发公开信，请辞IEEE编委一职。她告诉@梨视频文化 ，这个声明超出科学家、学术人的基本底线。“为什么要去做学术、为什么要参加学术组织？就是因为相信我们是为科学工作，公开、公正、公平是最基本的原则，而这个声明让我们感觉到我们受到严重的挑战。不管是谁，如果他符合去审稿的标准，我都可以邀请他，哪怕这是我的对手，哪怕他是我的敌人，但是绝对不可以，因为他来自哪里，我就我就把他排除在外，这是一个基本的学术原则”。#北大教授退出IEEE编委# L梨视频文化的秒拍视频 收起全文d\n", "author": "梨视频", "time": "梨视频2019年05月29日20:31 来自微博weibo.com", "transmit": " 转发 336", "comment": "评论 94", "zan": " 542"}, {"text": "\n                    【全球最大的学术组织#IEEE禁止华为系审稿人# 北大教授公开抗议】5月29消息，媒体报道IEEE通过邮件宣布华为员工将被禁止作为旗下期刊杂志的编辑和审稿人。IEEE NTC北京分会主席、北京大学教授张海霞在接受中国日报记者采访时确认她的多个朋友收到了IEEE发的邮件。同时张海霞教授发表公开声明，表示“这 ​  展开全文c \n                    【全球最大的学术组织#IEEE禁止华为系审稿人# 北大教授公开抗议】5月29消息，媒体报道IEEE通过邮件宣布华为员工将被禁止作为旗下期刊杂志的编辑和审稿人。IEEE NTC北京分会主席、北京大学教授张海霞在接受中国日报记者采访时确认她的多个朋友收到了IEEE发的邮件。同时张海霞教授发表公开声明，表示“这远远超出了一个可以接受学术人的底线，做为IEEE的会员和期刊编委，我必须表明自己的态度：我申请退出我所在的两个IEEE期刊的编委会，并给IEEE候任主席写了一封公开信。这是我个人的态度，与任何其他组织和个人无关，特此声明。”（记者 马思 邹硕） 收起全文d\n", "author": "中国日报", "time": "中国日报2019年05月29日19:56 来自搜狗高速浏览器", "transmit": " 转发 82", "comment": "评论 73", "zan": " 223"}, {"text": "\n                    其实IEEE对于华为的所采取的举措并非欧美学术界对于华为采取相应措施的孤例，从2019年一月起，包括牛津、斯坦福、加州大学伯克利分校、麻省理工学院在内的世界顶级名校都相继暂停或终止了与华为的合作。#IEEE下令清理华为系审稿人# ​                ", "author": "知识分子", "time": "知识分子2019年05月29日20:20 来自iPhoneXS", "transmit": " 转发 405", "comment": "评论 41", "zan": " 187"}, {"text": "\n                    【#IEEE下令清理华为系审稿人#后续，#北京大学教授辞去IEEE编委会职务#】此前，IEEE（全球电气与电子工程师协会）发通知禁止华为员工作为旗下期刊杂志的编辑和审稿人。此举引起轩然大波，“科学无国界”彷佛成了玩笑。北京大学张海霞教授已致函IEEE辞去编委会职务，表达自己对IEEE此举的抗议。  ​  展开全文c \n                    【#IEEE下令清理华为系审稿人#后续，#北京大学教授辞去IEEE编委会职务#】此前，IEEE（全球电气与电子工程师协会）发通知禁止华为员工作为旗下期刊杂志的编辑和审稿人。此举引起轩然大波，“科学无国界”彷佛成了玩笑。北京大学张海霞教授已致函IEEE辞去编委会职务，表达自己对IEEE此举的抗议。 #北大教授退出IEEE编委# 收起全文d\n", "author": "福布斯中文网", "time": "福布斯中文网2019年05月29日17:31 来自微博weibo.com", "transmit": " 转发 564", "comment": "评论 632", "zan": " 2486"}, {"text": "\n                    【学术组织IEEE排斥华为，北大清华学者当即抗议】5月29日，网络上曝光的邮件显示，由于美国政府将华为列入“实体清单”，全球顶级学术组织IEEE（电气电子工程师学会）向旗下刊物的主编提出这样的要求：禁止来自华为的同僚担任审稿人或编辑，否则将产生严重的“法律牵连观察者网向IEEE旗下某期刊的一 ​  展开全文c \n                    【学术组织IEEE排斥华为，北大清华学者当即抗议】5月29日，网络上曝光的邮件显示，由于美国政府将华为列入“实体清单”，全球顶级学术组织IEEE（电气电子工程师学会）向旗下刊物的主编提出这样的要求：禁止来自华为的同僚担任审稿人或编辑，否则将产生严重的“法律牵连观察者网向IEEE旗下某期刊的一名编委求证，得到了“可信度很高”的回答。此事在学术圈引起轩然大波，接连有北大、清华的教职人员表态称，将与IEEE“断交”。不过，有关此事对华为的影响，一位不愿意透露姓名的美国大学教授向观察者网指出，“物质层面的影响是不大，因为跟华为有关系的编辑审稿人、以及来自华为的文章只占非常小的比例”、华为依旧可以看IEEE的文章、“它作为一家公司，发不发表文章，多一篇少一篇也不是很重要。”但他进一步表示，IEEE这种操作，突破了学术期刊和专业协会（原来大家以为有）的一个底线。“不好的影响主要在于学术的自由性受到了干预。华为如果能够参与IEEE这个工作，对它的形象和学术影响力是有帮助的，但目前这一方面遭受了阻力。”实际上，这个底线也不是第一次被突破了。2003年，IEEE颁布了一项禁令，禁止古巴、伊朗、利比亚和苏丹的居民在IEEE的任何出版物上发表文献、或是对其任何标准做出贡献，而上述四个国家都在美国的“禁运清单”上。 O知名学术组织IEEE排斥华为，北大清华学者当即抗议 收起全文d\n", "author": "观察者网", "time": "观察者网2019年05月29日23:46 来自微博weibo.com", "transmit": " 转发 131", "comment": "评论 157", "zan": " 332"}, {"text": "\n                    【学术圈炸了！IEEE限制华为相关专家参与审稿】今日，一封邮件传遍了学术界：IEEE禁止华为的同事担任审稿人或编辑。邮件表明”可以让华为的同事留在我们的编辑委员会，但他们不能参与任何论文的审阅，直到华为从BIS名单中删除。对此，学术界表示深深地担忧， 南京大学周志华教授也发布朋友圈表示 ​  展开全文c \n                    【学术圈炸了！IEEE限制华为相关专家参与审稿】今日，一封邮件传遍了学术界：IEEE禁止华为的同事担任审稿人或编辑。邮件表明”可以让华为的同事留在我们的编辑委员会，但他们不能参与任何论文的审阅，直到华为从BIS名单中删除。对此，学术界表示深深地担忧， 南京大学周志华教授也发布朋友圈表示：赤裸裸的干涉学术，美帝毁尽三观..O学术圈炸了！IEEE限制华为相关专家参与审稿 收起全文d\n", "author": "TechWeb", "time": "TechWeb2019年05月29日15:13 来自微博weibo.com", "transmit": " 转发 123", "comment": "评论 174", "zan": " 487"}, {"text": "\n                    【怒退IEEE北大教授：将企业列“黑名单”，全世界的科学家都不能忍】29日，一则“#IEEE下令清理华为系审稿人# ”的消息在中国网友中引起广泛关注。消息显示，IEEE在一封邮件中，禁止华为员工作为旗下期刊杂志的编辑和审稿人，拿过华为科研经费的也不能作为审稿人。　　邮件被曝光之后，立即在学术圈 ​  展开全文c \n                    【怒退IEEE北大教授：将企业列“黑名单”，全世界的科学家都不能忍】29日，一则“#IEEE下令清理华为系审稿人# ”的消息在中国网友中引起广泛关注。消息显示，IEEE在一封邮件中，禁止华为员工作为旗下期刊杂志的编辑和审稿人，拿过华为科研经费的也不能作为审稿人。　　邮件被曝光之后，立即在学术圈引起轩然大波。北京大学信息科学技术学院教授张海霞29日公开致信IEEE 主席称，此举远超出一个学术人可以接受的底线，“做为IEEE 的会员和期刊编委，我必须表明自己的态度：我申请退出我所在的两个IEEE 期刊的编委会”。当天，张海霞就此事接受了《环球时报》的专访，专访实录如下↓↓  #北大教授退出IEEE编委# #对话为华为怒退IEEE的北大教授# O对话为华为怒退IEEE的北大教授:他们侮辱全世界科学家! 收起全文d\n", "author": "环球网", "time": "环球网2019年05月29日23:53 来自微博weibo.com", "transmit": " 转发 78", "comment": "评论 69", "zan": " 353"}, {"text": "\nIEEE直接把华为给踢了？？？？？禁止华为员工当他们审稿人或编辑。 ​                ", "author": "博士圈", "time": "博士圈2019年05月29日11:54 来自会做实验的Android", "transmit": " 转发 514", "comment": "评论 134", "zan": " 614"}, {"text": "\n                    《学术自由，华为除外！特朗普又给我们上了一课》全球最大学术组织IEEE拉黑华为！你们的良心被特朗普吃了吗？抱歉，学术真的有国界。#IEEE下令清理华为系审稿人# ​                ", "author": "乌鸦校尉", "time": "乌鸦校尉2019年05月29日22:54", "transmit": " 转发 254", "comment": "评论 47", "zan": " 327"}, {"text": "\n                    【北大张海霞教授致信IEEE主席：#北大教授退出IEEE编委# 】中国经营报消息，北京大学张海霞教授表示，惊闻IEEE下令禁止华为专家参与期刊审稿，远远超出了一个可以接受学术人的底线，做为IEEE的会员和期刊编委，必须表明自己的态度：“我申请退出我所在的两个IEEE期刊的编委会。”O北大教授张海霞致IEEE主席公开信：申请退出编委会 ​                ", "author": "新浪科技", "time": "新浪科技2019年05月29日21:05 来自微博weibo.com", "transmit": " 转发 79", "comment": "评论 5", "zan": " 250"}, {"text": "\n                    【国际电气学术组织IEEE禁止华为员工参与旗下杂志编审】近日，一则#IEEE下令清理华为系审稿人# 的消息登上热搜，邮件中禁止华为员工作为旗下期刊杂志的编辑和审稿人。消息曝出后，不少微博网友直呼“说好的科学无国界呢？”南京大学教授周志华评论称 “赤裸裸地干涉学术”。O国际电气学术组织IEEE禁止华为员工参与旗下杂志编审 ​                ", "author": "新浪科技", "time": "新浪科技2019年05月29日19:30 来自微博weibo.com", "transmit": " 转发 40", "comment": "评论 20", "zan": " 50"}, {"text": "\n                    【全球最大学术组织#IEEE下令清理华为系审稿人# 北大、清华两位教授宣布退出IEEE编委】Science without borders? This time, maybe not. An internal email circulating on Chinese social media platform Weibo shows the Institute of Electrical and Electronics Engineers (IEEE) saying that they ​  展开全文c \n                    【全球最大学术组织#IEEE下令清理华为系审稿人# 北大、清华两位教授宣布退出IEEE编委】Science without borders? This time, maybe not. An internal email circulating on Chinese social media platform Weibo shows the Institute of Electrical and Electronics Engineers (IEEE) saying that they cannot use colleagues from Huawei as reviewers or editors for the peer-review process of their journals. As the world's largest technical professional organization, IEEE has more than 423,000 members in over 160 countries and has a reputation for highly cited publications, conferences, technology standards, and professional and educational activities. But this time, their move has sparked huge outcry among academia. Professor Zhang Haixia, from the Institute of Microelectronics at Peking University, who's also an editorial board member of IEEE, decided to quit the editorial boards of the two IEEE journals she was involved with. @刘奕群THU Liu Yiqun, associate professor of Department of Computer Science and Technology of Tsinghua University also claimed to withdraw from his academic position at IEEE. #北大教授退出IEEE编委# For more: O网页链接 收起全文d\n", "author": "CGTN", "time": "CGTN2019年05月29日21:16 来自微博weibo.com", "transmit": " 转发 104", "comment": "评论 55", "zan": " 252"}, {"text": "\n                    【#北大教授回应退出IEEE编委#：禁令超出所有人的底线！】5月29日，IEEE（国际电气与电子工程师协会）发内部邮件下令禁止华为专家参与期刊审稿，北大教授张海霞怒发公开信，请辞IEEE编委一职。她告诉@梨视频文化 ，这个声明超出科学家、学术人的基本底线。“为什么要去做学术、为什么要参加学术 ​  展开全文c \n                    【#北大教授回应退出IEEE编委#：禁令超出所有人的底线！】5月29日，IEEE（国际电气与电子工程师协会）发内部邮件下令禁止华为专家参与期刊审稿，北大教授张海霞怒发公开信，请辞IEEE编委一职。她告诉@梨视频文化 ，这个声明超出科学家、学术人的基本底线。“为什么要去做学术、为什么要参加学术组织？就是因为相信我们是为科学工作，公开、公正、公平是最基本的原则，而这个声明让我们感觉到我们受到严重的挑战。不管是谁，如果他符合去审稿的标准，我都可以邀请他，哪怕这是我的对手，哪怕他是我的敌人，但是绝对不可以，因为他来自哪里，我就我就把他排除在外，这是一个基本的学术原则”。L梨视频文化的秒拍视频 收起全文d\n", "author": "经济观察报", "time": "经济观察报2019年05月29日21:55 来自微博weibo.com", "transmit": " 转发 34", "comment": "评论 17", "zan": " 118"}, {"text": "\n                    一位有态度的知识分子——张海霞。#IEEE下令清理华为系审稿人# ​                ", "author": "夜未央_Mars", "time": "夜未央_Mars2019年05月29日17:34 来自iPhone客户端", "transmit": " 转发 26", "comment": "评论 8", "zan": " 119"}, {"text": "\n                    【#IEEE下令清理华为系审稿人#，全球最大学术组织禁令邮件曝光】5月29日消息，IEEE被曝对华为说不。IEEE（Institute of Electrical and Electronics Engineers，国际电气与电子工程师协会），当今世界电子、电气、计算机、通信、自动化工程技术研究领域最著名、规模最大的非营利性跨国学术组织。其最 ​  展开全文c \n                    【#IEEE下令清理华为系审稿人#，全球最大学术组织禁令邮件曝光】5月29日消息，IEEE被曝对华为说不。IEEE（Institute of Electrical and Electronics Engineers，国际电气与电子工程师协会），当今世界电子、电气、计算机、通信、自动化工程技术研究领域最著名、规模最大的非营利性跨国学术组织。其最新曝光的相关邮件要求，禁止华为员工作为旗下期刊杂志的编辑和审稿人。接下来，华为相关的投稿、文章、会议赞助，以及分支协会职务，可能都会受到关联影响。邮件中称，由于美国商务部将华为列入黑名单，IEEE做出如下声明：“根据IEEE FAQ文档第12项，我们不能使用华为员工作为期刊的同行评审过程的审稿人或编辑。如果我们继续这样做，可能会产生严重的法律影响。我们可以让华为员工留在编辑委员会，只是不能处理任何文件，直到该公司从商务部黑名单中删除。我们别无选择，只能遵守这些新规定，强烈建议您执行以下程序:如果您的编辑委员会中有华为的编辑，请首先通知他们，并向他们解释情况。一旦您通知了这些编辑，请向所有编辑发送电子邮件，并告知他们不能再使用华为员工作为审稿人。如果目前有论文被分配给华为员工，请建议他们寻找替代者。请编辑向华为审核人员解释情况。”需要说明的是，华为一直是IEEE的重要支持力量。除了员工担任学术职务，作为技术巨头公司，华为与IEEE也有不少合作。这次IEEE发邮件，对华为说No，对于双方之间的合作，也必然会造成影响。对于这件突发的改变，让不少微博网友的三观崩塌。说好的“科学无国界”呢？（量子位） 收起全文d\n", "author": "中国经营报", "time": "中国经营报2019年05月29日13:57 来自微博weibo.com", "transmit": " 转发 142", "comment": "评论 115", "zan": " 60"}, {"text": "\n                    美国今天再次揭下虚伪面具，竟指使国际学术组织IEEE清理华为系审稿人，限制华为专家相关学术活动，把国内某些知识分子常挂在嘴边的“学术无国界”击的粉碎。我们清华、北大两位教授在得知此消息后，第一时间退出IEEE编委会和职务以示抗议，这才是知识分子应有的风骨和态度！#IEEE下令清理华为系审稿人# ​                ", "author": "建华Wei业", "time": "建华Wei业2019年05月29日19:34 来自HUAWEIMate20Pro", "transmit": " 转发 39", "comment": "评论 37", "zan": " 251"}, {"text": "\n                    【全球最大学术组织IEEE下令：清理华为系审稿人！】今日，一封邮件传遍了学术界：国际最大的工业界学术组织 IEEEIEEE禁止华为的同事担任审稿人或编辑。接下来，华为相关的投稿、文章、会议赞助，以及分支协会职务，可能都会受到关联影响。邮件显示：可以让华为的同事留在我们的编辑委员会，但他们不能 ​  展开全文c \n                    【全球最大学术组织IEEE下令：清理华为系审稿人！】今日，一封邮件传遍了学术界：国际最大的工业界学术组织 IEEEIEEE禁止华为的同事担任审稿人或编辑。接下来，华为相关的投稿、文章、会议赞助，以及分支协会职务，可能都会受到关联影响。邮件显示：可以让华为的同事留在我们的编辑委员会，但他们不能参与任何论文的审阅，直到华为从BIS名单中删除。说好的“科学无国界”呢？ 收起全文d\n", "author": "电脑报", "time": "电脑报2019年05月29日15:21 来自微博weibo.com", "transmit": " 转发 224", "comment": "评论 306", "zan": " 571"}, {"text": "\n                    【#IEEE下令清理华为系审稿人#后续：#北京大学教授辞去IEEE编委会职务#】此前，IEEE（全球电气与电子工程师协会）发通知禁止华为员工作为旗下期刊杂志的编辑和审稿人，此举引起轩然大波，“科学无国界”彷佛成了玩笑。北京大学张海霞教授已致函IEEE辞去编委会职务，表达自己对IEEE此举的抗议。南京 ​  展开全文c \n                    【#IEEE下令清理华为系审稿人#后续：#北京大学教授辞去IEEE编委会职务#】此前，IEEE（全球电气与电子工程师协会）发通知禁止华为员工作为旗下期刊杂志的编辑和审稿人，此举引起轩然大波，“科学无国界”彷佛成了玩笑。北京大学张海霞教授已致函IEEE辞去编委会职务，表达自己对IEEE此举的抗议。南京大学的周志华表示，IEEE本身并不是美国的组织，是注册在美国的世界性组织的。他的建议是，希望圈内的各级管理层专家向IEEE提议，改到瑞士之类的地方进行注册。也有知乎网友表示，BIS名单这个东西早就有了，但也没听说过IEEE因为法律原因禁止相关学校Reviewers审稿。O网页链接 收起全文d\n", "author": "虎嗅APP", "time": "虎嗅APP2019年05月29日18:06 来自微博weibo.com", "transmit": " 转发 85", "comment": "评论 65", "zan": " 92"}, {"text": "\n                    【#北大教授回应退出IEEE编委#：禁令超出所有人的底线！】5月29日，IEEE（国际电气与电子工程师协会）发内部邮件下令禁止华为专家参与期刊审稿，北大教授张海霞怒发公开信，请辞IEEE编委一职。她告诉@梨视频文化 ，这个声明超出科学家、学术人的基本底线。“为什么要去做学术、为什么要参加学术 ​  展开全文c \n                    【#北大教授回应退出IEEE编委#：禁令超出所有人的底线！】5月29日，IEEE（国际电气与电子工程师协会）发内部邮件下令禁止华为专家参与期刊审稿，北大教授张海霞怒发公开信，请辞IEEE编委一职。她告诉@梨视频文化 ，这个声明超出科学家、学术人的基本底线。“为什么要去做学术、为什么要参加学术组织？就是因为相信我们是为科学工作，公开、公正、公平是最基本的原则，而这个声明让我们感觉到我们受到严重的挑战。不管是谁，如果他符合去审稿的标准，我都可以邀请他，哪怕这是我的对手，哪怕他是我的敌人，但是绝对不可以，因为他来自哪里，我就我就把他排除在外，这是一个基本的学术原则”。#北大教授退出IEEE编委# L梨视频文化的秒拍视频 收起全文d\n", "author": "东方今报", "time": "东方今报2019年05月29日20:37 来自iPhone客户端", "transmit": " 转发 134", "comment": "评论 110", "zan": " 103"}, {"text": "\n                    美国🇺🇸现在的不要碧莲是体现在全方位的。 还有没有契约精神，说好的学术无国界学术自由呢？IEEE也限制华为专家参与审稿。 ​                ", "author": "南江何佳", "time": "南江何佳2019年05月29日14:05 来自iPhone8Plus", "transmit": " 转发 42", "comment": "评论 62", "zan": " 145"}, {"text": "\nIEEE，Institute of Electrical and Electronics Engineers，国际电气与电子工程师协会，电子、电气、计算机、通信、自动化工程技术研究领域最著名、规模最大的非营利性跨国学术组织。最新曝光的相关邮件要求，禁止华为员工作为旗下期刊杂志的编辑和审稿人。那些跟我说科学无国界的出来再蹦跶蹦跶 ​  展开全文c \nIEEE，Institute of Electrical and Electronics Engineers，国际电气与电子工程师协会，电子、电气、计算机、通信、自动化工程技术研究领域最著名、规模最大的非营利性跨国学术组织。最新曝光的相关邮件要求，禁止华为员工作为旗下期刊杂志的编辑和审稿人。那些跟我说科学无国界的出来再蹦跶蹦跶呗。。。 #IEEE下令清理华为系审稿人# 收起全文d\n", "author": "贼叉", "time": "贼叉2019年05月29日13:45 来自当世黎曼Android", "transmit": " 转发 98", "comment": "评论 108", "zan": " 158"}]