[{"text": "\n                    截至目前，包括SD存储卡协会（SDA）、Wi-Fi联盟、蓝牙技术联盟和 JEDEC 协会（固态技术协会）等行业组织，也全部决定重新恢复华为的会员资格！北京时间2019年6月3日；全球最大学术组织IEEE正式宣布：全部解除IEEE对华为的禁令！！！恢复华为的所有评审，审稿资格。华为不是中兴打铁还需自身硬！ ​                ", "author": "郎咸平", "time": "郎咸平2019年06月04日09:13 来自iPhone7", "transmit": " 转发 515", "comment": "评论 ", "zan": " 1302"}, {"text": "\n                    【科技日报：华为，美国到底怕它什么】从被列入美国商务部“实体名单”，到IEEE限制华为专家参与审稿，再到6月3日，IEEE忽又宣布限制解除。刀光剑影下，问题浮现每个人心中：一家中国民企面前，号称世界头号强国的美国，到底在怕什么？答案，可以简单归结为贸易竞争，但也可能远比从经济角度所看到的更 ​  展开全文c \n                    【科技日报：华为，美国到底怕它什么】从被列入美国商务部“实体名单”，到IEEE限制华为专家参与审稿，再到6月3日，IEEE忽又宣布限制解除。刀光剑影下，问题浮现每个人心中：一家中国民企面前，号称世界头号强国的美国，到底在怕什么？答案，可以简单归结为贸易竞争，但也可能远比从经济角度所看到的更为惊悚。对华为乃至中国科技疯狂扼杀的背后，是一个不公正秩序对革新力量做出的反扑。O科技日报：华为，美国到底怕它什么 收起全文d\n", "author": "新浪财经", "time": "新浪财经2019年06月04日09:28 来自微博weibo.com", "transmit": " 转发 106", "comment": "评论 159", "zan": " 586"}, {"text": "\n                    【早财经丨#工信部近期发放5G商用牌照#，最快或在本周发放；#wwdc# ：#iPad也有自己的系统了#  、苹果号称史上最强的#Mac Pro价格#5999美元起、#iOS13#推出黑暗模式；#孙宇晨456万美元拍下巴菲特午餐# ；美科技巨头遭反垄断调查 #美国科技股暴跌# ；#教育部发布2019年第1号留学预警#； ​  展开全文c \n                    【早财经丨#工信部近期发放5G商用牌照#，最快或在本周发放；#wwdc# ：#iPad也有自己的系统了#  、苹果号称史上最强的#Mac Pro价格#5999美元起、#iOS13#推出黑暗模式；#孙宇晨456万美元拍下巴菲特午餐# ；美科技巨头遭反垄断调查 #美国科技股暴跌# ；#教育部发布2019年第1号留学预警#；#IEEE解除对华为限制#】如果你参加巴菲特午餐，你会向他请教什么？欢迎留言。O早财经丨监管重拳致美科技股重挫；巴菲特午餐历史最高价竞拍人揭晓；5G商用牌照或本周发布 O早财经丨FANG万亿市值蒸发；90后中国区块链人士拍下巴菲特午餐 收起全文d\n", "author": "每日经济新闻", "time": "每日经济新闻2019年06月04日07:25 来自微博weibo.com", "transmit": " 转发 31", "comment": "评论 46", "zan": " 441"}, {"text": "\n                    无法退休的75岁老人任正非！他是个糖尿病患者，本来都快退休。熟悉他的人说他非常节俭，超级爱读书。本来可以有点清净日子。但近期来看是很难了。他43岁时被炒鱿鱼，不得不创业雇佣自己。75岁公司做得太大，不得不抛头露面，面对全世界。伟大的背后必是苦难，愿任老和华为一切都好！ ​  展开全文c \n                    无法退休的75岁老人任正非！他是个糖尿病患者，本来都快退休。熟悉他的人说他非常节俭，超级爱读书。本来可以有点清净日子。但近期来看是很难了。他43岁时被炒鱿鱼，不得不创业雇佣自己。75岁公司做得太大，不得不抛头露面，面对全世界。伟大的背后必是苦难，愿任老和华为一切都好！#IEEE解除对华为限制# 收起全文d\n", "author": "军人之家", "time": "军人之家2019年06月04日18:42", "transmit": " 转发 35", "comment": "评论 21", "zan": " 193"}, {"text": "\n#IEEE解除对华为限制#大家需要看到几个消息点。第一，lEEE加限是怕商务部禁令自己加戏，解限是商务部澄清后把加的戏再减去，其它组织的类似情况也大同小异，孰本孰末要清楚。第二，这几天美其实在悄悄往后退，原因也许是开副本太多暂时转移重点，也可能想憋到大阪继续讨价还价。第三，既然问题在白 ​  展开全文c \n#IEEE解除对华为限制#大家需要看到几个消息点。第一，lEEE加限是怕商务部禁令自己加戏，解限是商务部澄清后把加的戏再减去，其它组织的类似情况也大同小异，孰本孰末要清楚。第二，这几天美其实在悄悄往后退，原因也许是开副本太多暂时转移重点，也可能想憋到大阪继续讨价还价。第三，既然问题在白宫，而白宫又是玩变脸的，所以紧不足忧，松亦不足喜 2加拿大·温哥华 收起全文d\n", "author": "陶短房", "time": "陶短房2019年06月04日07:21 来自HUAWEIP10Plus", "transmit": " 转发 91", "comment": "评论 44", "zan": " 228"}]