[{"text": "\n                    前几天IEEE取消了华为的审稿人资格，隔几天中国计算机学会CCF就宣布：暂时中止与IEEE通信学会合作，即刻生效！这也太硬气了吧 ​                ", "author": "IT工程师", "time": "IT工程师2019年06月01日11:26 来自微博weibo.com", "transmit": " 转发 79", "comment": "评论 81", "zan": " 1006"}, {"text": "\n#北京身边事# 【北大教授退出IEEE编委，回应称：损伤了所有学术人的基本底线】近日，IEEE通过邮件宣布华为员工将被禁止作为旗下期刊杂志的编辑和审稿人。北京大学教授、IEEE编委张海霞发声明申请退出编委会，她回应：IEEE的决定损伤了所有科学家、学术人的基本底线。L老板联播的秒拍视频 ​                ", "author": "北京人的那些事儿", "time": "北京人的那些事儿2019年06月01日11:12 来自微博weibo.com", "transmit": " 转发 631", "comment": "评论 631", "zan": " 380"}, {"text": "\n                    【#中国计算机学会宣布暂时中止与IEEE合作！#】5月29日，IEEE在一则通知中表示，将禁止华为员工作为旗下期刊杂志的编辑和审稿人。5月30日，IEEE发表了一则声明指出，美国贸易限令对全球IEEE会员影响轻微，但如果违反美国出口管制条例将受到重大的民事或刑事处罚，包括罚款或监禁。。 ​  展开全文c \n                    【#中国计算机学会宣布暂时中止与IEEE合作！#】5月29日，IEEE在一则通知中表示，将禁止华为员工作为旗下期刊杂志的编辑和审稿人。5月30日，IEEE发表了一则声明指出，美国贸易限令对全球IEEE会员影响轻微，但如果违反美国出口管制条例将受到重大的民事或刑事处罚，包括罚款或监禁。。O中国计算机学会宣布暂时中止与IEEE合作！ 收起全文d\n", "author": "集微网官网", "time": "集微网官网2019年06月01日18:40 来自微博weibo.com", "transmit": " 转发 42", "comment": "评论 122", "zan": " 937"}]