[{"text": "\n                    【是否已全面封杀华为？英国大臣首次表态】商业公司放弃5G合作、大学停收资助，英国是否已下定决心追随其他“五眼联盟”，在本国“封杀”华为？英国分管数码、文化、媒体与体育事务的大臣杰瑞米·怀特表示：先打住，这事儿还没板上钉钉…上周，英国下议院连续致信怀特等多位内阁大臣，要求他们明确表 ​  展开全文c \n                    【是否已全面封杀华为？英国大臣首次表态】商业公司放弃5G合作、大学停收资助，英国是否已下定决心追随其他“五眼联盟”，在本国“封杀”华为？英国分管数码、文化、媒体与体育事务的大臣杰瑞米·怀特表示：先打住，这事儿还没板上钉钉…上周，英国下议院连续致信怀特等多位内阁大臣，要求他们明确表态政府是否已决定禁用华为。他近日在采访中表示，政府尚未决定将华为排除出包括关键合同在内的商业竞标，5G是非常重要的技术，“有必要审慎应对。”在本周三（23日）参加达沃斯论坛期间，怀特接受了《每日电讯报》专访，首次公开表态：“华为尚未被排除在本国的商业合同竞标之外”。O英国文化大臣：华为还能竞标英国敏感性质合同 收起全文d\n", "author": "科工力量", "time": "科工力量2019年01月24日21:30 来自微博weibo.com", "transmit": " 转发 7", "comment": "评论 22", "zan": " 29"}, {"text": "\n                    【英国查尔斯王子的慈善基金将停止接受华为捐赠】O英国查尔斯王子的慈善基金将停止接受华为捐赠 ​                ", "author": "早报网", "time": "早报网2019年01月24日22:48 来自微博weibo.com", "transmit": " 转发 176", "comment": "评论 261", "zan": " 182"}]