[{"text": "\n                    虽然华为5G设备被不少国家禁止采购，但由于技术领先，在强大压力之下英国还是有好几家运营商选择了华为。而之前同样想要拒绝华为5G的印度后来也反悔了，前段时间还邀请华为参与5G测试。今天外媒更是报道印度电信巨头Bharti Airtel与华为已经在印度完成了首个5G基站的网速测试，传送数据数率超过3Gb/秒 ​  展开全文c \n                    虽然华为5G设备被不少国家禁止采购，但由于技术领先，在强大压力之下英国还是有好几家运营商选择了华为。而之前同样想要拒绝华为5G的印度后来也反悔了，前段时间还邀请华为参与5G测试。今天外媒更是报道印度电信巨头Bharti Airtel与华为已经在印度完成了首个5G基站的网速测试，传送数据数率超过3Gb/秒（约384MB/s），这可比之前华为在意大利测试的2.7Gb/秒（345MB/s）还要高。同时华为也在一份声明当中表示：目前两家公司已经完成了印度首个5G网络试验。 这一次的测试是在印度电信Bharti Airtel古尔冈网络实验室进行的，测试地点仅距离新德里非常近。Bharti Airtel网络总监在完成与华为的5G网速测试后，兴奋的表示：这是我们迈向5G的一小步，但是非常重要的一步。未来5G的发展不可估量，不仅能够改变现在的通讯世界，而且还能够改变我们的生活方式。 这一次的测试环境是在3.5GHz频段中移动网络进行，带宽为100MHz，华为5G的设备在实际测试当中超过了3Gb/秒（约384MB/s）的数据传输，这不仅比之前华为在米兰测试的5G网速（约345MB/s）还高，还比之前AT&T在美国测试的5G网速（194Mbps）快了大约15倍，要知道美国是发起抵制华为的首个西方国家，但是没想到他们的5G却如此落后。比诺基亚在伦敦测试的5G网络速度（700Mbps）快了大约4倍左右。可见华为在5G网络方面的优势有多明显！ 不过印度电信也表示：目前印度的4G网速仅仅只有6.07Mbps，比全球平均速度16.9Mbps低10Mbps，所以印度5G方面正式推出还需要两三年的时间。所以还要很大的潜力，需要与华为合作，进行不断的大量5G网络测试。手机 收起全文d\n", "author": "手机数码那些事", "time": "手机数码那些事2019年01月05日17:18 来自iPhone客户端", "transmit": " 转发 9", "comment": "评论 3", "zan": " 6"}]