[{"text": "\n                    【News|英国电信成首个在中国取得牌照的国际电信公司】英国电信（BT）官网25日刊文称，BT获得了中国全国IP-VPN许可证和中国全国互联网接入服务提供商（ISP）许可证。自2005年起，英国电信就与华为开展合作。目前该公司与华为在5G网络建设上的合作进展顺利。#英国电信称在中国取得牌照# ​                ", "author": "华闻周刊", "time": "华闻周刊2019年01月26日18:09 来自微博weibo.com", "transmit": " 转发 14", "comment": "评论 105", "zan": " 111"}]