[{"text": "\n                    脱欧后英国会更愿意跟中国做生意吗？别天真了。反对脱欧的卡梅伦执政时期，中英关系进入“黄金时代”。卡梅伦有一个明确的战略，就是将英国打造为中国进入欧洲的桥头堡。但特朗普不希望中国企业进入欧洲市场。因此，他不仅公开支持英国脱欧，而且极力阻止华为等中国企业在英国通讯行业发挥作用。 ​  展开全文c \n                    脱欧后英国会更愿意跟中国做生意吗？别天真了。反对脱欧的卡梅伦执政时期，中英关系进入“黄金时代”。卡梅伦有一个明确的战略，就是将英国打造为中国进入欧洲的桥头堡。但特朗普不希望中国企业进入欧洲市场。因此，他不仅公开支持英国脱欧，而且极力阻止华为等中国企业在英国通讯行业发挥作用。O罗思义：英国脱欧危机对中国有何影响 收起全文d\n", "author": "JohnRoss431", "time": "JohnRoss4312019年02月01日10:07 来自微博weibo.com", "transmit": " 转发 92", "comment": "评论 31", "zan": " 95"}, {"text": "\n                    反对脱欧的卡梅伦执政时期，中英关系进入“黄金时代”。卡梅伦有一个明确的战略，就是将英国打造为中国进入欧洲的桥头堡。但特朗普不希望中国企业进入欧洲市场。因此，他不仅公开支持英国脱欧，而且极力阻止华为等中国企业在英国通讯行业发挥作用。O罗思义：英国脱欧危机对中国有何影响 ​                ", "author": "JohnRoss431", "time": "JohnRoss4312019年02月01日10:22 来自微博weibo.com", "transmit": " 转发 15", "comment": "评论 5", "zan": " 25"}]