[{"text": "\n                    【早新闻】七大部委2019年投资关键词出炉；董明珠被提名格力董事候选人，刘姝威参选独董；第四次全国经济普查启动；2018全球研发投资的排名：华为113亿欧元排名第5；英国将于今年3月29日正式离开欧盟。更多：O早新闻| 七大部委2019年投资关键词出炉；董明珠被提名格力董事候选人，刘姝威参选独董；第四次全国经济普查启动 ​                ", "author": "每日经济新闻", "time": "每日经济新闻2019年01月02日08:18 来自微博weibo.com", "transmit": " 转发 25", "comment": "评论 9", "zan": " 108"}, {"text": "\n                    【港媒：排挤华为，西方公司陷入了窘境】香港亚洲时报在线1月1日报道称，澳大利亚、英国、加拿大和美国的高层官员最近都称，使用中国华为的设备会对国家安全构成威胁。但对这些国家的服务提供商来说，赞同这种评估却带来一个隐忧：没有任何好的替代选项。       报道称，华为已经能够以只相对于竞争对 ​  展开全文c \n                    【港媒：排挤华为，西方公司陷入了窘境】香港亚洲时报在线1月1日报道称，澳大利亚、英国、加拿大和美国的高层官员最近都称，使用中国华为的设备会对国家安全构成威胁。但对这些国家的服务提供商来说，赞同这种评估却带来一个隐忧：没有任何好的替代选项。       报道称，华为已经能够以只相对于竞争对手一小部分的价格提供有关设备和服务。诺基亚和爱立信都在费劲地追赶华为，三星正往这个领域投入巨资，但是来晚了。 华为对话全球电信设备供应商巨头：不要误会，我不是针对谁，我是说在座的各位都是辣鸡 收起全文d\n", "author": "新浪军事", "time": "新浪军事2019年01月02日10:16 来自微博weibo.com", "transmit": " 转发 106", "comment": "评论 99", "zan": " 335"}]