[{"text": "\n                    德国人在反思对华为的敏感，英国人已经表态，相信欧洲不会随意跟随美国压制华为。 ​                ", "author": "海滨政经述-橡谷智库", "time": "海滨政经述-橡谷智库2019年02月27日11:49 来自微博HTML5版", "transmit": " 转发 8", "comment": "评论 15", "zan": " 36"}, {"text": "\n                    【任正非：孟晚舟没技术背景 她永生永世不可能做接班人】2月18日，华为创始人、CEO任正非接受英国广播公司BBC的专访。在采访中，任正非谈到了华为接班人问题，任正非表示，“孟晚舟永生永世不可能做接班人，因为她没有技术背景，我不能完全从父亲的角度看儿女的发展轨迹。”此外，任正非还表示，“这次 ​  展开全文c \n                    【任正非：孟晚舟没技术背景 她永生永世不可能做接班人】2月18日，华为创始人、CEO任正非接受英国广播公司BBC的专访。在采访中，任正非谈到了华为接班人问题，任正非表示，“孟晚舟永生永世不可能做接班人，因为她没有技术背景，我不能完全从父亲的角度看儿女的发展轨迹。”此外，任正非还表示，“这次的磨难应该对她来说也是人生难得的机会。这么大一件事对她未来成长一定是插上了翅膀，要感谢美国政府给孟晚舟插了一个坚强的翅膀。”（这视频）L这视频的秒拍视频 收起全文d\n", "author": "创新二哥", "time": "创新二哥2019年02月27日08:17 来自三星GalaxyS9+", "transmit": " 转发 18", "comment": "评论 4", "zan": " 33"}, {"text": "\n                    蔡福顺图片微博任正非：孟晚舟永生永世不可能做接班人2月18日，华为创始人、CEO任正非接受英国广播公司BBC的专访。在采访中，任正非谈到了华为接班人问题，任正非表示，“孟晚舟永生永世不可能做接班人，因为她没有技术背景，我不能完全从父亲的角度看儿女的发展轨迹。”此外，任正非还表示，“这 ​  展开全文c \n                    蔡福顺图片微博任正非：孟晚舟永生永世不可能做接班人2月18日，华为创始人、CEO任正非接受英国广播公司BBC的专访。在采访中，任正非谈到了华为接班人问题，任正非表示，“孟晚舟永生永世不可能做接班人，因为她没有技术背景，我不能完全从父亲的角度看儿女的发展轨迹。”此外，任正非还表示，“这次的磨难应该对她来说也是人生难得的机会。这么大一件事对她未来成长一定是插上了翅膀，要感谢美国政府给孟晚舟插了一个坚强的翅膀。” 收起全文d\n", "author": "蔡福顺微博", "time": "蔡福顺微博2019年02月27日08:30 来自HUAWEIMate20X", "transmit": " 转发 99", "comment": "评论 49", "zan": " 34"}, {"text": "\n                    【任正非明确表示：孟晚舟永生永世不可能做接班人 】这些话出自任正非2月18日接受英国广播公司BBC的那次专访。在采访中，任正非谈到了华为接班人问题，他明确表示：“孟晚舟永生永世不可能做接班人，因为她没有技术背景。”他同时称自己不能完全从父亲的角度去决定儿女发展的轨迹，希望看到儿女自由飞 ​  展开全文c \n                    【任正非明确表示：孟晚舟永生永世不可能做接班人 】这些话出自任正非2月18日接受英国广播公司BBC的那次专访。在采访中，任正非谈到了华为接班人问题，他明确表示：“孟晚舟永生永世不可能做接班人，因为她没有技术背景。”他同时称自己不能完全从父亲的角度去决定儿女发展的轨迹，希望看到儿女自由飞翔，“每个小孩都要有个性”。不过，他也欣慰地说：“我的小孩个性都很强，都很努力，都想自己变优秀。”O追踪 | 任正非明确表示：孟晚舟永生永世不可能做接班人 收起全文d\n", "author": "中国青年报", "time": "中国青年报2019年02月27日13:00 来自微博weibo.com", "transmit": " 转发 35", "comment": "评论 19", "zan": " 175"}]