[{"text": "\n                    【指逮捕严重侵犯宪法权利 孟晚舟律师团队状告加政府】另据美国《纽约时报》和英国路透社等媒体昨天报道，华为公司还准备就去年美国国会通过、并由白宫签署的“国防授权法案”中的一项条款起诉美国政府。O指逮捕严重侵犯宪法权利 孟晚舟律师团队状告加政府 ​                ", "author": "早报网", "time": "早报网2019年03月05日10:21 来自微博weibo.com", "transmit": " 转发 22", "comment": "评论 79", "zan": " 59"}, {"text": "\n华为豁出去了！孟女士起诉了加拿大政府，又准备起诉美国政府！  美国《纽约时报》与英国路透社等多家媒体宣称，华为除起诉加拿大政府外，还准备起诉美国政府。 华为起诉美国政府的理由是，美国政府打压华为的做法构成了“剥夺公权法案”的情形，是明显的“未审先判”，违反了美国国家宪法。支持华为 ​  展开全文c \n华为豁出去了！孟女士起诉了加拿大政府，又准备起诉美国政府！  美国《纽约时报》与英国路透社等多家媒体宣称，华为除起诉加拿大政府外，还准备起诉美国政府。 华为起诉美国政府的理由是，美国政府打压华为的做法构成了“剥夺公权法案”的情形，是明显的“未审先判”，违反了美国国家宪法。支持华为拿起法律武器以子之矛，攻子之盾，起诉美国政府。作为全球商界一家最有影响力的公司之一，华为通过法律诉讼捍卫自身公平发展权利的壮举，注定要写在世界商业发展史上！ 收起全文d\n", "author": "王牌盯盘", "time": "王牌盯盘2019年03月05日08:26 来自华为P9手机摄影再突破", "transmit": " 转发 13", "comment": "评论 93", "zan": " 171"}, {"text": "\n华为也是豁出去了，刚刚起诉了加拿大政府，又准备起诉美国政府！        美国《纽约时报》与英国路透社等多家媒体宣称，华为除起诉加拿大政府外，还准备起诉美国政府。 华为起诉美国政府的理由是，美国政府打压华为的做法构成了“剥夺公权法案”的情形，是明显的“未审先判”，违反了美国国家 ​  展开全文c \n华为也是豁出去了，刚刚起诉了加拿大政府，又准备起诉美国政府！        美国《纽约时报》与英国路透社等多家媒体宣称，华为除起诉加拿大政府外，还准备起诉美国政府。 华为起诉美国政府的理由是，美国政府打压华为的做法构成了“剥夺公权法案”的情形，是明显的“未审先判”，违反了美国国家宪法。        前些年，俄罗斯的知名杀毒软件公司卡巴斯基遭到美国政府以“间谍”为名封杀，该公司以同样理由起诉美国政府，但美国法院最终判决其败诉。        支持华为拿起法律武器以子之矛，攻子之盾，起诉美国政府。美国坚称司法独立，常说“正义会以看得见的方式实现”，虽说华为可能命途多舛，但不定也可能柳暗花明。即使最终改变不了结果，也让世界看清美国的真面目，同时也给华为公司打打广告。        作为全球商界一家最有影响力的公司之一，华为通过法律诉讼捍卫自身公平发展权利的壮举，注定要写在世界商业发展史上！ 收起全文d\n", "author": "法官爱民", "time": "法官爱民2019年03月05日07:46 来自法官说法超话", "transmit": " 转发 15", "comment": "评论 13", "zan": " 50"}, {"text": "\n                    【美媒突发：华为准备起诉美国政府！】华为决定就孟晚舟案起诉加拿大政府一事，引起了国内外很多人的关注。但这似乎并不是华为公司为了维护自己权益而准备采取的唯一一个法律行动。《纽约时报》和英国路透社等多家外媒就宣称，华为还准备起诉美国政府。O美媒突发：华为准备起诉美国政府！ ​                ", "author": "界面新闻", "time": "界面新闻2019年03月05日08:31", "transmit": " 转发 19", "comment": "评论 31", "zan": " 56"}]