[{"text": "\n                    【牛津大学亮出红灯，华为海外之路再生荆棘】据德媒1月18日报道，英国牛津大学决定停止接受来自中国华为公司的捐款。牛津大学方面表示，“无论是研究合作还是慈善捐助，校方决定都不再向华为及其关联机构寻求新的合作机会，但是，已经合作的项目将会继续下去，做出这样的决定，是因为最近几个月来华为 ​  展开全文c \n                    【牛津大学亮出红灯，华为海外之路再生荆棘】据德媒1月18日报道，英国牛津大学决定停止接受来自中国华为公司的捐款。牛津大学方面表示，“无论是研究合作还是慈善捐助，校方决定都不再向华为及其关联机构寻求新的合作机会，但是，已经合作的项目将会继续下去，做出这样的决定，是因为最近几个月来华为和英国盟友的关系引发公众担忧。”#近距离看欧洲# 收起全文d\n", "author": "欧洲时报", "time": "欧洲时报2019年01月19日11:00 来自微博weibo.com", "transmit": " 转发 42", "comment": "评论 67", "zan": " 56"}]