[{"text": "\n                    近日，91岁高龄的香港首富李嘉诚助力华为5G挺进英国市场。在英国起初排挤华为的情况下，李嘉诚轻轻一出手，便帮任正非解决了国际5G布局一大难题——此举也让华为5G在全球攻城略地的进程中，打下了重要的里程碑。如今，英国最大的运营商之一O2已经与华为合作布局5G网络建设，部分基站已经在伦敦落成。如 ​  展开全文c \n                    近日，91岁高龄的香港首富李嘉诚助力华为5G挺进英国市场。在英国起初排挤华为的情况下，李嘉诚轻轻一出手，便帮任正非解决了国际5G布局一大难题——此举也让华为5G在全球攻城略地的进程中，打下了重要的里程碑。如今，英国最大的运营商之一O2已经与华为合作布局5G网络建设，部分基站已经在伦敦落成。如此可见，没有李嘉诚的助力，华为5G在英国布局的进程将会艰难冲冲。由此可见，李嘉诚对于5G未来以及华为的实力是... O网页链接 收起全文d\n", "author": "血色军刀999", "time": "血色军刀9992019年01月28日11:20 来自荣耀10AI变色更潮美", "transmit": " 转发 127", "comment": "评论 80", "zan": " 198"}, {"text": "\n                    据传【91岁高龄的李嘉诚助华为5G挺进英国】在英国起初排挤华为的情况下，李嘉诚轻轻一出手，便帮任正非解决了国际5G布局一大难题——此举也让华为5G在全球攻城略地的进程中，打下了重要的里程碑。如今，英国最大的运营商之一O2已与华为合作布局5G网络建设，部分基站已在伦敦落成。 O网页链接 ​                ", "author": "陈永东", "time": "陈永东2019年01月28日14:05 来自iPhone7Plus", "transmit": " 转发 27", "comment": "评论 10", "zan": " 11"}, {"text": "\n                    【T早报|特朗普政府向多国施压 阻拦华为参与5G建设；沃达丰暂停在核心网络中部署华为设备；谷歌将在2020年推出新车载安卓系统】推荐：英国电信宣布在华获全国电信牌照 成国际首家；福建晋华将向美国商务部申诉 要求停止出口管制；贵阳市与腾讯推进数字化合作 OT早报|特朗普政府向多国施压 阻拦华为参与5G建设；沃达丰暂停在核心网络中部署华为设备；谷歌将在2020年推出新车载安卓系统 ​                ", "author": "财新网", "time": "财新网2019年01月28日09:55 来自财新网", "transmit": " 转发 10", "comment": "评论 14", "zan": " 30"}]