[{"text": "\n                    【港媒：美施压盟友封堵华为遭冷落 德意英拒绝追随】香港亚洲时报网站：在特朗普政府继续打压华为公司之际，美国官员向盟友施压的努力在欧洲似乎没有奏效。德国、意大利和英国近日发出信号：它们不会禁用中国的设备。  O港媒：美施压盟友封堵华为遭冷落 德意英拒绝追随 ​                ", "author": "参考消息", "time": "参考消息2019年02月11日11:26 来自微博weibo.com", "transmit": " 转发 25", "comment": "评论 18", "zan": " 113"}]