[{"text": "\n                    【加州大学伯克利分校停止接受来自华为的研究资助】根据《自然》报道，继英国牛津大学宣布暂停接受来自华为的资金之后，另一世界名校加州大学伯克利分校在上月美国司法部公布了对于华为参与窃取美国技术的刑事指控之后，宣布不再参与和华为的新的合作。除此之外，德州大学奥斯汀分校也在重新审查与华为 ​  展开全文c \n                    【加州大学伯克利分校停止接受来自华为的研究资助】根据《自然》报道，继英国牛津大学宣布暂停接受来自华为的资金之后，另一世界名校加州大学伯克利分校在上月美国司法部公布了对于华为参与窃取美国技术的刑事指控之后，宣布不再参与和华为的新的合作。除此之外，德州大学奥斯汀分校也在重新审查与华为的关系，而华为是其在世界范围内的主要赞助者之一。O网页链接 收起全文d\n", "author": "知识分子", "time": "知识分子2019年02月03日17:15 来自微博weibo.com", "transmit": " 转发 148", "comment": "评论 120", "zan": " 97"}, {"text": "\n                    值得深读｜\"一家英国电讯公司在评价华为时，讲出了一件大家都隐约知道，但并不太愿意相信的事实：华为是一家中国的美国公司。\" O一曲无声的赞歌 ​                ", "author": "brainnews脑科学新闻", "time": "brainnews脑科学新闻2019年02月03日00:53 来自brainnewsAndroid", "transmit": " 转发 32", "comment": "评论 2", "zan": " 35"}]