[{"text": "\n                    【诺基亚，下；华为，上】英国第二大移动通讯运营商“西班牙电信英国公司”（O2）明年1月将继续测试华为5G设备。该公司发言人表示，为“保证客户享受最佳网络体验，将与所有供应商合作”。O2将于明年1月开始，在伦敦200个通讯基站测试华为的5G无线通讯设备，希望替换目前正在使用中的诺基亚设备。华为 ​  展开全文c \n                    【诺基亚，下；华为，上】英国第二大移动通讯运营商“西班牙电信英国公司”（O2）明年1月将继续测试华为5G设备。该公司发言人表示，为“保证客户享受最佳网络体验，将与所有供应商合作”。O2将于明年1月开始，在伦敦200个通讯基站测试华为的5G无线通讯设备，希望替换目前正在使用中的诺基亚设备。华为发言人向彭博社介绍，该合同数周以前就已签好。 O英国电信运营商O2将测用华为5G设备，替换诺基亚 收起全文d\n", "author": "环球网", "time": "环球网2018年12月23日14:11", "transmit": " 转发 45", "comment": "评论 60", "zan": " 238"}, {"text": "\n英国政府在对待华为的态度上，算是追随美国比较坚决的，无奈老天不做美，刚拒绝了华为，英国的电信设备就陷入全面瘫痪，这等于是为运营商敲了警钟，政府可以一厢情愿地站队，但运营商可不敢任性而为，英国最大的电信运营商之一O2公司，开始对伦敦200个基站测试华为的5G设备。英国如此，其他国家也没什 ​  展开全文c \n英国政府在对待华为的态度上，算是追随美国比较坚决的，无奈老天不做美，刚拒绝了华为，英国的电信设备就陷入全面瘫痪，这等于是为运营商敲了警钟，政府可以一厢情愿地站队，但运营商可不敢任性而为，英国最大的电信运营商之一O2公司，开始对伦敦200个基站测试华为的5G设备。英国如此，其他国家也没什么两样，在技术革命日新月异的今天，拒绝新技术只不过是自绝生路。从英国的情况来看，围堵华为的壁垒其实很脆弱，随时可能土崩瓦解。 收起全文d\n", "author": "陶永谊", "time": "陶永谊2018年12月23日21:52 来自荣耀V10我AI的快", "transmit": " 转发 43", "comment": "评论 46", "zan": " 129"}, {"text": "\n                    【英媒：英国移动公司顶住政治压力 坚持用华为5G设备】英国《金融时报》网站：英国移动通信网络运营商O2将在明年1月推进测试华为的5G设备，尽管这家中国电信设备供应商正面临越来越大的政治压力。O2将在位于伦敦各地的200个基站测试华为设备。这将是自11月美国和英国表示对这家中国公司有安全担忧以来 ​  展开全文c \n                    【英媒：英国移动公司顶住政治压力 坚持用华为5G设备】英国《金融时报》网站：英国移动通信网络运营商O2将在明年1月推进测试华为的5G设备，尽管这家中国电信设备供应商正面临越来越大的政治压力。O2将在位于伦敦各地的200个基站测试华为设备。这将是自11月美国和英国表示对这家中国公司有安全担忧以来，华为5G设备首次被部署。O网页链接 收起全文d\n", "author": "参考消息", "time": "参考消息2018年12月23日17:00 来自微博weibo.com", "transmit": " 转发 103", "comment": "评论 73", "zan": " 316"}, {"text": "\n                    ●华为5G重要消息｜再下一城！多家英媒证实，英国三大运营商将采用华为5G设备，都在明年初试运营，美国惨被老弟英国打脸。据英国《金融时报》等媒体消息，英国移动电信运营商O2透露，该公司将继续在5G测试中使用华为的设备。O2已证实将于明年1月份进行5G通讯网络试运营，届时将在伦敦200多个地点使 ​  展开全文c \n                    ●华为5G重要消息｜再下一城！多家英媒证实，英国三大运营商将采用华为5G设备，都在明年初试运营，美国惨被老弟英国打脸。据英国《金融时报》等媒体消息，英国移动电信运营商O2透露，该公司将继续在5G测试中使用华为的设备。O2已证实将于明年1月份进行5G通讯网络试运营，届时将在伦敦200多个地点使用华为硬件设备。O2表示，该公司将继续在伦敦进行5G测试，其中包括努力确保其网络“做好5G准备”，为公司的上市做准备。报道还指出，包括英国EE和沃达丰他们也将使用华为设备进行5G测试。这三家公司还证实了已经与华为达成了20亿英镑的协议，将在英国各地建立5G网络，并准备在明年开始正式运营。之前美国华尔街日报说美国严正要求英国禁止华为，看来英国最后做出了正确的抉择#华为##科技##数码##5G##Hello 5G# 收起全文d\n", "author": "建华Wei业", "time": "建华Wei业2018年12月23日11:36 来自华为超话", "transmit": " 转发 79", "comment": "评论 62", "zan": " 214"}, {"text": "\n                    【英3家公司称将使用华为设备 已达成20亿英镑协议】据英国媒体报道，英国移动电信运营商O2透露，该公司将继续在5G测试中使用华为的设备。O2已经证实将于明年1月份进行新一代5G通讯网络的试运营，届时将在伦敦200多个地点使用华为的硬件设备。O2表示，该公司将继续在伦敦进行5G测试，其中包括努力确保其 ​  展开全文c \n                    【英3家公司称将使用华为设备 已达成20亿英镑协议】据英国媒体报道，英国移动电信运营商O2透露，该公司将继续在5G测试中使用华为的设备。O2已经证实将于明年1月份进行新一代5G通讯网络的试运营，届时将在伦敦200多个地点使用华为的硬件设备。O2表示，该公司将继续在伦敦进行5G测试，其中包括努力确保其网络“做好了5G准备”，为公司的上市做准备。O英3家公司称将使用华为设备 已达成20亿英镑协议 收起全文d\n", "author": "凤凰网财经", "time": "凤凰网财经2018年12月23日08:15 来自微博weibo.com", "transmit": " 转发 280", "comment": "评论 1373", "zan": " 2563"}, {"text": "\n                    【英3家公司称将使用华为设备 已达成20亿英镑协议】据英国媒体报道，英国移动电信运营商O2透露，该公司将继续在5G测试中使用华为的设备。报道还指出，有三家公司还证实了已经与华为达成了20亿英镑的协议，将在英国各地建立#5G# 网络，并准备在明年开始正式运营。O英3家公司称将使用华为设备 已达成20亿英镑协议 ​                ", "author": "新浪科技", "time": "新浪科技2018年12月23日12:42 来自专业版微博", "transmit": " 转发 102", "comment": "评论 139", "zan": " 619"}, {"text": "\n                    【英国电信运营商O2将测用华为5G设备 替换诺基亚】据英媒报道，该国第二大移动通讯运营商“西班牙电信英国公司”（O2）明年1月将继续测试华为5G设备，希望替换目前正在使用中的诺基亚设备。数月来，英美政府与情报机构频频以“国家安全”为由，要求本国电信企业弃用华为5G技术与设备。而O2公司本次决定 ​  展开全文c \n                    【英国电信运营商O2将测用华为5G设备 替换诺基亚】据英媒报道，该国第二大移动通讯运营商“西班牙电信英国公司”（O2）明年1月将继续测试华为5G设备，希望替换目前正在使用中的诺基亚设备。数月来，英美政府与情报机构频频以“国家安全”为由，要求本国电信企业弃用华为5G技术与设备。而O2公司本次决定意味着，英国四大移动通讯运营商都已同华为就5G设备测试展开合作。O英国电信运营商O2将测用华为5G设备 替换诺基亚 收起全文d\n", "author": "网易新闻客户端", "time": "网易新闻客户端2018年12月23日13:08 来自iPhone客户端", "transmit": " 转发 28", "comment": "评论 75", "zan": " 92"}, {"text": "\n                    O2公司本次决定意味着，英国四大移动通讯运营商都已同华为就5G设备测试展开合作。另外三家当中，EE作为英国电信集团（BT）旗下的公司，自今年2月以来就与华为展开了测试5G新空口（NR）的合作；沃达丰（Vodafone）今年2月也跟华为联手，在西班牙成功完成全球首个5G通话测试；而长和电信旗下的英国电信公 ​  展开全文c \n                    O2公司本次决定意味着，英国四大移动通讯运营商都已同华为就5G设备测试展开合作。另外三家当中，EE作为英国电信集团（BT）旗下的公司，自今年2月以来就与华为展开了测试5G新空口（NR）的合作；沃达丰（Vodafone）今年2月也跟华为联手，在西班牙成功完成全球首个5G通话测试；而长和电信旗下的英国电信公司“3”（Three UK）则与华为签署了价值20亿英镑的网络架构合同。  O英国电信运营商O2将测用华为5G设备，替换诺基亚 收起全文d\n", "author": "科工力量", "time": "科工力量2018年12月23日13:50 来自微博weibo.com", "transmit": " 转发 24", "comment": "评论 24", "zan": " 45"}, {"text": "\n                    【英3家公司称将使用华为设备，已达成20亿英镑协议】据英国媒体报道，英国移动电信运营商O2透露，该公司将继续在5G测试中使用华为的设备。包括EE和沃达丰在内的其他几家英国运营商也已经表示，他们也将使用华为的设备进行5G测试。有三家公司还证实了已经与华为达成了20亿英镑的协议，将在英国各地建立5 ​  展开全文c \n                    【英3家公司称将使用华为设备，已达成20亿英镑协议】据英国媒体报道，英国移动电信运营商O2透露，该公司将继续在5G测试中使用华为的设备。包括EE和沃达丰在内的其他几家英国运营商也已经表示，他们也将使用华为的设备进行5G测试。有三家公司还证实了已经与华为达成了20亿英镑的协议，将在英国各地建立5G网络，并准备在明年开始正式运营。 收起全文d\n", "author": "界面新闻", "time": "界面新闻2018年12月23日13:01 来自微博weibo.com", "transmit": " 转发 25", "comment": "评论 35", "zan": " 91"}, {"text": "\n                    【英3家公司称将使用华为设备，已达成20亿英镑协议】据英国媒体报道，英国移动电信运营商O2透露，该公司将继续在5G测试中使用华为的设备。包括EE和沃达丰在内的其他几家英国运营商也已经表示，他们也将使用华为的设备进行5G测试。有三家公司还证实了已经与华为达成了20亿英镑的协议，将在英国各地建立5 ​  展开全文c \n                    【英3家公司称将使用华为设备，已达成20亿英镑协议】据英国媒体报道，英国移动电信运营商O2透露，该公司将继续在5G测试中使用华为的设备。包括EE和沃达丰在内的其他几家英国运营商也已经表示，他们也将使用华为的设备进行5G测试。有三家公司还证实了已经与华为达成了20亿英镑的协议，将在英国各地建立5G网络，并准备在明年开始正式运营。 收起全文d\n", "author": "老板联播", "time": "老板联播2018年12月23日16:02", "transmit": " 转发 9", "comment": "评论 4", "zan": " 49"}, {"text": "\n                    【英3家公司称将使用华为设备 已达成20亿英镑协议】据英国媒体报道，英国移动电信运营商O2透露，该公司将继续在5G测试中使用华为的设备。O2已经证实将于明年1月份进行新一代5G通讯网络的试运营，届时将在伦敦200多个地点使用华为的硬件设备。O2表示，该公司将继续在伦敦进行5G测试，其中包括努力确保 ​  展开全文c \n                    【英3家公司称将使用华为设备 已达成20亿英镑协议】据英国媒体报道，英国移动电信运营商O2透露，该公司将继续在5G测试中使用华为的设备。O2已经证实将于明年1月份进行新一代5G通讯网络的试运营，届时将在伦敦200多个地点使用华为的硬件设备。O2表示，该公司将继续在伦敦进行5G测试，其中包括努力确保其网络“做好了5G准备”，为公司的上市做准备。 收起全文d\n", "author": "创业邦杂志", "time": "创业邦杂志2018年12月23日17:44", "transmit": " 转发 17", "comment": "评论 5", "zan": " 33"}, {"text": "\n                    【英3家公司称将使用华为设备 已达成20亿英镑协议】据报道，英国移动电信运营商O2已证实，将于明年1月份进行新一代5G通讯网络的试运营，届时将在伦敦200多个地点使用华为的硬件设备。O2表示，该公司将继续在伦敦进行5G测试，其中包括努力确保其网络“做好了5G准备”，为公司的上市做准备。 ​  展开全文c \n                    【英3家公司称将使用华为设备 已达成20亿英镑协议】据报道，英国移动电信运营商O2已证实，将于明年1月份进行新一代5G通讯网络的试运营，届时将在伦敦200多个地点使用华为的硬件设备。O2表示，该公司将继续在伦敦进行5G测试，其中包括努力确保其网络“做好了5G准备”，为公司的上市做准备。O英3家公司称将使用华为设备 已达成20亿英镑协议 收起全文d\n", "author": "环球市场播报", "time": "环球市场播报2018年12月23日08:09 来自微博weibo.com", "transmit": " 转发 41", "comment": "评论 10", "zan": " 98"}, {"text": "\n                    【英3家公司称将使用华为设备，已达成20亿英镑协议】据英媒报道，英国移动电信运营商O2透露，该公司将继续在5G测试中使用华为的设备。O2已经证实将于明年1月份进行新一代5G通讯网络的试运营，届时将在伦敦200多个地点使用华为的硬件设备。O2表示，该公司将继续在伦敦进行5G测试，其中包括努力 ​  展开全文c \n                    【英3家公司称将使用华为设备，已达成20亿英镑协议】据英媒报道，英国移动电信运营商O2透露，该公司将继续在5G测试中使用华为的设备。O2已经证实将于明年1月份进行新一代5G通讯网络的试运营，届时将在伦敦200多个地点使用华为的硬件设备。O2表示，该公司将继续在伦敦进行5G测试，其中包括努力确保其网络“做好了5G准备”，为公司的上市做准备。 收起全文d\n", "author": "虎嗅APP", "time": "虎嗅APP2018年12月23日08:21", "transmit": " 转发 8", "comment": "评论 11", "zan": " 24"}]