[{"text": "\n                    【没有任何好的替代选项：排挤华为，西方公司陷入了窘境】华为目前5G技术成熟度比行业其他公司至少领先12个月到18个月不等，是业界提供端到端5G全系统的厂商，你美国不用只能让你的国民继续沿用落后的通讯技术，到时候还得乖乖回来求华为。近日澳大利亚、英国、加拿大和美国的高 ​  展开全文c \n                    【没有任何好的替代选项：排挤华为，西方公司陷入了窘境】华为目前5G技术成熟度比行业其他公司至少领先12个月到18个月不等，是业界提供端到端5G全系统的厂商，你美国不用只能让你的国民继续沿用落后的通讯技术，到时候还得乖乖回来求华为。近日澳大利亚、英国、加拿大和美国的高层官员最近都称，使用中国电信巨头华为公司的设备会对国家安全构成威胁。         但对这些国家的服务提供商来说，赞同这种评估却带来一个隐忧：没有任何好的替代选项：对美国来说，自己提供不了任何具有竞争力的第五代无线网络设备。与此同时，欧洲的诺基亚和爱立信都在费劲地追赶华为。 华为已经能够以只相对于竞争对手一小部分的价格提供有关设备和服务。它在超越诺基亚和爱立信的过程中已然取得越来越快的进展，成为到目前为止世界上最大的电信设备供应商。尽管长期以来被美国市场几乎完全拒之门外，但华为已然取得如此大的进步。 英国高管们总结出美国主导抵制华为的劳神费心行动造成令人失望遗憾的困境。按《华尔街日报》的话就是，“英国一家重要无线电信公司的高管们说，在诺基亚和爱立信能够以类似技术提供硬件之前，华为能比他们几乎提早一年交付产品。这些高管表示，他们正告诉英国官员们，把华为列入黑名单可能导致英国延迟9个月推出5G服务——下一代超高速无线技术”。       诺基亚和爱立信也是小心谨慎：担心如果他们利用华为被其他市场拒之门外的便宜，那么有可能会被中国市场拒之门外。事实上，诺基亚在华员工有1.5万人，几乎是在大本营芬兰员工人数的两倍。同时，爱立信在东北亚的员工有1.2万人。       澳大利亚和新西兰已加入到美国抵制华为5G设备的行动中，这使得他们的服务提供商别无选择，只能坐等滞后的、更加昂贵的替代产品。但在英法德，仍出现明显阻力。2019年将是关键一年，这些国家的5G服务提供商要么与华为一道全力以赴积极把事情做好，要么不情不愿地被迫(采用其他公司设备以)挽救这些企业免于最终沦落为无名之辈。     据悉，尽管遇到较大外部压力和困难，华为在商业上仍然取得了不错成绩。目前，华为已获得26个5G商用合同，与全球50多个商业伙伴签署合作协议，5G基站商用发货数量超1万个，全球数量最多，拥有1600多项核心专利，占了整个5G ESTI标准的19%，构筑了核心竞争优势。      另外，华为在全球参加了几十个5G网络的商用测试，测试数据表明华为目前的技术成熟度比行业其他公司至少领先12个月到18个月不等。华为5G在技术和商用上，均处于业界领先，是业界提供端到端5G全系统的厂商。 收起全文d\n", "author": "人才76116", "time": "人才761162019年01月03日08:05", "transmit": " 转发 37", "comment": "评论 107", "zan": " 152"}, {"text": "\n                    早安，今日外刊泛读——我们的英国朋友，开始测试华为设备了：打铁还需自身硬，5G时代国货当自强@微博教育 @考研 O泛读：英国开始试运行华为设备 ​                ", "author": "伦敦姚洋", "time": "伦敦姚洋2019年01月03日07:07 来自翻译硕士超话", "transmit": " 转发 14", "comment": "评论 ", "zan": " 25"}]