[{"text": "\n                    【北大毕业生去了哪里？重点企业签约华为腾讯居前二】不久前的2018年11月，英国泰晤士高等教育发布了2018年《全球大学毕业生就业能力排名》。北京大学成为跻身前20名的唯一中国内地高校。那么，2018年度7000多名北大学生毕业后去向哪里呢？2018年毕业生签约重点单位前三位是华为、腾讯科技以及中国工商 ​  展开全文c \n                    【北大毕业生去了哪里？重点企业签约华为腾讯居前二】不久前的2018年11月，英国泰晤士高等教育发布了2018年《全球大学毕业生就业能力排名》。北京大学成为跻身前20名的唯一中国内地高校。那么，2018年度7000多名北大学生毕业后去向哪里呢？2018年毕业生签约重点单位前三位是华为、腾讯科技以及中国工商银行；7000多毕业生，超三成继续深造；签约就业以北京广东为主，留学首选是美国。O北大毕业生去了哪里？ 重点企业签约华为腾讯居前二 收起全文d\n", "author": "第一财经日报", "time": "第一财经日报2019年01月10日20:35 来自微博weibo.com", "transmit": " 转发 15", "comment": "评论 7", "zan": " 45"}]