[{"text": "\n                    【社评：英国灵活对华为，是自我解套】英国官员在处理华为设备问题花费了一些心思，他们的选择也很有技巧，称得上是老谋深算。英国以自身安全的高标准切入，又排除了华为“敌对威胁”的可能，这就还原了华为拥有先进的5G技术的本色。O社评：英国灵活对华为，是自我解套 ​                ", "author": "环球时报", "time": "环球时报2019年02月22日08:50 来自微博weibo.com", "transmit": " 转发 36", "comment": "评论 75", "zan": " 228"}, {"text": "\n                    【大反转！英、德、新表态考虑不封杀华为5G，特朗普发推改口称美国不应靠封杀而应靠竞争获胜】英国通讯情报机构——政府通信总部（GCHQ）前主任汉尼根（Robert Hannigan）最近在英国《金融时报》撰文，称NCSC“从未发现任何证据证明中国政府通过华为进行任何恶意网络活动”， “有关在5G网络的任何部分 ​  展开全文c \n                    【大反转！英、德、新表态考虑不封杀华为5G，特朗普发推改口称美国不应靠封杀而应靠竞争获胜】英国通讯情报机构——政府通信总部（GCHQ）前主任汉尼根（Robert Hannigan）最近在英国《金融时报》撰文，称NCSC“从未发现任何证据证明中国政府通过华为进行任何恶意网络活动”， “有关在5G网络的任何部分采用任何中国技术都代表着不可接受的风险的断言是无稽之谈”。路透社称，这一言论反驳了美国所谓华为设备“威胁”国家安全的指控。最近德国网络安全机构在美国及其他同盟国的帮助下，开展了一项调查，调查结果并未显示华为会用其设备秘密窃取数据。德国联邦信息安全办公室（BSI）官员以及网络安全专家表示，除德国之外的同盟国相关调查也未证明华为有任何不当行为。德国政府官员表示，华为是一家构建 5G 网络基础设施的龙头供应商，并且其价格更低。另外，若限制华为进入德国 5G 业务，德国工业界代表担心德企在中国市场的发展会受到限制，因此他们支持尽快构建 5G 网络。新西兰的政府态度也发生转变，考虑不排除华为作为供应商。此前在 2018 年 11 月，继澳大利亚之后，新西兰政府通信安全局（GCSB）以国家安全风险为由，阻止通信公司 Spark 使用华为 5G 设备。但是最近形势有所好转。新西兰首相 Jacinda Ardern 表示，如果 Spark 可以消除 GCSB 的担忧，政府正在考虑让华为进入其市场。目前，尚未有最终决定。有不少国家愿意采用华为5G设备组建网络。印度愿意使用华为的技术构建 5G 无线移动网络。泰国向华为开放 5G 移动网络测试，将为华为开设在东南亚的第一个 5G 试验台。菲律宾环球电信确定华为的 5G 技术比竞争对手更强，计划利用其技术构建本国的网络优势。特朗普无奈在推特上说：“我希望美国尽可能快地发展5G，甚至6G技术，那会比当前的标准更强、更快、更智能。美国公司必须加紧努力，否则就会落后。在那些明显代表未来的领域，美国没有被人甩在身后的理由。我希望美国公司能够通过竞争去获胜，而不是靠封杀当下更先进的技术。” 收起全文d\n", "author": "平民王小石", "time": "平民王小石2019年02月22日08:07 来自魅族16旗舰手机", "transmit": " 转发 348", "comment": "评论 141", "zan": " 234"}]