[{"text": "\n                    【英媒：中国驻欧盟大使奉劝欧盟勿诽谤华为】英国《金融时报》：中国驻欧盟使团团长张明严厉抨击了华为和其他中国公司在欧洲面临的“诽谤”和“歧视”，并警告说把中国排除在5G移动通信项目之外的行为将自食其果。“现在，有人不遗余力地编造华为的‘安全故事’。但实际上这些故事与安全毫无关系。”  ​  展开全文c \n                    【英媒：中国驻欧盟大使奉劝欧盟勿诽谤华为】英国《金融时报》：中国驻欧盟使团团长张明严厉抨击了华为和其他中国公司在欧洲面临的“诽谤”和“歧视”，并警告说把中国排除在5G移动通信项目之外的行为将自食其果。“现在，有人不遗余力地编造华为的‘安全故事’。但实际上这些故事与安全毫无关系。” O英媒：中国驻欧盟大使奉劝欧盟勿诽谤华为 收起全文d\n", "author": "参考消息", "time": "参考消息2019年01月29日11:23 来自微博weibo.com", "transmit": " 转发 24", "comment": "评论 18", "zan": " 82"}, {"text": "\n翻译致富经驻英大使刘晓明发表署名文章，为华为背书。也为英国的未来和经济前景背书，双语全文如下~考研视译@微博教育 O华为不会威胁英国安全 ​                ", "author": "伦敦姚洋", "time": "伦敦姚洋2019年01月29日08:14 来自翻译致富经超话", "transmit": " 转发 24", "comment": "评论 4", "zan": " 20"}]