[{"text": "\n                    近日华为与意大利运营商TIM进行5G测试，速率2.7Gbps，而意大利则是最早与华为签订5G合同的欧洲国家；在印度华为2018年2月便于BharTI Airtel进行了首次5G测试，速率达3Gbps；另外华为去年11月在英国与运营商Three也进行了5G路由器测试，最高速度2Gbps，平均1Gbps，成功“打脸”诺基亚与英国运营商最高70 ​  展开全文c \n                    近日华为与意大利运营商TIM进行5G测试，速率2.7Gbps，而意大利则是最早与华为签订5G合同的欧洲国家；在印度华为2018年2月便于BharTI Airtel进行了首次5G测试，速率达3Gbps；另外华为去年11月在英国与运营商Three也进行了5G路由器测试，最高速度2Gbps，平均1Gbps，成功“打脸”诺基亚与英国运营商最高700Mbps的测试结果；华为与日本第一大运营商NTT Docomo的5G测试成果最为显著，速率达到4.52Gbps，相比美国AT&T 假5G网络约195Mbps快了21倍多。。。虽然遭到美、澳、新西兰等国家禁用，但并不会对整体发展产生影响。目前，已经推出5G热点业务的韩国LG U+也采用华为设备，速率达到1Gbps；芬兰运营商Elisa将在今年初推出首个5G手机套餐，并表示将与华为联合推出5G手机终端，华为5G技术正在以不同维度在全球应用。 收起全文d\n", "author": "斯图卡98", "time": "斯图卡982019年01月06日23:27 来自360安全浏览器", "transmit": " 转发 136", "comment": "评论 48", "zan": " 176"}]