[{"text": "\n                    重磅！华为徐直军接受英国媒体团采访实录（全文）O重磅！华为徐直军接受英国媒体团采访实录（全文） ​                ", "author": "菊厂搞机", "time": "菊厂搞机2019年02月16日11:09 来自HUAWEIP20Pro", "transmit": " 转发 16", "comment": "评论 13", "zan": " 59"}, {"text": "\n                    “华为最早跟英国政府合作成立HCSEC，主要是因为英国政府担心华为产品有后门。我们把源代码送到HCSEC，让英国有DV认证的英国公民看源代码，以此证明没有后门，看出来的结果也是没有后门。这是最初的目的。全世界都知道华为敢于把源代码放到英国的HCSEC，让英国有DV认证的英国公民来看源代码，证明了 ​  展开全文c \n                    “华为最早跟英国政府合作成立HCSEC，主要是因为英国政府担心华为产品有后门。我们把源代码送到HCSEC，让英国有DV认证的英国公民看源代码，以此证明没有后门，看出来的结果也是没有后门。这是最初的目的。全世界都知道华为敢于把源代码放到英国的HCSEC，让英国有DV认证的英国公民来看源代码，证明了我们没有后门。Robert在文章上也讲了，GCHQ也清楚了，所以现在其他国家担忧的后门的问题，其实在英国早就解决了。在我们决定把源代码拿到英国这个过程中，后门问题就解决了。解决这个问题之后，HCSEC要看一看华为产品的防攻击、防渗透、防各种威胁的能力怎么样。在增强华为产品的防攻击、防渗透能力上，我们做了八年的工作。经过八年的努力，可以说，这个行业中华为产品在这方面是最强的，而且不是我们自己说的，是一家美国公司，Cigital公司通过评估和调查做的结论。Cigital是一家专业的软件安全工程成熟能力进行评估的美国公司，从2013年开始，每年对我们产品的安全管理进行评估，有12个评估项目，我们有9项达到了业界最高级水平，其他三项也高于业界的平均水平。”『华为徐直军接受英媒采访：5G不是原子弹 不伤害人_手机新浪网』O华为徐直军接受英媒采访：5G不是原子弹 不伤害人 收起全文d\n", "author": "后湾老施", "time": "后湾老施2019年02月16日11:38 来自华为手机", "transmit": " 转发 4", "comment": "评论 6", "zan": " 39"}, {"text": "\n                    【华为轮值董事长：澳大利亚市场还不如广州移动大，新西兰还不如老家益阳大】13日，华为轮值董事长徐直军接受了6家英国媒体的联合采访，期间，徐直军直面近期外界关切的“网络安全”问题，并驳斥西方国家的不实指控。徐直军说，不同的国家基于自己的考虑有权决定选择哪些厂商部署它的网络，这在历史 ​  展开全文c \n                    【华为轮值董事长：澳大利亚市场还不如广州移动大，新西兰还不如老家益阳大】13日，华为轮值董事长徐直军接受了6家英国媒体的联合采访，期间，徐直军直面近期外界关切的“网络安全”问题，并驳斥西方国家的不实指控。徐直军说，不同的国家基于自己的考虑有权决定选择哪些厂商部署它的网络，这在历史上也是很正常的事情。华为4G也没有进入所有的国家，华为的5G也不期望进入所有的国家，只能聚焦于服务好愿意选择我们的国家和运营商。他举例说，深圳旁边的城市——广州移动就没有选择我们的4G设备，这很正常。澳大利亚的市场还不如广州移动大，新西兰还不如我的老家益阳大。华为连广州移动都没有提供产品，少几个国家也无所谓。O华为轮值董事长直面6家英国媒体：5G不是原子弹，是造福所有老百姓的 收起全文d\n", "author": "科工力量", "time": "科工力量2019年02月16日21:30 来自微博weibo.com", "transmit": " 转发 84", "comment": "评论 101", "zan": " 115"}, {"text": "\n                    【华为徐直军接受英媒采访：5G不是原子弹 不伤害人】华为轮值董事长徐直军近日接受了六家英国媒体的采访，谈论了诸多媒体关心的热点话题，包括5G、网络安全等。他表示，5G不是原子弹，不伤害人，5G是造福于所有的老百姓，为老百姓去享受更好的数字化体验带来价值的。O华为徐直军接受英媒采访：5G不是原子弹 不伤害人 ​                ", "author": "新浪科技", "time": "新浪科技2019年02月16日10:38 来自专业版微博", "transmit": " 转发 31", "comment": "评论 40", "zan": " 67"}, {"text": "\n                    【华为轮值董事长：澳大利亚市场还不如广州移动大】2019年2月13日，华为轮值董事长徐直军接受了六家英国媒体的采访，坦率、直接地和英国媒体进行了沟通，谈论了诸多媒体关心的热点话题。O华为轮值董事长：澳大利亚市场还不如广州移动大 ​                ", "author": "网易财经", "time": "网易财经2019年02月16日22:52 来自微博weibo.com", "transmit": " 转发 53", "comment": "评论 37", "zan": " 45"}, {"text": "\n                    【华为徐直军：华为不期望进入所有国家】2 月 13 日，华为轮值董事长徐直军接受了六家英国媒体的采访。在采访中，徐直军表示，不同的国家基于自己的考虑有权决定选择哪些厂商部署它的网络， 华为 4G 也没有进入所有的国家，华为的 5G 也不期望进入所有的国家，只能聚焦于服务好愿意选择我们的国家和运 ​  展开全文c \n                    【华为徐直军：华为不期望进入所有国家】2 月 13 日，华为轮值董事长徐直军接受了六家英国媒体的采访。在采访中，徐直军表示，不同的国家基于自己的考虑有权决定选择哪些厂商部署它的网络， 华为 4G 也没有进入所有的国家，华为的 5G 也不期望进入所有的国家，只能聚焦于服务好愿意选择我们的国家和运营商。 收起全文d\n", "author": "爱范儿", "time": "爱范儿2019年02月16日19:05 来自微博weibo.com", "transmit": " 转发 7", "comment": "评论 13", "zan": " 30"}, {"text": "\n                    【华为徐直军接受英媒采访：5G不是原子弹 不伤害人】华为轮值董事长徐直军近日接受了六家英国媒体的采访，谈论了诸多媒体关心的热点话题，包括5G、网络安全等。他表示，5G不是原子弹，不伤害人，5G是造福于所有的老百姓，为老百姓去享受更好的数字化体验带来价值的。 ​                ", "author": "创业家传媒", "time": "创业家传媒2019年02月16日10:39 来自360安全浏览器", "transmit": " 转发 68", "comment": "评论 24", "zan": " 18"}, {"text": "\n                    【华为董事长：华为的设备在美国基本不存在，也没有期待未来的存在】云财经讯，华为轮值董事长徐直军在今年2月13日接受多家英国媒体采访时表示，不同的国家基于自己的考虑有权决定选择哪些厂商部署它的网络，这在历史上也是很正常的事情。华为4G也没有进入所有的国家，华为的5G也不期望进入所有的国家 ​  展开全文c \n                    【华为董事长：华为的设备在美国基本不存在，也没有期待未来的存在】云财经讯，华为轮值董事长徐直军在今年2月13日接受多家英国媒体采访时表示，不同的国家基于自己的考虑有权决定选择哪些厂商部署它的网络，这在历史上也是很正常的事情。华为4G也没有进入所有的国家，华为的5G也不期望进入所有的国家，只能聚焦于服务好愿意选择华为的国家和运营商。（新浪科技） 收起全文d\n", "author": "创业家传媒", "time": "创业家传媒2019年02月16日11:34 来自360安全浏览器", "transmit": " 转发 60", "comment": "评论 22", "zan": " 21"}, {"text": "\n                    【华为董事长：华为的设备在美国基本不存在，也没有期待未来的存在】云财经讯，华为轮值董事长徐直军在今年2月13日接受多家英国媒体采访时表示，不同的国家基于自己的考虑有权决定选择哪些厂商部署它的网络，这在历史上也是很正常的事情。华为4G也没有进入所有的国家，华为的5G也不期望进入所有的国家 ​  展开全文c \n                    【华为董事长：华为的设备在美国基本不存在，也没有期待未来的存在】云财经讯，华为轮值董事长徐直军在今年2月13日接受多家英国媒体采访时表示，不同的国家基于自己的考虑有权决定选择哪些厂商部署它的网络，这在历史上也是很正常的事情。华为4G也没有进入所有的国家，华为的5G也不期望进入所有的国家，只能聚焦于服务好愿意选择华为的国家和运营商。（新浪科技） 收起全文d\n", "author": "云财经", "time": "云财经2019年02月16日11:33 来自小熊猫祖传Android", "transmit": " 转发 5", "comment": "评论 19", "zan": " 26"}, {"text": "\n                    实时播报：【华为董事长：华为的设备在美国基本不存在，也没有期待未来的存在】华为轮值董事长徐直军在今年2月13日接受多家英国媒体采访时表示，不同的国家基于自己的考虑有权决定选择哪些厂商部署它的网络，这在历史上也是很正常的事情。华为4G也没有进入所有的国家，华为的5G也不期望进入所有的国家 ​  展开全文c \n                    实时播报：【华为董事长：华为的设备在美国基本不存在，也没有期待未来的存在】华为轮值董事长徐直军在今年2月13日接受多家英国媒体采访时表示，不同的国家基于自己的考虑有权决定选择哪些厂商部署它的网络，这在历史上也是很正常的事情。华为4G也没有进入所有的国家，华为的5G也不期望进入所有的国家，只能聚焦于服务好愿意选择华为的国家和运营商。（新浪科技） 收起全文d\n", "author": "快兰斯24小时财经直播", "time": "快兰斯24小时财经直播2019年02月16日10:46 来自微博Win8客户端", "transmit": " 转发 7", "comment": "评论 6", "zan": " 21"}, {"text": "\n                    【华为徐直军回击西方指责：澳洲市场没广州大】此前，美方要求中欧国家停止使用华为设备，华为轮值董事长徐直军在接受多家媒体采访时表示，美方表态正是美政府对华为有系统的地缘政治行动的又一指证。徐直军表示，华为正斥资20亿美元对电信系统编码进行更新，以便指令更加清晰易读，符合英国当局要求 ​  展开全文c \n                    【华为徐直军回击西方指责：澳洲市场没广州大】此前，美方要求中欧国家停止使用华为设备，华为轮值董事长徐直军在接受多家媒体采访时表示，美方表态正是美政府对华为有系统的地缘政治行动的又一指证。徐直军表示，华为正斥资20亿美元对电信系统编码进行更新，以便指令更加清晰易读，符合英国当局要求。另外，徐直军还驳斥了华为在澳大利亚和新西兰受阻的担忧。他说：“澳大利亚市场还不如广州的市场大，新西兰市场也不如我的老家大。”O华为徐直军回击西方指责：澳洲市场没广州大 收起全文d\n", "author": "凤凰网科技", "time": "凤凰网科技2019年02月16日10:36 来自微博weibo.com", "transmit": " 转发 78", "comment": "评论 81", "zan": " 79"}]