[{"text": "\n华为轮值董事长徐直军最近接受6家英国媒体还回答了一个细节，即华为5G的预计市场分了三类，虽然华为受到很多挫折和干扰，但感觉任正非任总的带领下华为人还是很冷静很专业的去做事！加油！采访中的原话是这样说的。 徐直军：我把全球市场分为三类：第一类，5G需求比较大的市场，中国、日本、韩国和海 ​  展开全文c \n华为轮值董事长徐直军最近接受6家英国媒体还回答了一个细节，即华为5G的预计市场分了三类，虽然华为受到很多挫折和干扰，但感觉任正非任总的带领下华为人还是很冷静很专业的去做事！加油！采访中的原话是这样说的。 徐直军：我把全球市场分为三类：第一类，5G需求比较大的市场，中国、日本、韩国和海湾国家。第二类，欧美的一些发达国家，包括美国。现在对5G需求还没有那么强烈，4G都不见得很好。你们知道法国的基站数量跟深圳比是什么结果吗？法国所有4G基站加起来没有深圳移动一家多。第三类，发展中国家，根本还没有需求。华为未来几年5G收入主要还是第一类市场，少量来自第二类市场。 收起全文d\n", "author": "科工力量", "time": "科工力量2019年02月17日08:00 来自微博weibo.com", "transmit": " 转发 541", "comment": "评论 332", "zan": " 454"}, {"text": "\n                    德意法为何相继表示支持华为？2月11日报道称，在特朗普政府继续打压华为公司之际，德国、意大利和英国近日发出信号，它们不会禁用中国的设备。对此，业内专家表示，英德意法四国与美国不同，华为在通讯方面是强项，而欧盟国家与华为是合作伙伴，而绝不会成为竞争对手。#凯恩斯说#O网页链接 ​                ", "author": "凯恩斯", "time": "凯恩斯2019年02月17日20:46 来自360安全浏览器", "transmit": " 转发 6", "comment": "评论 5", "zan": " 27"}, {"text": "\n                    【华为徐直军接受英媒采访：5G不是原子弹 不伤害人】2月16日上午消息，今年2月13日，华为轮值董事长徐直军接受了六家英国媒体的采访，表示5G不是原子弹，不伤害人，5G是造福于所有的老百姓，为老百姓去享受更好的数字化体验带来价值的，20亿美金只是启动资金。O华为徐直军接受英媒采访：5G不是原子弹 不伤害人 ​                ", "author": "界面新闻", "time": "界面新闻2019年02月17日14:30 来自微博weibo.com", "transmit": " 转发 14", "comment": "评论 17", "zan": " 23"}, {"text": "\n                    【华为徐直军接受英媒采访：5G不是原子弹 不伤害人】今年2月13日，华为轮值董事长徐直军接受了六家英国媒体的采访，谈论了诸多媒体关心的热点话题。华为的设备在美国基本不存在。历史上我们4G服务了美国边远地区的人民，帮助运营商为农村边远地区美国人民提供了移动通信服务。技术的进步是造福于人类的 ​  展开全文c \n                    【华为徐直军接受英媒采访：5G不是原子弹 不伤害人】今年2月13日，华为轮值董事长徐直军接受了六家英国媒体的采访，谈论了诸多媒体关心的热点话题。华为的设备在美国基本不存在。历史上我们4G服务了美国边远地区的人民，帮助运营商为农村边远地区美国人民提供了移动通信服务。技术的进步是造福于人类的，尤其是5G，5G不是原子弹，不伤害人，5G是造福于所有的老百姓，为老百姓去享受更好的数字化体验带来价值的。O华为徐直军接受英媒采访：5G不是原子弹 不伤害人 收起全文d\n", "author": "瞭望", "time": "瞭望2019年02月17日15:24 来自微博weibo.com", "transmit": " 转发 4", "comment": "评论 2", "zan": " 15"}]