[{"text": "\n                    【想说再见有点难！境外媒体分析为何欧洲离不开华为】新加坡《商业时报》：英国国会近日要求政府大臣解释为什么没有禁止华为公司参与英国下一代移动网络建设。然而，境外舆论早已指出，华为产品物美价廉，且性价比极高。分析师认为，在一连串毫无根据的指控中，欧洲政府对华为设备的关注日益增多，但他 ​  展开全文c \n                    【想说再见有点难！境外媒体分析为何欧洲离不开华为】新加坡《商业时报》：英国国会近日要求政府大臣解释为什么没有禁止华为公司参与英国下一代移动网络建设。然而，境外舆论早已指出，华为产品物美价廉，且性价比极高。分析师认为，在一连串毫无根据的指控中，欧洲政府对华为设备的关注日益增多，但他们也必定承认华为设备的可靠性和成本效益优势。 O想说再见有点难！境外媒体分析为何欧洲离不开华为 收起全文d\n", "author": "参考消息", "time": "参考消息2019年01月22日17:35 来自微博weibo.com", "transmit": " 转发 25", "comment": "评论 14", "zan": " 64"}]