[{"text": "\n                    【拒绝华为意味什么？英媒：对5G和高科技未来都是灾难】英国BBC中文网2月8日称，英国手机运营商们正等政府决定是否继续使用华为设备。报道指出，运营商们都认为，拒绝华为无论对5G技术的推出还是英国在这关键技术领域的角色都是灾难性的。目前欧洲的5G筹备工作比美国先开始，并且或许有能力赶上亚洲。 ​                ", "author": "新浪军事", "time": "新浪军事2019年02月13日11:31 来自微博weibo.com", "transmit": " 转发 22", "comment": "评论 55", "zan": " 110"}, {"text": "\n                    《没有华为的5G就像没有新西兰的英式橄榄球》——这是华为今天在新西兰报纸上刊登的广告。新西兰位列禁止使用华为5G技术的国家名单中，这份名单目前还包括美国、英国、德国、意大利、日本、澳大利亚、印度。华为展开的公关努力相当得体，正如这份面向新国公众的广告，但这显然不只是公关能克服的阻力。 ​                ", "author": "陈迪Winston", "time": "陈迪Winston2019年02月13日15:47 来自微博weibo.com", "transmit": " 转发 68", "comment": "评论 141", "zan": " 236"}]