[{"text": "\n                    【力挺华为，炎黄子孙！】李嘉诚花了175亿元重金，力挺华为，真是炎黄子孙，同仇敌忾，兄弟同心，其利断金。华为5G专利技术独霸天下，美国公然阻扰其推广，华为霸气反驳，要么拿出证据，要么就闭嘴。前不久发生的一件事，让全球华人对李嘉诚举起大拇指。关于华为和英国之间的合作，有不少的人表示，其 ​  展开全文c \n                    【力挺华为，炎黄子孙！】李嘉诚花了175亿元重金，力挺华为，真是炎黄子孙，同仇敌忾，兄弟同心，其利断金。华为5G专利技术独霸天下，美国公然阻扰其推广，华为霸气反驳，要么拿出证据，要么就闭嘴。前不久发生的一件事，让全球华人对李嘉诚举起大拇指。关于华为和英国之间的合作，有不少的人表示，其实这是李嘉诚花了175亿元重金，力挺华为。李嘉诚在2014年的时候，就收购了爱尔兰移动通信服务商O2，而和华为合作的英国运营商就是O2。而O2在此前也是有表示，将会采用华为的设备，打算在英国建立5G网络，预计在2019年实现运营目标。并且，O2还和华为签订了175亿元的合作协议，可以说是大手笔了，也难怪有人会说是李嘉诚在背后力挺华为了。在李嘉诚的力挺下，英国的几家电信公司也慢慢转变了对华为公司的态度，这样对华为来说无疑是巨大的好消息，网友们感叹任正非的努力没有白费，离目标又近了一大步。当初任正非在华为业务遭到抵制的时候就说过，抵制属于正常的，也是暂时的，华为的实力会打破这些封锁和偏见的。所以要相信华为，有这个实力在全球发出夺目的光芒！ 收起全文d\n", "author": "若鱼连线", "time": "若鱼连线2019年01月11日09:55 来自红米Redmi", "transmit": " 转发 31", "comment": "评论 10", "zan": " 22"}, {"text": "\n                    【重磅！中国成美国专利库唯一专利增长的国家，美国专利榜华为第16，京东方第17】华为就应该坚持自己的技术路线，不被国内浮躁、功利的恶劣竞争环境所干扰，华为的目标不会局限于国内，而是整个星辰大海！来自英国《金融时报》报道，来自美国专利资料库IFI Claims的数据，中国是去年唯一一个其企业 ​  展开全文c \n                    【重磅！中国成美国专利库唯一专利增长的国家，美国专利榜华为第16，京东方第17】华为就应该坚持自己的技术路线，不被国内浮躁、功利的恶劣竞争环境所干扰，华为的目标不会局限于国内，而是整个星辰大海！来自英国《金融时报》报道，来自美国专利资料库IFI Claims的数据，中国是去年唯一一个其企业在美国获得技术专利数量增加的国家。华为名列第16，京东方名列第17。IFI的高级分析师表示，美国知识产权官方证实，中国在美国专利甚至有望在明年反超越德国。随着华为等企业加强内部研发、寻求向全球市场扩张，这一迅猛发展反映出近年来中国科技发展模式的稳步转变。就去年获得的美国专利数量而言，华为名列第16位，比前一年上升了4位。华为去年有1680项专利申请获得批准，仅比索尼少8项，后者曾是日本崛起为一个创新消费电子强国的标志。另一家中国企业——屏幕制造商京东方的排名仅比华为低一位。该公司去年有1634项专利申请获得批准，首次超过了通用电气。中国获得批准的大部分专利申请都与基本计算及通信技术相关。美分析师还表示，在移动通信等市场，积累大量专利已成为一种关键的竞争武器，这为华为等公司提供了抵御竞争对手法律攻击所需的资本。“拥有强有力的专利组合将加强他们的谈判地位。”#华为##科技##数码##京东方# 收起全文d\n", "author": "建华Wei业", "time": "建华Wei业2019年01月11日08:14 来自华为超话", "transmit": " 转发 19", "comment": "评论 22", "zan": " 53"}, {"text": "\n                    【#华为回应波兰事件#：了解情况中，暂无评论】11日，有波兰媒体报道说，波兰抓捕一名中国公民与一名波兰公民，怀疑他们从事间谍活动。华为公司回应：我们获悉了相关信息，正在进一步了解情况，对此暂时没有更多评论。英国《每日邮报》11日援引波兰国家电视台报道称，这名中国男子是华为在波兰的一名“ ​  展开全文c \n                    【#华为回应波兰事件#：了解情况中，暂无评论】11日，有波兰媒体报道说，波兰抓捕一名中国公民与一名波兰公民，怀疑他们从事间谍活动。华为公司回应：我们获悉了相关信息，正在进一步了解情况，对此暂时没有更多评论。英国《每日邮报》11日援引波兰国家电视台报道称，这名中国男子是华为在波兰的一名“主管”，《每日邮报》还援引波兰国家通讯社PAP的报道称，波兰特别事务处发言人表示，这两人将被拘留3个月。如果罪名成立，他们将面临10年监禁。（环球网） 收起全文d\n", "author": "新浪新闻", "time": "新浪新闻2019年01月11日20:10 来自专业版微博平台", "transmit": " 转发 40", "comment": "评论 90", "zan": " 124"}, {"text": "\n                    【#华为回应波兰事件#：了解情况中，暂无评论】11日，有波兰媒体报道说，波兰抓捕一名中国公民与一名波兰公民，怀疑他们从事间谍活动。华为公司回应：我们获悉了相关信息，正在进一步了解情况，对此暂时没有更多评论。英国《每日邮报》11日援引波兰国家电视台报道称，这名中国男子是华为在波兰的一名“ ​  展开全文c \n                    【#华为回应波兰事件#：了解情况中，暂无评论】11日，有波兰媒体报道说，波兰抓捕一名中国公民与一名波兰公民，怀疑他们从事间谍活动。华为公司回应：我们获悉了相关信息，正在进一步了解情况，对此暂时没有更多评论。英国《每日邮报》11日援引波兰国家电视台报道称，这名中国男子是华为在波兰的一名“主管”，《每日邮报》还援引波兰国家通讯社PAP的报道称，波兰特别事务处发言人表示，这两人将被拘留3个月。如果罪名成立，他们将面临10年监禁。（环球网） 收起全文d\n", "author": "香港商報網", "time": "香港商報網2019年01月11日23:25 来自微博weibo.com", "transmit": " 转发 11", "comment": "评论 16", "zan": " 15"}]