[{"text": "\n华为：1.如何规范华为参与5G 德国召开部长会议 2.外媒：美国官员将赴欧洲游说抵制华为 3.华为否认从事间谍活动　斥资改善设施试图释除英国疑虑4.意大利表态：不会禁止华为和中兴参与建设5G网络 O【抗争】华为否认从事间谍活动；意大利表态不禁止华为中兴参与5G建设；外媒：美国官员将赴欧洲游说抵制华为 ​                ", "author": "集微网本土IC", "time": "集微网本土IC2019年02月08日07:29 来自iPhone客户端", "transmit": " 转发 9", "comment": "评论 ", "zan": " 1"}]