[{"text": "\n                    【重磅：英国确认华为设备在5G应用上的风险可控】据英国《金融时报》报道，英国国家网络安全中心(National Cyber Security Centre)在一份尚未公布的报告中已经得出结论称，在5G网络中使用华为设备的风险是可控。报道援引一位知情人士称，由于是英国“五眼联盟”成员，英国的结论对欧洲其他国家将产生 ​  展开全文c \n                    【重磅：英国确认华为设备在5G应用上的风险可控】据英国《金融时报》报道，英国国家网络安全中心(National Cyber Security Centre)在一份尚未公布的报告中已经得出结论称，在5G网络中使用华为设备的风险是可控。报道援引一位知情人士称，由于是英国“五眼联盟”成员，英国的结论对欧洲其他国家将产生“重大影响”。如果英国有信心控制对国家安全的威胁，其他国家也可以向公众保证，他们将会以审慎方式继续允许他们的通讯服务商使用中国设备，只要采取英国建议的防范措施。英国国家网络安全中心也正在参与英国政府对通讯基础设施的评估。这项评估由英国数字、文化、媒体和体育部(DCMS)牵头，预计在今年春季完成。报道援引知情人士称，DCMS的包括可能会包括如何应对华为对5G网络安全威胁的建议措施，可能会推荐供应商多样化，并对5G网络的某些领域进行部分限制。上周五，英国秘密情报机构军情六处(MI6)负责人Alex Younge表示，英国可能对华为采取相对温和的立场，他表示，这个问题太复杂，不能简单地禁止华为。他表示，这是一个“比加入或退出更复杂的问题”，各国“有主权解决这些问题”。评：美国费尽心机组织的对华为5G设备的围堵边境墙开始出现裂缝。 收起全文d\n", "author": "平民王小石", "time": "平民王小石2019年02月18日16:43 来自魅族16旗舰手机", "transmit": " 转发 49", "comment": "评论 27", "zan": " 73"}, {"text": "\n英国结论：使用华为设备5G网络的风险在可控范围内，英国国家网络安全中心（UK National Cyber Security Centre）的研究得出这一结论。    《金融时报》说，英政府的结论对欧洲领导人来说分量很重，因为英国是“五眼联盟”成员，能够接触美国提供的敏感情报。. ​                ", "author": "Kevin在纽约", "time": "Kevin在纽约2019年02月18日22:39 来自iPhoneXSMax", "transmit": " 转发 47", "comment": "评论 285", "zan": " 111"}, {"text": "\n                    【英政府称华为参与5G风险可控 欧洲运营商难吞美国要求】美国国家安全局此前一直在向盟国情报机构提供游说信息，强调华为5G设备可能带来的风险。但在这一问题上，英国和德国方面都仍在就如何应对华为的参与进行研究，并未直接接受美国的施压。 O英政府称华为参与5G风险可控 欧洲运营商难吞美国要求 ​                ", "author": "财新网", "time": "财新网2019年02月18日19:43 来自财新网", "transmit": " 转发 11", "comment": "评论 27", "zan": " 44"}, {"text": "\n华为风波是欧洲独立性试金石：中国不会像美国一样傲慢而变愚蠢去搞后门杀鸡取卵！迄今为止，没有任何国家、任何机构发现过华为在设备上做手脚、非法搜集设备使用者信息的证据，所有华为“为中国政府搜集情报”的指控都是基于想象。英国政府的结论，即英国国家网络安全中心认定，有办法限制在未来5G高 ​  展开全文c \n华为风波是欧洲独立性试金石：中国不会像美国一样傲慢而变愚蠢去搞后门杀鸡取卵！迄今为止，没有任何国家、任何机构发现过华为在设备上做手脚、非法搜集设备使用者信息的证据，所有华为“为中国政府搜集情报”的指控都是基于想象。英国政府的结论，即英国国家网络安全中心认定，有办法限制在未来5G高速网络中使用华为设备的风险，为打消人们的这种担心提供了第三方的可信依据。其实对“华为搞情报”的担心本来就没那么重，因为它在市场和政治逻辑上都讲不通。华为这样的高科技巨头如果这么干，无异于自杀。中国政府如果强迫华为这么干，等于是扼杀国家的新兴产业，而华为所带动的产业繁荣对中国国家利益的贡献是一点情报根本无法同日而语的。近段时间西方有一些人跟着炒作“华为威胁”，背离了基本的实事求是精神，他们搞的是意识形态优先，为营造排挤中国的“政治正确”推波助澜。是否能够实事求是地使用物美价廉的华为设备，建设一个高效、便宜的5G网络，是欧洲能否捍卫自己独立角色的试金石。O社评：欧洲有独立性吗？华为风波是试金石 收起全文d\n", "author": "HW前HR", "time": "HW前HR2019年02月18日21:55 来自HUAWEIMate20Pro", "transmit": " 转发 59", "comment": "评论 57", "zan": " 107"}, {"text": "\n                    【美国遭“沉重打击”？英国政府认为华为5G设备风险可控】英国《金融时报》2月17日称，英国政府已得出结论，认为5G网络使用华为设备所产生的风险可得到有效控制。这个结论沉重打击了美国说服盟国把华为挡在电信系统门外的努力。新加坡《联合早报》18日评论称，华为参与英国未来网络建设因此浮现生机。 ​                ", "author": "新浪军事", "time": "新浪军事2019年02月18日10:52 来自微博weibo.com", "transmit": " 转发 52", "comment": "评论 98", "zan": " 397"}, {"text": "\n                    【重磅：英国确认华为设备在5G应用上的风险可控】据英国《金融时报》报道，英国国家网络安全中心已经得出结论称，在5G网络中使用华为设备的风险是可控。知情人士称，英国的结论对欧洲其他国家将产生“重大影响”。如果英国有信心控制对威胁，其他国家也可以向公众保证，以审慎方式继续允许使用中国设备 ​  展开全文c \n                    【重磅：英国确认华为设备在5G应用上的风险可控】据英国《金融时报》报道，英国国家网络安全中心已经得出结论称，在5G网络中使用华为设备的风险是可控。知情人士称，英国的结论对欧洲其他国家将产生“重大影响”。如果英国有信心控制对威胁，其他国家也可以向公众保证，以审慎方式继续允许使用中国设备，只要采取英国建议的防范措施。O重磅：英国确认华为设备在5G应用上的风险可控 收起全文d\n", "author": "华尔街见闻APP", "time": "华尔街见闻APP2019年02月18日09:57 来自微博weibo.com", "transmit": " 转发 31", "comment": "评论 22", "zan": " 50"}, {"text": "\n英国政府已经得出结论，认为5G网络使用华为的通讯设备所产生的风险可以得到有效的控制，华为参与英国未来的网络建设因此浮现一丝生机。英国军情六处负责人杨格表示，英国可能会就华为问题采取相对温和的立场，因为华为问题过于复杂，不能简单地一禁了事。他同时强调，各国都有权找出解决问题的办法。 ​  展开全文c \n英国政府已经得出结论，认为5G网络使用华为的通讯设备所产生的风险可以得到有效的控制，华为参与英国未来的网络建设因此浮现一丝生机。英国军情六处负责人杨格表示，英国可能会就华为问题采取相对温和的立场，因为华为问题过于复杂，不能简单地一禁了事。他同时强调，各国都有权找出解决问题的办法。英国政府通信总部前负责人汉尼根最近也在媒体撰文说，英国国家网络安全中心“从未发现中国通过华为实施国家网络活动的证据”，“任何中国科技对5G网络的任何部分构成无法接受的威胁的指称都是胡说八道”。《金融时报》援引一位消息人士的话说，英国政府的结论对欧洲领导人来说分量很重，因为英国是“五眼联盟”成员，能够接触美国提供的敏感情报。他说：“其他国家就能争辩说，如果英国确信国家安全面临的威胁能够减轻，他们也能向公众和美国政府保证，他们将会审慎行事，继续允许他们的通讯服务商使用中国设备，前提是他们采取英国建议的防范措施。”消息人士透露，英国国家网络安全中心正在参与英国通讯基础设施的政府评估，并在计划今年春季发布的调查报告中提出防范华为对5G网络安全威胁的建议措施，后者可能包括提高供应商的多样性，并宣布5G网络的部分区域为禁区。 收起全文d\n", "author": "寰亚SYHP", "time": "寰亚SYHP2019年02月18日08:40", "transmit": " 转发 31", "comment": "评论 101", "zan": " 126"}, {"text": "\n                    【“铁杆盟友”再打脸美国，英国确认华为设备在5G应用上的风险可控】据英国《金融时报》报道，英国国家网络安全中心已得出结论，在5G网络中使用华为设备风险可控。英国的结论对欧洲其他国家将产生“重大影响”，这在欧洲及全球都是巨大的示范效应，痛击美国的华为5G“安全威胁”阴谋#华为##5G# ​                ", "author": "建华Wei业", "time": "建华Wei业2019年02月18日12:22 来自华为超话", "transmit": " 转发 12", "comment": "评论 26", "zan": " 42"}, {"text": "\n                    【英国确认华为设备在5G应用上的风险可控】据英国《金融时报》报道，英国国家网络安全中心已经得出结论称，在5G网络中使用华为设备的风险是可控。知情人士称，英国的结论对欧洲其他国家将产生“重大影响”。如果英国有信心控制对威胁，其他国家也可以向公众保证，以审慎方式继续允许使用中国设备，只要 ​  展开全文c \n                    【英国确认华为设备在5G应用上的风险可控】据英国《金融时报》报道，英国国家网络安全中心已经得出结论称，在5G网络中使用华为设备的风险是可控。知情人士称，英国的结论对欧洲其他国家将产生“重大影响”。如果英国有信心控制对威胁，其他国家也可以向公众保证，以审慎方式继续允许使用中国设备，只要采取英国建议的防范措施。详见O英国确认华为设备在5G应用上的风险可控 收起全文d\n", "author": "环球市场播报", "time": "环球市场播报2019年02月18日08:53 来自微博weibo.com", "transmit": " 转发 29", "comment": "评论 8", "zan": " 24"}, {"text": "\n                    【英国确认华为设备在5G应用上的风险可控】据英国《金融时报》报道，英国国家网络安全中心已经得出结论称，在5G网络中使用华为设备的风险是可控。知情人士称，英国的结论对欧洲其他国家将产生“重大影响”。如果英国有信心控制对威胁，其他国家也可以向公众保证，以审慎方式继续允许使用中国设备，只要 ​  展开全文c \n                    【英国确认华为设备在5G应用上的风险可控】据英国《金融时报》报道，英国国家网络安全中心已经得出结论称，在5G网络中使用华为设备的风险是可控。知情人士称，英国的结论对欧洲其他国家将产生“重大影响”。如果英国有信心控制对威胁，其他国家也可以向公众保证，以审慎方式继续允许使用中国设备，只要采取英国建议的防范措施。O英国确认华为设备在5G应用上的风险可控 收起全文d\n", "author": "中国经济网", "time": "中国经济网2019年02月18日12:15 来自微博weibo.com", "transmit": " 转发 9", "comment": "评论 8", "zan": " 24"}, {"text": "\n                    自我封闭没有前途，改革开放才是正路美国遭“沉重打击”？英国政府认为华为风险可控O美国遭“沉重打击”？英国政府认为华为5G设备风险可控 在中美两国在慕尼黑国际安全会议上就华为问题激烈交锋之际，当地时间2月17日，英国《金融时报》称，英国政府已经得出结论，认为5G网络使用华为的通讯设备所产生的风险可以得到有效的控 ​  展开全文c \n                    自我封闭没有前途，改革开放才是正路美国遭“沉重打击”？英国政府认为华为风险可控O美国遭“沉重打击”？英国政府认为华为5G设备风险可控 在中美两国在慕尼黑国际安全会议上就华为问题激烈交锋之际，当地时间2月17日，英国《金融时报》称，英国政府已经得出结论，认为5G网络使用华为的通讯设备所产生的风险可以得到有效的控制。这个结论沉重打击了美国说服盟国把华为挡在高速电信系统门外的努力。对此，新加坡《联合早报》18日评论称，华为参与英国未来的网络建设因此浮现一丝生机。《华尔街日报》15日也刊文称，美国政府试图让一些关系最密切的欧洲盟友放弃使用中国企业生产的电信设备，但这一努力似乎很难奏效。来自欧洲最大的移动和互联网服务提供商的反馈却让这项决定变得复杂。 收起全文d\n", "author": "中科大胡不归", "time": "中科大胡不归2019年02月18日12:40 来自观网App", "transmit": " 转发 11", "comment": "评论 3", "zan": " 45"}, {"text": "\n                    【英国确认华为设备在5G应用上的风险可控】据英国《金融时报》报道，英国国家网络安全中心已经得出结论称，在5G网络中使用华为设备的风险是可控。知情人士称，英国的结论对欧洲其他国家将产生“重大影响”。如果英国有信心控制对威胁，其他国家也可以向公众保证，以审慎方式继续允许使用中国设备，只要 ​  展开全文c \n                    【英国确认华为设备在5G应用上的风险可控】据英国《金融时报》报道，英国国家网络安全中心已经得出结论称，在5G网络中使用华为设备的风险是可控。知情人士称，英国的结论对欧洲其他国家将产生“重大影响”。如果英国有信心控制对威胁，其他国家也可以向公众保证，以审慎方式继续允许使用中国设备，只要采取英国建议的防范措施。O重磅：英国确认华为设备在5G应用上的风险可控 收起全文d\n", "author": "见闻实时新闻", "time": "见闻实时新闻2019年02月18日09:44 来自360安全浏览器", "transmit": " 转发 22", "comment": "评论 2", "zan": " 5"}, {"text": "\n                    【美国遭“沉重打击”？英国政府认为华为5G设备风险可控】在中美两国在慕尼黑国际安全会议上就华为问题激烈交锋之际，当地时间2月17日，英国《金融时报》称，英国政府已经得出结论，认为5G网络使用华为的通讯设备所产生的风险可以得到有效的控制。这个结论沉重打击了美国说服盟国把华为挡在高速电信系 ​  展开全文c \n                    【美国遭“沉重打击”？英国政府认为华为5G设备风险可控】在中美两国在慕尼黑国际安全会议上就华为问题激烈交锋之际，当地时间2月17日，英国《金融时报》称，英国政府已经得出结论，认为5G网络使用华为的通讯设备所产生的风险可以得到有效的控制。这个结论沉重打击了美国说服盟国把华为挡在高速电信系统门外的努力。对此，新加坡《联合早报》18日评论称，华为参与英国未来的网络建设因此浮现一丝生机。《华尔街日报》15日也刊文称，美国政府试图让一些关系最密切的欧洲盟友放弃使用中国企业生产的电信设备，但这一努力似乎很难奏效。来自欧洲最大的移动和互联网服务提供商的反馈却让这项决定变得复杂。O生机？英国政府认为华为5G设备风险可控 收起全文d\n", "author": "科工力量", "time": "科工力量2019年02月18日15:01 来自微博weibo.com", "transmit": " 转发 6", "comment": "评论 20", "zan": " 39"}, {"text": "\n                    媒体：英情报机构负责人暗示“不会施压彻底禁止华为”15日在慕尼黑，英国军情六处处长亚历克斯·扬格告诉媒体，在如何平衡安全风险和发展5G网络时，设备供应商匮乏是需要考虑的一个因素。此外，选择的第一原则是质量，与来自哪个国家没有关系。美国彭博社称，这是迄今为止英国情报机构最高负责人给出的 ​  展开全文c \n                    媒体：英情报机构负责人暗示“不会施压彻底禁止华为”15日在慕尼黑，英国军情六处处长亚历克斯·扬格告诉媒体，在如何平衡安全风险和发展5G网络时，设备供应商匮乏是需要考虑的一个因素。此外，选择的第一原则是质量，与来自哪个国家没有关系。美国彭博社称，这是迄今为止英国情报机构最高负责人给出的最强烈暗示：他不会施压彻底禁止华为。 还是两句话，天帮忙（中国市场和力量）、人争气（华为自己的技术和行为清白），让英国人做出合理判断。 上次小徐总接受英国媒体采访说以为一个华为5G设备里面的美国软件英国人会放心，结果不是。 网友都笑了，老谋深算的英帝国知道他生出的儿子美帝是干什么的。O美媒：英情报机构负责人暗示“不会施压彻底禁止华为” 收起全文d\n", "author": "HW前HR", "time": "HW前HR2019年02月18日08:19 来自HUAWEIMate20Pro", "transmit": " 转发 29", "comment": "评论 13", "zan": " 55"}, {"text": "\n                    据两位知情人士称，英国国家网络安全中心(National Cyber Security Centre, NCSC)认定，英国有办法限制在未来5G超高速网络中使用华为设备的风险。这个结论沉重打击了美国说服盟国把华为挡在高速电信系统门外的努力。一位熟悉相关争论的人士表示，英国的结论对欧洲各国领导人将“有很大分量”，因为英国 ​  展开全文c \n                    据两位知情人士称，英国国家网络安全中心(National Cyber Security Centre, NCSC)认定，英国有办法限制在未来5G超高速网络中使用华为设备的风险。这个结论沉重打击了美国说服盟国把华为挡在高速电信系统门外的努力。一位熟悉相关争论的人士表示，英国的结论对欧洲各国领导人将“有很大分量”，因为英国是五眼联盟(Five Eyes)情报分享网络的成员，可以获得敏感的美国情报。 收起全文d\n", "author": "历史的进城", "time": "历史的进城2019年02月18日07:52 来自历史的进城Android", "transmit": " 转发 35", "comment": "评论 31", "zan": " 67"}]