[{"text": "\n                    【牛津大学单方面中止与华为合作，或预示英国对华为的态度】最近，国际知名学府牛津大学单方面中止了来自国内电信巨头华为新的捐款和项目赞助。华为相关人员拒绝对此发表评论，但表示这与间谍威胁无关。牛津大学是誉满全球的公立研究型大学，其运转经费一部分来自社会捐助。为何近日会单方面中止来自华 ​  展开全文c \n                    【牛津大学单方面中止与华为合作，或预示英国对华为的态度】最近，国际知名学府牛津大学单方面中止了来自国内电信巨头华为新的捐款和项目赞助。华为相关人员拒绝对此发表评论，但表示这与间谍威胁无关。牛津大学是誉满全球的公立研究型大学，其运转经费一部分来自社会捐助。为何近日会单方面中止来自华为的捐款，令外界多有揣测。此举是牛津大学此举在今年1月8日做出的。牛津大学表示“当下不会再寻求来自华为的资助机会了”。据了解，目前华为同牛津大学有两个合作项目，涉及经费共计69.2万欧元，牛津大学表示，它们也不会受此次决定的影响。有分析人士表示，此举可能是未来英国政府对华为微妙态度的前兆。O网页链接 收起全文d\n", "author": "知识分子", "time": "知识分子2019年01月18日22:47 来自微博weibo.com", "transmit": " 转发 55", "comment": "评论 125", "zan": " 75"}, {"text": "\n                    【#牛津大学暂停与华为的捐赠关系# 】据称原因是华为在英国的一些合作项目近日引起“公众担忧”（public concerns）。牛津大学解释说，在做出此决定前已通过的两项华为合作项目仍将继续进行，这两个项目的研发经费共69.2万英镑（约人民币700万元）。华为发言人称，对牛津大学此决定并不知情，会与大 ​  展开全文c \n                    【#牛津大学暂停与华为的捐赠关系# 】据称原因是华为在英国的一些合作项目近日引起“公众担忧”（public concerns）。牛津大学解释说，在做出此决定前已通过的两项华为合作项目仍将继续进行，这两个项目的研发经费共69.2万英镑（约人民币700万元）。华为发言人称，对牛津大学此决定并不知情，会与大学了解沟通详情。 收起全文d\n", "author": "虎嗅APP", "time": "虎嗅APP2019年01月18日09:08", "transmit": " 转发 26", "comment": "评论 20", "zan": " 16"}]