[{"text": "\n                    2018年Q4英国智能手机市场：华为表现突出 三星失势。Strategy Analytics最新发布的研究报告指出，2018年Q4英国智能手机出货量年同比下降14%，为700万台。华为表现最优，而三星失势。Strategy Analytics高级分析师Rajeev Nair表示，“英国智能手机出货量从2017年Q4的850万台下降至2018年Q4的730万台， ​  展开全文c \n                    2018年Q4英国智能手机市场：华为表现突出 三星失势。Strategy Analytics最新发布的研究报告指出，2018年Q4英国智能手机出货量年同比下降14%，为700万台。华为表现最优，而三星失势。Strategy Analytics高级分析师Rajeev Nair表示，“英国智能手机出货量从2017年Q4的850万台下降至2018年Q4的730万台，年同比下降14%。英国是西欧最大的智能手机市场，但由于更长的换机周期、缺乏惊艳的设计、以及英国脱欧的不确定性导致消费者推迟了一些新的购买，英国正经历销售疲软阶段。”Strategy Analytics总监Woody Oh补充道，“2018年Q4，三星在英国智能手机市场占有率为19%，低于一年前的21%，排名第二。 在过去六年中，三星在英国智能手机市场份额缩水过半。 三星正面临来自华为的激烈竞争压力，华为以P20等热门机型正攻占三星在中端和高端市场的核心细分市场。 华为英国智能手机市场份额从2017年Q4的8%跃升至2018年Q4的12%。由于华为与EE等主要运营商的密集合作，华为在英国的发展迅猛。”O2018年Q4英国智能手机市场:华为表现突出 三星失势 收起全文d\n", "author": "HW前HR", "time": "HW前HR2019年02月14日17:30 来自HUAWEIMate20Pro", "transmit": " 转发 5", "comment": "评论 26", "zan": " 62"}, {"text": "\n                    【英国通信总部前负责人：西方封杀中国科技企业没道理】英国《金融时报》：西方要求将中国企业排斥在西方国家电信行业——尤其是未来的5G网络之外的声音似乎日益高涨，但彻底封杀像华为这样的中国科技企业没有道理。事实上，英国国家网络安全中心从未通过华为发现中国政府从事恶意网络活动的证据。  ​  展开全文c \n                    【英国通信总部前负责人：西方封杀中国科技企业没道理】英国《金融时报》：西方要求将中国企业排斥在西方国家电信行业——尤其是未来的5G网络之外的声音似乎日益高涨，但彻底封杀像华为这样的中国科技企业没有道理。事实上，英国国家网络安全中心从未通过华为发现中国政府从事恶意网络活动的证据。 O英国通信总部前负责人：西方封杀中国科技企业没道理 收起全文d\n", "author": "参考消息", "time": "参考消息2019年02月14日14:46 来自微博weibo.com", "transmit": " 转发 21", "comment": "评论 15", "zan": " 57"}, {"text": "\n                    【英前官员称未发现中国开展恶意网络活动证据 华春莹：安全问题就该用事实说话】据报道，英国情报机构政府通信总部前主管撰文称，从未发现中国政府通过华为开展恶意网络活动的证据。今天，外交部发言人华春莹回应：的确，安全问题就应该用事实说话。在全球范围内，甚至对自己盟友进行窃听和监控活动的 ​  展开全文c \n                    【英前官员称未发现中国开展恶意网络活动证据 华春莹：安全问题就该用事实说话】据报道，英国情报机构政府通信总部前主管撰文称，从未发现中国政府通过华为开展恶意网络活动的证据。今天，外交部发言人华春莹回应：的确，安全问题就应该用事实说话。在全球范围内，甚至对自己盟友进行窃听和监控活动的不是中国。希望各方都能真正尊重公平自由竞争的市场原则，为企业间正常合作创造公平、公正、非歧视的市场环境，促进相关行业健康发展。（央视记者黄惠馨） 收起全文d\n", "author": "央视新闻", "time": "央视新闻2019年02月14日18:20 来自微博weibo.com", "transmit": " 转发 169", "comment": "评论 119", "zan": " 1473"}]