[{"text": "\n                    【#华为曾差点卖身摩托罗拉# 往事：几乎改变电信业历史】英国《金融时报》披露华为曾有意“卖身”摩托罗拉往事。华为当时和摩托罗拉达成协议，后者以75亿美元收购华为，但因摩托罗拉换帅后拒绝通过协议而未果。《金融时报》感慨，如果当初交易达成，势必将改变电信业的历史进程。O华为差点“卖身”摩托罗拉往事：几乎改变电信业历史 ​                ", "author": "新浪科技", "time": "新浪科技2019年03月02日12:30 来自专业版微博", "transmit": " 转发 28", "comment": "评论 62", "zan": " 62"}, {"text": "\n                    【华为Mate20 Pro在英国新推出的广告：不只精彩，更是悬念迭起】看来华为影视公司的名声是坐实了，看到最后的我，才发现这竟然是华为手机的广告。i 服了 You！华为，让一切成为可能 L人才76116的微博视频 ​                ", "author": "人才76116", "time": "人才761162019年03月02日23:12 来自HUAWEIP20", "transmit": " 转发 40", "comment": "评论 66", "zan": " 96"}, {"text": "\n                    【不收之恩！摩托罗拉16年前拒收购华为：75亿美元报价太贵】2月27日，英国《金融时报》公布了任正非与摩托罗拉COO迈克·扎菲罗夫斯基的旧照。2003年，摩托罗拉曾有意以75亿美元收购华为，但最终因人事变动中断。如今的摩托罗拉早已被联想以29亿美元收购，华为真心感谢摩托罗拉不收之恩！如 ​  展开全文c \n                    【不收之恩！摩托罗拉16年前拒收购华为：75亿美元报价太贵】2月27日，英国《金融时报》公布了任正非与摩托罗拉COO迈克·扎菲罗夫斯基的旧照。2003年，摩托罗拉曾有意以75亿美元收购华为，但最终因人事变动中断。如今的摩托罗拉早已被联想以29亿美元收购，华为真心感谢摩托罗拉不收之恩！如果被收购了，通信业历史会很不一样，而现在华为已是全球最大的电信设备公司和销量第二的智能手机厂商。#华为曾差点卖身摩托罗拉# @老板联播 L老板联播的微博视频 收起全文d\n", "author": "每日经济新闻", "time": "每日经济新闻2019年03月02日19:40 来自搜狗高速浏览器", "transmit": " 转发 65", "comment": "评论 35", "zan": " 138"}, {"text": "\n                    【谢不收之恩！#摩托罗拉16年前拒收购华为#：75亿美元报价太贵】2月27日，英国《金融时报》公布了任正非与摩托罗拉COO迈克·扎菲罗夫斯基的旧照。2003年，摩托罗拉曾有意以75亿美元收购华为，但最终因人事变动中断。如今的摩托罗拉早已被联想以29亿美元收购，如果当初华为被收购了，通信业历史会 ​  展开全文c \n                    【谢不收之恩！#摩托罗拉16年前拒收购华为#：75亿美元报价太贵】2月27日，英国《金融时报》公布了任正非与摩托罗拉COO迈克·扎菲罗夫斯基的旧照。2003年，摩托罗拉曾有意以75亿美元收购华为，但最终因人事变动中断。如今的摩托罗拉早已被联想以29亿美元收购，如果当初华为被收购了，通信业历史会很不一样，而现在华为已是全球最大的电信设备公司和销量第二的智能手机厂商。@老板联播 L老板联播的微博视频 收起全文d\n", "author": "梨视频", "time": "梨视频2019年03月02日19:46 来自微博weibo.com", "transmit": " 转发 177", "comment": "评论 243", "zan": " 946"}, {"text": "\n                    【感谢当年不收之恩！#摩托罗拉曾拒收购华为#：75亿美元报价太贵】2月27日，英国《金融时报》公布了任正非与摩托罗拉COO迈克·扎菲罗夫斯基的旧照。2003年，摩托罗拉曾有意以75亿美元收购华为，但最终因人事变动中断。如今的摩托罗拉早已被联想以29亿美元收购，华为真心感谢摩托罗拉不收之 ​  展开全文c \n                    【感谢当年不收之恩！#摩托罗拉曾拒收购华为#：75亿美元报价太贵】2月27日，英国《金融时报》公布了任正非与摩托罗拉COO迈克·扎菲罗夫斯基的旧照。2003年，摩托罗拉曾有意以75亿美元收购华为，但最终因人事变动中断。如今的摩托罗拉早已被联想以29亿美元收购，华为真心感谢摩托罗拉不收之恩！如果被收购了，通信业历史会很不一样，而现在华为已是全球最大的电信设备公司和销量第二的智能手机厂商。L老板联播的微博视频 收起全文d\n", "author": "新浪新闻", "time": "新浪新闻2019年03月02日19:23 来自专业版微博平台", "transmit": " 转发 61", "comment": "评论 81", "zan": " 311"}, {"text": "\n                    【不收之恩！摩托罗拉16年前拒收购华为：75亿美元报价太贵】2月27日，英国《金融时报》公布了任正非与摩托罗拉COO迈克·扎菲罗夫斯基的旧照。2003年，摩托罗拉曾有意以75亿美元收购华为，但最终因人事变动中断。如今的摩托罗拉早已被联想以29亿美元收购，华为真心感谢摩托罗拉不收之恩！如 ​  展开全文c \n                    【不收之恩！摩托罗拉16年前拒收购华为：75亿美元报价太贵】2月27日，英国《金融时报》公布了任正非与摩托罗拉COO迈克·扎菲罗夫斯基的旧照。2003年，摩托罗拉曾有意以75亿美元收购华为，但最终因人事变动中断。如今的摩托罗拉早已被联想以29亿美元收购，华为真心感谢摩托罗拉不收之恩！如果被收购了，通信业历史会很不一样，而现在华为已是全球最大的电信设备公司和销量第二的智能手机厂商。#华为曾差点卖身摩托罗拉# L老板联播的微博视频 收起全文d\n", "author": "第一财经日报", "time": "第一财经日报2019年03月02日21:04 来自iPhone客户端", "transmit": " 转发 42", "comment": "评论 20", "zan": " 80"}, {"text": "\n                    【不收之恩！摩托罗拉16年前拒收购华为：75亿美元报价太贵】2月27日，英国《金融时报》公布了任正非与摩托罗拉COO迈克·扎菲罗夫斯基的旧照。2003年，摩托罗拉曾有意以75亿美元收购华为，但最终因人事变动中断。如今的摩托罗拉早已被联想以29亿美元收购，华为真心感谢摩托罗拉不收之恩！如 ​  展开全文c \n                    【不收之恩！摩托罗拉16年前拒收购华为：75亿美元报价太贵】2月27日，英国《金融时报》公布了任正非与摩托罗拉COO迈克·扎菲罗夫斯基的旧照。2003年，摩托罗拉曾有意以75亿美元收购华为，但最终因人事变动中断。如今的摩托罗拉早已被联想以29亿美元收购，华为真心感谢摩托罗拉不收之恩！如果被收购了，通信业历史会很不一样，而现在华为已是全球最大的电信设备公司和销量第二的智能手机厂商。#华为曾差点卖身摩托罗拉# L老板联播的微博视频 收起全文d\n", "author": "创业家传媒", "time": "创业家传媒2019年03月02日18:56 来自iPhone客户端", "transmit": " 转发 18", "comment": "评论 29", "zan": " 28"}, {"text": "\n                    【感谢当年不收之恩！#摩托罗拉曾拒收购华为#：75亿美元报价太贵】2月27日，英国《金融时报》公布了任正非与摩托罗拉COO迈克·扎菲罗夫斯基的旧照。2003年，摩托罗拉曾有意以75亿美元收购华为，但最终因人事变动中断。如今的摩托罗拉早已被联想以29亿美元收购，华为真心感谢摩托罗拉不收之 ​  展开全文c \n                    【感谢当年不收之恩！#摩托罗拉曾拒收购华为#：75亿美元报价太贵】2月27日，英国《金融时报》公布了任正非与摩托罗拉COO迈克·扎菲罗夫斯基的旧照。2003年，摩托罗拉曾有意以75亿美元收购华为，但最终因人事变动中断。如今的摩托罗拉早已被联想以29亿美元收购，华为真心感谢摩托罗拉不收之恩！如果被收购了，通信业历史会很不一样，而现在华为已是全球最大的电信设备公司和销量第二的智能手机厂商。L老板联播的微博视频 收起全文d\n", "author": "中国企业家杂志", "time": "中国企业家杂志2019年03月02日22:08 来自微博weibo.com", "transmit": " 转发 34", "comment": "评论 22", "zan": " 40"}, {"text": "\n                    【不收之恩！#摩托罗拉16年前拒收购华为#：75亿美元报价太贵】2月27日，英国《金融时报》公布了任正非与摩托罗拉COO迈克·扎菲罗夫斯基的旧照。2003年，摩托罗拉曾有意以75亿美元收购华为，但最终因人事变动中断。如今的摩托罗拉早已被联想以29亿美元收购，华为真心感谢摩托罗拉不收之恩！ ​  展开全文c \n                    【不收之恩！#摩托罗拉16年前拒收购华为#：75亿美元报价太贵】2月27日，英国《金融时报》公布了任正非与摩托罗拉COO迈克·扎菲罗夫斯基的旧照。2003年，摩托罗拉曾有意以75亿美元收购华为，但最终因人事变动中断。如今的摩托罗拉早已被联想以29亿美元收购，华为真心感谢摩托罗拉不收之恩！如果被收购了，通信业历史会很不一样，而现在华为已是全球最大的电信设备公司和销量第二的智能手机厂商。#华为曾差点卖身摩托罗拉# L老板联播的微博视频 收起全文d\n", "author": "老板联播", "time": "老板联播2019年03月02日18:52 来自微博视频", "transmit": " 转发 42", "comment": "评论 40", "zan": " 108"}]