[{"text": "\n                    【BBC记者替华为鸣不平：一切都是“五眼联盟”庸人自扰，美国有一个关键目标是将华为排除在利润丰厚的5G设备市场之外】十多年来，华为一直是英国电信市场的主要参与者——而且在慈善捐赠和学术研究方面也是一个大客户。各种各样的英国企业和机构都渴望与这个中国巨人做生意。那么，最近他们中的 ​  展开全文c \n                    【BBC记者替华为鸣不平：一切都是“五眼联盟”庸人自扰，美国有一个关键目标是将华为排除在利润丰厚的5G设备市场之外】十多年来，华为一直是英国电信市场的主要参与者——而且在慈善捐赠和学术研究方面也是一个大客户。各种各样的英国企业和机构都渴望与这个中国巨人做生意。那么，最近他们中的一些人是如何突然改变了想法的呢？总之，什么都没有。        唯一改变的是——政治气候。 英国广播公司（BBC）网站1月24日发表了该报科技记者罗里·塞兰-琼斯的文章，替华为鸣不平。文章称，如果你担心华为与中国政府的关系，那么10年前这同样是个大问题。或许有人担心华为可能在设备上设置秘密后门，让中国政府监视或干扰西方的电信网络？         “在最近的一次活动中，一名英国电信高管向包括我在内的一批记者提问，有什么证据可以证明这一点。我们挠头，想不出什么理由。”虽然英国政府通信总部下属的一个部门对华为公司可能构成网络安全风险的工程过程提进行全面评估，但没有发现后门。这位电信高管说：“我们今年将与他们合作1亿英镑。”     合作还在继续，那么到底什么改变了？文章指出，改变的是对中国企业的强硬立场，尤其是来自美国对华为的态度。      文章认为，这是基于对中国的商业策略、对西方公司知识产权的态度等方面长期存在的担忧。      文章称，还有另外一个因素——5G网络的到来将成为世界工业基础设施的一部分，这将为各方带来新的安全风险和机会。      短期内，美国有一个关键目标——将华为排除在利润丰厚的5G设备市场之外。文章指出，美国对“五眼联盟”的情报合作伙伴施加了特别的压力，而且这种压力似乎正在起作用，澳大利亚已经把这家中国公司拒之门外。       在准备推出5G网络之际，英国几大移动运营商正在紧张地等待政府的指导意见。它们都有可能将华为排除在核心网络之外，但它们希望能够在自己的基站使用华为的设备。“他们（华为）非常优秀。”一位技术人员告诉作者，“技术要比其他厂商领先四五个月。”来源：参考消息 收起全文d\n", "author": "人才76116", "time": "人才761162019年01月27日11:55", "transmit": " 转发 12", "comment": "评论 32", "zan": " 60"}]