[{"text": "\n                    【波兰“挑头”呼吁抵制华为 欧洲国家响应者寥寥】据英国广播公司网站1月15日报道，波兰内务部长布鲁津斯基日前呼吁欧盟和北约在如何应对华为可能带来的“安全威胁”，以及是否要将华为排除在欧洲市场的问题上协调政策，制定共同立场。报道称，他的这一呼吁并没有引起太多反响。 ​                ", "author": "新浪军事", "time": "新浪军事2019年01月17日11:13 来自微博weibo.com", "transmit": " 转发 33", "comment": "评论 145", "zan": " 123"}, {"text": "\n                    1月17日，据英国金融时报报道，美国国会议员提出警告称，华为生产的太阳能逆变器可能危及整个美国电网。美国民主党与共和党的国会议员表示，华为的太阳能设备存在被黑客入侵的风险，将导致第三方放慢甚至中断整个美国的电力供应。O挑刺还上瘾？美议员再指华为太阳能逆变器危及美国电网 ​                ", "author": "集微网官网", "time": "集微网官网2019年01月17日18:12 来自360安全浏览器", "transmit": " 转发 6", "comment": "评论 7", "zan": " 3"}]