[{"text": "\n                    【精明之举】英国最大的通讯公司之一THREE UK，跟华为签订了200亿的订单。其实这家公司就是李嘉诚投资的通讯公司。拿下了THREE UK之后，华为也在英国找到了突破口。目前英国另外EE、O2等公司也打算跟华为签订合同。支持华为200亿订单，同时放弃加拿大的投资，李嘉诚确实非常聪明。O网页链接 ​                ", "author": "北京鲁戈", "time": "北京鲁戈2019年02月10日09:42 来自百度App", "transmit": " 转发 239", "comment": "评论 43", "zan": " 133"}]