[{"text": "\n                    【没抵住“五眼联盟”游说，英防相首次对使用华为5G技术表“严重关切”】 路透社27日称，英国国防大臣威廉姆森称，对华为5G可能进入英国表示严重关切。他认为，在允许华为参与英国移动网络升级工作前，需进一步审查是否存在“安全威胁”。报道称，威廉姆森是英国首位公开表达此类担忧的内阁级别官员。 ​                ", "author": "新浪军事", "time": "新浪军事2018年12月28日13:55 来自微博weibo.com", "transmit": " 转发 17", "comment": "评论 59", "zan": " 82"}, {"text": "\n                    【华为5G威胁英国安全？英前高官：封杀中国技术“实在愚蠢”】英国《泰晤士报》网站：英国政府通信总部前负责人罗伯特·汉尼根告诫说，今后，中国技术不仅会是最便宜的，也会是最高级的，因此，在英国全面禁止中国技术的想法“实在愚蠢”。O网页链接 ​                ", "author": "参考消息", "time": "参考消息2018年12月28日18:18 来自微博weibo.com", "transmit": " 转发 36", "comment": "评论 23", "zan": " 128"}, {"text": "\n                    台湾媒体甚为不解！为何之前多国政府跟随美国禁用华为，但现在却都出而反而，英国，日本，意大利，包括加拿大电讯商都表示会继续使用华为的5G通信技术！捷克总理更当面澄清仓促决定停用华为产品是被误导！原因就是现在全球真正能提供5G服务的就华为一家。华为5G通信技术在全球可以称得上是第一了，而华 ​  展开全文c \n                    台湾媒体甚为不解！为何之前多国政府跟随美国禁用华为，但现在却都出而反而，英国，日本，意大利，包括加拿大电讯商都表示会继续使用华为的5G通信技术！捷克总理更当面澄清仓促决定停用华为产品是被误导！原因就是现在全球真正能提供5G服务的就华为一家。华为5G通信技术在全球可以称得上是第一了，而华为5G订单的规模在全球业务量已经超越爱立信、高通、三星、诺基亚等知名科技公司，成为了首屈一指的5G领军者。这些国家不想用中国的华为，但又不得不用华为，这就是华为让美帝羡慕嫉妒恨的主要原因！#华为年度出货量首超苹果# 收起全文d\n", "author": "彩云香江", "time": "彩云香江2018年12月28日08:40 来自HUAWEIMate10Pro", "transmit": " 转发 44", "comment": "评论 21", "zan": " 85"}]