[{"text": "\n英国牛津大学表示已停止接受华为公司的捐助。华为是全球最大的电信网络设备供应商，此前该公司因与政府的关系受到各国的审查。牛津大学在给该校计算机科学博士生的邮件中表示，学校于今年1月8日决定，目前不会寻求与华为或其关联公司的新捐助机会。邮件指出：“这一决定是在公众近几个月对英国与华为 ​  展开全文c \n英国牛津大学表示已停止接受华为公司的捐助。华为是全球最大的电信网络设备供应商，此前该公司因与政府的关系受到各国的审查。牛津大学在给该校计算机科学博士生的邮件中表示，学校于今年1月8日决定，目前不会寻求与华为或其关联公司的新捐助机会。邮件指出：“这一决定是在公众近几个月对英国与华为的合作关系感到担忧的情况下做出的。”牛津大学表示，委员会将在3-6个月内重新审议这一决定。该决定不会影响已经商定、签署和正在进行中的捐赠或研究项目。星星小咖 收起全文d\n", "author": "霍小兵", "time": "霍小兵2019年01月21日13:07 来自星星小咖超话", "transmit": " 转发 7", "comment": "评论 4", "zan": " 7"}]