[{"text": "\n                    【华为回应新西兰5G禁令：5G缺了华为，就像橄榄球赛缺了新西兰队】据英国《卫报》报道，2月13日，华为在新西兰当地主流媒体刊登整版广告，称“5G缺了华为，就像橄榄球赛缺了新西兰队” 。借新西兰民众热爱的橄榄球运动，批评该国政府禁止华为参与网络建设的决策。 广告指出，如果没有华为，新西兰将错 ​  展开全文c \n                    【华为回应新西兰5G禁令：5G缺了华为，就像橄榄球赛缺了新西兰队】据英国《卫报》报道，2月13日，华为在新西兰当地主流媒体刊登整版广告，称“5G缺了华为，就像橄榄球赛缺了新西兰队” 。借新西兰民众热爱的橄榄球运动，批评该国政府禁止华为参与网络建设的决策。 广告指出，如果没有华为，新西兰将错过最先进的5G技术，消费者也会因此花更多的钱。 收起全文d\n", "author": "新浪军事", "time": "新浪军事2019年02月15日12:11 来自微博weibo.com", "transmit": " 转发 27", "comment": "评论 63", "zan": " 179"}]