[{"text": "\n                    【是否已全面“封杀”华为？英国大臣首次公开表态】据英媒报道，上周，英国下议院连续致信多位大臣，要求他们明确表态政府是否已决定禁用华为。英国分管数码、文化、媒体与体育事务的大臣怀特日前表示：政府尚未决定将华为排除出包括关键合同在内的商业竞标，5G是非常重要的技术，“有必要审慎应对。” ​                ", "author": "新浪军事", "time": "新浪军事2019年01月25日13:20 来自微博weibo.com", "transmit": " 转发 10", "comment": "评论 30", "zan": " 87"}, {"text": "\n                    【BBC记者替华为鸣不平：一切都是“五眼联盟”庸人自扰】BBC记者24日发表文章替华为鸣不平。文章称，如果你担心华为与中国政府的关系，那么10年前这同样是个大问题。虽然英国政府通信总部下属的一个部门对华为公司可能构成网络安全风险的工程过程提出批评，但没有发现后门。唯一改变的是——政治气候。 ​  展开全文c \n                    【BBC记者替华为鸣不平：一切都是“五眼联盟”庸人自扰】BBC记者24日发表文章替华为鸣不平。文章称，如果你担心华为与中国政府的关系，那么10年前这同样是个大问题。虽然英国政府通信总部下属的一个部门对华为公司可能构成网络安全风险的工程过程提出批评，但没有发现后门。唯一改变的是——政治气候。 OBBC记者替华为鸣不平：一切都是“五眼联盟”庸人自扰 收起全文d\n", "author": "参考消息", "time": "参考消息2019年01月25日16:37 来自微博weibo.com", "transmit": " 转发 23", "comment": "评论 18", "zan": " 79"}, {"text": "\n                    【英国查尔斯王子的慈善基金将停止接受华为捐赠】O英国查尔斯王子的慈善基金将停止接受华为捐赠 ​​​                ", "author": "本元禅师", "time": "本元禅师2019年01月25日07:13 来自HUAWEIMate20", "transmit": " 转发 27", "comment": "评论 22", "zan": " 49"}, {"text": "\n                    日前，英国查尔斯王子(Prince Charles)创立的一家慈善机构表示将不再接受华为(Huawei)的捐赠，这是华为公司在对抗全球间谍指控方面遭受的最新打击。    在西方越来越抵制华为的今天，《环球时报》发表社评说，“全世界稍有头脑的人对此看得很清楚，美国就是在以法律之名行阻止中国高科技公司崛起之实 ​  展开全文c \n                    日前，英国查尔斯王子(Prince Charles)创立的一家慈善机构表示将不再接受华为(Huawei)的捐赠，这是华为公司在对抗全球间谍指控方面遭受的最新打击。    在西方越来越抵制华为的今天，《环球时报》发表社评说，“全世界稍有头脑的人对此看得很清楚，美国就是在以法律之名行阻止中国高科技公司崛起之实。”；    社评最后说，中国应当“做好更复杂斗争和博弈的准备” ，为华为打一场持久战。 收起全文d\n", "author": "Kevin在纽约", "time": "Kevin在纽约2019年01月25日06:40 来自微博weibo.com", "transmit": " 转发 129", "comment": "评论 397", "zan": " 216"}]