[{"text": "\n                    【任正非引“毛选”答BBC：西方不亮东方亮，美国没办法扼杀我们】#任正非 美国不会摧毁华为# 英国广播公司18日发布了一段对华为创始人任正非的独家专访。在专访中，任正非表示，美国没办法扼杀华为，世界也不能离开华为，因为华为（跟竞争对手比）更先进。即使他们说服了更多国家暂时不要使用我们的设 ​  展开全文c \n                    【任正非引“毛选”答BBC：西方不亮东方亮，美国没办法扼杀我们】#任正非 美国不会摧毁华为# 英国广播公司18日发布了一段对华为创始人任正非的独家专访。在专访中，任正非表示，美国没办法扼杀华为，世界也不能离开华为，因为华为（跟竞争对手比）更先进。即使他们说服了更多国家暂时不要使用我们的设备，我们也可以随时缩减规模。” “西方不亮东方亮，黑了北方有南方。美国并不代表世界，美国只代表世界的一部分。”任正非还说道。  L环球网的微博视频 O任正非引“毛选”答BBC：西方不亮东方亮，美国没办法扼杀我们 收起全文d\n", "author": "环球网", "time": "环球网2019年02月19日12:29", "transmit": " 转发 332", "comment": "评论 225", "zan": " 2253"}, {"text": "\n                    【英国、新西兰在“围剿华为”上改口 CNN：“五眼”要崩.....】 在美国企图联合其盟友“围剿”华为之际，英国政府日前得出结论，认为华为5G设备风险可控。CNN在头条上评论称，“美国对华为的战争可能造成‘五眼联盟’裂痕”。话音未落，新西兰也做出表态，称华为从未在该国5G竞争中“出局”。新西兰总 ​  展开全文c \n                    【英国、新西兰在“围剿华为”上改口 CNN：“五眼”要崩.....】 在美国企图联合其盟友“围剿”华为之际，英国政府日前得出结论，认为华为5G设备风险可控。CNN在头条上评论称，“美国对华为的战争可能造成‘五眼联盟’裂痕”。话音未落，新西兰也做出表态，称华为从未在该国5G竞争中“出局”。新西兰总理阿德恩明确表示，虽然“五眼联盟”共享情报，但是在华为5G方案问题上，新西兰会做出自己独立的决定。 OCNN称“五眼联盟”可能要崩，新西兰也表态：从未将华为排除在外 收起全文d\n", "author": "环球时报", "time": "环球时报2019年02月19日22:50 来自微博weibo.com", "transmit": " 转发 120", "comment": "评论 216", "zan": " 526"}, {"text": "\n                    【#任正非BBC采访#：西方不亮东方亮，美国不能代表全世界】2月18日晚，英国广播公司（BBC）网站播出了对华为公司创始人兼首席执行官任正非的独家采访。采访中，任正非警告称“美国不会摧毁华为……美国不能代表世界”。如果英国信任华为而美国不，那么“我们将更大规模地把投资从美国转移到英国。” ​  展开全文c \n                    【#任正非BBC采访#：西方不亮东方亮，美国不能代表全世界】2月18日晚，英国广播公司（BBC）网站播出了对华为公司创始人兼首席执行官任正非的独家采访。采访中，任正非警告称“美国不会摧毁华为……美国不能代表世界”。如果英国信任华为而美国不，那么“我们将更大规模地把投资从美国转移到英国。”#任正非 美国不会摧毁华为# L大佬时间的秒拍视频 收起全文d\n", "author": "凤凰网财经", "time": "凤凰网财经2019年02月19日10:36", "transmit": " 转发 124", "comment": "评论 127", "zan": " 220"}, {"text": "\n                    【#任正非BBC采访#：西方不亮东方亮 美国不能代表全世界】当地时间2月18日晚，BBC网站播出了对华为创始人兼首席执行官任正非的采访。采访中，任正非警告称“美国不会摧毁华为……美国不能代表世界”。如果英国信任华为而美国不，那么“我们将更大规模地把投资从美国转移到英国”。O任正非BBC采访：西方不亮东方亮 美国不能代表全世界 ​                ", "author": "新浪科技", "time": "新浪科技2019年02月19日09:23 来自专业版微博", "transmit": " 转发 34", "comment": "评论 20", "zan": " 123"}, {"text": "\n                    【任正非BBC采访：西方不亮东方亮 美国不能代表全世界】2月18日晚，英国广播公司（BBC）网站播出了对华为公司创始人兼首席执行官任正非的独家采访。采访中，任正非警告称“美国不会摧毁华为……美国不能代表世界”。如果英国信任华为而美国不，那么“我们将更大规模地把投资从美国转移到英国。”  ​  展开全文c \n                    【任正非BBC采访：西方不亮东方亮 美国不能代表全世界】2月18日晚，英国广播公司（BBC）网站播出了对华为公司创始人兼首席执行官任正非的独家采访。采访中，任正非警告称“美国不会摧毁华为……美国不能代表世界”。如果英国信任华为而美国不，那么“我们将更大规模地把投资从美国转移到英国。” L大佬时间的秒拍视频 收起全文d\n", "author": "新浪视频", "time": "新浪视频2019年02月19日10:30 来自微博weibo.com", "transmit": " 转发 32", "comment": "评论 26", "zan": " 127"}, {"text": "\n                    【视频：任正非接受BBC采访，称美国不能代表全世界】2月18日晚，BBC网站播出了对华为公司创始人兼首席执行官任正非的独家采访。采访中，任正非称“美国不会摧毁华为……美国不能代表世界”。如果英国信任华为而美国不，那么“我们将更大规模地把投资从美国转移到英国。”@大佬时间   ​  展开全文c \n                    【视频：任正非接受BBC采访，称美国不能代表全世界】2月18日晚，BBC网站播出了对华为公司创始人兼首席执行官任正非的独家采访。采访中，任正非称“美国不会摧毁华为……美国不能代表世界”。如果英国信任华为而美国不，那么“我们将更大规模地把投资从美国转移到英国。”@大佬时间 L大佬时间的秒拍视频 收起全文d\n", "author": "观察者网", "time": "观察者网2019年02月19日13:39 来自微博weibo.com", "transmit": " 转发 62", "comment": "评论 167", "zan": " 244"}, {"text": "\n                    【CNN:美国对华为的战争可能造成“五眼联盟”裂痕】“华为参与英国电信工程可能带来的任何安全风险,都是可以掌控的”,这是英国国家网络安全中心17日对华为“可能给英国电信业带来哪些潜在威胁作了全面评估”后得出的结论,对此,美国有线电视新闻网(CNN)18日在其头条位置评论称“美国对华为的战争可能造 ​  展开全文c \n                    【CNN:美国对华为的战争可能造成“五眼联盟”裂痕】“华为参与英国电信工程可能带来的任何安全风险,都是可以掌控的”,这是英国国家网络安全中心17日对华为“可能给英国电信业带来哪些潜在威胁作了全面评估”后得出的结论,对此,美国有线电视新闻网(CNN)18日在其头条位置评论称“美国对华为的战争可能造成‘五眼联盟’裂痕”。 OCNN：美国对华为的战争可能造成“五眼联盟”裂痕 收起全文d\n", "author": "环球网", "time": "环球网2019年02月19日15:08", "transmit": " 转发 19", "comment": "评论 21", "zan": " 84"}, {"text": "\n                    【#任正非称美国不会摧毁华为#，投资转向英国】当地时间2月18日晚，英国广播公司（BBC）播出对华为创始人任正非的采访，任正非说美国不会摧毁华为，世界需要华为，因为华为更加先进。如果美国不相信我们，我们就把投资从美国转向英国。（来源：@老板联播 ）L老板联播的微博视频 ​                ", "author": "每日经济新闻", "time": "每日经济新闻2019年02月19日11:58 来自微博weibo.com", "transmit": " 转发 120", "comment": "评论 132", "zan": " 1084"}, {"text": "\n                    【任正非接受BBC采访：西方不亮东方亮，美国不能代表全世界】2月18日晚，英国广播公司（BBC）网站播出了对华为公司创始人兼首席执行官任正非的独家采访。采访中，任正非回应称“美国不会打垮华为……美国不能代表世界”。如果英国信任华为而美国不，那么“我们将更大规模地把投资从美国转移到英国。”  ​  展开全文c \n                    【任正非接受BBC采访：西方不亮东方亮，美国不能代表全世界】2月18日晚，英国广播公司（BBC）网站播出了对华为公司创始人兼首席执行官任正非的独家采访。采访中，任正非回应称“美国不会打垮华为……美国不能代表世界”。如果英国信任华为而美国不，那么“我们将更大规模地把投资从美国转移到英国。” L大佬时间的秒拍视频 收起全文d\n", "author": "第一财经日报", "time": "第一财经日报2019年02月19日10:52 来自iPhone客户端", "transmit": " 转发 45", "comment": "评论 64", "zan": " 84"}, {"text": "\n                    【英国、新西兰在“围剿华为”上改口 CNN：“五眼”要崩.....】 在美国企图联合其盟友“围剿”华为之际，英国政府日前得出结论，认为华为5G设备风险可控。CNN在头条上评论称，“美国对华为的战争可能造成‘五眼联盟’裂痕”。话音未落，新西兰也做出表态，称华为从未在该国5G竞争中“出局”。新西兰 ​  展开全文c \n                    【英国、新西兰在“围剿华为”上改口 CNN：“五眼”要崩.....】 在美国企图联合其盟友“围剿”华为之际，英国政府日前得出结论，认为华为5G设备风险可控。CNN在头条上评论称，“美国对华为的战争可能造成‘五眼联盟’裂痕”。话音未落，新西兰也做出表态，称华为从未在该国5G竞争中“出局”。新西兰总理阿德恩明确表示，虽然“五眼联盟”共享情报，但是在华为5G方案问题上，新西兰会做出自己独立的决定。 OCNN称“五眼联盟”可能要崩，新西兰也表态：从未将华为排除在外 收起全文d\n", "author": "观察者网", "time": "观察者网2019年02月19日21:21 来自微博weibo.com", "transmit": " 转发 102", "comment": "评论 160", "zan": " 327"}, {"text": "\n                    【任正非BBC采访：西方不亮东方亮，美国不能代表全世界】2月18日晚，BBC网站播出了对华为公司创始人兼首席执行官任正非的独家采访。采访中，任正非称“美国不会摧毁华为……美国不能代表世界”。如果英国信任华为而美国不，那么“我们将更大规模地把投资从美国转移到英国。”@大佬时间   ​  展开全文c \n                    【任正非BBC采访：西方不亮东方亮，美国不能代表全世界】2月18日晚，BBC网站播出了对华为公司创始人兼首席执行官任正非的独家采访。采访中，任正非称“美国不会摧毁华为……美国不能代表世界”。如果英国信任华为而美国不，那么“我们将更大规模地把投资从美国转移到英国。”@大佬时间 L大佬时间的秒拍视频 收起全文d\n", "author": "新财富杂志", "time": "新财富杂志2019年02月19日11:35 来自iPhone8Plus", "transmit": " 转发 33", "comment": "评论 27", "zan": " 104"}, {"text": "\n#任正非 美国不会摧毁华为# 【任正非BBC采访：西方不亮东方亮，美国不会摧毁华为，也不能代表世界】任正非在采访中表示：“美国杀不掉我们，因为世界需要我们，因为我们更先进。”如果英国信任华为，美国不信任，那么“我们将更大规模地把投资从美国转移到英国。”当外部环境的压力扑面而来，任正非说 ​  展开全文c \n#任正非 美国不会摧毁华为# 【任正非BBC采访：西方不亮东方亮，美国不会摧毁华为，也不能代表世界】任正非在采访中表示：“美国杀不掉我们，因为世界需要我们，因为我们更先进。”如果英国信任华为，美国不信任，那么“我们将更大规模地把投资从美国转移到英国。”当外部环境的压力扑面而来，任正非说自己所能做的就是保持沉静，用心做事。这也是我们在《#苦难英雄任正非#》中看到的那个坚毅，迎难而上，不断挑战的任正非。 收起全文d\n", "author": "凤凰联动", "time": "凤凰联动2019年02月19日12:54 来自微博weibo.com", "transmit": " 转发 162", "comment": "评论 50", "zan": " 73"}, {"text": "\n                    【任正非BBC采访：西方不亮东方亮 美国不能代表全世界】在英国称5G网络使用华为通讯设备所产生的风险是可控的之后，2月18日晚，英国广播公司网站播出了对任正非的采访。采访中，任正非警告称“美国不会摧毁华为…美国不能代表世界”。如果英国信任华为而美国不，那么“我们将更大规模地把投资从美国转 ​  展开全文c \n                    【任正非BBC采访：西方不亮东方亮 美国不能代表全世界】在英国称5G网络使用华为通讯设备所产生的风险是可控的之后，2月18日晚，英国广播公司网站播出了对任正非的采访。采访中，任正非警告称“美国不会摧毁华为…美国不能代表世界”。如果英国信任华为而美国不，那么“我们将更大规模地把投资从美国转移到英国”。他坚决反对美国出于“政治动机”的指控。他还说，加拿大抓孟晚舟，是“抓错人了”。O任正非BBC采访：西方不亮东方亮 美国不能代表全世界 收起全文d\n", "author": "新浪证券", "time": "新浪证券2019年02月19日09:48 来自微博weibo.com", "transmit": " 转发 23", "comment": "评论 8", "zan": " 136"}, {"text": "\n                    【任正非BBC采访：西方不亮东方亮，美国不能代表全世界】2月18日晚，英国广播公司（BBC）网站播出了对华为公司创始人兼首席执行官任正非的独家采访。采访中，任正非警告称“美国不会摧毁华为……美国不能代表世界”。如果英国信任华为而美国不，那么“我们将更大规模地把投资从美国转移到英国。” ​  展开全文c \n                    【任正非BBC采访：西方不亮东方亮，美国不能代表全世界】2月18日晚，英国广播公司（BBC）网站播出了对华为公司创始人兼首席执行官任正非的独家采访。采访中，任正非警告称“美国不会摧毁华为……美国不能代表世界”。如果英国信任华为而美国不，那么“我们将更大规模地把投资从美国转移到英国。”@时间视频L大佬时间的秒拍视频 收起全文d\n", "author": "大公報-大公網", "time": "大公報-大公網2019年02月19日10:40 来自微博weibo.com", "transmit": " 转发 22", "comment": "评论 15", "zan": " 65"}, {"text": "\n                    【任正非BBC采访：西方不亮东方亮，美国不会摧毁华为，也不能代表全世界】2月18日晚，英国广播公司（BBC）网站播出了对华为公司创始人兼首席执行官任正非的独家采访。采访中，任正非警告称“美国不会摧毁华为……美国不能代表世界”。如果英国信任华为而美国不，那么“我们将更大规模地把投资 ​  展开全文c \n                    【任正非BBC采访：西方不亮东方亮，美国不会摧毁华为，也不能代表全世界】2月18日晚，英国广播公司（BBC）网站播出了对华为公司创始人兼首席执行官任正非的独家采访。采访中，任正非警告称“美国不会摧毁华为……美国不能代表世界”。如果英国信任华为而美国不，那么“我们将更大规模地把投资从美国转移到英国。” L大佬时间的秒拍视频 #任正非 美国不会摧毁华为# 收起全文d\n", "author": "虎嗅APP", "time": "虎嗅APP2019年02月19日11:22", "transmit": " 转发 81", "comment": "评论 18", "zan": " 49"}, {"text": "\n                    【任正非BBC采访：西方不亮东方亮，美国不能代表全世界】2月18日晚，英国广播公司（BBC）网站播出了对华为公司创始人兼首席执行官任正非的独家采访。采访中，任正非警告称“美国不会摧毁华为……美国不能代表世界”。如果英国信任华为而美国不，那么“我们将更大规模地把投资从美国转移到英国。” ​  展开全文c \n                    【任正非BBC采访：西方不亮东方亮，美国不能代表全世界】2月18日晚，英国广播公司（BBC）网站播出了对华为公司创始人兼首席执行官任正非的独家采访。采访中，任正非警告称“美国不会摧毁华为……美国不能代表世界”。如果英国信任华为而美国不，那么“我们将更大规模地把投资从美国转移到英国。”@大佬时间 L大佬时间的秒拍视频 收起全文d\n", "author": "时间视频", "time": "时间视频2019年02月19日11:30 来自微博weibo.com", "transmit": " 转发 10", "comment": "评论 13", "zan": " 43"}, {"text": "\n                    【任正非接受BBC采访：西方不亮东方亮，美国不能代表全世界】2月18日晚，英国广播公司（BBC）网站播出了对华为公司创始人兼首席执行官任正非的独家采访。采访中，任正非回应称“美国不会打垮华为……美国不能代表世界”。如果英国信任华为而美国不，那么“我们将更大规模地把投资从美国转移到英国。” ​  展开全文c \n                    【任正非接受BBC采访：西方不亮东方亮，美国不能代表全世界】2月18日晚，英国广播公司（BBC）网站播出了对华为公司创始人兼首席执行官任正非的独家采访。采访中，任正非回应称“美国不会打垮华为……美国不能代表世界”。如果英国信任华为而美国不，那么“我们将更大规模地把投资从美国转移到英国。”（via第一财经日报）L大佬时间的秒拍视频 收起全文d\n", "author": "经济之声", "time": "经济之声2019年02月19日17:00 来自微博weibo.com", "transmit": " 转发 11", "comment": "评论 ", "zan": " 28"}, {"text": "\n                    【任正非引“毛选”答BBC：西方不亮东方亮，美国没办法扼杀我们】#任正非 美国不会摧毁华为# 英国广播公司18日发布了一段对华为创始人任正非的独家专访。在专访中，任正非表示，美国没办法扼杀华为，世界也不能离开华为，因为华为（跟竞争对手比）更先进。即使他们说服了更多国家暂时不要使用我们的设 ​  展开全文c \n                    【任正非引“毛选”答BBC：西方不亮东方亮，美国没办法扼杀我们】#任正非 美国不会摧毁华为# 英国广播公司18日发布了一段对华为创始人任正非的独家专访。在专访中，任正非表示，美国没办法扼杀华为，世界也不能离开华为，因为华为（跟竞争对手比）更先进。即使他们说服了更多国家暂时不要使用我们的设备，我们也可以随时缩减规模。” “东方不亮西方亮，黑了北方有南方。美国并不代表世界，美国只代表世界的一部分。”任正非还说道。L环球网的微博视频 收起全文d\n", "author": "中国企业家杂志", "time": "中国企业家杂志2019年02月19日16:00 来自微博weibo.com", "transmit": " 转发 23", "comment": "评论 14", "zan": " 59"}, {"text": "\n                    【鲸视频：任正非BBC采访 西方不亮东方亮，美国不能代表全世界】2月18日晚，英国广播公司（BBC）网站播出了对华为公司创始人兼首席执行官任正非的独家采访。采访中，任正非警告称“美国不会摧毁华为……美国不能代表世界”。如果英国信任华为而美国不，那么“我们将更大规模地把投资从美国转移到英国。 ​  展开全文c \n                    【鲸视频：任正非BBC采访 西方不亮东方亮，美国不能代表全世界】2月18日晚，英国广播公司（BBC）网站播出了对华为公司创始人兼首席执行官任正非的独家采访。采访中，任正非警告称“美国不会摧毁华为……美国不能代表世界”。如果英国信任华为而美国不，那么“我们将更大规模地把投资从美国转移到英国。” L大佬时间的秒拍视频 收起全文d\n", "author": "蓝鲸财经记者工作平台", "time": "蓝鲸财经记者工作平台2019年02月19日10:48 来自微博weibo.com", "transmit": " 转发 29", "comment": "评论 21", "zan": " 42"}, {"text": "\n                    【英国认为华为风险可控，新西兰也称将自行进行安全评估】路透社：继英国政府断定有方法可以减轻在5G网络上使用华为设备的风险之后，新西兰总理18日表示，新西兰将独立评估在5G网络中使用中国华为技术的风险。华为面临着西方国家的严格审查，然而迄今为止，没有公开证据证明华为存在美国所认为的“技术 ​  展开全文c \n                    【英国认为华为风险可控，新西兰也称将自行进行安全评估】路透社：继英国政府断定有方法可以减轻在5G网络上使用华为设备的风险之后，新西兰总理18日表示，新西兰将独立评估在5G网络中使用中国华为技术的风险。华为面临着西方国家的严格审查，然而迄今为止，没有公开证据证明华为存在美国所认为的“技术风险”。 O英国认为华为风险可控，新西兰也称将自行进行安全评估 收起全文d\n", "author": "参考消息", "time": "参考消息2019年02月19日09:38 来自微博weibo.com", "transmit": " 转发 12", "comment": "评论 13", "zan": " 62"}, {"text": "\n                    【任正非称美国不会摧毁华为，投资转向英国】当地时间2月18日晚，英国广播公司（BBC）播出对华为创始人任正非的采访，任正非说美国不会摧毁华为，世界需要华为，因为华为更加先进。如果美国不相信我们，我们就把投资从美国转向英国。L老板联播的微博视频 ​                ", "author": "经济观察报", "time": "经济观察报2019年02月19日15:30 来自微博weibo.com", "transmit": " 转发 24", "comment": "评论 12", "zan": " 51"}, {"text": "\n                    【BBC专访任正非：美国压不垮华为，西方不亮东方亮】2月19日消息，据BBC报道，当地时间2月18日晚，华为创始人任正非日前接受英国广播公司（BBC）独家采访。采访中，任正非警告称「美国不会摧毁华为……美国不能代表世界」。如果英国信任华为而美国不，那么「我们将更大规模地把投资从美国转移到英国」 ​  展开全文c \n                    【BBC专访任正非：美国压不垮华为，西方不亮东方亮】2月19日消息，据BBC报道，当地时间2月18日晚，华为创始人任正非日前接受英国广播公司（BBC）独家采访。采访中，任正非警告称「美国不会摧毁华为……美国不能代表世界」。如果英国信任华为而美国不，那么「我们将更大规模地把投资从美国转移到英国」。O网页链接 收起全文d\n", "author": "香港商報網", "time": "香港商報網2019年02月19日14:40 来自微博weibo.com", "transmit": " 转发 9", "comment": "评论 9", "zan": " 32"}, {"text": "\n                    【#任正非BBC采访# ：我们将在英国进行更多投资】任正非近日接受英国BBC采访，他提到，华为会继续在英国投资，“我们仍然相信英国，也希望英国更加信任我们，我们将在英国进行更多投资。因为如果美国不信任我们，那么我们将更大规模地把投资从美国转移到英国。”O任正非BBC采访：我们将在英国进行更多投资 ​                ", "author": "新浪科技", "time": "新浪科技2019年02月19日10:16 来自专业版微博", "transmit": " 转发 6", "comment": "评论 10", "zan": " 37"}, {"text": "\n                    【任正非BBC采访：西方不亮东方亮，美国不能代表全世界】2月18日晚，英国广播公司（BBC）网站播出了对华为公司创始人兼首席执行官任正非的独家采访。采访中，任正非警告称“美国不会摧毁华为……美国不能代表世界”。如果英国信任华为而美国不，那么“我们将更大规模地把投资从美国转移到英国。”  ​  展开全文c \n                    【任正非BBC采访：西方不亮东方亮，美国不能代表全世界】2月18日晚，英国广播公司（BBC）网站播出了对华为公司创始人兼首席执行官任正非的独家采访。采访中，任正非警告称“美国不会摧毁华为……美国不能代表世界”。如果英国信任华为而美国不，那么“我们将更大规模地把投资从美国转移到英国。” L大佬时间的秒拍视频 收起全文d\n", "author": "创业家传媒", "time": "创业家传媒2019年02月19日10:34 来自360安全浏览器", "transmit": " 转发 79", "comment": "评论 16", "zan": " 23"}, {"text": "\n                    【任正非引“毛选”答BBC：西方不亮东方亮，美国没办法扼杀我们】#任正非 美国不会摧毁华为# 英国广播公司18日发布了一段对华为创始人任正非的独家专访。在专访中，任正非表示，美国没办法扼杀华为，世界也不能离开华为，因为华为（跟竞争对手比）更先进。即使他们说服了更多国家暂时不要使用我们的设 ​  展开全文c \n                    【任正非引“毛选”答BBC：西方不亮东方亮，美国没办法扼杀我们】#任正非 美国不会摧毁华为# 英国广播公司18日发布了一段对华为创始人任正非的独家专访。在专访中，任正非表示，美国没办法扼杀华为，世界也不能离开华为，因为华为（跟竞争对手比）更先进。即使他们说服了更多国家暂时不要使用我们的设备，我们也可以随时缩减规模。” “西方不亮东方亮，黑了北方有南方。美国并不代表世界，美国只代表世界的一部分。”任正非还说道。@环球网 L环球网的微博视频 收起全文d\n", "author": "凤凰网科技", "time": "凤凰网科技2019年02月19日14:57 来自微博weibo.com", "transmit": " 转发 20", "comment": "评论 14", "zan": " 23"}, {"text": "\n                    【任正非称美国不会摧毁华为，投资转向英国】当地时间2月18日晚，英国广播公司（BBC）播出对华为创始人任正非的采访，任正非说美国不会摧毁华为，世界需要华为，因为华为更加先进。如果美国不相信我们，我们就把投资从美国转向英国。L老板联播的微博视频 ​                ", "author": "微博股票", "time": "微博股票2019年02月19日12:10 来自微博weibo.com", "transmit": " 转发 35", "comment": "评论 18", "zan": " 53"}, {"text": "\n                    【 #任正非称美国不会摧毁华为#：西方不亮还有东方亮，美国不能代表全世界】 当地时间2月18日晚，英国广播公司（BBC）播出对华为创始人任正非的采访，在被问及如果美国成功说服它的盟友们停止使用华为的设备，对华为的影响有多大时，任正非说，西方不亮还有东方亮，美国不能代表世界。任正非还警 ​  展开全文c \n                    【 #任正非称美国不会摧毁华为#：西方不亮还有东方亮，美国不能代表全世界】 当地时间2月18日晚，英国广播公司（BBC）播出对华为创始人任正非的采访，在被问及如果美国成功说服它的盟友们停止使用华为的设备，对华为的影响有多大时，任正非说，西方不亮还有东方亮，美国不能代表世界。任正非还警告称，美国不会摧毁华为。世界需要华为，因为我们更先进。即使他们说服更多的国家暂时不要使用华为，我们也只是把规模缩小一点。 @老板联播 L老板联播的秒拍视频 收起全文d\n", "author": "梨视频", "time": "梨视频2019年02月19日10:38 来自专业版微博", "transmit": " 转发 243", "comment": "评论 1159", "zan": " 2420"}, {"text": "\n                    我发表了头条文章:《英国找到限制华为5G设备“风险”的办法》 O英国找到限制华为5G设备“风险”的办法 ​                ", "author": "止戈从文", "time": "止戈从文2019年02月19日12:12 来自止戈锐评Android", "transmit": " 转发 82", "comment": "评论 36", "zan": " 24"}, {"text": "\n                    【任正非BBC采访：西方不亮东方亮 美国不能代表全世界】当地时间2月18日晚，BBC网站播出了对华为创始人兼首席执行官任正非的采访。采访中，任正非警告称“美国不会摧毁华为……美国不能代表世界”。如果英国信任华为而美国不，那么“我们将更大规模地把投资从美国转移到英国”。O任正非BBC采访：西方不亮东方亮 美国不能代表全世界 ​                ", "author": "IT时报", "time": "IT时报2019年02月19日09:44 来自iPhone客户端", "transmit": " 转发 18", "comment": "评论 40", "zan": " 94"}, {"text": "\n                    【任正非引“毛选”答BBC：西方不亮东方亮，美国没办法扼杀我们】#任正非 美国不会摧毁华为# 英国广播公司18日发布了一段对华为创始人任正非的独家专访。在专访中，任正非表示，美国没办法扼杀华为，世界也不能离开华为，因为华为（跟竞争对手比）更先进。即使他们说服了更多国家暂时不要使用我们的设 ​  展开全文c \n                    【任正非引“毛选”答BBC：西方不亮东方亮，美国没办法扼杀我们】#任正非 美国不会摧毁华为# 英国广播公司18日发布了一段对华为创始人任正非的独家专访。在专访中，任正非表示，美国没办法扼杀华为，世界也不能离开华为，因为华为（跟竞争对手比）更先进。即使他们说服了更多国家暂时不要使用我们的设备，我们也可以随时缩减规模。” “东方不亮西方亮，黑了北方有南方。美国并不代表世界，美国只代表世界的一部分。”任正非还说道。 L环球网的微博视频 收起全文d\n", "author": "环球时报-英文版", "time": "环球时报-英文版2019年02月19日16:00 来自微博weibo.com", "transmit": " 转发 6", "comment": "评论 3", "zan": " 28"}]