[{"text": "\n                    据外媒报道，虽然美国、澳大利亚、日本等多国禁止华为进入本国市场，但是英国的三家电信运营商O2、EE和沃达丰却没有这样做，三家宣布不会将华为5G设备排除在外，并且隶属于李嘉诚旗下长和电信的的英国电信公司“3英国”更是直接和华为签署了价值20亿英镑(约175亿人民币)的合作协议。并且3英国未来的5 ​  展开全文c \n                    据外媒报道，虽然美国、澳大利亚、日本等多国禁止华为进入本国市场，但是英国的三家电信运营商O2、EE和沃达丰却没有这样做，三家宣布不会将华为5G设备排除在外，并且隶属于李嘉诚旗下长和电信的的英国电信公司“3英国”更是直接和华为签署了价值20亿英镑(约175亿人民币)的合作协议。并且3英国未来的5g部署计划是：停止与原有的合作商诺基亚或三星，而是与此前未曾和3英国合作过的华为合作。3英国的发言人表示，未来不但要和华为合作5G项目，往后还要在一定程度上将华为设备接入现有的4G网络。 收起全文d\n", "author": "姚忠震", "time": "姚忠震2019年01月09日09:25 来自赞不绝手iPhone7Plus", "transmit": " 转发 26", "comment": "评论 8", "zan": " 21"}]