[{"text": "\n                    【华为5G威胁英国安全？英国前高官：想法实在愚蠢】在关于华为在英国电信基础设施领域的作用的争论中，政府通信总部前负责人罗伯特·汉尼根呼吁群众采取冷静的态度。他称，目前有关华为和中国技术，一种不正常的兴奋正在滋长。这是由很多东西一起推动的，却不是由对有关技术或可能威胁的理解推动的。今 ​  展开全文c \n                    【华为5G威胁英国安全？英国前高官：想法实在愚蠢】在关于华为在英国电信基础设施领域的作用的争论中，政府通信总部前负责人罗伯特·汉尼根呼吁群众采取冷静的态度。他称，目前有关华为和中国技术，一种不正常的兴奋正在滋长。这是由很多东西一起推动的，却不是由对有关技术或可能威胁的理解推动的。今后，中国技术不仅会是最便宜的，也会是最高级的，因此，在英国全面禁止中国技术的想法实在愚蠢。O华为5G威胁英国安全?英前高官:封杀中国技术“愚蠢” 收起全文d\n", "author": "新浪财经", "time": "新浪财经2018年12月29日10:10 来自专业版微博", "transmit": " 转发 55", "comment": "评论 4", "zan": " 161"}, {"text": "\n                    【英媒：华为不惧“封堵”实现强劲增长】英国《金融时报》：尽管发生“恶性事件”和来自外国政府“极端不公平”待遇，但预计2018年华为公司的收入仍将增长21%。华为轮值董事长郭平说，华为“不因一时一事的恶性事件、挫折消沉了我们领先世界的锐气。我们会越挫越勇，相反是这些极端不公平事件，把我们 ​  展开全文c \n                    【英媒：华为不惧“封堵”实现强劲增长】英国《金融时报》：尽管发生“恶性事件”和来自外国政府“极端不公平”待遇，但预计2018年华为公司的收入仍将增长21%。华为轮值董事长郭平说，华为“不因一时一事的恶性事件、挫折消沉了我们领先世界的锐气。我们会越挫越勇，相反是这些极端不公平事件，把我们逼向了世界第一”。 O英媒：华为不惧“封堵”实现强劲增长 收起全文d\n", "author": "参考消息", "time": "参考消息2018年12月29日10:59 来自微博weibo.com", "transmit": " 转发 31", "comment": "评论 18", "zan": " 183"}]