[{"text": "\n                    【不收之恩！摩托罗拉曾拒收购华为】2月27日，英国《金融时报》公布了任正非与摩托罗拉COO的旧照。2003年，摩托罗拉曾有意以75亿美元收购华为，但最终因人事变动中断。如今的摩托罗拉早已被联想收购，华为真心感谢摩托罗拉不收之恩！L不收之恩！摩托罗拉曾拒收购华为 ​                ", "author": "钱皓", "time": "钱皓2019年03月03日09:40 来自皮皮时光机", "transmit": " 转发 14", "comment": "评论 15", "zan": " 42"}, {"text": "\n华为 Mate20 Pro 在英国新推出的广告：不只精彩，更是悬念迭起。 LJD狗厂坊间八卦的微博视频 ​                ", "author": "互联网见闻录", "time": "互联网见闻录2019年03月03日22:27 来自微博视频", "transmit": " 转发 10", "comment": "评论 9", "zan": " 11"}, {"text": "\n                    【谢不收之恩！#摩托罗拉16年前拒收购华为#：75亿美元报价太贵】2月27日，英国《金融时报》公布了任正非与摩托罗拉COO迈克·扎菲罗夫斯基的旧照。2003年，摩托罗拉曾有意以75亿美元收购华为，但最终因人事变动中断。如今的摩托罗拉早已被联想以29亿美元收购，如果当初华为被收购了，通信业历史会 ​  展开全文c \n                    【谢不收之恩！#摩托罗拉16年前拒收购华为#：75亿美元报价太贵】2月27日，英国《金融时报》公布了任正非与摩托罗拉COO迈克·扎菲罗夫斯基的旧照。2003年，摩托罗拉曾有意以75亿美元收购华为，但最终因人事变动中断。如今的摩托罗拉早已被联想以29亿美元收购，如果当初华为被收购了，通信业历史会很不一样，而现在华为已是全球最大的电信设备公司和销量第二的智能手机厂商。L老板联播的微博视频 收起全文d\n", "author": "八妹实验室", "time": "八妹实验室2019年03月03日09:23", "transmit": " 转发 6", "comment": "评论 11", "zan": " 12"}, {"text": "\n#企业观察# 【不收之恩！摩托罗拉16年前拒收购华为：75亿美元报价太贵】2月27日，英国《金融时报》公布了任正非与摩托罗拉COO迈克·扎菲罗夫斯基的旧照。2003年，摩托罗拉曾有意以75亿美元收购华为，但最终因人事变动中断。如今的摩托罗拉早已被联想以29亿美元收购，华为真心感谢摩托罗拉 ​  展开全文c \n#企业观察# 【不收之恩！摩托罗拉16年前拒收购华为：75亿美元报价太贵】2月27日，英国《金融时报》公布了任正非与摩托罗拉COO迈克·扎菲罗夫斯基的旧照。2003年，摩托罗拉曾有意以75亿美元收购华为，但最终因人事变动中断。如今的摩托罗拉早已被联想以29亿美元收购，华为真心感谢摩托罗拉不收之恩！如果被收购了，通信业历史会很不一样，而现在华为已是全球最大的电信设备公司和销量第二的智能手机厂商。#华为曾差点卖身摩托罗拉# L消费者视界的微博视频 收起全文d\n", "author": "Sun大小姐_s", "time": "Sun大小姐_s2019年03月03日15:30 来自微博weibo.com", "transmit": " 转发 57", "comment": "评论 57", "zan": " 53"}, {"text": "\n                    【不收之恩！摩托罗拉16年前拒收购华为：75亿美元报价太贵】2月27日，英国《金融时报》公布了任正非与摩托罗拉COO迈克·扎菲罗夫斯基的旧照。2003年，摩托罗拉曾有意以75亿美元收购华为，但最终因人事变动中断。如今的摩托罗拉早已被联想以29亿美元收购，华为真心感谢摩托罗拉不收之恩！如 ​  展开全文c \n                    【不收之恩！摩托罗拉16年前拒收购华为：75亿美元报价太贵】2月27日，英国《金融时报》公布了任正非与摩托罗拉COO迈克·扎菲罗夫斯基的旧照。2003年，摩托罗拉曾有意以75亿美元收购华为，但最终因人事变动中断。如今的摩托罗拉早已被联想以29亿美元收购，华为真心感谢摩托罗拉不收之恩！如果被收购了，通信业历史会很不一样，而现在华为已是全球最大的电信设备公司和销量第二的智能手机厂商。L老板联播的微博视频 收起全文d\n", "author": "电商经理人联盟", "time": "电商经理人联盟2019年03月03日12:16 来自微博weibo.com", "transmit": " 转发 25", "comment": "评论 1", "zan": " 1"}]