[{"text": "\n                    【英国电信：华为仍是5G网络设备“重要供应商”】英国电信公司发言人24日对新华社记者说，中国华为公司仍然是这家英国最大电信运营商在第四代、第五代移动通信技术（4G和5G）网络和固定网络方面的一个“重要设备供应商”。　　这名发言人当天接受新华社记者采访时说，自2005年起，英国电信就与华为开 ​  展开全文c \n                    【英国电信：华为仍是5G网络设备“重要供应商”】英国电信公司发言人24日对新华社记者说，中国华为公司仍然是这家英国最大电信运营商在第四代、第五代移动通信技术（4G和5G）网络和固定网络方面的一个“重要设备供应商”。　　这名发言人当天接受新华社记者采访时说，自2005年起，英国电信就与华为开展合作。目前该公司与华为在5G网络建设上的合作进展顺利。　　近期一些媒体称，英国电信5G网络的核心网不再采用华为设备。这名发言人表示，英国电信采取多厂家部署策略，尽管华为并不参与5G网络核心网的建设，但仍会参与5G网络其他重要部分的建设，华为“是我们很重视的创新合作伙伴”，英国电信对华为的态度和策略没有改变。　　华为提供给新华社记者的一份声明表示，“核心网”在电信行业是一个技术名词，指移动网络中一个特定组成部分，但并非网络建设投资中最大的部分。声明说：“华为遵循英国电信‘不同网络，不同供应商’的原则，很早就明确了与这家公司的合作模式，即不参与核心网建设，并沿用至今。”　　经过10余年合作，华为已为英国电信提供了大量固定网络和移动网络设备，参与了英国国家宽带项目、4G项目等多个重要项目建设，两家公司也正在全力推进5G网络建设。华为说：“目前与英国电信在5G网络建设上的一些安排并不是最近才作出的决定，是两家公司着眼长远、共同协商的结果。” 收起全文d\n", "author": "新华视点", "time": "新华视点2018年12月25日22:13 来自微博weibo.com", "transmit": " 转发 179", "comment": "评论 190", "zan": " 452"}, {"text": "\n                    【为了华为，英国电信巨头要与情报机构“翻脸”？】12月25日，海外媒体称，正当美澳英日等国政府意图禁止中国科技公司华为的产品之际，英国三家电信企业宣布继续使用华为5G设备，而“3英国”（Three UK）则已和华为达成20亿英镑（约197亿港元）的协议，在英国各地建立5G网络，明年正式营运。（参考消息 ​  展开全文c \n                    【为了华为，英国电信巨头要与情报机构“翻脸”？】12月25日，海外媒体称，正当美澳英日等国政府意图禁止中国科技公司华为的产品之际，英国三家电信企业宣布继续使用华为5G设备，而“3英国”（Three UK）则已和华为达成20亿英镑（约197亿港元）的协议，在英国各地建立5G网络，明年正式营运。（参考消息网） O为了华为 英国电信巨头要与情报机构“翻脸”？ 收起全文d\n", "author": "中国长安网", "time": "中国长安网2018年12月25日22:27 来自微博weibo.com", "transmit": " 转发 48", "comment": "评论 28", "zan": " 111"}, {"text": "\n                    【英国电信：华为仍是5G网络设备“重要供应商”】近期一些媒体称，英国电信5G网络的核心网不再采用华为设备。英国电信公司发言人24日对记者说，中国华为公司仍然是这家英国最大电信运营商在第四代、第五代移动通信技术（4G和5G）网络和固定网络方面的一个“重要设备供应商”。（新华社） ​  展开全文c \n                    【英国电信：华为仍是5G网络设备“重要供应商”】近期一些媒体称，英国电信5G网络的核心网不再采用华为设备。英国电信公司发言人24日对记者说，中国华为公司仍然是这家英国最大电信运营商在第四代、第五代移动通信技术（4G和5G）网络和固定网络方面的一个“重要设备供应商”。（新华社）O英国电信：华为仍是5G网络设备“重要供应商” L究竟视频的秒拍视频 收起全文d\n", "author": "第一财经日报", "time": "第一财经日报2018年12月25日15:10 来自微博weibo.com", "transmit": " 转发 15", "comment": "评论 6", "zan": " 37"}, {"text": "\n                    【#英国多家运营商与华为合作# 达成20亿英镑5G协议】英国电信删除华为产品后，另外几大运营商仍与华为合作。EE和沃达丰启动华为5G设备测试，Three与华为签署价值20亿英镑的5G网络建设协议，O2将从1月开始在伦敦200个基站测试华为5G设备。《金融时报》报道，有英国电信业高管表示，禁用华为将使5G的推出 ​  展开全文c \n                    【#英国多家运营商与华为合作# 达成20亿英镑5G协议】英国电信删除华为产品后，另外几大运营商仍与华为合作。EE和沃达丰启动华为5G设备测试，Three与华为签署价值20亿英镑的5G网络建设协议，O2将从1月开始在伦敦200个基站测试华为5G设备。《金融时报》报道，有英国电信业高管表示，禁用华为将使5G的推出推迟9个月至1年。@世面 L新京报我们视频的秒拍视频 收起全文d\n", "author": "创业家传媒", "time": "创业家传媒2018年12月25日10:58 来自微博weibo.com", "transmit": " 转发 86", "comment": "评论 37", "zan": " 56"}, {"text": "\n                    【英国电信：华为仍是5G网络设备“重要供应商”】英国电信公司发言人表示，中国华为公司仍然是这家英国最大电信运营商在第四代、第五代移动通信技术（4G和5G）网络和固定网络方面的一个“重要设备供应商”。尽管华为并不参与5G网络核心网的建设，但仍会参与5G网络其他重要部分的建设，华为“是我们很重 ​  展开全文c \n                    【英国电信：华为仍是5G网络设备“重要供应商”】英国电信公司发言人表示，中国华为公司仍然是这家英国最大电信运营商在第四代、第五代移动通信技术（4G和5G）网络和固定网络方面的一个“重要设备供应商”。尽管华为并不参与5G网络核心网的建设，但仍会参与5G网络其他重要部分的建设，华为“是我们很重视的创新合作伙伴”，英国电信对华为的态度和策略没有改变。O英国电信：华为仍是5G网络设备“重要供应商” 收起全文d\n", "author": "环球市场播报", "time": "环球市场播报2018年12月25日12:48 来自专业版微博", "transmit": " 转发 23", "comment": "评论 10", "zan": " 27"}, {"text": "\n                    英公司用华为设备，已达成20亿英镑协议将在英国各地部署5G    英运营商将用华为设备，已达成20亿英镑协议   12月23日消息据英媒报道，日前英国电信运营商O2确认，该公司将继续在5G测试中使用华为设备，O2将在2019年一月份进行5G试运营，届时伦敦200多个地点将采用华为的硬件设备。 ​  展开全文c \n                    英公司用华为设备，已达成20亿英镑协议将在英国各地部署5G    英运营商将用华为设备，已达成20亿英镑协议   12月23日消息据英媒报道，日前英国电信运营商O2确认，该公司将继续在5G测试中使用华为设备，O2将在2019年一月份进行5G试运营，届时伦敦200多个地点将采用华为的硬件设备。 收起全文d\n", "author": "摄政王有话说-", "time": "摄政王有话说-2018年12月25日01:16 来自微博weibo.com", "transmit": " 转发 81", "comment": "评论 32", "zan": " 35"}]