[{"text": "\n                    【外媒称#华为准备起诉美国政府# 指其违背宪法】据美国《纽约时报》和英国路透社等多家外媒报道，华为方面准备在美国其美国总部所在得克萨斯州将美国政府告上法庭，起诉的对象则是去年美国国会通过、并由白宫签署的“国防授权法案”中的一项条款。该条款禁止美国联邦政府机构使用华为和中国另一家中国 ​  展开全文c \n                    【外媒称#华为准备起诉美国政府# 指其违背宪法】据美国《纽约时报》和英国路透社等多家外媒报道，华为方面准备在美国其美国总部所在得克萨斯州将美国政府告上法庭，起诉的对象则是去年美国国会通过、并由白宫签署的“国防授权法案”中的一项条款。该条款禁止美国联邦政府机构使用华为和中国另一家中国通讯企业中兴的技术。《纽约时报》引述“消息人士”的说法称，华为准备在法庭上的诉讼理由是认为美国政府对华为的做法构成了“剥夺公权法案”的情形，即该法案中的条款对华为构成了明显的 “未审先判”，而美国的宪法则禁止美国国会通过这样的法律。换言之，华为认为美国政府禁止联邦政府机构使用华为等中国企业技术的做法，是违背美国宪法的。路透社的最新报道也确认了《纽约时报》的说法，并表示美国政府和华为方面都尚未就这一报道给出回应。但华为方面准备在周四再次邀请国际媒体参加公司在深圳总部的一场新闻发布会。路透社还认为，从起诉加拿大政府到起诉美国政府，华为近期一系列法律行动似乎是对美国政府发动其盟友封杀华为而发起的反击。 @环球时报 O外媒称华为准备起诉美国政府 称其做法违背美宪法 收起全文d\n", "author": "头条新闻", "time": "头条新闻2019年03月04日22:40 来自微博weibo.com", "transmit": " 转发 296", "comment": "评论 252", "zan": " 698"}, {"text": "\n                    【外媒称华为准备起诉美国政府 指其违背宪法】据美国《纽约时报》和英国路透社等多家外媒报道，华为方面准备在美国其美国总部所在得克萨斯州将美国政府告上法庭，起诉的对象则是去年美国国会通过、并由白宫签署的“国防授权法案”中的一项条款。该条款禁止美国联邦政府机构使用华为和中国另一家中国通 ​  展开全文c \n                    【外媒称华为准备起诉美国政府 指其违背宪法】据美国《纽约时报》和英国路透社等多家外媒报道，华为方面准备在美国其美国总部所在得克萨斯州将美国政府告上法庭，起诉的对象则是去年美国国会通过、并由白宫签署的“国防授权法案”中的一项条款。该条款禁止美国联邦政府机构使用华为和中国另一家中国通讯企业中兴的技术。《纽约时报》引述“消息人士”的说法称，华为准备在法庭上的诉讼理由是认为美国政府对华为的做法构成了“剥夺公权法案”的情形，即该法案中的条款对华为构成了明显的 “未审先判”，而美国的宪法则禁止美国国会通过这样的法律。换言之，华为认为美国政府禁止联邦政府机构使用华为等中国企业技术的做法，是违背美国宪法的。路透社的最新报道也确认了《纽约时报》的说法，并表示美国政府和华为方面都尚未就这一报道给出回应。但华为方面准备在周四再次邀请国际媒体参加公司在深圳总部的一场新闻发布会。路透社还认为，从起诉加拿大政府到起诉美国政府，华为近期一系列法律行动似乎是对美国政府发动其盟友封杀华为而发起的反击。 收起全文d\n", "author": "环球时报", "time": "环球时报2019年03月04日21:50 来自微博weibo.com", "transmit": " 转发 202", "comment": "评论 414", "zan": " 627"}, {"text": "\n                    【外媒称华为准备起诉美国政府 指其违背宪法】据美国《纽约时报》和英国路透社等多家外媒报道，华为方面准备在美国其美国总部所在得克萨斯州将美国政府告上法庭，起诉的对象则是去年美国国会通过、并由白宫签署的“国防授权法案”中的一项条款。该条款禁止美国联邦政府机构使用华为和中国另一家中国通 ​  展开全文c \n                    【外媒称华为准备起诉美国政府 指其违背宪法】据美国《纽约时报》和英国路透社等多家外媒报道，华为方面准备在美国其美国总部所在得克萨斯州将美国政府告上法庭，起诉的对象则是去年美国国会通过、并由白宫签署的“国防授权法案”中的一项条款。该条款禁止美国联邦政府机构使用华为和中国另一家中国通讯企业中兴的技术。《纽约时报》引述“消息人士”的说法称，华为准备在法庭上的诉讼理由是认为美国政府对华为的做法构成了“剥夺公权法案”的情形，即该法案中的条款对华为构成了明显的 “未审先判”，而美国的宪法则禁止美国国会通过这样的法律。换言之，华为认为美国政府禁止联邦政府机构使用华为等中国企业技术的做法，是违背美国宪法的。路透社的最新报道也确认了《纽约时报》的说法，并表示美国政府和华为方面都尚未就这一报道给出回应。但华为方面准备在周四再次邀请国际媒体参加公司在深圳总部的一场新闻发布会。路透社还认为，从起诉加拿大政府到起诉美国政府，华为近期一系列法律行动似乎是对美国政府发动其盟友封杀华为而发起的反击。@环球时报 收起全文d\n", "author": "环球网", "time": "环球网2019年03月04日23:34", "transmit": " 转发 100", "comment": "评论 103", "zan": " 516"}, {"text": "\n                    【多家外媒称华为准备起诉美国政府】今天，华为决定就孟晚舟案起诉加拿大政府一事，引起了国内外很多人的关注。但这似乎并不是华为公司为了维护自己权益而准备采取的唯一一个法律行动。就在刚才，美国《纽约时报》和英国路透社等多家外媒就宣称，华为还准备起诉美国政府!O多家外媒：华为准备起诉美国政府 称美国政府违宪 ​                ", "author": "新浪科技", "time": "新浪科技2019年03月04日20:57 来自微博weibo.com", "transmit": " 转发 236", "comment": "评论 61", "zan": " 205"}, {"text": "\n                    【外媒称华为准备起诉美国政府 指其违背宪法】据美国《纽约时报》和英国路透社等多家外媒报道，华为方面准备在美国其美国总部所在得克萨斯州将美国政府告上法庭，起诉的对象则是去年美国国会通过、并由白宫签署的“国防授权法案”中的一项条款。该条款禁止美国联邦政府机构使用华为和中国另一家中国通 ​  展开全文c \n                    【外媒称华为准备起诉美国政府 指其违背宪法】据美国《纽约时报》和英国路透社等多家外媒报道，华为方面准备在美国其美国总部所在得克萨斯州将美国政府告上法庭，起诉的对象则是去年美国国会通过、并由白宫签署的“国防授权法案”中的一项条款。该条款禁止美国联邦政府机构使用华为和中国另一家中国通讯企业中兴的技术。《纽约时报》引述“消息人士”的说法称，华为准备在法庭上的诉讼理由是认为美国政府对华为的做法构成了“剥夺公权法案”的情形，即该法案中的条款对华为构成了明显的 “未审先判”，而美国的宪法则禁止美国国会通过这样的法律。换言之，华为认为美国政府禁止联邦政府机构使用华为等中国企业技术的做法，是违背美国宪法的。路透社的最新报道也确认了《纽约时报》的说法，并表示美国政府和华为方面都尚未就这一报道给出回应。但华为方面准备在周四再次邀请国际媒体参加公司在深圳总部的一场新闻发布会。路透社还认为，从起诉加拿大政府到起诉美国政府，华为近期一系列法律行动似乎是对美国政府发动其盟友封杀华为而发起的反击。 收起全文d\n", "author": "习五一", "time": "习五一2019年03月04日21:53 来自iPhone8Plus", "transmit": " 转发 26", "comment": "评论 52", "zan": " 171"}]