[{"text": "\n                    【#英国多家运营商与华为合作# 达成20亿英镑5G协议】英国电信删除华为产品后，另外几大运营商仍与华为合作。EE和沃达丰启动华为5G设备测试，Three与华为签署价值20亿英镑的5G网络建设协议，O2将从1月开始在伦敦200个基站测试华为5G设备。《金融时报》报道，有英国电信业高管表示，禁用华为将使5G的推出 ​  展开全文c \n                    【#英国多家运营商与华为合作# 达成20亿英镑5G协议】英国电信删除华为产品后，另外几大运营商仍与华为合作。EE和沃达丰启动华为5G设备测试，Three与华为签署价值20亿英镑的5G网络建设协议，O2将从1月开始在伦敦200个基站测试华为5G设备。《金融时报》报道，有英国电信业高管表示，禁用华为将使5G的推出推迟9个月至1年。L新京报我们视频的秒拍视频 @世面 收起全文d\n", "author": "新京报我们视频", "time": "新京报我们视频2018年12月24日16:01 来自微博weibo.com", "transmit": " 转发 588", "comment": "评论 390", "zan": " 1725"}, {"text": "\n                    【英国第二大电信运营商将测用华为5G设备，替换诺基亚】《金融时报》21日称，英国第二大移动通讯运营商O2明年1月将测试华为5G设备。这意味着该国四大移动通讯运营商在5G测试上均选择华为。12月5日，O2公司的用户通讯曾中断12小时之久。O2公司发言人称选择测用华为是希望替换目前使用中的诺基亚设备。 ​                ", "author": "新浪军事", "time": "新浪军事2018年12月24日19:20 来自微博weibo.com", "transmit": " 转发 81", "comment": "评论 125", "zan": " 333"}, {"text": "\n                    【英国电信业者警告：禁用华为英5G进程会延一年】尽管多个西方国家都针对华为发出安全警告，英国电信公司O2依然决定从明年1月起使用华为设备站进行5G测试。英国业者认为，若封杀华为，英国的5G进程有可能延后一年。O英国电信业者警告 禁用华为英5G进程会延一年 ​                ", "author": "早报网", "time": "早报网2018年12月24日10:43 来自微博weibo.com", "transmit": " 转发 22", "comment": "评论 94", "zan": " 109"}, {"text": "\n                    【T早报|海航拟75亿美元出售英迈；瑞幸咖啡回应财务造假】推荐：人大审议《外商投资法》草案：不得用行政手段强制转让技术；富士康计划90亿美元珠海建芯片厂；捷克政府不再禁止政府人员使用华为手机；英国电信运营商O2：将在伦敦测试华为5G设备。 OT早报|海航拟75亿美元出售英迈；瑞幸咖啡回应财务造假 ​                ", "author": "财新网", "time": "财新网2018年12月24日08:44 来自财新网", "transmit": " 转发 25", "comment": "评论 16", "zan": " 40"}, {"text": "\n                    【英国3间通讯商采用华为5G设备 已达成20亿英镑协议】美国较早前曾游说盟友弃用华为的通讯设备以建设5G网络，日本等先后响应。其中英国最大电讯集团（BT）也表示跟随，然而第二大电讯商O2反其道而行，准备在新年期间试用华为5G设备。此外，其他电讯商如EE和Vodafone都表示会使用华为的设备建设5G网络， ​  展开全文c \n                    【英国3间通讯商采用华为5G设备 已达成20亿英镑协议】美国较早前曾游说盟友弃用华为的通讯设备以建设5G网络，日本等先后响应。其中英国最大电讯集团（BT）也表示跟随，然而第二大电讯商O2反其道而行，准备在新年期间试用华为5G设备。此外，其他电讯商如EE和Vodafone都表示会使用华为的设备建设5G网络，以上3间公司已与华为达成20亿英镑（约198亿港元）协议，将在英国各地建立5G网络，并准备于明年开始正式营运。O英國3通訊商採用華為5G設備 收起全文d\n", "author": "大公報-大公網", "time": "大公報-大公網2018年12月24日13:52 来自微博weibo.com", "transmit": " 转发 17", "comment": "评论 31", "zan": " 85"}, {"text": "\n                    【英国3通讯商采用华为5G设备】美国较早前曾游说盟友弃用华为的通讯设备以建设5G网络，日本等先后响应。其中英国最大电讯集团(BT)也表示跟随，然而第二大电讯商O2反其道而行，准备在新年期间试用华为5G设备。O网页链接 ​                ", "author": "香港文匯網", "time": "香港文匯網2018年12月24日13:26 来自专业版微博", "transmit": " 转发 33", "comment": "评论 36", "zan": " 45"}, {"text": "\n                    【英国3家公司称将使用华为设备，已达成20亿英镑协议】据环球时报报道，英国移动电信运营商O2透露，该公司将继续在5G测试中使用华为的设备。O2已经证实将于明年1月份进行新一代5G通讯网络的试运营，届时将在伦敦200多个地点使用华为的硬件设备。O2表示，该公司将继续在伦敦进行5G测试，其中包括努力确 ​  展开全文c \n                    【英国3家公司称将使用华为设备，已达成20亿英镑协议】据环球时报报道，英国移动电信运营商O2透露，该公司将继续在5G测试中使用华为的设备。O2已经证实将于明年1月份进行新一代5G通讯网络的试运营，届时将在伦敦200多个地点使用华为的硬件设备。O2表示，该公司将继续在伦敦进行5G测试，其中包括努力确保其网络“做好了5G准备”，为公司的上市做准备。另外，包括EE和沃达丰在内的其他几家英国运营商也已经表示，他们也将使用华为的设备进行5G测试。有三家公司还证实了已经与华为达成了20亿英镑的协议，将在英国各地建立5G网络，并准备在明年开始正式运营。 收起全文d\n", "author": "香港商報網", "time": "香港商報網2018年12月24日01:35 来自微博weibo.com", "transmit": " 转发 12", "comment": "评论 16", "zan": " 34"}]