[{"text": "\n                    【不顾美国劝阻，德国也考虑开门迎华为】近来，美国撺掇其盟友对华为“围剿”。近日，先是英国宣布华为5G设备风险可控，随后新西兰表态本国5G建设从未排除华为。如今德国似乎也要不顾美国劝说，准备开门迎华为。《华尔街日报》19日援引德国官员的话称，该国正考虑让华为参与高速互联网基础设施建设。 ​                ", "author": "新浪军事", "time": "新浪军事2019年02月20日12:00 来自微博weibo.com", "transmit": " 转发 64", "comment": "评论 72", "zan": " 237"}, {"text": "\n                    【不顾美国劝说，德国也考虑开门迎华为】近来，美国一直卖力撺掇其盟友对华为发起“围剿”。进入本周后，这些国家的态度突然有了转变。先是英国政府宣布华为5G设备风险是可控的，随后新西兰也重新表态称，从未将华为排除在本国5G建设外。2月19日，美媒《华尔街日报》报道援引多位德国官员的话称，该国 ​  展开全文c \n                    【不顾美国劝说，德国也考虑开门迎华为】近来，美国一直卖力撺掇其盟友对华为发起“围剿”。进入本周后，这些国家的态度突然有了转变。先是英国政府宣布华为5G设备风险是可控的，随后新西兰也重新表态称，从未将华为排除在本国5G建设外。2月19日，美媒《华尔街日报》报道援引多位德国官员的话称，该国政府正考虑让华为参与本国的高速互联网基础设施建设。O不顾美国劝说，德国也考虑开门迎华为 收起全文d\n", "author": "观察者网", "time": "观察者网2019年02月20日12:06 来自微博weibo.com", "transmit": " 转发 155", "comment": "评论 165", "zan": " 328"}, {"text": "\n                    【任正非再发声：美国无法粉碎华为！】华为创始人任正非近日在接受英国广播公司（BBC）独家采访时称，即使英国政府决定禁止华为参与英国的5G网络，华为也不会因此撤资。任正非表示，华为决不会充当中国政府的间谍，中国政府没有要求华为这么做，华为也不会这么做—— O任正非再发声：美国无法粉碎华为！ ​                ", "author": "参考消息", "time": "参考消息2019年02月20日16:32 来自微博weibo.com", "transmit": " 转发 45", "comment": "评论 26", "zan": " 117"}, {"text": "\n                    【#英国安全机构认为华为风险可控# 任正非：美国不代表全世界】英国国家网络安全中心认为，在未来5G网络中使用华为设备“风险可控”。英国《金融时报》评价，这一结论严重打击美国游说各国禁用华为设备的行为。近日，任正非表示：“如果美国不信任我们，我们更大规模地把投资转到英国。” ​  展开全文c \n                    【#英国安全机构认为华为风险可控# 任正非：美国不代表全世界】英国国家网络安全中心认为，在未来5G网络中使用华为设备“风险可控”。英国《金融时报》评价，这一结论严重打击美国游说各国禁用华为设备的行为。近日，任正非表示：“如果美国不信任我们，我们更大规模地把投资转到英国。”L新京报我们视频的秒拍视频 @世面 收起全文d\n", "author": "新京报我们视频", "time": "新京报我们视频2019年02月20日23:22 来自微博weibo.com", "transmit": " 转发 8", "comment": "评论 4", "zan": " 51"}, {"text": "\n#锐参考# 【“五眼联盟”扛不住了？新西兰刚对华改口，这两个国家也……】对美国来说，“五眼联盟”这支队伍，可能越来越不太好带了。“五眼联盟内部出现潜在裂痕。”19日的一篇报道中，美国CNN如是判断道。而同一天，来自“五眼联盟”两个成员国的最新表态也提供了新的支撑——英国认为“使用华为技术 ​  展开全文c \n#锐参考# 【“五眼联盟”扛不住了？新西兰刚对华改口，这两个国家也……】对美国来说，“五眼联盟”这支队伍，可能越来越不太好带了。“五眼联盟内部出现潜在裂痕。”19日的一篇报道中，美国CNN如是判断道。而同一天，来自“五眼联盟”两个成员国的最新表态也提供了新的支撑——英国认为“使用华为技术及设备所带来的风险可控”，而新西兰则宣布自家“大门仍向华为打开”—— O“五眼联盟”扛不住了？新西兰刚对华改口，这两个国家也…… 收起全文d\n", "author": "参考消息", "time": "参考消息2019年02月20日21:18 来自微博weibo.com", "transmit": " 转发 44", "comment": "评论 28", "zan": " 96"}, {"text": "\n                    听说近日全球最大的假新闻就是“英国认为华为设备风险可控”。周一《金融时报》首发，全世界主流媒体都发了“通稿”。周二这个假消息就被戳破：1）所谓“英国情报部门认为”只是一名前M16官员所称。2）英国首相府发言人正式辟谣，英国政府还在对华为安全审核。任正非有关加大英国投资谈话与这条假新闻 ​  展开全文c \n                    听说近日全球最大的假新闻就是“英国认为华为设备风险可控”。周一《金融时报》首发，全世界主流媒体都发了“通稿”。周二这个假消息就被戳破：1）所谓“英国情报部门认为”只是一名前M16官员所称。2）英国首相府发言人正式辟谣，英国政府还在对华为安全审核。任正非有关加大英国投资谈话与这条假新闻同时出笼。FT都堕落成这样了？ 收起全文d\n", "author": "陆亚明", "time": "陆亚明2019年02月20日23:59 来自Weibo.intl", "transmit": " 转发 26", "comment": "评论 20", "zan": " 29"}, {"text": "\n                    真香不顾美国劝说，德国也考虑开门迎华为O不顾美国劝说，德国也考虑开门迎华为 近来，美国一直卖力撺掇其盟友对华为发起“围剿”。进入本周后，这些国家的态度突然有了转变。先是英国政府宣布华为5G设备风险是可控的，随后新西兰也重新表态称，从未将华为排除在本国5G建设外，这一下打击了美国劝说盟国的努力 ​  展开全文c \n                    真香不顾美国劝说，德国也考虑开门迎华为O不顾美国劝说，德国也考虑开门迎华为 近来，美国一直卖力撺掇其盟友对华为发起“围剿”。进入本周后，这些国家的态度突然有了转变。先是英国政府宣布华为5G设备风险是可控的，随后新西兰也重新表态称，从未将华为排除在本国5G建设外，这一下打击了美国劝说盟国的努力。如今德国似乎也要不顾美国劝说，作出开门迎华为的决定了。2月19日，美媒《华尔街日报》报道援引多位德国官员的话称，该国政府正考虑让华为参与本国的高速互联网基础设施建设。 收起全文d\n", "author": "中科大胡不归", "time": "中科大胡不归2019年02月20日13:00 来自观网App", "transmit": " 转发 19", "comment": "评论 20", "zan": " 73"}, {"text": "\n                    在美国企图联合其盟友“围剿”华为之际，英国政府日前得出结论，认为华为5G设备风险可控。CNN今天在其头条位置评论称，“美国对华为的战争可能造成‘五眼联盟’裂痕”。CNN话音未落，新西兰紧随英国之后也重新做出表态，称华为从未在该国5G竞争中“出局”。新西兰媒体Newshub报道，新西兰总理阿德恩19 ​  展开全文c \n                    在美国企图联合其盟友“围剿”华为之际，英国政府日前得出结论，认为华为5G设备风险可控。CNN今天在其头条位置评论称，“美国对华为的战争可能造成‘五眼联盟’裂痕”。CNN话音未落，新西兰紧随英国之后也重新做出表态，称华为从未在该国5G竞争中“出局”。新西兰媒体Newshub报道，新西兰总理阿德恩19日在一档早间新闻节目AM Show中接受采访。她明确表示，华为从未被排除在新西兰5G网络建设之外。辣看，”五眼“中，目前加拿大处于态度自乱，只有美、澳”双眼“的”排‘华’立场“最为明确坚定。#老辣微记# 收起全文d\n", "author": "老辣陈香", "time": "老辣陈香2019年02月20日00:20 来自微博weibo.com", "transmit": " 转发 44", "comment": "评论 22", "zan": " 22"}, {"text": "\n                    【华为确认给土耳其运营商提供 5G 核心网络解决方案，英国认定华为设备风险可控】     近日，土耳其第一大运营商 Turkcell 选择华为共同建设面向 5G 演进的全云化核心网项目。该项目将成为全球最大的云化 EPC 网络，也是全球首次同时商用云化网络、 CUPS、灰度升级等 5G 演进关键技术的核心网。华为将 ​  展开全文c \n                    【华为确认给土耳其运营商提供 5G 核心网络解决方案，英国认定华为设备风险可控】     近日，土耳其第一大运营商 Turkcell 选择华为共同建设面向 5G 演进的全云化核心网项目。该项目将成为全球最大的云化 EPC 网络，也是全球首次同时商用云化网络、 CUPS、灰度升级等 5G 演进关键技术的核心网。华为将提供面向 5G 的全云化核心网解决方案，助力 Turkcell 达成网络云化转型、平滑演进 5G 的集团战略。      除了土耳其外拉脱维亚、越南、菲律宾等国均表示了对华为的支持。 据英国《金融时报》报道，消息人士称，英国政府已经做出决定，认为在未来 5G 网络中使用华为通讯设备的风险可以得到有效控制。 收起全文d\n", "author": "财富密钥", "time": "财富密钥2019年02月20日17:31 来自360安全浏览器", "transmit": " 转发 9", "comment": "评论 3", "zan": " 20"}, {"text": "\n                    【“五眼联盟”闭两眼！新西兰紧随英国表态也从未将华为5G排除在外】美国还在极力说服盟友们抵制华为，而五眼联盟却出事情了，在英国政府日前得出结论，认为华为5G设备风险可控后。新西兰总理紧随英国之后也重新做出表态，称华为从未在该国5G竞争中“出局”。“五眼联盟”出现裂痕！#华为##5G# ​                ", "author": "建华Wei业", "time": "建华Wei业2019年02月20日08:06 来自华为超话", "transmit": " 转发 15", "comment": "评论 25", "zan": " 51"}, {"text": "\n                    【让美国失望了！德国考虑修法为华为开启大门】台湾钜亨网：美国呼吁盟友不要使用中国通讯设备制造商华为的5G网络设备，不过，继英国、新西兰后，德国亦未必跟随。德国政府甚至愿修法为华为开启大门，这对戮力打击中国5G设备的美国而言，无疑是一大打击。 O让美国失望了！德国考虑修法为华为开启大门 ​                ", "author": "参考消息", "time": "参考消息2019年02月20日17:02 来自微博weibo.com", "transmit": " 转发 38", "comment": "评论 23", "zan": " 131"}, {"text": "\n                    【英国、新西兰、德国准备倒戈了？西方对华为封锁阵营松动……】外媒称，新西兰政府近日正在为中国华为参与该国5G网络建设敞开大门。德国高级官员也表示，德国政府倾向于允许华为参与建设该国高速互联网基础设施。在美国拉起的对华为的封锁阵营中，它的盟友似乎要倒戈—— O英国、新西兰、德国准备倒戈了？西方对华为封锁阵营松动…… ​                ", "author": "参考消息", "time": "参考消息2019年02月20日16:16 来自微博weibo.com", "transmit": " 转发 12", "comment": "评论 16", "zan": " 65"}, {"text": "\n                    【部长预言要成真了：英国、新西兰、德国准备倒戈了？西方对华为封锁阵营松动……】我早说过，华为5G独步全球，领先优商一年以上，西方国家最终会发现，要么延迟5G进度一年以上，要么乖乖用华为设备。现在看来他们已经发现，华为5G是他们建设先进5G网络的最优了。          外媒称，新西兰政府近日正 ​  展开全文c \n                    【部长预言要成真了：英国、新西兰、德国准备倒戈了？西方对华为封锁阵营松动……】我早说过，华为5G独步全球，领先优商一年以上，西方国家最终会发现，要么延迟5G进度一年以上，要么乖乖用华为设备。现在看来他们已经发现，华为5G是他们建设先进5G网络的最优了。          外媒称，新西兰政府近日正在为中国华为参与该国5G网络建设敞开大门。德国高级官员也表示，德国政府倾向于允许华为技术有限公司参与建设该国高速互联网基础设施。而此前，英国安全部门官员就已经表示，在5G网络系统中使用华为技术的风险可以得到控制。在美国拉起的对华为的封锁阵营中，它的盟友似乎要倒戈。        据彭博社2月19日报道，去年11月，新西兰情报机构政府通信安全局（GCSB）以存在重大国家安全风险为由，叫停新西兰电信运营商Spark使用华为5G设备。而新西兰总理杰辛达·阿德恩2月19日已作出表示，她的政府正在制定一个程序，如果Spark公司能够消除政府通信委员会的顾虑，这家中国公司仍可以参与进来。       当被问到这是否代表华为能重新参与新西兰5G建设时，阿德恩说：“他们（华为）从没被排除。”不过，她也表示：“目前还未做出最终决定。”她说：“当前的状况是Spark还在解决所提出的问题。”       报道称，新西兰继澳大利亚之后宣布了华为禁令，据报道这是在美国压力之下做出这一决定。此举引发了对两国贸易和旅游业活动的担忧。     阿德恩否认中新两国之间存在任何摩擦。2月18日，她反驳了关于两国关系恶化的说法，称两国关系“牢固且成熟”。O英国、新西兰、德国准备倒戈了？西方对华为封锁阵营松动…… 收起全文d\n", "author": "人才76116", "time": "人才761162019年02月20日20:20 来自HUAWEIP20", "transmit": " 转发 13", "comment": "评论 44", "zan": " 50"}, {"text": "\n                    【任正非再发声：美国无法粉碎华为！ 】任正非表示：“我们会继续在英国的投资。我们仍然信任英国。我们也希望英国能更信任我们。因为如果美国不信任我们，我们将以更大的规模把在美国的投资转移到英国”。O任正非再发声：美国无法粉碎华为！ ​                ", "author": "和讯网", "time": "和讯网2019年02月20日08:06 来自微博weibo.com", "transmit": " 转发 13", "comment": "评论 22", "zan": " 11"}]