[{"text": "\n                    【英国防大臣对华为5G表示担忧 国防部：“反映他们的傲慢和偏见”】针对英国国防大臣对华为在英国提供5G网络技术表示担忧，27日，在国防部12月份的例行记者会上，国防部新闻发言人吴谦表示，“英方一些人的表态，我认为反映了他们心中根深蒂固的傲慢和偏见，焦虑与纠结”。O英国防大臣对华为5G表示担忧 国防部：“反映他们的傲慢和偏见” ​                ", "author": "环球时报", "time": "环球时报2018年12月27日16:40 来自微博weibo.com", "transmit": " 转发 41", "comment": "评论 73", "zan": " 260"}]