[{"text": "\n                    【华为联合英国三大运营商打通首个跨网5G视频通话】华为在伦敦举办2019世界移动大会预沟通会，会上，华为联合英国本地三大运营商进行了全球首个基于多方5G网络的视频通话。据了解，目前，华为已获得30多个5G商用合同，其中18个来自欧洲。O华为联合英国三大运营商打通首个跨网5G视频通话 ​                ", "author": "新浪科技", "time": "新浪科技2019年02月21日16:20 来自微博weibo.com", "transmit": " 转发 144", "comment": "评论 44", "zan": " 171"}, {"text": "\n#参考视界# 【英媒介绍中国“首个5G火车站”不忘酸华为 然而评论里英国网友却说……】“（这里的网速）真的是超级快，感觉我妈妈就在我身边！”这几天，中国的一座火车站在海外媒体上火了，外国小哥都忍不住来“打卡”。英国《每日邮报》报道称：“当西方国家因对所谓间谍活动的担忧避开华为技术时，中 ​  展开全文c \n#参考视界# 【英媒介绍中国“首个5G火车站”不忘酸华为 然而评论里英国网友却说……】“（这里的网速）真的是超级快，感觉我妈妈就在我身边！”这几天，中国的一座火车站在海外媒体上火了，外国小哥都忍不住来“打卡”。英国《每日邮报》报道称：“当西方国家因对所谓间谍活动的担忧避开华为技术时，中国将推出全球首个5G火车站。”不过谈及华为时，报道又扯上了美国等西方国家对华为技术和产品的“间谍”指控，然而网友对这些指控却并不“买账”。详情戳↓↓ L参考消息的微博视频 收起全文d\n", "author": "参考消息", "time": "参考消息2019年02月21日19:32 来自微博视频", "transmit": " 转发 61", "comment": "评论 26", "zan": " 163"}, {"text": "\n                    【英媒介绍中国“首个5G火车站”不忘酸华为 然而评论里英国网友却说……】“（这里的网速）真的是超级快，感觉我妈妈就在我身边！”这几天，中国的一座火车站在海外媒体上火了，外国小哥都忍不住来“打卡”。英国《每日邮报》报道称：“当西方国家因对所谓间谍活动的担忧避开华为技 ​  展开全文c \n                    【英媒介绍中国“首个5G火车站”不忘酸华为 然而评论里英国网友却说……】“（这里的网速）真的是超级快，感觉我妈妈就在我身边！”这几天，中国的一座火车站在海外媒体上火了，外国小哥都忍不住来“打卡”。英国《每日邮报》报道称：“当西方国家因对所谓间谍活动的担忧避开华为技术时，中国将推出全球首个5G火车站。”英媒关注到，中国计划今年内在上海虹桥火车站完成5G网络深度覆盖，建成后的该站将成为全球首个采用5G室内数字系统的火车站。听着就很“硬核”，实际上对旅客来讲会是怎样的体验呢？英媒的报道带着“羡慕”的语气举例称，20秒下载2G电影、候车厅玩VR游戏、5G刷脸验证3秒就能通过，还有智能机器人送餐……O网页链接 收起全文d\n", "author": "新民周刊", "time": "新民周刊2019年02月21日19:34 来自索尼XZ2Premium", "transmit": " 转发 16", "comment": "评论 7", "zan": " 80"}, {"text": "\n                    之前跟着美国要抵制华为的英国，近日完成首个5G视频通话，由华为和沃达丰VDF/英国电信BT/和黄3UK共同完成！英国上下都非常高兴即将拥抱5G新时代，而始作俑者美国还在因假5G导致全国5G建设的瘫痪和停滞，开放和封闭，务实和固执，美国像一艘停靠在太平洋彼岸老朽船只，逐渐破败，还能长久？#华为##5G# ​                ", "author": "建华Wei业", "time": "建华Wei业2019年02月21日12:17 来自HUAWEIMate20Pro", "transmit": " 转发 12", "comment": "评论 29", "zan": " 61"}, {"text": "\n                    【英网络安全中心：未发现华为恶意行为证】英国国家网络安全中心（NCSC）主管Ciaran Martin表示，英国有能力管理使用华为设备的安全风险，目前没有发现华为从事恶意行为的证据。NCSC此一说法推翻了美国就华为技术可能被中国用于间谍活动的指控。被问及美国是否曾向英国提供指控华为的证据时，Martin说 ​  展开全文c \n                    【英网络安全中心：未发现华为恶意行为证】英国国家网络安全中心（NCSC）主管Ciaran Martin表示，英国有能力管理使用华为设备的安全风险，目前没有发现华为从事恶意行为的证据。NCSC此一说法推翻了美国就华为技术可能被中国用于间谍活动的指控。被问及美国是否曾向英国提供指控华为的证据时，Martin说：“如果有证据表明华为存恶意，我必须报告，我们还没有需要这么做。”O英網絡安全中心：未發現華為惡意行為證 收起全文d\n", "author": "大公報-大公網", "time": "大公報-大公網2019年02月21日10:54 来自微博weibo.com", "transmit": " 转发 14", "comment": "评论 8", "zan": " 27"}, {"text": "\n华为联合英国三大运营商打通首个跨网5G视频通话！ 也就是说 五眼联盟首次失败 并还是败给中国 ​                ", "author": "义勇军--鬼谷子", "time": "义勇军--鬼谷子2019年02月21日20:03 来自微博weibo.com", "transmit": " 转发 9", "comment": "评论 13", "zan": " 88"}, {"text": "\n#法治新闻速览#【英国、新西兰在“围剿华为”上改口】①海南查办建省以来涉案人数最多的特大涉黑案。②上海：学校周边200米探索建立学生安全区域。③囚犯帮警察解救被困婴儿：一秒撬开车门。④男子持双胞胎哥哥护照被识破。⑤NASA招搞笑宇航员，在火星路上活跃气氛。（中央政法委长安剑） ​  展开全文c \n#法治新闻速览#【英国、新西兰在“围剿华为”上改口】①海南查办建省以来涉案人数最多的特大涉黑案。②上海：学校周边200米探索建立学生安全区域。③囚犯帮警察解救被困婴儿：一秒撬开车门。④男子持双胞胎哥哥护照被识破。⑤NASA招搞笑宇航员，在火星路上活跃气氛。（中央政法委长安剑）O一天内海南299名嫌疑人集中自首，“别挤，一个个来！” 【三分钟法... 收起全文d\n", "author": "中国长安网", "time": "中国长安网2019年02月21日13:45 来自微博weibo.com", "transmit": " 转发 45", "comment": "评论 5", "zan": " 53"}, {"text": "\n#数字说#【调门各不同 哪些国家对华为5G释出开放信号？】截至2月20日，在由英美主导的情报共享机制“五眼联盟”中，仅有澳大利亚跟随美国对华为持明确抗拒态度，英国和新西兰倾向不拒绝华为，加拿大政府尚未作出决定。 O调门各不同 哪些国家对华为5G释出开放信号？ ​                ", "author": "财新网", "time": "财新网2019年02月21日19:32 来自财新网", "transmit": " 转发 15", "comment": "评论 59", "zan": " 26"}, {"text": "\n英国首个5G视频通话，由华为和沃达丰VDF/英国电信BT/和黄3UK共同完成！巴展掀起5G商用序幕，2.24见。 ​                ", "author": "海峰hiphone", "time": "海峰hiphone2019年02月21日09:43 来自华为Mate20保时捷设计", "transmit": " 转发 9", "comment": "评论 10", "zan": " 43"}, {"text": "\n#MWC2019#世界移动大会伦敦预沟通会上，华为常务董事、运营商BG总裁丁耘与英国本地三大运营商客户代表现场进行了全球首个基于多方5G网络的视频通话，这标志着英国主要运营商已具备5G规模部署能力和可商用的5G网络。丁耘表示：“华为将以全面领先的5G端到端能力，推动5G大规模商业应用和生态成熟。” ​                ", "author": "华为中国", "time": "华为中国2019年02月21日17:14 来自微博weibo.com", "transmit": " 转发 127", "comment": "评论 111", "zan": " 336"}, {"text": "\n                    2月20日的《华尔街日报》头版报道“美国试图让欧洲禁止华为的做法受到了抵抗”。文中提到德国、英国，以及东欧，都不愿意抵制华为，原因有三点：一是这样做会延迟各国推出5G服务的时间；二是更换设备提供商会导致成本提高；三是截止目前都没有找到华为设备不安全的任何证据。而在东欧，还有一条额外 ​  展开全文c \n                    2月20日的《华尔街日报》头版报道“美国试图让欧洲禁止华为的做法受到了抵抗”。文中提到德国、英国，以及东欧，都不愿意抵制华为，原因有三点：一是这样做会延迟各国推出5G服务的时间；二是更换设备提供商会导致成本提高；三是截止目前都没有找到华为设备不安全的任何证据。而在东欧，还有一条额外的原因：怕惹怒中国，这个在当地有很大投资的金主。华为当然是中国企业的翘楚，国内多数企业与之不太可比，但也对目前美国抵制中国企业和商品所面临的局面有一定的代表性：中国企业（商品）物美价廉，而且已经进入了各国产业链，最后，中国全球第二大经济体的影响力也不容忽视。但华为面临的压力仍然不容小觑，报道中也提到，英国限制华为进入一些更容易受到攻击的服务设施，德国也加强了对华为的核查……同样，这也是其他中国企业所面临的局面，而出路只有一条：更加努力地让自己具有性价比优势和技术独特性，像华为一样变得不可替代，至少是不易替代。 收起全文d\n", "author": "微彰琦谈", "time": "微彰琦谈2019年02月21日19:30 来自Weibo.intl", "transmit": " 转发 10", "comment": "评论 3", "zan": " 21"}, {"text": "\n                    【CNN问观众美国政府为什么打击华为？结果亮了！】#连CNN的主播都说观众真聪明#英国广播公司(BBC)18日发布了一段对华为创始人任正非的专访视频，受到美国有线电视新闻网(CNN)的关注。CNN在近期的一次节目中发起网络投票，让大家就“美国打击华为”的原因进行投票，大多数观众选择了“政治因 ​  展开全文c \n                    【CNN问观众美国政府为什么打击华为？结果亮了！】#连CNN的主播都说观众真聪明#英国广播公司(BBC)18日发布了一段对华为创始人任正非的专访视频，受到美国有线电视新闻网(CNN)的关注。CNN在近期的一次节目中发起网络投票，让大家就“美国打击华为”的原因进行投票，大多数观众选择了“政治因素”，嘉宾直呼：观众们“真聪明”!OCNN问观众美国政府为什么打击华为？结果亮了！ 收起全文d\n", "author": "环球网", "time": "环球网2019年02月21日21:02 来自微博weibo.com", "transmit": " 转发 62", "comment": "评论 36", "zan": " 190"}, {"text": "\n英国最高级别的情报部门负责人之一表示，他有信心认为，如果部长级官员们决定让华为(Huawei)参与未来的5G网络，英国网络安全部门可以管控这家中国电信设备制造商构成的任何风险。 ​                ", "author": "历史的进城", "time": "历史的进城2019年02月21日08:02 来自历史的进城Android", "transmit": " 转发 23", "comment": "评论 24", "zan": " 55"}]