[{"text": "\n                    【华为任正非：孟晚舟没技术背景 她永生永世不可能做接班人】华为CEO任正非接受英国广播公司BBC的专访。任正非表示，“孟晚舟永生永世不可能做接班人，因为她没有技术背景，我不能完全从父亲的角度看儿女的发展轨迹。” L这视频的秒拍视频 ​                ", "author": "浙商卢献星", "time": "浙商卢献星2019年03月01日21:25 来自浙商會iPhone客户端", "transmit": " 转发 24", "comment": "评论 10", "zan": " 36"}, {"text": "\n华为轮值董事长郭平愤起炮轰美国背后：欺人太甚、退无可退！以下为华为轮值董事长郭平总发表于英国《金融时报》的署名文章，他认为，美国要全球封锁华为的原因是，华为让美国NSA国家安全局对全世界的监听更难了！全文： O华为轮值董事长郭平愤起炮轰美国背后 ​                ", "author": "HW前HR", "time": "HW前HR2019年03月01日12:14 来自HUAWEIMate20Pro", "transmit": " 转发 113", "comment": "评论 135", "zan": " 189"}]