[{"text": "\n                    李嘉诚帮华为5G挺进英国，证明了李嘉诚在英国的实力，厉害了新浪财经 L大鳄吞金的微博视频 ​                ", "author": "大鳄吞金", "time": "大鳄吞金2019年01月23日10:57 来自微博网页", "transmit": " 转发 11", "comment": "评论 3", "zan": " 17"}, {"text": "\n                    【创新】彭博社2019全球创新指数显示，以色列成大赢家，上升了5位，位居全球第五。中国第16位，比去年上升了3位。专利活动提升了中以创新得分。以色列超越新加坡、日本和瑞典；华为和京东方的强大研发实力助推中国首次超越了英国。韩国连续6年第一！印度首次进入前60。南非是唯一上榜非洲国家。 ​                ", "author": "以色列知行-知以文化", "time": "以色列知行-知以文化2019年01月23日21:15 来自微博weibo.com", "transmit": " 转发 8", "comment": "评论 5", "zan": " 16"}]