[{"text": "\n                    【#华为回应前员工被拘251天#：支持他用法律武器维护权益 包括起诉华为】华为前员工李洪元因离职赔偿金问题，被投诉敲诈勒索，遭羁押251天，最后因证据不足被检察院决定不起诉而获得人身自由。今日，华为回应称：“华为有权利，也有义务，并基于事实对于涉嫌违法的行为向司法机关举报。我们尊重司法机 ​  展开全文c \n                    【#华为回应前员工被拘251天#：支持他用法律武器维护权益 包括起诉华为】华为前员工李洪元因离职赔偿金问题，被投诉敲诈勒索，遭羁押251天，最后因证据不足被检察院决定不起诉而获得人身自由。今日，华为回应称：“华为有权利，也有义务，并基于事实对于涉嫌违法的行为向司法机关举报。我们尊重司法机关，包括公安、检察院和法院的决定。如果李洪元认为他的权益受到了损害，我们支持他运用法律武器维护自己的权益，包括起诉华为。这也体现了法律面前人人平等的法治精神。” 收起全文d\n", "author": "央视新闻", "time": "央视新闻2019年12月02日21:58 来自微博weibo.com", "transmit": " 转发 3208", "comment": "评论 11122", "zan": " 77930"}, {"text": "\n                    【#华为回应前员工李洪元被拘251天#：华为有权利也有义务举报涉嫌违法行为】12月2日晚，华为回应前员工李洪元事件称：华为有权利，也有义务，并基于事实对于涉嫌违法的行为向司法机关举报。我们尊重司法机关，包括公安、检察院和法院的决定。如果李洪元认为他的权益受到了损害，我们支持他运用法律武器 ​  展开全文c \n                    【#华为回应前员工李洪元被拘251天#：华为有权利也有义务举报涉嫌违法行为】12月2日晚，华为回应前员工李洪元事件称：华为有权利，也有义务，并基于事实对于涉嫌违法的行为向司法机关举报。我们尊重司法机关，包括公安、检察院和法院的决定。如果李洪元认为他的权益受到了损害，我们支持他运用法律武器维护自己的权益，包括起诉华为。这也体现了法律面前人人平等的法治精神。 收起全文d\n", "author": "人民日报", "time": "人民日报2019年12月02日22:06 来自微博weibo.com", "transmit": " 转发 3195", "comment": "评论 11786", "zan": " 93196"}, {"text": "\n                    【华为回应前员工李洪元被拘251天：华为有权利也有义务举报涉嫌违法行为】12月2日晚，华为回应前员工李洪元事件称：华为有权利，也有义务，并基于事实对于涉嫌违法的行为向司法机关举报。我们尊重司法机关，包括公安、检察院和法院的决定。如果李洪元认为他的权益受到了损害，我们支持他运用法律武器维 ​  展开全文c \n                    【华为回应前员工李洪元被拘251天：华为有权利也有义务举报涉嫌违法行为】12月2日晚，华为回应前员工李洪元事件称：华为有权利，也有义务，并基于事实对于涉嫌违法的行为向司法机关举报。我们尊重司法机关，包括公安、检察院和法院的决定。如果李洪元认为他的权益受到了损害，我们支持他运用法律武器维护自己的权益，包括起诉华为。这也体现了法律面前人人平等的法治精神。@人民日报 收起全文d\n", "author": "人民网", "time": "人民网2019年12月02日22:56 来自微博weibo.com", "transmit": " 转发 869", "comment": "评论 5952", "zan": " 43153"}, {"text": "\n                    【#华为回应前员工被羁押251天#：支持他维权】#华为支持李洪元运用法律武器维权#华为前员工李洪元离职后被起诉敲诈勒索，羁押251天后，因犯罪事实不清、证据不足释放。近日，李洪元接受多家媒体采访并表达了个人诉求。对此，华为今天作出回应：华为有权利，也有义务，并基于事实对于涉嫌违法的行为向司 ​  展开全文c \n                    【#华为回应前员工被羁押251天#：支持他维权】#华为支持李洪元运用法律武器维权#华为前员工李洪元离职后被起诉敲诈勒索，羁押251天后，因犯罪事实不清、证据不足释放。近日，李洪元接受多家媒体采访并表达了个人诉求。对此，华为今天作出回应：华为有权利，也有义务，并基于事实对于涉嫌违法的行为向司法机关举报。如果李洪元认为他的权益受到了损害，我们支持他运用法律武器维护自己的权益，包括起诉华为。（央视新闻） 收起全文d\n", "author": "中国新闻网", "time": "中国新闻网2019年12月02日21:55 来自微博weibo.com", "transmit": " 转发 442", "comment": "评论 4521", "zan": " 30300"}, {"text": "\n                    #华为回应前员工李洪元被拘251天#【#华为回应前员工李洪元事件# 支持李洪元运用法律武器维护自己的权益】华为前员工李洪元离职后被起诉敲诈勒索，羁押251天后，因犯罪事实不清、证据不足释放。近日，李洪元接受多家媒体采访并表达了个人诉求。对此，华为今天作出回应：华为有权利，也有义务，并基于 ​  展开全文c \n                    #华为回应前员工李洪元被拘251天#【#华为回应前员工李洪元事件# 支持李洪元运用法律武器维护自己的权益】华为前员工李洪元离职后被起诉敲诈勒索，羁押251天后，因犯罪事实不清、证据不足释放。近日，李洪元接受多家媒体采访并表达了个人诉求。对此，华为今天作出回应：华为有权利，也有义务，并基于事实对于涉嫌违法的行为向司法机关举报。我们尊重司法机关，包括公安、检察院和法院的决定。如果李洪元认为他的权益受到了损害，我们支持他运用法律武器维护自己的权益，包括起诉华为。这也体现了法律面前人人平等的法治精神。O华为回应前员工李洪元事件：支持他运用法律武器维护权益，包括起诉华为（央视新闻） #华为支持李洪元运用法律武器维权# 收起全文d\n", "author": "环球网", "time": "环球网2019年12月02日21:37", "transmit": " 转发 1149", "comment": "评论 3503", "zan": " 11206"}, {"text": "\n                    【马上评丨华为该如何对待离职员工，我们又该如何对待华为】30万离职赔偿款、251天拘留、一份《刑事赔偿决定书》，华为前员工李洪元的遭遇近日成为舆论关注的焦点。曾几何时，“狼性”、996这些单向度推崇效率的企业文化彪悍到不需要解释。然而效率独尊的时代总要过去。舆论对大企业离职员工的关注反映 ​  展开全文c \n                    【马上评丨华为该如何对待离职员工，我们又该如何对待华为】30万离职赔偿款、251天拘留、一份《刑事赔偿决定书》，华为前员工李洪元的遭遇近日成为舆论关注的焦点。曾几何时，“狼性”、996这些单向度推崇效率的企业文化彪悍到不需要解释。然而效率独尊的时代总要过去。舆论对大企业离职员工的关注反映出，人性的维度正在变得重要起来。一家大企业是否真的有担当，不仅体现在云端的愿景、宏伟的抱负，更体现在如何对待一个个活生生的人。假如一家企业残酷地对待自家员工，如何相信它会公平诚实地对待合作伙伴和消费者？人们会根据一家公司如何对待员工来决定如何对待这家公司，这很公平自然。企业必须表现出起码的人性意识，用户才能放心将与自身安全攸关的数据交由其保存处理。#华为前员工#O马上评丨华为该如何对待离职员工，我们又该如何对待华为 收起全文d\n", "author": "澎湃新闻", "time": "澎湃新闻2019年12月02日13:36 来自360安全浏览器", "transmit": " 转发 1099", "comment": "评论 2491", "zan": " 20404"}, {"text": "\n                    【#华为前员工#：并非主动曝光 希望和华为沟通】一笔30万元的离职赔偿款反成“敲诈勒索金”，华为前员工李洪元遭到251天拘留一事正在持续发酵。李洪元表示“我8月被释放，但拿到国家赔偿是在上周三。网上被曝光的是《刑事赔偿决定书》是上周才有的文件。拿到赔偿后，我挺开心的，就把这份决定书分享到 ​  展开全文c \n                    【#华为前员工#：并非主动曝光 希望和华为沟通】一笔30万元的离职赔偿款反成“敲诈勒索金”，华为前员工李洪元遭到251天拘留一事正在持续发酵。李洪元表示“我8月被释放，但拿到国家赔偿是在上周三。网上被曝光的是《刑事赔偿决定书》是上周才有的文件。拿到赔偿后，我挺开心的，就把这份决定书分享到了华为离职员工维权群里，期望有人能帮忙发到华为心声内网，以恢复名誉。结果不知道是谁发到外面去了，我自己也非常着急。”O华为被拘251天前员工：并非主动曝光 希望和华为沟通 收起全文d\n", "author": "新浪财经", "time": "新浪财经2019年12月02日10:00 来自微博weibo.com", "transmit": " 转发 759", "comment": "评论 798", "zan": " 24936"}, {"text": "\n                    【对话被拘251天#华为前员工#：并非主动曝光，希望和华为沟通】一笔30万元的离职赔偿款反成“敲诈勒索金”，华为前员工李洪元遭到251天拘留一事持续发酵。12月1日下午，李洪元接受记者采访，还原了他从华为离职当天到成为舆论中心的全过程。他在采访中称，他所在部门业务造假很早就开始了，公司大量 ​  展开全文c \n                    【对话被拘251天#华为前员工#：并非主动曝光，希望和华为沟通】一笔30万元的离职赔偿款反成“敲诈勒索金”，华为前员工李洪元遭到251天拘留一事持续发酵。12月1日下午，李洪元接受记者采访，还原了他从华为离职当天到成为舆论中心的全过程。他在采访中称，他所在部门业务造假很早就开始了，公司大量资金被占用，仓储、存货方面都承担着巨额损失。他是出于对华为的感情，想要遏制这股歪风才举报。他还讲述与部门主管之间的沟通过程，以及离职后被捕和关押251天的经历。最后李洪元表示：“我还是希望和华为沟通，最好是任总能够亲自来和我沟通，就占用他老人家30分钟时间吧。”O对话华为被拘251天前员工：并非主动曝光，希望和华为沟通 收起全文d\n", "author": "凤凰网", "time": "凤凰网2019年12月02日10:44 来自微博weibo.com", "transmit": " 转发 1187", "comment": "评论 2769", "zan": " 43242"}, {"text": "\n                    【警方回应华为员工被拘251天：正在了解处理此事】前华为员工李洪元因一笔30万元的离职赔偿款被起诉敲诈勒索，羁押251天后，因犯罪事实不清、证据不足无罪释放。当事人李洪元表示，现在心情很不好，想休整一下。截至12月2日中午，华为官方尚未就此事作出回应，但有媒体援引华为内部人士声音：正 ​  展开全文c \n                    【警方回应华为员工被拘251天：正在了解处理此事】前华为员工李洪元因一笔30万元的离职赔偿款被起诉敲诈勒索，羁押251天后，因犯罪事实不清、证据不足无罪释放。当事人李洪元表示，现在心情很不好，想休整一下。截至12月2日中午，华为官方尚未就此事作出回应，但有媒体援引华为内部人士声音：正开会讨论李洪元事件，法务已在处理中。深圳市公安局经济犯罪侦查局则表示正在了解处理此事。（南方都市报）  O华为前员工被诉敲诈勒索遭拘251天 深圳警方回应 收起全文d\n", "author": "头条新闻", "time": "头条新闻2019年12月02日17:05 来自微博weibo.com", "transmit": " 转发 261", "comment": "评论 610", "zan": " 3384"}, {"text": "\n                    【华为回应：支持李洪元运用法律武器维护自己的权益】针对沸沸扬扬的离职员工被拘251天事件，华为终于发声回应。12月2日晚，华为针对前员工李洪元事件发布回应称：华为有权利，也有义务，并基于事实对于涉嫌违法的行为向司法机关举报。“我们尊重司法机关，包括公安、检察院和法院的决定。如果李洪元 ​  展开全文c \n                    【华为回应：支持李洪元运用法律武器维护自己的权益】针对沸沸扬扬的离职员工被拘251天事件，华为终于发声回应。12月2日晚，华为针对前员工李洪元事件发布回应称：华为有权利，也有义务，并基于事实对于涉嫌违法的行为向司法机关举报。“我们尊重司法机关，包括公安、检察院和法院的决定。如果李洪元认为他的权益受到了损害，我们支持他运用法律武器维护自己的权益，包括起诉华为。这也体现了法律面前人人平等的法治精神。” 收起全文d\n", "author": "侠客岛", "time": "侠客岛2019年12月02日22:22 来自微博weibo.com", "transmit": " 转发 574", "comment": "评论 2604", "zan": " 13401"}, {"text": "\n                    【#华为回应前员工被拘251天#：支持他用法律武器维护权益 包括起诉华为】据@央视新闻 华为前员工李洪元因离职赔偿金问题，被投诉敲诈勒索，遭羁押251天，最后因证据不足被检察院决定不起诉而获得人身自由。今日，华为回应称：“华为有权利，也有义务，并基于事实对于涉嫌违法的行为向司法机关举报。我 ​  展开全文c \n                    【#华为回应前员工被拘251天#：支持他用法律武器维护权益 包括起诉华为】据@央视新闻 华为前员工李洪元因离职赔偿金问题，被投诉敲诈勒索，遭羁押251天，最后因证据不足被检察院决定不起诉而获得人身自由。今日，华为回应称：“华为有权利，也有义务，并基于事实对于涉嫌违法的行为向司法机关举报。我们尊重司法机关，包括公安、检察院和法院的决定。如果李洪元认为他的权益受到了损害，我们支持他运用法律武器维护自己的权益，包括起诉华为。这也体现了法律面前人人平等的法治精神。” 收起全文d\n", "author": "南方周末", "time": "南方周末2019年12月02日23:38 来自微博weibo.com", "transmit": " 转发 112", "comment": "评论 475", "zan": " 2788"}, {"text": "\n                    【华为“251事件”：应调查是否存在报假案、作伪证和诬告陷害】一笔约30万元的离职补偿款，换来251天的牢狱之灾，对华为前员工李洪元来说，过去的251天时间不啻为一场噩梦。日前，李洪元收到包括人身自由损害赔偿金、精神损害抚慰金共计约10万元的国家赔偿，本案在社交平台持续发酵。本案的发端，包括 ​  展开全文c \n                    【华为“251事件”：应调查是否存在报假案、作伪证和诬告陷害】一笔约30万元的离职补偿款，换来251天的牢狱之灾，对华为前员工李洪元来说，过去的251天时间不啻为一场噩梦。日前，李洪元收到包括人身自由损害赔偿金、精神损害抚慰金共计约10万元的国家赔偿，本案在社交平台持续发酵。本案的发端，包括造成后续国家赔偿的成本支出以及可能的错案责任追究，都源于企业的刑事报案，包括报案人讲述、证人证言的提供在已有错案结论的情况下，是否需要彻查和追究相关人员报假案、作伪证甚至诬告陷害的法律责任？（南都评论） O华为“251事件”：应调查是否存在报假案、作伪证和诬告陷害 收起全文d\n", "author": "头条新闻", "time": "头条新闻2019年12月02日14:31 来自微博weibo.com", "transmit": " 转发 937", "comment": "评论 1113", "zan": " 3753"}, {"text": "\n                    【#华为回应前员工被拘251天#：支持他用法律武器维护权益 包括起诉华为】华为前员工李洪元因离职赔偿金问题，被投诉敲诈勒索，遭羁押251天，最后因证据不足被检察院决定不起诉而获得人身自由。今日，华为回应称：“华为有权利，也有义务，并基于事实对于涉嫌违法的行为向司法机关举报。我们尊重司法机 ​  展开全文c \n                    【#华为回应前员工被拘251天#：支持他用法律武器维护权益 包括起诉华为】华为前员工李洪元因离职赔偿金问题，被投诉敲诈勒索，遭羁押251天，最后因证据不足被检察院决定不起诉而获得人身自由。今日，华为回应称：“华为有权利，也有义务，并基于事实对于涉嫌违法的行为向司法机关举报。我们尊重司法机关，包括公安、检察院和法院的决定。如果李洪元认为他的权益受到了损害，我们支持他运用法律武器维护自己的权益，包括起诉华为。这也体现了法律面前人人平等的法治精神。”@央视新闻 收起全文d\n", "author": "中国日报", "time": "中国日报2019年12月02日22:22 来自微博weibo.com", "transmit": " 转发 62", "comment": "评论 221", "zan": " 577"}, {"text": "\n                    【对话华为被拘251天前员工：被抓时在睡梦中，并非主动曝光，希望和华为沟通】一笔30万元的离职赔偿款，反成“敲诈勒索金”，#华为前员工#李洪元遭到251天拘留一事正在持续发酵。李洪元表示，“我8月被释放，但拿到国家赔偿是在上周三。网上被曝光的是《刑事赔偿决定书》是上周才有的文件。拿到赔偿 ​  展开全文c \n                    【对话华为被拘251天前员工：被抓时在睡梦中，并非主动曝光，希望和华为沟通】一笔30万元的离职赔偿款，反成“敲诈勒索金”，#华为前员工#李洪元遭到251天拘留一事正在持续发酵。李洪元表示，“我8月被释放，但拿到国家赔偿是在上周三。网上被曝光的是《刑事赔偿决定书》是上周才有的文件。拿到赔偿后，我挺开心的，就把这份决定书分享到了华为离职员工维权群里，期望有人能帮忙发到华为心声内网以恢复名誉。结果不知道是谁发到外面去了，我自己也非常着急。”目前华为官方对此事暂无回应。 收起全文d\n", "author": "虎嗅APP", "time": "虎嗅APP2019年12月02日10:14", "transmit": " 转发 300", "comment": "评论 425", "zan": " 4974"}, {"text": "\n                    #华为前员工# 【华为被拘251天前员工妻子：暂未考虑是否起诉华为】围绕华为前员工李洪元因离职赔偿金问题遭遇251天拘留一事的舆论持续发酵。李洪元妻子表示，“原本是《刑事赔偿决定书》出来后我们想发在华为内部的论坛心声社区上澄清一下，但没想到有人发到外网了，引发网络上各种讨论，各种猜测都有 ​  展开全文c \n                    #华为前员工# 【华为被拘251天前员工妻子：暂未考虑是否起诉华为】围绕华为前员工李洪元因离职赔偿金问题遭遇251天拘留一事的舆论持续发酵。李洪元妻子表示，“原本是《刑事赔偿决定书》出来后我们想发在华为内部的论坛心声社区上澄清一下，但没想到有人发到外网了，引发网络上各种讨论，各种猜测都有，我们就想出来澄清说明一下我们的真正想法，但即便这样我们说的话媒体还是各种解读，已经超出了我们的控制。我们原本还是希望能跟华为高层和任总能够沟通一下，但现在消息出来后相当于有了沟通渠道了，我们也就不要求一定要当面沟通了，但我们还是希望华为能给我们一个道歉，毕竟是他们误告才导致这件事。”O华为被拘251天前员工妻子：暂未考虑是否起诉华为 收起全文d\n", "author": "凤凰网财经", "time": "凤凰网财经2019年12月02日19:41 来自专业版微博", "transmit": " 转发 97", "comment": "评论 340", "zan": " 1122"}, {"text": "\n                    面对李洪元251天事件，华为硬刚了，从字句之间渗透出华为法务部的强自信。确实，无所谓区分是HR何某个人的意志导致了这场错误羁押，还是公司层面的决策导致了李洪元251天，最终的责任都可能是归咎于华为公司。HR何某为了公司利益，即便做出一些可能超乎正常的行为，真要是被华为作为弃子背锅，可能 ​  展开全文c \n                    面对李洪元251天事件，华为硬刚了，从字句之间渗透出华为法务部的强自信。确实，无所谓区分是HR何某个人的意志导致了这场错误羁押，还是公司层面的决策导致了李洪元251天，最终的责任都可能是归咎于华为公司。HR何某为了公司利益，即便做出一些可能超乎正常的行为，真要是被华为作为弃子背锅，可能也显得很无情。至于李洪元接下来会怎么办？我觉得我们隔着手机屏幕，勿做键盘侠。不强求让他硬刚到底，即便我们全舆论支持他，他也抵不过庞然大物。如果有关部门愿意披露更多细节，监督这件事的后续，或许更好，毕竟“诬告陷害罪”和“伪证罪”都是公诉罪名。#华为回应前员工被拘251天# 收起全文d\n", "author": "吴声威wsw", "time": "吴声威wsw2019年12月02日22:06 来自iPhoneXSMax", "transmit": " 转发 111", "comment": "评论 1057", "zan": " 3338"}, {"text": "\n                    【#李洪元回应华为声明#：大家看看先 我听全国人民的】围绕华为前员工李洪元因离职赔偿金问题遭遇251天拘留一事，华为做出正式回应：“如果李洪元认为他的权益受到了损害，我们支持他运用法律武器维护自己的权益，包括起诉华为。”李洪元在看到华为官方回应后表示：“大家看看先，我听全国人民的。” ​  展开全文c \n                    【#李洪元回应华为声明#：大家看看先 我听全国人民的】围绕华为前员工李洪元因离职赔偿金问题遭遇251天拘留一事，华为做出正式回应：“如果李洪元认为他的权益受到了损害，我们支持他运用法律武器维护自己的权益，包括起诉华为。”李洪元在看到华为官方回应后表示：“大家看看先，我听全国人民的。”#华为支持李洪元运用法律武器维权#O李洪元回应华为声明：大家看看先 我听全国人民的 收起全文d\n", "author": "新浪财经", "time": "新浪财经2019年12月02日23:05 来自微博weibo.com", "transmit": " 转发 1565", "comment": "评论 5310", "zan": " 90003"}, {"text": "\n                    【#华为回应前员工被拘251天#：支持他用法律武器维护权益 包括起诉华为】华为前员工李洪元因离职赔偿金问题，被投诉敲诈勒索，遭羁押251天，最后因证据不足被检察院决定不起诉而获得人身自由。今日，华为回应称：“华为有权利，也有义务，并基于事实对于涉嫌违法的行为向司法机关举报。我们尊重司法机 ​  展开全文c \n                    【#华为回应前员工被拘251天#：支持他用法律武器维护权益 包括起诉华为】华为前员工李洪元因离职赔偿金问题，被投诉敲诈勒索，遭羁押251天，最后因证据不足被检察院决定不起诉而获得人身自由。今日，华为回应称：“华为有权利，也有义务，并基于事实对于涉嫌违法的行为向司法机关举报。我们尊重司法机关，包括公安、检察院和法院的决定。如果李洪元认为他的权益受到了损害，我们支持他运用法律武器维护自己的权益，包括起诉华为。这也体现了法律面前人人平等的法治精神。”（@央视新闻 ） 收起全文d\n", "author": "中国之声", "time": "中国之声2019年12月02日22:08", "transmit": " 转发 76", "comment": "评论 245", "zan": " 510"}, {"text": "\n华为李洪元251事件，【事实，报道，舆论】，第三元素的峰值发生在周末，又是一个周末，这和当初奔驰事件，疫苗事件一样，危机应对中，华为傲慢了，表现在两方面，1删帖后发现难以控评，就必须迅速升级响应，而华为未主动向上升级响应层级。2未加班预警不足，我预判周一响应，这与道德无关，这与严重性 ​  展开全文c \n华为李洪元251事件，【事实，报道，舆论】，第三元素的峰值发生在周末，又是一个周末，这和当初奔驰事件，疫苗事件一样，危机应对中，华为傲慢了，表现在两方面，1删帖后发现难以控评，就必须迅速升级响应，而华为未主动向上升级响应层级。2未加班预警不足，我预判周一响应，这与道德无关，这与严重性有关，不能彻底铲除话题本身就当警醒，但华为还是慢了，只是早上发出一个简要回应，比有些机构快了，但比危机本身慢了。      第一点是傲，第二点是慢。李洪元已经是最好对付的诉求者了，我昨天写得很清楚，他接受访问勾勒出的就是一个大厂12年白领晋职无望以举报期待明君的中年人的黄昏，我推断他的诉求相当简单，想见到华为高层，想受到任正非的接见，这已是最好的事件主角。 反观华为做什么了在这个周末，做的是舆情熔断，想的是事件应付，思考的是对外解释，这三点，我看看网上几个所谓的意见领袖，都干了。这几个意见领袖解决的不是第三元素舆情，他们三个只是舆情本身仅能做平衡使用，更遑论应对第一元素事件本身。  就像我昨天写道的，面对诉求如此简单的李洪元，华为不应再傲慢，当迅速升级响应层级，响应速度 ，不能再相信这几个意见领袖对舆情的平衡，当像任正非一样，当是任正非一样，杀伐果决，做出决策，做出响应，给出行动。         1承认事件本身，2按照法律快速执行，3切勿再指望反转做违悖法律的裁决，         3切勿延宕和再寻找或等待意见领袖的所谓攻击性的平衡。         4回到事件本身给出清晰，具体的法律说明。         5看到几个大V都说不要道歉，不要相信他们，这都无意义的，道歉只是表象，道歉的本质是大企业有担当的温情与感同身受的同理心，华为当以最快速的行动给出。 #华为员工索要离职补偿被拘留# #华为前员工被拘251天# #华为前员工# 收起全文d\n", "author": "凯雷", "time": "凯雷2019年12月02日15:00 来自360安全浏览器", "transmit": " 转发 141", "comment": "评论 159", "zan": " 798"}, {"text": "\n                    【前员工李洪元被羁押251天 华为：支持他维权】华为前员工李洪元离职后被起诉敲诈勒索，羁押251天后，因犯罪事实不清、证据不足释放。近日，李洪元接受多家媒体采访并表达了个人诉求。对此，华为今天作出回应：华为有权利，也有义务，并基于事实对于涉嫌违法的行为向司法机关举报。我们尊重司法机关， ​  展开全文c \n                    【前员工李洪元被羁押251天 华为：支持他维权】华为前员工李洪元离职后被起诉敲诈勒索，羁押251天后，因犯罪事实不清、证据不足释放。近日，李洪元接受多家媒体采访并表达了个人诉求。对此，华为今天作出回应：华为有权利，也有义务，并基于事实对于涉嫌违法的行为向司法机关举报。我们尊重司法机关，包括公安、检察院和法院的决定。如果李洪元认为他的权益受到了损害，我们支持他运用法律武器维护自己的权益，包括起诉华为。这也体现了法律面前人人平等的法治精神。O网页链接 收起全文d\n", "author": "搜狐新闻", "time": "搜狐新闻2019年12月02日21:54 来自专业版微博", "transmit": " 转发 331", "comment": "评论 280", "zan": " 3846"}, {"text": "\n                    【#华为离职员工自述被拘251天疑案# ，暂未考虑是否起诉华为】#离职员工暂未考虑是否起诉华为# 围绕华为前员工李洪元因离职赔偿金问题遭遇251天拘留一事的舆论持续发酵。根据李洪元的自述，从2005年起他在华为技术有限公司及其旗下子公司工作了12年。2018年初第7次合同到期后，华为决定不再与其续约， ​  展开全文c \n                    【#华为离职员工自述被拘251天疑案# ，暂未考虑是否起诉华为】#离职员工暂未考虑是否起诉华为# 围绕华为前员工李洪元因离职赔偿金问题遭遇251天拘留一事的舆论持续发酵。根据李洪元的自述，从2005年起他在华为技术有限公司及其旗下子公司工作了12年。2018年初第7次合同到期后，华为决定不再与其续约，双方商谈后确定，公司对其以“2N”的标准进行离职补偿，补偿总金额30万余元。但拿到这笔补偿金的9个月后，某天早上7点还在睡梦中的李洪元被广东省深圳市公安机关刑拘、逮捕，最终在251天后被深圳市龙岗区检察院决定不起诉而重获人身自由。李洪元妻子表示，暂时还没有考虑到是否会起诉华为，“这都是未来长远的事情了，暂时还没有考虑到这点。我们还是希望有个道歉。”O华为离职员工自述被拘251天疑案，暂未考虑是否起诉华为 收起全文d\n", "author": "澎湃新闻", "time": "澎湃新闻2019年12月02日20:54 来自微博weibo.com", "transmit": " 转发 358", "comment": "评论 863", "zan": " 4454"}, {"text": "\n                    【#华为回应前员工李洪元事件# ：#华为支持李洪元运用法律武器维权#】华为前员工李洪元离职后被起诉敲诈勒索，羁押251天后，因犯罪事实不清、证据不足释放。对此，华为今天作出回应：华为有权利，也有义务，并基于事实对于涉嫌违法的行为向司法机关举报。我们尊重司法机关，包括公安、检察院和法院的决 ​  展开全文c \n                    【#华为回应前员工李洪元事件# ：#华为支持李洪元运用法律武器维权#】华为前员工李洪元离职后被起诉敲诈勒索，羁押251天后，因犯罪事实不清、证据不足释放。对此，华为今天作出回应：华为有权利，也有义务，并基于事实对于涉嫌违法的行为向司法机关举报。我们尊重司法机关，包括公安、检察院和法院的决定。如果李洪元认为他的权益受到了损害，我们支持他运用法律武器维护自己的权益，包括起诉华为。这也体现了法律面前人人平等的法治精神。（央视）O华为回应：支持李洪元运用法律武器维护自己的权益 收起全文d\n", "author": "新浪财经", "time": "新浪财经2019年12月02日21:33 来自微博weibo.com", "transmit": " 转发 2958", "comment": "评论 1931", "zan": " 73893"}, {"text": "\n                    #华为前员工#【对话华为被拘251天前员工：并非主动曝光，希望和华为沟通】一笔30万元的离职赔偿款反成“敲诈勒索金”，华为前员工李洪元遭到251天拘留一事正在持续发酵。11月28日，有自媒体曝光了一份《刑事赔偿决定书》，将华为与一位前员工的陈年纠葛展现在了公众面前。李洪元于2005年入职华为，20 ​  展开全文c \n                    #华为前员工#【对话华为被拘251天前员工：并非主动曝光，希望和华为沟通】一笔30万元的离职赔偿款反成“敲诈勒索金”，华为前员工李洪元遭到251天拘留一事正在持续发酵。11月28日，有自媒体曝光了一份《刑事赔偿决定书》，将华为与一位前员工的陈年纠葛展现在了公众面前。李洪元于2005年入职华为，2018年1月离职。因离职补偿金额与公司意见不一，双方经商谈同意给李洪元补发331576.73元离职补偿。2018年3月，李洪元过去所在部门的秘书，通过私人账户向其转款304742.98元（税后金额，交易摘要为“离职金额补偿”）。但在2018年12月16日，李洪元却因涉嫌敲诈勒索罪被深圳市公安局刑事拘留，并于2019年1月22日被逮捕。但最终因“犯罪事实不清、证据不足”，于2019年8月23日被释放，总共被羁押了251天。此事一经曝光，便收获了外界无数的关注。大家怀疑李洪元是否因为要求离职补偿而被当初所在部门恶意构陷。11月30日，李洪元在华为心声社区上发了一个帖子，名为《给任总的一封公开信》。其中写道：“今天网络上的舆情汹汹并不是我本意，我的确会向公司讨要说法，但绝不期望是以这种方式。”12月1日下午，这位遭到拘留的当事人李洪元在采访中表示，事件不是他主动曝光。“8月被释放，但拿到国家赔偿是在上周三。网上被曝光的是《刑事赔偿决定书》，那是上周才有的文件。拿到赔偿后，我挺开心的，就把这份决定书分享到了华为离职员工维权群里，期望有人能帮忙发到华为心声内网，以恢复名誉。结果不知道是谁发到外面去了，我自己也非常着急。”截至发稿前，华为官方对此事暂无回应。O对话华为被拘251天前员工：并非主动曝光，希望和华为沟通 收起全文d\n", "author": "凤凰网财经", "time": "凤凰网财经2019年12月02日10:25", "transmit": " 转发 122", "comment": "评论 250", "zan": " 1706"}, {"text": "\n                    被轻而易举地以“敲诈勒索”的罪名羁押251天，这才是华为李洪元事件最可怕的点。此问题，比劳资纠纷中政府的角色和华为的公司操守如何这两个问题重要得多。你可以一辈子不跟华为打交道，也可在劳资纠纷中不较真，但你有没办法确保自己不会在某一天被人诬告扔进看守所待上大半年，即使根本没做违法的事 ​  展开全文c \n                    被轻而易举地以“敲诈勒索”的罪名羁押251天，这才是华为李洪元事件最可怕的点。此问题，比劳资纠纷中政府的角色和华为的公司操守如何这两个问题重要得多。你可以一辈子不跟华为打交道，也可在劳资纠纷中不较真，但你有没办法确保自己不会在某一天被人诬告扔进看守所待上大半年，即使根本没做违法的事？ （山石） 收起全文d\n", "author": "财小僧", "time": "财小僧2019年12月02日14:17", "transmit": " 转发 150", "comment": "评论 135", "zan": " 593"}, {"text": "\n                    #华为被拘前员工希望华为道歉#【离职补偿变敲诈勒索遭错抓的华为前员工：希望华为向自己道歉】华为前员工李洪元2018年12月16日离职期间，华为公司部门主管报案称其敲诈勒索，深圳市公安局介入将其刑拘。251天后，深圳市龙岗区人民检察院认为，犯罪事实不清、证据不足，不符合起诉条件，决定对李洪元不 ​  展开全文c \n                    #华为被拘前员工希望华为道歉#【离职补偿变敲诈勒索遭错抓的华为前员工：希望华为向自己道歉】华为前员工李洪元2018年12月16日离职期间，华为公司部门主管报案称其敲诈勒索，深圳市公安局介入将其刑拘。251天后，深圳市龙岗区人民检察院认为，犯罪事实不清、证据不足，不符合起诉条件，决定对李洪元不起诉，李洪元得以重获自由。12月1日，李洪元告诉澎湃新闻，目前人在深圳，最大的诉求是希望华为跟自己道歉。李洪元表示，从被释放到现在，自始至终华为都没有任何消息，“（华为）能不能坐下来当面和我好好沟通，见我一面？”12月1日，华为官方客服工作人员告诉澎湃新闻，相关信息需核实之后进一步告知，目前已将网络舆情反映至相关部门。#华为前员工# （澎湃新闻）#华为前员工被拘251天##华为员工索要离职补偿被拘留##李洪元# “华为前员工”事件，你怎么看法？ 收起全文d\n", "author": "沈阳晚报", "time": "沈阳晚报2019年12月02日15:56 来自HUAWEIMate30Pro5G", "transmit": " 转发 215", "comment": "评论 1743", "zan": " 46905"}, {"text": "\n                    【离职补偿30万变敲诈勒索，被刑拘251天无罪释放：#华为被拘前员工希望华为道歉#】一笔30万元的离职赔偿款反成“敲诈勒索金”，#华为前员工#李洪元遭到251天拘留一事正在持续发酵。李洪元于2005年入职华为，2018年1月离职。因离职补偿金额与公司意见不一，双方经商谈同意给李洪元补发331576.73元离 ​  展开全文c \n                    【离职补偿30万变敲诈勒索，被刑拘251天无罪释放：#华为被拘前员工希望华为道歉#】一笔30万元的离职赔偿款反成“敲诈勒索金”，#华为前员工#李洪元遭到251天拘留一事正在持续发酵。李洪元于2005年入职华为，2018年1月离职。因离职补偿金额与公司意见不一，双方经商谈同意给李洪元补发331576.73元离职补偿。2018年3月，李洪元过去所在部门的秘书，通过私人账户向其转款304742.98元（税后金额，交易摘要为“离职金额补偿”）。但在2018年12月16日，华为公司部门主管报案称其敲诈勒索，深圳市公安局介入将其刑拘，并于2019年1月22日被逮捕。但最终因“犯罪事实不清、证据不足”，于2019年8月23日被释放，总共被羁押了251天。李洪元表示：在我被关押的251天我母亲一个礼拜之内瘦了6斤，我爷爷在这期间去世了，我觉得这件事情对他也有刺激吧，没能见他最后一面很遗憾。12月1日，李洪元告诉说，他目前人在深圳，最大的诉求是希望华为跟自己道歉。李洪元表示，从被释放到现在，自始至终华为都没有任何消息，“（华为）能不能坐下来当面和我好好沟通，见我一面？”12月1日，华为官方客服工作人员说相关信息需核实之后进一步告知，目前已将网络舆情反映至相关部门。（澎湃新闻） 收起全文d\n", "author": "创业邦杂志", "time": "创业邦杂志2019年12月02日16:53", "transmit": " 转发 27", "comment": "评论 42", "zan": " 207"}, {"text": "\n                    【#华为前员工回应超标索赔质疑#：30万加上N+1正好是2N】日前，华为前员工李洪元因索要离职补偿被羁押251天，引发舆论热议。有人质疑已经N+1为何还要索赔，李洪元回应称，华为确有给过N+1补偿，但他要的是2N ，30万是2N差额部分。他称自己的诉求就是沟通，比如赔礼道歉等，希望尽快面谈。 ​  展开全文c \n                    【#华为前员工回应超标索赔质疑#：30万加上N+1正好是2N】日前，华为前员工李洪元因索要离职补偿被羁押251天，引发舆论热议。有人质疑已经N+1为何还要索赔，李洪元回应称，华为确有给过N+1补偿，但他要的是2N ，30万是2N差额部分。他称自己的诉求就是沟通，比如赔礼道歉等，希望尽快面谈。L时间视频的秒拍视频 收起全文d\n", "author": "头条新闻", "time": "头条新闻2019年12月02日21:27 来自社会热点·视频社区", "transmit": " 转发 465", "comment": "评论 723", "zan": " 2545"}, {"text": "\n                    #华为前员工# 【华为前员工被羁押251天！华为已开会讨论，当事人：已买票准备回老家】一笔30万元的离职赔偿款反成“敲诈勒索金”，华为前员工李洪元遭到251天拘留一事正在持续发酵。据媒体联系当事人李洪元，当事人李洪元表示，最近各种各样的声音，搞得我有点晕。目前这件事还很热，想暂时冷一冷。现 ​  展开全文c \n                    #华为前员工# 【华为前员工被羁押251天！华为已开会讨论，当事人：已买票准备回老家】一笔30万元的离职赔偿款反成“敲诈勒索金”，华为前员工李洪元遭到251天拘留一事正在持续发酵。据媒体联系当事人李洪元，当事人李洪元表示，最近各种各样的声音，搞得我有点晕。目前这件事还很热，想暂时冷一冷。现在心情很不好，想休整一下。媒体从接近李洪元的知情人士处获悉，自媒体对事件进行报道和采访以来，他压力非常大，尤其是关于希望能够对话任正非的诉求，受到来自许多舆论的质疑，本人压力过大已买票准备回老家休息调整。O华为前员工被羁押251天！华为已开会讨论，当事人：已买票准备回老家 收起全文d\n", "author": "凤凰网财经", "time": "凤凰网财经2019年12月02日17:45 来自专业版微博", "transmit": " 转发 89", "comment": "评论 338", "zan": " 1601"}, {"text": "\n                    【#离职员工李洪元回应华为声明#：“大家看看先，我听全国人民的”】围绕华为前员工李洪元因离职赔偿金问题遭遇251天拘留一事的舆论持续发酵。“大家看看先，我听全国人民的。”2日晚，在看到华为官方的正式回应后，李洪元如是说。李洪元妻子则表示，暂时还没有考虑到是否会起诉华为，但还是希望有个道 ​  展开全文c \n                    【#离职员工李洪元回应华为声明#：“大家看看先，我听全国人民的”】围绕华为前员工李洪元因离职赔偿金问题遭遇251天拘留一事的舆论持续发酵。“大家看看先，我听全国人民的。”2日晚，在看到华为官方的正式回应后，李洪元如是说。李洪元妻子则表示，暂时还没有考虑到是否会起诉华为，但还是希望有个道歉。O离职员工李洪元回应华为声明：“大家看看先，我听全国人民的” 收起全文d\n", "author": "财经网", "time": "财经网2019年12月02日23:39 来自微博weibo.com", "transmit": " 转发 338", "comment": "评论 1304", "zan": " 9911"}, {"text": "\n                    #华为前员工#【评论丨#华为251事件#：应调查是否存在报假案、作伪证和诬告陷害】公众担心和不解的可能是，一次正常的人事变动、离职解约，为什么会升级成为一次刑事追究？在职期间曾有内部举报举动的李洪元，是否因此被当初所在部门恶意构陷？普通的人事离职，有能力、有意识保存证据难道要成为个人自 ​  展开全文c \n                    #华为前员工#【评论丨#华为251事件#：应调查是否存在报假案、作伪证和诬告陷害】公众担心和不解的可能是，一次正常的人事变动、离职解约，为什么会升级成为一次刑事追究？在职期间曾有内部举报举动的李洪元，是否因此被当初所在部门恶意构陷？普通的人事离职，有能力、有意识保存证据难道要成为个人自保的必备技能？从可能的报假案到做伪证、诬告陷害，涉事企业及其相关责任人不能一直沉默以对，必须给公众一个交待，这是企业的基本社会责任与自觉。而国家机关对此亦须继续调查，追究相关人员的法律责任，给出必要的惩罚。O评论丨华为“251事件”：应调查是否存在报假案、作伪证和诬告陷害 收起全文d\n", "author": "21世纪经济报道", "time": "21世纪经济报道2019年12月02日13:53 来自专业版微博", "transmit": " 转发 121", "comment": "评论 80", "zan": " 278"}]