[{"text": "\n                    跟大家分享一个华为这次事件的瓜：    有博主表示在华为李洪元251事件之后他经历了三件事情：【一】立刻有境外媒体联系他，希望他能够做一个华为做过什么恶的名单，然后……【二】他有一个朋友是国内某大型网站的编辑，在这件事情发生之后，他们网站发现，在某一个时间点，有大量新号注册，以重复的 ​  展开全文c \n                    跟大家分享一个华为这次事件的瓜：    有博主表示在华为李洪元251事件之后他经历了三件事情：【一】立刻有境外媒体联系他，希望他能够做一个华为做过什么恶的名单，然后……【二】他有一个朋友是国内某大型网站的编辑，在这件事情发生之后，他们网站发现，在某一个时间点，有大量新号注册，以重复的相似的文案在各个新闻下面刷251以及华为的负面……【三】知乎上有人故意带节奏，并且很严重……    详细的大家可以去找一下这个视频看，我不发表过多的言论，大家理性吃瓜就行#华为研发中心将从美国迁至加拿大# 收起全文d\n", "author": "长安数码君", "time": "长安数码君2019年12月03日19:52 来自荣耀V30PRO5G", "transmit": " 转发 302", "comment": "评论 974", "zan": " 4890"}, {"text": "\n                    【华为前员工被拘251天风波 你支持事件中哪一方？】在华为工作13年的华为前员工李洪元因索要离职补偿，遭华为指控敲诈勒索，被羁押251天。最终因“犯罪事实不清、证据不足”被释放。这个事件，你支持其中哪一方？#华为前员工# #李洪元回应华为声明# #华为回应李洪元事件# 华为前员工被拘风波，你支持哪一方？  ​  展开全文c \n                    【华为前员工被拘251天风波 你支持事件中哪一方？】在华为工作13年的华为前员工李洪元因索要离职补偿，遭华为指控敲诈勒索，被羁押251天。最终因“犯罪事实不清、证据不足”被释放。这个事件，你支持其中哪一方？#华为前员工# #李洪元回应华为声明# #华为回应李洪元事件# 华为前员工被拘风波，你支持哪一方？ O华为前员工因离职赔偿遭251天拘留 收起全文d\n", "author": "凤凰网", "time": "凤凰网2019年12月03日10:29 来自微博weibo.com", "transmit": " 转发 354", "comment": "评论 1891", "zan": " 54593"}, {"text": "\n                    #李洪元让大家冷静冷静#【#李洪元回应华为声明#：大家看看先，我听全国人民的】“大家看看先，我听全国人民的。”12月2日晚间，在看到华为官方的正式回应后，华为前员工李洪元对第一财经记者如是说。在当天傍晚，面对网络上的发酵，李洪元曾对记者说：“冷静冷静吧。”O李洪元回应华为声明：大家看看先，我听全国人民的    ​  展开全文c \n                    #李洪元让大家冷静冷静#【#李洪元回应华为声明#：大家看看先，我听全国人民的】“大家看看先，我听全国人民的。”12月2日晚间，在看到华为官方的正式回应后，华为前员工李洪元对第一财经记者如是说。在当天傍晚，面对网络上的发酵，李洪元曾对记者说：“冷静冷静吧。”O李洪元回应华为声明：大家看看先，我听全国人民的   #华为前员工##华为前员工被拘251天##华为回应前员工被拘251天# #华为支持李洪元运用法律武器维权# 华为前员工事件，你有什么看法？ 收起全文d\n", "author": "沈阳晚报", "time": "沈阳晚报2019年12月03日08:37 来自HUAWEIMate30Pro5G", "transmit": " 转发 66", "comment": "评论 973", "zan": " 17951"}, {"text": "\n                    【投票:你认为华为251事件会以什么样的方式收场？】华为12月2日晚做出正式回应：“如果李洪元认为他的权益受到了损害，#华为支持李洪元运用法律武器维权#，包括起诉华为。”#李洪元回应华为声明#：“大家看看先，我听全国人民的。” 你认为华为251事件会以什么样的方式收场？ ​                ", "author": "深蓝财经", "time": "深蓝财经2019年12月03日09:06 来自vivoX23全息幻彩", "transmit": " 转发 85", "comment": "评论 258", "zan": " 12352"}, {"text": "\n                    【华为前员工李洪元离开深圳：几千人的律师团队做出的回应，很可怕的！】12月2日晚间，华为正式回应前员工李洪元被拘251天。12月3日中午，李洪元乘车离开深圳，“几千人的律师团队做出这个回应，很可怕的”，李洪元在车站称担心自己的安全，“要逃离深圳”，其他“不愿多聊”。此前，在华为工作1 ​  展开全文c \n                    【华为前员工李洪元离开深圳：几千人的律师团队做出的回应，很可怕的！】12月2日晚间，华为正式回应前员工李洪元被拘251天。12月3日中午，李洪元乘车离开深圳，“几千人的律师团队做出这个回应，很可怕的”，李洪元在车站称担心自己的安全，“要逃离深圳”，其他“不愿多聊”。此前，在华为工作12年的李洪元因离职赔偿金问题，被举报敲诈勒索，遭羁押251天，最后因证据不足被检察院决定不起诉而获得人身自由。@一手video L一手video的秒拍视频 收起全文d\n", "author": "新浪视频", "time": "新浪视频2019年12月03日20:48 来自社会热点·视频社区", "transmit": " 转发 211", "comment": "评论 868", "zan": " 2974"}, {"text": "\n                    【华为119字回应李洪元被羁押251天：# 华为支持李洪元运用法律武器维权# 包括起诉我！李洪元也发话了】华为前员工李洪元离职后被起诉敲诈勒索，羁押251天后，因犯罪事实不清、证据不足释放。近日，李洪元接受多家媒体采访并表达了个人诉求。       对此，华为于12月2日晚间作出回应：华为有权利，也有 ​  展开全文c \n                    【华为119字回应李洪元被羁押251天：# 华为支持李洪元运用法律武器维权# 包括起诉我！李洪元也发话了】华为前员工李洪元离职后被起诉敲诈勒索，羁押251天后，因犯罪事实不清、证据不足释放。近日，李洪元接受多家媒体采访并表达了个人诉求。       对此，华为于12月2日晚间作出回应：华为有权利，也有义务，并基于事实对于涉嫌违法的行为向司法机关举报。我们尊重司法机关，包括公安、检察院和法院的决定。如果李洪元认为他的权益受到了损害，我们支持他运用法律武器维护自己的权益，包括起诉华为。这也体现了法律面前人人平等的法治精神。       据第一财经，12月2日晚间，在看到华为官方的正式回应后，华为前员工李洪元表示：“大家看看先，我听全国人民的。”O华为119字回应李洪元被羁押251天：支持你法律维权，包括起诉我！李洪元也发话了 O华为119字回应李洪元被羁押251天：支持你法律维权！李洪元也发话了 收起全文d\n", "author": "每日经济新闻", "time": "每日经济新闻2019年12月03日06:14 来自微博weibo.com", "transmit": " 转发 89", "comment": "评论 152", "zan": " 353"}, {"text": "\n                    【#华为回应李洪元被羁押251天#：#华为支持李洪元运用法律武器维权#】12月2日，华为称：公司有权利，也有义务，基于事实对于涉嫌违法的行为向司法机关举报；如果李洪元认为他的权益受到损害，华为支持他运用法律武器维护自己的权益，包括起诉华为。李洪元曾在华为工作12年，离职后，他所在部门向其转款 ​  展开全文c \n                    【#华为回应李洪元被羁押251天#：#华为支持李洪元运用法律武器维权#】12月2日，华为称：公司有权利，也有义务，基于事实对于涉嫌违法的行为向司法机关举报；如果李洪元认为他的权益受到损害，华为支持他运用法律武器维护自己的权益，包括起诉华为。李洪元曾在华为工作12年，离职后，他所在部门向其转款30余万元作为离职赔偿金。随后李洪元被起诉敲诈勒索，羁押251天后，因犯罪事实不清、证据不足被释放。L新京报我们视频的秒拍视频 收起全文d\n", "author": "新京报我们视频", "time": "新京报我们视频2019年12月03日09:06 来自奇闻轶事·视频社区", "transmit": " 转发 56", "comment": "评论 291", "zan": " 1518"}, {"text": "\n                    【华为前员工李洪元离开深圳：几千人的律师团队做出的回应，很可怕的！】12月2日晚间，华为正式回应前员工李洪元被拘251天。12月3日中午，李洪元乘车离开深圳，“几千人的律师团队做出这个回应，很可怕的”，李洪元在车站称担心自己的安全，“要逃离深圳”，其他“不愿多聊”。此前，在华为工作1 ​  展开全文c \n                    【华为前员工李洪元离开深圳：几千人的律师团队做出的回应，很可怕的！】12月2日晚间，华为正式回应前员工李洪元被拘251天。12月3日中午，李洪元乘车离开深圳，“几千人的律师团队做出这个回应，很可怕的”，李洪元在车站称担心自己的安全，“要逃离深圳”，其他“不愿多聊”。此前，在华为工作12年的李洪元因离职赔偿金问题，被举报敲诈勒索，遭羁押251天，最后因证据不足被检察院决定不起诉而获得人身自由。L一手video的秒拍视频 收起全文d\n", "author": "中国经济网", "time": "中国经济网2019年12月03日22:23 来自社会热点·视频社区", "transmit": " 转发 412", "comment": "评论 2256", "zan": " 8931"}, {"text": "\n                    进去251天，这个胖子瘦了30斤。 O兽爷丨大象踩了他一脚 ​                ", "author": "兽爷", "time": "兽爷2019年12月03日23:36 来自微博weibo.com", "transmit": " 转发 2076", "comment": "评论 669", "zan": " 8413"}, {"text": "\n华为报警处理纠纷，错在哪了？依法报警，这恰恰是我们倡导的法治精神呀？如果说，连报警都是错的，那么媒体的法治精神在哪里？如此口诛笔伐，恐怕不是为了什么正义吧！华为遇到问题，报警处理，这不是问题，这也是正常的处理问题方法，依法处理，走法律途径，这也是中国法治社会的必然要求，每个单 ​  展开全文c \n华为报警处理纠纷，错在哪了？依法报警，这恰恰是我们倡导的法治精神呀？如果说，连报警都是错的，那么媒体的法治精神在哪里？如此口诛笔伐，恐怕不是为了什么正义吧！华为遇到问题，报警处理，这不是问题，这也是正常的处理问题方法，依法处理，走法律途径，这也是中国法治社会的必然要求，每个单位，每个个人，每个媒体，都要有这种理念，不要无知无畏做法盲。像华为补偿纠纷，就三个方法：第一，协商，双方讨价还价，达成一致，这是最理想的结果。第二，诉讼，李某如果不服，而华为不增加补偿，那么最佳做法是，李某当原告，华为当被告，让法院来裁决。第三，现在问题是，双方协商不成，李某又不去起诉，还总找华为沟通，作为华为怎么办？只能报警，这是没有问题的。如果华为作伪证，那么可以追究华为的法律责任，这是另外一个话题，也需要证据，如果华为仅仅是根据事实，依法报警，那么华为的责任在哪？我是一点都看不出来，而且我认为华为做的是对的。对于涉嫌违法行为，就应该报警，这也是公民法人该尽的义务。至于251天问题，这不是华为造成的，是执法层面的问题，是公安局和检察院的办案问题，所以国家赔偿也跟华为无关，公安局检察院又不是华为的保卫处，这点道理澎湃还不明白吗？所以，澎湃新闻的评论纯属法盲＋无赖，无知＋无耻。碰瓷华为，澎湃第一！#以案说法##必知法律常识##微博法律大讲堂##华为前员工被拘251天##华为回应前员工被拘251天##华为回应前员工李洪元被拘251天# 收起全文d\n", "author": "韩东言", "time": "韩东言2019年12月03日13:09 来自HUAWEIMate20X", "transmit": " 转发 331", "comment": "评论 2415", "zan": " 8026"}, {"text": "\n251李洪元案，从周末高能熔断微博话题，到周一粗陋声明，再到周二华为前公关十答，要从舆论上“再次把李洪元抓起来”，今晚终于迎来兽爷继“疫苗之王”后再次出手的10万+大象。华为的傲慢，错误的危机应对，任正非不能再坐视不管，得把法务公关管起来。周末，华为超级高能全网删帖，这也是短时间危机 ​  展开全文c \n251李洪元案，从周末高能熔断微博话题，到周一粗陋声明，再到周二华为前公关十答，要从舆论上“再次把李洪元抓起来”，今晚终于迎来兽爷继“疫苗之王”后再次出手的10万+大象。华为的傲慢，错误的危机应对，任正非不能再坐视不管，得把法务公关管起来。周末，华为超级高能全网删帖，这也是短时间危机应对的良策。但华为公关周日倦怠，错估了舆情周六一夜间早已升级为海啸级别，熔断是对付央媒最好的最高级的办法，但在蚂蚁般汹涌般的民意前，简陋的声明几乎是火上浇油。兽爷，在长春长生疫苗事件中，起到了突破内参，突破圈层的特殊作用，避免了一起属地责任事故和舆论危机迟滞处置，差点导致无辜领导成了背锅侠。这次，@兽爷 出手，面对法院已定性李洪元无罪，并将给予国家赔偿并将恢复名誉，而华为前公关再次定罪，兽爷果断出手帮助了这个比250还多1个脑袋的小人物，功德无量，靠的是扎实的录音采访，靠的不是评论，靠的是【事实，报道，舆论】中对事实链条的再次精准呈现，这几乎是新闻在重大事件中唯一的不可摧毁的力量。#华为前员工被拘251天# #华为被拘前员工希望华为道歉# #李洪元回应华为声明#O兽爷丨大象踩了他一脚 收起全文d\n", "author": "凯雷", "time": "凯雷2019年12月03日23:01", "transmit": " 转发 549", "comment": "评论 979", "zan": " 4149"}, {"text": "\n                    【#李洪元妻子回应华为声明#：大公司作风，已经见怪不怪】华为前员工李洪元被指敲诈勒索遭拘留251天。12月2日，华为回应，华为有权向司法机关举报涉嫌违法行为，支持李洪元用法律武器维权，包括起诉华为。李洪元妻子认为，回应内容属大公司作风，见怪不怪，先冷静下来再考虑该怎么办。@一手Video  ​  展开全文c \n                    【#李洪元妻子回应华为声明#：大公司作风，已经见怪不怪】华为前员工李洪元被指敲诈勒索遭拘留251天。12月2日，华为回应，华为有权向司法机关举报涉嫌违法行为，支持李洪元用法律武器维权，包括起诉华为。李洪元妻子认为，回应内容属大公司作风，见怪不怪，先冷静下来再考虑该怎么办。@一手Video L一手video的秒拍视频 收起全文d\n", "author": "梨视频", "time": "梨视频2019年12月03日13:46 来自微博weibo.com", "transmit": " 转发 214", "comment": "评论 2746", "zan": " 10198"}, {"text": "\n                    【#华为前员工李洪元离开深圳#：几千人的律师团队做出的回应，很可怕的！】12月2日晚间，华为正式回应前员工李洪元被拘251天。12月3日中午，李洪元乘车离开深圳，“几千人的律师团队做出这个回应，很可怕的”，李洪元在车站称担心自己的安全，“要逃离深圳”，其他“不愿多聊”。此前，在华为工 ​  展开全文c \n                    【#华为前员工李洪元离开深圳#：几千人的律师团队做出的回应，很可怕的！】12月2日晚间，华为正式回应前员工李洪元被拘251天。12月3日中午，李洪元乘车离开深圳，“几千人的律师团队做出这个回应，很可怕的”，李洪元在车站称担心自己的安全，“要逃离深圳”，其他“不愿多聊”。此前，在华为工作12年的李洪元因离职赔偿金问题，被举报敲诈勒索，遭羁押251天，最后因证据不足被检察院决定不起诉而获得人身自由。@一手video L一手video的秒拍视频 收起全文d\n", "author": "梨视频", "time": "梨视频2019年12月03日20:43 来自社会热点·视频社区", "transmit": " 转发 113", "comment": "评论 912", "zan": " 3915"}, {"text": "\n                    【澎湃新闻批华为拒不道歉：再大的道德光环 也不能侵蚀公民尊严和人身自由】针对华为离职员工李洪元被拘251天事件，澎湃新闻昨晚发表名为《拒不道歉的华为：没有同理心，让人害怕》的评论，称华为“没有道歉，不屑解释，不想沟通”，并提醒华为“再大的企业，也是由一个个劳动者组成的；再大的道德光环 ​  展开全文c \n                    【澎湃新闻批华为拒不道歉：再大的道德光环 也不能侵蚀公民尊严和人身自由】针对华为离职员工李洪元被拘251天事件，澎湃新闻昨晚发表名为《拒不道歉的华为：没有同理心，让人害怕》的评论，称华为“没有道歉，不屑解释，不想沟通”，并提醒华为“再大的企业，也是由一个个劳动者组成的；再大的道德光环，也不能侵蚀一个公民的尊严和人身自由。”       针对华为离职员工李洪元被拘251天事件，澎湃新闻昨晚发表名为《拒不道歉的华为：没有同理心，让人害怕》的评论，称华为“没有道歉，不屑解释，不想沟通”，并提醒华为“再大的企业，也是由一个个劳动者组成的；再大的道德光环，也不能侵蚀一个公民的尊严和人身自由。”#李洪元回应华为声明# #暴风集团称公司仅剩10余人# 收起全文d\n", "author": "中国评论通讯社", "time": "中国评论通讯社2019年12月03日11:00 来自专业版微博", "transmit": " 转发 53", "comment": "评论 552", "zan": " 1548"}, {"text": "\n                    【#华为前员工李洪元离开深圳#：几千人律师团队做出的回应，很可怕的！】12月2日晚间，华为正式回应前员工李洪元被拘251天。12月3日中午，李洪元乘车离开深圳，李洪元称担心自己的安全，要逃离深圳，其他“不愿多聊”。 此前，李洪元因离职赔偿金问题，被举报敲诈勒索，最后因证据不足被检察院决定不起 ​  展开全文c \n                    【#华为前员工李洪元离开深圳#：几千人律师团队做出的回应，很可怕的！】12月2日晚间，华为正式回应前员工李洪元被拘251天。12月3日中午，李洪元乘车离开深圳，李洪元称担心自己的安全，要逃离深圳，其他“不愿多聊”。 此前，李洪元因离职赔偿金问题，被举报敲诈勒索，最后因证据不足被检察院决定不起诉而获得人身自由。L一手video的秒拍视频 收起全文d\n", "author": "新浪科技", "time": "新浪科技2019年12月03日23:07 来自社会热点·视频社区", "transmit": " 转发 136", "comment": "评论 1473", "zan": " 5028"}, {"text": "\n                    关于#华为前员工被拘251天# ，下面两张截图应该是还原了真相！李某绩效差不续约，公司给了N+1，李通过把柄（业绩造假）逼主管违规给了2N，李还特意在有利的时间录了音。然后HR员工投诉，公司审计、主管说真相、法务部门报警。然后警方调查刑拘、检察院批捕。可是主管没有录音啊，也没有留下其他证据 ​  展开全文c \n                    关于#华为前员工被拘251天# ，下面两张截图应该是还原了真相！李某绩效差不续约，公司给了N+1，李通过把柄（业绩造假）逼主管违规给了2N，李还特意在有利的时间录了音。然后HR员工投诉，公司审计、主管说真相、法务部门报警。然后警方调查刑拘、检察院批捕。可是主管没有录音啊，也没有留下其他证据，最后证据不充分而不起诉。然后赔偿，然后李某炒作。最后，形成了针对华为的非常系统、集中的攻击。这些攻击还明显偏离了案件，变成针对华为了，恨不得华为马上死掉。而所有质疑的都被攻击为给华为洗地。这些攻击，还提前封闭了法律途径，让华为无论怎么做，都是以大欺小。这时，已经不是李某的炒作了，李某变成了一个被利用的工具。可惜李某至今没有意识到。可笑的是，李某居然要求华为的老总任正非亲自找他道歉这不仅仅是把自己太当根葱了，而是想进一步通过炒作获利。我还是原来的判断，在美国意欲举国之力灭掉华为及中美贸易战关键节点时，突然出现怎么有组织和大规模的对华为的攻击，非同寻常。再想想刚刚突然发生的对中国高铁的集中攻击、抹黑，你能感觉出来什么吗？#华为支持李洪元运用法律武器维权##华为是否存在诬告行为##刑法学##刑法案例# 收起全文d\n", "author": "7维视角", "time": "7维视角2019年12月03日17:29 来自HUAWEIMate20X", "transmit": " 转发 262", "comment": "评论 966", "zan": " 1621"}, {"text": "\n                    结合这两天的信息，我觉得华为李洪元251天的事件至少反转了一半，司法机关落槌的就不必多论。但从目前看信息：1，李洪元回复不够刚，因为从他录音来看，他有步步为营的，不可能在251天重获自由，还有滔天民意支持下还是这样的回复，不符合正常人思维。2，华为够刚，我认为一个每年有2000+发明专利的 ​  展开全文c \n                    结合这两天的信息，我觉得华为李洪元251天的事件至少反转了一半，司法机关落槌的就不必多论。但从目前看信息：1，李洪元回复不够刚，因为从他录音来看，他有步步为营的，不可能在251天重获自由，还有滔天民意支持下还是这样的回复，不符合正常人思维。2，华为够刚，我认为一个每年有2000+发明专利的公司，是绝对尊重法律的，华为在深思调查后一天还做出如此硬钢的回复，这里肯定是有底气，而有没有违法，关押多少是司法部门的事情。3，从理性考虑，还有相关资讯来看，李洪元是已经拿了公司的N+1，后面以举报要挟部门领导拿到了另外的N，就是他要求的2N。但这个未经证实，却符合常理。4，关于羁押时限，司法问题不好讨论，非专攻，但251天确实是悲剧。5，结论，之前就说了这个瓜不好吃，我现在也没有盲目义愤填膺，也没有因为251天对华为嗤之以鼻。最重要的是希望每一次标志性的社会事件都可以促进我们国家的社会发展和法制进步了。 收起全文d\n", "author": "初牛杂谈", "time": "初牛杂谈2019年12月03日20:59 来自微博weibo.com", "transmit": " 转发 27", "comment": "评论 340", "zan": " 921"}, {"text": "\n                    #网传公开信非出自李洪元之手#【华为前员工李洪元：网传公开信非出自本人，事情“有些失控”】华为前员工李洪元因离职赔偿金问题遭遇251天拘留一事备受舆论关注。12月2日，李洪元的代理律师、广东意本律师事务所律师谢连喜向澎湃新闻发来一份《声明》，《声明》中提及，经与李洪元沟通得知，目前网络流 ​  展开全文c \n                    #网传公开信非出自李洪元之手#【华为前员工李洪元：网传公开信非出自本人，事情“有些失控”】华为前员工李洪元因离职赔偿金问题遭遇251天拘留一事备受舆论关注。12月2日，李洪元的代理律师、广东意本律师事务所律师谢连喜向澎湃新闻发来一份《声明》，《声明》中提及，经与李洪元沟通得知，目前网络流传的所谓的李洪元“写给任正非的一封信”并非出自李洪元之手，其出处难以考证。12月2日晚上，李洪元本人向澎湃新闻表示，该份“公开信”是拼凑而成，未经本人同意公开发表到互联网上，目前已经对个人生活造成影响，当初的想法“只是与公司和解”。 李洪元告还表示,目前舆论压力较大，自己“心情很不好”。李洪元称，自多家媒体跟进报道之后，“有些失控”，下一步的计划想回老家。#李洪元回应华为声明#O华为前员工李洪元：网传公开信非出自本人，事情“有些失控” 收起全文d\n", "author": "澎湃新闻", "time": "澎湃新闻2019年12月03日11:37 来自微博weibo.com", "transmit": " 转发 309", "comment": "评论 1560", "zan": " 6640"}, {"text": "\n李洪元律师发表声明：①李洪元确实属于法定无罪；②本案的发生并非华为公司的意志；③请大家保持理性，让李洪元远离舆论洪流；④“写给任正非的一封信”不是李洪元写的。#华为前员工被拘251天##华为支持李洪元运用法律武器维权# ​​​                ", "author": "军武季", "time": "军武季2019年12月03日08:17 来自阿季专享版Android", "transmit": " 转发 73", "comment": "评论 99", "zan": " 432"}, {"text": "\n                    【马上评｜拒不道歉的华为：没有同理心，让人害怕】“你告去啊！”大概可以用这4个字，来概括公众等了整整一天的、华为对李洪元案的回应：没有道歉，不屑解释，不想沟通，实力掉粉，居高临下。的确，关押了李洪元251天的，是深圳司法机关。但是，深圳市司法机关已经通过国家赔偿的形式“认错”了。路上 ​  展开全文c \n                    【马上评｜拒不道歉的华为：没有同理心，让人害怕】“你告去啊！”大概可以用这4个字，来概括公众等了整整一天的、华为对李洪元案的回应：没有道歉，不屑解释，不想沟通，实力掉粉，居高临下。的确，关押了李洪元251天的，是深圳司法机关。但是，深圳市司法机关已经通过国家赔偿的形式“认错”了。路上踩到别人一脚，还要说声对不起，因为华为的举报，导致一个公民丧失人身自由，长达251天，于情、于理就不应该说声道歉吗？要明白，华为的举报是经生效法律文书确认的“失实”的举报。以华为之大，以华为之强，可以在法律范围内，让一个员工的生活天翻地覆。但是，能力越大，责任越大；狼性之外，还当有同理心和悲悯。#华为被拘前员工希望华为道歉#O马上评｜拒不道歉的华为：没有同理心，让人害怕 收起全文d\n", "author": "澎湃新闻", "time": "澎湃新闻2019年12月03日10:52 来自360安全浏览器", "transmit": " 转发 4398", "comment": "评论 16996", "zan": " 58966"}, {"text": "\n华为回应没错，50分；危机应对不及格，可能是学法律缺人性的人主导这个阶段的危机应对，对华为杀伤力很大。相信任正非会纠错、华为会道歉。//@大国崛起V:华为回应有错吗？报案是公民的权利，关错了那是公安的事情，依法申请国家赔偿啊！与报案人何干？                \n华为李洪元251事件，【事实，报道，舆论】，第三元素的峰值发生在周末，又是一个周末，这和当初奔驰事件，疫苗事件一样，危机应对中，华为傲慢了，表现在两方面，1删帖后发现难以控评，就必须迅速升级响应，而华为未主动向上升级响应层级。2未加班预警不足，我预判周一响应，这与道德无关，这与严重性 ​  展开全文c \n华为李洪元251事件，【事实，报道，舆论】，第三元素的峰值发生在周末，又是一个周末，这和当初奔驰事件，疫苗事件一样，危机应对中，华为傲慢了，表现在两方面，1删帖后发现难以控评，就必须迅速升级响应，而华为未主动向上升级响应层级。2未加班预警不足，我预判周一响应，这与道德无关，这与严重性有关，不能彻底铲除话题本身就当警醒，但华为还是慢了，只是早上发出一个简要回应，比有些机构快了，但比危机本身慢了。      第一点是傲，第二点是慢。李洪元已经是最好对付的诉求者了，我昨天写得很清楚，他接受访问勾勒出的就是一个大厂12年白领晋职无望以举报期待明君的中年人的黄昏，我推断他的诉求相当简单，想见到华为高层，想受到任正非的接见，这已是最好的事件主角。 反观华为做什么了在这个周末，做的是舆情熔断，想的是事件应付，思考的是对外解释，这三点，我看看网上几个所谓的意见领袖，都干了。这几个意见领袖解决的不是第三元素舆情，他们三个只是舆情本身仅能做平衡使用，更遑论应对第一元素事件本身。  就像我昨天写道的，面对诉求如此简单的李洪元，华为不应再傲慢，当迅速升级响应层级，响应速度 ，不能再相信这几个意见领袖对舆情的平衡，当像任正非一样，当是任正非一样，杀伐果决，做出决策，做出响应，给出行动。         1承认事件本身，2按照法律快速执行，3切勿再指望反转做违悖法律的裁决，         3切勿延宕和再寻找或等待意见领袖的所谓攻击性的平衡。         4回到事件本身给出清晰，具体的法律说明。         5看到几个大V都说不要道歉，不要相信他们，这都无意义的，道歉只是表象，道歉的本质是大企业有担当的温情与感同身受的同理心，华为当以最快速的行动给出。 #华为员工索要离职补偿被拘留# #华为前员工被拘251天# #华为前员工# 收起全文d\n", "author": "凯雷", "time": "凯雷2019年12月02日15:00 来自360安全浏览器", "transmit": " 转发 46", "comment": "评论 171", "zan": " 234"}, {"text": "\n                    如何评价华为回应李洪元被羁押 251天：支持其运用法律武器维权？ - 回答作者：丁大龙律师 O网页链接“华为有权利，也有义务，并基于事实对于涉嫌违法的行为向司法机关举报。”这里面有个关键词“涉嫌违法“。不了解法律术语的朋友们可能不一定知道“涉嫌违法”与“涉嫌犯罪”的区别。但作 ​  展开全文c \n                    如何评价华为回应李洪元被羁押 251天：支持其运用法律武器维权？ - 回答作者：丁大龙律师 O网页链接“华为有权利，也有义务，并基于事实对于涉嫌违法的行为向司法机关举报。”这里面有个关键词“涉嫌违法“。不了解法律术语的朋友们可能不一定知道“涉嫌违法”与“涉嫌犯罪”的区别。但作为一个有着强大法律团队的公司，华为不可能不知道……#李洪元回应华为声明# 收起全文d\n", "author": "王员外", "time": "王员外2019年12月03日08:38 来自真香警告", "transmit": " 转发 40", "comment": "评论 74", "zan": " 371"}, {"text": "\n                    幸好 他们公知的银行帐号被冻结 要不然 就很麻烦                \n                                    跟大家分享一个华为这次事件的瓜：    有博主表示在华为李洪元251事件之后他经历了三件事情：【一】立刻有境外媒体联系他，希望他能够做一个华为做过什么恶的名单，然后……【二】他有一个朋友是国内某大型网站的编辑，在这件事情发生之后，他们网站发现，在某一个时间点，有大量新号注册，以重复的 ​  展开全文c \n                                    跟大家分享一个华为这次事件的瓜：    有博主表示在华为李洪元251事件之后他经历了三件事情：【一】立刻有境外媒体联系他，希望他能够做一个华为做过什么恶的名单，然后……【二】他有一个朋友是国内某大型网站的编辑，在这件事情发生之后，他们网站发现，在某一个时间点，有大量新号注册，以重复的相似的文案在各个新闻下面刷251以及华为的负面……【三】知乎上有人故意带节奏，并且很严重……    详细的大家可以去找一下这个视频看，我不发表过多的言论，大家理性吃瓜就行#华为研发中心将从美国迁至加拿大# 收起全文d\n", "author": "义勇军--鬼谷子", "time": "义勇军--鬼谷子2019年12月03日19:52 来自荣耀V30PRO5G", "transmit": " 转发 15", "comment": "评论 26", "zan": " 94"}, {"text": "\n                    【#华为回应前员工被羁押251天#：支持他维权】#华为支持李洪元运用法律武器维权#华为前员工李洪元离职后被起诉敲诈勒索，羁押251天后，因犯罪事实不清、证据不足释放。近日，李洪元接受多家媒体采访并表达了个人诉求。对此，华为12月2日作出回应：华为有权利，也有义务，并基于事实对于涉嫌违法的行为 ​  展开全文c \n                    【#华为回应前员工被羁押251天#：支持他维权】#华为支持李洪元运用法律武器维权#华为前员工李洪元离职后被起诉敲诈勒索，羁押251天后，因犯罪事实不清、证据不足释放。近日，李洪元接受多家媒体采访并表达了个人诉求。对此，华为12月2日作出回应：华为有权利，也有义务，并基于事实对于涉嫌违法的行为向司法机关举报。如果李洪元认为他的权益受到了损害，我们支持他运用法律武器维护自己的权益，包括起诉华为。 收起全文d\n", "author": "央视网", "time": "央视网2019年12月03日09:29 来自360安全浏览器", "transmit": " 转发 16", "comment": "评论 118", "zan": " 518"}, {"text": "\n李洪元251天事件整件事情复盘下来，我反水了，我开始觉得华为问题不大，问题最大的是部门HR何某东，是司法机关太过当真，是司法制度取保候审太难。1.何某整件事情都做的不对，欺上瞒下业务造假，被李洪元抓住了小辫子，此为何某之过。2.何某担心李洪元举报所以瞒天过海擅自将部门的钱私下转给李洪元 ​  展开全文c \n李洪元251天事件整件事情复盘下来，我反水了，我开始觉得华为问题不大，问题最大的是部门HR何某东，是司法机关太过当真，是司法制度取保候审太难。1.何某整件事情都做的不对，欺上瞒下业务造假，被李洪元抓住了小辫子，此为何某之过。2.何某担心李洪元举报所以瞒天过海擅自将部门的钱私下转给李洪元，此为何某之过。3.在华为公司发现部门30万费用被擅自使用后，何某谎称被勒索，公司报案，此为何某之过。4.在公安介入之后，何某等证人均陈述假的供词，纷纷指向李洪元勒索，此为何某之过。5.公安忌惮华为是大公司，这件事情很当真，先后多次调查长达251天，此为公检和制度之过。此过已通过国家赔偿予以定性，但冤假错案从来都难以弥补自由和生命之殇，唯独我们深刻反思，改善法律制度，但公检此次并无大过。客观就事论事，不为华为洗地，李洪元在整件事情里确实是非常冤，唯一不冤的是按照现行《劳动合同法》他确实应该拿N+1的补偿，但是他却提了2N。华为所展现出来的态度其实可以更平和一些，有时候给工作多年的员工一点温暖也未尝会否定了一个大公司的模样。 收起全文d\n", "author": "吴声威wsw", "time": "吴声威wsw2019年12月03日19:23 来自微博weibo.com", "transmit": " 转发 70", "comment": "评论 566", "zan": " 1239"}, {"text": "\n                    如何评价华为回应李洪元被羁押 251天：支持其运用法律武器维权？ - 回答作者：山栀 O网页链接 “成了，甩锅公检法，华为：就是我报的案，你问251天为什么关，谁关的，为什么关错了，关错了找谁……”  #李洪元回应华为声明# ​                ", "author": "王员外", "time": "王员外2019年12月03日08:36 来自真香警告", "transmit": " 转发 17", "comment": "评论 79", "zan": " 339"}, {"text": "\n                    【#华为前员工李洪元离开深圳#：几千人的律师团队做出的回应，很可怕的！】12月2日晚间，华为正式回应前员工李洪元被拘251天。12月3日中午，李洪元乘车离开深圳，“几千人的律师团队做出这个回应，很可怕的”，李洪元在车站称担心自己的安全，“要逃离深圳”，其他“不愿多聊”。此前，在华为工 ​  展开全文c \n                    【#华为前员工李洪元离开深圳#：几千人的律师团队做出的回应，很可怕的！】12月2日晚间，华为正式回应前员工李洪元被拘251天。12月3日中午，李洪元乘车离开深圳，“几千人的律师团队做出这个回应，很可怕的”，李洪元在车站称担心自己的安全，“要逃离深圳”，其他“不愿多聊”。此前，在华为工作12年的李洪元因离职赔偿金问题，被举报敲诈勒索，遭羁押251天，最后因证据不足被检察院决定不起诉而获得人身自由。L一手video的秒拍视频 收起全文d\n", "author": "福布斯中文网", "time": "福布斯中文网2019年12月03日22:39 来自社会热点·视频社区", "transmit": " 转发 50", "comment": "评论 183", "zan": " 649"}, {"text": "\n华为的这个事，哪里都是“251”，现在要说没有人组织和预谋，鬼都不信。厨子磨刀 ​                ", "author": "胖子陈越", "time": "胖子陈越2019年12月03日15:58", "transmit": " 转发 18", "comment": "评论 231", "zan": " 843"}, {"text": "\n                    【#华为前员工李洪元离开深圳#：几千人的律师团队做出的回应，很可怕的！】12月2日晚间，华为正式回应前员工李洪元被拘251天。12月3日中午，李洪元乘车离开深圳，“几千人的律师团队做出这个回应，很可怕的”，李洪元在车站称担心自己的安全，“要逃离深圳”，其他“不愿多聊”。此前，在华为工 ​  展开全文c \n                    【#华为前员工李洪元离开深圳#：几千人的律师团队做出的回应，很可怕的！】12月2日晚间，华为正式回应前员工李洪元被拘251天。12月3日中午，李洪元乘车离开深圳，“几千人的律师团队做出这个回应，很可怕的”，李洪元在车站称担心自己的安全，“要逃离深圳”，其他“不愿多聊”。此前，在华为工作12年的李洪元因离职赔偿金问题，被举报敲诈勒索，遭羁押251天，最后因证据不足被检察院决定不起诉而获得人身自由。L一手video的秒拍视频 收起全文d\n", "author": "深蓝财经", "time": "深蓝财经2019年12月03日22:15 来自社会热点·视频社区", "transmit": " 转发 58", "comment": "评论 72", "zan": " 320"}, {"text": "\n                    【此时此刻，你想说什么？#华为前员工李洪元离开深圳#：几千人的律师团队做出的回应，很可怕的！】12月2日晚间，华为正式回应前员工李洪元被拘251天。12月3日中午，李洪元乘车离开深圳，“几千人的律师团队做出这个回应，很可怕的”，李洪元在车站称担心自己的安全，“要逃离深圳”，其他“不愿 ​  展开全文c \n                    【此时此刻，你想说什么？#华为前员工李洪元离开深圳#：几千人的律师团队做出的回应，很可怕的！】12月2日晚间，华为正式回应前员工李洪元被拘251天。12月3日中午，李洪元乘车离开深圳，“几千人的律师团队做出这个回应，很可怕的”，李洪元在车站称担心自己的安全，“要逃离深圳”，其他“不愿多聊”。此前，在华为工作12年的李洪元因离职赔偿金问题，被举报敲诈勒索，遭羁押251天，最后因证据不足被检察院决定不起诉而获得人身自由。L一手video的秒拍视频 收起全文d\n", "author": "工业科技迷", "time": "工业科技迷2019年12月03日22:18 来自社会热点·视频社区", "transmit": " 转发 36", "comment": "评论 164", "zan": " 333"}]