[{"text": "\n                    看了任正非对孟晚舟信件的评论，他站得高，而且作为父亲，他能那样说尤其值得点赞。老胡也没看孟晚舟的那封信，我是听说了网上一些人把孟晚舟与被拘押251天的华为前员工李洪元做对比。我认为这种对比同样是不恰当的。我认为这种对比是一种带节奏的舆论倾向。华为前员工被拘押251天，华为的一名基层主 ​  展开全文c \n                    看了任正非对孟晚舟信件的评论，他站得高，而且作为父亲，他能那样说尤其值得点赞。老胡也没看孟晚舟的那封信，我是听说了网上一些人把孟晚舟与被拘押251天的华为前员工李洪元做对比。我认为这种对比同样是不恰当的。我认为这种对比是一种带节奏的舆论倾向。华为前员工被拘押251天，华为的一名基层主管是报案者，但对该员工进行拘押和后来释放他，以及给予国家赔偿，都不是华为能够控制的。一些人迁怒华为，如果冷静来看，严重不妥。 孟晚舟事件是美国压制华为打响的关键一枪，也是美国以蛮横方式对待中国迈出的凶悍一步。我们必须支持孟晚舟和华为，这是中美博弈层面的大是大非。我们如果这个时候因为别的事情动摇这一基本立场，把孟晚舟看成一个“好了那么久也该倒倒霉了”的富人，那是一种令人可悲的糊涂。 能把华为打得多惨，已经被世界视为美国到底有多大能力压制中国崛起的试金石。任正非自己总是强调，华为的事情他们会自己扛，这是这位华为掌门人有心胸的表现。但是华为的确处在中国崛起眼下遭遇美国前所未有压力最承重的位置上，我们大家能帮华为一把，当然要帮。最起码我们要给这家逆风飞扬的中国高科技公司以精神上的鼓舞和道义上的支持。 老胡理解在华为前员工事件上公众的一些情绪，但是把那种情绪朝着抵制华为的方向带节奏的那些人，或是一些坏人，或是一些缺大义的投机分子。老胡在微信上看到的那些骂华为骂得最狠的人，感觉他们真是与美国那些精英一样，恨不能华为关门。我们大家的思维决不能被他们带着跑了。  收起全文d\n", "author": "胡锡进", "time": "胡锡进2019年12月11日15:42 来自HUAWEIP30Pro", "transmit": " 转发 733", "comment": "评论 3256", "zan": " 17163"}, {"text": "\n                    前些天你不也迁怒华为？李爷我批评你老胡，你好像还很委屈。你们总想指导任正非怎么做，就像李爷我虽然也是物理大牛但是去指导杨振宁怎么思考一样。你说这不是扯淡吗？李爷不怀疑你老胡的爱国心，不要总是想搞个大新闻，稳一点。                \n                                    看了任正非对孟晚舟信件的评论，他站得高，而且作为父亲，他能那样说尤其值得点赞。老胡也没看孟晚舟的那封信，我是听说了网上一些人把孟晚舟与被拘押251天的华为前员工李洪元做对比。我认为这种对比同样是不恰当的。我认为这种对比是一种带节奏的舆论倾向。华为前员工被拘押251天，华为的一名基层主 ​  展开全文c \n                                    看了任正非对孟晚舟信件的评论，他站得高，而且作为父亲，他能那样说尤其值得点赞。老胡也没看孟晚舟的那封信，我是听说了网上一些人把孟晚舟与被拘押251天的华为前员工李洪元做对比。我认为这种对比同样是不恰当的。我认为这种对比是一种带节奏的舆论倾向。华为前员工被拘押251天，华为的一名基层主管是报案者，但对该员工进行拘押和后来释放他，以及给予国家赔偿，都不是华为能够控制的。一些人迁怒华为，如果冷静来看，严重不妥。 孟晚舟事件是美国压制华为打响的关键一枪，也是美国以蛮横方式对待中国迈出的凶悍一步。我们必须支持孟晚舟和华为，这是中美博弈层面的大是大非。我们如果这个时候因为别的事情动摇这一基本立场，把孟晚舟看成一个“好了那么久也该倒倒霉了”的富人，那是一种令人可悲的糊涂。 能把华为打得多惨，已经被世界视为美国到底有多大能力压制中国崛起的试金石。任正非自己总是强调，华为的事情他们会自己扛，这是这位华为掌门人有心胸的表现。但是华为的确处在中国崛起眼下遭遇美国前所未有压力最承重的位置上，我们大家能帮华为一把，当然要帮。最起码我们要给这家逆风飞扬的中国高科技公司以精神上的鼓舞和道义上的支持。 老胡理解在华为前员工事件上公众的一些情绪，但是把那种情绪朝着抵制华为的方向带节奏的那些人，或是一些坏人，或是一些缺大义的投机分子。老胡在微信上看到的那些骂华为骂得最狠的人，感觉他们真是与美国那些精英一样，恨不能华为关门。我们大家的思维决不能被他们带着跑了。  收起全文d\n", "author": "无为李爷", "time": "无为李爷2019年12月11日15:42 来自HUAWEIP30Pro", "transmit": " 转发 95", "comment": "评论 172", "zan": " 918"}, {"text": "\n                    你觉得李洪元、孟晚舟，谁更冤？ （图一：是被羁押251天华为前员工李洪元） ​                ", "author": "快来看看", "time": "快来看看2019年12月11日19:08 来自微博weibo.com", "transmit": " 转发 42", "comment": "评论 369", "zan": " 1641"}, {"text": "\n                    前华为员工谈华为李洪元251事件，这是比较有说服力的分析。  L糗事小酱的微博视频 ​                ", "author": "糗事小酱", "time": "糗事小酱2019年12月11日20:17 来自微博视频", "transmit": " 转发 5", "comment": "评论 12", "zan": " 27"}, {"text": "\n华为251事件，李洪元无罪释放赔偿10万元、华为说自己依法举报、警察属于奉公执法、检察院守住了法制和良心底线。这件事情，看着谁都没错，但为何却造成了251事件？为何要让国家拿纳税人的10万元进行赔偿？莫非真正错的是纳税人？ 纳税人的钱能这样白白赔了而不用对相关人员调查追责？ ​                ", "author": "葛长伟", "time": "葛长伟2019年12月11日07:44 来自微博weibo.com", "transmit": " 转发 5", "comment": "评论 43", "zan": " 57"}]