[{"text": "\n                    【比网易狠！#华为13年工龄员工离职被诉敲诈# ，羁押长达251天】11月29日，一份关于华为离职员工李洪元裁决书被脉脉网友曝光。判决书显示，李洪元为华为前员工，离职获得赔偿后，又被起诉敲诈勒索，被羁押251天，近日因证据不足被释放。随后，李洪元被何承东告敲诈勒索。李洪元离职补偿金额与华为意见 ​  展开全文c \n                    【比网易狠！#华为13年工龄员工离职被诉敲诈# ，羁押长达251天】11月29日，一份关于华为离职员工李洪元裁决书被脉脉网友曝光。判决书显示，李洪元为华为前员工，离职获得赔偿后，又被起诉敲诈勒索，被羁押251天，近日因证据不足被释放。随后，李洪元被何承东告敲诈勒索。李洪元离职补偿金额与华为意见不统一，商谈统一补发33万1576元，实际转款30万4742元。李洪元涉嫌敲诈勒索被刑事拘留，移送检察院起诉。同时有网友提到，“我被主管构陷旷工开除，又以在摩洛哥的笔记本电脑被偷为由，告我欺诈罪关了我三个月看守所。”如果网友爆料是真的，跟华为一比，几天前被爆出员工身患绝症逼离职的网易还是太嫩。@市界O比网易狠！华为13年工龄员工离职被诉敲诈，羁押长达251天 收起全文d\n", "author": "微博股票组合", "time": "微博股票组合2019年11月29日20:04 来自Android", "transmit": " 转发 1518", "comment": "评论 1769", "zan": " 9085"}, {"text": "\n//@铁索连环庞士元: //@魔力的真髓: 资本家嘴脸//@乞伏虎: 转发微博                \n                                    【比网易狠！#华为13年工龄员工离职被诉敲诈# ，羁押长达251天】11月29日，一份关于华为离职员工李洪元裁决书被脉脉网友曝光。判决书显示，李洪元为华为前员工，离职获得赔偿后，又被起诉敲诈勒索，被羁押251天，近日因证据不足被释放。随后，李洪元被何承东告敲诈勒索。李洪元离职补偿金额与华为意见 ​  展开全文c \n                                    【比网易狠！#华为13年工龄员工离职被诉敲诈# ，羁押长达251天】11月29日，一份关于华为离职员工李洪元裁决书被脉脉网友曝光。判决书显示，李洪元为华为前员工，离职获得赔偿后，又被起诉敲诈勒索，被羁押251天，近日因证据不足被释放。随后，李洪元被何承东告敲诈勒索。李洪元离职补偿金额与华为意见不统一，商谈统一补发33万1576元，实际转款30万4742元。李洪元涉嫌敲诈勒索被刑事拘留，移送检察院起诉。同时有网友提到，“我被主管构陷旷工开除，又以在摩洛哥的笔记本电脑被偷为由，告我欺诈罪关了我三个月看守所。”如果网友爆料是真的，跟华为一比，几天前被爆出员工身患绝症逼离职的网易还是太嫩。@市界O比网易狠！华为13年工龄员工离职被诉敲诈，羁押长达251天 收起全文d\n", "author": "老刀99", "time": "老刀992019年11月29日20:04 来自Android", "transmit": " 转发 93", "comment": "评论 20", "zan": " 100"}]