[{"text": "\n                    前华为员工谈李洪元251事件，以抽丝剥茧的方式分析此次事件，以及海外势力的幕后运作 L上帝之鹰_5zn的微博视频 ​                ", "author": "上帝之鹰_5zn", "time": "上帝之鹰_5zn2019年12月07日11:44 来自微博weibo.com", "transmit": " 转发 3529", "comment": "评论 7008", "zan": " 40374"}, {"text": "\n                    【前华为员工谈李洪元251事件，以抽丝剥茧的方式分析此次事件，以及海外势力的幕后运作】 L上帝之鹰_5zn的微博视频 ​​​                ", "author": "习五一", "time": "习五一2019年12月07日14:18 来自iPhone11", "transmit": " 转发 194", "comment": "评论 668", "zan": " 2628"}, {"text": "\n                    #解析李洪元事件# 李洪元251事件、因为华为没有很及时很详细解释、在网上不断发酵。华为表示事件已不是劳务纠纷、但暂时不详细解释，结果很多网友依然大骂华为。稍加思考就不难看出事件会有背后推手，更多网友一不小心就被利用成为助力。视频全面深入解析李洪元事件，给大家参考。#华为# ​  展开全文c \n                    #解析李洪元事件# 李洪元251事件、因为华为没有很及时很详细解释、在网上不断发酵。华为表示事件已不是劳务纠纷、但暂时不详细解释，结果很多网友依然大骂华为。稍加思考就不难看出事件会有背后推手，更多网友一不小心就被利用成为助力。视频全面深入解析李洪元事件，给大家参考。#华为##华为将起诉美国联邦通信委员会# L茂哥日记的微博视频 收起全文d\n", "author": "茂哥日记", "time": "茂哥日记2019年12月07日12:21 来自科技·视频社区", "transmit": " 转发 73", "comment": "评论 108", "zan": " 480"}, {"text": "\n                    现在有些人真懒，想评论连事件都愿意了解。对于华为如何构陷李洪元251的，《呈请对李洪元作出法定不起诉决定的法律意见书》描述的非常清楚，且结合各方材料表明，该材料真实可信。事情基本事实摘要如下：1、2018年12月15日，华为法务人员向深圳公安报案，称李洪元在离职劳动补偿纠纷中，以威胁将资料 ​  展开全文c \n                    现在有些人真懒，想评论连事件都愿意了解。对于华为如何构陷李洪元251的，《呈请对李洪元作出法定不起诉决定的法律意见书》描述的非常清楚，且结合各方材料表明，该材料真实可信。事情基本事实摘要如下：1、2018年12月15日，华为法务人员向深圳公安报案，称李洪元在离职劳动补偿纠纷中，以威胁将资料外泄披露，要求公司给予补偿，公安机关以“侵犯商业秘密”立案，但无证据；2、12月18日，华为改变策略，以“涉嫌敲诈勒索”再次报案，称1月31日的谈判过程中，何承东遭到威胁和强迫，何承东等三人在笔录过程中予以确认。请注意这一条：是华为提出的敲诈勒索，并且何承东等三人一致构陷李洪元。3、李洪元的关键证据就是1月31日谈判的全程录音，推翻了何承东等人的口供。4、基于李洪元的录音，公安机关做了两次补充侦查，在第二次补充侦查中，何承东翻供，承认李洪元没有威胁，也没有采取过激语言，1月31日是何承东和李洪元就离职补偿的唯一一次接触。何承东本次口供与李洪元录音，以及公安机关调查的其它证据一致，形成证据链。这才导致检察院做出不起诉决定。5、根据上述过程，华为法务和何承东人，明显对李洪元进行了构陷，至于华为内部怎么分责任，那是华为的事。6、根据”事实不清，证据不足“做出的不起诉决定，即是无罪决定，李洪元无罪释放是法律肯定的事。请不懂法的人不要再混淆此概念，什么不起诉不代表无罪，胡扯。《关于检察机关不起诉决定是对错误逮捕确认的批复》（2002）赔他字第8 号：根据刑事诉讼法规定，人民检察院因“事实不清、证据不足”作出的不起诉决定是人民检察院依照刑事诉讼法对该刑事案件审查程序的终结，是对犯罪嫌疑人不能认定有罪的决定。从法律意义上讲，对犯罪嫌疑人不能认定有罪的，该犯罪嫌疑人即是无罪。 收起全文d\n", "author": "正宗啥都没了", "time": "正宗啥都没了2019年12月07日11:42 来自微博weibo.com", "transmit": " 转发 42", "comment": "评论 268", "zan": " 740"}, {"text": "\n                    整个视频前10分钟在算账，中间2分钟舔华为，后3分钟阴谋论，丝毫没解释251，反而原po评论出奇一致，我也是佛了//@爷依旧无敌:@电竞徐嘉诰 进来对线                \n                                    前华为员工谈李洪元251事件，以抽丝剥茧的方式分析此次事件，以及海外势力的幕后运作 L上帝之鹰_5zn的微博视频 ​                                ", "author": "电竞徐嘉诰", "time": "电竞徐嘉诰2019年12月07日11:44 来自微博weibo.com", "transmit": " 转发 54", "comment": "评论 111", "zan": " 618"}, {"text": "\n                    前华为员工谈李洪元251事件，以抽丝剥茧的方式分析此次事件，以及海外势力的幕后运作  L小兵报道的微博视频 ​                ", "author": "小兵报道", "time": "小兵报道2019年12月07日20:25 来自微博视频", "transmit": " 转发 18", "comment": "评论 25", "zan": " 55"}, {"text": "\n                    什么是N+1，什么是2N，李洪元向华为索要2N，是合理诉求还是讹诈，如果这些问题都没搞清楚，扯251就是扯蛋。视频里这个人是华为的原员工，我认为他的话还是可信的。李洪元先后从华为(包括主管)手里拿到了补偿80万，这可能是大家没有想到的。好了，其它暂且不说了，是非黑白，大家自行判断。 ​  展开全文c \n                    什么是N+1，什么是2N，李洪元向华为索要2N，是合理诉求还是讹诈，如果这些问题都没搞清楚，扯251就是扯蛋。视频里这个人是华为的原员工，我认为他的话还是可信的。李洪元先后从华为(包括主管)手里拿到了补偿80万，这可能是大家没有想到的。好了，其它暂且不说了，是非黑白，大家自行判断。#子午舆情观察# L热门表哥的微博视频 收起全文d\n", "author": "子午侠士", "time": "子午侠士2019年12月07日19:58 来自HUAWEIMate10", "transmit": " 转发 41", "comment": "评论 177", "zan": " 222"}, {"text": "\n                    以抽丝剥茧的方式分析前华为员工李洪元251事件，以及海外势力的幕后运作迹象…… L袍哥说事的微博视频 ​                ", "author": "袍哥说事", "time": "袍哥说事2019年12月07日16:08 来自三星Note10＋5G", "transmit": " 转发 14", "comment": "评论 12", "zan": " 66"}, {"text": "\n李洪元事件激起众怒的核心原因，是一个员工哪怕没有任何问题，一个在当地是纳税大户的公司也可以让你进去蹲上251天再说。这种现象让所有打工阶级不寒而栗，因为任何人都不能说自己能幸免，顿时人人自危。然后华为公关又极度傲慢地声称相信法律，欢迎起诉华为——然而李洪元恰恰就是在起诉华为要求得到 ​  展开全文c \n李洪元事件激起众怒的核心原因，是一个员工哪怕没有任何问题，一个在当地是纳税大户的公司也可以让你进去蹲上251天再说。这种现象让所有打工阶级不寒而栗，因为任何人都不能说自己能幸免，顿时人人自危。然后华为公关又极度傲慢地声称相信法律，欢迎起诉华为——然而李洪元恰恰就是在起诉华为要求得到应有奖金后被关251天的，你现在还说欢迎起诉？相信法律？这是在嘲笑对方不自量力吧，这是坚决要和打工的工人阶级站在对立面了。这种情况下，居然还有人试图要求工人阶级去支持一位权贵资本主义继承人，这同样也是不自量力，也太藐视工人阶级智商了。 收起全文d\n", "author": "汗青微博", "time": "汗青微博2019年12月07日08:04 来自iPhone7Plus", "transmit": " 转发 56", "comment": "评论 149", "zan": " 453"}, {"text": "\n                    看看支持华为这些公知有多无知，手段多卑劣。工薪族大多数人都知道，离职补偿首先是双方协商，其次才是走劳动仲裁或司法。李洪元和华为协商成功了，为什么要走仲裁？基本的程序都不知道，还当公知带节奏，丢人。然后就是老套路，论证李洪元蠢，工作差，污名化之后，就可以顺理成章无罪关251天了。这些 ​  展开全文c \n                    看看支持华为这些公知有多无知，手段多卑劣。工薪族大多数人都知道，离职补偿首先是双方协商，其次才是走劳动仲裁或司法。李洪元和华为协商成功了，为什么要走仲裁？基本的程序都不知道，还当公知带节奏，丢人。然后就是老套路，论证李洪元蠢，工作差，污名化之后，就可以顺理成章无罪关251天了。这些公知还要狗心吗？ 收起全文d\n", "author": "正宗啥都没了", "time": "正宗啥都没了2019年12月07日16:05 来自Weibo.intl", "transmit": " 转发 21", "comment": "评论 197", "zan": " 322"}, {"text": "\n                    胡锡进：华为251事件，是因为公司主管发现李洪元有违法嫌疑，于是举报，这本身合理，华为并没有做错什么，然后法院羁押251天后发现李洪元无罪并给予赔偿，这是司法的问题，跟华为本身没有关系。我们来看看此次各种喷华为的是谁，其实主要是香港的黄丝、台湾的小台毒、华为的某些无耻无德竞争对手雇佣的 ​  展开全文c \n                    胡锡进：华为251事件，是因为公司主管发现李洪元有违法嫌疑，于是举报，这本身合理，华为并没有做错什么，然后法院羁押251天后发现李洪元无罪并给予赔偿，这是司法的问题，跟华为本身没有关系。我们来看看此次各种喷华为的是谁，其实主要是香港的黄丝、台湾的小台毒、华为的某些无耻无德竞争对手雇佣的大量水军以及国内外的喷子加反华分子，还有极少数的华为竞争对手的脑残粉，当然了，还有很多拿了华为竞争对手好处的无耻自媒体各种带不良节奏或者蹭热度的踩华为，这些人在华为被美国各种封杀下意欲让华为死，甚至可以说是有组织的各种炒作华为251事件，相当无耻卑鄙，黄丝台独还整个什么华为8大诉求，想让华为的名气受损，但是只要大家好好的分析就会发现，华为并未做错什么，有什么好道歉的呢？如果道歉，反而说明自己做错了什么，如果华为真的那么差劲，还会有那么多员工留下来？  L小兵报道的微博视频 收起全文d\n", "author": "小兵报道", "time": "小兵报道2019年12月07日05:22 来自微博视频", "transmit": " 转发 24", "comment": "评论 75", "zan": " 213"}, {"text": "\n251事件 环球网 @胡锡进 @人民网 等被当枪使的教训：跟着凑热闹起哄，不懂法律，不动脑筋独立思维的结果。其实，稍微看看李洪元的东西就会发现 1）其行为敲诈勒索性相当明显，即便是其对媒体的说法其实也是敲诈性的；2）华为只是报案，羁押251天是政府行为，这个羁押期限也是在法律许可的范围内。 ​  展开全文c \n251事件 环球网 @胡锡进 @人民网 等被当枪使的教训：跟着凑热闹起哄，不懂法律，不动脑筋独立思维的结果。其实，稍微看看李洪元的东西就会发现 1）其行为敲诈勒索性相当明显，即便是其对媒体的说法其实也是敲诈性的；2）华为只是报案，羁押251天是政府行为，这个羁押期限也是在法律许可的范围内。#華為前員工被拘251天# 收起全文d\n", "author": "岳东晓博士", "time": "岳东晓博士2019年12月07日15:09 来自微博weibo.com", "transmit": " 转发 46", "comment": "评论 283", "zan": " 567"}]