[{"text": "\n                    #华为前员工被拘251天# 李洪元终于拿到了自己应得的33万补偿金，不过值得关注的是另外10万元的赔偿金，暂且不论10万元与2失去自由的251天是否可以划等号，但造成这件事情的“元凶”——华为在这次案件中到底有没有“敲诈勒索”行为是值得追究的。如果说251天的关押是证据不足、事实不清，那么作为原 ​  展开全文c \n                    #华为前员工被拘251天# 李洪元终于拿到了自己应得的33万补偿金，不过值得关注的是另外10万元的赔偿金，暂且不论10万元与2失去自由的251天是否可以划等号，但造成这件事情的“元凶”——华为在这次案件中到底有没有“敲诈勒索”行为是值得追究的。如果说251天的关押是证据不足、事实不清，那么作为原告方的华为是否有“诬陷他人”的罪名呢？但判决结果似乎只有赔偿了李洪元应得的离职补偿金，对于这次案件的起诉没有承担任何责任，最终也没有对被告进行任何赔偿？ 收起全文d\n", "author": "我才是羽度非凡", "time": "我才是羽度非凡2019年11月30日13:26 来自iQOONeo", "transmit": " 转发 20", "comment": "评论 17", "zan": " 176"}]