[{"text": "\n                    【#子午评论# 华为251事件：李洪元的私欲与反华势力的政治目的】 华为251事件发酵到现在这个地步，已经由一桩普通刑事案件所引发的一般网络舆情，演变为一场不仅针对华为，而且涉及到香港修例问题、大陆人权和司法问题，以及中美贸易摩擦等重大政治问题方面。     也就是说251事件已经不是那么简 ​  展开全文c \n                    【#子午评论# 华为251事件：李洪元的私欲与反华势力的政治目的】 华为251事件发酵到现在这个地步，已经由一桩普通刑事案件所引发的一般网络舆情，演变为一场不仅针对华为，而且涉及到香港修例问题、大陆人权和司法问题，以及中美贸易摩擦等重大政治问题方面。     也就是说251事件已经不是那么简单了，它已经由单一、孤立的一桩刑事案件所引发的舆情，被人为的推向了一个此前没有预料到的高度，变成了一场激烈的意识形态较量，甚至这种较量已经到了国际政治的层面。     此文我不打算在251事件本身上大动笔墨了，简单说两句：从网上公开的各种信息综合来看，华为向公安机关报案的原因是因为华为认为前员工李洪元侵害了华为的利益，有犯罪嫌疑。     那么为什么李洪元在被羁押了251天之后又被释放了呢，那是因为检察院最终认为李洪元的案子不够起诉条件。为什么不够起诉条件呢，检察院的《不起诉决定书》里写的很清楚，是因为“事实不清，证据不足”。     这里需要强调的是：事实不清，并不代表没有事实，证据不足，也并不代表没有证据。换言之，李洪元没有被起诉是依照“疑罪从无”这个法理进行处理的，但这并不意味着华为当初的报案没有任何事实和依据。     网上许多人认为李洪元既然没有被起诉，那么华为就一定错了，就必须道歉，这种认知是错误的。     比方说你眼看着一个人偷走了你的钱包，也有别的人证，你报警后，警察把人抓了，但作为赃物的钱包却由于嫌犯扔了而始终都没有找到，那么证据缺失，警察也就只能放人了(与疑罪从无法理一样一样的）。请问这个时候，假如这个小偷提出来让你道歉，你愿意吗，你会道歉吗？所以说指责华为没有道歉、缺乏温度的人，不是二逼，就是二逼。     通过这几天的观察，我们基本可以得出一个结论，那就是华为前员工李洪元他自己在此次事件中本身没有政治目的，只有出于利益方面的私欲，而且这种私欲极其膨胀。膨胀到不仅有不合规、不合法的对金钱的追求，更重要的是，他竟然把他未来的前程天真的、执拗的押在了华为总裁任正非的身上，为了达到这个目的，作为华为普通员工的他曾经不惜在公司门口拦截总裁任正非，这次251事件网上发酵之后，他发现舆论势头有利于自己，更是变得疯狂且不可思议，竟然以自己有更好的管理方案为由，提出要任正非接见他，与他商谈。     综合事件发生后他非但不迁怒于华为，而且多次向华为示好，频频向华为伸橄榄枝，我们基本可以判定：他心里根本就舍不得华为的高福利，只不过想借用舆论的高压和自己的示软，企图采取软硬兼施的手段，让华为重新接纳并重用他，从而实现自己的咸鱼翻身计划罢了。 李洪元这个人小聪明挺多(预谋性的对主管进行录音就是明证) ，但又过于天真和自负，总想着能通过非正常手段达到自己的人生目的。说到底，都是私欲太过膨胀害得。他的这种为了私欲不择手段，正好被别人利用了。一个普通刑事案件所引发的网络舆情，在各方的煽动和恶意引导下，最终演变成了一场关乎意识形态和国际政治的网络舆论大战。至此，一场涉及香港问题、大陆司法和人权问题，甚至中美之间政治博弈问题的网上政战拉开了序幕。     要谈国内外反华势力在这次华为251事件中的作用和目的，我们首先得搞清楚我们当前所面临的国内外政治环境。我们当前所面临的国内外政治环境之严峻主要表现在以下几个方面：     ①中美贸易摩擦仍然在升级，美国在高科技领域，仍然在全球范围内围堵以华为为代表的中国公司，而且呈愈演愈烈之势。     ②近日美国通过了两个人权法案，一个涉港，一个涉疆。美国企图打人权牌对中国进行制裁。     ③由修例风波引发的港乱至今没有平息，而且有反弹趋势。     那么在这种严峻的国内外政治环境下爆发的251网络舆情，由于各种政治势力的介入，我们发现它的指向发生了可怕的变化，它的政治意图越来越明显，它的目的越来越险恶。     ①国内，以公知为代表的反动势力，由过去的半隐忍、半蛰伏，赤裸裸的、肆无忌惮的跳到了台前。他们公开批评中国为警察国家，用251这起个案来为香港的反修例背书，企图由此证明香港反修例的合理性。同时，攻击中国的司法体制以及人权（图1—3）。     ②国外，美国的重量级媒体(美国某音相当于中国的人民日报)就251事件迅速做出反应，对华为大肆指责，意思是作为中国政府支持的华为公司侵犯员工的人权，由此来否定中国的人权现状（图6）。     ③大量水军账号在各评论区蜂拥而至，他们把矛头由华为引向孟晚舟，由孟晚舟引向中美关系，企图用华为的“不义”，来证明美国在中美摩擦问题上的“正义”。     ④在此次事件中，有人提出了和香港反对派五大诉求非常类似的所谓八大诉求，并意图向华为公司所在地的深圳警方提出了示威游行的申请，这难道不是香港“民主”模式在大陆的复制吗（图4—5）？     综上，各位难道看不出来251事件已经演变成了由中外各政治势力相互勾结、互相配合的一场线上线下的意识形态大战了吗？我想只要稍微动一点脑子，你都能看出其中的端倪和不寻常。     行文至此，我就不必再多说什么了，他们的政治目的何在，想干什么，其实已经昭然若揭。#子午舆情观察# 收起全文d\n", "author": "子午侠士", "time": "子午侠士2019年12月05日21:37 来自HUAWEIMate10", "transmit": " 转发 616", "comment": "评论 1757", "zan": " 9024"}, {"text": "\n华为前员工李洪元被拘251天的事件最后带出如此轰轰烈烈的舆情，已经超出了事情本应有的逻辑。老胡作为穿越了这些年互联网一次又一次激烈舆情的新闻“老司机”，想对朋友们说一句：任何一家公司或者机构面对这样的舆论冲击，其应对手段都是有局限的。让这场风波以最符合中国公众利益的方式来着陆，唯一 ​  展开全文c \n华为前员工李洪元被拘251天的事件最后带出如此轰轰烈烈的舆情，已经超出了事情本应有的逻辑。老胡作为穿越了这些年互联网一次又一次激烈舆情的新闻“老司机”，想对朋友们说一句：任何一家公司或者机构面对这样的舆论冲击，其应对手段都是有局限的。让这场风波以最符合中国公众利益的方式来着陆，唯一可行和有效的是我们大家从情绪中回到常识和事物的原本逻辑，想一想华为与中国国家利益和公众利益的真实关系，再回过头来探寻一下事情原本的脉络，摆脱那些夸大的东西和试图误导我们大家的用意，让理性的旗帜在情绪的海平面上重新飘扬起来。首先，李洪元被羁押251天，华为有多大责任？华为的一名基层主管是报案者，这一报案在法律上可能准确，也可能不准确。客观说，华为的责任就这么大。接下来是法律程序，李洪元被令人遗憾地羁押了251天，国家赔偿表达了对这一羁押的法律态度。但这些都是司法程序问题，不是华为能够影响的。 有人怀疑华为干预了这个过程，但没有任何这方面的证据，而且华为那样做的动机是什么？为什么深圳龙岗区检察院最后做的又是不予起诉的决定呢？华为是一家讲法律和讲规则的公司，对一名前员工搞司法迫害，这不符合该公司的基本价值观，而且是充满风险的。老胡认为，我们在做这种怀疑时，不应使用对华为有罪推定的逻辑，并让它主导舆论。 华为的声明很短，老胡也批评了这一声明“缺少温度”。但据我最新了解，这当中有一些隐情，促使华为低调、简短地回应。也许过一段时间，事情的脉络会得到进一步的补充，在这之前，我们权且将这作为华为的一次“公关失误”。那么它因此该受到多大的批评呢？ 很多人联想到，华为一定对自己的员工很无情。坊间关于华为“狼性文化”的传闻被用来作为对这一批评的佐证。但我想说，华为对员工的关怀不可能不高于中国公司的平均线。任何成功的公司，都首先必须善待员工，否则它决不可能有凝聚力。华为一路打拼到今天，经历了多少艰难困苦，眼下又在全世界所有大公司中遭到世界第一强国最猛烈的打压，它如果对员工是冷酷的，队伍早就散了。 华为的声明给人以不尊重公众情感的印象。我前面说了，它或许是隐情所致，或许是公关失误，但一家大公司不重视公众情绪，也是决不可能的。华为正被美国往死里打，它的海外市场开拓面临严重挑战，国内市场更加成为它不能出闪失的根据地。它怎么能不重视公众的看法呢？有一种怀疑是，华为傲慢，就是不在乎。我想说，全世界不可能有一家真正敢于面对自己的市场耍大牌的公司，华为这种走南闯北，知道获得一个市场的认同是多么不容易的公司，它的“傲慢”完全不合逻辑，与最基本的商业经验相抵触。因此不能不说，这种“傲慢”来源于舆论场的想象。 就事论事地批评华为，我认为是正常的，有时因为信息不对称，出现对华为的误解和责怪，也不奇怪。但是形成针对华为海啸般的负面舆情，我就不认为是正常的了。 请注意，舆论在这件事中有几个共鸣和不满，包括工作不稳定的风险，与机构发生冲突时个人处于劣势并受到迫害，在司法上遭遇被不合理羁押的冤屈等等。华为只是一名基层主管报了案，舆论发酵起来后，就将这些危机感全都倾泻到华为公司的头上，这不应该是华为承受的负荷。 老胡不能不说，舆论场针对华为的激烈发酵，有一些是信息不对称所致，还有相当一部分是“带节奏”的结果。在华为最困难、最需要支持的时候，它因为卷入了一起受到国家赔偿的案件，案件审理结果看上去没有支持华为最初的举报，随后所形成的舆论海啸就扑向了华为，说实话，以老胡的经验，打死我都不相信这是一个完全自然的过程。 到了这时，我觉得大家需要让理性出来帮着做一些整理了。华为是当下中国崛起遭遇挑战时期承重最大的公司之一。美国很明确想要让它死，国内也有少数人顺着美方的思路在诅咒它。在具体的争议层面，事情是一个逻辑，但当我们的判断涉及对华为的根本性肯定或否定时，一定有战略利益和动机会参与其中。作为中国人，我们要有能力拒绝这种参与，让华为的事情始终在它的原点周围徘徊。 对华为的正常批评没有问题，老胡上一篇文章就批评了它，但今天形成的针对华为的舆论面貌，不能不说令亲者痛仇者快。我们不能这样干啊，警惕不被人朝那样的方向带了节奏，这是我们中国人在这个复杂时代必须拥有的集体情商。 也希望华为坚强，正确地面对公众的各种声音。请做好你们的事情，并且相信，历史不会辜负诚恳和百折不回的团队。  收起全文d\n", "author": "胡锡进", "time": "胡锡进2019年12月05日19:00 来自HUAWEIP30Pro", "transmit": " 转发 2446", "comment": "评论 6188", "zan": " 41835"}, {"text": "\n                    今天中午我特地发博想要告诉更多网友不要以个人获得的点滴资讯，或以狭隘个人立场评判“华为李洪元事件”，结果有些网友依然不管不顾，仍一味251251251，就像中了港独蟑螂病毒、美国病毒一样......现在，就是现在，多快呀！纽约时报一篇“华为是如何在中国失去民心的？”、清奇问世！！我的第一反应是 ​  展开全文c \n                    今天中午我特地发博想要告诉更多网友不要以个人获得的点滴资讯，或以狭隘个人立场评判“华为李洪元事件”，结果有些网友依然不管不顾，仍一味251251251，就像中了港独蟑螂病毒、美国病毒一样......现在，就是现在，多快呀！纽约时报一篇“华为是如何在中国失去民心的？”、清奇问世！！我的第一反应是、美国第一波奸计得逞，第二反应是、“谁助推了美国奸计？”，第三反应是、有点儿悲凉......如果你不爱国那我们不同路，可是很多网友肯定是爱国的，却也轻易成了美国阴谋的助力！为什么？怎么办？办法很简单：把爱国放在第一位，一致对付美国就对了！华为5G领先让美国宣布进入国家紧急状态，网友明白这是什么意思吗？美国自己说它堪比世界第一颗原子弹出现！因此不顾一切疯狂打压华为。如果轻易参与助力“李洪元张洪元王洪元事件”，不是傻就一定是坏！现在起很多年内、美国都会使出浑身解数攻击中国，祸害中国，中国人必须更加团结！不要再被美国阴谋奸计轻易利用了！ 求求你们了！#华为# #华为前员工被拘251天# #华为将起诉美国联邦通信委员会# ​​​​ 收起全文d\n", "author": "茂哥日记", "time": "茂哥日记2019年12月05日21:19 来自微博weibo.com", "transmit": " 转发 108", "comment": "评论 349", "zan": " 1449"}, {"text": "\n                    #华为前员工被拘251天#被轻而易举地以敲诈勒索的罪名羁押251天，这就是华为李洪元事件最可怕的点。如果根本没做违法的事，被人诬告进看守所待上大半年是谁都不能接受，一些不规范的公司会不会模仿华为利用司法程序和不规范的手续欺压普通员工，那么很多人都有可能成为下一个李洪文，不过幸好李洪文有录 ​  展开全文c \n                    #华为前员工被拘251天#被轻而易举地以敲诈勒索的罪名羁押251天，这就是华为李洪元事件最可怕的点。如果根本没做违法的事，被人诬告进看守所待上大半年是谁都不能接受，一些不规范的公司会不会模仿华为利用司法程序和不规范的手续欺压普通员工，那么很多人都有可能成为下一个李洪文，不过幸好李洪文有录音得以作证，事件发生后，淘宝特别定制的“录音肛塞”就能解决各种恶劣环境的录音难题，对抗各种作恶，充分证明了科技防身，人“腚”胜天，最后我们也不能扛起道德的大旗，华为被捧就支持，被骂就抵制。#刑法学##刑法案例# 收起全文d\n", "author": "证据哥", "time": "证据哥2019年12月05日23:10", "transmit": " 转发 31", "comment": "评论 385", "zan": " 759"}, {"text": "\n \n华为前员工李洪元被拘251天的事件最后带出如此轰轰烈烈的舆情，已经超出了事情本应有的逻辑。老胡作为穿越了这些年互联网一次又一次激烈舆情的新闻“老司机”，想对朋友们说一句：任何一家公司或者机构面对这样的舆论冲击，其应对手段都是有局限的。让这场风波以最符合中国公众利益的方式来着陆，唯一 ​  展开全文c \n华为前员工李洪元被拘251天的事件最后带出如此轰轰烈烈的舆情，已经超出了事情本应有的逻辑。老胡作为穿越了这些年互联网一次又一次激烈舆情的新闻“老司机”，想对朋友们说一句：任何一家公司或者机构面对这样的舆论冲击，其应对手段都是有局限的。让这场风波以最符合中国公众利益的方式来着陆，唯一可行和有效的是我们大家从情绪中回到常识和事物的原本逻辑，想一想华为与中国国家利益和公众利益的真实关系，再回过头来探寻一下事情原本的脉络，摆脱那些夸大的东西和试图误导我们大家的用意，让理性的旗帜在情绪的海平面上重新飘扬起来。首先，李洪元被羁押251天，华为有多大责任？华为的一名基层主管是报案者，这一报案在法律上可能准确，也可能不准确。客观说，华为的责任就这么大。接下来是法律程序，李洪元被令人遗憾地羁押了251天，国家赔偿表达了对这一羁押的法律态度。但这些都是司法程序问题，不是华为能够影响的。 有人怀疑华为干预了这个过程，但没有任何这方面的证据，而且华为那样做的动机是什么？为什么深圳龙岗区检察院最后做的又是不予起诉的决定呢？华为是一家讲法律和讲规则的公司，对一名前员工搞司法迫害，这不符合该公司的基本价值观，而且是充满风险的。老胡认为，我们在做这种怀疑时，不应使用对华为有罪推定的逻辑，并让它主导舆论。 华为的声明很短，老胡也批评了这一声明“缺少温度”。但据我最新了解，这当中有一些隐情，促使华为低调、简短地回应。也许过一段时间，事情的脉络会得到进一步的补充，在这之前，我们权且将这作为华为的一次“公关失误”。那么它因此该受到多大的批评呢？ 很多人联想到，华为一定对自己的员工很无情。坊间关于华为“狼性文化”的传闻被用来作为对这一批评的佐证。但我想说，华为对员工的关怀不可能不高于中国公司的平均线。任何成功的公司，都首先必须善待员工，否则它决不可能有凝聚力。华为一路打拼到今天，经历了多少艰难困苦，眼下又在全世界所有大公司中遭到世界第一强国最猛烈的打压，它如果对员工是冷酷的，队伍早就散了。 华为的声明给人以不尊重公众情感的印象。我前面说了，它或许是隐情所致，或许是公关失误，但一家大公司不重视公众情绪，也是决不可能的。华为正被美国往死里打，它的海外市场开拓面临严重挑战，国内市场更加成为它不能出闪失的根据地。它怎么能不重视公众的看法呢？有一种怀疑是，华为傲慢，就是不在乎。我想说，全世界不可能有一家真正敢于面对自己的市场耍大牌的公司，华为这种走南闯北，知道获得一个市场的认同是多么不容易的公司，它的“傲慢”完全不合逻辑，与最基本的商业经验相抵触。因此不能不说，这种“傲慢”来源于舆论场的想象。 就事论事地批评华为，我认为是正常的，有时因为信息不对称，出现对华为的误解和责怪，也不奇怪。但是形成针对华为海啸般的负面舆情，我就不认为是正常的了。 请注意，舆论在这件事中有几个共鸣和不满，包括工作不稳定的风险，与机构发生冲突时个人处于劣势并受到迫害，在司法上遭遇被不合理羁押的冤屈等等。华为只是一名基层主管报了案，舆论发酵起来后，就将这些危机感全都倾泻到华为公司的头上，这不应该是华为承受的负荷。 老胡不能不说，舆论场针对华为的激烈发酵，有一些是信息不对称所致，还有相当一部分是“带节奏”的结果。在华为最困难、最需要支持的时候，它因为卷入了一起受到国家赔偿的案件，案件审理结果看上去没有支持华为最初的举报，随后所形成的舆论海啸就扑向了华为，说实话，以老胡的经验，打死我都不相信这是一个完全自然的过程。 到了这时，我觉得大家需要让理性出来帮着做一些整理了。华为是当下中国崛起遭遇挑战时期承重最大的公司之一。美国很明确想要让它死，国内也有少数人顺着美方的思路在诅咒它。在具体的争议层面，事情是一个逻辑，但当我们的判断涉及对华为的根本性肯定或否定时，一定有战略利益和动机会参与其中。作为中国人，我们要有能力拒绝这种参与，让华为的事情始终在它的原点周围徘徊。 对华为的正常批评没有问题，老胡上一篇文章就批评了它，但今天形成的针对华为的舆论面貌，不能不说令亲者痛仇者快。我们不能这样干啊，警惕不被人朝那样的方向带了节奏，这是我们中国人在这个复杂时代必须拥有的集体情商。 也希望华为坚强，正确地面对公众的各种声音。请做好你们的事情，并且相信，历史不会辜负诚恳和百折不回的团队。  收起全文d\n", "author": "环球时报", "time": "环球时报2019年12月05日19:00 来自HUAWEIP30Pro", "transmit": " 转发 65", "comment": "评论 357", "zan": " 1549"}, {"text": "\n                    今天上午有事，没时间写东西，我争取在下午18点以前，在微博上发一篇有关这次华为风波的文章，题目是【华为251事件：李洪元的私欲与反华势力的政治目的】。先预告一下，敬请关注。顺致早安! ​                ", "author": "子午侠士", "time": "子午侠士2019年12月05日07:48 来自HUAWEIMate10", "transmit": " 转发 46", "comment": "评论 110", "zan": " 258"}, {"text": "\n                    【华为再次公开回应前员工李洪元事件：不是劳动纠纷】12月5日，华为举行新闻发布会。对于华为前员工李洪元被拘留251天后无罪释放一事，华为首席法务官宋柳平表示，感谢公众和社会对该事件的关注，但这不是一个劳动纠纷事件。“我们的声明写得很清楚，对涉嫌违法犯罪进行举报，所以它不是一个劳动纠纷。 ​  展开全文c \n                    【华为再次公开回应前员工李洪元事件：不是劳动纠纷】12月5日，华为举行新闻发布会。对于华为前员工李洪元被拘留251天后无罪释放一事，华为首席法务官宋柳平表示，感谢公众和社会对该事件的关注，但这不是一个劳动纠纷事件。“我们的声明写得很清楚，对涉嫌违法犯罪进行举报，所以它不是一个劳动纠纷。我没有再多的评论。”O华为再次公开回应前员工李洪元事件：不是劳动纠纷 收起全文d\n", "author": "网易新闻客户端", "time": "网易新闻客户端2019年12月05日15:02 来自微博weibo.com", "transmit": " 转发 164", "comment": "评论 514", "zan": " 2382"}, {"text": "\n                    主要关251这个触动了大部分人的情绪，这事让华为全背，也不太合理……“李洪元被令人遗憾地羁押了251天，国家赔偿表达了对这一羁押的法律态度。但这些都是司法程序问题，不是华为能够影响的”                \n华为前员工李洪元被拘251天的事件最后带出如此轰轰烈烈的舆情，已经超出了事情本应有的逻辑。老胡作为穿越了这些年互联网一次又一次激烈舆情的新闻“老司机”，想对朋友们说一句：任何一家公司或者机构面对这样的舆论冲击，其应对手段都是有局限的。让这场风波以最符合中国公众利益的方式来着陆，唯一 ​  展开全文c \n华为前员工李洪元被拘251天的事件最后带出如此轰轰烈烈的舆情，已经超出了事情本应有的逻辑。老胡作为穿越了这些年互联网一次又一次激烈舆情的新闻“老司机”，想对朋友们说一句：任何一家公司或者机构面对这样的舆论冲击，其应对手段都是有局限的。让这场风波以最符合中国公众利益的方式来着陆，唯一可行和有效的是我们大家从情绪中回到常识和事物的原本逻辑，想一想华为与中国国家利益和公众利益的真实关系，再回过头来探寻一下事情原本的脉络，摆脱那些夸大的东西和试图误导我们大家的用意，让理性的旗帜在情绪的海平面上重新飘扬起来。首先，李洪元被羁押251天，华为有多大责任？华为的一名基层主管是报案者，这一报案在法律上可能准确，也可能不准确。客观说，华为的责任就这么大。接下来是法律程序，李洪元被令人遗憾地羁押了251天，国家赔偿表达了对这一羁押的法律态度。但这些都是司法程序问题，不是华为能够影响的。 有人怀疑华为干预了这个过程，但没有任何这方面的证据，而且华为那样做的动机是什么？为什么深圳龙岗区检察院最后做的又是不予起诉的决定呢？华为是一家讲法律和讲规则的公司，对一名前员工搞司法迫害，这不符合该公司的基本价值观，而且是充满风险的。老胡认为，我们在做这种怀疑时，不应使用对华为有罪推定的逻辑，并让它主导舆论。 华为的声明很短，老胡也批评了这一声明“缺少温度”。但据我最新了解，这当中有一些隐情，促使华为低调、简短地回应。也许过一段时间，事情的脉络会得到进一步的补充，在这之前，我们权且将这作为华为的一次“公关失误”。那么它因此该受到多大的批评呢？ 很多人联想到，华为一定对自己的员工很无情。坊间关于华为“狼性文化”的传闻被用来作为对这一批评的佐证。但我想说，华为对员工的关怀不可能不高于中国公司的平均线。任何成功的公司，都首先必须善待员工，否则它决不可能有凝聚力。华为一路打拼到今天，经历了多少艰难困苦，眼下又在全世界所有大公司中遭到世界第一强国最猛烈的打压，它如果对员工是冷酷的，队伍早就散了。 华为的声明给人以不尊重公众情感的印象。我前面说了，它或许是隐情所致，或许是公关失误，但一家大公司不重视公众情绪，也是决不可能的。华为正被美国往死里打，它的海外市场开拓面临严重挑战，国内市场更加成为它不能出闪失的根据地。它怎么能不重视公众的看法呢？有一种怀疑是，华为傲慢，就是不在乎。我想说，全世界不可能有一家真正敢于面对自己的市场耍大牌的公司，华为这种走南闯北，知道获得一个市场的认同是多么不容易的公司，它的“傲慢”完全不合逻辑，与最基本的商业经验相抵触。因此不能不说，这种“傲慢”来源于舆论场的想象。 就事论事地批评华为，我认为是正常的，有时因为信息不对称，出现对华为的误解和责怪，也不奇怪。但是形成针对华为海啸般的负面舆情，我就不认为是正常的了。 请注意，舆论在这件事中有几个共鸣和不满，包括工作不稳定的风险，与机构发生冲突时个人处于劣势并受到迫害，在司法上遭遇被不合理羁押的冤屈等等。华为只是一名基层主管报了案，舆论发酵起来后，就将这些危机感全都倾泻到华为公司的头上，这不应该是华为承受的负荷。 老胡不能不说，舆论场针对华为的激烈发酵，有一些是信息不对称所致，还有相当一部分是“带节奏”的结果。在华为最困难、最需要支持的时候，它因为卷入了一起受到国家赔偿的案件，案件审理结果看上去没有支持华为最初的举报，随后所形成的舆论海啸就扑向了华为，说实话，以老胡的经验，打死我都不相信这是一个完全自然的过程。 到了这时，我觉得大家需要让理性出来帮着做一些整理了。华为是当下中国崛起遭遇挑战时期承重最大的公司之一。美国很明确想要让它死，国内也有少数人顺着美方的思路在诅咒它。在具体的争议层面，事情是一个逻辑，但当我们的判断涉及对华为的根本性肯定或否定时，一定有战略利益和动机会参与其中。作为中国人，我们要有能力拒绝这种参与，让华为的事情始终在它的原点周围徘徊。 对华为的正常批评没有问题，老胡上一篇文章就批评了它，但今天形成的针对华为的舆论面貌，不能不说令亲者痛仇者快。我们不能这样干啊，警惕不被人朝那样的方向带了节奏，这是我们中国人在这个复杂时代必须拥有的集体情商。 也希望华为坚强，正确地面对公众的各种声音。请做好你们的事情，并且相信，历史不会辜负诚恳和百折不回的团队。  收起全文d\n", "author": "来去之间", "time": "来去之间2019年12月05日19:00 来自HUAWEIP30Pro", "transmit": " 转发 108", "comment": "评论 168", "zan": " 1503"}, {"text": "\n                    仍然是那个生龙活虎的华为。华为今天在深圳总部宣布起诉FCC（美国联邦通信委员会），因为热点事件，华为最近又一次陷入了舆论的漩涡中，但实际上并没有打乱它向前走的脚步。如果用“人设”来形容华为，用“理工直男”再合适不过了。华为最近在李洪元事件中表现出来的理智和冷静，一些不了解它的人认 ​  展开全文c \n                    仍然是那个生龙活虎的华为。华为今天在深圳总部宣布起诉FCC（美国联邦通信委员会），因为热点事件，华为最近又一次陷入了舆论的漩涡中，但实际上并没有打乱它向前走的脚步。如果用“人设”来形容华为，用“理工直男”再合适不过了。华为最近在李洪元事件中表现出来的理智和冷静，一些不了解它的人认为是公关的包装，实际上则是企业早已形成的风格。比如，今天起诉美国FCC违宪，这是今年第二次起诉美国公权力机构违宪。不少评论认为，在美国的打压下，华为胜诉的几率微乎其微，为何还要以卵击石？因为掌握主动，不是引导舆论，而是通过证据、通过事实、拿起法律武器来一一回击。有以下几点可以关注：1. 和年初起诉国防法案相比，挑战FCC实际上是涉及挑战地方性联邦权力机构的决策，两者都是针对美国权力机构发起的，但涉及到权力的不同部门。2. 美国法律是否会偏向美国公权力部门？是也不是。法院判决是会根据证据和过往材料，这也是检验美国法治的一次机会。3. 不可能靠一场官司就赢得西方人心，但是对此事采取法律主动至少可以平衡舆论的力量。4. 华为聘请了优秀的、熟知美国法律的律师来打官司，是有备而来。对于美国步步紧逼，只有反击，别无其它。5. 也关注李某事件。首席法务官回答地简短清晰：这不是劳资纠纷，是涉嫌犯罪。#华为起诉美国联邦通信委员会##华为前员工被拘251天# 2深圳·华为基地 收起全文d\n", "author": "记者陈青青", "time": "记者陈青青2019年12月05日14:04 来自iPhoneXS", "transmit": " 转发 100", "comment": "评论 418", "zan": " 1360"}, {"text": "\n                    【华为再回应李洪元事件：这不是劳动纠纷】针对华为前员工李洪元被拘251天一事，华为首席法务官宋柳平今天表示，这不是一个劳动纠纷事件，对此没有更多评论。更多内容请登录联合早报网阅读 ​                ", "author": "早报网", "time": "早报网2019年12月05日14:16 来自微博weibo.com", "transmit": " 转发 56", "comment": "评论 318", "zan": " 1301"}, {"text": "\n                    #华为回应前员工被拘251天# 华为对李洪元的回应，一点毛病都没有，法律问题法律手段解决，是最低成本也是最好的方案。 有些人把华为比作大象，把李洪元比作蚂蚁，还担心面对华为强大的法务团队，李洪元个人势单力薄，耗不起。 这真是想多了。如果李洪元真有华为损害他合法权益、对华为不利的证据， ​  展开全文c \n                    #华为回应前员工被拘251天# 华为对李洪元的回应，一点毛病都没有，法律问题法律手段解决，是最低成本也是最好的方案。 有些人把华为比作大象，把李洪元比作蚂蚁，还担心面对华为强大的法务团队，李洪元个人势单力薄，耗不起。 这真是想多了。如果李洪元真有华为损害他合法权益、对华为不利的证据，就算李洪元没有钱去告，华为的竞争对手也一定会砸钱帮李洪元去告，支持李洪元打赢一场让华为名誉大为受损的官司。平时有事没事黑华为的公关活动上都砸了那么多钱，这么好的机会怎么会放过？ 然而李洪元竟然还没去告，而且如此会留心眼搜集和保留证据的一个人，竟然没有弄到一点儿能让华为吃上官司的证据，这事还真是反常。 俗话说，事出反常必有妖，让子弹再飞会儿，戏还没演完呢。 收起全文d\n", "author": "刘若晴", "time": "刘若晴2019年12月05日02:09 来自HUAWEIMate30Pro5G", "transmit": " 转发 226", "comment": "评论 291", "zan": " 655"}, {"text": "\n李洪元这个事，网络上有一种奇怪的声音就是批判华为血汗工厂资本家，我觉得这是很可笑的。华为是一家民营企业，要生存就必须要不断努力前进，所以不能养闲人。华为是出了名的加班多，也出了名的待遇高，同样是加班狗，哪个企业有像华为这样报酬丰厚？大家也别忘记，华为之所以能够在通讯领域处于国际 ​  展开全文c \n李洪元这个事，网络上有一种奇怪的声音就是批判华为血汗工厂资本家，我觉得这是很可笑的。华为是一家民营企业，要生存就必须要不断努力前进，所以不能养闲人。华为是出了名的加班多，也出了名的待遇高，同样是加班狗，哪个企业有像华为这样报酬丰厚？大家也别忘记，华为之所以能够在通讯领域处于国际领先地位，正是靠一群优秀的员工努力加班换来的。要说资本家剥削，对比富士康那才是真正的血汗工厂吧，可是郭台铭用赚来的钱去泡女明星，去竞选，回馈了什么社会价值？富士康除了做苹果代工以外企业还获得了什么更高成就？而被说成压榨员工的资本家任正非，个人资产连小米的雷军都远远不如，这说明什么问题？华为被美国制裁的这段时间丢失的海外市场份额，这本来是一个很好的机会，但遗憾的是这个份额并没有被其他国产品牌补充上去，而是被三星苹果继续瓜分，说明我们其他国产品牌还是缺乏竞争力。所以华为垮了谁最高兴？谁获益最大？这个问题的答案不言而喻！ #华为前员工被拘251天##华为支持李洪元运用法律武器维权# 收起全文d\n", "author": "在树上热爱大地", "time": "在树上热爱大地2019年12月05日00:02 来自Weibo.intl", "transmit": " 转发 59", "comment": "评论 180", "zan": " 556"}, {"text": "\n华为高管回应李洪元251事件，看样子还有续集待看。 ​                ", "author": "樱桃说房子", "time": "樱桃说房子2019年12月05日20:46 来自HUAWEIP30", "transmit": " 转发 91", "comment": "评论 367", "zan": " 2047"}, {"text": "\n华为251事件，逐渐反转了。大家综合看一下：图1，251事件大致经过；图2，李洪元接受媒体采访的文字记录；图3，李的前主管对其工作能力的评价；图4，十个尖锐问题。#华为回应前员工李洪元事件##李洪元回应华为声明# 看完，似乎也就理解了——为什么李不起诉华为。你会喜欢一个这样的员工吗？？？ ​                ", "author": "速报哥", "time": "速报哥2019年12月05日21:07", "transmit": " 转发 368", "comment": "评论 1934", "zan": " 7460"}, {"text": "\n251李洪元舆情危机，第一日华为面对蚂蚁般海啸的民意，应对迟滞；第二日，延宕至傍晚发出简陋声明；第三日华为前公关十问十答 ，【事实，报道，舆论】在这个新闻学框架中，这是要在舆论上“把李洪元再次抓起来”。第四日：华为余承东在微信中发出“超级黑公关”。华为危机应对，从迟滞到粗陋，从发 ​  展开全文c \n251李洪元舆情危机，第一日华为面对蚂蚁般海啸的民意，应对迟滞；第二日，延宕至傍晚发出简陋声明；第三日华为前公关十问十答 ，【事实，报道，舆论】在这个新闻学框架中，这是要在舆论上“把李洪元再次抓起来”。第四日：华为余承东在微信中发出“超级黑公关”。华为危机应对，从迟滞到粗陋，从发布违悖法律事实的传言，到华为高层直接转发“低级红，高级黑”的网络谣言，直到今天现任公关要到清华新闻学院讲课，吹嘘其公关成就，其公关水准已不是用“傲慢”二字能形容，清华校训是“自强不息，厚德载物”，但更当实事求是，是其是，非其非，这样的公关活动，当直接叫停。 收起全文d\n", "author": "凯雷", "time": "凯雷2019年12月05日15:13", "transmit": " 转发 89", "comment": "评论 137", "zan": " 640"}, {"text": "\n                    【胡锡进：华为面对海啸般的负面舆情，这不正常】近日，华为前员工李洪元被拘251天的事件在互联网引发激烈舆情，环球时报总编辑胡锡进在微博发文，就此事发表评论。任何一家公司或者机构面对这样的舆论冲击，其应对手段都是有局限的。让这场风波以最符合中国公众利益的方式来着陆，唯一可行和有效的是 ​  展开全文c \n                    【胡锡进：华为面对海啸般的负面舆情，这不正常】近日，华为前员工李洪元被拘251天的事件在互联网引发激烈舆情，环球时报总编辑胡锡进在微博发文，就此事发表评论。任何一家公司或者机构面对这样的舆论冲击，其应对手段都是有局限的。让这场风波以最符合中国公众利益的方式来着陆，唯一可行和有效的是我们大家从情绪中回到常识和事物的原本逻辑。O胡锡进：华为面对海啸般的负面舆情，这不正常 收起全文d\n", "author": "凤凰网科技", "time": "凤凰网科技2019年12月05日21:35 来自微博weibo.com", "transmit": " 转发 21", "comment": "评论 197", "zan": " 637"}, {"text": "\n                    你觉得李洪元、孟晚舟，谁更冤？ ​（图一：是被羁押251天华为前员工李洪元） ​                ", "author": "搞笑童姥", "time": "搞笑童姥2019年12月05日08:08", "transmit": " 转发 21", "comment": "评论 386", "zan": " 1335"}, {"text": "\n                    环球时报总编辑@胡锡进 再评华为李洪元事件                \n华为前员工李洪元被拘251天的事件最后带出如此轰轰烈烈的舆情，已经超出了事情本应有的逻辑。老胡作为穿越了这些年互联网一次又一次激烈舆情的新闻“老司机”，想对朋友们说一句：任何一家公司或者机构面对这样的舆论冲击，其应对手段都是有局限的。让这场风波以最符合中国公众利益的方式来着陆，唯一 ​  展开全文c \n华为前员工李洪元被拘251天的事件最后带出如此轰轰烈烈的舆情，已经超出了事情本应有的逻辑。老胡作为穿越了这些年互联网一次又一次激烈舆情的新闻“老司机”，想对朋友们说一句：任何一家公司或者机构面对这样的舆论冲击，其应对手段都是有局限的。让这场风波以最符合中国公众利益的方式来着陆，唯一可行和有效的是我们大家从情绪中回到常识和事物的原本逻辑，想一想华为与中国国家利益和公众利益的真实关系，再回过头来探寻一下事情原本的脉络，摆脱那些夸大的东西和试图误导我们大家的用意，让理性的旗帜在情绪的海平面上重新飘扬起来。首先，李洪元被羁押251天，华为有多大责任？华为的一名基层主管是报案者，这一报案在法律上可能准确，也可能不准确。客观说，华为的责任就这么大。接下来是法律程序，李洪元被令人遗憾地羁押了251天，国家赔偿表达了对这一羁押的法律态度。但这些都是司法程序问题，不是华为能够影响的。 有人怀疑华为干预了这个过程，但没有任何这方面的证据，而且华为那样做的动机是什么？为什么深圳龙岗区检察院最后做的又是不予起诉的决定呢？华为是一家讲法律和讲规则的公司，对一名前员工搞司法迫害，这不符合该公司的基本价值观，而且是充满风险的。老胡认为，我们在做这种怀疑时，不应使用对华为有罪推定的逻辑，并让它主导舆论。 华为的声明很短，老胡也批评了这一声明“缺少温度”。但据我最新了解，这当中有一些隐情，促使华为低调、简短地回应。也许过一段时间，事情的脉络会得到进一步的补充，在这之前，我们权且将这作为华为的一次“公关失误”。那么它因此该受到多大的批评呢？ 很多人联想到，华为一定对自己的员工很无情。坊间关于华为“狼性文化”的传闻被用来作为对这一批评的佐证。但我想说，华为对员工的关怀不可能不高于中国公司的平均线。任何成功的公司，都首先必须善待员工，否则它决不可能有凝聚力。华为一路打拼到今天，经历了多少艰难困苦，眼下又在全世界所有大公司中遭到世界第一强国最猛烈的打压，它如果对员工是冷酷的，队伍早就散了。 华为的声明给人以不尊重公众情感的印象。我前面说了，它或许是隐情所致，或许是公关失误，但一家大公司不重视公众情绪，也是决不可能的。华为正被美国往死里打，它的海外市场开拓面临严重挑战，国内市场更加成为它不能出闪失的根据地。它怎么能不重视公众的看法呢？有一种怀疑是，华为傲慢，就是不在乎。我想说，全世界不可能有一家真正敢于面对自己的市场耍大牌的公司，华为这种走南闯北，知道获得一个市场的认同是多么不容易的公司，它的“傲慢”完全不合逻辑，与最基本的商业经验相抵触。因此不能不说，这种“傲慢”来源于舆论场的想象。 就事论事地批评华为，我认为是正常的，有时因为信息不对称，出现对华为的误解和责怪，也不奇怪。但是形成针对华为海啸般的负面舆情，我就不认为是正常的了。 请注意，舆论在这件事中有几个共鸣和不满，包括工作不稳定的风险，与机构发生冲突时个人处于劣势并受到迫害，在司法上遭遇被不合理羁押的冤屈等等。华为只是一名基层主管报了案，舆论发酵起来后，就将这些危机感全都倾泻到华为公司的头上，这不应该是华为承受的负荷。 老胡不能不说，舆论场针对华为的激烈发酵，有一些是信息不对称所致，还有相当一部分是“带节奏”的结果。在华为最困难、最需要支持的时候，它因为卷入了一起受到国家赔偿的案件，案件审理结果看上去没有支持华为最初的举报，随后所形成的舆论海啸就扑向了华为，说实话，以老胡的经验，打死我都不相信这是一个完全自然的过程。 到了这时，我觉得大家需要让理性出来帮着做一些整理了。华为是当下中国崛起遭遇挑战时期承重最大的公司之一。美国很明确想要让它死，国内也有少数人顺着美方的思路在诅咒它。在具体的争议层面，事情是一个逻辑，但当我们的判断涉及对华为的根本性肯定或否定时，一定有战略利益和动机会参与其中。作为中国人，我们要有能力拒绝这种参与，让华为的事情始终在它的原点周围徘徊。 对华为的正常批评没有问题，老胡上一篇文章就批评了它，但今天形成的针对华为的舆论面貌，不能不说令亲者痛仇者快。我们不能这样干啊，警惕不被人朝那样的方向带了节奏，这是我们中国人在这个复杂时代必须拥有的集体情商。 也希望华为坚强，正确地面对公众的各种声音。请做好你们的事情，并且相信，历史不会辜负诚恳和百折不回的团队。  收起全文d\n", "author": "新浪科技", "time": "新浪科技2019年12月05日19:00 来自HUAWEIP30Pro", "transmit": " 转发 15", "comment": "评论 187", "zan": " 874"}, {"text": "\n                    【#华为陈黎芳谈前员工251事件#：华为的声明并非以势压人，追求过程透明】12月5日，华为高级副总裁陈黎芳在一次讲座中谈及“华为前员工251事件”。在讲座的问答环节，陈黎芳称：在李洪元事件中，华为的声明并非以势压人；华为追求的是过程透明；余承东转发微信文章是受不了委屈。@梨北京  ​  展开全文c \n                    【#华为陈黎芳谈前员工251事件#：华为的声明并非以势压人，追求过程透明】12月5日，华为高级副总裁陈黎芳在一次讲座中谈及“华为前员工251事件”。在讲座的问答环节，陈黎芳称：在李洪元事件中，华为的声明并非以势压人；华为追求的是过程透明；余承东转发微信文章是受不了委屈。@梨北京 O网页链接 收起全文d\n", "author": "天涯社区", "time": "天涯社区2019年12月05日19:55 来自iPhone客户端", "transmit": " 转发 22", "comment": "评论 104", "zan": " 361"}, {"text": "\n李洪元VS华为，蚂蚁斗大象，虽然被冤枉拘押251，但在全国人民视华为为英雄的当下，李洪元已被支持华为的声浪淹没，当然，正如华为所声明，不服去告啊。可是，上面有指示，私企负责人犯罪，能不逮捕的不逮捕，即，只要你是企业负责人，就可以大事化小小事化无，法律是帮有钱资本家的，你李洪元死心了吧 ​  展开全文c \n李洪元VS华为，蚂蚁斗大象，虽然被冤枉拘押251，但在全国人民视华为为英雄的当下，李洪元已被支持华为的声浪淹没，当然，正如华为所声明，不服去告啊。可是，上面有指示，私企负责人犯罪，能不逮捕的不逮捕，即，只要你是企业负责人，就可以大事化小小事化无，法律是帮有钱资本家的，你李洪元死心了吧。可怕的是，这事已被美帝反华势力所利用，它们没事都想找事，现在事来了，它们能放过吗？所以美帝及其走狗正利用此事黑华为压中国，因此，全国人民一致对外，支持中国的民族企业，这义不容情，因此，你李洪元还是死心了吧。只能如此了，啰嗦了几句，许多人包括老友肯定不高兴，谁让我是直肠子人呢，有话就直说。 收起全文d\n", "author": "南方小剑剑", "time": "南方小剑剑2019年12月05日15:05 来自荣耀9美得有声有色", "transmit": " 转发 45", "comment": "评论 47", "zan": " 75"}, {"text": "\n                    【#华为陈黎芳谈前员工251事件#：要有耐心看李洪元犯的什么事，我们举报他一定是超出了劳动仲裁纠纷】12月5日，华为高级副总裁陈黎芳在一次讲座中谈及“华为前员工251事件”。在讲座的问答环节，陈黎芳称：“华为依法做了举报。我们要有足够的耐心，来看李洪元到底犯的是什么事情。” ​  展开全文c \n                    【#华为陈黎芳谈前员工251事件#：要有耐心看李洪元犯的什么事，我们举报他一定是超出了劳动仲裁纠纷】12月5日，华为高级副总裁陈黎芳在一次讲座中谈及“华为前员工251事件”。在讲座的问答环节，陈黎芳称：“华为依法做了举报。我们要有足够的耐心，来看李洪元到底犯的是什么事情。”O网页链接 收起全文d\n", "author": "老板联播", "time": "老板联播2019年12月05日19:04 来自专业版微博", "transmit": " 转发 22", "comment": "评论 146", "zan": " 588"}, {"text": "\n                    【吴新| 里应外合消灭华为】O网页链接 华为员工上十万，出了几个李洪元？因为一个李洪元就把华为的声誉一笔购销，是\"伸张正义\"，还是刁难陷害？如果连华为这个民族科技脊梁和李洪元个人的251闹剧塾重塾轻都分不清，那又怎么可能识别搞跨国家制造动乱的忽悠诡计？ O吴新| 里应外合消灭华为 ​                ", "author": "察网中国", "time": "察网中国2019年12月05日12:48 来自微博weibo.com", "transmit": " 转发 199", "comment": "评论 141", "zan": " 505"}, {"text": "\n                    你觉得李洪元、孟晚舟，谁更冤？ （图一：是被羁押251天华为前员工李洪元） ​                ", "author": "极品特长生", "time": "极品特长生2019年12月05日16:30 来自微博weibo.com", "transmit": " 转发 12", "comment": "评论 145", "zan": " 328"}, {"text": "\n                    【环球时报总编辑胡锡进再评华为李洪元事件：让理性的旗帜重新飘扬】《环球时报》总编辑胡锡进在微博就华为前员工李洪元被拘251天一事再度发声。胡锡进表示，华为前员工李洪元被拘251天的事件最后带出如此轰轰烈烈的舆情，已经超出了事情本应有的逻辑。让这场风波以最符合中国公众利益的方式来着陆， ​  展开全文c \n                    【环球时报总编辑胡锡进再评华为李洪元事件：让理性的旗帜重新飘扬】《环球时报》总编辑胡锡进在微博就华为前员工李洪元被拘251天一事再度发声。胡锡进表示，华为前员工李洪元被拘251天的事件最后带出如此轰轰烈烈的舆情，已经超出了事情本应有的逻辑。让这场风波以最符合中国公众利益的方式来着陆，唯一可行和有效的是我们大家从情绪中回到常识和事物的原本逻辑，摆脱那些夸大的东西和试图误导我们大家的用意，让理性的旗帜在情绪的海平面上重新飘扬起来。他认为李洪元被羁押251天一事，华为的一名基层主管是报案者，这一报案在法律上可能准确，也可能不准确。客观说，华为的责任就这么大。接下来是法律程序，李洪元被令人遗憾地羁押了251天，国家赔偿表达了对这一羁押的法律态度。但这些都是司法程序问题，不是华为能够影响的。 收起全文d\n", "author": "钛媒体APP", "time": "钛媒体APP2019年12月05日21:19 来自微博weibo.com", "transmit": " 转发 17", "comment": "评论 107", "zan": " 486"}, {"text": "\n                    【#华为陈黎芳谈前员工251事件#：要有耐心看李洪元犯的什么事，我们举报他一定是超出了劳动仲裁纠纷】12月5日，华为高级副总裁陈黎芳在一次讲座中谈及“华为前员工251事件”。在讲座的问答环节，陈黎芳称：“华为依法做了举报。我们要有足够的耐心，来看李洪元到底犯的是什么事情。” ​  展开全文c \n                    【#华为陈黎芳谈前员工251事件#：要有耐心看李洪元犯的什么事，我们举报他一定是超出了劳动仲裁纠纷】12月5日，华为高级副总裁陈黎芳在一次讲座中谈及“华为前员工251事件”。在讲座的问答环节，陈黎芳称：“华为依法做了举报。我们要有足够的耐心，来看李洪元到底犯的是什么事情。”O网页链接 @老板联播 收起全文d\n", "author": "福布斯中文网", "time": "福布斯中文网2019年12月05日19:19 来自福布斯iPhone客户端", "transmit": " 转发 17", "comment": "评论 123", "zan": " 407"}, {"text": "\n                    【#华为陈黎芳谈前员工251事件#：华为的声明并非以势压人，追求过程透明。你怎么认为？】12月5日，华为高级副总裁陈黎芳在一次讲座中谈及“华为前员工251事件”。在讲座的问答环节，陈黎芳称：在李洪元事件中，华为的声明并非以势压人；华为追求的是过程透明；余承东转发微信文章是受不了委屈。  ​  展开全文c \n                    【#华为陈黎芳谈前员工251事件#：华为的声明并非以势压人，追求过程透明。你怎么认为？】12月5日，华为高级副总裁陈黎芳在一次讲座中谈及“华为前员工251事件”。在讲座的问答环节，陈黎芳称：在李洪元事件中，华为的声明并非以势压人；华为追求的是过程透明；余承东转发微信文章是受不了委屈。 O网页链接 收起全文d\n", "author": "工业科技迷", "time": "工业科技迷2019年12月05日21:19", "transmit": " 转发 16", "comment": "评论 124", "zan": " 178"}, {"text": "\n                    【华为再回应李洪元事件：这不是劳动纠纷】12月5日丨据新京报，对于近日社会高度关注的华为前员工李洪元被拘留251天后无罪释放一事，华为首席法务官宋柳平今天在新闻发布会上表示，“我们的声明写得很清楚，对涉嫌违法犯罪进行举报，所以它不是一个劳动纠纷。我没有再多的评论。”#李洪元回应华为声明# ​  展开全文c \n                    【华为再回应李洪元事件：这不是劳动纠纷】12月5日丨据新京报，对于近日社会高度关注的华为前员工李洪元被拘留251天后无罪释放一事，华为首席法务官宋柳平今天在新闻发布会上表示，“我们的声明写得很清楚，对涉嫌违法犯罪进行举报，所以它不是一个劳动纠纷。我没有再多的评论。”#李洪元回应华为声明##华为支持李洪元运用法律武器维权##华为# 收起全文d\n", "author": "价值投资日志", "time": "价值投资日志2019年12月05日14:36 来自iPhoneX", "transmit": " 转发 15", "comment": "评论 126", "zan": " 258"}, {"text": "\n                    #华为回应前员工被拘251天#李洪元应该勇敢的站起来拿起法律的武器把诬陷他的人送进牢房，虽然很难，但也应该坚持。人大女生李宁一个弱女子为母申冤十年，最终把残害她母亲的官员凶手送上法庭。 ​                ", "author": "星河元年3", "time": "星河元年32019年12月05日23:26 来自小米手机5", "transmit": " 转发 89", "comment": "评论 5", "zan": " 3"}, {"text": "\n                    【#华为陈黎芳谈前员工251事件#：华为的声明并非以势压人，追求过程透明】12月5日，华为高级副总裁陈黎芳在一次讲座中谈及“华为前员工251事件”。在讲座的问答环节，陈黎芳称：在李洪元事件中，华为的声明并非以势压人；华为追求的是过程透明；余承东转发微信文章是受不了委屈。  ​  展开全文c \n                    【#华为陈黎芳谈前员工251事件#：华为的声明并非以势压人，追求过程透明】12月5日，华为高级副总裁陈黎芳在一次讲座中谈及“华为前员工251事件”。在讲座的问答环节，陈黎芳称：在李洪元事件中，华为的声明并非以势压人；华为追求的是过程透明；余承东转发微信文章是受不了委屈。 O网页链接 收起全文d\n", "author": "老板联播", "time": "老板联播2019年12月05日20:54 来自iPhone7", "transmit": " 转发 7", "comment": "评论 80", "zan": " 235"}, {"text": "\n华为前员工李洪元因离职赔偿金遭遇251天拘留一事，本是一件企业与员工之间的小矛盾而已，反对某些人文章中就此事用过激言论给华为施压。当前在国际上，美国不惜倾力打压刁难华为，妄图阻挡华为挺进欧洲的脚步，华为面临很多挑战和竞争，华为作为中国企业的一张名片，中国人没有一个不支持华为、力挺华 ​  展开全文c \n华为前员工李洪元因离职赔偿金遭遇251天拘留一事，本是一件企业与员工之间的小矛盾而已，反对某些人文章中就此事用过激言论给华为施压。当前在国际上，美国不惜倾力打压刁难华为，妄图阻挡华为挺进欧洲的脚步，华为面临很多挑战和竞争，华为作为中国企业的一张名片，中国人没有一个不支持华为、力挺华为的！ 收起全文d\n", "author": "漠宏庵", "time": "漠宏庵2019年12月05日10:39 来自漠宏庵情感超话", "transmit": " 转发 21", "comment": "评论 209", "zan": " 286"}]