[{"text": "\n                    短短一个月，见识到两起惊动人民日报回应的事件，相似之处都是当事单位官微啥动静没有，直接央媒出马。一个是华为回应前员工李洪元被拘251天。一个是沈阳市公安局回应在校大学生被伤害。巧合的是，人民日报这两个话题都已经404，后者换个话题还能搜到。#手机# ​  展开全文c \n                    短短一个月，见识到两起惊动人民日报回应的事件，相似之处都是当事单位官微啥动静没有，直接央媒出马。一个是华为回应前员工李洪元被拘251天。一个是沈阳市公安局回应在校大学生被伤害。巧合的是，人民日报这两个话题都已经404，后者换个话题还能搜到。#手机##沈阳警方通报研究生被刺伤案# 收起全文d\n", "author": "吃羊肉的疯子", "time": "吃羊肉的疯子2019年12月19日21:47 来自三星Note10＋5G", "transmit": " 转发 5", "comment": "评论 28", "zan": " 114"}]