[{"text": "\n                    #华为251事件#有人给华为洗地，有人给李洪元抱不平。洗地的人说华为多么伟大，这都是某国的阴谋；抱不平的人说凭什么官商勾结压迫员工。伟大的从来不是企业，而是在背后付出的一个个人，而这一个个人才是构建了这个商业帝国的根本，有这些人，没有华为还会有中为民为XX为。给华为洗地的人自己想想 ​  展开全文c \n                    #华为251事件#有人给华为洗地，有人给李洪元抱不平。洗地的人说华为多么伟大，这都是某国的阴谋；抱不平的人说凭什么官商勾结压迫员工。伟大的从来不是企业，而是在背后付出的一个个人，而这一个个人才是构建了这个商业帝国的根本，有这些人，没有华为还会有中为民为XX为。给华为洗地的人自己想想，自己的立场是什么，自己的地位是什么，屁股决定位置，除了恰了烂钱和没有脑子，我实在想不出来他们的动机和理由，人本位思想，实事求是的思想，才是这些水军和昧了良心的人最缺乏的东西。前一天251，后一天MWZ，洗白的思路如此清晰，公关的速度如此寻思，还有一群以华为壮大为己任的上当。啧 收起全文d\n", "author": "-桑屿", "time": "-桑屿2019年12月15日20:26 来自荣耀9美得有声有色", "transmit": " 转发 5", "comment": "评论 36", "zan": " 29"}]