[{"text": "\n华为这个事，美国《纽约时报》跳得这么欢，它这么关心中国工人阶级的权利话说李洪元是工人阶级么？中国的右派为了他们的美爹狠砸华为，左派为了政治正确性狠砸华为。华为算是一夜之间把左右派都得罪了251真相与华为公关失误O251真相与华为公关失误 ​                ", "author": "王小东", "time": "王小东2019年12月09日10:01 来自HUAWEIMate20Pro", "transmit": " 转发 111", "comment": "评论 101", "zan": " 396"}, {"text": "\n                    【251事件最新消息】今日华为前员工李洪元发微博说：就他被诬告、陷害一事深圳市检察院已立案。结果，深圳市检察院挥手就是一耳光，李洪元顿时晕头转向，一下找不到北，慌忙删了微博。#子午舆情观察# ​                ", "author": "子午侠士", "time": "子午侠士2019年12月09日22:48 来自HUAWEIMate10", "transmit": " 转发 229", "comment": "评论 624", "zan": " 4390"}, {"text": "\n                    //@lawuyj_啊剑:华为道歉=华为错了，知错改正也不行；华为不道歉=华为傲慢，无情企业；华为支持打官司=以势压人，个人打不过；华为不打官司和解=华为心虚，吃血企业。在我看来这波节奏被带的很成功，节奏就是无论华为对错都是错 \n                                    前华为员工谈李洪元251事件，以抽丝剥茧的方式分析此次事件，以及海外势力的幕后运作 L上帝之鹰_5zn的微博视频 ​                                ", "author": "風中微塵", "time": "風中微塵2019年12月07日11:44 来自微博weibo.com", "transmit": " 转发 260", "comment": "评论 209", "zan": " 1455"}, {"text": "\n华为251事件还没完。李洪元@leedeson 实名认证微博突然爆料：深圳市检方已经立案，对之前涉及的诬告陷害、伪证、玩忽职守、渎职等罪行进行反查！ 目前，两条微博都已经删除，不知道啥原因。 随后，有人私信问深圳人民检察院官微，官微回复：“消息不实，博主已自行删除。” ​                ", "author": "章晓华微博", "time": "章晓华微博2019年12月09日21:34", "transmit": " 转发 52", "comment": "评论 86", "zan": " 298"}, {"text": "\n细听此位华为前员工的分析，晃然大悟———-李洪元如此的无耻…………华为对你赿好，你赿下作，李洪元是当代最无良知人的样板吗？L上帝之鹰_5zn的微博视频 ​                ", "author": "建议领袖", "time": "建议领袖2019年12月09日06:09 来自微博weibo.com", "transmit": " 转发 55", "comment": "评论 ", "zan": " 12"}, {"text": "\n                    你觉得李洪元、孟晚舟，谁更冤？ （图一：是被羁押251天华为前员工李洪元） ​                ", "author": "笑大侠", "time": "笑大侠2019年12月09日19:50 来自微博weibo.com", "transmit": " 转发 10", "comment": "评论 59", "zan": " 369"}, {"text": "\n                    华必输系列//@lawuyj_啊剑:华为道歉=华为错了，知错改正也不行；华为不道歉=华为傲慢，无情企业；华为支持打官司=以势压人，个人打不过；华为不打官司和解=华为心虚，吃血企业。在我看来这波节奏被带的很成功，节奏就是无论华为对错都是错 \n                                    前华为员工谈李洪元251事件，以抽丝剥茧的方式分析此次事件，以及海外势力的幕后运作 L上帝之鹰_5zn的微博视频 ​                                ", "author": "点子正", "time": "点子正2019年12月07日11:44 来自微博weibo.com", "transmit": " 转发 36", "comment": "评论 8", "zan": " 51"}, {"text": "\n华为251事件还没完。李洪元@leedeson 实名认证微博突然爆料：深圳市检方已经立案，对之前涉及的诬告陷害、伪证、玩忽职守、渎职等罪行进行反查！ 目前，两条微博都已经删除。厨子磨刀说个不专业的东西，诬告陷害、伪证，是公安机关管辖的罪名，玩忽职守，渎职，现在应该归属监察委管辖。 ​  展开全文c \n华为251事件还没完。李洪元@leedeson 实名认证微博突然爆料：深圳市检方已经立案，对之前涉及的诬告陷害、伪证、玩忽职守、渎职等罪行进行反查！ 目前，两条微博都已经删除。厨子磨刀说个不专业的东西，诬告陷害、伪证，是公安机关管辖的罪名，玩忽职守，渎职，现在应该归属监察委管辖。所以，这个不专业不是说我的。 收起全文d\n", "author": "胖子陈越", "time": "胖子陈越2019年12月09日22:56 来自HUAWEIMate20", "transmit": " 转发 10", "comment": "评论 23", "zan": " 177"}, {"text": "\n华为前员工谈李洪元251事件，从大家忽视的关键细节来分析此次事件，以及海外势力的幕后运作 L内心很帅的学长的微博视频 ​                ", "author": "内心很帅的学长", "time": "内心很帅的学长2019年12月09日17:48", "transmit": " 转发 8", "comment": "评论 9", "zan": " 28"}, {"text": "\n                    相信法律就行了。                \n华为251事件仍在继续。华为前员工李洪元@leedeson 实名认证微博突然爆料：深圳市检方已经立案，对之前涉及的诬告陷害、伪证、玩忽职守、渎职等罪行进行反查！ 目前，两条微博均已删除，详情不明。12月10日，微博官方通报：李洪元发布不实信息，被禁言！！！ ​                                ", "author": "财宝宝", "time": "财宝宝2019年12月09日16:12 ", "transmit": " 转发 23", "comment": "评论 27", "zan": " 142"}, {"text": "\n                    其它姑且不论，至少证明此人嘴里无实话，不可信。//@雅虎的哥哥猛虎:由此可见……                \n                                    【251事件最新消息】今日华为前员工李洪元发微博说：就他被诬告、陷害一事深圳市检察院已立案。结果，深圳市检察院挥手就是一耳光，李洪元顿时晕头转向，一下找不到北，慌忙删了微博。#子午舆情观察# ​                                ", "author": "子午侠士", "time": "子午侠士2019年12月09日22:48 来自HUAWEIMate10", "transmit": " 转发 29", "comment": "评论 13", "zan": " 36"}, {"text": "\n                    接上条但需要注意的是，即使李洪元真的实施了上述行为，该行为能否认定为敲诈勒索行为，依然值得仔细分析。因为在认定是否构成敲诈勒索罪时，有一个关键要点是：要正确区分权利行使与敲诈勒索之间的界限。即当行为人利用恐吓手段实现自身正当的债权时，这种情况下，能否构成敲诈勒索罪？根据刑法 ​  展开全文c \n                    接上条但需要注意的是，即使李洪元真的实施了上述行为，该行为能否认定为敲诈勒索行为，依然值得仔细分析。因为在认定是否构成敲诈勒索罪时，有一个关键要点是：要正确区分权利行使与敲诈勒索之间的界限。即当行为人利用恐吓手段实现自身正当的债权时，这种情况下，能否构成敲诈勒索罪？根据刑法理论，在这种情况下，应当综合考虑以下五个要素1、权利的正当与否。2、是否在正当权利的范围之内。3、手段行为与权利之间有无内在关联。4、手段行为的必要性以及相当性。5、当债权金额确定时，所索取的财物数额的大小。结合本案，如果李洪元索要的仅仅是离职补偿金，且该金额在合理范围内，即使采用了一定的恐吓行为，小编也认为对这样的行为不能认定为敲诈勒索罪。#华为前员工被拘251天##法治##法治微课堂# 收起全文d\n", "author": "检姐姐", "time": "检姐姐2019年12月09日23:35 来自小米6拍人更美", "transmit": " 转发 8", "comment": "评论 34", "zan": " 44"}, {"text": "\n                    王小东：华为这个事，美国《纽约时报》跳得这么欢，它这么关心中国工人阶级的权利[强][奸笑]话说李洪元是工人阶级么？[抠鼻] 中国的右派为了他们的美爹狠砸华为，左派为了政治正确性狠砸华为。华为算是一夜之间把左右派都得罪了[抠鼻]                \n                                    关于251，第1次听说这么多细节。没弄清基本事实，急急忙忙朝着华为背后开枪的那些媒体的大佬们评论员们，你们没有勇气做一个自我检讨吗？即使你们主观故意不是要弄死华为，只是在客观上配合美国围剿华为，你们就不需要做一个检讨吗？就没有人站出来说我应当负责任吗？配合一根芦苇，旨在拆散几家国 ​  展开全文c \n                                    关于251，第1次听说这么多细节。没弄清基本事实，急急忙忙朝着华为背后开枪的那些媒体的大佬们评论员们，你们没有勇气做一个自我检讨吗？即使你们主观故意不是要弄死华为，只是在客观上配合美国围剿华为，你们就不需要做一个检讨吗？就没有人站出来说我应当负责任吗？配合一根芦苇，旨在拆散几家国有油企，打着环保旗号大力宣传那个可疑的小清新片子，最后被事实打脸，被事实证明是犯了严重导向性错误的媒体，你们涉嫌故计重演，还是重蹈覆辙？不需要说清楚吗？O251真相与华为公关失误 收起全文d\n", "author": "司马南", "time": "司马南2019年12月09日09:06 来自HUAWEIMate30Pro", "transmit": " 转发 31", "comment": "评论 121", "zan": " 123"}]