[{"text": "\n华为前员工李洪元被以敲诈华为公司的罪名拘留251天，后被无罪释放，并获得国家赔偿。此事在互联网上逐渐发酵，并且出现了一些针对华为的舆论声讨。针对老胡的询问，华为的人说公司将会对此事作出回应，给舆论一个说法。 老胡想在此评论说，李洪元的遭遇非常令人同情，司法机关最终判他无罪，并给予 ​  展开全文c \n华为前员工李洪元被以敲诈华为公司的罪名拘留251天，后被无罪释放，并获得国家赔偿。此事在互联网上逐渐发酵，并且出现了一些针对华为的舆论声讨。针对老胡的询问，华为的人说公司将会对此事作出回应，给舆论一个说法。 老胡想在此评论说，李洪元的遭遇非常令人同情，司法机关最终判他无罪，并给予国家赔偿，这是事情对错一锤定音的结论。 我还认为，公众同情弱者的情绪是健康的。华为是个强大的公司，它的一名前员工因为与公司发生了纠纷，受到了这样的不公正对待，这非常让人遗憾，很多人出于朴素的感情对华为产生一些负面情绪，也是正常的。 同时老胡也想说，华为有十几万员工，堪称电信帝国，它的内部组织和管理结构注定是相当复杂的。李洪元的遭遇其实是与华为某个具体部门的冲突，当然，华为公司没能及时作出反应，帮助这一冲突以更合理的方式化解，这反映了华为的管理是存在缺陷的。 我支持这件事情以更加公平、合理而且有温度的方式彻底解决。与此同时，我不主张将这件事情过度上纲上线，用它来对整个华为公司进行道义上的否定。我觉得那样做不够理性和实事求是。 谁都会出差错，再伟大的公司也难免俗。客观说，华为的管理总体上是比较科学的，综合效果也是比较好的。据报道，华为每年要投入巨额资金用于优化公司的管理。华为不仅在5G网络技术走到世界前列，它还为中国培养锻炼了大批人才。对这样的公司，我们不应因为一个孤立事件就给它扣上沉重的大帽子，贴上不应有的标签。 老胡希望华为的回应能够早点出来。我呼吁舆论给这件事的公平合理解决创造有利的氛围。 收起全文d\n", "author": "胡锡进", "time": "胡锡进2019年12月01日23:21 来自HUAWEIP30Pro", "transmit": " 转发 11066", "comment": "评论 30032", "zan": " 302220"}, {"text": "\n                    #华为前员工被拘251天#华为13年老员工离职被起诉敲诈勒索，被羁押251天，最后因为证据不足检察院做撤诉处理，李洪元获得10w国家赔偿。该员工2005年入职华为，2018年1月31日离职，在华为奋战13年，离职后因离职补偿金额与华为部门主管不统一问题，2018年12月16日，李洪元被拘留，随后羁押251天。从 ​  展开全文c \n                    #华为前员工被拘251天#华为13年老员工离职被起诉敲诈勒索，被羁押251天，最后因为证据不足检察院做撤诉处理，李洪元获得10w国家赔偿。该员工2005年入职华为，2018年1月31日离职，在华为奋战13年，离职后因离职补偿金额与华为部门主管不统一问题，2018年12月16日，李洪元被拘留，随后羁押251天。从职务侵占罪到侵犯商业秘密罪，最后以敲诈勒索罪起诉，这是一个典型的劳动纠纷转化为刑事犯罪的案件。《劳动合同法》第四十八条 用人单位违反本法规定解除或者终止劳动合同，劳动者要求继续履行劳动合同的，用人单位应当继续履行；劳动者不要求继续履行劳动合同或者劳动合同已经不能继续履行的，用人单位应当依照本法第八十七条 规定支付赔偿金。《刑法》第二百七十四条规定，敲诈勒索罪是指以非法占有为目的，对被害人使用恐吓、威胁或要挟的方法，非法占用被害人公私财物的行为。@微博法律 从现有披露的信息看，李洪元与华为公司是一起典型的双方因解除劳动合同关系引起的劳动纠纷，李元洪要求华为公司支付经济补偿金或赔偿金均具有法律依据，并没有非法占有的目的，况且也未使用恐吓、威胁或要挟的方法。就这么一个案件，从侦查、查审起诉、退侦、审查起诉、退侦、审查起诉、不起诉……整整关了251天，中间也未取保出来，这值得我们认真思考。检举人是谁？是华为公司还是其主管何某？我们都应该知道这是具有不同的意义的，目前任何批露材料都没提到这个。检举敲诈勒索罪，必有被勒索方（被害人），谁支付了不正常的款项谁才可能是被勒索方。这么一个案件为什么不能取保候审？为什么不能果断不起诉？明显无罪的案件硬生生的被关了251天。企业该如何处理与员工的关系？企业对于员工的社会责任，包括了日常关怀。对于一位离职员工的关怀是否也需要呢？员工对于企业，按照原则在因为待遇和离职补偿金不到位的情况下，这也提醒了员工最佳的方式是通过律师，以法律途径来解决，首先选择劳动仲裁，最好不要个人直接向企业索要或企业HR索要。这样一方面可以保护了自己，一方面也以用公开公平公正法律来满足我们的诉求。有人的地方就有江湖，互联网大厂进去门槛高出来门槛也不简单!在一个正常的法治社会，人人都有举报控告的权利，公安机关应该进行缜密的调查后做出判断，有犯罪事实则继续侦查并移交检察院审查起诉，没有犯罪事实则停止侦查，撤销案件，这种权力的使用应以事实为依据，以法律为准绳，而不应该服务于资本或者利益。华为的法务团队据说也是相当牛逼的，但是，我想说的是，在企业面前，我们都是员工，良知便是最好的法律，我们不应该恶意使用法律并借助某些权力施恶。如果这样的话，任何一个员工都可以成为犯罪嫌疑人，如果清白来的太晚，我们没有耐心等待，渐渐的，作为弱者，我们丧失了对法律的信心，法律也将成为玩弄弱者的工具。公司的发展离不开员工的贡献，员工的发展也离不开公司的强大，相辅相成，离职后也应给过去企业与员工的感情留点面子。华为，请善待自己的员工。#华为前员工#  @易辩杨道庆 收起全文d\n", "author": "易辩刘沛文", "time": "易辩刘沛文2019年12月01日22:10 来自iPhone7Plus", "transmit": " 转发 30", "comment": "评论 61", "zan": " 218"}, {"text": "\n \n华为前员工李洪元被以敲诈华为公司的罪名拘留251天，后被无罪释放，并获得国家赔偿。此事在互联网上逐渐发酵，并且出现了一些针对华为的舆论声讨。针对老胡的询问，华为的人说公司将会对此事作出回应，给舆论一个说法。 老胡想在此评论说，李洪元的遭遇非常令人同情，司法机关最终判他无罪，并给予 ​  展开全文c \n华为前员工李洪元被以敲诈华为公司的罪名拘留251天，后被无罪释放，并获得国家赔偿。此事在互联网上逐渐发酵，并且出现了一些针对华为的舆论声讨。针对老胡的询问，华为的人说公司将会对此事作出回应，给舆论一个说法。 老胡想在此评论说，李洪元的遭遇非常令人同情，司法机关最终判他无罪，并给予国家赔偿，这是事情对错一锤定音的结论。 我还认为，公众同情弱者的情绪是健康的。华为是个强大的公司，它的一名前员工因为与公司发生了纠纷，受到了这样的不公正对待，这非常让人遗憾，很多人出于朴素的感情对华为产生一些负面情绪，也是正常的。 同时老胡也想说，华为有十几万员工，堪称电信帝国，它的内部组织和管理结构注定是相当复杂的。李洪元的遭遇其实是与华为某个具体部门的冲突，当然，华为公司没能及时作出反应，帮助这一冲突以更合理的方式化解，这反映了华为的管理是存在缺陷的。 我支持这件事情以更加公平、合理而且有温度的方式彻底解决。与此同时，我不主张将这件事情过度上纲上线，用它来对整个华为公司进行道义上的否定。我觉得那样做不够理性和实事求是。 谁都会出差错，再伟大的公司也难免俗。客观说，华为的管理总体上是比较科学的，综合效果也是比较好的。据报道，华为每年要投入巨额资金用于优化公司的管理。华为不仅在5G网络技术走到世界前列，它还为中国培养锻炼了大批人才。对这样的公司，我们不应因为一个孤立事件就给它扣上沉重的大帽子，贴上不应有的标签。 老胡希望华为的回应能够早点出来。我呼吁舆论给这件事的公平合理解决创造有利的氛围。 收起全文d\n", "author": "来去之间", "time": "来去之间2019年12月01日23:21 来自HUAWEIP30Pro", "transmit": " 转发 336", "comment": "评论 101", "zan": " 3575"}, {"text": "\n宽窄观察【在网易员工遭遇暴力离职事件之后，华为也被曝出有员工遭遇不公正待遇：42岁的李洪元没想到，一笔30万元的离职补偿款会换来251天的牢狱之灾】    2018年12月，李洪元因华为起诉其“涉嫌敲诈勒索”而被深圳市公安局刑事拘留。而起诉的证据正是部门秘书个人账户的30万元转账记录。经过 ​  展开全文c \n宽窄观察【在网易员工遭遇暴力离职事件之后，华为也被曝出有员工遭遇不公正待遇：42岁的李洪元没想到，一笔30万元的离职补偿款会换来251天的牢狱之灾】    2018年12月，李洪元因华为起诉其“涉嫌敲诈勒索”而被深圳市公安局刑事拘留。而起诉的证据正是部门秘书个人账户的30万元转账记录。经过侦查机关补充侦查后，最终在2019年8月，深圳市龙岗区人民检察院认为犯罪事实不清、证据不足，不符合起诉条件，决定对李洪元不起诉，李洪元重获自由。目前华为官方对此事暂无回应。你怎么看这件事情？#华为员工索要离职补偿被拘留#  O网页链接 收起全文d\n", "author": "布道宽窄", "time": "布道宽窄2019年12月01日21:33 来自宽窄观察超话", "transmit": " 转发 68", "comment": "评论 197", "zan": " 1434"}, {"text": "\n                    //@一格:哇哦//@Min丨泯://@顾扯淡: 看评论。。。//@八大山债人: //@用户7305696018: //@无边肥肉萧萧下不尽钱财滚滚来://@青团扇子:这……//@池也野:转发微博                \n                                    【独家对话|华为前员工获30万离职补偿后被控敲诈勒索 被羁押251天】李洪元于2005年10月入职华为，2018年1月31日被劝退离职。2018年3月8日，部门主管通过部门秘书的个人银行账户向李洪元转款约30万元，交易摘要为“离职经济补偿”。2018年12月16日，李洪元被刑拘，罪名是“涉嫌职务侵占”和“涉嫌敲诈勒 ​  展开全文c \n                                    【独家对话|华为前员工获30万离职补偿后被控敲诈勒索 被羁押251天】李洪元于2005年10月入职华为，2018年1月31日被劝退离职。2018年3月8日，部门主管通过部门秘书的个人银行账户向李洪元转款约30万元，交易摘要为“离职经济补偿”。2018年12月16日，李洪元被刑拘，罪名是“涉嫌职务侵占”和“涉嫌敲诈勒索”。报案人是其前雇主——深圳华为技术有限公司。证据是那笔从部门秘书个人账户汇出的、30万元的转账记录。李洪元为此失去了251天的人身自由。2019年8月22日，深圳市龙岗区人民检察院认为犯罪事实不清、证据不足，不符合起诉条件，决定对李洪元不起诉。据李洪元讲述，不起诉的直接证据是一段两个多小时的录音。他与华为人力资源部门协商离职赔偿，其中未谈及任何以“举报业务造假”来要挟获取赔偿。据深圳市龙岗区人民检察院《刑事赔偿决定书》，李洪元获得了包括人身自由损害赔偿金、精神损害抚慰金共计约10万元的国家赔偿；同时会向李洪元原工作单位及其父亲所在的工作单位发函，为其消除影响、恢复名誉。O网页链接 收起全文d\n", "author": "客官不要急", "time": "客官不要急2019年12月01日12:22 来自微博weibo.com", "transmit": " 转发 182", "comment": "评论 9", "zan": " 25"}, {"text": "\n                    超级坏B//@Tiger公子://@老八厂长: 大公司扣扣搜搜那点小钱有必要吗？？把自己弄臭了多亏？？//@菜刀曦曦:这人可以告华为诬告吗？10万只是国家赔偿，华为还没赔呢//@写不出稿苏见祈:重点：和HR谈话记得录音，说不定能救命。//@顾扯淡: 看评论。。。                \n                                    【独家对话|华为前员工获30万离职补偿后被控敲诈勒索 被羁押251天】李洪元于2005年10月入职华为，2018年1月31日被劝退离职。2018年3月8日，部门主管通过部门秘书的个人银行账户向李洪元转款约30万元，交易摘要为“离职经济补偿”。2018年12月16日，李洪元被刑拘，罪名是“涉嫌职务侵占”和“涉嫌敲诈勒 ​  展开全文c \n                                    【独家对话|华为前员工获30万离职补偿后被控敲诈勒索 被羁押251天】李洪元于2005年10月入职华为，2018年1月31日被劝退离职。2018年3月8日，部门主管通过部门秘书的个人银行账户向李洪元转款约30万元，交易摘要为“离职经济补偿”。2018年12月16日，李洪元被刑拘，罪名是“涉嫌职务侵占”和“涉嫌敲诈勒索”。报案人是其前雇主——深圳华为技术有限公司。证据是那笔从部门秘书个人账户汇出的、30万元的转账记录。李洪元为此失去了251天的人身自由。2019年8月22日，深圳市龙岗区人民检察院认为犯罪事实不清、证据不足，不符合起诉条件，决定对李洪元不起诉。据李洪元讲述，不起诉的直接证据是一段两个多小时的录音。他与华为人力资源部门协商离职赔偿，其中未谈及任何以“举报业务造假”来要挟获取赔偿。据深圳市龙岗区人民检察院《刑事赔偿决定书》，李洪元获得了包括人身自由损害赔偿金、精神损害抚慰金共计约10万元的国家赔偿；同时会向李洪元原工作单位及其父亲所在的工作单位发函，为其消除影响、恢复名誉。O网页链接 收起全文d\n", "author": "刘码露", "time": "刘码露2019年12月01日12:22 来自微博weibo.com", "transmit": " 转发 134", "comment": "评论 3", "zan": " 33"}, {"text": "\n                    【华为离职员工被控涉嫌敲诈 – 华为前员工获30万离职补偿后被控敲诈勒索 被羁押251天】2018年12月16日，李洪元被深圳市公安局刑事拘留。李洪元称，罪名是“涉嫌职务侵占”，12月28日，补充报案罪名变为“涉嫌敲诈勒索”，报案人是其前雇主——深圳华为技术有限公司，证据是那笔从部门秘书个人账户汇出 ​  展开全文c \n                    【华为离职员工被控涉嫌敲诈 – 华为前员工获30万离职补偿后被控敲诈勒索 被羁押251天】2018年12月16日，李洪元被深圳市公安局刑事拘留。李洪元称，罪名是“涉嫌职务侵占”，12月28日，补充报案罪名变为“涉嫌敲诈勒索”，报案人是其前雇主——深圳华为技术有限公司，证据是那笔从部门秘书个人账户汇出的、30万元的转账记录。微评：先抓起来再说，真的要不得。再说，一个普通员工能敲诈这么大的企业，华为究竟有什么把柄在他手里？好在检察院不糊涂。O网页链接 收起全文d\n", "author": "周蓬安", "time": "周蓬安2019年12月01日20:06 来自搜狐新闻客户端", "transmit": " 转发 102", "comment": "评论 201", "zan": " 711"}, {"text": "\n李洪元，不应该抓起来！他举报部门做假，不是背叛华为，目的是工作12年的普通老员工想立功升职获任正非接见，一个无奈的中年实用主义者的黄昏。31万从䃼偿数字上看也是合理的，估计主管气不过事后出报复昏招，华为成了背锅侠，法律都判他无罪，个人也只是想见高层，任正非今晚当当即立断，周一拨乱反 ​  展开全文c \n李洪元，不应该抓起来！他举报部门做假，不是背叛华为，目的是工作12年的普通老员工想立功升职获任正非接见，一个无奈的中年实用主义者的黄昏。31万从䃼偿数字上看也是合理的，估计主管气不过事后出报复昏招，华为成了背锅侠，法律都判他无罪，个人也只是想见高层，任正非今晚当当即立断，周一拨乱反正。#华为离职员工被冤枉关关看守251天# #华为前员工被拘251天# #华为员工索要离职补偿被拘留# 收起全文d\n", "author": "凯雷", "time": "凯雷2019年12月01日21:08", "transmit": " 转发 327", "comment": "评论 913", "zan": " 5348"}, {"text": "\n251土羊——以为会见任正非，会升职！网文看多了！2005年10月，我进入华为，12年里，我一直是基层员工，从未升过职。【极昼：做这个举报的目的是什么？李洪元：我当时以为公司高层会见我，给我一个说话的机会，以此来实现我的职业提升】#华为前员工被拘251天# O华为前员工获30万离职补偿后被控敲诈勒索 被羁押251天 ​                ", "author": "凯雷", "time": "凯雷2019年12月01日19:15", "transmit": " 转发 35", "comment": "评论 75", "zan": " 334"}, {"text": "\n                    #华为员工索要离职补偿被拘留# 一名在华为工作超过10年的老员工因索要30万元的离职补偿款，而被华为起诉敲诈勒索。#华为前员工被拘251天#2019年8月，深圳市龙岗区人民检察院认为犯罪事实不清、证据不足，不符合起诉条件，决定对李洪元不起诉，李洪元重获自由。#华为前员工# 索要离职补偿被华为起诉敲诈勒索，你怎么看？ ​                ", "author": "青春中州", "time": "青春中州2019年12月01日19:59", "transmit": " 转发 10", "comment": "评论 11", "zan": " 219"}]