[{"text": "\n                    【前华为员工谈华为李洪元251事件】        这是比较有说服力的分析。我们来看看此次各种喷华为的是谁，其实主要是香港的黄丝、台湾的小台毒、华为的某些无耻无德竞争对手雇佣的大量水军以及国内外的喷子加反华分子，还有极少数的华为竞争对手的脑残粉，当然了，还有很多拿了华为竞争对手好处的无耻自 ​  展开全文c \n                    【前华为员工谈华为李洪元251事件】        这是比较有说服力的分析。我们来看看此次各种喷华为的是谁，其实主要是香港的黄丝、台湾的小台毒、华为的某些无耻无德竞争对手雇佣的大量水军以及国内外的喷子加反华分子，还有极少数的华为竞争对手的脑残粉，当然了，还有很多拿了华为竞争对手好处的无耻自媒体各种带不良节奏或者蹭热度的踩华为，这些人在华为被美国各种封杀下意欲让华为死，甚至可以说是有组织的各种炒作华为251事件，相当无耻卑鄙，黄丝台独还整个什么华为8大诉求，想让华为的名气受损，但是只要大家好好的分析就会发现，华为并未做错什么，合理合法，有什么好道歉的呢？如果道歉，反而说明自己做错了什么，如果华为真的那么差劲，还会有那么多员工留下来？肯定有智障说我收了华为好处后替华为说话，脑子是个好东西，可惜喷子们没有，华为能看上我这个小博主？也太抬举我和太小看华为了吧！说我收了好处的喷子们，请别到处秀低智商了，那样会让人觉得你们是弱智。另外，我并不是说只要喷华为的就是黄丝或台独，有可能是无脑喷子或职业喷子或缺乏分析判断能力心智不成熟之人。别说我缺德和没良知，谁缺德谁没良知心里难道没点数吗？ L热门表哥的微博视频 收起全文d\n", "author": "柊行", "time": "柊行2019年12月13日07:49 来自HUAWEIMate10", "transmit": " 转发 15", "comment": "评论 36", "zan": " 98"}, {"text": "\n#宁可250，不被251# 经过广泛的收集和必要的接触，在原来成文的基础上，充实了许多第一手资料和详细情节，使“华为251案”清晰完整的呈现在了广大关注者面前。#独狼# 发布了头条文章：《华为公司离职员工李洪元被构陷敲诈勒索罪的基本脉络》  O华为公司离职员工李洪元被构陷敲诈勒索罪的基本脉络 ​                ", "author": "独狼独语4", "time": "独狼独语42019年12月13日20:49 来自微博weibo.com", "transmit": " 转发 45", "comment": "评论 89", "zan": " 85"}]