[{"text": "\n                    【胡锡进：拿孟晚舟和华为前员工被拘押作对比，是一种令人可悲的糊涂】看了任正非对孟晚舟信件的评论，他站得高，而且作为父亲，他能那样说尤其值得点赞。老胡也没看孟晚舟的那封信，我是听说了网上一些人把孟晚舟与被拘押251天的华为前员工李洪元做对比。我认为这种对比同样是不恰当的。我认为 ​  展开全文c \n                    【胡锡进：拿孟晚舟和华为前员工被拘押作对比，是一种令人可悲的糊涂】看了任正非对孟晚舟信件的评论，他站得高，而且作为父亲，他能那样说尤其值得点赞。老胡也没看孟晚舟的那封信，我是听说了网上一些人把孟晚舟与被拘押251天的华为前员工李洪元做对比。我认为这种对比同样是不恰当的。我认为这种对比是一种带节奏的舆论倾向。华为前员工被拘押251天，华为的一名基层主管是报案者，但对该员工进行拘押和后来释放他，以及给予国家赔偿，都不是华为能够控制的。一些人迁怒华为，如果冷静来看，严重不妥。孟晚舟事件是美国压制华为打响的关键一枪，也是美国以蛮横方式对待中国迈出的凶悍一步。我们必须支持孟晚舟和华为，这是中美博弈层面的大是大非。我们如果这个时候因为别的事情动摇这一基本立场，把孟晚舟看成一个“好了那么久也该倒倒霉了”的富人，那是一种令人可悲的糊涂。能把华为打得多惨，已经被世界视为美国到底有多大能力压制中国崛起的试金石。任正非自己总是强调，华为的事情他们会自己扛，这是这位华为掌门人有心胸的表现。但是华为的确处在中国崛起眼下遭遇美国前所未有压力最承重的位置上，我们大家能帮华为一把，当然要帮。最起码我们要给这家逆风飞扬的中国高科技公司以精神上的鼓舞和道义上的支持。老胡理解在华为前员工事件上公众的一些情绪，但是把那种情绪朝着抵制华为的方向带节奏的那些人，或是一些坏人，或是一些缺大义的投机分子。老胡在微信上看到的那些骂华为骂得最狠的人，感觉他们真是与美国那些精英一样，恨不能华为关门。我们大家的思维决不能被他们带着跑了。#华为##孟晚舟被拘押一周年##华为cfo孟晚舟被捕# 收起全文d\n", "author": "价值投资日志", "time": "价值投资日志2019年12月12日21:50 来自iPhoneX", "transmit": " 转发 10", "comment": "评论 69", "zan": " 186"}]