[{"text": "\n                    有些人可能一辈子也不会明白，这家“快递公司”为什么要力挺华为和鸿蒙系统！#华为# ​                ", "author": "建华Wei业", "time": "建华Wei业2019年08月18日12:06 来自HUAWEIMate20Pro", "transmit": " 转发 33", "comment": "评论 98", "zan": " 730"}, {"text": "\n                    这段时间实在太忙很久没拍vlog了，上周末参加#HDC2019# 拍了一段手机PC之间的分布式概念demo，或许可以让对华为有偏见的同学理性认知鸿蒙OS 到底能做什么🤔 L程远Cherio的微博视频 ​ O抽奖详情 ​                ", "author": "程远Cherio", "time": "程远Cherio2019年08月18日23:32 来自手机平板·视频社区", "transmit": " 转发 33", "comment": "评论 38", "zan": " 60"}, {"text": "\n华为鸿蒙深度解密：要干死安卓的节奏？！L雷科技的秒拍视频 ​                ", "author": "雷科技", "time": "雷科技2019年08月18日20:59 来自微博weibo.com", "transmit": " 转发 5", "comment": "评论 14", "zan": " 28"}]