[{"text": "\n                    环球时报报道：“搭载鸿蒙系统的华为手机将于今年第四季度上市，库存量达数百万部，预计与华为Mate30系列一同亮相，售价在2000元左右，主要面向中低端市场”。大家觉得靠谱吗？ ​                ", "author": "小白测评", "time": "小白测评2019年08月05日20:40", "transmit": " 转发 13", "comment": "评论 263", "zan": " 1101"}, {"text": "\n华为鸿蒙决定上了，没有任何可迟疑的空间，真正的对决开始....或许比计划的提前了几年 ​                ", "author": "方再言", "time": "方再言2019年08月05日20:21", "transmit": " 转发 6", "comment": "评论 13", "zan": " 53"}, {"text": "\n                    近日有消息透露，万众期待的华为自研的鸿蒙系统将会在华为开发者大会上正式发布，然后最先用上鸿蒙系统的设备是荣耀智能电视，该产品将在8月10日投放市场。 O华为鸿蒙系统手机今年第四季度登陆！竟然只卖这个价 ​                ", "author": "老杳", "time": "老杳2019年08月05日23:22 来自爱集微", "transmit": " 转发 9", "comment": "评论 2", "zan": " 152"}, {"text": "\n                    环球时报消息，华为将于年底发布鸿蒙OS手机，售价2000元左右，目的时吸引消费者和开发者。你们会买吗？ ​                ", "author": "C科技", "time": "C科技2019年08月05日12:00 来自微博weibo.com", "transmit": " 转发 15", "comment": "评论 308", "zan": " 807"}, {"text": "\n                    【产业链爆料华为仍在测试鸿蒙系统手机，年底前上市售价或2千左右】8月4日消息，据产业链最新消息称，华为依然在测试搭载鸿蒙系统的手机，其最快会在今年年底前上市，前期的机型主要是以中低端为主，以跑量、吸引开发者建立生态平台。从华为官方给出的消息看，8月9日的开发者大会上将正式公布鸿蒙系统 ​  展开全文c \n                    【产业链爆料华为仍在测试鸿蒙系统手机，年底前上市售价或2千左右】8月4日消息，据产业链最新消息称，华为依然在测试搭载鸿蒙系统的手机，其最快会在今年年底前上市，前期的机型主要是以中低端为主，以跑量、吸引开发者建立生态平台。从华为官方给出的消息看，8月9日的开发者大会上将正式公布鸿蒙系统，而首发终端是荣耀的智慧屏（智能电视），虽然鸿蒙起初是针对物联网开发的操作系统（未来将应用在自动驾驶、远程医疗、工业控制等场景），但官方表示，它可以扩展到智能手机上，毕竟目前谷歌还没有恢复对华为安卓系统的供应（主要是GMS套件使用权利，这在海外市场相当重要）。产业链在最新的爆料中提到，华为在内部测试鸿蒙系统的同时，已经邀请相关人士体验该系统，以此来帮助他们找到系统的不足和缺陷。据悉，目前华为对自研操作系统测试的一个选项就是对安卓系统应用的兼容性，其还增加了保护个人数据安全的加密功能，这可以更好地让用户的隐私不被外泄，同时鸿蒙系统对安卓应用的兼容性也在同步测试中。（硅谷分析狮） 收起全文d\n", "author": "中国企业家杂志", "time": "中国企业家杂志2019年08月05日08:34 来自微博weibo.com", "transmit": " 转发 12", "comment": "评论 24", "zan": " 91"}, {"text": "\n#华为正式发布鸿蒙# 这是目前整个行业里面第一款正式启动预售的5G手机，下载速率达1G，之后将会有华为，三星，oppo首发并扎堆上市！ L壹抹殘凉_Monstar的微博视频 ​                ", "author": "壹抹殘凉_Monstar", "time": "壹抹殘凉_Monstar2019年08月05日15:05", "transmit": " 转发 11", "comment": "评论 35", "zan": " 125"}, {"text": "\n                    【另辟系统生态新路径！搭载鸿蒙系统手机将在第四季度亮相】据环球时报海外版消息，华为目前正在测试配备自主研发的鸿蒙系统的手机，预计将会在今年年底投放市场，初期搭载鸿蒙系统的华为手机将主要面向更多人群的市场。  此举也是为了吸引更多的软件开发者和用户加入到鸿蒙生态系统中。#华为##数码# ​                ", "author": "建华Wei业", "time": "建华Wei业2019年08月05日19:38 来自HUAWEIMate20Pro", "transmit": " 转发 20", "comment": "评论 30", "zan": " 89"}, {"text": "\n                    据环球时报最新消息称：华为目前正在测试搭载鸿蒙系统的手机，将于今年年底发布，主要面向中低端市场，售价预计2000元左右，此举是为了吸引更多用户和开发者。如果这是真的，你们会买吗？ ​                ", "author": "搞机王腾霄", "time": "搞机王腾霄2019年08月05日19:52", "transmit": " 转发 5", "comment": "评论 179", "zan": " 145"}, {"text": "\n                    媒体说#华为开发者大会#估计会公布鸿蒙系统信息，也可能包括一些编译器信息。不过，华为云鲲鹏社区的编译工具叫Linaro GCC，是给服务器用的，不是方舟编译器，两码事。 ​                ", "author": "HW前HR", "time": "HW前HR2019年08月05日20:25 来自HUAWEIP30Pro", "transmit": " 转发 29", "comment": "评论 70", "zan": " 460"}, {"text": "\n                    【华为开发者大会将开幕 鸿蒙系统或亮相（附股）】8月9日至11日，华为将在东莞松山湖举行2019华为开发者大会，华为EMUI10系统、搭载了海思鸿鹄818智慧芯片等众多黑科技的“荣耀智慧屏”等均将在本次大会上正式发布。有媒体报道称，华为研发七年之久、备胎计划中杀手锏之一的鸿蒙操作系统也有望在会上首 ​  展开全文c \n                    【华为开发者大会将开幕 鸿蒙系统或亮相（附股）】8月9日至11日，华为将在东莞松山湖举行2019华为开发者大会，华为EMUI10系统、搭载了海思鸿鹄818智慧芯片等众多黑科技的“荣耀智慧屏”等均将在本次大会上正式发布。有媒体报道称，华为研发七年之久、备胎计划中杀手锏之一的鸿蒙操作系统也有望在会上首次亮相。梳理华为此前公布的92家核心供应商名单发现，进入华为核心供应商名单的13家A股公司，或将成为此次开发者大会上媒体追逐的对象。其中，生益科技、深南电路、沪电股份是华为PCB（印刷线路板）产品核心供应商，立讯精密、中航光电为华为连接器核心供应商，京东方A和深天马A是华为的核心屏幕供应商，光迅科技和华工科技则是华为核心光模块供应商。此外，长飞光纤和亨通光电是华为光纤光缆核心供应商，歌尔股份则是华为高端智能手机声学器件主供货商，提供的产品包括声学精密零组件和智能硬件等。蓝思科技为华为提供玻璃前盖、后盖、摄像头、TP、装饰件等产品，是华为今年最新发布的Mate 20系列前后盖3D玻璃的核心供应商。（中国证券网）O网页链接 收起全文d\n", "author": "爱股票APP", "time": "爱股票APP2019年08月05日08:38 来自360安全浏览器", "transmit": " 转发 19", "comment": "评论 5", "zan": " 13"}, {"text": "\n#鸿蒙OS随时可以用在手机上#你现在用的是什么牌子的手机#华为将在巴西投8亿美元建厂#其它牌子评论区补充 ​                ", "author": "军哥来宠你", "time": "军哥来宠你2019年08月05日08:31 来自土拨鼠尖叫客户端", "transmit": " 转发 7", "comment": "评论 16", "zan": " 442"}, {"text": "\n                    中国证券网：8月9日至11日，华为将在东莞松山湖举行2019华为开发者大会，华为EMUI10系统、搭载了海思鸿鹄818智慧芯片等众多黑科技的“荣耀智慧屏”等均将在本次大会上正式发布。此外，华为研发七年之久、备胎计划中杀手锏之一的鸿蒙操作系统也有望在会上首次亮相。 ​                ", "author": "新视界发现者", "time": "新视界发现者2019年08月05日06:56", "transmit": " 转发 5", "comment": "评论 6", "zan": " 36"}]