[{"text": "\n#华为鸿蒙系统8月9日问世#【华为“鸿蒙”系统将在8月9日问世？】有报道称，华为预计将于8月9日在广东东莞举行的华为开发者大会上发布自研的“鸿蒙”操作系统，“鸿蒙”操作系统预计将会在近期投放到市场上。LNBD视频的秒拍视频（@NBD视频 ） ​                ", "author": "每日经济新闻", "time": "每日经济新闻2019年08月07日11:32 来自微博weibo.com", "transmit": " 转发 15", "comment": "评论 21", "zan": " 89"}, {"text": "\n华为鲲鹏计算生态梳理 ​​​​#华为鸿蒙# ​                ", "author": "同花顺", "time": "同花顺2019年08月07日10:13 来自专业版微博", "transmit": " 转发 19", "comment": "评论 5", "zan": " 11"}, {"text": "\n                    发布了头条文章：《8月9日华为将公布鸿蒙系统 这些华为概念股已涨疯》  O8月9日华为将公布鸿蒙系统 这些华为概念股已涨疯 ​                ", "author": "水晶球财经网", "time": "水晶球财经网2019年08月07日00:06 来自微博weibo.com", "transmit": " 转发 35", "comment": "评论 2", "zan": " 9"}, {"text": "\n                    【荣耀总裁赵明宣布：荣耀智慧屏开关机无广告】长期使用国内传统电视的用户，对开关机广告大概已经习以为常。今日赵明宣布，本周六即将发布的#荣耀智慧屏#开关机无广告！这将大大提高用户体验。这款新品将搭载华为自研的鸿鹄芯片和鸿蒙系统，据赵明说法，可以实现像手机一样的秒开关，这无疑会对 ​  展开全文c \n                    【荣耀总裁赵明宣布：荣耀智慧屏开关机无广告】长期使用国内传统电视的用户，对开关机广告大概已经习以为常。今日赵明宣布，本周六即将发布的#荣耀智慧屏#开关机无广告！这将大大提高用户体验。这款新品将搭载华为自研的鸿鹄芯片和鸿蒙系统，据赵明说法，可以实现像手机一样的秒开关，这无疑会对传统电视行业带来全新的景象。 收起全文d\n", "author": "电商行业", "time": "电商行业2019年08月07日16:43 来自微博weibo.com", "transmit": " 转发 105", "comment": "评论 99", "zan": " 249"}]