[{"text": "\n                    【方舟子“捅刀”华为，质疑华为是否有鸿蒙系统，其意欲何为？】方舟子这样说法有没有道理？从华为角度去想，鸿蒙系统仅仅是华为的一个战略备份。任正非就说过，美国的东西是好的，但不能等别人断了粮。而方舟子只是从利益的角度出发，但是他还忘了一点，任正非创办华为从来都不是为了赚钱，任正非就说 ​  展开全文c \n                    【方舟子“捅刀”华为，质疑华为是否有鸿蒙系统，其意欲何为？】方舟子这样说法有没有道理？从华为角度去想，鸿蒙系统仅仅是华为的一个战略备份。任正非就说过，美国的东西是好的，但不能等别人断了粮。而方舟子只是从利益的角度出发，但是他还忘了一点，任正非创办华为从来都不是为了赚钱，任正非就说过：“我要是为了赚钱，华为1年7200亿营收，加上7万项专利技术，这些钱我完全花不完。”网友普遍认为方舟子是美方的代表，从他的嘴里说出来的话最好不要相信。而任正非回应说：“方舟子是可能不了解我们的战略，鸿蒙OS就是在遇到问题的时候使用”。方舟子对华为这样不负责任的质疑，是信口开河，没有事实根据的，其意欲何为？@贼叉 收起全文d\n", "author": "津门玄竹", "time": "津门玄竹2019年06月23日10:45 来自HUAWEIMate9", "transmit": " 转发 49", "comment": "评论 104", "zan": " 74"}, {"text": "\n                    刚刚看了一下华为平板m6的评测。我觉得在目前华为推出笔记本电脑受阻的情况下，他的平板生产力效率，做的要会比iPad激进。因为苹果要顾虑到iPad不能和苹果电脑相互竞争，否则谁还买苹果电脑呢？而华为现在则没有这个顾虑。我估计下一代搭载鸿蒙系统的华为平板极有可能能代替超级本。 ​                ", "author": "三思小新", "time": "三思小新2019年06月23日15:11 来自Weibo.intl", "transmit": " 转发 32", "comment": "评论 41", "zan": " 55"}, {"text": "\n华为开始鼓励各大应用软件进驻鸿蒙的应用商店，也就是说，华为已经开始着手解决系统的生态问题了，如果说鸿蒙系统的出现是美国没有想到的，那么鸿蒙的生态搭建这件事恐怕连我们自己都没有想到会来的这么的迅速。余承东表示，鸿蒙系统的兼容性十分的不错，所有的安卓APP都可以直接在鸿蒙系统上直接的使 ​  展开全文c \n                    华为开始鼓励各大应用软件进驻鸿蒙的应用商店，也就是说，华为已经开始着手解决系统的生态问题了，如果说鸿蒙系统的出现是美国没有想到的，那么鸿蒙的生态搭建这件事恐怕连我们自己都没有想到会来的这么的迅速。余承东表示，鸿蒙系统的兼容性十分的不错，所有的安卓APP都可以直接在鸿蒙系统上直接的使用。最为黑科技的是，这些软件在鸿蒙系统上运行，会比在安卓上运行更加的流畅，系统的流畅性可以提升四分之一左右，系统响应速度提升44%，鸿蒙的出现必将会给安卓造成极大的压力，毕竟IOS和安卓2个系统霸占市场安逸的太久了，现在只需要静静的等待鸿蒙系统发布的哪一天就可以了，这件事对我们中国人来说是十分高兴的，但是我们高兴了，美国人肯定就笑不出来了，尤其是美国政府。现在谷歌已经偷偷接触华为，想要修补和华为之间的关系，任正非也曾经说过，不要怪美国企业，要怪就怪美国的政府机构，我国也用了事实证明，到底是谁才是实行贸易保护的市场，华为加油! 收起全文d\n", "author": "温榆河杯南北英雄操盘联赛", "time": "温榆河杯南北英雄操盘联赛2019年06月23日09:04 来自HUAWEIP20", "transmit": " 转发 8", "comment": "评论 2", "zan": " 26"}]