[{"text": "\n                    美国：禁止芯片类企业跟华为合作华为：我有海思半导体美国：禁止安卓系统与华为合作华为：我有鸿蒙美国：禁止SD与华为合作华为：我有NM美国：你到底还有啥？华为：我还有很多美国：不行，我再想想别的招华为：麻利点，我忙着搞6G呢美国：………#华为已注册华为鸿蒙商标#   ​  展开全文c \n                    美国：禁止芯片类企业跟华为合作华为：我有海思半导体美国：禁止安卓系统与华为合作华为：我有鸿蒙美国：禁止SD与华为合作华为：我有NM美国：你到底还有啥？华为：我还有很多美国：不行，我再想想别的招华为：麻利点，我忙着搞6G呢美国：………#华为已注册华为鸿蒙商标# L我的朋友叫呆十三的秒拍视频 收起全文d\n", "author": "我的朋友叫呆十三", "time": "我的朋友叫呆十三2019年05月30日14:30 来自微博视频", "transmit": " 转发 160", "comment": "评论 226", "zan": " 1145"}, {"text": "\n华为操作系统，一定叫鸿蒙吗？今天消息，华为在欧洲提交了“HUAWEI ARK OS”的商标申请。ARK的意思就是“方舟”，也就是说，华为系统的真正命名，可能是华为方舟操作系统。不过，也不排除，国内叫鸿蒙，国外叫方舟，但从申请来看，前者只有华为鸿蒙，后者直接是华为方舟系统。无论如何，种种信号已经告 ​  展开全文c \n华为操作系统，一定叫鸿蒙吗？今天消息，华为在欧洲提交了“HUAWEI ARK OS”的商标申请。ARK的意思就是“方舟”，也就是说，华为系统的真正命名，可能是华为方舟操作系统。不过，也不排除，国内叫鸿蒙，国外叫方舟，但从申请来看，前者只有华为鸿蒙，后者直接是华为方舟系统。无论如何，种种信号已经告诉我们，中国自主研发的操作系统要来了，前段时间的方舟编译器，就是华为系统面世的征兆。今天，鸿蒙也好，方舟也罢，鸿蒙之意开天辟地，方舟之意新的纪元，都寓意着崭新的开始，这必将是中国科技史上浓重的一笔！ 2新疆维吾尔自治区·巴音郭楞蒙古自治州 收起全文d\n", "author": "新疆何淼", "time": "新疆何淼2019年05月30日00:16 来自荣耀V204800万3D相机", "transmit": " 转发 40", "comment": "评论 122", "zan": " 563"}, {"text": "\n华为员工点了份外卖，收到时看到订单上面写着 “期待鸿蒙，华为加油，辛苦了” ​                ", "author": "极客村长", "time": "极客村长2019年05月30日12:51", "transmit": " 转发 35", "comment": "评论 156", "zan": " 926"}, {"text": "\n华为Mate30将首发麒麟985处理器，并且会搭载自主研发的鸿蒙系统，如果到时候华为能把软件生态培养起来，以后我们就可以摆脱苹果和安卓了！大家会买华为Mate30支持吗 ​                ", "author": "科技曼曼谈", "time": "科技曼曼谈2019年05月30日13:14 来自iPhone客户端", "transmit": " 转发 21", "comment": "评论 209", "zan": " 519"}, {"text": "\n                    【疑似华为Ark OS截图曝光：清新简洁、兼容安卓和Web应用】继在中国注册了“鸿蒙”商标用于操作系统、在欧盟知识产权局（EUIPO）注册“Ark OS”商标之后，外媒发现华为也在德国专利商标局（DPMA）注册了相同的商标。所以媒体预测“Ark OS”被普通认为是鸿蒙OS的海外版本。     同时，外媒找到了华为此 ​  展开全文c \n                    【疑似华为Ark OS截图曝光：清新简洁、兼容安卓和Web应用】继在中国注册了“鸿蒙”商标用于操作系统、在欧盟知识产权局（EUIPO）注册“Ark OS”商标之后，外媒发现华为也在德国专利商标局（DPMA）注册了相同的商标。所以媒体预测“Ark OS”被普通认为是鸿蒙OS的海外版本。     同时，外媒找到了华为此前注册的菜单设计专利，或许是Ark OS的设计元素。在今年3月底，华为在德国专利商标局申请了一系列手机UI接口专利，其中包括设置菜单、应用程序权限、应用信息、应用商店等，UI风格和逻辑与基于安卓的EMUI并不完全相同，但基本相似，相信大部分用户可以轻松上手。    据悉，“面向下一代技术而设计的操作系统”、“覆盖全平台”等，5G、物联网等应该是鸿蒙或Ark OS的优势，还是非常值得期待的。 收起全文d\n", "author": "人才76116", "time": "人才761162019年05月30日07:51 来自HUAWEIP20", "transmit": " 转发 87", "comment": "评论 312", "zan": " 837"}, {"text": "\n                    明天晚上荣耀20系列就要发布，传言它将首发华为自研蓝牙技术，连接距离可达138米，不知道还会不会有方舟编译器和鸿蒙系统的消息，明天就在上海开国内发布会了，大家感觉荣耀20国内卖多少起步？ ​                ", "author": "李杰灵", "time": "李杰灵2019年05月30日18:31 来自趣评测家的iPhoneXSMax", "transmit": " 转发 18", "comment": "评论 142", "zan": " 450"}]