[{"text": "\n#华为正式发布鸿蒙#快讯！华为正式发布全新分布式操作系统：鸿蒙！为中国品牌，转！点赞！L央视新闻的秒拍视频 ​                ", "author": "央视新闻", "time": "央视新闻2019年08月09日15:00 来自微博weibo.com", "transmit": " 转发 57333", "comment": "评论 25672", "zan": " 548094"}, {"text": "\n                    【#华为鸿蒙系统发布# ！你最喜欢哪个系统？】刚刚，#华为正式发布鸿蒙系统#，你都用过哪些系统？最喜欢哪一个？ 你最喜欢哪一个系统？ ​                ", "author": "新浪科技", "time": "新浪科技2019年08月09日15:18 来自微博weibo.com", "transmit": " 转发 221", "comment": "评论 264", "zan": " 54534"}, {"text": "\n                    【投票：#华为正式发布鸿蒙系统#，你最喜欢哪个系统？】华为今日正式发布自有操作系统：鸿蒙。你用过哪些系统呢？觉得体验感如何？又最喜欢哪一款呢？#华为正式发布鸿蒙# 你最喜欢哪个系统？ ​                ", "author": "财经网", "time": "财经网2019年08月09日15:09 来自微博weibo.com", "transmit": " 转发 1283", "comment": "评论 2102", "zan": " 410130"}, {"text": "\n                    【余承东：#鸿蒙OS随时可以用在手机上#，从安卓迁移只要一两天】8月9日，#华为正式发布鸿蒙#，余承东在华为开发者大会上表示，鸿蒙OS可以用在多种设备上，随时可用于手机。因为考虑到生态的原因，还是优先使用谷歌安卓系统。鸿蒙OS比安卓有更强的性能、更高的安全性、更强大的分布式能力和面向未 ​  展开全文c \n                    【余承东：#鸿蒙OS随时可以用在手机上#，从安卓迁移只要一两天】8月9日，#华为正式发布鸿蒙#，余承东在华为开发者大会上表示，鸿蒙OS可以用在多种设备上，随时可用于手机。因为考虑到生态的原因，还是优先使用谷歌安卓系统。鸿蒙OS比安卓有更强的性能、更高的安全性、更强大的分布式能力和面向未来全场景的能力。将安卓生态上的应用迁移到华为鸿蒙OS生态上的工作量极小，一两天就可以实现。@老板联播 L老板联播的秒拍视频 收起全文d\n", "author": "梨视频", "time": "梨视频2019年08月09日16:02 来自专业版微博", "transmit": " 转发 545", "comment": "评论 2009", "zan": " 20198"}, {"text": "\n                    【投票：#华为正式发布鸿蒙系统#，你最喜欢哪个系统？】9日，在华为开发者大会上，华为自有系统鸿蒙正式亮相。你用过哪些系统呢？最喜欢哪一款呢？ 投票：华为正式发布鸿蒙系统  你最喜欢哪个系统？ ​                ", "author": "新浪财经", "time": "新浪财经2019年08月09日16:05 来自微博weibo.com", "transmit": " 转发 181", "comment": "评论 346", "zan": " 32467"}, {"text": "\n                    【快讯！华为正式发布全新分布式操作系统：鸿蒙！】华为消费者业务今天在其全球开发者大会上正式向全球发布其全新的基于微内核的面向全场景的分布式操作系统——鸿蒙OS。 ​                ", "author": "人民日报", "time": "人民日报2019年08月09日15:04 来自微博weibo.com", "transmit": " 转发 3251", "comment": "评论 2470", "zan": " 29879"}, {"text": "\n                    刚刚，华为正式发布全新分布式操作系统：鸿蒙！华为CEO余承东：如果安卓系统不能使用了，鸿蒙OS随时可以用在手机上！为中国品牌，转！ ​​​L央视新闻的秒拍视频 ​​​                ", "author": "共青团中央", "time": "共青团中央2019年08月09日15:42", "transmit": " 转发 1574", "comment": "评论 1138", "zan": " 14817"}, {"text": "\n                    【#华为鸿蒙系统亮相#】9日，在华为开发者大会上，备受市场关注的华为自有操作系统鸿蒙亮相。据介绍，鸿蒙是基于微内核的全场景分布式OS，可支撑各种不同的设备，包括大屏、手机、PC、音响等，对应不同的设备可弹性部署。#华为发布自有操作系统#（记者 吴涛)L中新视频的秒拍视频 ​                ", "author": "中国新闻网", "time": "中国新闻网2019年08月09日15:03 来自微博weibo.com", "transmit": " 转发 192", "comment": "评论 522", "zan": " 5134"}, {"text": "\n                    【#华为正式发布鸿蒙#：全世界第一个基于微内核的全场景分布式OS 】8月9日华为开发者大会，#华为正式发布自有操作系统#鸿蒙。消费者业务CEO余承东表示，这是全世界第一个基于微内核的全场景OS，有分布式架构支撑，能带来天生流畅、内核级的安全和生态共享。并称鸿蒙这个名字有开天辟之意。 ​  展开全文c \n                    【#华为正式发布鸿蒙#：全世界第一个基于微内核的全场景分布式OS 】8月9日华为开发者大会，#华为正式发布自有操作系统#鸿蒙。消费者业务CEO余承东表示，这是全世界第一个基于微内核的全场景OS，有分布式架构支撑，能带来天生流畅、内核级的安全和生态共享。并称鸿蒙这个名字有开天辟之意。L五环短视频的秒拍视频 收起全文d\n", "author": "头条新闻", "time": "头条新闻2019年08月09日15:36 来自微博weibo.com", "transmit": " 转发 370", "comment": "评论 457", "zan": " 3511"}, {"text": "\n                    【重磅！华为正式发布自有操作系统鸿蒙OS】#华为开发者大会# 上，正式发布自有操作系统鸿蒙OS，这是基于微内核的全场景分布式OS。#华为鸿蒙系统发布# O华为正式发布自有操作系统鸿蒙OS ​                ", "author": "新浪科技", "time": "新浪科技2019年08月09日14:58 来自微博weibo.com", "transmit": " 转发 274", "comment": "评论 476", "zan": " 4798"}, {"text": "\n                    【图看#华为鸿蒙系统发布# 】这是全球首个微内核分布式操作系统。@余承东 表示，谷歌和苹果等厂商致力于发展新OS，但仍面临困难与瓶颈。谷歌的生态分裂，苹果的生态封闭，而华为要做面向未来的OS，多终端能力共享，互为外设。此外，鸿蒙系统明年将发布2.0版本，后年发布3.0版本。#华为开发者大会# ​                ", "author": "新浪科技", "time": "新浪科技2019年08月09日15:23 来自微博weibo.com", "transmit": " 转发 136", "comment": "评论 185", "zan": " 1020"}, {"text": "\n                    【#华为正式发布鸿蒙#：安卓若无法使用 随时启用鸿蒙】8月9日，华为消费者业务CEO余承东正式发布自有操作系统鸿蒙OS。余承东介绍称，鸿蒙是全世界第一个面向全场景微内核的分布式OS，但是考虑生态原因，华为优先支持谷歌安卓生态，如果安卓系统无法使用，华为随时可以启用鸿蒙系统。 ​  展开全文c \n                    【#华为正式发布鸿蒙#：安卓若无法使用 随时启用鸿蒙】8月9日，华为消费者业务CEO余承东正式发布自有操作系统鸿蒙OS。余承东介绍称，鸿蒙是全世界第一个面向全场景微内核的分布式OS，但是考虑生态原因，华为优先支持谷歌安卓生态，如果安卓系统无法使用，华为随时可以启用鸿蒙系统。#鸿蒙OS随时可以用在手机上# L央视新闻的秒拍视频（央视） 收起全文d\n", "author": "中国新闻周刊", "time": "中国新闻周刊2019年08月09日16:11 来自iPhone客户端", "transmit": " 转发 643", "comment": "评论 2293", "zan": " 17391"}, {"text": "\n#HDC2019#天生流畅！#华为鸿蒙#OS通过确定时延引擎确保用户交互体验流畅，匹配应用特征实现资源精准调度，响应时延降低25.7%，带给你流畅稳定的使用体验。除了流畅体验外更有安全保障，基于微内核技术的可信执行环境，通过形式化方法显著提升了内核安全等级，全面提升全场景终端设备的安全能力。关注转 ​  展开全文c \n#HDC2019#天生流畅！#华为鸿蒙#OS通过确定时延引擎确保用户交互体验流畅，匹配应用特征实现资源精准调度，响应时延降低25.7%，带给你流畅稳定的使用体验。除了流畅体验外更有安全保障，基于微内核技术的可信执行环境，通过形式化方法显著提升了内核安全等级，全面提升全场景终端设备的安全能力。关注转发今天的系列直播微博，从转发量最高的微博中随机抽2人各送Mate 20 Pro 2亿台纪念版（8GB+256GB/馥蕾红）1台，截止8月17日14:00。 收起全文d\n", "author": "华为终端官方微博", "time": "华为终端官方微博2019年08月09日15:19 来自微博weibo.com", "transmit": " 转发 1553", "comment": "评论 422", "zan": " 965"}, {"text": "\n#华为正式发布鸿蒙#【余承东：优先安卓系统 但鸿蒙OS随时可用】9日，在华为开发者大会上，华为自有系统鸿蒙正式亮相。余承东表示，鸿蒙面向全球开源，对于开发者，从安卓开发转移到鸿蒙也非常便捷，因为鸿蒙实现了兼容。“我们优先安卓系统，如果安卓系统不能使用了，#鸿蒙OS随时可以用在手机上#！”（ ​  展开全文c \n#华为正式发布鸿蒙#【余承东：优先安卓系统 但鸿蒙OS随时可用】9日，在华为开发者大会上，华为自有系统鸿蒙正式亮相。余承东表示，鸿蒙面向全球开源，对于开发者，从安卓开发转移到鸿蒙也非常便捷，因为鸿蒙实现了兼容。“我们优先安卓系统，如果安卓系统不能使用了，#鸿蒙OS随时可以用在手机上#！”（央视） 华为正式发布鸿蒙，用于手机后你会更换系统么？ 收起全文d\n", "author": "成都商报", "time": "成都商报2019年08月09日16:01 来自微博weibo.com", "transmit": " 转发 144", "comment": "评论 1062", "zan": " 67989"}, {"text": "\n                    【300秒看懂华为鸿蒙有多厉害：全球最领先，面向下一代开源】8月9日，2019华为开发者大会上，#华为正式发布鸿蒙#操作系统。华为消费者业务CEO余承东称，鸿蒙是全世界第一个基于微内核的全场景分布式OS。各种各样的设备通过一套系统可以统一在不同的硬件平台上行加载。鸿蒙微内核目前已商用， ​  展开全文c \n                    【300秒看懂华为鸿蒙有多厉害：全球最领先，面向下一代开源】8月9日，2019华为开发者大会上，#华为正式发布鸿蒙#操作系统。华为消费者业务CEO余承东称，鸿蒙是全世界第一个基于微内核的全场景分布式OS。各种各样的设备通过一套系统可以统一在不同的硬件平台上行加载。鸿蒙微内核目前已商用，安全最高级；如安卓无法使用，#鸿蒙OS随时可以用在手机上#，并且开源。来了解一下！@老板联播 L老板联播的秒拍视频 收起全文d\n", "author": "梨视频", "time": "梨视频2019年08月09日19:40 来自微博weibo.com", "transmit": " 转发 289", "comment": "评论 420", "zan": " 2112"}, {"text": "\n                    【华为开发者大会开幕，鸿蒙系统正式亮相】华为开发者大会将于8月9日-11日在东莞松山湖召开，据悉华为会将重点集中在5G落地、物联网、AI等领域。华为自主研发的鸿蒙系统也有望亮相。 澎湃新闻的微博直播 . ​                ", "author": "澎湃新闻", "time": "澎湃新闻2019年08月09日14:31 来自微博网页版", "transmit": " 转发 852", "comment": "评论 4908", "zan": " 41511"}, {"text": "\n#华为鸿蒙系统发布# 在#华为开发者大会# 上，华为正式发布自有操作系统鸿蒙OS，余承东表示，这是基于微内核的全场景分布式OS，可打通智慧屏、可穿戴设备、车机、音响、手机等多终端。在安全方面，微内核天然无Root，细粒度权限控制从源头提升系统安全。L新浪科技的微博视频 ​                ", "author": "新浪科技", "time": "新浪科技2019年08月09日15:11 来自微博云剪", "transmit": " 转发 147", "comment": "评论 196", "zan": " 1450"}, {"text": "\n#华为鸿蒙系统已实现商用# 在#华为开发者大会#上，华为消费者业务CEO余承东表示，微内核鸿蒙系统已实现商用，现场欢呼一片，鸿蒙终于来了！ L新浪科技的微博视频 ​                ", "author": "新浪科技", "time": "新浪科技2019年08月09日15:14 来自微博云剪", "transmit": " 转发 95", "comment": "评论 114", "zan": " 837"}, {"text": "\n                    【余承东：#鸿蒙OS随时可以用在手机上#，从安卓迁移只要一两天】8月9日，#华为正式发布鸿蒙#，余承东在华为开发者大会上表示，鸿蒙OS可以用在多种设备上，随时可用于手机。因为考虑到生态的原因，还是优先使用谷歌安卓系统。鸿蒙OS比安卓有更强的性能、更高的安全性、更强大的分布式能力和面向未 ​  展开全文c \n                    【余承东：#鸿蒙OS随时可以用在手机上#，从安卓迁移只要一两天】8月9日，#华为正式发布鸿蒙#，余承东在华为开发者大会上表示，鸿蒙OS可以用在多种设备上，随时可用于手机。因为考虑到生态的原因，还是优先使用谷歌安卓系统。鸿蒙OS比安卓有更强的性能、更高的安全性、更强大的分布式能力和面向未来全场景的能力。将安卓生态上的应用迁移到华为鸿蒙OS生态上的工作量极小，一两天就可以实现。L老板联播的秒拍视频 收起全文d\n", "author": "新浪财经", "time": "新浪财经2019年08月09日16:40 来自微博weibo.com", "transmit": " 转发 126", "comment": "评论 413", "zan": " 1624"}, {"text": "\n#华为正式发布鸿蒙# 华为正式发布全新分布式操作系统：鸿蒙！ ​                ", "author": "头条新闻", "time": "头条新闻2019年08月09日15:01 来自微博weibo.com", "transmit": " 转发 784", "comment": "评论 554", "zan": " 4717"}, {"text": "\n#华为鸿蒙系统发布# 在#华为开发者大会# #上，华为正式发布自有操作系统鸿蒙OS，余承东表示，这是基于微内核的全场景分布式OS，可打通智慧屏、可穿戴设备、车机、音响、手机等多终端。在安全方面，微内核天然无Root，细粒度权限控制从源头提升系统安全。L新浪科技的微博视频 ​                ", "author": "新浪财经", "time": "新浪财经2019年08月09日15:33 来自微博weibo.com", "transmit": " 转发 112", "comment": "评论 141", "zan": " 522"}, {"text": "\n                    【#华为正式发布鸿蒙操作系统#】华为今日正式发布自有操作系统：鸿蒙。央视新闻O华为今日正式发布自有操作系统：鸿蒙 #华为正式发布鸿蒙# ​                ", "author": "澎湃新闻", "time": "澎湃新闻2019年08月09日15:00 来自微博weibo.com", "transmit": " 转发 308", "comment": "评论 503", "zan": " 5960"}, {"text": "\n#华为发布鸿蒙系统#@余承东 表示HarmonyOS 鸿蒙有四大特点：分布架构、天生流畅、内核安全、生态共享。余承东表示。华为自有OS鸿蒙基于微内核的全场景分布式操作系统，实现模块化解耦，对于不同设备可弹性部署。#华为正式发布鸿蒙# #华为开发者大会##HDC2019# 华为鸿蒙符合你的期待吗？ ​                ", "author": "凤凰网科技", "time": "凤凰网科技2019年08月09日15:07 来自微博weibo.com", "transmit": " 转发 103", "comment": "评论 289", "zan": " 28181"}, {"text": "\n#华为正式发布鸿蒙#在今日的华为开发者大会上，华为消费者业务CEO余承东宣布，#华为鸿蒙系统发布#！！终于来了，你们会用华为鸿蒙系统吗？ 你们会用华为鸿蒙系统吗？ ​                ", "author": "IT观察猿", "time": "IT观察猿2019年08月09日15:09 来自微博weibo.com", "transmit": " 转发 117", "comment": "评论 269", "zan": " 31240"}, {"text": "\n                    【快讯！华为正式发布全新分布式操作系统：鸿蒙！ ​​​​】华为消费者业务今天在其全球开发者大会上正式向全球发布其全新的基于微内核的面向全场景的分布式操作系统——鸿蒙OS。华为消费者业务CEO余承东在介绍鸿蒙OS开发初衷时表示：“随着全场景智慧时代的到来，华为认为需要进一步提升操作系统的跨 ​  展开全文c \n                    【快讯！华为正式发布全新分布式操作系统：鸿蒙！ ​​​​】华为消费者业务今天在其全球开发者大会上正式向全球发布其全新的基于微内核的面向全场景的分布式操作系统——鸿蒙OS。华为消费者业务CEO余承东在介绍鸿蒙OS开发初衷时表示：“随着全场景智慧时代的到来，华为认为需要进一步提升操作系统的跨平台能力，包括支持全场景、跨多设备和平台的能力以及应对低时延、高安全性挑战的能力，因此逐渐形成了鸿蒙OS的雏形，可以说鸿蒙OS的出发点和Android、iOS都不一样，是一款全新的基于微内核的面向全场景的分布式操作系统，能够同时满足全场景流畅体验、架构级可信安全、跨终端无缝协同以及一次开发多终端部署的要求，鸿蒙应未来而生。” 收起全文d\n", "author": "环球时报", "time": "环球时报2019年08月09日15:03 来自微博weibo.com", "transmit": " 转发 718", "comment": "评论 528", "zan": " 4479"}, {"text": "\n                    【#新浪会客厅#对话华为5G总裁杨超斌：美国的限制对我们没什么影响】从去年开始，华为已经开始了5G商用部署，完全具备商用能力。“任何一个器件，我都会考虑来自于不同的供应商，来自于不同的国家。”今天，#华为正式发布鸿蒙#操作系统，“软硬兼施”，点赞国货！  L头条新闻的酷燃视频 ​                ", "author": "头条新闻", "time": "头条新闻2019年08月09日20:50 来自酷燃视频", "transmit": " 转发 286", "comment": "评论 202", "zan": " 1851"}, {"text": "\n                    【#华为开发者大会# 首日：@余承东 都讲了些什么】过去8年华为手机销量增长68倍！如果没有制裁，华为手机今年可以全球第一！#华为鸿蒙系统发布# ，随时可用到手机上！@余承东 在华为开发者大会上讲了这些干货↓↓↓ ​                ", "author": "新浪科技", "time": "新浪科技2019年08月09日17:59 来自微博weibo.com", "transmit": " 转发 50", "comment": "评论 63", "zan": " 306"}, {"text": "\n                    【#华为正式发布鸿蒙#：全世界第一个基于微内核的全场景分布式OS】8月9日2019华为开发者大会上，华为消费者业务CEO余承东正式发布华为鸿蒙OS。据介绍，这是全球首个基于微内核的全场景分布式OS，可支撑各种不同的设备，为消费者带来天生流畅、内核级的安全和生态共享。@老板联播 L老板联播的秒拍视频 ​                ", "author": "财经网", "time": "财经网2019年08月09日15:32 来自微博weibo.com", "transmit": " 转发 60", "comment": "评论 56", "zan": " 294"}, {"text": "\n#华为鸿蒙系统来了#【华为正式发布全新分布式操作系统：鸿蒙！】今天下午，在广东东莞举行的华为2019年开发者大会上，华为正式发布全新分布式操作系统：鸿蒙！ ​                ", "author": "新华网", "time": "新华网2019年08月09日15:48 来自微博weibo.com", "transmit": " 转发 82", "comment": "评论 65", "zan": " 576"}, {"text": "\n#华为正式发布鸿蒙#【余承东：优先安卓系统 但鸿蒙OS随时可用 你会买鸿蒙系统手机吗？】9日，在华为开发者大会上，华为自有系统鸿蒙正式亮相。余承东表示，鸿蒙面向全球开源，对于开发者，从安卓开发转移到鸿蒙也非常便捷，因为鸿蒙实现了兼容。“我们优先安卓系统，如果安卓系统不能使用了，鸿蒙OS随 ​  展开全文c \n#华为正式发布鸿蒙#【余承东：优先安卓系统 但鸿蒙OS随时可用 你会买鸿蒙系统手机吗？】9日，在华为开发者大会上，华为自有系统鸿蒙正式亮相。余承东表示，鸿蒙面向全球开源，对于开发者，从安卓开发转移到鸿蒙也非常便捷，因为鸿蒙实现了兼容。“我们优先安卓系统，如果安卓系统不能使用了，鸿蒙OS随时可以用在手机上！”（央视）O华为余承东：鸿蒙系统随时可用到手机上 #鸿蒙OS随时可以用在手机上# 如果华为发布鸿蒙系统手机，你会买吗？ 收起全文d\n", "author": "凤凰网财经", "time": "凤凰网财经2019年08月09日16:25", "transmit": " 转发 115", "comment": "评论 223", "zan": " 22461"}]