[{"text": "\n华为鸿蒙系统腾讯首测数据：运行速度快了安卓60%，等华为的鸿蒙系统完善之后，你愿意放弃安卓，投进华为鸿蒙的怀抱吗？ ​ ​                ", "author": "老c队长", "time": "老c队长2019年06月09日13:14 来自赞就涨停的Android", "transmit": " 转发 12", "comment": "评论 81", "zan": " 266"}, {"text": "\n                    【网传华为鸿蒙OS系统正在加紧测试中，9月份可能正式推出商用】华为开发的鸿蒙不是安卓系统的分支或修改版本，是基于5G物联网构建的全新的、独立的操作系统。全新微内核、跨平台设计，目标是打通手机、电脑、平板、电视、汽车、智能穿戴，统一成一个操作系统。      并且，华为的OS还兼容全部安 ​  展开全文c \n                    【网传华为鸿蒙OS系统正在加紧测试中，9月份可能正式推出商用】华为开发的鸿蒙不是安卓系统的分支或修改版本，是基于5G物联网构建的全新的、独立的操作系统。全新微内核、跨平台设计，目标是打通手机、电脑、平板、电视、汽车、智能穿戴，统一成一个操作系统。      并且，华为的OS还兼容全部安卓应用和所有Web应用。据传他完全基于未来5G时代通讯特点设计的系统，集成前段时间发布的方舟编译器，所以目前国外注册的是华为ARK OS。   网友们期待不？ 收起全文d\n", "author": "人才76116", "time": "人才761162019年06月09日09:46 来自HUAWEIP20", "transmit": " 转发 22", "comment": "评论 119", "zan": " 339"}, {"text": "\n华为宣布秋季推出鸿蒙系统、华为签约俄罗斯5G以及中俄两国关系提升为“新时代中俄全面战略协作伙伴关系”，这三件事正在发酵，鲁莽的特朗普正面临美国国内舆论的压力。 ​                ", "author": "Herbiewu", "time": "Herbiewu2019年06月09日00:08 来自iPhone7", "transmit": " 转发 26", "comment": "评论 52", "zan": " 255"}, {"text": "\n                    中芯国际创始人张汝京谈华为鸿蒙OS系统 ​                ", "author": "盛夏阿凯", "time": "盛夏阿凯2019年06月09日21:17 来自微博weibo.com", "transmit": " 转发 11", "comment": "评论 10", "zan": " 42"}, {"text": "\n                    外媒称：华为鸿蒙OS界面曝光 ​                ", "author": "老c队长", "time": "老c队长2019年06月09日17:24 来自赞就涨停的Android", "transmit": " 转发 7", "comment": "评论 47", "zan": " 187"}, {"text": "\n华为鸿蒙系统腾讯首测数据：运行速度快了安卓60%，另外据可靠消息来源，华为P40手机将率先使用鸿蒙系统。 ​我认为大部分中国人都应该买一部有鸿蒙系统的手机。 ​                ", "author": "丁炳中", "time": "丁炳中2019年06月09日15:55 来自HUAWEIP20Pro", "transmit": " 转发 17", "comment": "评论 70", "zan": " 201"}, {"text": "\n                    比目前的安卓快60%，这样的华为鸿蒙操作系统，你期待吗？#厉害了我的国##华为# L军人之家的微博视频 ​                ", "author": "军人之家", "time": "军人之家2019年06月09日23:41", "transmit": " 转发 3", "comment": "评论 35", "zan": " 104"}, {"text": "\n华为在中国等11个国家注册了hongmeng商标，可以确认华为操作系统命名为“鸿蒙OS”！你们觉得这名字如何？ ​                ", "author": "C科技", "time": "C科技2019年06月09日11:23", "transmit": " 转发 26", "comment": "评论 482", "zan": " 1864"}, {"text": "\n#华为鸿蒙#【华为在全球多地注册“hongmeng”商标】2018年8月，华为在中国国家知识产权局商标局注册了鸿蒙商标，该商标于2019年5月14日获批。据huawei central报道，已经确认华为已在全球多地的知识产权组织中提交了“HongMeng”商标申请，具体注册国家及区域如图2。huawei central表示，华为提交 ​  展开全文c \n#华为鸿蒙#【华为在全球多地注册“hongmeng”商标】2018年8月，华为在中国国家知识产权局商标局注册了鸿蒙商标，该商标于2019年5月14日获批。据huawei central报道，已经确认华为已在全球多地的知识产权组织中提交了“HongMeng”商标申请，具体注册国家及区域如图2。huawei central表示，华为提交相关名称的商标已被归类为一系列子类别，包括“操作系统”，这与中国商标申请类似。注册信息显示该“操作系统”还支持各种平台，包括笔记本电脑，智能手机，平板电脑，SmartWatches，可穿戴设备，物联网等。此外，huawei central称没有在欧洲以外的任何其他地区找到“ ARK OS ”商标。 收起全文d\n", "author": "虎嗅APP", "time": "虎嗅APP2019年06月09日09:07 来自iPhone客户端", "transmit": " 转发 6", "comment": "评论 30", "zan": " 69"}, {"text": "\n华为鸿蒙系统腾讯首测数据：运行速度快了安卓60%，华为的鸿蒙系统完善之后，就代表着华为将彻底离开安卓，你愿意跳出安卓舒适圈，投进华为鸿蒙的怀抱吗？ ​                ", "author": "丫丫港股圈", "time": "丫丫港股圈2019年06月09日11:23 来自华盛通", "transmit": " 转发 12", "comment": "评论 34", "zan": " 78"}, {"text": "\n                    【任正非说“华为从来不用完人”：把长板发挥到极致，才能取得最高】当我们正在为华为5G走在世界前沿而荣耀，当华为能用海思芯片和鸿蒙系统等备胎，应对美国极限压制时，我们都会好奇是怎样的一群人创造了科研的制高点?任正非说，砸钱是砸不出来的，要砸科学家，要砸物理学家、数学家和化学家。 ​  展开全文c \n                    【任正非说“华为从来不用完人”：把长板发挥到极致，才能取得最高】当我们正在为华为5G走在世界前沿而荣耀，当华为能用海思芯片和鸿蒙系统等备胎，应对美国极限压制时，我们都会好奇是怎样的一群人创造了科研的制高点?任正非说，砸钱是砸不出来的，要砸科学家，要砸物理学家、数学家和化学家。科学家，是多少人小时候伟大的梦想，但我们走着走着就偏离了梦想，成为平庸的大多数。那科学家是怎样炼成的呢?任正非说：华为从来不用完人，总追求完美就没有希望。我只做长的这块板，让我再拼一块别人的长板，拼起来不就是一个高桶了？为什么要自己变成一个完整、完美的人？完美的人就是没用的人，我们公司从来不用完人。原来，他要的是长板特别长的人，而不是完人，尤其是科学家。他说，有个俄罗斯的小伙子，不擅长沟通，他问很多句，小伙总是回答：嗯。任正非也不知道他在做什么，进展如何，但小伙闷头研究十几年，实现了2G到3G到技术飞跃。这就是任正非想要的人才，在一点上把长板发挥到极致，而不苛求面面俱到。正是任正非这种追求极致与聚焦专业的人才观，让华为有了今天的成就，让美国极其恐惧的科研能力。人的精力都是有限的，你的时间花在哪里，就在哪里收获。如果想成为完人，就必然在每一点上牵扯精力，看起来样样都好，其实样样稀松。不如专心把长板发挥到极致，才能获得自身价值的最大化。 收起全文d\n", "author": "价值投资日志", "time": "价值投资日志2019年06月09日06:39 来自iPhoneX", "transmit": " 转发 39", "comment": "评论 5", "zan": " 59"}, {"text": "\n                    【外媒：#华为在全球多地注册hongmeng商标#】据外媒消息，2018年8月，华为在中国国家知识产权局商标局注册了鸿蒙商标，该商标于2019年5月14日获批。报道称，已经确认华为已经在全球多地的知识产权组织中提交了“HongMeng”商标申请，具体注册国家及区域如下图所示。O外媒：华为在全球多地注册“hongmeng”商标 ​                ", "author": "新浪科技", "time": "新浪科技2019年06月09日10:16 来自专业版微博", "transmit": " 转发 40", "comment": "评论 78", "zan": " 484"}, {"text": "\n                    【担心华为自给自足，谷歌搬出“国安风险”要美解禁】英国《金融时报》6月7日报道，谷歌已就“华为禁令”向特朗普政府发出警告，他们编织出的理由是，若由华为开发自己版本的安卓操作系统，将“更容易受黑客攻击”，“损害美国国家安全”。而随着“鸿蒙”、“方舟”接连现身，华为方面也表示，最快今 ​  展开全文c \n                    【担心华为自给自足，谷歌搬出“国安风险”要美解禁】英国《金融时报》6月7日报道，谷歌已就“华为禁令”向特朗普政府发出警告，他们编织出的理由是，若由华为开发自己版本的安卓操作系统，将“更容易受黑客攻击”，“损害美国国家安全”。而随着“鸿蒙”、“方舟”接连现身，华为方面也表示，最快今年秋天，最晚明年春天，华为自己的操作系统将可能面市，届时将兼容全部的安卓应用，这让谷歌有些着急了。（观察者网）O担心华为自给自足，谷歌搬出“国安风险”要美解禁 收起全文d\n", "author": "凤凰网科技", "time": "凤凰网科技2019年06月09日11:45 来自微博weibo.com", "transmit": " 转发 20", "comment": "评论 49", "zan": " 186"}, {"text": "\n                    【华为在全球多地注册“hongmeng”商标】2018年8月，华为在中国国家知识产权局商标局注册了鸿蒙商标，该商标于2019年5月14日获批。据huawei central报道，已经确认华为已在全球多地的知识产权组织中提交了“HongMeng”商标申请。huawei central表示，华为提交相关名称的商标已被归类为一系列子类别，包 ​  展开全文c \n                    【华为在全球多地注册“hongmeng”商标】2018年8月，华为在中国国家知识产权局商标局注册了鸿蒙商标，该商标于2019年5月14日获批。据huawei central报道，已经确认华为已在全球多地的知识产权组织中提交了“HongMeng”商标申请。huawei central表示，华为提交相关名称的商标已被归类为一系列子类别，包括“操作系统”，这与中国商标申请类似。注册信息显示该“操作系统”还支持各种平台，包括笔记本电脑，智能手机，平板电脑，SmartWatches，可穿戴设备，物联网等。 收起全文d\n", "author": "梭哈老头李", "time": "梭哈老头李2019年06月09日14:02 来自抓板专用iPhoneXSMax", "transmit": " 转发 13", "comment": "评论 20", "zan": " 118"}]