[{"text": "\n华为开始鼓励各大应用软件进驻鸿蒙的应用商店，华为已经开始着手解决系统的生态问题了。鸿蒙系统的兼容性十分的不错，所有的安卓APP都可以直接在鸿蒙系统上直接的使用。这些软件在鸿蒙系统上运行，会比在安卓上运行更加的流畅，系统的流畅性可以提升四分之一左右，系统响应速度提升44%，鸿蒙的出现必 ​  展开全文c \n华为开始鼓励各大应用软件进驻鸿蒙的应用商店，华为已经开始着手解决系统的生态问题了。鸿蒙系统的兼容性十分的不错，所有的安卓APP都可以直接在鸿蒙系统上直接的使用。这些软件在鸿蒙系统上运行，会比在安卓上运行更加的流畅，系统的流畅性可以提升四分之一左右，系统响应速度提升44%，鸿蒙的出现必将会给安卓造成极大的压力。 收起全文d\n", "author": "价值投资日志", "time": "价值投资日志2019年06月24日16:54 来自iPhone客户端", "transmit": " 转发 31", "comment": "评论 57", "zan": " 145"}, {"text": "\n                    【余鹏鲲：华为鸿蒙初辟，媒体宜支持不宜捧杀】目前很多媒体工作者急于看到中国自主操作系统成长起来，对鸿蒙的表现有很多脱离现实的预期和估计。事实上中国自主操作系统和鸿蒙真正发展起来需要的是舆论长期的关注和支持，而非国外不制裁时极尽漠视，国外一制裁则肆意夸大其作用和性能。 ​  展开全文c \n                    【余鹏鲲：华为鸿蒙初辟，媒体宜支持不宜捧杀】目前很多媒体工作者急于看到中国自主操作系统成长起来，对鸿蒙的表现有很多脱离现实的预期和估计。事实上中国自主操作系统和鸿蒙真正发展起来需要的是舆论长期的关注和支持，而非国外不制裁时极尽漠视，国外一制裁则肆意夸大其作用和性能。O余鹏鲲：华为鸿蒙初辟，媒体宜支持不宜捧杀 收起全文d\n", "author": "观察者网", "time": "观察者网2019年06月24日09:48 来自微博weibo.com", "transmit": " 转发 83", "comment": "评论 110", "zan": " 1392"}]