[{"text": "\n                    ●央视最新权威报道《华为，突围》18分钟完整版——非常全面介绍了华为如何用技术突破美国的包围，特别提到了华为荣耀智慧屏或将搭载鸿蒙系统！#华为# L建华Wei业的微博视频 ​                ", "author": "建华Wei业", "time": "建华Wei业2019年07月21日19:35 来自HUAWEIMate20Pro", "transmit": " 转发 755", "comment": "评论 175", "zan": " 1830"}, {"text": "\n                    【#任正非称鸿蒙暂无计划用于手机#，华为和谷歌都在努力解决目前的问题】任正非在7月20日的雅虎财经专访中表示，华为鸿蒙暂无运用于手机的计划。只有当谷歌不再是一种选择时，才会投入新手机系统的研发。他相信，谷歌与华为一样都在努力解决目前面临的问题，希望能有所回报。@老板联播  ​  展开全文c \n                    【#任正非称鸿蒙暂无计划用于手机#，华为和谷歌都在努力解决目前的问题】任正非在7月20日的雅虎财经专访中表示，华为鸿蒙暂无运用于手机的计划。只有当谷歌不再是一种选择时，才会投入新手机系统的研发。他相信，谷歌与华为一样都在努力解决目前面临的问题，希望能有所回报。@老板联播 L老板联播的秒拍视频 收起全文d\n", "author": "凤凰网财经", "time": "凤凰网财经2019年07月21日21:30", "transmit": " 转发 45", "comment": "评论 80", "zan": " 212"}, {"text": "\n#每经整点播# 【每经22点丨研究：青少年过度使用社交媒体易抑郁，看电视加重病情；国际炭黑巨头宣布涨价，国内企业有望迎来补涨】1、【#任正非称鸿蒙暂无计划用于手机#，华为和谷歌都在努力解决目前的问题】任正非在7月20日的雅虎财经专访中表示，华为鸿蒙暂无运用于手机的计划。只有当谷歌不再 ​  展开全文c \n#每经整点播# 【每经22点丨研究：青少年过度使用社交媒体易抑郁，看电视加重病情；国际炭黑巨头宣布涨价，国内企业有望迎来补涨】1、【#任正非称鸿蒙暂无计划用于手机#，华为和谷歌都在努力解决目前的问题】任正非在7月20日的雅虎财经专访中表示，华为鸿蒙暂无运用于手机的计划。只有当谷歌不再是一种选择时，才会投入新手机系统的研发。他相信，谷歌与华为一样都在努力解决目前面临的问题，希望能有所回报。2、7月21日起#参观布达拉宫需预约#；3、新研究：青少年#过度使用社交媒体易抑郁#，看电视加重病情；4、监管层规范公募机构转融通业务流程。O每经22点丨研究：青少年过度使用社交媒体易抑郁，看电视加重病情；国际炭黑巨头宣布涨价，国内企业有望迎来补涨 O每经22点丨研究：青少年过度使用社交媒体易抑郁，看电视加重病情 收起全文d\n", "author": "每日经济新闻", "time": "每日经济新闻2019年07月21日22:10 来自微博weibo.com", "transmit": " 转发 16", "comment": "评论 18", "zan": " 76"}, {"text": "\n                    【#任正非称鸿蒙暂无计划用于手机#，华为和谷歌都在努力解决目前的问题】任正非在7月20日的雅虎财经专访中表示，华为鸿蒙系统暂无运用于手机的计划。只有当谷歌不再是一种选择时，才会投入新手机系统的研发。他相信，谷歌与华为一样都在努力解决目前面临的问题，希望能有所回报。L老板联播的秒拍视频 ​                ", "author": "老板联播", "time": "老板联播2019年07月21日21:21 来自专业版微博", "transmit": " 转发 15", "comment": "评论 41", "zan": " 144"}, {"text": "\n                    【#任正非称鸿蒙暂无计划用于手机#，华为和谷歌都在努力解决目前的问题】任正非在7月20日的雅虎财经专访中表示，华为鸿蒙暂无运用于手机的计划。只有当谷歌不再是一种选择时，才会投入新手机系统的研发。他相信，谷歌与华为一样都在努力解决目前面临的问题，希望能有所回报。 ​  展开全文c \n                    【#任正非称鸿蒙暂无计划用于手机#，华为和谷歌都在努力解决目前的问题】任正非在7月20日的雅虎财经专访中表示，华为鸿蒙暂无运用于手机的计划。只有当谷歌不再是一种选择时，才会投入新手机系统的研发。他相信，谷歌与华为一样都在努力解决目前面临的问题，希望能有所回报。L老板联播的秒拍视频 ​​​ 收起全文d\n", "author": "电商报", "time": "电商报2019年07月21日21:27", "transmit": " 转发 89", "comment": "评论 21", "zan": " 70"}, {"text": "\n                    【央视：荣耀智慧屏或搭载鸿蒙操作系统】鸿蒙操作系统 7月20日，央视新闻报道了荣耀智慧屏产品，并提到了鸿蒙系统。报道称，华为(荣耀)本周公布将在下月上旬推出全新品类的智慧屏电视，备受外界关注的是，这款智慧屏电视可能会搭载华为专为物联网设计的鸿蒙系统。华为董事、高级副总裁陈黎芳 ​  展开全文c \n                    【央视：荣耀智慧屏或搭载鸿蒙操作系统】鸿蒙操作系统 7月20日，央视新闻报道了荣耀智慧屏产品，并提到了鸿蒙系统。报道称，华为(荣耀)本周公布将在下月上旬推出全新品类的智慧屏电视，备受外界关注的是，这款智慧屏电视可能会搭载华为专为物联网设计的鸿蒙系统。华为董事、高级副总裁陈黎芳曾表示，#鸿蒙操作系统不是为智能手机设计的# ，鸿蒙主要是用于工业系统。O央视：荣耀智慧屏或搭载鸿蒙系统 收起全文d\n", "author": "凤凰网科技", "time": "凤凰网科技2019年07月21日08:34 来自微博weibo.com", "transmit": " 转发 9", "comment": "评论 25", "zan": " 57"}, {"text": "\n                    任正非亲自辟谣，鸿蒙暂无计划用于手机。感觉华为最近连续给鸿蒙系统降温。。。 ​                ", "author": "Reviewer_小康", "time": "Reviewer_小康2019年07月21日22:22", "transmit": " 转发 10", "comment": "评论 43", "zan": " 156"}]