[{"text": "\n#华为董事长否认鸿蒙是噱头#7月30日，在华为上半年财报发布会上，华为董事长梁华回应关于“鸿蒙系统”的质疑。他表示，鸿蒙系统一开始就是针对IoT物联网做的操作系统，未来会在产品中使用，不是噱头，也不是应对谈判的策略。短期内，如果美国允许华为使用安卓系统，华为手机还是会使用安卓，鸿蒙是为长 ​  展开全文c \n#华为董事长否认鸿蒙是噱头#7月30日，在华为上半年财报发布会上，华为董事长梁华回应关于“鸿蒙系统”的质疑。他表示，鸿蒙系统一开始就是针对IoT物联网做的操作系统，未来会在产品中使用，不是噱头，也不是应对谈判的策略。短期内，如果美国允许华为使用安卓系统，华为手机还是会使用安卓，鸿蒙是为长期发展做准备。你们觉得呢？L老板联播的秒拍视频 收起全文d\n", "author": "IT观察猿", "time": "IT观察猿2019年07月31日08:18", "transmit": " 转发 176", "comment": "评论 46", "zan": " 342"}, {"text": "\n#华为董事长否认鸿蒙是噱头#7月30日，在华为上半年财报发布会上，华为董事长梁华回应关于“鸿蒙系统”的质疑。他表示，鸿蒙系统一开始就是针对IoT物联网做的操作系统，未来会在产品中使用，不是噱头，也不是应对谈判的策略。短期内，如果美国允许华为使用安卓系统，华为手机还是会使用安卓，鸿蒙是为长 ​  展开全文c \n#华为董事长否认鸿蒙是噱头#7月30日，在华为上半年财报发布会上，华为董事长梁华回应关于“鸿蒙系统”的质疑。他表示，鸿蒙系统一开始就是针对IoT物联网做的操作系统，未来会在产品中使用，不是噱头，也不是应对谈判的策略。短期内，如果美国允许华为使用安卓系统，华为手机还是会使用安卓，鸿蒙是为长期发展做准备。你们怎么看？ 收起全文d\n", "author": "IT互联网那点事", "time": "IT互联网那点事2019年07月31日09:42", "transmit": " 转发 224", "comment": "评论 119", "zan": " 363"}, {"text": "\n                    【华为董事长梁华：鸿蒙系统不是噱头 是为未来做准备】7月30日，在华为上半年财报发布会上，华为董事长梁华表示，鸿蒙系统不是一个噱头，起初就是针对物联网开发的操作系统，应用在自动驾驶、远程医疗、工业控制等场景。“未来华为手机操作系统什么样，会基于不同的产品做决策。”  ​  展开全文c \n                    【华为董事长梁华：鸿蒙系统不是噱头 是为未来做准备】7月30日，在华为上半年财报发布会上，华为董事长梁华表示，鸿蒙系统不是一个噱头，起初就是针对物联网开发的操作系统，应用在自动驾驶、远程医疗、工业控制等场景。“未来华为手机操作系统什么样，会基于不同的产品做决策。” L大佬时间的秒拍视频 收起全文d\n", "author": "创业家传媒", "time": "创业家传媒2019年07月31日08:10 来自iPhone客户端", "transmit": " 转发 68", "comment": "评论 16", "zan": " 8"}, {"text": "\n                    【华为董事长梁华：鸿蒙系统不是噱头 是为未来做准备】7月30日，在华为上半年财报发布会上，华为董事长梁华表示，鸿蒙系统不是一个噱头，起初就是针对物联网开发的操作系统，应用在自动驾驶、远程医疗、工业控制等场景。“未来华为手机操作系统什么样，会基于不同的产品做决策。”  ​  展开全文c \n                    【华为董事长梁华：鸿蒙系统不是噱头 是为未来做准备】7月30日，在华为上半年财报发布会上，华为董事长梁华表示，鸿蒙系统不是一个噱头，起初就是针对物联网开发的操作系统，应用在自动驾驶、远程医疗、工业控制等场景。“未来华为手机操作系统什么样，会基于不同的产品做决策。” L大佬时间的秒拍视频 收起全文d\n", "author": "雪球", "time": "雪球2019年07月31日08:16 来自微博weibo.com", "transmit": " 转发 4", "comment": "评论 20", "zan": " 40"}, {"text": "\n                    球迷们，上午好！周二两市高开高走，午后逐步回落，量能有所放大！个股分化依旧明显，涨幅榜上首板较多！连板寥寥无几！其实，现在的盘面显示的已经非常清晰了，那就是这轮反弹仅仅是反弹，且是缓涨的格局，一般来说，在熊市里缓涨结构后面跟随断头铡的可能性较大，尤其是量能不济的反弹连续出现之后 ​  展开全文c \n                    球迷们，上午好！周二两市高开高走，午后逐步回落，量能有所放大！个股分化依旧明显，涨幅榜上首板较多！连板寥寥无几！其实，现在的盘面显示的已经非常清晰了，那就是这轮反弹仅仅是反弹，且是缓涨的格局，一般来说，在熊市里缓涨结构后面跟随断头铡的可能性较大，尤其是量能不济的反弹连续出现之后！再回到昨天早评里说的关于C浪的问题，如果这里是主升C，那么，3288点是100%要击穿的，那么，A上涨了848点，C不会小于这个数字吧，2822+848+=3700点左右，也就是说，突破了3288确认这里是C,再进场都来得及呢！何况现在根本没有这样的迹象，反之，如果回落，走下跌C，你去算一下点位吧，我估计是在2600点下方了，这纯属数字游戏，但是，不排除这样的可能性！操作上短线必须破位止损，轻仓，稳健的继续观望！有些人今天私信我，还要等多久？我说可能等1年，未来一年都不做个股，完全有这样的可能性！因为接下来我认为都是下降趋势，即便是开仓，也是短线，很难有像样的波段出现，基本是以投机为主了！最后一波像样的反弹已经走完了！以上纯属个人观点，不喜勿喷！#A股# #华为董事长否认鸿蒙是噱头# 收起全文d\n", "author": "跑赢指数的小散", "time": "跑赢指数的小散2019年07月31日07:00 来自微博weibo.com", "transmit": " 转发 4", "comment": "评论 13", "zan": " 48"}, {"text": "\n商道重器 ［谁在捧杀华为？不请自来的猪队友！］“鸿蒙”系统的事情算是尘埃落定了，不管是阴谋还是阳谋，在商场上能够让对手让步的就是好算计。在操作系统上这一波操作，华为显然是是做到了走一步看三步，打了一手好牌，不过话又说回来再厉害的操盘手也怕遇到猪队友，显然这次一些猪队友确实 ​  展开全文c \n商道重器 ［谁在捧杀华为？不请自来的猪队友！］“鸿蒙”系统的事情算是尘埃落定了，不管是阴谋还是阳谋，在商场上能够让对手让步的就是好算计。在操作系统上这一波操作，华为显然是是做到了走一步看三步，打了一手好牌，不过话又说回来再厉害的操盘手也怕遇到猪队友，显然这次一些猪队友确实给华为添了不少麻烦。华为这次受到打压后的一系列策略性的反击本是没有什么纰漏的，不管是大老板的言论还是到高层管理人员的所表达的都是“不服，就干！”这么个意思，毕竟手里握着好牌的华为确实是有底气的，市场我有，技术我也有，长远规划同样具有，尾大甩不掉的局面华为还是看的很清楚的。华为唯一没有想到的在一系列的行动过程中，一些猪队友出现了，这些猪队友我到不认为是华为愿意同他们为伍，只是用巴掌打笑脸人这个事情搁谁也做不到呀，结果这些或许兴奋的猪队友们彻底就让华为沸腾了，为了能够成功吸引眼球，猪队友们无所不用其极，断章取义，画蛇添足，移花接木……各显神通。一只秃笔不光写春秋了，连四季轮回都写完了。因为他们不用考虑后果的，骂人会承担被揍或是造谣的风险，你说这夸人你还能去揍他去？说他造谣吧？总不能别人夸你得时候你大声疾呼：“我满脸都是麻子没有那么帅“，“我TM就是一张鞋拔子脸，哪里有潘安美“？这事这么一闹腾，难受的反而是华为了，要不梁董事长也不会站出来说“这不是噱头，我们确实很美，只是还没有长开”！国人喜欢讲究低调，因为只有低调了才不会有人蹭你的热度，反而能让你安心的去做事，一旦被这帮敲边鼓的猪队友盯上了，只能哑巴吃黄连。猪队友的嘴，扎心的鬼呀！ 收起全文d\n", "author": "种斌Marco", "time": "种斌Marco2019年07月31日08:15 来自商道重器超话", "transmit": " 转发 12", "comment": "评论 6", "zan": " 18"}]