[{"text": "\n#华为鸿蒙系统是否用于手机还未确定#【任正非：华为的潜能是美国逼出来的 ，鸿蒙可能比安卓、苹果快】华为永远都会是狼文化！ L央证公开课的秒拍视频 ​                ", "author": "央证公开课", "time": "央证公开课2019年07月12日13:45 来自小小小央iPhoneX", "transmit": " 转发 223", "comment": "评论 267", "zan": " 469"}, {"text": "\n                    当前手机不仅生活的一部分，对于一部分人来说也已经是工作的一部分，打车、发快递、定餐、购物都需要手机完成#华为鸿蒙系统是否用于手机还未确定#你身边的朋友都在使用什么手机？其他请留言补充 你身边的朋友都在使用什么手机？ ​                ", "author": "总裁语录", "time": "总裁语录2019年07月12日15:22", "transmit": " 转发 4", "comment": "评论 7", "zan": " 557"}, {"text": "\n#华为鸿蒙系统是否用于手机还未确定#你喜欢谁的手机系统？ 你喜欢哪家的手机系统？ ​                ", "author": "北岛哥哥", "time": "北岛哥哥2019年07月12日14:01", "transmit": " 转发 13", "comment": "评论 15", "zan": " 1021"}, {"text": "\n华为董事长梁华称，鸿蒙是物联网操作系统，安卓仍是手机OS首选，未来不排除把鸿蒙发展为手机系统那之前一直吹鸿蒙的人……（来源：第一财经）#华为鸿蒙系统是否用于手机还未确定# ​                ", "author": "锋潮科技", "time": "锋潮科技2019年07月12日11:58 来自微博weibo.com", "transmit": " 转发 372", "comment": "评论 182", "zan": " 1356"}, {"text": "\n华为董事长：鸿蒙是物联网操作系统，安卓是手机首选。华为董事长梁华表示，鸿蒙本来就是为物联网开发的系统，使得在自动驾驶，远程操作医疗环境，提供低时延的一个操作系统。手机这一块，我们还是把开放的安卓作为首选。 （一财） #华为鸿蒙系统是否用于手机还未确定# ​                ", "author": "蓝鲸财经记者工作平台", "time": "蓝鲸财经记者工作平台2019年07月12日11:33 来自iPhoneX", "transmit": " 转发 124", "comment": "评论 92", "zan": " 529"}, {"text": "\n                    【华为董事长：#华为鸿蒙系统是否用于手机还未确定# 安卓仍是手机OS首选】Huawei seeks to reduce the latency of its Internet of Things (IoT) devices through it's own Hongmeng Operating System (OS), according to the company's chairman Liang Hua. \"In terms of smartphones, we are still u ​  展开全文c \n                    【华为董事长：#华为鸿蒙系统是否用于手机还未确定# 安卓仍是手机OS首选】Huawei seeks to reduce the latency of its Internet of Things (IoT) devices through it's own Hongmeng Operating System (OS), according to the company's chairman Liang Hua. \"In terms of smartphones, we are still using the Android operating system and ecosystem as a 'first choice',\" he added as a response to the highly-discussed rumor that Hongmeng is going to replace Android as a back-up plan against U.S. sanctions. \"We haven't decided yet if the Hongmeng OS can be developed as a smartphone operating system in the future,” he explained. Liang made the remarks during a company press conference on Friday, three days after the U.S. government announced its decision to allow American companies to sell products to Huawei. For more: O网页链接 收起全文d\n", "author": "CGTN", "time": "CGTN2019年07月12日21:15 来自微博weibo.com", "transmit": " 转发 12", "comment": "评论 15", "zan": " 74"}, {"text": "\n#华为鸿蒙系统是否用于手机还未确定#如果出来鸿蒙系统，你会首选哪个？ 不考虑手机型号，你会选择哪个手机系统？ ​                ", "author": "喊我豆奶酱", "time": "喊我豆奶酱2019年07月12日13:11 来自HUAWEInova青春版", "transmit": " 转发 3", "comment": "评论 7", "zan": " 748"}, {"text": "\n#华为鸿蒙系统是否用于手机还未确定# 2意大利·米兰 对于华为鸿蒙系统你们期待吗？ ​                ", "author": "果仁儿科技", "time": "果仁儿科技2019年07月12日14:24 来自没有信号的iPhoneXSMax", "transmit": " 转发 5", "comment": "评论 10", "zan": " 928"}, {"text": "\n#华为鸿蒙系统是否用于手机还未确定# 在今天华为《2018 年可持续发展报告》发布会上，华为董事长梁华表示，鸿蒙系统是为物联网开发的操作系统，用于自动驾驶、远程医疗等低时延场景，是否发展为手机系统还未确定，华为会继续选择 Android 系统作为首选。 ​                ", "author": "WHYLAB", "time": "WHYLAB2019年07月12日15:22 来自微博weibo.com", "transmit": " 转发 13", "comment": "评论 50", "zan": " 149"}, {"text": "\n                    【华为董事长：鸿蒙是物联网操作系统 安卓是手机首选】财联社7月12日讯，华为董事长梁华表示，鸿蒙本来就是为物联网开发的系统，使得在自动驾驶，远程操作医疗环境，提供低时延的一个操作系统。手机这一块，我们还是把开放的安卓作为首选。 （第一财经）#华为官方似乎在宣传策略上有所调整，逐渐把鸿 ​  展开全文c \n                    【华为董事长：鸿蒙是物联网操作系统 安卓是手机首选】财联社7月12日讯，华为董事长梁华表示，鸿蒙本来就是为物联网开发的系统，使得在自动驾驶，远程操作医疗环境，提供低时延的一个操作系统。手机这一块，我们还是把开放的安卓作为首选。 （第一财经）#华为官方似乎在宣传策略上有所调整，逐渐把鸿蒙与手机解绑  收起全文d\n", "author": "钟文泽", "time": "钟文泽2019年07月12日11:43 来自普通家庭iPhoneXSMax", "transmit": " 转发 39", "comment": "评论 187", "zan": " 981"}, {"text": "\n#华为鸿蒙系统是否用于手机还未确定#华为在海外拍过这么多的广告短片啊，又有创意又有格局！仿佛是一个被卖手机耽误的影视公司L微博电影工厂的秒拍视频 ​                ", "author": "橘子夏S与单车少年", "time": "橘子夏S与单车少年2019年07月12日12:53 来自逢考必过的人", "transmit": " 转发 15", "comment": "评论 8", "zan": " 26"}, {"text": "\n#金博士点评# 任总不是剛剛豪言壮语：鴻蒙比安卓快60％吗？#华为鸿蒙系统是否用于手机还未确定#今天华为董事长梁华表示：＂鸿蒙系统是为物联网开发的，用于自动驾驶、远程医疗等低时延场景，华为手机还是把开放的安卓系统和生态作为首选。＂这如何自圓其說？老任太高調了，高調得忘乎所以，不好。 ​  展开全文c \n#金博士点评# 任总不是剛剛豪言壮语：鴻蒙比安卓快60％吗？#华为鸿蒙系统是否用于手机还未确定#今天华为董事长梁华表示：＂鸿蒙系统是为物联网开发的，用于自动驾驶、远程医疗等低时延场景，华为手机还是把开放的安卓系统和生态作为首选。＂这如何自圓其說？老任太高調了，高調得忘乎所以，不好。O华为董事长:安卓仍是首选 鸿蒙是否用于手机还未确定 ​O网页链接 收起全文d\n", "author": "克里斯托夫-金", "time": "克里斯托夫-金2019年07月12日15:20 来自iPhone7Plus", "transmit": " 转发 13", "comment": "评论 85", "zan": " 279"}, {"text": "\n                    【华为鸿蒙是物联网OS，华为手机仍以 Android 为首选】7 月 12 日消息，据新浪科技报道，在今日的华为《2018年可持续发展报告》发布会上，华为董事长梁华在谈及鸿蒙系统时表示，这是为物联网开发的操作系统，是否发展为手机系统还未确定。据悉，这款系统目前将为物联网而开发，将用于自动驾驶、远程医 ​  展开全文c \n                    【华为鸿蒙是物联网OS，华为手机仍以 Android 为首选】7 月 12 日消息，据新浪科技报道，在今日的华为《2018年可持续发展报告》发布会上，华为董事长梁华在谈及鸿蒙系统时表示，这是为物联网开发的操作系统，是否发展为手机系统还未确定。据悉，这款系统目前将为物联网而开发，将用于自动驾驶、远程医疗等低时延场景，目前华为手机还是会将 Android 系统以及其生态作为首选。#华为鸿蒙系统是否用于手机还未确定# 收起全文d\n", "author": "爱范儿", "time": "爱范儿2019年07月12日15:00 来自微博weibo.com", "transmit": " 转发 19", "comment": "评论 33", "zan": " 155"}, {"text": "\n#华为鸿蒙系统是否用于手机还未确定#原来鸿蒙只是物联网操作系统啊不是很懂呀，这样的话，如果、假如、万一安卓真的不给用了，难道华为还有别的选择吗？ ​                ", "author": "爱搞机的小nv孩", "time": "爱搞机的小nv孩2019年07月12日14:16", "transmit": " 转发 4", "comment": "评论 115", "zan": " 167"}, {"text": "\n                    【华为董事长梁华：安卓仍是首选 #华为鸿蒙系统是否用于手机还未确定#】近日有消息称，华为将在今年8月的全球开发者大会上发布鸿蒙系统。7月12日，华为董事长梁华表示，鸿蒙系统是为物联网开发的，用于自动驾驶、远程医疗等低时延场景。华为手机还是把开放的安卓系统和生态作为首选。 ​  展开全文c \n                    【华为董事长梁华：安卓仍是首选 #华为鸿蒙系统是否用于手机还未确定#】近日有消息称，华为将在今年8月的全球开发者大会上发布鸿蒙系统。7月12日，华为董事长梁华表示，鸿蒙系统是为物联网开发的，用于自动驾驶、远程医疗等低时延场景。华为手机还是把开放的安卓系统和生态作为首选。L新京报我们视频的秒拍视频 收起全文d\n", "author": "新财富杂志", "time": "新财富杂志2019年07月12日17:08 来自iPhone8Plus", "transmit": " 转发 6", "comment": "评论 19", "zan": " 61"}, {"text": "\n#华为鸿蒙系统是否用于手机还未确定#今日的华为《2018年可持续发展报告》发布会上，华为董事长梁华在谈及鸿蒙系统时表示，这是为物联网开发的操作系统，是否发展为手机系统还未确定。 ​                ", "author": "数码研究所", "time": "数码研究所2019年07月12日13:43", "transmit": " 转发 32", "comment": "评论 99", "zan": " 415"}, {"text": "\n                    【华为董事长：安卓仍是手机操作系统首选，鸿蒙是物联网操作系统】12日，华为董事长梁华谈及鸿蒙系统时表示，鸿蒙本来就是为物联网开发的系统，使得在自动驾驶，远程操作医疗环境，提供低时延的一个操作系统。那么在手机这一块，我们还是把开放的安卓操作系统和安卓生态作为首选，当然如果说，美国不供 ​  展开全文c \n                    【华为董事长：安卓仍是手机操作系统首选，鸿蒙是物联网操作系统】12日，华为董事长梁华谈及鸿蒙系统时表示，鸿蒙本来就是为物联网开发的系统，使得在自动驾驶，远程操作医疗环境，提供低时延的一个操作系统。那么在手机这一块，我们还是把开放的安卓操作系统和安卓生态作为首选，当然如果说，美国不供应的话，是不是未来可以把鸿蒙发展为手机操作系统，目前还没有这个决定。O华为董事长：鸿蒙是物联网操作系统 安卓仍是手机操作系统首选 收起全文d\n", "author": "观察者网", "time": "观察者网2019年07月12日15:19 来自微博weibo.com", "transmit": " 转发 54", "comment": "评论 150", "zan": " 644"}, {"text": "\n#华为鸿蒙系统是否用于手机还未确定#实际已经确定：继续使用安卓！鸿蒙系统备选或用于物联网。华为是全方位开放的，吸收全球技术并且加以创新开放应用，不会关起门来自己搞，更不会排斥先进技术，更会照顾合作伙伴利益。这就是华为的厉害之处！##财经评论# 【华为董事长：安卓仍是首选 #华为鸿蒙系统 ​  展开全文c \n#华为鸿蒙系统是否用于手机还未确定#实际已经确定：继续使用安卓！鸿蒙系统备选或用于物联网。华为是全方位开放的，吸收全球技术并且加以创新开放应用，不会关起门来自己搞，更不会排斥先进技术，更会照顾合作伙伴利益。这就是华为的厉害之处！##财经评论# 【华为董事长：安卓仍是首选 #华为鸿蒙系统是否用于手机还未确定#】近日有消息称，华为将在今年8月的全球开发者大会上发布鸿蒙系统。今日，华为董事长梁华表示，鸿蒙系统是为物联网开发的，用于自动驾驶、远程医疗等低时延场景。华为手机还是把开放的安卓系统和生态作为首选。 收起全文d\n", "author": "余丰慧", "time": "余丰慧2019年07月12日12:45 来自iPhone8Plus", "transmit": " 转发 11", "comment": "评论 16", "zan": " 51"}, {"text": "\n#华为鸿蒙系统是否用于手机还未确定#有消息称，华为将在今年8月的全球开发者大会上发布鸿蒙系统。华为董事长梁华表示，鸿蒙系统是为物联网开发的，用于自动驾驶、远程医疗等低时延场景，华为手机还是把开放的安卓系统和生态作为首选。看来，鸿蒙还是备胎，不到万不得已不拿出来。 ​                ", "author": "司马子瀟瀟", "time": "司马子瀟瀟2019年07月12日12:29", "transmit": " 转发 11", "comment": "评论 5", "zan": " 10"}, {"text": "\n#华为鸿蒙系统是否用于手机还未确定#华为董事长梁华表示，鸿蒙系统是为物联网开发的，用于自动驾驶、远程医疗等低时延场景，华为手机还是把开放的安卓系统和生态作为首选。做好一个系统其实挺难的，看着ios 安卓赚大钱 ，忘记以前那么多系统阵亡了吗？有系统，没生态根本做不下去… ​                ", "author": "数码IT君", "time": "数码IT君2019年07月12日11:49", "transmit": " 转发 47", "comment": "评论 44", "zan": " 196"}, {"text": "\n#华为鸿蒙系统是否用于手机还未确定#董事长梁华表示，鸿蒙OS是为物联网研发的操作系统，首选手机系统还是安卓。以前那些华为沸腾体怕是不用再喊了，但是有些网友也圆的很出色，时势造英雄，随机应变，能根据市场变化和形势来做出正确应对方式，实在是高。 ​                ", "author": "手中掌握", "time": "手中掌握2019年07月12日14:26", "transmit": " 转发 10", "comment": "评论 24", "zan": " 45"}, {"text": "\n                    【华为董事长：安卓仍是首选 #华为鸿蒙系统是否用于手机还未确定#】近日有消息称，华为将在今年8月的全球开发者大会上发布鸿蒙系统。今日，华为董事长梁华表示，鸿蒙系统是为物联网开发的，用于自动驾驶、远程医疗等低时延场景。华为手机还是把开放的安卓系统和生态作为首选。O华为董事长:安卓仍是首选 鸿蒙是否用于手机还未确定 ​                ", "author": "互联网的一些事", "time": "互联网的一些事2019年07月12日17:24", "transmit": " 转发 77", "comment": "评论 28", "zan": " 88"}, {"text": "\n#华为鸿蒙系统是否用于手机还未确定# 华为董事长回应鸿蒙：是物联网操作系统，安卓还收手机OS首选.....  这个打了多少无脑吹的脸，官方打脸最为致命 ​                ", "author": "科技圈大佬", "time": "科技圈大佬2019年07月12日14:48 来自UC浏览器电脑版", "transmit": " 转发 205", "comment": "评论 815", "zan": " 900"}, {"text": "\n                    【华为董事长：安卓仍是首选 #华为鸿蒙系统是否用于手机还未确定#】近日有消息称，华为将在今年8月的全球开发者大会上发布鸿蒙系统。今日，华为董事长梁华表示，鸿蒙系统是为物联网开发的，用于自动驾驶、远程医疗等低时延场景。华为手机还是把开放的安卓系统和生态作为首选。O华为董事长:安卓仍是首选 鸿蒙是否用于手机还未确定 ​                ", "author": "云岭政法", "time": "云岭政法2019年07月12日13:51", "transmit": " 转发 17", "comment": "评论 13", "zan": " 13"}, {"text": "\n#华为鸿蒙系统是否用于手机还未确定# 鸿蒙本来就是为物联网开发的系统，使得在自动驾驶，远程操作医疗环境，提供低时延的一个操作系统。华为董事长：鸿蒙是物联网操作系统 安卓仍是手机OS首选。 ​                ", "author": "科技匠", "time": "科技匠2019年07月12日18:12 来自微博weibo.com", "transmit": " 转发 160", "comment": "评论 105", "zan": " 311"}, {"text": "\n华为鸿蒙系统是否用于手机还未确定：一开始说好的备用方案，安卓停用的话马上能上。现在突然说还未确定，要么是安卓已经答应继续给华为手机使用，要么就是鸿蒙系统还没做好。 ​                ", "author": "Reviewer_小康", "time": "Reviewer_小康2019年07月12日12:56", "transmit": " 转发 18", "comment": "评论 92", "zan": " 222"}, {"text": "\n#华为鸿蒙系统是否用于手机还未确定# 华为5G世界领先，华为手机与苹果手机你选择那一种。  ​                ", "author": "县令语录", "time": "县令语录2019年07月12日13:21", "transmit": " 转发 7", "comment": "评论 17", "zan": " 24"}, {"text": "\n                    【华为董事长：鸿蒙是物联网操作系统 安卓是手机首选】华为董事长梁华表示，鸿蒙本来就是为物联网开发的系统，使得在自动驾驶，远程操作医疗环境，提供低时延的一个操作系统。手机这一块，我们还是把开放的安卓作为首选。 ​                ", "author": "科工力量", "time": "科工力量2019年07月12日14:00 来自微博weibo.com", "transmit": " 转发 14", "comment": "评论 26", "zan": " 120"}, {"text": "\n华为董事长梁华称，鸿蒙是物联网操作系统，安卓仍是手机OS首选，未来不排除把鸿蒙发展为手机系统。#华为鸿蒙系统是否用于手机还未确定# ​                ", "author": "数码小黑", "time": "数码小黑2019年07月12日13:10", "transmit": " 转发 28", "comment": "评论 451", "zan": " 161"}, {"text": "\n                    【华为董事长：安卓仍是首选 ，#华为鸿蒙系统是否用于手机还未确定#】近日有消息称，华为将在今年8月的全球开发者大会上发布鸿蒙系统。7月12日，华为董事长梁华在华为《2018年可持续发展报告》发布会上表示，鸿蒙系统是为物联网开发的，用于自动驾驶、远程医疗等低时延场景。华为手机还是把开放的安卓 ​  展开全文c \n                    【华为董事长：安卓仍是首选 ，#华为鸿蒙系统是否用于手机还未确定#】近日有消息称，华为将在今年8月的全球开发者大会上发布鸿蒙系统。7月12日，华为董事长梁华在华为《2018年可持续发展报告》发布会上表示，鸿蒙系统是为物联网开发的，用于自动驾驶、远程医疗等低时延场景。华为手机还是把开放的安卓系统和生态作为首选，如果美国不允许华为使用安卓，华为是否会把鸿蒙发展为手机系统，还没有确定。@新浪科技 收起全文d\n", "author": "老板联播", "time": "老板联播2019年07月12日12:25", "transmit": " 转发 5", "comment": "评论 15", "zan": " 59"}]