[{"text": "\n                    美国人悍然对中国发动了技术战争，自以为能用一纸禁令绝杀中国最优秀的高科技企业。华为和中国IT公司如果共建新的生态成功，绝对是对谷歌的重大打击，这个意义外界可能还不清楚，相关公司却是心知肚明的。 O华为鸿蒙出世，安卓阵营会崩溃解体吗？ ​                ", "author": "观察者网", "time": "观察者网2019年06月13日10:50 来自微博weibo.com", "transmit": " 转发 185", "comment": "评论 185", "zan": " 992"}, {"text": "\n                    且不说华为鸿蒙系统会不会这么快到来，即便鸿蒙到了商用阶段，初版系统也只可能是华为旗下机型先上，强制友商机型升级至鸿蒙…太扯了 不明白P图的人图个啥。。 ​                ", "author": "极客村长", "time": "极客村长2019年06月13日10:47", "transmit": " 转发 9", "comment": "评论 121", "zan": " 238"}, {"text": "\n                    知名打脸分析师郭明錤表示，华为运行「鸿蒙」系统的手机或今年10月上市。他预计新系统在前期可能无法满足海外市场用户的需求，所以新机可能会集中在低端市场这个思路其实是正确的，低端市场受众面更广，更适合试水和聚拢用户。你愿意去尝试华为的「鸿蒙」系统吗？L老板联播的秒拍视频 ​                ", "author": "锋潮科技", "time": "锋潮科技2019年06月13日15:30 来自微博weibo.com", "transmit": " 转发 14", "comment": "评论 68", "zan": " 108"}, {"text": "\n                    都在说华为鸿蒙操作系统，是不还没见过本尊真面容？看看网友曝光未经证实的鸿蒙系统界面吧！虽然是英文版，但看起来华为鸿蒙系统的UI设计、系统逻辑等与现在华为手机上EMUI并没有明显区别，用户可以快速上手，毫无违和感。估计这样做是为了方便用户，降低学习成本和陌生感。但无论外观如何相似，华为鸿 ​  展开全文c \n                    都在说华为鸿蒙操作系统，是不还没见过本尊真面容？看看网友曝光未经证实的鸿蒙系统界面吧！虽然是英文版，但看起来华为鸿蒙系统的UI设计、系统逻辑等与现在华为手机上EMUI并没有明显区别，用户可以快速上手，毫无违和感。估计这样做是为了方便用户，降低学习成本和陌生感。但无论外观如何相似，华为鸿蒙系统与基于安卓的EMUI完全不同，系统底层一定会有根本性的变化。支持感谢华为，支持国产系统，摆脱安卓系统依赖束缚和所谓制裁阻挡的日子不远了！只有把机会握在自己手里才能扼住命运的咽喉，不是吗？ 收起全文d\n", "author": "中国IT杂谈", "time": "中国IT杂谈2019年06月13日10:42", "transmit": " 转发 7", "comment": "评论 5", "zan": " 16"}, {"text": "\n                    【郭明錤：华为自主系统“鸿蒙”手机或今年10月上市，集中低端市场】天风国际分析师郭明錤给出的报告显示，华为可能在今年10月开始出货搭载自主操作系统鸿蒙的手机，预期鸿蒙手机初期无法满足非中国市场中高端用户的应用程序生态需求，故会定位低端市场为主。@界面新闻 O郭明錤：华为自主系统“鸿蒙”手机或今年10月上市 ​                ", "author": "新浪科技", "time": "新浪科技2019年06月13日13:55 来自微博weibo.com", "transmit": " 转发 27", "comment": "评论 73", "zan": " 176"}, {"text": "\n                    著名分析师郭明池称，华为将在今年10月推出鸿蒙OS系统手机，预计今年最高可出货500万部。如果Mate30 Pro搭载鸿蒙OS，你会买吗？ ​                ", "author": "C科技", "time": "C科技2019年06月13日11:24", "transmit": " 转发 13", "comment": "评论 195", "zan": " 345"}, {"text": "\n华为的新系统叫鸿蒙，迈诚科技官网发布的新系统叫悟空 两者之间有联系吗 请看西游记原著一句话： 鸿蒙初辟原无姓，打破顽冥须悟空 ​                ", "author": "宇飞-趋势投资", "time": "宇飞-趋势投资2019年06月13日14:56 来自360安全浏览器", "transmit": " 转发 8", "comment": "评论 15", "zan": " 73"}, {"text": "\n                    【郭明錤：华为自主系统“鸿蒙”手机或今年10月上市，集中低端市场】6月13日，根据天风国际分析师郭明錤给出的报告，华为可能在今年10月开始出货搭载自主操作系统鸿蒙的手机，预期鸿蒙手机初期无法满足非中国市场中高端用户的应用程序生态需求，会定位在低端市场。L老板联播的秒拍视频 ​                ", "author": "经济观察报", "time": "经济观察报2019年06月13日15:50 来自微博weibo.com", "transmit": " 转发 6", "comment": "评论 15", "zan": " 32"}, {"text": "\n                    【天风证券郭明錤：华为自主系统“鸿蒙”手机或今年10月上市 集中低端市场】6月13日，天风国际分析师郭明錤给出的报告显示，华为可能在今年10月开始出货搭载自主操作系统鸿蒙的手机，预期鸿蒙手机初期无法满足非中国市场中高端用户的应用程序生态需求，故会定位低端市场为主。O天风证券郭明錤：华为自主系统“鸿蒙”手机或今年10月上市 集中低端市场  ​  展开全文c \n                    【天风证券郭明錤：华为自主系统“鸿蒙”手机或今年10月上市 集中低端市场】6月13日，天风国际分析师郭明錤给出的报告显示，华为可能在今年10月开始出货搭载自主操作系统鸿蒙的手机，预期鸿蒙手机初期无法满足非中国市场中高端用户的应用程序生态需求，故会定位低端市场为主。O天风证券郭明錤：华为自主系统“鸿蒙”手机或今年10月上市 集中低端市场 @老板联播 L老板联播的秒拍视频 收起全文d\n", "author": "新浪证券", "time": "新浪证券2019年06月13日14:46 来自微博weibo.com", "transmit": " 转发 15", "comment": "评论 25", "zan": " 16"}, {"text": "\n                    【郭明錤：华为自主系统“鸿蒙”手机或今年10月上市，集中低端市场】6月13日，根据天风国际分析师郭明錤给出的报告，华为可能在今年10月开始出货搭载自主操作系统鸿蒙的手机，预期鸿蒙手机初期无法满足非中国市场中高端用户的应用程序生态需求，会定位在低端市场。L老板联播的秒拍视频 ​                ", "author": "老板联播", "time": "老板联播2019年06月13日14:39 来自微博weibo.com", "transmit": " 转发 4", "comment": "评论 6", "zan": " 22"}, {"text": "\n                    【BBC使用华为设备开启英国首次5G电视直播】英国广播公司（BBC）使用5G网络在一个早间节目做直播连线，这是英国首次使用5G信号进行电视直播，该信号由英国电信巨头BT旗下的EE运营商提供。直播前，节目主持人在社交媒体上分享了幕后花絮，视频中，他走到转播车上的华为的设备前介绍，“这是个非常关键的 ​  展开全文c \n                    【BBC使用华为设备开启英国首次5G电视直播】英国广播公司（BBC）使用5G网络在一个早间节目做直播连线，这是英国首次使用5G信号进行电视直播，该信号由英国电信巨头BT旗下的EE运营商提供。直播前，节目主持人在社交媒体上分享了幕后花絮，视频中，他走到转播车上的华为的设备前介绍，“这是个非常关键的设备，就是它让我们从英国第一次成功开启了5G实时转播！” L这视频的秒拍视频 #5G人才平均月薪14110元# #华为全球多地注册鸿蒙商标# 收起全文d\n", "author": "大数云海君", "time": "大数云海君2019年06月13日06:50 来自微博weibo.com", "transmit": " 转发 5", "comment": "评论 3", "zan": " 18"}, {"text": "\n                    国产广告系列：华为mate 20  “全世界把5G做的最好的是华为，西方其实是个高等大农村，要想看8K电视，它非买华为不可。”任老自信的样子真可爱，莫名的自豪。#华为接受英国议会质询# #华为全球多地注册鸿蒙商标# L笑笑真情话的微博视频 ​                ", "author": "笑笑真情话", "time": "笑笑真情话2019年06月13日06:01 来自华为麦芒B199", "transmit": " 转发 6", "comment": "评论 202", "zan": " 64"}, {"text": "\n                    【华为鸿蒙运行速度比安卓快60%？】6月13日消息，据TechNave报道，近日华为和腾讯合作，与OPPO和vivo等智能手机厂商一起进行了测试，并得出结论，相较配备基于谷歌Android操作系统的智能手机，安装了华为即将推出的HongMeng/Ark/Oak OS的智能手机运行速度提高了约60％，虽然对于测试的具体细节知之甚少 ​  展开全文c \n                    【华为鸿蒙运行速度比安卓快60%？】6月13日消息，据TechNave报道，近日华为和腾讯合作，与OPPO和vivo等智能手机厂商一起进行了测试，并得出结论，相较配备基于谷歌Android操作系统的智能手机，安装了华为即将推出的HongMeng/Ark/Oak OS的智能手机运行速度提高了约60％，虽然对于测试的具体细节知之甚少，但华为一直在努力加速自己的操作系统的开发，以减少对美国制造的硬件和软件的依赖。 收起全文d\n", "author": "手机圈", "time": "手机圈2019年06月13日17:25 来自专业版微博", "transmit": " 转发 4", "comment": "评论 6", "zan": " 23"}, {"text": "\n                    谣言止于智者，此前有网友在小米高管博下询问ov米是否会参加鸿蒙，小米高管做出回应，实际小米并没这个打算。话说小米手机不管是丢了还是换新机都能通过小米云服务来解决，不可能把小米用户绑定在华为云上。还有说鸿蒙系统会占30多G，你信吗？ ​                ", "author": "手中掌握", "time": "手中掌握2019年06月13日18:19", "transmit": " 转发 7", "comment": "评论 33", "zan": " 40"}, {"text": "\n                    从华为的角度看，鸿蒙系统无非两种形式。第一种，和苹果IOS一样，不公开源代码。这样一种系统，不可能在原安卓手机上安装。第二种，和安卓一样，采用开放源代码的方式，这样的话，所有的安卓手机商都可以对鸿蒙进行优化，并推出自己手机硬件的鸿蒙系统驱动程序。如果采用第二种方式的话，手机硬件的驱 ​  展开全文c \n                    从华为的角度看，鸿蒙系统无非两种形式。第一种，和苹果IOS一样，不公开源代码。这样一种系统，不可能在原安卓手机上安装。第二种，和安卓一样，采用开放源代码的方式，这样的话，所有的安卓手机商都可以对鸿蒙进行优化，并推出自己手机硬件的鸿蒙系统驱动程序。如果采用第二种方式的话，手机硬件的驱动程序，不是短期内能开发出来的，更不用说针对老款手机的硬件的驱动支持。所以想要使用鸿蒙系统，短期内只能购买华为手机。但是或许在不久的将来，可以将安卓手机安装鸿蒙系统。 收起全文d\n", "author": "运营商头条", "time": "运营商头条2019年06月13日07:50 来自微博weibo.com", "transmit": " 转发 106", "comment": "评论 6", "zan": " 9"}, {"text": "\n                    【外媒曝华为备份操作系统实为Aurora OS：基于旗鱼OS开发、兼容安卓】“鸿蒙/方舟OS”并没有得到华为确认，俄媒披露，华为打造的安卓“备份”操作系统并非从零开始，而是基于前人已有的成果。据称，华为高管曾就使用Aurora（极光）OS和俄方做过探讨。 O网页链接 ​                ", "author": "网路游侠", "time": "网路游侠2019年06月13日18:23 来自未知版本的Android", "transmit": " 转发 7", "comment": "评论 11", "zan": " 7"}, {"text": "\n华为抱了本山海经去注册：麒麟、鲲鵬、玄武、鸿蒙、巴龙。比亚迪抱了本上下五千年去注册：唐、宋、元、明、清。小米抱了本食谱去注册：小米、红米、紫米。阿里巴巴带了个动物园去注册：天猫、闲鱼、盒马、虾米、飞猪、千牛、蚂蚁、菜鸟。不要拦我，我要抱本百家姓去注册 ……  ​  展开全文c \n华为抱了本山海经去注册：麒麟、鲲鵬、玄武、鸿蒙、巴龙。比亚迪抱了本上下五千年去注册：唐、宋、元、明、清。小米抱了本食谱去注册：小米、红米、紫米。阿里巴巴带了个动物园去注册：天猫、闲鱼、盒马、虾米、飞猪、千牛、蚂蚁、菜鸟。不要拦我，我要抱本百家姓去注册 …… 2惠州·富川瑞园 收起全文d\n", "author": "智慧基因", "time": "智慧基因2019年06月13日21:10", "transmit": " 转发 11", "comment": "评论 3", "zan": " 20"}]