[{"text": "\n                    【自主研发操作系统：#华为鸿蒙操作系统#】有微博网友曝光了上海交通大学的一份PPT演示，在这份名为系统软件的幻灯中可以看到由某教授领导华为操作系统团队开发了自主产权操作系统——鸿蒙，根据幻灯片的信息，该操作系统已对Linux大量优化（已开源），并已用于华为手机中（安全部分）。据网上资料显 ​  展开全文c \n                    【自主研发操作系统：#华为鸿蒙操作系统#】有微博网友曝光了上海交通大学的一份PPT演示，在这份名为系统软件的幻灯中可以看到由某教授领导华为操作系统团队开发了自主产权操作系统——鸿蒙，根据幻灯片的信息，该操作系统已对Linux大量优化（已开源），并已用于华为手机中（安全部分）。据网上资料显示，鸿蒙指的是道教神话传说的远古时代，传说盘古在昆仑山开天辟地之前，世界是一团混沌的元气，这种自然的元气叫做鸿蒙，因此把那个时代称作鸿蒙时代，后来此一词也常被用来泛指称远古时代。你们觉得这个系统会代替安卓系统吗？ 收起全文d\n", "author": "IT观察猿", "time": "IT观察猿2019年05月18日09:15 来自微博weibo.com", "transmit": " 转发 816", "comment": "评论 1611", "zan": " 1437"}, {"text": "\n                    美国大部分企业停止向华为供货安卓系统停止向华为授权……不管最后是否为真华为从芯片备胎转正到手机自研系统“鸿蒙”出现……真的是居安思危太有大局思维了 ​                ", "author": "八组兔区爆料", "time": "八组兔区爆料2019年05月18日17:54", "transmit": " 转发 1648", "comment": "评论 743", "zan": " 1488"}]