[{"text": "\n                    【同花顺 iFind产业链中心倾力之作：六张图详尽了解华为产业链 国产替代一文全梳理】　　华为已连续四年蝉联中国民营企业500强榜首，近期华为陆续发布鸿蒙系统、荣耀智慧屏、5G手机、智能穿戴设备等多项高新产品，包括半导体、云计算、彩电、VR等产业链迎来前所未有的投资机遇。　　华为产业链究竟能 ​  展开全文c \n                    【同花顺 iFind产业链中心倾力之作：六张图详尽了解华为产业链 国产替代一文全梳理】　　华为已连续四年蝉联中国民营企业500强榜首，近期华为陆续发布鸿蒙系统、荣耀智慧屏、5G手机、智能穿戴设备等多项高新产品，包括半导体、云计算、彩电、VR等产业链迎来前所未有的投资机遇。　　华为产业链究竟能影响哪些细分领域？还有哪些投资契机？iFind产业链中心整理了华为全产业链、国产替代，一图Get投资机会！ 收起全文d\n", "author": "同花顺", "time": "同花顺2019年08月24日19:46 来自微博weibo.com", "transmit": " 转发 135", "comment": "评论 12", "zan": " 50"}, {"text": "\n                    特朗普：我禁你芯片，华为：我有麒麟！特朗普：我禁你操作系统华为：我有鸿蒙！特朗普：禁止SD与你合作华为：我有NM！特朗普：我禁你ARM架构华为：我有魔改版ARM！特朗普：我禁你基带芯片,华为：我有巴龙！特朗普：我禁服务器芯片,华为：我有鲲鹏！特朗普：我禁你服务器平台， ​  展开全文c \n                    特朗普：我禁你芯片，华为：我有麒麟！特朗普：我禁你操作系统华为：我有鸿蒙！特朗普：禁止SD与你合作华为：我有NM！特朗普：我禁你ARM架构华为：我有魔改版ARM！特朗普：我禁你基带芯片,华为：我有巴龙！特朗普：我禁服务器芯片,华为：我有鲲鹏！特朗普：我禁你服务器平台，华为：我有泰山！特朗普：我禁你路由器芯片，华为：我有凌霄！特朗普：我禁你人工智能芯片，华为：我有昇腾！特朗普：我禁你基站芯片，华为：我有5G芯片天罡特朗普：我禁你蓝牙，华为：我有138米超级蓝牙！特朗普：你到底还有啥？华为：我还有数不清系列：昆仑、金刚、玄武、乾坤、鸿雁、磬石、浩天、白虎、鸿鹄、饕餮、火龙、紫龙、威凤、青牛、腾蛇、灵犀、青鸟、朱雀、丹雀…………特朗普：不许骗我，要不我们谈谈？华为：没空跟你扯蛋，老子忙着研发6G、7G！特朗普：卧槽………………川普发现在甄嬛传里面他根本也活不过第二季[捂脸][捂脸] 2北京·中国人民大学 收起全文d\n", "author": "王义桅", "time": "王义桅2019年08月24日17:04 来自HUAWEIMate10Pro", "transmit": " 转发 330", "comment": "评论 192", "zan": " 2241"}, {"text": "\n华为鸿蒙和安卓系统的区别？（L中国IT杂谈的微博视频） ​                ", "author": "老马自奋蹄", "time": "老马自奋蹄2019年08月24日16:58 来自微博weibo.com", "transmit": " 转发 142", "comment": "评论 10", "zan": " 77"}, {"text": "\n                    转纯娱乐：“特朗普：我禁你芯片，华为：我有麒麟！特朗普：我禁你操作系统华为：我有鸿蒙！特朗普：禁止SD与你合作华为：我有NM！特朗普：我禁你ARM架构华为：我有魔改版ARM！特朗普：我禁你基带芯片,华为：我有巴龙！特朗普：我禁服务器芯片,华为：我有鲲鹏！特朗普：我禁你 ​  展开全文c \n                    转纯娱乐：“特朗普：我禁你芯片，华为：我有麒麟！特朗普：我禁你操作系统华为：我有鸿蒙！特朗普：禁止SD与你合作华为：我有NM！特朗普：我禁你ARM架构华为：我有魔改版ARM！特朗普：我禁你基带芯片,华为：我有巴龙！特朗普：我禁服务器芯片,华为：我有鲲鹏！特朗普：我禁你服务器平台，华为：我有泰山！特朗普：我禁你路由器芯片，华为：我有凌霄！特朗普：我禁你人工智能芯片，华为：我有昇腾！特朗普：我禁你基站芯片，华为：我有5G芯片天罡特朗普：我禁你蓝牙，华为：我有138米超级蓝牙！特朗普：你到底还有啥？华为：我还有数不清系列：昆仑、金刚、玄武、乾坤、鸿雁、磬石、浩天、白虎、鸿鹄、饕餮、火龙、紫龙、威凤、青牛、腾蛇、灵犀、青鸟、朱雀、丹雀…………特朗普：不许骗我，要不我们谈谈？华为：没空跟你扯蛋，老子忙着研发6G、7G！特朗普：卧槽………………” 收起全文d\n", "author": "但斌", "time": "但斌2019年08月24日16:27 来自iPhone客户端", "transmit": " 转发 332", "comment": "评论 219", "zan": " 808"}, {"text": "\n                    特朗普：我禁你芯片，华为：我有麒麟！特朗普：我禁你操作系统华为：我有鸿蒙！特朗普：禁止SD与你合作华为：我有NM！特朗普：我禁你ARM架构华为：我有魔改版ARM！特朗普：我禁你基带芯片,华为：我有巴龙！特朗普：我禁服务器芯片,华为：我有鲲鹏！特朗普：我禁你服务器平台， ​  展开全文c \n                    特朗普：我禁你芯片，华为：我有麒麟！特朗普：我禁你操作系统华为：我有鸿蒙！特朗普：禁止SD与你合作华为：我有NM！特朗普：我禁你ARM架构华为：我有魔改版ARM！特朗普：我禁你基带芯片,华为：我有巴龙！特朗普：我禁服务器芯片,华为：我有鲲鹏！特朗普：我禁你服务器平台，华为：我有泰山！特朗普：我禁你路由器芯片，华为：我有凌霄！特朗普：我禁你人工智能芯片，华为：我有昇腾！特朗普：我禁你基站芯片，华为：我有5G芯片天罡特朗普：我禁你蓝牙，华为：我有138米超级蓝牙！特朗普：你到底还有啥？华为：我还有数不清系列：昆仑、金刚、玄武、乾坤、鸿雁、磬石、浩天、白虎、鸿鹄、饕餮、火龙、紫龙、威凤、青牛、腾蛇、灵犀、青鸟、朱雀、丹雀…………特朗普：不许骗我，要不我们谈谈？华为：没空跟你扯蛋，老子忙着研发6G、7G！特朗普：卧槽……………… 收起全文d\n", "author": "灵魂股手林优秀", "time": "灵魂股手林优秀2019年08月24日19:57", "transmit": " 转发 21", "comment": "评论 22", "zan": " 118"}, {"text": "\n                    其实，这是个网络段子...开始模拟情景剧：特朗普：我禁你芯片，华为：我有麒麟！特朗普：我禁你操作系统华为：我有鸿蒙！特朗普：禁止SD与你合作华为：我有NM！特朗普：我禁你ARM架构华为：我有魔改版ARM！特朗普：我禁你基带芯片,华为：我有巴龙！特朗普：我禁服务器芯片,华 ​  展开全文c \n                    其实，这是个网络段子...开始模拟情景剧：特朗普：我禁你芯片，华为：我有麒麟！特朗普：我禁你操作系统华为：我有鸿蒙！特朗普：禁止SD与你合作华为：我有NM！特朗普：我禁你ARM架构华为：我有魔改版ARM！特朗普：我禁你基带芯片,华为：我有巴龙！特朗普：我禁服务器芯片,华为：我有鲲鹏！特朗普：我禁你服务器平台，华为：我有泰山！特朗普：我禁你路由器芯片，华为：我有凌霄！特朗普：我禁你人工智能芯片，华为：我有昇腾！特朗普：我禁你基站芯片，华为：我有5G芯片天罡特朗普：我禁你蓝牙，华为：我有138米超级蓝牙！特朗普：你到底还有啥？华为：我还有数不清系列：昆仑、金刚、玄武、乾坤、鸿雁、磬石、浩天、白虎、鸿鹄、饕餮、火龙、紫龙、威凤、青牛、腾蛇、灵犀、青鸟、朱雀、丹雀…………特朗普：不许骗我，要不我们谈谈？华为：没空跟你扯蛋，老子忙着研发6G、7G！特朗普：卧槽……………… 收起全文d\n", "author": "姚忠震", "time": "姚忠震2019年08月24日23:37 来自赞不绝手iPhone7Plus", "transmit": " 转发 33", "comment": "评论 35", "zan": " 153"}]