[{"text": "\n                    任正非：华为的潜能是美国逼出来的 ，鸿蒙可能比安卓、苹果快 华为永远都会是狼文化！ L央证公开课的秒拍视频 ​                ", "author": "IT互联网老鬼", "time": "IT互联网老鬼2019年07月13日11:30 来自皮皮时光机", "transmit": " 转发 1270", "comment": "评论 2067", "zan": " 1048"}, {"text": "\n                    发布了头条文章：《定位之父里斯：华为消费者业务在全球发起挑战还需要做这些》 最近发的东西，大多数都是与鸿蒙系统有关的，有时间就更新，没时间就更旧，过去有一段时间还是攒了一批好文章的，当然，再次说明，我依然认为‘鸿蒙“并不是一个很高明的品牌名。。 O定位之父里斯：华为消费者业务在全球发起挑战还需要做这些 ​                ", "author": "钢的王十二", "time": "钢的王十二2019年07月13日18:50 来自微博weibo.com", "transmit": " 转发 3", "comment": "评论 38", "zan": " 65"}]