[{"text": "\n                    【小米助力华为鸿蒙系统，多家巨头支援】日前有消息称，华为正在为100万台安装了鸿蒙系统的手机进行系统测试，小米、腾讯等厂商派人支援华为加紧完成系统建设和适配。并且小米、OPPO、VIVO均将推出搭载鸿蒙系统的手机，加上华为这四家手机厂商掌握了世界将近40%的市场份额，如果消息是真实的，鸿蒙系统 ​  展开全文c \n                    【小米助力华为鸿蒙系统，多家巨头支援】日前有消息称，华为正在为100万台安装了鸿蒙系统的手机进行系统测试，小米、腾讯等厂商派人支援华为加紧完成系统建设和适配。并且小米、OPPO、VIVO均将推出搭载鸿蒙系统的手机，加上华为这四家手机厂商掌握了世界将近40%的市场份额，如果消息是真实的，鸿蒙系统的前途将无限光明。 收起全文d\n", "author": "习五一", "time": "习五一2019年06月15日06:58 来自iPhone8Plus", "transmit": " 转发 61", "comment": "评论 142", "zan": " 680"}, {"text": "\n                    【替代安卓？外媒称华为正在做准备】华为公共与政府事务部总裁办副总裁安德鲁·威廉森在一次采访中称，华为会为鸿蒙注册商标。“目前来看华为有可能发布替代系统，”威廉森说。“华为并不想这么做。我们非常愿意留在安卓大家庭当中，但鸿蒙系统的测试正在进行，主要是在中国。”O替代安卓？外媒称华为正在做准备 ​                ", "author": "新浪科技", "time": "新浪科技2019年06月15日22:01 来自微博weibo.com", "transmit": " 转发 30", "comment": "评论 56", "zan": " 235"}, {"text": "\n                    【外媒：#华为正为发布鸿蒙做准备#】路透社称，华为公共与政府事务部总裁办副总裁安德鲁·威廉森在一次采访中称，华为会为鸿蒙注册商标。“目前来看华为有可能发布替代系统，”威廉森说。“华为并不想这么做。我们非常愿意留在安卓大家庭当中，但鸿蒙系统的测试正在进行，主要是在中国。”#微博赚钱季#  ​  展开全文c \n                    【外媒：#华为正为发布鸿蒙做准备#】路透社称，华为公共与政府事务部总裁办副总裁安德鲁·威廉森在一次采访中称，华为会为鸿蒙注册商标。“目前来看华为有可能发布替代系统，”威廉森说。“华为并不想这么做。我们非常愿意留在安卓大家庭当中，但鸿蒙系统的测试正在进行，主要是在中国。”#微博赚钱季# O替代安卓？外媒称华为正在做准备 L老板联播的秒拍视频 收起全文d\n", "author": "老板联播", "time": "老板联播2019年06月15日22:20 来自HUAWEIP30Pro", "transmit": " 转发 21", "comment": "评论 33", "zan": " 148"}, {"text": "\n                    【华为副总裁证实鸿蒙 OS 存在：正在国内测试】华为技术有限公司公共事务和关系副总裁 Andrew Williamson 在墨西哥城的一次采访中表示，“华为正准备推出一款替代品（操作系统）”。Williamson 透露，如果紧张局面升级，鸿蒙将在数月内准备就绪。 ​                ", "author": "科技事儿", "time": "科技事儿2019年06月15日08:09 来自微博会员生日快乐", "transmit": " 转发 26", "comment": "评论 143", "zan": " 374"}, {"text": "\n                    安卓慌了！华为再次确认，鸿蒙主推中国！今天消息，华为公共事物副总裁明确表示，正准备推出一款替代系统，但他说，这不是华为想要的，华为非常乐意作为安卓的一员，但鸿蒙的确正在测试，主推中国市场。没错，华为的意思很简单，我们很想继续用安卓，但外界不允许，我们必须加快测试鸿蒙。这一刻，安卓 ​  展开全文c \n                    安卓慌了！华为再次确认，鸿蒙主推中国！今天消息，华为公共事物副总裁明确表示，正准备推出一款替代系统，但他说，这不是华为想要的，华为非常乐意作为安卓的一员，但鸿蒙的确正在测试，主推中国市场。没错，华为的意思很简单，我们很想继续用安卓，但外界不允许，我们必须加快测试鸿蒙。这一刻，安卓可能彻底慌了，前段时间看到测试鸿蒙的手机已经超过百万台，安卓突然替华为求情。但现在，所有的改变都无法逆转华为自主研发的进程，无法阻挡一个又一个B计划的转正，这是中国科技崛起的历史必然！ 收起全文d\n", "author": "程序员新视界", "time": "程序员新视界2019年06月15日19:55", "transmit": " 转发 7", "comment": "评论 37", "zan": " 163"}, {"text": "\n                    【替代安卓？外媒称华为正在为“鸿蒙”操作系统的发布做准备】呼应时代发展需求，鸿蒙即将横空出世。其实随着中美贸易战的深入，美国特朗普对华为恶意封杀，鸿蒙系统的发布只是时间问题啊。按计划最快在四季度发布，我看基本问题不大。据路透社6月13日报道： 华为公共与政府事务部总裁办 ​  展开全文c \n                    【替代安卓？外媒称华为正在为“鸿蒙”操作系统的发布做准备】呼应时代发展需求，鸿蒙即将横空出世。其实随着中美贸易战的深入，美国特朗普对华为恶意封杀，鸿蒙系统的发布只是时间问题啊。按计划最快在四季度发布，我看基本问题不大。据路透社6月13日报道： 华为公共与政府事务部总裁办副总裁安德鲁·威廉森在一次采访中称，公司正为“鸿蒙”操作系统的发布做准备，以取代美国的安卓系统。华为“想必”会为鸿蒙注册商标。     “目前来看华为有可能发布替代系统，”威廉森在墨西哥城说。“华为并不想这么做。我们非常愿意留在安卓大家庭当中，但鸿蒙系统的测试正在进行，主要是在中国。”     报道称，威廉森表示，他预期公司2019年营收增幅将基本保持在20%左右，去年为19.5%。华为在3月称，公司三大事业群今年或将实现两位数增长。      据报道，联合国世界知识产权组织的资料显示，华为已经在多个国家为其鸿蒙手机操作系统提交了商标注册申请。O替代安卓？外媒:华为正为发布“鸿蒙”系统做准备 收起全文d\n", "author": "人才76116", "time": "人才761162019年06月15日22:27 来自HUAWEIP20", "transmit": " 转发 23", "comment": "评论 67", "zan": " 167"}, {"text": "\n                    估计在今年10月，华为开始出货搭载自主操作系统鸿蒙的手机，感觉鸿蒙手机初期无法满足非中国市场中高端用户的应用程序生态需求，应该会定位在低端市场。 ​​​                ", "author": "科技More", "time": "科技More2019年06月15日23:59 来自iPhone客户端", "transmit": " 转发 20", "comment": "评论 49", "zan": " 200"}, {"text": "\n                    【替代安卓？外媒称华为正在做准备】外媒称，中国电信设备巨头华为技术有限公司的一位高管6月13日称，公司正为“鸿蒙”操作系统的发布做准备，以取代美国的安卓系统。“目前来看华为有可能发布替代系统，”威廉森在墨西哥城说。“华为并不想这么做。我们非常愿意留在安卓大家庭当中，但鸿蒙系统的测试 ​  展开全文c \n                    【替代安卓？外媒称华为正在做准备】外媒称，中国电信设备巨头华为技术有限公司的一位高管6月13日称，公司正为“鸿蒙”操作系统的发布做准备，以取代美国的安卓系统。“目前来看华为有可能发布替代系统，”威廉森在墨西哥城说。“华为并不想这么做。我们非常愿意留在安卓大家庭当中，但鸿蒙系统的测试正在进行，主要是在中国。” O替代安卓？外媒称华为正在做准备 收起全文d\n", "author": "头条新闻", "time": "头条新闻2019年06月15日22:01 来自微博weibo.com", "transmit": " 转发 308", "comment": "评论 1206", "zan": " 4477"}]