[{"text": "\n                    【#华为在全球注册鸿蒙商标# 预计自研系统四季度推出】6月9日，外媒称华为已开始在全球范围注册“鸿蒙”商标。从注册商标的范畴来看， “鸿蒙”可应用于操作系统程序、计算机操作程序和软件等，这基本上印证了此前华为要推出自研操作系统的说法。L新京报我们视频的秒拍视频 ​                ", "author": "新浪财经", "time": "新浪财经2019年06月10日18:51 来自微博weibo.com", "transmit": " 转发 90", "comment": "评论 186", "zan": " 836"}, {"text": "\n#华为将推出新系统#鸿蒙初辟，天地始开！这是中国第一款面向全球发布的操作系统，虽漫漫征程前途未卜，唯有支持助威。新系统发布之日必买尝鲜，与否用过便知。有消息称，小米、OPPO、vivo等国产手机，正在参与华为鸿蒙系统的测试，相关机型已达百万台。除了手机厂商，阿里、百度、腾讯、360等互联网 ​  展开全文c \n#华为将推出新系统#鸿蒙初辟，天地始开！这是中国第一款面向全球发布的操作系统，虽漫漫征程前途未卜，唯有支持助威。新系统发布之日必买尝鲜，与否用过便知。有消息称，小米、OPPO、vivo等国产手机，正在参与华为鸿蒙系统的测试，相关机型已达百万台。除了手机厂商，阿里、百度、腾讯、360等互联网公司也开始测试华为系统，打造生态。有政府的统筹和相关企业的全力支持，再加上国内巨大的市场，就没有打不赢的仗。有时候要感谢外界给我们制造困难，是它们加速了中国科技前进的脚步，未来就要给这些麻烦制造者发一吨重的奖杯。 收起全文d\n", "author": "巍岳钦禹", "time": "巍岳钦禹2019年06月10日17:17 来自HUAWEIP30Pro", "transmit": " 转发 71", "comment": "评论 71", "zan": " 245"}, {"text": "\n                    【#华为全球多地注册鸿蒙商标#，中国多家手机公司被曝开始实测】6月8日，外媒HUAWEI CENTRAL称已确认华为已经在全球多地提交“HongMeng”商标申请，包括加拿大、墨西哥、西班牙等。而腾讯、小米、OPPO、VIVO等中国科技公司也纷纷加入实测鸿蒙。L老板联播的秒拍视频 ​                ", "author": "中国经济网", "time": "中国经济网2019年06月10日22:00 来自微博weibo.com", "transmit": " 转发 18", "comment": "评论 22", "zan": " 91"}, {"text": "\n                    【鲸视频：#华为全球多地注册鸿蒙商标#，中国多家手机公司被曝开始实测】6月8日，外媒HUAWEI CENTRAL称已确认华为已经在全球多地提交“HongMeng”商标申请，包括加拿大、墨西哥、西班牙等。而腾讯、小米、OPPO、VIVO等中国科技公司也纷纷加入实测鸿蒙。L老板联播的秒拍视频 ​                ", "author": "蓝鲸财经记者工作平台", "time": "蓝鲸财经记者工作平台2019年06月10日19:04 来自微博weibo.com", "transmit": " 转发 51", "comment": "评论 64", "zan": " 167"}, {"text": "\n#小米、oppo、vivo开展华为鸿蒙测试#小米手机、oppo、vivo等国内友商纷纷开展华为鸿蒙的实际测试，华为鸿蒙系统的实测机数量已经超过100万台。原本在营销上互掐的竞争对手纷纷助攻，在大是大非面前各大品牌都展现了自己的胸襟。目前，国产智能手机品牌在全球的市场份额加起来占到40%左右，如果全部 ​  展开全文c \n#小米、oppo、vivo开展华为鸿蒙测试#小米手机、oppo、vivo等国内友商纷纷开展华为鸿蒙的实际测试，华为鸿蒙系统的实测机数量已经超过100万台。原本在营销上互掐的竞争对手纷纷助攻，在大是大非面前各大品牌都展现了自己的胸襟。目前，国产智能手机品牌在全球的市场份额加起来占到40%左右，如果全部采用鸿蒙系统，有如此庞大的用户做基础，相信鸿蒙将取得无法取代的优势。最响亮的一枪，鸿蒙系统运行速度超安卓最近，关于鸿蒙系统的消息是越来越多了！阿里，腾讯，百度等多家巨头发力，为鸿蒙系统的生态圈注入一股新的活力。据悉日前，腾讯QQ团队已经与华为EMUI团队成立了联合组织，而小米，OV等厂商也是派出技术人员，对鸿蒙系统进行实测，结果显示运行速度超安卓系统，快了60％。 收起全文d\n", "author": "价值投资日志", "time": "价值投资日志2019年06月10日15:43 来自iPhoneX", "transmit": " 转发 55", "comment": "评论 60", "zan": " 165"}, {"text": "\n                    【#华为全球多地注册鸿蒙商标#，中国多家手机公司被曝开始实测】6月8日，外媒HUAWEI CENTRAL称已确认华为已经在全球多地提交“HongMeng”商标申请，包括加拿大、墨西哥、西班牙等。而腾讯、小米、OPPO、VIVO等中国科技公司也纷纷加入实测鸿蒙。 L老板联播的秒拍视频 ​                ", "author": "商业周刊中文版", "time": "商业周刊中文版2019年06月10日19:37 来自iPhoneX", "transmit": " 转发 23", "comment": "评论 28", "zan": " 74"}, {"text": "\n                    【华为全球多地注册鸿蒙商标  中国多家手机公司被曝开始实测】6月8日，外媒HUAWEI CENTRAL称已确认华为已经在全球多地提交“HongMeng”商标申请，包括加拿大、墨西哥、西班牙等。而腾讯、小米、OPPO、VIVO等中国科技公司也纷纷加入实测鸿蒙。@老板联播 L老板联播的秒拍视频 ​                ", "author": "证券日报之声", "time": "证券日报之声2019年06月10日19:11 来自微博weibo.com", "transmit": " 转发 44", "comment": "评论 13", "zan": " 103"}, {"text": "\n华为鸿蒙系统有多牛逼，请看百家号博主的精彩分析。 ​                ", "author": "路诞先生", "time": "路诞先生2019年06月10日19:57 来自RedmiK20Pro真旗舰", "transmit": " 转发 27", "comment": "评论 85", "zan": " 291"}, {"text": "\n                    【#华为全球多地注册鸿蒙商标#，中国多家手机公司被曝开始实测】6月8日，外媒HUAWEI CENTRAL称已确认华为已经在全球多地提交“HongMeng”商标申请，包括加拿大、墨西哥、西班牙等。而腾讯、小米、OPPO、VIVO等中国科技公司也纷纷加入实测鸿蒙。@老板联播 L老板联播的秒拍视频 ​                ", "author": "香港商報網", "time": "香港商報網2019年06月10日21:31 来自微博weibo.com", "transmit": " 转发 12", "comment": "评论 16", "zan": " 78"}, {"text": "\n                    【华为全球多地注册鸿蒙商标，中国多家手机公司被曝开始实测】6月8日，外媒HUAWEI CENTRAL称已确认华为已经在全球多地提交“HongMeng”商标申请，包括加拿大、墨西哥、西班牙等。而腾讯、小米、OPPO、vivo等中国科技公司也纷纷加入实测鸿蒙。 L老板联播的秒拍视频 ​​​                ", "author": "互联网俊明说", "time": "互联网俊明说2019年06月10日19:50", "transmit": " 转发 17", "comment": "评论 135", "zan": " 287"}, {"text": "\n                    【#华为全球多地注册鸿蒙商标#，中国多家手机公司被曝开始实测】6月8日，外媒HUAWEI CENTRAL称已确认华为已经在全球多地提交“HongMeng”商标申请，包括加拿大、墨西哥、西班牙等。而腾讯、小米、OPPO、VIVO等中国科技公司也纷纷加入实测鸿蒙。L老板联播的秒拍视频 ​​​                ", "author": "创业家传媒", "time": "创业家传媒2019年06月10日20:09 来自iPhone客户端", "transmit": " 转发 12", "comment": "评论 14", "zan": " 48"}, {"text": "\n#华为将推出新系统#鸿蒙初开，大道将成。我对鸿蒙系统并不抱太高期望，但有和没有之间的鸿沟确实如同开天辟地。这个系统出现的意义至少相当于黑丝上天，航母下水。#忆安如此说# ​                ", "author": "张忆安-龙战于野", "time": "张忆安-龙战于野2019年06月10日17:47 来自HUAWEIMate10Pro", "transmit": " 转发 5", "comment": "评论 7", "zan": " 41"}, {"text": "\n                    最近关于鸿蒙系统也有很多不实的消息，就拿传的很神的众多国内手机厂商参与测试这一条，就假的不能再假了！鸿蒙系统走的像苹果IOS一样的封闭系统路线，自家芯片配自家系统才能发挥最优效果，不是华为不愿合作，其他国内企业也未必看上鸿蒙，这也是为什么海思不外卖的原因，联发科就是前车之鉴！#华为# ​                ", "author": "建华Wei业", "time": "建华Wei业2019年06月10日20:36 来自手机超话", "transmit": " 转发 15", "comment": "评论 68", "zan": " 158"}, {"text": "\n鸿蒙系统网友说法，参考：不存在“新”系统的说法，华为系统三年前就和安卓一起盲测了，当时我在华为。领两个测试机，根本分不出来哪个是华为，哪个是安卓。华为很多年前就规划好了。 ​                ", "author": "HW前HR", "time": "HW前HR2019年06月10日19:34 来自HUAWEIP30Pro", "transmit": " 转发 280", "comment": "评论 690", "zan": " 3080"}]