[{"text": "\n                    【本周五，华为鸿蒙初现！这些华为概念股已涨疯……】据媒体报道，华为在8月9日的华为开发者大会期间将公布鸿蒙系统，8月10日，首款搭载该系统的设备荣耀智慧屏将发布。华为概念股又站上了风口！8月6日，电连技术、福蓉科技、隆利科技三只华为概念股逆势涨停。今年以来，福蓉科技、沪电股份、*ST凡谷、 ​  展开全文c \n                    【本周五，华为鸿蒙初现！这些华为概念股已涨疯……】据媒体报道，华为在8月9日的华为开发者大会期间将公布鸿蒙系统，8月10日，首款搭载该系统的设备荣耀智慧屏将发布。华为概念股又站上了风口！8月6日，电连技术、福蓉科技、隆利科技三只华为概念股逆势涨停。今年以来，福蓉科技、沪电股份、*ST凡谷、方邦股份、光弘科技、金域医学、生益科技等7只华为概念股股价大涨超100%。O8月9日华为将公布鸿蒙系统 这些华为概念股已涨疯 收起全文d\n", "author": "新浪证券", "time": "新浪证券2019年08月06日23:42 来自微博weibo.com", "transmit": " 转发 24", "comment": "评论 6", "zan": " 55"}, {"text": "\n                    【华为鸿蒙系统本周将迎首秀，概念股风口再起】8月9日华为开发者大会上鸿蒙系统将正式公布。今日午后，华为、5G板块概念股反弹走强。截至收盘，因赛集团、华阳国际、电连技术、宇环数控、等多股涨停。据悉，8月9日至8月11日，华为2019年开发者大会将在东莞松山湖举行。本次会议以“5G落地，万物互联升 ​  展开全文c \n                    【华为鸿蒙系统本周将迎首秀，概念股风口再起】8月9日华为开发者大会上鸿蒙系统将正式公布。今日午后，华为、5G板块概念股反弹走强。截至收盘，因赛集团、华阳国际、电连技术、宇环数控、等多股涨停。据悉，8月9日至8月11日，华为2019年开发者大会将在东莞松山湖举行。本次会议以“5G落地，万物互联升起，见证全球终端产业革命性体验的降临”为主题，将重点集中在5G、物联网、AI等，聚焦全场景智慧化。此外，据市调机构StrategyAnalytics最新数据显示，华为第二季度手机出货量为5870万部，较去年同期上升8.3%，市场占有率同比上升1.7%，优于苹果，排名第二。国联证券指出，华为上半年业绩趋稳，公司目前已经在手50个5G商用合同，目前累计发货超过15万个基站，公司作为全球最大的通信设备商，半年报显示5G的景气周期即将到来。中长期仍以新基建重点提及的5G、人工智能、工业互联网、物联网等为重要方向。 L新浪证券的微博视频 收起全文d\n", "author": "新浪证券", "time": "新浪证券2019年08月06日23:00 来自微博weibo.com", "transmit": " 转发 40", "comment": "评论 4", "zan": " 27"}]