[{"text": "\n#美方不再对中国出口产品加征新的关税# ，并且美国允许向华为出售零部件的公司继续和华为合作，相当于解禁了。这下华为估计又要名利双收一波了。不过有个疑问，那么华为鸿蒙系统还会在今年秋季或者明年春天推出吗？ 美国解禁，你认为华为还会按时推出鸿蒙系统吗？ ​                ", "author": "科技小公举", "time": "科技小公举2019年06月29日16:00", "transmit": " 转发 5", "comment": "评论 31", "zan": " 1416"}, {"text": "\n#美方不再对中国产品加征新关税# 华尔街日报最新报道：“川普说他允许美国公司卖产品给华为。但必须要“make a deal””糟老头子坏的很！华为加油！期待鸿蒙！ ​                ", "author": "何凯文", "time": "何凯文2019年06月29日15:29 来自iPhoneXSMax", "transmit": " 转发 27", "comment": "评论 133", "zan": " 1439"}, {"text": "\n华为和美国和解了，解禁了，美国帮忙华为宣传这一波让华为成为全球家喻户晓的品牌。困难使其成长，挫折使其涅槃。烧不死的鸟叫做凤凰。鸿蒙系统继续研发，麒麟芯片继续转正，高端人才继续招兵买马，未来希望我们成为规则的制定人，而不是总受制于人，加油华为，加油中国，国产企业都要一起加油，少内斗 ​  展开全文c \n华为和美国和解了，解禁了，美国帮忙华为宣传这一波让华为成为全球家喻户晓的品牌。困难使其成长，挫折使其涅槃。烧不死的鸟叫做凤凰。鸿蒙系统继续研发，麒麟芯片继续转正，高端人才继续招兵买马，未来希望我们成为规则的制定人，而不是总受制于人，加油华为，加油中国，国产企业都要一起加油，少内斗，多团结，目光放全球。 收起全文d\n", "author": "科技圣斗士", "time": "科技圣斗士2019年06月29日17:13 来自RedmiK20Pro真旗舰", "transmit": " 转发 114", "comment": "评论 276", "zan": " 2546"}]