[{"text": "\n                    【华为员工深夜点外卖，一张小纸条的留言让众人感动：期待华为鸿蒙OS系统】面对中美贸易战中美帝国主义特朗普嚣张气焰和对华为恶意制裁，广大华为奋发图强，加班加点推进自研替代计划。     难能可贵的是，在华为面临困难的时刻国内很多科技公司纷纷的发声支持华为，大部分网友也都在网上纷纷支 ​  展开全文c \n                    【华为员工深夜点外卖，一张小纸条的留言让众人感动：期待华为鸿蒙OS系统】面对中美贸易战中美帝国主义特朗普嚣张气焰和对华为恶意制裁，广大华为奋发图强，加班加点推进自研替代计划。     难能可贵的是，在华为面临困难的时刻国内很多科技公司纷纷的发声支持华为，大部分网友也都在网上纷纷支持华为。近日，华为员工加班到深夜点外卖的时候，一张小纸条的留言感动很多员工，当拿到外卖的时候，外卖单子上写着：期待鸿蒙！华为加油！辛苦了！     看来人家自有正义在，在华为面临重要时刻，大部分国人的行为，体现了我们团结一心的一起面对困难的决心。 收起全文d\n", "author": "人才76116", "time": "人才761162019年06月05日19:39 来自HUAWEIP20", "transmit": " 转发 102", "comment": "评论 239", "zan": " 1986"}, {"text": "\n#华为# 华为的一位员工在深夜加班时，点了份外卖。当拿到外卖时，配送单上的字显得异常醒目：“期待鸿蒙，华为加油，辛苦了！！！”短短的11个字在这个安静的深夜显得异常温暖，拿到外卖的华为员工瞬间泪崩。#支持国货，华为加油# ​                ", "author": "此朵", "time": "此朵2019年06月05日08:00 来自HUAWEIP20", "transmit": " 转发 22", "comment": "评论 67", "zan": " 457"}, {"text": "\n                    毫无疑问，华为自研的鸿蒙操作系统运行效率和APP流畅度是要优于安卓的，因为安卓app使用的是java语言，但是安卓不懂这个语言，运行时候就需要借助翻译器也就是java虚拟机进行翻译，所以速度比iOS要慢，而方舟编译器则是在APP安装之时，就将java语言统一换成系统能懂的语言，运行时候省去翻译的步骤，速 ​  展开全文c \n                    毫无疑问，华为自研的鸿蒙操作系统运行效率和APP流畅度是要优于安卓的，因为安卓app使用的是java语言，但是安卓不懂这个语言，运行时候就需要借助翻译器也就是java虚拟机进行翻译，所以速度比iOS要慢，而方舟编译器则是在APP安装之时，就将java语言统一换成系统能懂的语言，运行时候省去翻译的步骤，速度自然就快很多。据悉目前各大APP厂商正在积极进行适配，相信鸿蒙的生态不成问题，我们终于快拥有国产手机系统了，想想也有些小激动！ 收起全文d\n", "author": "中国IT杂谈", "time": "中国IT杂谈2019年06月05日07:40", "transmit": " 转发 143", "comment": "评论 799", "zan": " 2529"}, {"text": "\n                    美国：禁止芯片类企业跟华为合作华为：我有海思半导体美国：禁止安卓系统与华为合作华为：我有鸿蒙美国：禁止SD与华为合作华为：我有NM美国：你到底还有啥？华为：我还有很多美国：不行，我再想想别的招华为：麻利点，我忙着搞6G呢美国：………  #影视# L影娱榜的微博视频 ​                ", "author": "影娱榜", "time": "影娱榜2019年06月05日00:32 来自微博视频", "transmit": " 转发 135", "comment": "评论 332", "zan": " 1712"}, {"text": "\n                    昨天 对华为的谣言暴增 L领菁科技的秒拍视频 ​                ", "author": "义勇军--鬼谷子", "time": "义勇军--鬼谷子2019年06月05日18:54 来自微博weibo.com", "transmit": " 转发 13", "comment": "评论 3", "zan": " 39"}]