[{"text": "\n                    聊聊华为鸿蒙OS。全场景分布和微内核是啥意思？为啥杠精要喷华为新系统？（这是一期发牢骚的视频，希望我们一起拥抱新鲜、美好的事物，给国产一些发展的时间、空间！  L诸葛齉齉的微博视频 ​                ", "author": "诸葛齉齉", "time": "诸葛齉齉2019年08月14日20:04 来自其他综合·视频社区", "transmit": " 转发 257", "comment": "评论 509", "zan": " 2743"}, {"text": "\n                    昨天借着在@荣耀Life成都店 的直播详细体验了全球首款华为鸿蒙操作系统终端#荣耀智慧屏#，它可以是家中的控制管理中心，对智能家居的控制，极大地方便了我们的生活；也可以是多设备交互相中心，大小屏互动、魔法控屏、魔法闪投等让我印象十分深刻，大家如果有机会一定要来亲自体验一下哦～[米奇比心] ​                ", "author": "搞机小公主", "time": "搞机小公主2019年08月14日16:10 来自微博weibo.com", "transmit": " 转发 51", "comment": "评论 103", "zan": " 157"}, {"text": "\n                    采用鸿鹄818智慧芯片提供澎湃动力，通过七大顶级画质技术为卓越视听体验保驾护航，创新的大屏交互方式尽显客厅C位美学……这就是全球首款华为鸿蒙OS终端产品——荣耀智慧屏。它不是电视，而是电视的未来。 L华为中国的微博视频 ​                ", "author": "华为中国", "time": "华为中国2019年08月14日07:00 来自微博weibo.com", "transmit": " 转发 49", "comment": "评论 494", "zan": " 1198"}, {"text": "\n                    【法媒：#华为鸿蒙有望成为安卓终结者#  甚至可能改变硅谷】法媒称，凭借其新移动操作系统鸿蒙操作系统，中国电信巨头华为开启了一条与美国技术战的新战线，在一个很特殊、但利润极为丰厚的市场上与安卓系统正面竞争。华为有可能很快就并非单打独斗了，它会看到中国的其他手机制造商将它们的手机转到 ​  展开全文c \n                    【法媒：#华为鸿蒙有望成为安卓终结者#  甚至可能改变硅谷】法媒称，凭借其新移动操作系统鸿蒙操作系统，中国电信巨头华为开启了一条与美国技术战的新战线，在一个很特殊、但利润极为丰厚的市场上与安卓系统正面竞争。华为有可能很快就并非单打独斗了，它会看到中国的其他手机制造商将它们的手机转到中国的操作系统之下，尤其是如果它拥有与其相伴随的应用生态系统，而且国家对此会大力促进。（来源：参考消息）  L凤凰网科技的微博视频 收起全文d\n", "author": "凤凰网科技", "time": "凤凰网科技2019年08月14日18:30 来自微博视频", "transmit": " 转发 23", "comment": "评论 89", "zan": " 421"}, {"text": "\n#荣耀智慧屏#的留言板上，又收到一波消息！来看看，权威媒体是如何评价全球首款搭载华为鸿蒙操作系统的终端！荣耀智慧屏系列，3799元起，明天上午10: 08开售，让我们和未来相遇！ ​                ", "author": "荣耀智慧生活", "time": "荣耀智慧生活2019年08月14日18:27 来自荣耀20", "transmit": " 转发 4", "comment": "评论 43", "zan": " 418"}, {"text": "\n                    我们没有发明电视，而是把这块屏幕未来该有的样子呈现于你。我们用华为鸿蒙操作系统联接万物，用鸿鹄818智慧芯片升级影像体验，用魔法互动让分享轻而易举......这就是未来智慧大屏——#荣耀智慧屏#。明天10: 08，全面开售，3799元起！L荣耀智慧生活的秒拍视频 ​                ", "author": "荣耀智慧生活", "time": "荣耀智慧生活2019年08月14日12:13 来自荣耀20", "transmit": " 转发 12", "comment": "评论 55", "zan": " 125"}, {"text": "\n华为产业链最全梳理，送你一张藏宝图。#华为# #华为正式发布鸿蒙# ​                ", "author": "思多金", "time": "思多金2019年08月14日09:46 来自360安全浏览器", "transmit": " 转发 122", "comment": "评论 9", "zan": " 82"}, {"text": "\n                    荣耀智慧屏正式开售，O明天0点天猫首发 ！距华为鸿蒙操作系统推出不到一周，华为旗下的荣耀智慧屏明日0点就在天猫新品首发了，售价3799元。这也是首款搭载华为鸿蒙操作系统的智能产品，刚刚面世的鸿蒙系统究竟表现如何，值得期待。 ​                ", "author": "锋潮科技", "time": "锋潮科技2019年08月14日23:08", "transmit": " 转发 93", "comment": "评论 142", "zan": " 266"}, {"text": "\n                    腾讯认证工程师公开批判华为鸿蒙OS，称是骗钱的老套路 ​                ", "author": "深圳县令", "time": "深圳县令2019年08月14日09:02", "transmit": " 转发 20", "comment": "评论 59", "zan": " 181"}, {"text": "\n                    【法媒：鸿蒙有望成为安卓终结者 甚至可能改变硅谷】法新社：凭借其新移动操作系统鸿蒙操作系统，中国电信巨头华为开启了一条与美国技术战的新战线，在一个很特殊、但利润极为丰厚的市场上与安卓系统正面竞争。在一个拥有8亿多智能手机用户的国度里，华为拥有一切王牌来安心地提高其鸿蒙操作系统的实力 ​  展开全文c \n                    【法媒：鸿蒙有望成为安卓终结者 甚至可能改变硅谷】法新社：凭借其新移动操作系统鸿蒙操作系统，中国电信巨头华为开启了一条与美国技术战的新战线，在一个很特殊、但利润极为丰厚的市场上与安卓系统正面竞争。在一个拥有8亿多智能手机用户的国度里，华为拥有一切王牌来安心地提高其鸿蒙操作系统的实力。 O法媒：鸿蒙有望成为安卓终结者 甚至可能改变硅谷 收起全文d\n", "author": "参考消息", "time": "参考消息2019年08月14日12:30 来自微博weibo.com", "transmit": " 转发 87", "comment": "评论 84", "zan": " 444"}, {"text": "\n#时政周报#2019年第32周时政周报来啦！中日战略对话时隔7年重启；国外势力干涉，香港暴力升级；人民币对美元“破7”，我国被美诬蔑“操纵汇率”；华为发布鸿蒙OS；大陆影片拒绝参展台湾“金马”……更多大事敬请看本周时政周报！ ​                ", "author": "华图教育", "time": "华图教育2019年08月14日09:25 来自微博weibo.com", "transmit": " 转发 46", "comment": "评论 7", "zan": " 22"}, {"text": "\n                    【张鸿「标题党」| 鸿蒙问世，华为能突破什么？】华为推出鸿蒙意指重构手机生态，但在安卓苹果双寡头局面下，鸿蒙能否达到预期，应用开发者能否追随，都未有定论……前往财新FM，发现更多精彩内容O张鸿标题党 第二季；L财新视听的秒拍视频 ​                ", "author": "财新网", "time": "财新网2019年08月14日18:46 来自微博weibo.com", "transmit": " 转发 6", "comment": "评论 26", "zan": " 62"}, {"text": "\n                    方向上：坚信大科技；原则上：每一次冲高都不盲目追，找回调的机会更加合适。懂得人自然懂！ 明天搭载鸿蒙系统的华为智慧屏开售！私信 2 领取，加送《易投经短炒逻辑》！ ​                ", "author": "王牌健言-王健", "time": "王牌健言-王健2019年08月14日11:01 来自微博weibo.com", "transmit": " 转发 27", "comment": "评论 32", "zan": " 159"}, {"text": "\n                    外媒上手体验华为荣耀智慧屏和鸿蒙OS L玲珑物语世界的微博视频 ​                ", "author": "锦鲤速递", "time": "锦鲤速递2019年08月14日17:23 来自微博网页", "transmit": " 转发 43", "comment": "评论 4", "zan": " 11"}, {"text": "\n                    主流55英寸高端大屏产品对比，#荣耀智慧屏# 优势明显    这张表制作的还是非常客观的，荣耀智慧屏、小米电视、海信HZ55E7D、TCL55P5这几款产品都有自己的优势，只是荣耀这边的优势显得相对有点多特色功能很多，而且比较吸引我的有两点：一个是华为自研的鸿蒙系统，还有一个就是3年保修！   ​  展开全文c \n                    主流55英寸高端大屏产品对比，#荣耀智慧屏# 优势明显    这张表制作的还是非常客观的，荣耀智慧屏、小米电视、海信HZ55E7D、TCL55P5这几款产品都有自己的优势，只是荣耀这边的优势显得相对有点多特色功能很多，而且比较吸引我的有两点：一个是华为自研的鸿蒙系统，还有一个就是3年保修！    你们对电视还有什么更多的期望吗？ 收起全文d\n", "author": "长安数码君", "time": "长安数码君2019年08月14日15:37 来自荣耀20PRO", "transmit": " 转发 5", "comment": "评论 122", "zan": " 195"}, {"text": "\n                    迅游科技是国内第一家场景化管道智能网络服务提供商，公布其得到了华为“耀星计划”的合作。华为手机ROM（可能是鸿蒙的意思）将植入迅游科技移动端加速模块，实现自动网络优化。不知道跟腾讯加速哪个效果好。 ​                ", "author": "欧阳秋叶", "time": "欧阳秋叶2019年08月14日15:16", "transmit": " 转发 3", "comment": "评论 29", "zan": " 159"}, {"text": "\n华为对外正式发布了操作系统——鸿蒙：一个基于微内核、面向全场景的分布式操作系统(手机、平板、电脑、手表、智能家居等)。鸿蒙作为独立于安卓、 IOS、以及 Windows 这类稳定通用的操作系统，其需要形成自身的完善的生态系统才能在未来具备更好的市场竞争力。1、半导体产业链：看好存储、模拟、功率 ​  展开全文c \n华为对外正式发布了操作系统——鸿蒙：一个基于微内核、面向全场景的分布式操作系统(手机、平板、电脑、手表、智能家居等)。鸿蒙作为独立于安卓、 IOS、以及 Windows 这类稳定通用的操作系统，其需要形成自身的完善的生态系统才能在未来具备更好的市场竞争力。1、半导体产业链：看好存储、模拟、功率、FPGA、射频等领域核心标的，有望打开华为加速完善备货、建立非A供应体系的关键窗口期。(1)材料：兴森科技、石英股份、 中环股份；(2)设备：长川科技、北方华创、精测电子；(3)设计：紫光国微、汇顶科技、景嘉微、博通集成、中颖电子(4)封测：华天科技、长电科技；(5)存储：兆易创新、北京君正；光学芯片：韦尔股份；模拟芯片：圣邦股份；射频：卓胜微、三安光电；IDM:闻泰科技、士兰微。2、5G产业链(PCB)：基站侧是第一个完成去A化的业务端口，以5G为发展方向的PCB核心标的最受益，同时5G时代来临时驱动对于消费终端内部PCB的新需求。头部标的：鹏鼎控股、生益科技、深南电路、沪电股份、景旺电子、 东山精密、兴森科技、弘信电子、崇达技术、胜宏科技。3、消费电子产业链：华为“备胎计划”+华为出货量上修(乐观预测手机出货量或将达到2.6亿部)。(1)连接器及天线：立讯精密、电连技术、信维通信、硕贝德、 意华股份；(2)光学：联创电子、水晶光电；(3)被动元器件：火炬电子、顺络电子、 三环集团。 收起全文d\n", "author": "新视界发现者", "time": "新视界发现者2019年08月14日10:58 来自微博weibo.com", "transmit": " 转发 45", "comment": "评论 5", "zan": " 57"}, {"text": "\n                    在此前的华为开发者大会上，华为发布了此前一直广受关注的鸿蒙OS操作系统，以及EMUI 10，本次华为在EMUI 10上加入了许多新特性，功能和视觉效果等方面都进行了一定的提升。华为提到EMUI 10的一些新特性，承诺手机在使用了30个月的性能劣化低于10%，GPU Turbo性能提升60%，Link Turbo比单4G网速平均提升 ​  展开全文c \n                    在此前的华为开发者大会上，华为发布了此前一直广受关注的鸿蒙OS操作系统，以及EMUI 10，本次华为在EMUI 10上加入了许多新特性，功能和视觉效果等方面都进行了一定的提升。华为提到EMUI 10的一些新特性，承诺手机在使用了30个月的性能劣化低于10%，GPU Turbo性能提升60%，Link Turbo比单4G网速平均提升超过70%，而华为的EROFS文件管理系统则提升了20%的随机读取性能，而方舟编译器针对适配的应用，可提升60%的系统流畅度。而近日，官方公布了首批将要升级EMUI 10的机型，除了华为的部分机型，部分荣耀机型也能在第一时间升级，其中包括荣耀20、荣耀20 Pro、荣耀V20、荣耀Magic 2，这些机型将于9月下旬启动Beta内测基于EMUI 10.0的Magic UI 3.0。 收起全文d\n", "author": "科技科普叻", "time": "科技科普叻2019年08月14日21:46", "transmit": " 转发 20", "comment": "评论 28", "zan": " 31"}, {"text": "\n                    如果小米和OV想和华为一战，其实最好的办法就是开源后率先使用鸿蒙系统。。 ​                ", "author": "万能的大熊", "time": "万能的大熊2019年08月14日00:52 来自360安全浏览器", "transmit": " 转发 33", "comment": "评论 128", "zan": " 364"}, {"text": "\n鸿蒙系统刚刚发布，它要到完善，还需要较长的路要走，也是需要各方的支持，也会面临了各种困难和问题，但是我相信鸿蒙一定会成为面向未来，成功的操作系统。这是因为我跟踪华为20多年，它是看得远，扎得深，一旦认准的方向，会下大力气做深做透。它的执行能力无人能及。对于鸿蒙，中国从政府到民间都给 ​  展开全文c \n鸿蒙系统刚刚发布，它要到完善，还需要较长的路要走，也是需要各方的支持，也会面临了各种困难和问题，但是我相信鸿蒙一定会成为面向未来，成功的操作系统。这是因为我跟踪华为20多年，它是看得远，扎得深，一旦认准的方向，会下大力气做深做透。它的执行能力无人能及。对于鸿蒙，中国从政府到民间都给予了巨大的期待，相信会得到来自各方的支持。最重要鸿蒙的前瞻性思维，开源的体系，华为强大的硬件支持，这都是鸿蒙立得住，长得大的根本保证。发布了头条文章：《鸿蒙OS一定会成为划时代意义的操作系统》  O鸿蒙OS一定会成为划时代意义的操作系统 收起全文d\n", "author": "飞象网项立刚", "time": "飞象网项立刚2019年08月14日11:16 来自微博weibo.com", "transmit": " 转发 142", "comment": "评论 119", "zan": " 493"}, {"text": "\n                    目前华为手机在手机行业呈碾压之势，是天时地利与人和的结果，在产品上大家竞争优势就没有什么，在品牌上就更差许多。我想来想去华为最大的弱点就在于承诺不首先放弃安卓，但是其他厂商没有这个问题。所以只要小米OV率先适配鸿蒙，并推出产品，一可以稳定自己要叛逃的客户，二可以吸纳一些想要鸿蒙的用 ​  展开全文c \n                    目前华为手机在手机行业呈碾压之势，是天时地利与人和的结果，在产品上大家竞争优势就没有什么，在品牌上就更差许多。我想来想去华为最大的弱点就在于承诺不首先放弃安卓，但是其他厂商没有这个问题。所以只要小米OV率先适配鸿蒙，并推出产品，一可以稳定自己要叛逃的客户，二可以吸纳一些想要鸿蒙的用户。肯定是目前翻身的最佳方案，这种战略也就我能想出来万能的大熊 格局逆袭 收起全文d\n", "author": "万能的大熊", "time": "万能的大熊2019年08月14日14:39 来自360安全浏览器", "transmit": " 转发 7", "comment": "评论 77", "zan": " 162"}]