[{"text": "\n                    今日汇总：1.数码论：魅族李楠功过谈；2.特朗普威胁不再承认中国在 WTO 特殊地位；3.警醒华为鸿蒙！第三大系统失败原因总结：生态和服务的构建；4.超260亿美元 T-Mobile与Sprint合并获美国司法部批准O特朗普威胁不再承认中国在 WTO 特殊地位 ​                ", "author": "老杳", "time": "老杳2019年07月28日07:41 来自iPhone客户端", "transmit": " 转发 10", "comment": "评论 1", "zan": " 4"}, {"text": "\n                    【警醒#华为鸿蒙#！第三大系统失败原因总结：生态和服务的构建】现在Android和iOS两家独大，有不少人期望有新的系统和新的生态出现，而华为鸿蒙就是近期的热点。不过要打破这个局面，除了自身“软”实力外，还需打造生态一环。O警醒华为鸿蒙！第三大系统失败原因总结：生态和服务的构建 ​                ", "author": "手机中国联盟官博", "time": "手机中国联盟官博2019年07月28日09:15 来自iPhone客户端", "transmit": " 转发 6", "comment": "评论 ", "zan": " "}, {"text": "\n                    【不是麒麟985，华为下半年将全球首发另一款集成5G基带旗舰芯片】华为的19年上半年可谓是“一点也没闲着”，智慧屏、Mate 20 X 5G版、鸿蒙系统、Mate 30等等“干货”频出，而这似乎还只是一部分……详情点击：O不是麒麟985，华为下半年将全球首发另一款集成5G基带旗舰芯片 ​                ", "author": "IT之家", "time": "IT之家2019年07月28日14:57 来自IT之家", "transmit": " 转发 7", "comment": "评论 21", "zan": " 58"}]