[{"text": "\n                    【#华为在欧洲申请多个商标#， 自有操作系统或命名“Ark”】5月24日，欧洲知识产权局收到华为多个商标申请，其操作系统可能命名为“Ark”。华为自研操作系统“华为鸿蒙”已在中国注册。此前华为消费者业务CEO余承东称，华为正在自研操作系统，最快今年秋天、最晚明年春天面市。 ​  展开全文c \n                    【#华为在欧洲申请多个商标#， 自有操作系统或命名“Ark”】5月24日，欧洲知识产权局收到华为多个商标申请，其操作系统可能命名为“Ark”。华为自研操作系统“华为鸿蒙”已在中国注册。此前华为消费者业务CEO余承东称，华为正在自研操作系统，最快今年秋天、最晚明年春天面市。#华为外籍高管舌战美媒# @老板联播 L老板联播的秒拍视频 收起全文d\n", "author": "梨视频", "time": "梨视频2019年05月28日18:24 来自微博weibo.com", "transmit": " 转发 654", "comment": "评论 705", "zan": " 7937"}, {"text": "\n                    【#华为在欧洲申请多个商标#，自有操作系统或命名“Ark”】24日，欧洲知识产权局收到华为多个商标申请，其操作系统可能命名为“Ark”。华为自研操作系统“华为鸿蒙”已在中国注册。此前华为消费者业务CEO余承东称，华为正在自研操作系统，最快今年秋天、最晚明年春天面市。 L老板联播的秒拍视频 ​                ", "author": "Vista看天下", "time": "Vista看天下2019年05月28日19:40 来自iPhone客户端", "transmit": " 转发 42", "comment": "评论 81", "zan": " 203"}, {"text": "\n                    【继“鸿蒙”后，华为在欧洲注册“方舟操作系统”商标】5月28日，观察者网查询欧盟知识产权局（EUIPO）网站发现，该机构于5月24日收到华为提交的多项商标申请，包括“ARK”、“HUAWEI ARK OS”、“ARK OS”、“HUAWEI ARK COMPILER”及“HUAWEI ARK”，分别可以直译为“方舟”、“华为方舟操作系统”、 ​  展开全文c \n                    【继“鸿蒙”后，华为在欧洲注册“方舟操作系统”商标】5月28日，观察者网查询欧盟知识产权局（EUIPO）网站发现，该机构于5月24日收到华为提交的多项商标申请，包括“ARK”、“HUAWEI ARK OS”、“ARK OS”、“HUAWEI ARK COMPILER”及“HUAWEI ARK”，分别可以直译为“方舟”、“华为方舟操作系统”、“方舟操作系统”、“华为方舟编译器”和“华为方舟”。 有外媒表示，就全球范围而言，“方舟”比“鸿蒙”要更受欢迎。其实，早在上月的新机发布会上，华为就一同公布了“方舟编译器”，据称能够提升系统操作流畅度、响应能力以及三方应用操作流畅度。而“方舟操作系统”这个名称，还是首次公开出现。 O继“鸿蒙”后，华为在欧洲注册“方舟操作系统”商标 收起全文d\n", "author": "观察者网", "time": "观察者网2019年05月28日23:59 来自微博weibo.com", "transmit": " 转发 146", "comment": "评论 213", "zan": " 734"}, {"text": "\n                    安卓一旦抛弃华为，华为启用自研的“鸿蒙”系统，你是否愿意尝试？ ​这位员工的回答亮了，也呼应了华为的格局！ ​                ", "author": "宋敬亭", "time": "宋敬亭2019年05月28日17:15", "transmit": " 转发 187", "comment": "评论 910", "zan": " 4319"}, {"text": "\n                    【#华为在欧洲申请多个商标#， 自有操作系统或命名“Ark”】5月24日，欧洲知识产权局收到华为多个商标申请，其操作系统可能命名为“Ark”。华为自研操作系统“华为鸿蒙”已在中国注册。此前华为消费者业务CEO余承东称，华为正在自研操作系统，最快今年秋天、最晚明年春天面市。@老板联播  ​  展开全文c \n                    【#华为在欧洲申请多个商标#， 自有操作系统或命名“Ark”】5月24日，欧洲知识产权局收到华为多个商标申请，其操作系统可能命名为“Ark”。华为自研操作系统“华为鸿蒙”已在中国注册。此前华为消费者业务CEO余承东称，华为正在自研操作系统，最快今年秋天、最晚明年春天面市。@老板联播 L老板联播的秒拍视频 收起全文d\n", "author": "中国企业家杂志", "time": "中国企业家杂志2019年05月28日20:42 来自iPhone6s", "transmit": " 转发 11", "comment": "评论 11", "zan": " 43"}, {"text": "\n                    【#华为在欧洲申请多个商标#， 自有操作系统或命名“Ark”】5月24日，欧洲知识产权局收到华为多个商标申请，其操作系统可能命名为“Ark”。华为自研操作系统“华为鸿蒙”已在中国注册。此前华为消费者业务CEO余承东称，华为正在自研操作系统，最快今年秋天、最晚明年春天面市。 ​  展开全文c \n                    【#华为在欧洲申请多个商标#， 自有操作系统或命名“Ark”】5月24日，欧洲知识产权局收到华为多个商标申请，其操作系统可能命名为“Ark”。华为自研操作系统“华为鸿蒙”已在中国注册。此前华为消费者业务CEO余承东称，华为正在自研操作系统，最快今年秋天、最晚明年春天面市。#华为外籍高管舌战美媒# @老板联播 L老板联播的秒拍视频 收起全文d\n", "author": "界面新闻", "time": "界面新闻2019年05月28日18:58 来自专业版微博", "transmit": " 转发 11", "comment": "评论 13", "zan": " 27"}, {"text": "\n互联网技术【 “华为鸿蒙”是什么样子】“鸿蒙，顾名思义，中国古代神话盘古开天辟地之意”。——从横向性能看：全面兼容，流畅如风！鸿蒙系统兼容全部的安卓应用和所有的Web应用。也就是说，今天所有的安卓软件app，都在直接在华为自家的系统上运行，无需改造，一键搬家。更让人喝彩的是，这 ​  展开全文c \n互联网技术【 “华为鸿蒙”是什么样子】“鸿蒙，顾名思义，中国古代神话盘古开天辟地之意”。——从横向性能看：全面兼容，流畅如风！鸿蒙系统兼容全部的安卓应用和所有的Web应用。也就是说，今天所有的安卓软件app，都在直接在华为自家的系统上运行，无需改造，一键搬家。更让人喝彩的是，这些软件搬到华为鸿蒙系统后，会更好用：系统操作流畅度将提升24%，系统响应能力提升44%，三方应用操作流畅度提升60%！ ——从纵向整合看：各类产品，彻底打通！现在的系统，比如安卓系统，只能在手机上使用；苹果iOS系统，也顶多在手机和电脑上使用。但鸿蒙系统不一样，它不仅能够在手机、平板和电脑上使用，而且打通了电视、汽车、智能穿戴等产品，将其彻底统一起来。“鸿蒙系统兼容全部的安卓应用和所有的Web应用。”O徐明天：华为大智慧！“鸿蒙”轰懵了谁？ 收起全文d\n", "author": "布道宽窄", "time": "布道宽窄2019年05月28日08:29 来自互联网技术超话", "transmit": " 转发 18", "comment": "评论 93", "zan": " 91"}, {"text": "\n                    美国：禁止芯片类企业跟华为合作华为：我有海思半导体美国：禁止安卓系统与华为合作华为：我有鸿蒙美国：禁止SD与华为合作华为：我有NM美国：你到底还有啥？华为：我还有很多美国：不行，我再想想别的招华为：麻利点，我忙着搞6G呢美国：………（转来的）#华为称包裹被联邦快递转移美国# ​  展开全文c \n                    美国：禁止芯片类企业跟华为合作华为：我有海思半导体美国：禁止安卓系统与华为合作华为：我有鸿蒙美国：禁止SD与华为合作华为：我有NM美国：你到底还有啥？华为：我还有很多美国：不行，我再想想别的招华为：麻利点，我忙着搞6G呢美国：………（转来的）#华为称包裹被联邦快递转移美国##华为已注册华为鸿蒙商标#  ​​​周禹笙 收起全文d\n", "author": "导演周禹笙", "time": "导演周禹笙2019年05月28日19:30 来自周禹笙超话", "transmit": " 转发 4", "comment": "评论 23", "zan": " 63"}, {"text": "\n中华文化华为真的太给力啦！（1）美国刚暂停了华为蓝牙会员资格，华为就推出了超级蓝牙技术；（2）微软、安卓刚暂停与华为合作，华为就推出了鸿蒙系统，不但可以替换笔记本windows系统，还可以兼容安卓系统；（3）美国刚暂停华为芯片供应，华为就推出备胎转正计划。特百五同志误入华为芯片 ​  展开全文c \n中华文化华为真的太给力啦！（1）美国刚暂停了华为蓝牙会员资格，华为就推出了超级蓝牙技术；（2）微软、安卓刚暂停与华为合作，华为就推出了鸿蒙系统，不但可以替换笔记本windows系统，还可以兼容安卓系统；（3）美国刚暂停华为芯片供应，华为就推出备胎转正计划。特百五同志误入华为芯片与技术的狙击圈。 收起全文d\n", "author": "千年老人2016", "time": "千年老人20162019年05月28日19:45 来自中华文化超话", "transmit": " 转发 33", "comment": "评论 18", "zan": " 28"}, {"text": "\n                    1. 安卓一旦「抛弃」华为，华为改用自研的「鸿蒙」系统，你是否愿意尝试？2. 如何看待珠穆朗玛峰大拥堵致 14 人死亡重大事件？3. 假如地球上所有体重超过 20kg 的生物都拥有人类的智商，会碰撞出怎样的文明火花？更多热门讨论请戳 #知乎热榜# 👉O网页链接 ​                ", "author": "知乎", "time": "知乎2019年05月28日12:00 来自微博weibo.com", "transmit": " 转发 10", "comment": "评论 80", "zan": " 52"}, {"text": "\n华为的手机芯片，取名叫“麒麟”；华为的基带芯片，取名叫“巴龙”；华为的服务器芯片，取名叫“鲲鹏”；华为的服务器平台，取名叫“泰山”；华为的路由器芯片，取名叫“凌霄”；华为的人工智能芯片，取名叫“昇腾”；华为的操作系统，取名叫“鸿蒙”…… ​                ", "author": "李太林导师", "time": "李太林导师2019年05月28日22:45 来自iPhone客户端", "transmit": " 转发 26", "comment": "评论 3", "zan": " 77"}, {"text": "\n#华为在欧洲申请多个商标#自有操作系统或命名“Ark”，Ark的意思在圣经里的意思是诺亚方舟，有“开创新纪元”之意。对此，华为目前尚未作出回应。国内新系统名可能叫鸿蒙。 ​                ", "author": "黑客师", "time": "黑客师2019年05月28日21:51", "transmit": " 转发 521", "comment": "评论 421", "zan": " 671"}, {"text": "\n#华为在欧洲申请多个商标# 华为在欧洲申请了Ark OS的商标。Ark在圣经中意思指诺亚方舟，和鸿蒙在中国创世文化中意境相似，均有开天辟地之意。#华为OS操作系统# ​                ", "author": "股坛令狐冲", "time": "股坛令狐冲2019年05月28日18:59 来自HUAWEIP30Pro", "transmit": " 转发 159", "comment": "评论 205", "zan": " 205"}, {"text": "\n华为抱了本《山海经》去注册，于是有了麒麟、鲲鹏、鸿蒙、巴龙、凌霄；比亚迪抱着本《上下五千年》去注册，于是有了秦唐宋元；阿里巴巴带着赵老师的《动物世界》去注册，于是有了天猫、闲鱼、盒马、虾米、飞猪、千牛、蚂蚁和菜鸟 ​                ", "author": "伢伢复盘", "time": "伢伢复盘2019年05月28日22:58", "transmit": " 转发 13", "comment": "评论 4", "zan": " 26"}, {"text": "\n#华为在欧洲申请多个商标#，向欧洲人传播中国文化，他们懂得什么是鸿蒙，什么是麒麟吗？有些高管虽然不懂中国文化，但是懂得正义，#华为外籍高管舌战美媒#，不怕你如何刁钻，我自岿然不动。华为，就是中华有为！ ​                ", "author": "司马子瀟瀟", "time": "司马子瀟瀟2019年05月28日18:50", "transmit": " 转发 117", "comment": "评论 133", "zan": " 214"}]