[{"text": "\n#华为接受英国议会质询#：我们对世界坦诚相待，华为海外版广告《做自己的英雄》拍的太棒了！无论周遭环境如何险恶，要永远做自己的英雄。为华为点赞！！ #华为全球多地注册鸿蒙商标# L全球热搞笑榜的微博视频 ​                ", "author": "全球热搞笑榜", "time": "全球热搞笑榜2019年06月11日21:36", "transmit": " 转发 3859", "comment": "评论 1419", "zan": " 54344"}, {"text": "\n                    【#华为全球多地注册鸿蒙商标#，包括加拿大、墨西哥、西班牙等】6月8日，外媒HUAWEI CENTRAL称已确认华为已经在全球多地提交“HongMeng”商标申请，包括加拿大、墨西哥、西班牙等。任总说: “全世界把5G做的最好的是华为，西方其实是个高等大农村，要想看8K电视，它非买华为不可。”任老自信的 ​  展开全文c \n                    【#华为全球多地注册鸿蒙商标#，包括加拿大、墨西哥、西班牙等】6月8日，外媒HUAWEI CENTRAL称已确认华为已经在全球多地提交“HongMeng”商标申请，包括加拿大、墨西哥、西班牙等。任总说: “全世界把5G做的最好的是华为，西方其实是个高等大农村，要想看8K电视，它非买华为不可。”任老自信的样子真可爱 L全球奇闻微爆光的微博视频 收起全文d\n", "author": "王飞-仓储物流与供应链", "time": "王飞-仓储物流与供应链2019年06月11日20:13 来自HUAWEIP20Pro", "transmit": " 转发 1560", "comment": "评论 797", "zan": " 23543"}, {"text": "\n                    【你敢试吗？美国公司发起挑战，#1周不用智能手机奖1千美元#】#今日热搜#据梨视频  ，近日，美国一家名为前沿通讯的互联网和电话服务提供商为了研究现代人不用智能手机如何生活，发起了一个“翻盖手机挑战”，只要一名参与者能够放弃使用智能手机换用翻盖手机一周的时间，就可以获得1000美元奖励 ​  展开全文c \n                    【你敢试吗？美国公司发起挑战，#1周不用智能手机奖1千美元#】#今日热搜#据梨视频  ，近日，美国一家名为前沿通讯的互联网和电话服务提供商为了研究现代人不用智能手机如何生活，发起了一个“翻盖手机挑战”，只要一名参与者能够放弃使用智能手机换用翻盖手机一周的时间，就可以获得1000美元奖励。 #华为全球多地注册鸿蒙商标#1周不用智能手机，你敢试吗？ 收起全文d\n", "author": "成都发布", "time": "成都发布2019年06月11日08:04 来自360安全浏览器", "transmit": " 转发 54", "comment": "评论 196", "zan": " 11532"}, {"text": "\n                    外媒消息，华为鸿蒙OS已经研发7年，基于微内核打造，100%兼容Android应用，秋季发布。首批出货100万部左右。华为手机、平板、TV都将采用鸿蒙OS！ ​                ", "author": "C科技", "time": "C科技2019年06月11日17:34", "transmit": " 转发 42", "comment": "评论 250", "zan": " 849"}, {"text": "\n                    有一家上市公司可能参与了华为鸿蒙系统的研发。打电话去问，说签了保密协议！那就是有，但市场不知道啊！这公司不会炒股票！！！！！没买！ ​                ", "author": "城城AI", "time": "城城AI2019年06月11日15:21 来自360安全浏览器", "transmit": " 转发 13", "comment": "评论 163", "zan": " 635"}, {"text": "\n                    【#华为全球多地注册鸿蒙商标#：包括加拿大、墨西哥、西班牙等】6月8日，外媒HUAWEI CENTRAL称已确认华为已经在全球多地提交“HongMeng”商标申请，包括加拿大、墨西哥、西班牙等。@老板联播 L老板联播的秒拍视频 ​                ", "author": "新浪军事", "time": "新浪军事2019年06月11日21:15 来自微博weibo.com", "transmit": " 转发 44", "comment": "评论 32", "zan": " 349"}, {"text": "\n                    有消息称，小米、OPPO、vivo等国产手机，正在参与华为鸿蒙系统的测试，相关机型已达百万台。更重要的是，除了手机厂商，阿里、百度、腾讯、360等互联网公司也开始测试华为系统，打造生态。就在前段时间，360公开表态，将积极参与华为系统的研发测试，第一时间做好适配。 ​                ", "author": "老c队长", "time": "老c队长2019年06月11日06:42 来自赞就涨停的Android", "transmit": " 转发 20", "comment": "评论 33", "zan": " 209"}, {"text": "\n华为的鸿蒙应用商店转正 欢迎全球开发者来上架APP 而 这个应用商店本来是服务海外安卓系统的用户 现在 已经改变 ​                ", "author": "义勇军--鬼谷子", "time": "义勇军--鬼谷子2019年06月11日19:01 来自微博weibo.com", "transmit": " 转发 20", "comment": "评论 46", "zan": " 282"}, {"text": "\n                    【#华为全球多地注册鸿蒙商标#，包括加拿大、墨西哥、西班牙等】6月8日，外媒HUAWEI CENTRAL称已确认华为已经在全球多地提交“HongMeng”商标申请，包括加拿大、墨西哥、西班牙等。 @老板联播 L老板联播的秒拍视频 ​                ", "author": "每日经济新闻", "time": "每日经济新闻2019年06月11日21:25 来自专业版微博", "transmit": " 转发 20", "comment": "评论 17", "zan": " 107"}, {"text": "\n                    【华为鸿蒙系统有多厉害？操作系统领域顶级大牛领衔】华为做系统被人看好有多方面的因素，吃瓜群众看的是热闹，但是华为自己对操作系统可没放松，多年前就在进行了，他们挖来了全球操作系统领域的一个大牛，而且是顶级大牛来领导OS系统内核团队。这个人就是上海交大的80后博士生导师陈海波教授。 ​  展开全文c \n                    【华为鸿蒙系统有多厉害？操作系统领域顶级大牛领衔】华为做系统被人看好有多方面的因素，吃瓜群众看的是热闹，但是华为自己对操作系统可没放松，多年前就在进行了，他们挖来了全球操作系统领域的一个大牛，而且是顶级大牛来领导OS系统内核团队。这个人就是上海交大的80后博士生导师陈海波教授。O华为鸿蒙系统有多厉害？操作系统领域顶级大牛领衔 收起全文d\n", "author": "凤凰网科技", "time": "凤凰网科技2019年06月11日20:04 来自微博weibo.com", "transmit": " 转发 23", "comment": "评论 70", "zan": " 175"}, {"text": "\n                    【#华为全球多地注册鸿蒙商标#，不会晚于明年春天发布】Huawei has filed applications for the “HongMeng” trademark in “almost every possible intellectual property organizations” worldwide, according to Huawei Central, one of the leading sources of Huawei news. Countries t ​  展开全文c \n                    【#华为全球多地注册鸿蒙商标#，不会晚于明年春天发布】Huawei has filed applications for the “HongMeng” trademark in “almost every possible intellectual property organizations” worldwide, according to Huawei Central, one of the leading sources of Huawei news. Countries that have received applications include Canada, Mexico, Australia, and New Zealand, etc. The company’s previous trademark registration at China’s Trademark Office of National Intellectual Property Administration got approved in May 2019, with an expiry date of May 13, 2029. Huawei’s consumer business CEO has earlier confirmed that the operating system will be launched “this fall the earliest and no later than spring next year.” (pic via Huawei Central) 收起全文d\n", "author": "CGTN", "time": "CGTN2019年06月11日22:33 来自微博weibo.com", "transmit": " 转发 50", "comment": "评论 30", "zan": " 434"}, {"text": "\n#华为全球多地注册鸿蒙商标#看一下任老自信的样子吧，这一次华为无论是5g还是操作系统都在努力！ L刹那数码的微博视频 ​                ", "author": "刹那数码", "time": "刹那数码2019年06月11日22:30", "transmit": " 转发 18", "comment": "评论 37", "zan": " 264"}, {"text": "\n#鸿蒙系统能否成功#华为的鸿蒙系统能成功吗？我们是一个可以建长城的民族，外国人永远不会懂忍辱负重这个词。 ​                ", "author": "钱皓", "time": "钱皓2019年06月11日15:49 来自微博weibo.com", "transmit": " 转发 35", "comment": "评论 26", "zan": " 55"}, {"text": "\n                    任正非：“全世界把5G做的最好的是华为，西方其实是个高等大农村，要想看8K电视，它非买华为不可。”  任老自信的样子真可爱，莫名的自豪。#华为全球多地注册鸿蒙商标#  L全球奇闻微爆光的微博视频 ​                ", "author": "思明博警", "time": "思明博警2019年06月11日21:59 来自iPhone7Plus", "transmit": " 转发 25", "comment": "评论 18", "zan": " 72"}, {"text": "\n#华为接受英国议会质询#【#华为全球多地注册鸿蒙商标#，包括加拿大、墨西哥、西班牙等】6月8日，外媒HUAWEI CENTRAL称已确认华为已经在全球多地提交“HongMeng”商标申请，包括加拿大、墨西哥、西班牙等。#微博赚钱季# L老板联播的秒拍视频 ​                ", "author": "云岭政法", "time": "云岭政法2019年06月11日22:32", "transmit": " 转发 20", "comment": "评论 17", "zan": " 21"}, {"text": "\n                    【#华为全球多地注册鸿蒙商标#，包括加拿大、墨西哥、西班牙等】6月8日，外媒HUAWEI CENTRAL称已确认华为已经在全球多地提交“HongMeng”商标申请，包括加拿大、墨西哥、西班牙等。 “全世界把5G做的最好的是华为，西方其实是个高等大农村，要想看8K电视，它非买华为不可。”任老自信的样子真 ​  展开全文c \n                    【#华为全球多地注册鸿蒙商标#，包括加拿大、墨西哥、西班牙等】6月8日，外媒HUAWEI CENTRAL称已确认华为已经在全球多地提交“HongMeng”商标申请，包括加拿大、墨西哥、西班牙等。 “全世界把5G做的最好的是华为，西方其实是个高等大农村，要想看8K电视，它非买华为不可。”任老自信的样子真可爱，莫名的自豪。 L全球奇闻微爆光的微博视频 收起全文d\n", "author": "王飞-仓储物流与供应链", "time": "王飞-仓储物流与供应链2019年06月11日20:07 来自HUAWEIP20Pro", "transmit": " 转发 24", "comment": "评论 11", "zan": " 141"}, {"text": "\n华为在全球多地注册鸿蒙商标的选择，可以看做是一个防守方案，目前来说：第一，华为仍旧没有做好彻底放弃安卓的准备，所以自己的系统更替安卓的速度，就没有那么积极，不然类似于mate20系列，P30系列，P20系列这些千万量级爆款产品，已经推送新系统了。第二，鸿蒙系统名气很大，提前注册，防止被专业 ​  展开全文c \n华为在全球多地注册鸿蒙商标的选择，可以看做是一个防守方案，目前来说：第一，华为仍旧没有做好彻底放弃安卓的准备，所以自己的系统更替安卓的速度，就没有那么积极，不然类似于mate20系列，P30系列，P20系列这些千万量级爆款产品，已经推送新系统了。第二，鸿蒙系统名气很大，提前注册，防止被专业炒家利用，这也是吸取了苹果的教训，之前因为商标问题，苹果被台湾商人讹了上亿的钱。。华为既然不确定会不会采用鸿蒙商标，自然需要先预防一下。第三，未来的华为，如果要做自主操作系统，那是必定要在全球推广的，不可能仅限于中国市场。第四，鸿蒙系统确实快了。 O全球注册鸿蒙商标，华为意欲何为？ 收起全文d\n", "author": "钢的王十二", "time": "钢的王十二2019年06月11日21:44 来自瘦马破西风Android", "transmit": " 转发 7", "comment": "评论 54", "zan": " 114"}, {"text": "\n华为真的网罗了世界各地的人才精英，还有上次华为高管对美媒体的访谈，有理有据逻辑智商在线。到现在为止，从不过分瞎炒风气，也不主动引领舆论，沉着冷静应对各方面各个国家的困难。华为特像中国武侠大家暂时没有想到匹配到谁，低调而又勤勤恳恳修炼内功既不过分打苦情励志牌也不肆意狂妄张扬做成第一 ​  展开全文c \n华为真的网罗了世界各地的人才精英，还有上次华为高管对美媒体的访谈，有理有据逻辑智商在线。到现在为止，从不过分瞎炒风气，也不主动引领舆论，沉着冷静应对各方面各个国家的困难。华为特像中国武侠大家暂时没有想到匹配到谁，低调而又勤勤恳恳修炼内功既不过分打苦情励志牌也不肆意狂妄张扬做成第一就唯我独尊，但是又具备西方精英时代的潮流，紧跟时代步伐，网罗最优秀的精英在其公司使其真正面对列强各国也很坦然。国内很多企业要么都太具有中国特色忘记大众的审美也在逐步进步而且刚成功一言不合大打苦情励志牌不紧跟时代的步伐，要么完全西化忘记自己出身。越了解华为越为华为骄傲。但愿有一天我能有华为这种为人处事态度#华为接受英国议会质询##华为全球多地注册鸿蒙商标# 收起全文d\n", "author": "贾大才人", "time": "贾大才人2019年06月11日23:28 来自iPhone客户端", "transmit": " 转发 10", "comment": "评论 7", "zan": " 147"}, {"text": "\n                    【外媒曝光华为正在测试新系统】知名产业链媒体digitimes报道称，华为目前已经开始对“鸿蒙”系统进行测试，准备了100万台智能手机进行深度测试，以确保所发布的操作系统能够最大程度上与安卓应用完美兼容。众所周知，安卓应用市场的碎片化一直是安卓的痛，如果“鸿蒙”真的能做到兼容安卓，那么很有 ​  展开全文c \n                    【外媒曝光华为正在测试新系统】知名产业链媒体digitimes报道称，华为目前已经开始对“鸿蒙”系统进行测试，准备了100万台智能手机进行深度测试，以确保所发布的操作系统能够最大程度上与安卓应用完美兼容。众所周知，安卓应用市场的碎片化一直是安卓的痛，如果“鸿蒙”真的能做到兼容安卓，那么很有可能解决现在安卓应用碎片化的问题，成为继安卓、iOS之后第三大操作系统一定会是梦。而且按照之前余承东的说法，“鸿蒙”能兼容全部安卓应用和所有Web应用，如果再对安卓应用重新编译，那么安卓应用在该系统的运行性能提升会超过60%，这样的话，在系统流畅度方面，“鸿蒙”也绝对不会输给苹果iOS系统！！你会支持苹果系统还是鸿蒙系统？#你会支持鸿蒙系统吗？# 收起全文d\n", "author": "价值投资日志", "time": "价值投资日志2019年06月11日17:07 来自iPhone客户端", "transmit": " 转发 14", "comment": "评论 38", "zan": " 105"}, {"text": "\n#陈海波助力鸿蒙#很早之前，任正非就思考系统问题。他在2012年谈及华为自主操作系统的问题时说，“如果他们突然断了我们的粮食，Android系统不给我用了，Windows Phone8系统也不给我用了，我们是不是就傻了？”于是华为请来了陈海波。陈海波现任OS内核实验室主任一职；业内人士对于陈海波的评价为“ ​  展开全文c \n#陈海波助力鸿蒙#很早之前，任正非就思考系统问题。他在2012年谈及华为自主操作系统的问题时说，“如果他们突然断了我们的粮食，Android系统不给我用了，Windows Phone8系统也不给我用了，我们是不是就傻了？”于是华为请来了陈海波。陈海波现任OS内核实验室主任一职；业内人士对于陈海波的评价为“操作系统里数一数二的大牛”。鸿蒙”作为国内首个自主的国产操作系统，其影响力绝对不亚于5G；因此，对于A股而言，在其正式发布之前，都具有炒作的预期。 收起全文d\n", "author": "司马子瀟瀟", "time": "司马子瀟瀟2019年06月11日10:30", "transmit": " 转发 91", "comment": "评论 95", "zan": " 606"}, {"text": "\n华为荣耀影业又搞事！先是把山海经注册了个遍——新系统起名“鸿蒙”、芯片命名为“麒麟”、服务器平台起名为“泰山”...这次又“碰瓷”水浒传，孤胆英雄山上遇见老虎有多怂？拿着#荣耀20#还敢打老虎？？？L荣耀手机的秒拍视频 ​                ", "author": "广告也疯狂", "time": "广告也疯狂2019年06月11日12:50 来自微博weibo.com", "transmit": " 转发 6", "comment": "评论 6", "zan": " 58"}, {"text": "\n                    【最响亮的一枪，鸿蒙系统运行速度超安卓】最近，关于鸿蒙系统的消息是越来越多了！阿里，腾讯，百度等多家巨头发力，为鸿蒙系统的生态圈注入一股新的活力。据悉日前，腾讯QQ团队已经与华为EMUI团队成立了联合组织，而小米，OV等厂商也是派出技术人员，对鸿蒙系统进行实测，结果显示运行速度超安卓系 ​  展开全文c \n                    【最响亮的一枪，鸿蒙系统运行速度超安卓】最近，关于鸿蒙系统的消息是越来越多了！阿里，腾讯，百度等多家巨头发力，为鸿蒙系统的生态圈注入一股新的活力。据悉日前，腾讯QQ团队已经与华为EMUI团队成立了联合组织，而小米，OV等厂商也是派出技术人员，对鸿蒙系统进行实测，结果显示运行速度超安卓系统，快了60％。有业内人士猜测鸿蒙系统或将首次搭载在华为P40手机上！ 收起全文d\n", "author": "郭士英", "time": "郭士英2019年06月11日09:30 来自360安全浏览器", "transmit": " 转发 38", "comment": "评论 51", "zan": " 231"}]