[{"text": "\n                    華為已向歐盟知識產權局（European Union Intellectual Property Office）提交商標申請，為華為移動和電腦操作系統鴻蒙OS申請商標「Harmony」。 ​                ", "author": "George-瓜瓜", "time": "George-瓜瓜2019年07月16日00:37 来自iPhone7Plus", "transmit": " 转发 11", "comment": "评论 8", "zan": " 25"}, {"text": "\n#华为鸿蒙系统是否用于手机还未确定# 华为总裁表示鸿蒙系统为物联网开发，是否用于手机系统还未确定，有人说鸿蒙系统不用于手机，华为将继续使用安卓”，网友：白高兴一场LIT科技数码达人的秒拍视频 ​                ", "author": "婊阿儿妹", "time": "婊阿儿妹2019年07月16日10:58 来自微博weibo.com", "transmit": " 转发 156", "comment": "评论 157", "zan": " 117"}, {"text": "\n                    【#华为欧洲注册新商标Harmony# 或为鸿蒙欧盟版本】7月14日，外媒报道称华为在EUIPO（欧盟知识产权局）申请了新商标，名称叫做“Harmony”，意为和声、和谐。类别为移动操作系统、电脑操作系统和可下载程序的操作系统。L新京报我们视频的秒拍视频 ​                ", "author": "互联网e家", "time": "互联网e家2019年07月16日10:53 来自微博weibo.com", "transmit": " 转发 150", "comment": "评论 147", "zan": " 124"}]