[{"text": "\n                    【鸿蒙的意义】如果说以前，研发一款手机或者电脑操作系统，由于没有生态环境，很难生存下去，大都胎死腹中。如今，在老美对华为等我国科技公司持续打压之下，国内终于意识到了自主研发的重要性，所以华为推出鸿蒙操作系统后，相信很快大部分APP会完成适配，使用体验绝对不会差了，而且目前用户们对华 ​  展开全文c \n                    【鸿蒙的意义】如果说以前，研发一款手机或者电脑操作系统，由于没有生态环境，很难生存下去，大都胎死腹中。如今，在老美对华为等我国科技公司持续打压之下，国内终于意识到了自主研发的重要性，所以华为推出鸿蒙操作系统后，相信很快大部分APP会完成适配，使用体验绝对不会差了，而且目前用户们对华为系统的支持热情也十分高涨，真是天赐良机！相信鸿蒙后期会开放给其他手机厂商，大家一起预装，共同推动国产系统的发展壮大，这是一件多么令人期待的事情啊。电脑操作系统也不例外，鸿蒙也具备电脑操作系统的功能，在此基础上替代Windows不是不可能，中国人只要上来那股劲儿，没有干不成的事儿！ 收起全文d\n", "author": "中国IT杂谈", "time": "中国IT杂谈2019年05月27日07:50", "transmit": " 转发 33", "comment": "评论 160", "zan": " 308"}, {"text": "\n                    【#华为注册了整本山海经#】华为的手机芯片，取名叫“麒麟”；华为的基带芯片，取名叫“巴龙”；华为的服务器芯片，取名叫“鲲鹏”；华为的服务器平台，取名叫“泰山”；华为的路由器芯片，取名叫“凌霄”；华为的人工智能芯片，取名叫“昇腾”；华为的操作系统，取名叫“鸿蒙”……把中国古代 ​  展开全文c \n                    【#华为注册了整本山海经#】华为的手机芯片，取名叫“麒麟”；华为的基带芯片，取名叫“巴龙”；华为的服务器芯片，取名叫“鲲鹏”；华为的服务器平台，取名叫“泰山”；华为的路由器芯片，取名叫“凌霄”；华为的人工智能芯片，取名叫“昇腾”；华为的操作系统，取名叫“鸿蒙”……把中国古代的传说化为现实的奇迹，把幻想中的神兽和最先进的科技结合；让中国古典文化在一连串的字符中焕发生机，让中国人亲眼见证古代传说中的奇迹…这大概就是理工人的终极浪漫了吧？或许在很多人看来，理工人不懂浪漫。但其实并非如此，他们也懂浪漫 ，只不过他们的浪漫可能并不在儿女情长，他们的浪漫更像是古典主义的浪漫。他们的征途是星辰大海，他们把自己所有的情怀都放在了人类进步上。虽然普通人无法理解他们所为之事，但是从他们的取名上，就能看出他们内心深处燃烧的理想。#任正非接受央视专访# 收起全文d\n", "author": "军人之家", "time": "军人之家2019年05月27日02:50", "transmit": " 转发 382", "comment": "评论 160", "zan": " 1737"}, {"text": "\n                    撞脸? 咱家“鸿蒙”版，都用了五六年了！为华为，无所谓。 ​                ", "author": "天狼50邓育平", "time": "天狼50邓育平2019年05月27日08:42 来自微博weibo.com", "transmit": " 转发 9", "comment": "评论 67", "zan": " 231"}, {"text": "\n                    M国：禁止芯片类企业跟华为合作华为：我有海思半导体M国：禁止安卓系统与华为合作华为：我有鸿蒙M国：禁止SD与华为合作华为：我有NMM国：你到底还有啥？华为：我还有很多M国：不行，我再想想别的招华为：麻利点，我忙着搞6G呢美国：……… ​虽然是个段子，但是能看出华为的眼光有多长远， ​  展开全文c \n                    M国：禁止芯片类企业跟华为合作华为：我有海思半导体M国：禁止安卓系统与华为合作华为：我有鸿蒙M国：禁止SD与华为合作华为：我有NMM国：你到底还有啥？华为：我还有很多M国：不行，我再想想别的招华为：麻利点，我忙着搞6G呢美国：……… ​虽然是个段子，但是能看出华为的眼光有多长远，但是其实也没那么好过。。。 收起全文d\n", "author": "科技小公举", "time": "科技小公举2019年05月27日09:15", "transmit": " 转发 8", "comment": "评论 44", "zan": " 129"}, {"text": "\n#手机中国早报# 1、任正非接受央视专访 再穷不能穷教师 再穷不能穷未来；2、华为6月底发布自主操作系统鸿蒙？官方辟谣：假消息；3、解读数博会 邬贺铨：5G基站电磁辐射相对4G更安全；4、5G手机之后5GPC来了！联想欲在台北电脑展发骁龙本。详情：O网页链接 ​                ", "author": "手机中国", "time": "手机中国2019年05月27日09:15 来自专业版微博", "transmit": " 转发 80", "comment": "评论 183", "zan": " 823"}, {"text": "\n                    中芯国际创始人张汝京：华为开发的鸿蒙不是安卓系统的分支或修改版本，是基于5G物联网构建的全新的、独立的操作系统。 ​                ", "author": "黑夜之睛滚雪球", "time": "黑夜之睛滚雪球2019年05月27日19:09 来自iPhoneX", "transmit": " 转发 6", "comment": "评论 9", "zan": " 46"}, {"text": "\n                    中芯国际创始人张汝京：华为开发的鸿蒙不是安卓系统的分支或修改版本，是基于5G物联网构建的全新的、独立的操作系统。 ​​​                ", "author": "tiesto股海寻道", "time": "tiesto股海寻道2019年05月27日20:01", "transmit": " 转发 7", "comment": "评论 10", "zan": " 82"}, {"text": "\n                    【邬贺铨院士谈华为事件：#华为已熟练掌握ARM架构修改#，能抵挡暂时性困难】中国工程院院士邬贺铨在数博会上表示，被美国列入“实体名单”的华为有着丰富经验，针对芯片设计商ARM“断供”，它已熟练掌握ARM架构修改，能够抵住暂时性困难，而鸿蒙操作系统得兼容安卓App。L老板联播的秒拍视频 ​                ", "author": "新浪科技", "time": "新浪科技2019年05月27日07:14 来自微博weibo.com", "transmit": " 转发 271", "comment": "评论 488", "zan": " 2598"}, {"text": "\n                    【#华为辟谣6月底发布鸿蒙系统#:有最新消息会在官方渠道公布】Huawei denied rumors that its operating system “Hongmeng” will be released on June 24. Wang Chenglu, president of Huawei’s consumer business software engineering group said the company will keep the public updated throu ​  展开全文c \n                    【#华为辟谣6月底发布鸿蒙系统#:有最新消息会在官方渠道公布】Huawei denied rumors that its operating system “Hongmeng” will be released on June 24. Wang Chenglu, president of Huawei’s consumer business software engineering group said the company will keep the public updated through the company’s official channels. The rumor started when a poster surfaced online suggesting the OS would be unveiled at an event in Hong Kong in June. Huawei’s consumer business CEO Yu Chengdong recently confirmed that the company is developing its own operating system, which will be compatible with all Android applications and web applications. (Photos via Weibo) 收起全文d\n", "author": "CGTN", "time": "CGTN2019年05月27日11:49 来自微博weibo.com", "transmit": " 转发 12", "comment": "评论 7", "zan": " 35"}, {"text": "\n                    泰山崩于前而面不改色，对自身企业安危淡然自若，却关心起国家教育大事，心胸是一个奇妙的东西，它可以大过天，包含地。从任正非的眼光看国家教育问题，说到根上了，加大教育投入，扩大义务教育范围，彻底改革应试教育体制，按教师文凭和资历提高待遇，逐步提高教师队伍素质，成立大教育格局！【 ​  展开全文c \n                    泰山崩于前而面不改色，对自身企业安危淡然自若，却关心起国家教育大事，心胸是一个奇妙的东西，它可以大过天，包含地。从任正非的眼光看国家教育问题，说到根上了，加大教育投入，扩大义务教育范围，彻底改革应试教育体制，按教师文凭和资历提高待遇，逐步提高教师队伍素质，成立大教育格局！【#央视专访任正非全文##任正非回应热点##华为OS操作系统##华为已注册华为鸿蒙商标##华为已熟练掌握ARM架构修改# ：我根本就不是什么英雄 国家的未来就是教育】日前，华为创始人、CEO任正非在深圳华为总部接受了央视《面对面》专访。在外界普遍关心华为发展之时，任正非却用大篇幅谈到基础教育问题。任正非认为，华为现在正是最佳的状态，胜利一定是属于我们的，但如果不重视教育，实际上我们会重返贫穷的。谈及“民族英雄”这个称号，任正非表示：不接受，狗熊。我根本就不是什么英雄，我从来都不想当英雄。媒体炒作有时候偏激，偏激的思想容易产生民粹主义，对一个国家是没好处的。 O央视专访任正非全文：华为不会死亡，国家的未来就是教育 收起全文d\n", "author": "全然不同", "time": "全然不同2019年05月27日09:28 来自觉醒吧超话", "transmit": " 转发 16", "comment": "评论 4", "zan": " 64"}, {"text": "\n#微软停止接受华为新订单#微软毕竟是美国企业，当然会成为助纣为虐的工具，断供很正常。不过也不排除微软是封杀华为的始作俑者之一，就华为的科技含量发展势头，任何对手都害怕。现在就看能不能国产了。首先华为即将发布自研的操作系统鸿蒙，这套系统打通了手机、电脑、平板等设备。而在CPU方面，龙 ​  展开全文c \n#微软停止接受华为新订单#微软毕竟是美国企业，当然会成为助纣为虐的工具，断供很正常。不过也不排除微软是封杀华为的始作俑者之一，就华为的科技含量发展势头，任何对手都害怕。现在就看能不能国产了。首先华为即将发布自研的操作系统鸿蒙，这套系统打通了手机、电脑、平板等设备。而在CPU方面，龙芯早已备胎多年，只是苦于不能在微软的WINDOWS操作系统上面运行，现在终于有了备胎转正的机会。技术虽然有了，更重要的是建设生态链。比如日常办公、游戏、绘图、行业软件等。还需要打印机、扫描仪等硬件驱动的支持。这都需要时间来打磨，完全国产化任重而道远。 收起全文d\n", "author": "巍岳钦禹", "time": "巍岳钦禹2019年05月27日10:36 来自HUAWEIP30Pro", "transmit": " 转发 226", "comment": "评论 130", "zan": " 221"}, {"text": "\n                    【华为否认“6月24日发布操作系统鸿蒙”】近日网上传出华为将在6月24日发布自家的操作系统“鸿蒙”，5月26日晚间，华为官方发声称这是假消息。华为相关人士表示，这消息不实，希望媒体能帮助辟谣。5月21日，华为消费者业务负责人余承东表示，华为操作系统最快今年秋季、最晚明年春天将面市，将全面兼容 ​  展开全文c \n                    【华为否认“6月24日发布操作系统鸿蒙”】近日网上传出华为将在6月24日发布自家的操作系统“鸿蒙”，5月26日晚间，华为官方发声称这是假消息。华为相关人士表示，这消息不实，希望媒体能帮助辟谣。5月21日，华为消费者业务负责人余承东表示，华为操作系统最快今年秋季、最晚明年春天将面市，将全面兼容安卓和Web应用。 收起全文d\n", "author": "香港商報網", "time": "香港商報網2019年05月27日00:24 来自微博weibo.com", "transmit": " 转发 17", "comment": "评论 26", "zan": " 35"}, {"text": "\n                    【#华为否认6月24日发布操作系统鸿蒙#，称这是假消息】近日网上传出华为将在6月24日发布自家的操作系统“鸿蒙”，5月26日晚间，华为官方发声称这是假消息。华为相关人士表示，这消息不实，希望媒体能帮助辟谣。5月21日，华为消费者业务负责人余承东表示，华为操作系统最快今年秋季、最晚明年春天将面市 ​  展开全文c \n                    【#华为否认6月24日发布操作系统鸿蒙#，称这是假消息】近日网上传出华为将在6月24日发布自家的操作系统“鸿蒙”，5月26日晚间，华为官方发声称这是假消息。华为相关人士表示，这消息不实，希望媒体能帮助辟谣。5月21日，华为消费者业务负责人余承东表示，华为操作系统最快今年秋季、最晚明年春天将面市，将全面兼容安卓和Web应用。O华为否认“6月24日发布操作系统鸿蒙”，称这是假消息 收起全文d\n", "author": "凤凰网财经", "time": "凤凰网财经2019年05月27日00:09", "transmit": " 转发 44", "comment": "评论 76", "zan": " 62"}, {"text": "\n华为开始招操作系统开发相关岗位，鸿蒙系统可期，技术人大展拳脚的时候到了 ​                ", "author": "程序员新视界", "time": "程序员新视界2019年05月27日18:53 来自微博weibo.com", "transmit": " 转发 16", "comment": "评论 31", "zan": " 79"}]