[{"text": "\n                    网传的华为鸿蒙系统 ​                ", "author": "老c队长", "time": "老c队长2019年06月30日17:12 来自赞就涨停的Android", "transmit": " 转发 133", "comment": "评论 400", "zan": " 4921"}, {"text": "\n                    国际风云，变幻莫测，大家都关心似乎缓解了，华为的鸿蒙还会推出吗？做出这个决定是要大量复杂信息的权衡，我不敢预测。如果我是余承东，会把鸿蒙放在Magic3上，这本是有概念的意义的手机，效果好会逐渐移至华为旗舰，一是扎扎实实验证效果，又可逐渐的蚕食市场，不至于那么大市场调整。经过此役，全 ​  展开全文c \n                    国际风云，变幻莫测，大家都关心似乎缓解了，华为的鸿蒙还会推出吗？做出这个决定是要大量复杂信息的权衡，我不敢预测。如果我是余承东，会把鸿蒙放在Magic3上，这本是有概念的意义的手机，效果好会逐渐移至华为旗舰，一是扎扎实实验证效果，又可逐渐的蚕食市场，不至于那么大市场调整。经过此役，全中国和全世界都相信华为的实力，对鸿蒙非常期待，正是这系统面世的好机会。鸿蒙未来还有PC、电视、汽车的系统多产品合一。绝不可能放弃。 收起全文d\n", "author": "飞象网项立刚", "time": "飞象网项立刚2019年06月30日08:43 来自HUAWEIMate20X5G", "transmit": " 转发 63", "comment": "评论 138", "zan": " 541"}, {"text": "\n                    网友评：鸿蒙备胎也爆胎了，沸腾二个月时间，华为就撤了，留下海军在战场惶惶不可终日。华为转头称赞安卓，并拒绝透漏鸿蒙发展情况。low气质无人可敌，说开打敌军的是它，带着海军沸腾的也是它，瞬间转身投靠敌军的也是它。大家怎么看？ ​                ", "author": "IT大智", "time": "IT大智2019年06月30日14:39", "transmit": " 转发 168", "comment": "评论 1683", "zan": " 7699"}]