[{"text": "\n华为新系统叫“鸿蒙”。太燃了。鸿蒙即混沌，世界太元之初。已有鸿蒙，即将盘古开天地。 ​                ", "author": "风息神泪", "time": "风息神泪2019年05月22日12:02 来自微博weibo.com", "transmit": " 转发 13784", "comment": "评论 2078", "zan": " 23489"}, {"text": "\n                    【余承东：#华为OS操作系统#最快今秋面世，兼容全部安卓及Web应用】5月21日，华为消费者业务CEO余承东透露“备胎”华为操作系统，最快将于今年秋天、最晚将于明年春天面市。目前该系统已打通手机、电脑、平板、电视、汽车、智能穿戴等产品，并兼容全部的安卓应用和Web应用。。此前有PPT曝华为新系统叫 ​  展开全文c \n                    【余承东：#华为OS操作系统#最快今秋面世，兼容全部安卓及Web应用】5月21日，华为消费者业务CEO余承东透露“备胎”华为操作系统，最快将于今年秋天、最晚将于明年春天面市。目前该系统已打通手机、电脑、平板、电视、汽车、智能穿戴等产品，并兼容全部的安卓应用和Web应用。。此前有PPT曝华为新系统叫#鸿蒙#。L老板联播的秒拍视频 收起全文d\n", "author": "老板联播", "time": "老板联播2019年05月22日19:06 来自微博weibo.com", "transmit": " 转发 43", "comment": "评论 67", "zan": " 179"}]