[{"text": "\n                    【传100万部鸿蒙OS手机进入测试阶段:#华为鸿蒙手机Q4发布#】知名产业链媒体digitimes援引美国证券经纪机构rosenblatt securities的智能手机供应链报告，华为将在今年四季度发布自主研发的鸿蒙操作系统。而目前华为正针对旗下手机基于鸿蒙系统进行测试，据爆料测试机数量达到了100万部。你们会支持吗？ ​                ", "author": "IT观察猿", "time": "IT观察猿2019年06月02日12:55", "transmit": " 转发 206", "comment": "评论 256", "zan": " 1317"}, {"text": "\n华为近日出品的微电影《悟空》火了，有网友细心的发现，最后电影票上的日期暗藏玄机，不少网友猜测2019年9月22日很有可能是华为自研操作系统“鸿蒙”的问世时间。因为正好契合这句“鸿蒙初辟原无姓，打破顽冥须悟空”！华为将上演一出大闹天宫的好戏，期待鸿蒙系统！#华为# ​                ", "author": "建华Wei业", "time": "建华Wei业2019年06月02日19:34 来自HUAWEIMate20Pro", "transmit": " 转发 118", "comment": "评论 119", "zan": " 1580"}, {"text": "\n华为中心确认正在测试鸿蒙兼容Android app，测试100万台手机。看来，鸿蒙系统跟安卓系统的兼容应该不成问题。 ​                ", "author": "孤烟暮蝉", "time": "孤烟暮蝉2019年06月02日22:53 来自HUAWEIMate20Pro", "transmit": " 转发 115", "comment": "评论 389", "zan": " 1684"}, {"text": "\n                    网传小米腾讯的部分工程师，都集合到华为加速研发鸿蒙系统了，这是真的吗？希望是真的！ ​                ", "author": "孙智戴", "time": "孙智戴2019年06月02日22:29", "transmit": " 转发 39", "comment": "评论 487", "zan": " 2011"}, {"text": "\n                    假设抛开一切爱国情怀，华为鸿蒙OS可以正常整合全平台，你会用吗？ ​                ", "author": "哈侠", "time": "哈侠2019年06月02日07:12", "transmit": " 转发 3", "comment": "评论 94", "zan": " 323"}, {"text": "\n                    就凭任总这句话，别说鸿蒙了，就是装塞班系统也要用华为。   #电影# L电影院菌的秒拍视频 ​                ", "author": "电影院菌", "time": "电影院菌2019年06月02日16:42 来自微博视频", "transmit": " 转发 21", "comment": "评论 14", "zan": " 260"}]