[{"text": "\n华为“鸿蒙”系统明天就要腾空出世了 L1分钟揭秘：华为“鸿蒙”系统的名字有何含义？ ​                ", "author": "义勇军--鬼谷子", "time": "义勇军--鬼谷子2019年08月08日17:38 来自腾讯视频", "transmit": " 转发 19", "comment": "评论 16", "zan": " 94"}, {"text": "\n                    搞事情，19小时后#华为#将催生最强投资风口，速看！！！华为史上规模最大、最为火爆、最强“备胎”、最受关注的开发者盛会将于明天下午召开。华为5G通信、手机、海思、鸿蒙产业链起风！一文厘华为4大产业链A股核心受益标的。O搞事情，19小时后华为将催生最强投资风口，速看！！！ ​                ", "author": "证券市场红周刊", "time": "证券市场红周刊2019年08月08日19:52 来自微博weibo.com", "transmit": " 转发 108", "comment": "评论 5", "zan": " 62"}, {"text": "\n#HDC2019#华为开发者大会明天起将在东莞开幕，作为一个老程序员，对这样的活动无比兴奋，但由于工作关系未能前往现场，非常遗憾。大会重头戏之一是跨越手机多终端无缝互联、打造全场景智慧生活的华为#EMUI10#系统，超级文件系统EROFS、方舟编译器……鸿蒙在这个版本里面的比重将前所未有。 ​                ", "author": "震长", "time": "震长2019年08月08日22:38 来自HUAWEIMate20X5G", "transmit": " 转发 8", "comment": "评论 22", "zan": " 87"}]