[{"text": "\n华为注册整本《山海经》事炒得沸沸扬扬，有人指出华为的操作系统“鸿蒙”出现在《庄子》中，而非《山海经》。叶舒宪先生指出，鸿蒙在《山海经》中原为帝鸿（帝江），才导致人们的误读。鸿蒙其实就是创世鸟神话的原型之一，华为以此名注册专利，确实意味深长。叶舒宪：文学人类学揭秘华为与鸿蒙 — ​  展开全文c \n华为注册整本《山海经》事炒得沸沸扬扬，有人指出华为的操作系统“鸿蒙”出现在《庄子》中，而非《山海经》。叶舒宪先生指出，鸿蒙在《山海经》中原为帝鸿（帝江），才导致人们的误读。鸿蒙其实就是创世鸟神话的原型之一，华为以此名注册专利，确实意味深长。叶舒宪：文学人类学揭秘华为与鸿蒙 ——创世鸟神话“激活”良渚神徽与帝鸿神话学的现代奠基人称之为“比较神话学”。文学人类学派的四重证据法，也将神话学从文学艺术拓展到历史和考古研究，尝试关注史前图像的神话观念阐释。本文突出证据间性的互阐作用给神话“比较”带来的方法启迪：从萨满幻象的人鸟合体意象入手，重新解读良渚文化人鸟合体神徽和河姆渡文化“双鸟朝阳”意象，发掘潜含在长三角史前文化鸟崇拜中的创世鸟观念，并贯通阐发古文献《山海经》神鸟帝鸿神话的创世观，强调萨满幻象作为催生神话想象的第三重证据，其对神话的文献叙事（一二重证据）和文物图像叙事（四重证据）的再语境化作用，提炼为“激活”作用论。 收起全文d\n", "author": "作家冯玉雷", "time": "作家冯玉雷2019年06月03日21:55 来自HUAWEIP10Plus", "transmit": " 转发 59", "comment": "评论 1", "zan": " 7"}, {"text": "\n                    【华为自研鸿蒙系统定档9月？《悟空》微电影透露玄机】前日，由蔡成杰导演使用华为P30 Pro零外接镜头拍摄的竖屏电影——《悟空》引起网友热议。但是真正让网友们关注的是电影中出现了一个特别的时间点——9月22日19:00，或许与华为鸿蒙系统有关。O网页链接 ​                ", "author": "手机中国", "time": "手机中国2019年06月03日14:40 来自微博weibo.com", "transmit": " 转发 21", "comment": "评论 51", "zan": " 521"}, {"text": "\n                    【“备胎”？鸿蒙背后的野心】华为鸿蒙操作系统早已于2012年提出，是早已针对5G+AI时代的AIOT终端变革的长期战略布局，是新一轮基础软硬件洗牌的历史性机遇。此外，谷歌也早已在布局下一代操作系统Fuchsia。O“备胎”？鸿蒙背后的野心 ​                ", "author": "华尔街见闻APP", "time": "华尔街见闻APP2019年06月03日15:26 来自微博weibo.com", "transmit": " 转发 22", "comment": "评论 20", "zan": " 87"}, {"text": "\n                    操作系统的出现，一定要天时地利人和#华为鸿蒙取代安卓#也是有可能：1、华为拥有庞大的用户量，能缓慢变革，慢慢替换现有的安卓2、操作系统的出现也符合当前国际局势，也符合国家战略，更符合国家产业升级3、国内安卓系统的卡慢，没有完美推送，以及APP相互唤醒的诟病，影响体验，影响续航；软件 ​  展开全文c \n                    操作系统的出现，一定要天时地利人和#华为鸿蒙取代安卓#也是有可能：1、华为拥有庞大的用户量，能缓慢变革，慢慢替换现有的安卓2、操作系统的出现也符合当前国际局势，也符合国家战略，更符合国家产业升级3、国内安卓系统的卡慢，没有完美推送，以及APP相互唤醒的诟病，影响体验，影响续航；软件兼容性：国家驱动，利益驱使，软件开发行业不可能坐以待毙，对大蛋糕无动于衷，至少常用软件一定会响应号召对于国内的硬件、软件、和国家向高科技产业转型的进程中，中华民族到了，最危险的时候，只有万众一心，才能摆脱别人的控制，自由翱翔；只有更强，才有话语权原作者：lovychen原文链接：O华为的新系统鸿蒙真的能取代安卓和iOS吗？ 收起全文d\n", "author": "AI大数据时代", "time": "AI大数据时代2019年06月03日11:37 来自微博weibo.com", "transmit": " 转发 363", "comment": "评论 180", "zan": " 455"}, {"text": "\n                    【喜大普奔：鸿蒙版华为Mate 30系列将于9月发布】据外媒消息，搭载鸿蒙系统的华为Mate 30系列新机将于今年9月份发布。此次信息，是外媒透过早前曝光的一段华为P30 Pro拍摄的短视频《悟空》的细节解读。#华为# #华为鸿蒙操作系统# ​                ", "author": "ZOL中关村在线", "time": "ZOL中关村在线2019年06月03日17:12 来自微博weibo.com", "transmit": " 转发 7", "comment": "评论 21", "zan": " 95"}, {"text": "\n                    HuaweiCentral网站发布了几张鸿蒙系统的界面截图，鸿蒙系统的界面设计是申请了专利保护的，但实际上仔细观察不难发现它和华为EMUI非常神似，功能排列、状态栏、字体布局、按钮配色都几乎一模一样，基本就是延续了EMUI的风格，华为应该是为了方便用户尽快习惯鸿蒙系统而照搬了EMUI的设计逻辑，只不过底 ​  展开全文c \n                    HuaweiCentral网站发布了几张鸿蒙系统的界面截图，鸿蒙系统的界面设计是申请了专利保护的，但实际上仔细观察不难发现它和华为EMUI非常神似，功能排列、状态栏、字体布局、按钮配色都几乎一模一样，基本就是延续了EMUI的风格，华为应该是为了方便用户尽快习惯鸿蒙系统而照搬了EMUI的设计逻辑，只不过底层系统有了翻天覆地的变化。资讯点评：华为经此一战，如果再次崛起，老美会很心痛啊！ 收起全文d\n", "author": "本元禅师", "time": "本元禅师2019年06月03日07:58 来自HUAWEIMate20", "transmit": " 转发 26", "comment": "评论 129", "zan": " 583"}, {"text": "\n互联网技术 【传闻：100万部鸿蒙OS手机进入测试阶段】     此前，知名产业链媒体digitimes援引美国证券经纪机构rosenblatt securities的智能手机供应链报告，华为将在今年四季度发布自主研发的鸿蒙操作系统。#美国制裁华为# ​                ", "author": "布道宽窄", "time": "布道宽窄2019年06月03日07:18 来自互联网技术超话", "transmit": " 转发 12", "comment": "评论 12", "zan": " 56"}]