[{"text": "\n                    【华为：#鸿蒙操作系统不是为智能手机设计的#】华为董事和高级副总裁陈黎芳周四表示，公司的鸿蒙操作系统不是为智能手机设计的，公司打算继续其智能手机上使用谷歌的安卓操作系统。最近正式提交的鸿蒙操作系统商标主要是工业用途。O华为：已在全球签署50多个5G商用合约 前5个月手机销售达亿台 ​                ", "author": "财经网", "time": "财经网2019年07月19日10:04 来自360安全浏览器", "transmit": " 转发 942", "comment": "评论 2899", "zan": " 44041"}, {"text": "\n                    【华为董事陈黎芳：#华为鸿蒙是工业用途# ，并非为智能手机设计】#鸿蒙并非为智能手机设计# 华为董事和高级副总裁陈黎芳周四表示，公司的鸿蒙操作系统不是为智能手机设计的，公司打算继续在其智能手机上使用谷歌的安卓操作系统。最近正式提交的鸿蒙操作系统商标主要是工业用途。陈黎芳还谈及了鸿蒙系 ​  展开全文c \n                    【华为董事陈黎芳：#华为鸿蒙是工业用途# ，并非为智能手机设计】#鸿蒙并非为智能手机设计# 华为董事和高级副总裁陈黎芳周四表示，公司的鸿蒙操作系统不是为智能手机设计的，公司打算继续在其智能手机上使用谷歌的安卓操作系统。最近正式提交的鸿蒙操作系统商标主要是工业用途。陈黎芳还谈及了鸿蒙系统的两个特点。主要特点是时延非常低，毫秒级到亚毫秒级。第二个特点是极安全，鸿蒙系统采用领先的架构，非常的安全。 你对华为鸿蒙的期待有多高？ 收起全文d\n", "author": "凤凰网科技", "time": "凤凰网科技2019年07月19日11:09 来自微博weibo.com", "transmit": " 转发 70", "comment": "评论 254", "zan": " 10309"}, {"text": "\n                    【华为：#鸿蒙操作系统不是为智能手机设计的#】中国华为公司董事、公共及政府事务部总裁陈黎芳18日在布鲁塞尔说，@华为中国 的鸿蒙操作系统不是为智能手机设计的，公司打算继续其智能手机上使用谷歌的安卓操作系统。“特点是极安全，非常的安全，它的架构是非常领先的……但并不是用于手机操作系统。” ​  展开全文c \n                    【华为：#鸿蒙操作系统不是为智能手机设计的#】中国华为公司董事、公共及政府事务部总裁陈黎芳18日在布鲁塞尔说，@华为中国 的鸿蒙操作系统不是为智能手机设计的，公司打算继续其智能手机上使用谷歌的安卓操作系统。“特点是极安全，非常的安全，它的架构是非常领先的……但并不是用于手机操作系统。”最近正式提交的鸿蒙操作系统商标主要是工业用途。（新华社）O华为：已在全球签署50多5G商用合约 前5月售机达亿台 L老板联播的秒拍视频 收起全文d\n", "author": "新浪财经", "time": "新浪财经2019年07月19日11:21 来自微博weibo.com", "transmit": " 转发 256", "comment": "评论 931", "zan": " 5284"}, {"text": "\n                    【华为：鸿蒙主要是工业用途，手机继续用安卓】#鸿蒙操作系统不是为智能手机设计的# 华为董事和高级副总裁陈黎芳在布鲁塞尔表示，公司打算继续其智能手机上使用谷歌的安卓操作系统：“鸿蒙操作系统其实已经（开发）很多年了。它不是为手机操作系统设计的，是用于工业系统，主要特点就是时延非常低，毫 ​  展开全文c \n                    【华为：鸿蒙主要是工业用途，手机继续用安卓】#鸿蒙操作系统不是为智能手机设计的# 华为董事和高级副总裁陈黎芳在布鲁塞尔表示，公司打算继续其智能手机上使用谷歌的安卓操作系统：“鸿蒙操作系统其实已经（开发）很多年了。它不是为手机操作系统设计的，是用于工业系统，主要特点就是时延非常低，毫秒级到亚毫秒级。第二个特点是极安全，非常的安全，它的架构是非常领先的……但并不是用于手机操作系统。”7月9日，任正非在华为“心声社区”谈到关于华为自研操作系统的相关信息时表示，鸿蒙操作系统是一个面向确定时延系统的操作系统，对诸如无人驾驶等物联网自动生产有用。华为自研鸿蒙是为将来走向智能社会所做的操作系统，并不是像大家想象那样用在手机中，做鸿蒙并不是为了替代谷歌。 O华为：鸿蒙系统主要是工业用途，手机继续用安卓 收起全文d\n", "author": "观察者网", "time": "观察者网2019年07月19日13:01 来自微博weibo.com", "transmit": " 转发 125", "comment": "评论 420", "zan": " 2398"}, {"text": "\n                    【华为：#鸿蒙操作系统不是为智能手机设计的#】华为董事和高级副总裁陈黎芳周四表示，公司的鸿蒙操作系统不是为智能手机设计的，公司打算继续其智能手机上使用谷歌的安卓操作系统。最近正式提交的鸿蒙操作系统商标主要是工业用途。O华为：已在全球签署50多个5G商用合约 前5个月手机销售达亿台 ​（新华社） ​                ", "author": "中国新闻周刊", "time": "中国新闻周刊2019年07月19日11:55", "transmit": " 转发 26", "comment": "评论 94", "zan": " 339"}, {"text": "\n                    【华为：#鸿蒙操作系统不是为智能手机设计的#】华为公司董事陈黎芳表示：“鸿蒙操作系统其实已经（开发）很多年了。它不是为手机操作系统设计的，是用于工业系统，主要特点就是时延非常低，毫秒级到亚毫秒级。第二个特点是极安全，非常的安全，它的架构是非常领先的……”O华为：鸿蒙操作系统不是为智能手机设计的 ​                ", "author": "21世纪经济报道", "time": "21世纪经济报道2019年07月19日18:39 来自21财经", "transmit": " 转发 17", "comment": "评论 ", "zan": " 25"}, {"text": "\n                    【华为：鸿蒙系统不是为智能手机设计的 公司打算继续使用安卓】7月19日消息，华为董事和高级副总裁陈黎芳日前表示，公司的鸿蒙操作系统不是为智能手机设计的，公司打算继续其智能手机上使用谷歌的安卓操作系统。最近正式提交的鸿蒙操作系统商标主要是工业用途。此前，7月9日，任正非在华为“心声社区” ​  展开全文c \n                    【华为：鸿蒙系统不是为智能手机设计的 公司打算继续使用安卓】7月19日消息，华为董事和高级副总裁陈黎芳日前表示，公司的鸿蒙操作系统不是为智能手机设计的，公司打算继续其智能手机上使用谷歌的安卓操作系统。最近正式提交的鸿蒙操作系统商标主要是工业用途。此前，7月9日，任正非在华为“心声社区”谈到关于华为自研操作系统的相关信息时表示，鸿蒙操作系统是一个面向确定时延系统的操作系统，对诸如无人驾驶等物联网自动生产有用。华为自研鸿蒙是为将来走向智能社会所做的操作系统。#华为操作系统不是为智能手机设计的#O华为：鸿蒙系统不是为智能手机设计的 公司打算继续使用安卓 收起全文d\n", "author": "凤凰网财经", "time": "凤凰网财经2019年07月19日12:33 来自专业版微博", "transmit": " 转发 69", "comment": "评论 177", "zan": " 723"}, {"text": "\n                    【华为：#鸿蒙操作系统不是为智能手机设计的#】中国华为公司董事、公共及政府事务部总裁陈黎芳18日在布鲁塞尔说，公司的鸿蒙操作系统不是为智能手机设计的，公司打算继续其智能手机上使用谷歌的安卓操作系统。最近正式提交的鸿蒙操作系统商标主要是工业用途。（新华社）@老板联播 L老板联播的秒拍视频 ​                ", "author": "大公報-大公網", "time": "大公報-大公網2019年07月19日11:25 来自专业版微博", "transmit": " 转发 15", "comment": "评论 65", "zan": " 177"}, {"text": "\n#华为鸿蒙是工业用途#华为一表态，沸腾党们捂着肿脸删微博比谁都快 ​                ", "author": "孙斌1990", "time": "孙斌19902019年07月19日11:40 来自无服务的iPhoneXSMax", "transmit": " 转发 7", "comment": "评论 23", "zan": " 94"}, {"text": "\n                    【华为：#鸿蒙操作系统不是为智能手机设计的#】华为高级副总裁陈黎芳表示，鸿蒙OS不是为智能手机设计的，而是用于工业用途，比如物联网、自动驾驶等，华为将继续使用Android系统。 ​                ", "author": "C科技", "time": "C科技2019年07月19日10:51 来自iPhone客户端", "transmit": " 转发 20", "comment": "评论 202", "zan": " 691"}, {"text": "\n华为表示：鸿蒙是用于工业系统，并不是手机操作系统。 ​                ", "author": "洛杉矶房东", "time": "洛杉矶房东2019年07月19日10:26 来自微博weibo.com", "transmit": " 转发 105", "comment": "评论 377", "zan": " 2513"}, {"text": "\n                    “和谐”真的来了，你所知道的那个鸿蒙是假的，是一颗烟幕弹。刚刚华为向欧盟知识产权局提交了商标申请，注册的商标是“和谐”Harmony，应用领域是移动手机。这个才是外界一直认为的，华为用来取代安卓的鸿蒙操作系统，之前那个鸿蒙系统就是“假的”，是一个应用于物联网场景的操作系统。所以，华为有 ​  展开全文c \n                    “和谐”真的来了，你所知道的那个鸿蒙是假的，是一颗烟幕弹。刚刚华为向欧盟知识产权局提交了商标申请，注册的商标是“和谐”Harmony，应用领域是移动手机。这个才是外界一直认为的，华为用来取代安卓的鸿蒙操作系统，之前那个鸿蒙系统就是“假的”，是一个应用于物联网场景的操作系统。所以，华为有两套系统。一套是专门用来手机上使用的“和谐”，另一套是基于物联网的系统，这个系统也在海外申请了商标，名为ARK。不得不佩服华为在保密方面确实做到了极致，之前一直都在放烟雾弹，直到最后才亮出了底牌，这一次是真的了！ 收起全文d\n", "author": "司马子瀟瀟", "time": "司马子瀟瀟2019年07月19日20:50", "transmit": " 转发 126", "comment": "评论 121", "zan": " 691"}, {"text": "\n                    【华为：#鸿蒙操作系统不是为智能手机设计的#】华为董事和高级副总裁陈黎芳周四表示，公司的鸿蒙操作系统不是为智能手机设计的，公司打算继续其智能手机上使用谷歌的安卓操作系统。最近正式提交的鸿蒙操作系统商标主要是工业用途。 ​                ", "author": "虎嗅APP", "time": "虎嗅APP2019年07月19日11:23 来自微博weibo.com", "transmit": " 转发 25", "comment": "评论 90", "zan": " 223"}, {"text": "\n华为董事陈黎芳说#鸿蒙并非为智能手机设计#：还谈及了鸿蒙系统的两个特点，主要特点是时延非常低，毫秒级到亚毫秒级。第二个特点是极安全，鸿蒙系统采用领先的架构，非常的安全。但不是为智能机设计，而是为工业设计。不过，类似跪员外这类白痴把这东西绝对化了、互斥化了，其实技术很多是通的。比如E ​  展开全文c \n华为董事陈黎芳说#鸿蒙并非为智能手机设计#：还谈及了鸿蒙系统的两个特点，主要特点是时延非常低，毫秒级到亚毫秒级。第二个特点是极安全，鸿蒙系统采用领先的架构，非常的安全。但不是为智能机设计，而是为工业设计。不过，类似跪员外这类白痴把这东西绝对化了、互斥化了，其实技术很多是通的。比如EMUI9.0的安全模块，就是拿鸿蒙系统的；方舟编译器也是拿鸿蒙系统的；EROFS超级系统文件，也是来自鸿蒙极快连接的思路和部分技术。所以说从技术本质上看，EMUI9.1是一个含有安卓原生和鸿蒙技术混合的东西。合作共赢，让子弹飞一会 收起全文d\n", "author": "HW前HR", "time": "HW前HR2019年07月19日12:02 来自HUAWEIP30Pro", "transmit": " 转发 79", "comment": "评论 219", "zan": " 800"}, {"text": "\n                    【华为澄清鸿蒙系统消息：并非为智能手机设计】前段时间闹得沸沸扬扬的贸易战，引出了一个消息：华为要用自研的鸿蒙系统对抗谷歌，摆脱对安卓的依赖。不过，近日据新华社报道，华为董事和高级副总裁陈黎芳周四表示，公司的鸿蒙操作系统不是为智能手机设计的，公司打算继续在其智能手机上使用谷歌的安卓 ​  展开全文c \n                    【华为澄清鸿蒙系统消息：并非为智能手机设计】前段时间闹得沸沸扬扬的贸易战，引出了一个消息：华为要用自研的鸿蒙系统对抗谷歌，摆脱对安卓的依赖。不过，近日据新华社报道，华为董事和高级副总裁陈黎芳周四表示，公司的鸿蒙操作系统不是为智能手机设计的，公司打算继续在其智能手机上使用谷歌的安卓操作系统。最近正式提交的鸿蒙操作系统商标主要是工业用途。不知道听到这条消息，谷歌是什么心情 收起全文d\n", "author": "唯颂科技XYZONE", "time": "唯颂科技XYZONE2019年07月19日17:05 来自微博weibo.com", "transmit": " 转发 7", "comment": "评论 69", "zan": " 326"}, {"text": "\n                    【华为：#鸿蒙操作系统不是为智能手机设计的#】华为董事和高级副总裁陈黎芳18日表示，公司的鸿蒙操作系统不是为智能手机设计的，公司打算继续其智能手机上使用谷歌的安卓操作系统；最近正式提交的鸿蒙操作系统商标主要是工业用途。LNBD视频的秒拍视频 ​                ", "author": "NBD视频", "time": "NBD视频2019年07月19日11:40 来自微博weibo.com", "transmit": " 转发 22", "comment": "评论 6", "zan": " 15"}, {"text": "\n                    你认为华为未来还会不会在手机上推出鸿蒙系统？我收集一下意见，另外有从华为手机转到苹果手机的朋友，愿意讲讲原因的，可以找我联系一下 华为真的不会在手机上使用鸿蒙系统吗？ ​                ", "author": "钢的王十二", "time": "钢的王十二2019年07月19日12:28 来自热心吃瓜群众", "transmit": " 转发 20", "comment": "评论 54", "zan": " 1461"}, {"text": "\n                    期待了那么久，华为来了一句：#鸿蒙操作系统不是为智能手机设计的# ……  ​                ", "author": "速报哥", "time": "速报哥2019年07月19日12:53 来自微博weibo.com", "transmit": " 转发 7", "comment": "评论 53", "zan": " 126"}, {"text": "\n                    新华社：华为称其智能手机将继续使用安卓系统。鸿蒙不是为智能手机设计的操作系统 ​                ", "author": "有限次重复博弈", "time": "有限次重复博弈2019年07月19日08:23", "transmit": " 转发 33", "comment": "评论 100", "zan": " 391"}, {"text": "\n#鸿蒙操作系统不是为智能手机设计的#？？？这又是什么操作，前段时间不是一直在说华为有自己的手机系统了。我还和我一个国外的朋友吹，这下吹过头了 ​                ", "author": "我一定会踏着七彩祥云去接你", "time": "我一定会踏着七彩祥云去接你2019年07月19日10:39 来自文文总攻&iPhone客户端", "transmit": " 转发 129", "comment": "评论 666", "zan": " 2732"}]