[{"text": "\n                    【华为是否会推出鸿蒙手机？高管：无计划 除非美“断供”安卓】据CNET消息，尽管华为在大力宣传其Harmony操作系统的强大，但该公司称希望能保持安卓生态系统，因此并没有推出鸿蒙手机的计划，除非美国实施一项禁令，阻止华为访问Android的关键服务：包括地图和Play store等谷歌服务，那么鸿蒙将会是“ ​  展开全文c \n                    【华为是否会推出鸿蒙手机？高管：无计划 除非美“断供”安卓】据CNET消息，尽管华为在大力宣传其Harmony操作系统的强大，但该公司称希望能保持安卓生态系统，因此并没有推出鸿蒙手机的计划，除非美国实施一项禁令，阻止华为访问Android的关键服务：包括地图和Play store等谷歌服务，那么鸿蒙将会是“万无一失”的备选方案。华为高级副总裁Vincent Yang周三在纽约的一场媒体活动上表示，“我们希望保持一个标准，一个生态系统，”随后他又并补充道，HarmonyOS将作为公司的“option B”。O华为是否会推出鸿蒙手机？高管：无计划 除非美“断供”安卓 收起全文d\n", "author": "凤凰网财经", "time": "凤凰网财经2019年08月22日15:53", "transmit": " 转发 37", "comment": "评论 59", "zan": " 192"}, {"text": "\n#华为没有推出鸿蒙手机计划#【华为：没有推出鸿蒙手机的计划，除非安卓系统被禁用】据CNET报道，尽管华为在大力宣传其Harmony操作系统的强大，但该公司称希望能保持安卓生态系统，因此并没有推出鸿蒙手机的计划，除非美国实施一项禁令，阻止华为访问Android的关键服务：包括地图和Play store等谷歌服 ​  展开全文c \n#华为没有推出鸿蒙手机计划#【华为：没有推出鸿蒙手机的计划，除非安卓系统被禁用】据CNET报道，尽管华为在大力宣传其Harmony操作系统的强大，但该公司称希望能保持安卓生态系统，因此并没有推出鸿蒙手机的计划，除非美国实施一项禁令，阻止华为访问Android的关键服务：包括地图和Play store等谷歌服务，那么鸿蒙将会是“万无一失”的备选方案。华为高级副总裁Vincent Yang周三在纽约的一场媒体活动上表示，“我们希望保持一个标准，一个生态系统，”随后他又并补充道，HarmonyOS将作为公司的“option B”。后续华为还将推出搭载鸿蒙OS的手表，他还“暗示”新的华为Mate 30系列将继续使用安卓操作系统。（虎嗅APP） 收起全文d\n", "author": "福布斯中文网", "time": "福布斯中文网2019年08月22日16:59 来自专业版微博", "transmit": " 转发 5", "comment": "评论 22", "zan": " 50"}, {"text": "\n#华为没有推出鸿蒙手机计划#【华为：没有推出鸿蒙手机的计划，除非安卓系统被禁用】据CNET报道，尽管华为在大力宣传其Harmony操作系统的强大，但该公司称希望能保持安卓生态系统，因此并没有推出鸿蒙手机的计划，除非美国实施一项禁令，阻止华为访问Android的关键服务：包括地图和Play store等谷歌服 ​  展开全文c \n#华为没有推出鸿蒙手机计划#【华为：没有推出鸿蒙手机的计划，除非安卓系统被禁用】据CNET报道，尽管华为在大力宣传其Harmony操作系统的强大，但该公司称希望能保持安卓生态系统，因此并没有推出鸿蒙手机的计划，除非美国实施一项禁令，阻止华为访问Android的关键服务：包括地图和Play store等谷歌服务，那么鸿蒙将会是“万无一失”的备选方案。华为高级副总裁Vincent Yang周三在纽约的一场媒体活动上表示，“我们希望保持一个标准，一个生态系统，”随后他又并补充道，HarmonyOS将作为公司的“option B”。后续华为还将推出搭载鸿蒙OS的手表，他还“暗示”新的华为Mate 30系列将继续使用安卓操作系统。 收起全文d\n", "author": "虎嗅APP", "time": "虎嗅APP2019年08月22日15:30 来自微博weibo.com", "transmit": " 转发 7", "comment": "评论 44", "zan": " 115"}, {"text": "\n                    今日汇总：1.质疑声音不断！“4G降速为5G让路”真相探究；2.备受看好，分析机构预测华为鸿蒙OS明年全球份额将达2%；3.联发科陈冠州：赶上5G第一波大规模商用节点，今年会有不错的结果；4.智能化趋势已定，但手机仍难脱高度人工制造；5.一年就跟上！中国5G让高通CEO吃惊6.一台5G基站要多少钱？相当 ​  展开全文c \n                    今日汇总：1.质疑声音不断！“4G降速为5G让路”真相探究；2.备受看好，分析机构预测华为鸿蒙OS明年全球份额将达2%；3.联发科陈冠州：赶上5G第一波大规模商用节点，今年会有不错的结果；4.智能化趋势已定，但手机仍难脱高度人工制造；5.一年就跟上！中国5G让高通CEO吃惊6.一台5G基站要多少钱？相当于100部5G手机；7.任正非：如果需要中国在贸易战中让步，我宁愿华为不被解禁；8.面对华为，OPPO、vivo和小米的小联手和大压力；O【头条】任正非:宁愿不解禁也不做贸易协议条件；鸿蒙OS明年全球份额将达2%； 收起全文d\n", "author": "老杳", "time": "老杳2019年08月22日08:10 来自iPhone客户端", "transmit": " 转发 11", "comment": "评论 5", "zan": " 5"}, {"text": "\n                    【明天，华为又要出大招了！ 】继8月9日在开发者大会上推出鸿蒙操作系统后，华为将于23日下午召开Ascend 910 AI处理器和MindSpore计算框架发布会。中国证券网微信公众号(ID：www_cnstock_com)，未经授权，不得转载，否则追究法律责任！O明天，华为又要出大招了！ ​                ", "author": "上海证券报", "time": "上海证券报2019年08月22日22:37 来自微博weibo.com", "transmit": " 转发 13", "comment": "评论 ", "zan": " 8"}, {"text": "\n                    【华为是否会推出鸿蒙手机？高管：无计划 除非美“断供”安卓】据CNET消息，尽管华为在大力宣传其Harmony操作系统的强大，但该公司称希望能保持安卓生态系统，因此并没有推出鸿蒙手机的计划，除非美国实施一项禁令，阻止华为访问Android的关键服务：包括地图和Play store等谷歌服务，那么鸿蒙将会是“ ​  展开全文c \n                    【华为是否会推出鸿蒙手机？高管：无计划 除非美“断供”安卓】据CNET消息，尽管华为在大力宣传其Harmony操作系统的强大，但该公司称希望能保持安卓生态系统，因此并没有推出鸿蒙手机的计划，除非美国实施一项禁令，阻止华为访问Android的关键服务：包括地图和Play store等谷歌服务，那么鸿蒙将会是“万无一失”的备选方案。华为高级副总裁Vincent Yang周三在纽约的一场媒体活动上表示，“我们希望保持一个标准，一个生态系统，”随后他又并补充道，HarmonyOS将作为公司的“option B”。L大佬时间的秒拍视频 收起全文d\n", "author": "大佬时间", "time": "大佬时间2019年08月22日16:12 来自微博weibo.com", "transmit": " 转发 3", "comment": "评论 6", "zan": " 7"}, {"text": "\n                    【美企还剩90天，华为突然暂缓推出“王牌”，谷歌安卓面临抉择难题】虽然近段时间华为大力宣传了其鸿蒙操作系统，但该公司还是希望能保持安卓生态系统，因此暂时并没有推出鸿蒙手机的计划。此外，华为方面还补充到，虽然暂缓推出这一\"王牌\"，但手机搭载鸿蒙系统仍然是其B计划，到了必要的时候就会顺势 ​  展开全文c \n                    【美企还剩90天，华为突然暂缓推出“王牌”，谷歌安卓面临抉择难题】虽然近段时间华为大力宣传了其鸿蒙操作系统，但该公司还是希望能保持安卓生态系统，因此暂时并没有推出鸿蒙手机的计划。此外，华为方面还补充到，虽然暂缓推出这一\"王牌\"，但手机搭载鸿蒙系统仍然是其B计划，到了必要的时候就会顺势推出。对比起美企的\"焦虑\"，华为却是悠闲应对。比如说这次，该公司将选择权交给了谷歌公司。是选择继续供应安卓，还是无奈面对90天后的情况，那就要看谷歌公司怎么抉择了。O美企还剩90天，华为突然暂缓推出“王牌”，谷歌安卓面临抉择难题 收起全文d\n", "author": "和讯网", "time": "和讯网2019年08月22日21:40 来自微博weibo.com", "transmit": " 转发 5", "comment": "评论 10", "zan": " 17"}, {"text": "\n                    【华为成A股涨停神器 多家上市公司披露与华为合作】从5G技术站上国际顶峰，到鸿蒙操作系统开启万物互联。华为成为全球领先的中国民族品牌，也成为A股“涨停神器”，与华为相关的一举一动都影响着A股上市公司的股价走势。如果说签署战略合作协议，那至少还是白纸黑字，那互动易上“喊一嗓子”股价也能 ​  展开全文c \n                    【华为成A股涨停神器 多家上市公司披露与华为合作】从5G技术站上国际顶峰，到鸿蒙操作系统开启万物互联。华为成为全球领先的中国民族品牌，也成为A股“涨停神器”，与华为相关的一举一动都影响着A股上市公司的股价走势。如果说签署战略合作协议，那至少还是白纸黑字，那互动易上“喊一嗓子”股价也能涨停，就更能说明华为是A股涨停“风向标”了。记者不完全统计，今年以来，已有超过60家公司在互动易披露了和华为的各种各样“合作”。（上证报） 收起全文d\n", "author": "股道笔记", "time": "股道笔记2019年08月22日07:25", "transmit": " 转发 5", "comment": "评论 ", "zan": " 8"}]