[{"text": "\n#鸿蒙操作系统将应用在智慧屏#【#华为首款智慧屏将采用鸿蒙操作系统# 配升降式摄像头】26日，华为在深圳发布了智慧屏战略。据介绍，华为将在8月开发者大会上正式推出荣耀智慧屏，华为自研的鸿蒙操作系统将首先应用在智慧屏上。华为试图定义大屏智能电视这一新品类，称之为“智慧屏”。从图片看，这款电 ​  展开全文c \n#鸿蒙操作系统将应用在智慧屏#【#华为首款智慧屏将采用鸿蒙操作系统# 配升降式摄像头】26日，华为在深圳发布了智慧屏战略。据介绍，华为将在8月开发者大会上正式推出荣耀智慧屏，华为自研的鸿蒙操作系统将首先应用在智慧屏上。华为试图定义大屏智能电视这一新品类，称之为“智慧屏”。从图片看，这款电视机上有个升降摄像头，可以在线视频互动，可以实现手机和电视机的互动。@澎湃新闻 O华为首款智慧屏9月上市：采用鸿蒙操作系统，配升降式摄像头 收起全文d\n", "author": "财经网", "time": "财经网2019年07月26日20:19 来自微博weibo.com", "transmit": " 转发 28", "comment": "评论 31", "zan": " 180"}, {"text": "\n                    【余承东：#华为智慧屏产品将使用鸿蒙操作系统#】7月26日下午，华为对外发布智慧屏战略。华为消费者业务CEO余承东表示，智慧屏战略的核心是大屏设备在全场景智慧化的升级。余承东透露，智慧屏产品将会通过鸿蒙操作系统连接家庭设备，芯片采用麒麟，以及用在智慧屏显示上的鸿鹄芯片。具体信息将在8月份 ​  展开全文c \n                    【余承东：#华为智慧屏产品将使用鸿蒙操作系统#】7月26日下午，华为对外发布智慧屏战略。华为消费者业务CEO余承东表示，智慧屏战略的核心是大屏设备在全场景智慧化的升级。余承东透露，智慧屏产品将会通过鸿蒙操作系统连接家庭设备，芯片采用麒麟，以及用在智慧屏显示上的鸿鹄芯片。具体信息将在8月份华为的开发者大会上对外公布。此前专家分析智慧屏产品标志着华为正式进入智能电视领域。（记者 马思） 收起全文d\n", "author": "中国日报", "time": "中国日报2019年07月26日16:20 来自微博weibo.com", "transmit": " 转发 18", "comment": "评论 39", "zan": " 161"}, {"text": "\n                    【任正非：#华为鸿蒙将首先使用在手表上# 】7月25日，华为心声社区发布任正非与意大利媒体的圆桌纪要，有媒体问及鸿蒙系统是否会应用在华为手机上，任正非表示该系统将首先使用在手表、智能8K大屏、车联网上。“在安卓系统上，我们还是等待谷歌获得美国审批，还是尊重和拥护谷歌的生态和技术的权利。 ​  展开全文c \n                    【任正非：#华为鸿蒙将首先使用在手表上# 】7月25日，华为心声社区发布任正非与意大利媒体的圆桌纪要，有媒体问及鸿蒙系统是否会应用在华为手机上，任正非表示该系统将首先使用在手表、智能8K大屏、车联网上。“在安卓系统上，我们还是等待谷歌获得美国审批，还是尊重和拥护谷歌的生态和技术的权利。” 收起全文d\n", "author": "凤凰网科技", "time": "凤凰网科技2019年07月26日09:37 来自微博weibo.com", "transmit": " 转发 29", "comment": "评论 54", "zan": " 123"}, {"text": "\n                    【#华为首款5G手机售价#6199元，买吗？鸿蒙系统将上市】@新华网 报道，华为公司26日在深圳发布首款5G商用手机Mate20 X 5G，8GB+256G版本售价6199元，已开始预售，8月16日开售。这是全球唯一一款同时支持独立组网（SA）和非独立组网（NSA）的手机。同时，搭载鸿蒙操作系统的华为智慧屏近期将上市。综合 ​  展开全文c \n                    【#华为首款5G手机售价#6199元，买吗？鸿蒙系统将上市】@新华网 报道，华为公司26日在深圳发布首款5G商用手机Mate20 X 5G，8GB+256G版本售价6199元，已开始预售，8月16日开售。这是全球唯一一款同时支持独立组网（SA）和非独立组网（NSA）的手机。同时，搭载鸿蒙操作系统的华为智慧屏近期将上市。综合新华视点、国是直通车L国是直通车的秒拍视频 收起全文d\n", "author": "封面新闻", "time": "封面新闻2019年07月26日21:10 来自微博weibo.com", "transmit": " 转发 5", "comment": "评论 41", "zan": " 50"}, {"text": "\n                    【重磅！华为鸿鹄818芯片和鸿蒙OS操作系统亮相：开启全球智慧大屏时代，手机鸿蒙系统未来可期】赵明和余承东今天宣布，华为开创的智慧屏产品将采用鸿蒙操作系统！打脸那些说不用鸿蒙操作系统的人！既然能用在智慧屏，而且智慧屏有AI升降摄像头，有麦克风，那支持手机不是轻而易举！所以，那些说鸿 ​  展开全文c \n                    【重磅！华为鸿鹄818芯片和鸿蒙OS操作系统亮相：开启全球智慧大屏时代，手机鸿蒙系统未来可期】赵明和余承东今天宣布，华为开创的智慧屏产品将采用鸿蒙操作系统！打脸那些说不用鸿蒙操作系统的人！既然能用在智慧屏，而且智慧屏有AI升降摄像头，有麦克风，那支持手机不是轻而易举！所以，那些说鸿蒙操作系统不支持手机的也是瞎说！     同时，今天赵明还发布了超越电视的处理器鸿鹄818芯片！这样，中国开创的智慧屏起步就是高潮，一开始就有自己最核心的芯片和操作系统！赵明也宣布，荣耀智慧屏8月10日在华为开发者大会发布！   网友们期待吗？ 收起全文d\n", "author": "人才76116", "time": "人才761162019年07月26日18:29 来自HUAWEIP20", "transmit": " 转发 29", "comment": "评论 102", "zan": " 161"}, {"text": "\n#华为鸿蒙将首先使用在手表上#这是很务实的选择，如果用在手机上，必须要有相应的生态系统，用户才能接受。而现在用在手表上则不需要，够用就行了。 ​                ", "author": "黄鱼Veda", "time": "黄鱼Veda2019年07月26日10:56", "transmit": " 转发 5", "comment": "评论 16", "zan": " 62"}, {"text": "\n#华为鸿蒙将首先使用在手表上#华为选择做物联网系统是明智的，不是等到别人用户积累起来才开始搞。发展前期出问题 大家也不是很介意，只要有个三五年用于经验积累，加上国内这么大的市场。未来的鸿蒙还是可以期待的。还有中国人比美国人更能吃苦，中国人一天工作十几个小时，美国人一天工作几小时。弯 ​  展开全文c \n#华为鸿蒙将首先使用在手表上#华为选择做物联网系统是明智的，不是等到别人用户积累起来才开始搞。发展前期出问题 大家也不是很介意，只要有个三五年用于经验积累，加上国内这么大的市场。未来的鸿蒙还是可以期待的。还有中国人比美国人更能吃苦，中国人一天工作十几个小时，美国人一天工作几小时。弯道超车只是时间问题。 收起全文d\n", "author": "价值投资日志", "time": "价值投资日志2019年07月26日17:17 来自iPhoneX", "transmit": " 转发 7", "comment": "评论 5", "zan": " 14"}, {"text": "\n                    【#任正非再谈鸿蒙系统#：首先使用在手表、智能8K大屏、车联网上】7月26日，华为创始人任正非透露，“鸿蒙操作系统的最大特点是低时延，它与安卓、iOS是不一样的操作系统，开发设计的初衷是用于物联网，比如工业控制、无人驾驶……来支撑使用，我们现在首先使用在手表、智能8K大屏、车联网上。” ​  展开全文c \n                    【#任正非再谈鸿蒙系统#：首先使用在手表、智能8K大屏、车联网上】7月26日，华为创始人任正非透露，“鸿蒙操作系统的最大特点是低时延，它与安卓、iOS是不一样的操作系统，开发设计的初衷是用于物联网，比如工业控制、无人驾驶……来支撑使用，我们现在首先使用在手表、智能8K大屏、车联网上。” ​ 收起全文d\n", "author": "科工力量", "time": "科工力量2019年07月26日17:00 来自微博weibo.com", "transmit": " 转发 20", "comment": "评论 36", "zan": " 182"}, {"text": "\n                    【#任正非再谈鸿蒙系统#：首先使用在手表、智能8K大屏、车联网上】7月26日，华为创始人任正非透露，“鸿蒙操作系统的最大特点是低时延，它与安卓、iOS是不一样的操作系统，开发设计的初衷是用于物联网，比如工业控制、无人驾驶……来支撑使用，我们现在首先使用在手表、智能8K大屏、车联网上。” ​  展开全文c \n                    【#任正非再谈鸿蒙系统#：首先使用在手表、智能8K大屏、车联网上】7月26日，华为创始人任正非透露，“鸿蒙操作系统的最大特点是低时延，它与安卓、iOS是不一样的操作系统，开发设计的初衷是用于物联网，比如工业控制、无人驾驶……来支撑使用，我们现在首先使用在手表、智能8K大屏、车联网上。” ​​​​ 收起全文d\n", "author": "福布斯中文网", "time": "福布斯中文网2019年07月26日11:49 来自专业版微博", "transmit": " 转发 6", "comment": "评论 21", "zan": " 50"}, {"text": "\n华为任正非：现在就能完全独立不依赖美国，鸿蒙先用于手表/智能8K大屏/车联网 ​                ", "author": "科技喵", "time": "科技喵2019年07月26日10:56 来自Weibo.intl", "transmit": " 转发 10", "comment": "评论 49", "zan": " 112"}, {"text": "\n                    【任正非：鸿蒙系统首先使用在手表、智能8K大屏、车联网上】7月25日，华为心声社区发布任正非与意大利媒体的圆桌纪要。针对当下行业热议的“鸿蒙系统”，任正非表示，“鸿蒙操作系统的最大特点是低时延，它与安卓、iOS是不一样的操作系统。开发设计的初衷是用于物联网，比如工业控制、无人驾驶……来支 ​  展开全文c \n                    【任正非：鸿蒙系统首先使用在手表、智能8K大屏、车联网上】7月25日，华为心声社区发布任正非与意大利媒体的圆桌纪要。针对当下行业热议的“鸿蒙系统”，任正非表示，“鸿蒙操作系统的最大特点是低时延，它与安卓、iOS是不一样的操作系统。开发设计的初衷是用于物联网，比如工业控制、无人驾驶……来支撑使用..O任正非：鸿蒙系统首先使用在手表、智能8K大屏、车联网上 收起全文d\n", "author": "TechWeb", "time": "TechWeb2019年07月26日10:47 来自微博weibo.com", "transmit": " 转发 7", "comment": "评论 11", "zan": " 22"}, {"text": "\n华为智慧屏战略发布，首款产品#荣耀智慧屏#将于8月10日发布，确认将搭载鸿蒙系统！上午荣耀智慧屏放出猛料，将搭载海思鸿鹄818智慧芯片和升降式AI摄像头，下午又确认发布时间并证实首发鸿蒙系统信息。还有不到半个月时间，相信很多人已经迫不及待了。 ​                ", "author": "IT互联网科技狂人", "time": "IT互联网科技狂人2019年07月26日19:35 来自微博weibo.com", "transmit": " 转发 766", "comment": "评论 154", "zan": " 812"}]