[{"text": "\n                    发布了头条文章：《华为鸿蒙系统前景如何？从原理上看，大有可为 | 袁岚峰》 美国对华为的禁运，刚好提供了一个打破死循环的契机。为了生存，华为必须推出自己的操作系统。而奇妙的是，鸿蒙对于用户和其他开发者来说，可能会是很有吸引力的。如果这种前景成为现实，那么鸿蒙就有可能在世界范围内掀起一 ​  展开全文c \n                    发布了头条文章：《华为鸿蒙系统前景如何？从原理上看，大有可为 | 袁岚峰》 美国对华为的禁运，刚好提供了一个打破死循环的契机。为了生存，华为必须推出自己的操作系统。而奇妙的是，鸿蒙对于用户和其他开发者来说，可能会是很有吸引力的。如果这种前景成为现实，那么鸿蒙就有可能在世界范围内掀起一个替代安卓的浪潮。#微博公开课# #科技袁人# O华为鸿蒙系统前景如何？从原理上看，大有可为 | 袁岚峰 收起全文d\n", "author": "中科大胡不归", "time": "中科大胡不归2019年06月17日22:59 来自微博weibo.com", "transmit": " 转发 112", "comment": "评论 87", "zan": " 316"}, {"text": "\n                    【华为鸿蒙系统还未发布 中兴新支点系统已入围税务局】在鸿蒙还未到来之前，中兴公司开发的新支点操作系统已经先行一步了，据中兴通讯消费者体验部部长吕钱浩微博透露，中兴新支点操作系统日前正式入围国家税务总局信息化产品采购名单。O网页链接 ​                ", "author": "手机中国", "time": "手机中国2019年06月17日17:30 来自微博weibo.com", "transmit": " 转发 10", "comment": "评论 36", "zan": " 89"}, {"text": "\n                    【读图】什么时候能用上华为“鸿蒙”系统？据IDC预测数据，2020和2022年，Android和iOS操作系统市场份额将分别维持在超85%和14%水平。华为“鸿蒙”入场后，会带来何种变化？(界面) ​                ", "author": "蓝鲸财经记者工作平台", "time": "蓝鲸财经记者工作平台2019年06月17日21:42 来自iPhoneX", "transmit": " 转发 43", "comment": "评论 96", "zan": " 242"}, {"text": "\n                    【华为将采用旗鱼系统作为备用？恐怕只是俄罗斯定制版】华为正在全球范围内为“鸿蒙”系统注册商标，似乎已呼之欲出。但在日前，据外媒报道称，华为有可能将采用Sailfish OS，即旗鱼系统来作为安卓系统的替代品。目前，华为尚未对该相关消息做出回应。旗鱼系统是一家名为Jolla的公司基于MeeGo开发 ​  展开全文c \n                    【华为将采用旗鱼系统作为备用？恐怕只是俄罗斯定制版】华为正在全球范围内为“鸿蒙”系统注册商标，似乎已呼之欲出。但在日前，据外媒报道称，华为有可能将采用Sailfish OS，即旗鱼系统来作为安卓系统的替代品。目前，华为尚未对该相关消息做出回应。旗鱼系统是一家名为Jolla的公司基于MeeGo开发的操作系统，旨在为用户提供安卓系统的替代平台，该系统的一大亮点在于有较好的兼容性，方便开发人员进行开发工作。不过，华为所采用的可能是旗鱼系统的俄罗斯版本——Aurora OS。这两者最大的区别在于，Aurora OS剥离了安卓兼容层，无法兼容安卓应用。目前，Aurora OS正在为俄罗斯政府和企业使用。如果华为采用的是旗鱼系统，倒是可以在一定程度上顶替安卓系统；但如果是采用俄罗斯的Aurora OS，更像是华为专门为俄罗斯政企用户打造的定制机。另外，华为鸿蒙系统最快会在今年秋天与我们见面。O网页链接 收起全文d\n", "author": "手机中国", "time": "手机中国2019年06月17日09:45 来自微博weibo.com", "transmit": " 转发 5", "comment": "评论 50", "zan": " 167"}, {"text": "\n                    【替代安卓？外媒称华为正在做准备】路透社：中国电信设备巨头华为技术有限公司的一位高管6月13日称，公司正为“鸿蒙”操作系统的发布做准备，以取代美国的安卓系统。华为公共与政府事务部总裁办副总裁安德鲁·威廉森指出，如果贸易紧张形势升级为全面贸易战，鸿蒙系统将准备好在“几个月后”发布。 ​  展开全文c \n                    【替代安卓？外媒称华为正在做准备】路透社：中国电信设备巨头华为技术有限公司的一位高管6月13日称，公司正为“鸿蒙”操作系统的发布做准备，以取代美国的安卓系统。华为公共与政府事务部总裁办副总裁安德鲁·威廉森指出，如果贸易紧张形势升级为全面贸易战，鸿蒙系统将准备好在“几个月后”发布。O网页链接 收起全文d\n", "author": "参考消息", "time": "参考消息2019年06月17日13:00 来自微博weibo.com", "transmit": " 转发 44", "comment": "评论 17", "zan": " 200"}, {"text": "\n                    一些数码KOL素质低，缺乏基本常识令人惊讶，居然连操作系统模块化都不懂🙈。实际上，华为不断的在用自己的一些模块抽屉式替换安卓官方模块，比如安全模块就是华为自己的了，文件系统、EROFS系统文件等也是。至于什么是安卓，什么是鸿蒙，就像从夜里到白天，哪一秒钟算是天亮了，很难说，因为是个连 ​  展开全文c \n                    一些数码KOL素质低，缺乏基本常识令人惊讶，居然连操作系统模块化都不懂🙈。实际上，华为不断的在用自己的一些模块抽屉式替换安卓官方模块，比如安全模块就是华为自己的了，文件系统、EROFS系统文件等也是。至于什么是安卓，什么是鸿蒙，就像从夜里到白天，哪一秒钟算是天亮了，很难说，因为是个连续过渡状态。但是天亮了，人都会认可天亮了。 收起全文d\n", "author": "HW前HR", "time": "HW前HR2019年06月17日13:26 来自HUAWEIP30Pro", "transmit": " 转发 40", "comment": "评论 169", "zan": " 848"}]