[{"text": "\n#华为已注册华为鸿蒙商标#，有网友感叹，“鸿蒙”二字太有寓意了。华为的众多商标都出自《山海经》，比如“鸿鹄”、“乾坤”、“昆仑” 、“玄武”、“朱雀”、“凌霄”、“麒麟”等。这不得不说取名也是非常有讲究的，之前大家都喜欢用诗经楚辞的典故甚至琼瑶小说名字来给孩子取名。那么，你会不会去 ​  展开全文c \n#华为已注册华为鸿蒙商标#，有网友感叹，“鸿蒙”二字太有寓意了。华为的众多商标都出自《山海经》，比如“鸿鹄”、“乾坤”、“昆仑” 、“玄武”、“朱雀”、“凌霄”、“麒麟”等。这不得不说取名也是非常有讲究的，之前大家都喜欢用诗经楚辞的典故甚至琼瑶小说名字来给孩子取名。那么，你会不会去买本《山海经》翻一翻，为孩子取名做个参考？ 你会引用《山海经》为孩子取名吗？ 收起全文d\n", "author": "每日经济新闻", "time": "每日经济新闻2019年05月25日12:16 来自搜狗高速浏览器", "transmit": " 转发 608", "comment": "评论 815", "zan": " 89843"}, {"text": "\n华为注册了整本山海经？这是属于中华的浪漫！#华为已注册华为鸿蒙商标# @王尼玛 ​                ", "author": "秒拍", "time": "秒拍2019年05月25日12:17 来自秒拍超话", "transmit": " 转发 506", "comment": "评论 135", "zan": " 1812"}, {"text": "\n                    【#华为已注册华为鸿蒙商标#：整本山海经都被华为注册了】国家知识产权局商标局网站显示，华为已经申请注册“华为鸿蒙”商标，申请日期是2018年8月24日，注册公告日期是2019年5月14日。鸿蒙是中国传说中的一个时代，在混沌之前。后来，世人通常把“鸿蒙”比作远古时期。有些意外的是，华为的众 ​  展开全文c \n                    【#华为已注册华为鸿蒙商标#：整本山海经都被华为注册了】国家知识产权局商标局网站显示，华为已经申请注册“华为鸿蒙”商标，申请日期是2018年8月24日，注册公告日期是2019年5月14日。鸿蒙是中国传说中的一个时代，在混沌之前。后来，世人通常把“鸿蒙”比作远古时期。有些意外的是，华为的众多商标都出自《山海经》。L老板联播的秒拍视频 收起全文d\n", "author": "环球时报", "time": "环球时报2019年05月25日12:50 来自微博weibo.com", "transmit": " 转发 176", "comment": "评论 205", "zan": " 1127"}, {"text": "\n                    【#华为已注册华为鸿蒙商标#：整本山海经都被华为注册了】国家知识产权局商标局网站显示，华为已经申请注册“华为鸿蒙”商标，申请日期是2018年8月24日，注册公告日期是2019年5月14日。鸿蒙是中国传说中的一个时代，在混沌之前。后来，世人通常把“鸿蒙”比作远古时期。有些意外的是，华为的众 ​  展开全文c \n                    【#华为已注册华为鸿蒙商标#：整本山海经都被华为注册了】国家知识产权局商标局网站显示，华为已经申请注册“华为鸿蒙”商标，申请日期是2018年8月24日，注册公告日期是2019年5月14日。鸿蒙是中国传说中的一个时代，在混沌之前。后来，世人通常把“鸿蒙”比作远古时期。有些意外的是，华为的众多商标都出自《山海经》。L老板联播的秒拍视频（梨视频） 收起全文d\n", "author": "新京报", "time": "新京报2019年05月25日09:33 来自360安全浏览器", "transmit": " 转发 166", "comment": "评论 279", "zan": " 475"}, {"text": "\n                    【#华为已注册华为鸿蒙商标# #整本山海经都被华为注册了#】国家知识产权局商标局网站显示，华为已经申请注册“华为鸿蒙”商标，申请日期是2018年8月24日，注册公告日期是2019年5月14日。鸿蒙是中国传说中的一个时代，在混沌之前。后来，世人通常把“鸿蒙”比作远古时期。有些意外的是，华为的 ​  展开全文c \n                    【#华为已注册华为鸿蒙商标# #整本山海经都被华为注册了#】国家知识产权局商标局网站显示，华为已经申请注册“华为鸿蒙”商标，申请日期是2018年8月24日，注册公告日期是2019年5月14日。鸿蒙是中国传说中的一个时代，在混沌之前。后来，世人通常把“鸿蒙”比作远古时期。有些意外的是，华为的众多商标都出自《山海经》。L老板联播的秒拍视频 收起全文d\n", "author": "新浪新闻", "time": "新浪新闻2019年05月25日08:32 来自专业版微博平台", "transmit": " 转发 71", "comment": "评论 105", "zan": " 562"}, {"text": "\n                    【#华为已注册华为鸿蒙商标#：整本山海经都被华为注册了】国家知识产权局商标局网站显示，华为已经申请注册“华为鸿蒙”商标，申请日期是2018年8月24日，注册公告日期是2019年5月14日。鸿蒙是中国传说中的一个时代，在混沌之前。后来，世人通常把“鸿蒙”比作远古时期。有些意外的是，华为的众多商标都 ​  展开全文c \n                    【#华为已注册华为鸿蒙商标#：整本山海经都被华为注册了】国家知识产权局商标局网站显示，华为已经申请注册“华为鸿蒙”商标，申请日期是2018年8月24日，注册公告日期是2019年5月14日。鸿蒙是中国传说中的一个时代，在混沌之前。后来，世人通常把“鸿蒙”比作远古时期。有些意外的是，华为的众多商标都出自《山海经》。 L老板联播的秒拍视频 收起全文d\n", "author": "Vista看天下", "time": "Vista看天下2019年05月25日08:22 来自iPhone客户端", "transmit": " 转发 52", "comment": "评论 189", "zan": " 384"}, {"text": "\n                    【#华为已注册华为鸿蒙商标#：整本山海经都被华为注册了】国家知识产权局商标局网站显示，华为已经申请注册“华为鸿蒙”商标，申请日期是2018年8月24日，注册公告日期是2019年5月14日。鸿蒙是中国传说中的一个时代，在混沌之前。后来，世人通常把“鸿蒙”比作远古时期。有些意外的是，华为的众 ​  展开全文c \n                    【#华为已注册华为鸿蒙商标#：整本山海经都被华为注册了】国家知识产权局商标局网站显示，华为已经申请注册“华为鸿蒙”商标，申请日期是2018年8月24日，注册公告日期是2019年5月14日。鸿蒙是中国传说中的一个时代，在混沌之前。后来，世人通常把“鸿蒙”比作远古时期。有些意外的是，华为的众多商标都出自《山海经》。（老板联播） L老板联播的秒拍视频 收起全文d\n", "author": "环球网", "time": "环球网2019年05月25日08:27", "transmit": " 转发 99", "comment": "评论 85", "zan": " 585"}, {"text": "\n                    【#华为已注册华为鸿蒙商标#：整本山海经都被华为注册了】国家知识产权局商标局网站显示，华为已经申请注册“华为鸿蒙”商标，申请日期是2018年8月24日，注册公告日期是2019年5月14日。鸿蒙是中国传说中的一个时代，在混沌之前。后来，世人通常把“鸿蒙”比作远古时期。有些意外的是，华为的众 ​  展开全文c \n                    【#华为已注册华为鸿蒙商标#：整本山海经都被华为注册了】国家知识产权局商标局网站显示，华为已经申请注册“华为鸿蒙”商标，申请日期是2018年8月24日，注册公告日期是2019年5月14日。鸿蒙是中国传说中的一个时代，在混沌之前。后来，世人通常把“鸿蒙”比作远古时期。有些意外的是，华为的众多商标都出自《山海经》。L老板联播的秒拍视频 收起全文d\n", "author": "中国日报", "time": "中国日报2019年05月25日11:02 来自微博weibo.com", "transmit": " 转发 63", "comment": "评论 40", "zan": " 465"}, {"text": "\n                    【国家知识产权局：华为已注册华为鸿蒙商标】据国家知识产权局商标局网站显示，华为已经申请注册\"华为鸿蒙\"商标，并标注该商品可用于操作系统程序。当进一步搜索华为注册的商标时，还能查到\"鸿鹄\"、\"鸿雁\"、\"乾坤\"、\"昆仑\"等。网友纷纷表示：简直是注册了一整本中国神话L老板联播的秒拍视频 ​                ", "author": "紫光阁", "time": "紫光阁2019年05月25日10:32 来自紫宝宝的Android", "transmit": " 转发 330", "comment": "评论 375", "zan": " 1882"}, {"text": "\n                    【#华为已注册华为鸿蒙商标#：整本山海经都被华为注册了】国家知识产权局商标局网站显示，华为已经申请注册“华为鸿蒙”商标，申请日期是2018年8月24日，注册公告日期是2019年5月14日。鸿蒙是中国传说中的一个时代，在混沌之前。后来，世人通常把“鸿蒙”比作远古时期。有些意外的是，华为的众 ​  展开全文c \n                    【#华为已注册华为鸿蒙商标#：整本山海经都被华为注册了】国家知识产权局商标局网站显示，华为已经申请注册“华为鸿蒙”商标，申请日期是2018年8月24日，注册公告日期是2019年5月14日。鸿蒙是中国传说中的一个时代，在混沌之前。后来，世人通常把“鸿蒙”比作远古时期。有些意外的是，华为的众多商标都出自《山海经》。@老板联播 L老板联播的秒拍视频 收起全文d\n", "author": "每日经济新闻", "time": "每日经济新闻2019年05月25日08:31 来自搜狗高速浏览器", "transmit": " 转发 44", "comment": "评论 29", "zan": " 284"}, {"text": "\n                    在#贵阳数博会#上，360集团高级总经理梁志辉发表了题为 《基于Web技术构建下一代政企应用生态》的演讲，提出360会加大国产计算平台的产品研发投入，积极参与国内计算平台的生态建设，全力适配以#华为鸿蒙#为代表的新操作系统，以浏览器为载体打造新一代政企应用生态，给用户带来最优质的浏览器产品使用 ​  展开全文c \n                    在#贵阳数博会#上，360集团高级总经理梁志辉发表了题为 《基于Web技术构建下一代政企应用生态》的演讲，提出360会加大国产计算平台的产品研发投入，积极参与国内计算平台的生态建设，全力适配以#华为鸿蒙#为代表的新操作系统，以浏览器为载体打造新一代政企应用生态，给用户带来最优质的浏览器产品使用体验。 收起全文d\n", "author": "360安全浏览器", "time": "360安全浏览器2019年05月25日18:20 来自360安全浏览器", "transmit": " 转发 155", "comment": "评论 227", "zan": " 665"}, {"text": "\n#华为已注册华为鸿蒙商标#【华为注册整本山海经？这是专属中国人的终极浪漫！】国家知识产权局商标局网站显示，华为已经申请注册“华为鸿蒙”商标。纵览华为注册的产品，华为好像把整个山海经的神兽都注册下来了！朱雀、腾蛇、青牛、青玄、朱雀、当康、玄机、白虎、灵豸、饕餮…O超燃！华为几乎把整本《山海经》都注册了，这是属于中华的浪漫！ ​                ", "author": "21世纪经济报道", "time": "21世纪经济报道2019年05月25日17:45 来自21财经", "transmit": " 转发 89", "comment": "评论 1", "zan": " 121"}, {"text": "\n                    国外网友对华为的态度！ ​​​#华为已注册华为鸿蒙商标# ​                ", "author": "容嬷嬷不扎人", "time": "容嬷嬷不扎人2019年05月25日11:36", "transmit": " 转发 14", "comment": "评论 9", "zan": " 151"}, {"text": "\n华为的浪漫：注册了整本山海经 （证券日报）#华为已注册华为鸿蒙商标# ​                ", "author": "华尔街见闻APP", "time": "华尔街见闻APP2019年05月25日14:47", "transmit": " 转发 75", "comment": "评论 72", "zan": " 222"}, {"text": "\n#国学新青年# 鸿蒙，中国神话传说的远古时代，传说盘古在昆仑山开天辟地之前，世界是一团混沌的元气，这种自然的元气叫做鸿蒙，因此把那个时代称作鸿蒙时代，后来此一词也常被用来泛指称远古时代。但是从今天起，这个词有了新的意义：#华为鸿蒙操作系统# 横空出世。华为给自己的操作系统起这个名字再 ​  展开全文c \n#国学新青年# 鸿蒙，中国神话传说的远古时代，传说盘古在昆仑山开天辟地之前，世界是一团混沌的元气，这种自然的元气叫做鸿蒙，因此把那个时代称作鸿蒙时代，后来此一词也常被用来泛指称远古时代。但是从今天起，这个词有了新的意义：#华为鸿蒙操作系统# 横空出世。华为给自己的操作系统起这个名字再恰当不过了，不仅蕴含开天辟地之意，更透露出宽广的胸怀，不凡的视野。古诗文中每每出现这个词，无不气象开阔，大气磅礴，分享九句提前给这个新系统庆生，期待#华为# “指点开鸿蒙” 收起全文d\n", "author": "我不是小馨", "time": "我不是小馨2019年05月25日00:22 来自超期服役的iPhone7(土豪金)", "transmit": " 转发 18", "comment": "评论 4", "zan": " 69"}, {"text": "\n                    【国家知识产权局：#华为已注册华为鸿蒙商标#】据国家知识产权局商标局网站显示，华为已经申请注册“华为鸿蒙”商标，并标注该商品可用于操作系统程序。当进一步搜索华为注册的商标时，还能查到“鸿鹄”、“鸿雁”、“乾坤”、“昆仑”等。网友：简直是注册了一整本中国神话！L老板联播的秒拍视频 ​                ", "author": "央视网", "time": "央视网2019年05月25日09:21 来自搜狗高速浏览器", "transmit": " 转发 33", "comment": "评论 31", "zan": " 207"}, {"text": "\n                    在#贵阳数博会#上，360集团提出会加大国产计算平台的产品研发投入，积极参与国内计算平台的生态建设，全力适配以#华为鸿蒙#为代表的新操作系统，以浏览器为载体打造新一代政企应用生态，给用户带来最优质的浏览器产品使用体验。@360安全浏览器 ​                ", "author": "黑客师", "time": "黑客师2019年05月25日20:13 来自微博weibo.com", "transmit": " 转发 619", "comment": "评论 412", "zan": " 1059"}, {"text": "\n                    【#华为已注册华为鸿蒙商标#：整本山海经都被华为承包了】据国家知识产权局商标局网站显示，华为已经申请注册“华为鸿蒙”商标，申请日期是2018年8月24日，注册公告日期是2019年5月14日。鸿蒙是中国传说中的一个时代，后来世人通常把它比作远古时期。华为还将“鸿鹄”、“鸿雁”、“乾坤”、“昆 ​  展开全文c \n                    【#华为已注册华为鸿蒙商标#：整本山海经都被华为承包了】据国家知识产权局商标局网站显示，华为已经申请注册“华为鸿蒙”商标，申请日期是2018年8月24日，注册公告日期是2019年5月14日。鸿蒙是中国传说中的一个时代，后来世人通常把它比作远古时期。华为还将“鸿鹄”、“鸿雁”、“乾坤”、“昆仑”等商标都注册了，这些都出自《山海经》。 L老板联播的秒拍视频 收起全文d\n", "author": "虎嗅APP", "time": "虎嗅APP2019年05月25日08:57 来自iPhone客户端", "transmit": " 转发 33", "comment": "评论 61", "zan": " 259"}, {"text": "\n#华为已注册华为鸿蒙商标#  往短了说，华为现在的 EMUI 除了丑点用还是挺好用的，什么指关节截屏天际通无线投屏、各种 CPU GPU Turbo.....也不知道鸿蒙到时候会出什么新功能在上面鸿蒙之始 麒麟出世。据说华为把整本《山海经》都翻完了注册这些词。其实我建议你也可以翻一下短的发布会 ​  展开全文c \n#华为已注册华为鸿蒙商标#  往短了说，华为现在的 EMUI 除了丑点用还是挺好用的，什么指关节截屏天际通无线投屏、各种 CPU GPU Turbo.....也不知道鸿蒙到时候会出什么新功能在上面鸿蒙之始 麒麟出世。据说华为把整本《山海经》都翻完了注册这些词。其实我建议你也可以翻一下短的发布会也有好多词，比如刘涛，比如干翻......不行号要紧 收起全文d\n", "author": "短的发布会", "time": "短的发布会2019年05月25日21:11 来自微博weibo.com", "transmit": " 转发 8", "comment": "评论 172", "zan": " 227"}, {"text": "\n                    【#华为已注册华为鸿蒙商标#：整本山海经都被华为注册了】国家知识产权局商标局网站显示，华为已经申请注册“华为鸿蒙”商标，申请日期是2018年8月24日，注册公告日期是2019年5月14日。鸿蒙是中国传说中的一个时代，在混沌之前。后来，世人通常把“鸿蒙”比作远古时期。有些意外的是，华为的众 ​  展开全文c \n                    【#华为已注册华为鸿蒙商标#：整本山海经都被华为注册了】国家知识产权局商标局网站显示，华为已经申请注册“华为鸿蒙”商标，申请日期是2018年8月24日，注册公告日期是2019年5月14日。鸿蒙是中国传说中的一个时代，在混沌之前。后来，世人通常把“鸿蒙”比作远古时期。有些意外的是，华为的众多商标都出自《山海经》。L老板联播的秒拍视频 收起全文d\n", "author": "北京青年报", "time": "北京青年报2019年05月25日10:00 来自微博weibo.com", "transmit": " 转发 12", "comment": "评论 14", "zan": " 64"}, {"text": "\n#华为已注册华为鸿蒙商标#鸿蒙——终亥伏藏尚未生始一，此时，道为空寂。混沌渐有序，清高浊低，天地初分，因念念而生息。乾坤常颠倒，否泰复徒，维载处，唯凭虚，逆世势顺应天势为据，大化无我，道为心，行则义。 ​                ", "author": "荀夜羽", "time": "荀夜羽2019年05月25日12:26", "transmit": " 转发 54", "comment": "评论 21", "zan": " 478"}, {"text": "\n#华为已注册华为鸿蒙商标#原来华为在国外的广告这么好看！终于知道为什么华为卖那么好了！华为，加油！ L把酒先生的微博视频 ​                ", "author": "把酒先生", "time": "把酒先生2019年05月25日11:36", "transmit": " 转发 50", "comment": "评论 18", "zan": " 175"}, {"text": "\n                    【#华为已注册华为鸿蒙商标#：整本山海经都被华为注册了】国家知识产权局商标局网站显示，华为已经申请注册“华为鸿蒙”商标，申请日期是2018年8月24日，注册公告日期是2019年5月14日。鸿蒙是中国传说中的一个时代，在混沌之前。后来，世人通常把“鸿蒙”比作远古时期。有些意外的是，华为的众 ​  展开全文c \n                    【#华为已注册华为鸿蒙商标#：整本山海经都被华为注册了】国家知识产权局商标局网站显示，华为已经申请注册“华为鸿蒙”商标，申请日期是2018年8月24日，注册公告日期是2019年5月14日。鸿蒙是中国传说中的一个时代，在混沌之前。后来，世人通常把“鸿蒙”比作远古时期。有些意外的是，华为的众多商标都出自《山海经》。 L老板联播的秒拍视频 收起全文d\n", "author": "电商知识", "time": "电商知识2019年05月25日14:42 来自iPhone6s", "transmit": " 转发 21", "comment": "评论 40", "zan": " 189"}, {"text": "\n#华为已注册华为鸿蒙商标#有关鸿蒙，很多人只知道山海经，鸿蒙究竟意味着什么？这个文章值得一看：O一个伟大的时代，一个孕育无限可能的鸿蒙时代，已悄然降临 ​                ", "author": "唐有讼", "time": "唐有讼2019年05月25日20:47 来自法律门前的iPhone客户端", "transmit": " 转发 37", "comment": "评论 34", "zan": " 234"}, {"text": "\n#华为已注册华为鸿蒙商标#华为的手机芯片,取名叫“麒麟”;华为的基带芯片,取名叫“巴龙”;华为的服务器芯片,取名叫“鲲鹏”;华为的服务器平台,取名叫“泰山”华为的路由器芯片,取名叫“凌霄”;华为的人工智能芯片,取名叫“昇腾”;华为的操作系统,取名叫“鸿蒙”。 怎么一股浓浓的“修真科技”, ​  展开全文c \n#华为已注册华为鸿蒙商标#华为的手机芯片,取名叫“麒麟”;华为的基带芯片,取名叫“巴龙”;华为的服务器芯片,取名叫“鲲鹏”;华为的服务器平台,取名叫“泰山”华为的路由器芯片,取名叫“凌霄”;华为的人工智能芯片,取名叫“昇腾”;华为的操作系统,取名叫“鸿蒙”。 怎么一股浓浓的“修真科技”,还有一点点古风味道的赛博朋克感 收起全文d\n", "author": "桃桃乌龙qwq", "time": "桃桃乌龙qwq2019年05月25日08:48", "transmit": " 转发 34", "comment": "评论 15", "zan": " 151"}, {"text": "\n#华为已注册华为鸿蒙商标#：整本山海经都被华为注册了】国家知识产权局商标局网站显示，华为已经申请注册“华为鸿蒙”商标，申请日期是2018年8月24日，注册公告日期是2019年5月14日。鸿蒙是中国传说中的一个时代，在混沌之前。后来，世人通常把“鸿蒙”比作远古时期。有些意外的是，华为的众多 ​  展开全文c \n#华为已注册华为鸿蒙商标#：整本山海经都被华为注册了】国家知识产权局商标局网站显示，华为已经申请注册“华为鸿蒙”商标，申请日期是2018年8月24日，注册公告日期是2019年5月14日。鸿蒙是中国传说中的一个时代，在混沌之前。后来，世人通常把“鸿蒙”比作远古时期。有些意外的是，华为的众多商标都出自《山海经》。@老板联播L老板联播的秒拍视频（来源：新浪财经） 收起全文d\n", "author": "中国经营报", "time": "中国经营报2019年05月25日09:20 来自微博weibo.com", "transmit": " 转发 14", "comment": "评论 25", "zan": " 52"}, {"text": "\n#热点#【#华为已注册华为鸿蒙商标#：整本山海经都被华为注册了】国家知识产权局商标局网站显示，华为已经申请注册“华为鸿蒙”商标，申请日期是2018年8月24日，注册公告日期是2019年5月14日。鸿蒙是中国传说中的一个时代，在混沌之前。后来，世人通常把“鸿蒙”比作远古时期。有些意外的是，华 ​  展开全文c \n#热点#【#华为已注册华为鸿蒙商标#：整本山海经都被华为注册了】国家知识产权局商标局网站显示，华为已经申请注册“华为鸿蒙”商标，申请日期是2018年8月24日，注册公告日期是2019年5月14日。鸿蒙是中国传说中的一个时代，在混沌之前。后来，世人通常把“鸿蒙”比作远古时期。有些意外的是，华为的众多商标都出自《山海经》。@老板联播 L老板联播的秒拍视频 收起全文d\n", "author": "鼓楼微讯", "time": "鼓楼微讯2019年05月25日10:06 来自iPhone客户端", "transmit": " 转发 210", "comment": "评论 69", "zan": " 3"}, {"text": "\n                    【自研操作系统：#华为已注册鸿蒙商标#】国家知识产权局商标局网站显示，华为已经注册了“华为鸿蒙”商标，之前有消息称华为自研操作系统将会被命名为“鸿蒙” 。申请日期是2018年8月24日，注册公告日期是2019年5月14日，专用权限期2019年5月14日到2029年5月13日。 ​如果出来了，你们会用吗？ ​                ", "author": "IT互联网那点事", "time": "IT互联网那点事2019年05月25日09:52", "transmit": " 转发 230", "comment": "评论 406", "zan": " 840"}, {"text": "\n#华为已注册华为鸿蒙商标#鸿蒙之始 麒麟出世 鲲鹏化凤 巴龙腾飞 中华有为 荣耀辉煌   ​​​华为鸿蒙，这是要开天辟地啊！华为加油！ ​                ", "author": "果仁儿科技", "time": "果仁儿科技2019年05月25日08:46", "transmit": " 转发 5", "comment": "评论 27", "zan": " 271"}, {"text": "\n                    【国家知识产权局：华为已注册华为鸿蒙商标】据国家知识产权局商标局网站显示，华为已经申请注册“华为鸿蒙”商标，并标注该商品可用于操作系统程序。当进一步搜索华为注册的商标时，还能查到“鸿鹄”、“鸿雁”、“乾坤”、“昆仑”等。网友：简直是注册了一整本中国神话！L老板联播的秒拍视频（via ​  展开全文c \n                    【国家知识产权局：华为已注册华为鸿蒙商标】据国家知识产权局商标局网站显示，华为已经申请注册“华为鸿蒙”商标，并标注该商品可用于操作系统程序。当进一步搜索华为注册的商标时，还能查到“鸿鹄”、“鸿雁”、“乾坤”、“昆仑”等。网友：简直是注册了一整本中国神话！L老板联播的秒拍视频（via@老板联播 ） 收起全文d\n", "author": "都市快报", "time": "都市快报2019年05月25日09:13 来自微博weibo.com", "transmit": " 转发 7", "comment": "评论 15", "zan": " 38"}]