[{"text": "\n                    荣耀智慧屏的一个中评，被教育说，要理解华为鸿蒙OS生态不完整，还有直接说人黑的。一个花钱的不满意，被一群没花钱的说，理解万岁 ​                ", "author": "科技圈", "time": "科技圈2019年08月20日16:54", "transmit": " 转发 4", "comment": "评论 43", "zan": " 86"}, {"text": "\n                    【美国加强禁运对华为影响几何？】美国5月将华为主体和68家相关企业列入事实上的禁运名单。此次，又新列入了46家相关企业。华为已发布自主操作系统“鸿蒙”，也在推进半导体自主开发。不过，迅速实现媲美安卓和相关服务的水平并非易事…… O美国加强禁运对华为影响几何？ ​                ", "author": "日经中文网", "time": "日经中文网2019年08月20日10:09 来自微博weibo.com", "transmit": " 转发 16", "comment": "评论 7", "zan": " 9"}, {"text": "\n华为宣布9月6日有大动作：欲发布麒麟旗舰处理器 领先苹果高通 评 还要发布鸿蒙代码 这样 中国所有的程序员就会加速度搞生态 L华为宣布9月6日有大动作：欲发布麒麟旗舰处理器 领先苹果高通 ​                ", "author": "义勇军--鬼谷子", "time": "义勇军--鬼谷子2019年08月20日18:44 来自优酷土豆", "transmit": " 转发 25", "comment": "评论 34", "zan": " 210"}]