[{"text": "\n                    大家认为华为的鸿蒙能干过IOS和安卓吗？ 你认为鸿蒙系统能干过IOS和安卓吗 ​                ", "author": "科技新一", "time": "科技新一2019年08月13日08:58", "transmit": " 转发 64", "comment": "评论 454", "zan": " 29292"}, {"text": "\n                    业内程序员对华为鸿蒙操作系统的看法。作者/大飞码字 ​                ", "author": "B总大都督", "time": "B总大都督2019年08月13日09:19 来自来去之间送的会员", "transmit": " 转发 169", "comment": "评论 35", "zan": " 211"}, {"text": "\n#鸿蒙系统手机或年底推出#【华为或年底推出搭载鸿蒙操作系统的手机 你期待吗？】13日，@21世纪经济报道 记者从接近华为人士处获悉，华为可能会在今年底推出搭载鸿蒙系统的中低端智能手机。目前第一批搭载鸿蒙的主要是手机外的智能设备，比如手表、大屏。而在手机上，华为第一选择还是谷歌的安卓操作系 ​  展开全文c \n#鸿蒙系统手机或年底推出#【华为或年底推出搭载鸿蒙操作系统的手机 你期待吗？】13日，@21世纪经济报道 记者从接近华为人士处获悉，华为可能会在今年底推出搭载鸿蒙系统的中低端智能手机。目前第一批搭载鸿蒙的主要是手机外的智能设备，比如手表、大屏。而在手机上，华为第一选择还是谷歌的安卓操作系统，余承东表示，“我们还是考虑支持谷歌的生态，支持合作伙伴。如果一直用不了的话，那就要启用自己的（操作系统）。” O华为或年底推出搭载鸿蒙操作系统的手机 收起全文d\n", "author": "财经网", "time": "财经网2019年08月13日22:05 来自微博weibo.com", "transmit": " 转发 47", "comment": "评论 325", "zan": " 1980"}, {"text": "\n                    【随时取代安卓！“鸿蒙”出世，概念股会飞吗？】上周末，华为公司发布了鸿蒙操作系统，并且宣布鸿蒙系统将对全球开源。鸿蒙OS将作为华为迎接全场景体验时代到来的产物，发挥其轻量化、小巧、功能强大的优势，率先应用在智能手表、智慧屏、车载设备、智能音箱等智能终端上，着力构建一个跨终端的融合共 ​  展开全文c \n                    【随时取代安卓！“鸿蒙”出世，概念股会飞吗？】上周末，华为公司发布了鸿蒙操作系统，并且宣布鸿蒙系统将对全球开源。鸿蒙OS将作为华为迎接全场景体验时代到来的产物，发挥其轻量化、小巧、功能强大的优势，率先应用在智能手表、智慧屏、车载设备、智能音箱等智能终端上，着力构建一个跨终端的融合共享生态。由此，大家可能会联想到A股市场上的华为概念股。根据WIND资讯的统计，截至昨天，95家与华为概念相关的上市公司中，有12家公司公布了半年报业绩，其中，9家公司业绩出现增长，另有47家公司发布了半年报业绩预告，其中预增、略增、续盈以及扭亏公司合计有26家，这样在已经明确业绩的华为概念相关上市公司中，业绩预喜的比例接近六成。 L央视财经的微博视频 收起全文d\n", "author": "央视财经", "time": "央视财经2019年08月13日12:00 来自财经·视频社区", "transmit": " 转发 56", "comment": "评论 49", "zan": " 228"}, {"text": "\n                    推广转基因，狂黑“中医“，推特唱衰华为。#华为正式发布鸿蒙##华为鸿蒙# 方大骗除了痛骂动了它利益的杨小骗，还干过啥人事儿？ ​                ", "author": "马延明", "time": "马延明2019年08月13日18:35", "transmit": " 转发 54", "comment": "评论 72", "zan": " 394"}, {"text": "\n华为鸿蒙之所以大家叫好，一来是因为的确有创新，比如微内核架构，而不是宏内核。二来本身华为硬件综合能力已经数一数二。这跟当初阿里做阿里云OS完全不同，不能单纯理解为受益中美毛衣战。卡哥呼吁过很久要出自己的操作系统，阿里急于求成未能坚持，腾讯醉心微信胸无大志。幸好还有华为默默坚持。    ​  展开全文c \n华为鸿蒙之所以大家叫好，一来是因为的确有创新，比如微内核架构，而不是宏内核。二来本身华为硬件综合能力已经数一数二。这跟当初阿里做阿里云OS完全不同，不能单纯理解为受益中美毛衣战。卡哥呼吁过很久要出自己的操作系统，阿里急于求成未能坚持，腾讯醉心微信胸无大志。幸好还有华为默默坚持。     顺便说下阿里，做硬件一直很搞笑，用补贴终端的方式搞云os没成，还用同样方法搞智能音响，估计都是为了给马老板汇报：看，我们虽然没赚钱，但赚了辣么多用户。其实这些能被补贴的破烂玩意就如流星划过，很快进了垃圾桶，压根称不上用户，只是用过。 2新疆维吾尔自治区·巴音郭楞蒙古自治州 收起全文d\n", "author": "摩卡", "time": "摩卡2019年08月13日10:35", "transmit": " 转发 20", "comment": "评论 104", "zan": " 306"}, {"text": "\n                    【腾讯回应工程师吐槽华为鸿蒙系统】针对“腾讯工程师吐槽华为鸿蒙系统”一事，腾讯方面回应称，近日，有自媒体发布“腾讯工程师吐槽华为鸿蒙系统”一系列相关文章。这些文章内容存在信息失实。经核实，认证为“腾讯工程师”的知乎用户“GC雪球兔”并非腾讯在职员工，已于2018年8月从腾讯公司离职。 ​                ", "author": "月光博客", "time": "月光博客2019年08月13日12:16 来自微博weibo.com", "transmit": " 转发 32", "comment": "评论 312", "zan": " 1125"}, {"text": "\n                    【开物成务，鸿蒙操作系统全景解构】借助鸿蒙，华为将成“5G+IoT时代的苹果”。苹果曾是3G、4G移动互联网时代成长的新兴巨头，回顾苹果的崛起路程，在生态、硬件、先发优势+持续创新三方面体现优势。产业互联网新蓝海下，“华为之于物联网”可类比“苹果之于移动互联网”：（1）生态，鸿蒙与方舟编译器 ​  展开全文c \n                    【开物成务，鸿蒙操作系统全景解构】借助鸿蒙，华为将成“5G+IoT时代的苹果”。苹果曾是3G、4G移动互联网时代成长的新兴巨头，回顾苹果的崛起路程，在生态、硬件、先发优势+持续创新三方面体现优势。产业互联网新蓝海下，“华为之于物联网”可类比“苹果之于移动互联网”：（1）生态，鸿蒙与方舟编译器将开源，拥抱海量开发者；（2）硬件，华为拥有强大ICT硬件基因，已推出从底层硬件到中间件、操作系统，再到到编译工具、应用软件的全栈软硬件方案。（3）先发优势+持续创新，华为5G核心优势+鸿蒙前身LiteOS拥有丰富商用经验。（申万宏源 朱型檑、唐宗其、李国盛）O网页链接 收起全文d\n", "author": "新财富杂志", "time": "新财富杂志2019年08月13日19:37 来自iPhone8Plus", "transmit": " 转发 25", "comment": "评论 12", "zan": " 56"}, {"text": "\n                    业内程序员对华为鸿蒙操作系统的看法。作者/大飞码字 ​​​@魔法师蛋小丁 DC教主来谈谈，他说的对吗？ ​                ", "author": "韶倾覆华", "time": "韶倾覆华2019年08月13日09:22 来自HUAWEIMate20Pro", "transmit": " 转发 222", "comment": "评论 65", "zan": " 360"}, {"text": "\n                    【钱昌明：“华为鸿蒙”说明了什么？——毛主席的“自力更生”思想是对】O网页链接  治国也好，理家也罢，只要是想干事业，道理其实都是一样的。是立足自身，靠“自力更生”？还是只想着依靠外力？本次“华为鸿蒙”再一次证明：毛主席的“自力更生”思想是对的！ O网页链接 ​                ", "author": "察网中国", "time": "察网中国2019年08月13日17:40 来自微博weibo.com", "transmit": " 转发 68", "comment": "评论 12", "zan": " 63"}, {"text": "\n 我特别看好的华为鸿蒙系统，未来有可能颠覆在4G时代风生水起的安卓系统。物联网时代要来了，所以华为鸿蒙系统的深入研究，我相信其中一定会产生伟大的公司。添加【V信号：c112607】领取研报 一直以来比较注重并购重组，现在在新科技领域瞄准的方向 ​  展开全文c \n 我特别看好的华为鸿蒙系统，未来有可能颠覆在4G时代风生水起的安卓系统。物联网时代要来了，所以华为鸿蒙系统的深入研究，我相信其中一定会产生伟大的公司。添加【V信号：c112607】领取研报 一直以来比较注重并购重组，现在在新科技领域瞄准的方向，我认为组合里面纳入鸿蒙系统相关上市公司优质的品种。 收起全文d\n", "author": "赵哥股道", "time": "赵哥股道2019年08月13日16:13 来自微博weibo.com", "transmit": " 转发 276", "comment": "评论 499", "zan": " 666"}, {"text": "\n                    不要遇到一点困难，就悲观，不要遇到一点挑战，就想投降，投降没有出路，只会被人蹂躏。要敢于亮剑，提刀跨马杀敌。——任正非 #意林小语# #华为正式发布鸿蒙# ​                ", "author": "意林杂志", "time": "意林杂志2019年08月13日15:00 来自微博weibo.com", "transmit": " 转发 38", "comment": "评论 5", "zan": " 212"}, {"text": "\n                    【鸿蒙问世，前途几何】华为鸿蒙操作系统问世。惊叹之余，众人都对这个问题感兴趣：华为基于为物联网IOT做准备的新举措，亮点十足。但是这个系统，目前还最受关注的智能手机上，到底具有多少全球竞争力呢？听听中美技术大咖的判断 LCGTNWorldInsight的秒拍视频 ​                ", "author": "田薇_TianWei", "time": "田薇_TianWei2019年08月13日18:12 来自iPhone7Plus", "transmit": " 转发 16", "comment": "评论 2", "zan": " 36"}, {"text": "\n#华为正式发布鸿蒙# 发布了头条文章：《【风声】鸿蒙出世 万物新生》 期待一个基于5G和鸿蒙的新世界，为中国和全人类造福。 O【风声】鸿蒙出世 万物新生 ​                ", "author": "DS北风", "time": "DS北风2019年08月13日07:55 来自微博weibo.com", "transmit": " 转发 49", "comment": "评论 21", "zan": " 116"}, {"text": "\n                    【华为鸿蒙发布，核心受益标的梳理！】鸿蒙出世：华为对外正式发布了操作系统——鸿蒙：一个基于微内核、面向全场景的分布式操作系统（手机、平板、电脑、手表、智能家居等）。鸿蒙作为独立于安卓、 IOS、以及 Windows 这类稳定通用的操作系统，其需要形成自身的完善的生态系统才能在未来具备更好 ​  展开全文c \n                    【华为鸿蒙发布，核心受益标的梳理！】鸿蒙出世：华为对外正式发布了操作系统——鸿蒙：一个基于微内核、面向全场景的分布式操作系统（手机、平板、电脑、手表、智能家居等）。鸿蒙作为独立于安卓、 IOS、以及 Windows 这类稳定通用的操作系统，其需要形成自身的完善的生态系统才能在未来具备更好的市场竞争力。“农村包围城市”的战略：前期华为将会避开手机OS竞争市场，但会从各类IOT终端设备上 不断拓展，做到“农村包围城市”的战略，同时在该期间不断积累生态应用。华为将会对鸿蒙OS开源，推动其操作系统生态的布局以及完善，吸引更多开发者的参与。1、半导体产业链：看好存储、模拟、功率、FPGA、射频等领域核心标的，有望打开华为加速完善备货、建立非A供应体系的关键窗口期。1）材料：兴森科技、石英股份、 中环股份；2）设备：长川科技、北方华创、精测电子；3）设计：紫光国微、汇顶科技、景嘉微、博通集成、中颖电子4）封测：华天科技、长电科技；5）存储：兆易创新、北京君正；光学芯片：韦尔股份；模拟芯片：圣邦股份；射频：卓胜微、三安光电；IDM：闻泰科技、士兰微。2、5G产业链（PCB）：基站侧是第一个完成去A化的业务端口，以5G为发展方向的PCB核心标的最受益，同时5G时代来临时驱动对于消费终端内部PCB的新需求。头部标的：鹏鼎控股、生益科技、深南电路、沪电股份、景旺电子、 东山精密、兴森科技、弘信电子、崇达技术、胜宏科技。3、消费电子产业链：华为“备胎计划”+华为出货量上修（乐观预测手机出货量或将达到2.6亿部）。（1）连接器及天线：立讯精密、电连技术、信维通信、硕贝德、 意华股份；（2）光学：联创电子、水晶光电；（3）被动元器件：火炬电子、顺络电子、 三环集团。（国盛证券） 收起全文d\n", "author": "水晶球财经网", "time": "水晶球财经网2019年08月13日20:29 来自360安全浏览器", "transmit": " 转发 25", "comment": "评论 ", "zan": " 10"}, {"text": "\n                    ●推荐｜余承东和王成录回答鸿蒙十大疑云实录:人都是被逼出来的——带你完整了解鸿蒙OS的来龙去脉和未来野心！#华为##华为鸿蒙# ​                ", "author": "建华Wei业", "time": "建华Wei业2019年08月13日08:36 来自HUAWEIMate20Pro", "transmit": " 转发 23", "comment": "评论 15", "zan": " 75"}, {"text": "\n                    8月9日，#华为正式发布鸿蒙#，@央视新闻 一张图带你了解鸿蒙系统强在哪儿！ ​                ", "author": "福布斯中文网", "time": "福布斯中文网2019年08月13日17:21 来自专业版微博", "transmit": " 转发 17", "comment": "评论 16", "zan": " 84"}, {"text": "\n                    【继鸿蒙之后！华为正式进军地图服务！】 孙子兵法有云，攻其无备，出其不意。正当大家还在热烈讨论鸿蒙OS之时，华为却突然间又放出了一个大招。就在8月10日，在华为开发者大会的第二天，华为消费者业务云服务总裁张平安正式确认，华为将会进军地图领域，并且会在今年10月份之前，发布地图服务Map Kit ​  展开全文c \n                    【继鸿蒙之后！华为正式进军地图服务！】 孙子兵法有云，攻其无备，出其不意。正当大家还在热烈讨论鸿蒙OS之时，华为却突然间又放出了一个大招。就在8月10日，在华为开发者大会的第二天，华为消费者业务云服务总裁张平安正式确认，华为将会进军地图领域，并且会在今年10月份之前，发布地图服务Map Kit。那么，华为Map Kit和我们平常使用到的地图相比，又有何特别之处？ O继鸿蒙之后！华为正式进军地图服务！ 收起全文d\n", "author": "电商报", "time": "电商报2019年08月13日09:06 来自微博weibo.com", "transmit": " 转发 118", "comment": "评论 16", "zan": " 44"}, {"text": "\n                    【腾讯回应工程师吐槽华为鸿蒙系统】针对“腾讯工程师吐槽华为鸿蒙系统”一事，腾讯方面回应称，近日，有自媒体发布“腾讯工程师吐槽华为鸿蒙系统”一系列相关文章。这些文章内容存在信息失实。经核实，认证为“腾讯工程师”的知乎用户“GC雪球兔”并非腾讯在职员工，已于2018年8月从腾讯公司离职。 ​  展开全文c \n                    【腾讯回应工程师吐槽华为鸿蒙系统】针对“腾讯工程师吐槽华为鸿蒙系统”一事，腾讯方面回应称，近日，有自媒体发布“腾讯工程师吐槽华为鸿蒙系统”一系列相关文章。这些文章内容存在信息失实。经核实，认证为“腾讯工程师”的知乎用户“GC雪球兔”并非腾讯在职员工，已于2018年8月从腾讯公司离职。 ​​​ 收起全文d\n", "author": "云财经", "time": "云财经2019年08月13日19:53 来自Android客户端", "transmit": " 转发 10", "comment": "评论 61", "zan": " 218"}, {"text": "\n                    视频第一段在PC上操作手机，是真的有东西。 2北京·北京昆泰酒店 L程远Cherio的微博视频 ​                ", "author": "程远Cherio", "time": "程远Cherio2019年08月13日17:58 来自iPhoneXSMax", "transmit": " 转发 19", "comment": "评论 23", "zan": " 59"}, {"text": "\n                    【随时取代安卓！“鸿蒙”出世，概念股会飞吗？】上周末，华为公司发布了鸿蒙操作系统，并且宣布鸿蒙系统将对全球开源。鸿蒙OS将作为华为迎接全场景体验时代到来的产物，发挥其轻量化、小巧、功能强大的优势，率先应用在智能手表、智慧屏、车载设备、智能音箱等智能终端上，着力构建一个跨终端的融合共 ​  展开全文c \n                    【随时取代安卓！“鸿蒙”出世，概念股会飞吗？】上周末，华为公司发布了鸿蒙操作系统，并且宣布鸿蒙系统将对全球开源。鸿蒙OS将作为华为迎接全场景体验时代到来的产物，发挥其轻量化、小巧、功能强大的优势，率先应用在智能手表、智慧屏、车载设备、智能音箱等智能终端上，着力构建一个跨终端的融合共享生态。由此，大家可能会联想到A股市场上的华为概念股。根据WIND资讯的统计，截至昨天，95家与华为概念相关的上市公司中，有12家公司公布了半年报业绩，其中，9家公司业绩出现增长，另有47家公司发布了半年报业绩预告，其中预增、略增、续盈以及扭亏公司合计有26家，这样在已经明确业绩的华为概念相关上市公司中，业绩预喜的比例接近六成。L央视财经的微博视频 收起全文d\n", "author": "新浪证券", "time": "新浪证券2019年08月13日14:01 来自财经·视频社区", "transmit": " 转发 14", "comment": "评论 30", "zan": " 82"}, {"text": "\n『华为发布会: 牛逼鸿蒙，吹水的大会』O华为发布会: 牛逼鸿蒙，吹水的大会 ​                ", "author": "搞机Time", "time": "搞机Time2019年08月13日09:16 来自OnePlus7Pro", "transmit": " 转发 35", "comment": "评论 59", "zan": " 373"}, {"text": "\n                    【腾讯工程师吐槽鸿蒙系统，官方回应：非在职员工 】 华为正式发布自主开发的操作系统鸿蒙。随后有知乎认证为腾讯工程师的用户称，“国产操作系统骗钱这个老套路没想到再9102年还能行得通……真不愧是华为”。腾讯回应，并非腾讯在职员工，已于 2018 年8月从腾讯公司离职！ O腾讯工程师吐槽鸿蒙系统，官方回应：非在职员工 ​                ", "author": "电商品牌报", "time": "电商品牌报2019年08月13日10:52 来自微博weibo.com", "transmit": " 转发 120", "comment": "评论 281", "zan": " 1115"}, {"text": "\n                    【外媒：华为又推里程碑式“黑科技” 无缝融合虚拟现实】新加坡《联合早报》：继鸿蒙操作系统与荣耀智慧屏后，华为宣布明年年底将在1000个地点推出“黑科技”Cyberverse的体验服务。Cyberverse无缝融合虚拟与现实，为用户带来全新的交互体验。O网页链接 ​                ", "author": "参考消息", "time": "参考消息2019年08月13日13:00 来自微博weibo.com", "transmit": " 转发 28", "comment": "评论 15", "zan": " 144"}, {"text": "\n                    小编我要正告某些人 鸿蒙已经开源 而华为是不是诈骗 等华为发布源代码之后 你们去一看便知 千万不要再信口开河 看不起我们中国人搞的东西 ​                ", "author": "义勇军--鬼谷子", "time": "义勇军--鬼谷子2019年08月13日19:17 来自微博weibo.com", "transmit": " 转发 14", "comment": "评论 39", "zan": " 101"}, {"text": "\n                    和CEO聊几句对于鸿蒙系统的看法，他有个说法我非常同意，鸿蒙系统最大的机会就是信心，大量的开发者看华为的手机在高速度增长，而且用户还偏中高端，一个新系统当然愿意冲进来开发应用，寻找新的机会，只要在鸿蒙系统开发应用能获利，当然会有更多的开发者冲进来。那些曾经是中国人的美国人为什么唱衰 ​  展开全文c \n                    和CEO聊几句对于鸿蒙系统的看法，他有个说法我非常同意，鸿蒙系统最大的机会就是信心，大量的开发者看华为的手机在高速度增长，而且用户还偏中高端，一个新系统当然愿意冲进来开发应用，寻找新的机会，只要在鸿蒙系统开发应用能获利，当然会有更多的开发者冲进来。那些曾经是中国人的美国人为什么唱衰退鸿蒙，他们精神内核就是不相信中国的，对中国没有信心，所以只要中国的技术、企业他们都持怀疑态度，也正是这种态度让他们逐渐成为失败者。 收起全文d\n", "author": "飞象网项立刚", "time": "飞象网项立刚2019年08月13日11:55 来自HUAWEIMate20X5G", "transmit": " 转发 80", "comment": "评论 76", "zan": " 452"}, {"text": "\n                    【评论丨鸿蒙将是中国开源软件走向世界的起点】 华为所构建的是“开源系统、开放标准、开放生态”三位一体的开源开放体系，直接针对的恰恰是软硬件结合的核心技术，这也可能成为酝酿中的中国开源社区之重大意义所在。O评论丨鸿蒙将是中国开源软件走向世界的起点 ​                ", "author": "21世纪经济报道", "time": "21世纪经济报道2019年08月13日09:36 来自21财经", "transmit": " 转发 23", "comment": "评论 21", "zan": " 92"}, {"text": "\n                    【钱昌明：“华为事件”说明了什么？——毛主席的“自力更生”思想正确】O网页链接   8月9日，华为高层在东莞松山湖举行发布会，正式宣布：即日起，推出自有操作系统——鸿蒙，明年将推出鸿蒙2.0，后年推出3.0。考虑到手机生态的原因，华为支持谷歌的安卓生态，会优先使用安卓系统。如果安 ​  展开全文c \n                    【钱昌明：“华为事件”说明了什么？——毛主席的“自力更生”思想正确】O网页链接   8月9日，华为高层在东莞松山湖举行发布会，正式宣布：即日起，推出自有操作系统——鸿蒙，明年将推出鸿蒙2.0，后年推出3.0。考虑到手机生态的原因，华为支持谷歌的安卓生态，会优先使用安卓系统。如果安卓生态系统无法使用了，就随时可以启用华为鸿蒙OS。这一宣布表明，华为技术将不再受制于人！它彻底粉碎了特朗普妄图遏制、扼杀华为发展的“禁令”。美国霸权主义用尽“吃奶”力气，从最初污蔑华为搞间谍活动，到全方位打压、围剿华为一年有余，最终以彻底失败告终。 O网页链接 收起全文d\n", "author": "察网中国", "time": "察网中国2019年08月13日17:33 来自微博weibo.com", "transmit": " 转发 11", "comment": "评论 10", "zan": " 44"}]