[{"text": "\n华为全新的鸿蒙操作系统才比安卓快了60%，一些厂商的安卓UI随便一优化就比原生安卓快300%，我不禁陷入了沉思。 ​                ", "author": "魔法师蛋小丁", "time": "魔法师蛋小丁2019年07月08日07:46 来自OnePlus7Pro", "transmit": " 转发 36", "comment": "评论 254", "zan": " 1779"}, {"text": "\n                    【华为将在8月9日全球开发者大会上公布鸿蒙系统】据凤凰网科技获悉，下个月华为全球开发者大会上，华为终端将揭开“鸿蒙”的神秘面纱。之前余承东称，“如果安卓应用重新编译，在这套操作系统上，运行性能提升超过60%”。他表示，这套系统打通了手机、电脑、平板、电视、汽车和智能穿戴等设备，统一 ​  展开全文c \n                    【华为将在8月9日全球开发者大会上公布鸿蒙系统】据凤凰网科技获悉，下个月华为全球开发者大会上，华为终端将揭开“鸿蒙”的神秘面纱。之前余承东称，“如果安卓应用重新编译，在这套操作系统上，运行性能提升超过60%”。他表示，这套系统打通了手机、电脑、平板、电视、汽车和智能穿戴等设备，统一成一个操作系统，兼容全部安卓应用和所有Web应用。前几天华为公司创始人、CEO任正非在接受外媒采访时进一步表示，“鸿蒙”系统本身并不是为手机而设计，是为了物联网来做的。 #华为# #鸿蒙系统# 收起全文d\n", "author": "Eva的科技生活", "time": "Eva的科技生活2019年07月08日18:50 来自iPhone客户端", "transmit": " 转发 18", "comment": "评论 59", "zan": " 220"}, {"text": "\n                    【华为自研鸿蒙系统进一步消息！或将在8月9日正式公布】凤凰科技消息，华为将在2019年开发者大会上（8月9日开始）对鸿蒙进行较系统讲解，以此来吸引开发者，从而为打造完整的生态努力。这是华为有史以来规模最大的开发者大会，本次邀请1500位合作伙伴、5000名全球开发者，期待鸿蒙发布！#华为# ​                ", "author": "建华Wei业", "time": "建华Wei业2019年07月08日19:16 来自手机超话", "transmit": " 转发 38", "comment": "评论 157", "zan": " 188"}, {"text": "\n                    【任正非：华为操作系统鸿蒙将比安卓速度快60％】据《人民日报》报道，华为董事长任正非7月4日登上了法国著名新闻周刊《观点》，谈及鸿蒙系统，任正非表示，“该系统的处理延迟小于5毫秒。它将完美地适应物联网，还能够应用于自动驾驶。”当被问到“鸿蒙操作系统是不是比谷歌的安卓（Android）或是苹 ​  展开全文c \n                    【任正非：华为操作系统鸿蒙将比安卓速度快60％】据《人民日报》报道，华为董事长任正非7月4日登上了法国著名新闻周刊《观点》，谈及鸿蒙系统，任正非表示，“该系统的处理延迟小于5毫秒。它将完美地适应物联网，还能够应用于自动驾驶。”当被问到“鸿蒙操作系统是不是比谷歌的安卓（Android）或是苹果的Mac OS X系统更快？“这一问题时，任正非谨慎地给出答案：“很有可能”， 并给出了一份技术方面的论据，根据之前的一份报告，华为的操作系统比安卓速度快60％。根据全球网站通信流量监测机构Statcounter数据，截至2019年4月，在移动端操作系统中，谷歌Android系统占74.85%、苹果iOS占22.94%，其余平台占比都不超过1%。 收起全文d\n", "author": "界面新闻", "time": "界面新闻2019年07月08日09:00 来自微博weibo.com", "transmit": " 转发 23", "comment": "评论 75", "zan": " 273"}, {"text": "\n                    【#华为8月9日发布鸿蒙系统# :能比安卓快60%？】据凤凰网科技获悉，下个月华为全球开发者大会上（8月9日-8月11日），华为终端将揭开“鸿蒙”的神秘面纱。华为消费者业务CEO余承东曾称，“如果安卓应用重新编译，在这套操作系统上，运行性能提升超过60%”。他表示，这套系统打通了手机、电脑、平板、 ​  展开全文c \n                    【#华为8月9日发布鸿蒙系统# :能比安卓快60%？】据凤凰网科技获悉，下个月华为全球开发者大会上（8月9日-8月11日），华为终端将揭开“鸿蒙”的神秘面纱。华为消费者业务CEO余承东曾称，“如果安卓应用重新编译，在这套操作系统上，运行性能提升超过60%”。他表示，这套系统打通了手机、电脑、平板、电视、汽车和智能穿戴等设备，统一成一个操作系统，兼容全部安卓应用和所有Web应用。近日，华为公司创始人、CEO任正非在接受外媒采访时进一步表示，“鸿蒙”系统本身并不是为手机而设计，是为了物联网来做的。 你看好哪个操作系统？ 收起全文d\n", "author": "凤凰网科技", "time": "凤凰网科技2019年07月08日18:52 来自专业版微博", "transmit": " 转发 63", "comment": "评论 218", "zan": " 384"}, {"text": "\n华为 鸿蒙问世了你们还不去支持一下！ ​                ", "author": "熊本科技", "time": "熊本科技2019年07月08日12:30 来自人体复读机", "transmit": " 转发 53", "comment": "评论 46", "zan": " 352"}, {"text": "\n#华为8月9日发布鸿蒙系统# 据凤凰网媒体报道，下个月华为全球开发者大会上（8月9日-8月11日），华为终端将揭开“鸿蒙”的神秘面纱。华为公司创始人、CEO任正非在接受外媒采访时进一步表示，“鸿蒙”系统本身并不是为手机而设计，是为了物联网来。 ​                ", "author": "宅数码Kael", "time": "宅数码Kael2019年07月08日21:48 来自nova5Pro人像超级夜景", "transmit": " 转发 12", "comment": "评论 76", "zan": " 313"}, {"text": "\n                    【华为将在8月9日公布自研操作系统“鸿蒙”：将揭开“鸿蒙”的神秘面纱】7月8日消息，传闻已久的华为自研操作系统“鸿蒙”有了进一步消息。据记者最新获悉，下个月华为全球开发者大会上，华为终端将揭开“鸿蒙”的神秘面纱。      据余承东先前称，“如果安卓应用重新编译，在这套操作系统上，运行性 ​  展开全文c \n                    【华为将在8月9日公布自研操作系统“鸿蒙”：将揭开“鸿蒙”的神秘面纱】7月8日消息，传闻已久的华为自研操作系统“鸿蒙”有了进一步消息。据记者最新获悉，下个月华为全球开发者大会上，华为终端将揭开“鸿蒙”的神秘面纱。      据余承东先前称，“如果安卓应用重新编译，在这套操作系统上，运行性能提升超过60%”。他表示，这套系统打通了手机、电脑、平板、电视、汽车和智能穿戴等设备，统一成一个操作系统，兼容全部安卓应用和所有Web应用。    而前几天华为公司创始人、CEO任正非在接受外媒采访时进一步表示，“鸿蒙”系统本身并不是为手机而设计，是为了物联网来做的。     当时任正非还提到，华为希望继续使用全球公用开放的手机操作系统和生态，但是如果被限制使用，华为也会发展自己的操作系统。“操作系统最关键的是建立生态，重新建立良好的生态需要两、三年左右的时间”。 华为全球开发者大会目前定档北京时间8月9日至8月11日在东莞松山湖举行。这不是华为第一次召开面向开发者的大会，但却是有史以来规模最大的一次会议，本次邀请了1500位合作伙伴、5000名全球开发者。    打造一个新的操作系统，生态建设是关键，选择在全球开发者大会上公布，也是在情理之中。O网页链接 收起全文d\n", "author": "人才76116", "time": "人才761162019年07月08日23:22 来自HUAWEIP20", "transmit": " 转发 24", "comment": "评论 77", "zan": " 174"}, {"text": "\n                    【媒体：华为将在8月9日公布自研操作系统“鸿蒙”】传闻已久的华为自研操作系统“鸿蒙”有了进一步消息。据凤凰网科技获悉，下个月华为全球开发者大会上，华为终端将揭开“鸿蒙”的神秘面纱……详情点击：O媒体：华为将在8月9日公布自研操作系统“鸿蒙” ​                ", "author": "IT之家", "time": "IT之家2019年07月08日19:01 来自IT之家", "transmit": " 转发 35", "comment": "评论 29", "zan": " 60"}, {"text": "\n华为对新系统的定性 而鸿蒙不只是手机系统 而是万物互联系统 据任正非表示 现在难的是 建立全球生态 这个需要两年才能完成 但是 国内的生态就很快就会完成 L任正非曝杀手锏，拥有比安卓更强的系统！难怪面对美国毫不畏惧 ​                ", "author": "义勇军--鬼谷子", "time": "义勇军--鬼谷子2019年07月08日20:18 来自微博weibo.com", "transmit": " 转发 11", "comment": "评论 7", "zan": " 89"}, {"text": "\n华为要在8月9日发布鸿蒙系统？猜猜会用在什么智能硬件上？ ​                ", "author": "搞机圈的那些事", "time": "搞机圈的那些事2019年07月08日19:12", "transmit": " 转发 19", "comment": "评论 115", "zan": " 384"}, {"text": "\n华为要在8月9日发布鸿蒙系统？你期待吗 ​                ", "author": "科技教主-娜娜", "time": "科技教主-娜娜2019年07月08日19:18 来自你不能错过的微博", "transmit": " 转发 12", "comment": "评论 92", "zan": " 220"}, {"text": "\n                    【任正非：挖来的天才给的薪酬比谷歌还高， 鸿蒙系统很快上市】任正非表示，欢迎大家到华为来，但入职华为也是有门槛的。华为大学有一个考试系统，有大量的考试题目，首先要通过考试，才有面试机会。比如，你在世界计算机竞赛拿了金牌，工资可能是通常入职水平的5倍、6倍。每年世界上产生40个金牌获得 ​  展开全文c \n                    【任正非：挖来的天才给的薪酬比谷歌还高， 鸿蒙系统很快上市】任正非表示，欢迎大家到华为来，但入职华为也是有门槛的。华为大学有一个考试系统，有大量的考试题目，首先要通过考试，才有面试机会。比如，你在世界计算机竞赛拿了金牌，工资可能是通常入职水平的5倍、6倍。每年世界上产生40个金牌获得者，我们今年挖了一批进来，薪酬定得比谷歌还高。今年进了一些少年天才，明年会有更多的少年天才涌向我们。L老板联播的秒拍视频 收起全文d\n", "author": "新浪证券", "time": "新浪证券2019年07月08日12:20 来自微博weibo.com", "transmit": " 转发 19", "comment": "评论 16", "zan": " 114"}, {"text": "\n                    传华为将在8月9日开发者大会上公布自研操作系统“鸿蒙”，宣告安德猴的末日到来，我先沸腾为敬，打算买一部感受一下。 ​                ", "author": "性感玉米", "time": "性感玉米2019年07月08日23:53 来自iPhoneX", "transmit": " 转发 111", "comment": "评论 83", "zan": " 401"}, {"text": "\n                    【任正非谈鸿蒙系统：技术难度不大 建立生态最关键】任正非表示，华为希望继续使用全球公用开放的手机操作系统和生态，但是如果美国限制使用，华为也会发展自己的操作系统。他认为，操作系统最关键的是建立生态，重新建立良好的生态需要两三年左右的时间。“我们有信心依托中国、面向全球打造生态。一 ​  展开全文c \n                    【任正非谈鸿蒙系统：技术难度不大 建立生态最关键】任正非表示，华为希望继续使用全球公用开放的手机操作系统和生态，但是如果美国限制使用，华为也会发展自己的操作系统。他认为，操作系统最关键的是建立生态，重新建立良好的生态需要两三年左右的时间。“我们有信心依托中国、面向全球打造生态。一是中国市场就有庞大的应用；二是中国大量做内容的服务商渴望走向海外。”（来源：第一财经）O任正非谈鸿蒙系统：技术难度不大 建立生态最关键 收起全文d\n", "author": "新财富杂志", "time": "新财富杂志2019年07月08日10:41 来自搜狗高速浏览器", "transmit": " 转发 25", "comment": "评论 47", "zan": " 89"}]