[{"text": "\n                    【#周鸿祎建议华为鸿蒙系统开源#】6月26日， 360集团董事长周鸿祎建议华为鸿蒙系统开源，并表示如果华为能够下决心，将这个操作系统像安卓一样开源，变成整个中国互联网产业共同参与打造的一个生态操作系统，凭借中国人的聪明程度，加上开源的方法论，也许在未来的五年里，华为的操作系统可能也会成为 ​  展开全文c \n                    【#周鸿祎建议华为鸿蒙系统开源#】6月26日， 360集团董事长周鸿祎建议华为鸿蒙系统开源，并表示如果华为能够下决心，将这个操作系统像安卓一样开源，变成整个中国互联网产业共同参与打造的一个生态操作系统，凭借中国人的聪明程度，加上开源的方法论，也许在未来的五年里，华为的操作系统可能也会成为全球的操作系统L见闻企业家的秒拍视频 收起全文d\n", "author": "见闻企业家", "time": "见闻企业家2019年06月27日16:05 来自微博weibo.com", "transmit": " 转发 110", "comment": "评论 131", "zan": " 504"}, {"text": "\n                    【#周鸿祎谈华为鸿蒙#：建议开源打造生态，让其他手机厂商也能用】6月26日，360集团董事长兼CEO@周鸿祎 在“2019南京创新周”大会上称：建议华为可以用开源的方式开发鸿蒙系统，把这个操作系统像安卓一样开源，变成整个中国IT产业、互联网产业共同参与打造的一个生态操作系统。O周鸿祎谈华为鸿蒙系统：建议用开源机制打造生态  ​  展开全文c \n                    【#周鸿祎谈华为鸿蒙#：建议开源打造生态，让其他手机厂商也能用】6月26日，360集团董事长兼CEO@周鸿祎 在“2019南京创新周”大会上称：建议华为可以用开源的方式开发鸿蒙系统，把这个操作系统像安卓一样开源，变成整个中国IT产业、互联网产业共同参与打造的一个生态操作系统。O周鸿祎谈华为鸿蒙系统：建议用开源机制打造生态 L五环短视频的秒拍视频 收起全文d\n", "author": "新浪财经", "time": "新浪财经2019年06月27日13:12 来自微博weibo.com", "transmit": " 转发 49", "comment": "评论 155", "zan": " 402"}, {"text": "\n                    【#周鸿祎强烈建议华为鸿蒙开源#：大家共同参与打造这个生态操作系统】在首届“2019南京创新周”大会上，周鸿祎强烈建议华为可以用开源的方式开发鸿蒙系统，把这个操作系统像安卓一样开源，这样就会变成整个中国IT产业、互联网产业共同参与打造的一个生态操作系统，我为人人，人人为我。@老板联播  ​  展开全文c \n                    【#周鸿祎强烈建议华为鸿蒙开源#：大家共同参与打造这个生态操作系统】在首届“2019南京创新周”大会上，周鸿祎强烈建议华为可以用开源的方式开发鸿蒙系统，把这个操作系统像安卓一样开源，这样就会变成整个中国IT产业、互联网产业共同参与打造的一个生态操作系统，我为人人，人人为我。@老板联播 L老板联播的秒拍视频 收起全文d\n", "author": "大公報-大公網", "time": "大公報-大公網2019年06月27日13:52 来自专业版微博", "transmit": " 转发 38", "comment": "评论 56", "zan": " 348"}, {"text": "\n                    【周鸿祎：强烈建议华为鸿蒙系统开源，大家共同参与打造】在首届“2019南京创新周”大会上，@周鸿祎 强烈建议华为可以用开源的方式开发鸿蒙系统，把这个操作系统像安卓一样开源，这样就会变成整个中国IT产业、互联网产业共同参与打造的一个生态操作系统，我为人人，人人为我。L老板联播的秒拍视频 ​                ", "author": "虎嗅APP", "time": "虎嗅APP2019年06月27日11:53 来自微博weibo.com", "transmit": " 转发 58", "comment": "评论 95", "zan": " 501"}, {"text": "\n                    【#周鸿祎强烈建议华为鸿蒙开源#：大家共同参与打造这个生态操作系统】在首届“2019南京创新周”大会上，周鸿祎强烈建议华为可以用开源的方式开发鸿蒙系统，把这个操作系统像安卓一样开源，这样就会变成整个中国IT产业、互联网产业共同参与打造的一个生态操作系统，我为人人，人人为我。@老板联播  ​  展开全文c \n                    【#周鸿祎强烈建议华为鸿蒙开源#：大家共同参与打造这个生态操作系统】在首届“2019南京创新周”大会上，周鸿祎强烈建议华为可以用开源的方式开发鸿蒙系统，把这个操作系统像安卓一样开源，这样就会变成整个中国IT产业、互联网产业共同参与打造的一个生态操作系统，我为人人，人人为我。@老板联播 L老板联播的秒拍视频 收起全文d\n", "author": "梨视频", "time": "梨视频2019年06月27日12:13 来自微博weibo.com", "transmit": " 转发 33", "comment": "评论 131", "zan": " 445"}, {"text": "\n                    【#周鸿祎强烈建议华为鸿蒙开源#：大家共同参与打造】在首届“2019南京创新周”大会上，周鸿祎强烈建议华为可以用开源的方式开发鸿蒙系统，把这个操作系统像安卓一样开源，这样就会变成整个中国IT产业、互联网产业共同参与打造的一个生态操作系统，我为人人，人人为我。L老板联播的秒拍视频 ​                ", "author": "老板联播", "time": "老板联播2019年06月27日11:47 来自微博weibo.com", "transmit": " 转发 39", "comment": "评论 101", "zan": " 198"}, {"text": "\n                    【周鸿祎：强烈建议华为鸿蒙系统开源，大家共同参与打造】在首届“2019南京创新周”大会上，@周鸿祎 强烈建议华为可以用开源的方式开发鸿蒙系统，把这个操作系统像安卓一样开源，这样就会变成整个中国IT产业、互联网产业共同参与打造的一个生态操作系统，我为人人，人人为我。L老板联播的秒拍视频 ​                ", "author": "凤凰网科技", "time": "凤凰网科技2019年06月27日12:36 来自微博weibo.com", "transmit": " 转发 22", "comment": "评论 44", "zan": " 180"}, {"text": "\n                    【#周鸿祎强烈建议华为鸿蒙开源# 大家共同参与打造】在首届“2019南京创新周”大会上，周鸿祎强烈建议华为可以用开源的方式开发鸿蒙系统，把这个操作系统像安卓一样开源，这样就会变成整个中国IT产业、互联网产业共同参与打造的一个生态操作系统，我为人人，人人为我。L老板联播的秒拍视频 ​​​                ", "author": "雪球", "time": "雪球2019年06月27日17:31", "transmit": " 转发 24", "comment": "评论 42", "zan": " 152"}, {"text": "\n                    周鸿祎谈华为鸿蒙系统：建议开源打造生态，让其他手机厂商也能用 L交易老手的微博视频 ​                ", "author": "交易老手", "time": "交易老手2019年06月27日17:32 来自交易老手的Android", "transmit": " 转发 16", "comment": "评论 29", "zan": " 102"}, {"text": "\n                    【#周鸿祎强烈建议华为鸿蒙开源#：大家共同参与打造】在首届“2019南京创新周”大会上，周鸿祎强烈建议华为可以用开源的方式开发鸿蒙系统，把这个操作系统像安卓一样开源，这样就会变成整个中国IT产业、互联网产业共同参与打造的一个生态操作系统，我为人人，人人为我。L老板联播的秒拍视频 ​                ", "author": "经济观察报", "time": "经济观察报2019年06月27日16:00 来自微博weibo.com", "transmit": " 转发 7", "comment": "评论 34", "zan": " 102"}, {"text": "\n@周鸿祎 在南京创新周大会呼吁，华为把鸿蒙系统开源，开放给国内其它手机厂商使用。打造产业链生态的纯中国制造。嘿嘿，感觉老周想的有点远有点多。从现阶段来看，鸿蒙系统大规模用在华为自家手机上还有待使用验证，估计很难共享给其它厂家吧。再说了，华为十年磨一剑，恐怕也不太会轻易拱手开源相送。 ​  展开全文c \n@周鸿祎 在南京创新周大会呼吁，华为把鸿蒙系统开源，开放给国内其它手机厂商使用。打造产业链生态的纯中国制造。嘿嘿，感觉老周想的有点远有点多。从现阶段来看，鸿蒙系统大规模用在华为自家手机上还有待使用验证，估计很难共享给其它厂家吧。再说了，华为十年磨一剑，恐怕也不太会轻易拱手开源相送。 L中国IT杂谈的微博视频 收起全文d\n", "author": "中国IT杂谈", "time": "中国IT杂谈2019年06月27日21:21", "transmit": " 转发 11", "comment": "评论 35", "zan": " 96"}, {"text": "\n                    【#周鸿祎谈鸿蒙系统# 建议开源打造生态，让其他手机厂商也能用】6月26日，360集团董事长兼CEO周鸿祎在“2019南京创新周”大会上称：建议华为可以用开源的方式开发鸿蒙系统，把这个操作系统像安卓一样开源，变成整个中国IT产业、互联网产业共同参与打造的一个生态操作系统。@五环短视频  ​  展开全文c \n                    【#周鸿祎谈鸿蒙系统# 建议开源打造生态，让其他手机厂商也能用】6月26日，360集团董事长兼CEO周鸿祎在“2019南京创新周”大会上称：建议华为可以用开源的方式开发鸿蒙系统，把这个操作系统像安卓一样开源，变成整个中国IT产业、互联网产业共同参与打造的一个生态操作系统。@五环短视频 L五环短视频的秒拍视频 收起全文d\n", "author": "新财富杂志", "time": "新财富杂志2019年06月27日12:02 来自搜狗高速浏览器", "transmit": " 转发 28", "comment": "评论 35", "zan": " 106"}, {"text": "\n                    【#周鸿祎谈鸿蒙系统# 建议开源打造生态，让其他手机厂商也能用】6月26日，360集团董事长兼CEO周鸿祎在“2019南京创新周”大会上称：建议华为可以用开源的方式开发鸿蒙系统，把这个操作系统像安卓一样开源，变成整个中国IT产业、互联网产业共同参与打造的一个生态操作系统。@五环短视频  ​  展开全文c \n                    【#周鸿祎谈鸿蒙系统# 建议开源打造生态，让其他手机厂商也能用】6月26日，360集团董事长兼CEO周鸿祎在“2019南京创新周”大会上称：建议华为可以用开源的方式开发鸿蒙系统，把这个操作系统像安卓一样开源，变成整个中国IT产业、互联网产业共同参与打造的一个生态操作系统。@五环短视频 L五环短视频的秒拍视频 收起全文d\n", "author": "原烽_BOE", "time": "原烽_BOE2019年06月27日11:47 来自csmo看世界超话", "transmit": " 转发 23", "comment": "评论 47", "zan": " 98"}, {"text": "\n                    【#周鸿祎谈鸿蒙系统#建议开源打造生态，让其他手机厂商也能用】6月26日，360集团董事长兼CEO周鸿祎在“2019南京创新周”大会上称：建议华为可以用开源的方式开发鸿蒙系统，把这个操作系统像安卓一样开源，变成整个中国IT产业、互联网产业共同参与打造的一个生态操作系统。L五环短视频的秒拍视频 ​                ", "author": "电商报", "time": "电商报2019年06月27日12:15 来自微博weibo.com", "transmit": " 转发 76", "comment": "评论 26", "zan": " 58"}]