[{"text": "\n华为鸿蒙OS提到的分布式系统（多终端部署、全场景体验、跨平台能力）黑科技演示（此功能已嵌入到EMUI 10中）！不用数据线，就能实现电脑和手机无缝互联互通。#华为##华为鸿蒙# L建华Wei业的微博视频 ​                ", "author": "建华Wei业", "time": "建华Wei业2019年08月16日12:06 来自HUAWEIMate20Pro", "transmit": " 转发 428", "comment": "评论 212", "zan": " 593"}, {"text": "\n                    【华为10亿美元建生态圈，#华为开发者谈鸿蒙#：超出预期！】8月9日，华为开发者大会2019推出了鸿蒙系统，我们在现场跟数十位参会者聊了聊，他们中有开发者，有16岁的中学生，有打算把下一步手机换成华为的热血大学生，有来自各行各业对华为抱有好奇的人，来听听他们怎么看待鸿蒙 ​  展开全文c \n                    【华为10亿美元建生态圈，#华为开发者谈鸿蒙#：超出预期！】8月9日，华为开发者大会2019推出了鸿蒙系统，我们在现场跟数十位参会者聊了聊，他们中有开发者，有16岁的中学生，有打算把下一步手机换成华为的热血大学生，有来自各行各业对华为抱有好奇的人，来听听他们怎么看待鸿蒙L老板联播的秒拍视频 收起全文d\n", "author": "新浪证券", "time": "新浪证券2019年08月16日12:30 来自微博weibo.com", "transmit": " 转发 22", "comment": "评论 31", "zan": " 55"}, {"text": "\n                    【华为10亿美元建生态圈，#华为开发者谈鸿蒙#：超出预期！】8月9日，华为开发者大会2019推出了鸿蒙系统，我们在现场跟数十位参会者聊了聊，他们中有开发者，有16岁的中学生，有打算把下一步手机换成华为的热血大学生，有来自各行各业对华为抱有好奇的人，来听听他们怎么看待鸿蒙 ​  展开全文c \n                    【华为10亿美元建生态圈，#华为开发者谈鸿蒙#：超出预期！】8月9日，华为开发者大会2019推出了鸿蒙系统，我们在现场跟数十位参会者聊了聊，他们中有开发者，有16岁的中学生，有打算把下一步手机换成华为的热血大学生，有来自各行各业对华为抱有好奇的人，来听听他们怎么看待鸿蒙L老板联播的秒拍视频 收起全文d\n", "author": "老板联播", "time": "老板联播2019年08月16日10:17 来自微博weibo.com", "transmit": " 转发 27", "comment": "评论 14", "zan": " 110"}, {"text": "\n                    最近有很多人到出征到墙外，但苦于英文或其他外语不灵光，想点个赞什么的都无从下手。现在教华为手机用户一个很简单的方法：任意文字或图片，绝大多数外文都可以，在当前页面两指摁住不放，几秒后会出现一些星星，随之弹出窗口，左上角有个全屏翻译，点一下就行了，文字也好图片也好哪国语言都好，全给 ​  展开全文c \n                    最近有很多人到出征到墙外，但苦于英文或其他外语不灵光，想点个赞什么的都无从下手。现在教华为手机用户一个很简单的方法：任意文字或图片，绝大多数外文都可以，在当前页面两指摁住不放，几秒后会出现一些星星，随之弹出窗口，左上角有个全屏翻译，点一下就行了，文字也好图片也好哪国语言都好，全给你翻出来，既酷又方便！#5人涉嫌侮辱国旗被香港警方拘捕##华为正式发布鸿蒙##华为##驻英大使记者会播香港局势短片# 收起全文d\n", "author": "老熊不熊", "time": "老熊不熊2019年08月16日12:36 来自HUAWEIP30Pro", "transmit": " 转发 6", "comment": "评论 12", "zan": " 68"}, {"text": "\n互联网技术 【华为在加拿大启动6G网络研究】据澎湃新闻，加拿大媒体报道称，华为已经在加拿大渥太华启动了6G网络的研究。华为还称，公司已经与加拿大多所大学的研究者展开了洽谈。对6G的研究还属前沿探索。据证券时报e公司3月28日报道，华为5G产品线总裁杨超斌曾表示，5G是未来10年到20年的主 ​  展开全文c \n互联网技术 【华为在加拿大启动6G网络研究】据澎湃新闻，加拿大媒体报道称，华为已经在加拿大渥太华启动了6G网络的研究。华为还称，公司已经与加拿大多所大学的研究者展开了洽谈。对6G的研究还属前沿探索。据证券时报e公司3月28日报道，华为5G产品线总裁杨超斌曾表示，5G是未来10年到20年的主流，6G要来也是2030年之后的事情。#互联网看点##华为正式发布鸿蒙# 收起全文d\n", "author": "布道宽窄", "time": "布道宽窄2019年08月16日07:55 来自互联网技术超话", "transmit": " 转发 31", "comment": "评论 41", "zan": " 68"}, {"text": "\n                    【任正非：美国一旦翻身，它的战略手段是很厉害的】《最好的防御就是进攻》是任正非极具战略思想的一篇讲话。今天华为之所以能取得5G、鸿蒙等技术成就，之所以能抗住美国“实体清单”的碾压，都与当年任正非战略眼光和战略布局有关。任正非认为美国是一个伟大的国家，是因为其保护创新，宽容个性， ​  展开全文c \n                    【任正非：美国一旦翻身，它的战略手段是很厉害的】《最好的防御就是进攻》是任正非极具战略思想的一篇讲话。今天华为之所以能取得5G、鸿蒙等技术成就，之所以能抗住美国“实体清单”的碾压，都与当年任正非战略眼光和战略布局有关。任正非认为美国是一个伟大的国家，是因为其保护创新，宽容个性，而因此具有良好的创新精神、创新机制和创新能力。任正非鼓励向美国学习，多参加国际会议，多“喝咖啡”，“一杯咖啡吸收宇宙能量”的名句也由此产生。不要守成，要敢于打破既有的优势，形成新的优势。在技术上，美国不会甘于失败，要敢于投入，用最先进的工具做最先进的产品，继续抢占制高点。学会给盟友分蛋糕，用开阔的心胸看世界，不舍得拿出地盘来的人不是战略家。不要在乎一城一地的得失，走向开放，拥有的就是整个世界。 收起全文d\n", "author": "价值投资日志", "time": "价值投资日志2019年08月16日23:52 来自iPhoneX", "transmit": " 转发 295", "comment": "评论 31", "zan": " 262"}, {"text": "\n华为软件四大件：方舟编译器有了，鸿蒙OS有了，高斯数据库有了，就等CM出击了 ​                ", "author": "菊厂搞机", "time": "菊厂搞机2019年08月16日17:47 来自HUAWEIP30Pro", "transmit": " 转发 11", "comment": "评论 23", "zan": " 110"}]