[{"text": "\n                    外媒 GSMArena 曝光了一张华为在俄罗斯 5G 会议上的 PPT，图片显示华为 5G 版新 Mate 30 将于 12 月份登陆俄罗斯市场。此前，我们已经对华为 Mate 30 新机有所报道，新机或将搭载麒麟新一代处理器 / 鸿蒙 OS 系统，且支持 5G 网络。 ​                ", "author": "科技知乎君", "time": "科技知乎君2019年07月01日06:03 来自魅族16s旗舰手机", "transmit": " 转发 9", "comment": "评论 21", "zan": " 109"}]