[{"text": "\n                    【周鸿祎谈华为鸿蒙系统：建议用开源机制打造生态】周鸿祎在“2019南京创新周”大会上表示，中国技术要自主创新，建议华为可以用开源的方式开发鸿蒙系统，把这个操作系统像安卓一样开源，变成整个中国IT产业、互联网产业共同参与打造的一个生态操作系统。O直击|周鸿祎谈华为鸿蒙系统:建议用开源机制打造生态 ​                ", "author": "新浪科技", "time": "新浪科技2019年06月26日23:15 来自微博weibo.com", "transmit": " 转发 33", "comment": "评论 69", "zan": " 330"}, {"text": "\n                    【时代呼唤鸿蒙：华为打破魔咒究竟有多难？】按照华为终端CEO余承东的说法，华为自主研发的“鸿蒙”系统最早将在今年秋天，最晚在明年春天发布。回顾历史展望未来，发布日期日益临近的“鸿蒙”，有多大机会打破微软、苹果和谷歌三者在操作系统领域的长期垄断？从PC到移动互联网再到如今的5G时代，20年 ​  展开全文c \n                    【时代呼唤鸿蒙：华为打破魔咒究竟有多难？】按照华为终端CEO余承东的说法，华为自主研发的“鸿蒙”系统最早将在今年秋天，最晚在明年春天发布。回顾历史展望未来，发布日期日益临近的“鸿蒙”，有多大机会打破微软、苹果和谷歌三者在操作系统领域的长期垄断？从PC到移动互联网再到如今的5G时代，20年的沉浮过后，羽翼未丰的国产操作系统在时代浪潮的裹挟下又重新走到了命运的十字路口。O时代呼唤鸿蒙：华为打破魔咒究竟有多难？ 收起全文d\n", "author": "新财富杂志", "time": "新财富杂志2019年06月26日21:35 来自微博weibo.com", "transmit": " 转发 17", "comment": "评论 23", "zan": " 53"}, {"text": "\n                    如今，不再是无根之花的“鸿蒙”的确值得期待，就像主流的操作系统从微软Windows+英特尔CPU的组合，迁移为谷歌Android或苹果iOS+Arm CPU的组合一样。#读懂上市公司财报# 鸿蒙操作系统+华为5G芯片或许也能在5G时代掀起极有想象空间的产业浪潮。#微博赚钱季# O时代呼唤鸿蒙：华为打破魔咒究竟有多难？ ​                ", "author": "雪球", "time": "雪球2019年06月26日17:18 来自微博weibo.com", "transmit": " 转发 18", "comment": "评论 9", "zan": " 33"}, {"text": "\n                    【方舟编译器将开源！华为邀广大开发者助力鸿蒙系统】近日，在上海举行的中国开源峰会2019上，华为战略与产业发展副总裁肖然表示，华为方舟编译器将于今年8月正式开源。华为诚邀广大合作伙伴和应用开发者一起加入“方舟朋友圈”，这似乎也代表着鸿蒙操作系统推向市场的重要一步..O方舟编译器将开源！华为邀广大开发者助力鸿蒙系统 ​                ", "author": "TechWeb", "time": "TechWeb2019年06月26日18:20 来自微博weibo.com", "transmit": " 转发 99", "comment": "评论 27", "zan": " 266"}, {"text": "\n                    【华为轮值董事长：坚定支持Android 鸿蒙系统无明确上市时间】胡厚崑表示，目前市场华为手机用户使用的安卓系统不会受到影响。未来，华为依然是安卓生态的坚定支持者。如果没有办法使用的时候，会想其他方案。目前鸿蒙系统无明确上市时间！ ​                ", "author": "C科技", "time": "C科技2019年06月26日16:52", "transmit": " 转发 18", "comment": "评论 185", "zan": " 503"}, {"text": "\n                    周鸿祎:我建议，华为可以用开源的方式开发鸿蒙系统，把这个操作系统像安卓一样开源，这样就会变成整个中国IT产业、互联网产业共同参与打造的一个生态操作系统，不仅能解决系统兼容的问题，也可能成为一个真正的中国人自己的，甚至是全球的操作系统。回看历史，我觉得开源这种机制就给我们实际上提 ​  展开全文c \n                    周鸿祎:我建议，华为可以用开源的方式开发鸿蒙系统，把这个操作系统像安卓一样开源，这样就会变成整个中国IT产业、互联网产业共同参与打造的一个生态操作系统，不仅能解决系统兼容的问题，也可能成为一个真正的中国人自己的，甚至是全球的操作系统。回看历史，我觉得开源这种机制就给我们实际上提供了一种新时代的合伙创新机制，开源的本质就是把不同的国家、科研院所、国企、民企联结在一起，共同打造一个伟大的软件。所以开源不仅仅是软件开发方法，实际上是一种经济的发展形式，一种创新的机制。 收起全文d\n", "author": "互联网见闻录", "time": "互联网见闻录2019年06月26日20:19 来自爱豆同款Android", "transmit": " 转发 21", "comment": "评论 30", "zan": " 53"}, {"text": "\n                    【霸气官宣！华为轮值董事长：华为5G技术方案完全不受制裁影响】另据消息，华为方舟编译器今年8月将开源，专家认为或成鸿蒙系统推出关键一步。听到这个消息，在中美贸易战中一直妄图通过封杀华为逼迫中国签订城下之盟的特朗普政府，估计要大失所望了。       铮铮铁骨， 实力反击。华 ​  展开全文c \n                    【霸气官宣！华为轮值董事长：华为5G技术方案完全不受制裁影响】另据消息，华为方舟编译器今年8月将开源，专家认为或成鸿蒙系统推出关键一步。听到这个消息，在中美贸易战中一直妄图通过封杀华为逼迫中国签订城下之盟的特朗普政府，估计要大失所望了。       铮铮铁骨， 实力反击。华为轮值董事长胡厚崑26日在上海表示：       1、美国对华为的指控是不公平、没有依据的。      2、华为已采取各种行动使经营活动不受影响或少受影响。也在积极采取措施，使供应少受实体清单影响。      3、受到影响的器件，已逐步找到替代方案——使用华为的自己的方案或找到其他供应商，目前供应情况没有受大的影响。     4、他还强调，华为5G技术方案完全不受制裁影响。     另据消息 ，华为方舟编译器今年8月开源 或成鸿蒙系统推出关键一步。    在上海举行的中国开源峰会2019上，华为战略与产业发展副总裁肖然表示，华为方舟编译器将于今年8月正式开源。 华为此前宣称，方舟编译器可让系统操作流畅度提升24%，系统响应速度提升44%，第三方应用重新编译后流畅度可提升60%。有观点指出，方舟编译器的开放与鸿蒙操作系统的研发有着紧密的直接联系。O华为轮值董事长：华为5G技术方案完全不受制裁影响 收起全文d\n", "author": "人才76116", "time": "人才761162019年06月26日20:14 来自HUAWEIP20", "transmit": " 转发 11", "comment": "评论 44", "zan": " 138"}, {"text": "\n                    【华为：鸿蒙系统推出时间未确定 华为是安卓坚定支持者】华为轮值副董事长胡厚崑表示，华为手机一直是安卓生态的坚定支持者，假如未来到了不能用的那一步，就只能寻找替代方案。我觉得有几个点是可以明确的：鸿蒙虽然被寄予厚望，但在总体体验上一定不如安卓。华为不能正常使用安卓，一定是华为和 ​  展开全文c \n                    【华为：鸿蒙系统推出时间未确定 华为是安卓坚定支持者】华为轮值副董事长胡厚崑表示，华为手机一直是安卓生态的坚定支持者，假如未来到了不能用的那一步，就只能寻找替代方案。我觉得有几个点是可以明确的：鸿蒙虽然被寄予厚望，但在总体体验上一定不如安卓。华为不能正常使用安卓，一定是华为和安卓双方的重大损失。鸿蒙如果上线，在某种程度上就把华为和安卓推到了对立面上。如果那一天真的到来，那应该就是最危急的时刻了。 收起全文d\n", "author": "钟文泽", "time": "钟文泽2019年06月26日15:48 来自微博weibo.com", "transmit": " 转发 34", "comment": "评论 225", "zan": " 1358"}, {"text": "\n                    世界三大调研机构IHS Markit透露，微软正打造一款9寸双屏Surface，搭载全新的Windows Core OS系统。Core OS据称大幅度精简，流畅、美观且支持Android应用。华为鸿蒙还未见端倪，大众消费市场已经快速从pc端朝移动端转变。很多人表示家里电脑用的越来越少，手机平板越来越多。微软也在为通过未来的下 ​  展开全文c \n                    世界三大调研机构IHS Markit透露，微软正打造一款9寸双屏Surface，搭载全新的Windows Core OS系统。Core OS据称大幅度精简，流畅、美观且支持Android应用。华为鸿蒙还未见端倪，大众消费市场已经快速从pc端朝移动端转变。很多人表示家里电脑用的越来越少，手机平板越来越多。微软也在为通过未来的下一张门票努力。 收起全文d\n", "author": "欧阳秋叶", "time": "欧阳秋叶2019年06月26日06:23", "transmit": " 转发 5", "comment": "评论 14", "zan": " 63"}, {"text": "\n                    【华为副董事长@胡厚崑 ：坚定支持安卓生态 #鸿蒙系统上市时间未定#】6月26日，华为副董事长胡厚崑在上海MWC 19期间的媒体见面会上称，“大家都知道华为销售手机的运行（系统）是安卓的系统，我们是安卓生态的坚定支持者，我们能确保现在华为的手机用户在使用安卓的系统时不会受到任何影响”。他进一步 ​  展开全文c \n                    【华为副董事长@胡厚崑 ：坚定支持安卓生态 #鸿蒙系统上市时间未定#】6月26日，华为副董事长胡厚崑在上海MWC 19期间的媒体见面会上称，“大家都知道华为销售手机的运行（系统）是安卓的系统，我们是安卓生态的坚定支持者，我们能确保现在华为的手机用户在使用安卓的系统时不会受到任何影响”。他进一步表示，“就鸿蒙目前的情况，我们目前没办法披露，上市也没有明确的时间”。O华为副董事长胡厚崑：鸿蒙系统上市时间未定 收起全文d\n", "author": "新浪财经", "time": "新浪财经2019年06月26日15:34 来自微博weibo.com", "transmit": " 转发 66", "comment": "评论 187", "zan": " 699"}, {"text": "\n                    【华为方舟编译器今年8月开源 或成鸿蒙系统推出关键一步】在上海举行的中国开源峰会2019上，华为战略与产业发展副总裁肖然表示，华为方舟编译器将于今年8月正式开源。华为此前宣称，方舟编译器可让系统操作流畅度提升24%，系统响应速度提升44%，第三方应用重新编译后流畅度可提升60%。有观点指出，方舟 ​  展开全文c \n                    【华为方舟编译器今年8月开源 或成鸿蒙系统推出关键一步】在上海举行的中国开源峰会2019上，华为战略与产业发展副总裁肖然表示，华为方舟编译器将于今年8月正式开源。华为此前宣称，方舟编译器可让系统操作流畅度提升24%，系统响应速度提升44%，第三方应用重新编译后流畅度可提升60%。有观点指出，方舟编译器的开放与鸿蒙操作系统的研发有着紧密的直接联系，海思麒麟芯片的授权销售潜在可能性也正变得越来越大。（手机中国） 收起全文d\n", "author": "中国企业家杂志", "time": "中国企业家杂志2019年06月26日10:44 来自专业版微博", "transmit": " 转发 28", "comment": "评论 5", "zan": " 36"}, {"text": "\n                    【华为副董事长胡厚崑：坚定支持安卓生态 #鸿蒙系统上市时间未定#】6月26日，华为副董事长胡厚崑在上海MWC 19期间的媒体见面会上称，“大家都知道华为销售手机的运行（系统）是安卓的系统，我们是安卓生态的坚定支持者，我们能确保现在华为的手机用户在使用安卓的系统时不会受到任何影响”。他进一步表 ​  展开全文c \n                    【华为副董事长胡厚崑：坚定支持安卓生态 #鸿蒙系统上市时间未定#】6月26日，华为副董事长胡厚崑在上海MWC 19期间的媒体见面会上称，“大家都知道华为销售手机的运行（系统）是安卓的系统，我们是安卓生态的坚定支持者，我们能确保现在华为的手机用户在使用安卓的系统时不会受到任何影响”。他进一步表示，“就鸿蒙目前的情况，我们目前没办法披露，上市也没有明确的时间”。 收起全文d\n", "author": "科工力量", "time": "科工力量2019年06月26日16:00 来自微博weibo.com", "transmit": " 转发 41", "comment": "评论 65", "zan": " 434"}]