[{"text": "\n华为“鸿蒙”最早在今年秋发布，任正非：唯有惶者，方能生存 ​​​​                ", "author": "互联网分析沙龙", "time": "互联网分析沙龙2019年07月02日12:00 来自微博weibo.com", "transmit": " 转发 5", "comment": "评论 ", "zan": " 16"}, {"text": "\n                    我发表了头条文章:《美国解除华为禁令，华为继续使用安卓系统，“鸿蒙”又成备胎！》 O美国解除华为禁令，华为继续使用安卓系统，“鸿蒙”又成备胎！ 2三明 ​                ", "author": "书剑英雄", "time": "书剑英雄2019年07月02日06:45 来自vivo全新水滴屏手机", "transmit": " 转发 8", "comment": "评论 8", "zan": " 10"}]