[{"text": "\n#华为正式发布鸿蒙#【鸿蒙系统强在哪？一组图为你讲明白！】10日，全球首款采用华为鸿蒙系统的产品——荣耀智慧屏正式发布！关于鸿蒙系统，很多人都对分布式架构、IPC、微内核、IDE等名词一头雾水。小编为你准备了一组图，无需学习专业名词，用最简单的方式了解鸿蒙系统的特点↓↓↓ ​                ", "author": "央视新闻", "time": "央视新闻2019年08月11日13:59 来自微博weibo.com", "transmit": " 转发 1899", "comment": "评论 1951", "zan": " 13126"}, {"text": "\n                    【鸿蒙初开天地宽！一睹华为鸿蒙操作系统真容】10日，华为公司在东莞举行开发者大会，正式发布搭载鸿蒙操作系统的荣耀智慧屏。据悉，鸿蒙系统将兼容Linux、Unix和安卓系统，实现跨终端无缝协同体验。到底啥样？戳视频感受⬇⬇（记者梁旭、王瑞平）L新华视点的秒拍视频 ​                ", "author": "新华视点", "time": "新华视点2019年08月11日11:47 来自微博weibo.com", "transmit": " 转发 70", "comment": "评论 44", "zan": " 375"}, {"text": "\n                    【鸿蒙初开天地宽！一睹华为鸿蒙操作系统真容】10日，华为公司在东莞举行开发者大会，正式发布搭载鸿蒙操作系统的荣耀智慧屏。据悉，鸿蒙系统将兼容Linux、Unix和安卓系统，实现跨终端无缝协同体验。到底啥样？戳视频感受⬇⬇（记者梁旭、王瑞平）@新华视点http://t.cn/AiTmfiKF ​                ", "author": "参考消息", "time": "参考消息2019年08月11日13:20 来自微博weibo.com", "transmit": " 转发 53", "comment": "评论 26", "zan": " 182"}, {"text": "\n华为鸿蒙系统正式发布，一腾讯工程师却认为是用来骗钱的 ​​​​                ", "author": "电商报", "time": "电商报2019年08月11日19:19 来自微博weibo.com", "transmit": " 转发 225", "comment": "评论 234", "zan": " 911"}, {"text": "\n                    【鸿蒙系统强在哪？一组图为你讲明白！】10日，全球首款采用华为鸿蒙系统的产品——荣耀智慧屏正式发布！关于鸿蒙系统，很多人都对分布式架构、IPC、微内核、IDE等名词一头雾水。小编为你准备了一组图，无需学习专业名词，用最简单的方式了解鸿蒙系统的特点↓↓↓ ​​​​（央视新闻） ​                ", "author": "中国经济网", "time": "中国经济网2019年08月11日14:43 来自搜狗高速浏览器", "transmit": " 转发 30", "comment": "评论 21", "zan": " 50"}, {"text": "\n                    关于华为鸿蒙OS的一些理解。 ​                ", "author": "袁炫华", "time": "袁炫华2019年08月11日13:19", "transmit": " 转发 155", "comment": "评论 174", "zan": " 366"}, {"text": "\n                    央视新闻发布全民科普，本期话题就是华为鸿蒙，荣耀智慧屏。 ​                ", "author": "欧阳秋叶", "time": "欧阳秋叶2019年08月11日13:39", "transmit": " 转发 20", "comment": "评论 206", "zan": " 1734"}, {"text": "\n#华为正式发布鸿蒙#【鸿蒙系统强在哪？一组图为你讲明白！】10日，全球首款采用华为鸿蒙系统的产品——荣耀智慧屏正式发布！关于鸿蒙系统，很多人都对分布式架构、IPC、微内核、IDE等名词一头雾水。请看这组图，无需学习专业名词，用最简单的方式了解鸿蒙系统的特点↓↓↓ ​​​（央视新闻） ​                ", "author": "中国妇女报", "time": "中国妇女报2019年08月11日14:48 来自iPhone客户端", "transmit": " 转发 18", "comment": "评论 2", "zan": " 43"}, {"text": "\n#科技前沿# 【鸿蒙系统强在哪？一组图为你讲明白！】10日，全球首款采用华为鸿蒙系统的产品——荣耀智慧屏正式发布！关于鸿蒙系统，很多人都对分布式架构、IPC、微内核、IDE等名词一头雾水。小编为你准备了一组图，无需学习专业名词，用最简单的方式了解鸿蒙系统的特点↓↓↓ ​​​​                ", "author": "科普中国", "time": "科普中国2019年08月11日14:59 来自微博weibo.com", "transmit": " 转发 20", "comment": "评论 12", "zan": " 56"}, {"text": "\n华为鸿蒙的意义，在于原来独立的手机操作系统和电脑操作系统，因特网和电信网，网络分层协议，等等的融合在了一起，5G时代最大的变化，就是网速快了以后速度量变到质变，二者可以融合了，可以移动通讯替代Wifi可以替代有线，从而手机和笔记本电脑也会融合的，这个趋势下，华为的新操作系统领先了。 ​                ", "author": "谁是谁非任评说", "time": "谁是谁非任评说2019年08月11日12:47 来自微博weibo.com", "transmit": " 转发 24", "comment": "评论 15", "zan": " 100"}, {"text": "\n                    小米电视真的更新了没有开机广告，感谢华为鸿蒙，感谢荣耀智慧屏 ​                ", "author": "科技时辰", "time": "科技时辰2019年08月11日12:19 来自你不能错过的微博", "transmit": " 转发 25", "comment": "评论 201", "zan": " 1355"}, {"text": "\n                    【任正非：过去是为赚点小钱，现在要战胜美国】任正非在《钢铁是怎么炼成的》的讲话中称，过去我们是为了赚点小钱，现在是为了要战胜美国，我们一定要有宏大心胸，容纳天下人才，一起来进行战斗。任正非此话的背景是华为发布鸿蒙系统，并准备组建一个中国人自己的全场景操作系统和生态，华为全球地图服 ​  展开全文c \n                    【任正非：过去是为赚点小钱，现在要战胜美国】任正非在《钢铁是怎么炼成的》的讲话中称，过去我们是为了赚点小钱，现在是为了要战胜美国，我们一定要有宏大心胸，容纳天下人才，一起来进行战斗。任正非此话的背景是华为发布鸿蒙系统，并准备组建一个中国人自己的全场景操作系统和生态，华为全球地图服务也开始开展，未来会创建一个比Android更广泛的全球生态系统。从操作系统上上击败美国！ 收起全文d\n", "author": "C科技", "time": "C科技2019年08月11日13:52", "transmit": " 转发 38", "comment": "评论 122", "zan": " 667"}, {"text": "\n                    这个陶建辉根本就没搞明白华为搞鸿蒙的初衷是什么。继续拿手机生态这一套硬套。现在全世界智能手机市场规模大约稳定在在5000亿美元，而所有大公司都相信IoT的市场规模将在万亿以上。产生的数据更是几十甚至上百倍于前。华为所图甚大，在国内只有阿里能够与之抗衡（但投入差远了）。 ​  展开全文c \n                    这个陶建辉根本就没搞明白华为搞鸿蒙的初衷是什么。继续拿手机生态这一套硬套。现在全世界智能手机市场规模大约稳定在在5000亿美元，而所有大公司都相信IoT的市场规模将在万亿以上。产生的数据更是几十甚至上百倍于前。华为所图甚大，在国内只有阿里能够与之抗衡（但投入差远了）。O鸿蒙成功的概率不大，中国企业能推出成功的操作系统、数据库吗？ 2American·North Carolina Wake 收起全文d\n", "author": "陈怡然-杜克大学", "time": "陈怡然-杜克大学2019年08月11日23:02 来自iPhone客户端", "transmit": " 转发 84", "comment": "评论 32", "zan": " 180"}, {"text": "\n                    【鸿蒙初开天地宽！一睹华为鸿蒙操作系统真容】10日，华为公司在东莞举行开发者大会，正式发布搭载鸿蒙操作系统的荣耀智慧屏。据悉，鸿蒙系统将兼容Linux、Unix和安卓系统，实现跨终端无缝协同体验。到底啥样？点视频感受⬇⬇（记者梁旭、王瑞平）L新华视点的秒拍视频 ​​​                ", "author": "瞭望", "time": "瞭望2019年08月11日12:33 来自iPhone6sPlus", "transmit": " 转发 5", "comment": "评论 3", "zan": " 39"}, {"text": "\n#荣耀智慧屏# 是全球首款搭载了华为鸿蒙OS的终端，这是鸿蒙OS分布式操作系统在大屏上的应用和体现，它将打造以家庭为中心的分布式的超级终端。随着鸿蒙OS技术的不断更迭，荣耀智慧屏将为大家带来不断优化的全场景智慧化生活。L荣耀手机的秒拍视频 ​                ", "author": "荣耀智慧生活", "time": "荣耀智慧生活2019年08月11日11:10 来自荣耀20", "transmit": " 转发 8", "comment": "评论 41", "zan": " 394"}, {"text": "\n互联网技术 【任正非签发新电邮：过去是为赚点小钱，现在要战胜美国。华为产品牛，老板脾气牛！】     任正非认为：5G只是小儿科，人工智能才是大产业，才是华为发展的战略要地。在人工智能发展的三个核心要素中，美国有超级计算，有超级存储，但没有超速联接，如果又不用5G的话，一定会落后 ​  展开全文c \n互联网技术 【任正非签发新电邮：过去是为赚点小钱，现在要战胜美国。华为产品牛，老板脾气牛！】     任正非认为：5G只是小儿科，人工智能才是大产业，才是华为发展的战略要地。在人工智能发展的三个核心要素中，美国有超级计算，有超级存储，但没有超速联接，如果又不用5G的话，一定会落后一步。华为有信心全面补好“烂飞机”上的“洞”，承受美国的打击。“华为这个‘二愣子’经历一个全球最强大的国家机器的疯狂打压还没有死。活下去就是胜利！”#华为正式发布鸿蒙##美国制裁华为##互联网看点# 收起全文d\n", "author": "布道宽窄", "time": "布道宽窄2019年08月11日21:24 来自互联网技术超话", "transmit": " 转发 37", "comment": "评论 21", "zan": " 59"}, {"text": "\n                    发布了头条文章：《鸿蒙OS：保障手机生存，在IT领域全面发展》 鸿蒙的发布说明，华为手机在美国极限施压情况下的生存能力有了本质改善，能够有效震慑美国动用极端手段打击中国公司。如果安卓生态能够顺利使用，鸿蒙也不需要将手机当发展重点，而是在IT领域全面发展。 O鸿蒙OS：保障手机生存，在IT领域全面发展 ​                ", "author": "风云学会陈经", "time": "风云学会陈经2019年08月11日11:50 来自微博weibo.com", "transmit": " 转发 304", "comment": "评论 74", "zan": " 478"}, {"text": "\n                    【解密华为鸿蒙OS核心武器 下一代操作系统争夺战开启】自华为备胎方案浮出水面以来，鸿蒙OS就成为万众瞩目的B计划。在谷歌安卓系统合作没有恢复的情况下，鸿蒙OS被认为是待发的替代者，不过鸿蒙的野心并不在手机上。余承东也再次强调，华为会优先使用安卓操作系统，考虑到安卓生态，减少大家的工作量 ​  展开全文c \n                    【解密华为鸿蒙OS核心武器 下一代操作系统争夺战开启】自华为备胎方案浮出水面以来，鸿蒙OS就成为万众瞩目的B计划。在谷歌安卓系统合作没有恢复的情况下，鸿蒙OS被认为是待发的替代者，不过鸿蒙的野心并不在手机上。余承东也再次强调，华为会优先使用安卓操作系统，考虑到安卓生态，减少大家的工作量。如果谷歌操作系统不能使用了，那就可以随时转移到鸿蒙OS上。他告诉记者，鸿蒙在手机中已经适配完成，达到了商用的程度。鸿蒙OS能够一举补上生态和系统两个漏洞，这也是消费者业务目前的最大漏洞。即，退一步，海阔天空，进一步，华为也有应对。那么，为什么有B计划还要用安卓？→O解密华为鸿蒙OS核心\"武器\" 下一代操作系统争夺战开启 收起全文d\n", "author": "中国经济网", "time": "中国经济网2019年08月11日10:40 来自微博weibo.com", "transmit": " 转发 9", "comment": "评论 16", "zan": " 50"}, {"text": "\n                    另一个视角：华为鸿蒙的战略价值！值得一读。O鸿蒙，特朗普又被任正非“欺骗”搞懵 ​                ", "author": "短线刀客888", "time": "短线刀客8882019年08月11日17:33 来自三星GalaxyS9+", "transmit": " 转发 9", "comment": "评论 9", "zan": " 51"}, {"text": "\n华为鸿蒙系统正式发布，一腾讯工程师却认为是用来骗钱的 ​                ", "author": "旧情甚堪", "time": "旧情甚堪2019年08月11日14:54", "transmit": " 转发 10", "comment": "评论 44", "zan": " 171"}, {"text": "\n                    【华为有了鸿蒙，为何还要用安卓？】华为推出“鸿蒙”系统让业界振奋，华为称，随时可以改用鸿蒙系统，但为了合作现在会坚持用安卓系统。2018年，全球卖出14亿台手机，80%使用安卓系统，让苹果始终有紧迫感。实际上，除了谷歌三星，它的成功要感激中国市场才行。这其中华为自然也功不可没。 ​  展开全文c \n                    【华为有了鸿蒙，为何还要用安卓？】华为推出“鸿蒙”系统让业界振奋，华为称，随时可以改用鸿蒙系统，但为了合作现在会坚持用安卓系统。2018年，全球卖出14亿台手机，80%使用安卓系统，让苹果始终有紧迫感。实际上，除了谷歌三星，它的成功要感激中国市场才行。这其中华为自然也功不可没。L老板联播的秒拍视频 收起全文d\n", "author": "新财富杂志", "time": "新财富杂志2019年08月11日12:13 来自iPhone8Plus", "transmit": " 转发 17", "comment": "评论 54", "zan": " 116"}, {"text": "\n                    2019#华为开发者大会# 上，华为推出“鸿蒙”系统让业界振奋，华为称，随时可改用鸿蒙系统，但为了合作现在会坚持用安卓系统。2018年，全球卖出14亿台手机，80%使用安卓系统，让苹果始终有紧迫感。实际上，除了谷歌三星，它的成功要感激中国市场才行。这其中华为自然也功不可没。L老板联播的秒拍视频  ​  展开全文c \n                    2019#华为开发者大会# 上，华为推出“鸿蒙”系统让业界振奋，华为称，随时可改用鸿蒙系统，但为了合作现在会坚持用安卓系统。2018年，全球卖出14亿台手机，80%使用安卓系统，让苹果始终有紧迫感。实际上，除了谷歌三星，它的成功要感激中国市场才行。这其中华为自然也功不可没。L老板联播的秒拍视频 ​​​ 收起全文d\n", "author": "电商在线", "time": "电商在线2019年08月11日16:07 来自iPhone客户端", "transmit": " 转发 11", "comment": "评论 51", "zan": " 235"}, {"text": "\n                    发表了博文《转载：鸿蒙开源不被GitHub牵鼻子，中国开源社区即将问世|华为松湖对话》鸿蒙开源不被GitHub牵鼻子，中国开源社区即将问世|华为松湖对话原创：新智元新智元昨天新智元报道编辑：张佳，木青O转载：鸿蒙开源不被GitHub牵鼻子，中国开源社区即将问世|华为松湖对话 ​                ", "author": "但斌", "time": "但斌2019年08月11日00:56 来自新浪博客", "transmit": " 转发 36", "comment": "评论 11", "zan": " 88"}, {"text": "\n                    【分析：现阶段不宜夸大鸿蒙影响力】有分析指，华为的操作系统鸿蒙主要面向物联网，适合工业领域，而基于中国国内市场的制造业有足够需求，这方面不难取得成功，但真正的考验在于国际市场的接纳度，尤其在手机领域。O指华为须克服构造系统生态和攻占国际市场 分析：现阶段不宜夸大鸿蒙影响力 ​                ", "author": "早报网", "time": "早报网2019年08月11日09:51 来自微博weibo.com", "transmit": " 转发 83", "comment": "评论 210", "zan": " 862"}, {"text": "\n                    今天仔细分析了一下华为鸿蒙，认为成功可能性不大，但华为、中国企业仍然有机会在全球推出成功的操作系统、数据库软件，只是要瞄准细分市场。欢迎拍砖、欢迎分享O鸿蒙成功的概率不大，中国企业能推出成功的操作系统、数据库吗？ ​                ", "author": "陶建辉-Jeff", "time": "陶建辉-Jeff2019年08月11日19:27 来自iPhoneX", "transmit": " 转发 31", "comment": "评论 36", "zan": " 58"}, {"text": "\n                    【科大讯飞轮值总裁胡郁：鸿蒙系统有开发者梦寐以求的技术】8月10日，在华为开发者大会的松湖对话上，科大讯飞轮值总裁胡郁表示，手机应用场景下，语音交互只有输入功能，发展速度很慢，但多个屏幕互动时代，语音交互能大量应用，对于开发者，鸿蒙有梦寐以求的东西，华为也有代表中国的实力。 ​  展开全文c \n                    【科大讯飞轮值总裁胡郁：鸿蒙系统有开发者梦寐以求的技术】8月10日，在华为开发者大会的松湖对话上，科大讯飞轮值总裁胡郁表示，手机应用场景下，语音交互只有输入功能，发展速度很慢，但多个屏幕互动时代，语音交互能大量应用，对于开发者，鸿蒙有梦寐以求的东西，华为也有代表中国的实力。L老板联播的秒拍视频 收起全文d\n", "author": "中国企业家杂志", "time": "中国企业家杂志2019年08月11日23:33 来自iPhone客户端", "transmit": " 转发 60", "comment": "评论 44", "zan": " 205"}, {"text": "\n                    【#华为筹建中国开源基金#：最快一两月内运营，华为无控制权】8月10日，华为开发者大会的松湖对话环节，华为消费者BG软件部总裁王成录称，华为在和主要的合作伙伴在讨论中国开源基金会，最快一两个月，基金会将正式的运营起来，这是完全公益的、非盈利的、开放的。华为方面也解释，鸿蒙开源有很多架 ​  展开全文c \n                    【#华为筹建中国开源基金#：最快一两月内运营，华为无控制权】8月10日，华为开发者大会的松湖对话环节，华为消费者BG软件部总裁王成录称，华为在和主要的合作伙伴在讨论中国开源基金会，最快一两个月，基金会将正式的运营起来，这是完全公益的、非盈利的、开放的。华为方面也解释，鸿蒙开源有很多架构，考虑给基金会运作，华为在里面没有控制权和主导权。L老板联播的秒拍视频 收起全文d\n", "author": "雪球", "time": "雪球2019年08月11日18:50 来自微博weibo.com", "transmit": " 转发 35", "comment": "评论 22", "zan": " 131"}, {"text": "\n                    发布了头条文章：《鸿蒙OS未来前景如何？华为Mate30外观确认》  O鸿蒙OS未来前景如何？华为Mate30外观确认 ​                ", "author": "科技美学", "time": "科技美学2019年08月11日18:45 来自微博weibo.com", "transmit": " 转发 20", "comment": "评论 217", "zan": " 750"}, {"text": "\n                    【华为筹建中国开源基金：最快一两月内运营，华为无控制权】8月10日，华为开发者大会的松湖对话环节，华为消费者BG软件部总裁王成录称，华为在和主要的合作伙伴在讨论中国开源基金会，最快一两个月，基金会将正式的运营起来，这是完全公益的、非盈利的、开放的。华为方面也解释，鸿蒙开源有很多架构， ​  展开全文c \n                    【华为筹建中国开源基金：最快一两月内运营，华为无控制权】8月10日，华为开发者大会的松湖对话环节，华为消费者BG软件部总裁王成录称，华为在和主要的合作伙伴在讨论中国开源基金会，最快一两个月，基金会将正式的运营起来，这是完全公益的、非盈利的、开放的。华为方面也解释，鸿蒙开源有很多架构，考虑给基金会运作，华为在里面没有控制权和主导权。L老板联播的秒拍视频 收起全文d\n", "author": "中国经济网", "time": "中国经济网2019年08月11日20:00 来自微博weibo.com", "transmit": " 转发 6", "comment": "评论 10", "zan": " 56"}, {"text": "\n                    【华为进军电视行业首款产品揭开面纱 能否搅动市场？】华为正式杀入电视市场。8月10日下午，华为旗下荣耀品牌正式发布智慧屏，这是华为旗下首款搭载鸿蒙系统的终端产品。相较国内电视品牌，荣耀智慧屏售价高。它是否能真正搅动电视市场？ O华为进军电视行业首款产品揭开面纱 能否搅动行业？ ​                ", "author": "财新网", "time": "财新网2019年08月11日14:18 来自财新网", "transmit": " 转发 11", "comment": "评论 46", "zan": " 173"}]