[{"text": "\n互联网【#周鸿祎谈鸿蒙系统# 建议开源打造生态，让其他手机厂商也能用】6月26日，360集团董事长兼CEO周鸿祎在“2019南京创新周”大会上称：建议华为可以用开源的方式开发鸿蒙系统，把这个操作系统像安卓一样开源，变成整个中国IT产业、互联网产业共同参与打造的一个生态操作系统。@五环短视频  ​  展开全文c \n互联网【#周鸿祎谈鸿蒙系统# 建议开源打造生态，让其他手机厂商也能用】6月26日，360集团董事长兼CEO周鸿祎在“2019南京创新周”大会上称：建议华为可以用开源的方式开发鸿蒙系统，把这个操作系统像安卓一样开源，变成整个中国IT产业、互联网产业共同参与打造的一个生态操作系统。@五环短视频 L五环短视频的秒拍视频 收起全文d\n", "author": "创业吧Startup", "time": "创业吧Startup2019年07月03日21:29 来自互联网超话", "transmit": " 转发 13", "comment": "评论 1", "zan": " 3"}]