[{"text": "\n                    【华为高管称正为鸿蒙操作系统的发布做准备】据报道，中国电信设备巨头华为技术有限公司的一位高管周四称，公司正为“鸿蒙”操作系统的发布做准备，以取代美国的安卓系统。O网页链接 ​                ", "author": "早报网", "time": "早报网2019年06月14日11:19 来自微博weibo.com", "transmit": " 转发 87", "comment": "评论 441", "zan": " 1530"}, {"text": "\n华为的鸿蒙系统能成功吗？一位来自某大厂的开发工程师比较真实的声音。 ​                ", "author": "程序员新视界", "time": "程序员新视界2019年06月14日12:40 来自微博weibo.com", "transmit": " 转发 12", "comment": "评论 20", "zan": " 61"}, {"text": "\n                    【华为双剑合璧：国内鸿蒙，国外方舟】有消息称，小米、OPPO、vivo等国产手机，正在参与华为鸿蒙系统的测试，相关机型已达百万台。更重要的是，除了手机厂商，阿里、百度、腾讯、360等互联网公司也开始测试华为系统，打造生态。毫无疑问，谷歌担心华为系统会成为安卓真正的竞争对手，不无道理。有时候 ​  展开全文c \n                    【华为双剑合璧：国内鸿蒙，国外方舟】有消息称，小米、OPPO、vivo等国产手机，正在参与华为鸿蒙系统的测试，相关机型已达百万台。更重要的是，除了手机厂商，阿里、百度、腾讯、360等互联网公司也开始测试华为系统，打造生态。毫无疑问，谷歌担心华为系统会成为安卓真正的竞争对手，不无道理。有时候，我们得感谢外界的困难和不公，是它们逼出了华为一个又一个转正的B计划，推动了中国企业的团结，加速了中国科技前进的脚步！ 收起全文d\n", "author": "造星中国", "time": "造星中国2019年06月14日00:31 来自魅蓝metal", "transmit": " 转发 3", "comment": "评论 6", "zan": " 33"}, {"text": "\n                    原来对华为产品的了解，仅仅限于手机和电信设备，最近打开华为商城做了一个浏览，才发现华为还有那么多应用产品，本来想等到鸿蒙系统出来之后再全部更新现有设备，现在决定过渡一下，先给家人换些马上可以用的东西，也算是对华为和任总表示敬意。 ​                ", "author": "陶永谊", "time": "陶永谊2019年06月14日21:58 来自荣耀V10我AI的快", "transmit": " 转发 22", "comment": "评论 71", "zan": " 475"}, {"text": "\n                    【】“全世界把5G做的最好的是华为，西方其实是个高等大农村，要想看8K电视，它非买华为不可。”任老自信的样子真可爱，莫名的自豪。#华为接受英国议会质询##华为全球多地注册鸿蒙商标# L全球奇闻微爆光的微博视频 ​                ", "author": "中国科技网", "time": "中国科技网2019年06月14日07:12 来自Android", "transmit": " 转发 5", "comment": "评论 5", "zan": " 30"}, {"text": "\n                    【郭明錤：华为可能在 10 月出货鸿蒙手机】在天风国际证券近日的报告中，郭明錤预测华为或将于 10 月开始出货鸿蒙手机。他们预测，鸿蒙手机初期因暂无法满足非中国市场中高端用户的应用程序生态需求，将定位低端市场为主，初期出货将主要集中在中欧、东欧与新兴市场。 ​                ", "author": "爱范儿", "time": "爱范儿2019年06月14日10:49 来自微博weibo.com", "transmit": " 转发 6", "comment": "评论 27", "zan": " 27"}]