[{"text": "\n鸿蒙操作系统即将露出真容！       据悉，华为两款液晶电视在5月底便已通过3C认证，其认证型号为OSCA－550/Osca-550A，申请人为华为技术有限公司，生产厂为合肥京东方视讯科技有限公司。      同时，有报道称，这款5G电视从芯片、操作系统到屏幕均是中国制造。具体来说，华为电视面板将采用京东方 ​  展开全文c \n鸿蒙操作系统即将露出真容！       据悉，华为两款液晶电视在5月底便已通过3C认证，其认证型号为OSCA－550/Osca-550A，申请人为华为技术有限公司，生产厂为合肥京东方视讯科技有限公司。      同时，有报道称，这款5G电视从芯片、操作系统到屏幕均是中国制造。具体来说，华为电视面板将采用京东方（BOE）55英寸面板，和华星光电（CSOT）65英寸的面板；操作系统将采用华为自研鸿蒙操作系统；芯片将采用华为海思麒麟芯片。 收起全文d\n", "author": "城城AI", "time": "城城AI2019年06月21日12:12 来自微博weibo.com", "transmit": " 转发 22", "comment": "评论 77", "zan": " 464"}]