[{"text": "\n                    说实话我并不看好华为自研的鸿蒙系统，想想当年诺基亚的MEEGO及最早的塞班，哪怕是windows的手机系统，生态链不完善，支持的APP太少，最终这些系统都被淘汰了。现在世界上就剩下基于Linux的安卓和苹果iOS，这个是自然淘汰的结果 ​                ", "author": "大项的天", "time": "大项的天2019年05月31日09:35 来自iPhoneXS", "transmit": " 转发 36", "comment": "评论 1270", "zan": " 1767"}, {"text": "\n                    【华为自创鸿蒙谋求突围：重建生态系统“有难度”】华为早前称将公布自己研发的手机操作系统“鸿蒙”，以求在谷歌停止提供手机操作系统安卓（Android）更新前，用自己研发的操作系统取代安卓。有学者认为，华为要编写自己的操作系统不是难事，但吸引第三方开发者为这个平台编写应用程序，或是说服使用 ​  展开全文c \n                    【华为自创鸿蒙谋求突围：重建生态系统“有难度”】华为早前称将公布自己研发的手机操作系统“鸿蒙”，以求在谷歌停止提供手机操作系统安卓（Android）更新前，用自己研发的操作系统取代安卓。有学者认为，华为要编写自己的操作系统不是难事，但吸引第三方开发者为这个平台编写应用程序，或是说服使用者从安卓或苹果系统转到这个新系统，却不是容易的事。O网页链接 收起全文d\n", "author": "BBC_英伦网", "time": "BBC_英伦网2019年05月31日16:07 来自微博weibo.com", "transmit": " 转发 26", "comment": "评论 323", "zan": " 475"}, {"text": "\n华为的员工点了份外卖，收到时看到菜单上写着：期待鸿蒙，华为加油，辛苦了！​莫名的感动！ ​                ", "author": "圈内鸡霸", "time": "圈内鸡霸2019年05月31日16:01 来自iPhone7", "transmit": " 转发 5", "comment": "评论 12", "zan": " 207"}, {"text": "\n                    【对华为自研操作系统鸿蒙的几点看法】1.鸿蒙是对底层安卓系统的替代，在桌面UI层面会和原来的EMUI一样，各种功能和使用安卓时候没有太大变化，这样可以确保用户使用习惯不被改变。2.以华为的水平和这些年基于对安卓底层代码的优化经验，鸿蒙的流畅度会非常好，运行效率将超过安卓。3.主要的问题是生态 ​  展开全文c \n                    【对华为自研操作系统鸿蒙的几点看法】1.鸿蒙是对底层安卓系统的替代，在桌面UI层面会和原来的EMUI一样，各种功能和使用安卓时候没有太大变化，这样可以确保用户使用习惯不被改变。2.以华为的水平和这些年基于对安卓底层代码的优化经验，鸿蒙的流畅度会非常好，运行效率将超过安卓。3.主要的问题是生态，需要大量APP进行适配，并且要经过大规模长时间测试，确保运行不出问题，以免系统一上市，bug频现，导致使用体验下降，如果口碑坏了，对国产系统是个致命打击，所以不能着急，稳妥一些好。 收起全文d\n", "author": "中国IT杂谈", "time": "中国IT杂谈2019年05月31日09:15", "transmit": " 转发 22", "comment": "评论 145", "zan": " 530"}, {"text": "\n                    就凭任总这句话，别说鸿蒙了，就是装塞班系统也要用华为。 L媒体人张晓磊的秒拍视频 ​                ", "author": "媒体人张晓磊", "time": "媒体人张晓磊2019年05月31日11:51 来自微博视频", "transmit": " 转发 529", "comment": "评论 247", "zan": " 2664"}, {"text": "\n                    对华为自研系统鸿蒙的几点看法 ​                ", "author": "程序员新视界", "time": "程序员新视界2019年05月31日12:03", "transmit": " 转发 15", "comment": "评论 102", "zan": " 293"}, {"text": "\n                    凌晨5点，华为总部科研人员还在继续为鸿蒙系统测试，为这些争分夺秒的华为工程师们点赞 ​                ", "author": "程序员新视界", "time": "程序员新视界2019年05月31日20:56 来自微博weibo.com", "transmit": " 转发 15", "comment": "评论 33", "zan": " 188"}, {"text": "\n                    孤狗怂了！孤狗不知道什么叫“鸿蒙”，以为那是很远很远的事。突然，欧洲站起来一个巨大的身影：我就是“鸿蒙”。昨天美国CNBC报道，孤狗目前正在重新审视与华为的关系，并表示将在放宽了限制之后，将会撤销与华为暂停合作的这一个决定，并且尽最大的努力挽回和华为之间的关系。  ​  展开全文c \n                    孤狗怂了！孤狗不知道什么叫“鸿蒙”，以为那是很远很远的事。突然，欧洲站起来一个巨大的身影：我就是“鸿蒙”。昨天美国CNBC报道，孤狗目前正在重新审视与华为的关系，并表示将在放宽了限制之后，将会撤销与华为暂停合作的这一个决定，并且尽最大的努力挽回和华为之间的关系。 #我看股市新热点# #微博赚钱季# 收起全文d\n", "author": "司马子瀟瀟", "time": "司马子瀟瀟2019年05月31日22:58", "transmit": " 转发 79", "comment": "评论 60", "zan": " 205"}]