[{"text": "\n华为不在手机上推出鸿蒙系统的原因原来是这样 ​                ", "author": "Geek_Cao", "time": "Geek_Cao2019年07月18日20:00", "transmit": " 转发 28", "comment": "评论 360", "zan": " 1710"}, {"text": "\n                    知名大V评论华为鸿蒙系统：个人觉得其实华为并不忍心上马自主研发的鸿蒙系统，因为一旦启用，安卓将被秒杀，iOS都地位难保，以华为的企业文化，并不想把竞争对手逼到墙角。不过事已至此，也不得不反击了，况且这样机会也挺难得的。你们觉得是这样吗？ ​                ", "author": "科技Yu", "time": "科技Yu2019年07月18日17:29", "transmit": " 转发 30", "comment": "评论 66", "zan": " 151"}]