[{"text": "\n                    【鸿蒙的虚实，华为的进退】从任正非冒险签署一系列华为内部改革文件时起，华为的备胎计划已按下启动键。外界最为关心华为是否将放出自主操作系统鸿蒙，但事实上，华为正在以业务底线思维、法律和舆论场绝地反击组合成的通盘策略应对当下的巨大危机，鸿蒙只是其中一环。@财经杂志 O鸿蒙的虚实，华为的进退 ​                ", "author": "新浪科技", "time": "新浪科技2019年07月22日12:30 来自微博weibo.com", "transmit": " 转发 54", "comment": "评论 112", "zan": " 378"}, {"text": "\n                    ●央视最新权威报道《华为，突围》18分钟完整版——非常全面介绍了华为如何用技术突破美国的包围，特别提到了华为荣耀智慧屏或将搭载鸿蒙系统！#华为# L建华Wei业的微博视频 ​                ", "author": "最拉风的视频", "time": "最拉风的视频2019年07月22日09:58 来自荣耀V204800万3D相机", "transmit": " 转发 14", "comment": "评论 6", "zan": " 24"}, {"text": "\n                    【鸿蒙的虚实，华为的进退】业务底线思维，法律和舆论场绝地反击，华为正在以通盘策略应对当下的巨大危机，鸿蒙只是其中一环。（科技杂谈）O鸿蒙的虚实，华为的进退 ​                ", "author": "全景网", "time": "全景网2019年07月22日19:53 来自搜狗高速浏览器", "transmit": " 转发 9", "comment": "评论 6", "zan": " 16"}]