[{"text": "\n                    【谷歌也妥协了！这些美国企业为何纷纷“变脸”倒戈华为？】对于谷歌来说，如果真的断绝为华为提供服务，谷歌相当于失去了一大部分的中国市场和部分国际市场。另外，5月24日，国家知识产权局商标局网站显示，华为已申请“华为鸿蒙”商标。而“鸿蒙”是华为自行研发长达7年的操作系统，该系统不只适用于 ​  展开全文c \n                    【谷歌也妥协了！这些美国企业为何纷纷“变脸”倒戈华为？】对于谷歌来说，如果真的断绝为华为提供服务，谷歌相当于失去了一大部分的中国市场和部分国际市场。另外，5月24日，国家知识产权局商标局网站显示，华为已申请“华为鸿蒙”商标。而“鸿蒙”是华为自行研发长达7年的操作系统，该系统不只适用于手机，而是将手机、电脑、平板、电视、汽车、智能穿戴全面打通的一个全新的操作系统。O谷歌也妥协了！这些美国企业为何纷纷“变脸”倒戈华为？ 收起全文d\n", "author": "新财富杂志", "time": "新财富杂志2019年06月08日18:58 来自iPhone8Plus", "transmit": " 转发 101", "comment": "评论 644", "zan": " 1451"}, {"text": "\n#华为将推出新款操作系统#【华为或于8月或9月推出新款操作系统】华为正在集中测试自己的操作系统，据悉这一系统在国内市场命名为#鸿蒙OS# ，在海外市场命名为#方舟OS# ，这一系统或在8月份或9月份推出。（来源：环球时报） ​                ", "author": "每日经济新闻", "time": "每日经济新闻2019年06月08日08:18 来自微博weibo.com", "transmit": " 转发 34", "comment": "评论 44", "zan": " 324"}, {"text": "\n                    【华为正在全力测试鸿蒙系统 系统界面首次曝光！ 】据权威媒体透露，华为正在集中测试自己的操作系统，据悉这一系统在国内市场命名为“鸿蒙OS”，在海外市场命名为“方舟OS”，这一系统将在8月份或9月份推出。而外媒也首次曝光疑似鸿蒙系统系统界面，有兼容安卓软件的相关描述，更令人期待了！#华为# ​                ", "author": "建华Wei业", "time": "建华Wei业2019年06月08日07:46 来自手机超话", "transmit": " 转发 22", "comment": "评论 48", "zan": " 206"}, {"text": "\n                    你们知道，为什么华为的系统叫鸿蒙吗？因为homv ​                ", "author": "贰手艺术家", "time": "贰手艺术家2019年06月08日18:06 来自HUAWEIP30Pro", "transmit": " 转发 12", "comment": "评论 137", "zan": " 602"}, {"text": "\n                    【担忧华为自给自足，谷歌搬出“国安风险”要美取消禁令】在美国政府将华为列入“实体清单”后，谷歌宣布中止华为更新安卓，但华为强调有能力继续发展和使用安卓生态 。而随着“鸿蒙”、“方舟”接连现身，华为方面也表示，最快今年秋天，最晚明年春天，华为自己的操作系统将可能面市，届时将兼容全部 ​  展开全文c \n                    【担忧华为自给自足，谷歌搬出“国安风险”要美取消禁令】在美国政府将华为列入“实体清单”后，谷歌宣布中止华为更新安卓，但华为强调有能力继续发展和使用安卓生态 。而随着“鸿蒙”、“方舟”接连现身，华为方面也表示，最快今年秋天，最晚明年春天，华为自己的操作系统将可能面市，届时将兼容全部的安卓应用。美国的“封杀”，反而加快了华为自给自足的脚步，这让谷歌有些着急了。英国《金融时报》6月7日报道，谷歌已就“华为禁令”向特朗普政府发出警告，他们编织出的理由是，若由华为开发自己版本的安卓操作系统，将“更容易受黑客攻击”，“损害美国国家安全”。报道援引三名消息人士的话说，谷歌的高管们正在敦促美国政府免除对华为的出口禁令。对谷歌而言，他们尤其担心的是，若华为手机无法更新安卓操作系统，将促使华为自行开发自己的软件版本。消息人士透露，谷歌一直在辩称，美国阻止该公司与华为打交道，可能会产生两种安卓操作系统：正版和混合型操作系统。后者“可能会有更多的漏洞”，从而使华为手机“面临更多被黑客攻击的风险，尤其是来自中国的黑客”。谷歌声称，其关注点是“保护现有的全球百万使用华为手机的谷歌用户”。O担忧华为自给自足，谷歌搬出“国安风险”要美取消禁令 收起全文d\n", "author": "观察者网TMT", "time": "观察者网TMT2019年06月08日09:00 来自微博weibo.com", "transmit": " 转发 21", "comment": "评论 23", "zan": " 200"}, {"text": "\n                    这才是真正的第一款商用的5G终端，大规模商用的那种，华为5G CPE PRO，跟鸿蒙系统那种高层次技术不一样，CPE这种最底端的产品，恰恰是帮助5G推广的关键基石。首批5G手机mate20X 5G，mate X折叠屏手机，都不如这个产品给市场的冲击力大 ​                ", "author": "钢的王十二", "time": "钢的王十二2019年06月08日10:12 来自瘦马破西风Android", "transmit": " 转发 5", "comment": "评论 43", "zan": " 124"}, {"text": "\n                    【华为新系统推出时间，或为8月或9月】据环球时报，华为正在集中测试自己的操作系统，据悉这一系统在国内市场命为“鸿蒙OS”，在海外市场命名为“方舟OS”，这一系统或在8月份或9月份推出。L老板联播的秒拍视频 ​                ", "author": "微博科技", "time": "微博科技2019年06月08日20:20", "transmit": " 转发 32", "comment": "评论 19", "zan": " 82"}]