[{"text": "\n                    【华为速度！传100万部鸿蒙OS手机进入测试阶段，Q4发布】#华为鸿蒙手机Q4发布# 知名产业链媒体在其digitimes付费文章中透露鸿蒙系统的新进展。根据digitimes援引美国证券经纪机构rosenblatt securities的智能手机供应链报告，华为将在今年四季度发布自主研发的鸿蒙操作系统。而目前，华为正针对旗下手 ​  展开全文c \n                    【华为速度！传100万部鸿蒙OS手机进入测试阶段，Q4发布】#华为鸿蒙手机Q4发布# 知名产业链媒体在其digitimes付费文章中透露鸿蒙系统的新进展。根据digitimes援引美国证券经纪机构rosenblatt securities的智能手机供应链报告，华为将在今年四季度发布自主研发的鸿蒙操作系统。而目前，华为正针对旗下手机基于鸿蒙系统进行测试，据爆料测试机数量达到了100万部。O华为速度！传100万部鸿蒙OS手机进入测试阶段，Q4发布 收起全文d\n", "author": "凤凰网科技", "time": "凤凰网科技2019年06月01日14:19 来自微博weibo.com", "transmit": " 转发 80", "comment": "评论 217", "zan": " 914"}, {"text": "\n                    【如果华为鸿蒙操作系统上市并没有安卓好用，大家会支持吗？】其实这还是要靠产品说话的，支持自然会对自研系统发展起到助推作用，但是也从不倡导道德绑架！自发支持的当然也是值得肯定，相信在用户和工程师的努力下，在中国14亿人口大市场的催生下，绝对可以诞生一款国人自主的手机操作系统，在 ​  展开全文c \n                    【如果华为鸿蒙操作系统上市并没有安卓好用，大家会支持吗？】其实这还是要靠产品说话的，支持自然会对自研系统发展起到助推作用，但是也从不倡导道德绑架！自发支持的当然也是值得肯定，相信在用户和工程师的努力下，在中国14亿人口大市场的催生下，绝对可以诞生一款国人自主的手机操作系统，在美国垄断的系统平台下撕开一个口子 收起全文d\n", "author": "宋敬亭", "time": "宋敬亭2019年06月01日17:52", "transmit": " 转发 16", "comment": "评论 219", "zan": " 342"}, {"text": "\n                    疑似华为鸿蒙系统现身，安卓和ios用久了，急需换个口味！另有消息称华为已出货100万部搭载华为鸿蒙系统的手机进行系统测试，2019Q4发布。不知道真假，如果鸿蒙系统支持你的手机，你会第一时间更新吗？ ​                ", "author": "搞机汇", "time": "搞机汇2019年06月01日16:32", "transmit": " 转发 27", "comment": "评论 178", "zan": " 502"}, {"text": "\n                    【华为的操作系统为什么中国叫鸿蒙，西方叫方舟？】网友：华为操作系统，一定叫鸿蒙吗？今天消息，华为在欧洲提交了“HUAWEI ARK OS”的商标申请。ARK的意思就是“方舟”，也就是说，华为系统的真正命名，可能是华为方舟操作系统。不过，也不排除，国内叫鸿蒙，国外叫方舟，但从申请来看，前者只有华为 ​  展开全文c \n                    【华为的操作系统为什么中国叫鸿蒙，西方叫方舟？】网友：华为操作系统，一定叫鸿蒙吗？今天消息，华为在欧洲提交了“HUAWEI ARK OS”的商标申请。ARK的意思就是“方舟”，也就是说，华为系统的真正命名，可能是华为方舟操作系统。不过，也不排除，国内叫鸿蒙，国外叫方舟，但从申请来看，前者只有华为鸿蒙，后者直接是华为方舟系统。无论如何，种种信号已经告诉我们，中国自主研发的操作系统要来了，前段时间的方舟编译器，就是华为系统面世的征兆。今天，鸿蒙也好，方舟也罢，鸿蒙之意开天辟地，方舟之意新的纪元，都寓意着崭新的开始，这必将是中国科技史上浓重的一笔！O没有一百个企业家出来挺华为公司，但我为什么必须站出来挺华为？陈文伍评：鸿蒙比盘古开天辟地还要早，开天辟地之先，天道万物之初，鸿蒙乃天地万物之始。有鸿蒙才有天地万物。 这说明华为的操作系统是造物主级别的工程。 收起全文d\n", "author": "陈文伍", "time": "陈文伍2019年06月01日03:14", "transmit": " 转发 198", "comment": "评论 274", "zan": " 1250"}, {"text": "\n鸿蒙系统只是开胃菜！华为备胎阵容曝光：堪比神兽军团！ ​                ", "author": "交易老手", "time": "交易老手2019年06月01日05:07 来自永合基金的Android", "transmit": " 转发 334", "comment": "评论 579", "zan": " 3874"}, {"text": "\n                    安卓一旦抛弃华为，华为启用自研的“鸿蒙”系统，你是否愿意尝试？ ​这位员工的回答亮了，也呼应了华为的格局！ ​​​​                ", "author": "我的朋友叫呆十三", "time": "我的朋友叫呆十三2019年06月01日22:00 来自微博weibo.com", "transmit": " 转发 15", "comment": "评论 67", "zan": " 781"}, {"text": "\n                    【腾讯、小米协助华为研发鸿蒙系统】网传华为出货100万部搭载鸿蒙系统的手机进行系统测试，将于2019四季度发布。更有传言说小米、腾讯等公司研发人员驰援华为，加紧系统研发和适配。如果消息属实，这个真得点个赞！华为不是一个人在战斗，一个好汉三个帮！ ​​​                ", "author": "请叫我夏虫", "time": "请叫我夏虫2019年06月01日22:16", "transmit": " 转发 15", "comment": "评论 78", "zan": " 290"}, {"text": "\n华为速度！传100万部鸿蒙OS手机进入测试阶段，Q4发布。 ​                ", "author": "股市风云", "time": "股市风云2019年06月01日17:12 来自iPhone8Plus", "transmit": " 转发 13", "comment": "评论 102", "zan": " 645"}, {"text": "\n                    就凭任总这句话，别说鸿蒙了，就是装塞班系统也要用华为。   #电影# L影视生的秒拍视频 ​                ", "author": "影视生", "time": "影视生2019年06月01日10:28 来自微博视频", "transmit": " 转发 16", "comment": "评论 22", "zan": " 192"}]