[{"text": "\n                    如果华为秋季发布鸿蒙系统手机，你会买吗？ 如果华为秋季发布鸿蒙系统手机，你会买吗？ ​                ", "author": "C科技", "time": "C科技2019年07月07日13:06", "transmit": " 转发 33", "comment": "评论 170", "zan": " 10431"}, {"text": "\n                    【任正非：华为操作系统鸿蒙将比安卓速度快60％】财联社7月7日讯，华为创始人任正非近日接受外媒专访，提及有关华为鸿蒙系统的问题时表示，鸿蒙系统的产生，本身并不是为了手机用，而是为了做物联网，又指鸿蒙系统很可能比安卓和苹果系统速度快。任正非透露，华为自主研发的操作系统“鸿蒙”旨在应用于 ​  展开全文c \n                    【任正非：华为操作系统鸿蒙将比安卓速度快60％】财联社7月7日讯，华为创始人任正非近日接受外媒专访，提及有关华为鸿蒙系统的问题时表示，鸿蒙系统的产生，本身并不是为了手机用，而是为了做物联网，又指鸿蒙系统很可能比安卓和苹果系统速度快。任正非透露，华为自主研发的操作系统“鸿蒙”旨在应用于多种设备，能够与印刷电路板、交换机、路由器、智能手机以及数据中心等兼容。该系统的处理延迟小于5毫秒，它将完美地适应物联网，还能够应用于自动驾驶。 收起全文d\n", "author": "财联社APP", "time": "财联社APP2019年07月07日12:04 来自微博weibo.com", "transmit": " 转发 45", "comment": "评论 85", "zan": " 269"}, {"text": "\n                    实时播报：【任正非：华为操作系统鸿蒙将比安卓速度快60％】华为创始人任正非近日接受外媒专访，提及有关华为鸿蒙系统的问题时表示，鸿蒙系统的产生，本身并不是为了手机用，而是为了做物联网，又指鸿蒙系统很可能比安卓和苹果系统速度快。任正非透露，华为自主研发的操作系统“鸿蒙”旨在应用于多种设 ​  展开全文c \n                    实时播报：【任正非：华为操作系统鸿蒙将比安卓速度快60％】华为创始人任正非近日接受外媒专访，提及有关华为鸿蒙系统的问题时表示，鸿蒙系统的产生，本身并不是为了手机用，而是为了做物联网，又指鸿蒙系统很可能比安卓和苹果系统速度快。任正非透露，华为自主研发的操作系统“鸿蒙”旨在应用于多种设备，能够与印刷电路板、交换机、路由器、智能手机以及数据中心等兼容。该系统的处理延迟小于5毫秒，它将完美地适应物联网，还能够应用于自动驾驶。 收起全文d\n", "author": "快兰斯24小时财经直播", "time": "快兰斯24小时财经直播2019年07月07日12:01 来自微博Win8客户端", "transmit": " 转发 26", "comment": "评论 20", "zan": " 55"}, {"text": "\n                    原来是物联网系统【任正非：华为操作系统鸿蒙将比安卓速度快60％】7月7日讯，华为创始人任正非近日接受外媒专访，提及有关华为鸿蒙系统的问题时表示，鸿蒙系统的产生，本身并不是为了手机用，而是为了做物联网，又指鸿蒙系统很可能比安卓和苹果系统速度快。任正非透露，华为自主研发的操作系统“鸿蒙 ​  展开全文c \n                    原来是物联网系统【任正非：华为操作系统鸿蒙将比安卓速度快60％】7月7日讯，华为创始人任正非近日接受外媒专访，提及有关华为鸿蒙系统的问题时表示，鸿蒙系统的产生，本身并不是为了手机用，而是为了做物联网，又指鸿蒙系统很可能比安卓和苹果系统速度快。任正非透露，华为自主研发的操作系统“鸿蒙”旨在应用于多种设备，能够与印刷电路板、交换机、路由器、智能手机以及数据中心等兼容。该系统的处理延迟小于5毫秒，它将完美地适应物联网，还能够应用于自动驾驶。 收起全文d\n", "author": "混沌与概率1997", "time": "混沌与概率19972019年07月07日13:06 来自小米8周年旗舰手机", "transmit": " 转发 11", "comment": "评论 12", "zan": " 80"}, {"text": "\n                    【任正非：华为操作系统鸿蒙将比安卓速度快60％】华为创始人任正非近日接受外媒专访，提及有关华为鸿蒙系统的问题时表示，鸿蒙系统的产生，本身并不是为了手机用，而是为了做物联网，又指鸿蒙系统很可能比安卓和苹果系统速度快。任正非透露，华为自主研发的操作系统“鸿蒙”旨在应用于多种设备，能够与 ​  展开全文c \n                    【任正非：华为操作系统鸿蒙将比安卓速度快60％】华为创始人任正非近日接受外媒专访，提及有关华为鸿蒙系统的问题时表示，鸿蒙系统的产生，本身并不是为了手机用，而是为了做物联网，又指鸿蒙系统很可能比安卓和苹果系统速度快。任正非透露，华为自主研发的操作系统“鸿蒙”旨在应用于多种设备，能够与印刷电路板、交换机、路由器、智能手机以及数据中心等兼容。该系统的处理延迟小于5毫秒，它将完美地适应物联网，还能够应用于自动驾驶。 收起全文d\n", "author": "云财经", "time": "云财经2019年07月07日12:02 来自小熊猫祖传Android", "transmit": " 转发 13", "comment": "评论 54", "zan": " 95"}, {"text": "\n                    【鸿蒙比安卓、苹果系统快？但任正非指出“失误” 】7月4日，法国新闻周刊杂志《观点》（Le Point）发布了最新一期杂志封面，华为董事长任正非担任主角。对于鸿蒙系统，任正非表示，“该系统的处理延迟小于5毫秒。它将完美地适应物联网，还能够应用于自动驾驶。”被问到“‘鸿蒙’操作系统是不是比谷歌 ​  展开全文c \n                    【鸿蒙比安卓、苹果系统快？但任正非指出“失误” 】7月4日，法国新闻周刊杂志《观点》（Le Point）发布了最新一期杂志封面，华为董事长任正非担任主角。对于鸿蒙系统，任正非表示，“该系统的处理延迟小于5毫秒。它将完美地适应物联网，还能够应用于自动驾驶。”被问到“‘鸿蒙’操作系统是不是比谷歌的安卓或是苹果的Mac OS X系统更快？”这一问题时，任正非谨慎回答：“很有可能。”并给出了一份技术方面的论据。然而，任正非也承认，在与谷歌和苹果竞争方面，华为有一个很大的失误：“与苹果的操作系统或安卓相比，我们仍然缺乏良好的应用程序生态系统。”O热点 | 鸿蒙比安卓、苹果系统快？但任正非指出“失误” 收起全文d\n", "author": "中国青年报", "time": "中国青年报2019年07月07日11:00 来自微博weibo.com", "transmit": " 转发 39", "comment": "评论 143", "zan": " 523"}, {"text": "\n                    【任正非：挖来的天才给的薪酬比谷歌还高， 鸿蒙系统很快上市】任正非表示，欢迎大家到华为来，但入职华为也是有门槛的。华为大学有一个考试系统，有大量的考试题目，首先要通过考试，才有面试机会。比如，你在世界计算机竞赛拿了金牌，工资可能是通常入职水平的5倍、6倍。每年世界上产生40个金牌获得 ​  展开全文c \n                    【任正非：挖来的天才给的薪酬比谷歌还高， 鸿蒙系统很快上市】任正非表示，欢迎大家到华为来，但入职华为也是有门槛的。华为大学有一个考试系统，有大量的考试题目，首先要通过考试，才有面试机会。比如，你在世界计算机竞赛拿了金牌，工资可能是通常入职水平的5倍、6倍。每年世界上产生40个金牌获得者，我们今年挖了一批进来，薪酬定得比谷歌还高。今年进了一些少年天才，明年会有更多的少年天才涌向我们。L老板联播的秒拍视频 收起全文d\n", "author": "新浪科技", "time": "新浪科技2019年07月07日20:10 来自微博weibo.com", "transmit": " 转发 80", "comment": "评论 37", "zan": " 298"}, {"text": "\n                    【任正非：挖来的天才给的薪酬比谷歌还高， 鸿蒙系统很快上市】任正非表示，欢迎大家到华为来，但入职华为也是有门槛的。华为大学有一个考试系统，有大量的考试题目，首先要通过考试，才有面试机会。比如，你在世界计算机竞赛拿了金牌，工资可能是通常入职水平的5倍、6倍。每年世界上产生40个金牌获得 ​  展开全文c \n                    【任正非：挖来的天才给的薪酬比谷歌还高， 鸿蒙系统很快上市】任正非表示，欢迎大家到华为来，但入职华为也是有门槛的。华为大学有一个考试系统，有大量的考试题目，首先要通过考试，才有面试机会。比如，你在世界计算机竞赛拿了金牌，工资可能是通常入职水平的5倍、6倍。每年世界上产生40个金牌获得者，我们今年挖了一批进来，薪酬定得比谷歌还高。今年进了一些少年天才，明年会有更多的少年天才涌向我们。L老板联播的秒拍视频 收起全文d\n", "author": "新财富杂志", "time": "新财富杂志2019年07月07日14:13 来自iPhone8Plus", "transmit": " 转发 172", "comment": "评论 77", "zan": " 362"}, {"text": "\n华为：基于用户的体验，仍将继续使用安卓！也就是手机使用鸿蒙的希望越来越低了 ​                ", "author": "科技新一", "time": "科技新一2019年07月07日12:24", "transmit": " 转发 45", "comment": "评论 436", "zan": " 2051"}, {"text": "\n                    谜底揭晓任正非表示，传的沸沸扬扬的“鸿蒙系统”并非为手机而生，主要是用于物联网关于手机系统，华为当然还是愿意使用安卓了，如果安卓不对华为开放，华为还是会使用自己研发的手机系统的，这波操作666 ​                ", "author": "盘点科技黄小平", "time": "盘点科技黄小平2019年07月07日08:27 来自新机真香警告", "transmit": " 转发 44", "comment": "评论 215", "zan": " 710"}]