[{"text": "\n                    解读 华为鸿蒙系统已在100万台手机上完成测试，比安卓快60%！ L喜讯！华为鸿蒙系统已在100万台手机上完成测试，比安卓快60%！ ​                ", "author": "义勇军--鬼谷子", "time": "义勇军--鬼谷子2019年06月25日13:05 来自腾讯视频", "transmit": " 转发 24", "comment": "评论 24", "zan": " 91"}, {"text": "\n华为的一位员工在深夜加班时，点了份外卖。当拿到外卖时，配送单上的字显得异常醒目：“期待鸿蒙，华为加油，辛苦了！！！”短短的11个字在这个安静的深夜显得异常温暖，拿到外卖的华为员工瞬间泪崩。 ​                ", "author": "人力资源研究", "time": "人力资源研究2019年06月25日15:47 来自iPhone客户端", "transmit": " 转发 7", "comment": "评论 17", "zan": " 125"}]