[{"text": "\n                    网友： 为什么我看着这个，华为的鸿蒙系这么像Flyme呢？像吗 ​                ", "author": "IT科技侠", "time": "IT科技侠2019年05月21日10:55 来自微博weibo.com", "transmit": " 转发 16", "comment": "评论 398", "zan": " 364"}, {"text": "\n@华为手机 快点出鸿蒙手机吧，我等不及买了！@余承东 ​                ", "author": "老曾阿牛", "time": "老曾阿牛2019年05月21日07:35 来自微博weibo.com", "transmit": " 转发 60", "comment": "评论 95", "zan": " 457"}]