[{"text": "\n                    【华为的“鸿蒙”，能带领中国自主系统走多远？】#科技袁人#华为推出“鸿蒙”，究竟对于中国乃至全世界的操作系统市场会有怎样的影响？今天，袁老师从“技术”和“商业”两个层面为我们全面分析华为“鸿蒙”带来的可能性！ L【科技袁人】华为的“鸿蒙”，能带领中国自主系统走多远？ ​                ", "author": "观视频工作室", "time": "观视频工作室2019年06月22日00:29 来自哔哩哔哩", "transmit": " 转发 68", "comment": "评论 44", "zan": " 133"}, {"text": "\n                    有媒体说华为鸿蒙系统是基于“旗鱼OS”开发的，还有说旗鱼是华为第二套备选系统，到底有准没准的实际随口就来？#互联网# ​                ", "author": "手中掌握", "time": "手中掌握2019年06月22日13:06", "transmit": " 转发 9", "comment": "评论 23", "zan": " 46"}, {"text": "\n                    发布了头条文章：《什么原因在影响着鸿蒙系统的上市节奏，什么影响着他的成功》 华为想要推广鸿蒙操作系统，有且只有一个策略：那就是拿华为最好的手机、最具性价比的手机、加上最受市场欢迎的手机，三大类产品线全部改为鸿蒙系统。 O什么原因在影响着鸿蒙系统的上市节奏，什么影响着他的成功 ​                ", "author": "钢的王十二", "time": "钢的王十二2019年06月22日08:38 来自微博weibo.com", "transmit": " 转发 4", "comment": "评论 30", "zan": " 85"}]