[{"text": "\n                    【谷歌服务被中止? #华为自研操作系统鸿蒙# 已经准备好了！】5月19日，路透社援引单一匿名信源报道称，Google 已经停止与华为之间除了开源以外的一切业务。据了解，华为从2012年开始规划自有操作系统“鸿蒙”，意在成为谷歌Android系统的替代品。余承东曾表示，我们已经准备好了自己的操作系统， ​  展开全文c \n                    【谷歌服务被中止? #华为自研操作系统鸿蒙# 已经准备好了！】5月19日，路透社援引单一匿名信源报道称，Google 已经停止与华为之间除了开源以外的一切业务。据了解，华为从2012年开始规划自有操作系统“鸿蒙”，意在成为谷歌Android系统的替代品。余承东曾表示，我们已经准备好了自己的操作系统，一旦发生了不能够再使用这些（来自Google和微软的）操作系统的情况，我们就会做好启动B计划的准备。O谷歌服务被中止?华为自研操作系统“鸿蒙”待命 收起全文d\n", "author": "新浪财经", "time": "新浪财经2019年05月20日10:08 来自微博weibo.com", "transmit": " 转发 249", "comment": "评论 287", "zan": " 594"}, {"text": "\n                    【谷歌服务“被中止”？#华为自研操作系统鸿蒙#待命】5 月 19 日，路透社援引单一匿名信源报道称，Google 已经停止与华为之间除了开源以外的一切业务。据记者了解，华为从2012年开始规划自有操作系统“鸿蒙”，意在成为谷歌Android系统的替代品。余承东曾表示，我们已经准备好了自己的操作系统，一旦发 ​  展开全文c \n                    【谷歌服务“被中止”？#华为自研操作系统鸿蒙#待命】5 月 19 日，路透社援引单一匿名信源报道称，Google 已经停止与华为之间除了开源以外的一切业务。据记者了解，华为从2012年开始规划自有操作系统“鸿蒙”，意在成为谷歌Android系统的替代品。余承东曾表示，我们已经准备好了自己的操作系统，一旦发生了不能够再使用这些（来自Google和微软的）操作系统的情况，我们就会做好启动B计划的准备。关于“鸿蒙”，有消息称，该操作系统已对Linux大量优化（已开源），并已用于华为手机中（安全部分）。#谷歌 华为#O谷歌服务“被中止”？华为自研操作系统“鸿蒙”待命 收起全文d\n", "author": "凤凰网财经", "time": "凤凰网财经2019年05月20日10:43 来自专业版微博", "transmit": " 转发 183", "comment": "评论 994", "zan": " 468"}, {"text": "\n                    【网曝华为自研操作系统鸿蒙 已用于华为手机中】路透社报道称，谷歌已停止与华为之间除了开源以外的一切业务。而据记者了解，华为从2012年就开始规划自有操作系统“鸿蒙”，意在成为谷歌Android系统的替代品。该操作系统已对Linux大量优化（已开源），并已用于华为手机中。O谷歌服务被中止？华为自研操作系统“鸿蒙”待命 ​                ", "author": "新浪科技", "time": "新浪科技2019年05月20日13:00 来自微博weibo.com", "transmit": " 转发 108", "comment": "评论 253", "zan": " 314"}, {"text": "\n#华为鸿蒙操作系统#。短时间内，任何系统都取代不了安卓系统，就像Linux从来未撼动Windows 。可这个事情，呃，并不是由市场决定的，呵呵。当海思的备胎们瞬间转正后，谁又敢说打造备胎不对呢。这个事情，说来说去，还是造船不如买船，买船不如租船这个旧梗。聪明的大船东，只要有机会，一定把租船的 ​  展开全文c \n#华为鸿蒙操作系统#。短时间内，任何系统都取代不了安卓系统，就像Linux从来未撼动Windows 。可这个事情，呃，并不是由市场决定的，呵呵。当海思的备胎们瞬间转正后，谁又敢说打造备胎不对呢。这个事情，说来说去，还是造船不如买船，买船不如租船这个旧梗。聪明的大船东，只要有机会，一定把租船的游戏玩儿到底。所以要感谢用＂租船权＂卡对手脖子的人，继续租船才真是下死手。硬币的另一面，是洋洋自得的租船客，这种货色比谁都有理，劝不了。多年来，自主研发操作系统的大约有10家左右中国企业。鸿蒙系统应该是基于开源的Linux操作系统，并已用于华为手机中的安全部分。鸿蒙指的是中国神话传说的远古时代，盘古开天辟地之前，世界是一团混沌的元气，这种自然的元气叫做鸿蒙，因此把那个时代称作鸿蒙时代，开天辟地就叫鸿蒙初开。 收起全文d\n", "author": "李牧", "time": "李牧2019年05月20日07:44 来自iPhone8", "transmit": " 转发 51", "comment": "评论 85", "zan": " 210"}, {"text": "\n                    【余承东曾亲承：#华为早已开发自有操作系统#，迫不得已时将会使用】5月20日，安卓回应谷歌暂停与华为部分业务称，现有华为设备可以继续支持例如Google Play等服务。据媒体3月份报道，余承东曾证实，华为已开发自有操作系统，将在迫不得已的情况下使用。据了解，该操作系统名为鸿蒙。 ​  展开全文c \n                    【余承东曾亲承：#华为早已开发自有操作系统#，迫不得已时将会使用】5月20日，安卓回应谷歌暂停与华为部分业务称，现有华为设备可以继续支持例如Google Play等服务。据媒体3月份报道，余承东曾证实，华为已开发自有操作系统，将在迫不得已的情况下使用。据了解，该操作系统名为鸿蒙。L老板联播的秒拍视频 收起全文d\n", "author": "新浪财经", "time": "新浪财经2019年05月20日19:26 来自微博weibo.com", "transmit": " 转发 137", "comment": "评论 811", "zan": " 412"}, {"text": "\n#七年前的微信评价#和现在的#华为鸿蒙操作系统#评价简直有异曲同工之妙，任何新鲜事物出来总会有人说三道四，但是到最后一定会守得云开见月明。现在的不看好和诋毁是以后成功的最有力的见证！ ​                ", "author": "IT观察猿", "time": "IT观察猿2019年05月20日11:41 来自微博weibo.com", "transmit": " 转发 262", "comment": "评论 223", "zan": " 827"}, {"text": "\n#华为自研操作系统鸿蒙待命# 在短期内，华为手机的海外用户不能使用谷歌的移动服务。虽然华为暂时未给出官方回应，但华为消费者BG负责人@余承东 称，“除了自己的芯片，（华为）还有操作系统的核心能力打造。”华为从2012年开始规划自有操作系统“鸿蒙”，意在成为谷歌Android系统的替代 ​  展开全文c \n#华为自研操作系统鸿蒙待命# 在短期内，华为手机的海外用户不能使用谷歌的移动服务。虽然华为暂时未给出官方回应，但华为消费者BG负责人@余承东 称，“除了自己的芯片，（华为）还有操作系统的核心能力打造。”华为从2012年开始规划自有操作系统“鸿蒙”，意在成为谷歌Android系统的替代品。一名曾经在华为工作过十多年的“华为老兵”戴辉对第一财经记者表示，掐住GMS，华为在中国内需市场也不会受到任何影响，国内开发的软件生态已经比较成熟。O谷歌服务“被中止”？华为自研操作系统“鸿蒙”待命 收起全文d\n", "author": "凤凰网科技", "time": "凤凰网科技2019年05月20日10:53 来自微博weibo.com", "transmit": " 转发 34", "comment": "评论 366", "zan": " 243"}, {"text": "\n                    【余承东曾亲承：#华为早已开发自有操作系统#，迫不得已时将会使用】5月20日，安卓回应谷歌暂停与华为部分业务称，现有华为设备可以继续支持例如Google Play等服务。据媒体3月份报道，余承东曾证实，华为已开发自有操作系统，将在迫不得已的情况下使用。据了解，该操作系统名为鸿蒙。@老板联播  ​  展开全文c \n                    【余承东曾亲承：#华为早已开发自有操作系统#，迫不得已时将会使用】5月20日，安卓回应谷歌暂停与华为部分业务称，现有华为设备可以继续支持例如Google Play等服务。据媒体3月份报道，余承东曾证实，华为已开发自有操作系统，将在迫不得已的情况下使用。据了解，该操作系统名为鸿蒙。@老板联播 L老板联播的秒拍视频 收起全文d\n", "author": "梨视频", "time": "梨视频2019年05月20日18:10 来自微博weibo.com", "transmit": " 转发 59", "comment": "评论 243", "zan": " 253"}, {"text": "\n                    【网曝华为自研操作系统鸿蒙 已用于华为手机中】路透社报道称，谷歌已停止与华为之间除了开源以外的一切业务。而据记者了解，华为从2012年就开始规划自有操作系统“鸿蒙”，意在成为谷歌Android系统的替代品。该操作系统已对Linux大量优化（已开源），并已用于华为手机中。O谷歌服务被中止？华为自研操作系统“鸿蒙”待命 ​                ", "author": "中国经济网", "time": "中国经济网2019年05月20日13:40 来自微博weibo.com", "transmit": " 转发 26", "comment": "评论 88", "zan": " 102"}, {"text": "\n                    【谷歌服务被中止？#华为自研操作系统鸿蒙待命#】5月19日，路透社报道称，Google已经停止与华为之间除了开源以外的一切业务。报道还指出华为将无法获取最新的Android版本操作系统，并且Google将不再对华为提供任何技术支持。虽然华为暂时未给出官方回应，但华为消费者BG负责人余承东几日前称，“ ​  展开全文c \n                    【谷歌服务被中止？#华为自研操作系统鸿蒙待命#】5月19日，路透社报道称，Google已经停止与华为之间除了开源以外的一切业务。报道还指出华为将无法获取最新的Android版本操作系统，并且Google将不再对华为提供任何技术支持。虽然华为暂时未给出官方回应，但华为消费者BG负责人余承东几日前称，“除了自己的芯片，（华为）还有操作系统的核心能力打造。”据了解，华为从2012年开始规划自有操作系统“鸿蒙”，意在成为谷歌Android系统的替代品。（一财） 收起全文d\n", "author": "中新经纬", "time": "中新经纬2019年05月20日11:23 来自微博weibo.com", "transmit": " 转发 22", "comment": "评论 62", "zan": " 46"}, {"text": "\n                    【余承东曾亲承：#华为早已开发自有操作系统#，迫不得已时将会使用】5月20日，安卓回应谷歌暂停与华为部分业务称，现有华为设备可以继续支持例如Google Play等服务。据媒体3月份报道，余承东曾证实，华为已开发自有操作系统，将在迫不得已的情况下使用。据了解，该操作系统名为鸿蒙。 ​  展开全文c \n                    【余承东曾亲承：#华为早已开发自有操作系统#，迫不得已时将会使用】5月20日，安卓回应谷歌暂停与华为部分业务称，现有华为设备可以继续支持例如Google Play等服务。据媒体3月份报道，余承东曾证实，华为已开发自有操作系统，将在迫不得已的情况下使用。据了解，该操作系统名为鸿蒙。L老板联播的秒拍视频 收起全文d\n", "author": "凤凰网财经", "time": "凤凰网财经2019年05月20日20:21", "transmit": " 转发 42", "comment": "评论 159", "zan": " 107"}, {"text": "\n                    【余承东曾亲承华为已备胎自有操作系统，在迫不得已情况下使用】5月20日，安卓回应谷歌暂停与华为部分业务称，现有华为设备可以继续支持例如Google Play等服务。余承东曾证实，华为已开发自有操作系统，将在迫不得已的情况下使用。媒体报道称，该操作系统名为鸿蒙。L老板联播的秒拍视频 ​                ", "author": "老板联播", "time": "老板联播2019年05月20日15:23 来自微博weibo.com", "transmit": " 转发 19", "comment": "评论 67", "zan": " 137"}]