[{"text": "\n华为的员工点了份外卖，收到时看到店员在单上面写了，期待鸿蒙，华为加油，辛苦了。 ​                ", "author": "搞机汇", "time": "搞机汇2019年05月29日20:25", "transmit": " 转发 22", "comment": "评论 93", "zan": " 742"}, {"text": "\n                    【#华为在欧洲申请多个商标#， 自有操作系统或命名“Ark”】5月24日，欧洲知识产权局收到华为多个商标申请，其操作系统可能命名为“Ark”。华为自研操作系统“华为鸿蒙”已在中国注册。此前华为消费者业务CEO余承东称，华为正在自研操作系统，最快今年秋天、最晚明年春天面市。“鸿蒙”系统和安 ​  展开全文c \n                    【#华为在欧洲申请多个商标#， 自有操作系统或命名“Ark”】5月24日，欧洲知识产权局收到华为多个商标申请，其操作系统可能命名为“Ark”。华为自研操作系统“华为鸿蒙”已在中国注册。此前华为消费者业务CEO余承东称，华为正在自研操作系统，最快今年秋天、最晚明年春天面市。“鸿蒙”系统和安卓都是基于Linux内核，因此鸿蒙系统能够兼容大多数的安卓应用，因此使用华为国产系统的时候完全不用担心手机应用不兼容。 L老板联播的秒拍视频 收起全文d\n", "author": "DS北风", "time": "DS北风2019年05月29日07:17 来自微博云剪", "transmit": " 转发 18", "comment": "评论 25", "zan": " 63"}, {"text": "\n                    平凡中，充满力量，外卖商家留言声援华为感动国人！华为加油！期待鸿蒙！！ ​                ", "author": "宋敬亭", "time": "宋敬亭2019年05月29日08:10", "transmit": " 转发 8", "comment": "评论 50", "zan": " 594"}, {"text": "\n                    如果世间只有一个老妖精，我相信一定是任正非，和他比起来，马云就是个小屁孩，川普则是个大傻波依。此次美国排华事件，其实就是任正非主控的棋局，他要把自家芯片和操作系统隆重推出，还有比吊打美国总统更好的宣发吗？华为公司接下来推出来的海思芯片和鸿蒙操作系统一代，会和高通芯片与安卓系统相当 ​  展开全文c \n                    如果世间只有一个老妖精，我相信一定是任正非，和他比起来，马云就是个小屁孩，川普则是个大傻波依。此次美国排华事件，其实就是任正非主控的棋局，他要把自家芯片和操作系统隆重推出，还有比吊打美国总统更好的宣发吗？华为公司接下来推出来的海思芯片和鸿蒙操作系统一代，会和高通芯片与安卓系统相当或略逊一丁点，明年推出的海思芯片和鸿蒙2，你就等着看吧，一定会有各种黑科技加持，加持到令世人瞠目结舌，直接完爆高通和安卓。这就是中国人的谋略与格局。#华为在美提起诉讼# 收起全文d\n", "author": "苏健的", "time": "苏健的2019年05月29日13:42 来自abafilmsiPhoneXSMax", "transmit": " 转发 70", "comment": "评论 340", "zan": " 710"}]