[{"text": "\n                    【向华为捅刀子的四大恶人】孙正义，第一时间放弃日本软银、ARM与华为的合作，转投诺基亚。彭林，公开质疑华为手机宣传照片是人工智能合成，还选择起诉，之后又公开道歉。方舟子，公开质疑华为鸿蒙系统，称如果华为真有鸿蒙系统为何不早拿出来，还需留到现在？罗玉凤发微博称“华为早就该垮了”。 ​                ", "author": "价值投资日志", "time": "价值投资日志2019年07月15日13:17 来自iPhone客户端", "transmit": " 转发 90", "comment": "评论 283", "zan": " 1178"}, {"text": "\n                    【紧跟鸿蒙，华为宣布基于安卓10.0全新系统：8月9日见】（投资家） ​                ", "author": "央证公开课", "time": "央证公开课2019年07月15日06:30 来自皮皮时光机", "transmit": " 转发 9", "comment": "评论 8", "zan": " 33"}, {"text": "\n                    【#华为欧洲注册新商标Harmony# 或为鸿蒙欧盟版本】7月14日，外媒报道称华为在EUIPO（欧盟知识产权局）申请了新商标，名称叫做“Harmony”，意为和声、和谐。类别为移动操作系统、电脑操作系统和可下载程序的操作系统。L新京报我们视频的秒拍视频 ​                ", "author": "新浪财经", "time": "新浪财经2019年07月15日14:59 来自专业版微博", "transmit": " 转发 203", "comment": "评论 48", "zan": " 235"}, {"text": "\n                    前段时间华为EMUI9.1更新并搭载了方舟编辑器和超级文件系统，极大地提升了手机的流畅度和整体性能，获得用户一致好评。万万没想到EMUI9.1还未全面下放完成，EMUI10居然也快来了！ L华为EMUI 10发布时间敲定，鸿蒙也要来了？ ​                ", "author": "科技小蜀黍", "time": "科技小蜀黍2019年07月15日16:05 来自YOUKU精选视频", "transmit": " 转发 44", "comment": "评论 156", "zan": " 655"}, {"text": "\n                    【#华为欧洲注册新商标Harmony# 或为鸿蒙欧盟版本】7月14日，外媒报道称华为在EUIPO（欧盟知识产权局）申请了新商标，名称叫做“Harmony”，意为和声、和谐。类别为移动操作系统、电脑操作系统和可下载程序的操作系统。L新京报我们视频的秒拍视频 ​                ", "author": "新京报我们视频", "time": "新京报我们视频2019年07月15日14:44 来自微博weibo.com", "transmit": " 转发 6", "comment": "评论 11", "zan": " 35"}]