[{"text": "\n#华为8月9日发布鸿蒙系统#今日凤凰网媒体报道，下个月华为全球开发者大会上（8月9日-8月11日），华为终端将会发布华为“鸿蒙”操作系统。之前华为创始人任正非在接受外媒采访时表示鸿蒙系统将会比安卓速度快60%。如果鸿蒙系统发布，你们愿意用不？ 如果鸿蒙系统发布，你们愿意用不？ ​                ", "author": "IT观察猿", "time": "IT观察猿2019年07月09日10:43", "transmit": " 转发 30", "comment": "评论 24", "zan": " 1832"}, {"text": "\n                    【任正非：华为“鸿蒙”系统有个大失误】台湾媒体报道称，华为创始人任正非近日接受法国媒体专访时提到，华为研发的操作系统“鸿蒙”比安卓速度快60%，但华为在与谷歌、苹果竞争时有一个很大的失误，“我们仍然缺乏良好的应用程序生态系统”。为了解决此问题，华为目前已着手研发安卓和苹果应用商店的 ​  展开全文c \n                    【任正非：华为“鸿蒙”系统有个大失误】台湾媒体报道称，华为创始人任正非近日接受法国媒体专访时提到，华为研发的操作系统“鸿蒙”比安卓速度快60%，但华为在与谷歌、苹果竞争时有一个很大的失误，“我们仍然缺乏良好的应用程序生态系统”。为了解决此问题，华为目前已着手研发安卓和苹果应用商店的替代品，并试图吸引开发者。O网页链接 收起全文d\n", "author": "参考消息", "time": "参考消息2019年07月09日10:18 来自微博weibo.com", "transmit": " 转发 68", "comment": "评论 105", "zan": " 671"}, {"text": "\n                    8月9日，华为发布“鸿蒙” ​                ", "author": "大英良心汉弗莱", "time": "大英良心汉弗莱2019年07月09日10:19 来自iPhone7", "transmit": " 转发 146", "comment": "评论 105", "zan": " 1180"}, {"text": "\n                    【法国《观点》周刊长篇专访任正非全文：他就是新世界】日前，任正非接受法国《观点》周刊专访。《观点》以“他就是新世界”为题，以长达15页的篇幅，报道任正非以及华为，内容涉及5G技术的发展、中美关系、中欧关系、地缘政治。任正非表示，鸿蒙系统旨在用于多种设备。据悉，华为操作系统鸿蒙将比安 ​  展开全文c \n                    【法国《观点》周刊长篇专访任正非全文：他就是新世界】日前，任正非接受法国《观点》周刊专访。《观点》以“他就是新世界”为题，以长达15页的篇幅，报道任正非以及华为，内容涉及5G技术的发展、中美关系、中欧关系、地缘政治。任正非表示，鸿蒙系统旨在用于多种设备。据悉，华为操作系统鸿蒙将比安卓速度快60%。以下为采访全文：O网页链接 收起全文d\n", "author": "虎嗅APP", "time": "虎嗅APP2019年07月09日21:50", "transmit": " 转发 103", "comment": "评论 31", "zan": " 136"}, {"text": "\n华为鸿蒙系统，应该在8月9日华为开发者大会第一天展示～ ​                ", "author": "毒家说", "time": "毒家说2019年07月09日15:02", "transmit": " 转发 12", "comment": "评论 33", "zan": " 141"}, {"text": "\n                    【华为或将于 8 月 9 日发布操作系统「鸿蒙」】凤凰网科技获悉，华为或将于下个月的华为全球开发者大会上发布自主研发操作系统「鸿蒙」。据消息报道，今年的华为开发者大会是历来规模最大的，邀请了 1500 位合作伙伴和 5000 名全球开发者。华为 CEO 任正非前段时间在接受外媒采访时表示，「鸿蒙」系统 ​  展开全文c \n                    【华为或将于 8 月 9 日发布操作系统「鸿蒙」】凤凰网科技获悉，华为或将于下个月的华为全球开发者大会上发布自主研发操作系统「鸿蒙」。据消息报道，今年的华为开发者大会是历来规模最大的，邀请了 1500 位合作伙伴和 5000 名全球开发者。华为 CEO 任正非前段时间在接受外媒采访时表示，「鸿蒙」系统本身并不是为手机而设计，是为了物联网。你期待#华为8月9日发布鸿蒙系统# 吗？ #华为鸿蒙系统是否用于手机还未确定# 收起全文d\n", "author": "爱范儿", "time": "爱范儿2019年07月09日11:17 来自微博weibo.com", "transmit": " 转发 11", "comment": "评论 47", "zan": " 106"}, {"text": "\n#华为8月9日发布鸿蒙系统# 凤凰网科技获悉，华为鸿蒙操作系统将在8月的华为全球开发者大会上发布，余承东曾称：“如果安卓应用重新编译，在这套操作系统上，运行性能提升超过60%”。 ​                ", "author": "测评君", "time": "测评君2019年07月09日10:48 来自iPhoneXSMax", "transmit": " 转发 7", "comment": "评论 56", "zan": " 115"}, {"text": "\n                    【#华为鸿蒙# \"冲刺\":延迟小于5毫秒 建生态需二三年】“鸿蒙系统处理延迟小于5毫秒，其本身并不是为了手机用，而是为了做物联网来用的，比如自动驾驶、工业自动化，因为它能够精确控制时延在五毫秒以下，甚至达到毫秒级到亚毫秒级。”任正非表示，华为希望继续使用全球公用开放的手机操作系统和生态， ​  展开全文c \n                    【#华为鸿蒙# \"冲刺\":延迟小于5毫秒 建生态需二三年】“鸿蒙系统处理延迟小于5毫秒，其本身并不是为了手机用，而是为了做物联网来用的，比如自动驾驶、工业自动化，因为它能够精确控制时延在五毫秒以下，甚至达到毫秒级到亚毫秒级。”任正非表示，华为希望继续使用全球公用开放的手机操作系统和生态，但是如果美国限制使用，华为也会发展自己的操作系统。#华为鸿蒙延迟小于5毫秒# 收起全文d\n", "author": "深蓝财经", "time": "深蓝财经2019年07月09日07:57 来自vivoX23全息幻彩", "transmit": " 转发 12", "comment": "评论 28", "zan": " 33"}, {"text": "\n                    【华为鸿蒙系统8月9日公布？】有消息称鸿蒙OS会在华为开发者大会亮相，目前已经进行了小规模测试。据测试者爆料，新系统和基于Android的EMUI差别很大，不仅图标重绘，动画也有不少区别，不过有一些功能尚未开放，无法点击。O鸿蒙内测细节曝光 UI界面与Android有明显不同 ​                ", "author": "新浪手机", "time": "新浪手机2019年07月09日14:37 来自微博weibo.com", "transmit": " 转发 6", "comment": "评论 20", "zan": " 56"}, {"text": "\n#华为#【炸！“鸿蒙”或下月亮相 任正非：5G技术绝对领先美国】任正非近日接受采访时表示，对“鸿蒙”有信心，5G技术绝对领先美国，不需要美国任何帮助。  L中国台湾网的微博视频 ​                ", "author": "中国台湾网", "time": "中国台湾网2019年07月09日10:43 来自360安全浏览器", "transmit": " 转发 49", "comment": "评论 69", "zan": " 409"}, {"text": "\n                    【华为8月开最大规模开发者大会 正抓紧调试\"鸿蒙\"系统】近日，华为宣布，今年#华为开发者大会#将在8月9日华为松山湖基地召开。华为或在本次大会上推出自研的操作系统“鸿蒙”。据记者了解，华为内部这段时间一直在抓紧调试完善“鸿蒙”系统，但至今还未决定是否在本次大会上推出。O华为8月开最大规模开发者大会 正抓紧调试\"鸿蒙\"系统 ​                ", "author": "新浪科技", "time": "新浪科技2019年07月09日23:55 来自专业版微博", "transmit": " 转发 32", "comment": "评论 66", "zan": " 241"}, {"text": "\n                    移动互联网时代的标志是安卓和苹果系统，万物互联时代的标志是华为“鸿蒙”系统。 ​                ", "author": "财富密钥", "time": "财富密钥2019年07月09日15:28 来自微博weibo.com", "transmit": " 转发 5", "comment": "评论 2", "zan": " 54"}, {"text": "\n#华为8月9日发布鸿蒙系统# 比预计来得早很多啊 ​                ", "author": "短的发布会", "time": "短的发布会2019年07月09日10:14 来自微博weibo.com", "transmit": " 转发 21", "comment": "评论 152", "zan": " 620"}, {"text": "\n                    【华为或将在8月9日公布自研操作系统“鸿蒙”】凤凰网科技获悉，下个月华为全球开发者大会上，华为终端将揭开“鸿蒙”的神秘面纱。华为全球开发者大会定于北京时间8月9日至8月11日在东莞松山湖举行。 ​                ", "author": "新财富杂志", "time": "新财富杂志2019年07月09日10:28 来自iPhone8Plus", "transmit": " 转发 25", "comment": "评论 9", "zan": " 59"}, {"text": "\n                    【华为8月开史上最大规模开发者大会 正抓紧调试“鸿蒙”系统】7月9日讯，近日，华为宣布，今年全球开发者大会将在8月9日华为松山湖基地召开。本次开发者大会邀请了1500位合作伙伴、5000名全球开发者，将是华为历来规模最大的一次会议。华为或在本次大会上推出自研的操作系统“鸿蒙”。据了解，华为内部 ​  展开全文c \n                    【华为8月开史上最大规模开发者大会 正抓紧调试“鸿蒙”系统】7月9日讯，近日，华为宣布，今年全球开发者大会将在8月9日华为松山湖基地召开。本次开发者大会邀请了1500位合作伙伴、5000名全球开发者，将是华为历来规模最大的一次会议。华为或在本次大会上推出自研的操作系统“鸿蒙”。据了解，华为内部这段时间一直在抓紧调试完善“鸿蒙”系统，但至今还未决定是否在本次大会上推出。（澎湃） 收起全文d\n", "author": "六国虹", "time": "六国虹2019年07月09日23:23 来自iPhone6", "transmit": " 转发 13", "comment": "评论 10", "zan": " 47"}, {"text": "\n                    【华为或将在8月9日公布自研操作系统“鸿蒙”】下个月华为全球开发者大会上，华为终端将揭开“鸿蒙”的神秘面纱。华为全球开发者大会目前定档8月9日至8月11日在东莞松山湖举行。这不是华为第一次召开面向开发者的大会，但却是有史以来规模最大的一次会议，本次邀请了1500位合作伙伴、5000名全球开发者 ​  展开全文c \n                    【华为或将在8月9日公布自研操作系统“鸿蒙”】下个月华为全球开发者大会上，华为终端将揭开“鸿蒙”的神秘面纱。华为全球开发者大会目前定档8月9日至8月11日在东莞松山湖举行。这不是华为第一次召开面向开发者的大会，但却是有史以来规模最大的一次会议，本次邀请了1500位合作伙伴、5000名全球开发者。 (凤凰网科技) 收起全文d\n", "author": "证券时报网", "time": "证券时报网2019年07月09日10:35 来自微博weibo.com", "transmit": " 转发 11", "comment": "评论 13", "zan": " 32"}, {"text": "\n华为或将在8月9日公布自研操作系统“鸿蒙”。（凤凰网）#华为8月9日发布鸿蒙系统# ​                ", "author": "蓝鲸财经记者工作平台", "time": "蓝鲸财经记者工作平台2019年07月09日10:27 来自iPhoneX", "transmit": " 转发 40", "comment": "评论 61", "zan": " 192"}, {"text": "\n                    【华为或将在8月9日公布自研操作系统“鸿蒙”】下个月华为全球开发者大会上，华为终端将揭开“鸿蒙”的神秘面纱。华为全球开发者大会目前定档8月9日至8月11日在东莞松山湖举行。这不是华为第一次召开面向开发者的大会，但却是有史以来规模最大的一次会议，本次邀请了1500位合作伙伴、5000名全球开发者 ​  展开全文c \n                    【华为或将在8月9日公布自研操作系统“鸿蒙”】下个月华为全球开发者大会上，华为终端将揭开“鸿蒙”的神秘面纱。华为全球开发者大会目前定档8月9日至8月11日在东莞松山湖举行。这不是华为第一次召开面向开发者的大会，但却是有史以来规模最大的一次会议，本次邀请了1500位合作伙伴、5000名全球开发者。 (凤凰网科技) 收起全文d\n", "author": "香港商報網", "time": "香港商報網2019年07月09日11:19 来自微博weibo.com", "transmit": " 转发 22", "comment": "评论 26", "zan": " 58"}, {"text": "\n华为自研操作系统“鸿蒙”将公布、打通手机电脑等设备----------------据媒体报道，下个月华为全球开发者大会上，华为终端将揭开“鸿蒙”的神秘面纱。华为全球开发者大会定于北京时间8月 9日至8月11日在东莞松山湖举行。据悉，“鸿蒙”操作系统比安卓速度快60%，这套系统打通了手机、电脑、平板、电 ​  展开全文c \n华为自研操作系统“鸿蒙”将公布、打通手机电脑等设备----------------据媒体报道，下个月华为全球开发者大会上，华为终端将揭开“鸿蒙”的神秘面纱。华为全球开发者大会定于北京时间8月 9日至8月11日在东莞松山湖举行。据悉，“鸿蒙”操作系统比安卓速度快60%，这套系统打通了手机、电脑、平板、电视、汽车和智能穿戴等设备，统一成 一个操作系统，兼容全部安卓应用和所有Web应用。A股相关概念股主要有实达集团（600734）、金智科技（002090） 等。 收起全文d\n", "author": "二狗子炒股", "time": "二狗子炒股2019年07月09日23:08 来自360安全浏览器", "transmit": " 转发 7", "comment": "评论 13", "zan": " 51"}, {"text": "\n                    【任正非接受法国《观点》周刊采访：5G应用后，美国可能是落后国家！】日前，任正非接受法国《观点》周刊专访。《观点》以“他就是新世界”为题，以长达15页的篇幅，报道任正非以及华为。任正非表示，鸿蒙系统旨在用于多种设备；提供的5G设备是世界最好的，两、三年内世界上不会有任何一个厂家可以赶上 ​  展开全文c \n                    【任正非接受法国《观点》周刊采访：5G应用后，美国可能是落后国家！】日前，任正非接受法国《观点》周刊专访。《观点》以“他就是新世界”为题，以长达15页的篇幅，报道任正非以及华为。任正非表示，鸿蒙系统旨在用于多种设备；提供的5G设备是世界最好的，两、三年内世界上不会有任何一个厂家可以赶上；5G应用以后就知道，将来美国可能是落后国家..O任正非：5G应用后美国可能是落后国家(最新采访实录) 收起全文d\n", "author": "电脑报", "time": "电脑报2019年07月09日15:42 来自微博weibo.com", "transmit": " 转发 40", "comment": "评论 46", "zan": " 93"}, {"text": "\n                    【华为8月开史上最大规模开发者大会，正抓紧调试“鸿蒙”系统】近日，华为宣布，今年全球开发者大会将在8月9日华为松山湖基地召开。本次开发者大会邀请了1500位合作伙伴、5000名全球开发者，将是华为历来规模最大的一次会议。华为或在本次大会上推出自研的操作系统“鸿蒙”。据了解，华为内部这段时 ​  展开全文c \n                    【华为8月开史上最大规模开发者大会，正抓紧调试“鸿蒙”系统】近日，华为宣布，今年全球开发者大会将在8月9日华为松山湖基地召开。本次开发者大会邀请了1500位合作伙伴、5000名全球开发者，将是华为历来规模最大的一次会议。华为或在本次大会上推出自研的操作系统“鸿蒙”。据了解，华为内部这段时间一直在抓紧调试完善“鸿蒙”系统，但至今还未决定是否在本次大会上推出。（澎湃新闻） 收起全文d\n", "author": "雪球", "time": "雪球2019年07月09日23:02 来自微博weibo.com", "transmit": " 转发 15", "comment": "评论 20", "zan": " 96"}, {"text": "\n                    【华为或将于8月9日发布操作系统\"鸿蒙\"？】据报道，华为或将于下个月的华为全球开发者大会上发布自主研发操作系统\"鸿蒙\"。据悉，今年的开发者大会是历来规模最大的，邀请了1500位合作伙伴和5000名全球开发者。任正非前段时间在接受外媒采访时表示，\"鸿蒙\"系统本身并不是为手机而设计，是为了物联网。 ​                ", "author": "电脑报", "time": "电脑报2019年07月09日09:09 来自微博weibo.com", "transmit": " 转发 31", "comment": "评论 60", "zan": " 103"}, {"text": "\n                    【华为或将在8月9日公布自研操作系统“鸿蒙”】凤凰网科技获悉，下个月华为全球开发者大会上，华为终端将揭开“鸿蒙”的神秘面纱。华为全球开发者大会定于北京时间8月9日至8月11日在东莞松山湖举行。 ​                ", "author": "见闻实时新闻", "time": "见闻实时新闻2019年07月09日10:19 来自微博weibo.com", "transmit": " 转发 10", "comment": "评论 ", "zan": " 22"}, {"text": "\n                    【华为或将在8月9日公布自研操作系统“鸿蒙”】下个月华为全球开发者大会上，华为终端将揭开“鸿蒙”的神秘面纱。华为全球开发者大会定于北京时间8月9日至8月11日在东莞松山湖举行。更多干货点击O万得互联移动产品-万得股票 ​                ", "author": "Wind资讯", "time": "Wind资讯2019年07月09日11:00 来自微博weibo.com", "transmit": " 转发 15", "comment": "评论 ", "zan": " 15"}, {"text": "\n                    【华为8月开史上最大规模开发者大会 正抓紧调试“鸿蒙”系统】据了解，华为内部这段时间一直在抓紧调试完善“鸿蒙”系统，但至今还未决定是否在本次大会上推出。（澎湃新闻）O华为8月开史上最大规模开发者大会 正抓紧调试“鸿蒙”系统 ​                ", "author": "东方财富网", "time": "东方财富网2019年07月09日23:04 来自360安全浏览器", "transmit": " 转发 21", "comment": "评论 9", "zan": " 38"}, {"text": "\n华为将在8月9日发布自研操作系统“鸿蒙”太牛了！ ​                ", "author": "天津股侠", "time": "天津股侠2019年07月09日10:21 来自微博weibo.com", "transmit": " 转发 22", "comment": "评论 76", "zan": " 1664"}, {"text": "\n华为真的会在8月9日公布鸿蒙吗？你期待比安卓快60%的鸿蒙系统吗？ 华为真的会在8月9日公布鸿蒙吗？你期待吗？ ​                ", "author": "搞机的风采", "time": "搞机的风采2019年07月09日11:02 来自千玺的千纸鹤", "transmit": " 转发 8", "comment": "评论 6", "zan": " 554"}, {"text": "\n华为或将在8月9日华为全球开发者大会公布自研操作系统“鸿蒙”，任正非在接受外媒采访时曾表示，“鸿蒙”系统本身并不是为手机而设计，是为了物联网来做的。 ​                ", "author": "微博数码", "time": "微博数码2019年07月09日14:34 来自微博weibo.com", "transmit": " 转发 18", "comment": "评论 33", "zan": " 96"}, {"text": "\n华为Mate30 Pro首发仍是android系统，但是支持鸿蒙OS，应该是可以刷双系统！这下划算了 ​                ", "author": "C科技", "time": "C科技2019年07月09日16:19", "transmit": " 转发 14", "comment": "评论 168", "zan": " 433"}, {"text": "\n华为8月9日举办华为开发者大会，大会期间很有可能会揭开“鸿蒙“的神秘面纱，大家期待吗？ ​                ", "author": "科技美学", "time": "科技美学2019年07月09日10:39", "transmit": " 转发 18", "comment": "评论 207", "zan": " 1030"}]