[{"text": "\n                    小米的MIUI要适配华为鸿蒙OS了？ ​                ", "author": "秀数码", "time": "秀数码2019年06月12日22:33", "transmit": " 转发 216", "comment": "评论 799", "zan": " 6898"}, {"text": "\n                    【#华为接受英国议会质询#：我们对世界坦诚相待】6月10日，华为全球网络安全和隐私官萨福克出席听证会，接受英国下议院科学委员会的质询。有人直截了当地问：“华为的设备是否能够跟踪我？”萨福克解释说，移动电话技术要求运营商不断跟踪用户的电话，以使他们的设备可以连接到移动网络，因此从这种逻 ​  展开全文c \n                    【#华为接受英国议会质询#：我们对世界坦诚相待】6月10日，华为全球网络安全和隐私官萨福克出席听证会，接受英国下议院科学委员会的质询。有人直截了当地问：“华为的设备是否能够跟踪我？”萨福克解释说，移动电话技术要求运营商不断跟踪用户的电话，以使他们的设备可以连接到移动网络，因此从这种逻辑上讲，所有运营商都在不断“跟踪”他的客户，在这个问题上，华为的设备与其他公司的设备并无二致。萨福克还表示，华为欢迎大家来找问题，“我们不会因大家的发现而感到尴尬……我们对世界坦诚相待”，这或许会让华为不那么“完美”，但对大家都有益。#华为全球多地注册鸿蒙商标#L微丢的秒拍视频 收起全文d\n", "author": "新浪军事", "time": "新浪军事2019年06月12日07:15 来自微博weibo.com", "transmit": " 转发 341", "comment": "评论 170", "zan": " 3137"}, {"text": "\n                    【#华为全球多地注册鸿蒙商标#，包括加拿大、墨西哥、西班牙等】6月8日，外媒HUAWEI CENTRAL称已确认华为已经在全球多地提交“HongMeng”商标申请，包括加拿大、墨西哥、西班牙等。L老板联播的秒拍视频 ​                ", "author": "头条新闻", "time": "头条新闻2019年06月12日00:30 来自微博weibo.com", "transmit": " 转发 90", "comment": "评论 207", "zan": " 958"}, {"text": "\n                    有些票的股性是真烂，一不留神就开板，我砸在7个点，以前吃过他的苦！今天正式建仓华为鸿蒙绯闻股，一旦承认，至少啪两下！ ​                ", "author": "城城AI", "time": "城城AI2019年06月12日15:04 来自360安全浏览器", "transmit": " 转发 8", "comment": "评论 244", "zan": " 571"}, {"text": "\n                    【听从美国还是中国？韩国企业很为难】“中美就华为问题均向韩国施压”、“青瓦台看中美眼色，毫无原则、彷徨无措”， 6月10日，韩国《朝鲜日报》以上述内容为题，接连刊发两篇报道，称因为争夺全球贸易、技术权力，中美两国同时对韩国全方位施压，要求韩国支持自己。这令韩国企业进退两难。(观察者网) ​  展开全文c \n                    【听从美国还是中国？韩国企业很为难】“中美就华为问题均向韩国施压”、“青瓦台看中美眼色，毫无原则、彷徨无措”， 6月10日，韩国《朝鲜日报》以上述内容为题，接连刊发两篇报道，称因为争夺全球贸易、技术权力，中美两国同时对韩国全方位施压，要求韩国支持自己。这令韩国企业进退两难。(观察者网)#华为全球多地注册鸿蒙商标##华为接受英国议会质询# 收起全文d\n", "author": "新浪军事", "time": "新浪军事2019年06月12日09:15 来自微博weibo.com", "transmit": " 转发 20", "comment": "评论 24", "zan": " 571"}, {"text": "\n                    厉害了！一杆多用......#华为全球多地注册鸿蒙商标##华为接受英国议会质询# ​                ", "author": "彩云香江", "time": "彩云香江2019年06月12日09:39 来自HUAWEIP30Pro", "transmit": " 转发 68", "comment": "评论 161", "zan": " 973"}, {"text": "\n#华为接受英国议会质询#任正非：华为的5G不会受影响，别人两三年肯定追不上。为这样的自信和底气点#华为全球多地注册鸿蒙商标# L斯道的微博视频 ​                ", "author": "斯道", "time": "斯道2019年06月12日08:51", "transmit": " 转发 342", "comment": "评论 345", "zan": " 3544"}, {"text": "\n                    【谷歌最担心的事发生了，华为“鸿蒙”正全球注册商标，现在轮到美国人急了】在海叔看来，这与华为深练内功，目前已练到一定层级有很大关系。在蓬佩奥指摘华为的同时，有多家媒体指出，华为自研的操作系统已经深耕7年，据罗森布拉特证券公司报告给出的分析，华为首批鸿蒙系统设备出货量将达到100万台， ​  展开全文c \n                    【谷歌最担心的事发生了，华为“鸿蒙”正全球注册商标，现在轮到美国人急了】在海叔看来，这与华为深练内功，目前已练到一定层级有很大关系。在蓬佩奥指摘华为的同时，有多家媒体指出，华为自研的操作系统已经深耕7年，据罗森布拉特证券公司报告给出的分析，华为首批鸿蒙系统设备出货量将达到100万台，将做到100%兼容Android。在此，还是不得不提到中国古代的一句话——司马迁说的：“此鸟三年不飞，一飞冲天；三年不鸣，一鸣惊人”。周刊漫画:崔泓O谷歌最担心的事发生了，华为“鸿蒙”正全球注册商标，现在轮到美国人急了 收起全文d\n", "author": "新民周刊", "time": "新民周刊2019年06月12日21:18 来自索尼XZ2Premium", "transmit": " 转发 11", "comment": "评论 16", "zan": " 52"}, {"text": "\n                    诺基亚微软三星都没做到的事 华为鸿蒙能成功吗？ O诺基亚微软三星都没做到的事 华为鸿蒙能成功吗？ ​                ", "author": "但斌", "time": "但斌2019年06月12日11:59 来自新浪新闻中心", "transmit": " 转发 33", "comment": "评论 69", "zan": " 82"}, {"text": "\n                    如果MIUI用上了华为的鸿蒙系统，脱离安卓，你们能接受不？图源网 ​                ", "author": "憨熊TheTime", "time": "憨熊TheTime2019年06月12日22:41", "transmit": " 转发 10", "comment": "评论 70", "zan": " 214"}, {"text": "\n                    【英国运营商上书政府 要求表明对华为5G明确立场】近日，英国各大通信运营商拟向政府上书，要求举行紧急会议，探讨对华为5G技术和设备的决定。运营商们担心，如果政府迟迟不对华为表明立场，他们将无法投资英国电信基础设施，也会让英国失去世界通讯领域领导者的地位。(中国日报网) ​  展开全文c \n                    【英国运营商上书政府 要求表明对华为5G明确立场】近日，英国各大通信运营商拟向政府上书，要求举行紧急会议，探讨对华为5G技术和设备的决定。运营商们担心，如果政府迟迟不对华为表明立场，他们将无法投资英国电信基础设施，也会让英国失去世界通讯领域领导者的地位。(中国日报网)#华为接受英国议会质询##华为全球多地注册鸿蒙商标# 收起全文d\n", "author": "新浪军事", "time": "新浪军事2019年06月12日14:19 来自微博weibo.com", "transmit": " 转发 17", "comment": "评论 11", "zan": " 208"}, {"text": "\n华为日前邀APP入驻旗下商店，并将56万开发者社区免费开放，另：华为鸿蒙系统日前在腾讯首测了数据，其运行速度快了安卓60%。 ​                ", "author": "张利华-华为研发作者", "time": "张利华-华为研发作者2019年06月12日17:16 来自微博weibo.com", "transmit": " 转发 14", "comment": "评论 13", "zan": " 35"}, {"text": "\n                    【#小米否认测试华为鸿蒙系统#：一看就是头条用户】昨日，有消息称小米、OPPO和vivo已参与实测华为鸿蒙系统，且测试机数量已达百万。对此，有网友向小米公司产品总监王腾求证，得到的回复是：“一看就是头条用户...”意指网上传闻不实。你们怎么看？ ​                ", "author": "IT互联网那点事", "time": "IT互联网那点事2019年06月12日09:17", "transmit": " 转发 160", "comment": "评论 81", "zan": " 458"}, {"text": "\n                    【华为在全球注册鸿蒙商标，预计在第四季度推出的Mate30系列 】 L新京报：华为在全球注册“鸿蒙”商标 预计自研系统四季度推出 ​                ", "author": "习五一", "time": "习五一2019年06月12日13:56 来自iPhone8Plus", "transmit": " 转发 18", "comment": "评论 18", "zan": " 159"}, {"text": "\n                    【华为全球多地注册鸿蒙商标，中国多家手机公司被曝开始实测】6月8日，外媒HUAWEI CENTRAL称已确认华为已经在全球多地提交“HongMeng”商标申请，包括加拿大、墨西哥、西班牙等。而腾讯、小米、OPPO、VIVO等中国科技公司也纷纷加入实测鸿蒙。L老板联播的秒拍视频 ​                ", "author": "微博电商", "time": "微博电商2019年06月12日11:00 来自微博weibo.com", "transmit": " 转发 5", "comment": "评论 4", "zan": " 22"}, {"text": "\n                    “全世界把5G做的最好的是华为，西方其实是个高等大农村，要想看8K电视，它非买华为不可。”任老自信的样子真可爱，莫名的自豪。#华为接受英国议会质询##华为全球多地注册鸿蒙商标# L全球奇闻微爆光的微博视频 ​                ", "author": "吉林共青团", "time": "吉林共青团2019年06月12日12:21", "transmit": " 转发 7", "comment": "评论 8", "zan": " 39"}, {"text": "\n                    【】“全世界把5G做的最好的是华为，西方其实是个高等大农村，要想看8K电视，它非买华为不可。”任老自信的样子真可爱，莫名的自豪。#华为接受英国议会质询# #华为全球多地注册鸿蒙商标# L全球奇闻微爆光的微博视频 ​                ", "author": "科技日报", "time": "科技日报2019年06月12日15:24 来自微博weibo.com", "transmit": " 转发 18", "comment": "评论 11", "zan": " 77"}, {"text": "\n                    “全世界把5G做的最好的是华为，西方其实是个高等大农村，要想看8K电视，它非买华为不可。”任老自信的样子真可爱，莫名的自豪。#华为接受英国议会质询##华为全球多地注册鸿蒙商标# L全球奇闻微爆光的微博视频 ​                ", "author": "司马子瀟瀟", "time": "司马子瀟瀟2019年06月12日09:13", "transmit": " 转发 15", "comment": "评论 3", "zan": " 22"}, {"text": "\n                    【华为在多国为「鸿蒙」注册商标】Huaweicentral 消息指，华为目前已经在多国提出对「HongMeng」（鸿蒙）的商标申请，其中包括加拿大、墨西哥、西班牙、韩国、澳大利亚等国家。据介绍，这些商标都包括了「操作系统」这一类别，且显示该操系统还将支持各种平台，包括笔记本电脑、智能手机、平板电脑、 ​  展开全文c \n                    【华为在多国为「鸿蒙」注册商标】Huaweicentral 消息指，华为目前已经在多国提出对「HongMeng」（鸿蒙）的商标申请，其中包括加拿大、墨西哥、西班牙、韩国、澳大利亚等国家。据介绍，这些商标都包括了「操作系统」这一类别，且显示该操系统还将支持各种平台，包括笔记本电脑、智能手机、平板电脑、可穿戴设备和物联网等等。#华为全球多地注册鸿蒙商标# L老板联播的秒拍视频 收起全文d\n", "author": "爱范儿", "time": "爱范儿2019年06月12日02:08 来自微博weibo.com", "transmit": " 转发 5", "comment": "评论 22", "zan": " 55"}, {"text": "\n                    【#华为接受英国议会质询#：我们对世界坦诚相待】6月10日，华为全球网络安全和隐私官萨福克出席听证会，接受英国下议院科学委员会的质询。有人直截了当地问：“华为的设备是否能够跟踪我？”萨福克解释说，移动电话技术要求运营商不断跟踪用户的电话，以使他们的设备可以连接到移动网络，因此从这种逻 ​  展开全文c \n                    【#华为接受英国议会质询#：我们对世界坦诚相待】6月10日，华为全球网络安全和隐私官萨福克出席听证会，接受英国下议院科学委员会的质询。有人直截了当地问：“华为的设备是否能够跟踪我？”萨福克解释说，移动电话技术要求运营商不断跟踪用户的电话，以使他们的设备可以连接到移动网络，因此从这种逻辑上讲，所有运营商都在不断“跟踪”他的客户，在这个问题上，华为的设备与其他公司的设备并无二致。萨福克还表示，华为欢迎大家来找问题，“我们不会因大家的发现而感到尴尬……我们对世界坦诚相待”，这或许会让华为不那么“完美”，但对大家都有益。#华为全球多地注册鸿蒙商标#（中国新闻周刊）L微丢的秒拍视频 收起全文d\n", "author": "成都晚报", "time": "成都晚报2019年06月12日10:30 来自微博weibo.com", "transmit": " 转发 6", "comment": "评论 ", "zan": " 23"}, {"text": "\n#华为全球多地注册鸿蒙商标# 6月8日，外媒HUAWEI CENTRAL称已确认华为已经在全球多地提交“HongMeng”商标申请，包括加拿大、墨西哥、西班牙等。 ​                ", "author": "吃瓜不可错过", "time": "吃瓜不可错过2019年06月12日10:26 来自赶紧多吃点Android", "transmit": " 转发 4", "comment": "评论 3", "zan": " 50"}, {"text": "\n#华为全球多地注册鸿蒙商标#离鸿蒙上市的日子越来越近了，鸿蒙被逼现身，意味着华为不在缴纳安卓巨额专利和使用费，不知道特朗普会不会后悔自己不该打压华为，但是美国一定会后悔。 2商丘 ​                ", "author": "陈新建", "time": "陈新建2019年06月12日08:02 来自HUAWEIP20Pro", "transmit": " 转发 40", "comment": "评论 66", "zan": " 78"}, {"text": "\n#华为接受英国议会质询#任正非：华为的5G不会受影响，别人两三年肯定追不上。为这样的自信和底气点#华为全球多地注册鸿蒙商标# L斯道的微博视频 ​                ", "author": "品道", "time": "品道2019年06月12日12:49 来自微博云剪", "transmit": " 转发 6", "comment": "评论 8", "zan": " 27"}, {"text": "\n                    【#华为全球多地注册鸿蒙商标#，包括加拿大、墨西哥、西班牙等】6月8日，外媒HUAWEI CENTRAL称已确认华为已经在全球多地提交“HongMeng”商标申请，包括加拿大、墨西哥、西班牙等。L老板联播的秒拍视频 ​                ", "author": "成都青白江", "time": "成都青白江2019年06月12日09:34 来自专业版微博", "transmit": " 转发 32", "comment": "评论 8", "zan": " 8"}, {"text": "\n早安 早安☀️钟不会逆时针而转，时光也不会为谁停留，与其为流逝的时光惶恐不安还不如踏踏实实抓住每分每秒～ ​#华为全球多地注册鸿蒙商标# ​                ", "author": "陇南成县抛沙司法所", "time": "陇南成县抛沙司法所2019年06月12日07:46", "transmit": " 转发 6", "comment": "评论 109", "zan": " 32"}, {"text": "\n                    【#华为全球多地注册鸿蒙商标#，包括加拿大、墨西哥、西班牙等】6月8日，外媒HUAWEI CENTRAL称已确认华为已经在全球多地提交“HongMeng”商标申请，包括加拿大、墨西哥、西班牙等。#微博赚钱季# L老板联播的秒拍视频 ​                ", "author": "工业科技迷", "time": "工业科技迷2019年06月12日07:59", "transmit": " 转发 8", "comment": "评论 5", "zan": " 22"}, {"text": "\n                    10日#华为接受英国议会质询#，11日央视报道#华为全球多地注册鸿蒙商标#，再看看任正非可爱而自豪的说“西方其实是个高等大农村，全世界5G做的最好的是华为，要想看8K电视，它非买华为不可。”相当自信啊！ L茂哥日记的微博视频 ​                ", "author": "茂哥日记", "time": "茂哥日记2019年06月12日09:25 来自微博视频", "transmit": " 转发 7", "comment": "评论 10", "zan": " 30"}, {"text": "\n                    【华为全球多地注册鸿蒙商标，中国多家手机公司被曝开始实测】6月8日，外媒HUAWEI CENTRAL称已确认华为已经在全球多地提交“HongMeng”商标申请，包括加拿大、墨西哥、西班牙等。而腾讯、小米、OPPO、VIVO等中国科技公司也纷纷加入实测鸿蒙。L老板联播的秒拍视频 ​                ", "author": "微电商攻略", "time": "微电商攻略2019年06月12日15:26 来自微博weibo.com", "transmit": " 转发 3", "comment": "评论 4", "zan": " 22"}, {"text": "\n                    【#华为全球多地注册鸿蒙商标#，包括加拿大、墨西哥、西班牙等】6月8日，外媒HUAWEI CENTRAL称已确认华为已经在全球多地提交“HongMeng”商标申请，包括加拿大、墨西哥、西班牙等。L老板联播的秒拍视频 ​                ", "author": "解放日报", "time": "解放日报2019年06月12日10:00 来自微博weibo.com", "transmit": " 转发 8", "comment": "评论 ", "zan": " 6"}, {"text": "\n#华为全球多地注册鸿蒙商标#这就是占领国际市场的作派。任正非格局大，华为全球视野，必成全球霸主。过去，对包括美国在内离不开华为，理解肤浅。任正非回答记者提问后才豁然明白。华为是ICT行业中全球性的普惠企业，包括美国农村城镇等离不开华为的！ ​                ", "author": "余丰慧", "time": "余丰慧2019年06月12日08:53 来自iPhone8Plus", "transmit": " 转发 6", "comment": "评论 ", "zan": " 26"}]