[{"text": "\n                    回顾过去三天的华为开发者大会，除了有我们十年磨一剑的#华为鸿蒙#OS、Cyberverse等创新科技的发布，更可贵的是与全球优秀开发者、业界合作伙伴碰撞出的思想火花，希望这次开发者大会能带给行业发展一些积极的作用，我们明年再见！ L华为终端公司的微博视频 ​                ", "author": "余承东", "time": "余承东2019年08月12日12:11 来自HUAWEIMate20X5G", "transmit": " 转发 144", "comment": "评论 673", "zan": " 2890"}, {"text": "\n                    前魅族科技高级副总裁李楠评价鸿蒙OS：华为鸿蒙的一片叫好和当年阿里云OS的国产系统无用论形成了鲜明对比，主要原因是因为有了一个中美对抗。还有就是年轻消费群体的换代，618消费数据显示，越年轻对中国品牌的支持力度就越高。 你怎么看待李楠评价鸿蒙OS？ ​                ", "author": "官网君", "time": "官网君2019年08月12日10:55 来自微博weibo.com", "transmit": " 转发 19", "comment": "评论 54", "zan": " 2763"}, {"text": "\n                    荣耀智慧屏，华为鸿蒙操作系统的第一款产品。这不是电视，而是电视的未来。 L华为中国的微博视频 ​                ", "author": "华为中国", "time": "华为中国2019年08月12日07:00 来自微博weibo.com", "transmit": " 转发 216", "comment": "评论 185", "zan": " 1213"}, {"text": "\n                    【外媒看鸿蒙：类似谷歌Fuchsia 挑战是建媲美安卓生态】华为鸿蒙操作系统已正式发布。多家外媒的报道提及，鸿蒙操作系统被认为是为了在智能手机上代替谷歌的安卓（Android）系统。鸿蒙操作系统能够适用不同类型的设备，类似于谷歌的Fuchsia OS（倒挂金钟），但目前仍有一些障碍需要克服。 ​  展开全文c \n                    【外媒看鸿蒙：类似谷歌Fuchsia 挑战是建媲美安卓生态】华为鸿蒙操作系统已正式发布。多家外媒的报道提及，鸿蒙操作系统被认为是为了在智能手机上代替谷歌的安卓（Android）系统。鸿蒙操作系统能够适用不同类型的设备，类似于谷歌的Fuchsia OS（倒挂金钟），但目前仍有一些障碍需要克服。O外媒看鸿蒙：类似谷歌Fuchsia 挑战是建媲美安卓生态 收起全文d\n", "author": "新浪财经", "time": "新浪财经2019年08月12日20:29 来自微博weibo.com", "transmit": " 转发 35", "comment": "评论 111", "zan": " 335"}, {"text": "\n                    【荣耀总裁谈电视行业价格战：你不能要求苹果卖几百块钱】8月10日，华为首款鸿蒙操作系统产品荣耀智慧屏发布，荣耀总裁@赵明-George 在接受媒体采访时谈到电视行业的价格战问题，他认为就应该更去注重使用价值而不是价格。“八百块钱永远买不到一手的屏幕，永远买不到Mate和P。” ​  展开全文c \n                    【荣耀总裁谈电视行业价格战：你不能要求苹果卖几百块钱】8月10日，华为首款鸿蒙操作系统产品荣耀智慧屏发布，荣耀总裁@赵明-George 在接受媒体采访时谈到电视行业的价格战问题，他认为就应该更去注重使用价值而不是价格。“八百块钱永远买不到一手的屏幕，永远买不到Mate和P。”O荣耀总裁谈电视行业价格战：不能要求苹果卖几百块钱 L大佬时间的微博视频 收起全文d\n", "author": "新浪财经", "time": "新浪财经2019年08月12日07:46 来自微博weibo.com", "transmit": " 转发 29", "comment": "评论 394", "zan": " 1049"}, {"text": "\n                    腾讯工程师吐槽华为鸿蒙系统，官方回应：非在职员工，已离职。 ​                ", "author": "财联社APP", "time": "财联社APP2019年08月12日17:54 来自微博weibo.com", "transmit": " 转发 239", "comment": "评论 122", "zan": " 234"}, {"text": "\n                    【时代呼唤鸿蒙：华为打破魔咒究竟有多难？】2018年中兴事件之后，倪光南的学生梁宁在《一段关于国产芯片和操作系统的往事》中慨叹：“就像10多年前一样，只要搞定知识产权问题，选择技术路线，找会干的人，投入干，CPU／芯片就能够做出来。搞不定的依然是操作系统，差距大的依然是生态。当年，绕得过I ​  展开全文c \n                    【时代呼唤鸿蒙：华为打破魔咒究竟有多难？】2018年中兴事件之后，倪光南的学生梁宁在《一段关于国产芯片和操作系统的往事》中慨叹：“就像10多年前一样，只要搞定知识产权问题，选择技术路线，找会干的人，投入干，CPU／芯片就能够做出来。搞不定的依然是操作系统，差距大的依然是生态。当年，绕得过Intel，跨不过微软。如今，绕得过ARM，做不出安卓。”如今，不再是无根之花的鸿蒙OS的确值得期待，就像主流的操作系统从微软Windows+英特尔CPU的组合，迁移为谷歌Android或苹果iOS+Arm CPU的组合一样，鸿蒙操作系统+华为5G芯片或许也能在5G时代掀起极有想象空间的产业浪潮。O时代呼唤鸿蒙：华为打破魔咒究竟有多难？丨深网 收起全文d\n", "author": "新财富杂志", "time": "新财富杂志2019年08月12日11:28 来自搜狗高速浏览器", "transmit": " 转发 60", "comment": "评论 224", "zan": " 1016"}, {"text": "\n                    为期三天的开发者大会昨天顺利落下帷幕，感谢全球优秀的开发者和业界合作伙伴的支持与参与，也很开心看到#华为鸿蒙#OS、Cyberverse等创新科技发布受到了大家的广泛关注与认可，希望我们明年再次相遇！L华为终端公司的微博视频 ​​​                ", "author": "华为何刚", "time": "华为何刚2019年08月12日20:42 来自HUAWEIP30Pro", "transmit": " 转发 24", "comment": "评论 51", "zan": " 276"}, {"text": "\n                    【#华为将建中国开源基金#：最快一两月内运营，华为无控制权】8月10日，华为开发者大会的松湖对话环节，华为消费者BG软件部总裁@华为王成录 表示，华为在和主要的合作伙伴在讨论中国开源基金会，最快一两个月，基金会将正式的运营起来，这是完全公益的、非盈利的、开放的。华为方面也解释，鸿蒙开源有 ​  展开全文c \n                    【#华为将建中国开源基金#：最快一两月内运营，华为无控制权】8月10日，华为开发者大会的松湖对话环节，华为消费者BG软件部总裁@华为王成录 表示，华为在和主要的合作伙伴在讨论中国开源基金会，最快一两个月，基金会将正式的运营起来，这是完全公益的、非盈利的、开放的。华为方面也解释，鸿蒙开源有很多架构，考虑给基金会运作，华为在里面没有控制权和主导权。O华为筹建中国开源基金:或一两月内运营 华为无控制权 L老板联播的秒拍视频 收起全文d\n", "author": "新浪财经", "time": "新浪财经2019年08月12日08:14 来自微博weibo.com", "transmit": " 转发 62", "comment": "评论 114", "zan": " 570"}, {"text": "\n                    前魅族副总裁李楠对华为鸿蒙系统的评价，你们感受一下！ （大家，特别是海军，请客观评价，就事论事，不要进行人身攻击，如果非要人身攻击，你们攻击原作者吧，我胆小，我只是截个图，不代表我的任何观点） ​                ", "author": "科技新一", "time": "科技新一2019年08月12日10:05", "transmit": " 转发 48", "comment": "评论 447", "zan": " 1817"}, {"text": "\n                    李楠点评鸿蒙OS：“华为鸿蒙的一片较好和当年阿里云 OS 的国产系统无用论形成了鲜明的对比，中间，无非是隔了一个中美对抗。还有，就是年轻消费群体的换代。 618 消费数据显示，越年轻，对中国品牌的支持力度就越高。” ​                ", "author": "大米评测", "time": "大米评测2019年08月12日11:24 来自微博weibo.com", "transmit": " 转发 65", "comment": "评论 552", "zan": " 3214"}, {"text": "\n                    前联想总工倪光南，等这一天，真的等得太久！前天，华为正式发布鸿蒙系统后，倪光南第一个发声，展现了无比的激动和自信。他说，我们的技术不比别人差，难就难在生态建设。但现在我们的市场非常大，一定能建立自己的生态系统，华为一定可以。这一天，其实他等了太久。今年，倪光南已经80了，但他终于看 ​  展开全文c \n                    前联想总工倪光南，等这一天，真的等得太久！前天，华为正式发布鸿蒙系统后，倪光南第一个发声，展现了无比的激动和自信。他说，我们的技术不比别人差，难就难在生态建设。但现在我们的市场非常大，一定能建立自己的生态系统，华为一定可以。这一天，其实他等了太久。今年，倪光南已经80了，但他终于看到了我们自主研发的芯片和系统。历史，没有负他。他曾把自己最好的青春献给了一个自己奋斗方向相反的企业，最后含泪离开。倪光南说，如果我现在30岁，会选择去华为。短短的一句话，令人泪下，道尽了无奈和心酸！ 收起全文d\n", "author": "价值投资日志", "time": "价值投资日志2019年08月12日21:31 来自iPhoneX", "transmit": " 转发 242", "comment": "评论 268", "zan": " 1946"}, {"text": "\n                    【深击|不只是华为手机备胎 鸿蒙OS的野心与挑战】鸿蒙OS一直被外界视为华为手机应对美国禁用安卓的备胎，对此，华为消费者业务软件总裁王成录一度有些不悦：“谁说我做备胎去了，我是去做超过这个东西去了。”事实上，华为要通过鸿蒙OS打造的是一个5G时代软硬件闭环的超级生态。 O深击|不只是华为手机备胎 鸿蒙OS的野心与挑战 ​                ", "author": "新浪科技", "time": "新浪科技2019年08月12日08:31 来自微博weibo.com", "transmit": " 转发 66", "comment": "评论 35", "zan": " 158"}, {"text": "\n                    前魅族科技高级副总裁李楠点评华为鸿蒙系统，你们怎么看？ ​​​​                ", "author": "商界BUSINESS", "time": "商界BUSINESS2019年08月12日14:36 来自微博weibo.com", "transmit": " 转发 12", "comment": "评论 138", "zan": " 437"}, {"text": "\n华为鸿蒙系统概念股！关注丨随时取代安卓！华为鸿蒙出世，概念股会飞吗？ ​                ", "author": "思多金", "time": "思多金2019年08月12日08:53 来自360安全浏览器", "transmit": " 转发 124", "comment": "评论 23", "zan": " 116"}, {"text": "\n#李楠评鸿蒙#【华为鸿蒙OS发布后轰动科技圈，前魅族高管也对其点评】鸿蒙OS一推出引起了整个中国的关注，前魅族科技高级副总裁李楠日前评价了这个操作系统：华为鸿蒙的一片叫好和当年阿里云OS的国产系统无用论形成了鲜明对比。618消费数据显示，越年轻对中国品牌的支持力度就越高。 ​  展开全文c \n#李楠评鸿蒙#【华为鸿蒙OS发布后轰动科技圈，前魅族高管也对其点评】鸿蒙OS一推出引起了整个中国的关注，前魅族科技高级副总裁李楠日前评价了这个操作系统：华为鸿蒙的一片叫好和当年阿里云OS的国产系统无用论形成了鲜明对比。618消费数据显示，越年轻对中国品牌的支持力度就越高。O华为鸿蒙OS发布后轰动科技圈，前魅族高管也对其点评 收起全文d\n", "author": "手机中国联盟官博", "time": "手机中国联盟官博2019年08月12日11:13 来自微博weibo.com", "transmit": " 转发 16", "comment": "评论 236", "zan": " 683"}, {"text": "\n                    大放厥词！攻击华为鸿蒙系统是骗钱套路的 GC雪球兔，知乎认证为腾讯工程师！(腾讯证实此人并非在职员工，2018年8月已离职)，之前曾扬言东亚文化必须摒弃，传统文化都是糟粕，包括汉语，感觉这货也是洋墨水喝多了 ​                ", "author": "宋敬亭", "time": "宋敬亭2019年08月12日19:20 来自热搜第一推荐", "transmit": " 转发 20", "comment": "评论 162", "zan": " 736"}, {"text": "\n                    【鸿蒙初开天地宽！一睹华为鸿蒙操作系统真容】10日，华为公司在东莞举行开发者大会，正式发布搭载鸿蒙操作系统的荣耀智慧屏。据悉，鸿蒙系统将兼容Linux、Unix和安卓系统，实现跨终端无缝协同体验。到底啥样？戳视频感受⬇⬇ L新华视点的秒拍视频 ​                ", "author": "秦淮发布", "time": "秦淮发布2019年08月12日09:54 来自360安全浏览器", "transmit": " 转发 144", "comment": "评论 90", "zan": " 17"}, {"text": "\n                    李楠在知乎评价鸿蒙OS：华为鸿蒙的一片叫好和当年阿里云OS的国产系统无用论形成了鲜明对比，中间，无非是隔了一个中美对抗。 ​                ", "author": "锋潮科技", "time": "锋潮科技2019年08月12日10:43", "transmit": " 转发 27", "comment": "评论 285", "zan": " 611"}, {"text": "\n                    收藏！最全华为概念股大盘点！（名单）#华为鸿蒙系统# 华为 #华为# ​                ", "author": "赢赢说财", "time": "赢赢说财2019年08月12日09:11 来自360安全浏览器", "transmit": " 转发 44", "comment": "评论 4", "zan": " 33"}, {"text": "\n华为鸿蒙发布，核心受益标的梳理！ O华为鸿蒙发布，核心受益标的梳理！ ​                ", "author": "复利刀客", "time": "复利刀客2019年08月12日23:50 来自微博weibo.com", "transmit": " 转发 73", "comment": "评论 2", "zan": " 36"}, {"text": "\n                    【两分钟看懂荣耀智慧屏发布会】8月10日，全球首款搭载华为鸿蒙操作系统终端#荣耀智慧屏#正式面世！集影音娱乐中心、多设备交互中心、信息共享中心以及家庭控制管理中心于一体的荣耀智慧屏，把家人拉回客厅，成为家庭情感中心。想了解更多#HonorTechChic#潮流科技亮点？快戳下方视频。带#荣耀智慧屏#转 ​  展开全文c \n                    【两分钟看懂荣耀智慧屏发布会】8月10日，全球首款搭载华为鸿蒙操作系统终端#荣耀智慧屏#正式面世！集影音娱乐中心、多设备交互中心、信息共享中心以及家庭控制管理中心于一体的荣耀智慧屏，把家人拉回客厅，成为家庭情感中心。想了解更多#HonorTechChic#潮流科技亮点？快戳下方视频。带#荣耀智慧屏#转发说出最让你心动的功能，抽送荣耀心晴耳机一个。L荣耀智慧生活的秒拍视频 收起全文d\n", "author": "荣耀智慧生活", "time": "荣耀智慧生活2019年08月12日09:01 来自荣耀20", "transmit": " 转发 173", "comment": "评论 149", "zan": " 682"}, {"text": "\n                    李楠点评华为鸿蒙系统，中美对抗后大家确实更支持国产，年轻人对中国品牌的支持力度很高。 ​                ", "author": "测评君", "time": "测评君2019年08月12日12:35 来自iPhoneXSMax", "transmit": " 转发 4", "comment": "评论 50", "zan": " 155"}, {"text": "\n华为鸿蒙OS发布后，和当年带海思自研芯片“架构公版论”节奏一样，同样还是那群人又造鸿蒙OS是“拿安卓改的”谣言！真相到底是什么？太专业术语难理解，打个简单比喻，操作系统架构也分不同的模块，就像不同岗位的工人分管不同的工作。比如现在的EMUI 10，很多工人岗位（图1蓝色区域）已经逐步换成 ​  展开全文c \n华为鸿蒙OS发布后，和当年带海思自研芯片“架构公版论”节奏一样，同样还是那群人又造鸿蒙OS是“拿安卓改的”谣言！真相到底是什么？太专业术语难理解，打个简单比喻，操作系统架构也分不同的模块，就像不同岗位的工人分管不同的工作。比如现在的EMUI 10，很多工人岗位（图1蓝色区域）已经逐步换成华为自己的工人，EMUI 10已是披着安卓外皮的混合系统。而鸿蒙OS的架构（图2）是要脱离安卓另起炉灶，目前1.0阶段几乎都是华为自研模块，不过初期考虑生态问题，为了能兼容安卓生态，就外聘一个叫“Linux内核”的工人负责这一块的工作。所以，在过渡阶段鸿蒙还是能看到一点点安卓的影子，未来等华为自己软件生态建好了，那个外聘工人就让他走人了，实现完整自研架构和生态。在几乎都是华为自研的系统架构里，不能因为鸿蒙只有一个模块和安卓有关，就以点概面造谣是“安卓改的”吧！这群人用心何其毒也！他们目的就是打击和贬低华为自研芯片和系统的科技价值高度和纬度，进而抬高自家用的芯片和系统。在自研芯片方面，海思已经用魔改架构和自研达芬奇架构狠狠打了他们的脸，相信两年以后的鸿蒙能再狠狠抽他们一巴掌！#华为##华为鸿蒙# 收起全文d\n", "author": "建华Wei业", "time": "建华Wei业2019年08月12日19:36 来自HUAWEIMate20Pro", "transmit": " 转发 25", "comment": "评论 77", "zan": " 196"}, {"text": "\n                    小米两个高管在酸。方舟编译器、安全内核、软总线、微内核、分布式技术明明就是已经应用或者马上在EMUI10用的东西；#华为随时可以启用鸿蒙系统#在手机应用，技不如人就说这是未来技术，是吹牛。难道要想搞奥氏体304钢才是科技？ ​                ", "author": "HW前HR", "time": "HW前HR2019年08月12日12:26 来自HUAWEIP30Pro", "transmit": " 转发 47", "comment": "评论 261", "zan": " 820"}, {"text": "\n                    【李楠点评华为鸿蒙】前魅族科技高级副总裁李楠评价鸿蒙OS：华为鸿蒙的一片叫好和当年阿里云OS的国产系统无用论形成了鲜明对比。还有618消费数据显示，越年轻对中国品牌的支持力度就越高。O李楠点评华为鸿蒙：和阿里云OS无用论形成鲜明对比 ​                ", "author": "新浪手机", "time": "新浪手机2019年08月12日09:48 来自微博weibo.com", "transmit": " 转发 18", "comment": "评论 72", "zan": " 353"}, {"text": "\n                    李楠点评华为鸿蒙系统 ​                ", "author": "硬件学堂", "time": "硬件学堂2019年08月12日09:55", "transmit": " 转发 35", "comment": "评论 162", "zan": " 788"}, {"text": "\n                    【拨开迷雾看世界|安卓不是华为鸿蒙的对手，鸿蒙的对手是它】O网页链接  任正非说，要感谢特朗普，不是他的封杀，世界还不知道华为5G这么先进了。同样，也要感谢美国政府，不是他们要封杀华为，世界还不知道华为有个鸿蒙。当然，前进的道路上肯定还要艰难险阻，和各种不公平的卑鄙手段。但 ​  展开全文c \n                    【拨开迷雾看世界|安卓不是华为鸿蒙的对手，鸿蒙的对手是它】O网页链接  任正非说，要感谢特朗普，不是他的封杀，世界还不知道华为5G这么先进了。同样，也要感谢美国政府，不是他们要封杀华为，世界还不知道华为有个鸿蒙。当然，前进的道路上肯定还要艰难险阻，和各种不公平的卑鄙手段。但是华为的崛起，就如同中国的崛起一样，已经势不可挡。 O拨开迷雾看世界|安卓不是华为鸿蒙的对手，鸿蒙的对手是它 收起全文d\n", "author": "察网中国", "time": "察网中国2019年08月12日19:04 来自微博weibo.com", "transmit": " 转发 27", "comment": "评论 9", "zan": " 75"}, {"text": "\n                    【鸿蒙的雄心】今天打开微博，你看到的封面可能就是这款搭载鸿蒙系统的华为荣耀屏。当下谈论华为的关键词也不再是5G，而是“鸿蒙”（Harmony OS），一个华为于8月9日举行的“开发者大会”上发布的操作系统的名字。赶工而得的鸿蒙面临的困境和带来的突破到底有哪些？🔍详情请戳：O鸿蒙的雄心 ​                ", "author": "第一财经YiMagazine", "time": "第一财经YiMagazine2019年08月12日13:00", "transmit": " 转发 23", "comment": "评论 18", "zan": " 44"}, {"text": "\n                    8月10日，全球首款搭载华为鸿蒙操作系统终端#荣耀智慧屏#正式面世！周末没在线遗憾错过的小伙伴，两分钟带你回顾荣耀智慧屏发布会！L荣耀智慧生活的秒拍视频 ​                ", "author": "华为商城", "time": "华为商城2019年08月12日11:56 来自荣耀Magic2魔法手机", "transmit": " 转发 13", "comment": "评论 16", "zan": " 70"}]