[{"text": "\n                    网上爆料华为鸿蒙系统已经开始大量测试，Q4发布，感觉应该很有可能赶上mate30发布！ ​                ", "author": "IT科技侠", "time": "IT科技侠2019年06月04日15:49 来自微博weibo.com", "transmit": " 转发 11", "comment": "评论 41", "zan": " 61"}, {"text": "\n华为Mate30将首发麒麟985处理器，并且会搭载自主研发的鸿蒙系统，如果到时候华为能把软件生态培养起来，以后我们就可以摆脱苹果和安卓了！大家会支持吗？ ​​​​                ", "author": "全球时尚数码", "time": "全球时尚数码2019年06月04日05:09 来自360安全浏览器", "transmit": " 转发 5", "comment": "评论 16", "zan": " 122"}]