[{"text": "\n                    发布了头条文章：《华为入局大屏，鸿蒙揭开神秘面纱：华为鸿鹄818芯片和鸿蒙OS操作系统即将亮相》华为打算用一种有别于传统的模式入局，以类似做手机的思路和理念，赋予产品创新和能力，让消费者重新认知这块屏。      新终端荣耀智慧屏将成为首款搭载华为自研鸿蒙系统的产品。此外，荣耀智慧 ​  展开全文c \n                    发布了头条文章：《华为入局大屏，鸿蒙揭开神秘面纱：华为鸿鹄818芯片和鸿蒙OS操作系统即将亮相》华为打算用一种有别于传统的模式入局，以类似做手机的思路和理念，赋予产品创新和能力，让消费者重新认知这块屏。      新终端荣耀智慧屏将成为首款搭载华为自研鸿蒙系统的产品。此外，荣耀智慧屏还应用了海思鸿鹄818智慧芯片和升降式AI摄像头。其是鸿鹄818芯片将来会开放给其他厂家使用。 鸿鹄818智慧芯片是华为旗舰级的智慧显示芯片，在画质方面，它具备动态画面补偿（MEMC）、高动态范围成像（HDR）等七重画质技术；在音质方面，芯片集成Histen音质优化技术，具备声场扩张、瞬态失真矫正等五大音质优化技术。    传统彩电行业已经发展了几十年，新入局者短期取代传统屏并不现实。华为用一种有别于传统的模式入局，以类似做手机的思路和理念，赋予产品创新和能力，让消费者重新认知这块屏。 O华为入局大屏，鸿蒙揭开神秘面纱 收起全文d\n", "author": "人才76116", "time": "人才761162019年08月02日13:31 来自微博weibo.com", "transmit": " 转发 14", "comment": "评论 44", "zan": " 91"}, {"text": "\n                    外媒：华为参与开发谷 哥的Fuchsia OS系统。最新报道指出，华为除了自研鸿蒙之外，还在测试Fuchsia OS，而且最近，有华为开发人员更新了Fuchsia的Gerrit源代码管理。据猜测，华为参与该系统的研发团队可能在印度。 ​                ", "author": "手中掌握", "time": "手中掌握2019年08月02日09:52", "transmit": " 转发 8", "comment": "评论 11", "zan": " 27"}]