[{"text": "\n                    吉利汽车将要搭载华为的鸿蒙系统吗重磅啊！ ​                ", "author": "科技涅槃说", "time": "科技涅槃说2019年08月25日22:33 来自HUAWEIMate20Pro", "transmit": " 转发 18", "comment": "评论 55", "zan": " 447"}, {"text": "\n                    【《山海经全传》重出江湖】特朗普：我禁你芯片，华为：我有麒麟！特朗普：我禁你操作系统华为：我有鸿蒙！特朗普：禁止SD与你合作华为：我有NM！特朗普：我禁你ARM架构华为：我有魔改版ARM！特朗普：我禁你基带芯片,华为：我有巴龙！特朗普：我禁服务器芯片,华为：我有鲲鹏！特朗 ​  展开全文c \n                    【《山海经全传》重出江湖】特朗普：我禁你芯片，华为：我有麒麟！特朗普：我禁你操作系统华为：我有鸿蒙！特朗普：禁止SD与你合作华为：我有NM！特朗普：我禁你ARM架构华为：我有魔改版ARM！特朗普：我禁你基带芯片,华为：我有巴龙！特朗普：我禁服务器芯片,华为：我有鲲鹏！特朗普：我禁你服务器平台，华为：我有泰山！特朗普：我禁你路由器芯片，华为：我有凌霄！特朗普：我禁你人工智能芯片，华为：我有昇腾！特朗普：我禁你基站芯片，华为：我有5G芯片天罡特朗普：我禁你蓝牙，华为：我有138米超级蓝牙！特朗普：你到底还有啥？华为：我还有数不清系列：昆仑、金刚、玄武、乾坤、鸿雁、磬石、浩天、白虎、鸿鹄、饕餮、火龙、紫龙、威凤、青牛、腾蛇、灵犀、青鸟、朱雀、丹雀…………特朗普：不许骗我，要不我们谈谈？华为：没空跟你扯蛋，老子忙着研发6G、7G！（网友） 收起全文d\n", "author": "平民王小石", "time": "平民王小石2019年08月25日09:55 来自魅族16旗舰手机", "transmit": " 转发 137", "comment": "评论 79", "zan": " 514"}, {"text": "\n                    中广时代爆料，吉利汽车将和华为鸿蒙达成合作，意味着鸿蒙系统将登录车机。 别问我，这消息真的假的我也不知道，就是给你们看看别人说的。 ​                ", "author": "宅数码Kael", "time": "宅数码Kael2019年08月25日22:27", "transmit": " 转发 7", "comment": "评论 49", "zan": " 207"}, {"text": "\n                    吉利汽车×华为鸿蒙？    不可能，不可能，我看最近不是有好多人都说华为鸿蒙系统是PPT吗？还有人说不成熟！所以吉利汽车怎么会搞这种事情呢？    言归正传，按照之前的消息，汽车中控OS乃至以后的5G环境下自动驾驶都将是华为鸿蒙的天下。    最后，非官宣不约，坐等官宣！ ​                ", "author": "长安数码君", "time": "长安数码君2019年08月25日23:42 来自荣耀20PRO", "transmit": " 转发 20", "comment": "评论 337", "zan": " 867"}, {"text": "\n                    据悉，华为鸿蒙OS正被用于手机测试……这些人都是哪来的消息？ ​                ", "author": "科技Yu", "time": "科技Yu2019年08月25日19:06", "transmit": " 转发 15", "comment": "评论 32", "zan": " 54"}, {"text": "\n                    【特朗普不吃茅台，只吃华为】特朗普：我禁你芯片，华为：我有麒麟！特朗普：我禁你OS华为：我有鸿蒙！特朗普：我禁你SD华为：我有NM！特朗普：我禁你ARM华为：我有魔改ARM！特朗普：我禁你基带芯片,华为：我有巴龙！特朗普：我禁服务器芯片,华为：我有鲲鹏！特朗普： ​  展开全文c \n                    【特朗普不吃茅台，只吃华为】特朗普：我禁你芯片，华为：我有麒麟！特朗普：我禁你OS华为：我有鸿蒙！特朗普：我禁你SD华为：我有NM！特朗普：我禁你ARM华为：我有魔改ARM！特朗普：我禁你基带芯片,华为：我有巴龙！特朗普：我禁服务器芯片,华为：我有鲲鹏！特朗普：我禁你服务器平台，华为：我有泰山！特朗普：我禁你路由器芯片，华为：我有凌霄！特朗普：我禁你人工智能芯片，华为：我有昇腾！特朗普：我禁你基站芯片，华为：我有5G天罡特朗普：我禁你蓝牙，华为：我有138米超级牙！特朗普：你到底还有啥？华为：我还有数不清系列：昆仑、金刚、玄武、乾坤、鸿雁、磬石、浩天、白虎、鸿鹄、饕餮、火龙、紫龙、威凤、青牛、腾蛇、灵犀、青鸟、朱雀、丹雀…………特朗普：不许骗我，要不我们谈谈？华为：没空跟你扯蛋，老子忙着研发6G、7G！特朗普：卧槽………………”[米奇比心] 收起全文d\n", "author": "秦砖汉瓦无言", "time": "秦砖汉瓦无言2019年08月25日03:00 来自SamsungGalaxyS8+", "transmit": " 转发 15", "comment": "评论 17", "zan": " 53"}, {"text": "\n                    特朗普：我禁你芯片华为：我有麒麟特朗普：我禁你操作系统华为：我有鸿蒙特朗普：禁止SD与你合作华为：我有NM特朗普：我禁你ARM架构华为：我有魔改版ARM特朗普：我禁你基带芯片华为：我有巴龙特朗普：我禁服务器芯片华为：我有鲲鹏！特朗普：我禁你服务器平台，华为：我有泰 ​  展开全文c \n                    特朗普：我禁你芯片华为：我有麒麟特朗普：我禁你操作系统华为：我有鸿蒙特朗普：禁止SD与你合作华为：我有NM特朗普：我禁你ARM架构华为：我有魔改版ARM特朗普：我禁你基带芯片华为：我有巴龙特朗普：我禁服务器芯片华为：我有鲲鹏！特朗普：我禁你服务器平台，华为：我有泰山特朗普：我禁你路由器芯片华为：我有凌霄特朗普：我禁你人工智能芯片华为：我有昇腾特朗普：我禁你基站芯片华为：我有天罡特朗普：我禁你蓝牙华为：我有138米超级蓝牙特朗普：你到底还有啥？华为：我还有昆仑、金刚、玄武、乾坤、鸿雁、磬石、浩天、白虎、鸿鹄、饕餮、火龙、紫龙、威凤、青牛、腾蛇、灵犀、青鸟、朱雀、丹雀…………特朗普：不许骗我，要不我们谈谈？华为：没空跟你扯蛋，老子忙着研发6G、7G特朗普：卧槽………………转 收起全文d\n", "author": "健康媒体王炎", "time": "健康媒体王炎2019年08月25日12:42 来自HUAWEIMate8", "transmit": " 转发 22", "comment": "评论 4", "zan": " 32"}, {"text": "\n                    周三华为高级副总裁 Vincent Yang在纽约举办的一场媒体活动中透露：鸿蒙OS虽然亮相但缺乏程序开发商支持。这也意味着Android 仍是首选，鸿蒙建立生态还需要一段时间。 ​                ", "author": "刹那数码", "time": "刹那数码2019年08月25日20:29", "transmit": " 转发 4", "comment": "评论 28", "zan": " 159"}]