[{"text": "\n#鸿蒙#华为自研OS鸿蒙系统即将上市，你期待吗？我下一部手机铁定华为。 ​                ", "author": "少年不打太极", "time": "少年不打太极2019年05月23日19:53 来自iPhoneX", "transmit": " 转发 160", "comment": "评论 389", "zan": " 1583"}, {"text": "\n#鸿蒙#是华为OS的名字。许多人提到了盘古开天地。我倒是想起了红楼梦里提到的，”我所居兮，青埂之峰。我所游兮，鸿蒙太空。谁与我游兮，吾谁与从”我住在清埂之顶峰，我的乐游之地，是苍茫的宇宙。天地之间，何人与我同游，谁人与我共？气魄，仙鸣，这是工科的浪漫主义。#华为# 华为  ​  展开全文c \n#鸿蒙#是华为OS的名字。许多人提到了盘古开天地。我倒是想起了红楼梦里提到的，”我所居兮，青埂之峰。我所游兮，鸿蒙太空。谁与我游兮，吾谁与从”我住在清埂之顶峰，我的乐游之地，是苍茫的宇宙。天地之间，何人与我同游，谁人与我共？气魄，仙鸣，这是工科的浪漫主义。#华为# 华为 #华为OS操作系统# #任正非回应热点# 收起全文d\n", "author": "宣和一人", "time": "宣和一人2019年05月23日22:56 来自宣和制iPhone客户端", "transmit": " 转发 110", "comment": "评论 34", "zan": " 281"}, {"text": "\n                    【华为操作系统被曝名为#鸿蒙#，余承东：最快今秋面世】5月21日，华为消费者业务CEO余承东透露“备胎”华为操作系统，最快将于今年秋天、最晚将于明年春天面市。目前该系统已打通手机、电脑、平板、电视、汽车、智能穿戴等产品，并兼容全部的安卓应用和Web应用。此前有PPT曝华为新系统叫“鸿蒙”。鸿蒙 ​  展开全文c \n                    【华为操作系统被曝名为#鸿蒙#，余承东：最快今秋面世】5月21日，华为消费者业务CEO余承东透露“备胎”华为操作系统，最快将于今年秋天、最晚将于明年春天面市。目前该系统已打通手机、电脑、平板、电视、汽车、智能穿戴等产品，并兼容全部的安卓应用和Web应用。此前有PPT曝华为新系统叫“鸿蒙”。鸿蒙即混沌，世界太元之初。L老板联播的秒拍视频 收起全文d\n", "author": "老板联播", "time": "老板联播2019年05月23日20:37", "transmit": " 转发 44", "comment": "评论 97", "zan": " 188"}, {"text": "\n                    传华为OS操作系统叫“鸿蒙”，我觉得不适合，要简单、大气、现代，大家一起来给这个系统起个名字__ ​                ", "author": "C科技", "time": "C科技2019年05月23日20:29", "transmit": " 转发 22", "comment": "评论 579", "zan": " 220"}, {"text": "\n华为给自研的新系统，命名“鸿蒙”，好燃啊！真心觉得中国这些科技、航天人员都太会了！探月工程叫“嫦娥”，碧海青天，也有访客。全球定位系统叫“北斗”，森莽天地，北斗指路。暗物质探测器叫“悟空”，火眼金睛，无所遁形。太阳监测卫星计划叫“夸父计划”…… 中国神话没别的，多的是追日补天、移 ​  展开全文c \n华为给自研的新系统，命名“鸿蒙”，好燃啊！真心觉得中国这些科技、航天人员都太会了！探月工程叫“嫦娥”，碧海青天，也有访客。全球定位系统叫“北斗”，森莽天地，北斗指路。暗物质探测器叫“悟空”，火眼金睛，无所遁形。太阳监测卫星计划叫“夸父计划”…… 中国神话没别的，多的是追日补天、移山填海跟你死嗑的故事。 收起全文d\n", "author": "柳飘飘果然飘了", "time": "柳飘飘果然飘了2019年05月23日14:00 来自小米9", "transmit": " 转发 28", "comment": "评论 14", "zan": " 157"}, {"text": "\n#鸿蒙#看来鸿蒙系统是真的，注册信息曝光，期待华为自研OS早日上市 ​                ", "author": "宋敬亭", "time": "宋敬亭2019年05月23日22:46", "transmit": " 转发 20", "comment": "评论 70", "zan": " 178"}, {"text": "\n                    这两天媒体、自媒体一个劲吹鸿蒙系统，结果到现在毛都没看见。华为可能就是拿来以备不测，毕竟新机的安卓现在还能用，结果网上就沸腾了。皇上不急太监急。 ​                ", "author": "路诞先生", "time": "路诞先生2019年05月23日20:11 来自OnePlus7Pro", "transmit": " 转发 12", "comment": "评论 141", "zan": " 159"}]