[{"text": "\n                    爆个料：华为鸿蒙系统主页曝光，最快年内就绪 华为鸿蒙操作系统好事将近，已经在国内测试一段时间了！现在华为鸿蒙系统的主页已经曝光，在网页上可以看到鸿蒙系统的一些简介和进度，而且还即将提鸿蒙供开发版下载(图八)        界面显示：鸿蒙系统（Hongmeng OS）是华为开发的 ​  展开全文c \n                    爆个料：华为鸿蒙系统主页曝光，最快年内就绪 华为鸿蒙操作系统好事将近，已经在国内测试一段时间了！现在华为鸿蒙系统的主页已经曝光，在网页上可以看到鸿蒙系统的一些简介和进度，而且还即将提鸿蒙供开发版下载(图八)        界面显示：鸿蒙系统（Hongmeng OS）是华为开发的自有操作系统，华为自2012年开始规划研发操作系统，代号为“鸿蒙”，预计于2019年底正式发布鸿蒙系统。        打通手机、电脑、平板、电视、汽车和智能穿戴等，将这些设备统一成一个操作系统。该系统是面向下一代技术而设计的，能兼容全部安卓应用和所有Web应用。        若安卓应用重新编译，在华为OS操作系统上，运行性能的提升超过60%。(华为方舟编译器可以实现重新编译，且工作量极小)         公共事务和关系副总裁Andrew Williamson：“近期正在为众多安装鸿蒙系统的手机进行系统测试，国内主要厂商已安排技术团队加紧完成系统建设和适配。”        大家都在担心的生态问题，现在华为已经着手解决，在华为开发者联盟的支持下，国内主流APP都将实现为华为的专项开发，大部分已经进入测试阶段。        对于华为鸿蒙操作系统，你有什么期待吗？#华为##科技潮玩# 2西安 收起全文d\n", "author": "长安数码君", "time": "长安数码君2019年06月28日14:32 来自荣耀20PRO", "transmit": " 转发 19", "comment": "评论 115", "zan": " 219"}, {"text": "\n华为“鸿蒙”最早在今年秋发布，任正非：唯有惶者，方能生存 ​                ", "author": "电商行业", "time": "电商行业2019年06月28日21:30 来自微博weibo.com", "transmit": " 转发 61", "comment": "评论 67", "zan": " 290"}, {"text": "\n                    【#周鸿祎强烈建议华为鸿蒙开源#：大家共同参与打造这个生态操作系统】在首届“2019南京创新周”大会上，周鸿祎强烈建议华为可以用开源的方式开发鸿蒙系统，把这个操作系统像安卓一样开源，这样就会变成整个中国IT产业、互联网产业共同参与打造的一个生态操作系统，我为人人，人人为我。@老板联播  ​  展开全文c \n                    【#周鸿祎强烈建议华为鸿蒙开源#：大家共同参与打造这个生态操作系统】在首届“2019南京创新周”大会上，周鸿祎强烈建议华为可以用开源的方式开发鸿蒙系统，把这个操作系统像安卓一样开源，这样就会变成整个中国IT产业、互联网产业共同参与打造的一个生态操作系统，我为人人，人人为我。@老板联播 L老板联播的秒拍视频 收起全文d\n", "author": "香港商報網", "time": "香港商報網2019年06月28日06:27 来自微博weibo.com", "transmit": " 转发 63", "comment": "评论 35", "zan": " 127"}, {"text": "\n#华为鸿蒙官网上线# 华为的鸿蒙操作系统官网上线了，官网称鸿蒙系统（Hongmeng OS）自 2012 年开始规划研发操作系统，预计于 2019 年底正式发布鸿蒙系统。期待一下！ ​                ", "author": "WHYLAB", "time": "WHYLAB2019年06月28日18:54 来自微博weibo.com", "transmit": " 转发 33", "comment": "评论 69", "zan": " 231"}, {"text": "\n                    【鸿蒙今年底发布？华为人员：山寨网站LOGO都不对】6月27日，一个名为“鸿蒙系统信息发布平台”的网站发布消息称，鸿蒙系统预计2019年底正式发布。据悉，鸿蒙系统打通手机、电脑、平板、电视、汽车和智能穿戴等，将这些设备统一成一个操作系统。对此，华为内部人员表示，相关网站不是鸿蒙系统官方发布 ​  展开全文c \n                    【鸿蒙今年底发布？华为人员：山寨网站LOGO都不对】6月27日，一个名为“鸿蒙系统信息发布平台”的网站发布消息称，鸿蒙系统预计2019年底正式发布。据悉，鸿蒙系统打通手机、电脑、平板、电视、汽车和智能穿戴等，将这些设备统一成一个操作系统。对此，华为内部人员表示，相关网站不是鸿蒙系统官方发布网站，鸿蒙系统年底发布的消息也不真实。O鸿蒙系统年底发布?华为内部人员:山寨网站LOGO都不对 收起全文d\n", "author": "新浪财经", "time": "新浪财经2019年06月28日21:12 来自微博weibo.com", "transmit": " 转发 22", "comment": "评论 98", "zan": " 330"}, {"text": "\n                    【鸿蒙今年底发布？华为人员：山寨网站LOGO都不对】6月27日，一个名为“鸿蒙系统信息发布平台”的网站发布消息称，鸿蒙系统预计2019年底正式发布。对此，华为内部人员记者表示，相关网站不是鸿蒙系统官方发布网站，鸿蒙系统年底发布的消息也不真实。O鸿蒙今年底发布？华为人员：山寨网站LOGO都不对 ​                ", "author": "新浪科技", "time": "新浪科技2019年06月28日22:04 来自专业版微博", "transmit": " 转发 7", "comment": "评论 32", "zan": " 97"}, {"text": "\n鸿蒙系统惊艳何时亮相？据说测试结果比安卓速度快百分之六十，这是刚刚发生的事。OV两大手机厂家对其进行了测试，结果显示“鸿蒙”系统的运行速度要比安卓系统快60%。#周鸿祎谈鸿蒙系统##华为将从全世界招天才少年# ​                ", "author": "司马子瀟瀟", "time": "司马子瀟瀟2019年06月28日11:41", "transmit": " 转发 42", "comment": "评论 14", "zan": " 25"}]