[{"text": "\n                    【#华为董事长否认鸿蒙是噱头#：起初是针对物联网，也是为未来做准备】30日，#华为上半年财报#发布会上，华为董事长梁华回应关于“鸿蒙系统”的质疑。他表示，鸿蒙系统一开始就是针对IoT物联网做的操作系统，未来会在产品中使用，不是噱头，也不是应对谈判的策略。短期内，如果美国政府允许华为使用安 ​  展开全文c \n                    【#华为董事长否认鸿蒙是噱头#：起初是针对物联网，也是为未来做准备】30日，#华为上半年财报#发布会上，华为董事长梁华回应关于“鸿蒙系统”的质疑。他表示，鸿蒙系统一开始就是针对IoT物联网做的操作系统，未来会在产品中使用，不是噱头，也不是应对谈判的策略。短期内，如果美国政府允许华为使用安卓系统，华为手机还是会使用安卓，鸿蒙是为长期发展做准备。 L老板联播的秒拍视频 收起全文d\n", "author": "Vista看天下", "time": "Vista看天下2019年07月30日19:07 来自iPhone客户端", "transmit": " 转发 22", "comment": "评论 115", "zan": " 636"}, {"text": "\n                    【#华为董事长否认鸿蒙是噱头#：起初是针对物联网，也是为未来做准备】7月30日，#华为上半年财报#发布会上，华为董事长梁华回应关于“鸿蒙系统”的质疑。他表示，鸿蒙系统一开始就是针对IoT物联网做的操作系统，未来会在产品中使用，不是噱头，也不是应对谈判的策略。短期内，如果美国政府允许华为使用 ​  展开全文c \n                    【#华为董事长否认鸿蒙是噱头#：起初是针对物联网，也是为未来做准备】7月30日，#华为上半年财报#发布会上，华为董事长梁华回应关于“鸿蒙系统”的质疑。他表示，鸿蒙系统一开始就是针对IoT物联网做的操作系统，未来会在产品中使用，不是噱头，也不是应对谈判的策略。短期内，如果美国政府允许华为使用安卓系统，华为手机还是会使用安卓，鸿蒙是为长期发展做准备。L老板联播的秒拍视频 收起全文d\n", "author": "新浪财经", "time": "新浪财经2019年07月30日17:41 来自微博weibo.com", "transmit": " 转发 49", "comment": "评论 266", "zan": " 556"}, {"text": "\n#华为董事长否认鸿蒙是噱头#当然不是噱头，马上8月10日搭载鸿蒙的#荣耀智慧屏#就要发布了 ​                ", "author": "熊姐", "time": "熊姐2019年07月30日20:20 来自微博weibo.com", "transmit": " 转发 51", "comment": "评论 166", "zan": " 888"}, {"text": "\n                    【#华为董事长否认鸿蒙是噱头#：起初是针对物联网 也是为未来做准备】7月30日，#华为发布上半年业绩# 会上，华为董事长梁华回应关于“鸿蒙系统”的质疑。他表示，鸿蒙系统一开始就是针对IoT物联网做的操作系统，未来会在产品中使用，不是噱头，也不是应对谈判的策略。L老板联播的秒拍视频 ​                ", "author": "新浪科技", "time": "新浪科技2019年07月30日22:25 来自微博weibo.com", "transmit": " 转发 15", "comment": "评论 81", "zan": " 238"}, {"text": "\n                    【阿里终于出手！国产芯片加速抛弃ARM！】这一天终于来了！就在上周，阿里平头哥公司发布了“玄铁910”芯片！阿里迈出的这一小步，正在开启世界芯片历史的一大步！这么多年以后，国内科技公司终于另起炉灶，从芯片的底层觉醒了，这是一种巨大的进步——正是从这个角度而言，和犹抱琵琶半遮面的华为鸿蒙 ​  展开全文c \n                    【阿里终于出手！国产芯片加速抛弃ARM！】这一天终于来了！就在上周，阿里平头哥公司发布了“玄铁910”芯片！阿里迈出的这一小步，正在开启世界芯片历史的一大步！这么多年以后，国内科技公司终于另起炉灶，从芯片的底层觉醒了，这是一种巨大的进步——正是从这个角度而言，和犹抱琵琶半遮面的华为鸿蒙系统相比，“玄铁910”的意义可能要更大一些。 O阿里终于出手！国产芯片加速抛弃ARM！ 收起全文d\n", "author": "电商报", "time": "电商报2019年07月30日09:14 来自微博weibo.com", "transmit": " 转发 72", "comment": "评论 22", "zan": " 67"}, {"text": "\n                    【#华为董事长否认鸿蒙是噱头#：起初是针对物联网，也是为未来做准备】7月30日，#华为上半年财报#发布会上，华为董事长梁华回应关于“鸿蒙系统”的质疑。他表示，鸿蒙系统一开始就是针对IoT物联网做的操作系统，未来会在产品中使用，不是噱头，也不是应对谈判的策略。短期内，如果美国政府允许华为使用 ​  展开全文c \n                    【#华为董事长否认鸿蒙是噱头#：起初是针对物联网，也是为未来做准备】7月30日，#华为上半年财报#发布会上，华为董事长梁华回应关于“鸿蒙系统”的质疑。他表示，鸿蒙系统一开始就是针对IoT物联网做的操作系统，未来会在产品中使用，不是噱头，也不是应对谈判的策略。短期内，如果美国政府允许华为使用安卓系统，华为手机还是会使用安卓，鸿蒙是为长期发展做准备。（来源：@老板联播）L老板联播的秒拍视频 收起全文d\n", "author": "每日经济新闻", "time": "每日经济新闻2019年07月30日19:17 来自搜狗高速浏览器", "transmit": " 转发 10", "comment": "评论 14", "zan": " 35"}, {"text": "\n                    【华为：鸿蒙系统不是对美谈判策略，是物联网操作系统 】7月30日，华为上半年业绩发布会上，华为董事长梁华在回答鸿蒙系统相关提问时表示，鸿蒙系统从一开始就是针对IoT物联网做的操作系统，包括在自动驾驶、远程医疗中使用的操作系统，在手机产品中也会用到。他强调，华为鸿蒙系统不是一个对美国 ​  展开全文c \n                    【华为：鸿蒙系统不是对美谈判策略，是物联网操作系统 】7月30日，华为上半年业绩发布会上，华为董事长梁华在回答鸿蒙系统相关提问时表示，鸿蒙系统从一开始就是针对IoT物联网做的操作系统，包括在自动驾驶、远程医疗中使用的操作系统，在手机产品中也会用到。他强调，华为鸿蒙系统不是一个对美国的谈判噱头和策略。#华为2019半年报# L全景网的微博视频 收起全文d\n", "author": "雪球", "time": "雪球2019年07月30日17:35", "transmit": " 转发 8", "comment": "评论 25", "zan": " 23"}, {"text": "\n#每经整点播# 【每经17点丨发改委推进建设足球场，每个球场补助200万元； #华为董事长否认鸿蒙是噱头#】1、#国家对新建社会足球场予以补助#，发改委印发《全国社会足球场地设施建设专项行动实施方案（试行）》的通知。通知要求，中央预算内投资采取定额补助。对新建11人制标准足球场，每个球场补助200 ​  展开全文c \n#每经整点播# 【每经17点丨发改委推进建设足球场，每个球场补助200万元；\t#华为董事长否认鸿蒙是噱头#】1、#国家对新建社会足球场予以补助#，发改委印发《全国社会足球场地设施建设专项行动实施方案（试行）》的通知。通知要求，中央预算内投资采取定额补助。对新建11人制标准足球场，每个球场补助200万元。对新建5人制、7人制（8人制）足球场，每个球场补助不超过100万元。2、#全聚德半年净利下滑近六成#，归属于上市公司股东的净利润0.32亿元，同比下降58.51%。3、#晋江文学城站长回应修文收费#：为提高审核效率。O每经17点丨发改委推进建设足球场，每个球场补助200万元；华为董事长梁华称鸿蒙系统不是噱头 O每经17点丨发改委推进建设足球场，每个球场补助200万元 收起全文d\n", "author": "每日经济新闻", "time": "每日经济新闻2019年07月30日17:25 来自微博weibo.com", "transmit": " 转发 6", "comment": "评论 18", "zan": " 35"}, {"text": "\n                    ●良心怎么会痛？华为是靠实力站着打赢的在今天下午华为财报发布会上，有个香港记者竟然提问，华为手机在市场上一家独大，良心会不会痛？这显然是别有用心的拷问华为！不知道会不会有记者问三星一直全球市场占比第一，良心会不会痛？问苹果一直全球利润率最高，良心会不会痛？怎么到华为取得一些成 ​  展开全文c \n                    ●良心怎么会痛？华为是靠实力站着打赢的在今天下午华为财报发布会上，有个香港记者竟然提问，华为手机在市场上一家独大，良心会不会痛？这显然是别有用心的拷问华为！不知道会不会有记者问三星一直全球市场占比第一，良心会不会痛？问苹果一直全球利润率最高，良心会不会痛？怎么到华为取得一些成绩良心就要受到拷问，这完全是站在西方思维和立场审视华为！见不得华为好？华为在美国极限施压和封锁下，还取得这么好的成绩，完全是靠未雨绸缪的战略储备，以及自身强大的技术实力，是站着赢下的，别说取得成绩，国内有几个能顶住？华为良心不仅不会痛，完全配的上现在的成绩，还需要更多的“良心”华为！#华为上半年财报##华为董事长否认鸿蒙是噱头# 收起全文d\n", "author": "建华Wei业", "time": "建华Wei业2019年07月30日19:08 来自HUAWEIMate20Pro", "transmit": " 转发 38", "comment": "评论 57", "zan": " 301"}, {"text": "\n                    【华为董事长：鸿蒙一开始就是针对物联网的操作系统，不是噱头】7月30日消息，华为董事长梁华今天下午接受凤凰网科技等媒体采访时表示，鸿蒙一开始就是针对IoT物联网做的操作系统，包括车联网、远程医疗等，未来手机也会用，不会仅仅是一个噱头。自华为宣布自研操作系统“鸿蒙”的存在之后，业界对于这 ​  展开全文c \n                    【华为董事长：鸿蒙一开始就是针对物联网的操作系统，不是噱头】7月30日消息，华为董事长梁华今天下午接受凤凰网科技等媒体采访时表示，鸿蒙一开始就是针对IoT物联网做的操作系统，包括车联网、远程医疗等，未来手机也会用，不会仅仅是一个噱头。自华为宣布自研操作系统“鸿蒙”的存在之后，业界对于这个传言中的“安卓备胎”充满了关注。随着时间的推进，“鸿蒙”逐步走向台前，但人们却发现原来它并不是针对智能手机开发的操作系统。 #华为上半年财报# O华为董事长：鸿蒙一开始就是针对物联网的操作系统，不是噱头 #华为董事长否认鸿蒙是噱头# 收起全文d\n", "author": "凤凰网财经", "time": "凤凰网财经2019年07月30日16:35", "transmit": " 转发 15", "comment": "评论 10", "zan": " 52"}, {"text": "\n#华为上半年财报#上半年营收4013亿元，今年研发投入1200亿，业绩增长喜人，也坚持持续投资研发。将于8月10日发布的#荣耀智慧屏#就搭载了多项锐科技，比如华为自研鸿鹄818智慧芯片和升降式AI摄像头，甚至还有鸿蒙系统。华为下半年的产品中，你们期待哪一款？ ​                ", "author": "搞机学姐", "time": "搞机学姐2019年07月30日17:15 来自微博weibo.com", "transmit": " 转发 343", "comment": "评论 235", "zan": " 411"}, {"text": "\n#华为董事长否认鸿蒙是噱头#这个热搜有点意思，都说#荣耀智慧屏#搭载的就是鸿蒙系统，那就耐心等8月10号呗 ​                ", "author": "H_花花玩家", "time": "H_花花玩家2019年07月30日20:55 来自微博weibo.com", "transmit": " 转发 19", "comment": "评论 73", "zan": " 90"}, {"text": "\n#华为董事长否认鸿蒙是噱头#看来大家不关心时事啊，@中国日报 都说了8月10号的#荣耀智慧屏#要搭载鸿蒙系统，就是街拍图里这个 ​                ", "author": "废话师", "time": "废话师2019年07月30日21:23 来自微博weibo.com", "transmit": " 转发 424", "comment": "评论 364", "zan": " 769"}, {"text": "\n#华为董事长否认鸿蒙是噱头# 之前已有信息透露，8月10日发布的#荣耀智慧屏# 将搭载鸿蒙系统，是不是噱头，到时候见分晓 ​                ", "author": "京城肥汉三", "time": "京城肥汉三2019年07月30日20:50 来自微博weibo.com", "transmit": " 转发 56", "comment": "评论 147", "zan": " 284"}, {"text": "\n华为上半年本来营收增长30%的，受美国制裁、10W充电器影响，增长率降到了23%，下半年重点工作之一就是要补上10W充电器这个洞。        其实这次不能怨卢伟冰卢总，全是华为荣耀的错，#荣耀9X# 发布会竟然敢不提小米红米，目中无米！换位思考放谁身上能不气急败坏，喷你几句怎么了，好歹也是世界 ​  展开全文c \n华为上半年本来营收增长30%的，受美国制裁、10W充电器影响，增长率降到了23%，下半年重点工作之一就是要补上10W充电器这个洞。        其实这次不能怨卢伟冰卢总，全是华为荣耀的错，#荣耀9X# 发布会竟然敢不提小米红米，目中无米！换位思考放谁身上能不气急败坏，喷你几句怎么了，好歹也是世界500强，看你下次发布会还敢不？#华为董事长否认鸿蒙是噱头# 收起全文d\n", "author": "长安数码君", "time": "长安数码君2019年07月30日20:38 来自荣耀20PRO", "transmit": " 转发 4", "comment": "评论 56", "zan": " 196"}, {"text": "\n#华为董事长否认鸿蒙是噱头#我觉得以华为现在的实力应该没有必要去搞这种噱头吧 ​                ", "author": "AI科技侠", "time": "AI科技侠2019年07月30日20:40", "transmit": " 转发 19", "comment": "评论 20", "zan": " 25"}, {"text": "\n#华为董事长否认鸿蒙是噱头# 既然没禁止用安卓，鸿蒙作为杀手锏当后手吧！华为vs苹果哪家强？5G谁占先机，谁就是时代的话语者！加油华为 L爆料小爷的微博视频 ​                ", "author": "旅游科代表", "time": "旅游科代表2019年07月30日18:55 来自真香警告", "transmit": " 转发 6", "comment": "评论 29", "zan": " 23"}, {"text": "\n#华为董事长否认鸿蒙是噱头# 在今天的 #华为上半年财报# 发布会上，华为董事长梁华回应关于“鸿蒙系统”的质疑。鸿蒙系统一开始就是针对 IoT 物联网做的操作系统，未来会在产品中使用，不是噱头，也不是应对谈判的策略。短期内，如果美国政府允许华为使用安卓系统，华为手机还是会使用安卓，鸿蒙是为长 ​  展开全文c \n#华为董事长否认鸿蒙是噱头# 在今天的 #华为上半年财报# 发布会上，华为董事长梁华回应关于“鸿蒙系统”的质疑。鸿蒙系统一开始就是针对 IoT 物联网做的操作系统，未来会在产品中使用，不是噱头，也不是应对谈判的策略。短期内，如果美国政府允许华为使用安卓系统，华为手机还是会使用安卓，鸿蒙是为长期发展做准备。L老板联播的秒拍视频 收起全文d\n", "author": "WHYLAB", "time": "WHYLAB2019年07月30日17:59 来自微博weibo.com", "transmit": " 转发 5", "comment": "评论 14", "zan": " 51"}, {"text": "\n                    【#华为董事长否认鸿蒙是噱头#：起初是针对物联网，也是为未来做准备】7月30日，#华为上半年财报#发布会上，华为董事长梁华回应关于“鸿蒙系统”的质疑。他表示，鸿蒙系统一开始就是针对IoT物联网做的操作系统，未来会在产品中使用，不是噱头，也不是应对谈判的策略。短期内，如果美国政府允许华为使用 ​  展开全文c \n                    【#华为董事长否认鸿蒙是噱头#：起初是针对物联网，也是为未来做准备】7月30日，#华为上半年财报#发布会上，华为董事长梁华回应关于“鸿蒙系统”的质疑。他表示，鸿蒙系统一开始就是针对IoT物联网做的操作系统，未来会在产品中使用，不是噱头，也不是应对谈判的策略。短期内，如果美国政府允许华为使用安卓系统，华为手机还是会使用安卓，鸿蒙是为长期发展做准备。@老板联播 L老板联播的秒拍视频 收起全文d\n", "author": "梨视频", "time": "梨视频2019年07月30日17:11 来自微博weibo.com", "transmit": " 转发 287", "comment": "评论 2716", "zan": " 15324"}, {"text": "\n#荣耀智慧屏#将于8月10日华为开发者大会上发布，将搭载鸿鹄818智慧芯片和升降式AI摄像头，然而最吊人胃口的还是鸿蒙系统，网传超越安卓的运算速度，能够打造万物互联生态的系统究竟如何改变生活？作为华为智慧屏战略首款产品，如何开局？基础功能之外，还会带来什么未来科技？这一切都要等到发布会正式 ​  展开全文c \n#荣耀智慧屏#将于8月10日华为开发者大会上发布，将搭载鸿鹄818智慧芯片和升降式AI摄像头，然而最吊人胃口的还是鸿蒙系统，网传超越安卓的运算速度，能够打造万物互联生态的系统究竟如何改变生活？作为华为智慧屏战略首款产品，如何开局？基础功能之外，还会带来什么未来科技？这一切都要等到发布会正式揭晓。 收起全文d\n", "author": "人工智能生活", "time": "人工智能生活2019年07月30日13:25 来自微博weibo.com", "transmit": " 转发 228", "comment": "评论 344", "zan": " 647"}]