[{"text": "\n                    【自主研发操作系统：#华为鸿蒙操作系统#】有微博网友曝光了上海交通大学的一份PPT演示，在这份名为系统软件的幻灯中可以看到由某教授领导华为操作系统团队开发了自主产权操作系统——鸿蒙，根据幻灯片的信息，该操作系统已对Linux大量优化（已开源），并已用于华为手机中（安全部分）。你们觉得会成 ​  展开全文c \n                    【自主研发操作系统：#华为鸿蒙操作系统#】有微博网友曝光了上海交通大学的一份PPT演示，在这份名为系统软件的幻灯中可以看到由某教授领导华为操作系统团队开发了自主产权操作系统——鸿蒙，根据幻灯片的信息，该操作系统已对Linux大量优化（已开源），并已用于华为手机中（安全部分）。你们觉得会成功不？ 收起全文d\n", "author": "IT互联网那点事", "time": "IT互联网那点事2019年05月19日07:27", "transmit": " 转发 242", "comment": "评论 482", "zan": " 932"}, {"text": "\n华为鸿蒙OS或许问题不大（肯定有问题但通过运行不断打补丁估计可以Run）但生态环境如今是个空白，没有5-8年全力建设及社会的配合是最大的挑战O华为P40或搭载“鸿蒙”操作系统？网友：是时候与安卓说再见了 ​                ", "author": "George-瓜瓜", "time": "George-瓜瓜2019年05月19日22:23 来自iPhone7Plus", "transmit": " 转发 26", "comment": "评论 63", "zan": " 37"}]