[{"text": "\n华为在各国的技术封锁下 一次又一次的突破技术难关，加油华为你不能倒下！#华为已熟练掌握ARM架构修改##华为已注册华为鸿蒙商标# ​                ", "author": "玲苹", "time": "玲苹2019年05月26日20:53", "transmit": " 转发 21", "comment": "评论 10", "zan": " 259"}, {"text": "\n                    360再次发声，表示会积极参与国内计算机的生态建设，全力适配以华为鸿蒙为代表的新系统 ​。 ​                ", "author": "数码先生", "time": "数码先生2019年05月26日09:26", "transmit": " 转发 40", "comment": "评论 152", "zan": " 608"}, {"text": "\n                    美国：禁止芯片类企业跟华为合作华为：我有海思半导体美国：禁止安卓系统与华为合作华为：我有鸿蒙美国：禁止SD与华为合作华为：我有NM美国：你到底还有啥？华为：我还有很多美国：不行，我再想想别的招华为：麻利点，我忙着搞6G呢美国：………（转来的） ​                ", "author": "震长", "time": "震长2019年05月26日12:36 来自vivoX274800万三摄", "transmit": " 转发 1300", "comment": "评论 1087", "zan": " 5993"}, {"text": "\n                    【#华为已注册华为鸿蒙商标#：整本山海经都被华为注册了】国家知识产权局商标局网站显示，华为已经申请注册“华为鸿蒙”商标，申请日期是2018年8月24日，注册公告日期是2019年5月14日。鸿蒙是中国传说中的一个时代，在混沌之前。后来，世人通常把“鸿蒙”比作远古时期。有些意外的是，华为的众 ​  展开全文c \n                    【#华为已注册华为鸿蒙商标#：整本山海经都被华为注册了】国家知识产权局商标局网站显示，华为已经申请注册“华为鸿蒙”商标，申请日期是2018年8月24日，注册公告日期是2019年5月14日。鸿蒙是中国传说中的一个时代，在混沌之前。后来，世人通常把“鸿蒙”比作远古时期。有些意外的是，华为的众多商标都出自《山海经》。@老板联播L老板联播的秒拍视频（来源：新浪财经） 收起全文d\n", "author": "中国经营报", "time": "中国经营报2019年05月26日17:20 来自微博weibo.com", "transmit": " 转发 59", "comment": "评论 84", "zan": " 117"}, {"text": "\n                    【#华为已注册华为鸿蒙商标#：整本山海经都被华为注册了】国家知识产权局商标局网站显示，华为已经申请注册“华为鸿蒙”商标，申请日期是2018年8月24日，注册公告日期是2019年5月14日。鸿蒙是中国传说中的一个时代，在混沌之前。后来，世人通常把“鸿蒙”比作远古时期。有些意外的是，华为的众多商标都 ​  展开全文c \n                    【#华为已注册华为鸿蒙商标#：整本山海经都被华为注册了】国家知识产权局商标局网站显示，华为已经申请注册“华为鸿蒙”商标，申请日期是2018年8月24日，注册公告日期是2019年5月14日。鸿蒙是中国传说中的一个时代，在混沌之前。后来，世人通常把“鸿蒙”比作远古时期。有些意外的是，华为的众多商标都出自《山海经》。  L老板联播的秒拍视频 收起全文d\n", "author": "环球杂志", "time": "环球杂志2019年05月26日09:30 来自政务直通车", "transmit": " 转发 12", "comment": "评论 18", "zan": " 94"}, {"text": "\n                    360宣布全面适配华为鸿蒙新系统，一个新系统生态很重要，今后将会有更多友军前来助阵 ​                ", "author": "程序员新视界", "time": "程序员新视界2019年05月26日21:50", "transmit": " 转发 20", "comment": "评论 61", "zan": " 299"}, {"text": "\n                    网传消息，华为鸿蒙系统将在 6 月 24 日在香港发布。你期待新系统嘛？ #华为鸿蒙操作系统# ​                ", "author": "WHYLAB", "time": "WHYLAB2019年05月26日11:58", "transmit": " 转发 7", "comment": "评论 47", "zan": " 104"}, {"text": "\n                    360表态将全力适配华为鸿蒙系统，很好，不要预装360全家桶就行。 ​                ", "author": "王随机", "time": "王随机2019年05月26日19:19", "transmit": " 转发 73", "comment": "评论 44", "zan": " 121"}, {"text": "\n                    国外网友对华为的态度！ ​​​#华为已注册华为鸿蒙商标# ​​​​                ", "author": "热门搞笑龙虎榜", "time": "热门搞笑龙虎榜2019年05月26日15:23 来自微博weibo.com", "transmit": " 转发 11", "comment": "评论 11", "zan": " 84"}, {"text": "\n                    【外国人表态：华为新系统】#鸿蒙这个词突然热了，那么外国人会读#华为，麒麟和鸿蒙吗？戳视频来听听这些在中国的外国人对华为这次的新系统会有怎样的想法和信心呢？  L环球时报英文上海版的微博视频 ​                ", "author": "环球时报英文上海版", "time": "环球时报英文上海版2019年05月26日13:51 来自微博视频", "transmit": " 转发 122", "comment": "评论 36", "zan": " 203"}, {"text": "\n                    教育很重要，中国有关教育的问题更是太多太多，这些话题已经喊了几十年，但收效甚微，然而从一位世界巅峰、美国举全国之力都无法扼制的中国龙头企业老总的嘴里讲出来的话，应该能引起更大的反响和重视！因为体制和待遇的原因，高级的人才不愿意从事教育，低级的人才拖教育的后腿，教师队伍参差不齐，彻 ​  展开全文c \n                    教育很重要，中国有关教育的问题更是太多太多，这些话题已经喊了几十年，但收效甚微，然而从一位世界巅峰、美国举全国之力都无法扼制的中国龙头企业老总的嘴里讲出来的话，应该能引起更大的反响和重视！因为体制和待遇的原因，高级的人才不愿意从事教育，低级的人才拖教育的后腿，教师队伍参差不齐，彻底影响了下一代的素质，填鸭式教育的作用更多的就是误人子弟，这点从频发的社会现象足以看出问题有多大。然而中国的有关部门永远在被动，他们对改革缺乏主动性开拓性，永远被突发事件所支配，永远走在社会发展和需求的后方，那么没有体制的彻底改革，没有高层的特别关注，改变现状太难太难，除非痛下决心，改头换面，中国的教育才有腾飞的机会，下一代才有强大的希望，中国未来才有富强的希望！#华为已熟练掌握ARM架构修改# #任正非##任正非回应热点##任正非再谈孟晚舟被抓##任正非接受多家媒体采访##填鸭式教育##教育改革##任正非接受采访##华为已注册华为鸿蒙商标##华为OS操作系统##华为# L全然不同的微博视频 收起全文d\n", "author": "全然不同", "time": "全然不同2019年05月26日22:53 来自觉醒吧超话", "transmit": " 转发 27", "comment": "评论 16", "zan": " 95"}, {"text": "\n华为鸿蒙操作系统的产品，本牛准备一出来就买来支持，14亿人口的市场，假以时日，怎样都会做起来吧。 ​                ", "author": "跑者子牛", "time": "跑者子牛2019年05月26日18:19 来自HUAWEIP30Pro", "transmit": " 转发 6", "comment": "评论 31", "zan": " 90"}, {"text": "\n                    美国：禁止芯片类企业跟华为合作华为：我有海思半导体美国：禁止安卓系统与华为合作华为：我有鸿蒙美国：禁止SD与华为合作华为：我有NM美国：你到底还有啥？华为：我还有很多美国：不行，我再想想别的招华为：麻利点，我忙着搞6G呢美国：………（转） ​​​                ", "author": "思多金", "time": "思多金2019年05月26日16:37", "transmit": " 转发 247", "comment": "评论 334", "zan": " 1178"}, {"text": "\n                    希望华为可以开放鸿蒙系统的源代码，让其他国产手机也能用上它的系统。。。。。 ​                ", "author": "IT大智", "time": "IT大智2019年05月26日22:02", "transmit": " 转发 17", "comment": "评论 191", "zan": " 304"}, {"text": "\n                    原来中兴也有自己的操作系统，新支点桌面操作系统，Linux期待华为的鸿蒙 ​                ", "author": "MrK股道", "time": "MrK股道2019年05月26日20:36 来自微博weibo.com", "transmit": " 转发 15", "comment": "评论 61", "zan": " 242"}, {"text": "\n                    我的上个老东家360表示大力支持华为鸿蒙系统的研发！我透！必须点赞点赞！第一个如此直接表明支持华为的企业 ​                ", "author": "科技小公举", "time": "科技小公举2019年05月26日09:58", "transmit": " 转发 5", "comment": "评论 25", "zan": " 162"}, {"text": "\n                    这是一次前所未有的，历史性地封锁，没有任何历史数据可以借鉴，但愿华为能如期发布鸿蒙操作系统，并且兼容现有的软件硬件，这样我第一时间会买一套鸿蒙，学习如何使用！加油华为，大金毛疯了，有没有可能性微软把全中国的系统停了？为什么我们都用微软系统，就没有说美国窃取机密呢？大金毛真过分了！ ​                ", "author": "彭大石", "time": "彭大石2019年05月26日21:18", "transmit": " 转发 20", "comment": "评论 71", "zan": " 233"}, {"text": "\n#职场战斗力#虽然现在据特朗普签署总统令对@华为中国 进行制裁后，英国运营商暂停销售华为5G手机后，#华为#或许在英美市场暂时受阻，当大家也看得出不是美国和英国消费者不喜欢华为产品抵制手机，而是政府方采取的强制行政指令的销售制裁，但我想，今天的中国5G科技，当今的华为即便暂时失去美英的海外 ​  展开全文c \n#职场战斗力#虽然现在据特朗普签署总统令对@华为中国 进行制裁后，英国运营商暂停销售华为5G手机后，#华为#或许在英美市场暂时受阻，当大家也看得出不是美国和英国消费者不喜欢华为产品抵制手机，而是政府方采取的强制行政指令的销售制裁，但我想，今天的中国5G科技，当今的华为即便暂时失去美英的海外市场也不打紧，世界36个的国家的地区，暂时放弃这两个国家，不是还有34个国家和地区是希望享受5G手机带给全世界人们的科技享受吗？#华为已注册华为鸿蒙商标# L职场管理顾文豪的秒拍视频 收起全文d\n", "author": "顾文豪", "time": "顾文豪2019年05月26日09:46 来自微博云剪", "transmit": " 转发 8", "comment": "评论 9", "zan": " 78"}, {"text": "\n                    据说华为自研的鸿蒙系统将于 6 月 24 日发布，可兼容Andriod。刚开始起步的生后可能会很艰难，而且建设一个新的生态也不是易事（希望国内的其它公司能给予支持），不过这应该是个好事，美国现在独占的东西太多了，需要新崛起的国家去挑战。 ​                ", "author": "数码先生", "time": "数码先生2019年05月26日14:24", "transmit": " 转发 12", "comment": "评论 41", "zan": " 83"}, {"text": "\n#华为##华为OS操作系统# 【饮冰十年，鸿蒙将至】华为鸿蒙操作系统即将问世，十年前就开始研发鸿蒙，并已在中国部分地区进行了测试。让我一起期待鸿蒙的问世吧！ L微电商段公子的微博视频 ​                ", "author": "陈公子杂谈", "time": "陈公子杂谈2019年05月26日00:33 来自微博视频", "transmit": " 转发 8", "comment": "评论 3", "zan": " 62"}, {"text": "\n互联网技术 华为将在6月24日公布 （鸿蒙）HongMeng OS 系统的正式发布日期,并将支持从智能手机和手表到计算机硬件的所有智能设备#美国制裁华为# ​                ", "author": "布道宽窄", "time": "布道宽窄2019年05月26日18:47 来自互联网技术超话", "transmit": " 转发 87", "comment": "评论 269", "zan": " 1144"}, {"text": "\n                    【邬贺铨院士谈华为事件：#华为已熟练掌握ARM架构修改#，能抵挡暂时性困难】5月26日，中国工程院院士邬贺铨在数博会上表示，被美国列入“实体名单”的华为有着丰富经验，针对芯片设计商ARM“断供”，它已熟练掌握ARM架构修改，能够抵住暂时性困难，而鸿蒙操作系统得兼容安卓app。 ​  展开全文c \n                    【邬贺铨院士谈华为事件：#华为已熟练掌握ARM架构修改#，能抵挡暂时性困难】5月26日，中国工程院院士邬贺铨在数博会上表示，被美国列入“实体名单”的华为有着丰富经验，针对芯片设计商ARM“断供”，它已熟练掌握ARM架构修改，能够抵住暂时性困难，而鸿蒙操作系统得兼容安卓app。L老板联播的秒拍视频 收起全文d\n", "author": "老板联播", "time": "老板联播2019年05月26日19:06 来自微博weibo.com", "transmit": " 转发 450", "comment": "评论 1181", "zan": " 3047"}, {"text": "\n                    【华为辟谣：“6月底发布鸿蒙系统”为不实消息】针对今天网络上传播的那张“鸿蒙系统发布会”的海报，华为相关负责人反馈：该信息不属实。O华为辟谣：“6月底发布鸿蒙系统”为不实消息 ​                ", "author": "新浪手机", "time": "新浪手机2019年05月26日22:27 来自微博weibo.com", "transmit": " 转发 37", "comment": "评论 21", "zan": " 50"}, {"text": "\n#华为已熟练掌握ARM架构修改#美国：禁止芯片类企业跟华为合作华为：我有海思半导体美国：禁止安卓系统与华为合作华为：我有鸿蒙美国：禁止SD与华为合作华为：我有NM美国：你到底还有啥？华为：我还有很多美国：不行，我再想想别的招华为：麻利点，我忙着搞6G呢美国：……… ​                ", "author": "房车旅行-东东叔", "time": "房车旅行-东东叔2019年05月26日23:03 来自HUAWEIMate20Pro", "transmit": " 转发 5", "comment": "评论 19", "zan": " 69"}, {"text": "\n                    【邬贺铨院士谈华为事件：#华为已熟练掌握ARM架构修改#，能抵挡暂时性困难】5月26日，中国工程院院士邬贺铨在数博会上表示，被美国列入“实体名单”的华为有着丰富经验，针对芯片设计商ARM“断供”，它已熟练掌握ARM架构修改，能够抵住暂时性困难，而鸿蒙操作系统得兼容安卓app。@老板联播  ​  展开全文c \n                    【邬贺铨院士谈华为事件：#华为已熟练掌握ARM架构修改#，能抵挡暂时性困难】5月26日，中国工程院院士邬贺铨在数博会上表示，被美国列入“实体名单”的华为有着丰富经验，针对芯片设计商ARM“断供”，它已熟练掌握ARM架构修改，能够抵住暂时性困难，而鸿蒙操作系统得兼容安卓app。@老板联播 L老板联播的秒拍视频 收起全文d\n", "author": "梨视频", "time": "梨视频2019年05月26日19:54", "transmit": " 转发 30", "comment": "评论 71", "zan": " 178"}, {"text": "\n                    微软宣布 停止与华为合作！ 评 今年的秋天鸿蒙要绝地反击 ​                ", "author": "义勇军--鬼谷子", "time": "义勇军--鬼谷子2019年05月26日18:45 来自微博weibo.com", "transmit": " 转发 18", "comment": "评论 82", "zan": " 183"}, {"text": "\n                    现在下载软件，都会出现这样的页面选择：下载安卓版本，下载苹果版本。最快会在秋天，就会出现“下载鸿蒙版本”的选项，值得期待。等鸿蒙面世以后，第一时间去买一部华为手机。💪 ​                ", "author": "Herbiewu", "time": "Herbiewu2019年05月26日08:38 来自iPhone7", "transmit": " 转发 42", "comment": "评论 439", "zan": " 765"}]