[{"text": "\n                    据说是华为鸿蒙OS的系统截图 ​                ", "author": "C科技", "time": "C科技2019年06月07日22:32", "transmit": " 转发 27", "comment": "评论 283", "zan": " 1270"}, {"text": "\n                    【谷歌警告美国：继续封杀华为会危害国家安全】随着华为自研系统“鸿蒙”、“方舟”接连现身，谷歌着急了。据《金融时报》，谷歌已就“华为禁令”向特朗普政府发出警告，称华为手机无法更新安卓将促使华为开发自己的软件版本，而这“可能会有更多的漏洞”，从而使华为手机“面临更多被黑客攻击的 ​  展开全文c \n                    【谷歌警告美国：继续封杀华为会危害国家安全】随着华为自研系统“鸿蒙”、“方舟”接连现身，谷歌着急了。据《金融时报》，谷歌已就“华为禁令”向特朗普政府发出警告，称华为手机无法更新安卓将促使华为开发自己的软件版本，而这“可能会有更多的漏洞”，从而使华为手机“面临更多被黑客攻击的风险，尤其是来自中国的黑客”。所以，为了“保护现有的全球百万使用华为手机的谷歌用户”，谷歌警告美国，如果继续封杀华为，美国的国家安全可能受到威胁。O担忧华为自给自足，谷歌搬出“国安风险”要美取消禁令 收起全文d\n", "author": "观察者网", "time": "观察者网2019年06月07日21:26 来自微博weibo.com", "transmit": " 转发 1478", "comment": "评论 879", "zan": " 18801"}, {"text": "\n                    中芯国际创始人张汝京谈鸿蒙OS#华为鸿蒙# ​ ​​​​                ", "author": "孔令旗地盘", "time": "孔令旗地盘2019年06月07日23:38 来自搜狗高速浏览器", "transmit": " 转发 38", "comment": "评论 23", "zan": " 163"}, {"text": "\n                    前阵子一直念叨华为自研系统鸿蒙，然而究竟它长什么样呢？最新曝光图显示鸿蒙操作系统UI和现在的EMUI基本一致。当然这点也很好理解，用户上手会很顺畅，没有门槛：O华为鸿蒙系统界面曝光 使用无障碍/App生态有保障 ​                ", "author": "新浪手机", "time": "新浪手机2019年06月07日08:25 来自微博weibo.com", "transmit": " 转发 31", "comment": "评论 120", "zan": " 513"}, {"text": "\n                    【华为或于8月或9月推出新款操作系统】华为正在集中测试自己的操作系统，据悉这一系统在国内市场命名为“鸿蒙OS”，在海外市场命名为“方舟OS”，这一系统或在8月份或9月份推出。（环球时报）#华为鸿蒙# #华为方舟# ​                ", "author": "全景网", "time": "全景网2019年06月07日17:31 来自微博weibo.com", "transmit": " 转发 17", "comment": "评论 18", "zan": " 68"}, {"text": "\n                    环球时报消息，华为操作系统国内命名为“鸿蒙OS”，在海外市场命名为“方舟 OS”，将在8月或9月推出。华为Mate30系列也会有鸿蒙OS版本！ ​                ", "author": "C科技", "time": "C科技2019年06月07日17:10", "transmit": " 转发 35", "comment": "评论 164", "zan": " 423"}, {"text": "\n                    官媒向全世界官宣了  国产系统在秋天要破茧而出 所以 那时候华为Mate30系列有可能就是安装鸿蒙OS版本！ ​                ", "author": "义勇军--鬼谷子", "time": "义勇军--鬼谷子2019年06月07日18:22 来自微博weibo.com", "transmit": " 转发 47", "comment": "评论 222", "zan": " 980"}, {"text": "\n                    据环球时报称，华为操作系统国内命名为“鸿蒙OS”，在海外命名为“方舟 OS”，或将在8月或9月推出。大家期待吗？ ​                ", "author": "搞机少女", "time": "搞机少女2019年06月07日17:21", "transmit": " 转发 7", "comment": "评论 86", "zan": " 223"}, {"text": "\n                    就这么着说吧，鸿蒙想干成WP当年没干成的事，还有很多问题要克服，这不是尬吹的时候。如果鸿蒙搞成阿里云那种，我觉得毫无意义。华为做了方舟编译器，有些事大家就明白了。鸿蒙早就有，但是现在出本来不是时候，还差火候，是美国人逼咱们出招的。美国政府拿华为开刀，有国家利益的因素，但是美国人并 ​  展开全文c \n                    就这么着说吧，鸿蒙想干成WP当年没干成的事，还有很多问题要克服，这不是尬吹的时候。如果鸿蒙搞成阿里云那种，我觉得毫无意义。华为做了方舟编译器，有些事大家就明白了。鸿蒙早就有，但是现在出本来不是时候，还差火候，是美国人逼咱们出招的。美国政府拿华为开刀，有国家利益的因素，但是美国人并不是铁板一块，资本家和钱过不去的，工业革命以来有几个？我觉得老是有一堆营销号，无差别抬华为，踩苹果三星，其实就是为了流量。华为是毛衣站受害者，也是中国发展和超级大国之间矛盾的必然。营销号尬吹简直就是吃华为的人血馒头，还不如去买几部P30Pro实在。 收起全文d\n", "author": "贰手艺术家", "time": "贰手艺术家2019年06月07日18:31 来自OnePlus7Pro", "transmit": " 转发 5", "comment": "评论 42", "zan": " 141"}, {"text": "\n                    【华为或于8月或9月推出新款操作系统】据环球时报消息，华为正在集中测试自己的操作系统，据悉这一系统在国内市场命为#鸿蒙OS# ，在海外市场命名为#方舟OS# ，这一系统或在8月份或9月份推出。 ​                ", "author": "新浪财经", "time": "新浪财经2019年06月07日16:33 来自微博weibo.com", "transmit": " 转发 503", "comment": "评论 303", "zan": " 3039"}, {"text": "\n                    【华为或于8月或9月推出新款操作系统】#华为将推出新系统# 据环球时报，华为正在集中测试自己的操作系统，据悉这一系统在国内市场命为“鸿蒙OS”，在海外市场命名为“方舟OS”，这一系统或在8月份或9月份推出。O华为或于8月或9月推出新款操作系统 ​                ", "author": "新浪科技", "time": "新浪科技2019年06月07日16:30 来自微博weibo.com", "transmit": " 转发 39", "comment": "评论 85", "zan": " 262"}, {"text": "\n#快讯#华为正在集中测试自己的操作系统，据悉这一系统在国内市场命名为“鸿蒙OS”，在海外市场命名为“方舟OS”，这一系统或在8月份或9月份推出。#华为操作系统#（环球时报） ​                ", "author": "21世纪经济报道", "time": "21世纪经济报道2019年06月07日16:30 来自专业版微博", "transmit": " 转发 45", "comment": "评论 1", "zan": " 146"}, {"text": "\n                    【#华为将推出新系统#：推出时间为8月或9月】据环球时报，华为正在集中测试自己的操作系统，据悉这一系统在国内市场命为“鸿蒙OS”，在海外市场命名为“方舟OS”，这一系统或在8月份或9月份推出。（梨视频）L老板联播的秒拍视频 ​                ", "author": "科工力量", "time": "科工力量2019年06月07日19:00 来自微博weibo.com", "transmit": " 转发 32", "comment": "评论 48", "zan": " 248"}, {"text": "\n华为正在集中测试自己的操作系统，据悉这一系统在国内市场命名为“鸿蒙OS”，在海外市场命名为“方舟OS”，这一系统或在8月份或9月份推出。（环球时报） ​                ", "author": "价值投资日志", "time": "价值投资日志2019年06月07日17:06 来自iPhoneX", "transmit": " 转发 45", "comment": "评论 215", "zan": " 938"}, {"text": "\n                    【鲸视频：#华为新系统推出时间#，或为8月或9月】据环球时报，华为正在集中测试自己的操作系统，据悉这一系统在国内市场命为“鸿蒙OS”，在海外市场命名为“方舟OS”，这一系统或在8月份或9月份推出。L老板联播的秒拍视频 ​​​                ", "author": "蓝鲸财经记者工作平台", "time": "蓝鲸财经记者工作平台2019年06月07日18:36 来自Android", "transmit": " 转发 39", "comment": "评论 83", "zan": " 274"}, {"text": "\n                    【华为或于8月或9月推出新款操作系统】华为正在集中测试自己的操作系统，据悉这一系统在国内市场命名为“鸿蒙OS”，在海外市场命名为“方舟OS”，这一系统或在8月份或9月份推出。O华为或于8月或9月推出新款操作系统 ​                ", "author": "东方财富网", "time": "东方财富网2019年06月07日16:36 来自微博weibo.com", "transmit": " 转发 31", "comment": "评论 36", "zan": " 97"}, {"text": "\n                    【#华为将推出新系统#：推出时间为8月或9月】据环球时报，华为正在集中测试自己的操作系统，据悉这一系统在国内市场命为“鸿蒙OS”，在海外市场命名为“方舟OS”，这一系统或在8月份或9月份推出。L老板联播的秒拍视频 ​                ", "author": "中国经济网", "time": "中国经济网2019年06月07日17:59 来自微博weibo.com", "transmit": " 转发 13", "comment": "评论 14", "zan": " 67"}, {"text": "\n                    【华为或于8月或9月推出新款操作系统】6月7日讯，华为正在集中测试自己的操作系统，据悉这一系统在国内市场命名为“鸿蒙OS”，在海外市场命名为“方舟OS”，这一系统或在8月份或9月份推出。评:安卓今日爱搭不理，明天让你高攀不起！（环球时报） ​                ", "author": "宇辉战舰", "time": "宇辉战舰2019年06月07日16:52 来自HUAWEIMate10", "transmit": " 转发 14", "comment": "评论 19", "zan": " 151"}, {"text": "\n                    这22天的战斗，华为打的很艰难。每一次反杀，都是绝境中的反杀：海思芯片被迫一夜间转正，鸿蒙系统还是个襁褓中的婴儿，但马上也要冲到前线打仗；5g商业并没有成熟的时候，发布5G牌照，而且是提前一年发布......但华为也一路收获着盟友。任正非说，华为是一双跳芭蕾舞的脚，一只脚已是伤痕累累，痛并快 ​  展开全文c \n                    这22天的战斗，华为打的很艰难。每一次反杀，都是绝境中的反杀：海思芯片被迫一夜间转正，鸿蒙系统还是个襁褓中的婴儿，但马上也要冲到前线打仗；5g商业并没有成熟的时候，发布5G牌照，而且是提前一年发布......但华为也一路收获着盟友。任正非说，华为是一双跳芭蕾舞的脚，一只脚已是伤痕累累，痛并快乐着。然而，也恰恰正是这只伤痕累累的脚，诠释了华为是怎样坚定的走向战场。 O被封杀的第22天，华为打出全球最强绝地反杀！ 收起全文d\n", "author": "金错刀", "time": "金错刀2019年06月07日22:35 来自微博weibo.com", "transmit": " 转发 61", "comment": "评论 40", "zan": " 196"}]