[{"text": "\n                    【#华为8月举行开发者大会# 正抓紧调试鸿蒙】近日，华为宣布，今年全球开发者大会将在8月9日华为松山湖基地召开。本次开发者大会邀请了1500位合作伙伴、5000名全球开发者，将是华为历来规模最大的一次会议。华为或在本次大会上推出自研操作系统“鸿蒙”。华为内部这段时间一直在抓紧调试完善“鸿蒙”系 ​  展开全文c \n                    【#华为8月举行开发者大会# 正抓紧调试鸿蒙】近日，华为宣布，今年全球开发者大会将在8月9日华为松山湖基地召开。本次开发者大会邀请了1500位合作伙伴、5000名全球开发者，将是华为历来规模最大的一次会议。华为或在本次大会上推出自研操作系统“鸿蒙”。华为内部这段时间一直在抓紧调试完善“鸿蒙”系统，但至今还未决定是否在本次大会上推出。 @界面 O华为8月开史上最大规模开发者大会，正抓紧调试“鸿蒙”系统 收起全文d\n", "author": "财经网", "time": "财经网2019年07月10日08:23 来自微博weibo.com", "transmit": " 转发 44", "comment": "评论 45", "zan": " 192"}, {"text": "\n                    【早财经丨华为8月举行开发者大会，正抓紧调试鸿蒙；9只科创板新股今日申购；马化腾给2.3万员工发股票奖励，人均45万】1、#华为8月举行开发者大会# 正抓紧调试“鸿蒙”系统。华为近日宣布，今年全球开发者大会将在8月9日华为松山湖基地召开。华为或在本次大会上推出自研的操作系统“鸿蒙”。据记者了 ​  展开全文c \n                    【早财经丨华为8月举行开发者大会，正抓紧调试鸿蒙；9只科创板新股今日申购；马化腾给2.3万员工发股票奖励，人均45万】1、#华为8月举行开发者大会# 正抓紧调试“鸿蒙”系统。华为近日宣布，今年全球开发者大会将在8月9日华为松山湖基地召开。华为或在本次大会上推出自研的操作系统“鸿蒙”。据记者了解，华为内部这段时间一直在抓紧调试完善“鸿蒙”系统，但至今还未决定是否在本次大会上推出。 2、#人社部回应80后无养老金#：完全能保证养老金长期按时足额发放；3、#阿联酋富豪拖南极冰山回国# 耗资或达10亿；4、#英国将为男孩免费接种HPV疫苗#；5、辽宁#驾轿车撞学生致6死20伤案被告死刑#；6、福建发布489次暴雨预警 #武夷山景区全面关闭#；7、身长堪比一元硬币直径！青岛#海关查获澳洲巨无霸宠物蚂蚁#；8、#瑞典垃圾不够用# 垃圾回收率99%；9、#垃圾分类后的上海人#：喝完奶茶洗洗杯子，点个外卖不要餐具！10、#未来5年电竞人才需200万#  薪资为平均工资1-3倍。【今日互动】搜狗CEO王小川9日在2019中国互联网大会上称：有健康顾虑时，50%以上的人会用搜索引擎。每天搜狗上关于健康的搜索量比大多做医疗的公司高很多。你用搜索引擎看过病吗？A 看过，经常用B 偶尔用C 从来不用，直接去医院O早财经丨华为8月举行开发者大会，正抓紧调试鸿蒙；9只科创板新股今日申购；马化腾给2.3万员工发股票奖励，人均45万 O早财经丨华为8月举行开发者大会，正抓紧调试鸿蒙 收起全文d\n", "author": "每日经济新闻", "time": "每日经济新闻2019年07月10日06:27 来自微博weibo.com", "transmit": " 转发 37", "comment": "评论 14", "zan": " 273"}, {"text": "\n                    【#华为自研系统或将推出# 细节图及部分功能曝光】7月10日，外媒称华为自研系统“鸿蒙OS”已进入测试阶段。该系统添加了新的启动动画，整个系统的UI支持自定义。爆料称，华为“鸿蒙OS”目前已可以在P30上运行。网传“鸿蒙OS”或在华为8月9日的全球开发者大会上推出。L新京报我们视频的秒拍视频 ​                ", "author": "新京报我们视频", "time": "新京报我们视频2019年07月10日15:50 来自微博weibo.com", "transmit": " 转发 24", "comment": "评论 64", "zan": " 115"}, {"text": "\n                    【#华为自研系统或将8月推出#  细节图及部分功能曝光】7月10日，外媒称华为自研系统“鸿蒙OS”已进入测试阶段。该系统添加了新的启动动画，整个系统的UI支持自定义。爆料称，华为“鸿蒙OS”目前已可以在P30上运行。网传“鸿蒙OS”或在华为8月9日的全球开发者大会上推出。L新京报我们视频的秒拍视频 ​                ", "author": "福布斯中文网", "time": "福布斯中文网2019年07月10日20:50 来自iPhone客户端", "transmit": " 转发 9", "comment": "评论 5", "zan": " 20"}, {"text": "\n                    【Strategy Analytics预测：华为鸿蒙OS将给Android带来大麻烦】华为官方至今还未透露“鸿蒙OS”的具体细节，但知名行业分析机构Strategy Analytics预测，鸿蒙OS操作系统的出现将使Android系统变得脆弱。……详情点击：OStrategy Analytics预测：华为鸿蒙OS将给Android带来大麻烦 ​                ", "author": "IT之家", "time": "IT之家2019年07月10日07:35 来自IT之家", "transmit": " 转发 6", "comment": "评论 32", "zan": " 75"}, {"text": "\n互联网技术【华为或将在8月9日公布自研操作系统“鸿蒙”】       7月8日消息，传闻已久的华为自研操作系统“鸿蒙”有了进一步消息。据凤凰网科技获悉，下个月华为全球开发者大会上，华为终端将揭开“鸿蒙”的神秘面纱。华为全球开发者大会目前定档8月9日至8月11日在东莞松山湖举行。“最快今 ​  展开全文c \n互联网技术【华为或将在8月9日公布自研操作系统“鸿蒙”】       7月8日消息，传闻已久的华为自研操作系统“鸿蒙”有了进一步消息。据凤凰网科技获悉，下个月华为全球开发者大会上，华为终端将揭开“鸿蒙”的神秘面纱。华为全球开发者大会目前定档8月9日至8月11日在东莞松山湖举行。“最快今年秋天，最晚明年春天，华为自研操作系统即将面世”，一个月前，面对安卓的限制，和媒体网友们对意外露出的“鸿蒙”不停追问，华为消费者业务CEO余承东在抛出了这样一句话，引起业内广泛关注。当时余承东称，“如果安卓应用重新编译，在这套操作系统上，运行性能提升超过60%”。他表示，这套系统打通了手机、电脑、平板、电视、汽车和智能穿戴等设备，统一成一个操作系统，兼容全部安卓应用和所有Web应用。        前几天华为公司创始人、CEO任正非在接受外媒采访时进一步表示，“鸿蒙”系统本身并不是为手机而设计，是为了物联网来做的。当时任正非还提到，华为希望继续使用全球公用开放的手机操作系统和生态，但是如果被限制使用，华为也会发展自己的操作系统。“操作系统最关键的是建立生态，重新建立良好的生态需要两、三年左右的时间”。华为全球开发者大会目前定档北京时间8月9日至8月11日在东莞松山湖举行。这不是华为第一次召开面向开发者的大会，但却是有史以来规模最大的一次会议，本次邀请了1500位合作伙伴、5000名全球开发者。打造一个新的操作系统，生态建设是关键，选择在全球开发者大会上公布，也是在情理之中。据此前华为方面公布的信息显示，如今的华为终端云服务已经服务于170多个国家和地区的超过5亿用户，注册开发者超过56万。（文章来源：凤凰网）#互联网生活# 收起全文d\n", "author": "布道宽窄", "time": "布道宽窄2019年07月10日11:46 来自互联网技术超话", "transmit": " 转发 19", "comment": "评论 23", "zan": " 54"}, {"text": "\n                    【科创板对标概念、华为概念科技股】1、今天9只科创板新股申购，数量创新高。科创板日益临近，市场对第一批科创板个股受到炒作的预期较强可以适当关注。2、美国商务部将允许部分美国企业继续与中国的华为公司做生意，另外，华为自研操作系统“鸿蒙”8月中旬将公布。华为概念、5G、芯片等科技股今天有 ​  展开全文c \n                    【科创板对标概念、华为概念科技股】1、今天9只科创板新股申购，数量创新高。科创板日益临近，市场对第一批科创板个股受到炒作的预期较强可以适当关注。2、美国商务部将允许部分美国企业继续与中国的华为公司做生意，另外，华为自研操作系统“鸿蒙”8月中旬将公布。华为概念、5G、芯片等科技股今天有望活跃走强。 收起全文d\n", "author": "王牌健言-王健", "time": "王牌健言-王健2019年07月10日09:17 来自微博weibo.com", "transmit": " 转发 21", "comment": "评论 6", "zan": " 54"}]