[{"text": "\n                    【#华为正式发布AI芯片昇腾910#】继8月9日推出鸿蒙操作系统后，华为刚刚又放大招：发布正式商用的AI芯片——Ascend 910（昇腾910），以及与之配套的新一代AI开源计算框架MindSpore！（赵永新） ​                ", "author": "人民日报", "time": "人民日报2019年08月23日15:12 来自微博weibo.com", "transmit": " 转发 850", "comment": "评论 976", "zan": " 11306"}, {"text": "\n                    【又放大招！华为发布AI芯片“昇腾910”】继8月9日推出鸿蒙操作系统后，华为刚刚又放大招：发布正式商用的AI芯片——Ascend 910（昇腾910），以及与之配套的新一代AI开源计算框架MindSpore！据华为轮值董事长徐直军介绍，昇腾910有两大亮点——一，它是当前全球算力最强、训练速度最快的AI芯片：其 ​  展开全文c \n                    【又放大招！华为发布AI芯片“昇腾910”】继8月9日推出鸿蒙操作系统后，华为刚刚又放大招：发布正式商用的AI芯片——Ascend 910（昇腾910），以及与之配套的新一代AI开源计算框架MindSpore！据华为轮值董事长徐直军介绍，昇腾910有两大亮点——一，它是当前全球算力最强、训练速度最快的AI芯片：其算力是国际顶尖AI芯片的2倍，相当50个当前最新最强的CPU；其训练速度，也比当前最新最强的芯片提升了50%-100%。二、与之配套的新一代AI开源计算框架MindSpore如虎添翼：它创新编程范式，AI科学家和工程师更易使用，便于开放式创新；该计算框架可满足终端、边缘计算、云全场景需求，能更好保护数据隐私；可开源，形成广阔应用生态。同时，它与此次发布的AI芯片搭配性能最佳，最大化利用芯片算力。 （人民日报） 收起全文d\n", "author": "环球时报", "time": "环球时报2019年08月23日15:07", "transmit": " 转发 149", "comment": "评论 185", "zan": " 1777"}, {"text": "\n                    【又放大招！#华为发布AI芯片#“昇腾910”】继8月9日推出鸿蒙操作系统后，华为刚刚又放大招：发布正式商用的AI芯片——Ascend 910（昇腾910），以及与之配套的新一代AI开源计算框架MindSpore！据华为轮值董事长徐直军介绍，昇腾910有两大亮点——一，它是当前全球算力最强、训练速度最快的AI芯片： ​  展开全文c \n                    【又放大招！#华为发布AI芯片#“昇腾910”】继8月9日推出鸿蒙操作系统后，华为刚刚又放大招：发布正式商用的AI芯片——Ascend 910（昇腾910），以及与之配套的新一代AI开源计算框架MindSpore！据华为轮值董事长徐直军介绍，昇腾910有两大亮点——一，它是当前全球算力最强、训练速度最快的AI芯片：其算力是国际顶尖AI芯片的2倍，相当50个当前最新最强的CPU；其训练速度，也比当前最新最强的芯片提升了50%-100%。二、与之配套的新一代AI开源计算框架MindSpore如虎添翼：它创新编程范式，AI科学家和工程师更易使用，便于开放式创新；该计算框架可满足终端、边缘计算、云全场景需求，能更好保护数据隐私；可开源，形成广阔应用生态。同时，它与此次发布的AI芯片搭配性能最佳，最大化利用芯片算力。（人民日报） #华为又放大招# 收起全文d\n", "author": "环球网", "time": "环球网2019年08月23日15:08", "transmit": " 转发 56", "comment": "评论 77", "zan": " 715"}, {"text": "\n                    【刚刚宣布！鸿蒙后，华为再放大招！】据@人民日报 报道，继8月9日推出鸿蒙操作系统后，华为刚刚又放大招：发布正式商用的AI芯片——Ascend 910（昇腾910），以及与之配套的新一代AI开源计算框架MindSpore！另据央视新闻报道，华为公司轮值董事长徐直军在发布会上表示：“昇腾910”、MindSpore的推出， ​  展开全文c \n                    【刚刚宣布！鸿蒙后，华为再放大招！】据@人民日报 报道，继8月9日推出鸿蒙操作系统后，华为刚刚又放大招：发布正式商用的AI芯片——Ascend 910（昇腾910），以及与之配套的新一代AI开源计算框架MindSpore！另据央视新闻报道，华为公司轮值董事长徐直军在发布会上表示：“昇腾910”、MindSpore的推出，标志着华为已完成全栈全场景AI解决方案的构建，也标志着华为AI战略的执行进入了新阶段。O刚刚宣布！鸿蒙后，华为再放大招！ 收起全文d\n", "author": "中国青年报", "time": "中国青年报2019年08月23日17:20 来自微博weibo.com", "transmit": " 转发 41", "comment": "评论 28", "zan": " 187"}, {"text": "\n                    【华为正式发布AI芯片昇腾910】据人民日报，继8月9日推出鸿蒙操作系统后，华为刚刚又放大招：发布正式商用的AI芯片——Ascend 910（昇腾910），以及与之配套的新一代AI开源计算框架MindSpore！（人民日报） ​​​                ", "author": "紫光阁", "time": "紫光阁2019年08月23日16:54 来自紫宝宝的Android", "transmit": " 转发 173", "comment": "评论 205", "zan": " 2220"}, {"text": "\n                    【#华为发布商用AI芯片昇腾910#】继8月9日推出鸿蒙操作系统后，华为刚刚又放大招：发布正式商用的AI芯片——Ascend 910（昇腾910），以及与之配套的新一代AI开源计算框架MindSpore！@人民日报 ​                ", "author": "人民网", "time": "人民网2019年08月23日15:22 来自人民网微博", "transmit": " 转发 84", "comment": "评论 125", "zan": " 820"}, {"text": "\n                    【#华为正式发布AI芯片昇腾910#】继8月9日推出鸿蒙操作系统后，华为刚刚又放大招：发布正式商用的AI芯片——Ascend 910（昇腾910），以及与之配套的新一代AI开源计算框架MindSpore！@人民日报 ​                ", "author": "中国新闻网", "time": "中国新闻网2019年08月23日15:18 来自360安全浏览器", "transmit": " 转发 33", "comment": "评论 53", "zan": " 413"}, {"text": "\n#每经整点播# 【每经16点 | 华为发布AI芯片“昇腾910”，当今全球算力最强；亚马孙连续大火外国资助暂停，巴西总统：送钱没好心】1、#华为发布全球算力最强AI芯片#据人民日报，继8月9日推出鸿蒙操作系统后，华为刚刚又放大招：发布正式商用的AI芯片——Ascend910（昇腾910），以及与之配套的新一代AI ​  展开全文c \n#每经整点播# 【每经16点 | 华为发布AI芯片“昇腾910”，当今全球算力最强；亚马孙连续大火外国资助暂停，巴西总统：送钱没好心】1、#华为发布全球算力最强AI芯片#据人民日报，继8月9日推出鸿蒙操作系统后，华为刚刚又放大招：发布正式商用的AI芯片——Ascend910（昇腾910），以及与之配套的新一代AI开源计算框架MindSpore！其中昇腾910有两大亮点：一，它是当前全球算力最强、训练速度最快的AI芯片，其算力是国际顶尖AI芯片的2倍，相当50个当前最新最强的CPU；二、与之配套的新一代AI开源计算框架MindSpore如虎添翼，它创新编程范式，AI科学家和工程师更易使用，便于开放式创新。#华为发布AI芯片#2、#YouTube删210个涉港账号# 3、#中国城市发展潜力排名# 4、#女司机用防狼喷雾袭警# O每经16点 | 华为发布AI芯片“昇腾910”，当今全球算力最强；亚马孙连续大火外国资助暂停，巴西总统：送钱没好心 O每经16点 | 华为发布AI芯片“昇腾910”，当今全球算力最强 收起全文d\n", "author": "每日经济新闻", "time": "每日经济新闻2019年08月23日16:02 来自微博weibo.com", "transmit": " 转发 30", "comment": "评论 45", "zan": " 281"}, {"text": "\n                    【#华为正式发布AI芯片昇腾910#】继8月9日推出鸿蒙操作系统后，华为刚刚又放大招：发布正式商用的AI芯片——Ascend 910（昇腾910），以及与之配套的新一代AI开源计算框架MindSpore！（人民日报）L见闻企业家的微博视频（华尔街见闻） ​                ", "author": "中国新闻周刊", "time": "中国新闻周刊2019年08月23日16:40 来自财经·视频社区", "transmit": " 转发 22", "comment": "评论 24", "zan": " 168"}, {"text": "\n                    【正在直播：“昇腾910”来了！华为发布最新AI处理器】继8月9日推出鸿蒙操作系统后，华为于23日召开Ascend 910 AI处理器和MindSpore计算框架发布会。“昇腾910”是目前单芯片计算密度最大芯片，被认为是华为AI“达芬奇构架”最强芯，会上将向全球开发者公布其技术参数。#看看直播#  ​  展开全文c \n                    【正在直播：“昇腾910”来了！华为发布最新AI处理器】继8月9日推出鸿蒙操作系统后，华为于23日召开Ascend 910 AI处理器和MindSpore计算框架发布会。“昇腾910”是目前单芯片计算密度最大芯片，被认为是华为AI“达芬奇构架”最强芯，会上将向全球开发者公布其技术参数。#看看直播# 看看新闻KNEWS的微博直播 . 收起全文d\n", "author": "看看新闻KNEWS", "time": "看看新闻KNEWS2019年08月23日15:04 来自微博网页版", "transmit": " 转发 9", "comment": "评论 11", "zan": " 281"}, {"text": "\n#华为发布全球算力最强AI芯片#【华为发布AI芯片“昇腾910”，当今全球算力最强】据人民日报，继8月9日推出鸿蒙操作系统后，华为刚刚又放大招：发布正式商用的AI芯片——Ascend910（昇腾910），以及与之配套的新一代AI开源计算框架MindSpore！其中昇腾910有两大亮点：一，它是当前全球算力最强、训练速 ​  展开全文c \n#华为发布全球算力最强AI芯片#【华为发布AI芯片“昇腾910”，当今全球算力最强】据人民日报，继8月9日推出鸿蒙操作系统后，华为刚刚又放大招：发布正式商用的AI芯片——Ascend910（昇腾910），以及与之配套的新一代AI开源计算框架MindSpore！其中昇腾910有两大亮点：一，它是当前全球算力最强、训练速度最快的AI芯片，其算力是国际顶尖AI芯片的2倍，相当50个当前最新最强的CPU；二、与之配套的新一代AI开源计算框架MindSpore如虎添翼，它创新编程范式，AI科学家和工程师更易使用，便于开放式创新。#华为发布AI芯片# （人民日报） 收起全文d\n", "author": "每日经济新闻", "time": "每日经济新闻2019年08月23日16:08 来自微博weibo.com", "transmit": " 转发 23", "comment": "评论 30", "zan": " 132"}, {"text": "\n                    【华为：暂时没有推出鸿蒙手机的计划】CNET 消息，尽管华为在大力宣传鸿蒙操作系统，但该公司称希望能保持 Andriod 生态系统，因此目前并没有推出鸿蒙手机的计划。华为方面表示，除非美国实施一项禁令，阻止华为访问 Android 的关键服务：包括地图和 Google Play 等 Google 服务，那么鸿蒙将会是备选 ​  展开全文c \n                    【华为：暂时没有推出鸿蒙手机的计划】CNET 消息，尽管华为在大力宣传鸿蒙操作系统，但该公司称希望能保持 Andriod 生态系统，因此目前并没有推出鸿蒙手机的计划。华为方面表示，除非美国实施一项禁令，阻止华为访问 Android 的关键服务：包括地图和 Google Play 等 Google 服务，那么鸿蒙将会是备选方案。L老板联播的秒拍视频 收起全文d\n", "author": "爱范儿", "time": "爱范儿2019年08月23日10:33 来自微博weibo.com", "transmit": " 转发 18", "comment": "评论 65", "zan": " 296"}, {"text": "\n#华为正式发布鸿蒙##华为开发者大会#带来无限惊喜！到底什么是华为“1+8+N”战略？有哪些 “黑科技”“骚操作”，你前所未闻？独立的智慧终端，如何打破边界形成超级终端？万物互联能给你带来怎样的未来生活体验？快来#华仔小课堂#戳视频！L玩机技巧 秒拍在线的秒拍视频 ​                ", "author": "华为商城", "time": "华为商城2019年08月23日15:48 来自手机平板·视频社区", "transmit": " 转发 12", "comment": "评论 14", "zan": " 63"}, {"text": "\n#华为谈博士200万年薪#人才价值不容小觑！ 华为内部顶级博士薪酬文件公开，8名博士年薪从100万到200万不等。华为拥有大量的人才储备，包括一大批顶尖科学家，然而即便这样，却总是有人在质疑华为的能力！    包括近期有些所谓的数码博主，凭借自己的专业见闻，大肆评价华为鸿蒙系统，甚至还 ​  展开全文c \n#华为谈博士200万年薪#人才价值不容小觑！ 华为内部顶级博士薪酬文件公开，8名博士年薪从100万到200万不等。华为拥有大量的人才储备，包括一大批顶尖科学家，然而即便这样，却总是有人在质疑华为的能力！    包括近期有些所谓的数码博主，凭借自己的专业见闻，大肆评价华为鸿蒙系统，甚至还要作出科普，真的是可笑！一般情况下可以科普的路径只有两个，要么是华为官方科普，要么是你的材料经过华为官方授权或者国家权威部门的认证之后才可以。不然你真的以为你的专业知识比得上华为18万员工，还有成千上万个专家、博士、教授吗？    虽然你拥有言论自由权，但是你提出质疑之前，首先要查阅基本的资料进行一些核实，除非是得到官方允许，否则不要以科普的姿态发文章！    我不要你觉得，我要华为觉得他的技术可以！ 收起全文d\n", "author": "长安数码君", "time": "长安数码君2019年08月23日22:12 来自荣耀20PRO", "transmit": " 转发 6", "comment": "评论 48", "zan": " 299"}, {"text": "\n                    同学做的外刊笔记，这篇是外刊说咱华为的鸿蒙系统这笔记做得也太好了 ​                ", "author": "新东方小董", "time": "新东方小董2019年08月23日12:59 来自iPhone客户端", "transmit": " 转发 6", "comment": "评论 17", "zan": " 89"}, {"text": "\n#华为发布全球算力最强AI芯片#【华为发布AI芯片“昇腾910”，当今全球算力最强。此时才要喊：厉害了！】据人民日报，继8月9日推出鸿蒙操作系统后，华为刚刚又放大招：发布正式商用的AI芯片——Ascend910（昇腾910），以及与之配套的新一代AI开源计算框架MindSpore！其中昇腾910有两大亮点：一，它是当 ​  展开全文c \n#华为发布全球算力最强AI芯片#【华为发布AI芯片“昇腾910”，当今全球算力最强。此时才要喊：厉害了！】据人民日报，继8月9日推出鸿蒙操作系统后，华为刚刚又放大招：发布正式商用的AI芯片——Ascend910（昇腾910），以及与之配套的新一代AI开源计算框架MindSpore！其中昇腾910有两大亮点：一，它是当前全球算力最强、训练速度最快的AI芯片，其算力是国际顶尖AI芯片的2倍，相当50个当前最新最强的CPU；二、与之配套的新一代AI开源计算框架MindSpore如虎添翼，它创新编程范式，AI科学家和工程师更易使用，便于开放式创新。（人民日报） 收起全文d\n", "author": "工业科技迷", "time": "工业科技迷2019年08月23日16:17", "transmit": " 转发 55", "comment": "评论 41", "zan": " 104"}, {"text": "\n                    【又放大招!华为发布AI芯片“升腾910”】继8月9日推出鸿蒙操作系统后，华为刚刚又放大招：发布正式商用的AI芯片——Ascend 910(升腾910)，以及与之配套的新一代AI开源计算框架MindSpore!O网页链接 ​                ", "author": "香港文匯網", "time": "香港文匯網2019年08月23日16:26 来自微博weibo.com", "transmit": " 转发 8", "comment": "评论 20", "zan": " 216"}, {"text": "\n                    乐视（现改名乐融）紧跟华为脚步，新品开始搭载华为鸿鹄818芯片和鸿蒙OS，其他友商会不会跟进呢？ ​                ", "author": "科技Yu", "time": "科技Yu2019年08月23日20:22", "transmit": " 转发 8", "comment": "评论 54", "zan": " 126"}, {"text": "\n                    再这么闹下去，香港人吃什么？ 华为很棒，面对美国的各种封杀，依然在前行着，不仅发布了鸿蒙操作系统，还在今天发布了昇腾910AI处理器，厉害了。有人说，美国连华为都打不过，拿什么打中国呢？关注@热门表哥 观看更多热门经典视频 L央视新闻的微博视频 ​                ", "author": "热门表哥", "time": "热门表哥2019年08月23日23:24 来自Android", "transmit": " 转发 5", "comment": "评论 12", "zan": " 68"}]