[{"text": "\n                    【科技袁人：“鸿蒙”已经亮相，华为却为何还是选择安卓？】鸿蒙已经亮相，一起来听听袁老师是如何分析华为推出鸿蒙的意义的吧！ O【科技袁人】“鸿蒙”已经亮相，华为却为何还是选择安卓？ ​                ", "author": "观视频工作室", "time": "观视频工作室2019年08月15日20:42 来自哔哩哔哩", "transmit": " 转发 8", "comment": "评论 4", "zan": " 47"}, {"text": "\n                    【首款鸿蒙OS产品开售：荣耀智慧屏首销5分钟破3000台】 今天上午10:08，全球首款搭载华为自研鸿蒙系统的终端荣耀智慧屏系列正式开售。官方数据显示，产品开售仅5分钟，全平台销售即破3000台。荣耀智慧屏系列搭载55英寸4K UHD超清大屏，拥有87%NTSC广色域、400nit高感光技术及178度广视角，支持MEMC、 ​  展开全文c \n                    【首款鸿蒙OS产品开售：荣耀智慧屏首销5分钟破3000台】 今天上午10:08，全球首款搭载华为自研鸿蒙系统的终端荣耀智慧屏系列正式开售。官方数据显示，产品开售仅5分钟，全平台销售即破3000台。荣耀智慧屏系列搭载55英寸4K UHD超清大屏，拥有87%NTSC广色域、400nit高感光技术及178度广视角，支持MEMC、HDR、SR等优势算法全方位提升画质，并且为用户提供8种均获得德国TüV莱茵低蓝光护眼认证的色彩模式。其中，荣耀智慧屏PRO还搭载6×10W的越级音箱配置。作为华为智慧屏战略的首发产品，荣耀智慧屏系列除搭载自研的鸿蒙OS，还拥有海思鸿鹄818智慧芯片、摄像头独立NPU芯片、旗舰手机级的WiFi芯片。除了性能优势，荣耀智慧屏PRO还首创系统级视频通话功能，支持用户一键快速发起视频通话，并能实现多屏无缝切换。荣耀智慧屏售价3799元，而荣耀智慧屏PRO售价4799元。官方还支持“30天不爽就退”、三年超长整机包修时间及免费安装和调试服务。 收起全文d\n", "author": "福布斯中文网", "time": "福布斯中文网2019年08月15日12:30 来自专业版微博", "transmit": " 转发 10", "comment": "评论 47", "zan": " 95"}, {"text": "\n                    【被美国封锁的这几个月，华为过得咋样？】今年5月遭遇美国全面封锁之后，华为经历了英特尔、谷歌等多家公司相继断供。8月9日，#华为正式发布鸿蒙# 在东莞召开了其历史上最大规模的开发者大会， 备受关注，毕竟，无论是友商还是对手，都想知道华为究竟过得怎么样。  L第1眼视频的微博视频 ​                ", "author": "中国经营报", "time": "中国经营报2019年08月15日17:18 来自微博weibo.com", "transmit": " 转发 10", "comment": "评论 5", "zan": " 26"}, {"text": "\n                    【雨哥早盘0815---信心不足】外围市场虽然跌幅大一些，更利于市场去二次探底！二次探底是比较好的博弈机会。机会在个股上，重点在以华为相关的科技股上。华为年底推出鸿蒙系统手机，那么对华为长期供应商是持续性的利好。例如昨日银宝山新、百邦科技、科泰电源涨停板！都是跟华为息息相关的个股。今日 ​  展开全文c \n                    【雨哥早盘0815---信心不足】外围市场虽然跌幅大一些，更利于市场去二次探底！二次探底是比较好的博弈机会。机会在个股上，重点在以华为相关的科技股上。华为年底推出鸿蒙系统手机，那么对华为长期供应商是持续性的利好。例如昨日银宝山新、百邦科技、科泰电源涨停板！都是跟华为息息相关的个股。今日A股受到美股大跌暴跌（英美国债收益率曲线齐“倒挂”传递经济衰退讯号，欧美股市集体重挫。），肯定传递到我们A股这边来了。继续跌破政策底，是存在一定的机会的，建议继续关注华为+超跌滞涨绩优科技股。特别是跟华为鸿蒙系统有合作个股大跌大买，只要敢大跌就上车。华为海思部分个股涨幅太快了，特别是PCB板块，建议让他自由回踩技术修复去吧！ 收起全文d\n", "author": "365-厦门大雨", "time": "365-厦门大雨2019年08月15日08:56 来自雨哥看盘超话", "transmit": " 转发 9", "comment": "评论 19", "zan": " 49"}, {"text": "\n                    【首款鸿蒙OS产品开售：荣耀智慧屏首销5分钟破3000台】今天上午10:08，全球首款搭载华为自研鸿蒙系统的终端荣耀智慧屏系列正式开售。官方数据显示，产品开售仅5分钟，全平台销售即破3000台……详情点击：O首款鸿蒙OS产品开售：荣耀智慧屏首销5分钟破3000台 ​                ", "author": "IT之家", "time": "IT之家2019年08月15日11:44 来自IT之家", "transmit": " 转发 5", "comment": "评论 62", "zan": " 341"}, {"text": "\n                    【布局20年！华为开辟#鸿蒙#背后的物联网“野心”】在今年5月遭遇美国全面封锁之后，华为经历了英特尔、谷歌等多家公司相继断供，这是其最大规模的一次发布会，比苹果的秋季发布会早了一个月。这可能是华为最受关注的一次发布会，毕竟，无论是友商还是对手，都想知道华为究竟过得怎么样。  ​  展开全文c \n                    【布局20年！华为开辟#鸿蒙#背后的物联网“野心”】在今年5月遭遇美国全面封锁之后，华为经历了英特尔、谷歌等多家公司相继断供，这是其最大规模的一次发布会，比苹果的秋季发布会早了一个月。这可能是华为最受关注的一次发布会，毕竟，无论是友商还是对手，都想知道华为究竟过得怎么样。 O布局20年！华为开辟鸿蒙背后的物联网“野心” 收起全文d\n", "author": "中国经营报", "time": "中国经营报2019年08月15日10:08 来自微博weibo.com", "transmit": " 转发 6", "comment": "评论 3", "zan": " 24"}, {"text": "\n                    发布了头条文章：《赋能IOT，华为的鸿蒙系统将如此这般地改变我们的工作与生活》  O赋能IOT，华为的鸿蒙系统将如此这般地改变我们的工作与生活 ​                ", "author": "陆新之", "time": "陆新之2019年08月15日16:51 来自微博weibo.com", "transmit": " 转发 27", "comment": "评论 15", "zan": " 7"}, {"text": "\n                    8月9日华为开发者大会在东莞举行，这次开发者大会几十场分论坛，大量的签约，发布了多款产品，让人目不暇接，鸿蒙系统、智慧屏、各种黑科技，展现了华为对未来科技发展的思考，因为自己也做智能产品，我更加关注华为智能家居布局，参加了华为开发者大会智能家居分论坛，华为和发布了头条文章：《强势整 ​  展开全文c \n                    8月9日华为开发者大会在东莞举行，这次开发者大会几十场分论坛，大量的签约，发布了多款产品，让人目不暇接，鸿蒙系统、智慧屏、各种黑科技，展现了华为对未来科技发展的思考，因为自己也做智能产品，我更加关注华为智能家居布局，参加了华为开发者大会智能家居分论坛，华为和发布了头条文章：《强势整合行业力量 华为5G时代打造IoT航母群》  O强势整合行业力量 华为5G时代打造IoT航母群 收起全文d\n", "author": "飞象网项立刚", "time": "飞象网项立刚2019年08月15日13:30 来自微博weibo.com", "transmit": " 转发 16", "comment": "评论 12", "zan": " 113"}]