[{"text": "\n                    疑似华为鸿蒙系统界面曝光！据曝光的系统截图所示，鸿蒙系统的与现在华为手机上的 EMUI 并没有明显区别，界面，UI 设计及系统逻辑没有大区别对用户是非常友好的事情，这代表用户不用花太多时间精力去学习使用一个新系统。但不管两个系统如何相似，系统底层还是会有一些根本性的变化。 ​                ", "author": "ZEALER中国", "time": "ZEALER中国2019年06月06日17:17 来自微博weibo.com", "transmit": " 转发 20", "comment": "评论 124", "zan": " 640"}, {"text": "\n                    大事：网曝 华为手机新操作系统获中国所有手机厂商支持，中国所有手机厂商都已经入驻华为，测试华为新操作系统鸿蒙，成功后中国所有国产手机都可以支持华为手机操作系统。厉害了，华为！。O没有一百个企业家出来挺华为公司，但我为什么必须站出来挺华为？ ​                ", "author": "陈文伍", "time": "陈文伍2019年06月06日23:07", "transmit": " 转发 748", "comment": "评论 679", "zan": " 4363"}, {"text": "\n                    我第一部5G手机，用华为，最好是鸿蒙系统的。 ​                ", "author": "提刀探花在缅北", "time": "提刀探花在缅北2019年06月06日10:12 来自卖翡翠的iPhone客户端", "transmit": " 转发 42", "comment": "评论 206", "zan": " 1171"}, {"text": "\n                    【华为鸿蒙系统界面曝光 使用无障碍/App生态有保障】6月6日，华为鸿蒙系统界面截图在网上曝光。根据曝光图，华为鸿蒙系统的UI设计、系统逻辑，以及App安装界面与现在华为手机上EMUI的并没有明显区别。但无论外观如何相似，华为鸿蒙系统与基于安卓的EMUI毕竟是两个完全不同的系统。O网页链接 ​                ", "author": "手机中国", "time": "手机中国2019年06月06日15:12 来自专业版微博", "transmit": " 转发 8", "comment": "评论 18", "zan": " 56"}, {"text": "\n                    转自网络：【方舟子“打假”华为鸿蒙，引起公愤】华为被禁后，他们立即把所有备用的芯片全部转正，特别是“鸿蒙”操纵系统的确认，一夜之间大家都沸腾了。但是方舟子对此公开质疑：如果备胎真的那么厉害，为什么不早用，还让人家把钱都挣了。 对于这一个质疑，没想到的任正非本人亲自回应了。他表示， ​  展开全文c \n                    转自网络：【方舟子“打假”华为鸿蒙，引起公愤】华为被禁后，他们立即把所有备用的芯片全部转正，特别是“鸿蒙”操纵系统的确认，一夜之间大家都沸腾了。但是方舟子对此公开质疑：如果备胎真的那么厉害，为什么不早用，还让人家把钱都挣了。 对于这一个质疑，没想到的任正非本人亲自回应了。他表示，备胎就是备胎，有胎用的时候是不需要备胎的，这是企业战略，华为不想做一家独大，为什么世界上的供应商喜欢华为，就是因为华为在调整自己的同时也会帮助别人！ 收起全文d\n", "author": "连淮徐盐", "time": "连淮徐盐2019年06月06日19:45 来自华为P9手机摄影再突破", "transmit": " 转发 15", "comment": "评论 9", "zan": " 25"}]