[{"text": "\n华为鸿蒙系统日前在腾讯首测了数据，其运行速度快了安卓60%。 ​                ", "author": "Reviewer_小康", "time": "Reviewer_小康2019年07月14日12:30 来自微博weibo.com", "transmit": " 转发 65", "comment": "评论 165", "zan": " 1837"}, {"text": "\n华为鸿蒙系统海外申请多个商标包括：HongMengOS、HMOS、ArkOS。不过此前华为董事长梁华曾表示：鸿蒙系统是为物联网开发的，用于自动驾驶、远程医疗等低时延场景。华为手机还是把开放的安卓系统和生态作为首选。 ​                ", "author": "大米评测", "time": "大米评测2019年07月14日10:13 来自微博weibo.com", "transmit": " 转发 15", "comment": "评论 463", "zan": " 1515"}, {"text": "\n                    中关村等媒体复盘华为鸿蒙的信息，发现比安卓快60%没有依据。观点周刊无可靠引述，就加在了任正非采访的后面。任正非被问是否比安卓快，回复是有可能。而媒体标题大量采用比安卓快60% ​                ", "author": "欧阳秋叶", "time": "欧阳秋叶2019年07月14日10:45", "transmit": " 转发 6", "comment": "评论 72", "zan": " 203"}, {"text": "\n#华为鸿蒙系统是否用于手机还未确定#【任正非：华为的潜能是美国逼出来的 ，鸿蒙可能比安卓、苹果快】华为永远都会是狼文化！ L每天学点经济学的秒拍视频 ​                ", "author": "每天学点经济学", "time": "每天学点经济学2019年07月14日10:00 来自微博weibo.com", "transmit": " 转发 7", "comment": "评论 3", "zan": " 22"}, {"text": "\n                    【华为已在欧洲为鸿蒙OS提交商标申请：Harmony 你期待吗？】华为已向欧盟知识产权局(European Union Intellectual Property Office)提交商标申请，申请对象为华为移动和电脑操作系统鸿蒙OS，申请商标为“Harmony”，申请日期为2019年7月12日，目前正在审核中。而之前的“Ark”，将作为的华为公 ​  展开全文c \n                    【华为已在欧洲为鸿蒙OS提交商标申请：Harmony 你期待吗？】华为已向欧盟知识产权局(European Union Intellectual Property Office)提交商标申请，申请对象为华为移动和电脑操作系统鸿蒙OS，申请商标为“Harmony”，申请日期为2019年7月12日，目前正在审核中。而之前的“Ark”，将作为的华为公司操作系统“Harmony”在全球市场上的代号。O华为已在欧洲为鸿蒙OS提交商标申请：Harmony 收起全文d\n", "author": "凤凰网科技", "time": "凤凰网科技2019年07月14日08:09 来自微博weibo.com", "transmit": " 转发 19", "comment": "评论 67", "zan": " 90"}, {"text": "\n#华为注册Harmony商标#【华为在欧盟注册Harmony商标，疑为鸿蒙系统官方译名】华为已向欧盟知识产权局(European Union Intellectual Property Office)提交商标申请，申请对象为华为移动和电脑操作系统鸿蒙OS，申请商标为“Harmony”，申请日期为2019年7月12日，目前正在审核中。而之前的“Ark”，将作 ​  展开全文c \n#华为注册Harmony商标#【华为在欧盟注册Harmony商标，疑为鸿蒙系统官方译名】华为已向欧盟知识产权局(European Union Intellectual Property Office)提交商标申请，申请对象为华为移动和电脑操作系统鸿蒙OS，申请商标为“Harmony”，申请日期为2019年7月12日，目前正在审核中。而之前的“Ark”，将作为的华为公司操作系统“Harmony”在全球市场上的代号。 收起全文d\n", "author": "虎嗅APP", "time": "虎嗅APP2019年07月14日09:25 来自微博weibo.com", "transmit": " 转发 7", "comment": "评论 22", "zan": " 42"}, {"text": "\n                    【华为在欧盟注册Harmony商标 疑为鸿蒙系统官方译名】近日，据外媒报道，华为已经向欧盟知识产权局提交了Harmony商标申请，申请将该商标注册为移动和计算机操作系统使用，申请日期为7月12日，目前欧盟知识产权局正在审查中。Harmony意为协调、和睦、融洽、调和，例如Family harmony就是家和万事兴的 ​  展开全文c \n                    【华为在欧盟注册Harmony商标 疑为鸿蒙系统官方译名】近日，据外媒报道，华为已经向欧盟知识产权局提交了Harmony商标申请，申请将该商标注册为移动和计算机操作系统使用，申请日期为7月12日，目前欧盟知识产权局正在审查中。Harmony意为协调、和睦、融洽、调和，例如Family harmony就是家和万事兴的意思，该词也可以用作人名，译为哈莫尼。既然是操作系统的商标，Harmony无疑会和近日大火的“鸿蒙操作系统”联系起来，可以这样推测，Harmony应该是“鸿蒙”在部分国外地区的官方名称，毕竟对外国人来说念对“hongmeng”并不是一件容易事儿，实际上，也没有几个外国人能念对“huawei”的发音，大部分外国人都会念“哇为”。 收起全文d\n", "author": "中国经营报", "time": "中国经营报2019年07月14日11:30 来自微博weibo.com", "transmit": " 转发 14", "comment": "评论 6", "zan": " 16"}, {"text": "\n                    【华为在欧盟注册Harmony商标 疑为鸿蒙系统官方译名】据外媒报道，华为已经向欧盟知识产权局提交了Harmony商标申请，申请将该商标注册为移动和计算机操作系统使用，申请日期为7月12日，目前欧盟知识产权局正在审查中。有人猜测，Harmony应该是“鸿蒙”在部分国外地区的官方名称。 ​                ", "author": "福布斯中文网", "time": "福布斯中文网2019年07月14日10:48 来自iPhone客户端", "transmit": " 转发 11", "comment": "评论 12", "zan": " 17"}, {"text": "\n                    据gsmarena消息华为已向欧盟知识产权局(European Union Intellectual Property Office)提交商标申请，申请对象为华为移动和电脑操作系统鸿蒙OS，申请商标为“Harmony”，申请日期为2019年7月12日，目前正在审核中。而之前的“Ark”，将作为的华为公司操作系统“Harmony”在全球市场上的代号。 ​                ", "author": "科技Yu", "time": "科技Yu2019年07月14日07:02", "transmit": " 转发 4", "comment": "评论 8", "zan": " 42"}]