[{"text": "\n                    关于华为的#鸿蒙系统# ，caoz的这篇文章讲得很实在，比那些自媒体洗地的稿件有营养多了。鸿蒙在中国自成生态，鸿蒙不一定是基于Android二开，还有其他很小众的Linux系统，华为手机体量大，早就准备好。 ​                ", "author": "寒星晓月重返微博", "time": "寒星晓月重返微博2019年06月19日20:45 来自OnePlus6T", "transmit": " 转发 10", "comment": "评论 5", "zan": " 5"}]