[{"text": "\n                    【记者体验首款采用华为鸿蒙OS的终端产品荣耀智慧屏】8月10日下午荣耀正式发布全球首款采用华为鸿蒙OS的终端产品荣耀智慧屏，环球时报记者在发布会现场进行了实际体验。荣耀智慧屏的最大特点就是基于鸿蒙系统的多终端多设备的协同使用。使用荣耀提供的测试手机，只需要在一张硬币大小的nfc贴纸上一碰， ​  展开全文c \n                    【记者体验首款采用华为鸿蒙OS的终端产品荣耀智慧屏】8月10日下午荣耀正式发布全球首款采用华为鸿蒙OS的终端产品荣耀智慧屏，环球时报记者在发布会现场进行了实际体验。荣耀智慧屏的最大特点就是基于鸿蒙系统的多终端多设备的协同使用。使用荣耀提供的测试手机，只需要在一张硬币大小的nfc贴纸上一碰，手机画面就可以以很快的反应速度直接投屏到电视上。在日常刷手机、看视频、玩游戏时，可以随时将手机内容放大的电视上，显得十分方便。不过，在现场实际体验热门的手游《王者荣耀》时，不知是网络原因还是游戏需要进一步适配这一功能，屏幕上显示的游戏画面还是能感觉出有卡顿。在荣耀的设想中，智慧屏也是家庭智能设备的控制器，家庭物联网的核心。记者在现场也体验了利用屏幕控制智能空调等电器，反应比较灵敏。不过由于现场过于嘈杂，没有体验语音控制的功能。对于这款智慧屏而言，软件与硬件的兼容显得十分重要。根据目前荣耀公布的消息，智慧屏的合作伙伴已经包括海信、方太、格兰仕、TCL等众多公司。（记者 赵觉珵）@这视频 L这视频的微博视频 收起全文d\n", "author": "环球时报", "time": "环球时报2019年08月10日19:29 来自微博weibo.com", "transmit": " 转发 185", "comment": "评论 473", "zan": " 2097"}, {"text": "\n                    天地初开，宇宙鸿蒙。今日，华为鸿蒙，破幕而出。余承东特别提到：“一旦受美国制裁影响，谷歌的安卓系统无法使用，就可以随时启用鸿蒙OS。”历史警告世人：落后就要挨打，发展才能强大。鸿蒙一开天地宽。晚安，华为加油。中国加油。#鸿蒙一开天地宽##华为加油##华为鸿蒙# ​  展开全文c \n                    天地初开，宇宙鸿蒙。今日，华为鸿蒙，破幕而出。余承东特别提到：“一旦受美国制裁影响，谷歌的安卓系统无法使用，就可以随时启用鸿蒙OS。”历史警告世人：落后就要挨打，发展才能强大。鸿蒙一开天地宽。晚安，华为加油。中国加油。#鸿蒙一开天地宽##华为加油##华为鸿蒙##华为正式发布鸿蒙# 收起全文d\n", "author": "环球网", "time": "环球网2019年08月10日00:00", "transmit": " 转发 415", "comment": "评论 342", "zan": " 4418"}, {"text": "\n                    【#全球首款华为鸿蒙操作系统终端#亮相 #荣耀智慧屏正式发布#】据荣耀手机官方微博消息，全球首款华为鸿蒙操作系统终端的#荣耀智慧屏#今日亮相。55英寸三面无边全面屏设计，屏占比高达94%。6.9mm超窄机身、3D圆弧全金属无缝弯折中框、钻石纹理“美背”、炫彩呼吸灯，还有动态屏保和极简的用户界面设计 ​  展开全文c \n                    【#全球首款华为鸿蒙操作系统终端#亮相 #荣耀智慧屏正式发布#】据荣耀手机官方微博消息，全球首款华为鸿蒙操作系统终端的#荣耀智慧屏#今日亮相。55英寸三面无边全面屏设计，屏占比高达94%。6.9mm超窄机身、3D圆弧全金属无缝弯折中框、钻石纹理“美背”、炫彩呼吸灯，还有动态屏保和极简的用户界面设计。你怎么看？#荣耀智慧屏来了# 收起全文d\n", "author": "财经网", "time": "财经网2019年08月10日15:10 来自微博weibo.com", "transmit": " 转发 86", "comment": "评论 146", "zan": " 775"}, {"text": "\n                    【#首款鸿蒙系统产品亮相#】10日，在荣耀智慧屏系列发布会上，荣耀智慧屏亮相。这是首款搭载华为鸿蒙系统的产品，55英寸全面屏，屏占比达94%，配鸿鹄818智慧芯片，还具有可伸缩的摄像头。智慧屏开关机非常快，且没广告，以后也不会有。售价3799元起，Pro版本4799元。（吴涛）L中新视频的秒拍视频 ​                ", "author": "中国新闻网", "time": "中国新闻网2019年08月10日16:35 来自微博weibo.com", "transmit": " 转发 45", "comment": "评论 220", "zan": " 846"}, {"text": "\n                    【#华为发布鸿蒙首款产品# ，颠覆你的想象】全球首款搭载华为鸿蒙系统的终端——荣耀智慧屏，来了！它不仅是家庭的影音娱乐中心，更是信息共享中心、控制管理中心和多设备交互中心。1秒唤醒待机，2秒极速开机，速度快到放不下广告！华为消费者业务CEO余承东在介绍鸿蒙OS开发初衷时表示：“可以说鸿蒙OS ​  展开全文c \n                    【#华为发布鸿蒙首款产品# ，颠覆你的想象】全球首款搭载华为鸿蒙系统的终端——荣耀智慧屏，来了！它不仅是家庭的影音娱乐中心，更是信息共享中心、控制管理中心和多设备交互中心。1秒唤醒待机，2秒极速开机，速度快到放不下广告！华为消费者业务CEO余承东在介绍鸿蒙OS开发初衷时表示：“可以说鸿蒙OS的出发点和Android、iOS都不一样，是一款全新的基于微内核的面向全场景的分布式操作系统。”O快讯！华为发布鸿蒙首款产品，颠覆你的想象 收起全文d\n", "author": "中国青年报", "time": "中国青年报2019年08月10日18:28 来自专业版微博", "transmit": " 转发 35", "comment": "评论 37", "zan": " 321"}, {"text": "\n#华为发布鸿蒙系统首款产品#【全球首款华为鸿蒙操作系统终端：荣耀智慧屏正式发布！】10日下午，荣耀总裁赵明在东莞正式发布荣耀智慧屏，这是全球首款搭载华为鸿蒙系统的智能终端，同时使用华为海思自研的鸿鹄818智慧芯片，配有AI升降摄像头。（记者：沈显昱）  L央视财经的微博视频 ​                ", "author": "央视财经", "time": "央视财经2019年08月10日15:16 来自微博视频", "transmit": " 转发 55", "comment": "评论 50", "zan": " 392"}, {"text": "\n                    【#国报微评#鸿蒙加油，我们挺你】#华为正式发布鸿蒙#，多年的技术攻关终于走到了高光时刻。诚然，发布手机操作系统只是第一步，鸿蒙要占领市场、要培养自己的应用生态，还有很长的路要走。但这件事是迟早要做的，核心技术终究要靠自己，才能不被人卡脖子，才能在国际科技竞争中有底气。鸿蒙诞生于华为 ​  展开全文c \n                    【#国报微评#鸿蒙加油，我们挺你】#华为正式发布鸿蒙#，多年的技术攻关终于走到了高光时刻。诚然，发布手机操作系统只是第一步，鸿蒙要占领市场、要培养自己的应用生态，还有很长的路要走。但这件事是迟早要做的，核心技术终究要靠自己，才能不被人卡脖子，才能在国际科技竞争中有底气。鸿蒙诞生于华为面对危机的时刻，同时也是华为为代表的民族品牌最能凝聚人心的时刻；某种意义上，鸿蒙的意义已经超越了一个操作系统，而成为了中华民族不畏艰难、愈挫愈勇的象征。鸿蒙加油，我们挺你！(评论员 张周项) 收起全文d\n", "author": "中国日报", "time": "中国日报2019年08月10日09:41 来自微博weibo.com", "transmit": " 转发 176", "comment": "评论 337", "zan": " 3395"}, {"text": "\n#华为发布鸿蒙系统首款产品#【全球首款华为鸿蒙操作系统终端：荣耀智慧屏正式发布！】10日下午，荣耀总裁赵明在东莞正式发布荣耀智慧屏，这是全球首款搭载华为鸿蒙系统的智能终端，同时使用华为海思自研的鸿鹄818智慧芯片，配有AI升降摄像头。L央视财经的微博视频 ​                ", "author": "新浪财经", "time": "新浪财经2019年08月10日15:54 来自专业版微博", "transmit": " 转发 35", "comment": "评论 112", "zan": " 452"}, {"text": "\n#华为正式发布鸿蒙# 真的很期待，据说鸿蒙性能是安卓的3-5倍，我们终于有了属于自己的系统了，为华为加油，支持国货小调查：鸿蒙正式开始后你会选择吗？期待吗？ 你期待鸿蒙系统吗？ ​                ", "author": "娱News", "time": "娱News2019年08月10日00:05 来自热搜榜iPhone客户端", "transmit": " 转发 138", "comment": "评论 142", "zan": " 24431"}, {"text": "\n                    【鸿蒙，“比安卓更强大”】8月9日可能成为华为公司历史上最值得记住的一天：华为当天正式发布自主操作系统：鸿蒙！这一消息立即引起了世界各大媒体的关注。法新社称，华为推出鸿蒙是要与（美国）安卓操作系统一拼高下。此前华为在遭遇美国政府禁令“卡脖子”时，其手机使用的安卓操作系统一度面临被停 ​  展开全文c \n                    【鸿蒙，“比安卓更强大”】8月9日可能成为华为公司历史上最值得记住的一天：华为当天正式发布自主操作系统：鸿蒙！这一消息立即引起了世界各大媒体的关注。法新社称，华为推出鸿蒙是要与（美国）安卓操作系统一拼高下。此前华为在遭遇美国政府禁令“卡脖子”时，其手机使用的安卓操作系统一度面临被停用的风险。9日，华为消费者业务CEO余承东硬气地宣布，华为不仅可以随时启用鸿蒙操作系统，而且它比安卓更强。在华为推出鸿蒙的前一天，美国政府再次出尔反尔，据报道决定推迟允许美企与华为重启业务的决定。对此，中国外交部发言人华春莹9日表示，高通、英特尔、美光等美国企业已要求美国政府及时就许可问题作出决定。“企业界的态度是很清楚的。美国政府在有关问题上也是作出过承诺的。”O鸿蒙，“比安卓更强大” #华为正式发布鸿蒙# #鸿蒙比安卓更强大# 收起全文d\n", "author": "环球网", "time": "环球网2019年08月10日09:52 来自微博weibo.com", "transmit": " 转发 163", "comment": "评论 176", "zan": " 1758"}, {"text": "\n                    也许你从没仔细想过这块屏幕，但是有人为你想到了，而且把未来带到你的眼前，这就是#荣耀智慧屏#描画的未来场景。也许你会憧憬，但现在就有机会得到，首款搭载华为鸿蒙操作的荣耀智慧屏，把你现在能得到的和未来将得到的都带给你。点击视频，感受震撼，给你堪比大片的体验。 L荣耀智慧生活的秒拍视频 ​                ", "author": "迷妹追剧日常", "time": "迷妹追剧日常2019年08月10日21:25 来自微博weibo.com", "transmit": " 转发 1538", "comment": "评论 1883", "zan": " 3655"}, {"text": "\n#华为正式发布鸿蒙#“鸿蒙，将联接万物，打开万亿级的巨大市场，选择鸿蒙就是选择未来”，华为消费者业务CEO余承东说，“华为长期致力于包括芯片和OS在内的底层技术创新，把复杂留给自己，把简单留给开发者”。#贵小巡说事# 这是华为有底气的选择，您会选择华为鸿蒙吗？ 您会选择华为鸿蒙吗？ ​                ", "author": "贵港网警巡查执法", "time": "贵港网警巡查执法2019年08月10日00:38 来自贵小巡果果Android", "transmit": " 转发 21", "comment": "评论 71", "zan": " 11410"}, {"text": "\n                    【解密华为鸿蒙OS核心“武器”，下一代操作系统争夺战开启】操作系统则是支撑核心战略的底层技术，开发者大会上，神秘的鸿蒙操作系统（HarmonyOS）终于登场，并且进行开源。  O解密华为鸿蒙OS核心“武器” 下一代操作系统争夺战开启 ​                ", "author": "21世纪经济报道", "time": "21世纪经济报道2019年08月10日06:37 来自21财经", "transmit": " 转发 53", "comment": "评论 37", "zan": " 159"}, {"text": "\n                    大家如何看待华为的鸿蒙系统？ 你对鸿蒙系统的态度是？ ​                ", "author": "科技新一", "time": "科技新一2019年08月10日12:47", "transmit": " 转发 42", "comment": "评论 268", "zan": " 21071"}, {"text": "\n                    加油！@华为中国 @华为终端官方微博 @华为手机 我们都是自给自足纯国产！当自强！晚安，小“火”伴~#华为正式发布鸿蒙# ​                ", "author": "东风快递", "time": "东风快递2019年08月10日22:00 来自微博weibo.com", "transmit": " 转发 142", "comment": "评论 380", "zan": " 3718"}, {"text": "\n                    对于华为发布的鸿蒙系统你看好吗？ 你看好吗？ ​                ", "author": "搞机宇宇", "time": "搞机宇宇2019年08月10日22:19 来自iPhone客户端", "transmit": " 转发 87", "comment": "评论 270", "zan": " 35578"}, {"text": "\n                    昨天余总@余承东 在这里首次公开了鸿蒙OS，今天，我很高兴能在同一个舞台上为大家介绍全球首款搭载华为鸿蒙操作系统的#荣耀智慧屏#系列。有了鸿蒙系统的加持，荣耀智慧屏拥有了全面超越传统电视的体验，感谢余总的支持！3799元起的荣耀智慧屏，8月15日开售。 ​                ", "author": "赵明-George", "time": "赵明-George2019年08月10日16:05 来自荣耀20PRO", "transmit": " 转发 582", "comment": "评论 391", "zan": " 3889"}, {"text": "\n#华为正式发布鸿蒙#【#啥是鸿蒙#？华为为什么发布鸿蒙OS？一张图告诉你最新解答！】在中国古代的神话故事中，鸿蒙其实就是宇宙的一种抽象化身，在盘古开天辟地之前，宇宙还处于一片混沌的初始阶段，这种阶段就是鸿蒙，也意味着万物初始，一切尘埃落地的意思。那么，鸿蒙OS到底是什么，有什么不同，用户 ​  展开全文c \n#华为正式发布鸿蒙#【#啥是鸿蒙#？华为为什么发布鸿蒙OS？一张图告诉你最新解答！】在中国古代的神话故事中，鸿蒙其实就是宇宙的一种抽象化身，在盘古开天辟地之前，宇宙还处于一片混沌的初始阶段，这种阶段就是鸿蒙，也意味着万物初始，一切尘埃落地的意思。那么，鸿蒙OS到底是什么，有什么不同，用户什么时候能用上鸿蒙系统的手机……一张图告诉你最新解答！O华为鸿蒙系统刷屏，你所关注的一切都在这里 （附图） 收起全文d\n", "author": "每日经济新闻", "time": "每日经济新闻2019年08月10日12:30 来自微博weibo.com", "transmit": " 转发 58", "comment": "评论 62", "zan": " 313"}, {"text": "\n                    今天下午两点半，全球首款华为鸿蒙操作系统终端的——#荣耀智慧屏#，即将亮相！转发收藏，锁定下午直播！我到了，等你们！ 2东莞 ​                ", "author": "荣耀手机", "time": "荣耀手机2019年08月10日09:49 来自荣耀20PRO", "transmit": " 转发 61", "comment": "评论 100", "zan": " 1192"}, {"text": "\n                    【全球首款搭载华为鸿蒙系统的终端产品——#荣耀智慧屏#】8月10日，全球首款搭载华为鸿蒙系统的终端产品荣耀智慧屏在东莞发布。荣耀智慧屏采用华为自研的鸿鹄818智慧芯片，具备升降式AI摄像头。华为荣耀业务部总裁@赵明-George 称，开机太快了，没时间放广告。 #荣耀智慧屏没有开关机广告#  ​  展开全文c \n                    【全球首款搭载华为鸿蒙系统的终端产品——#荣耀智慧屏#】8月10日，全球首款搭载华为鸿蒙系统的终端产品荣耀智慧屏在东莞发布。荣耀智慧屏采用华为自研的鸿鹄818智慧芯片，具备升降式AI摄像头。华为荣耀业务部总裁@赵明-George 称，开机太快了，没时间放广告。 #荣耀智慧屏没有开关机广告# 你会选择 收起全文d\n", "author": "凤凰网科技", "time": "凤凰网科技2019年08月10日15:24 来自微博weibo.com", "transmit": " 转发 3", "comment": "评论 40", "zan": " 1337"}, {"text": "\n#华为将发布地图服务#继正式宣布鸿蒙系统之后，华为又宣布了一个重磅级别的服务——地图服务！据了解，华为地图服务将于10月上线，覆盖150个国家、高精度导航，可精准至分米级！LNBD视频的秒拍视频 ​                ", "author": "IT科技数码达人", "time": "IT科技数码达人2019年08月10日16:03 来自微博weibo.com", "transmit": " 转发 472", "comment": "评论 609", "zan": " 5764"}, {"text": "\n                    十分钟带你了解华为的“鸿蒙”#这就是中国字# #书画新浪潮# #华为正式发布鸿蒙# L翼飞书画的微博视频 ​                ", "author": "翼飞书画", "time": "翼飞书画2019年08月10日08:53 来自科学科普·视频社区", "transmit": " 转发 267", "comment": "评论 282", "zan": " 2375"}, {"text": "\n                    想必大家最近已经明白了技术独立自主的重要性。#华为鸿蒙系统发布# 将科技生产力工具攥到自己手里面，实属值得骄傲。但不能盲目乐观，安卓和 iOS 十几年的积累绝不可能毫无优势，只要华为和鸿蒙 OS 能在自主研发这条路上继续刚下去，那受益的不仅仅是华为，而是我国的整个科技产业。  ​  展开全文c \n                    想必大家最近已经明白了技术独立自主的重要性。#华为鸿蒙系统发布# 将科技生产力工具攥到自己手里面，实属值得骄傲。但不能盲目乐观，安卓和 iOS 十几年的积累绝不可能毫无优势，只要华为和鸿蒙 OS 能在自主研发这条路上继续刚下去，那受益的不仅仅是华为，而是我国的整个科技产业。 O华为今天发布的鸿蒙系统，到底能不能替代安卓？ 收起全文d\n", "author": "差评君", "time": "差评君2019年08月10日00:45 来自微博weibo.com", "transmit": " 转发 99", "comment": "评论 238", "zan": " 845"}, {"text": "\n                    问一个问题：你觉得华为鸿蒙OS的英文名字起的怎么样？ . ​                ", "author": "搞机圈的那些事", "time": "搞机圈的那些事2019年08月10日09:09 来自真香警告", "transmit": " 转发 7", "comment": "评论 111", "zan": " 2681"}, {"text": "\n#华为开发者大会#【直击|余承东深夜连发五个“感恩” 称“日子难忘”】华为正式发布鸿蒙系统，恰逢余承东50岁生日。深夜他在朋友圈连发五个“感恩”，称这是“难忘的日子”。他认为自己十分幸运，人生下半场将开启新征程。此前，余承东也在微博发文，感慨27年来华为、深圳和中国的高速发展。  ​  展开全文c \n#华为开发者大会#【直击|余承东深夜连发五个“感恩” 称“日子难忘”】华为正式发布鸿蒙系统，恰逢余承东50岁生日。深夜他在朋友圈连发五个“感恩”，称这是“难忘的日子”。他认为自己十分幸运，人生下半场将开启新征程。此前，余承东也在微博发文，感慨27年来华为、深圳和中国的高速发展。 O直击|余承东深夜连发五个“感恩” 称“日子难忘” 收起全文d\n", "author": "新浪科技", "time": "新浪科技2019年08月10日01:38 来自微博weibo.com", "transmit": " 转发 59", "comment": "评论 54", "zan": " 415"}, {"text": "\n#华为正式发布鸿蒙# 华为今日正式发布自有操作系统：鸿蒙。你用过哪些系统呢？ 你最喜欢哪个系统？ ​                ", "author": "旅游播报", "time": "旅游播报2019年08月10日19:54", "transmit": " 转发 25", "comment": "评论 31", "zan": " 2364"}, {"text": "\n#华为将发布地图服务#华为昨天宣布发布鸿蒙系统，今天又有大动作了。2019年10月前，华为发布地图服务给开发者，覆盖150个国家，有40种语言，使用高精定位导航系统，能导航汽车进行左右、一二三四车道转换。这时候脑海里突然想起华为宣传片，《Dream it Possible》太强大了！O网页链接 ​                ", "author": "蘑菇的二姐", "time": "蘑菇的二姐2019年08月10日15:57 来自iPhoneX", "transmit": " 转发 300", "comment": "评论 265", "zan": " 2707"}, {"text": "\n                    【解密华为鸿蒙OS核心武器 下一代操作系统争夺战开启】#华为开发者大会#上，鸿蒙操作系统正式发布，余承东表示，鸿蒙在手机中已经适配完成，达到商用程度。不过鸿蒙的野心并不在手机上。错过了PC时代、移动互联时代的操作系统市场，在未来的IoT时代，中国的科技公司能否扳回一局？O解密华为鸿蒙OS核心武器 下一代操作系统争夺战开启 ​                ", "author": "新浪科技", "time": "新浪科技2019年08月10日10:18 来自微博weibo.com", "transmit": " 转发 23", "comment": "评论 29", "zan": " 122"}, {"text": "\n                    【华为鸿蒙系统好用吗？来看看首款搭载产品】8月10日，全球首款搭载华为鸿蒙系统的产品“荣耀智慧屏”发布。智慧屏搭载鸿鹄818智慧芯片，内置升降式AI摄像头，荣耀总裁赵明还笑称：开机太快，没时间放广告。智慧屏标准版3799元，PRO版(带升降摄像头)4799元。L老板联播的秒拍视频 ​                ", "author": "老板联播", "time": "老板联播2019年08月10日19:12 来自微博weibo.com", "transmit": " 转发 61", "comment": "评论 99", "zan": " 445"}, {"text": "\n                    【华为鸿蒙！超4000人研发，全球开源，可随时替换安卓！它究竟有多牛？】华为消费者业务CEO、华为技术有限公司常务董事余承东介绍称，鸿蒙系统是基于微内核的全场景分布式OS，可按需扩展，实现更广泛的系统安全，主要用于物联网，特点是低时延，甚至可到毫秒级乃至亚毫秒级。至于何时用在智能手机上， ​  展开全文c \n                    【华为鸿蒙！超4000人研发，全球开源，可随时替换安卓！它究竟有多牛？】华为消费者业务CEO、华为技术有限公司常务董事余承东介绍称，鸿蒙系统是基于微内核的全场景分布式OS，可按需扩展，实现更广泛的系统安全，主要用于物联网，特点是低时延，甚至可到毫秒级乃至亚毫秒级。至于何时用在智能手机上，余承东称华为首选还是谷歌的安卓系统，但如果安卓不能用了，华为可以在一夜之间将所有华为手机的系统更换为鸿蒙OS。O网页链接 收起全文d\n", "author": "新财富杂志", "time": "新财富杂志2019年08月10日09:10 来自iPhone8Plus", "transmit": " 转发 75", "comment": "评论 119", "zan": " 365"}]