[{"text": "\n                    【十问华为鸿蒙操作系统：跟安卓有何差异？其他终端厂商怎么看？】“鸿蒙”初开，万众瞩目。这款华为开发的操作系统，到底有何特别之处？华为怎么处理鸿蒙和安卓系统的关系？在手机操作系统上，鸿蒙短期内仍然是华为的备用选择。近日，华为创始人任正非在英国天空电视台采访时就表态，“如果美国封锁， ​  展开全文c \n                    【十问华为鸿蒙操作系统：跟安卓有何差异？其他终端厂商怎么看？】“鸿蒙”初开，万众瞩目。这款华为开发的操作系统，到底有何特别之处？华为怎么处理鸿蒙和安卓系统的关系？在手机操作系统上，鸿蒙短期内仍然是华为的备用选择。近日，华为创始人任正非在英国天空电视台采访时就表态，“如果美国封锁，不让谷歌提供安卓系统给我们的话，世界上出现第三种系统，对美国称霸世界也是不利的。”鸿蒙和安卓等操作系统比还存在哪些差距？华为表示：鸿蒙和安卓等操作系统相比，最大的差距显然还是生态。其他终端厂商对鸿蒙是什么态度？余承东称，有跟其他厂商交流过，他们都比较感兴趣，“他们有一点点担忧，鸿蒙是华为开发的。我们成立了开源基金会，其他手机公司也参加了，我们会让大家看到这对大家是公平的，都可以用。”O十问华为鸿蒙操作系统：跟安卓有何差异？其他终端厂商怎么看？ 收起全文d\n", "author": "凤凰网财经", "time": "凤凰网财经2019年08月19日08:02 来自专业版微博", "transmit": " 转发 31", "comment": "评论 95", "zan": " 266"}, {"text": "\n                    【不止“鸿蒙”，华为将再推竞争利器】俄罗斯卫星通讯社：华为近日宣布，将在今年10月推出自己的地图服务，取名地图套件（Map Kit）。Map Kit不是直接供消费者使用，而是旨在鼓励软件开发人员根据其映射功能提出应用程序。该公司表示，华为地图套件将连接到约150个国家和地区的第三方移动应用程序和本 ​  展开全文c \n                    【不止“鸿蒙”，华为将再推竞争利器】俄罗斯卫星通讯社：华为近日宣布，将在今年10月推出自己的地图服务，取名地图套件（Map Kit）。Map Kit不是直接供消费者使用，而是旨在鼓励软件开发人员根据其映射功能提出应用程序。该公司表示，华为地图套件将连接到约150个国家和地区的第三方移动应用程序和本地地图服务提供商。O网页链接 收起全文d\n", "author": "参考消息", "time": "参考消息2019年08月19日11:30 来自微博weibo.com", "transmit": " 转发 74", "comment": "评论 78", "zan": " 653"}, {"text": "\n                    朋友圈一堆华为的人发鸿蒙OS 1.0 ​                ", "author": "科技有意思", "time": "科技有意思2019年08月19日16:14 来自热搜第一推荐", "transmit": " 转发 10", "comment": "评论 77", "zan": " 462"}, {"text": "\n                    不止“鸿蒙” 华为将再推竞争利器 O不止“鸿蒙” 华为将再推竞争利器 ​                ", "author": "但斌", "time": "但斌2019年08月19日10:11 来自新浪新闻中心", "transmit": " 转发 39", "comment": "评论 17", "zan": " 67"}, {"text": "\n                    十问华为鸿蒙操作系统：跟安卓有何差异，其他终端厂商怎么看。（澎湃） ​                ", "author": "财联社APP", "time": "财联社APP2019年08月19日10:03 来自微博weibo.com", "transmit": " 转发 26", "comment": "评论 27", "zan": " 83"}, {"text": "\n鸿蒙操作系统是个啥，牛不牛？  O鸿蒙操作系统是个啥，牛不牛？ | 余兴镐这是一个对鸿蒙的深度解读，对华为强调的“分布式OS”特性解释得不错。值得注意的一个演示，是拿大疆无人机当摄像头外设。由于公布的细节不多，鸿蒙受到了较大质疑。华为的朋友说，很快就有大量信息公布出来。 ​                ", "author": "风云学会陈经", "time": "风云学会陈经2019年08月19日08:46 来自小米9", "transmit": " 转发 61", "comment": "评论 36", "zan": " 175"}, {"text": "\n                    看到这个截图，表示很羡慕 #华为鸿蒙# #鸿蒙OS# ​                ", "author": "菊厂搞机", "time": "菊厂搞机2019年08月19日16:04 来自HUAWEIP30Pro", "transmit": " 转发 10", "comment": "评论 26", "zan": " 127"}, {"text": "\n                    荣耀智慧屏在华为荣耀生态里面承担了什么定位，实际表现又怎样？戳文章了解详情发布了头条文章：《鸿蒙OS首款产品：荣耀智慧屏和智能电视对比评测，差别在哪里？》  O鸿蒙OS首款产品：荣耀智慧屏和智能电视对比评测，差别在哪里？ ​                ", "author": "科技氪", "time": "科技氪2019年08月19日19:18 来自微博weibo.com", "transmit": " 转发 19", "comment": "评论 54", "zan": " 65"}, {"text": "\n华为说，只要美国允许用安卓，就在手机上接着用安卓。这个大度其实是没有必要的。本来就说鸿蒙的生态还不行，那就更要尽早使用，这样生态才能发展起来，不用岂不是老也起不来么？ ​                ", "author": "李北方同学", "time": "李北方同学2019年08月19日22:24 来自搜狗高速浏览器", "transmit": " 转发 22", "comment": "评论 40", "zan": " 99"}]