[{"text": "\n                    这两天很多人议论华为的鸿蒙系统不用智能手机，用在物联网产品上，不少人有点失望。我在下面聊天，说到任正非时，说老爷子是意志极为坚定，身段非常柔软。说鸿蒙是否手机操作系统，当然是手机操作系统，不仅是手机，而且是PC、手机、智能电视多产品通用的，为什么现在又放弃发布了，那还不是大战略。 ​  展开全文c \n                    这两天很多人议论华为的鸿蒙系统不用智能手机，用在物联网产品上，不少人有点失望。我在下面聊天，说到任正非时，说老爷子是意志极为坚定，身段非常柔软。说鸿蒙是否手机操作系统，当然是手机操作系统，不仅是手机，而且是PC、手机、智能电视多产品通用的，为什么现在又放弃发布了，那还不是大战略。对于华为，手机、运营商业务、企业业务那是一个庞大系统，鸿蒙的研发不是为了替代，而是备胎，不让用，只能自己上，我也有。今天还没有到完全放弃android，今天强上鸿蒙，一定有一个阵痛期，国际市场可能大受影响，这对华为是不利，而且现在不上鸿蒙系统也是一个不对抗的姿态，对于解除华为禁令还是很有价值。我有，但我暂时不上，这是硬处极硬，软处极软，可进可退。华为不上鸿蒙系统，可能有些小朋友会失望，大家不必失望，这其中权衡各种关系，达到最好效果，相信华为比我们掌握的信息多，决策比我们好。 收起全文d\n", "author": "飞象网项立刚", "time": "飞象网项立刚2019年07月20日09:18 来自HUAWEIMate20X5G", "transmit": " 转发 88", "comment": "评论 186", "zan": " 613"}, {"text": "\n鸿蒙只是烟雾弹，和谐才是华为手机操作系统的主菜。Stay Hramony, Stay 沸腾。我服了 ​                ", "author": "Geek_Cao", "time": "Geek_Cao2019年07月20日09:53", "transmit": " 转发 5", "comment": "评论 45", "zan": " 197"}, {"text": "\n华为新系统中文译名根本不叫“鸿蒙”而是叫“和谐”… ​                ", "author": "UNCLE疯叔", "time": "UNCLE疯叔2019年07月20日10:01 来自iPhone客户端", "transmit": " 转发 5", "comment": "评论 70", "zan": " 279"}, {"text": "\n华为的“和谐”真的来了，你所知道的那个鸿蒙是假的，是一颗烟雾弹，沸腾就完事了🙃 ​                ", "author": "喵王-搞机", "time": "喵王-搞机2019年07月20日11:25", "transmit": " 转发 84", "comment": "评论 714", "zan": " 3854"}]