[{"text": "\n                    最近只要聊到手机系统，或华为的话题，就会有朋友在评论问：鸿蒙好不好用啊？为什么不用鸿蒙系统……首先，据目前消息华为只是在全球多地注册了商标；其次，目前只有一些营销号在吹，关于系统功能、适配等信息和数据都没看到；最后，国内有属于自己的系统是值得高兴的事，但还是要理性点。 ​                ", "author": "锋潮科技", "time": "锋潮科技2019年06月18日16:33 来自微博weibo.com", "transmit": " 转发 12", "comment": "评论 69", "zan": " 247"}, {"text": "\n                    《网友：鸿蒙不出不换手机，如果中国市场都用鸿蒙将会是怎样的光景》按照禁令规定，8月中旬安卓、微软等美企将停止向华为提供服务，预计鸿蒙系统也将会在那个时候正式面世。O网页链接 ​                ", "author": "股市风云", "time": "股市风云2019年06月18日05:57 来自iPhone8Plus", "transmit": " 转发 4", "comment": "评论 ", "zan": " 21"}]