[{"text": "\n                    【国家知识产权局：华为已注册#华为鸿蒙#商标】据国家知识产权局商标局网站显示，华为已经申请注册“华为鸿蒙”商标，并标注该商品可用于操作系统程序。当进一步搜索华为注册的商标时，还能查到“鸿鹄”、“鸿雁”、“乾坤”、“昆仑”等。网友纷纷表示：简直是注册了一整本中国神话  ​  展开全文c \n                    【国家知识产权局：华为已注册#华为鸿蒙#商标】据国家知识产权局商标局网站显示，华为已经申请注册“华为鸿蒙”商标，并标注该商品可用于操作系统程序。当进一步搜索华为注册的商标时，还能查到“鸿鹄”、“鸿雁”、“乾坤”、“昆仑”等。网友纷纷表示：简直是注册了一整本中国神话 O华为注册“鸿蒙”商标 收起全文d\n", "author": "人民日报", "time": "人民日报2019年05月24日21:27 来自微博weibo.com", "transmit": " 转发 6991", "comment": "评论 6318", "zan": " 51212"}, {"text": "\n                    【国家知识产权局：华为已经申请 #华为鸿蒙注册商标# 】5月24日，国家知识产权局商标局网站显示，华为已经申请注册“华为鸿蒙”商标，申请日期是2018年8月24日，注册公告日期是2019年5月14日，专用权限期是从2019年5月14日到2029年5月13日。近日，华为消费者业务CEO余承东确认，华为正在研发自 ​  展开全文c \n                    【国家知识产权局：华为已经申请 #华为鸿蒙注册商标# 】5月24日，国家知识产权局商标局网站显示，华为已经申请注册“华为鸿蒙”商标，申请日期是2018年8月24日，注册公告日期是2019年5月14日，专用权限期是从2019年5月14日到2029年5月13日。近日，华为消费者业务CEO余承东确认，华为正在研发自有操作系统，最快会在今年秋天、最晚明年春天面市，报道称华为自有操作系统会被命名为“鸿蒙”。O华为自研操作系统：已注册“华为鸿蒙”商标 收起全文d\n", "author": "新浪财经", "time": "新浪财经2019年05月24日10:31 来自微博weibo.com", "transmit": " 转发 693", "comment": "评论 450", "zan": " 5036"}, {"text": "\n鸿蒙一词，百度百科的解释。#华为鸿蒙系统# ​                ", "author": "澎湃新闻", "time": "澎湃新闻2019年05月24日18:12 来自微博weibo.com", "transmit": " 转发 245", "comment": "评论 581", "zan": " 1746"}, {"text": "\n                    【华为“鸿蒙”实锤！其更多商标惊呆网友：简直是一整本中国神话】5月24日消息，国家知识产权局商标局网站显示，华为已经申请注册“华为鸿蒙”商标，并标注该商品可用于操作系统程序。5月20日，路透社援引消息人士的话称，谷歌宣布中止华为更新安卓系统。而次日华为西欧业务部副总裁回应，其实 ​  展开全文c \n                    【华为“鸿蒙”实锤！其更多商标惊呆网友：简直是一整本中国神话】5月24日消息，国家知识产权局商标局网站显示，华为已经申请注册“华为鸿蒙”商标，并标注该商品可用于操作系统程序。5月20日，路透社援引消息人士的话称，谷歌宣布中止华为更新安卓系统。而次日华为西欧业务部副总裁回应，其实华为早已准备好应对方案：华为操作系统早已开始研发，并已在中国部分地区进行了测试，预计“很快”就能上市。与此同时，“鸿蒙”的名称也迅速流传网络。当记者进一步搜索华为注册的商标时，还发现“子龙”“浩天”“青鸟”“朱雀”……网友：太燃了！这是注册了一整本中国神话？O关注 | 华为“鸿蒙”实锤！其更多商标惊呆网友：简直是一整本中国神话 收起全文d\n", "author": "中国青年报", "time": "中国青年报2019年05月24日18:00 来自微博weibo.com", "transmit": " 转发 252", "comment": "评论 232", "zan": " 992"}, {"text": "\n                    【国家知识产权局：华为已注册华为鸿蒙商标】据国家知识产权局商标局网站显示，华为已经申请注册“华为鸿蒙”商标，并标注该商品可用于操作系统程序。进一步搜索华为注册的商标，还能查到“鸿鹄”、“鸿雁”、“乾坤”、“昆仑”等。网友纷纷表示：简直是注册了一整本中国神话。 O华为注册“鸿蒙”商标 ​                ", "author": "头条新闻", "time": "头条新闻2019年05月24日21:56 来自微博weibo.com", "transmit": " 转发 170", "comment": "评论 301", "zan": " 897"}, {"text": "\n                    【国家知识产权局：华为已经申请 #华为鸿蒙注册商标#    除了鸿蒙，华为还注册了一批《山海经》中的神兽...朱雀、腾蛇、白虎、灵豸、饕餮、海蓝兽、紫薇星…来感受下中国科研人的#科学修仙#的浪漫国外网友也表示：欢迎“鸿蒙”！】The name of Huawei's soon-to-be-introd ​  展开全文c \n                    【国家知识产权局：华为已经申请 #华为鸿蒙注册商标#    除了鸿蒙，华为还注册了一批《山海经》中的神兽...朱雀、腾蛇、白虎、灵豸、饕餮、海蓝兽、紫薇星…来感受下中国科研人的#科学修仙#的浪漫国外网友也表示：欢迎“鸿蒙”！】The name of Huawei's soon-to-be-introduced self-developed operating system has won applause on Chinese social media for its cultural significance. The website of the Trademark Office of National Intellectual Property Administration shows that the company has trademarked \"Hongmeng.\" Many online have pointed out the OS name's reference to ancient Chinese mythology and classical literature. The company is rolling out its own platform to replace the Android system after Google blocked its access to updates in line with the U.S. recent sanctions on the Chinese company. 收起全文d\n", "author": "CGTN", "time": "CGTN2019年05月24日22:08 来自微博weibo.com", "transmit": " 转发 78", "comment": "评论 48", "zan": " 386"}, {"text": "\n                    【#华为自研操作系统叫鸿蒙#？商标已通过国家商标局核准注册】华为自研的操作系统渐行渐近。5月23日，国家知识产权商标局网站显示，华为公司申请的“华为鸿蒙”商标已获核准注册。这被外界视为华为自研操作系统（OS）推出的前兆。目前华为官方没有做出回应。不过，华为做自研的手机操作系统一事得到华 ​  展开全文c \n                    【#华为自研操作系统叫鸿蒙#？商标已通过国家商标局核准注册】华为自研的操作系统渐行渐近。5月23日，国家知识产权商标局网站显示，华为公司申请的“华为鸿蒙”商标已获核准注册。这被外界视为华为自研操作系统（OS）推出的前兆。目前华为官方没有做出回应。不过，华为做自研的手机操作系统一事得到华为消费者CEO余承东的证实。5月21日，华为消费者业务负责人余承东表示，华为操作系统最快今年秋季、最晚明年春天将面市，将全面兼容安卓和Web应用。O华为自研操作系统名叫鸿蒙？商标已通过国家商标局核准注册 收起全文d\n", "author": "澎湃新闻", "time": "澎湃新闻2019年05月24日17:49 来自微博weibo.com", "transmit": " 转发 116", "comment": "评论 229", "zan": " 269"}, {"text": "\n                    【华为自研操作系统：已注册#华为鸿蒙# 商标】5月24日，国家知识产权局商标局网站显示，华为已申请“华为鸿蒙”商标，申请日期是2018年8月24日，注册公告日期是2019年5月14日，专用权限期是从2019年5月14日到2029年5月13日。服务涉及图形加速器， 文件管理用计算机程序，操作系统程序，计算机操作程序 ​  展开全文c \n                    【华为自研操作系统：已注册#华为鸿蒙# 商标】5月24日，国家知识产权局商标局网站显示，华为已申请“华为鸿蒙”商标，申请日期是2018年8月24日，注册公告日期是2019年5月14日，专用权限期是从2019年5月14日到2029年5月13日。服务涉及图形加速器， 文件管理用计算机程序，操作系统程序，计算机操作程序， 计算机操作软件， 计算机中央处理器等。O华为自研操作系统：已注册鸿蒙商标 @老板联播 L老板联播的秒拍视频 收起全文d\n", "author": "每日经济新闻", "time": "每日经济新闻2019年05月24日11:05 来自专业版微博", "transmit": " 转发 79", "comment": "评论 113", "zan": " 343"}, {"text": "\n                    【#你好，明天#】华为自研操作系统“鸿蒙”实锤，一时全网刷屏。鸿蒙初辟，天地始开，来自盘古的神话既道出艰辛，更难掩雄心。卡脖子的核心技术买不来，不经一番筚路蓝缕，哪来的春华秋实？“备胎”一夜转正，是因为那些年有人甘于坐上冷板凳。任凭外面风雨，唯有踏踏实实做好自己，才能闯出生路。 ​                ", "author": "人民日报", "time": "人民日报2019年05月24日23:31 来自微博weibo.com", "transmit": " 转发 4867", "comment": "评论 2846", "zan": " 33081"}, {"text": "\n#华为操作系统鸿蒙#【华为自研操作系统名叫鸿蒙？商标已通过核准注册】5月23日，国家知识产权商标局网站显示，华为公司申请的“华为鸿蒙”商标已获核准注册，该商标适用于第9类别和第42类别，商标专用权期限自2019年05月14日至2029年05月13日。这被外界视为华为自研操作系统（OS）推出的前兆。这也与此 ​  展开全文c \n#华为操作系统鸿蒙#【华为自研操作系统名叫鸿蒙？商标已通过核准注册】5月23日，国家知识产权商标局网站显示，华为公司申请的“华为鸿蒙”商标已获核准注册，该商标适用于第9类别和第42类别，商标专用权期限自2019年05月14日至2029年05月13日。这被外界视为华为自研操作系统（OS）推出的前兆。这也与此前的传闻相符，即华为操作系统命名为“鸿蒙”。目前华为官方没有做出回应。不过，华为做自研的手机操作系统一事得到华为消费者CEO余承东的证实。O华为自研操作系统名叫鸿蒙？商标已通过核准注册 收起全文d\n", "author": "新浪财经", "time": "新浪财经2019年05月24日18:33 来自微博weibo.com", "transmit": " 转发 78", "comment": "评论 147", "zan": " 456"}, {"text": "\n                    【华为自研手机系统“鸿蒙”出世 网友：#华为注册了整部山海经#】5月24日，有消息称华为自研手机操作系统或将被命名为“鸿蒙”。有网友称该系统注册商标“华为鸿蒙”已出现在中国商标网。华为旗下多款产品被命名为麒麟、鲲鹏、凌霄等。华为在4月份还注册了一堆商标，名字均出自《山海经》。 ​  展开全文c \n                    【华为自研手机系统“鸿蒙”出世 网友：#华为注册了整部山海经#】5月24日，有消息称华为自研手机操作系统或将被命名为“鸿蒙”。有网友称该系统注册商标“华为鸿蒙”已出现在中国商标网。华为旗下多款产品被命名为麒麟、鲲鹏、凌霄等。华为在4月份还注册了一堆商标，名字均出自《山海经》。L新京报我们视频的秒拍视频 收起全文d\n", "author": "新京报我们视频", "time": "新京报我们视频2019年05月24日21:18", "transmit": " 转发 40", "comment": "评论 86", "zan": " 237"}, {"text": "\n                    【#华为自研操作系统已注册鸿蒙商标# 】华为消费者业务CEO余承东确认华为正在研发自有操作系统，最快会在今年秋天、最晚明年春天面市，报道称华为自有操作系统会被命名为“鸿蒙”。国家知识产权局商标局网站显示，华为已经申请注册“华为鸿蒙”商标，申请日期2018年8月24日。O华为自研操作系统：已注册鸿蒙商标 ​                ", "author": "新浪科技", "time": "新浪科技2019年05月24日10:54 来自微博weibo.com", "transmit": " 转发 30", "comment": "评论 54", "zan": " 138"}, {"text": "\n#陈里谈#【 华为正式申请注册“华为鸿蒙”商标，并标注该商品可用于操作系统程序】今天，国家知识产权局商标局网站显示：“华为鸿蒙”申请日期是2018年8月24日，注册公告日期是2019年5月14日，专用权限期是从2019年5月14日到2029年5月13日。华为自研操作系统“鸿蒙”实锤，一时全网刷屏。鸿蒙初辟， ​  展开全文c \n#陈里谈#【 华为正式申请注册“华为鸿蒙”商标，并标注该商品可用于操作系统程序】今天，国家知识产权局商标局网站显示：“华为鸿蒙”申请日期是2018年8月24日，注册公告日期是2019年5月14日，专用权限期是从2019年5月14日到2029年5月13日。华为自研操作系统“鸿蒙”实锤，一时全网刷屏。鸿蒙初辟，天地始开，来自盘古的神话既道出艰辛，更难掩雄心。卡脖子的核心技术买不来，不经一番筚路蓝缕，哪来的春华秋实？“备胎”一夜转正，是因为那些年有人甘于坐上冷板凳。任凭外面风雨，唯有踏踏实实做好自己，才能闯出生路。 O今夜无眠！华为又扔出一个超级炸弹！美国措手不及！！ 收起全文d\n", "author": "陈里", "time": "陈里2019年05月24日23:49", "transmit": " 转发 161", "comment": "评论 145", "zan": " 198"}, {"text": "\n                    【#华为已注册华为鸿蒙商标#，原来整本山海经都被华为注册了】国家知识产权局商标局网站显示，华为已经申请注册“华为鸿蒙”商标，申请日期是2018年8月24日，注册公告日期是2019年5月14日。鸿蒙是中国传说中的一个时代，在混沌之前。后来，世人通常把“鸿蒙”比作远古时期。有些意外的是，华为 ​  展开全文c \n                    【#华为已注册华为鸿蒙商标#，原来整本山海经都被华为注册了】国家知识产权局商标局网站显示，华为已经申请注册“华为鸿蒙”商标，申请日期是2018年8月24日，注册公告日期是2019年5月14日。鸿蒙是中国传说中的一个时代，在混沌之前。后来，世人通常把“鸿蒙”比作远古时期。有些意外的是，华为的众多商标都出自《山海经》。L老板联播的秒拍视频 收起全文d\n", "author": "老板联播", "time": "老板联播2019年05月24日12:18 来自微博weibo.com", "transmit": " 转发 36", "comment": "评论 58", "zan": " 275"}, {"text": "\n                    【 #华为已注册华为鸿蒙商标# #科学修仙# 】谁说科技不浪漫？你道起名是寻常！国家知识产权局商标局网站显示，华为已经为其自主研发的系统注册“华为鸿蒙”商标，加上其手机芯片“麒麟”，服务器芯片“鲲鹏”，路由器芯片“凌霄”……网上有张流传的列表，据说华为快把整个《山海经》注册了下来，用个 ​  展开全文c \n                    【 #华为已注册华为鸿蒙商标# #科学修仙# 】谁说科技不浪漫？你道起名是寻常！国家知识产权局商标局网站显示，华为已经为其自主研发的系统注册“华为鸿蒙”商标，加上其手机芯片“麒麟”，服务器芯片“鲲鹏”，路由器芯片“凌霄”……网上有张流传的列表，据说华为快把整个《山海经》注册了下来，用个手机电脑都像是在求仙问道！把神话元素应用到现代科技的命名上，华为不是第一个，也不是最后一个。比如说航空航天领域，中国航天登月探测器名为“嫦娥”，月球车名为“玉兔”，着陆点命名为“广寒宫”，附近的三个陨击坑则被命名为“紫微”、“太微”和“天市”……（突然觉得以后到月球旅游，路线也挺熟的是怎么回事？）科技命名这件事上，中国科研人真的是发挥着自己的浪漫，赋予着厚望，也让每个了解其命名原委的人感受到传统文化与科技交织的美丽。（图 via @杉泽 @EasyNight ） 收起全文d\n", "author": "国家人文历史", "time": "国家人文历史2019年05月24日14:35 来自微博weibo.com", "transmit": " 转发 37", "comment": "评论 25", "zan": " 119"}, {"text": "\n                    【华为自研操作系统：华为已经申请 #华为鸿蒙注册商标# 】华为消费者业务CEO余承东确认华为正研发自有系统，有消息称该系统会被命名为“鸿蒙”。5月24日，国家知识产权局商标局网站显示，华为已申请“华为鸿蒙”商标，申请日期是2018年8月24日，注册公告日期是2019年5月14日，专用权限期是从20 ​  展开全文c \n                    【华为自研操作系统：华为已经申请 #华为鸿蒙注册商标# 】华为消费者业务CEO余承东确认华为正研发自有系统，有消息称该系统会被命名为“鸿蒙”。5月24日，国家知识产权局商标局网站显示，华为已申请“华为鸿蒙”商标，申请日期是2018年8月24日，注册公告日期是2019年5月14日，专用权限期是从2019年5月14日到2029年5月13日。 收起全文d\n", "author": "新财富杂志", "time": "新财富杂志2019年05月24日10:37 来自iPhone8Plus", "transmit": " 转发 48", "comment": "评论 48", "zan": " 96"}, {"text": "\n#这是美丽的祖国#国产操作系统真的要来了。5月24日，国家知识产权局商标局网站显示，华为已申请“华为鸿蒙”商标，申请日期是2018年8月24日，注册公告日期是2019年5月14日，专用权限期是从2019年5月14日到2029年5月13日。 ​                ", "author": "巍岳钦禹", "time": "巍岳钦禹2019年05月24日12:09 来自HUAWEIP30Pro", "transmit": " 转发 45", "comment": "评论 45", "zan": " 97"}, {"text": "\n                    【华为自研操作系统：已注册“华为鸿蒙”商标】国家知识产权局商标局网站显示，华为已申请“华为鸿蒙”商标，申请日期是2018年8月24日，注册公告日期是2019年5月14日，专用权限期是从2019年5月14日到2029年5月13日。#华为已注册华为鸿蒙商标#  （财经） ​                ", "author": "华尔街见闻APP", "time": "华尔街见闻APP2019年05月24日10:30 来自微博weibo.com", "transmit": " 转发 21", "comment": "评论 33", "zan": " 82"}, {"text": "\n#华为已注册华为鸿蒙商标#“华为鸿蒙”通过国家商标局注册 ​                ", "author": "数码研究所", "time": "数码研究所2019年05月24日11:29", "transmit": " 转发 39", "comment": "评论 69", "zan": " 318"}, {"text": "\n                    深谋远虑，这就是任正非的境界和格局，提前很多年布局，关键时刻才拿出！华为自研操作系统：已注册“华为鸿蒙”商标。5月24日，国家知识产权局商标局网站显示，华为已申请“华为鸿蒙”商标，申请日期是2018年8月24日，注册公告日期是2019年5月14日，专用权限期是从2019年5月14日到2029年5月13日。  ​                ", "author": "黄生看金融", "time": "黄生看金融2019年05月24日11:11", "transmit": " 转发 22", "comment": "评论 40", "zan": " 171"}, {"text": "\n#华为鸿蒙注册商标#，商标局网站显示，华为已经在2018年8月24日申请注册“华为鸿蒙”的商标，注册公告日期是2019年5月14日。这个应该就是华为正在研发的自有操作系统了，鸿蒙这个名字取的很有寓意，传说远古时代盘古在昆仑山开天辟地之前，世界是一团混沌的元气，这种自然的元气叫做鸿蒙。鸿蒙操作 ​  展开全文c \n#华为鸿蒙注册商标#，商标局网站显示，华为已经在2018年8月24日申请注册“华为鸿蒙”的商标，注册公告日期是2019年5月14日。这个应该就是华为正在研发的自有操作系统了，鸿蒙这个名字取的很有寓意，传说远古时代盘古在昆仑山开天辟地之前，世界是一团混沌的元气，这种自然的元气叫做鸿蒙。鸿蒙操作系统会不会成为国内主流，会不会因此开创一个与安卓、ios齐名的操作系统呢，我们拭目以待吧。 L钮问的秒拍视频 收起全文d\n", "author": "钮问", "time": "钮问2019年05月24日15:55 来自微博weibo.com", "transmit": " 转发 27", "comment": "评论 65", "zan": " 134"}, {"text": "\n华为自研操作系统：已注册“华为鸿蒙”商标 O华为自研操作系统：已注册“华为鸿蒙”商标 ​                ", "author": "老曾阿牛", "time": "老曾阿牛2019年05月24日11:17 来自新浪财经", "transmit": " 转发 43", "comment": "评论 33", "zan": " 211"}, {"text": "\n                    【华为操作系统被曝名为#鸿蒙#，余承东：最快今秋面世】5月21日，华为消费者业务CEO余承东透露“备胎”华为操作系统，最快将于今年秋天、最晚将于明年春天面市。目前该系统已打通手机、电脑、平板、电视、汽车、智能穿戴等产品，并兼容全部的安卓应用和Web应用。此前有PPT曝华为新系统叫“鸿蒙”。鸿蒙 ​  展开全文c \n                    【华为操作系统被曝名为#鸿蒙#，余承东：最快今秋面世】5月21日，华为消费者业务CEO余承东透露“备胎”华为操作系统，最快将于今年秋天、最晚将于明年春天面市。目前该系统已打通手机、电脑、平板、电视、汽车、智能穿戴等产品，并兼容全部的安卓应用和Web应用。此前有PPT曝华为新系统叫“鸿蒙”。鸿蒙即混沌，世界太元之初。L老板联播的秒拍视频 收起全文d\n", "author": "经济观察报", "time": "经济观察报2019年05月24日11:00 来自微博weibo.com", "transmit": " 转发 44", "comment": "评论 96", "zan": " 112"}, {"text": "\n                    【华为自研系统「鸿蒙」已通过国家商标注册】根据国家知识产权局商标局网站显示，华为技术有限公司已申请了「华为鸿蒙」商标，申请日期为 2018 年 8 月 24 日，注册公告日期为 2019 年 5 月 14 日，专用权限期是从 2019 年 5 月 14 日到 2029 年 5 月 13 日。商标适用范围以计算机软件和操作系统程序 ​  展开全文c \n                    【华为自研系统「鸿蒙」已通过国家商标注册】根据国家知识产权局商标局网站显示，华为技术有限公司已申请了「华为鸿蒙」商标，申请日期为 2018 年 8 月 24 日，注册公告日期为 2019 年 5 月 14 日，专用权限期是从 2019 年 5 月 14 日到 2029 年 5 月 13 日。商标适用范围以计算机软件和操作系统程序为主。在此之前，华为消费者业务 CEO 余承东曾确认华为正研发自有系统，而这个系统将可能被命名为「鸿蒙」。#华为已注册鸿蒙商标# #华为自研系统鸿蒙注册商标# #华为已注册华为鸿蒙商标# 收起全文d\n", "author": "爱范儿", "time": "爱范儿2019年05月24日14:25 来自微博weibo.com", "transmit": " 转发 11", "comment": "评论 42", "zan": " 91"}, {"text": "\n鸿蒙，中国神话传说的远古时代，传说盘古在昆仑山开天辟地之前，世界是一团混沌的元气，这种自然的元气叫做鸿蒙。华为这口鸿蒙源于远古时代你们觉得华为的鸿蒙OS命名高大上吗？ ​                ", "author": "搞机圈的那些事", "time": "搞机圈的那些事2019年05月24日10:13 来自OnePlus7Pro", "transmit": " 转发 9", "comment": "评论 150", "zan": " 233"}, {"text": "\n华为OS叫鸿蒙，有很大寓意。鸿蒙，中国神话传说的远古时代，传说盘古在昆仑山开天辟地之前，世界是一团混沌的元气，这种自然的元气叫做鸿蒙，因此把那个时代称作鸿蒙时代，后来此一词也常被用来泛指称远古时代。（转） ​                ", "author": "苏世山成长价值投资", "time": "苏世山成长价值投资2019年05月24日14:35 来自iPhone6", "transmit": " 转发 47", "comment": "评论 30", "zan": " 81"}, {"text": "\n#华为鸿蒙#据国家知识产权局商标局5月13日的商标公告，华为技术有限公司的商标“华为鸿蒙”核准注册。 ​                ", "author": "震长", "time": "震长2019年05月24日12:00 来自vivoX274800万三摄", "transmit": " 转发 8", "comment": "评论 34", "zan": " 109"}, {"text": "\n华为自研操作系统已完成注册名为“鸿蒙”！鸿蒙即混沌，世界太元之初，已有鸿蒙，即将盘古开天地。  在海思麒麟神兽打破西方手机芯片硬件垄断后，鸿蒙又将打破西方系统软件之垄断，是对西方建立的软件生态垄断秩序的强有力挑战和冲击，谓之开天辟地实至名归！麒麟已闪耀，鸿蒙开天地！#华为# ​                ", "author": "建华Wei业", "time": "建华Wei业2019年05月24日19:34 来自手机超话", "transmit": " 转发 24", "comment": "评论 50", "zan": " 177"}, {"text": "\n                    媒体报道#华为自研操作系统已注册鸿蒙商标#，鸿蒙这个名字有意思，开天辟地之前。中国道教文化讲：道生一，一生二，二生三，三生万物！三刚好手机、平板和电脑，乃至更多。鸿蒙是不是就是未来之道？而西方讲，上帝关闭一扇门，必然为你开启另一扇门！这是通向未来成功之门？掌声已经响起，大幕已经 ​  展开全文c \n                    媒体报道#华为自研操作系统已注册鸿蒙商标#，鸿蒙这个名字有意思，开天辟地之前。中国道教文化讲：道生一，一生二，二生三，三生万物！三刚好手机、平板和电脑，乃至更多。鸿蒙是不是就是未来之道？而西方讲，上帝关闭一扇门，必然为你开启另一扇门！这是通向未来成功之门？掌声已经响起，大幕已经开始徐徐拉开，等待历史主角上场。 收起全文d\n", "author": "HW前HR", "time": "HW前HR2019年05月24日19:15 来自HUAWEIP30Pro", "transmit": " 转发 49", "comment": "评论 116", "zan": " 215"}, {"text": "\n华为如果以后的手机都用自家的鸿蒙系统，你会支持吗？ ​                ", "author": "搞机少女", "time": "搞机少女2019年05月24日15:43", "transmit": " 转发 21", "comment": "评论 405", "zan": " 570"}]