[{"text": "\n                    【华为开发者大会开幕在即，鸿蒙系统或亮相！华为A股小伙伴谁风头最劲？】8月9日至11日，华为将在东莞松山湖举行2019华为开发者大会，华为EMUI10系统、搭载了海思鸿鹄818智慧芯片等众多黑科技的“荣耀智慧屏”等均将在本次大会上正式发布。此外，华为研发七年之久、备胎计划中杀手锏之一的鸿蒙操作系统 ​  展开全文c \n                    【华为开发者大会开幕在即，鸿蒙系统或亮相！华为A股小伙伴谁风头最劲？】8月9日至11日，华为将在东莞松山湖举行2019华为开发者大会，华为EMUI10系统、搭载了海思鸿鹄818智慧芯片等众多黑科技的“荣耀智慧屏”等均将在本次大会上正式发布。此外，华为研发七年之久、备胎计划中杀手锏之一的鸿蒙操作系统也有望在会上首次亮相。中国证券网微信公众号(ID：www_cnstock_com)，未经授权，不得转载，否则追究法律责任！O华为开发者大会开幕在即，鸿蒙系统或亮相！华为A股小伙伴谁风头最劲？ 收起全文d\n", "author": "上海证券报", "time": "上海证券报2019年08月03日20:09 来自微博weibo.com", "transmit": " 转发 12", "comment": "评论 ", "zan": " 22"}]