[{"text": "\n#全球136个国家会用华为5G#【#任正非万字采访# 曝光：谈鸿蒙系统、“少年天才”，“全球140多个国家，136个会用华为5G”】任正非6月24日接受了《金融时报》采访，任总在采访中谈到了华为的鸿蒙操作系统，华为5G在国内外市场所占的份额、谈到华为在中美贸易战所处的地位，等等。 ​  展开全文c \n#全球136个国家会用华为5G#【#任正非万字采访# 曝光：谈鸿蒙系统、“少年天才”，“全球140多个国家，136个会用华为5G”】任正非6月24日接受了《金融时报》采访，任总在采访中谈到了华为的鸿蒙操作系统，华为5G在国内外市场所占的份额、谈到华为在中美贸易战所处的地位，等等。#华为已注册华为鸿蒙商标# ##华为将从全世界招天才少年# 其中，谈5G市场：1、华为在国外已经拿到50个5G合同，已经发货15万个基站。2、大概有135、136个国家会用华为的5G系统，美国和澳大利亚不会用。3、中国移动5G核心网第一次招标的结果，爱立信加诺基亚大概是44%市场份额，华为拿到的是50%左右多一点。O任正非万字采访曝光：谈鸿蒙系统、“少年天才”，“全球140多个国家，136个会用华为5G” 收起全文d\n", "author": "每日经济新闻", "time": "每日经济新闻2019年07月05日23:19 来自专业版微博", "transmit": " 转发 87", "comment": "评论 43", "zan": " 329"}, {"text": "\n                    【任正非接受法媒专访：华为操作系统#鸿蒙将比安卓速度快60%#】对于鸿蒙系统，任正非表示，“该系统的处理延迟小于5毫秒。它将完美地适应物联网，还能够应用于自动驾驶。”任正非指出：“我们构建这个系统，为的是能够同步连接所有对象。这就是我们走向智能社会的方式。”被问到“鸿蒙操作系统是不是比 ​  展开全文c \n                    【任正非接受法媒专访：华为操作系统#鸿蒙将比安卓速度快60%#】对于鸿蒙系统，任正非表示，“该系统的处理延迟小于5毫秒。它将完美地适应物联网，还能够应用于自动驾驶。”任正非指出：“我们构建这个系统，为的是能够同步连接所有对象。这就是我们走向智能社会的方式。”被问到“鸿蒙操作系统是不是比谷歌的安卓（Android）或是苹果的Mac OS X系统更快？“这一问题时，任正非谨慎地给出答案：“很有可能”， 并给出了一份技术方面的论据，根据之前的一份报告，华为的操作系统比安卓速度快60%。O任正非接受法媒专访：鸿蒙系统将比安卓速度快60% 收起全文d\n", "author": "新浪财经", "time": "新浪财经2019年07月05日21:17 来自微博weibo.com", "transmit": " 转发 251", "comment": "评论 308", "zan": " 1479"}, {"text": "\n#每经整点播# 【每经22点丨任正非称华为操作系统鸿蒙很有可能比安卓速度快；黄金快速跌破1390美元关口；深交所：若*ST康得涉及重大违法，将第一时间启动强制退市】1、#华为鸿蒙系统比安卓速度快六成#：”被问到“鸿蒙操作系统是不是比谷歌的安卓（Android）或是苹果的Mac OS X系统更快？“这一问题时 ​  展开全文c \n#每经整点播# 【每经22点丨任正非称华为操作系统鸿蒙很有可能比安卓速度快；黄金快速跌破1390美元关口；深交所：若*ST康得涉及重大违法，将第一时间启动强制退市】1、#华为鸿蒙系统比安卓速度快六成#：”被问到“鸿蒙操作系统是不是比谷歌的安卓（Android）或是苹果的Mac OS X系统更快？“这一问题时，任正非谨慎地给出答案：“很有可能”， 并给出了一份技术方面的论据，根据之前的一份报告，华为的操作系统比安卓速度快60%。#华为操作系统很可能比安卓速度快#2、加拿大夏洛特皇后群岛地区发生5.5级地震。3、深交所：若*ST康得涉及重大违法，将第一时间启动强制退市。O每经22点丨任正非称华为操作系统鸿蒙很有可能比安卓速度快；黄金快速跌破1390美元关口；深交所：若*ST康得涉及重大违法，将第一时间启动强制退市 O每经22点丨任正非称华为操作系统鸿蒙很有可能比安卓速度快 收起全文d\n", "author": "每日经济新闻", "time": "每日经济新闻2019年07月05日22:12 来自微博weibo.com", "transmit": " 转发 10", "comment": "评论 12", "zan": " 72"}, {"text": "\n                    【任正非：华为操作系统#鸿蒙将比安卓速度快60%#】华为董事长任正非7月4日登上了法国著名新闻周刊《观点》杂志最新一期封面，在当期杂志中，《观点》发表了对其长达15页的专题报道。对于鸿蒙系统，任正非表示，“该系统的处理延迟小于5毫秒。它将完美地适应物联网，还能够应用于自动驾驶。”任正非指出 ​  展开全文c \n                    【任正非：华为操作系统#鸿蒙将比安卓速度快60%#】华为董事长任正非7月4日登上了法国著名新闻周刊《观点》杂志最新一期封面，在当期杂志中，《观点》发表了对其长达15页的专题报道。对于鸿蒙系统，任正非表示，“该系统的处理延迟小于5毫秒。它将完美地适应物联网，还能够应用于自动驾驶。”任正非指出：“我们构建这个系统，为的是能够同步连接所有对象。这就是我们走向智能社会的方式。”被问到“鸿蒙操作系统是不是比谷歌的安卓或是苹果的Mac OS X系统更快？“这一问题时，任正非谨慎地给出答案：“很有可能”， 并给出了一份技术方面的论据，根据之前的一份报告，华为的操作系统比安卓速度快60%。O任正非接受法媒专访：华为操作系统鸿蒙将比安卓速度快60％ 收起全文d\n", "author": "凤凰网财经", "time": "凤凰网财经2019年07月05日21:43", "transmit": " 转发 149", "comment": "评论 309", "zan": " 1083"}, {"text": "\n                    【任正非接受法媒专访：华为操作系统#鸿蒙将比安卓速度快60%#】北京时间7月5日消息，华为董事长任正非7月4日登上了法国著名新闻周刊《观点》杂志最新一期封面，在当期杂志中，《观点》发表了对其长达15页的专题报道。对于鸿蒙系统，任正非表示，“该系统的处理延迟小于5毫秒。它将完美地适应物联网，还 ​  展开全文c \n                    【任正非接受法媒专访：华为操作系统#鸿蒙将比安卓速度快60%#】北京时间7月5日消息，华为董事长任正非7月4日登上了法国著名新闻周刊《观点》杂志最新一期封面，在当期杂志中，《观点》发表了对其长达15页的专题报道。对于鸿蒙系统，任正非表示，“该系统的处理延迟小于5毫秒。它将完美地适应物联网，还能够应用于自动驾驶。”任正非指出：“我们构建这个系统，为的是能够同步连接所有对象。这就是我们走向智能社会的方式。”被问到“鸿蒙操作系统是不是比谷歌的安卓（Android）或是苹果的Mac OS X系统更快？“这一问题时，任正非谨慎地给出答案：“很有可能”， 并给出了一份技术方面的论据，根据之前的一份报告，华为的操作系统比安卓速度快60%。 收起全文d\n", "author": "中国企业家杂志", "time": "中国企业家杂志2019年07月05日21:31 来自iPhone客户端", "transmit": " 转发 31", "comment": "评论 33", "zan": " 148"}, {"text": "\n                    【任正非接受法媒专访：华为鸿蒙系统将比安卓速度快60%】任正非透露，华为自主研发操作系统“鸿蒙”旨在应用于多种设备，“我们正在研发的操作系统能够与印刷电路板、交换机、路由器、智能手机以及数据中心等兼容。”……详情点击：O任正非接受法媒专访：华为鸿蒙系统将比安卓速度快60% ​                ", "author": "IT之家", "time": "IT之家2019年07月05日22:56 来自IT之家", "transmit": " 转发 8", "comment": "评论 47", "zan": " 129"}, {"text": "\n                    【任正非：华为操作系统#鸿蒙将比安卓速度快60%#】华为董事长任正非7月4日登上了法国著名新闻周刊《观点》杂志最新一期封面，在当期杂志中，《观点》发表了对其长达15页的专题报道。对于鸿蒙系统，任正非表示，“该系统的处理延迟小于5毫秒。它将完美地适应物联网，还能够应用于自动驾驶。”任正非指出 ​  展开全文c \n                    【任正非：华为操作系统#鸿蒙将比安卓速度快60%#】华为董事长任正非7月4日登上了法国著名新闻周刊《观点》杂志最新一期封面，在当期杂志中，《观点》发表了对其长达15页的专题报道。对于鸿蒙系统，任正非表示，“该系统的处理延迟小于5毫秒。它将完美地适应物联网，还能够应用于自动驾驶。”任正非指出：“我们构建这个系统，为的是能够同步连接所有对象。这就是我们走向智能社会的方式。”被问到“鸿蒙操作系统是不是比谷歌的安卓（Android）或是苹果的Mac OS X系统更快？“这一问题时，任正非谨慎地给出答案：“很有可能”， 并给出了一份技术方面的论据，根据之前的一份报告，华为的操作系统比安卓速度快60%。O任正非接受法媒专访：鸿蒙系统将比安卓速度快60% 收起全文d\n", "author": "老板联播", "time": "老板联播2019年07月05日21:21", "transmit": " 转发 29", "comment": "评论 33", "zan": " 146"}, {"text": "\n                    【任正非：华为操作系统#鸿蒙将比安卓速度快60%#】华为董事长任正非7月4日登上了法国著名新闻周刊《观点》杂志最新一期封面，在当期杂志中，《观点》发表了对其长达15页的专题报道。对于鸿蒙系统，任正非表示，“该系统的处理延迟小于5毫秒。它将完美地适应物联网，还能够应用于自动驾驶。”任正非指出 ​  展开全文c \n                    【任正非：华为操作系统#鸿蒙将比安卓速度快60%#】华为董事长任正非7月4日登上了法国著名新闻周刊《观点》杂志最新一期封面，在当期杂志中，《观点》发表了对其长达15页的专题报道。对于鸿蒙系统，任正非表示，“该系统的处理延迟小于5毫秒。它将完美地适应物联网，还能够应用于自动驾驶。”任正非指出：“我们构建这个系统，为的是能够同步连接所有对象。这就是我们走向智能社会的方式。”被问到“鸿蒙操作系统是不是比谷歌的安卓（Android）或是苹果的Mac OS X系统更快？“这一问题时，任正非谨慎地给出答案：“很有可能”， 并给出了一份技术方面的论据，根据之前的一份报告，华为的操作系统比安卓速度快60%。 收起全文d\n", "author": "福布斯中文网", "time": "福布斯中文网2019年07月05日23:32 来自iPhone客户端", "transmit": " 转发 31", "comment": "评论 31", "zan": " 100"}, {"text": "\n                    任正非接受法媒专访：华为操作系统鸿蒙将比安卓速度快60% ​                ", "author": "数码疯报", "time": "数码疯报2019年07月05日22:20", "transmit": " 转发 8", "comment": "评论 59", "zan": " 113"}, {"text": "\n                    任正非正面谈华为鸿蒙系统：原非为了手机而是物联网，有信心打造全球生态 O任正非正面谈华为鸿蒙系统：原非为了手机而是物联网，有信心打造全球生态 ​                ", "author": "老杳", "time": "老杳2019年07月05日20:52 来自爱集微", "transmit": " 转发 18", "comment": "评论 7", "zan": " 39"}, {"text": "\n                    【任正非接受法媒专访：华为操作系统#鸿蒙将比安卓速度快60％#】华为董事长任正非7月4日登上了法国《观点》杂志新一期封面。任正非透露，华为自主研发的操作系统“鸿蒙”旨在应用于多种设备，处理延迟小于5毫秒，根据之前的一份报告，鸿蒙系统比安卓速度快60％。O任正非接受法媒专访：华为操作系统鸿蒙将比安卓速度快60％ ​                ", "author": "凤凰网科技", "time": "凤凰网科技2019年07月05日21:16 来自微博weibo.com", "transmit": " 转发 16", "comment": "评论 36", "zan": " 78"}, {"text": "\n                    被问到 “鸿蒙系统是不是比安卓/苹果系统更快”，任正非谨慎的回答 “很有可能” ，并给出了一份鸿蒙系统比安卓快60%的论据报告，同时任正非也承认；与安卓、苹果系统相比，华为仍然缺乏良好的应用程序生态，为此华为也在寻求突破。 话说你们看好鸿蒙系统嘛？ ​                ", "author": "极客村长", "time": "极客村长2019年07月05日21:57", "transmit": " 转发 19", "comment": "评论 182", "zan": " 332"}, {"text": "\n                    据外媒Huawei Central：华为正在邀请多国人士在新设备上测试“鸿蒙”操作系统；新设备可能是即将推出的华为Mate 30；华为或将这一操作系统与Mate 30系列一同发布。 ​                ", "author": "数码研究所", "time": "数码研究所2019年07月05日17:28", "transmit": " 转发 52", "comment": "评论 57", "zan": " 361"}, {"text": "\n                    【任正非接受法媒专访：#华为操作系统将比安卓速度快60%#】任正非透露，“鸿蒙”旨在应用于多种设备，将完美地适应物联网，还能够应用于自动驾驶，且根据一份报告，鸿蒙比安卓速度快60%。然而，任正非也承认，与苹果的操作系统或安卓相比，华为仍然缺乏良好的应用程序生态系统。O任正非接受法媒专访:华为操作系统将比安卓速度快60% ​                ", "author": "新浪科技", "time": "新浪科技2019年07月05日21:37 来自微博weibo.com", "transmit": " 转发 32", "comment": "评论 65", "zan": " 347"}, {"text": "\n                    【任正非接受法媒专访：#华为操作系统将比安卓速度快60%#】任正非透露，“鸿蒙”旨在应用于多种设备，将完美地适应物联网，还能够应用于自动驾驶，且根据一份报告，鸿蒙比安卓速度快60%。然而，任正非也承认，与苹果的操作系统或安卓相比，华为仍然缺乏良好的应用程序生态系统。 ​                ", "author": "虎嗅APP", "time": "虎嗅APP2019年07月05日21:44 来自微博weibo.com", "transmit": " 转发 9", "comment": "评论 34", "zan": " 108"}, {"text": "\n华为开发者大会2019将于2019年8月9日到11日举行不知道鸿蒙OS会不会登场呢？ ​                ", "author": "锋潮科技", "time": "锋潮科技2019年07月05日15:04 来自微博weibo.com", "transmit": " 转发 7", "comment": "评论 34", "zan": " 83"}]