[{"text": "\n                    【早财经丨任正非称华为操作系统可能比安卓速度快；科创板22日开市，首批25家公司；康得新利润\"造假\"119亿】1、任正非7月4日接受法国《观点》杂志采访时表示，华为操作系统鸿蒙“很有可能”比安卓速度快。此外，任正非6月24日接受英国《金融时报》采访时称，全球140多个国家，136个会用华为5G。 ​  展开全文c \n                    【早财经丨任正非称华为操作系统可能比安卓速度快；科创板22日开市，首批25家公司；康得新利润\"造假\"119亿】1、任正非7月4日接受法国《观点》杂志采访时表示，华为操作系统鸿蒙“很有可能”比安卓速度快。此外，任正非6月24日接受英国《金融时报》采访时称，全球140多个国家，136个会用华为5G。#华为已注册华为鸿蒙商标# 2、教育部职业教育与成人教育司负责人谢俐：每省份原则上至少有一所本科高校开设家政专业#教育部鼓励高校开设家政专业# ；3、科创板7月22日开市：首批25家企业总集资额311亿；4、国内成品油价：7月9日24时或上调；5、#成都垃圾分类没有干湿# #成都版垃圾分类草案来了# ；6、新城控股发公开信：对受害家庭深表歉意#新城控股致歉# ；7、#能杀死癌细胞的感冒病毒被发现# ；8、巴西#里约前州长承认奥运贿选#：200万美元买9张选票。【今日互动】最新发布的《2019大学毕业生租住数据报告》显示，应届大学毕业生普遍存在租房压力，六成半毕业生自己挣房租，但表示压力山大，九成希望房租低于3000元。在租房类型的选择上，超8成的应届大学毕业生会选择合租。#大学毕业生租房报告# 你每月租房的花费？A.1千元以下B.1千-2千元C.2千元以上D.已买房，每月还房贷… O早财经丨任正非称华为操作系统可能比安卓速度快 收起全文d\n", "author": "每日经济新闻", "time": "每日经济新闻2019年07月06日07:36 来自微博weibo.com", "transmit": " 转发 26", "comment": "评论 24", "zan": " 119"}, {"text": "\n                    【任正非接受法媒专访：华为操作系统鸿蒙将比安卓速度快60％】华为董事长任正非7月4日登上了法国著名新闻周刊《观点》杂志最新一期封面，在当期杂志中，《观点》发表了对其长达15页的专题报道。对于鸿蒙系统，任正非表示，“该系统的处理延迟小于5毫秒。它将完美地适应物联网，还能够应用于自动驾驶。 ​  展开全文c \n                    【任正非接受法媒专访：华为操作系统鸿蒙将比安卓速度快60％】华为董事长任正非7月4日登上了法国著名新闻周刊《观点》杂志最新一期封面，在当期杂志中，《观点》发表了对其长达15页的专题报道。对于鸿蒙系统，任正非表示，“该系统的处理延迟小于5毫秒。它将完美地适应物联网，还能够应用于自动驾驶。”任正非指出:“我们构建这个系统，为的是能够同步连接所有对象。这就是我们走向智能社会的方式。”被问到“鸿蒙操作系统是不是比谷歌的安卓(Android)或是苹果的Mac OS X系统更快?“这一问题时，任正非谨慎地给出答案:“很有可能”，并给出了一份技术方面的论据，根据之前的一份报告，华为的操作系统比安卓速度快60%。然而，任正非也承认，在与谷歌和苹果竞争方面，华为有一个很大的失误:“与苹果的操作系统或安卓相比，我们仍然缺乏良好的应用程序生态系统。”为了解决这个问题，任正非表示，华为已经在着手研发安卓和苹果应用商店的替代品，并试图吸引开发者。（澎湃新闻）O任正非接受法媒专访：华为操作系统鸿蒙将比安卓速度快60％ 收起全文d\n", "author": "环球网", "time": "环球网2019年07月06日11:58", "transmit": " 转发 84", "comment": "评论 94", "zan": " 587"}, {"text": "\n                    中美又准备重新坐到谈判桌上，特朗普对华为的态度也有所松动，在这种情况下，华为的鸿蒙系统还会再推出吗？这本来是一个不需要回答的问题，因为有人非要做一厢情愿的臆测，我们就只好说上几句。在中美关系还被媒体官方比喻为“夫妻关系”的年代，任正非已经布局自己的“备胎计划”了，其中就有被称之为 ​  展开全文c \n                    中美又准备重新坐到谈判桌上，特朗普对华为的态度也有所松动，在这种情况下，华为的鸿蒙系统还会再推出吗？这本来是一个不需要回答的问题，因为有人非要做一厢情愿的臆测，我们就只好说上几句。在中美关系还被媒体官方比喻为“夫妻关系”的年代，任正非已经布局自己的“备胎计划”了，其中就有被称之为“鸿蒙”的自主操作系统。也就是说，对于美国的“背信弃义”，任正非早有预判，在其真实面目已经暴露的今天，任正非还有自废武功的道理吗？      更重要的是，鸿蒙系统不仅仅是对安卓系统的简单替代，按照任正非在接受法国媒体采访时的表述，“我们正在研发的操作系统能够与印刷电路板、交换机、路由器、智能手机以及数据中心等兼容。”也就是说，鸿蒙是下一代互联网技术的操控系统。它“完美地适应物联网，还能够应用于自动驾驶。”任正非表示，“我们构造这个系统，为的是能够同步连接所有对象。这就是我们走向智能社会的方式。”不仅如此，“该系统的处理延迟远小于5毫秒”，这意味着，鸿蒙的运行效率远高于安卓系统。      用一般世俗的眼光很难评判华为的抱负，套用一句老话，“燕雀焉知鸿鹄之志”，当我们庸人自扰地絮叨井水的冷暖时，人家的目标却是星辰大海。 收起全文d\n", "author": "陶永谊", "time": "陶永谊2019年07月06日10:22 来自HUAWEIP30Pro", "transmit": " 转发 192", "comment": "评论 213", "zan": " 575"}, {"text": "\n                    任正非首次回应鸿蒙系统，老人家穿的赤茶橘西装，很时尚有没有#华为鸿蒙# 1. 首先，鸿蒙系统的产生，本身并不是为了手机用，而是为了做物联网来用的，比如自动驾驶、工业自动化，因为它能够精确控制时延在五毫秒以下，甚至达到毫秒级到亚毫秒级。2. 第二，我们希望继续使用全球公用开放的手机 ​  展开全文c \n                    任正非首次回应鸿蒙系统，老人家穿的赤茶橘西装，很时尚有没有#华为鸿蒙# 1. 首先，鸿蒙系统的产生，本身并不是为了手机用，而是为了做物联网来用的，比如自动驾驶、工业自动化，因为它能够精确控制时延在五毫秒以下，甚至达到毫秒级到亚毫秒级。2. 第二，我们希望继续使用全球公用开放的手机操作系统和生态，但是如果美国限制我们使用，我们也会发展自己的操作系统。操作系统最关键的是建立生态，重新建立良好的生态需要两、三年左右的时间。我们有信心依托中国、面向全球打造生态。一是中国市场就有庞大的应用，相比所有互联网软件，我们的系统时延非常短，如果有的人认为在这个短时延的系统上应用得很好，就会迁一部分业务到华为来；二是，中国大量做内容的服务商渴望走向海外，但是走不出去，它们搭载在我们的系统上就可以走出去。O任总接受《金融时报》采访纪要 收起全文d\n", "author": "菊厂搞机", "time": "菊厂搞机2019年07月06日12:12 来自HUAWEIP30Pro", "transmit": " 转发 16", "comment": "评论 24", "zan": " 204"}, {"text": "\n                    危机更是转机任正非谈鸿蒙：华为鸿蒙将比安卓快60%，对于鸿蒙系统，任正非表示，“该系统的处理延迟小于5毫秒。它将完美地适应物联网，还能够应用于自动驾驶。”任正非指出：“我们构建这个系统，为的是能够同步连接所有对象。这就是我们走向智能社会的方式。” ​                ", "author": "阿某大叔", "time": "阿某大叔2019年07月06日09:39 来自自律者自由Android", "transmit": " 转发 102", "comment": "评论 366", "zan": " 550"}, {"text": "\n                    【任正非：华为操作系统#鸿蒙将比安卓速度快60%#】华为董事长任正非7月4日登上了法国著名新闻周刊《观点》杂志最新一期封面，在当期杂志中，《观点》发表了对其长达15页的专题报道。对于鸿蒙系统，任正非表示，“该系统的处理延迟小于5毫秒。它将完美地适应物联网，还能够应用于自动驾驶。”任正非指出 ​  展开全文c \n                    【任正非：华为操作系统#鸿蒙将比安卓速度快60%#】华为董事长任正非7月4日登上了法国著名新闻周刊《观点》杂志最新一期封面，在当期杂志中，《观点》发表了对其长达15页的专题报道。对于鸿蒙系统，任正非表示，“该系统的处理延迟小于5毫秒。它将完美地适应物联网，还能够应用于自动驾驶。”任正非指出：“我们构建这个系统，为的是能够同步连接所有对象。这就是我们走向智能社会的方式。”被问到“鸿蒙操作系统是不是比谷歌的安卓或是苹果的Mac OS X系统更快？“这一问题时，任正非谨慎地给出答案：“很有可能”， 并给出了一份技术方面的论据，根据之前的一份报告，华为的操作系统比安卓速度快60%。（澎湃新闻）O任正非接受法媒专访：华为操作系统鸿蒙将比安卓速度快60％ 收起全文d\n", "author": "全景网", "time": "全景网2019年07月06日10:35", "transmit": " 转发 295", "comment": "评论 286", "zan": " 876"}, {"text": "\n华为创始人任正非接受外媒《金融时报》采访中，任正非提及了有关华为鸿蒙系统的问题，表示鸿蒙系统的产生，本身并不是为了手机用，而是为了做物联网来用的，比如自动驾驶、工业自动化，因为它能够精确控制时延在五毫秒以下，甚至达到毫秒级到亚毫秒级。鸿蒙建立良好生态则需两三年时间。 ​                ", "author": "月光博客", "time": "月光博客2019年07月06日23:00 来自微博weibo.com", "transmit": " 转发 12", "comment": "评论 23", "zan": " 121"}, {"text": "\n                    【任正非：华为鸿蒙操作系统比安卓苹果更快！】7月4日，法国著名杂志《观点》刊发了对华为老总任正非的重磅专访，篇幅多达15页！ 任正非彻底证实——华为正在研发鸿蒙操作系统，完美适用于物联网。他说，鸿蒙系统比安卓快60%，可能比苹果的Mac系统还要更快！一起期待吧。 ​                ", "author": "速报哥", "time": "速报哥2019年07月06日06:57", "transmit": " 转发 26", "comment": "评论 49", "zan": " 197"}, {"text": "\n                    任正非接受法国新闻周刊《观点》专访时表示：华为鸿蒙系统比安卓速度快60%；但与苹果的操作系统或安卓相比，我们仍然缺乏良好的应用程序生态系统 ​                ", "author": "数码研究所", "time": "数码研究所2019年07月06日09:00", "transmit": " 转发 51", "comment": "评论 73", "zan": " 423"}, {"text": "\n                    【任正非：今年挖来的\"天才少年\"薪酬比谷歌还高！鸿蒙系统\"很快\"能上市】7月5日，华为心声社区公布了一篇任正非6月24日接受英国媒体《金融时报》采访时的纪要。在采访中，任正非谈及华为手机、鸿蒙操作系统、5G市场以及中美贸易关系等备受瞩目的核心问题。此外在6月27日，任正非还接受了加拿大《环球邮 ​  展开全文c \n                    【任正非：今年挖来的\"天才少年\"薪酬比谷歌还高！鸿蒙系统\"很快\"能上市】7月5日，华为心声社区公布了一篇任正非6月24日接受英国媒体《金融时报》采访时的纪要。在采访中，任正非谈及华为手机、鸿蒙操作系统、5G市场以及中美贸易关系等备受瞩目的核心问题。此外在6月27日，任正非还接受了加拿大《环球邮报》的采访，谈及华为业务、美国禁令、孟晚舟事件等。O任正非：今年挖来的“天才少年”薪酬比谷歌还高！鸿蒙系统“很快”能上市 收起全文d\n", "author": "东方财富网", "time": "东方财富网2019年07月06日12:04 来自微博weibo.com", "transmit": " 转发 40", "comment": "评论 14", "zan": " 95"}, {"text": "\n                    【任正非：华为操作系统#鸿蒙将比安卓速度快60%#】华为董事长任正非7月4日登上了法国著名新闻周刊《观点》杂志最新一期封面，在当期杂志中，《观点》发表了对其长达15页的专题报道。对于鸿蒙系统，任正非表示，“该系统的处理延迟小于5毫秒。它将完美地适应物联网，还能够应用于自动驾驶。”任正非指出 ​  展开全文c \n                    【任正非：华为操作系统#鸿蒙将比安卓速度快60%#】华为董事长任正非7月4日登上了法国著名新闻周刊《观点》杂志最新一期封面，在当期杂志中，《观点》发表了对其长达15页的专题报道。对于鸿蒙系统，任正非表示，“该系统的处理延迟小于5毫秒。它将完美地适应物联网，还能够应用于自动驾驶。”任正非指出：“我们构建这个系统，为的是能够同步连接所有对象。这就是我们走向智能社会的方式。”被问到“鸿蒙操作系统是不是比谷歌的安卓（Android）或是苹果的Mac OS X系统更快？“这一问题时，任正非谨慎地给出答案：“很有可能”， 并给出了一份技术方面的论据，根据之前的一份报告，华为的操作系统比安卓速度快60%。 收起全文d\n", "author": "香港商報網", "time": "香港商報網2019年07月06日01:25 来自微博weibo.com", "transmit": " 转发 38", "comment": "评论 41", "zan": " 205"}, {"text": "\n                    【任正非：今年挖来的\"天才少年\"薪酬比谷歌还高！鸿蒙系统\"很快\"能上市】7月5日，华为心声社区公布了一篇任正非6月24日接受英国媒体《金融时报》采访时的纪要。在采访中，任正非谈及华为手机、鸿蒙操作系统、5G市场以及中美贸易关系等备受瞩目的核心问题。此外在6月27日，任正非还接受了加拿大《环球邮 ​  展开全文c \n                    【任正非：今年挖来的\"天才少年\"薪酬比谷歌还高！鸿蒙系统\"很快\"能上市】7月5日，华为心声社区公布了一篇任正非6月24日接受英国媒体《金融时报》采访时的纪要。在采访中，任正非谈及华为手机、鸿蒙操作系统、5G市场以及中美贸易关系等备受瞩目的核心问题。此外在6月27日，任正非还接受了加拿大《环球邮报》的采访，谈及华为业务、美国禁令、孟晚舟事件等。O任正非：今年挖来的“天才少年”薪酬比谷歌还高！鸿蒙系统“很快”能上市 收起全文d\n", "author": "东方财富网", "time": "东方财富网2019年07月06日12:03 来自微博weibo.com", "transmit": " 转发 14", "comment": "评论 22", "zan": " 124"}, {"text": "\n                    【任正非：今年挖来的\"天才少年\"薪酬比谷歌还高！鸿蒙系统\"很快\"能上市】7月5日，华为心声社区公布了一篇任正非6月24日接受英国媒体《金融时报》采访时的纪要。在采访中，任正非谈及华为手机、鸿蒙操作系统、5G市场以及中美贸易关系等备受瞩目的核心问题。此外在6月27日，任正非还接受了加拿大《环球邮 ​  展开全文c \n                    【任正非：今年挖来的\"天才少年\"薪酬比谷歌还高！鸿蒙系统\"很快\"能上市】7月5日，华为心声社区公布了一篇任正非6月24日接受英国媒体《金融时报》采访时的纪要。在采访中，任正非谈及华为手机、鸿蒙操作系统、5G市场以及中美贸易关系等备受瞩目的核心问题。此外在6月27日，任正非还接受了加拿大《环球邮报》的采访，谈及华为业务、美国禁令、孟晚舟事件等。O任正非：今年挖来的“天才少年”薪酬比谷歌还高！鸿蒙系统“很快”能上市 收起全文d\n", "author": "东方财富网", "time": "东方财富网2019年07月06日13:40 来自微博weibo.com", "transmit": " 转发 16", "comment": "评论 13", "zan": " 31"}, {"text": "\n                    任正非：鸿蒙本身并不为手机产生，华为希望继续用安卓。 ​                ", "author": "包纸玩机", "time": "包纸玩机2019年07月06日18:42", "transmit": " 转发 219", "comment": "评论 306", "zan": " 2353"}, {"text": "\n                    任正非：华为鸿蒙比安卓快60%，有点迫不及待想尝试一下了。 ​                ", "author": "2gua", "time": "2gua2019年07月06日15:42 来自小米MIX3滑盖全面屏", "transmit": " 转发 24", "comment": "评论 20", "zan": " 44"}, {"text": "\n                    任正非：鸿蒙本身并不为手机产生，华为愿意继续使用安卓。在这次采访中，任正非披露了关于“鸿蒙”操作系统的一些细节。他表示，鸿蒙的产生，本身并不是为了手机用，而是为了物联网。“比如自动驾驶、工业自动化，因为它能够精确控制时延在五毫秒以下，甚至达到毫秒级到亚毫秒级。”任正非表示，华为 ​  展开全文c \n                    任正非：鸿蒙本身并不为手机产生，华为愿意继续使用安卓。在这次采访中，任正非披露了关于“鸿蒙”操作系统的一些细节。他表示，鸿蒙的产生，本身并不是为了手机用，而是为了物联网。“比如自动驾驶、工业自动化，因为它能够精确控制时延在五毫秒以下，甚至达到毫秒级到亚毫秒级。”任正非表示，华为希望继续使用全球公用开放的手机操作系统和生态，但是如果美国限制使用，华为也会发展自己的操作系统。他认为，操作系统最关键的是建立生态，重新建立良好的生态需要两三年左右的时间。“我们有信心依托中国、面向全球打造生态。”任正非表示，中国市场有庞大的应用，相比所有互联网软件，鸿蒙的系统时延非常短，其次是中国有大量做内容的服务商渴望走向海外但是走不出去，它们搭载在鸿蒙上就可以实现出海。此前华为消费者业务CEO余承东。表示，华为正在研发自有操作系统，最快会在今年秋天、最晚明年春天面市。天风国际分析师郭明錤早前在研报中分析称，华为可能在今年10月开始出货搭载鸿蒙系统的手机，预期鸿蒙手机初期无法满足非中国市场中高端用户的应用需求，因此将会定位在低端市场。 收起全文d\n", "author": "谢逸枫-知名房地产专家", "time": "谢逸枫-知名房地产专家2019年07月06日19:26 来自HUAWEIMate20X", "transmit": " 转发 28", "comment": "评论 89", "zan": " 334"}, {"text": "\n                    【任正非：挖来的天才给的薪酬比谷歌还高， 鸿蒙系统很快上市】任正非表示，欢迎大家到华为来，但入职华为也是有门槛的。华为大学有一个考试系统，有大量的考试题目，首先要通过考试，才有面试机会。比如，你在世界计算机竞赛拿了金牌，工资可能是通常入职水平的5倍、6倍。每年世界上产生40个金牌获得 ​  展开全文c \n                    【任正非：挖来的天才给的薪酬比谷歌还高， 鸿蒙系统很快上市】任正非表示，欢迎大家到华为来，但入职华为也是有门槛的。华为大学有一个考试系统，有大量的考试题目，首先要通过考试，才有面试机会。比如，你在世界计算机竞赛拿了金牌，工资可能是通常入职水平的5倍、6倍。每年世界上产生40个金牌获得者，我们今年挖了一批进来，薪酬定得比谷歌还高。今年进了一些少年天才，明年会有更多的少年天才涌向我们。L老板联播的秒拍视频 收起全文d\n", "author": "ZEALER中国", "time": "ZEALER中国2019年07月06日19:03 来自微博weibo.com", "transmit": " 转发 95", "comment": "评论 270", "zan": " 1358"}, {"text": "\n                    【任正非：挖来“天才少年”薪酬比谷歌还高 鸿蒙系统很快上市】任正非表示，欢迎大家来华为，但入职有门槛，首先要通过考试才有面试机会。比如，在世界计算机竞赛拿了金牌，工资可能是通常入职水平的5-6倍。每年世界上产生40个金牌获得者，今年华为挖了一批，薪酬定得比谷歌还高。O任正非：挖来天才薪酬比谷歌还高 鸿蒙系统很快上市 ​                ", "author": "新浪科技", "time": "新浪科技2019年07月06日12:11 来自微博weibo.com", "transmit": " 转发 81", "comment": "评论 57", "zan": " 215"}, {"text": "\n                    【任正非：挖来的天才给的薪酬比谷歌还高， 鸿蒙系统很快上市】任正非表示，欢迎大家到华为来，但入职华为也是有门槛的。华为大学有一个考试系统，有大量的考试题目，首先要通过考试，才有面试机会。比如，你在世界计算机竞赛拿了金牌，工资可能是通常入职水平的5倍、6倍。每年世界上产生40个金牌获得 ​  展开全文c \n                    【任正非：挖来的天才给的薪酬比谷歌还高， 鸿蒙系统很快上市】任正非表示，欢迎大家到华为来，但入职华为也是有门槛的。华为大学有一个考试系统，有大量的考试题目，首先要通过考试，才有面试机会。比如，你在世界计算机竞赛拿了金牌，工资可能是通常入职水平的5倍、6倍。每年世界上产生40个金牌获得者，我们今年挖了一批进来，薪酬定得比谷歌还高。今年进了一些少年天才，明年会有更多的少年天才涌向我们。L老板联播的秒拍视频 收起全文d\n", "author": "电商报", "time": "电商报2019年07月06日18:29 来自微博weibo.com", "transmit": " 转发 112", "comment": "评论 56", "zan": " 240"}, {"text": "\n                    【任正非：“鸿蒙”速度很有可能比安卓快】7月4日，华为创始人任正非接受法国《观点》杂志（Le Point）采访，任正非称，“鸿蒙”操作系统速度“很有可能”比安卓或Mac OS X快，处理延迟小于5毫秒，但也承认“鸿蒙”缺乏良好的应用程序生态体系。（观察者网）O网页链接 ​                ", "author": "环球时报", "time": "环球时报2019年07月06日11:50 来自微博weibo.com", "transmit": " 转发 125", "comment": "评论 270", "zan": " 1608"}, {"text": "\n                    任正非：鸿蒙本身并不为手机产生，华为愿意继续使用安卓。（新京报） ​                ", "author": "路诞先生", "time": "路诞先生2019年07月06日17:36 来自RedmiK20Pro真旗舰", "transmit": " 转发 18", "comment": "评论 130", "zan": " 515"}, {"text": "\n                    【任正非：挖来的天才给的薪酬比谷歌还高， 鸿蒙系统很快上市】任正非表示，欢迎大家到华为来，但入职华为也是有门槛的。华为大学有一个考试系统，有大量的考试题目，首先要通过考试，才有面试机会。比如，你在世界计算机竞赛拿了金牌，工资可能是通常入职水平的5倍、6倍。每年世界上产生40个金牌获得 ​  展开全文c \n                    【任正非：挖来的天才给的薪酬比谷歌还高， 鸿蒙系统很快上市】任正非表示，欢迎大家到华为来，但入职华为也是有门槛的。华为大学有一个考试系统，有大量的考试题目，首先要通过考试，才有面试机会。比如，你在世界计算机竞赛拿了金牌，工资可能是通常入职水平的5倍、6倍。每年世界上产生40个金牌获得者，我们今年挖了一批进来，薪酬定得比谷歌还高。今年进了一些少年天才，明年会有更多的少年天才涌向我们。O网页链接 L老板联播的秒拍视频 收起全文d\n", "author": "老板联播", "time": "老板联播2019年07月06日13:59 来自微博weibo.com", "transmit": " 转发 30", "comment": "评论 23", "zan": " 135"}, {"text": "\n                    任正非在谈到鸿蒙系统的时候，说了三点，第一，鸿蒙系统比安卓系统要快60%，“有可能”比iOS更流畅。第二，华为还是希望留在安卓大生态里面，鸿蒙系统不是为手机准备的，是面向未来的物联网全能系统。第三，操作系统需要生态，鸿蒙系统需要用两三年的时间建立生态，但是，他承认了之前华为因为缺乏远见 ​  展开全文c \n                    任正非在谈到鸿蒙系统的时候，说了三点，第一，鸿蒙系统比安卓系统要快60%，“有可能”比iOS更流畅。第二，华为还是希望留在安卓大生态里面，鸿蒙系统不是为手机准备的，是面向未来的物联网全能系统。第三，操作系统需要生态，鸿蒙系统需要用两三年的时间建立生态，但是，他承认了之前华为因为缺乏远见没有平台来做鸿蒙的“特区”的事情，就被忽略了。。永远不要神话华为，不要神话老头，这是做事情，想问题的基本前提。。 收起全文d\n", "author": "钢的王十二", "time": "钢的王十二2019年07月06日12:16 来自热心吃瓜群众", "transmit": " 转发 5", "comment": "评论 27", "zan": " 111"}, {"text": "\n                    【任正非：挖来的天才给的薪酬比谷歌还高， 鸿蒙系统很快上市】任正非表示，欢迎大家到华为来，但入职华为也是有门槛的。华为大学有一个考试系统，有大量的考试题目，首先要通过考试，才有面试机会。比如，你在世界计算机竞赛拿了金牌，工资可能是通常入职水平的5倍、6倍。每年世界上产生40个金牌获得 ​  展开全文c \n                    【任正非：挖来的天才给的薪酬比谷歌还高， 鸿蒙系统很快上市】任正非表示，欢迎大家到华为来，但入职华为也是有门槛的。华为大学有一个考试系统，有大量的考试题目，首先要通过考试，才有面试机会。比如，你在世界计算机竞赛拿了金牌，工资可能是通常入职水平的5倍、6倍。每年世界上产生40个金牌获得者，我们今年挖了一批进来，薪酬定得比谷歌还高。今年进了一些少年天才，明年会有更多的少年天才涌向我们。L老板联播的秒拍视频 收起全文d\n", "author": "中国经济网", "time": "中国经济网2019年07月06日17:00 来自微博weibo.com", "transmit": " 转发 13", "comment": "评论 14", "zan": " 65"}, {"text": "\n                    【任正非：挖来的天才给的薪酬比谷歌还高， 鸿蒙系统很快上市】任正非表示，欢迎大家到华为来，但入职华为也是有门槛的。华为大学有一个考试系统，有大量的考试题目，首先要通过考试，才有面试机会。比如，你在世界计算机竞赛拿了金牌，工资可能是通常入职水平的5倍、6倍。每年世界上产生40个金牌获得 ​  展开全文c \n                    【任正非：挖来的天才给的薪酬比谷歌还高， 鸿蒙系统很快上市】任正非表示，欢迎大家到华为来，但入职华为也是有门槛的。华为大学有一个考试系统，有大量的考试题目，首先要通过考试，才有面试机会。比如，你在世界计算机竞赛拿了金牌，工资可能是通常入职水平的5倍、6倍。每年世界上产生40个金牌获得者，我们今年挖了一批进来，薪酬定得比谷歌还高。今年进了一些少年天才，明年会有更多的少年天才涌向我们。#华为# #任正非# L老板联播的秒拍视频 收起全文d\n", "author": "福布斯中文网", "time": "福布斯中文网2019年07月06日16:07 来自iPhone客户端", "transmit": " 转发 17", "comment": "评论 7", "zan": " 37"}, {"text": "\n                    【任正非：挖来的天才给的薪酬比谷歌还高， 鸿蒙系统很快上市】任正非表示，欢迎大家到华为来，但入职华为也是有门槛的。华为大学有一个考试系统，有大量的考试题目，首先要通过考试，才有面试机会。比如，你在世界计算机竞赛拿了金牌，工资可能是通常入职水平的5倍、6倍。每年世界上产生40个金牌获得 ​  展开全文c \n                    【任正非：挖来的天才给的薪酬比谷歌还高， 鸿蒙系统很快上市】任正非表示，欢迎大家到华为来，但入职华为也是有门槛的。华为大学有一个考试系统，有大量的考试题目，首先要通过考试，才有面试机会。比如，你在世界计算机竞赛拿了金牌，工资可能是通常入职水平的5倍、6倍。每年世界上产生40个金牌获得者，我们今年挖了一批进来，薪酬定得比谷歌还高。今年进了一些少年天才，明年会有更多的少年天才涌向我们。L老板联播的秒拍视频 收起全文d\n", "author": "全景网", "time": "全景网2019年07月06日17:06", "transmit": " 转发 23", "comment": "评论 10", "zan": " 45"}, {"text": "\n                    【任正非：“鸿蒙”速度很有可能比安卓快】7月4日，华为创始人任正非接受法国《观点》杂志（Le Point）采访，任正非称，“鸿蒙”操作系统速度“很有可能”比安卓或Mac OS X快，处理延迟小于5毫秒，但也承认“鸿蒙”缺乏良好的应用程序生态体系。O网页链接 ​                ", "author": "观察者网", "time": "观察者网2019年07月06日10:33 来自微博weibo.com", "transmit": " 转发 91", "comment": "评论 228", "zan": " 1571"}, {"text": "\n                    任正非亲自披露鸿蒙系统：本身并不是为手机用的，而是物联网华为总裁任正非最近在接受《金融时报》主编金奇的采访时，透了很多关于鸿蒙系统的新内容：首先任正非表示，起初鸿蒙系统并非是为了手机而来，主要是为了做物联网用的，比如说自动驾驶、工业互联网等等。鸿蒙系统最大的特点是时延特别低， ​  展开全文c \n                    任正非亲自披露鸿蒙系统：本身并不是为手机用的，而是物联网华为总裁任正非最近在接受《金融时报》主编金奇的采访时，透了很多关于鸿蒙系统的新内容：首先任正非表示，起初鸿蒙系统并非是为了手机而来，主要是为了做物联网用的，比如说自动驾驶、工业互联网等等。鸿蒙系统最大的特点是时延特别低，能控制在5毫秒以下，甚至达到毫秒级到亚毫秒级。任正非还提到，鸿蒙系统目前最关键的还是需要建立生态，他认为鸿蒙系统要想建立起良好的生态，需要两、三年的时间。在建立生态上，鸿蒙系统有两个优势：一个就是系统的低延时，也就是在物联网领域有更广泛的应用，一个就是华为可以帮国内第三方的内容服务商走向海外市场。 收起全文d\n", "author": "科工龙威", "time": "科工龙威2019年07月06日08:45 来自HUAWEIP10Plus", "transmit": " 转发 55", "comment": "评论 19", "zan": " 101"}, {"text": "\n                    【任正非：今年挖来的\"天才少年\"薪酬比谷歌还高！鸿蒙系统\"很快\"能上市】在中美贸易关系中被特朗普“特别关照”的华为，正在越来越多被全球媒体聚焦。O任正非：今年挖来的\"天才少年\"薪酬比谷歌还高！鸿蒙系统\"很快\"能上市 ​                ", "author": "凤凰网科技", "time": "凤凰网科技2019年07月06日13:35 来自专业版微博", "transmit": " 转发 36", "comment": "评论 54", "zan": " 232"}]