[{"text": "\n                    【来了！华为进军电视 鸿蒙成最大亮点？就问小米怕不怕】7月15日，华为表示正式进军电视机领域。荣耀总裁赵明在新品类沟通会上宣布，将在8月上旬发布荣耀“智慧屏”，这也意味着华为正式进军电视领域。目前，尚未公布具体的参数，也没有公布价格段，甚至连和产品信息相关的内容都没有透露，赵明只是用P ​  展开全文c \n                    【来了！华为进军电视 鸿蒙成最大亮点？就问小米怕不怕】7月15日，华为表示正式进军电视机领域。荣耀总裁赵明在新品类沟通会上宣布，将在8月上旬发布荣耀“智慧屏”，这也意味着华为正式进军电视领域。目前，尚未公布具体的参数，也没有公布价格段，甚至连和产品信息相关的内容都没有透露，赵明只是用PPT描述了“智慧屏”的功能。O网页链接 收起全文d\n", "author": "新浪证券", "time": "新浪证券2019年07月17日12:00 来自微博weibo.com", "transmit": " 转发 11", "comment": "评论 16", "zan": " 29"}, {"text": "\n                    看到群里发这个图，差点没吓死我 ……华为用户，没准你已经用上鸿蒙了 ​                ", "author": "小白测评", "time": "小白测评2019年07月17日01:51", "transmit": " 转发 13", "comment": "评论 269", "zan": " 1196"}, {"text": "\n                    【来了！华为进军电视 鸿蒙成最大亮点？就问小米怕不怕】7月15日，华为表示正式进军电视机领域。然而横在华为面前的至少有三大挑战，而产品的最大亮点来自于可能搭载鸿蒙系统。华为电视能否复刻华为手机，成功逆风翻盘？O来了！华为进军电视 鸿蒙成最大亮点？就问小米怕不怕 ​                ", "author": "东方财富网", "time": "东方财富网2019年07月17日09:50 来自微博weibo.com", "transmit": " 转发 6", "comment": "评论 11", "zan": " 26"}, {"text": "\n                    《华为再有新动作 为鸿蒙申请新名曝光》中国电讯巨头华为近期已向欧盟知识产权局提交商标申请，申请对象为华为移动和电脑操作系统鸿蒙OS，申请商标为“… （分享自 @凯迪网络）点击链接查看详情 分享链接 O网页链接 ​                ", "author": "何新老家伙", "time": "何新老家伙2019年07月17日18:17 来自凯迪社区客户端", "transmit": " 转发 6", "comment": "评论 ", "zan": " 29"}]