[{"text": "\n                    【北工商陈文军：华为的鸿蒙OS是对安卓、苹果IOS的超越】北京工商大学商学院教授陈文军对《证券日报》记者表示，华为的鸿蒙OS是对安卓、苹果IOS的超越。鸿蒙OS绝不是对安卓、苹果操作系统的简单替代，它是建立的物联网-智联网构架基础上的，它不仅仅适用于手机为基础的移动网络，而且适用于各种智能终 ​  展开全文c \n                    【北工商陈文军：华为的鸿蒙OS是对安卓、苹果IOS的超越】北京工商大学商学院教授陈文军对《证券日报》记者表示，华为的鸿蒙OS是对安卓、苹果IOS的超越。鸿蒙OS绝不是对安卓、苹果操作系统的简单替代，它是建立的物联网-智联网构架基础上的，它不仅仅适用于手机为基础的移动网络，而且适用于各种智能终端，目前，这种基于新一代智联网构架的操作系统，除了华为鸿蒙OS，只有谷歌的Fuschia。公开信息显示，华为公布的物联网解决方案中包含了HiLink开放平台+LiteOS系统+IoT芯片等三个层次。（证券日报）#华为鸿蒙系统亮相# O鸿蒙开启万物互联“大时代” 收起全文d\n", "author": "全景网", "time": "全景网2019年08月21日11:20 来自专业版微博", "transmit": " 转发 56", "comment": "评论 23", "zan": " 68"}, {"text": "\n                    有关微内核 OS 史上最透彻一篇（写于华为鸿蒙发布一周之际） O网页链接 by Dog250 分享自 @涯之叶 开通的独家号《2048》 O网页链接 （想看更多？下载 @开发者头条 App：O网页链接 ） ​                ", "author": "开发者头条", "time": "开发者头条2019年08月21日11:15 来自微博weibo.com", "transmit": " 转发 7", "comment": "评论 2", "zan": " 2"}, {"text": "\n                    【华为成A股涨停神器 多家上市公司披露与华为合作】从5G技术站上国际顶峰，到鸿蒙操作系统开启万物互联。华为成为全球领先的中国民族品牌，也成为A股“涨停神器”，与华为相关的一举一动都影响着A股上市公司的股价走势。如果说签署战略合作协议，那至少还是白纸黑字，那互动易上“喊一嗓子”股价也能涨 ​  展开全文c \n                    【华为成A股涨停神器 多家上市公司披露与华为合作】从5G技术站上国际顶峰，到鸿蒙操作系统开启万物互联。华为成为全球领先的中国民族品牌，也成为A股“涨停神器”，与华为相关的一举一动都影响着A股上市公司的股价走势。如果说签署战略合作协议，那至少还是白纸黑字，那互动易上“喊一嗓子”股价也能涨停，就更能说明华为是A股涨停“风向标”了。记者不完全统计，今年以来，已有超过60家公司在互动易披露了和华为的各种各样“合作”。O网页链接 收起全文d\n", "author": "爱股票APP", "time": "爱股票APP2019年08月21日22:57 来自360安全浏览器", "transmit": " 转发 41", "comment": "评论 2", "zan": " 12"}, {"text": "\n                    作为全球第一款搭载华为鸿蒙操作系统的智能终端，荣耀智慧屏的上市受到了行业和消费者极大关注。对于很多用户来说，也很关心：荣耀智慧屏上所采用的传说中的鸿蒙系统到底是什么？它相比其他系统有什么区别呢？  O荣耀智慧屏成热点 首发的鸿蒙系统究竟有何特色？ ​                ", "author": "快科技2018", "time": "快科技20182019年08月21日14:10 来自微博weibo.com", "transmit": " 转发 7", "comment": "评论 7", "zan": " 17"}]