[{"text": "\n                    【法媒：鸿蒙有望成为安卓终结者 甚至可能改变硅谷】法新社：凭借其新移动操作系统鸿蒙操作系统，中国电信巨头华为开启了一条与美国技术战的新战线，在一个很特殊、但利润极为丰厚的市场上与安卓系统正面竞争。在一个拥有8亿多智能手机用户的国度里，华为拥有一切王牌来安心地提高其鸿蒙操作系统的实力 ​  展开全文c \n                    【法媒：鸿蒙有望成为安卓终结者 甚至可能改变硅谷】法新社：凭借其新移动操作系统鸿蒙操作系统，中国电信巨头华为开启了一条与美国技术战的新战线，在一个很特殊、但利润极为丰厚的市场上与安卓系统正面竞争。在一个拥有8亿多智能手机用户的国度里，华为拥有一切王牌来安心地提高其鸿蒙操作系统的实力。 via参考消息 O法媒：鸿蒙有望成为安卓终结者 甚至可能改变硅谷 收起全文d\n", "author": "环球杂志", "time": "环球杂志2019年08月17日08:00 来自政务直通车", "transmit": " 转发 10", "comment": "评论 14", "zan": " 55"}, {"text": "\n                    ●极力推荐｜华为总裁任正非最新战略讲话——最好的防御就是进攻！这是任总极具战略思想的一篇讲话。今天华为之所以能取得5G、鸿蒙等技术成就，之所以能抗住美国“实体清单”的碾压，都与当年任总战略眼光和战略布局有关。任总讲到，不要守成，要敢于打破既有的优势，形成新的优势。在技术上，美国 ​  展开全文c \n                    ●极力推荐｜华为总裁任正非最新战略讲话——最好的防御就是进攻！这是任总极具战略思想的一篇讲话。今天华为之所以能取得5G、鸿蒙等技术成就，之所以能抗住美国“实体清单”的碾压，都与当年任总战略眼光和战略布局有关。任总讲到，不要守成，要敢于打破既有的优势，形成新的优势。在技术上，美国不会甘于失败，要敢于投入，用最先进的工具做最先进的产品，继续抢占制高点。学会给盟友分蛋糕，用开阔的心怀看世界，不舍得拿出地盘来的人不是战略家。不要在乎一城一地的得失，走向开放，拥有的就是整个世界。#华为##任正非# 收起全文d\n", "author": "建华Wei业", "time": "建华Wei业2019年08月17日09:20 来自HUAWEIMate20Pro", "transmit": " 转发 54", "comment": "评论 19", "zan": " 97"}, {"text": "\n#华为正式发布鸿蒙#快讯！华为正式发布全新分布式操作系统：鸿蒙！为中国品牌，转！点赞！L央视新闻的秒拍视频 ​​​                ", "author": "全球互联网通", "time": "全球互联网通2019年08月17日14:02 来自iPhone客户端", "transmit": " 转发 193", "comment": "评论 178", "zan": " 169"}, {"text": "\n                    【任正非“猛夸”特朗普：没有他宣传 全世界不会知道华为这么厉害】网友：华为免费代言特朗谱！#华为##华为任正非##华为正式发布鸿蒙# L燃新闻的秒拍视频 ​                ", "author": "思多金", "time": "思多金2019年08月17日15:02", "transmit": " 转发 35", "comment": "评论 16", "zan": " 163"}, {"text": "\n                    AIoT（人工智能物联网）=AI（人工智能）+IoT（物联网）。华为抓住了手机、电视的两大入口，一个占住个人移动端，一个占住家庭端。华为OS的终局，就是2T时代的操作系统，鸿蒙的终局就是AIoT时代的底盘！ ​                ", "author": "365-厦门大雨", "time": "365-厦门大雨2019年08月17日20:58 来自雨哥看盘超话", "transmit": " 转发 6", "comment": "评论 5", "zan": " 25"}]