[{"text": "\n                    【外媒：#华为正为发布鸿蒙做准备#】路透社称，华为公共与政府事务部总裁办副总裁安德鲁·威廉森在一次采访中称，华为会为鸿蒙注册商标。“目前来看华为有可能发布替代系统，”威廉森说。“华为并不想这么做。我们非常愿意留在安卓大家庭当中，但鸿蒙系统的测试正在进行，主要是在中国。”#微博赚钱季#  ​  展开全文c \n                    【外媒：#华为正为发布鸿蒙做准备#】路透社称，华为公共与政府事务部总裁办副总裁安德鲁·威廉森在一次采访中称，华为会为鸿蒙注册商标。“目前来看华为有可能发布替代系统，”威廉森说。“华为并不想这么做。我们非常愿意留在安卓大家庭当中，但鸿蒙系统的测试正在进行，主要是在中国。”#微博赚钱季# L老板联播的秒拍视频 收起全文d\n", "author": "中国企业家杂志", "time": "中国企业家杂志2019年06月16日09:23 来自iPhone客户端", "transmit": " 转发 16", "comment": "评论 9", "zan": " 57"}, {"text": "\n华为鸿蒙能成气候吗？ ​                ", "author": "风闻社区", "time": "风闻社区2019年06月16日14:50 来自微博weibo.com", "transmit": " 转发 51", "comment": "评论 70", "zan": " 202"}, {"text": "\n                    【外媒：华为正为发布鸿蒙做准备】路透社称，华为公共与政府事务部总裁办副总裁安德鲁·威廉森在一次采访中称，华为会为鸿蒙注册商标。“目前来看华为有可能发布替代系统，”威廉森说。“华为并不想这么做。我们非常愿意留在安卓大家庭当中，但鸿蒙系统的测试正在进行，主要是在中国。 ​  展开全文c \n                    【外媒：华为正为发布鸿蒙做准备】路透社称，华为公共与政府事务部总裁办副总裁安德鲁·威廉森在一次采访中称，华为会为鸿蒙注册商标。“目前来看华为有可能发布替代系统，”威廉森说。“华为并不想这么做。我们非常愿意留在安卓大家庭当中，但鸿蒙系统的测试正在进行，主要是在中国。L老板联播的秒拍视频 收起全文d\n", "author": "商界BUSINESS", "time": "商界BUSINESS2019年06月16日13:17 来自iPhone8Plus", "transmit": " 转发 8", "comment": "评论 2", "zan": " 18"}, {"text": "\n                    疑似华为“鸿蒙”操作系统界面曝光，UI应该还没有优化，看起来有点古老的样子。 ​                ", "author": "王随机", "time": "王随机2019年06月16日12:51", "transmit": " 转发 35", "comment": "评论 11", "zan": " 16"}, {"text": "\n华为前员工称“鸿蒙”系统早在三年前就开始与安卓盲测了，不论美国制不制裁都要上，时间问题。网友：难道我们现在用的已经是鸿蒙，只是披着安卓的外衣 ​                ", "author": "程序员新视界", "time": "程序员新视界2019年06月16日09:42 来自微博weibo.com", "transmit": " 转发 10", "comment": "评论 31", "zan": " 73"}, {"text": "\n                    【 替代安卓？面对特朗普封杀禁令 #外媒称华为正为发布新系统做准备#】据外媒报道，中国电信设备巨头华为技术有限公司的一位高管6月13日称，公司正为“鸿蒙”操作系统的发布做准备，以取代美国的安卓系统。联合国世界知识产权组织的资料显示，华为已经在多个国家为其鸿蒙手机操作系统提交了商标注册申 ​  展开全文c \n                    【 替代安卓？面对特朗普封杀禁令 #外媒称华为正为发布新系统做准备#】据外媒报道，中国电信设备巨头华为技术有限公司的一位高管6月13日称，公司正为“鸿蒙”操作系统的发布做准备，以取代美国的安卓系统。联合国世界知识产权组织的资料显示，华为已经在多个国家为其鸿蒙手机操作系统提交了商标注册申请。L燃新闻的秒拍视频 收起全文d\n", "author": "燃新闻", "time": "燃新闻2019年06月16日08:18 来自搜狗高速浏览器", "transmit": " 转发 3", "comment": "评论 12", "zan": " 66"}]