[{"text": "\n                    【华为EMUI 10将于8月9日发布，还要全面开放HMS，构建全场景智慧新生态】刚看到这个HMS，我眼花看成鸿蒙系统HMOS了。华为开发者网站显示，EMUI 10将于8月9日正式发布，网站显示该消息将由华为消费者业务软件总裁王成录宣布。     据外媒传言，华为EMUI 10再一次重新设计了新标准图标，同时一些 ​  展开全文c \n                    【华为EMUI 10将于8月9日发布，还要全面开放HMS，构建全场景智慧新生态】刚看到这个HMS，我眼花看成鸿蒙系统HMOS了。华为开发者网站显示，EMUI 10将于8月9日正式发布，网站显示该消息将由华为消费者业务软件总裁王成录宣布。     据外媒传言，华为EMUI 10再一次重新设计了新标准图标，同时一些应用程序有了一些变化，目前主要是在光学感知和拍照上。 收起全文d\n", "author": "人才76116", "time": "人才761162019年07月11日16:30 来自HUAWEIP20", "transmit": " 转发 8", "comment": "评论 71", "zan": " 74"}, {"text": "\n#Easy英语新闻# #华为8月9日发布鸿蒙系统#📱 Huawei will unveil its new HongMeng OS at The Huawei Global Developer Conference on August 9, according to ifeng.com. 据《凤凰网》报道，华为将在8月9日举行的华为全球开发者大会上揭晓鸿蒙操作系统。 Back in May, head of consumer business ​  展开全文c \n#Easy英语新闻# #华为8月9日发布鸿蒙系统#📱 Huawei will unveil its new HongMeng OS at The Huawei Global Developer Conference on August 9, according to ifeng.com. 据《凤凰网》报道，华为将在8月9日举行的华为全球开发者大会上揭晓鸿蒙操作系统。 Back in May, head of consumer business Richard Yu said the OS could be ready by fall in China this year. 早在5月时，华为消费者业务主管余承东就表示，中国市场可能会在今年秋季前推出这款操作系统。Besides smartphones, the new OS is also “open to mobile phones, computers, tablets, TVs, cars, and smart wearable devices,” said Yu. 他说，除了智能手机，新的操作系统还向手机、电脑、平板电脑、电视、汽车和智能可穿戴设备开放。It will also be compatible with all Android apps and web applications, he added. 他补充说，它还将兼容所有安卓应用程序和网页应用程序。关键字unveil 揭晓  OS (operating system) 操作系统  back in May 早在5月时 be ready by... 在...之前准备就绪   tablets 平板   smart wearables 智能可穿戴设备    be compatible with 和...兼容 收起全文d\n", "author": "意趣英语", "time": "意趣英语2019年07月11日09:30 来自微博weibo.com", "transmit": " 转发 8", "comment": "评论 3", "zan": " 18"}, {"text": "\n华为开发者大会日程公布：将发布基于Android的EMUI 10，并非“鸿蒙”据华为网站消息，华为日前发布了2019年开发者大会邀请函，本届开发者大会将于8月9日至8月11日于东莞松山湖举行。此次大会共分为主题演讲、技术论坛和Codelabs共三部分。本次开发者大会邀请了1500位合作伙伴、5000名全球开发者，将 ​  展开全文c \n华为开发者大会日程公布：将发布基于Android的EMUI 10，并非“鸿蒙”据华为网站消息，华为日前发布了2019年开发者大会邀请函，本届开发者大会将于8月9日至8月11日于东莞松山湖举行。此次大会共分为主题演讲、技术论坛和Codelabs共三部分。本次开发者大会邀请了1500位合作伙伴、5000名全球开发者，将是华为历来规模最大的一次会议。此前有包括《环球时报》在内的中外媒体报道称，华为最近正在一直抓紧时间调试完善“鸿蒙操作系统”，在8月份举办的华为开发者大会上，华为可能将会揭开“鸿蒙”的神秘面纱。今天，华为开发者大会网站更新了本次大会的主要内容。从本次大会日程中可以看到，本次发布的依然是基于Android Q的 EMUI 10，并非此前报道的“鸿蒙”。从大会日程中可以看出，本次开发者大会的重点为“全场景智慧化的万物互联”，除EMUI 10的发布外，最重要的就是华为宣布全面开放华为移动服务（Huawei Mobile Services，HMS）了。O华为开发者大会日程公布：将发布基于Android的EMUI 10，并非“鸿蒙” 收起全文d\n", "author": "后湾老施", "time": "后湾老施2019年07月11日19:58 来自观网App", "transmit": " 转发 4", "comment": "评论 20", "zan": " 25"}, {"text": "\n                    网易科技今天从产业链和华为方面求证得知，荣耀将会在 8 月 9 日松山湖华为开发者大会上发布类似电视的大屏产品，而且该产品或将搭载鸿蒙操作系统。 ​                ", "author": "硬件学堂", "time": "硬件学堂2019年07月11日21:13 来自微博weibo.com", "transmit": " 转发 3", "comment": "评论 18", "zan": " 16"}]