[{"text": "\n                    如果可以，我真心希望这种沸腾文只出现在微信，千万不要再带到微博了。我就不明白了，一手机，一系统有什么好沸腾的。天天安卓慌了，苹果慌了，到底有什么意义？然后最后任老和华为高层来一句：“鸿蒙系统不是为智能手机设计的，如果可以，我们还是会继续用安卓。”沸腾到最后，变成造谣…… ​                ", "author": "科技星辰君", "time": "科技星辰君2019年07月25日16:31 来自OnePlus7Pro", "transmit": " 转发 13", "comment": "评论 144", "zan": " 293"}, {"text": "\n                    【华为任正非：现在就能完全独立不依赖美国，鸿蒙先用于手表/智能8K大屏/车联网】任正非表示，在这个危机时刻，我最适合继续担任CEO，我有能力领导这个公司走出黑暗，走向光明。即使得不到美国的帮助，公司也会持续良好发展，会独立生存下去。……详情点击：O华为任正非：现在就能完全独立不依赖美国，鸿蒙先用于手表/智能8K大屏/车联网 ​                ", "author": "IT之家", "time": "IT之家2019年07月25日19:50 来自IT之家", "transmit": " 转发 10", "comment": "评论 65", "zan": " 247"}]