[{"text": "【国际锐评丨#联邦快递顶风作案自毁招牌#】作为美国快递业巨头，联邦快递从对涉华为公司多个快件做手脚，到涉嫌非法从美国承运枪支进入中国，再到涉嫌非法收寄寄往香港的管制刀具，一系列违法行为无异于自毁招牌，自弃商业信用。中国快递市场潜力巨大，欢迎外资企业开拓发展，分享机遇，但前提是必须遵守法律、合规经营。任何在华企业和个人都没有法外之权。O【国际锐评】联邦快递顶风作案自毁招牌", "author": "央视新闻", "time": "央视新闻09月03日19:38 来自微博weibo.com", "transmit": 387, "comment": 675, "zan": 4576, "sentiment": [{"positive_prob": 0.937542, "confidence": 0.861204, "negative_prob": 0.0624584, "sentiment": 2}]}, {"text": "#时装highlight#8月21日，GENTLEMONSTER与华为携手合作，推出可穿戴智能设备“GENTLEMONSTERXHUAWEIEYEWEAR”系列产品，并于北京、上海两地同时举办新品预览活动，吸引众多明星及偶像组合到场黄晓明乔欣林一木子洋灵超岳岳pinkray胡春杨李振宁管栎王菊李晨袁姗姗，率先感受智能眼镜新“视”代的魅力。", "author": "时装LOFFICIEL", "time": "时装LOFFICIEL09月03日15:00", "transmit": 4066, "comment": 785, "zan": 33314, "sentiment": [{"positive_prob": 0.994973, "confidence": 0.988828, "negative_prob": 0.00502742, "sentiment": 2}]}, {"text": "【5G技术应用：成都医院专家百公里外尝试远程超声会诊】9月3日下午16点，成都第三人民医院的专家通过华为、中国联通与华大智造合作提供的5G网络技术，与百公里外蒲江县医院的医生进行实时远程超声会诊。屏幕一端，蒲江医院的医生正在对病人进行超声检查。通过5G网络，患者超声检查的画面被实时传输到成都第三人民医院专家的会诊室，延时被控制在了20ms左右。屏幕的这一端，成都第三人民医院的专家可以实时与蒲江医院的医生进行交流，帮助对方进行诊断。据成都第三人民医院的医生介绍，由于5G技术的传输速度稳定、画质清晰，三甲医院的专家可通过这种方式帮助乡村及偏远地区的医生诊断患者病情。同时，在遇到疑难问题时，专家可与当地医院医生进行远程会诊，更准确的判断患者的病情、提供后续治疗。（《环球时报》三缺二视频组）@这视频L这视频的秒拍视频", "author": "环球时报", "time": "环球时报09月03日18:50 来自微博weibo.com", "transmit": 80, "comment": 168, "zan": 808, "sentiment": [{"positive_prob": 0.928462, "confidence": 0.841027, "negative_prob": 0.071538, "sentiment": 2}]}, {"text": "【任正非：华为主管每年10%末位淘汰把平庸惰怠的干部替掉】8月30日，华为心声社区公开华为董事长任正非在干部管理工作汇报会议上的讲话全文。任正非表示，华为主官、主管必须实行每年10%的末位淘汰，要通过这3-5年把一批平庸或惰怠的干部更替掉，要下决心换一批血。L老板联播的秒拍视频​", "author": "新浪财经", "time": "新浪财经09月03日07:25 来自微博weibo.com", "transmit": 167, "comment": 605, "zan": 2315, "sentiment": [{"positive_prob": 0.163282, "confidence": 0.637151, "negative_prob": 0.836718, "sentiment": 0}]}, {"text": "好消息，南方电网的核心信息系统开始部署华为公司自主研发的鲲鹏CPU芯片，逐步取代美国英特尔CPU，不仅如此，南方电网下属的深圳供电局已经全面部署华为服务器（基于鲲鹏芯片），华为存储系统（基于华为自主研发的存储控制芯片），华为高斯数据库，这是中国电力行业首次大规模部署全国产的信息软硬件系统，充分说明，华为鲲鹏CPU具备完全替代美国英特尔CPU的能力，未来在中国甚至全球抢占英特尔的市场份额，将势如破竹！", "author": "信通小熊猫", "time": "信通小熊猫09月03日22:51 来自微博HTML5版", "transmit": 674, "comment": 524, "zan": 4181, "sentiment": [{"positive_prob": 0.982936, "confidence": 0.962081, "negative_prob": 0.0170637, "sentiment": 2}]}, {"text": "【华为亚太创新日展示各行业5G新应用】9月3日，第五届“华为亚太创新日”在中国成都举行。华为联合运营商和产业伙伴共同展示了包括5G+VR、5G+8K视频、5G+无人机、5G远程医疗等多种行业创新应用。会场现场，记者体验了5G网络下的王者荣耀游戏，通过对5GMEC架构下的时延优化，游戏延迟从4G时代的100ms压缩到了20ms，操作与技能释放流畅无卡顿。此外，现场嘉宾还可以通过5G网络和VR眼镜，以及安装在数公里外熊猫基地的VR全景摄像头，身临其境的观看到国宝大熊猫的一举一动。（《环球时报》三缺二视频组）@这视频L这视频的秒拍视频", "author": "环球时报", "time": "环球时报09月03日14:30 来自微博weibo.com", "transmit": 37, "comment": 58, "zan": 332, "sentiment": [{"positive_prob": 0.951541, "confidence": 0.892313, "negative_prob": 0.0484593, "sentiment": 2}]}, {"text": "9月发布会汇总，5号四场发布会你看哪场？：9月4日荣耀20S新品发布会9月5日索尼Xperia2发布会；华为畅享10系列发布会；realmeQ发布会；红魔3S发布会9月10日OPPOReno2发布会9月11日凌晨1点苹果秋季发布会9月16日vivoNEX35G发布会9月19日华为Mate30系列发布会9月26日一加7T系列发布会", "author": "锋潮科技", "time": "锋潮科技09月03日15:38 来自微博weibo.com", "transmit": 119, "comment": 250, "zan": 607, "sentiment": [{"positive_prob": 0.876706, "confidence": 0.726013, "negative_prob": 0.123294, "sentiment": 2}]}, {"text": "让我看看你们旅行中最枯燥的打卡照片吧！带话题词#最炫打卡地#发博并@朱一旦的枯燥生活，我会从中挑选出3个晒照片的小伙伴，随机送出小米耳机或华为自拍杆，以后就带着它去旅行！​", "author": "朱一旦的枯燥生活", "time": "朱一旦的枯燥生活09月03日15:58 来自HUAWEIP30Pro", "transmit": 47, "comment": 516, "zan": 1873, "sentiment": [{"positive_prob": 0.955954, "confidence": 0.902119, "negative_prob": 0.0440464, "sentiment": 2}]}, {"text": "#华为5G手机2020年出货量预计1亿部#著名打脸分析师郭明錤分析称；2020年华为手机出货量可望为3.4亿支，市占率将由2019年的35–40%提升至2020年的45–50%，其中5G手机出货量将达到一亿部。如果换5G手机，你们会买哪家手机厂商的5G手机？你们会买哪家手机厂商的5G手机？​", "author": "IT观察猿", "time": "IT观察猿09月03日11:16 来自微博weibo.com", "transmit": 71, "comment": 96, "zan": 2678, "sentiment": [{"positive_prob": 0.77123, "confidence": 0.491623, "negative_prob": 0.22877, "sentiment": 2}]}, {"text": "为什么越来越多的人从iPhone手机换成华为手机呢？​", "author": "吐槽科技君", "time": "吐槽科技君09月03日19:04", "transmit": 39, "comment": 442, "zan": 3320, "sentiment": [{"positive_prob": 0.435611, "confidence": 0.0319763, "negative_prob": 0.564389, "sentiment": 0}]}, {"text": "SEVENTEEN本条专门记录一下ODETOYOU首尔场的小次可爱瞬间❤️1.胜澈绝美背影2.猫猫挥手3.安慰摔屁墩儿小奎的刷刷4.可爱荣荣5.太好哭的微笑花6.开心蹦迪小浩7.雕塑为什么在跳舞8.甜灿比心9.奶猫冲冲冲更多放评论*都是华为mate20pro视频截修*​", "author": "8feeling8", "time": "8feeling809月03日12:13 来自SEVENTEEN超话", "transmit": 72, "comment": 100, "zan": 1126, "sentiment": [{"positive_prob": 0.924658, "confidence": 0.832573, "negative_prob": 0.0753421, "sentiment": 2}]}, {"text": "《一路成年》正在#华为视频#芒果专区热播，梁家辉、徐锦江、李汶翰等几组明星家庭，你更喜欢哪一组？华为、荣耀终端用户上华为视频看#一路成年#你最喜欢哪个家庭？​", "author": "软柿子扒星", "time": "软柿子扒星09月03日20:00", "transmit": 1085, "comment": 1713, "zan": 11904, "sentiment": [{"positive_prob": 0.952239, "confidence": 0.893863, "negative_prob": 0.0477615, "sentiment": 2}]}, {"text": "#华为全球获50多个5G商用合同#【华为：全球获50多个5G商用合同已发货20多万5G基站】面临中美贸易不稳定因素，华为公司董事、战略研究院院长徐文伟9月3日表示，华为全球已获50多个5G商用合同，在全球范围内已发货20多万个5G基站。（记者程钰）​", "author": "中国日报", "time": "中国日报09月03日14:50 来自微博weibo.com", "transmit": 13, "comment": 25, "zan": 164, "sentiment": [{"positive_prob": 0.421681, "confidence": 0.062931, "negative_prob": 0.578319, "sentiment": 0}]}, {"text": "9月份发布会信息汇总：9月4日：荣耀20S&荣耀play3武汉19:00、9月5日：红魔3S上海14:00、9月5日：realmeQ上海15:00、9月5日：华为畅享10系列西安、9月5日：索尼Xperia5德国、9月6日：华为麒麟990处理器北京16:40、9月10日：OPPOReno2系列上海10:00、9月11日：iPhone11系列乔布斯剧院01:00、9月16日：vivoNEX35G上海、9月19日：华为Mate30系列德国、9月24日：索尼Xperia5上海09:30、9月24日：realmeX210:00、9月24日：小米5G新品发布会上海14:00、9月26日：一加7TPro印度、10月10日：OPPORenoAce。持续更新，欢迎补充。", "author": "科技小奈", "time": "科技小奈09月03日21:04 来自热心吃瓜群众", "transmit": 20, "comment": 79, "zan": 361, "sentiment": [{"positive_prob": 0.974358, "confidence": 0.943018, "negative_prob": 0.0256419, "sentiment": 2}]}, {"text": "#手机计算器全线阵亡#oppo、华为、苹果、小米均中枪。你现在在用什么牌子的手机？你现在在用什么牌子的手机？​", "author": "少女心事碎片", "time": "少女心事碎片09月03日10:41 来自微博weibo.com", "transmit": 11, "comment": 21, "zan": 2006, "sentiment": [{"positive_prob": 0.650796, "confidence": 0.223991, "negative_prob": 0.349204, "sentiment": 2}]}, {"text": "【郭明錤：华为中国市占率将达50%5G手机出货1亿部】天风国际分析师郭明錤指出，华为2019年在非中国市场手机预计出货量为2.3亿支。此外，郭明錤认为，2020年华为手机出货量可望为3.4亿支，市占率将由2019年的35–40%提升至2020年的45–50%；#华为5G手机2020年出货量预计1亿部#。O郭明錤：华为中国市占率将达50%5G手机出货1亿部​", "author": "新浪5G", "time": "新浪5G09月03日08:29 来自微博weibo.com", "transmit": 48, "comment": 129, "zan": 598, "sentiment": [{"positive_prob": 0.861574, "confidence": 0.692387, "negative_prob": 0.138426, "sentiment": 2}]}, {"text": "#全球5G芯片厂商仅5家#运营商财经网独家获悉，这5家有能力研发制造5G基带芯片的企业是：华为海思、高通、三星、联发科、紫光展锐。这其中最厉害的是高通：占据2G/3G/4G标准必要专利的主导权！除了华为海思以外，你还看好哪家？5家5G芯片厂商除了华为海思，你还看好哪家？​", "author": "哈侠", "time": "哈侠09月03日23:40", "transmit": 19, "comment": 7, "zan": 787, "sentiment": [{"positive_prob": 0.74655, "confidence": 0.436777, "negative_prob": 0.25345, "sentiment": 2}]}, {"text": "WSJ:华为谴责美国对其发动网络攻击并威胁华为员工​以下来自WSJ中文:华为技术有限公司(HuaweiTechnologiesCo.,简称：华为)谴责美国“利用一切可用的工具”干扰其业务，其中包括对华为企业网络发动网络攻击，并利用执法行动“威胁”华为员工。华为在周二发布的一份新闻稿中详细列举了对美国的多项​​指责，华为还在该新闻稿中否认从葡萄牙多媒体制造商RuiOliveira窃取智能手机摄像头技术，并指责该制造商“利用当前的地缘政治形势。”《华尔街日报》(TheWallStreetJournal)上周报道称，美国检察官正就几起华为涉嫌窃取知识产权的指控展开调查，其中包括有关华为从Oliveira窃取智能手机摄像头技术的指控。据《华尔街日报》报道，华为收到了一张传票，要求该公司提供涉嫌窃取事件的文件。华为除了否认Oliveira的指控外，还对美国提出了一系列新​指责。其中一项是，美国指示执法部门威胁、恐吓、胁迫、引诱和煽动华为现任和前任员工背叛公司，为他们工作。华为指责美国派遣联邦调查局特工到华为员工家中，迫使他们对公司进行间谍活动。该公司还表示，美国发起了“旨在渗透华为内网的网络攻击”，并搜查、拘留和逮捕了华为员工及其商业伙伴。华为没有提供具体证据来支持这些指责。美国司法部和纽约东区的代表没有立即回覆置评请求。纽约东区正在调查有关知识产权盗窃的新指控。", "author": "Allen小小小小号", "time": "Allen小小小小号09月03日21:34 来自iPhoneXSMax", "transmit": 41, "comment": 107, "zan": 1103, "sentiment": [{"positive_prob": 0.967398, "confidence": 0.92755, "negative_prob": 0.0326023, "sentiment": 2}]}, {"text": "#东方财富#美媒称美国司法部对华为展开新的调查华为回应O美媒称美国司法部对华为展开新的调查华为回应美国太无耻了​", "author": "天津股侠", "time": "天津股侠09月03日15:48 来自天津股侠Android", "transmit": 16, "comment": 71, "zan": 1033, "sentiment": [{"positive_prob": 0.668979, "confidence": 0.264398, "negative_prob": 0.331021, "sentiment": 2}]}, {"text": "【华为董事陶景文：华为在全球获得超过半数5G的应用】华为董事、质量流程IT总裁陶景文在#长江青投论坛#表示，中国的5G牌照已经发放了，华为在全球获得超过半数5G的应用。“我们认为5G是第四次工业革命的重要变革，5G对未来互联网、数字世界来说是一次连接的革命。”O华为董事陶景文：华为在全球获得超过半数5G的应用​", "author": "新浪财经", "time": "新浪财经09月03日15:50 来自微博weibo.com", "transmit": 24, "comment": 39, "zan": 161, "sentiment": [{"positive_prob": 0.971949, "confidence": 0.937665, "negative_prob": 0.0280508, "sentiment": 2}]}, {"text": "【联邦快递涉嫌非法收寄寄往香港的管制刀具】近期，联邦快递(中国)有限公司涉嫌非法收寄寄往香港的管制刀具，涉案物品已被我国有关部门暂扣，相关调查正在进行之中。作为美国快递业巨头，联邦快递从对涉华为公司多个快件做手脚，到涉嫌非法从美国承运枪支进入中国，再到涉嫌非法收寄寄往香港的管制刀具，一系列违法行为无异于自毁招牌，自弃商业信用。O网页链接", "author": "香港文匯網", "time": "香港文匯網09月03日22:39 来自微博weibo.com", "transmit": 54, "comment": 91, "zan": 466, "sentiment": [{"positive_prob": 0.17914, "confidence": 0.60191, "negative_prob": 0.820859, "sentiment": 0}]}, {"text": "【国际锐评丨#联邦快递顶风作案自毁招牌#】作为美国快递业巨头，联邦快递从对涉华为公司多个快件做手脚，到涉嫌非法从美国承运枪支进入中国，再到涉嫌非法收寄寄往香港的管制刀具，一系列违法行为无异于自毁招牌，自弃商业信用。中国快递市场潜力巨大，欢迎外资企业开拓发展，分享机遇，但前提是必须遵守法律、合规经营。任何在华企业和个人都没有法外之权。（@央视新闻）", "author": "参考消息", "time": "参考消息09月03日21:03 来自微博weibo.com", "transmit": 43, "comment": 67, "zan": 227, "sentiment": [{"positive_prob": 0.953987, "confidence": 0.897749, "negative_prob": 0.0460131, "sentiment": 2}]}, {"text": "即使远在天边，也可以瞬间置身万里之外、灯火璀璨的都市，尽览智能世界的繁华。5G+AR连接真实与梦想，#华为5G#带你跨越天际，走进智慧未来L华为中国的微博视频​", "author": "华为中国", "time": "华为中国09月03日07:00 来自微博weibo.com", "transmit": 23, "comment": 31, "zan": 247, "sentiment": [{"positive_prob": 0.978462, "confidence": 0.952137, "negative_prob": 0.0215384, "sentiment": 2}]}, {"text": "感谢今年来到现场的1500多位热情优秀的西交大同学们，再次感受到了年轻的活力！如果说机会是给年轻人最好的礼物，那么这份来自华为的礼物，你们准备好接收了吗？2西安·西安交通大学​", "author": "华为何刚", "time": "华为何刚09月03日21:18 来自HUAWEIP30Pro", "transmit": 24, "comment": 81, "zan": 529, "sentiment": [{"positive_prob": 0.985656, "confidence": 0.968124, "negative_prob": 0.0143441, "sentiment": 2}]}, {"text": "【正直播：第十届#长江青投论坛#】由长江商学院主办的“产业互联新生态，智绘商业新图景——第十届长江青投论坛”今日在深圳举行。本次峰会将汇聚腾讯、阿里、百度、京东、华为等引领中国乃至全球经济新风向的头部企业，助推传统产业与新兴产业协同升级，焕发新生。新浪财经的微博直播.​", "author": "新浪财经", "time": "新浪财经09月03日09:46 来自微博网页版", "transmit": 13, "comment": 6, "zan": 102, "sentiment": [{"positive_prob": 0.950308, "confidence": 0.889573, "negative_prob": 0.0496921, "sentiment": 2}]}, {"text": "【郭明錤：华为中国市占率将达50%5G手机出货1亿部】天风国际分析师郭明錤指出，华为2019年在非中国市场手机预计出货量为2.3亿支。此外，郭明錤认为，2020年华为手机出货量可望为3.4亿支，市占率将由2019年的35–40%提升至2020年的45–50%；#华为5G手机2020年出货量预计1亿部#。O郭明錤：华为中国市占率将达50%5G手机出货1亿部​", "author": "新浪科技", "time": "新浪科技09月03日08:31 来自微博weibo.com", "transmit": 37, "comment": 67, "zan": 160, "sentiment": [{"positive_prob": 0.861574, "confidence": 0.692387, "negative_prob": 0.138426, "sentiment": 2}]}, {"text": "#李现时尚芭莎电子刊#lx#李现华为荣耀#这位姐妹我就问问你现在尴尬不@李现ingL李现喊我小宝贝儿i的微博视频​", "author": "李现喊我小宝贝儿i", "time": "李现喊我小宝贝儿i09月03日11:02 来自李现超话", "transmit": 31, "comment": 46, "zan": 674, "sentiment": [{"positive_prob": 0.834302, "confidence": 0.631782, "negative_prob": 0.165698, "sentiment": 2}]}, {"text": "#手机计算器全线阵亡#OPPO、华为、苹果、小米均中枪你现在在用什么牌子手机？#腾讯视频崩了#​你用的什么牌子手机​", "author": "破折号", "time": "破折号09月03日08:26", "transmit": 6, "comment": 18, "zan": 816, "sentiment": [{"positive_prob": 0.773342, "confidence": 0.496315, "negative_prob": 0.226658, "sentiment": 2}]}, {"text": "用新的视角重构设计，探索未来更多的可能。9月19日，德国慕尼黑，让我们一起见证华为Mate30耀世而临L华为中国的微博视频​", "author": "华为中国", "time": "华为中国09月03日09:00 来自微博weibo.com", "transmit": 42, "comment": 101, "zan": 431, "sentiment": [{"positive_prob": 0.928915, "confidence": 0.842034, "negative_prob": 0.0710848, "sentiment": 2}]}, {"text": "#小浪调查#【投票：你的手机计算器能算对“10%+10%”吗？】#手机计算器全线阵亡#网友发现，很多手机计算器计算“10%+10%”时，结果不是0.2，而是0.11，OPPO、华为、苹果、小米多款机型中枪。有分析称，这是因为计算器将10%+10%理解为10%+（10%*10%）。你的手机计算器能算对“10%+10%”吗？你的手机计算器能算对“10%+10%”吗？", "author": "新浪厦门", "time": "新浪厦门09月03日11:25 来自投票超话", "transmit": 7, "comment": 27, "zan": 371, "sentiment": [{"positive_prob": 0.173912, "confidence": 0.61353, "negative_prob": 0.826088, "sentiment": 0}]}]