[{"text": "年初三，喜气洋洋的#华为Mate20#Pro馥蕾红给大家拜年，祝新的一年都能摘得“红”运当头！💪O网页链接​", "author": "余承东", "time": "余承东02月07日20:15 来自华为Mate20保时捷设计", "transmit": 215, "comment": 710, "zan": 2152, "sentiment": [{"positive_prob": 0.749842, "confidence": 0.444092, "negative_prob": 0.250158, "sentiment": 2}]}, {"text": "【意大利经发部：不会禁止华为和中兴参与建设5G网络】意大利经济发展部回应《LaStampa》日报周四的一篇报道称，不会禁止华为和中兴通讯这两家中国企业在该国建设5G网络的过程中发挥作用。O意大利经发部：不会禁止华为和中兴参与建设5G网络​", "author": "新浪财经", "time": "新浪财经02月07日19:28 来自微博weibo.com", "transmit": 66, "comment": 118, "zan": 345, "sentiment": [{"positive_prob": 0.830326, "confidence": 0.622946, "negative_prob": 0.169674, "sentiment": 2}]}, {"text": "【人工智能到底是什么？任正非：就是计算机与统计学！】日前，华为创始人任正非在专访节目中表示，计算机与统计学就是人工智能，中国没有人工智能这门课，计算机与统计学、审计学与统计学，我们要进入大数据时代，而大数据时代就是统计。你怎么看..L见闻企业家的秒拍视频​", "author": "微博股票", "time": "微博股票02月07日19:09 来自iPhone客户端", "transmit": 57, "comment": 31, "zan": 95, "sentiment": [{"positive_prob": 0.269407, "confidence": 0.401319, "negative_prob": 0.730593, "sentiment": 0}]}, {"text": "【评】：美国这次的伎俩一定会重演在华为身上，值得警惕！转文：法国阿尔斯通前高管皮耶鲁齐最近出的书《美国陷阱》，他在2013年去美国出差的时候被抓，美国司法部指控他在印尼的一起投资案行贿当地政府，逼他认罪，皮耶鲁齐被和死刑犯关在一起，200多天没见太阳，据他说折腾得受不了了，认罪了，但是他搞不懂就算真的在印尼行贿当地政府和美国什么关系？后来发现，是阿尔斯通和美国通用电气是最大的竞争对手，在埃及，沙特，台湾，印尼，大陆等地抢走了美国通用电气的订单，通用暗中雇佣了庞大的律师团，其中包含大量司法部前官员（书里列出了名单），最终美国调查认为阿尔斯通在印尼，台湾，巴哈马，沙特贿赂当地政府7500W，拿到了40亿美金的订单，（注意了，判阿尔斯通的是行贿罪，不是不正当竞争），皮耶鲁齐至今搞不懂，就算我真的在印尼等地行贿当地政府拿订单，那也是印尼等政府起诉我们，让我们赔偿，这和美国什么关系啊？后来他发现了，在美国有一大堆的律师和司法部勾结，这些律师很多就是司法部的前官员，专门帮助美国的公司打击竞争对手，赚取巨额的律师费。美国的很多法律没有详细的条款，法律条文都很笼统，一个条文能做出很多方向的解读，旷日持久的官司，阿尔斯通花掉了十多亿美金，现金流都拿去打官司了，正常业务也停止，最终不得不出卖，其中德国西门子，日本三菱在收购意向的前两名，美国司法部又给开出了巨额的罚款，罚款必须以阿尔斯通法国公司的资产缴纳，日本德国放弃收购，通用电器收购后和美国司法部和解，罚款不存在了。法国总统马克龙在2015年做经济部长时候认为这件事情是一个阴谋，议员也在国会多次质询，今年秋天，皮耶鲁齐被放出来，据皮耶鲁齐说中讲，他没有具体的罪名，美国也知道这个事情做的不厚道，没有公开这个案子，法国人民直到看到他的书才知道这个事情。马克龙要在国会举行阿尔斯通被收购听证会的之前的几天，黄背心爆发了。皮耶鲁齐认为黄背心是美国唆使的，一个是转移阿尔斯通的注意力，一个是给马克龙和后任的总统一个颜色看看，如果调查此事就让他们好看。", "author": "桂哥猎手VIP777", "time": "桂哥猎手VIP77702月07日23:46 来自微博weibo.com", "transmit": 885, "comment": 58, "zan": 260, "sentiment": [{"positive_prob": 0.588684, "confidence": 0.0859655, "negative_prob": 0.411316, "sentiment": 2}]}, {"text": "身价超过200亿，没有保镖，没有前簇后拥，出门自己拎包，吃饭简简单单，就是这样低调的任正非，打造了中国最牛的企业—华为！​", "author": "中国IT杂谈", "time": "中国IT杂谈02月07日08:38", "transmit": 60, "comment": 81, "zan": 169, "sentiment": [{"positive_prob": 0.412978, "confidence": 0.0822719, "negative_prob": 0.587022, "sentiment": 0}]}, {"text": "【害怕中国科技崛起？外媒：美国官员将赴欧洲游说抵制华为】法新社：一名美国外交官2月5日称，美国官员正在欧洲各地四处活动，以警告允许中国电信巨头华为公司帮助建设第五代移动通信技术（5G）网络的安全风险。这位官员说，他正在与欧盟以及比利时、法国、德国的官员会晤，而他的同事们将前往西班牙和其他国家，以强调美国的担忧。据欧盟委员会的一位不愿透露姓名的发言人称，欧盟没有计划制定进一步的规定以应对来自华为的风险。O害怕中国科技崛起？外媒：美国官员将赴欧洲游说抵制华为", "author": "参考消息", "time": "参考消息02月07日15:19 来自微博weibo.com", "transmit": 55, "comment": 55, "zan": 79, "sentiment": [{"positive_prob": 0.924411, "confidence": 0.832024, "negative_prob": 0.0755891, "sentiment": 2}]}, {"text": "华为的面部识别，成功率大概是我用苹果时候的一半左右，不如还是搞个指纹感应区好点。屏幕比苹果窄，握持感好，打字的压感跟苹果很不同。出国用华为最优胜的是天际通，太便宜了，速度也快。​", "author": "蔡尹珊珊", "time": "蔡尹珊珊02月07日07:32 来自HUAWEIMate20Pro", "transmit": 40, "comment": 302, "zan": 106, "sentiment": [{"positive_prob": 0.336776, "confidence": 0.251608, "negative_prob": 0.663224, "sentiment": 0}]}, {"text": "【意大利经发部：不会禁止华为和中兴参与建设5G网络】意大利经济发展部回应《LaStampa》日报周四的一篇报道称，不会禁止华为和中兴通讯这两家中国企业在该国建设5G网络的过程中发挥作用。此前《LaStampa》报道称，意大利政府考虑禁止华为和中兴参与5G项目。O意大利经发部：不会禁止华为和中兴参与建设5G网络​", "author": "新浪科技", "time": "新浪科技02月07日19:40 来自微博weibo.com", "transmit": 12, "comment": 20, "zan": 96, "sentiment": [{"positive_prob": 0.792676, "confidence": 0.539281, "negative_prob": 0.207324, "sentiment": 2}]}, {"text": "●推荐—央视＆深圳春晚主持人讲，大国崛起，须有实业脊梁！城市兴盛，必有企业助力！30年前深圳诞生个很不起眼公司，已成为全球通信巨头，5G和智能手机全球领导者。我们共同说出它的名字…优秀民营企业代表华为余承东和比亚迪王传福讲述企业故事…#华为##比亚迪#L建华Wei业的微博视频​", "author": "建华Wei业", "time": "建华Wei业02月07日07:35 来自华为超话", "transmit": 24, "comment": 32, "zan": 111, "sentiment": [{"positive_prob": 0.984282, "confidence": 0.965071, "negative_prob": 0.015718, "sentiment": 2}]}, {"text": "#华为nova4#蜜语红和小金猪祝大家新的一年红红火火每一天，红运当头新一年。关注+带#华为nova4#话题，转评聊聊新年里最快乐的一件事是____，由@微博抽奖平台随机抽送华为运动手环2个​", "author": "华为终端公司", "time": "华为终端公司02月07日11:02 来自微博weibo.com", "transmit": 534, "comment": 674, "zan": 363, "sentiment": [{"positive_prob": 0.979974, "confidence": 0.955497, "negative_prob": 0.0200262, "sentiment": 2}]}, {"text": "【任正非：西方现在封锁华为最终他们发现只能买华为的产品因为有些东西只有我们能做】#央视专访任正非#全世界把5G、微波做得最好的都是华为，有很多东西，欧美非买不可。支持华为、支持任正非之女孟晚舟！L全程视频：任正非接受央视专访首次回应未进“改革开放杰出贡献人物”名单​", "author": "浙商卢献星", "time": "浙商卢献星02月07日17:03 来自浙商會iPhone客户端", "transmit": 125, "comment": 35, "zan": 65, "sentiment": [{"positive_prob": 0.905404, "confidence": 0.789788, "negative_prob": 0.0945956, "sentiment": 2}]}, {"text": "【任正非：谁请下属吃饭多，谁升得就快】华为总裁任正非多次在公司会议上讲：谁请下属吃饭多，谁升得就快，并列举出公司几位高管名字。会议上他反复讲，铁军的领袖，自古以来都是关爱下属的，并以霍去病倾酒入泉为例。起码从团队建设的角度，是有道理的。敢不敢转给老板看→O任正非：谁请下属吃饭多，谁升得就快​", "author": "大河报", "time": "大河报02月07日12:10 来自360安全浏览器", "transmit": 25, "comment": 13, "zan": 54, "sentiment": [{"positive_prob": 0.296396, "confidence": 0.341343, "negative_prob": 0.703604, "sentiment": 0}]}, {"text": "昨天（大年初二），74岁的华为总裁任正非看望春节仍奋战在一线值班员工。因为华为全球员工有18万人，很多员工都没有见过他本人，员工一边与任老板握手，一边称“老板过年好”，又激动地说“不敢相信”。任老板始终面带微笑，精神很好#华为##任正非#L建华Wei业的微博视频​", "author": "建华Wei业", "time": "建华Wei业02月07日19:34 来自微博视频", "transmit": 25, "comment": 40, "zan": 98, "sentiment": [{"positive_prob": 0.87314, "confidence": 0.718088, "negative_prob": 0.12686, "sentiment": 2}]}, {"text": "意大利经发部：不会禁止华为和中兴参与建设5G网络。意大利和法国的态度是理性的，华为微波研究所就在意大利，华为也拉意大利就业和采购等。除了美国和澳洲等个别仆从国目前歇斯底里、无中生有外，绝大多数国家是就事论事的。媒体：意大利经济发展部回应《LaStampa》日报周四的一篇报道称，不会禁止华为和中兴通讯这两家中国企业在该国建设5G网络的过程中发挥作用。据电邮声明，国家安全是意大利考虑的优先事项，如果出现重大问题--目前并未出现--那么经济发展部将会评估形势、采取一切必要举措。此前《LaStampa》报道称，意大利政府考虑禁止华为和中兴参与5G项目。O意大利经发部：不会禁止华为和中兴参与建设5G网络", "author": "HW前HR", "time": "HW前HR02月07日22:14 来自HUAWEIMate20Pro", "transmit": 37, "comment": 35, "zan": 101, "sentiment": [{"positive_prob": 0.922137, "confidence": 0.826971, "negative_prob": 0.0778632, "sentiment": 2}]}, {"text": "易烊千玺#易烊千玺的新同学##新岁千喜，诸事顺易#★未来可期★百炼成钢★给你一整首情诗关于你温暖名字在每个孑然的深夜为你颂读@TFBOYS-易烊千玺cr:侵删Lcccindy1221的秒拍视频易烊千玺少年的你易烊千玺粉丝易烊千玺中戏易烊千玺中戏第一四字弟弟易烊千玺nova易烊千玺华为易烊千玺野兽派易烊千玺阿迪易烊千玺天猫易烊千玺好爸爸，易烊千玺沙宣易烊千玺BottegaVenetayyqxsndnyyqx帅yyqx可爱yyqx中戏yyqx中戏第一yyqx纪梵希yyqx天猫yyqx华为yyqx新歌yyqx舒适圈yyqx舞蹈yyqx短发yyqx发型yyqx少年的你yyqx封面", "author": "零下三十一度·", "time": "零下三十一度·02月07日11:13 来自易烊千玺超话", "transmit": 33, "comment": 133, "zan": 129, "sentiment": [{"positive_prob": 0.981873, "confidence": 0.959718, "negative_prob": 0.0181266, "sentiment": 2}]}, {"text": "【为什么这么多公司总部要搬到深圳？】除了华为，腾讯，平安，万科等深圳“本土企业”外，现在有越来越多的公司也把企业总部搬到了深圳，比如恒大集团，还有百度公司的华南总部和国际总部，阿里国际总部和阿里云计算总部等等也都搬到了深圳。而且有意思的是，恒大总部毗邻万科总部，百度和阿里毗邻腾讯总部。这是要一决高下的意思么？O网页链接", "author": "深圳公安", "time": "深圳公安02月07日00:33 来自HUAWEIMate10", "transmit": 22, "comment": 66, "zan": 63, "sentiment": [{"positive_prob": 0.849332, "confidence": 0.665182, "negative_prob": 0.150668, "sentiment": 2}]}, {"text": "【意大利经发部：不会禁止华为和中兴参与建设5G网络】意大利经济发展部回应《LaStampa》日报周四的一篇报道称，不会禁止华为和中兴通讯这两家中国企业在该国建设5G网络的过程中发挥作用。O意大利经发部：不会禁止华为和中兴参与建设5G网络​", "author": "环球市场播报", "time": "环球市场播报02月07日19:04 来自微博weibo.com", "transmit": 16, "comment": 14, "zan": 35, "sentiment": [{"positive_prob": 0.830326, "confidence": 0.622946, "negative_prob": 0.169674, "sentiment": 2}]}, {"text": "【用不用华为欧洲进退维谷】彭博社掌握的一份内部文件警告，如果欧洲弃用华为的5G设备，可能会落后中美多达两年。然而，欧洲希望最迟明年启用5G，若完全排斥华为将很难实现目标。O用不用华为欧洲进退维谷​", "author": "早报网", "time": "早报网02月07日09:16 来自微博weibo.com", "transmit": 39, "comment": 129, "zan": 78, "sentiment": [{"positive_prob": 0.867936, "confidence": 0.706524, "negative_prob": 0.132064, "sentiment": 2}]}, {"text": "#大年初三#锦鲤护体，\"猪”事顺利，#HUAWEIHiAI#Engine，30+智慧能力、多场景应用覆盖，AI神助攻，你会有一整年的红红火火欢欢喜喜。关注@华为开发者联盟，转评抽送蓝牙对耳一副。@微博抽奖平台​", "author": "华为开发者联盟", "time": "华为开发者联盟02月07日11:00 来自微博weibo.com", "transmit": 293, "comment": 311, "zan": 185, "sentiment": [{"positive_prob": 0.980328, "confidence": 0.956285, "negative_prob": 0.0196719, "sentiment": 2}]}, {"text": "【华为5G已经完成闭环建设：未来威力即将发挥】目前全球5G实力能和华为一拼的只要美国高通，美国担心华为会领先高通太多，所以采取指使加拿大非法扣押华为CFO孟晚舟、联合五眼联盟限制华为5G设备等手段，意图限制华为发展。所幸华为无论5G建设、还是核心技术研发，已经努力准备了十多年了。华为比高通方面具备的优势在于，华为除了是通讯研发厂商之外，还是终端制造商，比如智能手机和一些智能设备。从5G网络的技术和设备来看，华为已经涵盖了从5G网络建设、5G芯片制造和5G终端生产的完整生产链，比如消费者可以用华为5G手机来登陆华为5G网络设备连上5G网络，目前华为也已经完成了这个封闭的生产链。华为5G的成熟不仅体现在华为从技术标准、设备、工程和售后服务等一整套解决方案上面，更体现在合作伙伴的高度认可上。截止目前，华为在全球已经获得30个5G商用合同，累计发出了2.5万个5G基站，稳居全球第一。华为目前在国内测试5G网络峰值达到了13.4Gbps，同时支持5G网络的芯片Balong5000也已经发布，并且就在2月份华为首款支持5G网络的折叠手机即将发布。大家期待不？", "author": "人才76116", "time": "人才7611602月07日10:36 来自HUAWEIP20", "transmit": 14, "comment": 65, "zan": 60, "sentiment": [{"positive_prob": 0.898118, "confidence": 0.773596, "negative_prob": 0.101882, "sentiment": 2}]}, {"text": "【中国手机告别黄金时代】相比于华为和vivo，OPPO在5G和技术创新上起步太晚，过去一年旗舰机发布节奏落后，接下来的2019年已经不容有失，否则掉落第一梯队并非危言耸听。榜单中并未出现小米，不过根据其5月3日递交的招股书显示，其专利储备已超过1.6万项，其中50%的内容已获得海外授权，并与微软和诺基亚等企业签订交叉授权协议。算入三星与苹果两家专利巨头，出货量前五的厂商都在“变脸”。O中国手机告别黄金时代", "author": "新财富杂志", "time": "新财富杂志02月07日15:22 来自iPhone8Plus", "transmit": 21, "comment": 7, "zan": 39, "sentiment": [{"positive_prob": 0.119616, "confidence": 0.734186, "negative_prob": 0.880384, "sentiment": 0}]}, {"text": "过年回到农村老家，身边亲戚用什么手机最多？1.苹果2.华为3.OPPO4.vivo6.小米7.其他​", "author": "果仁儿科技", "time": "果仁儿科技02月07日22:51 来自iPhoneXSMax(金色)", "transmit": 3, "comment": 90, "zan": 63, "sentiment": [{"positive_prob": 0.629801, "confidence": 0.177335, "negative_prob": 0.3702, "sentiment": 2}]}, {"text": "人生如梦，新手机助你实现新梦想。#新喜剧之王#如梦@鄂靖文Vin喊你来华为商城换新装备啦，新的一年全新启程，努力活成自己人生的主角吧！L华为商城的秒拍视频​", "author": "华为商城", "time": "华为商城02月07日16:22 来自荣耀Magic2魔法手机", "transmit": 3, "comment": 20, "zan": 69, "sentiment": [{"positive_prob": 0.951418, "confidence": 0.89204, "negative_prob": 0.0485818, "sentiment": 2}]}, {"text": "有个同学毕业后在华为做研发，他一直都是同学中的尖子，几年后就做到了中层，这两年华为逐渐搬到东莞松山湖，他在深圳拖家带口的老婆还刚生了二胎，就干脆辞职了。前几天叫我吃饭，说做了个创业项目，我还想劝他说今年科技行业形势不好要谨慎，结果发现他创业开了个大发廊。“我小时候就喜欢发廊，总想着长大后要是在发廊工作就好了，可惜耽误了这么多年。”他说。", "author": "神勇小白兎", "time": "神勇小白兎02月07日23:09 来自iPhoneXR", "transmit": 4, "comment": 12, "zan": 40, "sentiment": [{"positive_prob": 0.543973, "confidence": 0.12054, "negative_prob": 0.456027, "sentiment": 1}]}, {"text": "手机还是华为的好，用家长模式管控孩子。家有不听话的娃一定要用华为手机，控制上网游戏完全没有问题​", "author": "飞龙中医", "time": "飞龙中医02月07日17:47", "transmit": 101, "comment": 1, "zan": 32, "sentiment": [{"positive_prob": 0.865308, "confidence": 0.700684, "negative_prob": 0.134692, "sentiment": 2}]}, {"text": "《我的梦》真的是不错，这首歌原本只是华为公司的年度主题曲，由张靓颖原唱了中文版《我的梦》与英文版《dreamitpossible》，首发在mate8的发布会上，没想到这次合作，竟然产生了一个经典，这首歌非常适合张靓颖唱，也特别适合由张靓颖来唱，配的那是真好。华为唱片公司的调侃也由此而来。这次深圳春晚又把她请来给大伙献唱，真好，就是这个场面安排的太劲爆了吧，吊威亚就吊了，一下子吊70米，正常人那有不害怕的，反正我是害怕。当然了，也就是这个高度，看得出来她是真唱，能听出来张靓颖：腿软已经不重要了，反正用不上腿手软，是真克服不了，就拿大力胶把话筒粘在手心了不管怎样，《我的梦》算是飞起来啦L深圳卫视的微博视频", "author": "钢的王十二", "time": "钢的王十二02月07日14:58 来自装逼的咔哒Android", "transmit": 22, "comment": 40, "zan": 71, "sentiment": [{"positive_prob": 0.902523, "confidence": 0.783385, "negative_prob": 0.0974767, "sentiment": 2}]}, {"text": "意大利经济发展部：不会禁止华为和中兴通讯这两家中国企业在该国建设5G网络的过程中发挥作用。O网页链接​", "author": "Wind资讯", "time": "Wind资讯02月07日19:31 来自微博weibo.com", "transmit": 8, "comment": 0, "zan": 45, "sentiment": [{"positive_prob": 0.655102, "confidence": 0.23356, "negative_prob": 0.344898, "sentiment": 2}]}, {"text": "用不用华为，欧洲进退维谷：彭博社掌握的一份内部文件警告，如果欧洲弃用华为的5G设备，可能会落后中美多达两年。然而，欧洲希望最迟明年启用5G，若完全排斥华为将很难实现目标。法新社援引专家报道，在5G设备的质量上，华为已经领先其瑞典竞争者爱立信半年到一年。据称，排名第二的移动网络设备供应商——芬兰的诺基亚甚至落后的更多。法新社甚至报道，有多个消息源显示华为甚至曾在研发方面帮助过诺基亚，避免独自面对爱立信在5G技术方面的竞争。O用不用华为，欧洲进退维谷", "author": "HW前HR", "time": "HW前HR02月07日16:09 来自HUAWEIMate20Pro", "transmit": 18, "comment": 49, "zan": 116, "sentiment": [{"positive_prob": 0.941184, "confidence": 0.869298, "negative_prob": 0.0588157, "sentiment": 2}]}, {"text": "【美对华为发出警告后法国参议院还是做出这个决定：否决了一项旨在加强对电信设备检查的立法提案】哈，法国参议院的朋友还是比较客观，华为清清白白，5G技术也是全球最先进安全。美国贼喊捉贼，建议就斯诺登的事情，请美国人回忆一下：要不是斯诺登，全世界还不知道被美国偷听了这么久。据路透社2月7日报道，尽管美国对中国电信巨头华为发出警告，但法国参议院周三还是否决了一项旨在加强对电信设备检查的立法提案。　　报道称，该提案是法国政府在最后一刻对一部范围广泛的公司法的补充，要求电信运营商在使用被认为对间谍或破坏风险特别敏感的设备前需获得正式批准。参议院的否决意味着法国政府需要将该提案加到另一项法案中以寻求通过，而提案中的条款实施可能会因此推迟几个月。　　　　O美对华为发出警告后法国参议院还是做出这个决定", "author": "人才76116", "time": "人才7611602月07日15:34 来自微博weibo.com", "transmit": 13, "comment": 36, "zan": 70, "sentiment": [{"positive_prob": 0.293004, "confidence": 0.348879, "negative_prob": 0.706996, "sentiment": 0}]}, {"text": "【又是别人家的老板！任正非大年初二看望华为一线值班员工】农历大年初二，全国人民正喜气洋洋过新年。现年74周岁的华为总裁任正非先生以一袭白衬衣亮相，看望华为春节值班员工，并与员工握手拜年、合影留念。因为华为全球员工有18万人，很多员工都没有见过任正非本人，很多员工一边与任正非握手，一边称“老板过年好”，一边又激动地说“不敢相信”。2018年对华为来说是“多事之秋”，面临空前的压力大家也都清楚。就连任正非都打破惯例，破天荒地接受海内外媒体采访，发表看法。正是由于任正非在华为无出其右的号召力和地位，他说的话，他的态度，对华为战略发展意义重大。在牢牢把握华为战略航向的同时，任正非无疑是最接地气的老板，曾以近七十岁的高龄现身非洲看望员工，并表示只要自己还飞得动，便会到一线看望员工。事实上，任正非确实也做到了，时常到处视察看望最一线的员工。此次过年看望并与员工握手拜年，让大家倍感温暖，能与任正非合影的更是倍感荣幸。（漫谈科技）", "author": "中国企业家杂志", "time": "中国企业家杂志02月07日12:19 来自微博weibo.com", "transmit": 14, "comment": 13, "zan": 42, "sentiment": [{"positive_prob": 0.987624, "confidence": 0.972499, "negative_prob": 0.0123756, "sentiment": 2}]}]