[{"text": "【#华为海思致信员工#：多年备胎一夜转“正”，今后要科技自立！】今天凌晨，华为海思总裁就华为被列入美国商务部工业和安全局(BIS)的“实体名单”一事，致信员工：多年前，还是云淡风轻的季节，公司做出了极限生存的假设，预计有一天，所有美国的先进芯片和技术将不可获得，而华为仍将持续为客户服务。为了这个以为永远不会发生的假设，数千海思儿女，走上了科技史上最为悲壮的长征，为公司的生存打造“备胎”。数千个日夜中，我们星夜兼程，艰苦前行。今天，是历史的选择，所有我们曾经打造的备胎，一夜之间全部转“正”！今后，我们不仅要保持开放创新，更要实现科技自立！", "author": "央视新闻", "time": "央视新闻05月17日10:31 来自微博weibo.com", "transmit": 24200, "comment": 11039, "zan": 136426, "sentiment": [{"positive_prob": 0.990462, "confidence": 0.978804, "negative_prob": 0.00953807, "sentiment": 2}]}, {"text": "【#华为海思总裁凌晨致信员工#：多年备胎一夜转“正”，今后要科技自立！】刚刚，环球网编辑部收到华为海思公司致员工的一封信。信件全文如下： 尊敬的海思全体同事们:      此刻，估计您已得知华为被列入美国商务部工业和安全局(BIS)的实体名单(entitylist)。      多年前，还是云淡风轻的季节，公司做出了极限生存的假设，预计有一天，所有美国的先进芯片和技术将不可获得，而华为仍将持续为客户服务。为了这个以为永远不会发生的假设，数千海思儿女，走上了科技史上最为悲壮的长征，为公司的生存打造“备胎”。数千个日夜中，我们星夜兼程，艰苦前行。华为的产品领域是如此广阔，所用技术与器件是如此多元，面对数以千计的科技难题，我们无数次失败过，困惑过，但是从来没有放弃过。      后来的年头里，当我们逐步走出迷茫，看到希望，又难免一丝丝失落和不甘，担心许多芯片永远不会被启用，成为一直压在保密柜里面的备胎。      今天，命运的年轮转到这个极限而黑暗的时刻，超级大国毫不留情地中断全球合作的技术与产业体系，做出了最疯狂的决定，在毫无依据的条件下，把华为公司放入了实体名单。      今天，是历史的选择，所有我们曾经打造的备胎，一夜之间全部转“正”!多年心血，在一夜之间兑现为公司对于客户持续服务的承诺。是的，这些努力，已经连成一片，挽狂澜于既倒，确保了公司大部分产品的战略安全,大部分产品的连续供应!今天，这个至暗的日子，是每一位海思的平凡儿女成为时代英雄的日子!      华为立志，将数字世界带给每个人、每个家庭、每个组织，构建万物互联的智能世界，我们仍将如此。今后，为实现这一理想，我们不仅要保持开放创新，更要实现科技自立!今后的路,不会再有另一个十年来打造备胎然后再换胎了，缓冲区已经消失，每一个新产品一出生，将必须同步“科技自立\"的方案。      前路更为艰辛，我们将以勇气、智慧和毅力，在极限施压下挺直脊梁，奋力前行!滔天巨浪方显英雄本色，艰难困苦铸造诺亚方舟。      何庭波2019年5月17日凌晨", "author": "环球网", "time": "环球网05月17日08:11", "transmit": 73565, "comment": 29431, "zan": 230630, "sentiment": [{"positive_prob": 0.97386, "confidence": 0.94191, "negative_prob": 0.0261403, "sentiment": 2}]}, {"text": "#华为保密柜的备胎芯片全部转正#【#华为海思总裁深夜发文#：科技自立，保密柜里的备胎芯片“全部转正”】5月17日凌晨，华为心声社区转发华为海思总裁致员工的一封信，海思总裁表示，超级大国不留情地中断全球合作的技术与产业体系，做出了疯狂的决定。在毫无理由的情况下，华为被列入了美国商务部工业和安全局的实体名单。海思总裁表示，为了兑现公司对于客户持续服务的承诺，华为保密柜里的备胎芯片“全部转正”，是历史的选择。这确保了公司大部分产品的战略安全，大部分产品的连续供应。#华为备胎芯片全部转正##华为海思总裁凌晨致信员工#O华为海思总裁深夜发文：科技自立，保密柜里的备胎芯片“全部转正”", "author": "每日经济新闻", "time": "每日经济新闻05月17日08:22 来自微博weibo.com", "transmit": 5701, "comment": 4423, "zan": 43791, "sentiment": [{"positive_prob": 0.142173, "confidence": 0.684061, "negative_prob": 0.857827, "sentiment": 0}]}, {"text": "【华为海思致信员工：多年备胎一夜转“正”，今后要科技自立】今天凌晨，华为海思总裁就华为被列入美国商务部工业和安全局的“实体名单”一事致信员工：多年前，公司做出了极限生存的假设，预计有一天，所有美国的先进芯片和技术将不可获得。为了这个以为永远不会发生的假设，数千海思儿女为公司的生存打造“备胎”。今天，曾经打造的备胎，一夜之间全部转“正”！今后，我们不仅要保持开放创新，更要实现科技自立。", "author": "人民日报", "time": "人民日报05月17日10:51 来自微博weibo.com", "transmit": 6403, "comment": 3060, "zan": 22753, "sentiment": [{"positive_prob": 0.868738, "confidence": 0.708306, "negative_prob": 0.131262, "sentiment": 2}]}, {"text": "#华为海思总裁凌晨致信员工#美国总统特朗普15日签署行政令，宣布国家进入紧急状态，禁止美国企业使用可能危害美国国家安全的企业生产的电信设备，矛头直指华为。刚看到这则新闻，确实把我吓了一大跳，因为总统签署行政令宣布国家进入紧急状态这是极为严重的事态，通常被理解为国家遭受重大威胁如911事件或面临战争状态，闹了半天是阻止华为进入美国市场！特朗普这是在搞笑吗？华为只是一个民营企业，就让美国如此惧怕，如临大敌，以国家之权力来对抗一家中国民企，前所未有，闻所未闻，实属罕见！这怎么解读呢？是华为太强大，还是美国太胆小？美国很可能制定细则和禁令，禁止高端芯片出口中国，禁止华为5G技术进入美国，这有点像闭关锁国的节奏啊。美国高端芯片的主要市场大部分都在中国，你不卖给中国留着自己发霉吧，一年后白给中国也不要了，因为我们自己已经有了。华为的5G技术你拒之门外，就关起门来自成一统，自己在那里抱残守缺继续玩儿4G吧，等下届总统上来就会发现不仅仅错过两年时间，而是整整错过了一个时代！2019年是第四次工业革命的元年，天佑中华，中华有为，很可能成为新技术革命领头羊！我们错过了前两次工业革命，第三次工业革命赶上个尾巴，第四次工业革命我们将一马当先，弄潮于大数据云计算物联网人工智能。信息革命的目的是通过互联互通互操作和资源共享，实现横向一体化扁平化，让世界变成一个小村庄，形成人类命运共同体，一起建设共同发展走向富强。美国突然自绝于大势，疑神疑鬼，退约退群，推行孤立主义政策，这实属重大战略误判！这是让美国更强大，还是让美国更衰落？骑驴看唱本走着瞧吧～", "author": "局座召忠", "time": "局座召忠05月17日16:48 来自华为Mate20保时捷设计", "transmit": 6536, "comment": 6423, "zan": 43151, "sentiment": [{"positive_prob": 0.933441, "confidence": 0.852091, "negative_prob": 0.0665588, "sentiment": 2}]}, {"text": "【#华为海思总裁凌晨致信员工#：多年备胎一夜转“正”，今后要科技自立！】17日凌晨，环球网编辑部收到华为海思公司致员工的一封信。信件全文如下：尊敬的海思全体同事们:此刻，估计您已得知华为被列入美国商务部工业和安全局(BIS)的实体名单(entitylist)。多年前，还是云淡风轻的季节，公司做出了极限生存的假设，预计有一天，所有美国的先进芯片和技术将不可获得，而华为仍将持续为客户服务。为了这个以为永远不会发生的假设，数千海思儿女，走上了科技史上最为悲壮的长征，为公司的生存打造“备胎”。数千个日夜中，我们星夜兼程，艰苦前行。华为的产品领域是如此广阔，所用技术与器件是如此多元，面对数以千计的科技难题，我们无数次失败过，困惑过，但是从来没有放弃过。后来的年头里，当我们逐步走出迷茫，看到希望，又难免一丝丝失落和不甘，担心许多芯片永远不会被启用，成为一直压在保密柜里面的备胎。今天，命运的年轮转到这个极限而黑暗的时刻，超级大国毫不留情地中断全球合作的技术与产业体系，做出了最疯狂的决定，在毫无依据的条件下，把华为公司放入了实体名单。今天，是历史的选择，所有我们曾经打造的备胎，一夜之间全部转“正”!多年心血，在一夜之间兑现为公司对于客户持续服务的承诺。是的，这些努力，已经连成一片，挽狂澜于既倒，确保了公司大部分产品的战略安全,大部分产品的连续供应!今天，这个至暗的日子，是每一位海思的平凡儿女成为时代英雄的日子!华为立志，将数字世界带给每个人、每个家庭、每个组织，构建万物互联的智能世界，我们仍将如此。今后，为实现这一理想，我们不仅要保持开放创新，更要实现科技自立!今后的路,不会再有另一个十年来打造备胎然后再换胎了，缓冲区已经消失，每一个新产品一出生，将必须同步“科技自立\"的方案。前路更为艰辛，我们将以勇气、智慧和毅力，在极限施压下挺直脊梁，奋力前行!滔天巨浪方显英雄本色，艰难困苦铸造诺亚方舟。何庭波2019年5月17日凌晨", "author": "环球时报", "time": "环球时报05月17日10:27 来自微博weibo.com", "transmit": 2659, "comment": 2142, "zan": 16385, "sentiment": [{"positive_prob": 0.973835, "confidence": 0.941856, "negative_prob": 0.0261647, "sentiment": 2}]}, {"text": "【华为产业链人士：#华为库存准备至少够缓冲一年#】华为运营商BG的一名负责人表示，“十多年前，IBM就在华为内部提出了业务连续性管理，为的就是防止今天的情况，内部有一些替代计划，虽然性能上在短期可能不能媲美原有方案，但维持业务连续性并没有问题。”一名产业链人士表示，“从华为去年的布局情况来看，已经预料到了相关的情况，并且在一些关键芯片领域做了大量的库存准备。”在未来一年的时间中，华为给自己留了缓冲期。（一财）", "author": "新浪财经", "time": "新浪财经05月17日14:20 来自微博weibo.com", "transmit": 1716, "comment": 3658, "zan": 13791, "sentiment": [{"positive_prob": 0.555084, "confidence": 0.0112984, "negative_prob": 0.444916, "sentiment": 2}]}, {"text": "燃！华为海思总裁凌晨致信员工：多年备胎一夜转“正”，今后要科技自立！​", "author": "共青团中央", "time": "共青团中央05月17日11:51 来自微博weibo.com", "transmit": 4935, "comment": 3343, "zan": 28491, "sentiment": [{"positive_prob": 0.637021, "confidence": 0.19338, "negative_prob": 0.362979, "sentiment": 2}]}, {"text": "【#华为海思总裁凌晨致信员工#：多年备胎一夜转“正”，曾言以工程师为一生荣耀】5月17日凌晨，华为海思总裁何庭波发表致员工信，表达华为科技自立的决心。她表示，“公司多年前就做出了极限生存的假设，为公司的生存打造备胎，今天所有备胎一夜之间全部转正!”@老板联播L老板联播的秒拍视频​", "author": "梨视频", "time": "梨视频05月17日12:11 来自微博weibo.com", "transmit": 354, "comment": 495, "zan": 3848, "sentiment": [{"positive_prob": 0.643529, "confidence": 0.207843, "negative_prob": 0.356471, "sentiment": 2}]}, {"text": "#华为备胎转正#【华为轮值董事长胡厚崑：能够保障在极端情况下，公司经营不受大的影响】5月16日，美国商务部工业与安全局（BIS）将华为列入所谓“实体清单”，这意味着，没有美国政府的许可下，美国企业不得给华为供货。华为轮值董事长胡厚崑在内部发布的《致员工的一封信》中表示，这是美国政府处于政治目的持续打压华为的最新一步。“对此，公司在多年前就有所预计，并在研究开发、业务连续性等方面进行了大量投入和充分准备，能够保障在极端情况下，公司经营不受大的影响。”#华为海思总裁凌晨致信员工#同时，5月17日凌晨，《海思总裁致员工的一封信》中提及了华为的“备胎”策略。文中写道：“多年前，还是云淡风轻的季节，公司做出了极限生存的假设，预计有一天，所有美国的先进芯片和技术将不可获得，华为仍将持续为客户服务。为了这个以为永远不会发生的假设，数千海思儿女，走上了科技史上最为悲壮的长征，为公司的生存打造’备胎’。”华为的备胎策略浮出水面，海思总裁还表示：“今天是历史的选择，所有我们曾经打造的备胎，一夜之间全部转正’。”O华为轮值董事长胡厚崑：能够保障在极端情况下，公司经营不受大的影响", "author": "21世纪经济报道", "time": "21世纪经济报道05月17日08:27 来自微博weibo.com", "transmit": 2579, "comment": 1, "zan": 10468, "sentiment": [{"positive_prob": 0.0541392, "confidence": 0.879691, "negative_prob": 0.945861, "sentiment": 0}]}, {"text": "【华为遭美打压后：6家美国供应商股价狂泻，逾500亿市值蒸发】#华为6家美国供应商500亿市值蒸发#近日美国商务部正式将华为列入“实体清单”，禁止美企向华为出售相关技术和产品。#华为库存准备至少够缓冲一年#商务部发言人高峰表示，坚决反对任何国家根据自己的国内法对中国的实体实施单边制裁，敦促美方停止错误做法。而在华为遭美打压后，6家美国供应商股价暴跌，逾500亿市值蒸发。#华为海思总裁深夜发文##华为保密柜的备胎芯片全部转正#O华为遭美打压后：6家美国供应商股价狂泻，逾500亿市值蒸发", "author": "每日经济新闻", "time": "每日经济新闻05月17日19:01 来自搜狗高速浏览器", "transmit": 519, "comment": 1321, "zan": 4089, "sentiment": [{"positive_prob": 0.956173, "confidence": 0.902608, "negative_prob": 0.0438266, "sentiment": 2}]}, {"text": "【美国施压下，#马克龙公开反对华为禁令#】当地时间5月16日法国总统马克龙在巴黎的科技峰会“VivaTech”上表示，“我们的观点不是要封锁华为或任何一家公司”，“现在对任何国家发起一场科技战或贸易战，都是不恰当的”。（《环球时报》三缺二视频组）@这视频L这视频的秒拍视频​", "author": "环球时报", "time": "环球时报05月17日16:50 来自微博weibo.com", "transmit": 247, "comment": 342, "zan": 1504, "sentiment": [{"positive_prob": 0.751144, "confidence": 0.446988, "negative_prob": 0.248856, "sentiment": 2}]}, {"text": "【#华为海思总裁谈美国封堵#：曾经打造的备胎，一夜之间全部转正】针对美国商务部工业和安全局（BIS）把华为列入“实体名单”，5月17日凌晨，华为旗下的芯片公司海思半导体总裁何庭波发布了一封致员工的内部信称，华为多年前已经做出过极限生存的假设，预计有一天，所有美国的先进芯片和技术将不可获得，而华为仍将持续为客户服务。何庭波表示，海思将启用“备胎”计划，兑现为公司对于客户持续服务的承诺，以确保公司大部分产品的战略安全，大部分产品的连续供应，“这是历史的选择，所有我们曾经打造的备胎，一夜之间全部‘转正’！”O华为海思总裁谈美国封堵：曾经打造的备胎，一夜之间全部转正", "author": "澎湃新闻", "time": "澎湃新闻05月17日10:21 来自微博weibo.com", "transmit": 337, "comment": 1343, "zan": 1699, "sentiment": [{"positive_prob": 0.862136, "confidence": 0.693635, "negative_prob": 0.137864, "sentiment": 2}]}, {"text": "【#华为公司致信员工#：多年前已预计美国打压，困难挡不住前进步伐】刚刚，环球网编辑部收到华为公司总裁办致员工的一封信。以下是信件全文： 致员工的一封信 美国商务部工业与安全局（BIS）将华为列入所谓“实体清单”的决定，是美国政府出于政治目的持续打压华为的最新一步。对此，公司在多年前就有所预计，并在研究开发、业务连续性等方面进行了大量投入和充分准备，能够保障在极端情况下，公司经营不受大的影响。 时间将会揭开虚伪的面具，阴霾过后阳光必然普照。请大家坚定信心，踏踏实实做好本职工作，持续奋斗。任何艰难困苦，都不能阻挡我们前进的步伐。 附华为媒体声明： 华为反对美国商务部工业与安全局（BIS）的决定。 这不符合任何一方的利益，会对与华为合作的美国公司造成巨大的经济损失，影响美国数以万计的就业岗位，也破坏了全球供应链的合作和互信。 华为将尽快就此事寻求救济和解决方案，采取积极措施，降低此事件的影响。 二〇一九年五月十六日#华为海思总裁凌晨致信员工#", "author": "环球网", "time": "环球网05月17日08:10", "transmit": 576, "comment": 432, "zan": 5030, "sentiment": [{"positive_prob": 0.0675762, "confidence": 0.849831, "negative_prob": 0.932424, "sentiment": 0}]}, {"text": "看了华为海思总裁给员工的信，深为感动。华为不仅是硬骨头，而且有智慧，清醒，有韧性。美国的供货限制打不垮早就在为这一黑暗时刻未雨绸缪的华为，相信这会是华为成为更强大公司的一次再出发。强大起来都是被迫的，是在极限条件下物竞天择的结果。在美国对中国的这场战略胁迫中，华为意外站到了最突出、承重最大的位置上。历史上从未有过一家公司被美国政府如此大规模地动用国力全面打压过，华为的屹立不倒已经成为中国屹立不倒的象征。美国全面抛弃商业原则，不讲法律，直接动用行政权力对华为开展野蛮打压，相信这让中国人彻底看懂了中美贸易战的性质，看清了美国政治精英群体试图击垮中国发展的恶毒野心。是中国人放弃任何幻想的时候了，仅仅用让步换不来美国的善意，中国自强是获得美国与我们和平共处的根本依靠。我们必须准备与美国国家性格中帝国主义的那些邪恶东西进行较量。华为的遭遇还告诉我们，无论是国企还是民企，无论你在中国处于什么位置，我们注定在与美国的这场冲突中是同一个阵营。除了团结一心，共度时艰，去争取对美这场漫长博弈的最终胜利，我们别无选择。贸易战已经逐渐有了“战争”的越来越多的涵义，这也让国家从生产到消费的每一个环节都有了额外的意义。让我们进一步壮大起来，让我们找到在中美贸易战恶劣条件下继续扩大改革开放的创新方式。我们不能搞收缩式防守，我们必须不断扩大中国社会的活力。华为不能输，中国不能输。这是我们这一两代人的现实利益，也是我们对于中华民族悠长历史的责任。", "author": "胡锡进", "time": "胡锡进05月17日15:08 来自搜狗高速浏览器", "transmit": 1811, "comment": 2416, "zan": 8334, "sentiment": [{"positive_prob": 0.95402, "confidence": 0.897821, "negative_prob": 0.0459803, "sentiment": 2}]}, {"text": "华为海思总裁凌晨致信员工：多年备胎一夜转“正”，今后要科技自立！​", "author": "紫光阁", "time": "紫光阁05月17日12:56 来自紫宝宝的Android", "transmit": 1016, "comment": 752, "zan": 5552, "sentiment": [{"positive_prob": 0.576127, "confidence": 0.0580593, "negative_prob": 0.423873, "sentiment": 2}]}, {"text": "【华为公司致信员工：多年前已预计美国打压，困难挡不住前进步伐】据@环球网环球网编辑部收到华为公司总裁办致员工的一封信。以下是信件全文：致员工的一封信美国商务部工业与安全局（BIS）将华为列入所谓“实体清单”的决定，是美国政府出于政治目的持续打压华为的最新一步。对此，公司在多年前就有所预计，并在研究开发、业务连续性等方面进行了大量投入和充分准备，能够保障在极端情况下，公司经营不受大的影响。时间将会揭开虚伪的面具，阴霾过后阳光必然普照。请大家坚定信心，踏踏实实做好本职工作，持续奋斗。任何艰难困苦，都不能阻挡我们前进的步伐。附华为媒体声明：华为反对美国商务部工业与安全局（BIS）的决定。这不符合任何一方的利益，会对与华为合作的美国公司造成巨大的经济损失，影响美国数以万计的就业岗位，也破坏了全球供应链的合作和互信。华为将尽快就此事寻求救济和解决方案，采取积极措施，降低此事件的影响。二〇一九年五月十六日", "author": "头条新闻", "time": "头条新闻05月17日09:00 来自微博weibo.com", "transmit": 325, "comment": 548, "zan": 1764, "sentiment": [{"positive_prob": 0.0365703, "confidence": 0.918733, "negative_prob": 0.96343, "sentiment": 0}]}, {"text": "【#华为海思总裁致信员工#多年备胎一夜转“正”，今后要科技自立！】华为海思总裁何庭波今天凌晨致员工信称，多年前，还是云淡风轻的季节，公司做出了极限生存的假设，预计有一天，所有美国的先进芯片和技术将不可获得，而华为仍将持续为客户服务。为了这个以为永远不会发生的假设，数千海思儿女，走上了科技史上最为悲壮的长征，为公司的生存打造“备胎”。今天，是历史的选择，所有我们曾经打造的备胎，一夜之间全部转“正”！@环球网", "author": "中国日报", "time": "中国日报05月17日09:04", "transmit": 336, "comment": 227, "zan": 1095, "sentiment": [{"positive_prob": 0.84947, "confidence": 0.665489, "negative_prob": 0.15053, "sentiment": 2}]}, {"text": "【硬气！中国最厉害的芯片女掌门何庭波】今日凌晨，海思总裁何庭波发表了一封激情澎湃的全员信。她在信中表示，今天，是历史的选择，所有我们曾经打造的备胎，一夜之间全部转“正”！多年心血，在一夜之间兑现为公司对于客户持续服务的承诺。是的，这些努力，已经连成一片，挽狂澜于既倒，确保了公司大部分产品的战略安全，大部分产品的连续供应！全球半导体产业一直为男性主导，鲜有女性出彩。缔造海思奇迹的何庭波，改写了这个历史。#华为海思总裁凌晨致信员工#O硬气！中国最厉害的芯片女掌门何庭波", "author": "中国妇女报", "time": "中国妇女报05月17日15:45 来自英妹的iPhone客户端", "transmit": 2427, "comment": 382, "zan": 2650, "sentiment": [{"positive_prob": 0.904776, "confidence": 0.788391, "negative_prob": 0.0952242, "sentiment": 2}]}, {"text": "【外交部：美歧视性打压特定企业不利于5G发展最终不符合任何国家利益】16日，法国总统马克龙在被问及美国在5G建设上限制中国科技企业发展时表示，现在对另一个国家发动“科技战”或者“贸易战”是不合适的。法方坚持多边主义，主张开展合作，不会对华为或其他任何企业采取封锁行为。今天，中国外交部发言人陆慷表示，中方赞赏法方对中国科技企业参与5G建设表明的公正态度，美方滥用“国家安全标准”，采取打压限制特定企业的歧视性做法不仅不利于5G的发展，也有悖公平竞争原则，最终不符合任何国家利益。（央视）L央视新闻的秒拍视频", "author": "人民网", "time": "人民网05月17日17:07 来自搜狗高速浏览器", "transmit": 107, "comment": 83, "zan": 533, "sentiment": [{"positive_prob": 0.131963, "confidence": 0.706748, "negative_prob": 0.868037, "sentiment": 0}]}, {"text": "【#华为海思总裁公开信#：多年备胎一夜转“正”，今后要科技自立！】5月17日，海思总裁何庭波发布公开信。她表示，多年前，还是云淡风轻的季节，公司做出了极限生存的假设，预计有一天，所有美国的先进芯片和技术将不可获得，而华为仍将持续为客户服务。为了这个以为永远不会发生的假设，数千海思儿女，走上了科技史，上最为悲壮的长征，为公司的生存打造“备胎”。今天，是历史的选择，所有曾经打造的备胎，一夜之间全部转“正”！O海思总裁公开信:备胎转正兑现为客户持续服务的承诺", "author": "新浪财经", "time": "新浪财经05月17日08:42 来自微博weibo.com", "transmit": 457, "comment": 190, "zan": 902, "sentiment": [{"positive_prob": 0.861753, "confidence": 0.692783, "negative_prob": 0.138247, "sentiment": 2}]}, {"text": "【#华为海思总裁凌晨致信员工#：多年备胎一夜转正今后要科技自立】华为海思总裁17日凌晨在邮件中称，此刻估计您已得知华为被列入美国实体名单，多年前，还是云淡风轻的季节，公司做出了极限生存的假设，预计有一天，所有美国的先进芯片和技术将不可获得，而华为仍将持续为客户服务。今天，是历史的选择，所有我们曾经打造的备胎，一夜之间全部转\"正\"！#华为海思总裁谈美国封堵#O华为海思总裁凌晨致信：多年备胎一夜转正今后要科技自立", "author": "凤凰网财经", "time": "凤凰网财经05月17日08:51 来自专业版微博", "transmit": 561, "comment": 1590, "zan": 4336, "sentiment": [{"positive_prob": 0.956229, "confidence": 0.902732, "negative_prob": 0.0437706, "sentiment": 2}]}, {"text": "【华为在英国发布最新5G手机】随着英国电信运营商准备在部分地区开通5G网络服务，中国华为16日在伦敦发布Mate20X5G版本手机。这款手机预计将于今年6月在英国上市。　　华为Mate20X5G版本手机的最大特点是搭载了华为首款7纳米工艺多模5G芯片巴龙5000。这款芯片被誉为“华为最强”。该手机的主要配置与此前发布的4G版接近，采用麒麟980处理器，配备7.2英寸全景巨幕屏等。　　据介绍，新发布的5G手机产品在5月底开始接受预订，6月开始就会由EE、02、沃达丰等英国电信运营商以及一些指定的经销商开始销售。　　华为西欧地区消费者业务首席营销官安德鲁·加里希在发布会上说：“我们投入了大量资源和精力来构建适用不同设备、网络以及芯片组的5G解决方案，以确保能为消费者带来更好、更加无缝的5G体验。”　　此前，华为已在今年2月举行的世界移动通信大会上首次推出基于5G技术的商用手机MateX。这款智能手机采用折叠屏设计，同样搭载了巴龙5000。英国的5G发展速度目前走在欧洲前列，多家运营商已计划在一些城市陆续开通5G服务。主要电信运营商之一的沃达丰本月14日宣布，7月初开始会在伦敦等7个城市开通5G网络服务，年底前还将在另外12个城市开通相关服务。在沃达丰为消费者提供的首批5G智能手机产品名单中，除一款来自三星，其余都是中国厂商华为和小米的产品。（新华视点）", "author": "环球时报", "time": "环球时报05月17日13:50 来自微博weibo.com", "transmit": 99, "comment": 253, "zan": 829, "sentiment": [{"positive_prob": 0.954718, "confidence": 0.899374, "negative_prob": 0.0452818, "sentiment": 2}]}, {"text": "【#华为在英国发布最新5G手机#：搭载芯片被誉为“华为最强”！】随着英国电信运营商准备在部分地区开通5G网络服务，中国华为16日在伦敦发布Mate20X5G版本手机。这款手机预计将于今年6月在英国上市。据悉，华为Mate20X5G版本手机的最大特点是搭载了华为首款7纳米工艺多模5G芯片巴龙5000。这款芯片被誉为“华为最强”。O华为在英国发布最新5G手机今年6月在英上市", "author": "新浪财经", "time": "新浪财经05月17日10:15 来自微博weibo.com", "transmit": 163, "comment": 229, "zan": 696, "sentiment": [{"positive_prob": 0.946993, "confidence": 0.882207, "negative_prob": 0.0530069, "sentiment": 2}]}, {"text": "华为P30+网红料理锅，全送你！赞这条，关注我和@一米妈妈价值5000送一人！23号开[米奇比心]​", "author": "钱贵人", "time": "钱贵人05月17日21:09 来自微博weibo.com", "transmit": 5303, "comment": 6291, "zan": 34582, "sentiment": [{"positive_prob": 0.937123, "confidence": 0.860272, "negative_prob": 0.0628774, "sentiment": 2}]}, {"text": "今天一天下来，大部分美系半导体都停止了向华为供货，也停止了商务活动，只有少部分蛋大而且痛恨金毛的美企保持沉默。但不管怎么样，供应链实际已经断了，尤其是服务器业务，华为也通知了其他重要日韩供应商暂停提货，等待解决其他主要器件。高通，博通，intel，Nvidia，美光，skyworks，Ti，Onsemi，HP，dell等公司都停了，虽然都是各种大写的无奈，但狗日的疯王启动的是国家紧急状态，一般公司谁也不敢惹叛国的麻烦，选择先停下来再观望。现在就真的到了检验备胎计划到底是一句口号，还是海思真的可以一己之力挑战美国所有顶尖公司。至暗时刻，愿天佑华为，天佑中华。", "author": "摩卡", "time": "摩卡05月17日20:23 来自OnePlus7Pro", "transmit": 2781, "comment": 6195, "zan": 5238, "sentiment": [{"positive_prob": 0.419198, "confidence": 0.0684485, "negative_prob": 0.580802, "sentiment": 0}]}, {"text": "【#华为海思致信员工#：多年备胎一夜转“正”，今后要科技自立！】今天凌晨，华为海思总裁就华为被列入美国商务部工业和安全局(BIS)的“实体名单”一事，致信员工：多年前，还是云淡风轻的季节，公司做出了极限生存的假设，预计有一天，所有美国的先进芯片和技术将不可获得，而华为仍将持续为客户服务。为了这个以为永远不会发生的假设，数千海思儿女，走上了科技史上最为悲壮的长征，为公司的生存打造“备胎”。数千个日夜中，我们星夜兼程，艰苦前行。今天，是历史的选择，所有我们曾经打造的备胎，一夜之间全部转“正”！今后，我们不仅要保持开放创新，更要实现科技自立！@央视新闻", "author": "中国新闻网", "time": "中国新闻网05月17日10:50 来自360安全浏览器", "transmit": 135, "comment": 130, "zan": 691, "sentiment": [{"positive_prob": 0.978206, "confidence": 0.951568, "negative_prob": 0.0217944, "sentiment": 2}]}, {"text": "【华为产业链人士：#华为库存准备至少够缓冲一年#】华为曾披露，去年核心供应商名单共有92家，美国供应商占最多，达33家，占比约36%。其次为中国，有24家，比例为27%。按产品类别划分，华为对美国的集成电路、软件、光通讯等厂商依赖度颇高。“但从华为去年的布局情况来看，已经预料到了相关的情况，并且在一些关键芯片领域做了大量的库存准备。”产业链的一名人士对记者说，在未来一年的时间中，华为给自己留了缓冲期。O华为产业链人士：华为库存准备至少够缓冲一年", "author": "第一财经日报", "time": "第一财经日报05月17日14:19 来自微博weibo.com", "transmit": 167, "comment": 754, "zan": 1142, "sentiment": [{"positive_prob": 0.921122, "confidence": 0.824717, "negative_prob": 0.0788775, "sentiment": 2}]}, {"text": "#华为海思总裁凌晨致信员工#昨晚上，洛杉矶一朋友告诉了我有关美商务部对华为下手的事，他觉得华为会遭遇困境。我告诉他，华为不是中兴通讯，华为有海思，早有准备。在孟女士被加拿大人非法扣押之时，华为应该在加速准备了。果然，早上看到消息，华为的所有备胎一夜之间全部转正，企业正常运转，不用像中兴通讯那样被人卡住了脖子，真是长国人志气，解气！这么一搞，华为不会倒，美国那些配套厂家倒是要倒了。这才真的是美帝搬起石头砸自己的脚！请特烂谱搬起石头，快使劲砸！美帝亡我之心不死，70年来从未改变。对此，我们应该有清醒的认识。向华为致敬！", "author": "白衣山猫", "time": "白衣山猫05月17日10:12 来自樱花烂漫时iPhoneX", "transmit": 619, "comment": 1912, "zan": 6130, "sentiment": [{"positive_prob": 0.0405601, "confidence": 0.909867, "negative_prob": 0.95944, "sentiment": 0}]}, {"text": "【#华为海思总裁凌晨致信员工#：多年备胎一夜转“正”，曾言以工程师为一生荣耀】5月17日凌晨，华为海思总裁何庭波发表致员工信，表达华为科技自立的决心。她表示，“公司多年前就做出了极限生存的假设，为公司的生存打造备胎，今天所有备胎一夜之间全部转正!”L老板联播的秒拍视频​", "author": "经济观察报", "time": "经济观察报05月17日15:30 来自微博weibo.com", "transmit": 64, "comment": 117, "zan": 592, "sentiment": [{"positive_prob": 0.637112, "confidence": 0.193582, "negative_prob": 0.362888, "sentiment": 2}]}]