[{"text": "●央视最新权威报道《华为，突围》18分钟完整版——非常全面介绍了华为如何用技术突破美国的包围，特别提到了华为荣耀智慧屏或将搭载鸿蒙系统！#华为#L建华Wei业的微博视频​", "author": "建华Wei业", "time": "建华Wei业07月21日19:35 来自HUAWEIMate20Pro", "transmit": 758, "comment": 175, "zan": 1832, "sentiment": [{"positive_prob": 0.953961, "confidence": 0.897691, "negative_prob": 0.0460392, "sentiment": 2}]}, {"text": "【任正非：特朗普希望将华为作为筹码中国不会买账】华为创始人兼总裁任正非近日在接受Yahoo财经专访时，就特朗普政府瞄准中国科技巨头的举动发表了讲话，强调华为不需要依赖美国公司生存。任正非说：“即使美国公司不再为我们提供设备，我们的生产都不会停下来，是一天都不会！相反，我们会提高产量。对华为而言，这根本没有任何威胁。”O任正非：特朗普希望将华为作为筹码中国不会买账", "author": "新浪财经", "time": "新浪财经07月21日18:27 来自微博weibo.com", "transmit": 178, "comment": 149, "zan": 1348, "sentiment": [{"positive_prob": 0.0148746, "confidence": 0.966945, "negative_prob": 0.985125, "sentiment": 0}]}, {"text": "B站看到网友写的一段很有意义的话，共勉吧：华为让中国的通信不再受制于人。小米拉低了智能手机的“准入门槛”。没有华为，也许我们现在还在5G建设上没有话语权；没有小米，也许我们现在还在花3000用625。两家企业都是中国骄傲。5G关系到民生、国防，这是超越了企业利益、事关国家民族感情和尊严的事，小米投票给了华为。某些国家见不得中国的好，就开始用下流手段遏制中国。某些外企双标，对洋人唯唯诺诺，对华人颐指气使。两家企业的价值观不一样。华为站在科技尖端，需要利润来搞研发，无可非议；小米追求的是物美价廉，极致性价比。买手机纯属个人喜好，干嘛要上纲上线。真正的花粉和米粉也不会互撕，甚至是人身攻击。如果哪天华为和小米都倒了，真正高兴的是那些外国人。那样他们就能坐收渔翁之利了。", "author": "科技Yu", "time": "科技Yu07月21日00:16", "transmit": 63, "comment": 263, "zan": 1345, "sentiment": [{"positive_prob": 0.0279094, "confidence": 0.937979, "negative_prob": 0.972091, "sentiment": 0}]}, {"text": "当祖国和人民需要我们的时候朱小华为救战友牺牲，年仅24岁。L中国军视网的微博视频​", "author": "中国维和警察", "time": "中国维和警察07月21日23:45 来自小米9透明尊享版", "transmit": 21, "comment": 66, "zan": 443, "sentiment": [{"positive_prob": 0.577628, "confidence": 0.0613964, "negative_prob": 0.422372, "sentiment": 2}]}, {"text": "易烊千玺❤️#千玺在nova星等你#💌四色nova魅力四射千面千玺因为有你昆明的天气像个七月的小孩子反反复复，偶有的阵雨，潮湿的空气，也因为有你有我而变得阳光明媚。跨越不同的城区，相约爱琴海的华为体验店。这一刻因你不同活动中涂鸦的nova手绘板是你我关于艺术的交流；华为学堂是你来我往的互相交流；你问我答是一次次情感联系的纽带；你画我猜是默契的考验（除去那个灰姑娘的毒苹果）总之今天一天都很明媚感谢华为昆明爱琴海体验店的真诚邀请以及各位可爱云鹤的热情参与，期待我们的下一次相遇❤️", "author": "易烊千玺云南粉丝团", "time": "易烊千玺云南粉丝团07月21日22:16 来自HUAWEInova3", "transmit": 144, "comment": 49, "zan": 221, "sentiment": [{"positive_prob": 0.985379, "confidence": 0.967509, "negative_prob": 0.014621, "sentiment": 2}]}, {"text": "【任正非：特朗普希望将华为作为筹码中国不会买账】据@观察者网，任正非接受Yahoo财经专访，就特朗普政府瞄准中国科技巨头的举动发表讲话。他表示：“即使美国公司不再提供设备，我们的生产都不会停下来，一天都不会！相反，我们会提高产量。对华为而言，这根本没有任何威胁。”O任正非：特朗普希望将华为作为筹码中国不会买账​", "author": "新浪科技", "time": "新浪科技07月21日18:34 来自微博weibo.com", "transmit": 33, "comment": 29, "zan": 202, "sentiment": [{"positive_prob": 0.0202797, "confidence": 0.954934, "negative_prob": 0.97972, "sentiment": 0}]}, {"text": "白岩松：美对华为禁令无实质性改变发展才是更大底气#白岩松评美对华为禁令#L凤凰网科技的微博视频​", "author": "凤凰网科技", "time": "凤凰网科技07月21日07:50 来自微博视频", "transmit": 213, "comment": 145, "zan": 192, "sentiment": [{"positive_prob": 0.90857, "confidence": 0.796822, "negative_prob": 0.0914302, "sentiment": 2}]}, {"text": "【任正非：家人觉得我和特朗普性格相似，都有点强势】7月20日，任正非接受雅虎财经采访时表示，我们从来都欢迎美国方面来华为参观，但一些美国政客不愿来，从门前经过也不进来，别人开会宁愿在外面等着。提到特朗普时，任正非说，家人认为他和特朗普性格相似，都有一点强势。@老板联播L老板联播的秒拍视频​​​", "author": "梨视频", "time": "梨视频07月21日23:18 来自iPhone客户端", "transmit": 21, "comment": 79, "zan": 178, "sentiment": [{"positive_prob": 0.841801, "confidence": 0.648447, "negative_prob": 0.158199, "sentiment": 2}]}, {"text": "#每经整点播#【每经17点丨任正非称华为手机今年预计出货2.7亿台，较2018年增加约7000万；北京公租房人脸识别系统正式启用，作假将难上加难】1、任正非：华为手机今年预计出货2.7亿台，较2018年增加约7000万台。当地时间7月20日，YahooFinance播发了对华为CEO任正非的部分采访实录。任正非透露，在麒麟已经有完整芯片解决方案的前提下，华为去年依然采购了5000万颗高通芯片。今年，公司授权消费者业务可以采购足量的高通芯片，而且预计智能手机总出货会达到2.7亿部。2018年华为终端总共售出了大约2.06亿台手机。2、科创板首批公司上市签约仪式在上交所举行。3、安泰科技：天宜上佳明日科创板上市启赋安泰基金持股1.75%。4、大族激光：与控股股东在瑞士的投资项目无任何银行资金往来。5、#北京公租房人脸识别系统启用#。O每经17点丨任正非称华为手机今年预计出货2.7亿台，较2018年增加约7000万；北京公租房人脸识别系统正式启用，作假将难上加难O每经17点丨任正非称华为手机今年预计出货2.7亿台", "author": "每日经济新闻", "time": "每日经济新闻07月21日17:14 来自微博weibo.com", "transmit": 9, "comment": 16, "zan": 95, "sentiment": [{"positive_prob": 0.956845, "confidence": 0.904101, "negative_prob": 0.0431546, "sentiment": 2}]}, {"text": "不知道的还真以为是华为Mate20的广告​", "author": "防务君", "time": "防务君07月21日07:52 来自360安全浏览器", "transmit": 57, "comment": 113, "zan": 303, "sentiment": [{"positive_prob": 0.237083, "confidence": 0.473149, "negative_prob": 0.762917, "sentiment": 0}]}, {"text": "#每经整点播#【每经22点丨研究：青少年过度使用社交媒体易抑郁，看电视加重病情；国际炭黑巨头宣布涨价，国内企业有望迎来补涨】1、【#任正非称鸿蒙暂无计划用于手机#，华为和谷歌都在努力解决目前的问题】任正非在7月20日的雅虎财经专访中表示，华为鸿蒙暂无运用于手机的计划。只有当谷歌不再是一种选择时，才会投入新手机系统的研发。他相信，谷歌与华为一样都在努力解决目前面临的问题，希望能有所回报。2、7月21日起#参观布达拉宫需预约#；3、新研究：青少年#过度使用社交媒体易抑郁#，看电视加重病情；4、监管层规范公募机构转融通业务流程。O每经22点丨研究：青少年过度使用社交媒体易抑郁，看电视加重病情；国际炭黑巨头宣布涨价，国内企业有望迎来补涨O每经22点丨研究：青少年过度使用社交媒体易抑郁，看电视加重病情", "author": "每日经济新闻", "time": "每日经济新闻07月21日22:10 来自微博weibo.com", "transmit": 16, "comment": 18, "zan": 76, "sentiment": [{"positive_prob": 0.955606, "confidence": 0.901347, "negative_prob": 0.0443939, "sentiment": 2}]}, {"text": "【#任正非称鸿蒙暂无计划用于手机#，华为和谷歌都在努力解决目前的问题】任正非在7月20日的雅虎财经专访中表示，华为鸿蒙暂无运用于手机的计划。只有当谷歌不再是一种选择时，才会投入新手机系统的研发。他相信，谷歌与华为一样都在努力解决目前面临的问题，希望能有所回报。@老板联播L老板联播的秒拍视频", "author": "凤凰网财经", "time": "凤凰网财经07月21日21:30", "transmit": 45, "comment": 80, "zan": 212, "sentiment": [{"positive_prob": 0.613489, "confidence": 0.141087, "negative_prob": 0.386511, "sentiment": 2}]}, {"text": "【任正非：家人觉得我和特朗普性格相似，都有点强势】7月20日，任正非接受雅虎财经采访时表示，我们从来都欢迎美国方面来华为参观，但一些美国政客不愿来，从门前经过也不进来，别人开会宁愿在外面等着。提到特朗普时，任正非说，家人认为他和特朗普性格相似，都有一点强势。L老板联播的秒拍视频​​​", "author": "凤凰网财经", "time": "凤凰网财经07月21日22:24", "transmit": 38, "comment": 66, "zan": 214, "sentiment": [{"positive_prob": 0.833033, "confidence": 0.628962, "negative_prob": 0.166967, "sentiment": 2}]}, {"text": "“华为手机，你是我的骄傲；华为手机，我为你自豪。”这歌被改成这样，我也是醉了。L王建伟1988的微博视频​", "author": "王建伟1988", "time": "王建伟198807月21日23:50 来自彩虹屁制造机", "transmit": 149, "comment": 261, "zan": 1013, "sentiment": [{"positive_prob": 0.468703, "confidence": 0.374051, "negative_prob": 0.531297, "sentiment": 1}]}, {"text": "【白宫将讨论华为禁售令特朗普称美中通话“谈得很好”】路透社：在中美经贸高级别磋商双方牵头人通话后，白宫将于下周召集美国半导体和软件行业高管讨论有关华为的禁售令。在有迹象显示中美可能将再度举行面对面会谈以结束长达一年的贸易战之际，美国总统特朗普在当地时间19日说，姆努钦与中方代表进行了很好的通话。O白宫将讨论华为禁售令特朗普称美中通话“谈得很好”", "author": "参考消息", "time": "参考消息07月21日11:23 来自微博weibo.com", "transmit": 43, "comment": 32, "zan": 67, "sentiment": [{"positive_prob": 0.971868, "confidence": 0.937484, "negative_prob": 0.0281323, "sentiment": 2}]}, {"text": "【#任正非称鸿蒙暂无计划用于手机#，华为和谷歌都在努力解决目前的问题】任正非在7月20日的雅虎财经专访中表示，华为鸿蒙系统暂无运用于手机的计划。只有当谷歌不再是一种选择时，才会投入新手机系统的研发。他相信，谷歌与华为一样都在努力解决目前面临的问题，希望能有所回报。L老板联播的秒拍视频​", "author": "老板联播", "time": "老板联播07月21日21:21 来自专业版微博", "transmit": 15, "comment": 41, "zan": 144, "sentiment": [{"positive_prob": 0.659788, "confidence": 0.243974, "negative_prob": 0.340212, "sentiment": 2}]}, {"text": "【任正非：特朗普希望将华为作为筹码中国不会买账】华为创始人兼总裁任正非近日在接受Yahoo财经专访时，就特朗普政府瞄准中国科技巨头的举动发表了讲话，强调华为不需要依赖美国公司生存。Yahoo财经7月21日发布了部分采访实录，任正非说：“即使美国公司不再为我们提供设备，我们的生产都不会停下来，是一天都不会！相反，我们会提高产量。对华为而言，这根本没有任何威胁。”O任正非：特朗普希望将华为作为筹码中国不会买账", "author": "凤凰网财经", "time": "凤凰网财经07月21日19:00 来自微博weibo.com", "transmit": 45, "comment": 80, "zan": 301, "sentiment": [{"positive_prob": 0.013735, "confidence": 0.969478, "negative_prob": 0.986265, "sentiment": 0}]}, {"text": "华为M68.4寸版有鬼触问题？还有人同问题么？L小白测评的微博视频​", "author": "小白测评", "time": "小白测评07月21日22:08", "transmit": 12, "comment": 427, "zan": 1119, "sentiment": [{"positive_prob": 0.299594, "confidence": 0.334235, "negative_prob": 0.700406, "sentiment": 0}]}, {"text": "本来想给大家秀段东北话的.不过还是给大家秀段#这就是nova舞#吧.超酷的舞蹈.老铁们学起来.这也是必须的！！#华为nova5#你比夜色更美！L穆童Funkytomin-NewFunky的秒拍视频​", "author": "穆童-FunkyTomin", "time": "穆童-FunkyTomin07月21日22:20 来自nova5Pro人像超级夜景", "transmit": 10, "comment": 94, "zan": 260, "sentiment": [{"positive_prob": 0.897332, "confidence": 0.77185, "negative_prob": 0.102668, "sentiment": 2}]}, {"text": "【白宫将讨论华为禁售令特朗普称美中通话“谈得很好”】外媒称，在中美经贸高级别磋商双方牵头人通话后，白宫将于下周召集美国半导体和软件行业高管讨论有关华为的禁售令。据路透社7月19日报道，在有迹象显示中美可能将再度举行面对面会谈以结束长达一年的贸易战之际，美国总统特朗普当地时间19日说，姆努钦与中方代表进行了很好的通话。O白宫将讨论华为禁售令特朗普称美中通话“谈得很好”", "author": "凤凰网财经", "time": "凤凰网财经07月21日11:00 来自微博weibo.com", "transmit": 35, "comment": 42, "zan": 119, "sentiment": [{"positive_prob": 0.97165, "confidence": 0.937001, "negative_prob": 0.0283495, "sentiment": 2}]}, {"text": "【任正非：家人觉得我和特朗普性格相似，都有点强势】7月20日，任正非接受雅虎财经采访时表示，我们从来都欢迎美国方面来华为参观，但一些美国政客不愿来，从门前经过也不进来，别人开会宁愿在外面等着。提到特朗普时，任正非说，家人认为他和特朗普性格相似，都有一点强势。L老板联播的秒拍视频​", "author": "老板联播", "time": "老板联播07月21日20:12 来自微博weibo.com", "transmit": 10, "comment": 12, "zan": 84, "sentiment": [{"positive_prob": 0.833033, "confidence": 0.628962, "negative_prob": 0.166967, "sentiment": 2}]}, {"text": "易烊千玺@TFBOYS-易烊千玺#千玺在nova星等你##与千玺理想生活一夏#烊烊的眼睛会说话红色的鹤儿读懂他【2019.7.20】吉林•长春重庆路华为授权体验店因为我们共同爱着一个人才一次次相聚在nova星上我们和小王子的浪漫故事还在续写期待和你的再次相遇​", "author": "易烊千玺吉林粉丝团", "time": "易烊千玺吉林粉丝团07月21日07:41 来自易烊千玺超话", "transmit": 9, "comment": 14, "zan": 67, "sentiment": [{"positive_prob": 0.880781, "confidence": 0.735069, "negative_prob": 0.119219, "sentiment": 2}]}, {"text": "【任正非：华为在新技术方面远超美国公司，从未恶意窃取过知识产权】7月20日，任正非在接受雅虎财经访问中称，在新技术方面，华为远超美国公司，拥有11500项核心专利。华为从成立之初便重视知识产权，华为是盗窃知识产权中的受害者，从未恶意窃取过别人的。L老板联播的秒拍视频​", "author": "福布斯中文网", "time": "福布斯中文网07月21日22:06 来自iPhone客户端", "transmit": 17, "comment": 38, "zan": 108, "sentiment": [{"positive_prob": 0.971331, "confidence": 0.936291, "negative_prob": 0.0286692, "sentiment": 2}]}, {"text": "央视：美对华为禁令无实质性改变，发展才是更大底气！L凤凰网科技的微博视频​", "author": "电脑报", "time": "电脑报07月21日10:42 来自搜狗高速浏览器", "transmit": 32, "comment": 22, "zan": 81, "sentiment": [{"positive_prob": 0.81728, "confidence": 0.593956, "negative_prob": 0.18272, "sentiment": 2}]}, {"text": "【任正非：华为在新技术方面远超美国公司，从未恶意窃取过知识产权】任正非在7月20日的雅虎财经访问中称，在新技术方面华为远超美国公司，拥有11500项核心专利。华为从成立之初便重视知识产权，华为是盗窃知识产权中的受害者，从未恶意窃取过别人的。L老板联播的秒拍视频​", "author": "老板联播", "time": "老板联播07月21日21:34 来自专业版微博", "transmit": 14, "comment": 12, "zan": 70, "sentiment": [{"positive_prob": 0.969846, "confidence": 0.93299, "negative_prob": 0.0301543, "sentiment": 2}]}, {"text": "任正非在接受YahooFinance时透露，华为今年智能手机出货量会达到2.7亿台，去年华为的出货量是2亿台，在美国全面断供，极力围堵的情况下，华为依然可以保持如此迅猛的增长势头，特朗普看了估计又得大骂美国这些高科技企业不争气。但骂也没用，任正非表示，没有高通，华为依然可以生存，因为我们自己的芯片会越做越好。华为其实是中国经济的一个缩影，根据麦肯锡7月份的一个最新报告，中国对世界经济的依赖度开始降低，但其它国家对中国的依赖度却越来越高。2018年，中国全面社会消费品零售总额达38万亿，比上一年增长9%，2018年中国最终消费支出对国内生产总值增长的影响率为76.2%，比上年增加了18.6%。尽管美国的打压造成2季度华为手机在欧洲市场出现环比1.9%的下滑（同比依然上涨），但国内市场的强劲增长（占比达到46.1%）足以抵消外部市场的影响还有剩余。这也是美国打贸易战不合时宜且必定失败的原因之一。", "author": "陶永谊", "time": "陶永谊07月21日16:54 来自HUAWEIP30Pro", "transmit": 54, "comment": 121, "zan": 339, "sentiment": [{"positive_prob": 0.812144, "confidence": 0.582543, "negative_prob": 0.187856, "sentiment": 2}]}, {"text": "郑允浩哥哥怎么可以这么欲，又这么可爱！华为p30pro，追星女孩值得拥有！​", "author": "summeluvw", "time": "summeluvw07月21日00:34 来自郑允浩超话", "transmit": 20, "comment": 5, "zan": 25, "sentiment": [{"positive_prob": 0.919579, "confidence": 0.821287, "negative_prob": 0.0804209, "sentiment": 2}]}, {"text": "【任正非：华为在新技术方面远超美国公司，从未恶意窃取过知识产权】7月20日，任正非在接受雅虎财经访问中称，在新技术方面，华为远超美国公司，拥有11500项核心专利。华为从成立之初便重视知识产权，华为是盗窃知识产权中的受害者，从未恶意窃取过别人的。L老板联播的秒拍视频​", "author": "虎嗅APP", "time": "虎嗅APP07月21日21:37", "transmit": 37, "comment": 61, "zan": 245, "sentiment": [{"positive_prob": 0.971331, "confidence": 0.936291, "negative_prob": 0.0286692, "sentiment": 2}]}, {"text": "【任正非：华为手机今年预计出货2.7亿台】当地时间7月20日，YahooFinance播发了对华为CEO任正非的部分采访实录。任正非透露，在麒麟已经有完整芯片解决方案的前提下，华为去年依然采购了5000万颗高通芯片。今年，公司授权消费者业务可以采购足量的高通芯片，而且预计智能手机总出货会达到2.7亿部。O任正非：华为手机今年预计出货2.7亿台", "author": "凤凰网财经", "time": "凤凰网财经07月21日17:14 来自微博weibo.com", "transmit": 19, "comment": 53, "zan": 180, "sentiment": [{"positive_prob": 0.929672, "confidence": 0.843717, "negative_prob": 0.0703276, "sentiment": 2}]}, {"text": "【华为创始人任正非：华为手机今年预计出货2.7亿台！即使美国公司完全断供，华为公司也不会因此停产，相反我们还会增产】铮铮铁骨，硬核实力，唯有华为。当地时间7月20日，YahooFinance播发了对华为CEO任正非的部分采访实录。在被问及如何看待与Intel、高通、美光等在内美国公司的未来伙伴关系时，任正非表示，如果美国政府允许这些公司继续供货，我们会继续向他们购买产品，尽管某些领域我们已经开发出可以取而代之的竞品。他透露，在麒麟已经有完整芯片解决方案的前提下，华为去年依然采购了5000万颗高通芯片。今年，公司授权消费者业务可以采购足量的高通芯片，而且预计智能手机总出货会达到2.7亿部。任正非强调，他这么说想表达的是，没有高通华为依然可以生存，毕竟自家的芯片会随着时间的推移越做越好，不过，公司仍致力于可以继续保持合作伙伴关系。任正非在采访中还表示，即使美国公司完全断供，华为公司也不会因此而停产，相反我们还会增产，因为（禁令）根本没有威胁到华为的生存。O任正非：华为手机今年预计出货2.7亿台", "author": "人才76116", "time": "人才7611607月21日19:40 来自HUAWEIP20", "transmit": 25, "comment": 93, "zan": 247, "sentiment": [{"positive_prob": 0.891649, "confidence": 0.75922, "negative_prob": 0.108351, "sentiment": 2}]}]