[{"text": "不管多晚，TA都在等你回家。#华为AI音箱# O网页链接L华为终端官方微博的秒拍视频​​​", "author": "余承东", "time": "余承东03月05日20:01 来自华为Mate20保时捷设计", "transmit": 75, "comment": 361, "zan": 906, "sentiment": [{"positive_prob": 0.848123, "confidence": 0.662495, "negative_prob": 0.151877, "sentiment": 2}]}, {"text": "慢慢向华为党靠拢，送一堆手机壳，这条微博的是iphoneX的，ipX的，ipX的哦～如果机型一致，请顺手点个赞，我在点赞里选一位送，小礼物，请笑纳，莫嫌弃～btw，我不知道为什么买了奥特曼的因为有阵子MASON很迷他，我也被感染了…🙄​", "author": "久久妹妹", "time": "久久妹妹03月05日14:30", "transmit": 12, "comment": 163, "zan": 1341, "sentiment": [{"positive_prob": 0.964601, "confidence": 0.921335, "negative_prob": 0.0353992, "sentiment": 2}]}, {"text": "来自法国的摄影师MatthieuVenot，擅长用镜头在色彩中寻找生活的乐趣，看看摄影大神用华为手机捕捉到的那些近在身边的“诗和远方”。你是否也曾化身生活中的“缤纷捕捉者”，在评论区里分享你的色彩影像吧！​", "author": "华为手机", "time": "华为手机03月05日12:00 来自微博weibo.com", "transmit": 38, "comment": 94, "zan": 350, "sentiment": [{"positive_prob": 0.965022, "confidence": 0.922271, "negative_prob": 0.0349781, "sentiment": 2}]}, {"text": "慢慢向华为党靠拢，送三个手机壳，这条微博的是iphoneXSMAX的，ipXSMAX的，ipXSMAX的哦～如果机型一致，请顺手点个赞，我在点赞里选一位送，小礼物，请笑纳，莫嫌弃～​", "author": "久久妹妹", "time": "久久妹妹03月05日14:31", "transmit": 8, "comment": 138, "zan": 1139, "sentiment": [{"positive_prob": 0.98189, "confidence": 0.959755, "negative_prob": 0.0181103, "sentiment": 2}]}, {"text": "《纽约时报》报道华为将在美国起诉美国政府。刚才有媒体采访我此事，我真心感叹，华为还是有高人。起诉美国政府，打赢官司，我看华为也未必这么想，但是只要起诉，就有这么几个效果：1，说明华为是有底气的，如果华为有问题，真是存在安全方面的问题，被美国抓了包，绝不敢硬扛，还要起诉政府，现在华为站出来起诉美国政府，说明心中无鬼，那些说华为设备有安全问题，就是胡扯。2，这个球踢给美国政府和情报部门了。一个官员站出来说，华为5G设备有安全问题，这个容易，这是嘴炮，说你有问题，就有问题，别人没有办法。但是上了法庭，还是美国的法庭，你要把证据摆出来，这就不容易了，尤其是实锤的证据。这下美国政府就难了，你得花大钱，把这个证据找出来，实实在在放那里，这个也要让国际上技术专家认同吧？这个事，我看美国政府没有认真做，现在，做吧。除了花美国纳税人的钱，找不出来怎么办？3，打消世界上其它国家对华为的疑虑。美国政府长时间拿不出证据，这官司没有结果，还不是说明华为设备是过硬的，这让世界上其它国家对于华为设备疑虑能够消除，这对于华为5G设备走向世界有帮助。4，为华为做一个天大的广告。华为要在世界上做广告，要花多少钱？现在这事媒体都要报道，大家都知道美国政府指责华为拿不出多少实质性证据，知道华为的5G能力非常强大，华为的技术非常强大，这对于华为品牌形象提升是巨大的。在美国政府帮助下，华为奠定了世界顶级企业形象，起诉是把这个广告做的时间更长，影响更大。官司最后的结果，我们不需要太关注了，只要有这个过程，就是非常有价值。", "author": "飞象网项立刚", "time": "飞象网项立刚03月05日13:47 来自360安全浏览器", "transmit": 421, "comment": 133, "zan": 591, "sentiment": [{"positive_prob": 0.669987, "confidence": 0.266637, "negative_prob": 0.330013, "sentiment": 2}]}, {"text": "#芭莎带你看时装周#巴黎时装周接近尾声，这几天忙碌的芭姐带大家零距离欣赏了T台上优雅流畅的女性线条，挂着古典画作白色墙壁下掠过的丰富层次，还有白雪世界中的纯白篇章。除了磅礴的T台外，我们也用来自#女神的礼物##华为nova4#贝母白捕到了后台与场外的精彩瞬间！贝母白在巴黎，明天还有哪些精彩时刻？记得继续关注哦。", "author": "时尚芭莎", "time": "时尚芭莎03月05日20:17", "transmit": 54, "comment": 56, "zan": 212, "sentiment": [{"positive_prob": 0.996644, "confidence": 0.992543, "negative_prob": 0.00335585, "sentiment": 2}]}, {"text": "亚洲最大最炫美的景观大道大唐不夜城雕塑摄影人#西安发布##华为p20影像成诗#@中国图库tukuchina@西安市文化和旅游局@曲江旅游官方​", "author": "huayuan画鸢", "time": "huayuan画鸢03月05日06:40 来自中国图库超话", "transmit": 11, "comment": 118, "zan": 93, "sentiment": [{"positive_prob": 0.936645, "confidence": 0.859211, "negative_prob": 0.0633549, "sentiment": 2}]}, {"text": "#华为Mate20#将AI与古典音乐结合，补全舒伯特创作于近200年前的“第八交响曲”遗作，向经典致敬！L华为终端官方微博的微博视频​", "author": "华为终端官方微博", "time": "华为终端官方微博03月05日16:10 来自微博视频", "transmit": 75, "comment": 115, "zan": 479, "sentiment": [{"positive_prob": 0.948953, "confidence": 0.886562, "negative_prob": 0.051047, "sentiment": 2}]}, {"text": "设计美学#华为全局主题5.0/8.0适用#新主题来了～大家久等～详情见p1小助手@游艇小朋友动态壁纸预览视频O网页链接视频来自小姐姐@小辣椒的漫剪辑主题壁纸使用@阿鱼丫真是太爱了！！​", "author": "巴卫家小仙女", "time": "巴卫家小仙女03月05日06:05 来自设计美学超话", "transmit": 48, "comment": 455, "zan": 79, "sentiment": [{"positive_prob": 0.970454, "confidence": 0.934342, "negative_prob": 0.0295461, "sentiment": 2}]}, {"text": "我的苹果完败华为！第二弹：和央视鲁健吐槽“两会”禁止带充电宝，各有不同槽点.....这期1分钟小视频最后有彩蛋：我探访华为发现一个小秘密：5G样机已经诞生！#两会VLOG##香港、香港#L凯雷的微博视频​", "author": "凯雷", "time": "凯雷03月05日20:51 来自iPhone6s", "transmit": 111, "comment": 150, "zan": 194, "sentiment": [{"positive_prob": 0.898742, "confidence": 0.774982, "negative_prob": 0.101258, "sentiment": 2}]}, {"text": "感觉到这两年上海在先进制造业方面真是新动能满满。2019年伊始，华为上海研发基地一期土地正式出让，华为上海研发基地体量巨大，占位青浦科创走廊建设的发展主轴，一期占地面积即高达94.7万㎡！办公区总占地面积高达4000亩，是华为松山湖本部的2倍！华为上海研发基地投资规模比肩松山湖总部，总投资高达71亿元，年产值预计将达100亿元，势必成为华为全球领先的研发中心！2北京·永定门桥", "author": "机工战略", "time": "机工战略03月05日08:07 来自小米8周年旗舰手机", "transmit": 59, "comment": 78, "zan": 82, "sentiment": [{"positive_prob": 0.97152, "confidence": 0.93671, "negative_prob": 0.0284804, "sentiment": 2}]}, {"text": "无论多晚都在等你一句“回家”，为你留一盏灯的，还有TA。#华为AI音箱#L华为终端官方微博的秒拍视频​", "author": "华为终端官方微博", "time": "华为终端官方微博03月05日11:30 来自秒拍网页版", "transmit": 26, "comment": 64, "zan": 422, "sentiment": [{"positive_prob": 0.884966, "confidence": 0.744368, "negative_prob": 0.115034, "sentiment": 2}]}, {"text": "在已经发布的5G手机中，其实只有两个解决方案，一个是高通方案，一个是华为方案。上次有个美国记者问高通副总裁说这么多中国公司发布5G手机，你紧张不紧张，他说不紧张，因为除了一个公司（华为），其它都是高通方案。这个蠢记者本来想带节奏说美国5G被中国压制问题，结果手机芯片高通可是最大受益人。华为方案领先在四大方面：第一，2/3/4/5G的真正全网通芯片，这样就可以降低需要两个基带芯片同时工作过于费电的问题。所以全网通很重要。第二，全面兼容SA和NSA。因为中国很快就建设独立5G网络（SA），目前也只有华为海思巴龙5000可以兼容SA和NSA。第三，用7nm工艺，目前也仅有华为海思一家用。第四，速度最快，快了其它公司的一倍可以说在5G手机中，华为的5G手机芯片最先进、最成熟、体验最好，而且面向未来的SA网络，兼容当下部分国家的NSA网络。高通要达到华为的这个水平的芯片商用，估计要到Q4才行，差不多落后大半年以上吧。O你希望哪个品牌推出5G手机呢?在已推出的5G手机中，你最中意哪一款？", "author": "HW前HR", "time": "HW前HR03月05日21:51 来自HUAWEIMate20Pro", "transmit": 85, "comment": 97, "zan": 168, "sentiment": [{"positive_prob": 0.947328, "confidence": 0.882951, "negative_prob": 0.0526719, "sentiment": 2}]}, {"text": "【#5G手机大盘点#，你会选择哪一款？】随着#5G#技术产业化和商用化进程的不断加速，各大厂商的5G手机也层出不穷。华为MateX折叠屏5G手机、三星GalaxyS105G版、小米Mix35G、LGV50ThinQ双屏、中兴Axon10Pro5G版、摩托罗拉MotoZ35G版......这些最受关注的5G手机中，哪一款你更中意呢？L电商报的微博视频", "author": "电商报", "time": "电商报03月05日18:01 来自微博weibo.com", "transmit": 124, "comment": 55, "zan": 130, "sentiment": [{"positive_prob": 0.964576, "confidence": 0.921281, "negative_prob": 0.0354237, "sentiment": 2}]}, {"text": "李嘉诚再次助攻华为，用事实打脸“别让李嘉诚跑了”​", "author": "每天学点经济学", "time": "每天学点经济学03月05日18:24 来自微博weibo.com", "transmit": 64, "comment": 26, "zan": 146, "sentiment": [{"positive_prob": 0.300803, "confidence": 0.331549, "negative_prob": 0.699197, "sentiment": 0}]}, {"text": "【网友提问：传媒专业研究生买MateBookXPro还是MacBookPro？】我的建议是：如果玩游戏，果断华为。如果有需要只能在Windows上跑的专业软件，果断华为。如果没有以上两个需求，果断苹果。一个屏幕显示分辨率适配，一个触控板操作，这两个苹果真的是更好用。另外年轻气盛的学生用Mac的话，上一些视频网站也不用担心电脑中毒，总的来说更省心。", "author": "钟文泽", "time": "钟文泽03月05日11:23 来自微博weibo.com", "transmit": 75, "comment": 509, "zan": 317, "sentiment": [{"positive_prob": 0.952241, "confidence": 0.893869, "negative_prob": 0.0477588, "sentiment": 2}]}, {"text": "IQOO44W超级快充，小米927W充电详细对比1.IQOO在插上充电器之后功率是直接升到35W，然后开始缓慢上升到37W，在峰值功率维持了16分钟。小米9在插上充电器之后功率直接升到了23W，也是逐渐上升到了24W，在峰值功率维持了22分钟。而华为的Mate20Pro仅仅在峰值功率36W上维持了5分钟。2.IQOO从0%充到100%耗时47分钟，直接跃居第二，仅次于OPPO的50W。小米9从0%充到100%耗时60分钟，数据库第五。3.所以在充电效率上IQOO也是第二，换算下约合每分钟能充入85mAh，小米9是55mAh，作为对比，iPhoneXSMax使用原装充电器是每分钟15mAh，IQOO的充电效率是苹果一万块钱iPhoneXSMax的5倍。4.在30分钟快充上，IQOO因为电池容量大能够在前30分钟持续高功率输出，充电器半小时就输出了15.46Wh，直接霸榜数据库第一。小米9半小时充电器输出了11.07Wh，在数据库排名第五。5.在1小时快充上，IQOO还是和上面一样得益于4000mAh的大电池，充电器1小时输出18.6Wh，比Mate20Pro的4200mAh的电池充入的还要多，又霸榜数据库第一。小米9因为电池容量小，1小时的时候都快充满了，所以功率降低，充入了15Wh。也就是说在你紧急给IQOO充电的时候，30至60分钟的时间，IQOO是所有手机中充电速度最快的。6.几乎所有手机在充到100%之后，充电器依然会有2-4W的充电功率在输出，这个功率不算低，这个阶段也就是涓流充电，当手机完全充满时功率才会降到0.几W在电量充入100%之后直至完全充满的时间上，IQOO仅次于没有涓流充电的R17Pro，耗时66分钟，在数据库排名第二，小米9是82分钟排名第四。总结：小米9充电速度很快，但这也仅仅是现阶段的，在下半年即将发布的一大波的新的快充中怕最后只能算是个中等水平，跟IQOO相比还是有一小段差距。IQOO的充电速度是真的快，起码在整个2019年也是最快的一拨。怎么样，光一个充电我都能讲这么多。最后：小白测评VX数据库即将更新三星S10+、IQOO、小米9SE全部数据。", "author": "小白测评张宇", "time": "小白测评张宇03月05日20:53 来自微博weibo.com", "transmit": 12, "comment": 105, "zan": 124, "sentiment": [{"positive_prob": 0.278993, "confidence": 0.380015, "negative_prob": 0.721007, "sentiment": 0}]}, {"text": "华为公司邀请了经常黑华为的加拿大记者赵淇欣3月24日至27日访问深圳总部​", "author": "寰亚SYHP", "time": "寰亚SYHP03月05日10:46", "transmit": 195, "comment": 443, "zan": 226, "sentiment": [{"positive_prob": 0.72507, "confidence": 0.389045, "negative_prob": 0.27493, "sentiment": 2}]}, {"text": "【华为P30顶部和底部都是平的类似Lumia800】爆料大神消息，华为P30系列的顶部和底部都将采用平面设计，这种设计并不常见，一般手机的顶部和底部都是弧面。这个设计类似于lumia800！可以让手机竖在桌子上。你们觉得这设计如何？​", "author": "C科技", "time": "C科技03月05日17:09", "transmit": 13, "comment": 175, "zan": 137, "sentiment": [{"positive_prob": 0.0522282, "confidence": 0.883937, "negative_prob": 0.947772, "sentiment": 0}]}, {"text": "【美媒突发：华为准备起诉美国政府！】华为决定就孟晚舟案起诉加拿大政府一事，引起了国内外很多人的关注。但这似乎并不是华为公司为了维护自己权益而准备采取的唯一一个法律行动。《纽约时报》和英国路透社等多家外媒就宣称，华为还准备起诉美国政府。O美媒突发：华为准备起诉美国政府！​", "author": "界面新闻", "time": "界面新闻03月05日08:31", "transmit": 19, "comment": 31, "zan": 56, "sentiment": [{"positive_prob": 0.464801, "confidence": 0.296028, "negative_prob": 0.535199, "sentiment": 1}]}, {"text": "【彭博:华为通过银团贷款向五家中资银行募140亿元贷款】据彭博消息，华为1月份通过五家中资银行的一笔5年期银团贷款筹集了140亿元。中国银行、建设银行、国家开发银行、招商银行和工商银行为贷款人。知情人士表示，还有一笔3亿美元等值的武士贷款被搁置，该贷款有日本投资者参与。O传华为向五家中资银行贷款：为期5年金额达140亿元​", "author": "新浪科技", "time": "新浪科技03月05日19:49 来自微博weibo.com", "transmit": 16, "comment": 32, "zan": 39, "sentiment": [{"positive_prob": 0.836379, "confidence": 0.636398, "negative_prob": 0.163621, "sentiment": 2}]}, {"text": "#美，自有道理##对TA说晚安#小云觉得，在一场聊天中能照顾他人情绪的女生十分有个人魅力！你们呢？【现如今你觉得什么才是女性真正的魅力？】转评聊聊，小云将随机抽一位送出华为耳机。​", "author": "华为终端云服务", "time": "华为终端云服务03月05日22:04 来自对TA说晚安超话", "transmit": 182, "comment": 262, "zan": 117, "sentiment": [{"positive_prob": 0.98209, "confidence": 0.9602, "negative_prob": 0.0179101, "sentiment": 2}]}, {"text": "中国海军奋进新时代【华为要起诉美国政府，你支持吗？】继华为决定就孟晚舟案起诉加拿大政府之后，《纽约时报》报道称，华为方面准备在美国其美国总部所在得克萨斯州将美国政府告上法庭，起诉的对象则是去年美国国会通过、并由白宫签署的“国防授权法案”中的一项条款。该条款禁止美国联邦政府机构使用华为和中国另一家中国通讯企业中兴的技术。对于华为的这个决定，你支持吗？", "author": "67号喜羊羊", "time": "67号喜羊羊03月05日07:17 来自中国海军奋进新时代超话", "transmit": 51, "comment": 59, "zan": 101, "sentiment": [{"positive_prob": 0.58555, "confidence": 0.0790004, "negative_prob": 0.41445, "sentiment": 2}]}, {"text": "华为P30Pro手机挺好看的。图片来自潘石屹​", "author": "Reviewer_小康", "time": "Reviewer_小康03月05日22:00 来自微博weibo.com", "transmit": 6, "comment": 47, "zan": 79, "sentiment": [{"positive_prob": 0.79644, "confidence": 0.547644, "negative_prob": 0.20356, "sentiment": 2}]}, {"text": "爆料达人放出了最新版华为P30渲染图，图中非常有趣的一点是手机顶部是全平的。爆料人还解释说这不是PS失误，手机顶部和手机底部本身就是平的。这让我想起了早些年的LumiaO华为P30系列关键设计爆料：顶部和底部都是平的​", "author": "新浪手机", "time": "新浪手机03月05日13:49 来自微博weibo.com", "transmit": 8, "comment": 51, "zan": 70, "sentiment": [{"positive_prob": 0.3523, "confidence": 0.217112, "negative_prob": 0.6477, "sentiment": 0}]}, {"text": "【《爱华为》作者发致歉声明：个人兴趣之作，与企业无关】近日，《爱华为》歌曲引发的事件还在持续发酵中。随后网友陆续扒出该歌曲作者刘泰然参与小米俱乐部出品的《毕业的时候》MV拍摄，一时间该歌曲作者被推到了风口浪尖。……详情点击：O《爱华为》作者发致歉声明：个人兴趣之作，与企业无关​", "author": "IT之家", "time": "IT之家03月05日15:55 来自IT之家", "transmit": 15, "comment": 379, "zan": 111, "sentiment": [{"positive_prob": 0.120088, "confidence": 0.733138, "negative_prob": 0.879912, "sentiment": 0}]}, {"text": "够强大才能撑起整个家！#华为路由Q2Pro#今日正式开售！​", "author": "华为终端官方微博", "time": "华为终端官方微博03月05日10:00 来自微博weibo.com", "transmit": 18, "comment": 42, "zan": 410, "sentiment": [{"positive_prob": 0.968693, "confidence": 0.930428, "negative_prob": 0.0313074, "sentiment": 2}]}, {"text": "华为法务部现在正忙的案子是起诉美国政府，面临的困难程度、格局高度是中国企业前所未有的，国外前方马上战火纷飞，国内还有不断在背后捅刀子，腹背受敌啊！华为胜算不大，之前俄罗斯就有企业同样原因起诉，最终败诉，真以为司法独立？即使失败，这一仗也必须要打，打出中国企业对外的精气神！#华为#​", "author": "建华Wei业", "time": "建华Wei业03月05日12:16 来自华为超话", "transmit": 18, "comment": 49, "zan": 114, "sentiment": [{"positive_prob": 0.098518, "confidence": 0.781071, "negative_prob": 0.901482, "sentiment": 0}]}, {"text": "【申万宏源：物联网投资策略】国内在物联网方向布局最完善的是华为，其在芯片、通信设备、物理平台上均有较强实力。华为在物联网方向是聚焦在行业应用，包括智能水电表、车载应用终端、智能家居等方向有较强的生态布局。华为在物联网领域的战略方向是芯片和通信设备，在模组和行业应用上需要依赖合作伙伴，其中包括移为通信、日海通讯等在模组供应，金卡智能、宁波水表、三川智慧在智能水电表，捷顺科技在智能停车，乐心医疗在智能穿戴等领域进展较快。除了华为以外，阿里最近几年在物联网上逐步加大布局力度，主要是以阿里云合作生态的方式进行布局。由于阿里云强在平台应用，对上游芯片、模组、通信连接方面的合作生态依赖较强，对应的合作方有广和通、高新兴等物联网模组。预计未来随着阿里云在的不断扩大，生态进一步完善，将有更多更好的企业加入阿里云IoT生态。阿里云在物联网的战略主要是获取数据，基于对数据未来价值的考量，大都物联网企业不太愿意共享数据，18年3月阿里云与顺丰的数据之争即为典型实例。阿里云如想在各个行业上发展自身的物联网生态，解决数据所有权的问题不可避免。除两个大的企业引领物联网之外，我们还比较看好基于电力线载波通信（PLC）的物联网产业，国内主要有东软载波、鼎信通讯技术实力比较强，华为在PLC的芯片侧有布局。由于PLC的应用仍处于初级阶段，各项标准还不统一，预计仍需要几年的发展才能达到规模商用。当前时点，我们在物联网方向推荐移为通信、广和通、金卡智能、东软载波等标的。", "author": "财富密钥", "time": "财富密钥03月05日17:43 来自360安全浏览器", "transmit": 64, "comment": 0, "zan": 29, "sentiment": [{"positive_prob": 0.981601, "confidence": 0.959113, "negative_prob": 0.0183992, "sentiment": 2}]}, {"text": "为促进数字包容，联接数字世界之外的广大农村人口，华为推出RuralStar解决方案，在全球90+张网络展开部署，让上千万人口接入移动网络。近日，华为在赞比亚开通了全球首个RuralStarLite基站，为偏远农村提供无线网络服务，让我们一起来探秘华为是如何O把数字世界带入非洲腹地的更偏远农村​", "author": "华为中国", "time": "华为中国03月05日18:56 来自微博weibo.com", "transmit": 5, "comment": 10, "zan": 184, "sentiment": [{"positive_prob": 0.853838, "confidence": 0.675196, "negative_prob": 0.146162, "sentiment": 2}]}]