[{"text": "买5G手机，你选华为，还是高通5G基带手机？买5G手机，你选华为，还是高通5G基带手机？​", "author": "C科技", "time": "C科技08月27日12:15", "transmit": 17, "comment": 129, "zan": 6571, "sentiment": [{"positive_prob": 0.303417, "confidence": 0.325741, "negative_prob": 0.696583, "sentiment": 0}]}, {"text": "#rayli种草酱#【#墨镜种草#】GENTLEMONSTER✖️华为携手合作，推出可穿戴智能设备系列，新晋偶像组合UNINEoner与众多艺人袁姗姗林一盘尼西林乐队李晨乔欣，炫酷亮相！彰显鲜明的个性，独一无二的自我风格。这波墨镜可以种草起来啦~", "author": "瑞丽网", "time": "瑞丽网08月27日16:27 来自专业版微博", "transmit": 40, "comment": 218, "zan": 3275, "sentiment": [{"positive_prob": 0.996755, "confidence": 0.992789, "negative_prob": 0.00324506, "sentiment": 2}]}, {"text": "#郑州爆料#【厉害了！“国际郑”！】马云在郑州投资2000个亿；华为在郑州拿了两块儿地；京东在郑州拿了一块地；就在刚刚：宣布🏅世界国际乒乓球比赛在郑州举行世界给郑州的机会！国家给郑州的机会！​", "author": "魅丽郑州", "time": "魅丽郑州08月27日20:33 来自诺基亚BB机iPhone客户端", "transmit": 114, "comment": 163, "zan": 1148, "sentiment": [{"positive_prob": 0.990933, "confidence": 0.979851, "negative_prob": 0.00906722, "sentiment": 2}]}, {"text": "金一南将军在华为公司演讲《关于队伍灵魂与血性》（上半部）L军武季的微博视频​", "author": "军武季", "time": "军武季08月27日05:56 来自阿季专享版Android", "transmit": 276, "comment": 11, "zan": 324, "sentiment": [{"positive_prob": 0.731787, "confidence": 0.403972, "negative_prob": 0.268213, "sentiment": 2}]}, {"text": "#爱上人工智能#【世界人工智能大会亮点抢先看AI+ART融合的童话世界】2019年世界人工智能大会本周开幕在即，位于徐汇滨江的油罐艺术中心1、2号馆，华为、阿里巴巴等企业以艺术化、生活化视角，带来让公众与人工智能亲密接触，打造科技、文化、生活相融合的主题应用现场。来源：上观新闻海沙尔摄影报道O网页链接", "author": "新浪上海", "time": "新浪上海08月27日09:08 来自微博weibo.com", "transmit": 106, "comment": 88, "zan": 24, "sentiment": [{"positive_prob": 0.985946, "confidence": 0.96877, "negative_prob": 0.0140537, "sentiment": 2}]}, {"text": "华为链不要只看手机这类的。八大生态里，车机是全新的，框架和供应链还在搭建中。例如这个方向上的华为地图十月份发布，做过自动驾驶的都知道，地图是车机系统的底层之一。​", "author": "唐史主任司马迁", "time": "唐史主任司马迁08月27日10:20 来自360安全浏览器", "transmit": 43, "comment": 140, "zan": 1115, "sentiment": [{"positive_prob": 0.862349, "confidence": 0.694109, "negative_prob": 0.137651, "sentiment": 2}]}, {"text": "永远不要低估华为P30Pro的能力​", "author": "全球奇葩事", "time": "全球奇葩事08月27日09:15 来自即刻笔记", "transmit": 47, "comment": 162, "zan": 1232, "sentiment": [{"positive_prob": 0.379515, "confidence": 0.156633, "negative_prob": 0.620485, "sentiment": 0}]}, {"text": "拆礼物，看到gentlemonster和华为的联名🕶️可以直接用听音乐和接电话墨镜很大！显脸小​", "author": "水晶徐", "time": "水晶徐08月27日13:03 来自iPhone客户端", "transmit": 39, "comment": 216, "zan": 832, "sentiment": [{"positive_prob": 0.785244, "confidence": 0.522764, "negative_prob": 0.214756, "sentiment": 2}]}, {"text": "她是一名拥有自己时装品牌的专业服装设计师，也是智利国家女排队的队员。她是丹尼尔拉·布拉沃，一个从不为自己设限的运动员，一位勇敢的追梦者。戳视频随她一起，#遇见自己的人生#。说说看，你最擅长的运动是____？L华为终端官方微博的酷燃视频​", "author": "华为终端官方微博", "time": "华为终端官方微博08月27日12:00 来自酷燃视频", "transmit": 44, "comment": 92, "zan": 437, "sentiment": [{"positive_prob": 0.979206, "confidence": 0.95379, "negative_prob": 0.0207944, "sentiment": 2}]}, {"text": "#华为P30#携手11位艺术家，共同完成#未来影像#艺术共创，当科技打破了影像创作的边界，每个人都是生活的记录者。你心中的未来影像是______？L华为终端官方微博的微博视频​", "author": "华为终端官方微博", "time": "华为终端官方微博08月27日18:11 来自微博视频", "transmit": 2310, "comment": 44, "zan": 343, "sentiment": [{"positive_prob": 0.97229, "confidence": 0.938422, "negative_prob": 0.0277099, "sentiment": 2}]}, {"text": "想知道HUAWEIHiCar如何将手机AI、通讯、安全等能力与汽车共享，实现\"人、车、家\"全场景无缝互联新体验？快来戳视频一探究竟吧！L玩机技巧秒拍在线的秒拍视频​", "author": "华为手机", "time": "华为手机08月27日15:22 来自HUAWEIP30Pro", "transmit": 32, "comment": 49, "zan": 282, "sentiment": [{"positive_prob": 0.920151, "confidence": 0.822557, "negative_prob": 0.0798493, "sentiment": 2}]}, {"text": "全新麒麟芯片，全新未来体验！5G已来，你准备好了吗？9月6日，德国柏林，华为IFA2019，为你揭晓！L华为中国的微博视频​", "author": "华为中国", "time": "华为中国08月27日09:00 来自微博weibo.com", "transmit": 44, "comment": 146, "zan": 720, "sentiment": [{"positive_prob": 0.914592, "confidence": 0.810204, "negative_prob": 0.0854082, "sentiment": 2}]}, {"text": "【挑战美芯片巨头？华为再出“王牌”】最近几天，华为发布其首款高端人工智能芯片的事件持续发酵。外媒认为，这是这家中国电信设备巨头在先进技术领域挑战硅谷的最新尝试。美国《华尔街日报》刊文称，这款芯片推进了华为减少对美国技术依赖的目标，也推进了中国让芯片制造商有能力生产复杂处理器的雄心。O挑战美芯片巨头？华为再出“王牌”", "author": "参考消息", "time": "参考消息08月27日11:03 来自微博weibo.com", "transmit": 37, "comment": 22, "zan": 171, "sentiment": [{"positive_prob": 0.948639, "confidence": 0.885863, "negative_prob": 0.0513614, "sentiment": 2}]}, {"text": "华为芯片为何发展如此迅猛？近日，华为轮值董事长徐直军接受采访时表示，这几年华为的芯片之所以能够发展很快，是因为“不缺钱，决策简单”。徐直军称，芯片这么大的投资，要是决策流程很复杂的企业，没有一年也需要半年。“我们不是一家上市公司，我们钱挣多了，还要写检讨，说明战略投入不够。”徐直军还表示，华为达芬奇架构和AI芯片立项都不是自上而下的，而是自下而上的。徐总说了根源，不过大家感知近期比较多还有这方面的原因：第一，多年的备胎拿出来了，一下子琳琅满目，大家受到了技术的冲击力。第二，任总也说过，一些客户不放心，看了5G部件不是美国公司的就放心了；所以也有及时宣传出来的必要。华为是个低调的公司，可是美国人不放过，所以就把相关技术说一些，因此大家就感到很多技术了。当然海思是中国第一芯片设计公司，投入大，科技人员多，管理机制合理，老板慷慨，自然产出就多了。随便说一下，据说下周的五的麒麟新一代非常厉害，又会领先很多。", "author": "HW前HR", "time": "HW前HR08月27日06:00 来自HUAWEIP30Pro", "transmit": 83, "comment": 87, "zan": 454, "sentiment": [{"positive_prob": 0.967407, "confidence": 0.927571, "negative_prob": 0.0325929, "sentiment": 2}]}, {"text": "#辽解高质量发展#【华为、恒大、京东...各大企业扎堆儿入驻！辽宁沈抚新区潜力无限！】沈抚新区位于沈阳市、抚顺市两城之间，距离沈阳市中心23公里，距离抚顺市中心16公里，规划面积171平方公里。在中心区域矗立的巨大的“生命之环”是其地标建筑。2018年9月，国务院正式批复《沈抚改革创新示范区建设方案》，沈抚新区高速发展。目前六大主导产业集群初具规模：围绕大健康产业，投资100亿元的恒大养生谷一期主体工程已经封顶；围绕大数据产业，京东云数字经济产业园正式运行，已经签约64家企业，未来将孵化培育200家企业，产值超过100亿元；围绕人工智能产业，华为在东北地区建立的第一个人工智能创新中心和产业基地已挂牌运营，8月9日举行了全球上线发布仪式；围绕智能制造产业，罕王微电子8英寸MEMS芯片生产线、泊宝工业机器人项目、广泰真空装备项目已经正式投产运营；围绕科技金融产业，投资120亿元的瀚华金融生态小镇项目已开工建设，中国银行、辽宁省担保集团等一批金融机构纷纷入驻新区，已经引入10支基金，募集资金总规模158亿元；围绕总部经济产业，大力发展平台经济。全力打造电商平台，全力打造交易中心平台，全力打造线下平台。七大省属国企集团全部落户新区。截至目前，沈抚新区招商引资签约项目234个，签约额1685.5亿元，其中招商引资百亿元以上项目8个，50亿元以上项目14个，10亿元以上项目26个，亿元以上项目99个。（记者：孙超高文鹏）", "author": "央视财经", "time": "央视财经08月27日17:51 来自微博weibo.com", "transmit": 23, "comment": 21, "zan": 65, "sentiment": [{"positive_prob": 0.959126, "confidence": 0.909168, "negative_prob": 0.0408744, "sentiment": 2}]}, {"text": "想要一张与众不同的情侣复古相片？#华为nova5#满足你！和Ta一起，回到上世纪的奇妙之夜，用强大的人像超级夜景模式，留下只属于你们的百年秘密。#nova夜色自拍大赛#​", "author": "私服街拍", "time": "私服街拍08月27日21:30 来自微博weibo.com", "transmit": 203, "comment": 214, "zan": 1273, "sentiment": [{"positive_prob": 0.976689, "confidence": 0.948198, "negative_prob": 0.0233108, "sentiment": 2}]}, {"text": "去年如果不是被制裁，中兴有可能超过爱立信，华为能顶住美国制裁，也是中兴在前面的预警。咱们通信企业很棒。​", "author": "飞象网项立刚", "time": "飞象网项立刚08月27日20:37 来自HUAWEIMate20X5G", "transmit": 122, "comment": 101, "zan": 422, "sentiment": [{"positive_prob": 0.857484, "confidence": 0.683298, "negative_prob": 0.142516, "sentiment": 2}]}, {"text": "为什么外国人更喜欢买华为而不是苹果？（拍摄于2018年3月）Lhey信誓蛋蛋的秒拍视频​​​", "author": "C科技", "time": "C科技08月27日08:58", "transmit": 48, "comment": 132, "zan": 430, "sentiment": [{"positive_prob": 0.791503, "confidence": 0.536674, "negative_prob": 0.208497, "sentiment": 2}]}, {"text": "#反暴救港#【香港女议员言论一针见血！三观正不要被外国人利用了！】看哭了！香港一女议员言论一针见血！三观正，不论我们持什么政见，希望都不要被外国人利用中国面对很大的压力，中国企业被外国打压例如华为，如果你连自己的祖国都不爱，那抱歉，滚出去！#这还是你去过的那个香港吗#?L今日宜宾的微博视频​​​", "author": "宜宾同城会", "time": "宜宾同城会08月27日23:04 来自又轻又薄的小米5c", "transmit": 62, "comment": 17, "zan": 259, "sentiment": [{"positive_prob": 0.626576, "confidence": 0.170169, "negative_prob": 0.373424, "sentiment": 2}]}, {"text": "外媒消息：华为可能在德国IFA展会上发布双色P30Pro。要是这个黑白配，可是有点好看啊...不过华为也有阵子没发布这么素色的机型了吧？​", "author": "钟文泽", "time": "钟文泽08月27日22:35 来自微博weibo.com", "transmit": 33, "comment": 312, "zan": 1151, "sentiment": [{"positive_prob": 0.566601, "confidence": 0.0368905, "negative_prob": 0.433399, "sentiment": 2}]}, {"text": "产品简介：马上就要开学啦，那各位同学有没有觉得大学生活中，应该有一些好玩的电子设备呢，比如今天我们要一起来讨论的平板电脑。评分链接：O网页链接拍摄地：重庆大学虎溪校区拍摄设备：松下GH5，索尼A7M3BGM：ES_TheMostImportantTreasure-JosefBelHabibLTESTV值不值得买的微博视频", "author": "TESTV值不值得买", "time": "TESTV值不值得买08月27日10:00 来自微博weibo.com", "transmit": 18, "comment": 95, "zan": 235, "sentiment": [{"positive_prob": 0.779438, "confidence": 0.509861, "negative_prob": 0.220562, "sentiment": 2}]}, {"text": "任正非把华为营收大涨的原因全部归结于中国人自己的同情#华为#近期，任正非公开表示，上半年华为之所以看着很好，挺了过去，是因为中国客户同情我们，及时付了货款，销量增大，显得现金流很多，并非真实。众所周知，上半年华为营收突破4000亿，手机卖了1.18亿部，大涨24%。如今，任正非把这些增长，全部归结于中国自己的同情。他还说，现在华为仍然处于危机关头。任正非在成绩面前有跳出自己看自己的冷静和清醒，这是作为任正非和华为值得佩服的地方。同时，我也想代表中国消费者说一句，国产货只要不是比进口产品差太多，中国消费者首选的还是国产，我们的爱国情怀不用怀疑，如果部分国产卖的不如外国产品，真的需要在产品质量上找找差距了，重新审视自己了，而不要在崇洋媚外上找理由。", "author": "中美博弈官微", "time": "中美博弈官微08月27日11:09 来自Weibo.intl", "transmit": 39, "comment": 54, "zan": 531, "sentiment": [{"positive_prob": 0.102383, "confidence": 0.772483, "negative_prob": 0.897617, "sentiment": 0}]}, {"text": "【外媒称华为将完全领先高通：发布全球首款集成5G基带芯片】领先高通是毫无疑问的，否则美国特朗普干嘛一天到晚跟华为过不去啊。据外媒，华为在9月6日举行的活动上，将要发布新一代麒麟芯片，而这次他们会完全领先高通，推出全球首款集成5G基带的芯片，并且还可能会首发ARM的A77架构。按照之前华为官方陆续透露的信息看，这款新的处理器极有可能冠以麒麟990的称号，从命名上看，这不是麒麟980的小幅升级版，同时产业链给出的内幕显示，华为这次还要领先苹果，成为全球首个商用7nm+工艺的厂商。", "author": "人才76116", "time": "人才7611608月27日19:02 来自HUAWEIP20", "transmit": 53, "comment": 133, "zan": 543, "sentiment": [{"positive_prob": 0.985586, "confidence": 0.967969, "negative_prob": 0.0144138, "sentiment": 2}]}, {"text": "这边我们家粉丝日夜反黑反得暗无天日晕头转向那厢茶几们按头杜华为太子一掷千金买下整个瓜组除了🐮🍺我还能说些什么​", "author": "火三文鱼家", "time": "火三文鱼家08月27日14:12 来自iPhone客户端", "transmit": 131, "comment": 24, "zan": 232, "sentiment": [{"positive_prob": 0.452685, "confidence": 0.0537085, "negative_prob": 0.547315, "sentiment": 1}]}, {"text": "【越战越勇，向华为致敬！】前天，英伦银行总裁在G7说了一段非常精警的话，指美元的末日已经到来，现有的美元体系不可能持续，全球多种货币的新兴国际货币体系将取代美元。明显这是对当前美元一针见血的评论。要知道英国历来是美国的传统盟友，几乎是同一口气，现在连央行高层都说美元有问题，那就不简单了，明显这个总裁说的是发自内心个人意见，但能够说出口，其胆识和问题严重性就显露无遗。连英国都能说出美元的末日到来，说明当下美元确实是有大问题了；起码，霸权地位将受到严重挑战。回头看看备受美国打压的华为，任正非说，以前华为的目标只是想赚点小钱，而现在的目标是战胜美国。O【推荐】越战越勇，向华为致敬！", "author": "香港商報網", "time": "香港商報網08月27日11:40 来自微博weibo.com", "transmit": 63, "comment": 85, "zan": 448, "sentiment": [{"positive_prob": 0.965374, "confidence": 0.923054, "negative_prob": 0.0346258, "sentiment": 2}]}, {"text": "【3分钟看懂2010.3-2019.2近9年全球手机品牌市场份额排名变迁】诺基亚如何渐渐退出全球手机市场，华为、小米后起之秀如何逐步位居全球市场份额前列？详情请戳视频（Unknown是统计过程中未知的手机品牌，视频来源：DataRanker数据来源：Statcounter）L福布斯中文网的微博视频​", "author": "福布斯中文网", "time": "福布斯中文网08月27日14:47 来自微博视频", "transmit": 54, "comment": 38, "zan": 119, "sentiment": [{"positive_prob": 0.465981, "confidence": 0.319617, "negative_prob": 0.534019, "sentiment": 1}]}, {"text": "【#亚洲品牌500强新榜#：中日韩入榜最多】权威研究机构发布的最新#亚洲品牌500强#显示，品牌入选数量居前三的国家是中国、日本和韩国。品牌前十名中，日本丰田汽车为首，中国国家电网、中国工商银行分列二三名，之后依次是海尔、本田、腾讯、三星、华为、中国人寿和中国石油。（中国新闻网）​", "author": "每日经济新闻", "time": "每日经济新闻08月27日16:17 来自搜狗高速浏览器", "transmit": 6, "comment": 16, "zan": 53, "sentiment": [{"positive_prob": 0.982181, "confidence": 0.960403, "negative_prob": 0.0178187, "sentiment": 2}]}, {"text": "我不相信这么多网友蛋疼到自行组织建立“遛猴联盟”捧杀#华为#，然后不能说“抹黑小米”，但只要“#小米#”有动静，他们就要用自己的阴谋论来猜测“小米”背后的不良动机，“网络暴力”不亚于现实生活的“威胁恐吓”、“打架斗殴”，这种有组织有预谋的“挑衅”群体是不是也应该归于“黑社会性质团伙”?千万别问华为，问的话肯定是和“《华为美》”一样的回应：我们不知情，与官方无关。华为技术的进步和在全球的地位确实一直在提升，但这种“做法”即便真的是网友自行组织的，也必然要让华为“背锅”，有多少人是因为这些“海军花粉”的捧杀厌恶华为的?大家心里都有数，如果有一天华为不再受欢迎，80%的原因都是这些捧杀党造成的！有朋友说发这种消息有可能被注销账号，但我觉得无所谓，一来我账号粉丝量不大，影响力也不大，二来真要因为这条微博注销我的账号，那只能说某些企业一直都在“掩耳盗铃”或“做X心虚”。", "author": "我才是羽度非凡", "time": "我才是羽度非凡08月27日06:52 来自iQOONeo", "transmit": 41, "comment": 43, "zan": 370, "sentiment": [{"positive_prob": 0.0195739, "confidence": 0.956502, "negative_prob": 0.980426, "sentiment": 0}]}, {"text": "【华为百日自救】今年4月，余承东曾定下全年目标：华为单品牌实现全球第一，荣耀实现全球前四、中国前二。而随着5月美国禁止令一出，受影响最大的便是华为的手机终端业务。华为面对的危机可能远超过了大家的想象，甚至包括华为自己人在内。如果要为这场危机寻找一个起点，大约100天前的5月16日是恰当的，那天，美国将华为列入了“实体清单”。O网页链接", "author": "新财富杂志", "time": "新财富杂志08月27日22:35 来自微博weibo.com", "transmit": 17, "comment": 22, "zan": 71, "sentiment": [{"positive_prob": 0.931395, "confidence": 0.847545, "negative_prob": 0.0686046, "sentiment": 2}]}, {"text": "甲板与舞池，摇曳和秘语，Ta和夜色，#华为nova5#帮你全部留住。#nova夜色自拍大赛#​", "author": "StreetsFinest", "time": "StreetsFinest08月27日23:10 来自微博weibo.com", "transmit": 238, "comment": 219, "zan": 1058, "sentiment": [{"positive_prob": 0.757143, "confidence": 0.460318, "negative_prob": 0.242857, "sentiment": 2}]}]