[{"text": "【#卢伟冰回怼余承东#】余承东与卢伟冰就手机“实用价值”一事唇枪舌战，你赞成谁的说法？#小米副总裁怼华为#卢伟冰回怼余承东，你赞成谁的说法？​", "author": "新浪手机", "time": "新浪手机09月27日13:37 来自OPPOReno2", "transmit": 136, "comment": 397, "zan": 49243, "sentiment": [{"positive_prob": 0.221255, "confidence": 0.508322, "negative_prob": 0.778745, "sentiment": 0}]}, {"text": "【#卢伟冰回怼余承东#：MIXAlpha没实用价值？外国车牌贴手机上多卖一万是啥实用价值】华为26日在国内发布Mate30系列产品。提到日前刚发布的小米MIXAlpha概念机，@余承东评价称只是概念手机，没有实用价值。对此，小米@卢伟冰发微博称，如果说环绕屏没有“实用价值”；那么把一个外国车牌贴在手机上就多卖1万块的“实用价值”是什么？还有后续——联想@常程：“别争了，都没有！”", "author": "虎嗅APP", "time": "虎嗅APP09月27日11:23 来自iPhone客户端", "transmit": 628, "comment": 8507, "zan": 85222, "sentiment": [{"positive_prob": 0.773511, "confidence": 0.496691, "negative_prob": 0.226489, "sentiment": 2}]}, {"text": "【#余承东评价小米5G环绕屏手机#：没有实用价值】26日，华为消费者业务CEO余承东在#华为Mate30发布会#后接受媒体采访，提到日前刚刚发布的小米MIXAphla概念机，其评价称只是概念手机，没有实用价值。小米MIXAphla为一款5G环绕屏概念机，宣称屏占比超过180%，售价19999元，创下小米产品售价新高。（新浪科技）O余承东评价小米MIXAlpha概念机：没有实用价值", "author": "财经网", "time": "财经网09月27日09:04 来自微博weibo.com", "transmit": 128, "comment": 673, "zan": 5799, "sentiment": [{"positive_prob": 0.688357, "confidence": 0.30746, "negative_prob": 0.311643, "sentiment": 2}]}, {"text": "#华为Mate30#携手导演@徐峥、@陆川，主持人@孟非，重构电影想象。就在今晚19:30，我们共同解锁手机电影时代。华为终端官方微博的微博直播.​", "author": "华为终端官方微博", "time": "华为终端官方微博09月27日18:30 来自微博网页版", "transmit": 222, "comment": 569, "zan": 14946, "sentiment": [{"positive_prob": 0.667636, "confidence": 0.261414, "negative_prob": 0.332364, "sentiment": 2}]}, {"text": "【早财经丨华为Mate30系列销售额1分钟破5亿；九寨沟景区部分景观今日重新对外开放，散客可拼团】1、【#华为Mate30国行版价格#公布!销售额1分钟破5亿】据证券时报，华为Mate30系列在华为商城销售额1分钟破5亿。价格方面，Mate30售价3999元起，华为Mate30Pro售价5799元起，华为Mate305G版售价4999元起，华为Mate30Pro5G版售价6899元起，华为Mate30RS保时捷设计售价12999元。2、【#30000吨中央储备冻猪肉来了#！国庆假期，大口吃肉】华商储备商品管理中心发布通知，9月第3次中央储备冻猪肉即将投放市场。据了解，本次出库交易量依然为1万吨，截至目前，这已经是国庆节前第三次投放中央储备冻猪肉，共有3万吨。​3、【柳叶刀：AI确诊率略高于人类医生】9月25日发表于《柳叶刀》数字健康的论文称，AI能像专业医生一样成功诊断疾病。伯明翰大学研究人员分析数据发现，AI深度学习可以正确检测出87％病例的疾病，医疗专业人员则为86％。4、【加拿大研究：袋泡茶包高温下释放百亿塑料颗粒】加拿大麦吉尔大学研究指出，估计每个茶包冲泡的茶水中，每杯含有116亿颗微塑料和31亿颗纳米塑料颗粒。5、【旅行社：九寨沟景区线路定价最低400余元，散客可拼团】26日下午，记者发现，有多家位于成都的旅行社已推出相关线路。部分旅行社的客服称，线路定价从400余元到1000余元不等。散客可拼团预订。6、【国庆阅兵：学霸方队71%都是博士硕士】今年国庆阅兵，首次出现代表全军院校科研战线的方队。由军事科学院、国防大学、国防科技大学联合组队，71%都是博士、硕士，是受阅方队中学历最高的。7、【消灭HIV：潜在治疗靶点找到】美国加州大学圣地亚哥分校医学院研究人员在《mBio》期刊网络版上发表研究报告称，他们找到了消灭患者体内隐匿的艾滋病病毒（HIV）的潜在治疗靶点，对免疫细胞中的一个长链非编码RNA（lncRNA）进行修饰，就可防止休眠的HIV“复活”。O早财经丨商务部：中方企业正在开展美国农产品询价和采购；华为Mate30系列销售额1分钟破5亿；九寨沟景区部分景观今日重新对外开放，散客可拼团O早财经丨华为Mate30系列销售额1分钟破5亿", "author": "每日经济新闻", "time": "每日经济新闻09月27日06:20 来自微博weibo.com", "transmit": 81, "comment": 197, "zan": 1326, "sentiment": [{"positive_prob": 0.835252, "confidence": 0.633892, "negative_prob": 0.164749, "sentiment": 2}]}, {"text": "【#华为Mate30国行版发布#：华为称Mate30流畅度超iPhone11】9月26日，华为消费者业务CEO余承东表示，麒麟990的AI性能超越苹果的A13，“过去很多消费者说任何安卓手机都无法跟苹果手机比流畅度。今天，华为Mate30在流畅度、时延、稳定性方面首次超越苹果最新的iPhone11系列。”#华为Mate30国行版价格#L新京报我们视频的秒拍视频", "author": "新京报我们视频", "time": "新京报我们视频09月27日10:41 来自微博weibo.com", "transmit": 219, "comment": 2178, "zan": 7184, "sentiment": [{"positive_prob": 0.934654, "confidence": 0.854786, "negative_prob": 0.0653464, "sentiment": 2}]}, {"text": "#趣看发布会#华为Mate30系列发布会总结，拳打三星脚踢苹果干翻友商，雷军罗永浩库克爆笑客串，熬夜赶制求转发支持。#华为Mate30发布会##余承东吐槽苹果续航#L李杰灵的微博视频​", "author": "李杰灵", "time": "李杰灵09月27日09:55 来自微博weibo.com", "transmit": 1083, "comment": 630, "zan": 2390, "sentiment": [{"positive_prob": 0.886077, "confidence": 0.746838, "negative_prob": 0.113923, "sentiment": 2}]}, {"text": "华为消费者业务总裁@余承东：小米MIXAphla只是概念手机，没有实用价值。小米集团公司副总裁@卢伟冰：如果说环绕屏没有‘实用价值’；那么，把一个外国车牌贴在手机上就多卖1万块的“实用价值”是什么？”。@雷军：#卢伟冰回怼余承东#问：谁的文案最好？​", "author": "凤凰网科技", "time": "凤凰网科技09月27日13:49 来自微博weibo.com", "transmit": 21, "comment": 116, "zan": 5583, "sentiment": [{"positive_prob": 0.199223, "confidence": 0.557282, "negative_prob": 0.800777, "sentiment": 0}]}, {"text": "1：华为P30Pro（左）2：iPhone11ProMax（右），你觉得哪个更好​", "author": "IT科技侠", "time": "IT科技侠09月27日07:30 来自微博weibo.com", "transmit": 687, "comment": 5769, "zan": 30879, "sentiment": [{"positive_prob": 0.346597, "confidence": 0.229784, "negative_prob": 0.653403, "sentiment": 0}]}, {"text": "【#华为mate30发售排长队#：翡冷翠色最受欢迎】9月26日，华为在上海发布Mate30、Mate30Pro等多款旗舰机型。当晚18时许，部分新款机型开始发售，记者在上海南京东路一华为授权店门口看到，门店外有许多顾客前来排队购买。据门店工作人员介绍，Mate30pro的翡冷翠和罗兰紫配色非常稀缺。L新京报我们视频的秒拍视频", "author": "新浪财经", "time": "新浪财经09月27日08:45 来自微博weibo.com", "transmit": 42, "comment": 523, "zan": 1424, "sentiment": [{"positive_prob": 0.968432, "confidence": 0.929848, "negative_prob": 0.0315685, "sentiment": 2}]}, {"text": "#华为Mate30#系列正式在中国区发布，这次的卖点之一就是拍摄电影级视频。今日，华为邀请到导演@徐峥导演@陆川谈谈他们用华为Mate30系列“重构电影想象”。正在直播中：新浪手机的微博直播.​", "author": "新浪手机", "time": "新浪手机09月27日19:31 来自微博网页版", "transmit": 42, "comment": 79, "zan": 3752, "sentiment": [{"positive_prob": 0.953817, "confidence": 0.897371, "negative_prob": 0.0461831, "sentiment": 2}]}, {"text": "#常程评价卢伟冰回怼余承东#【手机三国杀：华为余承东称环绕屏没实用价值，小米卢伟冰回怼华为保时捷设计，联想常程表示两个都没实用价值】#卢伟冰回怼余承东#9月26日，余承东评价小米5G环绕屏MIXAphla概念机没有实用价值。对此，小米副总裁卢伟冰回应：把一个外国车牌贴在手机上就多卖1万块的“实用价值”是什么？联想集团副总裁、移动业务中国区负责人常程今日发微博表示：别争了，两个都没有。@老板联播L老板联播的微博视频", "author": "财经网", "time": "财经网09月27日18:53", "transmit": 57, "comment": 271, "zan": 1070, "sentiment": [{"positive_prob": 0.853018, "confidence": 0.673373, "negative_prob": 0.146982, "sentiment": 2}]}, {"text": "【卢伟冰再怼华为保时捷系列：贴牌的到底是某豪华汽车品牌还是只跟汽车品牌同名的设计家族品牌？】#小米副总裁卢伟冰回怼余承东#今日下午，小米集团副总裁@卢伟冰再度发布微博质疑华为，称“手机厂商有责任和义务告诉消费者，你贴牌的某外国品牌到底是某豪华汽车品牌还是只跟汽车品牌同名的设计家族品牌？”O卢伟冰再怼华为保时捷系列：应把知情权还给用户", "author": "财经网", "time": "财经网09月27日15:46 来自微博weibo.com", "transmit": 56, "comment": 227, "zan": 715, "sentiment": [{"positive_prob": 0.231873, "confidence": 0.484728, "negative_prob": 0.768128, "sentiment": 0}]}, {"text": "【华为Mate30#7680帧慢动作#，你想看看时间的轨迹吗】9月26日，#华为Mate30发布会#体验区，现场展示Mate30Pro实现7680帧超级慢动作，体验时间瞬间静止的震撼；隔空操作可丝滑实现上下滑动、抓取截屏；现场5G测试下载速度达到1.59Gbps！超级快充简直真香！一起来体验一下！L梨视频的秒拍视频​", "author": "梨视频", "time": "梨视频09月27日21:22 来自微博weibo.com", "transmit": 821, "comment": 488, "zan": 1482, "sentiment": [{"positive_prob": 0.976467, "confidence": 0.947704, "negative_prob": 0.0235332, "sentiment": 2}]}, {"text": "脚脖子处的监控器是对中国的羞辱！一个堂堂世界级科技巨头华为的CFO居然被当作罪犯一样带着监控器，令人愤慨！​​​​", "author": "墙角社", "time": "墙角社09月27日21:12 来自皮皮时光机", "transmit": 108, "comment": 1372, "zan": 9520, "sentiment": [{"positive_prob": 0.341011, "confidence": 0.242198, "negative_prob": 0.658989, "sentiment": 0}]}, {"text": "如果在小米MIXAlpha和华为Mate30RS保时捷版之间二选一，你会选谁？小米MIXAlpha和华为Mate30RS保时捷版二选一你选哪个？​", "author": "科技新一", "time": "科技新一09月27日11:37 来自微博weibo.com", "transmit": 41, "comment": 356, "zan": 16711, "sentiment": [{"positive_prob": 0.165024, "confidence": 0.633281, "negative_prob": 0.834976, "sentiment": 0}]}, {"text": "【#卢伟冰回怼余承东#：外国车牌贴手机上多卖一万是啥实用价值？】华为26日在国内发布Mate30系列产品。提到日前刚发布的小米5G环绕屏MIXAphla概念机，@余承东评价称只是概念手机，没有实用价值。对此，小米@卢伟冰发微博称，外国车牌贴在手机上就多卖1万块的“实用价值”是什么？对此，联想副总裁@常程表示：别争了，都没有.....L大佬时间的微博视频", "author": "新浪财经", "time": "新浪财经09月27日15:42 来自微博weibo.com", "transmit": 40, "comment": 87, "zan": 879, "sentiment": [{"positive_prob": 0.542892, "confidence": 0.142161, "negative_prob": 0.457108, "sentiment": 1}]}, {"text": "【凤凰网财经《封面》独家|“狂生”张五常：任正非是天才】经济学界“狂生”，被誉为“华人世界里最著名的经济学家”#张五常#近日在接受@凤凰网财经封面采访时力挺华为，认为华为的人才制度和合伙人制度接轨国际，直言#任正非是天才#，“产品好不用怕，中国本身市场够大，迟早欧洲、非洲，越南全部都要帮衬华为”。此前华为总裁任正非曾表示，华为有意向西方潜在买家出售自家5G技术，目的就是为了能制造与华为竞争的对手，同时表示华为有信心跟各个国家签订“无后门协议“。@张五常@刘春@凤凰网@凤凰网视频@华为终端官方微博L凤凰网财经的微博视频", "author": "凤凰网财经", "time": "凤凰网财经09月27日09:00 来自微博weibo.com", "transmit": 157, "comment": 95, "zan": 466, "sentiment": [{"positive_prob": 0.765594, "confidence": 0.479099, "negative_prob": 0.234406, "sentiment": 2}]}, {"text": "【#华为mate30发售排长队#：翡冷翠色最受欢迎】26日，华为在上海发布Mate30、Mate30Pro等多款旗舰机型。当晚18时许，部分新款机型开始发售，记者在上海南京东路一华为授权店门口看到，门店外有许多顾客前来排队购买。据门店工作人员介绍，首发日配货1000台左右，Mate30pro的翡冷翠和罗兰紫配色非常稀缺。L新京报我们视频的秒拍视频", "author": "Vista看天下", "time": "Vista看天下09月27日10:54 来自微博weibo.com", "transmit": 24, "comment": 161, "zan": 551, "sentiment": [{"positive_prob": 0.965998, "confidence": 0.92444, "negative_prob": 0.0340018, "sentiment": 2}]}, {"text": "我为什么没有华为p30猪猪不胖！！L芒果咕咕的微博视频​", "author": "芒果咕咕", "time": "芒果咕咕09月27日20:16 来自ZhouZhennan'sfans", "transmit": 619, "comment": 103, "zan": 837, "sentiment": [{"positive_prob": 0.20493, "confidence": 0.5446, "negative_prob": 0.79507, "sentiment": 0}]}, {"text": "【#小米副总裁怼华为#：外国车牌贴手机上多卖一万是啥实用价值】9月26日，华为在国内发布了Mate30系列产品，提到刚发布的小米5G环绕屏MIXAphla概念机时，@余承东评价称只是概念手机，没有实用价值。对此，小米@卢伟冰发微博表示，如果说环绕屏没有“实用价值”，那么把一个外国车牌贴在手机上就多卖1万块的“实用价值”是什么？L老板联播的微博视频", "author": "新浪科技", "time": "新浪科技09月27日12:38 来自专业版微博", "transmit": 37, "comment": 342, "zan": 1067, "sentiment": [{"positive_prob": 0.871064, "confidence": 0.713476, "negative_prob": 0.128936, "sentiment": 2}]}, {"text": "华为Mate30Pro保护壳，看出来右边是啥了没？​", "author": "C科技", "time": "C科技09月27日18:03", "transmit": 87, "comment": 349, "zan": 1893, "sentiment": [{"positive_prob": 0.189338, "confidence": 0.579249, "negative_prob": 0.810662, "sentiment": 0}]}, {"text": "【重庆大学90周年校庆，著名校友任正非没有捐赠现金和华为产品，而是捐了100台钢琴】华为任正非以个人名义，向母校重庆大学90周年校庆捐赠100台钢琴，今天运抵重庆大学虎溪校区。富贵不还乡，如锦衣夜行，自古概莫例外。#任正非##华为#​", "author": "价值投资日志", "time": "价值投资日志09月27日07:33 来自iPhoneX", "transmit": 90, "comment": 267, "zan": 2672, "sentiment": [{"positive_prob": 0.943498, "confidence": 0.874441, "negative_prob": 0.0565017, "sentiment": 2}]}, {"text": "#华为Mate30系列3999元起售#【玩手机吃螃蟹两不误“隔空操作”猛如虎】昨天，华为新品发布会上，搭载麒麟990系列芯片的华为旗舰机Mate30系列国行版正式亮相，华为消费者业务CEO余承东表示麒麟9905G芯片AI性能超过了苹果，目前Mate30系列手机的发售价最低为3999元。华为Mate30系列支持全场景快充体验，多屏协同功能可以打破手机与电脑间的传输壁垒，同时搭载3D面容支付与屏内指纹识别，双重生物识别加强安全保护。而最炫酷的AI隔空操控带来了新玩法，轻轻挥手，滑动浏览页面，凌空一握，即可截取屏幕。记者在上海走访手机卖场时了解到，华为新机发布之前收到的订单量已经与苹果新机上市一周的销量基本持平。昨日晚间，华为商城官微公布了一份数据。数据显示华为Mate30系列开售后，华为商城在1分钟时间销售额就突破5亿元...L央视财经的酷燃视频", "author": "央视财经", "time": "央视财经09月27日13:44 来自酷燃视频", "transmit": 33, "comment": 40, "zan": 129, "sentiment": [{"positive_prob": 0.977964, "confidence": 0.951032, "negative_prob": 0.0220356, "sentiment": 2}]}, {"text": "【#华为Mate30交卷太早了#：不是一点点领先，是遥遥领先】#余承东称华为5G手机领先对手一年#9月26日，#华为Mate30发布会#，余承东金句满天飞，对自家手机爱不完。在DxOMark评分中，余承东打趣道，为什么我们强大的电影摄像头在视频评分中比第一名少一分，那是因为我们“交卷太早了”。L老板联播的秒拍视频", "author": "新浪科技", "time": "新浪科技09月27日15:40 来自微博weibo.com", "transmit": 31, "comment": 160, "zan": 521, "sentiment": [{"positive_prob": 0.956456, "confidence": 0.903236, "negative_prob": 0.0435437, "sentiment": 2}]}, {"text": "【#卢伟冰回怼余承东#：外国车牌贴手机上多卖一万是啥实用价值？】华为26日在国内发布Mate30系列产品。提到日前刚发布的小米5G环绕屏MIXAphla概念机，余承东评价称只是概念手机，没有实用价值。对此，小米卢伟冰发微博称，外国车牌贴在手机上就多卖1万块的“实用价值”是什么？对此，联想副总裁常程表示：“别争了，都没有.....”L大佬时间的微博视频", "author": "Vista看天下", "time": "Vista看天下09月27日15:58 来自微博weibo.com", "transmit": 22, "comment": 199, "zan": 777, "sentiment": [{"positive_prob": 0.54676, "confidence": 0.0647998, "negative_prob": 0.45324, "sentiment": 1}]}, {"text": "【5分钟包教包会！华为智能计算开课啦！】刚刚过去的华为全联接大会上，华为首次发布计算战略，即基于架构创新、投资全场景处理器族、有所为有所不为的商业策略、构建开放生态进行布局，计算产业新的大航海时代由此开启。扬帆起航第一步，师老师的智能计算小课堂，带我们一起看看作为华为计算战略重要组成部分的智能计算，到底有哪些小秘密？L华为中国的微博视频", "author": "华为中国", "time": "华为中国09月27日08:00 来自微博weibo.com", "transmit": 152, "comment": 44, "zan": 583, "sentiment": [{"positive_prob": 0.966446, "confidence": 0.925436, "negative_prob": 0.0335538, "sentiment": 2}]}, {"text": "9月26日，#华为智慧屏#正式在国内发售，这一次，华为重构想象，让手机负一屏上的#华为智能助手#入驻大屏，将智慧变大。体育赛事、热门资讯、追剧提醒、观影历史、今天菜谱……一切你需要的服务都在智慧屏，贴心周到，服务全家。关注@什么值得买转发评论出你最期待的华为智慧屏功能，10月15日通过@微博抽奖平台抽1位幸运鹅送【华为畅享9S4GB+128G全网通极光蓝】1台！L华为终端云服务的秒拍视频O抽奖详情", "author": "什么值得买", "time": "什么值得买09月27日14:00 来自微博weibo.com", "transmit": 2801, "comment": 2525, "zan": 1166, "sentiment": [{"positive_prob": 0.971292, "confidence": 0.936204, "negative_prob": 0.0287082, "sentiment": 2}]}, {"text": "关于友商怒喷华为Mate30保时捷，这是在发泄多年冲击高端失败的怨气！华为和保时捷的深度合作并不是贴牌，手机在保时捷官网都是可以查到的。其实仔细想想，保时捷为什么选择华为而不选择他们呢？因为他们手机用户群体很难和保时捷产品产生交集，保时捷也不想自己高端形象就此终结！#华为mate30##数码#​", "author": "建华Wei业", "time": "建华Wei业09月27日19:45 来自HUAWEIMate20Pro", "transmit": 39, "comment": 340, "zan": 1169, "sentiment": [{"positive_prob": 0.1799, "confidence": 0.600223, "negative_prob": 0.8201, "sentiment": 0}]}, {"text": "#华为Mate30#郑爽收到贵品牌的新款手机并表示支持和感谢～还有可以听音乐的眼镜设备？配件新产品也这么智能炫酷吗@华为终端官方微博​", "author": "司徒离曜", "time": "司徒离曜09月27日09:16 来自郑爽超话", "transmit": 23, "comment": 139, "zan": 1365, "sentiment": [{"positive_prob": 0.93197, "confidence": 0.848822, "negative_prob": 0.06803, "sentiment": 2}]}]