[{"text": "#小易在现场#易烊千玺以代言人身份出席华为新产品活动，今天的大佬也太好看了@TFBOYS-易烊千玺​", "author": "网易娱乐频道", "time": "网易娱乐频道06月21日14:26 来自易烊千玺超话", "transmit": 9167, "comment": 2042, "zan": 7311, "sentiment": [{"positive_prob": 0.858175, "confidence": 0.684834, "negative_prob": 0.141825, "sentiment": 2}]}, {"text": "夏意渐浓，青春正盛，红衣少年，率性活力。华为nova全球代言人@TFBOYS-易烊千玺如约而至，一组图先行奉上，稍后解锁更多精彩瞬间。#千玺在nova星等你#​", "author": "易烊千玺JacksonYee工作室", "time": "易烊千玺JacksonYee工作室06月21日16:47 来自易烊千玺超话", "transmit": 22478, "comment": 9613, "zan": 121646, "sentiment": [{"positive_prob": 0.921508, "confidence": 0.825574, "negative_prob": 0.0784918, "sentiment": 2}]}, {"text": "【#苹果反对对华加征关税#：可能导致iPhone涨价有利华为】6月20日公开的一封苹果公司致美国贸易代表的信中，苹果敦促白宫放弃向中国增收高达25％的关税，拟议的关税将涵盖iPhone等主要产品，可能导致iPhone涨价，削弱苹果竞争力，使竞争环境倾向对手，对其造成灾难性打击。苹果表示，中国竞争对手如华为等，在美国市场并没有\"重要存在\"，不会受到美国关税影响。L老板联播的秒拍视频", "author": "头条新闻", "time": "头条新闻06月21日14:15 来自微博weibo.com", "transmit": 436, "comment": 1107, "zan": 22296, "sentiment": [{"positive_prob": 0.488971, "confidence": 0.779418, "negative_prob": 0.511029, "sentiment": 1}]}, {"text": "易烊千玺#千玺在nova星等你#光影之间，少年唤醒华为星球的心动时刻。@TFBOYS-易烊千玺​", "author": "TheChans-易烊千玺个站", "time": "TheChans-易烊千玺个站06月21日17:11 来自易烊千玺超话", "transmit": 5886, "comment": 1621, "zan": 9308, "sentiment": [{"positive_prob": 0.634183, "confidence": 0.187073, "negative_prob": 0.365817, "sentiment": 2}]}, {"text": "#千玺在nova星等你##华为nova5#【华为nova5】@TFBOYS-易烊千玺真是要了命了˚‧º·(˚˃̣̣̥᷄⌓˂̣̣̥᷅)‧º·˚​​​", "author": "RunForYou易烊千玺动图库", "time": "RunForYou易烊千玺动图库06月21日17:21 来自易烊千玺超话", "transmit": 1185, "comment": 180, "zan": 3778, "sentiment": [{"positive_prob": 0.763579, "confidence": 0.474619, "negative_prob": 0.236421, "sentiment": 2}]}, {"text": "华为在武汉举行新品发布会，将会带来#华为nova5#系列新品，包括nova5和nova5Pro。这次nova5系列将会搭载麒麟980芯片，自拍性能无疑会变的更强大。另外@TFBOYS-易烊千玺也会亲临现场。更多精彩请锁定#浪人TV#为您带来的视频直播：新浪手机的微博直播.​", "author": "新浪手机", "time": "新浪手机06月21日14:11 来自微博网页版", "transmit": 1393, "comment": 414, "zan": 45524, "sentiment": [{"positive_prob": 0.982633, "confidence": 0.961407, "negative_prob": 0.0173667, "sentiment": 2}]}, {"text": "#小易在现场##华为nova5#发布会前，易烊千玺接受媒体群访，尽显代言人本色，现场使用新手机展示自拍技术，并透露自己在大学里会给同学安利自己代言的手机。谈到录制《这就是街舞》的感受，易烊千玺表示：“跟很多很厉害的舞者在一块每次都能见识到很多不一样的东西。”@TFBOYS-易烊千玺易烊千玺L网易娱乐频道的微博视频", "author": "网易娱乐频道", "time": "网易娱乐频道06月21日15:05 来自易烊千玺超话", "transmit": 8066, "comment": 1541, "zan": 15750, "sentiment": [{"positive_prob": 0.968844, "confidence": 0.930765, "negative_prob": 0.0311556, "sentiment": 2}]}, {"text": "#华为手机发货又双叒叕破记录#仅耗时5个月，华为手机2019年度全球发货量已突破1亿台，相比去年破亿记录缩短了49天。智能手机进入同质化时代，大部分手机厂商都不愿去尝试，不愿去冒险，而探索精神就显得弥足珍贵。今天#华为nova5#系列的新品发布会给我们带来了太多的惊喜，让人更加期待华为手机的潜力。", "author": "环球时报", "time": "环球时报06月21日16:30 来自微博weibo.com", "transmit": 163, "comment": 233, "zan": 3381, "sentiment": [{"positive_prob": 0.975745, "confidence": 0.946101, "negative_prob": 0.0242546, "sentiment": 2}]}, {"text": "#千玺在nova星等你##华为nova5#【华为nova5发布会】@TFBOYS-易烊千玺我的天啊！！！！易烊千玺同学！！！！糖度超标啦啊啊啊啊啊啊啊啊啊啊啊啊啊啊啊啊啊啊啊啊啊啊啊啊啊啊啊啊啊啊呜呜呜呜呜呜呜呜呜呜也太甜太可爱了吧​", "author": "RunForYou易烊千玺动图库", "time": "RunForYou易烊千玺动图库06月21日16:42 来自易烊千玺超话", "transmit": 1671, "comment": 265, "zan": 3056, "sentiment": [{"positive_prob": 0.713532, "confidence": 0.363404, "negative_prob": 0.286468, "sentiment": 2}]}, {"text": "#华为nova5#系列新品发布会将于今天14:30准时开始！前置3200万人像超级夜景，记录夜色，记录更美的你。华为终端官方微博的微博直播.​", "author": "华为终端官方微博", "time": "华为终端官方微博06月21日14:29 来自微博网页版", "transmit": 10074, "comment": 45011, "zan": 89468, "sentiment": [{"positive_prob": 0.961465, "confidence": 0.914366, "negative_prob": 0.0385355, "sentiment": 2}]}, {"text": "#易烊千玺武汉#【昨晚，易烊千玺到武汉啦！】今天下午，四字弟弟将出现在光谷网球中心，亮相华为新品发布会。今天#武汉暴雨#，准备去现场的小伙伴，务必注意安全哟！（部分图/@LIMERENCE1128）​", "author": "武汉同城会", "time": "武汉同城会06月21日07:53 来自WeicoPro", "transmit": 180, "comment": 306, "zan": 4041, "sentiment": [{"positive_prob": 0.95883, "confidence": 0.908512, "negative_prob": 0.0411696, "sentiment": 2}]}, {"text": "和@TFBOYS-易烊千玺一起，用视角突破视野，为夜色添一份出色。感受光影，唤醒想象；定格心动，点亮灵动。L华为终端官方微博的秒拍视频​", "author": "华为终端客服", "time": "华为终端客服06月21日16:11 来自微博weibo.com", "transmit": 6062, "comment": 1325, "zan": 8867, "sentiment": [{"positive_prob": 0.959513, "confidence": 0.910028, "negative_prob": 0.0404874, "sentiment": 2}]}, {"text": "易烊千玺#千玺在nova星等你#发布会群访完整版，拿小本子记好我们华为nova5代言人说的话✍️@TFBOYS-易烊千玺LZZZ栗的微博视频​", "author": "ZZZ栗", "time": "ZZZ栗06月21日21:50 来自易烊千玺超话", "transmit": 3444, "comment": 545, "zan": 6114, "sentiment": [{"positive_prob": 0.606007, "confidence": 0.124459, "negative_prob": 0.393993, "sentiment": 2}]}, {"text": "易烊千玺好狠心一男的，九宫格要等九个月千万福利也被他看穿了@TFBOYS-易烊千玺#千玺在nova星等你#L五行缺千i的秒拍视频​", "author": "五行缺千i", "time": "五行缺千i06月21日16:19 来自易烊千玺超话", "transmit": 3544, "comment": 983, "zan": 7157, "sentiment": [{"positive_prob": 0.378538, "confidence": 0.158804, "negative_prob": 0.621462, "sentiment": 0}]}, {"text": "年轻的实力派、自拍新境界，一张图让大家了解个性十足的#华为nova5#系列！O网页链接​", "author": "余承东", "time": "余承东06月21日16:43 来自HUAWEIP30Pro", "transmit": 2025, "comment": 1705, "zan": 11210, "sentiment": [{"positive_prob": 0.72488, "confidence": 0.388621, "negative_prob": 0.27512, "sentiment": 2}]}, {"text": "易烊千玺#千玺在nova星等你##华为nova5#座机拍图罢了（但P5的小学生qq真的敲可爱）私信求原图的我直接编辑了本来拍的蛮烂我也懒得加logo但禁二改需注明出处。​", "author": "吃好就睡了", "time": "吃好就睡了06月21日21:39 来自千玺的千纸鹤", "transmit": 1506, "comment": 32, "zan": 869, "sentiment": [{"positive_prob": 0.119503, "confidence": 0.734438, "negative_prob": 0.880497, "sentiment": 0}]}, {"text": "易烊千玺千玺在nova星等你nova3⏩nova4⏩nova5⏩阿华专门盛产嗲烊的嘛@TFBOYS-易烊千玺@华为终端客服cr​", "author": "衷易予你", "time": "衷易予你06月21日21:24 来自千玺的千纸鹤", "transmit": 904, "comment": 65, "zan": 495, "sentiment": [{"positive_prob": 0.783803, "confidence": 0.519562, "negative_prob": 0.216197, "sentiment": 2}]}, {"text": "#华为nova5#系列新品发布会将在今天14:30正式开始，#华为平板M6#系列等新产品将同步亮相！记得锁定@华为终端官方微博的视频及图文直播，共同期待它们的到来！​", "author": "华为终端官方微博", "time": "华为终端官方微博06月21日10:00 来自微博weibo.com", "transmit": 4288, "comment": 1370, "zan": 4854, "sentiment": [{"positive_prob": 0.97933, "confidence": 0.954068, "negative_prob": 0.0206695, "sentiment": 2}]}, {"text": "抵达发布会现场，武汉今天大雨，但也依然感受到了nova星人的热情活力#华为nova5#系列新品发布会即将开始，更多惊喜，我们一会儿见！2武汉·光谷国际网球中心​", "author": "华为何刚", "time": "华为何刚06月21日13:45 来自nova5Pro人像超级夜景", "transmit": 3590, "comment": 1047, "zan": 5142, "sentiment": [{"positive_prob": 0.974761, "confidence": 0.943912, "negative_prob": 0.0252394, "sentiment": 2}]}, {"text": "来了！和@TFBOYS-易烊千玺一起，用视角突破视野，为夜色添一份出色。感受光影，唤醒想象；定格心动，点亮灵动。#华为nova5#L华为终端官方微博的秒拍视频​​​", "author": "华为商城", "time": "华为商城06月21日16:08 来自HUAWEIP30", "transmit": 3030, "comment": 587, "zan": 1967, "sentiment": [{"positive_prob": 0.979046, "confidence": 0.953435, "negative_prob": 0.0209541, "sentiment": 2}]}, {"text": "果不其然，搭载麒麟980，#华为平板M6#这波应该稳了~影音方面可以说无可挑剔了，以后在家就能看大片儿，过足游戏瘾，还有“平行视界”一心二用的贴心设计！​", "author": "IT小莫", "time": "IT小莫06月21日17:15 来自微博weibo.com", "transmit": 94, "comment": 435, "zan": 577, "sentiment": [{"positive_prob": 0.99681, "confidence": 0.992912, "negative_prob": 0.00318962, "sentiment": 2}]}, {"text": "华为Nova5Pro图赏​", "author": "C科技", "time": "C科技06月21日16:58", "transmit": 35, "comment": 329, "zan": 966, "sentiment": [{"positive_prob": 0.469784, "confidence": 0.395671, "negative_prob": 0.530216, "sentiment": 1}]}, {"text": "【华为手机总裁何刚：截止2019年5月30日#华为手机发货超1亿台#】6月21日，在华为手机新品发布会上，华为手机产品线总裁@华为何刚表示，我们知道现在面对非常大的挑战，我们坚信挑战越大成就也越大。截止2019年5月30日，今年我们只用了149天，华为手机年度全球发货量超过1亿台。L老板联播的微博视频", "author": "新浪财经", "time": "新浪财经06月21日15:45 来自微博weibo.com", "transmit": 29, "comment": 136, "zan": 525, "sentiment": [{"positive_prob": 0.951951, "confidence": 0.893224, "negative_prob": 0.0480493, "sentiment": 2}]}, {"text": "易烊千玺#千玺在nova星等你#华为nova5代言人真好看@TFBOYS-易烊千玺​", "author": "ZZZ栗", "time": "ZZZ栗06月21日22:05 来自易烊千玺超话", "transmit": 943, "comment": 100, "zan": 1030, "sentiment": [{"positive_prob": 0.587652, "confidence": 0.0836711, "negative_prob": 0.412348, "sentiment": 2}]}, {"text": "华为Nova5发布会现场的易烊千玺，很帅啊，这里有他的粉丝吗？​", "author": "C科技", "time": "C科技06月21日16:20", "transmit": 24, "comment": 287, "zan": 1628, "sentiment": [{"positive_prob": 0.774396, "confidence": 0.498657, "negative_prob": 0.225604, "sentiment": 2}]}, {"text": "就在今日！#华为nova5#系列新品发布会将于14：30正式开场，准备好迎接nova星的青春潮力了吗？让我们共同期待！​​​", "author": "华为手机", "time": "华为手机06月21日10:36 来自nova5Pro人像超级夜景", "transmit": 4116, "comment": 1625, "zan": 3261, "sentiment": [{"positive_prob": 0.943177, "confidence": 0.873726, "negative_prob": 0.0568234, "sentiment": 2}]}, {"text": "大家等待已久的#华为nova5#系列等价格如下，欢迎预订尝鲜！O网页链接​", "author": "余承东", "time": "余承东06月21日16:34 来自HUAWEIP30Pro", "transmit": 444, "comment": 627, "zan": 3547, "sentiment": [{"positive_prob": 0.65565, "confidence": 0.234778, "negative_prob": 0.34435, "sentiment": 2}]}, {"text": "有时，苦恼的并非没有选择，而是选择过多。面对世间纷扰，最难得的是不忘初心，勇敢无惧。关注@华为企业业务和@中国移动10086，带话题#转型不畏#转评本条微博，和86君聊聊你曾经做过哪些选择来改变自己~6月27日抽一位幸运宝宝送出华为P30一台~​O抽奖详情​", "author": "中国移动10086", "time": "中国移动1008606月21日10:00 来自微博weibo.com", "transmit": 5548, "comment": 8222, "zan": 2906, "sentiment": [{"positive_prob": 0.960511, "confidence": 0.912246, "negative_prob": 0.0394894, "sentiment": 2}]}, {"text": "今天14:30#华为nova5#系列约不约​", "author": "花粉俱乐部", "time": "花粉俱乐部06月21日11:46 来自微博weibo.com", "transmit": 2901, "comment": 723, "zan": 1853, "sentiment": [{"positive_prob": 0.626809, "confidence": 0.170686, "negative_prob": 0.373191, "sentiment": 2}]}, {"text": "不止满足影音娱乐、移动办公，还有更多惊喜亮点。#华为平板M6#系列新品发布，一张图带大家了解！​", "author": "余承东", "time": "余承东06月21日16:38 来自HUAWEIP30Pro", "transmit": 67, "comment": 566, "zan": 2462, "sentiment": [{"positive_prob": 0.982532, "confidence": 0.961181, "negative_prob": 0.0174684, "sentiment": 2}]}]