[{"text": "【投票：#华为拍月亮申请专利#你怎么看？】近日，国家知识产权局公布了华为一项专利，名为“一种拍摄月亮的方法和电子设备”。华为表示，该方法可在普通拍摄模式下，或者非专业用户的拍摄过程中，拍摄出轮廓清晰、晶莹美丽的月亮。你怎么看？#华为拍月亮申请专利#你怎么看？​", "author": "财经网", "time": "财经网07月17日21:49 来自微博weibo.com", "transmit": 291, "comment": 691, "zan": 166782, "sentiment": [{"positive_prob": 0.826594, "confidence": 0.614652, "negative_prob": 0.173406, "sentiment": 2}]}, {"text": "#首批8款5G手机获3C认证#【#首批5G手机获3C认证#：你可以接受的5G手机价位是？】7月16日，《每日经济新闻》记者在中国质量认证中心官网查询到，已经有7款5G手机获得了3C认证。其中，华为有4款，一加、中兴、vivo各有一款5G手机获得了3C认证。此外，OPPO方面有内部人士向记者透露，OPPO的5G手机3C认证也已经获得，只是还未公开。你可以接受的5G手机价位是？首批5G手机获3C认证：你可以接受的5G手机价位是？", "author": "每日经济新闻", "time": "每日经济新闻07月17日08:56 来自微博weibo.com", "transmit": 280, "comment": 529, "zan": 64076, "sentiment": [{"positive_prob": 0.961377, "confidence": 0.914171, "negative_prob": 0.038623, "sentiment": 2}]}, {"text": "#首批5G手机获3C认证#【投票：5G手机即将上市，你能接受的价格是多少？】近日，中国质量认证中心官网显示，已有8款5G手机获得了3C认证。其中，华为有4款，一加、中兴、vivo、OPPO各有一款5G手机获得了3C认证。问题来了，你可以接受的5G手机价位是？你能接受的5G手机价位是？​", "author": "中国日报", "time": "中国日报07月17日18:46 来自搜狗高速浏览器", "transmit": 164, "comment": 193, "zan": 23353, "sentiment": [{"positive_prob": 0.905252, "confidence": 0.78945, "negative_prob": 0.0947477, "sentiment": 2}]}, {"text": "【#华为拍月亮申请专利#：拍高清月亮就看它了】国家知识产权局公布了华为一项专利，该专利名为“一种拍摄月亮的方法和电子设备”。该方法通过在预览界面中自动识别月亮，并在识别到月亮之后进入月亮拍摄模式，从而自动对焦月亮，使预览界面中显示轮廓清晰的月亮图像。​", "author": "凤凰网科技", "time": "凤凰网科技07月17日15:27 来自微博weibo.com", "transmit": 3199, "comment": 14244, "zan": 205927, "sentiment": [{"positive_prob": 0.972296, "confidence": 0.938437, "negative_prob": 0.0277036, "sentiment": 2}]}, {"text": "【#首批5G手机获3C认证#5G手机来了你会换吗？】中国质量认证中心官网显示，已经有7款5G手机获得了3C认证。其中，华为有4款，一加、中兴、vivo各有一款5G手机获得了3C认证。此外，OPPO方面有内部人士透露，OPPO的5G手机3C认证也已经获得，只是还未公开。你会换5G手机吗？​", "author": "新浪财经", "time": "新浪财经07月17日09:47 来自微博weibo.com", "transmit": 43, "comment": 269, "zan": 7038, "sentiment": [{"positive_prob": 0.854314, "confidence": 0.676254, "negative_prob": 0.145686, "sentiment": 2}]}, {"text": "【#首批5G手机获3C认证#：华为占4款，一加、中兴、vivo、OPPO各1款】近日，中国质量认证中心官网显示，已有8款5G手机获得了3C认证。其中，华为有4款，一加、中兴、vivo、OPPO各有一款5G手机获得了3C认证。据悉，5G手机要上市一共要做三个认证，3C认证、入网许可证和无委核准证。这三张证独立且缺一不可，获得这些证书就意味着可以上市开卖了。O首批8款5G手机获3C认证：华为占4款，未见小米", "author": "财经网", "time": "财经网07月17日00:17 来自微博weibo.com", "transmit": 477, "comment": 2448, "zan": 11557, "sentiment": [{"positive_prob": 0.941865, "confidence": 0.870811, "negative_prob": 0.058135, "sentiment": 2}]}, {"text": "#nova夜色自拍大赛#这个大赛让我第一个想起的就是之前在上海看了凌空金鱼展，特意晚上去的，窗外浦东的夜色和金鱼相互映衬闪闪发亮，那时我刚拥有#华为nova4#不久，第一次感受到夜景拍摄的强大，全部原图直出，清晰的能看清金鱼的纹路，可惜那天没有自拍只有他拍，补了一张前两天去央美看的雷安德罗展的自拍照，隔着一个玻璃水面的泳池和麻麻合影还是再次感谢小烊给我种草nova系列，拍照很快乐", "author": "我亲爱的拥有和虚无", "time": "我亲爱的拥有和虚无07月17日19:56 来自nova4自拍极点全面屏", "transmit": 59, "comment": 144, "zan": 2647, "sentiment": [{"positive_prob": 0.990225, "confidence": 0.978277, "negative_prob": 0.00977541, "sentiment": 2}]}, {"text": "【中国外交部：美打压中国企业损害美自身利益】近日，美国参众两院议员提出了新的限制华为5G的有关法案。今天，外交部发言人耿爽表示，美国有关议员固守冷战零和思维，长期戴着有色眼镜看待中国，提出各种涉华的消极议案。他们遏制中国发展，破坏中美关系的险恶用心暴露无遗。美动用国家力量无端制裁和打压中国企业，严重损害美国国家形象和自身利益，应立即停止。（央视记者朱若梦）L央视新闻的秒拍视频", "author": "央视新闻", "time": "央视新闻07月17日17:14 来自微博weibo.com", "transmit": 250, "comment": 261, "zan": 2063, "sentiment": [{"positive_prob": 0.9092, "confidence": 0.798223, "negative_prob": 0.0907996, "sentiment": 2}]}, {"text": "#华为拍月亮申请专利#今天国家知识产权局公布了华为一项专利，华为的拍月亮专利名叫“一种拍摄月亮的方法和电子设备”。该方法通过在预览界面中自动识别月亮，并在识别到月亮后进入月亮模式，从而自动对焦月亮，使预览界面中显示轮廓清晰的月亮图像。专利申请号为201910134047.X，专利申请的时间是今年2月22日。最后我们看看华为p30pro如何拍出好月亮via：@晓满说手机L晓满晓满晓的微博视频", "author": "壹小寒", "time": "壹小寒07月17日19:37 来自iPhoneX", "transmit": 2254, "comment": 3266, "zan": 35102, "sentiment": [{"positive_prob": 0.954359, "confidence": 0.898575, "negative_prob": 0.0456412, "sentiment": 2}]}, {"text": "#首批8款5G手机获3C认证##首批5G手机获3C认证#：华为占4款，未见小米！中国质量认证中心官网显示：已有7款5G手机获得了3C认证。其中，华为有4款，一加、中兴、vivo各有一款5G手机获得了3C认证。期待5G的到来吗？你用什么品牌手机？​", "author": "长春人的长春事儿", "time": "长春人的长春事儿07月17日07:20 来自来去之间送的会员", "transmit": 232, "comment": 336, "zan": 26359, "sentiment": [{"positive_prob": 0.897864, "confidence": 0.773031, "negative_prob": 0.102136, "sentiment": 2}]}, {"text": "#华为拍月亮申请专利#厉害了华为！来说说你在用什么手机吧另外，这里→O网页链接送三部手机任选，感兴趣可以参加下！来说说你在用什么手机吧！​", "author": "一只粉色的锦鲤兔", "time": "一只粉色的锦鲤兔07月17日21:02 来自你不能错过的微博", "transmit": 407, "comment": 336, "zan": 29050, "sentiment": [{"positive_prob": 0.571299, "confidence": 0.0473303, "negative_prob": 0.428701, "sentiment": 2}]}, {"text": "【中国外交部：美打压中国企业损害美自身利益】近日，美国参众两院议员提出了新的限制华为5G的有关法案。今天，外交部发言人耿爽表示，美国有关议员固守冷战零和思维，长期戴着有色眼镜看待中国，提出各种涉华的消极议案。他们遏制中国发展，破坏中美关系的险恶用心暴露无遗。美动用国家力量无端制裁和打压中国企业，严重损害美国国家形象和自身利益，应立即停止。（央视记者朱若梦）L央视新闻的秒拍视频", "author": "新浪财经", "time": "新浪财经07月17日21:37 来自微博weibo.com", "transmit": 88, "comment": 173, "zan": 1167, "sentiment": [{"positive_prob": 0.9092, "confidence": 0.798223, "negative_prob": 0.0907996, "sentiment": 2}]}, {"text": "【#华为拍月亮申请专利#】近日，国家知识产权局公布了华为一项专利，名为“一种拍摄月亮的方法和电子设备”。华为表示，该方法可在普通拍摄模式下，或者非专业用户的拍摄过程中，拍摄出轮廓清晰、晶莹美丽的月亮。L实时星闻的微博视频​", "author": "凤凰网视频", "time": "凤凰网视频07月17日23:49", "transmit": 91, "comment": 261, "zan": 1590, "sentiment": [{"positive_prob": 0.965439, "confidence": 0.923199, "negative_prob": 0.0345607, "sentiment": 2}]}, {"text": "【#首批5G手机获3C认证#：你可以接受的5G手机价位是？】中国质量认证中心官网发布：已有7款5G手机获得了3C认证。其中，华为有4款，一加、中兴、vivo各有一款5G手机获得了3C认证。你可以接受的5G手机价位是？你可以接受的5G手机价位？​", "author": "南京发布", "time": "南京发布07月17日14:01 来自iPhone客户端", "transmit": 21, "comment": 13, "zan": 1433, "sentiment": [{"positive_prob": 0.950146, "confidence": 0.889214, "negative_prob": 0.0498536, "sentiment": 2}]}, {"text": "国家5G推进组：华为5G芯片已完成全部网络测试！​", "author": "wu2198", "time": "wu219807月17日18:33", "transmit": 16, "comment": 121, "zan": 4361, "sentiment": [{"positive_prob": 0.721252, "confidence": 0.380561, "negative_prob": 0.278748, "sentiment": 2}]}, {"text": "#华为拍月亮申请专利#现在的手机像素越来越好，不在是座机像素，求推荐哪个手机的像素拍照好？你觉得哪个品牌手机拍照好？​", "author": "六安身边事", "time": "六安身边事07月17日20:51 来自iPhone7", "transmit": 9, "comment": 39, "zan": 3713, "sentiment": [{"positive_prob": 0.944929, "confidence": 0.877621, "negative_prob": 0.0550707, "sentiment": 2}]}, {"text": "华为mate20Pro的拍照效果真好，前置更棒……录像更牛，不信你们去看电影​", "author": "毒家说", "time": "毒家说07月17日00:39", "transmit": 52, "comment": 167, "zan": 658, "sentiment": [{"positive_prob": 0.96525, "confidence": 0.922777, "negative_prob": 0.0347504, "sentiment": 2}]}, {"text": "金立出事后，刘涛坚持使用金立M7到合约期的最后一日（2018年11月25日），到期后刘涛似乎开始用iPhone，最近换成华为P30Pro。而薛之谦则是现在都还在用金立M7，哪怕金立已经破产小尾巴都没怎么变过，合约期再久也不会那么久吧，我突然开始佩服他了。​", "author": "爱莉丝RUN", "time": "爱莉丝RUN07月17日14:10 来自搭载iOS的Android", "transmit": 15, "comment": 218, "zan": 2997, "sentiment": [{"positive_prob": 0.214436, "confidence": 0.523477, "negative_prob": 0.785564, "sentiment": 0}]}, {"text": "华为眼镜！朋友戴了以后，连声说太骚了，有一种晶体管收音机的感觉​", "author": "宅数码Kael", "time": "宅数码Kael07月17日16:51 来自HUAWEIP30Pro", "transmit": 72, "comment": 345, "zan": 1842, "sentiment": [{"positive_prob": 0.634485, "confidence": 0.187745, "negative_prob": 0.365515, "sentiment": 2}]}, {"text": "【#华为拍月亮申请专利#你怎么看？】近日，国家知识产权局公布了华为的一项专利，名为“一种拍摄月亮的方法和电子设备”。华为表示，该方法可在普通拍摄模式下，或者非专业用户拍摄时，拍摄出轮廓清晰、晶莹美丽的月亮。你怎么看？华为拍月亮申请专利，你怎么看？​", "author": "中国长安网", "time": "中国长安网07月17日23:44 来自360安全浏览器", "transmit": 24, "comment": 59, "zan": 1776, "sentiment": [{"positive_prob": 0.766274, "confidence": 0.48061, "negative_prob": 0.233726, "sentiment": 2}]}, {"text": "【#华为拍月亮申请专利#，余承东：月亮算什么？还能拍出银河】国家知识产权局网站显示，华为申请了“一种拍摄月亮的方法和电子设备”的专利，通过自动识别月亮、自动对焦月亮等步骤从而成功拍摄月亮。任正非曾解读：现在的图像不是照出来的，是数学算出来的。@老板联播L老板联播的秒拍视频​", "author": "梨视频", "time": "梨视频07月17日23:05 来自微博weibo.com", "transmit": 53, "comment": 137, "zan": 565, "sentiment": [{"positive_prob": 0.915214, "confidence": 0.811587, "negative_prob": 0.0847857, "sentiment": 2}]}, {"text": "#观学院#@飞象网项立刚：“其实，最有可能打倒华为的不是高通，而是台积电”，“最近最傻的人，头脑最有问题的人是郭台铭”，“替代富士康像玩一样”。L微丢的秒拍视频​", "author": "观察者网", "time": "观察者网07月17日18:01 来自微博weibo.com", "transmit": 147, "comment": 196, "zan": 1017, "sentiment": [{"positive_prob": 0.323375, "confidence": 0.281388, "negative_prob": 0.676625, "sentiment": 0}]}, {"text": "【首批8款5G手机获3C认证，华为占4款】#首批5G手机获3C认证#7月16日，记者在中国质量认证中心官网查询到，已有7款5G手机获得了3C认证。其中，华为有4款，一加、中兴、vivo各有一款5G手机获得了3C认证。此外，OPPO方面内部人士透露，OPPO的5G手机3C认证也已获得。“证都拿到了，只是还未公开。”这意味着，接下来5G手机开始陆续进入上市阶段。每日经济新闻O首批8款5G手机获3C认证，华为占4款", "author": "澎湃新闻", "time": "澎湃新闻07月17日10:47 来自微博weibo.com", "transmit": 38, "comment": 190, "zan": 515, "sentiment": [{"positive_prob": 0.940026, "confidence": 0.866725, "negative_prob": 0.0599737, "sentiment": 2}]}, {"text": "【美国议员提交涉华为议案　耿爽：立即停止对中国企业的无理打压和制裁】“外交部发言人办公室”消息，在7月17日外交部例行记者会上，有记者问：美国参众两院多位议员提交法案要求维持对华为实施严格限制措施，包括未经批准商务部不能将华为移出出口管制实体清单。中方对此有何回应？　　耿爽：中方已经多次就美方无理打压中国企业表明了严正立场。美国有关议员固守冷战零和思维，长期戴着“有色眼镜”看待中国，提出各种涉华消极议案，他们遏制中国发展、破坏中美关系的险恶用心暴露无遗。　　美方动用国家力量无端制裁、打压中国企业，严重损害美国国家形象，严重损害美国企业自身利益，更严重破坏全球产业链和供应链，已经并将继续遭到世界各国的广泛反对和抵制。　　中美企业开展经贸合作是互利共赢的。特朗普总统在大阪同习近平主席会晤时表示，将允许美国公司继续向华为供货。美方如何兑现承诺、何时兑现承诺，事关美方自身的信誉和公信力，国际社会都看在眼里。　　我们希望美方立即停止对华为等中国企业的无理打压和制裁，以公平、公正、非歧视的方式对待中国企业，多做有利于促进中美经贸合作健康稳定发展的事情，而不是设置障碍。#跟我看外交##与发言人相约蓝厅#L外交部发言人办公室的微博视频", "author": "外交部发言人办公室", "time": "外交部发言人办公室07月17日18:14 来自微博视频", "transmit": 70, "comment": 65, "zan": 1592, "sentiment": [{"positive_prob": 0.905972, "confidence": 0.791048, "negative_prob": 0.0940281, "sentiment": 2}]}, {"text": "#马云谈素质教育#长出了一口气，感谢中美贸易战。本来教育部是非常激进地猛搞素质教育，禁奥数、禁补课，降低数理化难度，语文决定考试成绩，奥数国际竞赛成绩大退步。忽然2018年，特朗普发动贸易战，禁了中兴禁华为，一举解决了争议。2019年高考题数学难度增加了。社会上“学好数理化走遍天下都不怕”的老话再度流传，对素质教育重新理解。教育部也悄悄转身，降低了调门。昨天IMO数学奥赛第一天的试题刚出来，就在社区流传开，第二天还没考完，以前没见过这样的关注度。有木有高考刚完的牛逼货，把右图的题目搞出一个来？", "author": "风云学会陈经", "time": "风云学会陈经07月17日09:48 来自小米9", "transmit": 303, "comment": 272, "zan": 1859, "sentiment": [{"positive_prob": 0.878214, "confidence": 0.729365, "negative_prob": 0.121786, "sentiment": 2}]}, {"text": "【#首批5G手机获3C认证#：华为占4款，一加、中兴、vivo、OPPO各1款】近日，中国质量认证中心官网显示，已有8款5G手机获得了3C认证。其中，华为有4款，一加、中兴、vivo、OPPO各有一款5G手机获得了3C认证。据悉，5G手机要上市一共要做三个认证，3C认证、入网许可证和无委核准证。这三张证独立且缺一不可，获得这些证书就意味着可以上市开卖了。（央视网）O首批8款5G手机获3C认证：华为占4款", "author": "中国日报", "time": "中国日报07月17日18:28 来自微博weibo.com", "transmit": 28, "comment": 52, "zan": 152, "sentiment": [{"positive_prob": 0.934686, "confidence": 0.854858, "negative_prob": 0.0653139, "sentiment": 2}]}, {"text": "【装13一个月，华为活得好好的，自己挂了！】【断供华为1个月不到，伟创力长沙工厂停产！】据财新网报道称，“自2019年3月开始，伟创力长沙一期项目的生产已经遭遇困顿。2019年5月，伟创力长沙工厂就已停产。”而伟创力长沙工厂停产的主要原因则是受“美国对华为禁令”的影响，因为伟创力长沙工厂主要的产能就是给华为手机的。资料显示，伟创力于1969年成立于美国硅谷，1987年进入中国，是仅次于富士康的全球第二大电子产品代工企业。目前，伟创力在30多个国家拥有100多座工厂，员工达到20万名。目前在珠海、深圳、苏州、长沙等地设有工厂。而伟创力长沙厂是2018年才刚刚投建的。而为了吸引伟创力入驻长沙，长沙市政府开出了优厚条件。一名长沙望城经开区管委会内部工作人员告诉财新记者，厂房由长沙市政府建设，“并且免除了五年的厂房租金”，伟创力仅需提供设备和人员。断供华为1个月不到，伟创力长沙工厂停产！二期项目被比亚迪接手。", "author": "占豪", "time": "占豪07月17日14:19 来自Android", "transmit": 125, "comment": 97, "zan": 1401, "sentiment": [{"positive_prob": 0.96485, "confidence": 0.92189, "negative_prob": 0.0351496, "sentiment": 2}]}, {"text": "#工仔福利#【工仔又来送福利啦！！】从1903年一路走来，校园里的每一条道都承载了我们前进的脚步！从厚德道到元光道，从承孝路到博学道，我们都在前进着，追寻着自己的小小幸福这一次，我们携手@华为云一起走在#最火校道#上，Hebuters猜猜我们会走向哪里呢？关注@河北工业大学并转发这条微博，评论里留下你走过次数最多的道路吧～O7月20日晚7点，我们将抽出一位幸运儿送出一张京东100元无门槛购物卡！O抽奖详情", "author": "河北工业大学", "time": "河北工业大学07月17日20:50 来自河北工业大学超话", "transmit": 145, "comment": 128, "zan": 66, "sentiment": [{"positive_prob": 0.968918, "confidence": 0.930928, "negative_prob": 0.0310823, "sentiment": 2}]}, {"text": "#华为拍月亮申请专利#听说华为p30pro能拍月亮？这个月亮感觉怎么样？（配上张杰的歌好有感觉啊！）好想买却买不起的那种人就是我了L实时星闻的微博视频​", "author": "实时星闻", "time": "实时星闻07月17日20:28 来自vae1688888Android", "transmit": 215, "comment": 225, "zan": 1745, "sentiment": [{"positive_prob": 0.920136, "confidence": 0.822524, "negative_prob": 0.0798644, "sentiment": 2}]}, {"text": "#首批5G手机获3C认证#目前已经5家手机厂商，共6款5G手机，拿到了5G终端进网许可证，具体机型分别为：1华为：华为MateX5G折叠屏&Mate20X5G版，分别支持最高55W快充和40W快充。2中兴：中兴天机Axon10Pro5G版3vivo：iQOO5G版，44W快充。4一加：一加7Pro5G版，30W快充。5OPPO：OPPOReno5G版，20W快充。三星、小米暂没瞅见，不过估计也快了～至于魅族...明年Q2再见吧", "author": "小白测评", "time": "小白测评07月17日10:54", "transmit": 33, "comment": 232, "zan": 715, "sentiment": [{"positive_prob": 0.971106, "confidence": 0.935792, "negative_prob": 0.0288936, "sentiment": 2}]}]