[{"text": "【#华为证实已生产不含美国部件5G基站#】华为创始人任正非9月26日在一个商务论坛上表示，脱离美国零部件的华为，还是可以生存的，并已在生产不包含美国部件的5G基站，明年将扩大产量。任正非还表示，仍欢迎美国恢复供应，因与供应商有30多年交情，“人还是有感情的，不能光为我们挣钱，让朋友不能挣钱。”华为战略部总裁张文林对路透社说，华为不含美国零部件的基站，其表现并不比用美国零部件的差。L时间财经的微博视频", "author": "新浪财经", "time": "新浪财经09月29日10:47 来自微博weibo.com", "transmit": 758, "comment": 234, "zan": 9861, "sentiment": [{"positive_prob": 0.834814, "confidence": 0.632919, "negative_prob": 0.165186, "sentiment": 2}]}, {"text": "【#华为正研发6G#！还要多久？到底有多6？】5G还未全面铺开，6G已“跃跃欲试。“等，等下……我5G还没开始玩呢又6G了？”近日，一条“华为6G研究”的新闻登上热搜后，有网友发出这样的“灵魂一问”。什么是6G？那么，到底什么是6G？6G相关研究目前已进展到什么阶段？6G的关键核心技术有哪些？近日，在2019年全国通信理论与技术学术会议暨通信领域创新发展论坛上，多位业内专家表示，目前6G研究刚刚起步，在技术领域需要建立国际统一标准。区别于5G，6G要构建出一张实现空、天、地、海一体化通信的网络。6G频段将从5G的毫米波频段拓展至太赫兹频段，数据传输速率有望比5G快100倍，时延达到亚毫秒级水平。在用户的个性化服务以及物联网、工业互联网、无人驾驶、智能工厂等领域，6G都将有较广阔的应用前景。6G什么时候能来？华为曾表示，5G和6G的开发是并行的，但6G规模化使用还很远。对此，华为消费者业务CEO余承东在接受央视财经记者采访时也进行了回应。他表示，6G正在研发中，还需要（估计）10年时间。L央视财经的酷燃视频", "author": "央视财经", "time": "央视财经09月29日19:00 来自微博weibo.com", "transmit": 588, "comment": 1028, "zan": 8577, "sentiment": [{"positive_prob": 0.697589, "confidence": 0.327977, "negative_prob": 0.302411, "sentiment": 2}]}, {"text": "其实有关Mate30Pro我只有一点特别想告诉大家这真的是一个质感很棒的手机。这个视频应该是我做到现在完成度比较高的视频，大多数镜头都没什么遗憾，希望大家喜欢！这视频做得贼累求转发很抱歉刚才字幕错了重传一遍L老师好我叫何同学的微博视频​", "author": "老师好我叫何同学", "time": "老师好我叫何同学09月29日12:49 来自微博weibo.com", "transmit": 25428, "comment": 8684, "zan": 73468, "sentiment": [{"positive_prob": 0.736863, "confidence": 0.415252, "negative_prob": 0.263137, "sentiment": 2}]}, {"text": "#华为证实已生产不含美国部件5G基站##华为正研发6G#任正非：全世界把5G做的最好的是华为。为这样的自信和底气点赞L环球纪录频道的微博视频​", "author": "搞笑二娘", "time": "搞笑二娘09月29日09:36 来自HUAWEIP30", "transmit": 1960, "comment": 4347, "zan": 61302, "sentiment": [{"positive_prob": 0.976822, "confidence": 0.948493, "negative_prob": 0.023178, "sentiment": 2}]}, {"text": "#何同学最新视频#挺稳的，时长也挺长的L老师好我叫何同学的秒拍视频​", "author": "回忆专用小马甲", "time": "回忆专用小马甲09月29日17:05 来自微博weibo.com", "transmit": 1055, "comment": 609, "zan": 2323, "sentiment": [{"positive_prob": 0.953011, "confidence": 0.89558, "negative_prob": 0.0469892, "sentiment": 2}]}, {"text": "【任正非：西方公司已拿到没有美国零部件产品】9月26日，华为创始人任正非表示，大量西方公司已经拿到了没有美国零部件的产品，他们信心大增，相信我们能供应上他们的货。华为完全脱离美国的供应也能生存，这是事实。任正非还表示，仍欢迎美国恢复供应，因为人还是有感情的，不能光为我们挣钱，让朋友不能挣钱。L老板联播的微博视频", "author": "新浪财经", "time": "新浪财经09月29日11:55 来自微博weibo.com", "transmit": 291, "comment": 103, "zan": 475, "sentiment": [{"positive_prob": 0.573545, "confidence": 0.0523227, "negative_prob": 0.426455, "sentiment": 2}]}, {"text": "秋风起，蟹儿黄，著名歌手吃得爽。虽然季节未到，阳澄湖大闸蟹现场版先下手为强！阳澄湖夜景，只有华为拍得出，赞！​", "author": "黄安", "time": "黄安09月29日19:55 来自iPhoneXSMax", "transmit": 18, "comment": 410, "zan": 3091, "sentiment": [{"positive_prob": 0.992284, "confidence": 0.982854, "negative_prob": 0.00771577, "sentiment": 2}]}, {"text": "【任正非：大量西方公司已拿到没有美国零部件产品，华为脱离美国供应也能生存】#华为证实已生产不含美国部件5G基站#9月26日，华为创始人任正非表示，大量西方公司已经拿到了没有美国零部件的产品，他们信心大增，相信我们能供应上他们的货。华为完全脱离美国的供应也能生存，这是事实。任正非还表示，仍欢迎美国恢复供应，因为人还是有感情的，不能光为我们挣钱，让朋友不能挣钱。@老板联播L老板联播的微博视频", "author": "梨视频", "time": "梨视频09月29日11:58 来自专业版微博", "transmit": 88, "comment": 288, "zan": 2092, "sentiment": [{"positive_prob": 0.341317, "confidence": 0.241517, "negative_prob": 0.658683, "sentiment": 0}]}, {"text": "什么样的扔硬币“小魔术”让孟非和陆川哈哈哈笑得停不下来？徐峥导演教你1秒钟就能学会，首先，你要有一台华为Mate30手机~L西瓜李姥姥的秒拍视频​", "author": "午后狂睡", "time": "午后狂睡09月29日16:50 来自微博weibo.com", "transmit": 2181, "comment": 820, "zan": 1796, "sentiment": [{"positive_prob": 0.338532, "confidence": 0.247706, "negative_prob": 0.661468, "sentiment": 0}]}, {"text": "【任正非：西方公司已拿到没有美国零部件产品】9月26日，华为创始人任正非表示，大量西方公司已经拿到了没有美国零部件的产品，他们信心大增，相信我们能供应上他们的货。华为完全脱离美国的供应也能生存，这是事实。任正非还表示，仍欢迎美国恢复供应，因为人还是有感情的，不能光为我们挣钱，让朋友不能挣钱。L老板联播的微博视频", "author": "新京报", "time": "新京报09月29日12:01 来自微博weibo.com", "transmit": 100, "comment": 313, "zan": 1408, "sentiment": [{"positive_prob": 0.573545, "confidence": 0.0523227, "negative_prob": 0.426455, "sentiment": 2}]}, {"text": "5G大神何同学在自己的体验了华为最新发布的Mate30，想到是手机测评，但没想到结尾突然走心。#何同学最新视频#L老师好我叫何同学的秒拍视频​", "author": "三联生活周刊", "time": "三联生活周刊09月29日14:13 来自微博weibo.com", "transmit": 288, "comment": 282, "zan": 877, "sentiment": [{"positive_prob": 0.690249, "confidence": 0.311664, "negative_prob": 0.309751, "sentiment": 2}]}, {"text": "【任正非：西方公司已拿到没有美国零部件产品】26日，华为创始人任正非表示，大量西方公司已经拿到了没有美国零部件的产品，“他们信心大增，相信我们能供应上他们的货。华为完全脱离美国的供应也能生存，这是事实。”任正非还表示，“仍欢迎美国恢复供应，因为人还是有感情的，不能光为我们挣钱，让朋友不能挣钱。”L老板联播的微博视频", "author": "Vista看天下", "time": "Vista看天下09月29日12:44 来自微博weibo.com", "transmit": 96, "comment": 131, "zan": 493, "sentiment": [{"positive_prob": 0.400848, "confidence": 0.109227, "negative_prob": 0.599152, "sentiment": 0}]}, {"text": "华为，已经赢了！​", "author": "搞机Time", "time": "搞机Time09月29日13:04 来自Note10+Android", "transmit": 66, "comment": 397, "zan": 2923, "sentiment": [{"positive_prob": 0.593709, "confidence": 0.0971307, "negative_prob": 0.406291, "sentiment": 2}]}, {"text": "#6G可能10年后才来#【华为正研发6G！还要多久？到底有多6？】5G还未全面铺开，6G已“跃跃欲试。“等，等下……我5G还没开始玩呢又6G了？”近日，一条“华为6G研究”的新闻登上热搜后，有网友发出这样的“灵魂一问”。什么是6G？那么，到底什么是6G？6G相关研究目前已进展到什么阶段？6G的关键核心技术有哪些？近日，在2019年全国通信理论与技术学术会议暨通信领域创新发展论坛上，多位业内专家表示，目前6G研究刚刚起步，在技术领域需要建立国际统一标准。区别于5G，6G要构建出一张实现空、天、地、海一体化通信的网络。6G频段将从5G的毫米波频段拓展至太赫兹频段，数据传输速率有望比5G快100倍，时延达到亚毫秒级水平。在用户的个性化服务以及物联网、工业互联网、无人驾驶、智能工厂等领域，6G都将有较广阔的应用前景。6G什么时候能来？华为曾表示，5G和6G的开发是并行的，但6G规模化使用还很远。对此，华为消费者业务CEO余承东在接受央视财经记者采访时也进行了回应。他表示，6G正在研发中，还需要（估计）10年时间。L央视财经的酷燃视频", "author": "新浪财经", "time": "新浪财经09月29日21:20 来自微博weibo.com", "transmit": 65, "comment": 120, "zan": 227, "sentiment": [{"positive_prob": 0.563911, "confidence": 0.0309143, "negative_prob": 0.436089, "sentiment": 2}]}, {"text": "博君一肖让我们永远支持华为👌🏿👌🏿L我第一灵的微博视频​", "author": "我第一灵", "time": "我第一灵09月29日22:13 来自博君一肖超话", "transmit": 305, "comment": 931, "zan": 3899, "sentiment": [{"positive_prob": 0.919228, "confidence": 0.820506, "negative_prob": 0.0807724, "sentiment": 2}]}, {"text": "【何同学再评5G手机】#何同学最新视频#发布，讲述了他体验了两个多星期的华为Mate30Pro，何同学再次用他朴实易懂的风格为大家呈现了这部手机的使用感以及他对华为这几年发展的见解。L老师好我叫何同学的秒拍视频​", "author": "新闻晨报", "time": "新闻晨报09月29日15:35 来自微博weibo.com", "transmit": 207, "comment": 183, "zan": 451, "sentiment": [{"positive_prob": 0.828471, "confidence": 0.618825, "negative_prob": 0.171529, "sentiment": 2}]}, {"text": "为什么身边越来越多人开始用华为？具体原因请看#何同学最新视频#，最后两分钟很棒。L老师好我叫何同学的秒拍视频​", "author": "冷知识bot", "time": "冷知识bot09月29日15:05 来自微博weibo.com", "transmit": 355, "comment": 723, "zan": 7420, "sentiment": [{"positive_prob": 0.90168, "confidence": 0.781511, "negative_prob": 0.09832, "sentiment": 2}]}, {"text": "#何同学最新视频#大家自己到这个话题的热门下面去看吧，整整齐齐的阅兵现场，一片盛赞。华为Mate30Pro的“评测”何同学这个恰饭恰的怕不是个小单，出动那么多营销号整齐的转发盛赞，再加上视频内容的倾向，你懂的华为这个广告营销真的是无孔不入，无处不在，猝不及防", "author": "MebiuW", "time": "MebiuW09月29日17:21 来自消费降级的iPhone11", "transmit": 207, "comment": 197, "zan": 1794, "sentiment": [{"positive_prob": 0.219946, "confidence": 0.511232, "negative_prob": 0.780054, "sentiment": 0}]}, {"text": "【#华为正研发6G#！还要多久？到底有多6？】5G还未全面铺开，6G已“跃跃欲试。“等，等下……我5G还没开始玩呢又6G了？”近日，一条“华为6G研究”的新闻登上热搜后，有网友发出这样的“灵魂一问”。什么是6G？那么，到底什么是6G？6G相关研究目前已进展到什么阶段？6G的关键核心技术有哪些？近日，在2019年全国通信理论与技术学术会议暨通信领域创新发展论坛上，多位业内专家表示，目前6G研究刚刚起步，在技术领域需要建立国际统一标准。区别于5G，6G要构建出一张实现空、天、地、海一体化通信的网络。6G频段将从5G的毫米波频段拓展至太赫兹频段，数据传输速率有望比5G快100倍，时延达到亚毫秒级水平。在用户的个性化服务以及物联网、工业互联网、无人驾驶、智能工厂等领域，6G都将有较广阔的应用前景。6G什么时候能来？华为曾表示，5G和6G的开发是并行的，但6G规模化使用还很远。对此，华为消费者业务CEO余承东在接受央视财经记者采访时也进行了回应。他表示，6G正在研发中，还需要（估计）10年时间。L央视财经的酷燃视频", "author": "经济之声", "time": "经济之声09月29日19:07", "transmit": 30, "comment": 0, "zan": 510, "sentiment": [{"positive_prob": 0.697589, "confidence": 0.327977, "negative_prob": 0.302411, "sentiment": 2}]}, {"text": "【#华为证实已生产不含美国部件5G基站#】华为创始人任正非9月26日在一个商务论坛上表示，脱离美国零部件的华为，还是可以生存的，并已在生产不包含美国部件的5G基站，明年将扩大产量。任正非还表示，仍欢迎美国恢复供应，因与供应商有30多年交情，“人还是有感情的，不能光为我们挣钱，让朋友不能挣钱。”@时间财经L时间财经的微博视频", "author": "中国新闻周刊", "time": "中国新闻周刊09月29日12:02", "transmit": 21, "comment": 53, "zan": 230, "sentiment": [{"positive_prob": 0.849377, "confidence": 0.665283, "negative_prob": 0.150623, "sentiment": 2}]}, {"text": "早知道我买华为手机了苹果手机白买了L朴鸣Piaoming的微博视频​", "author": "朴鸣Piaoming", "time": "朴鸣Piaoming09月29日16:21 来自iPhoneXS", "transmit": 22, "comment": 191, "zan": 2306, "sentiment": [{"positive_prob": 0.54374, "confidence": 0.125208, "negative_prob": 0.45626, "sentiment": 1}]}, {"text": "每次看何同学的视频，都“无法想象未来”，在4G时无法想象5G带来的改变，5年前的我们也无法想象华为手机的发展，无法想象身边这么多人用华为，#何同学最新视频#L老师好我叫何同学的秒拍视频​", "author": "中国新闻周刊", "time": "中国新闻周刊09月29日15:00 来自微博weibo.com", "transmit": 149, "comment": 162, "zan": 408, "sentiment": [{"positive_prob": 0.051502, "confidence": 0.885551, "negative_prob": 0.948498, "sentiment": 0}]}, {"text": "围观华为直播，意外发现山争哥哥新的萌点，这停不下来的哇哇哇是怎么回事？！！！！不就是超高速摄影拍下的镜头吗，表情管理失控的样子太可爱了哈哈哈~L西瓜李姥姥的秒拍视频​", "author": "芒果捞扒客", "time": "芒果捞扒客09月29日13:00 来自微博weibo.com", "transmit": 2266, "comment": 1519, "zan": 2399, "sentiment": [{"positive_prob": 0.876359, "confidence": 0.725242, "negative_prob": 0.123641, "sentiment": 2}]}, {"text": "#华为证实已生产不含美国部件5G基站#【华为证实：已生产不含美国部件5G基站】据港媒，华为创始人任正非9月26日在一个商务论坛上表示，脱离美国零部件的华为，还是可以生存的，并且#华为已生产不包含美国部件5G基站#，明年将扩大产量。O华为证实：已生产不含美国部件5G基站​", "author": "新浪5G", "time": "新浪5G09月29日08:13 来自微博weibo.com", "transmit": 1279, "comment": 507, "zan": 6812, "sentiment": [{"positive_prob": 0.732289, "confidence": 0.405086, "negative_prob": 0.267711, "sentiment": 2}]}, {"text": "华为Mate30Pro能支持最高7680帧/秒的超高速录像，以往要借助昂贵的专业设备才能实现的拍摄子弹出膛视频我们用手机就能轻松实现。实现这个功能，主要是因为Mate30Pro这三方面能力的增强：1，定制的这颗电影摄像头支持超高速的数据读写和传输能力，最高能实现HD1920帧/秒的数据输出，这是目前业界最强的硬件能力；2，摄像头和麒麟990之间能支持超高速的数据传输，能将大量的数据传输给麒麟990进行实时处理；3，麒麟990内置的新一代的ISP能够支持超高帧率的庞大计算量。以上三点再加上后期的AI运动估计，运动补偿和插帧算法，最终可以生成7680帧/秒的视频。由于用最高帧率录制一秒钟的高速视频需要播放256秒，时间实在是太长了，我们从中间自动抓取最合适的35秒输出，方便用户看到最精彩时刻。那怎样才能拍到子弹出膛的视频呢？首先要找到一个合法且安全的射击场。在相机中选择：更多->慢动作。设置为256x速率，打开运动侦测开关，调整运动侦测框大小并移动至枪口前方。然后按下快门后再开枪就可以了。切记注意安全，至少要两个人来操作，手机和人都要远离枪口射击方向，拍摄视野要覆盖到枪口方向约两米的距离。环境光线要足够亮，背景最好是深色的。L李小龙Bruce_Lee的微博视频", "author": "李小龙Bruce_Lee", "time": "李小龙Bruce_Lee09月29日08:23 来自华为手机", "transmit": 284, "comment": 762, "zan": 2680, "sentiment": [{"positive_prob": 0.98314, "confidence": 0.962534, "negative_prob": 0.0168599, "sentiment": 2}]}, {"text": "#何同学最新视频#聊了聊华为Mate30，挺稳的L老师好我叫何同学的秒拍视频​", "author": "YouTube精彩视频", "time": "YouTube精彩视频09月29日17:33 来自微博weibo.com", "transmit": 416, "comment": 236, "zan": 1279, "sentiment": [{"positive_prob": 0.960454, "confidence": 0.912121, "negative_prob": 0.0395458, "sentiment": 2}]}, {"text": "历史上最重大的问题都是用最（抛）简（硬）单（币）的办法解决的现在不行了，徐峥在活动现场扔硬币，华为手机超高速摄影提前剧透，这让我以后可怎么决定中午吃什么呀？L西瓜李姥姥的秒拍视频​", "author": "秋田六千", "time": "秋田六千09月29日21:40 来自微博weibo.com", "transmit": 2088, "comment": 243, "zan": 1223, "sentiment": [{"positive_prob": 0.162466, "confidence": 0.638963, "negative_prob": 0.837534, "sentiment": 0}]}, {"text": "节前买华为Mate30的人应该不少，买之前推荐看看这次何同学最新视频，视频结尾很走心：L老师好我叫何同学的秒拍视频​", "author": "柴知道", "time": "柴知道09月29日14:00 来自微博weibo.com", "transmit": 147, "comment": 206, "zan": 969, "sentiment": [{"positive_prob": 0.753744, "confidence": 0.452765, "negative_prob": 0.246255, "sentiment": 2}]}, {"text": "评测看完了，何同学还是何同学，华为也还是华为#何同学最新视频#L老师好我叫何同学的秒拍视频​", "author": "苍南派", "time": "苍南派09月29日15:43 来自微博weibo.com", "transmit": 486, "comment": 635, "zan": 2316, "sentiment": [{"positive_prob": 0.43316, "confidence": 0.0374217, "negative_prob": 0.56684, "sentiment": 0}]}, {"text": "【“非洲手机之王”#传音回应被华为起诉#：未收到起诉状，不影响30日上市】9月29日，传音控股回应被华为起诉：9月30日上市不受影响，我们还没收到法院起诉状。传音控股人士对南方都市报称，收到正式法律文书后，如果达到一定金额会公告。此前传音控股因著作权权属、侵权纠纷被华为起诉。@老板联播L老板联播的微博视频", "author": "梨视频", "time": "梨视频09月29日20:46 来自微博weibo.com", "transmit": 19, "comment": 38, "zan": 210, "sentiment": [{"positive_prob": 0.0353245, "confidence": 0.921501, "negative_prob": 0.964676, "sentiment": 0}]}]