[{"text": "我们#华为P30#系列双景录像功能终于在五一前上线了，一景双画，这个小长假出行大家都可以玩起来！欢迎大家和我分享旅途中的美好时刻！关注并转发本微博，晒晒你想用这个功能记录什么，我将抽送1台华为平板M5青春版，下周一@微博抽奖平台公布。​​​​祝大家假期愉快！L华为终端官方微博的秒拍视频​", "author": "余承东", "time": "余承东04月30日20:26 来自HUAWEIP30Pro", "transmit": 2223, "comment": 1999, "zan": 2275, "sentiment": [{"positive_prob": 0.989209, "confidence": 0.976021, "negative_prob": 0.0107906, "sentiment": 2}]}, {"text": "#你想要的自由模样滇池都有#五一去哪儿玩呢？龙湖·听蓝半岛的小姐姐特别出镜，来上一组滇池游大片！！这个假期，你想要的自由，都能在滇池畔找到。转发@一位好友并关注本微博，说说你假期的游玩经历，我们将通过@微博抽奖平台于5月10日，抽出一个幸运鹅，送出华为手机P30一台~​", "author": "云南龙湖", "time": "云南龙湖04月30日16:53 来自360安全浏览器", "transmit": 705, "comment": 936, "zan": 290, "sentiment": [{"positive_prob": 0.992334, "confidence": 0.982965, "negative_prob": 0.00766583, "sentiment": 2}]}, {"text": "【#华为2018年研发支出1015亿#：研发支出增速超苹果、微软、三星】据媒体报道，华为2018年在研发上的支出高达1015亿元人民币（约合151亿美元）。统计显示，在全球无线技术研发投入排行榜中，华为排名第四。其中，亚马逊、谷歌、三星分别以288亿美元、214亿美元、167亿美元的研发投入分列前三名。值得一提的是，华为在研发上的增速超过了苹果、微软和三星同期的研发支出增长速度。O华为砸重金研发:支出高达1015亿增速超苹果微软三星", "author": "新浪财经", "time": "新浪财经04月30日10:07 来自微博weibo.com", "transmit": 50, "comment": 241, "zan": 177, "sentiment": [{"positive_prob": 0.961641, "confidence": 0.914759, "negative_prob": 0.0383585, "sentiment": 2}]}, {"text": "抓住春天的尾巴，用#华为P30#系列定格春光，留住繁花美景~五一假期快到，你的行程安排好了吗（图片拍摄来自@一川行摄）​", "author": "华为手机", "time": "华为手机04月30日12:00 来自HUAWEIP30Pro", "transmit": 32, "comment": 61, "zan": 371, "sentiment": [{"positive_prob": 0.942328, "confidence": 0.87184, "negative_prob": 0.057672, "sentiment": 2}]}, {"text": "【社评：英国怎样对华为，就应有怎样的回报】英国以及一些欧洲国家对华为设备的安全性有担心，但这种担心的真实程度没那么高，完全可以通过增加安全措施的方式加以解决，就像迄今为止英国在4G网络中对待华为设备所做的那样。5G用不用华为，更多已经不是安全问题，而是对美国的效忠问题。华盛顿明确反对英国用华为，要所有盟国配合它打压华为，英国最终怎么做，一些人主张将外交考量放到第一位。O社评：英国怎样对华为，就应有怎样的回报", "author": "环球时报", "time": "环球时报04月30日10:00 来自微博weibo.com", "transmit": 53, "comment": 183, "zan": 132, "sentiment": [{"positive_prob": 0.712022, "confidence": 0.360048, "negative_prob": 0.287978, "sentiment": 2}]}, {"text": "#DigiX数字生活节#于日前在华为首家授权体验店Plus（武汉汉街）举办了华为视频·DigiX艺视界活动，将云端的体验带到线下，使用户真正与艺术面对面。我有幸在现场观看蒋国基老师的竖笛表演，实在令人赞叹。希望@华为终端云服务能够多多举办这类型的活动，让更多的人亲临艺术。​", "author": "BOOZ音乐", "time": "BOOZ音乐04月30日20:00 来自微博weibo.com", "transmit": 188, "comment": 222, "zan": 283, "sentiment": [{"positive_prob": 0.9967, "confidence": 0.992668, "negative_prob": 0.00329946, "sentiment": 2}]}, {"text": "【美媒称终于找到华为安全问题实锤，消息源出来打脸】今天（4月30日）彭博社文章声称：虽然还不能让那些认为华为无辜的人回心转，但西方终于找到了“华为安全漏洞的实锤（smokinggun）”。随后转发该报道的《福布斯》新闻网称，这是华为安全漏洞“第一次公布于世”。这个“实锤”就是：自2009年起华为供应给欧洲最大的电信集团沃达丰(Vodafone)旗下意大利事业的设备系统，存在“隐藏后门（secretbackdoor）”。华为借此可以“非法获取意大利家庭用户和商业数据”。而下午沃达丰方面就出面辟谣：该公司在2011年和2012发现华为产品只是出现“常见的问题”，当时已经得到解决。沃达丰强调，所谓“华为非法获取数据”的说法是不对的。O美媒称终于找到华为安全问题实锤，消息源沃达丰出来打脸", "author": "观察者网", "time": "观察者网04月30日22:49 来自微博weibo.com", "transmit": 108, "comment": 97, "zan": 231, "sentiment": [{"positive_prob": 0.27447, "confidence": 0.390067, "negative_prob": 0.72553, "sentiment": 0}]}, {"text": "革命性的方舟编译器来了！但如此“烧脑”的黑科技到底是什么呢？有没有微博大神能用简单易懂的话讲清楚，什么是方舟编译器？我将用一台#荣耀V20#作为谢礼！评论区等你们的答案！ L玩机技巧秒拍在线的秒拍视频​", "author": "荣耀手机", "time": "荣耀手机04月30日22:01 来自荣耀V204800万3D相机", "transmit": 1550, "comment": 2245, "zan": 582, "sentiment": [{"positive_prob": 0.38416, "confidence": 0.14631, "negative_prob": 0.61584, "sentiment": 0}]}, {"text": "【任正非与CNN记者交锋曝光：最兴奋的是美国对我们的打压】（来源|华为心声社区）4月24日，华为内部心声社区发布了任正非近期接受美国CNN采访的文稿。记者提问单刀直入，任正非见招拆招，两人交锋，精彩至极。任正非耐人寻味地说：“我今天最兴奋的是美国对我们的打压。”---------------以下为任正非接受CNN采访精选---------------任正非：你可以非常直爽地提问，我也会很坦诚地回答，哪怕你的问题很尖锐，也不用担忧。我最喜欢美国人的坦诚，美国人有啥都敢问。我从年轻时就比较亲美，至今我还是认为美国是很伟大的国家，因为它先进的制度、灵活的创新机制、明确清晰的财产权、对个人权利的尊重与保障等各方面，吸引了全世界的优秀人才，从而推动亿万人才在美国土地上投资和创新。没有美国这两百多年的开放，就没有美国从一个小国变成世界上最强大的国家。记者：理解。在华为起诉美国政府“不让华为的产品用于联邦政府部门”之后，您这是第一次和媒体沟通。如果美国认为华为产品对美国的国家安全造成了威胁，美国难道没有权利保护自身利益吗？任正非：其实华为一直是低调的公司，过去我们就像一只沉默的羔羊，无论是别人说我们什么，我们都不会回答，能忍耐就忍耐。先前，当我们走出国门的时候，被认为是共产主义；当我们退回国门的时候，国内认为我们是资本主义，因为我们把资本分给了员工，员工收入普遍较高。我们应该是什么主义？我们不清楚，因为不能喋喋不休地去向世界解释“我们是什么……”。我们把大量精力用于把内部管理做好、把产品做好、把服务做好，让客户能理解我们、接受我们。美国对我们的打击也不是最近，连续十几年来美国其实都在打击我们，因为它怀疑我们。刚才说了，我们走出国门，它就认为我们是共产主义，所以要打击我们，但是我们一直不吭声。这次它用法律的方式来打击我们，我们认为有必要澄清，如果不借此机会澄清一下，让世界的误解更深。我们准备了几个月，我们选择在这个时候发出我们的声音。美国认为我们危害美国的安全，主要是它要有证据。我看现在世界上都说“网络安全”，就华为一家。难道爱立信没有网络安全问题？思科就没有网络安全问题？诺基亚就没有网络安全问题？怎么就说华为有网络安全问题？而且在美国国家网络里，没有华为，美国的国家安全是不是已经安全了？如果安全，它就可以说服别的国家不要用华为就安全了。事实上，美国网络同样不安全。因此，我们这时需要来说清楚这个问题，就采取对美国政府进行起诉。这个起诉利用了美国的法律，美国国家制度是三权分立的，没有对我们经过审判，就颁布法案禁止我们，美国自己违反了法律。当然，在这个问题上，也不知道我们能否成功，但是我们必须在一种广阔的范围内和美国博弈。到底是你有证据，还是我真有问题？记者：考虑到现在华为跟美国政府的关系，华为现在提起对美国政府的诉讼，是否有一点感觉华为没有更多可以再失去了？任正非：那倒不是。因为我们还是想给美国人民服务的，而且美国的科学技术也是世界上最发达的，我们也希望与美国公司加强合作，为人类社会的信息化作出重大贡献。我们并没有说我们和美国没有什么机会了，我认为机会是很多的，但是我们总会有挫折，这些挫折不会影响到我们将来对美国的重视。我们认为，需要一个问题、一个问题地说明。记者：是的，理解。如果有合适的机会，您会亲自到美国去为华为的案件提供支持吗？还是说在现在的时机下，您害怕去美国？任正非：因为我不是法律专家，我去也没什么用。美国市场对我们来说，很小，也没那么重要，所以我去美国的价值不存在，还是他们律师去比较合适。……O刚刚，任正非与CNN记者交锋曝光：最兴奋的是美国对我们的打压", "author": "刘耘博士", "time": "刘耘博士04月30日12:58 来自三星A9Star纯粹美拍", "transmit": 220, "comment": 48, "zan": 115, "sentiment": [{"positive_prob": 0.0230083, "confidence": 0.94887, "negative_prob": 0.976992, "sentiment": 0}]}, {"text": "【金融界硅谷探访系列之——思科】“路由器”的发明者，曾经的5000亿美金市值超级巨头，在前后夹击的竞争下，还能否再创辉煌？与华为的恩怨情仇，还有所有“邻居”的尔虞我诈，思科能否靠5G的巨额研发翻身？#2019巴菲特股东大会##财观vlog#L金融界网站的微博视频​", "author": "金融界网站", "time": "金融界网站04月30日09:37 来自iPhone客户端", "transmit": 61, "comment": 15, "zan": 169, "sentiment": [{"positive_prob": 0.70185, "confidence": 0.337445, "negative_prob": 0.29815, "sentiment": 2}]}, {"text": "当小长假碰上#华为服务日#，6大舒心服务为你而来，假日好心情，游玩更省心。关注+转发并@1位好友，抽送华为全景相机一台。​​​​", "author": "华为终端客服", "time": "华为终端客服04月30日11:22 来自微博weibo.com", "transmit": 1179, "comment": 1179, "zan": 534, "sentiment": [{"positive_prob": 0.974663, "confidence": 0.943695, "negative_prob": 0.0253371, "sentiment": 2}]}, {"text": "【停止社招后，任正非签署#华为新招聘方式#：#华为杜绝大规模进人走人#】在这份《关于公司高端精英类、软件类人才面试方法调整的建议》公告中，华为表示要改变过去大呼隆的招聘方法，真正的专家、主管不上前线，HR看简历面试又不深刻，导致大规模进人、大规模走人。不仅对公司不负责任，而且对员工也不负责任。一个青年的青春是有限的，耽误人家几年，对得起人家吗？所以他们要不断充实队伍，也要选对需要的人，人家也需要选对人生的道路，请各招聘机构适当整风。（华为心声社区）", "author": "每日经济新闻", "time": "每日经济新闻04月30日13:58 来自微博weibo.com", "transmit": 23, "comment": 8, "zan": 44, "sentiment": [{"positive_prob": 0.0597298, "confidence": 0.867267, "negative_prob": 0.94027, "sentiment": 0}]}, {"text": "【#最新企业研发支出排行榜#出炉，第一名竟然不是华为】根据彭博新闻社最近公布的数据，“2018年全球研发支出最多的十大公司”的前八位分别是亚马逊（288亿美元）、谷歌母公司Alphabet（214亿美元）、三星电子（167亿美元）、华为（153亿美元）、微软（147亿美元）、大众汽车（143亿美元）、苹果（142亿美元）、英特尔（135亿美元）；而排在第九的罗氏制药之后，位列榜单第十位的则是强生(J&J)，它在2018年的研发支出为108亿美元。在这十大公司中，华为是唯一的中国品牌。O最新企业研发支出排行榜出炉，第一名竟然不是华为", "author": "凤凰网财经", "time": "凤凰网财经04月30日13:34", "transmit": 28, "comment": 36, "zan": 45, "sentiment": [{"positive_prob": 0.939714, "confidence": 0.866031, "negative_prob": 0.0602859, "sentiment": 2}]}, {"text": "华为主题设计美学五一福利一份华为主题主要看p1链接失效为截止底包鹅辫@梨萸图标素材@一米菌（打扰）​", "author": "啵唧一口甜丞", "time": "啵唧一口甜丞04月30日20:16 来自华为主题超话", "transmit": 85, "comment": 748, "zan": 209, "sentiment": [{"positive_prob": 0.880183, "confidence": 0.733741, "negative_prob": 0.119817, "sentiment": 2}]}, {"text": "华为还有这个功能，我都不知道。女生可以看看。​", "author": "科技圣斗士", "time": "科技圣斗士04月30日00:14 来自HUAWEIP30Pro", "transmit": 58, "comment": 684, "zan": 488, "sentiment": [{"positive_prob": 0.792935, "confidence": 0.539856, "negative_prob": 0.207065, "sentiment": 2}]}, {"text": "【听说英国要用华为，美国赶紧出手，套路有点熟】据英国《卫报》4月29日报道，负责网络空间和国际通讯及信息政策的副助理国务卿罗伯特·斯特雷耶警告称，媒体披露的英国同意采用华为5G技术提议，或将影响该国与美国的情报合作，因为华为“不是一家值得信赖的供应商”，在5G网络中使用任何华为技术都存在“风险”。他还说，如果英国或其他西方国家使用了“不受信任的供应商”，美国将“不得不重新评估我们共享信息和互联的能力”。O英国刚说5G能用华为，美国又用“情报合作”威胁", "author": "观察者网", "time": "观察者网04月30日13:22 来自微博weibo.com", "transmit": 60, "comment": 79, "zan": 198, "sentiment": [{"positive_prob": 0.862933, "confidence": 0.695407, "negative_prob": 0.137067, "sentiment": 2}]}, {"text": "#变形计#是亲妈没错了，果妈杜华为赵楚苌出了道变形附加题#杜华儿子#L综艺老阿姨的微博视频​", "author": "综艺老阿姨", "time": "综艺老阿姨04月30日13:41 来自微博云剪", "transmit": 13, "comment": 26, "zan": 178, "sentiment": [{"positive_prob": 0.876324, "confidence": 0.725165, "negative_prob": 0.123676, "sentiment": 2}]}, {"text": "#移动5G#【华为首台5G折叠屏手机亮相成都】刚刚，在@四川移动「5G未来世界展」上，华为带来重磅产品—5G折叠屏手机，这也是华为折叠屏手机首次亮相成都。这台展示的工程机，已经插上了移动5G卡，室内信号也是杠杠的。使用体验咋样？快看上手视频L通信五哥的微博视频#我的5G生活#​", "author": "新浪四川", "time": "新浪四川04月30日12:13 来自iPhone客户端", "transmit": 28, "comment": 71, "zan": 140, "sentiment": [{"positive_prob": 0.978476, "confidence": 0.952168, "negative_prob": 0.0215242, "sentiment": 2}]}, {"text": "运动一时爽，一直运动一直爽！#华为WatchGT#雅致款和#华为手环#3Pro流沙金，今日开售，让你轻松爱上运动~​​​​", "author": "华为终端官方微博", "time": "华为终端官方微博04月30日10:00 来自微博weibo.com", "transmit": 31, "comment": 73, "zan": 835, "sentiment": [{"positive_prob": 0.997459, "confidence": 0.994353, "negative_prob": 0.00254113, "sentiment": 2}]}, {"text": "对一个品牌有偏见其实是一件很正常的事情比如很多人很不喜欢华为，比如很多人打死也不会考虑小米但是在品牌喜好之外，我们也应该承认它们的优点比如华为的拍照确实很棒，小米的性价比也非常不错对吧？​", "author": "科技小布", "time": "科技小布04月30日17:27 来自微博weibo.com", "transmit": 10, "comment": 593, "zan": 148, "sentiment": [{"positive_prob": 0.894476, "confidence": 0.765501, "negative_prob": 0.105524, "sentiment": 2}]}, {"text": "戳下图回答：动动嘴就能隔空操控，这究竟是何神仙操作？关注+转评，抽送一台华为AI音箱。​", "author": "华为终端客服", "time": "华为终端客服04月30日14:33 来自微博weibo.com", "transmit": 1016, "comment": 1204, "zan": 419, "sentiment": [{"positive_prob": 0.554629, "confidence": 0.0102872, "negative_prob": 0.445371, "sentiment": 2}]}, {"text": "#PW深度#【这个改造了Android的华为方舟编译器，厉害不？】华为表示，使用方舟编译器最终将提升24%的系统操作流畅度，提升44%的系统响应能力，以及提升60%的三方应用操作流畅度，“Android系统将比iOS系统还要流畅”。O这个改造了Android的华为方舟编译器，厉害不？​", "author": "PingWest品玩", "time": "PingWest品玩04月30日09:59 来自PingWest品玩", "transmit": 53, "comment": 221, "zan": 242, "sentiment": [{"positive_prob": 0.335874, "confidence": 0.253614, "negative_prob": 0.664126, "sentiment": 0}]}, {"text": "关于华为p30色彩的问题，最近陆续有评测出到，知乎上也是引发了交火。大米楼斌都上了热搜。其实色彩问题的规律是很好找的，关键其实是这些场景出现的概率。比如说图1，你看楼周围的灯光，红黄绿全乱套了。这就是ryyb最容易出问题的场景。而开启长焦镜头，图2就没事了。我这次评测共有800多张照片，稿子改了几十次，反复的找规律，仔细的验证，色彩出错的概率是关键。还有就是用户如何规避，华为如何改进。", "author": "欧阳秋叶", "time": "欧阳秋叶04月30日23:39 来自UC浏览器电脑版", "transmit": 9, "comment": 332, "zan": 172, "sentiment": [{"positive_prob": 0.659779, "confidence": 0.243954, "negative_prob": 0.340221, "sentiment": 2}]}, {"text": "【转发有好礼】“懒人”生存法则：一、够不着，就不需要；二、想不起来，就不存在。。。。看图☟☟学会如何一直“懒”就一直爽（关注+评论转发本条微博，抽送华为AI音箱一台！）​", "author": "华为商城", "time": "华为商城04月30日16:00 来自微博weibo.com", "transmit": 382, "comment": 408, "zan": 175, "sentiment": [{"positive_prob": 0.951551, "confidence": 0.892335, "negative_prob": 0.0484491, "sentiment": 2}]}, {"text": "#对TA说晚安#期待已久的“五一”小长假明天就开启啦！扑通扑通的心早已飞到了玩耍的目的地！粉粉们准备去哪里浪呢？转评聊聊，小云将随机抽一位送出华为耳机。​", "author": "华为终端云服务", "time": "华为终端云服务04月30日22:00 来自微博weibo.com", "transmit": 216, "comment": 287, "zan": 118, "sentiment": [{"positive_prob": 0.954747, "confidence": 0.899437, "negative_prob": 0.0452531, "sentiment": 2}]}, {"text": "#早安七点钟#华为任正非的这段精彩讲话，让人感受到伟大企业家的格局就是不一样！L中国IT杂谈的秒拍视频​", "author": "中国IT杂谈", "time": "中国IT杂谈04月30日07:00 来自微博weibo.com", "transmit": 76, "comment": 12, "zan": 165, "sentiment": [{"positive_prob": 0.961497, "confidence": 0.914438, "negative_prob": 0.0385029, "sentiment": 2}]}, {"text": "“懒人”生存法则,一、够不着，就不需要；二、想不起来，就不存在。。。。看图学会如何一直“懒”就一直爽。关注+转发，抽送华为AI音箱一台~​", "author": "华为终端云服务", "time": "华为终端云服务04月30日12:00 来自微博weibo.com", "transmit": 347, "comment": 172, "zan": 164, "sentiment": [{"positive_prob": 0.966179, "confidence": 0.924843, "negative_prob": 0.0338207, "sentiment": 2}]}, {"text": "emmm…，仓库还有70个这玩意，华为的周边配件多得数不过来…2长沙·司门口​", "author": "测评小铺", "time": "测评小铺04月30日12:27 来自iPhoneXSMax", "transmit": 7, "comment": 88, "zan": 250, "sentiment": [{"positive_prob": 0.613675, "confidence": 0.1415, "negative_prob": 0.386325, "sentiment": 2}]}, {"text": "黑白不只是色彩，更是永恒的经典！#华为WatchGT#雅致款，经典黑白配色，表盘时尚百变，从容应对各种场景！点开O网页链接速成时尚大咖~L华为终端官方微博的秒拍视频​", "author": "全球时尚", "time": "全球时尚04月30日10:05 来自微博weibo.com", "transmit": 7133, "comment": 1805, "zan": 10101, "sentiment": [{"positive_prob": 0.97979, "confidence": 0.95509, "negative_prob": 0.0202096, "sentiment": 2}]}, {"text": "抢了很长时间都没抢到p30pro，最终托华为的朋友找经销商买了一台。确实可以50倍偷拍​", "author": "混沌与概率1997", "time": "混沌与概率199704月30日10:03 来自HUAWEIP30Pro", "transmit": 15, "comment": 229, "zan": 488, "sentiment": [{"positive_prob": 0.431722, "confidence": 0.0406182, "negative_prob": 0.568278, "sentiment": 0}]}]