[{"text": "华为P30+网红料理锅，全送你！赞这条，关注我和@馋音仙子价值5000，送一人！周日就开[米奇比心]​​​​", "author": "钱贵人", "time": "钱贵人04月29日21:10 来自微博weibo.com", "transmit": 9050, "comment": 8940, "zan": 50572, "sentiment": [{"positive_prob": 0.952591, "confidence": 0.894647, "negative_prob": 0.047409, "sentiment": 2}]}, {"text": "#五一放肆嗨#“不加班，有年假，五一回来继续嗨”因为你有无忧精英网，专供年薪10万+高薪职位。关注@无忧精英网转发本条微博并@1位好友，5月7日通过@微博抽奖平台抽3位精英，送华为M5平板电脑1台​", "author": "无忧精英网", "time": "无忧精英网04月29日14:09 来自微博weibo.com", "transmit": 7209, "comment": 6057, "zan": 3033, "sentiment": [{"positive_prob": 0.953091, "confidence": 0.895757, "negative_prob": 0.0469093, "sentiment": 2}]}, {"text": "【想不想进华为？#华为员工平均年薪60万#】近日，华为董事会首席秘书江西生表示，华为有9万多员工通过工会来持有公司股份，是100%由员工持有的公司，没有任何外部政府或者是机构，华为每一分钱的资本都是员工掏钱进来的，而对华为的治理任正非只是有否决权，而不是决定权。羡慕华为员工吗？年报显示，员工平均年薪近60万元，持股员工近半，达9.7万人。L老板联播的秒拍视频", "author": "新浪财经", "time": "新浪财经04月29日19:57 来自微博weibo.com", "transmit": 60, "comment": 321, "zan": 170, "sentiment": [{"positive_prob": 0.0330242, "confidence": 0.926613, "negative_prob": 0.966976, "sentiment": 0}]}, {"text": "每张照片，都是时光的定格，那些舍不得删除的回忆，都化作岁月的经典。因为热爱，所以专业！快拿起手机，记录行走的眼界。华为P30/P30Pro#未来影像#手机摄影大赛热力来袭！现面向全宇宙征集摄影照片，用你的创意，跌破我们的眼镜。更有华为P30Pro手机等你来赢！关注@中国移动和@中国移动手机俱乐部，转评并@一名好友，5月10日抽一人送华为P30Pro手机一部@微博抽奖平台@华为终端官方微博@华为手机", "author": "中国移动", "time": "中国移动04月29日19:30 来自微博weibo.com", "transmit": 4992, "comment": 7364, "zan": 2360, "sentiment": [{"positive_prob": 0.962334, "confidence": 0.916298, "negative_prob": 0.037666, "sentiment": 2}]}, {"text": "再看？再看我就卖萌(๑•.•๑)分享一只#华为P30#Pro长焦发现的小可爱~​", "author": "华为终端官方微博", "time": "华为终端官方微博04月29日10:00 来自微博weibo.com", "transmit": 103, "comment": 142, "zan": 884, "sentiment": [{"positive_prob": 0.606637, "confidence": 0.12586, "negative_prob": 0.393363, "sentiment": 2}]}, {"text": "魔术时间到！打开#华为P30#系列双景录像，从全景到特写，不错过每一处精彩！视频新玩法你get了吗转评此条微博，说说看你想用双景录像拍什么，小编将抽一位粉丝送HUAWEIP30Pro8GB+256GB（天空之境）优购码噢~L华为手机的秒拍视频​", "author": "华为手机", "time": "华为手机04月29日11:31 来自HUAWEIP30Pro", "transmit": 1119, "comment": 1452, "zan": 949, "sentiment": [{"positive_prob": 0.984945, "confidence": 0.966545, "negative_prob": 0.0150547, "sentiment": 2}]}, {"text": "【想不想进华为？#华为员工平均年薪60万#】近日，华为董事会首席秘书江西生表示，华为有9万多员工通过工会来持有公司股份，是100%由员工持有的公司，没有任何外部政府或者是机构，华为每一分钱的资本都是员工掏钱进来的，而对华为的治理任正非只是有否决权，而不是决定权。羡慕华为员工吗？年报显示，员工平均年薪近60万元，持股员工近半，达9.7万人。#华为百分之百员工持股#@老板联播L老板联播的秒拍视频", "author": "凤凰网财经", "time": "凤凰网财经04月29日20:04", "transmit": 83, "comment": 360, "zan": 297, "sentiment": [{"positive_prob": 0.0470331, "confidence": 0.895482, "negative_prob": 0.952967, "sentiment": 0}]}, {"text": "【华为2018年研发首破千亿，增速超苹果、三星】2018年，华为研发支出首破千亿元人民币，比华为2014年的研发投入增长了149%。在全球研发投资最高的十家企业中，2018年，只有亚马逊超越了这一速度，增幅达到了210%。而苹果、微软和三星同期的研发支出增长速度均不及华为。在研发投入总量方面，2018年，在全球无线技术研发投入排行榜中，华为排名第四。亚马逊、谷歌母公司Alphabet、三星分别以288亿美元、214亿美元、167亿美元的研发投入分列前三名。从研发占比看，2018年，华为研发预算占其收入的14%，位列第二，排名仅次于Alphabet。去年的全球研发投入榜单前50名中，华为也是唯一一家上榜的中国企业。O华为2018年研发首破千亿，增速超苹果、三星", "author": "观察者网", "time": "观察者网04月29日12:45 来自微博weibo.com", "transmit": 52, "comment": 126, "zan": 293, "sentiment": [{"positive_prob": 0.957418, "confidence": 0.905372, "negative_prob": 0.0425824, "sentiment": 2}]}, {"text": "要不今天就送台华为P30吧还喜欢啥其他的礼物不？一起送你们​", "author": "钱贵人", "time": "钱贵人04月29日19:00 来自微博weibo.com", "transmit": 239, "comment": 1370, "zan": 4047, "sentiment": [{"positive_prob": 0.545006, "confidence": 0.0998759, "negative_prob": 0.454994, "sentiment": 1}]}, {"text": "每张照片，都是时光的定格，那些舍不得删除的回忆，都化作岁月的经典。因为热爱，所以专业！快拿起手机，记录行走的眼界。华为P30/P30Pro#未来影像#手机摄影大赛热力来袭！现面向全宇宙征集摄影照片，用你的创意，跌破我们的眼镜。更有华为P30Pro手机等你来赢！随手粉@中国移动手机俱乐部@手机中国，转评并@一名好友，5月10日抽一人送华为P30Pro手机一部~@微博抽奖平台@华为终端官方微博@华为手机", "author": "手机中国", "time": "手机中国04月29日10:30 来自专业版微博", "transmit": 1735, "comment": 2569, "zan": 776, "sentiment": [{"positive_prob": 0.965226, "confidence": 0.922724, "negative_prob": 0.0347744, "sentiment": 2}]}, {"text": "新加坡的一家电影院里，大家刚刚看完《复仇者联盟4：终局之战》，并等了很久的片尾演职员名单，只为了看到漫威系列电影一贯的彩蛋：终于！演员表过去了！画面中出现了一个月亮！而出现的一位神秘人将月亮直接拉拽了过来！这难道是什么新英雄或者新反派——下一秒，观众们明白了：哦这个是华为手机的广告。L极游组的微博视频", "author": "极游组", "time": "极游组04月29日09:21 来自微博视频", "transmit": 402, "comment": 84, "zan": 191, "sentiment": [{"positive_prob": 0.298637, "confidence": 0.336362, "negative_prob": 0.701363, "sentiment": 0}]}, {"text": "昨发个华为比苹果信号好，就被骂是海军，真是够了！别特么扯淡买手机爱国，我给媳妇买手机，谁颜值高/拍照好/够轻便就买谁，别问为啥不买P30Pro，穷！​", "author": "洪琦--", "time": "洪琦--04月29日09:23 来自HUAWEIMate20X", "transmit": 8, "comment": 365, "zan": 310, "sentiment": [{"positive_prob": 0.712928, "confidence": 0.362062, "negative_prob": 0.287072, "sentiment": 2}]}, {"text": "终于找到华为设为铃声的这首歌，简直不要太完美了L全球经典音乐的秒拍视频​", "author": "全球经典音乐", "time": "全球经典音乐04月29日22:41 来自微博weibo.com", "transmit": 120, "comment": 8, "zan": 168, "sentiment": [{"positive_prob": 0.83711, "confidence": 0.638023, "negative_prob": 0.16289, "sentiment": 2}]}, {"text": "每张照片，都是时光的定格，那些舍不得删除的回忆，都化作岁月的经典。因为热爱，所以专业！快拿起手机，记录行走的眼界。华为P30/P30Pro#未来影像#手机摄影大赛热力来袭！现面向全宇宙征集摄影照片，用你的创意，跌破我们的眼镜。更有华为P30Pro手机等你来赢！随手粉@中国移动手机俱乐部，转评并@一名好友，5月10日抽一人送华为P30Pro手机一部@微博抽奖平台@华为终端官方微博@华为手机", "author": "中国移动手机俱乐部", "time": "中国移动手机俱乐部04月29日10:23 来自微博weibo.com", "transmit": 2351, "comment": 3542, "zan": 1083, "sentiment": [{"positive_prob": 0.962364, "confidence": 0.916365, "negative_prob": 0.0376356, "sentiment": 2}]}, {"text": "我真的需要一个华为，因为iPhone拍不出它的美​", "author": "悉尼顾俊", "time": "悉尼顾俊04月29日16:45 来自一点点电的iPhoneXSMax", "transmit": 30, "comment": 190, "zan": 1101, "sentiment": [{"positive_prob": 0.575315, "confidence": 0.0562565, "negative_prob": 0.424685, "sentiment": 2}]}, {"text": "旅行中偶遇精彩的街头魔术，如何记录？#华为P30#系列双景录像功能，从全景到特写，这个五一假期，旅途中每一个精彩瞬间都不错过，戳视频get视频新玩法L华为手机的秒拍视频​", "author": "穷游旅行家", "time": "穷游旅行家04月29日21:00 来自微博weibo.com", "transmit": 859, "comment": 473, "zan": 1399, "sentiment": [{"positive_prob": 0.968613, "confidence": 0.93025, "negative_prob": 0.0313874, "sentiment": 2}]}, {"text": "【华为产业链迎来历史性投资机遇】通信设备：预计华为公司运营商业务总体营收会保持平稳，维持在500亿美元水平；半导体：在专业安防领域海思占有全球50%以上市场份额，智能手机未来增长点主要集中在AI和5G领域，机顶盒芯片市场海思占50%以上；消费电子：华为2018手机出货2.06亿部，电脑、平板、电视、AR眼镜值得期待；云服务，预计将在2023年增长到100亿美元的水平；车联网，华为有望填补国内空白，成为类似博世、大陆等世界级Tier1供应商,面向70%的增量市场，未来有望做到500亿美元。前面风光无限美好，华为产业链将迎来历史机遇。（国金证券陆行之发布时间：2019年4月28日）O网页链接", "author": "新财富杂志", "time": "新财富杂志04月29日22:00 来自微博weibo.com", "transmit": 71, "comment": 17, "zan": 60, "sentiment": [{"positive_prob": 0.954023, "confidence": 0.897829, "negative_prob": 0.0459767, "sentiment": 2}]}, {"text": "我几乎看清楚了小姐姐手表的牌子！想起了华为p30的50倍，会不会更🐂？搭配关键词🔍:长发/白色长袖连衣裙/白色皮鞋​", "author": "美丽大数据", "time": "美丽大数据04月29日10:09 来自微博weibo.com", "transmit": 27, "comment": 361, "zan": 782, "sentiment": [{"positive_prob": 0.45908, "confidence": 0.181599, "negative_prob": 0.54092, "sentiment": 1}]}, {"text": "【超越华为P30Pro！三星GalaxyS105G登顶DxOMark榜首】此前，三星GalaxyS10+就凭借后置三摄109分、前置双摄96分，总分205分跃居DxOMark冠军宝座。而近日DxOMark发布的最新榜单显示，三星GalaxyS105G版本更是在后置拍摄中达到112分，并且将前置拍摄则同样提升到了97分，要明显领先于华为P30Pro。总分高达209分，再度刷新DxOMark榜单新纪录，成为名副其实的拍摄王者..O超越华为P30Pro！三星GalaxyS105G登顶DxOMark榜首", "author": "TechWeb", "time": "TechWeb04月29日14:16 来自微博weibo.com", "transmit": 23, "comment": 367, "zan": 191, "sentiment": [{"positive_prob": 0.964782, "confidence": 0.921738, "negative_prob": 0.035218, "sentiment": 2}]}, {"text": "【华为产业链迎来历史性投资机遇】华为产业链迎来十年黄金投资机遇期：从总量上看，预计华为公司总体营收将在2025年左右达到3000亿美金水平，给供应链公司提供足够的成长空间；从结构上看，相对封闭的、华为占据绝对主导地位的传统运营商业务占比将下滑至20%左右，而更多依赖合作伙伴价值共创的智能终端、云计算、安防、车联网等业务占比将持续提升；同时，华为公司对生态和合作伙伴的态度也正在发生积极变化，采购战略从价格采购和价值采购向战略采购进行转型。O【深度】华为产业链迎来历史性投资机遇", "author": "新财富杂志", "time": "新财富杂志04月29日08:33 来自iPhone8Plus", "transmit": 50, "comment": 9, "zan": 37, "sentiment": [{"positive_prob": 0.956629, "confidence": 0.90362, "negative_prob": 0.0433711, "sentiment": 2}]}, {"text": "【麒麟985处理器来了】供应链消息，华为将在第三季度发布麒麟985处理器，采用新的7纳米工艺，预计主频会进一步提高，性能预计提升10~20%左右。华为Mate30系列首发！​", "author": "C科技", "time": "C科技04月29日13:54", "transmit": 15, "comment": 157, "zan": 223, "sentiment": [{"positive_prob": 0.910823, "confidence": 0.801828, "negative_prob": 0.0891774, "sentiment": 2}]}, {"text": "【@蘑菇张-NKU的巴黎时尚之旅VLOG】漫步香榭丽舍大街，感受浪漫之都处处动人细节，一台#华为P30#让你随手拍出精致的旅行美照，除了视频中的巴黎美景，请把你的眼神锁定天际通APP！五一假期海外出游，为你省心省力！L华为终端官方微博的秒拍视频​", "author": "YouTube精彩视频", "time": "YouTube精彩视频04月29日11:10 来自微博weibo.com", "transmit": 1566, "comment": 1036, "zan": 4530, "sentiment": [{"positive_prob": 0.973081, "confidence": 0.94018, "negative_prob": 0.026919, "sentiment": 2}]}, {"text": "柯洁#华为手机杯围甲联赛#今日图集①​", "author": "180301-191106", "time": "180301-19110604月29日20:45 来自柯洁超话", "transmit": 9, "comment": 3, "zan": 24, "sentiment": [{"positive_prob": 0.704496, "confidence": 0.343324, "negative_prob": 0.295504, "sentiment": 2}]}, {"text": "#对TA说晚安#今年“五一”放四天，然而需要在节前和节后的两个周末各补班一天！emmm，心情复杂......那么粉粉们觉得四天假期该如何玩耍才能显得不那么“来去匆匆”呢？转评聊聊，小云将随机抽一位送出华为耳机。​", "author": "华为终端云服务", "time": "华为终端云服务04月29日22:00 来自微博weibo.com", "transmit": 266, "comment": 326, "zan": 150, "sentiment": [{"positive_prob": 0.606925, "confidence": 0.126501, "negative_prob": 0.393075, "sentiment": 2}]}, {"text": "一个50亿市值的公司，市值到500亿，是比较容易的；一个市值500亿的公司涨到5000亿，难上青天。O（收藏）5G产业链+华为产业链，10倍牛股摇篮地​", "author": "雪球", "time": "雪球04月29日18:26 来自微博weibo.com", "transmit": 151, "comment": 19, "zan": 80, "sentiment": [{"positive_prob": 0.397552, "confidence": 0.11655, "negative_prob": 0.602448, "sentiment": 0}]}, {"text": "【华为董事会首席秘书江西生详解华为股权机制】江西生表示，华为有9万多员工通过工会来持有公司股份，所以华为是100%由员工持有的公司，没有任何外部政府或者是机构。华为每一分钱的资本都是员工掏钱进来的。他也表示，任正非只是有否决权，而不是决定权。详情：O华为董事会首席秘书江西生详解华为股权机制​", "author": "21世纪经济报道", "time": "21世纪经济报道04月29日12:25 来自21财经", "transmit": 38, "comment": 0, "zan": 20, "sentiment": [{"positive_prob": 0.295222, "confidence": 0.34395, "negative_prob": 0.704778, "sentiment": 0}]}, {"text": "【如果身边的人有一部华为P30Pro，那美女们要注意隐私了】没这么夸张吧？望远镜早就有了，也没见人说注意隐私啊，科技只是造福与民，关键看你怎么用啊。近期，“人在做，P30在看”的梗在社交网络广泛流传。通过P30超级变焦技术曝光的偷拍视频、照片迭出，这些照片均可以随时随地、超远距离手持拍摄。在社交网络上，这引起了众多用户担忧：P30是否提高了被偷拍的风险？P30系列是华为发布的最新旗舰机型，其中P30Pro配备了4枚摄像头，分别是4000万像素的超感光镜头、2000万像素广角镜头、800万像素潜望式长焦镜头以及一枚TOF镜头。这四枚摄像头让P30除了拍出高清照片之外，还能实现更优的夜景、微距、人像等拍照效果。P30Pro在手机摄影上更具突破性的地方在于：超级变焦技术。官方表示，P30Pro可实现5倍光学变焦，10倍混合变焦，50倍数码变焦。而过去，大多数手机的数码变焦都在10倍左右。记者询问了三位P30Pro的用户，均表示不担心偷拍问题。“有人就爱偷窥，没办法。大数据时代，这点被偷拍的隐私可以忽略。”女性用户小白说。爱生活的萌妹子安琪认为，使用P30后自己会更注重隐私，但科技本身没有错。“在没有监管规定的情况下，厂商拓展技术的边界无可厚非。”Kevin指出，P30确实提高了偷拍风险，但考验并非一款手机带来的。“相机的长焦镜头由来已久，三里屯老法师偷拍美女也由来已久。手机摄影的问题是对人类的又一次考验吧。”网友们怎么看？新闻来源：21世纪商业评论", "author": "人才76116", "time": "人才7611604月29日21:23 来自HUAWEIP20", "transmit": 19, "comment": 121, "zan": 203, "sentiment": [{"positive_prob": 0.922178, "confidence": 0.827061, "negative_prob": 0.0778224, "sentiment": 2}]}, {"text": "【鲸视频：想不想进华为？#华为员工平均年薪60万#】近日，华为董事会首席秘书江西生表示，华为有9万多员工通过工会来持有公司股份，是100%由员工持有的公司，没有任何外部政府或者是机构，华为每一分钱的资本都是员工掏钱进来的，而对华为的治理任正非只是有否决权，而不是决定权。羡慕华为员工吗？年报显示，员工平均年薪近60万元，持股员工近半，达9.7万人。L老板联播的秒拍视频", "author": "蓝鲸财经记者工作平台", "time": "蓝鲸财经记者工作平台04月29日20:00 来自专业版微博", "transmit": 29, "comment": 66, "zan": 27, "sentiment": [{"positive_prob": 0.0329155, "confidence": 0.926854, "negative_prob": 0.967085, "sentiment": 0}]}, {"text": "【#华为营收体量超越BAT之和#】截止到2018年，华为营收已达到7212亿元，同比增速19.5%，超过了BAT三家6652.4亿元的营收总和，稳坐国内龙头。​", "author": "华尔街见闻APP", "time": "华尔街见闻APP04月29日09:49 来自微博weibo.com", "transmit": 43, "comment": 24, "zan": 40, "sentiment": [{"positive_prob": 0.939477, "confidence": 0.865504, "negative_prob": 0.0605233, "sentiment": 2}]}]