[{"text": "【美国威胁意大利不要和华为合作，意外长：我们能保护自己的信息安全】美国国务卿蓬佩奥2日威胁意大利外长迪马约说，如果罗马在第五代移动通讯技术(5G)领域选择与中国企业合作，那么美方可能会停止与意共享情报。对此，迪马约自信表示，意政府能够有效保护国家的信息安全，罗马无意于缔结可能损害国家主权的贸易协定。O美国威胁意大利不要和华为合作，意外长表示政府能保护罗马信息安全", "author": "环球时报", "time": "环球时报10月03日12:50 来自微博weibo.com", "transmit": 140, "comment": 311, "zan": 3638, "sentiment": [{"positive_prob": 0.895652, "confidence": 0.768115, "negative_prob": 0.104348, "sentiment": 2}]}, {"text": "【RapBattle】华为VS苹果！你更喜欢谁？👍LMrYang杨家成的微博视频​", "author": "MrYang杨家成", "time": "MrYang杨家成10月03日15:23 来自nova5Pro人像超级夜景", "transmit": 1807, "comment": 839, "zan": 5564, "sentiment": [{"positive_prob": 0.550827, "confidence": 0.00183728, "negative_prob": 0.449173, "sentiment": 2}]}, {"text": "#三星停止手机产品在中国生产#韓國廠商同時面對太多問題很多人對於韓國的印象就是這幾年很囂張不知道在囂張什麼確實，也因此韓國才會主動挑戰日本另外再科技產業，手機上為了搶快不惜一博，結果滿盤皆輸結果這陣子大家瘋狂討論的手機小米、華為、蘋果、傳音、咦？沒人討論三星，好像不曾存在過一樣後面韓國將會面臨很大的經濟下行主要是因為我們將產業升級所以市場會被我們大量的吃掉我們的高附加價值產業已經在興起", "author": "百盛説", "time": "百盛説10月03日11:59 来自HUAWEIMate20", "transmit": 151, "comment": 403, "zan": 3007, "sentiment": [{"positive_prob": 0.326851, "confidence": 0.273663, "negative_prob": 0.673149, "sentiment": 0}]}, {"text": "#70年，我对中国说#“我女朋友和弟弟用华为手机，我的爷爷、三个表弟，两个叔叔婶婶用小米手机。我们家里有15部手机，13部是中国产的。”德国小伙子keno说。Keno和他的母亲祝中国人民安康，中德友谊天长地久。L新华网的秒拍视频​", "author": "新华网", "time": "新华网10月03日14:24 来自微博weibo.com", "transmit": 59, "comment": 27, "zan": 477, "sentiment": [{"positive_prob": 0.956819, "confidence": 0.904043, "negative_prob": 0.0431807, "sentiment": 2}]}, {"text": "華為公司CFO孟晚舟把出庭變成了時裝秀有電子腳鐐又怎樣，照樣神態自若、自信從容孟女士的品味真的是太好了！！​", "author": "台灣微時尚", "time": "台灣微時尚10月03日12:00 来自微博weibo.com", "transmit": 105, "comment": 316, "zan": 1789, "sentiment": [{"positive_prob": 0.728462, "confidence": 0.396583, "negative_prob": 0.271538, "sentiment": 2}]}, {"text": "【#华为产业链成牛股集中营#！名单都在这里了↓↓↓】华为手机供应链包括手机零部件厂商、半导体厂商以及材料和设备厂商。随着5G应用的落地，以及国产替代的加速，华为产业链已成为A股5G概念的一大热门。今年以来更成为牛股集中营。举个“栗子”：立讯精密今年连创历史新高、歌尔声学实现翻倍；圣邦股份今年涨幅高达四倍，汇顶科技、韦尔股份今年涨幅超三倍...（央视财经）L央视财经的酷燃视频", "author": "每日经济新闻", "time": "每日经济新闻10月03日23:34 来自微博weibo.com", "transmit": 199, "comment": 41, "zan": 217, "sentiment": [{"positive_prob": 0.957183, "confidence": 0.904852, "negative_prob": 0.0428166, "sentiment": 2}]}, {"text": "為了迎接第20萬粉，終於盼來了第一個華為，一到手感覺華為好高大上啊！連手機殼都準備好了，好貼心啊！不過，有沒有人教我怎麼設定一下？話說這幾天漲粉有點快，是不是我錯過了什麼新聞？[費解]#华为p30#@华为手机@华为终端官方微博@华为中国​", "author": "我們是香港警嫂", "time": "我們是香港警嫂10月03日00:29 来自老公買的iPhoneXR", "transmit": 37, "comment": 971, "zan": 6571, "sentiment": [{"positive_prob": 0.913761, "confidence": 0.808358, "negative_prob": 0.0862388, "sentiment": 2}]}, {"text": "【#微软时隔四年再推新手机#：双屏幕可折叠，首次搭载安卓系统】10月2日，微软在2019年秋季新品发布会上发布了可折叠手机SurfaceDuo，这是微软时隔四年再次发布手机，也是微软手机第一次搭载安卓系统，手机最终设计还未定稿，不确定是否配备后置摄像头。微软的可折叠屏手机并未选择和三星、华为同样的柔性屏，微软表示，目前柔性折叠屏无法做到360度折叠，无法使用康宁金刚玻璃其折叠可靠性以及产品耐久性都存在疑问，当天微软还发布了可折叠双屏电脑，这两款产品将在2020年圣诞节左右上市。L老板联播的微博视频", "author": "新浪财经", "time": "新浪财经10月03日16:41 来自微博weibo.com", "transmit": 62, "comment": 124, "zan": 273, "sentiment": [{"positive_prob": 0.748338, "confidence": 0.440751, "negative_prob": 0.251662, "sentiment": 2}]}, {"text": "美国动用国家力量，命令加拿大打击孟晚舟，随时准备把她引渡到美国去判重刑，但是，孟晚舟不愧是华为公司副董事长，不愧是世界第一企业家任正非的女儿，戴着电子脚铐，面对世界第一超级大国的白色恐怖威胁，还能迈出淡定从容的优雅步伐，向世界展示了华为公司代表中国火拼美国经济科技霸权的坚定决心，晚舟早归航！", "author": "信通小熊猫", "time": "信通小熊猫10月03日21:40 来自微博HTML5版", "transmit": 93, "comment": 201, "zan": 1786, "sentiment": [{"positive_prob": 0.995802, "confidence": 0.990672, "negative_prob": 0.0041978, "sentiment": 2}]}, {"text": "#14亿人为你庆生#，#孟晚舟再次出庭#【一袭红装佩戴国旗徽章，手拿Mate30Pro，祝祖国母亲生日快乐】虽然身在异国，但孟晚舟仍未忘给祖国庆生。华为副董事长孟晚舟申请终止引渡聆讯，周二(1日)继续由控方陈词。身穿红裙、佩戴国旗襟章的孟晚舟离家前往法庭时出现在温哥华寓所外。离家前往法庭时在寓所外用中文说：“祖国七十华诞，祝祖国母亲生日快乐，也祝愿祖国繁荣昌盛。无论我们在天涯还是海角，我们的心与祖国永远在一起。”此前孟女士出庭，大家大都在为孟女士脚腕上的电子镣铐而痛心。", "author": "人才76116", "time": "人才7611610月03日11:00 来自HUAWEIP20", "transmit": 66, "comment": 357, "zan": 1195, "sentiment": [{"positive_prob": 0.983407, "confidence": 0.963126, "negative_prob": 0.0165932, "sentiment": 2}]}, {"text": "有人知道这玩意儿怎么安装软件吗？第一次用华为笔记本，更是第一次碰见Linux👽👽👽​", "author": "TESTV-配音君", "time": "TESTV-配音君10月03日20:42 来自HUAWEIMate30Pro", "transmit": 46, "comment": 710, "zan": 1530, "sentiment": [{"positive_prob": 0.387085, "confidence": 0.139811, "negative_prob": 0.612915, "sentiment": 0}]}, {"text": "給華為打個廣告​", "author": "HK_CC_BEST", "time": "HK_CC_BEST10月03日12:55 来自Android客户端", "transmit": 178, "comment": 142, "zan": 1078, "sentiment": [{"positive_prob": 0.417676, "confidence": 0.0718309, "negative_prob": 0.582324, "sentiment": 0}]}, {"text": "【#微软时隔四年再推新手机#：双屏幕可折叠，首次搭载安卓系统】10月2日，微软在2019年秋季新品发布会上发布了可折叠手机SurfaceDuo，这是微软时隔四年再次发布手机，也是微软手机第一次搭载安卓系统，手机最终设计还未定稿，不确定是否配备后置摄像头。微软的可折叠屏手机并未选择和三星、华为同样的柔性屏，微软表示，目前柔性折叠屏无法做到360度折叠，无法使用康宁金刚玻璃其折叠可靠性以及产品耐久性都存在疑问，当天微软还发布了可折叠双屏电脑，这两款产品将在2020年圣诞节左右上市。@老板联播L老板联播的微博视频", "author": "梨视频", "time": "梨视频10月03日14:19 来自微博weibo.com", "transmit": 30, "comment": 83, "zan": 167, "sentiment": [{"positive_prob": 0.756703, "confidence": 0.459341, "negative_prob": 0.243297, "sentiment": 2}]}, {"text": "【零壹空间创始人舒畅：希望二三十年后能像华为，有一些值得别人学习的东西留下】零壹空间创始人兼CEO舒畅在29岁那年选择在民营航天领域创业，他表示创业者有时需同时面对10个困难，成功是偶然的，失败是必然的。希望公司在二三十年后能像今天的华为，有一些值得别人学习的地方留下来。#青年创业领袖#@老板联播L老板联播的微博视频", "author": "梨视频", "time": "梨视频10月03日11:43 来自微博weibo.com", "transmit": 19, "comment": 27, "zan": 206, "sentiment": [{"positive_prob": 0.969755, "confidence": 0.93279, "negative_prob": 0.0302445, "sentiment": 2}]}, {"text": "#华为Mate30无法手动安装谷歌应用#10月2日，彭博社报道华为Mate30已无法手动安装谷歌应用。此前，这款华为手机无法通过正常途径使用谷歌的产品和服务，但在它亮相后，媒体测试人员找到方法手动下载和安装谷歌应用。彭博社称，其中的安装原理被一名安全研究者发表文章阐述清楚，文章发表后，这种安装谷歌应用的方法也失效。L老板联播的微博视频", "author": "新浪科技", "time": "新浪科技10月03日11:54 来自专业版微博", "transmit": 52, "comment": 105, "zan": 914, "sentiment": [{"positive_prob": 0.0433779, "confidence": 0.903605, "negative_prob": 0.956622, "sentiment": 0}]}, {"text": "看图说话：一位网友说华为某型号的手机，坐了一下就起火了。。。什么情况？@华为终端公司​", "author": "明晞十八", "time": "明晞十八10月03日16:35", "transmit": 183, "comment": 1619, "zan": 11580, "sentiment": [{"positive_prob": 0.252453, "confidence": 0.438993, "negative_prob": 0.747547, "sentiment": 0}]}, {"text": "网友的华为P30Pro升级完就这样了，卡住了LGeek_Cao的微博视频​", "author": "Geek_Cao", "time": "Geek_Cao10月03日17:11 来自iPhone11ProMax", "transmit": 66, "comment": 1514, "zan": 3669, "sentiment": [{"positive_prob": 0.247592, "confidence": 0.449796, "negative_prob": 0.752408, "sentiment": 0}]}, {"text": "【#微软时隔四年再推新手机#：双屏幕可折叠，首次搭载安卓系统】10月2日，微软在2019年秋季新品发布会上发布了可折叠手机SurfaceDuo，这是微软时隔四年再次发布手机，也是微软手机第一次搭载安卓系统，手机最终设计还未定稿，不确定是否配备后置摄像头。微软的可折叠屏手机并未选择和三星、华为同样的柔性屏，微软表示，目前柔性折叠屏无法做到360度折叠，无法使用康宁金刚玻璃其折叠可靠性以及产品耐久性都存在疑问，当天微软还发布了可折叠双屏电脑，这两款产品将在2020年圣诞节左右上市。（@老板联播）L老板联播的微博视频", "author": "每日经济新闻", "time": "每日经济新闻10月03日15:41 来自微博weibo.com", "transmit": 13, "comment": 16, "zan": 72, "sentiment": [{"positive_prob": 0.763986, "confidence": 0.475525, "negative_prob": 0.236014, "sentiment": 2}]}, {"text": "孟晚舟再次出庭！有个小心思大家注意到了吗？华为副董事长孟晚舟申请终止引渡聆讯，周二(1日)继续由控方陈词。昨天身穿红裙、佩戴国旗襟章的孟晚舟离家前往法庭时出现在温哥华寓所外。（图文来源：O孟晚舟再次出庭！有个小心思大家注意到了吗？）​", "author": "后湾老施", "time": "后湾老施10月03日10:16 来自观网App", "transmit": 24, "comment": 200, "zan": 843, "sentiment": [{"positive_prob": 0.681736, "confidence": 0.292746, "negative_prob": 0.318264, "sentiment": 2}]}, {"text": "刚看到三星停止手机产品在中国生产这条消息，说实话我已经完全忘记手机品牌里还有三星了现在我身边朋友，一聊手机就是苹果或者华为你现在最喜欢哪个品牌的手机呢？#三星停止手机产品在中国生产#你现在最喜欢哪个品牌的手机呢？​", "author": "CarShooter", "time": "CarShooter10月03日12:30 来自iPhoneX", "transmit": 8, "comment": 38, "zan": 1887, "sentiment": [{"positive_prob": 0.906618, "confidence": 0.792484, "negative_prob": 0.0933823, "sentiment": 2}]}, {"text": "看我长江之恋晚会现场拍的糊图图，都怪我的渣像素，稍微修了一下，有个别是一起的嵩鼠拍的，我今天忍痛买了华为P30pro，南京音乐节和苏州嘉年华等我的高清视频，主页点关注，视频不迷路许嵩​", "author": "许沃若呀", "time": "许沃若呀10月03日01:12 来自许嵩超话", "transmit": 9, "comment": 49, "zan": 149, "sentiment": [{"positive_prob": 0.695954, "confidence": 0.324343, "negative_prob": 0.304046, "sentiment": 2}]}, {"text": "最近有没有要换PC的？推荐#HUAWEIMateBook#系列，华为最近推出PC和手机“多屏协同”功能，能把PC和手机双屏合一，实现文件拖拽、键鼠操控手机，体验很棒，有想换的国庆可以去搞一套，感受下华为多屏协同黑科技~LMa_yinqing的微博视频​", "author": "IT互联网资讯", "time": "IT互联网资讯10月03日20:45 来自微博weibo.com", "transmit": 1032, "comment": 1152, "zan": 2145, "sentiment": [{"positive_prob": 0.980349, "confidence": 0.956331, "negative_prob": 0.0196511, "sentiment": 2}]}, {"text": "今年春节作为奖励自己，必须上手一部华为M30，三年之后华为一定会有自己强大的系统，立贴为证!​", "author": "数学汤家凤", "time": "数学汤家凤10月03日12:26 来自HUAWEIMate9", "transmit": 12, "comment": 335, "zan": 2900, "sentiment": [{"positive_prob": 0.949935, "confidence": 0.888744, "negative_prob": 0.0500652, "sentiment": 2}]}, {"text": "#Mate30重构想象#拿华为Mate30Pro手机，拍一段7680帧慢动作小视频，让直升机的螺旋桨在这一瞬间静止了L宅数码Kael的微博视频​", "author": "宅数码Kael", "time": "宅数码Kael10月03日10:36 来自HUAWEIMate30Pro", "transmit": 10, "comment": 86, "zan": 1055, "sentiment": [{"positive_prob": 0.799868, "confidence": 0.555261, "negative_prob": 0.200132, "sentiment": 2}]}, {"text": "继续看前置拍照对比这次我们去掉第三者，直接用苹果iPhone11Promax，华为mate30Pro以下6张照片由上述两台机器拍摄，下一条我们公布答案，你猜都谁是谁拍的呢友情提示，华为的前置是3200万像素，苹果的前置是1200万像素​", "author": "那岩", "time": "那岩10月03日15:41 来自iPhone11ProMax", "transmit": 13, "comment": 221, "zan": 658, "sentiment": [{"positive_prob": 0.86659, "confidence": 0.703533, "negative_prob": 0.13341, "sentiment": 2}]}, {"text": "目前唯二的两款瀑布屏手机，华为Mate30Pro和vivoNEX3，都没有音量键，大家觉得哪种调节音量的方式更好玩？L钟文泽的微博视频​", "author": "钟文泽", "time": "钟文泽10月03日11:37 来自普通家庭iPhone11ProMax", "transmit": 39, "comment": 334, "zan": 1755, "sentiment": [{"positive_prob": 0.513167, "confidence": 0.736663, "negative_prob": 0.486833, "sentiment": 1}]}, {"text": "不能给老婆买华为了，上个班买个菜都被监视？#华为##华为Mate30#​", "author": "价值投资日志", "time": "价值投资日志10月03日06:31 来自iPhoneX", "transmit": 169, "comment": 612, "zan": 4417, "sentiment": [{"positive_prob": 0.161678, "confidence": 0.640716, "negative_prob": 0.838322, "sentiment": 0}]}, {"text": "前7张是用华为P30pro拍的，最后两张是用苹果7plus拍的，和第一二张是同一位置。果8和果10比果7的拍照功能没提高多少差不多，据说果11有明显改善可与P30媲美，回头有小伙伴检验了告知结果。果机的电池续航能力实在让我丧失了信心。华为新机这方面很赞，十一从早到晚一直不停拍啊摄啊的，回家还剩38%的电量，用华为自家支持超级快充的充电宝，半个小时就满格了。很多人吐槽这款的屏幕显示问题，因为我主要拍照摄像没有用来阅读、看视频和游戏，所以感觉不明显。若说不足，就是感觉触屏有时候没那么灵敏。京东方和LG的屏幕貌似还是有不小差距。其实曲屏我觉得意思真不大，如果控制成本考虑，还不如像P30弄一个普通但好用的LG屏。。。2北京·天安门广场", "author": "高程CASS", "time": "高程CASS10月03日18:49 来自iPhone客户端", "transmit": 11, "comment": 153, "zan": 225, "sentiment": [{"positive_prob": 0.464137, "confidence": 0.282739, "negative_prob": 0.535863, "sentiment": 1}]}, {"text": "大声告诉我你们最近想换新手机了不大概就是华为Mate30和iPhone11那种​", "author": "大牌姐", "time": "大牌姐10月03日18:29 来自微博weibo.com", "transmit": 9, "comment": 1945, "zan": 2393, "sentiment": [{"positive_prob": 0.297268, "confidence": 0.339404, "negative_prob": 0.702732, "sentiment": 0}]}, {"text": "现在手机中国市场华为、小米、oppo、vivo等国产品牌的竞争能力越来越强。在这种竞争以及成本的压力下，#三星停止手机产品在中国生产#，而苹果的市场占有率也下降，而华为已经成长为大树参天。而且这种压力并不是国际品牌才感受到，国内品牌同样面临。波导手机倒闭后在非洲成长为传音手机，连台湾节目都连连夸赞。L逗爱重庆行的微博视频", "author": "逗爱重庆行", "time": "逗爱重庆行10月03日11:44 来自HUAWEIMate20X", "transmit": 116, "comment": 235, "zan": 986, "sentiment": [{"positive_prob": 0.352659, "confidence": 0.216312, "negative_prob": 0.647341, "sentiment": 0}]}]