[{"text": "洋灵华为p30版的《我多在意你离开》L丨李想主义丨的美拍​", "author": "李丨想丨主丨义", "time": "李丨想丨主丨义07月12日22:11 来自洋灵超话", "transmit": 645, "comment": 85, "zan": 1351, "sentiment": [{"positive_prob": 0.873651, "confidence": 0.719224, "negative_prob": 0.126349, "sentiment": 2}]}, {"text": "华为把最牛逼的中端处理器麒麟810下放到荣耀9X的千元价位，好奇接下来RedmiNote8会用哪款处理器？目前高通最牛逼的7系处理器730已经干不过麒麟810了这要用什么接呢？是用更好的处理器去拼，还是把其他配置做到比对手好？RedmiNote8如何反击更合理？​", "author": "搞机圈的那些事", "time": "搞机圈的那些事07月12日14:35 来自真香警告", "transmit": 15, "comment": 186, "zan": 4066, "sentiment": [{"positive_prob": 0.147949, "confidence": 0.671225, "negative_prob": 0.852051, "sentiment": 0}]}, {"text": "步入7月份，2019下半年的旗舰机蓄势待发，苹果、三星、华为、小米、OPPO、vivo、魅族、一加…你最期待哪一款？2019下半年的旗舰机，你最期待哪一款？​", "author": "测评君", "time": "测评君07月12日23:08 来自iPhoneXSMax", "transmit": 24, "comment": 87, "zan": 5864, "sentiment": [{"positive_prob": 0.723901, "confidence": 0.386447, "negative_prob": 0.276099, "sentiment": 2}]}, {"text": "暗光拍摄还是华为牛，最牛是p30pro，现在手里是荣耀20pro最好，华为mate20pro其次，小米cc9，红米k20pro，iphone7，团灭​", "author": "科技圣斗士", "time": "科技圣斗士07月12日23:40 来自荣耀20PRO", "transmit": 11, "comment": 215, "zan": 1745, "sentiment": [{"positive_prob": 0.817417, "confidence": 0.594261, "negative_prob": 0.182583, "sentiment": 2}]}, {"text": "当前手机不仅生活的一部分，对于一部分人来说也已经是工作的一部分，打车、发快递、定餐、购物都需要手机完成#华为鸿蒙系统是否用于手机还未确定#你身边的朋友都在使用什么手机？其他请留言补充你身边的朋友都在使用什么手机？​", "author": "总裁语录", "time": "总裁语录07月12日15:22", "transmit": 4, "comment": 7, "zan": 557, "sentiment": [{"positive_prob": 0.67742, "confidence": 0.283155, "negative_prob": 0.32258, "sentiment": 2}]}, {"text": "【华为董事长：#华为手机目前首选还是安卓#】华为董事长梁华7月12日接受记者采访时表示，鸿蒙系统本来是为物联网开发的，用于自动驾驶、远程医疗等低时延场景。华为手机目前还是把开放的安卓系统和安卓生态作为首选，但如果美国不供应的话，是不是未来可以把鸿蒙发展为手机操作系统，目前还没有决定。（记者马思）", "author": "中国日报", "time": "中国日报07月12日15:30 来自微博weibo.com", "transmit": 16, "comment": 53, "zan": 156, "sentiment": [{"positive_prob": 0.956797, "confidence": 0.903993, "negative_prob": 0.043203, "sentiment": 2}]}, {"text": "明星偷税吸毒被原谅，袁隆平买华为手机却被羞辱，这才是时代最大的悲哀！  #央视专访袁隆平#​", "author": "蜀黍都笑湿了", "time": "蜀黍都笑湿了07月12日01:23 来自即刻笔记", "transmit": 30, "comment": 22, "zan": 273, "sentiment": [{"positive_prob": 0.295782, "confidence": 0.342707, "negative_prob": 0.704218, "sentiment": 0}]}, {"text": "【华为“电视”频放烟幕弹曾承诺“不做传统家电”】华为在电视领域的渗透已相当完善，从电视芯片到路由器、机顶盒，再到HiLink和云服务，华为在电视等产品上有全链路的技术覆盖。尽管华为一再否认进军电视领域，但近一年来围绕这个话题一直热度不减。传统的电视行业并不是一个“淘金”胜地。O华为“电视”频放烟幕弹曾承诺“不做传统家电”", "author": "新浪科技", "time": "新浪科技07月12日06:02 来自微博weibo.com", "transmit": 31, "comment": 71, "zan": 385, "sentiment": [{"positive_prob": 0.186698, "confidence": 0.585116, "negative_prob": 0.813302, "sentiment": 0}]}, {"text": "我举个例子，华为公司在十五年以前，就在中国深圳和印度，两个地方，都建设了支撑公司内部运营的IT系统数据存储中心，为什么？你比如，深圳如果被台湾导弹攻击，或者发生大地震，数据中心被干没了，那么印度那边的数据中心又可以作为备份启用，保证公司运营的连续性，华为公司连战争打起来了都做好准备持续运营，何况美国这点制裁，就能把华为干垮？任正非和华为的战略境界，太高，实在是高！", "author": "信通小熊猫", "time": "信通小熊猫07月12日13:30 来自微博HTML5版", "transmit": 51, "comment": 197, "zan": 850, "sentiment": [{"positive_prob": 0.0987274, "confidence": 0.780606, "negative_prob": 0.901273, "sentiment": 0}]}, {"text": "【华为：没有任何证据证明华为的设备有后门】华为《2018可持续发展报告》称，过去30年，华为和运营商一起建设了1500多张网络，在全球170多个国家和地区，为30亿人提供网络服务。事实证明，这些网络没有发生大面积网络瘫痪，没有恶性网络安全事故，也没有任何证据证明华为的设备有后门。@国是直通车O华为：已建设1500多张网络没有证据证明设备有后门", "author": "新浪财经", "time": "新浪财经07月12日11:01 来自微博weibo.com", "transmit": 11, "comment": 42, "zan": 102, "sentiment": [{"positive_prob": 0.0737522, "confidence": 0.836106, "negative_prob": 0.926248, "sentiment": 0}]}, {"text": "“他们真的让我们失望了，因为他们一直迟迟没有达到承诺，没向我们伟大的农民们购买农产品，希望他们能够尽快开始！”宝宝今天生气了，我偷偷解禁华为，你们居然还不赶紧买点大豆，选举压力很大鸭！着什么急​", "author": "后沙月光本尊", "time": "后沙月光本尊07月12日10:56 来自HUAWEIMate8", "transmit": 46, "comment": 107, "zan": 1155, "sentiment": [{"positive_prob": 0.0348271, "confidence": 0.922606, "negative_prob": 0.965173, "sentiment": 0}]}, {"text": "新入手的华为P30por,拍照功能实在强大，尤其是夜景，上一组天安门和国家大剧院的夜景图，完全是原片没有修图，还特意做了个实验在黑乎乎的环境中，别的手机拍出来就是一团黑，而华为P30pro拍的照片却能把黑暗中的物体看的清清楚楚，这差别不是一般的大，再出门就不背相机了，一部手机全部搞定#华为P30Pro##手机摄影#2北京·天安门广场", "author": "小九月", "time": "小九月07月12日09:46 来自HUAWEIP30Pro", "transmit": 1221, "comment": 1099, "zan": 1061, "sentiment": [{"positive_prob": 0.914863, "confidence": 0.810806, "negative_prob": 0.0851372, "sentiment": 2}]}, {"text": "洋灵洋灵《babyIdo》focus华为p30pro版L灵超鹅爱吃大白兔奶糖的微博视频​", "author": "灵超鹅爱吃大白兔奶糖", "time": "灵超鹅爱吃大白兔奶糖07月12日23:23 来自洋灵超话", "transmit": 39, "comment": 16, "zan": 199, "sentiment": [{"positive_prob": 0.95455, "confidence": 0.899, "negative_prob": 0.04545, "sentiment": 2}]}, {"text": "洋灵洋灵focus华为p30pro《万能人之歌》L灵超鹅爱吃大白兔奶糖的微博视频​", "author": "灵超鹅爱吃大白兔奶糖", "time": "灵超鹅爱吃大白兔奶糖07月12日22:56 来自洋灵超话", "transmit": 24, "comment": 10, "zan": 158, "sentiment": [{"positive_prob": 0.96206, "confidence": 0.915689, "negative_prob": 0.03794, "sentiment": 2}]}, {"text": "#华为鸿蒙系统是否用于手机还未确定#你喜欢谁的手机系统？你喜欢哪家的手机系统？​", "author": "北岛哥哥", "time": "北岛哥哥07月12日14:01", "transmit": 13, "comment": 15, "zan": 1024, "sentiment": [{"positive_prob": 0.450287, "confidence": 0.00574708, "negative_prob": 0.549713, "sentiment": 1}]}, {"text": "华为董事长梁华称，鸿蒙是物联网操作系统，安卓仍是手机OS首选，未来不排除把鸿蒙发展为手机系统那之前一直吹鸿蒙的人……（来源：第一财经）#华为鸿蒙系统是否用于手机还未确定#​", "author": "锋潮科技", "time": "锋潮科技07月12日11:58 来自微博weibo.com", "transmit": 372, "comment": 182, "zan": 1356, "sentiment": [{"positive_prob": 0.778491, "confidence": 0.507757, "negative_prob": 0.221509, "sentiment": 2}]}, {"text": "【华为董事长：应取消将华为列入“实体清单”这一禁令】华为董事长梁华12日在深圳表示，美国将华为放入“实体清单”，对此我们是表示反对的，因为做出这一决定没有任何事实和依据，这样的决定对任何一方包括美国很多企业都是不利的。我们在全球服务了30多亿人口，这样的决定是非常不公正、不合适的。我们认为不应该仅是放松管制，而是取消“实体清单”这一禁令。O华为董事长：应取消将华为列入“实体清单”这一禁令", "author": "每日经济新闻", "time": "每日经济新闻07月12日11:38 来自搜狗高速浏览器", "transmit": 5, "comment": 7, "zan": 39, "sentiment": [{"positive_prob": 0.0252457, "confidence": 0.943898, "negative_prob": 0.974754, "sentiment": 0}]}, {"text": "【华为董事长：上半年业绩仍保持增长#美国应将华为剔除实体清单#】7月12日，华为董事长梁华在《2018年可持续发展报告》发布会上表示：华为将遵循法律的确定性来应对国际问题的不确定性。美国不是应该放松对华为的管制，而是应该取消这个禁令。如果美国企业获得政府的许可，我们还是会坚持和他们合作，但希望这个许可是有确定性的。上半年华为的业务保持了增长。（记者马思）", "author": "中国日报", "time": "中国日报07月12日14:45 来自微博weibo.com", "transmit": 10, "comment": 10, "zan": 54, "sentiment": [{"positive_prob": 0.884177, "confidence": 0.742615, "negative_prob": 0.115823, "sentiment": 2}]}, {"text": "华为也请外国人，教育部也请外国人，怎么就差距这么大……​", "author": "侯安扬HF", "time": "侯安扬HF07月12日15:36 来自微博weibo.com", "transmit": 81, "comment": 133, "zan": 1340, "sentiment": [{"positive_prob": 0.190627, "confidence": 0.576384, "negative_prob": 0.809373, "sentiment": 0}]}, {"text": "为什么欧美要狙击华为？在工业革命之前，世界各地分散着不同的大文明，大文明之间的关系是对等的。从工业革命后到现在，这个世界一直都是欧美人的世界，欧美国家掌控世界最顶尖的资源与技术。（来源：@卢克文）​", "author": "风闻社区", "time": "风闻社区07月12日20:00 来自微博weibo.com", "transmit": 38, "comment": 16, "zan": 132, "sentiment": [{"positive_prob": 0.860776, "confidence": 0.690614, "negative_prob": 0.139224, "sentiment": 2}]}, {"text": "#华为炫技时间#华为超级快充，用习惯了就再也回不去了，戳下图了解一下​", "author": "华为终端官方微博", "time": "华为终端官方微博07月12日18:30 来自微博weibo.com", "transmit": 49, "comment": 272, "zan": 1389, "sentiment": [{"positive_prob": 0.916795, "confidence": 0.815101, "negative_prob": 0.0832047, "sentiment": 2}]}, {"text": "知名外媒i冰宇宙爆料的华为Mate30Pro渲染图和玻璃面板大曲率曲面屏屏占比不俗曲面屏现在也是大多数品牌高端旗舰的标配，也正因为曲面屏，这些旗舰在外观上与友商形成设计差异化，尽管从实用性来说大多数人更喜欢直屏，但没有曲面屏的旗舰机或多或少都会被大家吐槽，你喜欢曲面屏设计吗？​", "author": "小白测评", "time": "小白测评07月12日10:44 来自微博weibo.com", "transmit": 9, "comment": 244, "zan": 666, "sentiment": [{"positive_prob": 0.766866, "confidence": 0.481925, "negative_prob": 0.233134, "sentiment": 2}]}, {"text": "美国官员有点着急了，美媒：姆努钦敦促美国公司申请向华为供货的豁免！感觉任总最近三次访谈明显比5月份更加信心十足，因为主流业务正常了；美国情报部门肯定收集到这些信息，很担心美国企业被甩出华为供应链。据《华尔街日报》11日报道，知情人士称，美国财长姆努钦近日敦促华为的美国供应商尽快去申请对华为出口的许可证。报道称，这一进展反映出特朗普政府对华为的强硬立场近期出现逆转。目前，美国官员对美国应该在多大程度上努力与北京达成协议仍存在分歧。在姆努钦采取上述行动之前，特朗普上个月刚同意在不影响国家安全的情况下针对华为的黑名单身份给予豁免。值得注意的是，针对华为出口管制事项之前是由美国商务部负责，财政部一直没有直接参与确定黑名单的范围。一位熟悉姆努钦相关活动的知情人士透露，他经常与一系列受到美中贸易紧张局势冲击的公司接触。据多家西方媒体报道，美国政府正在实施计划以允许美国公司继续与华为做生意，而这距离后者被置于商务部“黑名单”上不到两个月。不过，美国财政部发言人克劳利（MonicaCrowley）驳斥了关于姆努钦主张华为供应商采取行动的说法。克劳利称，姆努钦经常与私营部门企业的首席执行长交谈，他从未“敦促”任何企业在华为问题上采取任何行动。但显然消息不是空穴来风，这给美国商务部部长罗斯施加了不少压力。美国商务部长威尔伯·罗斯（WilburRoss）周二表示，美国政府将向希望与华为开展业务的美国公司颁发许可，“在那些对国家安全没有威胁的领域”。另一位高级官员则表示，此举将使得芯片制造商继续销售某些技术到华为。白宫经济顾问拉里·库德洛（LarryKudlow）在CNBC活动上表示，对那些同华为做生意的公司来说，美国“打开了大门——放松了点”。他认为，放宽对华为的限制可以但也只会在有限的时间里有助于这家技术巨头。", "author": "HW前HR", "time": "HW前HR07月12日06:00 来自HUAWEIP30Pro", "transmit": 71, "comment": 110, "zan": 612, "sentiment": [{"positive_prob": 0.926898, "confidence": 0.837551, "negative_prob": 0.0731022, "sentiment": 2}]}, {"text": "【华为董事长：鸿蒙是物联网操作系统安卓是手机首选】财联社7月12日讯，华为董事长梁华表示，鸿蒙本来就是为物联网开发的系统，使得在自动驾驶，远程操作医疗环境，提供低时延的一个操作系统。手机这一块，我们还是把开放的安卓作为首选。（第一财经）#华为官方似乎在宣传策略上有所调整，逐渐把鸿蒙与手机解绑", "author": "钟文泽", "time": "钟文泽07月12日11:43 来自普通家庭iPhoneXSMax", "transmit": 39, "comment": 187, "zan": 980, "sentiment": [{"positive_prob": 0.92207, "confidence": 0.826822, "negative_prob": 0.0779302, "sentiment": 2}]}, {"text": "#科技美学今日话题#你认为华为手机最大的优点和缺点分别都是什么？​", "author": "科技美学", "time": "科技美学07月12日18:25", "transmit": 16, "comment": 681, "zan": 2438, "sentiment": [{"positive_prob": 0.777693, "confidence": 0.505985, "negative_prob": 0.222307, "sentiment": 2}]}, {"text": "发布了头条文章：《小米首登500强，巨头排名，华为数据惊人》O小米首登500强，巨头排名，华为数据惊人​", "author": "科技美学", "time": "科技美学07月12日10:45 来自微博weibo.com", "transmit": 10, "comment": 187, "zan": 699, "sentiment": [{"positive_prob": 0.743941, "confidence": 0.43098, "negative_prob": 0.256059, "sentiment": 2}]}, {"text": "华为Atlas人工智能计算平台，是基于华为昇腾系列AI处理器，打造的面向“端、边、云”的全场景AI基础设施方案。对于遥感领域所需的海量数据预处理和模型训练、遥感图像的分类、识别、检索和提取等工作，@华为智能计算与@武汉大学测绘遥感信息工程国家重点实验室已经开始着手遥感技术的AI应用探索。欢迎参加2019年遥感图像稀疏表征与智能分析竞赛，这是一次遥感的芯开始，让我们换种方式看世界！O网页链接", "author": "华为中国", "time": "华为中国07月12日11:00 来自微博weibo.com", "transmit": 7, "comment": 14, "zan": 177, "sentiment": [{"positive_prob": 0.951344, "confidence": 0.891875, "negative_prob": 0.0486563, "sentiment": 2}]}, {"text": "云次方龙嘎被两人轮番盯镜头的猴头菇有些飘飘然，tui性胡惹。看图放大看，有没有觉得他们是在跟你对视。我宣布图8⃣️就叫抿嘴次方惹。然后再说一句：华为p30pro牛逼（可能我比较前排的缘故？）​", "author": "菜鸡觉得猴头菇其实不能做刺身", "time": "菜鸡觉得猴头菇其实不能做刺身07月12日05:57 来自云次方超话", "transmit": 11, "comment": 16, "zan": 79, "sentiment": [{"positive_prob": 0.219132, "confidence": 0.51304, "negative_prob": 0.780868, "sentiment": 0}]}, {"text": "【华为董事长：安卓仍是手机操作系统首选，鸿蒙是物联网操作系统】12日，华为董事长梁华谈及鸿蒙系统时表示，鸿蒙本来就是为物联网开发的系统，使得在自动驾驶，远程操作医疗环境，提供低时延的一个操作系统。那么在手机这一块，我们还是把开放的安卓操作系统和安卓生态作为首选，当然如果说，美国不供应的话，是不是未来可以把鸿蒙发展为手机操作系统，目前还没有这个决定。O华为董事长：鸿蒙是物联网操作系统安卓仍是手机操作系统首选", "author": "观察者网", "time": "观察者网07月12日15:19 来自微博weibo.com", "transmit": 54, "comment": 150, "zan": 644, "sentiment": [{"positive_prob": 0.979777, "confidence": 0.95506, "negative_prob": 0.020223, "sentiment": 2}]}, {"text": "【华为2018可持续发展报告：减少碳排放45万吨】华为发布《2018年可持续发展报告》，公布了四大可持续发展战略。其中，在安全可信方面，华为计划用5年时间投资20亿美元提升软件工程能力；绿色环保方面，2018年华为使用了9.32亿千瓦时清洁能源电量，减少二氧化碳排放约45万吨：O华为可持续发展报告:减碳排放45万吨20亿美元投安全​", "author": "新浪科技", "time": "新浪科技07月12日10:40 来自微博weibo.com", "transmit": 7, "comment": 1, "zan": 50, "sentiment": [{"positive_prob": 0.75667, "confidence": 0.459267, "negative_prob": 0.24333, "sentiment": 2}]}]