[{"text": "#华为折叠屏手机被炒至9万#记者从黄牛市场了解到，售价16999元的华为折叠屏手机MateX5G版再度开卖且“秒没”，目前华为MateX现货已被炒到6万元至8万元。你会买16999元的华为折叠屏手机MateX吗？你会买16999元的华为折叠屏手机MateX吗？​", "author": "新浪科技", "time": "新浪科技11月18日19:22 来自微博weibo.com", "transmit": 37, "comment": 199, "zan": 9000, "sentiment": [{"positive_prob": 0.139543, "confidence": 0.689904, "negative_prob": 0.860457, "sentiment": 0}]}, {"text": "#易烊千玺封面#无视拘泥，不断改变，易烊千玺拍摄《时装LOFFICIEL》造型公开，内页造型搭配GENTLEMONSTER2020NEWFLATBA系列的MYMA，用墨镜调和面部线条，酷劲十足又不失青春感。封面变换不同造型，牛仔衣搭配GENTLEMONSTER华为联名款SMARTALIO，褪去冷峻尽显斯文，四字弟弟真的很可！​", "author": "FashionMarks", "time": "FashionMarks11月18日17:55 来自微博weibo.com", "transmit": 2107, "comment": 2199, "zan": 5510, "sentiment": [{"positive_prob": 0.995375, "confidence": 0.989723, "negative_prob": 0.00462458, "sentiment": 2}]}, {"text": "【高考失利后不消沉，浙大学霸#读研两年发表13篇SCI论文#】读研两年，总共发表SCI论文13篇，其中第一作者论文5篇；申请了3项中国发明专利和3项国际发明专利；参加了华为中央硬件工程院的实习，获评优秀实习生；今年，又斩获竺可桢奖学金。她就是浙江大学高分子科学与工程学系高分子材料专业2017级硕士生——连小梅。连小梅曾高考失利，在家人劝说下选择了较好就业的专业，最终被湖南大学的应用化学专业录取，与热爱的数学擦肩而过。“从小学，到初中，再到高中，数学一直是我的强项，可以说我在数学方面花了很多心思吧。”连小梅说，“但既然我已经选择了现在的专业，就要将它奋斗到底！”浙江大学微信公号O高考失利后不消沉，浙大女学霸读研两年发表13篇SCI论文", "author": "澎湃新闻", "time": "澎湃新闻11月18日15:24 来自微博weibo.com", "transmit": 171, "comment": 375, "zan": 2256, "sentiment": [{"positive_prob": 0.82829, "confidence": 0.618421, "negative_prob": 0.17171, "sentiment": 2}]}, {"text": "【#华为折叠屏手机被炒至9万#】18日上午10时08分，售价16999元的华为折叠屏手机MateX5G版再度开卖，“秒没”。记者从黄牛市场了解到，目前华为MateX现货已被炒到6万元至8万元。黄牛阿飞（化名）表示：“我们用外挂都抢不到，这个手机曾被炒到过12万元一部，简直太疯狂了。”(注：图中央为三星GalaxyFold)O华为折叠屏手机再度开卖：上线秒光黄牛炒至9万", "author": "新浪科技", "time": "新浪科技11月18日17:42 来自微博weibo.com", "transmit": 89, "comment": 286, "zan": 804, "sentiment": [{"positive_prob": 0.213223, "confidence": 0.526171, "negative_prob": 0.786777, "sentiment": 0}]}, {"text": "#易烊千玺封面#四字弟弟@TFBOYS-易烊千玺三登《时装LOFFICIEL》杂志，展现不同风格的眼镜杀，内页造型佩戴了GENTLEMONSTER2020NEWFLATBA系列MYMA，演绎冷酷画风，封面造型佩戴了GENTLEMONSTER华为联名款SMARTALIO，表现少年儒雅，两种诠释一种精彩，蜕变之旅惊喜不断。​", "author": "FashionCover", "time": "FashionCover11月18日17:40 来自微博weibo.com", "transmit": 1788, "comment": 2359, "zan": 3360, "sentiment": [{"positive_prob": 0.994177, "confidence": 0.98706, "negative_prob": 0.00582272, "sentiment": 2}]}, {"text": "nova星球公告：新成员#华为nova6#5G来啦！自拍有了它，多几个朋友也框得下。L华为终端官方微博的微博视频​", "author": "华为终端官方微博", "time": "华为终端官方微博11月18日14:30 来自微博视频", "transmit": 1948, "comment": 1457, "zan": 5484, "sentiment": [{"positive_prob": 0.740576, "confidence": 0.423502, "negative_prob": 0.259424, "sentiment": 2}]}, {"text": "【#任正非谈华为双十一#：供应链拒绝降价，因为1千万台不够卖】近日华为心声社区发布了11月6日任正非德国媒体圆桌纪要。任正非表示，华为目前供不应求，正动员中国客户少买些，先供应外国客户。他还在双十一前建议终端公司少赚些钱，结果终端公司同意了，供应链却不答应，因总共只备了1000万台，怕降价后交不了货。@老板联播L老板联播的微博视频", "author": "财经网", "time": "财经网11月18日17:45 来自微博weibo.com", "transmit": 112, "comment": 257, "zan": 1081, "sentiment": [{"positive_prob": 0.0219165, "confidence": 0.951297, "negative_prob": 0.978083, "sentiment": 0}]}, {"text": "雾都九九设计美学#华为主题#·华为主题｜半日闲｜5.0-9.1·唯有热爱能抵岁月漫长·感谢陪伴/万一​", "author": "雾都九九", "time": "雾都九九11月18日10:20 来自雾都九九超话", "transmit": 1028, "comment": 2537, "zan": 485, "sentiment": [{"positive_prob": 0.968371, "confidence": 0.929712, "negative_prob": 0.0316295, "sentiment": 2}]}, {"text": "【搞机零距离：华为MateX折叠屏体验翻折世界用起来真的爽！】华为，折叠屏，5G，跳票，一万七，一机难求，这些元素组合成了2019年的一场年度大戏。在这样的关注下，MateX终于来了。这不是一款完美的手机，它的缺点明显；但这又是一款如此独特的手机：在手机与平板之间自由切换的体验，两种屏幕比例与大小所带来的视觉效果，让这款手机在使用时非常有趣。L钟文泽的微博视频O抽奖详情", "author": "钟文泽", "time": "钟文泽11月18日09:59 来自微博视频", "transmit": 2756, "comment": 953, "zan": 4517, "sentiment": [{"positive_prob": 0.977152, "confidence": 0.949226, "negative_prob": 0.0228482, "sentiment": 2}]}, {"text": "【金灿荣香港演讲(完整版)】金灿荣：美国曾整趴下五个老二国家，而中国有一个他们都没有的优点。现在美国对中国发起的贸易战、封杀华为、干涉香港事务等等，皆是遏制中国发展的行为，以此来保住美国长期在各个领域和综合国力上的霸主地位。L百姓视野的微博视频​", "author": "百姓视野", "time": "百姓视野11月18日09:00 来自微博云剪", "transmit": 1532, "comment": 196, "zan": 1874, "sentiment": [{"positive_prob": 0.933243, "confidence": 0.851651, "negative_prob": 0.0667572, "sentiment": 2}]}, {"text": "#早读新京报#A02，十年首度负增长：别让暴力毁了香港；A06，#猪肉批发均价半月来降2成#；A08，#新京报专访#汪来：抗癌新药泽布替尼出海只是中国制药一小步；A11，”快舟一号“发射两颗全球多媒体卫星；B01，五年扇贝”传奇“，谁来拯救獐子岛；B03，华为手机被炒至6万，折叠屏明年爆发？O2019年11月18日星期一", "author": "新京报", "time": "新京报11月18日08:03 来自微博weibo.com", "transmit": 23, "comment": 27, "zan": 88, "sentiment": [{"positive_prob": 0.643531, "confidence": 0.207846, "negative_prob": 0.356469, "sentiment": 2}]}, {"text": "我们对每款产品都要求在突出特长的同时，一样要重视其它各维度的表现，力图为大家带来全方位的优质智慧生活。最新发布的中国移动2019年智能硬件质量报告中，华为Mate30系列手机获手机综合能力测评等多项第一名、五星级评价！华为智慧屏获得综合能力五星级评价！感谢朋友们对华为产品的认可与鼓励，未来我们将继续努力，把更多优质的产品带给大家。​", "author": "余承东", "time": "余承东11月15日18:08 来自HUAWEIMate30Pro5G", "transmit": 50, "comment": 402, "zan": 1307, "sentiment": [{"positive_prob": 0.99694, "confidence": 0.993199, "negative_prob": 0.00306038, "sentiment": 2}]}, {"text": "【#华为MateX被炒至6万#折叠屏明年爆发？】华为MateX正式开售以来，引来了一波炒作。11月17日，记者注意到，原本售价为16999元的MateX，已经被炒至6万元甚至更高。在二手交易平台上，目前MateX的售价被炒高至4万至6万不等，较华为官网16999元的售价高出一倍有余，有部分用户愿意加一万至两万元求购。O华为MateX出货量稀缺被炒至6万折叠屏明年爆发？L虎扑的步行街的微博视频", "author": "新浪财经", "time": "新浪财经11月18日13:20 来自微博weibo.com", "transmit": 119, "comment": 387, "zan": 1215, "sentiment": [{"positive_prob": 0.20228, "confidence": 0.550489, "negative_prob": 0.79772, "sentiment": 0}]}, {"text": "#华为nova6#5G来啦！不惧忽远忽近，怎么拍都美。L华为终端官方微博的微博视频​", "author": "华为终端官方微博", "time": "华为终端官方微博11月18日15:31 来自微博视频", "transmit": 254, "comment": 418, "zan": 1576, "sentiment": [{"positive_prob": 0.853517, "confidence": 0.674482, "negative_prob": 0.146483, "sentiment": 2}]}, {"text": "【#任正非谈华为双十一#：供应链拒绝降价，因为1千万台不够卖】近日，华为心声社区发布了11月6日任正非德国媒体圆桌纪要。他表示华为目前供不应求，正动员中国客户少买些，先供应外国客户。他还在双十一前建议终端公司少赚些钱，结果终端公司同意了，供应链却不答应，因总共只备了1000万台，怕降价后交不了货。L老板联播的微博视频", "author": "电商报", "time": "电商报11月18日17:33 来自微博weibo.com", "transmit": 203, "comment": 234, "zan": 1078, "sentiment": [{"positive_prob": 0.0179935, "confidence": 0.960014, "negative_prob": 0.982006, "sentiment": 0}]}, {"text": "#易烊千玺封面#《时装LOFFICIEL》十二月刊封面及内页公开，易烊千玺诠释不同造型，内页佩戴GENTLEMONSTER2020NEWFLATBA系列MYMA，尽显冷峻少年的不拘一格，封面佩戴GENTLEMONSTER华为联名款SMARTALIO展现眉宇间的斯文，多重风格自由切换，两种造型一滴都不剩。​", "author": "FashionSeek", "time": "FashionSeek11月18日17:45 来自微博weibo.com", "transmit": 1507, "comment": 1960, "zan": 3021, "sentiment": [{"positive_prob": 0.960123, "confidence": 0.911385, "negative_prob": 0.0398766, "sentiment": 2}]}, {"text": "#华为MateX#炒到五六万，把这个当金融产品和营销手段来操盘。不要过度消费，不是不要消费。任正非非常非常非常牛我承认，但我不喜欢他。也许对错都是基于一定的立场，但他的很多言论我实在不敢苟同，当然根本也不需要我苟同。​", "author": "杨牧宸", "time": "杨牧宸11月18日12:18 来自iPhone11", "transmit": 95, "comment": 488, "zan": 3076, "sentiment": [{"positive_prob": 0.38505, "confidence": 0.144333, "negative_prob": 0.61495, "sentiment": 0}]}, {"text": "【#任正非谈华为双十一#：供应链拒绝降价，因为1千万台不够卖】近日华为心声社区发布了11月6日任正非德国媒体圆桌纪要。他表示华为目前供不应求，正动员中国客户少买些，先供应外国客户。他还在双十一前建议终端公司少赚些钱，结果终端公司同意了，供应链却不答应，因总共只备了1000万台，怕降价后交不了货。L老板联播的微博视频O任正非谈华为双11：供应链拒绝降价仅1千万台不够卖", "author": "新浪财经", "time": "新浪财经11月18日18:45 来自微博weibo.com", "transmit": 44, "comment": 182, "zan": 872, "sentiment": [{"positive_prob": 0.0117286, "confidence": 0.973936, "negative_prob": 0.988271, "sentiment": 0}]}, {"text": "#华为nova6#5G即将与nova星人们见面了。12月5日发布会，我们武汉见！L华为手机的微博视频​​​", "author": "华为何刚", "time": "华为何刚11月18日16:28 来自HUAWEIMate30Pro5G", "transmit": 133, "comment": 324, "zan": 1106, "sentiment": [{"positive_prob": 0.873522, "confidence": 0.718937, "negative_prob": 0.126478, "sentiment": 2}]}, {"text": "有传美方再给华为两周延期，二级很容易夸大这种消息，回归实体看会比较客观。美方敢禁中兴，是因为按照供应链来看，禁掉中兴，东西还可以以这个渠道那个渠道，卖给华为。如果中兴和华为都禁掉，那沙盘推演一下，不难发现对美方自己有三重打击。首先是美国自己的电信运营商受损，想喷的可以去翻一翻美国人自己怎么说的。第二重是美方在华为供应链里的企业严重受损。第三重，也就是真正让他们忌惮的，一旦封不死，活过来了，那么等于美国企业全被踢出供应链，华为向上游走，就不是华为自身利益得到保障那么简单，而是整个本土企业基本卡脖子的地方都会得到突破。也就是oneworldtwosystem的开始，这对于利益基于全球化的美国而言，不是好事。华为自己也说得很清楚，别说是为我们考虑，我们已经做好了去美国化的准备。你要禁就禁，不禁呢，我和原来的供应商还可以做朋友，为难我们的是美国政府，不是美国企业。这个话，一般人说了，可能没人信。但任总是当年在军队做技术员，一无实物二无图纸能搞研发的人。大概就是这么个事。兵来将挡水来土掩。", "author": "唐史主任司马迁", "time": "唐史主任司马迁11月18日11:19 来自360安全浏览器", "transmit": 113, "comment": 112, "zan": 1854, "sentiment": [{"positive_prob": 0.0476813, "confidence": 0.894042, "negative_prob": 0.952319, "sentiment": 0}]}, {"text": "今天必须严肃说个事哈，我这常年被海狗扣个花黑的帽子，我那么多吹华为的微博，你们不会眼瞎看不到吧？你们这些海狗哪个比我科技新一买的华为手机多？是不是光想着从华为那捞钱？你们这叫爱钱不叫爱华为！有些海狗为了表示对主子的衷心，稍微说一点华为产品的缺点就狂咬人，哪个产品没缺点？你们这样真是给华为招黑！我觉得你们要是真爱华为，就像哥一样，真金白银掏钱买华为手机支持，别光靠咬人支持，那样真像别人养得狗！说实话有时候觉得大家叫你们海狗真不冤枉你们！咱们以后晒订单晒发票，比谁在华为身上花的钱多！真特么才叫支持华为！", "author": "科技新一", "time": "科技新一11月18日09:46", "transmit": 26, "comment": 332, "zan": 1538, "sentiment": [{"positive_prob": 0.0199057, "confidence": 0.955765, "negative_prob": 0.980094, "sentiment": 0}]}, {"text": "【#任正非谈华为双十一#：动员中国客户少买，先供应外国客户】近日华为心声社区发布了11月6日任正非德国媒体圆桌纪要。他表示华为目前供不应求，正动员中国客户少买些，先供应外国客户。他还在双十一前建议终端公司少赚些钱，结果终端公司同意了，供应链却不答应，因总共只备了1000万台，怕降价后交不了货。L老板联播的微博视频", "author": "电商行业", "time": "电商行业11月18日18:45 来自微博weibo.com", "transmit": 150, "comment": 280, "zan": 1504, "sentiment": [{"positive_prob": 0.0407827, "confidence": 0.909372, "negative_prob": 0.959217, "sentiment": 0}]}, {"text": "网友投稿，不知道真的假的，说让快递员见到华为MateX就直接截留，赔29999​", "author": "闪飞", "time": "闪飞11月18日14:01", "transmit": 206, "comment": 935, "zan": 5883, "sentiment": [{"positive_prob": 0.256542, "confidence": 0.429906, "negative_prob": 0.743458, "sentiment": 0}]}, {"text": "华为折叠屏MateX玩吃鸡是这种效果。横向视野不变，纵向翻倍。我好像第一次看见自己角色的脚？L钟文泽的微博视频​", "author": "钟文泽", "time": "钟文泽11月18日12:24 来自普通家庭iPhone11ProMax", "transmit": 137, "comment": 225, "zan": 2427, "sentiment": [{"positive_prob": 0.607967, "confidence": 0.128815, "negative_prob": 0.392033, "sentiment": 2}]}, {"text": "#金鸡百花手机电影#展映，三部片子都拿#华为Mate30#拍摄，有点料啊​", "author": "刘哔电影", "time": "刘哔电影11月18日20:20 来自微博weibo.com", "transmit": 15856, "comment": 6719, "zan": 26760, "sentiment": [{"positive_prob": 0.847512, "confidence": 0.661137, "negative_prob": 0.152489, "sentiment": 2}]}, {"text": "上周五是情绪性大跌，等了一个周末也没有看到什么特别坏的消息。按照以往正常的博弈逻辑，这周是会孕育反弹的，从上周的ETF买入量来看，也能印证这一点。但问题是目前处在调股换仓的阶段，且减持公告较多。所以，基于稳健，可以调低预期，但结构性的机会是肯定有的。从情绪上看，周末市场聚焦度较高的，还是电子链。华为X的二手价格炒这么高，确实不好，用任总的说法，是过度消费国人的情绪。不管是华为小米摩托罗拉还是三星，进入折叠屏（翻盖也是折叠屏）量产已经是趋势了。基于这一趋势以及可穿戴的放量，FPC应该和PCB区别开（目前都混为一谈）。此外，一些细节性的工艺或者材料，诸如铰链以及各种填充等等，都应该有实质性的业绩机会，关键是股价能否找到好的介入点。国改这个方向，最近动作频频。目前市场聚焦度高的是各种股权转让。这更多是从资金角度来做的，毕竟大的国改票在趋势没有形成之前，资金推不动。国改搞了这么多年，和2014年那会儿已经完全不一样了。一方面是国资会不断帮扶好的民营企业。另一方面也会结合行业和产业政策。和以往卖国资资产或者卖壳的思路完全不同。前一段时间的例子是大飞机整合，这周末出来的是沈机，直接给了十八亿，一半做项目一半还旧账。年末资金除了扎堆业绩好的以外，其它品种都要考虑年报影响，但国改这种，就可以脱离一半的财报估值法了，所以还是应该看一看。个人不建议去炒2014年那种老玻璃什么的，没有想象空间。新股方面，我没打浙商，据说是有打有中，我还是原来的意见，早点破发一个早好。今天科创板也会迎来金山办公的考验，这个盘子也不小。", "author": "唐史主任司马迁", "time": "唐史主任司马迁11月18日08:29 来自360安全浏览器", "transmit": 49, "comment": 83, "zan": 1087, "sentiment": [{"positive_prob": 0.460496, "confidence": 0.20992, "negative_prob": 0.539504, "sentiment": 1}]}, {"text": "发布了头条文章：《先手为王》财经每日必读#微博赚钱季#周一OLED+华为/科技最强，区块链和券商企稳，股权+穿戴智能分化，主板缩量反弹（明日预设冲高回落，注意观察成交量能否有效放大）强势股接力的亏钱效应减缓，明日鼎龙文化，香山股份等作为情绪标杆观察，空间板高度到3板，首板数量增加，明日早盘注意不要着急追高接力，存量博弈，资金锁仓意愿低，先手为王，走势不及预期的标的注意逢高止盈，最优策略是盘中等回踩低吸主线板块人气股和超跌板块等轮动，低吸富一生。科创板有反复活跃的迹象，明日重点关注金山软件，沃尔德，瀚川智能，华熙生物，安恒信息，乐鑫科技，微芯生物等板块活跃股，耐心等赚钱效应再度恢复，板块内前期超跌的人气股也是不错的套利方向。Ps:2870下机会大于风险。O先手为王", "author": "lesliesay", "time": "lesliesay11月18日16:59 来自微博weibo.com", "transmit": 311, "comment": 141, "zan": 492, "sentiment": [{"positive_prob": 0.929952, "confidence": 0.844337, "negative_prob": 0.0700482, "sentiment": 2}]}, {"text": "这是谁啊？通知顺丰快递小哥直接赔钱29999截停华为MateＸ，疯了吗​", "author": "科技小公举", "time": "科技小公举11月18日13:00", "transmit": 64, "comment": 216, "zan": 2556, "sentiment": [{"positive_prob": 0.441305, "confidence": 0.0193228, "negative_prob": 0.558695, "sentiment": 0}]}, {"text": "华为折叠屏MateX看电子书，尤其是看带图片的电子书，应该是体验最好的一个环节。因为本身比电子书更便携（折叠形态），打开后又更像电子书。如果配合电子书的插图，体验非常好。L钟文泽的微博视频​", "author": "钟文泽", "time": "钟文泽11月18日13:26 来自普通家庭iPhone11ProMax", "transmit": 34, "comment": 131, "zan": 1044, "sentiment": [{"positive_prob": 0.969583, "confidence": 0.932406, "negative_prob": 0.0304173, "sentiment": 2}]}, {"text": "真是东芝泄密导致美国失去优势吗？历来的说法都是日本东芝公司私下向前苏联销售了大型高科技数控机床，使苏联能够制造精密螺旋桨从而大大降低核潜艇噪音，严重威胁美国国家安全。实际上在东芝卖机床给苏联的前两年，美国的监听部门已经抱怨难以跟踪到苏联潜艇踪迹了，还发生两大阵营核潜艇海底撞艇的事件。冷战结束之后才知道，苏联核潜艇噪声降低并不仅仅是因为螺旋桨加工精度提高了，而是综合采用了许多创新性的技术，例如采用新的叶型、降低转速、采用减震浮阀、覆盖新型消声瓦等综合措施的结果。至于机床方面，苏联更能通过秘密渠道接触到联邦德国的机床技术，当时的捷克斯洛伐克在大型机床技术方面有很高的水平。所以拼命说苏联不行其实就是美国抹黑战略一部分。另外，关于东芝向苏联出售机床，美国情报部门早就知道了，故意留这个牌不打；当日本经济高速增长、日美贸易摩擦加剧，这牌关键时刻给日本科技巨头致命一击，从此东芝一蹶不振基本退出超一流企业。有力震慑了日本企业，导致美国对日本企业的长臂管辖、日本企业畏美如爹。所以美国人明知不是东芝导致的问题，却硬把结果让东芝顶个大罪。类似华为明明所有客户都证明是安全的，他却不断抹黑华为5G系统。套路都是一样的。", "author": "HW前HR", "time": "HW前HR11月18日06:00 来自HUAWEIMate30Pro5G", "transmit": 267, "comment": 92, "zan": 579, "sentiment": [{"positive_prob": 0.0553873, "confidence": 0.876917, "negative_prob": 0.944613, "sentiment": 0}]}]