[{"text": "💫#易烊千玺2019玊尔演唱会#💫#易烊千玺少年的你#当面夸易烊千玺帅是怎样一种体验？硬核憋笑VS害羞抿嘴@TFBOYS-易烊千玺K念想《少年的你》电影情感曲易烊千玺四字四字弟弟yyqx唱歌yyqx跳舞帅好看好听szdd四字四字好看四字帅四字唱歌好听yyqx华为yyqx中戏yyqx双料第一yyqx帅yyqxcasescyyqx对不起yyqx千禧龙yyqxqxlyyqxinsyyqxdvyyqx舞台yyqxysfyyqxcasescyyqx猫yyqxL星闻揭秘的微博视频", "author": "予你一遇", "time": "予你一遇11月17日13:08 来自易烊千玺超话", "transmit": 1482, "comment": 373, "zan": 7318, "sentiment": [{"positive_prob": 0.980222, "confidence": 0.956048, "negative_prob": 0.0197782, "sentiment": 2}]}, {"text": "【学霸#2年13篇SCI说只是运气好#...】读研两年期间总共发表SCI论文13篇，其中第一作者论文5篇；申请了3项中国发明专利和3项国际发明专利；参加了华为中央硬件工程院的实习，获评优秀实习生；今年，又斩获竺可桢奖学金。她就是浙江大学高分子科学与工程学系高分子材料专业2017级硕士生连小梅。在被问及“如何能在众多的竺可桢奖学金角逐者中脱颖而出”时，她只是笑着说“运气比较好”。然而“台上一分钟，台下十年功”，那句“运气比较好”背后的来之不易,却是他人所不知的——高分子行业发展飞快，因而科研论文的投稿特别讲究时效性，有时候投稿的时间仅仅相差一两个月，论文的档次就会相差很多，连小梅的科研之路也并非一帆风顺。累累科研成果的背后，是“一把把心酸泪”。（@浙江大学）O关注|2年13篇SCI！获奖学金浙大女学霸竟说：运气比较好...", "author": "中国青年报", "time": "中国青年报11月17日20:30 来自微博weibo.com", "transmit": 91, "comment": 83, "zan": 400, "sentiment": [{"positive_prob": 0.172666, "confidence": 0.616297, "negative_prob": 0.827334, "sentiment": 0}]}, {"text": "【任正非：已批评公司内部不要过度消费国人热情】据新京报报道，有德国记者表示，华为被中国人民视为国家的骄傲，很多中国人现在选择购买华为手机，希望能帮助华为度过困难时期。对此，任正非表示，已批评公司内部，不要过度消费国人对我们的热情，要坚持以客户为中心，把客户体验、客户感知放在第一位..你认为华为过度消费国人热情了么？", "author": "电脑报", "time": "电脑报11月17日20:30 来自搜狗高速浏览器", "transmit": 24, "comment": 67, "zan": 1772, "sentiment": [{"positive_prob": 0.773899, "confidence": 0.497552, "negative_prob": 0.226101, "sentiment": 2}]}, {"text": "#任正非批评华为过度消费国人热情#据新京报报道，有德国记者表示，华为被中国人民视为国家的骄傲，很多中国人现在选择购买华为手机，希望能帮助华为度过困难时期。任正非对此表示，已经批评了公司内部，不要过度消费国人对我们的热情，要坚持以客户为中心，把客户体验、客户感知放在第一位。你觉得华为过度消费国人热情了吗？", "author": "凤凰网科技", "time": "凤凰网科技11月17日19:06", "transmit": 12, "comment": 50, "zan": 1476, "sentiment": [{"positive_prob": 0.889442, "confidence": 0.754315, "negative_prob": 0.110558, "sentiment": 2}]}, {"text": "#灿若星辰的浙大人#【两年发表13篇SCI论文！竺奖学霸更是科研达人】读研两年期间，总共发表SCI论文13篇，其中第一作者论文5篇。申请了3项中国发明专利和3项国际发明专利，参加了华为中央硬件工程院的实习并获评优秀实习生。今年，又斩获竺可桢奖学金。她就是浙江大学高分子科学与工程学系高分子材料专业2017级硕士生，连小梅。", "author": "浙江大学", "time": "浙江大学11月17日14:33", "transmit": 15, "comment": 17, "zan": 294, "sentiment": [{"positive_prob": 0.882459, "confidence": 0.738799, "negative_prob": 0.117541, "sentiment": 2}]}, {"text": "尼玛matex到线下旗舰店去买说线下不卖，线上一秒光，然后淘宝卖4.5w？黄牛我日你大爷，华为你要诚心卖手机就好好卖，给黄牛赚这种钱，加个1，2000也都认了，直接翻3倍？黄牛nmsl，祝你们发大财，靠​", "author": "不是毒奶色我是专业解说黄旭东", "time": "不是毒奶色我是专业解说黄旭东11月17日13:44", "transmit": 39, "comment": 202, "zan": 2695, "sentiment": [{"positive_prob": 0.0206967, "confidence": 0.954007, "negative_prob": 0.979303, "sentiment": 0}]}, {"text": "我觉得@华为终端官方微博应该给台湾媒体支付点广告费，人家在节目中夸赞#华为Mate30#时那种眉飞色舞与有荣焉的感觉，着实令我感动人家为了演示Mate30的慢镜头摄影，特意将水桶带到了摄影棚，主持人亲自录像，当场检验效果，宣传效果极佳。我脚着起码应该送嘉宾和主持人一人一部手机，您说呢？", "author": "奥卡姆剃刀", "time": "奥卡姆剃刀11月17日21:35 来自HUAWEIMate20X5G", "transmit": 33, "comment": 80, "zan": 632, "sentiment": [{"positive_prob": 0.669541, "confidence": 0.265647, "negative_prob": 0.330459, "sentiment": 2}]}, {"text": "「白问NO.96期」携号转网详细操作华为FreeBuds3遇风就挂？最近热度很高的半开放式降噪耳机—华为FreeBuds3，连接其他手机操作功能上体验如何？是不是真的遇风降噪挂掉？我们实测了一下。携号转网马上来了，你有没有准备开始携号转网换换网络？还有5000元档位选择主观推荐～本期白问好好聊聊。L小白测评的微博视频", "author": "小白测评", "time": "小白测评11月17日16:15 来自微博weibo.com", "transmit": 24, "comment": 125, "zan": 410, "sentiment": [{"positive_prob": 0.880142, "confidence": 0.73365, "negative_prob": 0.119858, "sentiment": 2}]}, {"text": "发布了头条文章：《机会大于风险》财经每日必读#微博赚钱季#周五股权+华为/科技（VR/游戏）最强，区块链和智能穿戴严重分化，养殖和知识产权跌幅最大，主板放量下跌（明日预设探底企稳，注意观察成交量能否有效放大）强势股接力的亏钱效应再次放大，明日宝鼎科技，香山股份等作为情绪标杆观察，空间板高度到5板，首板数量缩小，明日大概率还有不少跟风票会按着地板摩擦，情绪盘后重点关注盘中逆市的人气股，强势股赚钱效应会先于主板恢复，买在分歧日，最优策略是盘中等回踩低吸主线板块人气股和超跌板块等轮动，低吸富一生。科创板有反复活跃的迹象，明日重点关注三达膜，沃尔德，瀚川智能，华熙生物，安恒信息，乐鑫科技，微芯生物等板块活跃股，耐心等赚钱效应再度恢复，板块内前期超跌的人气股也是不错的套利方向。Ps:2870下机会大于风险。O机会大于风险", "author": "lesliesay", "time": "lesliesay11月17日10:57 来自微博weibo.com", "transmit": 351, "comment": 144, "zan": 510, "sentiment": [{"positive_prob": 0.861397, "confidence": 0.691993, "negative_prob": 0.138603, "sentiment": 2}]}, {"text": "【#任正非谈不要过度消费国人热情#】在近日的采访中，德国记者表示，华为被中国人民视为国家的骄傲，越来越多的中国人现在选择购买华为手机，希望能帮助华为度过困难时期。任正非对此表示，已经批评了公司内部，不要过度消费国人对我们的热情，要坚持以客户为中心。O任正非：已批评公司内部不要过度消费国人热情​", "author": "新浪科技", "time": "新浪科技11月17日18:41 来自专业版微博", "transmit": 26, "comment": 58, "zan": 403, "sentiment": [{"positive_prob": 0.875905, "confidence": 0.724234, "negative_prob": 0.124095, "sentiment": 2}]}, {"text": "这期我们的歌是不是神仙打架？前辈歌手：@那英#周华健#@蔡健雅黄凯芹新声歌手：@X玖少年团肖战DAYTOY@阿云嘎Musical@火箭少女101_李紫婷蒋一侨你最期待谁的表现？Ps:给华为、荣耀手机安利一个小tips，使用手机自带的#华为视频#直接就能看芒果TV、优酷、腾讯视频的内容，今晚就安排！", "author": "太皇太后您有喜啦", "time": "太皇太后您有喜啦11月17日21:00 来自微博weibo.com", "transmit": 235, "comment": 316, "zan": 739, "sentiment": [{"positive_prob": 0.715329, "confidence": 0.367398, "negative_prob": 0.284671, "sentiment": 2}]}, {"text": "华为云发布的“智慧云脑”瑶光让云操作系统成为了当下热议的话题，可能很多人还没有感受到云为生活带来的改变，悄悄告诉你，这个改变一定比智能手机为生活带来的改变更大，移动支付、共享经济在以“5G+云+AI”的智能世界面前已经不值一提，这个世界的智能化进程速度已经超过我们的想象了。L数码君的秒拍视频", "author": "鍋盖頭司令", "time": "鍋盖頭司令11月17日10:35 来自微博weibo.com", "transmit": 328, "comment": 293, "zan": 642, "sentiment": [{"positive_prob": 0.974971, "confidence": 0.944381, "negative_prob": 0.0250285, "sentiment": 2}]}, {"text": "今天晚霞，#港澳风景摄影#华为p30p，曝光18秒，iso55，EV1.3，第一张滤镜除雾，第二张无滤镜，作者：香港自由行加加​", "author": "香港自由行加加", "time": "香港自由行加加11月17日18:11 来自HUAWEIP30Pro", "transmit": 24, "comment": 106, "zan": 683, "sentiment": [{"positive_prob": 0.39745, "confidence": 0.116777, "negative_prob": 0.60255, "sentiment": 0}]}, {"text": "马云、马化腾、任正非这些大佬们也都是苹果用户，为啥还是有这么多人打着“支持华为”的幌子给华为招黑呢​", "author": "测评君", "time": "测评君11月17日16:15 来自iPhone11ProMax", "transmit": 36, "comment": 102, "zan": 268, "sentiment": [{"positive_prob": 0.363831, "confidence": 0.191486, "negative_prob": 0.636169, "sentiment": 0}]}, {"text": "明星偷税吸毒被原谅，袁隆平买华为手机却被羞辱，这才是时代最大的悲哀！（南木大叔）​", "author": "搞笑笑话榜", "time": "搞笑笑话榜11月17日22:03 来自微博weibo.com", "transmit": 14, "comment": 14, "zan": 375, "sentiment": [{"positive_prob": 0.303415, "confidence": 0.325744, "negative_prob": 0.696585, "sentiment": 0}]}, {"text": "关晓彤都拿到华为MateX了，好羡慕啊！这手机就是好，特显脸小，估计我拿着这机子挡脸，也有差不多的效果吧​", "author": "极客村长", "time": "极客村长11月17日16:44", "transmit": 7, "comment": 206, "zan": 616, "sentiment": [{"positive_prob": 0.744016, "confidence": 0.431146, "negative_prob": 0.255984, "sentiment": 2}]}, {"text": "用了几天华为mate30，做为多年苹果用户，客观说下两者的区别。苹果的王牌还是它的系统，用起来超级顺滑、工整，同样刷微博和朋友圈，苹果更快一丁点，手机打字更平顺，界面更干净，安卓系统总感觉差一点点。苹果的整个软件使用系统确实是最好的，无可匹敌。但苹果致命的缺点，刚好是华为的优点，最严重的问题是电池，我几乎买过每一代苹果旗舰机，电池半年后都痛苦极了，只要出门必带充电宝，感觉被苹果充电宝绑架了一样，十分十分厌烦，充电时间也很漫长。华为的电池不停中轻度使用一天完全没问题，充电时间超级快，我放旁边十几分钟过去看一眼就快充满了。华为的相机确实也比苹果好很多，我在四川乡下用家人的P30拍夜景，真心比苹果拍出来的强十倍，一点也没有夸张，我看到有人说华为拍照失真，个人没有这种感受，只觉得比苹果照片更清晰，更好看。华为的软件系统确实比苹果要弱一点点，苹果系统天下无敌。华为很好抓住了差异性，在苹果最差的领域飞速进步，值得肯定。另外，我的xsmaxs512g是一万一买的，而华为mate305g256g是6200买的。华为性价比更高。", "author": "卢克文", "time": "卢克文11月17日09:11 来自HUAWEIMate30Pro5G", "transmit": 112, "comment": 711, "zan": 3498, "sentiment": [{"positive_prob": 0.974577, "confidence": 0.943505, "negative_prob": 0.0254227, "sentiment": 2}]}, {"text": "华为云发布的瑶光或许是5G商用后的第一大创新，5G时代来了，如果你再不懂云就真的OUT了，5G只是一个联接基础，瑶光提供的智慧化的云才是决胜未来的关键，就像手机能够智能推荐你喜欢的商品和餐厅一样，瑶光可以为企业用户智能推荐更适合的算力，单凭这一点就已经足够革新云服务体验了。L数码君的秒拍视频", "author": "斯坦福桥科技Frank大叔", "time": "斯坦福桥科技Frank大叔11月17日12:00 来自微博weibo.com", "transmit": 150, "comment": 95, "zan": 150, "sentiment": [{"positive_prob": 0.976636, "confidence": 0.94808, "negative_prob": 0.0233642, "sentiment": 2}]}, {"text": "网友戴旭：上午和华为的朋友们交流了中国足球输给叙利亚，里皮辞职的事。里皮说：如果场上球员在场上害怕，没有斗志，没有欲望，没有胆量，不能从容传球，不能体现出训练的东西，那就是主教练的责任。我说：这不是里皮的责任，这是中国的一个社会问题，中国足球男队员身上的这种胆怯萎靡，要从中国青年的整体精神面貌上找，从中国社会的教育导向上找。看看去年开学第一课，就知道我们社会在引导青年往哪里去。新时代的中国不能有新的东亚病夫！#国足##中国足球##中国#", "author": "价值投资日志", "time": "价值投资日志11月17日18:33 来自iPhoneX", "transmit": 88, "comment": 489, "zan": 861, "sentiment": [{"positive_prob": 0.12766, "confidence": 0.716312, "negative_prob": 0.87234, "sentiment": 0}]}, {"text": "【任正非最新采访纪要：华为10月份增长率为17%】15日，华为“心声社区”公开了任正非于11月6日接受德国媒体采访的纪要全文。任正非表示，华为已经不需要美国就能自己解决供应问题。美联社参观展厅时，我们允许他们对每块电路板都拍照，上面已经没有美国的芯片和零部件了。更多：O任正非最新采访纪要：华为10月份增长率为17%​", "author": "21世纪经济报道", "time": "21世纪经济报道11月17日21:30 来自微博weibo.com", "transmit": 24, "comment": 9, "zan": 97, "sentiment": [{"positive_prob": 0.966189, "confidence": 0.924864, "negative_prob": 0.0338111, "sentiment": 2}]}, {"text": "开心的一天，😉在湖北省博物馆体验人文与科技的结合。这次亲眼看到战国时期的曾侯乙编钟和唐代天风海涛古琴，被传统文化震撼。华为Mate30系列用5G助力了两地国宝的“跨时空协奏”，科技真的是让传统文化有了更多的可能性。在山东演奏天风海涛琴的是国家级非物质文化遗产传承人高培芬老师，诸城派古琴第五代传人。", "author": "弥秋君", "time": "弥秋君11月17日22:00", "transmit": 126, "comment": 599, "zan": 4318, "sentiment": [{"positive_prob": 0.991118, "confidence": 0.980263, "negative_prob": 0.00888146, "sentiment": 2}]}, {"text": "#任正非称不要过度消费国人热情#【任正非：已批评公司内部不要过度消费国人热情】日前，华为心声社区发布了一篇任正非与德国媒体的圆桌纪要。德国记者表示，华为被中国人民视为国家的骄傲，越来越多的中国人现在选择购买华为手机，希望能帮助华为度过困难时期。任正非对此表示，已经批评了公司内部，不要过度消费国人对我们的热情，要坚持以客户为中心，把客户体验、客户感知放在第一位。O任正非：已批评公司内部不要过度消费国人热情", "author": "凤凰网财经", "time": "凤凰网财经11月17日18:40 来自微博weibo.com", "transmit": 39, "comment": 154, "zan": 731, "sentiment": [{"positive_prob": 0.755913, "confidence": 0.457585, "negative_prob": 0.244087, "sentiment": 2}]}, {"text": "【炒到9万一部！华为16999元折叠屏手机被抢疯了！有人加价2万回收】面板方面太平洋证券建议关注京东方A、维信诺和TCL，京东方为华为供应可折叠OLED柔性屏，维信诺为小米供应可折叠OLED柔性屏，深天马柔性屏也已经量产。至于折叠屏手机价格，根据国际数据调研机构DSCC预测，到2022年随着良率和产能利用率的提升，价格有望下降到90美元，价格大幅下滑。O炒到9万一部！华为16999元折叠屏手机被抢疯了！有人加价2万回收", "author": "新财富杂志", "time": "新财富杂志11月17日11:35 来自微博weibo.com", "transmit": 59, "comment": 61, "zan": 152, "sentiment": [{"positive_prob": 0.0412736, "confidence": 0.908281, "negative_prob": 0.958726, "sentiment": 0}]}, {"text": "其实我真听不出太大区别……华为苹果稍微好一丢丢？纯主观的综合体验这仨我站FreeBuds3​", "author": "小白测评", "time": "小白测评11月17日13:24", "transmit": 5, "comment": 266, "zan": 1238, "sentiment": [{"positive_prob": 0.363406, "confidence": 0.192431, "negative_prob": 0.636594, "sentiment": 0}]}, {"text": "华为MatePadPro可能是第一款采用挖孔设计的平板电脑，但一定不是最后一款。。。。​", "author": "数码闲聊站", "time": "数码闲聊站11月17日21:54", "transmit": 17, "comment": 300, "zan": 1975, "sentiment": [{"positive_prob": 0.374928, "confidence": 0.166827, "negative_prob": 0.625072, "sentiment": 0}]}, {"text": "【任正非：孟晚舟生活总体是好的相信她能度过考验】日前，华为心声社区发布了一篇任正非与德国媒体的圆桌纪要。德国电台一位记者提问孟晚舟的近况。任正非说，我们通电话次数很少。她妈妈在陪她，她的生活总体还是好的，她的精神状况还是坚强的，我相信她能度过这场考验。O任正非：孟晚舟生活总体是好的相信她能度过考验​", "author": "新浪科技", "time": "新浪科技11月17日18:35 来自专业版微博", "transmit": 7, "comment": 10, "zan": 101, "sentiment": [{"positive_prob": 0.98479, "confidence": 0.9662, "negative_prob": 0.0152098, "sentiment": 2}]}, {"text": "华为出资5个亿，在东莞建设的中学，名叫“清澜山学校”，办学标准中国最高，学费中国最贵，教师团队素质中国最高，招收的学生大部分是华为员工的孩子，按照华为总裁任正非的话说，目标是成为中国排名第一的中学！未来将成为我国基础教育的标杆，让中国摆脱基础教育落后西方的困难局面​", "author": "信通小熊猫", "time": "信通小熊猫11月17日21:56 来自微博HTML5版", "transmit": 75, "comment": 124, "zan": 582, "sentiment": [{"positive_prob": 0.935064, "confidence": 0.855698, "negative_prob": 0.0649358, "sentiment": 2}]}, {"text": "说明一下哈，华为MateX的视频我是在一个数码群里看到的，我也没说那是自己的啊，微博上那么多人发关于这个手机真机图和视频的，有几个是自己亲自上手的？大家都标注来源或说明不是自己的了吗？相反大家不都是在发那张订单截图或者别的图假装自己抢到了，这不就是图一乐吗？如果有人因此跟你较真，你会怎么看对方？还有那个跟他聊天的人不是我，我怎么就盗他视频了？你们只要把网上看到的图片或视频发出来就是盗的？而且这位华为员工我已经跟他说明了原委，他只是“哦”了一声，并没删微博，误导了一些人认为跟他聊天的那个人是我。一些小人也没必要为了故意黑我而去带节奏，只要智商正常的都应该知道我没那手机。不理解为什么又有人因此高潮", "author": "科技新一", "time": "科技新一11月17日09:43", "transmit": 49, "comment": 186, "zan": 1443, "sentiment": [{"positive_prob": 0.0249967, "confidence": 0.944452, "negative_prob": 0.975003, "sentiment": 0}]}, {"text": "#DigiX数字生活节#葫芦丝，最为典型的云南少数民族乐器，富有浓郁的地方色彩。本次华为视频·DigiX艺视界就将邀请著名葫芦丝演奏家李春华老师来到现场与大家分享葫芦丝相关知识，同时也将现场表演葫芦丝经典曲目，带大家领略葫芦丝的独特魅力。转发微博，随机抽送一副华为耳机。​O抽奖详情", "author": "华为终端云服务", "time": "华为终端云服务11月17日15:00 来自微博weibo.com", "transmit": 202, "comment": 72, "zan": 110, "sentiment": [{"positive_prob": 0.985923, "confidence": 0.968717, "negative_prob": 0.0140775, "sentiment": 2}]}, {"text": "【任正非：组织科学家还乡团补“洞”大多数已补好】有德媒记者提问，在华为园区看到一张图片，是一架二战时期被打得千疮百孔的战斗机，为什么选择这样一张图片来比喻华为目前的处境？任正非回答道，在“实体清单”刚出来的时候，偶然在网上看到了这张照片，飞机被打得浑身都是弹孔，但是还在飞。他觉得华为很像这架飞机，也被打得千疮百孔，也还在生存，还在顽强地飞行。O任正非：组织科学家还乡团补“洞”大多数已补好", "author": "新浪科技", "time": "新浪科技11月17日18:52 来自专业版微博", "transmit": 6, "comment": 5, "zan": 77, "sentiment": [{"positive_prob": 0.188646, "confidence": 0.580788, "negative_prob": 0.811354, "sentiment": 0}]}]