[{"text": "【#雷军当场diss华为#：你们就是PPT手机，有现货卖吗？】1月10日，在红米新品发布会上，针对友商吐槽小米手机产量很少，是饥饿营销、PPT手机，小米董事长雷军分析了友商华为和荣耀的手机后说：这不就是PPT手机吗，友商有本事拿现货来卖啊？L老板联播的秒拍视频​", "author": "头条新闻", "time": "头条新闻01月10日16:59 来自微博weibo.com", "transmit": 1947, "comment": 3970, "zan": 3134, "sentiment": [{"positive_prob": 0.140783, "confidence": 0.68715, "negative_prob": 0.859217, "sentiment": 0}]}, {"text": "#清华北大毕业生最大雇主华为#【清华北大毕业生就业：最大雇主华为首选工作地北京】近日，清华大学与北京大学的2018年度毕业生就业质量报告发布。清华大学2018届毕业生共7243人，毕业生就业率为99%；北京大学校本部毕业生合计7548人，就业率为98.81%。就签三方就业人数统计，接收清华大学2018届毕业生最多的单位是华为，总计接收167人（含本、硕、博），其次为腾讯科技，共接收74人，此外，还有众多知名互联网公司招收清华2018届毕业生在20人以上，如网易（41人）、阿里巴巴（38人）、百度（24人），微软（23人）等。O清华北大毕业生就业：最大雇主华为首选工作地北京", "author": "新浪财经", "time": "新浪财经01月10日12:35 来自微博weibo.com", "transmit": 3096, "comment": 1332, "zan": 9401, "sentiment": [{"positive_prob": 0.98554, "confidence": 0.967868, "negative_prob": 0.0144596, "sentiment": 2}]}, {"text": "优雅神秘VS深邃华丽，#华为Mate20#系列全新配色馥蕾红、璨星蓝今日亮相！新一代的红蓝CP将于明天正式开售，哪一个将成为你的新年新配色？O网页链接​", "author": "余承东", "time": "余承东01月10日20:02 来自华为Mate20保时捷设计", "transmit": 80, "comment": 726, "zan": 1019, "sentiment": [{"positive_prob": 0.979507, "confidence": 0.954461, "negative_prob": 0.0204927, "sentiment": 2}]}, {"text": "【雷军霸气回应友商华为荣耀：生死看淡不服就干[机智]】1月10日，雷军在红米Redmi发布会上霸气回应友商的攻击，“生死看淡，不服就干”。还表示友商在过去的几年一直在模仿小米做性价比，说真话性价比和友商无关，他们离小米的差距其实很远。L大佬时间的秒拍视频​", "author": "新浪财经", "time": "新浪财经01月10日15:32 来自专业版微博", "transmit": 132, "comment": 789, "zan": 418, "sentiment": [{"positive_prob": 0.478063, "confidence": 0.56126, "negative_prob": 0.521937, "sentiment": 1}]}, {"text": "【#柳传志再谈5G门#：联想绝对没有卖国，决不做窝囊企业】去年5月，因传闻“5G标准投票，联想投高通不投华为”，联想被指责卖国。@柳传志9日再次回应称，绝不是联想要卖国，自己和杨元庆怎么可能为了利益卖国。他表示，该事件背后确实有着势力在不断推动，当联想的名誉出现危机时，自己必须要站出来。“做个好企业，不等于做个窝囊企业。”@梨视频L老板联播的秒拍视频", "author": "新浪财经", "time": "新浪财经01月10日15:00 来自专业版微博", "transmit": 223, "comment": 725, "zan": 176, "sentiment": [{"positive_prob": 0.0303265, "confidence": 0.932608, "negative_prob": 0.969674, "sentiment": 0}]}, {"text": "【#雷军回应知乎问题#：过去一年没上过知乎跟我没关系】近日有网友发现“雷军”知乎个人主页显示关注了问题，“同样是国产手机，为什么华为是民族品牌，而在印度市场占有率第一的小米却不是民族骄傲?”随后又取消关注了该问题。对此，雷军表示，“知乎账户真的是我开的么？有可能账户都不是我开的。过去一年都没上过知乎，这真的跟我没关系。”O雷军回应取消关注知乎问题：一年多没上知乎了L老板联播的秒拍视频", "author": "新浪财经", "time": "新浪财经01月10日16:20 来自微博weibo.com", "transmit": 117, "comment": 423, "zan": 578, "sentiment": [{"positive_prob": 0.0188457, "confidence": 0.958121, "negative_prob": 0.981154, "sentiment": 0}]}, {"text": "【#雷军当场diss华为#：你们就是PPT手机，有现货卖吗？】1月10日，在红米新品发布会上，针对友商吐槽小米手机产量很少，是饥饿营销、PPT手机，小米董事长雷军分析了友商华为和荣耀的手机后说：这不就是PPT手机吗，友商有本事拿现货来卖啊？@梨视频L老板联播的秒拍视频​", "author": "老板联播", "time": "老板联播01月10日16:04 来自微博weibo.com", "transmit": 1068, "comment": 853, "zan": 787, "sentiment": [{"positive_prob": 0.148799, "confidence": 0.669334, "negative_prob": 0.8512, "sentiment": 0}]}, {"text": "【雷军霸气喊话友商华为荣耀：生死看淡，不服就干，没把你放眼里】1月10日，在红米Redmi发布会上，雷军表示，友商在过去几年也一直在模仿小米做性价比，他们差距离我们其实很远，没把他们放眼里。并霸气回应友商的攻击，“生死看淡，不服就干”。他还说，就不现场拆机比较了，给他们留点面子。@老板联播L老板联播的秒拍视频", "author": "梨视频", "time": "梨视频01月10日16:46 来自微博weibo.com", "transmit": 133, "comment": 388, "zan": 397, "sentiment": [{"positive_prob": 0.147222, "confidence": 0.672841, "negative_prob": 0.852778, "sentiment": 0}]}, {"text": "冬天的主题色是灰色，漫长单调的孤独，让我们的内心轻易被浓郁的色彩吸引。这个冬天，华为Mate20Pro带来全新配色，献给所有女性。玫瑰般的馥蕾红是爱、是温暖、是寒冬里的拥抱；星河般的璨星蓝是独立、是自信，帮你扛过一次次的孤独。愿你们在寒冬里能拥有热烈温暖的拥抱，也能独立自信地向前。​", "author": "莉娜丫头", "time": "莉娜丫头01月10日21:30 来自微博weibo.com", "transmit": 1525, "comment": 1536, "zan": 2405, "sentiment": [{"positive_prob": 0.996709, "confidence": 0.992687, "negative_prob": 0.00329068, "sentiment": 2}]}, {"text": "【@雷军现场diss华为：你们才是PPT手机，有现货卖吗？】1月10日，在红米新品发布会上，针对友商吐槽小米手机产量很少，是饥饿营销、PPT手机，小米董事长雷军分析了友商华为和荣耀的手机后说：这不就是PPT手机吗，友商有本事拿现货来卖啊？@梨视频L老板联播的秒拍视频​​", "author": "新浪科技", "time": "新浪科技01月10日17:32 来自微博weibo.com", "transmit": 120, "comment": 271, "zan": 209, "sentiment": [{"positive_prob": 0.0801924, "confidence": 0.821795, "negative_prob": 0.919808, "sentiment": 0}]}, {"text": "【#雷军diss华为#：你们就是PPT手机，有现货卖吗？】1月10日，在红米新品发布会上，针对友商吐槽小米手机产量很少，是饥饿营销、PPT手机，小米董事长雷军分析了友商华为和荣耀的手机后说：这不就是PPT手机吗，友商有本事拿现货来卖啊？L老板联播的秒拍视频​", "author": "新浪新闻客户端", "time": "新浪新闻客户端01月10日16:37 来自专业版微博平台", "transmit": 43, "comment": 147, "zan": 132, "sentiment": [{"positive_prob": 0.121284, "confidence": 0.73048, "negative_prob": 0.878716, "sentiment": 0}]}, {"text": "【雷军当场diss华为：你们就是PPT手机，有现货吗？】1月10日，在红米新品发布会上，针对友商吐槽小米手机产量很少，是饥饿营销、PPT手机，雷军回怼华为和荣耀说：这不就是PPT手机吗，友商有本事拿现货来卖啊？L老板联播的秒拍视频​", "author": "新浪手机", "time": "新浪手机01月10日17:20 来自微博weibo.com", "transmit": 430, "comment": 1073, "zan": 817, "sentiment": [{"positive_prob": 0.082865, "confidence": 0.815855, "negative_prob": 0.917135, "sentiment": 0}]}, {"text": "【#雷军怼华为#:这不就是PPT手机吗有本事拿现货来卖啊】1月10日，在红米新品发布会上。雷军提到，友商很爱吐槽小米手机产量少，搞饥饿营销，是PPT手机。而在分析友商华为和荣耀的手机后，雷军回怼：这不就是PPT手机吗，友商有本事拿现货来卖啊？O雷军怼华为:这不就是PPT手机吗有本事拿现货来卖啊L财经会议的微博视频​", "author": "新浪财经", "time": "新浪财经01月10日16:58 来自微博weibo.com", "transmit": 94, "comment": 379, "zan": 285, "sentiment": [{"positive_prob": 0.198678, "confidence": 0.558494, "negative_prob": 0.801322, "sentiment": 0}]}, {"text": "【雷军现场diss华为：你们才是PPT手机，有现货卖吗？】1月10日，在红米新品发布会上，针对友商吐槽小米手机产量很少，是饥饿营销、PPT手机，小米董事长雷军分析了友商华为和荣耀的手机后说：这不就是PPT手机吗，友商有本事拿现货来卖啊？@梨视频L老板联播的秒拍视频​​​", "author": "第一财经日报", "time": "第一财经日报01月10日23:10 来自iPhone客户端", "transmit": 174, "comment": 224, "zan": 198, "sentiment": [{"positive_prob": 0.0867664, "confidence": 0.807186, "negative_prob": 0.913234, "sentiment": 0}]}, {"text": "【#雷军发布会diss华为#：你们就是PPT手机，有现货卖吗？】1月10日，在红米新品发布会上，针对友商吐槽小米手机产量很少，是饥饿营销、PPT手机，小米董事长雷军分析了友商华为和荣耀的手机后说：这不就是PPT手机吗，友商有本事拿现货来卖啊？@老板联播L老板联播的秒拍视频​", "author": "梨视频", "time": "梨视频01月10日16:34 来自微博weibo.com", "transmit": 100, "comment": 258, "zan": 261, "sentiment": [{"positive_prob": 0.123337, "confidence": 0.725918, "negative_prob": 0.876663, "sentiment": 0}]}, {"text": "【#雷军回应知乎问题#：过去一年没上过知乎，跟我没关系】8日，雷军的知乎个人主页显示关注了问题：“同样是国产手机，为什么华为是民族品牌，而在印度市场占有率第一的小米却不是民族骄傲？”随后又取消关注了该问题。对此，雷军10日表示，自己已经有一年没上知乎了，跟自己没关系。@梨视频L老板联播的秒拍视频", "author": "Vista看天下", "time": "Vista看天下01月10日17:26 来自微博weibo.com", "transmit": 14, "comment": 87, "zan": 106, "sentiment": [{"positive_prob": 0.0344754, "confidence": 0.923388, "negative_prob": 0.965525, "sentiment": 0}]}, {"text": "【清华北大毕业生就业：最大雇主华为首选工作地北京】近日，清华大学与北京大学的2018年度毕业生就业质量报告发布。就签三方就业人数统计，接收清华大学2018届毕业生最多的单位是华为，总计接收167人（含本、硕、博），其次为腾讯科技，共接收74人，此外，还有众多知名互联网公司招收清华2018届毕业生在20人以上，如网易（41人）、阿里巴巴（38人）、百度（24人），微软（23人）等。录取北京大学毕业生人数排名前列的企业单位有不少与清华大学重合。（新京报）O清华北大毕业生就业：最大雇主华为首选工作地北京", "author": "Vista看天下", "time": "Vista看天下01月10日13:34 来自微博weibo.com", "transmit": 25, "comment": 57, "zan": 143, "sentiment": [{"positive_prob": 0.981032, "confidence": 0.957849, "negative_prob": 0.0189682, "sentiment": 2}]}, {"text": "【雷军发布会现场喊话华为：你们就是PPT手机，有现货卖吗？】1月10日消息，在红米新品发布会上，雷军提到友商很爱吐槽小米手机产量少，搞饥饿营销，是PPT手机。而在分析友商华为和荣耀的手机后，雷军回怼：这不就是PPT手机吗，友商有本事拿现货来卖啊？#风视频#O网页链接L凤凰网视频的微博视频", "author": "凤凰网视频", "time": "凤凰网视频01月10日19:08", "transmit": 103, "comment": 297, "zan": 285, "sentiment": [{"positive_prob": 0.103077, "confidence": 0.77094, "negative_prob": 0.896923, "sentiment": 0}]}, {"text": "【#柳传志再谈5G门#：联想绝对没有卖国，决不做窝囊企业】去年5月，因传闻“5G标准投票，联想投高通不投华为”，联想被指责卖国。@柳传志9日再次回应称，绝不是联想要卖国，自己和杨元庆怎么可能为了利益卖国。他表示，该事件背后确实有着势力在不断推动，当联想的名誉出现危机时，自己必须要站出来。“做个好企业，不等于做个窝囊企业。”@梨视频L老板联播的秒拍视频", "author": "每日经济新闻", "time": "每日经济新闻01月10日12:51 来自搜狗高速浏览器", "transmit": 58, "comment": 168, "zan": 109, "sentiment": [{"positive_prob": 0.0303265, "confidence": 0.932608, "negative_prob": 0.969674, "sentiment": 0}]}, {"text": "内敛典雅的馥蕾红，坚韧耀眼的璨星蓝，#华为Mate20#Pro红蓝新色，演绎女性别样魅力。​", "author": "华为终端官方微博", "time": "华为终端官方微博01月10日19:51 来自微博weibo.com", "transmit": 78, "comment": 136, "zan": 543, "sentiment": [{"positive_prob": 0.979172, "confidence": 0.953715, "negative_prob": 0.0208283, "sentiment": 2}]}, {"text": "刚拿到的截图，推特，那个人说支持逮捕华为孟晚舟，有个人叫kai-fulee点了个赞，该艾特谁呢？​", "author": "椒江叶Sir", "time": "椒江叶Sir01月10日23:22", "transmit": 1525, "comment": 1106, "zan": 282, "sentiment": [{"positive_prob": 0.807142, "confidence": 0.571428, "negative_prob": 0.192858, "sentiment": 2}]}, {"text": "【雷军：别人说小米便宜品质有问题，我气得半死】在1月10日的红米发布会后，小米创始人雷军说，红米独立就是为了在磕高品质，证明不弱于甚至强于友商，有人说小米便宜但品质有问题，他气得半死，小米也不做华为保时捷这样装门面的产品，多少钱就卖多少钱。L老板联播的秒拍视频​​", "author": "新浪科技", "time": "新浪科技01月10日21:30 来自微博weibo.com", "transmit": 51, "comment": 265, "zan": 196, "sentiment": [{"positive_prob": 0.0293551, "confidence": 0.934767, "negative_prob": 0.970645, "sentiment": 0}]}, {"text": "【@雷军：办小米之前是华为铁杆粉丝会背任正非很多讲话】雷军在全新独立品牌红米Redmi发布会采访环节表态，“办小米之前我是华为铁杆粉丝，我会背任正非很多讲话。我也多次跟大家说国产品牌要团结，枪口抬高一尺。”“真的再把我弄急了，我就科普穿孔屏的技术缺陷。”O雷军:办小米之前是华为铁杆粉丝会背任正非很多讲话​", "author": "新浪科技", "time": "新浪科技01月10日20:00 来自微博weibo.com", "transmit": 135, "comment": 333, "zan": 384, "sentiment": [{"positive_prob": 0.91511, "confidence": 0.811356, "negative_prob": 0.0848897, "sentiment": 2}]}, {"text": "红色代表热烈，蓝色则是睿智和优雅的代表。今日华为手机在京举办“红蓝知己”华为Mate20系列新色沙龙，震撼发布HUAWEIMate20Pro馥蕾红与璨星蓝两款全新颜色，力求通过时尚色彩表达对女性的理解，向当代女性的独特、优雅、睿智致敬。李艾、GraceChen、黄超燕、景璐四位当代女性精英代表，于沙龙现场分享了自己对美学与科技的理解和认知。这是与华为“有温度科技”的态度不谋而合，而这也侧面体现出华为Mate20系列对现代女性精神的欣赏与尊重。@华为终端官方微博", "author": "时尚芭莎", "time": "时尚芭莎01月10日21:22", "transmit": 825, "comment": 365, "zan": 1585, "sentiment": [{"positive_prob": 0.975431, "confidence": 0.945403, "negative_prob": 0.0245686, "sentiment": 2}]}, {"text": "【雷军霸气喊话友商华为荣耀：生死看淡，不服就干，没把你放眼里】1月10日，在红米Redmi发布会上，雷军表示，我们的友商在过去几年也一直在模仿小米做性价比，他们差距离我们其实很远，没把他们放眼里。并霸气回应友商的攻击，“生死看淡，不服就干”。他还说，就不现场拆机比较了，给他们留点面子。L老板联播的秒拍视频", "author": "第一财经日报", "time": "第一财经日报01月10日15:54 来自iPhone客户端", "transmit": 126, "comment": 329, "zan": 146, "sentiment": [{"positive_prob": 0.159177, "confidence": 0.646273, "negative_prob": 0.840823, "sentiment": 0}]}, {"text": "20190110唐师曾：华为P20P的缺点独家深入，诸神附体。自摄自话，一镜到底。搜索并关注微信唐师曾实名公众号，或搜索关注peaceducktangL唐师曾的微博视频​", "author": "唐师曾", "time": "唐师曾01月10日13:20 来自微博weibo.com", "transmit": 361, "comment": 194, "zan": 389, "sentiment": [{"positive_prob": 0.952469, "confidence": 0.894376, "negative_prob": 0.047531, "sentiment": 2}]}, {"text": "【雷军霸气喊话友商华为荣耀：生死看淡，不服就干，没把你放眼里】1月10日，在红米Redmi发布会上，雷军表示，我们的友商在过去几年也一直在模仿小米做性价比，他们距离我们其实很远，没把他们放眼里。并霸气回应友商的攻击，“生死看淡，不服就干”。他还说，就不现场拆机比较了，给他们留点面子。O红米Note7定价999元被黑“一分价钱一分货”雷军：这是友商攻击手段L老板联播的秒拍视频（@老板联播）", "author": "每日经济新闻", "time": "每日经济新闻01月10日16:17 来自搜狗高速浏览器", "transmit": 51, "comment": 116, "zan": 149, "sentiment": [{"positive_prob": 0.148231, "confidence": 0.670597, "negative_prob": 0.851769, "sentiment": 0}]}, {"text": "【#柳传志再谈5G门#：联想绝对没有卖国，决不做窝囊企业】去年5月，因传闻“5G标准投票，联想投高通不投华为”，联想被指责卖国。@柳传志9日再次回应称，绝不是联想要卖国，自己和杨元庆怎么可能为了利益卖国。他表示，该事件背后确实有着势力在不断推动，当联想的名誉出现危机时，自己必须要站出来。“做个好企业，不等于做个窝囊企业。”@老板联播L老板联播的秒拍视频", "author": "梨视频", "time": "梨视频01月10日15:10 来自微博weibo.com", "transmit": 67, "comment": 226, "zan": 121, "sentiment": [{"positive_prob": 0.0275681, "confidence": 0.938738, "negative_prob": 0.972432, "sentiment": 0}]}, {"text": "【#雷军取消关注知乎问题#：为什么华为是民族品牌，小米却不是】1月8日，雷军的知乎个人主页显示关注了问题：“同样是国产手机，为什么华为是民族品牌，而在印度市场占有率第一的小米却不是民族骄傲?”目前这条问题下已有500多条回答，但是雷军已取消关注该问题。L老板联播的秒拍视频​", "author": "新浪科技", "time": "新浪科技01月10日03:23 来自微博weibo.com", "transmit": 37, "comment": 175, "zan": 162, "sentiment": [{"positive_prob": 0.0589474, "confidence": 0.869006, "negative_prob": 0.941053, "sentiment": 0}]}, {"text": "【“不服就干！”雷军罕见回怼华为未向董明珠认输】“生死看淡，不服就干！”在红米Redmi发布会上，小米集团创始人、董事长兼CEO雷军一改低调常态回怼竞争品牌华为荣耀，并多次拿红米新款手机Note7和友商产品对比，称“友商和性价比无关。”在接受凤凰网财经启阳路4号等媒体采访中，雷军解释道，“友商真的把我逼急了，大家都在圈子里混，后来我就买了两款友商的手机研究学习。我们成立了独立品牌红米Redmi，每年认真做好几款手机，死磕性价比，教一教对手什么是性价比。”@启阳路4号O“不服就干！”雷军罕见回怼华为未向董明珠认输", "author": "凤凰网财经", "time": "凤凰网财经01月10日22:23 来自专业版微博", "transmit": 33, "comment": 534, "zan": 207, "sentiment": [{"positive_prob": 0.534347, "confidence": 0.313055, "negative_prob": 0.465653, "sentiment": 1}]}]