[{"text": "【棺材、情趣内衣、小提琴……中国超猛小镇横扫全世界】我们可以测试一下，你能不能列举几个中国最有名的，可以达到“垄断”程度的最牛的企业或者地区？大多数人估计都会反应：华为？或者还有能源行业的中石油、中石化？错！中国最牛的地方你根本想不到……而且大多不知名，这些看似名不见经传的小地区、小镇却在各自的行业牢牢控制着世界！O棺材、情趣内衣、小提琴……中国超猛小镇横扫全世界", "author": "新浪财经", "time": "新浪财经04月06日15:27 来自专业版微博", "transmit": 62, "comment": 74, "zan": 147, "sentiment": [{"positive_prob": 0.203039, "confidence": 0.548801, "negative_prob": 0.796961, "sentiment": 0}]}, {"text": "华为P30Pro拍的头发、皮肤、钱币，有点恐怖​", "author": "C科技", "time": "C科技04月06日09:26 来自三星GalaxyS10+", "transmit": 348, "comment": 1868, "zan": 5599, "sentiment": [{"positive_prob": 0.523467, "confidence": 0.530656, "negative_prob": 0.476533, "sentiment": 1}]}, {"text": "华为P30Pro今天在法国（图一二三）、新加坡（图四五六）、马来西亚（图七八九）开卖，全部都排起了长队！华为手机已经是真正的国际品牌了，能让老外抢着买​", "author": "C科技", "time": "C科技04月06日14:23 来自三星GalaxyS10+", "transmit": 46, "comment": 222, "zan": 414, "sentiment": [{"positive_prob": 0.569231, "confidence": 0.0427359, "negative_prob": 0.430769, "sentiment": 2}]}, {"text": "#华为主题#你从春天来，带着工笔写意、水墨油彩。如何让手机变身国风潮牌？你想知道的都藏在这里哦：O网页链接，关注+转评抽送价值200元的名家画册1本。​", "author": "华为终端客服", "time": "华为终端客服04月06日18:35 来自微博weibo.com", "transmit": 481, "comment": 559, "zan": 296, "sentiment": [{"positive_prob": 0.951673, "confidence": 0.892607, "negative_prob": 0.0483268, "sentiment": 2}]}, {"text": "【证监会\"空袭\"华大基因：关联交易连会议培训都不放过】证监会周末“空袭”华大基因，掀开了长期cover在华大基因头上的盖子,让大家看到了华大基因的AB面，被称是基因界的腾讯却没多少利润有说不完的关联交易和利益输送、作为深圳名片的科技公司R&D却连同城的华为零头都没有连财务系统都搞的这么混乱。华大基因董事长汪建看起来像个“疯子”，他要求员工活到100岁，他在公司规定了“三大纪律”：员工中不允许有出生缺陷、不允许肿瘤晚于医院发现、不允许放支架(心脏搭桥)。他反对打宫颈癌疫苗、他说10年内合成人任何生命。现在看来，汪健他一点都没疯，所有这些都是为了炒作，为了他自己那一盘很大的棋。O证监会\"空袭\"华大基因：关联交易连会议培训都不放过", "author": "凤凰网财经", "time": "凤凰网财经04月06日16:46 来自微博weibo.com", "transmit": 703, "comment": 309, "zan": 404, "sentiment": [{"positive_prob": 0.0355515, "confidence": 0.920997, "negative_prob": 0.964449, "sentiment": 0}]}, {"text": "我刚刚去试了华为p30pro的后置摄像头。。。。。。。。。我真的惊呆了我在箭头指的华为店里，能拍到图一我视角背后墙上的字​", "author": "NIKY_BTS", "time": "NIKY_BTS04月06日13:10", "transmit": 640, "comment": 292, "zan": 569, "sentiment": [{"positive_prob": 0.636019, "confidence": 0.191154, "negative_prob": 0.363981, "sentiment": 2}]}, {"text": "华为P30Pro，发现毛孔的美​", "author": "极客村长", "time": "极客村长04月06日09:28", "transmit": 126, "comment": 383, "zan": 2420, "sentiment": [{"positive_prob": 0.725838, "confidence": 0.390752, "negative_prob": 0.274162, "sentiment": 2}]}, {"text": "今天又去新中关华为实体店转了转，顺便问了几个正在体验真机的潜在消费者能不能感受到P30和P30Pro屏幕之间的差异。前后我问了五男一女共六位，结果只有一位小哥表示P30屏幕看着更细腻，色彩和整体观感则没有一人觉得有明显差别。在我明确告知P30Pro屏幕整体素质可能不如P30的情况下，这六位表示还是更想买P30Pro，理由是屏幕更大，可以拍更远。再看看图六我之前说的，是不是大致没差呢？", "author": "晴天披沥", "time": "晴天披沥04月06日22:40 来自iPhoneXSMax(深空灰)", "transmit": 93, "comment": 311, "zan": 314, "sentiment": [{"positive_prob": 0.0131393, "confidence": 0.970802, "negative_prob": 0.986861, "sentiment": 0}]}, {"text": "【#密室大逃脱#02期上线啦】杨幂最佳助攻稳稳到手！邓伦实力演绎精致自救魏大勋脑洞大开笑翻全场，黄明昊火力全开却被音乐支配！告别吃播的谢依霖竟是隐藏的金手？张国伟花式过滑梯，心疼又好笑……爆笑、高能都已准备就绪，只等你来L02期：杨幂邓伦携流浪萌宠出逃​​​上#华为视频#芒果专区，看海量精彩内容，还有华为视频+芒果TV联合会员优惠哦~​", "author": "芒果TV", "time": "芒果TV04月06日12:06", "transmit": 46, "comment": 107, "zan": 413, "sentiment": [{"positive_prob": 0.995082, "confidence": 0.98907, "negative_prob": 0.00491842, "sentiment": 2}]}, {"text": "〈(つ•̀ᴥ•́)つ组鹅反馈华为mate20夜景拍照模式，这个返图真的很棒欸〉​", "author": "八组今天安利什么", "time": "八组今天安利什么04月06日16:20", "transmit": 23, "comment": 225, "zan": 251, "sentiment": [{"positive_prob": 0.747975, "confidence": 0.439944, "negative_prob": 0.252025, "sentiment": 2}]}, {"text": "再买一台小米手机用，我就不用华为，爱国与我有毛线的关系。​", "author": "小道信息", "time": "小道信息04月06日20:40 来自小米手机", "transmit": 37, "comment": 1001, "zan": 741, "sentiment": [{"positive_prob": 0.594902, "confidence": 0.0997819, "negative_prob": 0.405098, "sentiment": 2}]}, {"text": "这可不是某些城市商场排队买奶茶的情景。这是华为P30Pro在法国、新加坡、马来西亚开卖当天所到之处排队抢购的场景。有图有真相，华为牛，国产手机威武！​", "author": "中国IT杂谈", "time": "中国IT杂谈04月06日17:19", "transmit": 13, "comment": 14, "zan": 110, "sentiment": [{"positive_prob": 0.887055, "confidence": 0.749012, "negative_prob": 0.112945, "sentiment": 2}]}, {"text": "谁说，成年人的字典里没有捷径…L华为终端官方微博的秒拍视频​", "author": "华为终端官方微博", "time": "华为终端官方微博04月06日14:25 来自秒拍网页版", "transmit": 36, "comment": 123, "zan": 637, "sentiment": [{"positive_prob": 0.414505, "confidence": 0.0788785, "negative_prob": 0.585495, "sentiment": 0}]}, {"text": "某华为员工在论坛表示在华为待了5年半了，月薪35K，年终奖金20万，年收入70万。但还是想去大厂锻炼一下，却嫌弃腾讯给的工资低了。这是围城么？城里面的人想出去，城外边的人想进去。呆了5年半，拿到了70万的收入，说明一个是能力很强，还有一个是工作业绩很好，还有一个是资历也上来了，但是可能面临天花板了。这时候跳槽怎么总感觉有点作呢？如果跳槽去外边所谓的大厂，腾讯给的初始薪水没有华为高，因为你确实需要在腾讯证明自己特别能干的，需要证明自己的价值的；如果真想出去闯一场，薪资可能就要放在第二位了，毕竟去一家新公司，都是要从零开始的！入职5年半，70万总收入，还想跳槽，还是感觉有点作，大家觉得呢？", "author": "人力资源研究", "time": "人力资源研究04月06日09:36 来自HUAWEIMate9", "transmit": 26, "comment": 101, "zan": 268, "sentiment": [{"positive_prob": 0.0392555, "confidence": 0.912766, "negative_prob": 0.960745, "sentiment": 0}]}, {"text": "有一天，当李宁也可以和三叶草一样等价售卖，当流浪地球让世界知道中国也可以拍科幻片，当华为让世界看到中国科技的进步，当无限法则让欧美游戏用户知道中国除了武侠也可以用自己的引擎做好游戏.....“全华班”的名字出现在世界每一个角落，#别小看全华班#我们终可以发现madeinchina不再等于廉价、猎奇、底层...", "author": "老蒋政治-蒋中挺", "time": "老蒋政治-蒋中挺04月06日11:22", "transmit": 285, "comment": 330, "zan": 520, "sentiment": [{"positive_prob": 0.691931, "confidence": 0.315403, "negative_prob": 0.308069, "sentiment": 2}]}, {"text": "【为啥🍎拍照不如华为？】金融公司数据，🍎XS的后置摄像头成本约34.5美元（231元），华为P30Pro高达56美元（约376元）。换言之，仅相机模组来看，华为是🍎的1.7倍。​", "author": "C科技", "time": "C科技04月06日20:36 来自三星GalaxyS10+", "transmit": 26, "comment": 338, "zan": 350, "sentiment": [{"positive_prob": 0.0834286, "confidence": 0.814603, "negative_prob": 0.916571, "sentiment": 0}]}, {"text": "【证监会\"空袭\"华大基因：关联交易连会议培训都不放过】证监会周末“空袭”华大基因，掀开了长期cover在华大基因头上的盖子,让大家看到了华大基因的AB面，被称是基因界的腾讯却没多少利润有说不完的关联交易和利益输送、作为深圳名片的科技公司R&D却连同城的华为零头都没有连财务系统都搞的这么混乱。华大基因董事长汪建看起来像个“疯子”，他要求员工活到100岁，他在公司规定了“三大纪律”：员工中不允许有出生缺陷、不允许肿瘤晚于医院发现、不允许放支架(心脏搭桥)。他反对打宫颈癌疫苗、他说10年内合成人任何生命。现在看来，汪健他一点都没疯，所有这些都是为了炒作，为了他自己那一盘很大的棋。O证监会\"空袭\"华大基因：关联交易连会议培训都不放过", "author": "中国经营报", "time": "中国经营报04月06日20:00 来自微博weibo.com", "transmit": 127, "comment": 49, "zan": 67, "sentiment": [{"positive_prob": 0.0355515, "confidence": 0.920997, "negative_prob": 0.964449, "sentiment": 0}]}, {"text": "联合国下属的国际电信联盟150年来首位中国籍秘书长赵厚麟表示，美国对华为5G设备的安全指控，是受政治和贸易驱动，而非基于事实证据。“没有任何依据而把华为列入黑名单，我认为这是不公平的。”​", "author": "观察者网", "time": "观察者网04月06日16:03 来自搜狗高速浏览器", "transmit": 46, "comment": 52, "zan": 287, "sentiment": [{"positive_prob": 0.165894, "confidence": 0.631346, "negative_prob": 0.834106, "sentiment": 0}]}, {"text": "今日新加坡（图2~3）、马来西亚（图4~6）#华为P30#首销，场面十分火爆。昨晚居然有人在新加坡华为体验店在彻夜排队（图1）。​", "author": "后湾老施", "time": "后湾老施04月06日12:32 来自HUAWEIP30Pro", "transmit": 8, "comment": 37, "zan": 80, "sentiment": [{"positive_prob": 0.638874, "confidence": 0.197498, "negative_prob": 0.361126, "sentiment": 2}]}, {"text": "【外媒：麻省中止与华为中兴研究合作】外媒称，美国麻省理工学院负责人发布消息称，鉴于美国联邦政府最近的调查，麻省理工学院将停止与中国技术公司华为和中兴的所有研究和资助联系。此前，中国外交部发言人耿爽4日已表示，一向支持中国企业遵循国际规则对外开展经贸等领域的合作，同时遵守当地法律法规，但也要求驻在国政府为中国企业提供一个公平、公正、非歧视的环境。O外媒：麻省中止与华为中兴研究合作", "author": "参考消息", "time": "参考消息04月06日14:18 来自微博weibo.com", "transmit": 64, "comment": 32, "zan": 64, "sentiment": [{"positive_prob": 0.906011, "confidence": 0.791135, "negative_prob": 0.0939894, "sentiment": 2}]}, {"text": "#对TA说晚安##DigiX未知旅行计划#有人说，人生至少要有两次冲动：一场奋不顾身的爱情和一段说走就走的旅行。关于旅行，【你都遇到过哪些”美好的邂逅“？】转评聊聊，小云将随机抽一位送出华为耳机。​", "author": "华为终端云服务", "time": "华为终端云服务04月06日22:00 来自对TA说晚安超话", "transmit": 217, "comment": 231, "zan": 146, "sentiment": [{"positive_prob": 0.976389, "confidence": 0.947532, "negative_prob": 0.0236108, "sentiment": 2}]}, {"text": "任正非回应美国打压华为CNN记者：他的回答“让人惊讶”！L军武季的微博视频​", "author": "军武季", "time": "军武季04月06日08:02 来自阿季专享版Android", "transmit": 84, "comment": 49, "zan": 218, "sentiment": [{"positive_prob": 0.46471, "confidence": 0.294199, "negative_prob": 0.53529, "sentiment": 1}]}, {"text": "这么多人排队买华为，就是因为这个像素？​", "author": "财房博", "time": "财房博04月06日16:47 来自微博weibo.com", "transmit": 5, "comment": 367, "zan": 316, "sentiment": [{"positive_prob": 0.303544, "confidence": 0.325458, "negative_prob": 0.696456, "sentiment": 0}]}, {"text": "太原万达的华为店也可以来逛了，玩了二十分钟店员都没上来问一句话。​", "author": "搞某人", "time": "搞某人04月06日19:35 来自三星GalaxyS10", "transmit": 5, "comment": 118, "zan": 205, "sentiment": [{"positive_prob": 0.436032, "confidence": 0.0310397, "negative_prob": 0.563968, "sentiment": 0}]}, {"text": "碧波瘦水漾清流，文运魁星守千秋。宫灯教坊歌弦夜，十里春风上西楼。春光正好，与#华为Mate20Pro#踏青出游，朋友们知道这是哪里吗？​", "author": "华为中国", "time": "华为中国04月06日11:59 来自微博HTML5版", "transmit": 8, "comment": 35, "zan": 214, "sentiment": [{"positive_prob": 0.534347, "confidence": 0.313055, "negative_prob": 0.465653, "sentiment": 1}]}, {"text": "一个分享。以前用iphone的时候有个非常好的记录体重的软件weightdrop（图1）。很直观，清爽简单，就是时间加体重两个记录，能清楚看到每日每月体重变化。从5s一直用到8，记录都没有丢失，好像是与appleid绑定的。今年年初换了华为mate20pro，一直在寻找一个类似的软件，完全没找到。要么是健身社交平台，要么是记录饮食热量附带记录体重，要么是运动软件附带记录体重，要么是某体重秤的附带app，还掺杂一堆有的没的数据。而我只想拥有一个只记录每天体重变化的app，前两天找到了个体重小本(图2），用起来还行。但我还是喜欢weightdrop那种直观点的。", "author": "不再丰腴", "time": "不再丰腴04月06日09:07 来自Weibo.intl", "transmit": 18, "comment": 68, "zan": 97, "sentiment": [{"positive_prob": 0.962592, "confidence": 0.91687, "negative_prob": 0.0374084, "sentiment": 2}]}, {"text": "【为什么一个手机需要三个镜头？】现在主流旗舰都是三摄，之所以要用三摄是为了满足多样化场景下拍照需求。比如我们说华为P30Pro拍照比🍎好，并不是说所有场景下（光线充足是、低光时、强对比度时、广角、长焦、微距、人像、花朵等等）华为都比🍎强，而是说，大多数场景下华为更强，有部分场景下华为也不如🍎。而要应对复杂的拍照场景就需要三摄或者多摄，比如拍风景和微距用广角就可以，拍300米外东西（变焦）就需要4000W主摄+变焦镜头，拍人像一般是是主摄+广角+tof（有的话）！tof深度镜头在拍照时可以让景深和虚化更优秀！", "author": "C科技", "time": "C科技04月06日21:22", "transmit": 18, "comment": 86, "zan": 229, "sentiment": [{"positive_prob": 0.977255, "confidence": 0.949455, "negative_prob": 0.0227452, "sentiment": 2}]}, {"text": "新加坡P30系列今天首销，挡不住的热情，消费者凌晨就来排队了#华为P30##RewriteTheRules#​", "author": "马筱强", "time": "马筱强04月06日10:04 来自HUAWEIP30Pro", "transmit": 11, "comment": 22, "zan": 64, "sentiment": [{"positive_prob": 0.843834, "confidence": 0.652965, "negative_prob": 0.156166, "sentiment": 2}]}, {"text": "用华为P30Pro五倍光学变焦拍摄的照片，牛不牛？​", "author": "C科技", "time": "C科技04月06日10:13 来自三星GalaxyS10+", "transmit": 20, "comment": 144, "zan": 439, "sentiment": [{"positive_prob": 0.163422, "confidence": 0.636839, "negative_prob": 0.836578, "sentiment": 0}]}, {"text": "支持华为L笑到拔胸毛的微博视频​", "author": "笑到拔胸毛", "time": "笑到拔胸毛04月06日11:31 来自微博视频", "transmit": 16, "comment": 65, "zan": 182, "sentiment": [{"positive_prob": 0.834446, "confidence": 0.632102, "negative_prob": 0.165554, "sentiment": 2}]}]