[{"text": "今天的天津真冷呀，没穿秋裤，但是在nova奇遇照相馆和你们一起过平安夜，很温暖好开心！#华为nova4#蜜语红和圣诞更配哦，好看到可以跟我相比了呢。​", "author": "魏大勋", "time": "魏大勋2018年12月24日22:13", "transmit": 82074, "comment": 28388, "zan": 109733, "sentiment": [{"positive_prob": 0.999942, "confidence": 0.999871, "negative_prob": 5.80476e-05, "sentiment": 2}]}, {"text": "【浙江一企业宣布：#员工买苹果手机将无法晋升#】诸暨陶朱街道的一家公司贴出一则公告朋友圈传疯了……通知中写明：公司及公司员工禁止购买苹果产品，违反员工将失去晋升机会，以及取消相应的补贴。同时鼓励员工买华为产品。管理层，公司给与发票票面价50%的补贴；员工如果已有苹果产品，弃用苹果支持华为，给与25%补贴；普通员工给与20%补贴。对这家企业的做法，你怎么看？L一手video的秒拍视频（来源：@一手video）", "author": "每日经济新闻", "time": "每日经济新闻2018年12月24日08:58 来自微博weibo.com", "transmit": 986, "comment": 6617, "zan": 6324, "sentiment": [{"positive_prob": 0.00760026, "confidence": 0.983111, "negative_prob": 0.9924, "sentiment": 0}]}, {"text": "【浙江一企业宣布：员工#买苹果手机将无法晋升#】日前再有企业宣布抵制苹果手机！浙江一企业贴出一则公告，通知中写明：公司及公司员工禁止购买苹果产品，违反员工将失去晋升机会，以及取消相应的补贴，同时该企业还鼓励员工买华为产品，并晒出丰厚的补贴条件。#你啥看法#O浙江一企业禁员工买苹果手机：违者没晋升机会​", "author": "新浪新闻", "time": "新浪新闻2018年12月24日08:01 来自专业版微博平台", "transmit": 2299, "comment": 8215, "zan": 9682, "sentiment": [{"positive_prob": 0.00350075, "confidence": 0.99222, "negative_prob": 0.996499, "sentiment": 0}]}, {"text": "【浙江一企业宣布：#员工买苹果手机将无法晋升#】诸暨陶朱街道的一家公司贴出一则公告朋友圈传疯了……通知中写明：公司及公司员工禁止购买苹果产品，违反员工将失去晋升机会，以及取消相应的补贴。同时鼓励员工买华为产品。管理层，公司给与发票票面价50%的补贴；员工如果已有苹果产品，弃用苹果支持华为，给与25%补贴；普通员工给与20%补贴。对这家企业的做法，你怎么看？L一手video的秒拍视频", "author": "新浪财经", "time": "新浪财经2018年12月24日09:14 来自专业版微博", "transmit": 509, "comment": 1858, "zan": 1095, "sentiment": [{"positive_prob": 0.00401456, "confidence": 0.991079, "negative_prob": 0.995985, "sentiment": 0}]}, {"text": "【浙江一企业宣布：员工买苹果手机将无法晋升】日前再有企业宣布抵制苹果手机！浙江一企业贴出一则公告，通知中写明：公司及公司员工禁止购买苹果产品，违反员工将失去晋升机会，以及取消相应的补贴，同时该企业还鼓励员工买华为产品，并晒出丰厚的补贴条件↓↓↓。对此，你怎么看？@钱江晚报​", "author": "头条新闻", "time": "头条新闻2018年12月24日10:01 来自微博weibo.com", "transmit": 635, "comment": 5079, "zan": 2561, "sentiment": [{"positive_prob": 0.000715038, "confidence": 0.998411, "negative_prob": 0.999285, "sentiment": 0}]}, {"text": "【浙江一企业宣布：#员工买苹果手机将无法晋升#】日前再有企业宣布抵制苹果手机！浙江一企业贴出一则公告，通知中写明：公司及公司员工禁止购买苹果产品，违反员工将失去晋升机会，以及取消相应的补贴，同时该企业还鼓励员工买华为产品，并晒出丰厚的补贴条件。#你啥看法#O浙江一企业禁员工买苹果手机：违者没晋升机会​", "author": "新浪新闻客户端", "time": "新浪新闻客户端2018年12月24日08:34 来自专业版微博平台", "transmit": 238, "comment": 1900, "zan": 1599, "sentiment": [{"positive_prob": 0.0034282, "confidence": 0.992382, "negative_prob": 0.996572, "sentiment": 0}]}, {"text": "平安夜，@魏大勋空降nova奇遇照相馆，与#华为nova4#蜜语红一起讲述圣诞的甜蜜与浪漫。你的平安夜有什么奇遇？来分享一下吧。​", "author": "华为终端官方微博", "time": "华为终端官方微博2018年12月24日21:43 来自nova4自拍极点全面屏", "transmit": 1662, "comment": 693, "zan": 1289, "sentiment": [{"positive_prob": 0.998546, "confidence": 0.99677, "negative_prob": 0.00145366, "sentiment": 2}]}, {"text": "【#英国多家运营商与华为合作#达成20亿英镑5G协议】英国电信删除华为产品后，另外几大运营商仍与华为合作。EE和沃达丰启动华为5G设备测试，Three与华为签署价值20亿英镑的5G网络建设协议，O2将从1月开始在伦敦200个基站测试华为5G设备。《金融时报》报道，有英国电信业高管表示，禁用华为将使5G的推出推迟9个月至1年。L新京报我们视频的秒拍视频@世面", "author": "新京报我们视频", "time": "新京报我们视频2018年12月24日16:01 来自微博weibo.com", "transmit": 588, "comment": 390, "zan": 1725, "sentiment": [{"positive_prob": 0.998332, "confidence": 0.996294, "negative_prob": 0.00166758, "sentiment": 2}]}, {"text": "陪伴是最长情的告白。华为电源系列，为爱充满每一天！O网页链接关注并转发本微博，说说视频中出现了哪几种华为电源，我将抽送2个华为20000mAh移动电源，周三@微博抽奖平台公布。L华为终端公司的秒拍视频​​​", "author": "余承东", "time": "余承东2018年12月24日20:32 来自华为Mate20保时捷设计", "transmit": 1245, "comment": 932, "zan": 918, "sentiment": [{"positive_prob": 0.999967, "confidence": 0.999926, "negative_prob": 3.3488e-05, "sentiment": 2}]}, {"text": "【下令禁用华为手机？捷克总理亲自澄清了】12月23日，捷克总理巴比什在布拉格会见张建敏大使，双方就中捷关系和共同关心的问题交换意见。　巴比什强调，日前捷有关部门针对中国华为和中兴公司所发布的警告不代表捷政府立场，捷政府部门仓促决定停用华为产品系受警告误导所致。捷国家安全委员会已就此发表声明作出澄清。捷克欢迎包括中国企业在内的外国企业来捷投资经营，将为其提供良好营商环境。（中华人民共和国驻捷克共和国大使馆）O网页链接", "author": "环球时报", "time": "环球时报2018年12月24日10:28 来自微博weibo.com", "transmit": 66, "comment": 247, "zan": 945, "sentiment": [{"positive_prob": 0.299025, "confidence": 0.3355, "negative_prob": 0.700975, "sentiment": 0}]}, {"text": "【浙江一企业宣布：#买苹果手机将无法晋升#】诸暨陶朱街道的一家公司贴出一则公告朋友圈传疯了……通知中写明：公司及公司员工禁止购买苹果产品，违反员工将失去晋升机会，以及取消相应的补贴。同时鼓励员工买华为产品。管理层，公司给与发票票面价50%的补贴；员工如果已有苹果产品，弃用苹果支持华为，给与25%补贴；普通员工给与20%补贴。对这家企业的做法，你怎么看？（钱江晚报）", "author": "新京报", "time": "新京报2018年12月24日08:56 来自360安全浏览器", "transmit": 498, "comment": 1369, "zan": 382, "sentiment": [{"positive_prob": 0.00271046, "confidence": 0.993977, "negative_prob": 0.997289, "sentiment": 0}]}, {"text": "#捷克总理澄清禁用华为手机#捷克也要禁用华为？捷克总理澄清仓促决定停用华为是被误导了，华为回应：拒绝竞争对手不会让自己更好。你们怎么看？LIT科技数码达人的秒拍视频​", "author": "IT科技数码达人", "time": "IT科技数码达人2018年12月24日17:12 来自秒拍网页版", "transmit": 241, "comment": 880, "zan": 2569, "sentiment": [{"positive_prob": 0.00311036, "confidence": 0.993088, "negative_prob": 0.99689, "sentiment": 0}]}, {"text": "现在不兴送iphone了，我准备抽送十部华为保时捷（价格毎部12999元），征集网友们与携程的故事，把携程曾经欺骗你、欺负你、欺诈你、令你无语又恶心的事情说出来，当长则长，当短则短，不可编造杜撰（否则要负法律责任哦）。根据精彩（奇葩）程度，二十天后抽奖送出！​", "author": "张小波", "time": "张小波2018年12月24日11:03 来自iPhone客户端", "transmit": 3876, "comment": 7513, "zan": 2170, "sentiment": [{"positive_prob": 0.000176847, "confidence": 0.999607, "negative_prob": 0.999823, "sentiment": 0}]}, {"text": "【浙江一企业宣布：#员工买苹果手机将无法晋升#】近日，浙江一公司贴出一则公告通知：公司及公司员工禁止购买苹果产品，违反员工将失去晋升机会，以及取消相应的补贴。同时鼓励员工买华为产品。管理层，公司给与发票票面价50%的补贴；员工如果已有苹果产品，弃用苹果支持华为，给与25%补贴；普通员工给与20%补贴。@一手VideoL一手video的秒拍视频", "author": "Vista看天下", "time": "Vista看天下2018年12月24日10:20 来自微博weibo.com", "transmit": 83, "comment": 403, "zan": 134, "sentiment": [{"positive_prob": 0.037916, "confidence": 0.915742, "negative_prob": 0.962084, "sentiment": 0}]}, {"text": "#祝福时刻##好心疼魏大勋#20181224华为手机天津落地活动蜜语只对你说在这个奇妙浪漫的圣诞夜今天好嗨噢～@魏大勋​", "author": "Absolute0412_大發無限", "time": "Absolute0412_大發無限2018年12月24日18:44 来自魏大勋超话", "transmit": 106, "comment": 79, "zan": 416, "sentiment": [{"positive_prob": 0.999908, "confidence": 0.999796, "negative_prob": 9.1838e-05, "sentiment": 2}]}, {"text": "【华帝锦鲤来啦！】即开即热、拥有专利温控舱，抄底价3999元的华帝更新版零冷水热水器、华为Mate20X、戴森吹风机、YSL唇膏……华帝#2019犒劳有新招#，十全十美豪礼独宠1人关注@华帝幸福厨房带话题转发微博，1月4日由@微博抽奖平台揪1个幸运鹅，活动期间多重钜惠等你来！寻鲤启示华帝别样来宠你！​", "author": "华帝幸福厨房", "time": "华帝幸福厨房2018年12月24日00:00 来自微博weibo.com", "transmit": 42338, "comment": 11573, "zan": 10164, "sentiment": [{"positive_prob": 0.999712, "confidence": 0.99936, "negative_prob": 0.000288086, "sentiment": 2}]}, {"text": "【柳传志“上岸了”：联想曾被指控为“卖国贼”】柳传志从来没有退休，一直站在杨元庆身后守着，盯着，撑着。今年5月，联想又经历“至暗时刻”——华为5G投票风波。本身来说，联想近年经营失误，加上长期吃财政补贴和定价歧视，早就遭人诟病，民族情绪的刺激下的消费者立刻升级了对联想的指控，从“美帝良心”升级为“卖国贼”和“买办”。O柳传志“上岸了”：联想曾被指控为“卖国贼”", "author": "新浪财经", "time": "新浪财经2018年12月24日10:09 来自专业版微博", "transmit": 495, "comment": 1057, "zan": 728, "sentiment": [{"positive_prob": 0.509567, "confidence": 0.808655, "negative_prob": 0.490433, "sentiment": 1}]}, {"text": "【英国第二大电信运营商将测用华为5G设备，替换诺基亚】《金融时报》21日称，英国第二大移动通讯运营商O2明年1月将测试华为5G设备。这意味着该国四大移动通讯运营商在5G测试上均选择华为。12月5日，O2公司的用户通讯曾中断12小时之久。O2公司发言人称选择测用华为是希望替换目前使用中的诺基亚设备。​", "author": "新浪军事", "time": "新浪军事2018年12月24日19:20 来自微博weibo.com", "transmit": 81, "comment": 125, "zan": 333, "sentiment": [{"positive_prob": 0.899512, "confidence": 0.776692, "negative_prob": 0.100488, "sentiment": 2}]}, {"text": "魏大勋|#好心疼魏大勋#这个男孩自拍太可爱了吧@魏大勋20181224华为手机落地活动​", "author": "JIARUI0412", "time": "JIARUI04122018年12月24日17:44 来自魏大勋超话", "transmit": 171, "comment": 127, "zan": 387, "sentiment": [{"positive_prob": 0.99742, "confidence": 0.994268, "negative_prob": 0.00257958, "sentiment": 2}]}, {"text": "华为在杜拜哈利法塔BurjKhalifaTower做广告！🐂LGeorge-瓜瓜的微博视频​", "author": "George-瓜瓜", "time": "George-瓜瓜2018年12月24日17:56 来自微博视频", "transmit": 367, "comment": 159, "zan": 1161, "sentiment": [{"positive_prob": 0.941826, "confidence": 0.870725, "negative_prob": 0.0581738, "sentiment": 2}]}, {"text": "【浙江一企业宣布：员工禁买苹果手机违者失去晋升机会】据微信公号“诸暨日报爱诸暨”消息，浙江诸暨一家公司贴出一则公告，朋友圈传疯了。通知中写明：公司及公司员工禁止购买苹果产品，违反员工将失去晋升机会，以及取消相应的补贴；同时鼓励员工买华为产品，报销部分费用。记者核实：确有其事！​", "author": "新浪军事", "time": "新浪军事2018年12月24日12:20 来自微博weibo.com", "transmit": 44, "comment": 466, "zan": 310, "sentiment": [{"positive_prob": 0.0148244, "confidence": 0.967057, "negative_prob": 0.985176, "sentiment": 0}]}, {"text": "【捷克总理说仓促决定停用华为产品系受误导所致】捷克政府总理巴比什23日表示，捷克政府部门仓促决定停用中国华为产品系受有关部门警告误导所致，捷方高度重视两国战略伙伴关系，愿同中方加强经贸往来和务实合作。　　巴比什当天会见中国驻捷克大使张建敏时说，捷克有关部门针对华为和中兴公司所发布的警告不代表捷克政府立场，捷政府部门仓促决定停用华为产品系受警告误导所致。捷克国家安全委员会已就此发表声明作出澄清。　　巴比什说，捷克欢迎包括中国企业在内的外国企业来捷投资经营，将为其提供良好营商环境。他积极评价中国发展成就和捷中关系进展，表示捷方高度重视两国战略伙伴关系，愿同中方进一步加强经贸往来和务实合作。　　张建敏指出，捷克有关部门发布的警告毫无事实根据，造成恶劣影响，中方坚决反对。我们注意到捷克政府为纠正有关错误所作的努力，希望捷方采取有效措施防止类似事件重演，切实维护中国企业合法权益。　　张建敏表示，近年来中捷战略伙伴关系快速发展，各领域交流合作不断深化。中方愿与捷方一道，在相互尊重、互利共赢的基础上加强双边合作，更好造福两国和两国人民。　　本月17日，捷克国家网络与信息安全办公室针对中国民营企业产品发布“安全警示”，其中明确提到华为与中兴两家公司。巴比什随后以安全为由，要求总理府工作人员停止使用华为手机，引起争议。21日，捷克国家安全委员会发表声明，纠正政府的这一错误做法，指出捷克国家网络与信息安全办公室此前发布的“安全警示”不涉及普通用户和终端设备。（记者王义）", "author": "新华视点", "time": "新华视点2018年12月24日21:35 来自微博weibo.com", "transmit": 177, "comment": 205, "zan": 270, "sentiment": [{"positive_prob": 0.0154432, "confidence": 0.965682, "negative_prob": 0.984557, "sentiment": 0}]}, {"text": "魏大勋|#好心疼魏大勋#嗯嗯嗯嗯嗯头箍在我手上了圣诞节快乐啊哥哥@魏大勋20181224华为nova落地活动​", "author": "JIARUI0412", "time": "JIARUI04122018年12月24日19:10 来自魏大勋超话", "transmit": 77, "comment": 116, "zan": 312, "sentiment": [{"positive_prob": 0.984043, "confidence": 0.96454, "negative_prob": 0.0159569, "sentiment": 2}]}, {"text": "【捷克总理当面澄清：仓促决定停用华为是被误导了】据中国驻捷克大使馆24日消息，12月23日，捷克总理巴比什在会见张建敏大使时表示，日前捷有关部门针对中国华为和中兴公司所发布的警告不代表捷政府立场，捷政府部门仓促决定停用华为产品系受警告误导所致。捷国家安全委员会已就此发表声明作出澄清。捷克欢迎包括中国企业在内的外国企业来捷投资经营，将为其提供良好营商环境。", "author": "新浪军事", "time": "新浪军事2018年12月24日07:58 来自微博weibo.com", "transmit": 65, "comment": 89, "zan": 186, "sentiment": [{"positive_prob": 0.113735, "confidence": 0.747255, "negative_prob": 0.886265, "sentiment": 0}]}, {"text": "●华为代言人动态｜胡歌官方否认领证结婚！有网友爆料称胡歌和章乐韵已经领证结婚。对此，胡歌官方坚决否认！接下来将出席12月26日，华为荣耀V20的北京发布会。击碎谣言，老胡还是安心工作吧#华为##胡歌方否认结婚##荣耀V20#​", "author": "建华Wei业", "time": "建华Wei业2018年12月24日09:04 来自胡歌超话", "transmit": 133, "comment": 187, "zan": 933, "sentiment": [{"positive_prob": 0.980562, "confidence": 0.956805, "negative_prob": 0.0194377, "sentiment": 2}]}, {"text": "【华为回应孟晚舟事件：公司业务不受个案影响，今年收入将首超1000亿美元】距离孟晚舟获释已过去十多天，但该事件的影响仍未消散。一些国家对华为的网络安全提出质疑和担忧，甚至一些美国的联盟国家对华为直接开出禁入令。而部分国内外媒体针对5G的不实报道，也让公司内部受到舆论煎熬。在庭审期间一直保持克制的华为，最近开始主动发声，对内安抚，对外回应。O华为回应孟晚舟事件：公司业务不受个案影响，今年收入将超1000亿美元", "author": "中国新闻周刊", "time": "中国新闻周刊2018年12月24日16:02", "transmit": 24, "comment": 57, "zan": 151, "sentiment": [{"positive_prob": 0.00109943, "confidence": 0.997557, "negative_prob": 0.998901, "sentiment": 0}]}, {"text": "为失聪儿童“绘声绘色”地展现一本读物，这是华为StorySign给这些孩子们的特别圣诞礼物。凭借华为手机强大的人工智能，StorySign可将书面文字翻译成准确的手语由一个名为Star的动画角色在屏幕上传达，帮助聋哑和听力障碍儿童享受睡前故事阅读，帮助这些孩子学习、交流。感谢AI智能，让知识分享更公平。O网页链接L华为终端公司的秒拍视频", "author": "徐钦松Jim", "time": "徐钦松Jim2018年12月24日21:08 来自HUAWEIMate20Pro", "transmit": 118, "comment": 83, "zan": 596, "sentiment": [{"positive_prob": 0.999979, "confidence": 0.999953, "negative_prob": 2.1133e-05, "sentiment": 2}]}, {"text": "#华为终端全球荟#世界上有着各种声音，而有些人却天生就失去“听见”的权利。华为联合欧洲聋哑人联盟等，研发出聋哑儿童专属阅读应用——StorySign，利用手机强大的AI功能，将书中文字转化为手语，让更多聋哑儿童也能享受读书的乐趣。AI智慧让生活更美好，感谢一路支持。L华为终端公司的秒拍视频​", "author": "华为终端公司", "time": "华为终端公司2018年12月24日18:07 来自微博weibo.com", "transmit": 137, "comment": 85, "zan": 304, "sentiment": [{"positive_prob": 0.999978, "confidence": 0.99995, "negative_prob": 2.23342e-05, "sentiment": 2}]}, {"text": "#止戈锐评#【华为又拿下两个5G大单】最新消息，华为又拿下马来西亚和韩国两个5G大单。马来西亚的5G通讯工作组已经邀请华为集团以及中信集团参与，为马来西亚国内的5G网络建设商议。同时，也在为2019年5G网络搭建工作做准备。韩国农协银行宣布旗下超过800家分行都会使用来自华为的设备，采购规模已突破1000亿韩元，而这仅仅是合作的开始。目前，华为集团已经在全世界范围内拿下了25个5G网络商用订单。华为CEO任正非高度重视基础研究，十几年来华为旗下聚集了全球三、四千名顶尖科学家和业内专家。下一步华为将与国内大学合作，一起推动基础研究与试验，从而实现部分核心要素自主掌控。而针对华为所谓的“五眼联盟”，实质上是一个政治黑恶团伙。面对这种国家政治绞杀合法企业的非法行为，中国必须予以针锋相对和行之有效还击。首先挑出澳大利亚和新西兰进行市场禁入，让其痛彻骨髓而学会做人。看好华为！", "author": "止戈从文", "time": "止戈从文2018年12月24日01:08 来自止戈锐评Android", "transmit": 209, "comment": 115, "zan": 150, "sentiment": [{"positive_prob": 0.99797, "confidence": 0.995488, "negative_prob": 0.00203016, "sentiment": 2}]}, {"text": "【捷克总理下令禁用华为手机？他亲自澄清了】12月23日,捷克总理巴比什在布拉格会见张建敏大使,双方就中捷关系和共同关心的问题交换意见。巴比什总理积极评价中国发展成就和捷中关系取得的进展,表示捷方高度重视两国战略伙伴关系,愿同中方进一步加强经贸往来和务实合作。O捷克总理下令禁用华为手机？他亲自澄清了​", "author": "环球网", "time": "环球网2018年12月24日09:08", "transmit": 25, "comment": 42, "zan": 103, "sentiment": [{"positive_prob": 0.922726, "confidence": 0.82828, "negative_prob": 0.0772738, "sentiment": 2}]}]