[{"text": "#快本超时营业中#准时上线营业！@蔡徐坤酒店换装自曝最爱豹纹和花衬衫，《young》多场景混剪带你感受舞台王者气场，@李现ing挥手回应粉丝应援超暖心，倾情献唱《曹操》展隐藏技能更多精彩未播花絮，快戳链接看起来！芒果TV会员尊享《快本超时营业中》每周日中午12:00，等你光顾L《快本超时营业中》03期：蔡徐坤上演变装秀李现小细节尽显绅士风范上#华为视频#芒果专区，看海量精彩内容，还有华为视频+芒果TV联合会员优惠哦！", "author": "芒果TV", "time": "芒果TV11月03日12:00 来自微博weibo.com", "transmit": 1047, "comment": 1376, "zan": 43935, "sentiment": [{"positive_prob": 0.995845, "confidence": 0.990766, "negative_prob": 0.00415511, "sentiment": 2}]}, {"text": "#你为什么会单曲循环一首歌#因为海龟先生MV里藏了很多彩蛋，找齐所有彩蛋@苏宁易购送华为Mate30Pro！为了找彩蛋我循环了7遍，藏得也太深了，我只找到了视频39秒处墙上的二维码，没想到真的能扫其他的就靠大家了。 #苏宁11.11#高清MV戳：O网页链接L苏宁易购的秒拍视频​", "author": "回忆专用小马甲", "time": "回忆专用小马甲11月03日14:50 来自微博weibo.com", "transmit": 689, "comment": 636, "zan": 1703, "sentiment": [{"positive_prob": 0.948663, "confidence": 0.885918, "negative_prob": 0.0513369, "sentiment": 2}]}, {"text": "#华为研发员工投诉食堂#【投票：你觉得公司食堂怎么样？】近日，华为员工投诉食堂伙食差、定价高、服务不到位，受到广泛关注。对于公司食堂，你看法如何？欢迎投票，欢迎评论~你对公司的食堂满意吗？​", "author": "新浪科技", "time": "新浪科技11月03日13:31 来自微博weibo.com", "transmit": 15, "comment": 51, "zan": 2766, "sentiment": [{"positive_prob": 0.0279588, "confidence": 0.937869, "negative_prob": 0.972041, "sentiment": 0}]}, {"text": "#鬼灭之刃##富冈义勇##COS#试妆CN：LALA二世≈≈≈≈≈≈≈≈≈水≈之≈呼≈吸≈≈≈≈≈≈≈≈≈≈因病迟来的试妆，虽没好全但不拖啦！在家用手机自拍！华为牛逼！手机出片！！！服装感谢：@三分妄想最后，有句话一定要说：虽然本人长期鸽，已成过气靠色儿，但是，我才没有被讨厌~​", "author": "LALA二世", "time": "LALA二世11月03日12:00 来自微博weibo.com", "transmit": 1353, "comment": 581, "zan": 3572, "sentiment": [{"positive_prob": 0.787005, "confidence": 0.526678, "negative_prob": 0.212995, "sentiment": 2}]}, {"text": "华为的一位骨干人员提出离职，任正非多次恳劝他留下来，结果都以失败告终，任正非只好死心，却迟迟不同意他的离职申请。眼看着这位骨干人员的离职申请一天天不通过，很多人都觉得任正非有些莫名其妙：员工不愿意留下，迟迟不通过离职申请，难道还能硬留不成？最后，任正非在过了12月31日后同意了那位骨干人员的离职申请。原因是华为规定：在每年12月31日前离职的员工一律不能够得到年终奖。于是，任正非通过迟迟不同意离职申请的方式，让那位骨干拿到了200万年终奖之后才离职。【授人以渔啊】企业或者是公司都是以利益为重，而任正非却打破常规，将员工的利益放在第一位，实在是令人敬佩！任正非的利他思维，吸引了大量的人才走进华为。任正非的不自私、以员工的利益为重，深深地赢得了员工的心。对此事，你有什么看法呢？欢迎评论区留言~", "author": "人力资源研究", "time": "人力资源研究11月03日20:00 来自iPhoneXR", "transmit": 637, "comment": 1324, "zan": 6214, "sentiment": [{"positive_prob": 0.0508895, "confidence": 0.886912, "negative_prob": 0.94911, "sentiment": 0}]}, {"text": "#小北接陈念出狱镜头#那女孩对我说说我保护她的梦说这个世界对她这样的不多说好了保护你，那就是一辈子的事@TFBOYS-易烊千玺L那女孩对我说四字四字弟弟yyqx唱歌yyqx跳舞帅好看好听szdd四字四字好看四字帅四字唱歌好听yyqx华为yyqx帅yyqxcasescyyqx对不起yyqx千禧龙yyqxqxlyyqxinsyyqxdvyyqx舞台yyqxysfyyqxcasescyyqx猫yyqx​​​​易烊千玺粉丝四字街舞四字封面千纸鹤znjj", "author": "大红璽", "time": "大红璽11月03日23:45 来自易烊千玺超话", "transmit": 3237, "comment": 990, "zan": 10400, "sentiment": [{"positive_prob": 0.970738, "confidence": 0.934973, "negative_prob": 0.0292622, "sentiment": 2}]}, {"text": "#瑞士旅行#用我的华为破mate20手机拍的素材，之前瑞士旅游的，最向往的地方之一2瑞士​", "author": "酚酞_FOM", "time": "酚酞_FOM11月03日12:06 来自HUAWEIMate20Pro", "transmit": 76, "comment": 20, "zan": 175, "sentiment": [{"positive_prob": 0.842457, "confidence": 0.649904, "negative_prob": 0.157543, "sentiment": 2}]}, {"text": "#华为畅享#10现已全面开售，极光蓝+天空之境绝美配色，展现自然之美，4800万超清夜景拍摄，记录世界，记录更清晰的夜晚。​", "author": "全是全景", "time": "全是全景11月03日20:25 来自微博weibo.com", "transmit": 104, "comment": 367, "zan": 374, "sentiment": [{"positive_prob": 0.996141, "confidence": 0.991425, "negative_prob": 0.0038589, "sentiment": 2}]}, {"text": "李健#不止是李健演唱会##李健演唱会#超近距离狙击！慎点！为了六场演唱会特意换的手机没白换！！！！！！！大华为🐮🍺！！！L小柒会成为更好的自己的微博视频​", "author": "小柒会成为更好的自己", "time": "小柒会成为更好的自己11月03日01:14 来自李健超话", "transmit": 172, "comment": 110, "zan": 528, "sentiment": [{"positive_prob": 0.873324, "confidence": 0.718498, "negative_prob": 0.126676, "sentiment": 2}]}, {"text": "这一次，我们用探索的脚步唱响《我爱你，中国》，当然还有向往和景仰，骄傲和自豪，欢呼和雀跃，我们释放新时代蓬勃的探索力。请和我一起回忆这份美好，并期待下一次和#华为WatchGT#2#只管去跑#，一起探索更远的远方。L黑猫的黑的微博视频​", "author": "黑猫的黑", "time": "黑猫的黑11月03日23:10 来自微博weibo.com", "transmit": 2609, "comment": 2583, "zan": 12199, "sentiment": [{"positive_prob": 0.977083, "confidence": 0.949074, "negative_prob": 0.0229166, "sentiment": 2}]}, {"text": "光大这篇研报，基本上把tws耳机说清楚了。(1)Apple用专利封锁了监听模式，其他安卓厂家采用的转发模式都有缺点(2)白板机并不是靠侵犯Apple的专利来实现山寨，而是联发科旗下的络达电子通过硬件技术来绕开Apple的专利。(3)高通和华为也在做类似尝试，但是目前只适配自家芯片的终端，论通用性，还是白板机更强一点。当然，白板机也有缺点，就是华强北每个月都会迭代一次，所以买完就别再看，不然总觉得买亏了。", "author": "历史的进城", "time": "历史的进城11月03日18:36 来自历史的进城Android", "transmit": 284, "comment": 53, "zan": 213, "sentiment": [{"positive_prob": 0.909177, "confidence": 0.79817, "negative_prob": 0.0908234, "sentiment": 2}]}, {"text": "今天分享一些Mate30Pro的操作对于老苹果用户来说好多东西真的很稀奇世间万物没有东西是完美的只要你自己喜欢就好#华为mate30##华为mate305g开售#LJo陳帥的微博视频​", "author": "Jo陳帥", "time": "Jo陳帥11月03日20:21 来自微博视频", "transmit": 42, "comment": 228, "zan": 553, "sentiment": [{"positive_prob": 0.949975, "confidence": 0.888834, "negative_prob": 0.0500246, "sentiment": 2}]}, {"text": "在乌镇寻找最诗意的梦，#华为Mate30#5G带你看#乌镇戏剧节#，近距离感受艺术之美。​​​​", "author": "华为终端官方微博", "time": "华为终端官方微博11月03日14:00 来自微博weibo.com", "transmit": 24, "comment": 82, "zan": 457, "sentiment": [{"positive_prob": 0.977598, "confidence": 0.950217, "negative_prob": 0.0224024, "sentiment": 2}]}, {"text": "【伙食差、定价高、服务不到位？#华为研发员工投诉食堂#】轮值CEO徐直军回复：为民请命的干部不成熟，可以抽调去帮厨三个月，以去实践他的建议；我们研发人员不要做葛朗台式的入物，一个连自己每天的基本生活都不愿花钱保障的人，对别人服务百般挑剔的人，怎么会有人喜欢。O伙食差、定价高、服务不到位？华为研发员工投诉食堂​", "author": "新浪科技", "time": "新浪科技11月03日11:30 来自微博weibo.com", "transmit": 46, "comment": 158, "zan": 700, "sentiment": [{"positive_prob": 0.00196473, "confidence": 0.995634, "negative_prob": 0.998035, "sentiment": 0}]}, {"text": "#大叔的爱第二季#马来西亚的夜景，手机随手拍。雨季的马来西亚，被雨水冲刷过后的天空干净透亮，夜幕降临时分，可以看到很美的夜空，大海，城市，酒店，度假区，让人迷醉的美。第一个晚上入住在马六甲thepines松闲酒店，阳台可以看到很美的城市夜景，晚上吃完饭后在松闲酒店的码头游马六甲河，蜿蜒入海，两岸都是各种小清新的壁画。第二个晚上，看了马六甲的史诗表演《又见马六甲》，深入去了解马六甲的历史，娘惹文化，多元文化融合，六个妈妈的故事。表演结束后，在剧场的海边看到了醉美的晚霞。第三个晚上，在新山迪沙鲁度假区，入住在摇滚风的hardrock酒店，吉他🎸最为代表性，晚上在大堂吧看乐队的liveshow，太过瘾了。第四个晚上，在乐高乐园度假酒店，好吧，没拍夜景。第五个晚上，吉隆坡下大雨，还是坚持打卡一下双子塔，在雨中的夜色里，显得格外雄伟壮观。以上图片均为华为Mate30Pro，夜景细节很清晰，人像也让人满意，不愧是一代机王。#打卡最美风景线#2马来西亚·迪沙鲁图纳码雅海滩及水疗度假村(TunamayaBeach&SpaResort–DesaruCoast)", "author": "菜尾蝗-旅行摄影", "time": "菜尾蝗-旅行摄影11月03日21:51 来自mate30proAndroid", "transmit": 45, "comment": 67, "zan": 120, "sentiment": [{"positive_prob": 0.987705, "confidence": 0.972679, "negative_prob": 0.0122947, "sentiment": 2}]}, {"text": "据外媒Wccftech消息，三星解散自研CPU团队，未来将会使用ARM架构。分析师PatrickMoorhead认为：三星近几代的自研核心性能不错，但耗电问题始终没能较好的解决。近几年有些公司就为了降低海思麒麟的技术高度，一直在操控舆论攻击海思，一是芯片沙子价，再者就是芯片公版论。说芯片沙子价流片的钱都付不起，芯片还是最原始的状态——沙子，只有“傻子”才相信芯片会“沙子”价。说芯片公版论的结果自家的芯片因为各方面干不过他们口中的“公版”，不得不回归ARM架构，这是多大的讽刺！他们自己的说的话一次次被现实打的脸通红，做芯片哪有他们说的容易，一把沙子+公版架构？世界上能自己做手机芯片的有几家？全靠国内外同行衬托，我们才更能感觉到华为海思做芯片的艰难和不易，一家企业独自对抗西方和打破西方垄断技术，堪称伟大！#华为##科技#", "author": "建华Wei业", "time": "建华Wei业11月03日12:22 来自HUAWEIMate20Pro", "transmit": 30, "comment": 140, "zan": 969, "sentiment": [{"positive_prob": 0.120381, "confidence": 0.732487, "negative_prob": 0.879619, "sentiment": 0}]}, {"text": "#欧莱雅朱一龙#拜拜！朱一龙！真帅！华为p30还可以，就是太抖了，包妹们太激动了把我抖得慌@朱一龙​", "author": "小笼包要加很多醋", "time": "小笼包要加很多醋11月03日20:52 来自朱一龙超话", "transmit": 172, "comment": 26, "zan": 125, "sentiment": [{"positive_prob": 0.82107, "confidence": 0.602377, "negative_prob": 0.17893, "sentiment": 2}]}, {"text": "【美食拍照对比】从左往右依次为iPhone11ProMax，三星Note10+，坚果Pro3，华为Mate30Pro，你们感受一下​", "author": "科技新一", "time": "科技新一11月03日13:11", "transmit": 21, "comment": 230, "zan": 446, "sentiment": [{"positive_prob": 0.73193, "confidence": 0.404289, "negative_prob": 0.26807, "sentiment": 2}]}, {"text": "自从去了华为西安食堂，对凉皮一直念念不忘，已经回响了好几次了。感谢连锁店，让我在北京可以吃到全国各地的好吃的✌️​", "author": "钟文泽", "time": "钟文泽11月03日13:26 来自普通家庭iPhone11ProMax", "transmit": 19, "comment": 183, "zan": 852, "sentiment": [{"positive_prob": 0.989758, "confidence": 0.977241, "negative_prob": 0.0102415, "sentiment": 2}]}, {"text": "#你为什么会单曲循环一首歌#因为彩蛋太难找了，来回看了好几回，终于在1：09处发现了一个彩蛋，员工的名字竟然是个密码？！在苏宁易购app上输入，竟然还有惊喜！MV里还有好几个，找齐所有彩蛋 @苏宁易购送华为Mate30Pro！其他的就靠大家了。 #苏宁11.11#高清可以戳：O网页链接L苏宁易购的秒拍视频", "author": "我朋友是个奇葩", "time": "我朋友是个奇葩11月03日14:45 来自微博weibo.com", "transmit": 196, "comment": 411, "zan": 988, "sentiment": [{"positive_prob": 0.291244, "confidence": 0.352791, "negative_prob": 0.708756, "sentiment": 0}]}, {"text": "这是今天那个华为P30Pro对比iPhone11Pro暗光成像的视频，原视频删了（原因未知）。很显然，我保存了。L王员外的微博视频​", "author": "王员外", "time": "王员外11月03日19:17 来自真香警告", "transmit": 89, "comment": 171, "zan": 517, "sentiment": [{"positive_prob": 0.46018, "confidence": 0.203609, "negative_prob": 0.53982, "sentiment": 1}]}, {"text": "【任正非：华为已经可以不用一块美国芯片】10月30日，埃及《金字塔报》发表该报总编辑阿拉•萨比特的文章《对话任正非：美国制裁不能阻止我们的进步，反而使我们受益良多》。任正非表示，美国限制华为公司的发展，反而使员工更加团结，更加努力地工作，华为已经能“不用一块美国芯片”生产出100%中国制造的产品。但是，他也强调与其他国家合作的重要性。他说：“我们会耐心等待，但同时也会继续我们的研发，这是对目前困难的正确反应。”L老板联播的微博视频", "author": "香港商報網", "time": "香港商報網11月03日01:42 来自微博weibo.com", "transmit": 52, "comment": 71, "zan": 253, "sentiment": [{"positive_prob": 0.943266, "confidence": 0.873924, "negative_prob": 0.0567341, "sentiment": 2}]}, {"text": "#你为什么会单曲循环一首歌#这不是为了找海龟先生藏在MV里的彩蛋嘛！我尽力了，只找到这一个，攻略放这里了，据说一共6个，找齐所有彩蛋@苏宁易购送华为Mate30Pro一台！其他的靠你们了#苏宁11.11#高清MV：O网页链接​", "author": "胡图图ss", "time": "胡图图ss11月03日14:50 来自微博weibo.com", "transmit": 85, "comment": 155, "zan": 208, "sentiment": [{"positive_prob": 0.745345, "confidence": 0.4341, "negative_prob": 0.254655, "sentiment": 2}]}, {"text": "华为mate3Pro刘海隐藏之后，并没有不隐藏有个性​", "author": "数码疯报", "time": "数码疯报11月03日12:33", "transmit": 33, "comment": 479, "zan": 1091, "sentiment": [{"positive_prob": 0.510132, "confidence": 0.797355, "negative_prob": 0.489868, "sentiment": 1}]}, {"text": "网友求助：苹果11Promax和华为mate30pro5g哪个值得买？说说你的意见​", "author": "IT科技侠", "time": "IT科技侠11月03日13:48 来自微博weibo.com", "transmit": 21, "comment": 683, "zan": 1678, "sentiment": [{"positive_prob": 0.743945, "confidence": 0.430988, "negative_prob": 0.256055, "sentiment": 2}]}, {"text": "美国人对抖-音国际版启动安全调查，本质上还是科技战和战略打压一部分，和打压华为、超级计算机公司、AI公司一模一样，借口也是已经被用烂什么国家安全。这是美国非常阴毒掐尖战略，哪个中国公司冒头打那个。刚好TIKTOK是中国国际化最好的社交APP，吊打BAT一众APP。美国人自己领先的就叫嚣贸易自由，要是被中国公司领先就喊国家安全，非常的无耻和无赖。而TIKTOK如果真被美国加入实体清单，那基本上要宣告iOS版本废了，因为苹果可以要下架，唯一就是安卓还有点生机，因为自由安装，不上谷歌市场就是。", "author": "HW前HR", "time": "HW前HR11月03日18:07 来自HUAWEIMate30Pro5G", "transmit": 135, "comment": 214, "zan": 947, "sentiment": [{"positive_prob": 0.633836, "confidence": 0.186301, "negative_prob": 0.366164, "sentiment": 2}]}, {"text": "今天真是太太太惊喜了，无意中发现了海龟先生新MV中的一个彩蛋（电话号码），还真有人回复！送了我一张海龟先生的签名照！大家快一起来试试，据说找齐所有6个彩蛋@苏宁易购送华为Mate30Pro一台！#你为什么会单曲循环一首歌##苏宁11.11#高清MV链接：O网页链接​", "author": "魏泽楷", "time": "魏泽楷11月03日16:10 来自微博weibo.com", "transmit": 266, "comment": 381, "zan": 890, "sentiment": [{"positive_prob": 0.943539, "confidence": 0.874531, "negative_prob": 0.0564609, "sentiment": 2}]}, {"text": "华为p30p用了两个多月了，拍照功能并没有想象中的那么理想。可能是之前网上口碑有点太好，提高了我的期待值，总想有些场合手机可以代替单反拍照（单反实在是太沉了，背着爬山真是个噩梦）。其实是我想的太多了，价值规律永远是颠簸不破的真理，单反的一个镜头就要比这手机贵了，也没理由能指望手机达到单反的效果。说华为手机拍照好，其实很大程度上依靠AI自动美化这个功能。但是这个功能中老年人发朋友圈比较合适，不太符合我的审美，因为它普遍把饱和度提的很高。尤其是拍一些绿树、草地的景色，那个绿色饱和度高的特别假。再比如拍下面这些食物，实在是懒得把相机拿出来了就用手机拍一拍，效果竟然显得有些恶心。用力过猛也未必是一件好事啊。2杭州", "author": "赵皓阳-Moonfans", "time": "赵皓阳-Moonfans11月03日15:51 来自HUAWEIP30Pro", "transmit": 27, "comment": 112, "zan": 472, "sentiment": [{"positive_prob": 0.293864, "confidence": 0.346969, "negative_prob": 0.706136, "sentiment": 0}]}, {"text": "在运动的时候为什么不能酣畅淋漓全身心投入？是担心消息经常看不见？还是手机电话老是漏接？这都不是事儿，有了手机与#华为WatchGT#2联动，举手投足间，小事全搞定，运动起来更舒心！L华为中国的微博视频​", "author": "华为中国", "time": "华为中国11月03日07:00 来自微博weibo.com", "transmit": 24, "comment": 24, "zan": 169, "sentiment": [{"positive_prob": 0.540085, "confidence": 0.198306, "negative_prob": 0.459915, "sentiment": 1}]}, {"text": "近日，据媒体报道，有华为研发员工投诉食堂伙食差、定价高、服务不到位，甚至有干部为民请命。对此华为轮值CEO徐直军回复《告研发员工书》，表示：当事干部“可以抽调去帮厨三个月，以去实践他的建议，直到实现再回到研发岗位”。​", "author": "月光博客", "time": "月光博客11月03日12:47 来自微博weibo.com", "transmit": 137, "comment": 179, "zan": 561, "sentiment": [{"positive_prob": 0.0159227, "confidence": 0.964616, "negative_prob": 0.984077, "sentiment": 0}]}]