[{"text": "【“任正非：感谢特朗普，他一吓唬公司，大家都努力工作了】华为“心声社区”24日公布了任正非接受北欧媒体采访的纪要。任正非在采访时被多次问及有关特朗普的问题，他说自己很感谢特朗普。“因为华为公司经历三十年，绝大多数员工开始富裕了，有一种富裕病就是惰怠、享受安逸。任正非说，以前是我吓唬大家，但是我的棒子不够厉害，特朗普棒子大，一吓唬，大家都真真实实努力工作了。”L燃新闻的秒拍视频@燃新闻", "author": "环球时报", "time": "环球时报10月27日19:30 来自微博weibo.com", "transmit": 212, "comment": 228, "zan": 2684, "sentiment": [{"positive_prob": 0.861236, "confidence": 0.691636, "negative_prob": 0.138764, "sentiment": 2}]}, {"text": "今天是#国际熊猫日#，给大家送上一组团子照片，也太美好了吧！转评本条，并说出你爱滚滚的一个理由，月底将选出3位幸运的守护者送出华为充电宝一台，快来参与吧@华为终端官方微博​O抽奖详情​", "author": "熊猫守护者", "time": "熊猫守护者10月27日10:00 来自微博weibo.com", "transmit": 1768, "comment": 1481, "zan": 4999, "sentiment": [{"positive_prob": 0.954121, "confidence": 0.898046, "negative_prob": 0.0458792, "sentiment": 2}]}, {"text": "华为总裁任正非公开的有两段婚姻，子女们很优秀。第一段和孟军，女儿孟晚舟为现任华为副董事长、CFO，是当前中国杰出商界女性之一。儿子任平现为华为下属的慧通公司董事长。第二段和姚凌，女儿姚安娜，人称“华为小公主”，现年21岁，就读于哈佛大学。因今年参加巴黎顶尖名媛舞会被人们所认识。任总人生赢家", "author": "今日聊城头条", "time": "今日聊城头条10月27日08:41 来自iPhone7", "transmit": 1746, "comment": 1156, "zan": 10581, "sentiment": [{"positive_prob": 0.978979, "confidence": 0.953288, "negative_prob": 0.0210205, "sentiment": 2}]}, {"text": "【华为宣布一重磅消息！#华为获得我国首张5G进网许可证#】近日，工业和信息化部颁发中国首个5G无线电通信设备进网许可证，华为率先获得首张5G基站设备的进网许可证。这标志着华为5G基站设备可以支持中国规模部署，正式接入公用电信商用网络。华为方面表示，这将帮助国内早日实现全场景的5G网络覆盖和容量提升需求，为用户带来极致的超高清视频、AR/VR等5G业务体验。迄今为止，华为已经拿下了65份全球5G商业合约。其中32个来自欧洲、11个来自中东、10个来自亚太、7个来自美洲、1个来自非洲，5G基站出货也达到了40万个。O华为宣布一重磅消息！华为获得我国首张5G进网许可证", "author": "央视财经", "time": "央视财经10月27日18:50 来自微博weibo.com", "transmit": 69, "comment": 26, "zan": 211, "sentiment": [{"positive_prob": 0.942051, "confidence": 0.871225, "negative_prob": 0.0579489, "sentiment": 2}]}, {"text": "深圳最新城市宣传片，华为、腾讯、大疆、比亚迪、顺丰各大佬全出场--虎扑帖ID：30139827L虎扑的步行街的微博视频​", "author": "虎扑的步行街", "time": "虎扑的步行街10月27日11:16 来自微博weibo.com", "transmit": 100, "comment": 133, "zan": 750, "sentiment": [{"positive_prob": 0.891339, "confidence": 0.75853, "negative_prob": 0.108661, "sentiment": 2}]}, {"text": "【英国或允许华为参与5G：没得选，西方玩砸了】尽管曾因美国总统特朗普的劝说，英国首相鲍里斯·约翰逊一度对华为进军英国的5G网络有所犹豫。但最终英国官员还是承认，有些技术只有华为有，如果不用，英国将会远远被甩在后面。据《星期日泰晤士报》27日报道，约翰逊准备批准中国华为公司接入英国未来的5G电信网络。但这家英媒认为，这样的举动或许会使英美关系产生“裂痕”。有消息人士透露，华为开发的一些技术在西方国家是买不到的，如果不与华为开展业务，英国可能会被甩在后面。“西方让华为在这个领域发展出近乎垄断的地位，把事情搞砸了。”虽然英国国家安全委员会（NSC）尚未做出正式决定，但另一位白厅安全官员表示，允许华为进入、开发英国5G电信网络的决定，预计将在圣诞节前做出，可能会在11月。英国就华为参加5G建设的决定曾被推迟。不过，在华为的助力下，今年5月30日英国6城部分地区率先启动商用5G服务，BBC新闻网也闻讯派出记者团，抢先完成英国国内首个5G新闻直播，还称这是“历史性一刻”。O英国或允许华为参与5G：没得选，西方玩砸了", "author": "观察者网", "time": "观察者网10月27日16:59 来自360安全浏览器", "transmit": 97, "comment": 136, "zan": 1586, "sentiment": [{"positive_prob": 0.0810517, "confidence": 0.819885, "negative_prob": 0.918948, "sentiment": 0}]}, {"text": "发布了头条文章：《专注主线区块链》财经每日必读#微博赚钱季#周五双十一+区块链+养殖板块最强，华为/科技等继续分化，主板放量反弹（明日预设反弹继续，注意观察成交量能否有效放大）强势股接力的亏钱效应减缓，明日鲁商发展等作为非科创板情绪标杆观察，空间板高度到6板，首板数量增加，周末消息面利好区块链板块，明日专注主线即可，积极参与博弈。大题材龙头等核心品种如果没有办法第一时间买入的话（通道党优先），可以先选择人气的跟风小弟，第一时间参与操作，感受板块的热度和红利，等第一波分歧出现后再顺应市场的选择骑上龙头坚定持有。炒作路径可以参考皮皮之前写过的雄安，科创攻略。科创板继续弱势盘整，继续耐心等待板块赚钱效应恢复，微芯生物+山石网科+方邦股份+南微医学+沃尔德+铂力特等盘中继续观察。O专注主线区块链", "author": "lesliesay", "time": "lesliesay10月27日11:16 来自微博weibo.com", "transmit": 389, "comment": 163, "zan": 526, "sentiment": [{"positive_prob": 0.958587, "confidence": 0.907972, "negative_prob": 0.0414127, "sentiment": 2}]}, {"text": "【华为获颁中国首个5G基站设备进网许可证】据“华为”公众号10月25日消息，近日，工业和信息化部颁发中国首个5G无线电通信设备进网许可证，这标志着华为5G基站设备可以支持中国规模部署，正式接入公用电信商用网络。目前三大运营商已经全部开启了5G套餐的预约，预约用户已超千万，用户每月可免费获得100G的5G流量。三大运营商预计将在10月31日分别公布其5G套餐价格，并于11月1日起正式执行5G套餐。（中国经济网）O华为获颁中国首个5G基站设备进网许可证", "author": "观察者网", "time": "观察者网10月27日13:03 来自微博weibo.com", "transmit": 47, "comment": 76, "zan": 620, "sentiment": [{"positive_prob": 0.923894, "confidence": 0.830876, "negative_prob": 0.0761056, "sentiment": 2}]}, {"text": "2019年安卓旗舰机横评PartI「外观屏幕」篇年底了，安卓手机战场似乎尘埃落定，是时候做一波横评盘点了，这次横评的机型有三星、华为、OPPO、VIVO、小米、一加六个品牌，个个是能反映厂商实力的优秀当家旗舰，本期@哈士亓带大家在工业设计和屏幕方面，分析各家表现究竟如何。L爱否科技的秒拍视频", "author": "爱否科技官方", "time": "爱否科技官方10月27日16:58 来自微博weibo.com", "transmit": 94, "comment": 195, "zan": 438, "sentiment": [{"positive_prob": 0.947779, "confidence": 0.883952, "negative_prob": 0.0522214, "sentiment": 2}]}, {"text": "区块链专题【PPT】华为云区块链报告链接：O【PPT】华为云区块链报告【讲座】中国工程院士陈纯：链上链下数据协同是联盟链发展重要方向链接：O中国工程院士陈纯：链上链下数据协同是联盟链发展重要方向【通俗易懂】几个故事告诉你，区块链究竟是什么？链接：O网页链接【报告】高盛：区块链79页完整报告：从理论到实践！【中文版】链接：O高盛：区块链79页完整报告：从理论到实践！【中文版】【报告】毕马威区块链研究报告：共识-价值互联的不变协议链接：O毕马威区块链研究报告：共识-价值互联的不变协议【报告】麦肯锡：银行业游戏规则的颠覆者！区块链影响最经典报告链接：O麦肯锡：银行业游戏规则的颠覆者！区块链影响最经典报告【报告】区块链（技术篇）：预备在区块链跑道上等待枪响链接：O区块链（技术篇）：预备在区块链跑道上等待枪响【TED视频】对未来影响最大的科技已经到来，不是大数据、不是机器人、不是人工智能，而是……链接：O对未来影响最大的科技已经到来，不是大数据、不是机器人、不是人工智能，而是……", "author": "巴曙松", "time": "巴曙松10月27日15:54 来自HUAWEIP30Pro", "transmit": 55, "comment": 8, "zan": 35, "sentiment": [{"positive_prob": 0.787366, "confidence": 0.527479, "negative_prob": 0.212634, "sentiment": 2}]}, {"text": "英国《星期日泰晤士报》:英国首相鲍里斯·约翰逊准备授予中国华为技术有限公司进入英国未来5G电信网络的权限。​", "author": "寰亚SYHP", "time": "寰亚SYHP10月27日09:54", "transmit": 103, "comment": 167, "zan": 1745, "sentiment": [{"positive_prob": 0.769148, "confidence": 0.486996, "negative_prob": 0.230852, "sentiment": 2}]}, {"text": "这些无中生有的网友真是...​​​​", "author": "阿声大魔王", "time": "阿声大魔王10月27日14:49 来自微博weibo.com", "transmit": 86, "comment": 482, "zan": 4952, "sentiment": [{"positive_prob": 0.276784, "confidence": 0.384923, "negative_prob": 0.723216, "sentiment": 0}]}, {"text": "今天坐车遇到了好久不见的高中同学，聊着聊着就聊起了她手上的华为Mate30Pro翡冷翠，还不忘把旧的iPhone6sPlus拿出来给我看看：用了快四年了，完全没有毛病，就是想换个新手机用了。然后我问为什么你一个女生会选择华为Mate30Pro？她给我就一个理由：好看果然你们女生买东西都只看外观。然后我就带她了解了一下指关节截屏、HuaweiShare、手持丝绢流水等一系列功能，她买这么多天了，这些都是才知道#数码圈的趣事#", "author": "Ark咔嚓一下", "time": "Ark咔嚓一下10月27日17:46 来自荣耀手机Android", "transmit": 57, "comment": 430, "zan": 1304, "sentiment": [{"positive_prob": 0.887815, "confidence": 0.7507, "negative_prob": 0.112185, "sentiment": 2}]}, {"text": "专业，专注，技术创新。经验丰富，安全可靠，值得信赖。5G时代，选择华为云#正当时#。沃土初创企业扶持计划，@华为云送1-10万全免券O网页链接L创业邦杂志的微博视频​", "author": "创业邦杂志", "time": "创业邦杂志10月27日17:06", "transmit": 165, "comment": 6, "zan": 15, "sentiment": [{"positive_prob": 0.979787, "confidence": 0.955082, "negative_prob": 0.0202132, "sentiment": 2}]}, {"text": "#DigiX数字生活节#看完这个Vlog，我终于知道马伯庸老师的作品为何总是细节满满，扣人心弦了！@华为终端云服务L华为终端云服务的秒拍视频​", "author": "思想聚焦", "time": "思想聚焦10月27日13:25 来自微博weibo.com", "transmit": 44, "comment": 124, "zan": 302, "sentiment": [{"positive_prob": 0.922867, "confidence": 0.828593, "negative_prob": 0.0771332, "sentiment": 2}]}, {"text": "拍摄角度不错，就是模特有点问题#DigiX数字生活节#第一支华为阅读·DigiX读书会@马伯庸Vlog新鲜出炉！赶紧戳视频，跟着马伯庸老师一起直击活动现场！转评本微博，跟小云聊聊你最喜欢马老师哪部作品。随机抽送7本马伯庸签名书《长安十二时辰（上）》。L华为终端云服务的微博视频​", "author": "马伯庸", "time": "马伯庸10月26日22:30 来自微博weibo.com", "transmit": 28, "comment": 108, "zan": 721, "sentiment": [{"positive_prob": 0.982422, "confidence": 0.960938, "negative_prob": 0.017578, "sentiment": 2}]}, {"text": "华强北airpods当场去世！​", "author": "IT科技侠", "time": "IT科技侠10月27日22:30 来自微博weibo.com", "transmit": 62, "comment": 228, "zan": 661, "sentiment": [{"positive_prob": 0.608698, "confidence": 0.130439, "negative_prob": 0.391302, "sentiment": 2}]}, {"text": "华为27W无线充电器，外观给人高端的气质，做工也细腻，华为现在在设计上已经越来越像国际高端品牌了，想想五六年前，进步真是太大了！​", "author": "C科技", "time": "C科技10月27日18:13 来自OnePlus7TPro", "transmit": 7, "comment": 142, "zan": 403, "sentiment": [{"positive_prob": 0.977549, "confidence": 0.950109, "negative_prob": 0.022451, "sentiment": 2}]}, {"text": "#趣推荐#做了好久的一个视频，再发一遍，华为Mate305G版开始预售，作为搭载麒麟9905GSoC的旗舰手机，它的优势在哪里？答案就在视频里。#首款5G爆品上市#L李杰灵的微博视频​​​", "author": "李杰灵", "time": "李杰灵10月27日11:40 来自微博weibo.com", "transmit": 29, "comment": 62, "zan": 188, "sentiment": [{"positive_prob": 0.78847, "confidence": 0.529934, "negative_prob": 0.21153, "sentiment": 2}]}, {"text": "#阿华的灵魂一问#外语用时方恨没学好？还好我知道这个小技巧。L华为终端官方微博的微博视频​", "author": "华为终端官方微博", "time": "华为终端官方微博10月27日22:00 来自微博weibo.com", "transmit": 39, "comment": 62, "zan": 389, "sentiment": [{"positive_prob": 0.587965, "confidence": 0.0843668, "negative_prob": 0.412035, "sentiment": 2}]}, {"text": "看得出来，今年蓝绿大厂在线下的市场，真是被华为打懵了。作为OPPO每一年的主力爆款机型，OPPOReno半年多的时间，就从2999元降到了1799元，这跳水幅度简直了。其实看年初的节奏，OPPOReno系列是想和华为P30系列刚一波正面的，尤其是十倍变焦版PK华为P30Pro，通过KOL们的传播，当时在网上热度还挺高的。结果从市场表现来看，直接被华为打崩冲高地了。下半年索性发布一大批高性价比机器，去和小米抢线上了根据36k的消息，OPPOReno本来规划的销量是1300万台，结果最后只做到500万台生产就逐渐停下了", "author": "宅数码Kael", "time": "宅数码Kael10月27日09:06 来自微博weibo.com", "transmit": 63, "comment": 243, "zan": 979, "sentiment": [{"positive_prob": 0.235319, "confidence": 0.47707, "negative_prob": 0.764682, "sentiment": 0}]}, {"text": "每一个细微的动作都决定着成败，即使再平常的瞬间也会激起美丽的浪花。#华为Mate30#Pro超高速摄影，见微知著，记录奋发的精彩。L华为中国的微博视频​", "author": "华为中国", "time": "华为中国10月27日11:22 来自微博视频", "transmit": 17, "comment": 28, "zan": 189, "sentiment": [{"positive_prob": 0.956051, "confidence": 0.902335, "negative_prob": 0.0439492, "sentiment": 2}]}, {"text": "金瀚这个🕶️，就是前几天他和戚薇给时尚芭莎拍摄秘密的你物料时戚薇那里华为和gm联名吧。这次江夏get到了林星然的同款​", "author": "伊丽莎白骨精啊", "time": "伊丽莎白骨精啊10月27日20:48", "transmit": 197, "comment": 403, "zan": 954, "sentiment": [{"positive_prob": 0.715514, "confidence": 0.367808, "negative_prob": 0.284486, "sentiment": 2}]}, {"text": "#DigiX数字生活节#配合马亲王，@马伯庸《长安十二时辰》下了大功夫，阅读量极大，口味刁钻，我的书我怀疑他没看过，那他推荐的书你们不可错过～Mark之@华为终端云服务​", "author": "于赓哲", "time": "于赓哲10月27日15:48 来自HUAWEIMate20", "transmit": 51, "comment": 10, "zan": 47, "sentiment": [{"positive_prob": 0.708958, "confidence": 0.35324, "negative_prob": 0.291042, "sentiment": 2}]}, {"text": "【台积电5nm进入试产：首批客户苹果华为在列，华为的5nm订单份额超苹果】近日有业内人士透露了台积电5nm的情况，良率已经接近5成，月产大约8万片左右。早前台积电总裁魏哲家在上周法人说明会中也有提及，台积电5nm制程已进入风险试产阶段、并有不错的良率表现，将如原先规划在明年上半年进入量产，而与目前量产中的7nm制程相较，5nm芯片密度可大幅提高80%，运算速度可提升20%。据了解，台积电5nm全光罩流片费用大概要3亿人民币，而且费用还不包含IP授权。如此高的门槛，的确会让一些公司选择观望，而不是第一批尝鲜。据外媒报道，苹果针对明年iPhone 12系列打造的全新A14应用处理器，将采用台积电5nm制造工艺生产，有消息称已于9月底顺利送样。另一家尝鲜5nm的公司是华为，相对苹果，华为应该是更期待5nm的，有消息称华为的5nm订单份额已经超过了苹果。此前华为发布的麒麟990中，弃用最新的Cortex-A77架构而选择A76，就是在功耗和性能之间做出的一个折中选择，余承东也曾表示进入5nm之后麒麟芯片的性能将大幅度提升。", "author": "人才76116", "time": "人才7611610月27日07:01 来自HUAWEIP20", "transmit": 27, "comment": 117, "zan": 304, "sentiment": [{"positive_prob": 0.988671, "confidence": 0.974824, "negative_prob": 0.0113292, "sentiment": 2}]}, {"text": "现在华为体验店各家还没有到货华为FreeBuds3，可能每家只有一个内部样机，今天我托朋友来体验店感受了一下，简单跟大家说说上手感受：1、质感，其实和前代差不多；2、降噪，一定程度的降噪，应该比不了华为主动降噪耳机3，毕竟不是入耳式，已经不容易了；3、音质，高低音层次感不错；4、延迟性，应该是秒连了，游戏没有测试；5、上手容易，不需要安装APP，直接配对即可。因为时间短促，所以不能做到详细具体的体验，所以暂时就这些感受，感兴趣的朋友可以去体验店问问，他们一定有样机的#数码圈的趣事#O抽奖详情", "author": "Ark咔嚓一下", "time": "Ark咔嚓一下10月27日20:15 来自Ark咔嚓一下超话", "transmit": 27, "comment": 127, "zan": 103, "sentiment": [{"positive_prob": 0.972474, "confidence": 0.93883, "negative_prob": 0.0275264, "sentiment": 2}]}, {"text": "【华为高调进入造车领域，自研激光雷达，自动驾驶必要专利全球第一】根据海外研究机构的调查显示，截止今年10月，华为在全球智能驾驶网络通信的技术贡献中排名第二位，仅次于韩国的LG电子。而在智能驾驶的网络通讯标准的必要专利拥有者中，华为则牢牢的占据着第一位，远远超过第二名的LG.众所周知，随着5G技术的普及，移动互联网的下一个风口即将到来。智能汽车的车机将是下一个重要的流量入口。面对着这个市场规模将近20万亿的巨大市场，华为当然不会缺席。华为虽然不会进入整车制造，但他们的目标却是生产未来汽车身上的大脑。目前，华为在通信技术和芯片技术方面已经做到了第一梯队，将这方面的优势转移到智能汽车方面，也不是什么难事。#华为##智能驾驶#", "author": "价值投资日志", "time": "价值投资日志10月27日12:31 来自iPhoneX", "transmit": 46, "comment": 19, "zan": 67, "sentiment": [{"positive_prob": 0.958244, "confidence": 0.907209, "negative_prob": 0.0417558, "sentiment": 2}]}, {"text": "据国外媒报道，英国芯片设计公司ARM将继续向华为提供技术。ARM公司的团队裁定，该公司的芯片技术源自英国，不会违反美国关于向华为限制供货的规定​", "author": "数码研究所", "time": "数码研究所10月27日14:46", "transmit": 20, "comment": 105, "zan": 618, "sentiment": [{"positive_prob": 0.904365, "confidence": 0.787478, "negative_prob": 0.095635, "sentiment": 2}]}, {"text": "英国或允许华为参与5G：没得选，西方玩砸了！英国人说话很实在呀。《星期日泰晤士报》27日援引一名英国白厅和情报部门的“高级别消息人士”称，英国政府正准备允许华为进入英国未来的5G电信网络“不具争议性”部分的权限。消息人士表示：“最近几天又有关于华为的会议，最后达成的观点与前首相特蕾莎·梅的相同，即允许他们进入网络中‘没有争议’的部分。”但这名消息人士向《星期日泰晤士报》透露，华为开发的一些技术在西方国家是买不到的，如果不与华为开展业务，英国可能会被甩在后面。“在西方，一些新的技术没有好的替代，这个决定也是出于这样的考虑。”“事实是，如果你不答应，你就没有其他选择。西方让华为在这个领域发展出近乎垄断的地位，把事情搞砸了。”英国人估计是比较实事求是，现在能提供完整解决方案的，就是华为。而且其他设备供应商方面，英国电信相关技术负责人认为他们落后华为1-2年。O英国或允许华为参与5G：没得选，西方玩砸了", "author": "HW前HR", "time": "HW前HR10月27日18:34 来自HUAWEIMate30", "transmit": 48, "comment": 41, "zan": 296, "sentiment": [{"positive_prob": 0.0118562, "confidence": 0.973653, "negative_prob": 0.988144, "sentiment": 0}]}, {"text": "华为最终还是输了，最起码在舆论上输的很彻底！奉劝华为一句，往后有人在网上质疑的时候，闭嘴就完了，“越描越黑”，还容易被人说小气背锅就完事了，整那些“花里胡哨”的没用！​", "author": "长安数码君", "time": "长安数码君10月27日15:44 来自HUAWEIMate305G", "transmit": 7, "comment": 316, "zan": 985, "sentiment": [{"positive_prob": 0.00634921, "confidence": 0.985891, "negative_prob": 0.993651, "sentiment": 0}]}]