[{"text": "#欧阳震华为宣萱庆生#18日是@宣萱49岁的生日，@欧阳震华凌晨发博为其庆生：“HappybirthdayJessica”，并配上了与老婆一起去看宣萱舞台剧时的合照。宣萱与欧阳震华是多年的老搭档，曾合作过《壹号皇庭》《美味天王》《洗冤录》《赌场风云》《施公奇案》等多部经典港剧。O欧阳震华晒合影为萱萱庆生​", "author": "新浪娱乐", "time": "新浪娱乐08月18日22:33 来自微博weibo.com", "transmit": 95, "comment": 252, "zan": 3016, "sentiment": [{"positive_prob": 0.9637, "confidence": 0.919334, "negative_prob": 0.0362999, "sentiment": 2}]}, {"text": "废青用激光笔照射警察，被华为P30PRO超远距离变焦拍下面孔，人在做，华为p30在看（这货已被抓了）#47.6万人参与反暴力救香港集会##反暴力救香港大集会#L媒体人张晓磊的微博视频​", "author": "媒体人张晓磊", "time": "媒体人张晓磊08月18日00:00 来自三星GALAXYNote8", "transmit": 1213, "comment": 1526, "zan": 22091, "sentiment": [{"positive_prob": 0.555726, "confidence": 0.0127245, "negative_prob": 0.444274, "sentiment": 2}]}, {"text": "#华为首款5G手机今日开售#你会买吗？#华为首款5G手机今日开售#你会买吗？​", "author": "最奇趣的视频", "time": "最奇趣的视频08月18日15:14", "transmit": 30, "comment": 68, "zan": 13528, "sentiment": [{"positive_prob": 0.491791, "confidence": 0.83582, "negative_prob": 0.508209, "sentiment": 1}]}, {"text": "#华为首款5G手机今日开售#华为首款5G手机Mate20X5G版已经于昨日10点发售，售价6199元。您对5G手机有什么看法？对5G手机的看法​", "author": "巍岳钦禹", "time": "巍岳钦禹08月18日07:16 来自HUAWEIP30Pro", "transmit": 38, "comment": 51, "zan": 11394, "sentiment": [{"positive_prob": 0.716549, "confidence": 0.370108, "negative_prob": 0.283451, "sentiment": 2}]}, {"text": "明星偷税吸毒被原谅，袁隆平买华为手机却被羞辱，这才是时代最大的悲哀！​​​", "author": "旧情甚堪", "time": "旧情甚堪08月18日22:23", "transmit": 99, "comment": 269, "zan": 1182, "sentiment": [{"positive_prob": 0.237656, "confidence": 0.471876, "negative_prob": 0.762344, "sentiment": 0}]}, {"text": "网友投稿：两个老外应该是加拿大人(港独废青的队友)，质问网友为什么关押几名在国内的加拿大人？网友也反问他：加拿大为什么非法扣留华为孟晚舟？#大叔高估乱港分子汉语水平##内地青年说唱喊话港青#L爱搞怪的刘战神的微博视频​", "author": "爱搞怪的刘战神", "time": "爱搞怪的刘战神08月18日19:38", "transmit": 188, "comment": 430, "zan": 9576, "sentiment": [{"positive_prob": 0.213512, "confidence": 0.525528, "negative_prob": 0.786488, "sentiment": 0}]}, {"text": "首先，华为P30Pro无论拍照还是视频录制时连续变焦都没有图一视频里这么顺滑，变焦超过5倍后启动潜望式长焦镜头会有一个明显的画面切换过程。其次，在正常视频录制模式（非拍照模式进行屏幕录制）下，P30Pro只能最大15倍变焦，视频里变焦距离（图2～3）早就远超这个倍数了。所以这个香港废青视频就是用高倍率光学变焦镜头相机进行拍摄的，可以参考我之前用索尼RX10M4相机（24-600mm）拍的这个：O网页链接", "author": "晴天披沥", "time": "晴天披沥08月18日09:01 来自iPhoneXSMax(深空灰)", "transmit": 323, "comment": 235, "zan": 3194, "sentiment": [{"positive_prob": 0.525294, "confidence": 0.494128, "negative_prob": 0.474706, "sentiment": 1}]}, {"text": "你知道华为p30的魔法摄像头吗#深圳市民##境外特殊人士冒充北方人失败#L台湾傻事的微博视频​", "author": "90后", "time": "90后08月18日14:06 来自搜狗高速浏览器", "transmit": 88, "comment": 238, "zan": 3089, "sentiment": [{"positive_prob": 0.128631, "confidence": 0.714153, "negative_prob": 0.871369, "sentiment": 0}]}, {"text": "加拿大人(港独同伙）质问华人为什么中国关押几名加拿大人？华人反问：加拿大为什么非法扣留华为CFO孟晚舟？OK，直接哑口了。L洱海弥的微博视频​", "author": "洱海弥", "time": "洱海弥08月18日21:48 来自微博视频", "transmit": 152, "comment": 232, "zan": 6151, "sentiment": [{"positive_prob": 0.351046, "confidence": 0.219897, "negative_prob": 0.648954, "sentiment": 0}]}, {"text": "明星偷税吸毒被原谅，袁隆平买华为手机却被羞辱，这才是时代最大的悲哀！  cr南木大叔​", "author": "蜀黍都笑湿了", "time": "蜀黍都笑湿了08月18日06:03 来自即刻笔记", "transmit": 254, "comment": 213, "zan": 3001, "sentiment": [{"positive_prob": 0.261266, "confidence": 0.419408, "negative_prob": 0.738734, "sentiment": 0}]}, {"text": "有了华为P30，看演唱会都不用望远镜了？​", "author": "氧气氪", "time": "氧气氪08月18日17:26 来自来去之间送的会员", "transmit": 92, "comment": 268, "zan": 4189, "sentiment": [{"positive_prob": 0.657737, "confidence": 0.239415, "negative_prob": 0.342263, "sentiment": 2}]}, {"text": "#守护香港#【示威者持激光笔不停扫射高处市民用华为手机拍下丑恶嘴脸】网传视频显示，一名市民从高处拍摄街道，发现示威人群中有人拿激光笔不停照射。拍摄者将镜头拉近放大，画面清晰显示，一对男女穿黑衣戴口罩，女子手持激光笔不停照射。拍摄者透露，自己使用的是华为手机。L中青网新闻中心的秒拍视频​", "author": "中青网新闻中心", "time": "中青网新闻中心08月18日19:27 来自专业版微博", "transmit": 134, "comment": 189, "zan": 2209, "sentiment": [{"positive_prob": 0.914863, "confidence": 0.810806, "negative_prob": 0.0851373, "sentiment": 2}]}, {"text": "你们认为华为Mate30系列电池多大就满意了？搞个小调查，说出你们心目中Mate30系列电池多大容量是最满意的，当然一定要考虑实际，符合现状！其他情况见评论。明天看看能不能满足你么的期望华为Mate30系列电池多大就满意了？​", "author": "长安数码君", "time": "长安数码君08月18日20:47 来自Android", "transmit": 19, "comment": 147, "zan": 3452, "sentiment": [{"positive_prob": 0.822702, "confidence": 0.606005, "negative_prob": 0.177298, "sentiment": 2}]}, {"text": "深圳要建设所谓的先行示范区，我并不看好，深圳目前的房价对企业和人才都是负面作用，连华为这种企业都离开了深圳，更不要说其他企业了，高收入人才大多把时间和精力放在炒房炒股上，根本没办法进行思考和技术创新，目前的深圳已经不是二十年前那个朝气蓬勃的深圳了，深圳已经老了。​", "author": "月光博客", "time": "月光博客08月18日19:48 来自微博weibo.com", "transmit": 238, "comment": 746, "zan": 3148, "sentiment": [{"positive_prob": 0.0228521, "confidence": 0.949218, "negative_prob": 0.977148, "sentiment": 0}]}, {"text": "你知道华为p30的魔法摄像头吗#深圳市民##境外特殊人士冒充北方人失败#L台湾傻事的微博视频​", "author": "糖果Guitar", "time": "糖果Guitar08月18日14:35 来自微博云剪", "transmit": 36, "comment": 41, "zan": 796, "sentiment": [{"positive_prob": 0.128631, "confidence": 0.714153, "negative_prob": 0.871369, "sentiment": 0}]}, {"text": "【商人的姿态：李嘉诚vs郭台铭】李嘉诚的确跟郭台铭不一样。一个是伪君子，一个是真小人。伪君子是嘴上仁义道德，行为肮脏龌龊。真小人是嘴上肮脏龌龊，行为同样不堪。伪君子和真小人的相同点在行为龌龊。不同点是，前者给自己戴上一个美好的面具，后者赤裸着不曾做任何掩饰。华为事件，李嘉诚确实选择了助攻。试想下，如果华为没有这实力，技术过硬，李超人也不会选择它。而后者郭台铭是赤裸裸的中断与华为合作，但也自食其果。商人终究是商人才是本质。行动和口头不一致，才是我们更需要提防的！", "author": "韩复龄", "time": "韩复龄08月18日21:04 来自iPhone7Plus", "transmit": 275, "comment": 369, "zan": 3860, "sentiment": [{"positive_prob": 0.0248021, "confidence": 0.944884, "negative_prob": 0.975198, "sentiment": 0}]}, {"text": "【#中国手机占领全球半数市场#：华为占18%，OPPO出货量超苹果】IHSMarkit最新数据显示，中国手机已占据全球智能手机市场的半壁江山。在2019年第二季度的出货量中，华为仅次于三星，在手机全球市场份额中排第二，18%；OPPO第三，11%；小米第五，10%；vivo排第六，9%。其中，OPPO有3620万台的出货量，超越苹果3530万台。除了四大厂商，传音、TCL也位居全球前十。（来源：@老板联播）L老板联播的秒拍视频", "author": "每日经济新闻", "time": "每日经济新闻08月18日17:33 来自搜狗高速浏览器", "transmit": 18, "comment": 57, "zan": 171, "sentiment": [{"positive_prob": 0.978544, "confidence": 0.95232, "negative_prob": 0.0214561, "sentiment": 2}]}, {"text": "废青用激光笔照射警察，被华为P30PRO超远距离变焦拍下面孔#反暴力护香港##香港特区政府希望校园回归平静#L污大姐的微博视频​", "author": "污大姐", "time": "污大姐08月18日13:23 来自微博视频", "transmit": 95, "comment": 207, "zan": 2112, "sentiment": [{"positive_prob": 0.712926, "confidence": 0.362059, "negative_prob": 0.287074, "sentiment": 2}]}, {"text": "#联邦快递承运来华快递涉枪遭调查#先是配合美国政府盗运华为公司文件，现在又还给寄枪支。联邦快递是不是应该停业整顿？联邦快递是不是应该停业整顿？​", "author": "科技疯汇", "time": "科技疯汇08月18日18:08", "transmit": 9, "comment": 25, "zan": 1214, "sentiment": [{"positive_prob": 0.241942, "confidence": 0.46235, "negative_prob": 0.758058, "sentiment": 0}]}, {"text": "【任正非看好俄罗斯天才：不恋爱不交际，只做数学却帮助华为突破3G】此前有消息称华为正在大幅扩张位于俄罗斯的研究中心，华为创始人任正非之前接受采访时表示华为5G有今天成就离不开一位俄罗斯的数学天才。任正非表示，“管研究的人去看他，打一个招呼就完了。我给他发院士牌时，他‘嗯、嗯、嗯’就完了。他不善于打交道，十几年干什么不知道，之后突然告诉我，把2G到3G突破了，马上上海进行实验，我们就证明了，无线电上领先爱立信，然后大规模占领欧洲，用了4G、5G。”难道天才都是这个样子吗？O华为计划在俄罗斯建1500人研究中心数学天才助华为突破3G", "author": "凤凰网科技", "time": "凤凰网科技08月18日19:33 来自微博weibo.com", "transmit": 120, "comment": 228, "zan": 1728, "sentiment": [{"positive_prob": 0.315223, "confidence": 0.299505, "negative_prob": 0.684777, "sentiment": 0}]}, {"text": "吃饭时邻桌有个人说自己可以改变华为而且还说的头头是道，真佩服这些人，以为自己是任正非呢！​", "author": "长安数码君", "time": "长安数码君08月18日16:42 来自Android", "transmit": 31, "comment": 174, "zan": 2104, "sentiment": [{"positive_prob": 0.48338, "confidence": 0.667606, "negative_prob": 0.51662, "sentiment": 1}]}, {"text": "故事的真像，反正只要华为厉害就对了，现在身边的人都认为5G是华为造出来的，我，我，我，我说：“是的咧，是的咧，…”​", "author": "HHP良", "time": "HHP良08月18日18:54 来自三星GalaxyS10", "transmit": 73, "comment": 147, "zan": 735, "sentiment": [{"positive_prob": 0.533084, "confidence": 0.338313, "negative_prob": 0.466916, "sentiment": 1}]}, {"text": "吉尔吉斯斯坦重要的产业是矿业、服务业，不要问我为什么不拍店，臣妾看不到啊，没拍到。首都有酒吧，乡村很少看到店，人家西瓜哈密瓜好吃😋，人家根本不拿到路边卖，我估计是因为家家户户都有。请了在中亚15年的刘先生讲座，全干货，他原来在华为。下面是全球第二大高山湖泊伊塞克湖，一路从峡谷走过去，刚下过雨，脚底刮的地皮有两斤重。伊湖极美，像蓝色琉璃镜，我们在南面，唐僧走过，一个人没有。", "author": "叶檀", "time": "叶檀08月18日15:13 来自iPhone客户端", "transmit": 13, "comment": 52, "zan": 242, "sentiment": [{"positive_prob": 0.110577, "confidence": 0.754272, "negative_prob": 0.889423, "sentiment": 0}]}, {"text": "【#中国手机占领全球半数市场#：华为第二OPPO出货量超苹果】近日IHSMarkit最新数据显示，中国前四大智能手机厂商共占据48%的全球市场份额。在2019年第二季度的出货量中，前五名分别是三星、华为、oppo、苹果、小米。#风视频#O网页链接L凤凰网视频的微博视频​", "author": "凤凰网视频", "time": "凤凰网视频08月18日20:16 来自微博视频", "transmit": 23, "comment": 54, "zan": 198, "sentiment": [{"positive_prob": 0.971319, "confidence": 0.936264, "negative_prob": 0.028681, "sentiment": 2}]}, {"text": "华为P30新技能get起来高清大图现港独警察叔叔快来抓呀#新闻联播cue饭圈女孩和帝吧##华为P30#图源:@深圳小天​", "author": "奇趣怪蜀黍", "time": "奇趣怪蜀黍08月18日21:52", "transmit": 6, "comment": 19, "zan": 201, "sentiment": [{"positive_prob": 0.877185, "confidence": 0.727077, "negative_prob": 0.122815, "sentiment": 2}]}, {"text": "华为P30Pro牛逼了！把易烊千玺拍的这么清新​", "author": "极客村长", "time": "极客村长08月18日15:46", "transmit": 19, "comment": 85, "zan": 380, "sentiment": [{"positive_prob": 0.538236, "confidence": 0.235281, "negative_prob": 0.461764, "sentiment": 1}]}, {"text": "前有联邦快递截获华为包裹。现有DHL帮港独运黑金，利用冲突大发横财，马上也要拉清单。​", "author": "洱海弥", "time": "洱海弥08月18日16:49 来自Weibo.intl", "transmit": 157, "comment": 122, "zan": 1737, "sentiment": [{"positive_prob": 0.646174, "confidence": 0.213719, "negative_prob": 0.353826, "sentiment": 2}]}, {"text": "山际见来烟🏞摄影：@寒号鸟红小豆设备：华为手机后期：VSCO#盛夏光影#手机摄影​", "author": "手机摄影", "time": "手机摄影08月18日20:40 来自Android", "transmit": 6, "comment": 9, "zan": 69, "sentiment": [{"positive_prob": 0.653257, "confidence": 0.229459, "negative_prob": 0.346743, "sentiment": 2}]}, {"text": "【十年磨一剑只为打破美国垄断！华为GaussDB数据库已在多行业广泛应用】甲骨文数据库垄断中国市场30年，华为通过十年努力，近900位数据库顶尖专家和人才持续投入，研发出中国自己的世界级GaussDB（高斯）数据库。GaussDB（高斯）数据库已在国内电信、金融、自主PC系统等领域广泛合作应用。华为已在多个高精尖领域实现与美国企业的全球竞争！#华为#", "author": "建华Wei业", "time": "建华Wei业08月18日09:19 来自HUAWEIMate20Pro", "transmit": 181, "comment": 77, "zan": 597, "sentiment": [{"positive_prob": 0.929805, "confidence": 0.84401, "negative_prob": 0.0701955, "sentiment": 2}]}, {"text": "害，昨天没赶上趟今天来加抽一个夏布手机壳，文字可以定制（限四个字），你想写大明少女大明少年故国有明都可以懂了吗由于型号限制只有华为系列（p30,mate20）、苹果系列（iPhone7、iPhone7p、iPhone8、iPhone8P、iPhoneX、iPhoneXS、iPhoneXSmax）大家看清楚再转发哦还是转关26号开奖～～～", "author": "大朙时尚搭配频道", "time": "大朙时尚搭配频道08月18日20:33 来自HUAWEIMateS", "transmit": 337, "comment": 187, "zan": 180, "sentiment": [{"positive_prob": 0.854653, "confidence": 0.677007, "negative_prob": 0.145347, "sentiment": 2}]}]