[{"text": "【#你好，明天#】华为向顶尖应届生开出最高201万的年薪，为中国企业与全球科技巨头的人才竞争写下最新注脚。高薪揽才只是表象，是时代在为知识提供最好的报偿。科技革命正叩响未来的大门，谁站上全球人才的制高点谁就能赢得明天。栽下梧桐树，引得凤凰来，唯有懂得人才的价值，方能聚天下英才而用之。​", "author": "人民日报", "time": "人民日报07月24日23:42 来自新媒体聚合平台", "transmit": 927, "comment": 841, "zan": 10286, "sentiment": [{"positive_prob": 0.994516, "confidence": 0.987814, "negative_prob": 0.00548357, "sentiment": 2}]}, {"text": "【你下部手机选择苹果还是安卓阵营？】7月23日，QuestMobile报告显示，苹果的中国用户正流向华为。至2019年6月，中国智能终端市场苹果份额下降至23.15%。换机时选择安卓的有46%，比2018年同期增长2.8个百分点。而更换安卓的用户前三名选择的新款手机都来自于华为。（新京报）你下部手机选择苹果还是安卓阵营？", "author": "中国经济网", "time": "中国经济网07月24日11:30 来自360安全浏览器", "transmit": 51, "comment": 190, "zan": 9372, "sentiment": [{"positive_prob": 0.673738, "confidence": 0.274974, "negative_prob": 0.326262, "sentiment": 2}]}, {"text": "【#华为回应美国子公司裁员#：受实体清单影响，裁员600余人】7月24日，针对“华为美国子公司裁员”一说，华为方面确认并表示，因华为及其下属的68家子公司纳入“实体清单”对子公司业务产生限制，因此不得不对Futurewei业务范围作出调整，并于7月22日起，裁员600余人。任正非在接受雅虎财经采访时表示，受“实体名单”影响，使得华为难以管理与这家子公司的合作，并且未来华为与这家公司的联系要取决于美国政府对华为的态度。@老板联播L老板联播的秒拍视频", "author": "梨视频", "time": "梨视频07月24日23:51 来自微博weibo.com", "transmit": 50, "comment": 118, "zan": 1530, "sentiment": [{"positive_prob": 0.0954732, "confidence": 0.787837, "negative_prob": 0.904527, "sentiment": 0}]}, {"text": "【果粉忠诚度下降？第三方#报告称苹果中国用户正流向华为#】7月23日，QuestMobile发布的《中国移动互联网2019半年报告》显示，苹果在中国市场的用户忠诚度有所下降，更多ios系统用户转向安卓系统，华为成为苹果最强劲的对手，多种机型换机比例均超27%，其中P30Pro最受欢迎。@老板联播L老板联播的秒拍视频", "author": "梨视频", "time": "梨视频07月24日13:22 来自微博weibo.com", "transmit": 88, "comment": 1033, "zan": 2180, "sentiment": [{"positive_prob": 0.951525, "confidence": 0.892278, "negative_prob": 0.0484749, "sentiment": 2}]}, {"text": "【华为回应美国子公司裁员：被列入实体清单后带来很大限制】针对美国子公司裁员一事，7月24日华为方面回应称，2019年5月16日，美国商务部工业与安全局（BIS）将华为公司及其下属的68家子公司纳入“实体清单”，直接对FutureweiTechologies,Inc.(the“Futurewei”)的业务运营带来很大的限制。因此，Futurewei不得不对业务范围作出调整，并于2019年7月22日起，裁员600余人。Futurewei是华为公司于2001年在美国德克萨斯州注册成立的子公司，2018年研发投入为5.1亿美金。这是一个困难的决定，对于受影响的员工，华为将给予包括工资和福利等在内的离职补偿。Futurewei将继续严格遵守美国本地法律法规运作业务。@第一财经", "author": "中国商界网", "time": "中国商界网07月24日18:04 来自微博weibo.com", "transmit": 220, "comment": 610, "zan": 19757, "sentiment": [{"positive_prob": 0.482987, "confidence": 0.659733, "negative_prob": 0.517013, "sentiment": 1}]}, {"text": "心动了。#华为首款5Ｇ手机售价#假设5Ｇ手机出了你们会买哪个品牌的？​", "author": "吐槽科技君", "time": "吐槽科技君07月24日18:21", "transmit": 73, "comment": 744, "zan": 31800, "sentiment": [{"positive_prob": 0.527666, "confidence": 0.446685, "negative_prob": 0.472334, "sentiment": 1}]}, {"text": "目前是消费电子、安防、光学光电子、计算机设备、华为概念、5G、人脸识别、半导体、芯片、集成电路等涨幅领先。创业板、中纳板涨幅领先。​", "author": "wu2198", "time": "wu219807月24日13:27 来自微博weibo.com", "transmit": 13, "comment": 77, "zan": 4594, "sentiment": [{"positive_prob": 0.935935, "confidence": 0.857632, "negative_prob": 0.0640655, "sentiment": 2}]}, {"text": "部分中国媒体认为英国脱欧只是英国内政问题，与中英关系和香港事务无关的看法大错特错。相反，英国在香港事务上挑衅中国，加大对华为的攻击力度，与围绕英国脱欧背后展开的斗争有着千丝万缕的联系。考虑到约翰逊所依仗的力量，他的政策是唯美国马首自瞻，让英国像哈巴狗一样听从美国指令行事。O脱欧解释了为什么英国在香港问题上采取挑衅态度", "author": "观察者网", "time": "观察者网07月24日08:51 来自微博weibo.com", "transmit": 758, "comment": 405, "zan": 2687, "sentiment": [{"positive_prob": 0.883379, "confidence": 0.740841, "negative_prob": 0.116622, "sentiment": 2}]}, {"text": "要不是高中老师发朋友圈，我还没注意到华为的8个“天才少年”里有一位就是我师弟...我比他大两级，高中时和他一起参加过信息学竞赛，后来也读了同一所大学。他这博士读得也太长了，要是25岁直接进公司，现在的收入也不会比这个offer差。近两年计算机热门方向的博士校招起薪明显和硕士拉开差距，主要两个原因——1、各公司的研究进入深水区，需要前沿突破2、各公司业务不再超高速增长，技术团队难以通过简单的业务指标来证明价值，需要年轻新生力量做出有差异化的kpi（论文灌水）。大多数时候后者可能更重要些。增长放缓后，评价指标就逐渐向其他低增长领域靠拢——参照学术界、公务员、大国企——学校、学历、论文、年龄等硬指标上线。在新生代的进逼下，中年程序员要是不能跟随业务稳步上升，压力就加大。“干部年轻化”越发重要。昨天SIGIR颁奖，7个奖项，5个是中国人或者华人上台。年轻顶尖博士一个人的灌论文能力能碾压一个组的中年人，中年人的选择就是用丰富的经验和年轻一代合作，争取共赢。而且，新生代顶尖年轻人中，由于家庭条件好的越来越多，综合能力是真强。语言、社交、学术、对数据对业务对市场的敏感度...说白了现在中年一代想要继续向上发展，越来越多地取决于能否找到合适的年轻种子选手。", "author": "北京塞冬", "time": "北京塞冬07月24日20:13 来自荣耀20PRO", "transmit": 130, "comment": 71, "zan": 637, "sentiment": [{"positive_prob": 0.657834, "confidence": 0.239631, "negative_prob": 0.342166, "sentiment": 2}]}, {"text": "【忠诚度第三方报告称#苹果中国用户正流向华为#】7月23日，第三方机构QuestMobile发布的半年报告显示，苹果在中国市场的用户忠诚度有所下降，其在转向安卓阵营的同时更多地选择了华为。同时在具体的换机上，报告列举了iPhone6S、iPhone8、iPhone8S和iPhoneX等不同时期和不同价格段的机型案例，结果一致的是，每种手机更换安卓的用户前三名选择的新款手机都来自于华为，而从占比来看，换成华为的比例均超过了27%，iPhoneX更是达到了43.5%，而且有24.7%集中于一款机型。对此，你怎么看，是一如既往的支持苹果还是转向华为呢#2019年的你，还会选择苹果么？#", "author": "新财富杂志", "time": "新财富杂志07月24日17:00 来自微博weibo.com", "transmit": 10, "comment": 33, "zan": 1286, "sentiment": [{"positive_prob": 0.97243, "confidence": 0.938733, "negative_prob": 0.02757, "sentiment": 2}]}, {"text": "【#华为回应美国子公司裁员#：受实体清单影响裁员600余人】7月24日，针对“华为美国子公司裁员”一说，华为方面确认了这一事实，并表示，这是由于华为及其下属的68家子公司纳入“实体清单”对子公司业务产生限制，因此裁员600余人。O华为回应美国子公司裁员:受实体清单影响裁员600余人​", "author": "新浪财经", "time": "新浪财经07月24日18:23 来自微博weibo.com", "transmit": 30, "comment": 72, "zan": 737, "sentiment": [{"positive_prob": 0.761638, "confidence": 0.470307, "negative_prob": 0.238362, "sentiment": 2}]}, {"text": "截止目前看，是消费电子、安防、光学光电子、计算机设备、华为概念、5G、人脸识别、半导体、芯片、集成电路等涨幅领先。创业板、中纳板涨幅领先。​", "author": "wu2198", "time": "wu219807月24日10:52 来自微博weibo.com", "transmit": 9, "comment": 120, "zan": 6332, "sentiment": [{"positive_prob": 0.867351, "confidence": 0.705224, "negative_prob": 0.132649, "sentiment": 2}]}, {"text": "【#三款iPhone11今秋将上市#分析：救不了中国市场】7月23日，科技媒体9to5Mac报道，苹果今秋将发布三款iPhone11，分别对标XS、XSMax、XR，将采用新型振动马达以及“浴霸型”摄像头。同日，报告显示苹果在中国用户忠诚度有所下降，46%的换机用户转向安卓，华为是安卓阵营中的首选。L新京报我们视频的秒拍视频", "author": "新京报", "time": "新京报07月24日18:07 来自微博weibo.com", "transmit": 70, "comment": 464, "zan": 1564, "sentiment": [{"positive_prob": 0.953331, "confidence": 0.896291, "negative_prob": 0.0466689, "sentiment": 2}]}, {"text": "华为在世界500强里实现了又一次跨越，第61名，连续3年进入世界百强的中国企业。2010年时，华为也像今天的小米一样，首次进入了世界500强。然后接下来八年，从397名、351名、296名、285名、228名、120名、83名、72名，一步一个脚印，爬到了今天的61名。然后辉煌的背后，有多少记得那一双残缺的裸脚，记得一年被告54次的艰苦磨难。明年，华为的目标，是进入世界500强。这就是迎着炮火前进的华为，这就是今非昔比的中国科技！", "author": "价值投资日志", "time": "价值投资日志07月24日07:50 来自iPhoneX", "transmit": 17, "comment": 136, "zan": 495, "sentiment": [{"positive_prob": 0.994258, "confidence": 0.987239, "negative_prob": 0.0057424, "sentiment": 2}]}, {"text": "华为P30Pro出的系列小人还蛮生动可爱的​", "author": "设计全球", "time": "设计全球07月24日09:25 来自皮皮时光机", "transmit": 33, "comment": 2, "zan": 99, "sentiment": [{"positive_prob": 0.903782, "confidence": 0.786183, "negative_prob": 0.0962178, "sentiment": 2}]}, {"text": "关于华为和小米，这是网友最有意义的评价​​​​", "author": "电商报", "time": "电商报07月24日23:00 来自微博weibo.com", "transmit": 412, "comment": 255, "zan": 1970, "sentiment": [{"positive_prob": 0.553599, "confidence": 0.00799881, "negative_prob": 0.446401, "sentiment": 2}]}, {"text": "从前段时间的华为到现在的孙杨，不都是这样吗？你做大了，他们就封锁你制裁你，完全不讲商业规则了。你游的快了，他们就侮辱你恶心你，完全不讲竞技规则了。这真是给我们上了一课，他们制定的规则，当对他们不利的时候，他们会毫不犹豫的打破。​", "author": "梦遗唐朝", "time": "梦遗唐朝07月24日00:46", "transmit": 591, "comment": 95, "zan": 1694, "sentiment": [{"positive_prob": 0.0173197, "confidence": 0.961512, "negative_prob": 0.98268, "sentiment": 0}]}, {"text": "【#中报微评#好人才就值个好价钱】人才是企业创新的源泉，好的人才往往能决定企业的走向甚至生死存亡，也进一步推动社会前进。从决策者层面，应当有魄力让好人才拿份好工资，而不是大锅饭、和稀泥。#华为顶尖应届生最高年薪200万元#，这家中国民企展现了自己的魄力，希望更多的企业能学到这份理念。(评论员张周项)", "author": "中国日报", "time": "中国日报07月24日17:03 来自微博weibo.com", "transmit": 14, "comment": 14, "zan": 104, "sentiment": [{"positive_prob": 0.986168, "confidence": 0.969261, "negative_prob": 0.0138324, "sentiment": 2}]}, {"text": "华为突然宣布：1399元！苹果懵了，世人为之沸腾！​", "author": "科技新一", "time": "科技新一07月24日09:22", "transmit": 52, "comment": 521, "zan": 2112, "sentiment": [{"positive_prob": 0.735472, "confidence": 0.412161, "negative_prob": 0.264528, "sentiment": 2}]}, {"text": "甄子丹拿到了黄金定制版华为P30Pro​", "author": "硬件学堂", "time": "硬件学堂07月24日16:04", "transmit": 43, "comment": 140, "zan": 1422, "sentiment": [{"positive_prob": 0.618491, "confidence": 0.152203, "negative_prob": 0.381509, "sentiment": 2}]}, {"text": "【#3款iPhone11今秋上市#分析：救不了中国市场】7月23日，科技媒体9to5Mac报道，苹果今秋将发布三款iPhone11，分别对标XS、XSMax、XR。新机将采用新型振动马达以及“浴霸型”摄像头。同日，报告显示苹果在中国用户忠诚度有所下降，46%的换机用户转向安卓，华为是安卓阵营中的首选。L新京报我们视频的秒拍视频", "author": "新浪财经", "time": "新浪财经07月24日17:48 来自微博weibo.com", "transmit": 61, "comment": 363, "zan": 594, "sentiment": [{"positive_prob": 0.951048, "confidence": 0.891219, "negative_prob": 0.0489516, "sentiment": 2}]}, {"text": "【#华为回应美国子公司裁员#：被列实体清单后受很大限制】针对美国公司裁员一事，华为方面回应称，5月16日美国将华为公司及其下属的68家子公司纳入“实体清单”，直接对the“Futurewei”业务运营带来很大限制。因此，不得不对该业务范围作出调整，并于7月22日起，裁员600余人。O华为回应美国子公司裁员：被列实体清单后受很大限制​", "author": "新浪科技", "time": "新浪科技07月24日16:13 来自微博weibo.com", "transmit": 17, "comment": 79, "zan": 312, "sentiment": [{"positive_prob": 0.252084, "confidence": 0.439814, "negative_prob": 0.747916, "sentiment": 0}]}, {"text": "#晨读香江#①暴徒接连两日大肆破坏或围堵何君尧多个办事处；昨日更有暴徒损毁何君尧父母位于屯门的坟墓。②元朗西铁站周日暴力袭击案，被捕人数增至11人。③美国七家科技公司的首席执行官要求美国商务部及时作出向华为销售的许可决定，特朗普对此表示同意。④委内瑞拉23日发生大规模停电，首都加拉加斯在内的16个州受影响。⑤戴姆勒23日发布消息称，北汽集团购买了戴姆勒约5％的股份。详戳→O【晨讀香江】2019年7月24日", "author": "大公報-大公網", "time": "大公報-大公網07月24日08:41 来自微博weibo.com", "transmit": 12, "comment": 56, "zan": 146, "sentiment": [{"positive_prob": 0.947729, "confidence": 0.883842, "negative_prob": 0.0522713, "sentiment": 2}]}, {"text": "紫禁城的夏日与微风，让人爱上这座城摄影：@小宫女李美丽设备：华为P30#V影像力##盛夏光影#​", "author": "手机摄影", "time": "手机摄影07月24日14:51 来自iPhone客户端", "transmit": 12, "comment": 8, "zan": 146, "sentiment": [{"positive_prob": 0.94317, "confidence": 0.87371, "negative_prob": 0.0568303, "sentiment": 2}]}, {"text": "甄子丹的黄金定制版华为P30Pro，大家感受一下​​", "author": "科技氪", "time": "科技氪07月24日16:11", "transmit": 14, "comment": 63, "zan": 430, "sentiment": [{"positive_prob": 0.657753, "confidence": 0.239452, "negative_prob": 0.342247, "sentiment": 2}]}, {"text": "【最高201万！华为高薪招应届生，8位获聘者大有来头】什么样的人才刚毕业就能以百万年薪被抢走？7月23日，华为内部邮件披露了针对8名顶尖应届生的年薪方案，其年薪的最低为89.6万元，最高为201万元。华为在邮件中称，要打赢未来的技术与商业战争，必须要有世界顶尖的人才，为了吸引顶尖人才，首先要用“顶级的挑战和顶级的薪酬”。邮件中还透露，今年华为计划从全世界招进20-30名天才“少年”，今后逐年增加。经公司研究决定，对八位2019届顶尖学生实行年薪制。这八位获聘者都是啥来头呢？来看看↓↓↓O最高201万！华为高薪招应届生，8位获聘者大有来头", "author": "北京晚报", "time": "北京晚报07月24日09:05", "transmit": 29, "comment": 20, "zan": 51, "sentiment": [{"positive_prob": 0.9601, "confidence": 0.911334, "negative_prob": 0.0398997, "sentiment": 2}]}, {"text": "#华为顶尖应届生最高年薪200万#这个事比较能集中体现愚痴群众对教育，科研，以及招聘研发岗位这些领域的无知之处。不要把200万年薪跟应届生挂钩，人家跟我们压根不是一个赛道不是一回事。这样徒增焦虑真的不好不好。这件事的本质是，华为面对“新锐科学家”，最高给年薪200万。科学家和应届生，这俩群体没半毛钱关系。不要妄想着应试教育死读书读死书就能发大财赚大钱。喊什么读书最有出路好好读书其实是很傻x的事情。科研是科研，是严肃认真的research，而且还得是高精尖的热门领域，才有可能拿这么多，不要用陈腐的读书考试做题那一套来理解这件事。普通人这辈子跟科研都不可能有关系，不要产生我也可以的幻觉。让我们为科学家鼓掌，这样就够了。", "author": "_恶魔奶爸_", "time": "_恶魔奶爸_07月24日10:29 来自iPhone8Plus", "transmit": 103, "comment": 122, "zan": 1665, "sentiment": [{"positive_prob": 0.037676, "confidence": 0.916276, "negative_prob": 0.962324, "sentiment": 0}]}, {"text": "【第三方机构称苹果的中国用户正流向华为】7月23日，第三方机构QuestMobile发布报告显示，中国智能终端市场苹果的份额从2018年6月的25.5%下降至2019年6月的23.15%。2019年6月，在换机中选择安卓的有46%，比2018年同期增长了2.8个百分点。而每种手机更换安卓的用户前三名选择的新款手机都来自于华为。在不同时期和不同价格段的苹果机型案例中，换成华为的比例均超过了27%。L老板联播的秒拍视频", "author": "IT互联网资讯", "time": "IT互联网资讯07月24日11:54", "transmit": 743, "comment": 864, "zan": 1395, "sentiment": [{"positive_prob": 0.951013, "confidence": 0.89114, "negative_prob": 0.0489871, "sentiment": 2}]}, {"text": "#华为顶尖应届生最高年薪200万#，现实打脸“读书无用论”。#小学应不应该学奥数#？小学奥数题，说出你的第一想法，别犹豫，你答对了吗？L济南生活的微博视频​", "author": "济南生活", "time": "济南生活07月24日07:22", "transmit": 78, "comment": 271, "zan": 1141, "sentiment": [{"positive_prob": 0.879387, "confidence": 0.731971, "negative_prob": 0.120613, "sentiment": 2}]}, {"text": "【#首批5G手机即将扎堆上市#你准备好购买5G手机了吗？】23日，工信部信息通信发展司司长闻库表示，中国的5G网络和终端均已步入成熟，已有约20款可上市5G手机。同日，中兴推出的首款5G手机率先在电商平台开启预售。天猫相关负责人表示，除了中兴、华为外，首批获得3C认证的5G手机都将在接下来一段时间内“扎堆”首发。随着5G手机全面进入上市阶段，5G商用元年也将正式到来。O中国5G手机即将“扎堆”上市", "author": "财经网", "time": "财经网07月24日16:03 来自微博weibo.com", "transmit": 13, "comment": 42, "zan": 153, "sentiment": [{"positive_prob": 0.420618, "confidence": 0.0652924, "negative_prob": 0.579382, "sentiment": 0}]}]