[{"text": "华为注册了整本山海经？这是属于中华的浪漫！​", "author": "王尼玛", "time": "王尼玛05月24日12:02 来自微博weibo.com", "transmit": 17383, "comment": 4738, "zan": 63022, "sentiment": [{"positive_prob": 0.579662, "confidence": 0.0659145, "negative_prob": 0.420338, "sentiment": 2}]}, {"text": "【国家知识产权局：华为已注册#华为鸿蒙#商标】据国家知识产权局商标局网站显示，华为已经申请注册“华为鸿蒙”商标，并标注该商品可用于操作系统程序。当进一步搜索华为注册的商标时，还能查到“鸿鹄”、“鸿雁”、“乾坤”、“昆仑”等。网友纷纷表示：简直是注册了一整本中国神话O华为注册“鸿蒙”商标", "author": "人民日报", "time": "人民日报05月24日21:27 来自微博weibo.com", "transmit": 7032, "comment": 6318, "zan": 51253, "sentiment": [{"positive_prob": 0.0598269, "confidence": 0.867051, "negative_prob": 0.940173, "sentiment": 0}]}, {"text": "【#你好，明天#】华为自研操作系统“鸿蒙”实锤，一时全网刷屏。鸿蒙初辟，天地始开，来自盘古的神话既道出艰辛，更难掩雄心。卡脖子的核心技术买不来，不经一番筚路蓝缕，哪来的春华秋实？“备胎”一夜转正，是因为那些年有人甘于坐上冷板凳。任凭外面风雨，唯有踏踏实实做好自己，才能闯出生路。​", "author": "人民日报", "time": "人民日报05月24日23:31 来自微博weibo.com", "transmit": 4891, "comment": 2846, "zan": 33094, "sentiment": [{"positive_prob": 0.872344, "confidence": 0.716319, "negative_prob": 0.127656, "sentiment": 2}]}, {"text": "#新闻联播#【国际锐评：企图封堵十四亿人口的大市场，是痴人说梦！】近日，多家外企针对“与华为中止合作”的谣言，纷纷做出澄清，表示它们并没有因为美国政府的限制令而停止对华为供货等合作。这表明：美国对华为的出口管制令，损害了包括美国企业在内的多家外企的利益，不得人心。基于各国发展诉求和市场经济规律而构建的全球产业链，是谁也切不断的！某些美国政客封堵拥有十四亿人口中国大市场的企图，更是痴人说梦。搬起石头砸自己的脚，这恰恰是美方蛮横行径的结果。应该问一问美国那些失去理智的疯狂政客：你们能给美国的豆农、飞机制造商、芯片制造商们提供一个14亿人口的市场吗？全球化发展到今天，不管美方如何封堵打压，中国将始终向世界敞开大门，继续成为全球投资的热土、世界贸易的乐园。而自筑藩篱的美国政客，正加速将星条旗号驶向与世隔绝的“孤岛”。L央视新闻的秒拍视频", "author": "央视新闻", "time": "央视新闻05月24日19:31 来自微博weibo.com", "transmit": 3089, "comment": 1381, "zan": 12918, "sentiment": [{"positive_prob": 0.983104, "confidence": 0.962453, "negative_prob": 0.0168962, "sentiment": 2}]}, {"text": "【企图封堵十四亿人口的大市场，是痴人说梦！】近日，多家外企针对“与华为中止合作”的谣言，纷纷做出澄清，表示它们并没有因为美国政府的限制令而停止对华为供货等合作。这表明：美国对华为的出口管制令，损害了包括美国企业在内的多家外企的利益，不得人心。基于各国发展诉求和市场经济规律而构建的全球产业链，是谁也切不断的！某些美国政客封堵拥有十四亿人口中国大市场的企图，更是痴人说梦。L央视新闻的秒拍视频", "author": "人民日报", "time": "人民日报05月24日20:23 来自微博weibo.com", "transmit": 1804, "comment": 1387, "zan": 9392, "sentiment": [{"positive_prob": 0.956035, "confidence": 0.902299, "negative_prob": 0.0439654, "sentiment": 2}]}, {"text": "【企图封堵十四亿人口的大市场，是痴人说梦！】近日，多家外企针对“与华为中止合作”的谣言，纷纷做出澄清，表示它们并没有因为美国政府的限制令而停止对华为供货等合作。这表明：美国对华为的出口管制令，损害了包括美国企业在内的多家外企的利益，不得人心。基于各国发展诉求和市场经济规律而构建的全球产业链，是谁也切不断的！某些美国政客封堵拥有十四亿人口中国大市场的企图，更是痴人说梦。（@央视新闻）L央视新闻的秒拍视频", "author": "参考消息", "time": "参考消息05月24日20:48 来自微博weibo.com", "transmit": 13267, "comment": 221, "zan": 1324, "sentiment": [{"positive_prob": 0.953027, "confidence": 0.895616, "negative_prob": 0.0469729, "sentiment": 2}]}, {"text": "【国家知识产权局：华为已经申请#华为鸿蒙注册商标#】5月24日，国家知识产权局商标局网站显示，华为已经申请注册“华为鸿蒙”商标，申请日期是2018年8月24日，注册公告日期是2019年5月14日，专用权限期是从2019年5月14日到2029年5月13日。近日，华为消费者业务CEO余承东确认，华为正在研发自有操作系统，最快会在今年秋天、最晚明年春天面市，报道称华为自有操作系统会被命名为“鸿蒙”。O华为自研操作系统：已注册“华为鸿蒙”商标", "author": "新浪财经", "time": "新浪财经05月24日10:31 来自微博weibo.com", "transmit": 696, "comment": 450, "zan": 5038, "sentiment": [{"positive_prob": 0.243589, "confidence": 0.458691, "negative_prob": 0.756411, "sentiment": 0}]}, {"text": "【任正非：没有美国市场，华为也是世界第一】5月23日，华为创始人兼CEO任正非接受《时代》杂志专访，在谈到华为遭遇美国打压时，任正非称：“我不知道美国的动机是什么，美国我们暂时不做也没多大关系，至于美国市场我们有没有可能进去，对我们来说并不重要，因为没有美国市场我也是世界第一，我们没有迫切需要美国市场这个概念。”（《环球时报》三缺二视频组）@这视频L这视频的秒拍视频", "author": "环球时报", "time": "环球时报05月24日17:03 来自微博weibo.com", "transmit": 636, "comment": 695, "zan": 3853, "sentiment": [{"positive_prob": 0.54142, "confidence": 0.171593, "negative_prob": 0.45858, "sentiment": 1}]}, {"text": "【#华为内部员工信#：家人以前劝我离职现在劝不要当逃兵】华为心声社区发布了内部员工信《我们·华为人》，分享了华为员工的故事。有员工表示，无论我们从事什么岗位，无论我们在哪里，最重要的还是把自己能做的事情做好。还有员工表示，家人以前劝我离职，现在劝我不要当逃兵。​​​", "author": "中国日报", "time": "中国日报05月24日08:35", "transmit": 105, "comment": 170, "zan": 685, "sentiment": [{"positive_prob": 0.0177231, "confidence": 0.960615, "negative_prob": 0.982277, "sentiment": 0}]}, {"text": "【任正非再谈孟晚舟被抓：本来就是一个错误的事情】5月23日，华为创始人兼CEO任正非接受美国《时代》杂志专访，再次谈及女儿孟晚舟被抓一事，任正非表示，“我们只知道，孟晚舟在加拿大、美国都没有犯罪，抓孟晚舟本来就是一个错误的事情...只要大家敢于把所有的东西都公开，才能证明她是不是有问题。我们认为她不会有什么多大问题。”（《环球时报》三缺二视频组）@这视频L这视频的秒拍视频", "author": "环球时报", "time": "环球时报05月24日13:30 来自微博weibo.com", "transmit": 370, "comment": 897, "zan": 2677, "sentiment": [{"positive_prob": 0.0339111, "confidence": 0.924642, "negative_prob": 0.966089, "sentiment": 0}]}, {"text": "#NBA总决赛# 巅峰对决将至，老徐和我商量决定给兄弟们送波福利！当然，有脱发、发际线高等头发问题，可私信咨询他，靠谱！ 在此，转发+关注@徐鲁抽10人，每人1部华为P30Pro（￥5488）6月15号开奖@微博抽奖平台​O抽奖详情​", "author": "苏群", "time": "苏群05月24日11:53", "transmit": 16124, "comment": 6300, "zan": 3647, "sentiment": [{"positive_prob": 0.9416, "confidence": 0.870222, "negative_prob": 0.0584002, "sentiment": 2}]}, {"text": "【生活并不简单，我们勇往直前】5月23日，华为心声社区官方微博发布了内部员工信《我们·华为人》，很多华为员工讲述了最近发生在他们身上的故事↓↓不经历风雨怎么见彩虹？在风浪中不断成长进步的中国，就是对形形色色“霸凌主义”最好的回击！O生活并不简单，我们勇往直前​", "author": "央视新闻", "time": "央视新闻05月24日23:00 来自微博weibo.com", "transmit": 783, "comment": 274, "zan": 3183, "sentiment": [{"positive_prob": 0.399563, "confidence": 0.112083, "negative_prob": 0.600437, "sentiment": 0}]}, {"text": "鸿蒙一词，百度百科的解释。#华为鸿蒙系统#​", "author": "澎湃新闻", "time": "澎湃新闻05月24日18:12 来自微博weibo.com", "transmit": 245, "comment": 581, "zan": 1746, "sentiment": [{"positive_prob": 0.567066, "confidence": 0.0379248, "negative_prob": 0.432934, "sentiment": 2}]}, {"text": "【点沙成芯！一粒沙的逆袭之路……】近日，应对美国威胁断供芯片一事，华为拿出了“备胎”——海思“转正”。华为的这一应战，再一次将“芯片”话题推向舆论热点。那么，什么是芯片？如何制造芯片？涉及到多少高科技？目前中国“芯”处在什么阶段？又面临着哪些问题？戳图了解↓↓​", "author": "央视新闻", "time": "央视新闻05月24日13:32 来自微博weibo.com", "transmit": 772, "comment": 475, "zan": 2191, "sentiment": [{"positive_prob": 0.0654033, "confidence": 0.854659, "negative_prob": 0.934597, "sentiment": 0}]}, {"text": "【国际锐评：企图封堵十四亿人口的大市场，是痴人说梦！】近日，多家外企针对“与华为中止合作”的谣言，纷纷做出澄清，表示它们并没有因为美国政府的限制令而停止对华为供货等合作。这表明：美国对华为的出口管制令，损害了包括美国企业在内的多家外企的利益，不得人心。基于各国发展诉求和市场经济规律而构建的全球产业链，是谁也切不断的！某些美国政客封堵拥有十四亿人口中国大市场的企图，更是痴人说梦。搬起石头砸自己的脚，这恰恰是美方蛮横行径的结果。应该问一问美国那些失去理智的疯狂政客：你们能给美国的豆农、飞机制造商、芯片制造商们提供一个14亿人口的市场吗？全球化发展到今天，不管美方如何封堵打压，中国将始终向世界敞开大门，继续成为全球投资的热土、世界贸易的乐园。而自筑藩篱的美国政客，正加速将星条旗号驶向与世隔绝的“孤岛”。L央视新闻的秒拍视频@央视新闻", "author": "共青团中央", "time": "共青团中央05月24日21:56", "transmit": 1053, "comment": 573, "zan": 3482, "sentiment": [{"positive_prob": 0.963394, "confidence": 0.918653, "negative_prob": 0.0366062, "sentiment": 2}]}, {"text": "【企图封堵十四亿人口的大市场，是痴人说梦！】近日，多家外企针对“与华为中止合作”的谣言，纷纷做出澄清，表示它们并没有因为美国政府的限制令而停止对华为供货等合作。这表明：美国对华为的出口管制令，损害了包括美国企业在内的多家外企的利益，不得人心。基于各国发展诉求和市场经济规律而构建的全球产业链，是谁也切不断的！某些美国政客封堵拥有十四亿人口中国大市场的企图，更是痴人说梦。（央视）L央视新闻的秒拍视频", "author": "人民网", "time": "人民网05月24日20:27 来自搜狗高速浏览器", "transmit": 271, "comment": 232, "zan": 1133, "sentiment": [{"positive_prob": 0.95579, "confidence": 0.901755, "negative_prob": 0.0442104, "sentiment": 2}]}, {"text": "【央视国际锐评：企图封堵十四亿人口的大市场，是痴人说梦！】近日，多家外企针对“与华为中止合作”的谣言，纷纷做出澄清，表示它们并没有因为美国政府的限制令而停止对华为供货等合作。这表明：美国对华为的出口管制令，损害了包括美国企业在内的多家外企的利益，不得人心。基于各国发展诉求和市场经济规律而构建的全球产业链，是谁也切不断的！某些美国政客封堵拥有十四亿人口中国大市场的企图，更是痴人说梦。搬起石头砸自己的脚，这恰恰是美方蛮横行径的结果。应该问一问美国那些失去理智的疯狂政客：你们能给美国的豆农、飞机制造商、芯片制造商们提供一个14亿人口的市场吗？全球化发展到今天，不管美方如何封堵打压，中国将始终向世界敞开大门，继续成为全球投资的热土、世界贸易的乐园。而自筑藩篱的美国政客，正加速将星条旗号驶向与世隔绝的“孤岛”。L央视新闻的秒拍视频", "author": "环球时报", "time": "环球时报05月24日19:35 来自微博weibo.com", "transmit": 225, "comment": 121, "zan": 1164, "sentiment": [{"positive_prob": 0.963082, "confidence": 0.91796, "negative_prob": 0.0369182, "sentiment": 2}]}, {"text": "【任正非曾怼王健林小目标：毒害青少年】华为创始人任正2017年曾在在一个非公开场合表示，动不动搞个小目标就挣很多钱，这是毒害青少年，青少年还得奋斗！@梨视频L老板联播的秒拍视频​", "author": "新浪财经", "time": "新浪财经05月24日08:37 来自微博weibo.com", "transmit": 234, "comment": 248, "zan": 806, "sentiment": [{"positive_prob": 0.876026, "confidence": 0.724501, "negative_prob": 0.123974, "sentiment": 2}]}, {"text": "【英国消费者：听说华为手机可以拍月亮，这太棒了……】美国政府日前发布针对华为等公司的限制交易令，但这没有影响英国民众对华为手机的热情。戳视频，看惊喜的英国小哥哥小姐姐⬇⬇L新华视点的秒拍视频​", "author": "新华视点", "time": "新华视点05月24日08:36 来自微博weibo.com", "transmit": 124, "comment": 129, "zan": 919, "sentiment": [{"positive_prob": 0.924795, "confidence": 0.832878, "negative_prob": 0.0752051, "sentiment": 2}]}, {"text": "【被问到是否有具体证据显示华为“威胁”美国国家安全，蓬佩奥不停转移话题】当地时间5月23日，美国国务卿蓬佩奥接受CNBC电视台采访时，被主持人问及是否有证据能证明华为“威胁”美国国家安全。然而在回答问题时，彭佩奥却举不出任何证据，不停转移话题、顾左右而言他，只是反复声称，5G技术要符合西方的价值观和体系。（《环球时报》三缺二视频组）@这视频L这视频的秒拍视频", "author": "环球时报", "time": "环球时报05月24日14:30 来自微博weibo.com", "transmit": 318, "comment": 435, "zan": 603, "sentiment": [{"positive_prob": 0.0700849, "confidence": 0.844256, "negative_prob": 0.929915, "sentiment": 0}]}, {"text": "【#任正非谈美国市场#：不做美国市场，华为也是世界第一】5月23日，在接受《时代周刊》采访时，华为创始人任正非表示，不知道美国动机是什么，但美国市场暂时不做也没多大关系，因为没有美国，华为也是世界第一。同时，他还表示，华为在中美谈判中，没有这么大价值。L老板联播的秒拍视频​@老板联播", "author": "中国新闻周刊", "time": "中国新闻周刊05月24日15:44", "transmit": 132, "comment": 199, "zan": 776, "sentiment": [{"positive_prob": 0.819244, "confidence": 0.59832, "negative_prob": 0.180756, "sentiment": 2}]}, {"text": "华为内部员工信：家人以前劝我离职现在要我别当逃兵！@华为心声社区O华为员工内部信：家人曾劝我离职，现在要我别当逃兵！​", "author": "共青团中央", "time": "共青团中央05月24日12:00 来自微博weibo.com", "transmit": 770, "comment": 584, "zan": 4535, "sentiment": [{"positive_prob": 0.0376754, "confidence": 0.916277, "negative_prob": 0.962325, "sentiment": 0}]}, {"text": "【国际锐评：企图封堵十四亿人口的大市场，是痴人说梦！】近日，多家外企针对“与华为中止合作”的谣言，纷纷做出澄清，表示它们并没有因为美国政府的限制令而停止对华为供货等合作。这表明：美国对华为的出口管制令，损害了包括美国企业在内的多家外企的利益，不得人心。基于各国发展诉求和市场经济规律而构建的全球产业链，是谁也切不断的！某些美国政客封堵拥有十四亿人口中国大市场的企图，更是痴人说梦。搬起石头砸自己的脚，这恰恰是美方蛮横行径的结果。应该问一问美国那些失去理智的疯狂政客：你们能给美国的豆农、飞机制造商、芯片制造商们提供一个14亿人口的市场吗？全球化发展到今天，不管美方如何封堵打压，中国将始终向世界敞开大门，继续成为全球投资的热土、世界贸易的乐园。而自筑藩篱的美国政客，正加速将星条旗号驶向与世隔绝的“孤岛”。L央视新闻的秒拍视频", "author": "新浪财经", "time": "新浪财经05月24日20:36 来自微博weibo.com", "transmit": 212, "comment": 825, "zan": 616, "sentiment": [{"positive_prob": 0.968126, "confidence": 0.929168, "negative_prob": 0.0318745, "sentiment": 2}]}, {"text": "【人民网评：华为从容的背后，有我们时代的整体加持】华为遭遇美国极限施压之际，任正非接受媒体采访的内容刷屏。中国企业与中国企业家的自信、大气与从容，呈现于谈笑风生之间。从时代的角度审视，我们还需要探询，华为的从容，除了自身的实力支撑，还有什么宏阔的时代特征？O人民网评：华为从容的背后，有我们时代的整体加持​", "author": "人民网", "time": "人民网05月24日17:15 来自人民网微博", "transmit": 112, "comment": 137, "zan": 607, "sentiment": [{"positive_prob": 0.931906, "confidence": 0.848681, "negative_prob": 0.0680937, "sentiment": 2}]}, {"text": "【企图封堵十四亿人口的大市场，是痴人说梦！】近日，多家外企针对“与华为中止合作”的谣言，纷纷做出澄清，表示它们并没有因为美国政府的限制令而停止对华为供货等合作。这表明：美国对华为的出口管制令，损害了包括美国企业在内的多家外企的利益，不得人心。基于各国发展诉求和市场经济规律而构建的全球产业链，是谁也切不断的！某些美国政客封堵拥有十四亿人口中国大市场的企图，更是痴人说梦。L央视新闻的秒拍视频@央视新闻", "author": "中国新闻周刊", "time": "中国新闻周刊05月24日23:18", "transmit": 88, "comment": 168, "zan": 398, "sentiment": [{"positive_prob": 0.950992, "confidence": 0.891093, "negative_prob": 0.049008, "sentiment": 2}]}, {"text": "#假如醒来发现自己在高三#有什么想做的吗?380/从遇见你的那一刻起，凛冬散尽，星河长明/p4&6是关于华为材料作文的范文“研发有志中华有为”(抄的很着急大家将就看看叭/在变好的路上先说这些啦我写题去！studyaccount​", "author": "月枕宇宙", "time": "月枕宇宙05月24日22:10 来自studyaccount超话", "transmit": 120, "comment": 342, "zan": 1995, "sentiment": [{"positive_prob": 0.800022, "confidence": 0.555604, "negative_prob": 0.199978, "sentiment": 2}]}, {"text": "【华为“鸿蒙”实锤！其更多商标惊呆网友：简直是一整本中国神话】5月24日消息，国家知识产权局商标局网站显示，华为已经申请注册“华为鸿蒙”商标，并标注该商品可用于操作系统程序。5月20日，路透社援引消息人士的话称，谷歌宣布中止华为更新安卓系统。而次日华为西欧业务部副总裁回应，其实华为早已准备好应对方案：华为操作系统早已开始研发，并已在中国部分地区进行了测试，预计“很快”就能上市。与此同时，“鸿蒙”的名称也迅速流传网络。当记者进一步搜索华为注册的商标时，还发现“子龙”“浩天”“青鸟”“朱雀”……网友：太燃了！这是注册了一整本中国神话？O关注|华为“鸿蒙”实锤！其更多商标惊呆网友：简直是一整本中国神话", "author": "中国青年报", "time": "中国青年报05月24日18:00 来自微博weibo.com", "transmit": 252, "comment": 232, "zan": 992, "sentiment": [{"positive_prob": 0.0632027, "confidence": 0.85955, "negative_prob": 0.936797, "sentiment": 0}]}, {"text": "【国家知识产权局：华为已注册华为鸿蒙商标】据国家知识产权局商标局网站显示，华为已经申请注册“华为鸿蒙”商标，并标注该商品可用于操作系统程序。进一步搜索华为注册的商标，还能查到“鸿鹄”、“鸿雁”、“乾坤”、“昆仑”等。网友纷纷表示：简直是注册了一整本中国神话。O华为注册“鸿蒙”商标​", "author": "头条新闻", "time": "头条新闻05月24日21:56 来自微博weibo.com", "transmit": 171, "comment": 301, "zan": 898, "sentiment": [{"positive_prob": 0.0461339, "confidence": 0.89748, "negative_prob": 0.953866, "sentiment": 0}]}, {"text": "【国家知识产权局：华为已经申请#华为鸿蒙注册商标#除了鸿蒙，华为还注册了一批《山海经》中的神兽...朱雀、腾蛇、白虎、灵豸、饕餮、海蓝兽、紫薇星…来感受下中国科研人的#科学修仙#的浪漫国外网友也表示：欢迎“鸿蒙”！】ThenameofHuawei'ssoon-to-be-introducedself-developedoperatingsystemhaswonapplauseonChinesesocialmediaforitsculturalsignificance.ThewebsiteoftheTrademarkOfficeofNationalIntellectualPropertyAdministrationshowsthatthecompanyhastrademarked\"Hongmeng.\"ManyonlinehavepointedouttheOSname'sreferencetoancientChinesemythologyandclassicalliterature.ThecompanyisrollingoutitsownplatformtoreplacetheAndroidsystemafterGoogleblockeditsaccesstoupdatesinlinewiththeU.S.recentsanctionsontheChinesecompany.", "author": "CGTN", "time": "CGTN05月24日22:08 来自微博weibo.com", "transmit": 79, "comment": 48, "zan": 386, "sentiment": [{"positive_prob": 0.950113, "confidence": 0.88914, "negative_prob": 0.0498871, "sentiment": 2}]}, {"text": "【社评：班农恶语诳世，中美大戏方始】史蒂夫·班农近日对南华早报说，干掉华为比达成中美协议重要十倍。这是这位美国极右翼舆论领袖发出的最新狂言。美方的激进对华态度会迫使有的西方国家对它做出一点呼应，但它要想往前走太远，逼西方国家都与中国高科技企业脱钩，形成整个西方对中国的科技和经济冷战，势必遭到抵制。中国作为超大市场是西方国家继续繁荣的重要动力来源，同时保持与中美正常的经贸关系比跟从美国打压中国无疑是它们更好的选择。O社评：班农恶语诳世，中美大戏方始", "author": "环球时报", "time": "环球时报05月24日10:12 来自微博weibo.com", "transmit": 183, "comment": 598, "zan": 448, "sentiment": [{"positive_prob": 0.944876, "confidence": 0.877503, "negative_prob": 0.0551238, "sentiment": 2}]}]