[{"text": "用#华为nova6#让#自拍大不一样#！感谢这场惊喜的体验和到场守候的你们，让我的世界变得超广角❤️​", "author": "张铭恩_", "time": "张铭恩_2019年12月04日19:41 来自nova65G自拍大不一样", "transmit": 20830, "comment": 11360, "zan": 49677}, {"text": "【#华为首席律师被美国取消辩护资格#】当地时间12月3日，美国纽约布鲁克林地方法院法官安•唐娜莉（AnnDonnelly）“满足了”美国联邦检察官的要求，下令取消华为在美国一桩案件中“首席律师”詹姆斯•科尔（JamesCole）的辩护资格。由于忌惮科尔在此案中熟知美方的控诉筹码，美国司法部5月初以“利益冲突”为由，要求法院将他“踢出”华为的辩护团队。（观察者网）O首席律师被美国取消辩护资格，华为：保留上诉权利", "author": "新京报", "time": "新京报2019年12月04日12:17 来自微博weibo.com", "transmit": 1452, "comment": 20574, "zan": 197527}, {"text": "【果然，华为首席律师被美国取消辩护资格】当地时间12月3日，美国纽约布鲁克林地方法院法官安•唐娜莉（AnnDonnelly）“满足了”美国联邦检察官的要求，下令取消华为在美国一桩案件中“首席律师”詹姆斯•科尔（JamesCole）的辩护资格。O果然，华为首席律师被美国取消辩护资格（观察者网）​", "author": "环球时报", "time": "环球时报2019年12月04日22:10 来自微博weibo.com", "transmit": 122, "comment": 854, "zan": 4699}, {"text": "【华为首席律师被美国取消辩护资格】当地时间12月3日，美国纽约布鲁克林地方法院法官安•唐娜莉（AnnDonnelly）“满足了”美国联邦检察官的要求，下令取消华为在美国一桩案件中“首席律师”詹姆斯•科尔（JamesCole）的辩护资格。在把华为列入所谓的“实体清单”之前，美国政府针对这家中企的“打压”就已开始——2011年至2015年间，美国检方开始搜集华为涉嫌违反美国对伊朗制裁令的相关信息。而在此期间美国司法部的“二号人物”（副部长），正是随后转投成为华为、为该公司就“银行欺诈”和“违反制裁令”进行辩护的科尔。由于忌惮科尔在此案中熟知美方的控诉筹码，美国司法部5月初以“利益冲突”为由，要求法院将他“踢出”华为的辩护团队。O首席律师被美国取消辩护资格，华为：保留上诉权利", "author": "观察者网", "time": "观察者网2019年12月04日12:06 来自微博weibo.com", "transmit": 2622, "comment": 2070, "zan": 29271}, {"text": "罗曼.罗兰：人们总是崇尚伟大，但当他们真的看到伟大的面目时，却却步了！​", "author": "郎咸平", "time": "郎咸平2019年12月04日21:34 来自iPhone7", "transmit": 329, "comment": 0, "zan": 1083}, {"text": "【#华为首席律师被美国取消辩护资格#华为强烈抗议】针对美国检方质控华为“银行欺诈”和“违反制裁令”一案，美国检方又突然要求取消华为首席辩护律师詹姆斯·科尔的辩护资格，华为公司表示，“我们没有看到任何支持(美国)政府取消科尔代理律师资格以及剥夺华为宪法权利的事实依据。华为将坚决反对(美国)政府的这项动议。”O美国检方要求取消首席辩护律师资格华为强烈抗议", "author": "新浪科技", "time": "新浪科技2019年12月04日14:36 来自微博weibo.com", "transmit": 161, "comment": 484, "zan": 14210}, {"text": "【#华为首席律师被美国取消辩护资格#，华为：保留上诉权利】当地时间3日，美国纽约布鲁克林地方法院法官安•唐娜莉（AnnDonnelly）“满足了”美国联邦检察官的要求，下令取消华为在美国一桩案件中“首席律师”詹姆斯•科尔（JamesCole）的辩护资格。由于忌惮科尔在此案中熟知美方的控诉筹码，美国司法部5月初以“利益冲突”为由，要求法院将他“踢出”华为的辩护团队。华为4日表示，对于法庭的上述裁决结果感到失望，“我们认为这一裁决侵犯了美国宪法第六修正案赋予华为自由选择辩护律师的权利。我们保留在适当时候就这一裁决提出上诉的权利。”O首席律师被美国取消辩护资格，华为：保留上诉权利", "author": "Vista看天下", "time": "Vista看天下2019年12月04日12:42 来自微博weibo.com", "transmit": 206, "comment": 1078, "zan": 9130}, {"text": "【我们看看这些恨国蛆是怎么带节奏的】问：李爷，为什么以新京报和澎湃新闻为首的南方系媒体记者以及公知大V美狗还有自归畜类的陈不群都出来带节奏黑华为啊？答：检察院认定李洪元疑罪从无，无罪释放。它们此时认为检察院做的对，中国的法律是公正的，它们能成为干倒美帝想千法设百计都干不倒的华为的最后一根稻草。问：李爷，这么说我就不明白了。既然它们相信中国法制机构的认定结果，那华为回应说支持李洪元依法起诉，不仅李洪元绑架全国人民回应，就是这些人也不支持李洪元起诉，反而批评华为没有同理心连个道歉都没有啊？答：这正是它们不要脸之处啊！它们此时说的是什么呢？说的是蚂蚁怎么能强暴大象🐘？同理心一个人怎么能对抗的了华为这么大的公司？所以，它们此时不相信中国法治，华为必须道歉。问：李爷，这么说我更糊涂了。李洪元单打独斗，司法机关也没有支持华为的诉求。华为回应说支持李洪元依法起诉，李洪元做的不是起诉或者不起诉，而是绑架全国人民看看先他听全国人民的。无数媒体自媒体公知美狗敲锣打鼓，咋反而说华为回应太傲娇。李洪元在“全国人民”支持下咋反而不敢起诉华为而是要卖惨“逃离深圳”？答：不做亏心事，不怕鬼敲门。", "author": "无为李爷", "time": "无为李爷2019年12月04日08:52 来自HUAWEIP10Plus", "transmit": 326, "comment": 620, "zan": 2962}, {"text": "#华为首席律师被美国取消辩护资格##华为将起诉美国联邦通信委员会##华为回应首席律师被取消辩护资格#当地时间12月3日，美国纽约布鲁克林地方法院法官安•唐娜莉（AnnDonnelly）“满足了”美国联邦检察官的要求，下令取消华为在美国一桩案件中“首席律师”詹姆斯•科尔（JamesCole）的辩护资格。今日上午10点30分，华为在深圳举办重要新闻发布会。华为首席法务官、华为首席律师、华为企业沟通部副总裁等出席。你认为华为用法律武器维护自己的利益能在美国获胜吗？投票栏里写不下那么多字你认为华为用法律武器维护自己的利益能在美国？", "author": "工业科技迷", "time": "工业科技迷2019年12月04日13:58", "transmit": 70, "comment": 486, "zan": 9637}, {"text": "#易烊千玺2019玊尔演唱会#华为霸霸真的是很宠自家小孩了👏👏#千玺在nova星等你##去nova6发布会见千玺#@华为终端官方微博@华为终端客服​", "author": "Mr小易老板", "time": "Mr小易老板2019年12月04日20:00 来自易烊千玺超话", "transmit": 2701, "comment": 493, "zan": 3104}, {"text": "光影交织的红，是经典与潮流的碰撞。明天，共同期待#华为nova6#5G新品！#自拍大不一样#​", "author": "华为终端官方微博", "time": "华为终端官方微博2019年12月04日11:05 来自微博weibo.com", "transmit": 32256, "comment": 1404, "zan": 6621}, {"text": "给冬日的沉闷加点色彩吧~贝母白、夜阑灰、青山黛和丹霞橙，#华为MatePad#Pro让这个冬天格外温暖治愈​", "author": "德卡先生的信箱", "time": "德卡先生的信箱2019年12月04日21:10 来自微博weibo.com", "transmit": 1062, "comment": 743, "zan": 10923}, {"text": "【华为前员工李洪元：不起诉只想告诉任总华为内部说假话风气很重】对于华为“支持起诉”的回应，12月4日上午，李洪元对经济观察网记者称，不打算走法律途径，本人已在昨晚从深圳回到老家，目前为止没接到华为的任何私下沟通请求，但现在非常想见任总，一方面是解决个人的问题，同时希望向他讲，华为现在内部说假话的风气比较重。从12月1日，李洪元首次公开从离职到被羁押251天的过程，李洪元表示其最大诉求仍然不是法律途径，“华为是什么体量，我哪敢起诉，而且我对华为还是有感情的，毕竟来此工作了十几年”。李洪元表示最大诉求是和任正非沟通，“很多朋友私下跟我说，从结果来看，我工作没了，还坐了牢，而原来业务部门的人都得到高升。他们觉得业务造假的事情，是任总指使的，但我觉得我老板不是那样的人。这件事情我不相信，我希望见到任总”。李洪元表示，“另外我想和任总深度沟通，现在华为说假话的风气比较重，很多人在对媒体说假话，这种风气不太好。我觉得华为是中国的期望，但是这样下去，公司不可能走得更健康更长远。”（经济观察网记者沈怡然）O华为前员工李洪元：不起诉只想告诉任总华为内部说假话风气很重", "author": "经济观察报", "time": "经济观察报2019年12月04日12:32 来自微博weibo.com", "transmit": 287, "comment": 1234, "zan": 5772}, {"text": "人民网发文：华为的回应不是“法治”，而是以势压人“华为试图将自己塑造成最讲法律的企业，却利用法律来打压自己的前员工；华为说尊重法律，却又对司法机关的结论视而不见。这不是什么‘体现了法律面前人人平等的法治精神’，而是‘以势压人’的体现。”O华为的回应不是“法治”，而是以势压人​", "author": "王员外", "time": "王员外2019年12月04日11:51 来自真香警告", "transmit": 1681, "comment": 1802, "zan": 9324}, {"text": "【果然，华为首席律师被美国取消辩护资格】当地时间12月3日，美国纽约布鲁克林地方法院法官安•唐娜莉（AnnDonnelly）“满足了”美国联邦检察官的要求，下令取消华为在美国一桩案件中“首席律师”詹姆斯•科尔（JamesCole）的辩护资格。（详情请点击链接：O果然，华为首席律师被美国取消辩护资格）via观察者网​", "author": "环球网", "time": "环球网2019年12月04日20:54", "transmit": 87, "comment": 201, "zan": 1182}, {"text": "华为这个事，稍微爱惜羽毛的，现在都开始拼图还原真相了。就是李向上司暗示爆其短处要2N，公司不可能给，然后上司就把TB金给他了，自己还掏十万息事宁人。然后公司经其他员工举报发现了这事，自然报案了。但有力证据在李这一方，证据链不足以定罪入刑，最后只能放了。吃瓜群众要是不信，可以拉长时间看看，李后续就是给他一百个胆，也不敢再次对簿公堂。因为法律上证据不足，但上了法院，事大家都明白了。我个人估计，这套要2N的做法，在华为某些圈子里，是有攻略的。一般而言，华为干得不错的，离职跳槽，待遇都不错。这么折腾着拿2N，连上司自己钱包的钱都敢要，也不是什么好鸟。华为最早是用矩阵框架来组织的，后来找了IBM做IPD、ISC、CRM，这样有助于公司快速发展，流程化。虽然后来应对国际化，力图在集团层面摆脱原来矩阵化的影响，但实际上，在底下的BG\\BU里，矩阵化的企业文化基因依旧在，这和很多互联网企业天生的扁平化是不同的。比如说李案，如果是在扁平化企业中，其上司就根本没有TB金可以拿出来给他，也就不存在后面的问题。但在矩阵模式中，几乎每个中层手上都可以有一些隐性的权力用来对付灰色问题，这样，好处是权力效率高，坏处自然是权限容易超出边界。美国人又在拿华为说事，什么打算踢出金融链，这时候被人带节奏，智商渣渣都没了，以后也就别自称是财经圈了，名片上印上山东寿光第五大棚第八茬被收割蔬菜代表处代代表就好了。", "author": "唐史主任司马迁", "time": "唐史主任司马迁2019年12月04日15:44 来自360安全浏览器", "transmit": 946, "comment": 678, "zan": 6065}, {"text": "【美国考虑对华为动用“核选项”】路透社12月3日援引消息人士称，鉴于“华为事态”的发展，美国考虑在未来几个月内将华为列入“特别制定国民清单（SDN）”，该方案已经白宫国家安全委员会审议通过，被列为制裁华为的备选方案。根据规定，被列入SDN的企业将被冻结财产或财产权益，禁止进入美国金融系统，禁止使用美元进行交易。美国人和企业不得与SDN企业进行商业和财产往来，外国人和企业与SDN企业发生交易，也将受到二级制裁。美国商务部长罗斯指出，华为敦促其供应商将业务转移出美国以逃避美国制裁，“这是在鼓励美国企业违法”。就制裁力度而言，被列入SDN是美国能够使用的最具杀伤性的制裁武器。目前美国财政部官网上的SDN清单已经长达1346页，如果华为上榜，将成为有史以来清单中规模最大的企业，对华为将产生难以估量的深重影响，必须做好应对准备。", "author": "韩志国", "time": "韩志国2019年12月04日15:53", "transmit": 504, "comment": 997, "zan": 5512}, {"text": "#漫的片#漫姐@陈漫ChenMan掌镜@TFBOYS-易烊千玺x华为nova6广告大片。​", "author": "studiosix", "time": "studiosix2019年12月04日10:47 来自微博weibo.com", "transmit": 24492, "comment": 481, "zan": 2880}, {"text": "只要是依法行事，就应该理直气壮。有人说理是这么个理，但是华为应该口气柔和一些，或是就大家关注的问题进行解释。现在那些友商、敌对分子还有要吃人血馒头的媒体都等着来挑华为的刺，所有的回应都不会被接受，都会被曲解、挑刺，成为新的攻击点。这些就是想来把事情搞大的人，能被解释变得心平气和吗？而且这事就是华为和李洪元之间的事，向谁解释？", "author": "飞象网项立刚", "time": "飞象网项立刚2019年12月04日08:27 来自HUAWEIMate20X5G", "transmit": 807, "comment": 1176, "zan": 8221}, {"text": "就算网上舆情汹涌，但大学毕业生如果真收到一份华为和网易的OFFER，要拒绝还是很难的。#华为##网易#​", "author": "股市女人", "time": "股市女人2019年12月04日09:51", "transmit": 321, "comment": 3223, "zan": 19438}, {"text": "余承东这样的人竟然也看阴谋论的文章，相信有人花几百亿黑华为，相信一切幕后黑手是美国人+竞品公司+媒体。我以为只有没啥文化的粗人才会看这类文章，没想到堂堂余总…也“总有刁民要害朕”​", "author": "股社区", "time": "股社区2019年12月04日18:39 来自NEX35G", "transmit": 736, "comment": 1166, "zan": 8541}, {"text": "【#董明珠谈华为没有标杆#：制造业永远没有迷茫的那一天】格力电器董事长董明珠近日表示，当一个企业做到老大的时候，任正非说华为前面没有标杆了，是不是出现迷茫了。我认为一个企业发展，就是要做到没有标杆，你才是领先者。一个制造业永远没有迷茫的那一天。@老板联播L老板联播的微博视频​", "author": "梨视频", "time": "梨视频2019年12月04日08:02 来自科技·视频社区", "transmit": 26, "comment": 56, "zan": 399}, {"text": "金一南教授最新讲座谈华为5G与中美关系#社交媒体#L寰亚SYHP的微博视频​", "author": "寰亚SYHP", "time": "寰亚SYHP2019年12月04日22:24", "transmit": 495, "comment": 365, "zan": 2194}, {"text": "#千玺在nova星等你##去nova6发布会见千玺#华为霸霸又包大屏了，3788平方米的大屏，真是太好看了@华为终端官方微博@TFBOYS-易烊千玺#冷静和热情之间-TFBOYS-易烊千玺#L火羊宝的冰淇淋的微博视频​", "author": "火羊宝的冰淇淋", "time": "火羊宝的冰淇淋2019年12月04日19:48 来自易烊千玺超话", "transmit": 2737, "comment": 542, "zan": 2797}, {"text": "毛病都是惯出来的，莫国总觉得自己是太平洋的警察，#央视主播批美国政客病得不轻#你若战我便战，别再中国指手画脚。得道多助失道寡助！支持华为维权，#华为将起诉美国联邦通信委员会#走着瞧！#国家反恐办就美涉疆法案答记者问#LXjj_无争的微博视频​", "author": "Xjj_无争", "time": "Xjj_无争2019年12月04日13:25 来自OPPO超视野全面屏R15", "transmit": 155, "comment": 176, "zan": 1760}, {"text": "【#李洪元称其诉求只有见任正非才能解决#别人谁也没用】12月4日，这是华为陷入前员工风波的第六天，当日下午，记者电话对话了被拘251天的华为前员工李洪元，他已从深圳回到老家浙江。李洪元对于外界质疑的“曾威胁主管”、“刻意只进行部分录音”行为，表示否认。而截至目前，他要求和任正非当面沟通的诉求没有变，“我的诉求只有见了任总能解决，别人谁也没用”。O华为李洪元:我的诉求只有见任总能解决别人谁也没用", "author": "新浪科技", "time": "新浪科技2019年12月04日20:55 来自微博weibo.com", "transmit": 155, "comment": 673, "zan": 3684}, {"text": "香港事务不容任何外国干涉！有关香港的国际资讯快报#香港事务不容任何外国干涉#1、意大利国会通过决议：要求港府调查港警滥用武力。2、北约联合声明：中国崛起带来挑战。3、港独蟑螂连署请求剑桥撤林郑的荣誉院士头衔。4、澳洲国会准备搞事。5、英国议员促女皇取消港警“皇家”头衔。6、路透社烤李黄瓜。#近百香港市民赴美领馆抗议##华为首席律师被美国取消辩护资格#", "author": "茂哥日记", "time": "茂哥日记2019年12月04日20:19 来自微博weibo.com", "transmit": 145, "comment": 676, "zan": 4176}, {"text": "狐狸尾巴终于露出来了！我看到有的公知借着华为李洪元的事情，开始炒作内地也应该推行保释制度了！内地的公知粉，为什么不敢打砸抢？因为他们知道干坏事，真的会被抓，不像香港上午被抓，下午就放出来！内地如果被公知忽悠的也推行保释制度的话，公知粉们就可以肆无忌惮的打砸抢了！！！​", "author": "地瓜熊老六", "time": "地瓜熊老六2019年12月04日09:51 来自vivoiQOO生而强悍", "transmit": 366, "comment": 997, "zan": 6030}, {"text": "意料之中的来了。李洪元牵扯的是一桩涉嫌侵犯商业秘密的刑事案件，涉及多人，当中已经有人认罪，案件还在调查中。华为因为侵犯商业秘密报案，并不是赔偿金的问题，也不针对李洪元一个人，报案没有任何问题。而现在，除了美国的打压，国内还对华为有组织的攻击，这次就是利用李洪元针对华为进行的一次攻击。现在这个形势，已经不是简单的纠纷了……", "author": "巍岳钦禹", "time": "巍岳钦禹2019年12月04日21:33 来自HUAWEIP30Pro", "transmit": 272, "comment": 1105, "zan": 2973}, {"text": "最喜欢线索串起来一起看，这个joshuawong唯一关注了“不适应者”，这个“不适应者”知乎账号里关注的东西也值得深挖！然后这个微博号“拨了心弦”会发出这样的“拟就华为李洪元事件向深圳市南山区公安分局递交......”的申请，不跟#社区有条香水巷#一模一样吗？有冲锋也就有打配合的，钱报这个就是。​", "author": "椒江叶Sir", "time": "椒江叶Sir2019年12月04日20:51", "transmit": 127, "comment": 302, "zan": 1655}]