[{"text": "#耀，我所要#蜜语和甜颜，你更想要哪一个？@华为手机@VOGUE服饰与美容​", "author": "王子异", "time": "王子异02月11日14:05 来自nova4自拍极点全面屏", "transmit": 100, "comment": 163641, "zan": 224494, "sentiment": [{"positive_prob": 0.709617, "confidence": 0.354705, "negative_prob": 0.290383, "sentiment": 2}]}, {"text": "#耀，我所要#明眸璀璨，蜜语如糖。这个情人节，准备好和王子异一起，绽放出自己的“异”彩光芒了嘛？#华为nova4#​", "author": "华为手机", "time": "华为手机02月11日12:00 来自nova4自拍极点全面屏", "transmit": 131581, "comment": 28645, "zan": 21132, "sentiment": [{"positive_prob": 0.701353, "confidence": 0.336339, "negative_prob": 0.298647, "sentiment": 2}]}, {"text": "要蜜语，更要甜颜。这个情人节#耀，我所要#，快来和@王子异一起携手#华为nova4#绽放“异”彩光芒吧！​​", "author": "华为商城", "time": "华为商城02月11日15:02 来自nova4自拍极点全面屏", "transmit": 3102, "comment": 10391, "zan": 7778, "sentiment": [{"positive_prob": 0.428965, "confidence": 0.0467449, "negative_prob": 0.571035, "sentiment": 0}]}, {"text": "王子异#耀，我所要#大猪蹄子@王子异，不跟我回家过年，那就陪我过情人节喽~甜言蜜语，用华为nova4说给我听；酷炫日常，用华为nova4与我分享。2019年的情人节，愿普天下的喜，收获同款甜颜男友和爆款蜜语手机。@华为手机@VOGUE服饰与美容​", "author": "异周刊编辑部_王子异", "time": "异周刊编辑部_王子异02月11日16:38 来自王子异超话", "transmit": 719, "comment": 603, "zan": 1189, "sentiment": [{"positive_prob": 0.954835, "confidence": 0.899632, "negative_prob": 0.0451654, "sentiment": 2}]}, {"text": "#nova星人的vlog#我们华为nova代言人真帅想崽啦！期待崽崽的第二个vlog易烊千玺​", "author": "北欧十度以内的气温", "time": "北欧十度以内的气温02月11日16:49 来自xxxx.Android", "transmit": 33, "comment": 9, "zan": 345, "sentiment": [{"positive_prob": 0.938676, "confidence": 0.863723, "negative_prob": 0.0613245, "sentiment": 2}]}, {"text": "#耀，我所耀#时而酷炫夺目，时而柔情似水，你的耀眼从不止一面！王子异的“小心机”——#华为nova4#星耀版·蜜语红，你有get到嘛？[米奇比心]​", "author": "豆豆说", "time": "豆豆说02月11日18:00 来自微博weibo.com", "transmit": 137, "comment": 282, "zan": 522, "sentiment": [{"positive_prob": 0.443825, "confidence": 0.0137226, "negative_prob": 0.556175, "sentiment": 0}]}, {"text": "ISEE来收一波2019最新壁纸啊！！这辑#华为nova4#星耀版·蜜语红硬照里王子异真的在闪闪发光诶！#耀，我所要#开工第一日，看到这套图，都有点管不住我的小手手了！​", "author": "芒果捞扒客", "time": "芒果捞扒客02月11日19:00 来自微博weibo.com", "transmit": 1147, "comment": 1302, "zan": 1523, "sentiment": [{"positive_prob": 0.409149, "confidence": 0.0907793, "negative_prob": 0.590851, "sentiment": 0}]}, {"text": "和大多一起坐了JR来登别，下午去逛了个小而美的地方，冬天的伊达时代村，江户时代feel，忍者表演看得他很开心。没带相机就手机拍的照，话说华为居然还有古建筑拍摄模式，也是真的厉害了。#我们的北海道小日常#​", "author": "小多妈Yuki", "time": "小多妈Yuki02月11日16:00 来自HUAWEIMate20Pro", "transmit": 18, "comment": 53, "zan": 188, "sentiment": [{"positive_prob": 0.967022, "confidence": 0.926717, "negative_prob": 0.0329776, "sentiment": 2}]}, {"text": "【IDC：苹果第四季度中国出货量骤降20%因市场萎缩】据IDC报告，苹果在中国智能手机出货量排名第四，市场份额11.5%，领先于小米。整体市场在去年12月的季度下滑9.7%，至1.03亿部。华为手机出货量跳增23.3%，市场份额独占鳌头，达到29%。Oppo和Vivo的市场份额分别为19.6%和18.8%。OIDC：苹果第四季度中国出货量骤降20%因市场萎缩​", "author": "新浪科技", "time": "新浪科技02月11日12:53 来自微博weibo.com", "transmit": 65, "comment": 73, "zan": 79, "sentiment": [{"positive_prob": 0.909371, "confidence": 0.798601, "negative_prob": 0.0906294, "sentiment": 2}]}, {"text": "今年情人节就和王子异过了，安排上了，大家没意见吧！暖心boy拿着#华为nova4#星耀版·蜜语红，柔情蜜意，好甜好帅气，怦怦怦，都是心动的声音！#耀，我所要#​", "author": "娱叔", "time": "娱叔02月11日18:00 来自微博weibo.com", "transmit": 1077, "comment": 1727, "zan": 973, "sentiment": [{"positive_prob": 0.88617, "confidence": 0.747045, "negative_prob": 0.11383, "sentiment": 2}]}, {"text": "#耀，我所要#王子异与#华为nova4#星耀版·蜜语红情人节的浪漫宣传照，神仙颜值的翩翩少年耀眼而来。2019恋爱季，带着TA，邂逅真爱，让爱升温！​", "author": "娱乐大魔王", "time": "娱乐大魔王02月11日19:00 来自微博weibo.com", "transmit": 891, "comment": 812, "zan": 1068, "sentiment": [{"positive_prob": 0.993726, "confidence": 0.986058, "negative_prob": 0.00627392, "sentiment": 2}]}, {"text": "【华为去年芯片采购支出剧增45%成全球第三大芯片买家】Gartner的最新数据显示，华为去年半导体采购支出增加45%，超210亿美元，全球排名超过戴尔，位居三星和苹果之后，成为全球第三大芯片买家。除了华为，中国企业联想、小米和步步高，也跻身全球十大芯片采购商之列。O华为去年芯片采购支出剧增45%成全球第三大芯片买家​", "author": "新浪科技", "time": "新浪科技02月11日09:57 来自微博weibo.com", "transmit": 41, "comment": 97, "zan": 93, "sentiment": [{"positive_prob": 0.958461, "confidence": 0.907691, "negative_prob": 0.041539, "sentiment": 2}]}, {"text": "#创事记#【昂贵苹果吞下“后悔药”，国产手机慌不慌？】此前苹果提价，iPhoneXR把5K-6K以下的空间留给华为、OPPO、一加竞相争夺，XS则让华为Mate20Pro在8K档捡了便宜。当苹果回过神来低头认错，iPhone大幅降价，其销量大幅增加。对国产手机来讲，最好的机会失不再来。@歪道道O昂贵苹果吞下“后悔药”​", "author": "新浪科技", "time": "新浪科技02月11日11:19 来自微博weibo.com", "transmit": 22, "comment": 66, "zan": 70, "sentiment": [{"positive_prob": 0.815471, "confidence": 0.589935, "negative_prob": 0.184529, "sentiment": 2}]}, {"text": "王子异🌟#耀，我所要#这个情人节，和我们王子异一起邂逅#华为nova4#星耀版•蜜语红！@华为手机你的蜜语和甜颜，我们都要！💙@王子异​", "author": "鷰飛-yi", "time": "鷰飛-yi02月11日21:38 来自王子异超话", "transmit": 405, "comment": 477, "zan": 752, "sentiment": [{"positive_prob": 0.566243, "confidence": 0.0360954, "negative_prob": 0.433757, "sentiment": 2}]}, {"text": "【港媒：美施压盟友封堵华为遭冷落德意英拒绝追随】香港亚洲时报网站：在特朗普政府继续打压华为公司之际，美国官员向盟友施压的努力在欧洲似乎没有奏效。德国、意大利和英国近日发出信号：它们不会禁用中国的设备。O港媒：美施压盟友封堵华为遭冷落德意英拒绝追随​", "author": "参考消息", "time": "参考消息02月11日11:26 来自微博weibo.com", "transmit": 25, "comment": 18, "zan": 113, "sentiment": [{"positive_prob": 0.92147, "confidence": 0.825489, "negative_prob": 0.07853, "sentiment": 2}]}, {"text": "#对TA说晚安#假期结束，据说要启动个开工小仪式才能活过来？比如听一首喜欢的歌曲；穿上最炫目的新衣服；准备一顿丰盛的早餐……转评说说【你都有哪些独特的开工仪式？】小云将抽一位送出华为耳机。​", "author": "华为终端云服务", "time": "华为终端云服务02月11日23:00 来自微博weibo.com", "transmit": 247, "comment": 335, "zan": 167, "sentiment": [{"positive_prob": 0.984139, "confidence": 0.964754, "negative_prob": 0.0158605, "sentiment": 2}]}, {"text": "【华为成全球第三大芯片买家：去年支出超过210亿美元】市场研究公司Gartner最新数据显示，华为公司去年的半导体采购支出超过210亿美元，增加45%，成为全球第三大芯片买家，占据全球4.4%的市场份额。三星和苹果仍是去年全球最大两个芯片买家，占到整个市场份额分别是9.1%和8.8%。O华为成全球第三大芯片买家：去年支出超过210亿美元​", "author": "新浪科技", "time": "新浪科技02月11日18:00 来自微博weibo.com", "transmit": 18, "comment": 38, "zan": 49, "sentiment": [{"positive_prob": 0.945322, "confidence": 0.878493, "negative_prob": 0.0546781, "sentiment": 2}]}, {"text": "【华为展示未来科技！带智能手表的未来AR眼镜曝光——什么是AR？】什么是AR?增强现实（Augmented Reality，简称AR，区别于VR的虚拟现实），也被称之为混合现实。它通过电脑技术，将虚拟的信息应用到真实世界，真实的环境和虚拟的物体实时地叠加到了同一个画面或空间同时存在。（参考图3—图9，其他AR产品实现的应用场景）近日，华为AR眼镜专利在世界知识产权组织数据库中公布。眼镜本身没摄像头、监视器以及麦克风，需嵌入一块智能手表和眼镜配对实现更多功能，还可以将智能手表的内容反映在用户的眼中。（图1—图2）外媒预计华为的AR眼镜今年底或明年初上市，感觉怎么样，期待吗？#华为##科技##数码#", "author": "建华Wei业", "time": "建华Wei业02月11日19:34 来自华为超话", "transmit": 21, "comment": 45, "zan": 54, "sentiment": [{"positive_prob": 0.941168, "confidence": 0.869261, "negative_prob": 0.0588325, "sentiment": 2}]}, {"text": "刚看了我爸妈去以色列玩时候拍的照片，这次他们带了一个华为Mate10Fat，一个OPPOR17，都不是最好旗舰，但拍出来的照片给我震惊了！现在手机拍照对中老年人太友好了！尤其是华为的AI自动识别，识别出人脸之后自动打开人像模式，然后背景自动虚化，用户完全不用二次选择，真好。​", "author": "钟文泽", "time": "钟文泽02月11日20:52 来自普通家庭iPhoneXSMax", "transmit": 13, "comment": 125, "zan": 380, "sentiment": [{"positive_prob": 0.950029, "confidence": 0.888954, "negative_prob": 0.0499708, "sentiment": 2}]}, {"text": "【萌娃#摔烂妈妈手机承诺赔到2039年#】网友爆，春节前一萌娃摔烂妈妈iPhoneXSMax手机一台，双方无声友好协商，2039年1月31日前赔付妈妈华为手机最新款一台。网友争议萌娃无民事行为能力所以约定书无效。约定书是否有效另当别论，从小树立损坏别人东西要赔偿的意识，是对小朋友应有的教育。​​​​", "author": "央视网快看", "time": "央视网快看02月11日12:30 来自微博weibo.com", "transmit": 8, "comment": 15, "zan": 55, "sentiment": [{"positive_prob": 0.751292, "confidence": 0.447315, "negative_prob": 0.248708, "sentiment": 2}]}, {"text": "今年如果换5G手机的话，华为、荣耀、OPPO、vivo、小米、苹果，你会选择哪个牌子？​", "author": "中国IT杂谈", "time": "中国IT杂谈02月11日10:34", "transmit": 28, "comment": 1034, "zan": 219, "sentiment": [{"positive_prob": 0.524553, "confidence": 0.508938, "negative_prob": 0.475447, "sentiment": 1}]}, {"text": "【华为去年芯片采购支出剧增45%成全球第三大芯片买家】Gartner最新数据显示，华为去年半导体采购支出增加45%，超210亿美元，全球排名超过戴尔，位居三星和苹果之后，成为全球第三大芯片买家。除了华为，中国企业联想、小米和步步高，也跻身全球十大芯片采购商之列。详情O华为去年芯片采购支出剧增45%成全球第三大芯片买家​", "author": "环球市场播报", "time": "环球市场播报02月11日10:14 来自微博weibo.com", "transmit": 78, "comment": 9, "zan": 25, "sentiment": [{"positive_prob": 0.958449, "confidence": 0.907664, "negative_prob": 0.041551, "sentiment": 2}]}, {"text": "发布了头条文章：《李洪波：中国航天经历了华为的同款苦难》20年前，美国颁发禁令：中国航天不得发射有任何美国零件的航天器，意图封死中国航天的生路。可是，禁令使得中国航天更强大！华为动了5G标准的奶酪。今天，美国封堵华为势头不减。华为已经做好了准备与选择：拿出任谁都离不开的绝活！O李洪波：中国航天经历了华为的同款苦难", "author": "王育琨", "time": "王育琨02月11日06:36 来自微博weibo.com", "transmit": 67, "comment": 26, "zan": 70, "sentiment": [{"positive_prob": 0.754418, "confidence": 0.454262, "negative_prob": 0.245582, "sentiment": 2}]}, {"text": "【中国使团发言人驳斥欧盟总部周围有250中国间谍是捕风捉影】中国驻欧盟使团发言人昨天驳斥说，有关传闻是捕风捉影，敦促有关方公正看待中欧关系。受访中国学者则认为，有关中国间谍的指控近期在欧洲更集中出现，离不开中美关系恶化的影响，尤其华为风波发酵之际，一些欧洲国家更担心美国与它们联盟体系的安全。O中国使团发言人驳斥欧盟总部周围有250中国间谍是捕风捉影", "author": "早报网", "time": "早报网02月11日08:05 来自微博weibo.com", "transmit": 49, "comment": 99, "zan": 46, "sentiment": [{"positive_prob": 0.856852, "confidence": 0.681893, "negative_prob": 0.143148, "sentiment": 2}]}, {"text": "返工路上长路漫漫，手机续航能力却令人忧伤？#华为Mate20#Pro拥有4200mAh大容量电池，续航强劲持久，超长路途乐趣不断。L华为手机官方的秒拍视频​", "author": "华为终端公司", "time": "华为终端公司02月11日10:53 来自微博weibo.com", "transmit": 8, "comment": 37, "zan": 130, "sentiment": [{"positive_prob": 0.889514, "confidence": 0.754475, "negative_prob": 0.110486, "sentiment": 2}]}, {"text": "IDC：苹果四季度在华手机出货量骤降20%，市场份额为11.5%，排名第四。华为四季度在华手机出货量跳增23.3%，市场份额达到29%，排名首位。Oppo和Vivo的市场份额分别为19.6%和18.8%。​", "author": "华尔街见闻APP", "time": "华尔街见闻APP02月11日13:13 来自微博weibo.com", "transmit": 17, "comment": 20, "zan": 26, "sentiment": [{"positive_prob": 0.755869, "confidence": 0.457488, "negative_prob": 0.244131, "sentiment": 2}]}, {"text": "【摆脱“束缚”，轻松跑出第一名！】#玩机技巧#朋友圈每日的计步排行榜里，你得过几次第一名？华为Mate20系列的精准计步“黑科技”，让你上班不用抖腿，健身不再配装备，轻装上阵，稳拿第一！L华为EMUI的秒拍视频​", "author": "华为EMUI", "time": "华为EMUI02月11日18:10 来自秒拍网页版", "transmit": 16, "comment": 36, "zan": 90, "sentiment": [{"positive_prob": 0.89344, "confidence": 0.763199, "negative_prob": 0.10656, "sentiment": 2}]}, {"text": "还不够暴iPhone四季度在华出货量暴跌20%OiPhone四季度在华出货量暴跌2成，华为崛起美国知名市场研究机构国际数据公司（IDC）2月11日发布报告称，2018年最后一个季度，苹果在中国的智能手机出货量估计同比下降近20%。彭博社报道指出，在全世界最大的移动设备“竞技场”上，苹果面临如华为等中国本土竞争对手的挑战，出货量跳水凸显出这家iPhone制造商“撤退的规模”。", "author": "中科大胡不归", "time": "中科大胡不归02月11日17:34 来自观网App", "transmit": 11, "comment": 17, "zan": 83, "sentiment": [{"positive_prob": 0.114431, "confidence": 0.74571, "negative_prob": 0.885569, "sentiment": 0}]}, {"text": "【IDC最新数据：苹果第四季度中国出货量，同比暴跌20%，华为增涨23%】1.华为30.0(单位：百万台)2.OPPO20.33.vivo19.44.苹果11.85.小米10.3为啥你们都不喜欢买苹果手机了​", "author": "吴小杰WJie", "time": "吴小杰WJie02月11日13:24 来自iPhoneXSMax", "transmit": 5, "comment": 108, "zan": 75, "sentiment": [{"positive_prob": 0.596924, "confidence": 0.104275, "negative_prob": 0.403076, "sentiment": 2}]}, {"text": "可能现在有不少人关注的一件事就是：即将发布的三星S10系列的拍照能否打过华为P30系列。你觉得呢？​", "author": "搞机圈的那些事", "time": "搞机圈的那些事02月11日15:31 来自微博weibo.com", "transmit": 7, "comment": 63, "zan": 81, "sentiment": [{"positive_prob": 0.660201, "confidence": 0.244891, "negative_prob": 0.339799, "sentiment": 2}]}]