[{"text": "【韦慧晓，中国海军第一位女实习舰长】23岁在华为就职，27岁获环球洲际小姐大赛中国特区赛区十佳，同年以第一名考入中山大学研究生，28岁赴西藏支教，30岁成为博士，31岁开始向军队连投3年简历，自荐材料写了200多页，35岁迈入军旅生涯，现在是中国海军郑州舰实习舰长。素材来源：央视新闻​", "author": "我是落生", "time": "我是落生04月23日10:09 来自微博weibo.com", "transmit": 1240, "comment": 274, "zan": 1011, "sentiment": [{"positive_prob": 0.746964, "confidence": 0.437697, "negative_prob": 0.253036, "sentiment": 2}]}, {"text": "华为确实该反思一下过度美颜了。追求极致没错，但不应该包括美颜，女的都整成范冰冰，男的都整成吴京，还叫照片吗？#通信舆情#​", "author": "付亮的竞争情报应用", "time": "付亮的竞争情报应用04月23日09:29 来自微博weibo.com", "transmit": 253, "comment": 2120, "zan": 3240, "sentiment": [{"positive_prob": 0.0544293, "confidence": 0.879046, "negative_prob": 0.945571, "sentiment": 0}]}, {"text": "来自华为员工​", "author": "贰手艺术家", "time": "贰手艺术家04月23日09:28 来自HUAWEIP30Pro", "transmit": 92, "comment": 1070, "zan": 2102, "sentiment": [{"positive_prob": 0.470742, "confidence": 0.414838, "negative_prob": 0.529258, "sentiment": 1}]}, {"text": "在导演@麦子眼里，#未来影像#是去发现双眼看不到的真实与美好。她用#华为P30#Pro拍摄2500余张照片，制作定格动画《大象》，用现代科技表达传统艺术的美好质感。L华为终端官方微博的微博视频​", "author": "华为终端官方微博", "time": "华为终端官方微博04月23日11:07 来自微博视频", "transmit": 601, "comment": 131, "zan": 1974, "sentiment": [{"positive_prob": 0.965822, "confidence": 0.92405, "negative_prob": 0.0341776, "sentiment": 2}]}, {"text": "华为2019年Q1的财报里，手机出货5900万台，同比增长50%，仔细挖的话，这个数字有这么几个点，需要层层递进去看：1、根据IDC的数据，一年前的2018Q1，华为出货3930万台，是三星的一半。一年后增长到5900万，确实是50%的同比增速，季度出货达到三星的8成以上，差距急速缩小。如今全球手机出货增长近乎停滞（甚至略微负增长），你多吃一口，别人就少吃一口。2、虽说同比大增，但环比其实是持平的。华为在2018年Q2就实现了5400万台的出货量，2018年Q4更是达到6050万台。2019年Q1的5900万台环比2018年Q4其实是持平略跌一点。3、虽说是环比持平略跌，但再看一个数字：2017年Q4，华为出货量4100万，2018年Q1下降到3930万，也是持平略跌。这和华为的产品发布节奏有关：P系列二季度初发布、Mate系列三季度末发布、荣耀数字系列比P系列略晚，V系列比Mate系列略晚——1季度对华为而言是传统淡季。在淡季过去、新机发布以后，华为去年Q2相比Q1增长近40%（得益于P20、荣耀数字系列等新机发布）。那么今年呢？华为在一季度就达到了5900万，那在二季度、三季度的新机密集发布期，如果继续环比高速增长，那就很恐怖了。按照这个节奏，在今年二季度或者三季度，就可能出现华为单季出货超三星，问鼎世界第一，而且如之前所分析的，在旗舰机型的销量上也赶超三星。小结一下就是——淡季基本不降、旺季再上台阶——华为这是在断人活路。相比之下，二线厂商里比较弱势的，就正在出现新机发布期尽量不跌，新机断档期再下台阶的景象，这其中的区别需要看清楚。特别是对于利益相关者，一方面要在其位谋其职，另一方面也要客观地思考一下自己未来的出路，不要自己把自己骗了。4、其他厂商也没闲着，华为也不是铁稳。看看荣耀今年已发布的机器、再看看友商今年的激进和诚意。连三星都开始下泥巴地肉搏，推出1499能和红米pk性价比的机器，今年明年的斗争会是很惨烈的，华为只能更快、更大幅度地把拍照和SoC下放，才能保持势头。华为现在从事芯片和系统软件等等偏基础研发的有2万人，在试图打造一条全产业链。从服务器到手机、从云到端，从芯片到系统软件到操作系统，华为自有生态足够支撑起这一系列基础研发，并正向循环。再过三五年，等整个链条都成熟了，会发生质变。华为的行事风格是能自己做就自己做，对自己暂时不能做的，则是先借力、再慢慢淡化并替代之（如寒武纪）。同时也有耐心，能不顾短期利益地扶持自研芯片、扶持国产面板厂。先是通过应用层的创新来弥补基础层的不足，把产品卖出去、还卖得好。而当基础能力也起来之后，就是摧枯拉朽了。上周和一位在运营商总部的同学吃饭，他对通信设备商的起起落落感触很深：最开始华为是产品有差距，但服务好。7*24小时随叫随到、定制化解决客户诉求。而几家外企则需要甲方去按部就班走流程。后来华为的技术起来了，外企无论哪方面都比不过了，主要用途就是分点订单避免华为骄傲。华为手机也是类似的路子，先从客户体感强的电池、信号、拍照做起，用应用养基础，一步步做大做强。再比如华为云，做应用的同时也在养自研arm服务器芯片。嵌入式领域也类似，如LiteOS、自研嵌入式AI芯片等。而从服务器芯片到手机芯片再到嵌入式芯片，又是一个可以层层下放能力的链条。华为在做一个宏大的蓝图，横向纵向皆可做广做深，而这样的布局也是断人活路很遭人恨的。", "author": "北京塞冬", "time": "北京塞冬04月23日12:30 来自微博weibo.com", "transmit": 734, "comment": 346, "zan": 802, "sentiment": [{"positive_prob": 0.937748, "confidence": 0.861663, "negative_prob": 0.0622518, "sentiment": 2}]}, {"text": "#三星折叠屏手机推迟上市#昨天，一度“倔强”的三星宣布将推迟其原定于4月26日发售GalaxyFold折叠屏手机。时间嘛，韩联社猜测少则两周，长则两个月。值得注意的是，在三星宣布推迟的同期，出现了华为“MateX要推迟到9月份上市”的谣言，后经辟谣，MateX的6月上市并没有变动。三星还公布了对折叠屏问题检查的初步结果，称问题可能与铰链顶部和底部暴露区域受撞击有关，再者就是在设备内部发现的不明物体也影响了显示性能。", "author": "观察者网", "time": "观察者网04月23日13:19 来自微博weibo.com", "transmit": 14, "comment": 72, "zan": 97, "sentiment": [{"positive_prob": 0.0336317, "confidence": 0.925263, "negative_prob": 0.966368, "sentiment": 0}]}, {"text": "同是15年上市的华为p8和iphone6s，6s现在还有人用，p8现在还有人用吗​", "author": "IT科技侠", "time": "IT科技侠04月23日21:06 来自微博weibo.com", "transmit": 39, "comment": 1128, "zan": 396, "sentiment": [{"positive_prob": 0.38223, "confidence": 0.150599, "negative_prob": 0.617769, "sentiment": 0}]}, {"text": "#华为FreeLace#无线耳机今天正式开售，喜欢的别错过！O网页链接​", "author": "余承东", "time": "余承东04月23日16:01 来自HUAWEIP30Pro", "transmit": 29, "comment": 252, "zan": 573, "sentiment": [{"positive_prob": 0.900485, "confidence": 0.778857, "negative_prob": 0.0995146, "sentiment": 2}]}, {"text": "光线再暗，#华为P30#系列也能记录她最可爱的样子~L华为终端官方微博的秒拍视频​", "author": "华为终端官方微博", "time": "华为终端官方微博04月23日22:02 来自微博weibo.com", "transmit": 55, "comment": 107, "zan": 603, "sentiment": [{"positive_prob": 0.808652, "confidence": 0.574782, "negative_prob": 0.191348, "sentiment": 2}]}, {"text": "【华为全球培训中心，正式启用！】#关注#作为华为第一个直接面向客户界面的独立场地，位于滨江区六和路的华为全球培训中心于近日举办了乔迁仪式。培训中心以建筑美感和科技内核赢得了参培学员和来宾的一致赞叹，作为华为面向客户界面的重要窗口，将为全球170多个国家的高端人才提供ICT培训服务。O华为全球培训中心，正式启用！", "author": "杭州发布", "time": "杭州发布04月23日20:36 来自政务直通车", "transmit": 34, "comment": 28, "zan": 25, "sentiment": [{"positive_prob": 0.994668, "confidence": 0.988152, "negative_prob": 0.00533184, "sentiment": 2}]}, {"text": "【中国金融如果也有华为那样的干将，那么越打我们越强】#眉山论剑#中国金融开放，会面临风险吗？肯定会，而且还可能有不小的损失。但是中国怕损失吗？怕也不怕。想想中国的制造业是怎么崛起的？曾经大量的国际巨头进入中国，极大地冲击了中国国企民企。然而在竞争中，越来越多的“干将”出现了，华为、振华、大疆、腾讯……换句话说，将来美国金融上打得再狠，能有今天对华为打得狠吗？不但想着国际上围堵，连绑架这种下三路的耍赖泼皮都使出来，但是华为却仍旧可以逆势而上。这就是陈平老师为什么认为，锻炼出一批像任正非这样的战将，才是对中国金融最重要最有价值的事。L观视频工作室的秒拍视频", "author": "观视频工作室", "time": "观视频工作室04月23日15:10 来自专业版微博", "transmit": 108, "comment": 55, "zan": 172, "sentiment": [{"positive_prob": 0.493956, "confidence": 0.879112, "negative_prob": 0.506044, "sentiment": 1}]}, {"text": "华为一直努力推动手机行业影像技术的突破，让科技更好地服务于生活，服务于艺术创作，导演@麦子用HUAWEIP30Pro拍摄2500余张照片，将现代科技与传统艺术结合，制作定格动画《大象》，很有意义L华为终端官方微博的微博视频​", "author": "华为何刚", "time": "华为何刚04月23日17:52 来自HUAWEIP30Pro", "transmit": 46, "comment": 51, "zan": 288, "sentiment": [{"positive_prob": 0.977262, "confidence": 0.94947, "negative_prob": 0.0227383, "sentiment": 2}]}, {"text": "华为手机在国内比国外便宜，不必感谢华为，而应该感谢小米、OPPO、Vivo。现在能买到相对便宜的Cisco设备，倒是应该大大地感谢华为。AMD不给力，Intel就挤牙膏，也是一个道理。​", "author": "tombkeeper", "time": "tombkeeper04月23日23:25 来自XiaoMiPhone客户端", "transmit": 75, "comment": 129, "zan": 416, "sentiment": [{"positive_prob": 0.991859, "confidence": 0.981909, "negative_prob": 0.00814069, "sentiment": 2}]}, {"text": "#三文娱资讯#【做不好动画的广告不是好华为，这糯糯的旁白让人豪无抵抗力】刚刚，@华为终端官方微博发布了一条视频，由@麦子拍摄的2500余张照片，制作的定格动画《大象》。古色古香的背景音乐搭配儿童糯糯的旁白，为短片增色不少。用现代科技表达传统艺术的美好质感。L三文娱-国漫观察的微博视频​", "author": "三文娱-国漫观察", "time": "三文娱-国漫观察04月23日13:36 来自专业版微博", "transmit": 80, "comment": 4, "zan": 50, "sentiment": [{"positive_prob": 0.983402, "confidence": 0.963116, "negative_prob": 0.016598, "sentiment": 2}]}, {"text": "灵魂拷问：你有多久没读完一本书了____？#世界读书日#，和#华为平板M5#青春版一起，读本好书吧！​​​", "author": "华为终端官方微博", "time": "华为终端官方微博04月23日14:00 来自微博weibo.com", "transmit": 20, "comment": 131, "zan": 359, "sentiment": [{"positive_prob": 0.39072, "confidence": 0.131733, "negative_prob": 0.60928, "sentiment": 0}]}, {"text": "发布了头条文章：《关于华为的月亮是否造假的思考》O关于华为的月亮是否造假的思考​", "author": "可喵是一只奇怪的橘猫", "time": "可喵是一只奇怪的橘猫04月23日15:32 来自微博weibo.com", "transmit": 409, "comment": 316, "zan": 236, "sentiment": [{"positive_prob": 0.598142, "confidence": 0.106983, "negative_prob": 0.401858, "sentiment": 2}]}, {"text": "NASA天文级相机拍摄的，10亿级像素，看看什么概念！！不过，似乎华为P30也相当猛L胡椒视频的秒拍视频​", "author": "科技view", "time": "科技view04月23日08:01 来自皮皮时光机", "transmit": 50, "comment": 28, "zan": 86, "sentiment": [{"positive_prob": 0.92308, "confidence": 0.829068, "negative_prob": 0.0769196, "sentiment": 2}]}, {"text": "华为新机在台湾省开售，超3500人排队抢购创纪录L华为新机在台湾开售，超3500人排队抢购创纪录​", "author": "义勇军--鬼谷子", "time": "义勇军--鬼谷子04月23日02:28 来自腾讯视频", "transmit": 24, "comment": 84, "zan": 190, "sentiment": [{"positive_prob": 0.883466, "confidence": 0.741035, "negative_prob": 0.116534, "sentiment": 2}]}, {"text": "导演麦子新作《大象》，中国风满满的寓言故事，拍得很有意境啊，最牛的是它竟然是用#华为P30#Pro手机拍摄！一台用手机媲美专业器材党的神短片，了解下？#未来影像#L华为终端官方微博的秒拍视频​", "author": "ba哥专用", "time": "ba哥专用04月23日13:35 来自微博weibo.com", "transmit": 731, "comment": 526, "zan": 1464, "sentiment": [{"positive_prob": 0.969979, "confidence": 0.933286, "negative_prob": 0.0300211, "sentiment": 2}]}, {"text": "\"作为导演麦子的小粉丝，迫不及待品起她的新作《大象》，作品一如既往的富有深意，我的爱豆怎么这么优秀！不需要繁重的“砖业设备”，#华为P30#Pro也能创作专业精品！为#未来影像#，为亲民科技打CALL。L华为终端官方微博的秒拍视频\"​", "author": "朕硕", "time": "朕硕04月23日13:00 来自微博weibo.com", "transmit": 643, "comment": 556, "zan": 2339, "sentiment": [{"positive_prob": 0.97958, "confidence": 0.954623, "negative_prob": 0.0204197, "sentiment": 2}]}, {"text": "如同科幻大片！华为在国外展示5G操控智能机器人技术，逗的在场中东土豪们哈哈大笑，会不会当场就买回家？#上海已建500个5G基站#L建华Wei业的微博视频​", "author": "建华Wei业", "time": "建华Wei业04月23日12:15 来自手机超话", "transmit": 82, "comment": 63, "zan": 397, "sentiment": [{"positive_prob": 0.887631, "confidence": 0.750291, "negative_prob": 0.112369, "sentiment": 2}]}, {"text": "#中国联通合作伙伴大会#【#联通5G友好体验#，这些终端首批和公众“零距离”】中国联通首批5G友好体验终端有12个品牌共15款，看看有你的品牌吗：5G手机：华为MATE20X，中兴天机AXON10pro，小米MIX3，OPPORENO，vivoNEX，努比亚mini5G。5GCPE：华为 pro，中兴MC801，TCL F296，诺基亚FASTMILE，HTCSmarthub。 5G模组：移远rg500q/rm500q，闻泰WM518，广和通FG100。", "author": "中国联通", "time": "中国联通04月23日22:27", "transmit": 228, "comment": 80, "zan": 113, "sentiment": [{"positive_prob": 0.962773, "confidence": 0.917273, "negative_prob": 0.0372272, "sentiment": 2}]}, {"text": "所有的职业规划，本质上都是贫穷规划，说白了打工就不挣钱（别跟我说什么也有年薪千万的），规划来规划去，不还是不挣钱，规划了20年，老板不需要你了一脚踢开，一切归零，重头开始，就回到了10年前，这种案例我见过太多。华为阿里以前年薪百万的，到了35或者40岁，现在啥也干不了，工资低的看不上，高的实在找不到，现在天天在家看孩子，无所事事，这样的我也见过不少。你工作的时候，说好听点就总监，叫VP，说难听点不就是一个高级打工仔吗？以前一个朋友在顺丰优选做总监，他们6年换了7个CEO，这他妈哪叫高管啊，这就是赤裸裸的被老板当成了一条召之即来挥之即去的一条狗啊。", "author": "_村西边老王_", "time": "_村西边老王_04月23日10:47 来自微博weibo.com", "transmit": 74, "comment": 33, "zan": 87, "sentiment": [{"positive_prob": 0.0359458, "confidence": 0.92012, "negative_prob": 0.964054, "sentiment": 0}]}, {"text": "为什么任正非只占华为1.01%的股权，背后原因让人点赞L科技万事通的微博视频​", "author": "科技万事通", "time": "科技万事通04月23日16:13 来自微博网页", "transmit": 84, "comment": 9, "zan": 11, "sentiment": [{"positive_prob": 0.717063, "confidence": 0.371252, "negative_prob": 0.282937, "sentiment": 2}]}, {"text": "华为发布了方舟编译器的介绍。措辞比较软，大概内容已经足够清楚了。​", "author": "欧阳秋叶", "time": "欧阳秋叶04月23日15:07", "transmit": 49, "comment": 429, "zan": 316, "sentiment": [{"positive_prob": 0.722186, "confidence": 0.382636, "negative_prob": 0.277814, "sentiment": 2}]}, {"text": "【#iPhone销量落后华为三分之一# 分析师：定价太高】华为财报显示，今年一季度实现智能手机发货量超5900万部；研究机构分析，iPhone一季度销量在3700万至4200万部之间，落后华为三分之一。分析师认为iPhone在中国节节败退，80%的原因是定价错误，iPhoneXR价格可以降低50%或20%。L新京报我们视频的秒拍视频​", "author": "新京报我们视频", "time": "新京报我们视频04月23日23:55 来自微博weibo.com", "transmit": 14, "comment": 94, "zan": 60, "sentiment": [{"positive_prob": 0.034879, "confidence": 0.922491, "negative_prob": 0.965121, "sentiment": 0}]}, {"text": "本文用的所有图片，除了题图和最后一张图是官方的新闻图，其他全部是我在这一天差不多12个小时的时间里用华为P30Pro拍摄的，没有后期，没有裁剪。我说了，我意图用游客的视角和身份，去更真实地表现华为P30Pro能在旅游中能做到的事情。同样的，也不要过分去苛求什么画质，手机拍摄的图片，最合适呈现的，就是在手机屏幕，就是应该能马上分享到微博、朋友圈这些能让更多人看到的地方。手机影像最大的意义本就是如此，而P30Pro本身，则是将过去那些手机拍照的不可能变为可能……至于有些软件的问题，华为的小伙伴说了：“软件问题，OTA就给你搞定啦！”O“我也想买个P30”，华为P30Pro与成都相遇12小时", "author": "新潮电子徐林", "time": "新潮电子徐林04月23日12:12 来自微博weibo.com", "transmit": 27, "comment": 44, "zan": 156, "sentiment": [{"positive_prob": 0.532799, "confidence": 0.344013, "negative_prob": 0.467201, "sentiment": 1}]}, {"text": "【专家批美国5G战略：除了一味攻击华为无计可施】美国消费者新闻与商业频道网站：不久前，特朗普发出了一个雄心勃勃的号召，称“5G竞赛已经开始，美国只许赢不能输”。但专家认为，美国政府缺乏发展5G技术的清晰战略，结果就只能搬出所谓“国家安全”来应对来自华为和中国的挑战。O网页链接​", "author": "参考消息", "time": "参考消息04月23日21:20 来自微博weibo.com", "transmit": 22, "comment": 17, "zan": 85, "sentiment": [{"positive_prob": 0.070128, "confidence": 0.84416, "negative_prob": 0.929872, "sentiment": 0}]}, {"text": "要不是查到，还真不知道今天华为又拿出7亿成立了一家哈勃科技投资公司，前有方舟，又来哈勃！听名字都感觉又要做大事的节奏，华为这几年在科技方面是真舍得投钱，反观这两天有家公司老总拿出一亿研发费还大肆的炫耀，华为有时候太低调了！#华为##科技#​", "author": "建华Wei业", "time": "建华Wei业04月23日20:18 来自手机超话", "transmit": 14, "comment": 73, "zan": 132, "sentiment": [{"positive_prob": 0.74633, "confidence": 0.436288, "negative_prob": 0.25367, "sentiment": 2}]}, {"text": "\"最近被一部动画《大象》圈粉！全片用#华为P30#Pro手机进行拍摄。导演是曾和窦靖童合作《幻月》的麦子，#未来影像#在技术颠覆中，让经典新生。忍不住看了好几遍，感觉get了重要的人生道理！L华为终端官方微博的秒拍视频\"​", "author": "汤媛媛Mini", "time": "汤媛媛Mini04月23日15:20 来自微博weibo.com", "transmit": 3609, "comment": 3403, "zan": 4843, "sentiment": [{"positive_prob": 0.964064, "confidence": 0.920142, "negative_prob": 0.0359362, "sentiment": 2}]}]