[{"text": "【小伙#放弃华为工作创业做麻辣拌#：想让大家吃上最正宗的口味】辽宁抚顺的麻辣拌享誉全国，其食材主要有土豆、豆皮、丸子、豆泡等原料组成。在煮过后沥干水分，加入调味料拌均匀。广州美院毕业的李易明为了让人能吃到一份正宗的抚顺麻辣拌，于是放弃华为的UI设计师工作，回家开了一家麻辣拌小店。@淘宝吃货L淘宝吃货的秒拍视频", "author": "梨视频", "time": "梨视频05月01日21:58 来自微博weibo.com", "transmit": 98, "comment": 153, "zan": 449, "sentiment": [{"positive_prob": 0.980776, "confidence": 0.95728, "negative_prob": 0.0192238, "sentiment": 2}]}, {"text": "【关注我+转发，抽送华为AI音箱1台】手机为伴，万物互联，构建全场景智慧生活体验，给你更自如的生活方式。L中国联通的秒拍视频​", "author": "中国联通", "time": "中国联通05月01日10:12", "transmit": 2548, "comment": 751, "zan": 507, "sentiment": [{"positive_prob": 0.946562, "confidence": 0.881249, "negative_prob": 0.0534381, "sentiment": 2}]}, {"text": "我昨天有个微博因为提了下华为，结果进了热门，一下子有了400多万的阅读。。。。。。但是我必须澄清一下，照片上iPhone拍的。。。免得大家误会​", "author": "悉尼顾俊", "time": "悉尼顾俊05月01日19:23 来自一点点电的iPhoneXSMax", "transmit": 32, "comment": 133, "zan": 1137, "sentiment": [{"positive_prob": 0.575982, "confidence": 0.0577388, "negative_prob": 0.424018, "sentiment": 2}]}, {"text": "华为手机太牛了…准备入手国货之光！！就是不太好买​", "author": "凯毅不酷", "time": "凯毅不酷05月01日14:18 来自iPhoneXSMax(金色)", "transmit": 5, "comment": 148, "zan": 1147, "sentiment": [{"positive_prob": 0.42612, "confidence": 0.0530665, "negative_prob": 0.57388, "sentiment": 0}]}, {"text": "一粉丝想买一款五千左右的手机，该选哪款好呢？注意：华为不考虑，用一段时间卡到爆​", "author": "小表哥PRO", "time": "小表哥PRO05月01日20:45 来自小米9", "transmit": 14, "comment": 1740, "zan": 409, "sentiment": [{"positive_prob": 0.467943, "confidence": 0.35886, "negative_prob": 0.532057, "sentiment": 1}]}, {"text": "周立波实测，华为和苹果同时掉进水里，苹果没事，华为不能用了，​", "author": "憨熊TheTime", "time": "憨熊TheTime05月01日14:09", "transmit": 35, "comment": 461, "zan": 637, "sentiment": [{"positive_prob": 0.583474, "confidence": 0.0743865, "negative_prob": 0.416526, "sentiment": 2}]}, {"text": "【环球时报社评：英国怎样对华为就应有怎样的回报】英国媒体上周泄露国家安全理事会决定允许华为参与英国5G网络非核心部分的建设，在英国激起轩然大波。一方面特雷莎·梅首相和国会对最高保密级别会议的内容外泄颇为震惊，英国已就此事开始调查；另一方面一些人发出要求梅首相改变这一立场的主张，这种声音包括来自大西洋对面的美国。O环球时报社评：英国怎样对华为就应有怎样的回报", "author": "集微网官网", "time": "集微网官网05月01日13:50 来自微博weibo.com", "transmit": 32, "comment": 27, "zan": 20, "sentiment": [{"positive_prob": 0.0890027, "confidence": 0.802216, "negative_prob": 0.910997, "sentiment": 0}]}, {"text": "哎呀差点忘了说…小和尚手机主题上线啦！在oppo、vivo、华为主题商店搜索“给我来个小和尚”就能找到。正版授权！正版授权！正版授权！快去用！！！​", "author": "郭斯特", "time": "郭斯特05月01日18:40 来自微博weibo.com", "transmit": 65, "comment": 274, "zan": 829, "sentiment": [{"positive_prob": 0.957708, "confidence": 0.906017, "negative_prob": 0.0422925, "sentiment": 2}]}, {"text": "【小泽vlog：闲聊，关于华为P30拍月亮我想说的话】P30Pro拍月亮的故事在网上已经炒的乱七八糟的了，衍生的故事也各式各样。但我确实还想对这个拍照模式有些话说。这期视频本来想边对着月亮拍摄边和大家聊天，但没想到今天居然没月亮？！于是就干说来着…这个视频不针对任何人，也没有被任何人或厂商驱动，就是我自己想说的话。L钟文泽的微博视频", "author": "钟文泽", "time": "钟文泽05月01日00:15 来自普通家庭iPhoneXSMax", "transmit": 65, "comment": 718, "zan": 559, "sentiment": [{"positive_prob": 0.424718, "confidence": 0.056182, "negative_prob": 0.575282, "sentiment": 0}]}, {"text": "要是有部华为P30pro，我一定能拍更清楚给你们看L曼谷雨季雨停吧的微博视频​", "author": "曼谷雨季雨停吧", "time": "曼谷雨季雨停吧05月01日07:26 来自微博视频", "transmit": 163, "comment": 182, "zan": 1737, "sentiment": [{"positive_prob": 0.571224, "confidence": 0.0471653, "negative_prob": 0.428776, "sentiment": 2}]}, {"text": "测试结果出来了，在不塞任何防水胶的情况下，华为P30Pro和三星S10+都在10厘米常温的自来水里坚持了3分钟，拿出后一切正常。至于为什么没有测试这两台究竟哪台能在水里待得更久，主要还是因为趣评测不够有钱。​", "author": "李杰灵", "time": "李杰灵05月01日18:05 来自趣评测家的iPhoneXSMax", "transmit": 21, "comment": 223, "zan": 278, "sentiment": [{"positive_prob": 0.0379613, "confidence": 0.915642, "negative_prob": 0.962039, "sentiment": 0}]}, {"text": "【小伙#放弃华为工作创业做麻辣拌#：想让大家吃上最正宗的口味】辽宁抚顺的麻辣拌享誉全国，其食材主要有土豆、豆皮、丸子、豆泡等原料组成。在煮过后沥干水分，加入调味料拌均匀。广州美院毕业的李易明为了让人能吃到一份正宗的抚顺麻辣拌，于是放弃华为的UI设计师工作，回家开了一家麻辣拌小店。L淘宝吃货的秒拍视频", "author": "淘宝吃货", "time": "淘宝吃货05月01日10:40 来自微博weibo.com", "transmit": 17, "comment": 41, "zan": 125, "sentiment": [{"positive_prob": 0.973802, "confidence": 0.941783, "negative_prob": 0.0261977, "sentiment": 2}]}, {"text": "看到前女友换了华为mate某型号的手机，我只能再次沉痛哀悼一下她的智商了。​", "author": "数字热DGHOT", "time": "数字热DGHOT05月01日07:43", "transmit": 14, "comment": 679, "zan": 439, "sentiment": [{"positive_prob": 0.315796, "confidence": 0.298231, "negative_prob": 0.684204, "sentiment": 0}]}, {"text": "中国希望在尖端技术领域实现独立自主，而美国则意在为中国的这一努力制造一些障碍。早在上世纪90年代初，华为即已通过海思的前身开发出自己的芯片......尽管增长迅速，但海思并不自行设计和制造芯片。海思经授权后使用英国芯片设计公司ArmHoldings的知识产权，而日本软银集团拥有这家英国公司的部分股权O华为芯片研发能不能赶上苹果，日企都看在眼里", "author": "观察者网", "time": "观察者网05月01日13:29 来自微博weibo.com", "transmit": 50, "comment": 94, "zan": 136, "sentiment": [{"positive_prob": 0.960571, "confidence": 0.912379, "negative_prob": 0.0394294, "sentiment": 2}]}, {"text": "有人转发这个，说质量问题。但是这个英语写的是耐久度，没说质量问题。跟我华为发布会之前说的一样，塑料外层是容易出现折叠痕迹的。早期可以抚平，老化之后就容易出现“妊娠纹”了。这是塑料软质材料的特性，能够改良，难以根除。打开也捋不平的时候才是老化，半打开的折痕不够说明问题。再看就好了，早期这种产品副作用是肯定有的，主要给尝鲜的人。", "author": "欧阳秋叶", "time": "欧阳秋叶05月01日01:14", "transmit": 14, "comment": 206, "zan": 205, "sentiment": [{"positive_prob": 0.00744361, "confidence": 0.983459, "negative_prob": 0.992556, "sentiment": 0}]}, {"text": "【美国：要么听我的，要么去找华为！结果——】香港《南华早报》：东南亚正成为5G竞争的一个关键地区。虽然美国向东南亚发出有关排除中国5G的“最后通牒”，但从东南亚国家的行动来看，美国的企图正在落空——O美国：要么听我的，要么去找华为！结果——​", "author": "参考消息", "time": "参考消息05月01日11:12 来自微博weibo.com", "transmit": 27, "comment": 32, "zan": 106, "sentiment": [{"positive_prob": 0.850782, "confidence": 0.668404, "negative_prob": 0.149218, "sentiment": 2}]}, {"text": "以前有些人为了黑华为，给华为用户起了个“海军”的名字，现在真海军来了，一下聚齐了陆海空三军，你们看看先喷哪个？#华为##数码#​", "author": "建华Wei业", "time": "建华Wei业05月01日12:14 来自手机超话", "transmit": 52, "comment": 282, "zan": 331, "sentiment": [{"positive_prob": 0.441168, "confidence": 0.0196265, "negative_prob": 0.558832, "sentiment": 0}]}, {"text": "【日媒：华为计划最早今年发布5G电视机】5月1日讯，日经亚洲评论引用知情人士消息称，华为计划最早在今年推出全球首款5G电视，知情人士表示，这些电视将配备5G模块和高端8K分辨率显示器。这意味着他们将能够通过下一代移动网络高速下载数据量大的内容，例如360度视频和虚拟现实节目。此前，华为消费者业务CEO余承东接受采访时重申，华为未来不会做传统电视机，未来可能会做AI时代的家庭大屏产品，含有电视的功能，比如更大屏幕的AI智能音箱等。L老板联播的秒拍视频", "author": "凤凰网财经", "time": "凤凰网财经05月01日16:24", "transmit": 21, "comment": 67, "zan": 58, "sentiment": [{"positive_prob": 0.961498, "confidence": 0.91444, "negative_prob": 0.0385021, "sentiment": 2}]}, {"text": "2019年Q1全球手机出货量汇总：华为增长50%，🍎下滑20%！华为市场份额17%，全球第二，🍎市场份额仅12%。按照目前速度，最多两年后，华为手机全宇宙第一，真要沸腾了​", "author": "C科技", "time": "C科技05月01日08:48 来自三星GalaxyS10+", "transmit": 14, "comment": 188, "zan": 181, "sentiment": [{"positive_prob": 0.831272, "confidence": 0.62505, "negative_prob": 0.168728, "sentiment": 2}]}, {"text": "构建全场景智慧生活体验，手机为伴，万物互联，给你更自如的生活方式。随手粉@中国移动手机俱乐部并转评，抓一位小伙伴送AI音箱1台。@微博抽奖平台L中国移动手机俱乐部的微博视频​", "author": "中国移动手机俱乐部", "time": "中国移动手机俱乐部05月01日10:00 来自微博weibo.com", "transmit": 285, "comment": 318, "zan": 113, "sentiment": [{"positive_prob": 0.964529, "confidence": 0.921176, "negative_prob": 0.0354706, "sentiment": 2}]}, {"text": "过完了很像周五的周二，终于迎来了五一小长假！假期第一天，睡个自然醒的懒觉后总得出来溜达下。#DigiX数字生活节#武汉站活动将持续至5月4日，武汉的小伙伴可到楚河汉街大戏台来找小云玩！下面小云就先用一张长长长图带你直击DigiX数字生活实验室。转发并评论本微博，抽送华为耳机一副。​", "author": "华为终端云服务", "time": "华为终端云服务05月01日13:06 来自微博weibo.com", "transmit": 204, "comment": 236, "zan": 111, "sentiment": [{"positive_prob": 0.94116, "confidence": 0.869244, "negative_prob": 0.0588402, "sentiment": 2}]}, {"text": "外媒爆料：华为MateX屏幕疑似翻车​​​", "author": "数码研究所", "time": "数码研究所05月01日10:52", "transmit": 22, "comment": 105, "zan": 248, "sentiment": [{"positive_prob": 0.475652, "confidence": 0.513041, "negative_prob": 0.524348, "sentiment": 1}]}, {"text": "#晒奇葩求助#一个刚用华为P20pro就想换Meat20pro（这是啥型号）、天天想着吃喝玩乐的的洗剪吹居然也想通过微博向陌生人借钱……还有，长得丑就不要来跟我借钱，我恨丑，因为丑人多作怪。像这种丑八怪，就应该送去人道毁灭。→_→O网页链接远离迷茫，从学会赚钱开始", "author": "曾鹏宇", "time": "曾鹏宇05月01日10:43 来自暴脾气的iPhoneXSMax", "transmit": 11, "comment": 49, "zan": 27, "sentiment": [{"positive_prob": 0.0362923, "confidence": 0.91935, "negative_prob": 0.963708, "sentiment": 0}]}, {"text": "【习惯就好】日本空自一架最先进F35战机上月初坠入1500米深海，美日两军正全力打捞，而美军此次打捞F35战机的搜救队伍核心“梵高”号潜水支援船是招商重工深圳造。这回老美不怕中国造的船窃取它最先进战机技术机密了？山姆这些时给华为泼了那么多污水。不抵制中国央企了？美国贸易谈判团队尴尬不尴尬？不得不用“中国制造”，习惯就好。", "author": "梅新育", "time": "梅新育05月01日22:10 来自HUAWEIMate9", "transmit": 63, "comment": 0, "zan": 189, "sentiment": [{"positive_prob": 0.93906, "confidence": 0.864579, "negative_prob": 0.0609396, "sentiment": 2}]}, {"text": "日媒：#华为计划推出全球首款5G电视#！为什么电视要配备5G呢？因为欧美很多富人区是没有家家通光纤的，所以你不仅仅有WIFI，还得有5G才能满足富人要求。5G带宽很大，流量费用会下下降不少。日经亚洲评论引援知情人士消息称，华为计划最早在今年推出全球首款5G电视。知情人士表示，这些电视将配备5G模块和高端8K分辨率显示器。这意味着他们将能够通过下一代移动网络高速下载数据量大的内容，例如360度视频和虚拟现实节目。O日媒：华为计划最早今年发布5G电视机​​​", "author": "HW前HR", "time": "HW前HR05月01日17:25 来自HUAWEIP30Pro", "transmit": 44, "comment": 67, "zan": 84, "sentiment": [{"positive_prob": 0.959551, "confidence": 0.910114, "negative_prob": 0.0404488, "sentiment": 2}]}, {"text": "【小伙#放弃华为工作创业做麻辣拌#：想让大家吃上最正宗的口味】辽宁抚顺的麻辣拌享誉全国，其食材主要有土豆、豆皮、丸子、豆泡等原料组成。在煮过后沥干水分，加入调味料拌均匀。广州美院毕业的李易明为了让人能吃到一份正宗的抚顺麻辣拌，于是放弃华为的UI设计师工作，回家开了一家麻辣拌小店。L淘宝吃货的秒拍视频", "author": "老板联播", "time": "老板联播05月01日19:09 来自HUAWEIP30Pro", "transmit": 14, "comment": 35, "zan": 48, "sentiment": [{"positive_prob": 0.973802, "confidence": 0.941783, "negative_prob": 0.0261977, "sentiment": 2}]}, {"text": "【还差四个百分点华为距离全球智能手机霸主“一步之遥”】三星手机在今年一季度的全球销量仍然保持第一，出货量同比下降8%，全球份额22%；华为手机取得超过所有主要竞争对手的增长速度，上涨50%，全球份额18%。O还差四个百分点华为距离全球智能手机霸主“一步之遥”​", "author": "华尔街见闻APP", "time": "华尔街见闻APP05月01日15:55", "transmit": 39, "comment": 82, "zan": 59, "sentiment": [{"positive_prob": 0.336936, "confidence": 0.251252, "negative_prob": 0.663064, "sentiment": 0}]}]