[{"text": "【#中国上市公司高峰论坛#11月开幕，我们抽一位“每经锦鲤”，送价值万元礼包】 由每日经济新闻主办的“2019第八届中国上市公司高峰论坛”将于11月8日在成都开幕。我们决定抽取一位“每经锦鲤”，送上一份价值万元的大礼包：1、2019第八届上市公司高峰论坛成果大礼包2、华为Mate30Pro手机1部3、华为WATCHGT1只4、华为Freebuds3无线耳机1部5、东阿阿胶·桃花姬阿胶糕1份6、每日优鲜礼品卡（1张，价值300元）7、优酷视频年度VIP会员1个关注@每日经济新闻并转发本条微博，即有机会成为每经锦鲤，11月8日开奖！（论坛报名：O公众报名|2019第八届中国上市公司高峰论坛）L每日经济新闻的微博视频O抽奖详情", "author": "每日经济新闻", "time": "每日经济新闻10月31日12:44 来自微博weibo.com", "transmit": 4176, "comment": 3892, "zan": 2754, "sentiment": [{"positive_prob": 0.978863, "confidence": 0.953029, "negative_prob": 0.0211371, "sentiment": 2}]}, {"text": "感恩计———爱到最后是陪伴这次感恩计！阿油怒砸8000大洋！装备了特别的大奖！还花了一天的时间！亲手为大家做了我们自己也很喜欢的蛋黄酥！真的超好吃！！这次大家觉得也🉑嘛？这是一期为你们准备的vlog！会一直一直持续下去#华为nova5#iProL我的阿油的微博视频", "author": "我的阿油", "time": "我的阿油10月31日21:50 来自微博weibo.com", "transmit": 1541, "comment": 12878, "zan": 17138, "sentiment": [{"positive_prob": 0.952126, "confidence": 0.893614, "negative_prob": 0.0478737, "sentiment": 2}]}, {"text": "#运营商5G套餐详情出炉#【直播｜见证5G商用启动仪式历史时刻看5G套餐有哪些亮点？】10月31日上午，在2019中国国际信息通信展览会上，工信部将与三大运营商等举行5G商用启动仪式。工信部等将介绍最新5G动态，运营商将正式公布#5G套餐资费#，而华为Mate305G手机也将于11月1日开售。对于5G套餐有哪些新看点？《每日经济新闻》带你直击5G商用启动仪式，一起见证5G时代的到来。每日经济新闻的微博直播.", "author": "每日经济新闻", "time": "每日经济新闻10月31日08:59 来自微博网页版", "transmit": 73, "comment": 131, "zan": 1505, "sentiment": [{"positive_prob": 0.974787, "confidence": 0.943972, "negative_prob": 0.0252129, "sentiment": 2}]}, {"text": "【西班牙近万人彻夜排队，竟是为了买中国货！】最近，一家主卖中国品牌的商店在马德里开店，开业前夜，就有近万人在商场外开始排队。由于排队人数太多，商场开启了领号入店，包括华为、小米、大疆在内的中国“特产”，一出货就立马被抢购一空。商场的保安说，从来没有这么累过，都想跟老板谈加薪了。#国货在西班牙遭疯抢#", "author": "Vista看天下", "time": "Vista看天下10月31日19:30 来自微博云剪", "transmit": 30, "comment": 70, "zan": 413, "sentiment": [{"positive_prob": 0.924221, "confidence": 0.831602, "negative_prob": 0.0757792, "sentiment": 2}]}, {"text": "【#国货在西班牙遭疯抢#，近万人彻夜排队】最近，一家主卖中国品牌的商店在马德里开店，开业前夜，就有人在商场外彻夜排队。由于排队人数太多，商场开启了领号入店，即便如此，依旧是人山人海。最受西班牙人喜欢的当属华为了，此外，大疆、小米等中国品牌也遭到了疯抢，有马德里市民表示中国品牌价格实惠质量好。据了解，开业当天店家备货不足导致不少人败兴而归。#老外最爱的中国品牌#", "author": "每日经济新闻", "time": "每日经济新闻10月31日17:52 来自搜狗高速浏览器", "transmit": 45, "comment": 72, "zan": 245, "sentiment": [{"positive_prob": 0.989995, "confidence": 0.977767, "negative_prob": 0.010005, "sentiment": 2}]}, {"text": "#华为员工加班160小时被指划水##华为hr胡玲#这个瓜我服了！华为员工月加班160小时，还要被hr指责工作划水，一个叫胡玲的良心hr上报现状，竟被逼的要离职，所谓员工关系高级专家的主要绩效是处理紧急事件，也就是研究员工类似如何让公司免责......以后还有人敢去华为面试？​", "author": "职场情报菊", "time": "职场情报菊10月31日17:12 来自iPhone11", "transmit": 1573, "comment": 1086, "zan": 9985, "sentiment": [{"positive_prob": 0.0158015, "confidence": 0.964885, "negative_prob": 0.984198, "sentiment": 0}]}, {"text": "前两天我转发的4K延时摄影作品很多朋友都非常喜欢，今天就分享一下这类视频的拍摄方法给大家参考！L华为终端公司的微博视频​", "author": "余承东", "time": "余承东10月31日18:38 来自HUAWEIMate30Pro", "transmit": 88, "comment": 260, "zan": 1099, "sentiment": [{"positive_prob": 0.956633, "confidence": 0.903629, "negative_prob": 0.043367, "sentiment": 2}]}, {"text": "【双11不输黑五！西班牙近万人排队疯抢中国货】老外在黑五抢购的疯狂场景众所周知，万万没想到的是，双11在西班牙也有此等威力。近期，一家主卖中国品牌的商店在马德里开店，开业前夜，就有人在商场外彻夜排队，人山人海，华为、小米、大疆等中国货都是西班牙人疯抢对象。与此同时，无论是双11还是平日，西班牙的剁手族们也通过速卖通、Lazada等平台购买中国商品。#国货在西班牙遭疯抢#L财经春秋的秒拍视频", "author": "中国新闻周刊", "time": "中国新闻周刊10月31日20:30 来自微博weibo.com", "transmit": 30, "comment": 21, "zan": 198, "sentiment": [{"positive_prob": 0.956779, "confidence": 0.903954, "negative_prob": 0.0432207, "sentiment": 2}]}, {"text": "【#老外最爱的中国品牌#，西班牙近万人排队抢购中国货】这几年，越来越多的中国品牌走进西班牙人的生活。最近，一家专卖中国品牌的店在西班牙首都马德里开业，吸引了近万人在商场外彻夜排队，华为、小米、大疆等都是西班牙人疯抢对象。此外，西班牙的剁手族们也常常会通过速卖通、Lazada等平台购买中国商品。为中国智造点赞！#国货在西班牙遭疯抢#", "author": "新闻晨报", "time": "新闻晨报10月31日17:45 来自微博weibo.com", "transmit": 15, "comment": 14, "zan": 104, "sentiment": [{"positive_prob": 0.991276, "confidence": 0.980613, "negative_prob": 0.00872396, "sentiment": 2}]}, {"text": "【最新数据，#华为每天赚2亿#！任正非：交接班已完成，我是“傀儡”】10月30日晚间，上海清算所公布华为投资控股有限公司2019年三季度合并及母公司财报报表。报表显示，华为投资控股有限公司今年前三季度实现净利润535亿元人民币（每天净利润近2亿元），较去年同期的440亿元同比增长21.59%；实现营收6033亿人民币，较去年同期的4865亿元同比增长24%。据了解，华为投资控股是华为技术有限公司的母公司。O最新数据，华为每天净赚2亿！任正非：交接班已完成，我是“傀儡”", "author": "每日经济新闻", "time": "每日经济新闻10月31日16:10 来自搜狗高速浏览器", "transmit": 59, "comment": 44, "zan": 243, "sentiment": [{"positive_prob": 0.926034, "confidence": 0.835631, "negative_prob": 0.0739662, "sentiment": 2}]}, {"text": "【到底谁更香？华为出货量暴涨66%，iPhone11直降1600元！】近日，市场研究公司Canalys的数据显示，#华为手机出货量中国第一#。在今天凌晨的苹果季度财报电话会议上，#库克称iPhone11中国定价策略成功#，是非常非常好的开始。刚刚，拼多多预热双11，再次调整新款iPhone11系列手机售价，最高直降1600元！iPhone11、iPhone11Pro和iPhone11ProMax的券后起售价分别为4899元、7399元和8099元，大幅打破全网最低售价的纪录。mate30和iPhone11，你怎么选？#iPhone11双11降价幅度#", "author": "新浪财经", "time": "新浪财经10月31日17:05 来自微博weibo.com", "transmit": 37, "comment": 291, "zan": 463, "sentiment": [{"positive_prob": 0.907461, "confidence": 0.794358, "negative_prob": 0.092539, "sentiment": 2}]}, {"text": "#华为员工加班160小时被指划水#今日，一份华为内部论坛网站的帖子流出：一位自称是华为员工的网友实名制发帖，称自己作为华为员工月加班160小时，却被指划水，基层HR上报情况反而遭打压。对此，你怎么看？​", "author": "虎嗅APP", "time": "虎嗅APP10月31日17:08 来自微博weibo.com", "transmit": 186, "comment": 273, "zan": 1310, "sentiment": [{"positive_prob": 0.0237542, "confidence": 0.947213, "negative_prob": 0.976246, "sentiment": 0}]}, {"text": "鲜有人知的任正非小女儿，比孟晚舟小26岁！姚安娜（AnnabelYao），女，出生于云南昆明。哈佛大学本科攻读电脑工程和统计数据专业。华为的主要创始人兼总裁任正非的女儿。​", "author": "全民图鉴", "time": "全民图鉴10月31日11:56", "transmit": 57, "comment": 167, "zan": 2019, "sentiment": [{"positive_prob": 0.687335, "confidence": 0.305189, "negative_prob": 0.312665, "sentiment": 2}]}, {"text": "从普通生活用品到电子智能产品，从制造业输出到文化输出，这些年，真实地感受到了中国对世界产生的巨大影响。西班牙人，为了买中国品牌，彻夜排队。俄罗斯人，为了和中国人做生意，中国话说的666。卢旺达人，努力学习中国的电子贸易。菲律宾人，copy了蚂蚁森林，希望能改善国家环境。甄嬛传，几乎成为泰国电视台的轮播剧……等等，几乎每个国家，都对中国品牌竖起大拇指，都在学习中国先进经验。无论华为，还是其他品牌，都是其中的一个缩影。希望有越来越多的歪果仁爱上中国产品，爱上中国文化。#国货在西班牙遭疯抢#L财经春秋的秒拍视频", "author": "思想聚焦", "time": "思想聚焦10月31日20:00 来自微博weibo.com", "transmit": 123, "comment": 170, "zan": 745, "sentiment": [{"positive_prob": 0.977031, "confidence": 0.948957, "negative_prob": 0.0229693, "sentiment": 2}]}, {"text": "雷军深度致敬华为P30pro，也想把拍照做为手机突破口？话说这小米CC9pro和华为P30pro设计真是像啊，镜头排列、曲面水滴屏处理、底部平面切割、甚至包括壁纸🙈​", "author": "宋敬亭", "time": "宋敬亭10月31日10:50 来自热搜第一推荐", "transmit": 27, "comment": 492, "zan": 1834, "sentiment": [{"positive_prob": 0.836288, "confidence": 0.636196, "negative_prob": 0.163712, "sentiment": 2}]}, {"text": "【华为HR胡玲揭露华为HR丑陋的一面】胡玲，原工科光学工程师，2019年转岗入2012人力资源部，成为员工活力体验官，一心为兄弟发声，按自己表达其实是“员工关系高级专家，每年最主要的绩效就是紧急事件处理，如果有兄弟累死了，他能想办法让公司没有责任。”帖子下面全是兄弟们让他保护好自己。菊厂的“狼性”文化啊，正常运营机制，但是缺乏保护机制......", "author": "人力资源研究", "time": "人力资源研究10月31日18:14 来自iPhoneXR", "transmit": 255, "comment": 532, "zan": 3335, "sentiment": [{"positive_prob": 0.453712, "confidence": 0.0742352, "negative_prob": 0.546288, "sentiment": 1}]}, {"text": "【#35岁以后互联网人就只配卖保险#？】2019年，法定退休年龄60岁，互联网人退休年龄35岁。对于许多互联网人来说，35岁都是一道坎儿，跨过去就晋升XX总，跨不过去就喝西北风。关于互联网人的35岁危机，江湖传闻已久，早在2017年，华为就被曝出过“集中清理34岁以上交付工程维护员工”的风波，而就在前两天，网传天猫总裁蒋凡也要求公司尽快实现P8全员35周岁以内。当然，不管是华为还是阿里，很快都对外否认了“35岁”现象的存在，但是却止不住网友们的纷纷吐槽，毕竟#互联网行业的中年危机#，确实来得比其他行业更早一些。O35岁以后互联网人就只配卖保险？35岁是互联网人的一道坎吗", "author": "凤凰网财经", "time": "凤凰网财经10月31日16:49 来自微博weibo.com", "transmit": 27, "comment": 29, "zan": 692, "sentiment": [{"positive_prob": 0.188778, "confidence": 0.580493, "negative_prob": 0.811222, "sentiment": 0}]}, {"text": "【员工被华为诺亚和阿里达摩院录取，晒出薪水：阿里年终奖让人眼红】最近在职场论坛上看到这样一个帖子：员工同时被华为诺亚和阿里达摩院录取，晒出薪水，网友：降薪也要去阿里，年终奖让人眼红！这是怎么回事呢？原来这位网友说自己今年研究生毕业，目前收到2个offer，其中一个是华为诺亚方舟部门，给的级别是15级；另外阿里也给自己offer，在阿里达摩院做机器智能方面的工作。目前阿里的薪水还没有确定，大概算起来年薪应该比华为少10万左右，因为两家公司都是挺不错的，真的不知道该怎么选择了？可能很多人对于华为诺亚不太了解，其实诺亚方舟实验室主要是做人工智能方面的，在华为还是挺受重视的，如果没有高学历和技术，基本上是很难面试上的。而阿里达摩院其实也差不多，也是做机器算法、人工智能等科学方面的。两个部门未来前景都是相当不错的，基本上清华北大的很多。笔者对此也不是很了解，那么先来看看网友是怎么说的？有网友说还是去阿里吧，这个部门的年终奖应该是阿里最高的，简直让人眼红。本来薪水就不低了，再加上年终奖的话，随便一年都能够有好几十万，这个是相当不错了。还有网友说自己就是华为的，但是却建议去阿里，主要是因为华为诺亚前期招了很多人，整体待遇没有过去那么好了。也有猎头建议去阿里是没错的，从阿里出来后市场认可度更高。还有网友说自己去年博士毕业，也是同样的选择，最后去了阿里。结语：对于一般人来说，其实这个问题已经超纲了，根本回答不上来。综合网友的观点来看，去达摩院显然更好一些。对此，你怎么看呢？欢迎写在评论中。#华为#", "author": "价值投资日志", "time": "价值投资日志10月31日23:34 来自iPhoneX", "transmit": 97, "comment": 185, "zan": 769, "sentiment": [{"positive_prob": 0.641359, "confidence": 0.203019, "negative_prob": 0.358642, "sentiment": 2}]}, {"text": "#5G套餐资费#【华为开售mate305G系列】10月31日，三大运营商举行5G商用启动仪式，正式推出5G商用套餐，起步价格128元，11月1日正式启用。华为方面表示，华为旗舰手机Mate305G系列明日正式开售，凭借SA/NSA双模优势，让消费者一步到位尝鲜5G。5G套餐的商用，意味着5G时代的大门已经面向消费者敞开。今天起，带话题#5G套餐资费#转发本微博并@微博抽奖平台，我们将抽出一位朋友送华为Mate305G手机一部+华为FreeBuds3无线耳机一部。11月11日开奖。O抽奖详情", "author": "中国经营报", "time": "中国经营报10月31日14:39 来自微博weibo.com", "transmit": 512, "comment": 594, "zan": 143, "sentiment": [{"positive_prob": 0.94835, "confidence": 0.885223, "negative_prob": 0.0516497, "sentiment": 2}]}, {"text": "【今天，清华大学正式入驻快手】老铁们，久等了！在2019年#十月的最后一天#，清华大学正式入驻快手短视频平台。清华校友、快手创始人兼CEO宿华为母校入驻快手在线打call。今后，我们会在那里“记录世界记录清华”。想知道#在清华读书是什么体验#，跟我们一起去快手，了解不一样的清华吧！L清华大学的微博视频", "author": "清华大学", "time": "清华大学10月31日20:33 来自专业版微博", "transmit": 109, "comment": 43, "zan": 522, "sentiment": [{"positive_prob": 0.97615, "confidence": 0.947001, "negative_prob": 0.0238497, "sentiment": 2}]}, {"text": "#从零开始向梦而行##lin的双11第二波预售11月3日#O今晚7点微淘直播间继续每小时截送华为手机3号晚上9点准时支付定金晚上9点-0点限时支付定金双倍使用哈机场棉服超级大牌几乎可以搭配本期所有的内搭贴心的做了羽绒服和棉服两个版本四色可选羽绒服充绒量高达450g左右全部是90大朵无梗白鸭绒简单大方的设计今年冬天你的衣橱必须来一件哈【3号21点-24点免定金", "author": "Lin张林超", "time": "Lin张林超10月31日11:56 来自iPhoneXSMax", "transmit": 229, "comment": 322, "zan": 948, "sentiment": [{"positive_prob": 0.97319, "confidence": 0.940422, "negative_prob": 0.0268103, "sentiment": 2}]}, {"text": "胡一天#胡一天##电视剧暗恋橘生淮南#我和哥哥说，我不要彩蛋，我要胡一天，天天笑了，看着我，对视那一秒真的要了我的命，后来天天真的送了一个彩蛋给我，华为手机，太绝了，我离天天这么快，整个身体都在抖，暗恋快播吧@胡一天啊L小爪哇呀的微博视频​", "author": "小爪哇呀", "time": "小爪哇呀10月31日17:27 来自胡一天超话", "transmit": 203, "comment": 110, "zan": 499, "sentiment": [{"positive_prob": 0.955109, "confidence": 0.900243, "negative_prob": 0.0448905, "sentiment": 2}]}, {"text": "荣耀：我打算出一款麒麟810芯片的平板网友：荣耀厉害，干翻华为华为：那我出一款麒麟990芯片的平板抗衡一下荣耀吧网友：嘿嘿，当我刚才没说话……#极速5g联通未来#​", "author": "长安数码君", "time": "长安数码君10月31日23:09 来自HUAWEIMate305G", "transmit": 6, "comment": 113, "zan": 876, "sentiment": [{"positive_prob": 0.641673, "confidence": 0.203717, "negative_prob": 0.358327, "sentiment": 2}]}, {"text": "【香迟但到！华为宣布出货量暴涨66%，iPhone11就直降1600元！】双11临近，手机市场再掀波澜。几日内，华为、苹果纷纷表示自己战略成功。华为称Q3出货量暴涨66%，市场份额达42%。而苹果在宣布官方降价的同时，#库克称iPhone11中国定价策略成功#。随后，iPhone11系列手机的售价又在拼多多上跳水，最高直降1600！并大幅打破低价的纪录。网友表示，真香也许会迟到，但从不会缺席。所以，面对华为和苹果，你会选谁？#iPhone11双11降价幅度#", "author": "新浪科技", "time": "新浪科技10月31日18:41 来自微博weibo.com", "transmit": 24, "comment": 117, "zan": 290, "sentiment": [{"positive_prob": 0.80333, "confidence": 0.562955, "negative_prob": 0.19667, "sentiment": 2}]}, {"text": "【华为心声社区炸了！女HR发帖实名控述领导：他们没有诚信】10月30日，华为2012实验室人力资源部员工胡玲在华为心声论坛实名发长帖，举报导师杨瑞峰及HR高雁各种懒政失职，更多细节直指HR政策导向及华为企业文化。此帖在不同社交平台引发热议。在脉脉上的投票中，认为导师明显失职的投票人数达到77.5%。在帖文中，胡玲举例说，有员工在晚上加班时去健身房锻炼，导师杨则认为“这种情况往小了说叫考勤造假，往大了说就是业务造假”，并让大家（HR们）好好挖，能挖出大问题。对此，胡玲不敢苟同，称“研发兄弟们占用自己的休息时间免费加班，一不给钱二不给调休，难道运动一下也不可以吗？如果不可以，公司为什么要建这么多健身房呢？”员工自主加班时间锻炼，就被认为是划水，是造假？在长帖最后，身为HR的胡玲呼吁：奉劝各位兄弟，不要相信HR，他们没有诚信。在心声社区，目前已经无法搜到上述帖文。但知乎上一名自称华为前员工的用户评论说：真是心声第一帖，三小时86万的浏览量。#华为#", "author": "价值投资日志", "time": "价值投资日志10月31日23:03 来自iPhoneX", "transmit": 172, "comment": 216, "zan": 952, "sentiment": [{"positive_prob": 0.0197802, "confidence": 0.956044, "negative_prob": 0.98022, "sentiment": 0}]}, {"text": "昨天鹅发布了2020的片单，今天芒果就来了，期待《掌中之物》和《余生请多指教》呀，这么多新剧你们最期待哪一部？还有个冷知识分享：现在华为、荣耀手机只要用手机自带的#华为视频#就能直接看芒果TV、优酷、腾讯视频三个平台的内容，可以说蛮实用的！​", "author": "最佳蹲坑读物", "time": "最佳蹲坑读物10月31日16:00 来自微博weibo.com", "transmit": 423, "comment": 649, "zan": 1195, "sentiment": [{"positive_prob": 0.985726, "confidence": 0.96828, "negative_prob": 0.0142739, "sentiment": 2}]}, {"text": "华为挖孔屏平板MatePadPro曝光麒麟奶奶提+后置双摄，屏下指纹，使用挖孔屏，支持磁吸手写笔。预计明年年初发布，看名字和发布时间应该是来打明年的新iPadPro​", "author": "短的发布会", "time": "短的发布会10月31日14:23 来自微博weibo.com", "transmit": 28, "comment": 193, "zan": 1147, "sentiment": [{"positive_prob": 0.803109, "confidence": 0.562463, "negative_prob": 0.196892, "sentiment": 2}]}, {"text": "感谢华为，开812的女人开什么能hold住？​", "author": "韩景枫51KING", "time": "韩景枫51KING10月31日18:50 来自HUAWEIP30Pro", "transmit": 13, "comment": 268, "zan": 1161, "sentiment": [{"positive_prob": 0.830075, "confidence": 0.622388, "negative_prob": 0.169925, "sentiment": 2}]}, {"text": "#国货在西班牙遭疯抢#中国货是真的厉害，满满的自豪感！L财经春秋的秒拍视频​", "author": "段子楼", "time": "段子楼10月31日19:30 来自微博weibo.com", "transmit": 72, "comment": 140, "zan": 808, "sentiment": [{"positive_prob": 0.815346, "confidence": 0.589658, "negative_prob": 0.184654, "sentiment": 2}]}, {"text": "【华为鲲鹏CPU芯片开始在运营商核心信息系统替代美国英特尔CPU，保障我国移动用户信息安全】昨天，浙江移动宣布，顺利完成基于华为鲲鹏处理器的核心业务系统的大规模商用，之前，浙江移动的核心业务系统都是基于英特尔CPU的服务器来运行的（如图，图2中的A机房），现在全部换成华为泰山服务器（内置华为鲲鹏处理器，如图，图2中的B机房），实现了华为鲲鹏CPU在运营商核心业务系统的大规模商用（包括移动营业厅的业务系统），同时，浙江移动已采用华为高斯数据库来承载部分核心系统，据悉，这些使用华为鲲鹏CPU的系统包括：订单中心、客户中心、开通中心、计费中心的业务系统，还有营业厅、合作式渠道的前台业务系统，涵盖面向个人、政企、家庭市场的各类业务受理、服务开通、客户管理及计费出账等系统，已全部使用华为鲲鹏CPU来支撑系统运行，有效保障我国电信运营商的业务安全", "author": "信通小熊猫", "time": "信通小熊猫10月31日11:39 来自微博HTML5版", "transmit": 94, "comment": 303, "zan": 1128, "sentiment": [{"positive_prob": 0.970237, "confidence": 0.933861, "negative_prob": 0.0297626, "sentiment": 2}]}]