[{"text": "【外交部：#美方锁住门囚禁的是自己#】美国联邦通信委员会日前决定初步将华为和中兴公司列为构成国家安全威胁的企业。对此，外交部发言人耿爽回应：美方惯于在拿不出任何证据的情况下，以莫须有的罪名，滥用国家力量，打压特定国家和特定企业。美方这种经济霸凌行径是公然对美方自己一贯标榜的市场经济原则的否定。我要奉劝美方一些人，以“安全”为名，锁住所有的门，囚禁的只是自己。L央视新闻的微博视频（央视记者申杨毕磊）", "author": "央视新闻", "time": "央视新闻11月25日16:17 来自微博weibo.com", "transmit": 953, "comment": 1933, "zan": 10707, "sentiment": [{"positive_prob": 0.59595, "confidence": 0.102111, "negative_prob": 0.40405, "sentiment": 2}]}, {"text": "【#美禁止运营商买华为中兴设备#外交部回应】据报道，美国联邦通信委员会(FCC)22日决定，初步将华为和中兴公司列为构成国家安全威胁的企业，将禁止美电信运营商使用“通用服务基金”采购华为和中兴的服务和设备。25日，外交部发言人耿爽回应，美方惯于在拿不出任何证据的情况下，以莫须有的罪名，滥用国家力量，打压特定国家和特定企业，之前曾经整垮了阿尔斯通公司，今天又想挤压中国企业。那些所谓“保护美国利益”的政策，到底是为了谁的利益而存在？制定这些政策的美方官员，一再以莫须有的罪名打压外国企业，甚至不惜牺牲美国企业和民众利益，他们到底居心何在？我要奉劝美方一些人，以“安全”为名，锁住所有的门，囚禁的只是自己。", "author": "人民日报", "time": "人民日报11月25日16:30 来自微博weibo.com", "transmit": 539, "comment": 1118, "zan": 6554, "sentiment": [{"positive_prob": 0.203257, "confidence": 0.548317, "negative_prob": 0.796743, "sentiment": 0}]}, {"text": "华为在上海举行全场景新品发布会，Mate家族的新成员华为高端旗舰平板#华为MatePad#将正式发布，华为首款智能音箱SoundX也将同步亮相～究竟这场平板为主角的发布会有哪些惊喜呢？请锁定#浪人TV#新浪手机的微博直播.​", "author": "新浪手机", "time": "新浪手机11月25日14:29 来自微博网页版", "transmit": 344, "comment": 2524, "zan": 18163, "sentiment": [{"positive_prob": 0.979784, "confidence": 0.955076, "negative_prob": 0.0202156, "sentiment": 2}]}, {"text": "美国禁止运营商买华为中兴设备。外交部：我要奉劝美方一些人，以“安全”为名，锁住所有的门，囚禁的只是自己。L央视新闻的微博视频​", "author": "共青团中央", "time": "共青团中央11月25日16:57 来自NEX35G", "transmit": 245, "comment": 468, "zan": 2754, "sentiment": [{"positive_prob": 0.343404, "confidence": 0.236879, "negative_prob": 0.656596, "sentiment": 0}]}, {"text": "#华为MatePad#及全场景新品发布会，将于14:30准时开始，锁定直播间，一同重构创造力！华为终端官方微博的微博直播.​", "author": "华为终端官方微博", "time": "华为终端官方微博11月25日14:00 来自微博网页版", "transmit": 15309, "comment": 5565, "zan": 24290, "sentiment": [{"positive_prob": 0.913576, "confidence": 0.807947, "negative_prob": 0.0864238, "sentiment": 2}]}, {"text": "【外交部回应#美方禁止运营商买华为中兴设备#：美方锁住门囚禁的是自己】据报道，美国联邦通信委员会(FCC)22日决定，初步将华为和中兴公司列为构成国家安全威胁的企业，将禁止美电信运营商使用“通用服务基金”采购华为和中兴的服务和设备。25日，外交部发言人耿爽回应，美方惯于在拿不出任何证据的情况下，以莫须有的罪名，滥用国家力量，打压特定国家和特定企业，之前曾经整垮了阿尔斯通公司，今天又想挤压中国企业。那些所谓“保护美国利益”的政策，到底是为了谁的利益而存在？制定这些政策的美方官员，一再以莫须有的罪名打压外国企业，甚至不惜牺牲美国企业和民众利益，他们到底居心何在？我要奉劝美方一些人，以“安全”为名，锁住所有的门，囚禁的只是自己。@人民日报", "author": "人民网", "time": "人民网11月25日16:39 来自微博weibo.com", "transmit": 107, "comment": 169, "zan": 1157, "sentiment": [{"positive_prob": 0.141596, "confidence": 0.685343, "negative_prob": 0.858404, "sentiment": 0}]}, {"text": "第一波现场探班来咯！稍后#华为MatePad#Pro将在这里发布，告诉阿华你最期待的是什么？​", "author": "华为终端官方微博", "time": "华为终端官方微博11月25日14:10 来自微博weibo.com", "transmit": 2595, "comment": 231, "zan": 653, "sentiment": [{"positive_prob": 0.542568, "confidence": 0.148642, "negative_prob": 0.457432, "sentiment": 1}]}, {"text": "我们的MatePad系列不仅仅是优雅的艺术品，更是重要的生产力工具，独特的多屏协同功能，让大家的轻办公更加智慧高效。我自己非常喜欢这款产品，大家也可以试试，会有意想不到的惊喜。​​​", "author": "余承东", "time": "余承东11月25日20:04 来自华为Mate30保时捷设计", "transmit": 181, "comment": 944, "zan": 3808, "sentiment": [{"positive_prob": 0.998988, "confidence": 0.997751, "negative_prob": 0.00101211, "sentiment": 2}]}, {"text": "HUAWEIWATCHGT2开售45天全球出货量破百万，比上一代产品提前了3个月，感谢消费者对我们智能穿戴产品的认可！​​​", "author": "余承东", "time": "余承东11月25日17:06 来自华为Mate30保时捷设计", "transmit": 125, "comment": 632, "zan": 3655, "sentiment": [{"positive_prob": 0.955097, "confidence": 0.900215, "negative_prob": 0.0449034, "sentiment": 2}]}, {"text": "【外交部：#美方锁住门囚禁的是自己#】美国联邦通信委员会日前决定初步将华为和中兴公司列为构成国家安全威胁的企业。对此，外交部发言人表示，以“安全”为名，锁住所有的门，囚禁的只是自己。安哥：嘴上自由，却将自己禁锢。L央视新闻的微博视频#王毅一句话回应香港局势#​", "author": "中国长安网", "time": "中国长安网11月25日19:31 来自祖国反黑站超话", "transmit": 135, "comment": 167, "zan": 1653, "sentiment": [{"positive_prob": 0.791421, "confidence": 0.536492, "negative_prob": 0.208579, "sentiment": 2}]}, {"text": "华为mate30pro青山黛5G素皮版，实拍对比翡冷翠风格更加内敛。因为不必借助外界光照出效果，所以实机与官方广告中的渲染图非常接近。机身比4g版略厚，但手感更好，公差消失。日常更易保养，不建议戴手机壳。实拍无修图，你觉得甄姬如何2上海​", "author": "那岩", "time": "那岩11月25日13:48 来自安卓限定版iPhone11ProMax", "transmit": 34, "comment": 238, "zan": 1120, "sentiment": [{"positive_prob": 0.580429, "confidence": 0.0676208, "negative_prob": 0.419571, "sentiment": 2}]}, {"text": "作为一个在智能手机和传统电脑两者中间的产物，平板电脑很好地汲取了这两个品类产品的长处：不受束缚！在平板中我会选这款#华为MatePad#Pro，这款平板屏占比高达90%，并且它的多屏协同功能可以直接在平板上操作手机，文件传输一拖即可，我喜欢！模特：@Liv雷皓翔造型：@格其其 化妆：@哎呦偎小姐：灯光：@Hess脚脚", "author": "海和蓝", "time": "海和蓝11月25日16:00 来自微博weibo.com", "transmit": 74, "comment": 816, "zan": 5056, "sentiment": [{"positive_prob": 0.926852, "confidence": 0.83745, "negative_prob": 0.0731475, "sentiment": 2}]}, {"text": "HUAWEIMatePadPro~WiFi版最低只需要3299起。价格还是很有竞争力的​", "author": "小白测评", "time": "小白测评11月25日16:18 来自微博weibo.com", "transmit": 37, "comment": 895, "zan": 3264, "sentiment": [{"positive_prob": 0.464122, "confidence": 0.282438, "negative_prob": 0.535878, "sentiment": 1}]}, {"text": "全球最高屏占比平板——华为MatePadPro发布，售价3299元起！配置方面，拥有一块10.8英寸的全面屏，2KQHD高分屏，DCI-P3色域，16:10比例，90%超高屏占比，莱茵低蓝光认证；搭载了麒麟990芯片，7250mAh超大容量，40W超级快充+15W正向无线快充+7.5W反向无线快充，四声道&四扬声器音响系统，五麦克风精准拾音；镁合金微弧框架，重460g，厚7.2mm，隐藏天线设计，贝母白、夜阑灰、青山黛、丹霞橙四种配色；平行视界再升级，应用窗口比例随心调节，全新HUAWEIM-Pencil手写笔，磁力吸附，无线充电，4096级灵敏压感，磁吸键盘，无线充电，1.3mm键程。价格方面，6GB+128GBWiFi版售价3299元，6GB+128GBLTE版售价3799元，8GB+256GBWiFi版本售价3999元，8GB+256GBLTE版本售价4499元。", "author": "微博数码", "time": "微博数码11月25日16:28", "transmit": 54, "comment": 239, "zan": 490, "sentiment": [{"positive_prob": 0.811274, "confidence": 0.58061, "negative_prob": 0.188726, "sentiment": 2}]}, {"text": "美国禁止运营商买华为中兴设备。外交部：我要奉劝美方一些人，以“安全”为名，锁住所有的门，囚禁的只是自己！L央视新闻的微博视频​", "author": "紫光阁", "time": "紫光阁11月25日19:50 来自紫宝宝的Android", "transmit": 87, "comment": 221, "zan": 1143, "sentiment": [{"positive_prob": 0.322366, "confidence": 0.28363, "negative_prob": 0.677634, "sentiment": 0}]}, {"text": "最近收到了华为的MateBookD14，试用了一段时间，觉得性价比很棒。华为手机和笔记本轻触就可以开启多屏协同了，在笔记本上很方便的对手机进行操作。满电情况下可以连续使用十小时，低电量时，充电半小时就差不多充一半了，带出去上课，长途飞行都安心高效。全面屏约180°开合。它的重量，和拿在手里是跟两本杂志差不多重，携带起来毫无压力。实用高效，是一款非常好用的笔记本，值得推荐。#HUAWEIMateBook#", "author": "overwater", "time": "overwater11月25日19:00 来自微博weibo.com", "transmit": 1468, "comment": 1709, "zan": 1782, "sentiment": [{"positive_prob": 0.99332, "confidence": 0.985155, "negative_prob": 0.00668029, "sentiment": 2}]}, {"text": "华为消费者业务CEO@余承东现场发布新成员#华为MatePad#Pro，想要入手的点赞让我看到~L华为终端官方微博的微博视频​", "author": "华为终端官方微博", "time": "华为终端官方微博11月25日21:41 来自微博视频", "transmit": 123, "comment": 172, "zan": 1639, "sentiment": [{"positive_prob": 0.81956, "confidence": 0.599023, "negative_prob": 0.18044, "sentiment": 2}]}, {"text": "【外交部：#美方锁住门囚禁的是自己#】美国联邦通信委员会日前决定初步将华为和中兴公司列为构成国家安全威胁的企业。对此，外交部发言人耿爽回应：美方惯于在拿不出任何证据的情况下，以莫须有的罪名，滥用国家力量，打压特定国家和特定企业。美方这种经济霸凌行径是公然对美方自己一贯标榜的市场经济原则的否定。我要奉劝美方一些人，以“安全”为名，锁住所有的门，囚禁的只是自己。", "author": "环球时报", "time": "环球时报11月25日16:19 来自微博weibo.com", "transmit": 31, "comment": 130, "zan": 554, "sentiment": [{"positive_prob": 0.425008, "confidence": 0.0555388, "negative_prob": 0.574992, "sentiment": 0}]}, {"text": "【#华为折叠屏最高炒到20万元#：官网抢不到三次开售都是秒光】近日，华为折叠屏5G手机MateX在华为商城限量开售，售价为16999元，三次开售都是秒光。这款手机可折叠全面屏，5G双模全网通，号称是科技新物种。而在一些二手手机平台，这款手机的报价在5万多元至9万多元甚至20万元。你会入手吗？LJSTV荔枝视频的秒拍视频", "author": "新浪财经", "time": "新浪财经11月25日10:38 来自微博weibo.com", "transmit": 97, "comment": 301, "zan": 1139, "sentiment": [{"positive_prob": 0.941698, "confidence": 0.87044, "negative_prob": 0.0583021, "sentiment": 2}]}, {"text": "#华为MatePad#Pro体验，目前可以说整个平板市场品牌已经越来越集中，华为在国内安卓平板市场已经遥遥领先，这次算是带来了旗舰平板产品，麒麟990处理器，超高屏占比+挖孔屏四扬声器设计并且也加入了一支笔和键盘，MatePadPro的实际体验如何？咱们一起来看看L小白测评的秒拍视频​", "author": "小白测评", "time": "小白测评11月25日19:40 来自微博weibo.com", "transmit": 146, "comment": 691, "zan": 3415, "sentiment": [{"positive_prob": 0.957533, "confidence": 0.905628, "negative_prob": 0.0424674, "sentiment": 2}]}, {"text": "【华为MatePadPro等新品重磅亮相上海】11月25日，华为在上海召开华为MatePad及全场景新品发布会。会上，华为消费者业务CEO余承东分别解读了Mate家族新成员#华为MatePad#Pro、针对年轻消费群体的华为MateBookD14/D15，以及与帝瓦雷联合设计的智能音箱华为SoundX。 作为高颜值智慧轻办公平板，华为MatePadPro拥有麒麟990旗舰芯片、高达90％屏占比的全面屏设计，以及重构交互的多屏协同功能。华为MatePadPro以颠覆式创新科技，重构创造力。L财经网的微博视频", "author": "财经网", "time": "财经网11月25日19:31 来自微博视频", "transmit": 34, "comment": 54, "zan": 209, "sentiment": [{"positive_prob": 0.974003, "confidence": 0.94223, "negative_prob": 0.0259966, "sentiment": 2}]}, {"text": "【大锤体验】华为MatePadPro快速上手现场收音出了点问题，在车上录了个音，没想到效果还挺好这款产品应该是近期做的比较用心的一款Android平板了，硬件上笔和键盘功能完善，软件方面多任务处理也有尝试，大家可以看视频了解一下L李大锤同学的微博视频​O抽奖详情​", "author": "李大锤同学", "time": "李大锤同学11月25日17:58", "transmit": 534, "comment": 412, "zan": 997, "sentiment": [{"positive_prob": 0.929477, "confidence": 0.843282, "negative_prob": 0.0705233, "sentiment": 2}]}, {"text": "【余承东：华为不会进入家电领域，只做10种产品】在11月25日举行的华为新品发布会上，华为消费者业务CEO@余承东表示，华为长期战略口号为“1+8+N”，华为只做手机、8种智能设备，及加号代表的连接系统，共十种产品。N代表的其他互联网业务如智能家电华为永远不做。@老板联播L老板联播的微博视频​", "author": "新浪科技", "time": "新浪科技11月25日19:45 来自微博weibo.com", "transmit": 77, "comment": 117, "zan": 612, "sentiment": [{"positive_prob": 0.370091, "confidence": 0.177575, "negative_prob": 0.629909, "sentiment": 0}]}, {"text": "【外交部：#美方锁住门囚禁的是自己#】美国联邦通信委员会日前决定初步将华为和中兴公司列为构成国家安全威胁的企业。对此，外交部发言人耿爽回应：美方惯于在拿不出任何证据的情况下，以莫须有的罪名，滥用国家力量，打压特定国家和特定企业。美方这种经济霸凌行径是公然对美方自己一贯标榜的市场经济原则的否定。我要奉劝美方一些人，以“安全”为名，锁住所有的门，囚禁的只是自己。L央视新闻的微博视频（央视新闻）", "author": "环球网", "time": "环球网11月25日17:34", "transmit": 27, "comment": 56, "zan": 274, "sentiment": [{"positive_prob": 0.604187, "confidence": 0.120415, "negative_prob": 0.395813, "sentiment": 2}]}, {"text": "【华为发公告：16999元的折叠屏手机脆弱易坏、弯折区域拱起属正常现象！】随着MateX陆续上市，华为官方发出公告称，这款手机只要拆封就不支持7天无理由退货（商品塑料膜被拆或者封口贴有撕开痕迹均视为已经拆封），所以大家还是确认需求后再拆封使用。华为还特别指出，MateX的弯折区域存在拱起，为正常物理现象，同时用户也不要在-5℃及低于该温度的环境下弯手机..", "author": "电脑报", "time": "电脑报11月25日09:41 来自搜狗高速浏览器", "transmit": 179, "comment": 1171, "zan": 4170, "sentiment": [{"positive_prob": 0.024357, "confidence": 0.945873, "negative_prob": 0.975643, "sentiment": 0}]}, {"text": "【#华为折叠屏手机炒到天价#二手市场价最高卖到20万元】#华为折叠屏手机炒到20万#近日，华为折叠屏5G手机MateX在华为商城限量开售，售价为16999元，三次开售都是秒光。这款手机可折叠全面屏，5G双模全网通，号称是科技新物种。而在一些二手手机平台，这款手机的报价在5万多元至9万多元甚至20万元。@荔枝新闻LJSTV荔枝视频的秒拍视频", "author": "财经网", "time": "财经网11月25日10:14 来自微博weibo.com", "transmit": 39, "comment": 93, "zan": 307, "sentiment": [{"positive_prob": 0.944463, "confidence": 0.876584, "negative_prob": 0.0555372, "sentiment": 2}]}, {"text": "做个调查：；大家认为五年内华为能在智能家居上超越小米吗？你认为五年内华为的智能家居能超越小米吗？​", "author": "科技新一", "time": "科技新一11月25日17:05", "transmit": 11, "comment": 163, "zan": 9592, "sentiment": [{"positive_prob": 0.247845, "confidence": 0.449234, "negative_prob": 0.752155, "sentiment": 0}]}, {"text": "今天是个普天同庆的好日子，易烊千玺给我打了通视频电话！我录屏了，给你们看下！#华为nova6#L华为终端官方微博的秒拍视频​", "author": "圈学长", "time": "圈学长11月25日16:55 来自微博weibo.com", "transmit": 1111, "comment": 1224, "zan": 2134, "sentiment": [{"positive_prob": 0.594133, "confidence": 0.0980738, "negative_prob": 0.405867, "sentiment": 2}]}, {"text": "#华为MatePad#感受一下，还是非常好看而且轻便的，整体小一圈，屏幕却很大。。给大家配两张之前拍的真机图。。​", "author": "万能的大熊", "time": "万能的大熊11月25日14:51 来自HUAWEIMate30Pro5G", "transmit": 49, "comment": 187, "zan": 431, "sentiment": [{"positive_prob": 0.915649, "confidence": 0.812553, "negative_prob": 0.0843512, "sentiment": 2}]}, {"text": "之前有个华为平板M6，就很喜欢平行视界这个功能，刷某宝时效率不要太高，今天发布会新出了#华为MatePad#Pro，有点心动​", "author": "热门搞笑排行榜", "time": "热门搞笑排行榜11月25日21:20 来自微博weibo.com", "transmit": 206, "comment": 480, "zan": 1027, "sentiment": [{"positive_prob": 0.763842, "confidence": 0.475204, "negative_prob": 0.236158, "sentiment": 2}]}]