[{"text": "#梵高诞辰#166周年，华为主题APP“臻爱梵高”系列主题上线了！希望与你一起去感受他内心的火热激情和所挚爱的世界，关注+转评抽2人送梵高笔记本。​​", "author": "华为终端客服", "time": "华为终端客服03月30日18:32 来自微博weibo.com", "transmit": 1111, "comment": 1408, "zan": 622, "sentiment": [{"positive_prob": 0.989274, "confidence": 0.976164, "negative_prob": 0.010726, "sentiment": 2}]}, {"text": "【关注+转发，抽送3人梵高笔记本】1853年的3月30日，文森特•梵高(VincentvanGogh)诞生。今天是他166周年诞辰为纪念这位最伟大的后印象派艺术家华为主题上线“臻爱梵高”系列主题希望和所有华为用户一起，感受166年前他内心的火热激情和所挚爱的世界。​", "author": "华为EMUI", "time": "华为EMUI03月30日21:06 来自微博weibo.com", "transmit": 1682, "comment": 707, "zan": 722, "sentiment": [{"positive_prob": 0.986288, "confidence": 0.969528, "negative_prob": 0.0137123, "sentiment": 2}]}, {"text": "这时候需要一部华为P30Pro…​", "author": "高翔GAOX_", "time": "高翔GAOX_03月30日21:27 来自同步圈APP", "transmit": 57, "comment": 377, "zan": 1398, "sentiment": [{"positive_prob": 0.478309, "confidence": 0.566171, "negative_prob": 0.521692, "sentiment": 1}]}, {"text": "不管我怎么拍为什么华为P30Pro屏幕上总有这种黑色条纹？​", "author": "小表哥PRO", "time": "小表哥PRO03月30日14:31 来自小米9", "transmit": 53, "comment": 498, "zan": 577, "sentiment": [{"positive_prob": 0.182786, "confidence": 0.593809, "negative_prob": 0.817214, "sentiment": 0}]}, {"text": "“2019年BrandZ™中国出海品牌50强”​​​榜单发布，华为以1862分的品牌价值荣获榜单冠军！感谢全球用户认可，未来我们将持续研发创新，带来更优质的产品和服务​", "author": "华为何刚", "time": "华为何刚03月30日20:53 来自HUAWEIP30Pro", "transmit": 21, "comment": 40, "zan": 299, "sentiment": [{"positive_prob": 0.965856, "confidence": 0.924125, "negative_prob": 0.0341437, "sentiment": 2}]}, {"text": "瑞文渣！浪！吞了我昨天的视频，再来！6天的香港澳门行终于顺利返京，累劈了昨天视频弄一半就睡死过去了可还行之后争取每天能整出一段放出来吧，努力ingps.华为的防抖比三星差这么多的吗？半程抖成帕金森🙃🙃🙃强烈建议有晕车晕船病史的盆友做好心里准备再观赏此视频看完吐的概不负责20190323孟瑞香港见面会北京香港part1又名:孟老西首都机场凌晨寻面记#天气预报说明天有你##王博文焦糖人生#L陌生人黛西Z的微博视频", "author": "陌生人黛西", "time": "陌生人黛西03月30日12:58 来自瑞文超话", "transmit": 13, "comment": 45, "zan": 90, "sentiment": [{"positive_prob": 0.0966901, "confidence": 0.785133, "negative_prob": 0.90331, "sentiment": 0}]}, {"text": "中国如果每个行业都有一家华为这样的企业，就是发达国家了，努力吧！​", "author": "本元禅师", "time": "本元禅师03月30日06:33 来自HUAWEIMate20", "transmit": 18, "comment": 68, "zan": 79, "sentiment": [{"positive_prob": 0.600371, "confidence": 0.111936, "negative_prob": 0.399629, "sentiment": 2}]}, {"text": "华为P30Pro对外宣传50倍变焦（省去了数码变焦），真机智啊！消费者猛一看，牛逼啊！看看OPPOReno宣传上多老实，直接写明10倍混合光学变焦！实际上怎么一会事呢？真的是华为P30Pro的50倍变焦（数码变焦）比OPPOReno的10倍混合光学变焦厉害？不是这样的，要知道目前不管是华为还是OPPO，超过10倍的变焦都是数码变焦，变焦越大图像越模糊，还有华为潜望长焦镜头是等效125mm焦段，而OPPO的潜望长焦镜头是等效160mm焦段，就是说OPPO的光学变焦更厉害。这说明什么？就是理论上达到同样清晰度的图片，OPPO可以进行更大的数码变焦，60倍是可以的，希望OPPO工程师加快调教@沈义人Brian@Listen李胜@OPPO#OPPO全新Reno#沈义人粉丝团", "author": "夺胜奇兵", "time": "夺胜奇兵03月30日23:15", "transmit": 13, "comment": 124, "zan": 25, "sentiment": [{"positive_prob": 0.0706366, "confidence": 0.84303, "negative_prob": 0.929363, "sentiment": 0}]}, {"text": "【华为海思2019年有望超越联发科，成为亚洲第一大芯片公司】近日全球十大芯片设计公司排名出炉：海思飙升至第五，超越AMD！华为海思是前十大芯片设计公司中增长最快的，2018年同比增长34.2%，达到75.73亿美元，超越AMD，基本逼近排名第四的联发科的78.94亿！而2019年华为加大海思芯片在台积电投片和自家使用率，基本可以一举拿下联发科，登顶亚洲最大的芯片公司。", "author": "宋敬亭", "time": "宋敬亭03月30日07:27 来自HONORAndroid", "transmit": 4, "comment": 94, "zan": 55, "sentiment": [{"positive_prob": 0.984429, "confidence": 0.965397, "negative_prob": 0.0155713, "sentiment": 2}]}, {"text": "#乐秀锦鲤日##不知道该写什么文案了#反正每周都抽奖送手机转发+关注，抽送一部华为畅享8e青春版手机，不为别的，就是任性！转~@微博抽奖平台​", "author": "乐秀", "time": "乐秀03月30日10:31 来自微博weibo.com", "transmit": 2290, "comment": 1281, "zan": 998, "sentiment": [{"positive_prob": 0.956962, "confidence": 0.90436, "negative_prob": 0.0430379, "sentiment": 2}]}, {"text": "【2018年#华为员工平均年薪近60万#，一半员工持股】3月29日，华为发布2018年年报：年营收超7212亿元（约合1074亿美元），首破千亿美元；平均每天赚1.6亿，员工平均年薪近60万元。华为100%的股权由员工持有，持股员工近半，达9.7万人。L老板联播的秒拍视频​", "author": "新浪财经", "time": "新浪财经03月30日19:06 来自微博weibo.com", "transmit": 174, "comment": 510, "zan": 424, "sentiment": [{"positive_prob": 0.0583882, "confidence": 0.870248, "negative_prob": 0.941612, "sentiment": 0}]}, {"text": "【华为P30Pro、三星GalaxyS10+、苹果iPhoneXSMAX拍照视频对比】国外小哥Mrwhosetheboss对比了华为P30Pro、三星GalaxyS10+以及苹果iPhoneXSMAX的拍照与视频表现，部分结果还是比较出乎意料的，华为P30Pro表现比较极端啊LITheat热点科技的微博视频​", "author": "ITheat热点科技", "time": "ITheat热点科技03月30日11:35 来自微博视频", "transmit": 503, "comment": 543, "zan": 293, "sentiment": [{"positive_prob": 0.979355, "confidence": 0.954121, "negative_prob": 0.0206454, "sentiment": 2}]}, {"text": "雷军在知乎上关注了一个问题：同样是国产手机，为什么华为是民族品牌，而在印度市场占有率第一的小米却不是民族骄傲？​", "author": "程序员新视界", "time": "程序员新视界03月30日20:09 来自微博weibo.com", "transmit": 121, "comment": 1774, "zan": 1707, "sentiment": [{"positive_prob": 0.0740768, "confidence": 0.835385, "negative_prob": 0.925923, "sentiment": 0}]}, {"text": "早些年一家不知道哪儿的装修公司为了蹭热度，碰瓷式营销（图1），随后被有心人断章取义截成图2的样子大肆传播华为打“爱国营销”牌，“厚颜无耻，恶心至极”。从此华为就被大家认为是官方爱国营销实锤了，尽管华为自己一脸黑人问号，但这个时候传播效应一起来，就没人在意真相是什么了，反正用“爱国”来骂华为准没错。而实际上华为也确实在这个时期承载了很多中国人的爱国情怀，所以这更给了那些人口实。如今P30系列发布，风头正劲，因为超级长焦的功能，被有些网友恶搞成了图3、图4的样子，虽然超长焦功能确实存在着被用来偷拍的风险，但这属于使用者违反犯罪，和华为没关系。总不能因为担心偷拍，把所有望远镜和长焦镜头单反相机全都弄死吧？要说偷拍质量，这些可比区区一个手机厉害多了。本来是恶搞图，或者说也许真有恶意抹黑带节奏的成分在里面，但我想智商正常的人都能区分出来官方和非官方。用一个正常人的脑子想一想，都能知道华为这个企业不可能官方用这种下三滥的手段来进行手机卖点宣传，因为这不仅仅是道德低下，这还违法犯罪。结果有人发个微博，一群可能天生就对华为有歧视的人就颅内高潮了，各种言之凿凿要把华为官方没做过的事情生生变成华为官方宣传，把屎盆子扣在华为脑袋上（图5、图6、图7）。华为是杀了你们爸爸还是日了你们妈妈？是吃了你们家大米，还是拐了你们家孩子？实事求是，实事求是啊，是就是，不是就不是。现在变成了是你的就是你的，不是你的我们说是你的那也是你的。一群人张口就来，信口雌黄，在这个情绪一点就炸的网络上真的是很容易将“谣言”变成真相。人的大脑是用来思考的，连基本的思考和辨别是非能力都没有，说出来的话就跟放屁一样，被风一吹就散。吹散就吹散了吧，但还偏偏臭不可闻，于是被风吹散反而还贻害四方了。一个个看着跟道德标兵一样谴责华为，但我看着却个个面目丑陋，令人作呕。脑子都没有，立场先行，说的再好听也不过是放你娘的屁。", "author": "林海听涛", "time": "林海听涛03月30日10:27 来自微博weibo.com", "transmit": 154, "comment": 65, "zan": 100, "sentiment": [{"positive_prob": 0.00468101, "confidence": 0.989598, "negative_prob": 0.995319, "sentiment": 0}]}, {"text": "【BrandZ发布《#中国出海品牌50强#》：华为超联想居首】BrandZ《2019年中国出海品牌50强》榜单发布，在今年的榜单中，华为超越去年的联想居榜首，阿里和小米分列第三和第四位。报告显示，中国领先品牌的“品牌影响力”同比提高15%，“品牌影响力”在日本、法国和西班牙增长最快。OBrandZ发布《中国出海品牌50强》：华为超联想居首​", "author": "新浪科技", "time": "新浪科技03月30日00:02 来自专业版微博", "transmit": 253, "comment": 411, "zan": 580, "sentiment": [{"positive_prob": 0.962228, "confidence": 0.916063, "negative_prob": 0.0377718, "sentiment": 2}]}, {"text": "【2018年#华为员工平均年薪近60万#：公司平均每天赚1.6亿，100%员工持股】3月29日，华为发布2018年年报：年营收超7212亿元（约合1074亿美元），首破千亿美元；平均每天赚1.6亿，员工平均年薪近60万元。华为100%的股权由员工持有，持股员工近半，达9.7万人。@老板联播L老板联播的秒拍视频​", "author": "梨视频", "time": "梨视频03月30日18:13 来自专业版微博", "transmit": 97, "comment": 217, "zan": 404, "sentiment": [{"positive_prob": 0.055473, "confidence": 0.876726, "negative_prob": 0.944527, "sentiment": 0}]}, {"text": "华为P30摄像头可以当手电筒用啊L小崔ysj的微博视频​", "author": "小崔ysj", "time": "小崔ysj03月30日13:10 来自iPhoneXSMax", "transmit": 47, "comment": 187, "zan": 505, "sentiment": [{"positive_prob": 0.669586, "confidence": 0.265746, "negative_prob": 0.330414, "sentiment": 2}]}, {"text": "【2018年#华为员工平均年薪近60万#：公司平均每天赚1.6亿】3月29日，华为发布2018年年报：年营收超7212亿元（约合1074亿美元），首破千亿美元；平均每天赚1.6亿，员工平均年薪近60万元。华为100%的股权由员工持有，持股员工近半，达9.7万人。@老板联播L老板联播的秒拍视频​", "author": "每日经济新闻", "time": "每日经济新闻03月30日18:20 来自搜狗高速浏览器", "transmit": 41, "comment": 58, "zan": 156, "sentiment": [{"positive_prob": 0.0543451, "confidence": 0.879233, "negative_prob": 0.945655, "sentiment": 0}]}, {"text": "【转评抽送2本梵高笔记本】1853年的3月30日，文森特•梵高(VincentvanGogh)诞生。今天是他166周年诞辰为纪念这位最伟大的后印象派艺术家华为主题上线“臻爱梵高”系列主题希望和各位盟友一起，感受166年前他内心的火热激情和所挚爱的世界。​", "author": "华为开发者联盟", "time": "华为开发者联盟03月30日17:31 来自专业版微博", "transmit": 454, "comment": 432, "zan": 255, "sentiment": [{"positive_prob": 0.975399, "confidence": 0.945331, "negative_prob": 0.0246009, "sentiment": 2}]}, {"text": "996.ICU目前的状态（Star126k+）其中有一个Pullrequest希望把华为从黑名单中删除，并表示“在中国，华为等同于Linux在世界的地位。”O网页链接#996.icu#​", "author": "胡翼飞", "time": "胡翼飞03月30日15:48 来自Share微博客户端", "transmit": 378, "comment": 174, "zan": 106, "sentiment": [{"positive_prob": 0.470892, "confidence": 0.417839, "negative_prob": 0.529108, "sentiment": 1}]}, {"text": "华为这个HuaweiShare有点东西，如果我用华为，买电脑时会因为这功能优先选择Matebook。L华为手机的秒拍视频​", "author": "一格", "time": "一格03月30日17:29", "transmit": 62, "comment": 38, "zan": 302, "sentiment": [{"positive_prob": 0.563398, "confidence": 0.0297731, "negative_prob": 0.436602, "sentiment": 2}]}, {"text": "很震惊美国人的无耻，华为做得好，就得美国人当董事，否则就不放心。我们要求过高通、英特尔、IBM、甲骨文必须有中国人当董事了吗？把华为送你们得了。做人，能这么不要脸吗？​", "author": "飞象网项立刚", "time": "飞象网项立刚03月30日07:40 来自华为Mate10保时捷设计", "transmit": 379, "comment": 388, "zan": 582, "sentiment": [{"positive_prob": 0.0525224, "confidence": 0.883284, "negative_prob": 0.947478, "sentiment": 0}]}, {"text": "#2019IT领袖峰会#【独家|余承东:#华为5G手机6月上市#消费者业务占比会更高】华为消费者余承东在接受新浪科技独家采访时表示，华为首款5G手机为折叠屏手机MateX，今年6月份上市。余承东还向新浪科技表示，消费者业务还有更大的增长空间，占比还会更高。O独家|余承东:华为5G手机6月出消费者业务占比会更高L新浪科技的微博视频​", "author": "新浪科技", "time": "新浪科技03月30日22:40 来自微博视频", "transmit": 53, "comment": 69, "zan": 122, "sentiment": [{"positive_prob": 0.798045, "confidence": 0.551211, "negative_prob": 0.201955, "sentiment": 2}]}, {"text": "【鲸视频：2018年#华为员工平均年薪近60万#公司平均每天赚1.6亿，100%员工持股】3月29日，华为发布2018年年报：年营收超7212亿元（约合1074亿美元），首破千亿美元；平均每天赚1.6亿，员工平均年薪近60万元。华为100%的股权由员工持有，持股员工近半，达9.7万人。@老板联播L老板联播的秒拍视频​​​", "author": "蓝鲸财经记者工作平台", "time": "蓝鲸财经记者工作平台03月30日19:44 来自iPhone客户端", "transmit": 66, "comment": 103, "zan": 110, "sentiment": [{"positive_prob": 0.0514891, "confidence": 0.88558, "negative_prob": 0.948511, "sentiment": 0}]}, {"text": "吓我一大跳！我还以为华为给我发律师函了呢……​", "author": "小表哥PRO", "time": "小表哥PRO03月30日22:18 来自小米9", "transmit": 14, "comment": 159, "zan": 483, "sentiment": [{"positive_prob": 0.450165, "confidence": 0.00329554, "negative_prob": 0.549835, "sentiment": 1}]}, {"text": "华为批评老美：这是失败者的心理。美媒激烈反应。L投资舆情的微博视频​", "author": "投资舆情", "time": "投资舆情03月30日07:33 来自iPhone客户端", "transmit": 125, "comment": 192, "zan": 183, "sentiment": [{"positive_prob": 0.684395, "confidence": 0.298655, "negative_prob": 0.315605, "sentiment": 2}]}, {"text": "#对TA说晚安#如果一个词形容对象给你拍的照片（单身汪可以酸）你将作何评价？（ps：建议有图有真相）。转评，小云将随机抽一位送出华为耳机。​", "author": "华为终端云服务", "time": "华为终端云服务03月30日22:00 来自微博weibo.com", "transmit": 272, "comment": 347, "zan": 161, "sentiment": [{"positive_prob": 0.296541, "confidence": 0.34102, "negative_prob": 0.703459, "sentiment": 0}]}, {"text": "一加高管对华为的评价，中肯而诚恳。也提现了一加内敛、专注、谦虚、踏实的企业文化！​", "author": "C科技", "time": "C科技03月30日11:58", "transmit": 76, "comment": 459, "zan": 745, "sentiment": [{"positive_prob": 0.919938, "confidence": 0.822084, "negative_prob": 0.0800622, "sentiment": 2}]}, {"text": "【#密室大逃脱#第一期上线】L01期：杨幂邓伦智商爆表破机关杨幂一票开启首个高光时刻！邓伦在惊吓中迎来本期MVP？魏大勋当起了大哥，黄明昊发声密逃第一尖叫！关键时刻你国伟哥和依霖姐还能把吃贯彻到底！反正你们想到想不到的，一样都不会少每周六中午12点芒果TV全网独播！上#华为视频#芒果专区，看海量精彩内容，还有华为视频+芒果TV联合会员优惠哦~", "author": "芒果TV", "time": "芒果TV03月30日12:33", "transmit": 41, "comment": 96, "zan": 488, "sentiment": [{"positive_prob": 0.984377, "confidence": 0.965282, "negative_prob": 0.0156233, "sentiment": 2}]}, {"text": "华为P30Pro从超广角到50倍超长焦。拍照手机你和我比？L宁思潇潇的微博视频​", "author": "宁思潇潇", "time": "宁思潇潇03月30日12:06 来自HUAWEIP30Pro", "transmit": 61, "comment": 131, "zan": 352, "sentiment": [{"positive_prob": 0.630468, "confidence": 0.178818, "negative_prob": 0.369532, "sentiment": 2}]}]