[{"text": "【新西兰总理阿德恩接受央视记者专访再次否认禁止华为】2019年4月1日，新西兰总理阿德恩接受央视记者专访，谈到华为相关问题，她再次重申新西兰并没有禁用华为5G，也不会因美国方面的影响而改变国家政策。“新西兰非常坚定和自豪地说，我们有自己独立的外交政策”，她说。L央视新闻的秒拍视频​", "author": "环球时报", "time": "环球时报04月03日16:30 来自微博weibo.com", "transmit": 148, "comment": 179, "zan": 466, "sentiment": [{"positive_prob": 0.940844, "confidence": 0.868543, "negative_prob": 0.0591557, "sentiment": 2}]}, {"text": "【新西兰总理：华为并未在新西兰被禁】本周，“新浪会客厅”迎来首位政府首脑：新西兰总理杰辛达·阿德恩，这位80后政治人物是全球最年轻女总理。她在任期内怀孕生子，还带着孩子上联大，成话题人物。做客新浪会客厅期间，阿德恩答问微博网友，回应华为在新西兰是否被禁…@广东卫视@新西兰驻华大使馆@新浪旅游@视频微访谈L新西兰总理阿德恩做客新浪会客厅", "author": "微天下", "time": "微天下04月03日18:41 来自微博weibo.com", "transmit": 173, "comment": 8, "zan": 177, "sentiment": [{"positive_prob": 0.910822, "confidence": 0.801827, "negative_prob": 0.0891777, "sentiment": 2}]}, {"text": "【#华为超燃誓师#视频！消费者业务大改革，五年要挣1500亿美元！】“在组织设计和薪酬分配的边界内，放开让你们做实验，给五年时间，看看你们能不能打造一支铁军。”任正非说。而在任正非的讲话中，透露华为消费者业务2023年希望达到1500亿美元的销售收入目标，而整个华为集团会在2500-3000亿美元之间。L究竟视频的秒拍视频", "author": "新浪财经", "time": "新浪财经04月03日21:35 来自微博weibo.com", "transmit": 109, "comment": 76, "zan": 201, "sentiment": [{"positive_prob": 0.62339, "confidence": 0.16309, "negative_prob": 0.37661, "sentiment": 2}]}, {"text": "#新西兰总理否认禁用华为#近日，新西兰总理阿德恩接受了央视记者水均益专访，谈及华为相关问题，阿德恩再次重申新西兰并没有禁用华为5G，也不会因美国方面的影响而改变国家政策。请点击了解采访详情O网页链接L华为中国的微博视频​", "author": "华为中国", "time": "华为中国04月03日11:46 来自微博视频", "transmit": 496, "comment": 475, "zan": 2951, "sentiment": [{"positive_prob": 0.929852, "confidence": 0.844115, "negative_prob": 0.0701484, "sentiment": 2}]}, {"text": "拿到Nova4的第一件事是什么？当然是迅速换上代言人——易烊千玺的独家主题呀！漫画千玺+励志千玺，哪个更能满足你对四月的向往呢？嘘，悄悄告诉你，#华为主题#APP里还上新了两张千玺的独家高清硬照壁纸哟！​", "author": "华为开发者联盟", "time": "华为开发者联盟04月03日14:04 来自专业版微博", "transmit": 10941, "comment": 580, "zan": 1463, "sentiment": [{"positive_prob": 0.986253, "confidence": 0.969452, "negative_prob": 0.0137467, "sentiment": 2}]}, {"text": "字体：布朗尼获取方式:转发或者评论一句你珍藏的句子之后，私信关键词：布朗尼。中文部分和之前敲可爱同一个字体族，但粗细不同，之前47敲可爱那个是常规版，这个布朗尼是中粗版。这个字体目前是我觉得最耐用的，方方正正的但边角又很圆润，加上华为9.0字体变细以后，这个字体的粗细我也觉得特别舒服。4月5日更新，O网页链接", "author": "肆柒Lyn", "time": "肆柒Lyn04月03日22:12 来自字体超话", "transmit": 434, "comment": 6302, "zan": 1120, "sentiment": [{"positive_prob": 0.971829, "confidence": 0.937398, "negative_prob": 0.0281708, "sentiment": 2}]}, {"text": "四月，拿起#华为Mate20#Pro，等一场樱花雨。​​​​", "author": "华为终端官方微博", "time": "华为终端官方微博04月03日21:00 来自微博weibo.com", "transmit": 90, "comment": 266, "zan": 1284, "sentiment": [{"positive_prob": 0.744686, "confidence": 0.432635, "negative_prob": 0.255314, "sentiment": 2}]}, {"text": "#华为P30#Pro荣获今年TIPA最佳拍摄智能手机大奖，感谢认可，未来我们将持续创新突破，为广大消费者带来更好的摄影体验！​", "author": "余承东", "time": "余承东04月03日20:04 来自HUAWEIP30Pro", "transmit": 97, "comment": 871, "zan": 2026, "sentiment": [{"positive_prob": 0.996245, "confidence": 0.991656, "negative_prob": 0.00375491, "sentiment": 2}]}, {"text": "【超燃！华为内部誓师视频：五年要挣1500亿美元】在营收超过运营商业务，成为华为最大的收入来源后，华为消费者BG业务近日又迎来了一次重要改革。“在组织设计和薪酬分配的边界内，放开让你们做实验，给五年时间，看看你们能不能打造一支铁军。”任正非说。而在任正非的讲话中，透露华为消费者业务2023年希望达到1500亿美元的销售收入目标，而整个华为集团会在2500-3000亿美元之间。L究竟视频的秒拍视频", "author": "第一财经日报", "time": "第一财经日报04月03日21:10 来自iPhone客户端", "transmit": 177, "comment": 122, "zan": 152, "sentiment": [{"positive_prob": 0.677173, "confidence": 0.282607, "negative_prob": 0.322827, "sentiment": 2}]}, {"text": "感受下新一代夜视仪「华为P30Pro」的无解弱光拍照能力，拍摄地点是我司编辑部，最后一张照片触发了最高的409600ISO。#华为P30#L硬件学堂的微博视频​", "author": "硬件学堂", "time": "硬件学堂04月03日23:14", "transmit": 611, "comment": 382, "zan": 870, "sentiment": [{"positive_prob": 0.825623, "confidence": 0.612495, "negative_prob": 0.174377, "sentiment": 2}]}, {"text": "今日影讯：#华为P30#系列特技影视大片完结篇之《卧虎藏不住龙》，好故事藏不住，来戳视频↓L华为终端官方微博的秒拍视频​", "author": "华为终端官方微博", "time": "华为终端官方微博04月03日22:02 来自HUAWEIP30Pro", "transmit": 86, "comment": 133, "zan": 821, "sentiment": [{"positive_prob": 0.865891, "confidence": 0.701981, "negative_prob": 0.134109, "sentiment": 2}]}, {"text": "【新西兰总理：华为并未在新西兰被禁】本周，“新浪会客厅”迎来首位政府首脑：新西兰总理杰辛达·阿德恩，这位80后政治人物是全球最年轻女总理。她在任期内怀孕生子，还带着孩子上联大，成话题人物。做客新浪会客厅期间，阿德恩答问微博网友，回应华为在新西兰是否被禁…@广东卫视@新西兰驻华大使馆L新西兰总理阿德恩做客新浪会客厅", "author": "新浪财经", "time": "新浪财经04月03日19:15 来自微博weibo.com", "transmit": 27, "comment": 8, "zan": 97, "sentiment": [{"positive_prob": 0.903407, "confidence": 0.785349, "negative_prob": 0.0965931, "sentiment": 2}]}, {"text": "【新西兰总理阿德恩接受央视记者专访再次否认禁止华为】2019年4月1日，新西兰总理阿德恩接受央视记者专访，谈到华为相关问题，她再次重申新西兰并没有禁用华为5G，也不会因美国方面的影响而改变国家政策。“新西兰非常坚定和自豪地说，我们有自己独立的外交政策”，她说。L央视新闻的秒拍视频​", "author": "环球网", "time": "环球网04月03日20:42", "transmit": 30, "comment": 27, "zan": 233, "sentiment": [{"positive_prob": 0.940844, "confidence": 0.868543, "negative_prob": 0.0591557, "sentiment": 2}]}, {"text": "依次是华为P30Pro手机0.6倍、1倍、2.5倍、5倍、10倍、15倍、30倍、50倍变焦拍照效果。​", "author": "硬件学堂", "time": "硬件学堂04月03日14:48 来自HUAWEIP30Pro", "transmit": 32, "comment": 51, "zan": 106, "sentiment": [{"positive_prob": 0.0562308, "confidence": 0.875043, "negative_prob": 0.943769, "sentiment": 0}]}, {"text": "5年半的华为员工，35k，想跳槽去互联网大厂磨练，却嫌弃腾讯给的太低​", "author": "程序员新视界", "time": "程序员新视界04月03日17:59", "transmit": 28, "comment": 287, "zan": 766, "sentiment": [{"positive_prob": 0.186386, "confidence": 0.58581, "negative_prob": 0.813614, "sentiment": 0}]}, {"text": "#中国科普月天文大使张云雷#💚#张云雷无境深蓝公益大使#大风吹大风吹爆米花好美，爆米花头也好美，这个发型名字好多：爆米花花头、花菜头、菜花头、西兰花头、华为头、鱿鱼丝头、奇花异草头，欢迎补充张云雷说相声，张云雷唱歌探清水河和毓贞，张云雷泡面做法方便面真不错，张云雷高德地图语音包，张云雷天津，石家庄，苏州云起雷鸣专场都很期待L无数次与三庆园擦肩而过的xixi的秒拍视频", "author": "无数次与三庆园擦肩而过的xixi", "time": "无数次与三庆园擦肩而过的xixi04月03日13:19 来自张云雷超话", "transmit": 42, "comment": 74, "zan": 423, "sentiment": [{"positive_prob": 0.982949, "confidence": 0.962109, "negative_prob": 0.0170508, "sentiment": 2}]}, {"text": "【#外交部副部长谈华为在欧发展#：希望欧盟不针对特定国家和特定产业设限】4月3日外交部吹风会上，外交部副部长王超回答了有关华为在欧洲可能受限的问题。他表示，5G的成功商业运用符合各国共同利益，中方秉持开放、共享的理念与全球共同推动5G发展。近年来，中国与欧盟在5G标准化、基础研发、产业及应用创新等方面建立了良好的合作关系，希望欧盟为中欧信息产业合作创造良好环境，在出台政策框架和相关法律时不针对特定国家和特定产业实施限制措施，提供公平公正透明的产业环境，促进全球5G产业持续、健康发展。（记者胡永启）", "author": "中国日报", "time": "中国日报04月03日19:58 来自微博weibo.com", "transmit": 14, "comment": 12, "zan": 90, "sentiment": [{"positive_prob": 0.982429, "confidence": 0.960953, "negative_prob": 0.017571, "sentiment": 2}]}, {"text": "猛烈，华为消费者BG重磅宣誓：我们是终端铁军，王者之师，勇往直前，势不可挡，三年营收1000亿美金，五年营收1500亿美金，铁军出击，所向披靡！气势好振奋人心，这么多年，好像华为宣誓的目标基本都是要也都会达到！L究竟视频的秒拍视频​", "author": "HW前HR", "time": "HW前HR04月03日22:05 来自HUAWEIP30Pro", "transmit": 146, "comment": 196, "zan": 301, "sentiment": [{"positive_prob": 0.868882, "confidence": 0.708627, "negative_prob": 0.131118, "sentiment": 2}]}, {"text": "撞表了，话说华为WatchGT的哪个配色更入你的法眼～2泰国·拷叻拉贝拉度假酒店(LaVelaKhaoLak)​", "author": "陈震同学", "time": "陈震同学04月03日20:00 来自HUAWEIP30Pro", "transmit": 30, "comment": 440, "zan": 582, "sentiment": [{"positive_prob": 0.778627, "confidence": 0.508061, "negative_prob": 0.221373, "sentiment": 2}]}, {"text": "原来华为内部的通信测试机房长这样，原来荣耀8X经历了这么多的信号考验，单套测试设备都上1000万了，大厂科技赞L荣耀手机的秒拍视频​", "author": "土味挖掘机", "time": "土味挖掘机04月03日21:15 来自微博weibo.com", "transmit": 137, "comment": 329, "zan": 436, "sentiment": [{"positive_prob": 0.854655, "confidence": 0.67701, "negative_prob": 0.145345, "sentiment": 2}]}, {"text": "广告攻势！华为P30系列的广告点亮世界第一高楼“哈利法塔“（原名迪拜塔）。​", "author": "ZEALER-X", "time": "ZEALER-X04月03日09:19 来自微博weibo.com", "transmit": 27, "comment": 144, "zan": 412, "sentiment": [{"positive_prob": 0.500703, "confidence": 0.985932, "negative_prob": 0.499297, "sentiment": 1}]}, {"text": "【#今日财经TOP10#美媒称美国对华为的战争已经失败】美国《华盛顿邮报》1日报道称，在拉拢盟友打压华为的行动受挫后，美国已经开始考虑一个新问题——在华为主导5G网络的世界如何保证网络安全。美国《福布斯》杂志网站2日评论认为，这一行动说明美国对华为的战争已经失败。O今日财经TOP10：美媒称美国对华为的战争已经失败​", "author": "新浪财经", "time": "新浪财经04月03日20:52 来自微博weibo.com", "transmit": 34, "comment": 33, "zan": 87, "sentiment": [{"positive_prob": 0.322569, "confidence": 0.283181, "negative_prob": 0.677431, "sentiment": 0}]}, {"text": "【华为\"授权\"消费者业务自主改革五年营收目标1500亿美元】任正非表示，今年华为的改革重点，一方面是运营商业务，二是消费者业务。华为授权消费者业务“军团作战”，自主改革，改革的内容包括组织结构设计和薪酬体系。任正非透露，消费者业务2023年收入目标为1500亿美元。O华为\"授权\"消费者业务改革五年营收目标1500亿美元​", "author": "新浪科技", "time": "新浪科技04月03日22:57 来自微博weibo.com", "transmit": 31, "comment": 19, "zan": 92, "sentiment": [{"positive_prob": 0.101057, "confidence": 0.775429, "negative_prob": 0.898943, "sentiment": 0}]}, {"text": "#华为P30#系列搭载全新EMUI9.1系统，“瞬间即永恒”的主题设计理念，演绎色彩灵动之美；微写实图标，视觉效果更简约时尚，快戳视频一探究竟吧！L华为EMUI的秒拍视频​", "author": "华为手机", "time": "华为手机04月03日12:11 来自HUAWEIP30Pro", "transmit": 32, "comment": 111, "zan": 378, "sentiment": [{"positive_prob": 0.981713, "confidence": 0.959362, "negative_prob": 0.018287, "sentiment": 2}]}, {"text": "【鲸视频：华为超燃誓师视频！消费者业务大改革，五年要挣1500亿美元！】“在组织设计和薪酬分配的边界内，放开让你们做实验，给五年时间，看看你们能不能打造一支铁军。”任正非说。而在任正非的讲话中，透露华为消费者业务2023年希望达到1500亿美元的销售收入目标，而整个华为集团会在2500-3000亿美元之间。L究竟视频的秒拍视频", "author": "蓝鲸财经记者工作平台", "time": "蓝鲸财经记者工作平台04月03日21:12 来自Android", "transmit": 103, "comment": 156, "zan": 65, "sentiment": [{"positive_prob": 0.367686, "confidence": 0.182919, "negative_prob": 0.632314, "sentiment": 0}]}, {"text": "【#华为誓师大会#视频！#华为消费者业务改革#五年要挣1500亿美元！】在营收超过运营商业务，成为华为最大的收入来源后，华为消费者BG业务近日又迎来了一次重要改革。“在组织设计和薪酬分配的边界内，放开让你们做实验，给五年时间，看看你们能不能打造一支铁军。”任正非说。而在任正非的讲话中，透露华为消费者业务2023年希望达到1500亿美元的销售收入目标，而整个华为集团会在2500-3000亿美元之间。@究竟视频L究竟视频的秒拍视频", "author": "凤凰网财经", "time": "凤凰网财经04月03日21:10", "transmit": 66, "comment": 101, "zan": 88, "sentiment": [{"positive_prob": 0.275293, "confidence": 0.388237, "negative_prob": 0.724707, "sentiment": 0}]}, {"text": "【#华为誓师大会#：营收目标五年1500亿美元】3月29日，华为举行了消费者BG“军团作战”誓师大会，大会上华为\"授权\"消费者业务改革，要求五年营收目标1500亿美元。“在组织设计和薪酬分配的边界内，放开让你们做实验，给五年时间，看看你们能不能打造一支铁军。”任正非说。L大佬时间的秒拍视频​", "author": "创业家传媒", "time": "创业家传媒04月03日22:11 来自iPhone客户端", "transmit": 156, "comment": 71, "zan": 79, "sentiment": [{"positive_prob": 0.7572, "confidence": 0.460445, "negative_prob": 0.2428, "sentiment": 2}]}, {"text": "华为产业链个股，值得收藏！​", "author": "金融圈头条", "time": "金融圈头条04月03日23:10 来自微博weibo.com", "transmit": 185, "comment": 24, "zan": 72, "sentiment": [{"positive_prob": 0.617409, "confidence": 0.149798, "negative_prob": 0.382591, "sentiment": 2}]}, {"text": "#华为P30#系列《卧虎藏不住龙》，超越目之所及4月11日上海，不见不散！L华为终端官方微博的秒拍视频​", "author": "华为何刚", "time": "华为何刚04月03日18:44 来自HUAWEIP30Pro", "transmit": 30, "comment": 44, "zan": 178, "sentiment": [{"positive_prob": 0.951079, "confidence": 0.891288, "negative_prob": 0.0489205, "sentiment": 2}]}, {"text": "今天在商场体验了下华为笔记本，我的感受是华为很快大量侵蚀传统笔记本电脑厂商的市场份额，因为它把手机上的很多新技术、新理念引进到了笔记本，比如普及金属机身、全面屏、快充、指纹识别等等。尽管做笔记本才三年，但华为对新技术的应用让人目瞪口呆！见微知著，未来几年，华为电脑会迅速崛起！不信等着瞧！", "author": "C科技", "time": "C科技04月03日15:24 来自三星GalaxyS10+", "transmit": 31, "comment": 472, "zan": 369, "sentiment": [{"positive_prob": 0.97079, "confidence": 0.935088, "negative_prob": 0.0292104, "sentiment": 2}]}]