[{"text": "#华为5G折叠屏手机开卖时间#华为5G折叠屏手机最快10月底国内开卖，三星折叠屏已经上市，还有摩托罗拉，小米等都各自推出折叠屏，你会买哪个品牌的？你会买哪个品牌的折叠屏手机？​", "author": "工业科技迷", "time": "工业科技迷10月13日22:40", "transmit": 87, "comment": 295, "zan": 49318, "sentiment": [{"positive_prob": 0.902637, "confidence": 0.783637, "negative_prob": 0.0973634, "sentiment": 2}]}, {"text": "#华为5G折叠屏手机开卖时间#【华为5G折叠屏手机最快10月底国内开卖】据上游产业链，华为最快在本月底宣布折叠屏手机MateX在国内上市，目前它的量产工作已经开始，由于使用的折叠屏目前生产难度更大，所以供货量不会很多。华为今年2月初发布了MateX，但是上市却一直拖到了现在。O产业链：华为5G折叠屏手机最快10月底国内开卖​", "author": "新浪科技", "time": "新浪科技10月13日16:25 来自微博weibo.com", "transmit": 368, "comment": 3223, "zan": 48448, "sentiment": [{"positive_prob": 0.937072, "confidence": 0.860159, "negative_prob": 0.0629285, "sentiment": 2}]}, {"text": "#袁隆平英语#，▷明星偷税吸毒被原谅，袁隆平买华为手机却被羞辱，这才是时代最大的悲哀！​", "author": "东海信箱", "time": "东海信箱10月13日19:39 来自iPhone8Plus", "transmit": 270, "comment": 203, "zan": 2827, "sentiment": [{"positive_prob": 0.630773, "confidence": 0.179496, "negative_prob": 0.369227, "sentiment": 2}]}, {"text": "香港的华为装卖店也被废青砸了，店内一片凌乱，门口华为Logo也被敲掉了，你们感受下​", "author": "搞机王腾霄", "time": "搞机王腾霄10月13日22:59 来自NEX35G", "transmit": 164, "comment": 1211, "zan": 3686, "sentiment": [{"positive_prob": 0.0708714, "confidence": 0.842508, "negative_prob": 0.929129, "sentiment": 0}]}, {"text": "DY上已经有人开箱了华为MateX5G折叠屏手机，附送一个封闭全包的皮套。机身折叠状态下疑似有固定设计，按下背面摄像头模组下方的物理按键可弹出来解除固定状态。L晴天披沥的微博视频​", "author": "晴天披沥", "time": "晴天披沥10月13日15:38 来自iPhone11ProMax", "transmit": 425, "comment": 458, "zan": 4275, "sentiment": [{"positive_prob": 0.64219, "confidence": 0.204866, "negative_prob": 0.35781, "sentiment": 2}]}, {"text": "#华为5G折叠屏手机开卖时间#好的东西总是需要耐心。支持华为！踏实做事，只想打造更优物质。​", "author": "顾婠柠", "time": "顾婠柠10月13日23:12 来自iPhone7Plus", "transmit": 76, "comment": 438, "zan": 1528, "sentiment": [{"positive_prob": 0.986858, "confidence": 0.970795, "negative_prob": 0.0131422, "sentiment": 2}]}, {"text": "不惧美国封锁与打击，华为公司继续加大研发中心投资与建设！华为公司在上海的第二个超大规模研发基地正在如火如荼建设，总投资100亿，研发基地占地面积接近3平方公里，位于上海市青浦区淀山湖（如图，是上海市与江苏省的交界处），建成之后，将入驻3万名华为研发人员，园区优美的风景及豪华程度可以与华为东莞松山湖研发基地媲美，且占地面积是松山湖基地的两倍！同时，华为上海淀山湖研发基地附近也正在建设生活配套项目（如图，是给华为研发园区配套的项目，由上海相关国企负责投资和建设，江南水乡风格），项目投资20亿，建筑面积253363平方米，容积率1.6，绿化率高达35%，机动车停车位1573辆，非机动车停车位1530辆，包括35栋住宅及沿街商业、社区配套、绿化等附属设施工程", "author": "信通小熊猫", "time": "信通小熊猫10月13日20:00 来自微博HTML5版", "transmit": 184, "comment": 547, "zan": 3062, "sentiment": [{"positive_prob": 0.953322, "confidence": 0.896271, "negative_prob": 0.0466782, "sentiment": 2}]}, {"text": "这还是我第一次这么近距离看MIXAlpha，旁边一个大爷问我：这是啥屏？我说：环绕屏，整个机身都是屏幕。大爷：卧槽！这么牛逼，这是华为吗？​", "author": "科技新一", "time": "科技新一10月13日20:38", "transmit": 42, "comment": 456, "zan": 2806, "sentiment": [{"positive_prob": 0.0458775, "confidence": 0.89805, "negative_prob": 0.954123, "sentiment": 0}]}, {"text": "【华为MateX真机开箱】最近有网友发布一条华为MateX折叠屏手机的开箱视频，这款是改进后的量产版，相比初代MateX处理器升级为麒麟990，支持5G，相机配置也做了升级，增加卡扣设计，按下背部按键即可弹出屏幕，随机附赠皮套，感觉怎么样？L测评君的微博视频​", "author": "测评君", "time": "测评君10月13日21:53 来自iPhone11ProMax", "transmit": 219, "comment": 226, "zan": 1576, "sentiment": [{"positive_prob": 0.767756, "confidence": 0.483903, "negative_prob": 0.232244, "sentiment": 2}]}, {"text": "在哪儿都能看到华为牛逼​", "author": "科技小公举", "time": "科技小公举10月13日10:38", "transmit": 148, "comment": 766, "zan": 7894, "sentiment": [{"positive_prob": 0.473538, "confidence": 0.470767, "negative_prob": 0.526462, "sentiment": 1}]}, {"text": "华为加起班来凶残，但给钱的时候确实大方​", "author": "电商报", "time": "电商报10月13日23:21", "transmit": 278, "comment": 443, "zan": 3358, "sentiment": [{"positive_prob": 0.678065, "confidence": 0.28459, "negative_prob": 0.321935, "sentiment": 2}]}, {"text": "【华为专家称大部分AI并不是真正的AI，只是简单的机器学习】在近日的2019小蛮腰科技大会上，华为诺亚实验室决策推理首席科学家汪军表示，现在大家讲人工智能很好，但作为一个研究者觉得，现在的AI并不是真正意义上的AI，大多只是简单的机器学习。@老板联播L老板联播的微博视频​", "author": "新浪科技", "time": "新浪科技10月13日08:20 来自微博weibo.com", "transmit": 82, "comment": 185, "zan": 383, "sentiment": [{"positive_prob": 0.463509, "confidence": 0.270171, "negative_prob": 0.536491, "sentiment": 1}]}, {"text": "华为消费者业务第一手机产品线总裁@李小龙Bruce_Lee今天做客华为学堂，为大家深度解码#华为Mate30#系列产品研发背后的故事，点击大图直击现场。​", "author": "华为终端官方微博", "time": "华为终端官方微博10月13日19:58 来自微博weibo.com", "transmit": 30, "comment": 76, "zan": 421, "sentiment": [{"positive_prob": 0.394309, "confidence": 0.123759, "negative_prob": 0.605691, "sentiment": 0}]}, {"text": "问：华为折叠屏手机MateX到底什么时候上市？#华为5G折叠屏手机开卖时间#​", "author": "路诞先生", "time": "路诞先生10月13日17:00 来自小米9Pro5G", "transmit": 43, "comment": 154, "zan": 898, "sentiment": [{"positive_prob": 0.523328, "confidence": 0.533446, "negative_prob": 0.476672, "sentiment": 1}]}, {"text": "#华为5G折叠屏手机开卖时间#什么是5G？从1G到5G到底发生了什么？为什么5G那么快？L物理雷老师的秒拍视频​", "author": "搞笑二娘", "time": "搞笑二娘10月13日21:54 来自HUAWEIP30", "transmit": 129, "comment": 26, "zan": 544, "sentiment": [{"positive_prob": 0.599235, "confidence": 0.109411, "negative_prob": 0.400765, "sentiment": 2}]}, {"text": "【泰禾前9月销售额排34位，黄其森：目标是成为华为、阿里】“泰禾的目标是能够成为像华为、阿里这样伟大的企业，在地产行业做到第一品牌。”泰禾集团董事长黄其森在10月11日的发布会上对外表达了他的野心。泰禾集团副总裁、北京区域公司总经理王景岗再当日的发布会上称，泰禾集团2018年的销售额为1303亿元，目前在全国29个城市开发了90多个项目。值得一提的是，1303亿元这个数字却未曾出现在这家A股上市公司的2018年年报中。O泰禾前9月销售额排34位黄其森：目标是成华为、阿里", "author": "新浪财经", "time": "新浪财经10月13日20:36 来自微博weibo.com", "transmit": 16, "comment": 95, "zan": 250, "sentiment": [{"positive_prob": 0.914735, "confidence": 0.810522, "negative_prob": 0.085265, "sentiment": 2}]}, {"text": "发布了头条文章：《量能是关键》财经每日必读#微博赚钱季#周五华为/科技+数字货币/知识产权+业绩预增最强，主板放量上涨（明日预设冲高回落，注意观察成交量能否有效放大，成交量能持续放大可以冲击压力位）强势股接力的亏钱效应减缓，明日天顺股份，诚迈科技等作为非科创板情绪标杆观察，空间板高度依旧压缩到4板，首板数量减少，强势股接力赚钱效应恢复中，周末消息面有超预期利好，最优策略是选择首板（反包板）或者1进2涨停板套利，但反弹面临重要压力位，量能是关键，一旦量能无法有效放大注意逢高兑现利润，耐心等回踩企稳后的操作机会。科创板继续探底，南微医学+铂力特+乐鑫科技重点关注，另外沃尔德，方邦股份，福光股份，瀚川智能等板块活跃盘中继续观察。O量能是关键", "author": "lesliesay", "time": "lesliesay10月13日11:18 来自微博weibo.com", "transmit": 350, "comment": 161, "zan": 666, "sentiment": [{"positive_prob": 0.973275, "confidence": 0.940611, "negative_prob": 0.0267252, "sentiment": 2}]}, {"text": "O10月15日19:00，我和#华为音乐#在西安财经大学（长安校区）等你！#肆Fun新声#校园音乐节暨#荣耀制噪者#启航演出，我来了！​", "author": "王北车", "time": "王北车10月13日20:26 来自王北车超话", "transmit": 232, "comment": 858, "zan": 1600, "sentiment": [{"positive_prob": 0.946958, "confidence": 0.882129, "negative_prob": 0.0530419, "sentiment": 2}]}, {"text": "朱正廷我真的觉得我眼睛看到的耳朵听到的和手机录的嗨巴蒂都算稳得，为廷廷正名（垃圾271垃圾音响垃圾转播）以及第三排拍成这样，教育我们下个手机一定要买华为L烟RAN暖_就让我变成回忆的微博视频​", "author": "烟RAN暖_就让我变成回忆", "time": "烟RAN暖_就让我变成回忆10月13日20:27 来自朱正廷超话", "transmit": 106, "comment": 43, "zan": 375, "sentiment": [{"positive_prob": 0.148336, "confidence": 0.670365, "negative_prob": 0.851664, "sentiment": 0}]}, {"text": "还在为满屏的英文而苦恼吗？华为Mate30系列滚屏翻译轻轻松松将长文英译汉给你读下去的动力L华为智慧助手的秒拍视频​", "author": "华为何刚", "time": "华为何刚10月13日16:46 来自HUAWEIMate30Pro", "transmit": 27, "comment": 76, "zan": 303, "sentiment": [{"positive_prob": 0.853959, "confidence": 0.675465, "negative_prob": 0.146041, "sentiment": 2}]}, {"text": "华为加起班来凶残，但给钱的时候确实大方，这是很多企业学不来的​", "author": "程序员新视界", "time": "程序员新视界10月13日14:09", "transmit": 88, "comment": 349, "zan": 2998, "sentiment": [{"positive_prob": 0.661887, "confidence": 0.248637, "negative_prob": 0.338113, "sentiment": 2}]}, {"text": "香港废青把华为手机店砸了​", "author": "C科技", "time": "C科技10月13日22:28", "transmit": 65, "comment": 384, "zan": 1432, "sentiment": [{"positive_prob": 0.162335, "confidence": 0.639257, "negative_prob": 0.837666, "sentiment": 0}]}, {"text": "大家都知道，华为公司完全自主研发的运算速度高达每秒1300万亿次的超级计算机（如图），已经在位于沈阳的航空工业气动院投入使用，支撑航空气动计算流体力学研究领域的设计、研发和验证，将大大提升我国航空工业的自主创新能力，这个超级计算机里面的CPU（华为鲲鹏920），数据库（华为高斯数据库），存储设备，操作系统，电源设备，网络设备等所有核心组件，全部由华为公司自主研发，实力确实强大！这次华为公司研发的这个超级计算机，满足了中国在风洞试验、计算流体力学工程计算、试验数据分析、预研性课题研究计算等方面的需求，同时，华为公司还与中国气动院在航空计算流体力学软件开发、高性能计算技术提升等方面联合开展研究，共同推进国产计算流体力学软件的进步！华为公司确实是我们民族的脊梁！", "author": "信通小熊猫", "time": "信通小熊猫10月13日14:17 来自微博HTML5版", "transmit": 61, "comment": 143, "zan": 768, "sentiment": [{"positive_prob": 0.987296, "confidence": 0.971769, "negative_prob": 0.0127041, "sentiment": 2}]}, {"text": "姐妹华为p30pro🆚我的苹果同位置对比气死我了😢​", "author": "浪里赤条小粗林", "time": "浪里赤条小粗林10月13日00:42 来自想要暴富的iPhoneXS", "transmit": 64, "comment": 155, "zan": 1165, "sentiment": [{"positive_prob": 0.4556, "confidence": 0.111997, "negative_prob": 0.5444, "sentiment": 1}]}, {"text": "#华为5G折叠屏手机10月底开卖#这应该是定型版了，看样子确实蛮精致吼，也不贵，就万把块吧LArk咔嚓一下的微博视频​", "author": "Ark咔嚓一下", "time": "Ark咔嚓一下10月13日17:54 来自咔嚓的热搜第一推荐", "transmit": 36, "comment": 68, "zan": 404, "sentiment": [{"positive_prob": 0.823148, "confidence": 0.606995, "negative_prob": 0.176852, "sentiment": 2}]}, {"text": "来自上游产业链最新消息，华为最快本月底宣布MateX上市！二月初拖到了现在！我服！估计出货量是个问题！因为生产难度很大！加油吧华为！#华为5G折叠屏手机10月底开卖#​", "author": "梦想科技开", "time": "梦想科技开10月13日19:13 来自小米9Pro5G", "transmit": 11, "comment": 79, "zan": 180, "sentiment": [{"positive_prob": 0.471456, "confidence": 0.429121, "negative_prob": 0.528544, "sentiment": 1}]}, {"text": "可能本来就是饭桌上随便说说，结果华为当真了​", "author": "鍋盖頭司令", "time": "鍋盖頭司令10月13日18:08", "transmit": 42, "comment": 78, "zan": 1418, "sentiment": [{"positive_prob": 0.163899, "confidence": 0.635779, "negative_prob": 0.836101, "sentiment": 0}]}, {"text": "这两天正在进行华为Mate30系列的测评视频的后期，周日我们几个就不休了，让大家早点看到视频，这期视频会在画面展示上有些不同，而且这期的内容也非常详细，我们着重对比了华为Mate30Pro上的这颗1/1.54英寸的广角镜头的素质，以及和目前录像最强的iPhone11ProMax的视频拍摄效果的对比，大家到时记得观看，早点休息，晚安。", "author": "小白测评", "time": "小白测评10月13日00:10 来自HUAWEIMate30Pro", "transmit": 6, "comment": 261, "zan": 1074, "sentiment": [{"positive_prob": 0.974696, "confidence": 0.94377, "negative_prob": 0.0253036, "sentiment": 2}]}, {"text": "#重庆身边事#【重庆大学90周年校庆，任正非捐100台钢琴，8台钢琴现场齐奏校歌】10月12日，@重庆大学90周年校庆。重庆大学1968届暖通专业杰出校友、华为公司总裁任正非先生以个人名义向母校捐赠了100架钢琴，8架钢琴现场齐奏《重庆大学校歌》。L梨重庆的秒拍视频​​​", "author": "我爱重庆", "time": "我爱重庆10月13日00:08 来自iPhoneX", "transmit": 15, "comment": 11, "zan": 173, "sentiment": [{"positive_prob": 0.987273, "confidence": 0.971719, "negative_prob": 0.0127265, "sentiment": 2}]}, {"text": "这也太强了，#男子马拉松首次跑进2小时#，成功突破人类历史极限。所以你还在等什么？生命在于运动，你#只管去跑#，其他交给#华为WatchGT#2。如此时尚的外观，更有15种专业运动模式和14天超长续航，你们心动了吗？L华为终端官方微博的秒拍视频​", "author": "搞机王腾霄", "time": "搞机王腾霄10月13日00:10 来自微博weibo.com", "transmit": 61, "comment": 269, "zan": 415, "sentiment": [{"positive_prob": 0.920654, "confidence": 0.823675, "negative_prob": 0.0793462, "sentiment": 2}]}]