[{"text": "【#华为员工投诉食堂伙食差#轮值CEO回复：干部不成熟，可以抽调去帮厨三个月】华为员工投诉食堂伙食差、定价高、服务不到位，怎么办？对此，华为轮值CEO徐直军在《告研发员工书》中的回复是：员工已经是大人了，应该可以自己生活，可以不选择购买公司的行政服务；为民请命的干部不成熟，可以抽调去帮厨三个月，以去实践他的建议，直到实现再回到研发岗位。我们研发人员不要做葛朗台式的入物，一个连自己每天的基本生活都不愿花钱保障的人，对别人服务百般挑剔的人，怎么会有人喜欢。O华为研发员工投诉食堂:伙食差、定价高、服务不到位...轮值CEO这样回复！", "author": "新浪财经", "time": "新浪财经11月05日11:46 来自微博weibo.com", "transmit": 315, "comment": 491, "zan": 3076, "sentiment": [{"positive_prob": 0.00184777, "confidence": 0.995894, "negative_prob": 0.998152, "sentiment": 0}]}, {"text": "#千玺在nova星等你#@华为终端官方微博🔮Nova5pro千玺定制版@TFBOYS-易烊千玺​", "author": "愛崽·", "time": "愛崽·11月05日02:00 来自易烊千玺超话", "transmit": 248, "comment": 166, "zan": 913, "sentiment": [{"positive_prob": 0.637808, "confidence": 0.195129, "negative_prob": 0.362192, "sentiment": 2}]}, {"text": "刚刚小米发布了预热已久的首款1亿像素手机的小米CC9Pro。拍照可以和华为手机比肩之外，用了一段时间发现手感也还不错。这款小米CC9Pro还有哪些亮点？评测给你答案：O小米CC9Pro评测:拍照之外它还是手感最好的小米手机​O抽奖详情​", "author": "新浪手机", "time": "新浪手机11月05日16:06 来自微博weibo.com", "transmit": 567, "comment": 398, "zan": 963, "sentiment": [{"positive_prob": 0.975622, "confidence": 0.945827, "negative_prob": 0.024378, "sentiment": 2}]}, {"text": "【#雷军澄清干翻华为口号#：不是恶性竞争，为有这样的友商感到幸运】11月5日，小米发布了首款1亿像素的量产手机CC9Pro，拍照评分与Mate30Pro并列第一。发布会上@雷军称“干翻华为”的口号被误解了，与华为不是恶性竞争，而是相互比拼相互超越，为有这样的友商感到幸运。#中国企业霸榜手机拍照排行#@中报视频L中报视频的秒拍视频", "author": "中国日报", "time": "中国日报11月05日20:22 来自微博weibo.com", "transmit": 72, "comment": 273, "zan": 972, "sentiment": [{"positive_prob": 0.958713, "confidence": 0.908251, "negative_prob": 0.0412869, "sentiment": 2}]}, {"text": "vlogday002|首尔吃玩逛和姐妹团一起过万圣节Ti姐这次趁着出差和姐妹们来首尔过了万圣节街头到处都有人拽着拍照，魔幻版百鬼夜行巨好玩还有超害羞的表弟出镜首秀视频的一大半都在吃玩逛拍(钛合金们深夜慎点哦～)感谢#华为nova5#iPro手机帮我记录这次的美好～L叫我Tina小姐姐的微博视频​", "author": "叫我Tina小姐姐", "time": "叫我Tina小姐姐11月05日20:50 来自微博weibo.com", "transmit": 517, "comment": 523, "zan": 1834, "sentiment": [{"positive_prob": 0.980187, "confidence": 0.955972, "negative_prob": 0.0198127, "sentiment": 2}]}, {"text": "Emm~真机是真的像买了小米CC9Pro和小米手表后朋友：“你的华为P30Pro怎么能连苹果AppleWatch”算了，算了，外观嘛……人的五官还都差不多呢总而言之，言而总之，是款好产品。#小米手机1亿像素#​", "author": "长安数码君", "time": "长安数码君11月05日17:30 来自HUAWEIMate305G", "transmit": 63, "comment": 359, "zan": 1964, "sentiment": [{"positive_prob": 0.738745, "confidence": 0.419433, "negative_prob": 0.261255, "sentiment": 2}]}, {"text": "【#任正非回应员工举报事件#：实名投诉是好现象，要互相宽容】近日，华为内网的一封《研发兄弟们对不起，我尽力了——实名来自2012人力资源部》的帖子引关注，提到#华为员工投诉食堂伙食差#等问题。华为创始人任正非5日签发邮件协调此事，称研发人员与HR应互相宽容互相理解，协商沟通调整。O任正非回应员工举报事件：实名投诉是好现象", "author": "新浪财经", "time": "新浪财经11月05日13:43 来自微博weibo.com", "transmit": 86, "comment": 103, "zan": 922, "sentiment": [{"positive_prob": 0.0109294, "confidence": 0.975712, "negative_prob": 0.989071, "sentiment": 0}]}, {"text": "【#任正非评华为员工实名投诉#：这是个好现象，大家要互相宽容，战时不宜大风大浪】10月30日，华为2012人力资源部员工胡玲在华为心声论坛实名发长帖，举报领导懒政失职，引舆论热议。11月5日任正非转帖发表评论表示，实名投诉是好现象，大家要互相宽容、互相理解，协商沟通调整。@老板联播L老板联播的微博视频", "author": "梨视频", "time": "梨视频11月05日21:27 来自专业版微博", "transmit": 39, "comment": 112, "zan": 571, "sentiment": [{"positive_prob": 0.0207646, "confidence": 0.953856, "negative_prob": 0.979235, "sentiment": 0}]}, {"text": "【#雷军称又把友商按在地上摩擦了#在相机技术上也与华为平起平坐了】11月5日下午两点，小米在京举办新品发布会。雷军称：今天CC9Pro的一个30瓦的极速充电，又把友商六七千块钱的手机的40瓦的充电按在地上又摩擦了。我们在拍照技术上至少跟友商最贵最先进的手机，又平起平坐了。@五环短视频L五环短视频的秒拍视频", "author": "新浪财经", "time": "新浪财经11月05日16:11 来自微博weibo.com", "transmit": 51, "comment": 343, "zan": 807, "sentiment": [{"positive_prob": 0.193268, "confidence": 0.570515, "negative_prob": 0.806732, "sentiment": 0}]}, {"text": "#阿华的灵魂一问#入手第一台5G手机（#华为Mate30#系列5G版）前，你最关心的是什么呢？你最关心5G手机的哪个方面？​", "author": "华为终端官方微博", "time": "华为终端官方微博11月05日22:15 来自微博weibo.com", "transmit": 137, "comment": 221, "zan": 11601, "sentiment": [{"positive_prob": 0.739339, "confidence": 0.420752, "negative_prob": 0.260661, "sentiment": 2}]}, {"text": "UNINE#华为主题#UNINE定制手机主题全网独家首发华为！早安晚安call和未公开美图尽在这里，快点来get吧！O网页链接​", "author": "UNINE官博", "time": "UNINE官博11月05日10:03", "transmit": 542, "comment": 1202, "zan": 26282, "sentiment": [{"positive_prob": 0.865345, "confidence": 0.700767, "negative_prob": 0.134655, "sentiment": 2}]}, {"text": "#雷军称小米与华为相爱相杀#【雷军：拥有华为这样的友商是小米的幸运我们相爱相杀】今日，小米在北京举行手机和手表新品发布会。雷军在发布会上提及了和华为的竞争。雷军称：“我觉得有的人说，世界上最刻骨铭心的仇恨就是友商，其实我真的不是这么看的，我觉得拥有华为这样的友商是我们小米最大的幸运，因为最懂你的人肯定是友商，最爱你的人也是友商。我们和友商携手同行，相爱相杀。”O雷军:拥有华为这样的友商是小米的幸运我们相爱相杀", "author": "新浪科技", "time": "新浪科技11月05日20:07 来自专业版微博", "transmit": 64, "comment": 286, "zan": 2639, "sentiment": [{"positive_prob": 0.982658, "confidence": 0.961463, "negative_prob": 0.0173417, "sentiment": 2}]}, {"text": "小白测评数据库更新新增华为Mate30Pro5G数据本次全部数据是基于华为Mate30Pro5G当前最新版系统（10.0.0.135(C00E132R5P1)）测试所得1.手机续航：华为Mate30Pro5G小白测评三小时轻度续航测试剩余80%，五小时重度续航测试剩余45%,数据库排名第32.性能跑分：华为Mate30Pro5G搭载麒麟9905G和UFS3.0，安兔兔综合跑分47万，位列数据库第7名3.手机充电：华为Mate30Pro5G搭载40W充电器，半小时充入68%，70分钟充到100%4.游戏温控：华为Mate30Pro5G一小时和平精英默认最高画质机身最高温度为47.6℃（此项测试条件：HDR高清+极限帧率、温度25℃±1℃）5.应用启动速度：华为Mate30Pro5G8G运存20款应用两轮打开测试，用时97s，可能是系统版本原因，有杀后台情况出现（本次所有手机全部数据都是基于华为Mate30Pro5G当前最新版系统测试所得，测试时室内温度25℃±2℃，游戏温度测试环境为温度25℃±1℃）本次华为Mate30Pro5G一共15项基础数据，7项跑分数据，想了解更多详细数据请到小白测评数据库查看(充电排名，跑分排名等等)#小白测评数据库#", "author": "小白测评", "time": "小白测评11月05日19:20 来自微博weibo.com", "transmit": 37, "comment": 385, "zan": 1205, "sentiment": [{"positive_prob": 0.952652, "confidence": 0.894781, "negative_prob": 0.0473485, "sentiment": 2}]}, {"text": "【小米CC9Pro首发上手体验一亿像素是什么概念啊？】体验之后的感受就是，小米对于拍照这五枚镜头的诚意很足了，主镜头一亿像素拍照画面细节很炸裂，5倍光学变焦的防抖做的和华为一样稳定，两倍光学变焦人像模式算法也更成熟，超微距和超广角算是玩法的丰富，如果这套拍照系统能用在明年发布的小米10上，绝对是大杀器。不足是厚度有些厚，主镜头与5倍光学变焦的模组太大，希望这是明年改进的一个主要方向。L钟文泽的微博视频O抽奖详情", "author": "钟文泽", "time": "钟文泽11月05日16:00 来自微博weibo.com", "transmit": 1267, "comment": 511, "zan": 1507, "sentiment": [{"positive_prob": 0.964862, "confidence": 0.921916, "negative_prob": 0.035138, "sentiment": 2}]}, {"text": "【#雷军回应干翻华为#被误解：不是恶性竞争、商业互怼，就是要超越它】11月5日，在小米新品发布会上，雷军称2018年3月他立了“干翻华为”的flag，不想却被误解。他解释称，干翻华为不是中国企业间的恶性竞争，商业互怼，而是小米要在华为最在意的相机系统上超越它。@老板联播L老板联播的微博视频", "author": "梨视频", "time": "梨视频11月05日15:58 来自专业版微博", "transmit": 23, "comment": 271, "zan": 748, "sentiment": [{"positive_prob": 0.409021, "confidence": 0.0910636, "negative_prob": 0.590979, "sentiment": 0}]}, {"text": "两款外观、做工、手感，几乎一模一样的手机，小米CC9Pro和华为P30Pro，如果二者之间只能买一款，你会选谁？小米CC9Pro和华为P30Pro之间你选谁？​", "author": "科技新一", "time": "科技新一11月05日22:14", "transmit": 38, "comment": 463, "zan": 14394, "sentiment": [{"positive_prob": 0.680558, "confidence": 0.290129, "negative_prob": 0.319442, "sentiment": 2}]}, {"text": "【任正非：#华为交接班已经完成#，我现在是个“傀儡”】近日，任正非接受欧洲新闻台的采访，在谈到何时退休时他表示，第一当自己思维方式有了障碍的时候；第二，美国政府“批准”自己退休的时候。现在公司在危机状态，有时候还需要做一做傀儡。交接班其实已经完成很多年了，自己只是悬在中间的傀儡，大家不必操心。O你什么时候退休？任正非：美国政府批准的时候L老板联播的微博视频", "author": "新浪财经", "time": "新浪财经11月05日09:19 来自微博weibo.com", "transmit": 65, "comment": 88, "zan": 623, "sentiment": [{"positive_prob": 0.954096, "confidence": 0.897991, "negative_prob": 0.045904, "sentiment": 2}]}, {"text": "明天参观华为深圳总部并跟任正非喝咖啡，特意订了大兴机场的航班，从草桥坐机场快线非常舒适，全程票价35元。大兴机场很现代很漂亮，安静到静谧的地步了，好多人都在拍照。5G信号很强，测速512M，这是因为我选择了限速500M的低流量5G套餐，相信机场能到1G。我的这几十G流量，主要是用在测速了😂​", "author": "奥卡姆剃刀", "time": "奥卡姆剃刀11月05日18:13 来自HUAWEIMate20X5G", "transmit": 26, "comment": 80, "zan": 296, "sentiment": [{"positive_prob": 0.965404, "confidence": 0.923121, "negative_prob": 0.0345955, "sentiment": 2}]}, {"text": "【#任正非回应员工举报事件#：实名投诉是好现象】近日，华为内网的一封《研发兄弟们对不起，我尽力了——实名来自2012人力资源部》的帖子引关注，提到#华为员工投诉食堂伙食差#等问题。华为创始人任正非5日签发邮件协调此事，称研发人员与HR应互相宽容互相理解，协商沟通调整。O任正非回应员工举报事件：实名投诉是好现象​", "author": "财经网", "time": "财经网11月05日15:10 来自微博weibo.com", "transmit": 72, "comment": 57, "zan": 117, "sentiment": [{"positive_prob": 0.0110328, "confidence": 0.975483, "negative_prob": 0.988967, "sentiment": 0}]}, {"text": "【任正非发文警示：如果这点不能改革华为就是下个惠普】任正非警告内部，研发基层管理者管理能力退化，如果不改革，华为就是下一个惠普。而改革必要会面对习惯势力，需要先在一个点上突破，然后抓面的突破，再带动整个研发的结构性突破。他还提醒说，改革需要稳步推进，不要“庙在和尚安，庙拆和尚死”，这样容易产生改革的对抗，增加组织内的矛盾。O任正非发文警示:如果这点不能改革华为就是下个惠普", "author": "新浪财经", "time": "新浪财经11月05日08:40 来自微博weibo.com", "transmit": 80, "comment": 71, "zan": 444, "sentiment": [{"positive_prob": 0.0226116, "confidence": 0.949752, "negative_prob": 0.977388, "sentiment": 0}]}, {"text": "易烊千玺#易烊千玺华为nova全球代言人#华为每次的图都好绝🉑️🉑️🉑️@TFBOYS-易烊千玺​", "author": "嗲烊", "time": "嗲烊11月05日20:00 来自易烊千玺超话", "transmit": 135, "comment": 21, "zan": 272, "sentiment": [{"positive_prob": 0.824011, "confidence": 0.608913, "negative_prob": 0.175989, "sentiment": 2}]}, {"text": "哈哈哈，华为的夜景竟然也有被拿出来鞭打的一天​", "author": "我是HYK", "time": "我是HYK11月05日14:43 来自iPhone11", "transmit": 104, "comment": 810, "zan": 3900, "sentiment": [{"positive_prob": 0.563866, "confidence": 0.0308143, "negative_prob": 0.436134, "sentiment": 2}]}, {"text": "华为FreeBuds3使用体验#视频宠粉计划#L数码先生的酷燃视频​", "author": "数码先生", "time": "数码先生11月05日17:39 来自酷燃视频", "transmit": 855, "comment": 50, "zan": 86, "sentiment": [{"positive_prob": 0.894393, "confidence": 0.765319, "negative_prob": 0.105607, "sentiment": 2}]}, {"text": "小米CC9Pro对比iPhone11ProMax、三星Note10+、华为Mate30Pro，画面缩放至同样倍率，都是默认模式下，CC9Pro的画面解析力明显高一截，画面纯净度也更高。但是缺点就是照片文件体积较大，随便一张都是另外三款手机的2-3倍。照片顺序：iPhone、三星、华为、小米。第一张全景，第二张中心放大，第三张左侧边缘放大，第四张底部放大，第五张右侧边缘放大。", "author": "小白测评", "time": "小白测评11月05日18:00 来自iPhone11ProMax", "transmit": 26, "comment": 522, "zan": 1577, "sentiment": [{"positive_prob": 0.828374, "confidence": 0.618609, "negative_prob": 0.171626, "sentiment": 2}]}, {"text": "#小米手机1亿像素#小米CC9Pro五摄，1亿像素，DXOMARK评分121分，与华为mate30Pro并列第一，起步价2799元。1亿像素手机最早量产，拍照品质做到世界顶级水平，​​​#雷军吹过的牛实现了#！​", "author": "中国联通", "time": "中国联通11月05日15:39", "transmit": 367, "comment": 102, "zan": 183, "sentiment": [{"positive_prob": 0.972879, "confidence": 0.939731, "negative_prob": 0.0271209, "sentiment": 2}]}, {"text": "【#任正非回应员工举报事件#：实名投诉是好现象，要互相宽容】近日华为内网的一封《研发兄弟们对不起，我尽力了——实名来自2012人力资源部》的帖子引关注，提到#华为HR实名控述让员工加班#等问题。华为创始人任正非5日签发邮件协调此事，称研发人员与HR应互相宽容互相理解，协商沟通调整。O任正非回应员工举报事件：实名投诉是好现象，要互相宽容", "author": "凤凰网财经", "time": "凤凰网财经11月05日14:16 来自微博weibo.com", "transmit": 120, "comment": 227, "zan": 1026, "sentiment": [{"positive_prob": 0.0131672, "confidence": 0.97074, "negative_prob": 0.986833, "sentiment": 0}]}, {"text": "这是#小米CC9Pro#发布会？？？简直是雷军大型圆谎现场，121!DXO全球排名中与华为Mate30Pro并列第一。去年雷军曾发布内部邮件，要成立单独的相机部，并立下目标：“集中全公司优势资源，一定要把小米手机的拍照品质做到世界顶级水平！”我想问@雷军😒😒😒当着那么多人面，把自己吹的牛吹转换成小米牛逼！！你爽不爽？？#雷军吹过的牛实现了#6+128G27998+128G30998+256G3499TM乱搞1999基友们，买它！！2北京·小米科技园", "author": "古德猛安", "time": "古德猛安11月05日15:51 来自小米9Pro5G", "transmit": 105, "comment": 229, "zan": 1017, "sentiment": [{"positive_prob": 0.9575, "confidence": 0.905555, "negative_prob": 0.0425004, "sentiment": 2}]}, {"text": "今天，华为总裁任正非签发邮件，给那个HR胡玲定调子了，与我本人之前的意见完全一致（如图），作为华为员工，你有意见在华为内部提就行了，不要在外边瞎胡闹，作为华为员工，你不能在外面煽动舆论，那是在坑华为，懂吗？做事情要有大局观，不能瞎胡闹​", "author": "信通小熊猫", "time": "信通小熊猫11月05日14:04 来自微博HTML5版", "transmit": 498, "comment": 580, "zan": 2916, "sentiment": [{"positive_prob": 0.0218057, "confidence": 0.951543, "negative_prob": 0.978194, "sentiment": 0}]}, {"text": "不仅是P30Pro，小米CC9Pro还连续两次羞辱友商旗舰华为Mate30Pro​", "author": "晴天披沥", "time": "晴天披沥11月05日15:00 来自HUAWEIMate30Pro", "transmit": 46, "comment": 372, "zan": 2883, "sentiment": [{"positive_prob": 0.60502, "confidence": 0.122268, "negative_prob": 0.39498, "sentiment": 2}]}, {"text": "【#雷军吹过的牛实现了#】去年5月14日，@雷军发布内部邮件，宣布在手机部内成立单独的相机部，并立下目标：“集中全公司优势资源，一定要把小米手机的拍照品质做到世界顶级水平！”今天（5日），小米发布了1亿像素的五摄拍照旗舰小米CC9Pro，在DXO全球排名中与华为Mate30Pro并列第一，得分121。雷军直言：这部手机，大部分成本都花在相机上。对于这个成绩，大家还满意吗？", "author": "观察者网", "time": "观察者网11月05日17:40 来自微博weibo.com", "transmit": 580, "comment": 580, "zan": 1632, "sentiment": [{"positive_prob": 0.962992, "confidence": 0.917761, "negative_prob": 0.0370077, "sentiment": 2}]}]