[{"text": "#北京夜间惊现飞天#？看完#华为P30#这波美图瞬间破案！反正我zqsg的酸了，羡慕在现场的小伙伴儿！#未来影像#​", "author": "天路小阿刀", "time": "天路小阿刀05月15日00:20 来自微博weibo.com", "transmit": 249, "comment": 171, "zan": 1085, "sentiment": [{"positive_prob": 0.931501, "confidence": 0.847779, "negative_prob": 0.0684993, "sentiment": 2}]}, {"text": "【英外相：中国压不住，还是想办法跟他共存吧】“五眼联盟”再现分歧。英国外交大臣杰里米•亨特昨天表示，英国确定会使用华为设备，只是需要讨论“能在多大程度上使用”。他强调，中国将在25年内超越美国成为世界最大经济体，英国必须找到与中国合作的途径，“对于中国的发展，我们应该表示欢迎。”这位外交大臣进一步指出，“我们无力阻止中国的发展，所以需要找到一种方式，与这个新兴大国共存。不管你怎么想，中国就在那儿。”O英国外交大臣借华为谈中国：欢迎中国发展，希望与之共存", "author": "观察者网", "time": "观察者网05月15日22:37 来自微博weibo.com", "transmit": 291, "comment": 240, "zan": 512, "sentiment": [{"positive_prob": 0.895114, "confidence": 0.766919, "negative_prob": 0.104886, "sentiment": 2}]}, {"text": "在日新月异的时代，我们拒绝慢动作，就要快一点！#快升91#畅快无比关注@华为EMUI和@美团并转发本微博，说出一样你想吃就要最“快”吃到的食物，5月22日随机送出华为Mate20手机一台！@微博抽奖平台​", "author": "美团", "time": "美团05月15日10:21", "transmit": 1979, "comment": 2443, "zan": 702, "sentiment": [{"positive_prob": 0.819602, "confidence": 0.599115, "negative_prob": 0.180398, "sentiment": 2}]}, {"text": "联通5Gⁿ，让未来生长。进入5G时代，工作生活将会发生怎样的变化？关注@中国联通北京客服转发并@1名好友，留言畅想一下5G时代的智慧生活，5.30日抽送包括【华为畅享9P手机、华为B5智能手环4个和索尼耳机2部】数码大礼。@微博抽奖平台#全民宠粉计划#​O抽奖详情​", "author": "中国联通北京客服", "time": "中国联通北京客服05月15日10:15 来自北京联通超话", "transmit": 7802, "comment": 7870, "zan": 2920, "sentiment": [{"positive_prob": 0.963006, "confidence": 0.91779, "negative_prob": 0.0369943, "sentiment": 2}]}, {"text": "在日新月异的时代，我们拒绝慢动作，就要快一点！#快升91#畅快无比关注@华为EMUI和@优必选悟空机器人并转发本微博，说说你从对人工智能最“快”的一次体验是什么，抽1台华为Mate20手机！5月22日开@微博抽奖平台​", "author": "悟空教育机器人", "time": "悟空教育机器人05月15日11:07 来自悟空机器人超话", "transmit": 3481, "comment": 3974, "zan": 1551, "sentiment": [{"positive_prob": 0.851128, "confidence": 0.669172, "negative_prob": 0.148873, "sentiment": 2}]}, {"text": "【辛识平：用创新之手擦亮“中国品牌”】品牌立起来，创新是根基。在全球市场的激烈竞争中，掌握核心技术才有话语权和主动权。因为重视创新，华为以超过千亿元的年研发投入增强核心竞争力，兴澄特钢连续九年位列世界轴承钢产销量第一……有句话说得好，没有落后的产业，只有落后的技术。咬定创新不放松，既是企业发展的突围之路，也是打造品牌的崛起之路。L新华视点的秒拍视频", "author": "新华视点", "time": "新华视点05月15日21:56 来自微博weibo.com", "transmit": 28, "comment": 8, "zan": 63, "sentiment": [{"positive_prob": 0.493507, "confidence": 0.87015, "negative_prob": 0.506493, "sentiment": 1}]}, {"text": "在日新月异的时代，我们拒绝慢动作，就要快一点！#快升91#畅快无比关注@华为EMUI和@中国移动并转发本微博，说说你期待5G在哪方面给你带来最“快”的体验。5月22日抽1位送华为Mate20手机一台！@微博抽奖平台​", "author": "中国移动", "time": "中国移动05月15日10:01 来自微博weibo.com", "transmit": 4763, "comment": 5355, "zan": 2139, "sentiment": [{"positive_prob": 0.771888, "confidence": 0.493085, "negative_prob": 0.228112, "sentiment": 2}]}, {"text": "【英外交大臣：正评估如何使用华为设备，英国欢迎中国发展】据英国路透社报道，英国外交大臣杰里米•亨特14日就华为问题明确表态称，英国政府正对如何使用华为设备进行评估，英国欢迎中国发展，并且不希望与中国进行冷战。“我们需要欢迎中国力量的增长，我们需要避免与中国不必要的冷战，”他说，“即使我们想，我们也无力阻止中国的发展。所以我们需要去找到一个与如此大，如此新的强国相处的方式，因为他们就在那里，不论你希望还是不希望。”#英国外交大臣称欢迎中国发展#O英外交大臣：欢迎中国发展，也无力阻止", "author": "环球网", "time": "环球网05月15日15:28 来自微博weibo.com", "transmit": 33, "comment": 38, "zan": 161, "sentiment": [{"positive_prob": 0.848037, "confidence": 0.662305, "negative_prob": 0.151963, "sentiment": 2}]}, {"text": "你们等的评测来了，重度使用了华为p30系列半个月后，我有了这些心得：《关于iphone与华为P30系列，你应该这样选》O关于iphone与华为P30系列，你应该这样选​", "author": "Esports海涛", "time": "Esports海涛05月15日12:23 来自微博weibo.com", "transmit": 61, "comment": 491, "zan": 444, "sentiment": [{"positive_prob": 0.60292, "confidence": 0.1176, "negative_prob": 0.39708, "sentiment": 2}]}, {"text": "我透你妈了，我为什么要这么手贱更新华为系统，更新完看得我一肚子火气恨不得把手机砸了，一查回退到原来版本还要清空数据，我他妈恨不得败者食尘退回一个小时之前谁说系统更新我炸死谁​", "author": "莲鹤夫人", "time": "莲鹤夫人05月15日20:39 来自Weibo.intl", "transmit": 31, "comment": 379, "zan": 694, "sentiment": [{"positive_prob": 0.0116524, "confidence": 0.974106, "negative_prob": 0.988348, "sentiment": 0}]}, {"text": "【华为任正非到底有多可怕，超乎你的想象】（时讯动态）#华为停止一般性社招岗位#​", "author": "股市股道", "time": "股市股道05月15日20:20", "transmit": 329, "comment": 140, "zan": 1037, "sentiment": [{"positive_prob": 0.139328, "confidence": 0.690382, "negative_prob": 0.860672, "sentiment": 0}]}, {"text": "#花式治愈所#倾听心声，传递温暖，说说你最近的烦心事，大家一起来回复一句暖心的话吧。关注+评论，抽1人送华为运动蓝牙耳机。​", "author": "华为终端客服", "time": "华为终端客服05月15日18:00 来自微博weibo.com", "transmit": 419, "comment": 1135, "zan": 314, "sentiment": [{"positive_prob": 0.962842, "confidence": 0.917427, "negative_prob": 0.037158, "sentiment": 2}]}, {"text": "【2019年Q1智能手机行业数据】：①苹果保有率跌至第三，华为和OPPO占据前两位。②iPhoneXR成18年Q4上线三个月表现最佳机型，其次是华为Mate20和vivoY93s。③华为季度销量占比继续居首，占比攀升至27.8%，vivo超越OPPO排名第二。④销量前十机型由OV、华为包揽，OPPOA5成季度最畅销机型。⑤华为用户忠诚度提升明显，对苹果、OV换机用户吸引力有所提升。⑥“三摄”和“高像素”成主流，摄像头成手机硬件比拼必争之地。（via:极光大数据）", "author": "数据化管理", "time": "数据化管理05月15日14:12 来自微博weibo.com", "transmit": 22, "comment": 36, "zan": 43, "sentiment": [{"positive_prob": 0.881051, "confidence": 0.735669, "negative_prob": 0.118949, "sentiment": 2}]}, {"text": "【拜拜甲骨文？华为推出世界首款AI原生数据库】今天上午，华为发布了全球首款人工智能原生数据库GaussDB。路透社认为，鉴于IBM、甲骨文等公司在国内传统数据库市场占据绝对优势，且随着“去IOE”和数据安全等话题的持续发酵，华为此举是在向甲骨文等西方公司发起的挑战。当然，甲骨文、IBM、微软三家企业在传统数据库市场仍占据绝对优势，但这些业务已经成熟，增长空间很小。O拜拜甲骨文？华为推出世界首款AI原生数据库", "author": "观察者网", "time": "观察者网05月15日18:54 来自微博weibo.com", "transmit": 84, "comment": 127, "zan": 346, "sentiment": [{"positive_prob": 0.930795, "confidence": 0.84621, "negative_prob": 0.0692054, "sentiment": 2}]}, {"text": "外媒做的华为P30Pro极限冰冻测试！在视频的最后测试者谈到其他品牌旗舰都没有通过测试而挑战失败，P30Pro是他目前在全球旗舰范围内唯一测试通过的机型。#华为##华为P30#L建华Wei业的微博视频​", "author": "建华Wei业", "time": "建华Wei业05月15日12:08 来自手机超话", "transmit": 142, "comment": 149, "zan": 259, "sentiment": [{"positive_prob": 0.645865, "confidence": 0.213033, "negative_prob": 0.354135, "sentiment": 2}]}, {"text": "在日新月异的时代，我们拒绝慢动作，就要快一点！#快升91#畅快无比【关注我和@华为EMUI并转发本微博，说说你发弹幕最“快”的一次体验是什么，5月22日抽送粉丝华为Mate20手机一台！@微博抽奖平台】​", "author": "AcFun弹幕视频网", "time": "AcFun弹幕视频网05月15日10:21 来自acfun超话", "transmit": 2887, "comment": 3137, "zan": 1194, "sentiment": [{"positive_prob": 0.822729, "confidence": 0.606065, "negative_prob": 0.177271, "sentiment": 2}]}, {"text": "【韩国第三大运营商力挺华为：5G设备很安全欧洲市场都在用】美帝就是个搅屎棍，好好的华为5G设备自己不用也罢了，还非得到处诬陷华为5G设备存在安全后门。不过大部分国家还是明事理的。现在作为全球首家开通5G服务的运营商即韩国第三大运营商LGU+忍无可忍，愤然挺身而出，开始力挺华为。5月15日，韩国第三大运营商LGU+在昨天举行的新闻发布会上，公司CEOHaHyun-hwoi明确表示，LGU+认为在其5G网络基础设施中使用华为设备不会构成任何安全威胁，这驳斥了一些议员声称的在网络中使用华为设备会构成安全漏洞风险的观点。HaHyun-hwoi在发布会上公开表示：“安全问题适用于我们合作的每一家设备供应商，而不仅局限于华为。我们需要彻底验证使用的所有设备是否安全。目前全球约有170个国家已经在使用华为的网络设备，迄今为止并未出现过任何安全问题。”目前，LGU+正与华为合作建设5G基础设施。HaHyun-hwoi表示，华为已经在西班牙的一家国际认证机构申请了5G网络设备的安全认证。明年评估结果出来之后，公众就能了解到其设备的安全性。上述发言当然也是建立在行动上，今年3月份LGUplus（LGU+）已经与华为合作部署下一代5G移动通信技术，在首批订单中，15000个5G基站华为设备约占95%（目前LGU+已经在韩国建设了5500个5G基站）。据悉，今年5月10日，华为5G产品线总裁杨公布的最新成绩显示，华为在全球范围已签署了40多份5G合同，累计5G基站出货量超过10万个，而40多份5G合同中，有25份来自欧洲、10份来自中东、6份来自亚太、1份来自非洲，这也意味着即便在美国和部分西方国家的施压与诋毁下，华为智简的5G解决方案依然受到了广泛的欢迎；特别是在超过10万个基站出货中，MassiveMIMO的占比为97%。", "author": "人才76116", "time": "人才7611605月15日20:58 来自HUAWEIP20", "transmit": 28, "comment": 99, "zan": 259, "sentiment": [{"positive_prob": 0.981031, "confidence": 0.957846, "negative_prob": 0.0189693, "sentiment": 2}]}, {"text": "英国电信运营商沃达丰公司14号证实，该公司将从今年7月3日起在英国伦敦、曼彻斯特、伯明翰、利物浦、格拉斯哥、卡迪夫和布里斯托等七个城市为用户提供5G服务。而引人注目的是，沃达丰表示其5G运营的硬件设备将由华为公司提供。​", "author": "维稳先锋卡菊轮", "time": "维稳先锋卡菊轮05月15日08:47 来自微博weibo.com", "transmit": 167, "comment": 3, "zan": 288, "sentiment": [{"positive_prob": 0.73341, "confidence": 0.407578, "negative_prob": 0.26659, "sentiment": 2}]}, {"text": "#5G在中国#日前在白云鄂博矿区，内蒙古移动携手华为与包头钢铁集团共同举办“5G赋能，智造未来——智慧矿区无人驾驶应用发布会”，宣告了内蒙古打造的智慧矿区无人驾驶应用项目在包刚白云鄂博矿区正式投入使用，这也是全球首个基于5G网络条件下的无人驾驶矿车应用L华为中国的微博视频​", "author": "华为中国", "time": "华为中国05月15日21:03 来自Android", "transmit": 24, "comment": 26, "zan": 263, "sentiment": [{"positive_prob": 0.963966, "confidence": 0.919925, "negative_prob": 0.0360338, "sentiment": 2}]}, {"text": "#华为P30#系列流光快门，让喷泉成为流动的艺术戳视频，解锁背后的技能！L华为手机官方的秒拍视频​", "author": "华为手机", "time": "华为手机05月15日12:04 来自HUAWEIP30Pro", "transmit": 65, "comment": 133, "zan": 485, "sentiment": [{"positive_prob": 0.953666, "confidence": 0.897035, "negative_prob": 0.0463344, "sentiment": 2}]}, {"text": "【路透称，预计特朗普本周将签署一项行政令，禁止美国公司与中国华为进行业务往来。该行政令不会指明具体公司】。香港的法治，台湾的妈祖，老美的科技，谁挑战谁会遇到剧烈反弹，老美遏制华为也是必然。放中兴是因为他还没资格威胁老美。华为越高调，越牛瓣，老美越恐慌。前面抓孟，说盟友，都是刚开始​", "author": "投资舆情", "time": "投资舆情05月15日08:23 来自360安全浏览器", "transmit": 73, "comment": 233, "zan": 172, "sentiment": [{"positive_prob": 0.93106, "confidence": 0.846799, "negative_prob": 0.0689403, "sentiment": 2}]}, {"text": "搬运Mrwhosetheboss一加7Pro三星GalaxyS10+华为P30Pro拍照视频对比，三个手机DxOMark得分分别为一加7Pro111/86，三星GalaxyS10+109/96，华为P30Pro112/89#一加7##华为P30#，来源：O网页链接LXiao1u的微博视频​", "author": "Xiao1u", "time": "Xiao1u05月15日19:44 来自微博视频", "transmit": 81, "comment": 154, "zan": 117, "sentiment": [{"positive_prob": 0.836903, "confidence": 0.637562, "negative_prob": 0.163097, "sentiment": 2}]}, {"text": "【都来看看什么才是硬核实力：P30芯片总共24个，华为自己研发最核心的10个】对标国内动不动挂个科技公司的唬人名头，低调的华为技术有限，却蕴含着无限真正黑科技。除了大家看到知道的超感光徕卡四摄、创新EROFS文件系统、华为方舟编译器等，小小P30内部大有乾坤。这个是网传的华为P30拆机芯片统计表（细节不一定完全准确），总共24个，华为自己研发最核心的10个，海思芯片价值占60%左右。像华为一样不少真正潜心科研的优秀中国企业，才是中国经济崛起和反击中美贸易战的脊梁和底气。", "author": "人才76116", "time": "人才7611605月15日12:15 来自HUAWEIP20", "transmit": 42, "comment": 172, "zan": 200, "sentiment": [{"positive_prob": 0.989374, "confidence": 0.976386, "negative_prob": 0.0106265, "sentiment": 2}]}, {"text": "【特朗普欲签行政令禁美企与华为往来中方：不光彩】特朗普本周料签署行政令，禁止美国企业使用对国家安全构成风险的企业所生产的电信设备，为禁止美企与华为往来铺平道路。外交部发言人耿爽15日表示，美方滥用国家力量，不择手段地蓄意抹黑和打压特定中国企业，既不光彩也不公正O特朗普欲签行政令禁美企与华为往来中方：不光彩​", "author": "新浪科技", "time": "新浪科技05月15日16:46 来自微博weibo.com", "transmit": 31, "comment": 46, "zan": 46, "sentiment": [{"positive_prob": 0.889733, "confidence": 0.754963, "negative_prob": 0.110266, "sentiment": 2}]}, {"text": "这是华为的某个员工食堂，确实令人羡慕。数据显示，去年华为18万员工平均年薪达到了60万以上，比上一年公司员工薪酬总支支出多了500亿。公司持股人数高达96768人，基本占了一半多，而任正非自己持股仅为1.14%。这就是财聚人散，财散人聚。华为告诉了我们，这个世界最好的管理模式，其实就是高工资高待遇！", "author": "老c队长", "time": "老c队长05月15日06:36 来自赞就涨停的Android", "transmit": 42, "comment": 101, "zan": 207, "sentiment": [{"positive_prob": 0.189186, "confidence": 0.579586, "negative_prob": 0.810814, "sentiment": 0}]}, {"text": "寻物启事：5月14日在印度美娜多购物中心丢失一只华为P9手机，手机不值钱了，也用了好几年了，屏幕也破了，但是这几年的回忆都在这手机里，真心希望5月9号去美娜多旅游的美女帅哥叔叔阿姨们，如果捡到手机请您联系我好吗？破手机对你可能也没用，可是对我来说真的很重要，同时也希望微友们帮忙转发，感谢感谢有信息联系@浦江身边事在线等，希望捡到手机的好心人看到后联系我，我会好好感谢", "author": "浦江身边事", "time": "浦江身边事05月15日00:45", "transmit": 251, "comment": 213, "zan": 109, "sentiment": [{"positive_prob": 0.982025, "confidence": 0.960055, "negative_prob": 0.0179751, "sentiment": 2}]}, {"text": "【realmeX发布：价格小惊喜，正面硬刚红米和荣耀】最近小米系的红米（Redmi）和华为系的荣耀嘴仗又打起来了，各种新仇旧账一起算。不过他们有点忽略了即将到来的新势力：realme。今天下午，在海外已经取得了不错成绩的新晋手机厂商realme回到中国，在北京发布了在中国市场的首款机型：realmeX。#realmeX#OrealmeX发布：价格小惊喜，正面硬刚红米和荣耀", "author": "爱范儿", "time": "爱范儿05月15日18:47 来自微博weibo.com", "transmit": 24, "comment": 115, "zan": 172, "sentiment": [{"positive_prob": 0.959099, "confidence": 0.90911, "negative_prob": 0.0409006, "sentiment": 2}]}, {"text": "#每日科普#【石墨烯是什么？骗局还是未来黑科技？李永乐老师讲碳的同素异形体】2004年，英国曼彻斯特大学两位科学家制作出了石墨烯，它是从石墨中分离出来的单层材料。这种材料具有很强大的导电、导热能力，十分结实，又可以拉伸，瞬间就被各行各业热捧，例如华为就宣布正在研制石墨烯电池，甚至有人说人类即将进入石墨烯时代。石墨烯的结构是什么样子的？它为什么具有这些神奇的性质？点开视频看看吧！L李永乐老师的微博视频", "author": "鼓楼微讯", "time": "鼓楼微讯05月15日22:00 来自微博weibo.com", "transmit": 289, "comment": 78, "zan": 24, "sentiment": [{"positive_prob": 0.964773, "confidence": 0.921718, "negative_prob": 0.0352271, "sentiment": 2}]}, {"text": "【卧槽：一加7Pro相机全球第二】一加7Pro相机评分出炉，仅次于并列第一的华为P30Pro和S105G版，以111分排名全球第二。一加牛X​", "author": "C科技", "time": "C科技05月15日00:15", "transmit": 13, "comment": 113, "zan": 114, "sentiment": [{"positive_prob": 0.878929, "confidence": 0.730953, "negative_prob": 0.121071, "sentiment": 2}]}, {"text": "【近200家企业报名#5G应用创新联盟#，中国联通“领航者”计划加速启航！】5G为应用而生，应用的根基在生态。4月23日，中国联通携手信通院，中电科、航天科工等大型央企，BATJ等互联网企业，华为、中兴等设备商及央视、振华重工、华山医院、景域集团等行业合作伙伴，共同发起成立了“中国联通5G应用创新联盟”，旨在联合创新，融通赋能，聚焦新媒体、工业互联网、智能交通等十大行业领域，打造5G应用万亿新市场、建设5G行业新生态、树立5G企业新标杆、构筑5G商业新模式，开创5G产业新未来。联盟启动报名后，宜通世纪、江苏广电、长城汽车、捷豹路虎、马钢及优必选等近200家领军企业已率先加入联盟。与联盟同步启动的领航者计划，向联盟成员率先实施“六大赋能”，全方位开放相关网络和孵化资源、全国营销能力，并安排百亿孵化基金，助力合作伙伴成为各个领域5G应用和数字化转型的领航者，打造200+5G示范项目，建立50+5G开放实验室，孵化100+5G创新应用产品，制定20+5G应用标准，聚合1000+成员单位，打造“新蓝海的试验场，独角兽的孵化器”。目前，领航者计划相关工作已迅速展开，赋能工作已全面启动。中国联通在前期已召开了十几个试点城市发布会，本月底将开始联盟第一轮项目孵化筛选，加速推动项目落地。5G应用创新联盟报名还在继续，详情可点击O网页链接了解。中国联通欢迎志同道合的企业加入，一起#让未来生长#！", "author": "中国联通", "time": "中国联通05月15日22:04", "transmit": 314, "comment": 56, "zan": 47, "sentiment": [{"positive_prob": 0.993918, "confidence": 0.986484, "negative_prob": 0.00608242, "sentiment": 2}]}]