[{"text": "【汇丰银行才是孟晚舟案的“真凶”？如今市值下跌、大量裁员，CEO直接开溜】古代行军打仗都讲究一个“师出有名”，因为只有正义的一方才能获得胜利。而这一点在华为和美国的身上体现得淋漓尽致，特朗普举全国之力挑战、封锁华为，却被华为击败，岂不就是因为正义必胜这一不变的真理？而在输掉“科技战”以后，众多美企的市值暴跌，伟创力更是直接关停了百亿大厂。而如今，又一家在关键时刻“捅刀”华为的巨头出事了，不仅市值暴跌、大量裁员，就连CEO都直接开溜了。这家巨头就是汇丰银行。汇丰银行因为自身的一系列不当行为而被美国司法部盯上，而汇丰为了逃脱美国司法部的调查和惩罚，竟同意“协助”司法部调查其他公司的案件。而他们这种“协助”，最终导致华为高管被捕。对于此事，汇丰一直缄口不语，至今没有给出一个合理的解释。但汇丰最终虽然躲过了美国司法部的惩罚，却依旧没能在全球风暴中保全自身。8月5日，汇丰银行突然宣布自家的CEO范宁将卸任，他们的市值也跟随下跌。这个CEO的突然“开溜”引来众多猜测，包括“内部斗争”、“不满战略”、“违法活动”、“涉嫌华为案”等等，汇丰一时是山雨欲来风满楼。尽管汇丰一再强调与这些猜测无关，他们只是觉得这个CEO赚不了钱而已，但汇丰接踵而至的裁员却表明并没那么简单。在CEO范宁开溜以后，汇丰立即宣布将裁掉的4000名高级职位的员工。而汇丰的裁员形成鲜明对比的是，华为不仅要大力扩充生产线，还要大量招进全球“少年天才”，证明华为不仅没有在美国打压中受挫，甚至还越战越勇，一跃成为全球第一大通讯供应商！", "author": "价值投资日志", "time": "价值投资日志08月07日22:04 来自iPhoneX", "transmit": 109, "comment": 145, "zan": 1160, "sentiment": [{"positive_prob": 0.202929, "confidence": 0.549046, "negative_prob": 0.797071, "sentiment": 0}]}, {"text": "【美企过度响应“禁令”，华为祭出数亿索赔】华为在律师函中表示，今年5月美方针对华为的“禁令”出台，随后的“近两个月时间”，伟创力中国公司“无视中国法律”，拒绝归还华为在伟创力珠海工厂价值约4亿元人民币的生产设备、原材料和半成品。伟创力一名发言人6日表示，该公司正在准备一份声明，无法立即置评。O过度响应美方“禁令”扣押华为物资，伟创力或被索赔数亿元", "author": "观察者网", "time": "观察者网08月07日07:50 来自专业版微博", "transmit": 296, "comment": 476, "zan": 5131, "sentiment": [{"positive_prob": 0.0845965, "confidence": 0.812008, "negative_prob": 0.915403, "sentiment": 0}]}, {"text": "分享兩個月亮🌜分別來自🍎和华为……​", "author": "-阿莘-", "time": "-阿莘-08月07日21:31 来自iPhone客户端", "transmit": 76, "comment": 672, "zan": 8105, "sentiment": [{"positive_prob": 0.49738, "confidence": 0.94761, "negative_prob": 0.50262, "sentiment": 1}]}, {"text": "【#华为突破海外市场困局#：日本两大运营商恢复发售P30手机】8月7日，日本两大运营商恢复发售华为P30。此前日本三大运营商原计划于2019年5月发售华为“P30Lite”，但之后一起发布声明称暂停发售华为“P30Lite”系列。原因为考虑到华为被美国政府限制，可能无法使用部分Google应用程序。O华为破海外市场困局日本两大运营商恢复发售P30手机L新京报我们视频的秒拍视频", "author": "新浪财经", "time": "新浪财经08月07日13:47 来自微博weibo.com", "transmit": 20, "comment": 89, "zan": 286, "sentiment": [{"positive_prob": 0.811996, "confidence": 0.582214, "negative_prob": 0.188004, "sentiment": 2}]}, {"text": "#华为鸿蒙系统8月9日问世#【华为“鸿蒙”系统将在8月9日问世？】有报道称，华为预计将于8月9日在广东东莞举行的华为开发者大会上发布自研的“鸿蒙”操作系统，“鸿蒙”操作系统预计将会在近期投放到市场上。LNBD视频的秒拍视频（@NBD视频）​", "author": "每日经济新闻", "time": "每日经济新闻08月07日11:32 来自微博weibo.com", "transmit": 15, "comment": 21, "zan": 89, "sentiment": [{"positive_prob": 0.884371, "confidence": 0.743047, "negative_prob": 0.115629, "sentiment": 2}]}, {"text": "#华为向伟创力要求过亿赔偿#【造成华为物资损失数亿伟创力被巨额索赔】近日华为要求伟创力赔偿此前因扣留物资而造成的数亿损失。7月8日据媒体援引伟创力内部人士消息：伟创力扣留物资或与华为此前拖欠一个多亿应付账款有关，此前华为已将其剔出供应链体系。伟创力2019年Q1财报显示一季度净利同比下降近六成@五环短视频L五环短视频的秒拍视频", "author": "新浪财经", "time": "新浪财经08月07日21:28 来自微博weibo.com", "transmit": 43, "comment": 79, "zan": 541, "sentiment": [{"positive_prob": 0.0553343, "confidence": 0.877035, "negative_prob": 0.944666, "sentiment": 0}]}, {"text": "【#日本运营商恢复发售华为手机#：确认安全性及可使用谷歌软件】据《朝日新闻》报道，8月5日日本运营商KDDI和软银宣布将重新发售华为手机“P30Lite”系列。KDDI表示，已确认安全性及可使用谷歌软件。KDDI和软银曾计划于5月发售，因担心担美国制裁导致手机无法更新谷歌程序暂停。@老板联播L老板联播的秒拍视频", "author": "梨视频", "time": "梨视频08月07日10:15 来自微博weibo.com", "transmit": 11, "comment": 71, "zan": 236, "sentiment": [{"positive_prob": 0.952817, "confidence": 0.89515, "negative_prob": 0.0471825, "sentiment": 2}]}, {"text": "【过度响应美方“禁令”扣押华为物资，伟创力或被索赔数亿元】近日据外国媒体曝料，华为正在向其合同制造商伟创力寻求赔偿，原因是在美国政府把华为列入所谓的“实体清单”后，伟创力非法扣留了华为价值约4亿元人民币的物资。华为发言人郭福林没有就赔偿金额置评，但一名直接知情人士称，华为已于周一，向伟创力发去律师函，要求其赔偿“数亿元人民币”，涉及收入误工、材料浪费、设备更换等方面的损失。伟创力本财年第一季度的净利润为4487.2万美元，换算成人民币不到3.2亿元，如果“数亿元人民币的赔偿”属实，这对伟创力来说绝对不是一个小数目。（观察者网）O伟创力过度响应美\"禁令\"扣押华为物资或被索赔数亿元", "author": "新财富杂志", "time": "新财富杂志08月07日09:30 来自微博weibo.com", "transmit": 37, "comment": 79, "zan": 615, "sentiment": [{"positive_prob": 0.0359172, "confidence": 0.920184, "negative_prob": 0.964083, "sentiment": 0}]}, {"text": "华为还缺美工吗我可以自荐吗p2是我找网图然后自己调整的，5min内用手机简单调整的如果再稍微p一下，加几个字就和p1官宣图99％接近了呢华为怂了所以p1已经删了，如果他不删的话可能真的要等到cbs律师函了呢​", "author": "FarPoint-Dax", "time": "FarPoint-Dax08月07日17:29 来自三星GalaxyNote9", "transmit": 264, "comment": 21, "zan": 216, "sentiment": [{"positive_prob": 0.0701847, "confidence": 0.844034, "negative_prob": 0.929815, "sentiment": 0}]}, {"text": "【#日本运营商恢复发售华为手机#：确认安全性及可使用谷歌软件】据《朝日新闻》报道，8月5日日本运营商KDDI和软银宣布将重新发售华为手机“P30Lite”系列。KDDI表示，已确认安全性及可使用谷歌软件。KDDI和软银曾计划于5月发售，因担心担美国制裁导致手机无法更新谷歌程序暂停。（来源：@老板联播）L老板联播的秒拍视频", "author": "每日经济新闻", "time": "每日经济新闻08月07日09:52 来自搜狗高速浏览器", "transmit": 12, "comment": 12, "zan": 53, "sentiment": [{"positive_prob": 0.951799, "confidence": 0.892886, "negative_prob": 0.0482012, "sentiment": 2}]}, {"text": "【华为正式向这家美企索赔】路透社：华为表示，正在向代工厂伟创力寻求赔偿，因在美政府将华为列入限制交易的“实体名单”后，该公司非法扣留了华为价值数亿元的物资。华为方面没有就赔偿金额置评，但一位直接知情人士表示，华为已于5日向伟创力发函，要求其赔偿“数亿元”，包括收入损失、材料浪费、设备更换等损失。O网页链接", "author": "参考消息", "time": "参考消息08月07日20:15 来自微博weibo.com", "transmit": 37, "comment": 33, "zan": 325, "sentiment": [{"positive_prob": 0.0469086, "confidence": 0.895759, "negative_prob": 0.953091, "sentiment": 0}]}, {"text": "特朗普对中国商品加征关税，判定中国是汇率操纵国，断供华为，对台军售、鼓动港独……所有这一切表明，美国正企图通过搞垮前苏联的套路来对付中国。特朗普和他的草台班子全然没有看到，当今的中国与当时的苏联完全不可同日而语。首先从经济体量上说，当时的苏联的GDP虽说是坐二望一，但却是以1卢布折合1.7美元的官方汇率计算的，实际上前苏联的经济实力远没有表面看上去那么强大。中国的GDP按照汇率计算，已经超过了美国60%这个“老二关口”，如果按照购买力平价计算，中国的经济体量已经超过美国25%。此外，当年的苏联经济结构严重失调，甲类工业占整个工业投资的85%以上，乙类工业发展缓慢，农业处于萎缩状态。相比之下，中国是目前世界上唯一工业门类齐全的国家，这决定了中国经济的韧性，很难被“断供”这种方式击垮。而且中国有巨大的国内市场，2018年的消费规模已经达到美国的95.36%，以目前的增长速度，将在2020年左右超越美国成为世界第一。更重要的是，在一些引领未来科技革命的领域，比如5G，量子通信和量子计算、超算、电子商务、人工智能、高铁……中国大有后来居上之势。美国要想用对付前苏联的手段来对付中国，应该是打错了算盘。目前，美国的经济结构明显不合理，制造业比重过低（只占GDP的百分之十几），政府债务负担过重（国债占GDP的比重达到110%），且上一代互联网的技术优势在5G时代已经丧失……在这样一个背景下，贸然与中国这样一个前所未有的对手进行鱼死网破的豪赌，是没有任何胜算的。", "author": "陶永谊", "time": "陶永谊08月07日20:35 来自HUAWEIP30Pro", "transmit": 198, "comment": 181, "zan": 650, "sentiment": [{"positive_prob": 0.0861679, "confidence": 0.808516, "negative_prob": 0.913832, "sentiment": 0}]}, {"text": "网友的华为保时捷MateRS电池……​", "author": "王员外", "time": "王员外08月07日10:51 来自UC浏览器电脑版", "transmit": 16, "comment": 217, "zan": 622, "sentiment": [{"positive_prob": 0.333586, "confidence": 0.258697, "negative_prob": 0.666414, "sentiment": 0}]}, {"text": "我今晚拍下的最美夜色，是你。#华为nova5#​", "author": "华为终端官方微博", "time": "华为终端官方微博08月07日19:00 来自微博weibo.com", "transmit": 20, "comment": 73, "zan": 627, "sentiment": [{"positive_prob": 0.754343, "confidence": 0.454096, "negative_prob": 0.245657, "sentiment": 2}]}, {"text": "华为Mate30Pro又又在地铁曝光了，刘海+曲面屏实锤​", "author": "搞机少女", "time": "搞机少女08月07日22:51", "transmit": 20, "comment": 231, "zan": 1442, "sentiment": [{"positive_prob": 0.551568, "confidence": 0.00348369, "negative_prob": 0.448432, "sentiment": 2}]}, {"text": "如果印度屈服于美国压力排除使用华为5G设备，中国有可能对在华开展业务的印度公司实施“反向制裁”。​", "author": "寰亚SYHP", "time": "寰亚SYHP08月07日09:08", "transmit": 66, "comment": 308, "zan": 1713, "sentiment": [{"positive_prob": 0.640432, "confidence": 0.20096, "negative_prob": 0.359568, "sentiment": 2}]}, {"text": "华为EMUI10即将登场：将打破终端边界！8月5日晚间，华为EMUI官方微博预告，华为将于8月9日-8月11日举行华为开发者大会，届时全新EMUI10将正式亮相。华为EMUI官方表示，手机的发展从基础通讯到娱乐社交再到智能助手，见证了人们生活的每一个新开始。但终端形态的多样化，让用户无法享受到最佳的跨终端体验。该如何解决？由此看来，华为EMUI10将打破终端边界，让设备间无缝自由流转。华为消费者BG软件部总裁王成录透露，我将在华为开发者大会上揭秘这项神秘技术。O华为EMUI10即将登场：将打破终端边界", "author": "HW前HR", "time": "HW前HR08月07日08:53 来自HUAWEIP30Pro", "transmit": 75, "comment": 304, "zan": 597, "sentiment": [{"positive_prob": 0.94332, "confidence": 0.874044, "negative_prob": 0.0566802, "sentiment": 2}]}, {"text": "【华为突破海外市场困局#日本两大运营商恢复发售P30手机#】8月7日，日本两大运营商恢复发售华为P30。此前日本三大运营商原计划于2019年5月发售华为“P30Lite”，但之后一起发布声明称暂停发售华为“P30Lite”系列。原因为考虑到华为被美国政府限制，可能无法使用部分Google应用程序。L新京报我们视频的秒拍视频", "author": "新京报我们视频", "time": "新京报我们视频08月07日13:20 来自微博weibo.com", "transmit": 10, "comment": 16, "zan": 83, "sentiment": [{"positive_prob": 0.765755, "confidence": 0.479456, "negative_prob": 0.234245, "sentiment": 2}]}, {"text": "菜嫂是早期女海龟。这么些年，我陪菜嫂去见过几个她的女同学。要么是大中华区的高管，要么是苦大仇深的剩女，要么是家庭幸福美满的少奶奶，要么是华为的女码农，就没见过一个略有姿色的正常女人。我问她，你的女同学怎么都是奇葩？她说，正常女同学是不会让你见到的，死了这条心吧！女人心，海底针。​", "author": "财宝宝", "time": "财宝宝08月07日17:29", "transmit": 60, "comment": 211, "zan": 1612, "sentiment": [{"positive_prob": 0.00530537, "confidence": 0.98821, "negative_prob": 0.994695, "sentiment": 0}]}, {"text": "【#你为何从苹果转向华为#？】“尤其是华为，前几年主要是买给爸妈用，现在都说拍照不错，原本想当个备用机，现在基本成主力了。”王康说，至少在技术差距上，感觉和苹果之间的距离没有那么大了。这两年，有着像王康一样想法的青年人越来越多。7月底，第三方机构QuestMobile发布的一份报告中，对约8亿月活跃移动设备的检测数据显示，在不同时期和不同价格段的苹果机型案例中，换成华为的比例均超过了27%。而在第三方调研机构Canalys中，华为以38.2%的市场份额位于国内第一，跟去年同期相比增长了31%，也是国内市场上唯一增长的手机品牌。O消费者为何从苹果转向华为？", "author": "第一财经日报", "time": "第一财经日报08月07日23:32 来自iPhone客户端", "transmit": 19, "comment": 175, "zan": 336, "sentiment": [{"positive_prob": 0.825573, "confidence": 0.612384, "negative_prob": 0.174427, "sentiment": 2}]}, {"text": "EMUI10将于8月9日发布，今天华为公布了一款新海报，文案中提到了稳定与速度同在，期待~​", "author": "ZEALER中国", "time": "ZEALER中国08月07日12:21 来自微博weibo.com", "transmit": 19, "comment": 194, "zan": 692, "sentiment": [{"positive_prob": 0.952582, "confidence": 0.894627, "negative_prob": 0.0474179, "sentiment": 2}]}, {"text": "【华为向伟创力索赔数亿元此前7亿物资被扣长达一月】华为在本周一已向伟创力（Flex）发去律师函，要求就此前无故扣押华为的设备和物料一事进行经济赔偿，要求赔偿金额数亿元。此前，伟创力曾私自扣押华为价值7亿元物资长达一个多月，在此期间，伟创力不仅拒绝归还华为所有权的物资，还对华为提出多种要求，给华为带来了严重损失。O华为向伟创力索赔数亿元此前7亿物资被扣长达一月", "author": "和讯网", "time": "和讯网08月07日10:23 来自微博weibo.com", "transmit": 68, "comment": 102, "zan": 832, "sentiment": [{"positive_prob": 0.0459945, "confidence": 0.89779, "negative_prob": 0.954006, "sentiment": 0}]}, {"text": "汇聚全球超过5000名开发者，展示最新问世的黑科技成就，与众多开发大神亲密切磋通关秘技，零距离感受华为云“码农神器”……这届开发者大会实在炫酷无比、令人向往！8月9日-11日，#HDC2019#华为开发者大会将在东莞松山湖举行，各位小哥哥小姐姐过了嗨皮七夕赶快去呀O华为开发者大会2019即将开幕，码农神器了解一下？​", "author": "华为中国", "time": "华为中国08月07日22:18 来自微博weibo.com", "transmit": 77, "comment": 42, "zan": 260, "sentiment": [{"positive_prob": 0.914806, "confidence": 0.810681, "negative_prob": 0.0851937, "sentiment": 2}]}, {"text": "华为方舟编译器是一款全新的安卓应用编译器，能够显著提高手机的运行速度，提升系统流畅度，让完成相同任务所需的系统开销更小。尽管只是一款年轻且名不经传的软件产品，但华为方舟编译器的问世却满是艰辛与不易，一起通过这篇万字长文来探究方舟的来龙去脉与前世今生。O华为新贵！方舟编译器的荣光和使命​", "author": "华为中国", "time": "华为中国08月07日15:00 来自微博weibo.com", "transmit": 90, "comment": 92, "zan": 532, "sentiment": [{"positive_prob": 0.929026, "confidence": 0.842279, "negative_prob": 0.0709743, "sentiment": 2}]}, {"text": "【5G手机来了，天猫上#4G手机集体降价#】5G登场，4G手机集体在天猫开启“清仓甩卖”模式。8月6日，华为P30Pro售价下调500元，小米9、vivox27等热门机型紧跟步伐，下调100元至400元不等，在此之前OPPOFindX更是下调1000元之多。统计显示，近期天猫平台30余款4G手机下调售价。​", "author": "新浪科技", "time": "新浪科技08月07日11:41 来自微博weibo.com", "transmit": 138, "comment": 259, "zan": 71, "sentiment": [{"positive_prob": 0.199102, "confidence": 0.557552, "negative_prob": 0.800898, "sentiment": 0}]}, {"text": "清晨，对于大多数手机控来说，唤醒他们的不是梦想，而是手机铃声！现在手机等智能终端产品越来越丰富，而如何打破终端边界、畅联万物，让体验在设备中自由流转已成为人们日益增长的使用需求。8月9日-11日，欢迎来到#HDC2019#华为开发者大会，一同探寻全新的智慧生活体验L华为中国的微博视频​", "author": "华为中国", "time": "华为中国08月07日07:00 来自微博weibo.com", "transmit": 14, "comment": 21, "zan": 198, "sentiment": [{"positive_prob": 0.978911, "confidence": 0.953136, "negative_prob": 0.0210888, "sentiment": 2}]}, {"text": "【刚刚，华为鲲鹏生态基地落户成都！】#关注#8月7日，成都与华为公司签订鲲鹏生态基地项目合作协议，标志着华为鲲鹏天府实验室及鲲鹏生态基地正式落户成都天府新区。省委常委、市委书记范锐平会见了华为公司轮值董事长郭平一行。市委副书记、市长罗强，郭平出席并见证签约。@华为中国​", "author": "成都发布", "time": "成都发布08月07日23:35 来自微博weibo.com", "transmit": 36, "comment": 39, "zan": 121, "sentiment": [{"positive_prob": 0.962927, "confidence": 0.917615, "negative_prob": 0.0370733, "sentiment": 2}]}, {"text": "不夜城🌆摄影：@JACKZHANG0707设备：华为手机#盛夏光影##八月你好#手机摄影​", "author": "手机摄影", "time": "手机摄影08月07日21:38 来自Android", "transmit": 6, "comment": 21, "zan": 101, "sentiment": [{"positive_prob": 0.813275, "confidence": 0.585057, "negative_prob": 0.186724, "sentiment": 2}]}, {"text": "中国最帅女机长，乘风破浪真的太酷了！最美的风景，是一束束光线，穿破丛丛的乌云，点亮阴沉的海面。仿佛那是冲破一切艰难险阻的坚韧力量。宋寅用#华为P30#记录心里话，你也可以！心里的话，用影像说#未来影像#L华为终端官方微博的秒拍视频​", "author": "周小晨kiki", "time": "周小晨kiki08月07日14:30 来自微博weibo.com", "transmit": 401, "comment": 760, "zan": 1741, "sentiment": [{"positive_prob": 0.96422, "confidence": 0.920488, "negative_prob": 0.0357802, "sentiment": 2}]}, {"text": "这个超好看。对经济和最近贸易战，华为，还有日韩僵硬感兴趣的强烈建议阅读。『君临』O跨世纪的复仇之战​", "author": "刘喵嘿", "time": "刘喵嘿08月07日09:01 来自iPhone客户端", "transmit": 587, "comment": 11, "zan": 236, "sentiment": [{"positive_prob": 0.962144, "confidence": 0.915876, "negative_prob": 0.0378557, "sentiment": 2}]}]