[{"text": "上个月发布第一支vlog后，很多朋友留言希望了解我们更多产品和功能，今天我就带大家来提前看看#华为P30#系列国内发布会现场体验区，更多惊喜，敬请期待明天发布会！L华为何刚的微博视频​​​", "author": "华为何刚", "time": "华为何刚04月10日23:47 来自HUAWEIP30Pro", "transmit": 436, "comment": 416, "zan": 1782, "sentiment": [{"positive_prob": 0.957011, "confidence": 0.904468, "negative_prob": 0.0429893, "sentiment": 2}]}, {"text": "【5G时代苹果可能会全面掉队】#华为回应5g芯片只卖给苹果#随着竞争对手相继发布首款5G手机，苹果却在这个黄金机遇前落后了。分析认为，如果苹果到2020年还未推出5G手机，那么将影响苹果在全球的市场份额。另外，尽管曾在3G、4G时代中落后，但是这一次的落后可能会让苹果流失部分忠实“果粉”。O5G时代苹果可能会全面掉队", "author": "每日经济新闻", "time": "每日经济新闻04月10日10:54 来自搜狗高速浏览器", "transmit": 39, "comment": 252, "zan": 289, "sentiment": [{"positive_prob": 0.445121, "confidence": 0.0108425, "negative_prob": 0.554879, "sentiment": 0}]}, {"text": "未来影像，为你而来今天的上海，你看见#华为P30#了吗？​", "author": "华为终端官方微博", "time": "华为终端官方微博04月10日21:00 来自微博weibo.com", "transmit": 55, "comment": 131, "zan": 949, "sentiment": [{"positive_prob": 0.336441, "confidence": 0.252354, "negative_prob": 0.663559, "sentiment": 0}]}, {"text": "【5G已至苹果却四处寻“芯”】#华为回应5g芯片只卖给苹果#5G时代已至，韩国和美国近日均推出5G个人用户商用服务，而不少手机厂商早已摩拳擦掌，推出5G手机，不过作为智能手机霸主的苹果，却悄无声息。之所以如此，是苹果还没有找到5G芯片，英特尔不能及时提供，三星拒绝，高通虽然表达出诚意，但是双方交恶已深，苹果自己研发也将需要时间，苹果已经注定在5G赛道上起步落后。O5G时代苹果可能会全面掉队", "author": "每日经济新闻", "time": "每日经济新闻04月10日11:04 来自微博weibo.com", "transmit": 52, "comment": 159, "zan": 271, "sentiment": [{"positive_prob": 0.859412, "confidence": 0.687582, "negative_prob": 0.140588, "sentiment": 2}]}, {"text": "你在我首页输入“汽车”两个字搜索一下，就会发现，我吃口肉，是花了多少心血跟出来的。没有什么股神，只是我夜里11:30还没睡，早上7点又开始干活了而已。透明工厂用了两天挖出来，华为汽车市场只给我一天，我已经快被市场逼死了。真的，赚点钱没那么容易。​", "author": "唐史主任司马迁", "time": "唐史主任司马迁04月10日13:23 来自360安全浏览器", "transmit": 17, "comment": 121, "zan": 1072, "sentiment": [{"positive_prob": 0.0896876, "confidence": 0.800694, "negative_prob": 0.910312, "sentiment": 0}]}, {"text": "【为苹果华为打算破例了？】消息人士证实，一向拒绝向竞争对手出售任何产品的华为，现在开放销售其5G的“巴龙5000”芯片，但仅限于一家公司：苹果。华为令人惊讶的立场改变，仅是因为苹果5G芯片采购上处于困境，华为破例伸出橄榄枝的举措令人讶异，尚不清楚双方是否进行任何对话。O为苹果，华为打算破例了！？​", "author": "新浪科技", "time": "新浪科技04月10日04:05 来自微博weibo.com", "transmit": 75, "comment": 110, "zan": 387, "sentiment": [{"positive_prob": 0.580923, "confidence": 0.0687179, "negative_prob": 0.419077, "sentiment": 2}]}, {"text": "#高通愿给苹果提供5G芯片#【高通：只要苹果打来电话，高通愿意提供5G芯片支持！网友：像极了爱情……】早在去年8月，就有外媒报道称，苹果可能会在2020年发布支持5G的苹果手机。但近日有媒体爆出，合作方英特尔可能推迟向苹果交付5G芯片，而苹果的自主研发也进展缓慢，最早可能要到2021年苹果才能推出支持5G的手机。针对这些消息，与苹果公司存在专利之争的美国芯片制造商高通近日表示，只要苹果打来电话，高通愿意提供芯片支持。高通公司总裁克里斯蒂亚诺·阿蒙指出，高通预计今年年底将在美国部分地区开通5G服务。有网友对苹果与高通之间的“相爱相杀”戏称：像极了爱情……L央视财经的酷燃视频（来源：@央视财经）#华为回应5g芯片只卖给苹果#", "author": "每日经济新闻", "time": "每日经济新闻04月10日17:55 来自微博weibo.com", "transmit": 19, "comment": 20, "zan": 59, "sentiment": [{"positive_prob": 0.9629, "confidence": 0.917555, "negative_prob": 0.0371004, "sentiment": 2}]}, {"text": "#华为P30#系列点亮九城，强势启动。明天14:30，敬请期待2019华为春季新品发布会！L华为终端官方微博的秒拍视频​", "author": "华为终端官方微博", "time": "华为终端官方微博04月10日20:17 来自秒拍网页版", "transmit": 305, "comment": 231, "zan": 838, "sentiment": [{"positive_prob": 0.863362, "confidence": 0.696361, "negative_prob": 0.136638, "sentiment": 2}]}, {"text": "#世界第一张黑洞照片#华为P30拍摄​", "author": "天文在线", "time": "天文在线04月10日21:47 来自vivoNEXAI智慧旗舰", "transmit": 141, "comment": 173, "zan": 1003, "sentiment": [{"positive_prob": 0.841521, "confidence": 0.647824, "negative_prob": 0.158479, "sentiment": 2}]}, {"text": "一“点”神通，智为你来。#EMUI9.1#中国发布就在明天！#华为P30#系列与你不见不散小E将为你全程图文直播~关注并转发本微博猜猜会发布哪些新功能，抽送华为移动电源一个@微博抽奖平台​", "author": "华为EMUI", "time": "华为EMUI04月10日15:01 来自微博weibo.com", "transmit": 626, "comment": 398, "zan": 347, "sentiment": [{"positive_prob": 0.93871, "confidence": 0.8638, "negative_prob": 0.0612901, "sentiment": 2}]}, {"text": "#华为智能助手#带给你#不一样的工作#。每天手忙脚乱、面对十几件事情的我，找到了贴心小助手，让我的工作井井有条，从此告别#996工作制#，工作爱情两不误。转发+评论你每天几点下班，抽送华为AI音箱一台。​", "author": "华为终端云服务", "time": "华为终端云服务04月10日11:22 来自微博weibo.com", "transmit": 384, "comment": 458, "zan": 163, "sentiment": [{"positive_prob": 0.990575, "confidence": 0.979055, "negative_prob": 0.00942546, "sentiment": 2}]}, {"text": "佩服华为​", "author": "程序员新视界", "time": "程序员新视界04月10日16:20 来自微博weibo.com", "transmit": 58, "comment": 569, "zan": 1194, "sentiment": [{"positive_prob": 0.579767, "confidence": 0.0661495, "negative_prob": 0.420233, "sentiment": 2}]}, {"text": "“华为帮客户造好车”作业。2019年上海国际车展，华为将首次以Tier1的身份登台亮相，此次车展华为将带来车联网和自动驾驶领域的相关产品，经过近几年的发展，华为已经进入智能汽车供应链，成为颇具竞争力的技术服务及硬件供应商。​", "author": "锹夺天工杨大眼", "time": "锹夺天工杨大眼04月10日11:34 来自iPhoneX", "transmit": 215, "comment": 106, "zan": 553, "sentiment": [{"positive_prob": 0.910206, "confidence": 0.800457, "negative_prob": 0.0897944, "sentiment": 2}]}, {"text": "华为p30pro的显微镜功能！​", "author": "七色的偽物人形", "time": "七色的偽物人形04月10日09:32 来自iPhone客户端", "transmit": 83, "comment": 224, "zan": 1467, "sentiment": [{"positive_prob": 0.631438, "confidence": 0.180972, "negative_prob": 0.368562, "sentiment": 2}]}, {"text": "#华为P30#沉浸在想象中的星辰大海，不如出发去追寻自己的诗与远方。华为天际通✖@Booking缤客#DigiX未知旅行计划#正在招募。五一小长假，一次机酒全包的未知旅行正在等待6位DigiX全球旅行家。去或不去，你的答案是？报名传送门>>>O网页链接！关注+转发抽送HUAWEInova4e一部。L华为终端云服务的微博视频", "author": "华为终端云服务", "time": "华为终端云服务04月10日18:08 来自微博weibo.com", "transmit": 4380, "comment": 700, "zan": 424, "sentiment": [{"positive_prob": 0.482544, "confidence": 0.650882, "negative_prob": 0.517456, "sentiment": 1}]}, {"text": "你的语音小助手已上线，想好怎么逗TA了吗？#华为平板M5#青春版8.0英寸，今日正式开售。​", "author": "华为终端官方微博", "time": "华为终端官方微博04月10日11:02 来自微博weibo.com", "transmit": 24, "comment": 88, "zan": 459, "sentiment": [{"positive_prob": 0.595717, "confidence": 0.101594, "negative_prob": 0.404283, "sentiment": 2}]}, {"text": "#华为P30#华为首发，九城地标！​", "author": "合肥高楼迷", "time": "合肥高楼迷04月10日22:46", "transmit": 10, "comment": 51, "zan": 127, "sentiment": [{"positive_prob": 0.842326, "confidence": 0.649613, "negative_prob": 0.157674, "sentiment": 2}]}, {"text": "感谢各位网友关心，我父亲伤势已在康复中，没有大碍。现了解下来，因父亲更换的非官方电池出现故障所致。对华为售后因非官方配件产生的故障还是本着负责任的态度表示感谢！对华为及各位网友产生的误会表示歉意希望各位网友，一定认准正规维修中心，假电池害死人！@华为终端客服​", "author": "身体好虎", "time": "身体好虎04月10日14:13 来自HUAWEIMate20", "transmit": 210, "comment": 759, "zan": 498, "sentiment": [{"positive_prob": 0.58849, "confidence": 0.0855335, "negative_prob": 0.41151, "sentiment": 2}]}, {"text": "广角，1倍，5倍，10倍，50倍#华为P30#​", "author": "小栗KomLee", "time": "小栗KomLee04月10日21:58 来自栗子的iPhoneX", "transmit": 5, "comment": 32, "zan": 92, "sentiment": [{"positive_prob": 0.160332, "confidence": 0.643707, "negative_prob": 0.839668, "sentiment": 0}]}, {"text": "在艺术的世界里，未来的影像与想象会是什么模样？关于#未来影像#，你都有何种畅想呢？转发评论本条微博，随机抽取一名幸运网友，赠送华为P30手机1台（颜色随机/8GB+256GB），截止时间是O4月22日13:00，祝大家好运哦～​", "author": "上海当代艺术馆MoCAShanghai", "time": "上海当代艺术馆MoCAShanghai04月10日14:05 来自iPhone7Plus", "transmit": 597, "comment": 1041, "zan": 296, "sentiment": [{"positive_prob": 0.954197, "confidence": 0.898215, "negative_prob": 0.0458032, "sentiment": 2}]}, {"text": "盖尔加朵2019.4.9在多伦多出席华为P30的发布会，这种裙装风格还真是很少尝试。#盖尔加朵##GalGadot#​", "author": "GalGadotFanPage", "time": "GalGadotFanPage04月10日10:36 来自盖尔加朵超话", "transmit": 25, "comment": 15, "zan": 125, "sentiment": [{"positive_prob": 0.542712, "confidence": 0.145755, "negative_prob": 0.457288, "sentiment": 1}]}, {"text": "今天突然看到手机信号显示5G，一阵激动结果马上被小伙伴们泼冷水，说美国这个5Ge是假的。📶只有一格。即使真的达到标准了，苹果手机也支持不了，要用华为的​", "author": "王冰汝", "time": "王冰汝04月10日06:53 来自iPhone客户端", "transmit": 39, "comment": 394, "zan": 443, "sentiment": [{"positive_prob": 0.381469, "confidence": 0.152291, "negative_prob": 0.618531, "sentiment": 0}]}, {"text": "记者最新获悉，国内手机巨头华为与东风汽车合作打造的智能化汽车将在本月下旬举行的上海车展中正式亮相。据了解，华为的车载通信、5G和云端数据中心等高科技配置也都一一应用在车上，可以提供信息查询、车辆管理、交通调度和设备管理等功能。此前，东风汽车与华为联手合作，于湖北襄阳市正式签订''智行隆中''战略。并于汽车上实现5G无人驾驶计划，使其更轻量化、智能化、电动化、共享化、网联化。O华为东风合造汽车将亮相国产智能汽车浪潮来袭", "author": "证券时报网", "time": "证券时报网04月10日15:01 来自微博weibo.com", "transmit": 50, "comment": 9, "zan": 204, "sentiment": [{"positive_prob": 0.960204, "confidence": 0.911564, "negative_prob": 0.0397962, "sentiment": 2}]}, {"text": "yyqx酷yyqx可爱yyqx中戏第一yyqx中戏yyqx天猫yyqx华为 yyqx舒适圈yyqx短发yyqx新歌yyqx舞蹈yyqx发型yyqxbvyyqx千禧龙 yyqx封面yyqxcasescyyqx纪梵希yyqxysf yyqx二十 yyqx石榴yyqxlbyyqxbcwyyqx二十yyqxcasesc yyqx百草味yyqx优益C康师傅绿茶​​​", "author": "千玺梨涡里躺着的炸炸", "time": "千玺梨涡里躺着的炸炸04月10日11:58 来自易烊千玺超话", "transmit": 16, "comment": 1, "zan": 139, "sentiment": [{"positive_prob": 0.964192, "confidence": 0.920427, "negative_prob": 0.0358077, "sentiment": 2}]}, {"text": "【美国防部报告：华为将拿下近三成全球5G市场】#全球5G近三成用华为#？据报道，美国国防部旗下国防创新委员会最新发表报告指出，包括华为、中兴在内的中国设备制造商都在积极推进5G进展。华为正迅速扩大5G领域业务范围，有望拿下全球28％的电信市场，且短期内无增长放缓迹象。O美国防部报告：华为将拿下近三成全球5G市场​", "author": "新浪科技", "time": "新浪科技04月10日11:47 来自微博weibo.com", "transmit": 17, "comment": 25, "zan": 61, "sentiment": [{"positive_prob": 0.943517, "confidence": 0.874483, "negative_prob": 0.0564827, "sentiment": 2}]}, {"text": "今天，幺妹和成都晚霞在跟黑洞抢头条……至少在成都本地，黑洞输了……我也输了，因为没来得及回家拿相机……但我没赔光，至少还逮着个尾巴，并且幸运的是昨晚刚好拿到华为神机——P30Pro（虽然只是试用）......长焦功能暂且不表，有RAW在手，出图不愁……这一次，必须吹爆华为啊！", "author": "丘寒", "time": "丘寒04月10日22:58 来自华为手机畅享玩不停", "transmit": 73, "comment": 64, "zan": 265, "sentiment": [{"positive_prob": 0.949303, "confidence": 0.887339, "negative_prob": 0.0506974, "sentiment": 2}]}, {"text": "【#三星CEO回应华为争全球第一#：不惧华为，正专注于研发5G技术】4月9日消息，三星首席执行官高东真在接受法国《费加罗报》采访时表示，“三星不会惧怕华为想成为全球第一的雄心。三星正专注于研发5G技术并开拓折叠智能手机市场。5G和人工智能等新技术以及折叠式智能手机等新设计的出现确实比我们想象的要快。只要5G网络发展成熟了，我们就会推出5G智能手机。”", "author": "老板联播", "time": "老板联播04月10日11:50 来自微博weibo.com", "transmit": 38, "comment": 539, "zan": 286, "sentiment": [{"positive_prob": 0.974524, "confidence": 0.943387, "negative_prob": 0.0254757, "sentiment": 2}]}, {"text": "别轻易用华为手机碰电脑,不然....​", "author": "我是小糗君", "time": "我是小糗君04月10日23:00 来自微博weibo.com", "transmit": 512, "comment": 338, "zan": 416, "sentiment": [{"positive_prob": 0.318467, "confidence": 0.292295, "negative_prob": 0.681533, "sentiment": 0}]}]