[{"text": "外媒消息，华为Mate30Pro将不在配备2K屏幕，目前2K屏和长续航天然矛盾。2K屏和长续航，你们更在乎哪个？2K屏和长续航，你们更在乎哪个？​", "author": "C科技", "time": "C科技07月28日07:46 来自iPhone客户端", "transmit": 129, "comment": 505, "zan": 29348, "sentiment": [{"positive_prob": 0.331728, "confidence": 0.262827, "negative_prob": 0.668272, "sentiment": 0}]}, {"text": "五天连怼八条，哪款产品让小米高管如此惊慌荣耀9X可能是目前唯一一部让@卢伟冰卢总连怼五天的产品，也是唯一一部连怼五天只找到充电这个短板的产品！隔壁的大米评测华为麒麟810已经把高通骁龙730锤爆了，且不止是芯片优势和读写速度优势，只可惜您现在绝口不提了卢总今晚一定加油，等着您的每日一乐！#小米##科技潮玩#", "author": "长安数码君", "time": "长安数码君07月28日12:03 来自荣耀20PRO", "transmit": 57, "comment": 405, "zan": 2589, "sentiment": [{"positive_prob": 0.0923835, "confidence": 0.794703, "negative_prob": 0.907616, "sentiment": 0}]}, {"text": "#第一聆听#【敢和IBM叫板，身价20亿美元！曾经的全球华人首富王安，为何被华为当成“前车之鉴”？】曾经被称为“电脑大王”的哈佛博士王安，是首位获得美国“总统自由奖章”的华人，他发明的磁芯存储器改变了计算机产业历史，而且他还创立了自己的电脑公司。1986年，他成为身价20亿美元的全球华人首富，美国富豪榜上第五。但是很快，由于封闭的电脑系统、资本的束缚以及任人唯亲的家族式管理，王安电脑公司迅速衰败，最终于1999年彻底消失。任正非从王安的经历中学到了许多“前车之鉴”，并写入《下一个倒下的会不会是华为》一书当中。华为都得到了哪些警示，又据此做出了哪些决策呢？《第一聆听》为你讲述↓@逍遥狐狸-周运L央视财经的酷燃视频", "author": "央视财经", "time": "央视财经07月28日09:00 来自微博weibo.com", "transmit": 119, "comment": 28, "zan": 227, "sentiment": [{"positive_prob": 0.977807, "confidence": 0.950682, "negative_prob": 0.022193, "sentiment": 2}]}, {"text": "#德阳生活#【投票丨#华为首款5G手机售价6199元#你会买吗？】华为26日在深圳发布其首款5G手机华为Mate20X（5G版）。售价方面，8GB+256GB版本售价6199元，7月26日预售，8月16日开售。你会买吗？华为首款5G手机售价6199元，你会买吗？​", "author": "德阳爆料王", "time": "德阳爆料王07月28日10:00", "transmit": 19, "comment": 19, "zan": 4991, "sentiment": [{"positive_prob": 0.124452, "confidence": 0.72344, "negative_prob": 0.875548, "sentiment": 0}]}, {"text": "【#马伊琍文章离婚#，华为系手机成赢家】今天俩人的离婚微博，都是用华为手机发的。其实除了他俩，娱乐圈越来越多艺人都开始用华为系手机。而且似乎大佬们都更偏爱华为P30PRO天空之境，小鲜肉独宠#荣耀20#PRO冰岛幻境。那么问题来了，你会选“天空之境”还是“冰岛幻境”呢？​", "author": "娱乐圈小青年", "time": "娱乐圈小青年07月28日22:30 来自微博weibo.com", "transmit": 505, "comment": 818, "zan": 1506, "sentiment": [{"positive_prob": 0.88379, "confidence": 0.741756, "negative_prob": 0.11621, "sentiment": 2}]}, {"text": "【多款5G手机下月开卖，北上广上半年已建万余座5G基站】5G商用手机终于要开卖了！公开信息显示，包括华为、中兴、vivo等多个品牌在内的5G商用手机将于8月上市。另一方面，各地5G基站的建设也在如火如荼地进行。据了解，截至6月底，三家基础电信运营商共在北京建设完成5G基站5285座，上海市副市长吴清6月25日表示上海全市已建设5G基站超过3000座，广东上半年已建成5G基站8949座。O多款5G手机下月开卖北上广上半年已建万余座5G基站", "author": "新浪财经", "time": "新浪财经07月28日23:40 来自微博weibo.com", "transmit": 48, "comment": 102, "zan": 302, "sentiment": [{"positive_prob": 0.927449, "confidence": 0.838775, "negative_prob": 0.0725512, "sentiment": 2}]}, {"text": "图1x的图26/7/8p的（设置的时候缩放调整一下好啦图3oppo的图4华为的其他型号的不做啦！手机型号太多，有点累辽​", "author": "一只草莓Tong", "time": "一只草莓Tong07月28日23:06", "transmit": 46, "comment": 469, "zan": 2136, "sentiment": [{"positive_prob": 0.0570143, "confidence": 0.873302, "negative_prob": 0.942986, "sentiment": 0}]}, {"text": "还真是，两人都是用华为手机。​", "author": "唐史主任司马迁", "time": "唐史主任司马迁07月28日17:51 来自iPhone6s", "transmit": 32, "comment": 105, "zan": 1232, "sentiment": [{"positive_prob": 0.488862, "confidence": 0.777237, "negative_prob": 0.511138, "sentiment": 1}]}, {"text": "华为，好狠一公司，应届生你给201万​", "author": "如厕必备读物", "time": "如厕必备读物07月28日14:01 来自微博weibo.com", "transmit": 254, "comment": 21, "zan": 81, "sentiment": [{"positive_prob": 0.64927, "confidence": 0.220599, "negative_prob": 0.35073, "sentiment": 2}]}, {"text": "小米和华为有哪些不同？​", "author": "九品段子手", "time": "九品段子手07月28日17:01 来自微博weibo.com", "transmit": 45, "comment": 245, "zan": 1873, "sentiment": [{"positive_prob": 0.427235, "confidence": 0.0505886, "negative_prob": 0.572765, "sentiment": 0}]}, {"text": "李艺彤#李艺彤蝉联第一#@SNH48-李艺彤@华为手机多亏了p30pro超强的视频变焦和暗光拍摄，才让山顶的我拍下了小偶像最荣耀的一刻总选夺冠颁奖focusLNanoka的微博视频​", "author": "Nanoka", "time": "Nanoka07月28日02:19 来自李艺彤超话", "transmit": 51, "comment": 16, "zan": 389, "sentiment": [{"positive_prob": 0.961265, "confidence": 0.913922, "negative_prob": 0.038735, "sentiment": 2}]}, {"text": "#华为移动路由#家族新成员，#华为5GCPEPro#和华为4G路由2Pro7月29日00:00正式开售，你准备入手哪一款？​", "author": "华为终端官方微博", "time": "华为终端官方微博07月28日22:00 来自微博weibo.com", "transmit": 41, "comment": 102, "zan": 662, "sentiment": [{"positive_prob": 0.837195, "confidence": 0.638212, "negative_prob": 0.162805, "sentiment": 2}]}, {"text": "#第一聆听#【敢和IBM叫板，身价20亿美元！曾经的全球华人首富王安，为何被华为当成“前车之鉴”？】曾经被称为“电脑大王”的哈佛博士王安，是首位获得美国“总统自由奖章”的华人，他发明的磁芯存储器改变了计算机产业历史，而且他还创立了自己的电脑公司。1986年，他成为身价20亿美元的全球华人首富，美国富豪榜上第五。但是很快，由于封闭的电脑系统、资本的束缚以及任人唯亲的家族式管理，王安电脑公司迅速衰败，最终于1999年彻底消失。任正非从王安的经历中学到了许多“前车之鉴”，并写入《下一个倒下的会不会是华为》一书当中。华为都得到了哪些警示，又据此做出了哪些决策呢？《第一聆听》为你讲述↓@逍遥狐狸-周运L央视财经的酷燃视频", "author": "杨建国", "time": "杨建国07月28日17:18 来自老杨会客厅超话", "transmit": 135, "comment": 105, "zan": 230, "sentiment": [{"positive_prob": 0.977807, "confidence": 0.950682, "negative_prob": 0.022193, "sentiment": 2}]}, {"text": "本次官宣由华为赞助……​", "author": "冬的颜色", "time": "冬的颜色07月28日15:52 来自iPhone客户端", "transmit": 155, "comment": 37, "zan": 175, "sentiment": [{"positive_prob": 0.434958, "confidence": 0.0334256, "negative_prob": 0.565042, "sentiment": 0}]}, {"text": "关于文章和马伊琍离婚，有网友从两人所拿的华为手机给出了分析，感觉分析的头头是道啊​", "author": "H_花花玩家", "time": "H_花花玩家07月28日20:29 来自OPPOReno10倍变焦版", "transmit": 14, "comment": 48, "zan": 245, "sentiment": [{"positive_prob": 0.640896, "confidence": 0.201991, "negative_prob": 0.359104, "sentiment": 2}]}, {"text": "人民日报:在华美企对华为捅刀子放冷箭意欲何为?O人民日报:在华美企对华为捅刀子放冷箭意欲何为?​", "author": "戴旭", "time": "戴旭07月28日09:55 来自分享按钮", "transmit": 131, "comment": 14, "zan": 301, "sentiment": [{"positive_prob": 0.519008, "confidence": 0.619832, "negative_prob": 0.480992, "sentiment": 1}]}, {"text": "永远不要低估华为P30Pro的能力​", "author": "浙商卢献星", "time": "浙商卢献星07月28日20:33 来自浙商會iPhone客户端", "transmit": 23, "comment": 29, "zan": 343, "sentiment": [{"positive_prob": 0.379515, "confidence": 0.156633, "negative_prob": 0.620485, "sentiment": 0}]}, {"text": "从文章和马伊琍离婚可以看出，他们曾经真的一条心，所以用的都是华为手机。但他们又渐行渐远，所以一个用去年的旗舰手机，一个用今年的最新款，两款手机的发售时间相隔了半年，他们的感情也相隔了半年，文章虽然选择的是保时捷款Mate20，但他并不知道自己已经渐渐的落后于这个世界，落后于马伊琍。鲁迅曾经说过，手机就像潮流，而潮流就像一朵花，花最美的时候就是花开的时候。所以要想感情稳固不分手，就你的另一半一起用最新款的手机吧。", "author": "冰室骑士", "time": "冰室骑士07月28日15:31 来自三星GalaxyS10+", "transmit": 43, "comment": 69, "zan": 314, "sentiment": [{"positive_prob": 0.948954, "confidence": 0.886565, "negative_prob": 0.0510456, "sentiment": 2}]}, {"text": "文章马伊琍离婚，我的关注点居然是，两个人都是用的华为手机。​", "author": "科技美学", "time": "科技美学07月28日15:35", "transmit": 39, "comment": 327, "zan": 2407, "sentiment": [{"positive_prob": 0.620749, "confidence": 0.15722, "negative_prob": 0.379251, "sentiment": 2}]}, {"text": "何刚说#华为在5G初期不考虑盈利#，说的是手机板块。不过整个产业链都差不多，因为相较于4G时代，5G零组件，无论线路设计，耐热程度皆比4G的要求更高，因此初期得砸大钱研发新技术。5G时代所用的材料，设备，化学制程都和过去不同。虽然资本支出增加，大家仍敢于投资。关键在于，5G因为高频率的物理特性，传输距离较短，基地台需求密度至少是4G基地台的两倍，且若要扩大覆盖率，让室内的讯号变更好，就得仰赖更容易大量布建，成本较低的小型基地台。这个市场容量算起来虾仁。", "author": "历史的进城", "time": "历史的进城07月28日08:18 来自历史的进城Android", "transmit": 43, "comment": 34, "zan": 127, "sentiment": [{"positive_prob": 0.0880299, "confidence": 0.804378, "negative_prob": 0.91197, "sentiment": 0}]}, {"text": "看20年IT行业变迁，给爱立信告别O看20年IT行业变迁，给爱立信告别爱立信跌出500强了。与互联网行业很不一样，电信业其实比较苦逼，低增长存量博弈。运营商也普遍收入下滑利润下跌，不用华为成本大增无法接受。互联网和半导体是真赚钱或者高增长，京东都增长30%。中国500强榜单崛起挤占的是美日德的名额。​", "author": "风云学会陈经", "time": "风云学会陈经07月28日08:43 来自小米9", "transmit": 71, "comment": 88, "zan": 203, "sentiment": [{"positive_prob": 0.0362113, "confidence": 0.919531, "negative_prob": 0.963789, "sentiment": 0}]}, {"text": "第一款Type-C接口的手机是乐视做的，为啥现在好多人都叫它华为口？​", "author": "小表哥PRO", "time": "小表哥PRO07月28日11:38 来自OnePlus7Pro", "transmit": 15, "comment": 821, "zan": 1634, "sentiment": [{"positive_prob": 0.29182, "confidence": 0.35151, "negative_prob": 0.70818, "sentiment": 0}]}, {"text": "如果说Mate20是顶着华为Mate20PRO光环的平庸之辈，那称华为P30为没有营销噱头的务实派可还行L请不要叫我测评君的微博视频​O抽奖详情​", "author": "请不要叫我测评君", "time": "请不要叫我测评君07月28日16:44 来自微博视频", "transmit": 861, "comment": 258, "zan": 352, "sentiment": [{"positive_prob": 0.0390733, "confidence": 0.913171, "negative_prob": 0.960927, "sentiment": 0}]}, {"text": "有人张嘴要华为，有人免费得中兴。我不挑，都行。​", "author": "台湾那点事儿", "time": "台湾那点事儿07月28日13:00 来自岛主的Android", "transmit": 9, "comment": 84, "zan": 436, "sentiment": [{"positive_prob": 0.576968, "confidence": 0.0599284, "negative_prob": 0.423032, "sentiment": 2}]}, {"text": "【华为百万重奖应届生，是对人才最简单粗暴的“表白”】7月23日，华为创始人任正非签发了一份总裁办电子邮件，宣布对部分2019届顶尖毕业生实行年薪制管理。根据这份邮件，华为对8名2019届顶尖毕业生实行年薪制，这8名员工均为博士学历，年薪最高201万元，最低89.6万元。邮件中称，要打赢未来的技术与商业战争，必须要有世界顶尖的人才，为了吸引顶尖人才，首先要用“顶级的挑战和顶级的薪酬”。华为展示出一种令人信服的人才观，它不仅打脸“读书无用论”，更传达了一种观念：渴慕知识、尊重人才，最简单粗暴的“表白”，就是给他们应有的薪资待遇。O华为重奖应届生，传递了怎样的人才观", "author": "光明日报", "time": "光明日报07月28日13:00 来自微博weibo.com", "transmit": 26, "comment": 18, "zan": 140, "sentiment": [{"positive_prob": 0.977084, "confidence": 0.949076, "negative_prob": 0.0229156, "sentiment": 2}]}, {"text": "【#马伊琍文章离婚#，华为系手机成赢家】今天俩人的离婚微博，都是用华为手机发的。其实除了他俩，娱乐圈越来越多艺人都开始用华为系手机。而且似乎大佬们都更偏爱华为P30PRO天空之境，小鲜肉独宠#荣耀20#PRO冰岛幻境。那么问题来了，你会选“天空之境”还是“冰岛幻境”呢？​", "author": "娱乐扒掌柜", "time": "娱乐扒掌柜07月28日22:55 来自微博weibo.com", "transmit": 571, "comment": 565, "zan": 1077, "sentiment": [{"positive_prob": 0.88379, "confidence": 0.741756, "negative_prob": 0.11621, "sentiment": 2}]}, {"text": "【联邦快递净利润同比暴跌了88%，伟创力暴跌61%】不作死就不会死，联邦快递公布的最新财报，净利润为5.4亿美元，同比暴跌了88%，这是一个令人震惊的业绩雷。​​​此前，联邦快递对华为的恶劣行为，导致全球的用户都对联邦快递提出了质疑，纷纷停止了与联邦快递的业务合作。​", "author": "价值投资日志", "time": "价值投资日志07月28日14:52 来自iPhoneX", "transmit": 57, "comment": 105, "zan": 543, "sentiment": [{"positive_prob": 0.0183693, "confidence": 0.959179, "negative_prob": 0.981631, "sentiment": 0}]}, {"text": "华为Mate20X5G手机，中国联通已启动线上线下预约。体验#我的第一部5G手机#，#与联通共5#!L中国联通的秒拍视频​", "author": "中国联通", "time": "中国联通07月28日23:32 来自HUAWEIMate20X5G", "transmit": 220, "comment": 77, "zan": 107, "sentiment": [{"positive_prob": 0.741749, "confidence": 0.42611, "negative_prob": 0.258251, "sentiment": 2}]}, {"text": "华为手机赞助本次离婚#马伊琍文章离婚#@华为终端官方微博@华为中国​", "author": "笑话", "time": "笑话07月28日17:10 来自笑话菌的iPhone客户端", "transmit": 10, "comment": 38, "zan": 202, "sentiment": [{"positive_prob": 0.672733, "confidence": 0.272741, "negative_prob": 0.327267, "sentiment": 2}]}, {"text": "一个送快递的，存活下去的唯一方式就是将客户委托的货物安全、快捷地送到目的地，并对客户的货物和信息保守秘密。但美国联邦快递公司偏不信这个邪，多次扣押华为的货物并送到美国检查，这种无视客户权益的做法，无异于砸自己的饭碗。现在报应来了，前几天联邦快递公司公布了最新财报，本财年净利润为5.4亿美元，同比暴跌88%。同样，另一个“超规格”“制裁”华为的美国伟创力公司，在擅自扣押华为7亿元物料，给华为带来巨大损失的同时，也为自己愚蠢付出了代价，今年第一季度，伟创力公司当季净利润为4487.2万美元，同比下跌61.4%。商业交易的本质就是互利共赢，损害客户的利益，也就是损害自己的利益。肆意践踏商业诚信，谁还敢和你做生意？在中美贸易战中刷存在感的美国公司，是在拿自己企业的生命开玩笑。", "author": "陶永谊", "time": "陶永谊07月28日15:30 来自HUAWEIP30Pro", "transmit": 99, "comment": 88, "zan": 316, "sentiment": [{"positive_prob": 0.011042, "confidence": 0.975462, "negative_prob": 0.988958, "sentiment": 0}]}]