[{"text": "漫游在石丈亭的夏宫诗会。在夜色中猜灯谜，以诗会友。在创意涂鸦板与古典宫灯间，感受现代艺术与传统文化的交融。用#华为nova5#系列，捕捉每一个鲜活色彩的瞬间。​", "author": "华为终端官方微博", "time": "华为终端官方微博07月05日22:01 来自nova5Pro人像超级夜景", "transmit": 12, "comment": 55, "zan": 1105, "sentiment": [{"positive_prob": 0.974185, "confidence": 0.942633, "negative_prob": 0.0258151, "sentiment": 2}]}, {"text": "#全球136个国家会用华为5G#【#任正非万字采访#曝光：谈鸿蒙系统、“少年天才”，“全球140多个国家，136个会用华为5G”】任正非6月24日接受了《金融时报》采访，任总在采访中谈到了华为的鸿蒙操作系统，华为5G在国内外市场所占的份额、谈到华为在中美贸易战所处的地位，等等。#华为已注册华为鸿蒙商标###华为将从全世界招天才少年#其中，谈5G市场：1、华为在国外已经拿到50个5G合同，已经发货15万个基站。2、大概有135、136个国家会用华为的5G系统，美国和澳大利亚不会用。3、中国移动5G核心网第一次招标的结果，爱立信加诺基亚大概是44%市场份额，华为拿到的是50%左右多一点。O任正非万字采访曝光：谈鸿蒙系统、“少年天才”，“全球140多个国家，136个会用华为5G”", "author": "每日经济新闻", "time": "每日经济新闻07月05日23:19 来自专业版微博", "transmit": 87, "comment": 43, "zan": 329, "sentiment": [{"positive_prob": 0.942966, "confidence": 0.873258, "negative_prob": 0.057034, "sentiment": 2}]}, {"text": "一路游览至苏州街。微风拂过水面，睡莲摇曳生姿，此时伫立水街两旁的古典建筑，在各式宫灯交相掩映下，如梦似幻。置身其中，仿佛重回了那江南旧梦中的世外桃源。在#华为nova5#系列的镜头下，重拾这份遗失一个世纪的美好。​", "author": "华为终端官方微博", "time": "华为终端官方微博07月05日22:40 来自nova5Pro人像超级夜景", "transmit": 15, "comment": 76, "zan": 1227, "sentiment": [{"positive_prob": 0.987554, "confidence": 0.972343, "negative_prob": 0.0124458, "sentiment": 2}]}, {"text": "耳边是编钟古乐，入眸是彩绘风韵。来到今夜的终点站-听鹂馆，在质朴典雅的古戏台前，尽情体验仲夏夜“颐式美学”的光影流转，唤醒古典诗心灵魂。#华为nova5#系列前置3200万人像超级夜景，与你一同记录今晚所遇的文明与奇境。​", "author": "华为终端官方微博", "time": "华为终端官方微博07月05日23:10 来自nova5Pro人像超级夜景", "transmit": 20, "comment": 53, "zan": 1260, "sentiment": [{"positive_prob": 0.975231, "confidence": 0.944958, "negative_prob": 0.0247687, "sentiment": 2}]}, {"text": "看任正非如何四两拨千斤巧妙回应提问。管你对方是谁，是真的橄榄枝还是什么坑，含蓄表明态度。所以有作为才有地位，民族企业华为威武，任老爷子牛！L中国IT杂谈的微博视频​", "author": "中国IT杂谈", "time": "中国IT杂谈07月05日23:08", "transmit": 109, "comment": 120, "zan": 1066, "sentiment": [{"positive_prob": 0.138009, "confidence": 0.693313, "negative_prob": 0.861991, "sentiment": 0}]}, {"text": "【任正非：华为操作系统#鸿蒙将比安卓速度快60%#】华为董事长任正非7月4日登上了法国著名新闻周刊《观点》杂志最新一期封面，在当期杂志中，《观点》发表了对其长达15页的专题报道。对于鸿蒙系统，任正非表示，“该系统的处理延迟小于5毫秒。它将完美地适应物联网，还能够应用于自动驾驶。”任正非指出：“我们构建这个系统，为的是能够同步连接所有对象。这就是我们走向智能社会的方式。”被问到“鸿蒙操作系统是不是比谷歌的安卓或是苹果的MacOSX系统更快？“这一问题时，任正非谨慎地给出答案：“很有可能”，并给出了一份技术方面的论据，根据之前的一份报告，华为的操作系统比安卓速度快60%。O任正非接受法媒专访：华为操作系统鸿蒙将比安卓速度快60％", "author": "凤凰网财经", "time": "凤凰网财经07月05日21:43", "transmit": 149, "comment": 309, "zan": 1084, "sentiment": [{"positive_prob": 0.973083, "confidence": 0.940184, "negative_prob": 0.026917, "sentiment": 2}]}, {"text": "【任正非登上法国《观点》杂志封面】法国重要的新闻周刊《观点》杂志，4号在最新一期的刊物封面上，以“这个人将改变历史”为标题刊登了华为董事长任正非的肖像照，并以长达15页的篇幅，图文并茂地对任正非本人以及华为进行了详细的专题报道，内容涉及了5G技术发展、中美关系、中欧关系以及地缘政治等问题，任正非在专访中向《观点》的记者详细介绍了自己个人的背景经历以及华为公司过去和未来的发展历程和方向，其中就包括了在法国业务情况。另外，他就西方各国在华为与国家安全方面的担忧和质疑，做出了客观的回应。（凤凰卫视金亮巴黎报道）", "author": "凤凰卫视", "time": "凤凰卫视07月05日10:30 来自微博weibo.com", "transmit": 16, "comment": 31, "zan": 158, "sentiment": [{"positive_prob": 0.88831, "confidence": 0.751799, "negative_prob": 0.11169, "sentiment": 2}]}, {"text": "#任正非登法国杂志封面#法国著名时政周刊《观点》杂志最新一期的封面人物：华为创始人任正非，封面大标题：“这个男人将要改变历史”，内页刊登的有关“新的世界巨头”华为的报道篇幅占了15个版面，主要内容是法国记者在华为深圳总部对任总的长篇采访，任总介绍了其个人背景经历、华为发展壮大史，回答了有关科技、5G、中美欧贸易战背景下的地缘政治类问题、华为如何应对西方有关安全性的质疑担忧等多个热点问题。#华为法国##法媒看中国##改变历史的男人##任正非登法国观点杂志封面#", "author": "欢欢在法国", "time": "欢欢在法国07月05日04:20 来自微博weibo.com", "transmit": 42, "comment": 3, "zan": 35, "sentiment": [{"positive_prob": 0.983193, "confidence": 0.96265, "negative_prob": 0.0168073, "sentiment": 2}]}, {"text": "【#思科设备中出现华为证书和密钥#：忘记删除了】据报道，思科交换机中出现一个低级别漏洞，该漏洞是由于使用华为北美公司编写的某个开源软件包（该开源项目的成员同样有思科）。思科称，测试团队用在测试阶段的密钥和证书，结果上线前疏忽，忘记删除了，现在已经删除了。O思科回应交换机中出现华为证书和密钥：疏忽忘记删除​", "author": "新浪科技", "time": "新浪科技07月05日22:26 来自微博weibo.com", "transmit": 47, "comment": 69, "zan": 262, "sentiment": [{"positive_prob": 0.520909, "confidence": 0.581813, "negative_prob": 0.479091, "sentiment": 1}]}, {"text": "#联通5G来了#不论是星际迷航还是流浪地球，无论是远古神话还是现代科技探索，星空之境都是我们永恒的最终幻想。在刚刚结束的#2019年世界移动通信大会#上，中国联通携手华为，奉献了一场精彩而梦幻的沉浸式太空之旅，在云端实时计算和渲染，利用5G大带宽和低时延能力，將处理后的结果，实时串流到本地终端上进行呈现。科研技术的征程正如一场广袤无边的太空之旅，破解世界的边界，打通万物互联的梦想。华为公司拍摄了这支短片，一起分享：L中国联通的秒拍视频", "author": "中国联通", "time": "中国联通07月05日23:24", "transmit": 316, "comment": 64, "zan": 110, "sentiment": [{"positive_prob": 0.986658, "confidence": 0.970351, "negative_prob": 0.0133418, "sentiment": 2}]}, {"text": "思科被发现使用华为代码，解释：忘了删！美国网络设备制造商思科（Cisco）曾指控华为所谓“抄袭代码”最终发现不成立，如今自己闹出“尴尬”事件：该公司被网络安全咨询公司发现，产品交换机里用的密钥证书，是华为子公司研发的。思科对此解释称：在测试产品时使用了华为的代码，最后忘了删除。OpenDaylight中的一款密钥证书。而这款密钥证书出自Futurewei公司之手。后者是华为在美国的研发分支机构。这个问题也不是思科自己排查出来的。而是网络安全咨询公司SECConsult最早发现。该公司一位负责人还向ZDNet新闻网表示，“我们注意到思科固件内用的是华为的证书，考虑到政治因素，我们没有不想就这一事件做进一步推测。”之所以会出现这个乌龙，思科方面的解释是：该公司开发者在测试期间使用了华为的开源包，但后来忘记删除相关组件。思科将这个锅甩给软件测试团队FindlTDevelopment，称这是他们的“疏忽”。这个案例比当年华为和思科的官司严重多了！当年思科和华为打官司，后来双方请一个美国计算机教授研究双方源代码，发现华为根本和思科不是一回事。唯一有一小段源代码一样，是一个员工从一个论坛下载的一个插件，那时候华为管控还不够细，被混进去。这个插件刚好是思科员工编的和上载到论坛。另外是华为全面兼容思科命令行，思科认为命令行是他们著作权，要华为改。最终和解，根本没有判断华为侵犯思科知识产权。但是当年思科起诉，美国媒体和国内带路党，当时真是两眼冒光，兴奋异常，有罪推定了。现在，却静悄悄的，要是华为弄思科的，那带路党肯定如丧考妣，必定是国籍一换，评论过万！O思科被发现使用华为代码，解释：忘了删", "author": "HW前HR", "time": "HW前HR07月05日22:52 来自HUAWEIP30Pro", "transmit": 251, "comment": 106, "zan": 567, "sentiment": [{"positive_prob": 0.0584369, "confidence": 0.87014, "negative_prob": 0.941563, "sentiment": 0}]}, {"text": "【任正非：鸿蒙系统有信心建立全球生态】任正非今天称，鸿蒙系统是针对未来打造的，支持毫秒亚毫秒级别响应，符合未来技术的要求。操作系统最难是建立生态，华为有信心用2~3年打造良好的生态！你们觉得华为能成吗？​", "author": "C科技", "time": "C科技07月05日21:18", "transmit": 23, "comment": 152, "zan": 619, "sentiment": [{"positive_prob": 0.930002, "confidence": 0.844448, "negative_prob": 0.0699982, "sentiment": 2}]}, {"text": "【任正非接受法媒专访：#华为操作系统将比安卓速度快60%#】任正非透露，“鸿蒙”旨在应用于多种设备，将完美地适应物联网，还能够应用于自动驾驶，且根据一份报告，鸿蒙比安卓速度快60%。然而，任正非也承认，与苹果的操作系统或安卓相比，华为仍然缺乏良好的应用程序生态系统。O任正非接受法媒专访:华为操作系统将比安卓速度快60%​", "author": "新浪科技", "time": "新浪科技07月05日21:37 来自微博weibo.com", "transmit": 32, "comment": 65, "zan": 347, "sentiment": [{"positive_prob": 0.972344, "confidence": 0.938541, "negative_prob": 0.0276564, "sentiment": 2}]}, {"text": "#每经整点播#【每经22点丨任正非称华为操作系统鸿蒙很有可能比安卓速度快；黄金快速跌破1390美元关口；深交所：若*ST康得涉及重大违法，将第一时间启动强制退市】1、#华为鸿蒙系统比安卓速度快六成#：”被问到“鸿蒙操作系统是不是比谷歌的安卓（Android）或是苹果的MacOSX系统更快？“这一问题时，任正非谨慎地给出答案：“很有可能”，并给出了一份技术方面的论据，根据之前的一份报告，华为的操作系统比安卓速度快60%。#华为操作系统很可能比安卓速度快#2、加拿大夏洛特皇后群岛地区发生5.5级地震。3、深交所：若*ST康得涉及重大违法，将第一时间启动强制退市。O每经22点丨任正非称华为操作系统鸿蒙很有可能比安卓速度快；黄金快速跌破1390美元关口；深交所：若*ST康得涉及重大违法，将第一时间启动强制退市O每经22点丨任正非称华为操作系统鸿蒙很有可能比安卓速度快", "author": "每日经济新闻", "time": "每日经济新闻07月05日22:12 来自微博weibo.com", "transmit": 10, "comment": 12, "zan": 72, "sentiment": [{"positive_prob": 0.969689, "confidence": 0.932641, "negative_prob": 0.0303113, "sentiment": 2}]}, {"text": "【任正非：华为已在着手研发安卓和苹果应用商店的替代品】任正非也承认，在与谷歌和苹果竞争方面，华为有一个很大的失误：“与苹果的操作系统或安卓相比，我们仍然缺乏良好的应用程序生态系统。”为了解决这个问题，任正非表示，华为已经在着手研发安卓和苹果应用商店的替代品，并试图吸引开发者。（澎湃新闻）O任正非接受法媒专访：鸿蒙系统将比安卓速度快60%", "author": "全景网", "time": "全景网07月05日21:32 来自搜狗高速浏览器", "transmit": 66, "comment": 213, "zan": 687, "sentiment": [{"positive_prob": 0.879523, "confidence": 0.732272, "negative_prob": 0.120477, "sentiment": 2}]}, {"text": "【任正非：#华为5G品质高不便宜#绝大部分客户都会选择华为5G】近日，任正非接受媒体专访时谈到5G市场，他表示，华为的5G能给客户提供更大的价值，所以华为的价格是贵的，不是便宜的。任正非称，绝大多数的客户会选择华为，在140个国家中会有135、136个选择华为5G产品。L见闻企业家的微博视频​​​", "author": "中国企业家杂志", "time": "中国企业家杂志07月05日19:37 来自iPhone客户端", "transmit": 29, "comment": 7, "zan": 74, "sentiment": [{"positive_prob": 0.638433, "confidence": 0.196517, "negative_prob": 0.361567, "sentiment": 2}]}, {"text": "这两位女生一个喜欢拍照，一个不太在乎拍照，所以我一个推荐华为nova5pro，一个推荐荣耀20pro。他们各有优缺点，找到适合自己的最重要。关于荣耀20pro和华为nova5pro如何选择，还是看拍照，喜欢后置拍照的买荣耀20pro，因为有更大的光圈，更好的摄像头，双防抖，长焦。喜欢前置自拍的两个手机差不多，都是3200万前置美颜自拍。荣耀20pro是lcd屏幕，偏灰白，色彩饱和度不如nova5pro的三星屏幕，充电是22.5w快充，不如nova5pro的40w快充。这两点是nova5pro优势。至于屏幕指纹和侧面指纹，我用了两天感觉都挺方便的，侧面指纹可能就是开车的时候使用不太方便，平时用很方便，解锁比屏幕指纹更快。也不用担心放桌子上无法解锁的尴尬，比后置指纹好。相比升降摄像头，水滴屏和打孔屏的人脸解锁还是非常快的，这个我觉得比指纹都方便，拿起来就解锁了。晚上也能解锁，安全性不如指纹解锁，方便性是大于指纹解锁的，所以我之前推荐华为mate20pro，因为它不仅支持人脸解锁。还支持人脸支付，用起来还是很爽的。发现女生都比较可爱，喜欢拍照。还让我斗图我平时拍照不是很多，真斗不过，我还是多发帖子给大家看吧，希望对大家有帮助", "author": "科技圣斗士", "time": "科技圣斗士07月05日15:58 来自荣耀20PRO", "transmit": 36, "comment": 164, "zan": 1527, "sentiment": [{"positive_prob": 0.96652, "confidence": 0.9256, "negative_prob": 0.0334798, "sentiment": 2}]}, {"text": "董宝珍：中美贸易战打下去对中国可能更有利。华为的任正非再一次发布信息，华为开发的手机操作系统要比美国的操作系统性能更好。这使我更确信我很早就在自己的董宝珍电台里头提出一个观点，中美贸易战，尤其是美国对中国的高技术封锁，其实是中国一个战略机会，因为技术本身不存在着可跨越的障碍，根本不存在某一个国家可以实现某种技术，其他国家不可以实现，这是不存在的，但是应用系统或者生态系统的壁垒是真实的，很难跨越，如果不是换代，即便你掌握新技术也没有用。这次中美贸易战，美国对中国高技术的封锁实际上是提供了一个历史性的机会，它相当于提供了一次让中国所开发出来的技术，成为主流的机会，被应用的机会。这也能理解，为什么g20峰会之后，双方谈判恢复中方的要价比较高，且不急于谈成的原因，因为我们和美国决裂的利益估算的过程中，可能是战略利益大于战术损失。孙子兵法第1章说要算账，打仗之前要算，可能中国重新算了账，发现就这么打下去的收益要大。中国战略决策层已经算出了，打下去更有力，那么我们投资者又有什么必要慌乱不堪呢？", "author": "否极泰董宝珍", "time": "否极泰董宝珍07月05日21:42 来自HUAWEIP20", "transmit": 73, "comment": 73, "zan": 201, "sentiment": [{"positive_prob": 0.747485, "confidence": 0.438856, "negative_prob": 0.252515, "sentiment": 2}]}, {"text": "【思科被发现使用华为代码，解释：忘了删】美国网络设备制造商思科（Cisco）曾指控华为“抄袭代码”，如今自己闹出“尴尬”事件：该公司被网络安全咨询公司发现，产品交换机里用的秘钥证书，是华为子公司研发的。思科对此解释称：在测试产品时使用了华为的代码，最后忘了删除。不过需要注意的是，该秘钥证书为一款开源程序包中的一部分。据美国科技媒体ZDNet新闻网消息，7月3日，思科在其官网一下子列举19条程序安全相关声明，建议其客户对产品进行相关更新。其中有一条声明指出，思科250、350、350X和550X型号交换机，采用了开源程序包OpenDaylight中的一款密钥证书。而这款秘钥证书出自Futurewei公司之手。后者是华为在美国的研发分支机构。这个问题也不是思科自己排查出来的。而是网络安全咨询公司SECConsult最早发现。该公司一位负责人还向ZDNet新闻网表示，“我们注意到思科固件内用的是华为的证书，考虑到政治因素，我们没有不想就这一事件做进一步推测。”之所以会出现这个乌龙，思科方面的解释是：该公司开发者在测试期间使用了华为的开源包，但后来忘记删除相关组件。思科将这个锅甩给软件测试团队FindlTDevelopment，称这是他们的“疏忽”。O思科被发现使用华为代码，解释：忘了删", "author": "科工力量", "time": "科工力量07月05日18:20 来自微博weibo.com", "transmit": 205, "comment": 109, "zan": 1061, "sentiment": [{"positive_prob": 0.0414518, "confidence": 0.907885, "negative_prob": 0.958548, "sentiment": 0}]}, {"text": "【不断技术突破！华为屏下摄像头技术专利曝光】近日，外媒在德国专利商标局发现华为一项新的屏幕前置摄像头专利，从专利说明来看，前置摄像头会在屏幕上消失隐藏在下方，置于屏幕的左上角。而从操作系统界面看，前置摄像头的区域并没有失去显示的功能，在软硬件都取得技术突破，很令人期待！#华为#​", "author": "建华Wei业", "time": "建华Wei业07月05日09:16 来自手机超话", "transmit": 37, "comment": 94, "zan": 374, "sentiment": [{"positive_prob": 0.396852, "confidence": 0.118106, "negative_prob": 0.603148, "sentiment": 0}]}, {"text": "小米营销部门这个节骨眼上又搞事……去官网看了看，这个智能手机奖只有华为的p30系列拿到了啊…​", "author": "科技涅槃说", "time": "科技涅槃说07月05日15:33", "transmit": 10, "comment": 111, "zan": 526, "sentiment": [{"positive_prob": 0.111509, "confidence": 0.752201, "negative_prob": 0.888491, "sentiment": 0}]}, {"text": "【任正非：#华为5G品质高不便宜#绝大部分客户都会选择华为5G】近日，任正非接受媒体专访时谈到5G市场，他表示，华为的5G能给客户提供更大的价值，所以华为的价格是贵的，不是便宜的。任正非称，绝大多数的客户会选择华为，在140个国家中会有135、136个选择华为5G产品。L见闻企业家的微博视频​", "author": "经济观察报", "time": "经济观察报07月05日19:30 来自微博weibo.com", "transmit": 15, "comment": 11, "zan": 50, "sentiment": [{"positive_prob": 0.638433, "confidence": 0.196517, "negative_prob": 0.361567, "sentiment": 2}]}, {"text": "关于真假2019最佳智能手机奖问题（最终大奖只有一个），主办方MWC上海官方回应来了！最终获奖名单以官方宣布名单为准，2019最佳智能手机奖为华为P30及P30Pro。当然能入围还是要鼓励的，但是厂商无中生有直接给自己颁国际大奖是不是有点……​", "author": "建华Wei业", "time": "建华Wei业07月05日18:06 来自手机超话", "transmit": 22, "comment": 38, "zan": 265, "sentiment": [{"positive_prob": 0.88278, "confidence": 0.739511, "negative_prob": 0.11722, "sentiment": 2}]}, {"text": "华为Mate30Pro的两种设计，你喜欢哪个？​", "author": "C科技", "time": "C科技07月05日16:12 来自OnePlus7Pro", "transmit": 13, "comment": 189, "zan": 350, "sentiment": [{"positive_prob": 0.681614, "confidence": 0.292476, "negative_prob": 0.318386, "sentiment": 2}]}, {"text": "【思科被发现使用华为代码后解释：忘了删了。网友：为什么这个美国企业脸皮这么厚？跟特朗普有的一拼】尴尬了，思科贼喊捉贼，被抓先行！美国网络设备制造商思科（Cisco）曾指控华为“抄袭代码”，如今自己闹出“尴尬”事件：该公司被网络安全咨询公司发现，产品交换机里用的密钥证书，是华为子公司研发的。思科对此解释称：在测试产品时使用了华为的代码，最后忘了删除。不过需要注意的是，该密钥证书为一款开源程序包中的一部分。这个问题也不是思科自己排查出来的。而是网络安全咨询公司SECConsult最早发现。该公司一位负责人还向ZDNet新闻网表示，“我们注意到思科固件内用的是华为的证书，考虑到政治因素，我们没有不想就这一事件做进一步推测。”之所以会出现这个乌龙，思科方面的解释是：该公司开发者在测试期间使用了华为的开源包，但后来忘记删除相关组件。思科将这个锅甩给软件测试团队FindlTDevelopment，称这是他们的“疏忽”。O思科被发现使用华为代码，解释：忘了删", "author": "人才76116", "time": "人才7611607月05日18:52 来自HUAWEIP20", "transmit": 51, "comment": 85, "zan": 185, "sentiment": [{"positive_prob": 0.0309801, "confidence": 0.931155, "negative_prob": 0.96902, "sentiment": 0}]}, {"text": "非华为用户没有​", "author": "科技小公举", "time": "科技小公举07月05日10:59", "transmit": 6, "comment": 169, "zan": 800, "sentiment": [{"positive_prob": 0.336216, "confidence": 0.252854, "negative_prob": 0.663784, "sentiment": 0}]}, {"text": "#HDC2019#华为开发者大会将于8月9日-11日在东莞松山湖召开，欢迎大家报名参加！O网页链接​", "author": "华为王成录", "time": "华为王成录07月05日16:28 来自微博weibo.com", "transmit": 253, "comment": 45, "zan": 164, "sentiment": [{"positive_prob": 0.920432, "confidence": 0.823181, "negative_prob": 0.0795684, "sentiment": 2}]}, {"text": "【任正非：华为操作系统#鸿蒙将比安卓速度快60%#】华为董事长任正非7月4日登上了法国著名新闻周刊《观点》杂志最新一期封面，在当期杂志中，《观点》发表了对其长达15页的专题报道。对于鸿蒙系统，任正非表示，“该系统的处理延迟小于5毫秒。它将完美地适应物联网，还能够应用于自动驾驶。”任正非指出：“我们构建这个系统，为的是能够同步连接所有对象。这就是我们走向智能社会的方式。”被问到“鸿蒙操作系统是不是比谷歌的安卓（Android）或是苹果的MacOSX系统更快？“这一问题时，任正非谨慎地给出答案：“很有可能”，并给出了一份技术方面的论据，根据之前的一份报告，华为的操作系统比安卓速度快60%。", "author": "福布斯中文网", "time": "福布斯中文网07月05日23:32 来自iPhone客户端", "transmit": 31, "comment": 31, "zan": 100, "sentiment": [{"positive_prob": 0.973072, "confidence": 0.94016, "negative_prob": 0.0269282, "sentiment": 2}]}, {"text": "【《美国陷阱》作者：诡异的美国司法逼我妥协】#华为#当地时间7月3日，美国司法部要求联邦法官拒绝受理华为提起的诉讼。美国政治所谓“三权分立”“司法独立”在此案中又一次揭开面纱。法国阿尔斯通前高管在《美国陷阱》一书中详细记述了类似遭遇。近日，人民网记者在巴黎独家专访该书作者，听他讲述被美国“司法迫害”的惨痛经历。L人民视频的秒拍视频", "author": "福布斯中文网", "time": "福布斯中文网07月05日11:18 来自专业版微博", "transmit": 17, "comment": 11, "zan": 30, "sentiment": [{"positive_prob": 0.0848115, "confidence": 0.81153, "negative_prob": 0.915188, "sentiment": 0}]}, {"text": "2019年6月24日，任总接受了《金融时报》采访。以下是采访纪要。#华为facts#O任总接受《金融时报》采访纪要​", "author": "华为心声社区", "time": "华为心声社区07月05日22:08 来自微博weibo.com", "transmit": 90, "comment": 27, "zan": 169, "sentiment": [{"positive_prob": 0.92298, "confidence": 0.828844, "negative_prob": 0.0770202, "sentiment": 2}]}]