[{"text": "选择是什么？是不抛弃，是不放弃，更是一诺千金！30多年来，华为始终秉承把简单留给客户，把复杂留给自己，因为我们坚信“选择是你的权利，可靠是我的承诺”。这就是#我的态度#欢迎@我们说出你的选择，亮出你的态度，被@华为中国转发可任选《下一个倒下的会不会是华为》、《枪林弹雨中成长》等华为图书一本。转发抽1人，送华为P20手机一台，再抽50人每人送华为图书任选一本。", "author": "华为中国", "time": "华为中国03月18日11:17 来自微博weibo.com", "transmit": 11132, "comment": 3267, "zan": 2302, "sentiment": [{"positive_prob": 0.127539, "confidence": 0.716579, "negative_prob": 0.872461, "sentiment": 0}]}, {"text": "【华为回应“企业利用WiFi探针收集用户信息”：对我们无效】央视315晚会曝光了部分企业通过探针盒子收集手机用户隐私信息的事情。对此，华为手机称，华为手机EMUI8.0及以上版本，通过MAC地址随机化来防范此类攻击。华为称，MAC地址随机化是指手机WiFi开启后，每次在扫描周围WiFi热点时携带的MAC地址都是随机生成的，就算被WiFi探针获取也无法做正确的大数据匹配。（吴涛）", "author": "中国新闻网", "time": "中国新闻网03月18日12:00 来自微博weibo.com", "transmit": 54, "comment": 98, "zan": 206, "sentiment": [{"positive_prob": 0.060967, "confidence": 0.864518, "negative_prob": 0.939033, "sentiment": 0}]}, {"text": "聚焦全世界的目光，给你想要的答案，处在风口浪尖的华为，亮出了#我的态度#。​", "author": "思想聚焦", "time": "思想聚焦03月18日15:50 来自微博weibo.com", "transmit": 161, "comment": 86, "zan": 661, "sentiment": [{"positive_prob": 0.534777, "confidence": 0.30446, "negative_prob": 0.465223, "sentiment": 1}]}, {"text": "【#WiFi探针收集信息对华为无效#】针对央视315晚会上爆出，部分公司利用探针盒子自动收集消费者信息，华为手机官方表示，旗下手机能有效的防范WiFi探针。华为称，EMUI8.0以上版本在扫描WiFi热点时携带的MAC地址都是随机生成，就算被WiFi探针获取也无法做正确的大数据匹配。O华为回应“企业利用WiFi探针收集信息”：对我们无效​", "author": "新浪科技", "time": "新浪科技03月18日15:03 来自微博weibo.com", "transmit": 141, "comment": 71, "zan": 470, "sentiment": [{"positive_prob": 0.178221, "confidence": 0.603954, "negative_prob": 0.821779, "sentiment": 0}]}, {"text": "领航不仅需要预见未来的能力，更需要稳扎稳打、砥砺前行。对@华为中国“选择是你的权利，可靠是我的承诺”这组海报，十分有感。你对#我的态度#怎么看？​​​​", "author": "新周刊", "time": "新周刊03月18日14:00 来自微博weibo.com", "transmit": 14, "comment": 18, "zan": 46, "sentiment": [{"positive_prob": 0.527321, "confidence": 0.453588, "negative_prob": 0.472679, "sentiment": 1}]}, {"text": "#2019中国消费者品牌榜#支付宝、海尔、盒马生鲜、欧莱雅、格力、茅台、联想、伊利、华为、美的……各行业NO.1齐聚PK！你支持谁？每日经济新闻美好商业研究中心在315期间评选出#2019中国消费者品牌榜#，敬请关注！感谢@苏宁易购@商道纵横的大力支持，详情点击链接O消费是拉动中国经济的最重要的马车，而消费升级和消费分级成为新的主题。一年一度315，315正成为消费者的节日。《每日经济新闻》美好商业研究中心在315期间为全国消费者奉献厚礼，通过消费者网友投票、行业专家投票、企业社会责任专家投票等方法评选出2019中国消费者品牌榜，并在3月15日出版《消费分级！2019中国消费新趋势报告》特刊。我们希望通过这样的活动，给315赋予新的含义​", "author": "每日经济新闻", "time": "每日经济新闻03月18日11:30 来自HUAWEIMate20", "transmit": 42, "comment": 23, "zan": 54, "sentiment": [{"positive_prob": 0.969242, "confidence": 0.931649, "negative_prob": 0.0307578, "sentiment": 2}]}, {"text": "华为手机质量究竟有多好，好到你难以想象！LIT大智的微博视频​", "author": "IT大智", "time": "IT大智03月18日20:05", "transmit": 37, "comment": 166, "zan": 361, "sentiment": [{"positive_prob": 0.275005, "confidence": 0.388878, "negative_prob": 0.724995, "sentiment": 0}]}, {"text": "七周年，迈向新赛道，助力智慧全场景。@华为商城，未来可期，生日快乐！#华为商城318周年庆#​", "author": "余承东", "time": "余承东03月18日21:19 来自华为Mate20保时捷设计", "transmit": 38, "comment": 258, "zan": 992, "sentiment": [{"positive_prob": 0.908768, "confidence": 0.797263, "negative_prob": 0.0912318, "sentiment": 2}]}, {"text": "去福州的路上，到处都有@华为云的陪伴@全国机场华为中国生态伙伴大会，3月21日-22日，福州见！​", "author": "华为中国", "time": "华为中国03月18日09:32 来自微博weibo.com", "transmit": 7, "comment": 18, "zan": 194, "sentiment": [{"positive_prob": 0.809978, "confidence": 0.577729, "negative_prob": 0.190022, "sentiment": 2}]}, {"text": "【外媒：不顾美国反对德澳铁路都将采用华为设备】新加坡《联合早报》：德国铁路股份公司反对排除中国华为公司参与通讯系统更新工程，未来通讯网络中将使用华为技术。另外，澳大利亚政府日前已批准华为为澳大利亚铁路提供数字通信系统，尽管美国企图阻止其实施——O外媒：不顾美国反对德澳铁路都将采用华为设备​", "author": "参考消息", "time": "参考消息03月18日12:05 来自微博weibo.com", "transmit": 52, "comment": 26, "zan": 121, "sentiment": [{"positive_prob": 0.95391, "confidence": 0.897577, "negative_prob": 0.0460902, "sentiment": 2}]}, {"text": "【华为不做电视了？余承东：传统家电坚决不做】华为消费者业务CEO余承东对于“华为要做电视”的传言回应称，华为不会做传统的电视产品，但会做一些具备电视功能的智能大屏产品，将突破现在市面上传统智能电视的常规性，甚至会取代传统电视。难道是一款55英寸的华为手机？O华为不做电视了？余承东：传统家电坚决不做​", "author": "新浪科技", "time": "新浪科技03月18日08:54 来自微博weibo.com", "transmit": 29, "comment": 46, "zan": 73, "sentiment": [{"positive_prob": 0.0890897, "confidence": 0.802023, "negative_prob": 0.91091, "sentiment": 0}]}, {"text": "今天想到一个问题，华为、小米、魅族三个品牌，你们觉得他们各自最大的缺点是什么？​", "author": "C科技", "time": "C科技03月18日08:51", "transmit": 33, "comment": 537, "zan": 206, "sentiment": [{"positive_prob": 0.217805, "confidence": 0.515989, "negative_prob": 0.782195, "sentiment": 0}]}, {"text": "去福州的路上，到处都有我的陪伴@全国机场。华为中国生态伙伴大会，3月21日-22日，智能进化！#华为云#​", "author": "华为云", "time": "华为云03月18日09:43 来自HUAWEIP20", "transmit": 33, "comment": 24, "zan": 205, "sentiment": [{"positive_prob": 0.901758, "confidence": 0.781685, "negative_prob": 0.098242, "sentiment": 2}]}, {"text": "【德澳铁路系统要采用华为设备专家:产品好是关键】“德国铁路借助华为实现全面数字化!”德国《图片报》17日报道称，该国将于19日开始拍卖5G频谱许可证，在这个关键时刻，媒体爆出中国华为已获得该国铁路5G订单的消息。无独有偶，澳大利亚媒体近日也报道证实，西澳大利亚州政府与华为的铁路通信设备合同将继续进行。中国通信业专家项立刚17日表示，这两个例子充分证明，做出好的产品才是关键，国际上的政治声音会对一些国家产生影响，但不会是决定性的。O德澳铁路系统要采用华为设备专家:产品好是关键", "author": "凤凰网财经", "time": "凤凰网财经03月18日08:20", "transmit": 27, "comment": 41, "zan": 176, "sentiment": [{"positive_prob": 0.9168, "confidence": 0.815112, "negative_prob": 0.0831997, "sentiment": 2}]}, {"text": "【美媒：中国手机创新强，但美国人买不到】著名科技媒体theverge称，美国的手机创新已经落后于中国，在美国苹果和三星占据了75%市场份额，当美国人用刘海屏时，中国人已经用上了水滴屏、挖孔屏、滑盖全面屏、双屏手机，但美国人只能选苹果三星和落后的LG！华为、小米、oppo最近推折叠屏手机，美国还是没有！", "author": "C科技", "time": "C科技03月18日10:58", "transmit": 10, "comment": 123, "zan": 145, "sentiment": [{"positive_prob": 0.85886, "confidence": 0.686356, "negative_prob": 0.14114, "sentiment": 2}]}, {"text": "选择是你的权利，可靠是我的承诺。对于合作伙伴，这就是#我的态度#，选择#华为云#更可靠。​", "author": "华为云", "time": "华为云03月18日11:35 来自HUAWEIP20", "transmit": 46, "comment": 35, "zan": 237, "sentiment": [{"positive_prob": 0.596972, "confidence": 0.104382, "negative_prob": 0.403028, "sentiment": 2}]}, {"text": "【美媒大赞华为OPPO可折叠手机即将让美国人嫉妒不已】美国知名科技媒体TheVerge报道称，美国在手机设计上落后了，可折叠手机就是证明。Oppo和华为等公司的旗舰产品正日益成为世界上最好的硬件设备之一，而美国手机设计的乏味则损害了创新。中国手机一直在挑战极限，而苹果和三星的硬件根本不具备这种能力。O美媒大赞华为OPPO可折叠手机即将让美国人嫉妒不已", "author": "环球市场播报", "time": "环球市场播报03月18日04:42 来自微博weibo.com", "transmit": 37, "comment": 29, "zan": 70, "sentiment": [{"positive_prob": 0.938416, "confidence": 0.863146, "negative_prob": 0.0615844, "sentiment": 2}]}, {"text": "华为“久久续航”原装电池一口价更换服务再次上线啦！71款机型都可支持，详情猛戳这儿→O网页链接​", "author": "华为手机", "time": "华为手机03月18日12:24 来自微博weibo.com", "transmit": 52, "comment": 157, "zan": 371, "sentiment": [{"positive_prob": 0.81401, "confidence": 0.586689, "negative_prob": 0.18599, "sentiment": 2}]}, {"text": "#美国启动6g研发##金博士点评#昨天我谈到：美国从提出5G概念到商业化测试市场整整10年了，6G的技術论证2013年就开始了，美国只是深藏不露，不像国內媒体和公司从研发期开始就满世界嚷嚷，引发竟爭对手高度警觉，实施反制行動，万一失败了咋辦？是的，华为5G先走一步，但美日西方拒絕准入，自个的5G6G誰知哪一天空降？事實上，近日美国政府下属的联邦通信委员会（FCC）已经开始为6G研发在无线电频率方面铺好道路。下面是相关报道。联邦通信委员会一致投票决定开放“太赫兹波”频率段，有朝一日，该频率段可能用于6G服务。该频率段在95千兆赫(Ghz)到3太赫兹(Thz)范围内，将开放提供6G实验使用，让梦想下一代无线技术的工程师开始他们的研发工作。联邦通信委员会主席潘基特在一份声明中说：“今天，我们朝着有效利用这一频率段迈出了一大步。这将给创新者强有力的激励，鼓励他们利用这些电波开发新技术，同时保护现有用途。AT＆T的竞争对手威瑞森（Verizon）将是首家销售三星GalaxyS105G的美国运营商。该公司下月将在芝加哥和明尼阿波利斯推出移动5G商用服务。与此同时，排名第三的美国移动运营商T-Mobile表示，它将在30个城市推出5G服务，而排名第四的Sprint将于2019年在9个城市推出服务。美国所有四家全国性移动运营商都将在今年之内实现5G网络的商用。在4G时代，手机上网的速度为几十兆或几百兆（Mbps），而在5G时代，手机上网将实现传统光纤网络的速度，为几千兆水平，一部电影能够在几秒钟内下载完成。在6G时代，手机上网速度将提升到怎样的水平，尚不得而知。2美国·圣克拉拉", "author": "克里斯托夫-金", "time": "克里斯托夫-金03月18日07:39 来自iPhone7Plus", "transmit": 94, "comment": 80, "zan": 55, "sentiment": [{"positive_prob": 0.958555, "confidence": 0.907901, "negative_prob": 0.0414446, "sentiment": 2}]}, {"text": "【转评抽送蓝牙对耳一副】联盟君之前征集了盟友们关于ARVR应用场景的设想，宇宙、海洋、天空……大家都对神秘未知的领域充满向往。#HUAWEIDeveloperDay#广州站将为大家揭晓@华为开发者联盟DIGIX极客AR/VR创新应用创新大赛十强获奖作品，还有多位行业大咖现场解析服务支持、应用打造等相关问题。戳这里O网页链接回顾十强作品，十万元大奖你最看好谁？评论说说吧~", "author": "华为开发者联盟", "time": "华为开发者联盟03月18日17:20 来自微博weibo.com", "transmit": 333, "comment": 278, "zan": 161, "sentiment": [{"positive_prob": 0.958721, "confidence": 0.908268, "negative_prob": 0.0412794, "sentiment": 2}]}, {"text": "#华说早安#等了好久终于等到今天。#华为商城318周年庆#​", "author": "华为商城", "time": "华为商城03月18日09:20 来自nova4自拍极点全面屏", "transmit": 13, "comment": 84, "zan": 173, "sentiment": [{"positive_prob": 0.766713, "confidence": 0.481584, "negative_prob": 0.233287, "sentiment": 2}]}, {"text": "【澳大利亚批准华为提供铁路通信设备，项目价值2亿澳元】据《澳大利亚人报》报道，西澳大利亚州政府与华为价值2.05亿澳元合同将不受影响继续进行。交通部长丽塔·萨菲奥蒂13日告知议会称公共交通管理局已收到华为的确认，能够交付这一项目，美国的禁令以及刑事指控不会对此造成影响O澳大利亚批准华为提供铁路通信设备，项目价值2亿澳元​", "author": "界面新闻", "time": "界面新闻03月18日08:27 来自微博HTML5版", "transmit": 10, "comment": 10, "zan": 31, "sentiment": [{"positive_prob": 0.17967, "confidence": 0.600733, "negative_prob": 0.82033, "sentiment": 0}]}, {"text": "【美国启动6G研发特朗普喊话：尽快部署】腾讯科技援引外媒报道，美国政府下属的联邦通信委员会（FCC）已开始为6G研发在无线电频率方面铺好道路。近日，联邦通信委员会一致投票决定开放“太赫兹波”频率段，有朝一日，该频率段可能用于6G服务。上个月，特朗普在推特上表示，他希望看到“5G甚至6G网络技术”尽快在美国部署。L老板联播的秒拍视频", "author": "电脑报", "time": "电脑报03月18日08:25", "transmit": 25, "comment": 18, "zan": 16, "sentiment": [{"positive_prob": 0.829368, "confidence": 0.620819, "negative_prob": 0.170632, "sentiment": 2}]}, {"text": "德澳铁路系统都要采用华为设备专家：产品好才是关键。就说一句：独家技术真是爽，一投标能满足好像就是华为，你不买能咋的，又不是美帝那种发神经的。“德国铁路借助华为实现全面数字化!”德国《图片报》17日报道称，该国将于19日开始拍卖5G频谱许可证，在这个关键时刻，媒体爆出中国华为已获得该国铁路5G订单的消息。无独有偶，澳大利亚媒体近日也报道证实，西澳大利亚州政府与华为的铁路通信设备合同将继续进行。中国通信业专家项立刚17日对《环球时报》表示，这两个例子充分证明，做出好的产品才是关键，国际上的政治声音会对一些国家产生影响，但不会是决定性的。德国《商报》最先报道这一消息，称华为一直是德国铁路的重要通信设备供应商。作为国有企业，德国铁路股份公司拥有高度敏感的铁路信号网络，其安全级别为“一级”。该网络调控着德国境内以及通往境外的铁路交通。瑞士《每日导报》17日则报道称，美国政府曾写信给瑞士政府，要求瑞士放弃使用华为，但瑞士政府并不打算屈服于美国的压力。瑞士政府表示，该国有相关法律规定，但这些不会影响其从国外供应商采购网络设备。政府称，保护基础设施的安全是各公司的责任。据称，瑞士主要运营公司之一SUNRISE已与华为签订建设5G网络的合同。O德澳铁路系统都要采用华为设备专家：产品好才是关键", "author": "HW前HR", "time": "HW前HR03月18日08:03 来自HUAWEIMate20Pro", "transmit": 9, "comment": 30, "zan": 103, "sentiment": [{"positive_prob": 0.946068, "confidence": 0.880151, "negative_prob": 0.0539322, "sentiment": 2}]}, {"text": "如果早点遇到TA，我的马甲线应该已经练出来了#华为WatchGT#L华为终端官方微博的秒拍视频​", "author": "华为终端官方微博", "time": "华为终端官方微博03月18日18:00 来自秒拍网页版", "transmit": 24, "comment": 68, "zan": 380, "sentiment": [{"positive_prob": 0.494705, "confidence": 0.894107, "negative_prob": 0.505295, "sentiment": 1}]}, {"text": "#美国启动6g研发#O美国启动6G研发带来的启发！中国在4G、5G以技术上处在绝对领先地位。让一些强国惧怕就说明一切了。一个不利因素是锋芒过露后已经引起打压，未来国际环境并不乐观。除了技术上以外，中国的华为等企业如何说服在安全问题上让各国放心这是一个关键。而这个难度又非常之大。着手6G研发也应该列入日程！", "author": "余丰慧", "time": "余丰慧03月18日09:19 来自iPhone8Plus", "transmit": 83, "comment": 54, "zan": 39, "sentiment": [{"positive_prob": 0.986053, "confidence": 0.969006, "negative_prob": 0.0139475, "sentiment": 2}]}, {"text": "【新加坡国大法学院副教授王江雨：美以金融欺诈案包装对华为政治打压】新加坡国立大学法学院副教授王江雨认为，美国政府以华为公司违反对伊朗的经济制裁，要求加拿大协助逮捕并引渡华为副董事长孟晚舟，其实是用金融欺诈案来包装对华为的政治打压。O新加坡国大法学院副教授王江雨：美以金融欺诈案包装对华为政治打压​", "author": "早报网", "time": "早报网03月18日08:09 来自微博weibo.com", "transmit": 31, "comment": 91, "zan": 75, "sentiment": [{"positive_prob": 0.956189, "confidence": 0.902642, "negative_prob": 0.0438111, "sentiment": 2}]}, {"text": "【#美国启动6G研发#特朗普喊话：尽快部署】腾讯科技援引外媒报道，美国政府下属的联邦通信委员会(FCC)已经开始为6G研发在无线电频率方面铺好道路。周五，联邦通信委员会一致投票决定开放“太赫兹波”频率段，有朝一日，该频率段可能用于6G服务。特朗普在帖子中表示，他希望看到“5G甚至6G网络技术”尽快在美国部署。L老板联播的秒拍视频", "author": "中国经济网", "time": "中国经济网03月18日09:20 来自微博weibo.com", "transmit": 21, "comment": 16, "zan": 18, "sentiment": [{"positive_prob": 0.913817, "confidence": 0.808482, "negative_prob": 0.0861831, "sentiment": 2}]}, {"text": "华为折叠屏手机MateX高清上手，美不美？想不想要？LC科技的秒拍视频（O网页链接）​", "author": "C科技", "time": "C科技03月18日14:10 来自秒拍客户端", "transmit": 41, "comment": 127, "zan": 421, "sentiment": [{"positive_prob": 0.895895, "confidence": 0.768656, "negative_prob": 0.104105, "sentiment": 2}]}, {"text": "【#美国启动6G研发#，特朗普喊话：尽快部署】腾讯科技援引外媒报道，美国政府下属的联邦通信委员会（FCC）已经开始为6G研发在无线电频率方面铺好道路。上周五，联邦通信委员会一致投票决定开放“太赫兹波”频率段，有朝一日，该频率段可能用于6G服务。该频率段在95千兆赫到3太赫兹范围内，将开放提供6G实验使用，让梦想下一代无线技术的工程师开始他们的研发工作。上个月，特朗普(DonaldTrump)总统在推特网站上提到的6G。特朗普在帖子中表示，他希望看到“5G甚至6G网络技术”尽快在美国部署。L老板联播的秒拍视频", "author": "中国企业家杂志", "time": "中国企业家杂志03月18日09:40 来自微博weibo.com", "transmit": 13, "comment": 8, "zan": 11, "sentiment": [{"positive_prob": 0.967952, "confidence": 0.928782, "negative_prob": 0.0320481, "sentiment": 2}]}]