[{"text": "【#华为内部员工信#:家人以前劝我离职现在劝不要当逃兵】华为心声社区发布了内部员工信《我们·华为人》，分享了华为员工的故事。有员工表示，无论我们从事什么岗位，无论我们在哪里，最重要的还是把自己能做的事情做好。还有员工表示，家人以前劝我离职，现在劝我不要当逃兵。O华为内部员工信:家人以前劝我离职现在劝不要当逃兵​", "author": "新浪科技", "time": "新浪科技05月23日17:45 来自微博weibo.com", "transmit": 10389, "comment": 6659, "zan": 60552, "sentiment": [{"positive_prob": 0.0154813, "confidence": 0.965597, "negative_prob": 0.984519, "sentiment": 0}]}, {"text": "【多国企业澄清未对华为“断供”中方：心胸有多大天地就有多大】近来不断出现一些有关外国企业因美国政府限制措施采取对华为公司“断供”的报道。但昨天又看到，多国企业发表声明称并未停止向华为供货。对此，陆慷回应：世人从华为的开放、坚毅与气度能够看到，心胸有多大，天地就有多大。一些华为合作伙伴迅速澄清所作的表态，再次表明任何国家的企业都不会罔顾切身利益、轻易盲从他国出于一己私利的政治调度。事实上，绝大多数国家都还没有忘记法国阿尔斯通公司的前车之鉴，对美国政府运用国家力量打压他国企业、干扰市场运行、阻挠他国互利合作的行径始终保持着高度警惕。我们也希望各国都能够继续为中国企业提供公平、公正、稳定、可预期的营商环境，相信这也符合这些国家的根本和长远利益。（肖新新）", "author": "人民日报", "time": "人民日报05月23日17:02 来自微博weibo.com", "transmit": 5029, "comment": 6720, "zan": 38976, "sentiment": [{"positive_prob": 0.953541, "confidence": 0.896758, "negative_prob": 0.0464587, "sentiment": 2}]}, {"text": "【美媒：#华为苹果二选一#，中国人可能会选华为，你选谁？】5月22日，彭博社报道称，中国人热爱华为，如果让他们在华为和苹果设备中二选一，中国人很可能会因为美国限制华为事件而选择华为。另外，苹果如果因此重建供应链需要5-10年时间，涉及全球供应网络，并不仅是把手机生产线搬出富士康这么简单。L老板联播的秒拍视频", "author": "新浪财经", "time": "新浪财经05月23日18:39 来自微博weibo.com", "transmit": 697, "comment": 2597, "zan": 9729, "sentiment": [{"positive_prob": 0.935393, "confidence": 0.85643, "negative_prob": 0.0646066, "sentiment": 2}]}, {"text": "#英国电信华为#【#英国运营商暂停开售华为5G手机#：我们不得不这么做】当地时间周三，英国两大主流通讯运营商EE和Vodafone相继宣布“暂停”开售华为5G手机，据悉，此举是受谷歌暂停支持华为部分业务的影响。EE董事长MarcAllera回应称，公司“暂停”开售华为5G手机是因为华为目前不能“确保”其服务能够支持长期的手机合约，“我们不得不这么做”。（来源：@中国日报）L中报视频的秒拍视频", "author": "新浪财经", "time": "新浪财经05月23日07:07 来自微博weibo.com", "transmit": 2037, "comment": 6926, "zan": 6392, "sentiment": [{"positive_prob": 0.968712, "confidence": 0.930471, "negative_prob": 0.0312879, "sentiment": 2}]}, {"text": "【外交部谈任正非接受专访内容：心胸有多大，天地就有多大】外交部发言人陆慷22日在回应一些外国公司没有对华为“断供”时指出，近日华为创始人任正非先生接受媒体采访的报道在国内外引起广泛好评。世人从华为的开放、坚毅与气度能够看到，心胸有多大，天地就有多大。任何国家的企业不会轻易盲从他国出于一己之力的政治调度，各国为中国企业提供公平的营商环境符合自身根本利益。（央视记者朱若梦）L央视新闻的秒拍视频", "author": "央视新闻", "time": "央视新闻05月23日17:13 来自微博weibo.com", "transmit": 631, "comment": 442, "zan": 4642, "sentiment": [{"positive_prob": 0.946528, "confidence": 0.881174, "negative_prob": 0.0534715, "sentiment": 2}]}, {"text": "#华为内部员工信#【9张照片带你了解真实的华为】近日，华为向外媒公开了一组照片，希望外国友人能了解更真实的华为：1）午餐休息时间一名华为员工在他的小隔间里休息。2）工程师在深圳华为工厂的研发区域进行热测试。3）深圳的坂田园区的监视器上可以看到人脸识别下的员工。4）华为网络安全实验室的一名工作人员在专注的工作。5）华为向媒体展示东莞网络安全实验室的服务器单元。6）员工下班后在员工住所的休闲区锻炼身体。7）华为东莞的欧洲式研发园区鸟瞰图。8）员工在东莞园区共进午餐时一直低头看手机。9）员工工作日下班的场景。#华为#", "author": "甲历史", "time": "甲历史05月23日17:52 来自甲历史的Android", "transmit": 815, "comment": 4382, "zan": 8978, "sentiment": [{"positive_prob": 0.976424, "confidence": 0.947609, "negative_prob": 0.023576, "sentiment": 2}]}, {"text": "#松下否认断供华为#【松下“严正声明”：对华为供货正常，为中国事业发展添砖加瓦】刚刚，环球网编辑部收到松下集团发来的“严正声明”（后在其官网上发布），否认“断供华为”。以下是声明全文：目前松下集团向华为公司供货正常，对于网络媒体上所提及的\"断供“等表述均为不实之辞，华为是松下一直以来的重要合作伙伴，我们将严格遵守松下所在国家和地区的相关法律及合规条例的基础上，持续向华为等中国客户销售商品和提供服务，在中国贡献松下集团的微薄之力，为中国事业发展添砖加瓦。", "author": "环球网", "time": "环球网05月23日11:23 来自微博weibo.com", "transmit": 1668, "comment": 1923, "zan": 9867, "sentiment": [{"positive_prob": 0.985254, "confidence": 0.967231, "negative_prob": 0.014746, "sentiment": 2}]}, {"text": "【外交部：磋商必须抱有诚意美无端打压中企对经贸磋商不利】近期有报道称，华为、大疆、海康威视等中国高科技企业面临来自美国的技术供应限制措施。与此同时，美国财长姆努钦又表示，美对与中方举行新一轮磋商持开放态度，希望中美能重回谈判桌。对此，发言人陆慷表示，中方的大门是敞开的，但磋商必须抱有诚意。美国出于政治目的、动用国家力量无端打压中国科技企业，严重影响全球科技发展与合作，不利于为磋商营造一个良好的氛围。（央视记者朱若梦）L央视新闻的秒拍视频", "author": "央视新闻", "time": "央视新闻05月23日17:43 来自微博weibo.com", "transmit": 430, "comment": 560, "zan": 2802, "sentiment": [{"positive_prob": 0.975721, "confidence": 0.946046, "negative_prob": 0.0242793, "sentiment": 2}]}, {"text": "#华为回应松下断供报道#【松下严正声明否认“断供华为”，华为回应：感谢支持】今天早些时候，环球网编辑部收到松下集团发来的“严正声明”，称华为是重要合作伙伴，否认断供。刚刚，华为就此事发表回应，认为媒体对华为与松下供应链关系做出了不实报道。以下是回应全文：松下是华为重要的合作伙伴，双方在多领域展开密切合作。松下集团与华为公司的所有业务合作持续正常开展。感谢松下集团对华为的一贯支持。同时，我们也感谢所有长期以来支持华为业务发展的全球供应商伙伴！#华为回应松下否认断供声明##华为回应松下事件##松下否认断供华为#", "author": "环球网", "time": "环球网05月23日12:43 来自微博weibo.com", "transmit": 950, "comment": 1380, "zan": 9962, "sentiment": [{"positive_prob": 0.968016, "confidence": 0.928925, "negative_prob": 0.0319836, "sentiment": 2}]}, {"text": "#松下否认断供华为#【松下“严重声明”：对华为供货正常，为中国事业发展添砖加瓦】刚刚，环球网编辑部收到松下集团发来的“郑重声明”，否认“断供华为”。以下是声明全文：郑重声明！目前松下集团向华为公司供货正常，对于网络媒体上所提及的断货等表现均为不实之词，华为是松下一直以来的重要合作伙伴，我们将严格遵守松下所在国家和地区的相关法律及合规条例的基础上持续向华为等中国客户销售商品和提供服务，在中国贡献我们松下集团的微薄之力，为中国事业发展添砖加瓦。（环球网）", "author": "头条新闻", "time": "头条新闻05月23日11:24 来自微博weibo.com", "transmit": 960, "comment": 1621, "zan": 4539, "sentiment": [{"positive_prob": 0.973233, "confidence": 0.940519, "negative_prob": 0.0267666, "sentiment": 2}]}, {"text": "【辟谣！松下声明：对华为公司供货正常华为也回应了】23日，@Panasonic松下中国发布严正声明：目前松下集团向华为公司供货正常，对于网络媒体上所提及的“断供”等表述均为不实之词。对此，华为回应表示：松下集团与华为公司的所有业务合作持续正常开展。感谢松下集团对华为的一贯支持。​", "author": "人民日报", "time": "人民日报05月23日14:21 来自新媒体聚合平台", "transmit": 651, "comment": 900, "zan": 5265, "sentiment": [{"positive_prob": 0.985528, "confidence": 0.96784, "negative_prob": 0.0144718, "sentiment": 2}]}, {"text": "是不是每个孩子都希望拿上金箍棒，成为像悟空那样的英雄？这次，@蔡成杰导演用#华为P30#Pro零外接镜头创作了一部竖屏电影《悟空》，戳视频，看一个小朋友的“悟空梦”！说说看，关于“悟空”，你有哪些难忘的记忆_____？#未来影像#L华为终端官方微博的微博视频​", "author": "华为终端官方微博", "time": "华为终端官方微博05月23日11:17 来自微博视频", "transmit": 13022, "comment": 3417, "zan": 27743, "sentiment": [{"positive_prob": 0.929586, "confidence": 0.843525, "negative_prob": 0.0704136, "sentiment": 2}]}, {"text": "【#杨元庆谈华为事件#】5月23日，联想18/19财年第四季度财报会议上，杨元庆被问及华为事件时称：联想是一家源自中国的跨国公司，从未有过安全问题，一直遵守当地的法律法规，同时也是一家非常透明的、多元化的跨国公司。L五环短视频的秒拍视频​", "author": "新浪财经", "time": "新浪财经05月23日22:35 来自微博weibo.com", "transmit": 702, "comment": 1792, "zan": 463, "sentiment": [{"positive_prob": 0.108702, "confidence": 0.75844, "negative_prob": 0.891298, "sentiment": 0}]}, {"text": "【#倪光南谈华为联想#：联想路线不对，华为研发投入是联想10倍】2018年12月23日北大光华新年论坛上，中国工程院院士、联想前总工程师@倪光南院士曾表示，联想与华为这30年犹如“龟兔赛跑”。联想估值曾一度是华为的5倍，而现在华为估值已是联想的50倍。倪光南归结为联想“路线不对”“知识产权0股权”，而华为做得都很好。@老板联播L老板联播的秒拍视频", "author": "新浪财经", "time": "新浪财经05月23日13:05 来自微博weibo.com", "transmit": 617, "comment": 801, "zan": 1005, "sentiment": [{"positive_prob": 0.164657, "confidence": 0.634095, "negative_prob": 0.835343, "sentiment": 0}]}, {"text": "面对来势汹汹的对手，电竞人从容应对；面对困难重重的局面，电竞人迎难而上。年轻一辈的电竞人同样肩负着为祖国振兴而奋斗的使命。贸易战的开启让一众优秀的民族企业面临着前所未有的压力与挑战。我们能做的便是以实际行动支持国货，也借此传达电竞精神，助他们早日度过难关。关注我们，带上关键词#支持国货，华为加油#转发+评论本条微博，我们将送出9台华为P30Pro（8GB+256GB）手机，6月1日抽出。本条微博每多一万转发，我们加送10台，至多加送9次，总计99台。中奖者可兑换等价的华为产品，但不可折现。最后，让我们一起为中国加油！JDGO抽奖详情", "author": "JDG京东电子竞技俱乐部", "time": "JDG京东电子竞技俱乐部05月23日16:22 来自微博weibo.com", "transmit": 55426, "comment": 57103, "zan": 8669, "sentiment": [{"positive_prob": 0.960152, "confidence": 0.911448, "negative_prob": 0.0398485, "sentiment": 2}]}, {"text": "【美媒：#华为苹果二选一#，中国人可能会选华为】22日，彭博社报道称，中国人热爱华为，如果让他们在华为和苹果设备中二选一，中国人很可能会因为美国限制华为事件而选择华为。另外，苹果如果因此重建供应链需要5-10年时间，涉及全球供应网络，并不仅是把手机生产线搬出富士康这么简单。L老板联播的秒拍视频", "author": "环球时报", "time": "环球时报05月23日21:10 来自微博weibo.com", "transmit": 234, "comment": 1055, "zan": 895, "sentiment": [{"positive_prob": 0.962869, "confidence": 0.917486, "negative_prob": 0.0371315, "sentiment": 2}]}, {"text": "【#华为内部员工信#：家人以前劝我离职，现在劝不要当逃兵】23日，华为心声社区发布了内部员工信《我们·华为人》，分享了华为员工的故事。有员工表示，无论我们从事什么岗位，无论我们在哪里，最重要的还是把自己能做的事情做好。还有员工表示，家人以前劝我离职，现在劝我不要当逃兵。O华为内部员工信：女朋友停止吵架，以前劝离职的家人现在劝我不要当逃兵", "author": "每日经济新闻", "time": "每日经济新闻05月23日18:26 来自微博weibo.com", "transmit": 713, "comment": 246, "zan": 933, "sentiment": [{"positive_prob": 0.0155299, "confidence": 0.965489, "negative_prob": 0.98447, "sentiment": 0}]}, {"text": "小梅花工作情怀李嘉诚再次力挺华为，助其拿下200亿5G大单！任正非：不负信任L小梅花情怀的秒拍视频​", "author": "小梅花情怀", "time": "小梅花情怀05月23日12:00 来自小梅花工作情怀超话", "transmit": 1550, "comment": 1545, "zan": 15582, "sentiment": [{"positive_prob": 0.90665, "confidence": 0.792556, "negative_prob": 0.0933499, "sentiment": 2}]}, {"text": "华为总裁任正非老爷子这段发言真的太有水平了！沉舟侧畔千帆过，病树前头万木春！这胸襟！这气度！真的是大格局大智慧👍坚韧又豁达👍👍​", "author": "开八", "time": "开八05月23日23:23", "transmit": 666, "comment": 880, "zan": 2844, "sentiment": [{"positive_prob": 0.34358, "confidence": 0.236488, "negative_prob": 0.65642, "sentiment": 0}]}, {"text": "#松下否认断供华为#【松下“严重声明”：对华为供货正常，为中国事业发展添砖加瓦】刚刚，环球网编辑部收到松下集团发来的“严重声明”，否认“断供华为”。以下是声明全文：严重声明！目前松下集团向华为公司供货正常，对于网络媒体上所提及的断货等表现均为不实之词，华为是松下一直以来的重要合作伙伴，我们将严格遵守松下所在国家和地区的相关法律及合规条例的基础上持续向华为等中国客户销售商品和提供服务，在中国贡献我们松下集团的微薄之力，为中国事业发展添砖加瓦。", "author": "环球时报", "time": "环球时报05月23日11:29 来自微博weibo.com", "transmit": 569, "comment": 570, "zan": 1390, "sentiment": [{"positive_prob": 0.808082, "confidence": 0.573515, "negative_prob": 0.191918, "sentiment": 2}]}, {"text": "#英国电信华为#美国全力打压的企业一定是值得中华民族骄傲的企业#松下华为##华为回应ARM暂停合作#L斯道的微博视频​", "author": "斯道", "time": "斯道05月23日10:45", "transmit": 3567, "comment": 7447, "zan": 35439, "sentiment": [{"positive_prob": 0.980241, "confidence": 0.956091, "negative_prob": 0.019759, "sentiment": 2}]}, {"text": "#英国电信华为#某国就是A国的狗！！！狗估计都会说你能别捎上我么​", "author": "张雪峰老师", "time": "张雪峰老师05月23日09:27 来自HUAWEIMate20Pro", "transmit": 51, "comment": 733, "zan": 3875, "sentiment": [{"positive_prob": 0.534669, "confidence": 0.306612, "negative_prob": 0.465331, "sentiment": 1}]}, {"text": "【#松下否认断供华为#：对华为供货正常，为中国事业发展添砖加瓦】刚刚，环球网编辑部收到松下集团发来的“郑重声明”，否认“断供华为”。以下是声明全文：目前松下集团向华为公司供货正常，对于网络媒体上所提及的断货等表现均为不实之词，华为是松下一直以来的重要合作伙伴，我们将严格遵守松下所在国家和地区的相关法律及合规条例的基础上持续向华为等中国客户销售商品和提供服务，在中国贡献我们松下集团的微薄之力，为中国事业发展添砖加瓦。（环球网）O松下否认断供华为:供货正常为中国事业发展添砖加瓦", "author": "新浪财经", "time": "新浪财经05月23日11:25 来自微博weibo.com", "transmit": 667, "comment": 629, "zan": 1108, "sentiment": [{"positive_prob": 0.959149, "confidence": 0.909221, "negative_prob": 0.0408507, "sentiment": 2}]}, {"text": "【#任正非落泪时刻#：在最近的危机时刻，美企的支持让我流泪】5月21日，任正非在华为总部接受梨视频等采访时表示，美国大量的零部件、器件厂家给了华为很大支持。在最近的危机时刻，“我流泪了，感到‘得道多助、失道寡助’。”来看看还有哪些时刻，让推崇狼性文化的任正非流泪。L老板联播的秒拍视频", "author": "新浪财经", "time": "新浪财经05月23日16:57 来自微博weibo.com", "transmit": 192, "comment": 180, "zan": 673, "sentiment": [{"positive_prob": 0.979629, "confidence": 0.954732, "negative_prob": 0.0203707, "sentiment": 2}]}, {"text": "【#松下否认断供华为#：对华为供货正常，为中国事业发展添砖加瓦】松下集团官网发布声明，否认断供华为。声明全文：目前松下集团向华为公司供货正常，对于网络媒体上所提及的断货等表现均为不实之词，华为是松下一直以来的重要合作伙伴，我们将严格遵守松下所在国家和地区的相关法律及合规条例的基础上持续向华为等中国客户销售商品和提供服务，在中国贡献我们松下集团的微薄之力，为中国事业发展添砖加瓦。O松下否认断供华为:供货正常为中国事业发展添砖加瓦", "author": "Vista看天下", "time": "Vista看天下05月23日11:38 来自微博weibo.com", "transmit": 75, "comment": 295, "zan": 539, "sentiment": [{"positive_prob": 0.962849, "confidence": 0.917441, "negative_prob": 0.0371514, "sentiment": 2}]}, {"text": "【迫于美政治压力，一些外企对华为“断供”？外交部回应】在今天的外交部例行记者会上，有记者问：近来不断出现一些有关外国企业因美国政府限制措施采取对华为公司“断供”的报道。先是有报道说英国、日本等国的一些通讯企业日前终止或推迟了与华为的合作。但昨天我们又看到，德国英凌飞公司、日本松下集团都发表声明澄清涉及他们的谣传，声明并未停止向华为供货。英国电信运营商EE公司也重申，将继续在本国5G建设中使用华为设备。华为发言人表示，一些国际合作伙伴受到了美国的政治压力，但华为对克服困难、持续发展充满了信心。对上述情况你有何评论？发言人陆慷答：可能你也注意到，近日华为创始人任正非先生接受媒体采访的报道在国内外引起广泛好评。世人从华为的开放、坚毅与气度能够看到，心胸有多大，天地就有多大。你刚才引述的一些华为合作伙伴迅速澄清所作的表态，再次表明任何国家的企业都不会罔顾切身利益、轻易盲从他国出于一己私利的政治调度。事实上，绝大多数国家都还没有忘记法国阿尔斯通公司的前车之鉴，对美国政府运用国家力量打压他国企业、干扰市场运行、阻挠他国互利合作的行径始终保持着高度警惕。中国政府继续支持包括华为在内的中国科技企业深化对外合作，这既有利于企业间的互利共赢，也有利于推动世界科技进步和经济发展。我们也希望各国都能够继续为中国企业提供公平、公正、稳定、可预期的营商环境，相信这也符合这些国家的根本和长远利益。（人民日报客户端）", "author": "环球时报", "time": "环球时报05月23日16:05 来自微博weibo.com", "transmit": 238, "comment": 511, "zan": 1197, "sentiment": [{"positive_prob": 0.974137, "confidence": 0.942526, "negative_prob": 0.0258632, "sentiment": 2}]}, {"text": "#胡侃#在是否参与围剿华为的问题上，美国之外的西方公司传出复杂信息。我的两个判断是，第一不太可能出现整个西方联手扼杀中国高科技企业的铁幕；第二中国企业都不应再完全依赖西方技术，自强和防范极端情况是它们持久繁荣必须有的两个轮子。L胡锡进的微博视频​", "author": "胡锡进", "time": "胡锡进05月23日21:28 来自微博weibo.com", "transmit": 512, "comment": 1275, "zan": 1558, "sentiment": [{"positive_prob": 0.326009, "confidence": 0.275535, "negative_prob": 0.673991, "sentiment": 0}]}, {"text": "【松下日本总部回应断供华为传言：不属实】松下集团公司本部刚刚对本报记者回应了“松下断供华为”传言一事，其全文如下：部分报道中有停止供给（华为产品）等表述，这是违反事实的。本公司现在正在和华为公司进行没有违反美国法令的交易，这一点和松下中国发出的声明是一致的。本（松下集团）公司严格遵守事业展开国家和地区的法令与社会规范。附日文原文：●一部報道にある「供給停止」などの表現は、事実とは異なり、当社は現在、米国の法令に反していない取引をファーウェイ社と行っています。これは、パナソニックチャイナからのコメントの通りです。●当社は事業を展開する国家と地域の法令・コンプライアンスを厳格に遵守します。（环球时报记者孙秀萍）", "author": "环球时报", "time": "环球时报05月23日19:08 来自微博weibo.com", "transmit": 606, "comment": 411, "zan": 722, "sentiment": [{"positive_prob": 0.769471, "confidence": 0.487713, "negative_prob": 0.230529, "sentiment": 2}]}, {"text": "【任正非曾怼王健林一个亿小目标：毒害青少年】近日，#任正非怼王健林一个亿小目标#火了。华为创始人兼CEO任正非曾在非公开场合表示：这个国家不能像互联网一样，一天牢骚怪话，不干活然后动不动搞个小目标就挣很多钱。这是毒害青少年，青少年还得奋斗！@五环短视频L五环短视频的秒拍视频​​​", "author": "新财富杂志", "time": "新财富杂志05月23日16:40 来自搜狗高速浏览器", "transmit": 645, "comment": 690, "zan": 4159, "sentiment": [{"positive_prob": 0.614491, "confidence": 0.143314, "negative_prob": 0.385509, "sentiment": 2}]}, {"text": "【外交部谈任正非接受专访内容：心胸有多大，天地就有多大】外交部发言人陆慷22日在回应一些外国公司没有对华为“断供”时指出，近日华为创始人任正非先生接受媒体采访的报道在国内外引起广泛好评。世人从华为的开放、坚毅与气度能够看到，心胸有多大，天地就有多大。任何国家的企业不会轻易盲从他国出于一己之力的政治调度，各国为中国企业提供公平的营商环境符合自身根本利益。（央视记者朱若梦）L央视新闻的秒拍视频", "author": "新浪财经", "time": "新浪财经05月23日21:43 来自微博weibo.com", "transmit": 168, "comment": 39, "zan": 585, "sentiment": [{"positive_prob": 0.946528, "confidence": 0.881174, "negative_prob": 0.0534715, "sentiment": 2}]}]