[{"text": "【跟风？高校出通知#用华为手机可免费上网#一个月】12月18日，河南郑州某学校发布一则通知：凡使用华为系列手机的同学，凭手机到值班室登记，免费使用校园网一个月对此学生表示：不觉得是炒作，营销推广学生得到实惠挺好的。#你啥看法#L新浪新闻客户端的秒拍视频​", "author": "新浪新闻客户端", "time": "新浪新闻客户端2018年12月21日11:22 来自微博云剪", "transmit": 1001, "comment": 2351, "zan": 5373}, {"text": "【庭审为何落泪？孟晚舟日记首次回应】#孟晚舟回应庭审落泪#记者21日从华为公司拿到一份孟晚舟女士近日写的日记，是她看到日本居民来信后的首次个人回应。她在日记中写道：保释那天律师说，不少陌生人打电话表示愿意用自己的财产为我担保。他们根本不认识我，但他们知道华为，认可华为，愿意相信我。听着律师这番话，我禁不住泪流满面——不是为自己，而是为这么多人愿意相信我，愿意信任我的陌生人。（北京日报）", "author": "中国新闻网", "time": "中国新闻网2018年12月21日11:47 来自微博weibo.com", "transmit": 160, "comment": 1226, "zan": 2274}, {"text": "【获保释后，孟晚舟写下日记：人间自有真情在】据华为，孟晚舟有写日记的习惯，且长年坚持。这是一篇她写于2018年12月19日的日记（当地时间12月1日被加拿大拘押，12日获得保释），以下为全文。人间自有真情在——#孟晚舟日记#一则昨天晚上，一封日本人的来信，在朋友圈内小小地刷屏，着实让我温暖了一把!还是那句说过无数遍的话，人间自有真情在，当自己遇到危难的时候，才知道曾经被这么多的陌生人关爱着。保释的那天，在法庭等着办手续，律师跟我聊天说，有不少陌生人打电话到律师事务所，说愿意用自己的财产为我担保，既使他们根本不认识我，甚至他们不知道我，但是他们知道华为，他们认可华为，所以他们也愿意相信我。我的律师说，他从业四十几年，还从来没见过，这样愿意为陌生人担保的事。听着律师的这番话，我禁不住泪流满面，泣不成声，不是为自己，而是为这么多人愿意相信我，愿意信任我的陌生人。日本福岛地震的时候，我正好在美国IBM总部，参加为期一周的Workshop，正为是否启动IFS变革，以及IFS变革的范围，与IBM资深财务专家进行最后一轮详细沟通。那个时候，公司刚刚决定将所有的应急预案交给财经来负责，包括战争、瘟疫、动乱、地震什么的，由财经与业务团队共同制定各种场景下的应急预案，平日里组织演练，以便灾难发生时能够迅速启动预案，公司各个部门也能按照预案的设计快速集结、快速响应。因为我在美国确实走不开，让孙总一个人去了趟日本。从美国回来后，把我们在美国Workshop的收获，组织财务的同事们进行分享和讨论，大家达成基本共识，形成可以与IBM沟通的财经变革的思路后，我就定机票去了东京，到日本代表处去跟大家开会，讨论灾后重建的工作安排，包括客户网络的抢修，以及我们自己的日常运行。在我去日本之前，公司的应急工作组已经成立，孙总也刚从日本回来，也没有什么太多需要我做的事情，我就是跟日本代表处把震后两周的工作再次梳理了一下，跟大家在一起把工作顺序核对了一下，自己也记了很多笔记。日本地震，是财经组织第一次接触危机预案的设计及实施，虽然，在那次日本地震的灾后重建工作中，我们的不少环节在协作上存在这样或那样的障碍，但帮我们积累了非常宝贵的经验。几年之后的尼泊尔地震，我们的危机预案完全能够及时和充分地支撑着灾后严建工作，也得到了尼泊尔客户的高度赞扬。这次经历，我很少提起，也没什么可自豪的，只是我的份内工作而己。好人终有好报，没想到，八年之后，这份回报以一个普通日本人的来信展现在我面前，让我的心里充满了无比的自豪与宽慰。自豪，是因为在那份不确定下，我踏上了去日本的航班，勇敢不是因为不害怕，而是心中坚守的信念；宽慰，是因为上苍始终能看到我们的努力，也从不忽略我们付出的努力。", "author": "环球时报", "time": "环球时报2018年12月21日10:53 来自微博weibo.com", "transmit": 208, "comment": 185, "zan": 1401}, {"text": "将“AI”收入盒里、放进心里，华为产品大家族满载祝福而来，预祝大家都能达成#2018最后的期待#！关注并转发本微博，说说你在视频中共认出了多少个华为产品，我将抽送HUAWEIFreeBuds2无线耳机（陶瓷白）3个给大家，圣诞节当天@微博抽奖平台公布！O网页链接L华为终端公司的秒拍视频​​​", "author": "余承东", "time": "余承东2018年12月21日20:54 来自华为Mate20保时捷设计", "transmit": 1849, "comment": 1774, "zan": 1335}, {"text": "【获保释后，孟晚舟日记一则：人间自有真情在】21日，华为心声社区发表了一篇孟晚舟的日记，这也是孟女士在加拿大事件后首次发声。她从此次事件谈起，感谢了许多陌生人的信任，同时谈到17日日本市民的来信，回顾了当年的事件，感慨自己的分内工作在八年之后得到这份回报，心里充满了无比的自豪与宽慰。O孟晚舟：勇敢不是因为不害怕，而是心中坚守的信念", "author": "头条新闻", "time": "头条新闻2018年12月21日16:08 来自微博weibo.com", "transmit": 217, "comment": 545, "zan": 832}, {"text": "【高校出通知：#学生用华为手机免一个月网费#】12月18日，河南郑州。一高校贴出通知，凡使用华为手机的同学，凭手机登记后，可免费使用一个月校园网，工作人员称每天30个名额，仅限华为手机用户，学生称很实惠。@七环视频L澎湃新闻的秒拍视频​", "author": "Vista看天下", "time": "Vista看天下2018年12月21日18:20 来自微博weibo.com", "transmit": 40, "comment": 431, "zan": 244}, {"text": "【高校出通知：#学生用华为手机免一个月网费#】12月18日，河南郑州。一高校贴出通知，凡使用华为手机的同学，凭手机登记后，可免费使用一个月校园网，工作人员称每天30个名额，仅限华为手机用户，学生称很实惠。（视频来源：相关人士）@七环视频L澎湃新闻的秒拍视频​", "author": "新浪财经", "time": "新浪财经2018年12月21日15:30 来自专业版微博", "transmit": 148, "comment": 765, "zan": 250}, {"text": "【#孟晚舟日记全文#】据央视，华为心声社区今天（21日）发表了一篇华为CFO孟晚舟的日记，这也是孟女士在加拿大事件后首次发声。O孟晚舟日记全文​", "author": "新京报", "time": "新京报2018年12月21日14:06 来自微博weibo.com", "transmit": 190, "comment": 327, "zan": 513}, {"text": "【华为回击：美国用都没用过拿什么证明华为不安全？】遭西方“围堵”的华为，近日频发强势回应。继上周华为新西兰CEO范岩在新西兰先驱报发布署名文章后，华为轮值董事长胡厚崑在18日的国际媒体记者会上继续用事实说话，并点名美国：“在美国华为设备使用接近于零，拿什么证明华为设备是不安全的呢？”​", "author": "新浪军事", "time": "新浪军事2018年12月21日11:20 来自微博weibo.com", "transmit": 90, "comment": 255, "zan": 427}, {"text": "#发现中国#【用茅台调制的鸡尾酒是什么味道？隔屏干一杯！】品茅台酒，游赤水河，美国小哥艾瑞克本期带大家走进大美贵州。曾是国酒之都，今为中国数谷，在#中国改革开放40年#，华为、BAT纷纷选址这里建立数据中心，因地制宜求发展，贵州已经成为首个大数据综合试验区，找到了一条适合自己发展的道路。L中报视频的秒拍视频", "author": "中国日报", "time": "中国日报2018年12月21日10:04 来自微博weibo.com", "transmit": 71, "comment": 42, "zan": 171}, {"text": "附作品说明：1、 油画《中国角色：任正非》。此件作品完成于几月前中兴事件时期，当时预感在中美贸易战的局势下，美国也会对华为下手。背景是特朗普肆意飞舞的头发及手势，主体人物是任正非、忍辱负重、坚毅不屈，充满危机感的神态和肢体语言。画面右边附上本人创作的“以华为傲”四字。当时作品完成后正值华为的三位高管来我画室商谈部分作品的收藏事宜，他们看过此画后没任何异议。2、 油画《中国角色：孟晚舟》。背景是醒目的华为红色Logo，前面是此时沧桑、愤懑、委屈的形象，红枫叶光斑寓意其被加国拘捕。后面是正常光鲜等公众形象，通过两种形象鲜明的对比，表达对加国拘捕孟晚舟的不满和对中国明星高科技企业华为的艺术化的声援。画面右边附上本人创作的“中华有为”四字。3、 两幅书法作品。孟晚舟三字被枫叶形紧紧围困住，而上端有大开口并没有合拢，意喻事件的未结束和走向的不确定性及包含美好善意的想象结局。 这几件作品用画笔客观表现了新闻事件的发生，同时艺术形象表达鲜明、立场态度积极明确，受过正常教育及美育的人无须文字自然心领神会。近日微博有些账号钻了本人没写文字的空子，枉顾事实、恶意歪曲中伤、散布流言、制造混乱，意欲何为？", "author": "张晨初艺术空间", "time": "张晨初艺术空间2018年12月21日00:51 来自iPhoneX", "transmit": 246, "comment": 716, "zan": 156}, {"text": "华为在国外发布的最让人感动的广.告L安妮的笔录的秒拍视频​", "author": "妮妮可毒舌", "time": "妮妮可毒舌2018年12月21日22:01 来自微博weibo.com", "transmit": 193, "comment": 43, "zan": 814}, {"text": "#易烊千玺十八岁成年亦乘风##千玺在nova星等你#【时尚巅峰力量】【是我男朋友啊】少年坚定脚步从过去穿过了现在，绕过了未来缝在心海中。一路向前，闯广阔天地。写意人生，胸翻锦绣前程易烊千玺中戏，易烊千玺中戏第一，四字弟弟，易烊千玺nova，易烊千玺华为，易烊千玺野兽派，易烊千玺阿迪，易烊千玺天猫，易烊千玺好爸爸，易烊千玺沙宣，易烊千玺BottegaVenetayyqx帅yyqx可爱yyqx中戏yyqx中戏第一yyqx纪梵希yyqx天猫yyqx华为yyqx新歌yyqx舒适圈yyqx舞蹈yyqx短发yyqx发型yyqx少年的你yyqx封面@TFBOYS-易烊千玺KDon'tTieMeDown-TFBOYS-易烊千玺K亲爱的，这里没有一个人K恒温动物yyqxcasescyyqx对不起yyqx千禧龙yyqxqxlyyqxinsyyqxdvyyqx帅yyqx可爱yyqx中戏第一yyqx中戏yyqx纪梵希yyqx天猫yyqx华为yyqx新歌yyqx舒适圈yyqx舞蹈yyqx短发", "author": "易米烊光的距离", "time": "易米烊光的距离2018年12月21日08:48 来自易烊千玺超话", "transmit": 24, "comment": 108, "zan": 247}, {"text": "华为这款新手机也太棒了吧。mate20pro。手感棒呆了。希望最近我的手机能多摔几回​", "author": "apple爱自己", "time": "apple爱自己2018年12月21日16:35 来自iPhone7Plus", "transmit": 52, "comment": 355, "zan": 876}, {"text": "【美国国安局早已侵入华为系统，却高喊中国搞“经济间谍”？】这是美国对所谓“中国政府支持的黑客活动”的一次前所未有的大规模起诉行动。联想起最近相当长时间内美国对中国科学家、留学生和在美华人“从事间谍活动”的连续指责，一个深切的担忧也浮出水面：上世纪中叶麦卡锡主义的“幽灵”是否已在今天的美国复生?O美国国安局早已侵入华为系统，却高喊中国搞“经济间谍”？", "author": "环球网", "time": "环球网2018年12月21日15:09 来自微博weibo.com", "transmit": 87, "comment": 83, "zan": 205}, {"text": "#华为终端全球荟#近日，华为在白俄罗斯的首家品牌体验店正式开业！凌晨就有死忠粉自带被褥在门外通宵排队，只为第一时间感受#华为Mate20#系列的黑科技。当天场面十分火爆，还有变形金刚人偶驻店互动，华为Mate20Pro更是在几小时内全部售罄。大家的热情令人感动，感谢支持与喜爱！​", "author": "华为终端公司", "time": "华为终端公司2018年12月21日17:07 来自微博weibo.com", "transmit": 18, "comment": 46, "zan": 238}, {"text": "等一场浪漫的邂逅，从nova奇遇照相馆开始。12月24日至1月1日，#华为nova4#奇遇照相馆在天津市南开大悦城等你赴约，关晓彤也会去哦～L华为终端官方微博的秒拍视频​", "author": "圈内壹姐", "time": "圈内壹姐2018年12月21日16:00 来自微博weibo.com", "transmit": 1101, "comment": 1239, "zan": 1827}, {"text": "【加拿大总理：5G用不用华为不应由政治决定】据彭博社12月20日报道，加拿大总理特鲁多19日在记者会上表示，是否允许华为公司进入加拿大5G市场，应该由专家来决定，而不是由政治。特鲁多认为，应该以加拿大情报机关掌握的数据，以及来自五眼联盟（美英加澳新组成的情报机关）处的信息为基础来做决定。​", "author": "新浪军事", "time": "新浪军事2018年12月21日10:05 来自微博weibo.com", "transmit": 47, "comment": 157, "zan": 165}, {"text": "近期，华为与沃达丰、捷豹合作进行C-V2X（蜂窝车联网）技术研究，并取得可喜成果。相比传统技术，C-V2X拥有更大的传播距离、更短时延以及更强的通信能力。C-V2X如同“蜘蛛侠”，用无数根“丝”将车与车、人、周边设施、互联网相连，让汽车也拥有自己的“朋友圈”，来看看“蜘蛛侠”汽车的表现吧L华为中国的秒拍视频", "author": "华为中国", "time": "华为中国2018年12月21日19:19 来自秒拍网页版", "transmit": 46, "comment": 48, "zan": 427}, {"text": "华为mate20RS保时捷设计，最高配12999元比苹果最高配还贵200元，可以说是国产最贵了吧！这两个让你选，你会选哪个？​", "author": "IT科技侠", "time": "IT科技侠2018年12月21日21:06 来自微博weibo.com", "transmit": 30, "comment": 1065, "zan": 356}, {"text": "【华为CFO孟晚舟保释后日记曝光：勇敢不是因为不害怕，而是心中坚守的信念】这是一篇孟写于2018年12月19日的日记：我踏上了去日本的航班，勇敢不是因为不害怕，而是心中坚守的信念；宽慰，是因为上苍始终能看到我们的努力，也从不忽略我们付出的努力...O华为CFO孟晚舟保释后日记曝光：勇敢不是因为不害怕，而是心中坚守的信念​", "author": "第一财经日报", "time": "第一财经日报2018年12月21日11:20 来自360安全浏览器", "transmit": 305, "comment": 184, "zan": 152}, {"text": "看完这个视频彻底被华为圈粉，创意能力丝毫不输国外的创意广告啊![Aloha][Aloha][Aloha]L华为终端官方微博的秒拍视频​", "author": "M大王叫我来巡山", "time": "M大王叫我来巡山2018年12月21日15:50 来自微博weibo.com", "transmit": 574, "comment": 403, "zan": 652}, {"text": "#华为Mate20保时捷设计#是智慧科技创新，更是设计美学的刷新。​", "author": "华为终端官方微博", "time": "华为终端官方微博2018年12月21日20:17 来自微博weibo.com", "transmit": 38, "comment": 127, "zan": 793}, {"text": "赢在起跑线，就要快人一步冲出天际！华为Mate20系列“飞一般”的超级快充，疾速充电不等待。关注+带话题#华为Mate20#转发微博说说你曾经靠快充救急的经历，由@微博抽奖平台 随机抽送华为备咖存储（英伦灰）2个。[广告]L华为终端公司的秒拍视频​", "author": "华为终端公司", "time": "华为终端公司2018年12月21日10:55 来自微博weibo.com", "transmit": 355, "comment": 413, "zan": 386}, {"text": "【当美国要和你谈法律，就先忘了正义和道德吧……】#科技袁人#这一期科技袁人，袁老师和我们聊一聊一个和科技看上去不那么有关，但最近又对中国科技影响特别大的东西——美国法律。实际上，由于华为的原因，尤其是孟晚舟的被捕，使得许多中国人才第一次意识到美国的“恶法”——就是常常用国内法去干预别国的公司甚至国家的行为。然而这种做法，许多美国之外的大公司，早就已经屡见不鲜了，甚至在多年的“斗智斗勇”之后，已经摸索出一套专门规避美国这种霸道针对的套路。但在那之前，首先要明确一点，当你和美国谈论这些的时候，这有关规则、有关技术更有关政治，但唯独和正义、道德没有太大关系。L观视频工作室的秒拍视频", "author": "观视频工作室", "time": "观视频工作室2018年12月21日21:01 来自专业版微博", "transmit": 150, "comment": 89, "zan": 207}, {"text": "#华为nova4#奇遇照相馆摄影师@关晓彤已就位。你的新年合影，打算怎么拍？Lnova奇遇照相馆，关晓彤邀你合影​", "author": "华为终端官方微博", "time": "华为终端官方微博2018年12月21日11:00 来自nova4自拍极点全面屏", "transmit": 216, "comment": 488, "zan": 1266}, {"text": "为什么华为、哇哈哈、老干妈不上市！L龚凯杰的微博视频​", "author": "龚凯杰", "time": "龚凯杰2018年12月21日22:19 来自iPhone6Plus", "transmit": 172, "comment": 55, "zan": 411}, {"text": "华为会愈来愈艰难​", "author": "George-瓜瓜", "time": "George-瓜瓜2018年12月21日10:29 来自iPhone7Plus", "transmit": 623, "comment": 1365, "zan": 1012}, {"text": "【孟晚舟日记曝光——为了他们不禁泪流满面】北京日报记者21日从华为公司拿到一份孟晚舟女士近日写的日记，是她看到日本居民来信后的首次个人回应。她在日记中写道：保释那天律师说，不少陌生人打电话表示愿意用自己的财产为我担保。他们根本不认识我，但他们知道华为，认可华为，愿意相信我。听着律师这番话，我禁不住泪流满面——不是为自己，而是为这么多人愿意相信我，愿意信任我的陌生人。全文戳链接——O孟晚舟日记首次回应日本来信,披露庭审落泪原因O日本市民给华为写声援信内容暖心#孟晚舟日记回应为何落泪#", "author": "北京日报", "time": "北京日报2018年12月21日11:04 来自360安全浏览器", "transmit": 51, "comment": 28, "zan": 224}, {"text": "【难怪华为说“稳了”！我们实测了iPhone双卡双待功能，结果。。。】都是双卡双待，为什么有的手机可以同时使用两张卡，有的手机却不行？我们对比测试了华为Mate20Pro和iPhoneXSMax，发现在网络通信方面，华为Mate20Pro明显更好一些，抢红包也更加给力！怪不得老是抢不到红包，原来是你的手机不行！L好奇实验室的秒拍视频", "author": "都市快报", "time": "都市快报2018年12月21日16:17 来自微博weibo.com", "transmit": 31, "comment": 48, "zan": 77}]