[{"text": "【砸百亿建的#华为东莞欧洲小镇#，打卡攻略在此】砸了100个亿，华为在东莞松山湖基地建了个欧洲小镇。它还有个挺好听的名字——溪流背坡村，华为人喜欢管这里叫溪村，它是华为员工的办公区。目前约有一万多员工进驻办公，主要为华为的研发人员，人均28平米的办公区域，未来可容纳约两万五千员工。​", "author": "头条新闻", "time": "头条新闻03月24日22:15 来自微博weibo.com", "transmit": 594, "comment": 809, "zan": 1555, "sentiment": [{"positive_prob": 0.223805, "confidence": 0.502656, "negative_prob": 0.776195, "sentiment": 0}]}, {"text": "【#华为砸百亿建东莞欧洲小镇#，打卡攻略在此】砸了100个亿，华为在东莞松山湖基地建了个欧洲小镇。它还有个挺好听的名字——溪流背坡村，华为人喜欢管这里叫溪村。想要欧洲一日游？来华为松山湖基地。风景梦幻、设施豪华，让人不想下班。O华为砸百亿建的东莞欧洲小镇，打卡攻略在此(组图)​", "author": "新浪科技", "time": "新浪科技03月24日17:53 来自微博weibo.com", "transmit": 240, "comment": 172, "zan": 239, "sentiment": [{"positive_prob": 0.3606, "confidence": 0.198666, "negative_prob": 0.6394, "sentiment": 0}]}, {"text": "华为新一代拍照旗舰P30pro～​", "author": "陈震同学", "time": "陈震同学03月24日17:32 来自HUAWEIMate20Pro", "transmit": 28, "comment": 417, "zan": 677, "sentiment": [{"positive_prob": 0.730842, "confidence": 0.401871, "negative_prob": 0.269158, "sentiment": 2}]}, {"text": "我再发一条，有空炸我，不如以华为电视为轴线，挖一下AIOT。以苹果电视为轴线，挖一下流媒体。不挖，下周又拍大腿：早知道，我就怎么怎么样了。​", "author": "唐史主任司马迁", "time": "唐史主任司马迁03月24日14:02 来自360安全浏览器", "transmit": 107, "comment": 174, "zan": 1328, "sentiment": [{"positive_prob": 0.109809, "confidence": 0.75598, "negative_prob": 0.890191, "sentiment": 0}]}, {"text": "2018中国民营企业100强榜单，制造业里面排在前面的有华为、正威、魏桥、亨利、吉利、美的、沙钢、天能、TCL。比亚迪、超威等​", "author": "机工战略", "time": "机工战略03月24日20:36 来自微博weibo.com", "transmit": 160, "comment": 70, "zan": 73, "sentiment": [{"positive_prob": 0.924337, "confidence": 0.83186, "negative_prob": 0.0756629, "sentiment": 2}]}, {"text": "华为100亿打造的东莞松山湖基地，风景如画，环境优美，还有电动小火车通行，想不想去工作？​", "author": "C科技", "time": "C科技03月24日18:18", "transmit": 36, "comment": 176, "zan": 239, "sentiment": [{"positive_prob": 0.847529, "confidence": 0.661175, "negative_prob": 0.152471, "sentiment": 2}]}, {"text": "美国彭博社3月23日报道，加拿大法庭文件显示，孟晚舟在温哥华国际机场被捕时携带有一部苹果7加手机、一台MacBookAir笔记本电脑、和一部iPadPro平板电脑，除一部华为Mate20RS手机之外，其余为苹果产品。.​", "author": "Kevin在纽约", "time": "Kevin在纽约03月24日23:41 来自微博weibo.com", "transmit": 524, "comment": 570, "zan": 464, "sentiment": [{"positive_prob": 0.829251, "confidence": 0.620558, "negative_prob": 0.170749, "sentiment": 2}]}, {"text": "远景、特写，双重视角，无限精彩。倒计时2天，#华为P30#开启全新摄影体验。L华为终端官方微博的秒拍视频​", "author": "华为终端官方微博", "time": "华为终端官方微博03月24日11:01 来自秒拍网页版", "transmit": 91, "comment": 163, "zan": 909, "sentiment": [{"positive_prob": 0.953255, "confidence": 0.896122, "negative_prob": 0.0467453, "sentiment": 2}]}, {"text": "【图集】华为花费100亿在东莞松山湖基地建的办公区。目前约有一万多员工进驻办公，未来可容纳约两万五千员工。这个「欧洲小镇」风格的建筑群总占地约1900亩，总建筑面积约126.7万平方米，换算一下，约等于182个标准足球场的大小。该项目共划分了12个区域，分别以一座欧洲经典城市为蓝本，让你一日游遍巴黎、勃艮第、维罗纳、海德堡等名城。文章链接可以看详O华为砸百亿建的东莞欧洲小镇，打卡攻略在此", "author": "波咕鸡", "time": "波咕鸡03月24日21:22 来自Miboy的Android", "transmit": 29, "comment": 36, "zan": 48, "sentiment": [{"positive_prob": 0.905198, "confidence": 0.789328, "negative_prob": 0.0948025, "sentiment": 2}]}, {"text": "#华为P30#系列，让全景与特写精彩同步。倒计时2天，3月26日法国巴黎，让我们共同期待！L华为终端公司的秒拍视频​", "author": "华为手机", "time": "华为手机03月24日11:12 来自微博weibo.com", "transmit": 52, "comment": 179, "zan": 682, "sentiment": [{"positive_prob": 0.966073, "confidence": 0.924606, "negative_prob": 0.0339274, "sentiment": 2}]}, {"text": "武汉伢们看过来，汉街要迎来一位新网红啦——全国首家华为授权体验店Plus快开业了。今天去打探了一下，两层砖红色建筑好不气派，店内的各类黑科技和体验区让人惊叹。小编体验到了华为旗舰级手机，沉浸式体验的VR游戏让人震撼，还有创意无限的拍照摄影区和影音区，真的是嗨翻了~明天正式开业，一定记得围观哦~", "author": "武汉吃喝玩乐", "time": "武汉吃喝玩乐03月24日18:12 来自iPhone7", "transmit": 6, "comment": 6, "zan": 52, "sentiment": [{"positive_prob": 0.99651, "confidence": 0.992245, "negative_prob": 0.00348953, "sentiment": 2}]}, {"text": "【#华为砸百亿建东莞欧洲小镇#，打卡攻略在此】砸了100个亿，华为在东莞松山湖基地建了个欧洲小镇。它还有个挺好听的名字——溪流背坡村，华为人喜欢管这里叫溪村。想要欧洲一日游？来华为松山湖基地。风景梦幻、设施豪华，让人不想下班。O华为砸百亿建的东莞欧洲小镇，打卡攻略在此​", "author": "中国企业家杂志", "time": "中国企业家杂志03月24日18:46 来自微博weibo.com", "transmit": 69, "comment": 26, "zan": 86, "sentiment": [{"positive_prob": 0.354891, "confidence": 0.211354, "negative_prob": 0.645109, "sentiment": 0}]}, {"text": "抱抱华为那个用苹果发推挨骂的员工​", "author": "海鲤叔", "time": "海鲤叔03月24日09:31 来自王思聪送的iPhone8Plus", "transmit": 109, "comment": 382, "zan": 1541, "sentiment": [{"positive_prob": 0.435838, "confidence": 0.0314715, "negative_prob": 0.564162, "sentiment": 0}]}, {"text": "题材群周末聊的比较热的有：大麻...这玩意看来真容易上瘾。华为电视一带一路科创​", "author": "城城AI", "time": "城城AI03月24日22:15 来自iPhoneX", "transmit": 57, "comment": 129, "zan": 419, "sentiment": [{"positive_prob": 0.747564, "confidence": 0.439031, "negative_prob": 0.252436, "sentiment": 2}]}, {"text": "美景成双，两全其美，#华为P30#倒计时2天！3月26日北京时间21:00（巴黎时间14:00），#RewriteTheRules#！L华为终端公司的秒拍视频​​​", "author": "华为中国", "time": "华为中国03月24日17:15 来自勇敢新世界Android", "transmit": 25, "comment": 69, "zan": 277, "sentiment": [{"positive_prob": 0.938232, "confidence": 0.862738, "negative_prob": 0.061768, "sentiment": 2}]}, {"text": "华为P30系已经在摆出机器？有看到过真机的朋友没？​", "author": "搞机汇", "time": "搞机汇03月24日12:42", "transmit": 6, "comment": 65, "zan": 125, "sentiment": [{"positive_prob": 0.211797, "confidence": 0.529339, "negative_prob": 0.788203, "sentiment": 0}]}, {"text": "你对芯片和操作系统的重要性了解多少呢？不管是冰箱还是洗衣机、空调还是无线路由里面都有芯片的支持才能正常运作。无论是手机操作系统还是计算机操作系统都是信息产业最重要的核心技术。美国在芯片和操作系统上一直处于垄断地位，所以我们不能被别人卡住了脖子自己却无力改变。华为在前些时间也透露已经自研出了属于自己的操作系统，在PC和移动端都能使用。为了防患于未然，以备不时之需。这也是企业深谋远虑的关键战略。相信以后我们可以突破这些核心技术，不再受制于人。L手中掌握的微博视频", "author": "手中掌握", "time": "手中掌握03月24日10:56 来自河里捞的iPhoneX", "transmit": 83, "comment": 78, "zan": 145, "sentiment": [{"positive_prob": 0.749554, "confidence": 0.443453, "negative_prob": 0.250446, "sentiment": 2}]}, {"text": "#对TA说晚安#一家人难免也会有争吵，但多数是上一秒吵完下一秒就和好，这也许就是真正断不开的关系。转评聊聊【和家人吵架，哪些话你觉得是不应该说的？】小云将随机抽一位送出华为耳机。​", "author": "华为终端云服务", "time": "华为终端云服务03月24日22:06 来自HUAWEIMate20Pro", "transmit": 187, "comment": 274, "zan": 157, "sentiment": [{"positive_prob": 0.0722896, "confidence": 0.839356, "negative_prob": 0.92771, "sentiment": 0}]}, {"text": "迄今为止，买过华为自mate10pro以来几乎所有手机旗舰顶配（包括三款保时捷设计），父母目前都在用华为，今天又专门买了华为目前出品最好的一款笔记本，也算是真金白银支持国货了。就是不知道那些杠精哪来这么大勇气跟我辩论。咱们谁更有资格评论华为？​", "author": "释不归", "time": "释不归03月24日21:32 来自iPhoneXSMax(金色)", "transmit": 5, "comment": 152, "zan": 206, "sentiment": [{"positive_prob": 0.933399, "confidence": 0.851998, "negative_prob": 0.066601, "sentiment": 2}]}, {"text": "去年底，华为CFO孟女士被加拿大警方非法拘留，加拿大警方感到有点意外，因为尽管孟是华为的高管，但她的私人的电子产品中有很多苹果公司的产品。根据彭博社的一份报告，孟晚舟携带有四款苹果公司的产品，分别是iPhone7Plus，MacBookAir和iPadPro，另外还有台保时捷设计版的华为Mate20手机。在此前，负责运营华为海外官方社交账户的员工，因为使用iPhone发布了新年致辞而被华为降职。", "author": "释不归", "time": "释不归03月24日20:35 来自iPhoneXSMax(金色)", "transmit": 72, "comment": 123, "zan": 88, "sentiment": [{"positive_prob": 0.952312, "confidence": 0.894028, "negative_prob": 0.0476876, "sentiment": 2}]}, {"text": "设计美学栀の799美化包QQ[吃我还是吃兔兔]和动态白肚皮[宠着栀栀吃兔兔]6000粉大福利防冻华为可用气泡@一眼万里布局@控奶@俏抚除壁纸其余自画小助手主页在置顶微博上字体直通车O网页链接​", "author": "我有一口袋星星", "time": "我有一口袋星星03月24日02:57 来自设计美学超话", "transmit": 27, "comment": 2097, "zan": 151, "sentiment": [{"positive_prob": 0.83162, "confidence": 0.625822, "negative_prob": 0.16838, "sentiment": 2}]}, {"text": "华为Mate20只要3368了？？​", "author": "C科技", "time": "C科技03月24日21:51", "transmit": 6, "comment": 300, "zan": 178, "sentiment": [{"positive_prob": 0.391736, "confidence": 0.129476, "negative_prob": 0.608264, "sentiment": 0}]}, {"text": "【华为电视概念股】收藏起来！华为电视这次的重点是microLED，所以周五强悍的300303聚飞光电（最低价华为电视概念），300241瑞丰光电（最早板的正宗华为电视概念）会是接下来的重点！华为电视概念虽然是新题材，但有点像4K高清视频那次的炒作，能不能走出来看明天市场的选择了。先收藏研究！​", "author": "思多金", "time": "思多金03月24日12:50 来自360安全浏览器", "transmit": 299, "comment": 22, "zan": 148, "sentiment": [{"positive_prob": 0.653197, "confidence": 0.229327, "negative_prob": 0.346803, "sentiment": 2}]}, {"text": "我这个用华为手机的，都不好意思在微博混了！​", "author": "画画的老武", "time": "画画的老武03月24日18:38 来自HUAWEIMate8", "transmit": 88, "comment": 70, "zan": 39, "sentiment": [{"positive_prob": 0.640328, "confidence": 0.200729, "negative_prob": 0.359672, "sentiment": 2}]}, {"text": "自从美国政府开始围堵华为以来，华为强化了在美的公关攻势，3月21日，华为在美国主流媒体之一的《USAToday》（今日美国）报上刊登了华为撰写的社论，反驳其受控于政府的指控，3月7日，华为正式指控美国政府限制华为产品。.​", "author": "Kevin在纽约", "time": "Kevin在纽约03月24日23:34 来自微博weibo.com", "transmit": 34, "comment": 183, "zan": 114, "sentiment": [{"positive_prob": 0.805301, "confidence": 0.567336, "negative_prob": 0.194699, "sentiment": 2}]}, {"text": "拥抱新科技，注重核心技术研发能力，注重对新干部的培养是伟大企业的发展之道！对比联想（百亿规模）、阿里巴巴（万亿规模）、华为（万亿规模）、小米（千亿规模）这几年的发展，曾经的巨无霸规模已经沦落到不敌后来者一个子公司的规模，企业估值甚至只有后来者10%！是值得创业者和守业者反思的。兼并重组从来都不是企业的发展之道，内部资源整合，内部管理体制改革，内部商业模式创新才是王道！", "author": "股林女侠", "time": "股林女侠03月24日08:09 来自iPhone7Plus", "transmit": 12, "comment": 35, "zan": 218, "sentiment": [{"positive_prob": 0.920622, "confidence": 0.823604, "negative_prob": 0.0793782, "sentiment": 2}]}, {"text": "华为电视概念合作生态大全：瑞丰光电：其产品分为中大尺寸和小尺寸两种背光LED。中大尺寸用作液晶电视光源。2016年公司增发并购玲涛85%股权，从此真正进入小尺寸背光光源领域。小尺寸用作手机液晶屏光源，供货给华为、京东方等一线厂家。激智科技：主要产品有量子点膜,主要客户有华为集团。聚飞光电：公司专业生产LED器件，下游直接客户是背光、模组厂，终端客户包括中兴、华为、联想、宇龙、酷派等。迪维迅：华为4K整体解决方案合作伙伴英唐智控：在华为的采购机制下,公司作为分销商目前主要通过向华为的供应商供货的形式间接向华为提供产品及服务。实达集团：子公司深圳兴飞为华为的国内OTT数字电视设备提供电源。深科技：华为代工京东方A：华为代工TCL：华为代工", "author": "机工战略", "time": "机工战略03月24日15:04 来自小米8周年旗舰手机", "transmit": 125, "comment": 75, "zan": 100, "sentiment": [{"positive_prob": 0.944665, "confidence": 0.877034, "negative_prob": 0.0553346, "sentiment": 2}]}, {"text": "那些喷华为P30Pro50倍变焦没用的可以看看了！蜀黎用60倍镜放大作案过程，拍的是清清楚楚了，以后再望远处，用一部手机也能实现，还可以伪装的更隐蔽（拿手机在那里望什么呢？），P30Pro会不会成为办案标配？#华为##华为P30#​", "author": "建华Wei业", "time": "建华Wei业03月24日12:34 来自手机超话", "transmit": 25, "comment": 102, "zan": 137, "sentiment": [{"positive_prob": 0.339876, "confidence": 0.24472, "negative_prob": 0.660124, "sentiment": 0}]}, {"text": "华为P30Pro开箱照曝光，双曲面水滴屏，这颜值如何？​", "author": "数码研究所", "time": "数码研究所03月24日08:18", "transmit": 38, "comment": 260, "zan": 401, "sentiment": [{"positive_prob": 0.496751, "confidence": 0.93503, "negative_prob": 0.503249, "sentiment": 1}]}, {"text": "还没发布，华为P30和P30Pro就出现在华为专卖店了，这要罚款多少万？​", "author": "C科技", "time": "C科技03月24日11:35", "transmit": 8, "comment": 224, "zan": 161, "sentiment": [{"positive_prob": 0.257569, "confidence": 0.427624, "negative_prob": 0.742431, "sentiment": 0}]}]