[{"text": "【富士康获华为订单节后招工，节前iPhone遇冷工人求加班】新iPhone遇冷，春节前郑州富士康的工人们反映部分产线被拆，加班锐减，有员工到手工资甚至不到两千元。春节后富士康启动新一轮招工。招工人员称，拿到了华为的订单，今年会比去年好。L老板联播的微博视频​", "author": "新浪财经", "time": "新浪财经02月17日08:41 来自专业版微博", "transmit": 50, "comment": 263, "zan": 206, "sentiment": [{"positive_prob": 0.177109, "confidence": 0.606424, "negative_prob": 0.822891, "sentiment": 0}]}, {"text": "4cm微距，华为P6时代就有了，华为Mate20系列微距更是强大到令人发指。不知道某些友商有啥好吹的​", "author": "人才76116", "time": "人才7611602月17日11:42 来自HUAWEIP20", "transmit": 28, "comment": 247, "zan": 256, "sentiment": [{"positive_prob": 0.769776, "confidence": 0.488391, "negative_prob": 0.230224, "sentiment": 2}]}, {"text": "华为轮值董事长徐直军最近接受6家英国媒体还回答了一个细节，即华为5G的预计市场分了三类，虽然华为受到很多挫折和干扰，但感觉任正非任总的带领下华为人还是很冷静很专业的去做事！加油！采访中的原话是这样说的。徐直军：我把全球市场分为三类：第一类，5G需求比较大的市场，中国、日本、韩国和海湾国家。第二类，欧美的一些发达国家，包括美国。现在对5G需求还没有那么强烈，4G都不见得很好。你们知道法国的基站数量跟深圳比是什么结果吗？法国所有4G基站加起来没有深圳移动一家多。第三类，发展中国家，根本还没有需求。华为未来几年5G收入主要还是第一类市场，少量来自第二类市场。", "author": "科工力量", "time": "科工力量02月17日08:00 来自微博weibo.com", "transmit": 543, "comment": 332, "zan": 454, "sentiment": [{"positive_prob": 0.759991, "confidence": 0.466646, "negative_prob": 0.240009, "sentiment": 2}]}, {"text": "【富士康获华为订单节后招工，节前iPhone遇冷工人求加班】新iPhone遇冷，春节前郑州富士康的工人们反映部分产线被拆，加班锐减，有员工到手工资甚至不到两千元。春节后富士康启动新一轮招工。招工人员称，拿到了华为的订单，今年会比去年好。L老板联播的微博视频​", "author": "新浪科技", "time": "新浪科技02月17日12:40 来自微博weibo.com", "transmit": 23, "comment": 68, "zan": 76, "sentiment": [{"positive_prob": 0.177109, "confidence": 0.606424, "negative_prob": 0.822891, "sentiment": 0}]}, {"text": "【华为博士员工离职率21.8%，任正非反思高学历人才流失】近日，华为心声社区上发布了一份由任正非签发的华为内部邮件，反思华为为什么留不住博士类员工。其同时也披露了一些在华为工作的博士员工的“存活”情况。2014年入职的博士经过4年，只有57%留在公司。为什么留不住，思考：O华为博士员工离职率21.8%，任正非反思高学历人才流失​", "author": "21世纪经济报道", "time": "21世纪经济报道02月17日22:03 来自21财经", "transmit": 74, "comment": 0, "zan": 59, "sentiment": [{"positive_prob": 0.0465343, "confidence": 0.89659, "negative_prob": 0.953466, "sentiment": 0}]}, {"text": "霓虹灯与黑色夜晚的碰撞，让日本街头瞬间五彩缤纷。摄影师MatthieuBuhler穿梭在大街小巷，用#华为Mate20#Pro记录下这流光溢彩的景象。​", "author": "华为终端公司", "time": "华为终端公司02月17日11:38 来自HUAWEIMate20", "transmit": 21, "comment": 40, "zan": 176, "sentiment": [{"positive_prob": 0.748272, "confidence": 0.440604, "negative_prob": 0.251728, "sentiment": 2}]}, {"text": "华为终于公开谴责美国了。老总任正非，一个曾经对美国那么崇敬，女儿出了这么大事都对美国不出恶言的人，面对美国得寸进尺，必欲置之死地而后快的打击，终于也忍无可忍了。中文版在这O华为直面6家英媒（专访实录）​", "author": "王小东", "time": "王小东02月17日08:53 来自隔壁老王Android", "transmit": 93, "comment": 53, "zan": 227, "sentiment": [{"positive_prob": 0.956314, "confidence": 0.902919, "negative_prob": 0.0436863, "sentiment": 2}]}, {"text": "转：任正非之所以选择余承东这个人，就是看中他能够清零自己的勇气——他过去的成就都可以清零，这并不容易。2B，无论是产品研发还是市场，他都是专家，但是他能够把自己清零重新学，和华为终端一起建立消费者文化​", "author": "但斌", "time": "但斌02月17日00:53 来自iPhone客户端", "transmit": 115, "comment": 22, "zan": 90, "sentiment": [{"positive_prob": 0.724581, "confidence": 0.387959, "negative_prob": 0.275419, "sentiment": 2}]}, {"text": "#阿里离职女高管回应#王晗具有鮮明的创業素质和勇气，离职下海，离的是日美控股的阿里跨國大公司，仅此，也值得一般國人望塵莫及。且不说王晗是北大MBA了，本科武汉理工大學計算機专业是中國华为最青睞的理工大学之一，华为差不多有2.1%的毕业生来自武汉理工，在阿里任部門总经理不是公司高管也是部門高管，那些躲在阴暗角落里匿名叫骂武漢理工是不入流专科大学的，你们几斤几兩啊，你們有种真名实姓像王晗亮出你們的中國学历、职场经历和创业勇气。美國特別是硅谷企業和创投業谁不鼓励和欣赏充滿创业梦想的年輕人，可我的祖國呢，对一个创业者如此攻擊，可悲，可叹。王晗，年輕人，站直了，別趴下，金博士为你拍案而起。O阿里离职“女高管”回应质疑：斗胆请马云老师评评理", "author": "克里斯托夫-金", "time": "克里斯托夫-金02月17日08:07 来自新浪财经", "transmit": 84, "comment": 207, "zan": 146, "sentiment": [{"positive_prob": 0.168874, "confidence": 0.624725, "negative_prob": 0.831126, "sentiment": 0}]}, {"text": "昨天我有个粉丝私信我一段话，首先我觉得他真心是完全理解了我的理论的，其次我加了几句，供大家参考，这个老弟是谁不告诉你们，一通百通就是这个意思，那段话如下，【】里面的是我搭顺风车写的西方拒绝华为是正确的，【不是什么窃听监控的问题，这都是小儿科】，5G+IPV6可以看做信息领域的降息。一次性将信息传播的成本打到目前可见的最低，那么基于信息差的产业怕是要大面积崩溃。在这个基础上，要想保有信息价值，必须建立私有的“墙”。目前基于公众信息收集产生的大数据等等产业看起来很火，实际上也是债转股了。【信息的去中介化会导致我们现在看到的这些耀武扬威的所谓信息交易的平台吃息差的逻辑的崩盘，然而欧美只剩下这个产业了】", "author": "神嘛事儿", "time": "神嘛事儿02月17日19:12 来自iPhoneXSMax(金色)", "transmit": 145, "comment": 83, "zan": 272, "sentiment": [{"positive_prob": 0.0102923, "confidence": 0.977128, "negative_prob": 0.989708, "sentiment": 0}]}, {"text": "【遇挫！反华为这事儿，美国计划遭东欧国家“冷处理”】美国《华尔街日报》：欧洲运营商青睐华为、中兴等中国电信设备，美国抵制华为举动在欧洲遇挫。来自欧洲最大的移动和互联网服务提供商的一些高管表示，华为能够提供优质的硬件，而且价格常常更低，如果实施禁令，可能意味着欧洲将在5G推出速度上落后于使用华为设备的亚洲等地区国家。O遇挫！反华为这事儿，美国计划遭东欧国家“冷处理”", "author": "参考消息", "time": "参考消息02月17日12:15 来自微博weibo.com", "transmit": 23, "comment": 14, "zan": 99, "sentiment": [{"positive_prob": 0.957429, "confidence": 0.905397, "negative_prob": 0.0425714, "sentiment": 2}]}, {"text": "#对TA说晚安#当小云听到「教练，我想打篮球」时，脑海里响起的BGM无疑是《直到世界尽头》......有哪些动漫或电影的主题曲，当你听到某句话或某段旋律时就会一秒想起？转评分享，小云将随机抽一位送出华为耳机。​", "author": "华为终端云服务", "time": "华为终端云服务02月17日22:00 来自微博weibo.com", "transmit": 210, "comment": 291, "zan": 135, "sentiment": [{"positive_prob": 0.791087, "confidence": 0.53575, "negative_prob": 0.208913, "sentiment": 2}]}, {"text": "上一条关于华为东京马姓某人（已婚有妻儿在国内）搭讪我同学韩国的妹子的微博，被大家大力转发，似乎已经被华为看到了，感谢@华为中国迅速反应。但是正是这个迅速反应施加压力，让这个人惊慌失措，联系妹子（有mail地址）要求见面，说是误会，让妹子找到我，要“当面用中文解释”。我是断然拒绝这种会见面，妹子也并不想二次见到这个人，但是因为都在一个楼里办公，妹子表示很害怕，怕这人有过激反应伤害她人身安全。请求我删除，所以我删掉了。在此传言这位马先生，搭讪的时候怎么就没想到会被公司知道，会被老婆知道，会声名远扬？现在说什么误会了（可能会后还要说我诬陷你），你自己不想笑嘛？反正我很想笑。大家都是在国外工作的中国人，拿着公司的工资，拿着日本政府的工作签证，麻烦你好好工作，不要管不住下半身败坏公司的名声，拉全体中国男人和海外华人下水。我非常希望华为你把你弄回国教育一下，你妈妈不教你，公司和舆论会教你做人。@华为中国感谢你们迅速反应，华为在海外确实是中国代表公司，希望贵司对海外工作的员工做好各种教育，这真的代表公司和中国人形象，如果这次这位马先生搭讪的人是日本的记者or媒体工作人员，请问你们要怎么处理公关危机？现在日系大手企业都特别注意公司形象和性骚扰事件，希望中国企业也入乡随俗。作为中国人，我为贵司骄傲，但是也烦请尽量杜绝这种影响中国人名誉的事情好吗？（这位马先生，建议是带回国，让他与妻儿团聚吧）感谢贵司和各位的关注", "author": "想有个好儿子特兰克斯", "time": "想有个好儿子特兰克斯02月17日14:10 来自iPhoneX", "transmit": 83, "comment": 8, "zan": 50, "sentiment": [{"positive_prob": 0.865176, "confidence": 0.700392, "negative_prob": 0.134824, "sentiment": 2}]}, {"text": "【拉脱维亚移动运营商：不会中断与华为5G合作】拉脱维亚第三大移动运营商Bite公司技术总监金茨·布滕斯日前在里加对媒体表示，鉴于安全检查结果，该公司将不会中断与中国华为公司签订的5G网络合作协议。O拉脱维亚移动运营商：不会中断与华为5G合作​", "author": "凤凰网财经", "time": "凤凰网财经02月17日12:06 来自微博weibo.com", "transmit": 11, "comment": 22, "zan": 57, "sentiment": [{"positive_prob": 0.388689, "confidence": 0.136246, "negative_prob": 0.611311, "sentiment": 0}]}, {"text": "【富士康获华为订单节后招工，节前iPhone遇冷工人求加班】新iPhone遇冷，春节前郑州富士康的工人们反映部分产线被拆，加班锐减，有员工到手工资甚至不到两千元。春节后富士康启动新一轮招工。招工人员称，拿到了华为的订单，今年会比去年好。L老板联播的微博视频​", "author": "微博股票", "time": "微博股票02月17日08:59 来自iPhone客户端", "transmit": 6, "comment": 20, "zan": 37, "sentiment": [{"positive_prob": 0.177109, "confidence": 0.606424, "negative_prob": 0.822891, "sentiment": 0}]}, {"text": "#中韩围甲对抗赛#2月17日，2019国民银行杯中韩围甲冠军对抗第二轮在韩国棋院进行，由2018年华为手机杯中国围棋甲级联赛冠军华泰证券江苏队对阵2018KB国民银行围棋联赛冠军浦项队。华泰证券江苏队主将芈昱廷乱战力胜卞相壹，并率全队上演绝地反击，最终以总比分5:5主将战胜浦项队，获取本次中韩围甲冠军对抗的优胜。O中韩围甲对抗赛江苏队夺冠", "author": "新浪棋牌", "time": "新浪棋牌02月17日15:47 来自微博weibo.com", "transmit": 13, "comment": 17, "zan": 27, "sentiment": [{"positive_prob": 0.95701, "confidence": 0.904466, "negative_prob": 0.0429905, "sentiment": 2}]}, {"text": "【华为博士员工离职率21.8%任正非反思高学历人才流失】一份由任正非签发的华为内部邮件显示，该公司博士员工近5年累计平均离职率21.8%，入职时间越长累计离职率越高；邮件中提到华为2014年入职的博士经过4年，只有57%留在公司。在接受访谈的82名离职博士员工中，有56人反映主要原因是岗位与个人技能不匹配、主管技术能力弱导致自身受限等..", "author": "电脑报", "time": "电脑报02月17日11:34 来自搜狗高速浏览器", "transmit": 53, "comment": 69, "zan": 88, "sentiment": [{"positive_prob": 0.036807, "confidence": 0.918207, "negative_prob": 0.963193, "sentiment": 0}]}, {"text": "O看不见的战斗--2019年的中国产业自主化|宁南山从2018年开始，我们明显的感觉到外部形势在变化，美国非常明显的改变了对中国的态度和政策，面对着当前的世界第一强国，我们也明显的感受到了压力。本文梳理了美国对中国的政策变化及这些看不见的战争会给我们个人带来哪些影响。2019年，华为将是美国的重要打击目标。而我们有种种理由相信，中国会赢得最终的胜利。1.从美欧日制裁，到五眼联盟制裁，对方的力量在削弱。2.我们的力量是在增强的。3.美国的外部刺激是我国电子产业自主化的重要机遇。最后，再次强调下，中国的最大挑战来自内部的改革，例如房地产，人口制度等等。对于外部挑战，今天中国的体量已经足够庞大，30年前尚且有能力打破美欧日制裁，今天更不在话下，在未来的几年，我们会看到美国对中国的各种打压，而且会是持续不断，但是也会逐渐的看到各种关于电子产业自主化的好消息，随着这几年投入的逐渐加大，这种好消息在未来会越来越多，越来越密集。", "author": "中科大胡不归", "time": "中科大胡不归02月17日21:55 来自微博weibo.com", "transmit": 55, "comment": 27, "zan": 138, "sentiment": [{"positive_prob": 0.984543, "confidence": 0.965651, "negative_prob": 0.0154571, "sentiment": 2}]}, {"text": "全球五大5G设备厂商，华为，爱立信，诺基亚，三星，中兴，其中，中兴5G技术相当弱，三星有钱有意愿想在5G领域翻身，美国也愿意支持它，但是技术积累实在跟不上趟，现在韩国的5G商用大规模建设，实际主要是韩国第三大运营商LGU+在依靠华为大批量提供5G基站，韩国其它几个运营商因为不想用华为，现在想大规模建5G，根本建不动！爱立信在5G基站芯片技术实力方面远不如华为，5G整体方案能力也不如华为，诺基亚（收购了阿尔卡特朗讯，西门子通信）历来就有在无线通信领域根本玩不到最顶尖地位的优良传统，所以也没法挑战华为5G，美国高通更尴尬，只搞点芯片，弄点标准，其它方面啥也不懂，所以在全球5G推进的大格局中，话语权比华为差远了！在5G芯片，5G标准，5G专利，5G全领域整体解决方案及工程能力这些方面，华为都做到了全球最顶尖，另外，正如任正非讲的，华为就只是一个5G+微波的超宽带独家技术能力，就能在全世界市场横扫一大片，全球其它所有5G厂商要实现这个技术，没有几年时间，是根本搞不定的，况且，用了时间，你也未必能搞定，即使到后来好不容易搞定了，华为在核心专利方面也可以对你收大量买路钱，华为这叫综合领先，战略领先，全面领先，绝对领先，确实牛比！", "author": "信通小熊猫", "time": "信通小熊猫02月17日12:18 来自微博HTML5版", "transmit": 18, "comment": 62, "zan": 129, "sentiment": [{"positive_prob": 0.991814, "confidence": 0.98181, "negative_prob": 0.00818566, "sentiment": 2}]}, {"text": "手机一年半不到连续烧屏两次，17年9月购买，18年5月多处烧屏，换屏后9个月再次烧屏，客服拒保修，修就是1000多维修费，明明是核心部件质量问题，却以不合理维修政策（换屏不延保）拒绝合理维修诉求，这是国产手机第一大厂华为的态度？呵呵@华为手机@华为终端客服？？​", "author": "妖盐货重", "time": "妖盐货重02月17日12:15 来自iPhone7Plus", "transmit": 62, "comment": 129, "zan": 42, "sentiment": [{"positive_prob": 0.0268467, "confidence": 0.940341, "negative_prob": 0.973153, "sentiment": 0}]}, {"text": "4cm微距，6年前的华为P6就实现了，去年的Mate20系列（含普版）都实现2.5cm的超级微距了（刚拍的图3图4对比下），技术应该是向前发展的，应该是不断进步推新的，难道技术也流行复古致敬经典了吗？小天使战斗力也不是很能打嘛，信不信科普下19年还用4cm微距的缺陷#数码##华为Mate20#​", "author": "建华Wei业", "time": "建华Wei业02月17日12:14 来自手机超话", "transmit": 13, "comment": 83, "zan": 90, "sentiment": [{"positive_prob": 0.892686, "confidence": 0.761524, "negative_prob": 0.107314, "sentiment": 2}]}, {"text": "【穷人比富人更没有道德吗？这个提问将重新定义管理学丨管理学中国派】“人性就像是‘薛定谔的猫’。”在北京中关村最西侧蓝靛厂的一处僻静院落里，彭剑锋选择用物理学的经典概念，来展开他的思考。彭剑锋是中国人民大学教授、博士生导师，也是中国管理咨询机构华夏基石的董事长，《华为基本法》的关键起草人之一。“面对未来的复杂、多变、不确定的世界，我们需要超越二元对立的思维，从线性思维到生态共生思维,回归中国禅宗善恶一体思维或现代量子力学的态叠加思维。”彭剑锋说。O穷人比富人更没有道德吗？这个提问将重新定义管理学丨管理学中国派", "author": "经济观察报", "time": "经济观察报02月17日19:30 来自微博weibo.com", "transmit": 14, "comment": 25, "zan": 26, "sentiment": [{"positive_prob": 0.924872, "confidence": 0.833049, "negative_prob": 0.0751282, "sentiment": 2}]}, {"text": "【华为徐直军接受英媒采访：5G不是原子弹不伤害人】2月16日上午消息，今年2月13日，华为轮值董事长徐直军接受了六家英国媒体的采访，表示5G不是原子弹，不伤害人，5G是造福于所有的老百姓，为老百姓去享受更好的数字化体验带来价值的，20亿美金只是启动资金。O华为徐直军接受英媒采访：5G不是原子弹不伤害人​", "author": "界面新闻", "time": "界面新闻02月17日14:30 来自微博weibo.com", "transmit": 14, "comment": 17, "zan": 23, "sentiment": [{"positive_prob": 0.499114, "confidence": 0.982274, "negative_prob": 0.500886, "sentiment": 1}]}, {"text": "华为轮值董事长徐直军是喝多了还是脑袋被门挤了？华为接近70%的业务来自海外，却还赤裸裸的对海外市场大放厥词！真得不想做海外业务了吗？​", "author": "谦卑侯爷", "time": "谦卑侯爷02月17日19:06 来自HUAWEIMate10Pro", "transmit": 71, "comment": 24, "zan": 18, "sentiment": [{"positive_prob": 0.0458767, "confidence": 0.898052, "negative_prob": 0.954123, "sentiment": 0}]}, {"text": "#亚布力论坛#有朋友问我华为、中兴这话企业怎么不参加亚布力论坛？真实情况我不太了解，但通信制造怎么做到了世界第一，就是做实事，不做秀，亚布力有客户吗？没有，那去干什么？抱团，加班都加不过来，抱什么团？过几天就是MWC2019了，一个华为也得花费数亿吧？客户在那里，当然要多花钱。​", "author": "飞象网项立刚", "time": "飞象网项立刚02月17日13:42 来自华为Mate10保时捷设计", "transmit": 54, "comment": 16, "zan": 89, "sentiment": [{"positive_prob": 0.259697, "confidence": 0.422895, "negative_prob": 0.740303, "sentiment": 0}]}, {"text": "【富士康获华为订单节后招工，节前iPhone遇冷工人求加班】新iPhone遇冷，春节前郑州富士康的工人们反映部分产线被拆，加班锐减，有员工到手工资甚至不到两千元。春节后富士康启动新一轮招工。招工人员称，拿到了华为的订单，今年会比去年好。L老板联播的微博视频​", "author": "电商报", "time": "电商报02月17日12:48 来自微博weibo.com", "transmit": 68, "comment": 3, "zan": 28, "sentiment": [{"positive_prob": 0.177109, "confidence": 0.606424, "negative_prob": 0.822891, "sentiment": 0}]}, {"text": "小米9（图一三）VS华为Mate20Pro，哪个更好？​", "author": "C科技", "time": "C科技02月17日16:27", "transmit": 5, "comment": 179, "zan": 105, "sentiment": [{"positive_prob": 0.340554, "confidence": 0.243214, "negative_prob": 0.659446, "sentiment": 0}]}, {"text": "【富士康获华为订单节后招工，节前iPhone遇冷工人求加班】新iPhone遇冷，春节前郑州富士康的工人们反映部分产线被拆，加班锐减，有员工到手工资甚至不到两千元。春节后富士康启动新一轮招工。招工人员称，拿到了华为的订单，今年会比去年好。L老板联播的微博视频​", "author": "老板联播", "time": "老板联播02月17日08:37", "transmit": 20, "comment": 21, "zan": 47, "sentiment": [{"positive_prob": 0.177109, "confidence": 0.606424, "negative_prob": 0.822891, "sentiment": 0}]}, {"text": "【华为Mate20Pro人脸识别更新：新增支持第二个面容】近些日子，@华为手机就陆续为Mate20Pro和Mate20RS保时捷版用户升级了系统，在人脸识别中，加入了“新建备用面容”，官方介绍，“除继续学习你的长相以外，还可以识别另一种面容”……详情点击：O华为Mate20Pro人脸识别更新：新增支持第二个面容​", "author": "IT之家", "time": "IT之家02月17日08:43 来自IT之家", "transmit": 20, "comment": 187, "zan": 101, "sentiment": [{"positive_prob": 0.972115, "confidence": 0.938034, "negative_prob": 0.0278846, "sentiment": 2}]}, {"text": "【CNN：华为5G领先世界至少一年，5G标准贡献前三：华为、爱立信、海思】美国有线电视新闻网（CNN）近日报道称，很多专家同意华为5G技术至少领先世界1年，还引用德国IPlytics数据，称华为是世界上最大5G专利持有者之一，为建立5G国际标准做出了巨大贡献。连美国自己媒体都看不下去了#华为##5G#​", "author": "建华Wei业", "time": "建华Wei业02月17日07:45 来自华为超话", "transmit": 18, "comment": 46, "zan": 80, "sentiment": [{"positive_prob": 0.933917, "confidence": 0.85315, "negative_prob": 0.0660827, "sentiment": 2}]}]