[{"text": "支持国产送台华为保时捷Mate20RS🔥转这条关注我不过滤开本周日抽一人不喜欢就给你折现​", "author": "钱哥", "time": "钱哥03月13日22:00 来自iPhoneXSMax", "transmit": 95957, "comment": 35672, "zan": 65568, "sentiment": [{"positive_prob": 0.812779, "confidence": 0.583953, "negative_prob": 0.187221, "sentiment": 2}]}, {"text": "华为P30Pro这组广告海报我看昨天又引起争议了，因为外媒发现其中有张照片是在图片网站上的相机照片，TheVerge还专门写了一篇文章说华为造假用单反照片代替样张。这个客观说，我觉得不算造假，毕竟这一组一看就是广告创意，而且广告上也没有说这是手机样张，只是传递个概念。左下角一开始没有标注小字，但也不影响普通用户理解这组广告的用意。作为美国最知名的科技媒体，TheVerge写这样一篇文章，我觉得是有失公允，或者说背景资料准备不足的。我的印象中，美国那几个知名的媒体对华为的第一印象好像都不好？这一点华为应该借鉴一加的经验", "author": "钟文泽", "time": "钟文泽03月13日08:13 来自普通家庭iPhoneXSMax", "transmit": 748, "comment": 853, "zan": 369, "sentiment": [{"positive_prob": 0.0310557, "confidence": 0.930987, "negative_prob": 0.968944, "sentiment": 0}]}, {"text": "【宁波理工#情侣毕业卖手机壳年入百万#，就连折叠屏手机也有壳！】94年情侣孙蔚蔚和王炜韬在大二时发现手机壳单一没有特点，学设计的他们开始寻找热点，与设计师合作做原创系列，毕业一年就赚了一百万。华为折叠屏手机发布后，连夜设计出淘宝第一款手机壳：终于不用担心倒闭了。网友：又要骗我卖手机壳！L浙视频的秒拍视频", "author": "中国日报", "time": "中国日报03月13日14:00 来自微博weibo.com", "transmit": 59, "comment": 59, "zan": 217, "sentiment": [{"positive_prob": 0.366006, "confidence": 0.186654, "negative_prob": 0.633994, "sentiment": 0}]}, {"text": "【硬核手机壳情侣！宁波理工#情侣毕业卖手机壳年入百万#】94年情侣孙蔚蔚和王炜韬在大二时发现手机壳单一没有特点，学设计的他们开始寻找热点，与设计师合作做原创系列，毕业一年就赚了一百万。华为折叠屏手机发布后，连夜设计出淘宝第一款手机壳：终于不用担心倒闭了。网友：又要骗我卖手机壳L浙视频的秒拍视频", "author": "思想聚焦", "time": "思想聚焦03月13日14:54 来自微博weibo.com", "transmit": 435, "comment": 432, "zan": 1570, "sentiment": [{"positive_prob": 0.497598, "confidence": 0.951963, "negative_prob": 0.502402, "sentiment": 1}]}, {"text": "【看到别人玩华为折叠手机，英国小伙羡慕哭了……】英国小伙老衲是个“科技迷”，当他看到同事已经在“盘”5G折叠手机时，直呼要把自己的手机扔了。老衲来中国以后，充分感受到了科技带来的极大便利。这次两会期间，会有哪些科技方面的好消息呢？一起听听工作在科研一线的代表、委员怎么说！#聚焦2019两会#L中报视频的秒拍视频", "author": "中国日报", "time": "中国日报03月13日09:42 来自微博weibo.com", "transmit": 46, "comment": 41, "zan": 237, "sentiment": [{"positive_prob": 0.967887, "confidence": 0.928639, "negative_prob": 0.0321126, "sentiment": 2}]}, {"text": "一IT男因受不了华为996工作时间，跳槽到阿里，结果是逃出了狼窝又入虎穴​", "author": "程序员新视界", "time": "程序员新视界03月13日17:49 来自微博weibo.com", "transmit": 302, "comment": 1008, "zan": 2997, "sentiment": [{"positive_prob": 0.14481, "confidence": 0.6782, "negative_prob": 0.85519, "sentiment": 0}]}, {"text": "【宁波理工#情侣毕业卖手机壳年入百万#就连折叠屏手机也有壳】94年情侣孙蔚蔚和王炜韬在大二时发现手机壳单一没有特点，学设计的他们开始寻找热点做原创毕业一年就赚了一百万。华为折叠屏手机发布后，连夜设计出手机壳：终于不用担心倒闭了。网友：又要骗我卖手机壳@浙视频L浙视频的秒拍视频​", "author": "新浪科技", "time": "新浪科技03月13日19:52 来自微博weibo.com", "transmit": 124, "comment": 91, "zan": 170, "sentiment": [{"positive_prob": 0.193452, "confidence": 0.570106, "negative_prob": 0.806548, "sentiment": 0}]}, {"text": "【宁波理工#情侣毕业卖手机壳年入百万#，就连折叠屏手机也有壳！】90后情侣孙蔚蔚和王炜韬在大二时发现手机壳单一没有特点，学设计的他们开始寻找热点，与设计师合作做原创系列，毕业一年就赚了一百万。华为折叠屏手机发布后，连夜设计出淘宝第一款手机壳：终于不用担心倒闭了。网友：又要骗我卖手机壳L浙视频的秒拍视频", "author": "新闻晨报", "time": "新闻晨报03月13日12:15 来自微博weibo.com", "transmit": 40, "comment": 53, "zan": 182, "sentiment": [{"positive_prob": 0.323288, "confidence": 0.281582, "negative_prob": 0.676712, "sentiment": 0}]}, {"text": "小烊小烊@TFBOYS-易烊千玺给你看玉渊潭的桃花开啦！全部#华为nova4#拍摄原图无修我已经迫不及待等樱花开啦！​", "author": "我亲爱的拥有和虚无", "time": "我亲爱的拥有和虚无03月13日22:43 来自nova4自拍极点全面屏", "transmit": 49, "comment": 113, "zan": 525, "sentiment": [{"positive_prob": 0.707003, "confidence": 0.348896, "negative_prob": 0.292997, "sentiment": 2}]}, {"text": "【社评：美国就华为威胁柏林是在羞辱德国】美国压欧洲国家主要是政治决定，它所说的华为不安全的理由不断改变，先是宣称华为可能在硬件设备上做手脚，英国和德国等表示有能力加强设备检测后美方现在又说5G网络主要由软件定义，制造商通过网络升级可以对网络的运行做出根本性调整。美方说辞进化得比5G技术的发展还要快。完全屈从于美国、盲目跟着美国的欧洲对华盛顿来说是廉价的，欧洲必须有勇气与美国拉开一点距离，同时发展同中国、俄罗斯的关系，那样的话它将摆脱面对美国的战略被动，真正成为独立的政治力量。世界在变，欧洲的策略也需以变应变，它需探索实现欧洲利益最大化、而非给“美国优先”当二传手的现实策略。O社评：美国就华为威胁柏林是在羞辱德国", "author": "环球时报", "time": "环球时报03月13日13:30 来自微博weibo.com", "transmit": 47, "comment": 153, "zan": 203, "sentiment": [{"positive_prob": 0.897311, "confidence": 0.771802, "negative_prob": 0.102689, "sentiment": 2}]}, {"text": "华为P30Pro的超级变焦，你们感受下！建议老婆们都买一部，老公干啥都知道！​", "author": "C科技", "time": "C科技03月13日21:36", "transmit": 31, "comment": 350, "zan": 593, "sentiment": [{"positive_prob": 0.716915, "confidence": 0.370923, "negative_prob": 0.283085, "sentiment": 2}]}, {"text": "支持国产送台华为保时捷Mate20RS，这是预告准时10点送上依然是不喜欢就给你折现​", "author": "钱哥", "time": "钱哥03月13日20:25 来自iPhoneXSMax", "transmit": 1690, "comment": 1563, "zan": 4607, "sentiment": [{"positive_prob": 0.783084, "confidence": 0.517964, "negative_prob": 0.216916, "sentiment": 2}]}, {"text": "美称：华为在美农村基站干扰弹道导弹美国有线电视新闻网(CNN)12日“脑洞大开”。该媒体发表的一篇报道声称，美国农村地区的很多小型电信运营商使用了中国华为公司的技术，这些地区也是美国军事基地所在地。美国专家就此警告“武器化的手机信号塔可能导致通信服务瘫痪”，“中国人可能借此干扰美国洲际弹道导弹的指挥和控制系统”。如这种无线电信号能干扰高端弹道导弹，想法太绝妙美国，要高度警惕田鼠对发射井的威胁。", "author": "杜文龙", "time": "杜文龙03月13日09:31 来自HUAWEIMate9Pro", "transmit": 72, "comment": 116, "zan": 316, "sentiment": [{"positive_prob": 0.950479, "confidence": 0.889954, "negative_prob": 0.0495209, "sentiment": 2}]}, {"text": "入了个徕卡Q2，简单开个箱，感觉应该打不过华为家的徕卡，毕竟Q2没有最新的7nm麒麟980，只有一个28F1.7的镜头，不如华为的三个镜头，没有手持超级夜景，也没有快充，更没有智能AI识别！好了，总之输了！​", "author": "Akira-ming", "time": "Akira-ming03月13日20:22 来自UnknownのAndroid", "transmit": 15, "comment": 55, "zan": 63, "sentiment": [{"positive_prob": 0.111492, "confidence": 0.752239, "negative_prob": 0.888508, "sentiment": 0}]}, {"text": "哦才发现！OPPO换logo了。换完之后感觉主流多了...今年OPPO和vivo相继更换了logo，华为是去年这个时间点更换的logo。不知道小米最近是否有意向？微博中图片来自于@标志情报局我刚发现这个网站，觉得不错。喜欢设计的同学可以关注一波。​", "author": "钟文泽", "time": "钟文泽03月13日09:51 来自微博weibo.com", "transmit": 39, "comment": 228, "zan": 395, "sentiment": [{"positive_prob": 0.693762, "confidence": 0.319471, "negative_prob": 0.306238, "sentiment": 2}]}, {"text": "去年OPPOFindX发布会，“全球知名科技大媒体”TheVerge搞了一次违反NDA的提前开箱，搞得厂商怨声载道，我也骂了“TheVerge”SB，最近这媒体又SB了一次，关于3月底马上要发布华为P30。@余承东本来发布的就是一组预热的创意广告图，结果SB的TheVerge搞了一次掐头去尾，断章取义，还把这广告画面上的图片定义为“Huawei'sshot”，拜托，人家本来就是在GettyImage上买的商业图片做的创意好不好？我们杂志还在GettyImage图库里头买图呢，有TM什么大惊小怪的？这倒好，TheVerge说的就是香，然后一帮子国内的媒体自媒体也跟着闹，说华为又造假了——没办法，之前有过前科，理解，但这是一码归一码好不好？真要按这种SB标准，那所有手机厂商好多广告图都是Fake的了，因为不是单反就是机背拍的大片做素材不是？之后，华为加上了“画面为广告创意仅供参考”的提示，虽然有点影响画面，但我觉得以后这种东西还是少不了，免得给自己找麻烦，这么多人盯着呢，对吧。这个月底去巴黎，坐等P30发布。然后，再说一次：TheVerge真SB！", "author": "新潮电子徐林", "time": "新潮电子徐林03月13日09:09 来自微博weibo.com", "transmit": 629, "comment": 271, "zan": 278, "sentiment": [{"positive_prob": 0.0440551, "confidence": 0.9021, "negative_prob": 0.955945, "sentiment": 0}]}, {"text": "#AI专利申请企业排行榜#这是未来的实力体现。前三名被美国占领，前十五名中美国有五席，中国有六席，日本有三席，韩国有一席。美中日无疑将占据未来人工智能的制高点。最不可思议的是中国国家电网排在第六位，而华为仅仅排在第十二位，在小米后面。中国抓住AI技术，再抓住5G技术，给未来经济发展奠定了坚实新技术的基础。", "author": "余丰慧", "time": "余丰慧03月13日16:47 来自iPhone8Plus", "transmit": 70, "comment": 133, "zan": 329, "sentiment": [{"positive_prob": 0.989556, "confidence": 0.976792, "negative_prob": 0.0104438, "sentiment": 2}]}, {"text": "左面苹果，右面华为。支持国货​", "author": "魔兽金刚芭比", "time": "魔兽金刚芭比03月13日02:35 来自iPhoneX", "transmit": 23, "comment": 170, "zan": 503, "sentiment": [{"positive_prob": 0.845623, "confidence": 0.656941, "negative_prob": 0.154377, "sentiment": 2}]}, {"text": "华为荣耀那些年干过的事大家感受一下​", "author": "小弋哥", "time": "小弋哥03月13日13:09 来自iPhoneXR", "transmit": 48, "comment": 388, "zan": 356, "sentiment": [{"positive_prob": 0.492315, "confidence": 0.846302, "negative_prob": 0.507685, "sentiment": 1}]}, {"text": "对于AI，人们有无穷的憧憬。AI不仅可以把人类从繁琐、重复的劳动中解放出来，还可以帮助人们把生活打理得有条不紊，为我们打造出一个五彩缤纷的智能世界。想要更多了解华为智能计算吗？欢迎参加华为智能计算产业峰会，3月22日，福州见！L华为中国的秒拍视频​", "author": "华为中国", "time": "华为中国03月13日21:24 来自秒拍网页版", "transmit": 25, "comment": 46, "zan": 231, "sentiment": [{"positive_prob": 0.970401, "confidence": 0.934225, "negative_prob": 0.0295989, "sentiment": 2}]}, {"text": "怒订华为一台，苹果准备退休。手上的苹果用了5个年头，的确老了，经不断升级把内存都耗的差不多。现在的华为双卡双待，内存大速度快，没理由不支持国货。​", "author": "枪-和玫瑰", "time": "枪-和玫瑰03月13日21:12 来自iPhone6s", "transmit": 5, "comment": 302, "zan": 166, "sentiment": [{"positive_prob": 0.544713, "confidence": 0.105736, "negative_prob": 0.455287, "sentiment": 1}]}, {"text": "华为眼光真毒啊，一口气拿下上海青浦94.7万㎡巨无霸研发用地！松山湖，淀山湖，双湖争霸！2019年，华为新研发中心正式落户上海，占位青浦区科创走廊建设的发展主轴，总投资71亿元，接近华为松山湖基地的投资规模，年产值预计达100亿元，将打造成全中国乃至全世界范围内具有领先地位的研发中心。​", "author": "微观大湾区", "time": "微观大湾区03月13日17:35 来自搜狗高速浏览器", "transmit": 46, "comment": 52, "zan": 76, "sentiment": [{"positive_prob": 0.983959, "confidence": 0.964353, "negative_prob": 0.016041, "sentiment": 2}]}, {"text": "探索微光世界的秘密，3月26日#华为P30#，让夜色更出色。​", "author": "华为终端官方微博", "time": "华为终端官方微博03月13日15:10 来自微博weibo.com", "transmit": 75, "comment": 332, "zan": 822, "sentiment": [{"positive_prob": 0.644268, "confidence": 0.209483, "negative_prob": 0.355732, "sentiment": 2}]}, {"text": "刚刚安兔兔官微表示在后台发现了一款型号为“VOG-L29”的华为新机，采用的是2340×1080分辨率显示屏，搭载麒麟980处理器，内置8GB内存和256GB机身存储空间，前置3200万像素摄像头，后置主摄的像素为4000万，总分为286152分。结合此前的消息来看，它就是华为即将在本月底发布的P30Pro。​", "author": "ZEALER中国", "time": "ZEALER中国03月13日10:32 来自微博weibo.com", "transmit": 14, "comment": 214, "zan": 125, "sentiment": [{"positive_prob": 0.804954, "confidence": 0.566564, "negative_prob": 0.195046, "sentiment": 2}]}, {"text": "持续火拼！由于华为公司在海底光通信技术领域又达到世界领先水平（华为已掌握包括中继器在内的海底光通信最核心部件技术），强力挑战美国企业泰科，阿尔卡特朗讯在海底通信市场的垄断地位，所以美国又在海底通信领域试图封堵华为，确实牛比，拼了！​", "author": "信通小熊猫", "time": "信通小熊猫03月13日15:59 来自微博HTML5版", "transmit": 44, "comment": 63, "zan": 156, "sentiment": [{"positive_prob": 0.9794, "confidence": 0.954223, "negative_prob": 0.0205997, "sentiment": 2}]}, {"text": "【硬核手机壳情侣！宁波理工#情侣毕业卖手机壳年入百万#】94年情侣孙蔚蔚和王炜韬在大二时发现手机壳单一没有特点，学设计的他们开始寻找热点，与设计师合作做原创系列，毕业一年就赚了一百万。华为折叠屏手机发布后，他们还连夜设计出淘宝第一款手机壳：终于不用担心倒闭了。网友：又要骗我卖手机壳L浙视频的秒拍视频", "author": "中国企业家杂志", "time": "中国企业家杂志03月13日11:30 来自微博weibo.com", "transmit": 20, "comment": 9, "zan": 35, "sentiment": [{"positive_prob": 0.500311, "confidence": 0.993781, "negative_prob": 0.499689, "sentiment": 1}]}, {"text": "【尴尬：越来越发现友商粉和KOL当年尴吹(黑）华为的几点，竟然成真了】真是成“神预言家了”，有点尴尬。经典的比如：“徕卡三摄似神仙”，现在回头看，华为P20Pro开创的手机后置三镜头，还真是成神了，不仅DXO榜连续霸占第一位长达一年、至今无人能把她拉下排行榜第一，反而带动一批友商拼命跟随，推出了一堆后置三摄的手机。还有比如“为所欲为”，现在华为在中国手机市场王者之位愈发稳固，市场占有率基本实现三分天下有其一；同时全球看，2019年全球销量更将超越苹果，越居全球第二。按华为终端规划，2020年还将超越三星手机登顶全球。当然，这个结果肯定不是这些黑子期待的，不过竟然一语成真，估计他们肯定很尴尬。", "author": "人才76116", "time": "人才7611603月13日20:09 来自HUAWEIP20", "transmit": 22, "comment": 99, "zan": 85, "sentiment": [{"positive_prob": 0.961621, "confidence": 0.914713, "negative_prob": 0.0383791, "sentiment": 2}]}, {"text": "华为P30Pro安兔兔跑分曝光，28万，4000W主摄像头，1080P屏幕。我怎么记得以前麒麟980跑分是31万，怎么越来越少了？？​", "author": "C科技", "time": "C科技03月13日10:35", "transmit": 17, "comment": 396, "zan": 208, "sentiment": [{"positive_prob": 0.0204025, "confidence": 0.954661, "negative_prob": 0.979598, "sentiment": 0}]}, {"text": "儿子用勤工俭学挣的钱，给老爸买了华为荣耀V20手机，很欣慰，心里暖暖的，谢谢儿子。​", "author": "pedro5181", "time": "pedro518103月13日21:23 来自HUAWEInova2", "transmit": 18, "comment": 151, "zan": 243, "sentiment": [{"positive_prob": 0.938208, "confidence": 0.862685, "negative_prob": 0.0617917, "sentiment": 2}]}, {"text": "三星A8s这颜色还是蛮好看的LCD打孔屏好评荣耀V20和华为nova4上用的京东方LCD打孔屏用久了四周会发黄不知道是不是雷军要科普的打孔屏缺点之一？​", "author": "科技狼说", "time": "科技狼说03月13日11:24 来自Weibo.intl", "transmit": 10, "comment": 132, "zan": 218, "sentiment": [{"positive_prob": 0.633339, "confidence": 0.185199, "negative_prob": 0.36666, "sentiment": 2}]}]