[{"text": "#华为P30#Pro实用拍摄教程来啦！来来来带大家一起体验超美大自然～#未来影像#@华为终端官方微博L江小爬LOVE的微博视频​​​", "author": "江小爬LOVE", "time": "江小爬LOVE05月13日10:32 来自HUAWEIP30Pro", "transmit": 4121, "comment": 2527, "zan": 28026, "sentiment": [{"positive_prob": 0.980335, "confidence": 0.956301, "negative_prob": 0.0196645, "sentiment": 2}]}, {"text": "【华为公布孟晚舟来信：无论眼下面对多大困难压力，内心都能依然坚定】今日，华为公布孟晚舟5月9日写给所有华为人的一封信。信中写到：在温哥华的这段时间，虽然我的活动范围仅在“方寸之间”，但是，心中的色彩和天地却前所未有的丰富而广阔。无论眼下面对多大的困难和压力，我的内心都能依然坚定。​", "author": "央视新闻", "time": "央视新闻05月13日13:00 来自微博weibo.com", "transmit": 491, "comment": 1331, "zan": 4244, "sentiment": [{"positive_prob": 0.966039, "confidence": 0.924531, "negative_prob": 0.0339609, "sentiment": 2}]}, {"text": "【#华为公布孟晚舟来信#：无论眼下多大困难压力内心依然坚定】13日，@华为心声社区发布了孟晚舟给所有华为人的一封信。孟晚舟称，在温哥华的这段时间，虽然活动范围仅在“方寸之间”，但是，心中的色彩和天地却前所未有的丰富而广阔。孟晚舟表示，无论眼下面对多大的困难和压力，内心都能依然坚定。（新京报）", "author": "头条新闻", "time": "头条新闻05月13日12:02 来自微博weibo.com", "transmit": 108, "comment": 172, "zan": 684, "sentiment": [{"positive_prob": 0.956791, "confidence": 0.903981, "negative_prob": 0.0432086, "sentiment": 2}]}, {"text": "#学生定制手机#时间按需锁死、违规自动记录，华为推学生定制版手机。​", "author": "少年不打太极", "time": "少年不打太极05月13日08:44 来自iPhoneX", "transmit": 81, "comment": 837, "zan": 1081, "sentiment": [{"positive_prob": 0.491081, "confidence": 0.821627, "negative_prob": 0.508919, "sentiment": 1}]}, {"text": "【孟晚舟最新邮件：活动范围虽在“方寸之间”，内心却前所未有的广阔】#华为公布孟晚舟来信#孟晚舟在5月9日给所有华为人的一封信中写道，在温哥华的这段时间，虽然活动范围仅在“方寸之间”，但是，心中的色彩和天地却前所未有的丰富而广阔。孟晚舟表示，无论眼下面对多大的困难和压力，内心都能依然坚定。正是这种力量，让手握得更紧，让华为意志的堡垒更加坚强。O孟晚舟致信华为人：任何事情，都有美好的一面", "author": "每日经济新闻", "time": "每日经济新闻05月13日11:43", "transmit": 46, "comment": 90, "zan": 682, "sentiment": [{"positive_prob": 0.980075, "confidence": 0.955722, "negative_prob": 0.0199252, "sentiment": 2}]}, {"text": "【#孟晚舟致信所有华为人#：无论眼下面对多大困难和压力，内心都能依然坚定】5月13日，华为心声社区公布了孟晚舟5月9日给所有华为人的一封信。她在信中表示，“在温哥华的这段时间，虽然我的活动范围仅在“方寸之间”，但是，心中的色彩和天地却前所未有的丰富而广阔...无论眼下面对多大的困难和压力，我的内心都能依然坚定。”", "author": "中国日报", "time": "中国日报05月13日11:59 来自微博weibo.com", "transmit": 20, "comment": 27, "zan": 164, "sentiment": [{"positive_prob": 0.961131, "confidence": 0.913624, "negative_prob": 0.0388694, "sentiment": 2}]}, {"text": "今天有两只新股，别忘了，没啥行情，万一中个签，怎么也能赚个华为P30.点赞的一般中签率高​", "author": "天津股侠", "time": "天津股侠05月13日14:45 来自微博weibo.com", "transmit": 43, "comment": 134, "zan": 14531, "sentiment": [{"positive_prob": 0.364318, "confidence": 0.190404, "negative_prob": 0.635682, "sentiment": 0}]}, {"text": "#LUXURIOUSQUEEN#带着明星网红都爱的LQpimplecream在世界的尽头--塔斯马尼亚小城拍一拍，花草物记的LQ。偶的#华为P30#拍摄效果如何。#mikey的花草物记#​", "author": "草原900", "time": "草原90005月13日15:37 来自国产900寸Android", "transmit": 173, "comment": 90, "zan": 236, "sentiment": [{"positive_prob": 0.981761, "confidence": 0.95947, "negative_prob": 0.0182386, "sentiment": 2}]}, {"text": "【#孟晚舟致信华为人#：谢谢每一位华为儿女】孟晚舟表示，在温哥华的这段时间，虽然活动范围仅在“方寸之间”，但心中的色彩和天地却前所未有的丰富而广阔。“我相信我走出的每一步，都有18.8万华为儿女的陪伴。无论眼下面对多大的困难和压力，我的内心都能依然坚定。”O孟晚舟5月9日给所有华为人的一封信：谢谢你们​", "author": "新浪科技", "time": "新浪科技05月13日11:06 来自微博weibo.com", "transmit": 67, "comment": 70, "zan": 697, "sentiment": [{"positive_prob": 0.987234, "confidence": 0.97163, "negative_prob": 0.0127663, "sentiment": 2}]}, {"text": "【#华为公布孟晚舟来信#：每次庭审结束都瞬间泪目】5月9日孟晚舟发给华为内部一封信，孟晚舟称，每次庭审结束，看到这么多的华为人熬着时差，远隔重洋，彻夜期待着我的消息，瞬间泪目。无论眼下面对多大的困难和压力，我的内心都能依然坚定，谢谢每一位华为儿女。O孟晚舟给华为人致信：每次庭审结束都瞬间泪目​", "author": "凤凰网", "time": "凤凰网05月13日12:35 来自微博weibo.com", "transmit": 38, "comment": 280, "zan": 277, "sentiment": [{"positive_prob": 0.976586, "confidence": 0.947969, "negative_prob": 0.0234139, "sentiment": 2}]}, {"text": "与摄影女神江一燕@江小爬LOVE相约非洲~这次她又会发现#华为P30#Pro哪些新的拍摄技巧呢~戳视频，一起来看~#未来影像#L华为P30系列未来影像​", "author": "华为终端官方微博", "time": "华为终端官方微博05月13日10:00 来自微博weibo.com", "transmit": 626, "comment": 653, "zan": 3163, "sentiment": [{"positive_prob": 0.943608, "confidence": 0.874684, "negative_prob": 0.0563922, "sentiment": 2}]}, {"text": "【华为公布“孟晚舟来信”：感谢牵挂，内心坚定】5月13日上午，华为“心声社区”公布一封孟晚舟5月9日给所有华为人的信。#华为公布孟晚舟来信#​", "author": "环球网", "time": "环球网05月13日11:28 来自微博weibo.com", "transmit": 61, "comment": 95, "zan": 481, "sentiment": [{"positive_prob": 0.764589, "confidence": 0.476864, "negative_prob": 0.235411, "sentiment": 2}]}, {"text": "【#华为回应学生定制机#：第三方软件公司开发将会严肃追责】昨日在微博上传闻，华为将针对学生推出定制手机，今日，华为向@新浪科技回应称：我们关注到广西柳州某高中学生家长微博反馈的相关情况。经核实，此次活动是广西众合壹讯信息科技有限公司单方面宣传行为，华为对此毫不知情。微博中提到的学生管控平台系众合壹讯信息科技有限公司应校方需求联系第三方软件公司开发，并非华为武汉研究所开发。针对擅自使用华为名义进行虚假宣传行为，华为将会严肃追责。O华为回应学生定制机:第三方软件公司开发官方将追责L新京报我们视频的秒拍视频", "author": "新浪财经", "time": "新浪财经05月13日13:04 来自微博weibo.com", "transmit": 43, "comment": 129, "zan": 92, "sentiment": [{"positive_prob": 0.918934, "confidence": 0.819854, "negative_prob": 0.0810656, "sentiment": 2}]}, {"text": "#柳州教育局回应学生定制华为手机#【柳州教育局回应“柳州一高中疑似定制手机”：已介入调查】“柳州教育”微信公号回应“#柳州某中学推出学生定制华为手机#”：柳州市教育局责成柳州高级中学调查核实。经初步了解，该事件基本情况是：5月11日下午4点，柳州高级中学组织召开高一年级学生家长会，经学校某副校长同意某公司向学生家长做了一个时长5分钟、配有PPT图片讲解的手机管理平台介绍，引起部分学生家长和学生质疑。教育局已组成联合调查组对事件进行全面调查，一经核实，将依法依规严肃处理。O“学生定制版华为手机”现身校园？官方回应：将进行全面调查", "author": "澎湃新闻", "time": "澎湃新闻05月13日18:06 来自微博weibo.com", "transmit": 43, "comment": 103, "zan": 66, "sentiment": [{"positive_prob": 0.643874, "confidence": 0.20861, "negative_prob": 0.356126, "sentiment": 2}]}, {"text": "非洲大迁徙马上就要来了，也不知道信小呆我今年能不能赶得上~~@江小爬LOVE江老师的视频总是那么亲切舒服，又超级美，这份好用的拍摄教程分享给大家，希望能帮到即将旅行的小伙伴呢~话说华为爸爸会给我送一台江老师同款的P30Pro吗？@华为终端官方微博，嘻嘻~嘘~#未来影像#L华为终端官方微博的秒拍视频​", "author": "信小呆", "time": "信小呆05月13日14:45 来自微博weibo.com", "transmit": 155, "comment": 260, "zan": 2892, "sentiment": [{"positive_prob": 0.982025, "confidence": 0.960056, "negative_prob": 0.017975, "sentiment": 2}]}, {"text": "【#华为回应学生定制机#：第三方软件公司开发，将会严肃追责】近日，网传华为将针对学生推出定制手机，校方可对学生的手机进行时间管理、内容信息过滤以及学校资源共享等，以解决学生使用手机的同时又不会过度依赖的问题。今日，华为回应称：我们关注到广西柳州某高中学生家长微博反馈的相关情况。经核实，此次活动是广西众合壹讯信息科技有限公司单方面宣传行为，华为对此毫不知情。微博中提到的学生管控平台系众合壹讯信息科技有限公司应校方需求联系第三方软件公司开发，并非华为武汉研究所开发。针对擅自使用华为名义进行虚假宣传行为，华为将会严肃追责。（新浪科技）O华为回应学生定制机:第三方软件公司开发官方将追责", "author": "Vista看天下", "time": "Vista看天下05月13日13:49 来自微博weibo.com", "transmit": 31, "comment": 115, "zan": 72, "sentiment": [{"positive_prob": 0.576046, "confidence": 0.0578797, "negative_prob": 0.423954, "sentiment": 2}]}, {"text": "【华为公布孟晚舟来信：无论眼下面对多大困难压力，内心都能依然坚定】今日，华为公布孟晚舟5月9日写给所有华为人的一封信。信中写到：在温哥华的这段时间，虽然我的活动范围仅在“方寸之间”，但是，心中的色彩和天地却前所未有的丰富而广阔。无论眼下面对多大的困难和压力，我的内心都能依然坚定。​​​​", "author": "央视网", "time": "央视网05月13日16:30 来自微博weibo.com", "transmit": 14, "comment": 39, "zan": 285, "sentiment": [{"positive_prob": 0.966039, "confidence": 0.924531, "negative_prob": 0.0339609, "sentiment": 2}]}, {"text": "#华为否认推出学生定制版手机#【华为推出学生定制版手机？校方：只推荐不强制购买华为：不知情，将严肃追责】近日，柳州市高级中学传出#中学推学生定制手机#的消息，其中共两款机型，定价分别为1499元和2499元。据新京报报道，柳州市高级中学覃副校长称，这种私人订制需要家长和学生都同意，然后到学校报备，由学校委派（与厂家沟通），到目前为止没有任何协议。消息传出后引起较大反响，对此，华为回应称，此次活动是广西合众壹讯信息科技有限公司单方面宣传行为，华为对此毫不知情。微博中提到的学生管控平台系合众壹讯信息科技有限公司应校方需求联系第三方软件公司开发，并非华为武汉研究所开发。针对擅自使用华为名义进行虚假宣传行为，华为将会严肃追责。O华为推出学生定制版手机？华为：不知情，将严肃追责L新京报我们视频的秒拍视频", "author": "每日经济新闻", "time": "每日经济新闻05月13日16:30 来自微博weibo.com", "transmit": 12, "comment": 22, "zan": 31, "sentiment": [{"positive_prob": 0.110036, "confidence": 0.755476, "negative_prob": 0.889964, "sentiment": 0}]}, {"text": "【#华为公布孟晚舟来信#：我的内心都能依然坚定】13日，被加拿大政府扣押的华为高管孟晚舟，通过华为公司“心声社区”发布了一封写给“所有华为人”的信：从未有机会如此紧密地与18.8万华为人联接在一起。每一步，都有18.8万华为儿女的陪伴。所以，无论眼下面对多大的困难和压力，内心都能依然坚定。安哥：我们风雨同“舟”！", "author": "中国长安网", "time": "中国长安网05月13日13:53 来自360安全浏览器", "transmit": 88, "comment": 26, "zan": 114, "sentiment": [{"positive_prob": 0.969465, "confidence": 0.932144, "negative_prob": 0.030535, "sentiment": 2}]}, {"text": "华为去年说，荣耀V20和Nova4的挖孔屏领先友商半年到一年，到现在半年过去了，还真的没有其他国产厂商用挖孔屏。这是什么原因？​", "author": "C科技", "time": "C科技05月13日14:58", "transmit": 4, "comment": 394, "zan": 200, "sentiment": [{"positive_prob": 0.304812, "confidence": 0.32264, "negative_prob": 0.695188, "sentiment": 0}]}, {"text": "【转评抽送自拍杆两个！】#DIGIX华为全球手机主题设计大赛#持续报名中！以设计之名，跨越想象边界！在5月31日前提交你的创意作品，瓜分33万美金的丰厚奖励吧，进入大赛官网立即报名参赛！现已提交参赛的作品中，小编精选了上周的高人气参赛作品，一起来欣赏吧！​", "author": "华为开发者联盟", "time": "华为开发者联盟05月13日20:00 来自微博weibo.com", "transmit": 122, "comment": 109, "zan": 83, "sentiment": [{"positive_prob": 0.976079, "confidence": 0.946841, "negative_prob": 0.0239214, "sentiment": 2}]}, {"text": "【英前情报高官跟风：去中国，别带手机！】自去年底，美国情报部门高官咋呼“CEO们去中国，别带手机”后，英国前情报部门负责人也加入了。军情六处前负责人理查德·迪尔洛夫爵士（SirRichardDearlove）宣称，如果允许华为参与建设5G网络，很可能会“危害国家安全”。他还“好心提醒”商务人士称，不要将常用手机带入中国。O继美国后，英国军情六处前高官也咋呼“商务人士去中国，别带手机！”", "author": "观察者网", "time": "观察者网05月13日14:00 来自微博weibo.com", "transmit": 41, "comment": 159, "zan": 105, "sentiment": [{"positive_prob": 0.137625, "confidence": 0.694167, "negative_prob": 0.862375, "sentiment": 0}]}, {"text": "真正的价值投资者就是弃弱就强的典范。华为是。腾讯放弃腾讯微博也是。别妄想小概率的个人英雄主义。英雄主义就是跟定运气更好的人，更强壮的主体，更具多重魅力的正向反馈。牛股只会更牛，拐点取舍之间，比的就是你的心志坚定力。​", "author": "易伟", "time": "易伟05月13日16:26 来自iPhone6s", "transmit": 347, "comment": 58, "zan": 320, "sentiment": [{"positive_prob": 0.316427, "confidence": 0.296828, "negative_prob": 0.683573, "sentiment": 0}]}, {"text": "【\"学生定制版华为手机\"现身校园？教育局：将全面调查】广西柳州教育局发布通报称，5月12日晚起，多家新闻媒体陆续转载“柳州某中学推出学生定制华为手机”的相关报道。得知此事后，柳州市教育局责成柳州高级中学调查核实，教育局已组成联合调查组对事件进行全面调查。O\"学生定制版华为手机\"现身校园？教育局：将全面调查​", "author": "新浪科技", "time": "新浪科技05月13日18:46 来自微博weibo.com", "transmit": 8, "comment": 21, "zan": 40, "sentiment": [{"positive_prob": 0.82264, "confidence": 0.605868, "negative_prob": 0.17736, "sentiment": 2}]}, {"text": "#凤凰正点播报#【孟晚舟发表公开信:感谢华为人支持】华为副董事长兼首席财务官孟晚舟，13号在华为内部论坛心声小区上发表公开信，感谢华为人的支持和关心。孟晚舟的公开信以\"谢谢你们，我最亲密的伙伴\"为标题，表示在温哥华的这段时间，虽然她的活动范围仅在\"方寸之间\"，但是心中的色彩和天地，却前所未有的丰富而广阔。孟晚舟又说，从未有机会如此紧密地与18.8万华为人连接在一起，很多华为人彻夜期待她的消息，又在心声小区上给她留言，更有已经离职的华为儿女，在温哥华早早地去排队入场出席她的庭审，尽最大的努力支持她。华为人的牵挂和支持，令她感到温暖和力量，所以无论眼下面对多大的困难和压力，她的内心都能依然坚定。", "author": "凤凰卫视", "time": "凤凰卫视05月13日15:40 来自微博weibo.com", "transmit": 4, "comment": 14, "zan": 44, "sentiment": [{"positive_prob": 0.99543, "confidence": 0.989845, "negative_prob": 0.00456969, "sentiment": 2}]}, {"text": "【华为#学生定制手机#曝光：统一管理使用时间，自动记录违规行为】据报道，5月11日广西柳州一中学推出华为学生定制手机，分为两款，定价分别为1499元和2499元，可过滤不良信息，并对使用时间进行管理。其中华为nova4学生定制版，非指定使用时间会自动锁死，自动记录违规行为，校方回应，推出定制版手机是应家长要求，购买定制手机需学生和家长一致同意，学校不参与任何收费，也不强制购买。L新京报我们视频的秒拍视频", "author": "AI财经社", "time": "AI财经社05月13日10:59 来自微博weibo.com", "transmit": 75, "comment": 37, "zan": 19, "sentiment": [{"positive_prob": 0.190653, "confidence": 0.576326, "negative_prob": 0.809347, "sentiment": 0}]}, {"text": "【华为公布孟晚舟来信：无论眼下面对多大困难压力，内心都能依然坚定】今日，华为公布孟晚舟5月9日写给所有华为人的一封信。信中写到：在温哥华的这段时间，虽然我的活动范围仅在“方寸之间”，但是，心中的色彩和天地却前所未有的丰富而广阔。无论眼下面对多大的困难和压力，我的内心都能依然坚定。​​​", "author": "习五一", "time": "习五一05月13日15:15 来自iPhone8Plus", "transmit": 33, "comment": 115, "zan": 176, "sentiment": [{"positive_prob": 0.966039, "confidence": 0.924531, "negative_prob": 0.0339609, "sentiment": 2}]}, {"text": "华为推出了学生定制手机，这款手机自带管控，校方可以通过统一平台对全校学生手机进行管理，在指定的时间内手机会自动锁死，自动过滤5亿条不良信息，支持学校资源共享，推送学校通知，规行为系统也可以进行记录。它就是定制版华为nova4手机，各位觉得怎么样，2499元买不买​", "author": "TechWeb", "time": "TechWeb05月13日08:57 来自微博weibo.com", "transmit": 61, "comment": 119, "zan": 40, "sentiment": [{"positive_prob": 0.88487, "confidence": 0.744155, "negative_prob": 0.11513, "sentiment": 2}]}, {"text": "著名时尚摄影师ErikMadiganHeck用手机记录家庭的生活片段，以摄影作画，很有感染力！便携的手机可以更好地捕捉人物自然的状态，我们也期待更多朋友用华为手机记录身边家人、朋友的有趣瞬间，参加新影像大赛，踊跃投稿！O网页链接L华为手机官方的秒拍视频​", "author": "华为何刚", "time": "华为何刚05月13日21:21 来自HUAWEIP30Pro", "transmit": 25, "comment": 41, "zan": 124, "sentiment": [{"positive_prob": 0.986389, "confidence": 0.969753, "negative_prob": 0.0136111, "sentiment": 2}]}, {"text": "华为Matebook14笔记本电脑上手评测。轻薄的重新排列组合L欧阳秋叶的微博视频​", "author": "欧阳秋叶", "time": "欧阳秋叶05月13日22:50 来自UC浏览器电脑版", "transmit": 12, "comment": 57, "zan": 163, "sentiment": [{"positive_prob": 0.61991, "confidence": 0.155354, "negative_prob": 0.38009, "sentiment": 2}]}]