[{"text": "外国小伙：支持华为从我做起，我就要来做你们要求的，到华为手机店买一台华为P30Pro，并且砸掉我的iPhone……真的砸了iPhone！​", "author": "科技Yu", "time": "科技Yu06月22日15:31", "transmit": 180, "comment": 835, "zan": 5387, "sentiment": [{"positive_prob": 0.0554827, "confidence": 0.876705, "negative_prob": 0.944517, "sentiment": 0}]}, {"text": "【再次明抢！华为两台电信设备在美国被非法没收】路透社最新消息，华为再次向美国商务部发起诉讼，原因是华为的服务器和交换机送往加州实验室测试，结果这两台电信设备在阿拉斯加被美方非法没收了，现在两台设备仍在阿拉斯加的一所仓库中，美国扣留设备是想窃取华为的核心技术吗？#苹果反对对华加征关税##华为起诉美国商务部#", "author": "建华Wei业", "time": "建华Wei业06月22日09:06 来自HUAWEIMate20Pro", "transmit": 959, "comment": 1157, "zan": 17127, "sentiment": [{"positive_prob": 0.718165, "confidence": 0.373699, "negative_prob": 0.281836, "sentiment": 2}]}, {"text": "【任正非：华为是打不死的鸟2021年将重新焕发勃勃生机】6月17日，任正非与美国科学思想领袖：乔治·吉尔德和尼古拉斯·尼葛洛庞帝对话时说，美国对华为的打压并不会阻止华为前进的步伐。华为这两年会减产，需要进行很多版本的切换，此后便会变得更加坚强。任正非表示，华为是打不死的鸟，2021年将重新焕发勃勃生机。@老板联播L老板联播的秒拍视频", "author": "新浪财经", "time": "新浪财经06月22日14:20 来自微博weibo.com", "transmit": 77, "comment": 133, "zan": 588, "sentiment": [{"positive_prob": 0.939264, "confidence": 0.865032, "negative_prob": 0.0607357, "sentiment": 2}]}, {"text": "奇幻色彩，年轻不止一面！静谧悠然的绮境森林、梦幻神秘的仲夏紫、热情洋溢的珊瑚橙、璀璨深邃的亮黑色。全新#华为nova5#系列登场，你最钟情哪个颜色？​", "author": "华为手机", "time": "华为手机06月22日10:00 来自nova5Pro人像超级夜景", "transmit": 4819, "comment": 620, "zan": 2158, "sentiment": [{"positive_prob": 0.920407, "confidence": 0.823127, "negative_prob": 0.0795929, "sentiment": 2}]}, {"text": "华为的一位员工在深夜加班时，点了份外卖。当拿到外卖时，配送单上的字显得异常醒目：“期待鸿蒙，华为加油，辛苦了！！！”短短的11个字在这个安静的深夜显得异常温暖，拿到外卖的华为员工瞬间泪崩。​", "author": "媒体人张晓磊", "time": "媒体人张晓磊06月22日21:01 来自微博weibo.com", "transmit": 179, "comment": 609, "zan": 6893, "sentiment": [{"positive_prob": 0.918966, "confidence": 0.819924, "negative_prob": 0.0810344, "sentiment": 2}]}, {"text": "为华为拍摄的广告出街了，这次真的是上天，下海，进撒哈拉，萤火虫抓来做主灯，不容易的一次。华为加油！​", "author": "许闯Trunk", "time": "许闯Trunk06月22日21:06 来自iPhone客户端", "transmit": 57, "comment": 118, "zan": 1115, "sentiment": [{"positive_prob": 0.736886, "confidence": 0.415303, "negative_prob": 0.263114, "sentiment": 2}]}, {"text": "【#华为起诉美国商务部#：无故扣押电信设备】华为正式向华盛顿联邦法院起诉美国商务部，质疑其在从美国返回中国途中被扣押的电信设备是否在美国《出口管制条例》（EAR）的范围内。华为称在2017年7月，该公司曾将一套包括服务器和以太网交换机在内的电信设备发往位于加利福尼亚的测试实验室，并计划在测试完成后送回中国。但该设备随后在阿拉斯加被美国当局扣押。O华为起诉美国商务部：无故扣押电信设备", "author": "凤凰网科技", "time": "凤凰网科技06月22日10:08 来自微博weibo.com", "transmit": 569, "comment": 921, "zan": 21099, "sentiment": [{"positive_prob": 0.948766, "confidence": 0.886146, "negative_prob": 0.0512343, "sentiment": 2}]}, {"text": "【匈牙利官员：华为设备构成安全威胁并无证据】美国正四处游说其盟友放弃使用华为通信设备，宣称华为设备存在安全隐患。不过，路透社21日称，匈牙利创新与技术部部长鲍尔科维奇·拉斯洛当地时间20日表示，匈牙利至今没有证据显示华为设备构成安全威胁。他说：“我们采取了相当务实的立场。”“除非有证据证明华为、思科或其他科技公司可能对匈牙利、北约以及欧盟等造成任何威胁，否则我们将对华为与其他公司一视同仁。”O力挺华为！匈牙利官员：华为设备构成安全威胁并无证据", "author": "环球时报", "time": "环球时报06月22日09:10 来自微博weibo.com", "transmit": 49, "comment": 82, "zan": 1009, "sentiment": [{"positive_prob": 0.173201, "confidence": 0.61511, "negative_prob": 0.826799, "sentiment": 0}]}, {"text": "【#BAT和华为职级薪资股权揭秘#：阿里工资上涨股权减少，华为拼分红】以BAT为代表的职级规则是中国互联网公司的标杆。阿里分P和M两个序列，一般是16薪，近两年薪资涨幅比较大，而股权数下降明显；腾讯分14级，好的团队年终奖可以拿到更多；百度给的现金最多；在华为年限越久，奖金越多，分红规模越大。@老板联播（数据来源：@InfoQ根据猎头接触情况整理，仅供参考）L老板联播的秒拍视频", "author": "财经网", "time": "财经网06月22日20:33", "transmit": 83, "comment": 21, "zan": 111, "sentiment": [{"positive_prob": 0.891882, "confidence": 0.759737, "negative_prob": 0.108118, "sentiment": 2}]}, {"text": "【美国科技杂志编辑从英国邮寄华为手机，被联邦快递拒绝投递】据美国《个人电脑》杂志6月22日报道，该杂志的一位英国记者被美国联邦快递公司告知，他不能将一部华为P30手机从英国快递到该杂志的纽约办公室。联邦快递在邮包标签上注明的理由是美国政府与华为、中国政府之间的一个问题，令其将这一手机送回发件人。《个人电脑》杂志的分析主管萨沙塞根通过社交媒体指责这一事件“完全荒谬”，华为发言人戴利在社交媒体上回应称，这一拒收事件是“对（行政命令提及的实体清单）的完全误解”。O美国科技杂志编辑从英国邮寄华为手机，被联邦快递拒绝投递", "author": "环球时报", "time": "环球时报06月22日22:30 来自微博weibo.com", "transmit": 104, "comment": 170, "zan": 1654, "sentiment": [{"positive_prob": 0.196222, "confidence": 0.563952, "negative_prob": 0.803778, "sentiment": 0}]}, {"text": "妹子一心想买华为P30Pro，进店被忽悠买了vivoS1，销售人员称配置和华为P30一样。最终以2880元买了vivoS1。来源：小肥皂vlog​", "author": "科技洋洋", "time": "科技洋洋06月22日10:33 来自iPhone客户端", "transmit": 93, "comment": 916, "zan": 4233, "sentiment": [{"positive_prob": 0.138117, "confidence": 0.693073, "negative_prob": 0.861883, "sentiment": 0}]}, {"text": "【力挺华为！匈牙利官员：#华为设备构成安全威胁并无证据#】路透社21日称，匈牙利创新与技术部部长鲍尔科维奇·拉斯洛当地时间20日表示，该国没有证据表明华为设备构成安全威胁，并称匈牙利正在考虑加速推进5G网络建设。据了解，这已不是匈牙利官员首次就华为设备问题表态，此前就有匈牙利高官力挺华为。今年4月，匈牙利财政部长米哈伊曾表示，欢迎中国华为公司，匈牙利将华为公司视为自己的IT战略伙伴。O对待这件事，匈牙利好样的！", "author": "环球网", "time": "环球网06月22日08:10 来自微博weibo.com", "transmit": 41, "comment": 34, "zan": 491, "sentiment": [{"positive_prob": 0.558845, "confidence": 0.0196558, "negative_prob": 0.441155, "sentiment": 2}]}, {"text": "【华为起诉美国商务部：无故扣押电信设备】当地时间6月21日，华为正式向华盛顿联邦法院起诉美国商务部，质疑其在送往美国后返回中国途中被扣押的电信设备是否在美国《出口管制条例》（EAR）的范围内。在诉讼文件中，华为称在2017年7月，该公司曾将一套包括服务器和以太网交换机在内的电信设备发往位于加利福尼亚的测试实验室，并计划在测试完成后送回中国。但该设备随后在阿拉斯加被美国当局扣押。O华为起诉美国商务部：无故扣押电信设备", "author": "观察者网", "time": "观察者网06月22日09:48 来自微博weibo.com", "transmit": 637, "comment": 412, "zan": 5565, "sentiment": [{"positive_prob": 0.918335, "confidence": 0.818523, "negative_prob": 0.0816649, "sentiment": 2}]}, {"text": "情绪是灵感的原点，在色彩的感官花园，绮境森林、仲夏紫、珊瑚橙、亮黑色，#华为nova5#系列哪种颜色更能激发你的灵感？​", "author": "华为终端官方微博", "time": "华为终端官方微博06月22日11:51 来自nova5Pro人像超级夜景", "transmit": 134, "comment": 413, "zan": 1905, "sentiment": [{"positive_prob": 0.865387, "confidence": 0.70086, "negative_prob": 0.134613, "sentiment": 2}]}, {"text": "90秒看完#华为nova5#系列新品发布会，精彩这里来戳！L华为终端官方微博的微博视频​", "author": "华为终端官方微博", "time": "华为终端官方微博06月22日19:21 来自微博视频", "transmit": 2285, "comment": 363, "zan": 2235, "sentiment": [{"positive_prob": 0.901576, "confidence": 0.781281, "negative_prob": 0.0984235, "sentiment": 2}]}, {"text": "我为林志玲支个招儿：让他老公上一期快乐大本营，穿唐装，上来就用霓虹口音说：泥号中国，我师黑泽，我有一个中国名字，叫林泽明（主持人趁机解释什么是入赘，傻笑即可）接着夸中国菜好吃，强调日本西瓜贵吃不起，这次接通告第一次用勺子舀西瓜吃，华为手机好，重点表演吃臭豆腐，背唐诗，英文发音尽量滑稽，最后再合唱一首中国人上一次保10年。", "author": "性感玉米", "time": "性感玉米06月22日16:33 来自Weibo.intl", "transmit": 808, "comment": 243, "zan": 3548, "sentiment": [{"positive_prob": 0.96049, "confidence": 0.912199, "negative_prob": 0.0395106, "sentiment": 2}]}, {"text": "【美IT杂志从英国寄华为手机，联邦快递拒绝投递】6月21日，美国知名IT杂志PCMagazine首席分析师塞根（SaschaSegan）发推称，该公司一部本应从伦敦寄往美国的华为P30Pro手机被联邦快递退回。包裹被退回时，上面写的原因是“美国政府与华为及中国政府之间的问题”O美IT杂志从英国往美国寄华为手机，联邦快递拒绝投递​", "author": "观察者网", "time": "观察者网06月22日20:16 来自微博weibo.com", "transmit": 631, "comment": 375, "zan": 3505, "sentiment": [{"positive_prob": 0.857241, "confidence": 0.682759, "negative_prob": 0.142759, "sentiment": 2}]}, {"text": "【任正非：华为不会拆分出售业务，将把更多员工投入到主战场】6月17日，华为公司创始人、CEO任正非在与美国学者对话中表示，华为未来不会有业务拆分和出售的问题，将把更多员工投入到主战场。​​​​华为公司不会出现大规模裁员等问题，但业务整合会一直在进行。L老板联播的秒拍视频​", "author": "新浪财经", "time": "新浪财经06月22日14:55 来自微博weibo.com", "transmit": 27, "comment": 78, "zan": 341, "sentiment": [{"positive_prob": 0.744978, "confidence": 0.433284, "negative_prob": 0.255022, "sentiment": 2}]}, {"text": "如果华为不是国产肯定都是赞美之声，不会有那么多喷子。L笑到拔胸毛的微博视频​", "author": "笑到拔胸毛", "time": "笑到拔胸毛06月22日23:15", "transmit": 91, "comment": 514, "zan": 4725, "sentiment": [{"positive_prob": 0.692173, "confidence": 0.315941, "negative_prob": 0.307827, "sentiment": 2}]}, {"text": "用华为P30Pro的50倍变焦拍的星星，你们感受一下​", "author": "科技新一", "time": "科技新一06月22日22:02", "transmit": 20, "comment": 297, "zan": 1040, "sentiment": [{"positive_prob": 0.420029, "confidence": 0.0666021, "negative_prob": 0.579971, "sentiment": 0}]}, {"text": "#每晚十点钟#现在回想任正非当年的这些话，真是太正确了！如果这些年企业家们不那么浮躁，或许我们国家会有更多个华为。。。L中国IT杂谈的秒拍视频​", "author": "中国IT杂谈", "time": "中国IT杂谈06月22日22:00 来自微博weibo.com", "transmit": 136, "comment": 89, "zan": 796, "sentiment": [{"positive_prob": 0.951145, "confidence": 0.891434, "negative_prob": 0.0488547, "sentiment": 2}]}, {"text": "德云社【全家福手机壁纸】宗之潇洒美少年，举饮流殇望青天，皎如玉树临风前。手握日月摘星辰，纸扇醒目柳儿唱，回敬德云百万缘。图1.OPPO/vivo/华为图2.苹果8P图3.苹果xsMax图4.苹果8图5.小米8图6.ipad如果没有自己的手机型号，建议保存苹果XsMax型号的图片，这个图片是最大的抱图出音儿～❌商用，自用随意！素材来源：德云社官微", "author": "Sunny-妍", "time": "Sunny-妍06月22日09:59 来自德云社超话", "transmit": 68, "comment": 670, "zan": 1022, "sentiment": [{"positive_prob": 0.315688, "confidence": 0.298471, "negative_prob": 0.684312, "sentiment": 0}]}, {"text": "罗永浩：华为的成功在于吃掉了三星的高端用户，OPPOvivo的成功在于渠道，小米其实被大家误解。目前还没有一家国产手机厂商是真正靠产品创新取得成功的。你们同意吗？L科技新一的微博视频​", "author": "科技新一", "time": "科技新一06月22日13:32", "transmit": 185, "comment": 480, "zan": 1797, "sentiment": [{"positive_prob": 0.894825, "confidence": 0.766277, "negative_prob": 0.105175, "sentiment": 2}]}, {"text": "#华为起诉美国商务部#【对话任正非：没想到美国打击面如此宽，但这阻挠不了华为前进的步伐】L中报视频的秒拍视频​", "author": "环球纪录频道", "time": "环球纪录频道06月22日10:40 来自iPhone客户端", "transmit": 486, "comment": 99, "zan": 1975, "sentiment": [{"positive_prob": 0.622377, "confidence": 0.160838, "negative_prob": 0.377623, "sentiment": 2}]}, {"text": "华为待遇很好啊，是有加班，但关键付出有回报，有钱，很多企业加班了还没有钱，华为食堂也不错啊，吃的好​", "author": "涨涨麻麻", "time": "涨涨麻麻06月22日12:35 来自OPPO智能手机", "transmit": 55, "comment": 255, "zan": 1185, "sentiment": [{"positive_prob": 0.98776, "confidence": 0.972799, "negative_prob": 0.0122404, "sentiment": 2}]}, {"text": "易烊千玺#易烊千玺世间少年当如你##易烊千玺华为nova全球代言人#我会用最初的心陪你走最远的路在这什么都善变的人间里我想和你看一看永远——————————————————————————6月27日周四《少年的你》上映——————————————————————————每周六20:00《这，就是街舞》优酷独播——————————————————————————不见不散哦@TFBOYS-易烊千玺K舒适圈KDon'tTieMeDown-TFBOYS-易烊千玺K亲爱的，这里没有一个人K恒温动物[米奇比心]华为nova依云品牌全球代言人[米奇比心]天猫喜马拉雅APP首位代言人[米奇比心]AdidasNeo百草味优益C康师傅绿茶最佳代言人[米奇比心]长安十二时辰艳势番少年的你[米奇比心]丹麦旅游形象代言人四字弟弟sz[米奇比心]四字弟弟李泌阿易易队长幻乐之城[米奇比心]舞台王者一心一意易烊千玺千纸鹤[米奇比心]易烊千玺粉丝野兽派小王子的玫瑰[米奇比心]沙宣全球代言人梨涡少年千家大佬[米奇比心]BottegaVeneta亚太区品牌代言人高奢[米奇比心]纪梵希首位中国区美妆品牌代言人高奢[米奇比心]百度APP超级新生代代言人[米奇比心]中戏双料第一易烊千玺帅qzhznjj[米奇比心]雕塑千禧龙金牌经理人大冰小将", "author": "雪雪·", "time": "雪雪·06月22日19:08 来自易烊千玺超话", "transmit": 38, "comment": 135, "zan": 778, "sentiment": [{"positive_prob": 0.975946, "confidence": 0.946546, "negative_prob": 0.0240542, "sentiment": 2}]}, {"text": "#华为抄袭#如果这都构不成抄袭恐怕只有复制粘贴才能算抄袭了以前华为说我们没有水军我是不信的现在我信了华为确实没有水军强大的公关不需要带节奏直接删帖就完事小米抄袭三天热搜挂的明明白白的被喷的狗血淋头华为抄袭撤热搜删帖子掩耳盗铃最后某粉：华为无小事​", "author": "我一直在想昵称太长会不会被人打", "time": "我一直在想昵称太长会不会被人打06月22日12:45 来自小米8周年旗舰手机", "transmit": 282, "comment": 137, "zan": 1135, "sentiment": [{"positive_prob": 0.0528355, "confidence": 0.882588, "negative_prob": 0.947165, "sentiment": 0}]}, {"text": "【第1106期】#墨香伴读书#最近华为事件持续发酵，任正非接受央视采访，回应热点，也告诉大家华为的信心和决心。一个大国抵制一个公司，是前所未有的，但是华为不畏惧、不自卑、不自大，并表示已经做好准备。相信华为即使现在面临巨大挑战，也会努力渡过去的！任正非和华为的这种铁骨铮铮的精神，也是当下我们需要学习的，《#苦难英雄任正非#》的精彩语录分享给大家！转发+关注抽赠5本~截止时间2019年6月29日O抽奖详情", "author": "墨香书坊", "time": "墨香书坊06月22日12:00 来自微博weibo.com", "transmit": 643, "comment": 193, "zan": 235, "sentiment": [{"positive_prob": 0.961603, "confidence": 0.914674, "negative_prob": 0.0383969, "sentiment": 2}]}, {"text": "阿里，腾讯，华为，百度对应的级别薪酬#工作那点事儿#@恶魔奶爸Sam1.大学应届生入阿里一般P5-P6，如果能拿到40万年薪，对应届生来说，还是很有竞争力的。2.一般来说阿里P7，腾讯T3-2-3，百度T7是分水岭，步入百万身价的起点。3.阿里P9开始总包接近千万了。4.阿里的计算仅仅是保守的16薪（13薪+3个月很平均的年终奖），但是如果绩效高3-20个月的年终奖还是大有人在的；5.数据来源于网络，八九不离十，大家看看参考一下，乐一乐的同时，可以找找自身差距，思考怎么晋升，怎么更好体现自身和客户价值就更好了。你们觉得呢？O网页链接", "author": "互联网民工-_-子谦Jacob-Fitness", "time": "互联网民工-_-子谦Jacob-Fitness06月22日19:27 来自iPhoneX", "transmit": 314, "comment": 212, "zan": 995, "sentiment": [{"positive_prob": 0.116027, "confidence": 0.742162, "negative_prob": 0.883973, "sentiment": 0}]}, {"text": "【#华为起诉美国商务部#：无故扣押电信设备，并不在管制范围】6月21日，华为正式向华盛顿联邦法院起诉美国商务部。华为将一套电信设备发往位于加利福尼亚的测试实验室，并计划在测试完成后送回中国，但该设备随后在阿拉斯加被美国当局扣押至今。@老板联播L老板联播的秒拍视频​", "author": "梨视频", "time": "梨视频06月22日11:59 来自微博weibo.com", "transmit": 31, "comment": 96, "zan": 388, "sentiment": [{"positive_prob": 0.934967, "confidence": 0.855483, "negative_prob": 0.0650327, "sentiment": 2}]}]