[{"text": "#中国5G基站将占全球一半#华为轮值董事长徐直军表示，根据2018年底数据显示，全球4G基站中国占一半以上，而5G基站也会是中国占全球一半以上，未来5G发展要看中国。你们觉得5G时代那个国家占据主导地位？你们觉得5G时代那个国家占据主导地位？​", "author": "IT观察猿", "time": "IT观察猿08月26日11:51 来自微博weibo.com", "transmit": 183, "comment": 468, "zan": 37715, "sentiment": [{"positive_prob": 0.428142, "confidence": 0.0485737, "negative_prob": 0.571858, "sentiment": 0}]}, {"text": "#2019智博会#【分享你对智能化的期待，有机会赢取华为5G手机！】2019智博会于8月26日-29日在重庆举行，吸引了843家企业参展，展览面积达21万平方米。作为全球领先的ICT解决方案和云服务供应商，华为将在智博会期间举办“重庆#选择不凡#华为云城市峰会2019”，并携手重庆市政府、高校以及合作伙伴，借助5G+云+AI三大引擎，助力重庆创新发展。关注@重庆发布并转发此条微博，说出你对智能化的期待或参会感受，我们将联合华为送出一台HUAWEIMate20X(5G)8GB+256GB全网通版手机。O2019年8月31日20点开奖，快来畅所欲言！O抽奖详情", "author": "重庆发布", "time": "重庆发布08月26日22:47", "transmit": 8662, "comment": 5401, "zan": 4577, "sentiment": [{"positive_prob": 0.981827, "confidence": 0.959615, "negative_prob": 0.0181733, "sentiment": 2}]}, {"text": "永远不要低估华为P30Pro的能力​", "author": "爆笑三叔", "time": "爆笑三叔08月26日09:31 来自微博weibo.com", "transmit": 366, "comment": 1090, "zan": 13907, "sentiment": [{"positive_prob": 0.379515, "confidence": 0.156633, "negative_prob": 0.620485, "sentiment": 0}]}, {"text": "我们通过1+8+N战略，依托手机辐射全场景，推荐大家看看这段视频，了解全场景无缝服务体验会让你的生活发生哪些变化。L玩机技巧秒拍在线的秒拍视频​​​", "author": "余承东", "time": "余承东08月26日20:04 来自HUAWEIMate20X5G", "transmit": 139, "comment": 418, "zan": 1750, "sentiment": [{"positive_prob": 0.955396, "confidence": 0.900881, "negative_prob": 0.0446037, "sentiment": 2}]}, {"text": "今夏两大顶流：华为荣耀时尚大使李现vs汰渍品牌大使肖战，你更看好谁的发展？！你更看好谁的发展？​", "author": "吃瓜姐妹", "time": "吃瓜姐妹08月26日16:21", "transmit": 225, "comment": 316, "zan": 23400, "sentiment": [{"positive_prob": 0.614058, "confidence": 0.14235, "negative_prob": 0.385942, "sentiment": 2}]}, {"text": "人才组热议：李现今天宣了华为荣耀时尚大使，肖战宣了汰渍品牌大使，两位都是今夏大爆流量，最近都在频繁宣各种资源。大家觉得从资源看，谁发展会更好李现、肖战谁发展好？​", "author": "吃瓜鹅每日搬", "time": "吃瓜鹅每日搬08月26日15:13", "transmit": 399, "comment": 722, "zan": 48514, "sentiment": [{"positive_prob": 0.814529, "confidence": 0.587841, "negative_prob": 0.185471, "sentiment": 2}]}, {"text": "【华为徐直军:5G发展要看中国#中国5G基站将占全球一半#】华为近日正式发布AI处理器Ascend910（昇腾910），推出全场景AI计算框架MindSpore。华为轮值董事长徐直军表示，根据2018年底数据显示，全球4G基站中国占一半以上，而5G基站也会是中国占全球一半以上，未来5G发展要看中国。O华为徐直军:5G发展要看中国中国5G基站将占全球一半​", "author": "新浪5G", "time": "新浪5G08月26日11:10 来自微博weibo.com", "transmit": 305, "comment": 1858, "zan": 20867, "sentiment": [{"positive_prob": 0.908442, "confidence": 0.796537, "negative_prob": 0.0915585, "sentiment": 2}]}, {"text": "#GENTLEMONSTER华为智能眼镜#🕶️L海龟先生乐队的微博视频​", "author": "海龟先生乐队", "time": "海龟先生乐队08月26日20:00", "transmit": 0, "comment": 0, "zan": 0, "sentiment": [{"positive_prob": 0.875535, "confidence": 0.723412, "negative_prob": 0.124465, "sentiment": 2}]}, {"text": "華為手機拍照的感覺是真的不錯的...我老婆拍照技術比我好多了...到下一個點還有50多公里...四國遍路...Day13...​", "author": "朱孝天", "time": "朱孝天08月26日20:28 来自微博weibo.com", "transmit": 29, "comment": 124, "zan": 847, "sentiment": [{"positive_prob": 0.90557, "confidence": 0.790155, "negative_prob": 0.09443, "sentiment": 2}]}, {"text": "华为手机拍照的效果确实比苹果好多了今天穿着闺蜜周珈米设计的粉梅花旗袍和水墨山水外披（降温了，海边风大，没外衣配了应该配纯白），去了两个景点，好喜欢这种大海、森林加大草坪的组合，少女时代梦想的童话世界就是这个样子……希望在咱中国也能找到这样的环境，去那里租房搞创作岂不美哉龙珠传奇2龙珠传奇之修罗道龙珠传奇之人间道", "author": "李亚玲", "time": "李亚玲08月26日08:26 来自HUAWEIMate20Pro", "transmit": 5, "comment": 151, "zan": 385, "sentiment": [{"positive_prob": 0.977005, "confidence": 0.948899, "negative_prob": 0.0229954, "sentiment": 2}]}, {"text": "你认为华为手机超越苹果手机（包括系统体验和价格等全方位超越）还需要几年？华为手机超越苹果手机还需要几年？​", "author": "科技新一", "time": "科技新一08月26日17:23 来自微博weibo.com", "transmit": 27, "comment": 261, "zan": 10286, "sentiment": [{"positive_prob": 0.884882, "confidence": 0.744181, "negative_prob": 0.115118, "sentiment": 2}]}, {"text": "武汉🔚XUXUFUFU#华为nova5##微博有舞蹈#@CasterFamily@JC俊1111@穆童-FunkyTomin陈博文RANDY​", "author": "陈博文-CasterCrew", "time": "陈博文-CasterCrew08月26日23:02 来自陈博文RANDY超话", "transmit": 5, "comment": 139, "zan": 888, "sentiment": [{"positive_prob": 0.870503, "confidence": 0.712228, "negative_prob": 0.129497, "sentiment": 2}]}, {"text": "管栎#UNINE管栎#把春雨和鸟鸣赋予你的声音让日光与微风柔和你的眉眼万物皆有可爱之处，而你是其中最闪耀感谢@gentlemonsterofficial邀请，科技魅力与优雅时尚完美融合，梦想与少年都一往无前，期待管栎后续精彩表现@UNINE_管栎#管栎的闪耀宇宙##GENTLEMONSTER华为智能眼镜#", "author": "管栎全球后援会", "time": "管栎全球后援会08月26日14:06 来自管栎超话", "transmit": 86, "comment": 62, "zan": 327, "sentiment": [{"positive_prob": 0.978086, "confidence": 0.951302, "negative_prob": 0.0219142, "sentiment": 2}]}, {"text": "#2019智博会#【智汇八方，博采众长，2019智博会今日开幕！】8月26日，万众期待中，2019中国国际智能产业博览启幕！“会”“展”“赛”“论”四大板块，诺贝尔奖获得者、“现代密码学之父”等国际专家，马云、马化腾、雷军等行业大咖，华为、阿里巴巴、英特尔、高通等企业的首发尖端技术产品……全球智慧汇集山城，共同开启智能未来！今日起，到2019智博会，一起见证智能化为经济赋能，为生活添彩！（邹乐摄）@人民网", "author": "重庆发布", "time": "重庆发布08月26日09:25", "transmit": 55, "comment": 29, "zan": 169, "sentiment": [{"positive_prob": 0.988413, "confidence": 0.97425, "negative_prob": 0.0115875, "sentiment": 2}]}, {"text": "#GENTLEMONSTER华为智能眼镜#双击镜腿感受科技魅力，UNINE“敲敲”对你说，准备好接受魅力暴击！L娱乐圈长的秒拍视频​", "author": "FashionSeek", "time": "FashionSeek08月26日18:10 来自微博weibo.com", "transmit": 1405, "comment": 1787, "zan": 2249, "sentiment": [{"positive_prob": 0.973942, "confidence": 0.942094, "negative_prob": 0.0260576, "sentiment": 2}]}, {"text": "新的博客文章《任正非管理思想》：前一段日子，网上出现了一个仓库，收集了华为公司创始人任正非的讲话稿，从1994年直到2018年，一共400多篇。我把这些讲话稿做成epub文件，每天睡觉前读一点。足足两个月，总算全部读完了，一百多万字。下面就是我的读后感。O网页链接​", "author": "ruanyf", "time": "ruanyf08月26日17:16 来自微博HTML5版", "transmit": 713, "comment": 113, "zan": 514, "sentiment": [{"positive_prob": 0.931282, "confidence": 0.847294, "negative_prob": 0.0687176, "sentiment": 2}]}, {"text": "今年内上市的5G手机大部分都是骁龙X50方案，仅支持NSA组网，而华为是麒麟+巴龙方案，支持NSA和SA；为了大家能够容易了解SA和NSA的区别，我们做了一个不是十分严谨的比喻👇灵魂画手来自@白问视频L小白测评的微博视频​", "author": "小白测评", "time": "小白测评08月26日12:55 来自微博视频", "transmit": 71, "comment": 265, "zan": 814, "sentiment": [{"positive_prob": 0.953848, "confidence": 0.89744, "negative_prob": 0.0461518, "sentiment": 2}]}, {"text": "【华为百日自救】华为面对的危机可能远超过了大家的想象，甚至包括华为自己人在内。如果要为这场危机寻找一个起点，大约100天前的5月16日是恰当的，那天，美国将华为列入了“实体清单”。外界在等待，华为这架弹痕累累的中国战机，何时补完漏洞、完成自救并成功返航。O华为百日自救​", "author": "新浪科技", "time": "新浪科技08月26日13:01 来自微博weibo.com", "transmit": 17, "comment": 65, "zan": 224, "sentiment": [{"positive_prob": 0.72336, "confidence": 0.385244, "negative_prob": 0.27664, "sentiment": 2}]}, {"text": "【广深港高铁将实现5G全线覆盖】近日中国移动广东公司发布消息称，中国移动与华为合作，实现广深港高铁5G全覆盖。广深港高铁也将成为全国第一条5G全线覆盖的高铁线路。你想体验网速在高铁上“疾驰”的快感吗？L新华视点的秒拍视频​", "author": "新浪科技", "time": "新浪科技08月26日00:29 来自微博weibo.com", "transmit": 19, "comment": 17, "zan": 108, "sentiment": [{"positive_prob": 0.913841, "confidence": 0.808537, "negative_prob": 0.0861585, "sentiment": 2}]}, {"text": "【华为Mate30将提前至9月发布：加码高端市场，争抢苹果用户】36氪消息，华为已经做好了发布年度旗舰Mate30的准备，其会首发9月6日亮相的麒麟新一代处理器（麒麟990），而新机的发布时间预计是9月19日前后。此前，梨视频实地探访“中国电子方向标”的华强北，商户称华为比苹果好卖，半条街在卖华为，而华为5G手机要加价700才能买到现货。L老板联播的秒拍视频", "author": "经济观察报", "time": "经济观察报08月26日11:00 来自微博weibo.com", "transmit": 16, "comment": 115, "zan": 421, "sentiment": [{"positive_prob": 0.819795, "confidence": 0.599544, "negative_prob": 0.180205, "sentiment": 2}]}, {"text": "#武汉生活#据悉，9月4日，华为荣耀新品发布会​，代言人李现将会现身武汉客厅算是回家乡了，有没有要去接机的姐妹？​", "author": "武了个汉", "time": "武了个汉08月26日16:47 来自李现超话", "transmit": 14, "comment": 282, "zan": 279, "sentiment": [{"positive_prob": 0.866418, "confidence": 0.70315, "negative_prob": 0.133582, "sentiment": 2}]}, {"text": "【华为投资第三代半导体公司！网友心疼：上下游产业链啥都得自己干，华为太累了】华为旗下的哈勃科技投资有限公司，近日投资了山东天岳先进材料科技有限公司，持股10%。特朗普无理打压华为，华为只能自力更生了。照这样，华为对产业链涉入越来越深，资金压力还是挺大的，不容易啊。经查询，被投资标的企业是我国第三代半导体材料碳化硅企业。碳化硅是制造高温、高频、大功率半导体器件的理想衬底材料，综合性能较硅材料可提升上千倍，被誉为固态光源、电力电子、微波射频器件的“核芯”。O华为投资第三代半导体公司", "author": "人才76116", "time": "人才7611608月26日20:21 来自HUAWEIP20", "transmit": 109, "comment": 287, "zan": 1596, "sentiment": [{"positive_prob": 0.954173, "confidence": 0.898162, "negative_prob": 0.045827, "sentiment": 2}]}, {"text": "8月26日，华为开展的5G智慧生活体验会，为所有人揭开了未来智能生活的面纱。在全国首个5G全覆盖酒店“长城脚下的公社”，由华为AI音箱、华为5GCPE以及华为智选、HUAWEIHiLink生态产品组成的智慧家庭场景，将未来于现在呈现。​", "author": "ZEALER中国", "time": "ZEALER中国08月26日21:55 来自微博weibo.com", "transmit": 11, "comment": 100, "zan": 474, "sentiment": [{"positive_prob": 0.98872, "confidence": 0.974934, "negative_prob": 0.0112798, "sentiment": 2}]}, {"text": "华为确认Synopsys/Cadence/Mentor三家EDA公司已停止合作；但EDA工具对华为是重要而不紧急，我看3年内不会影响华为的芯片产品！在AI处理器Ascend910（昇腾910）发布会后，华为轮值董事长徐直军答记者问题：当被问及华为和Synopsys、Cadence、Mentor三家EDA公司（提供芯片设计的工具）的合作时，徐直军也坦言：“大家都很清楚，这些公司都不能和我们合作了，但天下也不是只有他们。历史上，即使没有工具，也可以生产出芯片，当然对我们有挑战，效率不会那么高了，也不会那么轻松了。英特尔70年代就生产CPU了，这些公司都还没有成立。”为什么徐总那么有信心呢？因为三年多前，海思总裁何庭波在接受记者访谈时候就说在跟进5nm技术，工具都提前好几年的。而且任总也对外媒记者说了，美国工具给华为都是永久使用授权的。按几年前16nm时候就在谈5nm，那么现在就会看得更远了，管几年没问题。另外，EDA软件是人才最密集型产业，但产业产值又不大，造成进入门槛较高！这玩意有点类似当年的圆珠笔笔头，真要大企业不计成本投入也不会搞不定！至于国内的华大九天、广立微、芯禾科技、博达微、概伦电子等EDA企业，比美国三大是落后不少，但若花几年投入也不是完全扶不起来。所以个人认为不会很严重影响华为。", "author": "HW前HR", "time": "HW前HR08月26日06:00 来自HUAWEIP30Pro", "transmit": 104, "comment": 116, "zan": 594, "sentiment": [{"positive_prob": 0.510798, "confidence": 0.784032, "negative_prob": 0.489202, "sentiment": 1}]}, {"text": "#华为荣耀20Pro#lx#李现的礼物#今天忍痛做了个重大的决定，痛了一个多小时，不过值得@李现ing​", "author": "李现ing安琪拉", "time": "李现ing安琪拉08月26日17:50 来自李现超话", "transmit": 9, "comment": 556, "zan": 1195, "sentiment": [{"positive_prob": 0.960377, "confidence": 0.911949, "negative_prob": 0.0396231, "sentiment": 2}]}, {"text": "李晨#GENTLEMONSTER华为智能眼镜#@李晨聆听未来的声音，同时凝望着你感谢邀请@gentlemonsterofficialL李晨工作室的微博视频​", "author": "李晨工作室", "time": "李晨工作室08月26日16:19 来自李晨超话", "transmit": 81, "comment": 94, "zan": 522, "sentiment": [{"positive_prob": 0.961823, "confidence": 0.915163, "negative_prob": 0.0381766, "sentiment": 2}]}, {"text": "那一天我二十一岁，在我一生的黄金时代，我有好多奢望。我想爱，想吃，还想在一瞬间变成天上半明半暗的云——王小波shotby华为P30PRO地点深圳花粉俱乐部飘飘飘飘飘叔#手机摄影##华为P30#​", "author": "行走的刘易", "time": "行走的刘易08月26日10:38 来自花粉俱乐部随手拍超话", "transmit": 39, "comment": 18, "zan": 68, "sentiment": [{"positive_prob": 0.867233, "confidence": 0.704962, "negative_prob": 0.132767, "sentiment": 2}]}, {"text": "李振宁李振宁轻敲镜框，打开新的世界#GENTLEMONSTER华为智能眼镜#他来了，他带着帅气和自信，大佬般的走来了@UNINE_李振宁​", "author": "金丝儿小炸", "time": "金丝儿小炸08月26日16:48 来自李振宁超话", "transmit": 5, "comment": 6, "zan": 71, "sentiment": [{"positive_prob": 0.901917, "confidence": 0.782038, "negative_prob": 0.0980829, "sentiment": 2}]}, {"text": "SteveMcCurry是当代纪实摄影的代表人物，其最广为人知的作品是1984年在《国家地理》杂志刊登的难民女孩肖像照《阿富汗少女》。作为擅长用影像讲述故事的大师，Steve在这个夏天带上HUAWEIP30Pro穿梭在罗马的街头，又记录下了怎样的故事？L华为手机官方的秒拍视频​", "author": "华为手机", "time": "华为手机08月26日19:45 来自HUAWEIP30Pro", "transmit": 55, "comment": 34, "zan": 257, "sentiment": [{"positive_prob": 0.950293, "confidence": 0.889539, "negative_prob": 0.0497074, "sentiment": 2}]}, {"text": "#5G音乐欣赏#【逆天啦，远在几万里的六台手风琴，六声部同步演奏，零时差！】这是5G手机分别从北京、鄂尔多斯、加拿大、澳大利亜和美国同步传送的手风琴合凑。全球传送，零时差，这就是目前世界最先进的5G技术。华为技术！L陈里的微博视频​", "author": "陈里", "time": "陈里08月26日06:41", "transmit": 94, "comment": 62, "zan": 108, "sentiment": [{"positive_prob": 0.986741, "confidence": 0.970537, "negative_prob": 0.0132586, "sentiment": 2}]}]