[{"text": "#央视报道崔娃脱口秀#【“宝贝！中国报道我了！”】当美国研发自己的5G时，中国5G技术已遥遥领先，这让人想起了当年LD和DVD的竞争，”美国著名脱口秀主持人特雷弗·诺亚（TrevorNoah）在线吐槽美国打压华为，一下说到了不少网友的心坎儿里。这段脱口秀获得央视报道后，别名“崔娃”的特雷弗还在新一期节目中兴奋大喊：“宝贝！中国报道我了！”L微丢的秒拍视频via微丢", "author": "环球网", "time": "环球网06月02日22:24", "transmit": 5623, "comment": 1556, "zan": 15619, "sentiment": [{"positive_prob": 0.961878, "confidence": 0.915285, "negative_prob": 0.0381219, "sentiment": 2}]}, {"text": "【实力吐槽美国打压华为获央视报道美主播：中国报道我了！】一周多以来，美国著名脱口秀主持人特雷弗·诺亚在其节目《每日秀》上，吐槽美国打压华为，获得了不少网友好评。这段脱口秀获得央视报道后，别名“崔娃”的特雷弗还在新一期节目中兴奋大喊：“宝贝，中国报道我了！”L视频-实力吐槽美国打压华为获央视报道美主播：中国报道我了！", "author": "新浪视频", "time": "新浪视频06月02日23:06 来自专业版微博", "transmit": 4364, "comment": 435, "zan": 11814, "sentiment": [{"positive_prob": 0.979649, "confidence": 0.954776, "negative_prob": 0.0203509, "sentiment": 2}]}, {"text": "【中国科协十学会联合回应IEEE“审稿门”事件：这是学术交流的严重倒退】针对美国纽约电气与电子工程师学会（IEEE）对华为员工及华为资助的个人参与审稿作出无理限制事件，中国科协十学会今天发布联合声明：科学无国界。IEEE作为具有国际影响力的非政治性、非营利组织，其内部少数人将学术交流与政治捆绑的举动，完全背离其长期秉持的“可信赖、无偏见”的核心价值。这一“审稿门”事件，是对科学家个人和机构的严重歧视，是学术交流发展中的严重倒退，已成为国际学术界科技界的一场危机。敦促IEEE让学术交流回归正常轨道，以实际行动取信于全体会员和全球科技界。（央视记者刘璐璐董峻彤）", "author": "央视新闻", "time": "央视新闻06月02日23:16 来自微博weibo.com", "transmit": 387, "comment": 259, "zan": 2437, "sentiment": [{"positive_prob": 0.145458, "confidence": 0.676759, "negative_prob": 0.854542, "sentiment": 0}]}, {"text": "【#BBC盘点中国领先世界的科技#：华为5G位列第一】BBC中文网盘点领先世界的中国科技，包括华为5G、超级计算机、人工智能等，称这说明中国在科技上与西方的竞争势头。BBC认为，科技竞争的胜负不仅决定中美命运，也将决定21世纪世界的走向。L老板联播的秒拍视频​", "author": "老板联播", "time": "老板联播06月02日14:24 来自微博weibo.com", "transmit": 2098, "comment": 1685, "zan": 9500, "sentiment": [{"positive_prob": 0.978706, "confidence": 0.95268, "negative_prob": 0.021294, "sentiment": 2}]}, {"text": "我第一次用华为手机试一下发微博，而且是用其他自媒体的内容复制粘贴，忘了删除，内容没有说人名，只是说有些人，有病就要医，然后我的微博就被千万的水军攻击沦陷了，很奇怪耶，过百的自媒体讲了三天，黑了某人就没有水军去，我现在很郑重的向我的粉丝们道歉！害的你们和水军吵架，因为爱我而维护我。没有关系，我还是坚持用华为手机，嗯，试着可以手写简体字。我删除之前的微博不是怕是因为我本来就是试着发，然后删除。我天不怕地不怕，只怕我的粉丝受委屈，如果我真的要骂某一个人的话，我会比所有的自媒体更厉害，因为在真实生活当中，那些媒体不认识某人。但是我不会骂。因为毕竟是疼过，爱过，捧过的人……既然缘尽了，就随风而去吧！🙏", "author": "向太Tiffany陳嵐", "time": "向太Tiffany陳嵐06月02日15:04 来自HUAWEIP30Pro", "transmit": 4863, "comment": 1926, "zan": 26237, "sentiment": [{"positive_prob": 0.0199153, "confidence": 0.955744, "negative_prob": 0.980085, "sentiment": 0}]}, {"text": "【“宝贝！中国报道我了！”】当美国研发自己的5G时，中国5G技术已遥遥领先，这让人想起了当年LD和DVD的竞争，”美国著名脱口秀主持人特雷弗·诺亚（TrevorNoah）在线吐槽美国打压华为，一下说到了不少网友的心坎儿里。这段脱口秀获得央视报道后，别名“崔娃”的特雷弗还在新一期节目中兴奋大喊：“宝贝！中国报道我了！”@微丢L微丢的秒拍视频", "author": "观察者网", "time": "观察者网06月02日19:03 来自微博weibo.com", "transmit": 1889, "comment": 646, "zan": 3527, "sentiment": [{"positive_prob": 0.944256, "confidence": 0.876125, "negative_prob": 0.0557436, "sentiment": 2}]}, {"text": "这是我第一部华为……#荣耀20#​", "author": "杜暘", "time": "杜暘06月02日21:37 来自荣耀20", "transmit": 158, "comment": 404, "zan": 2518, "sentiment": [{"positive_prob": 0.592409, "confidence": 0.0942429, "negative_prob": 0.407591, "sentiment": 2}]}, {"text": "有人在嘲讽我用着IPhone大谈贸易战和华为？好吧，是时候普及一下无脑抵制和产业布局了……微博视频​", "author": "梁湘", "time": "梁湘06月02日10:09 来自微博视频", "transmit": 479, "comment": 362, "zan": 4093, "sentiment": [{"positive_prob": 0.370085, "confidence": 0.177589, "negative_prob": 0.629915, "sentiment": 0}]}, {"text": "近一个时期不少人问我：对华为与华为的领头人任正非先生怎么看？老夫的回答就四个字：民族英雄！而且是科技含量高的让有些人吓的胆战心惊的那种民族英雄！​", "author": "郑洪升", "time": "郑洪升06月02日10:35 来自华为MateRS保时捷设计", "transmit": 45, "comment": 98, "zan": 741, "sentiment": [{"positive_prob": 0.406669, "confidence": 0.0962916, "negative_prob": 0.593331, "sentiment": 0}]}, {"text": "【#华为成立智能汽车解决方案BU#称帮助车企造好车】华为近日发布内部文件宣布，成立智能汽车解决方案BU，隶属于ICT管理委员会管理。该BU的定位，是作为智能汽车领域的端到端业务责任主体，提供智能汽车的ICT部件和解决方案。据悉，华为任命了王军为智能汽车解决方案BU总裁。O直击|华为成立智能汽车解决方案BU称帮助车企造好车​", "author": "新浪科技", "time": "新浪科技06月02日22:52 来自微博weibo.com", "transmit": 36, "comment": 18, "zan": 120, "sentiment": [{"positive_prob": 0.940015, "confidence": 0.866699, "negative_prob": 0.0599854, "sentiment": 2}]}, {"text": "男神就是这么任性，胡歌：我现在可能只能签华为了！L制杖妹的秒拍视频​", "author": "制杖妹", "time": "制杖妹06月02日23:22 来自微博视频", "transmit": 21, "comment": 18, "zan": 567, "sentiment": [{"positive_prob": 0.410217, "confidence": 0.0884061, "negative_prob": 0.589783, "sentiment": 0}]}, {"text": "#中美经贸磋商白皮书#【北极零下30度，同行的苹果们早就已经开不了机，华为依然轻松拍摄，我用高品质国货我自豪。】看我的小尾巴L娱乐破事的微博视频​", "author": "娱乐破事", "time": "娱乐破事06月02日11:35 来自微博视频", "transmit": 22, "comment": 371, "zan": 746, "sentiment": [{"positive_prob": 0.976001, "confidence": 0.946669, "negative_prob": 0.0239992, "sentiment": 2}]}, {"text": "【#华为新电影《悟空》刷屏了#！网友：愿你永不知天高地厚】5月23日，华为通过官方微博发布了短片《悟空》，这是华为P30Pro携手第十一届FIRST影展最佳影片及最佳导演获得者蔡成杰导演，拍摄的第一支裸机竖屏电影，片长仅有8分钟。片如其名，贯穿全片的精神主线正是：主人公小男孩喜爱孙悟空，是因为后者拥有十八般武艺，不畏艰险，敢于向“恶势力”斗争。网友们看完，不禁惊呼：“仿佛真的回到了童年！”“华为，愿你也不知天高地厚！”L华为终端官方微博的微博视频", "author": "中国日报网", "time": "中国日报网06月02日14:38 来自微博weibo.com", "transmit": 47, "comment": 1, "zan": 115, "sentiment": [{"positive_prob": 0.976438, "confidence": 0.94764, "negative_prob": 0.0235621, "sentiment": 2}]}, {"text": "令人痛心！万万没想到，华为刚发布超级蓝牙，就被人疯狂抬杠，称最大连接距离突破200米完全没意义，是噱头。其实，这些人根本不懂这其中的重要性。首先，这是华为自主研发的蓝牙技术，不再看什么联盟的脸色。其次，突破200米，不是主要用来打电话，而是远距离稳定通信，为未来的万物互联做铺垫。最关键的是，还能自动实时调节信号和功率，大幅降低耗电。未来，蓝牙就是万物互联的基础，华为下的是一盘大棋。接下来，华为还会启动更多的B计划，因为这一出手，就再也没有回头路！", "author": "老c队长", "time": "老c队长06月02日21:28 来自赞就涨停的Android", "transmit": 29, "comment": 48, "zan": 303, "sentiment": [{"positive_prob": 0.389965, "confidence": 0.133411, "negative_prob": 0.610035, "sentiment": 0}]}, {"text": "台湾2019hito流行音乐颁奖典礼今晚在台北小巨蛋举行，由华为p30|p30pro倾情赞助，哇咔咔！！！​", "author": "台湾那点事儿", "time": "台湾那点事儿06月02日20:52 来自岛主的Android", "transmit": 7, "comment": 53, "zan": 117, "sentiment": [{"positive_prob": 0.861342, "confidence": 0.691871, "negative_prob": 0.138658, "sentiment": 2}]}, {"text": "张佑赫渣华为mate9真心对不起我这个位置啊～官方大炮都在我旁边取景。Lsanta豆豆的秒拍视频​", "author": "santa豆豆", "time": "santa豆豆06月02日22:30 来自张佑赫超话", "transmit": 10, "comment": 16, "zan": 46, "sentiment": [{"positive_prob": 0.127549, "confidence": 0.716559, "negative_prob": 0.872451, "sentiment": 0}]}, {"text": "任正非内部批文：华为成立智能汽车事业部。​", "author": "威威威vvv", "time": "威威威vvv06月02日20:59 来自微博weibo.com", "transmit": 19, "comment": 24, "zan": 170, "sentiment": [{"positive_prob": 0.610587, "confidence": 0.134637, "negative_prob": 0.389413, "sentiment": 2}]}, {"text": "请各位指教，市面上有没有一款平板，可以用手写笔。也就是你看一个文档，能在旁边做笔记的那种。重点考虑华为！​", "author": "西医综合张蕴新", "time": "西医综合张蕴新06月02日18:35 来自HUAWEIMate9", "transmit": 7, "comment": 102, "zan": 112, "sentiment": [{"positive_prob": 0.275658, "confidence": 0.387425, "negative_prob": 0.724341, "sentiment": 0}]}, {"text": "#联邦快递回应被立案调查#：重视在华业务，将全力配合监管调查】美国当地时间6月1日，联邦快递通过官方网站回应：联邦快递高度重视我们在中国的业务。我们与华为技术有限公司以及所有中国客户的关系，对我们十分重要。联邦快递要求自己为客户提供高标准的服务。我们将全力配合任何对联邦快递如何服务客户进行的监管调查。（人民日报）", "author": "宇辉战舰", "time": "宇辉战舰06月02日10:24 来自360安全浏览器", "transmit": 11, "comment": 11, "zan": 99, "sentiment": [{"positive_prob": 0.665136, "confidence": 0.255857, "negative_prob": 0.334864, "sentiment": 2}]}, {"text": "【#华为新电影《悟空》刷屏了#！网友：愿你永不知天高地厚】5月23日，华为通过官方微博发布了短片《悟空》，这是华为P30Pro携手第十一届FIRST影展最佳影片及最佳导演获得者蔡成杰导演，拍摄的第一支裸机竖屏电影，片长仅有8分钟。片如其名，贯穿全片的精神主线正是：主人公小男孩喜爱孙悟空，是因为后者拥有十八般武艺，不畏艰险，敢于向“恶势力”斗争。网友们看完，不禁惊呼：“仿佛真的回到了童年！”“华为，愿你也不知天高地厚！”L华为终端官方微博的微博视频", "author": "中国日报", "time": "中国日报06月02日14:00 来自微博weibo.com", "transmit": 868, "comment": 211, "zan": 3322, "sentiment": [{"positive_prob": 0.976438, "confidence": 0.94764, "negative_prob": 0.0235621, "sentiment": 2}]}, {"text": "#全民宠粉计划#按捺不住啦！转发➕关注，送一台华为nova46月18日通过@微博抽奖平台开​O抽奖详情​", "author": "欧欧大王", "time": "欧欧大王06月02日19:16", "transmit": 13077, "comment": 3378, "zan": 5025, "sentiment": [{"positive_prob": 0.940127, "confidence": 0.866948, "negative_prob": 0.0598734, "sentiment": 2}]}, {"text": "#华为#5月23日华为发布首支竖屏电影《悟空》：愿你永不知天高地厚。第一支裸机P30Pro竖屏电影《悟空》颠覆了传统的横屏手法和审美习惯为P30系列“未来影像”计划所拍的电影，也是华为自己正名的力作。导演蔡成杰用电影主人公不顾一切的样子，来诠释华为几十年来的执着与奋斗。(来源：重庆晨报）L华为终端官方微博的微博视频", "author": "新闻晨报", "time": "新闻晨报06月02日08:30 来自微博weibo.com", "transmit": 271, "comment": 69, "zan": 862, "sentiment": [{"positive_prob": 0.969661, "confidence": 0.93258, "negative_prob": 0.030339, "sentiment": 2}]}, {"text": "专家研究了好久通过高科技华为p30手机研究，终于发现了真相#多地目击到不明飞行物#L深圳民宿的微博视频​", "author": "深圳民宿", "time": "深圳民宿06月02日15:54 来自微博视频", "transmit": 2174, "comment": 1878, "zan": 22373, "sentiment": [{"positive_prob": 0.920377, "confidence": 0.82306, "negative_prob": 0.0796231, "sentiment": 2}]}, {"text": "#联邦快递被中国有关部门立案调查#【联邦快递：全力配合中国监管调查】美国当地时间1日，联邦快递通过官方网站回应：联邦快递高度重视在中国的业务。与华为技术有限公司及所有中国客户的关系，对联邦快递十分重要。联邦快递将全力配合监管调查。（央视记者傅小腾）​", "author": "央视新闻", "time": "央视新闻06月02日09:43 来自微博weibo.com", "transmit": 265, "comment": 403, "zan": 2574, "sentiment": [{"positive_prob": 0.526323, "confidence": 0.473539, "negative_prob": 0.473677, "sentiment": 1}]}, {"text": "赞这条，关注我和@靓猪妆房赞里面揪一人送上华为P30一部！25号就开！@微博抽奖平台​", "author": "脱非汪", "time": "脱非汪06月02日18:00 来自微博weibo.com", "transmit": 9123, "comment": 4787, "zan": 53094, "sentiment": [{"positive_prob": 0.96796, "confidence": 0.928799, "negative_prob": 0.0320403, "sentiment": 2}]}, {"text": "【联邦快递回应被立案调查：重视在华业务，将全力配合监管调查】美国当地时间6月1日，联邦快递通过官方网站回应：联邦快递高度重视我们在中国的业务。我们与华为技术有限公司以及所有中国客户的关系，对我们十分重要。联邦快递要求自己为客户提供高标准的服务。我们将全力配合任何对联邦快递如何服务客户进行的监管调查。（人民日报）", "author": "新京报", "time": "新京报06月02日08:47", "transmit": 106, "comment": 575, "zan": 6213, "sentiment": [{"positive_prob": 0.437727, "confidence": 0.0272726, "negative_prob": 0.562273, "sentiment": 0}]}, {"text": "【#BBC盘点中国领先世界的科技#：华为5G位列第一，科技将决定世界走向】BBC中文网盘点领先世界的中国科技，包括华为5G、超级计算机、人工智能等，称这说明中国在科技上与西方的竞争势头。BBC认为，科技竞争的胜负不仅决定中美命运，也将决定21世纪世界的走向。@老板联播L老板联播的秒拍视频​", "author": "梨视频", "time": "梨视频06月02日16:42 来自微博weibo.com", "transmit": 117, "comment": 47, "zan": 359, "sentiment": [{"positive_prob": 0.980242, "confidence": 0.956092, "negative_prob": 0.0197585, "sentiment": 2}]}, {"text": "【美联邦快递对华为下黑手中国国家邮政局局长回应】针对美国联邦快递在中国未按名址投递快递事件，今天国家邮政局局长马军胜接受中央广播电视总台央视独家采访表示，任何快递企业都必须遵守中国法律法规，不得损害中国企业和用户的合法权益。O美联邦快递对华为下黑手中国国家邮政局局长回应L环视频的秒拍视频​", "author": "新浪财经", "time": "新浪财经06月02日07:01 来自专业版微博", "transmit": 89, "comment": 8, "zan": 471, "sentiment": [{"positive_prob": 0.722681, "confidence": 0.383735, "negative_prob": 0.277319, "sentiment": 2}]}, {"text": "【联邦快递发了这个声明国外网友：坐等你股价暴跌】“联邦快递高度重视我们在中国的业务。我们与华为技术有限公司以及所有中国客户的关系，对我们十分重要。联邦快递要求自己为客户提供高标准的服务。我们将全力配合任何对联邦快递如何服务客户进行的监管调查。”联邦快递转运华为包裹事件近来持续登上热搜。海内外网友纷纷质疑其商业道德和信誉，迫于这种压力，联邦快运改变了态度。O联邦快递发了这个声明国外网友：坐等你股价暴跌", "author": "新浪财经", "time": "新浪财经06月02日14:29 来自微博weibo.com", "transmit": 31, "comment": 68, "zan": 191, "sentiment": [{"positive_prob": 0.0957901, "confidence": 0.787133, "negative_prob": 0.90421, "sentiment": 0}]}, {"text": "【华为新电影《悟空》刷屏了！网友：愿你永不知天高地厚】5月23日，华为通过官方微博发布了短片《悟空》，这是华为P30Pro携手第十一届FIRST影展最佳影片及最佳导演获得者蔡成杰导演，拍摄的第一支裸机竖屏电影，片长仅有8分钟。片如其名，贯穿全片的精神主线正是：主人公小男孩喜爱孙悟空，是因为后者拥有十八般武艺，不畏艰险，敢于向“恶势力”斗争。网友们看完，不禁惊呼：“仿佛真的回到了童年！”“华为，愿你也不知天高地厚！”L华为终端官方微博的微博视频", "author": "北京青年报", "time": "北京青年报06月02日16:25 来自微博weibo.com", "transmit": 176, "comment": 44, "zan": 563, "sentiment": [{"positive_prob": 0.963778, "confidence": 0.919507, "negative_prob": 0.0362217, "sentiment": 2}]}]