[{"text": "【人民日报钟声：中国公民合法、正当权益不容侵犯】在加拿大温哥华转机的中国公民、华为公司首席财务官孟晚舟，竟然被加拿大方面以应美方要求为由而拘押。这是严重侵犯中国公民的合法、正当权益，于法不顾，于理不合，于情不容，性质极其恶劣。立即停止侵犯中国公民合法、正当权益，给中国人民一个应有的交代，才能避免为此付出沉重的代价。O人民日报钟声：中国公民合法、正当权益不容侵犯", "author": "人民日报", "time": "人民日报2018年12月09日08:57 来自微博weibo.com", "transmit": 5505, "comment": 3839, "zan": 15859}, {"text": "#胡侃#支持华为，心疼任正非父女，这无疑是中国社会对孟晚舟女士被扣事件的主流态度。L胡锡进的秒拍视频​", "author": "胡锡进", "time": "胡锡进2018年12月09日22:58 来自微博weibo.com", "transmit": 2087, "comment": 4371, "zan": 7892}, {"text": "【外交部召见美国驻华大使就美方要求加拿大拘押华为公司负责人提出严正交涉】2018年12月9日，中国外交部副部长乐玉成紧急召见美国驻华大使布兰斯塔德，就美方无理要求加方拘押在加拿大温哥华转机的华为公司负责人提出严正交涉和强烈抗议。　　乐玉成指出，美方所作所为严重侵犯中国公民的合法、正当权益，性质极其恶劣。中方对此坚决反对，强烈敦促美方务必高度重视中方严正立场，立即采取措施纠正错误做法，撤销对中国公民的逮捕令。中方将视美方行动作出进一步反应。", "author": "人民日报", "time": "人民日报2018年12月09日21:55 来自微博weibo.com", "transmit": 850, "comment": 1587, "zan": 4117}, {"text": "【人民日报钟声：中国公民合法、正当权益不容侵犯】加拿大方面，做出了一件足以令国际社会深感震惊的事情。在加拿大温哥华转机的中国公民、华为公司首席财务官孟晚舟，竟然被加拿大方面以应美方要求为由而拘押。这是严重侵犯中国公民的合法、正当权益，于法不顾，于理不合，于情不容，性质极其恶劣。中方不会惹事，但是也决不怕事，谁也不要小看中国的信心、意志和实力。中方获悉相关情况后，第一时间提出严正交涉、表明严正立场，并第一时间向当事人提供领事协助。12月8日，中方紧急召见加拿大驻华大使麦家廉，就加方拘押华为公司负责人提出严正交涉和强烈抗议。中方强烈敦促加方立即释放被拘押人员，切实保障当事人的合法、正当权益。否则必将造成严重后果，加方要为此承担全部责任。加拿大方面必须想清楚，在公理正义与肆意妄为之间，根本不存在模糊地带。加拿大方面只有纠正错误，立即停止侵犯中国公民合法、正当权益，给中国人民一个应有的交代，才能避免为此付出沉重的代价。O中国公民合法、正当权益不容侵犯（钟声）", "author": "环球时报", "time": "环球时报2018年12月09日08:30 来自微博weibo.com", "transmit": 681, "comment": 698, "zan": 2374}, {"text": "【人民日报钟声：中国公民合法、正当权益不容侵犯】在加拿大温哥华转机的中国公民、华为公司首席财务官孟晚舟，被加拿大方面以应美方要求为由而拘押。这是严重侵犯中国公民的合法、正当权益，于法不顾，于理不合，于情不容，性质极其恶劣。立即停止侵犯中国公民合法、正当权益，给中国人民一个应有的交代，才能避免为此付出沉重的代价。O人民日报钟声：中国公民合法、正当权益不容侵犯", "author": "人民网", "time": "人民网2018年12月09日11:36 来自专业版微博", "transmit": 618, "comment": 472, "zan": 1530}, {"text": "#华为CFO孟晚舟被捕#【外交部召见美国驻华大使就美方要求加拿大拘押华为公司负责人提出严正交涉】今天，中国外交部副部长乐玉成紧急召见美国驻华大使布兰斯塔德，就美方无理要求加方拘押在加拿大温哥华转机的华为公司负责人提出严正交涉和强烈抗议。乐玉成指出，美方所作所为严重侵犯中国公民的合法、正当权益，性质极其恶劣。中方对此坚决反对，强烈敦促美方务必高度重视中方严正立场，立即采取措施纠正错误做法，撤销对中国公民的逮捕令。中方将视美方行动作出进一步反应。", "author": "央视新闻", "time": "央视新闻2018年12月09日21:58 来自微博weibo.com", "transmit": 973, "comment": 2149, "zan": 3096}, {"text": "#华为cfo孟晚舟被捕#【德国媒体发文力挺华为，谴责美国违反自由贸易精神！】德国媒体（明镜周刊，主流媒体）表示，美国等国家一直在说华为不安全，证据呢？喊了这么久的几个国家，一直在强烈要求别的国家禁止使用华为设备，但是从来没有拿出过任何实际证据来证明华为真的不安全。相反，德国则是做过了严格的研究与对比，以德国人严谨的工作态度来证明华为一点问题也没有。德国媒体还指出，美国这种铺天盖地的策划只是对准一个商业公司，其用意也很明显。那就是华为与美国的思科与诺基亚形成了竞争关系，而且华为在这场竞争关系中占有极大的优势。这已经极大的违反了美国的自由贸易精神。附部分原文报道截图。图文材料由我在德国做眼科医生的大学叶同学提供。", "author": "白衣山猫", "time": "白衣山猫2018年12月09日20:49 来自iPhoneX", "transmit": 997, "comment": 2343, "zan": 3348}, {"text": "#华为CFO孟晚舟被捕#【国际锐评：加拿大在当谁的“人权卫士”？】一向以法律完备、公平正义自居的美国、加拿大将因此事件使其司法公正变成“皇帝的新衣”，其霸权和无赖的内核赤裸裸地暴露在世人面前。O国际锐评：加拿大在当谁的“人权卫士”？​", "author": "央视新闻", "time": "央视新闻2018年12月09日21:10 来自微博weibo.com", "transmit": 637, "comment": 742, "zan": 2140}, {"text": "【环球网：如此粗暴对待孟晚舟，这就是加拿大人权法治？】加拿大不列颠哥伦比亚省高等法院当地时间星期五举行华为高管孟晚舟保释听证会,在未作出裁决的情况下宣布休庭,星期一继续开庭。据外媒援引法庭记者的报道说,孟晚舟在法庭上身穿绿色上衣,未戴手铐,她似乎受到了人道的对待。然而这些不过是假象。@环球网O环球网：如此粗暴对待孟晚舟，这就是加拿大人权法治？", "author": "头条新闻", "time": "头条新闻2018年12月09日00:15 来自微博weibo.com", "transmit": 1005, "comment": 2545, "zan": 1684}, {"text": "【牛弹琴：中国对加拿大采取行动了释放三个强烈信号】12月8日深夜，中国外交部发文就加方拘押华为公司负责人提出严正交涉和强烈抗议。人民日报评论也说了一句狠话：中方不会惹事，但是也决不怕事，谁也不要小看中国的信心、意志和实力。斗争形势很复杂，但中国不是吓大的，放人是必须的。勿谓言之不预也！O牛弹琴：中国对加拿大采取行动了释放三个强烈信号", "author": "新浪财经", "time": "新浪财经2018年12月09日09:10 来自微博weibo.com", "transmit": 1262, "comment": 665, "zan": 2022}, {"text": "【人民日报、新华社同声谴责加拿大！】加拿大方面只有纠正错误，给中国人民一个应有的交代，才能避免为此付出沉重的代价。针对华为CFO孟晚舟被加拿大应美方要求扣押事件，人民日报钟声和新华时评9日同时发声，谴责加拿大侵犯中国公民合法权益。O人民日报、新华社同声谴责加拿大！​", "author": "新浪财经", "time": "新浪财经2018年12月09日10:20 来自专业版微博", "transmit": 680, "comment": 66, "zan": 706}, {"text": "【人民日报、新华社同声谴责加拿大：中国公民合法权益不容侵犯！】针对华为CFO孟晚舟被加拿大应美方要求扣押事件，人民日报钟声和新华时评9日同时发声，谴责加拿大侵犯中国公民合法权益。O人民日报、新华社同声谴责加拿大：中国公民合法权益不容侵犯！​", "author": "环球网", "time": "环球网2018年12月09日08:44", "transmit": 522, "comment": 131, "zan": 1430}, {"text": "来自全球各地华为手机用户的照片，每个定格瞬间都记录了对世界的热爱，生活的思考。​", "author": "华为何刚", "time": "华为何刚2018年12月09日13:58 来自HUAWEIMate20Pro", "transmit": 77, "comment": 98, "zan": 1449}, {"text": "【新华国际时评：中国公民合法权益不容侵犯】新华社北京12月8日电题：中国公民合法权益不容侵犯　　新华社记者吴黎明陈勇　　连日来，华为公司首席财务官孟晚舟被加拿大当局拘押一事引发舆论高度关注，受到中方严正交涉、强烈抗议。　　从法律上讲，孟晚舟并未违反加拿大法律，加方却偏听偏信美国一面之词，在孟晚舟转机之时抓人，于法于理于情不容。华为公司通报，“关于具体指控提供给华为的信息非常少，华为并不知晓孟女士有任何不当行为。”中国外交部发言人也指出，“加拿大和美国方面均未向中方提供当事人违反两国法律的证据。”而且，无论是按属地还是属人原则，加拿大当局都无权过问。　　众所周知，美方一贯让其国内法凌驾于国际法之上，“长臂管辖”的霸道行径早已为国际社会所诟病。但加拿大却置国际规则于不顾，唯美国马首是瞻，为美国的霸道做法埋单。　　加拿大是常把人权放在嘴边的国家，但在孟晚舟事件中，不分青红皂白就抓人，将过境转机的中国公民拘押，严重侵犯中国公民的合法、正当权益。拘押之后在未经审判定罪的情况下，就把当事人作为重刑犯对待，是对当事人极大的羞辱和人格的不尊重。孟晚舟有高血压和睡眠问题，今年5月刚做了颈部手术，加方也无相应的人道主义安排。可以说，加拿大的做法开了一个危险的先例。　　加拿大的做法于法不顾，于理不合，于情不容，性质极其恶劣，是对中加关系的严重损害。按照加拿大领导人自己的说法，他是提前知晓有关行动的，但他并没有跟中方通气，而是放任这种恶劣事件发生，助长美国单边霸权行径，伤害了中国人民感情。奉劝加方不要执迷不悟，立即释放被拘押人员，切实保障当事人的合法、正当权益。否则，必将造成严重后果，加方要为此承担全部责任。", "author": "新华视点", "time": "新华视点2018年12月09日08:10 来自微博weibo.com", "transmit": 451, "comment": 4233, "zan": 738}, {"text": "【外交部召见美国驻华大使：立即纠正错误做法，撤销对中国公民的逮捕令】2018年12月9日，中国外交部副部长乐玉成紧急召见美国驻华大使布兰斯塔德，就美方无理要求加方拘押在加拿大温哥华转机的华为公司负责人提出严正交涉和强烈抗议。　　乐玉成指出，美方所作所为严重侵犯中国公民的合法、正当权益，性质极其恶劣。中方对此坚决反对，强烈敦促美方务必高度重视中方严正立场，立即采取措施纠正错误做法，撤销对中国公民的逮捕令。中方将视美方行动作出进一步反应。", "author": "共青团中央", "time": "共青团中央2018年12月09日22:35 来自vivoX23AI非凡摄影", "transmit": 406, "comment": 611, "zan": 1941}, {"text": "【外交部召见美国驻华大使就美方要求加拿大拘押华为公司负责人提出严正交涉】2018年12月9日，中国外交部副部长乐玉成紧急召见美国驻华大使布兰斯塔德，就美方无理要求加方拘押在加拿大温哥华转机的华为公司负责人提出严正交涉和强烈抗议。乐玉成指出，美方所作所为严重侵犯中国公民的合法、正当权益，性质极其恶劣。中方对此坚决反对，强烈敦促美方务必高度重视中方严正立场，立即采取措施纠正错误做法，撤销对中国公民的逮捕令。中方将视美方行动作出进一步反应。（外交部网站）", "author": "环球时报", "time": "环球时报2018年12月09日21:56", "transmit": 141, "comment": 433, "zan": 612}, {"text": "【日媒称日本拟限制采购华为中兴产品驻日使馆表态】中国驻日本大使馆网站消息，12月7日，部分日本媒体报称日本政府拟以国家安全为由，禁止政府机构采购华为、中兴公司产品，我们对此表示严重关切。没有任何证据表明华为、中兴公司产品存在安全风险。华为和中兴是全球知名电子通信设备供应商，全世界许多发达国家都在使用华为和中兴的设备。华为和中兴不仅产品在日本市场和日本用户中拥有良好声誉，而且每年进口大量日本产品，雇佣诸多当地员工，为日本经济做出重大贡献。日本3.11大地震后，华为和中兴克服困难，迅速修复灾区受损通讯设备，积极履行了企业的社会责任。中国法律法规没有授权任何机构可以通过通信企业预装后门、窃听或间谍装置，中国企业在对外合作过程中也一直遵守国际规则和当地法律。如日本政府以国家安全为由限制政府机构和本国企业采购使用中国相关企业产品，则涉嫌针对特定国家特定企业采取歧视性做法，不仅不利于日本吸引外资，也不利于中日双方经济合作，我们对此表示强烈反对。中方要求日方积极看待华为、中兴等中国企业在日投资，为中国企业提供公平公正的营商环境。", "author": "头条新闻", "time": "头条新闻2018年12月09日06:54 来自微博weibo.com", "transmit": 361, "comment": 975, "zan": 768}, {"text": "【驻日本使馆发言人就日本媒体报称日本政府拟限制采购部分中国企业产品事表态】12月7日，部分日本媒体报称日本政府拟以国家安全为由，禁止政府机构采购华为、中兴公司产品，我们对此表示严重关切。　　没有任何证据表明华为、中兴公司产品存在安全风险。华为和中兴是全球知名电子通信设备供应商，全世界许多发达国家都在使用华为和中兴的设备。华为和中兴不仅产品在日本市场和日本用户中拥有良好声誉，而且每年进口大量日本产品，雇佣诸多当地员工，为日本经济做出重大贡献。日本3.11大地震后，华为和中兴克服困难，迅速修复灾区受损通讯设备，积极履行了企业的社会责任。　　中国法律法规没有授权任何机构可以通过通信企业预装后门、窃听或间谍装置，中国企业在对外合作过程中也一直遵守国际规则和当地法律。如日本政府以国家安全为由限制政府机构和本国企业采购使用中国相关企业产品，则涉嫌针对特定国家特定企业采取歧视性做法，不仅不利于日本吸引外资，也不利于中日双方经济合作，我们对此表示强烈反对。　　中方要求日方积极看待华为、中兴等中国企业在日投资，为中国企业提供公平公正的营商环境。（驻日本大使馆）", "author": "环球时报", "time": "环球时报2018年12月09日08:50 来自微博weibo.com", "transmit": 152, "comment": 283, "zan": 516}, {"text": "【外交部召见美国驻华大使就美方要求加拿大拘押华为公司负责人提出严正交涉】今天，中国外交部副部长乐玉成紧急召见美国驻华大使布兰斯塔德，就美方无理要求加方拘押在加拿大温哥华转机的华为公司负责人提出严正交涉和强烈抗议。乐玉成指出，美方所作所为严重侵犯中国公民的合法、正当权益，性质极其恶劣。中方对此坚决反对，强烈敦促美方务必高度重视中方严正立场，立即采取措施纠正错误做法，撤销对中国公民的逮捕令。中方将视美方行动作出进一步反应。@央视新闻", "author": "人民网", "time": "人民网2018年12月09日22:00 来自专业版微博", "transmit": 172, "comment": 198, "zan": 602}, {"text": "【外交部召见美国驻华大使就美方要求加拿大拘押华为公司负责人提出严正交涉】2018年12月9日，中国外交部副部长乐玉成紧急召见美国驻华大使布兰斯塔德，就美方无理要求加方拘押在加拿大温哥华转机的华为公司负责人提出严正交涉和强烈抗议。　　乐玉成指出，美方所作所为严重侵犯中国公民的合法、正当权益，性质极其恶劣。中方对此坚决反对，强烈敦促美方务必高度重视中方严正立场，立即采取措施纠正错误做法，撤销对中国公民的逮捕令。中方将视美方行动作出进一步反应。（人民日报）", "author": "环球网", "time": "环球网2018年12月09日21:56", "transmit": 216, "comment": 91, "zan": 397}, {"text": "【外交部召见美国驻华大使就美方要求加拿大拘押华为公司负责人提出严正交涉】2018年12月9日，中国外交部副部长乐玉成紧急召见美国驻华大使布兰斯塔德，就美方无理要求加方拘押在加拿大温哥华转机的华为公司负责人提出严正交涉和强烈抗议。乐玉成指出，美方所作所为严重侵犯中国公民的合法、正当权益，性质极其恶劣。中方对此坚决反对，强烈敦促美方务必高度重视中方严正立场，立即采取措施纠正错误做法，撤销对中国公民的逮捕令。中方将视美方行动作出进一步反应。#任正非之女被逮捕#（人民日报）", "author": "头条新闻", "time": "头条新闻2018年12月09日21:56 来自微博weibo.com", "transmit": 155, "comment": 335, "zan": 700}, {"text": "【外交部召见美国驻华大使就美方要求加拿大拘押华为公司负责人提出严正交涉】新华社北京12月9日电中国外交部副部长乐玉成9日紧急召见美国驻华大使布兰斯塔德，就美方无理要求加方拘押在加拿大温哥华转机的华为公司负责人提出严正交涉和强烈抗议。　　乐玉成指出，美方所作所为严重侵犯中国公民的合法、正当权益，性质极其恶劣。中方对此坚决反对，强烈敦促美方务必高度重视中方严正立场，立即采取措施纠正错误做法，撤销对中国公民的逮捕令。中方将视美方行动作出进一步反应。", "author": "新华视点", "time": "新华视点2018年12月09日22:40 来自微博weibo.com", "transmit": 1083, "comment": 665, "zan": 1381}, {"text": "【外交部召见美国驻华大使就美方要求拘押华为负责人提严正交涉】12月9日，中国外交部副部长乐玉成紧急召见美国驻华大使布兰斯塔德，就美方无理要求加方拘押在加拿大温哥华转机的华为公司负责人提出严正交涉和强烈抗议。乐玉成指出，美方所作所为严重侵犯中国公民的合法、正当权益，性质极其恶劣。中方对此坚决反对，强烈敦促美方务必高度重视中方严正立场，立即采取措施纠正错误做法，撤销对中国公民的逮捕令。中方将视美方行动作出进一步反应。外交部网站O外交部召见美国驻华大使就美方要求拘押华为负责人提严正交涉", "author": "澎湃新闻", "time": "澎湃新闻2018年12月09日22:01 来自微博weibo.com", "transmit": 200, "comment": 102, "zan": 314}, {"text": "说实话，这对华为是一个坎。国内还有人说，要是没有向伊朗卖东西，就不会被制裁，不需要担心。今年已经有三家中国大公司被美国全面禁运了，除了中兴以外，2018年10月11日，美国能源部宣布对中广核全面禁运，理由是有个美国华人在过去的20年在中国参与核材料的研发和生产，但是没有经过美国能源部的同意，而且还帮中广核在美国招人。2018年10月29日，美国商务部宣布对福建晋华全面禁运，理由是联华电子的台湾员工之前在美光工作过，美国司法部指控这些员工偷窃了美光的技术。都和伊朗完全没有关系，照样被制裁。所以说找理由这种事情，是可以丰富多彩的，而尺度也是他们把控的。另外还有就是程度问题，美国对中兴提出的是行政指控，而这次是试图进行刑事指控，这就性质都不一样了。不过稍微值得安慰的是，扣留是发生在加拿大，还有机会，孟女士在2017年4月之后就再也没有去过美国，客观上也避免了在美国被绑架的情况发生。不要说建国初的扣押中国科学家，现在的关税战，制裁中国高科技公司等行为，美国人可是连轰炸中国大使馆杀害中国人的热战行为都干过，以后美国人不管干出什么事情，都不要觉得奇怪。即使是两家公司进行竞争，一样会有各种非正常手段来打击对方，更何况是国家与国家之间，那些现在还整天说美国在国家与国家竞争中会跟你讲法制的，就是犯了幼稚病。别的不说，19年前下达和执行轰炸中国大使馆命令的美国官员，美国军官，美国飞行员至今都没有受到刑事指控，肇事人员甚至也没有被罚款。国际交往，国家利益才是第一原则，而不是什么法制，即使是最亲密的西方盟友之间，一样有间谍在对方国家活动刺探情报，更何况是对中国。国家崛起过程中，一定会受到来自守成者的激烈打压，这是一个必经的路，也就是说，我们现在正在历史的进程之中。等20年后的我们再看今天发生的事情，会有不一样的感受。", "author": "深圳宁南山", "time": "深圳宁南山2018年12月09日01:25 来自微博weibo.com", "transmit": 3240, "comment": 1568, "zan": 3975}, {"text": "#华为CFO孟晚舟被捕#【社论：加拿大的司法，是给美国科技霸权服务的】加拿大警方拘捕孟晚舟女士，据说是因为美方指控华为违反美国制裁措施。且不说这一指控本身毫无依据，加拿大警方拘押的是中国公民，是美国不少政客视为眼中钉的华为高管，要说背后没有政治交易，怕是自己都不信。长期以来，美国等国打压华为可以称得上是不遗余力，花样不断翻新，就因为华为在5G通信等领域挑战了美国科技霸权。这次，为维护美国科技霸权，加拿大竟然不惜拿出“司法独立”的幌子，代价未免过于高昂吧。", "author": "中国日报", "time": "中国日报2018年12月09日16:02 来自微博weibo.com", "transmit": 104, "comment": 354, "zan": 378}, {"text": "【外交部召见美国驻华大使就美方要求加拿大拘押华为公司负责人提出严正交涉】　2018年12月9日，中国外交部副部长乐玉成紧急召见美国驻华大使布兰斯塔德，就美方无理要求加方拘押在加拿大温哥华转机的华为公司负责人提出严正交涉和强烈抗议。　　乐玉成指出，美方所作所为严重侵犯中国公民的合法、正当权益，性质极其恶劣。中方对此坚决反对，强烈敦促美方务必高度重视中方严正立场，立即采取措施纠正错误做法，撤销对中国公民的逮捕令。中方将视美方行动作出进一步反应。（外交部网站）", "author": "中国新闻网", "time": "中国新闻网2018年12月09日22:02 来自微博weibo.com", "transmit": 113, "comment": 94, "zan": 366}, {"text": "我跟踪中国通信业几十年，跟踪华为几十年，二、三十年前，中国通信业真是受尽了屈侮，整个市场被人瓜分，不是大国占你市场，小国也占你市场，我们拿1000元一年，手机2万一部。老百姓付出了巨大代价，通信设备、手机用什么换来的，用一件件衬衫、用我们的矿石、木材换来。中国通信业中兴、华为、大唐、烽火、长飞这些企业一点点起来，付出了多大的代价和血泪，累死的人也不是一个两个。今天终于到世界上开疆拓土。今天那些高校、研究机构的研究经费花不完，想各种办法报销，钱哪来的？是华为、中兴这些企业交税交来的。中国企业发展，被暗算，被打压，不为中国企业说话，背后捅小刀子，那些早入了别国籍的老油渣就算了，他们早就是异国人，自己在中国，吃中国，靠中国，还动不动捅中国企业一刀，这些人心是肉长的吗？是人心吗？2香港特别行政区·金钟", "author": "飞象网项立刚", "time": "飞象网项立刚2018年12月09日21:03 来自华为Mate10保时捷设计", "transmit": 692, "comment": 258, "zan": 1084}, {"text": "【外交部召见美大使：立即撤销对中国公民的逮捕令】2018年12月9日，中国外交部副部长乐玉成紧急召见美国驻华大使布兰斯塔德，就美方无理要求加方拘押在加拿大温哥华转机的华为公司负责人提出严正交涉和强烈抗议。乐玉成指出，美方所作所为严重侵犯中国公民的合法、正当权益，性质极其恶劣。O外交部召见美大使：立即撤销对中国公民的逮捕令", "author": "微天下", "time": "微天下2018年12月09日22:06 来自微博weibo.com", "transmit": 252, "comment": 61, "zan": 308}, {"text": "九张图看懂华为到底有多大！​​​​", "author": "股市股道", "time": "股市股道2018年12月09日10:10 来自360安全浏览器", "transmit": 429, "comment": 157, "zan": 747}, {"text": "「究竟谁举报了华为？美国人自己的说法」其实汇丰银行监督员的举报，并不是华为开始被美国关注和调查的原因。汇丰几年前因为协助洗钱，被美国罚了数亿美元，并向汇丰派驻了一名监督员（和中兴公司一样），这次美国举证的skycom公司，就是该监督员举报出来的。但美国调查华为，从2015年底就已经开始了，谁举报的呢？在奥马巴时代，美伊关系还在升温阶段，曾有一段蜜月期，不像川普时代这么僵，美伊甚至还达成了和平使用核能的核协议。当时的伊朗政府为了在核议题上取得进展，应美国要求，暗中将一份与伊朗做“台下交易”的公司名单交给了美国FBI。这份秘密名单中，包括了中兴和华为。根据这份秘密清单，美国制裁了大约30家公司，包括美国自己的和加拿大的公司也有在内（附图一）后来中兴公司的事大家都知道了，美国经过多年搜集证据后，现在对华为下手。事情就是这样。", "author": "Kevin在纽约", "time": "Kevin在纽约2018年12月09日09:16 来自iPhoneXSMax", "transmit": 2040, "comment": 1297, "zan": 1070}]