[{"text": "#虎扑亮回复#华为的越南代言人是什么水平？​", "author": "虎扑的步行街", "time": "虎扑的步行街11月02日23:00 来自微博weibo.com", "transmit": 434, "comment": 883, "zan": 5607, "sentiment": [{"positive_prob": 0.235547, "confidence": 0.476562, "negative_prob": 0.764453, "sentiment": 0}]}, {"text": "【格力不仅要继续做手机可能还要做折叠屏手机】格力前脚澄清了不再做手机传闻，随后就被发现#格力新增折叠屏手机专利#。这似乎意味着其不仅没放弃做手机，还将追随华为三星等厂商推出自家的折叠屏手机。如果真推出，消费者会买账吗？#格力折叠屏手机专利#O格力不仅要继续做手机可能还要做折叠屏手机现在你如何看待格力做手机？​", "author": "新浪科技", "time": "新浪科技11月02日10:24 来自微博weibo.com", "transmit": 22, "comment": 40, "zan": 4616, "sentiment": [{"positive_prob": 0.271293, "confidence": 0.397127, "negative_prob": 0.728707, "sentiment": 0}]}, {"text": "【任正非：#华为已能不用一块美国芯片#，生产100%中国造的产品】10月30日，埃及《金字塔报》发表该报总编辑阿拉·萨比特的文章《对话任正非：美国制裁不能阻止我们的进步，反而使我们受益良多》。任正非表示，美国限制华为公司的发展，反而使员工更加团结，更加努力地工作，华为已经能“不用一块美国芯片”生产出100%中国制造的产品。@老板联播L老板联播的微博视频", "author": "每日经济新闻", "time": "每日经济新闻11月02日18:21 来自微博weibo.com", "transmit": 158, "comment": 65, "zan": 449, "sentiment": [{"positive_prob": 0.929811, "confidence": 0.844024, "negative_prob": 0.0701891, "sentiment": 2}]}, {"text": "【任正非：#华为已能不用一块美国芯片#，生产100%中国造的产品】10月30日，埃及《金字塔报》发表该报总编辑阿拉·萨比特的文章《对话任正非：美国制裁不能阻止我们的进步，反而使我们受益良多》。任正非表示，美国限制华为公司的发展，反而使员工更加团结，更加努力地工作，华为已经能“不用一块美国芯片”生产出100%中国制造的产品。@老板联播L老板联播的微博视频", "author": "梨视频", "time": "梨视频11月02日12:16 来自微博weibo.com", "transmit": 79, "comment": 163, "zan": 719, "sentiment": [{"positive_prob": 0.929811, "confidence": 0.844024, "negative_prob": 0.0701891, "sentiment": 2}]}, {"text": "#每经整点播#【每经18点丨任正非：华为已能“不用一块美国芯片”，生产出100%中国制造的产品；广州首批347套共有产权房对外供应，港澳青年首次可申领；美官员称正在调查IS新头目】1、任正非：#华为已能不用一块美国芯片#，生产100%中国造的产品。据中国经济周刊报道，10月31日，埃及《金字塔报》发表该报总编辑阿拉·萨比特的文章《对话任正非：美国制裁不能阻止我们的进步，反而使我们受益良多》。文章称，美国政府将这家中国巨头视为对美国国家安全的威胁，并将其列入实体清单。但目前的困难让华为公司员工和研究人员更加团结，并致力于向世界提供完全由中国开发的技术和产品。任正非介绍说，华为已经能“不用一块美国芯片”生产出100%中国制造的产品。但是，他也强调与其他国家合作的重要性。他说：“我们会耐心等待，但同时也会继续我们的研发，这是对目前困难的正确反应。”2、广州首批347套共有产权房对外供应，港澳青年首次可申领。据央视新闻报道，近日，广州首批共有产权房共347套对外供应，将提供给自贸片区重点发展领域紧缺型人才及港澳青年。这也是广州首次在保障房领域面向港澳人士可申请。这次共有产权房户型以三房两厅为主，单户面积为101~142平方米。首个试点项目“首筑花园”位于南沙自贸片区珠江街，这也是广州首次在保障房领域试水共有产权，这批共有产权住房面向南沙区域内重点发展领域紧缺型人才和港澳青年。对于港澳青年来说，这也是广州的保障房首次对他们予以供应。O每经18点丨任正非：华为已能“不用一块美国芯片”，生产出100%中国制造的产品；广州首批347套共有产权房对外供应，港澳青年首次可申领；美官员称正在调查IS新头目O每经18点丨任正非：华为已能“不用一块美国芯片”，生产出100%中国造", "author": "每日经济新闻", "time": "每日经济新闻11月02日18:02 来自微博weibo.com", "transmit": 58, "comment": 66, "zan": 537, "sentiment": [{"positive_prob": 0.970174, "confidence": 0.93372, "negative_prob": 0.0298258, "sentiment": 2}]}, {"text": "现在国内每个城市的垃圾分类规则都不太一样，对于像我这样经常出差的人来说，扫一扫就能识别垃圾分类的HUAWEIAirLens就是一个非常实用的功能了。L华为终端云服务的秒拍视频​​​", "author": "余承东", "time": "余承东11月02日16:52 来自HUAWEIMate30Pro", "transmit": 55, "comment": 363, "zan": 1006, "sentiment": [{"positive_prob": 0.909899, "confidence": 0.799775, "negative_prob": 0.0901011, "sentiment": 2}]}, {"text": "#深圳垃圾分类总奖金近亿元#11月1日，深圳垃圾分类将正式推行，最高奖1000元。还在发愁不会垃圾分类？华为用这支时尚大片来教你！华为用户在应用市场中下载“AirLens”APP，垃圾即拍即识，多城市分类规则一键切换。L华为终端云服务的秒拍视频​", "author": "FashionSeek", "time": "FashionSeek11月02日20:00 来自微博weibo.com", "transmit": 1551, "comment": 3394, "zan": 5306, "sentiment": [{"positive_prob": 0.905948, "confidence": 0.790997, "negative_prob": 0.0940515, "sentiment": 2}]}, {"text": "【任正非：#华为已能不用一块美国芯片#】10月30日，埃及《金字塔报》发表该报总编辑阿拉·萨比特的文章《对话任正非：美国制裁不能阻止我们的进步，反而使我们受益良多》。任正非表示，美国限制华为公司的发展，反而使员工更加团结，更加努力地工作，华为已经能“不用一块美国芯片”生产出100%中国制造的产品。L老板联播的微博视频", "author": "新浪科技", "time": "新浪科技11月02日19:37 来自微博weibo.com", "transmit": 42, "comment": 71, "zan": 250, "sentiment": [{"positive_prob": 0.936207, "confidence": 0.858237, "negative_prob": 0.0637932, "sentiment": 2}]}, {"text": "【任正非：华为已能不用一块美国芯片生产100%中国造的产品】埃及《金字塔报》发表该报总编辑文章《对话任正非：美国制裁不能阻止我们的进步，反而使我们受益良多》。任正非表示，美国限制华为公司发展，反而使员工更团结，华为已能“不用一块美国芯片”生产出100%中国制造产品。L老板联播的微博视频​", "author": "新浪科技", "time": "新浪科技11月02日11:55 来自微博weibo.com", "transmit": 36, "comment": 11, "zan": 243, "sentiment": [{"positive_prob": 0.73569, "confidence": 0.412644, "negative_prob": 0.26431, "sentiment": 2}]}, {"text": "朱正廷最好的朱正廷@THEO-朱正廷华为🐂🍺三公里外的大屏啊广角→1倍→5倍→10倍[发呆]突然发现朱正廷在我窗外滚动播放#朱正廷首专chapterz##朱正廷急先锋#@华为手机来看看，这波软广值不值得给我们朱正廷出资买点迷你专我为了追星专门去买的顶配P30P​", "author": "gjfelicia", "time": "gjfelicia11月02日18:22 来自朱正廷超话", "transmit": 203, "comment": 129, "zan": 696, "sentiment": [{"positive_prob": 0.532811, "confidence": 0.343779, "negative_prob": 0.467189, "sentiment": 1}]}, {"text": "据说是华为手机越南代言人，这颜值可以吧。​", "author": "科技Yu", "time": "科技Yu11月02日14:31", "transmit": 80, "comment": 272, "zan": 2276, "sentiment": [{"positive_prob": 0.831444, "confidence": 0.625431, "negative_prob": 0.168556, "sentiment": 2}]}, {"text": "【“不差钱”的华为又要发债了！手握2532亿现金，为何还要借钱？】10月31日，中国货币网披露，华为投资控股有限公司将于11月5日至6日发行第二期中期票据，发行金额30亿元，期限3年，缴款日期为11月7日，并且将于11月8日上市流通。不过，此次发债距离华为上一次发行30亿元中期票据仅相隔了一周。数据显示，华为今年前三季度营业收入和净利润分别斩获6033亿元和535亿元，且账面上还趴着2532亿元货币资金，可以说华为并不缺钱。那么，华为公司为什么会通过发债筹钱呢？华为2019年第二期中期票据说明书披露，预计该公司各项业务未来保持稳定增长态势，资金支出也将进一步增加，此次拟发行30亿元中期票据，将用于补充该公司本部及下属子公司营运资金。对于发债原因，华为创始人任正非也曾表示，“发债的成本很低，融资才4%的成本，而如果增加员工对企业的投资，这个成本太高了，分红太高了。”对此，业内分析人士认为，从前一次发债获得3倍认购来看，华为在国内债券市场备受资金认可，且上一次发债利率低至3.48%，比中石油集团等AAA级央企发债成本都低，发债有利于该公司进一步优化债务结构，补充流动资金。O“不差钱”的华为又要发债了！手握2532亿现金，为何还要借钱？", "author": "央视财经", "time": "央视财经11月02日19:00 来自微博weibo.com", "transmit": 71, "comment": 53, "zan": 159, "sentiment": [{"positive_prob": 0.0561434, "confidence": 0.875237, "negative_prob": 0.943857, "sentiment": 0}]}, {"text": "看来“华为”可以为大家提供一条龙服务了！​", "author": "科技疯汇", "time": "科技疯汇11月02日13:54", "transmit": 65, "comment": 259, "zan": 1038, "sentiment": [{"positive_prob": 0.528359, "confidence": 0.432824, "negative_prob": 0.471641, "sentiment": 1}]}, {"text": "华为手机还是牛，可以涮。​", "author": "刘春", "time": "刘春11月02日21:15 来自华为Mate20保时捷设计", "transmit": 43, "comment": 290, "zan": 850, "sentiment": [{"positive_prob": 0.650094, "confidence": 0.222432, "negative_prob": 0.349906, "sentiment": 2}]}, {"text": "薯片包装袋、汽水瓶🥤、牛奶盒🥛、鸡骨头🦴……再多垃圾我也不怕，一秒就能get分类方法～我是不是超厉害嘿嘿其实……华为应用市场上线了一个“AirLens”APP，拍一下就知道垃圾是哪类，不同的城市还有不同的分类规则，真蚌！转发并在评论晒出你用AirLens识别垃圾的结果页截图，11月20日揪1人送华为畅享9s手机（价值1499元）1台。#深圳垃圾分类总奖金近亿元#下载地址O网页链接👉L华为终端云服务的秒拍视频O抽奖详情", "author": "阿狸", "time": "阿狸11月02日14:01 来自微博weibo.com", "transmit": 1248, "comment": 790, "zan": 1082, "sentiment": [{"positive_prob": 0.30746, "confidence": 0.316756, "negative_prob": 0.69254, "sentiment": 0}]}, {"text": "去了一趟四姑娘，成功策反一个苹果生态粉转华为粉，全套苹果现在开始入华为生态了，华为手表、电视、mate30pro、p30，我用过8个苹果和3个华为，在可预期的将来我用的华为会远超苹果吧2厦门·加州商业广场​", "author": "Ms不落山", "time": "Ms不落山11月02日17:19 来自HUAWEIP30Pro", "transmit": 29, "comment": 656, "zan": 886, "sentiment": [{"positive_prob": 0.958651, "confidence": 0.908113, "negative_prob": 0.0413491, "sentiment": 2}]}, {"text": "任正非有三个孩子，姓氏却全不相同。大女儿孟晚舟，大家都很熟悉，是任正非第一任妻子所生，跟随母亲姓，目前是华为公司副董事长、CFO。儿子任平，跟随父亲姓，目前在华为工作，很低调不显山不露水。小女儿姚安娜，是任总和第二任妻子姚凌所生，同样跟随母亲姓，青春靓丽，目前在哈佛读大学。​", "author": "媒体人张晓磊", "time": "媒体人张晓磊11月02日09:13 来自热门微博Android", "transmit": 125, "comment": 109, "zan": 719, "sentiment": [{"positive_prob": 0.983008, "confidence": 0.962239, "negative_prob": 0.0169925, "sentiment": 2}]}, {"text": "【任正非：#华为已能不用一块美国芯片#，生产100%中国造的产品】10月30日，埃及《金字塔报》发表该报总编辑阿拉·萨比特的文章《对话任正非：美国制裁不能阻止我们的进步，反而使我们受益良多》。任正非表示，美国限制华为公司的发展，反而使员工更加团结，更加努力地工作，华为已经能“不用一块美国芯片”生产出100%中国制造的产品。@老板联播L老板联播的微博视频", "author": "大公報-大公網", "time": "大公報-大公網11月02日12:26 来自iPhone7Plus", "transmit": 55, "comment": 67, "zan": 402, "sentiment": [{"positive_prob": 0.929811, "confidence": 0.844024, "negative_prob": 0.0701891, "sentiment": 2}]}, {"text": "【华为又要发债了！手握2532亿现金，为何还要借钱？任正非曾这样说】根据上海清算所10月31日公告，华为投资控股有限公司（下称华为）将于11月5日至6日发行第二期中期票据“19华为MTN002”，发行金额为人民币30亿元，期限为3年。华为披露的数据显示，截至2019年三季度末，公司账上趴着的货币资金达2532亿元，也就是说现金流充裕的华为其实“不差钱”，那么华为公司为什么会通过发债筹钱呢？华为创始人任正非在谈到华为发债时曾表示，“发债的成本很低，融资才4%的成本，而如果增加员工对企业的投资，这个成本太高了，分红太高了。”O华为又要发债了！手握2532亿现金，为何还要借钱？任正非曾这样说", "author": "每日经济新闻", "time": "每日经济新闻11月02日14:22 来自搜狗高速浏览器", "transmit": 43, "comment": 52, "zan": 90, "sentiment": [{"positive_prob": 0.648268, "confidence": 0.218374, "negative_prob": 0.351732, "sentiment": 2}]}, {"text": "昨天明星大侦探里的白rap大家喜欢吗！来看看我们荣耀20青春版产品设计官@白敬亭又跟大家说了什么吧#焕新AI生活#白敬亭L华为商城的微博视频​", "author": "华为商城", "time": "华为商城11月02日15:02 来自微博weibo.com", "transmit": 151, "comment": 204, "zan": 754, "sentiment": [{"positive_prob": 0.842555, "confidence": 0.650122, "negative_prob": 0.157445, "sentiment": 2}]}, {"text": "【华为副董事长孟晚舟女士被捕11个月之后，加拿大女元首希望改善中加关系】如图，今天，加拿大总督（国家元首）在渥太华会见中国驻加拿大大使丛培武，她表示，希望双方共同努力，改善加拿大与中国的关系，问题来了，加拿大不把孟晚舟放回来，中加关系如何改善？开个空头支票就能改善？​", "author": "信通小熊猫", "time": "信通小熊猫11月02日16:35 来自微博HTML5版", "transmit": 187, "comment": 934, "zan": 4755, "sentiment": [{"positive_prob": 0.0557929, "confidence": 0.876016, "negative_prob": 0.944207, "sentiment": 0}]}, {"text": "骗子翻车现场！马来西亚68岁法师林文华为证明自己法力无边，当众表演“清蒸”，30分钟后，结果让我默哀三分钟。L百态人间的微博视频​", "author": "鸡毛蒜皮", "time": "鸡毛蒜皮11月02日23:18 来自微博weibo.com", "transmit": 282, "comment": 166, "zan": 1220, "sentiment": [{"positive_prob": 0.11897, "confidence": 0.735622, "negative_prob": 0.88103, "sentiment": 0}]}, {"text": "【#任正非称华为已能不用一块美国芯片#，生产100%中国造的产品】埃及《金字塔报》10月31日发表该报总编辑阿拉·萨比特的文章《对话任正非：美国制裁不能阻止我们的进步，反而使我们受益良多》称，美国政府将这家中国巨头视为对美国国家安全的威胁，并将其列入实体清单。但目前的困难让华为公司员工和研究人员更加团结，并致力于向世界提供完全由中国开发的技术和产品。任正非说，华为已经能“不用一块美国芯片”生产出100%中国制造的产品。但是，他也强调与其他国家合作的重要性。他说：“我们会耐心等待，但同时也会继续我们的研发，这是对目前困难的正确反应。”L老板联播的微博视频", "author": "老板联播", "time": "老板联播11月02日09:35 来自iPhone11Pro", "transmit": 72, "comment": 351, "zan": 1411, "sentiment": [{"positive_prob": 0.855575, "confidence": 0.679056, "negative_prob": 0.144425, "sentiment": 2}]}, {"text": "登机口随手拍，你能看出来哪些照片出自华为，哪些出自索尼大法吗？2北京·首都机场T3航站楼​", "author": "行政法徐金桂", "time": "行政法徐金桂11月02日08:28 来自HUAWEIP30Pro", "transmit": 8, "comment": 95, "zan": 206, "sentiment": [{"positive_prob": 0.57245, "confidence": 0.0498886, "negative_prob": 0.42755, "sentiment": 2}]}, {"text": "【以色列66%的都成了中国老铁】美国Pew研究中心最近调查称，66%的以色列年轻人喜欢中国。以色列时报分析，以色列年轻人由衷地喜欢中国，阿里巴巴功劳不小。比如，以色列人太喜欢网购了，最受欢迎的电商平台正是阿里巴巴旗下速卖通(Aliexpress)。当然，还有华为、小米等中国科技公司的贡献。“神奇女侠”盖尔·加朵代言华为手机，在以色列就成了新闻热点。今年天猫双11，以色列剁手党肯定又会疯狂购买中国品牌，而以色列的摩洛哥护发油、美容仪等产品也深受中国剁手党喜爱。贸易，其实是一种文化交流。#以色列##阿里巴巴#", "author": "价值投资日志", "time": "价值投资日志11月02日17:14 来自iPhoneX", "transmit": 79, "comment": 255, "zan": 1377, "sentiment": [{"positive_prob": 0.979399, "confidence": 0.954221, "negative_prob": 0.0206005, "sentiment": 2}]}, {"text": "来自华为员工的真香警告​", "author": "程序员新视界", "time": "程序员新视界11月02日07:42", "transmit": 68, "comment": 248, "zan": 3032, "sentiment": [{"positive_prob": 0.520628, "confidence": 0.587439, "negative_prob": 0.479372, "sentiment": 1}]}, {"text": "#易烊千玺世间少年当如你##易烊千玺少年的你#人生路上过客很多，他人向东向西向南向北，而我，只向你@TFBOYS-易烊千玺yyqx帅yyqx可爱yyqx中戏第一yyqx中戏yyqx天猫yyqx华为yyqx新歌yyqx舒适圈yyqx短发yyqx新歌yyqx舞蹈yyqxyyqx发型yyqxbvyyqx少年的你yyqx封面yyqx长安十二时辰四字帅四字可爱四字封面四字中戏第一四字弟弟yyqx艳势番易烊千玺KFall-TFBOYS-易烊千玺K陷落美好KIAdoreYou-TFBOYS-易烊千玺", "author": "映暮帆迟_", "time": "映暮帆迟_11月02日13:50 来自易烊千玺超话", "transmit": 14, "comment": 115, "zan": 286, "sentiment": [{"positive_prob": 0.970548, "confidence": 0.934552, "negative_prob": 0.0294517, "sentiment": 2}]}, {"text": "华为员工实名举报，称这个打着为员工好的制度就是一个天大的笑话？华为HR胡玲举报称：员工体验官就是一个天大的笑话，就是HR的自嗨，到底是怎么了？1、据胡玲报料称，华为HR高某，由于个人原因无法搬到深圳的人，2012人力资源部只有他一个人异地办公，几个月以来一直占用上班时间从西安-深圳直接往返。据胡玲说员工反映班车问题HR都想把其辞退，自己倒是作威作福。2、而且这个高某每次来深圳不是围着领导转，就是围着hr转，没有一分钟时间花在员工身上，有次来上班下午1点多才到连，续3个月没输出。最让人无语的是，研发人员，32岁绩效B+，都被认为是发展缓慢，被劝退；hr40岁的高龄，三连B，依旧可以作威作福。3、据胡玲所说，杨某要求其交出与员工的访谈记录及名单，里面涉及员工反馈的敏感问题，胡出于对研发员工的保护担心员工被“穿小鞋”，誓死不交，胡被逼到楼道里哭。4、有研发人员每月加班160个小时，且高血压高血脂还仍然深夜加班，却被HR说划水。5、作为员工体验官，作为华为人力资源成员，胡玲说“如果有兄弟累死了,他（HR）能想办法让公司没有责任！", "author": "人力资源研究", "time": "人力资源研究11月02日16:23 来自iPhoneXR", "transmit": 173, "comment": 174, "zan": 835, "sentiment": [{"positive_prob": 0.00782366, "confidence": 0.982614, "negative_prob": 0.992176, "sentiment": 0}]}, {"text": "真的受尽屈辱咯。我这几把手机信号没有拍照不行。我就直接问了：华为哪款拍照功能最好啊p还是mate？是不是一定得pro？​", "author": "马玉兰还在害人", "time": "马玉兰还在害人11月02日21:36", "transmit": 72, "comment": 1009, "zan": 5924, "sentiment": [{"positive_prob": 0.31185, "confidence": 0.306999, "negative_prob": 0.68815, "sentiment": 0}]}, {"text": "华为断供的事件，继续发酵。这对中国工业化的进程，影响深远。最近跟几家美国软件公司的管理层交流，发现国外工业软件也非常苦闷和矛盾。全球EDA软件巨头Synopsys自然无法为华为供货，而上海研发中心或许也会解散。因为在中国设立和从事高科技研发中心，已经成为美国“政治上不正确”的事件了。美国许多软件公司都是极左的，会积极响应政治需求。像美国三大高端CAD巨头PTC公司前几年出了点官司之后，就主动选择撤离中国的军工市场，从而也损失了大把的订单。那么Synopsys这四五百号人的研发团队何去何从？台湾研发中心应该是一个选择。这意味着一部分人会去台湾，一部分将回美国。最宝贵的稀缺人才的辞职潮，即将开始。这或将能够充实正在大干快上的工业软件国家队的人才。然而如何给这些外企精英们宽松的环境和薪酬机会，对于在苦日子里挣扎的国产软件商，并不容易。而从更高的技术扩散的角度来看，顶尖的研发人才不再留在中国，意味着隐形知识再也无法与区域相结合。这将是中国制造在创新发展中的重大损失。", "author": "南山林雪萍", "time": "南山林雪萍11月02日16:36 来自微博weibo.com", "transmit": 304, "comment": 213, "zan": 745, "sentiment": [{"positive_prob": 0.978435, "confidence": 0.952078, "negative_prob": 0.0215651, "sentiment": 2}]}]