[{"text": "【来个自拍，用华为手机！】#约翰逊用华为手机自拍##英国首相华为自拍#英国首相鲍里斯•约翰逊拿华为手机自拍了。当地时间12月5日，他在出席电视节目时的这一举动吸引了不少媒体注意。英媒称，此前一天约翰逊刚刚暗示基于安全风险禁止华为参与英国5G建设。约翰逊当天这波操作也吸引了英国网友关注，有网友为约翰逊开脱说，“用华为不代表就允许华为参与5G”，但更多网友则将注意力放在了华为手机“好用”上。O来个自拍，用华为手机！", "author": "环球网", "time": "环球网2019年12月06日13:13", "transmit": 486, "comment": 833, "zan": 28121}, {"text": "受团团@共青团中央邀请去北京参加中国青年好网民分享，所以停更了几天，请大家谅解，这一趟不仅结识了很多兄弟，还拿到了2本荣誉证书，感觉身上的担子又重了，是时候去全国结识更多的兄弟了​", "author": "华农兄弟", "time": "华农兄弟2019年12月06日11:14", "transmit": 366, "comment": 1491, "zan": 16935}, {"text": "【投票：你是iOS用户吗？接下来会换系统吗？】#中国近半iOS用户换机时转投安卓#QuestMobile的监测数据也显示，苹果用户的忠诚度在今年有所下降。2019年上半年，约46%的iOS用户在换机时选择投入安卓阵营，这一数字比去年同期增加了2.8%。其中，27.8%的苹果用户在换机时选择了华为。你是iOS用户吗？接下来会换系统吗？你是iOS用户吗？接下来会换系统吗？", "author": "财经网", "time": "财经网2019年12月06日10:00", "transmit": 31, "comment": 109, "zan": 5175}, {"text": "昨天在nova65G发布会前，我邀请千玺同学@TFBOYS-易烊千玺一起来到现场的体验区，全面感受颜值出众的#华为nova6#5G105°前置广角双摄、超感光暗拍、5G速度等多项升级体验，想了解更多内容，点开视频吧！L华为何刚的微博视频​", "author": "华为何刚", "time": "华为何刚2019年12月06日19:25 来自微博视频", "transmit": 24122, "comment": 979, "zan": 5814}, {"text": "要下台了所有粉丝都在喊不要走易烊千玺不要走，结果易烊千玺竟然还在舞台上小跑起来了🤨#千玺在nova星等你##易烊千玺2019玊尔演唱会#L神兽妹子爱元宝的微博视频​", "author": "神兽妹子爱元宝", "time": "神兽妹子爱元宝2019年12月06日10:22 来自易烊千玺超话", "transmit": 5538, "comment": 1009, "zan": 11174}, {"text": "#华为nova6#系列的精彩亮点，你都记住了吗？请跟随华为nova系列代言人@TFBOYS-易烊千玺一起走进nova星球的奇妙幻境吧！L华为中国的微博视频​", "author": "华为中国", "time": "华为中国2019年12月06日07:00 来自手机平板·视频社区", "transmit": 25188, "comment": 1166, "zan": 11262}, {"text": "一转眼又到年底啦，持续降温的季节，走出家门吃一块甜蜜的浓情巧克力才是冬日正确的打开方式吧！每到这个时候都会忍不住回想过去的这一年里发生了什么，那些或感动或幸福的时刻，想要把这些瞬间都记住～最近种草的#华为畅享#10S，不仅有4800万高清超广角三摄，可以轻松留下每一个值得记录的瞬间！更有120度超广角镜头，让视野扩大一倍，不管是山川湖海，还是大长腿，拍拍拍！都一键尽收眼底。还要夸爆强劲续航的4000mAh电池！让我再也不用担心出门的电量问题啦，安心享受惬意下午茶时间后，还电量满满！幻夜黑的配色低调又优雅，超薄机身在不同角度有不同的光泽，不单调不沉闷，完美诠释了什么是五彩斑斓的黑，颜值和功能双双在线！帮你把冬日搭出不落俗套的时髦！走出家门带上#华为畅享#10S定格冬日的美好时刻吧～", "author": "满满Cyim", "time": "满满Cyim2019年12月06日18:00 来自微博weibo.com", "transmit": 26, "comment": 577, "zan": 3266}, {"text": "【#英首相上节目用华为手机自拍#，保守党人：不是他自己的】据英国媒体12月5日报道，英国首相鲍里斯·约翰逊接受独立电视台采访时，被拍到使用华为P20自拍。一名保守党人士称，该手机是由当天的工作人员递给鲍里斯的，还不能确认是否是他本人的手机。#英国首相华为自拍#@全球视频大魔王L全球视频大魔王的微博视频", "author": "梨视频", "time": "梨视频2019年12月06日22:37 来自国际快讯·视频社区", "transmit": 43, "comment": 258, "zan": 2080}, {"text": "#英国首相华为自拍#【英首相刚说要将华为踢出英国5G网络转头就拿着华为开心自拍】据媒体12月6日报道，英国首相约翰逊4日在北约组织峰会上表示，英国可能跟进国际安全盟友的做法将华为踢出英国5G网络。然而就在5日，约翰逊在接受英国独立电视台《今晨》节目访问后和主持人来了张自拍，所持的手机正是华为。L燃新闻的秒拍视频", "author": "台湾那点事儿", "time": "台湾那点事儿2019年12月06日22:00 来自奇闻轶事·视频社区", "transmit": 245, "comment": 748, "zan": 21991}, {"text": "【投票：#再换手机选iOS还是安卓#】#中国近半iOS用户换机时转投安卓#界面新闻报道，相关数据分析显示，2019年上半年，约46%的iOS用户在换机时选择投入安卓阵营，比去年同期增加了2.8%。其中27.8%的苹果用户在换机时选择了华为。你再换手机时，iOS还是安卓？你再换手机时，iOS还是安卓？​", "author": "中央人民广播电台", "time": "中央人民广播电台2019年12月06日09:05 来自微博weibo.com", "transmit": 23, "comment": 119, "zan": 5360}, {"text": "号外号外！丸几冬瓜遭遇狗生滑铁卢啦~！原来比顺风耳还灵的狗耳朵，现在在#华为Sound#X的逼真音质下，它们竟然听不出真假？太难了呜呜，整个狗都懵了！快戳视频收获今日份的快落！L芋圆吃饱没的秒拍视频​", "author": "芋圆吃饱没", "time": "芋圆吃饱没2019年12月06日20:45 来自微博weibo.com", "transmit": 3924, "comment": 710, "zan": 22102}, {"text": "【当面拒绝蓬佩奥，葡萄牙外长：不会禁止华为参与该国5G建设】美国在欧洲围堵华为的行动，又碰了钉子。据美联社12月6日报道，葡萄牙政府高级官员、外交部长席尔瓦当地时间5日对正在该国进行访问的美国国务卿蓬佩奥表示，不会排除华为公司为该国下一代5G网络建设提供技术的可能性。美联社评论说，葡萄牙成为最新抵制美国劝说其盟友拒绝华为提供5G网络硬件竞标的欧盟国家。O当面拒绝蓬佩奥，葡萄牙外长：不会禁止华为参与该国5G建设", "author": "环球网", "time": "环球网2019年12月06日15:33", "transmit": 45, "comment": 64, "zan": 575}, {"text": "#千玺在nova星等你#易烊千玺感谢分享，于炫彩光影缓步而来，以节奏舞动恣意青春。不定义未来，不拘束舞台，和代言人@TFBOYS-易烊千玺一起感受#华为nova6#的魅力。#易烊千玺热舞#来袭！寒冷的冬日都被@TFBOYS-易烊千玺热舞点燃了呢，又帅又酷，满满十九岁的青春活力！L中国电影报道的微博视频​", "author": "烊家军", "time": "烊家军2019年12月06日10:22 来自明星资讯·视频社区", "transmit": 9382, "comment": 73, "zan": 290}, {"text": "转发：12月5日，华为在深圳召开新闻发布会，回应起诉美国联邦通信委员会（FCC）时称：“我们这次法律行动是因为FCC把我们定义成威胁美国国家安全，而且不是基于事实，不是基于证据，而是基于猜测。第二，我们认为公平的市场竞争是一个企业参与的一个非常重要的商业环境，因为FCC的法案规定实际上是剥夺了我们的宪法权利，超越了他的行政授权。”", "author": "wu2198", "time": "wu21982019年12月06日09:05", "transmit": 42, "comment": 700, "zan": 12683}, {"text": "叮！您的nova6为您发来5G通话邀请！nova6本次发布了5G版本，让你可以快人一步体验5G时代。同时，前置105°超广角和3200万人像超级夜景让你的自拍更带感！听说，这次还新增了蜜语红配色，这个冬天，就让nova6以炙热红色，将热情点燃！#华为nova6#​", "author": "摄影师李小月", "time": "摄影师李小月2019年12月06日15:00 来自微博weibo.com", "transmit": 548, "comment": 801, "zan": 1159}, {"text": "前华为员工谈华为李洪元251事件，这是比较有说服力的分析。我们来看看此次各种喷华为的是谁，其实主要是香港的黄丝、台湾的小台毒、华为的某些无耻无德竞争对手雇佣的大量水军以及国内外的喷子加反华分子，还有极少数的华为竞争对手的脑残粉，当然了，还有很多拿了华为竞争对手好处的无耻自媒体各种带不良节奏或者蹭热度的踩华为，这些人在华为被美国各种封杀下意欲让华为死，甚至可以说是有组织的各种炒作华为251事件，相当无耻卑鄙，黄丝台独还整个什么华为8大诉求，想让华为的名气受损，但是只要大家好好的分析就会发现，华为并未做错什么，合理合法，有什么好道歉的呢？如果道歉，反而说明自己做错了什么，如果华为真的那么差劲，还会有那么多员工留下来？肯定有智障说我收了华为好处后替华为说话，脑子是个好东西，可惜喷子们没有，华为能看上我这个小博主？也太抬举我和太小看华为了吧！说我收了好处的喷子们，请别到处秀低智商了，那样会让人觉得你们是弱智。另外，我并不是说只要喷华为的就是黄丝或台独，有可能是无脑喷子或职业喷子或缺乏分析判断能力心智不成熟之人。别说我缺德和没良知，谁缺德谁没良知心里难道没点数吗？关注@热门表哥观看更多热门视频L热门表哥的微博视频", "author": "热门表哥", "time": "热门表哥2019年12月06日12:17 来自微博视频", "transmit": 503, "comment": 1714, "zan": 6661}, {"text": "华为昨天起诉美国联邦通信委员会（FCC）违反美国宪法。因为FCC禁止华为参与联邦补贴资金项目。今天小王就给大家介绍一下，华为对于美国农村有多重要！美国农村无线网络协会统计，25%的客户都使用华为与中兴的设备，有的农村运营商，砸锅卖铁，举债几百万升级华为系统。FCC现在突然说不让华为参与补助项目，受到重创的不仅是美国的运营商，还有他们几十万的客户，以及数亿美元的商机。美国5G曾被美国媒体形容：“输在了起跑线上”，美国会变成信息孤岛，这其中又有着怎样的玄机？今天#冰汝看美国#公号重磅出品。", "author": "王冰汝", "time": "王冰汝2019年12月06日21:35 来自iPhoneXR", "transmit": 80, "comment": 208, "zan": 537}, {"text": "【华春莹赞赏葡萄牙外长涉华为安全问题表态：相信各国会独立自主做出自己的选择】美国国务卿蓬佩奥当地时间5日在与葡萄牙外长席尔瓦共见记者时称，中国政府会毫不犹豫地将华为作为获取秘密数据的工具，美国一直努力确保自己的盟友意识到与不可信赖的电信企业进行合作的风险。但是葡萄牙外长说，在电信招标方面将遵循欧洲规则，葡萄牙方面欢迎所有的外国投资。对于席尔瓦外长的上述表态，外交部发言人华春莹在6日下午举行的记者会上表示：“我们赞赏葡萄牙方面公正的态度，美国以莫须有的罪名到处打压、封杀中国特定的企业，这种赤裸裸的霸权行径已经遭到中方和其他具有正义感的国家的坚决地反对。”华春莹还说，在全球化的时代，公平、公正、非歧视性的原则对于维护国际规则和正常的经济技术合作和贸易秩序都是至关重要的。“我们相信各国最终都会从本国自身的根本和长远利益出发，来独立自主的做出最符合自己利益的选择和判断。”", "author": "环球网", "time": "环球网2019年12月06日16:12 来自微博weibo.com", "transmit": 37, "comment": 56, "zan": 628}, {"text": "【英国首相，真香警告！】英国首相鲍里斯·约翰逊用华为手机拍了一张自拍，然后英国和西方媒体全炸锅了。详情请戳↓↓↓O英国首相，真香警告！​", "author": "环球时报", "time": "环球时报2019年12月06日14:30 来自微博weibo.com", "transmit": 47, "comment": 196, "zan": 1182}, {"text": "【余承东：八年前华为做低端贴牌产品差点被停掉】12月6日上午，华为心声社区发布《华为是谁》纪录短片第三集，在片中，余承东表示八年前华为做的是低端贴牌产品，差点被停掉。L新浪科技的微博视频​", "author": "新浪科技", "time": "新浪科技2019年12月06日15:08 来自科技·视频社区", "transmit": 86, "comment": 212, "zan": 1523}, {"text": "尴尬了。英国首相鲍里斯·约翰逊4号刚刚对媒体表示：由于华为5G将对英国国家安全造成威胁，自己考虑将华为踢出英国的5G网络（图四、图五）。结果第2天英媒就发现，他自己用华为用得不亦乐乎，还把拍下来的照片发到社交媒体上。。。（图一~图三）​", "author": "上帝之鹰_5zn", "time": "上帝之鹰_5zn2019年12月06日11:32 来自微博weibo.com", "transmit": 130, "comment": 412, "zan": 4287}, {"text": "反华为是工作，用华为是生活，英国首相也逃脱不了真香定律。当地时间12月5日，黄毛约翰逊在出席电视节目时的这一举动吸引了不少媒体注意。英媒称，此前一天约翰逊刚刚暗示基于安全风险禁止华为参与英国5G建设。约翰逊当天这波操作也吸引了英国网友关注，有网友为约翰逊开脱说，“用华为不代表就允许华为参与5G”，但更多网友则将注意力放在了华为手机“好用”上。#华为##英国首相用华为手机自拍#", "author": "帝吧官微", "time": "帝吧官微2019年12月06日16:58 来自中华有为Android", "transmit": 74, "comment": 194, "zan": 2186}, {"text": "【等特朗普走后，约翰逊掏出了华为手机……】周四（5日）约翰逊在接受英国独立电视台《今晨》节目的采访时，用华为P20Pro手机与节目的两位主持人自拍。而当天是特朗普离开英国的第二天。《今晨》主持人斯科菲尔德透露，约翰逊拿出手机自拍时，并不知道要按下按钮才能拍照。这或表明，约翰逊并不熟悉这台手机，可能是带着一台新机去参加这个节目。O特朗普刚走，约翰逊就拿华为手机自拍", "author": "观察者网", "time": "观察者网2019年12月06日12:53 来自微博weibo.com", "transmit": 130, "comment": 309, "zan": 3030}, {"text": "漫游在色彩和光影的幻境，浪漫的普罗旺斯和深邃的苏音蓝，#华为nova6#系列的哪种颜色是你的灵魂底色？​", "author": "华为终端官方微博", "time": "华为终端官方微博2019年12月06日18:00 来自微博weibo.com", "transmit": 58, "comment": 214, "zan": 855}, {"text": "【华为手机又换代言人了？】发现英国首相鲍里斯·约翰逊用华为P20Pro在电视节目中自拍，首相自己都吓尿了，昨天刚和特朗普约定要封杀华为，今天就闹出笑话给全世界看了，金毛会不会打电话过来批评啊？英国人和英国媒体也都吓尿了，赶紧声明那不是约翰逊自己的手机。约翰逊：我绝对不认识这个手机，我不知道它是怎么到我手里来的，我可以负责地说我不认识这个手机。。。欧美多家媒体报道英国首相鲍里斯·约翰逊用华为P20Pro自拍，把英国人都吓傻了。首相自己也吓尿了，赶紧声明那不是自己的手机。欧美越来越不自信了。。。川普：媳妇们，孩子们，赶紧把华为手机还有老干妈都给老子藏起来！#华为##中国##英国#", "author": "价值投资日志", "time": "价值投资日志2019年12月06日23:20 来自iPhoneX", "transmit": 261, "comment": 429, "zan": 3521}, {"text": "我買了一個玩具給自己先適應一下華為電話怎麼用，等下年就換p40pro到時就把iPhone賣掉，拒絕當賣國賊我們一起站在華為後面，打贏老美，取得我們中國人的勝利​", "author": "香港小兔兔", "time": "香港小兔兔2019年12月06日19:25 来自iPhoneXS", "transmit": 23, "comment": 1311, "zan": 7599}, {"text": "【#英首相上节目用华为手机自拍#，保守党人：不是他自己的】据英国媒体12月5日报道，英国首相鲍里斯·约翰逊接受独立电视台采访时，被拍到使用华为P20自拍。一名保守党人士称，该手机是由当天的工作人员递给鲍里斯的，还不能确认是否是他本人的手机。（@梨视频）L全球视频大魔王的微博视频​", "author": "每日经济新闻", "time": "每日经济新闻2019年12月06日23:23 来自国际快讯·视频社区", "transmit": 17, "comment": 39, "zan": 249}, {"text": "这就叫里应外合！看看某些部门打造的矩阵，再看看人家，那才是真正的矩阵。​", "author": "如皋老猫", "time": "如皋老猫2019年12月06日17:37 来自HUAWEIMate20", "transmit": 224, "comment": 154, "zan": 437}, {"text": "【#英首相上节目用华为手机自拍#，保守党人：不是他自己的】据英国媒体12月5日报道，英国首相鲍里斯·约翰逊接受独立电视台采访时，被拍到使用华为P20自拍。一名保守党人士称，该手机是由当天的工作人员递给鲍里斯的，还不能确认是否是他本人的手机。L全球视频大魔王的微博视频​", "author": "新浪新闻客户端", "time": "新浪新闻客户端2019年12月06日23:22 来自国际快讯·视频社区", "transmit": 41, "comment": 78, "zan": 308}, {"text": "#美通过涉疆法案是为恐怖主义张目#【涉疆、涉港…#美国指手画脚何时了#？】当地时间12月3日，美国国会众议院通过所谓“2019年维吾尔人权政策法案”。针对此事，全国政协外事委员会4日发表声明，强烈谴责美国对中国指手画脚。涉疆、涉港、5G网络建设…就想问一问，美国怎么总喜欢对中国指手画脚？L中报视频的秒拍视频", "author": "中国日报", "time": "中国日报2019年12月06日18:01 来自国际快讯·视频社区", "transmit": 25, "comment": 38, "zan": 212}]