[{"text": "这个城市生而不凡，坐拥首都、政治文化中心、三千年历史、世界一线城市等多个标签。每个不凡都关乎选择，无数小不凡成就了北京的大不凡。5月10日，华为北京城市峰会2019，邀您见证数字经济时代，北京通过5G、云、人工智能等新技术再创新不凡。O网页链接转发微博，5月10日抽1位#选择不凡#的你，送1台P30（标配）", "author": "华为中国", "time": "华为中国05月08日13:07 来自微博HTML5版", "transmit": 2752, "comment": 2674, "zan": 1817, "sentiment": [{"positive_prob": 0.943907, "confidence": 0.875348, "negative_prob": 0.0560933, "sentiment": 2}]}, {"text": "今天去故宫转了转，用华为P30Pro拍了几张照片。感觉现在是去故宫的好时候啊，御花园的花都开了。5倍光变比我之前的理解实用性更高，总有一些场景，发现真的想拍的更远。比如图5用了10倍混合变焦。图4比较有趣的是开启了大光圈模式，在距离这么远的情况下还完成了虚化（不过虚化已经有些勉强，再调大光圈的话就会有些算法错误了），但效果已经让我很满意了。", "author": "钟文泽", "time": "钟文泽05月08日19:22 来自HUAWEIP30Pro", "transmit": 16, "comment": 144, "zan": 338, "sentiment": [{"positive_prob": 0.985943, "confidence": 0.968761, "negative_prob": 0.0140575, "sentiment": 2}]}, {"text": "选择奥克斯互联网直卖空调，就是#选择不凡#。转发微博并关注，明天抽1人送1台HUAWEIP30（标配）。5月9日，@华为云城市峰会2019，一起探索杭州的不凡未来O网页链接​", "author": "AUX奥克斯空调", "time": "AUX奥克斯空调05月08日13:39 来自360安全浏览器", "transmit": 55869, "comment": 2297, "zan": 3774, "sentiment": [{"positive_prob": 0.743838, "confidence": 0.430751, "negative_prob": 0.256162, "sentiment": 2}]}, {"text": "【任正非和郭台铭：两个人，一座城，一个时代】从改革开放一路走来，华为和富士康已然成为深圳的名片。如果说华为代表的是深圳的A面，那富士康就是深圳的B面，两者都不可缺少。2019年，任正非和郭台铭都比以往更加奔波。郭台铭一如既往地激流勇进，今年更为凶猛，立志走上仕途；而一向退居幕后的任正非，面对诡谲的国际商战，也奔走于各国媒体的采访间。30年前，他们和深圳交汇，分别诞生了华为和富士康。富士康龙华园区和华为坂田总部，仅相隔一条高速公路，彼此成为了邻居和上下游。在过去的一年中，两家公司的业绩都创下了历史新高。作为深圳的A面，华为是奋斗者的代表、高科技代表，任正非也是中国改革开放的头面人物。富士康则是深圳的B面，B面是基础，是中国制造业的根本。富士康吸收了众多中低产阶级，将农业中解放出来的生产力转移到工业中，从纯体力活转移到技术含量高一些岗位。正是有了这AB面，才有了深圳，他们也代表了改革开放不同的进程。O任正非和郭台铭：两个人，一座城，一个时代", "author": "凤凰网财经", "time": "凤凰网财经05月08日22:43", "transmit": 57, "comment": 73, "zan": 107, "sentiment": [{"positive_prob": 0.972172, "confidence": 0.93816, "negative_prob": 0.0278281, "sentiment": 2}]}, {"text": "选择毫秒级精度，就是#选择不凡#，用视频点亮世界，转发微博，5月9日，@微博抽奖平台抽1人，送1台HUAWEIP30（标配）。杭州的不凡与生俱来，5月9日，@华为云城市峰会2019，一起探索杭州的不凡未来！​", "author": "小影", "time": "小影05月08日12:06 来自微博weibo.com", "transmit": 5731, "comment": 2203, "zan": 4356, "sentiment": [{"positive_prob": 0.907117, "confidence": 0.793594, "negative_prob": 0.0928826, "sentiment": 2}]}, {"text": "今天黄子韬到公司楼下拍广告啦！恨不得自己配个华为p30！黄子韬​", "author": "STONELULULULU", "time": "STONELULULULU05月08日21:24 来自iPhone客户端", "transmit": 236, "comment": 151, "zan": 516, "sentiment": [{"positive_prob": 0.507874, "confidence": 0.842523, "negative_prob": 0.492126, "sentiment": 1}]}, {"text": "当下的中美关系美国总统特朗普之前声称周五对中国商品加关税，今天又说中国副总理要去美国签贸易协议。今天美国通过了粗暴干涉中国内政的所谓“台湾保护法”，414票赞成，0票反对，17票弃权，华为的孟晚舟8号将再度出庭，甲骨文创始人认为不能让中国培养更多的工程师。把这几个事件综合起来看，就可见真实的中美关系，即美国早已把中国当成敌人！所谓“台湾保证法”的通过，是一个大事件，看看对比，就知道美国很多话都是谎言，在贸易战的大背景下，该法通过，恶意满满。美国此届政府非常奇葩，没有廉耻，好勇斗狠，特朗普负责敲诈，国务卿蓬佩奥到处说中国坏话，所谓国家安全顾问博尔顿到处煽风点火，到底是谁在破坏世界和平，一目了然！", "author": "洪国荃", "time": "洪国荃05月08日22:54 来自HUAWEIMate10", "transmit": 209, "comment": 481, "zan": 153, "sentiment": [{"positive_prob": 0.108838, "confidence": 0.758138, "negative_prob": 0.891162, "sentiment": 0}]}, {"text": "【境外媒体：5G时代，到西方需向中国付专利费的时候了】#5G时代西方需向中国付专利费#据《日本经济新闻》5月5日报道，伊普利蒂克斯公司数据显示，截至今年3月，5G通信标准必要专利的申请件数中国占比34.02%，是现有4G标准的1.5倍以上。其中，5G标准必要专利中申请数量最多的企业是华为，占比15.05%，另有两家中国企业上榜，中兴通讯和中国电信科学技术研究院分别位列第5位和第9位。华为在基站开发等方面相关专利申请较多，超过瑞典爱立信和芬兰诺基亚；中兴在基站等方面份额也在扩大。其他国家方面，美国占比14%，比4G下降两个百分点，其中作为4G主要参与者的美国高通公司在5G领域所占份额有所下降，居第6位。此外，美国投行富瑞金融集团驻香港电信分析师表示，4G时代，中国公司不得不付费购买西方企业的专利，如今，中国公司自身拥有如此多的专利，西方企业需要向中国公司支付专利费。伊普利蒂克斯公司首席执行官蒂姆·珀尔曼也认为，“华为即便不在美国销售商品，仍可以获得专利使用费”。（来源：@参考消息）", "author": "每日经济新闻", "time": "每日经济新闻05月08日10:23 来自微博weibo.com", "transmit": 33, "comment": 25, "zan": 79, "sentiment": [{"positive_prob": 0.229408, "confidence": 0.490204, "negative_prob": 0.770592, "sentiment": 0}]}, {"text": "【任正非和郭台铭：两个人一座城一个时代】2019年，任正非和郭台铭都比以往更加奔波。郭台铭一如既往激流勇进，今年更为凶猛，立志走上仕途；而一向退居幕后的任正非，面对诡谲的国际商战，也奔走于各国媒体的采访间。而富士康龙华园区和华为坂田总部，仅相隔一条高速公路，彼此成为了邻居和上下游。O任正非和郭台铭：两个人一座城一个时代", "author": "新浪科技", "time": "新浪科技05月08日22:21 来自专业版微博", "transmit": 29, "comment": 17, "zan": 62, "sentiment": [{"positive_prob": 0.971244, "confidence": 0.936099, "negative_prob": 0.0287556, "sentiment": 2}]}, {"text": "#OPPO手机60倍变焦##OPPO全新Reno#比华为P30Pro还厉害？“义人”天天见栏目回归：马上曝出猛料，OPPOReno10倍变焦版解锁了新技能，全球变焦性能最强的智能手机，60倍数码变焦了解一下，超过华为P30Pro的50倍数码变焦功能？L义人天天见栏目回归：马上曝出猛料，OPPOReno支持60倍变焦！​", "author": "科技小蜀黍", "time": "科技小蜀黍05月08日10:00 来自YOUKU精选视频", "transmit": 132, "comment": 764, "zan": 946, "sentiment": [{"positive_prob": 0.963731, "confidence": 0.919401, "negative_prob": 0.0362695, "sentiment": 2}]}, {"text": "华为P30Pro施华洛世奇元素限量版套装即将开售，我们提前拿到这款套装给大家抢先看。你觉得怎么样？O华为P30Pro限量套装图赏​", "author": "新浪手机", "time": "新浪手机05月08日09:04 来自微博weibo.com", "transmit": 68, "comment": 84, "zan": 44, "sentiment": [{"positive_prob": 0.712279, "confidence": 0.36062, "negative_prob": 0.287721, "sentiment": 2}]}, {"text": "@黑历史打脸bot华为50倍变焦就是🐮🍺，oppo60倍变焦就是辣鸡，太真实了​", "author": "科技入魔", "time": "科技入魔05月08日18:37 来自小米MIX2S全面屏", "transmit": 147, "comment": 567, "zan": 592, "sentiment": [{"positive_prob": 0.211661, "confidence": 0.529642, "negative_prob": 0.788339, "sentiment": 0}]}, {"text": "【#MadeinChina开始成为一种骄傲#】无论是几次在国际时装周上惊艳世界的国潮李宁，还是超越苹果成为全球手机销量第二名的本土华为，中国制造已经成为中国创造，中国骄傲！中国品牌不断在世界舞台展露出中国名片的风采。近日“BrandZ2019最具价值中国品牌100强”榜单发布，其中伊利以世界级品质夺得Food＆Dairy品类行业的“七连冠”，比肩国际标准的质量控制体系，稳居全球乳业第一阵营！喝上放心奶这是关乎人民群众切身利益的重大民生问题，是百姓的基本诉求！中国奶业品牌请继续加油哦！", "author": "央视网", "time": "央视网05月08日14:00 来自微博weibo.com", "transmit": 325, "comment": 333, "zan": 706, "sentiment": [{"positive_prob": 0.996828, "confidence": 0.992952, "negative_prob": 0.0031716, "sentiment": 2}]}, {"text": "【全面屏发展遇到瓶颈，华为、小米新探索思路谁更胜一筹？】此前媒体先曝光小米设计专利，官方申请大量“奶嘴屏”专利，这种设计避免了升降镜头、刘海屏、挖孔屏等设计！小米专利申请日是2018年5月25日！巧的是日前据荷兰媒体LetsGoDigital报道，华为有望推出一款没有刘海设计的全面屏中端手机。华为于2018年3月向世界知识产权局提交了一项外观设计专利，并于2019年5月7日收纳到全球设计库中。这款手机机身正面也没有刘海，而是在顶部呈现圆形设计，为自拍摄像头和各种传感器预留了空间。在机身背面拥有一个双摄像头，中间有闪光灯，此外指纹传感器也位于机身背面，底部保留了3.5mm耳机端口。从申请专利日期看华为是略早于小米的，那么华为、小米这两款全面屏新探索，哪个更好一点", "author": "宋敬亭", "time": "宋敬亭05月08日19:05", "transmit": 6, "comment": 129, "zan": 96, "sentiment": [{"positive_prob": 0.979216, "confidence": 0.953813, "negative_prob": 0.0207842, "sentiment": 2}]}, {"text": "无奖问答：拿到新手机，你会做的第一件事是_____？我先来，我会先设置华为帐号~L华为终端官方微博的酷燃视频​", "author": "华为终端官方微博", "time": "华为终端官方微博05月08日12:00 来自酷燃视频", "transmit": 62, "comment": 496, "zan": 830, "sentiment": [{"positive_prob": 0.765399, "confidence": 0.478664, "negative_prob": 0.234601, "sentiment": 2}]}, {"text": "野生动物就在身旁不远时，更清晰的体会到所有生物同呼吸共命运摄影：@陈曦Stanley设备：华为P30#hi五月#​", "author": "手机摄影", "time": "手机摄影05月08日10:04", "transmit": 5, "comment": 9, "zan": 64, "sentiment": [{"positive_prob": 0.654913, "confidence": 0.233141, "negative_prob": 0.345087, "sentiment": 2}]}, {"text": "【任正非和郭台铭：两个人，一座城，一个时代】从改革开放一路走来，华为和富士康已然成为深圳的名片。如果说华为代表的是深圳的A面，那富士康就是深圳的B面，两者都不可缺少。而若将来回首21世纪前100名最具影响力企业家，任正非、郭台铭很可能上榜>>>O任正非和郭台铭：两个人，一座城，一个时代​", "author": "21世纪经济报道", "time": "21世纪经济报道05月08日20:57 来自微博weibo.com", "transmit": 20, "comment": 0, "zan": 38, "sentiment": [{"positive_prob": 0.272051, "confidence": 0.395442, "negative_prob": 0.727949, "sentiment": 0}]}, {"text": "来了！全新AndroidQ系统今天凌晨于谷歌I/O大会上正式发布！作为首批体验手机，#华为Mate20#Pro机型AndroidQBeta版本现面向全球开发者开启招募，戳评论即刻报名↓​​​​", "author": "华为终端官方微博", "time": "华为终端官方微博05月08日18:00 来自微博weibo.com", "transmit": 42, "comment": 292, "zan": 973, "sentiment": [{"positive_prob": 0.919056, "confidence": 0.820124, "negative_prob": 0.0809441, "sentiment": 2}]}, {"text": "新机到手，如何快速掌握分屏操作、动态壁纸设置……有一种技巧，是你需要我刚好有，送大家一份新机宝典，轻松驾驭华为手机六大#玩机技巧#精髓，秒变玩机达人！​", "author": "华为终端公司", "time": "华为终端公司05月08日18:18 来自微博weibo.com", "transmit": 21, "comment": 29, "zan": 107, "sentiment": [{"positive_prob": 0.982982, "confidence": 0.962183, "negative_prob": 0.0170177, "sentiment": 2}]}, {"text": "【网友P30跑分仅23.8万安兔兔：未打开性能模式】今日，有网友在微博晒图称，华为P30安兔兔实测跑分仅有23.8万，相比骁龙855差距甚大。对此，安兔兔官微回应称，已经强调过很多次，华为的EMUI9为了提升续航，默认不打开性能模式，需要在电池选项中手动打开，在非性能模式下麒麟980平台自然无法取得较高的成绩，只能反馈出当前能够发挥出的性能。麒麟980相关机型的用户可以打开性能模式后对比一下前后的成绩以及流畅度等方面是否有区别。", "author": "快科技2018", "time": "快科技201805月08日12:00 来自微博weibo.com", "transmit": 11, "comment": 542, "zan": 125, "sentiment": [{"positive_prob": 0.160364, "confidence": 0.643636, "negative_prob": 0.839636, "sentiment": 0}]}, {"text": "【华为P30Pro真机实拍月亮】L相机Beta的秒拍视频​", "author": "相机Beta", "time": "相机Beta05月08日07:38 来自微博weibo.com", "transmit": 21, "comment": 93, "zan": 74, "sentiment": [{"positive_prob": 0.711378, "confidence": 0.358618, "negative_prob": 0.288622, "sentiment": 2}]}, {"text": "【关舆|从轰炸大使馆到贸易摩擦抓捕华为CFO，美国的逻辑一以贯之】O网页链接从当年轰炸中国驻南联盟大使馆，到如今抓捕华为CFO，美国本性越来越猖狂。这个事针对的是中国的私营企业主和普通民众，比针对中国的政府机构和政府人员更加恶劣，这更加暴露了美国的真正面目。当年轰炸中国驻南联盟大使馆，使得很多中国人觉醒，知道了美国的真面目。今天的话，许多私营企业主思想上被美国洗脑，非常的亲美。但是，孟女士被抓捕这个事件，应该能是很多人清醒过来，除了那些品质特别恶劣，智商有问题的汉奸买办。这件事情说明了，美国为了其目的，会抓杀任何一个中国公民，连华为这种顶级私企高管都如此，更别说中国普通草根的安全了，只要美国觉得有必要，美国政权及其暴力机构会像对待伊拉克平民那样，肆意地抓捕，屠杀。O关舆|从轰炸大使馆到贸易摩擦抓捕华为CFO，美国的逻辑一以贯之", "author": "察网中国", "time": "察网中国05月08日19:34 来自微博weibo.com", "transmit": 135, "comment": 38, "zan": 100, "sentiment": [{"positive_prob": 0.0770811, "confidence": 0.828709, "negative_prob": 0.922919, "sentiment": 0}]}, {"text": "#华为智能助手#4月热门服务榜单又和大家见面啦！过去一个月，购物、种树和旅行的生活真是一段美好时光呢~转发+评论，聊聊你心中的智能助手服务榜前三名是哪些服务，抽一位送华为小天鹅音箱。​", "author": "华为终端云服务", "time": "华为终端云服务05月08日11:07 来自HUAWEIMate20Pro", "transmit": 170, "comment": 201, "zan": 114, "sentiment": [{"positive_prob": 0.975098, "confidence": 0.944663, "negative_prob": 0.0249018, "sentiment": 2}]}, {"text": "今天北京市通信行业协会和北京移动相关人士来访，聊起行业，其实我们有很多没有想到的事，20年前，华为能进世界前三，我们自己也是绝不相信。在通信行业几十年，世界观发生了巨大变化，我越来越相信实干，相信那些做实事的人，厌恶嘴炮，厌恶缺少尊严与自尊的人。今天，我相信，我们决心做什么，没有什么做不好。坚持中共领导和社会稳定，中国就会大有希望。那些内心中希望这个国家出问题的，他们不可能达到目的。", "author": "飞象网项立刚", "time": "飞象网项立刚05月08日17:43 来自360安全浏览器", "transmit": 24, "comment": 29, "zan": 125, "sentiment": [{"positive_prob": 0.278687, "confidence": 0.380696, "negative_prob": 0.721313, "sentiment": 0}]}, {"text": "华为的月亮，小米的销量，魅族的封胶，苹果的信号，三星的快充，南非商人亚伯拉罕斯的年龄。手机圈六大未解之谜。​​​", "author": "路诞先生", "time": "路诞先生05月08日15:27 来自小米9透明尊享版", "transmit": 16, "comment": 60, "zan": 107, "sentiment": [{"positive_prob": 0.776074, "confidence": 0.502387, "negative_prob": 0.223926, "sentiment": 2}]}, {"text": "一天到晚挑手机没有IP68防水的也没见你买索尼啊？一天到晚嚷嚷着屏幕垃圾的也没见你买三星旗舰啊？一天到晚嚷嚷着信号不行的也没见你买华为啊？一天到晚嚷嚷来嚷嚷去，就见你用的还是四五年前的机子却挑着现在手机的毛病​", "author": "搞机圈的那些事", "time": "搞机圈的那些事05月08日11:09", "transmit": 13, "comment": 130, "zan": 209, "sentiment": [{"positive_prob": 0.049457, "confidence": 0.890095, "negative_prob": 0.950543, "sentiment": 0}]}, {"text": "奋斗者协议，签还是不签？笑死～这家公司模仿华为，是东施效颦啊！人家华为的员工是有股票的，每年都有分红～这家网医纳康是想火呀！对了，我特别鄙视一种老板，那种觉得经济形势不好员工离开之后不好找工作，于是把员工往死里压榨的老板​", "author": "网站分析公会", "time": "网站分析公会05月08日11:43 来自iPhone客户端", "transmit": 15, "comment": 33, "zan": 65, "sentiment": [{"positive_prob": 0.0479885, "confidence": 0.893359, "negative_prob": 0.952011, "sentiment": 0}]}, {"text": "话说回来，魅族现在好歹也是国企了，公关部门就不能学习华为团队硬气一点？​", "author": "小表哥PRO", "time": "小表哥PRO05月08日08:37 来自魅族16s旗舰手机", "transmit": 6, "comment": 160, "zan": 275, "sentiment": [{"positive_prob": 0.0678733, "confidence": 0.84917, "negative_prob": 0.932127, "sentiment": 0}]}, {"text": "华为这波操作……你们平时买手机会去线下嘛​", "author": "数码研究所", "time": "数码研究所05月08日15:34", "transmit": 21, "comment": 178, "zan": 376, "sentiment": [{"positive_prob": 0.501525, "confidence": 0.969507, "negative_prob": 0.498475, "sentiment": 1}]}, {"text": "【华为Mate20Pro机型安卓Q开发者Beta招募启动啦】北京时间5月8日01:00，谷歌I/O大会在美国加州召开，发布了大家期待已久的安卓Q版本！华为首批加入安卓QBeta项目，并正式启动面向开发者的不限量招募满足条件的开发者可戳↓↓了解参与方式~抢先测试​", "author": "华为EMUI", "time": "华为EMUI05月08日16:36 来自微博weibo.com", "transmit": 56, "comment": 173, "zan": 183, "sentiment": [{"positive_prob": 0.981242, "confidence": 0.958315, "negative_prob": 0.0187581, "sentiment": 2}]}]