[{"text": "#rayli星闻#【#GENTLEMONSTER华为智能眼镜#】带你对话最真实的ONER✨佩戴GENTLEMONSTER华为智能眼镜接受采访的三位成员@木子洋KWIN@灵超DIDI@岳岳PINKRAY表示无需直面采访者，整个过程感觉轻松愉悦～他们透露了团队未来的规划，展现了成员间“有爱”的一面，小弟灵超还表达了对大学生活的期待。让我们一起跟着@gentlemonsterofficial聆听三个阳光少年的内心声音。L瑞丽网的微博视频", "author": "瑞丽网", "time": "瑞丽网11月08日18:46 来自oner超话", "transmit": 3174, "comment": 393, "zan": 6147, "sentiment": [{"positive_prob": 0.989832, "confidence": 0.977403, "negative_prob": 0.0101686, "sentiment": 2}]}, {"text": "#雷军称小米相机技术登上世界之巅#登上世界之巅的小米与能拍月亮华为，你选哪个？小米与华为，你选哪个？​", "author": "工业科技迷", "time": "工业科技迷11月08日14:28 来自iPhone8", "transmit": 18, "comment": 157, "zan": 4601, "sentiment": [{"positive_prob": 0.671649, "confidence": 0.27033, "negative_prob": 0.328351, "sentiment": 2}]}, {"text": "前往克雷塔罗市今天离开墨西哥城！前往第二个墨西哥城市克雷塔罗，在这里我会拜访一个当地的微博粉丝，华为的员工，因为华为在墨西哥有大量的人员，可以说华为和中兴就是墨西哥三大华人圈之一。三大华人圈分别是：1，广东人为主的个体生意人。2，华为中兴两家大型中企庞大的员工数量。3，其他【搞旅游的，其他小公司】还是墨西哥第三个华人圈子很小，彼此之间的认识。下图是我今天乘坐的巴士ETN巴士公司的，两个小时车程价格在440比索【160人民币】因为之前听说日本人乘坐巴士被拦路持枪劫持的经历，所以我挑选了这个公司的巴士，同时选择最安全的时间段【中午12点发车，下午2点半抵达】，避开夜间！虽然那个日本人跟我说的劫持巴士的事件在墨西哥三年前发生一次，机率极小！但是为了把风险降到最低，还是选择最安全的时间段最安全最直达的巴士！所以大家对我的安全关心我都心领了，说点吉利的～2墨西哥·墨西哥城", "author": "申典启", "time": "申典启11月08日02:20", "transmit": 21, "comment": 125, "zan": 757, "sentiment": [{"positive_prob": 0.949147, "confidence": 0.886994, "negative_prob": 0.0508525, "sentiment": 2}]}, {"text": "【华为总裁任正非四次提到-衡水中学】华为公司总裁任正非四次提到衡水中学。他把衡水中学这座扎根于河北省贫困地区的名牌中学，视为华为人自强不息、摆脱困境的标杆。在衡水中学三年，100多次周测，48次大型考试，每年2万多张卷子，连起来可绕地球四圈，得来的是令人刮目相看的成绩。2011年，一位考上香港大学的衡水中学毕业生，把高一到高三所有的试卷保存在一起，高达2.41米。他们坚信通往清华北大的路，是用卷子铺出来的。华为任正非深知：这世界上没有人喜欢竞争，但是竞争不会放过你！#李召军正能量#", "author": "作家李召军", "time": "作家李召军11月08日05:58 来自新浪微博4G版", "transmit": 752, "comment": 598, "zan": 2257, "sentiment": [{"positive_prob": 0.783049, "confidence": 0.517888, "negative_prob": 0.216951, "sentiment": 2}]}, {"text": "任正非四次提到衡水中学。他把衡水中学这座扎根于河北省贫困地区的名牌中学，视为华为人自强不息、摆脱困境的标杆。在衡水中学三年，100多次周测，48次大型考试，每年2万多张卷子，连起来可绕地球四圈，得来的是令人刮目相看的成绩。2011年，一位考上香港大学的衡水中学毕业生，把高一到高三所有的试卷保存在一起，高达2.41米。他们坚信通往清华北大的路，是用卷子铺出来的。华为任正非深知：这世界上没有人喜欢竞争，但是竞争不会放过你！", "author": "全民图鉴", "time": "全民图鉴11月08日10:33 来自iPhoneX", "transmit": 492, "comment": 229, "zan": 1428, "sentiment": [{"positive_prob": 0.667865, "confidence": 0.261923, "negative_prob": 0.332134, "sentiment": 2}]}, {"text": "【以为捡了便宜其实是模型机】陈先生在杭州火车东站排队买票，一名男子靠了过来，说他急着用钱，低价转卖一台华为最新款手机，经过一番讨价还价，陈先生以一千五百块钱买了下来。本以为捡了个大便宜，可等男子走了以后，陈先生发现，竟然是模型机。L1818黄金眼的微博视频​", "author": "1818黄金眼", "time": "1818黄金眼11月08日12:03 来自360安全浏览器", "transmit": 75, "comment": 305, "zan": 1503, "sentiment": [{"positive_prob": 0.435744, "confidence": 0.0316804, "negative_prob": 0.564256, "sentiment": 0}]}, {"text": "“艺术”这个词总是自带神秘和高傲的气质，普通人与艺术之间的距离似乎那么遥不可及。但事实上，我们对艺术的感知体现在平凡生活的点滴之中。比如，举起手机拍下粉色晚霞的你、听到老歌为之动容的你。当某天我们有机会与艺术大师并肩分享这些感受，我相信对于平凡的我们来说，它将成为一段超级不平凡的美好记忆。11月7日-10日，2019华为新影像大赛带着5000件来自全球@华为手机用户拍摄的优秀作品在巴黎大皇宫巴黎国际摄影艺术展（ParisPhoto2019）和众多大师名作共同展出，让平凡人也有机会在世界顶尖摄影博览会上成就艺术梦想。#新影像不止所见#L华为手机官方的秒拍视频", "author": "潘那白", "time": "潘那白11月08日19:00 来自微博weibo.com", "transmit": 512, "comment": 2436, "zan": 4273, "sentiment": [{"positive_prob": 0.978379, "confidence": 0.951953, "negative_prob": 0.0216213, "sentiment": 2}]}, {"text": "2019华为新影像大赛获奖及优秀作品展正在巴黎大皇宫展出，5000+来自全球华为手机用户拍摄的作品亮相全球首席摄影艺术展ParisPhoto。众多获奖者们也来到现场，见证自己作品登上顶尖艺术殿堂的高光时刻。我们举办华为新影像大赛已有三年，就是希望可以通过建设一个全球用户作品展示的平台，帮助每一位用户自我提升并寻找到满足感。未来充满无限可能，我们也将一如既往地持续探索，用创新技术开拓移动影像新的领域。#新影像不止所见#", "author": "华为何刚", "time": "华为何刚11月08日10:47 来自HUAWEIMate30Pro5G", "transmit": 13, "comment": 32, "zan": 175, "sentiment": [{"positive_prob": 0.977867, "confidence": 0.950816, "negative_prob": 0.0221327, "sentiment": 2}]}, {"text": "不敢相信，普通人拍的照片竟然真的能和大师名作一同展览。11月7至10日“2019华为新影像大赛获奖及优秀作品展”来到了世界顶尖摄影博览会巴黎国际摄影艺术展（ParisPhoto2019），只要你有丰富的想象、善于观察的眼光、独特的视角，你也可以拍出令人惊叹的照片，和大师名作并肩而立。#新影像不止所见#L华为手机官方的秒拍视频", "author": "谢怀良", "time": "谢怀良11月08日19:10 来自微博weibo.com", "transmit": 196, "comment": 610, "zan": 5184, "sentiment": [{"positive_prob": 0.974742, "confidence": 0.943871, "negative_prob": 0.0252579, "sentiment": 2}]}, {"text": "北京|华为Mate305G快闪店|北京站坐标：北京王府井中环三层西区展厅要说2019年人们听的最多的关键词是什么的话，5G这两个字绝对名列前茅。而5G做的好的就是我大华为了～5G一定要够快，快到什么程度呢，简单一点说就是可以高网速、低时延，4K超高清视频直播清晰流畅，再也不用担心抢不到现场门票，手机看直播更爽更清晰！往大一点说就是可以5G运用在医疗，智能家居，汽车上面的运用，从而彻底改变我们的生活方式。现在，5G已经开始进入我们的生活，但是我们的感受，还不是那么直观，今天，就和我一起去看看它的5G快闪店，去感受它给我们带来的酣畅淋漓～接下来和我走起来～1，外观。这家快闪店，也是在太酷炫了吧，5G重构想象，几个大字不禁让人充满期待。2，入场沉浸式通道。入场通道是360度的具有速度感的5G倒计时 ，可以让我们感受到5G时代带来的VR等设备可以给我们带来的沉浸式速度体验 。沉浸其中无法自拔了，好期待5G赶快大面积运用起来。3，进入Mate30体验区。整个空间的布置，超有仪式感。在这里可以体验到手机PC无缝连接，5G高清视频通话，5GVR比赛直播，5G云VR游戏。全部体验下来就是，速度真的好快真的可以这样吗？真的！未来，就在眼前！4，隔空操作区。这里像是科幻片里的场景，我就是整个星系的指挥官。在这里可以使用Mate30系列的隔空操作功能上下滑动or截取图片，屏幕上可联动显示 ，隔空操作整块屏幕的感觉，让我像是拥有了星辰大海～5，5G速度区。这里安置着具有流光效果的投射灯，让你直观感受到5G的速度感。6，5G4G对比区。在这里可以通过对比感受5G4G的速度变化。7，Mate30保时捷区。这里可以体验到体验Mate30保时捷款。真心心水啊～～～不仅可以体验这么多东西，而且，分分钟拍出大片。小伙伴们，离得不远的话，可以过来看看哦～#限定男友##玩转绿洲#", "author": "薛赫赫赫赫", "time": "薛赫赫赫赫11月08日21:20", "transmit": 975, "comment": 1469, "zan": 11253, "sentiment": [{"positive_prob": 0.978777, "confidence": 0.952837, "negative_prob": 0.0212235, "sentiment": 2}]}, {"text": "因为华为拍摄颜色老是出错，所以我卖了30pro换了11真香预警​", "author": "饭团小夫妻", "time": "饭团小夫妻11月08日13:31 来自iPhoneXS", "transmit": 29, "comment": 557, "zan": 1148, "sentiment": [{"positive_prob": 0.444612, "confidence": 0.011974, "negative_prob": 0.555388, "sentiment": 0}]}, {"text": "#王俊凯易烊千玺为王源庆生#我看到了不一样的东西，一个华为、一个小米、一个OPPO，三分天下​", "author": "iBingo", "time": "iBingo11月08日07:36", "transmit": 63, "comment": 72, "zan": 2703, "sentiment": [{"positive_prob": 0.77929, "confidence": 0.509534, "negative_prob": 0.22071, "sentiment": 2}]}, {"text": "「送好礼」#华为FreeBuds#3有着良好的连接性能，并且在半入耳式结构中做到主动降噪，加上骨声纹传感器和降风噪导管的组合，多重降噪实现对环境音的降噪效果。尤其和自家#Mate30重构想象#的搭配，开盖即连、反向无线充电等功能用起来也很方便。最重要的是，华为FreeBuds3佩戴舒适性不错，同时兼顾稳固性。欢迎大家转发视频并在评论中说说你在哪些场景中更习惯佩戴降噪耳机，我们会在一周后抽出一位同学送出#华为FreeBuds#3，颜色随机。L科技美学的微博视频O抽奖详情", "author": "科技美学", "time": "科技美学11月08日18:27 来自微博视频", "transmit": 483, "comment": 634, "zan": 888, "sentiment": [{"positive_prob": 0.980782, "confidence": 0.957294, "negative_prob": 0.0192176, "sentiment": 2}]}, {"text": "[大佬名场面]雷军：小米遇到华为是辛运的，因为最爱和最懂小米的都是华为--via北京时间L虎扑的步行街的微博视频​", "author": "虎扑的步行街", "time": "虎扑的步行街11月08日18:45 来自微博weibo.com", "transmit": 19, "comment": 103, "zan": 611, "sentiment": [{"positive_prob": 0.920272, "confidence": 0.822826, "negative_prob": 0.0797281, "sentiment": 2}]}, {"text": "如今用手机拍照已经成为我们日常的习惯，大家都喜欢借由手机随时随地记录生活、表达内心情绪。摄影不再是少数人的专利，每个人都可以成为这个时代的优质内容输出者，创造独一无二的摄影作品。2019华为新影像大赛就带着5000件来自普通人的摄影创作，来到了世界顶尖摄影博览会——巴黎国际摄影艺术展（ParisPhoto2019），用平凡但不平庸的创造力叩响艺术大门。#新影像不止所见#L华为手机官方的秒拍视频", "author": "微澜Mag", "time": "微澜Mag11月08日19:25 来自微博weibo.com", "transmit": 360, "comment": 796, "zan": 2926, "sentiment": [{"positive_prob": 0.965847, "confidence": 0.924104, "negative_prob": 0.0341533, "sentiment": 2}]}, {"text": "#华为##5G#德国总理默克尔和欧盟委员会新主席冯德莱恩希望欧盟各国对华为5G网络达成共同立场。德国总理默克尔今天在总理府开会以后说，她与冯德莱恩进行了交谈，这是可取的。冯德莱恩说，委员会目前正在向所有会员国询问现状。我们将在几周内达成共识，然后共同制定一项有关我们如何一起应对机遇和风险的战略。冯德莱恩计划于12月1日上任，并设立新的委员会。欧盟28国对中国的不同态度是欧盟外交官面临的一个问题。应美国国务卿蓬佩奥的要求，希望将华为排除在5G扩展之外。默克尔表示，他们知道与中国或俄罗斯等国的政治分歧。但华为已经在2G和3G网络中使用。我们知道，我们必须严格加强5G扩展的安全规定。默克尔提到了联邦政府的立场，这与美国要求不排除单一供应商（例如华为）不同。但是对所有提供商都提出了严格的要求。很明显，与5G相关的IT安全法和所有安全要求已得到严格加强。→_→看情况，即使美国干扰，默克尔还是同意使用华为5G。", "author": "寰亚SYHP", "time": "寰亚SYHP11月08日21:49 来自荣耀V10我AI的快", "transmit": 42, "comment": 103, "zan": 610, "sentiment": [{"positive_prob": 0.949357, "confidence": 0.88746, "negative_prob": 0.050643, "sentiment": 2}]}, {"text": "华为mate30Pro上市这两个月，更新了五六个大版本，每一次变化都挺大，刚刚又更新了一版一个g的。现在这个版本对比刚上市的时候，简直就是两台机器拍出来的，如果再拿去评分，没准又能提高一些。期待未来竞争更激烈​", "author": "那岩", "time": "那岩11月08日21:43 来自安卓限定版iPhone11ProMax", "transmit": 5, "comment": 225, "zan": 798, "sentiment": [{"positive_prob": 0.139512, "confidence": 0.689974, "negative_prob": 0.860488, "sentiment": 0}]}, {"text": "#华为mate30#【川西印象】静谧的木格措，清晨的湖面荡漾着层层水雾，从山顶望下好像云海缠绕山腰上。巍峨的雪山顶上被阳光印染的旗云翻滚。还有那与雅拉雪山交相呼应的木雅金塔，暮鼓晨钟仿佛犹在耳畔～～～photobyhuaweimate30pro。@PapaJames@NASA爱好者@Jeff的星空之旅2南京·南京新街口​", "author": "闷儿闷儿blog", "time": "闷儿闷儿blog11月08日17:35 来自iPhoneX", "transmit": 150, "comment": 58, "zan": 194, "sentiment": [{"positive_prob": 0.984724, "confidence": 0.966053, "negative_prob": 0.015276, "sentiment": 2}]}, {"text": "昨天好几个网友给我发信息说，“你离开华为多年，你的名声还在心声论坛，说你是理想主义大神，狂怼问题，牺牲自己职业生涯。”其实也不是了，只是那时青春有激情，工作做得也不错，连年得A，获奖也不少，就把自己当成了主人翁，思考的多一些，无拘无束一些。其实在写那个名篇“华为十大内耗”之前，就在3MS上写过世上已无X三年，怼过研发高强度低效率了，就已经被他们查后台盯上了，然后被以高升的名义，调到了一个没啥事干的部门，实在无聊才写的十大内耗了，当时也就豁出去了。写了后被全公司转发学习讨论改进，全文登报，这下这帮研发高管更尴尬了，当时我敏感度不够，没意识到这些。所谓的广开言路都是骗人的。高管X反感我倒罢了，一个语气和眼神就够了。当时特别反感下面马仔向某，鲜廉寡耻，毫无遮掩，拍马逢迎，弄虚作假，典型的老官僚，当初实名投诉到道德什么委员会，也不了了之，都是官官相护，照样高升。这也是我和华为恩怨最大的心结。其实现在看，华为到后面也不适合我了，太强调服从，不能想太多，我这种自由爱思考的性格，刚毕业可以干干，后面就不行了，而且现在动辄月加班160小时，我身心和家庭也接受不了。千人千面，还是要根据自己性格，选择适合自己的生活了，否则就每天生活在抱怨中了。", "author": "投资舆情", "time": "投资舆情11月08日08:06 来自360安全浏览器", "transmit": 213, "comment": 109, "zan": 1128, "sentiment": [{"positive_prob": 0.255521, "confidence": 0.432176, "negative_prob": 0.744479, "sentiment": 0}]}, {"text": "从青岛碧蓝的海浪，到巴黎粼粼的波光；从川藏线自驾，到汉堡港口看烟花，旅行能让我们暂时跳脱琐碎的生活。那些行进中的过往和随拍的瞬间，总会让我们心生期待“下一次一定要比这次更好”。是啊，最精彩的旅行永远在下一次，最好的照片其实也是NEXTIMAGE。11月7日至10日，HUAWEINEXT-IMAGE2019（2019华为新影像大赛）就将来自世界各地的美好带进了世界顶尖摄影博览会巴黎国际摄影艺术展（ParisPhoto2019）。这里有5000件来自全球@华为手机用户的优秀作品，一起来看看有多精彩。#新影像不止所见#L华为手机官方的秒拍视频", "author": "我的旅行小马甲", "time": "我的旅行小马甲11月08日20:30 来自微博weibo.com", "transmit": 182, "comment": 300, "zan": 1167, "sentiment": [{"positive_prob": 0.982097, "confidence": 0.960215, "negative_prob": 0.0179035, "sentiment": 2}]}, {"text": "#iPhone11系列三连降#今天竟然还有人说手机鄙视链，说什么iOS鄙视安卓。我只能说，所有的优越感都是来自于没有见识和缺少悲悯。如果鄙视链还在的话，库克何必这么着急三连降呢？上一波直降500，今天又官宣参与天猫双11的平台补贴，降价1111元！选苹果也好华为也罢，选你喜欢并且在预算之内的，不要被所谓的鄙视链影响。你说呢？L五环短视频的秒拍视频", "author": "思想聚焦", "time": "思想聚焦11月08日14:00 来自微博weibo.com", "transmit": 153, "comment": 279, "zan": 620, "sentiment": [{"positive_prob": 0.029349, "confidence": 0.93478, "negative_prob": 0.970651, "sentiment": 0}]}, {"text": "拿到华为Mate30系列5G手机，就又多了一个逛故宫的理由：体验5G速度L华为何刚的微博视频​", "author": "华为何刚", "time": "华为何刚11月08日21:55 来自HUAWEIMate30Pro5G", "transmit": 32, "comment": 121, "zan": 435, "sentiment": [{"positive_prob": 0.607988, "confidence": 0.128861, "negative_prob": 0.392012, "sentiment": 2}]}, {"text": "\"最近Papi酱算不算综艺女王《女儿们的恋爱》、《明星大侦探》、《令人心动的offer》同时有3档综艺在播，你觉得Papi老师的表现怎么样呢？现在华为、荣耀用户可以直接用手机自带的#华为视频#追Papi老师了，因为华为视频一个APP就可以直接观看芒果TV、优酷、腾讯视频的内容，你们是不是还不知道？\"", "author": "毒舌扒婆", "time": "毒舌扒婆11月08日20:05 来自微博weibo.com", "transmit": 1231, "comment": 1534, "zan": 2286, "sentiment": [{"positive_prob": 0.837115, "confidence": 0.638034, "negative_prob": 0.162885, "sentiment": 2}]}, {"text": "2019华为新影像大赛获奖及优秀作品展正在巴黎大皇宫展出，5000+来自全球华为手机用户拍摄的作品亮相全球首席摄影艺术展ParisPhoto。众多获奖者们也来到现场，见证自己作品登上顶尖艺术殿堂的高光时刻。用光影记录生活的温度，通过镜头定格每个独特瞬间！未来充满无限可能，用心发现大胆创作，我们期待不久的将来众多优秀作品中也能有你的身影！#新影像不止所见#", "author": "华为手机", "time": "华为手机11月08日11:11 来自HUAWEIMate30Pro", "transmit": 15, "comment": 41, "zan": 156, "sentiment": [{"positive_prob": 0.975149, "confidence": 0.944775, "negative_prob": 0.0248512, "sentiment": 2}]}, {"text": "【业内人士谈小米CC9Pro拍照总分追平华为Mate30Pro】小米CC9Pro尊享版可以在DXO上跟华为Mate30Pro并列，主要核心是它的8P镜头，这是明年旗舰机的标配方案，目前还未到大规模量产的阶段，所以小米其实是拿供应链下代的方案来对比华为所使用的7P镜头方案，老实来说这不见得有多公允。O集微网", "author": "手机中国联盟官博", "time": "手机中国联盟官博11月08日16:10 来自微博weibo.com", "transmit": 246, "comment": 1585, "zan": 11967, "sentiment": [{"positive_prob": 0.913685, "confidence": 0.808189, "negative_prob": 0.086315, "sentiment": 2}]}, {"text": "影像艺术有一种静默的力量，一声咔哒不仅能定格一个画面，往往能留住一段动人的故事，持续治愈和抚慰人们的心灵。智能手机，让这种力量变得越来越强大。今天，你有没有被手机摄影治愈？11月7-10日，华为新影像大赛将5000件优秀作品带到ParisPhoto2019，一起去巴黎大皇宫寻找#新影像不止所见#，感受那些由@华为手机创造的平凡而又动人的故事。L华为手机官方的秒拍视频", "author": "豆豆说", "time": "豆豆说11月08日19:15 来自微博weibo.com", "transmit": 144, "comment": 223, "zan": 261, "sentiment": [{"positive_prob": 0.982399, "confidence": 0.960887, "negative_prob": 0.0176008, "sentiment": 2}]}, {"text": "20191108唐师曾：《华为：P30P对决M30P》独家深入，诸神附体。自摄自嗨，一镜到底。关注微信【唐师曾】公众号，看一个人的战地摄影！​​​​​​​L唐师曾的微博视频​", "author": "唐师曾", "time": "唐师曾11月08日18:34 来自微博weibo.com", "transmit": 86, "comment": 57, "zan": 247, "sentiment": [{"positive_prob": 0.913007, "confidence": 0.806683, "negative_prob": 0.0869926, "sentiment": 2}]}, {"text": "双十一不仅要装满购物车，也要装满好心情！有没有想过用5G手机看一场极具“临场感”的VR演唱会？或是一场拥有“魔法特效”的3D时尚走秀？#华为Mate30#系列5G版统统帮你实现！11月8日，华为5G空间馆在北京王府中环正式开馆，成为众多时尚人士与潮人的打卡胜地。还将陆续在深圳、重庆等九城开启，今年这场时尚科技秀不容错过～", "author": "时尚芭莎", "time": "时尚芭莎11月08日17:59", "transmit": 8, "comment": 24, "zan": 85, "sentiment": [{"positive_prob": 0.98538, "confidence": 0.967511, "negative_prob": 0.0146199, "sentiment": 2}]}, {"text": "《华为营销基本法》作者本身做过企业的营销高管（原海尔空调营销总监，原帅康集团常务副总裁，中国营销界最高奖项——“营销金鼎奖”获得者，中国品牌界最高奖项——“太阳花奖”获得者，南开大学管理学博士），因此，《华为营销基本法》作者可以现身说法，从营销专家的角度帮助读者找出自身企业的营销体系差距，并提出切实可行的改进方案和学习路线。#好书推荐##职场那些事儿##培训#", "author": "管理界刘春华", "time": "管理界刘春华11月08日10:53 来自360安全浏览器", "transmit": 206, "comment": 216, "zan": 256, "sentiment": [{"positive_prob": 0.395288, "confidence": 0.121583, "negative_prob": 0.604712, "sentiment": 0}]}, {"text": "我们往往存在着“好照片都是摄影师拍出来的”这样一个思维误区，但其实很多优秀摄影作品都是那些懂得观察生活、品味生活的普通人细心记录下来的。艺术源于生活，却又高于生活，平凡如你我，也可以创作出能够登上世界艺术殿堂的摄影作品。11月7日至10日，2019华为新影像大赛优秀作品展在巴黎国际摄影艺术展举行，5000件都来自世界各地@华为手机用户的作品，将与大师名作共同展出。#新影像不止所见#L华为手机官方的秒拍视频", "author": "一罐寡言", "time": "一罐寡言11月08日20:00 来自微博weibo.com", "transmit": 725, "comment": 298, "zan": 6024, "sentiment": [{"positive_prob": 0.977578, "confidence": 0.950173, "negative_prob": 0.0224221, "sentiment": 2}]}]