[{"text": "【长沙惊现华为无人机表演，华为首部极点屏手机明日发布】为了迎接首部极点屏手机#华为nova4#的发布，今晚华为动用数百架无人机，在长沙橘子洲头进行了一场无人机灯光秀表演，十分吸睛，#长沙亮了#。据了解，发布会将于12月17日13:30举行。L华为终端官方微博的秒拍视频​", "author": "Vista看天下", "time": "Vista看天下2018年12月16日21:31 来自HUAWEIMate10", "transmit": 5666, "comment": 1028, "zan": 5790}, {"text": "【#景区对华为手机用户免票#，律师解读：舍弃自己利益不侵害他人，法律上没问题】12月16日，河南沁阳，神农山风景区出台新政策，从12月16日到年底，景区对华为手机用户免门票。工作人员表示，此政策刚刚才出来。法律专家表示，不管是否是蹭热点，景区舍弃自己利益不侵害他人，法律不禁止。@一手VideoL一手video的秒拍视频", "author": "梨视频", "time": "梨视频2018年12月16日22:44 来自iPhone客户端", "transmit": 813, "comment": 3268, "zan": 3522}, {"text": "【华为橘子洲头无人机灯光秀，刷屏长沙朋友圈】#长沙亮了#今晚，华为在橘子洲头举办无人机灯光表演，现场多幅3D无人机画面展示极点屏手机。据悉，#华为nova4#将于明日发布。#华为无人机#L华为终端官方微博的秒拍视频​", "author": "澎湃新闻", "time": "澎湃新闻2018年12月16日20:32 来自微博weibo.com", "transmit": 395, "comment": 210, "zan": 887}, {"text": "【这回长沙很酷炫！华为无人机灯光秀“点“亮长沙夜空】今夜橘子洲头，不仅活跃在课本的诗词里，更在无人机表演“灯光点点”的星空下。据了解，12月17日13:30，#华为nova4#新品发布会将在湖南国际会展中心举行。#长沙亮了#L华为终端官方微博的秒拍视频​", "author": "新周刊", "time": "新周刊2018年12月16日21:59 来自微博weibo.com", "transmit": 8190, "comment": 194, "zan": 1003}, {"text": "#华为nova4#星辰之光，点亮长沙，明天见！#长沙亮了#L华为终端官方微博的秒拍视频​", "author": "华为终端官方微博", "time": "华为终端官方微博2018年12月16日19:53 来自nova4自拍极点全面屏", "transmit": 16649, "comment": 1724, "zan": 6266}, {"text": "#胡侃#【美国纠集盟友集体打压华为，开创了一个美国拉盟友共同对付中国的恶劣先例】中国既不能与美国及其盟国同时作对，导致冷战的出现，也要对美国盟友中个别做得很过分的“出头鸟”予以坚决惩戒，打痛它们，让其他国家看到在中美博弈中选美国一边站的代价。L胡锡进的秒拍视频​", "author": "胡锡进", "time": "胡锡进2018年12月16日21:52 来自微博weibo.com", "transmit": 435, "comment": 992, "zan": 1066}, {"text": "梅西代言华为​", "author": "梅西_LionelMessi", "time": "梅西_LionelMessi2018年12月16日21:42", "transmit": 669, "comment": 722, "zan": 6786}, {"text": "O12月16日19:30，长沙橘子洲头，夜空中最亮的星，#华为nova4#！L余承东的秒拍视频​", "author": "余承东", "time": "余承东2018年12月16日12:00 来自华为Mate20保时捷设计", "transmit": 11734, "comment": 522, "zan": 2976}, {"text": "【外媒：西方正在对华为收紧围堵圈】据彭博社报道，继美国、日本、澳大利亚和新西兰禁止了这家中国公司的网络基础设施产品，以及德国加强审查之后，法国现在正步入对华为不友好的境地。法国不会禁止华为。但本已为电信网络的关键零部件设置了防范措施的法国，正在考虑把一些项目加入其“高度警惕”名单，这个名单心照不宣针对的就是华为。O外媒：西方正在对华为收紧围堵圈", "author": "新浪财经", "time": "新浪财经2018年12月16日19:51 来自微博weibo.com", "transmit": 173, "comment": 270, "zan": 238}, {"text": "华为撕开的不只是5G而是美国网络霸权突破口：围绕华为的国际博弈和各种声音几天来不断的刷屏，对华为在5G的崛起，我们应当看到更有意义的层面，应当把眼光看的更加长远一些。这已经超越了5G，超...文字版>>O网页链接（新浪长微博>>O网页链接）​", "author": "谁是谁非任评说", "time": "谁是谁非任评说2018年12月16日16:58 来自新浪博客", "transmit": 4137, "comment": 52, "zan": 161}, {"text": "想去翡冷翠高尔夫球场挥杆？想去热情沙漠保时捷赛车？还是想去极光星云黑洞探险？#华为Mate20#系列，带你赴一场微观世界奇幻旅程。​", "author": "华为终端官方微博", "time": "华为终端官方微博2018年12月16日16:14 来自微博weibo.com", "transmit": 34, "comment": 48, "zan": 509}, {"text": "12月17日，#华为nova4#闪耀长沙！你准备好了吗？#长沙亮了#L华为终端官方微博的秒拍视频​", "author": "华为终端公司", "time": "华为终端公司2018年12月16日20:30 来自HUAWEIMate20", "transmit": 13825, "comment": 578, "zan": 1850}, {"text": "爱国季粉2群美加已就引渡孟晚舟达成协议。任正非：“我们要能活下来。以前这是最低纲领，现在这是我们的最高纲领。”华为，无论美国如何打压，我会陪你活下去！L军武季的微博视频​", "author": "军武季", "time": "军武季2018年12月16日05:18 来自阿季专享版Android", "transmit": 830, "comment": 735, "zan": 3322}, {"text": "极点之光，点亮长沙。#华为nova4#明天见！L华为终端官方微博的秒拍视频​", "author": "华为手机", "time": "华为手机2018年12月16日20:26 来自HUAWEIMate20Pro", "transmit": 12794, "comment": 550, "zan": 1944}, {"text": "啊啊啊给华为爸爸跪下了湖南国际会展中心外面已经安排上了​", "author": "冬烊儿", "time": "冬烊儿2018年12月16日15:34 来自易烊千玺超话", "transmit": 1706, "comment": 279, "zan": 1544}, {"text": "想解锁#华为nova4#的极“点”奥秘吗？12月17日，尽请期待！点开大图Pick各大直播平台了解更多精彩~​", "author": "华为终端公司", "time": "华为终端公司2018年12月16日15:19 来自HUAWEIMate20", "transmit": 21473, "comment": 747, "zan": 3767}, {"text": "最近发生的华为事件使我心境难平。不仅我这样，朋友之间也这样。从西方的舆论读到的，有如下几点：O从华为事件想到的​", "author": "张五常", "time": "张五常2018年12月16日09:42 来自微博weibo.com", "transmit": 765, "comment": 482, "zan": 1001}, {"text": "#长沙亮了#不要只顾低头走路，星空同样精彩~#华为nova4#，将数百架无人机送入天空，编织了一幅幅炫丽画卷，如星眸般璀璨，点亮星城，触碰“极点”。​", "author": "热门新闻头条", "time": "热门新闻头条2018年12月16日22:25 来自微博weibo.com", "transmit": 6424, "comment": 362, "zan": 747}, {"text": "给华为EMUI提一点点小意见L钟文泽的微博视频​", "author": "钟文泽", "time": "钟文泽2018年12月16日14:46 来自很想红的iPhoneXR", "transmit": 17, "comment": 481, "zan": 561}, {"text": "【华为橘子洲头无人机灯光秀，刷屏长沙朋友圈】#长沙亮了#今晚，华为在橘子洲头举办无人机灯光表演，现场多幅3D无人机画面展示极点屏手机。据悉，华为新品将于明日发布。#华为无人机#L华为终端官方微博的秒拍视频​", "author": "微博电视剧", "time": "微博电视剧2018年12月16日21:12", "transmit": 135, "comment": 48, "zan": 234}, {"text": "今天晚上长沙橘子洲头华为Nova4无人机大秀，堪称震撼，引来众人围观。我花了十分钟拍摄，最终压缩成38秒版本，欢迎大家点评，也欢迎大家一起关注明天华为Nova4发布会，易烊千玺将会空降发布会，你期待吗？你们喜欢他吗？#华为nova4##易烊千玺#L盘点科技黄小平的秒拍视频​", "author": "盘点科技黄小平", "time": "盘点科技黄小平2018年12月16日21:28 来自黄小平的Android", "transmit": 54, "comment": 83, "zan": 346}, {"text": "【欧洲多国表态不排斥华为5G技术】芬兰国家电视台引述多家研究机构和运营商的看法：并不认为华为技术和产品存在特定风险。德国内政部发言人表示，德国反对在建设5G移动网络中将任何设备厂商和技术排除在外，将继续与华为保持合作。这是继法国、葡萄牙、意大利等等欧洲国家之后，新增的两个大国，明确表态要与华为合作建设5G移动网络。", "author": "平民王小石", "time": "平民王小石2018年12月16日23:09 来自魅族16旗舰手机", "transmit": 237, "comment": 103, "zan": 325}, {"text": "【外媒：西方正在对华为收紧“围堵圈”】美国外交学者网站：中美两国的技术竞争在最近几个月达到顶峰。美国和中国迟早会单独召集盟友就把华为和中兴的技术纳入5G网络的问题表明立场。这个情况已经在出现。它将在亚洲和其他地区形成事实上的“势力范围”，其影响将超越5G，延伸至更具战略意义的两个超级大国在国际舞台上的定位。O外媒：西方正在对华为收紧“围堵圈”", "author": "参考消息", "time": "参考消息2018年12月16日11:09 来自微博weibo.com", "transmit": 98, "comment": 102, "zan": 148}, {"text": "五眼联盟盯中国！澳大利亚《悉尼先驱晨报》网站12月13日刊载题为《“五只眼睛”是如何炮制扼杀华为的行动的》的报道。澳大利亚、美国、加拿大、新西兰和英国，就禁止华为参与5G网络建设采取协调行动，华为只是开始。​", "author": "杜文龙", "time": "杜文龙2018年12月16日10:32 来自HUAWEIMate9Pro", "transmit": 46, "comment": 196, "zan": 184}, {"text": "晚安华为孟晚舟在重庆德普外国语学校的演讲《未来将选择什么样的年轻人》。1992年她大学毕业后选择去美国进一步深造被拒签后进入华为工作。她认为1）选择比天赋更重要，不要选择与机器竞争的职业；2）最适合的选择如果要取得最佳的结果必须执着和坚持；3）思辨能力比获取知识更重要。#小编甲2.0晚安打卡#（小猫米莎）L小猫米莎的秒拍视频", "author": "微课堂", "time": "微课堂2018年12月16日23:49 来自小编甲2.0iPhoneX", "transmit": 75, "comment": 7, "zan": 105}, {"text": "【张捷|华为撕开的不只是5G而是美国网络霸权突破口】O网页链接​围绕华为的国际博弈和各种声音几天来不断的刷屏，对华为在5G的崛起，我们应当看到更有意义的层面，应当把眼光看的更加长远一些。这已经超越了5G，超越了一个企业，而是中美两国和中华民族崛起的关键点，是决定未来的战略决战了。O张捷|华为撕开的不只是5G而是美国网络霸权突破口", "author": "察网中国", "time": "察网中国2018年12月16日16:15 来自微博weibo.com", "transmit": 393, "comment": 76, "zan": 247}, {"text": "【牛弹琴：华为中兴5G设备被禁，这是一场没有硝烟的战争！】环顾全球，澳大利亚成了世界上第一个禁止华为中兴5G设备的国家，甚至还走在了美国前面。美国当时也只是建议，运营商不要使用华为中兴的设备。当然，最咄咄逼人的其实还是美国。O牛弹琴|这是一场没有硝烟的战争！​", "author": "观察者网", "time": "观察者网2018年12月16日19:21 来自微博weibo.com", "transmit": 115, "comment": 225, "zan": 323}, {"text": "【好消息！137个城市可刷京津冀互通卡（附城市列表）】#提示#现在，市民只要拿着带有“交通联合”标志的一卡通京津冀互通卡，就可以在全国137个城市搭乘公交、地铁。此外，北京一卡通公司近日联合华为、小米手机推出“0元开卡畅行全国”活动，自今日起至明年2月14日，用户可在线免费开通京津冀互联互通卡。O好消息！137个城市可刷京津冀互通卡（附城市列表）", "author": "平安北京", "time": "平安北京2018年12月16日09:00 来自微博weibo.com", "transmit": 119, "comment": 149, "zan": 96}, {"text": "说是一张图，贴满了九张还没完，你们知道为啥我不喜欢华为了吧？他们说的和做的总是差距太大。这个是题外话，不展开了。贴这些图是说从华为的收入占比看，2017年国内3051亿占了总收入6036的一半以上，美洲393亿还不如国内一年的增长，五眼联盟占比较大的亚太和美洲一共也没多少，欧洲非洲中东这些是第二大，不过五眼联盟干预不了太多。另外，其实驱逐华为也不是现在才开始，去年美洲就掉了10%。总之，靠那几家搞不死华为的，尽管我挺讨厌他的。", "author": "eprom", "time": "eprom2018年12月16日18:19 来自微博weibo.com", "transmit": 52, "comment": 30, "zan": 33}, {"text": "#长沙亮了#今晚的橘子洲头格外精彩~人们聚在一起，观看了一场震撼又浪漫的无人机表演秀。当300架无人机在夜空中缓缓升起，整个星城变得不再一样，无数长沙人共同见证了#华为nova4#的璀璨时刻～L华为终端官方微博的秒拍视频​", "author": "头榜头条", "time": "头榜头条2018年12月16日20:48 来自微博weibo.com", "transmit": 782, "comment": 341, "zan": 790}]