[{"text": "【“加拿大鹅”暴跌】加拿大因拘押华为首席财务官孟晚舟掀起的巨浪已波及本国企业。12月6日一天，加拿大羽绒服制造商、纽约股票交易所上市公司加拿大鹅的股价暴跌8.44%，上周五收盘股价进一步下挫6.64%，报收每股58.45美元，10日早盘则继续维持跌势。与加拿大鹅的颓势形成鲜明对比的是，中国本土知名羽绒服品牌波司登的港股股价却表现抢眼，过去一周涨幅已接近14%。股价创出五年来新高。#加拿大鹅暴跌#", "author": "环球网", "time": "环球网2018年12月11日12:25", "transmit": 1592, "comment": 4483, "zan": 8514, "sentiment": [{"positive_prob": 0.761695, "confidence": 0.470433, "negative_prob": 0.238305, "sentiment": 2}]}, {"text": "【“加拿大鹅”暴跌】加拿大因拘押华为首席财务官孟晚舟掀起的巨浪已波及本国企业。12月6日一天，加拿大羽绒服制造商、纽约股票交易所上市公司加拿大鹅的股价暴跌8.44%，上周五收盘股价进一步下挫6.64%，报收每股58.45美元，10日早盘则继续维持跌势。与加拿大鹅的颓势形成鲜明对比的是，中国本土知名羽绒服品牌波司登的港股股价却表现抢眼，过去一周涨幅已接近14%。股价创出五年来新高。", "author": "新浪财经", "time": "新浪财经2018年12月11日14:12 来自专业版微博", "transmit": 1562, "comment": 1296, "zan": 5498, "sentiment": [{"positive_prob": 0.687422, "confidence": 0.305382, "negative_prob": 0.312578, "sentiment": 2}]}, {"text": "对于华为来说，剩下的就是一场硬仗，孟女士和她的律师在国外打一场长期的法律战，从细节看孟女士做了最坏的打算，尽可能和华为和国家分割，而她的父亲忍痛将在国内坚持做5G，打一次华为攻坚战以抗击各国的围剿战。忍辱负重，是他们父女的选择。明年对他们来说将是耗费精神力的一年。只有5G成功了，他们所做的牺牲才变的有价值。最开始我认为企业有问题，但现在看来他们是为国家承担不少，对爱国者我个人表示敬佩和理解。", "author": "TheLancet-Vivian", "time": "TheLancet-Vivian2018年12月11日08:41 来自言己iPhoneXSMax", "transmit": 7381, "comment": 9898, "zan": 76553, "sentiment": [{"positive_prob": 0.829851, "confidence": 0.621892, "negative_prob": 0.170149, "sentiment": 2}]}, {"text": "【高管回应处罚买iPhone员工：一切都是因为特朗普】12月10日，梦派集团官网发布《关于声援华为的通知》，公告称，员工购买华为和中兴手机，公司给予补贴；员工购买苹果手机，公司给予100%处罚。该公司总经理称：“一切都是因为特朗普，罚完中兴又要来找华为的麻烦，确实太过分了。如果员工连基本的国家道德都没有，那我们就扣奖金。”L新京报我们视频的秒拍视频", "author": "头条新闻", "time": "头条新闻2018年12月11日02:00 来自微博weibo.com", "transmit": 1647, "comment": 1020, "zan": 2866, "sentiment": [{"positive_prob": 0.000804274, "confidence": 0.998213, "negative_prob": 0.999196, "sentiment": 0}]}, {"text": "2018进入最后的倒计时，感谢大家这一年的支持与相伴！你#2018最后的期待#是什么？关注并转发本微博，聊聊你还有哪些未完成的心愿，我将送出一份#圣诞节#大礼包（一台华为Mate20、一个华为运动心率蓝牙耳机R1Pro、一只华为运动手环B5），下周五@微博抽奖平台公布，WISHTHEBEST，WITHTHEBESTO网页链接", "author": "余承东", "time": "余承东2018年12月11日20:24 来自华为Mate20保时捷设计", "transmit": 14127, "comment": 12982, "zan": 7775, "sentiment": [{"positive_prob": 0.999883, "confidence": 0.999741, "negative_prob": 0.000116756, "sentiment": 2}]}, {"text": "#华为CFO孟晚舟被捕#【孟晚舟保释听证未得出结论明天继续举行】当地时间10日上午10点，加拿大不列颠哥伦比亚省高等法院对孟晚舟女士的保释听证重新举行。当天的听证在该法院警戒等级最高的20厅进行。此次保释听证没有得出结论，法官表示当地时间11日继续举行。（央视记者张森）​", "author": "央视新闻", "time": "央视新闻2018年12月11日08:24 来自微博weibo.com", "transmit": 432, "comment": 1213, "zan": 2272, "sentiment": [{"positive_prob": 0.779813, "confidence": 0.510697, "negative_prob": 0.220187, "sentiment": 2}]}, {"text": "【#孟晚舟第二次保释听证#，大量华人在庭外抗议，高举“放人”标语】当地时间10日上午10点，加拿大不列颠哥伦比亚省高等法院对孟晚舟女士的保释听证重新举行。在听证会前，大批华人在庭外举起“FREEMS.MENG”、“WELOVEYOU,HUAWEI”等标语声援孟晚舟，力挺华为。此次保释听证没有得出结论，法官表示11日继续举行。L中报视频的秒拍视频@中报视频", "author": "中国日报", "time": "中国日报2018年12月11日12:31 来自微博weibo.com", "transmit": 195, "comment": 395, "zan": 1021, "sentiment": [{"positive_prob": 0.943005, "confidence": 0.873344, "negative_prob": 0.056995, "sentiment": 2}]}, {"text": "#华为CFO孟晚舟被捕#【林郑月娥：孟晚舟在任何时候只持有一本有效特区护照】针对华为集团副董事长孟晚舟持有香港特区护照，行政长官林郑月娥指出：有关签发情况与入境政策完全一致，孟晚舟在任何时候只持有一本有效特区护照。（央视记者朱丹）​", "author": "央视新闻", "time": "央视新闻2018年12月11日15:37 来自微博weibo.com", "transmit": 263, "comment": 798, "zan": 2122, "sentiment": [{"positive_prob": 0.965393, "confidence": 0.923097, "negative_prob": 0.0346066, "sentiment": 2}]}, {"text": "【加拿大鹅股价三天暴跌16%，波司登股价暴涨创5年新高】加拿大羽绒服制造商加拿大鹅在纽交所的股价近日持续走低，12月4日到7日三天（5日停牌）累计下跌了15.89％，市值损失约80亿元人民币，或与华为事件相关。与加拿大鹅的颓势形成鲜明对比的是，中国本土羽绒服品牌波司登的港股股价表现抢眼，过去一周涨幅已接近14%，创出五年来新高。#加拿大鹅暴跌##波司登暴涨#L老板联播的秒拍视频", "author": "电商报", "time": "电商报2018年12月11日16:12 来自微博weibo.com", "transmit": 572, "comment": 1967, "zan": 4026, "sentiment": [{"positive_prob": 0.624799, "confidence": 0.16622, "negative_prob": 0.375201, "sentiment": 2}]}, {"text": "#任正非之女被逮捕#【林郑月娥：孟晚舟在任何时候只持有一本有效特区护照】针对华为集团副董事长孟晚舟持有香港特区护照，行政长官林郑月娥指出：有关签发情况与入境政策完全一致，孟晚舟在任何时候只持有一本有效特区护照。@央视新闻​", "author": "头条新闻", "time": "头条新闻2018年12月11日16:06 来自微博weibo.com", "transmit": 198, "comment": 380, "zan": 805, "sentiment": [{"positive_prob": 0.880195, "confidence": 0.733766, "negative_prob": 0.119805, "sentiment": 2}]}, {"text": "路透社星期二晚上报道说，加拿大前外交官、国际预防危机组织中国分析师康明凯（MichaelKovrig）已在中国被扣押。路透社的这一报道是根据康明凯所在上述组织的消息发出的，其准确性不得而知，中国和加拿大官方都还没有回应此事。路透社称，康明凯被拘押发生在华为高管孟晚舟12月1日在加拿大被扣押之后，而孟晚舟事件引发了中国可能采取报复的恐惧。老胡要在第一时间就这个消息说，如果此事为真，现在没有任何证据可以说明它是中国政府对孟晚舟事件的报复。而如果外界产生这种联想，那是因为扣押孟晚舟的确是很过分的事件，人们天然地认为中国会采取报复行动。另外两件事不同的是，孟晚舟是商界人士，她是在第三国加拿大被拘捕的，而她并没有触犯加拿大的任何法律。而康明凯则是在中国境内活动，他是因在这里的行为被采取法律行动的，如果他的确被拘捕了的话。最后我想说，目前的局势高度敏感，而这种敏感的来源是美国对华为不公正的打压和美加串谋对孟晚舟采取突袭式拘捕。", "author": "胡锡进", "time": "胡锡进2018年12月11日22:29 来自iPhone7Plus", "transmit": 928, "comment": 2418, "zan": 2587, "sentiment": [{"positive_prob": 0.000250169, "confidence": 0.999444, "negative_prob": 0.99975, "sentiment": 0}]}, {"text": "【“加拿大鹅”暴跌，波司登大涨】加拿大因拘押华为首席财务官孟晚舟掀起的巨浪已波及本国企业。12月6日一天，加拿大羽绒服制造商、纽约股票交易所上市公司加拿大鹅的股价暴跌8.44%，上周五收盘股价进一步下挫6.64%，报收每股58.45美元，10日早盘则继续维持跌势。与加拿大鹅的颓势形成鲜明对比的是，中国本土知名羽绒服品牌波司登的港股股价却表现抢眼，过去一周涨幅已接近14%。股价创出五年来新高。与加拿大鹅的颓势形成鲜明对比的是，中国本土知名羽绒服品牌波司登的港股股价却表现抢眼，过去一周涨幅已接近14%。股价创出五年来新高#波司登暴涨##加拿大鹅暴跌#", "author": "创业邦杂志", "time": "创业邦杂志2018年12月11日14:35", "transmit": 365, "comment": 931, "zan": 3402, "sentiment": [{"positive_prob": 0.920165, "confidence": 0.822589, "negative_prob": 0.0798351, "sentiment": 2}]}, {"text": "【董事长回应员工买苹果手机将处罚：已有十几个员工买国产手机，希望全国企业响应】12月10日，深圳科技企业梦派科技官网发文声援华为：员工购买华为或中兴手机有补贴，购买苹果手机要处罚，拿到美国出口订单双倍补贴。公司董事长刘丹告诉梨视频，现已有十几名员工新换手机都用国产了，全国企业都要声援华为。而他本人多年来，一直使用国产手机。据悉，梦派科技1/4订单来自美国，同时与华为有间接供应关系。L老板联播的秒拍视频", "author": "新京报", "time": "新京报2018年12月11日09:02 来自iPhone客户端", "transmit": 432, "comment": 1072, "zan": 679, "sentiment": [{"positive_prob": 0.608304, "confidence": 0.129565, "negative_prob": 0.391696, "sentiment": 2}]}, {"text": "【加拿大鹅股价三天暴跌16%，波司登股价暴涨创5年新高】加拿大羽绒服制造商加拿大鹅在纽交所的股价近日持续走低，12月4日到7日三天（5日停牌）累计下跌了15.89％，市值损失约80亿元人民币，或与华为事件相关。与加拿大鹅的颓势形成鲜明对比的是，中国本土羽绒服品牌波司登的港股股价表现抢眼，过去一周涨幅已接近14%，创出五年来新高。#加拿大鹅暴跌##波司登暴涨#L老板联播的秒拍视频", "author": "老板联播", "time": "老板联播2018年12月11日13:41 来自微博weibo.com", "transmit": 244, "comment": 996, "zan": 1863, "sentiment": [{"positive_prob": 0.624799, "confidence": 0.16622, "negative_prob": 0.375201, "sentiment": 2}]}, {"text": "【梦派集团高管回应处罚买iPhone员工：一切都是因为特朗普】10日，梦派集团官网发布《关于声援华为的通知》，公告称，员工购买华为和中兴手机，公司给予15%补贴；员工购买苹果手机，公司给予100%处罚。该公司总经理称：“一切都是因为特朗普，罚完中兴又要来找华为的麻烦，确实太过分了。如果员工连基本的国家道德都没有，那我们就扣奖金。”@新京报我们视频L新京报我们视频的秒拍视频", "author": "Vista看天下", "time": "Vista看天下2018年12月11日11:30 来自微博weibo.com", "transmit": 76, "comment": 408, "zan": 222, "sentiment": [{"positive_prob": 0.00128297, "confidence": 0.997149, "negative_prob": 0.998717, "sentiment": 0}]}, {"text": "【“加拿大鹅”暴跌】加拿大因拘押华为首席财务官孟晚舟掀起的巨浪已波及本国企业。12月6日一天，加拿大羽绒服制造商、纽约股票交易所上市公司加拿大鹅的股价暴跌8.44%，上周五收盘股价进一步下挫6.64%，报收每股58.45美元，10日早盘则继续维持跌势。与加拿大鹅的颓势形成鲜明对比的是，中国本土知名羽绒服品牌波司登的港股股价却表现抢眼，过去一周涨幅已接近14%。股价创出五年来新高。#加拿大鹅暴跌#（环球网）", "author": "中国日报", "time": "中国日报2018年12月11日14:03 来自微博weibo.com", "transmit": 65, "comment": 137, "zan": 273, "sentiment": [{"positive_prob": 0.807404, "confidence": 0.57201, "negative_prob": 0.192596, "sentiment": 2}]}, {"text": "我发表了头条文章:《关于华为事件，推荐一篇加拿大律师的文章》O关于华为事件，推荐一篇加拿大律师的文章​", "author": "陈有西", "time": "陈有西2018年12月11日08:13 来自iPhone客户端", "transmit": 1508, "comment": 488, "zan": 1072, "sentiment": [{"positive_prob": 0.756115, "confidence": 0.458033, "negative_prob": 0.243885, "sentiment": 2}]}, {"text": "而美国在没有任何征兆的情况下突然指使加拿大逮捕孟晚舟，并要求将其引渡，这严重超乎了人们对跨国企业高管风险的想象。尽管美国强调这只是孤立的司法事件，但人们普遍将这次逮捕与美国对华为的长期打压联系了起来，怀疑这是美国对华为下手的切入口。把商业和科技竞争变成对对手核心高管个人的突袭，至少在绝大多数人的印象里，这是破天荒的第一次。包括美国著名电视评论员（查）在内的很多人用了“绑架”这个词。美国如果坚持引渡孟晚舟，将成为国际商场上一个划时代的恶例，无异于打开潘多拉的盒子。现在一些美国和加拿大的企业高管来中国旅行都有点紧张了，中国企业高管去美国和加拿大也有了同样的不安，尽管中国丝毫没有释放可能以抓捕美加企业高管作为报复的信号，美方也没有表示可能将抓捕中国企业高管常态化，但是企业界的担心已经挥之不去。抓捕孟晚舟绝对是企业高管个人风险上升的里程碑事件。美国加拿大毫无疑问在滥用它们的司法体系，这个体系的强大给了它们一些额外的权力。华盛顿不应试图将其国内法当成其在全球开展商业及外交竞争的战略支援部队，将司法长臂管辖不断极化。美国这样的行动无疑是政治性的，司法的薄薄外衣掩饰不住它的政治肌肉。华盛顿需要适可而止。由于其他国家的法律体系和经验都不如美国强，难免在法律较量上吃亏。但是在华盛顿虚伪的布局之外，各国的主权和利益都比美方的法律圈套更加真实。其他国家采取一切手段维护自己正当权利和尊严的抵制必将发生。孟晚舟保释听证会谈了大量司法的细节问题，在不知不觉把很多人带入这种司法程序自身的正当性里，好像抓孟晚舟，放不放她，的确就是纯法律问题。然而我们认同带有相当法律专业性的保释辩论是在美国出于政治和安全原因严重歧视并“围剿”华为的大环境下发生的，这个场景的出现是政治的作品，加拿大的精英们理应有这种悟性。不要用加拿大是法治国家这样的宣示来搪塞中国人对释放孟晚舟的要求。正如美国多家主流媒体指出，由于国际供应链的复杂性，很多跨国公司都实际违反了美国对伊朗制裁。对华为的选择性执法，尤其是突如其来的刑事拘捕，构成了对法律精神的严重违背，也是对全球商业秩序的致命冲击。我们希望美国和加拿大当局及时清醒过来，先拿出结束这一错误做法的政治决心。尽管孟晚舟案在走法律程序，但正确的政治决心会对司法的执行方向产生影响，阻止一个严重错误发展成世界治理体系中的癌变。我们相信，美加两国如果想把处理上述纠纷带回到正常轨道，他们有作为的空间。   ", "author": "胡锡进", "time": "胡锡进2018年12月11日13:51 来自iPhone7Plus", "transmit": 305, "comment": 883, "zan": 1215, "sentiment": [{"positive_prob": 0.0247023, "confidence": 0.945106, "negative_prob": 0.975298, "sentiment": 0}]}, {"text": "老胡引用几段外媒的报道，送给那些认为美国加拿大抓孟晚舟是严格按照法律行事的中国人。美国福布斯网站11日发表JohnTamny的文章，标题是“美联邦官员可耻地迫害华为，因为其太成功”。文中援引金融评论员ZacharyKarabell的话说，这一事件“有点像中国逮捕乔布斯的女儿，如果她帮着管理苹果公司”。关于美国对华为公司所谓违反美国向伊朗禁运的指控，文章写道，“这么说吧，美国公司一直在同古巴、伊朗、苏丹和叙利亚进行交易，不过是通过中间人罢了。”此前《华盛顿邮报》的文章认为，全球供应链已经紧密相连，涉及多个国家和众多公司。例如三星是伊朗第二大手机供应商，瑞典的爱立信即使在制裁下也向伊朗出售设备。尽管这些公司可能在不将美国零部件销往伊朗方面做得更好，但由于全球零部件采购的复杂性，伊朗消费者不太可能没有使用过美国的知识产品。当然，三星和爱立信的注册地都在美国的盟国，而华为与美国对手中国的关系密切。另外美国知名财经评论员、《财富》杂志前总编诺切拉发表文章，对美加逮捕孟晚舟的行动使用了“绑架”这个词。他说，南美洲的团伙经常做这种事，而不是政府，后者声称它们信赖法律规则。", "author": "胡锡进", "time": "胡锡进2018年12月11日20:15 来自iPhone7Plus", "transmit": 395, "comment": 1307, "zan": 1150, "sentiment": [{"positive_prob": 0.363635, "confidence": 0.191922, "negative_prob": 0.636365, "sentiment": 0}]}, {"text": "华为，你终于活成了他们害怕的样子​", "author": "我们都爱看科普", "time": "我们都爱看科普2018年12月11日22:30 来自微博weibo.com", "transmit": 138, "comment": 130, "zan": 548, "sentiment": [{"positive_prob": 0.704686, "confidence": 0.343747, "negative_prob": 0.295314, "sentiment": 2}]}, {"text": "快速清理泳池的秘诀是？“点”到即可#华为nova4#L华为终端官方微博的秒拍视频​", "author": "华为终端官方微博", "time": "华为终端官方微博2018年12月11日11:00 来自秒拍网页版", "transmit": 9720, "comment": 740, "zan": 2732, "sentiment": [{"positive_prob": 0.989376, "confidence": 0.976392, "negative_prob": 0.0106237, "sentiment": 2}]}, {"text": "【孟晚舟保释听证会仍无结果，法官称“引渡可能发生也可能不发生”】当地时间12月10日上午，针对华为公司高管孟晚舟的第二场保释听证会在加拿大不列颠哥伦比亚省高等法院举行。在10日这一场听证会上，法官引述他过往经验及案件，指出引渡聆讯需时数月甚至数年。他还表示，“美国政府可以在60天内向加拿大方面提出引渡要求，因此理论上引渡可能发生，也可能不会发生。”#任正非之女被逮捕#O孟晚舟保释听证会仍无结果，法官称“引渡可能发生也可能不发生”", "author": "头条新闻", "time": "头条新闻2018年12月11日14:33 来自微博weibo.com", "transmit": 122, "comment": 510, "zan": 319, "sentiment": [{"positive_prob": 0.000553072, "confidence": 0.998771, "negative_prob": 0.999447, "sentiment": 0}]}, {"text": "#跨越101#从一字一句到诗词歌赋，从文化传承到科技文明，从个体发展到万物互联，声音、色彩、影像……存储承载着这个世界的美好。华为存储如剑鱼之速，为150多个国家超过8000家客户服务，并已连续三年成为Gartner通用存储阵列魔力四象限领导者。数字时代，华为与你一起扬帆远航O华为存储，乘风破浪​", "author": "华为中国", "time": "华为中国2018年12月11日15:41 来自微博weibo.com", "transmit": 24, "comment": 36, "zan": 494, "sentiment": [{"positive_prob": 0.999987, "confidence": 0.999971, "negative_prob": 1.31113e-05, "sentiment": 2}]}, {"text": "『福布斯：美国政府可耻地迫害中国华为只因华为太成功_中华网』O网页链接​", "author": "余承东", "time": "余承东2018年12月11日20:33 来自华为Mate20保时捷设计", "transmit": 859, "comment": 707, "zan": 2462, "sentiment": [{"positive_prob": 0.286513, "confidence": 0.363305, "negative_prob": 0.713487, "sentiment": 0}]}, {"text": "【社评：日本排挤华为中兴必损自身利益】日本似乎要成为响应美国不使用中国公司通信设备号召的最新国家。然而这样做显然不符合日本的国家利益，日本是屈从美国的政治压力，在改善中日关系的重要时刻往后退了有可能产生很负面牵动的一步，而这不一定有助于日本的安全。美国对盟友搞监听众所周知，其中也包括日本政要、政府机密和日本大型企业。O社评：日本排挤华为中兴必损自身利益", "author": "环球时报", "time": "环球时报2018年12月11日09:50 来自微博weibo.com", "transmit": 141, "comment": 138, "zan": 232, "sentiment": [{"positive_prob": 0.0347801, "confidence": 0.922711, "negative_prob": 0.96522, "sentiment": 0}]}, {"text": "【加拿大：孟晚舟保释听证10日没有得出结论，11日继续举行】当地时间10日，加拿大温哥华BC高等法庭继续召开对华为CFO孟晚舟的保释听证会。当天的庭审没有得出结论，法官表示，明天（11日）继续举行。在当天的聆讯中，主要由孟晚舟方面邀请安保公司和GPS公司介绍如果孟晚舟获得保释，将采取何种措施保证她不会潜逃。孟晚舟女士的丈夫也出现在法庭的听众席上，与他的妻子被一道防护玻璃隔开。在法庭外面，有华人群众举起标语，要求释放孟晚舟女士。O孟晚舟保释听证会未得出结论法官称11日继续", "author": "人民日报海外版-海外网", "time": "人民日报海外版-海外网2018年12月11日08:20 来自微博weibo.com", "transmit": 180, "comment": 334, "zan": 1356, "sentiment": [{"positive_prob": 0.740443, "confidence": 0.423207, "negative_prob": 0.259557, "sentiment": 2}]}, {"text": "【加拿大鹅股价三天暴跌16%，波司登股价暴涨创5年新高】加拿大羽绒服制造商加拿大鹅在纽交所的股价近日持续走低，12月4日到7日三天（5日停牌）累计下跌了15.89％，市值损失约80亿元人民币，或与华为事件相关。与加拿大鹅的颓势形成鲜明对比的是，中国本土羽绒服品牌波司登的港股股价表现抢眼，过去一周涨幅已接近14%，创出五年来新高。#加拿大鹅暴跌##波司登暴涨#@老板联播L老板联播的秒拍视频", "author": "梨视频", "time": "梨视频2018年12月11日15:30 来自微博weibo.com", "transmit": 62, "comment": 109, "zan": 237, "sentiment": [{"positive_prob": 0.641907, "confidence": 0.204237, "negative_prob": 0.358093, "sentiment": 2}]}, {"text": "对于华为，我只想说华为加油，中国必胜！🙏🙏🙏​", "author": "wu2198", "time": "wu21982018年12月11日22:29", "transmit": 65, "comment": 247, "zan": 4968, "sentiment": [{"positive_prob": 0.969862, "confidence": 0.933026, "negative_prob": 0.0301384, "sentiment": 2}]}, {"text": "#孟晚舟在加被捕#【林郑月娥：孟晚舟在任何时候只持有一本有效特区护照】针对华为集团副董事长孟晚舟持有香港特区护照，行政长官林郑月娥指出：有关签发情况与入境政策完全一致，孟晚舟在任何时候只持有一本有效特区护照。（央视新闻）​", "author": "中国日报", "time": "中国日报2018年12月11日15:54 来自微博weibo.com", "transmit": 48, "comment": 135, "zan": 287, "sentiment": [{"positive_prob": 0.868766, "confidence": 0.708369, "negative_prob": 0.131234, "sentiment": 2}]}, {"text": "孟晚舟保释听证二审最新进展不少华人前去声援孟女士打出“释放孟女士”的标语鲜红的字迹是对西方野蛮粗暴的无声的抗议孟女士加油大洋彼岸14亿同胞是你的坚强后盾#华为##孟晚舟保释听证#​", "author": "建华Wei业", "time": "建华Wei业2018年12月11日02:21 来自HUAWEIMate20Pro", "transmit": 166, "comment": 2083, "zan": 1638, "sentiment": [{"positive_prob": 0.470576, "confidence": 0.411524, "negative_prob": 0.529424, "sentiment": 1}]}]