[{"text": "【新西兰情报部门禁止华为参与5G建设华为在新投放了一个内涵广告】“没有华为的5G，就像是没有新西兰的橄榄球运动”——华为公司近日在新西兰各大媒体投放整版广告，嘲讽新西兰情报部门禁止其参与5G建设的决定，这一鲜明大胆的广告创意引起热议。广告中，一块手机屏幕上，5名运动员正在争抢一个橄榄球。旁边加粗黑体的广告语写道：“没有华为的5G，就像是没有新西兰的橄榄球运动。”下面还有一行小字，“不要错过现有可用的最先进5G技术”。在广告的右侧，显示了华为的Logo，旁边还写着一句话“新西兰，新思路”。整个广告简洁明了，击中新西兰人的痛点，让不少网友为这个广告创意点赞。华为这一广告发布的背景是，近日，“新西兰与中国的关系是否在恶化”在新西兰引起激烈争论，反对党和一些媒体认为，因为新西兰政府追随美澳打压华为，新西兰正面临中国的“报复”，最新的迹象是“新西兰产品对华出口出现延迟”。新西兰副总理兼外长彼得斯14日坚决否认相关说法。O华为在这个国家强势回击了！", "author": "环球时报", "time": "环球时报02月15日13:10 来自微博weibo.com", "transmit": 159, "comment": 331, "zan": 869, "sentiment": [{"positive_prob": 0.025121, "confidence": 0.944176, "negative_prob": 0.974879, "sentiment": 0}]}, {"text": "【国内首张5G电话卡来了！潘石屹获得，尾号0001】记者从中国电信获悉，北京电信送给了SOHO中国董事长@潘石屹一张5G电话卡，133开头，尾号为0001。这是国内首张5G卡。按官方披露的发牌节奏，今年中国将在若干个城市发放5G临时牌照。小米、华为等多家手机厂商已表示，今年将推出5G手机。（吴涛）​", "author": "中国新闻网", "time": "中国新闻网02月15日15:03 来自微博weibo.com", "transmit": 127, "comment": 127, "zan": 430, "sentiment": [{"positive_prob": 0.924905, "confidence": 0.833123, "negative_prob": 0.0750945, "sentiment": 2}]}, {"text": "如何找回丢失的手机，查看视频一目了然。#华为Mate20#系列很贴心的功能之一，但还是希望大家没有机会用到它。L华为终端官方微博的秒拍视频​​​", "author": "余承东", "time": "余承东02月15日20:05 来自华为Mate20保时捷设计", "transmit": 156, "comment": 609, "zan": 898, "sentiment": [{"positive_prob": 0.958571, "confidence": 0.907935, "negative_prob": 0.0414295, "sentiment": 2}]}, {"text": "【华为博士类员工平均离职率21.8%英雄为何无用武之地】#华为博士类员工离职率高#华为心声社区上有个帖子：“华为的土壤是否适合高精尖的博士的生存？”心声社区表示其实每年公司都投入大量的专职人员在专职搞博士招聘，但是高精尖的博士入职进来的很少（待遇、口碑、岗位等因素），进来的博士留下来的也很少。在愿意接受访谈的82名离职博士员工中，有56人反映离职的主要原因还是岗位与个人技能不匹配、主管技术能力弱导致自身发挥受限、自身特有优势无法发挥等。O华为博士类员工平均离职率21.8%，英雄为何无用武之地​", "author": "新浪新闻客户端", "time": "新浪新闻客户端02月15日10:55 来自专业版微博平台", "transmit": 16, "comment": 49, "zan": 89, "sentiment": [{"positive_prob": 0.0224061, "confidence": 0.950209, "negative_prob": 0.977594, "sentiment": 0}]}, {"text": "【华为在这个国家强势回击了！】“没有华为的5G，就像是没有新西兰的橄榄球运动”——华为公司近日在新西兰各大媒体投放整版广告，嘲讽新西兰情报部门禁止其参与5G建设的决定，这一鲜明大胆的广告创意引起热议。广告中，一块手机屏幕上，5名运动员正在争抢一个橄榄球。旁边加粗黑体的广告语写道：“没有华为的5G，就像是没有新西兰的橄榄球运动。”下面还有一行小字，“不要错过现有可用的最先进5G技术”。在广告的右侧，显示了华为的Logo，旁边还写着一句话“新西兰，新思路”。整个广告简洁明了，击中新西兰人的痛点，让不少网友为这个广告创意点赞。华为这一广告发布的背景是，近日，“新西兰与中国的关系是否在恶化”在新西兰引起激烈争论，反对党和一些媒体认为，因为新西兰政府追随美澳打压华为，新西兰正面临中国的“报复”，最新的迹象是“新西兰产品对华出口出现延迟”。新西兰副总理兼外长彼得斯14日坚决否认相关说法。O华为在这个国家强势回击了！", "author": "环球网", "time": "环球网02月15日11:43 来自微博weibo.com", "transmit": 59, "comment": 39, "zan": 446, "sentiment": [{"positive_prob": 0.0219713, "confidence": 0.951175, "negative_prob": 0.978029, "sentiment": 0}]}, {"text": "易烊千玺#新岁千喜，诸事顺易#早安三点半才到，小飞人辛苦了开始一周的跨国恋@TFBOYS-易烊千玺K亲爱的，这里没有一个人cr:logo易烊千玺中戏，易烊千玺中戏第一，yyqx帅，四字弟弟，易烊千玺nova，易烊千玺华为，易烊千玺野兽派，易烊千玺阿迪，易烊千玺好爸爸，易烊千玺沙宣，易烊千玺BottegaVeneta四字弟弟yyqxszdd四字yyqx唱歌yyqx舞台yyqx好听大冰小将", "author": "Issheyou", "time": "Issheyou02月15日07:54 来自易烊千玺超话", "transmit": 31, "comment": 30, "zan": 275, "sentiment": [{"positive_prob": 0.967227, "confidence": 0.927172, "negative_prob": 0.0327725, "sentiment": 2}]}, {"text": "【国务院任免国家工作人员】新华社北京2月15日电国务院任免国家工作人员。　　任命罗文为国家发展和改革委员会副主任；任命钟登华为教育部副部长；任命王志军为工业和信息化部副部长；任命郭卫平为国家民族事务委员会副主任；任命陈尘肇为国家自然资源副总督察（专职）；任命赵爱明（女）为国务院国有资产监督管理委员会副主任；任命赵刚为国家知识产权局副局长。　　免去罗文的工业和信息化部副部长职务；免去李昌平的国家民族事务委员会副主任职务；免去陈尘肇的审计署副审计长职务；免去钟登华的天津大学校长职务。", "author": "新华视点", "time": "新华视点02月15日19:40 来自微博weibo.com", "transmit": 38, "comment": 23, "zan": 100, "sentiment": [{"positive_prob": 0.825199, "confidence": 0.611553, "negative_prob": 0.174801, "sentiment": 2}]}, {"text": "你璀璨夺目的光芒，远不止一“点”。#耀，我所要#@王子异携手#华为nova4#解锁浪漫惊喜，从此刻开始，千万蜜语只为你的甜颜！L华为手机官方的秒拍视频​", "author": "华为商城", "time": "华为商城02月15日12:00 来自nova4自拍极点全面屏", "transmit": 3130, "comment": 1309, "zan": 2752, "sentiment": [{"positive_prob": 0.839376, "confidence": 0.643058, "negative_prob": 0.160624, "sentiment": 2}]}, {"text": "【华为联手中国电信又拿下一个全球第一】近日，华为联手中国电信在成都顺利完成全球首个5GIPRAN的现网试点，这意味着华为又拿下一个全球第一。目前为止，华为已经在全球5G领域拿下多个世界之最，5G订单当面，华为已经拿下了30个5G订单，这个数量领先于其他企业。在5G技术方面，华为在5G标准方面拥有61项专利，占全球总数的22.9%，排在第一位。设备供应方面，不管是基站还是光通讯，华为都是全球最大的设备供应商，其中基站在全球市场的占有率约为30%-35%，光通讯设备的占有率达到40%-45%，稳稳占据全球第一的位置。", "author": "福布斯中文网", "time": "福布斯中文网02月15日09:25 来自专业版微博", "transmit": 81, "comment": 83, "zan": 344, "sentiment": [{"positive_prob": 0.984479, "confidence": 0.965509, "negative_prob": 0.015521, "sentiment": 2}]}, {"text": "#流浪地球造句大赛#华为第五代通信技术委温馨提示您：网络千万条，安全第一条，华为5G强，不用你流泪。​", "author": "华为中国", "time": "华为中国02月15日20:31 来自微博HTML5版", "transmit": 60, "comment": 111, "zan": 814, "sentiment": [{"positive_prob": 0.807159, "confidence": 0.571464, "negative_prob": 0.192841, "sentiment": 2}]}, {"text": "#华为nova4#春节期间带着华为nova4手机去日本滑雪，其搭载的4800万超广角三摄镜头非常实用，高分辨率模式下画面细节丰富，0.6倍到10倍之间自由变焦能力，让摄影师有更多视角选择，智能HDR和场景分析功能让大片唾手可得。另外，机身强大的防寒性能，以及电池续航能力，满足恶劣天气环境的使用需要。​", "author": "摄影之友", "time": "摄影之友02月15日11:18 来自微博weibo.com", "transmit": 20, "comment": 12, "zan": 99, "sentiment": [{"positive_prob": 0.997328, "confidence": 0.994062, "negative_prob": 0.00267224, "sentiment": 2}]}, {"text": "【小米手机跌至行业第五凭AIoT翻身时间紧任务重】IDC发布的最新报告显示，国内手机厂商华为、OPPO、vivo均实现增长，占据排行榜前三位，苹果与小米发生较大幅度下跌。2019年初，经过重整的小米紧急宣布多方面动作，跟进手机行业排头兵步伐，毕竟，小米CEO雷军号称“十个季度内重回国内市场第一”的时间已经过去了一半。O小米手机跌至行业第五凭AIoT翻身时间紧任务重", "author": "新浪科技", "time": "新浪科技02月15日02:44 来自微博weibo.com", "transmit": 30, "comment": 155, "zan": 110, "sentiment": [{"positive_prob": 0.718599, "confidence": 0.374664, "negative_prob": 0.281401, "sentiment": 2}]}, {"text": "【华为靠“民族主义”超过苹果？外媒有话说】2月12日，美国科技新闻网站theVerge发文指出，去年全年，华为在中国智能手机市场的占比份额达到第一，三家中国企业位列其后，苹果只拿到第五。这背后，主要是靠有竞争力的产品。分析师指出，虽然爱国主义情绪有助于华为在中国市场提升品牌形象，“但如果没有竞争性产品，华为不可能在中国市场取得如此成就...（华为创新技术）很大程度上提升了其P系列、Mate系列高端手机的表现。”还有分析机构认为，华为手机的电池续航、摄像表现等，才是中国消费者考虑的因素。theVerge曾声称，华为Mate20Pro，是“美国市场买不到的最好的手机”。至于“爱国情绪”，分析师认为这可能不是大多数人在做出购买决定时，所采用的标准，但“当有人持观望态度时，这种情绪可能会影响人们做出购买华为手机的决定。”O华为靠“民族主义”超过苹果？外媒称不需要", "author": "观察者网", "time": "观察者网02月15日13:20 来自微博weibo.com", "transmit": 49, "comment": 133, "zan": 176, "sentiment": [{"positive_prob": 0.128473, "confidence": 0.714505, "negative_prob": 0.871527, "sentiment": 0}]}, {"text": "【#芒格大赞比亚迪#：王传福创造了奇迹，我对他印象深刻】巴菲特的老搭档查理·芒格(CharlieMunger)周四出席了DailyJournal的股东大会，会上他大捧比亚迪，称赞王传福创造了奇迹，对他印象深刻。他认为比亚迪在电动汽车领域还会有更大的发展，同时也是苹果华为称职的供应商。儒家思想在很大程度上造就了比亚迪，王传福创造了奇迹，他对王传福印象很深刻L见闻企业家的秒拍视频", "author": "见闻企业家", "time": "见闻企业家02月15日14:54 来自微博weibo.com", "transmit": 331, "comment": 49, "zan": 218, "sentiment": [{"positive_prob": 0.986576, "confidence": 0.97017, "negative_prob": 0.0134236, "sentiment": 2}]}, {"text": "和华为的情况完全不同，中兴是自己先触犯美国禁令、然后自己主动认罪认罚、再然后在认罪认罚后再犯且被“人赃并获”，它雇佣的美方员工里有卧底有钩子，聘请的公关公司、法律顾问……则把如假包换的“犯规”证据源源不断地提供给美方，然后变作美方打向自己、乃至整个中国产业的炮弹。古话说得好，认罚不认打，认打不认罚，如果从一开始就拒绝承认美国国内法的管辖权，横竖硬到底，即便第一次吃亏，但后面一系列的问题就无从下嘴。既已认罪、认罚，等于公开、正式承认对方的国内法有权管你，你不但缴纳巨额罚金而且同意对方派员监管，然后在此期间再犯，甚至给整个“犯规团队”大手笔激励，这何止是开门揖盗？中兴是国企，赔钱是全国纳税人在埋单，罚款也是全国纳税人在埋单，而岂有此理的奖金、激励却是闯下大祸的个人装进腰包，这本身已足够荒唐，更荒唐的是一犯再犯，一次比一次赔得多，这就像一个熊孩子去别人家串门，先砸汤盆、再砸花瓶，最后把人家家传的古画给撕了，然后每次熊孩子爹妈都要在自家亲戚中众筹一样岂有此理。如今可以负责任地说，中兴的愚蠢做派让原本就在不断试探对手底线、一心得寸进尺的特朗普及其幕僚胆子和胃口越来越大，若非中兴如此“包子”，连美国自己都觉得牵强附会的孟晚舟案会否发生，华为会否会遭到如此露骨的全面围剿，都大不见得。、更令人发指的是，祸是中兴自己闯的，好处是中兴人自己拿的，却要国家和民众来包赔，包赔还不算，他们还跃跃欲试要扩大融资和信贷——这些弄来的钱一部分将送给美国当罚款，另一部分则用来继续养着这家功勋卓著的企业。说句心里话，这样的企业最好不要有任何发展，它能对中国作出的最大贡献就一条：早死早超生。O中兴公司遭受到美国制裁后发展怎样？", "author": "陶短房", "time": "陶短房02月15日20:46 来自微博weibo.com", "transmit": 225, "comment": 105, "zan": 207, "sentiment": [{"positive_prob": 0.0337744, "confidence": 0.924946, "negative_prob": 0.966226, "sentiment": 0}]}, {"text": "【国务院任免国家工作人员】任命罗文为国家发展和改革委员会副主任；任命钟登华为教育部副部长；任命王志军为工业和信息化部副部长；任命郭卫平为国家民族事务委员会副主任；任命陈尘肇为国家自然资源副总督察（专职）；任命赵爱明（女）为国务院国有资产监督管理委员会副主任；任命赵刚为国家知识产权局副局长。免去罗文的工业和信息化部副部长职务；免去李昌平的国家民族事务委员会副主任职务；免去陈尘肇的审计署副审计长职务；免去钟登华的天津大学校长职务。", "author": "新华网", "time": "新华网02月15日17:52 来自微博weibo.com", "transmit": 36, "comment": 17, "zan": 80, "sentiment": [{"positive_prob": 0.755899, "confidence": 0.457553, "negative_prob": 0.244101, "sentiment": 2}]}, {"text": "【芒格大赞王传福：他创造了奇迹，我对他印象深刻】巴菲特的老搭档查理·芒格(CharlieMunger)周四出席了DailyJournal的股东大会，会上他大捧比亚迪，称赞王传福创造了奇迹，对他印象深刻。他认为比亚迪在电动汽车领域还会有更大的发展，同时也是苹果华为称职的供应商。儒家思想在很大程度上造就了比亚迪，王传福创造了奇迹，他对王传福印象很深刻。L见闻企业家的秒拍视频", "author": "中国企业家杂志", "time": "中国企业家杂志02月15日22:54 来自微博weibo.com", "transmit": 73, "comment": 7, "zan": 66, "sentiment": [{"positive_prob": 0.982469, "confidence": 0.961043, "negative_prob": 0.0175307, "sentiment": 2}]}, {"text": "【有底气！华为称已准备好与各国政府合作接受任何额外评估】路透社：华为美国分公司首席安全官安迪·珀迪说，中国科技巨头华为已在中东欧准备好应对发展下一代5G网络所需的任何额外安全措施。华为准备与各国政府在任何附加措施上展开合作，例如测试产品的源代码。O有底气！华为称已准备好与各国政府合作接受任何额外评估​", "author": "参考消息", "time": "参考消息02月15日18:59 来自微博weibo.com", "transmit": 67, "comment": 34, "zan": 170, "sentiment": [{"positive_prob": 0.94923, "confidence": 0.887179, "negative_prob": 0.0507696, "sentiment": 2}]}, {"text": "【华为博士类员工平均离职率21.8%英雄为何无用武之地】华为心声社区上有个帖子：“华为的土壤是否适合高精尖的博士的生存？”心声社区表示其实每年公司都投入大量的专职人员在专职搞博士招聘，但是高精尖的博士入职进来的很少（待遇、口碑、岗位等因素），进来的博士留下来的也很少。在愿意接受访谈的82名离职博士员工中，有56人反映离职的主要原因还是岗位与个人技能不匹配、主管技术能力弱导致自身发挥受限、自身特有优势无法发挥等。O华为博士类员工平均离职率21.8%英雄为何无用武之地", "author": "凤凰网财经", "time": "凤凰网财经02月15日10:04 来自专业版微博", "transmit": 40, "comment": 35, "zan": 51, "sentiment": [{"positive_prob": 0.0244478, "confidence": 0.945672, "negative_prob": 0.975552, "sentiment": 0}]}, {"text": "#创事记#【华为博士类员工平均离职率21.8%英雄为何无用武之地】华为心声社区上有个帖子：“华为的土壤是否适合高精尖的博士的生存？”表示华为每年都投入大量人员在专职招聘博士，但是博士入职进来的很少（待遇、口碑、岗位等因素），而进来的博士留下来的也很少。@大猫财经猫哥O华为博士员工平均离职率21.8​", "author": "新浪科技", "time": "新浪科技02月15日15:00 来自微博weibo.com", "transmit": 34, "comment": 38, "zan": 50, "sentiment": [{"positive_prob": 0.14985, "confidence": 0.667001, "negative_prob": 0.85015, "sentiment": 0}]}, {"text": "【折叠屏手机元年：全球巨头齐竞速普及尚待时日】之所以将2019年视为折叠屏手机元年，是源于全球头部厂商在此领域的密集攻占。在即将到来的MWC（世界移动通信大会）正式开幕之前，各大品牌关于将发布折叠屏的风声便陆续传了出来。前有小米高管与柔宇高管的隔空呛声，后有以华为、OPPO为代表的头部厂商加紧布局。O折叠屏手机元年：全球巨头齐竞速普及尚待时日", "author": "新浪科技", "time": "新浪科技02月15日04:50 来自微博weibo.com", "transmit": 47, "comment": 72, "zan": 96, "sentiment": [{"positive_prob": 0.950735, "confidence": 0.890523, "negative_prob": 0.0492646, "sentiment": 2}]}, {"text": "内容引起过度舒适！#华为Mate20#Pro镜头下美轮美奂的意大利街头，不禁让人感叹建筑师的鬼斧神工。这组由摄影大师CalAgro拍下的照片是否也惊艳到你了呢？​", "author": "华为终端公司", "time": "华为终端公司02月15日11:52 来自微博weibo.com", "transmit": 16, "comment": 42, "zan": 144, "sentiment": [{"positive_prob": 0.919929, "confidence": 0.822065, "negative_prob": 0.0800708, "sentiment": 2}]}, {"text": "蓬佩奥在欧洲到处喊话不要用华为，小心窃听。默克尔打电话问马克龙，“国务卿是不是复读机，要他管？”马克龙，“大妈，咱先把5G建了，骗骗老头说我们要改《安全法》。”电话里一片嘈杂，一个公鸭嗓响起，“特么的，敢跟老子来这套！”​", "author": "后沙月光本尊", "time": "后沙月光本尊02月15日00:02 来自HUAWEIMate8", "transmit": 39, "comment": 35, "zan": 329, "sentiment": [{"positive_prob": 0.00710254, "confidence": 0.984216, "negative_prob": 0.992897, "sentiment": 0}]}, {"text": "【芒格大赞王传福：他创造了奇迹，我对他印象深刻】巴菲特的老搭档查理·芒格(CharlieMunger)周四出席了DailyJournal的股东大会，会上他大捧比亚迪，称赞王传福创造了奇迹，对他印象深刻。他认为比亚迪在电动汽车领域还会有更大的发展，同时也是苹果华为称职的供应商。儒家思想在很大程度上造就了比亚迪，王传福创造了奇迹，他对王传福印象很深刻。L见闻企业家的秒拍视频", "author": "第一财经日报", "time": "第一财经日报02月15日15:07 来自iPhone客户端", "transmit": 24, "comment": 6, "zan": 32, "sentiment": [{"positive_prob": 0.982469, "confidence": 0.961043, "negative_prob": 0.0175307, "sentiment": 2}]}, {"text": "今年国产最期待的旗舰，一是华为，一是魅族。为什么期待魅族，因为魅族16太美了，是2018年3000档最美的手机！哥的魅族16Plus准备收藏了！​", "author": "C科技", "time": "C科技02月15日20:30", "transmit": 32, "comment": 310, "zan": 499, "sentiment": [{"positive_prob": 0.953802, "confidence": 0.897337, "negative_prob": 0.0461982, "sentiment": 2}]}, {"text": "为了配合英国政府的严苛要求，华为公司最近决定花20亿美金，花5年时间，把华为所有产品在以前30年写过的所有软件代码按照新的规格，重新全部再写一遍，按照华为公司副董事长徐直军的话说，20亿美金是远远不够的，华为公司董事会也因此争论很激烈，但是最后还是形成决议，重写代码！这是多么巨大的工作量！试想，如果你让微软公司把操作系统源代码全部给英国政府看，微软干吗？如果你让微软公司把过去三十年写过的所有软件代码用新的框架再重新写一遍，微软干吗？只是为了让外国政府更容易读懂软件的每一行代码，就要你重新写一遍，与产品功能，性能，可靠性没有一毛钱关系，微软会干吗？为了开拓西方市场，为了不被美国击倒，华为受尽了屈辱，同时付出了比世界任何其它公司多太多的劳动和金钱的代价，人家要看你所有源代码，你给人家看了，人家还说你代码写的看起来怎么不是很舒服（尼玛，华为产品的安全，性能，功能都达到了世界上最领先水平，然后人家说你源代码写的让我们西方政府看着不舒服，不太方便我们监控你华为），然后华为又让徐直军牵头负责这个事情，花几十亿美金，调动几万软件工程师，未来苦干五年，把华为公司从成立以来，写过的所有软件源代码全部重写一遍，这就是华为崛起的艰辛，在拉动中华民族崛起的过程中，华为忍受了太多在世界发展历史上从未有过的屈辱，实在太累了，中国民众很难全面深刻体会到华为的付出与辛劳！", "author": "信通小熊猫", "time": "信通小熊猫02月15日17:27 来自微博HTML5版", "transmit": 57, "comment": 61, "zan": 178, "sentiment": [{"positive_prob": 0.866474, "confidence": 0.703276, "negative_prob": 0.133526, "sentiment": 2}]}, {"text": "#对TA说晚安#每天吃车厘子；在各大视频网站充了会员；养了几只猫；拥有超过5支口红……评论里share一下【买什么东西可以让你产生“小确富贵”的感受？】小云将随机抽一位送出华为耳机。​", "author": "华为终端云服务", "time": "华为终端云服务02月15日22:00 来自微博weibo.com", "transmit": 173, "comment": 429, "zan": 159, "sentiment": [{"positive_prob": 0.940569, "confidence": 0.86793, "negative_prob": 0.0594314, "sentiment": 2}]}, {"text": "【芒格大赞比亚迪：王传福创造了奇迹，我对他印象深刻】巴菲特的老搭档查理·芒格(CharlieMunger)周四出席了DailyJournal的股东大会，会上他大捧比亚迪，称赞王传福创造了奇迹，对他印象深刻。他认为比亚迪在电动汽车领域还会有更大的发展，同时也是苹果华为称职的供应商。儒家思想在很大程度上造就了比亚迪，王传福创造了奇迹，他对王传福印象很深刻。L见闻企业家的秒拍视频", "author": "新财富杂志", "time": "新财富杂志02月15日15:05 来自专业版微博", "transmit": 24, "comment": 8, "zan": 41, "sentiment": [{"positive_prob": 0.982999, "confidence": 0.96222, "negative_prob": 0.0170009, "sentiment": 2}]}, {"text": "与其看别人秀恩爱，不如直接约起来。面向5G，华为咨询与服务外场两大转型路径全力协助全球客户提效促增，这里不仅有面向客户十二大转型场景的商业解决方案，还有最新顶级运营商转型实践，更能够开展一会一策的深度恳谈……2月25日，我们在巴塞罗那#MWC2019#见L华为中国的秒拍视频​", "author": "华为中国", "time": "华为中国02月15日09:32 来自Android", "transmit": 16, "comment": 20, "zan": 185, "sentiment": [{"positive_prob": 0.876596, "confidence": 0.725769, "negative_prob": 0.123404, "sentiment": 2}]}, {"text": "台媒：中国市场扶持华为、小米，导致HTC销量不佳…大家觉得HTC失败的主要原因是什么​", "author": "极客村长", "time": "极客村长02月15日21:23", "transmit": 15, "comment": 104, "zan": 74, "sentiment": [{"positive_prob": 0.0387334, "confidence": 0.913926, "negative_prob": 0.961267, "sentiment": 0}]}]