[{"text": "送你一棵粉色🎄，里面的照片都来自于#自拍大不一样#的#华为nova6#SE喔~​", "author": "关晓彤", "time": "关晓彤2019年12月25日12:00 来自nova6SE好看拍出来看", "transmit": 7229, "comment": 8605, "zan": 110529}, {"text": "【#iPhoneXR成Q3最畅销智能机#香不香？】市场研究公司CounterpointResearch发布的报告显示，iPhoneXR是第三季度全球最畅销智能机，市场份额为3%。这意味着，今年目前为止，iPhoneXR在每个季度都是最热卖机型。除了iPhoneXR，第三季度前十大畅销机中还包括三星GalaxyA10/A50、OppoA9、iPhone11、华为P30等。你的手机品牌是？", "author": "凤凰网科技", "time": "凤凰网科技2019年12月25日07:45 来自微博weibo.com", "transmit": 379, "comment": 4931, "zan": 262107}, {"text": "【#iPhoneXR成Q3最畅销智能机#曾被吐槽信号差如今真香？】12月24日，CounterpointResearch发布的报告显示，iPhoneXR是第三季度全球最畅销智能机，市场份额为3%。实际上，iPhoneXR自2018年第四季度以来一直是全球销量最高的机型。除了iPhoneXR，第三季度前十大畅销机中还包括三星GalaxyA10/A50、OppoA9、iPhone11、华为P30等。你用的哪款？你用的是什么品牌手机？", "author": "微博科技", "time": "微博科技2019年12月25日14:47 来自iPhone客户端", "transmit": 46, "comment": 215, "zan": 48696}, {"text": "关晓彤私下的生活照太可，是青春该有的模样啊！为自己代言的#华为nova6#SE拍圣诞树自拍图，真的很敬业了~漂亮妹妹保持住！#红衣才是圣诞情人#​", "author": "教父娱乐", "time": "教父娱乐2019年12月25日22:20 来自微博weibo.com", "transmit": 4220, "comment": 505, "zan": 2135}, {"text": "在珠海长隆海洋王国解锁了nova星人的冬日限定福利～和可爱的海洋宝宝们一起自拍，远近都清晰，感觉一下子心情都变好了！打卡点使用#华为nova6#5G前置超广角自拍，容纳更多好风光~#自拍大不一样#​", "author": "包纸包纸肉肉", "time": "包纸包纸肉肉2019年12月25日20:30 来自微博weibo.com", "transmit": 120, "comment": 1465, "zan": 5074}, {"text": "今天给大家安利一波颜值与实力并存的自拍神器！真香警告⚠喜欢自拍的小仙女们一定一定不要错过的一款手机，华为新出的nova65G！！#华为nova6#5G毕竟是我千玺弟弟代言，必须打call！果然刚拿到手上的时候真的不得不感叹，这是什么神仙手机！颜值简直不要太高~尤其是它的背部设计，将光芒、纹理、色彩、空间四层效果集合一身呈现出不一样的效果。就像是把星河捧在手心！马上试了试它的自拍功能，自带磨皮的滤镜不会很假，太适合和我一样爱自拍的小姐妹了！它的人像超广角功能真的很厉害，可以防止拍出来的照片畸形，不管是拍人还是拍风景都不用再担心变形啦！还有最重要的一点就是华为nova6的夜景模式，用了之后才知道夜景模式的强大！在黑洞洞的房间里依旧可以拍出清晰度很高的大片。喜欢蹦夜迪、参加party的宝贝们夜拍不再是幻想~众所周知，现在是全民vlog时代，平时喜欢记录自己生活的宝宝们真的可以尝试入手一款华为nova6！它前置视频可以自动对焦，速度很快！出门旅行的时候不用再带沉重的单反和三脚架稳定器啦~一台华为nova6完美解决拍vlog的一切问题~还有还有~nova6不止是拍照很厉害哦~5G的神速，让喜欢玩手游的宝宝们不用担心卡顿坑队友啦！想拥有一台颜值与实力并存的宝宝们真的可以入华为nova6哦~相信ta会带给大家一个不一样的体验！#自拍大不一样#", "author": "OK张有救", "time": "OK张有救2019年12月25日12:09 来自nova65G自拍大不一样", "transmit": 715, "comment": 2133, "zan": 8101}, {"text": "#和方特一起跨年#2019年已经接近尾声，你有没有想过如何跨入2020呢？2020年的你，一定要有一个盛大的开场！音乐节、烟花、华为nova6，你都值得拥有！关注@青岛方特梦幻王国，并@两位好友，12.30抽取10位幸运粉粉来青岛方特一起跨年，一起开启幸运的2020年！​O抽奖详情​", "author": "青岛方特梦幻王国", "time": "青岛方特梦幻王国2019年12月25日20:30 来自OPPOReno2", "transmit": 293, "comment": 326, "zan": 98}, {"text": "昨天在长隆海洋王国玩的太开心啦！还看了超精彩的烟花表演拥有#华为nova6#5G我也就拍了七八百张自拍吧#自拍大不一样#不是我要自恋真的还蛮美的嘻嘻拍照太好看太清晰了！出门再也不用背笨重的相机啦~从此成为nova的铁粉姐妹们，跟我一起用nova65Gget同款自拍吧～比心", "author": "刘梓萌嗎", "time": "刘梓萌嗎2019年12月25日22:30 来自微博weibo.com", "transmit": 1857, "comment": 1530, "zan": 2471}, {"text": "好感動！好意外！今天收到你送來华為P30Pro這份聖誕禮物，仲要係好難訂的紫色，但真正感動位不是這部手機，而是你花心思的安排！好感動呢個手做的包裝盒，真心多謝你令我有個如此難忘的聖誕！我真的哭了，眼淚是開心的。仲有收到兩對好喜歡的耳環，重要係那份心意。​", "author": "一人茶餐廳", "time": "一人茶餐廳2019年12月25日21:33 来自三星GALAXYNote8", "transmit": 7, "comment": 193, "zan": 2155}, {"text": "愉快的借着工作名义去海洋王国玩不止是排队玩项目，到#华为nova6#5G的打卡点签到参加活动也是充实又有趣！打卡珠海长隆✖️nova冬日狂欢无论是馆里的大白鲸还是小企鹅，就算隔着厚厚的玻璃自拍都毫无鸭梨喔，真的是远近都清晰超广角自拍容纳更大景幅的同时更显脸小，爱了爱了果然女生出去玩玩是次要的，自拍才是最重要的🤭 #自拍大不一样#", "author": "谭湘君Jjun", "time": "谭湘君Jjun2019年12月25日21:15 来自微博weibo.com", "transmit": 1036, "comment": 1043, "zan": 5755}, {"text": "【华为能窃取英国核机密？！美高官想吓唬唐宁街，却连网友都没唬住】英国是否会允许华为参与5G建设一直是外界关心的话题。继美国总统特朗普月初就此“警告”北约盟国后，美国新任总统国家安全事务助理奥布莱恩也向英国喊话称：华为参与5G不但会对英国情报部门“构成风险”，甚至还能“窃取”该国核机密。不过一些外国网友对此并不买账，有人质问“身为美国的顾问却来警告英国？”路透社24日援引英国《金融时报》消息称，奥布莱恩日前接受采访时表示，华为会“大规模盗取”国家机密，“无论是英国的核机密，还是军情五处或军情六处的机密”。奥布莱恩还提到，英国将华为问题视为某种商业决定，“这让我们有点震惊……5G是一项关乎国家安全的决策。”当地时间24日，奥布莱恩上述有关“华为会盗取英国核机密”的言论在社交媒体上也引发讨论。↓详戳：O华为能窃取英国核机密？！美高官想吓唬唐宁街，却连网友都没唬住", "author": "环球网", "time": "环球网2019年12月25日16:50 来自微博weibo.com", "transmit": 27, "comment": 66, "zan": 555}, {"text": "台媒标题：太狂啦！华为研发总部溪流背坡村大公开！根本就是迪士尼城堡！L台湾傻事的微博视频​", "author": "台湾傻事", "time": "台湾傻事2019年12月25日17:04 来自微博weibo.com", "transmit": 255, "comment": 345, "zan": 2105}, {"text": "【#华为称已准备好取代谷歌应用#，有10亿美元全球基金】据福布斯、印度经济时报报道，华为印度消费者负责人查尔斯·彭表示：“华为拥有自己的HMS，并正在尝试建立移动生态系统。大多数关键应用程序，例如导航、付款、游戏和发信息等应用将准备完成。”@老板联播L老板联播的微博视频​", "author": "新浪科技", "time": "新浪科技2019年12月25日23:59 来自互联网·视频社区", "transmit": 39, "comment": 64, "zan": 479}, {"text": "想要拥有与众不同的圣诞照？看看关晓彤怎么玩出“小心机”！一颗粉色圣诞树get!#华为nova6#SE#红衣才是圣诞情人#关晓彤私下的生活照太可，是青春该有的模样啊！为自己代言的#华为nova6#SE拍圣诞树自拍图，真的很敬业了~漂亮妹妹保持住！#红衣才是圣诞情人#​", "author": "娱乐圈小青年", "time": "娱乐圈小青年2019年12月25日22:20 来自微博weibo.com", "transmit": 1148, "comment": 1252, "zan": 3044}, {"text": "【美国大幅度更改制裁规则！再次施压台积电断供华为】据台湾媒体报道，为了制裁华为，美国准备将“源自美国技术”的标准从25%的比重，改至10%，以权力阻断台积电等非美国企业向华为供货。外电报导称，台积电内部评估，7nm源自美国技术比重不到10%，可以继续供货，但14nm将受到限制。好在华为旗下芯片公司海思加速将芯片产品转向台积电7nm和5nm，而14nm产品则分散自大陆的中芯国际投片，避开美方牵制。看25%的源自美国技术制裁条款限制不了华为，赶紧加码制裁规则，流氓嘴脸暴露无遗，为了制裁华为已经是无所不用其极了！#华为##科技#", "author": "建华Wei业", "time": "建华Wei业2019年12月25日10:12 来自HUAWEIMate20Pro", "transmit": 125, "comment": 289, "zan": 1381}, {"text": "【品牌影响力哪家强？榜单来了！】25日发布的《中国品牌影响力研究报告（2019）》显示，中国移动、中国电信、三星、中国联通、中国石油、华为、腾讯、小米、中国建设银行、国家能源集团位居#品牌影响力指数前十#。#国企品牌十强#中，通讯、能源、金融行业占比高；民企品牌十强中，互联网行业占半壁江山；外企品牌十强中，手机、家电、汽车行业占比高。总体来看，国有企业品牌影响力领先于民营企业和外资企业，亚洲品牌影响力远高于欧美品牌。（记者刘玉坤）", "author": "中国日报", "time": "中国日报2019年12月25日13:53 来自微博weibo.com", "transmit": 27, "comment": 39, "zan": 102}, {"text": "【#华为称准备好取代谷歌应用#，有10亿美元全球基金】据福布斯、印度经济时报12月24日报道，华为印度消费者负责人查尔斯·彭表示：“华为拥有自己的HMS，并正在尝试建立移动生态系统。大多数关键应用程序，例如导航、付款、游戏和发信息等应用将准备完成。”O外媒:华为称准备好取代谷歌应用有10亿美元全球基金L老板联播的微博视频​", "author": "新浪财经", "time": "新浪财经2019年12月25日13:24 来自互联网·视频社区", "transmit": 62, "comment": 134, "zan": 582}, {"text": "大家在考研的周末，我回到了烟雨氤氲的江南，打卡了杭州华为智能生活馆，很荣幸参加了华为的职场轻知识计划惊喜的发现#HUAWEIMateBook#多屏协同功能，可以解决我们学生党presentation的小困扰呢。闲暇之余也约了朋友吃饭，才知道你们中好多人关注了我好多年，且我竟然是你们的最常访问，还是很开心的呢。大家一直催我更新vlog，你看我很听话地更新了呢。L张慧贤angel的微博视频", "author": "张慧贤angel", "time": "张慧贤angel2019年12月25日17:35 来自微博weibo.com", "transmit": 71, "comment": 386, "zan": 3765}, {"text": "昨天我带着#华为nova6#5G来打卡长隆海洋王国啦！在水族馆里看到了超多种类的鱼，还有好几头鲸鲨🦈。还看到了圆乎乎的可爱白鲸还有企鹅🐧，我有和它们一起自拍，远近都清晰！超广角能拍到更多的风景，再也不用担心手不够长了！虽然水族馆光线不好，nova6的夜景模式轻松解决了这个问题，让#自拍大不一样#！", "author": "一扣酥", "time": "一扣酥2019年12月25日22:05 来自微博weibo.com", "transmit": 24, "comment": 1349, "zan": 2258}, {"text": "【标杆学习：华为干部管理七步曲】#人力资源专家#​", "author": "人力资源研究", "time": "人力资源研究2019年12月25日10:07 来自微博weibo.com", "transmit": 101, "comment": 2, "zan": 73}, {"text": "用#华为nova6#5G定格长隆海洋王国的nova海洋奇遇，nova星人们快拿起手机，记录每一瞬间，感受#自拍大不一样#​", "author": "华为终端官方微博", "time": "华为终端官方微博2019年12月25日15:00 来自微博weibo.com", "transmit": 36, "comment": 52, "zan": 868}, {"text": "在蓝色的海洋王国里记录和海洋的约定真的很治愈喔当然，过程中少不了#华为nova6#5G的帮忙——超广角+超感光的自拍超能力，整个海洋王国都是我的梦幻自拍福地nova海洋奇遇如此，那你和海洋的自拍又是怎样呢~快戳#自拍大不一样#话题签，一起拍同款！​", "author": "小葡萄melody", "time": "小葡萄melody2019年12月25日21:10 来自微博weibo.com", "transmit": 7791, "comment": 8553, "zan": 12542}, {"text": "发布了头条文章：《低吸富一生》财经每日必读#微博赚钱季#周三华为/科技（半导体芯片/光刻胶）+新能源汽车（锂电）+股权（公告）最强，大金融(券商）分化，养殖板块继续调整（继续观察）;主板缩量震荡（预设明日回踩调整，观察成交量能否有效放大）强势股接力的亏钱效应减缓，明日威唐工业等作为情绪标杆观察，空间板高度到4板，首板数量减少，明日强势股接力赚钱效应大概率会下降，短期五日线反压下来是强压力位（一旦成交量能无法有效放大，继续在2940-2990区间震荡概率大），注意高抛低吸，当然最优策略是低吸主线板块（华为/科技+汽车/油气）人气股和有送转预期的中小创板块潜伏等轮动补涨，低吸富一生。O低吸富一生", "author": "lesliesay", "time": "lesliesay2019年12月25日16:52 来自微博weibo.com", "transmit": 449, "comment": 190, "zan": 722}, {"text": "#自拍大不一样#对海洋王国从来都没有抵抗力，更何况带上#华为nova6#5G轻松留住我与海洋的奇遇时刻一起get同款，一起感受#自拍大不一样#！​", "author": "摄影约拍_", "time": "摄影约拍_2019年12月25日21:00 来自微博weibo.com", "transmit": 228, "comment": 244, "zan": 603}, {"text": "【外媒：#华为称准备好取代谷歌应用#有10亿美元全球基金】据福布斯、印度经济时报24日报道，华为印度消费者负责人查尔斯·彭表示：“华为拥有自己的HMS，并正在尝试建立移动生态系统。大多数关键应用程序，例如导航、付款、游戏和发信息等应用将准备完成。”L老板联播的微博视频​", "author": "Vista看天下", "time": "Vista看天下2019年12月25日14:31 来自互联网·视频社区", "transmit": 24, "comment": 115, "zan": 426}, {"text": "《庆余年》《大明风华》《精英律师》还有即将开播的《锦衣之下》，你最喜欢哪一部？使用华为和荣耀手机的朋友打开手机自带的#华为视频#直接就能看芒果TV、优酷、腾讯视频的内容，这些剧在一个APP都能看哦~​", "author": "鹅组情报员", "time": "鹅组情报员2019年12月25日20:00 来自微博weibo.com", "transmit": 1044, "comment": 448, "zan": 2211}, {"text": "2019年第三季度全球畅销手机Top10：1，iPhoneXR2，三星GalaxyA103，三星GalaxyA504，OPPOA95，iPhone116，OPPOA5s7，三星GalaxyA208，OPPOA59，Redmi7A10，华为P30iPhoneXR卖这么火，这是啥原因(Counterpoint)​", "author": "it科技站", "time": "it科技站2019年12月25日08:42", "transmit": 158, "comment": 669, "zan": 3441}, {"text": "你们小涵带着#华为nova6#5G来打卡长隆海洋王国啦￼这里真的满足了我对海洋奇遇的想象，也太美了吧嘎嘎嘎！珠海的姐妹你们真·可有眼福！还有nova6的前置超广角，远近都清晰，记录下每刻的美，让#自拍大不一样#快来体验不一样的美美的自拍吧～MerryChristmas🎄​", "author": "魏好涵", "time": "魏好涵2019年12月25日23:20 来自微博weibo.com", "transmit": 16, "comment": 3967, "zan": 825}, {"text": "做个统计，如果说米6是小米系列一直不换机的“钉子户”，那么华为这边的钉子户是哪款手机？花粉们都在等什么？华为的“钉子户”是哪款手机？​", "author": "宅数码Kael", "time": "宅数码Kael2019年12月25日10:53 来自HUAWEIMate30Pro5G", "transmit": 22, "comment": 183, "zan": 3693}, {"text": "网友在某段视频平台拆解了华为Mate30Pro同时又用内部做工“吊打”了一下iPhone​", "author": "Geek_Cao", "time": "Geek_Cao2019年12月25日12:28 来自OPPORenoAce", "transmit": 84, "comment": 1020, "zan": 4760}]