[{"text": "#罗永浩吐槽周杰伦##人民日报评打榜#“偶像会发光”。周杰伦有今天的成功不无道理，锤子有今天的不成功也不无原因，罗永浩请你嘴下留情吧，一个科技公司的老板，要学会少关心与自己无关紧要的事，多用心做产品，学学人家华为，做成一个成功的企业家，你说什么都没人敢喷你@罗永浩​", "author": "圈老汉", "time": "圈老汉07月22日08:13 来自iPhoneX", "transmit": 728, "comment": 3780, "zan": 28185, "sentiment": [{"positive_prob": 0.684897, "confidence": 0.299771, "negative_prob": 0.315103, "sentiment": 2}]}, {"text": "【#华为首款折叠屏手机获入网许可#】工信部入网许可中心显示，华为首款折叠屏手机MateX已获入网许可，据此前华为高管透露，这款产品有望于下个月上市。这款获得入网许可的手机型号为TAH-AN00，终端款式为折叠。这是华为获得入网许可的第二款5G手机，也是华为首款折叠屏手机。O华为首款折叠屏手机获入网许可​", "author": "新浪科技", "time": "新浪科技07月22日07:09 来自微博weibo.com", "transmit": 655, "comment": 971, "zan": 10463, "sentiment": [{"positive_prob": 0.964879, "confidence": 0.921953, "negative_prob": 0.035121, "sentiment": 2}]}, {"text": "#华为nova5i#公主的新画师。​", "author": "麻尾", "time": "麻尾07月22日21:30 来自微博weibo.com", "transmit": 4591, "comment": 1996, "zan": 65829, "sentiment": [{"positive_prob": 0.829138, "confidence": 0.620306, "negative_prob": 0.170862, "sentiment": 2}]}, {"text": "【可折叠屏幕的工作原理】#华为首款折叠屏手机获入网许可#，手机形态将彻底突破！折叠将要开启手机新时代！可折叠手机屏幕究竟是如何实现工作的？视频给你解答~viaL科学懂不懂的微博视频​", "author": "新浪科技", "time": "新浪科技07月22日16:50 来自微博weibo.com", "transmit": 206, "comment": 54, "zan": 296, "sentiment": [{"positive_prob": 0.663221, "confidence": 0.251601, "negative_prob": 0.336779, "sentiment": 2}]}, {"text": "恭喜华为首款折叠屏手机MateX已获入网许可。5G速率有多快？华为何刚带你体验，折叠屏手机HUAWEIMateX接入5G网络，亲测下载速率超过1Gbps！点击视频，一看究竟！via：@究竟视频L究竟视频的秒拍视频#华为首款折叠屏手机获入网许可#​", "author": "壹小寒", "time": "壹小寒07月22日11:59 来自iPhoneX", "transmit": 173, "comment": 424, "zan": 3607, "sentiment": [{"positive_prob": 0.764614, "confidence": 0.47692, "negative_prob": 0.235386, "sentiment": 2}]}, {"text": "华为首款折叠手机，你觉得多少钱是最佳的定价？#华为首款折叠屏手机获入网许可#你期待的开售卖的价格是多少？华为折叠手机你期待的开售卖的价格是多少？​", "author": "总裁语录", "time": "总裁语录07月22日14:42", "transmit": 20, "comment": 59, "zan": 7017, "sentiment": [{"positive_prob": 0.410996, "confidence": 0.0866748, "negative_prob": 0.589004, "sentiment": 0}]}, {"text": "【#华为首款折叠屏手机获入网许可#】工信部入网许可中心显示，华为首款折叠屏手机MateX已获入网许可，据此前华为高管透露，这款产品有望于下个月上市。这款获得入网许可的手机型号为TAH-AN00，终端款式为折叠屏幕，尺寸为8英寸，而华为目前已知的折叠手机只有MateX一款。这是华为获得入网许可的第二款5G手机，也是华为首款折叠屏手机。O华为首款折叠屏手机获入网许可", "author": "财经网", "time": "财经网07月22日12:17", "transmit": 27, "comment": 32, "zan": 187, "sentiment": [{"positive_prob": 0.969435, "confidence": 0.932078, "negative_prob": 0.030565, "sentiment": 2}]}, {"text": "【任正非：家人觉得我和特朗普性格相似，都有点强势】7月20日，任正非接受雅虎财经采访时表示，我们从来都欢迎美国方面来华为参观，但一些美国政客不愿来，从门前经过也不进来，别人开会宁愿在外面等着。提到特朗普时，任正非说，家人认为他和特朗普性格相似，都有一点强势。（来源：@老板联播）L老板联播的秒拍视频", "author": "新浪财经", "time": "新浪财经07月22日08:25 来自微博weibo.com", "transmit": 35, "comment": 143, "zan": 393, "sentiment": [{"positive_prob": 0.842478, "confidence": 0.64995, "negative_prob": 0.157522, "sentiment": 2}]}, {"text": "期待已久！中国首款获得5G终端电信设备进网许可证的#华为5G双模手机#华为Mate20X5G版，7月26日发布！​", "author": "华为终端官方微博", "time": "华为终端官方微博07月22日18:47 来自微博weibo.com", "transmit": 713, "comment": 758, "zan": 3180, "sentiment": [{"positive_prob": 0.791063, "confidence": 0.535697, "negative_prob": 0.208937, "sentiment": 2}]}, {"text": "【华春莹成为外交部新闻司司长，华司长，你好！】经典语录：“如果很担心苹果手机被窃听的话，可以改用华为手机”周一上午，外交部官方网站更新，正式公布了此前外交部新闻司司长、外交部发言人陆慷的新去向：外交部北美大洋洲司司长。#华春莹接棒陆慷#值得注意的是，接替陆慷出任新闻司司长的正是此前同为发言人的华春莹。华春莹前不久刚刚结束在中央党校中青班的培训，回到新闻司工作。戳视频，看#华春莹经典问答#！（via深圳卫视）L直新闻的微博视频", "author": "深圳网警", "time": "深圳网警07月22日11:25 来自微博weibo.com", "transmit": 114, "comment": 45, "zan": 1808, "sentiment": [{"positive_prob": 0.967676, "confidence": 0.928169, "negative_prob": 0.0323241, "sentiment": 2}]}, {"text": "准备了很久的#这就是nova舞#终于跟大家见面了自己也编了一部分～大家有没有觉得很酷那就赶紧来battle吧！#华为nova5#你比夜色更美L陈博文-CasterCrew的秒拍视频​", "author": "陈博文-CasterCrew", "time": "陈博文-CasterCrew07月22日03:43 来自nova5Pro人像超级夜景", "transmit": 18, "comment": 63, "zan": 1474, "sentiment": [{"positive_prob": 0.966068, "confidence": 0.924595, "negative_prob": 0.0339323, "sentiment": 2}]}, {"text": "【2009-2019年中美科技企业世界500强排名变化】2019年《财富》世界500强发布，全球十大科技企业中，华为排名第五，京东排名第八。过去10年，中国科技企业在《财富》世界500强的数量逐渐增多，企业排名逐年大幅度提升。L梨视频的微博视频​", "author": "新浪财经", "time": "新浪财经07月22日21:20 来自微博weibo.com", "transmit": 49, "comment": 87, "zan": 147, "sentiment": [{"positive_prob": 0.968151, "confidence": 0.929224, "negative_prob": 0.0318492, "sentiment": 2}]}, {"text": "【鸿蒙的虚实，华为的进退】从任正非冒险签署一系列华为内部改革文件时起，华为的备胎计划已按下启动键。外界最为关心华为是否将放出自主操作系统鸿蒙，但事实上，华为正在以业务底线思维、法律和舆论场绝地反击组合成的通盘策略应对当下的巨大危机，鸿蒙只是其中一环。@财经杂志O鸿蒙的虚实，华为的进退​", "author": "新浪科技", "time": "新浪科技07月22日12:30 来自微博weibo.com", "transmit": 54, "comment": 112, "zan": 378, "sentiment": [{"positive_prob": 0.682965, "confidence": 0.295479, "negative_prob": 0.317035, "sentiment": 2}]}, {"text": "【#中国企业研发投入Top10#】研发投入大起底，盘点中国企业研发投入Top10。第一名华为的研发投入竟超过BAT的研发总和。L知未科技的微博视频​", "author": "知未科技", "time": "知未科技07月22日11:50 来自微博云剪", "transmit": 179, "comment": 132, "zan": 732, "sentiment": [{"positive_prob": 0.589526, "confidence": 0.0878362, "negative_prob": 0.410474, "sentiment": 2}]}, {"text": "超酷炫的#这就是nova舞#大家还喜欢吗？赶快来挑战吧，我等你来battle！#华为nova5#你比夜色更美！LARMY-XCREW-JC俊的秒拍视频​​​", "author": "JC俊1111", "time": "JC俊111107月22日02:34 来自nova5Pro人像超级夜景", "transmit": 12, "comment": 91, "zan": 720, "sentiment": [{"positive_prob": 0.954928, "confidence": 0.899841, "negative_prob": 0.0450716, "sentiment": 2}]}, {"text": "越来越多明星用华为了，这趋势挡不住，甄子丹手中这款黄金版P30pro酷吗？​", "author": "宋敬亭", "time": "宋敬亭07月22日18:17 来自热搜第一推荐", "transmit": 34, "comment": 225, "zan": 1030, "sentiment": [{"positive_prob": 0.70824, "confidence": 0.351645, "negative_prob": 0.29176, "sentiment": 2}]}, {"text": "#轰动日本的天朝黑科技# 国产黑科技爆发年，华为、大疆……逆天袭来，如今又一天朝 #黑科技# 吓呆歪果仁！没想到，我们平常的见怪不怪，竟让日本网红“收下我的膝盖”！O网页链接​", "author": "追风少年刘全有", "time": "追风少年刘全有07月22日19:45 来自微博weibo.com", "transmit": 3620, "comment": 936, "zan": 2331, "sentiment": [{"positive_prob": 0.913886, "confidence": 0.808635, "negative_prob": 0.0861142, "sentiment": 2}]}, {"text": "#微博辟谣##谣言粉碎机##净网2019#【上周谣言榜单新鲜出炉！快来看这些谣言你信了吗？】“新交通法7月15日实施，涉及灭火器安全带等？”这属于旧谣新炒，但开车也要注意安全。“警察打人？”其实是在劝架，“大胆”的网友断章取义，目前受到行政处罚。“联通不支持华为5G？”假！“广东运钞车被劫？”那是警方展开涉假清查。“父亲杀死亲生儿子？”虎毒不食子，警方近一个月都没接到警情。“长江涨潮鳄鱼爬上岸？”爬那么远鳄鱼不嫌累？“三亚大东湾鳄鱼咬人？”画面太血腥了，小深好怕。其实是对鲸鱼救治，而且还是2017年视频，造谣者刚通网吗？“沸沸扬扬马鞍山女子被骚扰?”警方通报女子所说均为编造，目前对女子依法采取刑事强制措施。“当街抢十七八岁男孩偷器官？”其实是熊孩子外出数日不归，家长强行带回家。造谣一张嘴，辟谣跑断腿，谣言万人转，辟谣没人看。兼听则明，偏信则暗，保持理智，谣言自散！拒绝造谣，拒绝传谣！戳图了解一下！@微博辟谣@捉谣记@中国互联网联合辟谣平台@深圳公安@深圳同城", "author": "深圳网警", "time": "深圳网警07月22日13:25 来自微博weibo.com", "transmit": 82, "comment": 35, "zan": 98, "sentiment": [{"positive_prob": 0.186719, "confidence": 0.585069, "negative_prob": 0.813281, "sentiment": 0}]}, {"text": "最美的烟火——夜华为：你也许没见过凌晨四点的洛杉矶，但你一定见过晚上十点的溪流背坡村。万家灯火时，菊厂奋斗中，没有乘风破浪，何来直挂云帆。无悔的奋斗，无悔的青春，这亦是这人间最美的烟火。盛年不重来，一日难再晨。——From孟晚舟​", "author": "华为心声社区", "time": "华为心声社区07月22日20:55", "transmit": 117, "comment": 41, "zan": 308, "sentiment": [{"positive_prob": 0.615425, "confidence": 0.145389, "negative_prob": 0.384575, "sentiment": 2}]}, {"text": "#华为首款折叠屏手机获入网许可#之前获得3C认证一共是6款5G手机，但拿到入网许可的就华为Mate20X5G版、中兴天机10Pro5G版，OPPOReno5G版三款，现在华为MateX5G折叠屏也终于入网～其独特的折叠屏设计，号称“世界上最快的5G手机”，麒麟980+巴龙5000基带，55W超级闪充，前后置通用三摄4000万像素广角（Mate20Pro同款IMX600）＋16MP超广角＋8MP长焦，都是亮点。据说暑期发布，价格估计在15999左右，你觉得折叠屏意义大吗？", "author": "小白测评", "time": "小白测评07月22日12:48", "transmit": 7, "comment": 108, "zan": 537, "sentiment": [{"positive_prob": 0.799231, "confidence": 0.553846, "negative_prob": 0.200769, "sentiment": 2}]}, {"text": "【任正非：华为今年新招6000名员工，将出货2.7亿部手机】7月20日，在雅虎财经专访中任正非提到，华为今年可能生产2.7亿部手机，会买高通1亿片芯片，华为有自主芯片，可以不用高通，但依然选择与他们合作。他称，如果美国公司不再供应，生产也不会停止，相反还会提高产量。L老板联播的秒拍视频​", "author": "新浪科技", "time": "新浪科技07月22日17:20 来自微博weibo.com", "transmit": 34, "comment": 149, "zan": 363, "sentiment": [{"positive_prob": 0.844122, "confidence": 0.653604, "negative_prob": 0.155878, "sentiment": 2}]}, {"text": "【任正非：产品越先进风险越低，华为今年新招6000名员工，将出货2.7亿部手机】7月20日，在雅虎财经专访中任正非提到，华为今年可能生产2.7亿部手机，会买高通1亿片的芯片，华为有自主芯片，可以不用高通，但依然选择与他们合作。他称，如果美国公司不再供应，生产也不会止，相反还会提高产量。@老板联播L老板联播的秒拍视频", "author": "梨视频", "time": "梨视频07月22日10:21 来自微博weibo.com", "transmit": 28, "comment": 64, "zan": 283, "sentiment": [{"positive_prob": 0.627052, "confidence": 0.171227, "negative_prob": 0.372948, "sentiment": 2}]}, {"text": "王跃琨：以后不再评测华为手机。。。。。​", "author": "科技新一", "time": "科技新一07月22日11:45", "transmit": 97, "comment": 822, "zan": 4523, "sentiment": [{"positive_prob": 0.159027, "confidence": 0.646608, "negative_prob": 0.840973, "sentiment": 0}]}, {"text": "7nm工艺旗舰级芯片麒麟810，4800万夜拍···明天14:30，我们一起揭晓#荣耀9X#系列记得锁定花花的图文直播哦想看视频直播的小可爱还可以上华为视频观看：O网页链接​", "author": "花粉俱乐部", "time": "花粉俱乐部07月22日15:27 来自微博weibo.com", "transmit": 220, "comment": 224, "zan": 513, "sentiment": [{"positive_prob": 0.932523, "confidence": 0.850051, "negative_prob": 0.067477, "sentiment": 2}]}, {"text": "华为手机，你是我的骄傲，华为手机，我为你自豪L科技新一的微博视频​", "author": "科技新一", "time": "科技新一07月22日08:42", "transmit": 307, "comment": 573, "zan": 4308, "sentiment": [{"positive_prob": 0.84458, "confidence": 0.654622, "negative_prob": 0.15542, "sentiment": 2}]}, {"text": "【央视也主动入伍华为“自来水”大军了】继中国海、陆、空三军；以及刘德华、刘涛、蔡少芬、沈腾、郑恺等众多娱乐圈大咖之后，近日，央视也主动对最近发布的华为麒麟810芯片和即将于八月发布的荣耀智慧屏做了报道，成为华为科技品牌的新晋“自来水”成员。也许这就是华为科技品牌的力量和号召力，以及各行各业对民族科技的渴望与呼唤吧。", "author": "价值投资日志", "time": "价值投资日志07月22日21:03 来自iPhoneX", "transmit": 26, "comment": 322, "zan": 1348, "sentiment": [{"positive_prob": 0.974186, "confidence": 0.942636, "negative_prob": 0.0258137, "sentiment": 2}]}, {"text": "智慧5G，联接未来！中国首款获得5G终端电信设备进网许可证的#华为5G双模手机#HUAWEIMate20X5G版，7月26日发布！​", "author": "华为手机", "time": "华为手机07月22日19:19 来自HUAWEIMate20Pro", "transmit": 124, "comment": 291, "zan": 1207, "sentiment": [{"positive_prob": 0.814218, "confidence": 0.58715, "negative_prob": 0.185782, "sentiment": 2}]}, {"text": "一个疑问：华为的指关节交互为啥一直没人抄呢​", "author": "程远Cherio", "time": "程远Cherio07月22日13:46 来自5GAndroid", "transmit": 60, "comment": 857, "zan": 4226, "sentiment": [{"positive_prob": 0.455496, "confidence": 0.109928, "negative_prob": 0.544504, "sentiment": 1}]}, {"text": "网友曝光的华为Nova5iPro真机照和Mate20系列一样的翡冷翠纹理，但变身浴霸4摄（4800W＋800W＋200W＋200W），LCD挖孔屏，后置指纹，下巴稍宽，质感相比Mate差了些。据之前消息，其搭载麒麟810，前置3200万像素，4000毫安时电池。就是不知道什么时候发布了～感觉Nova产品线稍有点乱配图源水印", "author": "小白测评", "time": "小白测评07月22日14:08", "transmit": 9, "comment": 133, "zan": 349, "sentiment": [{"positive_prob": 0.044659, "confidence": 0.900758, "negative_prob": 0.955341, "sentiment": 0}]}, {"text": "《财富》杂志发布了最新的世界500强企业排名。Apple位列第11位，三星第15。微软与华为分别第60、61位，小米首次上榜，排名第468名。九年时间小米就进入了世界500强名单，表现还是非常值得肯定的。​", "author": "科技美学", "time": "科技美学07月22日14:38 来自微博weibo.com", "transmit": 24, "comment": 302, "zan": 1905, "sentiment": [{"positive_prob": 0.994048, "confidence": 0.986774, "negative_prob": 0.0059517, "sentiment": 2}]}]