[{"text": "#华为P30发布会#正式开始，虽说真机曝光不少，但还是看点颇多！4000万徕卡镜头有哪些玩法？后置镜头能实现几倍变焦？外观有没有其他惊喜？华为真的稳了吗？关注@新浪手机收看#浪人TV#直播，揭晓#华为发布P30#的秘密。转发评论本微博并@三位好友，我们抽一名送华为降噪耳机。新浪手机的微博直播.", "author": "新浪手机", "time": "新浪手机03月26日21:01 来自微博网页版", "transmit": 2820, "comment": 15904, "zan": 119737, "sentiment": [{"positive_prob": 0.973658, "confidence": 0.941462, "negative_prob": 0.0263422, "sentiment": 2}]}, {"text": "#华为P30发布会#华为P30和P30Pro均支持「双景录像功能」可以同时录制广角和长焦画面，旨在提供导播级视频拍摄体验，你们认为这个功能实用吗？@爱范儿L华为手机的秒拍视频​", "author": "新浪视频", "time": "新浪视频03月26日22:50 来自微博weibo.com", "transmit": 632, "comment": 1185, "zan": 3155, "sentiment": [{"positive_prob": 0.985677, "confidence": 0.968172, "negative_prob": 0.0143227, "sentiment": 2}]}, {"text": "【#华为diss苹果#跟友商比我们更窄也更轻】3月26日，在#华为P30发布会#上，余承东现场diss苹果，称华为两款新手机与苹果相比，宽度更窄更紧凑，握持非常便利，华为的手机电池更大，但是重量却更轻。华为的大屏手机比苹果的小屏手机还要轻。@五环短视频http://t.cn/EJoZkXy​​​", "author": "凤凰网财经", "time": "凤凰网财经03月26日22:05", "transmit": 368, "comment": 5498, "zan": 3141, "sentiment": [{"positive_prob": 0.934271, "confidence": 0.853935, "negative_prob": 0.0657292, "sentiment": 2}]}, {"text": "#华为P30#系列全球发布会就要开始啦，O今晚21:00，锁定@华为手机，精彩马上呈现！【转评发布会微博，我们将从转发量最高的直播微博中抽取粉丝1名赠送HUAWEIP30Pro一部(颜色随机)】​", "author": "华为手机", "time": "华为手机03月26日19:35 来自HUAWEIP30Pro", "transmit": 2985, "comment": 1903, "zan": 1009, "sentiment": [{"positive_prob": 0.97689, "confidence": 0.948644, "negative_prob": 0.0231102, "sentiment": 2}]}, {"text": "#看首发，来ZEALER！#去年发布的华为P20系列手机登顶DxOMark榜首，一举成为拍照旗舰。今晚，华为P30系列手机在法国巴黎正式发布，此次P30Pro加入第四颗搭载10倍混合变焦的潜望式摄像头，数码变焦更是可以达到惊人的50倍，加持更时尚的外观和配色，40W的超级快充。接下来，一起来看@王自如ZEALER从巴黎现场带来的新鲜上手吧！LZEALER中国的秒拍视频", "author": "ZEALER中国", "time": "ZEALER中国03月26日23:20 来自微博weibo.com", "transmit": 1811, "comment": 910, "zan": 3252, "sentiment": [{"positive_prob": 0.987212, "confidence": 0.971582, "negative_prob": 0.0127883, "sentiment": 2}]}, {"text": "【魅力四摄耀世而生】探索美的边界，造就强大力量；未来影像，由此开启，快戳视频了解#华为P30#系列吧~【转评发布会微博，我们将从转发量最高的直播微博中抽取粉丝1名赠送HUAWEIP30Pro一部(颜色随机)】L华为终端公司的微博视频​", "author": "华为手机", "time": "华为手机03月26日22:17 来自微博weibo.com", "transmit": 2370, "comment": 1343, "zan": 1060, "sentiment": [{"positive_prob": 0.963295, "confidence": 0.918433, "negative_prob": 0.036705, "sentiment": 2}]}, {"text": "还没结束！10秒疾速体验#华为P30#Pro超感光徕卡四摄带来的未来影像！【关注并带话题#华为P30#转发系列直播微博，我们将从转发量最高的微博中随机抽3位粉丝各赠送华为P30Pro一台（颜色随机），截止4月14日13:00】L华为终端官方微博的秒拍视频​", "author": "华为终端官方微博", "time": "华为终端官方微博03月26日22:55 来自秒拍网页版", "transmit": 45181, "comment": 2781, "zan": 2660, "sentiment": [{"positive_prob": 0.950895, "confidence": 0.890878, "negative_prob": 0.0491049, "sentiment": 2}]}, {"text": "想全面了解我们的新产品#华为P30#系列，看这张图就够了！​", "author": "余承东", "time": "余承东03月26日23:41 来自HUAWEIP30Pro", "transmit": 572, "comment": 2032, "zan": 3535, "sentiment": [{"positive_prob": 0.72589, "confidence": 0.390866, "negative_prob": 0.27411, "sentiment": 2}]}, {"text": "华为P30PRO拆包儿#小报告#，了解一下～L陈震同学的微博视频​", "author": "陈震同学", "time": "陈震同学03月26日23:03 来自HUAWEIP30Pro", "transmit": 153, "comment": 520, "zan": 1422, "sentiment": [{"positive_prob": 0.705602, "confidence": 0.345782, "negative_prob": 0.294398, "sentiment": 2}]}, {"text": "一切准备就绪，我们会场见！#华为P30#​", "author": "余承东", "time": "余承东03月26日20:15 来自HUAWEIP30Pro", "transmit": 184, "comment": 854, "zan": 3034, "sentiment": [{"positive_prob": 0.63276, "confidence": 0.183912, "negative_prob": 0.36724, "sentiment": 2}]}, {"text": "#华为P30发布会#余承东展示的样张中，三星Galaxy系列手机拍不到Galaxy（银河系），而华为P30Pro能够做到。L新浪科技的秒拍视频​", "author": "每日经济新闻", "time": "每日经济新闻03月26日23:48 来自搜狗高速浏览器", "transmit": 59, "comment": 151, "zan": 230, "sentiment": [{"positive_prob": 0.939022, "confidence": 0.864494, "negative_prob": 0.0609777, "sentiment": 2}]}, {"text": "【华为P30Pro&P30手机正式发布】#华为P30Pro#搭载6.47英寸OLED屏幕，支持HDR&P3广色域，内置麒麟980处理器，8GBRAM，4200mAh，支持40W有线快充和15W无线快充以及无线反向充电，支持IP68级别防水防尘。前置3200万像素自拍镜头，后置「徕卡四摄」4000万像素主摄像头+800万像素五倍无损变焦镜头+2000万像素超广角镜头+ToF深度感知镜头，支持双光学防抖。#华为P30#搭载6.1英寸OLED屏幕，支持HDR&P3广色域，内置麒麟980处理器，6GBRAM，3650mAh，支持22W有线快充和无线反向充电，支持IP53级别防水防尘。前置3200万像素自拍镜头，后置「徕卡三摄」4000万像素主摄像头+800万像素三倍光学变焦镜头+1600万像素超广角镜头，支持双光学防抖。#华为P30发布会#", "author": "爱范儿", "time": "爱范儿03月26日22:29 来自微博weibo.com", "transmit": 232, "comment": 1037, "zan": 1079, "sentiment": [{"positive_prob": 0.981503, "confidence": 0.958895, "negative_prob": 0.0184974, "sentiment": 2}]}, {"text": "【苹果史上最“软”发布会后华为连夜发文：感谢暖场】#苹果发布会后华为感谢暖场#刚刚过去的发布会上，苹果发布了AppleCard、AppleNews+和AppleTV等一系列服务，被调侃为苹果最“软”的一届发布会。之后华为发博，表示感谢苹果方面暖场，并向网友喊话，“现在该去真正的压轴活动了”。O苹果史上最“软”发布会后华为连夜发文：感谢暖场", "author": "新浪新闻", "time": "新浪新闻03月26日13:10 来自专业版微博平台", "transmit": 48, "comment": 225, "zan": 223, "sentiment": [{"positive_prob": 0.975496, "confidence": 0.945546, "negative_prob": 0.0245042, "sentiment": 2}]}, {"text": "巴黎，一座古典与艺术交织的城市。今晚21:00，世界将聚焦于此，见证#华为P30#系列用科技突破经典，改写影像规则！你准备好了吗？​​​​", "author": "华为终端官方微博", "time": "华为终端官方微博03月26日19:08 来自微博weibo.com", "transmit": 260, "comment": 234, "zan": 834, "sentiment": [{"positive_prob": 0.948982, "confidence": 0.886627, "negative_prob": 0.051018, "sentiment": 2}]}, {"text": "影像新生，重制规则。九张图带大家了解今天发布的#华为P30#系列！​", "author": "华为何刚", "time": "华为何刚03月26日22:42 来自HUAWEIP30Pro", "transmit": 72, "comment": 125, "zan": 273, "sentiment": [{"positive_prob": 0.613355, "confidence": 0.140788, "negative_prob": 0.386645, "sentiment": 2}]}, {"text": "#华为P30发布会#华为P30和P30Pro均支持「双景录像功能」，可以同时录制广角和长焦画面，旨在提供导播级视频拍摄体验，你们认为这个功能实用吗？L华为手机的秒拍视频​", "author": "爱范儿", "time": "爱范儿03月26日21:57 来自微博weibo.com", "transmit": 217, "comment": 453, "zan": 3043, "sentiment": [{"positive_prob": 0.981584, "confidence": 0.959076, "negative_prob": 0.018416, "sentiment": 2}]}, {"text": "【华为P30Pro&P30真机上手图赏】Engadget已经提前上手了华为P30Pro和华为P30，让我们先来看看真机图赏吧。（图片来自Engadget）#华为P30发布会#​", "author": "爱范儿", "time": "爱范儿03月26日22:59 来自微博weibo.com", "transmit": 35, "comment": 235, "zan": 334, "sentiment": [{"positive_prob": 0.761957, "confidence": 0.471016, "negative_prob": 0.238043, "sentiment": 2}]}, {"text": "【手机车钥匙便捷出行新体验】无需实体车钥匙，#华为P30#系列推出手机车钥匙功能，只需手机即可打开车门、发动汽车引擎、锁车，畅享便捷出行新体验。【转评发布会微博，我们将从转发量最高的直播微博中抽取粉丝1名赠送HUAWEIP30Pro一部(颜色随机)】L华为手机的秒拍视频​", "author": "华为手机", "time": "华为手机03月26日22:11 来自微博weibo.com", "transmit": 1461, "comment": 810, "zan": 645, "sentiment": [{"positive_prob": 0.95728, "confidence": 0.905066, "negative_prob": 0.0427202, "sentiment": 2}]}, {"text": "#华为P30发布会#刚刚结束，前方小哥哥就为大家带来了P30系列手机实拍图赏，我们先睹为快！上手视频和详细评测稍后奉上！O网页链接​", "author": "新浪手机", "time": "新浪手机03月26日22:55 来自微博weibo.com", "transmit": 75, "comment": 189, "zan": 245, "sentiment": [{"positive_prob": 0.945828, "confidence": 0.879618, "negative_prob": 0.0541719, "sentiment": 2}]}, {"text": "【一景双画好“视”成双】#华为P30#系列全新双景录像功能，能够同时记录全景与特写画面，导播级视野体验，耳目一新的玩法，为拍摄增添更多趣味！【转评发布会微博，我们将从转发量最高的直播微博中抽取粉丝1名赠送HUAWEIP30Pro一部(颜色随机)】L华为手机的秒拍视频​", "author": "华为手机", "time": "华为手机03月26日21:53 来自微博weibo.com", "transmit": 1275, "comment": 642, "zan": 623, "sentiment": [{"positive_prob": 0.976037, "confidence": 0.94675, "negative_prob": 0.0239627, "sentiment": 2}]}, {"text": "【华为新机发布！P30拍照到底如何？】北京时间3月26日晚，华为发布新品P30，问鼎全球手机拍照专业评测机构DXOMark榜单第一，DXO总得分112，展现过硬实力。​", "author": "环球时报", "time": "环球时报03月26日22:20 来自微博weibo.com", "transmit": 260, "comment": 520, "zan": 697, "sentiment": [{"positive_prob": 0.94739, "confidence": 0.88309, "negative_prob": 0.0526096, "sentiment": 2}]}, {"text": "【重构光影暗光革新】颠覆光，重构影。突破40多年RGGB技术传统，#华为P30#系列首创全新RYYB传感器设计，以黄色像素替换三原色中的绿色像素，进光量提升40%，无论白天黑夜，都能拍出动人景色。【转评发布会微博，我们将从转发量最高的直播微博中抽取粉丝1名赠送HUAWEIP30Pro一部(颜色随机)】L华为手机的秒拍视频", "author": "华为手机", "time": "华为手机03月26日21:24 来自微博weibo.com", "transmit": 1098, "comment": 575, "zan": 413, "sentiment": [{"positive_prob": 0.963852, "confidence": 0.919671, "negative_prob": 0.0361479, "sentiment": 2}]}, {"text": "王自如带你直击华为P30发布会现场！#华为P30#@ZEALER中国的一直播（下载App->O网页链接）​", "author": "ZEALER中国", "time": "ZEALER中国03月26日20:46 来自一直播主站", "transmit": 53, "comment": 1317, "zan": 2095, "sentiment": [{"positive_prob": 0.864743, "confidence": 0.69943, "negative_prob": 0.135257, "sentiment": 2}]}, {"text": "【直播|期待！华为P30系列新品发布会来袭】#华为发布会#北京时间3月26日21:00，华为在巴黎会议中心进行P30系列新品发布会。这次发布会不只是华为P30系列，还有新款手表和耳机。关注@1站视频一起直击这场新品发布会吧。@东方网1站视频的微博直播.​", "author": "1站视频", "time": "1站视频03月26日20:55 来自微博网页版", "transmit": 112, "comment": 1854, "zan": 9070, "sentiment": [{"positive_prob": 0.937256, "confidence": 0.860568, "negative_prob": 0.0627442, "sentiment": 2}]}, {"text": "【AR测量方寸即现】HUAWEIP30Pro支持AR测量功能，是你的随身测量小工具，轻松操作，即可获得物体长度、面积、体积；配合人脸识别技术，更能自动测量人体身高！【转评发布会微博，我们将从转发量最高的直播微博中抽取粉丝1名赠送HUAWEIP30Pro一部(颜色随机)】L华为手机的秒拍视频​", "author": "华为手机", "time": "华为手机03月26日22:08 来自微博weibo.com", "transmit": 1096, "comment": 586, "zan": 597, "sentiment": [{"positive_prob": 0.967412, "confidence": 0.927583, "negative_prob": 0.0325876, "sentiment": 2}]}, {"text": "#东京小日子#在家附近找了间小小的hairsalon做头发，里面就像日本森系杂志里那样养满了绿植，装饰着店主朋友的绘画作品，环境让人赏心悦目。染头发的时候发型师小哥给我一个平板看杂志，竟然用的是华为，真是给国货长脸啊​", "author": "腻腻ninitalk的小世界", "time": "腻腻ninitalk的小世界03月26日13:24 来自iPhone8Plus", "transmit": 17, "comment": 188, "zan": 586, "sentiment": [{"positive_prob": 0.959053, "confidence": 0.909008, "negative_prob": 0.0409466, "sentiment": 2}]}, {"text": "【华为又第一！网友：厉害了！】华为在巴黎的全球发布会上公布了华为P30拍照在某专业测评网站得分，以112分的成绩成为全球第一拍照手机！HUAWEIP30系列拥有全球首创的超感光徕卡四摄，值得期待。​", "author": "新京报", "time": "新京报03月26日22:13 来自微博weibo.com", "transmit": 84, "comment": 315, "zan": 558, "sentiment": [{"positive_prob": 0.991089, "confidence": 0.980197, "negative_prob": 0.00891151, "sentiment": 2}]}, {"text": "华为P30Pro图赏，美不美？​", "author": "C科技", "time": "C科技03月26日22:10 来自三星GalaxyS10+", "transmit": 48, "comment": 147, "zan": 240, "sentiment": [{"positive_prob": 0.39352, "confidence": 0.12551, "negative_prob": 0.60648, "sentiment": 0}]}, {"text": "最后压轴发了一款眼镜，没人想到吧，@华为何刚带的这款帅不？2法国·巴黎​", "author": "李小龙Bruce_Lee", "time": "李小龙Bruce_Lee03月26日22:44 来自HUAWEIP30Pro", "transmit": 169, "comment": 144, "zan": 199, "sentiment": [{"positive_prob": 0.814239, "confidence": 0.587197, "negative_prob": 0.185761, "sentiment": 2}]}, {"text": "【华为巴黎发布新品手机P30】就在刚刚，华为P30拍照功能在DXO得分出炉，成为全球第一拍照手机。之前排在第一的分别是华为P20Pro和Mate20Pro。​", "author": "中国新闻周刊", "time": "中国新闻周刊03月26日22:08", "transmit": 214, "comment": 315, "zan": 2045, "sentiment": [{"positive_prob": 0.968561, "confidence": 0.930135, "negative_prob": 0.0314392, "sentiment": 2}]}]