[{"text": "【#任正非感谢特朗普#“救”华为：他一吓唬员工都努力工作了】10月24日，华为心声社区发布任正非接受北欧媒体采访纪要。在谈到美国总统特朗普时，任正非表示，其实我很感谢特朗普，因为华为公司经历三十年，绝大多数员工开始富裕了，有一种富裕病就是惰怠、享受安逸。再经历一段时间，公司就会垮了。L燃新闻的秒拍视频", "author": "新浪视频", "time": "新浪视频10月25日10:50 来自专业版微博", "transmit": 1202, "comment": 116, "zan": 34415, "sentiment": [{"positive_prob": 0.984945, "confidence": 0.966545, "negative_prob": 0.0150547, "sentiment": 2}]}, {"text": "#任正非感谢特朗普#【“任正非：感谢特朗普，他一吓唬公司，大家都努力工作了】华为“心声社区”24日公布了任正非接受北欧媒体采访的纪要。任正非在采访时被多次问及有关特朗普的问题，他说自己很感谢特朗普。“因为华为公司经历三十年，绝大多数员工开始富裕了，有一种富裕病就是惰怠、享受安逸。任正非说，以前是我吓唬大家，但是我的棒子不够厉害，特朗普棒子大，一吓唬，大家都真真实实努力工作了。”还有记者提问如果特朗普说想参观华为，见任正非是否会同意时，任正非不仅回答可以，还说“我会拥抱他的”，“如果想看我办公室，更欢迎他去看一看，但是没有他的办公室漂亮”。O任正非：感谢特朗普，他一吓唬公司，大家都努力工作了L燃新闻的秒拍视频视频：燃新闻", "author": "环球网", "time": "环球网10月25日14:20", "transmit": 439, "comment": 337, "zan": 9942, "sentiment": [{"positive_prob": 0.988343, "confidence": 0.974095, "negative_prob": 0.0116573, "sentiment": 2}]}, {"text": "【#孟晚舟为任正非过生日##任正非感谢特朗普#：他一吓唬大家，都努力工作了】10月24日，华为心声社区发布任正非接受北欧媒体采访纪要，采访日期为10月15日。任正非提到，特朗普拿棒子一打，大家都紧张了，要努力生产，努力“种地”，没有垮下去，让公司的销售收入反而增长了，这是大家努力的结果。任正非表示，在这一点，我并不认为特朗普不好，他吓唬一下公司，大家都怕了。以前是我吓唬大家，但是我的棒子不够厉害，特朗普棒子大，一吓唬，大家都真真实实努力工作了。你认为特朗普看到这条消息会怎样？你认为特朗普看到这条消息会怎样？", "author": "工业科技迷", "time": "工业科技迷10月25日12:35", "transmit": 74, "comment": 217, "zan": 33226, "sentiment": [{"positive_prob": 0.172744, "confidence": 0.616124, "negative_prob": 0.827256, "sentiment": 0}]}, {"text": "#孟晚舟为任正非过生日#【任正非生日，孟晚舟发朋友圈祝贺：等我回来】10月25日是华为创始人任正非的生日。当日上午，华为“心声社区”贴出其女孟晚舟朋友圈的最新截图。在这条朋友圈中，孟晚舟用排比句“父爱如高山、如天空、如大海”以表达对父爱的感谢，并祝父亲任正非“生日快乐”。这条朋友圈还附上了一张孟晚舟的照片和署名“猪儿”(孟晚舟)致“老爸”的信。孟晚舟在生日贺信中说，往年他的生日他们“都会团聚在一起”，但遗憾“今年无法陪在他的身边”。“都请你欠着，等我回来。亲爱的老爸，生日快乐!”O任正非生日，孟晚舟发朋友圈祝贺：等我回来#孟晚舟朋友圈##任正非生日孟晚舟祝贺#", "author": "环球网", "time": "环球网10月25日10:40 来自微博weibo.com", "transmit": 339, "comment": 300, "zan": 3696, "sentiment": [{"positive_prob": 0.969244, "confidence": 0.931653, "negative_prob": 0.0307563, "sentiment": 2}]}, {"text": "【#任正非感谢特朗普#：他一吓唬大家，都努力工作了】10月24日，华为心声社区发布任正非接受北欧媒体采访纪要，采访日期为10月15日。任正非提到，特朗普拿棒子一打，大家都紧张了，要努力生产，努力“种地”，没有垮下去，让公司的销售收入反而增长了，这是大家努力的结果。任正非表示，在这一点，我并不认为特朗普不好，他吓唬一下公司，大家都怕了。以前是我吓唬大家，但是我的棒子不够厉害，特朗普棒子大，一吓唬，大家都真真实实努力工作了。全文>>O任正非：感谢特朗普，他一吓唬大家，都努力工作了", "author": "新浪财经", "time": "新浪财经10月25日09:34 来自微博weibo.com", "transmit": 254, "comment": 186, "zan": 9678, "sentiment": [{"positive_prob": 0.804458, "confidence": 0.565462, "negative_prob": 0.195542, "sentiment": 2}]}, {"text": "#孟晚舟为任正非过生日#【孟晚舟发朋友圈祝任正非生日快乐：父爱如海，永恒而深邃】10月25日，华为首席财务官孟晚舟在朋友圈祝父亲任正非生日快乐，孟晚舟附上自己的亲笔信，称往年任正非生日都会催促家人回家，今年无法陪伴，希望等她回来再还。并表示“父爱如高山，巍峨而绵延；父爱如天空，深远而宽厚；父爱如大海，永恒而深邃（只是偶尔会咆哮）”。O孟晚舟发朋友圈祝任正非生日快乐：父爱如海，永恒而深邃", "author": "每日经济新闻", "time": "每日经济新闻10月25日11:55 来自搜狗高速浏览器", "transmit": 118, "comment": 190, "zan": 1372, "sentiment": [{"positive_prob": 0.98326, "confidence": 0.962801, "negative_prob": 0.0167398, "sentiment": 2}]}, {"text": "#孟晚舟发朋友圈为任正非庆生#【任正非75岁生日，孟晚舟发朋友圈：等我回来】10月25日是华为创始人任正非75岁的生日。华为“心声社区”贴出其女孟晚舟朋友圈的最新截图。滞留加拿大的孟晚舟写道：父爱如高山、如天空、如大海，还调侃父亲偶尔会咆哮。同时晒出了手写的一封信，回忆过往为父亲庆生的场景。“今年女儿无法陪在你的身边，尝你的饭菜，听你的唠叨...这些都请你先欠着，等我回来，你再慢慢地还哈！”", "author": "中国日报", "time": "中国日报10月25日15:29 来自微博weibo.com", "transmit": 91, "comment": 96, "zan": 931, "sentiment": [{"positive_prob": 0.558371, "confidence": 0.0186015, "negative_prob": 0.441629, "sentiment": 2}]}, {"text": "【#任正非感谢特朗普#“救”华为：他一吓唬员工都努力工作了】10月24日，华为心声社区发布任正非接受北欧媒体采访纪要。在谈到美国总统特朗普时，任正非表示，其实我很感谢特朗普，因为华为公司经历三十年，绝大多数员工开始富裕了，有一种富裕病就是惰怠、享受安逸。再经历一段时间，公司就会垮了。L燃新闻的秒拍视频", "author": "每日经济新闻", "time": "每日经济新闻10月25日13:42 来自搜狗高速浏览器", "transmit": 114, "comment": 113, "zan": 1131, "sentiment": [{"positive_prob": 0.984945, "confidence": 0.966545, "negative_prob": 0.0150547, "sentiment": 2}]}, {"text": "【任正非：感谢特朗普，他一吓唬大家，都努力工作了】10月24日，华为心声社区发布任正非接受北欧媒体采访纪要。在谈到美国总统特朗普时，任正非表示，其实我很感谢特朗普，因为华为公司经历三十年，绝大多数员工开始富裕了，有一种富裕病就是惰怠、享受安逸。再经历一段时间，公司就会垮了。任正非提到，特朗普拿棒子一打，大家都紧张了，要努力生产，努力“种地”，没有垮下去，让公司的销售收入反而增长了，这是大家努力的结果。任正非向记者表示，在这一点，我并不认为特朗普不好，他吓唬一下公司，大家都怕了。以前是我吓唬大家，但是我的棒子不够厉害，特朗普棒子大，一吓唬，大家都真真实实努力工作了。此外，任正非还说到，如果特朗普想来华为看一看，他会拥抱特朗普的。O任正非：感谢特朗普，他一吓唬大家，都努力工作了", "author": "观察者网", "time": "观察者网10月25日09:30 来自微博weibo.com", "transmit": 721, "comment": 791, "zan": 14486, "sentiment": [{"positive_prob": 0.869971, "confidence": 0.711046, "negative_prob": 0.130029, "sentiment": 2}]}, {"text": "【#孟晚舟发朋友圈祝任正非生日快乐#：女儿无法陪在你的身边......】10月25日是华为创始人任正非生日，其女儿孟晚舟在朋友圈发文：父爱如高山，巍峨而绵延......父爱如天空，深远而宽厚......父爱如大海，永恒而深邃（只是偶尔会咆哮）......孟晚舟同时还配了一张图，图上自己的照片和一封写给任正非的信。信中提到：“今年，女儿无法陪在你的身边......这些都请你先欠着哈。等我回来，你再慢慢地还哈！”#孟晚舟祝任正非生日快乐#O孟晚舟发朋友圈祝贺父亲任正非生日快乐", "author": "新浪财经", "time": "新浪财经10月25日09:13 来自微博weibo.com", "transmit": 146, "comment": 81, "zan": 826, "sentiment": [{"positive_prob": 0.784826, "confidence": 0.521837, "negative_prob": 0.215174, "sentiment": 2}]}, {"text": "【#任正非感谢特朗普#：他一吓唬大家，都努力工作了】10月24日，华为心声社区发布任正非接受北欧媒体采访纪要。在谈到美国总统特朗普时，任正非表示，其实我很感谢特朗普，因为华为公司经历三十年，绝大多数员工开始富裕了，有一种富裕病就是惰怠、享受安逸。再经历一段时间，公司就会垮了。特朗普拿棒子一打，大家都紧张了，要努力生产，销售收入反而增长了，这是大家努力的结果。此前任正非接受英国天空新闻台和财富杂志采访时也“感谢”特朗普，称特朗普是公司改革的倒逼师。这一年来公司焕发了青春，人人都非常努力。现在最大的问题是供应不过来。L老板联播的微博视频", "author": "老板联播", "time": "老板联播10月25日12:04 来自微博weibo.com", "transmit": 171, "comment": 190, "zan": 3856, "sentiment": [{"positive_prob": 0.983568, "confidence": 0.963485, "negative_prob": 0.0164319, "sentiment": 2}]}, {"text": "#孟晚舟为任正非过生日#今天是任正非75岁生日，孟晚舟发朋友圈祝任正非生日快乐，还写了一封真挚的信。从图片上看出，孟晚舟脚上还带有电子监控装置。今年华为是多事之秋，但是都挺过来了，不容易啊。再夸一句，字写的真好....​", "author": "IT观察猿", "time": "IT观察猿10月25日13:21", "transmit": 238, "comment": 262, "zan": 2769, "sentiment": [{"positive_prob": 0.988746, "confidence": 0.974992, "negative_prob": 0.0112535, "sentiment": 2}]}, {"text": "【#孟晚舟祝任正非生日快乐#】10月25日是华为创始人任正非生日，其女儿孟晚舟在朋友圈发文：父爱如高山，巍峨而绵延......父爱如天空，深远而宽厚......父爱如大海，永恒而深邃（只是偶尔会咆哮）......孟晚舟同时还配了一张图，图上自己的照片和一封写给任正非的信。信中提到：“今年，女儿无法陪在你的身边......这些都请你先欠着哈。等我回来，你再慢慢地还哈！”#任正非75岁生日#O孟晚舟发朋友圈，祝贺父亲任正非生日快乐", "author": "凤凰网财经", "time": "凤凰网财经10月25日09:42 来自微博weibo.com", "transmit": 68, "comment": 112, "zan": 653, "sentiment": [{"positive_prob": 0.929756, "confidence": 0.843902, "negative_prob": 0.0702443, "sentiment": 2}]}, {"text": "华为任正非今天75岁生日，女儿孟晚舟朋友圈写信祝福，落款猪儿。字写得漂亮吧？从照片可以看到，孟晚舟面带笑容，但脚上依然佩戴者电子监控设备。去年12月，孟晚舟在加拿大温哥华转机时，被加拿大当局代表美国政.府暂时扣留。随后被保释，但需遵守一系列条件，其中之一是她需要佩戴GPS卫星定位的监控设备，并有专人负责24小时监视她。今年1月，任正非接受媒体采访时曾说：“我非常想念我的女儿。”他还说：“我与女儿现在就是打打电话，电话上也仅仅是讲讲笑话，晚舟也很坚强。”任正非：感谢特朗普因为华为公司经历三十年，绝大多数员工开始富裕了，有一种富裕病就是惰怠、享受安逸。再经历一段时间，公司就会垮了。感谢特朗普“救”华为：他一吓唬员工都努力工作了。", "author": "容操燕", "time": "容操燕10月25日11:49 来自微博weibo.com", "transmit": 134, "comment": 118, "zan": 1739, "sentiment": [{"positive_prob": 0.98409, "confidence": 0.964644, "negative_prob": 0.0159104, "sentiment": 2}]}, {"text": "#每经整点播#【每经19点丨习近平：把区块链作为核心技术自主创新重要突破口；华为获颁中国首个5G基站设备进网许可证；农行、保利地产、顺丰控股等披露三季报】1、习近平：把区块链作为核心技术自主创新的重要突破口。据新华社报道，中共中央政治局10月24日下午就区块链技术发展现状和趋势进行第十八次集体学习。中共中央总书记习近平在主持学习时强调，区块链技术的集成应用在新的技术革新和产业变革中起着重要作用。我们要把区块链作为核心技术自主创新的重要突破口，明确主攻方向，加大投入力度，着力攻克一批关键核心技术，加快推动区块链技术和产业创新发展。2、#iPhone11一个月卖出1200万部#平均一天40万部。苹果再次剧情反转，被吐槽的浴霸镜头成了热卖产品。据外媒报道，分析师称iPhone11开卖一个月后已售出1200多万部，较去年的iPhoneXR同期销量增长15%，而价格较高的iPhone11Pro和iPhone11ProMax的产量将被削减约200万部，10月25日，苹果股价更是创新高，总市值超微软亚马逊位列全球第一。3、华为获颁中国首个5G无线电通信设备进网许可证。华为官网消息，近日，工业和信息化部颁发中国首个5G无线电通信设备进网许可证。华为率先获得首张5G基站设备的进网许可证，标志着华为5G基站设备可以支持中国规模部署，正式接入公用电信商用网络。华为5G设备采用MassiveMIMO技术，实现全场景的5G网络覆盖和容量提升需求，为用户带来极致的超高清视频、AR/VR等5G增强移动宽带（eMBB）业务体验；该设备同时也支持NSA和SA网络架构。O网页链接O每经19点丨习近平：把区块链作为核心技术自主创新重要突破口", "author": "每日经济新闻", "time": "每日经济新闻10月25日19:03 来自微博weibo.com", "transmit": 84, "comment": 46, "zan": 220, "sentiment": [{"positive_prob": 0.969514, "confidence": 0.932253, "negative_prob": 0.0304859, "sentiment": 2}]}, {"text": "#早读新京报#A02：#英国一货车内现39具中国人尸体#“夺命集装箱”悲剧何以一再发生；A12：《关于适用认罪认罚从宽制度的指导意见》出台，对认罪认罚从宽应当坚持的基本原则、适用范围和适用条件、“从宽”的把握等进行了详细规范；A13：#新京报X调查#“极客修”用假华为配件被查涉案3亿；B01：中国营商环境排名提升15位；C01:好莱坞制片人权力榜，稳居榜首的是她。O2019年10月25日星期五", "author": "新京报", "time": "新京报10月25日08:33 来自Weibo.intl", "transmit": 13, "comment": 42, "zan": 169, "sentiment": [{"positive_prob": 0.381981, "confidence": 0.151152, "negative_prob": 0.618019, "sentiment": 0}]}, {"text": "卧槽，TCL这个三折叠屏牛逼了，以后会不会出五折叠屏​", "author": "科技新一", "time": "科技新一10月25日11:58", "transmit": 203, "comment": 536, "zan": 3281, "sentiment": [{"positive_prob": 0.303086, "confidence": 0.326476, "negative_prob": 0.696914, "sentiment": 0}]}, {"text": "【#极客修使用假华为配件被查#涉案金额3亿元】据新京报报道，手机O2O维修平台“极客修”，存在“挖单”、过度维修等问题，替换下来仍完好的原厂配件，又被以“原厂件”的名义卖给新的客户。深圳市市场监督管理局联合警方等多部门开展专项行动。目前已有31名犯罪嫌疑人被刑拘。其中“极客修”因假冒华为零配件被查，2017年以来涉案3亿元。O极客修被查：使用假冒华为零配件涉案金额达3亿L时间财经的微博视频", "author": "新浪财经", "time": "新浪财经10月25日13:05 来自微博weibo.com", "transmit": 55, "comment": 103, "zan": 393, "sentiment": [{"positive_prob": 0.0863737, "confidence": 0.808058, "negative_prob": 0.913626, "sentiment": 0}]}, {"text": "BBC纪录片：华为的创始人任正非！#任正非感谢特朗普#L【BBC纪录片】华为背后的男人​​​", "author": "陇南西和司法", "time": "陇南西和司法10月25日13:12 来自Android", "transmit": 512, "comment": 43, "zan": 745, "sentiment": [{"positive_prob": 0.932218, "confidence": 0.849373, "negative_prob": 0.0677823, "sentiment": 2}]}, {"text": "【“极客修”用假华为配件被查涉案3亿】手机维修平台方便背后，投诉量也在攀升。记者卧底发现，手机维修平台“极客修”，存在“挖单”、过度维修等问题，替换下来仍完好的原厂配件，又被以“原厂件”的名义卖给新的客户。“极客修”因假冒华为零配件被查，2017年以来涉案3亿元。O“极客修”被查：用假华为零配件涉案金额3亿元​", "author": "新浪科技", "time": "新浪科技10月25日04:10 来自微博weibo.com", "transmit": 62, "comment": 106, "zan": 341, "sentiment": [{"positive_prob": 0.0320165, "confidence": 0.928852, "negative_prob": 0.967983, "sentiment": 0}]}, {"text": "【峰值速率2.5Gbps！全球首个5GNSA网3.5G载波聚合测试在广东联通完成】#联通电信共建共享5G精品网#，不只是建设速度和覆盖范围快速“翻倍”，网速也翻倍啦！10月23日，广东联通联合华为公司，通过共享联通、电信双方各100MHz频谱带宽，在广州完成全球首个基于共享频段的5GNSA网络3.5GHz200MHz频谱带宽双载波聚合测试，单用户下行峰值速率最高达2.5Gbps，是目前5GNSA（100MHz频谱带宽）网络的两倍，同时5G基站单扇区容量翻倍，使5GNSA商用网络具备多用户下速率均达1Gbps以上的能力，大幅提升5G用户体验。5G共建共享，“1+1>2”。#极速5G联通未来#L中国联通的秒拍视频", "author": "中国联通", "time": "中国联通10月25日13:07", "transmit": 532, "comment": 230, "zan": 216, "sentiment": [{"positive_prob": 0.968319, "confidence": 0.929598, "negative_prob": 0.0316807, "sentiment": 2}]}, {"text": "【孟晚舟在朋友圈发文为任正非祝寿】10月25日是华为创始人任正非的生日，其女儿，华为财务长孟晚舟在朋友圈发文祝贺父亲生日快乐。O孟晚舟在朋友圈发文祝任正非生日快乐​", "author": "早报网", "time": "早报网10月25日11:30 来自微博weibo.com", "transmit": 89, "comment": 229, "zan": 1190, "sentiment": [{"positive_prob": 0.790874, "confidence": 0.535275, "negative_prob": 0.209126, "sentiment": 2}]}, {"text": "【#极客修侵权华为被查#，假冒配件涉案金额达3亿】#极客修假冒华为配件涉案3亿#记者从深圳市场监督管理局获悉，其打击侵犯华为商标专用权的专项执法行动于近日收网，其中以O2O维修模式经营的“极客修”因假冒华为零配件被查。侵权产品由位于深圳市、东莞市和汕尾市的6个生产窝点提供，并由位于深圳市的两个全国总仓库发往全国各维修点，涉及全国10个省市37个城市的70余个维修点。深圳检查目标点10个，查获假冒手机配件10.2万多个，刑拘8人，追逃1人。深圳还派出一个行动组赴重庆配合当地收网，现场检查“极客修”总部，调取该公司后台财务和运营数据。初步计算，2017年以来总涉案金额达3亿元。@新京报O极客修侵权华为被查，假冒配件涉案金额达3亿", "author": "财经网", "time": "财经网10月25日08:40 来自微博weibo.com", "transmit": 26, "comment": 39, "zan": 102, "sentiment": [{"positive_prob": 0.496603, "confidence": 0.932055, "negative_prob": 0.503397, "sentiment": 1}]}, {"text": "刚下楼电梯里边儿有一大哥看着我手里在用Fold说：哥们儿你这是华为那折叠屏手机么？我说不是，这是三星的。他说一直想买一个华为的一直买不着，我告诉了他开卖时间和价格16999，他一边把玩着Fold一边连说了三次华为不贵，出电梯把手机还给我临走说了一句话，让我再一次感受到华为的品牌塑造有多成功，大哥说：就三星也能做出来折叠屏来可以啊……口吻潜台词是三星能做出来他很意外，华为做出来是正常的…殊不知第一个量产折叠屏的是三星这局华为胜。", "author": "小白测评", "time": "小白测评10月25日21:36", "transmit": 58, "comment": 1262, "zan": 5479, "sentiment": [{"positive_prob": 0.519821, "confidence": 0.603583, "negative_prob": 0.480179, "sentiment": 1}]}, {"text": "#任正非感谢特朗普#如图，这是华为总裁任正非的女儿，华为公司副董事长孟晚舟，戴着电子脚镣拍出的照片，任正非确实应该感谢美国总统特朗普，自己的女儿被美国和加拿大逮捕，戴着脚镣，还能拍出这样极具女性气质，富有浪漫主义情调的照片，全球独此一份​", "author": "信通小熊猫", "time": "信通小熊猫10月25日17:34 来自微博HTML5版", "transmit": 321, "comment": 232, "zan": 2752, "sentiment": [{"positive_prob": 0.994281, "confidence": 0.98729, "negative_prob": 0.00571933, "sentiment": 2}]}, {"text": "#万万mate想到#，气球遇到橘子皮会发生这样的化学反应，#华为Mate30#Pro带你突破视觉边界，用7680帧超高速摄影功能，重构你对慢动作的想象。L华为终端官方微博的微博视频​", "author": "华为终端官方微博", "time": "华为终端官方微博10月25日10:41 来自微博视频", "transmit": 50, "comment": 86, "zan": 489, "sentiment": [{"positive_prob": 0.909966, "confidence": 0.799926, "negative_prob": 0.0900335, "sentiment": 2}]}, {"text": "【任正非谈孟晚舟：不希望国家做出牺牲和让步来救我们】昨日，华为心声社区发布任正非接受北欧媒体采访纪要，采访日期为10月15日。采访中，任正非在提到女儿孟晚舟时表示，“小孩经受一些风雨考验，对他们的未来不一定是坏事。至于晚舟经历的这个风雨，我们不希望把这件事情与国家牵连，也不希望国家做出牺牲和让步来救我们，因为国家牺牲的是穷人的利益。我们认为，还是自己靠法律手段来解决这个问题。”", "author": "香港商報網", "time": "香港商報網10月25日16:57 来自微博weibo.com", "transmit": 108, "comment": 178, "zan": 1526, "sentiment": [{"positive_prob": 0.0289019, "confidence": 0.935773, "negative_prob": 0.971098, "sentiment": 0}]}, {"text": "刚发现一个问题，华为Mate30Pro竟然没有听筒，用的屏幕发声，这样的话打电话周围的人都能听到了，毫无隐私可言，我看网上已经不少人反应这个问题了，作为商务机不应该啊，商务人士最看重的就是隐私，谈点生意被边上的人都听到了多不好，而且我看这手机额头黑边那么大，为啥不做个听筒？​", "author": "科技新一", "time": "科技新一10月25日10:08 来自微博weibo.com", "transmit": 114, "comment": 575, "zan": 3419, "sentiment": [{"positive_prob": 0.00694092, "confidence": 0.984576, "negative_prob": 0.993059, "sentiment": 0}]}, {"text": "#任正非感谢特朗普#【“他一吓唬公司，大家都努力工作了”】近日，任正非接受北欧媒体采访，采访中任正非表示自己很感谢特朗普。“因为华为公司经历三十年，绝大多数员工开始富裕了，有一种富裕病就是惰怠、享受安逸。任正非说，以前是我吓唬大家，但是我的棒子不够厉害，特朗普棒子大，一吓唬，大家都真真实实努力工作了。”还有记者提问如果特朗普说想参观华为，见任正非是否会同意时，任正非不仅回答可以，还说“我会拥抱他的。L燃新闻的秒拍视频", "author": "凤凰网视频", "time": "凤凰网视频10月25日16:20 来自微博weibo.com", "transmit": 35, "comment": 52, "zan": 433, "sentiment": [{"positive_prob": 0.835961, "confidence": 0.635469, "negative_prob": 0.164039, "sentiment": 2}]}, {"text": "【特斯拉的中国梦，和它背后的124家供应链公司】中国制造产业链的高效率和低成本，在这一工厂身上得到了完美的体现。如果我们深挖特斯拉超级工厂背后的产业链公司，我们会发现，和苹果产业链、华为产业链相比，汽车在产业链的长度和深度上要远远超过智能手机，有望持续受益的供应商名单也更长。（国泰君安）", "author": "财联社APP", "time": "财联社APP10月25日15:54 来自微博weibo.com", "transmit": 96, "comment": 10, "zan": 57, "sentiment": [{"positive_prob": 0.950772, "confidence": 0.890605, "negative_prob": 0.0492275, "sentiment": 2}]}]