[{"text": "任正非：其实5G并没有想象中的那么重要，是政治家夸大了它的作用。5G实施应用的时间，实际上是由于政治家的宣传提前到来了，我们最早判断5G开始被社会重视和试用的时间是2020年，现在2019年，5G在世界上已经开始形成普遍性应用。在其他科技领域，美国处于领先的状况在相当长的历史时间内不会改变。罗斯部长在印度讲“美国用两、三年时间就会超越华为”，我相信他这个论断。相关的出口管制法规都对美国公司没有限制，他们可以充分利用美国的科技创新的成果，可以得到美国理论创新的氛围影响，甚至喝咖啡时听到旁边的一句闲聊，得到极大的启发，因为美国遍地是人才。这种氛围我们是没有的。他们不需要担心美国政府对它们断供，不需要做备胎而浪费庞大的资源和人力，可以聚焦在它们的主航道上，很快追上来是完全可能的。过去我们不仅要遵守相关的出口管制法规，遵守对一些敏感器件的使用限制，现在甚至连很低端的器件和软件都要被限制使用，我们都要被迫自己做，华为怎么能竞争得过一个国家的力量？所以，我不担心华为在美国打击下能否活下来，而是担心三、五年以后华为能不能持续领先。如果我们想继续领先，想想有多大困难，可能我们真正连喝咖啡的时间都没有了。", "author": "TheLancet-Vivian", "time": "TheLancet-Vivian2019年12月22日00:20 来自言已iPhone11ProMax", "transmit": 1131, "comment": 1209, "zan": 4810, "sentiment": [{"positive_prob": 0.993596, "confidence": 0.98577, "negative_prob": 0.00640362, "sentiment": 2}]}, {"text": "【华为Mate30Pro5G测速，比4G快了不止10倍】其搭载的是麒麟9905G集成芯片，支持SA和NSA网络，有5GSoc，是第二代5G手机；测试北京和西安两地的网速，还是300Mbps的多，最高984Mbps；磁盘读取速度和24款应用的启动速度是几台手机中最快的。#华为Mate30#送5G版华为Mate20Pro256G版，转发本微博+关注我，12.31抽出@微博抽奖平台L科技轻体验的秒拍视频", "author": "科技轻体验", "time": "科技轻体验2019年12月22日22:45 来自微博weibo.com", "transmit": 16348, "comment": 1525, "zan": 1038, "sentiment": [{"positive_prob": 0.999889, "confidence": 0.999754, "negative_prob": 0.0001109, "sentiment": 2}]}, {"text": "VLOG.63新影像·不止所见很荣幸受到华为的邀请，让我可以在上海西岸艺术中心看到#2019上海最后一场大展#，在这里让我看到了很多非常时尚且具有浓厚艺术气息的作品，感受到了由华为带给我们的一场视觉与感官盛宴。#新影像不止所见#，让科技成为艺术表达创新的全新载体。L岚岚大冒险的秒拍视频​", "author": "岚岚大冒险", "time": "岚岚大冒险2019年12月22日19:35 来自微博weibo.com", "transmit": 1359, "comment": 3223, "zan": 6103, "sentiment": [{"positive_prob": 0.999988, "confidence": 0.999974, "negative_prob": 1.19385e-05, "sentiment": 2}]}, {"text": "比亚迪联手华为发布手机NFC车钥匙，只需用比亚迪云服务APP关联华为钱包，激活车钥匙功能后，便可以用手机解锁车门，无论手机有电还是没电关机，只要把手机贴近汽车左前后视镜，就可以解锁并启动车辆！比亚迪宣称这是一种比蓝牙或者APP联网更加安全的解锁方式，因为是基于手机上的NFC安全芯片，无需链接服务器验证，也就大大减少被“黑”的机会，据称该功能最早将于明年初的宋Pro上配备，也许用不了多久，智能手机就要干掉车钥匙了！", "author": "一辆", "time": "一辆2019年12月22日11:31 来自微博weibo.com", "transmit": 285, "comment": 971, "zan": 4586, "sentiment": [{"positive_prob": 0.990318, "confidence": 0.978484, "negative_prob": 0.00968232, "sentiment": 2}]}, {"text": "VLOG_48#新影像不止所见#生活本应不止所见，而发现生活的，是我们每一个人。再次感谢华为的邀请，让我见证了#2019上海最后一场大展#L啊爹Aaron的秒拍视频​", "author": "啊爹Aaron", "time": "啊爹Aaron2019年12月22日20:05 来自微博weibo.com", "transmit": 455, "comment": 1300, "zan": 6356, "sentiment": [{"positive_prob": 0.999861, "confidence": 0.999691, "negative_prob": 0.00013889, "sentiment": 2}]}, {"text": "又是一年花粉&荣耀年会，很开心再次和一群乐观、勇敢、坚定的人们因为热爱而相聚。这场年会，我们仨真的是幸运爆棚：超哥喜提明哥抽出的压轴大奖荣耀V30Pro，乔帮主在花粉集市抽到一等奖旅行基金，我呢不仅抽中签名书一本，还把「江湖局长」奖项抱回家。感谢HUAWEI，感谢HONOR，感谢华为运动健康，我已经迫不及待地想要穿越到明年年会了。期待明年的我们，都是更好的我们~#我的5G我的荣耀##只管去跑#2深圳", "author": "黑猫的黑", "time": "黑猫的黑2019年12月22日22:15", "transmit": 1107, "comment": 1469, "zan": 6329, "sentiment": [{"positive_prob": 0.999982, "confidence": 0.99996, "negative_prob": 1.78626e-05, "sentiment": 2}]}, {"text": "华为的大师班开课了！今天，华为邀请《哪吒》主创之一张毅办了场“2020有画说”的活动，聊了国漫和科技的那些事。而且，张毅还在现场用#华为MatePad#Pro简要的画了杨戬和小老鼠，佩服。华为想用科技产品为美学教育赋能，让更多人拿起画笔，激发更多的创造力。华为应该多办这种活动。​", "author": "IT互联网资讯", "time": "IT互联网资讯2019年12月22日20:00 来自微博weibo.com", "transmit": 1393, "comment": 1105, "zan": 2047, "sentiment": [{"positive_prob": 0.99981, "confidence": 0.999577, "negative_prob": 0.000190318, "sentiment": 2}]}, {"text": "闲来无事，整理了著名大V「万能的老师」的部分精彩语录，供大家学习。图一、经典回顾：我没卖玛卡。图二、认为智能表配对后能接电话，就是鸿蒙分布式的体现。图三、认为安卓已经被华为掏空了，植入了鸿蒙框架。图四和五、支持盗版，白嫖《庆余年》《上海堡垒》。图六、认为小米地震预警功能是个自动的系统广告。图七、认为高通没请他去夏威夷，是请不起。图八、认为人就应该被骗，越被骗越有钱。图九、认为用小米手机的人很Low。", "author": "路诞先生", "time": "路诞先生2019年12月22日20:26 来自realmeX2Pro超能武士", "transmit": 43, "comment": 99, "zan": 458, "sentiment": [{"positive_prob": 0.00178072, "confidence": 0.996043, "negative_prob": 0.998219, "sentiment": 0}]}, {"text": "今天上午明哥@赵明-George和华为终端手机产品线总裁@华为何刚以及其他更多华为技术派领导们，集体和花粉进行深度交流，畅谈未来的技术趋势和智慧生活场景，探索年轻人的潮流科技新玩法。交流内容满满干货，花粉们也提了很多大开脑洞的创意！因为热爱，所以花粉！欢迎大家在评论区留下你们的脑洞？", "author": "荣耀手机", "time": "荣耀手机2019年12月22日11:07 来自荣耀V30PRO5G", "transmit": 72, "comment": 55, "zan": 529, "sentiment": [{"positive_prob": 0.998047, "confidence": 0.995661, "negative_prob": 0.00195275, "sentiment": 2}]}, {"text": "还是我匆忙试的，华为—追星狗必备​", "author": "七百里加急递煎饼", "time": "七百里加急递煎饼2019年12月22日00:32 来自iPhone11ProMax", "transmit": 60, "comment": 189, "zan": 1439, "sentiment": [{"positive_prob": 0.837472, "confidence": 0.638826, "negative_prob": 0.162528, "sentiment": 2}]}, {"text": "趁着现在小米电视大战智慧屏，大家对电视机的音质、画质关注度难得的高，多说几句这两家的电视。我自己是一个坚定不移的OLED电视脑残粉，但成本在那摆着，OLED电视的价格现在还是太高了，55英寸的索尼、LG入门款也要八九千，65英寸就一万三左右起步了，77英寸都可以在北上深买一平米了，所以在给别人推荐电视时，我通常不会提OLED。多数时候，只要不是说对画质、音质有什么特别的要求，我会直接推荐买小米电视。2000买个55，3000不到买个65，价格比那些清库存的东西贵点，但品牌售后后续支持都靠谱，PatchWall是我认为目前国内市场下最好用的电视系统（前提是对广告没啥「洁癖」），界面、语音助手、资源整合都很完善，长辈也很容易上手。要说问题的话，小米电视过去几年在国内和印度市场过得太舒服，找不到什么能打的对手，这就导致了产品定义偏保守，都这个体量了，MEMC还是长期都不给。好消息是，华为决定也来掺合一下这个市场，小米电视的研发不能这么安逸了，小米电视5Pro是一个信号，量子点和MEMC都有了，希望接下来能在产品上看到更多惊喜。智慧屏（华为+荣耀）那边，目前产品上主要切入的方向是芯片、外放加上一堆听起来很牛逼实际打开率很低的功能，鸿鹄818的性能在电视机SoC里是稳稳的旗舰水准，但目前操作系统打磨得还不太完善，基于SoC的画质调教也不算顶级。外放上，华为和荣耀的智慧屏都很舍得堆料，虽说6*10W这个非常鸡贼，但智慧屏的音质在这个价位的确是很棒的。可能会有人说「我就是想要个好看的屏幕然后自己再配个soundbar，你这个内置音箱就是徒增功耗有失公允」，但电视机的受众群体是非常「大众」的，直接集成好音箱这个方向我个人还是比较支持的，前阵子一加发的电视也是主打音质（那个升降设计太牛逼了），LG、索尼、三星最近几代的旗舰电视也在不断提升音质，LGE9的音质已经能干掉一大票的千元soundbar了。其实小米在几年前的产品上也曾经把重点放在音质上，我记得小米电视3还是3s出过一个带外置低音炮和soundbar的家庭影院版，但当时销量一般。有意思的是，小米电视是从4A等低价电视发布后才开始打遍国内无敌手的，所以你也不能太怪小米电视没追求，有追求的时候你们又不买账...总结一下，小米电视是一个高性价比、稳妥不出错的选择（限于比较便宜的产品，5Pro我没仔细研究过，暂时不做判断），荣耀的智慧屏55英寸已经降到了2999（4单元，没摄像头）和3999（6单元，有摄像头和分区），是一个音质更好、配置稍高的选择。不过这里有个问题，4000元这个价位已经可以买到索尼、三星的入门款，比如索尼8500G系列、三星Q6/Q60，再加几百块能买Q70，画质比这两家互联网品牌的产品明显好一截，这可能也是智慧屏上市后销量没那么理想的原因之一。选择4000元的55英寸电视时，只要你不是对音质有啥特别的要求，我个人也更推荐三星索尼的产品一些。暂时扯这么多，其它的以后再说。", "author": "贾伯斯龙", "time": "贾伯斯龙2019年12月22日22:52 来自Android", "transmit": 123, "comment": 84, "zan": 725, "sentiment": [{"positive_prob": 0.964979, "confidence": 0.922176, "negative_prob": 0.0350206, "sentiment": 2}]}, {"text": "发布了头条文章：《低吸富一生》财经每日必读#微博赚钱季#周五华为/科技+影视文化/网络游戏+新能源汽车最强，大金融(券商）分化，养殖板块有企稳的迹象(下周要重视）;主板放量下跌（预设明日继续回踩，观察成交量能否有效放大）强势股接力的亏钱效应放大，高标纷纷调整（麦克奥迪连续跌停），盘后不少半导体芯片企业被减持，短期内先回避高位半导体芯片相关概念股，明日星期六，美联新材等作为情绪标杆观察，空间板高度到6板，首板数量减少，明日强势股接力赚钱效应大概率会下降，短期震荡会比较剧烈，操作难度会变大，高标不宜盲目接力博傻，作为情绪标杆观察即可，注意高低切换，最优策略是低吸主线（汽车/光伏）板块人气股和有送转预期的中小创板块等轮动补涨，低吸富一生。O低吸富一生", "author": "lesliesay", "time": "lesliesay2019年12月22日11:26 来自微博weibo.com", "transmit": 440, "comment": 177, "zan": 580, "sentiment": [{"positive_prob": 0.792063, "confidence": 0.537919, "negative_prob": 0.207937, "sentiment": 2}]}, {"text": "【任正非：人才不是核心竞争力，它才是！】华为从6名员工创业的小企业，到突破7000亿元营收、19万员工的世界信息与通讯领域前三。华为靠的是什么？1997年，在《华为基本法》的起草过程中，一位教授曾经问任正非：“人才是不是华为的核心竞争力？”任正非答道：“人才不是华为的核心竞争力，对人才进行有效管理的能力，才是企业的核心竞争力。”这是华为最核心的人才理念，也让华为团队一直保持着极高的价值创造能力。华为究竟是如何做到的，其中又有哪些地方最值得其他企业学习？华为前人力资源副总裁、华为人才体系构建者之一吴建国在新书中详细分析了华为的团队管理模式，值得每个企业借鉴。O任正非：人才不是核心竞争力，它才是！", "author": "新财富杂志", "time": "新财富杂志2019年12月22日21:35 来自微博weibo.com", "transmit": 130, "comment": 43, "zan": 179, "sentiment": [{"positive_prob": 0.995413, "confidence": 0.989806, "negative_prob": 0.00458741, "sentiment": 2}]}, {"text": "记忆中的美景总不准确，去熟悉的地方旅行，确认我来过的证明。第六次来京都旅行，带了#华为nova6#5G，超广角双摄，可以随时留下我和风景的自拍画面。夜色中的美景也可以随手记录，色彩饱满脸部也不再灰暗不清晰。对于旅行，它是随身好物，如果你热爱自拍，20cm自动对焦，让你看清每个妆容细节。旅行和美变得简单，选对了方式，旅途轻松记录。#自拍大不一样#LMOK莫轻浮的微博视频", "author": "MOK莫轻浮", "time": "MOK莫轻浮2019年12月22日14:06 来自风景旅拍·视频社区", "transmit": 2635, "comment": 4051, "zan": 9962, "sentiment": [{"positive_prob": 0.999984, "confidence": 0.999964, "negative_prob": 1.59883e-05, "sentiment": 2}]}, {"text": "#BazaarV现场##2019上海最后一场大展#Bazaar×【新影像·不止所见】手机影像艺术展逛展视频来袭！暗夜里，荧光闪耀的花园之中，潜藏着一幅幅真实、生动的野生动物图片，在等待着观众去发现。肉眼不可见的斑斓，不打扰的观看，都在@何泓姗VivaHo手中的华为手机镜头中呈现。不止所见，在观看之外，还有如何去观看的温柔心意。L时尚芭莎的微博视频", "author": "时尚芭莎", "time": "时尚芭莎2019年12月22日22:50 来自微博视频", "transmit": 5136, "comment": 3036, "zan": 10189, "sentiment": [{"positive_prob": 0.999896, "confidence": 0.99977, "negative_prob": 0.000103599, "sentiment": 2}]}, {"text": "今天给大家安利华为的#新影像不止所见#艺术展，里面有很多有趣好玩的科技潮元素。是我个人近期，非常喜欢的展览啦～​", "author": "园姐", "time": "园姐2019年12月22日17:00 来自微博weibo.com", "transmit": 125, "comment": 175, "zan": 370, "sentiment": [{"positive_prob": 0.999988, "confidence": 0.999972, "negative_prob": 1.24045e-05, "sentiment": 2}]}, {"text": "华为还是输了！腾讯倒戈站边库克！​", "author": "闪飞", "time": "闪飞2019年12月22日18:02", "transmit": 195, "comment": 1455, "zan": 6521, "sentiment": [{"positive_prob": 0.222121, "confidence": 0.506397, "negative_prob": 0.777879, "sentiment": 0}]}, {"text": "余承东：华为现在是中国最大的手机厂商！最大的手表厂商！最大的耳机厂商！最大的pad厂商！牛逼吗L老板联播的微博视频​", "author": "科技新一", "time": "科技新一2019年12月22日10:00 来自手机平板·视频社区", "transmit": 44, "comment": 270, "zan": 2119, "sentiment": [{"positive_prob": 0.993687, "confidence": 0.985971, "negative_prob": 0.00631288, "sentiment": 2}]}, {"text": "今天，华为邀请了《哪吒》主创之一张毅作了场“2020有画说”活动，聊了聊国漫创作背后的故事和未来发展。不仅如此，张毅还现场用#华为MatePad#Pro进行作画。可以看出，华为想用科技产品为美学教育赋能。科技产品是冰冷的，让科技变得有温度，华为这次做的不错。我现在也想买一台来画画看。​", "author": "前沿科技速报", "time": "前沿科技速报2019年12月22日20:35 来自微博weibo.com", "transmit": 602, "comment": 651, "zan": 1751, "sentiment": [{"positive_prob": 0.999973, "confidence": 0.99994, "negative_prob": 2.70062e-05, "sentiment": 2}]}, {"text": "2019年#花粉年会#智慧未来座谈会分会场上，华为消费者业务手机产品线总裁@华为何刚为大家带来了主题为“引领5G创新共创智慧未来”的精彩演讲，现场花粉们也对华为产品、技术进行了热烈的交流和讨论。感谢花粉们对我们一直以来的认可和支持，未来我们将继续探索与突破，为大家带来更好的手机产品！​", "author": "华为手机", "time": "华为手机2019年12月22日11:11 来自HUAWEIMate30Pro", "transmit": 21, "comment": 36, "zan": 127, "sentiment": [{"positive_prob": 0.999975, "confidence": 0.999945, "negative_prob": 2.47636e-05, "sentiment": 2}]}, {"text": "昨天我去参观了#新影像·不止所见#手机影像艺术展，惊呼神奇！每件作品都是用华为手机拍摄的，大家用影像诉说着自己的故事，刷新了我对科技与艺术的认知。快来上海西岸艺术中心A馆看#2019上海最后一场大展#真心推荐你们亲自去感受一下。​", "author": "吕颖lvy", "time": "吕颖lvy2019年12月22日17:00 来自微博weibo.com", "transmit": 1135, "comment": 1066, "zan": 2430, "sentiment": [{"positive_prob": 0.999984, "confidence": 0.999965, "negative_prob": 1.57452e-05, "sentiment": 2}]}, {"text": "骗子，你们都是大骗子，不是说华为的手机卖不出去都埋在松山湖了吗？我刚刚偷偷一个人带了工具去钓手机，怎么一无所获气死我了，吃几个#冬至饺子#弥补我受伤的心灵2东莞·华为松山湖欧洲小镇​", "author": "长安数码君", "time": "长安数码君2019年12月22日10:50 来自荣耀V30PRO5G", "transmit": 18, "comment": 179, "zan": 1005, "sentiment": [{"positive_prob": 6.55703e-05, "confidence": 0.999854, "negative_prob": 0.999934, "sentiment": 0}]}, {"text": "孙耀威用苹果手机，但加上一个华为5G随行WiFi。完美用上5G速度！L科技疯汇的微博视频​", "author": "科技疯汇", "time": "科技疯汇2019年12月22日19:30", "transmit": 22, "comment": 116, "zan": 487, "sentiment": [{"positive_prob": 0.994443, "confidence": 0.98765, "negative_prob": 0.00555729, "sentiment": 2}]}, {"text": "哈哈哈哈哈华为这个冬至海报做的也很棒。既突出节日气氛，又突出了Mate30的设计。不过道理我都懂，为什么这个汤圆这么大啊？感觉得是包子那么大的汤圆😂一碗七个汤圆，吃完今天直接两顿饭了😂​", "author": "钟文泽", "time": "钟文泽2019年12月22日10:39 来自白白胖胖iPhone11", "transmit": 35, "comment": 253, "zan": 1415, "sentiment": [{"positive_prob": 0.986545, "confidence": 0.9701, "negative_prob": 0.013455, "sentiment": 2}]}, {"text": "#BazaarV现场##2019上海最后一场大展#Bazaar×【新影像·不止所见】手机影像艺术展逛展视频来袭！随着@叶青Julia的一推，眩目的光影与迷人的音乐一同涌来。80年代的复古气质与当代电影风格融汇成像素disco，由赛博朋克带来的音乐通过华为影像力技术转化成眩目多彩的像素色彩。不止所见，技术带来的不仅是高新机器，更是一个又一个鲜活的存在，更多关于人性的细腻思索。L时尚芭莎的微博视频", "author": "时尚芭莎", "time": "时尚芭莎2019年12月22日22:41 来自微博视频", "transmit": 5425, "comment": 2029, "zan": 4194, "sentiment": [{"positive_prob": 0.999959, "confidence": 0.999908, "negative_prob": 4.14447e-05, "sentiment": 2}]}, {"text": "华为爸爸为了提高我的艺术品味，带我参加了2天的手机影像艺术展各种让人惊呼“这居然是手机拍的！？”作品，还有200台MatePadPro拼成的巨幅插画（100位画师合作完成~每一张图放大看都是小细节小惊喜！）最后正题来喽！→Look1和Look2你们觉得哪个好看​", "author": "李彬赫", "time": "李彬赫2019年12月22日18:10 来自iPhone11ProMax", "transmit": 21, "comment": 228, "zan": 765, "sentiment": [{"positive_prob": 0.997614, "confidence": 0.994699, "negative_prob": 0.00238564, "sentiment": 2}]}, {"text": "没记错的话，华为也做过通信存储二合一的超级SIM卡，不知道是不是因为推动困难搁置了。紫光明天要发的这个跟联通合作了，而且估计售价不菲​", "author": "数码闲聊站", "time": "数码闲聊站2019年12月22日21:52", "transmit": 13, "comment": 185, "zan": 1375, "sentiment": [{"positive_prob": 0.667266, "confidence": 0.260592, "negative_prob": 0.332734, "sentiment": 2}]}, {"text": "荣耀周年庆现场已经成为一片欢乐的海洋，谢谢所有的你们，因为你们，才更荣耀2深圳·世界之窗L赵明-George的微博视频​", "author": "赵明-George", "time": "赵明-George2019年12月22日16:50 来自荣耀V30PRO5G", "transmit": 17, "comment": 74, "zan": 772, "sentiment": [{"positive_prob": 0.988659, "confidence": 0.974798, "negative_prob": 0.0113408, "sentiment": 2}]}, {"text": "郭明錤爆料，明年华为P40PRO将会搭载10倍光变镜头，800W像素，而P30PRO上的5倍光变会下放到荣耀/NOVA/P40这些机型上去~10倍的话，那么理论上2-10倍之间肯定还会放一个折中的变焦接力镜头3x或者5x，也就是主摄+长焦+超长焦+广角，要不然中间焦段的解析力就差太多了~​", "author": "大米评测", "time": "大米评测2019年12月22日12:14 来自微博weibo.com", "transmit": 11, "comment": 298, "zan": 1226, "sentiment": [{"positive_prob": 0.0297613, "confidence": 0.933864, "negative_prob": 0.970239, "sentiment": 0}]}, {"text": "谁能看破你坚强背后的软肋？或许#华为Mate30#Pro可以超高速摄影捕捉鲁伯特之泪的破碎瞬间，让我们一探究竟吧～L华为中国的微博视频​", "author": "华为中国", "time": "华为中国2019年12月22日09:00 来自手机平板·视频社区", "transmit": 22, "comment": 93, "zan": 357, "sentiment": [{"positive_prob": 0.191505, "confidence": 0.574434, "negative_prob": 0.808495, "sentiment": 0}]}]