[{"text": "9月24日，在#小米发布会#上，@雷军宣布，#小米环绕屏手机#售价19999元；同时还不忘diss苹果华为，称无线反向快充比华为快一倍，并且小米手机无线反充可给iPhone充电，#雷军把友商按在地上摩擦#。这次的小米发布会上哪一幕让你震惊了？这次的小米发布会上哪一幕让你震惊了？​", "author": "每日经济新闻", "time": "每日经济新闻09月24日18:21 来自微博weibo.com", "transmit": 93, "comment": 537, "zan": 122096, "sentiment": [{"positive_prob": 0.481403, "confidence": 0.628066, "negative_prob": 0.518597, "sentiment": 1}]}, {"text": "【又见#孟晚舟发朋友圈#感谢风雨同行的你们！】加拿大温哥华当地时间9月23日上午，华为公司首席财务官孟晚舟被非法拘押案在不列颠哥伦比亚省高等法院再次开庭审理。北京时间24日上午，华为“心声社区”也公开了一张孟晚舟朋友圈截图。在这条朋友圈中，孟晚舟向大家表达了谢意，并配了两张自己当天出庭前的照片。以下为孟晚舟朋友圈全文：感谢风雨同行的你们，让一米阳光照进了我的心......O又见孟晚舟发朋友圈：感谢风雨同行的你们！", "author": "环球网", "time": "环球网09月24日10:53 来自微博weibo.com", "transmit": 601, "comment": 888, "zan": 32774, "sentiment": [{"positive_prob": 0.996386, "confidence": 0.991968, "negative_prob": 0.00361414, "sentiment": 2}]}, {"text": "【#孟晚舟引渡案进入实质性审理阶段#，#华为表示相信加拿大司法还孟晚舟清白#】北京时间24日凌晨，华为首席财务官孟晚舟引渡案再次开庭审理。从今天开始，引渡案进入实质性审理阶段，控辩双方将就案件已有的证据和关键问题进行辩论。华为发言人表示：我们完全支持孟女士，相信她是无罪的。我们也充分相信，加拿大司法程序的独立性和公正性一定会还她清白。L人民日报的微博视频", "author": "人民日报", "time": "人民日报09月24日08:59 来自搜狗高速浏览器", "transmit": 807, "comment": 1750, "zan": 18426, "sentiment": [{"positive_prob": 0.958644, "confidence": 0.908097, "negative_prob": 0.0413562, "sentiment": 2}]}, {"text": "#雷军把友商按在地上摩擦#【#雷军和华为苹果比充电技术#：看我们无线反充把友商按在地上摩擦】24日，在#小米发布会#上，雷军谈到小米无线反充可给iPhone充电，称小米5G手机本身就是一个充电器，拥有小米9pro你会拥有整个朋友圈。雷军还表示小米无线反向快充比华为快一倍，看我们怎么把友商按在地上摩擦。L老板联播的微博视频@老板联播", "author": "财经网", "time": "财经网09月24日15:34 来自微博weibo.com", "transmit": 804, "comment": 2848, "zan": 26451, "sentiment": [{"positive_prob": 0.677785, "confidence": 0.283966, "negative_prob": 0.322215, "sentiment": 2}]}, {"text": "【#孟晚舟微笑再次赴法院开庭#引渡案进入实质性审理】加拿大当地时间23日，华为公司首席财务官孟晚舟女士引渡案在法院再次开庭审理。当天上午，孟晚舟女士从家中走出，面带笑容向冒雨守候的记者问候。引渡案进入实质性审理阶段，控辩双方将就案件已有的证据和关键问题辩论。（央视记者张森）L央视新闻的微博视频", "author": "央视新闻", "time": "央视新闻09月24日07:00 来自微博weibo.com", "transmit": 861, "comment": 1395, "zan": 11223, "sentiment": [{"positive_prob": 0.699595, "confidence": 0.332434, "negative_prob": 0.300405, "sentiment": 2}]}, {"text": "【又见#孟晚舟发朋友圈#：感谢风雨同行的你们！】加拿大温哥华当地时间9月23日上午，在不列颠哥伦比亚省高等法院#孟晚舟案再次出庭#，#孟晚舟引渡案进入实质性审理阶段#。华为“心声社区”也公开了一张孟晚舟朋友圈截图。孟晚舟向大家表达了谢意，并配了当天出庭前的照片。O又见孟晚舟发朋友圈：感谢风雨同行的你们！​", "author": "新浪科技", "time": "新浪科技09月24日11:26 来自微博weibo.com", "transmit": 295, "comment": 482, "zan": 10369, "sentiment": [{"positive_prob": 0.995242, "confidence": 0.989426, "negative_prob": 0.00475836, "sentiment": 2}]}, {"text": "【#孟晚舟引渡案进入实质性审理阶段#：再次出庭面带笑容】加拿大温哥华当地时间9月23日上午，华为首席财务官孟晚舟引渡案再次开庭审理。与以往程序性审理不同的是，从今天开始，引渡案进入实质性审理阶段，也就是说，控辩双方将就案件已有的证据和关键问题进行辩论。华为公司发言人向媒体发表声明，表示相信孟晚舟是无辜的，但是目前不便透露更多情况。律师团表示相信，加拿大法庭能够公正独立地对孟晚舟引渡案作出裁决。#孟晚舟发朋友圈#O孟晚舟再次出庭引渡案进入实质性审理阶段L孟晚舟从家中走出并向记者问候", "author": "新浪财经", "time": "新浪财经09月24日07:11 来自微博weibo.com", "transmit": 799, "comment": 836, "zan": 19265, "sentiment": [{"positive_prob": 0.891412, "confidence": 0.758693, "negative_prob": 0.108588, "sentiment": 2}]}, {"text": "【#雷军硬刚华为#：我们最贵的手机价格都不到友商的起步价】9月24日，在#小米发布会#上，@雷军表示，友商在发布会上说我们无线充电是虚标，欢迎友商来测试；无线反向快充比华为快一倍，看我们怎么把友商按在地上摩擦；最重要5G刚开始而很多人没体会到5G，我们最贵的手机价格都不到友商的起步价。L五环短视频的微博视频", "author": "新浪财经", "time": "新浪财经09月24日15:55 来自微博weibo.com", "transmit": 386, "comment": 2348, "zan": 26060, "sentiment": [{"positive_prob": 0.285368, "confidence": 0.365849, "negative_prob": 0.714632, "sentiment": 0}]}, {"text": "【#孟晚舟发朋友圈#：感谢风雨同行的你们】加拿大温哥华当地时间9月23日上午，华为公司首席财务官孟晚舟女士引渡案在不列颠哥伦比亚省高等法院再次开庭审理。北京时间24日上午，华为“心声社区”也公开了一张孟晚舟朋友圈截图。在这条朋友圈中，孟晚舟向大家表达了谢意，表示“感谢风雨同行的你们，让一米阳光照进了我的心......”并配了两张自己当天出庭前的照片。", "author": "环球时报", "time": "环球时报09月24日12:03 来自微博weibo.com", "transmit": 160, "comment": 520, "zan": 4316, "sentiment": [{"positive_prob": 0.991506, "confidence": 0.981123, "negative_prob": 0.00849439, "sentiment": 2}]}, {"text": "【#雷军diss苹果华为#：看我们无线反充把友商按在地上摩擦】9月24日，在小米发布会上，雷军谈到小米无线反充可以给iPhone充电，但充得慢是因为iPhone只支持7.5W。另外，雷军还表示小米无线反向快充比华为快一倍，看我们怎么把友商按在地上摩擦。L老板联播的微博视频​​​", "author": "头条新闻", "time": "头条新闻09月24日15:53", "transmit": 206, "comment": 1369, "zan": 9024, "sentiment": [{"positive_prob": 0.512882, "confidence": 0.74236, "negative_prob": 0.487118, "sentiment": 1}]}, {"text": "【孟晚舟再次出庭面带笑容引渡案进入实质性审理阶段】加拿大温哥华当地时间9月23日上午，华为首席财务官孟晚舟引渡案再次开庭审理。与以往程序性审理不同的是，从今天开始，引渡案进入实质性审理阶段，也就是说，控辩双方将就案件已有的证据和关键问题进行辩论。华为公司发言人向媒体发表声明，表示相信孟晚舟是无辜的，但是目前不便透露更多情况。律师团表示相信，加拿大法庭能够公正独立地对孟晚舟引渡案作出裁决。@央视新闻L孟晚舟从家中走出并向记者问候", "author": "头条新闻", "time": "头条新闻09月24日06:48 来自微博weibo.com", "transmit": 201, "comment": 170, "zan": 824, "sentiment": [{"positive_prob": 0.690723, "confidence": 0.312717, "negative_prob": 0.309277, "sentiment": 2}]}, {"text": "#孟晚舟微笑再次赴法院开庭#【孟晚舟再次出庭面带笑容引渡案进入实质性审理阶段】加拿大温哥华当地时间9月23日上午，华为首席财务官孟晚舟引渡案再次开庭审理。与以往程序性审理不同的是，从今天开始，引渡案进入实质性审理阶段，也就是说，控辩双方将就案件已有的证据和关键问题进行辩论。华为公司发言人向媒体发表声明，表示相信孟晚舟是无辜的，但是目前不便透露更多情况。律师团表示相信，加拿大法庭能够公正独立地对孟晚舟引渡案作出裁决。（央视新闻、头条新闻）L孟晚舟从家中走出并向记者问候#孟晚舟引渡案进入实质性审理阶段#", "author": "环球网", "time": "环球网09月24日06:58", "transmit": 188, "comment": 257, "zan": 4710, "sentiment": [{"positive_prob": 0.917335, "confidence": 0.8163, "negative_prob": 0.0826648, "sentiment": 2}]}, {"text": "【华为董事长：美国禁令对华为没太大影响】24日下午，华为董事长梁华在深圳华为总部与来参加环球时报社与德国博世基金会主办的第三届“中德美媒体论坛”的中德美部分媒体负责人进行座谈。在被问到美国对华为的相关禁令问题时，梁华表示，美国对华为放入禁令清单对华为的运营没有什么太大影响，目前公司一切正常。他还透露，目前华为面向ICT领域的“洞”已经补好了，也就是说，ICT领域的供应没有问题。在面向消费者领域，华为正在组织力量进行攻关，目前计划用两三年左右时间，解决操作系统和相应的生态问题。同时，梁华也表示，如果美国政府允许，华为还是希望用安卓产品为全球消费者提供服务。（环球时报记者谢戎彬范凌志）O华为董事长：美国禁令对华为没太大影响", "author": "环球时报", "time": "环球时报09月24日17:53 来自微博weibo.com", "transmit": 136, "comment": 1164, "zan": 10350, "sentiment": [{"positive_prob": 0.847363, "confidence": 0.660807, "negative_prob": 0.152637, "sentiment": 2}]}, {"text": "华为董事长梁华对环球时报的外国朋友说：美国将华为列入实体清单，没有对华为业务产生实质影响。老胡今天带着一大批美国和德国媒体人参观华为，他们是参加中德美媒体论坛的嘉宾。梁华坦率回答了老外们的尖锐提问。一些外国人的印象是华为已经快被美国整垮了，梁华强调，华为的产品在正常出货，各项销售没有中断，终端的生态问题可在两三年内解决。他的自信一定给了老外们深刻印象。L胡锡进的微博视频", "author": "胡锡进", "time": "胡锡进09月24日17:13 来自HUAWEIP30Pro", "transmit": 314, "comment": 812, "zan": 3899, "sentiment": [{"positive_prob": 0.572185, "confidence": 0.0492991, "negative_prob": 0.427815, "sentiment": 2}]}, {"text": "【任正非：我不是乔布斯，因为乔布斯对人类贡献非常大！】日前，华为心声社区发布任正非接受德国电视一台纪录片的采访纪要。对于记者将任正非称为“中国的乔布斯”，他回应称自己不是乔布斯，因为乔布斯对人类贡献非常大，“他创造了移动互联网，而且他在哲学上追求完美。”任正非表示，自己在哲学上信奉灰度，信奉妥协，“白”与“黑”之间有一个妥协是灰度。“乔布斯是追求极致的，我们两个性格上有很多不一样。", "author": "电脑报", "time": "电脑报09月24日09:32 来自微博weibo.com", "transmit": 497, "comment": 3007, "zan": 49751, "sentiment": [{"positive_prob": 0.772047, "confidence": 0.493437, "negative_prob": 0.227953, "sentiment": 2}]}, {"text": "【#又见孟晚舟发朋友圈#：感谢风雨同行的你们】#孟晚舟再发朋友圈#加拿大温哥华当地时间9月23日上午，华为公司首席财务官孟晚舟被非法拘押案在不列颠哥伦比亚省高等法院再次开庭审理。北京时间24日上午，华为“心声社区”也公开了一张孟晚舟朋友圈截图。在这条朋友圈中，孟晚舟向大家表达了谢意，并配了两张自己当天出庭前的照片。@环球网#孟晚舟引渡案进入实质性审理阶段#", "author": "头条新闻", "time": "头条新闻09月24日11:04 来自微博weibo.com", "transmit": 55, "comment": 147, "zan": 1524, "sentiment": [{"positive_prob": 0.974604, "confidence": 0.943564, "negative_prob": 0.0253963, "sentiment": 2}]}, {"text": "【任正非接受德国电视台采访纪要：我已把生死置之度外】9月23日，华为发布了任正非在5月份接受德国电视一台的纪录片采访纪要。在采访中，任正非系统地讲述了家庭、当兵、复员、创业的历程，面对美国对华为和家人的双重打击，任正非说：“其实我个人已把生死置之度外，并不觉得我的生命有那么重要。”阅读全文>>O任正非接受德国电视台采访：我已把生死置之度外", "author": "头条新闻", "time": "头条新闻09月24日13:28 来自微博weibo.com", "transmit": 185, "comment": 160, "zan": 899, "sentiment": [{"positive_prob": 0.944111, "confidence": 0.875803, "negative_prob": 0.0558885, "sentiment": 2}]}, {"text": "【孟晚舟再次出庭引渡案进入实质性审理阶段】加拿大温哥华当地时间9月23日上午，华为公司首席财务官孟晚舟女士引渡案在不列颠哥伦比亚省高等法院再次开庭审理。当天上午9点30分左右，身穿蓝色裙装的孟晚舟女士从家中走出来，面带笑容，在院子的门口向冒雨守候在那里的记者问候。与以往程序性审理不同的是，从今天开始，引渡案进入实质性审理阶段，也就是说，控辩双方将就案件已有的证据和关键问题进行辩论。华为公司发言人本杰明⋅豪斯（BenjaminHowes）刚刚向媒体发表声明，表示相信孟晚舟是无辜的，但是目前不便透露更多情况。律师团表示相信，加拿大法庭能够公正独立地对孟晚舟引渡案作出裁决。（央视新闻）L央视新闻的微博视频", "author": "环球时报", "time": "环球时报09月24日09:12 来自微博weibo.com", "transmit": 65, "comment": 285, "zan": 1342, "sentiment": [{"positive_prob": 0.883554, "confidence": 0.74123, "negative_prob": 0.116446, "sentiment": 2}]}, {"text": "【#任正非称已将生死置之度外#，否认是中国乔布斯】#任正非我不是中国乔布斯#9月23日，华为《心声社区》发布任正非5月20日接受德国电视一台纪录片采访纪要。面对美国对华为和家人的双重打击，任正非说：“其实我个人已把生死置之度外，并不觉得我的生命有那么重要。”对于记者将任正非称为“中国的乔布斯”，他回应称自己不是乔布斯，因为乔布斯对人类贡献非常大。L老板联播的微博视频", "author": "新浪新闻客户端", "time": "新浪新闻客户端09月24日15:11 来自专业版微博平台", "transmit": 80, "comment": 91, "zan": 709, "sentiment": [{"positive_prob": 0.703036, "confidence": 0.34008, "negative_prob": 0.296964, "sentiment": 2}]}, {"text": "【#雷军硬刚华为#：看看我们是怎么把友商按地上摩擦的】9月24日，在#小米发布会#上，@雷军谈到小米无线快充技术比友商华为快一倍，在对比了小米和华为新品无线快充后，雷军表示小米在无线快充技术上做到了全球领先。O小米硬刚华为雷军：看看我们怎么把友商按地上摩擦L大佬时间的微博视频​", "author": "新浪财经", "time": "新浪财经09月24日15:10 来自微博weibo.com", "transmit": 70, "comment": 569, "zan": 4618, "sentiment": [{"positive_prob": 0.402565, "confidence": 0.105411, "negative_prob": 0.597435, "sentiment": 0}]}, {"text": "伟大的背后都是苦难。​​​（华为心声社区）#孟晚舟发朋友圈##伟大的背后都是苦难#​", "author": "环球网", "time": "环球网09月24日18:24", "transmit": 223, "comment": 197, "zan": 2047, "sentiment": [{"positive_prob": 0.608112, "confidence": 0.129138, "negative_prob": 0.391888, "sentiment": 2}]}, {"text": "【#雷军diss苹果华为#：看我们无线反充把友商按在地上摩擦】9月24日，在小米发布会上，雷军谈到小米无线反充可以给iPhone充电，但充得慢是因为iPhone只支持7.5W。另外，雷军还表示小米无线反向快充比华为快一倍，“看我们怎么把友商按在地上摩擦。”L老板联播的微博视频​", "author": "Vista看天下", "time": "Vista看天下09月24日16:12 来自微博weibo.com", "transmit": 52, "comment": 355, "zan": 1578, "sentiment": [{"positive_prob": 0.448774, "confidence": 0.00272526, "negative_prob": 0.551226, "sentiment": 0}]}, {"text": "【一天跌700元#iPhone11暗夜绿价格跳水#后，炒家盯上华为Mate30】在杭州一家数码广场经营手机生意的小吴表示，21日，价格最坚挺的暗夜绿版iPhone“破发”了，其他版本的iPhone11更是早就跌破官网价了。小吴说：“我21日傍晚进了一台256G的暗夜绿色iPhone11ProMax，要11050元，22日早上卖了11300元。下午价格直接跳水了，市场批发价只要10300元，零售价也只要10700元，而官网报价10899元。”小吴表示，因为市场突然到货了一大批暗夜绿版iPhone，大家都抛售，就造成了价格大跳水。但iPhone11系列的销量还是很可观。“每天走10多台机器，几乎全是暗夜绿。”另外，很多数码炒家已经把目光瞄准了26日发行的华为Mate30系列。O网页链接@钱江晚报", "author": "财经网", "time": "财经网09月24日08:14", "transmit": 49, "comment": 295, "zan": 1087, "sentiment": [{"positive_prob": 0.0997863, "confidence": 0.778253, "negative_prob": 0.900214, "sentiment": 0}]}, {"text": "一大早来到了位于工力所的实验室，在这里的振动台上进行手机震动试验，分析研究手机内置传感器对真实地震的记录情况。感谢华为提供试验用机。​", "author": "中国地震台网速报", "time": "中国地震台网速报09月24日10:18 来自vivoX274800万三摄", "transmit": 7, "comment": 72, "zan": 426, "sentiment": [{"positive_prob": 0.956143, "confidence": 0.902539, "negative_prob": 0.0438573, "sentiment": 2}]}, {"text": "【#孟晚舟再次赴法院开庭#引渡案进入实质性审理】加拿大当地时间23日，华为公司首席财务官孟晚舟女士引渡案在法院再次开庭审理。当天上午，孟晚舟女士从家中走出，面带笑容向冒雨守候的记者问候。引渡案进入实质性审理阶段，控辩双方将就案件已有的证据和关键问题辩论。#孟晚舟引渡案进入实质性审理阶段#(央视)L孟晚舟从家中走出并向记者问候", "author": "新京报", "time": "新京报09月24日08:28 来自微博weibo.com", "transmit": 60, "comment": 292, "zan": 1230, "sentiment": [{"positive_prob": 0.616115, "confidence": 0.146922, "negative_prob": 0.383885, "sentiment": 2}]}, {"text": "#孟晚舟发朋友圈#加油！华为！加油！孟晚舟！孟晚舟发朋友圈：感谢风雨同行的你们，让一米阳光照进了我的心……​#任正非否认自己是中国乔布斯#​", "author": "北京人的新鲜事", "time": "北京人的新鲜事09月24日13:46 来自微博HTML5版", "transmit": 138, "comment": 203, "zan": 1712, "sentiment": [{"positive_prob": 0.929104, "confidence": 0.842454, "negative_prob": 0.0708959, "sentiment": 2}]}, {"text": "#徐峥孟非互侃自带高光#这是华为光头会吗？！各位戴好墨镜，持瓜以待！​", "author": "圈内扒公", "time": "圈内扒公09月24日12:55 来自微博weibo.com", "transmit": 6813, "comment": 2384, "zan": 4663, "sentiment": [{"positive_prob": 0.405345, "confidence": 0.0992327, "negative_prob": 0.594655, "sentiment": 0}]}, {"text": "【任正非：孟晚舟被扣后递条子让我小心，我依然去了阿根廷】华为心声社区日前发布了华为创始人任正非于5月20日接受德国电视台纪录片采访的纪要。当记者问道，“您女儿去年12月1日在温哥华被捕。当时您知道这个消息的时候，第一反应是什么？”任正非回答说：“我的第一反应是很震惊，因为我女儿是很守规矩的人，不可能有任何犯罪的行为，怎么被抓了呢？”他接着说：“我女儿在被关进监狱的第二天，就通过他先生递了一个纸条子，带给我：‘爸爸，所有的矛头是对准你的，你要小心一点。’”然而，到了第三天，任正非要飞到阿根廷开会，而孟晚舟就是阿根廷会议的组织者。“我是冒着生死危险走出去的。”“我认为这对公司的改革、稳定和发展有很重要的意义，当时并不知道美国要这么严厉地制裁我们。”任正非说：“我太太整晚不睡觉，等待着我过境国家的信息，总问我：‘你出境了没有，上飞机了没有？’我告诉她，飞机滑行了，她才放心睡觉。我开完会以后，就上飞机返回了，直到平安回来，我家里人才放心。”“有媒体问我：‘如果你当时跟女儿一起走，在加拿大被抓了怎么办？’我说就陪女儿聊聊天。‘万一被抓到美国去怎么办？’我说，在美国监狱，正好把美国二百年发展的历史读一读、学一学，然后写一本书，就讲中国未来二百年应该怎么崛起，应该怎么向美国学习。”在任正非看来，其实他个人已把生死置之度外，并不觉得自己的生命有那么重要。“我认为改革最重要，阿根廷代表处的改革很成功，带动了公司全面的改革。正好遭遇了贸易战，现在大家才看到，阿根廷七个文件对公司建立自我堡垒起到了巨大作用，每个BG的一把手都跟我说：“太重要了，如果没有这半年的准备，可能现在会混乱。”“我认为，我最终还是要在世界上游走的，如果用一个笼子把我装起来，我还有什么价值和意义呢？有人说：‘你是思想家，你出思想就行。’不到现场去，怎么能出思想呢？”任正非表示，自己现在活得很潇洒，公司已经走上正轨，“有没有我，公司都会照样发展。你们看，在这么紧张的情况下，我都没什么事干，一切都在制度中。这就是向英国和德国学习，以制度文明来管理公司，而不是以人独裁的方式来管理公司。我现在觉得，对过去三十年的努力，我是心安的。”", "author": "观察者网", "time": "观察者网09月24日11:20 来自专业版微博", "transmit": 429, "comment": 352, "zan": 4434, "sentiment": [{"positive_prob": 0.758085, "confidence": 0.462412, "negative_prob": 0.241915, "sentiment": 2}]}, {"text": "#华为孟晚舟现身#【孟晚舟再次出庭引渡案进入实质性审理阶段】加拿大温哥华当地时间9月23日上午，华为公司首席财务官孟晚舟女士引渡案在不列颠哥伦比亚省高等法院再次开庭审理。当天上午9点30分左右，身穿蓝色裙装的孟晚舟女士从家中走出来，面带笑容，在院子的门口向冒雨守候在那里的记者问候。与以往程序性审理不同的是，从今天开始，引渡案进入实质性审理阶段，也就是说，控辩双方将就案件已有的证据和关键问题进行辩论。华为公司发言人本杰明·豪斯（BenjaminHowes）刚刚向媒体发表声明，表示相信孟晚舟是无辜的，但是目前不便透露更多情况。律师团表示相信，加拿大法庭能够公正独立地对孟晚舟引渡案作出裁决。（央视新闻）#孟晚舟引渡案进入实质性审理阶段##孟晚舟发朋友圈#L究竟视频的秒拍视频", "author": "第一财经日报", "time": "第一财经日报09月24日11:11 来自iPhone客户端", "transmit": 149, "comment": 235, "zan": 2578, "sentiment": [{"positive_prob": 0.963553, "confidence": 0.919007, "negative_prob": 0.0364471, "sentiment": 2}]}, {"text": "#华为Mate30#携手导演@徐峥@陆川，主持人@孟非，定档927，解锁手机电影时代。​", "author": "华为终端官方微博", "time": "华为终端官方微博09月24日09:28 来自微博weibo.com", "transmit": 776, "comment": 318, "zan": 2442, "sentiment": [{"positive_prob": 0.648971, "confidence": 0.219936, "negative_prob": 0.351029, "sentiment": 2}]}]