[{"text": "无线耳机、智能音箱、半导体、集成电路、华为和苹果概念等，目前涨幅领先，大盘指数是深成指和创业板指数强一点。​", "author": "wu2198", "time": "wu219811月14日14:03 来自微博weibo.com", "transmit": 11, "comment": 163, "zan": 6988, "sentiment": [{"positive_prob": 0.958754, "confidence": 0.908343, "negative_prob": 0.0412459, "sentiment": 2}]}, {"text": "#华为否认折叠屏手机延期#【折叠屏手机又延期？华为辟谣：MateX按原计划开售】今日，网上有媒体称，原定于11月15日发售的华为首款折叠屏手机MateX将再次延期发售。华为方面辟谣称：MateX并未推迟，仍按原计划于明天开售。华为商城MateX手机开售时间仍显示为11月15日10:08。O折叠屏手机又延期？华为辟谣：MateX按原计划开售​", "author": "新浪科技", "time": "新浪科技11月14日10:02 来自微博weibo.com", "transmit": 1035, "comment": 72, "zan": 306, "sentiment": [{"positive_prob": 0.894914, "confidence": 0.766476, "negative_prob": 0.105086, "sentiment": 2}]}, {"text": "媳妇要切了我的华为Mate30pro你受得了吗，哎………我这家庭地位啊，老老实实备份数据吧～​", "author": "陈震同学", "time": "陈震同学11月14日22:25 来自HUAWEIMate30Pro", "transmit": 10, "comment": 310, "zan": 1169, "sentiment": [{"positive_prob": 0.288504, "confidence": 0.358879, "negative_prob": 0.711496, "sentiment": 0}]}, {"text": "今天治愈教大家如何突破美禁令使用华为手机！L台湾傻事的微博视频​", "author": "台湾傻事", "time": "台湾傻事11月14日22:17 来自微博weibo.com", "transmit": 78, "comment": 212, "zan": 1712, "sentiment": [{"positive_prob": 0.647685, "confidence": 0.217078, "negative_prob": 0.352315, "sentiment": 2}]}, {"text": "华为西安基地拥有世界上最大的指挥中心屏幕看到很多人私信我图九，我也找了一些资料，说的没错，一亩大的屏幕，支持8K高清！指挥中心负责华为在全球的交付支持、网络保障、洞察与规划、供应保障、重大事件保障、全球重大灾难恢复保障，发布紧急决策，调度华为全球资源！特意多找了几张图片供大家参考：", "author": "长安数码君", "time": "长安数码君11月14日13:57 来自干翻华为的Android", "transmit": 55, "comment": 142, "zan": 621, "sentiment": [{"positive_prob": 0.963113, "confidence": 0.918029, "negative_prob": 0.036887, "sentiment": 2}]}, {"text": "【中国速度，领先全球】新宝骏携手华为、中移动、驭势科技在广西柳州共同建设了全球首条集5G、V2X、远程驾控、无人驾驶四项前沿技术的公开测试道路，并率先开展路试，这在目前国内的车企中属于首例，也正验证了新宝骏对未来趋势和消费市场的精准把握。中国速度，领先全球，让我们一起为中国领先科技点赞！#速度即正义#", "author": "Vista看天下", "time": "Vista看天下11月14日18:00 来自微博云剪", "transmit": 232, "comment": 228, "zan": 1338, "sentiment": [{"positive_prob": 0.991319, "confidence": 0.980708, "negative_prob": 0.00868129, "sentiment": 2}]}, {"text": "在华为深圳总部看到的一体化基站，应用在海岛上，海岛上拉不了光纤，海底光缆又不划算，就使用微波进行上下行传输。就是下面的抛物面天线锅，传输速度可达10G，这是华为独步天下的绝技。然后再通过背面的基站天线跟用户连通。八木天线（又称鱼刺天线）可能是用于无线控制。之所以叫八木天线，跟八根天线无关，是因为发明者是日本人八木秀次。", "author": "奥卡姆剃刀", "time": "奥卡姆剃刀11月14日17:48 来自HUAWEIMate20X5G", "transmit": 56, "comment": 103, "zan": 351, "sentiment": [{"positive_prob": 0.0845318, "confidence": 0.812151, "negative_prob": 0.915468, "sentiment": 0}]}, {"text": "发布了头条文章：《高低切换》财经每日必读#微博赚钱季#周四股权+次新+华为/科技（智能穿戴/无线耳机）最强，区块链严重分化，主板反弹（明日预设冲高回落，注意观察成交量能否有效放大，五日线反压下来是强压力位）强势股接力的亏钱效应减缓，明日宝鼎科技，神马电力，漫步者等作为情绪标杆观察，空间板高度到4板，首板数量放大，短期降低风险偏好，量能不足，注意高低切换，最优策略是盘中等回踩低吸主线板块人气股和超跌板块等轮动，低吸富一生。科创板有反复活跃的迹象，明日重点关注华熙生物，安恒信息，乐鑫科技，微芯生物等板块活跃股，耐心等赚钱效应再度恢复，板块内前期超跌的人气股也是不错的套利方向。O高低切换", "author": "lesliesay", "time": "lesliesay11月14日16:52 来自微博weibo.com", "transmit": 374, "comment": 153, "zan": 478, "sentiment": [{"positive_prob": 0.933456, "confidence": 0.852125, "negative_prob": 0.0665436, "sentiment": 2}]}, {"text": "【一亿像素到底有多厉害？小米CC9Pro上手体验】小米CC9Pro，一亿像素五摄，DxOMark评分高达121分，和华为并列全球第一！那在女生眼中的拍照效果是怎样的呢？小姐姐这就来给大家体验体验，赶紧看视频吧~关注+转发，抽一人送小米床头灯2，11月22号开~#vlog##视频星计划#L两分的微博视频​O抽奖详情", "author": "两分", "time": "两分11月14日19:15 来自微博视频", "transmit": 464, "comment": 200, "zan": 250, "sentiment": [{"positive_prob": 0.797047, "confidence": 0.548993, "negative_prob": 0.202953, "sentiment": 2}]}, {"text": "摩托罗拉的折叠屏手机看起来真不错，华为和三星的折叠屏都太厚，目前的技术解决不了这个痛点。摩托罗拉属于另辟蹊径，即致敬了经典，又探索了未来，我估计会打动不少人，只要配置和售价不作死，应该能买的不错，大家喜欢吗（图MKBHD）​", "author": "我是HYK", "time": "我是HYK11月14日12:37 来自OnePlus7T", "transmit": 55, "comment": 243, "zan": 550, "sentiment": [{"positive_prob": 0.965196, "confidence": 0.922658, "negative_prob": 0.0348036, "sentiment": 2}]}, {"text": "你说你，用其他的华为手机就算了，你用保时捷版本，你买4块钱的保护壳？？？？你对得起你手里的这个Mate20保时捷吗？？？​", "author": "科技涅槃说", "time": "科技涅槃说11月14日19:37", "transmit": 32, "comment": 288, "zan": 832, "sentiment": [{"positive_prob": 0.0199687, "confidence": 0.955625, "negative_prob": 0.980031, "sentiment": 0}]}, {"text": "#阿华的灵魂一问#只要学会这一招，任何一个精彩动作都逃不过我的双眼。#华为Mate30#Pro7680帧超高速摄影，你学会了吗？L华为终端官方微博的微博视频​", "author": "华为终端官方微博", "time": "华为终端官方微博11月14日22:00 来自微博weibo.com", "transmit": 38, "comment": 87, "zan": 360, "sentiment": [{"positive_prob": 0.944403, "confidence": 0.87645, "negative_prob": 0.0555974, "sentiment": 2}]}, {"text": "台湾已经即刻停售3款系統標示為「中國台灣」的華為手機​", "author": "台湾傻事", "time": "台湾傻事11月14日20:53 来自微博weibo.com", "transmit": 37, "comment": 387, "zan": 3040, "sentiment": [{"positive_prob": 0.657924, "confidence": 0.23983, "negative_prob": 0.342076, "sentiment": 2}]}, {"text": "我们会向往从未踏足的地方，远不止是为了纪录。支持15种专业运动模式的#华为WatchGT#2，陪你挑战硬核人生，致敬那些没被纪录的伟大！#吉尼斯世界纪录日#​", "author": "华为终端官方微博", "time": "华为终端官方微博11月14日14:06 来自微博weibo.com", "transmit": 20, "comment": 55, "zan": 337, "sentiment": [{"positive_prob": 0.970291, "confidence": 0.93398, "negative_prob": 0.0297091, "sentiment": 2}]}, {"text": "马云用iPhone11ProMax华为任正非用iPad这说明了什么？说明苹果的产品的确很好用。​", "author": "B总大都督", "time": "B总大都督11月14日11:29", "transmit": 90, "comment": 405, "zan": 2012, "sentiment": [{"positive_prob": 0.857485, "confidence": 0.6833, "negative_prob": 0.142515, "sentiment": 2}]}, {"text": "左为华为P30Pro，右为小米CC9Pro，同为10倍变焦拍摄，哪个好？​", "author": "科技新一", "time": "科技新一11月14日18:09", "transmit": 78, "comment": 636, "zan": 2928, "sentiment": [{"positive_prob": 0.236385, "confidence": 0.4747, "negative_prob": 0.763615, "sentiment": 0}]}, {"text": "又到了这个南方盼入冬，北方等供暖，中部抗寒靠正气的季节了。阿华温馨提醒下大家：出门前记得看看全新的华为天气哦评论区来比比看你那里的天气几度了？#北方人不知南方的冷#​", "author": "华为终端官方微博", "time": "华为终端官方微博11月14日18:01 来自微博weibo.com", "transmit": 26, "comment": 205, "zan": 462, "sentiment": [{"positive_prob": 0.886636, "confidence": 0.74808, "negative_prob": 0.113364, "sentiment": 2}]}, {"text": "【2019年度三大旗舰手机对比评测华为Mate30ProiPhone11ProMax三星Note10+】【修正版】这应该是最近做的最累的一次了，三款手机优缺点不一，很多地方的说法都拿捏了很久很久~甚至上线前也一直在调整。这次做的测试比较全面，也是想能尽可能的把三款手机的情况展现给大家看，希望大家能够喜欢。L小祥啰啰嗦的微博视频", "author": "小祥啰啰嗦", "time": "小祥啰啰嗦11月14日10:07 来自微博视频", "transmit": 55, "comment": 91, "zan": 216, "sentiment": [{"positive_prob": 0.806098, "confidence": 0.569107, "negative_prob": 0.193902, "sentiment": 2}]}, {"text": "国内的互联网公司正在觉醒，以阿里和腾讯为首的公司在紧随华为，开始在市场上大举签约各类科技人才。尤其是研究所的高级研究人才。这个趋势在今年特别明显。​", "author": "大英良心汉弗莱", "time": "大英良心汉弗莱11月14日11:13 来自iPhone7", "transmit": 87, "comment": 88, "zan": 915, "sentiment": [{"positive_prob": 0.893129, "confidence": 0.762508, "negative_prob": 0.106871, "sentiment": 2}]}, {"text": "人生最自傲的事情就是有一群铁粉一直跟随，这比晒持仓图还嘚瑟晒晒铁粉排行榜：1-27名的。进入这个圈圈就有资格抽华为mate30了哦这个月过一半了，大家速度冲榜！上榜了的也不要骄傲，小心后来居然上。尤其是27名到40名的最有希望反败为胜12月份我还有年底活动送给大家，先透露第一名奖品苹果笔记本一台。比这次的更给力噢", "author": "逍遥图腾", "time": "逍遥图腾11月14日11:10 来自360安全浏览器", "transmit": 52, "comment": 593, "zan": 1757, "sentiment": [{"positive_prob": 0.918451, "confidence": 0.818781, "negative_prob": 0.0815487, "sentiment": 2}]}, {"text": "你们要的#华为Mate30#Pro5G版体验，先发个短的~L诸葛齉齉的微博视频​", "author": "诸葛齉齉", "time": "诸葛齉齉11月14日20:38 来自微博视频", "transmit": 27, "comment": 121, "zan": 538, "sentiment": [{"positive_prob": 0.369479, "confidence": 0.178935, "negative_prob": 0.630521, "sentiment": 0}]}, {"text": "#电视剧鹤唳华亭#今天的预告又是一波高能反转，萧定权萧睿鉴父子又起争执，有点好奇今晚春闱泄题事件又会是几轮反转？华为、荣耀用户不仅可以直接用自带的#华为视频#观看，更有#追剧福利社#给你不一样的惊喜~​", "author": "剧探王", "time": "剧探王11月14日21:20 来自微博weibo.com", "transmit": 545, "comment": 607, "zan": 1119, "sentiment": [{"positive_prob": 0.986429, "confidence": 0.969843, "negative_prob": 0.0135708, "sentiment": 2}]}, {"text": "20191115唐师曾：华为的算法独家深入，诸神附体。自摄自嗨，一镜到底。关注微信：【唐师曾】【和平鸭语像】公众号。看沙和尚制造，唐师曾一个人的战地摄影​​！L唐师曾的微博视频​", "author": "唐师曾", "time": "唐师曾11月14日23:20 来自微博weibo.com", "transmit": 63, "comment": 35, "zan": 158, "sentiment": [{"positive_prob": 0.94406, "confidence": 0.875689, "negative_prob": 0.0559399, "sentiment": 2}]}, {"text": "卧槽，华为Mate30居然可以提醒你走路不要玩手机，这也许就是大家所说的人性化。​", "author": "杨超有个大梦想", "time": "杨超有个大梦想11月14日12:14 来自HUAWEIMate30", "transmit": 10, "comment": 157, "zan": 756, "sentiment": [{"positive_prob": 0.253412, "confidence": 0.436861, "negative_prob": 0.746588, "sentiment": 0}]}, {"text": "郑业成否认自己是#影视剧中最会撒娇的男生#你们觉得呢？使用华为、荣耀手机的朋友今天打开手机自带的#华为视频#看#电视剧鹤唳华亭#，听说看满60分钟有机会抽华为Mate305G手机​", "author": "娱小读同学", "time": "娱小读同学11月14日21:00 来自微博weibo.com", "transmit": 221, "comment": 343, "zan": 416, "sentiment": [{"positive_prob": 0.907009, "confidence": 0.793354, "negative_prob": 0.0929906, "sentiment": 2}]}, {"text": "华为折叠屏旗舰MateX明天开卖，价格是16999.00有没有想买的同学，告诉我一声​", "author": "那岩", "time": "那岩11月14日18:21 来自Weibo.intl", "transmit": 14, "comment": 357, "zan": 1519, "sentiment": [{"positive_prob": 0.499277, "confidence": 0.985542, "negative_prob": 0.500723, "sentiment": 1}]}, {"text": "关于Matrix Camera技术究竟是什么？目前官方没有任何明确表述，荣耀总裁赵明只说其与矩阵有关。但从#荣耀V30#设计草图看，其摄像头采用浴霸的造型，但同样也可以解释为“矩阵式”的排列，算是“实锤”了Matrix Camera很可能是以一种矩阵的算法，这其中很有可能就包含了今天曝光的“凯利算法”。@荣耀老熊 ，Matrix Camera除了矩阵还有别的含义吗？爆个料呗。", "author": "科技Milk", "time": "科技Milk11月14日16:29 来自微博weibo.com", "transmit": 46, "comment": 171, "zan": 257, "sentiment": [{"positive_prob": 0.131751, "confidence": 0.707219, "negative_prob": 0.868249, "sentiment": 0}]}, {"text": "Mate7是华为手机发展史上的大功臣，如果没有这款手机的成功，华为的高端战略还要延后一两年华为Mate7的成功，除过自身的努力外，还得感谢高通出昏招，做了个火龙810，不但助力华为成功，也间接害死了小米的高端梦！对了，爵士人生就是出自这款手机的宣传语后来魅族也搞了爵士人生，也冲击高端市场，结果……", "author": "长安数码君", "time": "长安数码君11月14日17:22 来自干翻华为的Android", "transmit": 18, "comment": 200, "zan": 534, "sentiment": [{"positive_prob": 0.97313, "confidence": 0.940289, "negative_prob": 0.0268702, "sentiment": 2}]}, {"text": "女星刘诗诗真的是用华为P30手机。​", "author": "明晞十八", "time": "明晞十八11月14日19:28 来自Android", "transmit": 10, "comment": 81, "zan": 818, "sentiment": [{"positive_prob": 0.478979, "confidence": 0.579573, "negative_prob": 0.521021, "sentiment": 1}]}, {"text": "【最新：全网最全华为产业链梳理（吐血整理）】收藏备用！​", "author": "思多金", "time": "思多金11月14日09:58 来自360安全浏览器", "transmit": 161, "comment": 6, "zan": 116, "sentiment": [{"positive_prob": 0.61293, "confidence": 0.139844, "negative_prob": 0.38707, "sentiment": 2}]}]