[{"text": "#任正非回应热点#【这就是底气！转！】华为创始人、CEO#任正非接受央视专访#，一组海报带你了解任正非的精彩观点↓↓​", "author": "央视新闻", "time": "央视新闻05月27日12:13 来自微博weibo.com", "transmit": 6496, "comment": 2107, "zan": 25753, "sentiment": [{"positive_prob": 0.922803, "confidence": 0.828451, "negative_prob": 0.0771969, "sentiment": 2}]}, {"text": "#任正非回应热点#【完整视频！任正非：华为根本不会“死”】①从没觉得我们会死亡，我们已经做了两万枚金牌奖章，上面题词是“不死的华为”。梳理一下存在的问题，胜利一定是属于我们的。②我关心教育不是关心华为，是关心我们国家。如果不重视教育，我们会重返贫穷。③我根本就不是什么英雄，我从来都不想当英雄。#任正非接受央视专访#↓L央视新闻的秒拍视频", "author": "央视新闻", "time": "央视新闻05月27日08:08 来自微博weibo.com", "transmit": 11835, "comment": 2215, "zan": 21727, "sentiment": [{"positive_prob": 0.343483, "confidence": 0.236705, "negative_prob": 0.656517, "sentiment": 0}]}, {"text": "【任正非专访43分钟完整版：华为不会死】26日晚，央视播出任正非21日在华为总部接受《面对面》专访的全部内容。戳视频看43分钟完整采访，戳链接看文字访谈实录！任正非精彩观点：“华为现在是最佳状态”、\"再穷不能穷教师\"、“国家一定要开放才有未来”。O独家专访完整版|任正非：华为根本不会“死”L全程视频-任正非接受央视专访：再穷不能穷教师​", "author": "人民日报", "time": "人民日报05月27日08:25 来自微博weibo.com", "transmit": 9697, "comment": 2441, "zan": 16374, "sentiment": [{"positive_prob": 0.051481, "confidence": 0.885598, "negative_prob": 0.948519, "sentiment": 0}]}, {"text": "#任正非接受央视专访#【转存！#央视专访任正非全文#完整视频和8000字文字实录：华为不会死】5月26日晚，央视播出5月21日下午华为创始人、CEO任正非在华为总部，接受《面对面》专访的全部内容。43分钟视频和8000字访谈实录：\"华为现在是最佳状态\"、\"不死的华为\"......任正非精彩观点集锦：1、我关心教育不是关心华为，是关心我们国家。如果不重视教育，实际上我们会重返贫穷的。2、爱国，爱这个国家，希望这个国家繁荣富强，不要再让人欺负了。3、在我们没有受到美国打压的时候，孟晚舟事件没发生的时候，我们公司是到了最危险的时候，现在是在最佳状态。4、孟晚舟在温哥华，软禁状态。不担心孟晚舟，她准备读一个“狱中博士”出来。5、海思本来就是英雄，只是此前没让他们张扬。6、（海思员工）怎么会憋着？回去老婆老表扬他，他老婆一天出去买好几个包，回来就说你看这包好不好看？不就是表扬他了吗？他不挣那么多钱老婆拿什么去买包？7、总有一天，两军会爬到山顶，希望未来不和美国人拼刺刀，会去拥抱。8、华为的钱已经够多了，有的时候放着这个钱不挣，要让别人去挣。9、我非常感谢美国公司，这三十年来美国公司伴随着我们公司成长，他们做出了很多无私的贡献，教明白了怎么去走路，特别是在今天危机时代，正体现了美国企业的良心。10、学生超过老师很正常老师不高兴打一棒也可以理解。11、（中美贸易冲突）本来就是可能长期，我们准备打持久战的，我们没有准备打短期突击战，我们突击战也打，我们以后也可能强大，我们度过这个磨合阶段，产品切换磨合这个阶段，其实我们可能更强大了。12、华为从来不用完人，总追求完美就没有希望。我只做长的这块板，让我再拼一块别人的长板，拼起来不就是一个高桶了？为什么要自己变成一个完整、完美的人？完美的人就是没用的人，我们公司从来不用完人。13、如果说我们教师的待遇不高，孩子们、优秀的人都不愿意去当老师，那只会马太效应，越来越差，越来越差。优秀的人愿意当老师，只会越来越优秀，马太效应就是这个效应。14、中美贸易的根本问题还是科技教育水平，国家一定要开放，才有未来。但是开放一定自己要强身健体，强身健体的最终是要有文化素质。15、我根本就不是什么英雄，我从来都不想当英雄。L全程视频-任正非接受央视专访：再穷不能穷教师", "author": "头条新闻", "time": "头条新闻05月27日07:50 来自微博weibo.com", "transmit": 4270, "comment": 474, "zan": 6437, "sentiment": [{"positive_prob": 0.606466, "confidence": 0.125479, "negative_prob": 0.393534, "sentiment": 2}]}, {"text": "#任正非回应热点#【转存！#任正非接受央视专访#全文实录：胜利一定属于我们】5月21日，华为创始人、CEO任正非接受央视#面对面#专访。“不死的华为”、“再穷不能穷教师”、“爱国，爱这个国家，希望这个国家繁荣富强，不要再让人欺负了”、“国家一定要开放才有未来”……访谈文字实录↓↓转存！O独家专访！文字实录任正非：华为根本不会“死”", "author": "央视新闻", "time": "央视新闻05月27日08:30 来自微博weibo.com", "transmit": 4927, "comment": 1254, "zan": 9344, "sentiment": [{"positive_prob": 0.478483, "confidence": 0.569667, "negative_prob": 0.521517, "sentiment": 1}]}, {"text": "【美国动用国家力量打压他国企业，法国阿尔斯通的前车之鉴，世界警惕！】本月23日，外交部发言人陆慷在回答有关华为公司的相关提问时表示，任何企业都不会枉顾自己的切身利益，轻易盲从他国因为一己私利的无理要求。绝大多数国家都还没有忘记法国阿尔斯通公司的前车之鉴，对美国政府运用国家力量打压他国企业、干扰市场运行、阻挠他国互利合作的行径始终保持着高度警惕。法国阿尔斯通公司曾经被称作法国的“工业明珠”，但2014年，阿尔斯通却被拆分，其最重要的电力和电网业务被美国通用公司收购。而在这项交易的背后，正是美国动用司法力量在市场之外开展“长臂管辖”，打压他国企业的操作手法。O美国动用国家力量打压他国企业，法国阿尔斯通的前车之鉴，世界警惕！", "author": "中国之声", "time": "中国之声05月27日11:02 来自360安全浏览器", "transmit": 756, "comment": 290, "zan": 1427, "sentiment": [{"positive_prob": 0.983045, "confidence": 0.962321, "negative_prob": 0.0169554, "sentiment": 2}]}, {"text": "#任正非回应热点#【这就是底气！转！】华为创始人、CEO#任正非接受央视专访#，一组海报带你了解任正非的精彩观点↓↓via央视​", "author": "环球网", "time": "环球网05月27日12:15", "transmit": 407, "comment": 147, "zan": 1734, "sentiment": [{"positive_prob": 0.922891, "confidence": 0.828647, "negative_prob": 0.0771088, "sentiment": 2}]}, {"text": "华为绝对是个伟大的企业大家需要理智，不应该“绑架”华为华为承担的太多让华为安心做应该做的事​", "author": "郎咸平", "time": "郎咸平05月27日09:46 来自iPhone7", "transmit": 506, "comment": 0, "zan": 8899, "sentiment": [{"positive_prob": 0.479111, "confidence": 0.582214, "negative_prob": 0.520889, "sentiment": 1}]}, {"text": "【任正非：美国都没做出来，我去哪儿偷美国的技术？】当地时间5月27日，彭博社播出了华为创始人兼CEO任正非接受该台记者专访的视频。专访中，主持人提到有人指责华为窃取技术时，任正非回应，“那是我们偷美国明天的技术？美国都没有做出来，我去哪儿偷美国的技术啊？他们偷我们的技术还差不多吧。”（《环球时报》三缺二视频组）@这视频L这视频的秒拍视频", "author": "环球时报", "time": "环球时报05月27日15:30 来自微博weibo.com", "transmit": 491, "comment": 391, "zan": 2080, "sentiment": [{"positive_prob": 0.620682, "confidence": 0.157071, "negative_prob": 0.379318, "sentiment": 2}]}, {"text": "【任正非：不赞同报复苹果，苹果是我们的老师】当地时间5月27日，彭博社播出专访华为创始人兼CEO任正非的节目。任正非表示，他反对针对苹果公司的报复性措施。任正非说，“苹果是我的老师，它比我们更加先进，我作为一个学生，为什么要反对老师？绝不会的。”（《环球时报》三缺二视频组）@这视频L这视频的秒拍视频", "author": "环球时报", "time": "环球时报05月27日15:10 来自微博weibo.com", "transmit": 537, "comment": 516, "zan": 1947, "sentiment": [{"positive_prob": 0.687602, "confidence": 0.305782, "negative_prob": 0.312398, "sentiment": 2}]}, {"text": "#微软通用等美企警告特朗普政府#【微软、通用等警告特朗普政府：封杀华为将让美国自我孤立，削弱美国创新能力】在美国接二连三打击华为之时，美国企业和美国媒体却向特朗普政府表达担忧。彭博社25日说，封杀华为等中国企业可能会让美国“引火烧身”，微软、通用电气等美企已给美国商务部提交书面意见，就华盛顿封杀中国企业的行为表达担忧。“我们越是不断将经济战争与国家安全利益混为一谈，我们就越开始把一切都视为国家安全，”安全软件公司奥米勒斯(Omelas)CEO埃文娜表示，“当你手里拿着锤子时，所有东西看起来都像钉子。”#微软通用警告特朗普政府#O微软、通用等警告特朗普政府：封杀华为将让美国自我孤立，削弱美...", "author": "环球网", "time": "环球网05月27日09:13 来自微博weibo.com", "transmit": 1817, "comment": 2045, "zan": 6303, "sentiment": [{"positive_prob": 0.928611, "confidence": 0.841357, "negative_prob": 0.0713895, "sentiment": 2}]}, {"text": "【完整视频！任正非：华为根本不会“死”】①从没觉得我们会死亡，我们已经做了两万枚金牌奖章，上面题词是“不死的华为”。梳理一下存在的问题，胜利一定是属于我们的。②我关心教育不是关心华为，是关心我们国家。如果不重视教育，我们会重返贫穷。③我根本就不是什么英雄，我从来都不想当英雄↓@央视新闻L央视新闻的秒拍视频", "author": "共青团中央", "time": "共青团中央05月27日09:01", "transmit": 1801, "comment": 696, "zan": 4635, "sentiment": [{"positive_prob": 0.148177, "confidence": 0.670718, "negative_prob": 0.851823, "sentiment": 0}]}, {"text": "#任正非央视采访#完整视频来啦：O美国以为架几门炮就能吓唬一个国家？任正非：他们可能误判了（全文）划重点：1、我们已经做了两万枚奖章，上面写是“不死的华为”，我们根本不认为会死。2、胜利一定是属于我们，一些高端产品美国也没办法，我们完全靠自己，不靠美国。3、美国以为架起几门炮就吓唬一个国家的时代，可能误判了。以为抓一个人就摧毁了我们的意志，也误判了。4、如果不重视教育，实际上我们会重返贫穷的，因为社会注定是要走向人工智能的。5、要从最基础的抓起，要尊师重教，让人才在创新领域去搏击，争取国家新的前途和命运。6、老师是人类社会的灵魂工程师，再穷也不能穷老师，再穷也要对未来投资。7、中美贸易根本的问题是教育水平，国家一定要开放才有未来。8、我们决不会和美国人拼刺刀，我们会去拥抱，我们理想是为人类服务，又不是为了消灭别人。9、现在华为员工全体振奋，个个战斗力在蒸蒸日上，这个时候应该是在最佳状态了。L央视新闻的秒拍视频", "author": "新浪科技", "time": "新浪科技05月27日08:17 来自微博weibo.com", "transmit": 815, "comment": 132, "zan": 1450, "sentiment": [{"positive_prob": 0.968419, "confidence": 0.929821, "negative_prob": 0.0315807, "sentiment": 2}]}, {"text": "【任正非专访43分钟完整版：华为不会死】26日晚，央视播出任正非21日在华为总部接受《面对面》专访的全部内容。戳视频看43分钟完整采访，戳链接看文字访谈实录！任正非精彩观点：“华为现在是最佳状态”、\"再穷不能穷教师\"、“国家一定要开放才有未来”。L全程视频-任正非接受央视专访：再穷不能穷教师O独家专访完整版|任正非：华为根本不会“死”​", "author": "环球时报", "time": "环球时报05月27日08:50 来自微博weibo.com", "transmit": 834, "comment": 238, "zan": 1435, "sentiment": [{"positive_prob": 0.0238925, "confidence": 0.946905, "negative_prob": 0.976107, "sentiment": 0}]}, {"text": "【美对华为禁令引发美国内质疑外交部：毫不奇怪】昨天，《纽约时报》头版刊发了一篇封面文章称，美国政府的华为禁令导致美农村地区无线基础设施建设被迫中断，美农场主面临无法及时与外界联络的境遇。有评论称，美国政府加大对华“遏制”，反而使得美农民深陷“雪上加霜”的处境。外交部发言人陆慷今天表示，美国政府某些人竭力打压华为，一方面始终拿不出任何证据；另一方面却对美国民众产生了实实在在的伤害。美国国内对此有质疑和反对的声音，这毫不奇怪。", "author": "人民日报", "time": "人民日报05月27日18:29 来自微博weibo.com", "transmit": 429, "comment": 594, "zan": 2680, "sentiment": [{"positive_prob": 0.189572, "confidence": 0.578729, "negative_prob": 0.810428, "sentiment": 0}]}, {"text": "【邬贺铨院士谈华为事件：#华为已熟练掌握ARM架构修改#，能抵挡暂时性困难】中国工程院院士邬贺铨在数博会上表示，被美国列入“实体名单”的华为有着丰富经验，针对芯片设计商ARM“断供”，它已熟练掌握ARM架构修改，能够抵住暂时性困难，而鸿蒙操作系统得兼容安卓App。L老板联播的秒拍视频​", "author": "新浪科技", "time": "新浪科技05月27日07:14 来自微博weibo.com", "transmit": 271, "comment": 488, "zan": 2600, "sentiment": [{"positive_prob": 0.772815, "confidence": 0.495145, "negative_prob": 0.227185, "sentiment": 2}]}, {"text": "【美对华为禁令引发美国内质疑外交部：美无证据打压出现反对声不奇怪】昨日《纽约时报》头版刊发封面文章称，美国政府的华为禁令导致美农村地区无线基础设施建设被迫中断，美农场主面临无法及时与外界联络的境遇。有评论称，美国政府加大对华“遏制”，反而使得美农民深陷“雪上加霜”的处境。针对美国政府此前宣布的农业补贴，美各大农业协会也纷纷向美政府喊话，他们要的不是“创可贴”，而是能让农民活下去的长久之计。外交部发言人陆慷今天表示，美方打压华为既拿不出证据，又对美民众产生了实实在在的影响，有质疑和反对的声音毫不奇怪。（央视记者朱若梦）", "author": "央视新闻", "time": "央视新闻05月27日17:49 来自微博weibo.com", "transmit": 311, "comment": 339, "zan": 2556, "sentiment": [{"positive_prob": 0.42975, "confidence": 0.0450003, "negative_prob": 0.57025, "sentiment": 0}]}, {"text": "【任正非专访43分钟完整版：华为不会死】26日晚，央视播出任正非21日在华为总部接受《面对面》专访的全部内容。戳视频看43分钟完整采访→L央视新闻的秒拍视频戳链接看文字访谈实录→O独家专访！文字实录任正非：华为根本不会“死”精彩观点：“华为现在是最佳状态”、再穷不能穷教师、“国家一定要开放才有未来”。​", "author": "人民网", "time": "人民网05月27日09:00 来自人民网微博", "transmit": 850, "comment": 185, "zan": 1314, "sentiment": [{"positive_prob": 0.0318127, "confidence": 0.929305, "negative_prob": 0.968187, "sentiment": 0}]}, {"text": "【任正非：未来#美国想买华为也不卖#】5月27日，任正非接受《彭博社》专访称：“美国从来就没有买过我们的东西，怎么跟我谈判。未来如果美国想买我们的东西，我可能不会卖给他们。没有谈判的必要。特朗普打电话给我，我都不会接。我看到他的推特了，我觉得很好笑。”@五环短视频http://t.cn/ECLs15x​", "author": "新浪科技", "time": "新浪科技05月27日13:30 来自微博weibo.com", "transmit": 332, "comment": 130, "zan": 1902, "sentiment": [{"positive_prob": 0.51568, "confidence": 0.6864, "negative_prob": 0.48432, "sentiment": 1}]}, {"text": "#任正非回应热点#【完整视频！任正非：华为根本不会“死”】①从没觉得我们会死亡，我们已经做了两万枚金牌奖章，上面题词是“不死的华为”。梳理一下存在的问题，胜利一定是属于我们的。②我关心教育不是关心华为，是关心我们国家。如果不重视教育，我们会重返贫穷。③我根本就不是什么英雄，我从来都不想当英雄。L央视新闻的秒拍视频", "author": "中国新闻网", "time": "中国新闻网05月27日09:17 来自微博weibo.com", "transmit": 388, "comment": 91, "zan": 684, "sentiment": [{"positive_prob": 0.250289, "confidence": 0.443803, "negative_prob": 0.749711, "sentiment": 0}]}, {"text": "任正非接受彭博社专访，沉稳回应热点：“美国都没做出来，我去哪里偷？”“如果特朗普打电话我还不一定接，将来美国想买我还不一定卖”“华为手机可大可小，能活下来就很好”“两三年以后，你可以再来采访我们，看看华为还在不在。如果两三年后，我们就不在了，那你就带一朵鲜花放在我们的坟墓上。”L微丢的秒拍视频", "author": "观察者网", "time": "观察者网05月27日19:20 来自微博weibo.com", "transmit": 2201, "comment": 667, "zan": 2897, "sentiment": [{"positive_prob": 0.208064, "confidence": 0.537635, "negative_prob": 0.791936, "sentiment": 0}]}, {"text": "【任正非接受央视专访：不接受民族英雄的称号，从来都不想当英雄】华为创始人、CEO任正非在华为总部接受央视专访，任正非表示，我根本就不是什么英雄，我从来都不想当英雄。任何时候我们是在做一个商业性的东西，商品的买卖不代表政治态度，这个时代变了，怎么买苹果手机就是不爱国？哪能这么看？那还开放给人干什么。商品就是商品，商品是个人喜好构成的，这根本没啥任何关系。媒体炒作有时候偏激，偏激的思想容易产生民粹主义，对一个国家是没好处的。L新浪财经的秒拍视频", "author": "新京报", "time": "新京报05月27日09:14 来自微博weibo.com", "transmit": 242, "comment": 342, "zan": 592, "sentiment": [{"positive_prob": 0.0190677, "confidence": 0.957627, "negative_prob": 0.980932, "sentiment": 0}]}, {"text": "#华为外籍高管舌战美媒#【全程高能！“我们有个巨大优势”华为外籍高管舌战美媒】随着华为事件发酵，一段5月7日的采访在这两天引发网友关注。华为美国公司首席安全官安迪·珀迪7日接受美国有线－卫星公共事务网络C-SPAN的采访。这位前律师、前联邦检察官、前国土安全部员工，在面对主持人刁钻的问题时，思路清晰，回答全程高能。关于当前华为与美国的关系、华为设备的网络安全、两套独立5G网络的可能性、是否会关闭一部分服务等，安迪均一一化解。戳视频了解详情。（视频来源：@WatchThis字幕组：L华为美国公司首席安全官采访全程看他一一化解嘉宾全部刁钻问题）O网页链接L凤凰网视频的微博视频", "author": "凤凰网视频", "time": "凤凰网视频05月27日20:26", "transmit": 2517, "comment": 419, "zan": 3469, "sentiment": [{"positive_prob": 0.967162, "confidence": 0.927026, "negative_prob": 0.0328382, "sentiment": 2}]}, {"text": "#任正非接受央视专访#【8000字访谈震撼人心！\"华为现在是最佳状态\"、\"不死的华为\"...#任正非15大观点#发人深省（附视频）】任正非精彩观点集锦：1、我关心教育不是关心华为，是关心我们国家。如果不重视教育，实际上我们会重返贫穷的。2、爱国，爱这个国家，希望这个国家繁荣富强，不要再让人欺负了。3、在我们没有受到美国打压的时候，孟晚舟事件没发生的时候，我们公司是到了最危险的时候，现在是在最佳状态。4、孟晚舟在温哥华，软禁状态。不担心孟晚舟，她准备读一个“狱中博士”出来。5、海思本来就是英雄，只是此前没让他们张扬。6、（海思员工）怎么会憋着？回去老婆老表扬他，他老婆一天出去买好几个包，回来就说你看这包好不好看？不就是表扬他了吗？他不挣那么多钱老婆拿什么去买包？7、总有一天，两军会爬到山顶，希望未来不和美国人拼刺刀，会去拥抱。8、华为的钱已经够多了，有的时候放着这个钱不挣，要让别人去挣。9、我非常感谢美国公司，这三十年来美国公司伴随着我们公司成长，他们做出了很多无私的贡献，教明白了怎么去走路，特别是在今天危机时代，正体现了美国企业的良心。10、学生超过老师很正常老师不高兴打一棒也可以理解。11、（中美贸易冲突）本来就是可能长期，我们准备打持久战的，我们没有准备打短期突击战，我们突击战也打，我们以后也可能强大，我们度过这个磨合阶段，产品切换磨合这个阶段，其实我们可能更强大了。12、华为从来不用完人，总追求完美就没有希望。我只做长的这块板，让我再拼一块别人的长板，拼起来不就是一个高桶了？为什么要自己变成一个完整、完美的人？完美的人就是没用的人，我们公司从来不用完人。13、如果说我们教师的待遇不高，孩子们、优秀的人都不愿意去当老师，那只会马太效应，越来越差，越来越差。优秀的人愿意当老师，只会越来越优秀，马太效应就是这个效应。14、中美贸易的根本问题还是科技教育水平，国家一定要开放，才有未来。但是开放一定自己要强身健体，强身健体的最终是要有文化素质。15、我根本就不是什么英雄，我从来都不想当英雄。O任正非8000字访谈震撼人心！\"华为现在是最佳状态\"、\"不死的华为\"！15大观点发人深省（附视频）", "author": "每日经济新闻", "time": "每日经济新闻05月27日05:54 来自微博weibo.com", "transmit": 452, "comment": 147, "zan": 1249, "sentiment": [{"positive_prob": 0.706176, "confidence": 0.347058, "negative_prob": 0.293824, "sentiment": 2}]}, {"text": "华为PTSD患者已经疯了，扬言见一个华为粉打死一个……​", "author": "上帝之鹰_5zn", "time": "上帝之鹰_5zn05月27日08:47 来自微博weibo.com", "transmit": 287, "comment": 1402, "zan": 1187, "sentiment": [{"positive_prob": 0.0804442, "confidence": 0.821235, "negative_prob": 0.919556, "sentiment": 0}]}, {"text": "【#任正非谈美国禁令#：如果美国公司断供，华为就多用自己的芯片】华为创始人任正非在彭博社的采访中回应，如果美国公司断供零部件和软件，华为还能生存多久？他表示，美国管辖的是美国公司，并不是世界警察，其他国家是否要和华为合作要看他们自己的利益判断。“如果美国公司断供，华为就多用自己的芯片，我们做好了持续计划。”@老板联播L老板联播的秒拍视频", "author": "新浪财经", "time": "新浪财经05月27日11:52 来自微博weibo.com", "transmit": 193, "comment": 144, "zan": 633, "sentiment": [{"positive_prob": 0.887298, "confidence": 0.74955, "negative_prob": 0.112703, "sentiment": 2}]}, {"text": "【#任正非谈美国禁令#：美国将来想买华为我还不一定卖给他呢】5月27日，任正非在接受彭博采访的栏目中谈到特朗普的禁令决定时，任正非笑道，在他看来，特朗普发的很多条推特都十分可笑，自相矛盾，无法自圆其说。“美国从来没有买过我的东西，怎么跟我谈啥判啊，将来他想买，我还不一定卖给他呢。”@大佬时间L大佬时间的秒拍视频", "author": "新浪财经", "time": "新浪财经05月27日11:08 来自微博weibo.com", "transmit": 163, "comment": 125, "zan": 649, "sentiment": [{"positive_prob": 0.578555, "confidence": 0.063455, "negative_prob": 0.421445, "sentiment": 2}]}, {"text": "【任正非专访43分钟完整版：华为不会死】26日晚，央视播出任正非21日在华为总部接受《面对面》专访的全部内容。戳视频看43分钟完整采访，戳链接看文字访谈实录！任正非精彩观点：\"华为现在是最佳状态\"、\"再穷不能穷教师\"、\"国家一定要开放才有未来！\"L全程视频-任正非接受央视专访：再穷不能穷教师​", "author": "紫光阁", "time": "紫光阁05月27日09:31 来自紫宝宝的Android", "transmit": 1033, "comment": 293, "zan": 2183, "sentiment": [{"positive_prob": 0.202139, "confidence": 0.550803, "negative_prob": 0.797861, "sentiment": 0}]}, {"text": "【前阿尔斯通被捕高管：美国希望控制整个世界的贸易，所有国家都应团结起来，昨天是我们，今天是华为，明天又会是谁？】2019年初，以前法国阿尔斯通公司高管皮耶鲁齐的亲身经历写成的《美国陷阱》引起巨大反响，揭露美国政府打击美国企业竞争对手的内幕。皮耶鲁齐2013年在美国机场被美国联邦调查局逮捕，并被起诉入狱。之后，美国司法部指控皮耶鲁齐涉嫌商业贿赂，并对阿尔斯通处以7.72亿美元罚款，阿尔斯通的电力业务最终被行业内的主要竞争对手美国通用电气公司收购。皮耶鲁齐近日在巴黎接受新华社记者专访时说，他在出版《美国陷阱》这本书前犹豫了很久，但现在并不后悔，“我认为我的经历有助于让企业管理者、员工和政治家们清醒地意识到问题的严重性”。问：你认为“美国陷阱”的本质是什么？答：我在书中依据事实和法律进行了详细分析，“美国陷阱”就是美国利用其法律作为经济战的武器，削弱其竞争对手，有时是为了低价收购竞争对手。问：书中讲述美国利用国内法打压阿尔斯通，美国以何种手段达到这一目的？答：2013年，阿尔斯通已被美国司法部调查3年多，但当时阿尔斯通首席执行官柏珂龙决定不与美国当局合作。美国人失去了耐心，决定逮捕我，以此向阿尔斯通首席执行官传递一个明确信号：如果你继续不配合，你将是下一个进监狱的人。恰恰在我被捕后，阿尔斯通开始与美国司法部全面合作。为了自保，首席执行官背着法国政府及阿尔斯通管理层的大部分人，通过秘密协商，将包括电力在内的公司四分之三业务卖给美国通用电气公司。问：你为何在书中说，你的经历反映了美国把“法律”和“道德”作为经济战武器发起打击法国和欧洲的秘密战争？答：美国希望控制整个世界的贸易。为此，冷战结束后，它重新定位了自己的情报机构，侧重于收集经济情报和秘密监视竞争对手，就像斯诺登所揭发的那样。它还打着道德幌子，针对它的国外竞争对手设立域外法，比如《反海外腐败法》。这部法律1977年出台，但此后20多年没有被用过。1998年，美国决定把它变成域外法。比如，只要外国公司用美元交易或者公司使用了服务器在美国的邮件系统，美国就认为他们对这个公司及员工所做的一切有了司法管辖权。美国还向经济合作与发展组织施压，让其所有成员从1998年开始要求出口企业遵守《反海外腐败法》。随后，美国2001年颁布《爱国者法案》。该法案经2005年修订后，允许美国情报机构在工业领域开展经济间谍活动，从此《反海外腐败法》得以应用，美国司法部主要针对欧洲公司展开行动。迄今为止，已根据此法缴纳罚款超过1亿美元的29家企业中，15家是欧洲企业，而美国企业只有6家！自2010年以来，仅法国公司因违反美国域外法就给美国国库支付了近140亿美元罚款。问：美国的迫害给你的家庭和个人带来什么影响？答：我在美国的监禁期超过25个月，其中包括14个月被关在高度警戒的监狱。这期间，我只隔着玻璃见过我妻子两次，我见不到我的4个孩子。我被监禁期间，阿尔斯通在美国司法部要求下以“放弃职位”为由将我解雇。我的职业生涯被毁了。问：美国打压中国企业华为，对其实施“科技禁运”。你怎么看美国政府频频在国际事务中实施单边制裁和“长臂管辖”？答：通过收购阿尔斯通，美国已获得维护所有法国核电站的权力，这些核电站提供法国75%的电力。由于没有一手资料，我无法评论华为事件的实质。但我们可以看到，美国当局对华为采用的策略非常类似于针对阿尔斯通的策略。从背景看，当然还有美国对中国发起的贸易战，特别是5G技术，众所周知，华为已领先竞争对手。美国总统特朗普对此毫不隐瞒。真相路人皆知，任何人都无法忽视美国将法律作为经济战争武器的事实。所有国家都应团结起来，抵制美国的单边主义。昨天是阿尔斯通，今天是华为，那么明天又会是谁？现在是欧洲和中国做出回击的时候了。O“昨天是阿尔斯通，今天是华为，明天又会是谁？”——《美国陷阱》作...（新华社）", "author": "观察者网", "time": "观察者网05月27日15:38 来自微博weibo.com", "transmit": 3206, "comment": 911, "zan": 3181, "sentiment": [{"positive_prob": 0.830891, "confidence": 0.624203, "negative_prob": 0.169109, "sentiment": 2}]}, {"text": "【#央视专访任正非全文#：我根本就不是什么英雄国家的未来就是教育】日前，华为创始人、CEO任正非在深圳华为总部接受了央视《面对面》专访。在外界普遍关心华为发展之时，任正非却用大篇幅谈到基础教育问题。任正非认为，华为现在正是最佳的状态，胜利一定是属于我们的，但如果不重视教育，实际上我们会重返贫穷的。谈及“民族英雄”这个称号，任正非表示：不接受，狗熊。我根本就不是什么英雄，我从来都不想当英雄。媒体炒作有时候偏激，偏激的思想容易产生民粹主义，对一个国家是没好处的。O央视专访任正非全文：华为不会死亡，国家的未来就是教育", "author": "头条新闻", "time": "头条新闻05月27日07:21 来自微博weibo.com", "transmit": 524, "comment": 361, "zan": 1249, "sentiment": [{"positive_prob": 0.208328, "confidence": 0.537048, "negative_prob": 0.791672, "sentiment": 0}]}]