[{"text": "【孟晚舟保释后发声】已回到家人身边，以华为和祖国为傲！这位女企业家的沉着、冷静，值得敬重.....​", "author": "黄刚", "time": "黄刚2018年12月12日16:06 来自iPhoneX", "transmit": 2578, "comment": 9348, "zan": 47521}, {"text": "华为这组广告，令人怦然心动！伟大的背后都是苦难！（罗曼罗兰）#孟晚舟获得保释##孟晚舟保释后发朋友圈##前加拿大外交官康明凯在中国被拘#​", "author": "韩东言", "time": "韩东言2018年12月12日22:20 来自HUAWEIMate20X", "transmit": 2852, "comment": 2990, "zan": 32266}, {"text": "【孟晚舟保释后首次发声：为华为骄傲，为祖国骄傲】当地时间11日，孟晚舟获得保释。当晚，走出法庭的孟晚舟发朋友圈，这是她在事发后首次发声。以下是孟晚舟朋友圈全文：我在温哥华，已回到家人身边，我以华为为傲，我以祖国为傲！谢谢每一位关心我的人。孟晚舟#孟晚舟保释后发朋友圈#​", "author": "环球网", "time": "环球网2018年12月12日15:39", "transmit": 49912, "comment": 39456, "zan": 288063}, {"text": "【华为CFO孟晚舟离开法院获准保释后首次露面】当地时间11日，加拿大不列颠哥伦比亚省高等法院继续举行对孟晚舟的保释听证。听证会上，孟晚舟获准保释。听证会结束后，孟晚舟在安保公司狮门（LionsGate）行政总裁法勒（ScotFiler）等人的簇拥下离开法院。据加拿大环球新闻网等外媒发布的视频显示，孟晚舟等人离开法庭时，全程拒绝回答记者的问题。一行人登上黑色的休旅车离去，孟晚舟丈夫刘晓棕未见同行。", "author": "人民日报海外版-海外网", "time": "人民日报海外版-海外网2018年12月12日14:22 来自微博weibo.com", "transmit": 16273, "comment": 11018, "zan": 58642}, {"text": "我们期待美国和加拿大政府能及时、公正地结束这一事件。我们的CFO孟晚舟女士近期在被加拿大当局代表美国政府暂时扣留之后，今天法庭做出判决，同意保释。我们相信加拿大和美国的法律体系后续会给出公正的结论。正如我们一直强调的，华为遵守业务所在国的所有适用法律法规，包括联合国、美国和欧盟适用的出口管制和制裁法律法规。", "author": "华为中国", "time": "华为中国2018年12月12日08:11 来自微博weibo.com", "transmit": 42457, "comment": 32172, "zan": 234137}, {"text": "【#孟晚舟保释#后发声：已回到家人身边以华为和祖国为傲】在经历了前后3天的听证会后，华为CFO孟晚舟被加拿大法庭准许保释。孟晚舟在朋友圈发文称，我在温哥华，已回到家人身边。我以华为为傲，我以祖国为傲！谢谢每一位关心我的人。O直击|孟晚舟：我已回到家人身边以华为和祖国为傲​", "author": "新浪科技", "time": "新浪科技2018年12月12日15:42 来自微博weibo.com", "transmit": 3108, "comment": 1937, "zan": 75642}, {"text": "【特朗普称可能干预孟晚舟案件外交部这样回应】日前，美国总统特朗普对媒体表示，如果有利于国家安全或达成对华贸易协定，他将干预司法部门针对中国华为公司高管的案件。在12日的外交部例行记者会上有记者询问中方是否欢迎特朗普此举，对此，发言人陆慷表示，美方人士非常清楚中方在孟晚舟事件上的立场。任何美方人士，特别是美国政府的领导人和高层人士，如果愿意作出积极努力，推动这个事情朝着正确的方向解决，当然是值得欢迎的。（环球时报）", "author": "人民日报海外版-海外网", "time": "人民日报海外版-海外网2018年12月12日17:00 来自微博weibo.com", "transmit": 23491, "comment": 15872, "zan": 96357}, {"text": "#华为CFO孟晚舟被捕#【孟晚舟获得保释】当地时间11日下午3点多，加拿大不列颠哥伦比亚省高等法院法官宣布，准许孟晚舟女士获得保释。法官在声明中表示，逮捕孟女士是基于美国的要求，但是美国方面尚未对孟女士正式提出引渡要求。法官给美国提出的向加拿大提出引渡要求的期限是60天。考虑到孟女士在中国和其他地方都没有刑事犯罪记录，以及目前存在健康问题，加上她本人目前愿意居住在温哥华等诸多情况，决定同意她保释。（央视记者张森）", "author": "央视新闻", "time": "央视新闻2018年12月12日07:08 来自微博weibo.com", "transmit": 13683, "comment": 16541, "zan": 54871}, {"text": "#孟晚舟获得保释#【加媒公布保释金来源：前华为员工提供50万加元的房产担保】加拿大媒体GlobalNews的一名记者在社交媒体上公布了孟晚舟1000万加元保释金的来源：700万现金来自孟晚舟的丈夫、邻居瑜伽教练5万加元、温哥华一名女士85万加元的房产、前华为员工50万加元的房产、温哥华一房产经纪人180万加元的房产、负责孟晚舟保释期间个人安全的公司CEO1000加元。#狮门安保CEO出1000加元#", "author": "中国日报", "time": "中国日报2018年12月12日14:09 来自微博weibo.com", "transmit": 7450, "comment": 4642, "zan": 22162}, {"text": "#孟晚舟保释后发朋友圈##孟晚舟保释后发朋友圈##孟晚舟一边擦泪一边微笑#华为，中华有为。沦为两个国家间博弈的一位女人，很心疼但也很无奈。但出于对华为对祖国的责任，必定先为华为CFO，再为女儿，再为妻子，再为母亲。政治可能最不缺的就是牺牲品。马航未解之谜、张教授自杀去世……人们为它们一个个蒙上遮羞布，因为背后真实情况可能更不堪更血腥更暴力更残忍更尔虞我诈更勾心斗角。纵观这几天心中对华为的好感度直线上升中华有为，让我感觉到华为的民族感和大局观。孟晚舟在加拿大被逮捕的消息传出后，华为及时回应，不卑不亢，给国人打了一针镇定剂，也向世界表明态度。孟晚舟保释成功后，华为及时又进行了第二次回应。而孟晚舟本人巾帼不让须眉。有气质，长得温婉大气，家世好，个人能力也出色，还要继续攻读博士我作为中国人我很骄傲，支持国产，支持华为。", "author": "胖子海蘭", "time": "胖子海蘭2018年12月12日17:38 来自乐2Pro", "transmit": 265, "comment": 587, "zan": 3373}, {"text": "封.杀华为的第10天，11个国.家网络瘫.痪#孟晚舟一边擦泪一边微笑#​", "author": "机智大夫", "time": "机智大夫2018年12月12日12:01 来自微博weibo.com", "transmit": 977, "comment": 542, "zan": 3195}, {"text": "【#特朗普首次就孟晚舟事件表态#：如有利于美国，肯定会干预】特朗普表态了。针对孟晚舟事件表态。据加拿大环球新闻网11日报道,特朗普周二就美国司法部针对华为高管的法律行动表态称,如果有助于与北京达成贸易协定,他必然会出面干预此事。加拿大环球新闻网说,特朗普当日是在白宫接受路透社采访时回应孟晚舟在加拿大被拘押事件的。特朗普说,“如果我觉得这有利于国家,如果我觉得这有利于我们达成史上最大贸易协定,这很重要,有利于国家安全,我肯定会在我觉得有必要这样做的时候干预。”文章说,加拿大是应美国当局要求拘押孟晚舟,如果被引渡到美国,她将被控欺诈罪。但文章没有说,特朗普所说的“干预”,具体指什么。稍早前,孟晚舟第三次保释听证会在温哥华结束,她获准保释,条件包括支付1000万加元保释金(其中700万必须是现金)等。华为对此回应称,我们的CFO孟晚舟女士近期在被加拿大当局代表美国政府暂时扣留之后,今天法庭做出判决,同意保释。我们相信加拿大和美国的法律体系后续会给出公正的结论。正如我们一直强调的,华为遵守业务所在国的所有适用法律法规,包括联合国、美国和欧盟适用的出口管制和制裁法律法规。我们期待美国和加拿大政府能及时、公正地结束这一事件。L环视频的秒拍视频", "author": "环球网", "time": "环球网2018年12月12日09:37", "transmit": 1746, "comment": 3004, "zan": 4201}, {"text": "#头条快讯#【特朗普首次就孟晚舟事件表态：如有利于美国，肯定会干预】特朗普表态了。针对孟晚舟事件表态。据加拿大环球新闻网11日报道,特朗普周二就美国司法部针对华为高管的法律行动表态称,如果有助于与北京达成贸易协定,他必然会出面干预此事。加拿大环球新闻网说,特朗普当日是在白宫接受路透社采访时回应孟晚舟在加拿大被拘押事件的。特朗普说,“如果我觉得这有利于国家,如果我觉得这有利于我们达成史上最大贸易协定,这很重要,有利于国家安全,我肯定会在我觉得有必要这样做的时候干预。”文章说,加拿大是应美国当局要求拘押孟晚舟,如果被引渡到美国,她将被控欺诈罪。但文章没有说,特朗普所说的“干预”,具体指什么。稍早前,孟晚舟第三次保释听证会在温哥华结束,她获准保释,条件包括支付1000万加元保释金(其中700万必须是现金)等。华为对此回应称,我们的CFO孟晚舟女士近期在被加拿大当局代表美国政府暂时扣留之后,今天法庭做出判决,同意保释。我们相信加拿大和美国的法律体系后续会给出公正的结论。正如我们一直强调的,华为遵守业务所在国的所有适用法律法规,包括联合国、美国和欧盟适用的出口管制和制裁法律法规。我们期待美国和加拿大政府能及时、公正地结束这一事件。（环球网）", "author": "头条新闻", "time": "头条新闻2018年12月12日09:40 来自微博weibo.com", "transmit": 7355, "comment": 8678, "zan": 20768}, {"text": "孟晚舟获得保释，但对华为的影响还是很大。美国让加拿大逮捕孟晚舟女士，目的是打击华为，进而遏制中国在5G技术上的崛起。这种做法很可耻，是典型的保护主义行径。​", "author": "郎咸平", "time": "郎咸平2018年12月12日07:55 来自iPhone7", "transmit": 1702, "comment": 0, "zan": 27734}, {"text": "#莆田看天下#听说#前加拿大外交官被拘#，美国记者来劲了记者马修·李：前加拿大外交官被拘，你怎么看？美国国务院副发言人：深表关切，敦促中国停止此行为。马修·李：那你敦不敦促加拿大停止此行为？副发言人：（装作听不懂）马修·李：你们觉得加拿大这么做可以，中国这么做就不行。副发言人：（答非所问）马修·李：所以你觉得中国没有正当理由这么做？副发言人：…哎呀你去问别人吧。#孟晚舟获得保释##华为回应孟晚舟保释##孟晚舟保释听证##前加拿大外交官被拘#L微丢的秒拍视频", "author": "莆田广播电视台", "time": "莆田广播电视台2018年12月12日10:46 来自HUAWEIP10Plus", "transmit": 1387, "comment": 268, "zan": 4883}, {"text": "【真相！孟晚舟的“三本护照”到底从何而来】加拿大法院在法庭上公开了孟晚舟三本香港特区护照的照片，显示她领取第一本特区护照后，因为结婚随香港习俗冠夫姓，变成“刘孟晚舟”而获发新的护照。之后因华为的法律部门指“刘孟”与华为员工纪录的名字不符，或会导致工作及出入境不便，孟于是再申请改名为“孟晚舟”，再次获发护照。三本护照的有效期相同，都是2021年10月18日。在第二、三本护照的备注页上，入境处已注明“此护照属补发前护照第XXXXXX号，有效日期至2021年10月18日”。三本护照当中，第一、二本已被剪角，只有第三本则是完整有效。O孟晚舟獲保釋｜「三本護照」真相浮出（大公文汇全媒体）", "author": "环球时报", "time": "环球时报2018年12月12日15:50 来自微博weibo.com", "transmit": 1414, "comment": 2410, "zan": 5649}, {"text": "#孟晚舟获得保释##华为回应孟晚舟保释#1）当地时间11日上午10时，对华为CFO孟晚舟的第三次保释听证会在加拿大不列颠哥伦比亚省高等法院结开始。最终，法官表示孟晚舟可以保释，保释金为1000万加元，其中700万必须是现金；2）自孟晚舟12月6日在加拿大转机时被扣留以来，华为官方一直表明，相信美国和加拿大的法律体系会给出公正的结论；3）有分析师表示，从该事件来看，中美在科技领域的竞争和博弈将长期持续，这将倒逼中国加大对5G、芯片、基础软件等核心技术领域的投入力度，利好产业发展。", "author": "钱皓", "time": "钱皓2018年12月12日10:21 来自微博weibo.com", "transmit": 117, "comment": 340, "zan": 1300}, {"text": "1、加拿大发现，自己就是国际社会上一个头号大沙雕。2、重点两句话：第一，孟女士在中国和其他地方都没有刑事犯罪记录，第二，逮捕孟女士是基于美国的要求。3、中国的反制，不要停，一定要让加拿大付出沉重代价，因为他们对一个没有任何犯罪记录的中国人的侮辱，应该让他们刻骨铭心，痛彻心扉的感到自己的行为多么沙雕。4、宜将剩勇追穷寇，不可沽名学霸王，这件事，不应妥协，对于欺负上门的，一定要追着打，打到他们家，打到他们连动中国的念头都不敢想。5、我们不惹事，我们也绝不怕事，中国人，穷骨头还是有那么两根的。#华为cfo孟晚舟被捕##孟晚舟保释听证##孟晚舟获得保释#6、什么是侵犯人权？加拿大这就是，一个人无罪而被逮捕，这就是侵犯人权。7、这件事，还有一个角度看，就是暴露出很多国内的跪舔党，吃相太难看，太令人恶心了。7、法官在声明中表示，逮捕孟女士是基于美国的要求，但是美国方面尚未对孟女士正式提出引渡要求。法官给美国提出的向加拿大提出引渡要求的期限是孟女士被捕之日起的60天之内。考虑到孟女士在中国和其他地方都没有刑事犯罪记录，以及目前存在健康问题，加上她本人目前愿意居住在温哥华、有合适的担保人等诸多情况，决定允许她保释。", "author": "韩东言", "time": "韩东言2018年12月12日08:00 来自HUAWEIMate20X", "transmit": 2209, "comment": 3456, "zan": 11276}, {"text": "【孟晚舟保释后首次发声：以华为为傲，以祖国为傲】当地时间11日，孟晚舟获得保释。当晚，走出法庭的孟晚舟发朋友圈：“我在温哥华，已回到家人身边，我以华为为傲，#我以祖国为傲#！谢谢每一位关心我的人。孟晚舟”@环球时报​", "author": "人民日报", "time": "人民日报2018年12月12日16:09 来自新媒体聚合平台", "transmit": 1954, "comment": 1405, "zan": 13328}, {"text": "#华为CFO孟晚舟被捕#【孟晚舟保释后首次发声：以祖国为傲！】当地时间11日，孟晚舟获得保释。当晚，孟晚舟发朋友圈，这是她在事发后首次发声。以下是孟晚舟朋友圈全文：“我在温哥华，已回到家人身边，我以华为为傲，我以祖国为傲！谢谢每一位关心我的人。孟晚舟”@环球网​", "author": "央视新闻", "time": "央视新闻2018年12月12日15:57 来自微博weibo.com", "transmit": 984, "comment": 1128, "zan": 9089}, {"text": "#孟晚舟一边擦泪一边微笑#孟晚舟释放后发朋友圈：我以华为为傲、我以祖国为傲！我想我们每个国人都应该骄傲的喊出：我以祖国为傲！#前加拿大外交官被拘##孟晚舟获得保释#​​​​", "author": "军人之家", "time": "军人之家2018年12月12日17:32 来自微博weibo.com", "transmit": 338, "comment": 696, "zan": 4776}, {"text": "#华为CFO孟晚舟被捕#孟晚舟保释后发声：以祖国为傲。孟晚舟女士，祖国在你身后，期待你彻底恢复自由。L央视新闻的酷燃视频​", "author": "央视新闻", "time": "央视新闻2018年12月12日20:30 来自微博云剪", "transmit": 1011, "comment": 1103, "zan": 8426}, {"text": "【#孟晚舟获得保释#】孟晚舟女士刚刚被保释出来的画面，她看起来精神状态尚可，平和优雅，镇定自若。能够保释出来就赢了第一步。🇨🇳中国加油，华为加油！#孟晚舟一边擦泪一边微笑##前加拿大外交官被拘##孟晚舟获得保释#L军人之家的秒拍视频​", "author": "军人之家", "time": "军人之家2018年12月12日14:50 来自秒拍网页版", "transmit": 411, "comment": 809, "zan": 4426}, {"text": "【孟晚舟获保释，一边擦泪一边向丈夫微笑】在经历长达3天的听证会后，被美国方面指使加拿大政府逮捕的华为高管、任正非女儿孟晚舟，终于被准许保释。当法官宣布同意保释后，听众席上会响起热烈掌声，而孟晚舟则一边擦拭着眼泪一边对丈夫露出微笑。为获得保释，她将不得不遵守16项条件，包括不能离开加拿大，必须定期汇报自己的行踪，必须上交自己的护照等......。O孟晚舟获保释，一边擦拭眼泪一边向丈夫微笑（《环球时报》新媒体）#孟晚舟一边擦泪一边微笑#", "author": "老板联播", "time": "老板联播2018年12月12日10:41 来自微博weibo.com", "transmit": 401, "comment": 3046, "zan": 5304}, {"text": "#前加拿大外交官被拘#据路透社报道，国际危机组织（InternationalCrisisGroup）11日表示，其东北亚高级顾问、加拿大前外交官康明凯（MichaelKovrig），近日被中国政府拘留。这位能说普通话、多次批评中国、主张对华采取强硬态度政策的人，被华采取了强硬态度政策。据网友回忆，此君2010年跟洪博培一起在王府井“路过”！2015年组织“动物保护人士”去玉林“散步”！话说这是外交官还是危害中国国家安全的间谍？这事得好好查查！不冤枉一个好人，也别放过任何一个坏人！毕竟我们是法治国家！就事论事，请不自动关联#华为cfo孟晚舟被捕#事件。#辣叶记事#", "author": "辣叶摧秋", "time": "辣叶摧秋2018年12月12日03:29 来自HUAWEIP20Pro", "transmit": 569, "comment": 1206, "zan": 4116}, {"text": "不过这跨国抓人事件，最失望的是国内某些人，从最开始就先入为主认为华为肯定有错，孟晚舟有问题，美国加拿大司法独立，不会乱抓人，我们应该反思。现在，我希望借助一位台湾同胞的口，让你重新认识这个世界，重新认识我们的祖国。L超级学爸的秒拍视频​", "author": "超级学爸", "time": "超级学爸2018年12月12日11:05 来自360安全浏览器", "transmit": 1460, "comment": 552, "zan": 3009}, {"text": "【华为回应孟晚舟获准保释：期待美加及时公正结束此事件】当地时间11日，对华为CFO孟晚舟的第三次保释听证会在加拿大不列颠哥伦比亚省高等法院结束，法官表示孟晚舟可以保释，保释金为1000万加元，其中700万必须是现金。针对孟晚舟获准保释，华为官方声明如下：我们的CFO孟晚舟女士近期在被加拿大当局代表美国政府暂时扣留之后，今天法庭做出判决，同意保释。我们相信加拿大和美国的法律体系后续会给出公正的结论。正如我们一直强调的，华为遵守业务所在国的所有适用法律法规，包括联合国、美国和欧盟适用的出口管制和制裁法律法规。我们期待美国和加拿大政府能及时、公正的结束这一事件。#孟晚舟获得保释#", "author": "环球网", "time": "环球网2018年12月12日08:00", "transmit": 2107, "comment": 2239, "zan": 9246}, {"text": "#前加拿大外交官被拘#国际危机组织的大陆分析师、加拿大前外交官柯夫瑞吉（MichaelKovrig）传遭北京当局拘留。该组织发声明表示，正尽力获得柯夫瑞吉的下落；对此大陆官方暂未有相关回应。由于华为创办人女儿孟晚舟日前遭加国逮捕，引发中加外交风波，柯夫瑞吉在这敏感时刻传遭扣押，更挑动双方敏感神经。", "author": "ETtoday新聞雲", "time": "ETtoday新聞雲2018年12月12日00:18 来自Android客户端", "transmit": 237, "comment": 1988, "zan": 3222}, {"text": "【特朗普首次就孟晚舟事件表态：如有利于美国，肯定会干预】当地时间11日上午10时，华为CFO孟晚舟近期在被加拿大当局代表美国政府暂时扣留之后，法庭做出判决，同意保释，保释条件包括支付1000万加元保释金(其中700万必须是现金)等。据加拿大环球新闻网11日报道，特朗普周二就美国司法部针对华为高管的法律行动表态称：“如果我觉得这有利于国家，如果我觉得这有利于我们达成史上最大贸易协定，这很重要，有利于国家安全，我肯定会在我觉得有必要这样做的时候干预。”L环视频的秒拍视频", "author": "Vista看天下", "time": "Vista看天下2018年12月12日10:24 来自微博weibo.com", "transmit": 633, "comment": 2428, "zan": 2081}, {"text": "当中兴被禁，被人家卡了脖子时，华为立刻下发一条指令，要求法务部和中兴全面和解，凡是在知识产权上与中兴有关的互诉全部取消，双方合作加速国产芯片的研发。同时任正非还语重心长地写了一封信告诉华为人，不要趁火打劫，不要落井下石，不许在这个时候去挖中兴的墙角，抢对方的客户。虽然说在市场竞争上，我们是竞争对手。可是当国门外的敌人打过来的时候，我们是战友。——这就是华为的格局。（转）", "author": "指尖上的会计", "time": "指尖上的会计2018年12月12日09:08 来自华为P8max", "transmit": 2680, "comment": 1201, "zan": 16474}]