[{"text": "刚刚，华为在深圳总部发布重要声明：决定起诉美国政府。​", "author": "环球时报", "time": "环球时报03月07日10:05 来自微博weibo.com", "transmit": 39906, "comment": 34539, "zan": 169139, "sentiment": [{"positive_prob": 0.484309, "confidence": 0.686189, "negative_prob": 0.51569, "sentiment": 1}]}, {"text": "【华为刚刚宣布：起诉美国政府】就在刚刚，华为在深圳总部举行外媒记者会，宣布一项重要决定：起诉美国政府。北京时间10时，华为举行外媒记者会，CNBC、美联社、路透社、彭博社、BBC等媒体受邀参加。华为轮值董事长郭平宣布，华为已向美国联邦法院提起诉讼，指控美国2019年国防授权法第889条款违反美国宪法。“美国国会通过立法惩罚华为，且从未展示支持这些限制条款的证据，因此，华为不得不决定通过法律行动予以回应。”华为轮值董事长郭平表示，“该限制条款违背了美国宪法，妨碍华为参与公平竞争，最终伤害的是美国消费者。我们希望法院能做出有益于美国消费者的正确决定。”他强调，2019NDAA889条不仅阻止华为向美国客户提供服务，还损害华为的声誉，让华为失去为美国以外客户提供服务的机会。“这是对美国立法程序的滥用。”郭平在讲话中表示，“通过高额投资，华为成为全球5G领导者。鉴于美国从未提供任何证据证明其安全指控，我们怀疑它不让其他国家使用华为产品的动机到底是什么：是不是担心其他国家会使用先进的5G技术赶超美国？‘’郭平还在讲话中提到了美国政府曾经入侵华为服务器、窃取了大量的邮件和源代码，却没有找到任何华为会危害美国网络安全的证据，可美国政府，以及像参议员马克·卢比奥这样的人，仍然坚持要污蔑华为公司。美国CNBC称，美国国防授权法889条款是华为诉讼的焦点，该条款禁止美国行政部门机构获取来自华为、中兴等中国企业的通讯硬件产品，这两家企业都被该条款明确点名。华为首席法务官宋柳平表示：“第889条是建立在众多错误、未经证实和未经验证的主张的基础上的。法案里的假设是不符合事实的，华为并不为中国政府所有，也不受其控制。此外，华为拥有良好的安全记录和机制，迄今为止，美国没有提供任何有关安全问题的证据。”华为在德克萨斯州普莱诺的联邦地区法院提起诉讼。根据起诉书，第889条在没有经过任何行政或司法程序的情况下，禁止所有美国政府机构从华为购买设备和服务，还禁止美国政府机构与华为的客户签署合同或向其提供资助和贷款，这违背了美国宪法中剥夺公权法案条款、正当法律程序条款；同时，国会不仅立法，还试图执法和裁决有无违法行为，违背了美国宪法中规定的三权分立原则。此前，《纽约时报》曾引用“消息人士”说法预报华为华为准备在其美国总部所在地得克萨斯州将美国政府告上法庭，起诉的对象则是去年美国国会通过、并由白宫签署的“国防授权法案”中的一项条款。该条款禁止美国联邦政府机构使用华为和中国另一家中国通讯企业中兴的技术。#华为决定起诉美国政府##华为起诉美国政府##华为宣布起诉美国政府#", "author": "环球网", "time": "环球网03月07日10:38 来自微博weibo.com", "transmit": 27735, "comment": 22841, "zan": 139383, "sentiment": [{"positive_prob": 0.787205, "confidence": 0.527123, "negative_prob": 0.212795, "sentiment": 2}]}, {"text": "【华为轮值董事长郭平宣布：华为已向美国联邦法院提起诉讼！】“美国国会一直未能向我们展示支持限制华为产品销售的证据。在竭尽所能试着消除一些美国立法者的疑虑之后，华为别无选择，只能在法庭上挑战这一法律。该禁令不仅违法，还伤害了华为以及美国消费者。”O华为轮值董事长郭平宣布：华为已向美国联邦法院提起诉讼！​", "author": "环球时报", "time": "环球时报03月07日11:06 来自微博weibo.com", "transmit": 23299, "comment": 17921, "zan": 50202, "sentiment": [{"positive_prob": 0.77431, "confidence": 0.498466, "negative_prob": 0.22569, "sentiment": 2}]}, {"text": "【#外交部回应华为起诉美国政府#：完全正当可以理解】3月7日，中国外交部发言人陆慷主持例行记者会，就#华为决定起诉美政府#答记者问。陆慷指出，华为是就美国国会通过的2019年国防授权法的合宪性问题提起了诉讼，关于这个法案本身，实际上中国政府也就其中涉华的消极内容，当时就向美国政府和美国有关方面提出了严正交涉，表明了我们的反对立场。至于华为公司在美国起诉美国政府的这一举动，我们认为企业通过合法方式来维护自身的正当权益，这是完全正当的，也是完全可以理解的。至于你问道，中国政府是不是会同中国企业一道采取这样的诉讼举动，到目前为止，我没有掌握这方面情况。（澎湃新闻）", "author": "头条新闻", "time": "头条新闻03月07日15:45 来自微博weibo.com", "transmit": 6619, "comment": 6891, "zan": 29723, "sentiment": [{"positive_prob": 0.286005, "confidence": 0.364433, "negative_prob": 0.713995, "sentiment": 0}]}, {"text": "【#华为决定起诉美国政府#还曝光了一个核弹级新闻】华为轮值董事长郭平还在讲话中提到了美国政府曾经入侵华为服务器、窃取了大量的邮件和源代码，却没有找到任何华为会危害美国网络安全的证据，可美国政府，以及像参议员马克·卢比奥这样的人，仍然坚持要污蔑华为公司。O华为曝光了一个核弹级新闻​", "author": "新浪财经", "time": "新浪财经03月07日11:57 来自专业版微博", "transmit": 424, "comment": 252, "zan": 2730, "sentiment": [{"positive_prob": 0.277249, "confidence": 0.383891, "negative_prob": 0.722751, "sentiment": 0}]}, {"text": "【#华为决定起诉美国政府#】刚刚，华为发布重要声明：决定起诉美国政府。O华为发布重要声明：决定起诉美国政府​", "author": "新浪科技", "time": "新浪科技03月07日10:08 来自微博weibo.com", "transmit": 2694, "comment": 2370, "zan": 43474, "sentiment": [{"positive_prob": 0.648719, "confidence": 0.219376, "negative_prob": 0.351281, "sentiment": 2}]}, {"text": "【#华为决定起诉美政府#】刚刚，华为在深圳总部发布重要声明：决定起诉美国政府。#华为决定起诉美国政府#​", "author": "头条新闻", "time": "头条新闻03月07日10:10 来自360安全浏览器", "transmit": 6313, "comment": 2617, "zan": 13204, "sentiment": [{"positive_prob": 0.625949, "confidence": 0.168776, "negative_prob": 0.374051, "sentiment": 2}]}, {"text": "现场视频：华为宣布起诉美国政府，爆料美国政府曾入侵华为服务器（《环球时报》三缺二视频组）@这视频L这视频的秒拍视频​", "author": "环球时报", "time": "环球时报03月07日11:13 来自微博weibo.com", "transmit": 4601, "comment": 1960, "zan": 10984, "sentiment": [{"positive_prob": 0.476233, "confidence": 0.524664, "negative_prob": 0.523767, "sentiment": 1}]}, {"text": "#华为决定起诉美政府#【华为：#美国政府涉嫌入侵华为服务器#】华为在深圳总部发布会上向外界透露，美国政府涉嫌入侵华为服务器，窃取邮件和源代码。@环球时报​", "author": "头条新闻", "time": "头条新闻03月07日10:25 来自360安全浏览器", "transmit": 965, "comment": 1249, "zan": 7814, "sentiment": [{"positive_prob": 0.829621, "confidence": 0.621379, "negative_prob": 0.170379, "sentiment": 2}]}, {"text": "【外交部回应华为起诉美国政府：中国企业用合法方式正当维权可以理解】华为公司今天宣布，已向美国联邦法院提起诉讼，指控美国2019年国防授权法第889条款违反美国宪法。对此，中国外交部发言人陆慷表示，关于这个法案本身，实际上中国政府也就其中的涉华消极内容当时就向美国政府和有关方面提出了严正交涉，表明了中方的严正立场。至于华为公司在美国起诉美国政府这一举动，我们认为，企业通过合法方式，维护自身的权益完全正当，可以理解。（央视记者申杨）L央视新闻的秒拍视频", "author": "央视新闻", "time": "央视新闻03月07日17:53 来自微博weibo.com", "transmit": 1842, "comment": 1165, "zan": 5330, "sentiment": [{"positive_prob": 0.0798534, "confidence": 0.822548, "negative_prob": 0.920147, "sentiment": 0}]}, {"text": "【现场视频：#华为决定起诉美国政府#】华为宣布起诉美国政府，爆料美国政府曾入侵华为服务器（《环球时报》三缺二视频组）@这视频L这视频的秒拍视频​", "author": "新浪科技", "time": "新浪科技03月07日11:18 来自微博搜索", "transmit": 1326, "comment": 1540, "zan": 8144, "sentiment": [{"positive_prob": 0.584378, "confidence": 0.0763951, "negative_prob": 0.415622, "sentiment": 2}]}, {"text": "华为在深圳总部发布会上向外界透露，美国政府涉嫌攻击华为的服务器，窃取邮件和源代码。​", "author": "环球时报", "time": "环球时报03月07日10:16 来自微博weibo.com", "transmit": 8320, "comment": 2327, "zan": 9778, "sentiment": [{"positive_prob": 0.588614, "confidence": 0.0858086, "negative_prob": 0.411386, "sentiment": 2}]}, {"text": "现场视频：华为宣布起诉美国政府。（这视频）#华为决定起诉美国政府##华为起诉美国政府##华为宣布起诉美国政府#​​​L这视频的秒拍视频​", "author": "环球网", "time": "环球网03月07日11:22", "transmit": 2073, "comment": 1192, "zan": 9118, "sentiment": [{"positive_prob": 0.63239, "confidence": 0.183089, "negative_prob": 0.36761, "sentiment": 2}]}, {"text": "【华为5G产品线总裁杨超斌：排除华为，是影响美国人民享受先进5G网络的权利】在今天上午华为公司的新闻发布会上，华为5G产品线总裁杨超斌引用行业专家观点说，华为参与市场竞争可以“降低至少15%的行业成本”，而即使只能节省15%的行业成本，节省金额也将高达200亿美元，但排除华为以及破坏公平竞争，则将抬高美国运营商的建网成本，减缓5G部署节奏，损害经济，最终影响美国人民享受先进5G网络的权利，导致他们不得不承担额外的通讯费用。“给全人类带来福祉的技术发展，不应该被设限”，杨超斌说。O网页链接", "author": "环球时报", "time": "环球时报03月07日16:50 来自微博weibo.com", "transmit": 4776, "comment": 1445, "zan": 9928, "sentiment": [{"positive_prob": 0.837914, "confidence": 0.639809, "negative_prob": 0.162086, "sentiment": 2}]}, {"text": "【华为决定起诉美国政府：美政府涉嫌入侵华为服务器】华为在深圳总部发布会上向外界透露，华为有证据表明美国政府涉嫌入侵华为服务器，决定起诉美国政府。@环球时报​", "author": "中国新闻网", "time": "中国新闻网03月07日10:27 来自微博weibo.com", "transmit": 426, "comment": 613, "zan": 4062, "sentiment": [{"positive_prob": 0.559001, "confidence": 0.0200027, "negative_prob": 0.440999, "sentiment": 2}]}, {"text": "【现场视频：#华为决定起诉美国政府#】华为宣布起诉美国政府，爆料美国政府曾入侵华为服务器（《环球时报》三缺二视频组）@这视频L这视频的秒拍视频​", "author": "新浪财经", "time": "新浪财经03月07日11:23 来自专业版微博", "transmit": 613, "comment": 444, "zan": 1788, "sentiment": [{"positive_prob": 0.584378, "confidence": 0.0763951, "negative_prob": 0.415622, "sentiment": 2}]}, {"text": "【#华为决定起诉美国政府#：销售限制法案违宪】华为官方今日在深圳宣布针对美国《2019财年国防授权法》第889条的合宪性向美国联邦法院提起诉讼，请求法院判定这一针对华为的销售限制条款违宪，并判令永久禁止该限制条款的实施。O华为向美国联邦法院起诉美国政府：销售限制法案违宪​", "author": "新浪科技", "time": "新浪科技03月07日10:41 来自微博weibo.com", "transmit": 399, "comment": 564, "zan": 6492, "sentiment": [{"positive_prob": 0.304478, "confidence": 0.323381, "negative_prob": 0.695521, "sentiment": 0}]}, {"text": "【#华为决定起诉美国政府#】刚刚，华为在深圳总部发布重要声明：决定起诉美国政府。“美国国会始终无法提供支持其限制华为产品的(法理)证据，我们被迫采取这项法律行动，作为反击手段”，郭平在记者会上说，“(美国国会)禁令不仅违法，而且限制华为参与公平竞争，最终会伤害美国消费者。我们期待法院的裁决，相信最终结果会有利于华为和美国人民”。（环球时报）O华为发布重要声明：决定起诉美国政府", "author": "新浪财经", "time": "新浪财经03月07日10:14 来自微博weibo.com", "transmit": 288, "comment": 752, "zan": 2366, "sentiment": [{"positive_prob": 0.122204, "confidence": 0.728436, "negative_prob": 0.877796, "sentiment": 0}]}, {"text": "【华为决定起诉美国政府：美政府涉嫌入侵华为服务器】华为在深圳总部发布会上向外界透露，华为有证据表明美国政府涉嫌入侵华为服务器，决定起诉美国政府！L这视频的秒拍视频​", "author": "紫光阁", "time": "紫光阁03月07日11:00 来自紫宝宝的Android", "transmit": 831, "comment": 501, "zan": 3522, "sentiment": [{"positive_prob": 0.569154, "confidence": 0.0425647, "negative_prob": 0.430846, "sentiment": 2}]}, {"text": "#华为决定起诉美政府#【华为向美国联邦法院起诉美政府：销售限制法案违宪】今天上午，华为举行外媒记者会，华为轮值董事长郭平宣布，华为已向美国联邦法院提起诉讼，指控美国2019年国防授权法第889条款违反美国宪法。“美国国会始终无法提供支持其限制华为产品的（法理）证据，我们被迫采取这项法律行动，作为反击手段”，郭平说，“（美国国会）禁令不仅违法，而且限制华为参与公平竞争，最终会伤害美国消费者。”此外，华为还透露，#美国政府涉嫌入侵华为服务器#，窃取邮件和源代码。L这视频的秒拍视频", "author": "头条新闻", "time": "头条新闻03月07日11:30 来自微博weibo.com", "transmit": 990, "comment": 775, "zan": 4352, "sentiment": [{"positive_prob": 0.0775381, "confidence": 0.827693, "negative_prob": 0.922462, "sentiment": 0}]}, {"text": "【外交部回应华为起诉美国政府：中国企业用合法方式正当维权可以理解】华为公司今天宣布，已向美国联邦法院提起诉讼，指控美国2019年国防授权法第889条款违反美国宪法。对此，中国外交部发言人陆慷表示，关于这个法案本身，实际上中国政府也就其中的涉华消极内容当时就向美国政府和有关方面提出了严正交涉，表明了中方的严正立场。至于华为公司在美国起诉美国政府这一举动，我们认为，企业通过合法方式，维护自身的权益完全正当，可以理解。（央视新闻）", "author": "人民日报", "time": "人民日报03月07日18:19 来自微博weibo.com", "transmit": 373, "comment": 346, "zan": 2566, "sentiment": [{"positive_prob": 0.0735555, "confidence": 0.836543, "negative_prob": 0.926444, "sentiment": 0}]}, {"text": "【华为决定起诉美国政府：美政府涉嫌入侵华为服务器】华为在深圳总部发布会上向外界透露，华为有证据表明美国政府涉嫌入侵华为服务器，决定起诉美国政府。@这视频（环球时报）L这视频的秒拍视频​", "author": "共青团中央", "time": "共青团中央03月07日10:46 来自微博weibo.com", "transmit": 1989, "comment": 1218, "zan": 6974, "sentiment": [{"positive_prob": 0.546533, "confidence": 0.0693452, "negative_prob": 0.453467, "sentiment": 1}]}, {"text": "【#华为决定起诉美国政府#律师阵容曝光：2家大所+1家精品强所】华为轮值董事长郭平3月7日宣布，华为已向其美国总部所在地的德克萨斯东区联邦地区法院提起诉讼，指控美国《2019财年国防授权法》第889条违反美国宪法。此次诉讼中，华为聘请的律师团队里包括2家大所+1家精品强所。O华为起诉美政府律师阵容曝光：2家大所+1家精品强所​", "author": "新浪科技", "time": "新浪科技03月07日23:59 来自微博weibo.com", "transmit": 184, "comment": 237, "zan": 385, "sentiment": [{"positive_prob": 0.926288, "confidence": 0.836196, "negative_prob": 0.0737119, "sentiment": 2}]}, {"text": "【#华为决定起诉美国政府#】华为在深圳总部发布会上向外界透露，美国政府涉嫌攻击华为的服务器，窃取邮件和源代码。O华为：美政府涉嫌攻击华为服务器窃取邮件和源代码​", "author": "新浪科技", "time": "新浪科技03月07日10:21 来自微博weibo.com", "transmit": 241, "comment": 284, "zan": 2042, "sentiment": [{"positive_prob": 0.76566, "confidence": 0.479245, "negative_prob": 0.23434, "sentiment": 2}]}, {"text": "#华为宣布起诉美国政府#最强植入广告......​", "author": "彩云香江", "time": "彩云香江03月07日22:47 来自HUAWEIMate10Pro", "transmit": 984, "comment": 862, "zan": 13478, "sentiment": [{"positive_prob": 0.560597, "confidence": 0.0235478, "negative_prob": 0.439404, "sentiment": 2}]}, {"text": "【#华为决定起诉美国政府#】刚刚，华为在深圳总部发布重要声明：决定起诉美国政府。（环球时报）​", "author": "中国日报", "time": "中国日报03月07日10:14 来自微博weibo.com", "transmit": 245, "comment": 394, "zan": 1761, "sentiment": [{"positive_prob": 0.658077, "confidence": 0.240172, "negative_prob": 0.341922, "sentiment": 2}]}, {"text": "【起诉美国，#华为发布会还趁机打广告#】3月7日，华为召开新闻发布会正式宣布起诉美国政府。然而如此场合，华为人仍不忘让自家新产的折叠屏手机MateX亮个相，严肃的新闻发布会秒变广告大片。L微丢的秒拍视频（微丢）​", "author": "环球网", "time": "环球网03月07日22:34", "transmit": 280, "comment": 204, "zan": 1199, "sentiment": [{"positive_prob": 0.691688, "confidence": 0.314862, "negative_prob": 0.308312, "sentiment": 2}]}, {"text": "【华为起诉美国政府外交部回应：完全正当，完全理解】3月7日上午，华为在深圳总部举行外媒记者会，宣布一项重要决定：起诉美国政府。对此，中国外交部发言人陆慷7日表示，企业通过合法方式维护自身合法权益,是完全正当合理的。本周四上午，华为表示，美国政府针对华为的美国国防授权法889条款违宪，华为已经在得州东区联邦法院正式起诉。该条款由美国总统去年8月签署入法，禁止美国行政部门机构获取华为的通讯硬件产品和服务。在当天举行的外交部例行记者会上，陆慷在回答记者有关“中国政府是否支持华为起诉美国政府的举动，是否也会参与这一举动”的提问时表示，就美国国防授权法案本身，中方在该法案通过时即就其涉华部分向美国提出严正交涉。对于华为此举，陆慷表示，企业通过合法方式维护自身合法权益，是完全正当合理的。", "author": "环球时报", "time": "环球时报03月07日15:54 来自微博weibo.com", "transmit": 127, "comment": 188, "zan": 813, "sentiment": [{"positive_prob": 0.145177, "confidence": 0.677385, "negative_prob": 0.854823, "sentiment": 0}]}, {"text": "【华为决定起诉美国政府】#华为欲起诉美国政府#华为在深圳总部发布重要声明：决定起诉美国政府。（环球时报）O华为在深圳总部发布重要声明：决定起诉美国政府​", "author": "新浪新闻", "time": "新浪新闻03月07日10:14 来自专业版微博平台", "transmit": 199, "comment": 207, "zan": 726, "sentiment": [{"positive_prob": 0.42575, "confidence": 0.0538891, "negative_prob": 0.57425, "sentiment": 0}]}, {"text": "【陆慷：华为起诉美国政府完全正当合理】3月7日上午，华为在深圳总部举行外媒记者会，宣布一项重要决定：起诉美国政府。对此，中国外交部发言人陆慷7日表示，企业通过合法方式维护自身合法权益,是完全正当合理的。本周四上午，华为表示，美国政府针对华为的美国国防授权法889条款违宪，华为已经在得州东区联邦法院正式起诉。该条款由美国总统去年8月签署入法，禁止美国行政部门机构获取华为的通讯硬件产品和服务。在当天举行的外交部例行记者会上，陆慷在回答记者有关“中国政府是否支持华为起诉美国政府的举动，是否也会参与这一举动”的提问时表示，就美国国防授权法案本身，中方在该法案通过时即就其涉华部分向美国提出严正交涉。对于华为此举，陆慷表示，企业通过合法方式维护自身合法权益，是完全正当合理的。#外交部华为起诉完全正当#", "author": "环球网", "time": "环球网03月07日15:50", "transmit": 94, "comment": 130, "zan": 1323, "sentiment": [{"positive_prob": 0.875918, "confidence": 0.724263, "negative_prob": 0.124082, "sentiment": 2}]}]