[{"text": "【比网易狠！#华为13年工龄员工离职被诉敲诈#，羁押长达251天】11月29日，一份关于华为离职员工李洪元裁决书被脉脉网友曝光。判决书显示，李洪元为华为前员工，离职获得赔偿后，又被起诉敲诈勒索，被羁押251天，近日因证据不足被释放。随后，李洪元被何承东告敲诈勒索。李洪元离职补偿金额与华为意见不统一，商谈统一补发33万1576元，实际转款30万4742元。李洪元涉嫌敲诈勒索被刑事拘留，移送检察院起诉。同时有网友提到，“我被主管构陷旷工开除，又以在摩洛哥的笔记本电脑被偷为由，告我欺诈罪关了我三个月看守所。”如果网友爆料是真的，跟华为一比，几天前被爆出员工身患绝症逼离职的网易还是太嫩。@市界O比网易狠！华为13年工龄员工离职被诉敲诈，羁押长达251天", "author": "微博股票组合", "time": "微博股票组合11月29日20:04 来自Android", "transmit": 1571, "comment": 1766, "zan": 9079, "sentiment": [{"positive_prob": 0.072592, "confidence": 0.838684, "negative_prob": 0.927408, "sentiment": 0}]}, {"text": "所有美好的连接，都是从“陌生人”开始。#华为Mate30#系列5G版，让分隔两地的陌生人，好好坐下来“弹一弹”。想知道他们都“弹”了些什么？点开视频一起看看。#Mate30重构想象#L华为终端官方微博的微博视频​", "author": "华为终端官方微博", "time": "华为终端官方微博11月29日12:00 来自微博weibo.com", "transmit": 4158, "comment": 795, "zan": 5907, "sentiment": [{"positive_prob": 0.934472, "confidence": 0.854382, "negative_prob": 0.0655282, "sentiment": 2}]}, {"text": "【华为称#鸿蒙2020年或成第五大操作系统#超越Linux】近日，华为公共事务高级副总裁JoyTan在接受采访时表示，比起市场上的其他操作系统，鸿蒙OS代码行数更少，安全性更高。CounterpointResearch报告称，鸿蒙操作系统预计将在2020年底超过Linux，成为第五大最受欢迎的智能数字终端操作系统。L老板联播的微博视频O华为：鸿蒙2020年将超Linux成为第五大操作系统", "author": "新浪财经", "time": "新浪财经11月29日20:00 来自微博weibo.com", "transmit": 633, "comment": 691, "zan": 6190, "sentiment": [{"positive_prob": 0.967875, "confidence": 0.928612, "negative_prob": 0.0321246, "sentiment": 2}]}, {"text": "CC9Pro尊享版，总分第一，变焦第一想知道DXOMARK心目中2019年度最强智能手机相机有哪些么？DXOMARK刚发布的榜单就能给你答案。综合最佳：华为Mate30Pro与小米CC9Pro尊享版视频最佳：iPhone11ProMax变焦最佳：小米CC9Pro尊享版超广最佳：三星GalaxyNote10+5G夜景最佳：华为Mate30Pro怎么样，这里面有你的手机么？​", "author": "雷军", "time": "雷军11月29日15:54 来自微博weibo.com", "transmit": 118, "comment": 742, "zan": 4050, "sentiment": [{"positive_prob": 0.930092, "confidence": 0.844649, "negative_prob": 0.069908, "sentiment": 2}]}, {"text": "这张千玺弟弟好帅！想到下周就可以在#华为nova6#系列5G发布会上看到@TFBOYS-易烊千玺弟弟本人，华仔就露出笑容，工作都更有劲儿了噢ᕦ(･ㅂ･)ᕤ#nova快速度#今天19:00抽，刺激→O网页链接​", "author": "华为商城", "time": "华为商城11月29日11:51 来自微博weibo.com", "transmit": 24817, "comment": 1907, "zan": 7580, "sentiment": [{"positive_prob": 0.971254, "confidence": 0.936119, "negative_prob": 0.0287463, "sentiment": 2}]}, {"text": "【默克尔：“这对中国来说并不是灾难性的，对我们却是。”】\"默克尔希望欧盟制定统一的中国政策。”德国《明镜》周刊28日称，德国总理默克尔周三在联邦议会的一般性辩论中，呼吁欧盟各国在对中国及华为问题上采取共同路线，同时警告不要对中国采取孤立、隔离的态度。默克尔27日在议会还表示，她呼吁欧盟在5G问题上合作的要求也适用于对中国的政策。“我可以坦率地说，如果欧盟每个成员国采取各自的中国政策，那么这将成为欧盟最大的危险之一。这对中国来说并不是灾难性的，对我们却是。”O默克尔：“这对中国来说并不是灾难性的，对我们却是。”", "author": "环球时报", "time": "环球时报11月29日10:50 来自微博weibo.com", "transmit": 139, "comment": 238, "zan": 1529, "sentiment": [{"positive_prob": 0.0399193, "confidence": 0.911291, "negative_prob": 0.960081, "sentiment": 0}]}, {"text": "【#名校学霸毕业后都去了哪儿#：#一半毕业生为何离开母校所在省份#？】在42所大学中有39所公布了毕业生本省（市）就业率。其中平均只有43.6%的学生最终留在了母校所在地。换句话说，超过一半的毕业生都选择了离开。毕业生留存率整体呈现出南高北低的趋势，不同区域的人才吸引力排名最后形成了这样的链条：华南（一流高校的本省就业率平均值为80%）>华东（52%）>西南（46%）>华北（44%）>西北（34%）>华中（32%）>东北（22%）。13所来自于一线城市的一流大学平均本省就业率为56.5%。平均有46.3%的名校大学生选择留在北京，69%的学生留在了上海，78.5%的学生留在了广东省。#广东为何最能留住毕业生#？来自于广东（尤其是深圳）的公司正在大力地招揽来自于全国的人才。在九校联盟毕业生Top10去向企业当中，以华为、腾讯、网易、中兴等公司为代表的广东企业雇佣了大批来自于一流院校的毕业生。@DT财经O那些名校学霸毕业后都去了哪儿？|DT数说", "author": "财经网", "time": "财经网11月29日13:55 来自微博weibo.com", "transmit": 73, "comment": 45, "zan": 130, "sentiment": [{"positive_prob": 0.97695, "confidence": 0.948779, "negative_prob": 0.0230496, "sentiment": 2}]}, {"text": "网上消息：华为员工李某离职，被华为报警，告其索要离职金时敲诈勒索；李某被刑拘、批捕，共羁押251天，近期被无罪释放，25日李某还因此获得了国家补偿。这事要是真的，那华为的做法太过分了。幸亏李某在商谈离职金时，自己偷着录音了，双方洽谈愉快，不存在威胁敲诈。希望这事不是真的。上述消息引自芯智讯百家号。", "author": "杜建国微博", "time": "杜建国微博11月29日17:02 来自微博weibo.com", "transmit": 650, "comment": 683, "zan": 3280, "sentiment": [{"positive_prob": 0.0136913, "confidence": 0.969575, "negative_prob": 0.986309, "sentiment": 0}]}, {"text": "易烊千玺【紧急扩散华为手机投两票的办法】找到安全和隐私——进入华为的隐藏空间——然后在隐藏空间里下载爱奇艺泡泡APP——用个新的手机号码登录隐私空间投完删了重新创建新的可以一直投，看图5（每开一个新的隐私空间需要新的手机号）所有品牌手机都有分身，空间，建议昨天就公开说wuxian投的i🐔不要又当又立sj你四字爹", "author": "南风不减似狂年", "time": "南风不减似狂年11月29日19:33 来自易烊千玺超话", "transmit": 998, "comment": 460, "zan": 439, "sentiment": [{"positive_prob": 0.878956, "confidence": 0.731013, "negative_prob": 0.121044, "sentiment": 2}]}, {"text": "⭕️最全各类手机多次投票教程，所有鸟见转⭕️别家官方数据组直接号召电脑无限投，再截图我的i🐔司马电脑方法，看图加群。1⃣【华为方法2-隐私空间】👉O网页链接2⃣【华为方法1-添加访客】👉O网页链接（华为两个都可以无限投，访客比空间更快）3⃣【苹果/ipad方法1-广告追踪】👉基础版O网页链接升级版O网页链接不卸载app版O网页链接4⃣【VIVO方法1-清除数据】👉O网页链接5⃣【OPPO方法】👉下载软件1分身大师，软件2多开分身6⃣【小米方法】👉⭕️O网页链接⭕️O网页链接7⃣【魅族方法1-访客模式】👉O网页链接8⃣【三星方法1-安全文件夹】👉⭕️设置生物识别和安全性👉安全文件夹👉显示安全文件夹👉打开安全文件夹👉添加应用【爱奇艺和爱奇艺泡泡】", "author": "南风不减似狂年", "time": "南风不减似狂年11月29日20:12 来自易烊千玺超话", "transmit": 1941, "comment": 650, "zan": 844, "sentiment": [{"positive_prob": 0.959729, "confidence": 0.91051, "negative_prob": 0.0402707, "sentiment": 2}]}, {"text": "【华为：鸿蒙2020年将超Linux，成为第五大操作系统】近日，华为公共事务高级副总裁JoyTan在接受采访时表示，鸿蒙OS代码行数更少，安全性更高。CounterpointResearch报告称，鸿蒙操作系统预计将在2020年底超过Linux，成为第五大最受欢迎的智能数字终端操作系统。@老板联播L老板联播的微博视频​", "author": "新浪科技", "time": "新浪科技11月29日17:55 来自微博weibo.com", "transmit": 87, "comment": 243, "zan": 681, "sentiment": [{"positive_prob": 0.971697, "confidence": 0.937103, "negative_prob": 0.0283034, "sentiment": 2}]}, {"text": "被切了一半的钢琴，要如何演奏出完整的曲子？半架钢琴，两个素昧平生的陌生人——#华为Mate30#系列5G超低时延，用科技的温度，让你我相连。L华为终端公司的微博视频​", "author": "华为终端公司", "time": "华为终端公司11月29日12:00 来自微博weibo.com", "transmit": 258, "comment": 198, "zan": 1273, "sentiment": [{"positive_prob": 0.627465, "confidence": 0.172144, "negative_prob": 0.372535, "sentiment": 2}]}, {"text": "易烊千玺我第5棒：目标10000（把室友拽起来朋友叫来一起！！）最快教程出炉了❗️❗️❗️1⃣下载【爱奇艺泡泡】2⃣搜索【易烊千玺】3⃣进入易烊千玺圈子4⃣点开首页这篇帖子5⃣点击【我要支持】华为手机教程👉O网页链接其他手机教程👉@莱布尼茨怡:手机【设置】•【应用】•【应用管理】•找到【爱奇艺泡泡】•【存储】•【删除数据】。打开【飞行模式】十秒后关掉（即为切ip）•【登录另一个手机号打榜】（即为换id）一个手机最多切两个手机号❗️不是每个手机都能切，多找朋友帮忙！具体看图5。", "author": "看糊逼多跳脚就知道千玺有多火", "time": "看糊逼多跳脚就知道千玺有多火11月29日19:41 来自易烊千玺超话", "transmit": 509, "comment": 363, "zan": 381, "sentiment": [{"positive_prob": 0.978796, "confidence": 0.952881, "negative_prob": 0.0212035, "sentiment": 2}]}, {"text": "小鬼王琳凯#我们的歌小鬼王琳凯#1⃣小米:手机分身双开应用2⃣vivo:打开设置➡️更多设置➡️应用管理➡️爱奇艺泡泡➡️储存➡️清理数据➡️然后打开飞行模式15s➡️开数据流量➡️切号(不成功的关闭爱奇艺泡泡的识别权限3⃣华为方法1:打开设置➡️用户和账户➡️多用户➡️切换为访客模式➡️添加访客➡️重新下载爱艺奇泡泡APP华为方法2：【❗️华为手机可以无限投❗️】设置➡️安全和隐私➡️进入隐私空间➡️进隐私空间后下载爱奇艺泡泡➡️新号登录➡️投了以后删除隐私空间再重新开隐私空间下载软件支持‼️4⃣oppo:下载(分身大师)(多开分身)两个APP登录新号5⃣IPHONE：IOS关掉广告追踪！打开设置➡️隐私➡️广告➡️关闭广告追踪➡️卸载重装➡️开飞行几十秒切ip➡️关掉飞行模式打开数据➡️新号登录还是不成功注意❗️广告追踪原本关的先打开再关飞行模式开久一点！至少一分钟！6⃣ipad可多投一次没号可进群领号群二维码在评论里！@小鬼-王琳凯", "author": "Shmily琳_", "time": "Shmily琳_11月29日21:55 来自小鬼王琳凯超话", "transmit": 172, "comment": 167, "zan": 139, "sentiment": [{"positive_prob": 0.383161, "confidence": 0.14853, "negative_prob": 0.616839, "sentiment": 0}]}, {"text": "【默克尔：“这对中国来说并不是灾难性的，对我们却是。”】\"默克尔希望欧盟制定统一的中国政策。”德国《明镜》周刊28日称，德国总理默克尔周三在联邦议会的一般性辩论中，呼吁欧盟各国在对中国及华为问题上采取共同路线，同时警告不要对中国采取孤立、隔离的态度。（环球时报微信）详情戳：O默克尔：“这对中国来说并不是灾难性的，对我们却是。”", "author": "环球网", "time": "环球网11月29日10:02 来自微博weibo.com", "transmit": 47, "comment": 70, "zan": 651, "sentiment": [{"positive_prob": 0.114132, "confidence": 0.746372, "negative_prob": 0.885868, "sentiment": 0}]}, {"text": "今天一个朋友说，今年的主流新闻是华为和香港。看华为时，特别振奋；看香港时，特别心塞。而今年的我夹在两者之间。这两天顾不上发微博，几乎所有的精力都放在推特上跟这位前同事、目前美国外交政策杂志所谓的主笔理论上。在他的一篇央媒对选举结果的文章中，描述道，他和几大外宣媒体的编辑都聊过，大家一致认为建制稳赢，为此，还提前准备了稳赢版本的稿子。一篇如此捏造、颠倒黑白的文章居然也被广泛称赞。投诉无果，有朋友劝我不要撕了，他们西方舆论是主流，可是，难道不是一次次的退让，阵地才一点点失去吗？#香港##美国外交政策杂志公然造谣#", "author": "记者陈青青", "time": "记者陈青青11月29日22:02 来自iPhoneXS", "transmit": 156, "comment": 304, "zan": 1982, "sentiment": [{"positive_prob": 0.115034, "confidence": 0.744369, "negative_prob": 0.884966, "sentiment": 0}]}, {"text": "【#华为拍12万平米商住用地#：疑为人才建住宅，每平米仅售万元】11月27日，华为子公司绿苑实业以底价8.45亿元竞得东莞松山湖12.5万平方米的商住用地。根据规划要求，该地块用于松山湖园区重点及高端企业总部人才房配套项目，建成后住宅最高价不高于1.005万元/平方米。O华为拍12万平地疑为人才建住宅每平米仅售万元L新京报我们视频的秒拍视频", "author": "新浪财经", "time": "新浪财经11月29日08:43 来自微博weibo.com", "transmit": 48, "comment": 176, "zan": 554, "sentiment": [{"positive_prob": 0.897251, "confidence": 0.771669, "negative_prob": 0.102749, "sentiment": 2}]}, {"text": "华为新方法！！！！所有人见转！！！设置👉用户和账户👉多用户👉添加访客👉下载【爱奇艺泡泡】如果用自己手机号，记得设置【机主，访客可以同时接收信息】不是用自己手机号，就不需要。L南风不减似狂年的微博视频​", "author": "南风不减似狂年", "time": "南风不减似狂年11月29日20:06 来自易烊千玺超话", "transmit": 521, "comment": 198, "zan": 273, "sentiment": [{"positive_prob": 0.699054, "confidence": 0.331231, "negative_prob": 0.300946, "sentiment": 2}]}, {"text": "守护雨林，有AI同行。#TECH4ALL#华为正与NGO组织RFCx合作，在5大洲10个国家，通过AI科技防止森林盗伐，保护濒危物种，从而更好地保护热带雨林。让我们一起听听这些雨林守卫者的声音。O网页链接L华为中国的微博视频​", "author": "华为中国", "time": "华为中国11月29日09:00 来自微博weibo.com", "transmit": 152, "comment": 3340, "zan": 29570, "sentiment": [{"positive_prob": 0.964021, "confidence": 0.920047, "negative_prob": 0.035979, "sentiment": 2}]}, {"text": "【苏里南总统谈美国涉港法案：#没有人有权干涉他国内政#】日前正在中国进行正式访问的苏里南共和国总统德西·德拉诺·鲍特瑟11月28日参观了位于北京的华为技术有限公司北京研究所。在下午，鲍特瑟总统就此次访华等问题接受采访，回答记者提问。当谈及美国签署“香港人权与民主法案”一事时，鲍特瑟总统称，我们将从国际法角度来看待这一问题，《联合国宪章》规定，没有人有权利干涉他国内政。我们抵制干涉他国内政的行为，这也体现在我国的宪法之中。详情戳：O苏里南总统谈美国涉港法案：没有人有权干涉他国内政", "author": "环球网", "time": "环球网11月29日11:14 来自微博weibo.com", "transmit": 15, "comment": 19, "zan": 243, "sentiment": [{"positive_prob": 0.74329, "confidence": 0.429534, "negative_prob": 0.25671, "sentiment": 2}]}, {"text": "哈哈哈哈哈华为巴西推特账号突然对苹果口吐芬芳这个事，应该是盗号了我翻了一下过去这个账号两个月的推文，基本都是葡萄牙语，能看懂的文字就只有“Mate30Pro”和“P30Pro”这俩词，但这条口吐芬芳是英语一条推特牵动了两个品牌全球粉丝的心啊哈哈哈哈哈​", "author": "钟文泽", "time": "钟文泽11月29日14:34 来自微博weibo.com", "transmit": 106, "comment": 242, "zan": 3407, "sentiment": [{"positive_prob": 0.855224, "confidence": 0.678276, "negative_prob": 0.144776, "sentiment": 2}]}, {"text": "【华为称#鸿蒙2020年或成第五大操作系统#超越Linux】近日，华为公共事务高级副总裁JoyTan在接受采访时表示，比起市场上的其他操作系统，鸿蒙OS代码行数更少，安全性更高。CounterpointResearch报告称，鸿蒙操作系统预计将在2020年底超过Linux，成为第五大最受欢迎的智能数字终端操作系统。L老板联播的微博视频O华为：鸿蒙2020年将超Linux成为第五大操作系统", "author": "Vista看天下", "time": "Vista看天下11月29日20:46 来自iPhone客户端", "transmit": 34, "comment": 134, "zan": 693, "sentiment": [{"positive_prob": 0.967875, "confidence": 0.928612, "negative_prob": 0.0321246, "sentiment": 2}]}, {"text": "陌生人用两个半架钢琴通过#华为Mate30#Pro5G手机隔空配合完成演奏。极具挑战的同时也感受到一丝温暖。5G，将你我相连。L华为手机的微博视频​", "author": "华为何刚", "time": "华为何刚11月29日17:55 来自HUAWEIMate30Pro5G", "transmit": 81, "comment": 137, "zan": 410, "sentiment": [{"positive_prob": 0.965027, "confidence": 0.922281, "negative_prob": 0.0349735, "sentiment": 2}]}, {"text": "从2018年中兴和华为相继被美国制裁后，人们突然发现电子领域仍然有很多核心领域被别人卡脖子，而电子产业链的股价也在不到一年的时间里集体腰斩。这难免让人疑问：黄金十年之后，中国电子产业到底走了多远？要回答这个问题，我们或许要溯源到电子产业结构的分野，先找到两个对标的参照物：搞组装的富士康和搞研发的三星。O电子黄金十年，中国仅有半只脚迈出了富士康", "author": "来去之间", "time": "来去之间11月29日11:36 来自微博weibo.com", "transmit": 192, "comment": 31, "zan": 386, "sentiment": [{"positive_prob": 0.384065, "confidence": 0.146523, "negative_prob": 0.615935, "sentiment": 0}]}, {"text": "华为境外的账号好像是被人黑了现在被网友截了屏在那喷​", "author": "股社区", "time": "股社区11月29日13:36 来自NEX35G", "transmit": 65, "comment": 246, "zan": 1484, "sentiment": [{"positive_prob": 0.22789, "confidence": 0.493578, "negative_prob": 0.77211, "sentiment": 0}]}, {"text": "牛逼了！华为​", "author": "许亿秒", "time": "许亿秒11月29日09:18", "transmit": 308, "comment": 453, "zan": 1683, "sentiment": [{"positive_prob": 0.412582, "confidence": 0.0831515, "negative_prob": 0.587418, "sentiment": 0}]}, {"text": "#2021国考##2020辽宁省考#——申论面试皆可盘1.从“华为精神”看中国科技2.法律、道德双管齐下保护社会“方向盘”3.奋斗填涂青春的底色4.敢于归零破旧立新5.加减得当优化公共管理6.借法治之力圆复兴之梦7.绿水逶迤去，青山相向开8.以家风肃政风正社风​", "author": "辽宁中公教育", "time": "辽宁中公教育11月29日14:52 来自专业版微博", "transmit": 58, "comment": 0, "zan": 58, "sentiment": [{"positive_prob": 0.983717, "confidence": 0.963815, "negative_prob": 0.0162834, "sentiment": 2}]}, {"text": "在垃圾桶旁边捡到一个华为平板MatePadPro，等了10分钟也没见失主，万能的微博，要是没人认领，我就偷偷的私藏了，应该没人发现吧​", "author": "王一梗", "time": "王一梗11月29日15:10", "transmit": 6, "comment": 61, "zan": 727, "sentiment": [{"positive_prob": 0.16863, "confidence": 0.625266, "negative_prob": 0.83137, "sentiment": 0}]}, {"text": "网友投稿，买了两天的华为MateX坏了。​", "author": "Geek_Cao", "time": "Geek_Cao11月29日18:19 来自三星GalaxyFold", "transmit": 117, "comment": 1058, "zan": 4864, "sentiment": [{"positive_prob": 0.343081, "confidence": 0.237598, "negative_prob": 0.656919, "sentiment": 0}]}, {"text": "小米，华为这俩品牌你更喜欢哪个？小米，华为这俩品牌你更喜欢哪个？​", "author": "烈枫", "time": "烈枫11月29日16:21", "transmit": 6, "comment": 76, "zan": 3206, "sentiment": [{"positive_prob": 0.466315, "confidence": 0.326301, "negative_prob": 0.533685, "sentiment": 1}]}]