[{"text": "#5g正式商用#我们常用的华为+Oppo+vivo+小米智能手机知道是哪里生产的吗？广东省东莞市！除去这几个知名品牌，全球四分之一的手机都是在这里生产。任何一个厂家如果想推出一款新手机，东莞一周内就能拿出样机！这太厉害了，说明东莞已经形成完整的智能手机产业链，目前正在量产5G手机。华为在东莞有个研发和生产基地，我还去看了看华为小镇，中午还在那里吃了顿饭。第三次工业革命一开始我就跟踪研究，从20多年前开始陆续出版了《战争离我们有多远:张召忠点评军事革命》《网络战争》《打赢信息化战争》信息化三部曲学术专著，对第三次工业革命的产生发展和应用进行了全面分析研究。去年底在《格局.2019》跨年演讲中我做了两个预测:2019年将是第四次工业革命的元年+2019年中国将率先推出5G商用。现在看这两个预测都已经实现。5G来了，它将在哪些方面改变我们的生活？两年来我一直对这个问题进行研究和思考。上半年在杭州咪咕阅读基地我做了一个专题演讲，题目就是《我们走在十字路口》。前两次工业革命我们完全错过，第三次工业革命我们尾随发展，第四次工业革命来了，我们处在创造历史的十字路口，中国向何处去？每个人都在思考，我很想弄清楚与5G相关的一些技术和应用问题，前几天到东莞调研，听中国电信东莞分公司胡总给我详细介绍了一些情况，随手录制了一期Vlog《5G来了，局座带你去看看》，与小橘子们分享～L局座召忠的微博视频", "author": "局座召忠", "time": "局座召忠11月22日10:43 来自华为Mate20保时捷设计", "transmit": 607, "comment": 892, "zan": 5970, "sentiment": [{"positive_prob": 0.986306, "confidence": 0.969569, "negative_prob": 0.0136938, "sentiment": 2}]}, {"text": "【分享家味，赢华为Mate30】对于很多人来说，理想就是离乡。漂泊中，我们学会和孤独相处，和焦虑相处，和不可掌控的未知相处，却时常忽略源自于家的力量。这部短片，我们想带你感受，穿心而过的「家味」如何治愈想念，又是如何馈赠团圆。带话题词#节气里的家味#，转发本条微博分享你想念的家味，11月28日，我们将抽取一位朋友送出一部华为Mate30。冬天很冷，来一点暖。@碧桂园L头条新闻的微博视频O抽奖详情", "author": "头条新闻", "time": "头条新闻11月22日09:18 来自微博视频", "transmit": 2281, "comment": 2724, "zan": 1629, "sentiment": [{"positive_prob": 0.979484, "confidence": 0.954409, "negative_prob": 0.0205162, "sentiment": 2}]}, {"text": "【华为纪录片：任正非90年代月薪曝光】#任正非90年代月薪5千#11月22日，BBC为华为拍摄的记录片第二集：《DoubleorNothing》正式公布。上世纪90年代，在被通信巨头占据全球市场的情况下，华为选择从农村市场切入，取得巨大成功。任正非称，华为自始至终向西方学习，并不断优化。为了学习对方，任正非主动请来了IBM的专家，其时薪达到了680美元一小时，而任正非本人也才5000多元一个月。O网页链接", "author": "头条新闻", "time": "头条新闻11月22日12:45 来自微博weibo.com", "transmit": 215, "comment": 148, "zan": 762, "sentiment": [{"positive_prob": 0.596932, "confidence": 0.104293, "negative_prob": 0.403068, "sentiment": 2}]}, {"text": "有一说一嘲华为nova系列全球代言人没开屏还说要众筹给我们买我是真的谢谢了【图片cr评论鸟姐】​", "author": "Embosom1128", "time": "Embosom112811月22日21:33 来自HUAWEInova3", "transmit": 1155, "comment": 204, "zan": 1999, "sentiment": [{"positive_prob": 0.533348, "confidence": 0.333034, "negative_prob": 0.466652, "sentiment": 1}]}, {"text": "易烊千玺的粉丝和蔡徐坤的粉丝battle，那么来看看两位手机宣传照的表现力哪个更🉑️？易烊千玺的华为nova还是蔡徐坤的vivo！谁的表现力更胜一筹？​", "author": "网红物语", "time": "网红物语11月22日22:36", "transmit": 800, "comment": 1756, "zan": 67368, "sentiment": [{"positive_prob": 0.299145, "confidence": 0.335233, "negative_prob": 0.700855, "sentiment": 0}]}, {"text": "#王坚当选中国工程院院士#众望所归！连腾讯华为都发来贺电！#中科院公布2019增选院士名单#​", "author": "思想聚焦", "time": "思想聚焦11月22日14:50 来自微博weibo.com", "transmit": 167, "comment": 270, "zan": 3909, "sentiment": [{"positive_prob": 0.629824, "confidence": 0.177386, "negative_prob": 0.370176, "sentiment": 2}]}, {"text": "世间少年当如你！@TFBOYS-易烊千玺在与世界交手的第19个年头里，也要和千纸鹤一起把手抓牢哦~来#华为音乐#话题圈为易烊千玺升起你的专属千纸鹤，解锁生日当天超强应援位！还有专属抱枕等你拿~戳→O网页链接​", "author": "华为终端云服务", "time": "华为终端云服务11月22日19:06 来自微博weibo.com", "transmit": 19498, "comment": 969, "zan": 3280, "sentiment": [{"positive_prob": 0.911135, "confidence": 0.802523, "negative_prob": 0.0888648, "sentiment": 2}]}, {"text": "【#BBC发布华为纪录片#《华为是谁》第二集：孤注一掷】11月22日，华为心声社区发布《华为是谁》纪录短片第二集：孤注一掷。据介绍，第二集《孤注一掷》，讲述了华为在中国市场的定制化、为走向国际化经历的管理变革，以及海外市场拓展的开端。O视频|《华为是谁》纪录短片第二集：孤注一掷L新浪财经的微博视频​", "author": "新浪财经", "time": "新浪财经11月22日14:39 来自微博视频", "transmit": 260, "comment": 84, "zan": 733, "sentiment": [{"positive_prob": 0.885263, "confidence": 0.745029, "negative_prob": 0.114737, "sentiment": 2}]}, {"text": "【搞机零距离：华为MateX对比三星Fold一万七的折叠屏你需要知道的优点与不足】两款手机的不足其实都很明显，而且说实话，这些问题放在普通形态的手机上都很难让人接受。但是这两款手机是折叠屏，华为和三星在尽可能降低缺点所带来的影响的同时，最大程度的完善手机的体验。我认为这两款手机在手机与平板之间切换，传递出了极好的操作显示体验。这种体验的优秀，足以让你可以包容它们那些小缺点。MateX、Fold和Razr这三款手机一起，组成了2019年手机市场最惊喜的篇章。本期视频，主要来看看，两款手机都有哪些优缺点，以及在折叠形态的对比中，哪款手机更好？L钟文泽的微博视频", "author": "钟文泽", "time": "钟文泽11月22日10:00 来自微博weibo.com", "transmit": 1794, "comment": 670, "zan": 3785, "sentiment": [{"positive_prob": 0.969857, "confidence": 0.933015, "negative_prob": 0.0301433, "sentiment": 2}]}, {"text": "美国人吓坏了！拿我们的钱，补贴中国！昨天凌晨，拼多多因亏损扩大13亿，华尔街无法接受，暴跌20%，一夜蒸发700亿。而这背后，就是拼多多90天拿了69亿来补贴。美国人发现，就是拿他们的钱，补贴中国消费者。其实，拼多多不只是补贴华为、苹果等手机电脑，还大幅补贴中国农民的水果蔬菜。最狠的是，还疯狂补贴那些曾经躲在外国巨头背后，代工多年的国产。家卫士、三禾，就是最好的印证。被疯抢的外国大牌，飞利浦、双立人、WMF，全是出自它们之手，但它们的国产品牌却无人问津。现在，家卫士在拼多多非常火爆，三禾更成为了第一锅具。这样的逆转，令人振奋。很多人都说补贴没有用，但如果不补贴，有多少人能看到大山里的农产品，又有多少人能看到那些躲在外国巨头背后做嫁衣的中国国产！", "author": "余丰慧", "time": "余丰慧11月22日19:32 来自iPhone8Plus", "transmit": 123, "comment": 222, "zan": 2112, "sentiment": [{"positive_prob": 0.95516, "confidence": 0.900356, "negative_prob": 0.0448396, "sentiment": 2}]}, {"text": "【EMUI系统逐步“鸿蒙”化：已嵌入华为自研微内核＋分布式架构】在最近EMU10的更新中，华为已将鸿蒙系统的自研微内核＋分布式架构技术嵌入EMUI10系统当中，并已获得通过商用OS最高等级安全认证，再配合自家的方舟编译器，编译器新增支持35＋主流应用，EMUI已逐步实现“鸿蒙”化!#华为##数码#​", "author": "建华Wei业", "time": "建华Wei业11月22日10:08 来自HUAWEIMate20Pro", "transmit": 181, "comment": 570, "zan": 2621, "sentiment": [{"positive_prob": 0.973237, "confidence": 0.940528, "negative_prob": 0.0267626, "sentiment": 2}]}, {"text": "易烊千玺华为nova，蔡徐坤vivo官宣图battle来了，谁的表现力更好？如题​", "author": "娱乐追击令", "time": "娱乐追击令11月22日22:26", "transmit": 300, "comment": 326, "zan": 19401, "sentiment": [{"positive_prob": 0.308788, "confidence": 0.313805, "negative_prob": 0.691212, "sentiment": 0}]}, {"text": "11月22日，BBC为华为拍摄的记录片第二集：《DoubleorNothing》正式公布。任正非讲述了在获得了原始资本积累之后，华为继续发展的故事。为了学习对方，任正非主动请来了IBM的专家，其时薪达到了680美元一小时，而任正非本人也才5000多元一个月。O网页链接​", "author": "观察者网", "time": "观察者网11月22日11:14", "transmit": 170, "comment": 122, "zan": 663, "sentiment": [{"positive_prob": 0.917707, "confidence": 0.817126, "negative_prob": 0.0822932, "sentiment": 2}]}, {"text": "近日，任正非接受《华尔街日报》采访谈到他对美国的看法。L老板联播的微博视频​", "author": "Kevin在纽约", "time": "Kevin在纽约11月22日19:34 来自iPhone11ProMax(暗夜绿)", "transmit": 507, "comment": 501, "zan": 2733, "sentiment": [{"positive_prob": 0.722863, "confidence": 0.38414, "negative_prob": 0.277137, "sentiment": 2}]}, {"text": "不少朋友对我说的\"硬牌基本都囫囵打出去了，中国经济或只是依靠惯性在前行\"表示不同意见，他们一致的论据是:中国的互联网红利依然强大。如果我说，中国的互联网红利(早)已见顶且在过去，你信吗？还是秉承我的一贯分析模式，用数据说话。第一张图，中国厂商智能手机出货量，多数人看到的只是华为66%增长的强大与一骑绝尘。极少有人去想，一个行业，只有一家公司正增长，其他全部大幅下滑，到底是那家公司真的太强大，还是整个行业不行了？符合常识的理解是，整个行业在走下坡路。华为之所以一枝独秀，一是因为确实优秀，其二，我们必须承认，就算被动的，华为是始于去年五月中美贸易战的最大，甚至是唯一赢家。aiguo是一门好生意，在这个案例里体现得非常明显。事实上，现在中国市场上已经没有人敢说华为的任何不好。智能手机台数*每个手机下载的APP数*所有应用的在线时长，这三者乘积，就是一个地区互联网行业的市场空间。中国智能手机出货量2016年就已见顶，之后一路快速下滑(图二)。人均APP下载量仍在增长，但增速已越来越逼近零(图三)。人均单日在线时长，今年象征性增长了一分多种，达到359.8分钟。这意味着，剔除睡觉吃饭谈恋爱的时间，中国每个人每天刷手机应用的时长已达到6个小时。这应该就是极限了，想再增长，几无可能(图四)。以上累积的直接的结果就是，中国移动互联网月活跃用户规模，二季度净减少193万，三季度净减少300万(图五)——这是一个很令人脊背发凉的数据。与此对应的是，过去一年，所有互联网应用，只有短视频一家的在线时长占比是增长的，其他，无论社交、资讯还是游戏，通通是下降的(图六)。容颜易老，互联网也是。它救不了我们。@格隆汇APP@格隆汇学堂@格隆汇-IPO那点事", "author": "格隆", "time": "格隆11月22日14:48 来自HUAWEIMate10Pro", "transmit": 262, "comment": 13, "zan": 256, "sentiment": [{"positive_prob": 0.0252648, "confidence": 0.943856, "negative_prob": 0.974735, "sentiment": 0}]}, {"text": "【#BBC华为纪录片#第二集：#任正非90年代月薪5000块#】11月21日，BBC最新发布《华为是谁》纪录片第二集《DoubleorNothing》。上世纪90年代，在被通信巨头占据全球市场的情况下，华为选择从农村市场切入，取得巨大成功。任正非称，华为自始至终向西方学习，并不断优化。为了学习对方，任正非主动请来了IBM的专家，其时薪达到了680美元一小时，而任正非本人也才5000多元一个月。@老板联播O网页链接", "author": "梨视频", "time": "梨视频11月22日19:47 来自微博weibo.com", "transmit": 43, "comment": 23, "zan": 156, "sentiment": [{"positive_prob": 0.939392, "confidence": 0.865315, "negative_prob": 0.060608, "sentiment": 2}]}, {"text": "【#任正非90年代月薪5000块#】11月22日，BBC为华为拍摄的记录片第二集：《DoubleorNothing》正式公布。上世纪90年代，在被通信巨头占据全球市场的情况下，华为选择从农村市场切入，取得巨大成功。为了学习对方，任正非主动请来了IBM的专家，其时薪达到了680美元一小时，而任正非本人也才5000多元一个月。O网页链接", "author": "新浪科技", "time": "新浪科技11月22日22:37 来自微博weibo.com", "transmit": 61, "comment": 31, "zan": 161, "sentiment": [{"positive_prob": 0.907164, "confidence": 0.793697, "negative_prob": 0.0928362, "sentiment": 2}]}, {"text": "蔡徐坤粉丝是不是没见过什么世面，阿拉阿华爸爸给小易的地广硬广当初铺天盖地菜虚鲲本人看了都羡慕吧，好不容易舔个逼脸讨来的一日开屏是因为硅胶脸太丑令人引起不适才被各家吐槽，并不是因为别人眼红这个开屏OK？美国女人是第一次有这种待遇吧，难怪小人得志跟只插了凤凰毛的野鸡一样到处咕咕day，#看了感觉真可怜#", "author": "易个猫", "time": "易个猫11月22日21:48", "transmit": 386, "comment": 256, "zan": 1983, "sentiment": [{"positive_prob": 0.0304674, "confidence": 0.932295, "negative_prob": 0.969533, "sentiment": 0}]}, {"text": "【#任正非90年代月薪曝光#】11月22日，BBC为华为拍摄的记录片第二集：《DoubleorNothing》正式公布。上世纪90年代，在被通信巨头占据全球市场的情况下，华为选择从农村市场切入，取得巨大成功。为了学习对方，任正非主动请来了IBM的专家，其时薪达到了680美元一小时，而任正非本人也才5000多元一个月。O网页链接OBBC发布《华为是谁》纪录短片第二集:孤注一掷(视频)", "author": "新浪科技", "time": "新浪科技11月22日13:55 来自微博weibo.com", "transmit": 59, "comment": 37, "zan": 233, "sentiment": [{"positive_prob": 0.796978, "confidence": 0.54884, "negative_prob": 0.203022, "sentiment": 2}]}, {"text": "今日#小雪#，宜保暖，宜进补，宜期待四天后的#荣耀V30#系列及5G智慧全场景发布会。​", "author": "赵明-George", "time": "赵明-George11月22日10:51 来自荣耀V30PRO5G", "transmit": 682, "comment": 1328, "zan": 25395, "sentiment": [{"positive_prob": 0.965183, "confidence": 0.922629, "negative_prob": 0.034817, "sentiment": 2}]}, {"text": "【美媒探访华为尖端实验室工程师：我们正向6G发力！】华为工程师向美媒展示了一间用于测试5G设备天线的最尖端实验室，以及其它拥有专利的研究项目，并透露：华为已在6G领域发力。#人民盛世#L小央视频的秒拍视频​", "author": "中国历史研究院", "time": "中国历史研究院11月22日15:16 来自vivo智能手机", "transmit": 89, "comment": 100, "zan": 907, "sentiment": [{"positive_prob": 0.964687, "confidence": 0.921526, "negative_prob": 0.0353133, "sentiment": 2}]}, {"text": "#华为产品将可以使用Windows#【确认！#微软获得向华为出售软件许可#】11月22日，微软向21世纪经济报道记者回应道，11月20日，美国商务部批准了微软公司的请求，同意授予用于华为大众市场软件的出口许可。这也意味着华为可以继续使用Windows操作系统等核心软件。华为暂未回应。O确认！微软获得向华为出售软件许可​", "author": "新浪科技", "time": "新浪科技11月22日20:23 来自微博weibo.com", "transmit": 36, "comment": 83, "zan": 269, "sentiment": [{"positive_prob": 0.910028, "confidence": 0.800062, "negative_prob": 0.0899719, "sentiment": 2}]}, {"text": "有#华为nova6#5G，友情no界限。L华为nova65Gno界限​", "author": "华为终端官方微博", "time": "华为终端官方微博11月22日11:00 来自微博weibo.com", "transmit": 1066, "comment": 377, "zan": 1565, "sentiment": [{"positive_prob": 0.762205, "confidence": 0.471566, "negative_prob": 0.237795, "sentiment": 2}]}, {"text": "美国没看清的！我们是时候看清了！昨夜，拼多多因亏损扩大13亿，华尔街无法接受，一夜暴跌20%。然而亏损13亿的背后，就是因为拿出了69亿来补贴。比别人便宜太多的华为苹果等手机电脑和水果蔬菜，就是这么来的。当然，对于拼多多自己，它已经非常满意了。13亿，换来了5310万人和75亿营收，换来了5.3亿的总用户。今天，暴跌之后，毅然宣布还将继续补贴，不会停止。有人说，补贴没有用。但如果不补贴，有多少人能看到大山里的农货，一年帮农民卖出653亿。如果不补贴，有多少人能看到家卫士、三禾，那些曾经只能在外国巨头背后做嫁衣的中国国产。如果不补贴，可能今年的双11，就只是城里人的第11个双11，而不是农民的第一个双11！", "author": "地瓜熊老六", "time": "地瓜熊老六11月22日21:06 来自vivoiQOO生而强悍", "transmit": 57, "comment": 166, "zan": 748, "sentiment": [{"positive_prob": 0.942201, "confidence": 0.871557, "negative_prob": 0.0577993, "sentiment": 2}]}, {"text": "昨天吾儿郑渊洁从兜里掏出一款华为新出的手机让我看，一会儿大，一会儿小，撑开了，又折叠，图象十分清晰，看得我眼花缭乱。华为如此突飞猛进的跨跃，恐怕有某位大人物拼命打压的一份功劳。我们不应忘记啊！​", "author": "郑洪升", "time": "郑洪升11月22日16:55 来自华为MateRS保时捷设计", "transmit": 9, "comment": 82, "zan": 412, "sentiment": [{"positive_prob": 0.864049, "confidence": 0.697887, "negative_prob": 0.135951, "sentiment": 2}]}, {"text": "网友投稿，华为阅读内的内容包含了Mate30的广告。又查看了原版小说，没有广告。​", "author": "Geek_Cao", "time": "Geek_Cao11月22日08:28 来自iPhone11ProMax", "transmit": 269, "comment": 277, "zan": 2326, "sentiment": [{"positive_prob": 0.260761, "confidence": 0.42053, "negative_prob": 0.739239, "sentiment": 0}]}, {"text": "时代和行业的发展机遇，造就华为成长的天时地利；客户和伙伴的宽容信任，给予华为服务客户的机会。请看BBCStoryWorks制作的《华为是谁》纪录短片第二集：孤注一掷，讲述华为在中国市场的定制化、为走向国际化经历的管理变革，以及海外市场拓展的开端。这也是华为在1990年代的成长故事。L华为中国的微博视频", "author": "华为中国", "time": "华为中国11月22日22:00 来自微博weibo.com", "transmit": 82, "comment": 80, "zan": 311, "sentiment": [{"positive_prob": 0.873643, "confidence": 0.719206, "negative_prob": 0.126357, "sentiment": 2}]}, {"text": "看到折叠屏对比视频里，还是有同学说华为垃圾，三星垃圾之类的互相攻击的对话。但大家想想，两款折叠屏的诞生，难道不是过去十年手机世界最酷的产品吗？2011年乔布斯在台上说要在电脑和手机之间创造一个新的品类的时候，会有人想到有一天手机和平板的形态可以合二为一吗？折叠屏的不足明显，但我在使用这两款设备的时候，每一次翻折使用都会感慨科技的飞速进步。我们正在经历的时代，可能是人类文明发展到现在科技魅力最强也最贴近普通用户的时代。希望大家也能放下成见，就享受科技所带来的乐趣就好了。", "author": "钟文泽", "time": "钟文泽11月22日11:26 来自微博weibo.com", "transmit": 33, "comment": 418, "zan": 2325, "sentiment": [{"positive_prob": 0.831246, "confidence": 0.624992, "negative_prob": 0.168754, "sentiment": 2}]}, {"text": "【易烊千玺—动图】第一弹又到了我最爱的放动图时间了！！！你们有绝美动图也不许藏着！！！！互通有无呦喂！！！@TFBOYS-易烊千玺易烊千玺yyqx四字四字弟弟千千烊烊小烊小千帅可爱长安十二时辰易烊千玺李必华为nova全球代言人天猫代言人adidasneo易烊千玺XadidasOriginalsXadidasneo双线代言优益C百草味依云喜马拉雅天猫华为中戏优酷视频", "author": "大红璽", "time": "大红璽11月22日15:59 来自易烊千玺超话", "transmit": 38, "comment": 12, "zan": 72, "sentiment": [{"positive_prob": 0.943685, "confidence": 0.874856, "negative_prob": 0.0563146, "sentiment": 2}]}, {"text": "#华为nova6#5G的前置105°超广角，摆脱自拍杆，朋友再多也能轻松入镜～你的朋友圈，有nova，no界限L华为手机的微博视频​", "author": "华为手机", "time": "华为手机11月22日15:28 来自微博视频", "transmit": 37, "comment": 219, "zan": 687, "sentiment": [{"positive_prob": 0.975312, "confidence": 0.945137, "negative_prob": 0.0246885, "sentiment": 2}]}]