[{"text": "《高科技类中企在玻利维亚》今天我见到了某安防公司的小猪，以及他的同时小黑。1，小猪的公司他们太忙了，小猪是我微博粉丝在一个月前我们就取得联系，由于他在圣克鲁斯这个我不准备经过的玻利维亚城市，我说我很遗憾不能和他碰面，他说他在玻利维亚全国出差，所以我们约定了一个夹缝时间，O今天下午12点至2点（下午三点飞机，下午三点飞机），短暂的见面了两个小时。小猪说：“像我们企业的营销模式就是碎片化，平均每个订单只有2万块。而华为这种企业则是大企业。”我之前和委内瑞拉华人小朝聊过，他说没有听说做基础设施的中企在玻利维亚赚到钱的。今天在小猪这里则听到不同的说法，小猪说：“还外中企分两种，一种工程类，一种像我们这样高科技类，起码我们公司是盈利的。”小猪所在的公司给他的待遇也非常优厚，一年税后几十万工资，包吃住行，对于刚毕业几年1994年出生的小猪，已经是不少同龄人羡慕的榜样了。2，全球监控类产业逐步被中国占领小猪所做的安防类产品实际就是监控器，这里顺便提一下监控产业。在2000年前，监控器只有在特定的地方才有。2001年的911时间是监控产业的转折点，对监控和反恐的需求量大增，目前中国最大的几家安防【监控】企业都是在2001年左右成立的。在2010年，经过一轮竞争淘汰，剩下30多家安防公司，其中一家就是小猪现在的公司。到了2018年，小猪的公司已经做到了全球前三，实际上全球前十的安防企业，中国已经占去一半以上，全球第一的安防企业（中国）达500亿，第二（中国）200亿，第三（欧洲）几十亿……足以见得中国企业在安防产业领域几乎是全面占领的优势。3，高科技领域的中国企业们不仅仅是安防行业，中国的通讯基站（华为，中兴）对手是（爱立信，诺基亚……），电子占地终端（手机），甚至造船业，对手韩国……中国都在逐步高超……我问小猪，你觉得中国相关企业的优势是什么？小猪说：“首先我们本国市场就大，比如我们公司70%的利润就是在国内。我们有13亿人口的市场，就算美国对我们封锁，几乎对我们不存在太多影响。因为市场在我们这边，人在我们这边。”因为中国本身就有一个庞大的市场，足以支撑高科技企业产品升级换代～如今因为中国部分高科技企业在全球市场吞并的太快，引起美国的恐慌，导致美国以诸多理由对相关中国高科技企业进行打压。小猪的公司也不例外，但是小猪说，实际上美国的制裁几乎对我们公司在拉美的市场没有任何影响。美国制裁导致他们公司无法得到美国相关技术产业的芯片的供货，这反倒促成了他们企业在短时间内迅速研发可替代芯片。当然在美国制裁华为公司之前，他们公司已经先在美国买了一年量的芯片库存，这让他们公司有一个缓冲喘息期。4，让西方恐慌的中国企业中国制造在西方，通常人们联想到的都是廉价，质量一般的轻工业产品，也就是我们日常接触的小百货。但实际上，中国制造走出去的还有两大类：第一是工程类（修路，修桥，挖矿），第二是高科技类（手机，基站，安防）……中国在两类产业都逐步开始超越西方，或者已经超越西方。得益于的就是小猪前面说的：“市场在我们这，人在我们这。”第二点很重要的应该中国是数理类人才的充裕。5，中国还有什么地方落后的我问小猪，中国在技术类产业中，还有什么地方比西方落后。小猪说，这种大型的精密机械类的工业，中国还差西方一大截。因为这些产业的技术积累周期可能是几十年，还要一个很长的过程。产业链上游和高端制造业西方还是有绝对优势的，比如：机床，光刻机。小猪举了一个例子，荷兰生产的光刻机（生产芯片的机器），他们已经可以做到最小的电路仅3纳米的芯片，芯片越精密意味着运行越顺畅。（任何自动化的工业产品都需要有芯片，包括手机，监控，甚至高铁动车）。像荷兰制造的这种贴片机一台就可以卖几亿元。所以说，西方在这类大型，精密的工业领域依旧有绝对的优势，中国高科技产业的零部件以及生产零部件所用的大型机器依旧来自西方。但是大型精密机械是因为技术积累周期较长，中国追赶西方相关的产业仅仅是时间问题。2玻利维亚2玻利维亚", "author": "申典启", "time": "申典启2019年12月14日11:15 来自iPhoneXR", "transmit": 233, "comment": 190, "zan": 1710}, {"text": "美帝国主义最终目的是想消灭华为，抹杀中国在科技领域的崛起！国人一定要记住：关闭GPS的耻辱！​", "author": "wu2198", "time": "wu21982019年12月14日10:17", "transmit": 89, "comment": 1064, "zan": 14075}, {"text": "我搜了下，荣耀智慧屏的媒体稿确实都在暗示或者明示60W。关键词：60W+5000元档+几乎没有加上之前网友截图荣耀客服回复的也是60W音箱。部分文章：IT168：O老熊又来科普：价格不是衡量荣耀智慧屏的唯一标准驱动中国：O网页链接iMobile：O网页链接中华网：O荣耀智慧屏双十一首战大捷，成同档位销量冠军极客公园：O荣耀智慧屏双十一首战大捷，成同档位销量冠军知乎：O荣耀智慧屏Pro：鸿蒙系统、55寸4K、无广告…小米电视虚了？", "author": "王员外", "time": "王员外2019年12月14日20:15 来自UC浏览器电脑版", "transmit": 153, "comment": 375, "zan": 2331}, {"text": "此刻的旺角#香港自由行#最近的香港，风平浪静，连自媒体都没新闻，到处逛，到处拍，现在这个自媒体去旺角波鞋街看球鞋。自媒体说：希望以后都是和和平平，也不想再看到被捕，代价也很多。突然看到内地游客拿着华为p30，自媒体也不禁说：哇，p30华为！L香港自由行加加的微博视频", "author": "香港自由行加加", "time": "香港自由行加加2019年12月14日21:38 来自微博weibo.com", "transmit": 118, "comment": 398, "zan": 2465}, {"text": "【挪威电信表示华为将继续参与5G建设】在13日的新闻发布会上，挪威电信总裁兼首席执行官西格韦·布雷克说，公司未来4至5年内将改造网络，在此过程中，挪威电信将继续使用现有供应商华为公司的设备来维护4G网络并将部分地区网络升级到5G。布雷克表示，挪威电信没有理由推迟与华为的合作，他期待与华为继续合作。他在新闻发布会上说：“我们对与华为的合作感到非常满意。”O又想带节奏？路透宣称挪威电信将弃用华为，官方说法来了！", "author": "环球时报", "time": "环球时报2019年12月14日22:29 来自微博weibo.com", "transmit": 40, "comment": 187, "zan": 1098}, {"text": "#北京自动驾驶车辆获准载人载物测试#今年北京市交通委提出，允许自动驾驶车辆进行“载人测试及载物测试”，但也要求招募的载人测试志愿者应满18岁。明年5G普及后，自动驾驶可以精确操控车辆，就算5G没有延时在6环内我也不敢乘坐。假如小米、苹果、华为都开发自动驾驶，你认为这三家谁最靠谱儿？假如小米、苹果、华为都开发自动驾驶，你认为这三家谁不靠谱儿？", "author": "阿森", "time": "阿森2019年12月14日18:40 来自微博weibo.com", "transmit": 9, "comment": 76, "zan": 3200}, {"text": "北大教授：如果中国有一个世界级企业，就是华为。你认同吗？​", "author": "包纸玩机", "time": "包纸玩机2019年12月14日17:32", "transmit": 86, "comment": 275, "zan": 822}, {"text": "【中国联通打通第一个5GSA商用网FirstCall】12月9日上午，中国联通广东省分公司组织中讯邮电咨询设计院有限公司广东分公司、华为公司等相关团队及技术专家，在广州天河区外场进行5GSA覆盖信号测试验证，并打通中国联通第一个5GSA商用网的FirstCall，正式拉开中国联通全面建设5GSA商用网的序幕。NSA在海外会比较多，但全面SA组网成功，必然是在中国大陆。", "author": "唐史主任司马迁", "time": "唐史主任司马迁2019年12月14日19:02 来自iPhone7Plus", "transmit": 40, "comment": 43, "zan": 858}, {"text": "华为小镇，王飞老师中午在机场特意改出一张图（图5），图上清晰看出华为山寨了欧洲哪些地方的建筑。这里介绍一个，图1~4是华为复制的意大利著名的Castelvecchio城堡，而图6~9是现实中的意大利Castelvecchio古堡，始建于中世纪的Castelvecchio为什么那么著名，可能跟1959年至73年被卡罗·斯卡帕修复改造有关，这也是斯卡帕经典代表作，而华为的复制像美颜相机一样，自动修复了古堡至全新状态，就像P30的AI智能一样，斯卡帕的那些经典细节当然就被抹去了，现代主义被买椟还珠了……#SOCIARCH#", "author": "F伯爵", "time": "F伯爵2019年12月14日15:55 来自微博weibo.com", "transmit": 51, "comment": 17, "zan": 42}, {"text": "说到华为小镇，来几张，来自王飞老师的拍摄@feiarch，图9有点露怯哈~。这个民族品牌的总部分了12个区，每个区都是欧洲城市地名命名，之间用轨道小火车连接，比如到一站火车会报“巴黎到了”、“布鲁日到了”……​", "author": "F伯爵", "time": "F伯爵2019年12月14日10:34 来自微博weibo.com", "transmit": 53, "comment": 31, "zan": 60}, {"text": "大家觉得，华为Mate30Pro和RedmiK30的后置相机布局谁更好看？华为和Redmi的后置相机谁更好看？​", "author": "高压锅数码", "time": "高压锅数码2019年12月14日16:14", "transmit": 45, "comment": 46, "zan": 2948}, {"text": "华为公司在英国建设的5G创新与体验中心的落成揭幕仪式将于12月16日在伦敦隆重举行。英国主流运营商、行业机构、生态孵化组织、大学研究机构、业界分析师及5G业务创新合作伙伴等将参加本次揭幕式，并体验英国和全球领先的5G商业应用。该中心作为英国和欧洲看世界5G的窗口，汇聚和共享了英国及全球的5G领先创新案例，目前涵盖游戏娱乐、媒体传播、智能制造、健康医疗等多方面的领先业务。L华为中国的微博视频", "author": "华为中国", "time": "华为中国2019年12月14日18:12 来自手机平板·视频社区", "transmit": 42, "comment": 297, "zan": 1404}, {"text": "华为「鸿蒙」系统，明年全球推出华为消费者业务软件部总裁王成彔透露，明年华为除了手机、平板及电脑外，其他终端产品将全线搭载鸿蒙系统，而且海外亦会同步推进。王成彔还透露，鸿蒙系统正在不断完善及成熟嘅过程中，预计明年8月鸿蒙系统将正式全面开源。而华为公共事务高级副总裁JoyTan早前受访时，表示鸿蒙系统操作代码行数少，安全性更高，预计将在2020年底超越Linux，届时鸿蒙系统有望可以世界第五大智慧数位装置作业系统。#天下之事#深圳小天", "author": "深圳小天", "time": "深圳小天2019年12月14日08:46 来自深圳小天超话", "transmit": 36, "comment": 113, "zan": 663}, {"text": "华为任正非任总为何放声大笑？每日经济新闻告诉您答案雷军：我感觉我有被冒犯到#潘粤明手机里都有啥#我不知道，但是我是手机里刚才有了这段视频L长安数码君的微博视频​", "author": "长安数码君", "time": "长安数码君2019年12月14日20:10 来自nova65G自拍大不一样", "transmit": 9, "comment": 87, "zan": 453}, {"text": "狗东自营旗舰店RedmiK30，开卖2天，销量2.4W荣耀V305G，开卖9天，销量2.6W荣耀V30Pro5G，开卖2天，销量1.9W华为nova6（4G+5G），开卖2天，销量1.4W​", "author": "搞机Time", "time": "搞机Time2019年12月14日15:54 来自心系天下のAndroid", "transmit": 28, "comment": 313, "zan": 2465}, {"text": "中美第一阶段贸易协定落实：iPhone关税可免、华为解禁无期？经过近一年的扰攘，中美贸易战终于有重大推进，在今日（12月14日）凌晨，中美双方就达成了第一阶段的贸易协议，成功在美国对中国加征惩罚性关税死线前完成谈判，令众多事前怕会被加税拖累的企业都松一口气，其中就包括Apple。#天下之事#深圳小天", "author": "深圳小天", "time": "深圳小天2019年12月14日20:53 来自深圳小天超话", "transmit": 22, "comment": 322, "zan": 2774}, {"text": "#huawei##华为mate30pro##华为mate30#最近一年，我能够明显感觉到身边使用华为手机的人越来越多，在地铁、在机场，拿华为手机的用户也不再是中年人或者大老板，一些年轻人也开始接受华为手机。而华为Mate30Pro目前普及率也非常高，我在公共场合经常看到人们拿着华为Mate30Pro，独特的外形设计，老远一看就能够认出它就是华为手机。那么大家为什么购买华为，大家觉得华为手机的优缺点各是啥？", "author": "高压锅数码", "time": "高压锅数码2019年12月14日18:32 来自微博weibo.com", "transmit": 8, "comment": 135, "zan": 238}, {"text": "我实在是不想评论小米红米和华为荣耀的这个事件，好好做自己的产品吧，把用在嘴上的功夫用在研发上面吧！至于产品好不好，交给市场和消费者去评判，舆论不等于销量，也不等于口碑荣耀智慧屏发布后都拆过机的，当时都没说啥，怎么这个时候突然拿出来说，有点怪怪的​", "author": "长安数码君", "time": "长安数码君2019年12月14日23:49 来自nova65G自拍大不一样", "transmit": 21, "comment": 205, "zan": 956}, {"text": "温柔不止是一个瞬间，也是一种力量。这一年，在重庆、武汉、青岛、西安、北京和上海，我们探索无止境，也遇见了很多被治愈的温柔的瞬间。所以，在今年的第七城深圳前，我把属于探索者们的周末画了下来：一场华为运动健康CLUB跑者分享会，一场马拉松，一路陪伴，还有完赛后的高光时刻。明天，#只管去跑#，深马赛道见！马拉松", "author": "黑猫的黑", "time": "黑猫的黑2019年12月14日14:01 来自马拉松超话", "transmit": 1320, "comment": 2835, "zan": 15448}, {"text": "北大教授：华为今年研发投入1015亿元，占全国企业研发投入的5.2%，专利贡献占全国的10%，是中国最牛的企业！​", "author": "C科技", "time": "C科技2019年12月14日16:00 来自三星GalaxyS10+", "transmit": 8, "comment": 126, "zan": 390}, {"text": "北大教授张志学称：我对华为比较了解，华为研发投入占全国5.2%，华为专利占全国10%，如果中国有一个世界级企业，就是华为。对此你们同意吗？​", "author": "搞机王腾霄", "time": "搞机王腾霄2019年12月14日18:08", "transmit": 6, "comment": 133, "zan": 194}, {"text": "因为5G基带功耗的增加，新#iPhone电池容量将继续提升#，现在几大手机厂商，5G手机最低电池分别如下：VIVO和Redmi最低4500mah、三星4300、华为和荣耀4200，小米和OPPO4000。你觉得5G手机电池至少需要多少？​", "author": "科技小乙", "time": "科技小乙2019年12月14日14:26 来自小米CC9Pro一亿像素", "transmit": 6, "comment": 28, "zan": 1370}, {"text": "【爱立信承认在中国行贿，靠贿赂打败华为】近日，美国司法部表示，瑞典电信运营设备商爱立信已承认“公司近17年来在多国进行行贿，以此保持业务增长、打败竞争对手华为的电信业务”。爱立信向越南、印度尼西亚、科威特、沙特、吉布提和中国的运营商均行过贿。美司法部曾考虑起诉爱立信，不过现在爱立信已经选择和美司法部和解，缴纳了10亿美元的罚金（折合人民币74亿元）。11月25日，爱立信曾高调宣布，签约的5G商用合同75个，远超华为的65个成为世界第一。没想到的是，背后却用了肮脏手段。#2019最值得记住的一件事儿##华为##爱立信#", "author": "价值投资日志", "time": "价值投资日志2019年12月14日18:22 来自iPhoneX", "transmit": 116, "comment": 224, "zan": 767}, {"text": "北大教授：如果中国有一个世界级企业，就是华为！给华为点赞L老板联播的微博视频​", "author": "科技新一", "time": "科技新一2019年12月14日19:07 来自财经·视频社区", "transmit": 27, "comment": 282, "zan": 1567}, {"text": "后摄都采用环形设计，华为Mate30Pro是方形排列采用环形可以理解，而RedmiK30采用竖向排列用环形算不算碰瓷呢？你们认为哪家的环形设计更好看呢？#huawei##华为mate30pro##华为mate30#​", "author": "科技小奈", "time": "科技小奈2019年12月14日17:59 来自热心吃瓜群众", "transmit": 47, "comment": 220, "zan": 524}, {"text": "挑战自己，一直是我和杰西最喜欢做的事情。每一个精彩的瞬间，每一滴流下的汗水，每一次完成后的喜悦，都让我们成长为更好的自己！这次我和杰西完成了最刺激的24小时硬核挑战，并带上#华为nova5#z跟我们一起，拍摄了一个24小时硬核vlog。当科技遇上生活，让你也有机会变的更加硬核的话，#你最想挑战的硬核清单✅#是什么呢？L陈康纳_的微博视频", "author": "陈康纳_", "time": "陈康纳_2019年12月14日20:18 来自手机平板·视频社区", "transmit": 1490, "comment": 3525, "zan": 5574}, {"text": "华为P40……嗯，有朝一日​", "author": "小白测评", "time": "小白测评2019年12月14日23:59", "transmit": 3, "comment": 124, "zan": 708}, {"text": "北大教授张志学：#华为研发投入占全国5.2%#，华为专利占全国10%刚才，北大光华管理学院教授张志学称2018年华为销售额占全国GDP的0.78%，而研发投入占全国5.2%，获得的专利占全国的10%我始终坚信走自主研发道路，是一个企业长久可持续发展的不竭动力​", "author": "长安数码君", "time": "长安数码君2019年12月14日17:39 来自nova65G自拍大不一样", "transmit": 21, "comment": 108, "zan": 742}, {"text": "网友去华为体验店用MateSoundX帝瓦雷竟然干出这种事LGeek_Cao的微博视频​", "author": "Geek_Cao", "time": "Geek_Cao2019年12月14日21:09 来自iPhone11ProMax", "transmit": 64, "comment": 122, "zan": 840}, {"text": "【#吴军回应点评腾讯争议#：都是中肯评价，对阿里和华为一直认可】此前腾讯原副总裁吴军点评四家互联网公司引发争议：“百度已无希望、苹果吃老本、谷歌平庸、腾讯没ToB基因”。对此，吴军回应称这些公司对于自己没有什么特殊性，仅是中肯评价。自己一向认可阿里和华为，并没有拿好处。L老板联播的微博视频", "author": "新浪财经", "time": "新浪财经2019年12月14日18:40 来自财经·视频社区", "transmit": 37, "comment": 112, "zan": 332}]