[{"text": "华为P30Pro真的能拍月亮吗？我们特意试了一下…L爱范儿的微博视频​", "author": "爱范儿", "time": "爱范儿04月11日21:36 来自微博视频", "transmit": 26376, "comment": 10247, "zan": 25175, "sentiment": [{"positive_prob": 0.669485, "confidence": 0.265522, "negative_prob": 0.330515, "sentiment": 2}]}, {"text": "【正在直播：手机中的望远镜！华为P30发布盛典】4月11日下午2:30，2019华为春季新品发布会在上海举办，国内消费者期盼已久的华为P30和P30Pro两款手机正式亮相。华为P30系列最大卖点是其全球领先的摄影技术，被网友昵称为“夜视仪”、“望远镜”。#看看直播#看看新闻KNEWS的微博直播.​", "author": "看看新闻KNEWS", "time": "看看新闻KNEWS04月11日14:31 来自微博网页版", "transmit": 280, "comment": 3561, "zan": 22754, "sentiment": [{"positive_prob": 0.893847, "confidence": 0.764104, "negative_prob": 0.106153, "sentiment": 2}]}, {"text": "【#华为4万多个5G基站已发往全球#占全球5G订单的近一半】据参考消息报道称，2018年，华为签订了5G商用合同30多个，占据了全球5G订单的近一半，并有4万多个5G基站已发往全球各地。包括英国、瑞士、泰国、马来西亚、菲律宾等多个国家与地区的网络运营商都纷纷与华为进行合作，加速5G网络的发展和建设。​", "author": "每日经济新闻", "time": "每日经济新闻04月11日12:05 来自搜狗高速浏览器", "transmit": 494, "comment": 390, "zan": 4900, "sentiment": [{"positive_prob": 0.974458, "confidence": 0.943239, "negative_prob": 0.0255424, "sentiment": 2}]}, {"text": "#华为P30#2019华为春季新品发布会将于14:30开始，锁定直播一手信息！华为终端官方微博的微博直播.​", "author": "华为终端官方微博", "time": "华为终端官方微博04月11日14:00 来自微博网页版", "transmit": 5105, "comment": 21756, "zan": 98937, "sentiment": [{"positive_prob": 0.852966, "confidence": 0.673259, "negative_prob": 0.147034, "sentiment": 2}]}, {"text": "【#浪人TV#2019华为春季新品发布盛典】在上海体育中心举办，届时号称50倍变焦、能拍银河的#华为P30发布会#系列手机国内售价将正式公布。除了手机，新MatebookXPro和Matebook14国行售价悬念也将揭晓，据说华为电脑还会有个小惊喜公布。更多精彩欢迎锁定：新浪手机的微博直播.​", "author": "新浪手机", "time": "新浪手机04月11日14:34 来自微博网页版", "transmit": 378, "comment": 6415, "zan": 37724, "sentiment": [{"positive_prob": 0.977699, "confidence": 0.950443, "negative_prob": 0.0223007, "sentiment": 2}]}, {"text": "#华为P30##未来影像#华为P30全系列产品价格发布。大家还满意吗2上海·东方体育中心​", "author": "大江之源", "time": "大江之源04月11日16:28 来自iPhone客户端", "transmit": 248, "comment": 1622, "zan": 3215, "sentiment": [{"positive_prob": 0.903499, "confidence": 0.785554, "negative_prob": 0.0965009, "sentiment": 2}]}, {"text": "#华为P30#系列新机上手，第一件事当然是——拍月亮啦！​", "author": "华为终端官方微博", "time": "华为终端官方微博04月11日22:56 来自HUAWEIP30Pro", "transmit": 244, "comment": 660, "zan": 1995, "sentiment": [{"positive_prob": 0.955503, "confidence": 0.901118, "negative_prob": 0.0444967, "sentiment": 2}]}, {"text": "感谢到场的花粉、媒体朋友，感谢线上观看直播的朋友们，待会见！#华为P30#​", "author": "余承东", "time": "余承东04月11日13:58 来自HUAWEIP30Pro", "transmit": 94, "comment": 508, "zan": 2085, "sentiment": [{"positive_prob": 0.980577, "confidence": 0.956838, "negative_prob": 0.019423, "sentiment": 2}]}, {"text": "不配拥有姓名的小招，决定送一部手机请大家拍拍你身边的招商银行！关注@招商银行App，转发本条微博并@1名好友，华为P30你值得拥有！4月18日抽！@微博抽奖平台#共青团中央视觉中国#​", "author": "招商银行App", "time": "招商银行App04月11日20:45 来自微博weibo.com", "transmit": 7920, "comment": 6837, "zan": 4007, "sentiment": [{"positive_prob": 0.899134, "confidence": 0.775854, "negative_prob": 0.100866, "sentiment": 2}]}, {"text": "【华为发布国行版P30系列，最高售价6788元】其中P30起售价3988元，P30Pro起售价5488元。P30系列搭载EMUI9.0，拥有反向无线充电技术，主打拍照。#华为发布P30系列#O刚刚！华为P30系列开售，国行版售价预计3988元起​", "author": "每日经济新闻", "time": "每日经济新闻04月11日16:33 来自微博weibo.com", "transmit": 43, "comment": 371, "zan": 226, "sentiment": [{"positive_prob": 0.881009, "confidence": 0.735576, "negative_prob": 0.118991, "sentiment": 2}]}, {"text": "华为MatebookXpro笔记本拆包#小报告#~L陈震同学的微博视频​", "author": "陈震同学", "time": "陈震同学04月11日15:58 来自微博weibo.com", "transmit": 120, "comment": 362, "zan": 878, "sentiment": [{"positive_prob": 0.726487, "confidence": 0.392193, "negative_prob": 0.273513, "sentiment": 2}]}, {"text": "华为P30发布送不起，那就关注我和@好运鸭，不过滤送一台1500元的荣耀9i手机。4.17@微博抽奖平台不过滤#花式种草#，赞有好运！不过滤！​", "author": "锦鲤少女", "time": "锦鲤少女04月11日20:24 来自微博weibo.com", "transmit": 121592, "comment": 1429, "zan": 3073, "sentiment": [{"positive_prob": 0.890335, "confidence": 0.7563, "negative_prob": 0.109665, "sentiment": 2}]}, {"text": "从巴黎到上海，科技赋予#未来影像#新的力量。今天14:30，2019华为春季新品发布盛典，我们准备好了！L华为终端官方微博的秒拍视频​", "author": "华为终端官方微博", "time": "华为终端官方微博04月11日11:29 来自秒拍网页版", "transmit": 501, "comment": 490, "zan": 2017, "sentiment": [{"positive_prob": 0.943768, "confidence": 0.87504, "negative_prob": 0.0562321, "sentiment": 2}]}, {"text": "全新徕卡四摄改写影像历史，一张图带你全面了解#华为P30#系列的精彩！​", "author": "余承东", "time": "余承东04月11日17:00 来自HUAWEIP30Pro", "transmit": 259, "comment": 1819, "zan": 2357, "sentiment": [{"positive_prob": 0.935193, "confidence": 0.855985, "negative_prob": 0.0648068, "sentiment": 2}]}, {"text": "【华为再次刷新手机摄影的高度】#华为P30#中国上市，今日在上海发布春季新品，备受瞩目的超感光徕卡四摄，带来强大的拍摄效果。​", "author": "新京报", "time": "新京报04月11日20:57 来自微博weibo.com", "transmit": 27, "comment": 271, "zan": 379, "sentiment": [{"positive_prob": 0.958916, "confidence": 0.908702, "negative_prob": 0.0410841, "sentiment": 2}]}, {"text": "【送华为P30】买华为p30上苏宁易购，打Call尝鲜，就上苏宁易购新品营销平台O网页链接转发本条微博并且@两名好友，关注@苏宁众测送一台华为P30，4月18日开奖#新品快上苏宁易购#L苏宁众测的微博视频​", "author": "苏宁内容", "time": "苏宁内容04月11日15:43 来自微博视频", "transmit": 6069, "comment": 6422, "zan": 2406, "sentiment": [{"positive_prob": 0.720217, "confidence": 0.378259, "negative_prob": 0.279783, "sentiment": 2}]}, {"text": "今天华为p30上海发布会，大家关注以下几个重点字眼就行啦夜视仪、望远镜、显微镜、画质、颜值（手机的颜值哦，不是你的），该产品拍照效果领先全球，其他相关信息有待继续展示。。#华为P30#900光影世界​", "author": "草原900", "time": "草原90004月11日15:28 来自900光影世界超话", "transmit": 158, "comment": 164, "zan": 2613, "sentiment": [{"positive_prob": 0.959131, "confidence": 0.909181, "negative_prob": 0.0408685, "sentiment": 2}]}, {"text": "大招来了！华为方舟编译器，大幅提升安卓系统性能，面向业界开源​", "author": "ZEALER中国", "time": "ZEALER中国04月11日15:30 来自微博weibo.com", "transmit": 87, "comment": 534, "zan": 549, "sentiment": [{"positive_prob": 0.722241, "confidence": 0.382759, "negative_prob": 0.277759, "sentiment": 2}]}, {"text": "【搞机零距离：华为P30Pro评测最遥远的距离？】对P30Pro使用一段时间，印象最深刻还是拍照，这次50倍变焦真的太突出。尤其是超长变焦下的防抖水平，刚才看发布会才注意到，华为是给反光镜和传感器加了两个防抖。这个部分是真的稳。颜色方面，这次天空之境的颜色俘获到了大批用户的关注，这款颜色在室外环境才是发挥到最佳效果。至于这款手机具体的表现和体验，包括拍照部分的测试，与S10和iPhoneXSMax的对比；以及手机的优点与缺点，我们一起来看视频：L钟文泽并不胖的秒拍视频", "author": "钟文泽", "time": "钟文泽04月11日16:00 来自微博weibo.com", "transmit": 812, "comment": 499, "zan": 1674, "sentiment": [{"positive_prob": 0.967959, "confidence": 0.928797, "negative_prob": 0.0320412, "sentiment": 2}]}, {"text": "【语音助手小艺再升级，一语直达】业界首个融合视觉和听觉的语音助手：小艺，可以通过语音交互和视听一体化，一步调用手机的智慧视觉能力。#EMUI9.1#①长按电源键1秒即可唤醒，高频应用一步直达，还能进行语音播报哦；②支持混合标签智能搜图，更便捷分享；③自定义与学习组合技能，自定义指令+学习引擎让小艺更智能【转发今天发布会系列微博，我们将从转发量最低的微博中抽粉丝赠送HUAWEIP30手机一台！】L华为EMUI的微博视频", "author": "华为EMUI", "time": "华为EMUI04月11日15:41 来自微博weibo.com", "transmit": 942, "comment": 343, "zan": 317, "sentiment": [{"positive_prob": 0.954608, "confidence": 0.899128, "negative_prob": 0.0453923, "sentiment": 2}]}, {"text": "智慧摄影与科技美学融为一体，改写影像规则，重塑光影经典。4月11日，#华为P30#系列，中国上市，一起开启未来影像！L华为P30系列新品上市​", "author": "华为终端官方微博", "time": "华为终端官方微博04月11日16:00 来自微博weibo.com", "transmit": 886, "comment": 782, "zan": 2870, "sentiment": [{"positive_prob": 0.961505, "confidence": 0.914456, "negative_prob": 0.0384948, "sentiment": 2}]}, {"text": "嗯嗯，华为P30、P30PRO、MatebookXpro价格了解一下～​", "author": "陈震同学", "time": "陈震同学04月11日16:48 来自HUAWEIP30Pro", "transmit": 65, "comment": 685, "zan": 538, "sentiment": [{"positive_prob": 0.670815, "confidence": 0.268478, "negative_prob": 0.329185, "sentiment": 2}]}, {"text": "【华为P30上市，拍出了银河】#华为P30#中国上市，发布会现场展现了惊人的暗拍和长焦拍摄效果，堪比望远镜和夜视仪，拍出银河照。​", "author": "新闻晨报", "time": "新闻晨报04月11日19:45 来自微博weibo.com", "transmit": 309, "comment": 203, "zan": 417, "sentiment": [{"positive_prob": 0.760458, "confidence": 0.467684, "negative_prob": 0.239542, "sentiment": 2}]}, {"text": "人间“望远镜”在线撩人？今天科普#华为P30#是如何大范围圈粉滴，戳大图一秒扫盲~​", "author": "柴知道", "time": "柴知道04月11日17:30 来自微博weibo.com", "transmit": 142, "comment": 88, "zan": 3100, "sentiment": [{"positive_prob": 0.818013, "confidence": 0.595586, "negative_prob": 0.181986, "sentiment": 2}]}, {"text": "【华为P30中国上市，暗拍功能强大！】今天下午#华为P30#在上海举行新品发布会，超感光徕卡四摄，带来强大暗拍能力，环境再暗，都能夜色尽收眼底。​", "author": "Vista看天下", "time": "Vista看天下04月11日19:45 来自HUAWEIMate10", "transmit": 531, "comment": 589, "zan": 554, "sentiment": [{"positive_prob": 0.822426, "confidence": 0.605392, "negative_prob": 0.177574, "sentiment": 2}]}, {"text": "【华为P30中国上市，打破手机摄影局限】超强变焦让距离不再成为问题，#华为P30#新品发布会刚刚结束，成功开启大众对未来摄影的全新构想。​", "author": "中国新闻周刊", "time": "中国新闻周刊04月11日19:29", "transmit": 432, "comment": 519, "zan": 449, "sentiment": [{"positive_prob": 0.871838, "confidence": 0.715196, "negative_prob": 0.128162, "sentiment": 2}]}, {"text": "前方高能！一张图带你快速了解#华为P30#系列全新升级的终端云服务【转评直播微博，从转发量最高的微博中抽送华为P30一部！】​", "author": "华为终端云服务", "time": "华为终端云服务04月11日16:51 来自微博weibo.com", "transmit": 2305, "comment": 1272, "zan": 1535, "sentiment": [{"positive_prob": 0.942032, "confidence": 0.871182, "negative_prob": 0.0579679, "sentiment": 2}]}, {"text": "郑云龙郑云龙#东野圭吾《信》音乐剧中文版#没办法和炮姐们比不过我的小华为也不错十几排拍出这样的效果故事的最后实在太揪心了头几张可以看出来大龙完全还沉浸在剧情中p34是在抹眼泪读信环节终于被一个有趣的信逗笑了对了他还念了一个信的作者叫绒绒的妈妈哈哈哈听他叫自己绒绒太好玩了凭印象记下大龙读的信的内容大龙你在笼子里面睡吧明天歌手决赛我们替你看了大家都是成年人了道理都懂得不多说了继续加油不忘初心道阻且长大龙的表情里看得出对于ts不能和兄弟一起进决赛他内心还是很遗憾的他没有多说什么但是笑着很用力的拍了拍胸口心脏的位置p7好一个不忘初心道阻且长说的真好ps大家叫大龙摘掉帽子我心想怎么可能下一秒打脸他乖乖摘了帽子留下一个鸡窝卷毛头身边人都看不下去了帮他把帽子带回去了天天被你气突然宠起粉来有点不适应最后黑糖方方他们都上去了我终于拍到他俩的脸了最后的最后还是看到了猫咪笑脸的绒绒流水账完毕晚点会很认真的写观影笔记的", "author": "D源氏春秋L", "time": "D源氏春秋L04月11日22:39 来自郑云龙超话", "transmit": 22, "comment": 37, "zan": 185, "sentiment": [{"positive_prob": 0.989356, "confidence": 0.976346, "negative_prob": 0.0106441, "sentiment": 2}]}, {"text": "4.11星期四复盘这两天总是V啊V啊的，今天还是比较痛快的来了。这几天跟着我轻仓的空仓的宝宝们记得花式夸我，我脸皮厚扛的住。今天两市平开，昨天大涨的透明工厂今日集体回落【所以说，等我整明白了也就过时了】。华为汽车、江苏自贸区延续强势表现，超级真菌龙头一字后排开始掉队。华为汽车一度带动汽车板块走强。此后大盘总体震荡下行，近期大涨的白酒、透明工厂跌幅居前，午前市场持续杀跌，沪指失守3200点。午后工业大麻、氢燃料电池均有异动分化，但持续性一般。昨日表现强势的透明工厂被杀的片甲不留，化工板块继续杀跌。场内观望情绪渐浓，亏钱效应增强，临近尾盘，指数持续杀跌。截止收盘沪指跌1.60%，深成指跌2.65%，创业板指跌2.06%两市共653只个股上涨，75只个股涨停，除新股外涨停73只，2863只个股下跌，18只个股跌停，29只股票炸板，炸板率30%。题材方面一、华为汽车据媒体报道，华为汽车将亮相上海车展，据称这款汽车名为Sharing-Van。此外，根据公开报道，近日华为、东风和襄阳地方政府已签署协议，宣称要打造智能化汽车。受此消息刺激，东风科技、东风汽车双双封死一字板，华体科技随后封板，北汽蓝谷一度冲高，随着市场资金开始关注该板块，后市仍可留意华为产业链。二、养鸡养鸡板块迎来全线反抽走势，民和股份大涨8%，益生股份、仙坛股份、圣农发展纷纷跟涨，板块集体反抽，持续性有待观察。非说这周行情烂么，每天都有大几十只个股涨停，每天的“昨日涨停表现”也都有较为不错的溢价。但要说这周多好赚钱么，又怕被众多股民锤爆狗头。回顾这周表现，行情呈现两极分化的走势，题材爆发较强但轮动较快且无延续性，这种涨停我提前吧抓不住，，让我追我不愿意。总结下来就一句话：先手吃肉，后手吃尸米。明天盘中继续观察。祝各位宝宝春梦了无痕财经第一美女", "author": "散户小韭菜", "time": "散户小韭菜04月11日22:56", "transmit": 469, "comment": 299, "zan": 667, "sentiment": [{"positive_prob": 0.959059, "confidence": 0.909019, "negative_prob": 0.0409413, "sentiment": 2}]}, {"text": "【华为这样“打脸”美国4万多个5G基站已发往全球】据参考消息报道称，2018年，华为签订了5G商用合同30多个，占据了全球5G订单的近一半，并有4万多个5G基站已发往全球各地。包括英国、瑞士、泰国、马来西亚、菲律宾等多个国家与地区的网络运营商都纷纷与华为进行合作，加速5G网络的发展和建设。#华为4万多个5G基站已发往全球#O华为这样“打脸”美国4万多个5G基站已发往全球", "author": "新浪财经", "time": "新浪财经04月11日14:11 来自专业版微博", "transmit": 61, "comment": 111, "zan": 211, "sentiment": [{"positive_prob": 0.940122, "confidence": 0.866938, "negative_prob": 0.059878, "sentiment": 2}]}]