[{"text": "#全球5G芯片厂商仅5家#其实正真有能力研发制造5G基带芯片的企业只有5家：华为海思、高通、三星、联发科、紫光展锐。高通占据了2,3,4g的专利主导权，那么除了高通，你更看好谁？5G芯片厂商，你更看好谁​", "author": "程序员新视界", "time": "程序员新视界09月04日07:20", "transmit": 337, "comment": 674, "zan": 45085, "sentiment": [{"positive_prob": 0.78981, "confidence": 0.532911, "negative_prob": 0.21019, "sentiment": 2}]}, {"text": "#李现武汉#揭秘揭秘！李现大红之后变身手机工程师，和华为荣耀一起设计荣耀20S并命名为“蝶羽蓝”~那么问题来了，这次李现的跨界作品你觉得如何？​", "author": "小熊三贱客", "time": "小熊三贱客09月04日21:30 来自微博weibo.com", "transmit": 515, "comment": 73, "zan": 2056, "sentiment": [{"positive_prob": 0.823011, "confidence": 0.606691, "negative_prob": 0.176989, "sentiment": 2}]}, {"text": "【华为回应美司法部新调查：美动用国家机器骚扰华为正常业务】“世界上没有任何一家企业可以通过‘偷窃’成为全球领先的高科技企业。”针对美国《华尔街日报》8月30日有关美国司法部就华为所谓窃取商业秘密而展开新调查的消息，华为9月3日发表严正声明予以回应，并列出美国政府不公平打压华为公司的“九宗罪”。据《华尔街日报》8月30日报道，美国司法部正就华为涉嫌技术盗窃展开新调查。知情人士称，新调查与《华尔街日报》5月刊登的一篇调查报道内容有所重叠，其中包括华为涉嫌从葡萄牙多媒体制作人RuiPedroOliveira处窃取智能手机摄像头技术。但当时这篇报道没有拿出任何直接证据证实华为的技术来源于“抄袭”。华为9月3日在声明中表示，华为坚信自主研发的产品不侵权，并提供了翔实的材料予以证明，但Oliveira先生持续通过媒体扭曲事实、抹黑华为，甚至试图通过其政府高层给华为施压使华为屈服并支付其高额费用。“我们奉劝美方一些人，不要高估自己的造谣能力，也不要低估别人的判断能力。”中国外交部发言人耿爽3日在例行记者会上表示，中方敦促美方停止泛化国家安全的错误做法，停止对中国的蓄意抹黑和指责，停止对中国企业的无理打压。美方打压中国企业、污蔑中国的真实意图是什么，相信任何秉持公正客观立场的国家都对此看得清清楚楚，明明白白。O美国打压华为又出新招华为列数美国政府“九宗罪”反击！", "author": "环球时报", "time": "环球时报09月04日09:10 来自微博weibo.com", "transmit": 111, "comment": 178, "zan": 964, "sentiment": [{"positive_prob": 0.0141047, "confidence": 0.968656, "negative_prob": 0.985895, "sentiment": 0}]}, {"text": "【南方电网部署华为鲲鹏CPU芯片，逐步取代英特尔CPU！】南方电网与华为3日联合召开发布会，宣布率先在深圳电力行业部署鲲鹏国产CPU生态体系。根据南方电网深圳供电局信息中心副主任庞宁介绍，深圳供电系统部署的不仅是华为的CPU，还包括基于鲲鹏芯片的华为服务器，基于华为自主研发的存储控制芯片的华为存储系统，华为高斯数据库等。目前深圳供电局信息中心大多数服务器模式、核心芯片、操作系统、数据库都使用国外技术产品，无法做到自主可控。这是中国电力行业首次大规模部署全国产信息软硬件系统，充分说明华为鲲鹏生态体系已经完全具备了替代国外同类型产品的能力。O华为鲲鹏、昇腾处理器首次成功应用于我国电力行业#南方电网部署华为国产CPU#", "author": "观察者网", "time": "观察者网09月04日17:43 来自微博weibo.com", "transmit": 550, "comment": 378, "zan": 3824, "sentiment": [{"positive_prob": 0.960293, "confidence": 0.911763, "negative_prob": 0.0397068, "sentiment": 2}]}, {"text": "【聚焦！华为荣耀20s发布会：李现Vs赵明，年轻人的5G+鸿蒙何时来？】9月4日晚7点，华为荣耀20s在武汉正式亮相。当红小生@李现ing将在现场与掀开这场青春与超级青春的对话。今晚7点，华为荣耀业务部总裁赵明将在荣耀20s手机发布会上给出最新的行业信息。@界面新闻（记者：杨宏明摄像：黄薇（实习)导播：王咏雅编辑：涼音)观见GLIVE的微博直播.", "author": "观见GLIVE", "time": "观见GLIVE09月04日18:34 来自微博网页版", "transmit": 401, "comment": 6130, "zan": 10726, "sentiment": [{"positive_prob": 0.942197, "confidence": 0.87155, "negative_prob": 0.0578025, "sentiment": 2}]}, {"text": "华为这么夸张的吗？？？？？​", "author": "Simon_阿文", "time": "Simon_阿文09月04日20:51 来自iPhoneX", "transmit": 120, "comment": 1032, "zan": 4417, "sentiment": [{"positive_prob": 0.0861081, "confidence": 0.808649, "negative_prob": 0.913892, "sentiment": 0}]}, {"text": "这是什么操作？去华为卖东西没成，把自己给卖进去了？​", "author": "科技涅槃说", "time": "科技涅槃说09月04日10:39 来自HUAWEIMate20Pro", "transmit": 230, "comment": 165, "zan": 6085, "sentiment": [{"positive_prob": 0.0833275, "confidence": 0.814828, "negative_prob": 0.916672, "sentiment": 0}]}, {"text": "大家觉得Mate30Pro好看还是iPhone11好看？#苹果新手机名iPhone11##华为Mate30Pro又曝渲染图#Mate30Pro和iPhone11哪个更好看？​", "author": "数知实验室", "time": "数知实验室09月04日16:48 来自微博weibo.com", "transmit": 6, "comment": 48, "zan": 2161, "sentiment": [{"positive_prob": 0.836733, "confidence": 0.637185, "negative_prob": 0.163267, "sentiment": 2}]}, {"text": "今天看到有厂家也发布了一款980芯片，其中公布的一个参数“支持在5G网络Sub6GHz频段，实现最高2.55Gbps的下载速率”引起了我们热烈的讨论，因为基于3GPPR-15协议标准，100MHz带宽能实现的理论速率最高为2.34Gbps。基于这个限制，在过去无论华为，高通还是MTK，对外宣称的速率都是2.3Gbps。今天有厂商突破了这个极限，一定有什么奇迹发生2德国·柏林", "author": "李小龙Bruce_Lee", "time": "李小龙Bruce_Lee09月04日21:50 来自HUAWEIMateX5G", "transmit": 139, "comment": 469, "zan": 2656, "sentiment": [{"positive_prob": 0.945986, "confidence": 0.879969, "negative_prob": 0.0540142, "sentiment": 2}]}, {"text": "【法律消费的价值】华为的法务年薪200万，对于一般中国人来说，这可能是一个非常具冲击力的消息。实际上现在一个年营业收入一亿的律师事务所，相当于制造业、商业、房地产业50亿左右的年产值企业。因为其是纯现金流收入，成本比例不高。而其一年的盈利，也超过了一半以上的上市公司利润。法律正在成为一个非常重要的服务产业，他既有政治的功能，社会的功能，还有经济上的功能。企业也好，公民个人也好，谁早一点认识到法律的价值，他就可以少走很多弯路。法务200万年薪。华为：每一个事情都离不开律师。华为法务主管：我想用几个数字来描述，第一个就是整个法务部的员工现在有500多人，这里面包括两大块，一个是法律部门，就是律师部门，另外一个就是知识产权部门。并且这500个人全部都是公司员工，不包括外聘律所。外聘律所在每个国家都会有3个以上的律师事务所做合作，并且三个律所各有分工。第二个是每年的业务量，每年大概有4000亿的交易规模。为什么是4000亿呢?销售额是2400亿，再加上电信设备的采购，一进一出，再加上基建，至少有4000亿左右的规模。这4000亿的合同，评审和风险控制都由法律部门来负责。第三个数字是任何时候同时在处理的法律纠纷应该是超过1000多件。这个就包括全球各个国家的，总共100多个国家，每个国家多的时候有五六十件，少的大概有十来件。第四个数字就是专利数量。华为基本上现在一年平均大概5000件左右的新的专利申请，总的大概有7万件，85%以上都是发明专利。因为华为每年销售额的10%是要用来做研发的，研发金额的10%是要用来做预言，要整专利的，就去年来看，大概有20亿左右的投入是用来生产专利的。O法务200万年薪！华为：每一个事情都离不开律师！", "author": "陈有西", "time": "陈有西09月04日17:24 来自iPhone客户端", "transmit": 194, "comment": 105, "zan": 306, "sentiment": [{"positive_prob": 0.976973, "confidence": 0.94883, "negative_prob": 0.0230266, "sentiment": 2}]}, {"text": "一it男从华为出来想看看世界，结果被现实好好地上了一课​", "author": "程序员新视界", "time": "程序员新视界09月04日20:37", "transmit": 268, "comment": 720, "zan": 6818, "sentiment": [{"positive_prob": 0.264937, "confidence": 0.411252, "negative_prob": 0.735063, "sentiment": 0}]}, {"text": "Onleaks放出华为Mate30Pro的渲染图，和此前的曝光海报可以说是基本相同了，后置奥利奥四摄+CD纹设计，正面刘海尺寸比Mate20Pro缩小，支持3D结构光，整体看起来更加方正，这外观10分打几分？​", "author": "大米评测", "time": "大米评测09月04日14:24 来自微博weibo.com", "transmit": 20, "comment": 323, "zan": 1286, "sentiment": [{"positive_prob": 0.67414, "confidence": 0.275866, "negative_prob": 0.32586, "sentiment": 2}]}, {"text": "OnLeaks放出的华为Mate30Pro渲染图，大家觉得怎么样？​", "author": "科技美学", "time": "科技美学09月04日16:42", "transmit": 23, "comment": 445, "zan": 822, "sentiment": [{"positive_prob": 0.202404, "confidence": 0.550213, "negative_prob": 0.797596, "sentiment": 0}]}, {"text": "抖那个音真的不能多刷我真的好想你啊易烊千玺四字四字弟弟yyqx唱歌yyqx跳舞帅好看好听szdd四字四字好看四字帅四字唱歌好听yyqx华为yyqx中戏yyqx双料第一yyqx帅yyqxcasescyyqx对不起yyqx千禧龙yyqxqxlyyqxinsyyqxdvyyqx舞台yyqxysfyyqxcasescyyqx猫yyqxL予你一遇的微博视频", "author": "予你一遇", "time": "予你一遇09月04日21:42 来自易烊千玺超话", "transmit": 86, "comment": 17, "zan": 479, "sentiment": [{"positive_prob": 0.895061, "confidence": 0.766803, "negative_prob": 0.104939, "sentiment": 2}]}, {"text": "#李现荣耀潮时尚大使##向全世界安利李现#华为荣耀20s发布会应援公告：✨你是我的，限定美好✨✨LoveisInfinity✨本次应援准备仓促，虽然和主办方联络了但还是抱着也许应援不了的心态，皮下秃头扛着两个易拉宝和手幅就这么过来了万万没想到…所以略显简陋还请大家包涵于是就有了以下场景图，入口处左边等着你们，欢迎大家有序打卡txbb们要乖乖的遵守场馆纪律哦说不定小李就在某处暗中观察当然啦，大家还可以在场馆入口处领取秃头们的手幅，数量有限先到先得哦希望喜欢@李现ing@李现工作室", "author": "ActorLX_秃头姐妹站", "time": "ActorLX_秃头姐妹站09月04日16:25 来自李现超话", "transmit": 125, "comment": 221, "zan": 506, "sentiment": [{"positive_prob": 0.947051, "confidence": 0.882335, "negative_prob": 0.0529493, "sentiment": 2}]}, {"text": "郭明錤推测华为手机预计明年中国市场占比有望达到50%，如果达到这个数字，国内市场的增量基本上可以对冲海外市场因为被禁的减量。那么关键是，国内现在这一众手机企业，谁能做好一个5G手机去和三星竞争，毕竟苹果的5G手机出得晚。我个人觉得OV有优势一些。目前大家都看5G手机，实际上，在很多地方，4G都还没有。如果没有超前发展的基础设施投入，那么后续几年还可能晃晃悠悠地从3G不到的水平向4G演变。从今年一些供应链的票来看，大多数利润还是指向4G产品的。所以，看5G是前瞻性的，中韩这种发展靠前一点的国家，5G增量会吃掉4G的一部分份额。但是很多地区，且不说亚非拉了，就是土澳这种，未来很长一段时间还会停留在4G水平。所以，真的测算业绩时，还是要慎重考虑一下4G的。比方说金立这种，真的想复活，认认真真把这口4G剩菜吃了，也是能苟活的。", "author": "唐史主任司马迁", "time": "唐史主任司马迁09月04日08:21 来自360安全浏览器", "transmit": 25, "comment": 162, "zan": 1104, "sentiment": [{"positive_prob": 0.546571, "confidence": 0.0685739, "negative_prob": 0.453429, "sentiment": 1}]}, {"text": "三星一大早出了个5GSoCExynos9808nm工艺，2个A77的大核+6个A55小核。支持2K+分辨率显示和4K120帧的视频拍摄支持一个亿像素摄像头。华为：你这块980绝对开挂看我后天发990干翻你​", "author": "短的发布会", "time": "短的发布会09月04日10:45 来自微博weibo.com", "transmit": 6, "comment": 79, "zan": 367, "sentiment": [{"positive_prob": 0.881769, "confidence": 0.737265, "negative_prob": 0.118231, "sentiment": 2}]}, {"text": "#李现武汉#现男友自爆自己跨界和华为荣耀合作，还设计了最新款的荣耀20S手机，命名为“蝶羽蓝“。李现真是优秀本秀了~​", "author": "一只鹿白", "time": "一只鹿白09月04日22:33 来自微博weibo.com", "transmit": 259, "comment": 368, "zan": 557, "sentiment": [{"positive_prob": 0.987368, "confidence": 0.97193, "negative_prob": 0.0126317, "sentiment": 2}]}, {"text": "【全新#华为手表或将发布#将采用鸿蒙系统】近日有媒提前放出了全新华为智能手表GT2的官方宣传图。消息称，预计华为手表GT2将会运行鸿蒙OS，据悉该款产品目前已通过检验机构认证。预计这款手表将于9月19日与Mate30系列一起发布。A股公司中，奋达科技已推出智能手表产品，华为是公司主要客户。卓翼科技主营消费电子、智能终端类产品，华为是公司重要战略合作伙伴。（中证资讯）", "author": "每日经济新闻", "time": "每日经济新闻09月04日08:40 来自微博weibo.com", "transmit": 20, "comment": 14, "zan": 59, "sentiment": [{"positive_prob": 0.985121, "confidence": 0.966935, "negative_prob": 0.0148794, "sentiment": 2}]}, {"text": "【华为新旗舰Mate30系列重磅信息4：配置麒麟990，世界首款5GSoC】前面透露了Mate30系列新机将于9月19日在德国慕尼黑发布，预计华为Mate30Pro配奢华徕卡四摄“电影镜头”，国际版推5G版和4G版双旗舰。现在重磅信息又来了，旗舰版配置麒麟990芯片。据外媒剧透的海报：麒麟990着重突出写着“重构，进化（RethinkEvolution）”以及“世界首个5GSoC，采用7nmFinFETPlusEUV工艺”。左下角的小字则写着“华为麒麟990系列，欢迎参观6.2A大厅#101展位”。网友们期待世界首款5GSoC的麒麟990吗？", "author": "人才76116", "time": "人才7611609月04日22:18 来自HUAWEIP20", "transmit": 40, "comment": 178, "zan": 599, "sentiment": [{"positive_prob": 0.860547, "confidence": 0.690104, "negative_prob": 0.139453, "sentiment": 2}]}, {"text": "李现#李现武汉#华为荣耀发布会高清4pYouaresospecialtome@李现inggoodnight​", "author": "lightING_李现应援站", "time": "lightING_李现应援站09月04日21:55 来自李现超话", "transmit": 83, "comment": 45, "zan": 533, "sentiment": [{"positive_prob": 0.782504, "confidence": 0.516676, "negative_prob": 0.217496, "sentiment": 2}]}, {"text": "盗个海峰图，我早说麒麟990是SOC，华为就是牛。世界上第一块支持5G的SOC芯片。​", "author": "飞象网项立刚", "time": "飞象网项立刚09月04日19:10 来自HUAWEIMate20X5G", "transmit": 45, "comment": 73, "zan": 613, "sentiment": [{"positive_prob": 0.652082, "confidence": 0.226848, "negative_prob": 0.347918, "sentiment": 2}]}, {"text": "华为公司确实太悲壮了，对中国的崛起做了最大的贡献，却被美国打的最惨最狠！我们国家，唉，啥也不说了​", "author": "信通小熊猫", "time": "信通小熊猫09月04日21:30 来自微博HTML5版", "transmit": 30, "comment": 85, "zan": 211, "sentiment": [{"positive_prob": 0.144332, "confidence": 0.679263, "negative_prob": 0.855668, "sentiment": 0}]}, {"text": "李现𝟚𝟘𝟙𝟡𝟘𝟡𝟘𝟜华为发布会你与星河皆可收藏@李现ing​", "author": "Romantic1991·李现", "time": "Romantic1991·李现09月04日22:04 来自李现超话", "transmit": 58, "comment": 26, "zan": 146, "sentiment": [{"positive_prob": 0.583453, "confidence": 0.074341, "negative_prob": 0.416546, "sentiment": 2}]}, {"text": "【华为声明自主研发的产品不侵权，已在全球获得50多个5G商用合同】昨天（3日），华为发布了“严正声明”，其中回应了8月30号美国媒体报道的美国司法部针对华为进行所谓窃取商业秘密的刑事调查，以及有关该报道提及的葡萄牙公民等事件和美国政府近期的调查行为。华为称，坚信自主研发的产品不侵权，世界上没有任何一家企业可以通过“偷窃”成为全球领先的高科技企业。O华为声明自主研发的产品不侵权，已在全球获得50多个5G商用合同", "author": "中国之声", "time": "中国之声09月04日09:50 来自微博weibo.com", "transmit": 21, "comment": 24, "zan": 68, "sentiment": [{"positive_prob": 0.0811551, "confidence": 0.819655, "negative_prob": 0.918845, "sentiment": 0}]}, {"text": "#工作动态#【市三医院5G应用受邀向媒体展示】第五届“华为亚太创新日”在成都举行，本届主题为“为数字化亚太而创新”，来自亚太国家和地区的政府、产业界、学术界代表及媒体记者齐聚，共同探讨5G创新技术和应用、可持续发展及科技与人文自然等热点话题。9月2日—3日会议期间，25位外国媒体记者代表受邀至@成都市第三人民医院，就开展的智慧医疗5G场景应用进行了体验及报道", "author": "健康成都官微", "time": "健康成都官微09月04日13:50 来自微博weibo.com", "transmit": 53, "comment": 29, "zan": 30, "sentiment": [{"positive_prob": 0.972054, "confidence": 0.937897, "negative_prob": 0.0279464, "sentiment": 2}]}, {"text": "华为的全视屏手机#华为畅享#10Plus有哪些亮点？9月5日14:00“全面不设限”发布会一起揭晓！​", "author": "华为终端官方微博", "time": "华为终端官方微博09月04日10:00 来自微博weibo.com", "transmit": 35, "comment": 116, "zan": 488, "sentiment": [{"positive_prob": 0.735044, "confidence": 0.411208, "negative_prob": 0.264956, "sentiment": 2}]}, {"text": "发布了头条文章：《华为7年的财务经理离职了！任正非同时回应：这才是优秀财务该有的样》O华为7年的财务经理离职了！任正非同时回应：这才是优秀财务该有的样​", "author": "中国会计视野", "time": "中国会计视野09月04日09:31 来自微博weibo.com", "transmit": 259, "comment": 38, "zan": 480, "sentiment": [{"positive_prob": 0.779952, "confidence": 0.511004, "negative_prob": 0.220048, "sentiment": 2}]}, {"text": "#联通5G来了#【5G助力医疗：成都医院专家百公里外尝试远程超声会诊】9月3日下午，成都第三人民医院的专家通过华为、中国联通与华大智造合作，利用5G网络技术，与百公里外蒲江县医院的医生进行实时远程超声会诊。通过5G网络，蒲江医院医生对患者超声检查的画面被实时传输到成都第三人民医院专家的会诊室，延时被控制在20ms左右。成都第三人民医院的专家可以实时与蒲江医院的医生进行交流，帮助对方进行诊断。由于5G传输速度稳定、画质清晰，三甲医院的专家可通过这种方式帮助乡村及偏远地区的医生诊断患者病情。同时，在遇到疑难问题时，专家可与当地医院医生进行远程会诊，更准确的判断患者的病情、提供后续治疗。@这视频L这视频的秒拍视频", "author": "中国联通", "time": "中国联通09月04日16:18 来自HUAWEIMate20X5G", "transmit": 255, "comment": 76, "zan": 65, "sentiment": [{"positive_prob": 0.975258, "confidence": 0.945018, "negative_prob": 0.024742, "sentiment": 2}]}, {"text": "【任正非鲜为人知的9个故事：假扮食堂师傅，做生意被坑200万】1、客户才是你的衣食父母华为内部流传着一个故事，有一次任正非去新疆办事处视察，当时华为的新疆办主任，是一位刚从一线提拔起来的新官，对任正非不是很了解。为了表达对任正非的重视，他租了一辆加长林肯去机场迎接。任正非刚下飞机，一看轿车，人就炸了。他指着鼻子就开骂：“浪费，浪费，纯属浪费！为什么你还要亲自来迎接？你应该待的地方是客户办公室，而不是陪我坐在车里。客户才是你的衣食父母，你应该把时间放在客户身上。”2、“食堂师傅”原来是老总1994年，有个叫金森林的新人进入了华为，他被安排在车间，承担测试和物料协调等工作。当时华为的程控交换机已经进入了量产阶段，但是由于测试工具简陋，为了加快进度，员工不得不睡在机房里。一直以来都是食堂师傅为他们送饭。有一天晚上，有个食堂师傅模样的老头儿前来“慰问”他们，跟在他身后的是几个厨子，他们推着餐车，车上摆放着米饭和新鲜的鱼汤。刚进入华为的金森林自然不知道，这个“食堂师傅”就是任正非。第二天测试结束，大家难得睡了一觉，金森林找了个地方小憩了一会儿，当他起身回车间时，发现昨天那位送餐的“食堂师傅”也睡在这里。后来一个月后，举办新员工座谈会，任正非也要来参加。金森林得知这个消息很激动，一直希望自己的名字能传入老总的耳朵中，这一天，他特地早早赶到了会场，结果发现有一个比他还早，这个人就是“食堂师傅”。任正非笑着问金森林是不是来参会的，金森林支支吾吾，心想新员工座谈会，你一个食堂师傅也来凑热闹。奇怪的是，今天这个食堂师傅没有穿白大褂，而是西装革履。过了会儿，会议开始了，老总训话，金森林惊呆了，走上台的竟然是那个“食堂师傅”。任正非走上台说：“欢迎大家来到华为公司，我叫任正非，希望大家喜欢华为。”3、做生意被人坑了200多万据任正非自述：在创建华为之前，我当过军官，后来又在南油集团做了副总经理。因为不适应市场经济和管理方法，没有干好，人家也不要我了，我只好辞职找工作。其实那时我们很缺乏生活能力的，因为不熟悉市场经济。中国当时正面临着社会转型，我们这种人在社会上，既不懂技术，又不懂商业交易，生存很困难，很边缘化的。据任正非自称，在南油集团做生意，我被人坑了，导致公司200多万货款收不回来。那时，内地城市月工资平均不到100元。在这种情况下，大国企的铁饭碗丢了。接着，我的家庭和事业都出了状况。夫人转业后进入南油集团领导层，而我在南油下属企业时由于连续亏损没有多少油水，再加上父母与弟妹同住产生的生活压力，最终导致这个家解体了。4、在华为，绝不允许出现一点点差错2001年，我到杭州拜访客户，召集了全办事处100多号人开会。结果杭办主任没有通知华为电气的人过来，后来才得知他们因为培训所以没有到场。但这明显就是一个错误，责任不在具体做事情的，而在于一把手。后来我就通知市场干部部降了那个杭办主任500元的工资。看起来是件小事情，但如果这次我没有处罚，那么下次还会再出现这样的事情。5、内蒙姑娘唱歌，让任正非放弃自杀的念头索尼CEO问任正非在他44岁的时候才开始创业，有没有在当初的时候就定下目标，要让华为成为世界第一名？而任正非的回答是没有，他表示当初建厂是因为要生活，当时已经走到穷困潦倒的地步，而他还有父母和老婆孩子要养，有着巨大压力的他只能走向创业。关于这一点，我想说，很多的成功人士在成功之后，背后的一些事实被夸大了，其实他们很多人都是处境十分困难，并没有那么多的想法，创业只是因为生活太苦了。由于公司的压力大，困难多，任正非说他在2000年的时候曾经想过要自杀。2002年的时候，那时候IT行业存在泡沫，公司运营更加困难，任正非有半年的时间经常睡不着，经常大半夜里惊醒。在2006年的时候，任正非出去和别人吃饭，就在这时候任正非放弃了自杀的念头。他请很多的内蒙姑娘唱歌，给她们一首歌三美元的价格，他看到贫苦的农民脸上都洋溢着微笑，她们兴奋乐观，热爱生活。看到这些的任正非流了很多的泪，从此他再也没有想过要自杀。6、多为国家产一个土豆就是对国家贡献记者：美国压境的时候觉得您是民族英雄，您愿意接受这样的称号吗？任正非：不接受，狗熊。我根本就不是什么英雄，我从来都不想当英雄。任何时候我们是在做一个商业性的东西，商品的买卖不代表政治态度，这个时代变了，怎么买苹果手机就是不爱国哪能这么看，那还开放给人干什么？商品就是商品，商品是个人喜好构成的，这根本没啥任何关系。媒体炒作有时候偏激，偏激的思想容易产生民粹主义，对一个国家是没好处的。记者：那您觉得您希望民众，现在用一种什么样的心态面对华为这样的公司？任正非：不需要，希望他们没心态，平平静静、老老实实种地去，该干什么干什么，多为国家产一个土豆就是对国家贡献，多说一句话，浪费别人的耳朵，对吧？7、取名“华为”很随意任正非曾说过取名“华为”时很随意的，当初注册公司时想不出名字，看着墙上“中华有为”标语，就顺手取名“华为”。后来，任正非认为“华为”这个名字取得并不好，因为他觉得“华为”的发音是闭口音，不响亮。而且“华为”的发音和夏威夷的英文发音“hawaii”很像，老外常常读错。十几年来，华为内部一直在争议要不要改掉华为这个名字。最后还是确定不改了，因为要教一下外国人怎么发这个音，不要老念成‘夏威夷’”。8、把华为基站建到珠穆朗玛峰上任正非揭秘把华为基站建到珠穆朗玛峰上的原因，他说：“珠穆朗玛峰上没多少钱，能赚什么钱，但可能挽救登山者的性命！”人命大于天，换做其他追逐利益的公司是断然不会做的，毕竟在那么高的地方，没有几个人，建设了，光维护成本都赶上某些公司研发费用了。但任正非认为，我们不是上市公司，不追求资本报表的漂亮，而是追求为人类服务，为理想奋斗。这才是真正有大格局的企业家。让我不禁想起了那句“侠之大者，为国为民。”9、天天玩电脑不会谈恋爱的俄罗斯小伙子任正非：俄罗斯有个科学家小伙子，大数学家，我今天早上跟他们说，你们有合适的女朋友给他介绍一下。这小伙子不会谈恋爱，就是只会做数学。他到我们公司来十几年，天天在玩电脑，不知道在干什么。然后我们管五万研发人员的人到莫斯科去看他，打个招呼，一句话就完了。我给他发这个院士，他是院士，我给他发那个牌牌的时候跟他讲话，嗯、嗯、嗯，三个嗯完了，没有了。记者：他听不懂中国话吧？任正非：那有翻译，不需要懂中国话的问题，就是说他不善于打交道，他十几年默默无闻在干啥，我们并不知道。突然告诉我，我们把2G到3G突破了，这个算法突破了。一讲，我们马上在上海进行实验，实验确实证明了，我们就这么一下，就领先全世界。#华为##任正非#", "author": "价值投资日志", "time": "价值投资日志09月04日23:27 来自iPhoneX", "transmit": 122, "comment": 69, "zan": 319, "sentiment": [{"positive_prob": 0.00752607, "confidence": 0.983275, "negative_prob": 0.992474, "sentiment": 0}]}]