[{"text": "华为新出的p30pro我真的好动心！但是我又懒得换手机，那买了送你们我过个手瘾好不好顶配p30pro8+512G，你可以拿来追星看演唱会，拍月亮拍银河。转➕关就行，已经买好了，手机到了就开​", "author": "小蛮蛮小", "time": "小蛮蛮小04月13日11:58 来自少年蛮的iPhoneX", "transmit": 22267, "comment": 10242, "zan": 5325, "sentiment": [{"positive_prob": 0.884852, "confidence": 0.744115, "negative_prob": 0.115148, "sentiment": 2}]}, {"text": "#爱否质疑华为拍的月亮造假#拍个月亮至于吗？iPhoneX拍的如何，手机啥时候变成照相机了来啊！斗图​", "author": "少年不打太极", "time": "少年不打太极04月13日23:38 来自iPhoneX", "transmit": 50, "comment": 571, "zan": 810, "sentiment": [{"positive_prob": 0.382392, "confidence": 0.15024, "negative_prob": 0.617608, "sentiment": 0}]}, {"text": "华为p30pro这个50x变焦真的是屎到出油，任凭你kol野鸡号们跪舔尬吹，事实就是正垃圾。图1是10x手动放大屏幕截图，图2是50x原图，反而是10x截图更清晰画质更好，再看看这帮战狼的嘴脸，我真是呵呵了。#华为P30##华为#图4图5同为50x和10x截图，你们看得出来谁是谁吗？​", "author": "哲学少女零壹", "time": "哲学少女零壹04月13日15:19 来自HUAWEIP30Pro", "transmit": 245, "comment": 627, "zan": 178, "sentiment": [{"positive_prob": 0.0166676, "confidence": 0.962961, "negative_prob": 0.983332, "sentiment": 0}]}, {"text": "爱否质疑华为P30Pro相机拍月亮P图，华为知名人士麦兜回应。#爱否质疑华为拍的月亮造假#​", "author": "路诞先生", "time": "路诞先生04月13日19:51 来自小米9透明尊享版", "transmit": 174, "comment": 1853, "zan": 3903, "sentiment": [{"positive_prob": 0.577018, "confidence": 0.0600406, "negative_prob": 0.422982, "sentiment": 2}]}, {"text": "今天微博上很火的华为P30Pro拍月亮到底是不是AI算法把环形山和细节硬P上去的，看了这个不太严谨的小测试，你会找到答案L捌月玖日未央的微博视频​", "author": "捌月玖日未央", "time": "捌月玖日未央04月13日23:58 来自石头康宝的iPhoneXSMax", "transmit": 365, "comment": 181, "zan": 860, "sentiment": [{"positive_prob": 0.338049, "confidence": 0.248781, "negative_prob": 0.661951, "sentiment": 0}]}, {"text": "【华为P30Pro拍月亮到底是不是简单p图？】看到大家都在热议华为P30Pro拍月亮，于是我也立刻找出手机，并且对着电脑屏幕一顿拍。拍摄的目的就是想看看：对于不同样式的月亮，华为到底是直接简单的P图替换，还是更复杂的算法修正。我测试了几轮，得到的结论基本是：拍摄出的月亮和图片上的月亮确实不完全一样，确实是有经过算法修正的。这种算法修正并不是直接找个月亮的图p上去。而是更复杂的算法合成。大家可以点开视频看看，一刀未剪，中间还有些激动我看了吐槽月亮作假的视频，也看了Maidou老师的解释，大概理解是：这肯定是一种后期，通过AI算法让图片更好看。那么接下来的环节就是和大家讨论，大家能接受AI场景识别算法让天更蓝，草更绿，那能否接受这种算法让月亮更月亮呢？希望评论里大家理性探讨，别撕逼。L钟文泽的微博视频", "author": "钟文泽", "time": "钟文泽04月13日21:41 来自微博视频", "transmit": 278, "comment": 2247, "zan": 2012, "sentiment": [{"positive_prob": 0.0202918, "confidence": 0.954907, "negative_prob": 0.979708, "sentiment": 0}]}, {"text": "如果小白的视频大家还看的不直观的话，我们上原图。第一张高斯模糊，第二张有小部分区域做了细节弱化处理，第三张小部分区域完全丢失细节，第四张整个月亮没有细节可以看到，华为拍的没有增加任何细节。而且全部是触发了ai月亮模式。我也不会为华为营销，咱不拍的那么好看，解答大家的疑问就够了。​", "author": "欧阳秋叶", "time": "欧阳秋叶04月13日21:54 来自UC浏览器电脑版", "transmit": 67, "comment": 237, "zan": 366, "sentiment": [{"positive_prob": 0.121058, "confidence": 0.730982, "negative_prob": 0.878942, "sentiment": 0}]}, {"text": "这一次，#问倒伟哥算你赢#今晚7点伟哥【考研专场问答脱口秀】来了！专治考研相关疑难杂症，伟哥在线直播答疑！📣还有答疑热线，让你和伟哥直接打电话！📣但凡伟哥答不出，送你一部华为手机！📣限时免费预约O网页链接​", "author": "朱伟老师", "time": "朱伟老师04月13日18:18", "transmit": 26, "comment": 1339, "zan": 373, "sentiment": [{"positive_prob": 0.240638, "confidence": 0.465249, "negative_prob": 0.759362, "sentiment": 0}]}, {"text": "【雷军：研发费用不是越多越好，小米投入35亿已经是天文数字】雷军在2018年4月25日的一段采访突然火了。雷军表示，研发费用的本质不是越多越好，如果越多越好，微软不就成了日不落帝国？其实，几乎所有的重大创新都是小公司干的。雷军不同意华为研发费用率要持续高于10%的说法，那是不懂研发。当年，乔布斯对此也是嗤之以鼻，苹果投2%在研发，别人的效率太低了！当年6月21日，在香港小米上市投资者推介会上，雷军也回应说，创业7年的小米在研发上投入35亿，已是天文数字#雷军研发费用不是越多越好#@老板联播L老板联播的秒拍视频", "author": "凤凰网财经", "time": "凤凰网财经04月13日17:52", "transmit": 109, "comment": 940, "zan": 359, "sentiment": [{"positive_prob": 0.935615, "confidence": 0.856922, "negative_prob": 0.0643851, "sentiment": 2}]}, {"text": "我仔细看了爱否这个人所谓P30Pro的拍月亮P图“石锤”视频，他拍这个视频的目的无非是让大家知道，对着手机屏幕的照片能拍摄出“不存在的细节”，事实怎么样的？自己打自己脸了！可以看我对他的视频截图，手机屏幕上的原图（图2）是有细节的，而视频中因为曝光一闪而过，让人觉得原图没有细节，图3是对图2原图拍摄的照片，细节还丢失了一些，说说怎么拍出了不存在的细节了？这不恰恰证明了华为没有P图吗？还有取景框取景和照片不符的问题，可以参考超级夜景模式，夜景模式取景框都是全黑的（图4），为什么华为P30Pro能拍摄如同白天的照片（图5）？如果按他们的逻辑，华为后台给换了一张图片？所有相机取景到图片出来肯定要经过ISP处理合成的，最基本的拍照成像原理都不懂？我不知道这么无知拙劣的评测怎么确保客观第三方的？附视频→O网页链接#华为##数码##华为P30##爱否质疑华为拍的月亮造假#", "author": "建华Wei业", "time": "建华Wei业04月13日21:26 来自手机超话", "transmit": 66, "comment": 380, "zan": 967, "sentiment": [{"positive_prob": 0.0440626, "confidence": 0.902083, "negative_prob": 0.955937, "sentiment": 0}]}, {"text": "我刚刚拍到蜂鸟了！如果我有华为手机你们就可能看得清了。2多米尼加​", "author": "邢立达", "time": "邢立达04月13日06:23 来自iPhone客户端", "transmit": 20, "comment": 158, "zan": 640, "sentiment": [{"positive_prob": 0.495803, "confidence": 0.916062, "negative_prob": 0.504197, "sentiment": 1}]}, {"text": "华为P30Pro夜景随手拍，后两张月亮也是手持拍摄的。​", "author": "李杰灵", "time": "李杰灵04月13日22:17 来自趣评测家的iPhoneXSMax", "transmit": 10, "comment": 156, "zan": 1400, "sentiment": [{"positive_prob": 0.797346, "confidence": 0.549657, "negative_prob": 0.202654, "sentiment": 2}]}, {"text": "华为还是好用！​", "author": "苗阜", "time": "苗阜04月13日09:58 来自HUAWEIP30Pro", "transmit": 24, "comment": 7, "zan": 608, "sentiment": [{"positive_prob": 0.646747, "confidence": 0.214993, "negative_prob": 0.353253, "sentiment": 2}]}, {"text": "#华为P30#Pro拍月亮P图造假，究竟是不是真的？我来终结此流言吧！（有被识别成月亮的路灯为证）L史小千的秒拍视频@魏布斯#爱否质疑华为拍的月亮造假#​", "author": "史小千", "time": "史小千04月13日23:57 来自微博weibo.com", "transmit": 109, "comment": 458, "zan": 717, "sentiment": [{"positive_prob": 0.238232, "confidence": 0.470595, "negative_prob": 0.761768, "sentiment": 0}]}, {"text": "看热闹不嫌事大系列，爱否科技的王编辑认为华为p30pro拍的月亮是p上去的，然后华为员工给他解释了相机的成像原理，否认月亮并不是大家认为的直观意义上的p图。我个人觉得这就和相机美颜差不多，首先你得能拍到，然后才能在这个底子上通过AI算法进行优化，如果是把没拍到的东西成像在最终的出片上，那才叫p，王编辑直接用p这个字貌似有点过激了。其实学知识就是一个从入门到放弃的过程，大家觉得谁说的更有道理？", "author": "Y科技订阅", "time": "Y科技订阅04月13日20:46", "transmit": 25, "comment": 631, "zan": 398, "sentiment": [{"positive_prob": 0.556386, "confidence": 0.01419, "negative_prob": 0.443615, "sentiment": 2}]}, {"text": "今天中了个一等奖！是个华为手机，我已经听到有谣言传成iPhone了…谣言真的好可怕……​", "author": "小巫酱w", "time": "小巫酱w04月13日23:22 来自iPhone客户端", "transmit": 5, "comment": 24, "zan": 115, "sentiment": [{"positive_prob": 0.410352, "confidence": 0.088106, "negative_prob": 0.589648, "sentiment": 0}]}, {"text": "拍月亮？你们觉得谁对？一个评测机构，一个是华为相机技术大佬。还有搞事的买了个粉条…​", "author": "科技Milk", "time": "科技Milk04月13日20:39 来自有锁美版iPhoneX", "transmit": 5, "comment": 152, "zan": 1412, "sentiment": [{"positive_prob": 0.134792, "confidence": 0.700463, "negative_prob": 0.865208, "sentiment": 0}]}, {"text": "看图回答：夏天快到了，要戴哪款#华为WatchGT#去游泳，才能成为泳池里最靓的仔_____？​", "author": "华为终端官方微博", "time": "华为终端官方微博04月13日17:29 来自微博weibo.com", "transmit": 38, "comment": 187, "zan": 556, "sentiment": [{"positive_prob": 0.569636, "confidence": 0.0436346, "negative_prob": 0.430364, "sentiment": 2}]}, {"text": "华为终于通过找最大粉头跟战狼联系上了。​", "author": "维稳先锋卡菊轮", "time": "维稳先锋卡菊轮04月13日15:43 来自荣耀Note10大屏旗舰", "transmit": 176, "comment": 109, "zan": 960, "sentiment": [{"positive_prob": 0.670804, "confidence": 0.268452, "negative_prob": 0.329196, "sentiment": 2}]}, {"text": "华为P30Pro拍的微距，谁来挑战下！​", "author": "C科技", "time": "C科技04月13日11:57 来自三星GalaxyS10+", "transmit": 15, "comment": 139, "zan": 293, "sentiment": [{"positive_prob": 0.604495, "confidence": 0.1211, "negative_prob": 0.395505, "sentiment": 2}]}, {"text": "当科技遇上时尚艺术，未来影像触手可及。华为首次打造时尚艺术大秀“#华为P30#未来影像之夜”，科技、时尚、艺术跨界狂欢，众多艺术大咖共话未来影像，戳图感受现场​", "author": "华为终端官方微博", "time": "华为终端官方微博04月13日19:06 来自微博weibo.com", "transmit": 39, "comment": 228, "zan": 563, "sentiment": [{"positive_prob": 0.984707, "confidence": 0.966016, "negative_prob": 0.0152927, "sentiment": 2}]}, {"text": "【雷军：研发费用不是越多越好，小米投入35亿已经是天文数字】雷军在2018年4月25日的一段采访中表示，研发费用的本质不是越多越好，如果越多越好，微软不就成了日不落帝国？其实，几乎所有的重大创新都是小公司干的。雷军不同意华为研发费用率要持续高于10%的说法，那是不懂研发。当年，乔布斯对此也是嗤之以鼻，苹果投2%在研发，别人的效率太低了！当年6月21日，在香港小米上市投资者推介会上，雷军也回应说，创业7年的小米在研发上投入35亿，已是天文数字L老板联播的秒拍视频", "author": "ZEALER中国", "time": "ZEALER中国04月13日18:29 来自微博weibo.com", "transmit": 55, "comment": 468, "zan": 204, "sentiment": [{"positive_prob": 0.867018, "confidence": 0.704485, "negative_prob": 0.132982, "sentiment": 2}]}, {"text": "【雷军：研发费用不是越多越好，小米投入35亿已是天文数字】@雷军在2018年4月的一段采访突然火了。他表示，研发费用不是越多越好。雷军不同意华为研发费用率要持续高于10%的说法，那是不懂研发。他也曾说，创业7年小米在研发上投入35亿，已是天文数字。L老板联播的秒拍视频详情：O雷军:研发费用不是越多越好小米投入35亿是天文数字​", "author": "新浪科技", "time": "新浪科技04月13日18:03 来自微博weibo.com", "transmit": 41, "comment": 123, "zan": 84, "sentiment": [{"positive_prob": 0.905331, "confidence": 0.789625, "negative_prob": 0.0946688, "sentiment": 2}]}, {"text": "其他厂商出PPT手机，华为出PPT眼镜​", "author": "H_花花玩家", "time": "H_花花玩家04月13日10:10 来自三星GalaxyS10e", "transmit": 16, "comment": 191, "zan": 322, "sentiment": [{"positive_prob": 0.585618, "confidence": 0.0791513, "negative_prob": 0.414382, "sentiment": 2}]}, {"text": "经过敦煌研究院特许华为手机有幸进入光线极为昏暗且不允许使用闪光灯拍照世界上现存规模最大保存最完整的佛教艺术宝库敦煌莫高窟用HUAWEIP30系列拍摄窟内雕像及壁画OHUAWEIP30Pro揭开大漠古城神秘面纱​", "author": "华为何刚", "time": "华为何刚04月13日10:29 来自HUAWEIP30Pro", "transmit": 79, "comment": 77, "zan": 279, "sentiment": [{"positive_prob": 0.895973, "confidence": 0.768828, "negative_prob": 0.104027, "sentiment": 2}]}, {"text": "今天有人说华为P30PRO的拍月亮是用AI算法算出来的。这个我觉得真的就是黑华为了。我去年买的华为mate20pro就轻松拍到月亮了，P30pro只能更轻松不需要靠算法去P吧。正好我今天买到了P30PRO，我晚上拿P30PRO，mate20pro，以及小米9都进行拍月亮实录，并且把AI关了，具体视频大家自己看吧。全程实录，连字幕我都没加，大家自己对比看看。L科技圣斗士的秒拍视频", "author": "科技圣斗士", "time": "科技圣斗士04月13日23:43 来自微博视频", "transmit": 38, "comment": 206, "zan": 1886, "sentiment": [{"positive_prob": 0.90482, "confidence": 0.788488, "negative_prob": 0.0951804, "sentiment": 2}]}]