[{"text": "华为可以的，逆光也没问题。。。​", "author": "来去之间", "time": "来去之间10月01日11:23 来自HUAWEIP30Pro", "transmit": 5699, "comment": 322, "zan": 19461, "sentiment": [{"positive_prob": 0.833305, "confidence": 0.629568, "negative_prob": 0.166694, "sentiment": 2}]}, {"text": "华为P30Pro拍得效果比大阅兵直播信号要好很多赶紧给来总打钱。​", "author": "行长菌", "time": "行长菌10月01日12:10", "transmit": 113, "comment": 361, "zan": 7694, "sentiment": [{"positive_prob": 0.93914, "confidence": 0.864756, "negative_prob": 0.0608598, "sentiment": 2}]}, {"text": "提前结束了亚美尼亚-格鲁吉亚的访问，昨赶回来为观今天的庆典。时差没倒过来睡眠严重不足，请自动无视我憔悴的脸。一会儿争取即时分享苹果机拍的实况，明天再发华为拍的现场图片。数据还没来得及倒过去，就带了两个机子，顺便检验下P30pro新机的效果。2北京·天安门广场​", "author": "高程CASS", "time": "高程CASS10月01日08:57 来自iPhone客户端", "transmit": 22, "comment": 69, "zan": 439, "sentiment": [{"positive_prob": 0.747717, "confidence": 0.439371, "negative_prob": 0.252283, "sentiment": 2}]}, {"text": "白衣如雪，步履轻盈。9月30日周一一早，孟晚舟乘坐轿车抵达法院。她身穿白色套裙装，手持据称是新款的华为手机出庭。她神情轻松自若，但是没有回答传媒提问。华为CFO孟晚舟请求终止引渡到美国的聆讯进入第四天。控方律师弗雷特（RobertFrater）首先反驳，辩方之前声称“加拿大当局协助美方对孟晚舟进行秘密调查”，完全是错误的。即便有进行有关调查，控方只得到“微不足道”的结果，并提醒法庭所谓的“秘密调查”全程都有录影和录音。他透露说，骑警曾制定直接上飞机拘捕孟晚舟的计划，但次日即拘捕当日，在与边境局（CBSA）开会后，改为先由CBSA的官员实施隐蔽调查。骑警曾对这个会议有记录，已经交给了辩方。当局之所以这么做，是因为CBSA无权执行拘捕令，所以待完成程序后由骑警执行拘捕令。弗雷特还强调说，CBSA扣押孟晚舟电子设备，及检查她携带的7件行李，程序完全合法。控方提供的CBSA问话记录显示，CBSA官员当时曾问孟晚舟，华为是否在美国展开业务？孟晚舟说没有，因为美国对此有安全顾虑。而在被问及华为是否在伊朗有业务时，孟回答不知道，但是立刻遭官员质疑，“你身居管理高层为何不知？”辩方早前提出的另一个理据，则是加拿大海关官员是按照美方的要求，取走了孟晚舟的手机等电子装置，并要求她交出密码。对此，弗雷特反驳说，辩方的这个观点毫无根据。事实上，无论是加拿大边境局（CBSA）或骑警都没有打开她的电子装置进行搜寻，而美国联邦调查局（FBI）也没有要求取得孟晚舟的电子装置。在过去的两个月里，控方一直尝试把这些装置归还给孟晚舟。弗雷特还说，辩方向控方索取的文件，超过了法律的要求。他们甚至索取参与该案件所有当事人文件方式，包括个人电邮等。这其实是在以“撒网”的方式获取信息，因为辩方知道，他们其实没有新的理由要求法庭终止孟晚舟的引渡。法官在控方陈词期间多次打断并作出质询，主要是针对CBSA执法权限及程序等。质询的次数，比上周辩方发言时更多。", "author": "李牧", "time": "李牧10月01日22:09 来自微博weibo.com", "transmit": 121, "comment": 838, "zan": 5175, "sentiment": [{"positive_prob": 0.038887, "confidence": 0.913584, "negative_prob": 0.961113, "sentiment": 0}]}, {"text": "一个堂堂世界级科技巨头华为的CFO居然被当作罪犯一样带着监控器，令人愤慨！​", "author": "极品特长生", "time": "极品特长生10月01日07:50 来自微博weibo.com", "transmit": 49, "comment": 303, "zan": 3312, "sentiment": [{"positive_prob": 0.386664, "confidence": 0.140747, "negative_prob": 0.613336, "sentiment": 0}]}, {"text": "小米雷军，红米卢伟冰都去阅兵现场了，雷军还上花车了，人逢喜事精神爽啊，很开心的感觉。如果是华为的任正非去了，是不是要被一些人喷爱国营销？他没去一方面在深圳太远彩排不方便，另一方面任总很低调，不喜欢抛头露面的，之前就有婉拒过40周年改革开放杰出人物的颁奖典礼，大家可以查查。不知道今天马云，马化腾等大佬有没有去现场，许家印去了，还在城楼上面那种能去现场的都是有本事有贡献的人，一般人是去不了得，香港的光头警察也去了，还给了特写，挺好的，向这些优秀的人学习和致敬！", "author": "科技圣斗士", "time": "科技圣斗士10月01日12:24 来自HUAWEIMate30Pro", "transmit": 68, "comment": 828, "zan": 3468, "sentiment": [{"positive_prob": 0.984107, "confidence": 0.964682, "negative_prob": 0.015893, "sentiment": 2}]}, {"text": "国庆联欢晚会要开始了，先上几张苹果机的残照，明天上华为的夜景照，真的很赞。2北京·天安门广场​", "author": "高程CASS", "time": "高程CASS10月01日19:19 来自iPhone客户端", "transmit": 9, "comment": 46, "zan": 335, "sentiment": [{"positive_prob": 0.949172, "confidence": 0.887049, "negative_prob": 0.0508277, "sentiment": 2}]}, {"text": "苹果拍远景拉镜头效果实在太烂，而且一会儿就过热罢工了，再然后就差不多没电了。基本全程靠华为P30pro支撑，只能回头整理了。。。2北京·天安门广场​", "author": "高程CASS", "time": "高程CASS10月01日12:13 来自iPhone客户端", "transmit": 13, "comment": 45, "zan": 284, "sentiment": [{"positive_prob": 0.153588, "confidence": 0.658693, "negative_prob": 0.846412, "sentiment": 0}]}, {"text": "国内明星抛弃苹果扎堆换华为，没有代言费为啥还要这么做？​", "author": "吐槽科技君", "time": "吐槽科技君10月01日21:41", "transmit": 69, "comment": 1742, "zan": 10289, "sentiment": [{"positive_prob": 0.250233, "confidence": 0.443927, "negative_prob": 0.749767, "sentiment": 0}]}, {"text": "关于华为Mate30PRO上一些可能需要体验一段时间才能发现、评测未必全部告诉你的一些小毛病：音量调节，这个不仅是成功率的问题，而是即便调出来音量条也不方便操作，因为音量条的位置过于靠上，操作起来并不方便，尤其是单手握持时。屏幕指纹位置过于靠下，Mate30PRO本身就是一台细长型的手机，重心相对于握持位置距离比较长，再加上机身略偏重，用指纹解锁的时候几乎零安全感。屏幕内容到屏幕边缘的距离不一样，这个严格意义上是EMUI10的锅，我有注意到华为有意识地把显示内容尽量往中间靠，比如桌面/设置等等，避开了屏幕两侧的阴影。但是一部分自带应用如华为商城等竟然没有做同样适配，内容直接怼到最边上去了，非常影响浏览体验。至于第三方应用就更惨了。所以我说EMUI10太粗糙不是毫无根据，显示边距这个事情，第三方应用暂时没顾上可以理解，连自带都没法儿统一？指关节截屏跟防误触机制容易产生冲突。因为没有音量键，我这几天都在用指关节截屏功能，但是我发现成功率忽高忽低，而在其他手机华为手机上这个功能相对来说比较稳定。我后来试了各种姿势，发现截屏失败一般出现在手指稍微用力（差不多当你下意识想尽量拿稳手机的时候）放在屏幕曲面过渡部分的情景下，手机放松一点或是尽量少接触曲面部分截屏成功率很高。成像效果不用担心，但是现阶段成像速度是一个很大的问题，当你拍完一张照片以后，后台处理的时间很长，主摄还好，长焦和超广角拍照或是拍照处理流程复杂的场景体验很不爽。截至目前，Mate30PRO的给我的印象还是偏正面的，但是使用上很多细节可能不如上半年的华为P30PRO，其中很多问题都是这块屏幕（显示效果没啥问题）造成的，我没用过其他大弯屏，不知道是不是会有一些类似的拖体验后腿的地方", "author": "请不要叫我测评君", "time": "请不要叫我测评君10月01日17:04 来自三星Note10＋5G", "transmit": 51, "comment": 153, "zan": 363, "sentiment": [{"positive_prob": 0.0195694, "confidence": 0.956512, "negative_prob": 0.980431, "sentiment": 0}]}, {"text": "华为员工被裁的很多很多年龄大了，被沟通离职，日期设计为三个月后的考核周期，降级，背C。现在想想C就C吧，我也确实不是A的料，与人沟通方面确实是不行，只会埋头做事，忽略了做人。但没有被这个弄到怀疑自己，怀疑人生。就要离开了，还是感谢华为，虽然没有实现财富自由，还是稳定了几年，给家庭发展提供了关键几年的经济基础。今天考勤截止，第一次在心声上发帖、也是最后一次。感觉很多话想说，又不知道从何说起，就碎碎念吧。8月底领导沟通让退休，考勤9月底截止，可以按照退休方式处理。我说我的合同还未到期，希望能到10月份再走，领导说，这个新的退休政策对于9月底走的适用，之后的怎样就不知道了呢。事实证明，10月之后走的话也是一样的。来公司十几年了，一直觉得公司是很伟大的一家公司、对任总是非常敬佩的，觉得能在这样一家公司任职，是很骄傲的一件事。十几年的感情，说让走就走，沟通半小时、办离职手续几分钟。一颗螺丝钉而已。最近经常挺伤感的，我在这里待过了青春的十几年，太多太多的回忆。离开公司，最舍不得的是相处比较好的同事，有些都一起共事了十几年。现在40多一点了，外面真是不好找工作，很多都要求35岁以下，先照顾家庭吧。不过家庭经济压力还是有的，毕竟两个小孩还小，以后要花钱的还很多。以后再说吧。顺便给各位提个建议，如果你在公司没有所谓的狼性，建议在35岁之前尽早找个稳定的工作单位、国企或事业单位吧。刚毕业的时候，其实是在事业单位的，但是因为年轻待不惯，便出来大城市，现在回不去了。", "author": "黑夜之睛滚雪球", "time": "黑夜之睛滚雪球10月01日00:58 来自iPhoneX", "transmit": 343, "comment": 166, "zan": 1278, "sentiment": [{"positive_prob": 0.908518, "confidence": 0.796706, "negative_prob": 0.0914822, "sentiment": 2}]}, {"text": "小米，华为，荣耀，魅族，三星，联想，中兴。各品牌宣传海报，文案。​", "author": "B总大都督", "time": "B总大都督10月01日12:10", "transmit": 67, "comment": 191, "zan": 1645, "sentiment": [{"positive_prob": 0.784083, "confidence": 0.520184, "negative_prob": 0.215917, "sentiment": 2}]}, {"text": "女星佟丽娅赴现场观看国庆大阅兵，一袭白衣清爽干净，确实美丽动人！​手持爱机华为P30pro记录国庆盛典，话说佟丽娅到底有几台华为手机#方阵里的明星#​", "author": "宋敬亭", "time": "宋敬亭10月01日19:37 来自热搜第一推荐", "transmit": 27, "comment": 70, "zan": 663, "sentiment": [{"positive_prob": 0.957725, "confidence": 0.906056, "negative_prob": 0.0422749, "sentiment": 2}]}, {"text": "#5G在中国#金秋10月，北京秋高气爽。天安门广场举行庆祝中华人民共和国成立70周年大会，并举行盛大的游行和首都国庆联欢活动。在这个举国欢庆的日子，北京移动、北京联通、北京电信联手华为顺利保障5G+4K超高清视频直播，为全国人民呈现了一场精彩的国庆视觉盛宴。本次庆典保障区域沿长安街从建国门到西单路口，总共5.2KM。为保障现场5G网络稳定、视频直播流畅，三大运营商提前进行5G网络规划和建设，并联合华为积极进行网络调测和优化，首次通过5G网络实现了移动状态下的4K超高清视频直播。直播现场采用华为端到端5G设备，包括64T64R的5G基站设备AAU、5G核心网，以及5G商用终端（Mate20X），并通过该终端设备和电视台直播摄像机完成了对接。从8月份开始，三大运营商联合华为对保障区域进行了多次网络优化、直播演练和彩排，彩排显示5G网络完全满足4K直播的要求。5G已来，必将极大地改变人们的生活。本次国庆5G+4K超高清视频直播，不仅是通过5G网络向全国传播庆典现场的精彩内容，更是向全国乃至全世界展现5G蕴藏的经济价值和社会价值。5G+千行百业，使能新增长，点亮美好未来。", "author": "华为中国", "time": "华为中国10月01日12:59 来自微博weibo.com", "transmit": 22, "comment": 56, "zan": 540, "sentiment": [{"positive_prob": 0.994385, "confidence": 0.987523, "negative_prob": 0.00561462, "sentiment": 2}]}, {"text": "这是是中国移动携手华为公司助力中央广播电视总台完成的全球首次5GSA（独立组网）网络的室外移动场景下大规模超高清视频直播，也是迄今为止中国移动创新技术手段最密集、级别最高的5G专项现场保障项目。O全球首次！中国移动5GSA网络助力完成国庆阅兵盛典超高清视频直播​", "author": "中国移动", "time": "中国移动10月01日19:21", "transmit": 117, "comment": 371, "zan": 392, "sentiment": [{"positive_prob": 0.985374, "confidence": 0.967498, "negative_prob": 0.014626, "sentiment": 2}]}, {"text": "确实能明显感受到，今年的爱国主义动员非常有力，从贸易战、华为、香港…一个个节点，自发的爱国热情节节升高，以今天为顶点。当然，爱国主义不单是对历史成就的美化，也不单对现政权的肯定，也会包括国民对平等自由、独立自强的期盼。把人民动员起来的人，总要回应在人民在爱国框架下的各种问题。祝愿祖国和全世界人民自由幸福。人民英雄永垂不朽！", "author": "萧湘A", "time": "萧湘A10月01日13:28 来自Share微博客户端", "transmit": 108, "comment": 24, "zan": 419, "sentiment": [{"positive_prob": 0.991488, "confidence": 0.981085, "negative_prob": 0.00851183, "sentiment": 2}]}, {"text": "【新中国70华诞到来之际，忽然觉得中国真的不容易】国力要和美利坚比，福利要和北欧比，环境要和加拿大比，机械制造要和德国比；华为要和苹果比，长城要和丰田比，C919要和波音比……恨不得拿一国的制造Vs全世界的高端。但我还不知道有哪个国家能在建国短短70年里，靠自己的努力达到今日中国之高度?不想赞美谁，也不想诋毁谁，只想说一句“人无完人，事无完美”。中国也是如此！有人说我国的武器不如人家，在此我想说：我国的武器再不行也是保护你的，外国的武器再牛也是揍你的！我们还有什么理由不热爱自己的祖国？祖国是有不尽人意的地方，但她正在努力追赶和不断提高。我们作为祖国母亲的孩子，我们需要做的就是爱她就像爱自己的母亲！#李召军正能量#", "author": "作家李召军", "time": "作家李召军10月01日04:44 来自Android客户端", "transmit": 178, "comment": 75, "zan": 397, "sentiment": [{"positive_prob": 0.102506, "confidence": 0.772209, "negative_prob": 0.897494, "sentiment": 0}]}, {"text": "京哥也在啊，旁边的是手持华为Mate20Pro吗？​", "author": "科技涅槃说", "time": "科技涅槃说10月01日11:55 来自HUAWEIMate30Pro", "transmit": 11, "comment": 34, "zan": 1189, "sentiment": [{"positive_prob": 0.391133, "confidence": 0.130814, "negative_prob": 0.608867, "sentiment": 0}]}, {"text": "五光十色的白，纯净又灿烂。#荣耀锐科技#大使@Johnny黄景瑜带来的#荣耀9X#全息冰岛白今日10:08在华为商城正式开售！你喜欢TA吗黄景瑜​", "author": "华为商城", "time": "华为商城10月01日09:16 来自微博weibo.com", "transmit": 93, "comment": 124, "zan": 391, "sentiment": [{"positive_prob": 0.886193, "confidence": 0.747096, "negative_prob": 0.113807, "sentiment": 2}]}, {"text": "【#华为最美“大眼睛”#假期游世界！】在超高HDR下，#华为Mate30#Pro为照片提供了更多的动态范围和图像细节，呈现出了更有深度和富含细节的图像记忆，让你的旅行日志在朋友圈里脱颖而出此刻你正在前往____的路上呢？摄影师：陈文昌；王栋；Kakaphoto(卡卡)；严磊；于震；李珩​​​​", "author": "华为终端公司", "time": "华为终端公司10月01日17:55 来自微博weibo.com", "transmit": 11, "comment": 13, "zan": 115, "sentiment": [{"positive_prob": 0.968461, "confidence": 0.929914, "negative_prob": 0.0315386, "sentiment": 2}]}, {"text": "看到很多人在夸苹果A13芯片比华为麒麟990芯片多牛逼，苹果多了不起！我想跟大家讲一个事实，当一个手机信号不行，弱信号造成打电话不行，上网速度不行，发热不好控制，续航尿崩，无线充电功率只有别人的八分之一，备份个icloud都能烫手狂掉电，反充直接不让用，最致创新的摄像头别人家还有更牛的时候。你还跟别人谈cpu和gpu设计的有多好？我只能说，请先把手机的基本功能做好，因为你是个手机。性能再强，发挥成这样也不合适。", "author": "请叫我夏虫", "time": "请叫我夏虫10月01日15:22", "transmit": 30, "comment": 556, "zan": 1278, "sentiment": [{"positive_prob": 0.0133569, "confidence": 0.970318, "negative_prob": 0.986643, "sentiment": 0}]}, {"text": "华为mate30pro取消了音量键，自拍的时候就不是太方便了，虽然有个虚拟按键，但是因为手机长，自拍的时候还是不好操控，很容易拍虚了，要是不小心还可能手滑摔手机，所以用华为mate30pro自拍最好用声控拍照或者笑脸抓拍，或者定时倒计数自拍，不然容易糊了，你们可以看看对比。​", "author": "科技圣斗士", "time": "科技圣斗士10月01日22:10 来自realmeX26400万鹰眼", "transmit": 12, "comment": 145, "zan": 1667, "sentiment": [{"positive_prob": 0.875532, "confidence": 0.723405, "negative_prob": 0.124468, "sentiment": 2}]}, {"text": "使用华为手机与荣耀手机的小伙伴看过来，由艺画开天联合华为共同制作的【荷光者梵蒂】人物主题正式上线。荷光者梵蒂是《灵笼》动画剧里监管灯塔民众光影值的执法者,将面容隐藏在监测仪面具之下,人们对她的了解仅限于冷酷的判决和严苛的处罚手段……现在下载灵笼系列主题还能参与限时折扣活动，快去主题商店搜索下载吧！灵笼#灵笼#", "author": "艺画开天", "time": "艺画开天10月01日10:21 来自灵笼超话", "transmit": 8, "comment": 65, "zan": 284, "sentiment": [{"positive_prob": 0.987065, "confidence": 0.971255, "negative_prob": 0.0129354, "sentiment": 2}]}, {"text": "顺便说一下，今天国庆大阅兵的转播信号是华为联合中国移动和中央电视台搞得！使用的是5G+4K超高清模式为了保证国庆当天超高清信号的顺利传送，华为高度重视，协调300多名技术专家，历时三个月调试最后，今天中国日报现场直播用的机器是荣耀V30这款5G手机！#本人看阅兵的状态#​", "author": "长安数码君", "time": "长安数码君10月01日15:24 来自华为手机", "transmit": 19, "comment": 98, "zan": 609, "sentiment": [{"positive_prob": 0.968594, "confidence": 0.930209, "negative_prob": 0.0314062, "sentiment": 2}]}, {"text": "#孟晚舟#华为任正非的女儿孟晚舟今天一身白衣，面带微笑又一次面对开庭，脚镣一样明显，孟晚舟一样微笑，面对加狗美帝赤裸裸的绑架，孟晚舟仍在战斗，加油！#任正非##华为#L茂哥日记的微博视频​", "author": "茂哥日记", "time": "茂哥日记10月01日10:38 来自微博视频", "transmit": 23, "comment": 30, "zan": 350, "sentiment": [{"positive_prob": 0.94644, "confidence": 0.880978, "negative_prob": 0.0535599, "sentiment": 2}]}, {"text": "嘲笑别人把USB-C叫华为口，结果自己看见白色的真无线耳机就叫AirPods。​", "author": "魔法师蛋小丁", "time": "魔法师蛋小丁10月01日10:42 来自iPhone11", "transmit": 16, "comment": 138, "zan": 1086, "sentiment": [{"positive_prob": 0.1558, "confidence": 0.653778, "negative_prob": 0.8442, "sentiment": 0}]}, {"text": "在大阅兵里面我好像找到了华为MATE30系列手机摄像头的设计灵感了#咱们有飞不完的大飞机了#​", "author": "长安数码君", "time": "长安数码君10月01日13:41 来自华为手机", "transmit": 10, "comment": 44, "zan": 507, "sentiment": [{"positive_prob": 0.925963, "confidence": 0.835472, "negative_prob": 0.0740374, "sentiment": 2}]}, {"text": "什么也不说，祖国知道我。。做正确的事情，尽自己的能力。希望华为这样硬实力的企业越来越多，希望投机取巧的公司越来越少。希望正能量的博主越来越多，希望蝇营狗苟的粉丝越来越少。每个人都付出自己的努力，祖国就会建设的更加富强而美好。让正直的人过好的生活，是这个社会最大的正义。加油！​", "author": "万能的大熊", "time": "万能的大熊10月01日00:41 来自360安全浏览器", "transmit": 13, "comment": 47, "zan": 264, "sentiment": [{"positive_prob": 0.982261, "confidence": 0.960581, "negative_prob": 0.0177387, "sentiment": 2}]}, {"text": "媒体：今天有很多5G设备参与国庆70周年阅兵仪式的录播支持。包括系统和终端都有。华为毫无例外是主力军。​", "author": "HW前HR", "time": "HW前HR10月01日08:27 来自HUAWEIMate30", "transmit": 17, "comment": 60, "zan": 423, "sentiment": [{"positive_prob": 0.706028, "confidence": 0.34673, "negative_prob": 0.293972, "sentiment": 2}]}, {"text": "vivoNEX3和华为Mate30Pro都没有实体音量键了，其中Mate30Pro是是双击侧边偏上位置就可以调出音量调节，NEX3则是右侧稍微重按虚拟按键可以调节。实际体验来说NEX3要更直接，更好，Mate30Pro需要更长时间去适应。两个的线性马达反馈都挺棒。未来实体键肯定会取消的，厂商也会优化取消实体按键的体验。​", "author": "科技Milk", "time": "科技Milk10月01日22:58 来自NEX35G", "transmit": 29, "comment": 76, "zan": 1499, "sentiment": [{"positive_prob": 0.468945, "confidence": 0.378906, "negative_prob": 0.531055, "sentiment": 1}]}]