[{"text": "齐了#华为nova6##自拍大不一样#​", "author": "TFBOYS-易烊千玺", "time": "TFBOYS-易烊千玺今天18:55 来自nova65G自拍大不一样", "transmit": 336282, "comment": 97849, "zan": 704502, "sentiment": [{"positive_prob": 0.777306, "confidence": 0.505124, "negative_prob": 0.222694, "sentiment": 2}]}, {"text": "【投票：你刚毕业时年薪多少？】#刚毕业就年薪200万#@华中科技大学的14级直博研究生左鹏飞，由于面试表现优异，被推荐给华为“天才少年”项目，收到了年薪200万元的offer。他不仅收到了华为的邀约，阿里、腾讯、深信服均向其抛来了“橄榄枝”。你刚毕业时年薪多少？你刚毕业时年薪多少？​", "author": "财经网", "time": "财经网今天10:15 来自微博weibo.com", "transmit": 110, "comment": 404, "zan": 67745, "sentiment": [{"positive_prob": 0.550183, "confidence": 0.000405974, "negative_prob": 0.449817, "sentiment": 2}]}, {"text": "#武汉新闻#【#刚毕业就年薪200万#,华科这位天才学生厉害了！】秋招季的尾声，在很多同学还在着急时。@华中科技大学学生左鹏飞，由于面试表现优异，他被推荐给华为“天才少年”项目，收到了年薪200万元的offer。左鹏飞是华中科技大学武汉光电国家研究中心计算机科学与技术专业的14级直博研究生，他不仅收到了华为的邀约，阿里、腾讯、深信服均向其抛来了“橄榄枝”。左鹏飞说，希望在自己现在的专业领域做到更大更强，在企业界带几个成功的项目。O【视频】年薪200万！华科90后博士被华为“抢走”L楚天视频的微博视频", "author": "楚天都市报", "time": "楚天都市报12月11日09:17 来自微博weibo.com", "transmit": 2223, "comment": 5346, "zan": 107887, "sentiment": [{"positive_prob": 0.968874, "confidence": 0.930831, "negative_prob": 0.0311258, "sentiment": 2}]}, {"text": "【#德国将采用华为设备建设5G网络#】当地时间11日，德国三大电信运营商之一Telefonica宣布，将在未来几年内扩大网络建设。据了解，目前该运营商使用的设备来自诺基亚和华为，并计划在建设5G网络时继续借助诺基亚和华为的技术。(央视记者余鹏)​", "author": "央视新闻", "time": "央视新闻12月11日19:25 来自微博weibo.com", "transmit": 1302, "comment": 1996, "zan": 38499, "sentiment": [{"positive_prob": 0.975605, "confidence": 0.945789, "negative_prob": 0.0243948, "sentiment": 2}]}, {"text": "#华为荣耀占中国线上手机市场近一半份额#做个调查，下一部手机，你会考虑哪些品牌？投票选项里没有列出的，可以在评论区补充下一部手机，你会考虑哪些品牌？#中国手机市场明年反弹#​", "author": "新浪科技", "time": "新浪科技今天13:34 来自微博weibo.com", "transmit": 41, "comment": 153, "zan": 7791, "sentiment": [{"positive_prob": 0.421891, "confidence": 0.0624641, "negative_prob": 0.578109, "sentiment": 0}]}, {"text": "【华科大天才学生#刚毕业就年薪200万#你刚毕业时年薪多少？】@华中科技大学武汉光电国家研究中心计算机科技专业的14级直博研究生左鹏飞，由于面试表现优异，被推荐给华为“天才少年”项目，收到了年薪200万元的offer。他不仅收到了华为的邀约，阿里、腾讯、深信服均向其抛来了“橄榄枝”。#快来投票#你刚毕业时年薪多少？你刚毕业时年薪多少？", "author": "北京青年报", "time": "北京青年报今天13:10 来自微博weibo.com", "transmit": 36, "comment": 98, "zan": 13802, "sentiment": [{"positive_prob": 0.819243, "confidence": 0.598317, "negative_prob": 0.180757, "sentiment": 2}]}, {"text": "#易烊千玺九宫格自拍分开发#x易烊千玺大明星也不容易，美貌在线发福利。分期兑现九宫格，nova代言他姓易走过路过12月22日帅哥首场个唱关注一下？@TFBOYS-易烊千玺（代言华为nova系列以来的自拍基本都在这了，一次想要超过3张那是不能够的）​", "author": "Freshxxxx", "time": "Freshxxxx今天19:17 来自易烊千玺超话", "transmit": 518, "comment": 160, "zan": 1414, "sentiment": [{"positive_prob": 0.952219, "confidence": 0.89382, "negative_prob": 0.047781, "sentiment": 2}]}, {"text": "#刚毕业就年薪200万#92年出生的左鹏飞是华中科技大学的14级直博毕业生，博士阶段在武汉光电国家研究中心攻读计算机科学与技术专业，11月底刚完成答辩毕业。9月，华为就给左鹏飞发了offer，近日正式完成签约，左鹏飞将得到年薪201万元的职位。你现在年薪多少？有和左鹏飞一样高的吗？你现在年薪多少？", "author": "新浪科技", "time": "新浪科技今天15:16 来自微博weibo.com", "transmit": 21, "comment": 104, "zan": 3116, "sentiment": [{"positive_prob": 0.906197, "confidence": 0.791548, "negative_prob": 0.0938033, "sentiment": 2}]}, {"text": "【#华为终端明年全线搭载鸿蒙系统#你用什么品牌的电子产品最多？】昨日，华为消费者业务软件部总裁王成录透露，明年华为除了手机、平板和电脑，其他终端产品将全线搭载鸿蒙系统，并在海内外同步推进；鸿蒙系统的全面开源也将在明年8月正式开放。你用什么品牌的电子产品最多？​", "author": "新浪财经", "time": "新浪财经12月09日10:01 来自微博weibo.com", "transmit": 104, "comment": 283, "zan": 38551, "sentiment": [{"positive_prob": 0.791779, "confidence": 0.537286, "negative_prob": 0.208221, "sentiment": 2}]}, {"text": "#华为nova65G今日开售#快把我们带回家~​", "author": "吉川流", "time": "吉川流今天20:00 来自微博weibo.com", "transmit": 6390, "comment": 1671, "zan": 6463, "sentiment": [{"positive_prob": 0.896147, "confidence": 0.769216, "negative_prob": 0.103853, "sentiment": 2}]}, {"text": "【#刚毕业就年薪200万#华科这位学生厉害了！】秋招季的尾声，在很多同学还在着急时。@华中科技大学学生左鹏飞，由于面试表现优异，他被推荐给华为“天才少年”项目，收到了年薪200万元的offer。左鹏飞是华中科技大学武汉光电国家研究中心计算机科学与技术专业的14级直博研究生，他不仅收到了华为的邀约，阿里、腾讯、深信服均向其抛来了“橄榄枝”。左鹏飞说，希望在自己现在的专业领域做到更大更强，在企业界带几个成功的项目。@楚天都市报L楚天视频的微博视频", "author": "新浪视频", "time": "新浪视频今天10:09 来自专业版微博", "transmit": 69, "comment": 107, "zan": 1214, "sentiment": [{"positive_prob": 0.971948, "confidence": 0.937661, "negative_prob": 0.0280524, "sentiment": 2}]}, {"text": "华为老总任正非的小女儿姚安娜今年21岁，出生于中国云南，原名是姚思为，英文名AnnebelYao，先后拥有香港户籍与美国国籍。哈佛在读。姚安娜出生就是比别人起点高，无论家世、地位，人脉资源都是顶级的，谁要是娶到她做老婆，最起码少奋斗三十年。华为针对年轻人推出的新手机nova6已经上市，不知作为年轻人的姚安娜对自家的新手机有什么看法呢？", "author": "股市女人", "time": "股市女人12月11日09:29", "transmit": 799, "comment": 1560, "zan": 5834, "sentiment": [{"positive_prob": 0.925799, "confidence": 0.83511, "negative_prob": 0.0742006, "sentiment": 2}]}, {"text": "看了任正非对孟晚舟信件的评论，他站得高，而且作为父亲，他能那样说尤其值得点赞。老胡也没看孟晚舟的那封信，我是听说了网上一些人把孟晚舟与被拘押251天的华为前员工李洪元做对比。我认为这种对比同样是不恰当的。我认为这种对比是一种带节奏的舆论倾向。华为前员工被拘押251天，华为的一名基层主管是报案者，但对该员工进行拘押和后来释放他，以及给予国家赔偿，都不是华为能够控制的。一些人迁怒华为，如果冷静来看，严重不妥。 孟晚舟事件是美国压制华为打响的关键一枪，也是美国以蛮横方式对待中国迈出的凶悍一步。我们必须支持孟晚舟和华为，这是中美博弈层面的大是大非。我们如果这个时候因为别的事情动摇这一基本立场，把孟晚舟看成一个“好了那么久也该倒倒霉了”的富人，那是一种令人可悲的糊涂。 能把华为打得多惨，已经被世界视为美国到底有多大能力压制中国崛起的试金石。任正非自己总是强调，华为的事情他们会自己扛，这是这位华为掌门人有心胸的表现。但是华为的确处在中国崛起眼下遭遇美国前所未有压力最承重的位置上，我们大家能帮华为一把，当然要帮。最起码我们要给这家逆风飞扬的中国高科技公司以精神上的鼓舞和道义上的支持。 老胡理解在华为前员工事件上公众的一些情绪，但是把那种情绪朝着抵制华为的方向带节奏的那些人，或是一些坏人，或是一些缺大义的投机分子。老胡在微信上看到的那些骂华为骂得最狠的人，感觉他们真是与美国那些精英一样，恨不能华为关门。我们大家的思维决不能被他们带着跑了。 ", "author": "胡锡进", "time": "胡锡进12月11日15:42 来自HUAWEIP30Pro", "transmit": 681, "comment": 2744, "zan": 13882, "sentiment": [{"positive_prob": 0.019582, "confidence": 0.956484, "negative_prob": 0.980418, "sentiment": 0}]}, {"text": "谁能不快进坚持看到最后L神兽妹子爱元宝的微博视频​", "author": "神兽妹子爱元宝", "time": "神兽妹子爱元宝12月11日21:44", "transmit": 2582, "comment": 933, "zan": 2691, "sentiment": [{"positive_prob": 0.624623, "confidence": 0.165829, "negative_prob": 0.375377, "sentiment": 2}]}, {"text": "【职场人必看！如何得到与能力相匹配的工资？】#刚毕业就年薪200万#@华中科技大学学生左鹏飞，由于面试表现优异，他被推荐给华为“天才少年”项目，收到了年薪200万元的offer。左鹏飞是华中科技大学武汉光电国家研究中心计算机科学与技术专业的14级直博研究生，他不仅收到了华为的邀约，阿里、腾讯、深信服均向其抛来了“橄榄枝”。网友纷纷表示羡慕，同时也提出疑问：求职者如何才能得到与能力相匹配的工资？这里教你几个好方法！@人人视频L人人视频app的秒拍视频", "author": "每日经济新闻", "time": "每日经济新闻今天09:38 来自微博weibo.com", "transmit": 156, "comment": 38, "zan": 426, "sentiment": [{"positive_prob": 0.938297, "confidence": 0.862881, "negative_prob": 0.0617035, "sentiment": 2}]}, {"text": "在平板上面还能同步手机界面，轻轻一拖就可以实现文件共享，多屏协同简直nice，办公效率大大提升！对于我们一直在路上的工作人群来说，简直太贴心！拿着高颜值的#华为MatePad#Pro，我就是这条gai最靓的仔！​", "author": "摄影师李小月", "time": "摄影师李小月12月11日20:50 来自微博weibo.com", "transmit": 686, "comment": 1138, "zan": 1453, "sentiment": [{"positive_prob": 0.99456, "confidence": 0.987912, "negative_prob": 0.00543956, "sentiment": 2}]}, {"text": "【#全球高端手机苹果份额占一半#三星和华为加起来不超4成】根据市场研究机构CounterpointResearch的报告，今年第三季度，苹果公司在400美元以上高端机市场占据了超过一半份额，占比达52%，排名第二和第三的三星和华为的市场占比分别为25%和12%。在中国高端智能手机市场，华为占据了中国超过八成的高端智能手机市场份额。你的手机是什么品牌？", "author": "凤凰网科技", "time": "凤凰网科技12月10日07:53 来自微博weibo.com", "transmit": 174, "comment": 2389, "zan": 68660, "sentiment": [{"positive_prob": 0.929516, "confidence": 0.843369, "negative_prob": 0.0704838, "sentiment": 2}]}, {"text": "【德国电信运营商宣布将采用华为设备建设5G网络】当地时间11日，德国三大电信运营商之一Telefonica宣布了一项重大投资计划，Telefonica表示将在未来几年内扩大网络建设。据了解，目前该运营商使用的设备来自诺基亚和华为，并计划在建设5G网络时继续借助诺基亚和华为的技术。近来，是否允许华为设备进入德国5G市场成了德国政坛的热门话题之一，此前德国最大的电信运营商德国电信曾宣布在两年之内将全部华为部件替换出其核心网络。（央视新闻客户端）", "author": "环球时报", "time": "环球时报12月11日19:23", "transmit": 103, "comment": 156, "zan": 1477, "sentiment": [{"positive_prob": 0.962796, "confidence": 0.917324, "negative_prob": 0.0372042, "sentiment": 2}]}, {"text": "这个城市中还有你未曾探索的角落吗？带上#华为WatchGT#2和我一起#只管去跑#。你有多强？城市的尽头在哪？咱们路上跑着瞧。大家想去探索哪座城市呢～​", "author": "潘那白", "time": "潘那白今天10:00 来自微博weibo.com", "transmit": 1855, "comment": 3592, "zan": 4651, "sentiment": [{"positive_prob": 0.906782, "confidence": 0.792848, "negative_prob": 0.0932183, "sentiment": 2}]}, {"text": "#易烊千玺刺猬头# 在成长的路上，你可曾畏惧黑暗，对前路感到迷茫？你可曾经受非议，动摇了内心的方向？对@TFBOYS-易烊千玺 来说，成长的阵痛恰恰是推着他不断向前的力量。作为青年榜样，千玺一直用他满满的正能量对“黑暗”sayno、对模糊sayno、对束缚sayno，追随着内心的光芒！这一次，他将与#华为nova6#5G一起，用不一样的方式，演绎年轻力量的觉醒，于虚实幻影中聚焦真实自我，让未来，大不一样！@华为终端官方微博  L嘉人的秒拍视频出品人/@孙赛赛视频监制/Fionn创意策划/@李李安Lilian视频团队/@zestudio安泽视觉导演/@涂松泽zestudio制片/王冕摄像/李方毅、韩琦、何昊剪辑/韩琦包装特效/王琰、佩芙美术/于漫摄像助理/王泽助理/张恒、兰子、EALING、张书涵", "author": "嘉人", "time": "嘉人12月10日16:01 来自nova65G自拍大不一样", "transmit": 33249, "comment": 3286, "zan": 16346, "sentiment": [{"positive_prob": 0.961884, "confidence": 0.915298, "negative_prob": 0.0381159, "sentiment": 2}]}, {"text": "【#孟晚舟赢下一场法律战#加拿大法院要求检方提交更多证据】据路透社11日报道，华为首席财务官孟晚舟的律师团队赢得了一场法律战，根据加拿大不列颠哥伦比亚省最高法院10日发布的一份裁决结果显示，法官要求加拿大司法部长交出更多与孟晚舟被捕有关的证据和文件。不列颠哥伦比亚省最高法院副首席法官希瑟·霍姆斯（HeatherHolmes）同意华为技术有限公司的法律团队的看法，认为他们的主张具有“有真实可能性”（airofreality）。但是法官也提醒说，这项裁决是有限的，并没有提到华为指控加拿大当局不当处理孟的电子设备一事是否有理据支持。O孟晚舟赢下一场法律战加拿大法院要求检方提交更多证据", "author": "每日经济新闻", "time": "每日经济新闻12月11日11:59 来自微博weibo.com", "transmit": 122, "comment": 420, "zan": 2451, "sentiment": [{"positive_prob": 0.916667, "confidence": 0.814817, "negative_prob": 0.0833326, "sentiment": 2}]}, {"text": "【#刚毕业就年薪200万#,你刚毕业时工资多少钱？】秋招季尾声，很多同学正在着急工作，@华中科技大学学生左鹏飞由于面试表现优异，被推荐给华为“天才少年”项目，收到了年薪200万元的offer。左鹏飞是华中科技大学武汉光电国家研究中心计算机科学与技术专业的14级直博研究生，他不仅收到了华为的邀约，阿里、腾讯、深信服均向其抛来了“橄榄枝”。你刚毕业时工资多少钱？你刚毕业时工资多少钱？", "author": "成都商报", "time": "成都商报今天11:48 来自微博weibo.com", "transmit": 10, "comment": 25, "zan": 1514, "sentiment": [{"positive_prob": 0.756238, "confidence": 0.458306, "negative_prob": 0.243762, "sentiment": 2}]}, {"text": "【西班牙电信德国子公司：将与华为开展5G合作】西班牙电信德国子公司11日宣布，将与中国华为公司、芬兰诺基亚公司合作，在德国建设5G网络。根据西班牙电信(德国)有限公司当天发布的新闻公报，华为、诺基亚将以相同比例提供5G接入网基站设备，前提是两家企业的设备通过相关安全认证。此外，关于5G核心设备供应商，西班牙电信(德国)有限公司将在明年选定。今年10月，德国政府发布了5G移动网络安全准则草案，但迄今尚未正式实施。“我们不想浪费时间，”西班牙电信(德国)有限公司首席执行官马库斯⋅哈斯说，西班牙电信在德国的业务将开启新增长阶段。据悉，2020年西班牙电信将开始在德国市场提供5G服务，率先覆盖柏林、汉堡、慕尼黑、科隆、法兰克福等5座城市，到2022年年底拓展至30座城市，覆盖1600万人口。O西班牙电信德国子公司：将与华为开展5G合作", "author": "环球时报", "time": "环球时报今天14:30 来自微博weibo.com", "transmit": 41, "comment": 77, "zan": 551, "sentiment": [{"positive_prob": 0.973262, "confidence": 0.940583, "negative_prob": 0.0267375, "sentiment": 2}]}, {"text": "一次学习的旅程💫一次火星的体验☄️这次交到了很多朋友，在回忆中又添了些独特的滋味，不可替代，无法重复，天气很冷，但是心暖。谢谢华为让我看到了夜空中最亮的星，谢谢大鹅给我温暖，谢谢GQ的安排！感恩！#GQ1000观星之旅#​", "author": "邓见超marc", "time": "邓见超marc今天15:18", "transmit": 102, "comment": 310, "zan": 1474, "sentiment": [{"positive_prob": 0.987512, "confidence": 0.97225, "negative_prob": 0.0124876, "sentiment": 2}]}, {"text": "12月12日，华为首款以Mate命名的旗舰平板#华为MatePad#Pro即将开启首销。渐变幻彩、唯美纯净的贝母白，金属流光、神秘优雅的夜阑灰，两款配色将率先与用户见面，以旗舰品质打造智慧体验，以创新科技重构职场创造。​", "author": "科技Milk", "time": "科技Milk12月10日22:00 来自微博weibo.com", "transmit": 62, "comment": 232, "zan": 607, "sentiment": [{"positive_prob": 0.98751, "confidence": 0.972245, "negative_prob": 0.0124897, "sentiment": 2}]}, {"text": "【华春莹告诉BBC记者：面对抹黑攻击打压，中国不能还嘴的时代一去不复返了】12月11日，外交部发言人华春莹主持例行记者会。有外媒记者提问，外媒援引一份录音内容报道称，中国驻丹麦大使曾威胁法罗群岛，如果当地不与华为签署5G协议，就取消自由贸易协定。中方可否证实这一消息?华春莹表示，你提的这个问题有事实错误，中国和法罗群岛地区并没有自由贸易协定。如果没有自贸协定，何来取消一说?又何来中国大使要取消一说?但是如果你关注美国，它的高官在满世界范围抹黑和攻击中国的企业，威胁有关国家不要与中国特定企业开展合作，你就能真正的理解什么才是威胁。据我了解，中国和法罗群岛地区有着良好的合作关系，中国驻丹麦大使同法罗群岛官员的会面是正常的履职，谈的是友好与合作，维护的是中国企业的正当合法权益。你提到的有关媒体报道的内容有误，完全是别有用心。BBC记者随后追问，是否中国大使在与法罗群岛官员谈话时谈到华为或者涉及到未来的可能合作呢?对此，华春莹回应称，谈还是没有谈到华为，你认为有任何的区别和实质意义吗?美国的官员可以满世界抹黑攻击中国的华为，难道中国大使跟所驻在国的官员谈合作的时候就不能提到中国公司的名字吗?这是什么逻辑?你是不是觉得中国还是应该处于那样的时候，即美国可以满世界抹黑攻击打压我们，而我们连名字都不可以提，更不能还嘴，是这样吗?我告诉你，这样的时代一去不复返了。我们有责任坚决维护中方的公民、中国企业的正当合法权益。（环球时报-环球网报道记者张骜）", "author": "环球网", "time": "环球网12月11日17:03 来自微博weibo.com", "transmit": 243, "comment": 172, "zan": 1527, "sentiment": [{"positive_prob": 0.0331586, "confidence": 0.926314, "negative_prob": 0.966841, "sentiment": 0}]}, {"text": "【外媒宣称中国驻丹麦大使“威胁”法罗群岛用华为，丹麦政府澄清】2019年12月12日，外交部发言人华春莹主持例行记者会，有记者提问称，昨天有外国记者问到中国驻丹麦大使“威励”法罗群岛使用华为5G设备的问题，丹麦政府是否就此向中方进行澄清?对此，外交部发言人华春莹表示，丹麦方面已经向中方明确表示，近日有关媒体报道内容并不完全属实。我们注意到，丹麦外交大臣昨天向丹麦媒体明确表示:“有关丹麦外交部告诉法罗政府最好不选择华为作为5G供应商的报道是错误的。通信行业属法罗自主决策的领城，如何选择5G供应商是法罗自己的事。相互尊重和遵守国际规则是丹麦外交政策的基础，适用于丹麦与其他国家交往，包括与中国良好的伙伴关系。”法罗自治政府总理和外交部长也向媒体表示，从未在与中方交流中感受到威胁或胁迫，与中国大使会面是在相互尊重的基础上进行的良好、具有建设性的对话。法罗一些政党负责人和民众都认为美国大使日前公开阻止法罗同华为开展5G合作极为不合适，法罗虽小，但不会受制于美国压力，影响自己独立决策。大家恐怕都还记得，前不久美国驻丹麦大使、驻德国大使就中国同有关国家合作问题发出的公开威胁言论引起丹麦、德国两国政府和民众的强烈不满。中方不会这么做。我们愿同丹方共同努力深化政治互信，加强务实合作，本着平等和相互尊重的精神，推动中丹互利合作不断取得成果。O外媒宣称中国驻丹麦大使“威胁”法罗群岛用华为，丹麦政府澄清", "author": "环球时报", "time": "环球时报今天16:10 来自微博weibo.com", "transmit": 40, "comment": 77, "zan": 640, "sentiment": [{"positive_prob": 0.889804, "confidence": 0.75512, "negative_prob": 0.110196, "sentiment": 2}]}, {"text": "【#德国将采用华为设备建设5G网络#】当地时间11日，德国三大电信运营商之一Telefonica宣布了一项重大投资计划，Telefonica表示将在未来几年内扩大网络建设。据了解，目前该运营商使用的设备来自诺基亚和华为，并计划在建设5G网络时继续借助诺基亚和华为的技术。近来，是否允许华为设备进入德国5G市场成了德国政坛的热门话题之一，此前德国最大的电信运营商德国电信曾宣布在两年之内将全部华为部件替换出其核心网络。（央视新闻客户端）", "author": "环球网", "time": "环球网12月11日19:22 来自微博weibo.com", "transmit": 132, "comment": 153, "zan": 3103, "sentiment": [{"positive_prob": 0.974122, "confidence": 0.942493, "negative_prob": 0.0258781, "sentiment": 2}]}, {"text": "#嘉人2020开年封# #易烊千玺刺猬头# 他有着超乎年龄的清醒与沉稳，也有着能量少年的热情与赤诚，19岁的@TFBOYS-易烊千玺 已然用努力和实力踏进了真正的表演之门，并将循着内心的坚定与热爱，让未来，大不一样！#自拍大不一样# 嘉人2020年1月刊，易烊千玺用自拍镜头完成了一张大不一样的封面，为我们展示Z世代的独立精神与自由主张！@华为终端官方微博 (本张封面由#华为nova6# 5G自拍呈现)", "author": "嘉人", "time": "嘉人12月10日15:23 来自nova65G自拍大不一样", "transmit": 20453, "comment": 1466, "zan": 10954, "sentiment": [{"positive_prob": 0.985385, "confidence": 0.967521, "negative_prob": 0.0146153, "sentiment": 2}]}, {"text": "事情已经逐渐明朗化了……随着李洪元发布了《离职协议》和《确认书》，其实已经说明的很多疑问：首先让我们来看看这份《离职补偿》这份《离职协议》盖有华为公司的公章，签署人分别是何承东和李洪元；毫无疑问，对于李洪元而言，这份《离职协议》即代表了华为公司官方，具有法律效应。值得注意的是，这份《离职协议》下端的日期，以及签署双方的打印方式，日期位置，具体日期留有下划线；签署人双方，华为公司是打印字体，但李洪元却是手写字体；这份《离职协议》，应该不是2018年1月31日协商当天打印出来的，而是在此之前，就已经由何承东打印出来，就等着何承东签字认可了。何承东在电脑上打印这份协议时，把李洪元的名字和工号，以及签字日期留了空白，填写好了华为公司的名称。这个细节，说明了什么？说明了在2018年1月31日之前，李洪元已经与何承东等逆变器部门主要负责人，就自己离职补偿事宜，做过多次的口头协商。2018年1月31日，仅仅只是一个签字的过程。无论何承东签署的这份《离职协议》是否越权，或者是否偷盖了华为的公章，但这份协议，毫无疑问是真实有效的代表了华为公司的真实表达。问题其实并不在这里：问题在于，这份协议既然早已协商好了具体的补偿数额，但是在该案的调查过程中，居然包括李洪元、何承东在内的多位负责人，都矢口否认在2018年1月31日之前，李洪元和逆变器的负责人协商过离职补偿事宜。对于李洪元而言，这个具体的41万余元的补偿数额，究竟是怎么计算出来的？据李洪元本人表述，这个41万余元的数额，是这样计算出来的：“41万=2N-8年（N+1）+换工号补发一个月工资”让我们先来看看，李洪元在2014年离职的时候，获得的8年（N+1）是多少数额？8+1=9，华为公司当时补偿给了李洪元9个月的工资，共计13.6万元，换言之，李洪元的月薪标准，是每月约1.5万元；2018年李洪元此次离职时，他的工资标准是约1.6万元，这根据华为公司在2018年3月7日支付给李洪元N+1=8万元补偿款，可以简单算出。N+1=4+1=5；5个月的工资补偿，共8万元，月薪标准约1.6万元；现在，让我们来看看这份《离职协议》约定的2N究竟应该是多少？2N，即是2*12=24个月，减去李洪元在2014年曾经领取过9个月的补偿款，以及1个月的换工号补发工资，那么李洪元的2N要求即使能够获得华为公司的同意，也只能在这次离职过程中，获得24-9-1=14个月的月薪补偿；由于李洪元的月薪标准并没有超过深圳市当年度平均月薪的三倍，即按照李洪元的实际月薪标准补偿；14个月*1.6万=22.4万元；这就是李洪元提出的2N的全部补偿款；如果这份《离职协议》是真实有效的，那么华为公司采取什么方式支付补偿款，就不再是李洪元所需要关心的问题了。但2N的补偿数额，就是22.4万元；现在，问题很清楚了：2018年1月31日签署这份《离职协议》的时候，在场的有逆变器人力资源部负责人何承东，以及逆变器其他三位负责人。何承东等四人，是出于什么主观动机和理由，签署了这份远远超出正常计算标准数额的离职协议的？华为公司官方，显然并不知道这份《离职协议》的存在，否则华为公司财务在2018年3月7日支付李洪元离职补偿款的时候，就必然应该一次性的支付41万元的补偿款了，而不是仅仅支付了N+1，共5个月的补偿款8万元。李洪元究竟是否涉嫌敲诈勒索，其实关键问题就在于：何承东等四个华为公司的部门负责人，是出于什么动机，或者受到了什么压力，越权签字私盖公章，甚至挪用部门团建公款，向李洪元私下支付了远远超出正常水平的离职补偿款？需要说明的是，李洪元的离职，属于劳动合同到期，不再续签的正常手续，理论上说，华为公司官方无须和李洪元签署《离职协议》，按照公司薪酬制度以及《劳动合同》办理即可。", "author": "司马3忌", "time": "司马3忌12月10日15:46 来自360安全浏览器", "transmit": 361, "comment": 571, "zan": 2233, "sentiment": [{"positive_prob": 0.150154, "confidence": 0.666325, "negative_prob": 0.849846, "sentiment": 0}]}]