[{"text": "【#工信部部长谈5G手机#：我还在用4G手机，#中国5G标准必要专利数全球第一#】9月20日，工信部部长苗圩在国新办发布会上表示，“我现在使用的还是4G手机”，目前能兼容SA和NSA的手机只有华为，明年开始，才能大规模投入独立组网的5G网络。目前大部分应用4G手机足够了，5G的80%用在工业互联网。中国拥有全球最大4G网络，5G网络建设全面启动，中国5G标准必要专利数全球第一。L老板联播的微博视频", "author": "梨视频", "time": "梨视频09月21日11:13 来自微博weibo.com", "transmit": 171, "comment": 289, "zan": 1268, "sentiment": [{"positive_prob": 0.970146, "confidence": 0.933658, "negative_prob": 0.0298541, "sentiment": 2}]}, {"text": "【#工信部部长谈5G手机#：我还在用4G手机，#中国5G标准必要专利数全球第一#】9月20日，工信部部长苗圩在国新办发布会上表示，“我现在使用的还是4G手机”，目前能兼容SA和NSA的手机只有华为，明年开始，才能大规模投入独立组网的5G网络。目前大部分应用4G手机足够了，5G的80%用在工业互联网。中国拥有全球最大的4G网络，5G网络建设全面启动，中国5G标准必要专利数全球第一。L老板联播的微博视频", "author": "新浪财经", "time": "新浪财经09月21日11:38 来自专业版微博", "transmit": 91, "comment": 67, "zan": 771, "sentiment": [{"positive_prob": 0.972164, "confidence": 0.938143, "negative_prob": 0.0278357, "sentiment": 2}]}, {"text": "自从换上这些主题，我打开手机的频率增加了80%。#华为Mate30#系列的官方主题，为前沿科技注入艺术灵魂，说说看你喜欢哪一套？​", "author": "华为终端官方微博", "time": "华为终端官方微博09月21日18:00 来自微博weibo.com", "transmit": 65, "comment": 294, "zan": 781, "sentiment": [{"positive_prob": 0.900386, "confidence": 0.778635, "negative_prob": 0.0996142, "sentiment": 2}]}, {"text": "#中国5g标准必要专利数全球第一#划一下重点!1.除了个别高端需求，4G够用了！2.明年才能大规模投入独立组网5G!3.部分手机可能有网没信号4.目前能兼容的只有华为，买它!哈哈哈!​", "author": "喊我豆奶酱", "time": "喊我豆奶酱09月21日09:24 来自HUAWEInova青春版", "transmit": 51, "comment": 240, "zan": 1125, "sentiment": [{"positive_prob": 0.979852, "confidence": 0.955226, "negative_prob": 0.0201481, "sentiment": 2}]}, {"text": "【揭秘#华为背后的男人们#】9月20日，2019华为全联接大会开发者日举行，上千名华为云开发者到场参与，我们终于有幸见到了那些平时默默无闻潜心为技术耕耘的大佬们。华为正式发布沃土计划2.0，宣布未来5年将投入15亿美金，发展500万开发者。做智能世界的“黑土地”，是华为一直以来的坚持，为开发者创造更广阔的发展空间是沃土计划的初衷。L梨视频的秒拍视频", "author": "梨视频", "time": "梨视频09月21日12:00 来自微博weibo.com", "transmit": 131, "comment": 254, "zan": 1116, "sentiment": [{"positive_prob": 0.982942, "confidence": 0.962093, "negative_prob": 0.0170582, "sentiment": 2}]}, {"text": "马来西亚68岁法师林文华为证明自己法力无边，当众表演“清蒸”，30分钟后，结果悲剧了…​", "author": "扎心学长", "time": "扎心学长09月21日22:03", "transmit": 718, "comment": 1954, "zan": 11848, "sentiment": [{"positive_prob": 0.16777, "confidence": 0.627179, "negative_prob": 0.83223, "sentiment": 0}]}, {"text": "#中国5G标准必要专利数全球第一#專利“數”是一個要點能不能掌握關鍵的專利才是“質”的要點另外工信部長提到幾個重點1、目前只有華為能NSA與SA2、對於個人來說4G夠用了3、5G真正運用在於網組運用4、而明年才能大量投入5G網組運用5、5G重點在於“工業互聯網”其中可以篩選幾個投資重點1、物聯網概念2、華為概念3、工業互聯網概念#股票#股市四季红", "author": "百盛説", "time": "百盛説09月21日10:14 来自HUAWEIMate20", "transmit": 153, "comment": 154, "zan": 785, "sentiment": [{"positive_prob": 0.693639, "confidence": 0.319198, "negative_prob": 0.306361, "sentiment": 2}]}, {"text": "【#工信部部长谈5G手机#：我还在用4G手机，#中国5G标准必要专利数全球第一#】9月20日，工信部部长苗圩在国新办发布会上表示，“我现在使用的还是4G手机”，目前能兼容SA和NSA的手机只有华为，明年开始，才能大规模投入独立组网的5G网络。目前大部分应用4G手机足够了，5G的80%用在工业互联网。中国拥有全球最大4G网络，5G网络建设全面启动，中国5G标准必要专利数全球第一。L老板联播的微博视频", "author": "新浪财经", "time": "新浪财经09月21日19:04 来自微博weibo.com", "transmit": 66, "comment": 101, "zan": 476, "sentiment": [{"positive_prob": 0.970146, "confidence": 0.933658, "negative_prob": 0.0298541, "sentiment": 2}]}, {"text": "华为Mate30，6.6英寸屏幕，但实际拿着手感不错，不觉得很大。上下边框非常窄。麒麟990处理器，4000W超感光三摄，40W有线快充，27W无线快充，UFS3.0存储。售价预计3999起步。你们觉得值吗？​", "author": "C科技", "time": "C科技09月21日10:45", "transmit": 52, "comment": 591, "zan": 1012, "sentiment": [{"positive_prob": 0.265307, "confidence": 0.410429, "negative_prob": 0.734693, "sentiment": 0}]}, {"text": "华为mate30这次用的也是oled屏幕，都有屏幕指纹，区别就是普通版本的不是曲面屏，是纯平的，这个屏幕的显示效果也比荣耀20pro的lcd屏幕要好，更不用说曲面瀑布屏的华为mate30pro了，厚度上华为mate30也做的够薄，4000毫安和4500毫安电池要做薄只能扩大手机尺寸，所以尺寸会更大一些。比荣耀20pro和华为mate20pro都大。说实话华为的外观设计和制作工艺也越来越好了，真机拿在手里很有质感，今天不少来看的用户都说好看，一个用iphonexr的女生还和她男友说突然觉得自己的手机好丑啊。其实她是想换手机了吧", "author": "科技圣斗士", "time": "科技圣斗士09月21日23:25 来自RedmiNote8Pro四摄", "transmit": 59, "comment": 611, "zan": 2578, "sentiment": [{"positive_prob": 0.932449, "confidence": 0.849886, "negative_prob": 0.0675514, "sentiment": 2}]}, {"text": "想知道买了平板能附赠小姐姐的同款颜值吗？王者你和那个小姐姐的侧颜我酸了，只能买这个高颜值的平板来弥补我的不平衡了#华为平板M6#高能版​", "author": "三鲜视频", "time": "三鲜视频09月21日11:00 来自微博weibo.com", "transmit": 816, "comment": 141, "zan": 241, "sentiment": [{"positive_prob": 0.878357, "confidence": 0.729683, "negative_prob": 0.121643, "sentiment": 2}]}, {"text": "华为智慧屏在我们的生活中，更像是一个整合生活、娱乐、社交等各个生活场景的家庭智慧管家。L华为智慧屏让智慧变大​​​", "author": "余承东", "time": "余承东09月21日16:03 来自HUAWEIMate30Pro", "transmit": 74, "comment": 589, "zan": 3136, "sentiment": [{"positive_prob": 0.954034, "confidence": 0.897853, "negative_prob": 0.0459661, "sentiment": 2}]}, {"text": "听说很多小伙伴希望在不同城市看到我们的体验店Plus，今天，华为授权体验店Plus（沈阳万象汇）开业了，下一个城市，你希望阿华去到哪里呢？​", "author": "华为终端官方微博", "time": "华为终端官方微博09月21日12:00 来自微博weibo.com", "transmit": 52, "comment": 469, "zan": 881, "sentiment": [{"positive_prob": 0.696339, "confidence": 0.325197, "negative_prob": 0.303661, "sentiment": 2}]}, {"text": "「小白测评」华为Mate30全系上手体验这是新安卓机皇？前方简要上手Mate30和Mate30Pro，一开始看到爆料这个超大号奥利奥觉得模组太大了，不好看，但实机上手感觉真的还行，整机设计语言除了相机延续了P30系列的设计风格，超大曲面屏的加入体验怎么样，比较关注的屏幕如何本期咱们来聊聊华为Mate30系列~L小白测评的微博视频", "author": "小白测评", "time": "小白测评09月21日10:33 来自微博视频", "transmit": 127, "comment": 523, "zan": 1868, "sentiment": [{"positive_prob": 0.976947, "confidence": 0.94877, "negative_prob": 0.0230535, "sentiment": 2}]}, {"text": "【#工信部部长谈5G手机#：我还在用4G手机】工信部部长苗圩在国新办发布会上表示，“我现在使用的还是4G手机”，目前能兼容SA和NSA的手机只有华为，明年开始才能大规模投入独立组网的5G网络。目前大部分应用4G手机足够了，5G的80%用在工业互联网。L老板联播的微博视频​", "author": "新浪科技", "time": "新浪科技09月21日19:47 来自微博weibo.com", "transmit": 126, "comment": 32, "zan": 472, "sentiment": [{"positive_prob": 0.94619, "confidence": 0.880422, "negative_prob": 0.0538102, "sentiment": 2}]}, {"text": "【苹果iPhone11和华为Mate30，你选哪个？】近日，华为在慕尼黑举行Mate30全球发布会，华为全球消费者业务CEO#余承东硬刚iPhone11#，称iPhone11的方形设计与华为Mate20系列类似，而Mate30系列比苹果有更大的屏幕、更高的电池容量，更轻，刘海也更短。苹果iPhone11和华为Mate30，你选哪个？​", "author": "南京发布", "time": "南京发布09月21日17:05 来自iPhone客户端", "transmit": 7, "comment": 77, "zan": 3491, "sentiment": [{"positive_prob": 0.385006, "confidence": 0.144431, "negative_prob": 0.614994, "sentiment": 0}]}, {"text": "在深圳机场看到华为展台了玩了一下Mate30和Mate30Pro背部颜色在真机上都挺好看的但也是真的容易沾指纹然后Mate30Pro拿在手里也不会觉得很大而且重量198g说实话真的觉得舒服尤其是跟手里的iPhoneXSMax比的话再来网上先前不少人说瀑布屏容易误触我实际玩了一会儿并没有哈但其它方面就也没有太打动我了屏幕一般单扬声器拍照和录像发布会上挺强的但我自己平时也不会拍太多拿来应急拍Vlog的话iPhone11Pro已经是我心里最佳选择了", "author": "迪仔Dizzz", "time": "迪仔Dizzz09月21日15:28 来自小霸王iPhoneXSMax", "transmit": 13, "comment": 299, "zan": 1522, "sentiment": [{"positive_prob": 0.852089, "confidence": 0.671309, "negative_prob": 0.147911, "sentiment": 2}]}, {"text": "#5G在中国#王朝磊是洛钼集团三道庄矿区的一名矿工。他在矿山工作8年，过去采矿需要驾驶挖掘机进山开采，由于矿区地质状况复杂，随时会有塌方落石的危险。现在，通过#华为5G#，他可以坐在空调房里远程操控挖掘机，工作有了安全保障，挖矿效率也有极大提升，而家里的亲人也真正放心了L华为中国的微博视频", "author": "华为中国", "time": "华为中国09月21日15:00 来自微博weibo.com", "transmit": 113, "comment": 90, "zan": 583, "sentiment": [{"positive_prob": 0.990823, "confidence": 0.979606, "negative_prob": 0.00917737, "sentiment": 2}]}, {"text": "佑猴20190920安可全程5分钟，华为太清楚了，每分钟都值得拥有！👉🏻全场大合唱👉🏻阿张超近超清比心❤️👉🏻阿张深情呼唤托尼安👉🏻佑猴神仙落泪哥哥我爱你们啊！！L爱爱不哭的微博视频​", "author": "爱爱不哭", "time": "爱爱不哭09月21日10:00 来自佑猴超话", "transmit": 260, "comment": 42, "zan": 209, "sentiment": [{"positive_prob": 0.960599, "confidence": 0.912441, "negative_prob": 0.0394015, "sentiment": 2}]}, {"text": "解构上海.彩色篇，使用#华为Mate30Pro#拍摄。作者：@陈曦Stanley​", "author": "每天学点摄影技巧", "time": "每天学点摄影技巧09月21日07:20 来自微博weibo.com", "transmit": 20, "comment": 21, "zan": 174, "sentiment": [{"positive_prob": 0.820802, "confidence": 0.601783, "negative_prob": 0.179198, "sentiment": 2}]}, {"text": "【退出服务器整机市场？华为回应称市场误读了！】19日，华为智能计算业务部总裁马海旭表示，全面开放鲲鹏主板优先支持合作伙伴，条件成熟时可以停止TaiShan服务器的销售业务。上述言论，被外界解读为：华为要退出服务器整机市场。21日，华为回应称，这是市场误读。华为强调，TaiShan服务器将聚焦做高端和内部配套，公司停止TaiShan服务器的销售业务，是“在条件成熟的时候”。同时，华为并非只提供TaiShan服务器。@中国证券网O退出服务器整机市场？华为回应称市场误读了！", "author": "财经网", "time": "财经网09月21日20:58 来自微博weibo.com", "transmit": 19, "comment": 21, "zan": 75, "sentiment": [{"positive_prob": 0.0317876, "confidence": 0.929361, "negative_prob": 0.968212, "sentiment": 0}]}, {"text": "【#工信部部长谈5G手机#：我还在用4G手机，#中国5G标准必要专利数全球第一#】9月20日，工信部部长苗圩在国新办发布会上表示，“我现在使用的还是4G手机”，目前能兼容SA和NSA的手机只有华为，明年开始，才能大规模投入独立组网的5G网络。目前大部分应用4G手机足够了，5G的80%用在工业互联网。中国拥有全球最大4G网络，5G网络建设全面启动，中国5G标准必要专利数全球第一。L老板联播的微博视频", "author": "观察者网", "time": "观察者网09月21日11:22 来自微博weibo.com", "transmit": 49, "comment": 119, "zan": 558, "sentiment": [{"positive_prob": 0.970146, "confidence": 0.933658, "negative_prob": 0.0298541, "sentiment": 2}]}, {"text": "以为只有Pro有5G版没想到标准版也有目前华为Mate305G和华为Mate30Pro5G均已登陆工信部~​", "author": "小白测评", "time": "小白测评09月21日18:06 来自微博weibo.com", "transmit": 18, "comment": 460, "zan": 1259, "sentiment": [{"positive_prob": 0.581533, "confidence": 0.0700728, "negative_prob": 0.418467, "sentiment": 2}]}, {"text": "治愈聊华为L台湾傻事的微博视频​", "author": "台湾傻事", "time": "台湾傻事09月21日11:05 来自微博weibo.com", "transmit": 58, "comment": 105, "zan": 802, "sentiment": [{"positive_prob": 0.688137, "confidence": 0.306971, "negative_prob": 0.311863, "sentiment": 2}]}, {"text": "不吹不黑，华为Mate30正面颜值是不是比iPhone11强不少？​", "author": "搞机少女", "time": "搞机少女09月21日22:22", "transmit": 69, "comment": 1148, "zan": 6646, "sentiment": [{"positive_prob": 0.251731, "confidence": 0.440599, "negative_prob": 0.748269, "sentiment": 0}]}, {"text": "我知道，你们都很忙，没时间去体验华为mate30/pro，今天我体验了下，课代表总结下1.外观设计方面，一成不变的刘海设计，成精的粉丝说这是门牙屏，个人感觉正是因为这种设计，破坏了瀑布屏带来的美感2.持握感方面，这次持握感感觉还没有华为P30PRO舒服，这种不舒服可能是由于太大了，但整体重量方面而言不压手，可以接受的重量范围之内，由于是整块屏幕88°曲率似乎就是直接取代了中框部分，但是！在屏幕与电池盖衔接处还是有一层非常薄的中框作为过渡，这个过渡做的整体缺少那么一点儿意思，在持握时手掌传达来的是边框毛毛蹭蹭的感觉，不圆润，不一体，并没有带给你带来像S10或Note10那样的圆润过渡。3.背部摄像头，这应该是今年最大的亮点了，就设计而言也是今年的亮点，摄像头的凸起，就看大家能不能接受了，网图都是骗人的。4.关于5G，店员也解释了，目前接受预定的都是4G版本，没有5G版本，因为目前5G还不够成熟，买了也没有网络给你用，反而价格会更贵，这么一解释好像在帮我省钱，出了店门看了看我手里的Note10+5G有一种被欺骗的感觉，不管了回去喝点儿散装酒一切都会好起来的", "author": "HHP良", "time": "HHP良09月21日19:34 来自三星GalaxyS10", "transmit": 14, "comment": 323, "zan": 568, "sentiment": [{"positive_prob": 0.0669215, "confidence": 0.851285, "negative_prob": 0.933078, "sentiment": 0}]}, {"text": "看视频回答：种瓜得瓜，种豆得豆，那么种下“Mate30”会得到_______?#华为智慧屏#，让智慧变大！L华为智慧屏让智慧变大​", "author": "华为终端官方微博", "time": "华为终端官方微博09月21日10:00 来自微博weibo.com", "transmit": 499, "comment": 310, "zan": 959, "sentiment": [{"positive_prob": 0.611552, "confidence": 0.136782, "negative_prob": 0.388448, "sentiment": 2}]}, {"text": "今天这顿饭，真香#华为Mate30发布会#2德国·慕尼黑​", "author": "新潮电子徐林", "time": "新潮电子徐林09月21日01:35", "transmit": 16, "comment": 60, "zan": 233, "sentiment": [{"positive_prob": 0.657592, "confidence": 0.239093, "negative_prob": 0.342408, "sentiment": 2}]}, {"text": "《奇葩说》辩手杨奇函，买到iPhone11第一时间换上华为屏保，永远精神上支持华为。​", "author": "路诞先生", "time": "路诞先生09月21日15:42 来自iQOOPro5G性能旗舰", "transmit": 127, "comment": 526, "zan": 2159, "sentiment": [{"positive_prob": 0.904333, "confidence": 0.787407, "negative_prob": 0.0956667, "sentiment": 2}]}, {"text": "【#工信部部长谈5G手机#：日常4G足够用，5G主要用在工业互联网】9月20日，工信部部长苗圩在国新办发布会上表示，“我现在使用的还是4G手机”，目前能兼容SA和NSA的手机只有华为。明年开始，才能大规模投入独立组网的5G网络。目前大部分应用4G手机足够了，5G的80%用在工业互联网。L老板联播的微博视频", "author": "互联网的那点事", "time": "互联网的那点事09月21日10:22 来自MaxProiPhoneXSMax", "transmit": 112, "comment": 106, "zan": 381, "sentiment": [{"positive_prob": 0.978014, "confidence": 0.951141, "negative_prob": 0.0219865, "sentiment": 2}]}]