[{"text": "【余承东：#华为操作系统最快秋天可面世#】余承东提到华为OS最快将于今年秋天、最晚将于明年春天便有可能面市。目前的华为OS已经打通了手机、电脑、平板、电视、汽车、智能穿戴等产品，并将其统一成一个操作系统，而且华为OS还兼容全部的安卓应用和所有的Web应用，相关安卓应用在华为OS上重新编译后，运行性能提升将超过60%。（中国经营网）", "author": "头条新闻", "time": "头条新闻05月22日11:29 来自微博weibo.com", "transmit": 9407, "comment": 14267, "zan": 61254, "sentiment": [{"positive_prob": 0.9635, "confidence": 0.918888, "negative_prob": 0.0365003, "sentiment": 2}]}, {"text": "#任正非华为19年前差点卖给美国#【任正非：华为19年前差点卖给美国，所有手续都办好了】5月21日，任正非在华为总部接受媒体采访。他提到2000年初的时候，差点以100亿美元把华为卖给美国人，所有手续都办完了，但最后因对方董事会换届之后作罢。后来华为就为和美国在“山顶”相遇做准备。L老板联播的秒拍视频（来源：@老板联播）#华为OS操作系统#", "author": "每日经济新闻", "time": "每日经济新闻05月22日18:18 来自微博weibo.com", "transmit": 2210, "comment": 1308, "zan": 16112, "sentiment": [{"positive_prob": 0.88763, "confidence": 0.750289, "negative_prob": 0.11237, "sentiment": 2}]}, {"text": "【任正非谈两任妻子关系：她们关系融洽结婚证都是前妻帮忙办的】5月21日上午，任正非在华为总部接受梨视频等采访，他在谈到家庭时表示，我有两次婚姻，三个小孩。前妻是个叱咤风云的人，后来我跟现任太太结婚，结婚证、出生证都是前妻帮忙办的，两任太太关系融洽。L老板联播的秒拍视频​", "author": "新浪财经", "time": "新浪财经05月22日07:07 来自微博weibo.com", "transmit": 2405, "comment": 347, "zan": 11878, "sentiment": [{"positive_prob": 0.955021, "confidence": 0.900047, "negative_prob": 0.0449787, "sentiment": 2}]}, {"text": "【风向|硬汉任正非：总是在挨打，从没有倒下】2019年5G商用元年，华为再次遭遇挑战，相比此前的几次大战，愈发成熟的华为实力更加雄厚，却仍然保留着危机感。对于国内民众空前支持华为的声音，任正非保持着异常的冷静，不愿意看到华为绑架了全社会的爱国情绪。“热血沸腾、口号满天飞，最后打仗时不行也没用，最终要能打赢才是真的。”苦难给予任正非的不止是饥饿和穷苦，还有钢铁的意志和无私的品格。如今的华为前途未卜，但我们知道，任正非永远不会倒下。O硬汉任正非：总是在挨打，从没有倒下|风向", "author": "凤凰网", "time": "凤凰网05月22日22:40 来自微博weibo.com", "transmit": 504, "comment": 560, "zan": 5075, "sentiment": [{"positive_prob": 0.575782, "confidence": 0.0572944, "negative_prob": 0.424218, "sentiment": 2}]}, {"text": "【微软下架华为笔记本电脑或将中止Windows授权余承东：#华为OS操作系统#将面市】21日，据外媒，微软上周末从微软在线商店删除了华为笔记本电脑列表，甚至在微软商店中无法搜索到华为的任何硬件设备。另一方面，华为消费者业务CEO余承东透漏，华为的自研OS操作系统最快今年秋天、最晚明年春天将面市。L时间财经的秒拍视频", "author": "头条新闻", "time": "头条新闻05月22日18:15 来自微博weibo.com", "transmit": 1140, "comment": 3183, "zan": 3535, "sentiment": [{"positive_prob": 0.882294, "confidence": 0.738431, "negative_prob": 0.117706, "sentiment": 2}]}, {"text": "#华为OS操作系统#期待华为的新系统！如果好用一定买！L何凯文的微博视频​", "author": "何凯文", "time": "何凯文05月22日18:33 来自iPhoneXSMax", "transmit": 807, "comment": 658, "zan": 12732, "sentiment": [{"positive_prob": 0.916105, "confidence": 0.813566, "negative_prob": 0.0838953, "sentiment": 2}]}, {"text": "【特朗普为何这么“恨”华为？中国外交官幽默解答：它把苹果切成了碎片】特朗普为什么如此“恨”华为？一名中国外交官给出了一个“解答”方向。21日，中国驻巴基斯坦使馆临时代办赵立坚在国外社交媒体推特上，发布了一张“苹果被切成片”的照片。他开玩笑说：“突发新闻：特朗普这么痛恨一家中国民营企业的原因揭晓了。看看华为的标识。它把苹果切成了碎片……”O特朗普为何那么“恨”华为？中国外交官幽默回应", "author": "新浪财经", "time": "新浪财经05月22日07:22 来自微博weibo.com", "transmit": 1416, "comment": 522, "zan": 3124, "sentiment": [{"positive_prob": 0.0616759, "confidence": 0.862942, "negative_prob": 0.938324, "sentiment": 0}]}, {"text": "【人民日报：华为有底气和骨气，最重要的是把自己的事做好】任正非就美国的“90天临时执照”接受采访时表示，我们最重要的还是把自己能做的事做好。无论外部环境如何变化，对中国而言，关键是“收拾精神，自作主宰”。每个人、每个企业争分夺秒做好本职工作，就没有过不去的沟坎、打不赢的硬仗。O人民日报：华为有底气和骨气，最重要的是把自己的事做好", "author": "人民日报", "time": "人民日报05月22日09:36 来自微博weibo.com", "transmit": 1853, "comment": 671, "zan": 6339, "sentiment": [{"positive_prob": 0.828288, "confidence": 0.618417, "negative_prob": 0.171712, "sentiment": 2}]}, {"text": "【任正非接受央视专访透露：#5G背后有个不谈恋爱的小伙子#】任正非：俄罗斯有个科学家小伙子不会谈恋爱，只会做数学，到华为十几年，天天玩电脑，不知道干什么。之后突然说，2G到3G突破了，马上实验。我们无线电上领先爱立信，大规模占领欧洲市场，用4G、5G，我们现在很厉害，与这个小伙子的突破有关。​", "author": "央视新闻", "time": "央视新闻05月22日14:59 来自微博weibo.com", "transmit": 884, "comment": 1266, "zan": 5479, "sentiment": [{"positive_prob": 0.783663, "confidence": 0.519251, "negative_prob": 0.216337, "sentiment": 2}]}, {"text": "【任正非：华为曾差一点被卖给美国公司】任正非：我们曾经准备用100亿美金把公司卖给美国公司，卖给人家时合同也签订了，所有手续办完了，两个团队买了花衣服，大家穿着花衣服去海滩上比赛跑步、比赛打乒乓球，那个星期美国公司发生变化，新董事长否决了收购，回来讨论还卖不卖？我在我们公司是投降派、妥协派，什么事情都想让一让，少壮派激进派坚决不卖了，我就说十年之后和美国在山头上遭遇，我们肯定拼不过他们刺刀，他们爬南坡时是带着牛肉咖啡爬坡，我们带着干粮爬坡，可能到山上不如人家，我们要有思想准备，就准备了备胎计划。", "author": "央视新闻", "time": "央视新闻05月22日15:02 来自微博weibo.com", "transmit": 630, "comment": 863, "zan": 4422, "sentiment": [{"positive_prob": 0.0742547, "confidence": 0.83499, "negative_prob": 0.925745, "sentiment": 0}]}, {"text": "【王毅：美国打压华为是典型的经济霸凌行为】外交部长王毅表示，现在美国国内有一些人不希望中国有正当的发展权利，试图阻碍中国的发展进程。一个典型的例证就是，在没有任何事实依据情况下，以莫须有的罪名，动用国家力量，无端打压华为这样一家中国民营企业。这是典型的经济霸凌行为。（外交部网站）​", "author": "头条新闻", "time": "头条新闻05月22日21:10 来自微博weibo.com", "transmit": 440, "comment": 514, "zan": 2113, "sentiment": [{"positive_prob": 0.354693, "confidence": 0.211793, "negative_prob": 0.645307, "sentiment": 0}]}, {"text": "华为新系统叫“鸿蒙”。太燃了。鸿蒙即混沌，世界太元之初。已有鸿蒙，即将盘古开天地。​", "author": "风息神泪", "time": "风息神泪05月22日12:02 来自微博weibo.com", "transmit": 13846, "comment": 2078, "zan": 23500, "sentiment": [{"positive_prob": 0.692648, "confidence": 0.316995, "negative_prob": 0.307352, "sentiment": 2}]}, {"text": "【微软下架华为笔记本电脑或将中止Windows授权，余承东：#华为OS操作系统#将面市】21日，据外媒，微软上周末从微软在线商店删除了华为笔记本电脑列表，甚至在微软商店中无法搜索到华为的任何硬件设备。另一方面，华为消费者业务CEO余承东透漏，华为的自研OS操作系统最快今年秋天、最晚明年春天将面市。L时间财经的秒拍视频", "author": "Vista看天下", "time": "Vista看天下05月22日19:53 来自iPhone客户端", "transmit": 235, "comment": 665, "zan": 914, "sentiment": [{"positive_prob": 0.882239, "confidence": 0.738308, "negative_prob": 0.117761, "sentiment": 2}]}, {"text": "【#任正非谈两任妻子关系#：她们关系融洽，结婚证都是前妻帮忙办的】21日上午，任正非在华为总部接受采访，他在谈到家庭时表示：我有两次婚姻，三个小孩。前妻是个叱咤风云的人，后来我跟现任太太结婚，结婚证、出生证都是前妻帮忙办的，两任太太关系融洽。L老板联播的秒拍视频​", "author": "Vista看天下", "time": "Vista看天下05月22日11:15 来自微博weibo.com", "transmit": 217, "comment": 298, "zan": 990, "sentiment": [{"positive_prob": 0.968486, "confidence": 0.929969, "negative_prob": 0.0315141, "sentiment": 2}]}, {"text": "#任正非谈两任妻子关系#人家肩负民族大任，居然出现了这么一个热搜，还有说风凉话的！真TM服了！！！看了任总采访的全稿，任总说我们缺数学家，物理学家，工程技术人才，真心建议教育部能够跟华为合作一所研究型大学和一所职业性学校，招生采取国际化招生！！任总的境界够我们学习一辈子的！！！​", "author": "张雪峰老师", "time": "张雪峰老师05月22日10:33 来自HUAWEIMate20Pro", "transmit": 176, "comment": 477, "zan": 5145, "sentiment": [{"positive_prob": 0.897865, "confidence": 0.773032, "negative_prob": 0.102135, "sentiment": 2}]}, {"text": "【人民日报：华为有底气和骨气，最重要的是把自己的事做好】任正非就美国的“90天临时执照”接受采访时表示，我们最重要的还是把自己能做的事做好。无论外部环境如何变化，对中国而言，关键是“收拾精神，自作主宰”。每个人、每个企业争分夺秒做好本职工作，就没有过不去的沟坎、打不赢的硬仗。O人民日报：华为有底气和骨气，最重要的是把自己的事做好", "author": "人民网", "time": "人民网05月22日09:47 来自微博weibo.com", "transmit": 591, "comment": 303, "zan": 2910, "sentiment": [{"positive_prob": 0.828288, "confidence": 0.618417, "negative_prob": 0.171712, "sentiment": 2}]}, {"text": "【没有伤痕累累，哪来皮糙肉厚，英雄自古多磨难】昨天，任正非在华为总部接受采访时，有记者提到了一张伤痕累累的“烂飞机”照片：一架二战中被打得像筛子一样、浑身弹孔累累的伊尔2飞机，依然坚持飞行，终于安全返回。任正非也很喜欢这张照片，他说：“我们现在的情况就是一边飞一边修飞机，争取能够飞回来。”#任正非回应热点#", "author": "中国日报", "time": "中国日报05月22日09:28 来自微博weibo.com", "transmit": 372, "comment": 323, "zan": 1783, "sentiment": [{"positive_prob": 0.662741, "confidence": 0.250535, "negative_prob": 0.337259, "sentiment": 2}]}, {"text": "【#海康威视回应美国断供传闻#：暂时未接到消息】5月22日早间，有外媒报道#海康威视#可能遭遇美国供应商“断供”，开盘海康威视逼近跌停，对此海康威视投资者关系负责人回应记者称：“我们这边暂时没有接到消息。”此前在投资者交流会议上，海康威视相关负责人表示，“华为海思是我们很好的一个供应商，彼此也很理解对方的需求。”O网页链接", "author": "新浪财经", "time": "新浪财经05月22日10:28 来自微博weibo.com", "transmit": 240, "comment": 482, "zan": 712, "sentiment": [{"positive_prob": 0.119117, "confidence": 0.735296, "negative_prob": 0.880883, "sentiment": 0}]}, {"text": "【任正非正解“华为被禁”是与非，更多力量投入反贸易战】昨天（21日）上午，华为创始人任正非在深圳华为总部接受部分国内媒体采访，并在下午接受了中央广播电视总台记者的专访。近期，华为被美国商务部工业与安全局列入“实体名单”，随后谷歌等公司暂停了对华为的部分服务。这使得全球资本市场，特别是科技、芯片等相关的板块受到了极大的震动，华为也持续站上舆论关注的最高点。时隔4个月，再次坐到镜头前，这位75岁的老人始终面带微笑。禁令、5G、芯片，一个一个热点关键词抛出，他是如何回应的？O任正非正解“华为被禁”是与非，更多力量投入反贸易战", "author": "中国之声", "time": "中国之声05月22日10:26 来自360安全浏览器", "transmit": 57, "comment": 61, "zan": 301, "sentiment": [{"positive_prob": 0.951413, "confidence": 0.892028, "negative_prob": 0.0485872, "sentiment": 2}]}, {"text": "【@陈迪说：任正非金句为何值得点赞？】“不是用华为产品就是爱国，不用就不是爱国，不要跟政治挂钩。”任正非回应热点，网民赞誉一片；但诸多金句，又似乎只是把常识大方说出，却在当前微妙舆情下弥足珍贵。点赞之后更应深刻理解：由反全球化政治力量挑起的矛盾，不应以民族对抗或文明冲突来理解。L陈迪说的秒拍视频", "author": "新京报", "time": "新京报05月22日09:12 来自微博weibo.com", "transmit": 260, "comment": 204, "zan": 581, "sentiment": [{"positive_prob": 0.900462, "confidence": 0.778803, "negative_prob": 0.0995385, "sentiment": 2}]}, {"text": "【两万字之外还有这些独家！任正非：一个国家的强盛，是在小学教师的讲台上完成的！】5月21日下午2点30分，华为创始人、CEO任正非在华为总部接受了中央广播电视总台央视《面对面》记者董倩独家专访。在这场专访中，任正非虽然谈及了中美贸易，但更多的篇幅大谈特谈基础教育话题，4个月前，任正非首次接受国内电视媒体专访，专访记者同样是央视《面对面》记者董倩，在那场专访中，任正非特意引用了一个说法“一个国家的强盛，是在小学教师的讲台上完成的”。在5月21日的独家专访中，基础教育成了最大的关键词，央视新闻客户端梳理了剧透版《面对面》重磅内容，以飨广大关心华为及任正非的网友。（来源：中央广播电视总台央视新闻）O两万字之外还有这些独家！任正非：一个国家的强盛，是在小学教师的讲台上完成的！", "author": "中国之声", "time": "中国之声05月22日16:31 来自360安全浏览器", "transmit": 310, "comment": 45, "zan": 270, "sentiment": [{"positive_prob": 0.954127, "confidence": 0.898061, "negative_prob": 0.0458727, "sentiment": 2}]}, {"text": "【任正非：华为曾差一点被卖给美国公司】日前，任正非在接受央视专访时透露，我们曾经准备用100亿美金把公司卖给美国公司，卖给人家时合同也签订了，所有手续办完了，两个团队买了花衣服，大家穿着花衣服去海滩上比赛跑步、比赛打乒乓球，那个星期美国公司发生变化，新董事长否决了收购，回来讨论还卖不卖？我在我们公司是投降派、妥协派，什么事情都想让一让，少壮派激进派坚决不卖了，我就说十年之后和美国在山头上遭遇，我们肯定拼不过他们刺刀，他们爬南坡时是带着牛肉咖啡爬坡，我们带着干粮爬坡，可能到山上不如人家，我们要有思想准备，就准备了备胎计划。@央视新闻O任正非：华为曾差一点被卖给美国公司", "author": "新浪财经", "time": "新浪财经05月22日15:21 来自微博weibo.com", "transmit": 191, "comment": 323, "zan": 1259, "sentiment": [{"positive_prob": 0.125464, "confidence": 0.72119, "negative_prob": 0.874536, "sentiment": 0}]}, {"text": "#胡侃#美国又要向大疆无人机下手吗？如果华盛顿这样做，在打击大疆的同时，必将损害美国无人机越来越大的使用群体。美方若用这一新筹码来迫使中国向它在贸易谈判上让步，它一定又会扑空。L胡锡进的微博视频​", "author": "胡锡进", "time": "胡锡进05月22日00:15 来自微博weibo.com", "transmit": 354, "comment": 1406, "zan": 1504, "sentiment": [{"positive_prob": 0.904479, "confidence": 0.787731, "negative_prob": 0.095521, "sentiment": 2}]}, {"text": "【任正非：华为领先背后有个不会谈恋爱的俄罗斯小伙子】日前，任正非在接受央视专访时透露，俄罗斯有个科学家小伙子不会谈恋爱，只会做数学，到华为十几年，天天玩电脑，不知道干什么。之后突然说，2G到3G突破了，马上实验。我们无线电上领先爱立信，大规模占领欧洲市场，用4G、5G，我们现在很厉害，与这个小伙子的突破有关。@央视新闻O任正非：5G背后有个不谈恋爱的小伙子", "author": "新浪财经", "time": "新浪财经05月22日15:17 来自微博weibo.com", "transmit": 263, "comment": 414, "zan": 1023, "sentiment": [{"positive_prob": 0.772906, "confidence": 0.495347, "negative_prob": 0.227094, "sentiment": 2}]}, {"text": "【痛的不只是华为，这家西方公司卡住中国芯片的脖子】任正非的硬气，要归功于华为的未雨绸缪，更得益于中国芯片从设计、制造，再到封测的集体崛起。中国芯片的进步有目共睹，但是，制造芯片的机器——光刻机仍然被卡住了脖子。生产光刻机的霸主是ASML，这家荷兰公司又被称为“西方集体企业”。分析ASML的发家史，有助于我们理解芯片行业。O痛的不只是华为，这家西方公司卡住中国芯片的脖子", "author": "新财富杂志", "time": "新财富杂志05月22日19:35 来自微博weibo.com", "transmit": 483, "comment": 1011, "zan": 1720, "sentiment": [{"positive_prob": 0.266528, "confidence": 0.407714, "negative_prob": 0.733472, "sentiment": 0}]}, {"text": "【社评：华为团队的心胸比美国执政团队大多了】中国人常说邪不压正，现在美国政府搞的这一套，就是典型的邪。美方手里有一些优势，就不可一世了，历史的垃圾箱里有太多这样的教训。霸权政治、奸商政治都有害于超级大国的持久兴旺，或许美国的历史太短了，西方近代史也缺少曲折，华盛顿与东方打交道时，它有必要在双方不成比例且南辕北辙的历史经验之间拓展自己的思维方式。O社评：华为团队的心胸比美国执政团队大多了", "author": "环球时报", "time": "环球时报05月22日10:10 来自微博weibo.com", "transmit": 139, "comment": 303, "zan": 739, "sentiment": [{"positive_prob": 0.259642, "confidence": 0.423017, "negative_prob": 0.740358, "sentiment": 0}]}, {"text": "【日本两大运营商延期发售华为P30新机】今天下午，日本两大通信运营商KDDI和软银先后表示将延期发售新款华为P30系列合约机。另一大运营商NTTdocomo正讨论是否要暂停华为新机的预约。《日本经济新闻》称，日本国内三大运营商均中止发售华为机型，实属罕见。软银方面的回应是“今后是否还能安心地向消费者销售（华为机型），目前正确认相关影响。所以决定发售延期”。KDDI则表示，目前正确认本次事件经过和影响范围。当前获得信息还不足以做出可以发售的决定。（观察者网）O日本两大运营商宣布延期发售华为P30系列合约机", "author": "环球时报", "time": "环球时报05月22日20:10 来自微博weibo.com", "transmit": 118, "comment": 412, "zan": 235, "sentiment": [{"positive_prob": 0.927637, "confidence": 0.839194, "negative_prob": 0.0723629, "sentiment": 2}]}, {"text": "【一周团团微博热榜：这首MV里有青春的模样】①燃！华为海思总裁凌晨致信员工：多年备胎一夜转“正”，今后要科技自立！​​​​②南京大屠杀历史又添新证！珍贵胶片记录日军轰炸上海和南京画面。历史永远不能忘！③乾坤未定，你我皆是黑马。高考在即，分秒必争#青春的声音#​", "author": "共青团中央", "time": "共青团中央05月22日18:35 来自vivoX274800万三摄", "transmit": 239, "comment": 218, "zan": 2150, "sentiment": [{"positive_prob": 0.968339, "confidence": 0.929642, "negative_prob": 0.0316612, "sentiment": 2}]}, {"text": "#华为OS操作系统#【华为OS半揭面纱，国产操作系统需走出陪跑队列】5月21日晚间，有消息称，最快今年秋天，最晚明年春天，华为自己的OS将可能面市，华为的OS打通了手机、电脑、平板、电视、汽车、智能穿戴，统一成一个操作系统，同时还兼容全部安卓应用和所有Web应用。华为消费者业务CEO余承东22日对记者确认了上述消息。O华为OS半揭面纱，国产操作系统需走出陪跑队列", "author": "每日经济新闻", "time": "每日经济新闻05月22日23:42 来自微博weibo.com", "transmit": 101, "comment": 86, "zan": 573, "sentiment": [{"positive_prob": 0.843526, "confidence": 0.652279, "negative_prob": 0.156474, "sentiment": 2}]}, {"text": "看了任正非采访全文实录，我觉得他的内容可以归纳为以下几点：1、格局。即便华为遭受了美国有史以来的高强度对抗，甚至他的女儿都被逮捕了，他仍然表示要跟美国企业合作，感谢美国企业30年来的帮助，并在对抗中寻求解决办法，要共同建设人类信息社会云云。这个格局不可谓不高。2、自信。美国政府给了90天的临时期限，任总表示不需要，并表示美国的禁令对华为不会产生实质性影响，增长可能会减缓，但是还会持续，不会变成负增长。这是自信。任你刀劈斧砍、山呼海啸，我自岿然不动，面对世界第一强国举全国之力，针对一个企业，企业领导人表示云淡风轻，这种自信不是一般人可以做到。3、理想。任总表示当年做华为，艰苦创业，只是为了理想，让人敬佩。这种理想，在现代社会很欠缺。我们现在的社会太浮躁，很多人已经忘却理想，但事实上，如果你坚持理想，做好一件事，你也终将能够成功。4、胸怀。华为已经遭受如此劫难，却仍然表示家人在用苹果，苹果也是一个好产品，不怂恿大家因为爱国而去买华为。要知道，在手机领域，华为和苹果是存在竞争关系的。当你全面遭受对手恶意制裁时，仍然不卑不亢，甚至在夸对手的优点，这是胸怀。5、远见。任正非早早就预料到了会和美国发生竞争关系，并且早早作了准备，这是远见。华为曾经一度想卖给一家美国企业，避免这种竞争冲突关系，让华为在“牛仔帽”之下工作，但是被收购方在最后时刻拒了。我觉得，命运有时很捉弄人，正因为这份拒绝，才成就了今天这样一个纯中国的民族品牌。6、智慧。任正非提出人才才是根本，这是智慧。华为去给全世界各地的科学家投资科研项目，并通过这些项目反哺华为，让华为得以在高科技领域不断发展壮大，非常了不起。这跟葛大爷说的，21世纪什么最贵？人才，一脉相承。能真正做到尊重人才、重视人才、投资人才的企业，不多。7、大度。华为通过持股方式，让员工普遍享受公司发展带来的红利，而任正非自己的股份只有1%多一点，这是大度。给团队成员分享利益，是团队发展壮大的根本之道。历史上，刘邦懂这个道理，所以得了天下。在现在，华为、阿里等企业，都有完善的员工持股激励，创始人让利并缩小自己的份额，所以这些企业都做大了。看了对任正非的访谈，你可以理解，为什么华为能够在短短30年间，做到如此之大。当然，对于有的话题针对任正非两任妻子的挖掘，我觉得纯属蛇精病。最后说一句，前两天我们家也正好买了一个华为手机，不是为了爱国，而是纯粹觉得华为挺好用的。当然，如果你因为爱国而买华为手机，我觉得也没什么不妥。如果一件产品，既好用，又能满足爱国情怀，何乐不为。给大家截个图，证明一下#任正非回应热点#", "author": "皇城根下刀笔吏", "time": "皇城根下刀笔吏05月22日10:55 来自HUAWEIMate10", "transmit": 1480, "comment": 542, "zan": 6178, "sentiment": [{"positive_prob": 0.949582, "confidence": 0.88796, "negative_prob": 0.0504178, "sentiment": 2}]}]