[{"text": "明星偷税吸毒被原谅，袁隆平买华为手机却被羞辱，这才是时代最大的悲哀！​", "author": "笑部长", "time": "笑部长08月20日17:03 来自即刻笔记", "transmit": 1820, "comment": 2052, "zan": 26315, "sentiment": [{"positive_prob": 0.237656, "confidence": 0.471876, "negative_prob": 0.762344, "sentiment": 0}]}, {"text": "【#华为回应美国延长实体清单#再次证明该决定与美国国家安全毫无关系】针对美国商务部延期“临时通用许可证”，华为公司回应：华为反对美国商务部将另外46家华为实体列入实体清单。美国选择在这个时间点做出这个决定，再次证明该决定是政治驱动的结果，与美国国家安全毫无关系。（央视记者孙蓟潍）​", "author": "央视新闻", "time": "央视新闻08月20日08:30 来自微博weibo.com", "transmit": 416, "comment": 515, "zan": 6961, "sentiment": [{"positive_prob": 0.259183, "confidence": 0.424037, "negative_prob": 0.740817, "sentiment": 0}]}, {"text": "明星偷税吸毒被原谅，袁隆平买华为手机却被羞辱，这才是时代最大的悲哀！  cr南木大叔​", "author": "大叔神吐槽", "time": "大叔神吐槽08月20日13:22 来自即刻笔记", "transmit": 381, "comment": 353, "zan": 4785, "sentiment": [{"positive_prob": 0.261266, "confidence": 0.419408, "negative_prob": 0.738734, "sentiment": 0}]}, {"text": "【首届中国国家公园论坛举办，#未来影像#带你看见可可西里的生命模样】可可西里作为中国面积最大、海拔最高的自然遗产地，是明年建成的三江源国家公园中重要的自然保护区。青海可可西里申遗特邀摄影师顾莹用华为手机拍摄了这组可可西里的珍贵影像，让大众能提前目睹世界第三极的美丽生灵。​​​​", "author": "中国日报", "time": "中国日报08月20日13:43 来自微博weibo.com", "transmit": 121, "comment": 105, "zan": 225, "sentiment": [{"positive_prob": 0.99303, "confidence": 0.984512, "negative_prob": 0.00696972, "sentiment": 2}]}, {"text": "【#未来影像#带你去看可可西里的生命模样】近日，首届中国国家公园论坛上，不仅宣布三江源国家公园将于明年建成，还发布了一套《可可西里》特种邮资片@中国邮政，其中这张中国特有植物”紫花黄耆“还是由#华为P30#Pro手机拍摄！相信国家公园开放后，大众会有更多机会用手机拍出这样的自然之美。@华为终端官方微博", "author": "中国新闻周刊", "time": "中国新闻周刊08月20日13:45 来自微博weibo.com", "transmit": 59, "comment": 61, "zan": 228, "sentiment": [{"positive_prob": 0.985006, "confidence": 0.966679, "negative_prob": 0.0149943, "sentiment": 2}]}, {"text": "【#日本三大运营商重启华为手机销售#】日本最大移动通信运营商都科摩公司20日宣布，将从21日开始接受华为P30Pro智能手机的预订。至此，日本三大运营商均已重启销售华为手机。O日本三大运营商重启华为手机销售​", "author": "新浪科技", "time": "新浪科技08月20日23:26 来自专业版微博", "transmit": 40, "comment": 165, "zan": 3083, "sentiment": [{"positive_prob": 0.893608, "confidence": 0.763573, "negative_prob": 0.106392, "sentiment": 2}]}, {"text": "【#国报微评#民族企业何时不在乎被人卡脖子】#美国商务部延期临时通用许可证#，这依然是对华为的不公正待遇，背后也是民族企业无尽的心酸。华为是民族企业中的佼佼者，在关键元件上却被美国人一再卡脖子，这是中国面临的不利现实，是这一代中国人无论如何也要改变的！民族企业要壮大、民族要复兴，不能依靠他国的“善意”，而只能靠自己，这是我们从华为事件中学到的教训，值得永远铭记。#华为针对临时通用许可证发布声明#(评论员张周项)", "author": "中国日报", "time": "中国日报08月20日09:25 来自微博weibo.com", "transmit": 66, "comment": 150, "zan": 2350, "sentiment": [{"positive_prob": 0.116943, "confidence": 0.740128, "negative_prob": 0.883057, "sentiment": 0}]}, {"text": "#华为回应美国延长实体清单#【华为回应美国将“临时通用许可证”延期90天】8月19日晚间，华为发布关于美国商务部延期“临时通用许可证”的媒体声明称，美国政府发布的延期临时许可，没有改变华为被不公正对待的事实。华为反对美国商务部将另外46家华为实体列入实体清单。美国选择在这个时间点做出这个决定，再次证明该决定是政治驱动的结果，与美国国家安全毫无关系，这种做法违反市场经济的自由竞争原则，不会使任何一方从中受益，包括美国公司在内。我们呼吁美国政府停止对华为的不公正对待，将华为移出实体清单。O美国商务部将“临时通用许可证”延期90天华为回应", "author": "中国新闻网", "time": "中国新闻网08月20日08:48 来自专业版微博", "transmit": 75, "comment": 140, "zan": 2020, "sentiment": [{"positive_prob": 0.10507, "confidence": 0.766512, "negative_prob": 0.89493, "sentiment": 0}]}, {"text": "#华为回应美国延长实体清单##华为针对临时通用许可证发布声明#你换手机打算买哪个品牌？为什么？你下一个手机打算买哪个品牌？​", "author": "制杖妹", "time": "制杖妹08月20日07:36", "transmit": 134, "comment": 1278, "zan": 50167, "sentiment": [{"positive_prob": 0.588018, "confidence": 0.0844846, "negative_prob": 0.411982, "sentiment": 2}]}, {"text": "来几张公园里拍的#深圳社会主义先行示范区#的照片，风景这边独好，社会主义优越性和对岸资本主义民主自由形成鲜明对比。深圳本土手机，华为mate20pro作品，手机拍照，将就看看。鸣谢作者:#深圳人民#W小静天下之事​", "author": "深圳小天", "time": "深圳小天08月20日20:26 来自天下之事超话", "transmit": 84, "comment": 196, "zan": 1172, "sentiment": [{"positive_prob": 0.956116, "confidence": 0.902479, "negative_prob": 0.0438844, "sentiment": 2}]}, {"text": "【美商务部决定再次推迟部分对华为的交易禁令】美国商务部19日决定将一项“临时通用许可”延长90天，再次推迟针对华为及其附属公司现有在美产品和服务所实施的交易禁令，以避免禁令对美国消费者造成不利影响。@新华网​", "author": "新京报", "time": "新京报08月20日08:23 来自微博weibo.com", "transmit": 57, "comment": 226, "zan": 2515, "sentiment": [{"positive_prob": 0.474662, "confidence": 0.493237, "negative_prob": 0.525338, "sentiment": 1}]}, {"text": "【#华为回应美延长实体清单#再次证明该决定与美国国家安全毫无关系】针对美国商务部延期“临时通用许可证”，华为公司回应：华为反对美国商务部将另外46家华为实体列入实体清单。美国选择在这个时间点做出这个决定，再次证明该决定是政治驱动的结果，与美国国家安全毫无关系。（央视）​", "author": "人民网", "time": "人民网08月20日08:45 来自人民网微博", "transmit": 58, "comment": 70, "zan": 549, "sentiment": [{"positive_prob": 0.308887, "confidence": 0.313585, "negative_prob": 0.691113, "sentiment": 0}]}, {"text": "【#华为回应美国延长实体清单#再次证明该决定与美国国家安全毫无关系】针对美国商务部延期“临时通用许可证”，华为公司回应：华为反对美国商务部将另外46家华为实体列入实体清单。美国选择在这个时间点做出这个决定，再次证明该决定是政治驱动的结果，与美国国家安全毫无关系。@央视新闻#华为针对临时通用许可证发布声明#O华为回应美延长实体清单再次证明与美国家安全无关", "author": "新浪财经", "time": "新浪财经08月20日08:40 来自微博weibo.com", "transmit": 42, "comment": 19, "zan": 1551, "sentiment": [{"positive_prob": 0.298232, "confidence": 0.337263, "negative_prob": 0.701768, "sentiment": 0}]}, {"text": "高低切换可以借助板块指数和880001或者上证比较比如图一的华为概念，马上就要创新高了，属于独立走势。图二的5G板块正在已经填掉了缺口。TMT50\\TMT150这种应用层，正在跟进。看官连起来看，就会明白了5G领军企业供应链最好，5G板块其次，5G应用正在跟进。从更模糊的标准上看，市场一直是有效的。​", "author": "唐史主任司马迁", "time": "唐史主任司马迁08月20日10:03 来自360安全浏览器", "transmit": 102, "comment": 26, "zan": 839, "sentiment": [{"positive_prob": 0.402297, "confidence": 0.106006, "negative_prob": 0.597703, "sentiment": 0}]}, {"text": "【华为：反对美国商务部将另外46家华为实体列入“实体名单”】新华社深圳8月19日电（记者白瑜）华为公司19日晚发布媒体声明，称反对美国商务部将另外46家华为实体列入“实体名单”，呼吁美国政府停止对华为的不公正对待，将华为移出“实体名单”。　　8月19日晚间，美国商务部宣布将对华为的临时采购许可证延长90天，并决定将会把46家华为附属公司加入“实体名单”。针对这一表态，华为公司发布媒体声明称，“华为反对美国商务部将另外46家华为实体列入‘实体名单’。美国选择在这个时间点做出这个决定，再次证明该决定是政治驱动的结果，与美国国家安全毫无关系，这种做法违反市场经济的自由竞争原则，不会使任何一方从中受益，包括美国公司在内。美国也不会通过打压华为获得技术领先的地位。我们呼吁美国政府停止对华为的不公正对待，将华为移出‘实体名单’。”　　华为表示，美国政府今天发布的延期临时许可，没有改变华为被不公正对待的事实。不管临时许可延期与否，华为经营受到的实质性影响有限，我们会继续聚焦做好自己的产品，服务于全球客户。", "author": "新华视点", "time": "新华视点08月20日00:33 来自新华全媒平台", "transmit": 108, "comment": 72, "zan": 250, "sentiment": [{"positive_prob": 0.0942883, "confidence": 0.79047, "negative_prob": 0.905712, "sentiment": 0}]}, {"text": "【人民日报海外版刊评：华为独立自主成就辉煌】改革开放到今天，中国社会飞速发展，社会财富迅速聚集。在这样的快节奏发展中，赚快钱变成了一些人的选择。殊不知，现在为了赚快钱而不练内功，最终会丧失长远竞争力。不谋全局者不足谋一域，不谋万世者不足谋一时。做事不能只顾眼前，要想长远发展逐步强大，就应该舍小利而顾大局，目放长远，夯实内功，厚积薄发。只有这样，才能在真正的机遇来临时抓住机遇，一飞冲天。华为在5G时代抢得先机，便是很好的证明。O人民日报海外版刊评：华为独立自主成就辉煌", "author": "新浪财经", "time": "新浪财经08月20日08:00 来自微博weibo.com", "transmit": 80, "comment": 63, "zan": 459, "sentiment": [{"positive_prob": 0.170355, "confidence": 0.621432, "negative_prob": 0.829645, "sentiment": 0}]}, {"text": "#美商务部再推迟部分对华为交易禁令#马上要到来的折叠屏手机，你最看好哪个牌子？马上要到来的折叠屏手机，你最看好哪个牌子？#江一燕白色系秋游穿搭##Supreme将推出3G功能手机#​", "author": "环球纪录频道", "time": "环球纪录频道08月20日11:15 来自iPhone客户端", "transmit": 115, "comment": 29, "zan": 5300, "sentiment": [{"positive_prob": 0.940799, "confidence": 0.868441, "negative_prob": 0.0592015, "sentiment": 2}]}, {"text": "【#又一家英国通讯商使用华为设备#开启5G服务】当地时间周一，继EE和Vodafone后，英国通讯运营商ThreeUK于19日正式开通5G服务。据悉，ThreeUK在第一阶段推出的5G服务仅包括家用5G宽带，目前将在伦敦范围内使用华为5GCPEPro移动路由装置提供服务。ThreeUK首席执行官戴夫·戴森表示，5G网络将彻底改变家用宽带，它的简易性和高速连接是未来“互联家居”的关键所在。（视频杨易林）L中报视频的秒拍视频", "author": "中国日报", "time": "中国日报08月20日23:14 来自搜狗高速浏览器", "transmit": 33, "comment": 24, "zan": 324, "sentiment": [{"positive_prob": 0.981376, "confidence": 0.958613, "negative_prob": 0.0186243, "sentiment": 2}]}, {"text": "【#华为回应美国延长实体清单#再次证明该决定与美国国家安全毫无关系】针对美国商务部延期“临时通用许可证”，华为公司回应：华为反对美国商务部将另外46家华为实体列入实体清单。美国选择在这个时间点做出这个决定，再次证明该决定是政治驱动的结果，与美国国家安全毫无关系。@央视新闻​", "author": "头条新闻", "time": "头条新闻08月20日08:34 来自微博weibo.com", "transmit": 57, "comment": 119, "zan": 554, "sentiment": [{"positive_prob": 0.212423, "confidence": 0.527949, "negative_prob": 0.787577, "sentiment": 0}]}, {"text": "华为公司总裁任正非近日表示：“华为至少有两个系统对英国有（巨大）贡献，第一，华为在十几年前支持了英国ARM公司，当时ARM是非常小的公司，直到前几年330亿美元卖给日本软银，英国、欧洲有了CPU，第二，华为在英国剑桥买了几千亩土地建光芯片工厂，这是世界最领先的工厂。”上面任总提到的第一点，就是我本人四年前专门强调的（原文如图，写于2015年），ARM虽然提供芯片架构和指令集给华为研发芯片，但是不代表华为就依赖它，ARM其实就是一个傀儡，靠华为这些巨头给它面子，把它撑起来的，美国断供华为，ARM却竟然听美国的话，试图断供华为（日本孙正义那家伙干的坏事），正好，华为自己研发的芯片架构其实比ARM强的多，如果ARM不让华为用，华为完全用自己的架构和指令集，我看欧洲，英国在芯片产业上仅有的这一点家底，也得完蛋，还有日本孙正义投出去的钱，都得完蛋！英国和ARM不信可以试试！", "author": "信通小熊猫", "time": "信通小熊猫08月20日21:18 来自微博HTML5版", "transmit": 51, "comment": 177, "zan": 692, "sentiment": [{"positive_prob": 0.975426, "confidence": 0.945391, "negative_prob": 0.0245742, "sentiment": 2}]}, {"text": "抖森Betrayal|BernardBJacobsTheatre啊啊啊啊啊啊抖森啊终于见到本人了本人超级nice的但是我怂了不敢讲话🙃羡慕隔壁拿着华为的姐妹画质看起来就好很多🍎辣鸡​", "author": "不拉不拉不拉哼", "time": "不拉不拉不拉哼08月20日16:38 来自抖森超话", "transmit": 62, "comment": 41, "zan": 161, "sentiment": [{"positive_prob": 0.719893, "confidence": 0.37754, "negative_prob": 0.280107, "sentiment": 2}]}, {"text": "今天吃午饭时邻桌有个老头说总有一天华为要反攻进入美国。而且还说的头头是道，真佩服这些人，都当自己是任正非呢！​", "author": "洱海弥", "time": "洱海弥08月20日13:16 来自Weibo.intl", "transmit": 65, "comment": 259, "zan": 3381, "sentiment": [{"positive_prob": 0.162199, "confidence": 0.639558, "negative_prob": 0.837801, "sentiment": 0}]}, {"text": "【华为：延期临时许可没有改变其被不公正对待的事实】8月19日晚间，华为针对#美国商务部延期“临时通用许可证”#做出声明，表示反对美国商务部将另外46家华为实体列入实体清单。“美国选择在这个时间点做出这个决定，再次证明该决定是政治驱动的结果，与美国国家安全毫无关系。”华为呼吁美国政府停止对华为的不公正对待，将华为移出实体清单。同时华为表示美国政府发布的延期临时许可没有改变其被不公正对待的事实。不管临时许可延期与否，华为经营受到的实质性影响有限，将继续聚焦做好自己的产品，服务于全球客户。（记者马思）", "author": "中国日报", "time": "中国日报08月20日07:55 来自微博weibo.com", "transmit": 25, "comment": 38, "zan": 269, "sentiment": [{"positive_prob": 0.0349443, "confidence": 0.922346, "negative_prob": 0.965056, "sentiment": 0}]}, {"text": "#华为回应美国延期临时许可#【华为回应美国商务部延期“临时许可”：没有改变不公正对待事实】华为称：反对美国商务部将另外46家华为实体列入实体清单。美国选择在这个时间点做出这个决定，再次证明该决定是政治驱动的结果，与美国国家安全毫无关系，这种做法违反市场经济的自由竞争原则，不会使任何一方从中受益，包括美国公司在内。美国也不会通过打压华为获得技术领先的地位。我们呼吁美国政府停止对华为的不公正对待，将华为移出实体清单。华为认为，美国政府今天（19日）发布的延期临时许可，没有改变华为被不公正对待的事实。不管临时许可延期与否，华为经营受到的实质性影响有限，我们会继续聚焦做好自己的产品，服务于全球客户。O华为回应美国商务部延期“临时许可”：没有改变不公正对待事实#美或将华为临时许可延期90天#", "author": "每日经济新闻", "time": "每日经济新闻08月20日05:25 来自微博weibo.com", "transmit": 31, "comment": 16, "zan": 126, "sentiment": [{"positive_prob": 0.126562, "confidence": 0.718752, "negative_prob": 0.873438, "sentiment": 0}]}, {"text": "【送华为畅享9plus】过去一年里，#华为智能助手#已成为重要的流量入口：用户数增长183%，月活增长161%。华为智能助手将服务聚焦到生活的每一个场景，通过“1+8+N”的全智能场景覆盖，实现全场景无缝体验，达到“让服务找人更精准，让人找服务更便捷”的极致体验。右滑一下，让你的生活#高效一步直达#！关注@IT科技侠转发并评论，8月31日抽1位小可爱送出华为畅享9PLUS手机1台。@微博抽奖平台L华为终端云服务的秒拍视频）O抽奖详情", "author": "IT科技侠", "time": "IT科技侠08月20日14:07 来自微博weibo.com", "transmit": 1964, "comment": 2014, "zan": 843, "sentiment": [{"positive_prob": 0.971547, "confidence": 0.936772, "negative_prob": 0.0284527, "sentiment": 2}]}, {"text": "【美商务部决定再次推迟部分对华为的交易禁令】美国商务部19日决定将一项“临时通用许可”延长90天，再次推迟针对华为及其附属公司现有在美产品和服务所实施的交易禁令，以避免禁令对美国消费者造成不利影响。　　美国商务部当天发表声明说，自8月19日起的90天内，获得“临时通用许可”的美国企业可向华为及其非美国附属公司出口、再出口和转让“特定”和“有限的”产品或技术。　　美国商务部5月15日将华为及其68家附属公司列入实体清单；5月20日发布一项为期90天的“临时通用许可”，允许华为及其附属公司从事“特定活动”，以保证美国现有相关网络的持续运营，为美国现有的相关移动服务提供支持。　　声明说，延长“临时通用许可”是为了让美国消费者有更多的适应时间。美国商务部部长威尔伯·罗斯在声明中说，“我们认识到有必要给予更多时间以避免混乱”。　　声明说，“临时通用许可”之外的出口、再出口和在美国国内进行的产品或技术转让仍须获得美国商务部下属工业和安全局颁发的有关许可，而默认审查状态为否决。　　美国商务部还在声明中说，将另外46家华为附属公司列入实体清单，这个决定自8月19日起生效。　　中国外交部发言人北京时间19日表示，希望美方“停止对华为等中国企业的无理打压和制裁，以公平、公正、非歧视方式对待中国企业”。", "author": "新华网", "time": "新华网08月20日08:22 来自微博weibo.com", "transmit": 46, "comment": 24, "zan": 99, "sentiment": [{"positive_prob": 0.878426, "confidence": 0.729835, "negative_prob": 0.121574, "sentiment": 2}]}, {"text": "这一事实是“奴隶心态”带来的结果——一方面，部分香港人认为自己优于内地人，另一方面则自认自己低西方人一等。例如，我的文章《脱欧解释了为什么英国在香港问题上挑衅及开始对华为》发表引发热议后，随后一位香港爱国者发表了题为《一位香港市民致信观察者网：儿子一句话让我忧心忡忡》的文章。我从这篇文章得知，这位作者的儿子——一位年轻人更喜欢看我的英文原文——显然，用英文发表的东西被认为比用中文发表的东西更好。O罗思义：香港发生的一切，勾起了我亲历的一段“苏联往事”", "author": "JohnRoss431", "time": "JohnRoss43108月20日10:09 来自微博weibo.com", "transmit": 339, "comment": 72, "zan": 512, "sentiment": [{"positive_prob": 0.822197, "confidence": 0.604882, "negative_prob": 0.177803, "sentiment": 2}]}, {"text": "#华为回应美国延长实体清单#感谢特朗普让世界知道了中国有个华为。L金箍棒看天下的微博视频​", "author": "金箍棒看天下", "time": "金箍棒看天下08月20日08:38", "transmit": 60, "comment": 48, "zan": 1042, "sentiment": [{"positive_prob": 0.964811, "confidence": 0.921802, "negative_prob": 0.0351893, "sentiment": 2}]}, {"text": "华为这个90天延期，时间窗口就到11月份了。实际上，在华为的核心供应商解禁之前，这个延期的实际效果并不大。如果90天后还没有有效解禁，那么华为的供应链可能已经大部调整到PLANB上了。尤其是在这次把子公司都加到名单上去后。华为到底能不能稳住下半年和来年的发展，看看华为链的出货就明白了。比如昨天出报表的振子，增幅就达到300%，这还是初始阶段的放量速度。广电系统昨天发了文，要加速高清这块的推动。从目前看，一方面是广电系股价比较低，另一方面4-8K高清的设备层还没怎么炒。两者之间如果做得好，可以形成必要的呼应。当然逻辑上是先设备后内容生态。这条线如果发动的时机好，可以对冲掉深圳本地股分化带来的负面影响。至于说细分线上，散热、射频、振子这种都比较贵了。但是功率器件、PI、解码、各种衬底、光器件等等，都还有低位的。挖一挖，拿低位的最多不赚钱赚个认知，追高位的除非是右侧趋势高手，否则以周为单位来看，被割概率很大。", "author": "唐史主任司马迁", "time": "唐史主任司马迁08月20日08:32 来自360安全浏览器", "transmit": 172, "comment": 102, "zan": 1324, "sentiment": [{"positive_prob": 0.0208254, "confidence": 0.953721, "negative_prob": 0.979175, "sentiment": 0}]}, {"text": "【“摆脱”对华为设备依赖？美农村电信公司：没钱换】8月19日，美国商务部宣布延长华为“临时通用许可证”90天。商务部长罗斯称，暂缓“禁令”给了美国农村电信公司更多的时间来“摆脱”对华为设备的依赖。然而，美国农村电信公司则表示，他们没钱用其他供应商的昂贵设备来替换现有华为设备；不仅缺钱，这些企业在农村还找不到工人“干这些活儿”。O90天过去，没有一家美国农村电信拆华为设备", "author": "观察者网", "time": "观察者网08月20日14:07 来自专业版微博", "transmit": 126, "comment": 183, "zan": 2610, "sentiment": [{"positive_prob": 0.0521321, "confidence": 0.884151, "negative_prob": 0.947868, "sentiment": 0}]}]