[{"text": "3Bangz新歌diss易烊千玺王俊凯粉丝易烊千玺粉丝帅哥最近怎么被到处碰瓷大家一起多关注我们弟弟的作品吧不如期待一下我们弟弟的电影少年的你易烊千玺，yyqx，四字弟弟，四字，yyqx华为，yyqx野兽派，yyqx纪梵希，四字弟弟帅，四字弟弟电影，yyqx粉丝，yyqx雕塑#易烊千玺世间少年当如你##新岁千喜，诸事顺易#L烊是的念来过倒的秒拍视频", "author": "烊是的念来过倒", "time": "烊是的念来过倒01月31日08:14 来自HUAWEInova3", "transmit": 1503, "comment": 911, "zan": 3675, "sentiment": [{"positive_prob": 0.968907, "confidence": 0.930905, "negative_prob": 0.0310929, "sentiment": 2}]}, {"text": "#华为每季度向高通支付1.5亿美元#牢牢掌握知识产权是多么的重要，我们的华为每季度都要给美国高通支付1.5亿美金的技术许可费。何时我们自己转换角色L金刀王的微博视频​", "author": "金刀王", "time": "金刀王01月31日15:14 来自微博视频", "transmit": 232, "comment": 1111, "zan": 1620, "sentiment": [{"positive_prob": 0.933197, "confidence": 0.85155, "negative_prob": 0.0668025, "sentiment": 2}]}, {"text": "【对于中国的律师和公众而言，华为被控案的一个看点是：在美国政府作为原告起诉外国公司犯罪时，美国律师是如何对抗自己的政府，而帮助外国被告的。以及美国人民会不会网上骂美国律师卖国和“美奸”】法庭记录显示，两家华为单位已经聘请了几名律师，包括美国司法部前副总检察长JimCole，他是盛德奥斯汀律师事务所的合伙人；前司法部律师DavidBitkower，他是Jenner＆Block的合伙人；前联邦检察官RobertWestinghouse，他是YarmuthLLP的合伙人；以及Steptoe＆JohnsonLLP的两名律师。O华为美国辩护律师团强大阵容曝光", "author": "陈有西", "time": "陈有西01月31日13:47 来自iPhone客户端", "transmit": 462, "comment": 328, "zan": 447, "sentiment": [{"positive_prob": 0.770579, "confidence": 0.490176, "negative_prob": 0.229421, "sentiment": 2}]}, {"text": "【加媒：加政府正考虑向中国派特使以缓解双方紧张状况】“加拿大确实面临与中国关系的挑战性局面”，加拿大外长弗里兰在29日的内阁会议结束后称。加拿大广播公司网站30日发文称，美国发出对华为高管孟晚舟的引渡申请后，“加拿大的路越来越窄”。多家加媒29日提到，在驻华大使麦家廉被解职的背景下，加拿大政府正考虑是否指派特别代表赴中国缓解紧张状况，被提及的名字包括加前总理克雷蒂安。O加媒：加政府正考虑向中国派特使以缓解双方紧张状况", "author": "环球网", "time": "环球网01月31日08:31 来自微博weibo.com", "transmit": 102, "comment": 226, "zan": 214, "sentiment": [{"positive_prob": 0.295469, "confidence": 0.343401, "negative_prob": 0.704531, "sentiment": 0}]}, {"text": "易烊千玺期待长安十二时辰！演员易烊千玺一定会让你眼前一亮的！【净化】易烊千玺中戏，易烊千玺中戏第一，yyqx帅，四字弟弟，易烊千玺nova，易烊千玺华为，易烊千玺野兽派，易烊千玺阿迪，易烊千玺好爸爸，易烊千玺沙宣,易烊千玺bv,易烊千玺BottegaVeneta葆蝶家​​​易烊千玺yyqx四字帅K恒温动物天猫首位代言人华为nova全球代言人舞台王者编舞大神顶级流量全能偶像易烊千玺yyqx四字中戏大佬四字弟弟李泌艳势番阿易易队长千千烊烊小千长安十二时辰大家今天也要开心！也要加油嗷图cr", "author": "北欧十度以内的气温", "time": "北欧十度以内的气温01月31日01:11 来自易烊千玺超话", "transmit": 245, "comment": 66, "zan": 165, "sentiment": [{"positive_prob": 0.946975, "confidence": 0.882167, "negative_prob": 0.0530246, "sentiment": 2}]}, {"text": "美帝十月中选挖的坑又快填平了，以下是我对整过过程的观察日记。也是我对美帝经济的一直的分析框架这就是川大爷，这个过程中，川大爷，及其博弈对象，鲍威尔、佩洛西、原油、华为、中国的贸易谈判团队，川爷赢了几局，或还是对象都成了盘子中的“菜”了🐷君共复盘来龙去脉可在「刘煜辉宏观」去寻O网页链接", "author": "刘煜辉lyhfhtx", "time": "刘煜辉lyhfhtx01月31日08:15 来自iPhoneX", "transmit": 111, "comment": 26, "zan": 130, "sentiment": [{"positive_prob": 0.724065, "confidence": 0.38681, "negative_prob": 0.275935, "sentiment": 2}]}, {"text": "手机镜头里的北京摄影：@lwelweself设备：华为P20pro+right镜头#小手机大世界##恋上冬日#​", "author": "手机摄影", "time": "手机摄影01月31日16:18 来自HUAWEIMate20X", "transmit": 12, "comment": 24, "zan": 99, "sentiment": [{"positive_prob": 0.893909, "confidence": 0.764242, "negative_prob": 0.106091, "sentiment": 2}]}, {"text": "最遥远的距离不是买不到票回家，而是回家路上手机却没电了。春运人山人海，用上“十八般武艺”才能为手机充上一会电……别慌！#华为Mate20#Pro4200mAh大容量电池，归途持久续航。关注+带#华为Mate20#话题，转评聊聊回家途中你用过图中哪些招式，由@微博抽奖平台随机抽送华为备咖存储3个。​", "author": "华为终端公司", "time": "华为终端公司01月31日11:34 来自微博weibo.com", "transmit": 690, "comment": 810, "zan": 777, "sentiment": [{"positive_prob": 0.437768, "confidence": 0.027183, "negative_prob": 0.562232, "sentiment": 0}]}, {"text": "成都高新西区——英特尔、京东方、格罗方德、华为成研院、TCL、成都高新综保区、电子科技大学清水河校区……#高新地标#​​​", "author": "成都高新", "time": "成都高新01月31日09:17", "transmit": 60, "comment": 58, "zan": 6, "sentiment": [{"positive_prob": 0.862771, "confidence": 0.695047, "negative_prob": 0.137229, "sentiment": 2}]}, {"text": "高通华为暂和解：华为每季度向高通支付1.5亿美元高通宣布与华为就专利和授权问题达成临时协议，双方签署了短期授权协议，有效期一直到该公司的第三财季，华为每个季度将向高通支付1.5亿美元。如今，短期内的唯一专利授权费反对方只有苹果公司。​", "author": "微博数码", "time": "微博数码01月31日10:36 来自微博weibo.com", "transmit": 30, "comment": 321, "zan": 312, "sentiment": [{"positive_prob": 0.346268, "confidence": 0.230515, "negative_prob": 0.653732, "sentiment": 0}]}, {"text": "通信厂家几年前有句话，说西方大厂以前高价赚昧心钱，出差都是五星级，后来就被国产打压住不起了。影响老美赚大钱了，所以这次才借题发挥耍阴招，提振自己制造业。华为被这么被突然打压，内部虚拟股权股融资也会面临压力，未雨绸缪。国家也要加强管理，防微杜渐。初步估计现在内部虚拟股应该有150亿，股价10元左右，内部融资1500亿（十年前是80亿股，谁有更准确数字提供下）。员工离职时这些股权都需要被兑付，现在16万人，去除新员工，人均兑付200万是差不多的，老员工更多。所以如果优化1万人，就需要兑付200亿。这里面干活的股权少，需要优化的股权多。这里面的员工有两个角色，一是员工，二是融资者，作为员工身份优化没问题，但融资兑付是压力。如果企业一直发展的好，或者提前发现有压力，逐步优化，分布兑付，比如每年优化一万人，问题也不大。但是如果老美强力打压，比如西方市场彻底丢了，甚至像当初中兴一样，对你限制芯片供应，立刻要休息，将会带来比较大的压力。即使不主动优化员工，甚至挽留员工，员工自己要另谋高就提现，也会很麻烦。类似储户和银行的关系。目前看断供芯片可能性不大，估计也不至于撕破脸。但老美这么一闹，会影响西方运营商的选择，通信设备都是五年以上的运营和维护周期，核心芯片要买老美的，老美这么头悬达摩克利斯之剑，随时动你，自然西方大T不敢选了。对待西方盟友，老美是软硬都来啊。任何杠杆都有麻烦，顺风顺水没问题，逆风逆水就进退两难了，尤其是预期管理很难，这次老美气势汹汹，会给这玩法带来巨大压力，这个也是华为内部比较重要的话题，当初给证券时报写过这个文章，大家也都很感兴趣。还是要提前做好预期管理，未雨绸缪，防患于未然。", "author": "投资舆情", "time": "投资舆情01月31日14:46 来自微博weibo.com", "transmit": 142, "comment": 154, "zan": 323, "sentiment": [{"positive_prob": 0.224877, "confidence": 0.500274, "negative_prob": 0.775123, "sentiment": 0}]}, {"text": "#王俊凯粉丝易烊千玺粉丝#来看看帅哥生图易烊千玺，yyqx，四字弟弟，四字，yyqx华为，yyqx野兽派，yyqx纪梵希，四字弟弟帅，四字弟弟电影，yyqx粉丝，yyqx雕塑​", "author": "养烊专业户", "time": "养烊专业户01月31日11:36 来自易烊千玺超话", "transmit": 28, "comment": 17, "zan": 140, "sentiment": [{"positive_prob": 0.98589, "confidence": 0.968643, "negative_prob": 0.0141104, "sentiment": 2}]}, {"text": "【高通华为暂和解：华为每季度向高通支付1.5亿美元】据国外媒体报道，高通当地时间周三表示，全球第二大智能手机公司华为已与高通(Qualcomm)签署了一项短期授权协议。这笔交易是高通在截至12月30日的第一财季达成的，将持续到6月30日……详情点击：O高通华为暂和解：华为每季度向高通支付1.5亿美元​", "author": "IT之家", "time": "IT之家01月31日07:26 来自IT之家", "transmit": 66, "comment": 784, "zan": 456, "sentiment": [{"positive_prob": 0.881836, "confidence": 0.737414, "negative_prob": 0.118163, "sentiment": 2}]}, {"text": "一个澳洲的好友跟我说，西方媒体洗脑的功力是一等的，他朋友两夫妻其实三观挺正的，但是媒体轰炸之下，他们就是认为华为不能用，会被泄密，宣传真的是枪，枪哑火就只能任人宰割。这就是喇叭不在我们手里的结果，宣传武器太落后，我们跟大毛比，差距很明显的。俄罗斯毕竟还是经验丰富很多，冷战时期的经验，我们呢，钱肯定没少花，可是效果太差，国际舆论阵地基本上没有存在感，必须要走出去，灵活多变，多平台，充分发挥留学生和商会的作用，脑子要活要敢于出手。", "author": "孤烟暮蝉", "time": "孤烟暮蝉01月31日10:02 来自HUAWEIMate20Pro", "transmit": 154, "comment": 119, "zan": 249, "sentiment": [{"positive_prob": 0.0154221, "confidence": 0.965729, "negative_prob": 0.984578, "sentiment": 0}]}, {"text": "【高通、华为签署短期授权协议华为每季支付1.5亿美元】高通周三表示，全球第二大手机制造商华为，刚刚与其签署短期授权协议，有效期直到高通的第三财季。高通CFO乔治·戴维斯在电话会议上表示，华为每个季度将向高通支付1.5亿美元。O高通、华为签署短期授权协议华为每季支付1.5亿美元​", "author": "新浪科技", "time": "新浪科技01月31日08:23 来自专业版微博", "transmit": 58, "comment": 210, "zan": 139, "sentiment": [{"positive_prob": 0.808116, "confidence": 0.573591, "negative_prob": 0.191884, "sentiment": 2}]}, {"text": "若无闲事挂心头，便是人间好时节。昨日逛花市，手机随拍。#2019年你好##过大年##华为p20影像成诗#@微博摄影@华为终端官方微博​", "author": "huayuan画鸢", "time": "huayuan画鸢01月31日06:38 来自中国图库超话", "transmit": 10, "comment": 84, "zan": 56, "sentiment": [{"positive_prob": 0.863254, "confidence": 0.69612, "negative_prob": 0.136746, "sentiment": 2}]}, {"text": "#新岁千喜，诸事顺易##易烊千玺助梦小将燃动冰雪世界#[星辰与大海都坠落，却唯独你，还在我的梦境]@TFBOYS-易烊千玺易烊千玺yyqx四字四字弟弟这就是街舞华为nova全球代言人少年的你沙宣全球代言人野兽帅可爱中戏双料第一K舒适圈KDon'tTieMeDown-TFBOYS-易烊千玺K亲爱的，这里没有一个人cr:台风", "author": "_4444x_nan_", "time": "_4444x_nan_01月31日07:45 来自易烊千玺超话", "transmit": 17, "comment": 134, "zan": 156, "sentiment": [{"positive_prob": 0.984377, "confidence": 0.965282, "negative_prob": 0.0156232, "sentiment": 2}]}, {"text": "【谁是中国手机品牌最大的赢家？】在刚刚Counterpoint的报告中，有一个非常有意思的观点，他们把vivo、OPPO、一加以及Realme（OPPO海外子品牌）都归结到步步高集团旗下。这样一算，步步高集团的智能手机出货量超越了华为成为世界第三。所以，谁才是赢家​", "author": "新浪手机", "time": "新浪手机01月31日17:56 来自微博weibo.com", "transmit": 79, "comment": 77, "zan": 151, "sentiment": [{"positive_prob": 0.928557, "confidence": 0.841239, "negative_prob": 0.0714426, "sentiment": 2}]}, {"text": "我发表了头条文章:《某些中国人为什么这么恨华为？其实他们不是恨华为，而是恨中国》O某些中国人为什么这么恨华为？其实他们不是恨华为，而是恨中国​", "author": "王小东", "time": "王小东01月31日01:45 来自隔壁老王Android", "transmit": 214, "comment": 102, "zan": 110, "sentiment": [{"positive_prob": 0.476629, "confidence": 0.532581, "negative_prob": 0.523371, "sentiment": 1}]}, {"text": "迎风自拍，顶雪撒欢，再冷的天也挡不住想玩耍的心。在评论区分享一张你用华为手机拍过最冷的照片，看看谁的作品最“冻”人！L华为手机官方的秒拍视频​", "author": "华为手机", "time": "华为手机01月31日18:00 来自HUAWEIMate20Pro", "transmit": 10, "comment": 45, "zan": 239, "sentiment": [{"positive_prob": 0.753186, "confidence": 0.451523, "negative_prob": 0.246814, "sentiment": 2}]}, {"text": "虽然特朗普对美情报部门1月29日发布的全球威胁评估报告中朝鲜和伊朗威胁的描述有所不满，但是对中国部分的描述应该是认可的吧。文中提到中国和俄罗斯时，中国都是排在俄罗斯前面的，而且专门描述了中国的技术发展战略。从这个角度看，美国在全球打压华为及类似的所谓“技术扩散威胁”，也是必然滴。​", "author": "宋晓军", "time": "宋晓军01月31日09:55 来自微博weibo.com", "transmit": 42, "comment": 20, "zan": 85, "sentiment": [{"positive_prob": 0.491062, "confidence": 0.82125, "negative_prob": 0.508938, "sentiment": 1}]}, {"text": "华为的律师团队浮出水面……从履历上看，都是大佬：美国司法部前副总检察长JimCole，他是盛德奥斯汀律师事务所的合伙人；前司法部律师DavidBitkower，他是Jenner＆Block的合伙人；前联邦检察官RobertWestinghouse，YarmuthLLP的合伙人；Steptoe＆JohnsonLLP的两名律师。（继民财经汇）O网页链接", "author": "虎嗅APP", "time": "虎嗅APP01月31日21:26", "transmit": 29, "comment": 62, "zan": 47, "sentiment": [{"positive_prob": 0.585264, "confidence": 0.0783645, "negative_prob": 0.414736, "sentiment": 2}]}, {"text": "这次华为公司在美国请了最好的律师（如图），阵容非常强大，不要怕！​", "author": "信通小熊猫", "time": "信通小熊猫01月31日18:10 来自微博HTML5版", "transmit": 41, "comment": 73, "zan": 77, "sentiment": [{"positive_prob": 0.94962, "confidence": 0.888045, "negative_prob": 0.0503796, "sentiment": 2}]}, {"text": "【2018年Q4全球手机出货量报告：苹果不敌三星华为逆势涨四成】IDC数据显示，2018年Q4，全球智能手机供应商共出货3.765亿部，同比下降4.9％，连续第五个季度出现下滑；全年共出货14亿部，同比下降4.1％。三星以7040万出货量力压苹果夺得该季度全球出货冠军，值得一提的是，中国企业华为、OPPO和小米包揽了出货量第三到第五名。O2018年Q4全球手机出货量报告：苹果不敌三星华为逆势涨四成", "author": "每日经济新闻", "time": "每日经济新闻01月31日11:53 来自搜狗高速浏览器", "transmit": 12, "comment": 15, "zan": 73, "sentiment": [{"positive_prob": 0.939131, "confidence": 0.864735, "negative_prob": 0.0608693, "sentiment": 2}]}, {"text": "【华为又一“黑科技”，多机升级咯！】#E起升吧#火热新品华为FreeBuds2Pro耳机可通过【骨声纹ID】识别机主身份，一句话即可打开支付页面，同时支持HWA高清音质、开盖自配对弹窗。已支持机型：HUAWEIMate20系列/荣耀Magic2。新增升级机型：HUAWEIMateRS保时捷设计/P20系列/Mate10系列/nova3/荣耀play/荣耀10/荣耀V10/荣耀Note10。详情戳链接：O网页链接L华为EMUI的微博视频", "author": "华为EMUI", "time": "华为EMUI01月31日22:02 来自HUAWEIP20Pro", "transmit": 18, "comment": 100, "zan": 184, "sentiment": [{"positive_prob": 0.962758, "confidence": 0.917241, "negative_prob": 0.0372415, "sentiment": 2}]}, {"text": "中兴事件我们认罚，一切按别人的要求办，以为人家只是就事论事，办了就又能“共赢”了。接着又来个华为事件。人家说了，如果你在贸易谈判中的表现能让我滿意，说不定我能干预一下我们从来是独立办案的司法。司马昭之心的虎狼态纤毫毕现。到这一步我们真懂美国了吗？懂了吗？懂了吗？懂了吗？好像……​", "author": "陆天明", "time": "陆天明01月31日21:30 来自Weibo.intl", "transmit": 135, "comment": 77, "zan": 137, "sentiment": [{"positive_prob": 0.385997, "confidence": 0.142229, "negative_prob": 0.614003, "sentiment": 0}]}, {"text": "【暂时和解：华为每季度支付高通1.5亿美元许可费】芯片供应商高通宣布，已与华为签署了一项短期授权协议，华为每个季度向高通支付1.5亿美元的技术许可费。由于高通持有与3G、4G和5G网络技术、以及软件等其他功能相关的专利，只要手机厂商生产能够连接蜂窝网络的设备，哪怕它们并不使用高通的芯片，也得向高通支付许可费。而高通很大一部分收入，就是来自将这些技术授权给数百家设备制造商，费用基于手机的价值，而非零部件。目前，华为和苹果是仍在与高通授权协议抗争的两家主要公司。苹果方面曾评价：“由于没有谈判的空间，这些公司除了接受高通的授权协议外，别无选择，就像是被枪抵着脑袋。”O暂时和解：华为每季度支付高通1.5亿美元许可费", "author": "观察者网", "time": "观察者网01月31日20:14 来自微博weibo.com", "transmit": 74, "comment": 161, "zan": 112, "sentiment": [{"positive_prob": 0.90445, "confidence": 0.787666, "negative_prob": 0.0955504, "sentiment": 2}]}, {"text": "【2018中国智能手机出货量下滑华为逆势称冠】台湾“中央社”：最新统计指出，中国大陆智能手机市场2018全年出货3.96亿支，比2017年衰退14%。不过华为手机出货量逆势增长15%，凭借全年1.05亿支占据了中国大陆27%的市场，仍为中国大陆智能手机第一品牌。O2018中国智能手机出货量下滑华为逆势称冠​", "author": "参考消息", "time": "参考消息01月31日14:28 来自微博weibo.com", "transmit": 20, "comment": 10, "zan": 72, "sentiment": [{"positive_prob": 0.684881, "confidence": 0.299736, "negative_prob": 0.315119, "sentiment": 2}]}, {"text": "喜提猪小屁，诸事皆如意#集主题新春卡 瓜分百万大奖#@华为终端云服务立马转走，好运马上到~记得戳⬇️链接哦~O网页链接​", "author": "猪小屁", "time": "猪小屁01月31日12:33 来自iPhone客户端", "transmit": 30, "comment": 37, "zan": 168, "sentiment": [{"positive_prob": 0.937152, "confidence": 0.860338, "negative_prob": 0.0628479, "sentiment": 2}]}, {"text": "#华科收回毕业生终身邮箱#在校园邮箱被收回之后可以升级成华科校友邮箱的…然后校园邮箱注销…校友邮箱终身免费使用…不知道新闻为啥不说这一点…还有华为不背这个锅……评论还有骂华为的哈哈​", "author": "鑫谦", "time": "鑫谦01月31日19:37", "transmit": 17, "comment": 25, "zan": 307, "sentiment": [{"positive_prob": 0.740579, "confidence": 0.42351, "negative_prob": 0.259421, "sentiment": 2}]}]