[{"text": "#故宫华为合作建5G故宫#【单霁翔：上洗手间就知道有几个坑位在等着你】4月16日，在北林“匠者仁心”文化讲座中，故宫博物院前院长单霁翔表示，最近和华为签署了战略合作协议要建立5G故宫。文物被移动的时候都有及时的监测，手机会获取跟多的信息。“以后上洗手间就知道有几个坑位在等着你了。”@大佬时间L大佬时间的秒拍视频", "author": "新浪财经", "time": "新浪财经04月19日13:57 来自专业版微博", "transmit": 29, "comment": 94, "zan": 146, "sentiment": [{"positive_prob": 0.962551, "confidence": 0.916779, "negative_prob": 0.0374493, "sentiment": 2}]}, {"text": "#中大分享#23岁在华为就职。27岁以第一名成绩被中山大学地球科学系录取为研究生。28岁赴西藏支教。30岁成为中山大学博士。31岁开始向军队连投三年简历，自荐材料足足写了两百多页。35岁接到入伍通知书，从此迈入军旅生涯。她，就是中国第一位女实习舰长，中大校友韦慧晓。她的故事也即将在央视《开讲啦》播出~L《开讲啦》官方号的秒拍视频Via.@CCTV1开讲啦，中山大学官微", "author": "中山大学", "time": "中山大学04月19日19:09 来自泳池里的Android", "transmit": 146, "comment": 44, "zan": 411, "sentiment": [{"positive_prob": 0.971005, "confidence": 0.935566, "negative_prob": 0.0289954, "sentiment": 2}]}, {"text": "联想副总裁常程晒出一组联想Z6Pro的样张，有网友提问能否“干翻”华为P30，常程自信回复“可以”。相较于第一款骁龙855手机联想Z5ProGT的相机表现，样张上看确实有明显提升，这款Z6Pro，你期待吗？​", "author": "ZEALER中国", "time": "ZEALER中国04月19日15:02 来自微博weibo.com", "transmit": 84, "comment": 359, "zan": 286, "sentiment": [{"positive_prob": 0.759659, "confidence": 0.465909, "negative_prob": 0.240341, "sentiment": 2}]}, {"text": "想知道#华为P30#系列为何如此圈粉？戳下图，这就是秘密~​", "author": "华为终端官方微博", "time": "华为终端官方微博04月19日18:48 来自微博weibo.com", "transmit": 36, "comment": 300, "zan": 599, "sentiment": [{"positive_prob": 0.813361, "confidence": 0.585247, "negative_prob": 0.186639, "sentiment": 2}]}, {"text": "记住这个logo这个品牌，名字我就不说了以免被和谐，昨天发生了什么估计也搜不出来了，我觉得按照华为的品牌形象，应该跟它终止合作。换谁好呢？目前跟诺基亚合作的蔡司光学？​", "author": "Suki与科技", "time": "Suki与科技04月19日18:58 来自iPad6(深空灰色)", "transmit": 61, "comment": 481, "zan": 852, "sentiment": [{"positive_prob": 0.0767702, "confidence": 0.8294, "negative_prob": 0.92323, "sentiment": 0}]}, {"text": "UNINE应援色灯牌不好做，做不出来，不打紧NANO可以人手一个华为p20p30极光色款@华为手机你听到了眨眨眼👀​", "author": "快乐追星十级学渣", "time": "快乐追星十级学渣04月19日21:45 来自iPhone8Plus", "transmit": 211, "comment": 209, "zan": 944, "sentiment": [{"positive_prob": 0.189344, "confidence": 0.579235, "negative_prob": 0.810656, "sentiment": 0}]}, {"text": "评测媒体爱否科技主笔王跃琨最近惹了麻烦，他因为质疑华为P30Pro拍的月亮是P的，被公司开除。在这次的事件中，且不说舆情已经反转，为王跃琨“洗冤”，既然爱否科技的两个主要高管也转发了他的微博，他当然也就不该因此受到被开除这样严厉的处罚。O华为P月事件反转，谁该道歉？​", "author": "观察者网", "time": "观察者网04月19日10:40 来自微博weibo.com", "transmit": 150, "comment": 515, "zan": 237, "sentiment": [{"positive_prob": 0.0557992, "confidence": 0.876002, "negative_prob": 0.944201, "sentiment": 0}]}, {"text": "车流川息，霓虹闪烁，#华为P30#系列镜头中的“不夜城”有着夜色下的独特魅力，快和小编分享你镜头下的城市夜景吧​", "author": "华为手机", "time": "华为手机04月19日21:00 来自HUAWEIP30Pro", "transmit": 58, "comment": 175, "zan": 557, "sentiment": [{"positive_prob": 0.931801, "confidence": 0.848446, "negative_prob": 0.0681992, "sentiment": 2}]}, {"text": "【视频】科幻大片一般，华为5G人形机器人牛逼啊L林间车道的微博视频​", "author": "林间车道", "time": "林间车道04月19日09:07 来自华为牌iPhoneXR", "transmit": 78, "comment": 56, "zan": 168, "sentiment": [{"positive_prob": 0.308502, "confidence": 0.31444, "negative_prob": 0.691498, "sentiment": 0}]}, {"text": "企鹅智库发布了《2019中国网民智能手机购机用户画像分析》报告，结论很有意思：1、网民换机优先考虑的智能手机品牌中，华为位居第一，小米和苹果则分居第二、三名；2、用户忠诚度方面，前三依次为华为、苹果和小米；3、男性手机选小米，女性喜OV，中老年钟情华为。O手机调研：男性选小米，女性喜OV，中老年钟情华为​", "author": "新浪手机", "time": "新浪手机04月19日14:54 来自微博weibo.com", "transmit": 19, "comment": 15, "zan": 32, "sentiment": [{"positive_prob": 0.9574, "confidence": 0.905333, "negative_prob": 0.0426003, "sentiment": 2}]}, {"text": "【单霁翔：和华为合作建#5G故宫#，每一件文物移动都能监测到】4月16日，在北林匠者仁心报告会上，原故宫博物院院长单霁翔表示，与华为签署了战略合作协议，要建立5G故宫，每一件文物被移动的时候都能及时监测。同时，手机可以获取更多信息，精确到洗手间有几个坑位在等你。L老板联播的微博视频​", "author": "经济观察报", "time": "经济观察报04月19日21:00 来自微博weibo.com", "transmit": 9, "comment": 1, "zan": 33, "sentiment": [{"positive_prob": 0.964643, "confidence": 0.921429, "negative_prob": 0.0353569, "sentiment": 2}]}, {"text": "20190419唐师曾：华为P30Pro、P20Pro孤军深入，诸神附体。自摄自话，一镜到底。关注微信唐师曾实名公众号。转发、留言、打赏……​​​​支持一个人的战地摄影L唐师曾的微博视频​", "author": "唐师曾", "time": "唐师曾04月19日08:34 来自微博weibo.com", "transmit": 50, "comment": 24, "zan": 146, "sentiment": [{"positive_prob": 0.958498, "confidence": 0.907773, "negative_prob": 0.0415021, "sentiment": 2}]}, {"text": "澳大利亚行动了，千人拆除华为铺设的5G！澳大利亚政府近日紧急动用3000名工人，连夜将华为的5G线路全部拆除，使得华为的投资化为乌有，损失十分惨重。#胜友看国际#印亚太资讯​", "author": "黄胜友", "time": "黄胜友04月19日16:29 来自微博weibo.com", "transmit": 290, "comment": 170, "zan": 52, "sentiment": [{"positive_prob": 0.718811, "confidence": 0.375136, "negative_prob": 0.281189, "sentiment": 2}]}, {"text": "刚刚收到一个投诉，有用户被“百度”上的假“华为客服”引导到假的“华为售后网点”坑惨了。大家一定记得，手机有个内置“服务”，可以查服务网点。请大家相互转告，别上当受骗。​", "author": "后湾老施", "time": "后湾老施04月19日22:15 来自HUAWEIP30", "transmit": 60, "comment": 69, "zan": 90, "sentiment": [{"positive_prob": 0.00228085, "confidence": 0.994931, "negative_prob": 0.997719, "sentiment": 0}]}, {"text": "【德媒：任正非称华为向德提签“无间谍协议】路透社：华为创始人任正非说，华为向柏林方面提出签署一份“无间谍协议”，以解决外界对公司在参与当地5G移动基础建设的安全担忧。任正非说，公司上个月与德国内政部进行磋商，并表明准备与德国政府签署“无间谍协议”，承诺华为不会在网络系统内安装任何后门。O网页链接", "author": "参考消息", "time": "参考消息04月19日12:06 来自微博weibo.com", "transmit": 25, "comment": 37, "zan": 97, "sentiment": [{"positive_prob": 0.117489, "confidence": 0.738914, "negative_prob": 0.882511, "sentiment": 0}]}, {"text": "【挑战倒计时：#华为#的特殊时刻】4月16日-18日，华为例行的分析师大会如期而至。今年开场演讲的是华为轮值董事长胡厚崑，内容涵盖了智能联接、5G和AI，风格沉稳，把握发展方向。O挑战倒计时：华为的特殊时刻​", "author": "21世纪经济报道", "time": "21世纪经济报道04月19日06:08 来自21财经", "transmit": 18, "comment": 0, "zan": 69, "sentiment": [{"positive_prob": 0.977356, "confidence": 0.94968, "negative_prob": 0.022644, "sentiment": 2}]}, {"text": "#5G在中国#近日，海南移动携手华为在最美三沙开通了首个5G基站。海南移动采用华为基于2.6GHz频段的AAU设备实现5G网络覆盖，现场测试显示，单用户下行峰值速率可达1.7Gbps。在这片湛蓝国土上，5G点亮科技色彩，让大海拥抱万物互联，将南海之美传向广阔无垠的世界另一边。​", "author": "华为中国", "time": "华为中国04月19日06:23 来自微博HTML5版", "transmit": 29, "comment": 77, "zan": 270, "sentiment": [{"positive_prob": 0.98548, "confidence": 0.967733, "negative_prob": 0.01452, "sentiment": 2}]}, {"text": "华为宣传机器人，谁能告诉我它说的啥😳？LC科技的秒拍视频（O网页链接）​", "author": "C科技", "time": "C科技04月19日07:36 来自秒拍客户端", "transmit": 79, "comment": 218, "zan": 291, "sentiment": [{"positive_prob": 0.481921, "confidence": 0.63843, "negative_prob": 0.518079, "sentiment": 1}]}, {"text": "#长期睡眠不足将改变基因#？戴上#华为WatchGT#，专业运动指导，让睡眠更好~话说，你每天都睡几个小时？O网页链接L华为终端官方微博的秒拍视频​", "author": "网瘾少年的八卦日常", "time": "网瘾少年的八卦日常04月19日12:30 来自微博weibo.com", "transmit": 1192, "comment": 1417, "zan": 1638, "sentiment": [{"positive_prob": 0.963175, "confidence": 0.918166, "negative_prob": 0.0368253, "sentiment": 2}]}, {"text": "明天去西双版纳旅游，手头有华为P30Pro，三星GalaxyFold，S10+，OPPOReno，vivoX27，IQOO手机，华为Mate20Pro，带哪台手机去比较合适？​", "author": "李杰灵", "time": "李杰灵04月19日20:54 来自趣评测家的iPhoneXSMax", "transmit": 4, "comment": 182, "zan": 126, "sentiment": [{"positive_prob": 0.746473, "confidence": 0.436607, "negative_prob": 0.253527, "sentiment": 2}]}, {"text": "【任正非：华为愿同德国签署“无间谍软件协议”】德国两大财经媒体《经济周刊》和《商报》17日同时发表报道称，中国华为公司创始人任正非近日接受这两家媒体记者采访时表示，愿意同德国政府签署“无间谍软件协议”，以打消德方对于华为参与德国5g建设的安全顾虑。针对美国要求盟友在5G建设中“排除华为”，德国联邦网络局局长霍曼近日表示，任何设备供应商，包括华为，都不应被专门排除在外。O任正非：华为愿同德国签署“无间谍软件协议”", "author": "凤凰网财经", "time": "凤凰网财经04月19日15:03", "transmit": 29, "comment": 60, "zan": 62, "sentiment": [{"positive_prob": 0.901337, "confidence": 0.780749, "negative_prob": 0.0986629, "sentiment": 2}]}, {"text": "牛逼的华为​", "author": "新视界发现者", "time": "新视界发现者04月19日19:00 来自微博weibo.com", "transmit": 25, "comment": 21, "zan": 50, "sentiment": [{"positive_prob": 0.494254, "confidence": 0.885076, "negative_prob": 0.505746, "sentiment": 1}]}, {"text": "华为在阿拉伯国家投入的5G宣传机器人，酷不酷？L宋敬亭的微博视频​", "author": "宋敬亭", "time": "宋敬亭04月19日08:19 来自HONORAndroid", "transmit": 60, "comment": 69, "zan": 223, "sentiment": [{"positive_prob": 0.609267, "confidence": 0.131704, "negative_prob": 0.390733, "sentiment": 2}]}, {"text": "【进一步提升系统！华为将在10月率先支持统一推送规范】因为安卓长期存在“碎片化”问题，国内大量APP必须保留后台才能推送消息，势必会造成高耗电和造成卡顿等问题，统一推送标准就是要解决这一生态复杂难题，也是IOS优势之一，这是继方舟翻译器后，再一次对安卓革命性提升，非常期待！#华为#​", "author": "建华Wei业", "time": "建华Wei业04月19日08:09 来自手机超话", "transmit": 48, "comment": 94, "zan": 206, "sentiment": [{"positive_prob": 0.469573, "confidence": 0.391468, "negative_prob": 0.530427, "sentiment": 1}]}, {"text": "【华为向德国建议签署“无间谍协议”】O华为向德国建议签署“无间谍协议”​", "author": "早报网", "time": "早报网04月19日08:28 来自微博weibo.com", "transmit": 21, "comment": 92, "zan": 70, "sentiment": [{"positive_prob": 0.427618, "confidence": 0.0497377, "negative_prob": 0.572382, "sentiment": 0}]}, {"text": "#春天摄影大赛##华为P30#长街长，烟花繁，你挑灯回看；短亭短，红尘辗，我把笛再叹。——摄于惠山古镇@无锡旅游官微2无锡·惠山古镇​", "author": "浅笑盈盈中", "time": "浅笑盈盈中04月19日21:33 来自HUAWEIP30Pro", "transmit": 111, "comment": 114, "zan": 139, "sentiment": [{"positive_prob": 0.839619, "confidence": 0.643598, "negative_prob": 0.160381, "sentiment": 2}]}, {"text": "#对TA说晚安#看新闻主要用微博/朋友圈，学习高等数学/有机化学/财务管理主要在B站，八卦吃瓜主要靠知乎豆瓣……有哪些app对你而言有特别的用法？转评安利一下大家，小云将随机抽一位送出华为耳机。​", "author": "华为终端云服务", "time": "华为终端云服务04月19日22:00 来自微博weibo.com", "transmit": 144, "comment": 184, "zan": 97, "sentiment": [{"positive_prob": 0.697492, "confidence": 0.327761, "negative_prob": 0.302508, "sentiment": 2}]}, {"text": "其实我觉得华为拍月亮这件事很好理解，我们在这里做一个思维实验：如果阿短的脸有月球那么大，然后我站在月球旁边，如果P30Pro能把我的脸也拍清晰，那我觉得这个手机的拍照没毛病。​", "author": "短的发布会", "time": "短的发布会04月19日11:07 来自微博weibo.com", "transmit": 5, "comment": 115, "zan": 239, "sentiment": [{"positive_prob": 0.815994, "confidence": 0.591098, "negative_prob": 0.184006, "sentiment": 2}]}, {"text": "华为P30Pro、小米9和vivoiqoo三款奶头屏你会怎么选？​", "author": "数码先知道", "time": "数码先知道04月19日14:41", "transmit": 13, "comment": 49, "zan": 431, "sentiment": [{"positive_prob": 0.380849, "confidence": 0.153668, "negative_prob": 0.619151, "sentiment": 0}]}]