[{"text": "#雷军称小米与华为相爱相杀#昨日，雷军小米新品发布会上提及了和华为的竞争，他说：“有的人说，世界上最刻骨铭心的仇恨就是友商，其实我真的不是这么看的，我觉得拥有华为这样的友商是我们小米最大的幸运，因为最懂你的人肯定是友商，最爱你的人也是友商。我们和友商携手同行，相爱相杀。”你怎么看小米和华为的关系？你怎么看小米和华为的关系？", "author": "新浪科技", "time": "新浪科技11月06日20:38 来自微博weibo.com", "transmit": 523, "comment": 212, "zan": 7539, "sentiment": [{"positive_prob": 0.812714, "confidence": 0.583809, "negative_prob": 0.187286, "sentiment": 2}]}, {"text": "11月5日，欧洲华为开发者大会（HUAWEIDeveloperDayEurope）亮相全球网络峰会（WebSummit），与近千名开发者及合作伙伴，共同迎接5G+X带来的无限机遇，构建全场景智慧新生态。随着HMS生态的持续全面开放，华为“耀星计划”每年将投入10亿美元资源激励，赋能全球开发者创新。本次大会精彩纷呈，Workshop主题演讲全面介绍了HMS开放能力及服务，为开发注入新动能；精心布置的互动展区、Codelabs编程竞赛将为参观者带来了美好智慧生活体验。", "author": "余承东", "time": "余承东11月06日11:37 来自专业版微博", "transmit": 65, "comment": 308, "zan": 1280, "sentiment": [{"positive_prob": 0.993447, "confidence": 0.985439, "negative_prob": 0.00655263, "sentiment": 2}]}, {"text": "都好奇为什么我叫棚户区男孩？又问我平时穿搭和拍照有什么搭配技巧？这一次用访谈的形式跟大家分享我的帅气穿搭，还有关于我减肥的小秘密，带上#华为WatchGT#2和我一起#只管去跑#​", "author": "棚户区男孩", "time": "棚户区男孩11月06日20:00 来自微博weibo.com", "transmit": 143, "comment": 378, "zan": 1784, "sentiment": [{"positive_prob": 0.897905, "confidence": 0.773122, "negative_prob": 0.102095, "sentiment": 2}]}, {"text": "北京的秋虽然短暂，但它美得足够惊艳。（华为手机摄于正觉寺.五塔寺）2北京​", "author": "法考刑诉向高甲", "time": "法考刑诉向高甲11月06日16:37 来自HUAWEIP30Pro", "transmit": 39, "comment": 188, "zan": 923, "sentiment": [{"positive_prob": 0.975952, "confidence": 0.94656, "negative_prob": 0.024048, "sentiment": 2}]}, {"text": "小米CC9Pro长焦对比华为P30Pro、OPPOReno10倍变焦版：第一组2倍变焦第二组5倍变焦（Reno10X是默认6倍变焦）第三组10倍变焦第四组50倍变焦2倍变焦下P30Pro和Reno10X都是数码变焦，解析力不如小米CC9Pro的光学变焦，但是CC9Pro画面出现了大量的噪点。5倍变焦下三者都是光学变焦5倍和10倍、50倍大家可以长按查看原图自行对比", "author": "小白测评", "time": "小白测评11月06日16:33 来自iPhone11ProMax", "transmit": 57, "comment": 565, "zan": 418, "sentiment": [{"positive_prob": 0.0405866, "confidence": 0.909808, "negative_prob": 0.959413, "sentiment": 0}]}, {"text": "今天三星正式公布#折叠屏手机#GalaxyFold价格，15999元比华为MateX5G折叠屏手机便宜1000元。那么问题来你更喜欢哪款折叠屏手机呢？华为和三星的折叠屏手机你喜欢哪个？​", "author": "新浪手机", "time": "新浪手机11月06日10:13 来自微博weibo.com", "transmit": 19, "comment": 224, "zan": 5347, "sentiment": [{"positive_prob": 0.826676, "confidence": 0.614836, "negative_prob": 0.173324, "sentiment": 2}]}, {"text": "#阿华的灵魂一问#如果给#华为FreeBuds#3起一个中文名字，大家希望是什么？评论区说出你的答案，随机抽一位送华为FreeBuds3一部（颜色随机），截止11月12日23:00。​O抽奖详情​", "author": "华为终端官方微博", "time": "华为终端官方微博11月06日21:30 来自微博weibo.com", "transmit": 1577, "comment": 10670, "zan": 3216, "sentiment": [{"positive_prob": 0.774165, "confidence": 0.498145, "negative_prob": 0.225835, "sentiment": 2}]}, {"text": "#短的发布会#年轻人如何收获人生的第一个亿？买台小米CC9Pro就行了！本场发布会华为或成最大输家#视频星计划#L短的发布会的微博视频​", "author": "短的发布会", "time": "短的发布会11月06日18:03 来自微博视频", "transmit": 130, "comment": 397, "zan": 2392, "sentiment": [{"positive_prob": 0.850502, "confidence": 0.667781, "negative_prob": 0.149498, "sentiment": 2}]}, {"text": "【与任正非咖啡对话：数字主权，从对话到行动】今日下午，华为创始人任正非对话新加坡国立大学李光耀公共政策学院创始院长马凯硕，智能工厂工业4.0精神之父、德国生产自动化教授DetlefZuehlke，就数字主权等问题展开对话。新浪科技的微博直播.​", "author": "新浪科技", "time": "新浪科技11月06日16:30 来自微博网页版", "transmit": 68, "comment": 22, "zan": 865, "sentiment": [{"positive_prob": 0.862014, "confidence": 0.693365, "negative_prob": 0.137986, "sentiment": 2}]}, {"text": "华为手机在越南的代言人，大家感受一下​", "author": "搞机少女", "time": "搞机少女11月06日17:28", "transmit": 275, "comment": 434, "zan": 7265, "sentiment": [{"positive_prob": 0.563057, "confidence": 0.0290153, "negative_prob": 0.436943, "sentiment": 2}]}, {"text": "#趣看发布会#小米一亿像素手机发布会总结，小米CC9Pro相机DXO登顶世界第一，雷总全程骚话连篇，激情演讲，解释了为什么要说「干翻华为」。欢迎转发评论，希望大家喜欢。L李杰灵的微博视频​O抽奖详情​", "author": "李杰灵", "time": "李杰灵11月06日05:55 来自微博weibo.com", "transmit": 1937, "comment": 924, "zan": 2667, "sentiment": [{"positive_prob": 0.945551, "confidence": 0.879003, "negative_prob": 0.0544485, "sentiment": 2}]}, {"text": "【#与任正非咖啡对话#：数字主权从对话到行动】11月6日，深圳坂田华为F1-1C新闻发布厅，华为创始人任正非将与智能工厂工业4.0精神之父、德国生产自动化教授DetlefZuehlke等大咖共同探讨“数字主权，从对话到行动”。#我们视频正在直播#，一起关注。我们直播的微博直播.​", "author": "我们直播", "time": "我们直播11月06日15:59 来自微博网页版", "transmit": 164, "comment": 26, "zan": 4295, "sentiment": [{"positive_prob": 0.978173, "confidence": 0.951497, "negative_prob": 0.0218265, "sentiment": 2}]}, {"text": "【任正非：Mate30没有预装谷歌系统但销售量现在还是很好】11月6日，华为举行与任正非咖啡对话活动，任正非表示：美国停止对华为的供应肯定对华为全球手机的销售有影响，但华为手机在海外人们还是能接受，Mate30系列就没有谷歌系统，但是销售量现在还是很好的。@NBD视频LNBD视频的微博视频​​​", "author": "每日经济新闻", "time": "每日经济新闻11月06日19:53 来自HUAWEIMate30Pro5G", "transmit": 69, "comment": 97, "zan": 424, "sentiment": [{"positive_prob": 0.904595, "confidence": 0.787989, "negative_prob": 0.0954048, "sentiment": 2}]}, {"text": "【店铺首页已经全预览喜欢去加购哈微淘直播间正在抽送拍照超好看的华为手机📱大家快去哈】这次国潮系列最具代表性的就是这款定制✌️双版本中国卫裤做旧款的水洗工艺真的超爱复古国潮很有历史感定制了蓝色🔹传统书法字体中国标视觉识别度特别高用料99棉上身超级舒服全棉裤一般的舒适感👍卫衣料版本做了活力橙🍊中国标时髦现代感十足搭配我们黑豹绵羊毛打底和灯芯绒面包棉服一套look💯#从零开始向梦而行#【11/11新品0点开拍", "author": "Lin张林超", "time": "Lin张林超11月06日19:21 来自iPhoneXSMax", "transmit": 75, "comment": 411, "zan": 782, "sentiment": [{"positive_prob": 0.973738, "confidence": 0.941639, "negative_prob": 0.0262622, "sentiment": 2}]}, {"text": "抛掉纷扰，抛掉烦恼。#华为FreeBuds#3预售已开启，戴上它，让世界静下来。​", "author": "华为终端官方微博", "time": "华为终端官方微博11月06日12:00 来自微博weibo.com", "transmit": 34, "comment": 112, "zan": 396, "sentiment": [{"positive_prob": 0.931747, "confidence": 0.848326, "negative_prob": 0.0682532, "sentiment": 2}]}, {"text": "华为手机在越南的代言人，演员和模特双重身份，这颜值和气质啥水平？​", "author": "测评君", "time": "测评君11月06日23:04", "transmit": 59, "comment": 181, "zan": 720, "sentiment": [{"positive_prob": 0.678374, "confidence": 0.285275, "negative_prob": 0.321626, "sentiment": 2}]}, {"text": "11月5日，欧洲华为开发者大会（HUAWEIDeveloperDayEurope）亮相全球网络峰会（WebSummit），与近千名开发者及合作伙伴，共同迎接5G+X带来的无限机遇，构建全场景智慧新生态。随着HMS生态的持续全面开放，华为“耀星计划”每年将投入10亿美元资源激励，赋能全球开发者创新。本次大会精彩纷呈，Workshop主题演讲全面介绍了HMS开放能力及服务，为开发注入新动能；精心布置的互动展区、Codelabs编程竞赛将为参观者带来了美好智慧生活体验。", "author": "华为开发者联盟", "time": "华为开发者联盟11月06日11:37 来自专业版微博", "transmit": 125, "comment": 82, "zan": 391, "sentiment": [{"positive_prob": 0.993447, "confidence": 0.985439, "negative_prob": 0.00655263, "sentiment": 2}]}, {"text": "去年12月1日华为大公主孟晚舟在加拿大转机时忽然被捕，多次调解无效。其后，中方因发现加拿大输华肉产品卫生证书签发系统存在明显漏洞，暂停进口所有加拿大肉类产品。10月25日，是任正非的75岁生日，孟晚舟脚戴电子镣铐发朋友圈：等我回来。今天11月9日。中方近期在评估加方提出的整改行动计划后，同意恢复接受加政府主管部门签发的输华肉产品卫生证书。看来孟晚舟应该准备可以回国了。#老外游中国也能手机支付了##中国恢复从加拿大进口猪肉##财经头条#", "author": "投资伯乐", "time": "投资伯乐11月06日18:45 来自谢谢你的赞iPhone11", "transmit": 227, "comment": 595, "zan": 4639, "sentiment": [{"positive_prob": 0.408218, "confidence": 0.0928488, "negative_prob": 0.591782, "sentiment": 0}]}, {"text": "【任正非：#华为的管理一定要有否决权#并且还要继承下去】11月6日，华为举行与任正非咖啡对话活动，任正非表示：他在华为早已没有一票否决权。但华为的管理一定要有否决权，这个否决权还允许有继承权，这个继承权不是任正非，也不是他的家人，而是由公司选举人员轮流共同管理。@NBD视频LNBD视频的微博视频", "author": "每日经济新闻", "time": "每日经济新闻11月06日21:55 来自专业版微博", "transmit": 22, "comment": 14, "zan": 76, "sentiment": [{"positive_prob": 0.192621, "confidence": 0.571954, "negative_prob": 0.807379, "sentiment": 0}]}, {"text": "抛掉纷扰，抛掉烦恼。戴上华为FreeBuds3，让世界静下来。​", "author": "华为何刚", "time": "华为何刚11月06日10:46 来自HUAWEIMate30Pro5G", "transmit": 18, "comment": 109, "zan": 242, "sentiment": [{"positive_prob": 0.903203, "confidence": 0.784895, "negative_prob": 0.0967973, "sentiment": 2}]}, {"text": "#华为主题#全网独家UNINE定制主题，你拥有了吗？听UNINE独家音频，9种温柔男声，谁最戳你心？能猜出哪句话是谁说的吗？戳O网页链接听完整音频为UNINE应援打榜，每日支持数最多的成员将会在第二天登上华为主题APP开屏！今天的单人开屏是@UNINE_李汶翰！转发，抽送香奈儿口红2只！L华为终端云服务的微博视频O抽奖详情", "author": "华为终端云服务", "time": "华为终端云服务11月06日11:16 来自UNINE超话", "transmit": 587, "comment": 345, "zan": 2649, "sentiment": [{"positive_prob": 0.976408, "confidence": 0.947573, "negative_prob": 0.0235924, "sentiment": 2}]}, {"text": "说一个有意思的数据：2019年9月，国内手机市场总体出货量3623.6万部，同比下降7.1%；2019年1-9月，国内手机市场总体出货量2.87亿部，同比下降5.7%。但与此同时，苹果IPHONE11销量远超预期，苹果已通知供应商增加产量，全年iPhone出货量有望突破8000万部；华为智能手机业务2019年前三季度发货量超过1.85亿台，同比增长26%。所以雷军嘴上说“干翻华为”不代表敌视华为，感谢友商，都是装的。心里可能都恨得咬牙切齿了，因为19年三季度单季，华为的市场份额从同期的24.9%暴涨到42.4%，代价是OV小米苹果的市场份额都有萎缩。注意里面的细节，OV都是22%附近回落到17.5%，幅度是20%左右，苹果是从7%掉到5.2%，幅度是25%。但是！小米是从13.1%跌到9%，幅度是31%，远超其他三家。也就是说，华为大幅挤占了小米的份额，小米是最憋屈最惨的。看看公司股价就一目了然，一直在9HKD附近晃荡，坐实了“年轻人的一个腰斩股”的成就。你雷军又不是菩萨，怎么可能一点火气都没有？但是更蝴蝶效应的影响是什么？是手机及部分电子消费品整体的出货量（潜在需求）回落、以及经济触底下的口红效应是一个客观事实：这接下来还导致了今年双十一预售，化妆品全面超越电子产品，成为预售额前三（雅诗兰黛、兰蔻、欧莱雅取代去年的苹果、小米、海尔）。有意思对么，世界是一环扣一环的。", "author": "月风_投资笔记", "time": "月风_投资笔记11月06日12:41 来自微博weibo.com", "transmit": 150, "comment": 116, "zan": 305, "sentiment": [{"positive_prob": 0.530569, "confidence": 0.388615, "negative_prob": 0.469431, "sentiment": 1}]}, {"text": "【被问华为会不会安装“后门”，任正非回应】6日下午，华为在深圳总部举办“与任正非咖啡对话”活动，邀请智能工厂工业4.0之父、德国生产自动化教授DetlefZuehlke与前联合国安理会主席、新加坡国立大学李光耀公共政策学院创始院长马凯硕对谈“数字主权”。在被问到华为到底会不会安装“后门”时，任正非回应，信息安全永远都会存在，问题是这到底是不是需要用技术来解决？他认为，信息安全问题最终要用法律来解决，而不是完全靠技术。“就像汽车制造商不可能对所有的车祸都承担责任，我们是设备制造商，首先，我们自己不会做任何事。第二，我们不管进入任何国家，都要遵循各国政府对安全问题的监管。”（记者：范凌志）", "author": "环球网", "time": "环球网11月06日16:32", "transmit": 18, "comment": 17, "zan": 281, "sentiment": [{"positive_prob": 0.0621695, "confidence": 0.861846, "negative_prob": 0.937831, "sentiment": 0}]}, {"text": "华为手机在越南的代言人，好像国内一个演员，叫啥来着忘了……挺美！​", "author": "烈枫", "time": "烈枫11月06日19:07", "transmit": 21, "comment": 151, "zan": 450, "sentiment": [{"positive_prob": 0.917823, "confidence": 0.817384, "negative_prob": 0.082177, "sentiment": 2}]}, {"text": "#雷军称小米与华为相爱相杀#调查一下：国产手机品牌你最看好谁？国产手机品牌你最看好谁？​", "author": "吐槽科技君", "time": "吐槽科技君11月06日16:23", "transmit": 13, "comment": 42, "zan": 2557, "sentiment": [{"positive_prob": 0.177971, "confidence": 0.604508, "negative_prob": 0.822029, "sentiment": 0}]}, {"text": "【华为创始人任正非：5G可以加速人工智能世界的到来】11月6日下午，在华为举行的《与任正非咖啡对话》上，华为创始人、总裁任正非表示，数字经济未来的发展会是蓬勃的，会超过工业社会。任正非表示，信息社会未来的发展是什么样的，还不可想象。“人工智能已经提出70-80年了，但是超级大规模的存储、连接都没做好准备，目前，光纤的连接还不是特别方便，而5G可以加速人工智能世界的到来，可以极大提高生产效率、社会财富。”", "author": "财经网", "time": "财经网11月06日17:07 来自微博weibo.com", "transmit": 18, "comment": 12, "zan": 66, "sentiment": [{"positive_prob": 0.954473, "confidence": 0.898829, "negative_prob": 0.045527, "sentiment": 2}]}, {"text": "畅连视频通话、私人“健身房”……家里的#华为智慧屏#，可不仅是用来看剧的，来看看它能带来怎样的全家收益！​", "author": "华为终端官方微博", "time": "华为终端官方微博11月06日10:00 来自微博weibo.com", "transmit": 30, "comment": 47, "zan": 286, "sentiment": [{"positive_prob": 0.442687, "confidence": 0.0162517, "negative_prob": 0.557313, "sentiment": 0}]}, {"text": "在华为深圳总部园区F1展厅参观，发现了传说中的华为5G微波，圆盘就是微波天线，比想象的要小很多。前阵子任正非接受央视采访，大谈5G微波，该技术将传统的50Mbps提升到10Gbps以上，任总说美国必须得买，不买就是傻，底气非常足。华为米兰研究所为这项了不起的技术革新做出了重要贡献，该所所长就是欧洲电信标准协会毫米波传输行业规范组主席，华为出天价请的顶级专家。华为展厅信息量极大，内行能看出很多门道，待我得空时一一道来。2深圳·华为研发中心〔F区〕", "author": "奥卡姆剃刀", "time": "奥卡姆剃刀11月06日13:27 来自HUAWEIMate20X5G", "transmit": 37, "comment": 64, "zan": 250, "sentiment": [{"positive_prob": 0.965619, "confidence": 0.923597, "negative_prob": 0.0343811, "sentiment": 2}]}, {"text": "华为手机在越南的代言人，这颜值和气质算什么水平？​", "author": "包纸玩机", "time": "包纸玩机11月06日19:04", "transmit": 17, "comment": 79, "zan": 224, "sentiment": [{"positive_prob": 0.539388, "confidence": 0.212233, "negative_prob": 0.460612, "sentiment": 1}]}, {"text": "小米CC9Pro30W充电器，就0%到100%充电时间，确实要比华为40W充电速度快，但在前期快速充电环节，40W还是相当不错的~#小白测评数据库#​", "author": "小白测评", "time": "小白测评11月06日14:57 来自微博weibo.com", "transmit": 34, "comment": 834, "zan": 3304, "sentiment": [{"positive_prob": 0.944736, "confidence": 0.877192, "negative_prob": 0.0552635, "sentiment": 2}]}]