[{"text": "#华为正式发布鸿蒙#快讯！华为正式发布全新分布式操作系统：鸿蒙！为中国品牌，转！点赞！L央视新闻的秒拍视频​", "author": "央视新闻", "time": "央视新闻08月09日15:00 来自微博weibo.com", "transmit": 57834, "comment": 25672, "zan": 548332, "sentiment": [{"positive_prob": 0.979477, "confidence": 0.954393, "negative_prob": 0.0205231, "sentiment": 2}]}, {"text": "【投票：#华为正式发布鸿蒙系统#，你最喜欢哪个系统？】华为今日正式发布自有操作系统：鸿蒙。你用过哪些系统呢？觉得体验感如何？又最喜欢哪一款呢？#华为正式发布鸿蒙#你最喜欢哪个系统？​", "author": "财经网", "time": "财经网08月09日15:09 来自微博weibo.com", "transmit": 1297, "comment": 2102, "zan": 410930, "sentiment": [{"positive_prob": 0.962488, "confidence": 0.91664, "negative_prob": 0.037512, "sentiment": 2}]}, {"text": "【直播！华为2019开发者大会】今天，华为开发者大会在广东东莞举行。会议期间，华为将发布荣耀智慧屏、升级版麒麟芯片等新产品技术！现场直播！一起看！央视新闻的微博直播.​", "author": "央视新闻", "time": "央视新闻08月09日14:40 来自微博网页版", "transmit": 4850, "comment": 7487, "zan": 219139, "sentiment": [{"positive_prob": 0.806637, "confidence": 0.570304, "negative_prob": 0.193363, "sentiment": 2}]}, {"text": "【华为开发者大会开幕，鸿蒙系统正式亮相】华为开发者大会将于8月9日-11日在东莞松山湖召开，据悉华为会将重点集中在5G落地、物联网、AI等领域。华为自主研发的鸿蒙系统也有望亮相。澎湃新闻的微博直播.​", "author": "澎湃新闻", "time": "澎湃新闻08月09日14:31 来自微博网页版", "transmit": 864, "comment": 4908, "zan": 41613, "sentiment": [{"positive_prob": 0.956627, "confidence": 0.903615, "negative_prob": 0.0433734, "sentiment": 2}]}, {"text": "【投票：#华为正式发布鸿蒙系统#，你最喜欢哪个系统？】9日，在华为开发者大会上，华为自有系统鸿蒙正式亮相。你用过哪些系统呢？最喜欢哪一款呢？投票：华为正式发布鸿蒙系统你最喜欢哪个系统？​", "author": "新浪财经", "time": "新浪财经08月09日16:05 来自微博weibo.com", "transmit": 184, "comment": 346, "zan": 32519, "sentiment": [{"positive_prob": 0.971311, "confidence": 0.936246, "negative_prob": 0.0286892, "sentiment": 2}]}, {"text": "【快讯！华为正式发布全新分布式操作系统：鸿蒙！】华为消费者业务今天在其全球开发者大会上正式向全球发布其全新的基于微内核的面向全场景的分布式操作系统——鸿蒙OS。​", "author": "人民日报", "time": "人民日报08月09日15:04 来自微博weibo.com", "transmit": 3272, "comment": 2470, "zan": 29891, "sentiment": [{"positive_prob": 0.929633, "confidence": 0.843628, "negative_prob": 0.0703674, "sentiment": 2}]}, {"text": "【#人民锐评#：鸿蒙一开天地宽，中华有为！】华为今日正式发布自有操作系统：鸿蒙！消息甫出，顿时燃爆舆论场。无论是“鸿蒙”这个名字所具有的深刻隐喻，还是“鸿蒙”系统所肩负的历史使命，都让人看到了华为的抱负，华为的隐忍与坚守。“关键核心技术是要不来、买不来、讨不来的”，不谋深计远，不下“先手棋”，不抓住创新主动权，如何避免“卡脖子”？怎能化危为机？不必妄自菲薄，也无需妄自尊大。鸿蒙一开，并不等于万事大吉，用任正非此前的话，就是“我们仍然缺乏良好的应用程序生态系统。”整个系统建立良好生态，需要时间，也需要机会。更何况，面对“群狼”环伺，我们要实现突围，更需百倍努力，不断超越。鸿蒙一开天地宽！华为加油，中国加油，切记中华当有为。O网页链接", "author": "人民日报", "time": "人民日报08月09日18:09 来自微博weibo.com", "transmit": 3361, "comment": 2532, "zan": 30779, "sentiment": [{"positive_prob": 0.957301, "confidence": 0.905113, "negative_prob": 0.0426993, "sentiment": 2}]}, {"text": "【#华为鸿蒙系统发布#！你最喜欢哪个系统？】刚刚，#华为正式发布鸿蒙系统#，你都用过哪些系统？最喜欢哪一个？你最喜欢哪一个系统？​", "author": "新浪科技", "time": "新浪科技08月09日15:18 来自微博weibo.com", "transmit": 222, "comment": 264, "zan": 54649, "sentiment": [{"positive_prob": 0.970757, "confidence": 0.935015, "negative_prob": 0.029243, "sentiment": 2}]}, {"text": "【#华为正式发布鸿蒙#：安卓若无法使用随时启用鸿蒙】8月9日，华为消费者业务CEO余承东正式发布自有操作系统鸿蒙OS。余承东介绍称，鸿蒙是全世界第一个面向全场景微内核的分布式OS，但是考虑生态原因，华为优先支持谷歌安卓生态，如果安卓系统无法使用，华为随时可以启用鸿蒙系统。#鸿蒙OS随时可以用在手机上#L央视新闻的秒拍视频（央视）", "author": "中国新闻周刊", "time": "中国新闻周刊08月09日16:11 来自iPhone客户端", "transmit": 649, "comment": 2295, "zan": 18673, "sentiment": [{"positive_prob": 0.94671, "confidence": 0.881577, "negative_prob": 0.0532902, "sentiment": 2}]}, {"text": "#华为正式发布鸿蒙#【余承东：优先安卓系统但鸿蒙OS随时可用】9日，在华为开发者大会上，华为自有系统鸿蒙正式亮相。余承东表示，鸿蒙面向全球开源，对于开发者，从安卓开发转移到鸿蒙也非常便捷，因为鸿蒙实现了兼容。“我们优先安卓系统，如果安卓系统不能使用了，#鸿蒙OS随时可以用在手机上#！”（央视）华为正式发布鸿蒙，用于手机后你会更换系统么？", "author": "成都商报", "time": "成都商报08月09日16:01 来自微博weibo.com", "transmit": 146, "comment": 1062, "zan": 68099, "sentiment": [{"positive_prob": 0.915057, "confidence": 0.811237, "negative_prob": 0.0849432, "sentiment": 2}]}, {"text": "【余承东：#鸿蒙OS随时可以用在手机上#，从安卓迁移只要一两天】8月9日，#华为正式发布鸿蒙#，余承东在华为开发者大会上表示，鸿蒙OS可以用在多种设备上，随时可用于手机。因为考虑到生态的原因，还是优先使用谷歌安卓系统。鸿蒙OS比安卓有更强的性能、更高的安全性、更强大的分布式能力和面向未来全场景的能力。将安卓生态上的应用迁移到华为鸿蒙OS生态上的工作量极小，一两天就可以实现。@老板联播L老板联播的秒拍视频", "author": "梨视频", "time": "梨视频08月09日16:02 来自专业版微博", "transmit": 547, "comment": 2009, "zan": 20203, "sentiment": [{"positive_prob": 0.983788, "confidence": 0.963973, "negative_prob": 0.0162121, "sentiment": 2}]}, {"text": "【#华为正式发布鸿蒙#：全世界第一个基于微内核的全场景分布式OS】8月9日华为开发者大会，#华为正式发布自有操作系统#鸿蒙。消费者业务CEO余承东表示，这是全世界第一个基于微内核的全场景OS，有分布式架构支撑，能带来天生流畅、内核级的安全和生态共享。并称鸿蒙这个名字有开天辟之意。L五环短视频的秒拍视频", "author": "头条新闻", "time": "头条新闻08月09日15:36 来自微博weibo.com", "transmit": 372, "comment": 457, "zan": 3512, "sentiment": [{"positive_prob": 0.970964, "confidence": 0.935475, "negative_prob": 0.0290364, "sentiment": 2}]}, {"text": "刚刚，华为正式发布全新分布式操作系统：鸿蒙！华为CEO余承东：如果安卓系统不能使用了，鸿蒙OS随时可以用在手机上！为中国品牌，转！​​​L央视新闻的秒拍视频​​​", "author": "共青团中央", "time": "共青团中央08月09日15:42", "transmit": 1581, "comment": 1137, "zan": 14820, "sentiment": [{"positive_prob": 0.883676, "confidence": 0.741502, "negative_prob": 0.116324, "sentiment": 2}]}, {"text": "#中国联通曝光5G手机#【手机5G化加速到来：你会第一时间购买5G手机吗？】近期，华为、中兴、三星、小米正式发布了旗下首款中国上市的5G手机，中国联通称全国各大营业厅及10010官网同步启动了预约预售。你会第一时间购买5G手机吗？你会第一时间购买5G手机吗？​", "author": "成都商报", "time": "成都商报08月09日14:52 来自微博weibo.com", "transmit": 84, "comment": 285, "zan": 38042, "sentiment": [{"positive_prob": 0.567678, "confidence": 0.0392849, "negative_prob": 0.432322, "sentiment": 2}]}, {"text": "【正在直播：华为举行开发者大会】8月9日至10日，华为在东莞松山湖基地举行开发者大会。华为将在会上正式发布自主研发的鸿蒙操作系统。请看#视点直播#的现场报道⬇新华视点的微博直播.​", "author": "新华视点", "time": "新华视点08月09日14:30 来自微博网页版", "transmit": 162, "comment": 74, "zan": 7492, "sentiment": [{"positive_prob": 0.872397, "confidence": 0.716438, "negative_prob": 0.127603, "sentiment": 2}]}, {"text": "#华为正式发布鸿蒙#华为正式发布全新分布式操作系统：鸿蒙！​", "author": "头条新闻", "time": "头条新闻08月09日15:01 来自微博weibo.com", "transmit": 787, "comment": 554, "zan": 4718, "sentiment": [{"positive_prob": 0.898467, "confidence": 0.774372, "negative_prob": 0.101533, "sentiment": 2}]}, {"text": "【5G手机来了！4G手机“大甩卖”，你选谁？】5G时代的到来，让多家手机品牌开始大幅下调4G手机售价，清理库存，为5G做准备。华为P30Pro售价直降500元，小米9、vivoX27等热门机型紧跟步伐，下调100元至400元不等。OPPOFindX下调1000元，荣耀Magic2下调700元，创下售价新低。5G手机来了，4G手机“大甩卖”，你选谁？", "author": "新浪财经", "time": "新浪财经08月09日07:49 来自微博weibo.com", "transmit": 56, "comment": 232, "zan": 6776, "sentiment": [{"positive_prob": 0.0232707, "confidence": 0.948287, "negative_prob": 0.976729, "sentiment": 0}]}, {"text": "【#华为正式发布鸿蒙操作系统#】华为今日正式发布自有操作系统：鸿蒙。央视新闻O华为今日正式发布自有操作系统：鸿蒙#华为正式发布鸿蒙#​", "author": "澎湃新闻", "time": "澎湃新闻08月09日15:00 来自微博weibo.com", "transmit": 310, "comment": 503, "zan": 5964, "sentiment": [{"positive_prob": 0.778844, "confidence": 0.508541, "negative_prob": 0.221156, "sentiment": 2}]}, {"text": "【快讯！华为正式发布全新分布式操作系统：鸿蒙！​​​​】华为消费者业务今天在其全球开发者大会上正式向全球发布其全新的基于微内核的面向全场景的分布式操作系统——鸿蒙OS。华为消费者业务CEO余承东在介绍鸿蒙OS开发初衷时表示：“随着全场景智慧时代的到来，华为认为需要进一步提升操作系统的跨平台能力，包括支持全场景、跨多设备和平台的能力以及应对低时延、高安全性挑战的能力，因此逐渐形成了鸿蒙OS的雏形，可以说鸿蒙OS的出发点和Android、iOS都不一样，是一款全新的基于微内核的面向全场景的分布式操作系统，能够同时满足全场景流畅体验、架构级可信安全、跨终端无缝协同以及一次开发多终端部署的要求，鸿蒙应未来而生。”", "author": "环球时报", "time": "环球时报08月09日15:03 来自微博weibo.com", "transmit": 721, "comment": 528, "zan": 4479, "sentiment": [{"positive_prob": 0.964783, "confidence": 0.92174, "negative_prob": 0.0352168, "sentiment": 2}]}, {"text": "【#新浪会客厅#对话华为5G总裁杨超斌：美国的限制对我们没什么影响】从去年开始，华为已经开始了5G商用部署，完全具备商用能力。“任何一个器件，我都会考虑来自于不同的供应商，来自于不同的国家。”今天，#华为正式发布鸿蒙#操作系统，“软硬兼施”，点赞国货！L头条新闻的酷燃视频​", "author": "头条新闻", "time": "头条新闻08月09日20:50 来自酷燃视频", "transmit": 288, "comment": 202, "zan": 1851, "sentiment": [{"positive_prob": 0.985044, "confidence": 0.966766, "negative_prob": 0.0149556, "sentiment": 2}]}, {"text": "【#华为鸿蒙系统亮相#】9日，在华为开发者大会上，备受市场关注的华为自有操作系统鸿蒙亮相。据介绍，鸿蒙是基于微内核的全场景分布式OS，可支撑各种不同的设备，包括大屏、手机、PC、音响等，对应不同的设备可弹性部署。#华为发布自有操作系统#（记者吴涛)L中新视频的秒拍视频​", "author": "中国新闻网", "time": "中国新闻网08月09日15:03 来自微博weibo.com", "transmit": 193, "comment": 522, "zan": 5134, "sentiment": [{"positive_prob": 0.967969, "confidence": 0.92882, "negative_prob": 0.0320311, "sentiment": 2}]}, {"text": "#人民网快讯#华为正式发布全新分布式操作系统：鸿蒙！#华为发布自有分布式操作系统鸿蒙#（央视）​", "author": "人民网", "time": "人民网08月09日15:03 来自人民网微博", "transmit": 383, "comment": 291, "zan": 1909, "sentiment": [{"positive_prob": 0.916347, "confidence": 0.814104, "negative_prob": 0.0836534, "sentiment": 2}]}, {"text": "#华为正式发布鸿蒙#【余承东：优先安卓系统但鸿蒙OS随时可用你会买鸿蒙系统手机吗？】9日，在华为开发者大会上，华为自有系统鸿蒙正式亮相。余承东表示，鸿蒙面向全球开源，对于开发者，从安卓开发转移到鸿蒙也非常便捷，因为鸿蒙实现了兼容。“我们优先安卓系统，如果安卓系统不能使用了，鸿蒙OS随时可以用在手机上！”（央视）O华为余承东：鸿蒙系统随时可用到手机上#鸿蒙OS随时可以用在手机上#如果华为发布鸿蒙系统手机，你会买吗？", "author": "凤凰网财经", "time": "凤凰网财经08月09日16:25", "transmit": 116, "comment": 223, "zan": 22511, "sentiment": [{"positive_prob": 0.948482, "confidence": 0.885516, "negative_prob": 0.0515175, "sentiment": 2}]}, {"text": "【#华为正式发布鸿蒙#一文详解鸿蒙OS】8月9日华为开发者大会，正式发布自有操作系统鸿蒙，全球首个微内核分布式操作系统，可打通智慧屏、可穿戴设备、车机、音响、手机等多终端。鸿蒙OS四大技术特性是什么？安全性如何？未来是否可用于手机？鸿蒙名字有何寓意？你想知道的都在这里↓↓O华为发布鸿蒙OS将向全球开发者开源#鸿蒙OS随时可以用在手机上#", "author": "新浪新闻", "time": "新浪新闻08月09日16:02 来自专业版微博平台", "transmit": 358, "comment": 993, "zan": 11515, "sentiment": [{"positive_prob": 0.955095, "confidence": 0.900211, "negative_prob": 0.044905, "sentiment": 2}]}, {"text": "字越少，事越大！#华为正式发布鸿蒙#华为牛逼。如果量产了，你用么？你会用什么系统。​", "author": "鍋盖頭司令", "time": "鍋盖頭司令08月09日15:36", "transmit": 105, "comment": 313, "zan": 42613, "sentiment": [{"positive_prob": 0.186643, "confidence": 0.585238, "negative_prob": 0.813357, "sentiment": 0}]}, {"text": "#HDC2019#天生流畅！#华为鸿蒙#OS通过确定时延引擎确保用户交互体验流畅，匹配应用特征实现资源精准调度，响应时延降低25.7%，带给你流畅稳定的使用体验。除了流畅体验外更有安全保障，基于微内核技术的可信执行环境，通过形式化方法显著提升了内核安全等级，全面提升全场景终端设备的安全能力。关注转发今天的系列直播微博，从转发量最高的微博中随机抽2人各送Mate20Pro2亿台纪念版（8GB+256GB/馥蕾红）1台，截止8月17日14:00。", "author": "华为终端官方微博", "time": "华为终端官方微博08月09日15:19 来自微博weibo.com", "transmit": 1573, "comment": 422, "zan": 965, "sentiment": [{"positive_prob": 0.99002, "confidence": 0.977822, "negative_prob": 0.00998012, "sentiment": 2}]}, {"text": "【重磅！华为正式发布自有操作系统鸿蒙OS】#华为开发者大会#上，正式发布自有操作系统鸿蒙OS，这是基于微内核的全场景分布式OS。#华为鸿蒙系统发布#O华为正式发布自有操作系统鸿蒙OS​", "author": "新浪科技", "time": "新浪科技08月09日14:58 来自微博weibo.com", "transmit": 274, "comment": 476, "zan": 4802, "sentiment": [{"positive_prob": 0.77414, "confidence": 0.498089, "negative_prob": 0.22586, "sentiment": 2}]}, {"text": "【图看#华为鸿蒙系统发布#】这是全球首个微内核分布式操作系统。@余承东表示，谷歌和苹果等厂商致力于发展新OS，但仍面临困难与瓶颈。谷歌的生态分裂，苹果的生态封闭，而华为要做面向未来的OS，多终端能力共享，互为外设。此外，鸿蒙系统明年将发布2.0版本，后年发布3.0版本。#华为开发者大会#​", "author": "新浪科技", "time": "新浪科技08月09日15:23 来自微博weibo.com", "transmit": 136, "comment": 185, "zan": 1020, "sentiment": [{"positive_prob": 0.738362, "confidence": 0.418582, "negative_prob": 0.261638, "sentiment": 2}]}, {"text": "#华为发布鸿蒙系统#@余承东表示HarmonyOS鸿蒙有四大特点：分布架构、天生流畅、内核安全、生态共享。余承东表示。华为自有OS鸿蒙基于微内核的全场景分布式操作系统，实现模块化解耦，对于不同设备可弹性部署。#华为正式发布鸿蒙##华为开发者大会##HDC2019#华为鸿蒙符合你的期待吗？​", "author": "凤凰网科技", "time": "凤凰网科技08月09日15:07 来自微博weibo.com", "transmit": 103, "comment": 289, "zan": 28224, "sentiment": [{"positive_prob": 0.964996, "confidence": 0.922213, "negative_prob": 0.0350042, "sentiment": 2}]}, {"text": "#HDC2019#华为黑科技加持！HMSCore开放14项核心能力，包括统一扫码、地图AR导航及标记在内的华为黑科技，将帮助全球开发者快速接入华为生态。同时还有华为为全球开发者提供的一站式服务，从统一门户接入到统一账户结算，免去开发者的后顾之忧，让开发者专注于创新！戳图了解详情吧。关注转发今天的系列直播微博，从转发量最高的微博中随机抽2人各送Mate20Pro2亿台纪念版（8GB+256GB/馥蕾红）1台，截止8月17日14:00。", "author": "华为终端官方微博", "time": "华为终端官方微博08月09日17:06 来自微博weibo.com", "transmit": 1294, "comment": 316, "zan": 865, "sentiment": [{"positive_prob": 0.984301, "confidence": 0.965113, "negative_prob": 0.0156992, "sentiment": 2}]}]