[{"text": "珠光流转，炫彩晶莹。#华为nova4#贝母白明日开售。（戳评论区有惊喜）​", "author": "华为终端官方微博", "time": "华为终端官方微博03月06日10:00 来自微博weibo.com", "transmit": 81187, "comment": 3331, "zan": 10585, "sentiment": [{"positive_prob": 0.859857, "confidence": 0.688572, "negative_prob": 0.140142, "sentiment": 2}]}, {"text": "【外交部：多国对中国企业5G建设持公正态度】近日，葡萄牙总理科斯塔在接受采访时表示，欧盟国家不应滥用安全审查来歧视来自非欧盟国家的投资。葡理解有关国家对参与华为5G网络可能存在的风险的担忧，但认为不应因此停止欧洲数字基础设施现代化进程。对此，外交部发言人陆慷表示，越来越多的各国人士已表明公正的态度，我们认为，建立统一客观、公开透明的网络安全标准，是个建设性的倡议。（央视记者申杨）", "author": "央视新闻", "time": "央视新闻03月06日17:06 来自微博weibo.com", "transmit": 223, "comment": 135, "zan": 2088, "sentiment": [{"positive_prob": 0.0728131, "confidence": 0.838193, "negative_prob": 0.927187, "sentiment": 0}]}, {"text": "温润柔白，灵光溢彩。#华为nova4#贝母白配色于O3月7日0点正式开售！所有nova星人请看这里➡O网页链接​", "author": "华为手机", "time": "华为手机03月06日18:08 来自nova4自拍极点全面屏", "transmit": 26589, "comment": 1390, "zan": 3995, "sentiment": [{"positive_prob": 0.758806, "confidence": 0.464013, "negative_prob": 0.241194, "sentiment": 2}]}, {"text": "和大家分享一场大咖签赠会，听田涛老师讲述华为的故事。想要近距离听到更多大咖讲座，来华为智能生活馆，还能零距离体验每一款产品哦！​", "author": "华为终端官方微博", "time": "华为终端官方微博03月06日17:00 来自微博weibo.com", "transmit": 24, "comment": 34, "zan": 467, "sentiment": [{"positive_prob": 0.993189, "confidence": 0.984865, "negative_prob": 0.00681079, "sentiment": 2}]}, {"text": "【葡总理反对滥用审查歧视非欧盟国家投资，陆慷：客观，理性】近日，葡萄牙总理科斯塔在接受英国《金融时报》采访时表示，欧盟国家不应滥用安全审查来歧视来自非欧盟国家的投资。葡理解有关国家对参与华为5G网络可能存在的风险的担忧，但认为不应因此停止欧洲数字基础设施现代化进程。对此，外交部发言人陆慷表示，我们认为，科斯塔总理的有关表态是客观、理性的。一段时间以来，越来越多的各国人士对中国科技企业参与5G建设表明了公正的态度。上周结束的全球移动大会期间，华为能够与多国企业签订合作协议，这说明多数国家能够独立作出符合自身利益的政策选择，多数企业仍然致力于维护公平公正的市场环境。网络安全是全球性问题，事关各国共同利益，需要国际社会共同维护。中方倡导国际社会在相互尊重、平等互利的基础上，通过对话合作共同应对网络安全威胁。坦率地讲，如果任由滥用安全借口破坏市场环境、阻挠国际合作的做法大行其道，最终更受影响的还是那些产业、科技水平更发达的经济体。我们认为，建立统—客观、公开透明的网络安全标准，是个建设性的倡议。O葡总理反对滥用审查歧视非欧盟国家投资，陆慷：客观，理性", "author": "环球时报", "time": "环球时报03月06日17:30 来自微博weibo.com", "transmit": 37, "comment": 33, "zan": 223, "sentiment": [{"positive_prob": 0.0296361, "confidence": 0.934142, "negative_prob": 0.970364, "sentiment": 0}]}, {"text": "#华为nova4#贝母白，一见倾心​", "author": "华为终端官方微博", "time": "华为终端官方微博03月06日11:00 来自微博weibo.com", "transmit": 76, "comment": 227, "zan": 1354, "sentiment": [{"positive_prob": 0.721383, "confidence": 0.380851, "negative_prob": 0.278617, "sentiment": 2}]}, {"text": "【外交部：多国对中国企业5G建设持公正态度】近日，葡萄牙总理科斯塔在接受采访时表示，欧盟国家不应滥用安全审查来歧视来自非欧盟国家的投资。葡理解有关国家对参与华为5G网络可能存在的风险的担忧，但认为不应因此停止欧洲数字基础设施现代化进程。对此，外交部发言人陆慷表示，越来越多的各国人士已表明公正的态度，我们认为，建立统一客观、公开透明的网络安全标准，是个建设性的倡议。（央视）", "author": "人民网", "time": "人民网03月06日17:30 来自微博weibo.com", "transmit": 33, "comment": 28, "zan": 194, "sentiment": [{"positive_prob": 0.0554726, "confidence": 0.876727, "negative_prob": 0.944527, "sentiment": 0}]}, {"text": "#华为商城318周年庆#还有小可爱不知道Vmall商城7周年到底有哪些惊喜吗？来，不要眨眼，跟上我的tempo，34秒全部告诉你！潮出“7”待，耀你好看！转发这支魔性视频，抽送荣耀YOYO智能音箱一台！L荣耀honor官方微博的秒拍视频​", "author": "荣耀HONOR", "time": "荣耀HONOR03月06日21:07 来自荣耀V204800万3D相机", "transmit": 1254, "comment": 456, "zan": 607, "sentiment": [{"positive_prob": 0.929577, "confidence": 0.843504, "negative_prob": 0.0704233, "sentiment": 2}]}, {"text": "华为太特么贱了！抢注了OPPO的R系列商标，R17，R19，R21，三个商标！以后估计没R系列了！真特么老阴逼！​", "author": "数码论", "time": "数码论03月06日09:01 来自AI实力派vivoZ1", "transmit": 73, "comment": 682, "zan": 606, "sentiment": [{"positive_prob": 0.0679917, "confidence": 0.848907, "negative_prob": 0.932008, "sentiment": 0}]}, {"text": "谁说女生只要漂亮就行？都9012年了，新时代女性长得漂亮在职场也要赢得漂亮自信由你，#E起悦活悦美丽#！关注@华为EMUI并转发本微博，说说你身边工作能力强的女生都是什么样的抽送华为移动电源一个@微博抽奖平台​", "author": "华为EMUI", "time": "华为EMUI03月06日20:03 来自微博weibo.com", "transmit": 676, "comment": 540, "zan": 392, "sentiment": [{"positive_prob": 0.976675, "confidence": 0.948166, "negative_prob": 0.0233252, "sentiment": 2}]}, {"text": "新年伊始，华为“新一代刀片式基站BladeSite解决方案研制与大规模应用”项目就荣获2018年度国家科学技术进步一等奖。荣誉之后是华为人持之以恒的探索，那什么是刀片式基站？它能解决哪些问题？5G时代，无线基站又将如何升级？请听华为无线基站解决方案首席科学家吕劲松娓娓道来L华为中国的微博视频​", "author": "华为中国", "time": "华为中国03月06日20:01 来自微博视频", "transmit": 33, "comment": 24, "zan": 247, "sentiment": [{"positive_prob": 0.43465, "confidence": 0.0341116, "negative_prob": 0.56535, "sentiment": 0}]}, {"text": "网友用华为G9（1500元）普通模式、HDR模式、超级夜景模式拍的照片！​", "author": "C科技", "time": "C科技03月06日08:41", "transmit": 18, "comment": 294, "zan": 440, "sentiment": [{"positive_prob": 0.600184, "confidence": 0.11152, "negative_prob": 0.399816, "sentiment": 2}]}, {"text": "戳此文，独家深度解密华为MateX的三大折叠魔法！#华为#O科学家才是魔法师！解密华为MateX的三大折叠魔法​", "author": "菊厂搞机", "time": "菊厂搞机03月06日07:20 来自微博weibo.com", "transmit": 232, "comment": 79, "zan": 367, "sentiment": [{"positive_prob": 0.809525, "confidence": 0.576722, "negative_prob": 0.190475, "sentiment": 2}]}, {"text": "【外交部：多国对中国企业5G建设持公正态度】近日，葡萄牙总理科斯塔在接受采访时表示，欧盟国家不应滥用安全审查来歧视来自非欧盟国家的投资。葡理解有关国家对参与华为5G网络可能存在的风险的担忧，但认为不应因此停止欧洲数字基础设施现代化进程。对此，外交部发言人陆慷表示，越来越多的各国人士已表明公正的态度，我们认为，建立统一客观、公开透明的网络安全标准，是个建设性的倡议。（来源：@央视新闻）O外交部：多国对中国企业5G建设持公正态度", "author": "每日经济新闻", "time": "每日经济新闻03月06日18:41 来自专业版微博", "transmit": 13, "comment": 8, "zan": 93, "sentiment": [{"positive_prob": 0.0599779, "confidence": 0.866716, "negative_prob": 0.940022, "sentiment": 0}]}, {"text": "【华为欧洲网络安全透明中心揭幕，可直接接触源代码】华为网络安全透明中心5日在比利时首都布鲁塞尔揭幕。华为副董事长胡厚崑在仪式上说，华为充分理解人们对数字世界中网络安全问题的关切，“我相信，解决网络安全问题的正确方式应始于相互理解，这也是我们今天在此设立安全透明中心的目的”。通过这一中心可直接接触到华为的源代码——“我们皇冠上的明珠”，华为高级副总裁兼全球网络安全和隐私官约翰·萨福克说。O华为网络安全透明中心在布鲁塞尔揭幕，可直接接触到源代码", "author": "观察者网", "time": "观察者网03月06日17:13 来自微博weibo.com", "transmit": 31, "comment": 53, "zan": 179, "sentiment": [{"positive_prob": 0.94097, "confidence": 0.868823, "negative_prob": 0.0590299, "sentiment": 2}]}, {"text": "纽约时报称，华为正准备起诉美国政府禁止联邦机构使用华为产品。大家都知道，在美国进行诉讼不仅费钱还耗时，华为真要起诉，与美国政府的对峙将要持续好几年，并无悬念。华为起诉美国政府，充分利用美国司法独立体制，将被动防守变主动出击，可为下步棋如何走获得先手优势。​", "author": "Kevin在纽约", "time": "Kevin在纽约03月06日15:59 来自微博weibo.com", "transmit": 69, "comment": 246, "zan": 179, "sentiment": [{"positive_prob": 0.81251, "confidence": 0.583357, "negative_prob": 0.187489, "sentiment": 2}]}, {"text": "一见倾心#华为nova4#贝母白，明天见！​​​​", "author": "华为商城", "time": "华为商城03月06日11:16 来自nova4自拍极点全面屏", "transmit": 12, "comment": 28, "zan": 142, "sentiment": [{"positive_prob": 0.708163, "confidence": 0.351474, "negative_prob": 0.291837, "sentiment": 2}]}, {"text": "华为P30内存6+128G起，预计售价3999起华为P30Pro内存8+128G起，预计售价5399元起​", "author": "C科技", "time": "C科技03月06日13:39", "transmit": 7, "comment": 249, "zan": 134, "sentiment": [{"positive_prob": 0.767469, "confidence": 0.483265, "negative_prob": 0.232531, "sentiment": 2}]}, {"text": "#美，自有道理##对TA说晚安#小姐姐、姑娘、美女、女神、女汉子……现在对女性的称呼越来越多元化了。转评聊聊，【你平时工作生活中最常被称呼为什么呢？】小云将随机抽一位送出华为耳机。​", "author": "华为终端云服务", "time": "华为终端云服务03月06日22:05 来自对TA说晚安超话", "transmit": 161, "comment": 259, "zan": 121, "sentiment": [{"positive_prob": 0.987677, "confidence": 0.972615, "negative_prob": 0.0123232, "sentiment": 2}]}, {"text": "不比不知道，一比吓一跳苹果真是耽误了我这么一个伟大的摄影师支持华为​", "author": "小晖xiaohui", "time": "小晖xiaohui03月06日17:42 来自HUAWEIMate20Pro", "transmit": 18, "comment": 301, "zan": 361, "sentiment": [{"positive_prob": 0.745304, "confidence": 0.434009, "negative_prob": 0.254696, "sentiment": 2}]}, {"text": "我说小米9边充电边玩游戏发热严重，CPU温度能高达71度，摄像头右边的区域有烫手的感觉，米BOY们不信，说我黑小米，那好吧，要抬杠那就录个视频吧。当然CPU温度不代表手机背部的实际温度，但是安兔兔测试出来就是71度，华为mate20pro只有40多度，小米9还是用27W的快充，华为是用40W的快充，所以不建议小米9边充电边玩游戏，背部温度相比华为真的高不少，现在还不是夏天，夏天估计会更高。L科技圣斗士的微博视频", "author": "科技圣斗士", "time": "科技圣斗士03月06日21:39 来自微博视频", "transmit": 22, "comment": 213, "zan": 1242, "sentiment": [{"positive_prob": 0.190767, "confidence": 0.576074, "negative_prob": 0.809233, "sentiment": 0}]}, {"text": "公布答案。图1是我在华为Mate20系列的评测视频做的截图。左边是官服，右边是渠道服，非常明显的看出来左边清楚右边模糊。这个差别，就是1080p和720p的差别。大家都能感觉到。图二，左边荣耀Magic2，右边小米9。图三，左边小米9，右边荣耀Magic2。放在显示器上看，画质两个差的比较明显，小米9的线条更加柔和连贯。但是差距并没有1080p到720p那么夸张。可能1：华为的分辨率没降或只降了一点点，主要是画质的差别。可能2：华为的分辨率降到720p，然后用算法还原成1080p，瑕疵很少。两次算法做到几乎无延迟并降低GPU压力。最终结果就是肉眼看手机，几乎分不出来。拍下来放显示器上对着看确实有差别。只要调取GPU的渲染数据就能求证。等有能力的人去扒吧。", "author": "欧阳秋叶", "time": "欧阳秋叶03月06日20:59 来自UC浏览器电脑版", "transmit": 6, "comment": 135, "zan": 98, "sentiment": [{"positive_prob": 0.0272024, "confidence": 0.93955, "negative_prob": 0.972798, "sentiment": 0}]}, {"text": "刚刚过去的2019MWC大会，最热的新闻莫过于华为发布了5G折叠屏手机MateX，全世界媒体都把目光聚集在这款手机之上，我在现场，和众多的媒体、业内人士一样，都以能摸一摸这款手机为荣。发布了头条文章：《华为MateX两大维度创新重新定义5G折叠屏手机》O华为MateX两大维度创新重新定义5G折叠屏手机​", "author": "飞象网项立刚", "time": "飞象网项立刚03月06日12:08 来自微博weibo.com", "transmit": 34, "comment": 22, "zan": 125, "sentiment": [{"positive_prob": 0.885266, "confidence": 0.745035, "negative_prob": 0.114734, "sentiment": 2}]}, {"text": "作为新型通信平台，无人机可以搭建具有高速通信能力的数据链以及宽带存取点。近日，江苏联通携手华为开展了5G无人机无线网络测试应用研究，在有5G信号覆盖的南京河西CBD区域，通过无人机对水域、空间立体覆盖网络进行了分析。除了5G信号很棒，其实从空中俯瞰南京也很美O中国联通江苏分公司率先完成5G无人机路测研究，助力通信产业低空数字化发展​", "author": "华为中国", "time": "华为中国03月06日10:03 来自微博weibo.com", "transmit": 14, "comment": 18, "zan": 185, "sentiment": [{"positive_prob": 0.976061, "confidence": 0.946803, "negative_prob": 0.0239385, "sentiment": 2}]}, {"text": "【赛诺数据曝光，中国智能手机市场同比下滑8.9%】赛诺1月数据曝光，整体市场销量前五名分别是华为、vivo、OPPO、荣耀、苹果，销售额排名中，苹果虽然第一但是同比下降21%；其中线下市场两极分化依然严重，10%市场份额再成线下市场分水岭；线上市场则变化不大。​", "author": "ZOL中关村在线", "time": "ZOL中关村在线03月06日09:00 来自微博weibo.com", "transmit": 40, "comment": 189, "zan": 56, "sentiment": [{"positive_prob": 0.0532249, "confidence": 0.881722, "negative_prob": 0.946775, "sentiment": 0}]}, {"text": "2019年1月手机数据有点吓人：①华为+荣耀市场份额35.2%，这是真吓人，过去十年只有三星最辉煌时达到过30%，看目前趋势，华为+荣耀未来会达到40%，没有厂商达到过这个值②🍎一月同比下滑28%，断崖式下滑，跌落神坛③华为逆市增长46%，一骑绝尘，对手只看到影子​", "author": "C科技", "time": "C科技03月06日09:37", "transmit": 31, "comment": 231, "zan": 160, "sentiment": [{"positive_prob": 0.173363, "confidence": 0.614749, "negative_prob": 0.826637, "sentiment": 0}]}, {"text": "格列兹曼，欲罢不能！华为代言人与mate20Pro​", "author": "马德里竞技新闻", "time": "马德里竞技新闻03月06日21:30 来自马竞超话", "transmit": 34, "comment": 50, "zan": 220, "sentiment": [{"positive_prob": 0.715726, "confidence": 0.36828, "negative_prob": 0.284274, "sentiment": 2}]}, {"text": "【外媒称西方长期低估中国发展：中国经济影响力不断增强】瑞士《新苏黎世报》：十年前，不少专家还怀疑中国能否通过经济发展成为西方的竞争对手。如今，诸如华为这样的中国企业在技术上已跻身世界领先行列。虽然在军事上中国仍无法挑战美国，但技术领域的斗争已全面打响——O外媒称西方长期低估中国发展：中国经济影响力不断增强​", "author": "参考消息", "time": "参考消息03月06日11:41 来自微博weibo.com", "transmit": 23, "comment": 15, "zan": 62, "sentiment": [{"positive_prob": 0.435841, "confidence": 0.0314641, "negative_prob": 0.564159, "sentiment": 0}]}, {"text": "事实上，无论说是创新还是跟风，折叠屏手机的时代都已经不远了。业内估计，折叠屏手机出货量有望到2021年突破千万。LBongHo棒呼的微博视频​", "author": "BongHo棒呼", "time": "BongHo棒呼03月06日00:40 来自微博weibo.com", "transmit": 5, "comment": 7, "zan": 56, "sentiment": [{"positive_prob": 0.474104, "confidence": 0.482072, "negative_prob": 0.525896, "sentiment": 1}]}, {"text": "昨天，中国三号人物在人民大会堂通过华为5G技术和华为5G折叠屏手机，观看超高清节目，华为折叠屏手机这下牛比了，权威加牛比​", "author": "信通小熊猫", "time": "信通小熊猫03月06日13:11 来自微博HTML5版", "transmit": 23, "comment": 62, "zan": 139, "sentiment": [{"positive_prob": 0.953908, "confidence": 0.897572, "negative_prob": 0.0460924, "sentiment": 2}]}]