[{"text": "现在大家用手机配合我们的Cyberverse技术，可以更加直观地获取到室内室外的场景信息，以后现实与虚拟世界的交互越来越简单了。L华为终端官方微博的微博视频​", "author": "余承东", "time": "余承东10月24日18:34 来自HUAWEIMate30Pro", "transmit": 59, "comment": 423, "zan": 1680, "sentiment": [{"positive_prob": 0.81307, "confidence": 0.584599, "negative_prob": 0.18693, "sentiment": 2}]}, {"text": "【华为助力葡萄牙第一个5G网络落地】葡萄牙电信运营商NOS公司23日宣布，与中国华为公司合作在葡萄牙北部马托西纽什市建成该国首个5G网络。上周，在瑞士苏黎世召开的第十届全球移动宽带论坛上，华为公司5G产品线总裁杨超斌透露，目前华为在全球范围内签署了60多份5G商业合同，来自欧洲客户的有32份。（新华网）", "author": "环球时报", "time": "环球时报10月24日15:10 来自微博weibo.com", "transmit": 36, "comment": 58, "zan": 511, "sentiment": [{"positive_prob": 0.932648, "confidence": 0.850329, "negative_prob": 0.0673522, "sentiment": 2}]}, {"text": "华为霸霸好宠代言人nova自带的音乐播放器里有一个模块是发帖就有机会可以领少年的你电影票！还有千玺周边！去参加呀@TFBOYS-易烊千玺#易烊千玺少年的你#易烊千玺​", "author": "世间几人白凤九", "time": "世间几人白凤九10月24日12:43", "transmit": 1386, "comment": 297, "zan": 1608, "sentiment": [{"positive_prob": 0.914591, "confidence": 0.810201, "negative_prob": 0.0854093, "sentiment": 2}]}, {"text": "【一听大楼改名“华为中心”，台当局跑了......】据台媒报道，台“外交部”23日声称，台当局驻新西兰第一大城奥克兰的“台北经济文化办事处”已搬迁，责成其搬迁的原因是所在建筑物更名为“华为中心”，系基于“安全考虑”等理由要求搬迁。对台当局此做法，岛内网友批评称：什么事都拿“安全”理由来包装、遮丑。综合台湾“联合新闻网”等媒体10月23日报道，台“外交部”称，台当局“驻奥克兰台北经济文化办事处”原租地址于2001年8月起承租，至今年已18年。O一听大楼改名“华为中心”，台当局跑了......", "author": "环球网", "time": "环球网10月24日09:57 来自微博weibo.com", "transmit": 32, "comment": 69, "zan": 646, "sentiment": [{"positive_prob": 0.0597416, "confidence": 0.867241, "negative_prob": 0.940258, "sentiment": 0}]}, {"text": "这几天，在#你身边的程序员#收到微博好友的疯狂艾特之际，#华为云#受爱护程序员协会的委托，研制出可消除程序员六宗“懒罪”的程序员“懒人包”！一键get：O网页链接#致敬程序员我们是认真的#转评@3位程序员好友，说出你认为“懒人包”中对程序员最有用的神器和理由~小云将抽2位小伙伴送出荣耀1万毫安移动电源！", "author": "华为云", "time": "华为云10月24日15:42 来自专业版微博", "transmit": 248, "comment": 196, "zan": 263, "sentiment": [{"positive_prob": 0.978655, "confidence": 0.952567, "negative_prob": 0.0213451, "sentiment": 2}]}, {"text": "说点华为FreeBuds3工程机版的使用感受，基于最新固件版本1.0.0.115。这是目前半入耳式真无线蓝牙耳机里唯一支持主动降噪的一款，和华为WatchGT2手表搭载了相同的麒麟A1芯片，内部研发时全面对标真无线标杆产品，既苹果AirPods系列，所以最后定价达到了1199元。FreeBuds3支持双耳同时跟播放设备进行连接，也就是苹果AirPods、高通TWS+类似的方式，没有主副耳机之分，确保出色连接稳定性的同时，还能有效降低时延，让左右耳机耗电速度基本保持一致。因为半入耳的设计，佩戴舒适度方面FreeBuds3和苹果AirPods没区别，长时间佩戴明显强于入耳式。稳定性的实际表现，室内干扰少的时候FreeBuds3和AirPods2同级别，室外复杂路段，二者也难分伯仲，极端情况下，FreeBuds3因为具备自动切换信道的能力，卡顿情况甚至比AirPods2更少，没有出现过彻底断连的情况。FreeBuds3支持开盖秒连接，取下、戴上单只耳机能自动暂停、播放音乐，在已经配对过的设备之间切换，速度居然比AirPods2更快些，要知道这可是AirPods2相比AirPods一代提升不多的卖点。真无线另一个痛点就是延迟，今年优秀的新产品都会进行攻坚。华为FreeBuds3连Mate30Pro，听歌看视频无明显延迟，打《和平精英》游戏，声音延迟表现和AirPods2连苹果iPhone11ProMax相比很难分出谁更优秀，离有线耳机差距不大。如果把FreeBuds3连iPhone11ProMax，玩《和平精英》也是相同的表现，非常给力。不过连小米9Pro打游戏的话延迟在0.3秒左右，连另一台高通730G平台的手机也没有提升，不知道后续华为是否会给高通平台做优化。主动降噪能力，华为官方的数据表示可以降低15dB外界噪音。FreeBuds3开启最大降噪效果后，能明显感觉到周围环境噪音变小了，对汽车和飞机发动机产生的低噪能较好地进行抑制，整体降噪效果大致和小鸟TrackAir+一个水平，不过对人声的抑制比较一般。需要注意的是，FreeBuds3想要维持最大降噪效果，需要处于一个相对稳定的气压环境下，如果跑步或者快速行走，又或者迎面刮来一阵风导致耳机周围的气压有明显变化，主动降噪效果就会突然降低到30%左右，大概33秒后耳机可自动恢复最大降噪效果，等不急的也可以手动进行开关恢复。也就是说你需要绝对稳定的降噪，相比之下像索尼WF-1000XM3这种靠谱的入耳式真无线降噪耳机才是优选。音质上我觉得FreeBuds3和AirPods2处于同一水平，可能前者听流行音乐时的人声表现稍好。FreeBuds3这次为了续航和低时延，取消了HWA模式，只支持AAC和SBC，我个人觉得真无线耳机能有个AAC足够了，要绝对好音质请换其它类型耳机。通话音质方面，FreeBuds3声音清晰度没有AirPods2好，二者室外马路边的降噪效果都不错。FreeBuds3最近几个固件都在提升通话音质，不知道正式开卖后是否能追上苹果的表现。华为FreeBuds3开主动降噪，用50%音量听歌，续航大概三小时，不开降噪听歌续航大约四小时。没电后耳机10分钟可充到50%电量，37分钟充满100%，给充电盒充电的速度也很快，同时也支持无线充电。虽然FreeBuds3续航一般，但快充的加入或多或少弥补了一些不足，如果开降噪还有四小时续航就比较OK了。华为FreeBuds3和Mate30Pro配对、连接时都有弹窗动画可以查看电池盒剩余电量，在智慧生活软件里才能实现全部功能，比如通过圆环调节降噪等级和舒适度（包含开启环境音增强），自定义左右耳双击操作等。不过目前iOS版软件还不支持，我也不敢说未来就一定会适配。值不值得买？如果是华为最近两年旗舰手机的用户还是可以入手的，特别是搭载麒麟990的Mate30系列，可以最大限度发挥出耳机的全部性能。至于苹果iPhone用户，真需要半入耳主动降噪耳机，可以等后续软件确实适配后再考虑，别做小白鼠。", "author": "晴天披沥", "time": "晴天披沥10月24日00:10 来自HUAWEIMate30Pro", "transmit": 55, "comment": 226, "zan": 396, "sentiment": [{"positive_prob": 0.935937, "confidence": 0.857637, "negative_prob": 0.0640635, "sentiment": 2}]}, {"text": "【#霜降#节气】“霜降始霜”反映的是黄河流域的气候特征。就全年霜日而言，青藏高原上的一些地方年霜日在200天以上；而福州以南及两广沿海平均年霜日不到1天。虽然广州基本无霜，但也可以看看#华为Mate30#Pro拍摄的#霜降#，一起感受秋（bei）天(fang）的气息。（评论有福利哦）L广州天气的微博视频O抽奖详情", "author": "广州天气", "time": "广州天气10月24日10:10 来自微博weibo.com", "transmit": 1002, "comment": 598, "zan": 213, "sentiment": [{"positive_prob": 0.97783, "confidence": 0.950734, "negative_prob": 0.0221697, "sentiment": 2}]}, {"text": "昨天我在深圳参加华为5G终端及全场景新品发布会，亲身感受了刚刚#首款5G爆品上市#的Mate30系列5G版。这款备受关注的5G旗舰到底怎样，5G牵动的全场景智能协同又是什么样的体验？大家跟随我的镜头一起来感受一下吧​​​L爱搞机的小nv孩的秒拍视频​", "author": "爱搞机的小nv孩", "time": "爱搞机的小nv孩10月24日11:00 来自微博weibo.com", "transmit": 503, "comment": 519, "zan": 1145, "sentiment": [{"positive_prob": 0.965258, "confidence": 0.922795, "negative_prob": 0.0347423, "sentiment": 2}]}, {"text": "#霜降#露已成霜，天气渐微凉，最近又有一波冷空气，大家注意防寒保暖。L华为终端官方微博的秒拍视频​", "author": "Vista看天下", "time": "Vista看天下10月24日11:45 来自微博云剪", "transmit": 847, "comment": 6, "zan": 49, "sentiment": [{"positive_prob": 0.850834, "confidence": 0.668521, "negative_prob": 0.149166, "sentiment": 2}]}, {"text": "#霜降#，秋天的最后一个节气，这一年过得真快。L华为终端官方微博的秒拍视频​", "author": "思想聚焦", "time": "思想聚焦10月24日13:50 来自微博weibo.com", "transmit": 139, "comment": 104, "zan": 686, "sentiment": [{"positive_prob": 0.895257, "confidence": 0.767239, "negative_prob": 0.104743, "sentiment": 2}]}, {"text": "华为首款折叠屏手机MateX正式发售，从现场体验来看，它的完成度已经非常高，玩《和平精英》能看到更多画面，简直物理外挂！16999元你会选择入手一部吗？L微博数码的微博视频​", "author": "微博数码", "time": "微博数码10月24日14:13 来自微博云剪", "transmit": 69, "comment": 89, "zan": 386, "sentiment": [{"positive_prob": 0.89671, "confidence": 0.770466, "negative_prob": 0.10329, "sentiment": 2}]}, {"text": "秦时明月携手#华为主题宝藏吾国##DigiX数字生活节#华为主题馆，10/24-28日登陆西安大唐西市（这里也是丝绸之路起点）！~我是不会告诉你们，来现场就有很多好玩互动，还有福利、周边可以赢取噢~@华为终端云服务2上海​", "author": "秦时明月官方微博", "time": "秦时明月官方微博10月24日17:09 来自罗网的iPhoneXR", "transmit": 40, "comment": 339, "zan": 1374, "sentiment": [{"positive_prob": 0.965459, "confidence": 0.923243, "negative_prob": 0.0345408, "sentiment": 2}]}, {"text": "【华为何刚：#MateX卖16999不算贵#】据36氪消息，华为消费者业务手机产品线总裁何刚表示，此前大家认为5G还不成熟，现在无论是网络配合还是手机体验都相当成熟。对于华为MateX的16999元定价，何刚认为折叠屏手机部件都不便宜，一些部件还需要华为帮助供应商解决，所以这个定价是合适的。你一个月的工资能不能买得起一部MateX呢？", "author": "凤凰网科技", "time": "凤凰网科技10月24日09:33 来自微博weibo.com", "transmit": 7, "comment": 11, "zan": 1117, "sentiment": [{"positive_prob": 0.143867, "confidence": 0.680295, "negative_prob": 0.856133, "sentiment": 0}]}, {"text": "华为手机缺点那么多，为什么没人说啊1、最不能接受的就是，裸奔挂花，刚买的新手机，真心觉得难受😣2、打游戏不像iPhone有压力传感器，吃鸡的时候难受😣3、手机振动很弱，放在裤子口袋完全感觉不到消息提醒，错过了好多电话😣4、触感不灵敏，也不知道是曲面屏幕的原因，还是就这鬼样，点上经常没反应😣5、夜景拍照预览，惨白惨白的，没有色彩，灯光还有一些不真实的色彩。😣6、人像模式磨皮美肤太强烈了，看不到皮肤上任何细节！😣7、还有其它小问题，也很多。😣绿洲", "author": "Hey贝塔", "time": "Hey贝塔10月24日18:13 来自绿洲APP", "transmit": 104, "comment": 1226, "zan": 3096, "sentiment": [{"positive_prob": 0.0488552, "confidence": 0.891433, "negative_prob": 0.951145, "sentiment": 0}]}, {"text": "发布了头条文章：《寒潮来袭》财经每日必读#微博赚钱季#周四创业板壳+天然气+新能源汽车最强，华为/科技/数字货币和养殖等继续分化，主板放量滞跌（明日预设反弹，注意观察成交量能否有效放大）强势股接力的亏钱效应明显，明日鲁商发展，华谊嘉信等作为非科创板情绪标杆观察，空间板高度到5板，首板数量减少，关注盘中逆市走强的人气股，最优策略是耐心等回踩企稳后的操作机会，低吸富一生。科创板弱势盘整，没有走出正连续，继续耐心等待板块赚钱效应恢复，微芯生物+山石网科+方邦股份+南微医学+沃尔德+铂力特等盘中继续观察。Ps：寒潮来袭，北方的同学下周供暖嘛O寒潮来袭", "author": "lesliesay", "time": "lesliesay10月24日16:34 来自微博weibo.com", "transmit": 379, "comment": 178, "zan": 509, "sentiment": [{"positive_prob": 0.970537, "confidence": 0.934526, "negative_prob": 0.0294632, "sentiment": 2}]}, {"text": "#华为5G折叠屏手机16999元#【#华为5G折叠屏手机发布#16999元！华为最贵手机上市，网友：不好贴膜，缓缓再买…】10月23日，华为在深圳召开5G全场景媒体品鉴会，备受瞩目的华为首款折叠屏5G手机终于发布。售价方面，HUAWEIMateX8GB+512GB版国行售价为16999元，将于11月15日上午在华为商城限量销售。有网友认为，这个价格“肯定不是走量”了，但想尝鲜的人很多，也“不愁卖”。也有网友调侃称，不是钱的事儿，主要是手机没法贴膜/套壳，就不想买了……O5G折叠屏，16999元！华为最贵手机上市，网友：不好贴膜，缓缓再买…O5G折叠屏，16999元！华为最贵手机上市，网友：不好贴膜，缓缓再买…", "author": "每日经济新闻", "time": "每日经济新闻10月24日08:39 来自微博weibo.com", "transmit": 41, "comment": 46, "zan": 134, "sentiment": [{"positive_prob": 0.0215687, "confidence": 0.95207, "negative_prob": 0.978431, "sentiment": 0}]}, {"text": "你敢信这些水下摄影都是我手机拍的？？被华为手机的质感吓到！都是夜潜拍的，夜潜能碰到很多白天不出来的生物，我觉得比白天有趣唉！图一：超幸运拍到顶着海葵的一种寄居蟹！真的很少见的，图二：这种海兔挺常见的，但是还是被手机表现力惊讶到一下；图三：其实这张图片里面除了长满蓝色眼睛的砗磲贝，还有一只石头鱼，有人发现了吗？图四：超近距离拍这只超大的豚鱼，还好它比较温顺；图五：这中发的帅比是谁？？图六：不记得叫什么鱼了！谁知道告诉我啊！图七：在码头拍到一窝子海龙！！！图八：年幼的狮子鱼给我看它尾巴？？图九：这只寄居蟹好像发现了我，所以立马就跑，然后很惨的撞在了海胆上！都是在这家婆罗洲潜水马步度假村门口码头拍的！嘻嘻，潜水太有趣了吧！早点休息吧！明天还要五点半去诗巴丹！我问潜导为啥这么早去？潜导说因为隆头鹦鹉鱼比较早起。我……我还能说什么？？？睡了！古耐#趁着年轻去旅行吧##野是姚舜##带着微博去旅行#2马来西亚·BorneoDiversMabulResort", "author": "姚舜不二", "time": "姚舜不二10月24日22:16 来自HUAWEIP30Pro", "transmit": 6, "comment": 133, "zan": 592, "sentiment": [{"positive_prob": 0.740736, "confidence": 0.423858, "negative_prob": 0.259264, "sentiment": 2}]}, {"text": "秋天最后的一首诗，名为#霜降#，我们用#华为Mate30#Pro为你呈现。L华为Mate30Pro镜头下的霜降​", "author": "华为终端官方微博", "time": "华为终端官方微博10月24日10:00 来自微博weibo.com", "transmit": 348, "comment": 122, "zan": 862, "sentiment": [{"positive_prob": 0.938202, "confidence": 0.862671, "negative_prob": 0.061798, "sentiment": 2}]}, {"text": "【任正非：#鸿蒙不会取代安卓#】华为心声社区日前刊登任正非接受美国消费者新闻与商业频道（CNBC）采访内容，提到了华为鸿蒙系统、安卓系统等问题。任正非表示，“鸿蒙如果能够有一部分生态，那也是补充，而不是主要的替代关系”，“我们将来不会替代安卓，会支持安卓发展”。O鸿蒙取代安卓？任正非回应​", "author": "凤凰网财经", "time": "凤凰网财经10月24日08:29 来自微博weibo.com", "transmit": 51, "comment": 178, "zan": 486, "sentiment": [{"positive_prob": 0.463236, "confidence": 0.264727, "negative_prob": 0.536764, "sentiment": 1}]}, {"text": "大家期待的#华为FreeBuds#3来了，说说看它最吸引你的是____？L华为终端官方微博的微博视频​", "author": "华为终端官方微博", "time": "华为终端官方微博10月24日21:14 来自微博视频", "transmit": 38, "comment": 125, "zan": 437, "sentiment": [{"positive_prob": 0.594761, "confidence": 0.09947, "negative_prob": 0.405239, "sentiment": 2}]}, {"text": "已经有人破解了华为的多屏协同，非华为的电脑也可以实现，玩手游简直犯规。不知道华为会不会更新补丁封杀，希望可以开个口子，毕竟这种可以刺激手机销量。L明晞十八的微博视频​", "author": "明晞十八", "time": "明晞十八10月24日13:49 来自微博视频", "transmit": 67, "comment": 389, "zan": 1299, "sentiment": [{"positive_prob": 0.903019, "confidence": 0.784487, "negative_prob": 0.0969811, "sentiment": 2}]}, {"text": "郑云龙ROA返场龙嗨的飞起的视频来了！真的庆幸这周来上海出差，而且果断收了几乎半价的首场前排票。还有我新买的华为mate30处女秀真的用来拍了龙，我太圆满了！就是第一次用新手机录视频没太掌握好，大家凑合看。下周30号龙首场再见，不过就是位置比我今天的差太多了！L霞光韵蔚然的微博视频", "author": "霞光韵蔚然", "time": "霞光韵蔚然10月24日23:33 来自郑云龙超话", "transmit": 84, "comment": 68, "zan": 379, "sentiment": [{"positive_prob": 0.708395, "confidence": 0.351989, "negative_prob": 0.291605, "sentiment": 2}]}, {"text": "本月阿华的粉丝日惊喜，先从华为5G旗舰新品开启。点开大图查收更多哦~​", "author": "华为终端官方微博", "time": "华为终端官方微博10月24日20:00 来自微博weibo.com", "transmit": 123, "comment": 257, "zan": 828, "sentiment": [{"positive_prob": 0.987516, "confidence": 0.972258, "negative_prob": 0.0124838, "sentiment": 2}]}, {"text": "在中国华为MateX和韩国三星GalaxyFold之间的战争即将打响之际，日本配件厂商株式会社ミヤビックス☆ビザビ事業部发布了针对折叠手机器的贴膜产品原型，试图两头恰饭。在GalaxyFold上贴合完美，透明度好，但是贴膜难度高，很容易产生气泡，需要将机器合上并放一晚上等溢出。@KangL午后狂睡的微博视频", "author": "午后狂睡", "time": "午后狂睡10月24日22:04 来自NEX35G", "transmit": 30, "comment": 78, "zan": 413, "sentiment": [{"positive_prob": 0.919156, "confidence": 0.820347, "negative_prob": 0.0808439, "sentiment": 2}]}, {"text": "华为昨天发布的#华为VR#Glass应该就是5G的第一批应用吧，这种增强类的应用可以通过高速传输无延时的完成交互。另外本身支持0-700度的近视调解，这个对于近视人群非常友好。我自己使用的一个普通VR不戴眼镜看，基本有一只眼睛看不清...L华为终端官方微博的秒拍视频​", "author": "钟文泽", "time": "钟文泽10月24日18:00 来自微博weibo.com", "transmit": 68, "comment": 88, "zan": 541, "sentiment": [{"positive_prob": 0.938655, "confidence": 0.863679, "negative_prob": 0.0613445, "sentiment": 2}]}, {"text": "华为Mate305G图赏：一台没有5Glogo的5G手机。（如果大家城市还没建5G，其实4G版也很香）​", "author": "科技疯汇", "time": "科技疯汇10月24日19:01", "transmit": 8, "comment": 153, "zan": 499, "sentiment": [{"positive_prob": 0.486718, "confidence": 0.734351, "negative_prob": 0.513282, "sentiment": 1}]}, {"text": "各大手机厂商在前段时间都纷纷发布了自家的旗舰手机，每款都有各自的特点和优势，我们选择了vivoNEX3、华为Mate30Pro以及iPhone11ProMax来进行多维度横向评测，更直观、更“全面”，看看这三款旗舰机在各个方面的表现到底是怎样的！L科氪Krtech的微博视频​", "author": "科氪Krtech", "time": "科氪Krtech10月24日17:51 来自微博视频", "transmit": 73, "comment": 169, "zan": 311, "sentiment": [{"positive_prob": 0.922985, "confidence": 0.828856, "negative_prob": 0.0770146, "sentiment": 2}]}, {"text": "开合之间，尽享无界视野；双模双卡，畅游5G时代；智慧分屏，一屏亦可多用；澎湃电力，快速满血复活……波澜不惊的时光里不能没有期待，这就是#华为MateX#，11月15日，众多精彩、为你而来。L华为中国的微博视频​", "author": "华为中国", "time": "华为中国10月24日07:00 来自微博weibo.com", "transmit": 28, "comment": 46, "zan": 265, "sentiment": [{"positive_prob": 0.939806, "confidence": 0.866237, "negative_prob": 0.0601935, "sentiment": 2}]}, {"text": "（3）创业板壳：还能保持这个强度还是有点超出我预计的，没参与；天龙光电：四天三板，我比较喜欢强势股的上影线；古鳌科技、华谊嘉信、金龙机电、九洲电气、高盟新材；天翔环境：14亿债务有望豁免或减免天翔环境(300362)司法重整迎转折，也是壳资源；（4）大科技华为鸿蒙：常山北明，带动的还有东方通和中国长城，存；操作系统：高鸿股份区块链：瀚叶股份、四方精创；（4）其他宠物：中宠股份，营收增速稳健，也算细分龙头环保+业绩增长：恒大高新；智能家居：海鸥住工，前三季度净利1.08亿元同比增逾2倍；前期强势股+业绩预增：天顺股份，炒冷饭；知识产权：汉邦高科，基本面不佳；纺织服装：星期六、华斯股份；超跌+壳资源：合金投资、大连友谊，这种走势没兴趣水产：国联水产、好当家；次新：宏和科技，远超预期的走势，有钱真好；KCB：微芯生物，跌了60%后的反弹，你们看看分时；", "author": "阿某大叔", "time": "阿某大叔10月24日06:47 来自360安全浏览器", "transmit": 128, "comment": 384, "zan": 720, "sentiment": [{"positive_prob": 0.923364, "confidence": 0.829697, "negative_prob": 0.0766362, "sentiment": 2}]}, {"text": "哈哈刚刚下单预定了华为我觉得哪儿都挺好就是没有小屏款的很是蛋疼到手了给大家更新后续吧本来想换新iPhone但iPhone这两年太让我失望了每次都想换新机的时候但都让我放弃了换的想法反正我感觉就是原地踏步款式也没什么改变也还是4G如果明年可以全面屏再或者机身边框改成iPadpro那样（如图二）我肯定还换回来毕竟系统好用而且我喜欢5.8英寸的屏幕顺手国产旗舰机屏幕都太TM大了神烦#华为mate305g预售#", "author": "Jo陳帥", "time": "Jo陳帥10月24日12:33 来自大🐷蹄子iPhoneX", "transmit": 5, "comment": 226, "zan": 388, "sentiment": [{"positive_prob": 0.415883, "confidence": 0.0758147, "negative_prob": 0.584117, "sentiment": 0}]}]