[{"text": "沙特阿拉伯王国首个华为高级体验店“HUAWEI RIYADH”于5日在首都利雅得隆重开业！沙特投资总局副局长和中国驻沙特大使亲自到场并为门店剪彩，不仅有大批媒体现场报道，店内和路演现场更迎来里三层外三层的人潮，感谢消费者的热情支持，欢迎新年来这里打卡吸“壕”气！​", "author": "余承东", "time": "余承东01月09日20:36 来自华为Mate20保时捷设计", "transmit": 102, "comment": 347, "zan": 1429, "sentiment": [{"positive_prob": 0.973326, "confidence": 0.940724, "negative_prob": 0.026674, "sentiment": 2}]}, {"text": "【#雷军取消关注知乎问题#：为什么华为是民族品牌，小米却不是】1月8日，雷军的知乎个人主页显示关注了问题：“同样是国产手机，为什么华为是民族品牌，而在印度市场占有率第一的小米却不是民族骄傲?”目前这条问题下已有500多条回答，但是雷军已取消关注该问题。L老板联播的秒拍视频​", "author": "新浪财经", "time": "新浪财经01月09日20:44 来自微博weibo.com", "transmit": 208, "comment": 1542, "zan": 1231, "sentiment": [{"positive_prob": 0.0589474, "confidence": 0.869006, "negative_prob": 0.941053, "sentiment": 0}]}, {"text": "【#雷军取消关注知乎问题#：为什么华为是民族品牌，小米却不是】1月8日，雷军的知乎个人主页显示关注了问题：“同样是国产手机，为什么华为是民族品牌，而在印度市场占有率第一的小米却不是民族骄傲?”目前这条问题下已有500多条回答，但是雷军已取消关注该问题。L老板联播的秒拍视频​", "author": "老板联播", "time": "老板联播01月09日19:15 来自微博weibo.com", "transmit": 487, "comment": 4045, "zan": 4083, "sentiment": [{"positive_prob": 0.0589474, "confidence": 0.869006, "negative_prob": 0.941053, "sentiment": 0}]}, {"text": "【雷军关注知乎问题：为什么小米不是民族骄傲】8日下午消息，小米公司创始人兼董事长雷军的知乎个人主页显示，雷军关注了问题“同样是国产手机，为什么华为是民族品牌，而在印度市场占有率第一的小米却不是民族骄傲？”​", "author": "新浪财经", "time": "新浪财经01月09日11:08 来自微博weibo.com", "transmit": 198, "comment": 1215, "zan": 531, "sentiment": [{"positive_prob": 0.0444377, "confidence": 0.90125, "negative_prob": 0.955562, "sentiment": 0}]}, {"text": "【#雷军取消关注知乎问题#：为什么华为是民族品牌，小米却不是】1月8日，雷军的知乎个人主页显示关注了问题：“同样是国产手机，为什么华为是民族品牌，而在印度市场占有率第一的小米却不是民族骄傲?”目前这条问题下已有500多条回答，但是雷军已取消关注该问题。@老板联播L老板联播的秒拍视频​", "author": "梨视频", "time": "梨视频01月09日23:46 来自微博weibo.com", "transmit": 124, "comment": 489, "zan": 377, "sentiment": [{"positive_prob": 0.0611656, "confidence": 0.864076, "negative_prob": 0.938834, "sentiment": 0}]}, {"text": "【华为与袁隆平合作培养海水稻是谣言！但先别急着取消点赞…】近日，有消息称华为轮值董事长胡厚崑宣布与袁隆平合作培育海水稻，从15亿亩盐碱地里改造出1亿亩的良田。一时间，网友纷纷为这一合作点赞！但是昨晚，@华为中国发声明称并没有任何从事水稻种植业务的计划，也没有发布任何与此相关的消息。不少网友留言称白赞了一天，但是也有网友指出，大家都忽视了声明里面的重要信息：过去几年，华为通过提供ICT技术使能土壤数字化，助力盐碱地改良，推动以物联网、大数据、移动互联等为支撑的智慧农业发展。华为是技术提供者，也是助力客户数字化转型的使能者。从辟谣以及相关报道我们可以看出，华为依然是农业的技术提供者，支持者，在农业的相关领域并未缺席。而网上文章却跑偏变成了双方合作种水稻。O华为与袁隆平合作培养海水稻是谣言！但先别急着取消点赞…", "author": "中国青年报", "time": "中国青年报01月09日10:30 来自微博weibo.com", "transmit": 23, "comment": 15, "zan": 100, "sentiment": [{"positive_prob": 0.959263, "confidence": 0.909472, "negative_prob": 0.0407374, "sentiment": 2}]}, {"text": "【#雷军取消关注知乎问题#：为什么华为是民族品牌，小米却不是】1月8日，雷军的知乎个人主页显示关注了问题：“同样是国产手机，为什么华为是民族品牌，而在印度市场占有率第一的小米却不是民族骄傲?”目前这条问题下已有500多条回答，但是雷军已取消关注该问题。L老板联播的秒拍视频(来源：@老板联播)", "author": "每日经济新闻", "time": "每日经济新闻01月09日22:12 来自微博weibo.com", "transmit": 36, "comment": 121, "zan": 157, "sentiment": [{"positive_prob": 0.0747488, "confidence": 0.833892, "negative_prob": 0.925251, "sentiment": 0}]}, {"text": "【华为辟谣：没有任何从事水稻种植业务的计划】近日，“华为宣布与袁隆平合作培养海水稻”的消息在网上热传。8日晚，华为发布声明称，公司注意到从昨天开始网络上出现“华为宣布与袁隆平公司合作培养水稻”等不实消息。华为公司对环球网科技表示：“此消息不属实，华为没有任何从事水稻种植业务的计划，也没有发布任何与此相关的消息。”O华为辟谣：没有任何从事水稻种植业务的计划", "author": "环球时报", "time": "环球时报01月09日17:30 来自微博weibo.com", "transmit": 47, "comment": 115, "zan": 204, "sentiment": [{"positive_prob": 0.0454866, "confidence": 0.898919, "negative_prob": 0.954513, "sentiment": 0}]}, {"text": "iPhoneXS是确实没让我动心，最终败给了mate20Pro不死心的这一次是认真的想换华为了。​", "author": "小多妈Yuki", "time": "小多妈Yuki01月09日20:46 来自HUAWEIMate20Pro", "transmit": 16, "comment": 291, "zan": 290, "sentiment": [{"positive_prob": 0.288985, "confidence": 0.357811, "negative_prob": 0.711015, "sentiment": 0}]}, {"text": "骗子翻车现场！马来西亚68岁法师林文华为证明自己法力无边，当众表演“清蒸”，30分钟后，结果悲剧了…L最神奇的视频的微博视频​", "author": "最神奇的视频", "time": "最神奇的视频01月09日15:07 来自秒拍网页版", "transmit": 952, "comment": 308, "zan": 439, "sentiment": [{"positive_prob": 0.0641429, "confidence": 0.85746, "negative_prob": 0.935857, "sentiment": 0}]}, {"text": "一组华为mate20拍摄的日本景点，看完应该知道和荣耀v20选哪个了吧！（图viadaphnechien）​", "author": "IT科技侠", "time": "IT科技侠01月09日09:05 来自微博weibo.com", "transmit": 20, "comment": 95, "zan": 111, "sentiment": [{"positive_prob": 0.738882, "confidence": 0.419737, "negative_prob": 0.261118, "sentiment": 2}]}, {"text": "【华为把美国公司告了！】路透社：美国科技公司InterDigital表示，华为于1月2日向深圳中级人民法院提起诉讼，指控InterDigital违反了在公平、合理和非歧视的条件下，对3G、4G和5G无线通信标准至关重要的专利技术进行授权的义务。华为要求法院确定2019年至2023年期间适用于InterDigital无线产品的专利使用费。O华为把美国公司告了！", "author": "参考消息", "time": "参考消息01月09日09:30 来自微博weibo.com", "transmit": 63, "comment": 32, "zan": 171, "sentiment": [{"positive_prob": 0.833089, "confidence": 0.629087, "negative_prob": 0.166911, "sentiment": 2}]}, {"text": "【2018华为手机摄影比赛作品】国产手机，已然崛起的新势力#小手机大世界#​", "author": "手机摄影", "time": "手机摄影01月09日18:42 来自iPhone客户端", "transmit": 15, "comment": 17, "zan": 162, "sentiment": [{"positive_prob": 0.804641, "confidence": 0.565869, "negative_prob": 0.195359, "sentiment": 2}]}, {"text": "南极之美，始于想象，陷于梦幻，忠于纯净。跟着#华为Mate20#X的镜头看南极，不失为一种全新的视觉享受。O网页链接L华为终端官方微博的微博视频​​​", "author": "徐钦松Jim", "time": "徐钦松Jim01月09日21:05 来自HUAWEIMate20Pro", "transmit": 38, "comment": 22, "zan": 237, "sentiment": [{"positive_prob": 0.966197, "confidence": 0.924883, "negative_prob": 0.0338024, "sentiment": 2}]}, {"text": "轻松两步，图片瞬间变身可编辑PPT。#华为Mate20#系列智能文档编辑功能，让码PPT更灵活，走到哪码到哪~L华为终端官方微博的秒拍视频​", "author": "华为手机", "time": "华为手机01月09日18:00 来自HUAWEIMate20Pro", "transmit": 36, "comment": 57, "zan": 247, "sentiment": [{"positive_prob": 0.955717, "confidence": 0.901593, "negative_prob": 0.0442834, "sentiment": 2}]}, {"text": "【韬光养晦只是手段，中国的目标一直是有所作为】#这就是中国张维为#张维为老师表示，中国现在这批领导人，很多都是从大风大浪里历练过来的，难道还怕和流氓打交道？很多人为美国对华为孟晚舟出手的事情气愤不已，但其实相对当年的轰炸大使馆事件、撞机事件，美国其实都已经很“低调”了。我们中国人这些年一直说“韬光养晦”，但这只是一种手段，我们的目标始终都是要“有所作为”，这一点美国人其实明白了。L观视频工作室的秒拍视频", "author": "观视频工作室", "time": "观视频工作室01月09日16:14 来自专业版微博", "transmit": 56, "comment": 36, "zan": 159, "sentiment": [{"positive_prob": 0.496252, "confidence": 0.925049, "negative_prob": 0.503748, "sentiment": 1}]}, {"text": "华为公司搞手机技术创新确实比苹果三星有优势，苹果三星在手机产品技术战略上只能跟在华为后面跑了，任正非认为如果华为手机干垮了，没关系（华为总公司还是照样可以支持华为手机再次崛起），但如果苹果三星的手机被干下去了，它们自己公司基本就没戏了，任正非的原话：“（华为）终端业务一旦有风险，可以退下来修整，我们（华为）也有七、八百亿美金的管道业务（企业业务，运营商业务）支撑着它，它们还可以东山再起。所以华为终端做错一件事没关系，但是苹果、三星做错一件事，他们就波及到坐标的底线了，他们要东山再起的困难较大一些，但是我们（华为）没有这种压力，所以我们就允许终端有冒险精神。”华为公司的战略水平确实堪称世界第一（如图）", "author": "信通小熊猫", "time": "信通小熊猫01月09日12:52 来自微博HTML5版", "transmit": 22, "comment": 77, "zan": 55, "sentiment": [{"positive_prob": 0.462151, "confidence": 0.24301, "negative_prob": 0.537849, "sentiment": 1}]}, {"text": "【街采：巴新朋友最喜欢中国的什么】世界各地的麦当劳引人关注，而巴新人眼中的中国又有哪些元素？最喜欢的商品：华为、Oppo；最喜欢的美食：豆腐、火锅、烤鸭；知道的中国人：成龙、张继科、马云；了解的城市：北京、上海、香格里拉......巴新街采↓告诉你他们眼中的中国！L人民日报的秒拍视频​", "author": "中华全国学联", "time": "中华全国学联01月09日10:30", "transmit": 66, "comment": 76, "zan": 161, "sentiment": [{"positive_prob": 0.978429, "confidence": 0.952063, "negative_prob": 0.0215714, "sentiment": 2}]}, {"text": "网友：发现身边都是清一色的华为手机，是不是苹果装面子的时代已经过去了呢？你们觉得过去了吗？​", "author": "IT科技侠", "time": "IT科技侠01月09日23:48 来自微博weibo.com", "transmit": 62, "comment": 1115, "zan": 473, "sentiment": [{"positive_prob": 0.0928336, "confidence": 0.793703, "negative_prob": 0.907166, "sentiment": 0}]}, {"text": "易烊千玺#易烊千玺给你一点甜甜##BottegaVeneta亚太区代言人易烊千玺#超喜欢的话题，超喜欢的视频，易烊千玺不是一般的甜甜@TFBOYS-易烊千玺华为nova四字弟弟yyqx易烊千玺28四字粉丝L甜酸奶盖儿的秒拍视频​​​", "author": "千玺梨涡里躺着的炸炸", "time": "千玺梨涡里躺着的炸炸01月09日12:14 来自易烊千玺超话", "transmit": 47, "comment": 154, "zan": 376, "sentiment": [{"positive_prob": 0.951372, "confidence": 0.891938, "negative_prob": 0.048628, "sentiment": 2}]}, {"text": "焕然一新，开启新年无限可能。1月10日，#华为Mate20#系列全新配色，惊喜来袭！​", "author": "华为终端官方微博", "time": "华为终端官方微博01月09日10:00 来自微博weibo.com", "transmit": 45, "comment": 251, "zan": 791, "sentiment": [{"positive_prob": 0.973405, "confidence": 0.940899, "negative_prob": 0.0265954, "sentiment": 2}]}, {"text": "近日，2018年度国家科学技术进步奖在北京揭晓，华为“新一代刀片式基站（BladeSite）解决方案研制与大规模应用”项目获得2018年度国家科学技术进步奖一等奖。该项目凭借创新的基带、主控、传输、中频、射频芯片，高效节能的基站技术，灵活拼装的全刀片形态设计等创新点获得该荣誉，通过一系列重大技术突破，实现在移动通信领域核心设备基站的竞争力持续领先，并取得巨大的社会和经济效益。华为刀片式基站解决方案采用统一的模块化设计，实现基站主要元素如射频、基带、电源、电池、微波、传输的刀片化，不同模块间的任意快速拼装组合无缝拼装，能灵活安装在抱杆，贴塔，墙面或者屋顶，“0”站址无需机房机柜，使基站的安装像拼积木一样简单便捷。刀片式基站同时支持2G/3G/4G等多制式，在多频多模网络发展策略下可以高效利用宝贵的站点资源，大幅降低站点获取难度和减少站点租金，帮助运营商应对移动网络快速增长的容量需求。", "author": "华为中国", "time": "华为中国01月09日11:49 来自微博weibo.com", "transmit": 28, "comment": 58, "zan": 340, "sentiment": [{"positive_prob": 0.984733, "confidence": 0.966072, "negative_prob": 0.0152674, "sentiment": 2}]}, {"text": "【华为状告美国英特尔公司授权专利不公平】路透社报道，华为于1月2日向广东深圳中级人民法院提起诉讼，指控美国知名科技公司InterDigital违反了在公平、合理和非歧视的条件下，授权3G、4G和5G无线通信标准至关重要的专利技术的义务。安哥：通过法律渠道解决与跨国纠纷，是中国企业走出去的必由之路。（参考消息）O新一轮反击启幕？华为把美国公司告了", "author": "中国长安网", "time": "中国长安网01月09日12:49 来自搜狗高速浏览器", "transmit": 69, "comment": 27, "zan": 79, "sentiment": [{"positive_prob": 0.809069, "confidence": 0.57571, "negative_prob": 0.190931, "sentiment": 2}]}, {"text": "华为真的被禁了3g,4g,5g专利,这个有点严重了。补充：谢谢空耳，看了篇相关文章，感觉这更是一场企业间的专利使用冲突，上一次2013年，两个企业有过类似官司。所以这更像是一次商业冲突。当然敏感的时间，容易让人过度解读。​", "author": "雨后蘑菇", "time": "雨后蘑菇01月09日15:20 来自iPhone8Plus", "transmit": 87, "comment": 51, "zan": 42, "sentiment": [{"positive_prob": 0.250022, "confidence": 0.444396, "negative_prob": 0.749978, "sentiment": 0}]}, {"text": "【一图看懂中国AI肉搏战：只有百度华为真在做AI】钱德虎：从银行、保险、汽车、家电、安防、零售、医疗，甚至于智能手机这种在眼下来看都有点“传统”意味的各类行业，都在全面拥抱AI。你打开工资卡所在银行的APP，一定会跳出“智能投资顾问”的推荐；不少电商卖家已经使用AI客服与你沟通；新造车与自动驾驶发展进程堪称轰轰烈烈；家里越来越多的电器可以被你远程控制、口令控制和编程控制；即便再不会拍照的直男，也可以轻松使用AI手机拍出让女友满意的照片…如何更直观地感受AI大潮在中国的发展情况？有哪些企业是出色的竞争者，巨头们又如何严密布局？O一图看懂中国AI肉搏战：只有百度华为真在做AI", "author": "新财富杂志", "time": "新财富杂志01月09日18:35 来自微博weibo.com", "transmit": 39, "comment": 11, "zan": 36, "sentiment": [{"positive_prob": 0.857807, "confidence": 0.684015, "negative_prob": 0.142193, "sentiment": 2}]}, {"text": "鲁大师发布2018年度手机UI排行榜：第一名、华为EMUI第二名、努比亚nubiaUI第三名、黑鲨JOYUI第四名、一加氢OS第五名、小米MIUI第六名、锤子SmartisanOS第七名、魅族Flyme​", "author": "路诞先生", "time": "路诞先生01月09日15:41 来自OnePlus6T", "transmit": 44, "comment": 393, "zan": 225, "sentiment": [{"positive_prob": 0.742817, "confidence": 0.428482, "negative_prob": 0.257183, "sentiment": 2}]}, {"text": "【2018中国手机风云录：苹果三星失势二线品牌大调整】2018年对中国手机市场来说是暗流涌动的一年。“标杆”苹果、三星在中国市场疲态渐显，给了华为、小米、OV等企业奋力追赶的机会。全球市场上，华为仍力压苹果，而来自中国的“追兵”还有赶超苗头。在进入#5G#时代的2019年，格局或会被重构。O2018中国手机风云录：苹果三星失势二线品牌大调整", "author": "新浪科技", "time": "新浪科技01月09日05:40 来自微博weibo.com", "transmit": 22, "comment": 43, "zan": 212, "sentiment": [{"positive_prob": 0.940234, "confidence": 0.867188, "negative_prob": 0.0597656, "sentiment": 2}]}, {"text": "【美国引渡孟晚舟最后期限将至美加领导人通了电话】加媒《环球邮报》报道称，在当地时间1月7日，加拿大总理特鲁多主动致电美国总统特朗普，敦促其向中方“施压”释放两名被拘的加拿大公民，以及催促美方将引渡华为CFO孟晚舟的申请交给法院。而此刻，美国政府还处于部分停摆状态，“开张”时间未定，其中受影响部门就包括美司法部。", "author": "紫荆树", "time": "紫荆树01月09日05:48", "transmit": 102, "comment": 247, "zan": 272, "sentiment": [{"positive_prob": 0.832564, "confidence": 0.627921, "negative_prob": 0.167436, "sentiment": 2}]}, {"text": "【直击|联想担忧“华为事件”？杨元庆：对法律有所把握】#CES19#期间，被问及“是否担心华为事件在联想身上发生”时，联想集团董事长兼CEO杨元庆回应，联想是中国企业里最国际化的企业，管理层来自各国，这使得对各个市场都有理解，且对法律法规有所把握，由此保证“少犯错误”。O直击|联想担忧“华为事件”?杨元庆:对法律有所把握​", "author": "新浪科技", "time": "新浪科技01月09日09:45 来自微博weibo.com", "transmit": 21, "comment": 88, "zan": 48, "sentiment": [{"positive_prob": 0.0398083, "confidence": 0.911537, "negative_prob": 0.960192, "sentiment": 0}]}, {"text": "美国前联邦检察官尼尔森说，特朗普在华为孟晚舟的案件中拥有最终决定权，白宫可以否决美国司法部的决定。​", "author": "寰亚SYHP", "time": "寰亚SYHP01月09日15:27", "transmit": 62, "comment": 149, "zan": 102, "sentiment": [{"positive_prob": 0.860219, "confidence": 0.689376, "negative_prob": 0.139781, "sentiment": 2}]}]