[{"text": "明星偷税吸毒被原谅，袁隆平买华为手机却被羞辱，这才是时代最大的悲哀！（南木大叔）​", "author": "天天睡不醒", "time": "天天睡不醒07月14日09:19", "transmit": 666, "comment": 588, "zan": 10540, "sentiment": [{"positive_prob": 0.303415, "confidence": 0.325744, "negative_prob": 0.696585, "sentiment": 0}]}, {"text": "【#中国联通辟谣不支持华为#：造谣者你的胆子怎么这么大】据@中国联通官方微博消息，近日，有自媒体编造“不支持华为的企业，居然还有国内四大运营商之一”、“联通迎来大动作，5G合作商终于确定，可惜不是华为”的谣言，对中国联通的5G合作与采购颠倒黑白、主观臆断、肆意歪曲、恶意诽谤。这些自媒体为博眼球而毫无底线，中国联通强烈谴责这种居心不良、凭空捏造、滥扣帽子、煽动公众情绪、误导社会舆论、极度不负责任的造谣污蔑行为，并保留通过法律手段维护公司合法权益的权利。O联通辟谣“不支持华为”:造谣者你胆子怎么这么大", "author": "新浪财经", "time": "新浪财经07月14日08:08 来自微博weibo.com", "transmit": 452, "comment": 1382, "zan": 23941, "sentiment": [{"positive_prob": 0.0189319, "confidence": 0.957929, "negative_prob": 0.981068, "sentiment": 0}]}, {"text": "最近搞到一台#华为平板M6#替大家体验了一下，特别推荐大家看乐队的夏天的时候开杜比视听！因为它是全球首款支持杜比全景声+杜比视界的平板！四扬声器太舒服了！车专+言平，一周后手秋一个幸运小可爱获得「华为手环3Pro」一个~L诸葛齉齉的秒拍视频​", "author": "诸葛齉齉", "time": "诸葛齉齉07月14日20:00 来自微博weibo.com", "transmit": 992, "comment": 1108, "zan": 1658, "sentiment": [{"positive_prob": 0.978117, "confidence": 0.95137, "negative_prob": 0.0218834, "sentiment": 2}]}, {"text": "【#中国联通辟谣不支持华为#：正与华为等开展5G网络组网试验工作】7月13日晚，中国联通官方微博发文称，近日，有自媒体编造“不支持华为的企业，居然还有国内四大运营商之一”、“联通迎来大动作，5G合作商终于确定，可惜不是华为”的谣言，对中国联通的5G合作与采购颠倒黑白、主观臆断、肆意歪曲、恶意诽谤。中国联通强烈谴责这种居心不良、凭空捏造、滥扣帽子的造谣污蔑行为。中国联通还称，正与华为、中兴、爱立信等通信设备制造商，开展5G网络组网试验工作。（证券时报·e公司）", "author": "财经网", "time": "财经网07月14日09:09", "transmit": 51, "comment": 178, "zan": 483, "sentiment": [{"positive_prob": 0.771496, "confidence": 0.492214, "negative_prob": 0.228504, "sentiment": 2}]}, {"text": "【#联通辟谣不支持华为#：正与华为等开展5G网络组网试验】@中国联通：近日，有自媒体编造“不支持华为的企业，居然还有国内四大运营商之一”、“联通迎来大动作，5G合作商终于确定，可惜不是华为”的谣言，对中国联通的5G合作与采购颠倒黑白、主观臆断、肆意歪曲、恶意诽谤。中国联通强烈谴责这种居心不良、凭空捏造、滥扣帽子的造谣污蔑行为，并保留通过法律手段维护公司合法权益的权利。中国联通正与华为、中兴、爱立信等通信设备制造商，开展5G网络组网试验工作。", "author": "环球时报", "time": "环球时报07月14日10:30 来自微博weibo.com", "transmit": 52, "comment": 283, "zan": 1157, "sentiment": [{"positive_prob": 0.934856, "confidence": 0.855236, "negative_prob": 0.0651439, "sentiment": 2}]}, {"text": "宮脇咲良香港演唱会repo（视频暂时发不出去，先发感受吧，别问什么手机，问就是华为p30）我是全程跟拍小亮，咳嗽什么的看的一清二楚，经常要喝水，超很心疼小亮真人真的很好看，照片真的难体现，我现在觉得我做了个梦一样，诶？我真的见到以前在手机里看了这么久的人？这样。小亮喜欢偷看各个地方的樱吹她很会给反应，反正我死了，有一段我看见她指着我的镜头然后我马上挥起了樱花皮肤应援棒，她突然就笑着点点头招了手，绝了今天又是照顾现场的小亮我拍到她下场的时候把倒下的水扶起来了，视频我尽量试试能不能发吧看小亮是会上瘾的，结束第一天就好想赶快再见面啊", "author": "Saku哲君", "time": "Saku哲君07月14日10:03 来自宮脇咲良超话", "transmit": 111, "comment": 47, "zan": 658, "sentiment": [{"positive_prob": 0.975989, "confidence": 0.946643, "negative_prob": 0.0240106, "sentiment": 2}]}, {"text": "【#中国联通辟谣不支持华为#：造谣者，胆子怎么那么大？】“不支持华为的企业，居然还有国内四大运营商之一”？！近日，网传消息称中国联通不支持华为企业。13日，@中国联通发文怒斥“造谣者，你的胆子怎么这么大”？！声明称，中国联通正积极按国家5G网络部署要求，与华为、中兴、爱立信、诺基亚、中信科等通信设备制造商，开展5G网络组网试验工作，扶持和带动国内5G芯片、终端等全产业链发展壮大。", "author": "中国新闻网", "time": "中国新闻网07月14日11:28 来自微博weibo.com", "transmit": 31, "comment": 235, "zan": 846, "sentiment": [{"positive_prob": 0.141414, "confidence": 0.685747, "negative_prob": 0.858586, "sentiment": 0}]}, {"text": "#中国联通辟谣不支持华为#支持华为就一定要买华为手机吗?支持华为就一定要买华为手机吗?​", "author": "制杖妹", "time": "制杖妹07月14日09:10 来自微博weibo.com", "transmit": 39, "comment": 187, "zan": 14026, "sentiment": [{"positive_prob": 0.857769, "confidence": 0.68393, "negative_prob": 0.142231, "sentiment": 2}]}, {"text": "【#中国联通辟谣不支持华为#：正与华为等开展5G网络组网试验】@中国联通：近日，有自媒体编造“不支持华为的企业，居然还有国内四大运营商之一”、“联通迎来大动作，5G合作商终于确定，可惜不是华为”的谣言，对中国联通的5G合作与采购颠倒黑白、主观臆断、肆意歪曲、恶意诽谤。中国联通强烈谴责这种居心不良、凭空捏造、滥扣帽子的造谣污蔑行为，并保留通过法律手段维护公司合法权益的权利。中国联通正与华为、中兴、爱立信等通信设备制造商，开展5G网络组网试验工作。证券时报O联通辟谣“不支持华为”：正与华为等开展5G网络组网试验", "author": "澎湃新闻", "time": "澎湃新闻07月14日09:13", "transmit": 40, "comment": 318, "zan": 1507, "sentiment": [{"positive_prob": 0.92756, "confidence": 0.839022, "negative_prob": 0.07244, "sentiment": 2}]}, {"text": "明星偷税吸毒被原谅，袁隆平买华为手机却被羞辱，这才是时代最大的悲哀！  #央视专访袁隆平#​", "author": "笑点菌", "time": "笑点菌07月14日15:00 来自微博weibo.com", "transmit": 27, "comment": 37, "zan": 263, "sentiment": [{"positive_prob": 0.295782, "confidence": 0.342707, "negative_prob": 0.704218, "sentiment": 0}]}, {"text": "之前读过浙江大学田涛教授与剑桥大学贾吉商学院管理学、毕马威教席教授DavidDeCremer联合撰写的《华为:基于人性基础之上的激励制度实验》,给了我很多团队激励设计的思考。今天在新国大现场听DavidDeCremer教授的课，积极参与互动，收获签名版新书Huawei:leadership,cultureandconnectivity​", "author": "朱伟老师", "time": "朱伟老师07月14日17:25", "transmit": 8, "comment": 62, "zan": 356, "sentiment": [{"positive_prob": 0.945981, "confidence": 0.879959, "negative_prob": 0.0540185, "sentiment": 2}]}, {"text": "朋友的华为，质量真好。屏幕莫名其妙突然脱胶翘起了。依旧可以正常使用​", "author": "Yc御晨", "time": "Yc御晨07月14日12:16 来自三星GalaxyNote9", "transmit": 63, "comment": 1367, "zan": 4327, "sentiment": [{"positive_prob": 0.77979, "confidence": 0.510645, "negative_prob": 0.22021, "sentiment": 2}]}, {"text": "##理想中的夏天#惠山浜。无锡惠山古镇上有一条小河浜，全长仅一公里多。这条名为“惠山浜”的河流，曾是从水路进入古镇的唯一通道。当年清朝的康熙、乾隆两帝前后十二次来到古镇，均是从这条不起眼的小河上乘船而来。图片用前置3200万人像超级夜景的华为nova5拍摄。#华为nova5#​", "author": "陆建华摄影", "time": "陆建华摄影07月14日09:00 来自微博weibo.com", "transmit": 22, "comment": 16, "zan": 87, "sentiment": [{"positive_prob": 0.981624, "confidence": 0.959165, "negative_prob": 0.0183758, "sentiment": 2}]}, {"text": "疑似华为Mate30真机设计图曝光！不清楚是标配版还是Pro版，真假自行判断​", "author": "宋敬亭", "time": "宋敬亭07月14日11:05 来自热搜第一推荐", "transmit": 15, "comment": 115, "zan": 348, "sentiment": [{"positive_prob": 0.0712259, "confidence": 0.84172, "negative_prob": 0.928774, "sentiment": 0}]}, {"text": "【加拿大🇨🇦·溫哥華夜景】震撼我的不是夜景，而是華為手機強大的攝影功能。現在幾乎不帶單反出門，多數由華為手機隨意拍攝即可，且不用修片。#一直在路上一起看世界#旅行华为2加拿大·温哥华加拿大广场​", "author": "一直在路上一起看世界", "time": "一直在路上一起看世界07月14日15:47 来自iPhone8Plus", "transmit": 218, "comment": 438, "zan": 1589, "sentiment": [{"positive_prob": 0.957868, "confidence": 0.906372, "negative_prob": 0.0421323, "sentiment": 2}]}, {"text": "【#中国联通辟谣不支持华为#：造谣者，胆子怎么那么大？】“不支持华为的企业，居然还有国内四大运营商之一”？！近日，网传消息称中国联通不支持华为企业。13日，@中国联通发文怒斥“造谣者，你的胆子怎么这么大”？！声明称，中国联通正积极按国家5G网络部署要求，与华为、中兴、爱立信、诺基亚、中信科等通信设备制造商，开展5G网络组网试验工作，扶持和带动国内5G芯片、终端等全产业链发展壮大。O5G不带华为玩？中国联通怒了！", "author": "中国青年报", "time": "中国青年报07月14日21:40 来自微博weibo.com", "transmit": 16, "comment": 41, "zan": 146, "sentiment": [{"positive_prob": 0.034385, "confidence": 0.923589, "negative_prob": 0.965615, "sentiment": 0}]}, {"text": "记者问任正非：华为每年花上亿美元请IBM顾问团队来帮助管理企业。为什么要花这么大的价钱改进管理？任正非说：你们知道吗？丰田的董事退休后带着一个高级团队在我们公司工作了10年，德国的工程研究院团队在我们公司也待了十几年，才使我们的生产过程走向了科学化、正常化。从生产几万块钱的产品开始，到现在几百亿美元、上千亿美元的生产，华为才越搞越好。我们每年花好多亿美元的顾问费。我们走出国门、走向全世界的时候，什么都不会，不知道什么叫交付，全是请世界各国的工程顾问公司帮助我们。第一步就是认真学习，使公司逐步走向管理规范化。现在我们正在自己往前一步，就想再做得更简单一些、更好一些。", "author": "涨涨麻麻", "time": "涨涨麻麻07月14日09:18 来自OPPO智能手机", "transmit": 84, "comment": 77, "zan": 579, "sentiment": [{"positive_prob": 0.575583, "confidence": 0.0568518, "negative_prob": 0.424417, "sentiment": 2}]}, {"text": "这个视频6月30日发过，是华为公司常务董事、运营商BG总裁丁耘6月25日在上海#2019年世界移动通信大会#上的演讲，大家可以再看看。#中国联通辟谣不支持华为#L中国联通的秒拍视频​", "author": "中国联通", "time": "中国联通07月14日13:40", "transmit": 242, "comment": 81, "zan": 126, "sentiment": [{"positive_prob": 0.844201, "confidence": 0.653779, "negative_prob": 0.155799, "sentiment": 2}]}, {"text": "晚上又锻炼了一下！新买的华为WatchGT好看么？​", "author": "科技涅槃说", "time": "科技涅槃说07月14日20:13 来自HUAWEIP30Pro", "transmit": 10, "comment": 121, "zan": 257, "sentiment": [{"positive_prob": 0.655804, "confidence": 0.235119, "negative_prob": 0.344196, "sentiment": 2}]}, {"text": "#华为P30#系列首部动画短片《暗夜追光》明天即将上映，戳预告先睹为快！微博视频​", "author": "华为终端官方微博", "time": "华为终端官方微博07月14日14:00 来自微博视频", "transmit": 65, "comment": 142, "zan": 1488, "sentiment": [{"positive_prob": 0.849173, "confidence": 0.664829, "negative_prob": 0.150827, "sentiment": 2}]}, {"text": "【#中国联通辟谣不支持华为#：肆意歪曲恶意诽谤】13日晚，中国联通发文，近日，有自媒体编造不支持华为的谣言，对中国联通的5G合作与采购颠倒黑白、主观臆断、肆意歪曲、恶意诽谤。中国联通强烈谴责这种造谣污蔑行为，并称正与华为等通信设备制造商开展5G网络组网试验工作。安哥：请尊重事实勿传播谣言，守住法律边界和道德底线！", "author": "中国长安网", "time": "中国长安网07月14日13:14 来自360安全浏览器", "transmit": 78, "comment": 36, "zan": 88, "sentiment": [{"positive_prob": 0.442481, "confidence": 0.0167078, "negative_prob": 0.557519, "sentiment": 0}]}, {"text": "华为鸿蒙系统日前在腾讯首测了数据，其运行速度快了安卓60%。​", "author": "Reviewer_小康", "time": "Reviewer_小康07月14日12:30 来自微博weibo.com", "transmit": 65, "comment": 165, "zan": 1837, "sentiment": [{"positive_prob": 0.717846, "confidence": 0.372992, "negative_prob": 0.282154, "sentiment": 2}]}, {"text": "【华为“被禁”的60天】对于美国的打压，华为创始人任正非此前在采访中多次表示美国制裁不会影响华为，华为是打不死的小强。尽管外部环境风云变幻，华为的发展也遇到了诸多挑战，华为董事长梁华依然表示，“华为的发展可以持续，我们一定能够活下来，而且还会活得越来越好。”O华为“被禁”的60天​", "author": "新浪科技", "time": "新浪科技07月14日20:00 来自微博weibo.com", "transmit": 14, "comment": 27, "zan": 135, "sentiment": [{"positive_prob": 0.939979, "confidence": 0.86662, "negative_prob": 0.0600209, "sentiment": 2}]}, {"text": "华为Mate20Pro在升级最新固件后获得了30倍变焦和月亮模式。图一是开启月亮模式，图二是关闭月亮模式。和P30Pro的区别是防抖稳定性稍差一点。今天中午吃饭的时候大家还聊起来，月亮模式应该是上半年手机厂商相当成功的一次营销案例。对于普通消费者来说，几乎不需要学习成本就理解了长焦是什么含义。“长焦”或者说“50倍变焦”，对于相当多的普通用户还是十分晦涩的。而“拍月亮”，则让这个卖点和当年的“充电五分钟，通话两小时”一样简单易懂。", "author": "钟文泽", "time": "钟文泽07月14日22:26 来自HUAWEIMate20Pro", "transmit": 17, "comment": 275, "zan": 1619, "sentiment": [{"positive_prob": 0.0187952, "confidence": 0.958233, "negative_prob": 0.981205, "sentiment": 0}]}, {"text": "几年前，华为有好事者将领导讲话及内部文章整理成《火车头传》、《告研发员工书》、《原生家庭论》、《字字珠玑案例集》，并戏为华为“四大名著”。时至今日，这“四大名著”在华为内部还被经常引用。释例《火车头传》——从一个骨干的表现探讨价值评价和价值分配根据公司的战略要求“把指挥所建在听得见炮火的地方”实现业务前移。某部从08年开始把业务前移。几年过去了，首批输送到一线的同事们陆续回国，新的同事陆续踏上征途。总部骨干员工A在08年是尚属于基层骨干，由于基层主管的持续外派，给这些骨干提供了良好的发展空间。五年职级升了3级，达到18B，管理一支10人左右的团队。原定A作为外派梯队接替从发达地区回国的主管。但由于公司外派政策的变化，首次外派不允许直接派往发达地区，因此，他的外派地点发生了变化。于是问题出现了：A以家庭成员健康缘故，不愿外派“次艰苦地区部”，经主管、管理团队反复沟通，仍然坚持不去。最后管理团队经过讨论，予以降职降薪处理。转岗做业务专家。该问题的出现让管理团队陷入深思：为什么我们重点培养的骨干，识别的火车头，连续几年加满油，却会发生这样的情况？“养兵千日，用兵一时”啊，在“用兵”的关键时候怎么掉链子了？我们在干部选拔和使用上出了什么问题？在价值评价上又陷入了什么误区？到底什么样的干部是我们需要的？是符合公司价值观也符合部门发展的要求？首先，对照干部标准和对干部的要求，从核心价值观认识上来看，员工A在核心价值观的认同上出现了一些问题。以客户为中心，以奋斗者为本，坚持长期艰苦奋斗文化并没有得到其真正的认同。在工作安排上，发达地区就可以去，次发达地区就有家庭健康问题了，令人匪夷所思。同时，仅考虑个人意愿，不考虑组织和一线业务对专业管理干部的急迫需求，更不用说吃苦在先、冲锋在前了。其次，这次事件使管理团队对“干部要看品德、不能唯才是举”有了更深的认识。在干部选拔的时候，要进行多维度的考察，绩效能力是基础，但是品德是底线。A在业务上虽然有其一技之长也取得较好的绩效，但是却忽略了对其是否认同华为核心价值观的考量。直到出事，才倍感惊讶和反思。也给管理团队提出了警示，未来在考察干部上是不能仅仅依据其能力和业绩来评价，忽略了对品德的考察。干部就是要身先士卒，吃苦在先，要处处起到表率作用。第三，在价值评价方面，我们反思之前几年对他的评价，感觉连续的高绩效评价，连续的“加满油”，也让部门和他本人产生了错觉，松懈了“思想上艰苦奋斗”的弦；过度的表扬，也导致该员工自信心膨胀，错误的认为这一切（连续的高价值评价和价值分配）都是他个人努力的结果，是理所当然的。连续的高绩效评价是否真的科学和公正？员工在顺境中是否应该对其提出更高的要求，避免思想麻痹和原地踏步，固步自封？这些都是我们要继续进一步思考的。这个事件从另一个角度给管理团队也敲响了警钟，选拔干部是一个系统工程，不能光看绩效。在组织赋能和期望值管理的时候，强调艰苦奋斗，要求应该先具备在艰苦地方的奋斗经验，并以此为牵引；有时候让员工摔一跤也是一件好事，从个人看，吃一堑长一智，个人受到些挫败、打击对人生也是一种磨练和提升。对类似的员工，还是要治病救人，在教育和辅导的同时，让他深刻认识到组织的价值导向，发挥自身业务特长，从专家做起，争取早日具备一个合格的管理者应有的价值观和素质要求。全文链接请详见O华为四大名著：《火车头传》、《告研发员工书》、《原生家庭论》、《字字珠玑案例集》", "author": "司马南", "time": "司马南07月14日12:20 来自HUAWEIMate20Pro", "transmit": 49, "comment": 21, "zan": 78, "sentiment": [{"positive_prob": 0.0477918, "confidence": 0.893796, "negative_prob": 0.952208, "sentiment": 0}]}, {"text": "【断供华为1个月不到，伟创力长沙工厂停产！】据财新网报道称，“自2019年3月开始，伟创力长沙一期项目的生产已经遭遇困顿。2019年5月，伟创力长沙工厂就已停产。”而伟创力长沙工厂停产的主要原因则是受“美国对华为禁令”的影响，因为伟创力长沙工厂主要的产能就是给华为手机的。资料显示，伟创力于1969年成立于美国硅谷，1987年进入中国，是仅次于富士康的全球第二大电子产品代工企业。目前，伟创力在30多个国家拥有100多座工厂，员工达到20万名。目前在珠海、深圳、苏州、长沙等地设有工厂。而伟创力长沙厂是2018年才刚刚投建的。而为了吸引伟创力入驻长沙，长沙市政府开出了优厚条件。一名长沙望城经开区管委会内部工作人员告诉财新记者，厂房由长沙市政府建设，“并且免除了五年的厂房租金”，伟创力仅需提供设备和人员。断供华为1个月不到，伟创力长沙工厂停产！二期项目被比亚迪接手。", "author": "香港商報網", "time": "香港商報網07月14日00:40 来自微博weibo.com", "transmit": 51, "comment": 49, "zan": 224, "sentiment": [{"positive_prob": 0.949776, "confidence": 0.88839, "negative_prob": 0.0502243, "sentiment": 2}]}, {"text": "#工大微享#西工大携手陕西电信、华为率先进入5G时代！欲知具体如何👇👇👇👇👇O重磅丨西工大携手陕西电信、华为率先进入5G时代！​", "author": "西北工业大学", "time": "西北工业大学07月14日08:58 来自是小v啊Android", "transmit": 7, "comment": 8, "zan": 42, "sentiment": [{"positive_prob": 0.5003, "confidence": 0.993994, "negative_prob": 0.4997, "sentiment": 1}]}, {"text": "鞠婧祎#国风正年轻#get到了华为手机的好处了L冉辞旧小梦的微博视频​", "author": "冉辞旧小梦", "time": "冉辞旧小梦07月14日14:01 来自鞠婧祎超话", "transmit": 8, "comment": 19, "zan": 107, "sentiment": [{"positive_prob": 0.828321, "confidence": 0.618491, "negative_prob": 0.171679, "sentiment": 2}]}, {"text": "魅族黄章谈5G手机，后年的5G手机才算成熟。华为粉丝要出来喷了。​", "author": "Reviewer_小康", "time": "Reviewer_小康07月14日12:00 来自微博weibo.com", "transmit": 3, "comment": 114, "zan": 270, "sentiment": [{"positive_prob": 0.406092, "confidence": 0.0975727, "negative_prob": 0.593908, "sentiment": 0}]}, {"text": "智能时代的万物互联，应该是绿色的万物互联。华为公司董事长梁华在华为《2018年可持续发展报告》的署名文章中指出，ICT将成为全球绿化的重要使能技术。在绿色的万物互联时代，华为会持续加大投入，打造无处不在的联接、无所不及的智能和全场景智慧化体验。O绿色的万物互联，构建更加美好的未来​", "author": "华为中国", "time": "华为中国07月14日09:00 来自微博weibo.com", "transmit": 15, "comment": 7, "zan": 202, "sentiment": [{"positive_prob": 0.988136, "confidence": 0.973635, "negative_prob": 0.0118642, "sentiment": 2}]}]