[{"text": "#张艺兴工作室声明#1、解约华为不爱国？？不好意思代言的是华为支线品牌，从来针对的是这个支线对对代言人的不正当待遇！看清楚了吗？！是他们不遵守合约我们是为了维护自己的正当权益！而并非黑口中的解约华为是为了代言三星！2、MAC:mac在邮件中由于美工人员的失误，将包括美国，法国，中国，印度等国的地图全部搞错，事发后，mac第一时间通过多国语言全球通报向所有被搞错地图的国家道歉，并将中国放在第一位且明明白白表示支持一个中国原则，这样的品牌向全世界做了个表率，请问为何要解约？3、乐天在萨德事件后张艺兴不再参与乐天代言，是其团内韩国成员代言，与张艺兴本人无关事实都给你整理好了放在这那些黑他的人依旧装瞎的话就想问问你们究竟是为了国家领土完整在这还是利用爱国这个严肃的话题来骂这个你们本就带有偏见的人！相信有自我判断的人都会明白这是怎么一回事！更新：张艺兴粉丝时刻与张艺兴一起坚决维护国家主权领土完整！没问题的品牌我们会澄清保护，若品牌方在工作室自查后任不表明态度的话，那我们也没有必要维护！国家主权永远是第一位的！有些人逼着他解约的目的到底是什么？？与三星解约后一些评论让我更加清楚，他们只是单纯的为了黑他，而不是为了国家权益。竟然有不少评论在下面说：可以放心买三星了…我就笑了。一边逼着他解约说不爱国，一边却要支持被爆出来不尊重中国主权的品牌，是何居心清晰可见了。没问题的品牌不会迫于大众压力解约，有问题的品牌也不会因为没有被大众发现而无视。这就是张艺兴一直都有的处事态度！他敢于面对这个问题以前出事了代言人第一时间与品牌划清界限，却没有代言人去责令品牌修改尚未曝光的错误，真正解决问题。但是他做了！他顶着所有所有压力去真正做事解决问题，此举比直接解约更能让品牌明白这件事情的严重性！更能打击他们以为不被发现就没事的侥幸心理！他敢做别人不敢做的有人说三星合约快到期了呵你咋这么清楚呢，他们的合同让你看到了？？还是三星那边违约金打折了？？都知道张艺兴公司是韩国的吧，即使顶着公司和韩国那边舆论压力他也要与三星解约，这完全可以表明他的态度了吧！即使查出来的是三星电子的问题，他只代言了三星手机的一个系列！这件事情让我更加敬佩他，我看到了一个成熟冷静有原则的他！真正去解决问题的他！respect", "author": "兴坨的小迷妹", "time": "兴坨的小迷妹08月12日21:07 来自努比亚X护眼双屏", "transmit": 2970, "comment": 1009, "zan": 9968, "sentiment": [{"positive_prob": 0.0452162, "confidence": 0.89952, "negative_prob": 0.954784, "sentiment": 0}]}, {"text": "回顾过去三天的华为开发者大会，除了有我们十年磨一剑的#华为鸿蒙#OS、Cyberverse等创新科技的发布，更可贵的是与全球优秀开发者、业界合作伙伴碰撞出的思想火花，希望这次开发者大会能带给行业发展一些积极的作用，我们明年再见！L华为终端公司的微博视频​", "author": "余承东", "time": "余承东08月12日12:11 来自HUAWEIMate20X5G", "transmit": 145, "comment": 673, "zan": 2885, "sentiment": [{"positive_prob": 0.972785, "confidence": 0.939521, "negative_prob": 0.0272154, "sentiment": 2}]}, {"text": "【#华为将建中国开源基金#：最快一两月内运营，华为无控制权】8月10日，华为开发者大会的松湖对话环节，华为消费者BG软件部总裁@华为王成录表示，华为在和主要的合作伙伴在讨论中国开源基金会，最快一两个月，基金会将正式的运营起来，这是完全公益的、非盈利的、开放的。华为方面也解释，鸿蒙开源有很多架构，考虑给基金会运作，华为在里面没有控制权和主导权。O华为筹建中国开源基金:或一两月内运营华为无控制权L老板联播的秒拍视频", "author": "新浪财经", "time": "新浪财经08月12日08:14 来自微博weibo.com", "transmit": 62, "comment": 114, "zan": 570, "sentiment": [{"positive_prob": 0.472813, "confidence": 0.456262, "negative_prob": 0.527187, "sentiment": 1}]}, {"text": "到中卫了，先买几个大西瓜，出了名的硒砂瓜，个头越大越好，价钱挺便宜的，八毛，两个瓜52块钱。@地道风物用的华为P30，效果太好了，我手里的西瓜看着象假的一样。后三张依次为iphone，华为mete20，华为p30@天师-卡赞#X小时奇遇神奇宁夏##同程验客#​", "author": "张腾岳", "time": "张腾岳08月12日11:55 来自HUAWEIMate20Pro", "transmit": 39, "comment": 178, "zan": 478, "sentiment": [{"positive_prob": 0.923055, "confidence": 0.829011, "negative_prob": 0.0769452, "sentiment": 2}]}, {"text": "手上两台手机iPhonexsmax和华为p30pro，都是512G，说说使用感受，非专业人士，单纯从女性角度分享我个人的感受。📱华为p30pro1⃣️充电巨快！！我还剩50%的电量，洗个澡出来就充满了！！！惊呆了好快！2⃣️拍照是个亮点，也是我买它的原因，拍夜景的确牛逼，拍景拍人都没得说，大光圈、10倍变焦等，就是自拍有点失真，美了一些……或者这才是我真实的样纸？？哈哈哈3⃣️安卓系统还是有点用不惯，感觉流畅性还是差一点点，最近又说华为出了自己的系统鸿蒙，不知道怎样，但还是为中国手机骄傲。4⃣️可以反向充电！！这个也很厉害了，就是可以当个充电宝用，直接后背贴在iphonexsmax上就可以充电，速度嘛，有点慢，充耳机会快点。5⃣️可以双卡双待，同时登陆两个wx。这点也非常喜欢了！6⃣️颜色好看！！我买的天空之境，很美很喜欢了。📱iPhoneXSMax这个没啥好说的，用惯了，拍照相对比较真实，但又觉得比真人丑了……显示有点偏黄色调，系统用久也不会卡。总的来说，iphone还是贵一些，华为能做成这样真的觉得很好了！！套用一句我公公的话：钱要还是要给中国人赚哈哈哈哈！！", "author": "Henry_麻麻", "time": "Henry_麻麻08月12日22:56 来自三小只滴iPhoneXSMax", "transmit": 20, "comment": 103, "zan": 691, "sentiment": [{"positive_prob": 0.977625, "confidence": 0.950278, "negative_prob": 0.022375, "sentiment": 2}]}, {"text": "华为手机充满了黑科技！比如我最喜欢的AI智慧视觉，拍美食可以显示卡路里，一看就饱了一半，减肥者的福音有没有！AI智慧视觉，哪里不懂扫哪里，你更喜欢？​", "author": "华为手机", "time": "华为手机08月12日12:00 来自微博weibo.com", "transmit": 49, "comment": 98, "zan": 6952, "sentiment": [{"positive_prob": 0.92161, "confidence": 0.825799, "negative_prob": 0.0783903, "sentiment": 2}]}, {"text": "#关晓彤游乐园#华为nova5iPro前置3200万人像超级夜景，后置4800万AI四摄的拍照功能果然惊艳，这组#关晓彤成都#“nova游乐园”的夜拍照片是真的能打，实力演绎什么叫人美景也美的超级夜景自拍。​", "author": "吴小杰WJie", "time": "吴小杰WJie08月12日14:55 来自微博weibo.com", "transmit": 151, "comment": 315, "zan": 488, "sentiment": [{"positive_prob": 0.997325, "confidence": 0.994055, "negative_prob": 0.00267544, "sentiment": 2}]}, {"text": "【荣耀总裁谈电视行业价格战：你不能要求苹果卖几百块钱】8月10日，华为首款鸿蒙操作系统产品荣耀智慧屏发布，荣耀总裁@赵明-George在接受媒体采访时谈到电视行业的价格战问题，他认为就应该更去注重使用价值而不是价格。“八百块钱永远买不到一手的屏幕，永远买不到Mate和P。”O荣耀总裁谈电视行业价格战：不能要求苹果卖几百块钱L大佬时间的微博视频", "author": "新浪财经", "time": "新浪财经08月12日07:46 来自微博weibo.com", "transmit": 29, "comment": 394, "zan": 1049, "sentiment": [{"positive_prob": 0.0402177, "confidence": 0.910627, "negative_prob": 0.959782, "sentiment": 0}]}, {"text": "华为发任正非讲话邮件，认为5G只是小儿科，人工智能才是大产业，才是华为发展的战略要地。在人工智能发展的三个核心要素中，美国有超级计算，有超级存储，但没有超速连接，如果又不用5G的话，一定会落后一步。​", "author": "涨涨麻麻", "time": "涨涨麻麻08月12日10:17", "transmit": 128, "comment": 32, "zan": 321, "sentiment": [{"positive_prob": 0.869901, "confidence": 0.71089, "negative_prob": 0.1301, "sentiment": 2}]}, {"text": "前魅族科技高级副总裁李楠评价鸿蒙OS：华为鸿蒙的一片叫好和当年阿里云OS的国产系统无用论形成了鲜明对比，主要原因是因为有了一个中美对抗。还有就是年轻消费群体的换代，618消费数据显示，越年轻对中国品牌的支持力度就越高。你怎么看待李楠评价鸿蒙OS？​", "author": "官网君", "time": "官网君08月12日10:55 来自微博weibo.com", "transmit": 19, "comment": 54, "zan": 2774, "sentiment": [{"positive_prob": 0.846004, "confidence": 0.657787, "negative_prob": 0.153996, "sentiment": 2}]}, {"text": "这应该算是华为目前最漂亮的手机了吧！​", "author": "IT科技侠", "time": "IT科技侠08月12日21:04 来自微博weibo.com", "transmit": 35, "comment": 479, "zan": 2056, "sentiment": [{"positive_prob": 0.801381, "confidence": 0.558624, "negative_prob": 0.198619, "sentiment": 2}]}, {"text": "问题来了：三星Note10系列已经发布了，DxO也很快会公布拍照得分，那么你觉得三星Note10+在拍照上会把华为P30Pro从第一的位置上拉下来吗？.​", "author": "搞机圈的那些事", "time": "搞机圈的那些事08月12日11:12", "transmit": 9, "comment": 202, "zan": 3715, "sentiment": [{"positive_prob": 0.719779, "confidence": 0.377286, "negative_prob": 0.280221, "sentiment": 2}]}, {"text": "“全世界把5G做的最好的是华为，西方其实是个高等大农村，要想看8K电视，它非买华为不可。”任老自信的样子真可爱，莫名的自豪。  #电影#L影视生的微博视频​", "author": "影视生", "time": "影视生08月12日01:28 来自微博视频", "transmit": 160, "comment": 85, "zan": 2116, "sentiment": [{"positive_prob": 0.812495, "confidence": 0.583323, "negative_prob": 0.187505, "sentiment": 2}]}, {"text": "【时代呼唤鸿蒙：华为打破魔咒究竟有多难？】2018年中兴事件之后，倪光南的学生梁宁在《一段关于国产芯片和操作系统的往事》中慨叹：“就像10多年前一样，只要搞定知识产权问题，选择技术路线，找会干的人，投入干，CPU／芯片就能够做出来。搞不定的依然是操作系统，差距大的依然是生态。当年，绕得过Intel，跨不过微软。如今，绕得过ARM，做不出安卓。”如今，不再是无根之花的鸿蒙OS的确值得期待，就像主流的操作系统从微软Windows+英特尔CPU的组合，迁移为谷歌Android或苹果iOS+ArmCPU的组合一样，鸿蒙操作系统+华为5G芯片或许也能在5G时代掀起极有想象空间的产业浪潮。O时代呼唤鸿蒙：华为打破魔咒究竟有多难？丨深网", "author": "新财富杂志", "time": "新财富杂志08月12日11:28 来自搜狗高速浏览器", "transmit": 61, "comment": 224, "zan": 1016, "sentiment": [{"positive_prob": 0.0747549, "confidence": 0.833878, "negative_prob": 0.925245, "sentiment": 0}]}, {"text": "荣耀智慧屏，华为鸿蒙操作系统的第一款产品。这不是电视，而是电视的未来。L华为中国的微博视频​", "author": "华为中国", "time": "华为中国08月12日07:00 来自微博weibo.com", "transmit": 218, "comment": 185, "zan": 1212, "sentiment": [{"positive_prob": 0.60581, "confidence": 0.124022, "negative_prob": 0.39419, "sentiment": 2}]}, {"text": "三星GalaxyNote10＋5G的DxOMark评分公布，排名第一。其中后置113分，前置自拍99分，双榜双冠军。其中后置拍照118分，视频101分。不知道接下来的华为Mate30Pro和小米MIX4能否刷新成绩了。​", "author": "科技美学", "time": "科技美学08月12日21:04", "transmit": 42, "comment": 421, "zan": 2338, "sentiment": [{"positive_prob": 0.802548, "confidence": 0.561218, "negative_prob": 0.197452, "sentiment": 2}]}, {"text": "#你夸过最多次的国货#当然是华为手机​", "author": "猪丫_肖赞干货", "time": "猪丫_肖赞干货08月12日16:12 来自HUAWEIP20", "transmit": 8, "comment": 189, "zan": 2885, "sentiment": [{"positive_prob": 0.810353, "confidence": 0.578563, "negative_prob": 0.189647, "sentiment": 2}]}, {"text": "昨天带儿子去参加一个创业大赛，晚上一群创业者聊起鸿蒙系统，说起有去了美国，又回中国发展的美国人发文说鸿蒙做不起来。我是不这么看，一是这些美国人虽在中国挣钱，但他们心理上就是看衰中国才去加入了别国，今天他当然希望中国不行，他们才能挟洋自重，中国行了，他们就不行了。二是华为做前的前瞻与执行，非一般人能理解，不说鸿蒙，说地图，华为很快在150个国家推自己的地图，有人也不看好，因为华为做得晚，但殊不知华为做得强，地图不仅仅是测绘，更要实时定位，用GPS、北斗，当然，但这不够，需要补充才能精准，华为在全球160个国家、地区有建设网络，用基站数据补充精准，谁有这能力，唯有华为。看得远，扎得深。岂是那些天天希望中国不行，挟洋自重者可理解的？2北京·富力城B区", "author": "飞象网项立刚", "time": "飞象网项立刚08月12日17:49 来自HUAWEIMate20X5G", "transmit": 111, "comment": 141, "zan": 880, "sentiment": [{"positive_prob": 0.796284, "confidence": 0.547298, "negative_prob": 0.203716, "sentiment": 2}]}, {"text": "【#百度将推出无人巴士二代#否认项目生变】8月11日，百度公关部回应“百度无人巴士项目生变”称：相关内容不实，将推出阿波龙二代车在重庆等落地。据财报，百度19年第一季度亏损3.27亿元，研发支出42亿元，同比增长26%。目前已有腾讯、滴滴、华为、蔚来等多家公司入局自动驾驶。L五环短视频的秒拍视频​", "author": "新浪财经", "time": "新浪财经08月12日19:23 来自微博weibo.com", "transmit": 16, "comment": 26, "zan": 82, "sentiment": [{"positive_prob": 0.967165, "confidence": 0.927033, "negative_prob": 0.0328352, "sentiment": 2}]}, {"text": "【外媒看鸿蒙：类似谷歌Fuchsia挑战是建媲美安卓生态】华为鸿蒙操作系统已正式发布。多家外媒的报道提及，鸿蒙操作系统被认为是为了在智能手机上代替谷歌的安卓（Android）系统。鸿蒙操作系统能够适用不同类型的设备，类似于谷歌的FuchsiaOS（倒挂金钟），但目前仍有一些障碍需要克服。O外媒看鸿蒙：类似谷歌Fuchsia挑战是建媲美安卓生态", "author": "新浪财经", "time": "新浪财经08月12日20:29 来自微博weibo.com", "transmit": 35, "comment": 111, "zan": 334, "sentiment": [{"positive_prob": 0.851286, "confidence": 0.669523, "negative_prob": 0.148714, "sentiment": 2}]}, {"text": "688持续调整，创业板中小板中的科技股有机会了！沾华为，沾科技的小市值科技股，有交易性机会。​", "author": "天津股侠", "time": "天津股侠08月12日14:24 来自微博weibo.com", "transmit": 11, "comment": 50, "zan": 1249, "sentiment": [{"positive_prob": 0.983948, "confidence": 0.964328, "negative_prob": 0.0160525, "sentiment": 2}]}, {"text": "Minystyle||🌃来自华为nova5iPro夜感你最🐂🍺！！​", "author": "时尚怪咖喵喵Miny", "time": "时尚怪咖喵喵Miny08月12日19:49 来自Minystyle超话", "transmit": 276, "comment": 890, "zan": 2718, "sentiment": [{"positive_prob": 0.531306, "confidence": 0.373875, "negative_prob": 0.468694, "sentiment": 1}]}, {"text": "【#4G手机掀降价热潮#：5G手机将至，有4G手机已降价1000元甩卖】都说电子产品买新不买旧，巧合的是，近期各大销售平台也掀起了一股4G手机降价热潮，颇有清理库存之态。据天猫平台统计显示，近期该平台上有超过30款4G手机启动降价。其中，华为主力机型P30Pro售价直降500元，小米9、vivoX27、Note9等热门机型紧跟步伐，下调100-400元。在此之前，OPPOFindX下调1000元，荣耀Magic2下调700元，创下售价新低。总体上，主流手机品牌降幅在10%左右，个别的超过30%。值得一提的是，华为P30Pro、小米9等，上市只有三四个月。这些热门#4G手机大降价你会买吗#？O准备换机的笑了！5G手机将至，有4G手机已降价1000元甩卖O准备换机的笑了！5G手机将至，有4G手机已降价1000元甩卖", "author": "每日经济新闻", "time": "每日经济新闻08月12日07:41 来自微博weibo.com", "transmit": 31, "comment": 50, "zan": 267, "sentiment": [{"positive_prob": 0.0825176, "confidence": 0.816628, "negative_prob": 0.917482, "sentiment": 0}]}, {"text": "前联想总工倪光南，等这一天，真的等得太久！前天，华为正式发布鸿蒙系统后，倪光南第一个发声，展现了无比的激动和自信。他说，我们的技术不比别人差，难就难在生态建设。但现在我们的市场非常大，一定能建立自己的生态系统，华为一定可以。这一天，其实他等了太久。今年，倪光南已经80了，但他终于看到了我们自主研发的芯片和系统。历史，没有负他。他曾把自己最好的青春献给了一个自己奋斗方向相反的企业，最后含泪离开。倪光南说，如果我现在30岁，会选择去华为。短短的一句话，令人泪下，道尽了无奈和心酸！", "author": "价值投资日志", "time": "价值投资日志08月12日21:31 来自iPhoneX", "transmit": 242, "comment": 268, "zan": 1946, "sentiment": [{"positive_prob": 0.734838, "confidence": 0.410751, "negative_prob": 0.265162, "sentiment": 2}]}, {"text": "【汇丰银行范宁与黄碧娟离职回应：与华为事件无任何联系】继汇丰集团行政总裁范宁离职后，据港媒消息，汇丰银行大中华区行政总裁黄碧娟日前已辞职。针对此消息，汇丰银行相关发言人向@新京报记者确认称，集团总经理及大中华区行政总裁黄碧娟已决定离任，向外寻求其他发展机会。此外，上述人士还强调，范宁、黄碧娟离职与华为事件完全无任何联系。O汇丰回应范宁与黄碧娟两高管离职：与华为无任何联系", "author": "新浪财经", "time": "新浪财经08月12日08:28 来自专业版微博", "transmit": 23, "comment": 59, "zan": 279, "sentiment": [{"positive_prob": 0.0350371, "confidence": 0.92214, "negative_prob": 0.964963, "sentiment": 0}]}, {"text": "腾讯工程师吐槽华为鸿蒙系统，官方回应：非在职员工，已离职。​", "author": "财联社APP", "time": "财联社APP08月12日17:54 来自微博weibo.com", "transmit": 240, "comment": 122, "zan": 234, "sentiment": [{"positive_prob": 0.168585, "confidence": 0.625368, "negative_prob": 0.831415, "sentiment": 0}]}, {"text": "关晓彤#华为nova星人关晓彤#相聚八月成都，是我炙热的欢喜与温暖的陪伴，在星星女孩@关晓彤甜酣的笑语里带来灼日下的清凉心动~​", "author": "关晓彤全球后援会", "time": "关晓彤全球后援会08月12日23:20 来自关晓彤超话", "transmit": 51, "comment": 85, "zan": 471, "sentiment": [{"positive_prob": 0.989289, "confidence": 0.976198, "negative_prob": 0.0107109, "sentiment": 2}]}, {"text": "【中兴通讯对于中国意味着什么？】中兴是中国为数不多研发年投资超100亿，在自己的领域做到全球前4，靠高科技赚取全球钱的企业。中兴高层已经知道过去所犯错误，砍掉了营销广告和非核心研发，努力恢复。中兴对于中国意味着什么？5G标准必要专利华为15%中兴12%（中兴的体量只有华为1/6不到），韩国共24%，如果没有了中兴中国5G落后韩国，华为将面临更恶劣的围攻，中国标准也难以推广。（在5G标准表决会上，中兴虽然是高通战略合作伙伴，但在国家利益面前，毅然站在对手华为这边，且中兴的投票权重很高〈每个企业权重不一样：主要贡献者10票，打酱油1票〉）中兴没有技术？中兴数据库击败阿里，腾讯，百度，巨杉唯一满分通过工信部测试。都是中国的国际企业，能赚外国人钱的几个企业（中兴45%以上营收来自国外）。中兴事件表面是中兴的问题（当然中兴确实违规在先被人告密，被老美抓了把柄，导致理亏无法力争，很多人指责中兴向美方屈服，但这里有一个尴尬的问题，那就是中兴确实违规了，如果不认罚，大家有什么方法让中兴即可以不违背契约精神又不需要向美方认罚的方法？），实际是国家整体的问题（华为麒麟芯片近一半专利来自美国，芯片构架买arm，dsp直接买德州仪器），与其冷嘲热讽，不如齐心协力提升国家实力。中国的一些人，何必捧一个踩一个。人家最困难的时候把营销广告基本都砍了，集中投入研发，最难时现金链仅剩几亿元，但研发投入依然过百亿（中国含港澳台第6全球76），就是不祝福，也不要踩她啦。", "author": "价值投资日志", "time": "价值投资日志08月12日23:10 来自iPhoneX", "transmit": 313, "comment": 263, "zan": 1886, "sentiment": [{"positive_prob": 0.441387, "confidence": 0.0191402, "negative_prob": 0.558613, "sentiment": 0}]}, {"text": "【小泽vlog：攻陷华为食堂颤抖吧华为！】今天有机会去了一趟华为西安研究所，结果哪哪都不让拍，那我岂不是白来一趟？于是乎我灵机一动，有了这期vlog。华为西安研究所的食堂有着非常明显的西安风格，以面食为主，各种臊子辣子，我平时都不爱吃面，但今天吃的可是太过瘾了！L钟文泽的微博视频​O抽奖详情", "author": "钟文泽", "time": "钟文泽08月12日21:30 来自微博weibo.com", "transmit": 928, "comment": 545, "zan": 2574, "sentiment": [{"positive_prob": 0.842207, "confidence": 0.649348, "negative_prob": 0.157793, "sentiment": 2}]}, {"text": "【深击|不只是华为手机备胎鸿蒙OS的野心与挑战】鸿蒙OS一直被外界视为华为手机应对美国禁用安卓的备胎，对此，华为消费者业务软件总裁王成录一度有些不悦：“谁说我做备胎去了，我是去做超过这个东西去了。”事实上，华为要通过鸿蒙OS打造的是一个5G时代软硬件闭环的超级生态。O深击|不只是华为手机备胎鸿蒙OS的野心与挑战​", "author": "新浪科技", "time": "新浪科技08月12日08:31 来自微博weibo.com", "transmit": 66, "comment": 35, "zan": 158, "sentiment": [{"positive_prob": 0.138276, "confidence": 0.692721, "negative_prob": 0.861724, "sentiment": 0}]}]