[{"text": "【#日本拆解华为最新手机#：美制造商零件占比仅为16.3%】《日本经济新闻》6月27日发表一篇名为《解剖华为P30Pro》的报道，称华为公司智能手机在全球销量中排名第二。在其最新机型一部P30Pro手机当中，来自美国的零件为15个，总价值为59.36美元，占总价的比例为16.3%；来自中国大陆的零件为80个，总价值为138.61美元，占比为38.1%；来自日本的零件为869个，总价值为83.71美元，占比为23.0%。O日媒拆解华为P30Pro：美制造商零件价值占比仅为16%", "author": "新浪财经", "time": "新浪财经07月02日07:17 来自微博weibo.com", "transmit": 101, "comment": 219, "zan": 860, "sentiment": [{"positive_prob": 0.929007, "confidence": 0.842238, "negative_prob": 0.070993, "sentiment": 2}]}, {"text": "每一次不经意的抬头，都能收获意外之喜，你说天空的颜色就像心情，我说天空的颜色就是夏天的颜色。今天你用#华为P30#拍下的天空是什么颜色？别忘了来评论区了解活动详情哦！​", "author": "华为终端官方微博", "time": "华为终端官方微博07月02日12:16 来自微博weibo.com", "transmit": 54, "comment": 277, "zan": 1596, "sentiment": [{"positive_prob": 0.962246, "confidence": 0.916101, "negative_prob": 0.0377545, "sentiment": 2}]}, {"text": "今天报姐带各位爱拍拍拍的小仙女们来种草，#华为nova5#Pro高级外形活泼又绚丽，不仅会在人群中让你眼睛一亮，而且人像超级夜景自拍功能更是深得人心，在夜景里也能随手定格最闪耀的自己，每一拍，都是时尚大片！​", "author": "英国报姐", "time": "英国报姐07月02日18:35 来自微博weibo.com", "transmit": 901, "comment": 1072, "zan": 1768, "sentiment": [{"positive_prob": 0.995621, "confidence": 0.990268, "negative_prob": 0.00437921, "sentiment": 2}]}, {"text": "神仙颜值#华为nova5#Pro，漂亮的外观真的戳到我了～强大的拍照功能更是深得我心，夜景清晰，人像美艳，时尚圈表示非常够用～​", "author": "章佳明", "time": "章佳明07月02日18:35 来自微博weibo.com", "transmit": 1266, "comment": 2115, "zan": 8706, "sentiment": [{"positive_prob": 0.996646, "confidence": 0.992547, "negative_prob": 0.00335386, "sentiment": 2}]}, {"text": "网友的华为P30手机在使用10天后电池爆炸。​", "author": "王员外", "time": "王员外07月02日16:23 来自UC浏览器电脑版", "transmit": 348, "comment": 1662, "zan": 5414, "sentiment": [{"positive_prob": 0.383639, "confidence": 0.147468, "negative_prob": 0.616361, "sentiment": 0}]}, {"text": "［#华为骄傲月最后一天挂彩虹撑同志#］6月30日，今年骄傲月最后一天，华为意大利官方Instagram账号发布了一张由六款不同配色的华为手机拼成的「彩虹旗」画面，并配文「#loveislove」以支持同志群体，截止目前获得近4000条点赞。有消息称这是第二个亮出自己撑同志立场的国产手机品牌，前者为魅族。​", "author": "同志之声", "time": "同志之声07月02日10:18 来自微博weibo.com", "transmit": 212, "comment": 224, "zan": 6467, "sentiment": [{"positive_prob": 0.993639, "confidence": 0.985865, "negative_prob": 0.00636055, "sentiment": 2}]}, {"text": "【#日媒把华为最新款手机拆了#】日媒《日本经济新闻》6月27日发表一篇名为《解剖华为P30Pro》的报道，称华为公司智能手机在全球销量中排名第二。在其最新机型P30Pro手机当中，美国制造商的零件占比仅为16%（以价格计）。依据日媒统计的P30Pro的零部件成本数据，一台P30Pro手机当中，来自美国的零件为15个，总价值为59.36美元，占总价的比例为16.3%;来自中国大陆的零件为80个，总价值为138.61美元，占比为38.1%;来自日本的零件为869个，总价值为83.71美元，占比为23.0%;来自中国台湾地区的零件为83个，总价值为28.85美元，占比为7.9%;来自韩国零件为562个，总价值为28美元，占比为7.7%。全文：O日媒把华为最新款手机拆了，发现一组惊人的数据！（环球时报）", "author": "环球网", "time": "环球网07月02日07:33 来自微博weibo.com", "transmit": 63, "comment": 78, "zan": 627, "sentiment": [{"positive_prob": 0.975485, "confidence": 0.945522, "negative_prob": 0.024515, "sentiment": 2}]}, {"text": "#日媒拆华为手机发现15个美国零件#【日媒把华为最新款手机拆了，发现来自美国的零件为15个】《日本经济新闻》6月27日发表一篇名为《解剖华为P30Pro》的报道，称华为公司智能手机在全球销量中排名第二。在其最新机型P30Pro手机当中，美国制造商的零件占比仅为16%（以价格计）。依据日媒统计的P30Pro的零部件成本数据，一台P30Pro手机当中，来自美国的零件为15个，总价值为59.36美元，占总价的比例为16.3%；来自中国大陆的零件为80个，总价值为138.61美元，占比为38.1%；来自日本的零件为869个，总价值为83.71美元，占比为23.0%；来自中国台湾地区的零件为83个，总价值为28.85美元，占比为7.9%；来自韩国零件为562个，总价值为28美元，占比为7.7%。文章中还列出了这些零件来源的中外企业排名，列表显示中国京东方科技集团、海思半导体分别占据前10名的第1、和第3位；美国的美光科技、Skyworks位列第2位和第9位；韩国三星电子位列第4位；日本索尼位列第6位。O日媒把华为最新款手机拆了，发现来自美国的零件为15个", "author": "每日经济新闻", "time": "每日经济新闻07月02日00:09 来自微博weibo.com", "transmit": 67, "comment": 43, "zan": 207, "sentiment": [{"positive_prob": 0.968594, "confidence": 0.93021, "negative_prob": 0.0314057, "sentiment": 2}]}, {"text": "我自己在看人刷#月薪五万养不起一个孩子#的时候感觉很特殊，绝大多数智力正常的人都不会认为月薪五万养不起孩子，一个月赚五万的人日子过不好多数还是因为心态问题，教育是最触动民众心中“公平错觉”的一个话题。我自己以前写过一些有钱人养孩子的方式，比如任正非，他刚开始创立华为的时候没什么钱，所以大女儿教育也并不上心。她大女儿后来说没去美国留学也是英语不好。等到他自己有钱了，小女儿读书就很简单，从小请英语母语的人陪读，锻炼口语。绝大多数地方高考英语都不考口语，可是他还是花钱给女儿请母语者陪读。当然这个花费可想而知，绝对不低。我隔断时间看了我那条微博下面的评论，排第一的就是觉得“不公平”，认为教育体制应该给他女儿这样的人设计更高的录取标准。我当时觉得莫名其妙，后来想想其实也明白，多数人从小一直都是活在一个“公平幻觉”里的。他们真的觉得每个人从小应该接受“同等的教育”，然后再通过高考给人分出等级。人上人就是清华北大，再是985，211。要是任正非的女儿参加高考考了个二本，他孩子考个一本，他孩子就是比人家女儿“高级”的存在了。其实哪有考试给人分等级的道理，普通人就是读个书，去社会上找份工作，靠工作养家糊口。我们每个人开始的社会地位都是爹妈给的，爹妈在什么位置，我们这些人就在什么位置。什么样的人痛苦？是社会定位失准的人。你一年出得起二十万就送孩子进二十万学费的学校，出得起十万就送十万的。有钱就买个学区房读个好公立，没钱就接受兜底的学校，愿意出钱就请老师补补课，很难吗？你身边现在真的有人义务教育失学吗？有人有户口但是在本地孩子没幼儿园读吗？有些话真的讲的刻薄点，就是分不清楚自己的社会定位。看见别人家的孩子去读37800的夏令营，自己的孩子没有，就觉得“不公平”，其实这个不公平的根源是什么？是因为孩子的父母就“不公平”啊。有多少钱就买多大的房子，有多少钱也是买多少的教育啊。就像任正非的大小女儿，大女儿成长的时候他没钱，所以就是让女儿去顺着大流读书，等到小女儿的时候有钱了，就直接请英语母语私教从小辅导，结果小女儿本科就直接去了哈佛。你站在他的位置，你也会一样做的。你的起跑线是你的父母，你孩子的起跑线就是你啊。所以我也常说养育孩子得过程就是认清自己真实社会地位的过程。父母爱子女，所以想着为他计算深远。可是到底有能力计算到多深远呢？通过这个过程你也可以看清楚自己的位置。", "author": "sven_shi", "time": "sven_shi07月02日22:14 来自HUAWEIMate20Pro", "transmit": 291, "comment": 196, "zan": 1644, "sentiment": [{"positive_prob": 0.781142, "confidence": 0.51365, "negative_prob": 0.218857, "sentiment": 2}]}, {"text": "发布了头条文章：《硬碰硬比拼内力，美国后退一步：中国测出美国实力的上限|袁岚峰》在此之前，美国政府对华为是恨不得往死里掐，压上国家信用来打击一家企业，现在却变成了“没有人比我更懂给华为供货”。国际政治中所有的参与者，对中国和美国的实力都会重新评估。许多人会对中国做出一个新的定位：能正面逼迫美国后退的国家。#科技袁人##微博公开课#O硬碰硬比拼内力，美国后退一步：中国测出美国实力的上限|袁岚峰", "author": "中科大胡不归", "time": "中科大胡不归07月02日00:08 来自微博weibo.com", "transmit": 225, "comment": 176, "zan": 718, "sentiment": [{"positive_prob": 0.816828, "confidence": 0.592952, "negative_prob": 0.183172, "sentiment": 2}]}, {"text": "男朋友拍照不好看怎么办？不要急，#华为nova5#Pro神仙手机轻松解决小姐姐们的烦恼。不仅颜值高而且人像拍照更是专业级水准，一款专治直男男友的拍照自救神器，值得拥有~​", "author": "苍南派", "time": "苍南派07月02日19:35 来自微博weibo.com", "transmit": 308, "comment": 383, "zan": 1581, "sentiment": [{"positive_prob": 0.995995, "confidence": 0.9911, "negative_prob": 0.00400494, "sentiment": 2}]}, {"text": "【日媒拆解华为最新手机：美制造商零件价格占比仅为16%】日媒近日报道称，华为公司智能手机在全球销量中排名第二，在其最新机型P30Pro手机当中，美国制造商的零件占比仅为16%（以价格计）；来自中国大陆的零件为80个，总价值为138.61美元，占比为38.1%。O日媒拆解华为最新手机：美制造商零件占比仅为16%​", "author": "新浪科技", "time": "新浪科技07月02日07:24 来自微博weibo.com", "transmit": 33, "comment": 46, "zan": 186, "sentiment": [{"positive_prob": 0.783469, "confidence": 0.518819, "negative_prob": 0.216531, "sentiment": 2}]}, {"text": "感谢各大媒体对HUAWEInova5Pro的认可#华为nova5#系列作为一款定位时尚年轻群体的产品，我们在外观设计、色彩使用上更加大胆，功能研发上也更匹配年轻人的诉求，希望nova星人们喜欢！​", "author": "华为何刚", "time": "华为何刚07月02日11:03 来自nova5Pro人像超级夜景", "transmit": 28, "comment": 128, "zan": 405, "sentiment": [{"positive_prob": 0.997496, "confidence": 0.994435, "negative_prob": 0.00250426, "sentiment": 2}]}, {"text": "【实拍#华为5G基站长啥样#，为何很多国家都要买】#Real5G#目前华为5G订单已经拿到全球最多，实拍华为5G基站，看看为何西班牙英国等欧洲国家都要买：基站体积相比4G缩小很多，行李箱这么大，安装部署更方便，还采用新型的液冷散热技术，功耗等方面也有优势～L老板联播的秒拍视频​", "author": "中国企业家杂志", "time": "中国企业家杂志07月02日22:55 来自微博weibo.com", "transmit": 32, "comment": 6, "zan": 50, "sentiment": [{"positive_prob": 0.975821, "confidence": 0.946268, "negative_prob": 0.0241794, "sentiment": 2}]}, {"text": "#新影像不止所见#分享一支来自2019华为新影像大赛中国参赛者的精选投稿作品视频合集，用镜头诠释对生活的感悟、时间的认识；定格美好瞬间，将感动长存心底。距截稿7月31日不到一个月，期待你的作品！投稿通道→O网页链接L华为手机官方的秒拍视频​", "author": "华为终端公司", "time": "华为终端公司07月02日11:51 来自微博weibo.com", "transmit": 62, "comment": 29, "zan": 142, "sentiment": [{"positive_prob": 0.98181, "confidence": 0.959579, "negative_prob": 0.0181897, "sentiment": 2}]}, {"text": "#荣耀20#李汶翰莫斯奇诺联名款get，用了多年ios今年选择换回华为荣耀系列，10点08准时开抢。出色的外观，一流的性能，主要是李汶翰同款，买就对了！@荣耀手机@荣耀honor​", "author": "澄澄圈", "time": "澄澄圈07月02日12:31 来自iPhone8Plus", "transmit": 83, "comment": 165, "zan": 538, "sentiment": [{"positive_prob": 0.982297, "confidence": 0.96066, "negative_prob": 0.0177032, "sentiment": 2}]}, {"text": "【实拍#华为5G基站长啥样#，为何很多国家都要买】#Real5G#目前华为5G订单已经拿到全球最多，实拍华为5G基站，看看为何西班牙英国等欧洲国家都要买：基站体积相比4G缩小很多，行李箱这么大，安装部署更方便，还采用新型的液冷散热技术，功耗等方面也有优势～L老板联播的秒拍视频​​​", "author": "经济观察报", "time": "经济观察报07月02日20:00 来自微博weibo.com", "transmit": 18, "comment": 5, "zan": 23, "sentiment": [{"positive_prob": 0.975821, "confidence": 0.946268, "negative_prob": 0.0241794, "sentiment": 2}]}, {"text": "我自认为一直不是个颜控，这次却不得不被#华为nova5#Pro圈粉了，哈哈哈，真的是拿到手就很爱了。欣赏着它的外形美，再感受一把硬核的内在拍照功能，夜景逆光也强大在线哦，满分!(via：CNMO)​", "author": "鞭鞭于白水", "time": "鞭鞭于白水07月02日19:40 来自微博weibo.com", "transmit": 639, "comment": 390, "zan": 828, "sentiment": [{"positive_prob": 0.985152, "confidence": 0.967004, "negative_prob": 0.0148482, "sentiment": 2}]}, {"text": "从宁静的清晨到浪漫的星空，天空的颜色犹如百变精灵，有时清澈温柔、有时洁净明亮、有时烂漫火艳......不同时刻有着不一样的韵味。#华为P30#45度角仰望天空，此刻你那里的它是什么样的呢？​", "author": "华为终端公司", "time": "华为终端公司07月02日18:44 来自微博weibo.com", "transmit": 9, "comment": 40, "zan": 113, "sentiment": [{"positive_prob": 0.940439, "confidence": 0.867642, "negative_prob": 0.0595611, "sentiment": 2}]}, {"text": "华为与重庆城市通卡公司联合推出的手机公交卡将于7月3日正式上线。乘客通过华为支持NFC功能的手机开通HuaweiPay重庆畅通卡后，在乘坐公交、地铁等交通工具时，可直接刷手机乘车或进出站，并享受和实体公交卡相同的各项优惠。早前，小米已与重庆城市通卡公司联合推出了MiPay重庆畅通卡。​", "author": "重庆CKG", "time": "重庆CKG07月02日21:53 来自微博weibo.com", "transmit": 38, "comment": 268, "zan": 294, "sentiment": [{"positive_prob": 0.972149, "confidence": 0.93811, "negative_prob": 0.0278507, "sentiment": 2}]}, {"text": "华为P30ProVS.OPPOREON10倍变焦版​", "author": "C科技", "time": "C科技07月02日08:01 来自Android客户端", "transmit": 15, "comment": 201, "zan": 551, "sentiment": [{"positive_prob": 0.370501, "confidence": 0.176664, "negative_prob": 0.629499, "sentiment": 0}]}, {"text": "#美国制裁华为造成欧洲5G延迟#据路透社报道，瑞典电信集团Tele2公司CEOAndersNilsson表示，由于美国对华为的制裁以及欧洲各国政府审查使用中国设备的影响，欧洲的5G服务推出速度正在放缓。限制和安全问题的最大影响是造成了整个欧洲5G投资的延迟。他还表示，Tele2暂无计划停止销售华为手机。看来越来越多的欧洲国家识破了川普的一己私利，为了确保美国企业的利益来限制华为，这招行不通了。欧洲的5G发展离不开华为，你们觉得呢？", "author": "IT观察猿", "time": "IT观察猿07月02日14:25 来自微博weibo.com", "transmit": 237, "comment": 229, "zan": 1113, "sentiment": [{"positive_prob": 0.866926, "confidence": 0.704281, "negative_prob": 0.133074, "sentiment": 2}]}, {"text": "#Tech4All#近日，深圳地铁携手华为、中国联通等合作伙伴，通过联通5G网络接入，采用Wi-Fi6技术部署了全国首个Wi-Fi6地铁车站——深圳地铁福田枢纽，为智慧福田又增加一个科技亮点。在“科技地铁”建设方面，Wi-Fi6地铁车站也带来了创新的服务模式，能够更好地服务城市、服务市民。O全国首个Wi-Fi6地铁车站来了！就在深圳福田！", "author": "华为中国", "time": "华为中国07月02日13:20 来自微博weibo.com", "transmit": 26, "comment": 23, "zan": 327, "sentiment": [{"positive_prob": 0.99209, "confidence": 0.982421, "negative_prob": 0.0079105, "sentiment": 2}]}, {"text": "主板第一小时成交量不足，早盘军工+华为概念/OLED+新能源汽车略强，皮皮早盘开了新仓OLED+军工核心品种，准备汰弱留强，龙头在手，心中不方，美图时间，啦啦啦。。。。。​", "author": "lesliesay", "time": "lesliesay07月02日10:33 来自微博weibo.com", "transmit": 219, "comment": 10, "zan": 119, "sentiment": [{"positive_prob": 0.577564, "confidence": 0.0612523, "negative_prob": 0.422437, "sentiment": 2}]}, {"text": "都说最美的风景在路上，旅行时看到的风景都用#华为nova5#Pro来记录下吧！人像超级夜景功能在夜晚同样记录美好，仲夏紫、珊瑚橙这种既美好又梦幻的颜色​", "author": "抬头看风景nono", "time": "抬头看风景nono07月02日18:40 来自微博weibo.com", "transmit": 1397, "comment": 1439, "zan": 3100, "sentiment": [{"positive_prob": 0.971323, "confidence": 0.936273, "negative_prob": 0.0286773, "sentiment": 2}]}, {"text": "聊聊麒麟810这颗U的定位-官方定义：麒麟810主打高端系列，强劲性能；麒麟7系列Soc主打中端系列，均衡设计；麒麟9系列Soc主打旗舰系列，极致科技。-华为消费者业务手机产品线总裁何刚：“麒麟810是华为的一款高端芯片，未来麒麟810会持续在两三千档位（手机）上持续使用。”麒麟810首款机型华为Nova58+128GB售价2799元价位很清晰，但...你华为自己的定价跟我荣耀有什么关系", "author": "小白测评", "time": "小白测评07月02日08:57", "transmit": 10, "comment": 300, "zan": 1107, "sentiment": [{"positive_prob": 0.879484, "confidence": 0.732186, "negative_prob": 0.120516, "sentiment": 2}]}, {"text": "投稿：吐槽一下华为入职培训。时间安排残酷，没有工资。​", "author": "首席内幕官", "time": "首席内幕官07月02日09:42 来自内裤官的iPhone客户端", "transmit": 63, "comment": 720, "zan": 3376, "sentiment": [{"positive_prob": 0.184064, "confidence": 0.590969, "negative_prob": 0.815936, "sentiment": 0}]}, {"text": "他，用互联终端穿梭城市记录信息，服务市民，就像智慧城市的神经末梢；龙岗新型智慧城区IOC，依靠华为数字平台，实时掌控城市运行状态，保障市民出行及政务一窗式处理。数字时代，深圳龙岗转型不畏，拥抱变化，让市民生活更幸福。欢迎观看微电影#转型不畏#之智慧龙岗，这就是深圳龙岗智慧的模样。@龙岗发布L华为中国的微博视频", "author": "华为中国", "time": "华为中国07月02日09:00 来自微博weibo.com", "transmit": 18, "comment": 17, "zan": 158, "sentiment": [{"positive_prob": 0.977708, "confidence": 0.950462, "negative_prob": 0.022292, "sentiment": 2}]}, {"text": "同益股份上周做得华为概念，我只赚了一个板就跑了，结果后面再跟3个板！你们知道我是啥心情？​", "author": "天津股侠", "time": "天津股侠07月02日10:25 来自微博weibo.com", "transmit": 8, "comment": 224, "zan": 1714, "sentiment": [{"positive_prob": 0.0333706, "confidence": 0.925843, "negative_prob": 0.966629, "sentiment": 0}]}, {"text": "【200秒看懂#华为5G到底有多厉害#：从首款进网手机到远程操控挖掘机】#Real5G#华为的5G已是行业标杆，但它显然可不仅仅是拼速度。在MWC2019上海展上，华为展示了5G到底是什么，从第一款入网的5G手机到远程操控挖掘机的场景应用，而基站等先进设备，已经让华为已经斩获了50个商业合同。任正非称，华为在5G专利占比已占全行业27%，华为投入数千人把一篇5G论文变成专利。L老板联播的秒拍视频", "author": "电商报", "time": "电商报07月02日22:15 来自微博weibo.com", "transmit": 100, "comment": 8, "zan": 50, "sentiment": [{"positive_prob": 0.899291, "confidence": 0.776202, "negative_prob": 0.100709, "sentiment": 2}]}]