[{"text": "hi好像有点帅像特工吗@gentlemonsterofficial#GENTLEMONSTER华为智能眼镜#​", "author": "木子洋KWIN", "time": "木子洋KWIN08月23日17:44", "transmit": 16864, "comment": 8355, "zan": 88261, "sentiment": [{"positive_prob": 0.821403, "confidence": 0.603118, "negative_prob": 0.178597, "sentiment": 2}]}, {"text": "【直播！#华为发布最新AI处理器#】今天下午，华为将发布最新款AI芯片“昇腾910”及配套全场景AI计算框架。据华为公司介绍，“昇腾910”是目前单芯片计算密度最大的芯片。被认为是华为AI“达芬奇构架”最强芯的“昇腾910”性能如何？看直播，关注！（央视记者关美璐）央视新闻的微博直播.​", "author": "央视新闻", "time": "央视新闻08月23日15:00 来自微博网页版", "transmit": 924, "comment": 2437, "zan": 30952, "sentiment": [{"positive_prob": 0.972444, "confidence": 0.938764, "negative_prob": 0.0275563, "sentiment": 2}]}, {"text": "我就是名侦探——灵超！@gentlemonsterofficial#GENTLEMONSTER华为智能眼镜#​", "author": "灵超DIDI", "time": "灵超DIDI08月23日17:50", "transmit": 16241, "comment": 5365, "zan": 105526, "sentiment": [{"positive_prob": 0.933164, "confidence": 0.851475, "negative_prob": 0.0668362, "sentiment": 2}]}, {"text": "作为理科男，我真的很想了解一下这副眼镜的工作原理是什么@gentlemonsterofficial#GENTLEMONSTER华为智能眼镜#​", "author": "岳岳PINKRAY", "time": "岳岳PINKRAY08月23日18:03", "transmit": 12177, "comment": 2778, "zan": 77578, "sentiment": [{"positive_prob": 0.507374, "confidence": 0.852525, "negative_prob": 0.492626, "sentiment": 1}]}, {"text": "【#华为正式发布AI芯片昇腾910#】继8月9日推出鸿蒙操作系统后，华为刚刚又放大招：发布正式商用的AI芯片——Ascend910（昇腾910），以及与之配套的新一代AI开源计算框架MindSpore！（赵永新）​", "author": "人民日报", "time": "人民日报08月23日15:12 来自微博weibo.com", "transmit": 852, "comment": 976, "zan": 11308, "sentiment": [{"positive_prob": 0.943666, "confidence": 0.874813, "negative_prob": 0.0563342, "sentiment": 2}]}, {"text": "【#华为谈博士200万年薪#：向全球告示人才的价值，欢迎他们加入华为】近期，华为内部顶级博士薪酬文件公开，8名博士年薪从100万到200万不等。23日，华为轮值董事长徐直军谈到公司人才问题时表示，华为努力点亮人才灯塔，天才少年计划希望广纳全球英才，为华为发展做贡献，公布他们薪酬也是向全球告示，真正人才的价值，也欢迎他们加入华为。L老板联播的微博视频", "author": "Vista看天下", "time": "Vista看天下08月23日18:16 来自微博weibo.com", "transmit": 185, "comment": 687, "zan": 8520, "sentiment": [{"positive_prob": 0.98549, "confidence": 0.967755, "negative_prob": 0.0145105, "sentiment": 2}]}, {"text": "【又放大招！华为发布AI芯片“昇腾910”】继8月9日推出鸿蒙操作系统后，华为刚刚又放大招：发布正式商用的AI芯片——Ascend910（昇腾910），以及与之配套的新一代AI开源计算框架MindSpore！据华为轮值董事长徐直军介绍，昇腾910有两大亮点——一，它是当前全球算力最强、训练速度最快的AI芯片：其算力是国际顶尖AI芯片的2倍，相当50个当前最新最强的CPU；其训练速度，也比当前最新最强的芯片提升了50%-100%。二、与之配套的新一代AI开源计算框架MindSpore如虎添翼：它创新编程范式，AI科学家和工程师更易使用，便于开放式创新；该计算框架可满足终端、边缘计算、云全场景需求，能更好保护数据隐私；可开源，形成广阔应用生态。同时，它与此次发布的AI芯片搭配性能最佳，最大化利用芯片算力。（人民日报）", "author": "环球时报", "time": "环球时报08月23日15:07", "transmit": 149, "comment": 185, "zan": 1778, "sentiment": [{"positive_prob": 0.988471, "confidence": 0.97438, "negative_prob": 0.0115291, "sentiment": 2}]}, {"text": "#华为正式发布AI处理器#【华为AI芯片与全新开源计算框架发布会】8月23日，华为将在深圳市举办Ascend910AI处理器和MindSpore计算框架发布会，推出业界迄今为止性能最快的AI处理器及全场景的AI计算框架。澎湃新闻的微博直播.​", "author": "澎湃新闻", "time": "澎湃新闻08月23日15:03 来自微博网页版", "transmit": 75, "comment": 152, "zan": 1909, "sentiment": [{"positive_prob": 0.988958, "confidence": 0.975463, "negative_prob": 0.0110416, "sentiment": 2}]}, {"text": "2019华为新影像大赛终审评选正在进行，在现场看到非常多优秀的投稿作品，感受到了全球用户在手机摄影上不断升级的创造力和想象力。感谢由SteveMcCurry、AlecSoth、刘香成等中外顶尖摄影大师组成的评审团。手机拍照不仅仅是人们记录影像的工具，更是人们发现和创造美的全新方式。我们启动新影像大赛，正是希望与华为手机用户共同探索下一代智能手机影像可能性，成为用户分享作品的最佳平台，期待今天的冠军诞生！#新影像不止所见#2深圳·华为总部", "author": "华为何刚", "time": "华为何刚08月23日15:17 来自HUAWEIP30Pro", "transmit": 127, "comment": 178, "zan": 731, "sentiment": [{"positive_prob": 0.973179, "confidence": 0.940398, "negative_prob": 0.0268212, "sentiment": 2}]}, {"text": "【#华为谈博士200万年薪#：向全球告示真正人才价值欢迎他们加入华为】今年7月，华为曾发布2019届顶尖学生的年薪方案，年薪从89.6万元到201万元不等。8月23日华为昇腾发布会上，华为轮值董事长徐直军谈及此事表示，此举是为努力点亮人才灯塔，公布他们薪酬是向全球告示，真正人才的价值，欢迎他们加入华为。@大佬时间L大佬时间的微博视频", "author": "新浪科技", "time": "新浪科技08月23日19:30 来自微博weibo.com", "transmit": 152, "comment": 339, "zan": 2487, "sentiment": [{"positive_prob": 0.980057, "confidence": 0.955682, "negative_prob": 0.019943, "sentiment": 2}]}, {"text": "【华为高管：没有华为，美国有些偏远地区都打不通求救电话】8月19日，华为公共事务高级副总裁JoyTan在RCR无线新闻专访中表示，如果美国政府对私有企业进行干预，将会导致不好的结果，因为很多偏远地区通信网络都在使用华为的设备，如果拆除，他们可能连报警电话都打不通。“那些大公司像AT&T并不会提供服务，因为那里太偏人口太少，赚不到钱。”O华为高管:没有华为美有些偏远地区都打不通求救电话L大佬时间的微博视频", "author": "新浪财经", "time": "新浪财经08月23日14:30 来自微博weibo.com", "transmit": 280, "comment": 280, "zan": 3712, "sentiment": [{"positive_prob": 0.0457709, "confidence": 0.898287, "negative_prob": 0.954229, "sentiment": 0}]}, {"text": "#华为谈博士200万年薪#此前，华为公布8名顶尖博士的年薪，最高达到了200万。8月23日，华为轮值董事长徐直军表示，公布他们薪酬是向全球告示真正人才的价值，也欢迎他们加入华为。你怎么看华为博士200万年薪？你怎么看华为博士200万年薪？​", "author": "老板联播", "time": "老板联播08月23日22:40 来自微博weibo.com", "transmit": 90, "comment": 316, "zan": 76538, "sentiment": [{"positive_prob": 0.666185, "confidence": 0.25819, "negative_prob": 0.333815, "sentiment": 2}]}, {"text": "#GENTLEMONSTER华为智能眼镜#众星化身时尚特工，双击聆听未来。点击O网页链接即刻预约，或莅临GENTLEMONSTER线下旗舰店提前试戴体验。Lgentlemonsterofficial的微博视频​", "author": "gentlemonsterofficial", "time": "gentlemonsterofficial08月23日20:49 来自微博视频", "transmit": 65036, "comment": 1307, "zan": 63412, "sentiment": [{"positive_prob": 0.969152, "confidence": 0.931449, "negative_prob": 0.0308481, "sentiment": 2}]}, {"text": "#GENTLEMONSTER华为智能眼镜#🌙#时尚的智能眼镜#DarlingIfancyyou感谢@gentlemonsterofficial品牌的邀请和支持@岳岳PINKRAY​", "author": "Logical_岳岳pinkray安利博", "time": "Logical_岳岳pinkray安利博08月23日18:15 来自岳岳pinkray超话", "transmit": 316, "comment": 48, "zan": 373, "sentiment": [{"positive_prob": 0.993908, "confidence": 0.986463, "negative_prob": 0.00609162, "sentiment": 2}]}, {"text": "【#华为发布最新AI处理器#昇腾910及全场景AI计算框架MindSpore】今天下午15点，华为在深圳总部发布算力最强的AI处理器“昇腾910”，同时推出全场景AI计算框架MindSpore。华为公司轮值董事长徐直军在发布会上表示：“昇腾910”、MindSpore的推出，标志着华为已完成全栈全场景AI解决方案的构建，也标志着华为AI战略的执行进入了新阶段。（央视新闻）", "author": "头条新闻", "time": "头条新闻08月23日15:07 来自微博weibo.com", "transmit": 42, "comment": 144, "zan": 861, "sentiment": [{"positive_prob": 0.978048, "confidence": 0.951218, "negative_prob": 0.021952, "sentiment": 2}]}, {"text": "#whowearswhat#赵丽颖穿ReemAcra2019秋冬系列礼裙亮相华为荣耀20系列冰岛幻境派对。我觉得她生了娃回来，状态比以前能打欸，气质变得好好！原本拿到图还以为是工作室精修的，结果看到动图才知道实物就这么美……这一身从头到脚都干干净净，舒舒服服的，而且腰也太细了吧……#赵丽颖复工#赵丽颖", "author": "gogoboi", "time": "gogoboi08月23日12:53", "transmit": 80, "comment": 431, "zan": 5735, "sentiment": [{"positive_prob": 0.946831, "confidence": 0.881846, "negative_prob": 0.0531694, "sentiment": 2}]}, {"text": "方书剑#GENTLEMONSTER华为智能眼镜#本杂役看完视频内心毫无波澜甚至有点想夸夸掌柜的L方书剑的小杂役的微博视频​", "author": "方书剑的小杂役", "time": "方书剑的小杂役08月23日20:59 来自方书剑超话", "transmit": 831, "comment": 451, "zan": 2507, "sentiment": [{"positive_prob": 0.623147, "confidence": 0.162549, "negative_prob": 0.376853, "sentiment": 2}]}, {"text": "【直播华为昇腾发布会：轮值董事长徐直军将发言】华为公司于深圳市坂田基地举办Ascend910AI处理器和MindSpore计算框架发布会，号称“业界迄今为止性能最快的AI处理器”到底啥样？轮值董事长徐直军接受媒体提问又将有哪些精彩发言？一起来看直播吧！新浪科技的微博直播.​", "author": "新浪科技", "time": "新浪科技08月23日14:57 来自微博网页版", "transmit": 34, "comment": 53, "zan": 1422, "sentiment": [{"positive_prob": 0.88163, "confidence": 0.736957, "negative_prob": 0.11837, "sentiment": 2}]}, {"text": "【正在直播：华为AI芯片与全新开源计算框架发布会】8月23日15:00，华为公司将在深圳市坂田基地举办Ascend910AI处理器和MindSpore计算框架发布会。华为将推出业界迄今为止性能最快的AI处理器及全场景的AI计算框架。#视点直播#带你看⬇新华视点的微博直播.​", "author": "新华视点", "time": "新华视点08月23日15:01 来自微博网页版", "transmit": 36, "comment": 13, "zan": 663, "sentiment": [{"positive_prob": 0.977575, "confidence": 0.950168, "negative_prob": 0.0224246, "sentiment": 2}]}, {"text": "【#华为谈博士200万年薪#：向全球告示人才的价值，欢迎他们加入华为】近期，华为内部顶级博士薪酬文件公开，8名博士年薪从100万到200万不等。8月23日华为AI芯片与全新计算框架发布会上，华为轮值董事长徐直军谈到公司人才问题时表示，华为努力点亮人才灯塔，天才少年计划希望广纳全球英才，为华为发展做贡献，公布他们薪酬也是向全球告示，真正人才的价值，也欢迎他们加入华为。@老板联播L老板联播的微博视频", "author": "新浪财经", "time": "新浪财经08月23日17:10 来自微博weibo.com", "transmit": 46, "comment": 178, "zan": 601, "sentiment": [{"positive_prob": 0.985069, "confidence": 0.966819, "negative_prob": 0.0149313, "sentiment": 2}]}, {"text": "【又放大招！#华为发布AI芯片#“昇腾910”】继8月9日推出鸿蒙操作系统后，华为刚刚又放大招：发布正式商用的AI芯片——Ascend910（昇腾910），以及与之配套的新一代AI开源计算框架MindSpore！据华为轮值董事长徐直军介绍，昇腾910有两大亮点——一，它是当前全球算力最强、训练速度最快的AI芯片：其算力是国际顶尖AI芯片的2倍，相当50个当前最新最强的CPU；其训练速度，也比当前最新最强的芯片提升了50%-100%。二、与之配套的新一代AI开源计算框架MindSpore如虎添翼：它创新编程范式，AI科学家和工程师更易使用，便于开放式创新；该计算框架可满足终端、边缘计算、云全场景需求，能更好保护数据隐私；可开源，形成广阔应用生态。同时，它与此次发布的AI芯片搭配性能最佳，最大化利用芯片算力。（人民日报）#华为又放大招#", "author": "环球网", "time": "环球网08月23日15:08", "transmit": 56, "comment": 77, "zan": 715, "sentiment": [{"positive_prob": 0.980179, "confidence": 0.955954, "negative_prob": 0.0198209, "sentiment": 2}]}, {"text": "【华为高管：没有华为，美国有些偏远地区都打不通求救电话】19日，华为公共事务高级副总裁JoyTan在RCR无线新闻专访中表示，如果美国政府对私有企业进行干预，将会导致不好的结果，因为很多偏远地区通信网络都在使用华为的设备，如果拆除，他们可能连报警电话都打不通。“那些大公司像AT&T并不会提供服务，因为那里太偏人口太少，赚不到钱。”L大佬时间的微博视频", "author": "Vista看天下", "time": "Vista看天下08月23日17:08 来自微博weibo.com", "transmit": 53, "comment": 180, "zan": 1405, "sentiment": [{"positive_prob": 0.04797, "confidence": 0.8934, "negative_prob": 0.95203, "sentiment": 0}]}, {"text": "【#2019中国民营企业500强#：华为第一，联想第四】民营制造哪家强？制造业是实体经济发展的顶梁柱，民营企业又是当前带动经济增长的重要力量。昨天（8月22日），2019“中国民营企业制造业500强”榜单发布。从这份榜单来看，江浙鲁三省就占据榜单“半壁江山”，河北“黑金属”小又多，广东领跑“计算机”，江浙闽则“垄断”化纤行业，石化还得看山东……总体来看，各省份制造业“个性化”特征明显。O民营制造哪家强？│数读", "author": "每日经济新闻", "time": "每日经济新闻08月23日22:24 来自微博weibo.com", "transmit": 81, "comment": 38, "zan": 129, "sentiment": [{"positive_prob": 0.898498, "confidence": 0.774441, "negative_prob": 0.101502, "sentiment": 2}]}, {"text": "【#华为发布商用AI芯片昇腾910#】继8月9日推出鸿蒙操作系统后，华为刚刚又放大招：发布正式商用的AI芯片——Ascend910（昇腾910），以及与之配套的新一代AI开源计算框架MindSpore！@人民日报​", "author": "人民网", "time": "人民网08月23日15:22 来自人民网微博", "transmit": 84, "comment": 125, "zan": 820, "sentiment": [{"positive_prob": 0.933038, "confidence": 0.851196, "negative_prob": 0.0669618, "sentiment": 2}]}, {"text": "#GENTLEMONSTER华为智能眼镜#🌙#时尚的智能眼镜#你是维多利亚港最后的动人心魄身载无限风流与荣光汹涌澎湃撞进你的胸膛沾染了那个辉煌年代的星光又承载了落没贵族的一声郁叹渐渐熄灭的光影和风月世代交替的旧与新烙印在你心里我抵抗得了维多利亚港光怪陆离的月光却甘愿裁于你胸腹这黄金时代我只与你共享八九十年代的夕阳氤氲海风的美酒醇厚和过去沉淀下的昂贵是你@岳岳PINKRAY", "author": "Epoch-of-Belief", "time": "Epoch-of-Belief08月23日16:06 来自岳岳pinkray超话", "transmit": 167, "comment": 17, "zan": 286, "sentiment": [{"positive_prob": 0.975743, "confidence": 0.946097, "negative_prob": 0.0242566, "sentiment": 2}]}, {"text": "【华为正式发布AI芯片昇腾910】据人民日报，继8月9日推出鸿蒙操作系统后，华为刚刚又放大招：发布正式商用的AI芯片——Ascend910（昇腾910），以及与之配套的新一代AI开源计算框架MindSpore！（人民日报）​​​", "author": "紫光阁", "time": "紫光阁08月23日16:54 来自紫宝宝的Android", "transmit": 174, "comment": 205, "zan": 2220, "sentiment": [{"positive_prob": 0.92121, "confidence": 0.82491, "negative_prob": 0.0787903, "sentiment": 2}]}, {"text": "【#华为正式发布AI芯片昇腾910#】继8月9日推出鸿蒙操作系统后，华为刚刚又放大招：发布正式商用的AI芯片——Ascend910（昇腾910），以及与之配套的新一代AI开源计算框架MindSpore！@人民日报​", "author": "中国新闻网", "time": "中国新闻网08月23日15:18 来自360安全浏览器", "transmit": 33, "comment": 53, "zan": 413, "sentiment": [{"positive_prob": 0.930616, "confidence": 0.845813, "negative_prob": 0.0693841, "sentiment": 2}]}, {"text": "【华为，又是第一！】#华为又是第一#8月22日，全国工商联发布2019中国民营企业500强榜单。榜单显示，华为投资控股有限公司以7212亿元营收排名第一，海航集团、苏宁控股分列二三位，营收额分别为6183亿元、6025亿元。正威国际集团、恒大集团、京东集团、碧桂园控股、恒力集团、联想控股、国美控股进入前十。2019年榜单的十强企业中，除华为投资控股有限公司连续第4年蝉联冠军外，其余企业发生了不小的变化。（澎湃新闻）", "author": "环球网", "time": "环球网08月23日11:05", "transmit": 78, "comment": 158, "zan": 821, "sentiment": [{"positive_prob": 0.972266, "confidence": 0.938369, "negative_prob": 0.0277341, "sentiment": 2}]}, {"text": "木子洋190821#GENTLEMONSTER华为智能眼镜#创新的跨界合作，时尚外观与前沿科技的完美融合，与@木子洋KWIN一起感受#时尚的智能眼镜#带来的奇妙体验，期待下次更加精彩的合作。@gentlemonsterofficial​", "author": "SailorMoon0421_木子洋", "time": "SailorMoon0421_木子洋08月23日18:08 来自木子洋超话", "transmit": 252, "comment": 138, "zan": 448, "sentiment": [{"positive_prob": 0.99145, "confidence": 0.981, "negative_prob": 0.00854986, "sentiment": 2}]}, {"text": "【#华为谈博士200万年薪#：向全球告示人才的价值，欢迎他们加入华为】近期，华为内部顶级博士薪酬文件公开，8名博士年薪从100万到200万不等。8月23日华为AI芯片与全新计算框架发布会上，华为轮值董事长徐直军谈到公司人才问题时表示，华为努力点亮人才灯塔，天才少年计划希望广纳全球英才，为华为发展做贡献，公布他们薪酬也是向全球告示，真正人才的价值，也欢迎他们加入华为。（@老板联播）L老板联播的微博视频", "author": "每日经济新闻", "time": "每日经济新闻08月23日22:58 来自微博weibo.com", "transmit": 39, "comment": 40, "zan": 286, "sentiment": [{"positive_prob": 0.983332, "confidence": 0.962959, "negative_prob": 0.0166684, "sentiment": 2}]}]