[{"text": "【美方苦口婆心劝说的盟友仍与华为签约5G耿爽：名字不点了，以免某些人听了扎心】今天，外交部发言人耿爽介绍，截至6月6日，华为在全球30个国家获得了46份5G商用合同，其中就包括美方一段时间以来苦口婆心劝说的一些盟友和一些欧洲国家。“这些国家的名字这里我就不点了，以免某些人听了之后扎心。”L央视新闻的酷燃视频", "author": "央视新闻", "time": "央视新闻06月10日18:46 来自微博云剪", "transmit": 2892, "comment": 1907, "zan": 28754, "sentiment": [{"positive_prob": 0.939531, "confidence": 0.865624, "negative_prob": 0.0604693, "sentiment": 2}]}, {"text": "【美方苦口婆心劝说的盟友仍与华为签约5G耿爽：名字不点了，以免某些人听了扎心】美国国务卿蓬佩奥日前接受采访时再次称，中国企业难保信息安全，只要使用华为通讯技术隐私和数据保护就无法得到保证。今天，外交部发言人耿爽驳斥：蓬佩奥先生无论走到哪里都言必称中国，可惜他有关的言论充斥着谎言和谬论。截至6月6日，华为在全球30个国家获得了46份5G商用合同，其中就包括美方一段时间以来苦口婆心劝说的一些盟友和一些欧洲国家。“这些国家的名字这里我就不点了，以免某些人听了之后扎心。”（韩晓明）", "author": "人民日报", "time": "人民日报06月10日19:03 来自微博weibo.com", "transmit": 1172, "comment": 1077, "zan": 14426, "sentiment": [{"positive_prob": 0.944766, "confidence": 0.877258, "negative_prob": 0.0552337, "sentiment": 2}]}, {"text": "【美方苦口婆心劝说的盟友仍与华为签约5G耿爽：名字不点了，以免某些人听了扎心】今天，外交部发言人耿爽介绍，截至6月6日，华为在全球30个国家获得了46份5G商用合同，其中就包括美方一段时间以来苦口婆心劝说的一些盟友和一些欧洲国家。“这些国家的名字这里我就不点了，以免某些人听了之后扎心。”@央视新闻L央视新闻的酷燃视频", "author": "共青团中央", "time": "共青团中央06月10日18:57", "transmit": 1049, "comment": 848, "zan": 10984, "sentiment": [{"positive_prob": 0.938632, "confidence": 0.863626, "negative_prob": 0.0613681, "sentiment": 2}]}, {"text": "【断供华为后谷歌后悔了：被曝要求美国取消禁令理由“清新脱俗”】6月8日，援引金融时报消息，Google官方正在努力延期或完全豁免华为。消息人士称，Google正在游说特朗普政府对华为的出口禁止令，争取进一步延迟实施，甚至完全豁免。Google给出的理由是，如果不允许华为得到最新安卓更新，更容易引起安全风险。O断供华为后谷歌后悔了：被曝要求美国取消禁令理由“清新脱俗”", "author": "凤凰网财经", "time": "凤凰网财经06月10日14:02 来自专业版微博", "transmit": 162, "comment": 374, "zan": 2759, "sentiment": [{"positive_prob": 0.013268, "confidence": 0.970515, "negative_prob": 0.986732, "sentiment": 0}]}, {"text": "【美方苦口婆心劝说的盟友仍与华为签约5G耿爽：名字不点了，以免某些人听了扎心】今天，外交部发言人耿爽介绍，截至6月6日，华为在全球30个国家获得了46份5G商用合同，其中就包括美方一段时间以来苦口婆心劝说的一些盟友和一些欧洲国家。“这些国家的名字这里我就不点了，以免某些人听了之后扎心。”L央视新闻的酷燃视频", "author": "头条新闻", "time": "头条新闻06月10日19:39 来自微博weibo.com", "transmit": 368, "comment": 274, "zan": 2059, "sentiment": [{"positive_prob": 0.939531, "confidence": 0.865624, "negative_prob": 0.0604693, "sentiment": 2}]}, {"text": "【最响亮的一枪，鸿蒙系统运行速度超安卓】最近，关于鸿蒙系统的消息是越来越多了！阿里，腾讯，百度等多家巨头发力，为鸿蒙系统的生态圈注入一股新的活力。据悉日前，腾讯QQ团队已经与华为EMUI团队成立了联合组织，而小米，OV等厂商也是派出技术人员，对鸿蒙系统进行实测，结果显示运行速度超安卓系统，快了60％。有业内人士猜测鸿蒙系统或将首次搭载在华为P40手机上！", "author": "中国企业家杂志", "time": "中国企业家杂志06月10日08:35 来自iPhoneXS", "transmit": 935, "comment": 1883, "zan": 26487, "sentiment": [{"positive_prob": 0.984025, "confidence": 0.9645, "negative_prob": 0.0159751, "sentiment": 2}]}, {"text": "【美方苦口婆心劝说的盟友仍与华为签约5G耿爽：名字不点了，以免某些人听了扎心】今天，外交部发言人耿爽介绍，截至6月6日，华为在全球30个国家获得了46份5G商用合同，其中就包括美方一段时间以来苦口婆心劝说的一些盟友和一些欧洲国家。“这些国家的名字这里我就不点了，以免某些人听了之后扎心。”（央视）L央视新闻的酷燃视频", "author": "人民网", "time": "人民网06月10日19:00 来自搜狗高速浏览器", "transmit": 261, "comment": 203, "zan": 1609, "sentiment": [{"positive_prob": 0.941677, "confidence": 0.870394, "negative_prob": 0.0583227, "sentiment": 2}]}, {"text": "【#华为在全球注册鸿蒙商标#预计自研系统四季度推出】6月9日，外媒称华为已开始在全球范围注册“鸿蒙”商标。从注册商标的范畴来看，“鸿蒙”可应用于操作系统程序、计算机操作程序和软件等，这基本上印证了此前华为要推出自研操作系统的说法。L新京报我们视频的秒拍视频​", "author": "新浪财经", "time": "新浪财经06月10日18:51 来自微博weibo.com", "transmit": 90, "comment": 186, "zan": 836, "sentiment": [{"positive_prob": 0.818904, "confidence": 0.597565, "negative_prob": 0.181096, "sentiment": 2}]}, {"text": "【美方苦口婆心劝说的盟友仍与华为签约5G耿爽：名字不点了，以免某些人听了扎心】今天，外交部发言人耿爽介绍，截至6月6日，华为在全球30个国家获得了46份5G商用合同，其中就包括美方一段时间以来苦口婆心劝说的一些盟友和一些欧洲国家。“这些国家的名字这里我就不点了，以免某些人听了之后扎心。”L央视新闻的酷燃视频", "author": "新浪财经", "time": "新浪财经06月10日21:01 来自微博weibo.com", "transmit": 151, "comment": 122, "zan": 755, "sentiment": [{"positive_prob": 0.939531, "confidence": 0.865624, "negative_prob": 0.0604693, "sentiment": 2}]}, {"text": "喷华为的罗玉凤被封号了，鼓个掌？​", "author": "曹增光", "time": "曹增光06月10日23:35 来自iPhone客户端", "transmit": 204, "comment": 3132, "zan": 22440, "sentiment": [{"positive_prob": 0.303672, "confidence": 0.325174, "negative_prob": 0.696328, "sentiment": 0}]}, {"text": "【#华为全球多地注册鸿蒙商标#，中国多家手机公司被曝开始实测】6月8日，外媒HUAWEICENTRAL称已确认华为已经在全球多地提交“HongMeng”商标申请，包括加拿大、墨西哥、西班牙等。而腾讯、小米、OPPO、VIVO等中国科技公司也纷纷加入实测鸿蒙。@老板联播L老板联播的秒拍视频​", "author": "梨视频", "time": "梨视频06月10日19:56 来自微博weibo.com", "transmit": 94, "comment": 150, "zan": 659, "sentiment": [{"positive_prob": 0.952212, "confidence": 0.893805, "negative_prob": 0.047788, "sentiment": 2}]}, {"text": "灵动潮美，感受到#nova星人#的青春张扬这次nova专属icon会带来什么新的惊喜？一起期待#华为nova5#发布会！L华为终端官方微博的秒拍视频​", "author": "华为何刚", "time": "华为何刚06月10日11:20 来自HUAWEIP30Pro", "transmit": 1145, "comment": 624, "zan": 2496, "sentiment": [{"positive_prob": 0.981032, "confidence": 0.957849, "negative_prob": 0.0189681, "sentiment": 2}]}, {"text": "【美方苦口婆心劝说的盟友仍与华为签约5G耿爽：名字不点了，以免某些人听了扎心】美国国务卿蓬佩奥日前接受采访时再次称，中国企业难保信息安全，只要使用华为通讯技术隐私和数据保护就无法得到保证。今天，外交部发言人耿爽驳斥：蓬佩奥先生无论走到哪里都言必称中国，可惜他有关的言论充斥着谎言和谬论。截至6月6日，华为在全球30个国家获得了46份5G商用合同，其中就包括美方一段时间以来苦口婆心劝说的一些盟友和一些欧洲国家。“这些国家的名字这里我就不点了，以免某些人听了之后扎心。”@人民日报", "author": "中国新闻网", "time": "中国新闻网06月10日22:28", "transmit": 51, "comment": 82, "zan": 654, "sentiment": [{"positive_prob": 0.93153, "confidence": 0.847845, "negative_prob": 0.0684696, "sentiment": 2}]}, {"text": "【#美方苦口婆心劝说的盟友仍与华为签约5G#耿爽：名字不点了，以免某些人听了扎心】今天，外交部发言人耿爽介绍，截至6月6日，华为在全球30个国家获得了46份5G商用合同，其中就包括美方一段时间以来苦口婆心劝说的一些盟友和一些欧洲国家。“这些国家的名字这里我就不点了，以免某些人听了之后扎心。”@央视新闻L央视新闻的酷燃视频", "author": "中国日报", "time": "中国日报06月10日19:25 来自微博weibo.com", "transmit": 79, "comment": 56, "zan": 499, "sentiment": [{"positive_prob": 0.961784, "confidence": 0.915075, "negative_prob": 0.0382164, "sentiment": 2}]}, {"text": "在奇幻秘境里让自由肆意张扬，在多元浪潮下尊重每一次真实绽放。#nova星人#专属icon热力来袭，猜猜它在#华为nova5#上会有什么不一样的呈现？L华为终端官方微博的秒拍视频​", "author": "华为终端官方微博", "time": "华为终端官方微博06月10日10:01 来自秒拍网页版", "transmit": 924, "comment": 841, "zan": 3356, "sentiment": [{"positive_prob": 0.88551, "confidence": 0.745577, "negative_prob": 0.114491, "sentiment": 2}]}, {"text": "【美方苦口婆心劝说的盟友仍与华为签约5G耿爽：名字不点了，以免某些人听了扎心】外交部发言人耿爽介绍，华为在全球30个国家获得46份5G商用合同，其中就包括美方一段时间以来苦口婆心劝说的一些盟友和欧洲国家。\"这些国家的名字这里我就不点了，以免某些人听了之后扎心。\"L央视新闻的酷燃视频​", "author": "紫光阁", "time": "紫光阁06月10日21:22 来自紫宝宝的Android", "transmit": 373, "comment": 272, "zan": 3363, "sentiment": [{"positive_prob": 0.932518, "confidence": 0.850041, "negative_prob": 0.0674816, "sentiment": 2}]}, {"text": "被封杀的第22天，华为打出全球最强绝地反杀！​", "author": "电商行业", "time": "电商行业06月10日21:30 来自微博weibo.com", "transmit": 553, "comment": 303, "zan": 3975, "sentiment": [{"positive_prob": 0.336566, "confidence": 0.252075, "negative_prob": 0.663434, "sentiment": 0}]}, {"text": "华为鸿蒙系统腾讯首测数据：运行速度快了安卓60%，等华为的鸿蒙系统完善之后，你愿意放弃安卓，投进华为鸿蒙的怀抱吗？​", "author": "价值投资日志", "time": "价值投资日志06月10日05:55 来自iPhoneX", "transmit": 97, "comment": 648, "zan": 2524, "sentiment": [{"positive_prob": 0.442076, "confidence": 0.0176087, "negative_prob": 0.557924, "sentiment": 0}]}, {"text": "本次#VogueFilm时装电影盛典#，联手华为#未来影像#，推出VogueFilm第一部手机拍摄的时装电影，全片使用#华为P30#Pro零外摄裸机拍摄完成。来宾们一起欣赏了这部由@陈冲、@赵薇、@周冬雨演绎，刘雨霖导演执导的#VogueFilm#短片《生命中的光》。今天现场，我们更使用#华为P30#Pro第一时间捕捉到这些现场的精彩瞬间。@华为终端官方微博", "author": "VOGUE服饰与美容", "time": "VOGUE服饰与美容06月10日23:59", "transmit": 1093, "comment": 196, "zan": 3192, "sentiment": [{"positive_prob": 0.974981, "confidence": 0.944403, "negative_prob": 0.0250187, "sentiment": 2}]}, {"text": "我相信，除了制裁华为，下一个美国下手的会是支付宝和微信支付，这对金融体系的影响，远超过华为。一个华裔，在美国开一个餐厅，可以用微信支付收人民币，这些钱完全不经美国，更不需要交税，然后他可以拿这个钱在中国使用。对于美国来说，对中国的服务贸易是巨大的收入，如果这些税完全不交给美国，那动手一定是迟早会干的事。当然这种情况，现在最痛苦的是非洲一些国家。---------O网页链接", "author": "飞象网项立刚", "time": "飞象网项立刚06月10日15:55 来自360安全浏览器", "transmit": 479, "comment": 803, "zan": 3870, "sentiment": [{"positive_prob": 0.745544, "confidence": 0.434541, "negative_prob": 0.254456, "sentiment": 2}]}, {"text": "#5G在中国#开启全面建设，但在具体的5G站点优化部署过程中，仍面临2.6G频谱的重耕、站点准入流程复杂、基站配套资源匮乏等诸多挑战。为此，华为提出“频谱价值最大化、站址优势最大化、网络能效最大化、网络体验最大化”的建设原则，聚焦5G网络部署痛点，全力帮助运营商开展高效、便捷的5G建站部署L华为中国的微博视频", "author": "华为中国", "time": "华为中国06月10日09:17 来自微博视频", "transmit": 209, "comment": 175, "zan": 928, "sentiment": [{"positive_prob": 0.969662, "confidence": 0.932582, "negative_prob": 0.0303381, "sentiment": 2}]}, {"text": "【美方苦口婆心劝说的盟友仍与华为签约5G耿爽：名字不点了，以免某些人听了扎心】今天，外交部发言人耿爽介绍，截至6月6日，华为在全球30个国家获得了46份5G商用合同，其中就包括美方一段时间以来苦口婆心劝说的一些盟友和一些欧洲国家。“这些国家的名字这里我就不点了，以免某些人听了之后扎心。”（@央视新闻）L央视新闻的酷燃视频", "author": "参考消息", "time": "参考消息06月10日20:20 来自微博weibo.com", "transmit": 105, "comment": 74, "zan": 719, "sentiment": [{"positive_prob": 0.938626, "confidence": 0.863614, "negative_prob": 0.0613737, "sentiment": 2}]}, {"text": "【美方苦口婆心劝说的盟友仍与华为签约5G耿爽：名字不点了，以免某些人听了扎心】今天，外交部发言人耿爽介绍，截至6月6日，华为在全球30个国家获得了46份5G商用合同，其中就包括美方一段时间以来苦口婆心劝说的一些盟友和一些欧洲国家。“这些国家的名字这里我就不点了，以免某些人听了之后扎心。”L央视新闻的酷燃视频", "author": "新浪科技", "time": "新浪科技06月10日23:22 来自专业版微博", "transmit": 58, "comment": 7, "zan": 187, "sentiment": [{"positive_prob": 0.939531, "confidence": 0.865624, "negative_prob": 0.0604693, "sentiment": 2}]}, {"text": "【美方苦口婆心劝说的盟友仍与华为签约5G耿爽：名字不点了，以免某些人听了扎心】今天，外交部发言人耿爽介绍，截至6月6日，华为在全球30个国家获得了46份5G商用合同，其中就包括美方一段时间以来苦口婆心劝说的一些盟友和一些欧洲国家。“这些国家的名字这里我就不点了，以免某些人听了之后扎心。”（央视）L央视新闻的酷燃视频", "author": "中国青年网", "time": "中国青年网06月10日19:20", "transmit": 67, "comment": 42, "zan": 469, "sentiment": [{"positive_prob": 0.941677, "confidence": 0.870394, "negative_prob": 0.0583227, "sentiment": 2}]}, {"text": "肆意张扬青春姿态，尊重在多元浪潮下的每一次绽放，#nova星人#专属icon火热来袭，它在#华为nova5#上会有怎样的呈现呢？L华为终端官方微博的秒拍视频​", "author": "华为手机", "time": "华为手机06月10日11:03 来自专业版微博", "transmit": 131, "comment": 215, "zan": 782, "sentiment": [{"positive_prob": 0.885764, "confidence": 0.746142, "negative_prob": 0.114236, "sentiment": 2}]}, {"text": "【美方苦口婆心劝说的盟友仍与华为签约5G耿爽：名字不点了，以免某些人听了扎心】今天，外交部发言人耿爽介绍，截至6月6日，华为在全球30个国家获得了46份5G商用合同，其中就包括美方一段时间以来苦口婆心劝说的一些盟友和一些欧洲国家。“这些国家的名字这里我就不点了，以免某些人听了之后扎心。”L央视新闻的酷燃视频", "author": "中国之声", "time": "中国之声06月10日20:11", "transmit": 31, "comment": 30, "zan": 166, "sentiment": [{"positive_prob": 0.939531, "confidence": 0.865624, "negative_prob": 0.0604693, "sentiment": 2}]}, {"text": "【美方苦口婆心劝说的盟友仍与华为签约5G耿爽：名字不点了，以免某些人听了扎心】今天，外交部发言人耿爽介绍，截至6月6日，华为在全球30个国家获得了46份5G商用合同，其中就包括美方一段时间以来苦口婆心劝说的一些盟友和一些欧洲国家。“这些国家的名字这里我就不点了，以免某些人听了之后扎心。”L央视新闻的酷燃视频@央视新闻", "author": "观察者网", "time": "观察者网06月10日19:25 来自小米MIX2全面屏手机", "transmit": 132, "comment": 139, "zan": 1411, "sentiment": [{"positive_prob": 0.93508, "confidence": 0.855734, "negative_prob": 0.0649196, "sentiment": 2}]}, {"text": "【小米助力华为鸿蒙系统，多家巨头支援】日前有消息称，华为正在为100万台安装了鸿蒙系统的手机进行系统测试，小米、腾讯等厂商派人支援华为加紧完成系统建设和适配。并且小米、OPPO、VIVO均将推出搭载鸿蒙系统的手机，加上华为这四家手机厂商掌握了世界将近40%的市场份额，如果消息是真实的，鸿蒙系统的前途将无限光明。", "author": "时尚科技馆", "time": "时尚科技馆06月10日09:40 来自微博weibo.com", "transmit": 724, "comment": 1048, "zan": 3859, "sentiment": [{"positive_prob": 0.98095, "confidence": 0.957667, "negative_prob": 0.0190498, "sentiment": 2}]}, {"text": "【美方苦口婆心劝说的盟友仍与华为签约5G耿爽：名字不点了，以免某些人听了扎心】今天，外交部发言人耿爽介绍，截至6月6日，华为在全球30个国家获得了46份5G商用合同，其中就包括美方一段时间以来苦口婆心劝说的一些盟友和一些欧洲国家。“这些国家的名字这里我就不点了，以免某些人听了之后扎心。”L央视新闻的酷燃视频", "author": "凤凰网视频", "time": "凤凰网视频06月10日20:27", "transmit": 60, "comment": 60, "zan": 518, "sentiment": [{"positive_prob": 0.939531, "confidence": 0.865624, "negative_prob": 0.0604693, "sentiment": 2}]}, {"text": "跟你们说个事儿。这事儿让我对华为有点刮目相看。2011年春天，利比亚...的事情爆发。基地在班加西的当时的反对派和住在的黎波里的当时的执政者卡扎菲爆发了冲突。其过程我有直播。不提。中国发起了第一次从非洲内战地区撤离全部公民和侨民的行动。非常成功。这个成功有赖于当时的反对派在班加西、图布鲁克等地的大力支持。他们优先准许中国船只靠岸，提供了最大可能的安保--当时他们自己还整天挨炸。按下不表。有一个公司悍然决定，在班加西留下四个人不撤。这个公司叫华为。当时利比亚的通讯基础设施是华为的。内战爆发后，卡扎菲切断了的黎波里到班加西的光缆。华为想尽一切办法保障了班加西断断续续的网络和通讯。2011年7月14日，华为向班加西加派了技术人员。8月22日，当时的所谓反对派占领的黎波里。现在，利比亚的通讯系统，当然是华为的天下。图为华为的利比亚公司。华为的包容和远见，令人吃惊。", "author": "不太老", "time": "不太老06月10日23:52 来自微博weibo.com", "transmit": 45, "comment": 28, "zan": 123, "sentiment": [{"positive_prob": 0.945933, "confidence": 0.87985, "negative_prob": 0.0540675, "sentiment": 2}]}]