[{"text": "【华为：#鸿蒙操作系统不是为智能手机设计的#】华为董事和高级副总裁陈黎芳周四表示，公司的鸿蒙操作系统不是为智能手机设计的，公司打算继续其智能手机上使用谷歌的安卓操作系统。最近正式提交的鸿蒙操作系统商标主要是工业用途。O华为：已在全球签署50多个5G商用合约前5个月手机销售达亿台​", "author": "财经网", "time": "财经网07月19日10:04 来自360安全浏览器", "transmit": 947, "comment": 2899, "zan": 44043, "sentiment": [{"positive_prob": 0.899208, "confidence": 0.776017, "negative_prob": 0.100793, "sentiment": 2}]}, {"text": "【华为：#鸿蒙操作系统不是为智能手机设计的#】中国华为公司董事、公共及政府事务部总裁陈黎芳18日在布鲁塞尔说，@华为中国的鸿蒙操作系统不是为智能手机设计的，公司打算继续其智能手机上使用谷歌的安卓操作系统。“特点是极安全，非常的安全，它的架构是非常领先的……但并不是用于手机操作系统。”最近正式提交的鸿蒙操作系统商标主要是工业用途。（新华社）O华为：已在全球签署50多5G商用合约前5月售机达亿台L老板联播的秒拍视频", "author": "新浪财经", "time": "新浪财经07月19日11:21 来自微博weibo.com", "transmit": 257, "comment": 935, "zan": 5305, "sentiment": [{"positive_prob": 0.905594, "confidence": 0.790209, "negative_prob": 0.094406, "sentiment": 2}]}, {"text": "【倪光南：假如我现在30岁，会选择去华为或创业】中国工程院@倪光南院士7月18日在@安徽卫视品格节目中表示，假如我现在是30岁工程师，有足够的创新能力，一个是选择去华为@华为中国，另外一个是选择自己创业，都可以。我做CEO不太合适，做CTO比较合适。O倪光南：假如我现在30岁会选择去华为或创业L老板联播的秒拍视频", "author": "新浪财经", "time": "新浪财经07月19日08:10 来自微博weibo.com", "transmit": 66, "comment": 203, "zan": 714, "sentiment": [{"positive_prob": 0.971251, "confidence": 0.936114, "negative_prob": 0.0287485, "sentiment": 2}]}, {"text": "【华为董事陈黎芳：#华为鸿蒙是工业用途#，并非为智能手机设计】#鸿蒙并非为智能手机设计#华为董事和高级副总裁陈黎芳周四表示，公司的鸿蒙操作系统不是为智能手机设计的，公司打算继续在其智能手机上使用谷歌的安卓操作系统。最近正式提交的鸿蒙操作系统商标主要是工业用途。陈黎芳还谈及了鸿蒙系统的两个特点。主要特点是时延非常低，毫秒级到亚毫秒级。第二个特点是极安全，鸿蒙系统采用领先的架构，非常的安全。你对华为鸿蒙的期待有多高？", "author": "凤凰网科技", "time": "凤凰网科技07月19日11:09 来自微博weibo.com", "transmit": 72, "comment": 254, "zan": 10325, "sentiment": [{"positive_prob": 0.973642, "confidence": 0.941426, "negative_prob": 0.0263585, "sentiment": 2}]}, {"text": "#千玺在nova星等你#朋友今天去青岛玩儿，刚刚发给我的，在奥帆中心，华为爸爸真的好给力，我们易烊千玺太帅啦@TFBOYS-易烊千玺@华为终端官方微博​", "author": "乌哩哩_魔小怪", "time": "乌哩哩_魔小怪07月19日20:06 来自易烊千玺超话", "transmit": 4758, "comment": 1036, "zan": 4675, "sentiment": [{"positive_prob": 0.943574, "confidence": 0.87461, "negative_prob": 0.0564256, "sentiment": 2}]}, {"text": "前天一块滑雪拍照的搭档来玩，进了园子就像个刘姥姥，满眼看不过来，不停说啊呀、真好看啊。然后开始一脸茫然，说不知道该怎么拍了，好看的太多，都想取入镜头，结果彻底不会拍了。雪山上的创作能力在我的花海里彻底沦陷。单反定焦和华为的区别还是很大的，看图八左右对比。华为的色彩一言难尽，不是你想拍啥样啥样，而是它拍出啥色就是啥色，全凭它做主。今天给PT看图八，我说我的三角肌终于若隐若现了，二头肌是早就有的。他大笑说，你这已经不是一般女人的审美方式了。然后说秋千椅这个可以看到股四。😂", "author": "两朵金花", "time": "两朵金花07月19日10:52 来自iPhoneX", "transmit": 14, "comment": 65, "zan": 354, "sentiment": [{"positive_prob": 0.101883, "confidence": 0.773593, "negative_prob": 0.898117, "sentiment": 0}]}, {"text": "在每个瞬间，都能看到生活的新模样。@FIRST青年电影展最佳纪录片导演陆庆屹用#华为P30#Pro捕捉生活新事。你的生活有哪些新发现？快用影像告诉我们。【戳评论区，了解作品征集活动详情，发微博分享，有惊喜等你。#未来影像#】​", "author": "华为终端官方微博", "time": "华为终端官方微博07月19日18:00 来自微博weibo.com", "transmit": 23, "comment": 64, "zan": 362, "sentiment": [{"positive_prob": 0.985296, "confidence": 0.967325, "negative_prob": 0.0147038, "sentiment": 2}]}, {"text": "【倪光南：假如我现在30岁，会选择去华为或创业】中国工程院院士倪光南7月18日在@安徽卫视品格节目中表示，假如我现在是30岁工程师，有足够的创新能力，一个是选择去华为，另外一个是选择自己创业，都可以。我做CEO不太合适，做CTO比较合适。@老板联播L老板联播的秒拍视频​", "author": "梨视频", "time": "梨视频07月19日09:29 来自微博weibo.com", "transmit": 18, "comment": 45, "zan": 199, "sentiment": [{"positive_prob": 0.969777, "confidence": 0.932837, "negative_prob": 0.0302233, "sentiment": 2}]}, {"text": "#女生追剧的样子#现在周末根本不想出门，只想宅在家里用#华为视频#煲剧。最近几部热播好剧你在看哪一部呢？选项里没有的欢迎转发评论补充～最近几部热播好剧你在看哪一部呢？​", "author": "华为终端云服务", "time": "华为终端云服务07月19日15:06 来自微博weibo.com", "transmit": 20, "comment": 77, "zan": 1897, "sentiment": [{"positive_prob": 0.677024, "confidence": 0.282275, "negative_prob": 0.322976, "sentiment": 2}]}, {"text": "你认为华为未来还会不会在手机上推出鸿蒙系统？我收集一下意见，另外有从华为手机转到苹果手机的朋友，愿意讲讲原因的，可以找我联系一下华为真的不会在手机上使用鸿蒙系统吗？​", "author": "钢的王十二", "time": "钢的王十二07月19日12:28 来自热心吃瓜群众", "transmit": 20, "comment": 54, "zan": 1461, "sentiment": [{"positive_prob": 0.586795, "confidence": 0.0817663, "negative_prob": 0.413205, "sentiment": 2}]}, {"text": "【华为：鸿蒙主要是工业用途，手机继续用安卓】#鸿蒙操作系统不是为智能手机设计的#华为董事和高级副总裁陈黎芳在布鲁塞尔表示，公司打算继续其智能手机上使用谷歌的安卓操作系统：“鸿蒙操作系统其实已经（开发）很多年了。它不是为手机操作系统设计的，是用于工业系统，主要特点就是时延非常低，毫秒级到亚毫秒级。第二个特点是极安全，非常的安全，它的架构是非常领先的……但并不是用于手机操作系统。”7月9日，任正非在华为“心声社区”谈到关于华为自研操作系统的相关信息时表示，鸿蒙操作系统是一个面向确定时延系统的操作系统，对诸如无人驾驶等物联网自动生产有用。华为自研鸿蒙是为将来走向智能社会所做的操作系统，并不是像大家想象那样用在手机中，做鸿蒙并不是为了替代谷歌。O华为：鸿蒙系统主要是工业用途，手机继续用安卓", "author": "观察者网", "time": "观察者网07月19日13:01 来自微博weibo.com", "transmit": 125, "comment": 420, "zan": 2398, "sentiment": [{"positive_prob": 0.956211, "confidence": 0.902692, "negative_prob": 0.0437887, "sentiment": 2}]}, {"text": "【华为：#鸿蒙操作系统不是为智能手机设计的#】华为董事和高级副总裁陈黎芳周四表示，公司的鸿蒙操作系统不是为智能手机设计的，公司打算继续其智能手机上使用谷歌的安卓操作系统。最近正式提交的鸿蒙操作系统商标主要是工业用途。O华为：已在全球签署50多个5G商用合约前5个月手机销售达亿台​（新华社）​", "author": "中国新闻周刊", "time": "中国新闻周刊07月19日11:55", "transmit": 26, "comment": 94, "zan": 339, "sentiment": [{"positive_prob": 0.912556, "confidence": 0.805681, "negative_prob": 0.0874436, "sentiment": 2}]}, {"text": "#互联网#【倪光南：中国芯片软件是短板，但手机APP和5G世界第一】中国工程院院士倪光南在7月18日的安徽卫视品格节目中称，中兴事件的短板是芯片，华为的短板是软件，但是手机应用程序，中国世界第一。5G也是我们长板，世界上谁都没有中国5G发展的那么超前。老板联播L老板联播的秒拍视频​", "author": "IT互联网电商资讯", "time": "IT互联网电商资讯07月19日14:59 来自微博weibo.com", "transmit": 742, "comment": 476, "zan": 549, "sentiment": [{"positive_prob": 0.272783, "confidence": 0.393815, "negative_prob": 0.727217, "sentiment": 0}]}, {"text": "华为新机入网，“浴霸”摄像头下放，大家觉得颜值如何？​", "author": "科技美学", "time": "科技美学07月19日17:28", "transmit": 8, "comment": 300, "zan": 890, "sentiment": [{"positive_prob": 0.436463, "confidence": 0.0300831, "negative_prob": 0.563537, "sentiment": 0}]}, {"text": "华为董事陈黎芳说#鸿蒙并非为智能手机设计#：还谈及了鸿蒙系统的两个特点，主要特点是时延非常低，毫秒级到亚毫秒级。第二个特点是极安全，鸿蒙系统采用领先的架构，非常的安全。但不是为智能机设计，而是为工业设计。不过，类似跪员外这类白痴把这东西绝对化了、互斥化了，其实技术很多是通的。比如EMUI9.0的安全模块，就是拿鸿蒙系统的；方舟编译器也是拿鸿蒙系统的；EROFS超级系统文件，也是来自鸿蒙极快连接的思路和部分技术。所以说从技术本质上看，EMUI9.1是一个含有安卓原生和鸿蒙技术混合的东西。合作共赢，让子弹飞一会", "author": "HW前HR", "time": "HW前HR07月19日12:02 来自HUAWEIP30Pro", "transmit": 79, "comment": 219, "zan": 800, "sentiment": [{"positive_prob": 0.947805, "confidence": 0.88401, "negative_prob": 0.0521954, "sentiment": 2}]}, {"text": "专治不服，天生就带着战斗的态度！全球2.7亿人都在玩的策略手游王国纪元携手@王以太不闪火，新歌《Lords没在怕》热血炸现！现在就前往dou~音搜索#老子没在怕参加dou~音挑战赛，足金金牌、华为P30Pro等大奖等你拿！关转本微博，将这份傲气传递给更多人，8/8抽1人送华为P30Pro+@王国纪元正版手办6件套，抽3人送#王以太#亲笔签名棒球帽，抽5人送亲笔签名照。王国纪元官网：O网页链接@微博抽奖平台L王国纪元的微博视频O抽奖详情", "author": "王国纪元", "time": "王国纪元07月19日17:13 来自微博视频", "transmit": 4551, "comment": 207, "zan": 265, "sentiment": [{"positive_prob": 0.958884, "confidence": 0.908632, "negative_prob": 0.0411157, "sentiment": 2}]}, {"text": "求高手指点华为Mate20Pro怎样刷苹果系统​", "author": "科技新一", "time": "科技新一07月19日09:57", "transmit": 16, "comment": 348, "zan": 1476, "sentiment": [{"positive_prob": 0.368024, "confidence": 0.182169, "negative_prob": 0.631976, "sentiment": 0}]}, {"text": "【华为已在全球签署50多个5G商用合约，实拍揭秘为何华为5G受欧洲欢迎】中国华为公司董事、公共及政府事务部总裁陈黎芳18日在布鲁塞尔说，华为已在全球获得50多个5G商用合约，其中28个来自欧洲；终端业务方面，今年前5个月华为已在全球销售1亿台手机，比去年提前大约50天达到这一数字。华为的5G基站为什么在欧洲受欢迎？我们去实拍了揭秘一下。L老板联播的秒拍视频", "author": "IT互联网资讯", "time": "IT互联网资讯07月19日15:46", "transmit": 851, "comment": 904, "zan": 1056, "sentiment": [{"positive_prob": 0.845437, "confidence": 0.656527, "negative_prob": 0.154563, "sentiment": 2}]}, {"text": "【项立刚：中国通信业30年——从一无所有到世界最强】世界上第一个提出5G标准立项的是中国，提了18项。今天当我们说起华为，说起5G，都是满满的自豪感。但是30多年前，中国的通信业却是一无所有，只能高价买外国的设备。本期#观学院#通信行业观察家项立刚，为大家梳理中国通信业走向世界最强过程中，中国企业的努力和背后的大国博弈，以及为此做出突出贡献的关键人物。L微丢的秒拍视频", "author": "科工力量", "time": "科工力量07月19日09:20 来自微博weibo.com", "transmit": 75, "comment": 36, "zan": 133, "sentiment": [{"positive_prob": 0.814524, "confidence": 0.587832, "negative_prob": 0.185476, "sentiment": 2}]}, {"text": "华为手机的PC模式越用越爽。只需50元的连接线，手机秒变家庭电脑，上网办公听歌看电影全都行。如果需要外接硬盘，150元扩展坞啥接口都有。爱疯+Mac要20000多，确实很难跟6000多的手机PC一体机拼重量和性价比。​", "author": "Hedgie", "time": "Hedgie07月19日14:06 来自HUAWEIMate20Pro", "transmit": 43, "comment": 48, "zan": 170, "sentiment": [{"positive_prob": 0.973885, "confidence": 0.941966, "negative_prob": 0.0261154, "sentiment": 2}]}, {"text": "“和谐”真的来了，你所知道的那个鸿蒙是假的，是一颗烟幕弹。刚刚华为向欧盟知识产权局提交了商标申请，注册的商标是“和谐”Harmony，应用领域是移动手机。这个才是外界一直认为的，华为用来取代安卓的鸿蒙操作系统，之前那个鸿蒙系统就是“假的”，是一个应用于物联网场景的操作系统。所以，华为有两套系统。一套是专门用来手机上使用的“和谐”，另一套是基于物联网的系统，这个系统也在海外申请了商标，名为ARK。不得不佩服华为在保密方面确实做到了极致，之前一直都在放烟雾弹，直到最后才亮出了底牌，这一次是真的了！", "author": "司马子瀟瀟", "time": "司马子瀟瀟07月19日20:50", "transmit": 126, "comment": 121, "zan": 691, "sentiment": [{"positive_prob": 0.752689, "confidence": 0.450419, "negative_prob": 0.247312, "sentiment": 2}]}, {"text": "#富士康#富士康当初为了迎合美国，讨好苹果，对抗华为，如今，特朗普说好的40亿美元优惠补贴迟迟不到账，苹果转投广达电脑，而华为逐渐恢复了元气，计划自行生产商品。如今，富士康海外市场失利，被美国耍了一圈的富士康再次放眼国内，却发现国内市场已经被日美巨头占领，国内市场已经回不去了，当初，富士康在华为最困难的时候背信弃义，如今在国内也很难翻身了。（话外音特朗普说：我说的话你也相信？也太天真了，你这不是自找的嘛！）", "author": "BFTK线向上", "time": "BFTK线向上07月19日19:12 来自HUAWEIMate10", "transmit": 35, "comment": 81, "zan": 917, "sentiment": [{"positive_prob": 0.463955, "confidence": 0.279098, "negative_prob": 0.536045, "sentiment": 1}]}, {"text": "【花旗报告:八成中国消费者考虑买华为手机】最新报告显示，84%的受访中国消费者表示，购买智能手机时更倾向中国国产品牌，更有高达80%透露他们正在考虑购买华为手机。O花旗报告:八成中国消费者考虑买华为手机​", "author": "早报网", "time": "早报网07月19日16:16 来自微博weibo.com", "transmit": 97, "comment": 582, "zan": 2598, "sentiment": [{"positive_prob": 0.0837955, "confidence": 0.813788, "negative_prob": 0.916205, "sentiment": 0}]}, {"text": "#晨读香江#①近百位本港各界人士发起“守护香港”系列活动，首场活动为明日下午5时在添马公园举行的“720守护香港”集会。②中国移动现在正全力铺设5G组网，到年底将50个城市建设5万个5G基站。③最高人民法院18日发布公告，自本月20日起将废止现行司法解释103件。④据台媒披露，台当局拟将华为、中兴及海康威视三家大陆科技企业列为台湾公务机关禁止采购名单。⑤非洲国家刚果（金）的伊波拉疫情持续爆发，录得接近1700人死亡。详戳→O【晨讀香江】2019年7月19日", "author": "大公報-大公網", "time": "大公報-大公網07月19日08:43 来自微博weibo.com", "transmit": 10, "comment": 6, "zan": 62, "sentiment": [{"positive_prob": 0.972781, "confidence": 0.939512, "negative_prob": 0.0272194, "sentiment": 2}]}, {"text": "#重绘山海经致敬华为#不知道大家小时候有没有看过这部记述古代志怪的古籍，我小时候上语文课就当神话小说看，形态各异的神兽，都在纸质书籍上，电子载体上很少能看到。而这次由18个设计师将《山海经》中的神兽进行复原创作。据说还被震旦博物馆馆藏。不知道小伙伴们对于这种现代科技将古代文明结合的内容表现形式怎么看呢？L荣耀智慧生活的秒拍视频", "author": "小白测评", "time": "小白测评07月19日15:55 来自微博weibo.com", "transmit": 22, "comment": 69, "zan": 277, "sentiment": [{"positive_prob": 0.946015, "confidence": 0.880034, "negative_prob": 0.0539848, "sentiment": 2}]}, {"text": "#重绘山海经致敬华为#18位设计师使用荣耀笔记本重绘《山海经·异兽新卷》，此次重绘山海经活动发起人殷小静因为看到华为注册山海经一事触发了自己重绘的想法，并且得到了荣耀与震旦博物馆的倾力支持。多台荣耀笔记本拼出一副巨大的山水异兽画卷，你们觉得这种创新科技与传统经典的结合燃不燃？L荣耀智慧生活的秒拍视频", "author": "科技美学", "time": "科技美学07月19日15:21 来自微博weibo.com", "transmit": 22, "comment": 170, "zan": 1155, "sentiment": [{"positive_prob": 0.976055, "confidence": 0.946788, "negative_prob": 0.0239453, "sentiment": 2}]}, {"text": "18位设计师#重绘山海经致敬华为#，看到一排笔记本屏幕上依次亮起的画面，随运镜拼接而成一幅完整的《异兽新卷》实在太燃了！之前说华为注册了整本山海经，真是浪漫又有内涵。话说那么多奇珍异兽，你能念出名字的有几个？L荣耀智慧生活的秒拍视频​", "author": "互联网的那点事", "time": "互联网的那点事07月19日16:00 来自微博weibo.com", "transmit": 36, "comment": 45, "zan": 117, "sentiment": [{"positive_prob": 0.964914, "confidence": 0.922031, "negative_prob": 0.0350861, "sentiment": 2}]}, {"text": "华为CPEPro，5G网络，刚刚连试了下，网速大概这样​", "author": "科技氪", "time": "科技氪07月19日11:37", "transmit": 7, "comment": 155, "zan": 364, "sentiment": [{"positive_prob": 0.354767, "confidence": 0.211628, "negative_prob": 0.645233, "sentiment": 0}]}, {"text": "周四，参众两院议员提出了两党合作立法，名叫捍卫美国5G未来法案，以防止特朗普政府在未经国会批准的情况下将华为从美国商务部的实体名单中移除。该法案还授权国会否决任何试图允许美国公司与华为做生意的豁免​", "author": "Allen小小小小号", "time": "Allen小小小小号07月19日09:45 来自iPhoneXSMax", "transmit": 180, "comment": 70, "zan": 691, "sentiment": [{"positive_prob": 0.89453, "confidence": 0.765623, "negative_prob": 0.10547, "sentiment": 2}]}, {"text": "我仿佛看到了明天在家的我，让我好好规划一下明天的十二时辰，带着#华为平板M6#继续上分。​", "author": "高龄玩家老陈", "time": "高龄玩家老陈07月19日18:00 来自微博weibo.com", "transmit": 541, "comment": 393, "zan": 1140, "sentiment": [{"positive_prob": 0.930967, "confidence": 0.846594, "negative_prob": 0.0690328, "sentiment": 2}]}]