[{"text": "【美部长施压封堵华为，遭印度电信巨头现场驳斥】美国商务部长罗斯在世界经济论坛印度峰会上表示，他们希望印度不要为了使用华为设备而让自己在不经意间面临不愉快的安全风险。印度电信市场领头企业巴蒂电信创始人苏尼尔·米塔尔（SunilMittal）对此并不认同，他认为印度应该让华为参与进来。米塔尔表示自己已经跟踪了这个行业24年，而华为在过去10到12年的时间里把产品做得非常好。他强调，自己的公司在3G/4G时代是同时使用来自华为、爱立信和诺基亚的产品的，而华为明显优于爱立信和诺基亚。他还称，华为把技术曲线提升到领先水平的速度之快令他惊讶，而且华为产品不但技术领先，还有能耗小，占地少的优势。米塔尔青睐华为还有一个因素——不能让印度过于依赖西方。O美部长施压封堵华为，遭印度电信巨头现场驳斥", "author": "观察者网", "time": "观察者网10月07日13:56 来自专业版微博", "transmit": 600, "comment": 1313, "zan": 35739, "sentiment": [{"positive_prob": 0.257193, "confidence": 0.42846, "negative_prob": 0.742807, "sentiment": 0}]}, {"text": "【#华为因一张壁纸侵权起诉传音#，涉诉金额2000万元】传音控股10月7日晚发布公告，披露与华为的诉讼案细节。传音公司于9月29日收到深圳中院送达诉状，华为公司起诉传音公司及子公司侵犯其一张壁纸的著作权。目前该案件已立案暂未开庭审理，侵权赔偿主张为2000万元。此前华为诉手机公司侵犯其专利权较为常见，但以一张壁纸起诉的事宜目比较罕见。L老板联播的微博视频", "author": "老板联播", "time": "老板联播10月07日19:12 来自微博视频", "transmit": 130, "comment": 1264, "zan": 13744, "sentiment": [{"positive_prob": 0.767353, "confidence": 0.483006, "negative_prob": 0.232647, "sentiment": 2}]}, {"text": "有人说阅兵方队里的这个东西是华为手机…​", "author": "毒家说", "time": "毒家说10月07日17:10", "transmit": 952, "comment": 2297, "zan": 17188, "sentiment": [{"positive_prob": 0.419436, "confidence": 0.067919, "negative_prob": 0.580564, "sentiment": 0}]}, {"text": "这就是Officespeak，非常的irony，人人都在嘲笑，经理有很喜欢，公司有很依靠，普通人还在接受。一切都是“真香”。这是幸亏是华为，不然又该被群嘲为传销了。L何凯文的微博视频​", "author": "何凯文", "time": "何凯文10月07日23:11 来自iPhoneXSMax", "transmit": 56, "comment": 102, "zan": 652, "sentiment": [{"positive_prob": 0.894863, "confidence": 0.766363, "negative_prob": 0.105136, "sentiment": 2}]}, {"text": "#华为因一张壁纸侵权起诉传音#，并要求赔偿2000万与道歉，同时停止相关产品和图片的生产与使用。传音是中国手机厂商，占据庞大的非洲智能手机市场。这次被起诉主要是将华为珍珠极光Pearl主题壁纸，在简单修改后用作自家产品壁纸和宣传你觉得华为的要求过份吗？你觉得华为的要和过份吗？​", "author": "锋潮科技", "time": "锋潮科技10月07日23:15 来自微博weibo.com", "transmit": 41, "comment": 122, "zan": 4021, "sentiment": [{"positive_prob": 0.0745118, "confidence": 0.834418, "negative_prob": 0.925488, "sentiment": 0}]}, {"text": "小米MIX3发布会上，雷军对相机部门的要求是，能不能发年终奖就看能不能干翻华为。虽是戏言，但听雷军的现场表态，干翻华为的标准大致是DxOMark评分超过同期华为产品。其实这只是个拍照评分，参考意义没那么绝对。能不能赶超其它品牌要综合来看，比如品牌认知、价格、芯片、系统等等。把眼光再放远点，格局定位再高一些，小米会越来越强大。L中国IT杂谈的微博视频", "author": "中国IT杂谈", "time": "中国IT杂谈10月07日06:52", "transmit": 100, "comment": 698, "zan": 2830, "sentiment": [{"positive_prob": 0.449895, "confidence": 0.000233915, "negative_prob": 0.550105, "sentiment": 0}]}, {"text": "#美部长施压封堵华为被驳斥##华为因一张壁纸侵权起诉传音#华为海外版广告《做自己的英雄》拍的太棒了！无论周遭环境如何险恶，要永远做自己的英雄。为华为点赞！！L全球热搞笑榜的微博视频​", "author": "全球热搞笑榜", "time": "全球热搞笑榜10月07日20:22", "transmit": 204, "comment": 77, "zan": 1362, "sentiment": [{"positive_prob": 0.976761, "confidence": 0.948358, "negative_prob": 0.023239, "sentiment": 2}]}, {"text": "【#华为因一张壁纸侵权起诉传音#，涉诉金额2000万元】传音控股10月7日晚发布公告，披露与华为的诉讼案细节。传音公司于9月29日收到深圳中院送达诉状，华为公司起诉传音公司及子公司侵犯其一张壁纸的著作权。目前该案件已立案暂未开庭审理，侵权赔偿主张为2000万元。此前华为诉手机公司侵犯其专利权较为常见，但以一张壁纸起诉的事宜目比较罕见。@老板联播L老板联播的微博视频", "author": "梨视频", "time": "梨视频10月07日21:51 来自微博weibo.com", "transmit": 29, "comment": 173, "zan": 721, "sentiment": [{"positive_prob": 0.776811, "confidence": 0.504024, "negative_prob": 0.223189, "sentiment": 2}]}, {"text": "吴亦凡[米奇比心]#吴亦凡接机潘玮柏#新综艺开启，吴亦凡@Mr_凡先生机场造型惹众人热议，蓝色格子衬衫+黑色棒球帽的随性穿搭帅气依旧，再搭配并不简单的GentleMonster×华为智能眼镜，简约的穿搭总是最有型还有时尚黑科技加持，男孩子们可以学习起来了！期待凡凡在节目中更多的精彩表现！​", "author": "星闻揭秘", "time": "星闻揭秘10月07日13:20 来自微博weibo.com", "transmit": 783, "comment": 259, "zan": 1129, "sentiment": [{"positive_prob": 0.997278, "confidence": 0.993951, "negative_prob": 0.00272198, "sentiment": 2}]}, {"text": "继续香港现场直播:20:45，废青在马铁沙田围站拆迁中！#美部长施压封堵华为被驳斥#O网页链接​", "author": "忙碌的嘎嘎", "time": "忙碌的嘎嘎10月07日20:50", "transmit": 42, "comment": 278, "zan": 1365, "sentiment": [{"positive_prob": 0.602062, "confidence": 0.115694, "negative_prob": 0.397938, "sentiment": 2}]}, {"text": "实事求是，现在不用苹果手机对生活不会有丝毫影响，拍照不如华为，信号烂得连千元机都不如，快充不行，续航不行，没有通话录音，没有红外。。。如果苹果做了错事，国家禁售iPhone，我会举双手赞成，不吹不黑，真的随便找一部国产旗舰机就能替代苹果​", "author": "科技新一", "time": "科技新一10月07日11:23", "transmit": 118, "comment": 1727, "zan": 7229, "sentiment": [{"positive_prob": 0.0553571, "confidence": 0.876984, "negative_prob": 0.944643, "sentiment": 0}]}, {"text": "#节气里的家味#第一轮大赛已经结束～热乎乎的排行榜出炉！没有入围的小伙伴也不要灰心，明天是二十四节气中的第17个节气“寒露”，#节气里的家味#第二轮有奖征集明日启动！参与就有机会赢华为Mate30手机哦！​", "author": "头条新闻", "time": "头条新闻10月07日17:08 来自微博weibo.com", "transmit": 24, "comment": 25, "zan": 123, "sentiment": [{"positive_prob": 0.993402, "confidence": 0.985338, "negative_prob": 0.00659787, "sentiment": 2}]}, {"text": "【华为以一张主题壁纸起诉传音控股涉诉金额2000万元】传音控股(688036)10月7日晚间公告，公司9月29日收到深圳中院送达诉状，华为公司起诉公司及子公司等侵犯其“珍珠极光Pearl主题壁纸”美术作品的著作权所有权人，目前该案件已立案暂未开庭审理，侵权赔偿主张为2000万元。过去，华为告一家手机公司侵犯其专利权是比较正常的事情，因为华为手里掌握了大量标准专利，国内不少手机厂家在这方面都有所欠缺。但此次以一张壁纸起诉的事宜目前还较为罕见，特别是传音控股今年9月30日才刚刚上市。O华为以一张主题壁纸起诉传音控股涉诉金额2000万元", "author": "新浪财经", "time": "新浪财经10月07日17:41 来自微博weibo.com", "transmit": 38, "comment": 167, "zan": 627, "sentiment": [{"positive_prob": 0.108943, "confidence": 0.757904, "negative_prob": 0.891057, "sentiment": 0}]}, {"text": "【安卓用户请注意！谷歌发布高危漏洞18款手机受影响】近日据外媒报道，谷歌研究小组发布了安卓高危漏洞，包括三星、华为、小米等18款手机机型会受到影响，该漏洞会通过安装不受信任的应用，或与浏览器内容结合攻击受影响的手机。LCCTV4的微博视频​", "author": "CCTV4", "time": "CCTV410月07日16:10 来自微博weibo.com", "transmit": 120, "comment": 72, "zan": 319, "sentiment": [{"positive_prob": 0.402088, "confidence": 0.106472, "negative_prob": 0.597912, "sentiment": 0}]}, {"text": "華為公司CFO孟晚舟把出庭變成了時裝秀有電子腳鐐又怎樣，照樣神態自若、自信從容孟女士的品味真的是太好了！！（台灣微時尚）​", "author": "暴躁的颜值", "time": "暴躁的颜值10月07日13:40 来自即刻笔记", "transmit": 33, "comment": 48, "zan": 298, "sentiment": [{"positive_prob": 0.827349, "confidence": 0.616331, "negative_prob": 0.172651, "sentiment": 2}]}, {"text": "以前用手机刷公交卡工卡，大家好像已经习惯了。前不久用MATE30PRO开通了小区门禁卡后，一方面使用方便多了，带了手机就可以开门禁，另一方面也很拉风，多次在拿出手机刷小区门禁时被旁边的小区住户问，你的手机咋能刷开门禁呢…顺便辅导了几个住户用华为手机开通了小区门禁…最近两年的华为MATE系列、P系列、nova等支持NFC功能的手机都可以，打开华为钱包APP，选择门钥匙—模拟实体门禁卡，就可以开通了。", "author": "华为何刚", "time": "华为何刚10月07日21:54 来自华为手机", "transmit": 46, "comment": 322, "zan": 608, "sentiment": [{"positive_prob": 0.934015, "confidence": 0.853366, "negative_prob": 0.0659851, "sentiment": 2}]}, {"text": "【美部长施压封堵华为，遭印度电信巨头现场驳斥】#美部长封堵华为遭印度电信巨头驳斥#美国商务部长罗斯表示，希望印度不要为了使用华为设备而让自己在面临不愉快的安全风险。不过，印度电信市场领头企业巴蒂电信创始人苏尼尔·米塔尔对此并不认同，他认为印度应该让华为参与进来。O美部长施压封堵华为，遭印度电信巨头现场驳斥​", "author": "新浪科技", "time": "新浪科技10月07日16:23 来自微博weibo.com", "transmit": 11, "comment": 18, "zan": 193, "sentiment": [{"positive_prob": 0.168263, "confidence": 0.626083, "negative_prob": 0.831737, "sentiment": 0}]}, {"text": "【传音控股：华为起诉公司及子公司案件已立案暂未开庭审理】传音控股(688036)10月7日晚公告，公司9月29日收到深圳市中级法院送达的关于华为技术有限公司起诉公司及子公司的《民事起诉状》等相关材料。该案件尚未开庭审理。涉案金额为2000万元。此次诉讼案由为著作权权属、侵权纠纷。若败诉，公司将无法使用侵权图片，并按照法院判决进行赔偿。此次诉讼事项对公司本期利润或期后利润的影响具有不确定性，最终实际影响以法院判决为准。O传音控股:华为起诉公司及子公司已立案暂未开庭审理", "author": "新浪财经", "time": "新浪财经10月07日17:05 来自微博weibo.com", "transmit": 14, "comment": 26, "zan": 114, "sentiment": [{"positive_prob": 0.115863, "confidence": 0.742527, "negative_prob": 0.884137, "sentiment": 0}]}, {"text": "#NBA总裁肖华发声#支持封杀NBA这个大联盟这也不是简单的热血爱国事件莫雷对香港事件的无脑言论恰恰是美国包括西方国家长久以来根深蒂固对中国的歧视和偏见打着民主自由的幌子抵制打击任何威胁他们切身利益的国家群体经历过一年多川普的贸易打压和制裁华为我们经受住了考验发现我们的国家是真的已经强大了是时候向西方社会向这些自以为是的白皮猪们展示中国力量！！！", "author": "斯蒂芬-库里", "time": "斯蒂芬-库里10月07日23:56 来自iPhone客户端", "transmit": 36, "comment": 290, "zan": 1075, "sentiment": [{"positive_prob": 0.0923532, "confidence": 0.794771, "negative_prob": 0.907647, "sentiment": 0}]}, {"text": "如何用#华为Mate30#系列拍出一部手机电影？电影摄影师申旭伟在华为智能生活馆与我们分享他的经验，点击大图直击现场。这个十一假期，你有拍过哪些“大作”，评论区欢迎分享~​", "author": "华为终端官方微博", "time": "华为终端官方微博10月07日15:00 来自微博weibo.com", "transmit": 20, "comment": 72, "zan": 412, "sentiment": [{"positive_prob": 0.97968, "confidence": 0.954845, "negative_prob": 0.0203199, "sentiment": 2}]}, {"text": "华为的三件套为华为Mate30Pro、华为手表GT2和Freebuds3，总价约9000+。苹果三件套为iPhone11ProMax、AppleWatch5和AirPods2，总价约15000+。左圆右方，你选哪个？晚安选华为三件套还是苹果三件套？​", "author": "缺伯牙", "time": "缺伯牙10月07日21:56 来自缺伯牙超话", "transmit": 6, "comment": 58, "zan": 3037, "sentiment": [{"positive_prob": 0.502865, "confidence": 0.942691, "negative_prob": 0.497135, "sentiment": 1}]}, {"text": "#阿华的灵魂一问#假期要结束了，如果可以，我希望它可以慢一点，再慢一点，就像#华为Mate30#Pro的超高速摄影拍摄的这样慢。四个字形容一下你的假期，是____？微博视频​", "author": "华为终端官方微博", "time": "华为终端官方微博10月07日22:00 来自微博视频", "transmit": 31, "comment": 177, "zan": 866, "sentiment": [{"positive_prob": 0.313028, "confidence": 0.304382, "negative_prob": 0.686972, "sentiment": 0}]}, {"text": "继续对世界上瘾【金灿荣香港演讲】(完整版)金灿荣：美国曾整趴下五个老二国家，而中国有一个他们都没有的优点。现在美国对中国发起的贸易战、封杀华为、干涉香港事务等等，皆是遏制中国发展的行为，以此来保住美国长期在各个领域和综合国力上的霸主地位。时间比较长，建议先码再看！#川普#L中广时代的微博视频", "author": "深圳美食酱", "time": "深圳美食酱10月07日11:54 来自继续对世界上瘾超话", "transmit": 159, "comment": 15, "zan": 126, "sentiment": [{"positive_prob": 0.954581, "confidence": 0.899069, "negative_prob": 0.0454188, "sentiment": 2}]}, {"text": "据说这是华为某员工的打卡记录，太凶残了​​​​", "author": "电商报", "time": "电商报10月07日17:49 来自微博weibo.com", "transmit": 136, "comment": 201, "zan": 724, "sentiment": [{"positive_prob": 0.278293, "confidence": 0.381571, "negative_prob": 0.721707, "sentiment": 0}]}, {"text": "【印度电信巨头现场驳斥美商务部长：我自己用过华为很棒！】美国商务部长罗斯在世界经济论坛印度峰会上表示，他们希望印度不要为了使用华为设备而让自己在不经意间面临不愉快的安全风险。印度电信市场领头企业巴蒂电信创始人苏尼尔·米塔尔（SunilMittal）对此并不认同，他认为印度应该让华为参与进来。米塔尔表示自己已经跟踪了这个行业24年，而华为在过去10到12年的时间里把产品做得非常好。他强调，自己的公司在3G/4G时代是同时使用来自华为、爱立信和诺基亚的产品的，而华为明显优于爱立信和诺基亚。他还称，华为把技术曲线提升到领先水平的速度之快令他惊讶，而且华为产品不但技术领先，还有能耗小，占地少的优势。米塔尔青睐华为还有一个因素——不能让印度过于依赖西方。（观网）L太乙亘0956的微博视频", "author": "香港商報網", "time": "香港商報網10月07日20:20 来自微博weibo.com", "transmit": 37, "comment": 42, "zan": 270, "sentiment": [{"positive_prob": 0.844824, "confidence": 0.655164, "negative_prob": 0.155176, "sentiment": 2}]}, {"text": "【现场！美商务部长施压封堵华为遭印度电信巨头用事实强力驳斥】10月4日，美国商务部长罗斯在世界经济论坛印度峰会上表示，他们希望印度不要为了使用华为设备而让自己在不经意间面临不愉快的安全风险。不过，同场嘉宾，印度电信市场领头企业巴蒂电信创始人苏尼尔·米塔尔对此并不认同，他认为印度应该让华为参与进来。#美部长施压封堵华为遭印度电信巨头驳斥#L燃新闻的秒拍视频", "author": "燃新闻", "time": "燃新闻10月07日16:05 来自360安全浏览器", "transmit": 44, "comment": 48, "zan": 374, "sentiment": [{"positive_prob": 0.158445, "confidence": 0.647899, "negative_prob": 0.841555, "sentiment": 0}]}, {"text": "在dou音上发的入门用户定制内容：建议所有普通用户打开Mate30Pro的AI拍照模式，帮助很大。对于进阶用户的话就无所谓了，可以自己调。这个夕阳模式在拍摄夕阳的时候帮助确实还是挺明显，如果不打开AI的话还激活不了。所以还是建议打开的。不过打开AI模式后有的时候不想人像虚化也会自动开启人像虚化（方便入门用户拍摄），这个部分如果大家了解一些摄影常识，也可以手动关闭，自己调节。总的来说是让不太了解拍照的用户更简单的拍出好照片。L钟文泽的微博视频", "author": "钟文泽", "time": "钟文泽10月07日10:13 来自普通家庭iPhone11ProMax", "transmit": 10, "comment": 117, "zan": 658, "sentiment": [{"positive_prob": 0.945214, "confidence": 0.878254, "negative_prob": 0.0547858, "sentiment": 2}]}, {"text": "#NBA总裁肖华发声#肖华就莫雷涉港言论事件发声：我支持蔡崇信，也支持莫雷，这个联盟从一开始就有价值观，包括言论自由。我读到一些媒体暗示我们不支持莫雷，但事实上我们支持。向中国球迷道歉与支持一个人发声并不矛盾。我们在中国有很大影响力，我们在香港也有很大影响力。我希望不要天真地说我认为最终会有一个积极的结果。#肖华发声#via@詹姆斯视讯#美部长施压封堵华为被驳斥#小密想说：在国家主权和领土问题上我们绝不会妥协！莫雷必须明白一个道理，【#总台央视体育频道暂停与火箭队合作#】火箭队的莫雷！这次你真的犯规了！我们爱的是中国红而不是火箭红！任何在国家主权面前的挑衅都将付出惨痛的代价！#腾讯体育将暂停火箭队比赛直播与报道#香港是中国的香港！任何人都要明白，不尊重中国历史和事实，破坏中国统一的言行举止，必定会付出惨痛得代价！我们要欣赏我们自己的美！2北京·彩虹城", "author": "高密普法", "time": "高密普法10月07日23:37 来自HUAWEIP30", "transmit": 14, "comment": 24, "zan": 167, "sentiment": [{"positive_prob": 0.982448, "confidence": 0.960995, "negative_prob": 0.0175524, "sentiment": 2}]}, {"text": "再来一波白天对比照，1三星S10,2iPhone11,3华为P30Pro，哪个效果最好​", "author": "IT科技侠", "time": "IT科技侠10月07日15:05 来自微博weibo.com", "transmit": 24, "comment": 517, "zan": 1674, "sentiment": [{"positive_prob": 0.714721, "confidence": 0.366046, "negative_prob": 0.285279, "sentiment": 2}]}, {"text": "【现场！美商务部长施压封堵华为遭印度电信巨头用事实强力驳斥】10月4日，美国商务部长罗斯在世界经济论坛印度峰会上表示，他们希望印度不要为了使用华为设备而让自己在不经意间面临不愉快的安全风险。不过，同场嘉宾，印度电信市场领头企业巴蒂电信创始人苏尼尔·米塔尔对此并不认同，他认为印度应该让华为参与进来。@燃新闻L燃新闻的秒拍视频", "author": "中国经济网", "time": "中国经济网10月07日19:40 来自微博weibo.com", "transmit": 29, "comment": 21, "zan": 108, "sentiment": [{"positive_prob": 0.132386, "confidence": 0.705809, "negative_prob": 0.867614, "sentiment": 0}]}]