[{"text": "王俊凯小螃蟹们冲冲冲！抢票教程来料！如何设置抢票大法？@百度输入法诚意图解最后的长图方便大家相互教学传播请随意领取嗷（华为版百度输入法是一样哒，先选择九宫格噢）​", "author": "百度输入法", "time": "百度输入法10月22日22:04 来自王俊凯超话", "transmit": 681, "comment": 406, "zan": 2228, "sentiment": [{"positive_prob": 0.510613, "confidence": 0.787749, "negative_prob": 0.489388, "sentiment": 1}]}, {"text": "能想到和@TFBOYS-易烊千玺一起做的最浪漫的事是什么？当然是猪（住）在你心上啦~千玺2019第三波【想象感】单曲《IAdoreYou》惊喜上线！大佬亲自手绘的单曲封面也诚意满满~来#华为音乐#收听这首歌，伴着千式苏音，一起漫步在云海上吧戳→O网页链接​", "author": "华为终端云服务", "time": "华为终端云服务10月22日11:28 来自微博weibo.com", "transmit": 6306, "comment": 542, "zan": 3688, "sentiment": [{"positive_prob": 0.947655, "confidence": 0.883678, "negative_prob": 0.0523449, "sentiment": 2}]}, {"text": "【华为校招受热捧，毕业生：希望为华为5G做贡献】10月22日，在哈工大(深圳)国内外知名企业高层次人才招聘会上，华为成最受热捧的公司。数据显示，与华为签约的毕业生人数已逾百，成为校内签约单位Top1。一名与华为海思签约的毕业生表示，希望为华为5G芯片作出贡献。L老板联播的微博视频​", "author": "新浪科技", "time": "新浪科技10月22日23:12 来自微博weibo.com", "transmit": 31, "comment": 150, "zan": 439, "sentiment": [{"positive_prob": 0.902124, "confidence": 0.782499, "negative_prob": 0.0978757, "sentiment": 2}]}, {"text": "#手机克隆换华为新机#想换mate30，数据迁移无从下手，使用手机克隆数据大挪移，极速换机，珍贵的数据一个也不少！正文输入【Mate30手机克隆方便好用】带话题卷发与我一起换新机！10月29日抽2位幸运小伙伴送出50元京东卡！​​​O抽奖详情​", "author": "书勇官方微博", "time": "书勇官方微博10月22日13:40 来自转发抽奖超话", "transmit": 1701, "comment": 463, "zan": 170, "sentiment": [{"positive_prob": 0.938241, "confidence": 0.862759, "negative_prob": 0.0617585, "sentiment": 2}]}, {"text": "手持这套设备就能成为华为最靓的仔​", "author": "杨超有个大梦想", "time": "杨超有个大梦想10月22日07:49 来自荣耀V204800万3D相机", "transmit": 97, "comment": 852, "zan": 3020, "sentiment": [{"positive_prob": 0.826833, "confidence": 0.615184, "negative_prob": 0.173167, "sentiment": 2}]}, {"text": "想了解什么是5G新时代，华为5G终端及全场景新品发布会带你一站式地体验。这里送上所有的发布会直通车！​", "author": "华为终端官方微博", "time": "华为终端官方微博10月22日10:00 来自微博weibo.com", "transmit": 164, "comment": 475, "zan": 1631, "sentiment": [{"positive_prob": 0.832194, "confidence": 0.627098, "negative_prob": 0.167806, "sentiment": 2}]}, {"text": "发布了头条文章：《量能决定反弹高度》财经每日必读#微博赚钱季#周二华为/科技+双十一+数字货币最强，主板缩量反弹（明日预设冲高回落，注意观察成交量能否有效放大）强势股接力的亏钱效应减缓，明日诚迈科技等作为非科创板情绪标杆观察，空间板高度到3板，首板数量增加，但短期面临压力位，成交量能决定反弹高度，如成交量无法有效放大，明日早盘冲高注意逢高减仓，落袋为安，最优策略是耐心等回踩企稳后的操作机会，低吸富一生。科创板有企稳迹象，山石网科+方邦股份+南微医学重点关注，另外沃尔德，铂力特，乐鑫科技，福光股份，瀚川智能等盘中继续观察。O量能决定反弹高度", "author": "lesliesay", "time": "lesliesay10月22日16:45 来自微博weibo.com", "transmit": 356, "comment": 151, "zan": 491, "sentiment": [{"positive_prob": 0.969927, "confidence": 0.933171, "negative_prob": 0.0300732, "sentiment": 2}]}, {"text": "第六届#世界互联网大会#正在进行时，#华为Mate30#Pro5G带你看现场。​", "author": "华为终端官方微博", "time": "华为终端官方微博10月22日12:00 来自微博weibo.com", "transmit": 14, "comment": 74, "zan": 509, "sentiment": [{"positive_prob": 0.891678, "confidence": 0.759285, "negative_prob": 0.108322, "sentiment": 2}]}, {"text": "数字货币、ETC、半导体、华为概念等目前暂时领先。​", "author": "wu2198", "time": "wu219810月22日09:49 来自微博weibo.com", "transmit": 7, "comment": 108, "zan": 4843, "sentiment": [{"positive_prob": 0.699838, "confidence": 0.332974, "negative_prob": 0.300162, "sentiment": 2}]}, {"text": "目前：数字货币、ETC、半导体、网络安全、华为概念等走活。​", "author": "wu2198", "time": "wu219810月22日10:18 来自微博weibo.com", "transmit": 23, "comment": 96, "zan": 4187, "sentiment": [{"positive_prob": 0.719724, "confidence": 0.377164, "negative_prob": 0.280276, "sentiment": 2}]}, {"text": "华为MateX折叠屏手机，明天正式发布！同时还会推出一些5G全场景的移动通信产品，你们可以期待一下咯L宅数码Kael的微博视频​", "author": "宅数码Kael", "time": "宅数码Kael10月22日18:53 来自荣耀20PRO", "transmit": 43, "comment": 116, "zan": 550, "sentiment": [{"positive_prob": 0.94877, "confidence": 0.886156, "negative_prob": 0.0512299, "sentiment": 2}]}, {"text": "开盘一小时点评：今日早盘大盘高开，小幅震荡，创业板继续表现不错，最大涨幅近1%，前期热点如ETC，华为概念，数字货币，国产软件等科技股又卷土重来。昨天扛指数的金融股早盘回调。走势看，大盘继续在构筑右肩，时间不到不会起来的，因此大盘将继续做窄幅整理，大跌的可能性很低，震荡为主！热点不好把握，一天一个样，不如守住几个热点专注的做为好，频繁换股和追涨热门股近期得不偿失。仓位保持有2-3成底仓即可！", "author": "天津股侠", "time": "天津股侠10月22日10:21 来自微博weibo.com", "transmit": 7, "comment": 91, "zan": 1210, "sentiment": [{"positive_prob": 0.279948, "confidence": 0.377894, "negative_prob": 0.720052, "sentiment": 0}]}, {"text": "想想已经把iPhone作为主力机快十年了，真的有点腻了，下一部一定买华为。。。。。​", "author": "科技新一", "time": "科技新一10月22日21:31", "transmit": 12, "comment": 422, "zan": 1880, "sentiment": [{"positive_prob": 0.629109, "confidence": 0.175797, "negative_prob": 0.370891, "sentiment": 2}]}, {"text": "#张小厚然后#✖️#华为阅读#吉林大学“成长的道路，不要被安排，不要与环境妥协，请坚持自己的喜好。”——@张小厚Terry​", "author": "春生工作室", "time": "春生工作室10月22日21:23 来自好妹妹乐队超话", "transmit": 11, "comment": 28, "zan": 163, "sentiment": [{"positive_prob": 0.709184, "confidence": 0.353742, "negative_prob": 0.290816, "sentiment": 2}]}, {"text": "该来的始终还是来了！华为折叠屏旗舰MateX明日发布！外加华为Mate305G/Mate30pro5G版，华为三款顶级5G旗舰会在十一月1日同步开售，三箭齐发，这个双十一很有看头​", "author": "宋敬亭", "time": "宋敬亭10月22日21:35 来自热搜第一推荐", "transmit": 30, "comment": 157, "zan": 620, "sentiment": [{"positive_prob": 0.795218, "confidence": 0.544928, "negative_prob": 0.204782, "sentiment": 2}]}, {"text": "【董明珠：格力油烟机6年不用清洗，研发人员没有外国人】董明珠：我们的油烟机，我可以很自豪地说，让你实现了健康生活，我也敢说，六年不用清洗。我们高精尖的设备全部由自己研发，而且没有一个外人，更没有高鼻子、蓝眼睛的外国人，都是中国人。我的梦想是全世界70亿人都用格力。#格力#评：难道#华为#用外国人错了吗？", "author": "价值投资日志", "time": "价值投资日志10月22日22:57 来自iPhoneX", "transmit": 157, "comment": 96, "zan": 359, "sentiment": [{"positive_prob": 0.871134, "confidence": 0.713632, "negative_prob": 0.128866, "sentiment": 2}]}, {"text": "我这个华为用户，表示很受伤害​", "author": "画画的老武", "time": "画画的老武10月22日19:00 来自HUAWEIMate8", "transmit": 188, "comment": 583, "zan": 3980, "sentiment": [{"positive_prob": 0.420447, "confidence": 0.0656723, "negative_prob": 0.579553, "sentiment": 0}]}, {"text": "【#瑞士大规模使用华为5G#：覆盖262个城镇，将助力数千亿GDP增长空间】#Real5G#2019全球移动宽带论坛近期在瑞士苏黎世召开，华为副董事长胡厚崑称，瑞士已经引领了5G的发展，而5G不仅是比4G快一点，它可以使能千行百业，是社会发展的基础设施。此前，当地通信巨头Sunrise已经使用华为技术推广了5G的服务，并联合华为成立5G研发中心，启用多种5G应用场景，包括智慧农业、智能制造、5G云游戏等。Sunrise方面测算，到2030年，5G将会给瑞士GDP带来424亿瑞士法郎（约3000亿元人民币）的市场空间，创造超10万个就业机会。L老板联播的秒拍视频", "author": "经济观察报", "time": "经济观察报10月22日11:30 来自微博weibo.com", "transmit": 10, "comment": 20, "zan": 78, "sentiment": [{"positive_prob": 0.977833, "confidence": 0.95074, "negative_prob": 0.022167, "sentiment": 2}]}, {"text": "财经每日必读周一强势股接力赚钱效应50%持平或者向上👆今日重点观察成交量能否有效放大，重点观察/华为/科技/业绩等板块持续性；观察第一小时成交量能否达到750亿，诚迈科技、天夏智慧等作为非科创板情绪标杆观察（高标切勿追涨接力），皮皮计划操作首板或者1进2的涨停板套利，科创板继续盘整，南微医学+铂力特+方邦股份++乐鑫科技+瀚川智能+福光股份+沃尔德等活跃股继续重点观察。Ps：点赞今日大赚、转发帐户长红", "author": "lesliesay", "time": "lesliesay10月22日08:23 来自财经每日必读超话", "transmit": 151, "comment": 28, "zan": 168, "sentiment": [{"positive_prob": 0.946479, "confidence": 0.881065, "negative_prob": 0.0535206, "sentiment": 2}]}, {"text": "我要是说iPad比华为平板好用，有不服的吗？​", "author": "科技新一", "time": "科技新一10月22日12:14", "transmit": 74, "comment": 357, "zan": 2977, "sentiment": [{"positive_prob": 0.306002, "confidence": 0.319996, "negative_prob": 0.693998, "sentiment": 0}]}, {"text": "有网友在机场拍到任正非也在用苹果iPad，不过此前任正非说过：“我们家人现在也用苹果产品，苹果的生态确实好，华为只是一个商品，喜欢你就用，不喜欢你就不用，不要把它和政治挂钩”。​", "author": "测评君", "time": "测评君10月22日22:10", "transmit": 43, "comment": 110, "zan": 525, "sentiment": [{"positive_prob": 0.725704, "confidence": 0.390454, "negative_prob": 0.274296, "sentiment": 2}]}, {"text": "提起#华为Mate30#Pro的炫酷功能，7680帧超高速摄影一定榜上有名如何用慢动作定格精彩瞬间？请注意，官方教学来了~L华为中国的微博视频​", "author": "华为中国", "time": "华为中国10月22日19:00 来自微博weibo.com", "transmit": 16, "comment": 19, "zan": 160, "sentiment": [{"positive_prob": 0.849606, "confidence": 0.665791, "negative_prob": 0.150394, "sentiment": 2}]}, {"text": "#对TA说晚安#《少年的你》官宣定档啦，这部电影一波三折，粉丝们终于等到它上映了。其实还有许多的剧杀青很久了，却也迟迟没有要播的消息。带话题#那些未播先火的剧#，来聊聊还有哪些一直没有等到播出消息的剧，其中有你爱豆主演的作品吗？转评抽送一个华为自拍杆。​O抽奖详情​", "author": "华为终端云服务", "time": "华为终端云服务10月22日22:04 来自对TA说晚安超话", "transmit": 100, "comment": 159, "zan": 144, "sentiment": [{"positive_prob": 0.786255, "confidence": 0.525011, "negative_prob": 0.213745, "sentiment": 2}]}, {"text": "XDA的年轻编辑MaxWeinbach只有在这个时候才会让人觉得他还是个学生，还是个小孩。哈哈哈，这家伙发推说华为的面部识别比iPhone更出色，紧接着在评论里针对其他人提出的安全性问题为华为疯狂的辩护…“Frommyexperience,thesecurityfeaturesinHuaweiphonesgoaboveandbeyondothercompanies.Youdon’thavetotrustthem,butthereisnoevidencethattheyareworse.IalsonevermentionedanythingaboutAndroid.”这句话可太有意思了…", "author": "午后狂睡", "time": "午后狂睡10月22日09:19 来自微博weibo.com", "transmit": 7, "comment": 81, "zan": 508, "sentiment": [{"positive_prob": 0.615782, "confidence": 0.146182, "negative_prob": 0.384218, "sentiment": 2}]}, {"text": "看来华为今年还会增长约20%，到达1250亿美元左右！在接受CNBC专访时，任总表示：·关于实体清单的影响：我们比今年的计划下降可能不超过100亿美金，随着时间进程，我们充满了信心。·关于学到的教训：不能安于堕怠，不能安于平庸，必须长期保持奋斗的活力，让组织充满活力·关于操作系统：我们不会有能力不足的问题，肯定有能力做到我们想做的事情。我们将来不会替代安卓，要支持安卓的发展。·关于创新：我们的创新步伐加快了，在两年内，我们的飞机能完全修复，三年后，我们能看到一架全新的飞机，能够飞的更快·关贸易战：我们不愿意为我们牺牲国家的利益，主要还是通过法律手段解决问题·关于未来：我觉得（美国）短期内不会把华为从实体清单移除，但我们还是持开放心态，禁止所有美国产品是对美国不利的。链接里面有视频：O网页链接", "author": "HW前HR", "time": "HW前HR10月22日07:58 来自HUAWEIMate30", "transmit": 75, "comment": 60, "zan": 445, "sentiment": [{"positive_prob": 0.952723, "confidence": 0.89494, "negative_prob": 0.0472769, "sentiment": 2}]}, {"text": "#HUAWEIMateBook#系列多屏协同支持的手机机型公开，首批支持的手机毫无疑问是近期刚刚发布的Mate30系列，后续升级#EMUI10#支持的手机也主要集中在华为Mate20系列和P系列，羡慕手上有这些手机的同学，可以在电脑上刷手机了。​", "author": "搞机王腾霄", "time": "搞机王腾霄10月22日18:40 来自微博weibo.com", "transmit": 161, "comment": 386, "zan": 774, "sentiment": [{"positive_prob": 0.995849, "confidence": 0.990776, "negative_prob": 0.00415097, "sentiment": 2}]}, {"text": "【不惧美国力挺华为，欧洲与美国分歧或进一步加深】《日本经济新闻》网站：近日，德国公布了5G通信网络建设安全标准草案，事实上允许华为进入德国市场。英国等欧洲国家也在通信网络中采用了华为的产品。美国以安全保障为由要求排除华为，欧洲与美国的分歧可能进一步加深。O不惧美国力挺华为，欧洲与美国分歧或进一步加深​", "author": "参考消息", "time": "参考消息10月22日09:46 来自微博weibo.com", "transmit": 18, "comment": 12, "zan": 94, "sentiment": [{"positive_prob": 0.97163, "confidence": 0.936955, "negative_prob": 0.0283704, "sentiment": 2}]}, {"text": "每一次旅行都是遇见未知的过程，镜头中的世界像是被施了魔法，带你找寻属于自己的光芒。搞定这几个小技巧，就能让你用#华为nova5#Pro拍出文艺清新、唯美出众的旅行Vlog~L华为中国的微博视频​", "author": "华为中国", "time": "华为中国10月22日07:00 来自微博weibo.com", "transmit": 11, "comment": 26, "zan": 157, "sentiment": [{"positive_prob": 0.978608, "confidence": 0.952462, "negative_prob": 0.0213922, "sentiment": 2}]}, {"text": "5G版的华为Mate30Pro要上市了，突然感觉我的4G版的不香了，有人接盘吗？99.9新，一直贴着膜带着套，发布会当天买的，买来纯属为了支持华为，一天都没使用过，我想卖掉买5G版本了​", "author": "科技新一", "time": "科技新一10月22日16:23", "transmit": 15, "comment": 537, "zan": 996, "sentiment": [{"positive_prob": 0.444799, "confidence": 0.0115576, "negative_prob": 0.555201, "sentiment": 0}]}, {"text": "金一南将军在华为公司演讲：《关于队伍灵魂与血性》（下半部）#我和我的祖国##我爱你中国#L军武季的微博视频​", "author": "军武季", "time": "军武季10月22日13:18 来自季语微评超话", "transmit": 59, "comment": 6, "zan": 44, "sentiment": [{"positive_prob": 0.856765, "confidence": 0.681701, "negative_prob": 0.143235, "sentiment": 2}]}]