[{"text": "今日春节，祝好运连连，红火一整年，#华为Mate20#Pro馥蕾红，为你诠释关于新年美好的意义。关注+带#华为Mate20#话题，转评说说有关“红”字或与“红”字谐音的祝福成语，由@微博抽奖平台随机抽送华为运动心率蓝牙耳机R1Pro2个。​", "author": "华为终端公司", "time": "华为终端公司02月05日11:42 来自微博weibo.com", "transmit": 2135, "comment": 2160, "zan": 1650, "sentiment": [{"positive_prob": 0.986876, "confidence": 0.970834, "negative_prob": 0.0131245, "sentiment": 2}]}, {"text": "#刘谦把杨小姐叫成叶小姐#雷总估计也是犯了跟刘谦一样的错，注意力过于发散，结果就把华为手机当成小米手机了，马丽与沈腾以前就接过小米的广告，合作很久了，所以马丽这个倒真的可能是有意植入，但是其他演员，应该基本上华为为主，兼有苹果了，毕竟现在国内高端机市场，尤其是政企市场，已经基本上被华为取得，收入较高一点点人群有几个人会用红米呢，林永健用的明显是mate10Pro啊", "author": "钢的王十二", "time": "钢的王十二02月05日00:39 来自荣耀Note10大屏旗舰", "transmit": 48, "comment": 487, "zan": 1185, "sentiment": [{"positive_prob": 0.59381, "confidence": 0.0973553, "negative_prob": 0.40619, "sentiment": 2}]}, {"text": "官微君祝大家“猪”年大吉！今年华为5G伴你走进春晚，会场间回传快速、画面稳定，让各地伙伴收看直播也能低时延、无卡顿。在两周时间内，不仅完成了5G部署，还克服了各大会场无线环境、传输线路、极寒环境等诸多困难，为华为5G技术团队点赞！春晚已结束，但5G之路才刚启程，未来一起加油！​", "author": "华为终端公司", "time": "华为终端公司02月05日21:52 来自HUAWEIMate20", "transmit": 28, "comment": 49, "zan": 294, "sentiment": [{"positive_prob": 0.985461, "confidence": 0.967691, "negative_prob": 0.014539, "sentiment": 2}]}, {"text": "胡歌:我现在可能只能签华为了！#胡歌#L小阿走的秒拍视频​", "author": "小阿走", "time": "小阿走02月05日06:45 来自微博视频", "transmit": 253, "comment": 212, "zan": 2204, "sentiment": [{"positive_prob": 0.507146, "confidence": 0.857078, "negative_prob": 0.492854, "sentiment": 1}]}, {"text": "【孟晚舟律师团拟以美方有政治动机抗辩】美国上周正式向加拿大提出引渡华为副董事长孟晚舟，据加拿大《环球邮报》（GlobeandMail）昨天（4日）报道，孟晚舟律师团打算以美方有政治动机、滥用加拿大法律程序为由，替孟晚舟引渡案辩护。O孟晚舟律师团拟以美方有政治动机抗辩​", "author": "早报网", "time": "早报网02月05日09:45 来自微博weibo.com", "transmit": 107, "comment": 3, "zan": 147, "sentiment": [{"positive_prob": 0.867317, "confidence": 0.705148, "negative_prob": 0.132683, "sentiment": 2}]}, {"text": "除夕夜大家看春晚了吗？火眼金睛的朋友一定发现不少华为的身影。本届春晚我国首次实现4K超高清内容的5G网络传输，通过在北京、长春、深圳三地部署5G室内数字系统和室外基站，实现超高清视频的5G回传，为全国观众带来沉浸式的春晚观看体验。一起来看看5G保障团队在做什么O网页链接​", "author": "华为中国", "time": "华为中国02月05日22:50 来自微博HTML5版", "transmit": 28, "comment": 59, "zan": 551, "sentiment": [{"positive_prob": 0.968703, "confidence": 0.930451, "negative_prob": 0.0312969, "sentiment": 2}]}, {"text": "一大早起床错过了什么？#春晚#现在追还来得及吗？不要慌，有#华为智能助手#陪你过春节，负一屏轻松回放春晚节目，赶上春晚的末班车~关注+转发，说说#春晚#那些事儿，小云将抽送出华为移动电源1个~​", "author": "华为终端云服务", "time": "华为终端云服务02月05日11:08 来自微博weibo.com", "transmit": 309, "comment": 253, "zan": 188, "sentiment": [{"positive_prob": 0.983405, "confidence": 0.963122, "negative_prob": 0.0165951, "sentiment": 2}]}, {"text": "金猪贺岁，迎春纳福。2019年央视春晚已经落下帷幕，这届春晚首次在北京、深圳、长春多地采用5G网络进行超高清直播，三大运营商联合华为提供了包括5G网络和终端在内的端到端解决方案，为全国观众奉献了一场美轮美奂的超高清春晚直播O除夕华为在忙啥？春晚首用5G超高清直播！​", "author": "华为中国", "time": "华为中国02月05日14:00 来自微博HTML5版", "transmit": 53, "comment": 30, "zan": 176, "sentiment": [{"positive_prob": 0.990508, "confidence": 0.978907, "negative_prob": 0.00949164, "sentiment": 2}]}, {"text": "#男朋友都登上春晚了##会接头发的Tony返乡过年了#好喜欢看踩点狂魔跳舞帅帅帅帅帅帅帅帅帅帅的时候回来@TFBOYS-易烊千玺易烊千玺L易烊千玺麻麻团的秒拍视频​", "author": "小野你还在寻找什么", "time": "小野你还在寻找什么02月05日11:45 来自买华为不买iPhone客户端", "transmit": 53, "comment": 12, "zan": 158, "sentiment": [{"positive_prob": 0.958064, "confidence": 0.90681, "negative_prob": 0.0419356, "sentiment": 2}]}, {"text": "国产手机品牌登上春晚，很好，应该更好得宣传优秀国产品牌。1）小品《站台》王自健拿的华为Mate20Pro宝石蓝；2）小品《“儿子”来了》戳天临拿的Mate20Pro；3）小品《演戏给你看》林永健用的是Mate10Pro；4）小品《啼笑皆非》张小裴用的是Mate10；在开心麻花主演的小品中红米Note7和马丽一同亮相。​", "author": "科工力量", "time": "科工力量02月05日20:15 来自微博weibo.com", "transmit": 10, "comment": 22, "zan": 91, "sentiment": [{"positive_prob": 0.976733, "confidence": 0.948296, "negative_prob": 0.0232668, "sentiment": 2}]}, {"text": "网友求助：华为mate20proiphonexiphonexr。这三款手机买哪台比较稳点。。我比较倾向于xr，性能更好一些！​", "author": "IT科技侠", "time": "IT科技侠02月05日09:06 来自微博weibo.com", "transmit": 5, "comment": 158, "zan": 108, "sentiment": [{"positive_prob": 0.948818, "confidence": 0.886261, "negative_prob": 0.0511824, "sentiment": 2}]}, {"text": "#除夕夜你赚了多少#我拼命摇啊摇的在百度上抢了11块，熊孩子晚上偷摸充值游戏了3000块。。。我哭，都哭不出来了。华为，奥特曼，熊孩子，你们还我钱。2哈尔滨·革新街区​", "author": "lss215", "time": "lss21502月05日11:11 来自HUAWEInova3", "transmit": 5, "comment": 92, "zan": 131, "sentiment": [{"positive_prob": 0.62787, "confidence": 0.173045, "negative_prob": 0.37213, "sentiment": 2}]}, {"text": "今年还会不会有小米MAX4这款手机应该是很多大屏手机爱好者心中最大的疑问。虽然去年的小米MAX3评价有点糟糕，但是小米MAX3在大屏这个细分市场上销量还是可以的，你看隔壁家华为一连推出了荣耀note10、荣耀8XMAX、华为畅享MAX、华为Mate20X这几款大屏手机，说明大屏市场还是有前途的，小米不可能放弃。", "author": "科技小布", "time": "科技小布02月05日15:33 来自微博weibo.com", "transmit": 8, "comment": 95, "zan": 81, "sentiment": [{"positive_prob": 0.674255, "confidence": 0.276123, "negative_prob": 0.325744, "sentiment": 2}]}, {"text": "#大年初一#新年新气象，新生态新未来，收好#中国福#，欢度中国年。快应用&快服务花式推广流量新入口，2019大展拳脚。关注@华为开发者联盟，转评抽送蓝牙对耳一副。@微博抽奖平台​", "author": "华为开发者联盟", "time": "华为开发者联盟02月05日11:00 来自微博weibo.com", "transmit": 304, "comment": 345, "zan": 175, "sentiment": [{"positive_prob": 0.981263, "confidence": 0.958361, "negative_prob": 0.0187374, "sentiment": 2}]}, {"text": "【华为广告】听首老情歌！华为现在越来越用心去拍每一部广告L泰国广告的微博视频​", "author": "泰国广告", "time": "泰国广告02月05日10:00 来自微博weibo.com", "transmit": 19, "comment": 4, "zan": 53, "sentiment": [{"positive_prob": 0.482483, "confidence": 0.649667, "negative_prob": 0.517517, "sentiment": 1}]}, {"text": "台媒：年中见！大陆5G商用“时间表”显现。台湾媒体报道，大陆工信部表示，大陆5G已达到“预商用”阶段，今年年中就会出现一个较好的商用终端。我的推测，这个终端十有八九是华为的，因为目前高通是5G单模基带，制程也落后，商用机应该不会用。也许下半年高通和联发科也会出7nm全网通基带。据台湾《经济日报》1月30日报道，大陆工信部信息通信发展司长近日表示，5G已达到预商用阶段，目前最终的商用终端和芯片正加紧研发，可望在今年年中出现一个较好的商用终端，百姓期盼了5G很长时间，工信部将努力让百姓尽早拿到5G终端。报道还援引大陆工信部信息化和软件服务业司副司长的话称，5G作为新一代移动通信技术，是全面构筑经济社会数字化转型的关键基础设施，也是全球新一轮科技革命和产业变革的关键驱动力量之一。报道认为，5G商用发展对中国经济增长具有显著的促进作用，意义重大。O台媒：年中见！大陆5G商用“时间表”显现", "author": "HW前HR", "time": "HW前HR02月05日10:24 来自HUAWEIMate20Pro", "transmit": 11, "comment": 31, "zan": 70, "sentiment": [{"positive_prob": 0.969952, "confidence": 0.933228, "negative_prob": 0.0300476, "sentiment": 2}]}, {"text": "华为涉嫌窃取美公司知识产权，FBI钓鱼执法，设局找证据。总部在美国伊利诺伊州的初创公司Akhan星期一(2月4日)声明中说，公司最近参与了一项联邦调查行动，调查看起来是华为窃取知识产权的行为。华为从该公司订了含有专利技术的玻璃屏幕样品，但是未按照协议完璧归还样品，而是破坏了样品。​", "author": "神州法律", "time": "神州法律02月05日14:47 来自iPhone客户端", "transmit": 73, "comment": 6, "zan": 22, "sentiment": [{"positive_prob": 0.530782, "confidence": 0.384362, "negative_prob": 0.469218, "sentiment": 1}]}, {"text": "胡歌:我现在可能只能签华为了！#胡歌#L小阿走的秒拍视频​​​", "author": "趣味无限大集合", "time": "趣味无限大集合02月05日10:52 来自趣味无限大集合超话", "transmit": 5, "comment": 5, "zan": 63, "sentiment": [{"positive_prob": 0.507146, "confidence": 0.857078, "negative_prob": 0.492854, "sentiment": 1}]}, {"text": "伟大的背后是苦难。上一个视频被删了，希望这一个能幸存:与华为同款的故事，早就在中国航天上演过！L短线刀客888的微博视频​", "author": "短线刀客888", "time": "短线刀客88802月05日14:59 来自三星GALAXYNote8", "transmit": 33, "comment": 13, "zan": 55, "sentiment": [{"positive_prob": 0.444529, "confidence": 0.0121587, "negative_prob": 0.555471, "sentiment": 0}]}, {"text": "#华为主题#设计美学๑华为5.0 8.0主题•┈୨北欧风୧┈•๑素材来自柯柯๑状态栏延续ins风๑获取方式:没细改,丢两天链接,拿了dd或者赞一下๑最近可能会高产,看我心情,所以就发直链了。๑新年快乐,我可爱的猪猪们ฅ՞•🐽•՞ฅ​", "author": "萱味甜", "time": "萱味甜02月05日11:45 来自Share微博客户端", "transmit": 3, "comment": 130, "zan": 57, "sentiment": [{"positive_prob": 0.973334, "confidence": 0.940743, "negative_prob": 0.0266658, "sentiment": 2}]}, {"text": "真料bot:NEX7队长朱正|廷退出乐华|七子乐华公司老板娘杜|华为避免团体大规模掉粉与剩下成员重新组合出道改名为NEXDu​", "author": "翘屁嫩瓜瓜", "time": "翘屁嫩瓜瓜02月05日22:48 来自荣耀10青春Android", "transmit": 59, "comment": 27, "zan": 25, "sentiment": [{"positive_prob": 0.341353, "confidence": 0.241439, "negative_prob": 0.658647, "sentiment": 0}]}, {"text": "家庭和事业难以两兼顾：前几天跟一个朋友吃饭聊天，她年轻时很拼，三十几岁就挣够钱过上了退休的生活。但由于年轻时忙于工作，没能分出身来照顾女儿，似乎对此很有遗憾。于是在饭桌上，她一直跟我们说，再忙也要记得陪孩子。这个事情让我想起之前看到的华为任正非采访内容，其中提到，他年轻时也是忙于工作，疏忽了家庭，所以在他孩子小的时候，没能陪伴孩子玩耍。任总对此似乎也是很有心结，于是问孩子，你们是愿意让爸爸在你们小时候多陪伴你们呢，还是愿意让爸爸在你们长大成人后，给你们搭建好的平台，他的孩子都选择后者。于是，任总似乎放下了心，觉得孩子们都原谅和理解了他。对于一个有孩子的父母来说，事业和家庭永远都是存在冲突的，想要做到兼顾，真心很难。这个话题，对于没有孩子的人来说，可能是镜中花水中月，遥不可及，但对于有孩子的人来说，可谓是有真切体会。因为人的一天，就只有24小时，你要吃饭、睡觉、休息、工作。你的时间就那么多，但凡多分配了一些给孩子，就会少分配一些给自己的工作。而少分配了时间给工作后，这种对工作的影响，是真实存在的。所以，如果你工作越拼，则家庭时间越少。而如果用在家庭的时间越多，则用在工作的时间越少。现实中，事业和家庭兼顾的，是非常少见的。如果两者发生冲突时，该怎么选择？我觉得，对于大多数人来讲，其实你没有选择。这就是人生的不完美之处。对于任总来讲，他觉得他的孩子们原谅和理解了他。我觉得，其实错了。孩子在不同的年龄阶段，是有不同的需求的。在小时候，玩和陪伴是第一需求。而长大成人后，钱成为第一需求。所以，如果任总在他的孩子们小的时候去问这个问题，孩子的答案肯定是，玩和陪伴。但是，等长大成人后再去问这个问题，答案就变成了平台。而且，成年子女即便心里有遗憾，也不会再说出来，让自己的老父亲更加遗憾，因为时光不可逆转，说这样的话没有实际意义。家庭和事业能兼顾的，是那些早已功成名就，成为企业管理者，不需要自己亲力亲为再投入很多时间在工作的大咖。但是这类大咖，不可能太年轻，一般都早已结婚生子，经历过那些打拼的时光。所以，他们在功成名就后的生活状态，对于年轻人来讲，基本没有太多参考意义。但是，这也解释了为什么很多女孩子要去追求财富地位很高的男人。因为这类男人，在物质上足够富足，而在时间上，可能也很闲，有很多自由支配时间，可以给到家庭。因此，这类有钱有闲又多金的男人，就成为有些女人的梦想。可惜的是，现实往往很残酷的证明，这类男人可能并不属于年轻女孩的世界。如果让你选，并且你可以选的话，你会先选择家庭，还是先选择事业？", "author": "皇城根下刀笔吏", "time": "皇城根下刀笔吏02月05日12:00 来自360安全浏览器", "transmit": 38, "comment": 65, "zan": 77, "sentiment": [{"positive_prob": 0.958745, "confidence": 0.908321, "negative_prob": 0.0412554, "sentiment": 2}]}, {"text": "【美国互联网大面积故障，海外运营商趋向华为，网友呼叫：华为在哪里】据外媒据CNBC报道称，美国电信运营商CenturyLink近期发生故障，使得很多的用户没有办法上网，这次事故涉及的地区还是比较多的，并且断网的时间持续的也比较的长，这次网络的中断，使得很多的地区呼叫了911，很多的地区都是出现了服务中断的事项现象。在此前的时候，英国的运营商O2遭遇了一些故障，还有3200万的用户的手机的信号是完全中断的，没有办法上网打电话和通讯，随后经过证实得出是爱立信的问题。现在这个过程当中，使用爱立信设备的运营商接近3000万的用户，也遭遇了断网的现象，在经过数小时的抢救之后才恢复正常，这次的网络故障也持续了30个小时才得以恢复，在之前的时候，英国运营商o2已经出现了多次这样的现象。美国一再的对华为采取行动将影响华为在全球内的快速发展，但是很多的国外的一些运营商还是选择相信华为。毕竟华为设备的可靠性和稳定性还是比较高的。", "author": "人才76116", "time": "人才7611602月05日16:27 来自HUAWEIP20", "transmit": 8, "comment": 41, "zan": 50, "sentiment": [{"positive_prob": 0.801057, "confidence": 0.557904, "negative_prob": 0.198943, "sentiment": 2}]}, {"text": "下次送手机的话你们想要华为呢还是iPhone呢？​", "author": "欧欧大王", "time": "欧欧大王02月05日23:27", "transmit": 9, "comment": 217, "zan": 126, "sentiment": [{"positive_prob": 0.605492, "confidence": 0.123316, "negative_prob": 0.394508, "sentiment": 2}]}, {"text": "#华为主题#携众明星@唐嫣@王珞丹@周笔畅@任嘉伦给大家拜年啦。祝大家新的一年猪事顺利，大吉大利！戳链接O网页链接，还可下载明星同款字体关注+转发，说出你的新年愿望，抽送4位送出一张明星签名照哦！L华为终端云服务的秒拍视频​", "author": "华为终端云服务", "time": "华为终端云服务02月05日08:00 来自微博weibo.com", "transmit": 480, "comment": 553, "zan": 414, "sentiment": [{"positive_prob": 0.982976, "confidence": 0.96217, "negative_prob": 0.0170236, "sentiment": 2}]}]