[{"text": "这……华为P30Pro是挺🐮🍺哈/HovyV2J​", "author": "程栗咸-", "time": "程栗咸-04月07日12:14", "transmit": 19926, "comment": 6901, "zan": 8955, "sentiment": [{"positive_prob": 0.689237, "confidence": 0.309414, "negative_prob": 0.310764, "sentiment": 2}]}, {"text": "【石墨烯是什么？骗局还是未来黑科技？李永乐老师讲碳的同素异形体】2004年，英国曼彻斯特大学两位科学家制作出了石墨烯，它是从石墨中分离出来的单层材料。这种材料具有很强大的导电、导热能力，十分结实，又可以拉伸，瞬间就被各行各业热捧，例如华为就宣布正在研制石墨烯电池，甚至有人说人类即将进入石墨烯时代。石墨烯的结构是什么样子的？它为什么具有这些神奇的性质？点开视频看看吧！#科普老师李永乐#L李永乐老师的微博视频", "author": "李永乐老师", "time": "李永乐老师04月07日14:34 来自微博视频", "transmit": 1198, "comment": 427, "zan": 2267, "sentiment": [{"positive_prob": 0.946544, "confidence": 0.88121, "negative_prob": 0.0534557, "sentiment": 2}]}, {"text": "华为P30Pro以后真是看演唱会必备啊！即使是买了最远的看台，也能享受VIP区的视听待遇，爱豆就是这么近在咫尺，这距离！#华为##华为P30#​", "author": "建华Wei业", "time": "建华Wei业04月07日12:08 来自手机超话", "transmit": 135, "comment": 435, "zan": 1090, "sentiment": [{"positive_prob": 0.947021, "confidence": 0.882268, "negative_prob": 0.0529793, "sentiment": 2}]}, {"text": "华为pro30，这牛逼得………怕了怕了，要入手了！！/HovyV2JL杀马特的彩虹马的微博视频​", "author": "杀马特的彩虹马", "time": "杀马特的彩虹马04月07日22:02", "transmit": 526, "comment": 97, "zan": 863, "sentiment": [{"positive_prob": 0.543734, "confidence": 0.125313, "negative_prob": 0.456266, "sentiment": 1}]}, {"text": "去年8月CNN的报道，华为全球销量赶超🍎最近的在新加坡彻夜排队买p30pro最后一个图是法国有点小开心​", "author": "吃全世界最甜的瓜", "time": "吃全世界最甜的瓜04月07日23:48", "transmit": 37, "comment": 71, "zan": 375, "sentiment": [{"positive_prob": 0.804872, "confidence": 0.566383, "negative_prob": 0.195128, "sentiment": 2}]}, {"text": "猜个机吧？（猜不出来，别说自己懂手机​（提示：华为相机之崛起！​", "author": "小表哥PRO", "time": "小表哥PRO04月07日19:32 来自小米9", "transmit": 6, "comment": 523, "zan": 257, "sentiment": [{"positive_prob": 0.333298, "confidence": 0.259339, "negative_prob": 0.666703, "sentiment": 0}]}, {"text": "【高通输了！华为当选全球5G标准协会主席】5G的标准需要经历过很多次的投票，近日3GPP在深圳召开了第83次全体会议，本次会议上对全会主席进行了选举，而候选人只有两个人，一个是华为公司的GeorgMayer另一个则是高通公司的EddyHall，这也是情理之中，目前华为和高通是对5G最后话语权的两家公司，高通是长期垄断通讯行业的巨头，而华为则是后起之秀，目前也唯有华为能够同高通竞争了。相信大家对于3GPP这个组织都不会陌生，毕竟在当时高通和华为竞争标准的时候，就是在3GPP组织下进行的。当时高通、华为和联想都是个体会员都拥有投票权。在当时华为就是以一票之差输掉了上一次的标准竞争，而决定性的一票来自联想，联想投给了高通，换来了骂名。华为这一次终于一雪前耻了。华为在本次选举中，当选了全会主席。其实在本次华为的3GPP会议之前，华为就深陷水深火热之中。美国为首的几个国家就对华为进行了市场封锁，而且在3月7日的时候，华为还宣布起诉了美国。即便在这种情况下，华为仍然突破重围，成功当选了3GPPSA全会主席。这也证明了，华为的5G方面的技术，确实是被大多数3GPP成员认可的，是实力的象征，同时也证明了3GPP这个组织还是没有怎么受政治因素的干扰。随着华为当选3GPP的全会主席，也标志这华为冲出了重围，去年下半年华为就被不少国家宣布禁止参与5G网络的建设，但是这两天，日本就已经宣布并不会明确表示限制华为参与日本的网络建设，日本的运营商拥有自主选择权。日本算得上是首批宣布禁止华为的国家了，但现在日本也已经不再对华为进行限制了。其实不仅仅是日本，韩国、新西兰、波兰、法国等宣布禁止华为的国家，要么已经改变了态度，要么已经不再明确的限制华为了，尤其是韩国，韩国已经部署了近2万座华为的5G基站，这跟华为5G网络技术权威性的提升有着非常大的影响，又随着本次华为当选了3GPP全会主席，相信未来会有更多的国家接受华为，毕竟现在的华为在5G方面的话语权已经远远大于其他通讯设备厂家了。英国都表示，如果拒绝华为参与到英国的5G网络建设，那么5G网络的建设警徽延迟18个月。虽然现在看来华为未来是一片大好，但是也不能因为阶段性的胜利就冲昏了头南，虽然华为当选了3GPP的全会主席，但是并不代表华为可以随意按照自己的想法定制5G网络方面的标准，标准还是需要通过投票决出的，不过当选主席也让华为更具权威性，但也仅仅是更具权威性而已，并非说什么就是什么。", "author": "宋敬亭", "time": "宋敬亭04月07日20:29 来自HONORAndroid", "transmit": 106, "comment": 257, "zan": 863, "sentiment": [{"positive_prob": 0.751467, "confidence": 0.447705, "negative_prob": 0.248533, "sentiment": 2}]}, {"text": "我这华为保时捷拿到手几个月不想用了，多个微信，互相传文件太不方便基本算是没咋用保护壳有磨损，手机基本0磨损配件都齐全，盒子也都在我卖10000块2天津·新港街区​", "author": "方成说进口车", "time": "方成说进口车04月07日12:12 来自iPhone客户端", "transmit": 5, "comment": 135, "zan": 70, "sentiment": [{"positive_prob": 0.178372, "confidence": 0.603617, "negative_prob": 0.821628, "sentiment": 0}]}, {"text": "折叠屏应该是三星这边快一步，GalaxyFold已经在工信部入网了，之前说的开售时间是4月26日。华为也在官网上架了MateX的销售页面，不过其他手机的图片都是白底，这个应该是临时性的。另外三星折叠屏的上手视频......​", "author": "ZEALER中国", "time": "ZEALER中国04月07日09:24 来自微博weibo.com", "transmit": 11, "comment": 271, "zan": 220, "sentiment": [{"positive_prob": 0.350209, "confidence": 0.221758, "negative_prob": 0.649791, "sentiment": 0}]}, {"text": "前两天那家华为店被关了​", "author": "搞机少女", "time": "搞机少女04月07日18:13", "transmit": 88, "comment": 111, "zan": 729, "sentiment": [{"positive_prob": 0.240119, "confidence": 0.466401, "negative_prob": 0.759881, "sentiment": 0}]}, {"text": "为什么近两年来华为和任正非在媒体上的声音突然变得越来越多？​", "author": "程序员新视界", "time": "程序员新视界04月07日20:18 来自微博weibo.com", "transmit": 115, "comment": 237, "zan": 560, "sentiment": [{"positive_prob": 0.181272, "confidence": 0.597173, "negative_prob": 0.818728, "sentiment": 0}]}, {"text": "网传清明节骚操作的华为线下店关门了，这消息看起来的确很解气，但就这图看上去，感觉更像是装修完成，等待开业的时候拍摄的，你们看呢？​", "author": "极客村长", "time": "极客村长04月07日18:38", "transmit": 11, "comment": 68, "zan": 202, "sentiment": [{"positive_prob": 0.105494, "confidence": 0.765569, "negative_prob": 0.894506, "sentiment": 0}]}, {"text": "手机市场新变化。小米撤离，华为进驻～成都高升桥（网友供图）​", "author": "寰亚SYHP", "time": "寰亚SYHP04月07日12:10", "transmit": 21, "comment": 143, "zan": 134, "sentiment": [{"positive_prob": 0.466962, "confidence": 0.339233, "negative_prob": 0.533038, "sentiment": 1}]}, {"text": "20190407唐师曾：《给华为P30Pro开苞》北京康都动物医院刘院长：15101159528孤军深入，诸神附体。自摄自话，一镜到底。关注微信唐师曾实名公众号。转发、留言、打赏……​​​​支持一个人的战地摄影！L唐师曾的微博视频​", "author": "唐师曾", "time": "唐师曾04月07日17:50 来自微博weibo.com", "transmit": 32, "comment": 27, "zan": 155, "sentiment": [{"positive_prob": 0.978582, "confidence": 0.952404, "negative_prob": 0.0214184, "sentiment": 2}]}, {"text": "#华服日#中国华服日来了，以华为名，复兴汉服。​", "author": "少年不打太极", "time": "少年不打太极04月07日20:32 来自iPhoneX", "transmit": 24, "comment": 10, "zan": 86, "sentiment": [{"positive_prob": 0.838436, "confidence": 0.640969, "negative_prob": 0.161564, "sentiment": 2}]}, {"text": "【IMX600或将下放，荣耀20拍照水平将大幅提升】随着市场竞争的加剧，华为集团对荣耀的支援力度会逐渐加大！前一段网传荣耀20配置：荣耀20是水滴屏，仍然使用麒麟980处理器，抛弃了ToF镜头，进而搭载后置三摄，其中标准版主摄仍为IMX586，48MP+20MP+8MP组合，支持3倍光学变焦，前置为32MP。采用第六代屏幕指纹，在充电方面采用了与华为Mate20一样的22.5W快充。同时保留了耳机孔，并配备了独立HiFi芯片。这只是一个“标配版”，荣耀20极有可能打造一款高配版（或者叫做荣耀20pro）将搭载华为Mate20Pro上的同款IMX600，DXO评分达到109。在充电方面达到了40W快充，电池4000mAh。如果IMX600真的下放，则代表着荣耀的拍照水平将仅次于华为，超越一众友商，达到第二的水平。拍照大幅加强，走性价比路线的荣耀，势必会对同样走性价比路线的小米和IQOO造成很大的冲击。拭目以待吧", "author": "宋敬亭", "time": "宋敬亭04月07日08:19 来自HONORAndroid", "transmit": 19, "comment": 169, "zan": 182, "sentiment": [{"positive_prob": 0.910122, "confidence": 0.800272, "negative_prob": 0.0898778, "sentiment": 2}]}, {"text": "华为：糟糕，竟然都被你看穿了，果然是高手。​", "author": "科技星辰君", "time": "科技星辰君04月07日10:17 来自iPhone8Plus", "transmit": 57, "comment": 210, "zan": 824, "sentiment": [{"positive_prob": 0.0485358, "confidence": 0.892142, "negative_prob": 0.951464, "sentiment": 0}]}, {"text": "#对TA说晚安##DigiX未知旅行计划#关于在旅途中的住宿，粉粉们住过哪些特别赞的酒店/民宿呢？转评聊聊，小云将随机抽一位送出华为耳机。​", "author": "华为终端云服务", "time": "华为终端云服务04月07日22:07 来自对TA说晚安超话", "transmit": 216, "comment": 243, "zan": 136, "sentiment": [{"positive_prob": 0.982923, "confidence": 0.962051, "negative_prob": 0.0170771, "sentiment": 2}]}, {"text": "华为誓师大会，口号震天：五年挣它1500亿！L大漠鱼的微博视频​", "author": "大漠鱼", "time": "大漠鱼04月07日18:05 来自iPhone客户端", "transmit": 57, "comment": 55, "zan": 58, "sentiment": [{"positive_prob": 0.572341, "confidence": 0.0496463, "negative_prob": 0.427659, "sentiment": 2}]}, {"text": "原来“华为手机”差一点不叫“华为手机”，如果换个名字，你觉得叫什么好？​", "author": "老c队长", "time": "老c队长04月07日12:27 来自赞就涨停的Android", "transmit": 4, "comment": 102, "zan": 95, "sentiment": [{"positive_prob": 0.112954, "confidence": 0.748991, "negative_prob": 0.887046, "sentiment": 0}]}, {"text": "摸着屁股告诉我，华为的浴霸和苹果的浴霸，哪个好看点​", "author": "极客村长", "time": "极客村长04月07日10:02", "transmit": 11, "comment": 322, "zan": 218, "sentiment": [{"positive_prob": 0.578618, "confidence": 0.0635959, "negative_prob": 0.421382, "sentiment": 2}]}, {"text": "#华为荣耀充电门#《实测！华为荣耀magic2惊爆充电门》华为手机宣称的快速充电，实际为5V，涉嫌虚假宣传！这下看你们怎么解释！@华为终端客服@余承东@荣耀手机@荣耀老熊O实测！华为荣耀magic2惊爆充电门​", "author": "小烦鲜森", "time": "小烦鲜森04月07日11:40 来自微博weibo.com", "transmit": 215, "comment": 429, "zan": 173, "sentiment": [{"positive_prob": 0.277371, "confidence": 0.383621, "negative_prob": 0.722629, "sentiment": 0}]}, {"text": "终于知道买华为增智慧是什么梗了...hhh​", "author": "夢想家陈轶亮", "time": "夢想家陈轶亮04月07日19:40 来自小米9透明尊享版", "transmit": 5, "comment": 196, "zan": 335, "sentiment": [{"positive_prob": 0.374369, "confidence": 0.168068, "negative_prob": 0.625631, "sentiment": 0}]}, {"text": "恶俗营销的华为、苹果手机门店，疑似关闭。自作孽不可活。​", "author": "搞机汇", "time": "搞机汇04月07日18:08", "transmit": 4, "comment": 62, "zan": 127, "sentiment": [{"positive_prob": 0.209872, "confidence": 0.533618, "negative_prob": 0.790128, "sentiment": 0}]}, {"text": "【华为誓师大型现场！任正非喊口号：消费者业务5年要挣1500亿美元】3月29日，华为举行了消费者BG“军团作战”誓师大会，大会上华为\"授权\"消费者业务改革，任正非余承东华为誓师大会齐喊口号：要求三年营收达到1000亿美元，五年营收目标1500亿美元。O网页链接​", "author": "全景网", "time": "全景网04月07日10:16", "transmit": 31, "comment": 36, "zan": 40, "sentiment": [{"positive_prob": 0.252219, "confidence": 0.439514, "negative_prob": 0.747781, "sentiment": 0}]}, {"text": "@金灿荣教授谈美国想整华为非常困难L环球纪录频道的微博视频​", "author": "义勇军--鬼谷子", "time": "义勇军--鬼谷子04月07日15:17 来自微博weibo.com", "transmit": 27, "comment": 17, "zan": 52, "sentiment": [{"positive_prob": 0.537604, "confidence": 0.247912, "negative_prob": 0.462396, "sentiment": 1}]}, {"text": "同是徕卡相机，为什么说华为P30Pro手机才是真徕卡旗舰？拍照最牛是有原因的，一图对比立分高下。​", "author": "中国IT杂谈", "time": "中国IT杂谈04月07日12:11", "transmit": 13, "comment": 65, "zan": 93, "sentiment": [{"positive_prob": 0.581948, "confidence": 0.0709966, "negative_prob": 0.418052, "sentiment": 2}]}]