[{"text": "古墓如何才能看见丽影？今天给你一个新的打开方式！L华为终端官方微博的秒拍视频​​​", "author": "余承东", "time": "余承东04月01日19:58 来自HUAWEIP30Pro", "transmit": 70, "comment": 299, "zan": 1117, "sentiment": [{"positive_prob": 0.225778, "confidence": 0.498271, "negative_prob": 0.774222, "sentiment": 0}]}, {"text": "【#余承东谈华为为何不上市#：不用追求财报数字，用利润投资未来】3月31日，华为消费者业务CEO余承东在中国IT领袖峰会谈到，如果企业没利润支撑，就难有技术投入，而根据任正非的理念，华为不上市的一个原因就是要“投资未来”，把赚取的利润投入到基础研究和远期技术上。@老板联播L老板联播的微博视频", "author": "新浪财经", "time": "新浪财经04月01日08:22 来自专业版微博", "transmit": 65, "comment": 268, "zan": 223, "sentiment": [{"positive_prob": 0.0637422, "confidence": 0.858351, "negative_prob": 0.936258, "sentiment": 0}]}, {"text": "【任正非：超越美国不是梦，何不潇洒走一回？】“超越美国不是梦，何不潇洒走一回呢？”3月30日，华为总裁任正非在第四届持股员工代表会上如此说道。4月1日，华为“心声社区”刊发了任正非的讲话。他表示，华为会继续坚持在主航道上奋斗，并向一切先进学习，努力追赶美国。他认为，华为的目标一定会实现，“我们一定要最先将红旗插上‘上甘岭’。”O任正非：超越美国不是梦何不潇洒走一回？", "author": "新浪财经", "time": "新浪财经04月01日14:54 来自专业版微博", "transmit": 146, "comment": 34, "zan": 378, "sentiment": [{"positive_prob": 0.896618, "confidence": 0.770262, "negative_prob": 0.103382, "sentiment": 2}]}, {"text": "【余承东外媒专访：#华为拍照最好苹果已难竞争#】华为新一代拍照旗舰P30系列在法国巴黎全球首发后，凭借徕卡四摄引发业内热议。近日华为余承东接受采访时表示：华为手机拍照已经是业界最好，这是我们的自信。苹果目前缺乏产品硬件创新，他们在硬件方面已经难与我们竞争。O余承东外媒专访华为拍照最好苹果已难与我们竞争​", "author": "新浪新闻", "time": "新浪新闻04月01日12:54 来自专业版微博平台", "transmit": 22, "comment": 212, "zan": 188, "sentiment": [{"positive_prob": 0.871932, "confidence": 0.715404, "negative_prob": 0.128068, "sentiment": 2}]}, {"text": "干了一件无聊的事儿图一索尼XZ2P4KRGBW排列LCD；图一魅族Note91080PRGB排列LCD；图三华为Mate201080PRGBRGW排列LCD；图四三星S10+2K钻石排列OLED；图五iPhoneXSMAX1080P+钻石排列OLED；图六小米91080P钻石排列OLED；图七华为Mate20PRO2K周冬雨排列OLED；图八华为P30PRO1080P周冬雨排列OLED。", "author": "请不要叫我测评君", "time": "请不要叫我测评君04月01日00:38 来自HUAWEIP30Pro", "transmit": 59, "comment": 120, "zan": 161, "sentiment": [{"positive_prob": 0.0222587, "confidence": 0.950536, "negative_prob": 0.977741, "sentiment": 0}]}, {"text": "#华为P30#昨天的夜与美食，不想说什么了，都在照片里​", "author": "欧阳潼舢", "time": "欧阳潼舢04月01日17:43", "transmit": 46, "comment": 136, "zan": 108, "sentiment": [{"positive_prob": 0.563163, "confidence": 0.0292509, "negative_prob": 0.436837, "sentiment": 2}]}, {"text": "黑华为屏幕褶皱的工读生真的要嚎哭了。。。爸爸亲自打脸。​", "author": "科技白平衡", "time": "科技白平衡04月01日12:20 来自HUAWEIP10", "transmit": 31, "comment": 261, "zan": 613, "sentiment": [{"positive_prob": 0.479848, "confidence": 0.596962, "negative_prob": 0.520152, "sentiment": 1}]}, {"text": "华为把NFC做成车钥匙，小米却把NFC做成公交卡……（两者消费群体果真不一般……​", "author": "小表哥PRO", "time": "小表哥PRO04月01日22:57 来自小米9", "transmit": 50, "comment": 443, "zan": 882, "sentiment": [{"positive_prob": 0.084804, "confidence": 0.811547, "negative_prob": 0.915196, "sentiment": 0}]}, {"text": "华为总裁：“超越美国不是梦，何不潇洒走一回呢？”⋯⋯支持！🙏🙏​", "author": "wu2198", "time": "wu219804月01日16:41", "transmit": 22, "comment": 98, "zan": 4155, "sentiment": [{"positive_prob": 0.8522, "confidence": 0.671556, "negative_prob": 0.1478, "sentiment": 2}]}, {"text": "近期，中方连续叫停加拿大油菜籽进口，使加拿大上下一片哗然。加拿大是世界上最大的油菜籽出口国，油菜籽是加拿大对华第二大出口产品和第一大出口农产品，每年为加拿大经济创造260亿加元的产值，4.5万就业岗位和112亿加元的工资。加拿大媒体故意把油菜籽被叫停与华为孟晚舟事件联系起来，认为这是中方的报复，把责任推给中国。中方在加拿大进口的油菜籽中发现检疫性有害生物的情况，并提供了详细资料，中方采取的措施是正常的检疫安全防范，科学合理，既符合中国相关法律法规，也符合国际惯例。为保护我国农业生产和生态安全，加强对加拿大进口油菜籽以及更多农产品的检疫非常必要。", "author": "国防大学梁芳", "time": "国防大学梁芳04月01日07:39 来自HUAWEIMate20Pro", "transmit": 129, "comment": 95, "zan": 234, "sentiment": [{"positive_prob": 0.991268, "confidence": 0.980594, "negative_prob": 0.00873251, "sentiment": 2}]}, {"text": "三星S10+和华为P20Pro在打架，#华为P30#抽了S10+一巴掌。徕卡Q2、尼康D5来帮忙，但终究没有打过P30。最后GoPro和InstaOneX亮了....L新浪手机的秒拍视频​", "author": "新浪手机", "time": "新浪手机04月01日11:29 来自秒拍网页版", "transmit": 96, "comment": 151, "zan": 180, "sentiment": [{"positive_prob": 0.553248, "confidence": 0.00721693, "negative_prob": 0.446752, "sentiment": 2}]}, {"text": "【分期平台买新手机卡槽自带电话卡？】小梅通过一个叫“来分期”的平台，买了一部新的华为手机。到手一看，小梅发现这部“新”手机还给了一些额外的“惊喜”，卡槽里竟然自带了一张已经注册过的电信卡。L1818黄金眼的酷燃视频​", "author": "1818黄金眼", "time": "1818黄金眼04月01日20:16 来自酷燃视频", "transmit": 13, "comment": 216, "zan": 151, "sentiment": [{"positive_prob": 0.922305, "confidence": 0.827344, "negative_prob": 0.077695, "sentiment": 2}]}, {"text": "余承东认为苹果很难在硬件方面与华为竞争，所以进军服务行业。苹果的最大优势依然是IOS系统和苹果生态，硬件上的确近几年已经被安卓机超越了。无论是IP68防水，还是拍摄，还是屏幕指纹，还是快充，安卓机器都更胜一筹。但是苹果的A12处理器以及faceid人脸识别还是领先安卓的，这个用过就知道。余承东表示华为P30pro为何不上4K视频录制以及自拍自动对焦，从用户体验角度来说的确是这样，自拍距离都很近，自动对焦用处不是太大，4K视频录制也特别占内存，在手机这种小屏幕上看不出太大区别，而且会导致手机空间不足，我试了一下录制4K视频1分钟大约是300MB，录制1080P的是150MB，大了一倍。我平时录制视频用720P和1080P都够用了。4K很少用。不过话说回来，功能好用不好用是一回事，有和没有是另一回事，就好像屏幕指纹，安卓机器有，苹果没有，你可以说有了faceid都不需要屏幕指纹了，但是没有就是会被喷的，无线充电功能，屏幕指纹功能，3Dtouch功能都是如此，不同用户有不同的需求。", "author": "科技圣斗士", "time": "科技圣斗士04月01日15:29 来自微博weibo.com", "transmit": 11, "comment": 60, "zan": 846, "sentiment": [{"positive_prob": 0.578122, "confidence": 0.0624936, "negative_prob": 0.421878, "sentiment": 2}]}, {"text": "跟国内某龙头汽车企业董秘交流完，对MadeinChina更加自豪了。动力技术和智能技术在突飞猛进，内饰改善了不少，之前一直被诟病的外观也请了国际一流团队(LaFerrari)参与设计，最快2020年就能看到新款上一个台阶的车型。相信未来走出中国的不止有华为手机，美的空调，还有中国汽车💪🏻​", "author": "riverchan陈溥江", "time": "riverchan陈溥江04月01日15:21", "transmit": 20, "comment": 340, "zan": 2927, "sentiment": [{"positive_prob": 0.980455, "confidence": 0.956567, "negative_prob": 0.0195448, "sentiment": 2}]}, {"text": "新西兰总理阿德恩（JacindaArdern）周一（1日）表示，一些媒体称华为在新西兰被禁的报道是不真实的。L微丢的秒拍视频​", "author": "观察者网", "time": "观察者网04月01日19:10 来自微博weibo.com", "transmit": 63, "comment": 77, "zan": 122, "sentiment": [{"positive_prob": 0.479798, "confidence": 0.595966, "negative_prob": 0.520202, "sentiment": 1}]}, {"text": "【余承东:华为可以\"缩短手机下巴\"但我们选择不这样做】余承东在接受外媒采访时谈到了P30系列手机的“下巴”问题，他表示华为可以将下巴做短，但是从“防误触”的角度考虑，保留一定空间能让用户更好的使用设备。相比下巴，余承东认为缩窄屏幕侧面边框更重要。#余承东谈手机下巴#O余承东:华为可以\"缩短手机下巴\"但我们选择不这样做", "author": "新浪手机", "time": "新浪手机04月01日11:02 来自微博weibo.com", "transmit": 37, "comment": 277, "zan": 340, "sentiment": [{"positive_prob": 0.596219, "confidence": 0.10271, "negative_prob": 0.40378, "sentiment": 2}]}, {"text": "任正非谢谢川普的压力O网页链接​", "author": "义勇军--鬼谷子", "time": "义勇军--鬼谷子04月01日23:32 来自微博weibo.com", "transmit": 50, "comment": 48, "zan": 294, "sentiment": [{"positive_prob": 0.830407, "confidence": 0.623127, "negative_prob": 0.169593, "sentiment": 2}]}, {"text": "今天有能力的给持仓做踢，没有能力的持股待涨，，但是坚决不能追高建仓。我比较喜欢5G等科技和地产类，华为产业链，潜伏的可以看看华为产业链，恒大回归，区块链等题材。今天大盘涨停板会不少，但是今天不会普涨了。不要幻想买在最低卖在最高。做一个成熟的股民，盈利就是王道。​", "author": "散户小韭菜", "time": "散户小韭菜04月01日08:39", "transmit": 76, "comment": 107, "zan": 606, "sentiment": [{"positive_prob": 0.545667, "confidence": 0.0866627, "negative_prob": 0.454333, "sentiment": 1}]}, {"text": "昨天有媒体采访华为不上市的问题，我非常同意，不上市，在华为困难时，可以顶住压力，加大在3G的投资，抓住了一个发展机会。如果这是上市公司，那是不可能想象的。在今天华为发展很好的阶段，每年千亿的资金用于研发，上市公司也不可能，如果把研发资金砍一半，华为的业务还会正常开展，但是利润会增加500亿，对于股民来说，今天就增加500亿利润，还是为未来投500亿研发，当然股民是要今天的利润。所以苹果越来越不可能创新，苹果和未来和库克有什么关系？今天苹果的利润受影响，他马上就可能卷铺盖走人，为明天打基础，打了基础影响了利润，他可能就拿不到奖金，就可能位置不保，当然不能看得更长远，更不能冒风险。所以他第一招轻奢，就是用涨价来拉高收入，形成利润，事实证明是失败了。现在就要用服务来割韭菜，你永远别指望库克冒险来做创新了。记者问，不上市这不是不透明吗？我说那上市怎么就透明？记者说，上市得公开财报。我说，华为不才发布了由独立会计师事务所审计的财报吗？上市公司做的那些，华为都做了，只是有些人就想说你不透明，这是永远没有办法的。", "author": "飞象网项立刚", "time": "飞象网项立刚04月01日14:35 来自360安全浏览器", "transmit": 134, "comment": 118, "zan": 294, "sentiment": [{"positive_prob": 0.020959, "confidence": 0.953425, "negative_prob": 0.979041, "sentiment": 0}]}, {"text": "华为P30Pro打脸……L左耳朵耗子的秒拍视频​", "author": "左耳朵耗子", "time": "左耳朵耗子04月01日08:49 来自iPhone客户端", "transmit": 84, "comment": 49, "zan": 110, "sentiment": [{"positive_prob": 0.418566, "confidence": 0.0698521, "negative_prob": 0.581433, "sentiment": 0}]}, {"text": "聊个真实的事情，前几天我妈要我帮她朋友推荐个2000内手机，本着省钱的目的给推荐的红米Note7Pro，我都差点直接去实体店下单了，结果后面我妈问我是不是华为的手机好用点。，我放弃了，后面直接买了荣耀系列。万一推荐的红米Note7不好用的话，我百口莫辩，毕竟不是给自己家里人买的。在品牌认可度上，小米差华为太多了啊。也许是我妈之前用的华为荣耀手机给她留下太好的印象了吧，或者也是产品方面的原因吧。L科技Milk的微博视频", "author": "科技Milk", "time": "科技Milk04月01日16:01 来自微博视频", "transmit": 15, "comment": 118, "zan": 951, "sentiment": [{"positive_prob": 0.199978, "confidence": 0.555604, "negative_prob": 0.800022, "sentiment": 0}]}, {"text": "在黛螺顶的后山发现的一片极品星空！@微博佛学@字语坊@华为终端云服务#微博佛学禅游记#​​​​​​2忻州·黛螺顶​", "author": "PapaJames", "time": "PapaJames04月01日06:55 来自公爵的iPhoneXR", "transmit": 144, "comment": 68, "zan": 425, "sentiment": [{"positive_prob": 0.686698, "confidence": 0.303772, "negative_prob": 0.313302, "sentiment": 2}]}, {"text": "个人还是比较看好华为的十倍变焦摄像手机！买入2成亮晶晶，龙盛1成，送转2成，燃料电池次新2成。今天总仓位加到了7成。​", "author": "城城AI", "time": "城城AI04月01日11:16 来自微博weibo.com", "transmit": 13, "comment": 184, "zan": 459, "sentiment": [{"positive_prob": 0.595854, "confidence": 0.101898, "negative_prob": 0.404146, "sentiment": 2}]}, {"text": "神秘古墓为何传来打斗之声？欢迎收看#华为P30#系列之《古墓看到丽影》↓L华为终端官方微博的秒拍视频​", "author": "华为终端官方微博", "time": "华为终端官方微博04月01日11:01 来自秒拍网页版", "transmit": 54, "comment": 111, "zan": 466, "sentiment": [{"positive_prob": 0.682882, "confidence": 0.295294, "negative_prob": 0.317118, "sentiment": 2}]}, {"text": "陈星旭🌟#陈星旭李承鄞#华为的姐妹们，不换上星旭同款手机壁纸吗@陈星旭--CHEN先生华为壁纸叫作苍茫天空，华为手机可以直接搜索🔎​", "author": "哎呦我就随便看看呗", "time": "哎呦我就随便看看呗04月01日23:45 来自陈星旭超话", "transmit": 11, "comment": 208, "zan": 193, "sentiment": [{"positive_prob": 0.840158, "confidence": 0.644795, "negative_prob": 0.159842, "sentiment": 2}]}, {"text": "别眨眼，新色驾到！戳视频，戴上TA#只管去跑#～全新#华为WatchGT#，你更喜欢哪个颜色?L华为终端官方微博的秒拍视频​", "author": "华为终端官方微博", "time": "华为终端官方微博04月01日15:00", "transmit": 30, "comment": 109, "zan": 382, "sentiment": [{"positive_prob": 0.889557, "confidence": 0.754572, "negative_prob": 0.110443, "sentiment": 2}]}, {"text": "#UnboxTherapy#华为P30Pro是华为最新的P系列旗舰机型，配置了4颗后置摄像头，最高达到50倍的数字变焦。另外还有P30版本，价格相对便宜，当然也在配置上有所不同。一起来看看这台拍照怪兽！LUnboxTherapy的秒拍视频​", "author": "UnboxTherapy", "time": "UnboxTherapy04月01日14:28 来自微博weibo.com", "transmit": 28, "comment": 31, "zan": 131, "sentiment": [{"positive_prob": 0.970059, "confidence": 0.933465, "negative_prob": 0.0299407, "sentiment": 2}]}, {"text": "网友翻出余承东当年的微博，原来荣耀学小米、华为学OPPO是真的！作者：惊叹数码​", "author": "EC品牌观察", "time": "EC品牌观察04月01日20:35 来自微博weibo.com", "transmit": 92, "comment": 119, "zan": 242, "sentiment": [{"positive_prob": 0.645274, "confidence": 0.21172, "negative_prob": 0.354726, "sentiment": 2}]}, {"text": "#华为P30#系列延续了P系列美学基因，同时在这个基础上进行了创新，设计更时尚。手机外观不仅是艺术问题，还是一个研发问题，涉及ID设计、色彩选定、材质选择、工艺应用等多个模块；我们一直有一个专职团队，在这方面不断投入、打磨，希望给消费者带来更好的体验。L华为手机的秒拍视频​", "author": "华为何刚", "time": "华为何刚04月01日18:38 来自HUAWEIP30Pro", "transmit": 17, "comment": 64, "zan": 178, "sentiment": [{"positive_prob": 0.97796, "confidence": 0.951021, "negative_prob": 0.0220405, "sentiment": 2}]}, {"text": "【余承东谈华为为何不上市：不用追求财报数字，用利润投资未来】3月31日，华为消费者业务CEO余承东在中国IT领袖峰会谈到，如果企业没利润支撑，就难有技术投入，而根据任正非的理念，华为不上市的一个原因就是要“投资未来”，把赚取的利润投入到基础研究和远期技术上。L老板联播的微博视频​", "author": "微博股票", "time": "微博股票04月01日14:22 来自微博weibo.com", "transmit": 58, "comment": 18, "zan": 44, "sentiment": [{"positive_prob": 0.0374534, "confidence": 0.91677, "negative_prob": 0.962547, "sentiment": 0}]}]