[{"text": "【最低档资费325元，#韩国全球首推商用5G#，市民直呼用不起】4月3日，韩国三大运营商SK、KT和LGUplus召开5G服务启动仪式，宣布将于4月5日（周五）正式推出5G商用服务，EXO成员也参加了活动。韩国将成为全球第一个实现5G商用落地的国家，三家公司5G服务最低起步价均为每月55000韩元（约325元）L新京报我们视频的秒拍视频", "author": "头条新闻", "time": "头条新闻04月05日09:45 来自微博weibo.com", "transmit": 387, "comment": 664, "zan": 1193, "sentiment": [{"positive_prob": 0.95328, "confidence": 0.896177, "negative_prob": 0.0467203, "sentiment": 2}]}, {"text": "【#华为停止一般性岗位社招#】3日，华为心声社区刊登任正非在消费者BG“军团作战”誓师大会上的讲话，任正非称，华为正处于战略结构调整期，要把重心放在新业务上，已发文停止对一般性岗位的社招，谁偷偷社招，要处分、问责。这样一是为了避免其他部门过度裁员，二是避免去外面过度招新人。O网页链接", "author": "头条新闻", "time": "头条新闻04月05日12:18 来自微博weibo.com", "transmit": 275, "comment": 436, "zan": 415, "sentiment": [{"positive_prob": 0.0348257, "confidence": 0.92261, "negative_prob": 0.965174, "sentiment": 0}]}, {"text": "【求职必知！找工作前你该了解的10个关键词】①就业推荐表：经学校相关部门审核盖章的正式推荐材料，每人只有1份；②三方协议：毕业生、用人单位和学校各持1份，学校据此派遣；③报到证：毕业生转移档案和户口关系的凭证…​​​​秋招进行时，戳图了解↓↓转给正在求职的小伙伴！​#华为停止一般性岗位社招#", "author": "广东共青团", "time": "广东共青团04月05日10:10", "transmit": 343, "comment": 49, "zan": 347, "sentiment": [{"positive_prob": 0.568564, "confidence": 0.0412526, "negative_prob": 0.431436, "sentiment": 2}]}, {"text": "【雷军：公司管理还在探索阶段手机定价不会对标华为】4月4日下午3时，小米集团董事长雷军在清华大学发表了主题演讲，雷军在演讲中表示，移动互联网是传统互联网10倍以上规模，智能语音交互设备会成为下一代超级互联网最好的入口。小米需要建30岁以内年轻人在企业快速成长的通道。“更好的管理就是不管理，核心是找一帮优秀的人，什么样的人不需要管理？要有强大责任心、强大的自我驱动力，强大的梦想和抱负，心甘情愿每天12点下班，不用老板看着。”O雷军：公司管理还在探索阶段手机定价不会对标华为", "author": "新浪财经", "time": "新浪财经04月05日22:04 来自微博weibo.com", "transmit": 303, "comment": 241, "zan": 442, "sentiment": [{"positive_prob": 0.799314, "confidence": 0.554031, "negative_prob": 0.200686, "sentiment": 2}]}, {"text": "Beautifuldaysll难得在咖啡店窝几个小时，强行让自己Relax，整个人就很懒散！助理顺手咔了几张，意外感觉高级！今天感觉一切都那么舒胡，大概是换了新的手机壳哈哈？OtterBox的壳超级防摔，华为也有专属定制.#开春look#@微博时尚2成都·大慈寺​", "author": "时尚怪咖喵喵Miny", "time": "时尚怪咖喵喵Miny04月05日20:42 来自老妖怪的iPhoneXS", "transmit": 297, "comment": 1053, "zan": 1756, "sentiment": [{"positive_prob": 0.981588, "confidence": 0.959085, "negative_prob": 0.0184117, "sentiment": 2}]}, {"text": "【华为停止一般性岗位的社招】任正非表示，公司（华为）已经发文停止对一般性岗位的社招，谁偷偷社招，要处分、问责。这样做，一是避免其他部门过度裁员，二是避免去外面过度招新人。据了解，这是任正非首次承认华为停止一般性岗位社招。O任正非内部讲话首次承认华为停止一般性岗位社招​​​", "author": "Vista看天下", "time": "Vista看天下04月05日09:46 来自iPhone客户端", "transmit": 31, "comment": 55, "zan": 148, "sentiment": [{"positive_prob": 0.0175305, "confidence": 0.961043, "negative_prob": 0.98247, "sentiment": 0}]}, {"text": "【#华为停止一般性社招岗位#：谁偷偷社招要处分】任正非表示，公司（华为）已经发文停止对一般性岗位的社招，谁偷偷社招，要处分、问责。这样做，一是避免其他部门过度裁员，二是避免去外面过度招新人。据了解，这是任正非首次承认华为停止一般性岗位社招。O任正非内部讲话首次承认华为停止一般性岗位社招​", "author": "新浪财经", "time": "新浪财经04月05日07:37 来自微博weibo.com", "transmit": 156, "comment": 178, "zan": 257, "sentiment": [{"positive_prob": 0.0237015, "confidence": 0.94733, "negative_prob": 0.976299, "sentiment": 0}]}, {"text": "【#华为停止一般性社招岗位#：谁偷偷社招要处分】华为心声社区刊登任正非在消费者BG“军团作战”誓师大会上的讲话，任正非称，公司（华为）已经发文停止对一般性岗位的社招，谁偷偷社招，要处分、问责。这样做，一是避免其他部门过度裁员，二是避免去外面过度招新人。O华为已停止一般性社招岗位：谁偷偷社招要处分​", "author": "新浪新闻", "time": "新浪新闻04月05日07:30 来自专业版微博平台", "transmit": 16, "comment": 43, "zan": 195, "sentiment": [{"positive_prob": 0.0276077, "confidence": 0.93865, "negative_prob": 0.972392, "sentiment": 0}]}, {"text": "【#华为停止一般性社招岗位#：谁偷偷社招，要处分】华为心声社区刊登任正非在消费者BG“军团作战”誓师大会上的讲话，任正非称，公司（华为）已经发文停止对一般性岗位的社招，谁偷偷社招，要处分、问责。这样做，一是避免其他部门过度裁员，二是避免去外面过度招新人。O网页链接​", "author": "新浪科技", "time": "新浪科技04月05日14:45 来自微博weibo.com", "transmit": 87, "comment": 195, "zan": 96, "sentiment": [{"positive_prob": 0.029638, "confidence": 0.934138, "negative_prob": 0.970362, "sentiment": 0}]}, {"text": "【任正非承认#华为停止一般性岗位社招#：为避免过度裁员和过度招新】4月3日，华为心声社区刊登任正非在消费者BG“军团作战”誓师大会上的讲话，任正非称，公司（华为）已经发文停止对一般性岗位的社招，谁偷偷社招，要处分、问责。这样做，一是避免其他部门过度裁员，二是避免去外面过度招新人。（来源：老板联播）O网页链接", "author": "每日经济新闻", "time": "每日经济新闻04月05日10:11 来自微博weibo.com", "transmit": 42, "comment": 51, "zan": 126, "sentiment": [{"positive_prob": 0.0454897, "confidence": 0.898912, "negative_prob": 0.95451, "sentiment": 0}]}, {"text": "白是黑的光，黑是白的影。#华为WatchGT#雅致款，点赞看到你的喜欢​​​​", "author": "华为终端官方微博", "time": "华为终端官方微博04月05日11:08 来自微博weibo.com", "transmit": 48, "comment": 148, "zan": 1373, "sentiment": [{"positive_prob": 0.94553, "confidence": 0.878955, "negative_prob": 0.0544702, "sentiment": 2}]}, {"text": "【最低档资费325元，#韩国全球首推商用5G#，市民直呼用不起】4月3日，韩国三大运营商SK、KT和LGUplus召开5G服务启动仪式，宣布将于4月5日（周五）正式推出5G商用服务，EXO成员也参加了活动。韩国将成为全球第一个实现5G商用落地的国家，三家公司5G服务最低起步价均为每月55000韩元（约325元）L新京报我们视频的秒拍视频", "author": "新浪新闻客户端", "time": "新浪新闻客户端04月05日10:32 来自专业版微博平台", "transmit": 16, "comment": 49, "zan": 102, "sentiment": [{"positive_prob": 0.95328, "confidence": 0.896177, "negative_prob": 0.0467203, "sentiment": 2}]}, {"text": "【中国人最向往的公司：BAT相差太多华为排名出乎意料】2018年中国职场人最向往的公司是哪家？25家企业上榜！互联网科技公司超过一半，超过10家是中国本土公司。位列前10名的公司分别是：阿里巴巴集团、百度、头条、复星、NIO蔚来、特斯拉、滴滴、亚马逊、华为、美团点评。O中国人最向往的公司：BAT相差太多华为排名出乎意料​", "author": "新浪财经", "time": "新浪财经04月05日15:25 来自微博weibo.com", "transmit": 67, "comment": 55, "zan": 114, "sentiment": [{"positive_prob": 0.932634, "confidence": 0.850299, "negative_prob": 0.0673656, "sentiment": 2}]}, {"text": "#华为参与韩国5G网络建设#【华为帮忙，韩国全球率先推出5G服务！只落后1小时的美国人“吃醋”了】韩国三大通讯商KT、SK电信和LGUplus原本打算在4月5日推出5G手机网络。不过因为得到了美国威瑞森电信（Verizon）即将“抢跑”的消息，3日晚上11点，SK电信和KT同时宣布开通5G手机网络服务。与美国的很多盟友不同，韩国从一开始就欢迎华为参与该国的5G网络建设。难怪有媒体打趣地说，“韩国拿下这个全球首发，除了感谢明星艺人以外，是不是要谢一下华为？”O华为帮忙，韩国全球率先推出5G服务！只落后1小时的美国人“吃醋”了", "author": "每日经济新闻", "time": "每日经济新闻04月05日13:55 来自搜狗高速浏览器", "transmit": 26, "comment": 41, "zan": 117, "sentiment": [{"positive_prob": 0.947481, "confidence": 0.883291, "negative_prob": 0.0525192, "sentiment": 2}]}, {"text": "华为誓师，任正非带头喊口号：中国铁军，王者之师，势不可挡！胜利！胜利！胜利！O网页链接​", "author": "戴旭", "time": "戴旭04月05日12:05 来自HUAWEIMate10Pro", "transmit": 327, "comment": 18, "zan": 543, "sentiment": [{"positive_prob": 0.665662, "confidence": 0.257028, "negative_prob": 0.334338, "sentiment": 2}]}, {"text": "本来一条三星手机的质量维权微博，挺正常的，任何手机都有问题，结果看了下原博，前几天刚买的小米有问题，昨天三星又有问题了，怎么就这么巧呢？仔细想想，华为不是最喜欢派海军搞三星小米吗？所以特地去评论区看看，不看不知道，一看吓一跳，评论区果然出现了那几个专业黑小米三星的华为海军！！！好了，不用猜了，又是这个恶心的企业做的恶心的事情，下条微博我会把这几个人的微博主页挂出来，大家看看这几个恶臭海军的嘴脸，也看看一个500强企业做的肮脏事", "author": "海海海海军001", "time": "海海海海军00104月05日17:06 来自小米MIX2全面屏手机", "transmit": 70, "comment": 132, "zan": 105, "sentiment": [{"positive_prob": 0.00740176, "confidence": 0.983552, "negative_prob": 0.992598, "sentiment": 0}]}, {"text": "易烊千玺#易烊千玺世间少年当如你##优益C品牌代言人易烊千玺#“所以当易烊千玺跟你说，＇我未来未必要走演艺圈这条路＇的时候，确实很震惊”“我觉得他是一个非常好的被访者”今天也要开心哦@TFBOYS-易烊千玺易烊千玺中戏，易烊千玺中戏第一，四字弟弟，易烊千玺nova，易烊千玺华为，易烊千玺野兽派，易烊千玺阿迪，易烊千玺天猫，易烊千玺好爸爸，易烊千玺沙宣，易烊千玺BottegaVeneta易烊千玺康师傅绿茶易烊千玺百草味易烊千玺优益C易烊千玺这就是街舞2yyqx帅yyqx可爱yyqx中戏yyqx中戏第一yyqx纪梵希yyqx天猫yyqx华为yyqx新歌yyqx舒适圈yyqx舞蹈yyqx短发yyqx发型yyqx少年的你yyqx优益Cyyqx康师傅绿茶yyqx百草味yyqx这就是街舞2K恒温动物K亲爱的，这里没有一个人L我要戳出梨涡来的微博视频", "author": "我要戳出梨涡来", "time": "我要戳出梨涡来04月05日07:08 来自易烊千玺超话", "transmit": 49, "comment": 66, "zan": 371, "sentiment": [{"positive_prob": 0.971877, "confidence": 0.937505, "negative_prob": 0.0281229, "sentiment": 2}]}, {"text": "【任正非内部讲话承认华为暂停一般性社招谁偷偷社招要处分】任正非一不小心就说了实话。任正非表示公司（华为）已经发文停止对一般性岗位的社招，谁偷偷社招，要处分、问责。这样做，一是避免其他部门过度裁员，二是避免去外面过度招新人。据了解，这是任正非首次承认华为停止一般性岗位社招。#华为停止一般性岗位社招#O任正非内部讲话承认华为暂停一般性社招谁偷偷社招要处分", "author": "凤凰网财经", "time": "凤凰网财经04月05日13:51", "transmit": 40, "comment": 36, "zan": 93, "sentiment": [{"positive_prob": 0.0146385, "confidence": 0.96747, "negative_prob": 0.985362, "sentiment": 0}]}, {"text": "【转评抽送价值200元的名家画册×2】在这个春日，#华为主题#独家首发“华夏记忆-中国美术馆主题”，用工笔写意，水墨油彩，传承经典提升格调，将传世国宝搬进手机里，赋予名家巨作新的生命力。让你的手机变身国风潮牌的秘诀就藏在画卷里哦~​", "author": "华为开发者联盟", "time": "华为开发者联盟04月05日18:00 来自微博weibo.com", "transmit": 285, "comment": 238, "zan": 168, "sentiment": [{"positive_prob": 0.989028, "confidence": 0.975619, "negative_prob": 0.0109717, "sentiment": 2}]}, {"text": "你们有没有发现一件事，以前华为的手机丑，现在却做的越来越漂亮、时尚、有档次，目前甚至可以说是中国做的最漂亮兼具档次的手机。华为是怎么做到的？​", "author": "C科技", "time": "C科技04月05日21:28 来自三星GalaxyS10+", "transmit": 17, "comment": 482, "zan": 489, "sentiment": [{"positive_prob": 0.549955, "confidence": 0.000892877, "negative_prob": 0.450045, "sentiment": 1}]}, {"text": "【#华为停止一般性岗位社招#】3日，华为心声社区刊登任正非在消费者BG“军团作战”誓师大会上的讲话，任正非称，华为正处于战略结构调整期，要把重心放在新业务上，已发文停止对一般性岗位的社招，谁偷偷社招，要处分、问责。这样一是为了避免其他部门过度裁员，二是避免去外面过度招新人。O网页链接", "author": "证券时报网", "time": "证券时报网04月05日14:16 来自微博weibo.com", "transmit": 49, "comment": 62, "zan": 380, "sentiment": [{"positive_prob": 0.0348257, "confidence": 0.92261, "negative_prob": 0.965174, "sentiment": 0}]}, {"text": "樱花雪月，落樱缤纷，这个四月#华为Mate20#Pro与你邂逅一场美轮美奂的浪漫。清明踏青你准备去哪儿呀~​", "author": "华为终端公司", "time": "华为终端公司04月05日11:54 来自HUAWEIP30", "transmit": 22, "comment": 42, "zan": 215, "sentiment": [{"positive_prob": 0.932829, "confidence": 0.850731, "negative_prob": 0.067171, "sentiment": 2}]}, {"text": "戴旭：美國圍堵華為華行為彻底失败　　香港中通社4月3日電：美國圍堵華為行動徹底失敗　　香港中通社記者　田靜　　新西蘭總理阿德恩近日在接受中國中央電視台專訪時，重申新西蘭並沒有禁用華為5G，也不會因美國方面的影響而改變國家政策。阿德恩的表態，被視爲美國利用“五眼聯盟“圍堵中國華為的佈局徹底破功。　　在拉攏盟友打壓華為的行動受挫後，美國認清現實，立即制定政策積極應對未來有可能到來的“華為時代”。據《華盛頓郵報》4月1日報道，美國已經開始考慮如何在華為主導5G網絡的世界裡保證網絡安全。美國國家情報副主任蘇·戈登表示：“在5G世界，多樣化的網路中包括我們無法信任的技術，我們必須找到美國能夠管控相關風險的方式。美國只需找到這種方式。”　　報道稱，美國官員認識到，很多國家已經在使用低成本的華為設備。為此，美國已經開始討論採取加密、分段化網路元件以及設置更高安全標準等手段保護關鍵系統。　　對此，美國《福布斯》雜誌網站4月2日評論說，這一行動說明美國對華為的戰爭已經失敗。　　中國著名軍事專家戴旭3日接受香港中通社記者訪問時說：“華為研發對於人類文明和世界科技發展有重大意義的5G技術，已經處於遙遙領先的地位。這本來是造福各國包括美國和‘五眼聯盟’的大好事，但出於不可告人的目的，他們居然做出聯合圍堵抵制華為的行動，其結果只有失敗一途。事實也證明，現在不僅歐洲完全不理睬美國的威脅，連‘五眼聯盟’的新西蘭也在向中國解釋了”。　　戴旭表示：“美國對華為5G技術的恐懼，一是因為華為在電信的某一個領域全面超越了美國企業，二是那些使用華為設備的國家，美國無法再監聽了。美國用不安全為理由嚇唬別的國家，原因在此。”　　戴旭表示，美國圍堵華為的失敗和五眼聯盟的破裂，是特朗普和美國鷹派集團秉持冷戰思維，奉行與中國為敵政策的失敗，是一種歷史的必然。希望特朗普和美國鷹派集團能從這次失敗中汲取教訓，改弦更張。“中國那麼多領域落後美國和歐洲，中國採取的是努力學習和工作。美國現在在5G方面有差距，也完全可以通過正當的方式來追趕。”", "author": "戴旭", "time": "戴旭04月05日10:52 来自HUAWEIMate10Pro", "transmit": 226, "comment": 8, "zan": 343, "sentiment": [{"positive_prob": 0.893958, "confidence": 0.764352, "negative_prob": 0.106042, "sentiment": 2}]}, {"text": "华为夜景拍摄​", "author": "孤烟暮蝉", "time": "孤烟暮蝉04月05日20:36 来自HUAWEIMate20Pro", "transmit": 12, "comment": 61, "zan": 269, "sentiment": [{"positive_prob": 0.669362, "confidence": 0.26525, "negative_prob": 0.330638, "sentiment": 2}]}, {"text": "春暖四月，阳光三里，正是出游的好时节，开启华为手机微距模式，发现不一样的春意。​", "author": "华为手机", "time": "华为手机04月05日12:00 来自HUAWEIP30Pro", "transmit": 29, "comment": 130, "zan": 584, "sentiment": [{"positive_prob": 0.879916, "confidence": 0.733147, "negative_prob": 0.120084, "sentiment": 2}]}, {"text": "华为誓师大会，做人当如任正非！希望中国股市未来三年也能节节胜利！✌L熊市猎人的微博视频​", "author": "熊市猎人", "time": "熊市猎人04月05日14:32 来自iPhone7Plus", "transmit": 96, "comment": 58, "zan": 307, "sentiment": [{"positive_prob": 0.575637, "confidence": 0.0569712, "negative_prob": 0.424363, "sentiment": 2}]}, {"text": "华为手机近期提供的屏保图片，两张南京的照片美得惊艳！2南京·南京眼​", "author": "东风永健", "time": "东风永健04月05日07:33 来自HUAWEIMate20Pro", "transmit": 37, "comment": 79, "zan": 602, "sentiment": [{"positive_prob": 0.934629, "confidence": 0.85473, "negative_prob": 0.0653712, "sentiment": 2}]}, {"text": "春暖花开之际，HUAWEIDeveloperDay与你相遇西安！华为技术专家及行业大咖，现场解析AI/云/AR/VR/5G/快应用等前沿技术、分享实用技术案例，聆听开发者需求，为你答疑解惑。4月18日下午（周四），西安香格里拉，来面基吗O网页链接​", "author": "华为中国", "time": "华为中国04月05日15:46 来自微博HTML5版", "transmit": 174, "comment": 56, "zan": 226, "sentiment": [{"positive_prob": 0.960639, "confidence": 0.912531, "negative_prob": 0.0393608, "sentiment": 2}]}, {"text": "#对TA说晚安#既想谈恋爱又想一个人呆着，既知道熬夜有害又总是在凌晨才肯放下手机。现如今，你是如何扮演一名合格的矛盾青年？转评聊聊，小云将随机抽一位送出华为耳机。​", "author": "华为终端云服务", "time": "华为终端云服务04月05日22:06 来自对TA说晚安超话", "transmit": 247, "comment": 282, "zan": 161, "sentiment": [{"positive_prob": 0.656395, "confidence": 0.236434, "negative_prob": 0.343605, "sentiment": 2}]}, {"text": "参考@艾德余的Model3走线视频，如法炮制，顺便把行车记录仪也装上了，另外还手工改造了一条能给华为手机40W超级快充的L型充电线，原车配的线只能走3A电流。​​​", "author": "李小龙Bruce_Lee", "time": "李小龙Bruce_Lee04月05日18:07 来自HUAWEIP30Pro", "transmit": 31, "comment": 66, "zan": 85, "sentiment": [{"positive_prob": 0.609472, "confidence": 0.132161, "negative_prob": 0.390528, "sentiment": 2}]}]