[{"text": "易烊千玺无水印华为壁纸@TFBOYS-易烊千玺and手机冷色调​", "author": "Duidui_wifi", "time": "Duidui_wifi2018年12月20日13:21 来自易烊千玺超话", "transmit": 3800, "comment": 1158, "zan": 11719}, {"text": "近日我们在白俄罗斯的首家品牌体验店正式开业，有消费者前一天凌晨就开始排队，店里的华为Mate20Pro更是几小时就售罄！大家的热情令人感动，感谢喜爱与支持！​", "author": "余承东", "time": "余承东2018年12月20日20:11 来自华为Mate20保时捷设计", "transmit": 94, "comment": 240, "zan": 1475}, {"text": "【一名日本市民致信华为：称孟晚舟是恩人，对她被拘非常悲伤】近日，网络上流传一封日本市民写给华为公司的声援信。信中称，对于华为公司首席财务官孟晚舟遭到加拿大警方拘捕一事，其感到“非常悲伤”——2011年日本大地震期间，华为曾在其他公司都忙着撤离时，进入灾区抢修被地震损坏的通信设施，“对这样一家为我们伸出援手的公司，无论有什么理由，这种不采取任何措施就直接动用国家力量单方面进行排除的做法，是背离做人常理的，让人感到非常悲哀、难受。作为一个日本人我感到羞愧。”O一名日本市民致信华为：称孟晚舟是恩人，对她被扣非常悲伤", "author": "澎湃新闻", "time": "澎湃新闻2018年12月20日20:56 来自微博weibo.com", "transmit": 222, "comment": 221, "zan": 760}, {"text": "「WISHTHEBEST,WITHTHEBEST」从手机电脑到穿戴配件，华为产品大家族里你最想打包哪一个做你的圣诞礼物？哪一个又是你#2018最后的期待#呢？我为大家准备的圣诞大礼包将于明天抽送！O网页链接​", "author": "余承东", "time": "余承东2018年12月20日20:32 来自华为Mate20保时捷设计", "transmit": 847, "comment": 1456, "zan": 1314}, {"text": "【今天，南京地铁所有车站开始手机扫码进站测试！】南京地铁174个车站手机扫码进站开始公开测试，每站“两进两出”通道已开启！支持支付宝和NFC：银联NFC一揽子解决方案，ApplePay、华为Pay、小米Pay……正式开通日期还请以官方告知为准。今天，你用手机扫码进站了吗？​", "author": "南京发布", "time": "南京发布2018年12月20日11:18 来自微博weibo.com", "transmit": 337, "comment": 552, "zan": 624}, {"text": "【“捷克特朗普”下令内阁工作人员禁用华为手机】据美联社当地时间12月18日消息，捷克总理安德烈·巴比什（AndrejBabis）当天宣布，他已下令禁止其政府办公室人员使用华为手机。该国工业和贸易部随即表示，将采取同样措施，其他使用华为产品的政府部门或将效仿。​", "author": "新浪军事", "time": "新浪军事2018年12月20日12:01 来自微博weibo.com", "transmit": 112, "comment": 462, "zan": 177}, {"text": "网易老总丁磊这波说华为是什么水平？-虎扑帖ID：24692558L虎扑的步行街的秒拍视频​", "author": "虎扑的步行街", "time": "虎扑的步行街2018年12月20日15:59 来自微博视频", "transmit": 40, "comment": 205, "zan": 225}, {"text": "【景区对国产手机用户免费或半票，却有人说…】最近，随着河南神农山景区对使用华为手机的游客执行免门票的价格政策，陆续有一些景区也宣布对国产手机用户免门票或五折。此事一出，立刻引发网友热议，有人支持说，这种营销值得点赞！也有人反对，认为这是对其他用户的歧视。还有网友表示，有优惠就行了，期待更多景区蹭热点。对于此事，有法律专家的解读认为，不管是不是蹭热点，景区舍己利人，法律并不禁止，此举无可厚非。但也有业内人士指出，按照的相关规定和精神，每一个消费者都是平等的，享有同等的权利和义务，商家无权对消费者进行刻意的划分。只对华为手机用户免票，把其他手机使用着排除在门票优惠之外，这已经涉嫌反向歧视。对此，你怎么看？O景区对国产手机用户免费或半票，却有人说……", "author": "中国青年报", "time": "中国青年报2018年12月20日09:59 来自微博weibo.com", "transmit": 14, "comment": 57, "zan": 49}, {"text": "易烊千玺#易烊千玺十八岁成年亦乘风##千玺在nova星等你#【yyqx硬照】【yyqx帅】“对你很偏执也很固执早安。”@TFBOYS-易烊千玺这是华为爸爸的新图嘛好爱​", "author": "KuHe_", "time": "KuHe_2018年12月20日08:35 来自易烊千玺超话", "transmit": 112, "comment": 121, "zan": 350}, {"text": "兄弟@寒夜GodLike没事，我们的关系别说了，我也知道你也只是一时上头。我昨天也有说的不对的地方，我也上头了，但是寒夜你这个挑衅我可就受不了,这次总决赛我就死站BA@BA黑凤梨电子竞技俱乐部了，老子不仅要Call你的1W奖金+一台华为Mate20，还要大你10包火锅底料，预测，中的2W奖金+2台手机收入囊中全发给粉丝做福利，输了的当场暴吃火锅底料~！#2018KPL秋季赛#LRNG一笑的秒拍视频", "author": "RNG一笑", "time": "RNG一笑2018年12月20日19:00 来自iPhone8Plus", "transmit": 60, "comment": 335, "zan": 802}, {"text": "【特鲁多：是否使用华为5G设备应由专家而非政治家来决定】据俄罗斯塔斯社12月20日报道，加拿大总理特鲁多周三在渥太华向记者宣布称，在中国华为公司推出第五代（5G）移动通信系统的情况下，是否在加拿大使用华为公司设备的决定将由专家做出，而不是被政治所影响。今年夏天，美国决定禁止美国政府部门购买和使用中兴通讯公司和华为公司的电信设备。美国政府一再宣称这些公司正在与中国的情报部门密切合作。同时美国认为这些公司的设备上可以安装一些程序，这些程序可以被用来监视用户，盗窃用户信息，暗中更换信息等。华为公司反复否认这些指控。此前，日本大型电信公司软银集团(SoftBankGroup)决定在即将推出的第五代5G移动通信系统中放弃使用中国产品。O特鲁多：是否使用华为5G设备应由专家而非政治家来决定", "author": "环球网", "time": "环球网2018年12月20日16:19", "transmit": 39, "comment": 87, "zan": 122}, {"text": "华为荣耀Magic2这个公关牛逼呀。说删就删吗还好有截图【花这么多钱💰来公关，为啥就不愿意把公关的钱用来给用户解决问题呢】买一个月的手机就出问题，就修理。谁心里好受​", "author": "Circle帥帥帥", "time": "Circle帥帥帥2018年12月20日16:44 来自SamsungGalaxyS8", "transmit": 35, "comment": 340, "zan": 123}, {"text": "奇遇，从邂逅开始。12月24日至1月1日，#华为nova4#奇遇照相馆，邀你赴一场蜜语红的浪漫之约。你心动了吗？​", "author": "华为终端官方微博", "time": "华为终端官方微博2018年12月20日10:00 来自nova4自拍极点全面屏", "transmit": 106, "comment": 175, "zan": 968}, {"text": "易烊千玺#一心一意，易烊千玺#哈哈哈哈哈我们可爱的甜甜烊，大伙有没有看到后自己也跟着打哈欠的不知咋滴我的宝贝宝贝给你一点甜甜让你今夜都好眠就哼了出来@TFBOYS-易烊千玺cr.logo侵歉删yyqx帅yyqx中戏yyqx中戏第一yyqx可爱yyqx酷yyqx华为nova全球代言人yyqx天猫代言人yyqx adidasneoyyqx好爸爸洗衣液", "author": "如此这般喜欢千呀", "time": "如此这般喜欢千呀2018年12月20日17:47 来自易烊千玺超话", "transmit": 50, "comment": 165, "zan": 185}, {"text": "【出手了！华为用实力打脸“五眼联盟”】25份5G商业合同、规模排名全球首位，近日华为用这样的成绩向“五眼联盟”还击，也向世界证明了什么叫“用实力说话”。塞翁失马，如今这场风暴何尝不是给华为做的一个最好的“广告”，提升了华为品牌在全球的认知度？O出手了！华为用实力打脸“五眼联盟”​", "author": "参考消息", "time": "参考消息2018年12月20日11:30 来自微博weibo.com", "transmit": 94, "comment": 45, "zan": 205}, {"text": "#参考视界#【法国市长向圣诞老人许愿要3G网络外国网友：找华为啊！】“亲爱的圣诞老人，我们想要一座漂亮的通信基站，方便市民们接入3G网络。要是能测试5G网络，就更好了！”几天前，法国小城梅拉市副市长理查德发布的一条“求助”推文火了。戳视频了解详情↓↓L参考消息的秒拍视频​", "author": "参考消息", "time": "参考消息2018年12月20日19:47 来自秒拍网页版", "transmit": 46, "comment": 65, "zan": 117}, {"text": "最近看了不少关于华为任正非的报道。关于孟事件前后任总的一些讲话，各种表态，特别是希望融入国际体系的各种表达。还有他保持低调，在是否当入选改革开放100人的一些姿态。其实非常能够理解和感受。华为现在是要跻身并巩固世界级百年企业殿堂的，这个发展，是突破中国，走向世界的重大发展。当前国际外部环境极为复杂，中国面对非常复杂的外部环境。华为如何匹配及处理与国际社会特别是西方社会的关系？这是个很大的问题。华为的瓶颈在于华为，还是在于当前的中国？这是个非常值得思考的问题。从多个美国盟友在5G技术设备抵制华为看来，不能做出判断，短时间内，是中国的国际地缘政治在制约华为了。华为摸不出中国地缘政治盟友的边界。由于它所触的行业更加敏感，云词它所能触及的边界理论上还要窄于那些非敏感行业。这就是华为能够跻身国际最一流企业的最关键的点位了。只有真正走向世界，才能长远立足。任正非受的那些东西，国际情怀，对西方的谦虚，放在这样的语境里，就非常容易理解了。在这个特殊的时候，这个濒临“冷战”的特殊时候，华为的非上市地位，对外部特别是国际社会不明晰的股权结构、治理结构、匮乏的信息披露，瞬间都变成了短板。它被塑造成中国政府的代表。本来一个不设想走向资本市场，在股东结构、治理上希望保留现状、独善其身的企业，现在可能遇到了一个新的十字路口。为了让国际社会接纳，从企业的角度来说，它可能需要考虑引入国际股东，引入国际董事、管理层，在外国证券交易所上市了（可以仍然是中国注册企业，以存托证券的形式）。这个路径，就是联想，阿里、腾讯的道路。（一下子，缺乏上市地位可能突然成为liability）。任正非对内对外讲的东西，是一个在大国和国际政治剧烈变动下企业家的真实心声。真的应该好好看一看。今天不进一步展开了，说到这里。", "author": "兔主席", "time": "兔主席2018年12月20日00:53 来自微博weibo.com", "transmit": 432, "comment": 81, "zan": 393}, {"text": "逃离宅女身份，摆脱萎靡不振，拒绝平平无奇，告别四肢无力，华为Mate20系列反向充电，给你背后来点“电”，让你光芒四射火力全开。关注+带话题#华为Mate20#转发微博说说你在哪一刻最想被点亮，由@微博抽奖平台随机抽送华为运动蓝牙耳机5个。[广告]​", "author": "华为终端公司", "time": "华为终端公司2018年12月20日11:04 来自微博weibo.com", "transmit": 3218, "comment": 701, "zan": 638}, {"text": "今日策略：1、通产丽星sz002243收购加深圳创投，图像可以参考之前的$亚夏汽车sz002607$.昨天去大长途的啦涨停板..今天依旧是做放量的板！2、泰永长征sz002927这个就很纠结了，昨天灯心人进场！然后晚上又出利好！华为概念，今天稍微注意下，主要不给按那么就上车3、同有科技sz300302与天津麒麟建立战略合伙之前的自主可控龙头，昨天消息利好股。适当关注下L炒短线的老李的微博视频", "author": "梭哈老头李", "time": "梭哈老头李2018年12月20日09:13 来自抓板专用iPhoneXSMax", "transmit": 119, "comment": 52, "zan": 306}, {"text": "#南京新闻##南京地铁扫码支付#【今天，南京地铁所有车站开始手机扫码进站测试！】南京地铁174个车站手机扫码进站开始公开测试，每站“两进两出”通道已开启！支持支付宝和NFC：银联NFC一揽子解决方案，ApplePay、华为Pay、小米Pay……正式开通日期还请以官方告知为准。今天，你用手机扫码进站了吗？@南京发布O南京地铁扫码公开测试，警方提醒：要更加注意手机支付安全", "author": "扬子晚报", "time": "扬子晚报2018年12月20日15:35 来自iPhone客户端", "transmit": 21, "comment": 42, "zan": 56}, {"text": "惊呆了！TA凭什么可以反着来？因为有华为Mate20Pro无线反向充电，反着也能“电”力十足！关注+带话题#华为Mate20#转发微博说说电量告急的你被谁拯救过，由@微博抽奖平台 随机抽送华为10000mAh移动电源SuperCharge快充版2个。[广告]L华为终端公司的秒拍视频​", "author": "华为终端公司", "time": "华为终端公司2018年12月20日17:26 来自微博weibo.com", "transmit": 572, "comment": 575, "zan": 516}, {"text": "Jingelbells,Jingelbells~浪漫丝带载满圣诞祝福，智慧科技汇聚华丽圣诞树，官微君带着华为家族与你共度快乐#圣诞节#！关注+带话题#2018最后的期待#转发微博说说你曾经收到最惊喜的圣诞礼物是___，由@微博抽奖平台随机抽送HUAWEIFreeBuds2无线耳机（陶瓷白）2个。[广告]O网页链接L华为终端公司的秒拍视频", "author": "华为终端公司", "time": "华为终端公司2018年12月20日15:54 来自微博weibo.com", "transmit": 5881, "comment": 960, "zan": 565}, {"text": "我爸用了一年多的三星屏幕就中奖了，质量真是太不靠谱了，今天给他换了个华为手机。支持民族品牌从全家做起，一家人三部华为，支持华为！！！中华有为！！！希望大家用实际行动支持民族崛起，丢掉苹果丢掉三星从我做起！！！2成都·中国民航飞行学院新津分院​", "author": "李老八Bug", "time": "李老八Bug2018年12月20日19:39 来自HUAWEIP20Pro", "transmit": 164, "comment": 355, "zan": 217}, {"text": "关爱让科技更有温度，我们东北欧的团队基于华为Mate20Pro强大AI能力，开发了FacingEmotions程序，帮助视障人士通过“声音”阅读情绪，感受生活，很赞！L华为终端公司的秒拍视频​", "author": "华为何刚", "time": "华为何刚2018年12月20日08:54 来自HUAWEIMate20Pro", "transmit": 39, "comment": 41, "zan": 195}, {"text": "【电广传媒：与华为公司就5G技术签订《战略合作协议》】电广传媒公告，公司与华为技术有限公司在长沙共同签署《战略合作协议》。双方同意在通信服务、产品提供、资源共享等领域建立战略合作伙伴关系。双方将在5G端到端系统建设、5G行业应用示范、4K等5G视频业务孵化、全媒体云及5G人才培养等领域进行深度合作，提升双方在各自领域的核心竞争力。O电广传媒：与华为公司就5G技术签订《战略合作协议》", "author": "每日经济新闻", "time": "每日经济新闻2018年12月20日20:33 来自搜狗高速浏览器", "transmit": 18, "comment": 6, "zan": 102}, {"text": "易烊千玺#华为nova4##千玺在nova星等你#红装耀目而来，迷人苏音暖唱​20181217易烊千玺NothingtoLose分享动态:L20181217易烊千玺NothingtoLose@TFBOYS-易烊千玺​", "author": "易烊千玺麻麻团", "time": "易烊千玺麻麻团2018年12月20日11:33 来自网易云音乐", "transmit": 313, "comment": 37, "zan": 422}, {"text": "【韩国运营商力挺华为：在170余个国家未有安全问题】彭博社：韩国移动运营商LGU+Corp.驳斥了对中国电信巨头华为的设备日益增长的担忧，对美国关于华为设备构成国家安全威胁的说法予以反对。LGU+公司执行长Ha说，“在全球170多个使用华为设备的国家，没有人提出过华为设备安全问题。”​", "author": "参考消息", "time": "参考消息2018年12月20日17:11 来自微博weibo.com", "transmit": 69, "comment": 49, "zan": 208}, {"text": "人类如果失去计算，估计生活质量会大大逊色于花栗鼠，毕竟花栗鼠还懂得算算一个冬天要吃掉多少榛子。幸好，我们的祖先几万年前就发现要过好日子就有必要把数量搞清楚。计算让人类迸发出智慧与文明的火花，#芯开始，让智能计算无所不及#，明天，我们又到了重新定义未来的时刻，华为智能计算大会等你来。L华为中国的秒拍视频", "author": "华为中国", "time": "华为中国2018年12月20日19:55 来自秒拍网页版", "transmit": 18, "comment": 18, "zan": 219}, {"text": "华为有许多可以批评和讨论的地方，说华为血汗工厂，我是绝对不能同意。华为的成功有很多种原因，建立了世界上让绝大部分员得到回报的公平的分配机制，这是华为最大的创举。近一半的员工持股，可以在华为的发展中得到回报，华为员工的收入是同类企业员工的一倍或是多倍，不让雷锋吃亏，这是华为的基本理念。当然华为是累，是有压力，但是如果没有压力，不累，其乐融融，华为能发展起来？对于有创造力，有竞争力，有进取的精神的人，都可以在华为找到舞台，找到机会。而华为要做的，华为成果，不是把这些钱都由投资人，老板们分了，而是把让员工有所获得。这方面华为没有什么可以批评的，甚至华为才是真正的榜样。善待员工，华为才是善待员工。努力奋斗，得到比别的人地方更高的回报，这不是善待是什么。不好好工作，还要很高回报，这样的企业是要倒闭，这种企业不是善待员工，是很快没饭吃了。华为有十几万名员工，有很多离职的，对华为没有感情的很少。为什么，因为华为善待了他们！@杜建国微博", "author": "飞象网项立刚", "time": "飞象网项立刚2018年12月20日17:13 来自360安全浏览器", "transmit": 119, "comment": 116, "zan": 219}, {"text": "易烊千玺易烊千玺《智族GQ》封面首位00后@TFBOYS-易烊千玺：ins头像是封闭货车是因为想像货车一样装进很多自己喜欢的东西，也能够装进你们如果不当艺人的话，最想从事什么职业是出租车司机易烊千玺中戏，易烊千玺中戏第一，四字弟弟，易烊千玺nova，易烊千玺华为，易烊千玺野兽派，易烊千玺阿迪，易烊千玺天猫，易烊千玺好爸爸，易烊千玺沙宣，易烊千玺BottegaVenetayyqx帅yyqx可爱yyqx中戏yyqx中戏第一yyqx纪梵希yyqx天猫yyqx华为yyqx新歌yyqx舒适圈yyqx舞蹈yyqx短发yyqx发型yyqx少年的你yyqx封面cr：L智族GQ的秒拍视频", "author": "千苏大队长", "time": "千苏大队长2018年12月20日18:01 来自易烊千玺超话", "transmit": 71, "comment": 26, "zan": 329}]