[{"text": "新年“芯”机会关注@周黑鸭官方微博并转发这条微博@3位好友，不仅可以清除2018的所有霉运，你还能拥有一个华为mate20新手机1月10号由@微博抽奖平台，抽一位送​", "author": "周黑鸭官方微博", "time": "周黑鸭官方微博01月05日20:16 来自微博weibo.com", "transmit": 8803, "comment": 9602, "zan": 5051, "sentiment": [{"positive_prob": 0.949096, "confidence": 0.886881, "negative_prob": 0.0509036, "sentiment": 2}]}, {"text": "【高通反垄断案在美开庭：华为、联想成重要证人】据外媒报道，美国联邦贸易委员会指控高通涉嫌损害智能手机零部件竞争一案近日开庭审理，该案中两大重要证人均为中国企业：华为和联想。华为和联想将提供证词证明指控，即高通曾威胁拒绝供应芯片，除非继续支付技术许可费。O高通反垄断案在美开庭：华为、联想成重要证人​", "author": "新浪科技", "time": "新浪科技01月05日12:45 来自微博weibo.com", "transmit": 174, "comment": 324, "zan": 456, "sentiment": [{"positive_prob": 0.501493, "confidence": 0.970149, "negative_prob": 0.498508, "sentiment": 1}]}, {"text": "每一片思绪都是风景，吉光片羽，遂成纪念。这组用华为Mate20系列拍摄的泰国人文风景照有没有俘获到你？我们在用心与2018年告别，并用满腔的热血迎接2019。这组明信片就送给屏幕前的你，以影像为诗，寄给那微醺的岁月。就让华为Mate20系列替你寄出失意和遗憾，与你一道开启未来的浪漫与惊喜。​", "author": "华为中国", "time": "华为中国01月05日21:02 来自微博weibo.com", "transmit": 19, "comment": 63, "zan": 253, "sentiment": [{"positive_prob": 0.99506, "confidence": 0.989023, "negative_prob": 0.00493954, "sentiment": 2}]}, {"text": "2019年已至，为所有支持华为的花粉们献上我们2018年消费者BG成绩单，感谢又一年的支持与陪伴，新的一年我们会继续努力以更优质的产品回馈大家。​", "author": "华为终端公司", "time": "华为终端公司01月05日10:54 来自微博weibo.com", "transmit": 49, "comment": 83, "zan": 332, "sentiment": [{"positive_prob": 0.991494, "confidence": 0.981099, "negative_prob": 0.00850557, "sentiment": 2}]}, {"text": "【苹果爆雷的最大赢家：华为高通们】苹果公司股价在新年假日期间大幅下跌，对市场产生了深远影响。苹果股价周四暴跌10%，因为该公司周三盘后发出业绩预警，苹果也迎来六年来的最大单日跌幅。股神巴菲特作为苹果的第三大股东，一天账面上就出现了38亿美元的浮亏。苹果的一众供应商也跟着“扑街”。有受波及的公司，就有从中得益的公司，苹果“爆雷”同样也造就了一些赢家。O苹果爆雷的最大赢家：华为高通们", "author": "每日经济新闻", "time": "每日经济新闻01月05日08:11 来自专业版微博", "transmit": 34, "comment": 21, "zan": 157, "sentiment": [{"positive_prob": 0.840948, "confidence": 0.646551, "negative_prob": 0.159052, "sentiment": 2}]}, {"text": "内心OS：本来想好好学习英语的，又找到一个借口…#华为Mate20#L华为终端官方微博的秒拍视频​", "author": "华为终端官方微博", "time": "华为终端官方微博01月05日12:18 来自秒拍网页版", "transmit": 48, "comment": 190, "zan": 762, "sentiment": [{"positive_prob": 0.625366, "confidence": 0.16748, "negative_prob": 0.374634, "sentiment": 2}]}, {"text": "#环环带你看世界#环环途经斯里兰卡，看到了很多熟悉的产品比方说，120元的小米充电宝在这里要卖到200元，店主强调 “原装”。一部华为nova3也得是3000元以上，成为当地新贵标配，拿着两部新旧华为手机的当地导游称自己是“华为粉”。他认为税收过重导致物价攀高，比如每个酒店都要收30%的税，汽车进口税几近300%。恰好路上跑的很多印度塔塔汽车，小伙儿说，这车很小很不舒服，但他要交一样的税。", "author": "环球网", "time": "环球网01月05日19:43", "transmit": 8, "comment": 43, "zan": 129, "sentiment": [{"positive_prob": 0.354348, "confidence": 0.212561, "negative_prob": 0.645652, "sentiment": 0}]}, {"text": "骗子翻车现场！马来西亚68岁法师林文华为证明自己法力无边，当众表演“清蒸”，30分钟后，结果悲剧了…奇趣视频L最奇趣的视频的微博视频​", "author": "最奇趣的视频", "time": "最奇趣的视频01月05日23:26 来自秒拍网页版", "transmit": 63, "comment": 125, "zan": 281, "sentiment": [{"positive_prob": 0.0400357, "confidence": 0.911032, "negative_prob": 0.959964, "sentiment": 0}]}, {"text": "#跨越101#热爱世界，不仅仅是到远方去走、去看，而是要尊重每一种生态，赋予城市更多的生命力与活力。从天津滨海新区的盐碱地到南非第三大都市圈艾古莱尼，从充满中世纪情怀的意大利古城翁布里亚到风景独特的佛得角火山群岛，华为正在通过不懈努力，帮助越来越多的城市走向智慧化O跨越101|打卡！这些智慧城市，你都去过吗？​", "author": "华为中国", "time": "华为中国01月05日20:12 来自微博weibo.com", "transmit": 8, "comment": 14, "zan": 196, "sentiment": [{"positive_prob": 0.963695, "confidence": 0.919323, "negative_prob": 0.0363047, "sentiment": 2}]}, {"text": "外媒爆料了华为P30的渲染图，这个外观设计如何？​", "author": "数码研究所", "time": "数码研究所01月05日10:51", "transmit": 15, "comment": 80, "zan": 205, "sentiment": [{"positive_prob": 0.269895, "confidence": 0.400234, "negative_prob": 0.730105, "sentiment": 0}]}, {"text": "#对TA说晚安#“稳住，别浪！”“多喝热水！”“早日暴富！”……如果要给朋友一些【2019年的美好生活建议】，你会说啥？转评，小云将抽一位送出华为耳机。​​​", "author": "华为终端云服务", "time": "华为终端云服务01月05日22:03 来自对TA说晚安超话", "transmit": 364, "comment": 553, "zan": 212, "sentiment": [{"positive_prob": 0.132116, "confidence": 0.706408, "negative_prob": 0.867884, "sentiment": 0}]}, {"text": "【小米宣布旗下#红米将独立运营#金立原总裁卢伟冰负责接管】1月3日，小米宣布旗下红米品牌将独立运营。内部人士表示红米Redmi将成为独立公司，类似于华为旗下独立运作的荣耀，刚加盟小米的金立原总裁卢伟冰将接管这一品牌。卢伟冰2010年加入金立集团，曾担任金立集团总裁一职，曾负责金立海外的业务。L新京报我们视频的秒拍视频@新京报", "author": "新京报我们视频", "time": "新京报我们视频01月05日13:25", "transmit": 24, "comment": 65, "zan": 97, "sentiment": [{"positive_prob": 0.975431, "confidence": 0.945402, "negative_prob": 0.024569, "sentiment": 2}]}, {"text": "#千玺在nova星等你##BottegaVeneta亚太区代言人易烊千玺#四周年嘟嘟嘴吹泡泡挥挥手和伴舞哥哥玩，完全享受舞台的可爱小千@TFBOYS-易烊千玺视频cr.LLIMERENCE1128_的秒拍视频yyqx封面yyqx少年的你yyqx发型yyqx短发yyqx舞蹈yyqx舒适圈yyqx新歌yyqx华为yyqx纪梵希yyqx中戏yyqx中戏第一yyqx可爱yyqx帅四字纪梵希四字硬照四字帅成四字可爱四字中戏四字bv易烊千玺四字四字弟弟yyqxszddK舒适圈K亲爱的，这里没有一个人K恒温动物", "author": "重庆山城山大王", "time": "重庆山城山大王01月05日18:28 来自易烊千玺超话", "transmit": 48, "comment": 127, "zan": 144, "sentiment": [{"positive_prob": 0.984269, "confidence": 0.965043, "negative_prob": 0.0157305, "sentiment": 2}]}, {"text": "【继华为、中兴后，美国也给TCL找到了罪名】继华为、中兴之后，美国对中国技术企业的抹黑似乎又有了新目标。美国《华尔街日报》网站刊文称，一家伦敦的网络安全公司宣布，中国TCL的一款天气应用软件一直在收集全球智能手机用户的海量数据。TCL旗下的电视产品此前也曾遭受过指责。O继华为、中兴后，美国也给TCL找到了罪名​", "author": "新浪科技", "time": "新浪科技01月05日15:00 来自微博weibo.com", "transmit": 23, "comment": 37, "zan": 64, "sentiment": [{"positive_prob": 0.980956, "confidence": 0.957681, "negative_prob": 0.0190437, "sentiment": 2}]}, {"text": "易烊千玺一心一意易烊千玺#易烊千玺2019世界温柔爱你依旧#站子混剪的视频，有谁没看过啊@TFBOYS-易烊千玺yyqx帅yyqx可爱yyqx精致四字弟弟szddyyqx纪梵希yyqx华为novayyqxBottegaVeneta葆蝶家yyqx百度Appyyqxadidasneo易烊千玺长安十二时辰易烊千玺艳势番之新青年易烊千玺少年的你cr.@守恒_Jetaime易烊千玺驿站L守恒_Jetaime易烊千玺驿站的秒拍视频", "author": "好事总会发生在下个转弯儿", "time": "好事总会发生在下个转弯儿01月05日19:02 来自易烊千玺超话", "transmit": 98, "comment": 229, "zan": 333, "sentiment": [{"positive_prob": 0.942731, "confidence": 0.872735, "negative_prob": 0.0572694, "sentiment": 2}]}, {"text": "<吉光片羽，遂成纪念>留下的是回忆，继续的是生活。过去的一整年，你的光热皆在#华为Mate20#系列记录之下熠熠生辉。2019，你有哪些想去完成的事呢？​", "author": "华为终端公司", "time": "华为终端公司01月05日15:00 来自微博weibo.com", "transmit": 7, "comment": 29, "zan": 101, "sentiment": [{"positive_prob": 0.897905, "confidence": 0.773123, "negative_prob": 0.102095, "sentiment": 2}]}, {"text": "正式回应一下@杨学志_5G创新关于5G的辩论。1，老弟，你是博士，还在华为这样大公司工作过，也有专利和专著，在通信技术上，你是专家。你说得好象我高高在上，你人微言轻，这完全颠倒了事实。2，关于\"5G需求是虚构的，技术没进步，所以必须失败“的议题，我不会参加辩论，以前我做媒体，我还挺愿意，现在我就不花这个时间和精力扯这些。这事不是辩论出来的，是做出来的。我自己这些做的产品，就是智能家居，它是智能互联网一部分，是需要5G做基础。今年这个产业就要起来，我们收入数千万，看得到明年5G试商用，NB-IoT等起来，我们做到几亿收入还是有很大机会。用产品，比辩论价值大多了。3，5G本身不是一个技术，它是技术、业务、应用、智能硬件多方面能力的整合，5G也不仅是高速度，它还有泛在网、低功耗、低时延、万物互联、重构安全。场景不仅是eMBB，还有eMTC，还有多种技术与能力。它对人类社会的推进，不仅是技术，还有社会效率和社会成本。这些不是一次辩论可以讲清。我已经写完了《5G时代》一书，正在最后审订。敬请关注此书，这里会有较为全面的描述，包括在业务应用。", "author": "飞象网项立刚", "time": "飞象网项立刚01月05日10:03 来自360安全浏览器", "transmit": 63, "comment": 66, "zan": 98, "sentiment": [{"positive_prob": 0.920962, "confidence": 0.824361, "negative_prob": 0.0790378, "sentiment": 2}]}, {"text": "【高通反垄断案在美开庭，华为、联想成重要证人：高通曾威胁拒绝供应华为联想芯片，除非这两家公司继续支付技术许可费】这个消息有点意外，华为指控一下高通有可能，联想现在骨头硬了？不怕高通断供芯片？看来高通以前所作所为已经引起不少手机厂家公愤了。据彭博社报道，美国联邦贸易委员会（FTC）指控高通涉嫌损害智能手机零部件竞争一案本周五在加州圣何塞开庭审理，该案中两大重要证人均为中国企业：华为和联想。在法庭上，华为和联想将提供证词证明FTC的指控，即高通曾威胁拒绝供应芯片，除非这两家公司继续支付技术许可费。高通据称曾告知华为，若公司不延长码分多址（CDMA）许可协议，“他们将停止供应芯片，”华为的总法律顾问于南芬在一段于法庭上播放的视频证词中说道，“业内人士都清楚高通的手段，他们明确表示，我们必须签署某种形式的许可协议。对此，我们别无选择”。“对于试图挑战高通法律条款的客户，高通在过去几年中一直采取延迟或切断芯片供应的方式进行打击报复，”联想的知识产权副总裁埃拉•布隆伯格在一段于法庭上播放的视频证词中说道，“我们不知道高通是否真的会兑现中断供应的威胁，但我们也不能冒着这个风险。”高通则辩称，华为和联想均未遭受芯片供应中断，哪怕高通与这两家公司签署的移动网络零部件更新（从3G更新到4G）协议即将结束并且续约谈判正在进行中。", "author": "人才76116", "time": "人才7611601月05日15:08", "transmit": 26, "comment": 91, "zan": 115, "sentiment": [{"positive_prob": 0.0418751, "confidence": 0.906944, "negative_prob": 0.958125, "sentiment": 0}]}, {"text": "一般不会轻易推荐手机壳因为....要么只有苹果的或安卓的！这个就不一样了！！！苹果、OPPO、VIVO、华为、小米、三星、魅族、一加、努比亚、锤子统统都有啊！！型号参考图3，这次是彻底的都照顾到了吧！！！中国风带流苏浮雕手机壳￥9.8​", "author": "种草小布", "time": "种草小布01月05日16:57 来自微博weibo.com", "transmit": 6, "comment": 53, "zan": 112, "sentiment": [{"positive_prob": 0.204743, "confidence": 0.545016, "negative_prob": 0.795257, "sentiment": 0}]}, {"text": "DxOMark年度回顾：华为P20Pro在总评、拍照评分、视频拍摄评分三项都高居第一。你的手机排名第几？​", "author": "数码研究所", "time": "数码研究所01月05日16:15", "transmit": 13, "comment": 100, "zan": 194, "sentiment": [{"positive_prob": 0.54705, "confidence": 0.059005, "negative_prob": 0.45295, "sentiment": 1}]}, {"text": "华为P30渲染图​", "author": "差评君", "time": "差评君01月05日16:09", "transmit": 7, "comment": 49, "zan": 66, "sentiment": [{"positive_prob": 0.429568, "confidence": 0.0454038, "negative_prob": 0.570432, "sentiment": 0}]}, {"text": "DxOMark发布2018年回顾，并统计了去年所评测31款手机的摄像头得分排名。三图分别为总得分、拍照得分和录像得分。总分排名一到五分别为华为P20Pro、iPhoneXSMax、HTCU12+、三星GalaxyNote9、小米MIX3和华为P20。​", "author": "数字尾巴", "time": "数字尾巴01月05日18:04 来自微博weibo.com", "transmit": 6, "comment": 39, "zan": 58, "sentiment": [{"positive_prob": 0.712721, "confidence": 0.361603, "negative_prob": 0.287279, "sentiment": 2}]}, {"text": "【2018欧盟工业研发投资排名：三星位列榜首华为排第五】近日，欧盟委员会发布了《2018年欧盟工业研发投资排名》：1）三星电子位列榜首，谷歌母公司Alphabet第二，随后是德国大众，美国微软；2）中国华为以113.34亿欧元的研发投入名列中国企业之首，在全球名列第五；3）华为的研发投入约为BAT三家总和的1.67倍。", "author": "中国商界网", "time": "中国商界网01月05日08:03 来自微博weibo.com", "transmit": 55, "comment": 13, "zan": 71, "sentiment": [{"positive_prob": 0.869408, "confidence": 0.709796, "negative_prob": 0.130592, "sentiment": 2}]}, {"text": "【再下一国！西班牙两大运营商联手华为、中兴5G试运行，继续挫败美国及特朗普联欧抗华阴谋】多家外媒证实，西班牙两大电信运营商运营商沃达丰（Vodafone）、Orange表示将联手华为、中兴在西班牙进行5G商用试运行。另据报道，沃达丰将与华为在西班牙6个主要城市推出商用5G部署，西班牙方面也想与华为尽快合作建设未来智慧城市。在欧洲，华为和中兴联手再下一国，继续挫败美国及特朗普联欧抗华的阴谋，在拥抱未来科技上，更多欧洲国家和欧洲人选择了务实。而美国，即使是5G造假也要阻碍全球科技进步进程，美国在错误道路上越走越远，封闭、顽固、不得人心，这是一个帝国走向衰落的前兆！#华为##科技##数码##5G##特朗普##美国#", "author": "建华Wei业", "time": "建华Wei业01月05日07:44 来自华为超话", "transmit": 37, "comment": 28, "zan": 91, "sentiment": [{"positive_prob": 0.977488, "confidence": 0.949973, "negative_prob": 0.0225122, "sentiment": 2}]}, {"text": "从孕育到诞生，不是每一个生命都幸运，目前我国出生缺陷发生率为5.6%。为了让宝宝健康诞生，让准妈妈在孕期可以更加直观地了解宝宝的健康状况，华为云在“人工智能+医疗”中做了很多探索。通过孕妈妈的一管血液就可以进行基因检测，从而发现胎儿可能存在的基因缺陷，防患于未然O嘘！在妈妈肚子里的你，一举一动我全知道​", "author": "华为中国", "time": "华为中国01月05日19:12 来自微博weibo.com", "transmit": 18, "comment": 33, "zan": 229, "sentiment": [{"positive_prob": 0.866019, "confidence": 0.702264, "negative_prob": 0.133981, "sentiment": 2}]}, {"text": "华为花费3000万美金买来的战略秘诀全在这里！​", "author": "钱皓", "time": "钱皓01月05日11:49 来自微博weibo.com", "transmit": 101, "comment": 12, "zan": 24, "sentiment": [{"positive_prob": 0.623558, "confidence": 0.163462, "negative_prob": 0.376442, "sentiment": 2}]}, {"text": "华为Mate20Pro惊现小米贷款广告。（实际是WX朋友圈的广告）小米真牛逼。腾讯也牛逼。​", "author": "韶倾覆华", "time": "韶倾覆华01月05日12:02 来自HUAWEIMate20Pro", "transmit": 8, "comment": 18, "zan": 88, "sentiment": [{"positive_prob": 0.0827509, "confidence": 0.816109, "negative_prob": 0.917249, "sentiment": 0}]}, {"text": "2018年，全球电信基础设备的五大巨头是华为、诺基亚、爱立信、思科和中兴。最大的是华为，在前三季度市场占有率达到了28%，诺基亚和爱立信则分列二三，占比大奥了16.8%和13.2%。​", "author": "机工战略", "time": "机工战略01月05日11:23 来自微博weibo.com", "transmit": 62, "comment": 34, "zan": 72, "sentiment": [{"positive_prob": 0.753743, "confidence": 0.452763, "negative_prob": 0.246257, "sentiment": 2}]}]