[{"text": "【蓬佩奥要菲律宾“小心华为”，菲防长反杀】蓬佩奥3月1日在菲律宾扬言，华为“缺乏透明度”、对菲律宾“构成风险”，要其不要与华为达成协议或合同，并声称“美国企业是最佳伙伴”。菲律宾国防部长洛伦扎纳当天回应，没理由担心华为，“我看不到（什么问题）……我们看起来很开放，他们（华为）可以到菲律宾全国各地，不是吗？”洛伦扎纳说：“我们也没什么秘密，即使是对美国人，我们有什么能瞒得住他们的？”O蓬佩奥向菲律宾渲染“华为威胁”菲防长：没理由担心", "author": "环球时报", "time": "环球时报03月02日22:50 来自微博weibo.com", "transmit": 99, "comment": 145, "zan": 600, "sentiment": [{"positive_prob": 0.0730107, "confidence": 0.837754, "negative_prob": 0.926989, "sentiment": 0}]}, {"text": "【感谢当年不收之恩！#摩托罗拉曾拒收购华为#：75亿美元报价太贵】2月27日，英国《金融时报》公布了任正非与摩托罗拉COO迈克·扎菲罗夫斯基的旧照。2003年，摩托罗拉曾有意以75亿美元收购华为，但最终因人事变动中断。如今的摩托罗拉早已被联想以29亿美元收购，华为真心感谢摩托罗拉不收之恩！如果被收购了，通信业历史会很不一样，而现在华为已是全球最大的电信设备公司和销量第二的智能手机厂商。L老板联播的微博视频", "author": "新浪新闻", "time": "新浪新闻03月02日19:23 来自专业版微博平台", "transmit": 61, "comment": 81, "zan": 311, "sentiment": [{"positive_prob": 0.980412, "confidence": 0.956471, "negative_prob": 0.019588, "sentiment": 2}]}, {"text": "【谢不收之恩！#摩托罗拉16年前拒收购华为#：75亿美元报价太贵】2月27日，英国《金融时报》公布了任正非与摩托罗拉COO迈克·扎菲罗夫斯基的旧照。2003年，摩托罗拉曾有意以75亿美元收购华为，但最终因人事变动中断。如今的摩托罗拉早已被联想以29亿美元收购，如果当初华为被收购了，通信业历史会很不一样，而现在华为已是全球最大的电信设备公司和销量第二的智能手机厂商。@老板联播L老板联播的微博视频", "author": "梨视频", "time": "梨视频03月02日19:46 来自微博weibo.com", "transmit": 179, "comment": 243, "zan": 947, "sentiment": [{"positive_prob": 0.929924, "confidence": 0.844276, "negative_prob": 0.0700757, "sentiment": 2}]}, {"text": "久等了，#华为nova4#贝母白明日预售。（戳评论有惊喜）​", "author": "华为终端官方微博", "time": "华为终端官方微博03月02日10:00 来自微博weibo.com", "transmit": 18483, "comment": 2382, "zan": 5068, "sentiment": [{"positive_prob": 0.832657, "confidence": 0.628127, "negative_prob": 0.167343, "sentiment": 2}]}, {"text": "【华为差点“卖身”摩托罗拉？网友：谢不“杀”之恩】#摩托罗拉曾拒收购华为#16年前，华为曾和摩托罗拉达成协议，后者以75亿美元收购华为↓↓就在关键时刻，摩托罗拉换帅了新任首席执行官拒绝的理由是：华为这样一个不知名的外国公司，价格太贵了另外，摩托罗拉曾还因为这个问题向华为发难↓↓ O华为差点\"卖身\"摩托罗拉?两家的恩怨远不止于此", "author": "新浪新闻", "time": "新浪新闻03月02日21:56 来自专业版微博平台", "transmit": 68, "comment": 125, "zan": 417, "sentiment": [{"positive_prob": 0.142312, "confidence": 0.683752, "negative_prob": 0.857688, "sentiment": 0}]}, {"text": "#OYO酒店#第一次异地这么久，这对小情侣终于要再见面啦！带上思念的心情，坐上OYO酒店专列，立马送你去见Ta！即使是异地，也要时常电话联系哦~转发本博并关注@OYO酒店，3.8日抽1位得华为Nova3手机~抽10位得电影票~#OYO福利#LOYO酒店的微博视频​", "author": "OYO酒店", "time": "OYO酒店03月02日12:31 来自iPhone客户端", "transmit": 10334, "comment": 2650, "zan": 1975, "sentiment": [{"positive_prob": 0.982871, "confidence": 0.961935, "negative_prob": 0.0171291, "sentiment": 2}]}, {"text": "【加拿大推进孟晚舟引渡听证会华为回应】加拿大司法部长当地时间3月1日决定就孟晚舟案签发授权进行令。对此，华为2日发布律师声明称，美国的指控是出于政治动机，在这种情况下，加拿大司法部长仍然决定签发授权推进令，华为对此感到失望。孟女士没有任何不当行为，美国对她的起诉与引渡是对司法程序的滥用。希望孟女士的合法权利在引渡过程中的司法阶段能得到保护。华为《关于加拿大签发授权推进令、启动引渡程序的律师声明》：1、美国的指控是出于政治动机。美国总统曾多次表示，如果孟女士案有助于美国与中国达成贸易协议，他会对此案进行干预。在这种情况下，加拿大司法部长仍然决定签发授权推进令，我们对此感到失望。2、美国指控的行为在加拿大根本不构成犯罪。尽管如此，加拿大司法部长仍然同意签发授权推进令，这完全不符合“双重犯罪”的基本引渡原则。3、孟女士没有任何不当行为，美国对她的起诉与引渡是对司法程序的滥用。4、希望孟女士的合法权利在引渡过程中的司法阶段能得到保护。（环球网）", "author": "环球时报", "time": "环球时报03月02日10:05 来自微博weibo.com", "transmit": 94, "comment": 491, "zan": 336, "sentiment": [{"positive_prob": 0.0348248, "confidence": 0.922612, "negative_prob": 0.965175, "sentiment": 0}]}, {"text": "加拿大司法部启动了引渡孟晚舟的程序，最早的听证会将在3月6日举行。西方媒体的分析认为，孟晚舟通过上诉、抗辩可能会让整个过程长达数年。华尔街日报援引了一个案例，被引渡人抗辩长达13年，最后才从加拿大被引渡到泰国审判。毫无疑问，这是美国对华为公司的政治迫害，加拿大司法系统做了美国这一迫害的帮凶。我刚刚去过伊朗，那里有多家西方电信公司仍在运营，在何为违反美国制裁令以及如何对待“违反制裁”的问题上存在很大的解释空间。突然对华为高管采取刑事追究，是美国在全球范围内打压华为行动的一部分。华为是中国高速发展走在最前列的科技力量之一，美国将其视为中国崛起的一个符号而耿耿于怀。打压华为是其遏制中国发展能力的具体行动。孟晚舟在蒙难，她的父亲带着华为人没有被吓倒，他们刚刚在巴塞罗那展示的屏幕可折叠、梦幻般的华为5G手机就是回答。在我看来，华为能否顶住美国的全线压力，中国社会能否鼓励、支持它逆风飞扬，是究竟外部阻力更凶悍还是中国崛起内力更强劲的试金石。", "author": "胡锡进", "time": "胡锡进03月02日14:27 来自iPhone7Plus", "transmit": 700, "comment": 1672, "zan": 1355, "sentiment": [{"positive_prob": 0.98623, "confidence": 0.969401, "negative_prob": 0.0137695, "sentiment": 2}]}, {"text": "【加司法部就孟晚舟案签发授权进行令华为：感到失望】据外媒报道，加拿大司法部长当地时间3月1日决定就孟晚舟案签发授权进行令。对此，华为2日发布律师声明称，美国的指控是出于政治动机，在这种情况下，加拿大司法部长仍然决定签发授权推进令，华为对此感到失望。孟女士没有任何不当行为，美国对她的起诉与引渡是对司法程序的滥用。希望孟女士的合法权利在引渡过程中的司法阶段能得到保护。@环球网", "author": "头条新闻", "time": "头条新闻03月02日09:11 来自微博weibo.com", "transmit": 185, "comment": 664, "zan": 363, "sentiment": [{"positive_prob": 0.041899, "confidence": 0.906891, "negative_prob": 0.958101, "sentiment": 0}]}, {"text": "【不收之恩！摩托罗拉16年前拒收购华为：75亿美元报价太贵】2月27日，英国《金融时报》公布了任正非与摩托罗拉COO迈克·扎菲罗夫斯基的旧照。2003年，摩托罗拉曾有意以75亿美元收购华为，但最终因人事变动中断。如今的摩托罗拉早已被联想以29亿美元收购，华为真心感谢摩托罗拉不收之恩！如果被收购了，通信业历史会很不一样，而现在华为已是全球最大的电信设备公司和销量第二的智能手机厂商。#华为曾差点卖身摩托罗拉#@老板联播L老板联播的微博视频", "author": "每日经济新闻", "time": "每日经济新闻03月02日19:40 来自搜狗高速浏览器", "transmit": 66, "comment": 35, "zan": 138, "sentiment": [{"positive_prob": 0.94981, "confidence": 0.888467, "negative_prob": 0.0501899, "sentiment": 2}]}, {"text": "以后每次路过这里都会很开心啦易烊千玺Lbriony_skyyyy的微博视频​", "author": "briony_skyyyy", "time": "briony_skyyyy03月02日11:47 来自说到街舞就能想到易烊千玺超话", "transmit": 1082, "comment": 185, "zan": 1389, "sentiment": [{"positive_prob": 0.931159, "confidence": 0.847021, "negative_prob": 0.0688406, "sentiment": 2}]}, {"text": "【蓬佩奥要菲律宾“小心华为”，菲防长反杀】蓬佩奥3月1日在菲律宾扬言，华为“缺乏透明度”、对菲律宾“构成风险”，要其不要与华为达成协议或合同，并声称“美国企业是最佳伙伴”。菲律宾国防部长洛伦扎纳当天回应，没理由担心华为，“我看不到（什么问题）……我们看起来很开放，他们（华为）可以到菲律宾全国各地，不是吗？”洛伦扎纳说：“我们也没什么秘密，即使是对美国人，我们有什么能瞒得住他们的？”O蓬佩奥向菲律宾渲染“华为威胁”菲防长：没理由担心（观察者网）", "author": "环球网", "time": "环球网03月02日22:54", "transmit": 57, "comment": 54, "zan": 503, "sentiment": [{"positive_prob": 0.0899682, "confidence": 0.800071, "negative_prob": 0.910032, "sentiment": 0}]}, {"text": "【外交部：敦促加方立即释放孟晚舟让其平安回到中国】据外媒报道,加拿大司法部长当地时间3月1日决定就孟晚舟案签发授权进行令。对此,华为2日发布律师声明称,美国的指控是出于政治动机,在这种情况下,加拿大司法部长仍然决定签发授权推进令,华为对此感到失望。孟女士没有任何不当行为,美国对她的起诉与引渡是对司法程序的滥用。希望孟女士的合法权利在引渡过程中的司法阶段能得到保护。外交部发言人陆慷就加拿大方面执意推进针对中国公民孟晚舟的所谓引渡司法程序发表谈话时表示，再次敦促美方立即撤销对孟晚舟女士的逮捕令和引渡请求，敦促加方立即释放孟晚舟女士，让她平安回到中国。中方对加方执意推进对孟晚舟女士的所谓引渡司法程序表示强烈不满和坚决反对，并已提出严正交涉。O网页链接（中新网、外交部网站）", "author": "中国新闻周刊", "time": "中国新闻周刊03月02日10:56", "transmit": 34, "comment": 37, "zan": 172, "sentiment": [{"positive_prob": 0.0448744, "confidence": 0.900279, "negative_prob": 0.955126, "sentiment": 0}]}, {"text": "【加拿大司法部就孟晚舟案签发授权华为：对此感到失望】华为发布律师声明称：孟晚舟女士没有任何不当行为，美国对她的起诉与引渡是对司法程序的滥用。在此情况下，加拿大司法部长仍然决定签发授权推进令，华为对此感到失望。O加拿大司法部就孟晚舟案签发授权，华为：对此感到失望​", "author": "凤凰网", "time": "凤凰网03月02日09:12 来自微博weibo.com", "transmit": 61, "comment": 211, "zan": 165, "sentiment": [{"positive_prob": 0.013829, "confidence": 0.969269, "negative_prob": 0.986171, "sentiment": 0}]}, {"text": "【#加司法部就孟晚舟案签发授权进行令#华为：感到失望】据外媒报道,加拿大司法部长当地时间3月1日决定就孟晚舟案签发授权进行令。对此,华为2日发布律师声明称,美国的指控是出于政治动机,在这种情况下,加拿大司法部长仍然决定签发授权推进令,华为对此感到失望。孟女士没有任何不当行为,美国对她的起诉与引渡是对司法程序的滥用。希望孟女士的合法权利在引渡过程中的司法阶段能得到保护。以下为华为《关于加拿大签发授权推进令、启动引渡程序的律师声明》全文:O加司法部就孟晚舟案签发授权进行令华为：感到失望", "author": "环球网", "time": "环球网03月02日09:01", "transmit": 121, "comment": 128, "zan": 281, "sentiment": [{"positive_prob": 0.0677487, "confidence": 0.849447, "negative_prob": 0.932251, "sentiment": 0}]}, {"text": "#MWC2019#5G落地。MWC给人最强烈的冲击，就是5G落地，华为展台上最醒目的标语是：5Gison。几大家系统设备企业，华为、爱立信、诺基亚、中兴都提供了全套系统设备，从传输网、承载网、核心网到5G基站、5G基站芯片、网络切片、边缘计算。都有成熟产品，这种情况，以往是做不到的。我尤其要提一下的是5G的基站，以往的基站体积大，耗能高，基站就是一个巨大的机柜，还要有庞大的天线。5G厂商都把基站芯片作为方向，攻下自己的基站芯片，华为、中兴都是如此，把大量的能力整合到芯片中，提高了效率，降低了成本。这有点台式机到笔记本电脑进步的意思，相信未来网络建设的能力还会通过芯片高度集成。5G的手机全面爆发，华为、中兴、小米、三星、索尼、oppo、一加等众多企业加入5G时代。支持5G的芯片形成高通和海思两大阵营，联发科、展锐也在渐成气候。手机芯片和手机已成大势。应用的水平大大超越已往的感觉，大量的应用是垂直应用，已有多年的商用积累，实际是4G已用，但5G的加入，会让效率更高，能力更强。这就是象微信一样，3G已在用，但不爽，4G一上，全面爆发。我看一个博世的案例，人家工业制造，早就用4G进行柔性部署，就等5G把能力大幅度提升了，哪是没应用，是急不可耐。5G的机会是全社会基础能力的提升，一个国家强大不强大，5G强不强将会是一个重要指标。", "author": "飞象网项立刚", "time": "飞象网项立刚03月02日14:16 来自华为Mate10保时捷设计", "transmit": 34, "comment": 32, "zan": 107, "sentiment": [{"positive_prob": 0.99216, "confidence": 0.982578, "negative_prob": 0.00783982, "sentiment": 2}]}, {"text": "【#华为曾差点卖身摩托罗拉#往事：几乎改变电信业历史】英国《金融时报》披露华为曾有意“卖身”摩托罗拉往事。华为当时和摩托罗拉达成协议，后者以75亿美元收购华为，但因摩托罗拉换帅后拒绝通过协议而未果。《金融时报》感慨，如果当初交易达成，势必将改变电信业的历史进程。O华为差点“卖身”摩托罗拉往事：几乎改变电信业历史​", "author": "新浪科技", "time": "新浪科技03月02日12:30 来自专业版微博", "transmit": 28, "comment": 62, "zan": 62, "sentiment": [{"positive_prob": 0.968733, "confidence": 0.930518, "negative_prob": 0.0312671, "sentiment": 2}]}, {"text": "易烊千玺好帅!@TFBOYS-易烊千玺(大家记得去vx关注“华为终端”公众号，回复“易烊千玺”四个字收图哦!)​", "author": "小里雾诗", "time": "小里雾诗03月02日10:10 来自易烊千玺超话", "transmit": 301, "comment": 44, "zan": 438, "sentiment": [{"positive_prob": 0.42244, "confidence": 0.0612454, "negative_prob": 0.57756, "sentiment": 0}]}, {"text": "多年以来，华盛顿一直在向华为公司泼脏水。美国众议院情报委员会在2012年的一份报告中就已经称华为是一个“威胁”。不过那些攻击相对来说还是比较温和的。而如今，美国已经搬出了“重型武器”，把华为描述成“对西方文明的威胁”。我们必须问问：这一切到底是为什么？O作为华为高管，我经常被问这个问题​", "author": "观察者网", "time": "观察者网03月02日08:21 来自微博weibo.com", "transmit": 108, "comment": 496, "zan": 253, "sentiment": [{"positive_prob": 0.388365, "confidence": 0.136966, "negative_prob": 0.611635, "sentiment": 0}]}, {"text": "【不收之恩！摩托罗拉16年前拒收购华为：75亿美元报价太贵】2月27日，英国《金融时报》公布了任正非与摩托罗拉COO迈克·扎菲罗夫斯基的旧照。2003年，摩托罗拉曾有意以75亿美元收购华为，但最终因人事变动中断。如今的摩托罗拉早已被联想以29亿美元收购，华为真心感谢摩托罗拉不收之恩！如果被收购了，通信业历史会很不一样，而现在华为已是全球最大的电信设备公司和销量第二的智能手机厂商。#华为曾差点卖身摩托罗拉#L老板联播的微博视频", "author": "第一财经日报", "time": "第一财经日报03月02日21:04 来自iPhone客户端", "transmit": 42, "comment": 20, "zan": 80, "sentiment": [{"positive_prob": 0.949899, "confidence": 0.888664, "negative_prob": 0.0501011, "sentiment": 2}]}, {"text": "【#加司法部就孟晚舟案签发授权进行令#华为：感到失望】据外媒报道，加拿大司法部长当地时间3月1日决定就孟晚舟案签发授权进行令。对此，华为2日发布律师声明称，美国的指控是出于政治动机，在这种情况下，加拿大司法部长仍然决定签发授权推进令，华为对此感到失望。孟女士没有任何不当行为，美国对她的起诉与引渡是对司法程序的滥用。希望孟女士的合法权利在引渡过程中的司法阶段能得到保护。@环球网", "author": "中国日报", "time": "中国日报03月02日10:06 来自微博weibo.com", "transmit": 20, "comment": 37, "zan": 56, "sentiment": [{"positive_prob": 0.0692097, "confidence": 0.846201, "negative_prob": 0.93079, "sentiment": 0}]}, {"text": "【加拿大司法部就孟晚舟案签发授权华为：对此感到失望】据外媒报道，加拿大司法部当地时间1日批准继续推进有关中国公民孟晚舟的引渡听证会。华为对此发布律师声明称，美国的指控是出于政治动机，在此情况下，加拿大司法部长仍然决定签发授权推进令，华为对此感到失望。O加拿大司法部就孟晚舟案签发授权华为:对此感到失望​", "author": "新浪科技", "time": "新浪科技03月02日08:38 来自专业版微博", "transmit": 65, "comment": 29, "zan": 100, "sentiment": [{"positive_prob": 0.0293996, "confidence": 0.934667, "negative_prob": 0.9706, "sentiment": 0}]}, {"text": "【华为眼中管理者的18种惰怠行为】​​​​", "author": "投中网", "time": "投中网03月02日22:00 来自微博weibo.com", "transmit": 25, "comment": 1, "zan": 22, "sentiment": [{"positive_prob": 0.315938, "confidence": 0.297916, "negative_prob": 0.684062, "sentiment": 0}]}, {"text": "华为主题设计美学截止过期3r​", "author": "啵唧一口甜丞", "time": "啵唧一口甜丞03月02日22:08 来自华为主题超话", "transmit": 67, "comment": 761, "zan": 202, "sentiment": [{"positive_prob": 0.447083, "confidence": 0.00648207, "negative_prob": 0.552917, "sentiment": 0}]}, {"text": "三星在发布会上隔空回应联想对GalaxyFold折叠屏手机为PPT手机的调侃。不知道大家怎么看，我是觉得还挺好的。与国产厂商不同，三星对于社交网络推广似乎频率较低。我们看到华为，小米，OPPO，荣耀都在推高管作为微博的发言人，而且几个大佬也逐渐形成了自己的风格，比如雷总的特点就是微博经常翻车，大家揶揄的同时，其实也在无形之中加强了联系。相比之下，三星的推广比较克制。这所带来的一个问题就是，线上用户对于三星的人性化感知比较弱。我觉得三星中国可以有意识的推个高管出来，比如视频里的冯恩老师。推广方法小米OPPO已经指明了道路，就是提前给大家曝一些料，也能借此听听用户的声音。当然了，在社交网络上，三星中国所面临的最大问题也是其他手机厂商所没有的，那就是三星中国上边还有一个三星L老板联播的微博视频", "author": "钟文泽", "time": "钟文泽03月02日14:15 来自三星android智能手机", "transmit": 28, "comment": 121, "zan": 156, "sentiment": [{"positive_prob": 0.0663166, "confidence": 0.85263, "negative_prob": 0.933683, "sentiment": 0}]}, {"text": "【路透社：华为将向员工股东派发数十亿美元现金股息】路透社消息，中国华为技术有限公司将向员工股东派发总值数十亿美元的现金股息，增幅为3%。六名员工股东消息人士表示，2018年的每股现金股息料从1.02元增至1.05元，总每股收益下降7%，至2.61元，因进行了拆股。消息人士称，2018年还将进行1：1.56的拆股，现金股息可能与年薪相当，甚至更高。O路透社：华为将向员工股东派发数十亿美元现金股息", "author": "环球市场播报", "time": "环球市场播报03月02日11:09 来自微博weibo.com", "transmit": 226, "comment": 94, "zan": 121, "sentiment": [{"positive_prob": 0.0441201, "confidence": 0.901955, "negative_prob": 0.95588, "sentiment": 0}]}, {"text": "20190302「【黃金唱・爆你】黃子華為羅金榮開金口自爆曾叫兄弟背棄理想轉行揸的士」羅金榮（Wing）是前樂隊幕後玩家成員，樂隊95年成軍，可惜出道兩年遇上公司倒閉被迫解散。不過，Wing多年來沒有放棄音樂，身邊更有一位「黃金兄弟」默默支持他。曾經以「前世唔知係咪親兄弟」來形容老友黃子華的Wing，今晚就跟這位好兄弟齊齊現身「娛果」facebook特備節目《黃金唱‧爆你》，子華神更講明，現身就是為了老友羅金榮。金盆o浪口後的子華，今晚現身蘋果大樓再開金口，令在場圍觀的壹傳媒同事個個拍掌叫好，當Wing說罷兩人相識經過後，子華神更抵死地問現場同事：「你哋聽唔聽得明佢講乜？唱歌啲人係咁，呢件事發生喺我身上，我都聽唔明佢講乜嘢！」然後再重新說一遍，指他某年拍電影，剛巧租用了Wing的寓所，他晚上在酒吧遇見Wing，才得悉剛拍戲的屋主是他。不過，子華指他認識Wing更早，當年在港台做PA，某天跟導演做訪問，當年訪問兩個單位，一個是參加完譚詠麟模仿大賽冠軍的Wing，另一個單位是導演指又嘈又亂，一定不會紅的Beyond，惟Wing即時更正子華，指自己當年其實是參加「18區夏日樂逍遙」歌唱大賽，子華隨即講笑說：「原來我誤會咗你咁多年。」然後子華就叫Wing唱出由他填詞的《應覺再見》。子華說：「記得係97左右，諗吓當年幾敏感，明明想寫英國再見都唔寫得，咁就叫做《應覺再見》，即係應該覺得會再見嘅意思。」他又講笑說：「我都覺得寫得幾好，好似講緊同英國咁多年嘅關係，好似男女情慾關係咁，當年同英國在床上打觔斗，一落床就分手。」之後子華又講97年Wing自資出唱片，笑指Wing最擅長「自資」，但Wing就說沒辦法，因為沒有唱片公司欣賞。子華即說：「據我所知，香港第一個我認為係真正音樂人去Busking嘅係羅金榮，當時佢同我講去女人街街頭表演，我覺得咁快要乞食？」子華又說，「當年女人街好多時有人掟鏹水，Wing有一日問我知唔知旺角點解咁多人淋鏹水，差人都捉唔到，因為佢哋係想掟我！所以佢當年係冒住生命危險去Busking！」Wing說當年去Busking只可叫大家隨緣樂助，因為指定收錢便變成小販。子華問他最多收過多少錢？Wing說：「試過收500蚊，最少係2蚊，仲要係掟出嚟，然後話我懶型！」然後Wing唱了一首舊歌《忘我》，子華待Wing唱罷再介紹這首歌：「呢首歌好有狂野嘅詩意，係有咗詞先作曲。」Wing跟子華chitchat時，又讚子華對音樂上的認知，而他們二人都好喜歡Blues的音樂，Wing又說：「大家以為子華只做棟篤笑同做戲叻，其實佢喺音樂方面嘅認知，比好多音樂人還高。」之後子華叫Wing用這種音樂風格唱出新歌《循環數》、《獅子山下》及《海闊天空》。子華聽Wing唱完《海闊天空》，講到其中一句歌詞「背棄了理想，誰人都可以」，他便說：「我識咗羅金榮20幾年，我都唔明佢點解唔背棄佢嘅理想，因為佢實在太難行，除咗Busking被人掟兩蚊，冇人搵佢出碟，辛苦賺嘅錢又唔夠請樂隊，自己一手一腳整晒出嚟出，又冇乜人理，只係想搵食啫，唔係賺大錢，對唔住，係做唔到嘅，唔係黃子華睇住你，請羅金榮做好多騷嘅製作嘢，我都真係唔知你去咗邊度。」子華直言有感到心噏，「有一次羅金榮去參加中國啲音樂比賽，佢同我講經過三番四次，上咗內地好多次，終於爭取到一個機會。同李克勤一齊唱『紅日』，獲得唱兩句嘅機會，佢仲好高興send畀我話我知，我睇到只係覺得好艱辛。」說罷子華又向Wing說對不起，指他可能說了Wing不想講出來的事，但Wing笑說好多人都知，子華即接着謂：「克勤都知啦，我當時睇到克勤直頭係想話：『畀佢上嚟唱啦』我有啲feel到，因為克勤都識羅金榮，只係喺嗰個場合，佢只係唱得兩句。」然後，子華再講Wing除了似譚詠麟，唱腔跟張國榮都好相似，又笑說：「你一次過可以將兩個死對頭模仿晒，你真係能令世界和平，普京同金仔都俾你搞掂喎！」然後即時叫Wing唱出譚詠麟的《忘不了你》，以及張國榮的《你在何地》。子華最後更爆，他曾經叫過Wing不如轉行，「佢唱呢兩首歌，令我諗起有一日，同並冇明天嘅羅金榮一齊行街，唔係辦法，自己作曲作詞呢啲真係好難搞，於是就諗，又唱到譚詠麟，又唱到張國榮，於是我哋去卡拉ok，我叫佢試吓唱，睇吓唱邊個似啲，就完全用嗰個人嘅腔唱新嘅歌，咁掂啦，嗰時係咁諗嘅，當然係失敗咗啦，上完去可能醉咗，之後都冇咗件事，然後佢上年又同我講佢出碟，佢又作歌，於是冇辦法喇，其實我已經叫過佢幾次揸的士，唔係講笑，唔緊要㗎，我都試過坐的士，司機不停唱都好開心，因為為佢嘅生計擔心，最後佢又搵到錢出碟，都好希望佢成功。」子華又替Wing介紹新歌《假如當初我不模仿譚詠麟》，還拍心口說：「個concept我負全責，係我叫佢搵人寫嘅，我話你唔好搞喇，譚詠麟搞咗你20幾年喇，令到你唔成功呀，因為你最初學過譚詠麟，當然譚詠麟自己唔知，我會話畀佢聽。」節目尾聲，子華和Wing合唱由他填詞，Wing作曲的《藍天》。", "author": "秦盖盖盖盖不上", "time": "秦盖盖盖盖不上03月02日01:20 来自iPhone客户端", "transmit": 40, "comment": 6, "zan": 20, "sentiment": [{"positive_prob": 0.0350565, "confidence": 0.922097, "negative_prob": 0.964944, "sentiment": 0}]}, {"text": "这次中国真正领先了一把！华为折叠屏手机背后的人们#csmo看世界#产业发展需要上下游企业协同，全产业链共同发展。华为MateX折叠手机这一高端机的出现，让国人为之振奋。深度合作、协同开发，价值创造，BOE愿助力品牌企业成功！制造业强国#供给侧改革哪家强?#O这次中国真正领先了一把！华为折叠屏手机背后的人们​", "author": "原烽_BOE", "time": "原烽_BOE03月02日06:21 来自boe超话", "transmit": 222, "comment": 86, "zan": 193, "sentiment": [{"positive_prob": 0.973675, "confidence": 0.941499, "negative_prob": 0.0263255, "sentiment": 2}]}, {"text": "【华为差点“卖身”摩托罗拉？网友戏称：谢不“杀”之恩】16年前，华为曾和摩托罗拉达成协议，后者以75亿美元收购华为。据报道，后续的尽职调查也进行地非常顺利，而且这笔交易的结构经过精心设计，以确保不会与双方监管机构发生冲突。然而，历史总是不缺乏偶然性和戏剧性。就在关键时刻，摩托罗拉换帅了。2003年，时任摩托罗拉首席执行官ChrisGalvin宣布辞职，SunMicrosystems公司前任总裁EdZander接过了这一位置。Zander上任后同意就华为的交易继续谈判，但最终拒绝通过，理由是董事会认为，收购华为这样一个不知名的外国公司，价格太贵了，而且其中大部分要以现金支付。这在今天看来是多么讽刺！摩托罗拉竟然嫌华为不知名，嫌华为卖75亿美元贵？有网友戏称，“要感谢摩托罗拉不杀（收）之恩！”O华为差点“卖身”摩托罗拉？网友戏称：谢不“杀”之恩", "author": "凤凰网财经", "time": "凤凰网财经03月02日18:33 来自微博weibo.com", "transmit": 47, "comment": 81, "zan": 87, "sentiment": [{"positive_prob": 0.0937764, "confidence": 0.791608, "negative_prob": 0.906224, "sentiment": 0}]}, {"text": "【感谢当年不收之恩！#摩托罗拉曾拒收购华为#：75亿美元报价太贵】2月27日，英国《金融时报》公布了任正非与摩托罗拉COO迈克·扎菲罗夫斯基的旧照。2003年，摩托罗拉曾有意以75亿美元收购华为，但最终因人事变动中断。如今的摩托罗拉早已被联想以29亿美元收购，华为真心感谢摩托罗拉不收之恩！如果被收购了，通信业历史会很不一样，而现在华为已是全球最大的电信设备公司和销量第二的智能手机厂商。L老板联播的微博视频", "author": "中国企业家杂志", "time": "中国企业家杂志03月02日22:08 来自微博weibo.com", "transmit": 34, "comment": 22, "zan": 40, "sentiment": [{"positive_prob": 0.980412, "confidence": 0.956471, "negative_prob": 0.019588, "sentiment": 2}]}]