[{"text": "#华为CFO孟晚舟被捕#【外交部召见加拿大驻华大使就加方无理拘押华为公司负责人提出严正交涉】今天，中国外交部副部长乐玉成紧急召见加拿大驻华大使麦家廉，就加方拘押华为公司负责人提出严正交涉和强烈抗议。乐玉成指出，加方以应美方要求为由，将在加拿大温哥华转机的中国公民拘押，严重侵犯中国公民的合法、正当权益，于法不顾，于理不合，于情不容，性质极其恶劣。中方强烈敦促加方立即释放被拘押人员，切实保障当事人的合法、正当权益。否则必将造成严重后果，加方要为此承担全部责任。（央视记者申杨）", "author": "央视新闻", "time": "央视新闻2018年12月08日22:34 来自微博weibo.com", "transmit": 4881, "comment": 6068, "zan": 27399}, {"text": "【外交部召见加拿大驻华大使就加方无理拘押华为公司负责人提出严正交涉】12月8日，中国外交部副部长乐玉成紧急召见加拿大驻华大使麦家廉，就加方拘押华为公司负责人提出严正交涉和强烈抗议。乐玉成指出，加方以应美方要求为由，将在加拿大温哥华转机的中国公民拘押，严重侵犯中国公民的合法、正当权益，于法不顾，于理不合，于情不容，性质极其恶劣。中方强烈敦促加方立即释放被拘押人员，切实保障当事人的合法、正当权益。否则必将造成严重后果，加方要为此承担全部责任。", "author": "人民日报", "time": "人民日报2018年12月08日22:26 来自微博weibo.com", "transmit": 2355, "comment": 3088, "zan": 9025}, {"text": "#华为CFO孟晚舟被捕#【加拿大：孟晚舟保释听证将在10日继续举行】当地时间7日下午，加拿大不列颠哥伦比亚省高等法院对中国公民孟晚舟女士的保释申请未做出裁决，听证将在当地时间10日下午1点继续进行。在此之前，孟女士继续处于拘押状态。（央视记者张森）​", "author": "央视新闻", "time": "央视新闻2018年12月08日09:00 来自微博weibo.com", "transmit": 1202, "comment": 2875, "zan": 5918}, {"text": "【建议政府制裁加拿大】华为孟晚舟事件持续发酵，美国高官和加拿大总理相继发表谈话，指出美加两国均系司法独立国家，司法单位并未通知政府逮捕孟晚舟的行动。我呼吁政府不要相信他们的鬼话。首先我必须承认美加两国的宪法确实规定了三权分立的原则，司法必须独立于行政和立法。可是特朗普的行为一再玷污了美国的宪法。举例而言，他为了一己之私，逃避通俄门的调查，他明目张胆的干预司法炒掉了司法部长。而且我已经在微博中数度提到特朗普玷污美国宪法的行为，包括任命遭到性侵指控的卡瓦诺大法官，以及公开批评法官的独立审判挑衅美国的司法制度。我怀疑逮捕孟晚舟行动就出自于特朗普的授意。特朗普此举就是明目张胆的挑衅中国。因为过去被控破坏对伊制裁的公司都受到了重罚，但是没有高管被捕。我呼吁政府持续对加拿大施压，甚至可以考虑上升到制裁的高度，否则将来还会面临美国更多的挑衅，包括联合其他国家抵制华为的5G。我想提醒读者，中国目前最大的谈判本钱就是庞大的消费市场。今年中国的消费市场将和美国并驾齐驱高达40万亿人民币，明年将超过美国成为全球最大的单一消费市场。我个人非常反感加拿大两头讨好的恶劣行为，因为加拿大和美国签订自贸协定时同意了美国提出的毒药条款（禁止与中国签订自贸协定），但是面对媒体的质问，却又闪烁其词不敢正面表态。建议政府趁此机会对加拿大进行严厉制裁，禁止加拿大部分产品进入中国市场。", "author": "郎咸平", "time": "郎咸平2018年12月08日09:46 来自iPhone7", "transmit": 3012, "comment": 0, "zan": 6287}, {"text": "【外交部召见加拿大驻华大使　就加方无理拘押华为公司负责人提出严正交涉】新华社北京１２月８日电　中国外交部副部长乐玉成８日紧急召见加拿大驻华大使麦家廉，就加方拘押华为公司负责人提出严正交涉和强烈抗议。　　乐玉成指出，加方以应美方要求为由，将在加拿大温哥华转机的中国公民拘押，严重侵犯中国公民的合法、正当权益，于法不顾，于理不合，于情不容，性质极其恶劣。中方强烈敦促加方立即释放被拘押人员，切实保障当事人的合法、正当权益。否则必将造成严重后果，加方要为此承担全部责任。", "author": "新华视点", "time": "新华视点2018年12月08日23:14 来自微博weibo.com", "transmit": 2541, "comment": 1071, "zan": 3583}, {"text": "【外交部召见加拿大驻华大使：立即释放否则后果自负】2018年12月8日，中国外交部副部长乐玉成紧急召见加拿大驻华大使麦家廉，就加方拘押华为公司负责人提出严正交涉和强烈抗议。乐玉成指出，加方以应美方要求为由，将在加拿大温哥华转机的中国公民拘押，严重侵犯中国公民的合法、正当权益，于法不顾，于理不合，于情不容，性质极其恶劣。中方强烈敦促加方立即释放被拘押人员，切实保障当事人的合法、正当权益。否则必将造成严重后果，加方要为此承担全部责任。O外交部召见加拿大大使:立即释放我公民否则后果自负", "author": "新浪财经", "time": "新浪财经2018年12月08日22:49 来自专业版微博", "transmit": 1168, "comment": 206, "zan": 2827}, {"text": "【外交部召见加拿大驻华大使：不放人，必将造成严重后果】2018年12月8日，中国外交部副部长乐玉成紧急召见加拿大驻华大使麦家廉，就加方拘押华为公司负责人提出严正交涉和强烈抗议。　　乐玉成指出，加方以应美方要求为由，将在加拿大温哥华转机的中国公民拘押，严重侵犯中国公民的合法、正当权益，于法不顾，于理不合，于情不容，性质极其恶劣。中方强烈敦促加方立即释放被拘押人员，切实保障当事人的合法、正当权益。否则必将造成严重后果，加方要为此承担全部责任。", "author": "共青团中央", "time": "共青团中央2018年12月08日23:09", "transmit": 905, "comment": 1498, "zan": 3713}, {"text": "【胡锡进：我为什么用苹果手机发微博挺华为？它是在中国生产的】12月8日，“中美博弈与世界变局”#2019环球时报年会#在北京举办，环球时报总编辑胡锡进致辞。以下是胡锡进致辞全文：各位学者，来宾，各位领导，女士们先生们：欢迎并感谢大家在这个寒冷的早上来到这里，参加环球时报2018岁末的年会，我相信，今年咱们大家非常有的说。我想大家都有点迫不及待了，恨不能直接进入主题，把某个国家拉到台上来吊打。然而按照规矩，我作为主办方环球时报的总编辑还要做一个致辞。说什么呢？就从我这个苹果手机说起吧。老胡用苹果手机很多年了，一直用它发微博，从未引起过麻烦。但是今年四月，美国封杀中兴通信，我很生气，迅速发微博，力挺中兴，而且发出豪言壮语：今夜老胡和环球时报员工都是中兴人。挺好的微博，点赞上万，但第二天，黑我的帖子出现了。原来我发出去的微博上，明明白白显示是用苹果7发的。胡锡进用苹果手机挺华为，好虚伪啊！一时间这个骂我的帖子在互联网上更火。换手机吧，真心为我好的，故意将我军的，都这样劝我。说实话，当时我很想把苹果换了，换成中兴或华为，起个带头作用。中美贸易战刚一开打，环球时报可谓一马当先，我们写了很多充满豪言壮语的文章，比如我记得社评里有这样的句子：要用打抗美援朝的勇气打这场贸易战；如果美方相逼，中国不怕把太平洋打成中美贸易的天堑；一定要先打掉特朗普的一颗门牙再说，等等。那时中美互不摸底，相互宣示意志和决心，我们很希望，环球时报的这些狠话被对方看成是摆在中国商务部门后的棍子。但是，很可惜，我们没有把特朗普吓住。当然，他们也没把中国吓住，中国对美国的所有关税都实施了报复。大半年过去了，就在这周，华为CFO、任正非的女儿孟晚舟女士在加拿大被扣留。一时间中国社会群情激愤。我又用苹果手机发微博挺华为，结果又有人挑我的矛盾，要求我换手机。这时我的感受是，骂美国归骂美国，但爱疯老胡还是要用。为什么？因为我觉得如果在这个时候我换华为手机，不是个应有的姿态。中国是贸易顺差大国，中外产品在市场上应享有平等的权利，外国货不应被歧视，而且苹果又没有惹中国。更何况，我这个苹果手机应该还是在中国生产的，它里面融合着中美两国的共同利益。到了下半年，中美贸易战真打起来，我的最大担心已经不是中国会受多少经济损失了，而是中国千万别被来自外部的压力逼保守了，逼左了。我觉得在贸易战的逆境中保持住中国深化改革开放的大格局，比什么都重要。所以最近几个月，环球时报社评的方向出现了调整，我们一遍遍强调改开的重要性，强调在坚持党的坚强领导和政治稳定前提下，保持社会内部宽松和活力对落实改革开放的现实意义。我们提出，在国家建设正能量的同时，提高全社会对负能量的承受力同样重要。我们呼吁解放思想，探讨解放思想在深化改开时代的新内涵，比如我们提出，中国要注意不扩大中西意识形态的差距，还提出，在当前情况下，缓和中国与美西方的关系、不把中美关系引向冷战，也是中国的核心利益之一。2018年，中国和世界经历的极不平凡。斗争成了家常便饭，美国对华政策发生断崖式的强硬变化。但老胡希望，相信在座的各位同样希望，这一年会最终会作为中国改革开放新一季的最重要的年份被记住。中国越斗越开放，而不是越斗越保守。我们会是这样吗？世界允许我们这样吗？今天就请各路专家学者们开展精彩务实的探讨。最后我想借这个机会对各位支持环球时报的朋友们做一个表白：环球时报始终是中国国家利益的坚定维护者，我们与中国崛起共荣辱。在国家每一个重要的关头我们都冲在前面，值此改革开放的关键时刻，我们同样会冲在前面。感谢各位老师的支持和理解，因为有你们，我们从不孤独。谢谢大家。", "author": "环球时报", "time": "环球时报2018年12月08日10:47 来自微博weibo.com", "transmit": 437, "comment": 1092, "zan": 834}, {"text": "【外交部召见加拿大驻华大使就加方无理拘押华为公司负责人提出严正交涉】2018年12月8日，中国外交部副部长乐玉成紧急召见加拿大驻华大使麦家廉，就加方拘押华为公司负责人提出严正交涉和强烈抗议。　　乐玉成指出，加方以应美方要求为由，将在加拿大温哥华转机的中国公民拘押，严重侵犯中国公民的合法、正当权益，于法不顾，于理不合，于情不容，性质极其恶劣。中方强烈敦促加方立即释放被拘押人员，切实保障当事人的合法、正当权益。否则必将造成严重后果，加方要为此承担全部责任。（外交部）#任正非之女被逮捕#", "author": "头条新闻", "time": "头条新闻2018年12月08日22:12 来自微博weibo.com", "transmit": 860, "comment": 1605, "zan": 1547}, {"text": "胡锡进：我为什么要用苹果手机发帖挺华为？——在环球时报年会上的致辞各位学者，来宾，各位领导，女士们先生们：欢迎并感谢大家在这个寒冷的早上来到这里，参加环球时报2018岁末的年会，我相信，今年咱们大家非常有的说。我想大家都有点迫不及待了，恨不能直接进入主题，把某个国家拉到台上来吊打。然而按照规矩，我作为主办方环球时报的总编辑还要做一个致辞。说什么呢？就从我这个苹果手机说起吧。老胡用苹果手机很多年了，一直用它发微博，从未引起过麻烦。但是今年四月，美国封杀中兴通信，我很生气，迅速发微博，力挺中兴，而且直言：今夜老胡和环球时报员工都是中兴人。挺好的微博，点赞上万，但第二天，黑我的帖子出现了。原来我发出去的微博上，明明白白显示是用苹果7发的。胡锡进用苹果手机挺中兴，好虚伪啊！一时间这个骂我的帖子在互联网上更火。换手机吧，真心为我好的，故意将我军的，都这样劝我。说实话，当时我很想把苹果换了，换成中兴或华为，起个带头作用。中美贸易战刚一开打，环球时报可谓一马当先，我们写了很多充满豪言壮语的文章，比如我记得社评里有这样的句子：要用打抗美援朝的勇气打这场贸易战；如果美方相逼，中国不怕把太平洋打成中美贸易的天堑；一定要先打掉特朗普的一颗门牙再说，等等。那时中美互不摸底，相互宣示意志和决心，我们很希望，环球时报的这些狠话被对方看成是摆在中国商务部门后的棍子。但是，很可惜，我们没有把特朗普吓住。当然，他们也没把中国吓住，中国对美国的所有关税都实施了报复。大半年过去了，就在这周，华为CFO、任正非的女儿孟晚舟女士在加拿大被扣留。一时间中国社会群情激愤。我又用苹果手机发微博挺华为，结果又有人挑我的矛盾，要求我换手机。这时我的感受是，骂美国归骂美国，但爱疯老胡还是要用。为什么？因为我觉得如果在这个时候我换华为手机，不是个应有的姿态。中国是贸易顺差大国，中外产品在市场上应享有平等的权利，外国货不应被歧视，而且苹果又没有惹中国。更何况，我这个苹果手机应该还是在中国生产的，它里面融合着中美两国的共同利益。到了下半年，中美贸易战真打起来，我的最大担心已经不是中国会受多少经济损失了，而是中国千万别被来自外部的压力逼保守了，逼左了。我觉得在贸易战的逆境中保持住中国深化改革开放的大格局，比什么都重要。所以最近几个月，环球时报社评的方向出现了调整，我们一遍遍强调改开的重要性，强调在坚持党的坚强领导和政治稳定前提下，保持社会内部宽松和活力对落实改革开放的现实意义。我们提出，在国家建设正能量的同时，提高全社会对负能量的承受力同样重要。我们呼吁解放思想，探讨解放思想在深化改开时代的新内涵，比如我们提出，中国要注意不扩大中西意识形态的差距，还提出，在当前情况下，缓和中国与美西方的关系、不把中美关系引向冷战，也是中国的核心利益之一。2018年，中国和世界经历的极不平凡。斗争成了家常便饭，美国对华政策发生断崖式的强硬变化。但老胡希望，相信在座的各位同样希望，这一年会最终会作为中国改革开放新一季的最重要的年份被记住。中国越斗越开放，而不是越斗越保守。我们会是这样吗？世界允许我们这样吗？今天就请各路专家学者们开展精彩务实的探讨。最后我想借这个机会向各位支持环球时报的朋友们做一个表白：环球时报始终是中国国家利益的坚定维护者，我们与中国崛起共荣辱。在国家每一个重要的关头我们都冲在前面，值此深化改革开放的关键时刻，我们同样会冲在前面。感谢各位老师的支持和理解，因为有你们，我们从不孤独。谢谢大家。", "author": "胡锡进", "time": "胡锡进2018年12月08日10:50 来自iPhone7Plus", "transmit": 2297, "comment": 3253, "zan": 3402}, {"text": "转：华为公司董事、高级副总裁陈黎芳近日在华为新员工座谈会上讲话说到：“我们要正视美国的强大，看到差距，坚定地向美国学习，永远不要让反美情绪主导我们的工作。在社会上不要支持民粹主义，在内部不允许出现民粹，至少不允许它有言论的机会。全体员工要有危机感，不能盲目乐观，不能有狭隘的民族主义。” 为什么我们要坚定的向美国学习？真正的美国制造，你了解多少？ 我们不要小富即安，我们不要以为手头有几个活钱就了不得，如果产业没有增长潜力，没有附加值，没有精钢钻，光做牛仔裤和运动鞋，不管做得多好，做得多大，都不可能赶上美国。都还是农民工进城。 想赶上美国，不但要有中国自己的通用电气，波音，也要有中国自己的诺斯洛普格拉曼，霍尼韦尔，洛克希德·马丁，雷神，汤普森·拉莫·伍尔德里奇，联合技术，利顿工业，达信，CSC，ITT ，联合防务，休斯电子，L-3通信，艾连特技术系统，哈里斯，罗克韦尔，阿尔康工业，韦里迪安，西利康图解计算，布兹·阿伦·哈密尔顿，普利迈克斯技术，米特里......EGG，DRS，泰里达因技术，列·谢格勒，装备支援系统，蒂坦，安特翁，AM General，电子数据系统，奥什科什，库比克等等，更要有中国自己的通用汽车，陶氏，亨斯曼，PPG ，伊士曼化工，孟山都，道康宁，惠普和安捷伦，IBM，泰科，英特尔，卡特彼勒，德尔福，杜邦，江森自控，思科，3M ，迪尔，固特异，施乐，艾默生，惠而浦，摩托罗拉，朗讯，辉瑞、罗氏、礼来等等。 上述这些企业加上普林斯顿，哈佛，耶鲁，斯坦福，伯克利，加州理工，麻省理工，芝加哥，哥伦比亚多等等大学才是美国综合国力的支柱，才是美国骄傲的本钱，才是美国强大的原因。 经过我们这30年奋力追赶，我们与美国距离虽然不是差十万八千里了，但是还差得远，二万五千里总是有的，举例来说，在复合材料领域，杜邦积累的工艺数据，就是目前我国已经掌握的数据25倍以上，在涡扇发动机领域，我国做完的材料和工艺试验数量，不过GE的5%而已。 其他领域差距同样大，尤其是微电子，精密仪表仪器（现在国内大企业没有安捷伦仪器的实验室都不好意思给别人打招呼），传感器，精细化工，复合材料，特种金属材料，精密陶瓷材料等等，差距不可以道里计。 单单是机械制造领域，我们在高档数控系统，数字化工具系统及量仪，高档DCS、FCS和PLC，涡扇发动机智能控制系统与美国就有20年的巨大差距。 在精密和智能仪器仪表与试验设备方面差距更大，在高精度、高稳定性、智能化压力、流量、物位、成份仪表与高可靠执行器，智能电网先进量测仪器仪表（AMI），材料分析精密测试仪器与力学性能测试设备，新型无损检测及环境、安全检测仪器，国防特种测试仪器等各类试验设备我们基本全部依靠进口，被瓦森纳协定禁运的，只能依靠隐蔽战线同志们冒险。 至于高可靠性力敏、磁敏等传感器，新型复合、光纤、MEMS、生物传感器，仪表专用芯片，色谱、光谱、质谱检测器件；高参数、高精密和高可靠性轴承、液压/气动/密封元件、齿轮传动装置及大型、精密、复杂、长寿命模具；高档（尤其是军品级别）电子器件及变频调速装置等等都只能依靠进口或特殊手段取得。 美国制造业目前结构的优化程度是超出大家想象的，石油煤炭这种依赖资源的产业占比很低，消耗能源的汽车产业占比也不高，让人意外的是化工和机械这两个产业，占比非常高，而且这两个产业，美国在技术上有绝对领先优势。2013年，化工产品（包括制药）+塑料橡胶占全部制造业产值的19.5%；食品饮料占10.8%；电脑电子占9%；金属材料占8.7%；机械产品占7.8%；汽车产品占6.1%；航天运输5.9%；其他产品4.5%；石油煤炭4.4%。 不要小看美国的制造业，没有美国制造业，我们的数控机床，电子工业，能源工业，精细化工业和部分军工产品全部或部分要歇菜或性能大打折扣", "author": "但斌", "time": "但斌2018年12月08日15:36 来自iPhone客户端", "transmit": 3431, "comment": 995, "zan": 1725}, {"text": "【外交部召见加拿大驻华大使就加方无理拘押华为公司负责人提出严正交涉】2018年12月8日，中国外交部副部长乐玉成紧急召见加拿大驻华大使麦家廉，就加方拘押华为公司负责人提出严正交涉和强烈抗议。　　乐玉成指出，加方以应美方要求为由，将在加拿大温哥华转机的中国公民拘押，严重侵犯中国公民的合法、正当权益，于法不顾，于理不合，于情不容，性质极其恶劣。中方强烈敦促加方立即释放被拘押人员，切实保障当事人的合法、正当权益。否则必将造成严重后果，加方要为此承担全部责任。（外交部）", "author": "环球时报", "time": "环球时报2018年12月08日22:07 来自微博weibo.com", "transmit": 322, "comment": 578, "zan": 894}, {"text": "转发本条并关注我和@买买小白抽一位粉丝送一部价值9999元的华为MateRS保时捷设计[米奇比心][米奇比心][米奇比心]后天（10号）就开！！转发走起，万一呢@微博抽奖平台ps:戳此O网页链接可以抽双十二超级红包​", "author": "大佬", "time": "大佬2018年12月08日18:00 来自微博weibo.com", "transmit": 21194, "comment": 13773, "zan": 18147}, {"text": "【外交部召见加拿大驻华大使就加方无理拘押华为公司负责人提出严正交涉】12月8日，中国外交部副部长乐玉成紧急召见加拿大驻华大使麦家廉，就加方拘押华为公司负责人提出严正交涉和强烈抗议。乐玉成指出，加方以应美方要求为由，将在加拿大温哥华转机的中国公民拘押，严重侵犯中国公民的合法、正当权益，于法不顾，于理不合，于情不容，性质极其恶劣。中方强烈敦促加方立即释放被拘押人员，切实保障当事人的合法、正当权益。否则必将造成严重后果，加方要为此承担全部责任。", "author": "人民网", "time": "人民网2018年12月08日23:22 来自搜狗高速浏览器", "transmit": 259, "comment": 318, "zan": 1040}, {"text": "#孟晚舟加拿大被捕#【外交部召见加拿大驻华大使就加方无理拘押华为公司负责人提出严正交涉】12月8日，中国外交部副部长乐玉成紧急召见加拿大驻华大使麦家廉，就加方拘押华为公司负责人提出严正交涉和强烈抗议。乐玉成指出，加方以应美方要求为由，将在加拿大温哥华转机的中国公民拘押，严重侵犯中国公民的合法、正当权益，于法不顾，于理不合，于情不容，性质极其恶劣。中方强烈敦促加方立即释放被拘押人员，切实保障当事人的合法、正当权益。否则必将造成严重后果，加方要为此承担全部责任。", "author": "中国新闻网", "time": "中国新闻网2018年12月08日22:33 来自iPhone8Plus", "transmit": 188, "comment": 363, "zan": 697}, {"text": "【外交部召见加拿大驻华大使就加方无理拘押华为公司负责人提出严正交涉】2018年12月8日，中国外交部副部长乐玉成紧急召见加拿大驻华大使麦家廉，就加方拘押华为公司负责人提出严正交涉和强烈抗议。　　乐玉成指出，加方以应美方要求为由，将在加拿大温哥华转机的中国公民拘押，严重侵犯中国公民的合法、正当权益，于法不顾，于理不合，于情不容，性质极其恶劣。中方强烈敦促加方立即释放被拘押人员，切实保障当事人的合法、正当权益。否则必将造成严重后果，加方要为此承担全部责任。（外交部）", "author": "环球网", "time": "环球网2018年12月08日22:07", "transmit": 241, "comment": 225, "zan": 483}, {"text": "【社评：孟晚舟被扣后遭粗暴且有辱人格对待，这就是加国的人权法治？】加拿大不列颠哥伦比亚省高等法院当地时间星期五举行华为高管孟晚舟保释听证会,在未作出裁决的情况下宣布休庭,星期一继续开庭。据外媒援引法庭记者的报道说,孟晚舟在法庭上身穿绿色上衣,未戴手铐,她似乎受到了人道的对待。然而这些不过是假象。O社评：孟晚舟被扣后遭粗暴且有辱人格对待，这就是加国的人权法治？", "author": "环球网", "time": "环球网2018年12月08日23:36", "transmit": 470, "comment": 494, "zan": 552}, {"text": "今天再买一部华为手机去，用实际行动支持华为，支持任正非董事长。华为从创业到目前成为全球性中国首屈一指的科技公司，实属不易。国人上下都要全力支持华为度过这次难关。​", "author": "天津股侠", "time": "天津股侠2018年12月08日07:36 来自HUAWEIP20Pro", "transmit": 457, "comment": 1060, "zan": 7524}, {"text": "【外交部就加方扣押华为负责人紧急召见加驻华大使】据外交部网站消息，12月8日，中国外交部副部长乐玉成紧急召见加拿大驻华大使麦家廉，就加方拘押华为公司负责人提出严正交涉和强烈抗议。中方强烈敦促加方立即释放被拘押人员，切实保障当事人的合法、正当权益。否则必将造成严重后果，加方要为此承担全部责任。O外交部召见加拿大驻华大使:立即放人否则后果自负", "author": "微天下", "time": "微天下2018年12月08日23:25 来自微博weibo.com", "transmit": 88, "comment": 19, "zan": 302}, {"text": "这个主意不错......市场策略分析公司CMR主任在推特上警告：“如果美国以华为违反伊朗制裁令为由逮捕孟晚舟，中国可能也以军售台湾违反中国法律逮捕波音或国防承包商雷神的执行官！在中国的美国公司各高管需留神事态发展”#华为cfo孟晚舟被捕#​", "author": "彩云香江", "time": "彩云香江2018年12月08日22:48 来自HUAWEIMate10Pro", "transmit": 154, "comment": 290, "zan": 327}, {"text": "【外交部召见加拿大驻华大使就无理拘押华为负责人提出严正交涉】2018年12月8日，中国外交部副部长乐玉成紧急召见加拿大驻华大使麦家廉，就加方拘押华为公司负责人提出严正交涉和强烈抗议。乐玉成指出，加方以应美方要求为由，将在加拿大温哥华转机的中国公民拘押，严重侵犯中国公民的合法、正当权益，于法不顾，于理不合，于情不容，性质极其恶劣。中方强烈敦促加方立即释放被拘押人员，切实保障当事人的合法、正当权益。否则必将造成严重后果，加方要为此承担全部责任。外交部网站O外交部召见加拿大驻华大使就无理拘押华为负责人提出严正交涉", "author": "澎湃新闻", "time": "澎湃新闻2018年12月08日22:47 来自360安全浏览器", "transmit": 158, "comment": 297, "zan": 418}, {"text": "【外交部召见加拿大驻华大使：强烈敦促加方立即释放被拘押人员】12月8日，中国外交部副部长乐玉成紧急召见加拿大驻华大使麦家廉，就加方拘押华为公司负责人提出严正交涉和强烈抗议。乐玉成指出，加方以应美方要求为由，将在加拿大温哥华转机的中国公民拘押，严重侵犯中国公民的合法、正当权益，于法不顾，于理不合，于情不容，性质极其恶劣。中方强烈敦促加方立即释放被拘押人员，切实保障当事人的合法、正当权益。否则必将造成严重后果，加方要为此承担全部责任。（记者周瑾）", "author": "中国日报", "time": "中国日报2018年12月08日22:22", "transmit": 78, "comment": 95, "zan": 285}, {"text": "【胡锡进谈为何用iPhone发微博挺华为：不应歧视外国品牌】胡锡进发微博挺华为，用的是iPhone手机。很多网友表示不满：能不能不用iPhone，换成华为？对此，胡锡进表示在没有人找他做广告的前提下，还是会继续用iPhone。他表示，“我认为在中国今日有大量对外贸易顺差的时候，我们不应该再歧视外国品牌，应当让中外产品获得更加公平的竞争环境。”O胡锡进谈为何用iPhone发博挺华为：不应歧视外国品牌", "author": "新浪财经", "time": "新浪财经2018年12月08日10:32 来自微博weibo.com", "transmit": 319, "comment": 240, "zan": 237}, {"text": "奇怪现象？那些满怀正义的企业家们为何装聋作哑？上次联想老板女儿事件听到众多企业家出来发声力挺，貌似满满的手足情正义感！现在呢？华为女儿受冤无端被捕事件，令举国震惊，国民义愤——而那100多位发声力挺联想的大佬们哪去了？你们何以一个个装着没听见不知情？​", "author": "何新老家伙", "time": "何新老家伙2018年12月08日00:32 来自微博weibo.com", "transmit": 2093, "comment": 0, "zan": 2138}, {"text": "【外交部召见加拿大驻华大使就加方无理拘押华为公司负责人提出严正交涉】12月8日，中国外交部副部长乐玉成紧急召见加拿大驻华大使麦家廉，就加方拘押华为公司负责人提出严正交涉和强烈抗议。乐玉成指出，加方以应美方要求为由，将在加拿大温哥华转机的中国公民拘押，严重侵犯中国公民的合法、正当权益，于法不顾，于理不合，于情不容，性质极其恶劣。中方强烈敦促加方立即释放被拘押人员，切实保障当事人的合法、正当权益。否则必将造成严重后果，加方要为此承担全部责任。@人民日报", "author": "新京报", "time": "新京报2018年12月08日22:30", "transmit": 136, "comment": 636, "zan": 361}, {"text": "【环球时报总编辑胡锡进：我为何用iPhone发博挺华为】就在这周，华为CFO、任正非的女儿孟晚舟女士在加拿大被扣留。一时间中国社会群情激愤。我又用苹果手机发微博挺华为，结果又有人挑我的矛盾，要求我换手机。这时我的感受是，骂美国归骂美国，但iPhone老胡还是要用。为什么？（环球时报）O环球时报总编辑胡锡进：我为何用iPhone发博挺华为", "author": "新浪财经", "time": "新浪财经2018年12月08日18:57 来自微博weibo.com", "transmit": 196, "comment": 375, "zan": 248}, {"text": "【外交部召见加拿大驻华大使就加方无理拘押华为公司负责人提出严正交涉】据外交部官网消息，2018年12月8日，中国外交部副部长乐玉成紧急召见加拿大驻华大使麦家廉，就加方拘押华为公司负责人提出严正交涉和强烈抗议。　　乐玉成指出，加方以应美方要求为由，将在加拿大温哥华转机的中国公民拘押，严重侵犯中国公民的合法、正当权益，于法不顾，于理不合，于情不容，性质极其恶劣。中方强烈敦促加方立即释放被拘押人员，切实保障当事人的合法、正当权益。否则必将造成严重后果，加方要为此承担全部责任。", "author": "中国新闻周刊", "time": "中国新闻周刊2018年12月08日23:12 来自iPhone客户端", "transmit": 65, "comment": 170, "zan": 351}, {"text": "#主页君讲新闻#这两天同学们可能都被华为刷屏了，除了孟女士在加拿大被抓，英国这边，#英国电信禁用华为#然后紧接着...昨天（周四）英国几千万手机用户集体断网，同学们哀嚎一片....加拿大那个，主页君不了解情况，但是英国信这边，其实这件事情主页君还是能解释一下的...懒得看视频的人可以看这个review：Q.英国昨天断网，是因为华为被移除英国电信的核心网络吗？A.不是，昨天集体断网是因为爱立信崩了，而爱立信是O2在内的英国几个电信巨头的网络服务提供商，所以英国（包括日本）的移动网络就崩了，但是华为和其他几个公司提供服务的都没事，EE的主页君昨天信号就特别好....Q.英国电信把华为移除出电信网络是要和美国一起制裁我们吗A.其实这件事情是06年BT就定好的，华为不会参与BT的核心网络（机房和骨干网络）体系，只不过因为2016年BT收购了EE，而华为之前是EE的核心网络提供商，所以收购的时候顺便把华为的设备也给买了，在收购的尘埃落定后，这两年还是需要根据之前的协议把华为移除掉，华为自己也是知道的。Q.所以华为在英国不能做生意了吗？A.不是，核心网络（CoreNetwork）其实只是整个电信工程的一部分（还有基站和其他配套），甚至一般来说，核心网络的造价在整个电信项目里只是小小一个部分（1%），华为只是不参与英国电信的核心网络，基站还是会参与的。另外华为也给沃达丰提供服务，英国不是只有一家英国电信（这个名字听着好像是国家垄断公司，实际上BT也是一家公司而已）....Q.英国电信为什么不许华为参与5g的核心网络啊A.因为5G属于国家基础设施，华为作为一个中国公司，在英国政府“有的选”的前提下，是不太可能参与太深入的，这一点也不是昨天才提的，实际上17年18年英国安全局和议会都高论过这个问题，考虑到英国政府是“五眼情报联盟”的一员，基于国家安全考虑，实际上也是正常的。（就好像我们国家也不会允许Cisoc参与到中国的核心基础设施建设里一样）Q.对留学生来说，是一个坏消息吗？A.很难说，但是我个人认为是个好事情，中国企业在海外引起更多的社会讨论，发挥更大的社会影响力，会让你们的“中国人”的标签被更加重视，不管怎么说，都是个好事情。#华为cfo孟晚舟被捕##华为#L工作在英国的秒拍视频", "author": "工作在英国", "time": "工作在英国2018年12月08日01:28 来自秒拍网页版", "transmit": 659, "comment": 215, "zan": 882}, {"text": "【华为回应孟晚舟保释听证会：相信会有公正结论】加拿大温哥华当地时间7日下午，不列颠——哥伦比亚省高等法院对中国公民孟晚舟女士的保释申请未作出裁决，听证将在当地时间10日下午1点继续进行。在此之前，孟女士继续处于拘押状态。对此，华为8日回应如下：我们将继续关注下周的保释听证会。我们相信加拿大和美国的法律体系后续会给出公正的结论。O华为回应孟晚舟保释听证会：相信会有公正结论", "author": "环球网", "time": "环球网2018年12月08日12:08 来自微博weibo.com", "transmit": 46, "comment": 79, "zan": 300}, {"text": "中国本土企业别多了，再出20家华为这样的高科技公司，中国超越美国成为世界第一指日可待！以中国这么大的市场和消费能力，没理由不伟大！​", "author": "天津股侠", "time": "天津股侠2018年12月08日21:20 来自HUAWEIP20Pro", "transmit": 34, "comment": 343, "zan": 1995}]