[{"text": "【2019#中国民营企业500强#发布：华为海航苏宁列前三】22日，全国工商联在青海西宁发布了#2019中国民营企业500强#。华为投资控股有限公司以7212亿营收排名第一，海航集团、苏宁控股分列二三位，营收额分别为6183亿、6025亿。正威国际集团、恒大集团、京东集团、碧桂园控股、恒力集团、联想控股、国美控股进入前十。本次500强上榜门槛为185.85亿。O2019中国民营企业500强发布：华为海航苏宁列前三", "author": "财经网", "time": "财经网08月22日10:17 来自微博weibo.com", "transmit": 767, "comment": 807, "zan": 2111, "sentiment": [{"positive_prob": 0.96448, "confidence": 0.921066, "negative_prob": 0.0355205, "sentiment": 2}]}, {"text": "【#加拿大法院公布孟晚舟被捕画面#：遭海关搜查盘问3小时】#孟晚舟被捕画面公布#8月20日，经加拿大当局同意，加拿大法院公布了华为首席财务官孟晚舟被非法扣留的录像。视频显示，2018年12月1日，孟晚舟在温哥华国际机场从香港到布宜诺斯艾利斯中途停留时被捕。据加拿大媒体报道，孟晚舟遭到正式逮捕前遭到海关的搜查和盘问，整个过程长达3小时。@燃新闻L燃新闻的秒拍视频", "author": "头条新闻", "time": "头条新闻08月22日10:00 来自微博weibo.com", "transmit": 1170, "comment": 3183, "zan": 50222, "sentiment": [{"positive_prob": 0.686493, "confidence": 0.303319, "negative_prob": 0.313507, "sentiment": 2}]}, {"text": "“全世界把5G做的最好的是华为，西方其实是个高等大农村，要想看8K电视，它非买华为不可。”任老自信的样子真可爱，莫名的自豪。#华为发布最新AI处理器##华为谈博士200万年薪#L全球奇闻微爆光的微博视频​", "author": "掌上镇江", "time": "掌上镇江08月22日07:57 来自掌掌的iPhone客户端", "transmit": 4035, "comment": 4089, "zan": 79449, "sentiment": [{"positive_prob": 0.904087, "confidence": 0.786859, "negative_prob": 0.0959134, "sentiment": 2}]}, {"text": "明星偷税吸毒被原谅，袁隆平买华为手机却被羞辱，这才是时代最大的悲哀！​", "author": "搞笑公", "time": "搞笑公08月22日12:00 来自微博weibo.com", "transmit": 847, "comment": 910, "zan": 12863, "sentiment": [{"positive_prob": 0.237656, "confidence": 0.471876, "negative_prob": 0.762344, "sentiment": 0}]}, {"text": "【#2019中国民营企业500强#发布：华为、海航、苏宁位列前三】2019中国民营企业500强今日发布。华为投资控股有限公司以7212亿营收排名第一，海航集团、苏宁控股分列二三位，营收额分别为6183亿、6025亿。正威国际集团、恒大集团、京东集团、碧桂园控股、恒力集团、联想控股、国美控股进入前十。本次500强上榜门槛为185.85亿。#中国民营企业500强#O2019民营企业500强全榜单发布", "author": "Vista看天下", "time": "Vista看天下08月22日10:46 来自微博weibo.com", "transmit": 116, "comment": 304, "zan": 1384, "sentiment": [{"positive_prob": 0.974857, "confidence": 0.944126, "negative_prob": 0.0251434, "sentiment": 2}]}, {"text": "【#2019中国民企500强#发榜：华为四连冠，56家去年营收超千亿】8月22日，全国工商联发布2019中国民营企业500强榜单。榜单显示，华为投资控股有限公司以7212亿元营收排名第一，海航集团、苏宁控股分列二三位，营收额分别为6183亿元、6025亿元。正威国际集团、恒大集团、京东集团、碧桂园控股、恒力集团、联想控股、国美控股进入前十。其中，上榜的56家企业营业收入总额超过1000亿元，85家企业营业收入总额在500亿-1000亿元，359家企业营业收入总额在100亿-500亿元。O中国民企500强发榜：华为四连冠，56家去年营收超千亿", "author": "澎湃新闻", "time": "澎湃新闻08月22日21:42 来自微博weibo.com", "transmit": 121, "comment": 252, "zan": 469, "sentiment": [{"positive_prob": 0.975558, "confidence": 0.945685, "negative_prob": 0.0244417, "sentiment": 2}]}, {"text": "#时尚的智能眼镜#青春有你选手再相遇！昨日，GENTLEMONSTER华为智能眼镜新品预览会在上海、北京两地举办，灵超、木子洋、岳岳、管栎、李振宁、胡春杨、王喆、施展悉数到场，感受时尚黑科技。戴上墨镜的青你男孩，有没有让你觉得有些不一样呢~​", "author": "芒果娱乐", "time": "芒果娱乐08月22日15:55 来自微博weibo.com", "transmit": 1256, "comment": 821, "zan": 9132, "sentiment": [{"positive_prob": 0.996297, "confidence": 0.991772, "negative_prob": 0.00370273, "sentiment": 2}]}, {"text": "【#孟晚舟被捕画面公布#被海关搜查盘问超过3小时】8月20日，温哥华法庭公布了华为首席财务官孟晚舟被非法扣留时的视频和文件。2018年12月1日，孟晚舟从香港飞往布宜诺斯艾利斯，途中经停温哥华机场时被加拿大警方逮捕。孟晚舟的律师称，她被正式逮捕前，遭到海关长达3个小时的搜查和盘问，随身携带的所有行李全部被搜查。（《环球时报》三缺二视频组）@这视频L这视频的秒拍视频", "author": "环球时报", "time": "环球时报08月22日18:30 来自微博weibo.com", "transmit": 187, "comment": 243, "zan": 5091, "sentiment": [{"positive_prob": 0.207069, "confidence": 0.539848, "negative_prob": 0.792931, "sentiment": 0}]}, {"text": "#孟晚舟被捕画面公布#之前孟晚舟获保释后乘车离开。之后发朋友圈：已回到家人身边，我以华为为傲，我以祖国为傲！L实时星闻的微博视频​", "author": "实时星闻", "time": "实时星闻08月22日13:02 来自vae1688888Android", "transmit": 400, "comment": 1325, "zan": 24898, "sentiment": [{"positive_prob": 0.846947, "confidence": 0.659882, "negative_prob": 0.153053, "sentiment": 2}]}, {"text": "【#2019中国民营企业500强#发布华为位居第一】8月22日，全国工商联发布2019中国民营企业500强榜单，前三名为华为（7212.02亿元）、海航（6182.93亿元）、苏宁（6024.56亿元）。其中，华为蝉联民营企业500强榜首、民营企业制造业500强榜首。此外，京东位居第6名，联想第9位，小米第24位，百度第53位。（李金磊）", "author": "中国新闻网", "time": "中国新闻网08月22日13:56 来自微博weibo.com", "transmit": 157, "comment": 209, "zan": 874, "sentiment": [{"positive_prob": 0.978299, "confidence": 0.951777, "negative_prob": 0.0217005, "sentiment": 2}]}, {"text": "【#加拿大法院公布孟晚舟被捕画面#：遭海关搜查盘问3小时】20日，经加拿大当局同意，加拿大法院公布了华为首席财务官孟晚舟被非法扣留的录像。视频显示，2018年12月1日，孟晚舟在温哥华国际机场从香港到布宜诺斯艾利斯中途停留时被捕。据加拿大媒体报道，孟晚舟遭到正式逮捕前遭到海关的搜查和盘问，整个过程长达3小时。#孟晚舟被捕画面公布#L燃新闻的秒拍视频", "author": "Vista看天下", "time": "Vista看天下08月22日11:01 来自微博weibo.com", "transmit": 37, "comment": 104, "zan": 525, "sentiment": [{"positive_prob": 0.657267, "confidence": 0.238371, "negative_prob": 0.342733, "sentiment": 2}]}, {"text": "【“2019#中国民营企业500强#”榜单公布：华为连续四年位列榜首】8月22日，全国工商联在青海西宁发布了《2019年中国民营企业500强报告》，华为投资控股有限公司以7212.02亿元的营业收入再次蝉联榜单之首，而这已是华为蝉联“中国民企500强”榜首的第四年。此外，海航集团、苏宁控股分别以6182.93亿元和6024.56亿元的营业收入排名第二和第三位。正威国际集团、恒大集团、京东集团、碧桂园控股、恒力集团、联想控股、国美控股进入前十。本次500强上榜门槛为185.85亿。（记者：陈昊冰）O网页链接", "author": "央视财经", "time": "央视财经08月22日11:06", "transmit": 61, "comment": 56, "zan": 124, "sentiment": [{"positive_prob": 0.958224, "confidence": 0.907165, "negative_prob": 0.0417759, "sentiment": 2}]}, {"text": "看过很多不一样的展览，见过很多奇妙的组合，喜欢看热爱生活追逐梦想的人用独特的视角记录生活，此次#华为P30#系列线上未来影像馆是对以往展的突破，大咖精彩完整的点评，华为P30Pro将每帧美好定格，让科技有温度，近距离感受#未来影像#的各种可能，超强技术分析让你从小白进化成大师，还有更多贴心Q&A！真的很赞，猛戳链接速来吧！O网页链接L华为终端官方微博的秒拍视频", "author": "岚岚大冒险", "time": "岚岚大冒险08月22日19:00 来自微博weibo.com", "transmit": 1417, "comment": 3588, "zan": 7088, "sentiment": [{"positive_prob": 0.975223, "confidence": 0.944941, "negative_prob": 0.0247767, "sentiment": 2}]}, {"text": "【#2019中国民营企业500强#榜单出炉：华为连续四年位列榜首】8月22日2019中国民营企业500强发布。华为投资控股有限公司以7212亿营收排名第一，海航集团、苏宁控股分列二三位，营收额分别为6183亿、6025亿。正威国际集团、恒大集团、京东集团、碧桂园控股、恒力集团、联想控股、国美控股进入前十。本次500强上榜门槛为185.85亿。O重磅！“2019中国民企500强”出炉华为榜首四连冠", "author": "凤凰网财经", "time": "凤凰网财经08月22日10:08 来自专业版微博", "transmit": 87, "comment": 63, "zan": 113, "sentiment": [{"positive_prob": 0.967592, "confidence": 0.927983, "negative_prob": 0.0324079, "sentiment": 2}]}, {"text": "李振宁💕#GENTLEMONSTER华为智能眼镜#小李总腔调很足的@UNINE_李振宁​", "author": "PlumWine1105丨李振宁", "time": "PlumWine1105丨李振宁08月22日17:36 来自李振宁超话", "transmit": 179, "comment": 121, "zan": 722, "sentiment": [{"positive_prob": 0.945501, "confidence": 0.878891, "negative_prob": 0.0544989, "sentiment": 2}]}, {"text": "郑爽#郑爽生日会#郑不修！！！！！华为p30生图​", "author": "版萌DDK", "time": "版萌DDK08月22日14:00 来自郑爽超话", "transmit": 148, "comment": 221, "zan": 1643, "sentiment": [{"positive_prob": 0.691314, "confidence": 0.314032, "negative_prob": 0.308686, "sentiment": 2}]}, {"text": "【#加拿大法院公布孟晚舟被捕画面#：遭海关搜查盘问3小时】#孟晚舟被捕画面公布#8月20日，经加拿大当局同意，加拿大法院公布了华为首席财务官孟晚舟被非法扣留的录像。视频显示，2018年12月1日，孟晚舟在温哥华国际机场从香港到布宜诺斯艾利斯中途停留时被捕。据加拿大媒体报道，孟晚舟遭到正式逮捕前遭到海关的搜查和盘问，整个过程长达3小时。@燃新闻O加拿大法院公布孟晚舟被捕画面:遭海关搜查盘问3小时L燃新闻的秒拍视频", "author": "新浪财经", "time": "新浪财经08月22日10:32 来自微博weibo.com", "transmit": 73, "comment": 74, "zan": 303, "sentiment": [{"positive_prob": 0.550461, "confidence": 0.00102335, "negative_prob": 0.449539, "sentiment": 2}]}, {"text": "【#华为美女高管犀利喊话#：美国若禁止华为5G，GDP将6年缩水2400亿美元】8月19日，RCR无线新闻发布了对华为公共事务高级副总裁JoyTan的专访。对于实体清单，Joy表示，美国政府影响到美国企业，不光是英特尔、高通，还包括很多中小企业。她还援引美国咨询公司的测算称，如果美国禁止华为5G进入，会导致美国GDP未来六年缩水2410亿美元。值得注意是，美国商务部近期宣布，针对华为禁令的宽限期将再次延长90天。L老板联播的微博视频", "author": "新浪科技", "time": "新浪科技08月22日20:20 来自微博weibo.com", "transmit": 112, "comment": 145, "zan": 635, "sentiment": [{"positive_prob": 0.983412, "confidence": 0.963139, "negative_prob": 0.0165876, "sentiment": 2}]}, {"text": "非常非常非常喜欢，自己送给自己的礼物#华为Mate20X5G#拍照好漂亮啊，支持！#华为#2广州·未来社​", "author": "刘玉翠Rain", "time": "刘玉翠Rain08月22日17:42 来自HUAWEIMate20X5G", "transmit": 7, "comment": 58, "zan": 307, "sentiment": [{"positive_prob": 0.994915, "confidence": 0.988699, "negative_prob": 0.00508552, "sentiment": 2}]}, {"text": "木子洋☁️#GENTLEMONSTER华为智能眼镜#190821上海GM“你是迟钝的黑暗/我熄灭月亮/陷入你”@木子洋KWIN​", "author": "云烟过境丨木子洋KWIN", "time": "云烟过境丨木子洋KWIN08月22日15:21 来自木子洋超话", "transmit": 43, "comment": 10, "zan": 144, "sentiment": [{"positive_prob": 0.468193, "confidence": 0.363862, "negative_prob": 0.531807, "sentiment": 1}]}, {"text": "【#2019中国民营企业500强#榜单公布：华为连续四年位列榜首（附全榜单）】8月22日，全国工商联在青海西宁发布了2019中国民营企业500强。华为投资控股有限公司以7212亿营收排名第一，海航集团、苏宁控股分列二三位，营收额分别为6183亿、6025亿。本次500强上榜门槛为185.85亿。O“2019中国民营企业500强”榜单公布：华为连续四年位列榜首（附全榜单）​", "author": "21世纪经济报道", "time": "21世纪经济报道08月22日11:21 来自HUAWEIMate20", "transmit": 63, "comment": 12, "zan": 52, "sentiment": [{"positive_prob": 0.945258, "confidence": 0.87835, "negative_prob": 0.0547424, "sentiment": 2}]}, {"text": "【#2019中国民企500强#出炉榜首是华为（附全榜单）】据华夏时报，全国工商联在青海西宁发布了《2019年中国民营企业500强报告》，华为投资控股有限公司以7212.02亿元的营业收入再次蝉联榜单之首。这已是华为蝉联”中国民企500强榜首的第四年。海航集团、苏宁控股分别以6182.93亿元和6024.56亿元的营业收入排名第二和第三位。O重磅！“2019中国民企500强”出炉榜首是它", "author": "凤凰网科技", "time": "凤凰网科技08月22日10:11 来自微博weibo.com", "transmit": 76, "comment": 69, "zan": 156, "sentiment": [{"positive_prob": 0.951606, "confidence": 0.892457, "negative_prob": 0.0483944, "sentiment": 2}]}, {"text": "没有华为设备，美国一些地区的农民911都打不通了……（@风闻社区）​", "author": "观察者网", "time": "观察者网08月22日14:27 来自iPhone客户端", "transmit": 245, "comment": 379, "zan": 3181, "sentiment": [{"positive_prob": 0.208138, "confidence": 0.53747, "negative_prob": 0.791862, "sentiment": 0}]}, {"text": "【#2019中国民营企业500强#发布：华为、海航、苏宁位列前三】2019中国民营企业500强今日发布。华为投资控股有限公司以7212亿营收排名第一，海航集团、苏宁控股分列二三位，营收额分别为6183亿、6025亿。正威国际集团、恒大集团、京东集团、碧桂园控股、恒力集团、联想控股、国美控股进入前十。本次500强上榜门槛为185.85亿。#中国民营企业500强#您怎么看？O2019民营企业500强全榜单发布", "author": "新浪财经", "time": "新浪财经08月22日09:51 来自微博weibo.com", "transmit": 55, "comment": 37, "zan": 219, "sentiment": [{"positive_prob": 0.966939, "confidence": 0.926531, "negative_prob": 0.033061, "sentiment": 2}]}, {"text": "关于智慧屏，现在不止华为一家在做。荣耀出的这款只是试水产品。估计后续TCL、海尔海信这种都会跟进。如果类比手机智能化的过程，现在很像苹果3出来的时候。智慧屏的基础技术层有几个：1、5G+8K的远景2、本土面板突破3、AI技术的普及4、流媒体的突起5、分布式的应用稍作解释：首先在通讯层的改变，4G+4k的试水产品在客户端体验就已经很不错了。后续升级为5G+8K的标准产品，完全可以干掉传统电视的存量。由于本土面板，尤其是大尺寸面板即将规模投产。例如京东方的10.5、华星光电的11等，大面板产能将达到全球近一半。在这种上游产业扩张的背景下，以智慧屏消纳是最合适的选择。AI方面，中国的风投总量并不逊色于美国。虽然目前的应用还比较有限，但随着产品投放后会出现代际跃升。流媒体的突起就不需要聊了，在抖音快手上长大的新生代，基本很难坐在传统电视面前看插播广告。至于分布式，则能将电视作为一个家庭展示终端，连接其他信息入口。这一点看鸿蒙系统的介绍就已经很清楚了。最好的5G技术、最大的面板产量、最大的AI投入，最快的流媒体发展和最先发的分布式系统。当然，还有最大的单体消费市场。是足够培育出一两个电视品牌，然后走出去吃掉韩日高端电视市场的。至于炒股，今年做完荣耀这波，后面还有一波华为版智慧屏。", "author": "唐史主任司马迁", "time": "唐史主任司马迁08月22日08:38 来自360安全浏览器", "transmit": 192, "comment": 106, "zan": 1259, "sentiment": [{"positive_prob": 0.985052, "confidence": 0.966781, "negative_prob": 0.0149484, "sentiment": 2}]}, {"text": "【研报：5G手机的全球销量预计在2020年达到1.6亿台】根据StrategyAnalytics最新发布的研究报告《5G智能手机销量：2020年中国将驱动迅速增长》显示，预计在2020年，5G智能手机的全球销量将达到1.6亿台，华为将依靠绝佳优势占据中国5G智能手机大部分的销量。LNBD视频的微博视频​", "author": "新浪财经", "time": "新浪财经08月22日13:49 来自微博weibo.com", "transmit": 31, "comment": 87, "zan": 179, "sentiment": [{"positive_prob": 0.751183, "confidence": 0.447073, "negative_prob": 0.248817, "sentiment": 2}]}, {"text": "大盘指数走好买5G华为科技股，大盘走不好买种业稀土黄金，都有的玩​", "author": "天津股侠", "time": "天津股侠08月22日13:24 来自微博weibo.com", "transmit": 71, "comment": 102, "zan": 1630, "sentiment": [{"positive_prob": 0.573796, "confidence": 0.052879, "negative_prob": 0.426204, "sentiment": 2}]}, {"text": "#2019中国民营企业500强#榜单今天发布，华为连续四年位列榜首这次500强上榜门槛为185.85亿。你们家乡的企业最高排第几？​", "author": "天眼查", "time": "天眼查08月22日12:11", "transmit": 237, "comment": 147, "zan": 412, "sentiment": [{"positive_prob": 0.864512, "confidence": 0.698915, "negative_prob": 0.135488, "sentiment": 2}]}, {"text": "【#孟晚舟被捕画面曝光#！遭非法拘留3小时并禁止联络家人】8月20日，经加拿大当局同意，加拿大法院公开了孟晚舟被捕视频和多份证供文件。2018年12月1日，华为首席财务官孟晚舟在温哥华机场转机时，被加拿大边境服务局人员扣留。孟晚舟目前获准保释，法院将于9月23号就引渡案举行听证会，相关审讯定于明年1月20号开始。via中国青年网L中青网新闻中心的秒拍视频", "author": "环球网", "time": "环球网08月22日16:47", "transmit": 63, "comment": 63, "zan": 413, "sentiment": [{"positive_prob": 0.861797, "confidence": 0.692881, "negative_prob": 0.138203, "sentiment": 2}]}, {"text": "灵超20190821#GENTLEMONSTER华为智能眼镜#@gentlemonsterofficialGENTLEMONSTERX华为智能眼镜活动红毯，灵超高清4p​", "author": "小餓图很多么", "time": "小餓图很多么08月22日12:52 来自灵超超话", "transmit": 203, "comment": 231, "zan": 745, "sentiment": [{"positive_prob": 0.989722, "confidence": 0.97716, "negative_prob": 0.0102782, "sentiment": 2}]}]