[{"text": "VLOG033-我用华为P30Pro拍到了全北京的夜景，还有一只猫（别眨眼！）L迪仔Dizzz的微博视频​", "author": "迪仔Dizzz", "time": "迪仔Dizzz04月22日21:26 来自微博视频", "transmit": 2472, "comment": 2892, "zan": 3896, "sentiment": [{"positive_prob": 0.793009, "confidence": 0.540019, "negative_prob": 0.206991, "sentiment": 2}]}, {"text": "【华为员工19级自爆年薪200万】疑似华为员工在社交网络上爆料自己2018年年终奖发了91万（税前），加上股票TUP、工资等年收入妥妥的突破200万。该华为员工入职7年，19级，B+，专家岗。据统计，华为员工19级200万，17级100万以上，15级员工50多万，13级只有15级的一半。据年报数据，华为平均年底薪水110万，这部分也包括公司的给员工的保险福利和其他支付，实际到员工税前平均年薪低于这个数。", "author": "樱桃说房子", "time": "樱桃说房子04月22日17:34 来自荣耀10AI变色更潮美", "transmit": 315, "comment": 504, "zan": 1161, "sentiment": [{"positive_prob": 0.00694551, "confidence": 0.984565, "negative_prob": 0.993054, "sentiment": 0}]}, {"text": "数字江城，#探索未见的美好#！华为#DigiX数字生活节#来到武汉了！4月26日-5月4日，DigiX数字生活节实验室、华为阅读·DigiX读书会和华为视频·DigiX艺视界轮番上演，将给你带来创新的潮酷数字生活体验，不嘀多了，立刻与小云开启扎实数字生活的大门！转发+评论，抽一位送出华为畅享8E一台。​", "author": "华为终端云服务", "time": "华为终端云服务04月22日18:51 来自微博weibo.com", "transmit": 2461, "comment": 2894, "zan": 967, "sentiment": [{"positive_prob": 0.989108, "confidence": 0.975796, "negative_prob": 0.0108919, "sentiment": 2}]}, {"text": "#一张图证明你是成都人#打卡成都最新网红地标！别错过！近距离欣赏200米巨幅“天府幻夜图”、万人夜游锦江，#华为P30#这大手笔！​", "author": "M大王叫我来巡山", "time": "M大王叫我来巡山04月22日00:00 来自微博weibo.com", "transmit": 2339, "comment": 1810, "zan": 2005, "sentiment": [{"positive_prob": 0.742294, "confidence": 0.427319, "negative_prob": 0.257706, "sentiment": 2}]}, {"text": "4月21日，由华为携手成都文旅共同发起的#一张图一座城#，夜游锦江线下体验活动达到了高潮，并通过华为P30系列镜头记录下了成都锦江夜景。众多市民及媒体在200米光影长廊共同见证了由华为P30系列手机拍摄组成的“天府幻夜图”，感受到了成都的城市魅力，并引爆华为天猫超级品牌日。​", "author": "成都商报", "time": "成都商报04月22日00:01 来自微博weibo.com", "transmit": 15, "comment": 33, "zan": 194, "sentiment": [{"positive_prob": 0.979958, "confidence": 0.955462, "negative_prob": 0.020042, "sentiment": 2}]}, {"text": "【老百姓排队买华为，蔡英文怎么办？】华为手机新机型P30系列20日在台湾正式开售。据台媒报道，台湾消费者在新机发售时排队抢购，超过3500人排队的景象更是创下台湾手机预购活动的排队人数最多纪录。在相关报道下，有岛内网友点赞华为手机，有人提到华为新机拍照功能强悍。蔡英文不是要禁华为，现在热卖怎么办？L环视频的秒拍视频O华为新机在台湾开售，超3500人排队抢购创纪录", "author": "环球网", "time": "环球网04月22日17:50", "transmit": 47, "comment": 131, "zan": 313, "sentiment": [{"positive_prob": 0.970905, "confidence": 0.935344, "negative_prob": 0.0290952, "sentiment": 2}]}, {"text": "疑似华为员工晒2018年分红：年终奖91万，年收入突破200万。​", "author": "北京拆哥", "time": "北京拆哥04月22日11:05 来自三星android智能手机", "transmit": 140, "comment": 778, "zan": 785, "sentiment": [{"positive_prob": 0.309226, "confidence": 0.312831, "negative_prob": 0.690774, "sentiment": 0}]}, {"text": "【华为新机在台湾开售超3500人排队抢购创纪录】华为手机新机型P30系列20日在台湾正式开售。据台媒报道，台湾消费者在新机发售时排队抢购，超过3500人排队的景象更是创下台湾手机预购活动的排队人数最多纪录。#抢购华为新机创纪录#@环球网L环视频的秒拍视频​", "author": "新浪视频", "time": "新浪视频04月22日18:03 来自微博weibo.com", "transmit": 25, "comment": 13, "zan": 153, "sentiment": [{"positive_prob": 0.966478, "confidence": 0.925507, "negative_prob": 0.0335221, "sentiment": 2}]}, {"text": "#笔吧评测室##今日笔记本点评#今天跟大家聊一款屏幕素质很高的全能本华为MateBook14i7-8565U处理器MX2502GB独立显卡8GB内存512GB固态硬盘14英寸2160*1440分辨率100%sRGB色域IPS屏厚15.9mm机身重1.53kg适配器重200g首发售价6799元​", "author": "笔吧评测室官博", "time": "笔吧评测室官博04月22日10:38 来自搜狗高速浏览器", "transmit": 67, "comment": 227, "zan": 115, "sentiment": [{"positive_prob": 0.776218, "confidence": 0.502706, "negative_prob": 0.223782, "sentiment": 2}]}, {"text": "#苹果一季度销量或落后华为三分之一#【一季度或落后华为三分之一，#降价的苹果手机销量继续下滑#】苹果iPhone的销量正在进一步下滑，尽管苹果公司已不再公布销量数据，但研究机构的预测显示，今年第一季度，苹果iPhone手机销量同比将继续下滑。与此同时，华为4月22日发布的首份季度财报显示，第一季度手机出货量5900万部，为史上最好的第一季度销售业绩。O一季度或落后华为三分之一，降价的苹果手机销量继续下滑", "author": "每日经济新闻", "time": "每日经济新闻04月22日22:53", "transmit": 13, "comment": 27, "zan": 113, "sentiment": [{"positive_prob": 0.0609351, "confidence": 0.864589, "negative_prob": 0.939065, "sentiment": 0}]}, {"text": "手机那些事儿给我一个不买华为P30Pro的理由！​", "author": "搞机小盒子", "time": "搞机小盒子04月22日18:44 来自手机那些事儿超话", "transmit": 163, "comment": 1430, "zan": 2975, "sentiment": [{"positive_prob": 0.288034, "confidence": 0.359924, "negative_prob": 0.711966, "sentiment": 0}]}, {"text": "用华为P30Pro拍摄的新加坡夜景......（原创图片）​", "author": "彩云香江", "time": "彩云香江04月22日07:18 来自HUAWEIP30Pro", "transmit": 58, "comment": 61, "zan": 2328, "sentiment": [{"positive_prob": 0.768468, "confidence": 0.485484, "negative_prob": 0.231532, "sentiment": 2}]}, {"text": "摆脱“有线”束缚，聆听“无线”的自由，#华为FreeLace#无线耳机，4月23日00:00正式开售。​​​​", "author": "华为终端官方微博", "time": "华为终端官方微博04月22日22:01 来自微博weibo.com", "transmit": 47, "comment": 161, "zan": 680, "sentiment": [{"positive_prob": 0.80827, "confidence": 0.573933, "negative_prob": 0.19173, "sentiment": 2}]}, {"text": "总是卡顿为虾米？手机有它不用慌！戳图↓看看是什么硬核黑科技让手机性能再突破🚀关注+转评本微博，小E抽送粉丝华为路由器WS318增强版@微博抽奖平台​", "author": "华为EMUI", "time": "华为EMUI04月22日20:19 来自微博weibo.com", "transmit": 564, "comment": 616, "zan": 377, "sentiment": [{"positive_prob": 0.824768, "confidence": 0.610596, "negative_prob": 0.175232, "sentiment": 2}]}, {"text": "狗狗走失怎么办？在世界地球日熄灯后，#只需一点光亮#，照亮萌宠回家路~解锁HUAWEIP30Pro暗光摄像模式，今晚就对准自家萌宠或夜景拍起来。L华为手机的秒拍视频​", "author": "华为手机", "time": "华为手机04月22日12:58 来自HUAWEIP30Pro", "transmit": 239, "comment": 184, "zan": 395, "sentiment": [{"positive_prob": 0.950166, "confidence": 0.889258, "negative_prob": 0.0498339, "sentiment": 2}]}, {"text": "【质疑华为P30Pro拍月亮“P图”中国网媒主笔被炒】华为推出P30及P30Pro两款新手机，其中P30Pro的一项主打功能就是高达50倍的变焦，声称可清晰拍摄月亮。中国北京网媒“爱否科技”一名主笔上周拍片质疑P30Pro拍摄月亮时涉嫌“P图”（利用Photoshop修图），甚至把贴在月亮上的内裤图案修改成月球环形山模样。O质疑华为P30Pro拍月亮“P图”中国网媒主笔被炒", "author": "早报网", "time": "早报网04月22日09:11 来自微博weibo.com", "transmit": 58, "comment": 200, "zan": 68, "sentiment": [{"positive_prob": 0.0610585, "confidence": 0.864314, "negative_prob": 0.938942, "sentiment": 0}]}, {"text": "【抽送荣耀V10手机一台！】曾经，绿水、青山、人与自然，和睦共处现在，变暖、沙化、赤潮频发，雾霾不断第50个地球日，我们怎能让它孤军奋战华为阅读#科幻文学大赛#强势开启，联盟君叫来小伙伴们一同为地球发声！关注@华为开发者联盟，带话题#执笔写未来#转发并@一名好友，写下你眼中地球的未来！4月29日@微博抽奖平台送出荣耀V10手机一台！", "author": "华为开发者联盟", "time": "华为开发者联盟04月22日10:00 来自微博weibo.com", "transmit": 7638, "comment": 1949, "zan": 1191, "sentiment": [{"positive_prob": 0.944547, "confidence": 0.87677, "negative_prob": 0.0554533, "sentiment": 2}]}, {"text": "#5G在中国#商用加速落地，对于普通人而言，5G遥远神秘却又近在眼前。5G到底是个啥？我们能用它来做什么？5G能为我们的生活带来怎样的改变？一起来看大家的5G态度。欢迎莅临#中国联通合作伙伴大会#华为展台，#与联通共5#，畅享5G好时光。​", "author": "华为中国", "time": "华为中国04月22日08:50 来自微博HTML5版", "transmit": 23, "comment": 28, "zan": 150, "sentiment": [{"positive_prob": 0.922615, "confidence": 0.828034, "negative_prob": 0.0773846, "sentiment": 2}]}, {"text": "我是中国移动，我用5G速度为地球发声！#执笔写未来#华为阅读科幻文学大赛强势开启，关注@中国移动和@华为开发者联盟，带话题转发本条微博，4月29日@微博抽奖平台抽一位小可爱送荣耀V10一台。​", "author": "中国移动", "time": "中国移动04月22日10:00 来自微博weibo.com", "transmit": 2827, "comment": 2991, "zan": 1230, "sentiment": [{"positive_prob": 0.93672, "confidence": 0.859377, "negative_prob": 0.0632801, "sentiment": 2}]}, {"text": "#一张图证明你是成都人#200米巨幅“天府幻夜图”是什么操作？江边泛舟真的惬意无限，来成都不要错过最新网红地标啦！为华为P30的这波美照！#一张图一座城#​", "author": "杠子", "time": "杠子04月22日00:00 来自微博weibo.com", "transmit": 612, "comment": 418, "zan": 2795, "sentiment": [{"positive_prob": 0.940173, "confidence": 0.867052, "negative_prob": 0.0598267, "sentiment": 2}]}, {"text": "军事博主游狮城，用华为P30Pro拍的滨海湾花园图片......2新加坡·滨海湾花园​", "author": "彩云香江", "time": "彩云香江04月22日20:09 来自HUAWEIP30Pro", "transmit": 10, "comment": 18, "zan": 72, "sentiment": [{"positive_prob": 0.61993, "confidence": 0.155401, "negative_prob": 0.38007, "sentiment": 2}]}, {"text": "华为2019年截止3月底，华为智能手机发货量超过5900万台。这还不包括新发布的p30系列，因为这个是4月份才开售的。华为实在是猛啊，如果四个季度都有这么多，2019年年2.5亿台目标很可能完成啊，超越苹果妥妥的，剑指三星，挑战全球第一。刚才我把华为p30pro珠光贝母色的给领导了，领导还夸奖我，说我路子野他问了华为的朋友，移动的朋友都没买到，我竟然买到了哈哈。你说买个这么贵的手机咋还抢购上了，现在小米9都不用抢了，很好买了。按照这个热度，华为p30系列破千万台应该很轻松吧。", "author": "科技圣斗士", "time": "科技圣斗士04月22日11:36 来自Redmi7", "transmit": 7, "comment": 103, "zan": 1344, "sentiment": [{"positive_prob": 0.958229, "confidence": 0.907176, "negative_prob": 0.0417706, "sentiment": 2}]}, {"text": "写得很有感情的文章：在美国的挤压下，最近华为成了网红。华为被逼放弃低调的做法，逐渐对外公布一些战略性技术。这跟我们国家每次阅兵把那些战略武器拿出来亮亮相的道理是一样的，传递的信号是：我自己有很多先进技术，我有几万个专利，我不是好欺负的。华为连续亮出了六大芯片，昇腾、麒麟，鲲鹏，天罡，巴龙，凌霄，大部份是7nm工艺，把我国的芯片设计水平突然提升了最少10年，跟西方走到了同一起跑线上，引起科技界的一片震惊。其实以前只是藏着而已，暴露出来的也只是冰山一角。05年华为张文林当选了3GPPSA2副主席，中国人第一次真正进入了这个游戏圈子。10年后，Frank在2015年代表华为当选为3GPPSA2主席，带领全球科学家来制定4G/5G架构标准，我们总算跨越了从副主席到主席这个鸿沟。2019年华为GeorgMayer获得3GPPSA全会主席，再次实现跨越。O祖国荣耀，我辈扛起", "author": "HW前HR", "time": "HW前HR04月22日22:29 来自HUAWEIP30Pro", "transmit": 228, "comment": 87, "zan": 388, "sentiment": [{"positive_prob": 0.977724, "confidence": 0.950498, "negative_prob": 0.0222757, "sentiment": 2}]}, {"text": "给我妈买的新手机华为p30pro到了，玩了一会，手感很好，非常流畅，速度很快，曲面屏屏幕范围也大，拍照挺满意的，50倍变焦确实神奇（但是不知道干嘛用）。系统有点繁复，这时候觉得一加的好了……另外一开机就感到屏幕不满意，我还是喜欢iPhone7的LCD屏。这两天再去试试拍视频和剪视频的效果。​", "author": "营养师顾中一", "time": "营养师顾中一04月22日12:01 来自HUAWEIP30Pro", "transmit": 14, "comment": 180, "zan": 161, "sentiment": [{"positive_prob": 0.985917, "confidence": 0.968705, "negative_prob": 0.0140828, "sentiment": 2}]}, {"text": "宠物不仅仅是动物，更是长久陪伴在身侧的家人和朋友，#只需一点光亮#，就可以帮助走失的狗狗，戳视频看HUAWEI P30 Pro暗光录像记录下Timmy和Sam的感人时刻。L华为手机的秒拍视频​", "author": "豆豆说", "time": "豆豆说04月22日21:00 来自微博weibo.com", "transmit": 249, "comment": 278, "zan": 555, "sentiment": [{"positive_prob": 0.949703, "confidence": 0.88823, "negative_prob": 0.0502966, "sentiment": 2}]}, {"text": "曾经，蓝天白云、春和景明；过往，黄沙黑水、环境恶化；如今，红瓦绿树、欣欣向荣……第50个地球日，怎能让它孤军奋战？#执笔写未来#，我们是大学生小中兄妹，我们用青春为地球护航！关注@华为开发者联盟@中国大学生在线带话题#执笔写未来#转发并@1名好友书写未来！4月29日抽送荣耀V10手机1部！​", "author": "中国大学生在线", "time": "中国大学生在线04月22日10:00 来自微博weibo.com", "transmit": 700, "comment": 843, "zan": 311, "sentiment": [{"positive_prob": 0.944965, "confidence": 0.8777, "negative_prob": 0.0550349, "sentiment": 2}]}, {"text": "华为2019年一季度收入1797亿，同比增长39%，签订了40个5G商来合同，发货70000个5G基站，智能手机发货5900万台。在美国的打压下，很多人以为华为会受到较大损失，华为在年初时自己也认为可能增长不会超过20%，事实证明，不但是增长了，而且增长超出预期，我一直认为这件事是应该感谢特朗普，越是打压，越是造成全球的影响力，对于华为的发展更有促进作用。", "author": "飞象网项立刚", "time": "飞象网项立刚04月22日10:35 来自360安全浏览器", "transmit": 54, "comment": 97, "zan": 223, "sentiment": [{"positive_prob": 0.805478, "confidence": 0.56773, "negative_prob": 0.194522, "sentiment": 2}]}, {"text": "问了一下华为，说没推迟～～​", "author": "崔玉贤Cynthia", "time": "崔玉贤Cynthia04月22日12:33 来自HUAWEIMate20Pro", "transmit": 23, "comment": 152, "zan": 257, "sentiment": [{"positive_prob": 0.459385, "confidence": 0.187692, "negative_prob": 0.540615, "sentiment": 1}]}, {"text": "看到有人说，华为手机卖的好是因为绑架爱国？用户买手机真会因为爱国情怀买一部手机？我是不信的，最终还是落实到产品和品牌上，华为卖的好，根本原因是产品好、品牌强。同意吗？​", "author": "C科技", "time": "C科技04月22日14:10", "transmit": 20, "comment": 331, "zan": 219, "sentiment": [{"positive_prob": 0.110509, "confidence": 0.754425, "negative_prob": 0.889491, "sentiment": 0}]}, {"text": "从炮火纷飞的《红海行动》到大气磅礴的《流浪地球》，除了扣人心弦的剧情，就是前所未有的震撼视效让我们记住了这两部大片的名字。在第38届香港电影金像奖颁奖会上，评委把最佳视觉效果、最佳音响效果、最佳动作设计的殊荣授予了《红海行动》，而该片的特效制作公司@Macrograph也走上了领奖台。其实特效制作的背后也有@华为云的功劳，得益于华为云海量算力的支撑，云渲染平台才得以在特效制作之路上高速奔跑L华为中国的微博视频", "author": "华为中国", "time": "华为中国04月22日11:04 来自微博视频", "transmit": 13, "comment": 22, "zan": 165, "sentiment": [{"positive_prob": 0.981705, "confidence": 0.959344, "negative_prob": 0.0182953, "sentiment": 2}]}]