[{"text": "#华为回应李洪元事件#一名在华为工作超过10年的老员工因索要30万元的离职补偿款，而被华为起诉敲诈勒索，深圳市公安局将该员工刑事拘留/逮捕长达8个月之久。由于在华为工作13年，李洪元与华为协商获得个人离职经济补偿款331776.73元，扣除税金约3万元，到账约30万。该离职经济补偿款为部门主管通过部门秘书的个人银行账户向其转账，交易摘要为“离职经济补偿”。不过2018年12月，李洪元因华为起诉其“涉嫌敲诈勒索”而被深圳市公安局刑事拘留。而起诉的证据正是部门秘书个人账户的30万元转账记录。经过侦查机关补充侦查后，最终在2019年8月，深圳市龙岗区人民检察院认为犯罪事实不清、证据不足，不符合起诉条件，决定对李洪元不起诉，李洪元重获自由。这一案件你站谁？#华为员工索要离职补偿被拘留#华为员工索要离职补偿被拘留一事你站谁？", "author": "新浪科技", "time": "新浪科技2019年12月01日19:01 来自微博weibo.com", "transmit": 1791, "comment": 1602, "zan": 106467, "sentiment": [{"positive_prob": 5.73349e-05, "confidence": 0.999873, "negative_prob": 0.999943, "sentiment": 0}]}, {"text": "华为前员工李洪元被以敲诈华为公司的罪名拘留251天，后被无罪释放，并获得国家赔偿。此事在互联网上逐渐发酵，并且出现了一些针对华为的舆论声讨。针对老胡的询问，华为的人说公司将会对此事作出回应，给舆论一个说法。 老胡想在此评论说，李洪元的遭遇非常令人同情，司法机关最终判他无罪，并给予国家赔偿，这是事情对错一锤定音的结论。 我还认为，公众同情弱者的情绪是健康的。华为是个强大的公司，它的一名前员工因为与公司发生了纠纷，受到了这样的不公正对待，这非常让人遗憾，很多人出于朴素的感情对华为产生一些负面情绪，也是正常的。 同时老胡也想说，华为有十几万员工，堪称电信帝国，它的内部组织和管理结构注定是相当复杂的。李洪元的遭遇其实是与华为某个具体部门的冲突，当然，华为公司没能及时作出反应，帮助这一冲突以更合理的方式化解，这反映了华为的管理是存在缺陷的。 我支持这件事情以更加公平、合理而且有温度的方式彻底解决。与此同时，我不主张将这件事情过度上纲上线，用它来对整个华为公司进行道义上的否定。我觉得那样做不够理性和实事求是。 谁都会出差错，再伟大的公司也难免俗。客观说，华为的管理总体上是比较科学的，综合效果也是比较好的。据报道，华为每年要投入巨额资金用于优化公司的管理。华为不仅在5G网络技术走到世界前列，它还为中国培养锻炼了大批人才。对这样的公司，我们不应因为一个孤立事件就给它扣上沉重的大帽子，贴上不应有的标签。 老胡希望华为的回应能够早点出来。我呼吁舆论给这件事的公平合理解决创造有利的氛围。", "author": "胡锡进", "time": "胡锡进2019年12月01日23:21 来自HUAWEIP30Pro", "transmit": 11071, "comment": 30031, "zan": 302225, "sentiment": [{"positive_prob": 0.000357995, "confidence": 0.999204, "negative_prob": 0.999642, "sentiment": 0}]}, {"text": "#华为员工索要离职补偿被拘留#【因离职补偿被起诉敲诈勒索华为员工被拘8个月】在网易员工遭遇暴力离职事件之后，华为也被曝出有员工遭遇不公正待遇：一名在华为工作超过10年的老员工因索要30万元的离职补偿款，而被华为起诉敲诈勒索，深圳市公安局将该员工刑事拘留/逮捕长达8个月之久。O因离职补偿被起诉敲诈勒索华为员工被拘8个月", "author": "新浪科技", "time": "新浪科技2019年12月01日17:48 来自专业版微博", "transmit": 4030, "comment": 1528, "zan": 27915, "sentiment": [{"positive_prob": 5.62802e-05, "confidence": 0.999875, "negative_prob": 0.999944, "sentiment": 0}]}, {"text": "#华为前员工被拘251天##华为前员工##工信部约谈小米等18家企业#在网易员工遭遇暴力离职事件之后，华为也被曝出有员工遭遇不公正待遇：一名在华为工作超过10年的老员工因索要30万元的离职补偿款，而被华为起诉敲诈勒索，深圳市公安局将该员工刑事拘留/逮捕长达8个月之久。你认为国内哪家科技制造业公司对员工最友好？你认为国内哪家科技制造业公司对员工最友好？", "author": "工业科技迷", "time": "工业科技迷2019年12月01日20:09", "transmit": 232, "comment": 1228, "zan": 59847, "sentiment": [{"positive_prob": 0.00143471, "confidence": 0.996812, "negative_prob": 0.998565, "sentiment": 0}]}, {"text": "网红太难当，播着播着就卡了？开黑依然输，玩着玩着又卡了？动画片也失灵，看着看着还卡了？别担心！#华为5G#随行WiFi，随时随地给你“WiFi安全感”L华为中国的微博视频​", "author": "华为中国", "time": "华为中国2019年12月01日09:00 来自手机平板·视频社区", "transmit": 176, "comment": 2177, "zan": 34874, "sentiment": [{"positive_prob": 0.00272663, "confidence": 0.993941, "negative_prob": 0.997273, "sentiment": 0}]}, {"text": "晚间，@环球时报总编辑@胡锡进发文，对#华为员工索要离职补偿被拘留#一事置评。他首先表示，华为的人说公司将会对此事作出回应，给舆论一个说法。其次，他认为，李洪元的遭遇非常令人同情，司法机关最终判他无罪，并给予国家赔偿，这是事情对错一锤定音的结论。另外，胡锡进认为，华为公司没能及时作出反应，帮助这一冲突以更合理的方式化解，这反映了华为的管理是存在缺陷的。以下为胡锡进微博全文：华为前员工李洪元被以敲诈华为公司的罪名拘留251天，后被无罪释放，并获得国家赔偿。此事在互联网上逐渐发酵，并且出现了一些针对华为的舆论声讨。针对老胡的询问，华为的人说公司将会对此事作出回应，给舆论一个说法。老胡想在此评论说，李洪元的遭遇非常令人同情，司法机关最终判他无罪，并给予国家赔偿，这是事情对错一锤定音的结论。我还认为，公众同情弱者的情绪是健康的。华为是个强大的公司，它的一名前员工因为与公司发生了纠纷，受到了这样的不公正对待，这非常让人遗憾，很多人出于朴素的感情对华为产生一些负面情绪，也是正常的。同时老胡也想说，华为有十几万员工，堪称电信帝国，它的内部组织和管理结构注定是相当复杂的。李洪元的遭遇其实是与华为某个具体部门的冲突，当然，华为公司没能及时作出反应，帮助这一冲突以更合理的方式化解，这反映了华为的管理是存在缺陷的。我支持这件事情以更加公平、合理而且有温度的方式彻底解决。与此同时，我不主张将这件事情过度上纲上线，用它来对整个华为公司进行道义上的否定。我觉得那样做不够理性和实事求是。谁都会出差错，再伟大的公司也难免俗。客观说，华为的管理总体上是比较科学的，综合效果也是比较好的。据报道，华为每年要投入巨额资金用于优化公司的管理。华为不仅在5G网络技术走到世界前列，它还为中国培养锻炼了大批人才。对这样的公司，我们不应因为一个孤立事件就给它扣上沉重的大帽子，贴上不应有的标签。老胡希望华为的回应能够早点出来。我呼吁舆论给这件事的公平合理解决创造有利的氛围。O胡锡进:华为前员工遭遇令人同情支持公平合理解决", "author": "新浪科技", "time": "新浪科技2019年12月01日23:34 来自专业版微博", "transmit": 115, "comment": 248, "zan": 2077, "sentiment": [{"positive_prob": 0.000315726, "confidence": 0.999298, "negative_prob": 0.999684, "sentiment": 0}]}, {"text": "@华为中国底下的评论已经翻车一塌糊涂，小事可以封堵，但一旦引起全网公愤，除非你有通天的执行力，否则你拦不住悠悠众口。x乎那边和251有关的那个问题被删了，现在另一个问题“你在哪个瞬间决定一辈子不用华为的任何产品？”，几乎被顶到了榜首。尽快给公众一个说法，事情到这地步，糊弄是过不去的​", "author": "股社区", "time": "股社区2019年12月01日20:31 来自微博weibo.com", "transmit": 557, "comment": 1779, "zan": 8164, "sentiment": [{"positive_prob": 0.000325869, "confidence": 0.999276, "negative_prob": 0.999674, "sentiment": 0}]}, {"text": "华为牛逼！华为沸腾！现在你终于发现了华为是能把自己员工送进监狱关251天至今不明不白没有表态如果华为员工自己死了华为一定说没他的事！花国家的钱打着爱国旗号赚的那些黑心钱够了吗？深圳的华为和腾讯基本打官司没人赢过？他们也成了另一种黑暗势力吗？华为#251天#", "author": "黑夜之睛滚雪球", "time": "黑夜之睛滚雪球2019年12月01日10:32 来自iPhoneX", "transmit": 167, "comment": 633, "zan": 2441, "sentiment": [{"positive_prob": 0.00141366, "confidence": 0.996859, "negative_prob": 0.998586, "sentiment": 0}]}, {"text": "整整一年了！去年的今天，也就是2018年12月1日，华为公司首席财务官孟晚舟在加拿大温哥华转机时被无理拘押，在抗争10天后获准保释。2019年1月29日，美国司法部向提出指控指控，并向加拿大政府提出引渡请求。有次出庭前，孟晚舟戴着电子镣铐的照片深深刺痛了国人。而之后的这一年，美国终于撕下了伪装，以莫须有之名对华为进行疯狂打压，面对世界第一强国的霸凌，华为并没有屈服。华为海思总裁何庭波的一封内部信揭示出了华为的深谋远虑，十四年磨一剑的备胎计划全部转正，这极大鼓舞了士气。一年来，华为靠实力一路攻城拔寨，所向披靡，华为5G占据了全球三分之二的市场份额，而华为手机差点就超越三星，成为世界第一，这让大嘴哥余承东略显遗憾。祝福孟晚舟，希望早点回来。", "author": "震长", "time": "震长2019年12月01日07:35 来自OPPOFindX", "transmit": 92, "comment": 201, "zan": 2921, "sentiment": [{"positive_prob": 0.998369, "confidence": 0.996376, "negative_prob": 0.00163082, "sentiment": 2}]}, {"text": "凤凰网财经这篇文章不知道能撑多久#华为前员工#​", "author": "哆啦逐梦", "time": "哆啦逐梦2019年12月01日10:12 来自360安全浏览器", "transmit": 4901, "comment": 490, "zan": 4878, "sentiment": [{"positive_prob": 0.134209, "confidence": 0.701757, "negative_prob": 0.865791, "sentiment": 0}]}, {"text": "华为官微被刷评论了？​​", "author": "互联网的一些事", "time": "互联网的一些事2019年12月01日16:20", "transmit": 102, "comment": 259, "zan": 903, "sentiment": [{"positive_prob": 0.00476007, "confidence": 0.989422, "negative_prob": 0.99524, "sentiment": 0}]}, {"text": "在几个月前，朋友就有预言过：华为这么搞，迟早会反噬自己的。。。真一语成谶啊​", "author": "小编的那点事", "time": "小编的那点事2019年12月01日19:44 来自iPhone7(东北银)", "transmit": 397, "comment": 2253, "zan": 15593, "sentiment": [{"positive_prob": 0.0138081, "confidence": 0.969315, "negative_prob": 0.986192, "sentiment": 0}]}, {"text": "从251天事件里面，律师告诉你们“公司最害怕的是什么？”长期给公司或者劳动者代理过劳动纠纷的人就知道，公司最怕的不是在一个员工的劳动仲裁中败诉，赔偿数以十万计的补偿金或者赔偿金。公司最怕的是这件事情会传染。具体怎么说呢？当公司明知道和劳动者打官司打到底会赔偿更多的钱，即便前期和员工调解可以少给一部分，公司也不愿意直接给钱或者爽快给钱，一定会杠到底。原因就在于：如果这一个员工很顺利的拿到了巨额的赔偿，那么其他数以百计、千计、甚至万计的员工会纷纷效法，这是一个（大）公司最害怕发生的事情，没有一个公司可以扛得住这样的暴击伤害。所以251这件事情就很好理解了，李洪元作为一个工作十几年的老员工，在公司绝不是唯一一个。如果让李洪元轻轻松松拿到了几十万的赔偿，其他员工会怎么想，在离职的时候肯定都不会善罢甘休。完全可以想象，在某一个时间节点、办公室的某一个地方，一个小领导对底下负责这件事情的人说：“最好的应对办法就是，即便最终给了这名员工高额的补偿，也不能让他轻松拿到，一定要让其他员工无法效仿、或者不敢效仿。”不知怎么就有了这么一起251事件，而可以想像，事件过后，即便我们大部分人敢在网上纷纷声讨，鸣其不平，岂有来者？谁又敢明知自己可以拿到30万补偿，仍做那251的无畏人，或许你觉得自己的251天完全可以熬过来，出来还有国家赔偿，但是或许你不会那么幸运，你可能是2510天。（注：以上内容系根据目前网上曝光的新闻的猜测，不作为最终的一个结论）我，也害怕251天。#华为前员工被拘251天#", "author": "吴声威wsw", "time": "吴声威wsw2019年12月01日18:24 来自iPhoneXSMax", "transmit": 237, "comment": 446, "zan": 2705, "sentiment": [{"positive_prob": 0.000287254, "confidence": 0.999362, "negative_prob": 0.999713, "sentiment": 0}]}, {"text": "李洪元，不应该抓起来！他举报部门做假，不是背叛华为，目的是工作12年的普通老员工想立功升职获任正非接见，一个无奈的中年实用主义者的黄昏。31万从䃼偿数字上看也是合理的，估计主管气不过事后出报复昏招，华为成了背锅侠，法律都判他无罪，个人也只是想见高层，任正非今晚当当即立断，周一拨乱反正。#华为离职员工被冤枉关关看守251天##华为前员工被拘251天##华为员工索要离职补偿被拘留#", "author": "凯雷", "time": "凯雷2019年12月01日21:08", "transmit": 327, "comment": 913, "zan": 5348, "sentiment": [{"positive_prob": 1.63381e-05, "confidence": 0.999964, "negative_prob": 0.999984, "sentiment": 0}]}, {"text": "华为251的事已经陆续有媒体报道，华为几大官微的评论区也都在刷屏，不知道会不会促成华为的首次致歉，或者…还是像图5、图6这样​", "author": "测评君", "time": "测评君2019年12月01日16:40", "transmit": 136, "comment": 363, "zan": 2304, "sentiment": [{"positive_prob": 0.0966294, "confidence": 0.785268, "negative_prob": 0.903371, "sentiment": 0}]}, {"text": "#华为前员工被拘251天##华为前员工#搜狐，竟然独家啊，良心媒体啊！​", "author": "哈侠", "time": "哈侠2019年12月01日16:49", "transmit": 398, "comment": 309, "zan": 2972, "sentiment": [{"positive_prob": 0.573786, "confidence": 0.0528582, "negative_prob": 0.426214, "sentiment": 2}]}, {"text": "王俊凯说一下目前情况大家都知道这次打投的手机型号（华为，小米）这两个手机型号对我们很不利，我们家有这两款手机的人少之又少，所以只能从电脑这个角度突破针对目前群太多太混乱的情况我在下面做个总结，目前打投群仅仅三个散粉电脑群:271电脑群（建议新粉进，群内有详细教程，过不了工坊的新粉可进群）工坊电脑审核:蟹工坊泡泡-审核群（建议老粉进，审核有一定要求）熬夜精英日夜打投（今晚可以打榜的电脑或华为用户进，一起冲榜）目前排名:第五，距离第四差距很大，既然开始，就没有打退堂鼓的说法，我们家人不少，只是可能前期太混乱导致大家找不到方向，现在重新开始，一起努力！", "author": "爷最烦装逼的人", "time": "爷最烦装逼的人2019年12月01日22:39 来自王俊凯超话", "transmit": 583, "comment": 294, "zan": 783, "sentiment": [{"positive_prob": 0.00331049, "confidence": 0.992643, "negative_prob": 0.996689, "sentiment": 0}]}, {"text": "肖战xz#肖战我们的歌#【爱奇艺泡泡数据播报】12月1日17:30🔥肖战增幅：4174🆘差值涨幅：+439双方差距持续扩大，我方增幅速度减缓⚠️下阶段目标所：差值缩小到1.5w实时排名👉O网页链接活动直通👉🏻O网页链接！需要每一只虾！‼️数据站打榜群：爱奇艺泡泡打榜群爱奇艺泡泡打榜2群‼️散粉泡泡互助群：【电脑】：散粉打投群【华为苹果】：星推沸点二群星推沸点奋斗群【其他机型】：散粉头条打榜群", "author": "肖战数据站", "time": "肖战数据站2019年12月01日17:37 来自肖战超话", "transmit": 422, "comment": 493, "zan": 2125, "sentiment": [{"positive_prob": 0.904893, "confidence": 0.788651, "negative_prob": 0.0951068, "sentiment": 2}]}, {"text": "以前觉得小米旗舰店和AppleStore很高级，但是看了华为这个你就不会那么想了。华为这个店逼格是真的高。2深圳·华润城万象天地​", "author": "兔撕机", "time": "兔撕机2019年12月01日17:01 来自真香警告", "transmit": 37, "comment": 552, "zan": 3077, "sentiment": [{"positive_prob": 0.0793589, "confidence": 0.823647, "negative_prob": 0.920641, "sentiment": 0}]}, {"text": "当资本与权力没有边界，又无法度约束和救济渠道，置身其中的个体仅是巨霸机器的一枚螺丝钉，个体荣光不再，随时可能被替代或牺牲。资本一旦成型，就是一种权力，本身恒具扩张势能，谁也难以驾驭。权力或资本的高度集中，只会让行业与地域归于寡头，顶端利于管控，底部几乎无望。有感于网易华为的HR～​", "author": "罗昌平", "time": "罗昌平2019年12月01日18:41 来自iPhone11ProMax", "transmit": 217, "comment": 159, "zan": 977, "sentiment": [{"positive_prob": 0.00263602, "confidence": 0.994142, "negative_prob": 0.997364, "sentiment": 0}]}, {"text": "这一次#华为前员工被拘251天#，纸没有包住火。越删帖压制，网友的毅力反而越强，直到部分媒体报道跟进。但最后会怎么样，依然是未知，你认为官方会道歉或者公开处理吗？​", "author": "科技小乙", "time": "科技小乙2019年12月01日22:51", "transmit": 20, "comment": 79, "zan": 416, "sentiment": [{"positive_prob": 0.00279516, "confidence": 0.993789, "negative_prob": 0.997205, "sentiment": 0}]}, {"text": "【中驻加大使探望孟晚舟强调中国坚定维护公民和企业合法权益】在华为首席财务官孟晚舟于加拿大被捕一周年前夕，中国驻加拿大大使前往探望她并称“祖国和近14亿中国人民”是她最坚强的后盾。受访学者分析，中国可能明年对加拿大采取更多反制措施。（更多内容请登录联合早报网阅读）​", "author": "早报网", "time": "早报网2019年12月01日09:33 来自微博weibo.com", "transmit": 293, "comment": 25, "zan": 289, "sentiment": [{"positive_prob": 0.992237, "confidence": 0.982749, "negative_prob": 0.00776274, "sentiment": 2}]}, {"text": "#华为#【华为前员工获30万离职补偿后被控敲诈勒索被羁押251天】据搜狐新闻报道，华为前员工离职被公司起诉敲诈勒索，并被羁押长达251天，引发网友热议。左下角关注新鲜事，最快了解事件最新进展！华为前员工获30万离职补偿后被控敲诈勒索被羁押251天​", "author": "唐胖虎", "time": "唐胖虎2019年12月01日15:26 来自微博新鲜事", "transmit": 21, "comment": 34, "zan": 1432, "sentiment": [{"positive_prob": 0.0146772, "confidence": 0.967384, "negative_prob": 0.985323, "sentiment": 0}]}, {"text": "发布了头条文章：《机会大于风险》财经每日必读#微博赚钱季#周五股权/超跌低价+次新/送转预期+新能源汽车最强，区块链+养殖+华为/科技分化，主板放量下跌（预设明日探底企稳，注意观察成交量能否有效放大）强势股接力的亏钱效应放大，明日青海华鼎，龙星化工，江苏国泰等作为情绪标杆观察，空间板高度到3板，首板数量增加，如预设回补了2870的缺口，强势股赚钱效应会先于主板恢复，观察新能源汽车板块的持续性，风险偏好高的同学可以选择首板/反包板或者1进2进3的涨停板套利，震荡磨底阶段，最优策略是等企稳信号出现后低吸主线板块人气股和超跌板块等轮动，低吸富一生。Ps:2870下机会大于风险。O机会大于风险", "author": "lesliesay", "time": "lesliesay2019年12月01日10:58 来自微博weibo.com", "transmit": 339, "comment": 159, "zan": 509, "sentiment": [{"positive_prob": 0.765391, "confidence": 0.478647, "negative_prob": 0.234609, "sentiment": 2}]}, {"text": "肖战xz#肖战我们的歌#【爱奇艺泡泡数据播报】12月1日22:00🔥肖战增幅：9970🆘差值涨幅：-897差距明显缩小❗️❗️❗️继续继续继续❗️❗️❗️⚠️下阶段目标：目标差值1w以内，我们能做到的！！！实时排名👉O网页链接活动直通👉🏻O网页链接‼️数据站打榜群：爱奇艺泡泡打榜群爱奇艺泡泡打榜2群‼️散粉泡泡互助群（无需审核）：【电脑】：散粉打投群【华为苹果】：星推沸点奋斗群❗️所有群都包教学❗️", "author": "肖战数据站", "time": "肖战数据站2019年12月01日22:04 来自肖战超话", "transmit": 188, "comment": 418, "zan": 1148, "sentiment": [{"positive_prob": 0.93884, "confidence": 0.864089, "negative_prob": 0.0611597, "sentiment": 2}]}, {"text": "2017-2019#华为前员工被拘251天##牢厂251##今日花粉#​", "author": "NiceSprite", "time": "NiceSprite2019年12月01日20:44 来自海军阅兵现场超话", "transmit": 155, "comment": 124, "zan": 1409, "sentiment": [{"positive_prob": 0.920579, "confidence": 0.82351, "negative_prob": 0.0794205, "sentiment": 2}]}, {"text": "【因离职补偿被起诉敲诈勒索华为员工被拘8个月】一名在华为工作超过10年的老员工因索要30万元的离职补偿款，而被华为起诉敲诈勒索，深圳市公安局将该员工刑事拘留/逮捕长达8个月之久。由于在华为工作13年，李洪元与华为协商获得个人离职经济补偿款331776.73元，扣除税金约3万元，到账约30万。该离职经济补偿款为部门主管通过部门秘书的个人银行账户向其转账，交易摘要为“离职经济补偿”。不过2018年12月，李洪元因华为起诉其“涉嫌敲诈勒索”而被深圳市公安局刑事拘留。而起诉的证据正是部门秘书个人账户的30万元转账记录。经过侦查机关补充侦查后，最终在2019年8月，深圳市龙岗区人民检察院认为犯罪事实不清、证据不足，不符合起诉条件，决定对李洪元不起诉，李洪元重获自由。", "author": "电脑报", "time": "电脑报2019年12月01日20:32 来自搜狗高速浏览器", "transmit": 141, "comment": 214, "zan": 1090, "sentiment": [{"positive_prob": 0.00121054, "confidence": 0.99731, "negative_prob": 0.998789, "sentiment": 0}]}, {"text": "王俊凯第四了！！！！！急急急⚠️⚠️⚠️还没加群的找到自己的型号加群一起战斗271电脑群华为：化为苹果/ipad：苹果/ipadOPPO：OPPO小分队小米：小米加步枪vivo：vivo​​​", "author": "啃骨头的辣条", "time": "啃骨头的辣条2019年12月01日14:58 来自王俊凯超话", "transmit": 375, "comment": 119, "zan": 180, "sentiment": [{"positive_prob": 0.905825, "confidence": 0.790723, "negative_prob": 0.0941748, "sentiment": 2}]}, {"text": "【离职补偿变敲诈勒索款，#华为前员工被拘251天#：我没觉得怕，只觉得冤】在网易员工遭遇暴力离职事件之后，华为也被曝出有员工遭遇不公正待遇：一名在华为工作超过10年的老员工因索要30万元的离职补偿款，而被华为起诉敲诈勒索，深圳市公安局将该员工刑事拘留/逮捕长达8个月之久。【一姐看法】对于本案，一姐认为有三点值得注意：一是作为劳动者，在与企业（尤其是像网易、华为这样的企业）产生劳动争议时，要么直接采取劳动仲裁的方式解决，如果想通过与企业谈判的方式获得赔偿，最好请律师陪同，并且全程录音，以免发生类似这样的说不清的状况；二是作为企业，在劳资关系中处于强势地位，不要“不仁义”，依法依规处理劳资关系、劳动争议，不要给员工“挖坑下套”；三是作为公检法部门，要时刻想到刑法的谦抑性，不可过度使用刑法处理民事纠纷，尤其是劳动争议。总之，各方都要善用但不滥用法律，以善良仁义之心做好自己的分内之事。#合同法##微博法律大讲堂#", "author": "律师一姐", "time": "律师一姐2019年12月01日22:45 来自iPhoneXSMax", "transmit": 67, "comment": 134, "zan": 818, "sentiment": [{"positive_prob": 0.000144191, "confidence": 0.99968, "negative_prob": 0.999856, "sentiment": 0}]}, {"text": "还记得小米发布的最新概念机吗？采用了全新的环绕屏设计，虽然看着很舒服，但不知道什么时候开卖。而华为Mate30Pro配备的瀑布屏幕看上去还算酷炫，只是丑刘海还是那么碍眼！而外媒则基于小米和华为的设计，发布了全新的环绕屏概念手机，那就iPhone12Pro，看完后瞬间觉得华为Mate30Pro落后很多。是不是被这款iPhone12Pro概念设计图所惊艳了，毕竟全新的环绕屏设计非常养眼，额头没有任何边框和深坑，所配备OLED面板将整个机身全部都给包裹起来。要知道华为Mate30Pro的瀑布屏还保留了一点点边框，而iPhone12Pro的环绕屏全部包裹后，甚至连一点点缝隙都不留，看上去非常养眼。就是不知道这个版本是不是真的", "author": "人工智能生活", "time": "人工智能生活2019年12月01日20:14 来自NEX35G", "transmit": 70, "comment": 319, "zan": 777, "sentiment": [{"positive_prob": 0.999492, "confidence": 0.998872, "negative_prob": 0.000507789, "sentiment": 2}]}]