[{"text": "【美国归还华为扣留货物外交部:承认了其行为违法性】9月10日，外交部发言人华春莹主持例行记者会。有记者提问，据报道，因美国政府归还扣留两年的货物，华为公司撤回今年6月对美国多个政府部门的诉讼，中方对此有何评论?华春莹表示，“我看到了有关的报道。美国政府近日将两年前无故扣押的一批电信设备归还给华为公司，就从事实上承认了其行为的违法性和随意性。中方坚决反对美方在拿不出任何证据的情况下诬陷中国企业，并且滥用国家的力量打压特定的中国企业，这种行为既不光彩也不道德，更是对美方一贯标榜的市场经济原则的否定，将严重损害美国自身的形象和信誉，也将严重影响各国企业对于和美国开展合作的信心。”“我也注意到微软的总裁近日在接受彭博商业周刊采访的时候，表示美国政府在没有以确凿事实逻辑和法律条款为依托的情况下，不应该对华为采取限制措施。我们敦促美方倾听各界人士的理性的声音，停止泛化国家安全的错误做法，停止对中国特定企业的无理打压，为中国企业在美国的正常经营活动提供公平、公正和非歧视的营商环境。”（人民日报）", "author": "头条新闻", "time": "头条新闻09月10日16:15 来自微博weibo.com", "transmit": 146, "comment": 162, "zan": 1180, "sentiment": [{"positive_prob": 0.0346953, "confidence": 0.922899, "negative_prob": 0.965305, "sentiment": 0}]}, {"text": "全程高能！20分钟带你了解电影的台前幕后！悄悄说，哔哥这次的表现是真的很不错，而#华为平板M6#的表现是真的真的很不错！@华为终端官方微博L刘哔电影的秒拍视频​", "author": "刘哔电影", "time": "刘哔电影09月10日20:30 来自微博weibo.com", "transmit": 14888, "comment": 7208, "zan": 21733, "sentiment": [{"positive_prob": 0.984735, "confidence": 0.966078, "negative_prob": 0.015265, "sentiment": 2}]}, {"text": "用更快的速度，打破时空的界限。#华为Mate30#9月19日，德国慕尼黑！#Rethinkpossibilities#L华为终端公司的微博视频​", "author": "余承东", "time": "余承东09月10日15:01 来自HUAWEIMate20X5G", "transmit": 105, "comment": 686, "zan": 2815, "sentiment": [{"positive_prob": 0.920874, "confidence": 0.824164, "negative_prob": 0.0791263, "sentiment": 2}]}, {"text": "【美政府归还华为扣留货物外交部：从事实上承认其行为违法性】9月10日，外交部发言人华春莹主持例行记者会。有记者提问，据报道，因美国政府归还扣留两年的货物，华为公司撤回今年6月对美国多个政府部门的诉讼，中方对此有何评论？华春莹表示，“我看到了有关的报道。美国政府近日将两年前无故扣押的一批电信设备归还给华为公司，就从事实上承认了其行为的违法性和随意性。中方坚决反对美方在拿不出任何证据的情况下诬陷中国企业，并且滥用国家的力量打压特定的中国企业，这种行为既不光彩也不道德，更是对美方一贯标榜的市场经济原则的否定，将严重损害美国自身的形象和信誉，也将严重影响各国企业对于和美国开展合作的信心。”“我也注意到微软的总裁近日在接受彭博商业周刊采访的时候，表示美国政府在没有以确凿事实逻辑和法律条款为依托的情况下，不应该对华为采取限制措施。我们敦促美方倾听各界人士的理性的声音，停止泛化国家安全的错误做法，停止对中国特定企业的无理打压，为中国企业在美国的正常经营活动提供公平、公正和非歧视的营商环境。”（人民日报）", "author": "环球时报", "time": "环球时报09月10日16:30 来自微博weibo.com", "transmit": 82, "comment": 116, "zan": 1048, "sentiment": [{"positive_prob": 0.0336103, "confidence": 0.925311, "negative_prob": 0.96639, "sentiment": 0}]}, {"text": "台湾电视节目主持人谈华为L寰亚SYHP的微博视频​", "author": "寰亚SYHP", "time": "寰亚SYHP09月10日00:57", "transmit": 708, "comment": 365, "zan": 2815, "sentiment": [{"positive_prob": 0.455683, "confidence": 0.113668, "negative_prob": 0.544317, "sentiment": 1}]}, {"text": "【长沙比亚迪首批华为手机正式下线，伟创力彻底出局】今天，长沙市郑重宣布由长沙比亚迪电子有限公司生产的首批华为手机正式下线，坐实了伟创力已经彻底被华为踢出局的真相。5月份伟创力对华为“背信弃义”，令华为遭受了不小的损失。伟创力怎么也没有想到，华为当即决定终止与伟创力在长沙的合作项目—长沙智能终端产业园，转身找了国内的企业比亚迪合作。比亚迪迅速在6月11日在长沙注册公司开展相关业务；从6月15日签约到9月9日实现批量生产，前后不超过90天。比亚迪能够在这么短的时间内取代全球第二的代工企业伟创力显示了其背后的实力，而华为再一次用实际行动表明了自己全力支持国内企业的决心！#比亚迪##华为##伟创力#", "author": "价值投资日志", "time": "价值投资日志09月10日07:10 来自iPhoneX", "transmit": 138, "comment": 307, "zan": 1718, "sentiment": [{"positive_prob": 0.97302, "confidence": 0.940045, "negative_prob": 0.0269799, "sentiment": 2}]}, {"text": "【#华为Mate30不会有谷歌App#：找到或开发替代品】据科技媒体Ausdroid，在2019柏林IFA展上，华为消费者业务软件部总裁王成禄称，Mate30系列将运行于Android10，但谷歌App将无法在发布时可用。相反，华为会为这款9月19日发布的设备找到或开发替代品，因此用户能够使用界面熟悉的应用程序。O华为确认：将不会在Mate30上提供谷歌APP！L老板联播的微博视频", "author": "新浪财经", "time": "新浪财经09月10日07:18 来自微博weibo.com", "transmit": 61, "comment": 204, "zan": 340, "sentiment": [{"positive_prob": 0.883233, "confidence": 0.740518, "negative_prob": 0.116767, "sentiment": 2}]}, {"text": "【#美将两年前扣押华为设备归还#华为撤诉但批评美行为不正当】近日美国政府将两年前无故扣押的一批电信设备归还华为公司，从事实上承认了其行为的违法性和随意性。考虑到起诉的理由消失，华为美国子公司于9月9日提交撤诉申请，撤回今年6月针对包括商务部在内的多个美国政府部门提起的诉讼。同时华为认为，这起扣货事件是美国政府针对华为做出的一系列不正当和不公正行为的体现。O美将两年前扣押华为设备归还，华为撤诉，但批评美行为不正当", "author": "环球网", "time": "环球网09月10日14:17", "transmit": 71, "comment": 102, "zan": 741, "sentiment": [{"positive_prob": 0.312848, "confidence": 0.304782, "negative_prob": 0.687152, "sentiment": 0}]}, {"text": "【#外交部回应美归还华为公司被扣设备#：承认了其行为的违法性和随意性】新华社北京9月10日电（记者马卓言）外交部发言人华春莹10日在例行记者会上说，美国政府近日将两年前无故扣押的一批电信设备归还华为公司，从事实上承认了其行为的违法性和随意性。　　华春莹是在回应华为公司因美国政府归还扣留货物而撤回今年6月对美国多个政府部门诉讼的提问时作出上述表述的。　　华春莹说，中方坚决反对美方在拿不出任何证据的情况下，诬陷中国企业，并滥用国家力量，打压特定中国企业，这种行为既不光彩，也不道德，更是对美方一贯标榜的市场经济原则的否定，将严重损害美国自身的形象和信誉，也将严重影响各国企业对与美国开展合作的信心。　　她说，微软总裁近日接受《彭博商业周刊》采访时表示，美国政府在没有以确凿事实、逻辑和法律条款为依托的情况下，不应对华为采取限制措施。　　“我们敦促美方倾听各界人士的理性声音，停止泛化国家安全的错误做法，停止对中国特定企业的无理打压，为中国企业在美正常经营活动提供公平、公正和非歧视的营商环境。”华春莹说。", "author": "新华视点", "time": "新华视点09月10日22:44 来自微博weibo.com", "transmit": 33, "comment": 26, "zan": 193, "sentiment": [{"positive_prob": 0.0216662, "confidence": 0.951853, "negative_prob": 0.978334, "sentiment": 0}]}, {"text": "【美政府归还华为扣留货物外交部：从事实上承认其行为违法性】9月10日，外交部发言人华春莹主持例行记者会。有记者提问，据报道，因美国政府归还扣留两年的货物，华为公司撤回今年6月对美国多个政府部门的诉讼，中方对此有何评论？华春莹表示，“我看到了有关的报道。美国政府近日将两年前无故扣押的一批电信设备归还给华为公司，就从事实上承认了其行为的违法性和随意性。中方坚决反对美方在拿不出任何证据的情况下诬陷中国企业，并且滥用国家的力量打压特定的中国企业，这种行为既不光彩也不道德，更是对美方一贯标榜的市场经济原则的否定，将严重损害美国自身的形象和信誉，也将严重影响各国企业对于和美国开展合作的信心。”“我也注意到微软的总裁近日在接受彭博商业周刊采访的时候，表示美国政府在没有以确凿事实逻辑和法律条款为依托的情况下，不应该对华为采取限制措施。我们敦促美方倾听各界人士的理性的声音，停止泛化国家安全的错误做法，停止对中国特定企业的无理打压，为中国企业在美国的正常经营活动提供公平、公正和非歧视的营商环境。”（人民日报）", "author": "环球网", "time": "环球网09月10日15:55", "transmit": 28, "comment": 34, "zan": 342, "sentiment": [{"positive_prob": 0.0336103, "confidence": 0.925311, "negative_prob": 0.96639, "sentiment": 0}]}, {"text": "华为手机“为”人“师”表，带你一起回味老师经典金句：这道题我才讲过，上次就写在黑板这个位置；整栋楼就你们班最吵；这又是一道送分题！老师的这些口头禅有没有很怀念？评论区分享下让你印象最深的那一句吧！#教师节#​", "author": "华为手机", "time": "华为手机09月10日17:33 来自HUAWEIP30Pro", "transmit": 47, "comment": 106, "zan": 354, "sentiment": [{"positive_prob": 0.729281, "confidence": 0.398401, "negative_prob": 0.270719, "sentiment": 2}]}, {"text": "聊华为和中车的黑科技！L台湾傻事的微博视频​", "author": "台湾傻事", "time": "台湾傻事09月10日16:53 来自微博weibo.com", "transmit": 127, "comment": 255, "zan": 1153, "sentiment": [{"positive_prob": 0.68216, "confidence": 0.293689, "negative_prob": 0.31784, "sentiment": 2}]}, {"text": "【外交部回应美归还华为公司被扣设备：承认了其行为的违法性和随意性】外交部发言人华春莹10日在例行记者会上说，美国政府近日将两年前无故扣押的一批电信设备归还华为公司，从事实上承认了其行为的违法性和随意性。　　华春莹是在回应华为公司因美国政府归还扣留货物而撤回今年6月对美国多个政府部门诉讼的提问时作出上述表述的。　　华春莹说，中方坚决反对美方在拿不出任何证据的情况下，诬陷中国企业，并滥用国家力量，打压特定中国企业，这种行为既不光彩，也不道德，更是对美方一贯标榜的市场经济原则的否定，将严重损害美国自身的形象和信誉，也将严重影响各国企业对与美国开展合作的信心。　　她说，微软总裁近日接受《彭博商业周刊》采访时表示，美国政府在没有以确凿事实、逻辑和法律条款为依托的情况下，不应对华为采取限制措施。　　“我们敦促美方倾听各界人士的理性声音，停止泛化国家安全的错误做法，停止对中国特定企业的无理打压，为中国企业在美正常经营活动提供公平、公正和非歧视的营商环境。”华春莹说。", "author": "新华网", "time": "新华网09月10日20:39 来自微博weibo.com", "transmit": 22, "comment": 17, "zan": 112, "sentiment": [{"positive_prob": 0.0146124, "confidence": 0.967528, "negative_prob": 0.985388, "sentiment": 0}]}, {"text": "#华为P30#新出的嫣紫色和墨玉蓝也太可爱吧！！！双面设计，不同质感，评论区举起小爪说说看你们喜欢哪个？L我想当个宝宝呀的秒拍视频​", "author": "全球时尚", "time": "全球时尚09月10日18:45 来自微博weibo.com", "transmit": 1721, "comment": 1149, "zan": 2516, "sentiment": [{"positive_prob": 0.960734, "confidence": 0.912742, "negative_prob": 0.0392659, "sentiment": 2}]}, {"text": "电影是集体智慧的结晶，好的观影设备是高科技的结晶。别的不说，#华为平板M6#在新技术应用上真是拿捏得稳稳的。杜比全景声效、杜比调色合二为一，沉浸式观影体验谁用谁知道。@华为终端官方微博L刘哔电影的秒拍视频​", "author": "小萌电影", "time": "小萌电影09月10日20:45 来自微博weibo.com", "transmit": 347, "comment": 852, "zan": 1931, "sentiment": [{"positive_prob": 0.943109, "confidence": 0.873575, "negative_prob": 0.0568914, "sentiment": 2}]}, {"text": "苹果发布会也快了，虽然市场风口完全在华为，但浴霸摄像头、耳机反向充电、TapticEngine这种都可以跟踪一下。当然了，苹果大概率还是没办法搞屏下指纹的，设计路线的问题，这些都在意料之中。关键看推不推AR眼镜。还有会不会推室内定位技术。​", "author": "唐史主任司马迁", "time": "唐史主任司马迁09月10日08:45 来自360安全浏览器", "transmit": 25, "comment": 89, "zan": 929, "sentiment": [{"positive_prob": 0.82981, "confidence": 0.621799, "negative_prob": 0.17019, "sentiment": 2}]}, {"text": "【#微软总裁称美国对待华为不公正#】美国微软公司总裁兼首席法务官布拉德·史密斯日前在接受美国《彭博商业周刊》采访时说，美国政府对待华为的方式是不公正的，微软已要求美国监管机构对其行为作出解释，以便让其他公司自己作出决断。史密斯说，告诉一家科技公司可以销售产品但不能购买操作系统或芯片，就好比让一家酒店开门营业，却不准其在客房内放床，或者不能在其餐厅里提供食物一样。（央视新闻客户端）O微软总裁：美国政府对待华为不公正", "author": "每日经济新闻", "time": "每日经济新闻09月10日18:32 来自搜狗高速浏览器", "transmit": 14, "comment": 12, "zan": 98, "sentiment": [{"positive_prob": 0.0349848, "confidence": 0.922256, "negative_prob": 0.965015, "sentiment": 0}]}, {"text": "在中国，只要能动真格，那么“振兴民族工业”这六个字，永远是金字招牌，比如这几年的华为。从过去到未来，从国内到海外，这块牌子实际上一直在用，一直有用。1994年4月，有一则新闻曾让很多人唏嘘不已：一度被摆上大会堂国宴的天府可乐，被百事正式收编。至此，中国八家碳酸饮料公司，除盛海正广和之外，全部被可口可乐和百事可乐收入囊中。当时媒体报道用了一个十分煽情的标题：《两乐水淹七军》。这一现象让国人产生了巨大的担忧，同时也激发了巨大的民族热情。那些聪明的企业家们，很快就要上了。海尔的张瑞敏很快会说：和跨国资本较量,就算死,海尔也要死到最后一个......如果中国的企业都让外国产品打败,我们海尔也要争取最后一个倒下。海尔后来称霸天下。TCL的李东生很快跟进：此时不战，更待何时？多年后的玄幻小说作者们，也不知道是不是抄他的。李东升还说：与外国兵团的较量，TCL愿做产业报国的敢死队，而我李东生，就是敢死队长。没多久TCL彩电就在各大城市压倒所有国际品牌，笑傲群雄。而军人气质十足的长虹倪润峰则高呼：用我们的品牌筑起我们新的长城。紧接着，国产饮料也开始凑热闹。哇哈哈打出“民族品牌，挑战两乐”的旗号。一时间，“中国人自己的可乐——非常可乐”的广告语风行天下。而非常可乐也迅速占领市场，与两乐呈三足鼎立之势。在那个年代，爱国营销，没有原罪。", "author": "伊利达雷之怒", "time": "伊利达雷之怒09月10日12:12 来自微博weibo.com", "transmit": 231, "comment": 331, "zan": 3615, "sentiment": [{"positive_prob": 0.971825, "confidence": 0.937389, "negative_prob": 0.0281751, "sentiment": 2}]}, {"text": "【#美国归还华为扣留两年货物#，华为因此撤回诉讼】华为官网10日通报称，近日，美国政府将两年前无故扣押的一批电信设备归还华为公司，从事实上承认了其行为的违法性和随意性。考虑到起诉的理由消失，华为美国子公司于9月9日提交撤诉申请，撤回今年6月针对包括商务部在内的多个美国政府部门提起的诉讼。同时华为认为，这起扣货事件是美国政府针对华为做出的一系列不正当和不公正行为的体现。这批设备中包含华为原产于中国的以太网交换机、服务器等产品，原计划在2017年9月完成在美国加州实验室的测试后运回中国。但设备在转运途中，被美国商务部以可能违反美国出口管制法为由在海关扣押。在此后20多个月的时间里，尽管华为反复询问调查进展，但美国政府始终未给出任何决定并一直扣押设备。O美国政府归还扣留两年货物，华为因此撤回诉讼", "author": "每日经济新闻", "time": "每日经济新闻09月10日12:25 来自微博weibo.com", "transmit": 24, "comment": 38, "zan": 172, "sentiment": [{"positive_prob": 0.333467, "confidence": 0.258963, "negative_prob": 0.666533, "sentiment": 0}]}, {"text": "#谁家有DVD#莫名心疼华为。花那么多投资把我们带入5G时代，结果一朝被新湃拉回影碟机时代。新湃，你老实告诉我们，你的下个周边是DVD机嘛？​#谁家有DVD#​", "author": "DaiYon頔_Elean", "time": "DaiYon頔_Elean09月10日12:13 来自vivo智能手机", "transmit": 3, "comment": 114, "zan": 167, "sentiment": [{"positive_prob": 0.113797, "confidence": 0.747117, "negative_prob": 0.886203, "sentiment": 0}]}, {"text": "发布了头条文章：《汰弱留强》#微博赚钱季#财经每日必读周二华为/科技+金融+军工+农业最强，主板缩量调整（15分钟级别的调整，预设明日继续，调整时间4-6小时，注意观察成交量能否有效放大）强势股接力的赚钱效应恢复，明日天津普林等作为非科创板情绪标杆观察，风险偏好高的明日可以选择首板（反包板）或者1进2涨停板套利，但首板数量锐减且明日抛压会比较重，早盘先不着急追涨接力，注意汰弱留强，最优策略是潜伏等轮动。科创板继续调整，沃尔德，乐鑫科技，南微医学，福光股份，瀚川智能等板块活跃盘中继续观察，耐心等待增量资金打造的新标杆出现。O汰弱留强", "author": "lesliesay", "time": "lesliesay09月10日16:56 来自微博weibo.com", "transmit": 324, "comment": 163, "zan": 482, "sentiment": [{"positive_prob": 0.905162, "confidence": 0.789248, "negative_prob": 0.0948382, "sentiment": 2}]}, {"text": "【美指控中国学者帮华为“偷技术”华为回应：污蔑】美国检方9日以欺诈罪起诉厦门大学副教授毛波(音译)，指控他协助“中国华为”从一家加州企业窃取技术。法院文件显示，毛波与加州某科技公司达成协议，以学术研究为名获取该公司电路板，某中国电信集团则试图通过毛波获取这项技术。据知情人士透露，该集团就是华为，有法院文件可以证明这一点。报道还称，毛波自去年秋季开始担任得克萨斯大学客座教授，他还曾卷入一宗华为与硅谷初创企业CNEXLabs的民事案件。据称毛波涉嫌将CNEX提供的电路板应用于与华为有关的研究项目。不过华为方面表示，所有针对该公司的指控都没有充分证据，美国政府机构正联手对其进行污蔑，以削弱其在行业中的领导地位。（via环球网）", "author": "观察者网", "time": "观察者网09月10日07:55 来自微博weibo.com", "transmit": 77, "comment": 177, "zan": 1808, "sentiment": [{"positive_prob": 0.458242, "confidence": 0.164841, "negative_prob": 0.541758, "sentiment": 1}]}, {"text": "文中每一句话如有虚假，本人愿承担一切法律后果。当事人：@没有丶De感叹号@Yvonne酱_当事人工作地点：#华为#慧通公司职务：服务专家诉求：望两位对给我正常生活造成的影响道歉以上。​", "author": "肖一斤_", "time": "肖一斤_09月10日12:37 来自iPhone客户端", "transmit": 10078, "comment": 324, "zan": 430, "sentiment": [{"positive_prob": 0.0773263, "confidence": 0.828164, "negative_prob": 0.922674, "sentiment": 0}]}, {"text": "#华为应用市场能量季#疯玩了一个暑假，新学期下决心定会好好学习，结果一上课就神游；刷题多次，一进考场却还是心慌；以为可以大声开口说英语，结果只敢说给自己听……你也有过类似经历吗？觉醒吧，学霸！9月20日-22日，打开华为应用市场，一起来创造属于你的闪耀时刻！L华为应用市场qrahw的秒拍视频​", "author": "拜托啦学妹", "time": "拜托啦学妹09月10日20:10 来自微博weibo.com", "transmit": 68, "comment": 241, "zan": 357, "sentiment": [{"positive_prob": 0.176971, "confidence": 0.60673, "negative_prob": 0.823029, "sentiment": 0}]}, {"text": "今天调整的5G，华为等中低价科技潜力股，绿盘的时候都是好买点，热门板块的阴线就是送钱童子。明天又是各种飞了！​", "author": "天津股侠", "time": "天津股侠09月10日14:38 来自微博weibo.com", "transmit": 34, "comment": 104, "zan": 1937, "sentiment": [{"positive_prob": 0.747725, "confidence": 0.439389, "negative_prob": 0.252275, "sentiment": 2}]}, {"text": "美向华为归还已扣押两年的电信设备华春莹：事实上承认其行为违法性#跟我看外交##与发言人相约蓝厅#O美向华为归还已扣押两年的电信设备华春莹：事实上承认其行为违法性​", "author": "外交部发言人办公室", "time": "外交部发言人办公室09月10日18:12 来自微博weibo.com", "transmit": 47, "comment": 107, "zan": 766, "sentiment": [{"positive_prob": 0.673983, "confidence": 0.275518, "negative_prob": 0.326017, "sentiment": 2}]}, {"text": "华为在裁员吗？​", "author": "深蓝财经", "time": "深蓝财经09月10日10:48 来自vivoX23全息幻彩", "transmit": 183, "comment": 139, "zan": 801, "sentiment": [{"positive_prob": 0.243826, "confidence": 0.458163, "negative_prob": 0.756174, "sentiment": 0}]}, {"text": "要做科技股,您UPDATE的速度要很快,不能用同一信息然后用很久如果您信息补充不足,那就要苦练技术面,用很强的技术来弥补不足最新信息---------5G世代来临,在基础建设上的确对很多公司有很多帮助,但在手持装置上成长极有限,也就是即使华为,苹果,三星推出5G手机,在初期换机潮可能比当初3G换4G还要来得少要有大成长,要等到2023年所以有关专供手机元器件的公司不要期待有大幅成长其中我说过的PCB公司,如果以软板为主的,不要碰-----有家日本公司以软板为主的,股价跌不少好,聊聊与股市无关的我说过请大家多听古典音乐,是最新医疗信息,做股票好处,是我会增加很多知识中国的古音---------宫,商,角,征,羽,对应的是西洋的DO,RE,MI,FA,SO对应五行是金木水火土---------对应身体是心肝脾肺肾国外医学报告,给病人听古典音乐,对治疗有加乘效果而追踪一些摇滚重金属音乐的DJ,其寿命都很短医学报告采样与追踪都要很久,姑且信之养生,一杯好茶,一首古典乐,一本好书", "author": "岩芳荣", "time": "岩芳荣09月10日11:38 来自微博weibo.com", "transmit": 130, "comment": 3, "zan": 908, "sentiment": [{"positive_prob": 0.928022, "confidence": 0.840048, "negative_prob": 0.0719783, "sentiment": 2}]}, {"text": "美国微软公司这次出来帮华为公司讲话，主要还是微软最近已经被华为的一系列反击行动震慑到了：1.华为在中国国内狂推基于鲲鹏CPU的服务器，这样基于英特尔的X86服务器（里面用的是微软操作系统）就卖不出去了，2.华为鲲鹏CPU正在公务办公台式电脑市场迅猛发力，比如，最近已经开始在太原建设年产60万台台式电脑的生产线，以后，中国基于鲲鹏CPU的公务办公台式电脑都不会再用微软操作系统，3.华为公司最近宣布，搭载华为鸿蒙操作系统的华为笔记本电脑将在海外上市，在笔记本电脑市场，华为鸿蒙操作系统将对微软操作系统形成巨大威胁！看到华为公司这三个大动作，微软已经慌了，实在憋不住了，华为最近接连动真格，微软实在担心未来几年被华为干的满地找牙，于是出来公开帮华为讲话，前几个月你怎么不出来？现在出来也没用，现在华为就一个方向：干！坚决干，不能对美国继续抱有任何幻想！", "author": "信通小熊猫", "time": "信通小熊猫09月10日10:03 来自微博HTML5版", "transmit": 130, "comment": 288, "zan": 1521, "sentiment": [{"positive_prob": 0.370983, "confidence": 0.175594, "negative_prob": 0.629017, "sentiment": 0}]}, {"text": "【华为折叠新机10月发布：芯片摄像头已作全新升级，搭载麒麟9905G和全新摄像头】选择华为Mate30Pro还是MateX？真的太难了！华为余承东在德国IFA2019上透露了有关华为折叠手机MateX的相关信息：将有望在十月左右上市，处理器也升级为将搭载最新的麒麟9905GSoC。此外，据媒体传言，华为对MateX的摄像头也进行了升级，相机传感器将采用Mate30Pro同款。那么问题来了，万一两款旗舰真的配置同样的旗舰处理器，同样摄像头，不一样的屏幕和价格。你选择Mate30Pro还是MateX？你选择华为Mate30Pro还是MateX？", "author": "人才76116", "time": "人才7611609月10日19:55 来自HUAWEIP20", "transmit": 18, "comment": 95, "zan": 1511, "sentiment": [{"positive_prob": 0.251167, "confidence": 0.441852, "negative_prob": 0.748833, "sentiment": 0}]}]