[{"text": "易烊千玺#易烊千玺2020前路遂心与你同行#易想不到啊华为爸爸@TFBOYS-易烊千玺​", "author": "愛崽·", "time": "愛崽·2019年12月30日18:49 来自易烊千玺超话", "transmit": 6111, "comment": 1260, "zan": 9120, "sentiment": [{"positive_prob": 0.9916, "confidence": 0.981333, "negative_prob": 0.0084003, "sentiment": 2}]}, {"text": "技术春风机械臂，无人售货真争气，生活便利高科技，武汉首家又一记！#华为授权智能无人售货店#来一把高效而充满乐趣的购物体验！LnG家的猫的秒拍视频​", "author": "nG家的猫", "time": "nG家的猫2019年12月30日21:05 来自科技·视频社区", "transmit": 805, "comment": 3333, "zan": 16986, "sentiment": [{"positive_prob": 0.999891, "confidence": 0.999758, "negative_prob": 0.000108732, "sentiment": 2}]}, {"text": "VLOG060-除了快，5G手机你最该关心的是这些（避坑指南！）上个礼拜，我带着#华为Mate30#Pro5G版和iPhone11ProMax跑了好几处地方。除了已知的5G手机速度很快，反倒是这些额外的知识点我觉得你可能更需要知道下…L迪仔Dizzz的秒拍视频​", "author": "迪仔Dizzz", "time": "迪仔Dizzz2019年12月30日19:35 来自微博weibo.com", "transmit": 5545, "comment": 1054, "zan": 1857, "sentiment": [{"positive_prob": 0.882324, "confidence": 0.738497, "negative_prob": 0.117676, "sentiment": 2}]}, {"text": "2019年！无论对于苹果还是华为来说，都是极其不平凡的一年！苹果在库克的领导下，从低谷到巅峰，从年初的市值跌破七千亿到年底的1300000000000美元！而华为任正非也不容易，在川普不断的试压技术封杀下，国产更是你追我赶的厮杀，而上个月华为251事件也为其带来了不可忽视的舆论影响，不过是倪光南院士在中国企业高质量发展论坛上向大家透露，华为评估市值可以达到1.3万亿美元！正好与苹果目前的市值持平！那么问题来了，不吹不黑大家有一说一，这两家公司谁更强大？华为和苹果两家科技公司，你觉得谁更伟大？", "author": "互联网三爷说", "time": "互联网三爷说2019年12月30日14:00 来自微博weibo.com", "transmit": 550, "comment": 1460, "zan": 44271, "sentiment": [{"positive_prob": 0.592525, "confidence": 0.0944991, "negative_prob": 0.407475, "sentiment": 2}]}, {"text": "‍#2019《短的发布会》颁奖盛典#今年最后一个投票：“年度最佳热词\"干翻华为喊了一年，也该换个词刷屏了毕竟今年一大堆经典语录等着上榜呢12.3119:30，线上观礼就在明天！你心目中的年度最佳热词是？​", "author": "短的发布会", "time": "短的发布会2019年12月30日20:44 来自微博weibo.com", "transmit": 12, "comment": 125, "zan": 7183, "sentiment": [{"positive_prob": 0.761796, "confidence": 0.470657, "negative_prob": 0.238204, "sentiment": 2}]}, {"text": "好看的颜值吸引眼球，有趣的内核增添智慧，#HUAWEIMateBook#D多屏协同智慧操作加金属精致外观，1月1日windows版本开售，2020年和华为MateBookD一起做有颜值的实力派。​", "author": "喜脉洗脉", "time": "喜脉洗脉2019年12月30日20:35 来自微博weibo.com", "transmit": 661, "comment": 802, "zan": 1222, "sentiment": [{"positive_prob": 0.999974, "confidence": 0.999942, "negative_prob": 2.62529e-05, "sentiment": 2}]}, {"text": "今天撸了一个可以疯狂收红包的新年锦鲤妆第一次感受到妆面可以用手机拍的这么清晰通透！华为nova65G的摄影功能真的太强大了，不管远近都可以拍的清清楚楚，离脸20cm都可以自动对焦，而且睫毛和妆容细节可以康的清清楚楚~#自拍大不一样##2020爱你爱你#如初，锦鲤妆跟我一起学起来吧，希望在新的一年能带来好运老婆们，带#2020together#话题po出自己美美的自拍照或者愿望，我会在话题页抽五个老婆喝奶茶哦！", "author": "迟池Chichi", "time": "迟池Chichi2019年12月30日18:40 来自微博weibo.com", "transmit": 1038, "comment": 4715, "zan": 8503, "sentiment": [{"positive_prob": 0.999993, "confidence": 0.999983, "negative_prob": 7.46642e-06, "sentiment": 2}]}, {"text": "明天就是2019年最后一天了，阿华忍不住跟大家剧透一波，#华为MatePad#Pro巨幅新年插画上暗藏“鼠年”玄机哦~12月31日，一起来上海西岸艺术中心A馆，还有机会赢惊喜好礼~#2020together#点击O网页链接即刻入手。​", "author": "华为终端官方微博", "time": "华为终端官方微博2019年12月30日11:30 来自微博weibo.com", "transmit": 511, "comment": 541, "zan": 3217, "sentiment": [{"positive_prob": 0.999866, "confidence": 0.999702, "negative_prob": 0.000134202, "sentiment": 2}]}, {"text": "#你真的了解你的父母吗#梨视频与#华为手环#共同打造亲情实验室，随机找到3组嘉宾，通过8个问题，测试年轻人对父母的了解程度。如果给你对父母的了解打个分，你会打多少分，答完这几个问题之后，你又能得到多少分呢？L梨视频的秒拍视频​", "author": "梨视频", "time": "梨视频2019年12月30日18:30 来自微博weibo.com", "transmit": 856, "comment": 457, "zan": 2522, "sentiment": [{"positive_prob": 0.841848, "confidence": 0.648551, "negative_prob": 0.158152, "sentiment": 2}]}, {"text": "关于华为这个hicar，现在只是初级产品，未来随着汽车BU业务的拓展，功能还会继续强大。目前市面上，类似产品，覆盖度高的，应该算宝马的idrive。一般而言，如果你已经习惯了把手机和汽车结合，那么当你不用idrive，感觉自己就是在开手扶拖拉机。目前宝马到了7.0版本，虽然说智能化程度不高，但是可靠性还是不错的。华为的hicar，基于其通信企业的背景，只要厂商成本可以承受，必然是做成OTA的，那么版本升级的速度会更快，且车载功能的开发也会变快。或者我们可以理解为两个市场，一个是硬件的，一个是软件的（包括娱乐等等）。硬件自然是前装市场为主，但是软件却是随着HICAR的版本升级逐步壮大生态的。", "author": "唐史主任司马迁", "time": "唐史主任司马迁2019年12月30日11:57 来自360安全浏览器", "transmit": 88, "comment": 38, "zan": 920, "sentiment": [{"positive_prob": 0.99891, "confidence": 0.997578, "negative_prob": 0.00108974, "sentiment": 2}]}, {"text": "【任正非：我最应该去搞房地产，不应该搞通信】近日，华为心声社区发布创始人任正非接受《华尔街日报》的采访纪要，采访时间为11月5日。在此次采访中，任正非回顾了自己创立华为的过程，“当年如果不分股份给大家，我们可能就是一个小公司，干一干就散了，重新又去干一个行业。怎么知道我不会去搞房地产呢？我最应该的是去搞房地产，不应该搞通信，这么傻，又苦又累又不赚钱。”任正非说。O任正非：我最应该去搞房地产不应该搞通信", "author": "新浪财经", "time": "新浪财经2019年12月30日10:27 来自微博weibo.com", "transmit": 43, "comment": 235, "zan": 956, "sentiment": [{"positive_prob": 0.000296566, "confidence": 0.999341, "negative_prob": 0.999703, "sentiment": 0}]}, {"text": "发布了头条文章：《买在分歧日》财经每日必读#微博赚钱季#周一网红经济（文化传媒）+周期涨价（玻璃+水泥）+新能源汽车（锂电/钴）+股权/创投（公告）最强，短庄股横行，大金融(券商）+养殖板块企稳（继续重点关注能否正连续），华为/科技等板块调整;主板放量上涨（预设明日冲高震荡，观察成交量能否有效放大）强势股接力的亏钱效应放大，明日欣龙控股，星期六，智慧松德，洛阳玻璃等作为情绪标杆观察，空间板高度到6板，连板下降但首板数量增加，明日强势股接力赚钱效应大概率会维持，明日早盘应该不少跟风票会继续被按在地板摩擦，注意观察盘中逆市的人气股，买在分歧日，当然最优策略是低吸主线板块（华为/科技+汽车/油气）人气股和有送转预期的中小创板块潜伏等轮动补涨，低吸富一生。O买在分歧日", "author": "lesliesay", "time": "lesliesay2019年12月30日17:01 来自微博weibo.com", "transmit": 461, "comment": 191, "zan": 649, "sentiment": [{"positive_prob": 0.485411, "confidence": 0.708212, "negative_prob": 0.514589, "sentiment": 1}]}, {"text": "【英国要对华为5G“非核心”部件开绿灯？】英国《每日邮报》29日援引一名情报安全部门消息人士的话报道称，英国情报安全部门已向首相约翰逊“开绿灯”，允许华为参与当地5G网络建设，提供“非核心”部件。报道称，约翰逊定于明年一月的第三周召开国家安全委员会会议，届时将决定是否允许华为参与英国5G网络建设。据称，英国政府内部初步讨论，建议排除华为参与5G网络核心范畴，但可以提供高速移动互联网天线等非核心部件。消息人士称，英国有信心在国家安全与英国经济利益之间取得平衡。详戳：O英国要对华为5G“非核心”部件开绿灯？", "author": "环球网", "time": "环球网2019年12月30日08:12 来自微博weibo.com", "transmit": 21, "comment": 44, "zan": 232, "sentiment": [{"positive_prob": 0.765557, "confidence": 0.479016, "negative_prob": 0.234443, "sentiment": 2}]}, {"text": "来吃瓜，网易多款游戏在OPPO服做了高比例充返活动，华为觉得自己平台的玩家受到了严重不公平对待，因为这件事华为游戏中心多次与网易交涉，但均未得到让华为玩家满意的结果。最终华为决定自己贴钱做充值返现，结果网易《阴阳师》关闭了华为服的充值渠道。。。​", "author": "差评君", "time": "差评君2019年12月30日21:10 来自微博weibo.com", "transmit": 314, "comment": 268, "zan": 1764, "sentiment": [{"positive_prob": 0.000620771, "confidence": 0.99862, "negative_prob": 0.999379, "sentiment": 0}]}, {"text": "2019年马上就要结束了，不如一起来回顾一下今年我们看过的那些电视剧，追过的综艺吧~你今年最喜欢的电视剧是什么呢？使用华为和荣耀手机的朋友打开手机自带#华为视频#，一个APP就可以看芒果TV、优酷、腾讯视频的内容，2020打开发现惊喜吧~​", "author": "挑食少女熊小可", "time": "挑食少女熊小可2019年12月30日20:30 来自微博weibo.com", "transmit": 61, "comment": 174, "zan": 285, "sentiment": [{"positive_prob": 0.991736, "confidence": 0.981635, "negative_prob": 0.00826405, "sentiment": 2}]}, {"text": "今天山上下大雪啦，在雪山捡口砂锅，用6斤的大羊腿做一锅美味的冰雪羊肉，怎能不用华为Nova65G前置超广角自拍几张照片来记录下来呢？喜欢的朋友欢迎评论，点赞、转发。#美食##吃货江湖##山药视频#L山药视频的微博视频​O抽奖详情​", "author": "山药视频", "time": "山药视频2019年12月30日17:23 来自真香吃播·视频社区", "transmit": 512, "comment": 459, "zan": 1013, "sentiment": [{"positive_prob": 0.999901, "confidence": 0.99978, "negative_prob": 9.91401e-05, "sentiment": 2}]}, {"text": "#华为明年或在中国销售1亿部5G手机#2020年即将迎来5G手机大潮，作为中国的一份子，你最看好哪个品牌的手机的5G发展？你最看好哪个品牌的手机的5G发展？​", "author": "搞机大佬", "time": "搞机大佬2019年12月30日15:21 来自宝藏男孩", "transmit": 36, "comment": 26, "zan": 3790, "sentiment": [{"positive_prob": 0.478456, "confidence": 0.569118, "negative_prob": 0.521544, "sentiment": 1}]}, {"text": "#2019财经大佬表情#【#2019财经名人金句盘点#，来看看你漏下了哪些瓜】2019年过去了，这一年商界又发生了很多变化。马云退休，华为崛起，当当网夫妻反目，罗永浩成“忽悠”，王思聪变“老赖”，董明珠怒斥奥克斯，李彦宏惨遭泼水……跟着#南财视频#来看看你漏下了哪些瓜吧O2019大佬金句盘点，来看看你漏下了哪些瓜L21世纪经济报道的微博视频", "author": "21世纪经济报道", "time": "21世纪经济报道2019年12月30日19:08 来自微博weibo.com", "transmit": 41, "comment": 8, "zan": 57, "sentiment": [{"positive_prob": 0.0126464, "confidence": 0.971897, "negative_prob": 0.987354, "sentiment": 0}]}, {"text": "英国情报部门表示：华为5g不构成威胁，建议首相允许华为参与英国5G建设。这是赤裸裸地打美国的脸呢。​", "author": "上帝之鹰_5zn", "time": "上帝之鹰_5zn2019年12月30日17:01 来自微博weibo.com", "transmit": 64, "comment": 156, "zan": 2152, "sentiment": [{"positive_prob": 0.0387648, "confidence": 0.913856, "negative_prob": 0.961235, "sentiment": 0}]}, {"text": "【据说60%的流浪小动物无法度过寒冬】我国有超过4000万流浪猫狗，严酷的冬季生存环境，让这些流浪毛孩难以撑过整个冬天，乐观估计下死亡率都已经超过了60%。#百度输入法暖冬公益行动#联合@它基金为冬季流浪小动物过冬储备粮食！即日起到1月13日，参与活动使用百度输入法萌宠公益皮肤！最多能募得10吨由@Fish4Dogs海洋之星宠物食品独家爱心支持进口宠物主粮，直接发往全国各地的流浪动物救助站！快来参加活动：O网页链接，献出自己的爱心！转发本条并@它基金@Fish4Dogs海洋之星宠物食品传递爱心！抽5人送出价值299元的华为海雀AI全景摄像头，评论区晒出你下载的公益皮肤，再抽5人送出价值99元的的罗技G102有线鼠标！1月13日抽出", "author": "百度输入法", "time": "百度输入法2019年12月30日19:00 来自微博weibo.com", "transmit": 472, "comment": 224, "zan": 416, "sentiment": [{"positive_prob": 0.99682, "confidence": 0.992933, "negative_prob": 0.00317999, "sentiment": 2}]}, {"text": "#DigiX数字生活节#5G来了，世界将会发生什么变化呢？除了众所众知5G速度快以外，对我们的生活会产生怎样的影响呢？5G科普时间到！华为阅读·DigiX读书会邀请到中国智造与工业4.0研究所所长王喜文教授，带领大家更好地认识5G，一起用5G加速美好生活！转评，抽送华为AI音箱一部。​", "author": "华为终端云服务", "time": "华为终端云服务2019年12月30日15:30 来自微博weibo.com", "transmit": 549, "comment": 401, "zan": 150, "sentiment": [{"positive_prob": 0.99944, "confidence": 0.998755, "negative_prob": 0.000560075, "sentiment": 2}]}, {"text": "华为全新旗舰平板#华为MatePad#Pro这次也用上了华为Mate30系列的素皮设计，一样是丹霞橙和青山黛两种配色。我也想买，可惜就是货不多，不能怪我。​", "author": "极客村长", "time": "极客村长2019年12月30日18:45 来自微博weibo.com", "transmit": 25, "comment": 191, "zan": 265, "sentiment": [{"positive_prob": 0.999752, "confidence": 0.999449, "negative_prob": 0.000247698, "sentiment": 2}]}, {"text": "文件传输速度在工作中至关重要，看着进度条缓慢前进着实让人抓狂，有没有办法实现轻松文件传输？华为云WeLink来啦，特有百兆文件秒开功能，让文件传输不再困难！不说了，马上分享给老板。#华为云WeLink#更懂企业的智能工作平台O网页链接L华为云的微博视频​", "author": "思想聚焦", "time": "思想聚焦2019年12月30日20:25 来自互联网·视频社区", "transmit": 145, "comment": 78, "zan": 627, "sentiment": [{"positive_prob": 0.998673, "confidence": 0.997052, "negative_prob": 0.00132672, "sentiment": 2}]}, {"text": "华为拉动芯片产业链新例子：媒体说，云南锗业启动年产15万片4英寸磷化铟晶片项目，为了海思！12月25日，云南锗业发布公告称，同意控股子公司鑫耀半导体实施“磷化铟单晶片建设项目”。因为今年8月，鑫耀半导体通过华为海思验证。生产线建成后将具备年产15万片4英寸磷化铟单晶片的能力，建设周期为24个月。昆明市长王喜良曾表示，云南锗业和华为海思公司的合作，是昆明市与华为开展全面战略合作的重要内容之一，云南锗业成为华为供应链的重要企业，对推动昆明稀贵金属新材料产业发展意义重大。云南锗业生产的2-6英寸半导体级以及半绝缘体砷化镓晶体，和具有国际先进水平的2-4英寸磷化铟衬底生产线。业界分析，华为海思把云南锗业的砷化镓晶圆和磷化铟晶圆产能大量吃进，因此云南锗业加大扩能。其中砷化镓是做PA用的，磷化铟是做光芯片用的，都和海思相关。媒体还报道，华为在武汉在扩建芯片工厂，而且在英国也准备开建光芯片工厂。", "author": "HW前HR", "time": "HW前HR2019年12月30日06:00 来自HUAWEIMate30Pro5G", "transmit": 159, "comment": 110, "zan": 682, "sentiment": [{"positive_prob": 0.994512, "confidence": 0.987805, "negative_prob": 0.00548768, "sentiment": 2}]}, {"text": "这么多人都是发自内心的爱华为，歌颂华为，赞美华为。华为真的不请水军。余承东说过，这是华为的底线。​", "author": "Geek_Cao", "time": "Geek_Cao2019年12月30日00:56 来自OPPORenoAce", "transmit": 25, "comment": 79, "zan": 482, "sentiment": [{"positive_prob": 0.740684, "confidence": 0.423741, "negative_prob": 0.259316, "sentiment": 2}]}, {"text": "2019年马上就要过去了，今天阿华就来盘点一下2019年的华为“年终奖”，看看文中这些高分时刻你记得几个？O盘点2019年华为“年终奖”，不容错过的大事来了！​", "author": "华为终端官方微博", "time": "华为终端官方微博2019年12月30日14:00 来自微博weibo.com", "transmit": 86, "comment": 125, "zan": 639, "sentiment": [{"positive_prob": 0.998103, "confidence": 0.995785, "negative_prob": 0.00189699, "sentiment": 2}]}, {"text": "荣耀智慧屏和小米电视5Pro拆机，这事儿暂时应该是告一段落了，可谓是“潘郎妙计安天下，赔了夫人又折兵”不过对我却造成了一点小困惑本来准备元旦后闲鱼上收个荣耀智慧屏的，前两天看pro版有几个人卖3100的，三次拆机之后咸鱼上pro最低的卖3500了，这几次拆机完估计就收不到便宜甩卖的荣耀智慧屏了，我恨卢伟冰卢总昨天突然看到卢伟冰，卢总又开始帮#华为#nova6和荣耀V30带货了，并且准备带一带华为路由器大家快买啊，小心卢总又把价格炒上去L长安数码君的微博视频", "author": "长安数码君", "time": "长安数码君2019年12月30日12:17 来自荣耀手机Android", "transmit": 36, "comment": 195, "zan": 845, "sentiment": [{"positive_prob": 0.796535, "confidence": 0.547855, "negative_prob": 0.203465, "sentiment": 2}]}, {"text": "【#孟晚舟退出华为全资子公司董事#，庞云光接任】天眼查数据显示，12月26日，杭州华为企业通信技术有限公司发生一系列变更，华为轮值董事长郭平卸任法定代表人、董事长，由田兴普接任。此外，孟晚舟退出董事，新增董事庞云光。杭州华为企业通信技术有限公司成立于2008年7月，注册资本1亿人民币，公司经营范围包括技术开发、技术服务，是华为投资控股有限公司的全资子公司。", "author": "凤凰网科技", "time": "凤凰网科技2019年12月30日14:27 来自微博weibo.com", "transmit": 24, "comment": 38, "zan": 202, "sentiment": [{"positive_prob": 0.96726, "confidence": 0.927245, "negative_prob": 0.0327395, "sentiment": 2}]}, {"text": "明天就是跨年了，现在看跨年演唱会也慢慢地成为了一种仪式感。今年想要安排湖南卫视的跨年演唱会，华为和荣耀手机自带的#华为视频#直接就能看，今天@华为终端云服务还有一个抽门票的活动，好想去现场呀~​", "author": "美食味道菌", "time": "美食味道菌2019年12月30日20:30 来自微博weibo.com", "transmit": 124, "comment": 139, "zan": 361, "sentiment": [{"positive_prob": 0.99999, "confidence": 0.999978, "negative_prob": 1.01208e-05, "sentiment": 2}]}, {"text": "旅行中总会有很多关于未知的尝试，而说到自由潜水绝对是最独特的体验。在华为手机纪录片《无际蓝》中自由潜“女神”@陆文婕Jessea仅凭闭一口气最深下潜至海底97米，刷新了我们对人类负海拔极限的认知，更重构了我们对手机影像的想象。不论是科技还是人类自身,只有不断突破边界，重新定义自己，才能拥抱真正的无际蓝。#Mate30重构想象#L华为终端官方微博的微博视频", "author": "旅游攻略君", "time": "旅游攻略君2019年12月30日13:35 来自风景旅拍·视频社区", "transmit": 693, "comment": 830, "zan": 3712, "sentiment": [{"positive_prob": 0.999945, "confidence": 0.999879, "negative_prob": 5.45835e-05, "sentiment": 2}]}]