[{"text": "#任正非回应热点#【《新闻1+1》专访华为创始人、CEO任正非】他说，华为现在不是最危险时刻，而是最佳状态；他说，从外施压只会推动华为更加向前；他说，我从来不想当英雄……戳↓↓看任正非正解“华为被禁”是与非！央视新闻的微博直播.​", "author": "央视新闻", "time": "央视新闻05月21日21:33 来自微博网页版", "transmit": 10422, "comment": 5123, "zan": 242910, "sentiment": [{"positive_prob": 0.919956, "confidence": 0.822125, "negative_prob": 0.0800437, "sentiment": 2}]}, {"text": "【任正非最新回应：最重要的还是把自己的事做好】5月21日，华为创始人、CEO任正非针对相关热点问题，在深圳接受了媒体访问。目前对华为有两种情绪，一种是鲜明的爱国主义支持华为，一种是华为绑架了全社会的爱国情绪。任正非说，自己的小孩就是不爱华为，因为他爱苹果。我们制止他们瞎喊口号，不要煽动民族情绪。我们最重要的还是把我们自己能做的事做好，美国政府做的事不是我们能左右的。O任正非:不能把买华为与爱国简单等同@人民日报#任正非我家人现在还用苹果#", "author": "环球网", "time": "环球网05月21日11:05 来自微博weibo.com", "transmit": 2958, "comment": 1188, "zan": 13427, "sentiment": [{"positive_prob": 0.953211, "confidence": 0.896024, "negative_prob": 0.0467892, "sentiment": 2}]}, {"text": "【#任正非回应热点#：我们最重要的还是把我们自己能做的事做好】今天上午，任正非接受采访，回应热点：①我们最重要的还是把我们自己能做的事做好；②我们和美国有冲突，但最终还是要一起为人类做贡献；③我们也能做美国芯片一样的芯片；④不能狭隘地认为爱华为就爱华为手机。​", "author": "中国日报", "time": "中国日报05月21日10:52 来自微博weibo.com", "transmit": 1020, "comment": 369, "zan": 3352, "sentiment": [{"positive_prob": 0.958354, "confidence": 0.907454, "negative_prob": 0.0416459, "sentiment": 2}]}, {"text": "【视频来了！任正非回应美国“90天临时执照”：华为5G绝对不会受影响别人两三年肯定追不上】任正非答中央广播电视总台记者：美国的“90天临时执照”，我们最重要的还是把我们自己能做的事做好，美国政府做的事不是我们能左右的。华为5G不会受影响，在5G技术方面，别人两三年肯定追不上。#任正非回应热点#L央视新闻的秒拍视频", "author": "央视新闻", "time": "央视新闻05月21日12:57 来自微博weibo.com", "transmit": 5391, "comment": 1835, "zan": 17441, "sentiment": [{"positive_prob": 0.224966, "confidence": 0.500075, "negative_prob": 0.775034, "sentiment": 0}]}, {"text": "《任正非接受中国媒体采访纪要（实录全文）》#任正非接受采访#华为创始人任正非今日在华为总部接受新浪科技等媒体专访，对近期美国封杀、华为5G和芯片业务发展、基础科学研究等热点话题进行回应。他表示，华为不会出现“断供”这种极端情况，已经做好了准备。戳阅全文：O任正非接受中国媒体采访纪要（实录全文）​", "author": "新浪科技", "time": "新浪科技05月21日20:06 来自微博weibo.com", "transmit": 28202, "comment": 3182, "zan": 59907, "sentiment": [{"positive_prob": 0.865527, "confidence": 0.701172, "negative_prob": 0.134473, "sentiment": 2}]}, {"text": "【#任正非回应热点#：不能狭隘地认为爱华为就爱华为手机】任正非：我们家人现在还在用苹果手机，苹果的生态很好，家人出国我还送他们苹果电脑，不能狭隘地认为爱华为就爱华为手机。O网页链接​", "author": "央视新闻", "time": "央视新闻05月21日09:16 来自微博weibo.com", "transmit": 4749, "comment": 3558, "zan": 28203, "sentiment": [{"positive_prob": 0.981977, "confidence": 0.95995, "negative_prob": 0.0180227, "sentiment": 2}]}, {"text": "#华为操作系统最早今年面世#【余承东：华为OS操作系统最早今年秋面市】华为消费者业务CEO余承东透露，华为面向下一代技术而设计的操作系统OS最快在今年秋天、最晚于明年春天将可能面市。这套系统打通了手机、电脑、平板、电视、汽车和智能穿戴等设备，统一成一个操作系统，兼容全部安卓应用和所有Web应用。如果安卓应用重新编译，在这套操作系统上，运行性能提升超过60%，这是面向未来的微内核。O余承东：华为OS最快今年秋天可面世", "author": "新浪财经", "time": "新浪财经05月21日21:27 来自微博weibo.com", "transmit": 6492, "comment": 4935, "zan": 15739, "sentiment": [{"positive_prob": 0.976815, "confidence": 0.948477, "negative_prob": 0.0231853, "sentiment": 2}]}, {"text": "【#任正非回应热点#】今天上午9点，任正非在华为总部接受中央广播电视总台记者董倩等采访。央视新闻将现场图文直播→O网页链接关注！（央视记者董倩）​", "author": "央视新闻", "time": "央视新闻05月21日09:04 来自微博weibo.com", "transmit": 4811, "comment": 2776, "zan": 20169, "sentiment": [{"positive_prob": 0.827068, "confidence": 0.615706, "negative_prob": 0.172932, "sentiment": 2}]}, {"text": "【视频来了！任正非：即使美国芯片供应不上，我们也有备份】21日，华为CEO任正非表示，我们永远需要美国芯片，我们不光是买他们的，也可能会卖给他们。我们不会去排斥美国，去狭隘地自我成长。如果真的出现供应不上的情况，我们是没有困难的，因为我们所有的高端芯片都有。L人民日报的秒拍视频​", "author": "人民日报", "time": "人民日报05月21日18:25 来自微博weibo.com", "transmit": 2700, "comment": 1601, "zan": 10409, "sentiment": [{"positive_prob": 0.537168, "confidence": 0.256638, "negative_prob": 0.462832, "sentiment": 1}]}, {"text": "#任正非回应华为热点问题#【任正非：不能狭隘地认为爱华为就爱华为手机】上午9点，任正非在华为总部接受中央广播电视总台记者董倩等采访。任正非称，我们家人现在还在用苹果手机，苹果的生态很好，家人出国我还送他们苹果电脑，不能狭隘地认为爱华为就爱华为手机。#任正非我家人现在还用苹果#任正非表示，美国的“90天临时执照”对我们没有多大意义，我们已经做好了准备，但是我们非常感谢美国企业，他们为我们做出了很多贡献，我们的很多顾问来自IBM等美国企业，“我们一年前就受到美国实体管制了。大家要骂就骂美国政客，这件事不关美国企业什么事情。美国政客目前的做法低估了我们的力量。”#任正非华为5G绝对不会受影响#任正非还表示，华为的5G是绝对不会受影响，在5G技术方面，别人两三年肯定追不上华为。#任正非别人两三年追不上华为##任正非回应热点#更多内容持续更新中：O直击任正非媒体会：不能狭隘地认为爱华为就爱华为手机（不断更新中）", "author": "每日经济新闻", "time": "每日经济新闻05月21日09:05 来自微博weibo.com", "transmit": 2468, "comment": 2262, "zan": 16891, "sentiment": [{"positive_prob": 0.954737, "confidence": 0.899416, "negative_prob": 0.0452628, "sentiment": 2}]}, {"text": "美国宣布进入国家紧急状态，把华为列入黑名单后网上议论纷纷。一年前美国对中兴宣布制裁的时候，我制作了四期《张召忠说》视频节目，欢迎大家收看。往期节目收看方法：关注局座召忠+下拉菜单左侧+珊瑚橘课堂～——第104期，《关注中国芯:芯片的奥秘》——第105期，《中国芯想要追上先进水平，难在那里？》——第106期，《中国芯，如何攻坚克难？》——第107期，《美国国会为何不放过中兴？》", "author": "局座召忠", "time": "局座召忠05月21日14:02 来自华为Mate20保时捷设计", "transmit": 336, "comment": 1080, "zan": 3918, "sentiment": [{"positive_prob": 0.949428, "confidence": 0.887617, "negative_prob": 0.0505722, "sentiment": 2}]}, {"text": "#任正非回应热点#【任正非：中美贸易根本问题是教育水平】今天，任正非在华为总部接受中央广播电视总台专访时表示，中美贸易根本问题是教育水平，国家一定要更开放，开放才有未来，而开放一定要强身健体，强身健体要有文化素质。L央视新闻的微博视频​", "author": "央视新闻", "time": "央视新闻05月21日18:11 来自微博视频", "transmit": 1478, "comment": 817, "zan": 8664, "sentiment": [{"positive_prob": 0.333989, "confidence": 0.257802, "negative_prob": 0.666011, "sentiment": 0}]}, {"text": "【#任正非回应热点#：我们也能做美国芯片一样的芯片】任正非：我们不会轻易狭隘地排斥美国芯片，要共同成长，但是如果出现供应困难的时候，我们有备份。我们在“和平时期”都是一半来自美国芯片，一半来自华为，我们不能孤立于世界。我们也能做美国芯片一样的芯片，但不等于说我们就不买了。O网页链接", "author": "央视新闻", "time": "央视新闻05月21日09:24 来自微博weibo.com", "transmit": 1975, "comment": 2479, "zan": 13544, "sentiment": [{"positive_prob": 0.760802, "confidence": 0.46845, "negative_prob": 0.239198, "sentiment": 2}]}, {"text": "【任正非最新回应：最重要的还是把自己的事做好】5月21日，华为创始人、CEO任正非针对相关热点问题，在深圳接受了媒体访问。目前对华为有两种情绪，一种是鲜明的爱国主义支持华为，一种是华为绑架了全社会的爱国情绪。任正非说，自己的小孩就是不爱华为，因为他爱苹果。我们制止他们瞎喊口号，不要煽动民族情绪。我们最重要的还是把我们自己能做的事做好，美国政府做的事不是我们能左右的。@人民日报", "author": "环球时报", "time": "环球时报05月21日12:50 来自微博weibo.com", "transmit": 319, "comment": 244, "zan": 828, "sentiment": [{"positive_prob": 0.957719, "confidence": 0.906041, "negative_prob": 0.0422814, "sentiment": 2}]}, {"text": "#双语世界说#【谈美国禁令、5G、创新…#任正非回应热点#双语版本来了！】今天，任正非在华为总部接受采访，“我们也能做美国芯片一样的芯片”“我们制止他们瞎喊口号，不要煽动民族情绪”“完全依靠中国自主创新很难成功，为什么我们不能拥抱这个世界，依靠全球创新？”他都回应了哪些热点问题？戳图↓↓", "author": "中国日报", "time": "中国日报05月21日17:27 来自微博weibo.com", "transmit": 331, "comment": 91, "zan": 621, "sentiment": [{"positive_prob": 0.238521, "confidence": 0.469954, "negative_prob": 0.761479, "sentiment": 0}]}, {"text": "【转存！任正非回应华为热点最全集锦：最终打得赢才是真的！】5月21日，任正非在华为总部接受梨视频等采访，持续150多分钟，全部精华都在此。任正非回应美国限制华为等热点问题，还谈了华为芯片、投资基础学科等情况。他表示，中国要冷静、要沉着，最终打得赢才是真的。@老板联播L老板联播的秒拍视频", "author": "梨视频", "time": "梨视频05月21日22:25 来自iPhoneX", "transmit": 4524, "comment": 544, "zan": 2268, "sentiment": [{"positive_prob": 0.783414, "confidence": 0.518698, "negative_prob": 0.216586, "sentiment": 2}]}, {"text": "【#任正非接受多家媒体采访#：最重要的还是把自己的事做好】5月21日，华为创始人、CEO任正非针对相关热点问题，在深圳接受了媒体访问。目前对华为有两种情绪，一种是鲜明的爱国主义支持华为，一种是华为绑架了全社会的爱国情绪。任正非说，自己的小孩就是不爱华为，因为他爱苹果。我们制止他们瞎喊口号，不要煽动民族情绪。我们最重要的还是把我们自己能做的事做好，美国政府做的事不是我们能左右的。@人民日报", "author": "新浪财经", "time": "新浪财经05月21日10:58 来自微博weibo.com", "transmit": 336, "comment": 209, "zan": 374, "sentiment": [{"positive_prob": 0.974082, "confidence": 0.942404, "negative_prob": 0.0259182, "sentiment": 2}]}, {"text": "【任正非：华为一年前就受实体清单管制】#任正非接受采访#时表示，华为在一年前就受实体清单管制了。在美国生产的零部件已经不能供给华为。“美国企业不能不遵守美国法律。媒体要为美国企业说话，美国企业和我们是同呼吸共命运的。”O任正非：华为一年前就受到美国实体清单管制​", "author": "新浪科技", "time": "新浪科技05月21日09:14 来自专业版微博", "transmit": 4428, "comment": 732, "zan": 12418, "sentiment": [{"positive_prob": 0.55076, "confidence": 0.00168933, "negative_prob": 0.44924, "sentiment": 2}]}, {"text": "#任正非接受采访#【任正非：家人现在还用苹果手机苹果的生态很好】今日任正非在华为总部接受媒体采访。他表示，自己家人现在还在用苹果手机，苹果的生态很好，家人出国他还送他们苹果电脑，不能狭隘地认为爱华为就爱华为手机。O任正非：家人现在还用苹果手机苹果的生态很好​", "author": "新浪科技", "time": "新浪科技05月21日09:05 来自专业版微博", "transmit": 3323, "comment": 2104, "zan": 18286, "sentiment": [{"positive_prob": 0.996857, "confidence": 0.993015, "negative_prob": 0.00314321, "sentiment": 2}]}, {"text": "【任正非最新回应：最重要的还是把自己的事做好】目前对华为有两种情绪，一种是鲜明的爱国主义支持华为，一种是华为绑架了全社会的爱国情绪。任正非说，自己的小孩就是不爱华为，因为他爱苹果。我们制止他们瞎喊口号，不要煽动民族情绪。我们最重要的还是把我们自己能做的事做好！图/人民日报​", "author": "紫光阁", "time": "紫光阁05月21日14:29 来自紫宝宝的Android", "transmit": 425, "comment": 295, "zan": 1639, "sentiment": [{"positive_prob": 0.919926, "confidence": 0.822058, "negative_prob": 0.0800737, "sentiment": 2}]}, {"text": "【#任正非批瞎喊口号#：不是用华为就是爱国，公司不要用民粹主义】21日，任正非在华为总部接受媒体采访，称不是用华为产品就是爱国，不用就是不爱国，华为是一个商业公司，对于华为的产品，消费者喜欢就用，不喜欢就不用，不应该把华为的产品和政治挂钩。要发文件制止瞎喊口号，公司不要用民粹主义！L老板联播的秒拍视频", "author": "头条新闻", "time": "头条新闻05月21日17:41 来自微博weibo.com", "transmit": 610, "comment": 610, "zan": 1899, "sentiment": [{"positive_prob": 0.0365813, "confidence": 0.918708, "negative_prob": 0.963419, "sentiment": 0}]}, {"text": "【#马化腾谈华为事件#：拿来主义的空间变小，时刻关注是否会变成科技战】5月21日，在2019腾讯全球数字生态大会上，马化腾说，中国已走到发展前沿，拿来主义的空间变得越来越少。我们也时刻关注中兴和华为事件，关注贸易摩擦是否会变成科技战。要在关键技术上下苦功，否则数字经济难以为继。L老板联播的秒拍视频", "author": "新浪财经", "time": "新浪财经05月21日18:50 来自微博weibo.com", "transmit": 638, "comment": 950, "zan": 1817, "sentiment": [{"positive_prob": 0.328579, "confidence": 0.269824, "negative_prob": 0.671421, "sentiment": 0}]}, {"text": "【任正非：我家人现在还用苹果不能狭隘认为爱华为就用华为手机】5月21日，任正非在华为总部接受采访，称“不能狭隘地认为爱华为就用华为手机”。任正非表示，苹果生态很好，家人出国还送他们苹果电脑。此前#任正非称家人用苹果#，还将苹果创始人乔布斯称为“改变人类社会的伟人”。L新京报我们视频的秒拍视频", "author": "新京报我们视频", "time": "新京报我们视频05月21日10:23 来自微博weibo.com", "transmit": 1353, "comment": 2083, "zan": 9552, "sentiment": [{"positive_prob": 0.970613, "confidence": 0.934695, "negative_prob": 0.029387, "sentiment": 2}]}, {"text": "#任正非回应热点#汇总：1、【不能狭隘地认为爱华为就爱华为手机】任正非：我家人现在还用苹果手机，苹果的生态很好，家人出国我还送他们苹果电脑，不能狭隘地认为爱华为就爱华为手机。2、【回应美国“90天临时执照”：没多大意义已做好准备】3、【我们也能做美国芯片一样的芯片】任正非：我们不会轻易狭隘地排除美国芯片，要共同成长，但是如果出现供应困难的时候，我们有备份。我们在“和平时期”都是一半来自美国芯片，一半来自华为，我们不能孤立于世界。我们也能做美国芯片一样的芯片，但不等于说我们就不买了。4、【在5G技术方面别人两三年肯定追不上华为】5、【欧洲跟我们沟通很密切】6、【谈备胎计划：在华为是很正常的一种行为不是排外】7、【为了站在世界高点上跟美国迟早会有冲突】我们牺牲了个人、家庭，是我们为了一个理想，为了站在世界高点上，为了这个理想，跟美国迟早就是会有冲突的。8、【华为自己做芯片很难咬着牙慢慢挺过来了】9、【困难时期还要持续多久？任正非：这个问题你可能要问“川普”不能问我】10、【华为不会出现极端断供情况】任正非：我们公司不会出现极端断供情况，我们已经做好准备了。春节的时候我判断美国打击的时间出现是两年以后，有充分时间。孟晚舟的庇护我们意识到可能时间推前了。春节加班期间，保安、清洁工、餐厅服务人员，5000人都在加班。好多人都不回家，抢占时间奋斗，五一节也是一样的，很多人都没回家。本来要下个月，这个月就准备的差不多了。11、【发展芯片光砸钱不行还要砸人要全球寻找人才】任正非介绍，华为至少有700名数学家、800多名物理学家、120多名化学家、六七千名基础研究的专家、六万多名各种高级工程师、工程师，形成这种组合在前进。12、【不要煽动民族情绪】任正非表示，目前对华为有两种情绪，一种是鲜明的爱国主义支持华为，一种是华为绑架了全社会的爱国情绪。任正非说，自己的小孩就是不爱华为，因为他爱苹果。余承东总说老板不为我们宣传。我们制止他们瞎喊口号，不要煽动民族情绪。13、【谈华为管理秘籍：华为所有的哲学就是以客户为中心就是为客户创造价值】14、【谈谷歌：是一个好公司是一个高度负责任的公司】谷歌和华为也在讨论应对方案怎么做。15、【华为不轻易允许资本进来因为资本贪婪的本性会破坏我们的理想的实现】16、【谈孟晚舟事件：“女儿有思想准备，缓解了我很大压力】“（这件事）就是想影响我的意志。女儿说有长期思想准备，缓解了我很大压力。“要超越于华为、个人、家庭去思考问题，才能客观。”O直播：任正非回应热点", "author": "新浪视频", "time": "新浪视频05月21日10:49 来自微博weibo.com", "transmit": 1956, "comment": 807, "zan": 8223, "sentiment": [{"positive_prob": 0.128834, "confidence": 0.713701, "negative_prob": 0.871166, "sentiment": 0}]}, {"text": "#任正非我家人现在还用苹果#【任正非：不能狭隘地认为爱华为就用华为手机】5月21日，#任正非接受多家媒体采访#时表示，我们家人现在还在用苹果手机，苹果的生态很好，家人出国我还送他们苹果电脑，不能狭隘地认为爱华为就用华为手机。（央视新闻客户端）O任正非：家人现在还在用苹果手机苹果的生态很好​", "author": "新浪财经", "time": "新浪财经05月21日09:04 来自微博weibo.com", "transmit": 509, "comment": 385, "zan": 4103, "sentiment": [{"positive_prob": 0.994072, "confidence": 0.986828, "negative_prob": 0.0059275, "sentiment": 2}]}, {"text": "【任正非：我家人现在还用苹果手机，不能太狭隘】5月21日上午，任正非在华为总部接受梨视频等采访，回应近期热点。他表示，自己家人现在还在用苹果手机，苹果的生态很好，家人出国他还送他们苹果电脑，不能狭隘地认为爱华为就爱华为手机。L老板联播的秒拍视频​", "author": "梨视频", "time": "梨视频05月21日14:48 来自微博weibo.com", "transmit": 356, "comment": 605, "zan": 2260, "sentiment": [{"positive_prob": 0.97355, "confidence": 0.941222, "negative_prob": 0.0264502, "sentiment": 2}]}, {"text": "#任正非回应90天临时执照#【任正非：美国“90天临时执照”没有多大意义已经做好了准备】5月21日，#任正非接受多家媒体采访#时表示，美国的“90天临时执照”对我们没有多大意义，我们已经做好了准备，但是我们非常感谢美国企业，他们为我们做出了很多贡献，我们的很多顾问来自IBM等美国企业。华为一年前就受到美国实体管制了。任正非表示，大家要骂就骂美国政客，这件事不关美国企业什么事情。美国政客目前的做法低估了我们的力量。（央视）O任正非：美国的“90天临时执照”对华为没多大意义", "author": "新浪财经", "time": "新浪财经05月21日09:14 来自微博weibo.com", "transmit": 358, "comment": 124, "zan": 3580, "sentiment": [{"positive_prob": 0.8982, "confidence": 0.773778, "negative_prob": 0.1018, "sentiment": 2}]}, {"text": "【正在直播：华为荣耀20系列英国发布会】北京时间今晚21点，华为将在英国伦敦举办全球发布会，正式发布新旗舰荣耀20系列：荣耀20、荣耀20Pro两个版本。据透露，荣耀20系列最大亮点将体现在拍照功能，两款都配有后置四摄。华为5月31日将在上海举办荣耀20系列国行发布会#看看直播#看看新闻KNEWS的微博直播.", "author": "看看新闻KNEWS", "time": "看看新闻KNEWS05月21日21:04 来自微博网页版", "transmit": 112, "comment": 990, "zan": 17043, "sentiment": [{"positive_prob": 0.964226, "confidence": 0.920502, "negative_prob": 0.035774, "sentiment": 2}]}, {"text": "#任正非回应热点#【任正非：不能狭隘地认为爱华为就爱华为手机】现在，任正非在华为总部接受中央广播电视总台记者采访。任正非回应热点：我们家人现在还在用苹果手机，苹果的生态很好，家人出国我还送他们苹果电脑，不能狭隘地认为爱华为就爱华为手机。（央视新闻移动端）​", "author": "头条新闻", "time": "头条新闻05月21日09:05 来自微博weibo.com", "transmit": 715, "comment": 641, "zan": 2122, "sentiment": [{"positive_prob": 0.985004, "confidence": 0.966675, "negative_prob": 0.014996, "sentiment": 2}]}, {"text": "【视频来了！任正非回应美国“90天临时执照”：华为5G绝对不会受影响别人两三年肯定追不上】任正非答中央广播电视总台记者：美国的“90天临时执照”，我们最重要的还是把我们自己能做的事做好，美国政府做的事不是我们能左右的。华为5G不会受影响，在5G技术方面，别人两三年肯定追不上。#任正非回应热点#L央视新闻的秒拍视频@央视新闻", "author": "环球时报", "time": "环球时报05月21日13:55", "transmit": 336, "comment": 291, "zan": 1276, "sentiment": [{"positive_prob": 0.220026, "confidence": 0.511054, "negative_prob": 0.779974, "sentiment": 0}]}]