[{"text": "【#任正非卸任北京华为数字技术有限公司副董事长#】天眼查数据显示，11月22日北京华为数字技术有限公司发生工商变更，原副董事长任正非退出，原董事长孙亚芳退出，原董事徐文伟、郭平等退出。此外，孙亚芳卸任法定代表人，由田兴普接任。此前任正非表示，华为的交班已经完成很多年。O任正非卸任华为全资子公司副董事长曾称交班已完成", "author": "新浪科技", "time": "新浪科技11月24日13:29 来自微博weibo.com", "transmit": 581, "comment": 1416, "zan": 43801, "sentiment": [{"positive_prob": 0.920513, "confidence": 0.823362, "negative_prob": 0.0794872, "sentiment": 2}]}, {"text": "今晚北鼻小千入我梦！！！易烊千玺好可爱！易烊千玺帅yyqx帅易烊千玺可爱yyqx可爱华为nova全球代言人天猫代言人adidasneo天猫代言人少年的你长安十二时辰易烊千玺yyqx中戏第一四字弟弟四字szdd易烊千玺粉丝四字粉丝​", "author": "盐奶妹妹", "time": "盐奶妹妹11月24日23:59 来自易烊千玺超话", "transmit": 1416, "comment": 507, "zan": 3115, "sentiment": [{"positive_prob": 0.955998, "confidence": 0.902218, "negative_prob": 0.0440019, "sentiment": 2}]}, {"text": "#任正非卸任华为全资子公司副董事长#在你眼中，哪位中国企业家是最具有科技创新的领导者？你认为哪位中国企业家是最具科技创新的领导者？​", "author": "工业科技迷", "time": "工业科技迷11月24日14:56", "transmit": 84, "comment": 300, "zan": 48230, "sentiment": [{"positive_prob": 0.631555, "confidence": 0.181233, "negative_prob": 0.368445, "sentiment": 2}]}, {"text": "#任正非卸任华为全资子公司副董事长#【任正非卸任北京华为数字技术有限公司副董事长】天眼查数据显示，11月22日，北京华为数字技术有限公司发生工商变更，原副董事长任正非退出，此外，原董事长孙亚芳、原董事徐文伟、郭平等退出。此外，孙亚芳卸任法定代表人，由田兴普接任，后者为华为北京研发所所长。@新京报O任正非卸任北京华为数字技术有限公司副董事长", "author": "财经网", "time": "财经网11月24日14:48", "transmit": 47, "comment": 51, "zan": 472, "sentiment": [{"positive_prob": 0.957683, "confidence": 0.905962, "negative_prob": 0.0423171, "sentiment": 2}]}, {"text": "【#任正非卸任华为全资子公司副董事长#，曾称交班已完成】11月22日，天眼查数据显示，北京华为数字技术有限公司发生工商变更，原副董事长任正非退出，原董事长孙亚芳退出。此前在接受欧洲新闻电视台采访时，任正非表示，其实华为的交班已经完成很多年，不是现在才交接班。L老板联播的微博视频​", "author": "新浪财经", "time": "新浪财经11月24日18:40 来自微博weibo.com", "transmit": 46, "comment": 81, "zan": 422, "sentiment": [{"positive_prob": 0.742234, "confidence": 0.427186, "negative_prob": 0.257767, "sentiment": 2}]}, {"text": "易烊千玺华为系列全球代言人只有四位，其他三位都是国外的，我们千玺是唯一一个国内的！嘎嘎嘎@TFBOYS-易烊千玺L零筹码在线玩家的微博视频​", "author": "零筹码在线玩家", "time": "零筹码在线玩家11月24日12:03 来自易烊千玺超话", "transmit": 382, "comment": 98, "zan": 1611, "sentiment": [{"positive_prob": 0.575918, "confidence": 0.0575949, "negative_prob": 0.424082, "sentiment": 2}]}, {"text": "一图解析华为、阿里巴巴人力资源管理，看完明白他们为什么那么牛​", "author": "人力资源研究", "time": "人力资源研究11月24日09:47 来自iPhoneXR", "transmit": 156, "comment": 11, "zan": 155, "sentiment": [{"positive_prob": 0.160031, "confidence": 0.644376, "negative_prob": 0.839969, "sentiment": 0}]}, {"text": "【#任正非卸任华为全资子公司副董事长#，曾称交班已完成】11月22日，天眼查数据显示，北京华为数字技术有限公司发生工商变更，原副董事长任正非退出，原董事长孙亚芳退出。此前在接受欧洲新闻电视台采访时，任正非表示，其实华为的交班已经完成很多年，不是现在才交接班。@老板联播L老板联播的微博视频", "author": "梨视频", "time": "梨视频11月24日15:59 来自专业版微博", "transmit": 28, "comment": 47, "zan": 249, "sentiment": [{"positive_prob": 0.761747, "confidence": 0.470549, "negative_prob": 0.238253, "sentiment": 2}]}, {"text": "#华为视频#联合优酷纪录片#大地私宴#在@荣耀HONOR旗舰店举办了一场风味十足的品鉴活动，寻味之旅，遇见食之本味。来评论区一起分享一部印象最深的美食纪录片吧。​", "author": "思想聚焦", "time": "思想聚焦11月24日20:45 来自微博weibo.com", "transmit": 67, "comment": 89, "zan": 466, "sentiment": [{"positive_prob": 0.989181, "confidence": 0.975957, "negative_prob": 0.0108191, "sentiment": 2}]}, {"text": "#易烊千玺#大名话题热门前排还有🐔，净化一下😤yyqx帅yyqx可爱yyqx中戏yyqx华为yyqx天猫yyqx短发yyqx发型封面yyqx少年的你易烊千玺小北易烊千玺阿迪易烊千玺中戏易烊千玺中戏第一yyqx帅四字弟弟易烊千玺演技四字szyyqx四字弟弟易烊千玺天猫adidasneoyyqx梨涡yyqx日默瓦易烊千玺依云四字硬照代言易烊千玺长安十二时辰天猫首位代言人易烊千玺华为nova全球代言人Lx努力吧的微博视频​", "author": "Weborntodie", "time": "Weborntodie11月24日22:16 来自易烊千玺超话", "transmit": 560, "comment": 241, "zan": 2108, "sentiment": [{"positive_prob": 0.948871, "confidence": 0.886379, "negative_prob": 0.0511293, "sentiment": 2}]}, {"text": "华为Matepadpro这次做的太惊艳了，这边框控制也没谁了！麒麟990+2K屏+40W快充+哈曼卡顿音效+多屏协同+Mpencil高精手写笔+最新配色！这是能给的都给了，大家心动吗？​", "author": "宋敬亭", "time": "宋敬亭11月24日13:37 来自热搜第一推荐", "transmit": 40, "comment": 407, "zan": 710, "sentiment": [{"positive_prob": 0.631426, "confidence": 0.180948, "negative_prob": 0.368574, "sentiment": 2}]}, {"text": "【华为食堂遭曝光：看得我泪流满面！还有什么理由不好好学习？】最近华为的食堂爆红网络，华为官方心声社区有曝光华为员工在沙特的食堂伙食。虽然身处沙漠，在华为食堂可以放肆吃海鲜，果真是年均薪水77万的公司啊，土豪起来跟不要钱一样。2000年，第一批公派出国的华为员工，因为外汇管制在麦当劳都刷不出卡，一日三餐啃着单调的垃圾食品。十几年过去了，华为越做越强，人越来越多，也更加重视员工的餐饮。华为美食版块越来越丰富了，用其官方的话来说就是：你在孟加拉吃着烤全羊我在金沙萨享用烧烤大餐你在莫斯科吃烤鱼我在加纳吃羊肉泡馍.....现在我们的目标是吃！遍！全！球！#华为##食堂#", "author": "价值投资日志", "time": "价值投资日志11月24日11:26 来自iPhoneX", "transmit": 77, "comment": 108, "zan": 286, "sentiment": [{"positive_prob": 0.132166, "confidence": 0.706297, "negative_prob": 0.867834, "sentiment": 0}]}, {"text": "「德国电信决定封杀华为中国大使发警告」德国《经济周刊》11月20日援引德国电信集团管理层的消息发布独家报道称，“今后两年内，亚洲部件的占比将变为零。”德国电信核心网络中正在使用的华为部件将被逐步替换。虽然德国总理默克尔多次重申拒绝封杀华为，德国现在开始考虑放弃华为技术，主因是欧盟对非欧盟国家5G技术的排斥，除将华为排除在核心网外，德国电信也将替换掉一些美国厂商的设备。报道称今后欧洲国家将主要采购欧洲本土厂商的产品，芬兰的诺基亚、瑞典的爱立信将从中获利，华为在欧洲市场将面临全局挑战。新华网11月20日报道称，中国驻德大使吴恳11月20日说，毫无根据地不让华为参与在德国建立5G网络是对中国公司的公然歧视，会发出保护主义的错误信号，这也会损害德国自己的利益。我开始担心德国汽车在中国的前途，德国汽车无法离开中国这个巨大的市场。.", "author": "Kevin在纽约", "time": "Kevin在纽约11月24日07:08 来自微博weibo.com", "transmit": 435, "comment": 885, "zan": 7104, "sentiment": [{"positive_prob": 0.0525061, "confidence": 0.88332, "negative_prob": 0.947494, "sentiment": 0}]}, {"text": "工作再忙，复习任务再重，每天必须保持阳光的心态，积极向上的精神，树立必胜的信心!今年春节上华为新手机，我就喜欢华为，爱咋咋的!​", "author": "数学汤家凤", "time": "数学汤家凤11月24日08:07 来自HUAWEIMate9", "transmit": 17, "comment": 234, "zan": 1937, "sentiment": [{"positive_prob": 0.938591, "confidence": 0.863535, "negative_prob": 0.0614094, "sentiment": 2}]}, {"text": "真是一个神奇的手机。华为matex​", "author": "木浮生", "time": "木浮生11月24日15:12", "transmit": 17, "comment": 128, "zan": 837, "sentiment": [{"positive_prob": 0.598977, "confidence": 0.108837, "negative_prob": 0.401023, "sentiment": 2}]}, {"text": "易烊千玺【随手净化❗❗❗】投票→把【投🎫】两个字删掉分享结果→取消投🎫→选择另一项→把【投🎫】两个字删掉分享结果❗@TFBOYS-易烊千玺​四字yyqx四字弟弟dbxjsndn可爱jw帅二十猫dbxjcasesc甜雕塑优益C帅可爱中戏华为苏舒适圈发型长安十二时辰封面少年的你好看易烊千玺yyqx帅四字弟弟szdd可爱", "author": "拾肆號吸烊选手", "time": "拾肆號吸烊选手11月24日22:04 来自易烊千玺超话", "transmit": 1276, "comment": 91, "zan": 2005, "sentiment": [{"positive_prob": 0.983558, "confidence": 0.963462, "negative_prob": 0.0164423, "sentiment": 2}]}, {"text": "易烊千玺yyqx帅四字四字弟弟szdd帅天猫首位代言人华为nova全球代言人中戏第一四字弟弟yyqx唱歌szdd四字粉丝四字好看四字帅四字新歌好听少年的你李必刘北山​​​", "author": "茶学研究员", "time": "茶学研究员11月24日22:26", "transmit": 76, "comment": 42, "zan": 337, "sentiment": [{"positive_prob": 0.981397, "confidence": 0.95866, "negative_prob": 0.0186031, "sentiment": 2}]}, {"text": "发布了头条文章：《机会大于风险》财经每日必读#微博赚钱季#周五股权/超跌低价+次新最强，华为/科技+区块链+穿戴智能分化，主板放量下跌（预设明日探底企稳，注意观察成交量能否有效放大）强势股接力的亏钱效应放大，明日麦克奥迪，长城动漫等作为情绪标杆观察，空间板高度到6板，首板数量减少，受消息面影响，短期降低风险偏好，回避破位的高位趋势股，耐心狩猎，最优策略是等企稳信号出现后低吸主线板块人气股和超跌板块等轮动，低吸富一生。Ps:2870下机会大于风险。O机会大于风险", "author": "lesliesay", "time": "lesliesay11月24日10:18 来自微博weibo.com", "transmit": 337, "comment": 142, "zan": 451, "sentiment": [{"positive_prob": 0.863595, "confidence": 0.696878, "negative_prob": 0.136405, "sentiment": 2}]}, {"text": "易烊千玺【随手净化❗❗❗】投票→把【投🎫】两个字删掉分享结果→取消投🎫→选择另一项→把【投🎫】两个字删掉分享结果❗@TFBOYS-易烊千玺​四字yyqx四字弟弟dbxjsndn可爱jw帅二十猫dbxjcasesc甜雕塑优益C帅可爱中戏华为苏舒适圈发型长安十二时辰封面少年的你好看易烊千玺好看yyqx帅", "author": "拾肆號吸烊选手", "time": "拾肆號吸烊选手11月24日00:10 来自易烊千玺超话", "transmit": 933, "comment": 88, "zan": 2078, "sentiment": [{"positive_prob": 0.979604, "confidence": 0.954675, "negative_prob": 0.0203961, "sentiment": 2}]}, {"text": "12月5号你有事吗？千玺弟弟喊你去武汉找他。还准备了惊喜哦，至于是什么呢？大家去了就知道了！#华为nova6#L华为终端官方微博的秒拍视频​", "author": "八卦壹姐", "time": "八卦壹姐11月24日15:40 来自微博weibo.com", "transmit": 1331, "comment": 1216, "zan": 1519, "sentiment": [{"positive_prob": 0.76237, "confidence": 0.471934, "negative_prob": 0.23763, "sentiment": 2}]}, {"text": "一个公司，让霸权受挫；一个私企，让复兴有望。这个公司就是华为，载入中华复兴和国际关系史册的华为！小胜靠智，大胜靠德，常胜靠和。人类命运共同体，美国何必相煎太急！2深圳·华为基地​", "author": "王义桅", "time": "王义桅11月24日11:15 来自HUAWEIMate10Pro", "transmit": 15, "comment": 11, "zan": 121, "sentiment": [{"positive_prob": 0.500564, "confidence": 0.988719, "negative_prob": 0.499436, "sentiment": 1}]}, {"text": "央视又开始给华为疯狂打Call了而且是主播集体出动外加栏目各种露面看了一下有很多都是因为华为提供了技术支持才会这样的，比如央视频5G新媒体平台是华为提供的5G技术支持，央视主持人大赛由华为云提供人工智能技术支持，还真不是给钱就让上的有技术果然可以为所欲为​", "author": "长安数码君", "time": "长安数码君11月24日21:45 来自嫡出公主的Android", "transmit": 18, "comment": 125, "zan": 623, "sentiment": [{"positive_prob": 0.905503, "confidence": 0.790006, "negative_prob": 0.094497, "sentiment": 2}]}, {"text": "距离书写下一个惊喜，还有1天！#华为MatePad#上海等你。​", "author": "华为终端官方微博", "time": "华为终端官方微博11月24日11:00 来自微博weibo.com", "transmit": 67, "comment": 245, "zan": 1171, "sentiment": [{"positive_prob": 0.719166, "confidence": 0.375925, "negative_prob": 0.280834, "sentiment": 2}]}, {"text": "任正非卸任北京华为数字技术有限公司副董事长，原董事长孙亚芳也已退出，田兴普接任法定代表人、董事长注：北京华为数字技术有限公司由华为投资控限有限公司全资持股。#任正非卸任华为全资子公司副董事长#​", "author": "数码研究所", "time": "数码研究所11月24日12:53", "transmit": 20, "comment": 93, "zan": 631, "sentiment": [{"positive_prob": 0.935636, "confidence": 0.85697, "negative_prob": 0.0643637, "sentiment": 2}]}, {"text": "#任正非卸任华为全资子公司副董事长#我被逼为世界第一！任正非送给所有有梦想的人。我44岁的时候，在经营中被骗了200万，被国企南油集团除名，曾求留任被拒绝，还背负还清200万的债，妻子又和我离了婚，我带着老爹老娘弟弟妹妹在深圳住棚屋，创立华为公司，我没有资本，没有人脉，没有资源，没有技术，没有市场经验，我唯有勇敢向前，我用了27年把华为带到了世界500强，行业世界第一的位置。我不觉得跌倒可怕，可怕的是再也站不起来。L网乐欢笑的微博视频", "author": "网乐欢笑", "time": "网乐欢笑11月24日15:51 来自已编辑Android", "transmit": 73, "comment": 74, "zan": 359, "sentiment": [{"positive_prob": 0.0303339, "confidence": 0.932591, "negative_prob": 0.969666, "sentiment": 0}]}, {"text": "#华为MatePad#，超级压感手写值得你期待真机图相信很多人都看到了，相当不错，其他的功能先不说了，我估计发布后会有很多人赞叹他的手写的另外，我感觉华为MatePadPro还会有12.9英寸版本​", "author": "长安数码君", "time": "长安数码君11月24日16:40 来自嫡出公主的Android", "transmit": 18, "comment": 177, "zan": 825, "sentiment": [{"positive_prob": 0.984542, "confidence": 0.96565, "negative_prob": 0.0154576, "sentiment": 2}]}, {"text": "请你停止散发魅力吧四字弟弟，武汉的高铁票已经买好了！#华为nova6#L华为终端官方微博的秒拍视频​", "author": "八组天真妹", "time": "八组天真妹11月24日15:40 来自微博weibo.com", "transmit": 682, "comment": 748, "zan": 2020, "sentiment": [{"positive_prob": 0.754594, "confidence": 0.454654, "negative_prob": 0.245406, "sentiment": 2}]}, {"text": "昨晚比赛完已经晚上11点了，刚好拍了个华为Mate30和苹果11pro的像素对比……图一二三是华为，图四五六是苹果，苹果镜头是放大10倍，华为30倍第三张窗户上的水雾还挺像琉璃画的，猫宁#方妮的分享##华为Mate30##Apple#​", "author": "李方妮", "time": "李方妮11月24日10:06 来自✨🌟iPhone11Pro", "transmit": 16, "comment": 160, "zan": 315, "sentiment": [{"positive_prob": 0.866337, "confidence": 0.702971, "negative_prob": 0.133663, "sentiment": 2}]}, {"text": "华为MatePad触控笔长这样​", "author": "数码研究所", "time": "数码研究所11月24日17:55", "transmit": 24, "comment": 269, "zan": 1039, "sentiment": [{"positive_prob": 0.438314, "confidence": 0.0259697, "negative_prob": 0.561686, "sentiment": 0}]}, {"text": "【#任正非卸任华为全资子公司副董事长#，曾称交班已完成】11月22日，天眼查数据显示，北京华为数字技术有限公司发生工商变更，原副董事长任正非退出，原董事长孙亚芳退出。此前在接受欧洲新闻电视台采访时，任正非表示，其实华为的交班已经完成很多年，不是现在才交接班。L老板联播的微博视频​", "author": "新浪科技", "time": "新浪科技11月24日20:30 来自微博weibo.com", "transmit": 8, "comment": 24, "zan": 75, "sentiment": [{"positive_prob": 0.742234, "confidence": 0.427186, "negative_prob": 0.257767, "sentiment": 2}]}]