[{"text": "19年各厂商5G手机时间表，华为本月24号率先发布全球首款5G商用折叠手机，4月还有P30系列，荣耀V20的5G版本年初发，大部分都将在今年开启5G手机元年，只有苹果可能要等到2020年了，这时候显示出来自研5G基带优势了，有硬核技术才能引领科技潮流，华为再次引领全球#华为##苹果##5g手机发布时间表#​", "author": "建华Wei业", "time": "建华Wei业02月08日20:13 来自手机超话", "transmit": 684, "comment": 2439, "zan": 5603, "sentiment": [{"positive_prob": 0.95823, "confidence": 0.907178, "negative_prob": 0.0417701, "sentiment": 2}]}, {"text": "藏不住的福韵，年味十足的#华为Mate20#Pro馥蕾红为大家献上新年祝福！2019年继续红火。O网页链接​", "author": "徐钦松Jim", "time": "徐钦松Jim02月08日10:53 来自HUAWEIMate20Pro", "transmit": 56, "comment": 126, "zan": 518, "sentiment": [{"positive_prob": 0.953386, "confidence": 0.896413, "negative_prob": 0.0466141, "sentiment": 2}]}, {"text": "【美国陷害法国阿尔斯通的往事，足证封杀华为中兴并非偶然】转：法国阿尔斯通前高管皮耶鲁齐最近出的书《美国陷阱》，他在2013年去美国出差的时候被抓，美国司法部指控他在印尼的一起投资案行贿当地政府，逼他认罪，皮耶鲁齐被和死刑犯关在一起，200多天没见太阳，据他说折腾得受不了了，认罪了，但是他搞不懂就算真的在印尼行贿当地政府和美国什么关系？后来发现，是阿尔斯通和美国通用电气是最大的竞争对手，在埃及，沙特，台湾，印尼，大陆等地抢走了美国通用电气的订单，通用暗中雇佣了庞大的律师团，其中包含大量司法部前官员（书里列出了名单），最终美国调查认为阿尔斯通在印尼，台湾，巴哈马，沙特贿赂当地政府7500W，拿到了40亿美金的订单，（注意了，判阿尔斯通的是行贿罪，不是不正当竞争），皮耶鲁齐至今搞不懂，就算我真的在印尼等地行贿当地政府拿订单，那也是印尼等政府起诉我们，让我们赔偿，这和美国什么关系啊？后来他发现了，在美国有一大堆的律师和司法部勾结，这些律师很多就是司法部的前官员，专门帮助美国的公司打击竞争对手，赚取巨额的律师费。美国的很多法律没有详细的条款，法律条文都很笼统，一个条文能做出很多方向的解读，旷日持久的官司，阿尔斯通花掉了十多亿美金，现金流都拿去打官司了，正常业务也停止，最终不得不出卖，其中德国西门子，日本三菱在收购意向的前两名，美国司法部又给开出了巨额的罚款，罚款必须以阿尔斯通法国公司的资产缴纳，日本德国放弃收购，通用电器收购后和美国司法部和解，罚款不存在了。法国总统马克龙在2015年做经济部长时候认为这件事情是一个阴谋，议员也在国会多次质询，今年秋天，皮耶鲁齐被放出来，据皮耶鲁齐说中讲，他没有具体的罪名，美国也知道这个事情做的不厚道，没有公开这个案子，法国人民直到看到他的书才知道这个事情，马克龙要在国会举行阿尔斯通被收购听证会的之前的几天，黄背心爆发了。皮耶鲁齐认为黄背心是美国唆使的，一个是转移阿尔斯通的注意力，一个是给马克龙和后任的总统一个颜色看看，如果调查此事就让他们好看。﻿评：美国为了保持本国企业在核心领域的绝对竞争力，动用包括间谍等政府手段对他国竞争企业进行莫须有地定罪打击。与此同时，美国竟然叫嚣中国政府不能干预市场。无耻透顶！", "author": "平民王小石", "time": "平民王小石02月08日11:04 来自魅族16旗舰手机", "transmit": 1053, "comment": 246, "zan": 548, "sentiment": [{"positive_prob": 0.12593, "confidence": 0.720156, "negative_prob": 0.87407, "sentiment": 0}]}, {"text": "图一：七年合照表情不变图二：华为前置就是牛逼图三：假笑兄妹我家最强​", "author": "RosyEgg-", "time": "RosyEgg-02月08日16:09 来自iPhone客户端", "transmit": 72, "comment": 6, "zan": 178, "sentiment": [{"positive_prob": 0.128716, "confidence": 0.713964, "negative_prob": 0.871284, "sentiment": 0}]}, {"text": "@财新周刊【封面报道|孟晚舟冲击】美国对孟晚舟发动的这场司法狙击，究竟是为了维护美国对伊朗制裁的严密性，还是意欲直指华为在全球通信市场的竞争优位？一名美国无线行业分析师分析称，中美两国都希望成为未来十年通信行业的领导者。O【封面报道】孟晚舟冲击​", "author": "财新网", "time": "财新网02月08日13:52 来自财新网", "transmit": 67, "comment": 273, "zan": 84, "sentiment": [{"positive_prob": 0.771749, "confidence": 0.492775, "negative_prob": 0.228251, "sentiment": 2}]}, {"text": "试试华为mate20pro的慢动作，自动检测运动开拍挺好用的，就是原片颜色不行，我后期调了个色。挺好玩儿的功能。L莲石路车神的微博视频​", "author": "莲石路车神", "time": "莲石路车神02月08日15:52 来自微博视频", "transmit": 55, "comment": 205, "zan": 755, "sentiment": [{"positive_prob": 0.745263, "confidence": 0.433917, "negative_prob": 0.254737, "sentiment": 2}]}, {"text": "港剧头条子华为左钱做犯人比阿婆认，阿婆话就系距个样衰过人果两位阿sir好熟面口喔，你地记唔记得系边个啊又好似系@杨明Mat同@Raymond趙永洪LTVB剧透社的微博视频​", "author": "TVB剧透社", "time": "TVB剧透社02月08日01:25 来自港剧头条超话", "transmit": 49, "comment": 38, "zan": 112, "sentiment": [{"positive_prob": 0.451318, "confidence": 0.0263601, "negative_prob": 0.548682, "sentiment": 1}]}, {"text": "在从机场回札幌的JR上随手用华为的雪景模式拍的照片每次有朋友来札幌老李总是开车去新千岁接，大概意思就是机场在珠海，我们要从深圳开车去接。冬天里雪地里往返要开两小时，其实从新千岁机场去札幌市区我真的推荐坐JR的，比开车要快。小贴士:机场JR在国内航站楼楼下，国际航班来的只要过了smileroad下楼就是，买一张去sapporo的JR票，1070日元，就从起点站坐到终点，大概40分钟，听听歌看看窗外。到了札幌站，出站就是札幌出租车总站，不用担心没车，把酒店地址告诉司机，市区里路程不会超过15分钟，方便又省钱。#我们的北海道小日常#", "author": "小多妈Yuki", "time": "小多妈Yuki02月08日12:45 来自HUAWEIMate20Pro", "transmit": 17, "comment": 25, "zan": 108, "sentiment": [{"positive_prob": 0.973435, "confidence": 0.940966, "negative_prob": 0.0265655, "sentiment": 2}]}, {"text": "小县城不到300米的街道，华为2家，oppo五家，vivo3家，其它品牌没看见，线下渠道还是ov是王者啊！无论去我媳妇老家还是我老家，县城中心地段一定有ov手机店，不服不行。​", "author": "科技圣斗士", "time": "科技圣斗士02月08日17:59 来自HUAWEIMate20Pro", "transmit": 6, "comment": 93, "zan": 677, "sentiment": [{"positive_prob": 0.641187, "confidence": 0.202638, "negative_prob": 0.358813, "sentiment": 2}]}, {"text": "【泰国启动华为5G测试台】泰国今天（8日）启动华为5G测试台。这是华为首次在东南亚地区设立这类的测试台。O泰国启动华为5G测试台​", "author": "早报网", "time": "早报网02月08日22:10 来自微博weibo.com", "transmit": 27, "comment": 124, "zan": 148, "sentiment": [{"positive_prob": 0.678948, "confidence": 0.286552, "negative_prob": 0.321052, "sentiment": 2}]}, {"text": "O猪年到了，简单的说几句想法|宁南山最近几个月，说中国的通信设备不安全是西方媒体尤其是美国媒体最为常见的报道，也是美国的议员和政府官员在各个场合，反复的向世界传输的观念。实际上，华为中兴的通信设备在全世界大规模部署几十年了，从来没有出现过大规模的网络安全问题，同时由于中国公司的技术进步，对网络安全的理解越来越深，技术上处于越来越完善的水平。这也是中国设备能够通过欧洲，日本和韩国这些发达国家的运营商严格技术测试，并且在网络大规模部署的原因。 要论对全世界的监听，美国可以说超过全世界的总和，2002年，英国《金融时报》和《华盛顿邮报》就报道了波音为中国领导人制造的专机被美国人大规模的安装了窃听器的事件。这是美国厂商和美国情报部门合作的直接证据之一。不只是美国的设备厂商出于各种原因必须和美国情报部门合作，美帝对全世界机密信息的窃取是大规模的，2001年的中美南海撞机事件，就是因为美国规模化的通过侦察机接近中国本土，获取中国的信息导致。不只是对中国，美国人的情报侦察飞机和舰船，每时每刻都在世界各国大陆的沿海航行。 中国人对控制世界的兴趣和能力，显然是没有美国人大的，因此使用美国的设备，在政治上才是最不安全可靠的。2019年1月，美国对华为进行刑事指控，其发布的文件里面，提到了大量的华为美国和中国之间的来往邮件的具体内容，这说明美国有关部门是可以通过各种手段公司内部文档，那么我们猜测下美国人有没有尝试非法进入华为总部的服务器窃取邮件和公司机密信息？ 中国正是因为有了华为中兴等国产通信设备，才开始在通信安全上有了保证。随着华为为首的中国公司搭建的通信网络在世界上越来越广泛，技术水平越来越先进，网络安全能力不断升级，美国人想通过华为在世界各国搭建的通信网络进行监听，同时又不被发现变得越来越困难。中国公司的崛起，在世界范围内，在通信网络的物理上实现了不断对西方设备的替换，这无疑限制了美国人在虚拟世界偷窃机密信息的能力。 尽管中国的通信设备上，仍然有大量美国的芯片，但是由于网络层面被中国公司掌控，其后通过不断的上游芯片国产化，被不断替换只是时间问题。 一个国家要获取和偷窃他国的机密信息，就是两个渠道，一个是物理世界渠道（间谍，侦察飞机，舰船，窃听器等），一个是虚拟世界渠道(通信网络)。很显然，随着中国的崛起，虚拟世界这道大门对美国人来说越来越窄，无怪乎一个对全世界的机密信息偷听最多，对全世界通信安全威胁最大的国家，拼命的说华为设备不安全，不断游说和施加压力各国不要用华为的设备。 实际的事实是，用华为设备搭建的通信网络，才是目前全世界最安全的，不管是技术上还是政治上都是如此。这就是美国人利用话语权的强势，反复的重复的把华为和安全威胁联系在一起，对人进行误导。中国是一个科技先进的国家，还是像有的人说的，中国人没有科学精神，历史上也没有科学传统，所以缺乏创新？ 当有人在抨击中国人缺乏科学精神，中国没有创新的时候，我们要把问题具体化，中东人有没有科学精神？东南亚人有没有科学精神？拉美人有没有科学精神？非洲人有没有科学精神？南亚的印巴人有没有科学精神？或者再把眼光放到欧美，塞尔维亚人，波兰人，意大利人，希腊人，匈牙利人，法国人，英国人，德国人，西班牙人，加拿大人有没有科学精神？当把问题的主语换成外国的某一个国家之后，你就会发现这个问题其实毫无意义。因为既可以说有，也可以说没有，反正都可以有话拿来争论一番。 我们记住事实就好了，人类社会一大半的科技成果产出都集中在全球少数的几个国家，这个极少数国家，甚至连10个国家都不是，而是少数的四五个国家就占了全球一大半。以PCT国际专利为例，2018年前四个月，五个国家的申请量占了全球的77%，这说明全球应用技术专利的研发，高度的集中在极少数国家。我们再以全球能够写出论文引用次数排在全球同专业领域前1%的高被引顶尖科学家为例子，2004-2014年这个时间段，全球高被引科学家数量，全球五个国家占了74.8%。以上两个例子，你猜猜中国在不在这五个国家里面？答案当然是肯定的，作为全球的主要国家，我们再差也是全球前几位。 在全球科技创新领域，中国是全世界仅有的几个大玩家之一，不管怎么批判中国人科学精神差，填鸭式教育创新能力不行，中国也掉不出这个队伍的行列。说中国是科技先进国家，其实没有任何问题。但是有的人，可能就真的听信了这些“中国人没有科学精神”之类似是而非的话，这就让人遗憾了。", "author": "中科大胡不归", "time": "中科大胡不归02月08日20:11 来自微博weibo.com", "transmit": 123, "comment": 47, "zan": 249, "sentiment": [{"positive_prob": 0.850566, "confidence": 0.667925, "negative_prob": 0.149434, "sentiment": 2}]}, {"text": "华为P30Pro，四颗摄像头！这颜值算不算高​", "author": "极客村长", "time": "极客村长02月08日13:06", "transmit": 7, "comment": 94, "zan": 123, "sentiment": [{"positive_prob": 0.700742, "confidence": 0.334982, "negative_prob": 0.299258, "sentiment": 2}]}, {"text": "【华为不仅仅有全球领先的5G和手机，背后依靠的海思芯片才是真正强大：全球90％以上安防和视频监控摄像头用海思芯片！】依托海思5G芯片和麒麟手机芯片，华为的5G技术和设备全球遥遥领先，手机也是迅速进入全球前三。而这影响了美国的利益，所以华为的发展受到限制也在预料之中。正因为此，美国将以各种借口限制华为5G技术。美国不仅在国内限制华为5G技术和设备，还对欧洲国家施加压力，要求它们在未来5G网络建设中放弃华为5G技术和设备。不仅是华为领先的5G技术让美国头疼不已。最近，美国发布了另一项禁令，禁止政府部门使用包含华为海思处理器芯片的摄像头。总部位于加州的安全摄像机制造商Pelco去年为一款具有更清晰的视频分辨率和其他尖端功能的车型设定了很高的销售目标。它最初计划向美国政府提供一种新型GFC专业4K相机，但后来该计划被拒绝，因为只有华为海思芯片能用于新型GFC专业4K相机。目前，世界上大约90%的安防视频监控摄像头芯片是由华为制造的。这些相机中的海思处理器是由华为独立开发，是目前最好的芯片。就目前而言，没有其他同类芯片能像华为海思那样拥有如此出色的性能。", "author": "人才76116", "time": "人才7611602月08日10:43 来自HUAWEIP20", "transmit": 38, "comment": 80, "zan": 82, "sentiment": [{"positive_prob": 0.997139, "confidence": 0.993642, "negative_prob": 0.00286133, "sentiment": 2}]}, {"text": "【泰国推出华为5G测试平台数字经济部长：仍在试验期】据CNBC报道，泰国在周五时候推出华为的5G测试平台。该5G测试点位于春武里，春武里是泰国东部经济走廊（EEC）的核心。泰国的数字经济部长在测试平台发布之称：“这一5G测试平台项目是国家的试验期，我们将密切关注未来时局。”O泰国推出华为5G测试平台数字经济部长：仍在试验期​", "author": "新浪科技", "time": "新浪科技02月08日19:20 来自微博weibo.com", "transmit": 19, "comment": 8, "zan": 90, "sentiment": [{"positive_prob": 0.95192, "confidence": 0.893156, "negative_prob": 0.0480798, "sentiment": 2}]}, {"text": "年没过完好多朋友就在问年度策略简单地说主要变量依旧在外围不在国内。尤其中美关系，华为的事情还在积攒酝酿中，升级大概率。细节不便多说。反正各自谨慎些，不加杠杆，练好基本功放低预期，踏踏实实做事。​", "author": "南江何佳", "time": "南江何佳02月08日15:15 来自iPhone8Plus", "transmit": 20, "comment": 7, "zan": 144, "sentiment": [{"positive_prob": 0.130818, "confidence": 0.709293, "negative_prob": 0.869182, "sentiment": 0}]}, {"text": "2019世界移动通信大会将于2月25下午4:30分在西班牙的巴塞罗那开幕。此次大会的重点是5G发展和建设。许多国家都渴望部署下一代5G无线网络来推动迅速增长的物联网等设施发展，华为和中兴等中国企业正在积极推动建设这些网络，成本低于几乎所有竞争对手。三位消息人士称特朗普预计将签署一项禁止美国无线网络使用中国电信设备的行政命令。计划在2月25日至28日在巴塞罗那举行的世界移动通信大会之前发布该指令，名曰保护美国免受网络威胁。美国官员正试图说服欧盟国家不要与华为合作建设5G移动网络。随着建立5G网络迫在眉睫，美国又无法自身提供5G网络。（与中方）合同现在正在消失，额外的耻辱感可能会改变各国对这一重大决定的态度。欧洲集团全球技术业务咨询公司的负责人保罗·特里奥洛说：“我们将要求人们做事，但美国的法律和监管环境尚未真正关心这个问题。”白宫拒绝就此事发表评论，但国家安全委员会发言人加勒特.马奎斯表示，美国正在与（其它国家）政府盟友和志同道合的伙伴合作，以降低部署5G和其他通信基础设施的风险。美国准备派出一个由至少20名官员和工作人员组成的机构间代表团，出席在巴塞罗那举行的世界移动大会。根据第二个行业消息来源称，美国向欧洲传达的关于5G的信息是：“（你们）走得慢些。没有必要急于做到这一点，我们现在需要弄清楚如何做到这一点。”目前，美国电信公司“没有明确指导如何进行”5G扩建计划。没有开发出一种替代品，无华为的5G网络。特朗普最亲密的外部顾问之一，前众议院议长纽特·金里奇打电话给蓬佩奥说:“我们到底在5G做什么？'”（金里奇没有解释结果）。欧亚集团分析师乔罗说，5G的地缘政治已经到了栖息地，巴塞罗那将是整个事件的中心。", "author": "寰亚SYHP", "time": "寰亚SYHP02月08日09:19", "transmit": 92, "comment": 90, "zan": 118, "sentiment": [{"positive_prob": 0.20626, "confidence": 0.541645, "negative_prob": 0.79374, "sentiment": 0}]}, {"text": "过年回家怎样搞定熊孩子手机、手办、零食完全搞不定21世纪的熊孩子，那么牛轰轰出品的一组动漫图解了解一下，华为平板M5青春版智能语音、儿童乐园、多重护眼，轻松搞定七大姑八大姨家的熊孩子​", "author": "极客村长", "time": "极客村长02月08日15:00 来自微博weibo.com", "transmit": 16, "comment": 104, "zan": 153, "sentiment": [{"positive_prob": 0.916717, "confidence": 0.814926, "negative_prob": 0.0832832, "sentiment": 2}]}, {"text": "到达了卡萨布兰卡，手机显示当地时间是13:51，但实际上当地时间是14:51，慢了一个小时。华为手机从来都是自动调整当地时间的，第一次碰上不自动切换时间，重新启动仍然如此。这是手机的BUG吗？2摩洛哥​", "author": "宋鸿兵", "time": "宋鸿兵02月08日21:56 来自HUAWEIP20Pro", "transmit": 7, "comment": 60, "zan": 136, "sentiment": [{"positive_prob": 0.0871674, "confidence": 0.806295, "negative_prob": 0.912833, "sentiment": 0}]}, {"text": "颜值UP，“猪”圆玉润，猪年有AI，福气过年。#HUAWEIHiAI#Service，精准引流，触达用户，把找用户的时间省出来做形象管理。关注@华为开发者联盟，转评抽送蓝牙对耳一副。@微博抽奖平台​", "author": "华为开发者联盟", "time": "华为开发者联盟02月08日11:00 来自微博weibo.com", "transmit": 284, "comment": 309, "zan": 166, "sentiment": [{"positive_prob": 0.943999, "confidence": 0.875553, "negative_prob": 0.056001, "sentiment": 2}]}, {"text": "出门旅游心情愉快，怎能让手机电量拖后腿？#华为Mate20#Pro支持40W车载超级快充，新春佳节让你从容出行不断电。L华为手机官方的秒拍视频​", "author": "华为终端公司", "time": "华为终端公司02月08日11:56 来自微博weibo.com", "transmit": 9, "comment": 35, "zan": 95, "sentiment": [{"positive_prob": 0.894547, "confidence": 0.765661, "negative_prob": 0.105453, "sentiment": 2}]}, {"text": "美国政治新闻网报道（见下图上的网址），下周，川总有可能签署行政命令来禁止华为的电信设备。不好多说。​", "author": "修行的围脖", "time": "修行的围脖02月08日12:10 来自荣耀平板2", "transmit": 15, "comment": 8, "zan": 28, "sentiment": [{"positive_prob": 0.875297, "confidence": 0.722883, "negative_prob": 0.124702, "sentiment": 2}]}, {"text": "发布了头条文章：《为什么现在的华为不可能被小米、OPPO和vivo超越？》O为什么现在的华为不可能被小米、OPPO和vivo超越？​", "author": "科技小布", "time": "科技小布02月08日20:04 来自微博weibo.com", "transmit": 32, "comment": 467, "zan": 220, "sentiment": [{"positive_prob": 0.319244, "confidence": 0.29057, "negative_prob": 0.680756, "sentiment": 0}]}, {"text": "话说流浪地球的设定里，最让我满意的就是那个人工智能了。相比大量的科幻片里把人工智能当成集数据收集，情报分析，自主方案制定，决策建议为一体的超级参谋团使用，流浪地球那个莫斯只是简单对联合国预设的几个可能做出相应反应。除了最后一句吐槽外，其“智能”程度基本上没超过华为音箱的水平。​", "author": "猫头鹰快艇", "time": "猫头鹰快艇02月08日08:22 来自HUAWEIMate10Pro", "transmit": 19, "comment": 21, "zan": 27, "sentiment": [{"positive_prob": 0.874768, "confidence": 0.721706, "negative_prob": 0.125232, "sentiment": 2}]}, {"text": "#新岁千喜，诸事顺易#[米奇比心]#易烊千玺助梦小将燃动冰雪世界#星空再明亮，不及你睁开眼眸的那一刻，风景再美，也抵不过你的梨涡浅笑@TFBOYS-易烊千玺视频cr.L易烊千玺说英语有多好听易烊千玺中戏，易烊千玺中戏第一，四字弟弟，易烊千玺nova，华为nova全球代言人，野兽派，阿迪，易烊千玺天猫，好爸爸，沙宣，葆蝶家，阿易，长安十二时辰，艳势番，沙宣全球代言人，BottegaVeneta亚太区代言人【易烊千玺易烊千玺唱歌易烊千玺现场易烊千玺liveyyqx唱歌yyqx现场yyqxlive四字唱歌四字现场四字live】​​​KDon'tTieMeDown-TFBOYS-易烊千玺K亲爱的，这里没有一个人K恒温动物K舒适圈", "author": "予烊丶", "time": "予烊丶02月08日20:16 来自易烊千玺超话", "transmit": 35, "comment": 141, "zan": 120, "sentiment": [{"positive_prob": 0.986765, "confidence": 0.970588, "negative_prob": 0.0132354, "sentiment": 2}]}, {"text": "【不顾美国要求泰国推出华为5G测试台】 泰国周五推出华为5G测试台，尽管美国敦促其盟友禁止华为参与建设下一代移动网络。这将是中国电信巨头华为在东南亚地区的首个5G测试台。同时，泰国也是美国在亚洲最早的盟国。O网页链接​", "author": "香港文匯網", "time": "香港文匯網02月08日20:18 来自微博weibo.com", "transmit": 11, "comment": 12, "zan": 60, "sentiment": [{"positive_prob": 0.956117, "confidence": 0.902482, "negative_prob": 0.0438832, "sentiment": 2}]}]