[{"text": "【华为起诉最新进展！#美国政府收到华为起诉传票#】多个来自美国的消息证实，美国的联邦法院已经就华为公司起诉美国政府一案给美国政府及其多位部长发去了法院传票。该传票中写明，美国政府方面需要在收到传票后的60天内（但不包括收到传票之日）给出回应，否则就会被默认判决败诉。@环球时报核实发现，这份传票内容属实，且法院还给美国教育部长、劳工部长、卫生与公共服务部长、农业部长等多个政府部长也发去传票。之后，又公布了4份华为方面的7人律师团队中4名律师的“出庭申请”，这7人都来自于美国乃至世界知名的律所。#美国法院已给美国政府发传票#", "author": "头条新闻", "time": "头条新闻03月10日13:25 来自微博weibo.com", "transmit": 1183, "comment": 378, "zan": 4083, "sentiment": [{"positive_prob": 0.118206, "confidence": 0.737321, "negative_prob": 0.881794, "sentiment": 0}]}, {"text": "【#华为起诉最新进展#！美国法院已给美国政府发传票】据@环球时报，多个来自美国的消息证实，美国联邦法院已就#华为决定起诉美国政府#一案给美国政府及其多位部长发去法院传票。传票写明，美国政府方面需在收到传票后60天内（不包括收到传票之日）回应，否则会被默认判决败诉。O华为起诉最新进展！美国法院已给美国政府发传票​", "author": "新浪科技", "time": "新浪科技03月10日13:08 来自微博weibo.com", "transmit": 329, "comment": 71, "zan": 984, "sentiment": [{"positive_prob": 0.0931277, "confidence": 0.79305, "negative_prob": 0.906872, "sentiment": 0}]}, {"text": "【华为起诉最新进展！#美国法院已给美国政府发传票#】多个来自美国的消息证实，美国的联邦法院已经就华为公司起诉美国政府一案给美国政府及其多位部长发去了法院传票。该传票中写明，美国政府方面需要在收到传票后的60天内（但不包括收到传票之日）给出回应，否则就会被默认判决败诉。记者核实发现，这份传票内容属实，且法院还给美国教育部长、劳工部长、卫生与公共服务部长、农业部长等多个政府部长也发去传票。之后，又公布了4份华为方面的7人律师团队中4名律师的“出庭申请”，这7人都来自于美国乃至世界知名的律所。O华为起诉最新进展！美国法院已给美国政府发传票", "author": "环球时报", "time": "环球时报03月10日13:50 来自微博weibo.com", "transmit": 202, "comment": 509, "zan": 604, "sentiment": [{"positive_prob": 0.0952732, "confidence": 0.788282, "negative_prob": 0.904727, "sentiment": 0}]}, {"text": "#【华为公司诉美国政府违宪案】#【华为诉美国政府这个案件有看头】从起诉书看，华为请的美国律师团确实有水准。起诉书很有高度，抓住了美国宪法中的立法权和行政权的边际，先以程序违法，未保护企业平等司法救济权利，让华为立于不败之地。再行扩大战果，提请法庭审查国防授权法案的具体规定，违反宪法。起诉美国政府和八个部长，指控国会通过的禁止华为开展业务的法案违宪。具体违反了：（1）立法机关选择性制定法律，以惩罚为目的直接剥夺某个企业的自由和财产，而不是制定一般性规则；（2）剥夺被处罚企业法定程序的权利，即听证和为自己辩护的权利；（3）违反了三权分立的宪法制度，即国会通过立法，将本应属于政府和法院的权利剥夺了。起诉立足点高屋建瓴，有可能创造一宗新的美国宪法性判例。对于一个重大的诉讼而言，首先要有一个稳定的无人可以随意推翻改变的法律制度，提供一个没有干扰的公正法庭，即要有一个可以真正独立审判政府行为的法庭，这是前提。其次是要有高水平的律师团队，能精研各种现有的法律规则和宪法法理，为我所用。这种跨国的针对国家行为的重大诉讼，没有周密的研究和深厚的法律功底是很难成功的。O华为诉美国政府起诉书全文：第889条案文给华为带来持续性伤害。O华为起诉美国政府法律声明全文翻译", "author": "陈有西", "time": "陈有西03月10日16:40 来自iPhone客户端", "transmit": 355, "comment": 236, "zan": 279, "sentiment": [{"positive_prob": 0.965897, "confidence": 0.924215, "negative_prob": 0.0341035, "sentiment": 2}]}, {"text": "【华为起诉最新进展！美国法院已给政府发传票60天内不回应则判败诉】近日，美国的联邦法院已经就华为起诉美国政府一案给美国政府及其多位部长发去了传票。社交媒体上还流传着一张美国得克萨斯东区联邦地区法院在就华为起诉美国政府一案，给美国政府、司法部和司法部长发出的一份传票。L燃新闻的秒拍视频", "author": "新浪视频", "time": "新浪视频03月10日22:30 来自专业版微博", "transmit": 64, "comment": 162, "zan": 447, "sentiment": [{"positive_prob": 0.0582134, "confidence": 0.870637, "negative_prob": 0.941787, "sentiment": 0}]}, {"text": "【华为起诉最新进展：美国法院已给美国政府发传票（图）】多个来自美国的消息证实，美国的联邦法院已经就华为公司起诉美国政府一案给美国政府及其多位部长发去了法院传票。O华为起诉最新进展：美国法院已给美国政府发传票​", "author": "新浪财经", "time": "新浪财经03月10日13:11 来自专业版微博", "transmit": 86, "comment": 87, "zan": 329, "sentiment": [{"positive_prob": 0.114876, "confidence": 0.74472, "negative_prob": 0.885124, "sentiment": 0}]}, {"text": "【#华为起诉最新进展#！美国法院已给美国政府发传票】多个来自美国的消息证实，美国的联邦法院已经就华为公司起诉美国政府一案给美国政府及其多位部长发去了法院传票。该传票中写明，美国政府方面需要在收到传票后的60天内（但不包括收到传票之日）给出回应，否则就会被默认判决败诉。记者核实发现，这份传票内容属实，且法院还给美国教育部长、劳工部长、卫生与公共服务部长、农业部长等多个政府部长也发去传票。之后，又公布了4份华为方面的7人律师团队中4名律师的“出庭申请”，这7人都来自于美国乃至世界知名的律所。#美国政府收到华为起诉传票#O华为起诉最新进展！美国法院已给美国政府发传票", "author": "环球网", "time": "环球网03月10日13:55", "transmit": 75, "comment": 71, "zan": 281, "sentiment": [{"positive_prob": 0.125135, "confidence": 0.721921, "negative_prob": 0.874865, "sentiment": 0}]}, {"text": "#易烊千玺华为nova全球代言人#易烊千玺晋江华为授权体验店联手福建粉丝团举办的水果酸奶DIY活动圆满结束啦！感谢千纸鹤们的到来和积极参与，咱们有缘再见啦！@TFBOYS-易烊千玺​​​", "author": "易烊千玺福建粉丝团", "time": "易烊千玺福建粉丝团03月10日17:08", "transmit": 266, "comment": 51, "zan": 369, "sentiment": [{"positive_prob": 0.970423, "confidence": 0.934273, "negative_prob": 0.029577, "sentiment": 2}]}, {"text": "【最新进展#美国政府收到华为起诉传票#】华为起诉最新进展：美国法院已给美国政府发传票。华为的诉求是：法院判定《2019年国防授权法案》中针对华为的限制措施违反宪法，同时颁发永久性禁令，禁止实施该限制措施。专家分析胜诉的几率有多大？详情↓↓O华为告美国政府这胜诉的几率有多大​", "author": "新浪新闻客户端", "time": "新浪新闻客户端03月10日14:32 来自专业版微博平台", "transmit": 41, "comment": 66, "zan": 240, "sentiment": [{"positive_prob": 0.426487, "confidence": 0.0522504, "negative_prob": 0.573513, "sentiment": 0}]}, {"text": "【七绝~春韵】雨后长堤落彩霞，几多蜂蝶戏春花。东君拂柳千丝绿，水岸桃红醉万家。(平水韵~下平六麻)——作者@秋思凡人。图片@海派小丸子VVV#华为手机随手拍#​​​", "author": "海派小丸子OOO", "time": "海派小丸子OOO03月10日19:09 来自HUAWEIP10Plus", "transmit": 117, "comment": 29, "zan": 14, "sentiment": [{"positive_prob": 0.832471, "confidence": 0.627713, "negative_prob": 0.167529, "sentiment": 2}]}, {"text": "#美国政府收到华为起诉传票#1月28日，美国政府召开华为控诉会，司法部长、商务部长、国土安全部长、FBI局长同时出席。这是美国政府自日本偷袭珍珠港以来最大的阵仗，控诉的最主要罪状是华为员工拿了T-Mobile的一个橡皮头（T-Mobile被华为控告多项技术侵权就没提）。自人类进入文明社会以来，从没有任何一个国家，对任何一家外国企业进行过如此的全球性围剿，今后也不太会有，但却是今天的拍案惊奇。自二战以来，从来没有过任何一家企业，被唯一超级大国政府强力抵制后，还能屹立不倒，甚至赢得更多订单。这场非对称战争，是全球科技新格局的开端。", "author": "奥卡姆剃刀", "time": "奥卡姆剃刀03月10日15:33 来自HUAWEIMate20Pro", "transmit": 163, "comment": 324, "zan": 498, "sentiment": [{"positive_prob": 0.489518, "confidence": 0.790351, "negative_prob": 0.510482, "sentiment": 1}]}, {"text": "一群老外把玩华为MateX实物机，玩得不亦乐乎虎扑ID：25785165L虎扑的步行街的微博视频​", "author": "虎扑的步行街", "time": "虎扑的步行街03月10日16:30 来自微博weibo.com", "transmit": 34, "comment": 163, "zan": 144, "sentiment": [{"positive_prob": 0.401081, "confidence": 0.108709, "negative_prob": 0.598919, "sentiment": 0}]}, {"text": "华为主题设计美学截止过期3r​", "author": "啵唧一口甜丞", "time": "啵唧一口甜丞03月10日20:02 来自华为主题超话", "transmit": 74, "comment": 860, "zan": 237, "sentiment": [{"positive_prob": 0.447083, "confidence": 0.00648207, "negative_prob": 0.552917, "sentiment": 0}]}, {"text": "3月13日云米上海3月14日索尼电视上海3月14日华为Nova4e北京3月17日OPPOColorOS成都3月18日RedmiNote7Pro北京3月18日黑鲨北京3月19日vivoX27三亚3月20日联发科智能家居/电视芯片北京3月26日华为P30系列巴黎​", "author": "Vetrax嚣张卫视", "time": "Vetrax嚣张卫视03月10日12:08 来自魅族Note9吃鸡不卡", "transmit": 43, "comment": 28, "zan": 74, "sentiment": [{"positive_prob": 0.565446, "confidence": 0.0343242, "negative_prob": 0.434554, "sentiment": 2}]}, {"text": "都绿成这样了，但和官方认证的绿不一样，被原路退回，拒绝处理，华为好样的​", "author": "Soomal音频影像", "time": "Soomal音频影像03月10日11:36 来自微博weibo.com", "transmit": 470, "comment": 334, "zan": 267, "sentiment": [{"positive_prob": 0.24472, "confidence": 0.456177, "negative_prob": 0.75528, "sentiment": 0}]}, {"text": "【华为起诉最新进展！#美国政府收到华为起诉传票#】据@环球时报消息，美国联邦法院已就华为公司起诉美国政府一案给美国政府及多位部长发去法院传票。之后，又公布了4份华为方面的7人律师团队中4名律师的“出庭申请”，这7人都来自于美国乃至世界知名的律所。​", "author": "中国长安网", "time": "中国长安网03月10日14:39 来自微博weibo.com", "transmit": 65, "comment": 27, "zan": 90, "sentiment": [{"positive_prob": 0.40847, "confidence": 0.0922891, "negative_prob": 0.59153, "sentiment": 0}]}, {"text": "想象一下小米雷军、魅族黄章、荣耀赵明、华为余承东、锤子罗永浩五个人一起在这个厕所上厕所时，这个坑应该怎么分配？？会发生什么​", "author": "科技小公举", "time": "科技小公举03月10日20:17 来自Android", "transmit": 66, "comment": 224, "zan": 331, "sentiment": [{"positive_prob": 0.196305, "confidence": 0.563767, "negative_prob": 0.803695, "sentiment": 0}]}, {"text": "【16岁来杭务工小伙没手机，从店内拔下一部华为展示机，拔腿就跑…】3月5日晚上7点左右，一名男子来到杭州一手机店内转悠，拿起柜台上一部标价1699的华为手机把玩了一会，趁他们不注意时，一把拔下手机拔腿就跑！据店员描述，被抢手机是一部蓝色的华为展示机，不能插电话卡使用。徐某后悔地说道：“我有一张电话卡，但一直没钱买手机，工作也没着落，本以为抢个手机就可以与家人联系了，没想到抢来的手机竟然不能插卡。”O16岁来杭务工小伙没手机，从店内拔下一部华为展示机，拔腿就跑……", "author": "都市快报", "time": "都市快报03月10日19:56 来自微博weibo.com", "transmit": 7, "comment": 47, "zan": 66, "sentiment": [{"positive_prob": 0.157897, "confidence": 0.649119, "negative_prob": 0.842103, "sentiment": 0}]}, {"text": "【有后招！#5G#之战苹果将“扳回一局”？】台媒报道称，根据最新报告分析，苹果2020年5GiPhone手机面临芯片供货商棘手的局面；但除了芯片供货商外，苹果玻璃供货商康宁表示正研发可折叠玻璃，有望提供超越三星与华为的塑料可折叠屏幕。#5G来了#，这个新战场，苹果还有戏吗？O有后招！5G之战，苹果将“扳回一局”？​", "author": "新浪科技", "time": "新浪科技03月10日16:39 来自微博weibo.com", "transmit": 14, "comment": 38, "zan": 60, "sentiment": [{"positive_prob": 0.869424, "confidence": 0.709832, "negative_prob": 0.130576, "sentiment": 2}]}, {"text": "#美国政府收到华为起诉传票#华为还真起诉美国政府了，这胜诉的几率有多大？​", "author": "路诞先生", "time": "路诞先生03月10日13:34 来自小米9", "transmit": 25, "comment": 257, "zan": 755, "sentiment": [{"positive_prob": 0.378805, "confidence": 0.158212, "negative_prob": 0.621195, "sentiment": 0}]}, {"text": "华为起诉美国政府美国法院已发传票O网页链接​", "author": "卢麒元", "time": "卢麒元03月10日13:26 来自凤凰新闻", "transmit": 36, "comment": 74, "zan": 317, "sentiment": [{"positive_prob": 0.537212, "confidence": 0.255753, "negative_prob": 0.462788, "sentiment": 1}]}, {"text": "费了我两个月、来了，手机2019预测：三星下跌10%左右；苹果下跌5-10%；华为上涨25-30%。OV围剿小米，oppo持平到涨5%；vivo涨5-10%；小米全球持平或者微跌。联想、中兴、TCL没有存在感，全球下跌10-30%。魅族估计下跌20%，锤子和金立已经生死存亡，360存在感太弱。发布文章：O2019手机市场展望​", "author": "HW前HR", "time": "HW前HR03月10日12:00 来自HUAWEIMate20Pro", "transmit": 178, "comment": 284, "zan": 346, "sentiment": [{"positive_prob": 0.262725, "confidence": 0.416167, "negative_prob": 0.737275, "sentiment": 0}]}, {"text": "老美这次打压华为，就是世界第一对后面快速追赶的焦虑，说是有特殊动机一点都不为过。所谓的文明法制，都是在保障自我利益和生存基础上的规则，一旦侵害他们利益，这些都只是工具和借口。华为越是优秀，越是高调，越是桀骜不驯，越是容易引起老美，包括精英和媒体层的焦虑和恐慌，也越是对华为不松口。毕竟现在还离不开老美芯片和系统，老美还有能力阻拦下，等以后再壮大就难说了。即使老美官方要面对内部商人和民意的博弈，为了打击追随者同样很多招数。比如分而治之，找个理由，规定所有美联盟企业，提供给华为的商品价格上浮五成，或者收特殊监管费用，通过差异化价格抑制领头企业崛起，降低你的威胁。美联盟自己的企业照样出货给小米中兴，卖给谁不是卖。等小米中兴强大了，也找个理由加价五成。老美眼中，老二必死。日本松下和车企早年都经历过打压，好歹人家还是老美小弟，有驻军可控。华为现在反击世界第一的黑社团，巴展上也针锋相对，很容易激化冲突，给老美部分人有了利用媒体，和说服商家分而治之持续打压的借口。怎么看都有种义无反顾的悲壮感，不得已而为之了。（这条微博，努力调整的左右都骂，要的就是这个客观立场）", "author": "投资舆情", "time": "投资舆情03月10日00:10 来自iPhone客户端", "transmit": 109, "comment": 424, "zan": 292, "sentiment": [{"positive_prob": 0.721765, "confidence": 0.3817, "negative_prob": 0.278235, "sentiment": 2}]}, {"text": "#对TA说晚安#有人说如果要观察一座城市应该到当地菜市场买菜，和出租车司机聊天，或者算算隔多远有一个便利店。转评聊聊【你是如何短时间内了解一个陌生城市/街区的？】小云将随机抽一位送出华为耳机。​", "author": "华为终端云服务", "time": "华为终端云服务03月10日22:03 来自HUAWEIMate20Pro", "transmit": 239, "comment": 308, "zan": 146, "sentiment": [{"positive_prob": 0.245272, "confidence": 0.454951, "negative_prob": 0.754728, "sentiment": 0}]}, {"text": "#【华为公司诉美国政府违宪案】#起诉书全文：《麦凯恩2019国防授权法案》第889条违宪已经给华为带来实际的、持续性的、迫在眉睫的伤害，因此是可诉行为。美国法院巳经向各被告发出传票起诉书要点1华为在起诉书中指出，原告华为美国技术有限公司和华为技术有限公司根据《美国宪法》和《美国法典》第28编第1331、2201和2202节提起诉讼，申诉《约翰·s·麦凯恩2019财年国防授权法案》第889条的相关规定违背美国宪法。2华为的设备和服务受到先进安全程序的制约，在全球使用华为设备和服务的170多个国家中，没有任何一个国家记录有后门、木马植入或其他故意的安全漏洞。3这一申诉依据是美国宪法《剥夺公权法案》（BillofAttainderClause）、美国宪法第五修正案中的《正当程序条款》(DueProcessClause)以及宪法《归属条款》（VestingClauses）和由此产生的三权分立。4即使NDAA的禁令没有正式生效，但根据所涉的具体条款，第889条案文已经给华为造成了实际的、持续的和迫在眉睫的伤害。5宣布这些禁令违宪并禁止其实施，也将消除华为商誉受损的一个源头。6最高法院一再指出，只有根据一般法规实施的在法律上剥夺自由的做法才是符合宪法的。O华为诉美国政府起诉书全文：第889条案文给华为带来持续性伤害", "author": "陈有西", "time": "陈有西03月10日15:15 来自iPhone客户端", "transmit": 92, "comment": 74, "zan": 83, "sentiment": [{"positive_prob": 0.950856, "confidence": 0.890792, "negative_prob": 0.0491437, "sentiment": 2}]}, {"text": "之前曝光华为Mate20Pro的国外电商平台GIZTOP，这回又来曝光OnePlus7了。网页介绍称，OnePlus7搭载6.5英寸AMOLED显示屏，搭载屏幕指纹识别；骁龙855Soc；后置4800万+2000万+500万像素三摄，前置1600万像素弹出式摄像头；8/12GBRAM，128/256GBROM存储组合；4000mAh电池搭配44W超级快充。虽然「可能」是大部分人都猜得到的配置，但这应该也是一部发布就真香的机器了。", "author": "数字尾巴", "time": "数字尾巴03月10日20:59 来自微博weibo.com", "transmit": 21, "comment": 138, "zan": 77, "sentiment": [{"positive_prob": 0.262171, "confidence": 0.417398, "negative_prob": 0.737829, "sentiment": 0}]}, {"text": "#东方风云榜让世界看见林彦俊#lyj#林彦俊天天向上#第二波来啦！带话题转发送华为蓝牙小天鹅音响！（原封，还没拆）阅读量冲呀E姐给了我灵感，抽到的E姐用小天鹅听824遍小伤口哦K刚好的伤口活动结束抽！会简单审核一下🙋🏿‍♂️已结束！！！​", "author": "肆万·", "time": "肆万·03月10日13:29 来自橘色iPhone7Plus", "transmit": 340, "comment": 320, "zan": 58, "sentiment": [{"positive_prob": 0.981379, "confidence": 0.95862, "negative_prob": 0.018621, "sentiment": 2}]}, {"text": "#不止飞行#美丽的珠峰女神北坡、南坡、正脸、侧脸...🏔🏔但你再美，在我心中唯一的女神也只有你@凌燕flying...图五5倍放大，图六10倍放大。感谢@华为手机Mate20pro，让小白秒变摄影大师...#风风机长带你飞##风风风景#​", "author": "疾风风之狼", "time": "疾风风之狼03月10日19:53 来自风风鸡掌的Android", "transmit": 13, "comment": 71, "zan": 106, "sentiment": [{"positive_prob": 0.961128, "confidence": 0.913619, "negative_prob": 0.0388716, "sentiment": 2}]}, {"text": "直到今天我还是觉得折叠手机除了噱头，除了交智商税，没有任何买的理由。仔细想想它的使用场景是什么？我觉得国内的手机厂商一直在做一个特别极端的事情——为了不一样而不一样！无论是华为还是三星，折叠屏手机的发布，营销的作用大于实际的意义。​", "author": "请叫我夏虫", "time": "请叫我夏虫03月10日23:39 来自微博weibo.com", "transmit": 13, "comment": 169, "zan": 119, "sentiment": [{"positive_prob": 0.00839518, "confidence": 0.981344, "negative_prob": 0.991605, "sentiment": 0}]}, {"text": "仿佛在欧洲，西安最幸福的景区—西安浐灞生态区“西安世园罗曼小镇”#西安##中国图库##华为p20影像成诗#@花粉俱乐部@西安市文化和旅游局@浐灞生态区​", "author": "huayuan画鸢", "time": "huayuan画鸢03月10日07:33 来自摄影人超话", "transmit": 13, "comment": 120, "zan": 97, "sentiment": [{"positive_prob": 0.962101, "confidence": 0.91578, "negative_prob": 0.0378992, "sentiment": 2}]}]