[{"text": "TFBOYS壁纸啦啦啦啦😄还有几张评论见（华为手机新出壁纸而已，不是自制的）​", "author": "我被帅哥绑架了_", "time": "我被帅哥绑架了_2018年12月01日17:59 来自TFBOYS超话", "transmit": 76, "comment": 41, "zan": 439}, {"text": "很多国内手机厂商都在热炒5G概念，都在秀自己的“第一部5G手机”，竟然还有媒体以此嘲讽黑华为的，说华为不是5G技术很厉害吗？连部5G手机都做不出来？只是觉得很搞笑，还想提醒你们一句:这些手机的5G信号可能就是华为设备发出来的华为数码​", "author": "建华Wei业", "time": "建华Wei业2018年12月01日20:08 来自HUAWEIMate20Pro", "transmit": 262, "comment": 796, "zan": 2480}, {"text": "朱正廷#荣耀手机青春大使朱正廷#我尽力了，华为手机拍摄生图，送珍珠糖@THEO-朱正廷​", "author": "Cherry-O-Cherry", "time": "Cherry-O-Cherry2018年12月01日18:44 来自朱正廷超话", "transmit": 30, "comment": 30, "zan": 213}, {"text": "华为在德国推出的新广告《It'sinyourhands》，不止精彩，结局还有点出乎意料。。。L笑多了会怀孕的秒拍视频​", "author": "笑多了会怀孕", "time": "笑多了会怀孕2018年12月01日17:07 来自微博weibo.com", "transmit": 91, "comment": 32, "zan": 322}, {"text": "【华为徐直军：今年全年收入将首次超越1000亿美元】据CNBC报道，华为轮值董事长徐直军表示，华为2018年营收将首次超1000亿美元(实时约合6942亿元)。对比来看，苹果2018财年收入为2660亿美元，阿里巴巴2018财年收入为2502.66亿元，腾讯2017财年收入为2377.60亿元，供参考。O华为徐直军：今年全年收入将首次超越1000亿美元​", "author": "新浪科技", "time": "新浪科技2018年12月01日11:30 来自微博weibo.com", "transmit": 63, "comment": 184, "zan": 148}, {"text": "【华为2018全年收入将首次超越1000亿美元：12年增长近10倍，看一下华为超震撼的增长图】据CNBC报道，华为轮值董事长徐直军表示，华为2018年的营收将首次超过1000亿美元，其中华为消费者BG的异军突起发挥了很大作用，华为智能手机目前的占比位居全球第二，领先苹果。华为自2007年营收突破100亿美元后，就开始了一路狂飙的模式！2018年将首次突破千亿美元，这在中国、乃至全球ICT企业发展史上，都是值得铭记的时候。", "author": "人才76116", "time": "人才761162018年12月01日11:45 来自微博weibo.com", "transmit": 146, "comment": 205, "zan": 523}, {"text": "网友求问：华为mate20和mate20pro拍照差很多吗？​", "author": "IT科技侠", "time": "IT科技侠2018年12月01日21:23 来自微博weibo.com", "transmit": 31, "comment": 377, "zan": 349}, {"text": "现在用小米的人和用华为的人哪个更多？​", "author": "IT科技侠", "time": "IT科技侠2018年12月01日22:59 来自微博weibo.com", "transmit": 45, "comment": 1048, "zan": 406}, {"text": "易烊千玺易烊千玺爱奇艺尖叫之夜红毯灰色西装@TFBOYS-易烊千玺易烊千玺中戏，易烊千玺中戏第一，yyqx帅，四字弟弟，易烊千玺nova，易烊千玺华为，易烊千玺野兽派，易烊千玺阿迪，易烊千玺好爸爸，易烊千玺沙宣，易烊千玺BottegaVeneta四字弟弟yyqxszdd四字yyqx唱歌yyqx舞台yyqx好听粉丝", "author": "千苏大队长", "time": "千苏大队长2018年12月01日20:00 来自易烊千玺超话", "transmit": 25, "comment": 5, "zan": 216}, {"text": "华为真的会选全球代言人，易烊千玺特别有正能量，千玺在世卫组织为去除艾滋病病毒感染者的歧视和污名化做出自己一份贡献，那就勇敢发声吧！我们唯一需要害怕的是误解、歧视！反对艾滋歧视，满满的正能量L世界卫生组织的秒拍视频#易烊千玺##健康特使易烊千玺以爱关艾#​", "author": "建华Wei业", "time": "建华Wei业2018年12月01日09:58 来自易烊千玺超话", "transmit": 24, "comment": 19, "zan": 252}, {"text": "给Mate20Pro打广告。手持状态下的夜景、微距、大广角、向阳强逆光、以及防抖（在交通工具上），效果都非常好。#华为Mate20pro#​", "author": "青扑落", "time": "青扑落2018年12月01日19:58 来自HUAWEIMate20Pro", "transmit": 15, "comment": 5, "zan": 112}, {"text": "华为运动手表，开启了24小时实时心率、计步、睡眠监测，用了四天，还有72%电量！​", "author": "C科技", "time": "C科技2018年12月01日18:12", "transmit": 11, "comment": 199, "zan": 171}, {"text": "有人敲门，华为mate20pro到，开机，音质、画质，手感，甩苹果两条街，从此后，拜拜了，爱疯。。。​", "author": "永春茶馆", "time": "永春茶馆2018年12月01日10:16 来自iPhone7Plus", "transmit": 26, "comment": 54, "zan": 511}, {"text": "#对TA说晚安#睡前的你是否也时常这样：卸下一天的疲惫躺在床上，点开电台，在治愈的旋律，抑或是丝丝入扣的故事中渐渐进入梦乡......【睡前，你都喜欢听些什么歌/书？】分享给小伙伴吧。转评，小云将抽一位送出华为耳机一副。​", "author": "华为终端云服务", "time": "华为终端云服务2018年12月01日22:00 来自微博weibo.com", "transmit": 213, "comment": 336, "zan": 162}, {"text": "孟美岐💜mmq#孟美岐即刻电音#有没有粉丝在13排附近捡到一部华为荣耀10?手机壳是孟美岐的撑腰美照，我女朋友今天去现场搞丢了[米奇大哭]很急很急啊！​", "author": "岐崽的承澈", "time": "岐崽的承澈2018年12月01日22:51 来自孟美岐超话", "transmit": 22, "comment": 323, "zan": 221}, {"text": "说出来可能会掉粉，我一直都觉得EMUI整体做得还不错，我对它的要求从来都是UI界面更加统一、精致一点。上一代的流畅度翻车，到EMUI9.0没啥毛病了（荣耀Magic2和华为Mate20系列），稳定性一直OK，基础功能足够完善附加功能丰富，每逢安卓版本迭代更新积极，后期维护还不错，广告/推送相对较少。​", "author": "请不要叫我测评君", "time": "请不要叫我测评君2018年12月01日13:35 来自微博weibo.com", "transmit": 12, "comment": 103, "zan": 89}, {"text": "【高管徐直军警告：没有华为美国或无法赢得5G竞赛】徐直军周四警告美国媒体，如果美国继续阻止华为进入当地市场，美国在5G时代引领世界的雄心可能不会实现。O高管徐直军警告：没有华为美国或无法赢得5G竞赛​", "author": "早报网", "time": "早报网2018年12月01日12:17 来自微博weibo.com", "transmit": 56, "comment": 210, "zan": 80}, {"text": "有个好奇的地方，华为Nova4用了挖孔屏的设计可能是华为选择在中端进行试水。不过我挺感兴趣处理器会怎么选择，是麒麟970呢还是直接上980？​", "author": "搞机圈的那些事", "time": "搞机圈的那些事2018年12月01日06:25 来自微博weibo.com", "transmit": 12, "comment": 72, "zan": 112}, {"text": "#朝华集#秋日的阳光让草场显得更加苍茫，牛群在安逸的享受着大自然的馈赠，延绵的山川为这幅画面增加了一份安宁。感谢花粉@o阿罗o让我们注意到这些日常生活中看似普通却又稍纵即逝的美好瞬间。我们将送出华为三脚架自拍杆一支。​", "author": "华为手机", "time": "华为手机2018年12月01日09:00 来自微博weibo.com", "transmit": 44, "comment": 73, "zan": 209}, {"text": "苹果和华为的差别，不在于华为吹的cpu跑分，不在于指标罗列，不在于几个镜头。在于，我看苹果手机1小时，眼睛毫无不适感，看华为半小时，眼睛疼的流泪。所以，如果你打算减少每天看手机的时间，就不要用苹果。​", "author": "汉哥归来", "time": "汉哥归来2018年12月01日21:51 来自HUAWEIMate10", "transmit": 13, "comment": 42, "zan": 121}]