[{"text": "#nova夜色自拍大赛#生活中的美好时刻都值得被记录，你比夜色更美。@TFBOYS-易烊千玺@华为终端官方微博（nova自带原相机就是牛逼）​", "author": "成为简·", "time": "成为简·07月15日22:55 来自HUAWEInova3", "transmit": 190, "comment": 162, "zan": 2863, "sentiment": [{"positive_prob": 0.972814, "confidence": 0.939587, "negative_prob": 0.027186, "sentiment": 2}]}, {"text": "【华为进军电视首款产品8月上旬发布】15日荣耀新品沟通会上，荣耀总裁赵明宣布推出智慧屏，将在8月上旬正式发布。赵明称智慧屏不是电视，是电视的未来，要把家人拉回到客厅。华为电视胜算几何？你看好智慧屏吗？你看好华为的智慧屏吗​", "author": "证券时报网", "time": "证券时报网07月15日16:59 来自微博weibo.com", "transmit": 130, "comment": 150, "zan": 17147, "sentiment": [{"positive_prob": 0.753615, "confidence": 0.452479, "negative_prob": 0.246385, "sentiment": 2}]}, {"text": "#nova夜色自拍大赛#去生日会前的晚上及生日会回来时未见太阳升起的停机坪，在闺蜜学校里偶遇的星空，漳州古城的一栋小楼，回学校前偶然经过的一个雨中小巷，家门口清晰可见的猎户座及一个小时的星轨🙈补上天气好的时候在阳台上的自拍，依稀可以看到一点月光@华为终端官方微博@TFBOYS-易烊千玺​", "author": "鬼王教教主", "time": "鬼王教教主07月15日20:02 来自HUAWEInova3", "transmit": 32, "comment": 88, "zan": 2343, "sentiment": [{"positive_prob": 0.972222, "confidence": 0.938271, "negative_prob": 0.027778, "sentiment": 2}]}, {"text": "#nova夜色自拍大赛#华为镜头夜色下的夕阳，很美；华为镜头下代言人的容颜，特别好看；华为镜头下的夜景，那就更不用说了，最后一张为过年时候的夜景！今晚阴天！顺手点个赞吧！🙏🙏🙏想带着奖品去周年给宝贝举红！@华为终端官方微博@TFBOYS-易烊千玺​O抽奖详情", "author": "陷入烊的美好", "time": "陷入烊的美好07月15日22:15 来自HUAWEInova3", "transmit": 162, "comment": 84, "zan": 3861, "sentiment": [{"positive_prob": 0.977938, "confidence": 0.950974, "negative_prob": 0.0220618, "sentiment": 2}]}, {"text": "#地铁5G难题正在被攻克#【中国联通、华为联手攻克地铁5G网络难题实测速率达到600Mbps以上】地铁隧道内无线覆盖历来是通信界的难点，尤其是国内运营商5G网络所使用的3.5GHz高频段，信号衰减会更加明显，覆盖难度大。近日，中国联通宣布，携手华为公司在石家庄地铁1号线轨行区完成“全国首例5G双漏缆（2T2R）方案”部署及覆盖效果功能性验证。经测试，隧道行车过程中，车厢内的5G终端实测下载速率达到600Mbps以上（双漏缆部署，后续部署四漏缆后峰值速率可达1Gbps以上），音视频画面流畅，小区间切换良好。", "author": "每日经济新闻", "time": "每日经济新闻07月15日21:25 来自专业版微博", "transmit": 302, "comment": 61, "zan": 151, "sentiment": [{"positive_prob": 0.98984, "confidence": 0.977421, "negative_prob": 0.0101605, "sentiment": 2}]}, {"text": "这……华为Mate20居然进A片里了。​", "author": "憨熊TheTime", "time": "憨熊TheTime07月15日13:55", "transmit": 2285, "comment": 2108, "zan": 7935, "sentiment": [{"positive_prob": 0.222424, "confidence": 0.505724, "negative_prob": 0.777576, "sentiment": 0}]}, {"text": "#惠普戴尔断供华为#昨天跟一个搞IT的哥们儿聊天儿，顺口问了一句，没想到得到的答案竟然出乎我意料之外。给华为断供的企业竟然是惠普和戴尔。果真如此的话，这俩公司一边赚着中国的钱，一边坑着中国的企业，感觉跟联邦快递一样欠骂。但这事貌似到现在一直没什么人知道。争得对方同意之后，我截了个图。提供信息的哥们儿说，他绝对确保信息的真实性。他还提供了另一个信息，说这俩公司在大宗采购方面反而拿了更多的单子。这就太他娘的气人了。张忆安#忆安如此说#", "author": "张忆安-龙战于野", "time": "张忆安-龙战于野07月15日18:28 来自HUAWEIMate10Pro", "transmit": 11660, "comment": 2463, "zan": 14506, "sentiment": [{"positive_prob": 0.0581313, "confidence": 0.870819, "negative_prob": 0.941869, "sentiment": 0}]}, {"text": "#nova夜色自拍大赛#你比夜色更美@TFBOYS-易烊千玺@华为终端官方微博（nova4原图无滤镜天空渐变过程&月牙与圆月&树影与青天）大家帮忙点个赞谢谢​", "author": "千岛环游", "time": "千岛环游07月15日20:00 来自nova4自拍极点全面屏", "transmit": 368, "comment": 229, "zan": 2077, "sentiment": [{"positive_prob": 0.982492, "confidence": 0.961094, "negative_prob": 0.0175077, "sentiment": 2}]}, {"text": "朱小华为救战友牺牲，年仅24岁。L中国军视网的微博视频​", "author": "中国军视网", "time": "中国军视网07月15日19:02 来自微博视频", "transmit": 1189, "comment": 445, "zan": 5970, "sentiment": [{"positive_prob": 0.590081, "confidence": 0.0890697, "negative_prob": 0.409919, "sentiment": 2}]}, {"text": "经过我仔细观察，确实是华为mate20pro​", "author": "Xiao1u", "time": "Xiao1u07月15日20:12 来自‮🦕‭来去之间送的会员", "transmit": 272, "comment": 675, "zan": 2100, "sentiment": [{"positive_prob": 0.496988, "confidence": 0.939766, "negative_prob": 0.503012, "sentiment": 1}]}, {"text": "一场“暗战”，如何才能成为最后的赢家？#华为P30#系列《暗夜追光》，带你进入“追捕”现场，欢迎入座欣赏。#未来影像#L华为P30系列暗夜追光​", "author": "华为终端官方微博", "time": "华为终端官方微博07月15日00:00 来自微博weibo.com", "transmit": 1024, "comment": 745, "zan": 6320, "sentiment": [{"positive_prob": 0.876014, "confidence": 0.724475, "negative_prob": 0.123986, "sentiment": 2}]}, {"text": "城市边缘成都南#未来影像##华为P30#2成都​", "author": "原画册韩松", "time": "原画册韩松07月15日12:13 来自HUAWEIP30Pro", "transmit": 19, "comment": 23, "zan": 384, "sentiment": [{"positive_prob": 0.840737, "confidence": 0.646081, "negative_prob": 0.159264, "sentiment": 2}]}, {"text": "今天终于见到了2016年pd101时期开始喜欢的周洁琼🙋真人真的太美了射箭十环&团体接力第一🐂🍺(华为p30pro生图#爱奇艺粉丝嘉年华#@周洁琼_OFFICIAL​", "author": "SNH49-玖菜合子", "time": "SNH49-玖菜合子07月15日01:01 来自周洁琼超话", "transmit": 9, "comment": 12, "zan": 211, "sentiment": [{"positive_prob": 0.82981, "confidence": 0.621799, "negative_prob": 0.17019, "sentiment": 2}]}, {"text": "华为顶住了特朗普倾一国之力的打击，特别是“备胎系统”的神来之笔，让不可一世的美国亦徒呼奈何。华为打赢了这场科技革命的“上甘岭”战役，其作用怎么估量都不过分。试想一下，如果华为像中兴那样被打得跪地求饶，中美贸易战会是一个怎样的格局？以老美得势不饶人秉性，肯定还在“穷追猛打”，进一步收紧绞索。从这个意义上讲，华为是以一己之力，捍卫了国家的尊严。除非你真的希望中国崩溃，否则没有任何理由在华为经历磨难的时候去“落井下石”，这是做人的起码良知。", "author": "陶永谊", "time": "陶永谊07月15日16:46 来自HUAWEIP30Pro", "transmit": 379, "comment": 77, "zan": 1168, "sentiment": [{"positive_prob": 0.00799317, "confidence": 0.982237, "negative_prob": 0.992007, "sentiment": 0}]}, {"text": "【外媒：#华为美国公司将大规模裁员#，最快两周重获美国公司供货】据《华尔街日报》报道，华为正计划对美国业务部门进行大规模裁员，预计将影响在华盛顿州、加利福尼亚州和得克萨斯州约850名员工。另据路透社报道，美国政府可能在2~4周内批准美国公司重新开始向华为供货。L老板联播的秒拍视频​", "author": "Vista看天下", "time": "Vista看天下07月15日11:30 来自微博weibo.com", "transmit": 16, "comment": 30, "zan": 182, "sentiment": [{"positive_prob": 0.973936, "confidence": 0.94208, "negative_prob": 0.026064, "sentiment": 2}]}, {"text": "#华为进军电视领域#首款产品命名#荣耀智慧屏#，据爆料称将会是这样的形态，要是躺着玩砸到脸的话后果真不敢想象。你会怎么用什么姿势使用这款智慧屏大手机呢~​", "author": "英国报姐", "time": "英国报姐07月15日18:50 来自微博weibo.com", "transmit": 535, "comment": 532, "zan": 1061, "sentiment": [{"positive_prob": 0.70015, "confidence": 0.333666, "negative_prob": 0.29985, "sentiment": 2}]}, {"text": "#华为进军电视领域#，产品名就叫#荣耀智慧屏#，听说是用做手机的思路在做大屏，那不成图片这样了？真是沙雕网友欢乐多​", "author": "别是个沙雕吧", "time": "别是个沙雕吧07月15日19:05 来自微博weibo.com", "transmit": 378, "comment": 551, "zan": 1245, "sentiment": [{"positive_prob": 0.654025, "confidence": 0.231166, "negative_prob": 0.345975, "sentiment": 2}]}, {"text": "【华为官宣最新芯片！我们最该谢谢她：中国半导体之母、复旦大学女校长谢希德！】上个月，华为公布其第二款、世界第四款7纳米工艺芯片：麒麟810。华为的自主研发能力再次让世界惊叹，给国人提气！芯片关系到国家的竞争力和信息安全，芯片的背后是科技之争，是半导体技术之争。其实，早在1956年，中国的半导体技术研究和人才培养就已经起步了，这一切，归功于女物理学家谢希德！在新中国百废待举的年代，她为我国的半导体物理、表面物理的理论研究撑起一片天。她投身半导体物理学的研究，从零编写属于中国自己的半导体教材《半导体物理学》，随之诞生的还有第一枚单晶硅，第一块半导体材料和第一支晶体管。谢希德投身教育事业整整48年，毫不过分地说，现在中国大部分电子领域的人才，他们的师承都可追溯到谢希德！在谢希德先生去世19年后，当中国的芯片技术足以和霸权主义叫板时，我们不能忘记这位杰出的女性。", "author": "女性之声", "time": "女性之声07月15日13:16 来自微博weibo.com", "transmit": 30, "comment": 11, "zan": 94, "sentiment": [{"positive_prob": 0.983707, "confidence": 0.963794, "negative_prob": 0.0162926, "sentiment": 2}]}, {"text": "#5G开课了##电信5G#7月14日，在北京世园会电信5G馆内举办的5G公益科普课堂继续火热开课，酷炫的5G智慧应用畅快体验，奇妙的5G场景惊喜相遇。课堂现场华为5G手机惊艳亮相，现场测试5G网速以及演示高清视频通话，超快速率和高清画质所呈现的震撼体验真正诠释了实力不凡！@天翼生活加@华为手机@中国电信​​​", "author": "ZAKER", "time": "ZAKER07月15日13:26 来自iPhone客户端", "transmit": 109, "comment": 214, "zan": 362, "sentiment": [{"positive_prob": 0.986492, "confidence": 0.969983, "negative_prob": 0.0135075, "sentiment": 2}]}, {"text": "#新影像不止所见#你观察过朋友圈中大家喜爱的照片风格吗？你好奇全球华为用户的相册里都拍了什么吗？​这里有一份由华为@华为手机联合国际摄影中心（ICP）共同撰写的专业报告，通过对此前华为新影像大赛中来自全球超过50万件参赛作品的庞大影像数据库进行分析和研究，总结了15大手机影像趋势一起来看看这些手机影像趋势，哪个最能给你带来灵感。O你的朋友圈风格要更新了！15大手机影像趋势揭秘", "author": "图虫摄影网", "time": "图虫摄影网07月15日18:00 来自微博weibo.com", "transmit": 24, "comment": 12, "zan": 104, "sentiment": [{"positive_prob": 0.965792, "confidence": 0.923983, "negative_prob": 0.0342079, "sentiment": 2}]}, {"text": "华为Mate20到底有多火，看了这个我信了有好多粉丝私信我这个，我就很生气。为啥呢？你光给我私信图片有什么用？我怎么知道这个是不是p的？应该给我私信整段视频，让我好好鉴定一下。话说在这个场景下出现华为，我实在是不知道，该夸还是该尴尬挺好奇一点啊，图四里边的评论是不是你们写的，赶快把链接交出来，我要净网行动！#华为##科技潮玩#2西安", "author": "长安数码君", "time": "长安数码君07月15日20:23 来自荣耀20PRO", "transmit": 120, "comment": 602, "zan": 1904, "sentiment": [{"positive_prob": 0.0715371, "confidence": 0.841029, "negative_prob": 0.928463, "sentiment": 0}]}, {"text": "华为牛逼（图源网）​", "author": "科技新一", "time": "科技新一07月15日15:21", "transmit": 63, "comment": 489, "zan": 3660, "sentiment": [{"positive_prob": 0.475835, "confidence": 0.516707, "negative_prob": 0.524165, "sentiment": 1}]}, {"text": "华为作为国产手机龙头扛把子，你期待#华为进军电视领域#吗？你期待华为进军电视领域吗？​", "author": "娱炮", "time": "娱炮07月15日17:56", "transmit": 12, "comment": 16, "zan": 1411, "sentiment": [{"positive_prob": 0.279615, "confidence": 0.378633, "negative_prob": 0.720385, "sentiment": 0}]}, {"text": "#华为进军电视领域#荣耀表示要像做手机一样做#荣耀智慧屏#，所以就是一台大大大大手机呗！脑补了一下应该是这个样子的，不知道贴个膜要花多少钱呢？L爱电影爱剧的秒拍视频​", "author": "追风少年刘全有", "time": "追风少年刘全有07月15日18:30 来自微博weibo.com", "transmit": 1052, "comment": 1098, "zan": 2231, "sentiment": [{"positive_prob": 0.933063, "confidence": 0.851252, "negative_prob": 0.0669365, "sentiment": 2}]}, {"text": "#华为美国公司将大裁员#【美媒：#华为美国公司将大规模裁员#可能多达数百人】美国《华尔街日报》14日引述知情人士的话称，华为正计划对其美国业务部门进行大规模裁员。此次裁员预计将影响该公司在华盛顿州、加利福尼亚州和得克萨斯州的实验中心的约850名员工。@环球时报O美媒：华为美国公司将大裁员可能多达数百人​", "author": "新浪科技", "time": "新浪科技07月15日09:06 来自微博weibo.com", "transmit": 56, "comment": 54, "zan": 393, "sentiment": [{"positive_prob": 0.962482, "confidence": 0.916627, "negative_prob": 0.0375179, "sentiment": 2}]}, {"text": "这华为Mate20路子够野的啊，都赞助到这里了吗？​", "author": "战五渣coc", "time": "战五渣coc07月15日19:18 来自iPhoneXR", "transmit": 47, "comment": 197, "zan": 608, "sentiment": [{"positive_prob": 0.291717, "confidence": 0.351739, "negative_prob": 0.708283, "sentiment": 0}]}, {"text": "【编的段子，仅供娱乐】刚看完了SSNI-518，讲述了某一天吃饭的时候女主发现她的手机拍照效果很赞于是给男主演示自拍，然后两人日久生情，再然后男主就是通过这台神奇的拍照手机记录了他们干菜烈火的生活。故事的最后男主问女主这手机是什么型号，女主回答说“华为Mate20Pro”，再然后男主回了句“Huawei牛逼”就结束了。", "author": "空什么格", "time": "空什么格07月15日22:32", "transmit": 39, "comment": 103, "zan": 224, "sentiment": [{"positive_prob": 0.672001, "confidence": 0.271114, "negative_prob": 0.327998, "sentiment": 2}]}, {"text": "【最快2周，美企可获准恢复向华为供货】据外媒，美国一名高级官员透露，美国政府可能在2-4周内批准向美国公司颁发重新开始向华为供货的许可证。报道评论称，这一迹象表明，美国总统特朗普最近放松对华为限制的决定可能迅速推进。（来源：环球时报）O外媒：美国企业可能在2-4周内重新获准向华为供货​", "author": "新浪财经", "time": "新浪财经07月15日11:08 来自专业版微博", "transmit": 23, "comment": 38, "zan": 83, "sentiment": [{"positive_prob": 0.955303, "confidence": 0.900674, "negative_prob": 0.0446969, "sentiment": 2}]}, {"text": "【向华为捅刀子的四大恶人】孙正义，第一时间放弃日本软银、ARM与华为的合作，转投诺基亚。彭林，公开质疑华为手机宣传照片是人工智能合成，还选择起诉，之后又公开道歉。方舟子，公开质疑华为鸿蒙系统，称如果华为真有鸿蒙系统为何不早拿出来，还需留到现在？罗玉凤发微博称“华为早就该垮了”。​", "author": "价值投资日志", "time": "价值投资日志07月15日13:17 来自iPhone客户端", "transmit": 91, "comment": 283, "zan": 1172, "sentiment": [{"positive_prob": 0.00910963, "confidence": 0.979756, "negative_prob": 0.99089, "sentiment": 0}]}, {"text": "当面对足够多傲慢自大的人之后，我明白华为为什么不叫“华为电视”，而要叫“智慧屏”了。因为你和他说“电视”，他会说没有人比我更了解电视了，我根本不需要了解电视，也不需要电视。但如果你问他，你了解“5G赋能8K全联接直连基站娱乐交互中心智慧屏”吗？他起码会问：你说嘛？嘛玩意儿屏？​", "author": "唐史主任司马迁", "time": "唐史主任司马迁07月15日18:58 来自iPhone7Plus", "transmit": 46, "comment": 94, "zan": 1216, "sentiment": [{"positive_prob": 0.14938, "confidence": 0.668045, "negative_prob": 0.85062, "sentiment": 0}]}]