[{"text": "入手了华为mate30pro，官网配送比想象中要快，真机比想象中的要小，瘦长个儿。倒是适合单手偶尔操作。现在正在数据迁移。等我先适应适应，看看是不是真香🤗🤗🤗​", "author": "匪我思存", "time": "匪我思存10月06日14:18 来自iPhoneX", "transmit": 4, "comment": 163, "zan": 1182, "sentiment": [{"positive_prob": 0.619082, "confidence": 0.153516, "negative_prob": 0.380918, "sentiment": 2}]}, {"text": "阿联酋电信:没有看到华为5G技术存在‘安全漏洞’的证据​", "author": "寰亚SYHP", "time": "寰亚SYHP10月06日22:32", "transmit": 70, "comment": 162, "zan": 2593, "sentiment": [{"positive_prob": 0.257057, "confidence": 0.428762, "negative_prob": 0.742943, "sentiment": 0}]}, {"text": "【华为5G基站已能量产：不含任何美国零件，美巨头利润暴跌近九成】近日，华为创始人任正非先生在一场论坛上表示，从今年十月份起，华为5G基站的出货量将到达每月5000台。值得注意的是，这些基站不含任何美国生产的零部件，并且不比使用美国零部件的基站差。众所周知，通信是华为的核心业务，此次华为遭到美国打压，就是因为其通信技术水平走到了世界的最前列，连美国也望尘莫及，在正常竞争落后的情况下，美国就使用国家力量介入，试图压垮华为，为美国企业在通信技术的发展上争取时间。为此美国对华为实施了全面封锁，尤其是在半导体领域，各类型半导体零部件全部断供，不过华为并没有因为美国断供就一蹶不振，反而迅速公布了一系列备胎方案，如今，距离美国断供还不到半年的时间，华为就已经能够量产不含有任何美国零部件的5G基站，彻底摆脱了对美国制造的依赖。同时任正非还表示，华为并不排斥继续跟美国企业合作，因为已经跟美国供应商在多年合作当中，建立了深厚的感情。这句话非常霸气，意思就是华为不需要美国零部件，但是华为出于感情因素，还是愿意跟美国企业合作的。这正是当前美国半导体企业的真实写照，近日，美光科技发布了最新一期财报，数据显示美光本财季营收不到50亿美元，比去年同期减少了将近一半，净利润只有5亿多美元，去年同期则是四十多亿美元，同比暴跌了将近9成。除了美光之外，高通也同样看着财报黯然神伤，虽然高通的净利润同比仅仅下降了13%，但是市场份额却进一步降低，原因就是越来越多的企业开始自产芯片，在损失了华为这个大客户之后，这个问题变得更加严重，在一份又一份的财报公开之后，英伟达、英特尔、超威等美国巨头的股价全线下跌。这些财报正好就是美国封锁华为之后的这一财季，从这些数据当中，我们可以清晰地看出，美国断供对美国这些巨头造成了多大的损失，这些企业都已经向美方递交了恢复合作的申请，不过美方至今仍未给出具体回复。反观华为，正是被美国逼了一把，彻底释放出了自己的能量，再也不用看美国脸色了，在一定程度上，甚至可以说是美国帮了华为一个忙，让华为在取得绝对领先优势的时候，没有任何松懈，反而更进一步。#华为5G", "author": "洱海弥", "time": "洱海弥10月06日18:27 来自Weibo.intl", "transmit": 159, "comment": 64, "zan": 954, "sentiment": [{"positive_prob": 0.960103, "confidence": 0.91134, "negative_prob": 0.0398971, "sentiment": 2}]}, {"text": "从P9到P30Pro，不知不觉已经用了四代华为P系列旗舰手机了，希望明年的P40Pro在拍照上继续突破自我。​", "author": "晴天披沥", "time": "晴天披沥10月06日17:51 来自HUAWEIMate30Pro", "transmit": 12, "comment": 57, "zan": 250, "sentiment": [{"positive_prob": 0.968801, "confidence": 0.930669, "negative_prob": 0.0311991, "sentiment": 2}]}, {"text": "【华为不含任何美国零件的5G基站已能量产：美巨头利润暴跌近九成】从今年十月份起，华为5G基站的出货量将到达每月5000台。值得注意的是，这些基站不含任何美国生产的零部件，并且不比使用美国零部件的基站差。众所周知，通信是华为的核心业务，此次华为遭到美国打压，就是因为其通信技术水平走到了世界的最前列，连美国也望尘莫及，在正常竞争落后的情况下，美国就使用国家力量介入，试图压垮华为，为美国企业在通信技术的发展上争取时间。为此美国对华为实施了全面封锁，尤其是在半导体领域，各类型半导体零部件全部断供，不过华为并没有因为美国断供就一蹶不振，反而迅速公布了一系列备胎方案，如今，距离美国断供还不到半年的时间，华为就已经能够量产不含有任何美国零部件的5G基站，彻底摆脱了对美国制造的依赖。同时任正非还表示，华为并不排斥继续跟美国企业合作，因为已经跟美国供应商在多年合作当中，建立了深厚的感情。这句话非常霸气，意思就是华为不需要美国零部件，但是华为出于感情因素，还是愿意跟美国企业合作的。这正是当前美国半导体企业的真实写照，近日，美光科技发布了最新一期财报，数据显示美光本财季营收不到50亿美元，比去年同期减少了将近一半，净利润只有5亿多美元，去年同期则是四十多亿美元，同比暴跌了将近9成。除了美光之外，高通也同样看着财报黯然神伤，虽然高通的净利润同比仅仅下降了13%，但是市场份额却进一步降低，原因就是越来越多的企业开始自产芯片，在损失了华为这个大客户之后，这个问题变得更加严重，在一份又一份的财报公开之后，英伟达、英特尔、超威等美国巨头的股价全线下跌。反观华为，正是被美国逼了一把，彻底释放出了自己的能量，再也不用看美国脸色了，在一定程度上，甚至可以说是美国帮了华为一个忙，让华为在取得绝对领先优势的时候，没有任何松懈，反而更进一步。O华为5G基站已能量产：不含任何美国零件，美巨头利润暴跌近九成", "author": "人才76116", "time": "人才7611610月06日07:58 来自HUAWEIP20", "transmit": 105, "comment": 199, "zan": 768, "sentiment": [{"positive_prob": 0.929922, "confidence": 0.84427, "negative_prob": 0.0700785, "sentiment": 2}]}, {"text": "我几个同学一致认为iPhone11比华为Mate30Pro好看​", "author": "老爆科技", "time": "老爆科技10月06日12:44 来自贴爆爆膜的iPhoneXSMax", "transmit": 50, "comment": 1117, "zan": 2947, "sentiment": [{"positive_prob": 0.685282, "confidence": 0.300626, "negative_prob": 0.314718, "sentiment": 2}]}, {"text": "华为mate30的崩坏3测试数据暂时作废。原因是华为mate30同画质下的分辨率有降低，条件不固定。以后如果更新修复，我们再做补充。现阶段情况说明如下，选择最高画质1080p屏幕的两台手机，华为锁定最高分辨率。图1是相机拍屏幕，左边是华为mate30Pro，右边是黑鲨2Pro，都是三星OLED屏幕，肉眼明显看出华为发糊。用显微镜确定线条的像素渲染，排除对焦和肉眼差别，确实是降低了分辨率。图2是截图对比。还是左边是华为mate30Pro，右边是黑鲨2Pro。通过1080p屏幕点对点显示，数侧向线条边缘的锯齿，大体可以判断将1080p的渲染成了720p。CG贴画不受影响。目前只发现这一款游戏，其他测试过的游戏正常，数据照常对比。这里采用的是官服。之前曾经出现了华为服降分辨率，官服正常的情况。这次都降了，大概率可以通过更新修复。", "author": "欧阳秋叶", "time": "欧阳秋叶10月06日15:54 来自UC浏览器电脑版", "transmit": 140, "comment": 646, "zan": 2586, "sentiment": [{"positive_prob": 0.070606, "confidence": 0.843098, "negative_prob": 0.929394, "sentiment": 0}]}, {"text": "才学会了怎么用华为手机的广角功能拍照​", "author": "蔡小心", "time": "蔡小心10月06日13:06 来自HUAWEIMate20X5G", "transmit": 5, "comment": 23, "zan": 99, "sentiment": [{"positive_prob": 0.649831, "confidence": 0.221848, "negative_prob": 0.350169, "sentiment": 2}]}, {"text": "搞机这么多年，我一直讨论手机，从来不跟个人撕，但我很好奇一些人，我一提到华为，就过来咬我，这还真成华为养的狗了？华为这给了多少狗粮你们这么忠心地护主？所有手机品牌，还真的就只有华为一家有这么一群狗，也是你们这么一群咬人的狗把华为弄得越来越恶心​", "author": "科技新一", "time": "科技新一10月06日11:18", "transmit": 80, "comment": 736, "zan": 4081, "sentiment": [{"positive_prob": 0.00844211, "confidence": 0.98124, "negative_prob": 0.991558, "sentiment": 0}]}, {"text": "【#谷歌公布安卓系统高危漏洞#：波及18款设备，华为、小米、三星都中招】10月4日，谷歌发布安卓高危漏洞，华为、三星、小米等至少18款设备受影响。目前该漏洞已被修复，并在10月安全更新中发布。谷歌发现了该漏洞在现实世界中使用的实例，并称以色列的NSO集团正在利用此漏洞。O谷歌公布安卓系统高危漏洞：波及18款设备，华为、小米、三星都中招​", "author": "央视财经", "time": "央视财经10月06日18:04 来自微博weibo.com", "transmit": 22, "comment": 13, "zan": 51, "sentiment": [{"positive_prob": 0.115565, "confidence": 0.743189, "negative_prob": 0.884435, "sentiment": 0}]}, {"text": "预定一波华为明年的热搜华为自研电脑系统鸿蒙OS已经快了，紧张测试当中之前我发微博也提过，华为全自研的台式电脑和笔记本电脑（含荣耀Magicbook笔记本电脑）已经OK了！基本实现全国产，除了架构是自研的之外，系统也搭载的是国产系统，在华为鸿蒙电脑系统正式商用之前，这一个时期由国产系统暂代！对华为比较了解的朋友应该已经知道华为和荣耀的笔记本电脑，因为微软的关系，目前暂时不售卖了，然而这并不能阻止华为电脑产品的继续发展，兵来将挡，水来土掩，华为有一系列的应对措施！到时候网络上关于华为鸿蒙系统的谣言也就不攻自破了！原图一本来就是P的，我评论里一开始也解释了，目的是为了引出我的文案。这次怪我，配图选择失误", "author": "长安数码君", "time": "长安数码君10月06日13:53 来自华为手机", "transmit": 58, "comment": 383, "zan": 1024, "sentiment": [{"positive_prob": 0.889092, "confidence": 0.753538, "negative_prob": 0.110908, "sentiment": 2}]}, {"text": "附议。赶快把手里的荣耀换成华为。​", "author": "Geek_Cao", "time": "Geek_Cao10月06日08:20 来自iPhone11ProMax", "transmit": 44, "comment": 329, "zan": 1493, "sentiment": [{"positive_prob": 0.296656, "confidence": 0.340764, "negative_prob": 0.703344, "sentiment": 0}]}, {"text": "#华为2020年校招#不要让他们觉得这是一个陌生的世界，打造信息无障碍体验，让视障人士拥抱光明。保持热爱，与时间赛跑，拖着世界前行！L华为中国的微博视频​", "author": "华为中国", "time": "华为中国10月06日20:39 来自微博weibo.com", "transmit": 25, "comment": 31, "zan": 256, "sentiment": [{"positive_prob": 0.91273, "confidence": 0.806066, "negative_prob": 0.0872704, "sentiment": 2}]}, {"text": "关于这个事情，其实还是要往好处想的，比较庆幸的是，首先爆出来的是小米，而不是华为，如果先被爆出来的是华为，那么肯定就是爱国营销前几天，很多数码大v都在夸小米，说小米这是做好事不留名，给国庆阅兵官兵送了平板电脑，还不主动宣传，极个别的甚至还讽刺华为为什么不给送那么，事实的真相是，这个是部队人家统一采购的，而且不光有小米平板电脑，还有华为的荣耀畅玩平板电脑，如果说小米不主动宣传的话，那么不是还有那么多数码大V帮着宣传吗？反倒是华为才是真正的默不作声，这又怎么说呢？归根结底是很多人对华为有着很大的偏见，不管夸任何厂商的时候，总要踩一下华为，都说华为是千亿营销，在网上会搞舆论，那么，为什么每次出事的时候，在网上华为的呼声反而是最小的？在互联网上，华为反倒是那个弱者最后再说一点，企业发展的根本是技术和产品，网上的舆论代表不了销量，也代表不了口碑！做好产品，做好研发才是企业发展的根本，这次的事情与小米没有直接的关系，反倒是那些数码大v在一旁推波助澜，导致事情的发酵！#阅兵的7万只气球去哪了#", "author": "长安数码君", "time": "长安数码君10月06日12:23 来自华为手机", "transmit": 27, "comment": 199, "zan": 1042, "sentiment": [{"positive_prob": 0.00908653, "confidence": 0.979808, "negative_prob": 0.990914, "sentiment": 0}]}, {"text": "#可爱的中国#【华为5G基站开始量产，不含美国零件，占全球总量三分之二】相关消息振奋人心，我还是那句话，中国对5G的贡献，是中国的，更是世界的。1华为5G基站核心芯片“天罡芯片”，天罡芯片超高集成度和超强运算能力，较以往芯片性能增强约2.5倍，一步到位满足未来网络部署需求。2美国人求锤得锤，华为5G基站不含任何美国产零件。任正非还是希望能购买美国零件，合作伙伴30年了，不能仅自己挣钱不让别人挣。如果美国开放零件，华为宁可自己少生产些，也要买美国的，只为全球化的平衡。3到今年10月，华为5G基站的出货量每月5000个。预计明年更多国家引进华为技术，华为5G基站的总产量将翻倍。今年的产值量是60万个基站，明年150万个基站。4华为已获得50多个5G商用合同，遍布各大洲，全球三分之二的5G基站由华为建设。5华为5G基站（二图左）约半米高，仅为4G基站（二图右）一半，一个人能搬动。安装时间也比4G基站节省了约35%。6未若干年，人类将是一个智能世界，5G是智能世界的基础。", "author": "李牧", "time": "李牧10月06日08:28 来自iPhone8", "transmit": 61, "comment": 54, "zan": 202, "sentiment": [{"positive_prob": 0.985818, "confidence": 0.968484, "negative_prob": 0.0141824, "sentiment": 2}]}, {"text": "图一是电竞肝帝翻译的。图二是我用有道翻译了一下，大概是在说比赛奖金和运营经费的问题。我不大懂韩语，只是无论怎么看意思都天差地别。图三是@三子三子三提供的华为翻译，感觉意思准确，更通顺一点。图四是原文来自@你的尽头对我来说是开始和结束，是觉得删了就万事大吉？正确翻译：@xxx_iffy_yyyyyO网页链接恶劣并令人作呕。", "author": "4REALlllll", "time": "4REALlllll10月06日21:55 来自iPhoneXSMax", "transmit": 100, "comment": 30, "zan": 87, "sentiment": [{"positive_prob": 0.0616668, "confidence": 0.862962, "negative_prob": 0.938333, "sentiment": 0}]}, {"text": "华为充电宝！超级快充安全不发烫！完全是我用过最好用的充电宝，这是npy送的，自己又给家里买了三个，有普通有快充，爸妈都很满意。我喜欢的原因有三点：容量大，速度快。10000毫安可上飞机，满电情况下给手机充2-3次妥妥的；用supercharge款比用充电线还快。大小和7p差不多，抓着舒服，小包也能放得下。国货大牌，多重安全保护。这是我用过唯一一款不发烫的充电宝，充多久摸着都是凉凉的，而且失手星人把它摔了好多次都没有坏，喜欢喜欢！", "author": "阿苏买什么", "time": "阿苏买什么10月06日14:05", "transmit": 11, "comment": 94, "zan": 227, "sentiment": [{"positive_prob": 0.958574, "confidence": 0.907943, "negative_prob": 0.0414257, "sentiment": 2}]}, {"text": "华为Mate20pro穿上军装迷彩堪称最酷手机壳！华为Mate20浴霸设计确实具备超强辨识度，即便在迷彩的掩护下也被细心的网友发现了！​", "author": "宋敬亭", "time": "宋敬亭10月06日19:49 来自热搜第一推荐", "transmit": 17, "comment": 51, "zan": 407, "sentiment": [{"positive_prob": 0.932703, "confidence": 0.850452, "negative_prob": 0.0672968, "sentiment": 2}]}, {"text": "华为岂止\"海军\"空军优选：华为M6平板电脑（之前还采购过华为M5Pro平板电脑）陆军特战队优选摄像头：华为Mate20系列！#参加阅兵的舰载机飞行员是什么标准#​", "author": "长安数码君", "time": "长安数码君10月06日18:53 来自华为手机", "transmit": 19, "comment": 94, "zan": 492, "sentiment": [{"positive_prob": 0.811784, "confidence": 0.581743, "negative_prob": 0.188216, "sentiment": 2}]}, {"text": "【#华为最美“大眼睛”#假期游世界！】用广角的想象，打开震撼视界#华为Mate30#系列搭载了1600万像素的超广角摄像头，无论是摄影还是摄像都能带给你更广阔的视界体验，让视界突破束缚，方寸间装下广阔天地。摄影师：李珩；Kakaphoto(卡卡)​", "author": "华为终端公司", "time": "华为终端公司10月06日15:00 来自微博weibo.com", "transmit": 8, "comment": 23, "zan": 95, "sentiment": [{"positive_prob": 0.973729, "confidence": 0.94162, "negative_prob": 0.0262708, "sentiment": 2}]}, {"text": "10月1日，加拿大。华为总裁任正非的大女儿孟晚舟离开她被监视居住的豪宅前往法院时，通过媒体表达了对祖国生日的祝福。孟晚舟说，无论在天涯还是海角，我的心永远和祖国在一起。L中新视频的秒拍视频​", "author": "本帮-", "time": "本帮-10月06日09:38 来自iPhone客户端", "transmit": 71, "comment": 128, "zan": 1329, "sentiment": [{"positive_prob": 0.798872, "confidence": 0.553049, "negative_prob": 0.201128, "sentiment": 2}]}, {"text": "十一假期第六天，假期快要结束，好想让它再慢一些。还好我带了#华为Mate30#Pro​", "author": "华为终端官方微博", "time": "华为终端官方微博10月06日10:00 来自微博weibo.com", "transmit": 23, "comment": 100, "zan": 453, "sentiment": [{"positive_prob": 0.726296, "confidence": 0.391769, "negative_prob": 0.273704, "sentiment": 2}]}, {"text": "深挖华为系手机和其它手机你会发现（荣耀20PRO对比小米9Pro）产品层面除外，更深层次是华为海思和美国高通芯片的正面角逐！​", "author": "宋敬亭", "time": "宋敬亭10月06日11:05 来自热搜第一推荐", "transmit": 28, "comment": 327, "zan": 1211, "sentiment": [{"positive_prob": 0.671032, "confidence": 0.26896, "negative_prob": 0.328968, "sentiment": 2}]}, {"text": "当年华为手机刚开始做，拼命的亏钱,甚至任总想把它卖掉。谁知道正赶上08年金融危机，没卖出...没卖出...没卖出去……只能拿着通信赚的钱去补贴手机。海思也是一样，04年成立，04~14这十年间，国外被封锁，国内被冷嘲热讽。连亏损了10年，靠着华为这棵大树才勉强的活了下来。说这十年亏出一个小米都不为过。然而呢，一个刚刚盈利四年的半导体公司，却要你们去抗衡百年美帝尖端企业，而且不是1家，是33家，同时抗衡33家美帝尖端企业。你们觉得现实吗？现实很残酷，有些东西，还真的只有美帝才有。打个比方，美帝xlinx，人家专门做FPGA，占了好几十年的市场，转的盆满钵满，赚的钱缺补贴继续研发。良性循环，傲视群雄。华为呢？分到FPGA研发的可能只有一个部门的几十人和一点可怜的经费，拿什么和人家竞争？键盘侠们，说麒麟不行的也是你们，说华为研发经费是从消费者坑来的也是你们，说爱国税、智商税的也是你们。我就问你，一个私营企业，最大的目标是什么？当然是活下去！在可能的情况下赚些小钱。这就是为什么中国大部分公司都不愿意研发，国家不出钱，消费者不出钱，哪来的钱搞研发？谁来为这种亏损买单？友商吗？恨不得你赶紧死。消费者吗？这种爱国税+智商税谁会买？千亿千亿的亏损，终于换来了海思的980，终于能和高通、三星、苹果等SOC并肩时，却因为搭载的产品被疯狂的黑。确实，麒麟在某些方面不如晓龙，不如苹果。但是至少是唯一中国不存在代差的高端芯片了。杠精别说不如A11，那种基带都没有的东西真不一定比980体验好，因为牺牲了信号和续航。华为加油，海思加油。", "author": "灵魂股手林优秀", "time": "灵魂股手林优秀10月06日11:14", "transmit": 19, "comment": 49, "zan": 260, "sentiment": [{"positive_prob": 0.0209945, "confidence": 0.953345, "negative_prob": 0.979005, "sentiment": 0}]}, {"text": "盲猜，这两组是iPhone11和华为Mate30Pro。点评一下？2贵阳​", "author": "老爆科技", "time": "老爆科技10月06日19:21 来自贴爆爆膜的iPhone11", "transmit": 8, "comment": 160, "zan": 239, "sentiment": [{"positive_prob": 0.425744, "confidence": 0.0539026, "negative_prob": 0.574256, "sentiment": 0}]}, {"text": "华为EMUI10居然还不能连选相册里每一行里的所有照片？？？iOS和其它安卓定制系统笑了L晴天披沥的微博视频​", "author": "晴天披沥", "time": "晴天披沥10月06日10:45 来自魅族16sPro旗舰手机", "transmit": 12, "comment": 127, "zan": 252, "sentiment": [{"positive_prob": 0.12896, "confidence": 0.713422, "negative_prob": 0.87104, "sentiment": 0}]}, {"text": "来自同行小伙伴的死亡拍摄（二）这个不是白色不是白色不是白色相机落家里了，来自华为道定汉服​", "author": "道定", "time": "道定10月06日18:59 来自道定汉服超话", "transmit": 6, "comment": 72, "zan": 180, "sentiment": [{"positive_prob": 0.752554, "confidence": 0.450121, "negative_prob": 0.247446, "sentiment": 2}]}, {"text": "【加拿大官方律师首度承认：拘捕孟晚舟程序“失误，曾将孟的个人信息转交美国FBI！】加拿大官方律师本周首度在庭上承认，去年底拘捕华为首席财务官孟晚舟出现程序错误，但加国并不会停止孟晚舟被引渡到美国的程序。孟晚舟律师周四（3日）进一步指控加拿大皇家骑警，曾将孟晚舟个人电子设备的序列号、密码等转交美国联邦调查局（FBI），违反引渡法。律师团还指出加国官方先搜查并取得她的电子设备密码，好让美国搜集对孟晚舟不利的证据。但有法律学者认为，加国官方律师根本在狡辩，如果判定孟晚舟被捕程序有问题，引渡程序也应该会被终止，孟晚舟之后应能重获自由。#孟晚舟祝祖国生日快乐#", "author": "建华Wei业", "time": "建华Wei业10月06日07:42 来自HUAWEIMate20Pro", "transmit": 31, "comment": 35, "zan": 138, "sentiment": [{"positive_prob": 0.0561922, "confidence": 0.875129, "negative_prob": 0.943808, "sentiment": 0}]}, {"text": "华为Mate30系列的维修价格，你们感受下​", "author": "数码研究所", "time": "数码研究所10月06日18:35", "transmit": 14, "comment": 86, "zan": 370, "sentiment": [{"positive_prob": 0.608207, "confidence": 0.129349, "negative_prob": 0.391793, "sentiment": 2}]}, {"text": "辟谣2个。华为mate30Pro使用玻璃的并不是自研的airglass。闪光灯是双led，不是氙气闪光灯。当我问到防抖有没有采用记忆合金的时候，工程师说应该不是。我还没找到拆机拆这么碎的，这个回头再确认​", "author": "欧阳秋叶", "time": "欧阳秋叶10月06日18:34", "transmit": 13, "comment": 201, "zan": 1268, "sentiment": [{"positive_prob": 0.0403478, "confidence": 0.910338, "negative_prob": 0.959652, "sentiment": 0}]}]