[{"text": "明星偷税吸毒被原谅，袁隆平买华为手机却被羞辱，这才是时代最大的悲哀！  #央视专访袁隆平#​", "author": "笑点菌", "time": "笑点菌07月13日11:30 来自微博weibo.com", "transmit": 564, "comment": 254, "zan": 7343, "sentiment": [{"positive_prob": 0.295782, "confidence": 0.342707, "negative_prob": 0.704218, "sentiment": 0}]}, {"text": "明星偷税吸毒被原谅，袁隆平买华为手机却被羞辱，这才是时代最大的悲哀！（南木大叔）​", "author": "笑点菌", "time": "笑点菌07月13日20:30 来自微博weibo.com", "transmit": 217, "comment": 137, "zan": 4073, "sentiment": [{"positive_prob": 0.303415, "confidence": 0.325744, "negative_prob": 0.696585, "sentiment": 0}]}, {"text": "【造谣者，你的胆子怎么这么大？！】近日，公司注意到有关自媒体编造“不支持华为的企业，居然还有国内四大运营商之一”、“联通迎来大动作，5G合作商终于确定，可惜不是华为”的谣言，对中国联通的5G合作与采购颠倒黑白、主观臆断、肆意歪曲、恶意诽谤。这些自媒体为博眼球而毫无底线，中国联通强烈谴责这种居心不良、凭空捏造、滥扣帽子、煽动公众情绪、误导社会舆论、极度不负责任的造谣污蔑行为，并保留通过法律手段维护公司合法权益的权利。中国联通作为国有大型骨干央企，坚决站稳政治立场，时刻牢记肩负的政治责任、经济责任和社会责任，坚定捍卫国有资产，正积极按照国家5G网络部署要求，与华为、中兴、爱立信、诺基亚、中信科等通信设备制造商，开展5G网络组网试验工作，积极探索5G应用创新，扶持和带动国内5G芯片、终端、设备、制造业、应用等全产业链发展壮大。在5G网络商用部署方面，中国联通始终以SA（独立组网）为目标，持续推动5G关键技术突破，积极推进R16标准协议和SA（独立组网）网络设备、终端的成熟，积极推进基站和终端具备NSA/SA（非独立组网/独立组网）双模能力；对5G网络商用设备的选择，也将通过公平、公正、公开的方式进行。同时，中国联通坚持开放合作的理念，在5G创新应用和产业生态建设方面持续发力，与各界合作伙伴在网络技术、业务创新、商业运营等方面开展多方位立体化合作，实现与相关产业、垂直行业的有机融合，携手各方打造良性5G生态链生态圈，推动全社会、全行业数字化转型。", "author": "中国联通", "time": "中国联通07月13日20:12 来自HUAWEIP30Pro", "transmit": 974, "comment": 1652, "zan": 6544, "sentiment": [{"positive_prob": 0.981776, "confidence": 0.959502, "negative_prob": 0.0182241, "sentiment": 2}]}, {"text": "【#中国联通回应不支持华为谣言#：凭空捏造滥扣帽子】今日晚间，@中国联通官方微博发布声明称，近日注意到有关自媒体编造“不支持华为的企业，居然还有国内四大运营商之一”、“联通迎来大动作，5G合作商终于确定，可惜不是华为”的谣言，对中国联通的5G合作与采购颠倒黑白、主观臆断、肆意歪曲、恶意诽谤。O中国联通回应“不支持华为”谣言：凭空捏造滥扣帽子", "author": "新浪科技", "time": "新浪科技07月13日23:19 来自微博weibo.com", "transmit": 55, "comment": 280, "zan": 1675, "sentiment": [{"positive_prob": 0.171858, "confidence": 0.618093, "negative_prob": 0.828142, "sentiment": 0}]}, {"text": "中国制裁美国公司，信息量太大汪思波2019-07-13中国说要制裁美国对台军售的公司，这个信息量太大。1，意味着中国实质性地全面技术自主了。只有这样才不怕被反制裁。这是贸易战的成果，这有华为的重要贡献。2，未来中国可以经济上打欧洲牌。在地缘政治方面，过去中国打俄罗斯牌以抗衡美国。未来中国在经济上可以打欧洲牌以抗衡美国。比如大飞机采购，美国不老实就不买波音而买空客。3，我们的大飞机C919有生路了。美国不发我们适航证我们就不购买波音。4，总之，中国全面实力已实质性地与美国平等了。地位平等了，玩法就不一样了。中国是全球最大的市场，世界上任何一个国家未来不讨好中国的都是傻X。5，GDP那玩意很不靠谱。中国已是全球经济最大的国家，比美国大几倍的国家。未来美国公司，美国总统都将讨好中国。6，中国人应该有大国公民心态，充满理想，充满自信，充满对全人类的爱。", "author": "股道热肠也", "time": "股道热肠也07月13日07:23 来自iPhone7Plus(亮黑色)", "transmit": 516, "comment": 971, "zan": 3745, "sentiment": [{"positive_prob": 0.994647, "confidence": 0.988104, "negative_prob": 0.00535308, "sentiment": 2}]}, {"text": "【#中国联通反击不支持华为谣言#：造谣者，你的胆子怎么这么大？！】7月13日晚，中国联通微信公众号和官方微博同时发布名为《造谣者，你的胆子怎么这么大？！》的文章，文中称，近日，公司注意到有关自媒体编造“不支持华为的企业，居然还有国内四大运营商之一”、“联通迎来大动作，5G合作商终于确定，可惜不是华为”的谣言，对中国联通的5G合作与采购颠倒黑白、主观臆断、肆意歪曲、恶意诽谤。这些自媒体为博眼球而毫无底线，中国联通强烈谴责这种居心不良、凭空捏造、滥扣帽子、煽动公众情绪、误导社会舆论、极度不负责任的造谣污蔑行为，并保留通过法律手段维护公司合法权益的权利。#中国联通辟谣不支持华为#（每日经济新闻）", "author": "每日经济新闻", "time": "每日经济新闻07月13日23:07 来自微博weibo.com", "transmit": 24, "comment": 80, "zan": 207, "sentiment": [{"positive_prob": 0.0456574, "confidence": 0.898539, "negative_prob": 0.954343, "sentiment": 0}]}, {"text": "成人的世界都不容易那个。。。二营长，把老子的华为P30拿来！！！L笑到拔胸毛的微博视频​", "author": "笑到拔胸毛", "time": "笑到拔胸毛07月13日10:02 来自微博视频", "transmit": 30, "comment": 52, "zan": 1384, "sentiment": [{"positive_prob": 0.716672, "confidence": 0.370383, "negative_prob": 0.283328, "sentiment": 2}]}, {"text": "断供华为两个月不到，伟创力长沙工厂停产！二期项目被比亚迪接手O断供华为两个月不到，伟创力长沙工厂停产！二期项目被比亚迪接手长沙伟创力刚开一年，正想大发展，就遭到了禁令打击。生意被转给了比亚迪。伟创力是美国公司，代工这种业务也禁止，真的是胡乱操作。现在看样子华为生意要恢复，但是和伟创力的关系也坏了。禁令折腾的结果是美国公司损失更大。很多事操作细节很关键，不是胡搞个禁令就行的。", "author": "风云学会陈经", "time": "风云学会陈经07月13日09:35 来自小米9", "transmit": 119, "comment": 155, "zan": 948, "sentiment": [{"positive_prob": 0.363848, "confidence": 0.191449, "negative_prob": 0.636152, "sentiment": 0}]}, {"text": "#雪球热议#一个上海人说：有点羡慕深圳。上海好像没出什么很知名的科技公司，深圳是科技公司的摇篮，出了华为，腾讯，大疆等。近年来，走得最好的白马也好多是深圳的……​", "author": "雪球", "time": "雪球07月13日13:08", "transmit": 429, "comment": 146, "zan": 553, "sentiment": [{"positive_prob": 0.970394, "confidence": 0.934209, "negative_prob": 0.0296058, "sentiment": 2}]}, {"text": "在华为《2018可持续发展报告》发布会上，华为公司董事长梁华表示，华为的发展可以持续，华为一定能够活下来，而且还会活得越来越好。保证客户网络稳定、安全运营是华为对全球客户、用户、合作伙伴的重要社会责任。面向未来，华为将继续坚持开放、合作、共赢理念，与全球供应商等伙伴一起为构建万物互联的智能世界而开展深层次协作，让普遍的、无差异的数字服务惠及全人类。L华为中国的微博视频", "author": "华为中国", "time": "华为中国07月13日21:00 来自微博weibo.com", "transmit": 31, "comment": 44, "zan": 291, "sentiment": [{"positive_prob": 0.971957, "confidence": 0.937681, "negative_prob": 0.0280434, "sentiment": 2}]}, {"text": "无聊对比了一下华为P30Pro/华为Nova5Pro/荣耀20Pro的官网维修备件价格原来200万像素景深（微距）镜头这么便宜​", "author": "小白测评", "time": "小白测评07月13日19:58", "transmit": 20, "comment": 294, "zan": 1137, "sentiment": [{"positive_prob": 0.634828, "confidence": 0.188506, "negative_prob": 0.365172, "sentiment": 2}]}, {"text": "土豪同事，当场就买了16s，然后400块回收掉了他的华为P10​", "author": "fenibook", "time": "fenibook07月13日21:01", "transmit": 10, "comment": 124, "zan": 625, "sentiment": [{"positive_prob": 0.421645, "confidence": 0.0630103, "negative_prob": 0.578355, "sentiment": 0}]}, {"text": "表妹的手机电池不耐用了，本想让她换iPhoneXR，结果到店里买了台华为P30店员究竟对她说了什么？？？​", "author": "芒果先生", "time": "芒果先生07月13日20:44", "transmit": 10, "comment": 656, "zan": 1287, "sentiment": [{"positive_prob": 0.193742, "confidence": 0.569461, "negative_prob": 0.806258, "sentiment": 0}]}, {"text": "#联通辟谣不支持华为#截图倒序看。给国资委新闻中心挖坑，这些人真是。。。​", "author": "王员外", "time": "王员外07月13日22:35 来自真香警告", "transmit": 23, "comment": 50, "zan": 219, "sentiment": [{"positive_prob": 0.44408, "confidence": 0.0131563, "negative_prob": 0.55592, "sentiment": 0}]}, {"text": "博君一肖天天向上我不去了！不去了！！说到做到！！！除非门票白送给我……去一趟钱都够买台华为p30pro了！五十倍变焦照清ggdd的美！（@华为咋还不给我打钱！）再咋诱惑我说是婚后回门bjyx夏日限定以后再难看到小赞耶啵铜矿我也不去了！问就是穷！票炒得太贵了！舍不得！！！​", "author": "媛紫酱", "time": "媛紫酱07月13日19:07 来自博君一肖超话", "transmit": 5, "comment": 74, "zan": 246, "sentiment": [{"positive_prob": 0.00172326, "confidence": 0.99617, "negative_prob": 0.998277, "sentiment": 0}]}, {"text": "媒体大多认为法国被“301”，原因就是GAFA税。但是，我们看看这两年的法美、欧美关系，就会发现，特朗普早就想对法国动手了。特朗普一直通过德法两国来向欧盟各国“发号施令”，比如他最近提出的要求就有：必须禁止华为参与5G网络建设；必须完成国防开支占总预算的规定指标；不能和伊朗合作，听从美国的制裁，放弃伊朗核协议。而马克龙、默克尔的回应都是一笑而过。两人甚至在公共演讲中，不指名地批驳了特朗普的“痴心妄想”。O遭美式301大法伺候，真的只是因为法国先动了手？", "author": "观察者网", "time": "观察者网07月13日15:55 来自微博weibo.com", "transmit": 29, "comment": 60, "zan": 257, "sentiment": [{"positive_prob": 0.875819, "confidence": 0.724043, "negative_prob": 0.124181, "sentiment": 2}]}, {"text": "#花木兰柔晰暮色妆#好多人画得像华为的logo​", "author": "悲伤男孩", "time": "悲伤男孩07月13日16:48 来自微博weibo.com", "transmit": 32, "comment": 54, "zan": 320, "sentiment": [{"positive_prob": 0.816158, "confidence": 0.591462, "negative_prob": 0.183842, "sentiment": 2}]}, {"text": "给胖孃孃发工资每天来打包胖孃孃看着我：“别个公司老板都要给员工配电脑我没得电脑莫法上班！”我……行吧，我晓得你想耍斗地主…给你买嘛…惹不起（不是苏菲，是华为，配胖妈华为手机方便）​", "author": "还是一碗泡面", "time": "还是一碗泡面07月13日15:26", "transmit": 4, "comment": 56, "zan": 206, "sentiment": [{"positive_prob": 0.812183, "confidence": 0.582628, "negative_prob": 0.187817, "sentiment": 2}]}, {"text": "#澳大利亚全国断网#现代自然灾害，好恐怖。不过，是天灾还是人祸？只有袋鼠自己最清楚。建议5G早日上马，设备用华为，不然有人经常会拿你当小白鼠演练​", "author": "后沙月光本尊", "time": "后沙月光本尊07月13日14:06 来自HUAWEIMate8", "transmit": 34, "comment": 66, "zan": 445, "sentiment": [{"positive_prob": 0.531333, "confidence": 0.373343, "negative_prob": 0.468667, "sentiment": 1}]}, {"text": "西欧大国剩德法没正式开通5G，但华为一定可以进入5G市场！从媒体看，目前西欧经济大国中的英、西、意都已经试点或者开通5G，加上中小国就更多了；当然开通的国家华为5G目前都有参与！德国和法国为什么必然让华为进入呢？首先美国人抹黑华为是莫须有的玩意，全面测试华为系统源代码的英国，其4大运营商已经全部开始用华为5G了。尤其欧洲被美国人全面监听，既然有美国人惧怕的5G技术可以规避，何乐不为，德国人和法国人不傻。其次，大众CEO迪斯也公开承认：“当下，大众汽车实际上成了一家非常有中国烙印的企业”。大众汽车集团旗下的核心品牌“大众汽车”全球销量的一半都是中国市场贡献的。中国也是大众旗下奥迪和保时捷最大单一市场；中国市场也贡献了大众汽车集团近一半的利润。法国的空客、核电站也很依赖中国市场，没有理由搞坏关系。再次：当前诺基亚的前身是诺基亚西门子网络+阿尔卡特朗讯四个公司合并而成的。西门子老家在德国，阿尔卡特老家在法国，他们虽然被收购了，但是还是有大量的研发部门等就业。中欧市场互相交换是合作共赢的，关闭谁都受害。最后，几个月前，华为就搞定了NSA全部技术和SA几乎全部技术测试（现在已经全部搞完），这是所有厂家最快的，技术指标也最好，能耗也低，特别4G用华为的那运营商不买他们不就亏了吗？生意做大了都是政治呀，任总早早就注意到并通过采购分肥给美国公司，这那是哪些说有备胎为什么不用的人能懂的呢？", "author": "HW前HR", "time": "HW前HR07月13日06:00 来自HUAWEIP30Pro", "transmit": 59, "comment": 83, "zan": 412, "sentiment": [{"positive_prob": 0.796628, "confidence": 0.548063, "negative_prob": 0.203372, "sentiment": 2}]}, {"text": "对比了一下一加7Pro和华为P30Pro的副摄虚化模式，你们喜欢左边还是右边？​", "author": "数字热DGHOT", "time": "数字热DGHOT07月13日21:26", "transmit": 15, "comment": 204, "zan": 444, "sentiment": [{"positive_prob": 0.287831, "confidence": 0.360377, "negative_prob": 0.712169, "sentiment": 0}]}, {"text": "胡歌:我现在可能只签华为了！这代言人值了！！#搞笑视频##微之谜笑#L没节操的秒拍视频​", "author": "没节操", "time": "没节操07月13日05:35 来自微博视频", "transmit": 17, "comment": 16, "zan": 335, "sentiment": [{"positive_prob": 0.818339, "confidence": 0.59631, "negative_prob": 0.181661, "sentiment": 2}]}, {"text": "易烊千玺#与千玺理想生活一夏#来人，代言转赞评！！！华为手机O网页链接华为何刚O网页链接华为商城O网页链接华为终端O网页链接这条转发还没破千@TFBOYS-易烊千玺​", "author": "烊家军", "time": "烊家军07月13日12:52 来自易烊千玺超话", "transmit": 105, "comment": 305, "zan": 159, "sentiment": [{"positive_prob": 0.64992, "confidence": 0.222045, "negative_prob": 0.35008, "sentiment": 2}]}, {"text": "发布了头条文章：《华为鸿蒙OS如何成功？除三星/微软还可参考印度经验》O华为鸿蒙OS如何成功？除三星/微软还可参考印度经验​", "author": "科技美学", "time": "科技美学07月13日10:34 来自微博weibo.com", "transmit": 22, "comment": 214, "zan": 973, "sentiment": [{"positive_prob": 0.434812, "confidence": 0.0337515, "negative_prob": 0.565188, "sentiment": 0}]}, {"text": "信【花絮】@信shin8989结束了北京满满两天的工作，回家啦~对不起今天没有人带华为给你玩信哥哥说很快就会公布新歌会的消息，但是他说新歌很难唱等你官宣消息啦，千山万水大家也会准时赴约！下次见~​", "author": "信shin国际歌迷会", "time": "信shin国际歌迷会07月13日12:22 来自信超话", "transmit": 20, "comment": 19, "zan": 78, "sentiment": [{"positive_prob": 0.556694, "confidence": 0.0148759, "negative_prob": 0.443306, "sentiment": 2}]}, {"text": "倒是也没说错，看了华为Mate20X5G版参数，厚度8.38mm，重量233克，逼近索半斤​", "author": "数码闲聊站", "time": "数码闲聊站07月13日23:51", "transmit": 13, "comment": 212, "zan": 1267, "sentiment": [{"positive_prob": 0.145832, "confidence": 0.675929, "negative_prob": 0.854168, "sentiment": 0}]}, {"text": "大型双标现场！有些网友不是蠢就是坏，扫毒2官方宣传视频中，刘德华拿的华为手机，竟然有人说是p上去的秦海璐用个华为P30Pro就有人说是华为的营销那照这么说，明星里边用苹果的更多，岂不是苹果更会营销？这都什么逻辑啊？明星用iPhone就是苹果好用，用华为就是华为给钱营销了就不能允许明星喜欢用华为吗？#华为##科技潮玩#2西安", "author": "长安数码君", "time": "长安数码君07月13日19:49 来自荣耀20PRO", "transmit": 7, "comment": 117, "zan": 730, "sentiment": [{"positive_prob": 0.0957025, "confidence": 0.787328, "negative_prob": 0.904297, "sentiment": 0}]}, {"text": "Mate20Pro标准版官方售价已经下调到4499元。我当年正赶上换屏幕风波，各种缺货，官网根本抢不着，去京东加了300块才买到。综合产品力上来说，我认为Mate20Pro是华为近几年的一个巅峰之作。如果没有对50倍变焦和极暗环境拍照执念的话，那么Mate20Pro是我目前最推荐的华为手机。​", "author": "钟文泽", "time": "钟文泽07月13日09:53 来自普通家庭iPhoneXSMax", "transmit": 29, "comment": 418, "zan": 1038, "sentiment": [{"positive_prob": 0.129736, "confidence": 0.711699, "negative_prob": 0.870264, "sentiment": 0}]}, {"text": "我看好多人想让我拆华为M6（10寸的还是8寸的）……这玩意那么火么……华为对笔记本的理解很超前，怎么对平板的理解像是停留在上世纪，这边框是打算停靠055大驱么～​", "author": "楼斌XYZONE", "time": "楼斌XYZONE07月13日18:09", "transmit": 9, "comment": 475, "zan": 1134, "sentiment": [{"positive_prob": 0.518071, "confidence": 0.638577, "negative_prob": 0.481929, "sentiment": 1}]}, {"text": "“要有真本事。”华为高级副总裁、董事陈黎芳表示：可能的确会有一些人，不光会给华为、也会给所有能贴上爱国标签的企业都打上这个标签。比如，爱国就要买华为手机，爱国就要买格力空调，反正只要是国产的都可以。但华为自己不能糊涂。如果我们不把产品、技术和服务做好，想通过贴一个爱国标签就实现长治久安，这是不可能的。我们不用特别在意别人给我们贴什么标签，关键还是要把自己的产品搞好，要有真本事。评：这是一段非常清醒和睿智的发言。不过，这些标签真的都是因为自媒体吗？", "author": "洛杉矶房东", "time": "洛杉矶房东07月13日12:37", "transmit": 45, "comment": 153, "zan": 722, "sentiment": [{"positive_prob": 0.166172, "confidence": 0.630729, "negative_prob": 0.833828, "sentiment": 0}]}]