[{"text": "【我国首次成功实现5G网络VR实时制作传输测试】今天，中央广播电视总台联合中国联通、华为公司在吉林长春启动5G网络VR实时制作传输测试，为春晚长春分会场5G直播应用提供技术验证与准备。接下来，#央视春晚#预热节目将实现VR全景互动，总台还将制作一批春晚VR短视频在新媒体平台投放。快来了解！O我国首次成功实现5G网络VR实时制作传输测试", "author": "央视新闻", "time": "央视新闻01月28日17:36 来自微博weibo.com", "transmit": 502, "comment": 386, "zan": 2585, "sentiment": [{"positive_prob": 0.976266, "confidence": 0.947259, "negative_prob": 0.0237336, "sentiment": 2}]}, {"text": "【美媒：美国恐惧华为的另一个原因“物美价廉”】美媒分析了华为产品在美国影响迅速扩大的重要原因：设备可靠，成本便宜，且很难在市场上找到相应性价比的替代品。“当人们发现华为实际上是5G的唯一供应商时，他们意识到必须做点什么。”前兰德公司中国问题专家詹姆斯·马尔文农一针见血地指出美国的担忧。O美媒：美国恐惧华为的另一个原因“物美价廉”", "author": "新浪财经", "time": "新浪财经01月28日09:46 来自微博weibo.com", "transmit": 325, "comment": 197, "zan": 1783, "sentiment": [{"positive_prob": 0.963682, "confidence": 0.919294, "negative_prob": 0.0363177, "sentiment": 2}]}, {"text": "除了华为，中车集团在美国也遇到了政治性打压。中车集团是全世界技术最先进实力最雄厚的列车制造商，因为技术先进、车厢美观舒适、工期短售后好等压倒性的优势，屡次在美国中标。这些年，中车在波士顿、芝加哥、洛杉矶、费城等地频频抢单，只要有中车出现，其他家就没戏了。这跟华为中兴当年路子一个样。下一个地铁车厢标案就是华盛顿，这触动了美国的政治紧张，有40名国会议员提出了对中车的忧虑，理由跟抵制华为的理由一样，那就是情报安全隐患如果说，华为做的通讯系统有安全隐患还可以理解的话，那列车车厢怎么会有情报隐患？这实在是找不到更好的理由了中车在欧洲也非常强势，德国西门子和法国阿尔斯通分别占据全球12%和11%的份额，任何一家都无法与占全球份额50%的中车抗衡，本来在欧洲竞争的这一对冤家，现在居然要合并了😅欧盟开始不同意，说你俩家合并了，这不是要垄断欧洲市场吗？这两家回答：“醒醒吧，我们两家合并的目的不是为了垄断，而是为了遏制中车的垄断，如果不批准我们合并，将是欧洲经济政治上的巨大错误”不止是华为，还有不少中国领先世界的行业正在和即将遭到美国的抵制，这恐怕会成为常态。这事你怎么看？", "author": "奥卡姆剃刀", "time": "奥卡姆剃刀01月28日10:39 来自HUAWEIMate20Pro", "transmit": 573, "comment": 756, "zan": 446, "sentiment": [{"positive_prob": 0.0277013, "confidence": 0.938442, "negative_prob": 0.972299, "sentiment": 0}]}, {"text": "就在今天！#华为视频#上线“芒果专区”啦！撒花~！#歌手#、#我家那闺女#...等热综大剧全来咯！@华为终端云服务@华为终端公司用户都能在终端看到各位小伙伴可以全方位、多角度、各种姿势的追起来啦！快说说你最想在华为视频芒果专区看到什么？告诉果妈，说不定明天就安排哦~", "author": "芒果TV", "time": "芒果TV01月28日11:00 来自微博weibo.com", "transmit": 48, "comment": 76, "zan": 217, "sentiment": [{"positive_prob": 0.982344, "confidence": 0.960765, "negative_prob": 0.0176559, "sentiment": 2}]}, {"text": "#胡侃#“美中之间正在展开一场新的军备竞赛，其核心不是传统武器，而是谁将主宰对5G网络的控制。”你一定想不到，这些“深刻的疯话”出自美国匿名官员之口，刊登在《纽约时报》上。难怪美国疯狂打压中兴华为，原来他们这样做是在搞“军备竞赛”。L胡锡进的微博视频​", "author": "胡锡进", "time": "胡锡进01月28日21:13 来自微博weibo.com", "transmit": 323, "comment": 655, "zan": 574, "sentiment": [{"positive_prob": 0.940243, "confidence": 0.867206, "negative_prob": 0.0597572, "sentiment": 2}]}, {"text": "【我国首次成功实现5G网络VR实时制作传输测试】今天，中央广播电视总台联合中国联通、华为公司在吉林长春启动5G网络VR实时制作传输测试，为春晚长春分会场5G直播应用提供技术验证与准备。接下来，央视春晚预热节目将实现VR全景互动，总台还将制作一批春晚VR短视频在新媒体平台投放。快来了解！（来源：中央广播电视总台央视新闻）O网页链接", "author": "央视财经", "time": "央视财经01月28日18:53 来自微博weibo.com", "transmit": 33, "comment": 14, "zan": 135, "sentiment": [{"positive_prob": 0.959977, "confidence": 0.911061, "negative_prob": 0.0400226, "sentiment": 2}]}, {"text": "【华为澄清：公司副总裁未发表过中美技术差距相关文章】针对网络上传播的《华为副总裁：我们与美国技术还差两万五千里》一文，华为澄清称，未发表过以上表述，特此澄清。O华为澄清：公司副总裁未发表过中美技术差距相关文章​", "author": "环球时报", "time": "环球时报01月28日07:50 来自微博weibo.com", "transmit": 72, "comment": 192, "zan": 429, "sentiment": [{"positive_prob": 0.0323237, "confidence": 0.92817, "negative_prob": 0.967676, "sentiment": 0}]}, {"text": "网易手机评选2018十大年度手机最具人气手机：iPhoneXSMax最具影响力手机：华为Mate20Pro最佳商务手机：三星GalaxyNote9最创新手机：OPPOFindX最具设计手机：vivoNEX最佳拍照手机：小米MIX3最佳操控手机：一加6T最受关注手机：魅族16th最佳游戏手机：努比亚红魔Mars最佳千元机手机：联想Z5s", "author": "微博数码", "time": "微博数码01月28日19:33 来自微博weibo.com", "transmit": 48, "comment": 108, "zan": 211, "sentiment": [{"positive_prob": 0.973324, "confidence": 0.940721, "negative_prob": 0.0266757, "sentiment": 2}]}, {"text": "请问是直接羡慕华为手机和荣耀手机的朋友吗，#华为视频#今天上线了“芒果专区”，能直接看#歌手#、#声临其境2#等芒果的热门综艺和电视剧，新用户首月购芒果专区会员才3元！大过年的有点棒！来说说你最爱的综艺吧，说不定明天也会被安排了~​", "author": "圈内大神", "time": "圈内大神01月28日19:00 来自微博weibo.com", "transmit": 635, "comment": 217, "zan": 829, "sentiment": [{"positive_prob": 0.991135, "confidence": 0.980299, "negative_prob": 0.00886535, "sentiment": 2}]}, {"text": "春节临近，火车里拥挤的过道、空气里的泡面味道、看着综艺哈哈大笑都是关于春节回家的印记……#华为视频#上线“芒果专区”，使用华为、荣耀的朋友打开华为视频APP就可以看芒果的大剧热综，新用户首月购芒果专区会员才3元，快说说你最想看什么，今年的归家路就让他与你相伴吧~​", "author": "思想聚焦", "time": "思想聚焦01月28日19:40 来自微博weibo.com", "transmit": 147, "comment": 24, "zan": 374, "sentiment": [{"positive_prob": 0.72776, "confidence": 0.395023, "negative_prob": 0.27224, "sentiment": 2}]}, {"text": "猪年快乐用#华为nova4#超广角，装下全家人的福气L华为终端官方微博的秒拍视频​", "author": "华为终端官方微博", "time": "华为终端官方微博01月28日10:01 来自秒拍网页版", "transmit": 278, "comment": 337, "zan": 4412, "sentiment": [{"positive_prob": 0.884259, "confidence": 0.742797, "negative_prob": 0.115741, "sentiment": 2}]}, {"text": "【我国首次成功实现5G网络VR实时制作传输测试】今天，中央广播电视总台联合中国联通、华为公司在吉林长春启动5G网络VR实时制作传输测试，为春晚长春分会场5G直播应用提供技术验证与准备。接下来，#央视春晚#预热节目将实现VR全景互动，总台还将制作一批春晚VR短视频在新媒体平台投放。快来了解！O我国首次成功实现5G网络VR实时制作传输测试", "author": "中国日报", "time": "中国日报01月28日21:14 来自微博weibo.com", "transmit": 43, "comment": 17, "zan": 179, "sentiment": [{"positive_prob": 0.976266, "confidence": 0.947259, "negative_prob": 0.0237336, "sentiment": 2}]}, {"text": "【冬季达沃斯大佬金句集锦：谁get到你】一年一度的冬季达沃斯论坛依旧是大佬云集、金句频出！这里有马云高调扎心灌鸡汤、携程CEO孙洁畅谈数据隐私、比尔盖茨曝出了自己的最佳投资、华为轮值董事长胡厚崑重磅预告5G手机......哪位才是金句最佳得主呢？L梨视频的微博视频​", "author": "梨视频", "time": "梨视频01月28日18:30 来自微博weibo.com", "transmit": 354, "comment": 228, "zan": 538, "sentiment": [{"positive_prob": 0.89724, "confidence": 0.771643, "negative_prob": 0.10276, "sentiment": 2}]}, {"text": "【美媒：美国恐惧华为的另一个原因“物美价廉”】美国彭博新闻社1月24日发布题为《美国恐惧华为的另一个原因：物美价廉》的报道，文章分析了华为产品在美国影响迅速扩大的重要原因：设备可靠，成本便宜，且很难在市场上找到相应性价比的替代品。“当人们发现华为实际上是5G的唯一供应商时，他们意识到必须做点什么。”（参考消息）", "author": "中国商界网", "time": "中国商界网01月28日10:45 来自iPhone客户端", "transmit": 129, "comment": 650, "zan": 825, "sentiment": [{"positive_prob": 0.855351, "confidence": 0.678558, "negative_prob": 0.144649, "sentiment": 2}]}, {"text": "漫漫返乡路，总要有点陪伴才好，今天#华为视频#正式上线“芒果专区”，打开华为视频APP可直接观看#歌手#、#我家那闺女#等海量芒果综艺啦，新用户首月购芒果专区会员才3元，3元噢！快来说说你最爱的综艺，保不齐明天也会被安排了！​", "author": "素七说", "time": "素七说01月28日19:00 来自微博weibo.com", "transmit": 148, "comment": 172, "zan": 207, "sentiment": [{"positive_prob": 0.987917, "confidence": 0.97315, "negative_prob": 0.0120825, "sentiment": 2}]}, {"text": "小时候基本是看芒果的综艺度过的，快本、天天向上...，长大了也总是格外关注，为梅溪湖36子打call，为#声临其境2#的神仙爸爸们叫好，如今华为视频上线“芒果专区”，打开他就能直接看#歌手#、#奈何boss要娶我#......，新用户首月购芒果专区会员才3元！幸福来的有点突然！​", "author": "饭圈少女", "time": "饭圈少女01月28日19:00 来自微博weibo.com", "transmit": 253, "comment": 278, "zan": 318, "sentiment": [{"positive_prob": 0.972746, "confidence": 0.939436, "negative_prob": 0.0272535, "sentiment": 2}]}, {"text": "【清北复交2018届毕业生去哪儿：华为腾讯最受青睐，这些金融机构也是学霸聚集地】近日，国内“双一流”高校陆续发布2018届毕业生就业质量报告，披露2018届毕业生的就业率及去向。从中国4所最具代表性的“双一流”高校，即清华大学、北京大学、上海交通大学和复旦大学的毕业生就业数据来看，华为成为学霸就业聚集地，共从四校招聘582人；其次是腾讯科技有限公司，其中腾讯最青睐清华大学的毕业生。O清北复交2018届毕业生去哪儿：华为腾讯最受青睐，这些金融机构也是学霸聚集地", "author": "每日经济新闻", "time": "每日经济新闻01月28日17:46 来自搜狗高速浏览器", "transmit": 26, "comment": 8, "zan": 111, "sentiment": [{"positive_prob": 0.962276, "confidence": 0.916168, "negative_prob": 0.0377245, "sentiment": 2}]}, {"text": "【华为辟谣！】针对网络上流传的所谓《华为副总裁：我们与美国技术还差两万五千里》一文，华为官方于27日发表声明称，未发表过以上表述，特此澄清。这篇文章的源头来自陈黎芳2018年4月20日与新员工座谈时的内容节选（该文章刊登于华为心声社区）。然而在相关内容的传播过程中，部分自媒体不断向稿件中添加自己的“私货”，最终制造出无数篇面目全非的文章。O关注|华为辟谣！", "author": "中国青年报", "time": "中国青年报01月28日13:30 来自微博weibo.com", "transmit": 30, "comment": 34, "zan": 83, "sentiment": [{"positive_prob": 0.0844687, "confidence": 0.812292, "negative_prob": 0.915531, "sentiment": 0}]}, {"text": "#联通5G助力春晚#【我国首次成功实现5G网络VR实时制作传输测试】今天下午，中央广播电视总台联合中国联通、华为公司在吉林长春启动5G网络VR实时制作传输测试。今年的春晚有5G和VR加入，将为观众带来耳目一新、身临其境的感受，使5G技术真正走进千家万户。​", "author": "中国联通", "time": "中国联通01月28日17:38", "transmit": 233, "comment": 91, "zan": 145, "sentiment": [{"positive_prob": 0.993373, "confidence": 0.985274, "negative_prob": 0.00662666, "sentiment": 2}]}, {"text": "【美媒披露美国害怕华为的另一个原因】彭博社：正是因为物美价廉，并且其领先的技术和优惠的价格在市场上很难找到替代，华为令美国政府担忧起来，并试图破坏这个“奇迹”。然而，在美国俄勒冈州东部的偏远地区，华为远非美国官员口中的来自中国的“大坏狼”，而是通往21世纪的生命线。O美媒披露美国害怕华为的另一个原因", "author": "参考消息", "time": "参考消息01月28日14:32 来自微博weibo.com", "transmit": 52, "comment": 27, "zan": 130, "sentiment": [{"positive_prob": 0.971801, "confidence": 0.937336, "negative_prob": 0.0281989, "sentiment": 2}]}, {"text": "【冬季达沃斯大佬金句集锦：谁get到你】#2019冬季达沃斯#一年一度的冬季达沃斯论坛依旧是大佬云集、金句频出！这里有马云高调扎心灌鸡汤、携程CEO孙洁畅谈数据隐私、比尔盖茨曝出了自己的最佳投资、华为轮值董事长胡厚崑重磅预告5G手机......哪位才是金句最佳得主呢？L老板联播的秒拍视频", "author": "老板联播", "time": "老板联播01月28日14:49 来自微博weibo.com", "transmit": 362, "comment": 7, "zan": 137, "sentiment": [{"positive_prob": 0.936018, "confidence": 0.857818, "negative_prob": 0.063982, "sentiment": 2}]}, {"text": "【美逼盟友在“5G军备竞赛”中对抗华为，耿爽巧妙回应】美国《纽约时报》26日题为‘美国逼盟友在与中国“新军备竞赛’中对抗华为”的报道中宣称，特朗普政府认为，5G是一场零和博弈，这场军备竞赛中只能有一个赢家。对此外交部发言人引用《纽约时报》的报道巧妙回应。耿爽说，“各国的眼睛都是雪亮的，我们敦促美方停止对包括华为在内的中国企业的无理打压，为中美企业相互投资，正常合作，提供公平、良好的环境，多做有利于中美互信与合作的事情。”O美逼盟友在“5G军备竞赛”中对抗华为，耿爽巧妙回应", "author": "环球网", "time": "环球网01月28日16:12 来自微博weibo.com", "transmit": 32, "comment": 47, "zan": 94, "sentiment": [{"positive_prob": 0.944666, "confidence": 0.877035, "negative_prob": 0.0553341, "sentiment": 2}]}, {"text": "【美媒：美国拉盟友全球围堵“华为”但所有指控至今均无依据】外媒称，越来越多国家面临着来自美国的压力，要求他们禁止华为建设5G网络。然而，由于缺乏确凿证据表明华为参与任何间谍活动，一些国家已经开始质疑美国这么做究竟是真的为了国家安全还是旨在阻止中国获得竞争优势。O美媒：美国拉盟友全球围堵“华为”但所有指控至今均无依据​", "author": "参考消息", "time": "参考消息01月28日17:18 来自微博weibo.com", "transmit": 29, "comment": 28, "zan": 87, "sentiment": [{"positive_prob": 0.83357, "confidence": 0.630155, "negative_prob": 0.16643, "sentiment": 2}]}, {"text": "华为手机运动黑科技来袭！开启华为运动健康自由室内跑模式，实时感知跑步机震动，无需贴身佩戴跑步配件，亦可轻松计步！#华为Mate20#L华为手机官方的秒拍视频​", "author": "华为手机", "time": "华为手机01月28日14:15 来自HUAWEIMate20Pro", "transmit": 19, "comment": 61, "zan": 246, "sentiment": [{"positive_prob": 0.958581, "confidence": 0.907957, "negative_prob": 0.0414194, "sentiment": 2}]}, {"text": "近日，91岁高龄的香港首富李嘉诚助力华为5G挺进英国市场。在英国起初排挤华为的情况下，李嘉诚轻轻一出手，便帮任正非解决了国际5G布局一大难题——此举也让华为5G在全球攻城略地的进程中，打下了重要的里程碑。如今，英国最大的运营商之一O2已经与华为合作布局5G网络建设，部分基站已经在伦敦落成。如此可见，没有李嘉诚的助力，华为5G在英国布局的进程将会艰难冲冲。由此可见，李嘉诚对于5G未来以及华为的实力是...O网页链接", "author": "血色军刀999", "time": "血色军刀99901月28日11:20 来自荣耀10AI变色更潮美", "transmit": 127, "comment": 80, "zan": 198, "sentiment": [{"positive_prob": 0.941022, "confidence": 0.868938, "negative_prob": 0.0589781, "sentiment": 2}]}, {"text": "美国政府政治干预市场，美国政府政治打压企业，美国政府政治迫害企业家，这已经颠覆了美国标榜的自由竞争的基本价值观。输打赢要，近乎地痞，美国人真的开始堕落了！『美逼盟友在5G军备竞赛中对抗华为耿爽巧妙回应_手机新浪网』O美逼盟友5G“军备竞赛”中对抗华为耿爽巧妙回应​", "author": "卢麒元", "time": "卢麒元01月28日22:19 来自iPhone6sPlus(玫瑰金)", "transmit": 334, "comment": 131, "zan": 296, "sentiment": [{"positive_prob": 0.822864, "confidence": 0.606364, "negative_prob": 0.177136, "sentiment": 2}]}, {"text": "漫漫返乡路，总要有点陪伴才好，#声临其境2#、#歌手#等一系列的芒果综艺就是个不错的选择，今天#华为视频#上线了“芒果专区”噢，新用户首月购芒果专区会员才3元，用它看芒果综艺让你的归家旅途总有快乐相伴，快来说说你最爱的综艺，说不定明天也会被安排了！​", "author": "啵叽一口小甜饼", "time": "啵叽一口小甜饼01月28日19:00 来自微博weibo.com", "transmit": 397, "comment": 495, "zan": 613, "sentiment": [{"positive_prob": 0.98533, "confidence": 0.9674, "negative_prob": 0.0146699, "sentiment": 2}]}, {"text": "要说最近还不错的网剧，绝对可以提名#奈何boss要娶我#和《天衣无缝》，今天#华为视频#上线了“芒果专区”，以后这些热剧综艺，使用华为、荣耀手机的朋友都能直接看啦新用户首月购芒果专区会员才3元噢！来说说你最爱的综艺吧，保不齐明天也会被安排了~​", "author": "娱乐扒掌柜", "time": "娱乐扒掌柜01月28日19:00 来自微博weibo.com", "transmit": 1298, "comment": 1060, "zan": 1552, "sentiment": [{"positive_prob": 0.991202, "confidence": 0.98045, "negative_prob": 0.00879765, "sentiment": 2}]}, {"text": "【2018年中国手机市场经历负增长：华为有望挑战三星全球销冠地位，苹果表现最差】市场调研机构Canalys数据显示，2018年中国智能手机市场出货量跌破4亿大关。根据Canalys最新公布的中国智能手机市场2018全年出货数据，2018年中国智能手机出货量同比大跌14%至3.96亿台，这也是中国智能手机市场持续第二年出现负增长，总体规模已经回到了2014年之前的水平。O2018年中国手机市场经历负增长，苹果表现最差", "author": "第一财经日报", "time": "第一财经日报01月28日23:33 来自微博weibo.com", "transmit": 25, "comment": 17, "zan": 51, "sentiment": [{"positive_prob": 0.0533366, "confidence": 0.881474, "negative_prob": 0.946663, "sentiment": 0}]}, {"text": "最近迷上了芒果的综艺，一边还在对《声入人心》念念不忘，一边又操心着#我家那闺女#里大家的终身大事，还要抽空看#歌手#的神仙打架，#华为视频#今天上线了“芒果专区”，海量芒果热综直接就能看，新用户首月购芒果专区会员才3元！来说说你最爱的综艺，保不齐明天也会被安排了！​", "author": "骆驼娱乐", "time": "骆驼娱乐01月28日19:00 来自微博weibo.com", "transmit": 1082, "comment": 1169, "zan": 1379, "sentiment": [{"positive_prob": 0.993298, "confidence": 0.985106, "negative_prob": 0.00670221, "sentiment": 2}]}]