[{"text": "【#华为在美提起诉讼#：禁令是“用立法代替审判”的暴政】据华为公司最新消息，华为已提起诉讼并将于周二提出简易判决动议。华为公司发布了华为技术有限公司首席法务官宋柳平27日的相关声明，声明表示：华为已提起诉讼并将于周二提出简易判决动议，要求法院宣布该法案违宪。该禁令是典型的剥夺公权法案，违反了正当程序。该法案直接判定华为有罪，对华为施加了大量限制措施，其目的显而易见，就是将华为赶出美国市场。这是“用立法代替审判”的暴政，是美国宪法明确禁止的。（央视新闻客户端）O华为在美提起诉讼：禁令是“用立法代替审判”的暴政", "author": "中国新闻网", "time": "中国新闻网05月29日08:21", "transmit": 4418, "comment": 9060, "zan": 38097, "sentiment": [{"positive_prob": 0.74362, "confidence": 0.430268, "negative_prob": 0.25638, "sentiment": 2}]}, {"text": "【#华为手机全球份额反超苹果#你怎么看】今天，#华为在美提起诉讼#、#SD协会恢复华为成员资格#等先后登上热搜，而一季度华为手机全球份额超过苹果这个新闻则从市场层面反映了几大手机品牌的竞争格局和华为的努力。对此，你想对华为手机说点什么呢？选项之外的欢迎留言！#华为手机全球份额反超苹果#，你怎么看？", "author": "每日经济新闻", "time": "每日经济新闻05月29日15:37 来自搜狗高速浏览器", "transmit": 226, "comment": 291, "zan": 43830, "sentiment": [{"positive_prob": 0.947549, "confidence": 0.883443, "negative_prob": 0.0524505, "sentiment": 2}]}, {"text": "#多个行业组织恢复华为成员资格#【WiFi联盟、蓝牙联盟、JEDEC协会已恢复华为成员资格】继SD存储卡协会（SDA）之后，更多行业组织开始恢复华为会员资格。5月29日，记者发现，Wi-Fi联盟、蓝牙技术联盟和JEDEC协会（固态技术协会）等行业组织，均已恢复华为的成员资格。当天，澎湃新闻记者在Wi-Fi联盟官网看到，华为公司出现了该联盟成员名单之列。OWiFi联盟、蓝牙联盟、JEDEC协会已恢复华为成员资格", "author": "澎湃新闻", "time": "澎湃新闻05月29日21:42 来自微博weibo.com", "transmit": 5098, "comment": 3620, "zan": 9289, "sentiment": [{"positive_prob": 0.96097, "confidence": 0.913266, "negative_prob": 0.0390303, "sentiment": 2}]}, {"text": "【#多个组织恢复华为成员资格#：包括WiFi联盟、蓝牙联盟、JEDEC协会】继SD存储卡协会（SDA）之后，更多行业组织开始恢复华为会员资格。5月29日，记者发现，Wi-Fi联盟、蓝牙技术联盟和JEDEC协会（固态技术协会）等行业组织，均已恢复华为的成员资格。（澎湃新闻）​", "author": "头条新闻", "time": "头条新闻05月29日21:57 来自微博weibo.com", "transmit": 2160, "comment": 1837, "zan": 8087, "sentiment": [{"positive_prob": 0.947402, "confidence": 0.883116, "negative_prob": 0.0525977, "sentiment": 2}]}, {"text": "#华为手机全球份额反超苹果#【一季度iPhone全球智能手机市场份额下降被华为反超】据Gartner最新对比数据，美国和中国的智能手机销量分别下降15.8％和3.2％。3月当季，iPhone全球智能手机市场份额降至11.9%，华为智能手机市场份额上升至15.7%，反超苹果，位居第二。O一季度iPhone全球智能手机市场份额下降被华为反超​", "author": "新浪科技", "time": "新浪科技05月29日10:18 来自微博weibo.com", "transmit": 1685, "comment": 1492, "zan": 22684, "sentiment": [{"positive_prob": 0.96524, "confidence": 0.922756, "negative_prob": 0.0347597, "sentiment": 2}]}, {"text": "【#北大教授退出IEEE编委#，回应称：损伤了所有学术人的基本底线】5月29日，IEEE通过邮件宣布华为员工将被禁止作为旗下期刊杂志的编辑和审稿人。北京大学教授、IEEE编委张海霞发声明申请退出编委会，她回应：IEEE的决定损伤了所有科学家、学术人的基本底线。L老板联播的秒拍视频​", "author": "头条新闻", "time": "头条新闻05月29日22:19 来自微博weibo.com", "transmit": 1052, "comment": 766, "zan": 5592, "sentiment": [{"positive_prob": 0.750486, "confidence": 0.445525, "negative_prob": 0.249514, "sentiment": 2}]}, {"text": "#多个组织恢复华为成员资格#【WiFi联盟、蓝牙联盟、JEDEC协会已恢复华为成员资格】继SD存储卡协会（SDA）之后，更多行业组织开始恢复华为会员资格。5月29日，记者发现，Wi-Fi联盟、蓝牙技术联盟和JEDEC协会（固态技术协会）等行业组织，均已恢复华为的成员资格。（澎湃新闻）OWiFi联盟、蓝牙联盟、JEDEC协会已恢复华为成员资格​", "author": "新浪财经", "time": "新浪财经05月29日21:50 来自微博weibo.com", "transmit": 1323, "comment": 530, "zan": 10182, "sentiment": [{"positive_prob": 0.955968, "confidence": 0.902151, "negative_prob": 0.0440319, "sentiment": 2}]}, {"text": "#北大教授申请退出IEEE编委会#【北大教授张海霞致IEEE主席公开信：申请退出编委会】北大教授张海霞致IEEE主席公开信：今日惊闻IEEE下令禁止华为专家参与期刊审稿，这远远超出了一个可以接受学术人的底线，做为IEEE的会员和期刊编委，我必须表明自己的态度：我申请退出我所在的两个IEEE期刊的编委会，并给IEEE候任主席写了一封公开信。这是我个人态度，与任何其他组织和个人无关。此前，全球最大学术组织对华为禁令曝光，邮件中禁止华为员工作为旗下期刊杂志的编辑和审稿人。#IEEE下令清理华为系审稿人#", "author": "钛媒体APP", "time": "钛媒体APP05月29日19:04 来自微博weibo.com", "transmit": 1815, "comment": 455, "zan": 10483, "sentiment": [{"positive_prob": 0.927167, "confidence": 0.838149, "negative_prob": 0.072833, "sentiment": 2}]}, {"text": "【#SD协会恢复华为成员资格#】5月29日，@澎湃新闻记者从SD存储卡标准的“SD协会”（SDA）的官网看到，该协会的成员名单中重新出现了“华为公司”的名字。这也意味着SD协会恢复了华为的成员资格。SD协会成立于2000年，松下电器、闪迪和东芝三家企业在2000年1月成立了SD协会。OSD存储卡协会：恢复华为成员资格​", "author": "新浪财经", "time": "新浪财经05月29日13:07 来自微博weibo.com", "transmit": 435, "comment": 385, "zan": 3427, "sentiment": [{"positive_prob": 0.960801, "confidence": 0.912892, "negative_prob": 0.0391988, "sentiment": 2}]}, {"text": "【华为在美提起简易判决动议：禁令是“用立法代替审判”的暴政】今年3月7日，华为宣布针对美国《2019财年国防授权法》第889条的合宪性向美国联邦法院提起诉讼，请求法院判定这一针对华为的销售限制条款违宪，并判令永久禁止该限制条款的实施。据华为公司最新消息，华为公司发布了华为技术有限公司首席法务官宋柳平27日的相关声明：华为已提起诉讼并将于周二提出简易判决动议，要求法院宣布该法案违宪。该禁令是典型的剥夺公权法案，违反了正当程序。该法案直接判定华为有罪，对华为施加了大量限制措施，其目的显而易见，就是将华为赶出美国市场。这是“用立法代替审判”的暴政，是美国宪法明确禁止的。希望美国法院能和处理以前的剥夺公权条款和违反正当程序案件一样，宣布华为禁令违宪并禁止执行。（央视新闻客户端）", "author": "央视新闻", "time": "央视新闻05月29日08:50 来自微博weibo.com", "transmit": 949, "comment": 712, "zan": 4286, "sentiment": [{"positive_prob": 0.188254, "confidence": 0.581657, "negative_prob": 0.811746, "sentiment": 0}]}, {"text": "【#北大教授退出IEEE编委#：禁令超出所有人的底线！】5月29日，IEEE（国际电气与电子工程师协会）发内部邮件下令禁止华为专家参与期刊审稿，北大教授张海霞怒发公开信，请辞IEEE编委一职。她表示，这个声明超出科学家、学术人的基本底线。“为什么要去做学术、为什么要参加学术组织？就是因为相信我们是为科学工作，公开、公正、公平是最基本的原则，而这个声明让我们感觉到我们受到严重的挑战。不管是谁，如果他符合去审稿的标准，我都可以邀请他，哪怕这是我的对手，哪怕他是我的敌人，但是绝对不可以，因为他来自哪里，我就我就把他排除在外，这是一个基本的学术原则”。@梨视频文化L梨视频文化的秒拍视频", "author": "新浪视频", "time": "新浪视频05月29日21:13 来自微博weibo.com", "transmit": 795, "comment": 364, "zan": 3716, "sentiment": [{"positive_prob": 0.91468, "confidence": 0.8104, "negative_prob": 0.0853199, "sentiment": 2}]}, {"text": "【#任正非办公室首次曝光#：搪瓷缸和这本书亮了！其他大佬办公室都有啥】5月27日，彭博社记者发了两张任正非办公室的照片，办公桌上堆满了公司文件、报纸和名片，此外还有一本翻译版的《美国陷阱》和一个搪瓷缸亮了！这两样东西藏着华为的硬核精神。再来看看其他大佬们的办公室长啥样？L老板联播的秒拍视频", "author": "头条新闻", "time": "头条新闻05月29日07:30 来自微博weibo.com", "transmit": 593, "comment": 437, "zan": 1135, "sentiment": [{"positive_prob": 0.966787, "confidence": 0.926194, "negative_prob": 0.0332125, "sentiment": 2}]}, {"text": "【#华为手机全球份额反超苹果#：iPhone市场份额下降被华为反超！】5月28日，第三方机构Gartner报告显示，一季度全球手机销量下滑，但华为销量逆势上涨至5800万台，保持全球第二，缩小与三星差距。而苹果销量从5410万跌至4460万台，与去年同期相比，被华为超过。@老板联播L老板联播的秒拍视频​", "author": "新浪财经", "time": "新浪财经05月29日13:03 来自微博weibo.com", "transmit": 229, "comment": 810, "zan": 2218, "sentiment": [{"positive_prob": 0.703541, "confidence": 0.341201, "negative_prob": 0.296459, "sentiment": 2}]}, {"text": "【#IEEE下令清理华为系审稿人#，全球最大学术组织禁令邮件曝光】5月29日消息，IEEE被曝对华为说不。IEEE（InstituteofElectricalandElectronicsEngineers，国际电气与电子工程师协会），当今世界电子、电气、计算机、通信、自动化工程技术研究领域最著名、规模最大的非营利性跨国学术组织。其最新曝光的相关邮件要求，禁止华为员工作为旗下期刊杂志的编辑和审稿人。接下来，华为相关的投稿、文章、会议赞助，以及分支协会职务，可能都会受到关联影响。邮件中称，由于美国商务部将华为列入黑名单，IEEE做出如下声明：“根据IEEEFAQ文档第12项，我们不能使用华为员工作为期刊的同行评审过程的审稿人或编辑。如果我们继续这样做，可能会产生严重的法律影响。我们可以让华为员工留在编辑委员会，只是不能处理任何文件，直到该公司从商务部黑名单中删除。我们别无选择，只能遵守这些新规定，强烈建议您执行以下程序：如果您的编辑委员会中有华为的编辑，请首先通知他们，并向他们解释情况。一旦您通知了这些编辑，请向所有编辑发送电子邮件，并告知他们不能再使用华为员工作为审稿人。如果目前有论文被分配给华为员工，请建议他们寻找替代者。请编辑向华为审核人员解释情况。”需要说明的是，华为一直是IEEE的重要支持力量。除了员工担任学术职务，作为技术巨头公司，华为与IEEE也有不少合作。这次IEEE发邮件，对华为说No，对于双方之间的合作，也必然会造成影响。此次突发事件，让不少微博网友的三观崩塌。说好的“科学无国界”呢？（量子位）", "author": "中国企业家杂志", "time": "中国企业家杂志05月29日13:03 来自专业版微博", "transmit": 3568, "comment": 1062, "zan": 4160, "sentiment": [{"positive_prob": 0.0567066, "confidence": 0.873985, "negative_prob": 0.943293, "sentiment": 0}]}, {"text": "【美联邦快递公司将华为包裹转寄美国中国外交部：公众希望给出合理解释】今天，外交部发言人陆慷表示，华为和公众希望FedEx给个合理的解释，也在情理之中。我不知道，把货物转运错地方，对FedEx公司来说是不是经常发生。如果是经常发生，对FedEx这样的大公司确实不应该；如果不是经常发生，就更需要FedEx解释清楚为何最近一而再、再而三发生在华为身上了。L央视新闻的秒拍视频（央视记者朱若梦）", "author": "央视新闻", "time": "央视新闻05月29日17:11 来自微博weibo.com", "transmit": 1177, "comment": 1311, "zan": 4348, "sentiment": [{"positive_prob": 0.745405, "confidence": 0.434233, "negative_prob": 0.254595, "sentiment": 2}]}, {"text": "【美国《纽约时报》：禁了华为，美国农村要断网了！】凯文·尼尔森在美国蒙大拿州经营着占地约15平方公里的农场。拖拉机出故障了，他用手机拍下照片，想把照片发给100公里外的修理厂，但失败了。5月，美国政府发布行政命令，禁止从“构成国家安全威胁”的公司购买设备，这导致尼尔森农场附近的无线网络升级计划戛然而止。禁令中的公司包括中国电信巨头华为，而华为是美国农村无线网络的主要设备供应商。@青年参考O美国《纽约时报》：禁了华为，美国农村要断网了！", "author": "中国青年报", "time": "中国青年报05月29日08:00 来自微博weibo.com", "transmit": 614, "comment": 1346, "zan": 3570, "sentiment": [{"positive_prob": 0.704844, "confidence": 0.344099, "negative_prob": 0.295156, "sentiment": 2}]}, {"text": "#胡侃#中国发出动用稀土武器反击美国的信号。原因是美国制裁华为等中国企业，把它们“往关门打”，这已经不是贸易战。华盛顿展示的是摧毁中国高科技能力的野心。中美冲突进入把打击、削弱对方置于保护自身利益之上的新阶段，不以很多人“适可而止”的善良愿望为转移。L胡锡进的微博视频​", "author": "胡锡进", "time": "胡锡进05月29日22:11 来自微博视频", "transmit": 928, "comment": 1776, "zan": 2912, "sentiment": [{"positive_prob": 0.317904, "confidence": 0.293548, "negative_prob": 0.682096, "sentiment": 0}]}, {"text": "#华为称包裹被联邦快递转移美国#【独家丨多位法学专家：联邦快递有义务配合中国主管部门调查】近期，美国联邦快递在未说明的情况下，将华为的包裹转移到美国。28日，联邦快递表示，“对失误转运表示抱歉”。如果是失误，快递公司需承担哪些责任？华为可以怎样维护自己的合法权利？我国邮政监管部门会怎样处理？详情↓O独家丨多位法学专家：联邦快递有义务配合中国主管部门调查", "author": "央视新闻", "time": "央视新闻05月29日11:36 来自微博weibo.com", "transmit": 668, "comment": 1034, "zan": 1965, "sentiment": [{"positive_prob": 0.187685, "confidence": 0.582923, "negative_prob": 0.812315, "sentiment": 0}]}, {"text": "【全球最大的学术组织#IEEE禁止华为系审稿人#北大教授公开抗议】5月29消息，媒体报道IEEE通过邮件宣布华为员工将被禁止作为旗下期刊杂志的编辑和审稿人。IEEENTC北京分会主席、北京大学教授张海霞在接受记者采访时确认她的多个朋友收到了IEEE发的邮件。同时张海霞教授发表公开声明，表示“这远远超出了一个可以接受学术人的底线，做为IEEE的会员和期刊编委，我必须表明自己的态度：我申请退出我所在的两个IEEE期刊的编委会，并给IEEE候任主席写了一封公开信。这是我个人的态度，与任何其他组织和个人无关，特此声明。”（@中国日报）#北大教授退出IEEE编委##IEEE下令清理华为系审稿人##北大教授回应退出IEEE编委#", "author": "环球网", "time": "环球网05月29日20:23 来自微博weibo.com", "transmit": 584, "comment": 368, "zan": 2485, "sentiment": [{"positive_prob": 0.956062, "confidence": 0.902361, "negative_prob": 0.0439375, "sentiment": 2}]}, {"text": "【#华为在美提起诉讼#：禁令是“用立法代替审判”的暴政】据华为公司最新消息，华为已提起诉讼并将于周二提出简易判决动议。华为公司发布了华为技术有限公司首席法务官宋柳平27日的相关声明，声明如下:华为已提起诉讼并将于周二提出简易判决动议，要求法院宣布该法案违宪。该禁令是典型的剥夺公权法案，违反了正当程序。该法案直接判定华为有罪，对华为施加了大量限制措施，其目的显而易见，就是将华为赶出美国市场。这是“用立法代替审判”的暴政，是美国宪法明确禁止的。央视新闻客户端O华为在美提起诉讼：禁令是“用立法代替审判”的暴政", "author": "澎湃新闻", "time": "澎湃新闻05月29日08:40 来自360安全浏览器", "transmit": 218, "comment": 435, "zan": 1751, "sentiment": [{"positive_prob": 0.748703, "confidence": 0.441562, "negative_prob": 0.251297, "sentiment": 2}]}, {"text": "【美联邦快递公司将华为包裹转寄美国外交部：公众希望给出合理解释】今天，外交部发言人陆慷表示，华为和公众希望FedEx给个合理的解释，也在情理之中。我不知道，把货物转运错地方，对FedEx公司来说是不是经常发生。如果是经常发生，对FedEx这样的大公司确实不应该；如果不是经常发生，就更需要FedEx解释清楚为何最近一而再、再而三发生在华为身上了。L央视新闻的秒拍视频", "author": "共青团中央", "time": "共青团中央05月29日19:01 来自vivoX274800万三摄", "transmit": 414, "comment": 394, "zan": 1822, "sentiment": [{"positive_prob": 0.646528, "confidence": 0.214508, "negative_prob": 0.353472, "sentiment": 2}]}, {"text": "【#华为在美提起诉讼#：禁令是“用立法代替审判”的暴政】据华为公司最新消息，华为已提起诉讼并将于周二提出简易判决动议。华为公司发布了华为技术有限公司首席法务官宋柳平27日的相关声明，声明如下:华为已提起诉讼并将于周二提出简易判决动议，要求法院宣布该法案违宪。该禁令是典型的剥夺公权法案，违反了正当程序·该法案直接判定华为有罪，对华为施加了大量限制措施，其目的显而易见，就是将华为赶出美国市场。这是“用立法代替审判”的暴政，是美国宪法明确禁止的·希望美国法院能和处理以前的剥夺公权条款和违反正当程序案件一样，宣布华为禁令违宪并禁止执行。（央视新闻）", "author": "头条新闻", "time": "头条新闻05月29日08:26", "transmit": 181, "comment": 398, "zan": 993, "sentiment": [{"positive_prob": 0.640196, "confidence": 0.200435, "negative_prob": 0.359804, "sentiment": 2}]}, {"text": "【美联邦快递公司将华为包裹转寄美国中国外交部：公众希望给出合理解释】今天，外交部发言人陆慷表示，华为和公众希望FedEx给个合理的解释，也在情理之中。我不知道，把货物转运错地方，对FedEx公司来说是不是经常发生。如果是经常发生，对FedEx这样的大公司确实不应该；如果不是经常发生，就更需要FedEx解释清楚为何最近一而再、再而三发生在华为身上了。（央视）L央视新闻的秒拍视频", "author": "人民网", "time": "人民网05月29日17:19 来自搜狗高速浏览器", "transmit": 144, "comment": 209, "zan": 525, "sentiment": [{"positive_prob": 0.674678, "confidence": 0.277062, "negative_prob": 0.325322, "sentiment": 2}]}, {"text": "#IEEE下令清理华为系审稿人#【华为又被限了，这次是在学术界】5月29日，IEEE的一封邮件，把原本已承受巨大压力的华为再一次推上了风口浪尖。作为目前全球最大的非营利性专业技术学会，IEEE决定遵照美国禁令，在学术论文被IEEE接受前，禁止华为员工、以及华为赞助的个人担任审稿人和编辑。也就是说，“华为人”不能参与初审等前期工作，政治因素的压力已经传导到了学界，这也让学术界的同仁直呼荒谬。详情：O华为又被限了，这次是在学术界", "author": "21世纪经济报道", "time": "21世纪经济报道05月29日16:45 来自360安全浏览器", "transmit": 931, "comment": 2, "zan": 1439, "sentiment": [{"positive_prob": 0.928099, "confidence": 0.84022, "negative_prob": 0.071901, "sentiment": 2}]}, {"text": "【全球最大的学术组织#IEEE下令清理华为系审稿人#，#北大教授退出IEEE编委#抗议】5月29日，IEEE通过邮件宣布华为员工将被禁止作为旗下期刊杂志的编辑和审稿人。IEEENTC北京分会主席、北京大学教授张海霞在接受记者采访时确认她的多个朋友收到了IEEE发的邮件。同时张海霞教授发表公开声明，表示“这远远超出了一个可以接受学术人的底线，做为IEEE的会员和期刊编委，我必须表明自己的态度：我申请退出我所在的两个IEEE期刊的编委会，并给IEEE候任主席写了一封公开信。这是我个人的态度，与任何其他组织和个人无关，特此声明。”L梨视频文化的秒拍视频（梨视频）", "author": "中国新闻周刊", "time": "中国新闻周刊05月29日20:46", "transmit": 169, "comment": 86, "zan": 451, "sentiment": [{"positive_prob": 0.962316, "confidence": 0.916259, "negative_prob": 0.0376836, "sentiment": 2}]}, {"text": "【全球最大的学术组织#IEEE禁止华为系审稿人##北大教授退出IEEE编委#：禁令超出所有人的底线！】5月29消息，媒体报道IEEE通过邮件宣布华为员工将被禁止作为旗下期刊杂志的编辑和审稿人。IEEENTC北京分会主席、北京大学教授张海霞在接受中国日报记者采访时确认她的多个朋友收到了IEEE发的邮件。同时张海霞教授发表公开声明，表示“这远远超出了一个可以接受学术人的底线，做为IEEE的会员和期刊编委，我必须表明自己的态度：我申请退出我所在的两个IEEE期刊的编委会，并给IEEE候任主席写了一封公开信。这是我个人的态度，与任何其他组织和个人无关，特此声明。”O全球最大的学术组织IEEE禁止华为系审稿人北大教授公开抗议（视频来源：@梨视频文化）L梨视频文化的秒拍视频", "author": "每日经济新闻", "time": "每日经济新闻05月29日21:46 来自微博weibo.com", "transmit": 148, "comment": 74, "zan": 396, "sentiment": [{"positive_prob": 0.971834, "confidence": 0.937408, "negative_prob": 0.0281663, "sentiment": 2}]}, {"text": "【华为在美提起诉讼：禁令是“用立法代替审判”的暴政】据华为公司最新消息，华为已提起诉讼并将于周二提出简易判决动议。华为公司发布了华为技术有限公司首席法务官宋柳平27日的相关声明，声明如下:华为已提起诉讼并将于周二提出简易判决动议，要求法院宣布该法案违宪。该禁令是典型的剥夺公权法案，违反了正当程序。该法案直接判定华为有罪，对华为施加了大量限制措施，其目的显而易见，就是将华为赶出美国市场。这是“用立法代替审判”的暴政，是美国宪法明确禁止的希望美国法院能和处理以前的剥夺公权条款和违反正当程序案件一样，宣布华为禁令违宪并禁止执行。这一声明也发表在了美国《华尔街日报》等媒体上。（央视新闻客户端）", "author": "环球时报", "time": "环球时报05月29日08:23", "transmit": 127, "comment": 147, "zan": 858, "sentiment": [{"positive_prob": 0.258251, "confidence": 0.426108, "negative_prob": 0.741749, "sentiment": 0}]}, {"text": "【国台办：华为和台湾企业合作为两岸经济共同发展发挥积极作用】今天，国台办发言人安峰山在例行新闻发布会上应询表示，此前华为公布的供应商名单里有不少台湾企业，可以说华为的成就里也有这些台湾企业的贡献。华为和台湾有关企业开展合作，有助于发挥企业间的互补优势，实现强强联合，为两岸经济共同发展发挥积极作用。（央视记者赵晶）", "author": "央视新闻", "time": "央视新闻05月29日16:11 来自微博weibo.com", "transmit": 126, "comment": 191, "zan": 1357, "sentiment": [{"positive_prob": 0.870547, "confidence": 0.712326, "negative_prob": 0.129453, "sentiment": 2}]}, {"text": "#华为手机全球份额反超苹果#【一季度iPhone全球智能手机市场份额下降被华为反超】对此您想对华为手机说点什么！#华为手机全球份额反超苹果#，你想说的？​", "author": "中国反邪教", "time": "中国反邪教05月29日13:00 来自无邪君的Android", "transmit": 106, "comment": 88, "zan": 17512, "sentiment": [{"positive_prob": 0.843554, "confidence": 0.652343, "negative_prob": 0.156446, "sentiment": 2}]}, {"text": "【FedEx“误寄”华为包裹，外交部：请对华为和中国公众做出合理解释】据路透社28日报道,美国联邦快递公司日前将两个从日本寄往华为中国公司的包裹转运至美国,并试图转运另外两个由越南寄出的华为包裹,此事在中国媒体和公众间引发巨大关注。对此，中国外交部发言人陆慷29日在回应记者“是否担心美国联邦快递公司窃取华为技术信息”的相关问询时表示，发生这样的事情，美联邦快递公司需要对华为和中国公众做出一个合理的解释。“我不知道对FedEx来说，这样的事情是不是经常发生?”陆慷在当天举行的外交部例行记者会上反问称,“如果是，对这样一个大公司来说实在是不应该。如果不是，那FedEx需要解释清楚为什么类似事件最近一而再、再而三地发生在华为身上。”O美国联邦快递公司“误寄”华为包裹，外交部：请对华为和中国公众做出合理解释", "author": "环球时报", "time": "环球时报05月29日15:35", "transmit": 215, "comment": 214, "zan": 942, "sentiment": [{"positive_prob": 0.177733, "confidence": 0.605037, "negative_prob": 0.822267, "sentiment": 0}]}]