[{"text": "#Rethinkpossibilities#探索时间的缝隙，为我们留下每一个值得回忆的瞬间，9月19日·慕尼黑，我们不见不散！L余承东的微博视频​", "author": "余承东", "time": "余承东09月17日11:13 来自HUAWEIMate20X5G", "transmit": 83, "comment": 760, "zan": 3315, "sentiment": [{"positive_prob": 0.906328, "confidence": 0.79184, "negative_prob": 0.0936721, "sentiment": 2}]}, {"text": "【任正非称#华为6G研究领先世界#：#预计6G技术10年后投入使用#】9月16日，华为“心声社区”刊登了任正非接受《经济学人》的采访纪要。任正非表示，华为的6G研究也是领先世界的，预计6G技术十年后才会开始投入使用。此前加媒8月13日报道，华为已确认在加拿大渥太华开始6G网络研究。L老板联播的微博视频​​​", "author": "通信王峰", "time": "通信王峰09月17日07:06 来自Android", "transmit": 212, "comment": 2948, "zan": 23174, "sentiment": [{"positive_prob": 0.955806, "confidence": 0.90179, "negative_prob": 0.0441944, "sentiment": 2}]}, {"text": "华为Mate30Pro真机曝光，大家看造型，想买吗​", "author": "吃瓜鹅每日搬", "time": "吃瓜鹅每日搬09月17日19:55", "transmit": 200, "comment": 764, "zan": 1399, "sentiment": [{"positive_prob": 0.232522, "confidence": 0.483285, "negative_prob": 0.767478, "sentiment": 0}]}, {"text": "智慧之声，让音符不只是动听，更懂说与谁听。9月19日慕尼黑，#华为智慧屏#敬请期待。声音将拥有哪些“新智慧”，你猜到了吗？​", "author": "华为终端官方微博", "time": "华为终端官方微博09月17日19:30 来自微博weibo.com", "transmit": 309, "comment": 402, "zan": 3380, "sentiment": [{"positive_prob": 0.317818, "confidence": 0.293738, "negative_prob": 0.682182, "sentiment": 0}]}, {"text": "我去，iPhone11Pro的夜景好像不仅仅是追上华为P30Pro的程度了。。补丁和之前一样图来自钟文泽视频截图​", "author": "MebiuW", "time": "MebiuW09月17日18:22 来自微博weibo.com", "transmit": 142, "comment": 910, "zan": 4009, "sentiment": [{"positive_prob": 0.602691, "confidence": 0.117091, "negative_prob": 0.397309, "sentiment": 2}]}, {"text": "转发：最近看到好多朋友圈说新版20元渔夫坚持了14年终于有老婆了，后来有人用华为P30来还原真相，其实那只是一只水鸟，我就说嘛，只有20元怎么可能娶得到老婆。没钱取个水鸟。​", "author": "wu2198", "time": "wu219809月17日08:34", "transmit": 50, "comment": 304, "zan": 5612, "sentiment": [{"positive_prob": 0.490643, "confidence": 0.812861, "negative_prob": 0.509357, "sentiment": 1}]}, {"text": "华为Mate30Pro开箱视频效果比起拍得图片强太多这应该是内部样机（拍到了样机管理的APP）视频中的后置的摄像模组比下午大家传播的图片质感要好很多，正面屏幕亮屏效果非常讨喜似乎也是带着屏幕指纹了。正面效果要比iPhone11更加讨人眼球。L行长菌的微博视频​", "author": "行长菌", "time": "行长菌09月17日20:58", "transmit": 180, "comment": 526, "zan": 1845, "sentiment": [{"positive_prob": 0.931407, "confidence": 0.847572, "negative_prob": 0.0685926, "sentiment": 2}]}, {"text": "【#任正非回应退休问题#：思维跟不上的时候会退，现在还才思泉涌】9月16日，华为心声社区刊登任正非于10日接受《经济学人》的采访，下个月即将75岁的任正非谈及其退休问题时表示，我会在我思维跟不上的时候退休的，我现在还是才思泉涌的状态，再呆几天吧！此前，任正非表示自己退休后将去找个好大学学习数学。L老板联播的秒拍视频", "author": "新浪财经", "time": "新浪财经09月17日13:07 来自微博weibo.com", "transmit": 52, "comment": 177, "zan": 518, "sentiment": [{"positive_prob": 0.347123, "confidence": 0.228615, "negative_prob": 0.652877, "sentiment": 0}]}, {"text": "【#任正非称华为6G研究领先世界#：#预计6G技术10年后投入使用#】9月16日，华为“心声社区”刊登了任正非接受《经济学人》的采访纪要。任正非表示，华为的6G研究也是领先世界的，预计6G技术十年后才会开始投入使用。此前加媒8月13日报道，华为已确认在加拿大渥太华开始6G网络研究。@老板联播L老板联播的微博视频", "author": "财经网", "time": "财经网09月17日13:34", "transmit": 31, "comment": 68, "zan": 184, "sentiment": [{"positive_prob": 0.960669, "confidence": 0.912597, "negative_prob": 0.0393313, "sentiment": 2}]}, {"text": "明星偷税吸毒被原谅，袁隆平买华为手机却被羞辱，这才是时代最大的悲哀！  cr南木大叔​", "author": "何等奇葩", "time": "何等奇葩09月17日07:35 来自微博weibo.com", "transmit": 86, "comment": 120, "zan": 1163, "sentiment": [{"positive_prob": 0.261266, "confidence": 0.419408, "negative_prob": 0.738734, "sentiment": 0}]}, {"text": "【苹果向左华为向右】新款iPhone的销量无疑将承担起遏止苹果手机出货量继续下滑的重任，同时也是苹果手机与华为等5G安卓手机对抗的重要抓手。苹果手机采用了降价的策略，而本月将推出的5G版华为Mate30，被视为苹果的有力挑战者。无论影响几何，苹果与华为之战已无可避免。O苹果向左华为向右​", "author": "新浪科技", "time": "新浪科技09月17日06:43 来自微博weibo.com", "transmit": 52, "comment": 484, "zan": 1618, "sentiment": [{"positive_prob": 0.956866, "confidence": 0.904146, "negative_prob": 0.0431345, "sentiment": 2}]}, {"text": "【#任正非回应退休问题#：思维跟不上的时候会退，现在还才思泉涌】16日，华为心声社区刊登任正非于10日接受《经济学人》的采访，下个月即将75岁的任正非谈及其退休问题时表示，“我会在我思维跟不上的时候退休的，我现在还是才思泉涌的状态，再呆几天吧！此前，任正非表示自己退休后将去找个好大学学习数学。”L老板联播的秒拍视频", "author": "Vista看天下", "time": "Vista看天下09月17日13:27 来自微博weibo.com", "transmit": 8, "comment": 52, "zan": 175, "sentiment": [{"positive_prob": 0.296616, "confidence": 0.340853, "negative_prob": 0.703384, "sentiment": 0}]}, {"text": "世界越快，越要慢~慢~来~#华为Mate30#的#Rethinkpossibilities#，2天后，不见不散！L华为终端官方微博的微博视频​", "author": "华为终端官方微博", "time": "华为终端官方微博09月17日18:58 来自微博视频", "transmit": 145, "comment": 199, "zan": 893, "sentiment": [{"positive_prob": 0.399276, "confidence": 0.11272, "negative_prob": 0.600724, "sentiment": 0}]}, {"text": "华为Mate30Pro开箱视频，你们感觉能吊打iPhone11吗L科技新一的微博视频​", "author": "科技新一", "time": "科技新一09月17日20:49", "transmit": 139, "comment": 783, "zan": 4182, "sentiment": [{"positive_prob": 0.528488, "confidence": 0.430249, "negative_prob": 0.471512, "sentiment": 1}]}, {"text": "华为Mate30Pro，竟然有点心动​", "author": "科技新一", "time": "科技新一09月17日18:04", "transmit": 123, "comment": 1161, "zan": 4003, "sentiment": [{"positive_prob": 0.33929, "confidence": 0.246021, "negative_prob": 0.66071, "sentiment": 0}]}, {"text": "【#75岁任正非回应退休#：思维跟不上的时候会退，现在还才思泉涌】9月16日，华为心声社区刊登任正非于10日接受《经济学人》的采访，下个月即将75岁的任正非谈及其退休问题时表示，我会在我思维跟不上的时候退休的，我现在还是才思泉涌的状态，再呆几天吧！此前，任正非表示自己退休后将去找个好大学学习数学。L老板联播的秒拍视频", "author": "梨视频", "time": "梨视频09月17日14:21 来自微博weibo.com", "transmit": 14, "comment": 27, "zan": 227, "sentiment": [{"positive_prob": 0.424676, "confidence": 0.0562745, "negative_prob": 0.575324, "sentiment": 0}]}, {"text": "【#任正非称5G可转让给西方国家#他们可以再研发】9月16日，华为心声社区刊登任正非接受采访纪要。任正非表示，华为的5G技术和工艺都能许可转让给西方国家，许可别的西方国家生产同等的设备，他们可以在此基础上再研发。对于6G研究，华为也是领先世界的。华为判断6G十年以后才会开始投入使用。（来源：@新京报我们视频）L新京报我们视频的秒拍视频", "author": "每日经济新闻", "time": "每日经济新闻09月17日08:52 来自搜狗高速浏览器", "transmit": 26, "comment": 25, "zan": 93, "sentiment": [{"positive_prob": 0.823006, "confidence": 0.606679, "negative_prob": 0.176994, "sentiment": 2}]}, {"text": "【早财经丨国庆假期全国收费公路免费通行；任正非：华为5G技术可转让给西方；也门胡塞武装称对沙特阿美油田攻击将常态化】1、美国正制定全政府对华措施，中方：冷战零和思维十分危险。2、#任正非称5G可转让给西方国家#任正非：给予5G技术许可需一次性付款。华为心声社区16日刊登任正非10日接受《经济学人》采访纪要。任正非表示，华为的5G技术和工艺都可以许可转让给西方国家，许可别的西方国家也生产同等的设备，他们可以在此基础上再研发。华为的理想是“为全人类提供服务，努力攀登科学高峰”，有更多人来一起完成，符合我们的价值观。任正非还称，5G是给予许可，不等于我们自己不做。对于6G研究，华为也是领先世界的，但是华为判断6G十年以后才会开始投入使用。因此，转让技术不是前进的终结，华为获得资金以后会更大踏步前进。任正非最后强调，给予技术许可将是一次性付钱。3、#台湾宣布与所罗门群岛断交#外交部回应所罗门群岛同台湾“断交”：大势所趋，势不可挡。据央视新闻，中方对所罗门群岛政府作出承认一个中国原则、同台当局断绝所谓“外交关系”并同中国建交的决定表示高度赞赏。我们支持所罗门群岛作为主权独立国家自主作出的这一重要决定。4、郭台铭声明：决定不参与2020台湾地区领导人选举。5、国家社保公共服务平台正式上线：可刷脸认证养老金。6、北斗快速辅助定位系统：用户已突破3亿。7、美国通用汽车：近5万人举行全美大罢工。8、也门胡塞武装：对沙特阿美旗下的石油设施攻击将常态化。【今日互动】国庆假期全国收费公路免费通行。央视新闻16日消息，国庆节假期，七座及七座以下小型客车高速免费通行时间为10月1日零点至10月7日24时。预计10月1日至4日每天上午10点左右将出现车流高峰；从10月5日开始，全国高速车流量高峰逐渐回落，7号下午将再次出现车流高峰。国庆出行你选哪种交通方式A、高速公路B、飞机C、高铁D、不打算出门O早财经丨国庆假期全国收费公路免费通行；任正非：华为5G技术可转让给西方；也门胡塞武装称对沙特阿美油田攻击将常态化O早财经丨国庆假期收费公路免费通行；任正非：华为5G技术可转让给西方", "author": "每日经济新闻", "time": "每日经济新闻09月17日07:07 来自微博weibo.com", "transmit": 20, "comment": 24, "zan": 154, "sentiment": [{"positive_prob": 0.947616, "confidence": 0.883591, "negative_prob": 0.0523842, "sentiment": 2}]}, {"text": "发布了头条文章：《买在分歧日》#微博赚钱季#周二华为+金融科技/数字货币+油气+化工最强，主板放量下跌（预设继续调整4-6小时，注意观察成交量能否有效放大）强势股接力的亏钱效应再次放大，空间板高度压缩到3板，明日东方中科等作为非科创板情绪标杆观察，风险偏好高的明日可以选择首板（反包板）或者1进2涨停板套利，明日早盘大概率还会有不少跟风标的会被按到地板摩擦，情绪冰点即将来临，关注盘中逆市人气标的，买在分歧日。科创板继续调整，沃尔德，乐鑫科技，南微医学，福光股份，瀚川智能等板块活跃盘中继续观察，耐心等待增量资金打造的新标杆出现。O买在分歧日", "author": "lesliesay", "time": "lesliesay09月17日16:57 来自微博weibo.com", "transmit": 379, "comment": 171, "zan": 683, "sentiment": [{"positive_prob": 0.970068, "confidence": 0.933485, "negative_prob": 0.0299319, "sentiment": 2}]}, {"text": "华为Mate30闪光灯放外面，里面四个全是摄像头​", "author": "短的发布会", "time": "短的发布会09月17日19:59", "transmit": 26, "comment": 368, "zan": 1293, "sentiment": [{"positive_prob": 0.431777, "confidence": 0.0404954, "negative_prob": 0.568223, "sentiment": 0}]}, {"text": "【外媒：iPhone11表明苹果正对标华为，变身相机公司】哈哈，华为手机再一次引领手机摄影潮流，目前华为旗舰机型P30Pro、Mate30系列都已经开始徕卡四摄了，不过苹果开始慢慢追上来了，也推出了三摄手机。据外媒报道，摄像头成为新一代iPhone11的重要功能，而种种迹象也表明，苹果甚至在逐渐转变成一家“相机公司”。苹果本周推出的iPhone11重点在于摄像头，而不是手机。苹果花了很多时间和精力来宣传这款新手机强大的拍照功能。苹果最高营销主管菲尔·席勒（PhilSchiller）上周二专门把这款相机称为iPhone最受欢迎的部分。苹果CEO蒂姆·库克（TimCook）表示，该公司安排了800名员工专门改进iPhone的相机。除了新的配色外，今年iPhone11最显著的外观差异就在于配备更多的摄像头。科技行业分析师认为，这再次表明苹果认为iPhone的拍照功能具备最大的改进空间，可以成为与华为竞争对手的重要差异点，后者的手机拍照功能在某些方面甚至优于iPhone。O外媒：iPhone11表明苹果正变身相机公司", "author": "人才76116", "time": "人才7611609月17日08:08 来自HUAWEIP20", "transmit": 55, "comment": 498, "zan": 1054, "sentiment": [{"positive_prob": 0.983293, "confidence": 0.962873, "negative_prob": 0.0167069, "sentiment": 2}]}, {"text": "隔空也能玩手机？这不可能，但很Mate。9月19日，慕尼黑见L华为何刚的微博视频​", "author": "华为何刚", "time": "华为何刚09月17日12:54 来自HUAWEIP30Pro", "transmit": 39, "comment": 122, "zan": 535, "sentiment": [{"positive_prob": 0.364511, "confidence": 0.189976, "negative_prob": 0.635489, "sentiment": 0}]}, {"text": "再过10个小时，#HC2019#华为全联接大会将正式开幕！此刻，现场正紧锣密鼓地做着最后的备战，今年的大会现场是什么样，请跟随小编的镜头去瞧瞧吧~L华为中国的微博视频​", "author": "华为中国", "time": "华为中国09月17日23:00 来自微博weibo.com", "transmit": 94, "comment": 46, "zan": 328, "sentiment": [{"positive_prob": 0.893885, "confidence": 0.764188, "negative_prob": 0.106115, "sentiment": 2}]}, {"text": "无线快充能有多厉害？这不可能，但很Mate。9月19日，#华为Mate30#颠覆不可能L华为手机的微博视频​", "author": "华为手机", "time": "华为手机09月17日14:13 来自HUAWEIP30Pro", "transmit": 100, "comment": 168, "zan": 907, "sentiment": [{"positive_prob": 0.268457, "confidence": 0.40343, "negative_prob": 0.731543, "sentiment": 0}]}, {"text": "华为Mate30Pro开箱上手，摸着良心说，好不好看？L包纸玩机的微博视频​", "author": "包纸玩机", "time": "包纸玩机09月17日21:45", "transmit": 79, "comment": 558, "zan": 1210, "sentiment": [{"positive_prob": 0.777603, "confidence": 0.505784, "negative_prob": 0.222397, "sentiment": 2}]}, {"text": "说到芯片，我相信华为要全系列喷发了，服务器、基站、路由器、AI、手机SoC、视频解码、安全、存储芯片，有消息也在干电脑CPU，全系列芯片有市场有危机的都去做了。其实技术这事，没多复杂，到了那个点，下一步不难，一个中学生觉得博士不得了，你读了硕士，博士也就一步之遥，一个普通人可能觉得大学教授有学问，你真进了大学，发现有些教授就是混吃等死，屁学问。贸易战起，一堆人惶惶不安，不得了，不得了，再看无非是经济、法律、文史哲，因为离技术远，神之秘之，以为多不得了。真是一线干的，就知道坚持、积累的价值，知道我们什么不缺只缺时间。中兴事出，我就相信不出5年，芯片业会有大突破，现在看，这判断没问题。现在设计很快大成了，我相信封装、制造的大突破也为时不远。这些年的积累，都是有价值的，生产、制造其实和研发一样重要。", "author": "飞象网项立刚", "time": "飞象网项立刚09月17日08:12 来自HUAWEIMate20X5G", "transmit": 133, "comment": 213, "zan": 1020, "sentiment": [{"positive_prob": 0.97304, "confidence": 0.940089, "negative_prob": 0.0269599, "sentiment": 2}]}, {"text": "【#任正非称华为6G研究领先世界#：预计6G技术十年后投入使用】9月16日，华为“心声社区”刊登了任正非接受《经济学人》的采访纪要。任正非表示，华为的6G研究也是领先世界的，预计6G技术十年后才会开始投入使用。此前加媒8月13日报道，华为已确认在加拿大渥太华开始6G网络研究。L老板联播的微博视频​", "author": "中国青年报", "time": "中国青年报09月17日08:30 来自微博weibo.com", "transmit": 27, "comment": 52, "zan": 156, "sentiment": [{"positive_prob": 0.953, "confidence": 0.895555, "negative_prob": 0.0470003, "sentiment": 2}]}, {"text": "华为Mate30Pro真机开箱上手，看了这外观后，有没有购买欲望？L搞机王腾霄的微博视频​", "author": "搞机王腾霄", "time": "搞机王腾霄09月17日22:33", "transmit": 50, "comment": 313, "zan": 697, "sentiment": [{"positive_prob": 0.336547, "confidence": 0.252117, "negative_prob": 0.663453, "sentiment": 0}]}, {"text": "华为Mate30系列首发配色话说图三#华为Mate30#Pro的正面那是相当震撼，好了本次发布会到此结束！​", "author": "长安数码君", "time": "长安数码君09月17日17:39 来自荣耀20PRO", "transmit": 40, "comment": 298, "zan": 633, "sentiment": [{"positive_prob": 0.947404, "confidence": 0.883119, "negative_prob": 0.0525964, "sentiment": 2}]}, {"text": "【#75岁任正非回应退休#：思维跟不上的时候会退，现在还才思泉涌】9月16日，华为心声社区刊登任正非于10日接受《经济学人》的采访，下个月即将75岁的任正非谈及其退休问题时表示，我会在我思维跟不上的时候退休的，我现在还是才思泉涌的状态，再呆几天吧！L老板联播的秒拍视频​", "author": "新浪科技", "time": "新浪科技09月17日12:50 来自OPPOReno2", "transmit": 20, "comment": 31, "zan": 103, "sentiment": [{"positive_prob": 0.35571, "confidence": 0.209534, "negative_prob": 0.64429, "sentiment": 0}]}]