[{"text": "【华为接受英国议会质询：我们对世界坦诚相待】#华为接受英国议会质询#昨天，华为全球网络安全和隐私官约翰·萨福克出席听证会，接受英国下议院科学委员会的质询。有人直截了当地问：“华为的设备是否能够跟踪我。”萨福克解释说，移动电话技术要求运营商不断跟踪用户的电话，以使他们的设备可以连接到移动网络，因此从这种逻辑上讲，所有运营商都在不断“跟踪”他的客户，在这个问题上，华为的设备与其他公司的设备并无二致。萨福克还表示，华为欢迎大家来找问题，“我们不会因大家的发现而感到尴尬……我们对世界坦诚相待”，这或许会让华为不那么“完美”，但对大家都有益。L微丢的秒拍视频（微丢）", "author": "环球网", "time": "环球网06月11日20:35", "transmit": 10896, "comment": 2641, "zan": 122281, "sentiment": [{"positive_prob": 0.78187, "confidence": 0.515266, "negative_prob": 0.21813, "sentiment": 2}]}, {"text": "“全世界把5G做的最好的是华为，西方其实是个高等大农村，要想看8K电视，它非买华为不可。”任老自信的样子真可爱，莫名的自豪。#美国拟立法不承认华为专利#L全球奇闻微爆光的微博视频​", "author": "掌上镇江", "time": "掌上镇江06月11日19:33 来自镇江超话", "transmit": 7105, "comment": 4830, "zan": 118388, "sentiment": [{"positive_prob": 0.818181, "confidence": 0.595959, "negative_prob": 0.181819, "sentiment": 2}]}, {"text": "【#华为接受英国议会质询#：我们对世界坦诚相待】昨天，华为全球网络安全和隐私官约翰·萨福克出席听证会，接受英国下议院科学委员会的质询。有人直截了当地问：“华为的设备是否能够跟踪我。”萨福克解释说，移动电话技术要求运营商不断跟踪用户的电话，以使他们的设备可以连接到移动网络，因此从这种逻辑上讲，所有运营商都在不断“跟踪”他的客户，在这个问题上，华为的设备与其他公司的设备并无二致。萨福克还表示，华为欢迎大家来找问题，“我们不会因大家的发现而感到尴尬……我们对世界坦诚相待”，这或许会让华为不那么“完美”，但对大家都有益。L微丢的秒拍视频", "author": "头条新闻", "time": "头条新闻06月11日21:35 来自微博weibo.com", "transmit": 433, "comment": 317, "zan": 3233, "sentiment": [{"positive_prob": 0.762172, "confidence": 0.471494, "negative_prob": 0.237828, "sentiment": 2}]}, {"text": "#华为接受英国议会质询#：我们对世界坦诚相待，华为海外版广告《做自己的英雄》拍的太棒了！无论周遭环境如何险恶，要永远做自己的英雄。为华为点赞！！#华为全球多地注册鸿蒙商标#L全球热搞笑榜的微博视频​", "author": "全球热搞笑榜", "time": "全球热搞笑榜06月11日21:36", "transmit": 3881, "comment": 1420, "zan": 54356, "sentiment": [{"positive_prob": 0.975312, "confidence": 0.945138, "negative_prob": 0.024688, "sentiment": 2}]}, {"text": "华为的成绩单截止目前还不错。话说这个发言真是越来越皮了（视频来自人民日报）​", "author": "王牌健言-王健", "time": "王牌健言-王健06月11日16:12 来自iPhone客户端", "transmit": 284, "comment": 441, "zan": 5375, "sentiment": [{"positive_prob": 0.776406, "confidence": 0.503125, "negative_prob": 0.223594, "sentiment": 2}]}, {"text": "大放异彩，更有理由值得期待~6月21日武汉，与@TFBOYS-易烊千玺一起见证颜值升级，性能在线的#华为nova5#系列正式发布！这个夏天，就让惊喜来得更猛烈些L华为终端官方微博的秒拍视频​", "author": "华为手机", "time": "华为手机06月11日10:17 来自微博weibo.com", "transmit": 5960, "comment": 2789, "zan": 7355, "sentiment": [{"positive_prob": 0.973698, "confidence": 0.941551, "negative_prob": 0.026302, "sentiment": 2}]}, {"text": "【#英特尔副总裁表态支持华为#：期望找到一个互惠的解决方法】@中国日报报道，当地时间10日，英特尔全球公共政策副总裁皮特.克利夫兰在华盛顿表示，华为是一家非常成功的中国公司，英特尔就华为被列入实体名单和美国政府交涉过。他认为华为的产品是非常具有价值的，对此类公司的制裁，不仅是对中国企业造成打击，也不利于美国公司的发展。他表示英特尔正和相关部门进行积极沟通，期望找到一个互惠的解决方法。美国5月15日宣布将华为列入“实体名单”后，英特尔等美国芯片及电信设备企业遭遇负面影响。", "author": "新浪财经", "time": "新浪财经06月11日13:19 来自微博weibo.com", "transmit": 257, "comment": 688, "zan": 9745, "sentiment": [{"positive_prob": 0.951542, "confidence": 0.892317, "negative_prob": 0.0484576, "sentiment": 2}]}, {"text": "【#华为全球多地注册鸿蒙商标#，包括加拿大、墨西哥、西班牙等】6月8日，外媒HUAWEICENTRAL称已确认华为已经在全球多地提交“HongMeng”商标申请，包括加拿大、墨西哥、西班牙等。任总说:“全世界把5G做的最好的是华为，西方其实是个高等大农村，要想看8K电视，它非买华为不可。”任老自信的样子真可爱L全球奇闻微爆光的微博视频", "author": "王飞-仓储物流与供应链", "time": "王飞-仓储物流与供应链06月11日20:13 来自HUAWEIP20Pro", "transmit": 1573, "comment": 797, "zan": 23552, "sentiment": [{"positive_prob": 0.96585, "confidence": 0.924111, "negative_prob": 0.03415, "sentiment": 2}]}, {"text": "【你敢试吗？美国公司发起挑战，#1周不用智能手机奖1千美元#】#今日热搜#据梨视频，近日，美国一家名为前沿通讯的互联网和电话服务提供商为了研究现代人不用智能手机如何生活，发起了一个“翻盖手机挑战”，只要一名参与者能够放弃使用智能手机换用翻盖手机一周的时间，就可以获得1000美元奖励。#华为全球多地注册鸿蒙商标#1周不用智能手机，你敢试吗？", "author": "成都发布", "time": "成都发布06月11日08:04 来自360安全浏览器", "transmit": 54, "comment": 196, "zan": 11549, "sentiment": [{"positive_prob": 0.840171, "confidence": 0.644824, "negative_prob": 0.159829, "sentiment": 2}]}, {"text": "【俄罗斯与华为签下巨额5G协议后，美国网友评论亮了：中俄用5G，特朗普害我们用对讲机和假5G】在中美贸易战时刻，俄罗斯最大的移动网络MTS近日与华为达成5G合作协议，测试预计将在今年晚些时候开始。5G通过连接设备间的相互通信打造智能城市时代，此举被认为对俄罗斯非常重要。华为的轮值主席之一郭平在一份声明中表示，他对与俄罗斯“签署具有战略意义领域”的协议“非常高兴”。从技术角度来看，美国业界现在最不想要的就是让中国和俄罗斯专注于5G，这是衡量未来几年谁将成为赢家和输家的战场。看到华为5G在俄罗斯取得的成果后，美国人坐不住了。有美国人嘲讽说：“当俄罗斯和中国向5G推进时，我们将使用惊人的高科技——对讲机。”还有人认为：“最终，美国将别无选择，只能购买华为”。", "author": "人才76116", "time": "人才7611606月11日12:07 来自HUAWEIP20", "transmit": 1253, "comment": 1870, "zan": 20133, "sentiment": [{"positive_prob": 0.937719, "confidence": 0.861597, "negative_prob": 0.0622813, "sentiment": 2}]}, {"text": "【#华为接受英国议会质询#：我们对世界坦诚相待】昨天，华为全球网络安全和隐私官约翰·萨福克出席听证会，接受英国下议院科学委员会的质询。有人直截了当地问：“华为的设备是否能够跟踪我。”萨福克解释说，移动电话技术要求运营商不断跟踪用户的电话，以使他们的设备可以连接到移动网络，因此从这种逻辑上讲，所有运营商都在不断“跟踪”他的客户，在这个问题上，华为的设备与其他公司的设备并无二致。萨福克还表示，华为欢迎大家来找问题，“我们不会因大家的发现而感到尴尬……我们对世界坦诚相待”，这或许会让华为不那么“完美”，但对大家都有益。L微丢的秒拍视频", "author": "Vista看天下", "time": "Vista看天下06月11日22:05 来自iPhone客户端", "transmit": 59, "comment": 61, "zan": 651, "sentiment": [{"positive_prob": 0.762172, "confidence": 0.471494, "negative_prob": 0.237828, "sentiment": 2}]}, {"text": "6月21日·武汉，和@TFBOYS-易烊千玺解锁有颜有料的#华为nova5#系列，一起期待这个盛夏的狂欢吧！L华为终端官方微博的秒拍视频​", "author": "华为终端公司", "time": "华为终端公司06月11日11:01 来自微博weibo.com", "transmit": 3000, "comment": 1127, "zan": 3072, "sentiment": [{"positive_prob": 0.778441, "confidence": 0.507648, "negative_prob": 0.221558, "sentiment": 2}]}, {"text": "【#华为接受英国议会质询#：我们对世界坦诚相待】昨天，华为全球网络安全和隐私官约翰·萨福克出席听证会，接受英国下议院科学委员会的质询。有人直截了当地问：“华为的设备是否能够跟踪我。”萨福克解释说，移动电话技术要求运营商不断跟踪用户的电话，以使他们的设备可以连接到移动网络，因此从这种逻辑上讲，所有运营商都在不断“跟踪”他的客户，在这个问题上，华为的设备与其他公司的设备并无二致。萨福克还表示，华为欢迎大家来找问题，“我们不会因大家的发现而感到尴尬……我们对世界坦诚相待”，这或许会让华为不那么“完美”，但对大家都有益。（来源：@微丢）L微丢的秒拍视频", "author": "每日经济新闻", "time": "每日经济新闻06月11日20:45 来自微博weibo.com", "transmit": 82, "comment": 42, "zan": 387, "sentiment": [{"positive_prob": 0.71689, "confidence": 0.370867, "negative_prob": 0.28311, "sentiment": 2}]}, {"text": "【谷歌发布警告：制裁华为，将会迫使华为自力更生】新加坡媒体报道称，谷歌已经发出了警告：尽管制裁预计会在短期内伤害到华为，但这可能迫使华为以及其他中国公司变得自力更生。美国的制裁不仅会伤害到华为，最终可能还会伤害到美国公司的统治地位。谷歌目前担心，自己将不被允许更新华为智能手机上的安卓操作系统，谷歌称华为最终将会研发出自己的软件。L视频-谷歌发布警告：制裁华为，将会迫使华为自力更生", "author": "新浪视频", "time": "新浪视频06月11日16:30 来自微博weibo.com", "transmit": 342, "comment": 320, "zan": 3043, "sentiment": [{"positive_prob": 0.895621, "confidence": 0.768048, "negative_prob": 0.104379, "sentiment": 2}]}, {"text": "【谷歌后悔了，发布警告！制裁华为，将会迫使华为自力更生】上个月，美国商务部把华为等关联企业列入出口管制“实体清单”，禁止华为从美国企业购买技术或配件。近日，美国白宫官员写信给国会，呼吁推迟执行限制政府机关及其承包商向华为等中国公司购买设备的禁令，理由是美国企业吃不消了，华为设备很受欢迎，禁令会让使用华为技术的美国公司负担过重，也会影响到美国政府采购。此外，美国科技巨头谷歌也在积极游说，寻求美国政府豁免其针对华为的安卓操作系统禁令，让谷歌能继续与华为进行业务往来。有新加坡媒体报道说，谷歌已经发出了警告：尽管制裁预计会在短期内伤害到华为，但这可能迫使华为以及其他中国公司变得自力更生。美国的制裁不仅会伤害到华为，最终可能还会伤害到美国公司的统治地位。谷歌目前担心，自己将不被允许更新华为智能手机上的安卓操作系统，谷歌称华为最终将会研发出自己的软件。据外媒10日消息，华为已经向全球几乎所有可能的知识产权组织提交了华为操作系统“鸿蒙”的商标申请，涉及的国家包括：加拿大、墨西哥、西班牙、韩国、澳大利亚、新西兰、秘鲁、菲律宾等等。L央视财经的酷燃视频", "author": "央视财经", "time": "央视财经06月11日13:35 来自微博weibo.com", "transmit": 119, "comment": 131, "zan": 615, "sentiment": [{"positive_prob": 0.977788, "confidence": 0.95064, "negative_prob": 0.0222119, "sentiment": 2}]}, {"text": "【英特尔副总裁表态支持华为】当地时间10日，英特尔全球公共政策副总裁皮特.克利夫兰在华盛顿表示，华为是一家非常成功的中国公司，英特尔就华为被列入实体名单和美国政府交涉过。他认为华为的产品是非常具有价值的，对此类公司的制裁，不仅是对中国企业造成打击，也不利于美国公司的发展。他表示英特尔正和相关部门进行积极沟通，期望找到一个互惠的解决方法。美国5月15日宣布将华为列入“实体名单”后，英特尔等美国芯片及电信设备企业遭遇负面影响。", "author": "中国日报", "time": "中国日报06月11日06:58 来自iPhone7Plus", "transmit": 89, "comment": 58, "zan": 551, "sentiment": [{"positive_prob": 0.929643, "confidence": 0.84365, "negative_prob": 0.0703574, "sentiment": 2}]}, {"text": "【谷歌发布警告：制裁华为，将会迫使华为自力更生】近期，美国商务部把华为等关联企业列入出口管制“实体清单”，禁止华为从美国企业购买技术或配件。美国科技巨头谷歌积极游说，寻求美国政府豁免其针对华为的安卓操作系统禁令，让谷歌能继续与华为进行业务往来。有新加坡媒体报道说，谷歌已经发出了警告：尽管制裁预计会在短期内伤害到华为，但这可能迫使华为以及其他中国公司变得自力更生。美国的制裁不仅会伤害到华为，最终可能还会伤害到美国公司的统治地位。谷歌目前担心，自己将不被允许更新华为智能手机上的安卓操作系统，谷歌称华为最终将会研发出自己的软件。@央视财经O谷歌发布警告：制裁华为将迫使华为自力更生L央视财经的酷燃视频", "author": "新浪财经", "time": "新浪财经06月11日14:07 来自微博weibo.com", "transmit": 115, "comment": 14, "zan": 352, "sentiment": [{"positive_prob": 0.962854, "confidence": 0.917454, "negative_prob": 0.0371458, "sentiment": 2}]}, {"text": "【#中报微评#：扎心还不是自找的】虽然美方苦口婆心劝说盟友别用华为，华为依然在其盟友处屡获订单。原因没什么不好理解的，大家都要发展5G，都要做生意，当然要选服务好、价格还好的中国企业。美国是全世界头号强国，其领导人有这精力跟中国一个民营企业过不去，还不如多花点心思想想怎么提高本国技术，让美国企业也走出去看看。中国欢迎开放环境下的公平竞争，不怕阴谋诡计！(评论员张周项)L央视新闻的酷燃视频", "author": "中国日报", "time": "中国日报06月11日09:06 来自微博weibo.com", "transmit": 61, "comment": 47, "zan": 374, "sentiment": [{"positive_prob": 0.15355, "confidence": 0.658777, "negative_prob": 0.84645, "sentiment": 0}]}, {"text": "【华为接受英国议会质询：我们对世界坦诚相待】昨天，华为全球网络安全和隐私官约翰·萨福克出席听证会，接受英国下议院科学委员会的质询。有人直截了当地问：“华为的设备是否能够跟踪我。”萨福克解释说，移动电话技术要求运营商不断跟踪用户的电话，以使他们的设备可以连接到移动网络，因此从这种逻辑上讲，所有运营商都在不断“跟踪”他的客户，在这个问题上，华为的设备与其他公司的设备并无二致。萨福克还表示，华为欢迎大家来找问题，“我们不会因大家的发现而感到尴尬……我们对世界坦诚相待”，这或许会让华为不那么“完美”，但对大家都有益。#华为接受英国议会质询#L微丢的秒拍视频", "author": "观察者网", "time": "观察者网06月11日20:16 来自微博weibo.com", "transmit": 240, "comment": 195, "zan": 2307, "sentiment": [{"positive_prob": 0.741873, "confidence": 0.426385, "negative_prob": 0.258127, "sentiment": 2}]}, {"text": "【华为获30国5G合同耿爽：国家名字不点了免得有人扎心】6月10日，外交部发言人耿爽主持例行记者会。记者会上，耿爽针对近期美国国务卿蓬佩奥的有关抹黑华为和中国企业的言论，作出驳斥。戳视频↓看耿爽发言现场！L小央视频的秒拍视频​", "author": "央视网", "time": "央视网06月11日12:00 来自微博weibo.com", "transmit": 145, "comment": 115, "zan": 1198, "sentiment": [{"positive_prob": 0.828455, "confidence": 0.618789, "negative_prob": 0.171545, "sentiment": 2}]}, {"text": "【#2019最具价值全球品牌100强#发布阿里腾讯位列前十】6月11日，BrandZ2019最具价值全球品牌100强发布，其中亚马逊、苹果、谷歌位居前三。上榜的中国品牌占比15%。阿里巴巴位居第七，腾讯位居第八。华为、小米、滴滴、美团、百度、京东等15个中国品牌入选。L五环短视频的秒拍视频​", "author": "新浪财经", "time": "新浪财经06月11日19:00 来自微博weibo.com", "transmit": 56, "comment": 44, "zan": 143, "sentiment": [{"positive_prob": 0.972736, "confidence": 0.939413, "negative_prob": 0.027264, "sentiment": 2}]}, {"text": "【#华为接受英国议会质询#：我们对世界坦诚相待】会上有人问：华为的设备是否能够跟踪我。萨福克说，移动电话技术要求运营商不断跟踪用户的电话，以使设备可以连接到移动网络，从这种逻辑上讲，所有运营商都在不断“跟踪”他们的客户，在这一点，华为设备与他们并无二致，华为欢迎大家来找问题，我们对世界坦诚相待。L微丢的秒拍视频", "author": "电商头条", "time": "电商头条06月11日21:52 来自微博weibo.com", "transmit": 342, "comment": 211, "zan": 2516, "sentiment": [{"positive_prob": 0.90942, "confidence": 0.798712, "negative_prob": 0.0905799, "sentiment": 2}]}, {"text": "【#华为接受英国议会质询#：我们对世界坦诚相待】昨天，华为全球网络安全和隐私官约翰·萨福克出席听证会，接受英国下议院科学委员会的质询。有人直截了当地问：“华为的设备是否能够跟踪我。”萨福克解释说，移动电话技术要求运营商不断跟踪用户的电话，以使他们的设备可以连接到移动网络，因此从这种逻辑上讲，所有运营商都在不断“跟踪”他的客户，在这个问题上，华为的设备与其他公司的设备并无二致。萨福克还表示，华为欢迎大家来找问题，“我们不会因大家的发现而感到尴尬……我们对世界坦诚相待”，这或许会让华为不那么“完美”，但对大家都有益。L微丢的秒拍视频", "author": "凤凰网财经", "time": "凤凰网财经06月11日22:30", "transmit": 197, "comment": 146, "zan": 672, "sentiment": [{"positive_prob": 0.762172, "confidence": 0.471494, "negative_prob": 0.237828, "sentiment": 2}]}, {"text": "2400万超广角AI三摄#华为麦芒8#6月12日00:00正式开售！点赞看到你的心动​", "author": "华为终端官方微博", "time": "华为终端官方微博06月11日22:00 来自微博weibo.com", "transmit": 41, "comment": 229, "zan": 2104, "sentiment": [{"positive_prob": 0.961628, "confidence": 0.914728, "negative_prob": 0.0383722, "sentiment": 2}]}, {"text": "贸易战打了不少时日了，特朗普又是提高关税，又是断供华为，忙了个不亦乐乎，但结果如何呢？昨日海关总署的数据出来了，今年前五个月中美贸易总额下降9.6%，其中对美出口1.09万亿元，下降3.2%，减少有限，但对美进口却只有3352亿元，急剧下降25.7%，贸易顺差达到7506.2亿，扩大11.9%。美国已经从中国的第二大贸易伙伴降级为第三贸易伙伴。与此同时，中国前五个月的货贸易总值达到12.5万亿元，同比增长4.1%，其中出口6.5万亿，增长6.1%，进口5.6万亿，增长1.8%。对美进出口的下降，被其它地区贸易的增长完全抵消还有剩余。特朗普发动贸易战的初衷是遏制中国的崛起并降低美国的贸易逆差，可打来打去，这两个目标都没有达到，中国的进出口还在顽强增长，美国的贸易逆差却不降反升，这可给特朗普和他的痴迷者开了一个天大的玩笑。记得去年年底时就有人预期今年中国经济会顶不住，可目前看来，快顶不住的倒是美国这个贸易战的始作俑者。贸易战打到这一步，如果还看不出美国黔驴技穷的困境，就太没前瞻性眼光了。", "author": "陶永谊", "time": "陶永谊06月11日20:23 来自荣耀V10我AI的快", "transmit": 680, "comment": 1923, "zan": 9270, "sentiment": [{"positive_prob": 0.361018, "confidence": 0.197737, "negative_prob": 0.638982, "sentiment": 0}]}, {"text": "这位华为高管也提到了希望美国学习英国的一些措施。全程高能！妙语连珠！雅思写作@Simon雅思雅思听力@大卫九分雅思听力雅思阅读@芝士雅思#华为接受英国议会质询#LSimon雅思的微博视频​", "author": "Super雅思口语", "time": "Super雅思口语06月11日22:24 来自iPhoneX", "transmit": 221, "comment": 18, "zan": 406, "sentiment": [{"positive_prob": 0.927102, "confidence": 0.838005, "negative_prob": 0.0728975, "sentiment": 2}]}, {"text": "BBC纪录片：华为的创始人任正非！#华为接受英国议会质询#L【BBC纪录片】华为背后的男人​", "author": "美国院校百科", "time": "美国院校百科06月11日19:30 来自微博weibo.com", "transmit": 258, "comment": 27, "zan": 359, "sentiment": [{"positive_prob": 0.824074, "confidence": 0.609054, "negative_prob": 0.175926, "sentiment": 2}]}, {"text": "【华为接受英国议会质询：我们对世界坦诚】昨天，华为全球网络安全和隐私官约翰·萨福克出席听证会，接受英国下议院科学委员会的质询。有人直截了当地问，华为的设备是否能够跟踪我。萨福克解释说，移动电话技术要求运营商不断跟踪用户的电话，以使他们的设备可以连接到移动网络，因此从这种逻辑上讲，所有运营商都在不断“跟踪”他的客户，在这个问题上，华为的设备与其他公司的设备并无二致。萨福克还表示，华为欢迎大家来找问题，这或许会让华为不那么“完美”，但对大家都有益。L微丢的秒拍视频", "author": "新浪视频", "time": "新浪视频06月11日22:19 来自微博weibo.com", "transmit": 36, "comment": 30, "zan": 235, "sentiment": [{"positive_prob": 0.6481, "confidence": 0.218, "negative_prob": 0.3519, "sentiment": 2}]}, {"text": "【#华为全球多地注册鸿蒙商标#，包括加拿大、墨西哥、西班牙等】6月8日，外媒HUAWEICENTRAL称已确认华为已经在全球多地提交“HongMeng”商标申请，包括加拿大、墨西哥、西班牙等。@老板联播L老板联播的秒拍视频​", "author": "每日经济新闻", "time": "每日经济新闻06月11日21:25 来自专业版微博", "transmit": 20, "comment": 17, "zan": 107, "sentiment": [{"positive_prob": 0.916004, "confidence": 0.813343, "negative_prob": 0.0839958, "sentiment": 2}]}, {"text": "华为办公室两条标语​", "author": "机工战略", "time": "机工战略06月11日17:44 来自小米8周年旗舰手机", "transmit": 221, "comment": 78, "zan": 440, "sentiment": [{"positive_prob": 0.614968, "confidence": 0.144373, "negative_prob": 0.385032, "sentiment": 2}]}]