[{"text": "【金融时报：#华为接受英国5G网络要求#】据《金融时报》报道，华为同意英国安全官员的要求，解决其设备和软件中发现的风险，希望以此避免被排除在该国未来的#5G#电信网络之外。知情人士透露，华为高管本周与英国政府通信总署国家网络安全中心的高官见面，对方提出一系列技术要求。O金融时报：华为接受英国就5G网络提出的一系列要求​", "author": "新浪科技", "time": "新浪科技2018年12月07日15:45 来自微博weibo.com", "transmit": 1109, "comment": 2781, "zan": 10011}, {"text": "【深圳市政府就华为首席财务官被拘押一事发表声明：强烈要求加方立即放人】深圳市政府相关负责人6日就华为公司首席财务官孟晚舟在加拿大被拘押一事发表声明：我们密切关注此事，强烈要求加拿大方面立即澄清事实，解除无理拘押，切实保障当事人的合法、正当权益，立即释放被拘押人员。我们将继续关注事态进展，协助华为等在深企业维护在境内外正当权益。", "author": "深圳微博发布厅", "time": "深圳微博发布厅2018年12月07日00:13 来自微博weibo.com", "transmit": 53132, "comment": 33058, "zan": 175438}, {"text": "【华为致供应商一封信：不会因美国无理改变合作关系】华为CFO孟晚舟被暂扣一事轰动市场。华为在致全球供应商伙伴公开信中表示，美国政府通过各种手段对一家商业公司施压，是背离自由经济和公平竞争精神的做法。但华为不会因为美国政府的无理，而改变与全球供应链伙伴的合作关系。O华为致供应商一封信：不会因美国无理改变合作关系​", "author": "新浪科技", "time": "新浪科技2018年12月07日07:26 来自专业版微博", "transmit": 2171, "comment": 1605, "zan": 9730}, {"text": "【深圳市政府就#华为CFO孟晚舟被捕#一事发表声明：强烈要求加方立即放人】深圳市政府相关负责人6日就华为公司首席财务官孟晚舟在加拿大被拘押一事发表声明：我们密切关注此事，强烈要求加拿大方面立即澄清事实，解除无理拘押，切实保障当事人的合法、正当权益，立即释放被拘押人员。我们将继续关注事态进展，协助华为等在深企业维护在境内外正当权益。", "author": "央视新闻", "time": "央视新闻2018年12月07日07:05 来自微博weibo.com", "transmit": 1392, "comment": 2365, "zan": 6208}, {"text": "华为孟晚舟被加拿大拘留事件，建议政府必须强硬对应。​", "author": "郎咸平", "time": "郎咸平2018年12月07日09:17 来自iPhone7", "transmit": 552, "comment": 0, "zan": 7185}, {"text": "千玺在nova星等你帅到“极”点，全面到来，12月17日，@TFBOYS-易烊千玺邀你一起见证#华为nova4#自拍极点全面屏时代，敬请期待！L华为终端官方微博的秒拍视频​", "author": "余承东", "time": "余承东2018年12月07日20:03 来自千玺在nova星等你超话", "transmit": 15979, "comment": 1019, "zan": 6263}, {"text": "这世界上有一颗星，如星眸般璀璨。12月17日，和@TFBOYS-易烊千玺一起期待#华为nova4#自拍极点全面屏。#千玺在nova星等你#L易烊千玺摘下nova星给你​", "author": "华为终端官方微博", "time": "华为终端官方微博2018年12月07日11:28 来自nova4自拍极点全面屏", "transmit": 69393, "comment": 5535, "zan": 18091}, {"text": "#华为CFO孟晚舟被捕#【中国外交部：孟晚舟是中国公民】针对有媒体猜测，孟晚舟不是中国公民，外交部发言人耿爽今天表示：“我在这里无法讨论关于此案的具体细节。但有一点我可以明确告诉你，根据《中华人民共和国国籍法》，孟晚舟是中国公民。”对于孟晚舟被拘押，耿爽还指出，迄今为止，不论加方还是美方，都未向中方提供任何当事人违反两国法律的证据。（央视记者黄惠馨）", "author": "央视新闻", "time": "央视新闻2018年12月07日19:02 来自微博weibo.com", "transmit": 500, "comment": 1862, "zan": 2544}, {"text": "【特鲁多甩锅：拘押华为高管，加政府知情但未参与】华为首席财务官孟晚舟在加拿大被拘押事件曝光后，引起各方关注。据加拿大环球新闻网6日消息，当地时间周四，加拿大总理特鲁多首次公开回应这一事件。特鲁多在蒙特利尔的电视讲话中对记者表示，加拿大政府未参与华为高管在温哥华机场被拘留一事。特鲁多说，渥太华在事件发生前几天得到通知，知道将要拘押孟晚舟，且美方已要求进行引渡。鉴于孟晚舟周五将面临保释听证会，他拒绝透露更多细节。“有关机构在没有任何政治介入或干涉的情况下做出了这一决定……我们提前几天被告知，相关工作已经在进行当中，”特鲁多说，“不过，这项决定当然没有涉及政治层面的参与，因为我们尊重司法程序的独立性。”当被问及是否与中方通过话时，特鲁多表示，他从未与国际同行就此案进行过对话。O特鲁多甩锅：拘押华为高管，加政府知情但未参与", "author": "环球时报", "time": "环球时报2018年12月07日08:50 来自微博weibo.com", "transmit": 541, "comment": 1383, "zan": 733}, {"text": "【外交部：孟晚舟是中国公民】在12月7日的外交部例行记者会上，有记者问及华为CFO孟晚舟的国籍问题。新闻发言人耿爽表示，案件细节无法提供，但有一点可以明确的是，按照《中华人民共和国国籍法》，孟晚舟是中国公民。（北青报）#任正非之女被逮捕#​", "author": "头条新闻", "time": "头条新闻2018年12月07日15:48 来自微博weibo.com", "transmit": 486, "comment": 2035, "zan": 1391}, {"text": "【华为中国区总裁鲁勇：无论经历怎样的风雨，必将砥砺前行】12月7日，华为中国区总裁鲁勇表示，在过去20年里，华为经历了非常多动人的时刻，而这些曾经的经历、艰辛、发展和贡献，也必将激励华为在未来，无论经历怎样的风雨，砥砺前行。L老板联播的秒拍视频​", "author": "新浪财经", "time": "新浪财经2018年12月07日17:27 来自微博weibo.com", "transmit": 219, "comment": 282, "zan": 614}, {"text": "【特鲁多甩锅：拘押华为高管，加政府知情但未参与】华为首席财务官孟晚舟在加拿大被拘押事件曝光后，引起各方关注。据加拿大环球新闻网6日消息，当地时间周四，加拿大总理特鲁多首次公开回应这一事件。特鲁多在蒙特利尔的电视讲话中对记者表示，他的政府没有卷入华为高管在温哥华被拘押一事。特鲁多说，渥太华在事件发生前几天得到通知，知道将要拘押孟晚舟，且美方已要求进行引渡。鉴于孟晚舟周五将面临保释听证会，他拒绝透露更多细节。“有关机构在没有任何政治介入或干涉的情况下做出了这一决定……我们提前几天被告知，相关工作已经在进行当中，”特鲁多说，“不过，这项决定当然没有涉及政治层面的参与，因为我们尊重司法程序的独立性。”当被问及是否与中方通过话时，特鲁多表示，他从未与国际同行就此案进行过对话。O特鲁多甩锅：拘押华为高管，加政府知情但未参与", "author": "环球网", "time": "环球网2018年12月07日08:48", "transmit": 614, "comment": 0, "zan": 937}, {"text": "#早安#【一觉醒来世界发生了什么】1、#华为CFO孟晚舟被捕#中国外交部：立即对拘押的理由作出澄清要求立即释放被拘押人员2、著名华裔科学家张首晟12月1日去世，曾发现“天使粒子”3、#2019年放假时间表#出炉，五一劳动节只放假1天！4、四川乐山公交爆炸案警方悬赏10万通缉嫌疑人5、中华田园犬更名为唐犬？主办方辟谣：唐犬是单独犬种，不能划等号6、成都一高校开了门“爬树课”——攀树运动课程，有学分、学时要求！", "author": "成都商报", "time": "成都商报2018年12月07日07:30 来自微博weibo.com", "transmit": 738, "comment": 670, "zan": 2963}, {"text": "【外交部辟谣：孟晚舟是中国公民】在12月7日的外交部例行记者会上，有记者问及华为CFO孟晚舟的国籍问题。新闻发言人耿爽表示，案件细节无法提供，但有一点可以明确的是，按照《中华人民共和国国籍法》，孟晚舟是中国公民。此前，在12月6日的记者会上，有记者提问称：据报道，孟晚舟持有加拿大和中国两国护照。孟晚舟入境加拿大时是持中国护照吗？这是否会影响此案作为领事案件的处理方式？外交部发言人耿爽表示：我刚才说了，我无法在此讨论关于此案的细节。（环球网）", "author": "环球时报", "time": "环球时报2018年12月07日16:10 来自微博weibo.com", "transmit": 176, "comment": 695, "zan": 790}, {"text": "【港媒：张首晟家人否认其去世与中美关系有关】著名华裔物理学家、斯坦福大学教授张首晟1日在美国去世，该消息5日被媒体报道后引发各界哀悼。但与此同时，社交媒体上也出现猜测，认为张首晟去世与当前中美关系或华为CFO孟晚舟在加拿大被捕有关。香港《南华早报》7日援引张首晟家人的话否认上述猜测，并称“这种无知的猜测是没有依据的”。对于种种猜测，张首晟家人的一名代表对《南华早报》表示，“这种无知的猜测是没有依据的”。该代表称，“我想借此机会驳斥将张教授的去世与中美关系趋紧或其他事件联系起来的种种猜测。丹华资本确实在美国的‘301报告’中被提及，但并没有接受调查或其他任何行动。”《南华早报》称，张首晟的家人在早些时候的一封电子邮件中称，“当我们面对这一毁灭性的新闻时，我们非常感谢我们所获得的支持和哀悼”。“但当我们为这一巨大损失感到悲伤时，我们会要求公众尊重我们的隐私。”O港媒：张首晟家人否认其去世与中美关系有关", "author": "环球时报", "time": "环球时报2018年12月07日12:10 来自微博weibo.com", "transmit": 176, "comment": 385, "zan": 415}, {"text": "【#华为接受英国5G网络要求#】英国脱欧了之后，再也不用看欧盟的脸色行事，拿下了英国就等于拿下了半个欧洲，还有中国市场这半个亚洲，美国佬的确着急了。中国的移动通讯5G时代就要来啦，了解一下5G究竟有多牛！（这个月买的新手机，明年就过时了）L思想夜话的秒拍视频​​​​", "author": "思想夜话", "time": "思想夜话2018年12月07日20:21 来自微博云剪", "transmit": 659, "comment": 591, "zan": 2750}, {"text": "一个前华为员工球友的私信：我是华为国际市场部的前员工，十几年前一毕业就开始跑华为海外了，华为做到今天太不容易了。亲身经历某国设备测试，除了局方测试人员紧盯着，那么小一个实验室，8台录像机同时录影，每测试一个项目就要把版本号拿出来对，还要把版本代码翻出来查长度，可是同时测试的其他厂家可没有这样的\"优待。", "author": "雪球", "time": "雪球2018年12月07日23:31 来自iPhone客户端", "transmit": 2341, "comment": 3247, "zan": 7091}, {"text": "璀灿星眸，“极”刻到来。12月17日，@TFBOYS-易烊千玺和你一起迎接#华为nova4#自拍极点全面屏时代。#千玺在nova星等你#L华为终端官方微博的秒拍视频​", "author": "华为手机", "time": "华为手机2018年12月07日12:38 来自HUAWEIMate20Pro", "transmit": 9688, "comment": 1051, "zan": 6429}, {"text": "【外交部：加拿大美国均未提供华为首席财务官违法证据】新华社北京12月7日电（记者朱超）外交部发言人耿爽7日就华为公司首席财务官孟晚舟被拘押答记者问时说，加拿大和美国方面均未向中方提供当事人违反两国法律的证据。　　耿爽在当日例行记者会上表示，中方在第一时间向加方和美方提出严正交涉，表明中方的严正立场。“迄今为止，不论加方还是美方，都未向中方提供任何当事人违反两国法律的证据。”　　针对有关孟晚舟国籍的提问，耿爽表示，根据《中华人民共和国国籍法》，孟晚舟是中国公民。　　耿爽重申中方立场，要求对方立即对拘押理由作出澄清，立即释放被拘押人员，切实保障当事人的合法、正当权益。（新华视点）", "author": "环球时报", "time": "环球时报2018年12月07日21:07 来自微博weibo.com", "transmit": 144, "comment": 143, "zan": 424}, {"text": "自拍极点全面屏到来，12月17日长沙，一起期待华为nova4登场。L华为终端官方微博的秒拍视频​​​", "author": "华为何刚", "time": "华为何刚2018年12月07日12:53 来自HUAWEIMate20Pro", "transmit": 10225, "comment": 547, "zan": 2246}, {"text": "最近表情包库存告急，终于等到这套土拨鼠表情包，来自最新华为视频L华为终端官方微博的秒拍视频​", "author": "草图君", "time": "草图君2018年12月07日16:30 来自微博weibo.com", "transmit": 823, "comment": 1020, "zan": 3361}, {"text": "【日本拟将华为排除采购清单，外交部：严重关切】据日本共同社7日报道，有日本政府相关人士透露，鉴于中国通信设备巨头华为技术和中兴通讯被指与中国情报机构有关，日本政府基本决定，事实上将这两家公司的产品排除出政府采购清单。在7日下午举行的外交部例行记者会上，发言人对此回应称，我们对有关报道表示严重关切。中国政府一贯鼓励中国企业按照市场原则和国际规则，在遵守当地法律的基础上开展对外友好合作。中日经贸合作本质是互利共赢的，华为和中兴公司长期在在日本合法经营。我们希望日方为中国企业在日运营提供公平的竞争环境，不要做有损双方互信和友好合作的事情。", "author": "环球时报", "time": "环球时报2018年12月07日15:26 来自微博weibo.com", "transmit": 279, "comment": 693, "zan": 296}, {"text": "【华为再下一城：与葡萄牙最大运营商签5G合同，2019年实现商用】据香港南华早报12月6日报道，华为已和葡萄牙最大电信运营商Altice签署一份合同，为后者提供网络升级的设备和软件，以在2019年实现支持商用5G标准。报道称，这是华为获得的第23家全球网络客户，从而巩固其全球最大电信设备制造商的地位。​", "author": "新浪军事", "time": "新浪军事2018年12月07日16:10 来自微博weibo.com", "transmit": 89, "comment": 148, "zan": 724}, {"text": "【金融时报：#华为接受英国5G网络要求#】据《金融时报》报道，华为同意英国安全官员的要求，解决其设备和软件中发现的风险，希望以此避免被排除在该国未来的5G电信网络之外。知情人士透露，华为高管本周与英国政府通信总署国家网络安全中心的高官见面，对方提出一系列技术要求。（新浪科技）O金融时报：华为接受英国就5G网络提出的一系列要求", "author": "Vista看天下", "time": "Vista看天下2018年12月07日19:38 来自iPhone客户端", "transmit": 59, "comment": 179, "zan": 276}, {"text": "【华为致信供应商：不会因美国的无理改变与全球伙伴的合作】7日，记者从华为处获悉，昨晚华为发布了致全球供应商伙伴的一封信。信中提到，公司CFO孟晚舟近日在加拿大转机时，被加拿大当局以美国政府要求引渡孟晚舟在纽约东区接受未指明指控为由临时扣留。华为称，在该指控方面获得的信息非常少，且并不知晓孟晚舟有任何不当行为，公司相信加拿大和美国司法体系最终将给出公正的结论。如果有进一步情况，会及时向全球供应商通报。华为认为，美国政府通过各种手段对一家商业公司施压，是背离自由经济和公平竞争精神的做法。但是，华为不会因为美国政府的无理，而改变与全球供应链伙伴的合作关系。O网页链接", "author": "新京报", "time": "新京报2018年12月07日10:48 来自微博weibo.com", "transmit": 80, "comment": 381, "zan": 268}, {"text": "据财经记者报道，华为首席财务官孟晚舟事件引全球市场关注。市场担忧情绪浓厚，供应商态度谨慎，华为供应链股票全线下跌。据香港媒体估算，6日大中华的华为供应链厂商市值蒸发600亿港元。我们今天几个朋友也在讨论，我们可以看到几个比较明确的结论：第一，中美贸易战已经逐渐演化为中美经贸战，未来我们的战线会涉及到经济、贸易、科技、文化多个方面，战争时间也很长。第二，美国为了对付中国，做了很多，他们的商务系统、贸易系统、情报系统都在发挥作用，这件事情已经不能从特朗普的推特上简单推断出美国下一步要做什么。第三，我们应该有自己的战略，制定出自己的目标，不能亦步亦趋，不能做简单反应式作战，在必要时，我们也也可以主动出手。", "author": "机工战略", "time": "机工战略2018年12月07日14:38 来自微博weibo.com", "transmit": 182, "comment": 135, "zan": 163}, {"text": "换机比想象轻松，体验大有不同。更懂你的EMUI9.0，给你多一个转粉#华为Mate20#的理由。​", "author": "华为终端官方微博", "time": "华为终端官方微博2018年12月07日16:01 来自微博weibo.com", "transmit": 101, "comment": 265, "zan": 678}, {"text": "【日媒：日本政府决定不采购华为、中兴产品】共同社7日援引消息人士的话称，日本政府已经决定不采购华为和中兴的通讯产品。日本中央政府各部门10日将召开会议，正式确认此事。报道称，因为考虑到中日关系，不会直接提及上述两个品牌的名字，可能会有“考虑到安全因素”等措辞。（@微天下）​", "author": "Vista看天下", "time": "Vista看天下2018年12月07日10:37 来自微博weibo.com", "transmit": 109, "comment": 360, "zan": 155}, {"text": "浩瀚宇宙群星璀璨，#nova星人#@TFBOYS-易烊千玺摘下最闪耀的一颗与你分享。12月17日，#华为nova4#自拍极点全面屏与你一起帅到极点！#千玺在nova星等你#L易烊千玺摘下nova星给你​", "author": "华为终端公司", "time": "华为终端公司2018年12月07日14:36 来自微博weibo.com", "transmit": 17010, "comment": 605, "zan": 2422}, {"text": "回顧我过去的微博，淨心在2013年已开始用华为手机，虽然当年技术未及苹果，但我仍坚持每年换一部华为，因为我坚信越多国人用国货，只要公司有钱，总有一天在技术上能超越苹果，国货当自强！​", "author": "陳淨心_香港", "time": "陳淨心_香港2018年12月07日12:27 来自华为手机", "transmit": 110, "comment": 280, "zan": 2695}]