[{"text": "我认识华为的一个女孩，安徽农村出身，说当时他爸不准备给她读高中了，让她去昆山打工，她叔叔是镇中学老师，还算有点见识，坚决不同意，跟他爸吵了一架，后来女生考了某211大学，又把英语搞到了8级，毕业后进了华为，现在常驻德国，在龙岗买了个三室，把他爸接过来了，又花几十万在县城帮她叔买了套两室养老（感谢他叔）另外，今天早上的一个新闻，湖北一个女生考省保密局第一名被刷的，可能因为这女生是自考生，但她现在的工作也不错，湖北某地级市正法委，如果心气不高，在当地找个工安系统的对象，对于贫苦农村的女孩，也算完成人生跨越了，不用当厂妹，不用喂猪喂鸡了。", "author": "湾区大佬", "time": "湾区大佬02月18日17:05", "transmit": 684, "comment": 1122, "zan": 6574, "sentiment": [{"positive_prob": 0.981536, "confidence": 0.95897, "negative_prob": 0.0184637, "sentiment": 2}]}, {"text": "#上海虹桥5G火车站#今日，上海移动携手华为正式在虹桥火车站启动建设5G网络，这将是首个采用5G室内数字系统建设的火车站，计划在2019年年内完成5G网络深度覆盖。5G火车站会有哪些智能的出行体验呢？来一睹为快L新浪科技的微博视频​", "author": "新浪科技", "time": "新浪科技02月18日18:20 来自微博weibo.com", "transmit": 31, "comment": 27, "zan": 66, "sentiment": [{"positive_prob": 0.970288, "confidence": 0.933974, "negative_prob": 0.0297119, "sentiment": 2}]}, {"text": "今日，上海移动携手华为在虹桥火车站举行了全球首个5G智慧火车站建设启动仪式这将是首个采用5G室内数字系统建设的火车站，计划在2019年年内完成5G网络深度覆盖。虹桥火车站将有哪些智能的出行体验？在元宵节来临之际，请跟随主持人小哈的镜头，一起到车站体验下吧L华为中国的微博视频​", "author": "华为中国", "time": "华为中国02月18日18:07 来自微博视频", "transmit": 55, "comment": 76, "zan": 401, "sentiment": [{"positive_prob": 0.941954, "confidence": 0.871009, "negative_prob": 0.058046, "sentiment": 2}]}, {"text": "【午间简评】携新一轮贸易谈判偏暖的消息刺激，今天市场再度在科技股的带动下强势上攻，半导体、光伏、消费电子（华为概念）、5G、国产软件、工业互联等我们反复说的，嘴皮都磨破了的中国制造2025行业成为市场的领涨标杆，年后掀起的科技股行情依然持续火热~另一方面，消费白马和权重股在外资的助推下，也保持了不错的涨势，上午盘的中位数涨跌幅也来到了1.9%左右，普涨行情背景下就需要量能的持续攀升了。上午盘上证的1200亿元及深证的1800亿元显然是足够的，但下午盘不可出现量能的突然急缩；一旦量能急缩表明早盘用力过猛，后续粮草不足，那么就很可能引发短线级别的调整，届时可主动止盈部分短线单。具体到操作策略上，还是维持设防守做多的准则不变，仓位偏低的可择强势科技股做切入，总仓位维持在5-7成左右为宜。", "author": "李开宇-价量兵法", "time": "李开宇-价量兵法02月18日12:16 来自360安全浏览器", "transmit": 25, "comment": 48, "zan": 366, "sentiment": [{"positive_prob": 0.778555, "confidence": 0.507901, "negative_prob": 0.221445, "sentiment": 2}]}, {"text": "【直播：火速围观！华为5G火车站正式启动】OnFebruary18,China'stechgiantHuaweiwillunveiltheworld'sfirst5GdigitalindoorsysteminShanghaiHongqiaoRailwayStation.JoinCGTNtoseehowfast5Gtechnologycanbe.CGTN的微博直播.​", "author": "CGTN", "time": "CGTN02月18日12:20 来自微博网页版", "transmit": 32, "comment": 31, "zan": 369, "sentiment": [{"positive_prob": 0.470993, "confidence": 0.419859, "negative_prob": 0.529007, "sentiment": 1}]}, {"text": "【华为内部确定今年目标超三星成全球最大智能手机商】业内人士称，@华为手机内部已经确定2019年的目标，试图赶超三星，成为全球最大的智能手机制造厂商。据报道，华为正增强智能手机芯片解决方案供应的自足性。2018年7月份，华为首次超越苹果公司成为全球智能手机第二大经销商。O华为内部确定今年目标超三星成全球最大智能手机商​", "author": "新浪科技", "time": "新浪科技02月18日10:30 来自专业版微博", "transmit": 31, "comment": 199, "zan": 122, "sentiment": [{"positive_prob": 0.961219, "confidence": 0.91382, "negative_prob": 0.038781, "sentiment": 2}]}, {"text": "发布了头条文章：《华为Mate20简评：顶着Mate20PRO光环的平庸之辈》O华为Mate20简评：顶着Mate20PRO光环的平庸之辈​", "author": "请不要叫我测评君", "time": "请不要叫我测评君02月18日23:02 来自微博weibo.com", "transmit": 559, "comment": 203, "zan": 214, "sentiment": [{"positive_prob": 0.46581, "confidence": 0.316191, "negative_prob": 0.53419, "sentiment": 1}]}, {"text": "【#英闻解码#今日破译：ExtraditionTreaty】美国司法部早前召开记者会,宣布正式起诉中国通讯制造商华为及其副董事长孟晚舟13项罪名。美国司法部表示,根据与加拿大之间的ExtraditionTreaty,要求加方将孟晚舟引渡至美国接受审讯。什么是ExtraditionTreaty?英闻解码,为你破译。L凤凰卫视的微博视频​", "author": "凤凰卫视", "time": "凤凰卫视02月18日15:00 来自微博weibo.com", "transmit": 21, "comment": 13, "zan": 43, "sentiment": [{"positive_prob": 0.748172, "confidence": 0.440383, "negative_prob": 0.251828, "sentiment": 2}]}, {"text": "【奥地利电信力挺华为奥媒：抵制华为是一场伪善讨论！】奥地利《标准报》：华为可能因一系列西方国家安全顾虑而退出这些国家的业务。但奥地利电信公司（官方持有部分股份）希望继续与华为合作。奥地利交通、创新与科技部在一份声明中警告说，排除华为可能会阻碍创新。该部还怀疑美国施加巨大压力背后隐藏着经济政策利益。O奥地利电信力挺华为奥媒：抵制华为是一场伪善讨论！", "author": "参考消息", "time": "参考消息02月18日11:04 来自微博weibo.com", "transmit": 28, "comment": 20, "zan": 122, "sentiment": [{"positive_prob": 0.852548, "confidence": 0.672328, "negative_prob": 0.147452, "sentiment": 2}]}, {"text": "近日，土耳其第一大运营商Turkcell选择华为共同建设面向5G演进的全云化核心网项目。该项目将成为全球最大的云化EPC网络，也是全球首次同时商用云化网络、CUPS、灰度升级等5G演进关键技术的核心网。华为将l提供面向5G的全云化核心网解决方案，助力Turkcell达成网络云化转型、平滑演进5G的集团战略。​", "author": "华为中国", "time": "华为中国02月18日10:50 来自微博weibo.com", "transmit": 23, "comment": 33, "zan": 357, "sentiment": [{"positive_prob": 0.982036, "confidence": 0.960079, "negative_prob": 0.0179643, "sentiment": 2}]}, {"text": "【杨洁篪舌战美副总统彭斯：中国没要求企业装“后门”搜情报】在中国华为遭遇美国强烈质疑的氛围中，中国国务委员、中央外事工作委员会办公室主任杨洁篪在慕尼黑为华为发声，强调中国政府没有要求企业安装“后门”或搜集外国情报，并为此与美国副总统彭斯激烈交锋。O杨洁篪舌战美副总统彭斯：中国没要求企业装“后门”搜情报​", "author": "早报网", "time": "早报网02月18日11:47 来自微博weibo.com", "transmit": 58, "comment": 33, "zan": 65, "sentiment": [{"positive_prob": 0.0522317, "confidence": 0.883929, "negative_prob": 0.947768, "sentiment": 0}]}, {"text": "5G时代已经来临，人类如何构建万物互联的智能世界？企业怎样通过创新激发新增长？如何凭借网络极简部署，让5G发展步入快车道？我们怎样通过创新的信息技术，演绎无处不在的联接、无所不及的智能？关于#MWC2019#世界移动大会的前沿资讯和最新进展，将在2月20日举办的华为MWC2019伦敦预沟通会上为你精彩呈现O华为5G新进展，2月20日伦敦见！", "author": "华为中国", "time": "华为中国02月18日16:04 来自微博HTML5版", "transmit": 12, "comment": 34, "zan": 226, "sentiment": [{"positive_prob": 0.921517, "confidence": 0.825593, "negative_prob": 0.078483, "sentiment": 2}]}, {"text": "抵制华为一定会无疾而终，影响这事最核心的是华为真的有技术好、有竞争力的产品，美国呢，真的只能叫，自己没有技术好、有竞争力的产品。你打架没有拳头，靠嘴喊，那怎么能打赢？发布了头条文章：《西方国家抵制华为将无疾而终》O西方国家抵制华为将无疾而终​", "author": "飞象网项立刚", "time": "飞象网项立刚02月18日12:55 来自微博weibo.com", "transmit": 81, "comment": 69, "zan": 166, "sentiment": [{"positive_prob": 0.118846, "confidence": 0.735897, "negative_prob": 0.881154, "sentiment": 0}]}, {"text": "【华为P30Pro将于3月26日发布】华为P30Pro将于3月26日在法国巴黎发布，拍照有大升级，可能支持5倍光学变焦，这次一个主要升级是超级变焦功能！P30Pro将是手机界的最强望远镜！​", "author": "C科技", "time": "C科技02月18日23:50", "transmit": 24, "comment": 206, "zan": 209, "sentiment": [{"positive_prob": 0.975792, "confidence": 0.946205, "negative_prob": 0.0242075, "sentiment": 2}]}, {"text": "【立个Flag：预计华为拍照旗舰P30系列外观惊艳，将再次引领新潮流】左手艺术，右手科技！作为华为2019年科技时尚旗舰扛鼎之作，我个人对P30系列外观非常期待。从P6的“美是一种态度”，到P9的“红蓝CP”，P10草木绿，再到P20极光蓝等，P系列总能引领全球智能手机外观设计潮流。大家预计一下，P30系列会有什么新东东再次惊艳全球？", "author": "人才76116", "time": "人才7611602月18日07:40 来自HUAWEIP20", "transmit": 17, "comment": 116, "zan": 96, "sentiment": [{"positive_prob": 0.977206, "confidence": 0.949346, "negative_prob": 0.0227941, "sentiment": 2}]}, {"text": "#对TA说晚安#人的一生总会有那么几次运气表爆棚的机会或时刻......说说【你在生活中都碰到过哪些奇迹般的“走运时刻”？】转评，小云将随机抽一位送出华为耳机。​", "author": "华为终端云服务", "time": "华为终端云服务02月18日22:07 来自微博weibo.com", "transmit": 256, "comment": 376, "zan": 171, "sentiment": [{"positive_prob": 0.953227, "confidence": 0.89606, "negative_prob": 0.046773, "sentiment": 2}]}, {"text": "小米9和华为P20Pro的后盖，你觉得哪个好看？​", "author": "搞机少女", "time": "搞机少女02月18日17:43", "transmit": 8, "comment": 303, "zan": 311, "sentiment": [{"positive_prob": 0.55156, "confidence": 0.00346568, "negative_prob": 0.44844, "sentiment": 2}]}, {"text": "华为风波是欧洲独立性试金石：中国不会像美国一样傲慢而变愚蠢去搞后门杀鸡取卵！迄今为止，没有任何国家、任何机构发现过华为在设备上做手脚、非法搜集设备使用者信息的证据，所有华为“为中国政府搜集情报”的指控都是基于想象。英国政府的结论，即英国国家网络安全中心认定，有办法限制在未来5G高速网络中使用华为设备的风险，为打消人们的这种担心提供了第三方的可信依据。其实对“华为搞情报”的担心本来就没那么重，因为它在市场和政治逻辑上都讲不通。华为这样的高科技巨头如果这么干，无异于自杀。中国政府如果强迫华为这么干，等于是扼杀国家的新兴产业，而华为所带动的产业繁荣对中国国家利益的贡献是一点情报根本无法同日而语的。近段时间西方有一些人跟着炒作“华为威胁”，背离了基本的实事求是精神，他们搞的是意识形态优先，为营造排挤中国的“政治正确”推波助澜。是否能够实事求是地使用物美价廉的华为设备，建设一个高效、便宜的5G网络，是欧洲能否捍卫自己独立角色的试金石。O社评：欧洲有独立性吗？华为风波是试金石", "author": "HW前HR", "time": "HW前HR02月18日21:55 来自HUAWEIMate20Pro", "transmit": 59, "comment": 57, "zan": 107, "sentiment": [{"positive_prob": 0.11475, "confidence": 0.745, "negative_prob": 0.88525, "sentiment": 0}]}, {"text": "【柳传志：不做改革中的牺牲者】作为改革开放后中国第一代企业家，年过七旬的联想控股董事长柳传志目前深耕投资，是为数不多仍在商界驰骋的一位。2018年5月，因为一场5G编码的投票风波，联想被拿来和华为作比较，再次引发关于“贸工技”和“技工贸”路线之争的大讨论。专访：O柳传志：不做改革中的牺牲者​", "author": "21世纪经济报道", "time": "21世纪经济报道02月18日00:01 来自21财经", "transmit": 21, "comment": 0, "zan": 32, "sentiment": [{"positive_prob": 0.599897, "confidence": 0.110882, "negative_prob": 0.400103, "sentiment": 2}]}, {"text": "【任正非：当前的困难处境催生华为变革】“当前的困难处境催生我们变革，我们要进行相应的组织结构变革调整，”2月18日，据华为内部社区，华为创始人任正非在近日召开的无线大会上提及华为遇到的外部困难，表示华为“在开放的心态下，要被迫更多的自力更生”。O任正非：当前的困难处境催生华为变革​", "author": "财新网", "time": "财新网02月18日21:56 来自财新网", "transmit": 38, "comment": 51, "zan": 89, "sentiment": [{"positive_prob": 0.190744, "confidence": 0.576125, "negative_prob": 0.809256, "sentiment": 0}]}, {"text": "【重磅：英国确认华为设备在5G应用上的风险可控】据英国《金融时报》报道，英国国家网络安全中心已经得出结论称，在5G网络中使用华为设备的风险是可控。知情人士称，英国的结论对欧洲其他国家将产生“重大影响”。如果英国有信心控制对威胁，其他国家也可以向公众保证，以审慎方式继续允许使用中国设备，只要采取英国建议的防范措施。O重磅：英国确认华为设备在5G应用上的风险可控", "author": "华尔街见闻APP", "time": "华尔街见闻APP02月18日09:57 来自微博weibo.com", "transmit": 31, "comment": 22, "zan": 50, "sentiment": [{"positive_prob": 0.528767, "confidence": 0.424666, "negative_prob": 0.471233, "sentiment": 1}]}, {"text": "【重磅：英国确认华为设备在5G应用上的风险可控】据英国《金融时报》报道，英国国家网络安全中心(NationalCyberSecurityCentre)在一份尚未公布的报告中已经得出结论称，在5G网络中使用华为设备的风险是可控。报道援引一位知情人士称，由于是英国“五眼联盟”成员，英国的结论对欧洲其他国家将产生“重大影响”。如果英国有信心控制对国家安全的威胁，其他国家也可以向公众保证，他们将会以审慎方式继续允许他们的通讯服务商使用中国设备，只要采取英国建议的防范措施。英国国家网络安全中心也正在参与英国政府对通讯基础设施的评估。这项评估由英国数字、文化、媒体和体育部(DCMS)牵头，预计在今年春季完成。报道援引知情人士称，DCMS的包括可能会包括如何应对华为对5G网络安全威胁的建议措施，可能会推荐供应商多样化，并对5G网络的某些领域进行部分限制。上周五，英国秘密情报机构军情六处(MI6)负责人AlexYounge表示，英国可能对华为采取相对温和的立场，他表示，这个问题太复杂，不能简单地禁止华为。他表示，这是一个“比加入或退出更复杂的问题”，各国“有主权解决这些问题”。评：美国费尽心机组织的对华为5G设备的围堵边境墙开始出现裂缝。", "author": "平民王小石", "time": "平民王小石02月18日16:43 来自魅族16旗舰手机", "transmit": 49, "comment": 27, "zan": 73, "sentiment": [{"positive_prob": 0.831597, "confidence": 0.62577, "negative_prob": 0.168403, "sentiment": 2}]}, {"text": "英国政府已经得出结论，认为5G网络使用华为的通讯设备所产生的风险可以得到有效的控制，华为参与英国未来的网络建设因此浮现一丝生机。英国军情六处负责人杨格表示，英国可能会就华为问题采取相对温和的立场，因为华为问题过于复杂，不能简单地一禁了事。他同时强调，各国都有权找出解决问题的办法。英国政府通信总部前负责人汉尼根最近也在媒体撰文说，英国国家网络安全中心“从未发现中国通过华为实施国家网络活动的证据”，“任何中国科技对5G网络的任何部分构成无法接受的威胁的指称都是胡说八道”。《金融时报》援引一位消息人士的话说，英国政府的结论对欧洲领导人来说分量很重，因为英国是“五眼联盟”成员，能够接触美国提供的敏感情报。他说：“其他国家就能争辩说，如果英国确信国家安全面临的威胁能够减轻，他们也能向公众和美国政府保证，他们将会审慎行事，继续允许他们的通讯服务商使用中国设备，前提是他们采取英国建议的防范措施。”消息人士透露，英国国家网络安全中心正在参与英国通讯基础设施的政府评估，并在计划今年春季发布的调查报告中提出防范华为对5G网络安全威胁的建议措施，后者可能包括提高供应商的多样性，并宣布5G网络的部分区域为禁区。", "author": "寰亚SYHP", "time": "寰亚SYHP02月18日08:40", "transmit": 31, "comment": 101, "zan": 126, "sentiment": [{"positive_prob": 0.0935756, "confidence": 0.792054, "negative_prob": 0.906424, "sentiment": 0}]}, {"text": "MaisieSly是一位有听觉障碍的小女孩，Jamaliah是一位有视觉障碍的老人。他们的世界总是充满缺憾，但他们依然渴望交流，希望像正常人一样感知生活。为此，华为携手合作伙伴，借助华为HiAI平台的人工智能，开发出能够帮助他们改变生活的应用，这是送给他们O最“好看”的礼物​", "author": "华为中国", "time": "华为中国02月18日11:25 来自微博weibo.com", "transmit": 15, "comment": 44, "zan": 254, "sentiment": [{"positive_prob": 0.98832, "confidence": 0.974045, "negative_prob": 0.0116799, "sentiment": 2}]}, {"text": "可折叠屏设备应该是今年除了5G之外的另一大技术热点，三星、华为、小米等手机大厂均已经或准备涉足该领域。而近期有消息，拥有黑莓和阿尔卡特两大手机品牌的TCL似乎也准备研发自己的可折叠屏设备。CNET报道称，他们从官方渠道获得的设备渲染图和专利图像文件显示，TCL目前正在开发至少5款柔性屏设备，包括2款平板电脑、2款手机以及1款可弯曲为手表/腕带形态的手机。CNET称有TCL高管向他们表示，TCL将于2020年发布旗下首款可折叠设备。", "author": "数字尾巴", "time": "数字尾巴02月18日23:14 来自iPhoneXS", "transmit": 21, "comment": 35, "zan": 66, "sentiment": [{"positive_prob": 0.949225, "confidence": 0.887166, "negative_prob": 0.0507754, "sentiment": 2}]}, {"text": "加拿大逮捕孟晚舟之前，任正非说华为公司要把全球独家技术给苹果用（如图，通过扶持苹果这些美国公司，与美国一起来领导世界），现在估计不会给了，华为现在的战略思路是技术上往前猛冲，把竞争对手能甩多远甩多远，你不仁，我也就不义了，和你美国一起来领导世界？不可能了！华为现在的目标是在IT产业上领导美国，这个也是被美国逼的", "author": "信通小熊猫", "time": "信通小熊猫02月18日15:00 来自微博HTML5版", "transmit": 30, "comment": 46, "zan": 78, "sentiment": [{"positive_prob": 0.773165, "confidence": 0.495922, "negative_prob": 0.226835, "sentiment": 2}]}, {"text": "【任正非与索尼CEO对话曝光：抑郁自杀、沿途下蛋、鼠窜挨打…华为成功的真相】任正非称，“2000年前，我曾是忧郁症患者，多次想自杀，每次想自杀时就给孙董事长（孙亚芳）打个电话。”O任正非与索尼CEO对话曝光：抑郁自杀、沿途下蛋、鼠窜挨打…华为成功的真相​", "author": "钛媒体APP", "time": "钛媒体APP02月18日23:53 来自钛媒体TMTpost", "transmit": 26, "comment": 5, "zan": 28, "sentiment": [{"positive_prob": 0.249876, "confidence": 0.44472, "negative_prob": 0.750124, "sentiment": 0}]}, {"text": "三星、华为、小米三款折叠手机对比！抛开实用性和耐用性不谈，这3款折叠屏手谁更厉害呢#苹果更新可折叠iPhone专利#LS丶Rachel的微博视频​", "author": "数码科技黑莓会", "time": "数码科技黑莓会02月18日23:26 来自微博云剪", "transmit": 22, "comment": 47, "zan": 62, "sentiment": [{"positive_prob": 0.495763, "confidence": 0.915258, "negative_prob": 0.504237, "sentiment": 1}]}, {"text": "愛嫌又愛用華為​", "author": "祖國是大陸", "time": "祖國是大陸02月18日18:04 来自Android客户端", "transmit": 5, "comment": 108, "zan": 83, "sentiment": [{"positive_prob": 0.860076, "confidence": 0.689058, "negative_prob": 0.139924, "sentiment": 2}]}, {"text": "【任正非与索尼CEO对话曝光：抑郁自杀、沿途下蛋、鼠窜挨打……华为成功的真相】日前，一份任正非会见索尼CEO吉田宪一郎会谈纪要流出，这份纪要以吉田宪一郎发问任正非的视角，揭开了不少华为鲜为人知的故事。任正非坦言自己曾因压力过大，患有忧郁症，多次想过自杀，他表示，“人一成功后，容易被媒体包装他的伟大，它没看到我们鼠窜的样子。”（平视日本）", "author": "中国商界网", "time": "中国商界网02月18日17:36 来自iPhone客户端", "transmit": 27, "comment": 4, "zan": 44, "sentiment": [{"positive_prob": 0.716377, "confidence": 0.369727, "negative_prob": 0.283623, "sentiment": 2}]}]