[{"text": "【感动！13岁少年卖画救患癌姑姑】13岁的重庆少年何思汗一岁时父母离异，被托付给当时33岁的姑姑何建华抚养。何建华为照顾侄子放弃成家。如今，何建华癌症复发，病情不容乐观。热爱绘画的何思汗在救治中心门外挥毫泼墨，为姑姑筹款治病。姑姑说，她最大的愿望就是还能再活两三年，看到思汗长大，也希望思汗能遇到伯乐，发现他的绘画才能。（北京青年报）L正能量News的秒拍视频", "author": "环球时报", "time": "环球时报2018年12月03日08:50 来自微博weibo.com", "transmit": 562, "comment": 433, "zan": 2759}, {"text": "“点”到即可#华为nova4#​", "author": "华为终端官方微博", "time": "华为终端官方微博2018年12月03日12:08 来自nova4自拍极点全面屏", "transmit": 1319, "comment": 1572, "zan": 5240}, {"text": "银联为你付一半12.12银联半价补贴节来了！！！我们联合40万线上线下商户、全国各大银行、华为苹果三星小米，倾情推出疯狂半价活动，更有折上折、立减、多倍积分，10亿补贴等你来抢！双12，银联替你付一半​​​​", "author": "云闪付", "time": "云闪付2018年12月03日17:25 来自微博weibo.com", "transmit": 228, "comment": 330, "zan": 420}, {"text": "看到结局的我，差点眼泪流下来…瞬间想对相爱相杀的同事说#谢谢你的AI#！12月7日苏宁华为超级品牌日的这波骚操作，我服气！L苏宁手机的秒拍视频​", "author": "影视圈达人", "time": "影视圈达人2018年12月03日12:15 来自微博weibo.com", "transmit": 1051, "comment": 1042, "zan": 1127}, {"text": "#华为nova4#“点”亮自拍全面屏时代！​", "author": "华为手机", "time": "华为手机2018年12月03日13:42 来自微博weibo.com", "transmit": 140, "comment": 395, "zan": 882}, {"text": "【华为广告又和苹果对着干：这次直接把iPhone埋了】华为看苹果不爽是全世界众所周知的秘密。11月28日，华为在推特上发布了“讽苹果捧华为式”的最新广告，不仅全程西班牙语，更是选用了智利的著名演员。而这次“黑粉”华为直接把iPhone4或是iPhone4S给埋了。@梨视频L老板联播的秒拍视频​", "author": "新浪科技", "time": "新浪科技2018年12月03日03:15 来自微博weibo.com", "transmit": 103, "comment": 442, "zan": 244}, {"text": "以前没钱，买华为；现在没钱买华为。以前没钱，买苹果，现在有钱买小米。​", "author": "中国IT杂谈", "time": "中国IT杂谈2018年12月03日08:39", "transmit": 196, "comment": 1311, "zan": 1397}, {"text": "【13岁少年卖画为患癌姑姑筹款治病姑姑：再活两三年看到他长大】13岁的重庆少年何思汗一岁时父母离异，被托付给当时33岁的姑姑何建华抚养。何建华为照顾侄子放弃成家。如今，何建华癌症复发，病情不容乐观。热爱绘画的何思汗在救治中心门外挥毫泼墨，为姑姑筹款治病。姑姑说，她最大的愿望就是还能再活两三年，看到思汗长大，也希望思汗能遇到伯乐，发现他的绘画才能。（北京青年报）O网页链接", "author": "新闻晨报", "time": "新闻晨报2018年12月03日16:10 来自微博weibo.com", "transmit": 36, "comment": 36, "zan": 303}, {"text": "随时随地的自在分享，怎能被一根线束缚？#华为Mate20#的无线投屏功能，实现手机与电脑、电视的无线连接只要2步，非常轻便，推荐给大家！​", "author": "余承东", "time": "余承东2018年12月03日20:06 来自HUAWEIMate20Pro", "transmit": 39, "comment": 270, "zan": 473}, {"text": "难过，我的华为浴霸翡冷翠顶配版，不小心掉地上磕了一个碰，早知道上「趣评测商城」买一个保护壳了。​", "author": "李杰灵", "time": "李杰灵2018年12月03日21:08", "transmit": 41, "comment": 399, "zan": 951}, {"text": "全球首款极点全面屏——#华为nova4#新机发布时间确定！12月17号，地点长沙，易烊千玺做为全球代言人会不会出现在现场呢？我们拭目以待吧！Nova4大家期待吗？#易烊千玺十八岁成年亦乘风#​", "author": "建华Wei业", "time": "建华Wei业2018年12月03日12:21 来自易烊千玺超话", "transmit": 44, "comment": 105, "zan": 562}, {"text": "#华为畅享#9Plus6GB+128GB版本，1999元，12月7日正式开售！​", "author": "华为终端官方微博", "time": "华为终端官方微博2018年12月03日10:51 来自微博weibo.com", "transmit": 52, "comment": 208, "zan": 971}, {"text": "挖孔全面屏新机：华为nova4，12月17日长沙发布。​", "author": "ZEALER中国", "time": "ZEALER中国2018年12月03日13:48 来自微博weibo.com", "transmit": 23, "comment": 165, "zan": 204}, {"text": "银联为你付一半12.12银联半价补贴节来了！！！我们联合40万线上线下商户、全国各大银行、华为苹果三星小米，倾情推出疯狂半价活动，更有折上折、立减、多倍积分，10亿补贴等你来抢！双12，银联替你付一半​​​​", "author": "中国银联", "time": "中国银联2018年12月03日13:43 来自专业版微博", "transmit": 34, "comment": 58, "zan": 109}, {"text": "【任正非女儿带你揭秘国际名媛舞会：我的珠宝一直展在卢浮宫】近日，在巴黎名媛舞会LeBal上，华为创始人任正非的小女儿姚安娜首次亮相于公众，而在12月1日VPhotoX艾诚的专访视频中，任正非小女儿逐一揭秘了巴黎名媛舞会后台存放礼服和珠宝的房间情况。L大佬时间的秒拍视频​", "author": "大佬时间", "time": "大佬时间2018年12月03日12:04 来自微博weibo.com", "transmit": 32, "comment": 34, "zan": 99}, {"text": "【7000亿，华为再次震惊世界】华为轮值董事长宣布：华为2018年营收将超过1000亿美元大关，同比增长17%左右！是的，你没看错，今年，华为将正式成为千亿美元企业（折合人民币超过7000亿），这是在苹果和三星之后，华为是全球第三家迈入千亿美元俱乐部的电子公司，他属于中国。这个营收有多牛呢？华为的年收入，是阿里的3倍。根据阿里巴巴2018财年业绩，阿里巴巴2018财年全年收入为2500亿。也就是说阿里巴巴的年收入约为华为的1/3。华为的年收入，是格力的4倍。按照董明珠的说法，格力电器的营收，2018年将达到2000亿元，也就是说，格里的年收入约为华为的1/4。华为的年收入，是小米的7倍。小米2017年营收，约1000亿元。更让人高兴的是，华为智能手机2018年发货量将近2亿台，同比增长33%，接近全球第二；《福布斯》2018年全球最具品牌价值榜100强正式公布，华为凭借84亿美元的品牌价值连续第二年进入榜单，依旧成为唯一上榜的中国品牌。更重要的是，这7000亿，是不搞金融不炒房地产不上市赚来的，还有超过一半以上来自国外！同时2017华为仅在中国就缴税超710亿，纳税额拿下民营企业500强第一，员工人均年薪超过70万！华为再次震惊世界，更是民族的骄傲！", "author": "中国IT杂谈", "time": "中国IT杂谈2018年12月03日21:34", "transmit": 90, "comment": 107, "zan": 210}, {"text": "【任正非小女儿带你参观巴黎名媛舞会试衣间：我的珠宝展在卢浮宫】华为创始人任正非的小女儿Annabel参加了今年的巴黎名媛舞会，VPhotox艾诚的专访揭秘了舞会后台试衣间与珠宝间。Annabel表示，自己的珠宝之前一直展在卢浮宫里L见闻企业家的秒拍视频​", "author": "见闻企业家", "time": "见闻企业家2018年12月03日14:14 来自秒拍网页版", "transmit": 165, "comment": 51, "zan": 56}, {"text": "【感动！13岁少年卖画救患癌姑姑】13岁的重庆少年何思汗一岁时父母离异，被托付给当时33岁的姑姑何建华抚养。何建华为照顾侄子放弃成家。如今，何建华癌症复发，病情不容乐观。热爱绘画的何思汗在救治中心门外挥毫泼墨，为姑姑筹款治病。姑姑说，她最大的愿望就是还能再活两三年，看到思汗长大，也希望思汗能遇到伯乐，发现他的绘画才能。L正能量News的秒拍视频", "author": "达人", "time": "达人2018年12月03日09:37 来自iPhone客户端", "transmit": 24, "comment": 12, "zan": 49}, {"text": "#华为视点#在斯坦福大学发布的DAWNBenchmark最新排行榜上，华为云ModelArts以10分28秒的成绩，在图像识别的总训练时间上排名第一斯坦福大学DWANBench是用来衡量端到端的深度学习模型训练和推理性能的国际权威基准测试平台，相应的排行榜反映了当前全球业界深度学习平台技术的领先性。​", "author": "华为中国", "time": "华为中国2018年12月03日14:31 来自微博weibo.com", "transmit": 19, "comment": 24, "zan": 269}, {"text": "#对TA说晚安#每个人心中，都有一本难忘的书。它影响着你，指引着你。在阅读中，生活变得立体、思想的层次开始分明。【哪本书对你的影响最大】转评，小云将抽一位送出华为耳机一副。​", "author": "华为终端云服务", "time": "华为终端云服务2018年12月03日22:00 来自微博weibo.com", "transmit": 195, "comment": 348, "zan": 139}, {"text": "【华为广告又和苹果对着干：这次直接把iPhone埋了】华为看苹果不爽是全世界众所周知的秘密。11月28日，华为在推特上发布了“讽苹果捧华为式”的最新广告，不仅全程西班牙语，更是选用了智利的著名演员。而这次“黑粉”华为直接把iPhone4或是iPhone4S给埋了。@梨视频L老板联播的秒拍视频​", "author": "凤凰网财经", "time": "凤凰网财经2018年12月03日16:06 来自微博weibo.com", "transmit": 25, "comment": 138, "zan": 55}, {"text": "【任正非小女儿带你参观巴黎名媛舞会试衣间：我的珠宝展在卢浮宫】华为创始人任正非的小女儿Annabel参加了今年的巴黎名媛舞会，VPhotox艾诚的专访揭秘了舞会后台试衣间与珠宝间。Annabel表示，自己的珠宝之前一直展在卢浮宫里L见闻企业家的秒拍视频​​​", "author": "创业家传媒", "time": "创业家传媒2018年12月03日16:59 来自微博weibo.com", "transmit": 84, "comment": 14, "zan": 45}, {"text": "【#华为广告再讽苹果#：这次直接把iPhone埋了】华为看苹果不爽是全世界众所周知的秘密。11月28日，华为在推特上发布了“讽苹果捧华为式”的最新广告，不仅全程西班牙语，更是选用了智利的著名演员。而这次直接把iPhone4或是iPhone4S给埋了。L老板联播的秒拍视频​", "author": "电商报", "time": "电商报2018年12月03日08:12", "transmit": 99, "comment": 58, "zan": 57}, {"text": "华为nova4将于12月17号在长沙发布，期待嘛​", "author": "数码研究所", "time": "数码研究所2018年12月03日14:07", "transmit": 38, "comment": 207, "zan": 535}, {"text": "【任正非小女儿揭秘巴黎名媛舞会：我的珠宝一直展在卢浮宫】华为创始人任正非的小女儿AnnabelYao于11月24日晚亮相巴黎名媛舞会。12月1日，VPhotoX艾诚的专访揭秘了巴黎名媛舞会后台存放礼服和珠宝的房间。她说，她的珠宝之前一直展在卢浮宫里。L老板联播的秒拍视频​", "author": "老板联播", "time": "老板联播2018年12月03日11:21 来自微博weibo.com", "transmit": 25, "comment": 28, "zan": 71}, {"text": "自拍极点全面屏，#华为nova4#12月17日长沙见！​", "author": "华为商城", "time": "华为商城2018年12月03日14:18 来自HUAWEIMate20", "transmit": 40, "comment": 73, "zan": 151}, {"text": "奇妙交响乐——「SoundofLight」的诞生，取景于挪威特罗姆瑟星空下的绚烂极光，由智慧之“芯”#华为Mate20#Pro定制AI系统分析极光不同特征元素，将其转化为音乐元素后纳入编曲，由顶级指挥家和乐团在维也纳的勃拉姆斯音乐厅演奏。花粉们听完这首交响曲是否也跟官微君一样震撼呢？#华为终端全球荟#L柯南赵贰的秒拍视频", "author": "华为终端公司", "time": "华为终端公司2018年12月03日16:17 来自微博weibo.com", "transmit": 16, "comment": 22, "zan": 79}, {"text": "【新版智慧视觉：圣诞节心愿，想要哪一条？】1、变身时尚买手2、识得神农百草3、翻译能手4、瘦成闪电#玩机技巧#试试全新华为智慧视觉吧~贴心升级：1、支持识物定帧，定格住每个清晰的瞬间2、卡路里独立tab，精确呈现三大营养元素含量3、AR翻译和拍照翻译随心切换12月7日起，智慧视觉新版本开始逐步向用户开放升级哦~", "author": "华为EMUI", "time": "华为EMUI2018年12月03日18:11 来自微博weibo.com", "transmit": 8, "comment": 93, "zan": 89}, {"text": "华为nova4将在12月17号长沙发布。根据此前的消息，华为nova4将使用极点全面屏，主打拍照。或搭载麒麟980处理器，6GBRAM，主摄为索尼IMX498，后置三摄为1600万+2400万+1600万像素。后置指纹识别。而大家最关心的开孔，大小大概为4.5mm，对观感的影响不大（对比刘海）。屏占比或超92%。​", "author": "锋潮科技", "time": "锋潮科技2018年12月03日12:37 来自微博weibo.com", "transmit": 111, "comment": 119, "zan": 51}, {"text": "【美国找盟友围堵华为，5G规格谁说的算？】华为5G在全球到底多厉害，看看中国台湾媒体怎么报道的，就喜欢看台湾同胞“吹”华为，听着都有劲儿L搞笑姐的秒拍视频标签:华为#科技#​", "author": "建华Wei业", "time": "建华Wei业2018年12月03日17:47 来自华为超话", "transmit": 27, "comment": 38, "zan": 93}]