[{"text": "【#iPhone11和华为Mate30迎来最强对决#！iPhone11狂排队，华为Mate30预售火爆】20日苹果iPhone11系列开售，与此同时，19日刚亮相的华为Mate30系列也在火爆预订中。一面，各地苹果店门口人头攒动；另一面，华为新机在天猫京东已预售超12万台。你会选择浴霸苹果，还是滚筒华为呢？你会选择浴霸苹果，还是滚筒华为呢？", "author": "新浪科技", "time": "新浪科技09月22日09:21 来自微博weibo.com", "transmit": 224, "comment": 969, "zan": 46669, "sentiment": [{"positive_prob": 0.949079, "confidence": 0.886842, "negative_prob": 0.0509209, "sentiment": 2}]}, {"text": "明星偷税吸毒被原谅，袁隆平买华为手机却被羞辱，这才是时代最大的悲哀！​", "author": "爆笑三叔", "time": "爆笑三叔09月22日17:30 来自微博weibo.com", "transmit": 306, "comment": 380, "zan": 4925, "sentiment": [{"positive_prob": 0.237656, "confidence": 0.471876, "negative_prob": 0.762344, "sentiment": 0}]}, {"text": "【A股公司摆摆手，芯片江湖路难走】9月19日，华为震撼发布“鲲鹏+昇腾”双引擎，形成了以“鲲鹏+昇腾”为核心的基础芯片族。华为从2004年开始投资研发第一颗嵌入式处理芯片，历经15年，目前投入超过2万名工程师。看着华为在芯片这条路上一骑绝尘，A股上市公司也有不少投身芯片产业。尽管近年来国家出台了扶持政策，但造芯之路上高技术、高投入、高端人才缺一不可，似乎A股上市公司在这条路上并不好走。L新浪财经的微博视频", "author": "新浪财经", "time": "新浪财经09月22日19:10 来自微博weibo.com", "transmit": 74, "comment": 76, "zan": 327, "sentiment": [{"positive_prob": 0.0419738, "confidence": 0.906725, "negative_prob": 0.958026, "sentiment": 0}]}, {"text": "【外媒现场测试：#华为Mate30成功安装谷歌应用#，实测正常运行】9月19日，华为发布Mate30系列手机，根据谷歌官方消息，此次华为Mate30系列手机没有预装Google服务。近日有外媒在华为Mate30上手动安装GooglePlay，进行测试并取得成功，且能顺利下载其他Google服务。L老板联播的微博视频​", "author": "新浪财经", "time": "新浪财经09月22日15:30 来自微博weibo.com", "transmit": 103, "comment": 220, "zan": 1333, "sentiment": [{"positive_prob": 0.952297, "confidence": 0.893994, "negative_prob": 0.0477027, "sentiment": 2}]}, {"text": "关于安兔兔和华为这个事情，本来不想过多讨论的，我今天正好借着这个机会说一下：华为现在有自己的芯片，老被别人说用的是ARM的架构，这话让专业人士听起来，都能笑掉大牙！而且即便华为在不久的将来有了自己的架构，也会有如下的质疑：华为会造芯片了又说光刻机，有了光刻机又说元器件，有了元器件又说原材料，有了原材料又说冯诺依曼，改了原理又说计算机起源………我寻思着ARM也不是美国公司啊，苹果、三星、微软这些也用的是这个呀，这三家也没有自己的呀。怎么就偏偏盯上华为了？难道华为非得18般武艺样样精通吗？华为开矿都不行，矿是自然界生产的，又不是你华为生产的，怎么能算全自研呢？我看到最后华为不重新造一个星球，这事儿都没法过去！#安兔兔#", "author": "长安数码君", "time": "长安数码君09月22日14:33 来自DXO屠榜Android", "transmit": 249, "comment": 701, "zan": 9271, "sentiment": [{"positive_prob": 0.0186617, "confidence": 0.958529, "negative_prob": 0.981338, "sentiment": 0}]}, {"text": "小米华为红米三星苹果无线运动海威特蓝牙耳机💯券在平仑噢！>>>蓝牙耳机推荐>>>>>种淡定冷静、理智清醒。静气不会与生俱来，需要不断地历练和积累。静以修身，非宁静无以致远。每临大事有静气，才能处变不惊，运筹于胸。以静气的不变应万变，坦然面对得失，便能心静如水，心情如水！​​​​", "author": "勺芭儿卷", "time": "勺芭儿卷09月22日09:27 来自OPPO智能手机", "transmit": 10, "comment": 28, "zan": 865, "sentiment": [{"positive_prob": 0.94173, "confidence": 0.870511, "negative_prob": 0.0582701, "sentiment": 2}]}, {"text": "#用5G无人挖掘机挖矿#【华为秀5G无人挖掘机：驾驶员3连屏如同玩游戏】河南洛阳栾川钼矿，这里不但有全球第一台5G遥控挖掘机，还有30辆无人驾驶的纯电动运输车，驾驶员可以坐在空调房里远程操控挖掘机，工作有了安全保障，挖矿效率也有极大提升。O华为秀5G无人挖掘机：驾驶员3连屏如同玩游戏​", "author": "新浪科技", "time": "新浪科技09月22日08:57 来自专业版微博", "transmit": 45, "comment": 47, "zan": 183, "sentiment": [{"positive_prob": 0.242221, "confidence": 0.461731, "negative_prob": 0.757779, "sentiment": 0}]}, {"text": "认个怂还阴阳怪气儿的华为的不算自研？我所佩服安兔兔的只有一点，就是这种东西也居然会有发表的勇气！用了arm框架就不叫自研了？那我国原子弹用了外国发现的核裂变原理就不能叫自主研发了？杂交技术是孟德尔开创的，所以袁隆平的杂交水稻不算自己的技术？请给我找一个从0%~100%全自研的技术一口一个海军，一口一个民族骄傲，这是#安兔兔#身为官博应该说的话？况且民族骄傲是华为说的啦？真乃以其昏昏使人昭昭！专业的机构就应该拿出铁一般的证据来摆事实讲道理，机构专不专业先不讨论，首先运营的小编不专业，对于行业的相关知识，严重缺乏，建议补课！勿聒噪乱视听都用公版架构，都这么简单的话，每个都可以有自己的芯片，沙子和架构不都有了吗？然后芯片呢？在哪里呢？可惗在位不谋事，公平权威日渐衰，真乃：无端弄笔是何人，剿袭华为麒麟芯。不悔自家无见识，却将丑语诋他人。", "author": "长安数码君", "time": "长安数码君09月22日14:07 来自DXO屠榜Android", "transmit": 163, "comment": 827, "zan": 6698, "sentiment": [{"positive_prob": 0.00594876, "confidence": 0.986781, "negative_prob": 0.994051, "sentiment": 0}]}, {"text": "安兔兔热搜了据说是因为小编业余骂华为麒麟是公版架构，你们觉得安兔兔跑分可信吗？#安兔兔#安兔兔专业可信吗？你会用吗​", "author": "熊姐", "time": "熊姐09月22日17:58 来自主页抽奖送iPhoneX", "transmit": 34, "comment": 239, "zan": 12052, "sentiment": [{"positive_prob": 0.149741, "confidence": 0.667242, "negative_prob": 0.850259, "sentiment": 0}]}, {"text": "【外媒现场测试：#华为Mate30成功安装谷歌应用#，实测正常运行】9月19日，华为发布Mate30系列手机，根据谷歌官方消息，此次华为Mate30系列手机没有预装Google服务。近日有外媒在华为Mate30上手动安装GooglePlay，进行测试并取得成功，且能顺利下载其他Google服务。#华为安装谷歌Play成功#@老板联播L老板联播的微博视频", "author": "梨视频", "time": "梨视频09月22日14:32 来自微博weibo.com", "transmit": 41, "comment": 242, "zan": 872, "sentiment": [{"positive_prob": 0.968169, "confidence": 0.929264, "negative_prob": 0.0318311, "sentiment": 2}]}, {"text": "前几天章子怡、秦海璐、梅婷、曾黎等中戏96级聚会有网友更是大呼“放眼望去都是演技派”。而今天开播的#电视剧在远方#简直就是演技派的聚会，刘烨、马伊琍、梅婷、保剑锋、曾黎，简直就是神仙阵容！《在远方》遇上#华为视频#，也是一个神仙搭配，华为、荣耀用户只要打开华为视频就能直接观看啦！​", "author": "八组兔区播报", "time": "八组兔区播报09月22日21:00 来自微博weibo.com", "transmit": 1340, "comment": 1708, "zan": 2484, "sentiment": [{"positive_prob": 0.976697, "confidence": 0.948215, "negative_prob": 0.0233033, "sentiment": 2}]}, {"text": "安兔兔说“用了公版架构的SOC不要说自主研发民族骄傲”。首先我看华为官方他们从来没有说自己是国产骄傲，代表国产什么的，华为自己定位就是商业机构，在商言商。其次，这种所谓公版架构的极端思维很可怕，否定一切。网友评论很经典“那基于瓦良格号改出来的辽宁舰算不算国产骄傲？那从日德法引进技术并整合升级的高铁算不算国产骄傲？采用AL31的歼20算不算国产骄傲？前期有苏联专家参与的中国第一颗原子弹算不算国产骄傲？中国用英语代码编程、用了很多开源知识的曾排世界第一超级计算机不是骄傲？”安兔兔代表这种极端思维就是一个企业要自己炼钢、自己挖沙子，自己种棉花才行了。曼哈顿离屏，三星9825是72帧，比高通855的71帧好，安兔兔就按三星GPU高，可76帧的麒麟990分数却最低。也就是说GPU曼哈顿离屏：麒麟990>>三星9825>高通855，安兔兔GPU排名却是三星9825>高通855>>麒麟990。什么对同样是ARM架构授权的高通捧，对三星捧，却刚好对麒麟踩呢？今天安兔兔引发众怒被锤，不就是因为吃相难看，终于翻车了吗？", "author": "HW前HR", "time": "HW前HR09月22日17:13 来自HUAWEIP30Pro", "transmit": 138, "comment": 508, "zan": 4961, "sentiment": [{"positive_prob": 0.134349, "confidence": 0.701446, "negative_prob": 0.865651, "sentiment": 0}]}, {"text": "【#华为苹果概念股狂涨#：30日涨幅超25%，大牛股今年已涨300%】近日，华为新款手机在各大线上平台预售火爆。据证券时报报道，华为概念股自8月以来就十分强势，华为概念指数在一个多月时间暴涨30％。其中沪电股份累计涨幅达到304%，韦尔股份的最新动态市盈率接近了惊人的1900倍。苹果概念股也同样强势，近一个月，苹果概念指数涨幅也高达25％。@老板联播L老板联播的微博视频", "author": "财经网", "time": "财经网09月22日21:53", "transmit": 39, "comment": 58, "zan": 351, "sentiment": [{"positive_prob": 0.957116, "confidence": 0.904701, "negative_prob": 0.0428844, "sentiment": 2}]}, {"text": "【史上最强手机对决！iPhone11疯狂排队，华为Mate30预售火爆：1天至少12万部！】虽然苹果的“浴霸三摄”在网上被疯狂吐槽，但苹果专卖店依然迎来不少“果粉”。9月20日苹果iPhone11系列国内线下开售，与此同时，9月19日刚刚亮相的华为Mate30系列也正在火爆预订中。你要换手机吗？O史上最强手机对决:果粉疯狂排队华为Mate30预售火爆​", "author": "新浪财经", "time": "新浪财经09月22日14:30 来自微博weibo.com", "transmit": 35, "comment": 546, "zan": 1251, "sentiment": [{"positive_prob": 0.97696, "confidence": 0.9488, "negative_prob": 0.02304, "sentiment": 2}]}, {"text": "明星偷税吸毒被原谅，袁隆平买华为手机却被羞辱，这才是时代最大的悲哀！​", "author": "痞湿傅", "time": "痞湿傅09月22日22:05 来自即刻笔记", "transmit": 39, "comment": 76, "zan": 502, "sentiment": [{"positive_prob": 0.237656, "confidence": 0.471876, "negative_prob": 0.762344, "sentiment": 0}]}, {"text": "【#用5G驾驶无人挖掘机挖矿#，远程操作更安全】据华为中国消息，河南洛阳栾川钼矿成为了全球第一家采用5G技术的无人矿山，从开采到运输可以远程操作和无人操作，每年节约人工成本1200万左右，生产效率提升30%左右。效率增加的同时也让矿工们远离了矿区的危险，驾驶员只需在遥控室利用5G通信设备和显示屏就能远程操控挖掘机，好像在玩游戏一样轻松舒适~", "author": "凤凰网科技", "time": "凤凰网科技09月22日07:59 来自微博weibo.com", "transmit": 73, "comment": 149, "zan": 623, "sentiment": [{"positive_prob": 0.972902, "confidence": 0.939782, "negative_prob": 0.0270982, "sentiment": 2}]}, {"text": "【外媒现场测试：#华为Mate30成功安装谷歌应用#，实测正常运行】9月19日，华为发布Mate30系列手机，根据谷歌官方消息，此次华为Mate30系列手机没有预装Google服务。近日有外媒在华为Mate30上手动安装GooglePlay，进行测试并取得成功，且能顺利下载其他Google服务。L老板联播的微博视频​", "author": "新浪科技", "time": "新浪科技09月22日14:50 来自微博weibo.com", "transmit": 42, "comment": 51, "zan": 154, "sentiment": [{"positive_prob": 0.952297, "confidence": 0.893994, "negative_prob": 0.0477027, "sentiment": 2}]}, {"text": "华为阅读·DigiX读书会正式开始，领读人@阿来老师上台发表演讲，还与现场观众们分享了他对阅读的理解、对写作和人生的探讨，以及对广大青年朋友们勇攀高峰、探索未来的鼓励。书迷们更是热情踊跃提问，与阿来老师分享阅读和写作的话题。转评，随机抽送1副华为经典耳机。#DigiX数字生活节#​O抽奖详情", "author": "华为终端云服务", "time": "华为终端云服务09月22日16:19 来自微博weibo.com", "transmit": 149, "comment": 136, "zan": 73, "sentiment": [{"positive_prob": 0.975941, "confidence": 0.946535, "negative_prob": 0.0240592, "sentiment": 2}]}, {"text": "安兔兔的投资背景就不多谈了，作为本应该客观的芯片评测软件，竟然发表了一些业余不能再业余的“公版芯片”言论，让人感到诧异，安兔兔也想往“知名娱乐博主”发展了？懂点芯片架构知识都知道，ARM指令集就相当于语言，ARM架构提供的就是基本图纸参数，最终芯片架构内部什么样？还是芯片设计公司自主去决定。打个简单的比方，有人用英语这种“语言”写一本书，写书的人有没有该书的知识产权？有设计公司用基本的图纸参数，自己设计的图纸有没有知识产权？这么浅显的道理，安兔兔你不懂吗？就拿图1麒麟990架构来说吧，里边的基带、NPU、ISP（图像处理）等核心模块都是华为海思自研的。和高通、三星、苹果、联发科等的芯片设计流程一样，都是基于ARM再根据自己需求去设计，这几家的芯片都是它们国家民众及粉丝们的骄傲，怎么到华为就贬成“公版”不值得骄傲了？我们国家手机芯片在以前确实是远落后于人，在华为海思不懈努力下，到麒麟990在整体性上已经实现赶超，这是公认的，但海思在中国大陆还是太孤独。小米曾经在国内也推出了澎湃S1自主研发手机芯片，雷军也提出了把“芯片做成沙子价”的豪言壮语，这都是值得肯定的。澎湃S1也是基于ARM架构，就没人说他们是“公版”嘛，也不应该被说成“公版”，祝小米也能早日推出世界主流的芯片，搞芯片确实太难了，期待小米早日升起那一颗冉冉的中国“芯”！对安兔兔来说，希望你们不会被资本投资左右，要能做到对待高通、海思、三星、苹果芯片评价一个标准，不搞双重标准，那你们还能从娱乐领域向专业领域迈回一大步！#安兔兔##华为#", "author": "建华Wei业", "time": "建华Wei业09月22日16:43 来自HUAWEIMate20Pro", "transmit": 62, "comment": 131, "zan": 1056, "sentiment": [{"positive_prob": 0.0826335, "confidence": 0.81637, "negative_prob": 0.917367, "sentiment": 0}]}, {"text": "正式道个歉:上午的微博中，兔兔运营由于学艺不精，发出了“公版架构”的言论，在此向被误导的用户道歉。麒麟990系列是华为基于ARM授权的A76架构和G76架构研发的，同时集成了华为自主研发的NPU和基带等。选麒麟9905G没错的​", "author": "安兔兔", "time": "安兔兔09月22日14:03", "transmit": 264, "comment": 4141, "zan": 32556, "sentiment": [{"positive_prob": 0.344316, "confidence": 0.234854, "negative_prob": 0.655684, "sentiment": 0}]}, {"text": "看看我昨天拿到手的华为Mate30Pro吧。国内价格会在26号公布，另外7000多帧超级慢速摄影应该需要等待之后的升级固件，你们对它期待吗？L小娴一米八的微博视频​", "author": "小娴一米八", "time": "小娴一米八09月22日20:15 来自微博weibo.com", "transmit": 54, "comment": 280, "zan": 689, "sentiment": [{"positive_prob": 0.405102, "confidence": 0.0997738, "negative_prob": 0.594898, "sentiment": 0}]}, {"text": "晚上小区散步时，拍了一组iPhone11Pro和华为Mate20Pro的夜景模式的对比，每组图上面都是iPhone，下面都是华为。​", "author": "凉子的狗狗", "time": "凉子的狗狗09月22日21:26 来自iPhone客户端", "transmit": 33, "comment": 494, "zan": 807, "sentiment": [{"positive_prob": 0.810858, "confidence": 0.579685, "negative_prob": 0.189142, "sentiment": 2}]}, {"text": "华为Mate30搭载麒麟990处理器，27W的无线闪充以及强大的拍照功能，大家是否打算购买还是选择等11月买5G？你买不买？打算买哪款？​", "author": "刹那数码", "time": "刹那数码09月22日22:07", "transmit": 4, "comment": 39, "zan": 2699, "sentiment": [{"positive_prob": 0.569133, "confidence": 0.0425182, "negative_prob": 0.430867, "sentiment": 2}]}, {"text": "【余承东：若禁令解除，Mate30会立刻有谷歌服务/应用！】由于禁令的缘故，在Mate30系列上并没有安装谷歌的安卓应用，例如Play商店，YouTube，地图和Chrome等。不过，华为消费者集团CEO余承东表示，若美国将华为从黑名单中剔除并允许其再次从美国公司购买组件和软件，华为将在第一时间发布新的软件更新并‘在一夜之内’将谷歌服务和应用添加回Mate30系列手机中..", "author": "电脑报", "time": "电脑报09月22日10:13", "transmit": 98, "comment": 818, "zan": 2702, "sentiment": [{"positive_prob": 0.934779, "confidence": 0.855065, "negative_prob": 0.0652205, "sentiment": 2}]}, {"text": "华为这部短片《悟空》刷屏了！愿你永不知天高地厚！！#电影#L电影院菌的微博视频​", "author": "电影院菌", "time": "电影院菌09月22日20:00 来自微博视频", "transmit": 96, "comment": 16, "zan": 277, "sentiment": [{"positive_prob": 0.674021, "confidence": 0.275601, "negative_prob": 0.325979, "sentiment": 2}]}, {"text": "前几天章子怡、秦海璐、梅婷、曾黎等中戏96级才刚合体聚会，今晚梅婷、曾黎和刘烨这三个中戏96级就和马伊琍、保剑锋这样的上戏派在#电视剧在远方#相遇了华为、荣耀用户只要使用手机自带的#华为视频#就能直接观看《在远方》啦，一对欢喜冤家二十年的创业之路，你期待吗？​", "author": "新剧一直播", "time": "新剧一直播09月22日21:00 来自微博weibo.com", "transmit": 1145, "comment": 1726, "zan": 2430, "sentiment": [{"positive_prob": 0.872567, "confidence": 0.716816, "negative_prob": 0.127433, "sentiment": 2}]}, {"text": "感觉新的苹果手机拍照还是落后华为​", "author": "狂龙十八段", "time": "狂龙十八段09月22日12:07 来自iPhone11ProMax", "transmit": 17, "comment": 1, "zan": 1257, "sentiment": [{"positive_prob": 0.48535, "confidence": 0.706992, "negative_prob": 0.51465, "sentiment": 1}]}, {"text": "云次方郑大爷…sorry…用华为尽力拍了…可你真的就是…这么沙雕画风又懵逼可爱啊我太完蛋了…特好奇您喝了个啥，喝得这么起劲？是不是特好喝…喝出一脸“颜艺”嘬腮画风…生活不易，猫猫叹气…揉揉眼睛，困了。。。超绝可爱！！！最近越发觉得可爱一词，是最能表达喜爱之情的评价了…“大龙tei可爱了！”", "author": "我CP明明明明SZD", "time": "我CP明明明明SZD09月22日02:22 来自云次方超话", "transmit": 9, "comment": 19, "zan": 136, "sentiment": [{"positive_prob": 0.980198, "confidence": 0.955995, "negative_prob": 0.0198022, "sentiment": 2}]}, {"text": "辛巴上演历史最强宠粉送200台🍎手机做背景墙，历史最强阵容画面，如果官方允许，报备成功下次送100台奔驰🚗刚刚辛巴开启直播，后面摆着200台🍎📱，辛巴透露本来要买300台还有200台华为的，但是那边没有货得明天往回调，现在已经跟官方申请了，可以送手机，另外已经在向官方申请送汽车，如果官方允许，将订购100台奔驰送给粉丝。大家多多关注辛有志辛巴哦！L九卦_的微博视频", "author": "九卦_", "time": "九卦_09月22日18:54 来自iPhoneXSMax", "transmit": 25, "comment": 452, "zan": 1450, "sentiment": [{"positive_prob": 0.965024, "confidence": 0.922276, "negative_prob": 0.0349756, "sentiment": 2}]}, {"text": "华为阅读·DigiX读书会厦门站现场宣布特聘阿来老师为华为阅读领读人，与华为阅读一起倡导全民阅读计划。华为消费者业务华为阅读产品部部长彭雅女士为@阿来老师颁发领读人证书和一部最新上市华为Mate20X5G版手机，未来希望与老师一起让更多的人喜爱阅读，感受阅读的魅力。转评，随机抽送一个华为自拍杆。#DigiX数字生活节#", "author": "华为终端云服务", "time": "华为终端云服务09月22日16:39 来自微博weibo.com", "transmit": 123, "comment": 113, "zan": 69, "sentiment": [{"positive_prob": 0.958018, "confidence": 0.906708, "negative_prob": 0.0419815, "sentiment": 2}]}]