[{"text": "滴，好梦卡~今天在teamLab，触摸仲夏夜之梦，来直播间（O网页链接）和我一起探索夜晚的美妙时刻吧。明天的nova星人主题日也同样值得期待，小伙伴们都安排上了嘛！#nova夜色自拍大赛##苏宁华为超级新品日#2广州​", "author": "蒋梦婕", "time": "蒋梦婕08月01日19:50 来自nova5Pro人像超级夜景", "transmit": 6964, "comment": 6496, "zan": 4286, "sentiment": [{"positive_prob": 0.984059, "confidence": 0.964575, "negative_prob": 0.0159414, "sentiment": 2}]}, {"text": "天啦噜！nova携手teamLab打造的沉浸式网红展登陆广州啦！nova绮境乐园喊你来打卡！戳链接报名O网页链接nova星人赶快带上你的华为nova系列手机一起来玩吧！还可以来参加#nova夜色自拍大赛#​", "author": "广州日报", "time": "广州日报08月01日22:35 来自微博weibo.com", "transmit": 32, "comment": 33, "zan": 949, "sentiment": [{"positive_prob": 0.961871, "confidence": 0.915268, "negative_prob": 0.0381292, "sentiment": 2}]}, {"text": "#Cisco上海裁员#美国网络设备制造商思科（Cisco）上海裁员，网传赔偿是N+7，人均100多万。网友@RR笑看风云称思科裁员是东银中心一个部门被裁，该部门的产品被淘汰。#今日份科技瓜#此前，思科被发现使用华为代码。思科被网络安全咨询公司发现，产品交换机里用的密钥证书，是华为子公司研发的。思科对此解释称：在测试产品时使用了华为的代码，最后忘了删除。", "author": "凤凰网科技", "time": "凤凰网科技08月01日13:05 来自微博weibo.com", "transmit": 291, "comment": 460, "zan": 3091, "sentiment": [{"positive_prob": 0.103587, "confidence": 0.769807, "negative_prob": 0.896413, "sentiment": 0}]}, {"text": "【华为董事长梁华：开发手机系统是未雨绸缪，以免安卓不能使用】在7月30日的彭博电视访谈中，华为董事长梁华称，我们不知道美国政府是否会对安卓系统作出相关决定，开发系统是未雨绸缪。如果新的智能手机不能使用安卓系统，我们也有自己的操作和生态系统，这是对海外市场的策略。来源：@老板联播L老板联播的秒拍视频", "author": "新浪财经", "time": "新浪财经08月01日15:54 来自微博weibo.com", "transmit": 45, "comment": 272, "zan": 996, "sentiment": [{"positive_prob": 0.271916, "confidence": 0.395742, "negative_prob": 0.728084, "sentiment": 0}]}, {"text": "#照亮不平凡#什么是成功？是掌声、笑脸、鲜花、敬佩……每一段成功的背后都有着无数不为人知的艰辛与付出而这些奋斗过程往往才是最闪闪发亮的荣耀需要肯定努力更需要尊重@华为智选携手@OPPLE-欧普照明致敬每一个努力着的人们【广告】L二更视频的微博视频​​​", "author": "二更视频", "time": "二更视频08月01日20:00", "transmit": 449, "comment": 241, "zan": 2204, "sentiment": [{"positive_prob": 0.971394, "confidence": 0.93643, "negative_prob": 0.0286065, "sentiment": 2}]}, {"text": "#台风韦帕#来袭，如何及时获取台风信息？右滑主屏，在#华为智能助手#我的-情景智能中订阅“实时台风路径”卡片，台风信息#高效一步直达#，让你比台风更快。关注我+转发，8月10日抽1位小可爱送华为畅享9plus手机一台~​O抽奖详情​", "author": "中国联通", "time": "中国联通08月01日12:39", "transmit": 9362, "comment": 2298, "zan": 1503, "sentiment": [{"positive_prob": 0.981408, "confidence": 0.958684, "negative_prob": 0.0185921, "sentiment": 2}]}, {"text": "我说一事儿问一事儿就睡了，说:刺猬微博是4人用8台手机(3新红米，2vivoX27，1华为，2命苦未能拥有姓名)管，其中vivo最多，让我发的最多，我主动发的第二多，公司编的第三多，客户编的第四多。问:怎么设置能不显示手机型号啊？因为我觉得这样容易造成公众已知人设紊乱持续变异导致不可抗力风险拒绝理赔的重大灾难性事故。", "author": "走啤", "time": "走啤08月01日00:55 来自vivoX27", "transmit": 18, "comment": 356, "zan": 2120, "sentiment": [{"positive_prob": 0.263506, "confidence": 0.414431, "negative_prob": 0.736494, "sentiment": 0}]}, {"text": "巴金的散文《灯》里，有这样一句：「只有一点微弱的灯光，就是那一点仿佛随时都会被黑暗扑灭的灯光也可以鼓舞我多走一段长长的路。」文章里，巴金先生反复说，世界上的灯都不是特意给自己点燃的，但是自己却受了这些光很大的帮助。读这篇那时候刚好在灯下，突然觉得很触动。「灯」是一个光看到就觉得暖和珍贵的字眼。文学里的灯，是一个很重要的意象。吹灭读书灯，一身都是月。它代表光明，拨雪寻春，烧灯续昼。代表时间，桃李春风一杯酒，江湖夜雨十年灯。代表希望，以一灯代表黑夜前的黎明，代表漫漫荒野中的一丝人间气。 对灯一直有种特殊的情结。在我看来，灯始终和书联系在一起。点灯、翻书、伏案、书写，应该是一整套动作。读书效率变高，灯的效率也要变高。#照亮不平凡# 夜晚读书的话，可能身边不需要一个陪伴的人，但一定需要一盏足够亮的灯。——最好还能再贴心和智能一些。比如@华为智选 的欧普读写台灯。在绑定华为智能家居APP之后，这款灯就能远程操控开关、亮度、定时、还有倒计时功能，非常方便管理读书和工作时间。华为HiLink智生活样子也够文艺好看，对普通家居风格来说，应该是百搭的。安利给喜欢在夜晚读书的朋友～O网页链接   L华为智选的秒拍视频", "author": "知书少年果麦麦", "time": "知书少年果麦麦08月01日10:00 来自微博weibo.com", "transmit": 260, "comment": 71, "zan": 536, "sentiment": [{"positive_prob": 0.976916, "confidence": 0.948703, "negative_prob": 0.0230835, "sentiment": 2}]}, {"text": "随身携带电脑有负担？磁吸键盘+M-Penlite触控笔，#华为平板M6#一键切换电脑模式！戳视频看看解决了你哪些移动办公的烦恼？L华为终端官方微博的微博视频​", "author": "华为终端官方微博", "time": "华为终端官方微博08月01日18:01 来自微博视频", "transmit": 70, "comment": 221, "zan": 950, "sentiment": [{"positive_prob": 0.870897, "confidence": 0.713103, "negative_prob": 0.129103, "sentiment": 2}]}, {"text": "【对待中美贸易摩擦，没必要煽动年轻人的情绪】面对中美经贸摩擦，有人说爱国就应该抵制美货。但华为创始人任正非曾经表态：不能狭隘地认为买苹果手机就是不爱国。你是否认同把购买美国商品和爱国情绪挂钩的现象？#强国学堂#@共青团中央L中国青年报的微博视频​", "author": "中国青年报", "time": "中国青年报08月01日14:15 来自微博weibo.com", "transmit": 33, "comment": 30, "zan": 208, "sentiment": [{"positive_prob": 0.0554714, "confidence": 0.87673, "negative_prob": 0.944529, "sentiment": 0}]}, {"text": "#英特尔未断供华为#【英特尔：我没断供过华为】英特尔CEO鲍勃•斯旺7月31日对CNBC透露，即便是在华为被特朗普政府列入所谓的“实体清单”的第二季度，其公司也一直在向华为供应一些产品，而且这些产品经确认“符合相关法律法规”。他还透露，已经为其产品提交了相当多的申请，以获得向华为销售的许可，但并不清楚申请需要多长时间。这些产品主要是“一般用途的计算芯片”，他认为卖这些芯片给华为不会构成任何“国家安全风险”。O英特尔CEO：二季度一直给华为供货，已向美政府申请许可", "author": "观察者网", "time": "观察者网08月01日14:58 来自微博weibo.com", "transmit": 73, "comment": 91, "zan": 1517, "sentiment": [{"positive_prob": 0.213648, "confidence": 0.525227, "negative_prob": 0.786352, "sentiment": 0}]}, {"text": "发布了头条文章：《华为进击，小米溃败，雷军迎来人生最艰难一战》我给出的小米目标价为6.5港元，相比当前价格折让28%，对应港元市值1557亿港元，1370亿人民币，也就是200亿美元。为什么给小米这么低的目标价？请看全文。O华为进击，小米溃败，雷军迎来人生最艰难一战​", "author": "雪球", "time": "雪球08月01日23:10 来自微博weibo.com", "transmit": 236, "comment": 189, "zan": 666, "sentiment": [{"positive_prob": 0.881102, "confidence": 0.735782, "negative_prob": 0.118898, "sentiment": 2}]}, {"text": "此刻青岛万象城的小米之家和华为之家，以前小米之家都是人山人海，对面华为几乎没人，自从华为装修成小米之家的模式，人流也上来了，有点要赶超小米的势头。。。。。2青岛·万象城​", "author": "科技新一", "time": "科技新一08月01日13:08", "transmit": 32, "comment": 408, "zan": 2891, "sentiment": [{"positive_prob": 0.879891, "confidence": 0.733091, "negative_prob": 0.120109, "sentiment": 2}]}, {"text": "华为5GCPEPro是一款5G全网通智能路由器，它采用了7nm巴龙5000与凌霄双频Wi-Fi芯片，支持全千兆双宽带、插卡即刻开通；既能插卡上网，也能插网线上网，并且可通过华为智能家居APP找到更佳的摆放位置，确保5G信号接收更好。华为5GCPEPro，引领HiLink智能家居进入5G时代。L华为中国的微博视频​", "author": "华为中国", "time": "华为中国08月01日17:00 来自微博weibo.com", "transmit": 24, "comment": 57, "zan": 338, "sentiment": [{"positive_prob": 0.977393, "confidence": 0.949761, "negative_prob": 0.0226074, "sentiment": 2}]}, {"text": "在这活力盛夏，戴上#华为WatchGT#来一次酣畅淋漓的运动吧！​", "author": "华为何刚", "time": "华为何刚08月01日09:28 来自HUAWEIMate20X5G", "transmit": 16, "comment": 76, "zan": 186, "sentiment": [{"positive_prob": 0.688518, "confidence": 0.307817, "negative_prob": 0.311482, "sentiment": 2}]}, {"text": "实名举报荣耀9X虚假宣传！荣耀9X充电速率竟然是稳定在11.09W的，说好的10W呢？这不是虚假宣传，坑害消费者吗？有网友甚至感觉华为荣耀9X被锁了充电速率！18w(暗指某品牌)＝12w，10w＝11w，10w≈12w，所以10w约等于18w数据来源：@欧阳秋叶#荣耀9X##科技潮玩#​", "author": "长安数码君", "time": "长安数码君08月01日21:57 来自荣耀20PRO", "transmit": 11, "comment": 120, "zan": 754, "sentiment": [{"positive_prob": 0.110205, "confidence": 0.7551, "negative_prob": 0.889795, "sentiment": 0}]}, {"text": "市场研究机构IDC的最新报告显示，今年第二季度全球智能手机出货量排名为三星7550万台、华为5870万台、苹果3380万台、小米3230万台、OPPO2950万台。这样看起来小米再努努力就能超越苹果问鼎全球前三了。​", "author": "科技美学", "time": "科技美学08月01日17:44 来自微博weibo.com", "transmit": 21, "comment": 329, "zan": 1597, "sentiment": [{"positive_prob": 0.866636, "confidence": 0.703634, "negative_prob": 0.133364, "sentiment": 2}]}, {"text": "小米MIX4或支持「无线反向充电」电池容量更大XDA会员爆料在近期的MIUI测试版本中发现小米加了有关「反向无线充电」的代码字符串，联系到已经支持该功能的三星华为电池容量都在4000mAh以上，以及王腾之前在讨论小米快充的微博下回复网友“MIX4肯定比小米9快”，MIX4配备大于27W的有线快充和更大的电池容量可能性很大，大家期待吗？", "author": "小白测评", "time": "小白测评08月01日20:46", "transmit": 7, "comment": 328, "zan": 1587, "sentiment": [{"positive_prob": 0.770755, "confidence": 0.490566, "negative_prob": 0.229245, "sentiment": 2}]}, {"text": "2019华为新影像大赛已于7月31日正式截止征稿，共收获来自于全球150多个国家超过50万件的作品。8月，这些作品将接受初审及多位世界级影像大师终极评审，在这些精彩的作品中，你觉得哪张最有冠军相呢？让我们一同期待大奖得主的诞生！#新影像不止所见#O50万件投稿!可能是最受欢迎的手机摄影比赛​", "author": "华为手机", "time": "华为手机08月01日21:02 来自微博weibo.com", "transmit": 54, "comment": 45, "zan": 362, "sentiment": [{"positive_prob": 0.969993, "confidence": 0.933317, "negative_prob": 0.0300074, "sentiment": 2}]}, {"text": "#拒绝套餐我要单点#买个外卖桶玉米棒每次都扔？办了健身卡只偶尔去游个泳？想要全景天窗还非得配个真皮座椅？被套餐套路的日子今天结！束！啦！戳，超魔性漫画，看主人公如何逃离Tony老师的套餐套路！参与互动，和上汽MAXUSD60一起为单点打call，还有华为手机等大奖拿不停！拒绝套餐我要单点​", "author": "上汽MAXUS", "time": "上汽MAXUS08月01日15:23 来自微博weibo.com", "transmit": 27, "comment": 59, "zan": 320, "sentiment": [{"positive_prob": 0.345314, "confidence": 0.232635, "negative_prob": 0.654686, "sentiment": 0}]}, {"text": "发布了头条文章：《高低切换》#财经V峰会##财经每日必读#周四科创板+公告板/股权转让+科技/华为概念最强，主板放量下跌（预设明天止跌反弹，注意观察成交量能否有效放大）强势股接力的赚钱效应恢复，明日观察法尔胜,九鼎新材作为非科创板情绪标杆观察，短期空间板高度被限制，不宜追涨接力高位板，明日早盘如若情绪强一致，注意卖在一致时，主动止盈高位板，完成高低切换。科创板今日低开高走，龙头沃尔德再度超预期走强新高板，明日作为板块情绪标杆重点观察，交控科技，瀚川智能，福光股份，航天宏图，铂力特等（板块活跃品种）也继续观察，科创板今天集体高潮(毕业照？），明日注意逢高主动止盈，预设科创板要迎来第一次调整清洗浮筹，耐心狩猎。Ps:远离高位庄股，切勿博傻投机。O高低切换", "author": "lesliesay", "time": "lesliesay08月01日16:49 来自微博weibo.com", "transmit": 321, "comment": 143, "zan": 366, "sentiment": [{"positive_prob": 0.929714, "confidence": 0.843808, "negative_prob": 0.0702864, "sentiment": 2}]}, {"text": "这条好像看不到了？其实不止华为，今年发布和展示的瀑布屏分辨率都是FHD++，包括蓝绿。明年SDC、LGD和BOE等厂商都会有更高分辨率的解决方案，并往21:9遥控器方向步进。​", "author": "数码闲聊站", "time": "数码闲聊站08月01日14:38", "transmit": 13, "comment": 204, "zan": 942, "sentiment": [{"positive_prob": 0.492936, "confidence": 0.858716, "negative_prob": 0.507064, "sentiment": 1}]}, {"text": "华为也跟进悬浮窗功能了，但是目前只有小部分机型有，MD,系统区别对待只有华为干得出来​", "author": "杨超有个大梦想", "time": "杨超有个大梦想08月01日12:20 来自微博weibo.com", "transmit": 20, "comment": 365, "zan": 1109, "sentiment": [{"positive_prob": 0.503532, "confidence": 0.929363, "negative_prob": 0.496468, "sentiment": 1}]}, {"text": "估计华为手机受禁运影响海外销量跌了七成，1000万台。1.Counterpoint数据，华为二季度手机销量5670五台，而一季度是5910万台。表明上看下跌有限。2.其它来源数据，二季度华为手机中国市场份额冲到38%，销量高达3730万台，比起一季度的2990万大幅上涨。3.结合这两个数据，一季度华为手机海外销量2920万，二季度降为1940万，跌了三分之一。由于数据渠道来源不同，这是粗略的估算。4.华为被禁运是5月17日以后，4月销售是正常的，相当于二季度一半以上时间在正常销售。假设这一半多点时间海外销量与一季度持平，就约有1500万台。也就是说被禁运的一个半月只卖440万台了，如果假设正常销售能卖1500万个，则销量因禁运跌了70%。5.华为被禁对海外手机销售影响还是很大的，一个多月就少了1000万的量。受益最大的是三星，本来一季度同比跌8%的，二季度转为增长7.1%。三星和华为季度手机销量差距拉大到2000万台，如无禁运事件，本来二季度会缩小到500万台。6.据华为董事长梁华透露，海外手机销量已经恢复了80%。这个短期冲击应该已经过去了。", "author": "风云学会陈经", "time": "风云学会陈经08月01日10:07 来自小米9", "transmit": 43, "comment": 92, "zan": 185, "sentiment": [{"positive_prob": 0.00854283, "confidence": 0.981016, "negative_prob": 0.991457, "sentiment": 0}]}, {"text": "【#cisco上海裁员#：传赔偿是N+7，人均100多万】据凤凰网科技报道，网友@任RR笑看风云称思科裁员是东银中心的一个部门被裁，该部门的产品被淘汰。网传是N+7的赔偿方案人均100多万。此前，思科被发现使用华为代码。思科被网络安全咨询公司发现，产品交换机里用的密钥证书，是华为子公司研发的。思科对此解释称：在测试产品时使用了华为的代码，最后忘了删除。", "author": "虎嗅APP", "time": "虎嗅APP08月01日14:30 来自iPhone客户端", "transmit": 40, "comment": 29, "zan": 103, "sentiment": [{"positive_prob": 0.0667599, "confidence": 0.851645, "negative_prob": 0.93324, "sentiment": 0}]}, {"text": "资金趋势抬头迹象，短线有操作余地，中线等待企稳超跌机会。科创板连续超预期，沃尔德昨天卡位宇环数控，晋级华为概念龙头。科创板节奏快于主板，沃尔德后续可能没有买点了。法尔胜是过气龙头宇环数控的形态跟风，无买点。九鼎新材军工+股转，回踩强势突破后2连板，晋级空间龙头，后续缩量段无买点。华讯方舟是九鼎新材的小弟。#股市##股票#", "author": "股坛令狐冲", "time": "股坛令狐冲08月01日18:44 来自独孤一剑超话", "transmit": 144, "comment": 135, "zan": 146, "sentiment": [{"positive_prob": 0.514814, "confidence": 0.703716, "negative_prob": 0.485186, "sentiment": 1}]}, {"text": "华为真的是不死鸟呀，在美帝围追堵截的打压下，上半年营收的增长率居然比前两年还高；以23%超过去年的20%和前年的16%，大象依然快跑，假如不是美国人阻碍，估计30%以上！当然下半年不一定有这么高增长率，但已经够牛了；手机比三星苹果增长快很多，运营商方面的友商爱立信上半年长11.1%、诺基亚长4.78%，在特朗普拼命打华为5G等都不如华为。就在二个多月前，美国以为自己稳赢了；一些幸灾乐祸的带路党跟也喊出华为一个月必死，那群人着急的说2周停产、最乐观的也就说三个月必死，说任总发言是在忽悠。但就是美国举全国之力打压的华为、在至暗时刻，华为不仅没有在突袭和封锁中倒下，反而迸发出更强大的生命力。扛住了这场前所未有的“攻坚战”，这是属于华为的胜利，也是中国产业链的胜利。美国打压华为，本质其实是崛起大国与守成大国之间的竞争，这种竞争是全方位的，而科技一定又是重中之重。如果中国在汽车和航空也各有一个技术达到华为级别的国际一流公司，中国称雄世界是必然的。", "author": "HW前HR", "time": "HW前HR08月01日06:00 来自HUAWEIP30Pro", "transmit": 48, "comment": 113, "zan": 378, "sentiment": [{"positive_prob": 0.0556898, "confidence": 0.876245, "negative_prob": 0.94431, "sentiment": 0}]}, {"text": "性能差、软件适配差、生产力低，可能都是大家对安卓平板的主要印象。而搭载麒麟980的华为平板M6，却凭实力逐个撕下这些标签。一起来听听潮老师@姜唯的上手体验，告诉你安卓平板到底值不值得买。L锋潮评测室的秒拍视频​", "author": "锋潮科技", "time": "锋潮科技08月01日21:11 来自微博weibo.com", "transmit": 17, "comment": 92, "zan": 143, "sentiment": [{"positive_prob": 0.00517526, "confidence": 0.988499, "negative_prob": 0.994825, "sentiment": 0}]}, {"text": "【高通CEO：#华为令高通客户取消4G订单#】高通公司今天发布了截至6月30日的2019财年第三季度财报。财报显示，按照美国通用会计准则(GAAP)计算，高通第三财季营收为96亿美元，较上年同期的56亿美元增长73%；净利润为21亿美元，较上年同期的12亿美元增长79%。高通CEO史蒂夫·莫伦科夫(SteveMollenkopf)称，华为在中国国内手机市场的突飞猛进使得小米等公司客户押注5G，取消了4G机型订单，这影响了公司业绩展望。", "author": "凤凰网科技", "time": "凤凰网科技08月01日07:22 来自微博weibo.com", "transmit": 39, "comment": 72, "zan": 250, "sentiment": [{"positive_prob": 0.474213, "confidence": 0.484267, "negative_prob": 0.525787, "sentiment": 1}]}, {"text": "金融界《数说》梳理了华为、阿里、腾讯及苹果4家公司的财报，营收、盈利、人均创利、研发多维度进行对比，结果大家自己看，还是很大差距的。​", "author": "科技疯汇", "time": "科技疯汇08月01日08:49", "transmit": 27, "comment": 51, "zan": 86, "sentiment": [{"positive_prob": 0.520047, "confidence": 0.599059, "negative_prob": 0.479953, "sentiment": 1}]}]