[{"text": "【苹果iphone11或华为mate30，你会选哪一款？】#苹果在中国品牌地位暴跌#，从一年前的第11位在今年跌至第24位，而苹果的最大竞争对手华为，今年上升两个名次，排在第2位。近日，苹果新品iphone11预售出现“抢断货”，而今天华为推出的新产品——#华为mate30起售价799欧元#，如果换手机，你会选哪款？苹果iphone11或华为mate30，你会选哪一款？", "author": "每日经济新闻", "time": "每日经济新闻09月19日22:57 来自微博weibo.com", "transmit": 384, "comment": 1533, "zan": 221601, "sentiment": [{"positive_prob": 0.903865, "confidence": 0.786368, "negative_prob": 0.0961346, "sentiment": 2}]}, {"text": "【#华为Mate30发布会#直播】侧边操控？隔空操作？无线快充？超慢慢动作？夜景再升级？HUAWEIMate30系列还有哪些看点？除了旗舰手机，据说华为智慧屏也会一同亮相？关注@新浪手机一起看#浪人TV#的直播吧～新浪手机的微博直播.​", "author": "新浪手机", "time": "新浪手机09月19日19:58 来自微博网页版", "transmit": 12586, "comment": 33146, "zan": 556281, "sentiment": [{"positive_prob": 0.959908, "confidence": 0.910906, "negative_prob": 0.0400922, "sentiment": 2}]}, {"text": "【#华为Mate30#系列手机的黑科技：支持AI隔空操控】#华为Mate30发布会#19日，华为在德国慕尼黑发布Mate30系列手机。①#Mate30系列手机支持AI隔空操控#，隔空上下滑动、隔空抓取截屏，无需触碰屏幕，也能自在使用。②AI信息保护功能，可智能识别机主信息，陌生人注视屏幕时隐藏消息内容，更好地保护隐私。③AI屏幕随心功能，可识别人脸观看屏幕的角度，智能转换横竖屏。L华为终端官方微博的微博视频", "author": "中国新闻网", "time": "中国新闻网09月19日21:32 来自360安全浏览器", "transmit": 1408, "comment": 3295, "zan": 22893, "sentiment": [{"positive_prob": 0.982757, "confidence": 0.961682, "negative_prob": 0.0172433, "sentiment": 2}]}, {"text": "#华为新机亮点#华为在德国慕尼黑举办发布会，正式推出下半年旗舰产品——Mate30系列。这款手机亮点多多，包括是全球首款4000万像素电影级拍摄手机，首款集成5G芯片的手机，支持AI隔空操控，以及保时捷设计款售价高达15000多元等等……你认为这款手机的亮点在哪里呢？你觉得华为Mate30的亮点是什么？​", "author": "新浪科技", "time": "新浪科技09月19日21:43 来自微博weibo.com", "transmit": 81, "comment": 512, "zan": 26181, "sentiment": [{"positive_prob": 0.883774, "confidence": 0.74172, "negative_prob": 0.116226, "sentiment": 2}]}, {"text": "【#苹果在中国品牌地位暴跌#：支付宝第一华为第二】一项最新的年度中国消费者态度调查显示，苹果的品牌声誉从一年前的第11位在今年跌至第24位。而在2017年之前，苹果的品牌声誉曾排在第5位。与此同时，苹果的最大竞争对手华为，今年上升两个名次，排在第2位。对此，你怎么看？O苹果在中国品牌地位暴跌：支付宝第一华为第二​", "author": "新浪新闻", "time": "新浪新闻09月19日16:41 来自专业版微博平台", "transmit": 1050, "comment": 8825, "zan": 110645, "sentiment": [{"positive_prob": 0.965115, "confidence": 0.922477, "negative_prob": 0.0348853, "sentiment": 2}]}, {"text": "【#苹果在中国品牌地位暴跌#：支付宝第一华为第二】一项最新的年度中国消费者态度调查显示，苹果的品牌声誉从一年前的第11位在今年跌至第24位。而在2017年之前，苹果的品牌声誉曾排在第5位。与此同时，苹果的最大竞争对手华为，今年上升两个名次，排在第2位。对此，你怎么看？O苹果在中国品牌地位暴跌：支付宝第一华为第二​", "author": "新浪财经", "time": "新浪财经09月19日21:35 来自微博weibo.com", "transmit": 433, "comment": 2069, "zan": 76279, "sentiment": [{"positive_prob": 0.965115, "confidence": 0.922477, "negative_prob": 0.0348853, "sentiment": 2}]}, {"text": "#苹果品牌地位暴跌#彭博社今日援引一份国外机构调查报告称，苹果在中国的品牌声誉从一年前的第11位在今年跌至第24位。而在2017年之前，苹果的品牌声誉曾排在第5位。在这份报告中，排在前几名的包括支付宝、华为、安卓、大疆、微信、Bilibili、小米等。你心里哪个品牌是第一？#苹果在中国品牌地位暴跌#你心里哪个品牌是第一？", "author": "新浪科技", "time": "新浪科技09月19日18:38 来自微博weibo.com", "transmit": 332, "comment": 361, "zan": 211173, "sentiment": [{"positive_prob": 0.953259, "confidence": 0.89613, "negative_prob": 0.0467413, "sentiment": 2}]}, {"text": "#iPhone三摄VS华为四摄#刚刚在华为Mate30系列新品发布会上，四摄摄像头首次亮相。那么对比iPhone的“浴霸三摄”，你觉得哪个比较好看呢？你觉得苹果三摄和华为四摄谁比较好看？​", "author": "新浪科技", "time": "新浪科技09月19日20:23 来自微博weibo.com", "transmit": 57, "comment": 308, "zan": 18118, "sentiment": [{"positive_prob": 0.926779, "confidence": 0.837287, "negative_prob": 0.0732208, "sentiment": 2}]}, {"text": "【华为Mate30发布！5G➕瀑布屏、40W超快充，期待吗？】#华为Mate30发布会#，环形四摄镜头模组、88度超弯曲瀑布屏、麒麟990芯片，新一代华为手机亮点颇多。Mate30还将提升无线快充的体验，与AI相关的隔空操作现场上演。不过，受谷歌服务禁用的影响，该系列机型不会在欧洲上市。ING现场直击ING直播的微博直播.", "author": "ING直播", "time": "ING直播09月19日19:32 来自微博网页版", "transmit": 1020, "comment": 6529, "zan": 80698, "sentiment": [{"positive_prob": 0.927612, "confidence": 0.839138, "negative_prob": 0.0723878, "sentiment": 2}]}, {"text": "【投票：苹果iPhone11和华为Mate30，你买哪个？】9月20日苹果iPhone11发售前夜，9月19日华为Mate30在慕尼黑举行全球发布会，华为全球消费者业务CEO#余承东硬刚iPhone11#，称华为设计引领行业潮流，iPhone11的方形设计与华为Mate20系列类似，Mate30系列比苹果有更大的屏幕，更高的电池容量，更轻，刘海也更短。你会买哪个？#iPhone11跌破5000#iPhone11和Mate30，你买哪个", "author": "老板联播", "time": "老板联播09月19日23:06 来自微博weibo.com", "transmit": 252, "comment": 2695, "zan": 273334, "sentiment": [{"positive_prob": 0.855935, "confidence": 0.679856, "negative_prob": 0.144065, "sentiment": 2}]}, {"text": "#HUAWEIMateBook#系列和#华为Mate30#的多屏协同：连接操作简单，文件拖拽、键鼠操控手机、PC端刷手机短视频……这也太酷了吧！L我想当个宝宝呀的秒拍视频​", "author": "Vista看天下", "time": "Vista看天下09月19日23:19 来自微博云剪", "transmit": 344, "comment": 415, "zan": 1731, "sentiment": [{"positive_prob": 0.975938, "confidence": 0.946529, "negative_prob": 0.024062, "sentiment": 2}]}, {"text": "华为Mate30Pro，告诉你7680帧高速摄影到底有多震撼？L华为何刚的微博视频​", "author": "华为何刚", "time": "华为何刚09月19日21:06 来自HUAWEIMate30Pro", "transmit": 3353, "comment": 1604, "zan": 9692, "sentiment": [{"positive_prob": 0.626019, "confidence": 0.168931, "negative_prob": 0.373981, "sentiment": 2}]}, {"text": "【#华为Mate30手机#发布：Mate30Pro没有物理音量键】#华为Mate30发布会#19日，华为在德国慕尼黑发布Mate30系列手机。Mate30采用6.62英寸OLED全面屏，华为Mate30Pro采用6.53英寸OLED环幕屏，屏幕弯曲角度达88度。值得注意的是，华为Mate30Pro去除侧边物理音量键，滑动侧边即可完成音量调节。配色上，Mate30系列手机有星河银、罗兰紫、翡冷翠、亮黑色，更有青山黛、丹霞橙两款素皮设计；华为Mate305G系列搭载麒麟9905GSoC芯片，同时支持5GSA/NSA双架构；支持双卡双待，5G与4G卡可同时在线。（记者吴涛）（图片：华为终端官方微博）", "author": "中国新闻网", "time": "中国新闻网09月19日20:39 来自360安全浏览器", "transmit": 101, "comment": 384, "zan": 1452, "sentiment": [{"positive_prob": 0.973631, "confidence": 0.941403, "negative_prob": 0.0263685, "sentiment": 2}]}, {"text": "#华为新机7680帧高速摄影有多强#看起来有点酷啊#华为新机亮点#L华为何刚的微博视频​", "author": "新浪科技", "time": "新浪科技09月19日22:04 来自专业版微博", "transmit": 131, "comment": 402, "zan": 1926, "sentiment": [{"positive_prob": 0.90875, "confidence": 0.797223, "negative_prob": 0.0912496, "sentiment": 2}]}, {"text": "【#华为余承东全程硬刚iPhone11#：摄像头设计学华为，Mate30更大更轻还更有电】9月19日晚，华为Mate30全球发布会上，全球消费者业务CEO余承东表示华为设计引领行业潮流，苹果新发布iPhone11的方形设计与华为Mate20系列类似，Mate30系列比苹果有更大的屏幕，更高的电池容量，更轻，刘海也更短。L老板联播的微博视频", "author": "互联网的那点事", "time": "互联网的那点事09月19日21:35 来自MaxProiPhoneXSMax", "transmit": 455, "comment": 7672, "zan": 59053, "sentiment": [{"positive_prob": 0.972287, "confidence": 0.938415, "negative_prob": 0.0277135, "sentiment": 2}]}, {"text": "#步行街话题#神仙打架！颜值而论，iphone11系列和华为mate30pro哪个更好看？颜值而论，mate30pro和iphone11哪个好看？​", "author": "虎扑的步行街", "time": "虎扑的步行街09月19日22:15 来自OnePlus7Pro", "transmit": 53, "comment": 329, "zan": 21244, "sentiment": [{"positive_prob": 0.958723, "confidence": 0.908273, "negative_prob": 0.0412769, "sentiment": 2}]}, {"text": "技术与美学的巧妙融合，HUAWEIMate30RS保时捷设计，致敬每一个追求极致的你！L华为终端公司的微博视频​", "author": "余承东", "time": "余承东09月19日22:32 来自HUAWEIMate30Pro", "transmit": 169, "comment": 415, "zan": 2249, "sentiment": [{"positive_prob": 0.82554, "confidence": 0.612312, "negative_prob": 0.17446, "sentiment": 2}]}, {"text": "这就是华为Mate30Pro真机！这次华为邀请了世界著名摄影大师布列泽拍摄了真机图片。真机凸显了大气精致的产品特质。摄影师本人也亲自出镜，让这个摄影系列更添风采。​", "author": "钟文泽", "time": "钟文泽09月19日21:42 来自普通家庭iPhoneXSMax", "transmit": 180, "comment": 638, "zan": 3401, "sentiment": [{"positive_prob": 0.991273, "confidence": 0.980606, "negative_prob": 0.00872715, "sentiment": 2}]}, {"text": "#华为mate30发布会#配置方面。5G仍是Mate30Pro的重点，华为Mate30全系首发搭载了麒麟9905GSoC芯片，内置5G基带，支持5GSA/NSA双架构，支持双卡双待（一张5G一张4G同时在线）。在5G速度展示环节，华为选择了三星Note10+5G进行了对比，并表示华为Mate30Pro5G要更快一些。卡槽部分依然是特别设计的「与或卡托」支持两张nanoSIM卡或者将其中一张SIM卡更换为华为NM内存卡进行存储拓展。", "author": "爱范儿", "time": "爱范儿09月19日20:36 来自微博weibo.com", "transmit": 122, "comment": 497, "zan": 1987, "sentiment": [{"positive_prob": 0.982356, "confidence": 0.96079, "negative_prob": 0.0176443, "sentiment": 2}]}, {"text": "假设小米MIX4跟华为Mate30Pro都卖五千元，你会买哪款？假设小米MIX4跟华为Mate30Pro都卖五千元，你会买哪款？​", "author": "科技新一", "time": "科技新一09月19日11:55 来自微博weibo.com", "transmit": 159, "comment": 1617, "zan": 90631, "sentiment": [{"positive_prob": 0.277099, "confidence": 0.384225, "negative_prob": 0.722901, "sentiment": 0}]}, {"text": "【最牛旁听生！脑瘫“博士”苦读8年，成兰州大学荣誉研究生】9月17日，兰州。谢炎廷患有脑瘫，2011年他成为@兰州大学数学与统计学院的旁听生，从本科生起，旁听8年，一直读到“博士”。被这份执着打动，兰大授予谢炎廷“荣誉研究生”称号，校长严纯华为他佩戴了校徽。L一手video的秒拍视频​", "author": "梨视频", "time": "梨视频09月19日22:35 来自微博weibo.com", "transmit": 57, "comment": 73, "zan": 731, "sentiment": [{"positive_prob": 0.942306, "confidence": 0.871791, "negative_prob": 0.0576939, "sentiment": 2}]}, {"text": "【#华为余承东全程硬刚iPhone11#：摄像头设计学华为，Mate30更大更轻更有电】9月19日晚，华为Mate30全球发布会上，全球消费者业务CEO余承东表示华为设计引领行业潮流，苹果新发布iPhone11的方形设计与华为Mate20系列类似，Mate30系列比苹果有更大的屏幕，更高的电池容量，更轻，刘海也更短。@老板联播L老板联播的微博视频", "author": "梨视频", "time": "梨视频09月19日21:44 来自微博weibo.com", "transmit": 56, "comment": 565, "zan": 2014, "sentiment": [{"positive_prob": 0.972046, "confidence": 0.93788, "negative_prob": 0.0279542, "sentiment": 2}]}, {"text": "#华为Mate30#【余承东：华为手机实现26%增长#华为折叠屏手机10月发布#】华为在德国慕尼黑举办发布会，正式推出Mate30系列。余承东表示，截止2019年6月，华为智能手机业务销量增长26%，PC业务增长249%，智能音箱256%，可穿戴产品增长278%。余承东还确认，华为折叠屏手机将在下月中国区发货。O余承东：华为手机上半年26%增长折叠屏手机下月发布", "author": "新浪财经", "time": "新浪财经09月19日21:16 来自微博weibo.com", "transmit": 53, "comment": 270, "zan": 1112, "sentiment": [{"positive_prob": 0.971426, "confidence": 0.936502, "negative_prob": 0.028574, "sentiment": 2}]}, {"text": "#华为Mate30#想好了没？苹果三星华为等新手机，你买哪个？#华为Mate30发布会##华为##苹果在中国品牌地位暴跌##三星note10##苹果发布会#新手机，你准备买哪个？​", "author": "沈阳晚报", "time": "沈阳晚报09月19日21:45 来自HUAWEIMate20X", "transmit": 18, "comment": 51, "zan": 6058, "sentiment": [{"positive_prob": 0.952213, "confidence": 0.893807, "negative_prob": 0.047787, "sentiment": 2}]}, {"text": "【#余承东硬刚iPhone11#：摄像头设计学华为，Mate30更大更轻还更有电】9月19日晚，华为Mate30全球发布会上，全球消费者业务CEO余承东表示华为设计引领行业潮流，苹果新发布iPhone11的方形设计与华为Mate20系列类似，Mate30系列比苹果有更大的屏幕，更高的电池容量，更轻，刘海也更短。L老板联播的微博视频@老板联播", "author": "财经网", "time": "财经网09月19日23:54", "transmit": 51, "comment": 186, "zan": 1031, "sentiment": [{"positive_prob": 0.944736, "confidence": 0.877191, "negative_prob": 0.0552641, "sentiment": 2}]}, {"text": "如何用Mate的方式，让不可能变为可能？敬请期待今晚20:00点#华为Mate30发布会#！L这不可能，但很Mate！​", "author": "华为终端官方微博", "time": "华为终端官方微博09月19日10:00 来自微博weibo.com", "transmit": 1063, "comment": 1012, "zan": 5386, "sentiment": [{"positive_prob": 0.216827, "confidence": 0.518162, "negative_prob": 0.783173, "sentiment": 0}]}, {"text": "#苹果在中国品牌地位暴跌#姐妹们知道为啥苹果在中国品牌地位暴跌吗？那是因为我大华为#华为#呀！支持国产！新手机不用苹果了，我要换华为！L老板联播的秒拍视频​", "author": "产品大神丶", "time": "产品大神丶09月19日20:29 来自iPhone客户端", "transmit": 123, "comment": 886, "zan": 7180, "sentiment": [{"positive_prob": 0.97223, "confidence": 0.938288, "negative_prob": 0.0277704, "sentiment": 2}]}, {"text": "【直播：华为在德国发布Mate30系列】HuaweiholdstheEuropeanlaunchofitslatestflagshipphone,theHuaweiMate30series.CGTN的微博直播.​", "author": "CGTN", "time": "CGTN09月19日20:00 来自微博网页版", "transmit": 83, "comment": 307, "zan": 3263, "sentiment": [{"positive_prob": 0.713031, "confidence": 0.36229, "negative_prob": 0.286969, "sentiment": 2}]}, {"text": "【影像力量全面新生】HUAWEIMate30Pro搭载徕卡电影四摄，4000万像素电影摄像头和4000万像素超感光摄像头双主摄，800万像素长焦摄像头和3D深感摄像头；#华为Mate30#搭载4000万像素超感光摄像头，1600万像素超广角摄像头，800万像素长焦摄像头，划时代级硬件配置，为创作而生。【转评发布会微博，我们将从转发量最高的微博中抽取粉丝1名赠送HUAWEIMate30Pro8GB+256GB(颜色随机)一部】O抽奖详情", "author": "华为手机", "time": "华为手机09月19日20:32 来自微博weibo.com", "transmit": 12847, "comment": 1988, "zan": 1142, "sentiment": [{"positive_prob": 0.962181, "confidence": 0.915958, "negative_prob": 0.0378187, "sentiment": 2}]}, {"text": "华为Mate30系列可识别人脸观看屏幕的角度，智能转换横竖屏。我擦，这是刚需啊，这回真沸腾了多少年了，智能手机不管是用什么系统，横竖屏切换就是做的极其愚蠢LBlood旌旗的微博视频​", "author": "Blood旌旗", "time": "Blood旌旗09月19日21:30 来自小米9", "transmit": 574, "comment": 194, "zan": 1648, "sentiment": [{"positive_prob": 0.699401, "confidence": 0.332001, "negative_prob": 0.300599, "sentiment": 2}]}]