[{"text": "十二月二十二日，上海。受华为#新影像不止所见#手机影像艺术展邀请，来到西岸艺术中心分享了幕后创作的灵感与创意。并在现场和大家一起重温了今年我用P30Pro拍摄的定格动画作品《大象》，回过头看，依然觉得这次尝试对我而言意义非凡。技术的发展将创作的权利赋予了更广阔的人群，提供了更平等的创作载体，让我们更容易的将灵感付诸行动表达出来。这或许就是人人创作时代的最大魅力吧。", "author": "麦子", "time": "麦子2019年12月24日18:54", "transmit": 133, "comment": 269, "zan": 3406}, {"text": "【德国留学生：我还在德国忍受2G网络，你们就5G了？华为爸爸救救我！】德国的网有多差？看我手机左上角，经常出现2G，超市，诊所，车站，2G的时候多了去了，2G就是发不出去消息打不开网页，手机是废物。听说德国拒绝跟华为签订5G合约？咱也不指望5G覆盖，能有4G就满足了，或者显示H，high-speed也行啊，能发消息刷网页查地图也行啊，但是出门的时候那么多2G让人怎么活？在欧洲境内旅游我基本靠华为天际通，还没出门先把天际通的全球几天套餐买好，全靠华为爸爸保我旅途无忧，让我查地图定位发圈。#星光公益我愿意##华为##5G#", "author": "价值投资日志", "time": "价值投资日志2019年12月24日19:22 来自iPhoneX", "transmit": 152, "comment": 1174, "zan": 8153}, {"text": "超火的“退层式学霸笔记”主人真身出镜了？这颜值！这智商！我可以！！为了和神仙小哥哥拥有共同话题和同款笔记，我也要去入手#华为MatePad#Pro了！#原来学霸的笔记长这样#L吴煌是黑人的微博视频​", "author": "机智的何先生", "time": "机智的何先生2019年12月24日16:35 来自学习教程·视频社区", "transmit": 2863, "comment": 7055, "zan": 10014}, {"text": "那些黑华为的国人，挺华为不仅仅是爱国！L来点石锤的微博视频​", "author": "7维视角", "time": "7维视角2019年12月24日19:55 来自HUAWEIMate20X", "transmit": 432, "comment": 490, "zan": 1439}, {"text": "【华为新机采用石墨烯电池？“官宣”消息已经删除】12月24日，有媒体报道称，华为明年新机型P40Pro将采用石墨烯电池技术，有望成为全球首款石墨烯电池手机。受此消息影响，国内石墨烯概念股在24日开盘后大涨，天奈科技、新金路、德尔未来和中科电气四股涨停，融钰集团、道氏技术、欣旺达和格林美涨幅均在6%以上。该消息源来自华为法国社交媒体官方消息，当地时间12月21日该官推表示“华为将成为第一家推出搭载石墨烯电池旗舰手机的公司”，并透露新机型45分钟内能完成100%充电。不过记者留意到，该消息目前已经删除，截至发稿时华为对此事仍不予置评。@新京报O华为新机采用石墨烯电池？“官宣”消息已经删除", "author": "财经网", "time": "财经网2019年12月24日15:06 来自微博weibo.com", "transmit": 46, "comment": 87, "zan": 295}, {"text": "成也萧河快看漫画xAa字库xOPPOvivo手机主题成也萧河定制字体今天上线啦~看到满屏华为苹果的小可爱在哭泣，别哭！我也是苹果，我也用不了​", "author": "左小翎", "time": "左小翎2019年12月24日18:49 来自成也萧河超话", "transmit": 8, "comment": 73, "zan": 398}, {"text": "为什么挺华为？L来点石锤的微博视频​", "author": "来点石锤", "time": "来点石锤2019年12月24日09:02", "transmit": 792, "comment": 152, "zan": 1318}, {"text": "【华为法国一条推特，A股暴涨近100亿！刚刚，大逆转来了#华为称首发石墨烯电池是谣言#】23日晚间，有媒体报道称，华为法国官方推特表示，华为即将发布全球首款石墨烯电池高端智能手机。受此消息影响，24日早间，石墨烯概念股一路高开高走，其中德尔未来开盘涨停。随后，石墨烯指数一路高开高走。截至午间收盘，石墨烯指数上涨3.84%。24日午间，华为手机产品线副总裁李小龙表示，“华为将发布石墨烯电池手机”为假消息。不仅如此，华为法国官方推特也已经删除了有关石墨烯电池的推文。但是石墨烯指数仍然不改上攻的姿态。截止到发稿，石墨烯指数上涨4.64%，板块总市值半日上涨近100亿元。O华为法国一条推特，A股暴涨近100亿！刚刚，大逆转来了", "author": "凤凰网财经", "time": "凤凰网财经2019年12月24日15:22 来自微博weibo.com", "transmit": 52, "comment": 128, "zan": 465}, {"text": "每个作品背后都蕴藏着无限巧思和一针一线的工艺。看完#华为FreeBuds#3这款#古风耳机盒#的制作过程，竟然有些被治愈的感觉。L华为终端官方微博的秒拍视频​", "author": "YouTube精彩视频", "time": "YouTube精彩视频2019年12月24日17:35 来自微博weibo.com", "transmit": 1277, "comment": 1211, "zan": 1847}, {"text": "#2019年十大最贵手机#手机针对不同的消费群体，也划分为低，中，高等几个档次。我们看下目前市面上的十大最贵手机。第十：iPhone11ProMax第九：华为Mate30RS保时捷设计第八：三星GalaxyFold第七：华为MateX第六：8848钛金手机M5巅峰榜第五：小米MIX阿尔法第四：三星W205G第三：8848M5祥龙版第二：vertuasterP哥特系列第一：vertu眼镜蛇", "author": "AI大数据时代", "time": "AI大数据时代2019年12月24日12:06 来自微博weibo.com", "transmit": 364, "comment": 411, "zan": 808}, {"text": "金一南教授深刻解读：为什么美国要全球打压华为，我们为什么要支持华为？#耿爽尴尬不失礼貌的微笑#L建华Wei业的微博视频​", "author": "建华Wei业", "time": "建华Wei业2019年12月24日19:47 来自HUAWEIMate20Pro", "transmit": 286, "comment": 85, "zan": 843}, {"text": "华为mate30pro表示我是旗舰中的旗舰，广告做的好，不如小白拍的好！不服来战​", "author": "勇气数码君", "time": "勇气数码君2019年12月24日13:49 来自HUAWEIP30Pro", "transmit": 24, "comment": 128, "zan": 404}, {"text": "华为自己造电池的可能性非常低，如果要造电池，起码三年前就开始招人了。电池本身是化学领域的事，和电子的完全不是一回事。华为说得很清楚，做电池以外电控的方案。那么也就是说，谁的电池做得好，被华为选中，那么华为会把智能化赋能到这家的电池上。也就是强强联合更加强模式。鉴于目前华为被各种封锁，是不会选一家海外电池商来承载汽车BU这种新增量点的功能的。所以，上破100后120见吧。", "author": "唐史主任司马迁", "time": "唐史主任司马迁2019年12月24日09:44 来自360安全浏览器", "transmit": 58, "comment": 171, "zan": 1307}, {"text": "iPhone12圣诞节前夕惨遭国外媒体全方位曝光！华为傻眼了！全世界沸腾了！L名模野子的微博视频​", "author": "互联网的那点事", "time": "互联网的那点事2019年12月24日21:33", "transmit": 207, "comment": 150, "zan": 398}, {"text": "发布了头条文章：《高抛低吸》财经每日必读#微博赚钱季#周二华为/科技（光刻胶）+新能源汽车（锂电/石墨烯）+股权（公告）最强，大金融(券商）分化，养殖板块继续调整（继续观察）;主板缩量上涨（预设明日冲高回落，观察成交量能否有效放大）强势股接力的亏钱效应减缓，明日星期六，美联新材，威唐工业等作为情绪标杆观察，空间板高度到3板，首板数量增加，明日强势股接力赚钱效应大概率会持平或者继续反弹，但短期五日线反压下来是强压力位（一旦成交量能无法有效放大，继续在2940-2990区间震荡概率大），注意高抛低吸，当然最优策略是低吸主线板块人气股和有送转预期的中小创板块潜伏等轮动补涨，低吸富一生。O高抛低吸", "author": "lesliesay", "time": "lesliesay2019年12月24日16:46 来自微博weibo.com", "transmit": 395, "comment": 178, "zan": 629}, {"text": "【#华为官方辟谣石墨烯电池#：P40Pro或用陶瓷机身】近日，有媒体报道称华为会在P40系列上采用石墨烯电池。报道中提到，该机的电池容量为5000mAh，体积却比传统电池体积缩小30%，可实现45分钟快捷充电。华为法国已经证实媒体报道中截图的这条推文并非官方信息，仅仅是谣言而已。O华为官方证实石墨烯电池为谣传P40Pro或用陶瓷机身​", "author": "新浪科技", "time": "新浪科技2019年12月24日12:54 来自微博weibo.com", "transmit": 81, "comment": 107, "zan": 2002}, {"text": "#华为官方辟谣石墨烯电池#【传华为将发布石墨烯电池手机产品线副总裁回应：假消息】24日午间，针对此前华为将发布石墨烯电池手机传闻，华为手机产品线副总裁李小龙对@第一财经记者表示，该消息为假消息。另据外媒，华为法国证实此前华为法国推文并非官方信息，仅是谣言。O传华为将发布石墨烯电池手机产品线副总裁回应​", "author": "新浪科技", "time": "新浪科技2019年12月24日13:46 来自微博weibo.com", "transmit": 45, "comment": 76, "zan": 971}, {"text": "每次看奇闻CP@杨凯雯rr@赵琦君Ryan的视频，都有种老母亲的心情是怎么回事。溜达北京老胡同的两个人，连心率都同频。#华为WatchGT#2新款新年红有戳动你的心么~L杨凯雯rr的微博视频​", "author": "勺布斯", "time": "勺布斯2019年12月24日21:20 来自日常·视频社区", "transmit": 110, "comment": 385, "zan": 481}, {"text": "黑科技气息“敲敲”来临，戴上#GENTLEMONSTER华为智能眼镜#出行，敲敲镜腿，就能听歌接电话！快来入手体验！LGENTLEMONSTER华为智能眼镜​", "author": "华为终端官方微博", "time": "华为终端官方微博2019年12月24日10:00 来自微博weibo.com", "transmit": 151, "comment": 243, "zan": 709}, {"text": "刷到一个学霸笔记视频，这不就是#华为MatePad#Pro吗？小伙子工具玩挺溜，华为这平板也够硬核，大家可以关注看看#原来学霸的笔记长这样#L吴煌是黑人的微博视频​", "author": "小白测评", "time": "小白测评2019年12月24日16:45 来自学习教程·视频社区", "transmit": 560, "comment": 611, "zan": 1531}, {"text": "#原来学霸的笔记长这样#一份用#华为MatePad#Pro做的炫酷”退层式笔记“风靡全网，它的主人吾皇小哥哥更是红到出圈！原来学习也可以这么有趣~果然Smartisnewsexy！不说了我做笔记去了！L吴煌是黑人的微博视频​", "author": "搞笑趣事汇", "time": "搞笑趣事汇2019年12月24日16:25 来自学习教程·视频社区", "transmit": 2495, "comment": 3203, "zan": 5923}, {"text": "你的新年心愿是啥？收红包瘦十斤还是吃不胖？#华为WatchGT#2戳视频，看看奇闻CP@杨凯雯rr@赵琦君Ryan的新年游记里都藏着哪些美好愿望？L杨凯雯rr的微博视频​", "author": "咸贵人", "time": "咸贵人2019年12月24日21:20 来自日常·视频社区", "transmit": 107, "comment": 387, "zan": 375}, {"text": "难以置信这些话竟然是出自小米官方之口，人身攻击吗？我不禁露出了#耿爽尴尬不失礼貌的微笑#想骂人，换个马甲吧，你的认证代表的是红米官方，你的语言素质也代表着红米官方的形象！这种话要是从荣耀或者华为这边出来，我估计早都上热搜了​", "author": "长安数码君", "time": "长安数码君2019年12月24日11:15 来自荣耀V30PRO5G", "transmit": 60, "comment": 374, "zan": 2181}, {"text": "#王俊凯圣诞奇遇#过节超开心的就是拆礼物！还等什么呢？这个圣诞节来肯德基超级APP首页，下拉二楼即有机会拆礼物赢惊喜！12月23日-26日，打开APP，免费圣诞大餐、华为手机等你赢！还有满满惊喜等着你！快打开APP拆礼物吧！来肯德基APP领免费圣诞餐​", "author": "肯德基", "time": "肯德基2019年12月24日14:00 来自微博weibo.com", "transmit": 433, "comment": 347, "zan": 3006}, {"text": "对TA说晚安马上就走进2019年的尾声了，盘点这一年的阅读书单，你觉得有没有那本书给你留下了深刻的印象。带话题#今年最满意的一本书#，聊聊你今年读到的宝藏书，安利给大家。转评抽送一副华为耳机。​O抽奖详情​", "author": "华为终端云服务", "time": "华为终端云服务2019年12月24日22:00 来自对TA说晚安超话", "transmit": 503, "comment": 285, "zan": 141}, {"text": "苹果iPhone11Pro、三星GalaxyNote10、华为Mate30，谁能经得起「死亡螺旋楼梯」的考验呢？注：跌落节目结果随机性较大，大家看个乐呵就好。（来自TechRax）LZEALER中国的微博视频​", "author": "ZEALER中国", "time": "ZEALER中国2019年12月24日17:33 来自手机平板·视频社区", "transmit": 24, "comment": 104, "zan": 287}, {"text": "今天的市场比较简单ST板块近期一直强势，这个暂且不提新能源汽车，是昨天我们直播说的那个预期，就是汽车产业基金光刻胶，则是半导体产业基金近期开始投资了，例如精测电子今天的消息，已经入股完成过户了，进一步带动了整个板块石墨烯的炒作最奇怪，是传闻说华为将发布首款石墨烯电池，但华为好像出来澄清了基本整个市场就这样，没有太强逻辑的可持续炒作线", "author": "狂龙十八段", "time": "狂龙十八段2019年12月24日13:30 来自微博weibo.com", "transmit": 6, "comment": 128, "zan": 1018}, {"text": "#华为FreeBuds#3最近开挂了，联合设计师佳冉定制的#古风耳机盒#用传统工艺和科技诠释古风的诗意，仙气十足。你们喜欢吗？L华为终端官方微博的秒拍视频​", "author": "种草达人绵绵酱", "time": "种草达人绵绵酱2019年12月24日17:45 来自微博weibo.com", "transmit": 274, "comment": 284, "zan": 525}, {"text": "DxOmark三代冠军同台。华为mate30Pro5g，p30p，小米cc9Pro尊享版夜景模式变焦。小米的夜景模式不能切换镜头，华为的两个都能切换镜头。​", "author": "欧阳秋叶", "time": "欧阳秋叶2019年12月24日23:54 来自UC浏览器电脑版", "transmit": 17, "comment": 87, "zan": 168}, {"text": "我们为啥要挺华为？看一下↓↓↓L来点石锤的微博视频​", "author": "天中捕快", "time": "天中捕快2019年12月24日09:32 来自祖国反黑站超话", "transmit": 172, "comment": 76, "zan": 445}]