[{"text": "【2018高校就业报告出炉：清北学生平均月薪不到1万】多所高校日前发布2018毕业生就业情况报告，其中，北大、清华、上海交大、复旦大学四所“双一流”高校毕业生就业率高达98%以上。华为和腾讯是这四所学校毕业生的大雇主。一些平台报告显示，应届毕业生期望年薪10万+，但平均薪资最高的清华应届毕业生，也只是勉强过10万。  L梨视频文化的秒拍视频", "author": "新京报", "time": "新京报01月30日20:42", "transmit": 131, "comment": 130, "zan": 228, "sentiment": [{"positive_prob": 0.895933, "confidence": 0.768741, "negative_prob": 0.104067, "sentiment": 2}]}, {"text": "【#2018高校就业报告出炉#！收入低于期望值，#清北学生平均月薪不到1万#】多所高校日前发布2018毕业生就业情况报告，其中，北大、清华、上海交大、复旦大学四所“双一流”高校毕业生就业率高达98%以上。华为和腾讯是四所学校毕业生最大雇主。应届毕业生期望年薪10万+，但平均薪资最高的清华应届毕业生，也只是勉强过10万。L梨视频文化的秒拍视频", "author": "新浪财经", "time": "新浪财经01月30日13:14 来自微博weibo.com", "transmit": 87, "comment": 229, "zan": 160, "sentiment": [{"positive_prob": 0.903026, "confidence": 0.784502, "negative_prob": 0.0969741, "sentiment": 2}]}, {"text": "【#2018高校就业报告#出炉！收入低于期望值，#北大清华生平均月薪不到1万#】多所高校日前发布2018毕业生就业情况报告，其中，北大、清华、上海交大、复旦大学四所“双一流”高校毕业生就业率高达98%以上。华为和腾讯是四所学校毕业生最大雇主。应届毕业生期望年薪10万+，但平均薪资最高的清华应届毕业生，也只是勉强过10万。@梨视频文化L梨视频文化的秒拍视频", "author": "梨视频", "time": "梨视频01月30日13:07 来自微博weibo.com", "transmit": 166, "comment": 311, "zan": 431, "sentiment": [{"positive_prob": 0.922764, "confidence": 0.828364, "negative_prob": 0.0772363, "sentiment": 2}]}, {"text": "#易烊千玺世间少年当如你#换一个bgm易烊千玺，yyqx，四字弟弟，四字，yyqx华为，yyqx野兽派，yyqx纪梵希，四字弟弟帅，四字弟弟电影，yyqx粉丝，yyqx雕塑​​​L烊是的念来过倒的秒拍视频​", "author": "烊是的念来过倒", "time": "烊是的念来过倒01月30日23:17 来自HUAWEInova3", "transmit": 2404, "comment": 539, "zan": 1747, "sentiment": [{"positive_prob": 0.975958, "confidence": 0.946574, "negative_prob": 0.0240416, "sentiment": 2}]}, {"text": "【#2018高校就业报告出炉#！收入低于期望值，#清北学生平均月薪不到1万#】多所高校日前发布2018毕业生就业情况报告，其中，北大、清华、上海交大、复旦大学四所“双一流”高校毕业生就业率高达98%以上。华为和腾讯是四所学校毕业生最大雇主。应届毕业生期望年薪10万+，但平均薪资最高的清华应届毕业生，也只是勉强过10万。L梨视频文化的秒拍视频", "author": "新浪新闻客户端", "time": "新浪新闻客户端01月30日13:13 来自专业版微博平台", "transmit": 62, "comment": 67, "zan": 141, "sentiment": [{"positive_prob": 0.903026, "confidence": 0.784502, "negative_prob": 0.0969741, "sentiment": 2}]}, {"text": "【2018高校就业报告出炉：清北学生平均月薪不到1万】多所高校日前发布2018毕业生就业情况报告，其中，北大、清华、上海交大、复旦大学四所“双一流”高校毕业生就业率高达98%以上。华为和腾讯是这四所学校毕业生的大雇主。一些平台报告显示，应届毕业生期望年薪10万+，但平均薪资最高的清华应届毕业生，也只是勉强过10万。 @梨视频 L梨视频文化的秒拍视频", "author": "新华网", "time": "新华网01月30日20:40 来自微博weibo.com", "transmit": 54, "comment": 46, "zan": 163, "sentiment": [{"positive_prob": 0.900581, "confidence": 0.779068, "negative_prob": 0.0994193, "sentiment": 2}]}, {"text": "【社评：美司法部起诉华为阵仗虽大心却很虚】美国如此歇斯底里地迫害华为这样的高科技企业，这令中国人始料不及，也震动了全球商界。看来美国下了将华为全力打压下去的战略决心，它并不在乎这样做会对国际规则造成多大冲击，产生什么后果。美司法部长长的起诉书犹如为政治打压这只老虎抹上一层法律的口红，它根本挡不住老虎嘴里露出的獠牙。O社评：美司法部起诉华为阵仗虽大心却很虚", "author": "环球时报", "time": "环球时报01月30日09:50 来自微博weibo.com", "transmit": 73, "comment": 97, "zan": 236, "sentiment": [{"positive_prob": 0.467284, "confidence": 0.345675, "negative_prob": 0.532716, "sentiment": 1}]}, {"text": "【全球品牌500强报告出炉：亚马逊蝉联榜首华为第12】亚马逊成功保住了全球最有价值品牌的称号，当年品牌价值增长近25%，达到1879亿美元。苹果排名第二，品牌价值为1536亿美元，谷歌排名第三，品牌价值为1428亿美元。在中国品牌中，华为排名12，微信20。详情O全球品牌500强报告出炉：亚马逊蝉联榜首华为第12​", "author": "环球市场播报", "time": "环球市场播报01月30日09:13 来自微博weibo.com", "transmit": 218, "comment": 347, "zan": 941, "sentiment": [{"positive_prob": 0.973859, "confidence": 0.94191, "negative_prob": 0.0261405, "sentiment": 2}]}, {"text": "华为和T-mobile案件真相：1、案子里面的EPSONSCARA机器人是公开销售产品，不是什么商业机密，更不是T-Mobile的商业机密。2、T-Mobile在EPSON机器手上装了个橡皮头模拟人手测试手机，他家所有的所谓机密就是这个橡皮头。3、华为在2012年跟T-Mobile签订了一个协议向T-Mobile提供华为手机。但是T-Mobile在用Tappy测试华为手机时，很多时候不能产生触摸反应（原因其实是T-Mobile的Tappy技术太烂，并不能模拟手指触摸）。第三方专家就对Tappy进行了检测。他发现Tappy的橡皮头过于坚硬（overlyrigid）不能正确模拟人的手指，它按下去的力量过大，甚至可能导致感应器弯曲而屏幕失灵。T-Mobile的工程师自己也承认橡皮头得重新设计。这才是Tappy不能在华为手机上正确引发触摸感应的原因。4、于是华为工程师查找原因，2013年5月，华为美国分部的一名工程师在T-Mobile的实验室进行测试，T-Mobile给了他四个橡皮头。该华为工程师未经允许将其中一个橡皮头拿出实验室，对其大小进行了测量，并将数据报告了华为。5、T-Mobile随后在华盛顿州西区联邦法院起诉华为非法获取Tappy的商业机密，索赔一亿多美金。但经过10多天的审判，美国陪审团在2017年5月17日做出了一致裁决：1）T-Mobile因为华为不当获取商业机密的损失为零美元($0)；2）华为因为不当获取T-Mobile商业机密的获利为零美元($0)；3）华为的行为不是“蓄意与恶意的”（因此不需要支付惩罚性赔偿）。另外，T-Mobile还起诉华为违法合同，索取违约损失，包括寻找华为替代产品的增加成本等，陪审团对这个违约部分裁决华为需要支付480万美元赔偿。也就是说，陪审团等于说那东西一文不值。审判结束后，T-Mobile对陪审团的裁决不服，提出要求重审。而华为认为证据足够说明侵权赔偿为零的裁决。经过这一系列交锋后，T-Mobile与华为在2017年12月达成了协议，将Tappy相关案件永久撤诉。而华为在2016年起诉T-Mobile侵犯华为13项专利（大部分为4G专利），案子双方也几乎同时达成和解。6、如果华为工程师只是为了弄清楚为什么Tappy未能正确测试华为手机，这根本不是什么犯罪意识。在T-Mobile对华为的民事案中，陪审团裁决华为不存在蓄意与恶意。民事案的证据标准是可能大于不可能，而刑事案的标准是“超越合理质疑”，后者是一个苛刻得多的标准。既然民事案的低标准都未能证明华为存在蓄意与恶意，刑事案的高标准应该更难以证明。7、美国政府的刑事起诉书中称华为员工拿走了机器人手臂（roboticarm）是不准确的。从Tappy的结构看只是一根棍子顶块橡皮，上面那一节不存在特殊性，也不需要替换，而且有高清图，也不是什么秘密。民事诉讼文件提到的只是“rubbertip”（橡皮头）。华为员工在四个橡皮头中拿走了一个。这是整个事情的真相，一些人他们既然认为美国是法治国家，采信美国司法部文件，那么在美国地位高于行政的法庭裁决，那为什么不认可法庭结论呢？更多信息，请读原文：O美国刑事起诉华为涉嫌窃取商业机密案的分析", "author": "HW前HR", "time": "HW前HR01月30日19:49 来自HUAWEIMate20Pro", "transmit": 1085, "comment": 566, "zan": 531, "sentiment": [{"positive_prob": 0.0433634, "confidence": 0.903637, "negative_prob": 0.956637, "sentiment": 0}]}, {"text": "易烊千玺#新岁千喜，诸事顺易#易烊千玺，yyqx，四字弟弟，四字，yyqx华为，yyqx野兽派，yyqx纪梵希，四字弟弟帅，四字弟弟电影，yyqx粉丝，yyqx雕塑​​​L烊是的念来过倒的秒拍视频​", "author": "烊是的念来过倒", "time": "烊是的念来过倒01月30日22:13 来自HUAWEInova3", "transmit": 442, "comment": 165, "zan": 730, "sentiment": [{"positive_prob": 0.979123, "confidence": 0.953607, "negative_prob": 0.0208768, "sentiment": 2}]}, {"text": "【#全球品牌500强#报告出炉：亚马逊蝉联榜首，华为第12】BrandFinance发布全球品牌500强报告，亚马逊成功保住了全球最有价值品牌的称号，当年品牌价值增长近25%，达到1879亿美元。苹果第二，谷歌第三，品牌价值为1428亿美元。在中国品牌中，华为排名12，微信20，腾讯（QQ）21，淘宝23，天猫35。(来源：@新浪科技)", "author": "每日经济新闻", "time": "每日经济新闻01月30日12:22 来自微博weibo.com", "transmit": 36, "comment": 28, "zan": 78, "sentiment": [{"positive_prob": 0.98214, "confidence": 0.960312, "negative_prob": 0.0178596, "sentiment": 2}]}, {"text": "伴随摄影师的不仅仅是相机，手机同样可以进行专业创作，全程使用#华为nova4#拍摄了我的第一支手机vlog，从日月星辰，文化遗产到生活光影，大家感觉如何呢？带上最适合拍vlog的手机，也来呈现你看世界的角度#nova星人的vlog##科学摄影#L陈海滢的微博视频​", "author": "陈海滢", "time": "陈海滢01月30日22:07 来自nova4自拍极点全面屏", "transmit": 427, "comment": 167, "zan": 607, "sentiment": [{"positive_prob": 0.985729, "confidence": 0.968287, "negative_prob": 0.0142708, "sentiment": 2}]}, {"text": "发布了头条文章：《美国刑事起诉华为涉嫌窃取商业机密案的分析》美国陪审团在2017年5月17日做出了一致裁决：1）T-Mobile因为华为不当获取商业机密的损失为零美元；2）华为因为不当获取T-Mobile商业机密的获利为零美元；3）华为的行为不是“蓄意与恶意的”O美国刑事起诉华为涉嫌窃取商业机密案的分析​", "author": "岳东晓博士", "time": "岳东晓博士01月30日09:36 来自微博weibo.com", "transmit": 739, "comment": 415, "zan": 402, "sentiment": [{"positive_prob": 0.536221, "confidence": 0.275575, "negative_prob": 0.463779, "sentiment": 1}]}, {"text": "人生是一条单行线，假如真有时光机，你想回到哪个时刻？其实大部分人希望的时光逆流，只是想回到过去，改变成长中的一些抉择。你我的成长，都会经历几个阶段：清楚不能做的、发现擅长的、找到愿做的、做能做好的……企业的成长过程亦是如此，华为云的成长也不例外，今天我们就谈谈O假如有时光机|岁末，谈谈成长​", "author": "华为中国", "time": "华为中国01月30日21:01 来自微博HTML5版", "transmit": 14, "comment": 26, "zan": 194, "sentiment": [{"positive_prob": 0.939472, "confidence": 0.865494, "negative_prob": 0.0605276, "sentiment": 2}]}, {"text": "长寿花盛开，祝福朋友们新年大吉大利，幸福安康！#2019年你好##手机摄影##华为p20影像成诗#@微博摄影@华为终端官方微博​", "author": "huayuan画鸢", "time": "huayuan画鸢01月30日08:23 来自中国图库超话", "transmit": 10, "comment": 92, "zan": 89, "sentiment": [{"positive_prob": 0.949219, "confidence": 0.887153, "negative_prob": 0.0507812, "sentiment": 2}]}, {"text": "【全球品牌500强报告出炉：亚马逊蝉联榜首华为第12】BrandFinance发布全球品牌500强报告，亚马逊成功保住了全球最有价值品牌的称号，当年品牌价值增长近25%，达到1879亿美元。苹果谷歌分列二三位。在中国品牌中，华为排名12，微信20，腾讯（QQ）21，淘宝23，天猫35。O全球品牌500强报告出炉：亚马逊蝉联榜首华为第12​", "author": "新浪科技", "time": "新浪科技01月30日11:31 来自微博weibo.com", "transmit": 23, "comment": 61, "zan": 88, "sentiment": [{"positive_prob": 0.97129, "confidence": 0.936199, "negative_prob": 0.0287104, "sentiment": 2}]}, {"text": "【美国正式提出引渡孟晚舟中方再次回应】“外交部发言人办公室”公众号消息，在1月29日外交部例行记者会上，有记者问：据报道，美国已正式向加拿大提出引渡孟晚舟的请求，中方对此有何评论？耿爽表示，关于美国司法部对华为公司及孟晚舟等提出起诉，外交部已第一时间作出了回应。关于美方向加方正式提出引渡孟晚舟的请求，中方已在第一时间分别向美方和加方提出了严正交涉。中方对美方不顾中方严正交涉，执意向加方提出引渡要求表示强烈不满和坚决反对。我们再次敦促美方立即撤销对孟晚舟女士的逮捕令及正式引渡要求，同时敦促加方认真对待中方严正立场，立即释放孟晚舟女士并切实保障她的合法、正当权益，不要为美火中取栗。L凤凰网视频的秒拍视频", "author": "凤凰网视频", "time": "凤凰网视频01月30日09:53 来自秒拍网页版", "transmit": 53, "comment": 275, "zan": 130, "sentiment": [{"positive_prob": 0.930677, "confidence": 0.845948, "negative_prob": 0.0693234, "sentiment": 2}]}, {"text": "设计美学华为主题《叶子叶子鸭》5.0-8.0具体看图就好惹ｸﾞｯ!(๑•̀ㅂ•́)و✧图标壁纸@世界第一可爱的樱桃​", "author": "草莓起司糖", "time": "草莓起司糖01月30日14:32 来自设计美学超话", "transmit": 68, "comment": 481, "zan": 51, "sentiment": [{"positive_prob": 0.92331, "confidence": 0.829577, "negative_prob": 0.0766904, "sentiment": 2}]}, {"text": "【铁证】美国人对德国人说：我们听说你们要买华为的5G设备，不要买，他们会监控你们。德国人：你们怎么知道我们要买。美国人：我们从默克尔的电话里听到的。​", "author": "梅新育", "time": "梅新育01月30日15:03 来自HUAWEIMate9", "transmit": 99, "comment": 0, "zan": 421, "sentiment": [{"positive_prob": 0.183995, "confidence": 0.591123, "negative_prob": 0.816005, "sentiment": 0}]}, {"text": "前天美国政府的华为控诉会，有司法部长、商务部长、国土安全部长、FBI局长。反华媒体大为兴奋，称这是自日本偷袭珍珠港以来最大的阵仗，美国政府牛逼！控诉的罪状其实就是两条，一是华为员工拿了T-Mobile的一个橡皮头（T-Mobile被华为控告多项技术侵权就没提），二是伊朗设备案。即使这些指控全是真的，在每年成千上万的经济纠纷中也只是小案，这个说法不是我遮掩洗地，是真的小。几百万美元对于我们老百姓来说是巨款，但对国际贸易来说真不算什么美国政府搞这么大的阵仗，高度紧张如临大敌，遏制华为的决心真特么滴坚决", "author": "奥卡姆剃刀", "time": "奥卡姆剃刀01月30日22:11 来自HUAWEIMate20Pro", "transmit": 105, "comment": 316, "zan": 226, "sentiment": [{"positive_prob": 0.228545, "confidence": 0.492121, "negative_prob": 0.771455, "sentiment": 0}]}, {"text": "贸易谈判和华为孟女士引渡事件有啥最新进展，大家及时提示我一下。​", "author": "天津股侠", "time": "天津股侠01月30日10:47 来自微博weibo.com", "transmit": 5, "comment": 55, "zan": 876, "sentiment": [{"positive_prob": 0.488681, "confidence": 0.773617, "negative_prob": 0.511319, "sentiment": 1}]}, {"text": "●什么是美国霸权套路和贼喊捉贼？美国总统特朗普和德国总理默克尔打电话特朗普：听说你们要买华为的5G设备，千万不要买，他们会监听你们的。默克尔：你们怎么知道我们要买？特朗普：从你们同中国通电话中知道的。默克尔赶紧挂断了电话……​", "author": "建华Wei业", "time": "建华Wei业01月30日12:08 来自华为超话", "transmit": 57, "comment": 63, "zan": 190, "sentiment": [{"positive_prob": 0.0276827, "confidence": 0.938483, "negative_prob": 0.972317, "sentiment": 0}]}, {"text": "【#2018高校就业报告#：收入低于期望值#北大清华生平均月薪不到1万#】多所高校日前发布2018毕业生就业情况报告，其中，北大、清华、上海交大、复旦大学四所“双一流”高校毕业生就业率高达98%以上。华为和腾讯是四所学校毕业生最大雇主。应届毕业生期望年薪10万+，但平均薪资最高的清华应届毕业生，也只是勉强过10万。L梨视频文化的秒拍视频", "author": "新浪视频", "time": "新浪视频01月30日14:33 来自微博weibo.com", "transmit": 19, "comment": 27, "zan": 43, "sentiment": [{"positive_prob": 0.87241, "confidence": 0.716466, "negative_prob": 0.12759, "sentiment": 2}]}, {"text": "yyqx帅yyqx可爱yyqx天猫yyqx华为yyqx中戏yyqx双料第一​​​yyqx舒适圈yyqx雕塑yyqx中戏第一​​​易烊千玺四字弟弟四字Yyqx易烊千玺粉丝千纸鹤qzh纸鸟纸鸟姐姐yyqxdbxjyyqxbcwyyqxbldyjyyqxlbyyqxcasescyyqx二十yyqx石榴一共十二期的《这！就是街舞》已经结束，我们一起来回顾千玺队长在最终不服中的三次battle！L是姚可爱的秒拍视频视频cr@是姚可爱侵歉删", "author": "_妈妈咪啊", "time": "_妈妈咪啊01月30日23:44 来自Share微博客户端", "transmit": 115, "comment": 13, "zan": 549, "sentiment": [{"positive_prob": 0.983231, "confidence": 0.962735, "negative_prob": 0.0167691, "sentiment": 2}]}, {"text": "【让顾客“觉得”占便宜，星巴克、华为、罗永浩都爱用这个营销套路】星巴克柜台上为什么要放22元一瓶的矿泉水？四大经典案例告诉你：你以为自己占了便宜，实际上正中商家下怀。​", "author": "郭俊峰V", "time": "郭俊峰V01月30日10:48 来自微博weibo.com", "transmit": 94, "comment": 14, "zan": 35, "sentiment": [{"positive_prob": 0.0763855, "confidence": 0.830255, "negative_prob": 0.923615, "sentiment": 0}]}, {"text": "美国，为什么要打击华为？为什么要捉拿孟晚舟？L新蜜蜂alex182的微博视频​", "author": "新蜜蜂alex182", "time": "新蜜蜂alex18201月30日20:13 来自微博视频", "transmit": 104, "comment": 141, "zan": 170, "sentiment": [{"positive_prob": 0.343577, "confidence": 0.236495, "negative_prob": 0.656423, "sentiment": 0}]}, {"text": "【微信人脸支付：除了安全，就是快快快快！】#EMUI小剧场#户外输密码，担心被人偷窥，不安全！总是手动验证密码，嫌麻烦！紧急时刻忘记密码，费时间！戳视频，get新技能！@微博抽奖平台【关注+转评】抽送华为小天鹅蓝牙音箱一个L华为EMUI的微博视频​", "author": "华为EMUI", "time": "华为EMUI01月30日18:22 来自微博weibo.com", "transmit": 392, "comment": 550, "zan": 226, "sentiment": [{"positive_prob": 0.960622, "confidence": 0.912494, "negative_prob": 0.0393778, "sentiment": 2}]}, {"text": "收到华为保时捷奖品的网友请注意⚠️我们已将手机上预装的携程APP为您缷除了，不然就太乌龙了。敬请谅解。​", "author": "张小波", "time": "张小波01月30日07:51 来自iPhone客户端", "transmit": 27, "comment": 159, "zan": 282, "sentiment": [{"positive_prob": 0.410697, "confidence": 0.0873407, "negative_prob": 0.589303, "sentiment": 0}]}, {"text": "网友警告：任老要当心！纽约起诉孟晚舟的诉状中，有几个被告名字被涂黑，表明华为还有多人被起诉，只是美国暂时没有公布名字，诉状中还有多处涂黑。其中，诉状提到华为创始人“个人1”在美国联邦政府作证时“说谎”，做了“伪证”，这种情况，在美国属于重罪。今后，任老爷子千万不要为了华为公司的工作，再出国去全世界辛苦奔波了，太危险了。美国啥事干不出来?", "author": "何新老家伙", "time": "何新老家伙01月30日07:32 来自微博weibo.com", "transmit": 87, "comment": 0, "zan": 185, "sentiment": [{"positive_prob": 0.0217759, "confidence": 0.951609, "negative_prob": 0.978224, "sentiment": 0}]}, {"text": "【2018高校就业报告出炉：清北学生平均月薪不到1万】多所高校日前发布2018毕业生就业情况报告，其中，北大、清华、上海交大、复旦大学四所“双一流”高校毕业生就业率高达98%以上。华为和腾讯是四所学校毕业生最大雇主。应届毕业生期望年薪10万+，但平均薪资最高的清华应届毕业生，也只是勉强过10万。L梨视频文化的秒拍视频", "author": "第一财经日报", "time": "第一财经日报01月30日13:52 来自微博weibo.com", "transmit": 21, "comment": 23, "zan": 33, "sentiment": [{"positive_prob": 0.859217, "confidence": 0.68715, "negative_prob": 0.140783, "sentiment": 2}]}]