[{"text": "【网传华为用iPhone发推文处罚曝光责任人月薪下调5千】2018年12月31日晚间11点31分，华为官方Twitter以华为全体员工的名义送上新年祝福，推文下方却留下了“自Twitter的iPhone客户端发出”（ViaTwitterforiPhone）的标记，随后华为发布处罚文件。O网传华为用iPhone发推文处罚曝光责任人月薪下调5千​", "author": "新浪财经", "time": "新浪财经01月03日21:56 来自微博weibo.com", "transmit": 156, "comment": 419, "zan": 279, "sentiment": [{"positive_prob": 0.0394177, "confidence": 0.912405, "negative_prob": 0.960582, "sentiment": 0}]}, {"text": "VLOG001:你觉得旅行中最期待的事情是什么？是一些深藏巷子中的美食，一次不期而遇的风景还是变幻莫测的天气？这次我和腿哥用HUAWEIMate20Pro带你去感受下北海道的小樽，一个雪与海交界的城市。@华为手机关注我+转评这条微博，我会在2月1号抽一位粉丝送HUAWEIMate20一部。L摄影师_奥利奥爸爸的秒拍视频", "author": "摄影师_奥利奥爸爸", "time": "摄影师_奥利奥爸爸01月03日20:00 来自HUAWEIMate20Pro", "transmit": 3367, "comment": 3994, "zan": 2478, "sentiment": [{"positive_prob": 0.956263, "confidence": 0.902806, "negative_prob": 0.0437374, "sentiment": 2}]}, {"text": "【#华为处罚用iPhone发推特#：相关责任人职级降1级，月薪下调5000元】处罚文件称在操作过程中因为VPN网络问题，无法用电脑发文，为赶跨年时间而使用iPhone手机登录。华为这篇推特（Twitter）是在12月31日晚间11点31分发出，内容是以华为全体员工的名义送上新年祝福。不过，这篇推特下方却留下了“自推特的iPhone客户端发出”（ViaTwitterforiPhone）的标记。相关责任人被通报批评，职级降1级，月薪下调5000元。via.老板联播", "author": "凤凰周刊", "time": "凤凰周刊01月03日21:12", "transmit": 182, "comment": 761, "zan": 294, "sentiment": [{"positive_prob": 0.169896, "confidence": 0.622454, "negative_prob": 0.830104, "sentiment": 0}]}, {"text": "【#任正非致全体员工信#：网络安全和隐私保护是最高纲领】2019，华为一号文，任正非亲自落款！软件工程就像一个国家的农业，是最基础的设施！“软件工程”和“质量工程”需要依靠架构技术，而不是依靠CMM和QA管理流程。一切工程问题，首先要思考能否通过技术解决，当前技术无法解决的问题，暂时由管理手段代劳，同时不停止寻找技术手段。O任正非致全体员工信：网络安全和隐私保护是最高纲领", "author": "凤凰网财经", "time": "凤凰网财经01月03日08:50 来自专业版微博", "transmit": 1165, "comment": 729, "zan": 727, "sentiment": [{"positive_prob": 0.686139, "confidence": 0.302531, "negative_prob": 0.313861, "sentiment": 2}]}, {"text": "【应届生还没入职就被解约！迈瑞回应：短期无法胜任业务需要】1月2日，被称为“医疗器械界华为”的迈瑞医疗回应解约254名应届生：短期内无法胜任业务需要。长沙一名被解约大学生称目前已错过求职黄金期，不是5000元就能补偿的，希望得到尊重并道歉。@老板联播@梨视频L老板联播的秒拍视频​", "author": "新浪科技", "time": "新浪科技01月03日07:10 来自微博weibo.com", "transmit": 38, "comment": 89, "zan": 171, "sentiment": [{"positive_prob": 0.146349, "confidence": 0.67478, "negative_prob": 0.853651, "sentiment": 0}]}, {"text": "@时尚芭莎都来加码参与了，华为#包你红一年#活动的火爆程度可见一斑。赶紧过来吸口欧气吧，毕竟如果被选中成为了锦鲤，也要做一个时尚而又美丽的锦鲤不是么~​", "author": "环球时报", "time": "环球时报01月03日19:50 来自微博weibo.com", "transmit": 10, "comment": 24, "zan": 169, "sentiment": [{"positive_prob": 0.916765, "confidence": 0.815034, "negative_prob": 0.0832347, "sentiment": 2}]}, {"text": "#用iPhone发推特已被华为处罚#【网曝华为用iPhone发推文处罚曝光:责任人月薪下调5千】此前华为Twitter账号发布新年祝福的贴文，右下角有来自iPhone标示。曝光文件显示，华为决定对相关责任人月薪下调5000元，个人职级降1级。关于文件真伪性，新浪科技向华为求证，华为暂未回复。O网曝华为用iPhone发推文处罚曝光:责任人月薪下调5千​", "author": "新浪科技", "time": "新浪科技01月03日21:40 来自微博weibo.com", "transmit": 95, "comment": 132, "zan": 128, "sentiment": [{"positive_prob": 0.0593215, "confidence": 0.868174, "negative_prob": 0.940679, "sentiment": 0}]}, {"text": "【华为用iPhone发推特庆祝新年，处罚文件来了：相关责任人职级降1级，月薪下调5000元】处罚文件称在操作过程中因为VPN网络问题，无法用电脑发文，为赶跨年时间而使用iPhone手机登录。#华为处罚用iPhone发推特#华为这篇推特（Twitter）是在12月31日晚间11点31分发出，内容是以华为全体员工的名义送上新年祝福。不过，这篇推特下方却留下了“自推特的iPhone客户端发出”（ViaTwitterforiPhone）的标记。", "author": "老板联播", "time": "老板联播01月03日19:00 来自iPhoneX", "transmit": 304, "comment": 622, "zan": 252, "sentiment": [{"positive_prob": 0.233567, "confidence": 0.480963, "negative_prob": 0.766433, "sentiment": 0}]}, {"text": "【#华为用iPhone发推特后续#：处罚决定来了】近日华为官方推特以华为全体员工的名义送上新年祝福。不过这篇推文下方却留下了“iPhone客户端发出”的标记，华为删除重发后被网友截图↓↓日前该乌龙事件有了最新进展，华为的处罚决定来了↓↓O超尴尬!华为用iPhone发新年祝福处罚决定来了​", "author": "新浪新闻客户端", "time": "新浪新闻客户端01月03日21:25 来自专业版微博平台", "transmit": 51, "comment": 195, "zan": 177, "sentiment": [{"positive_prob": 0.0684129, "confidence": 0.847971, "negative_prob": 0.931587, "sentiment": 0}]}, {"text": "华为官方用iPhone发新年祝福推文处理结果出来了。。。（虎嗅）​", "author": "蓝鲸财经记者工作平台", "time": "蓝鲸财经记者工作平台01月03日20:57 来自Android", "transmit": 427, "comment": 250, "zan": 151, "sentiment": [{"positive_prob": 0.274396, "confidence": 0.390231, "negative_prob": 0.725604, "sentiment": 0}]}, {"text": "【华为利用5G从事间谍活动？德媒：你得讲证据】1月3日报道外媒称，美国及其盟友围堵中国电信巨头华为，他们认为华为从事间谍活动，但德国专家表示，因为担心工业间谍活动而禁止中国5G制造商参与公共采购没有意义。O华为利用5G从事间谍活动？德媒：你得讲证据​", "author": "新浪财经", "time": "新浪财经01月03日19:50 来自微博weibo.com", "transmit": 44, "comment": 88, "zan": 179, "sentiment": [{"positive_prob": 0.736887, "confidence": 0.415304, "negative_prob": 0.263113, "sentiment": 2}]}, {"text": "原来华为#包你红一年#可以po出的不单单只是传统意义上的红色产品，在光谱中渐变色、黄色、粉色、紫色也都属于华为红哦！对，你没看错，华为爸爸就是这么任性！​", "author": "圈内星探", "time": "圈内星探01月03日15:15 来自微博weibo.com", "transmit": 761, "comment": 631, "zan": 508, "sentiment": [{"positive_prob": 0.943956, "confidence": 0.875458, "negative_prob": 0.0560437, "sentiment": 2}]}, {"text": "红米Redmi品牌独立，以后应该和华为&荣耀的模式类似了​", "author": "数码研究所", "time": "数码研究所01月03日10:14", "transmit": 25, "comment": 140, "zan": 452, "sentiment": [{"positive_prob": 0.548111, "confidence": 0.0377822, "negative_prob": 0.451889, "sentiment": 1}]}, {"text": "哈哈哈哈，我有一好朋友，身材微胖，朋友们经常调侃他说只要和他一起拍照，画面框都容不下他！可是今天，这胖子买了台华为Mate20在我们面前耀武扬威，竟然说，这视频里的广角镜头能装下100个他？？？？L华为消费者BG的秒拍视频​", "author": "热门搞笑排行榜", "time": "热门搞笑排行榜01月03日11:30 来自微博weibo.com", "transmit": 608, "comment": 409, "zan": 622, "sentiment": [{"positive_prob": 0.737193, "confidence": 0.415985, "negative_prob": 0.262807, "sentiment": 2}]}, {"text": "果然我这个用了一个月的华为mate20pro，软件装了有70个吧，不放冰箱跑分都上不了30万了，被骁龙845秒杀了，排名只能第八名了​", "author": "科技圣斗士", "time": "科技圣斗士01月03日23:45 来自HUAWEIMate20Pro", "transmit": 10, "comment": 62, "zan": 625, "sentiment": [{"positive_prob": 0.409666, "confidence": 0.0896308, "negative_prob": 0.590334, "sentiment": 0}]}, {"text": "华为的产品已经不再能满足这届网友的欲望，这不，凡是与华为有关联的物品都被P成了红色，简直要上天！拦都拦不住！我们是不是得感谢一下华为#包你红一年#活动，将网友的P图潜力完美的激活！给华为霸霸加鸡腿！​", "author": "青春娱乐网", "time": "青春娱乐网01月03日15:58 来自微博weibo.com", "transmit": 1239, "comment": 954, "zan": 2099, "sentiment": [{"positive_prob": 0.194086, "confidence": 0.568698, "negative_prob": 0.805914, "sentiment": 0}]}, {"text": "#华为处罚用iPhone发推特#时隔几年我又用回了安卓手机作为主力机，就我现在用的一加6（三个月前3300元买的）屏幕比苹果差远了，拍照摄像比苹果差远了，我今天没想到的是视频处理时也还不如iPhone7流畅和稳定，如果你经济允许，除了微信微博之类的大众app又要用别的，还是买iPhone省心。​", "author": "营养师顾中一", "time": "营养师顾中一01月03日22:59 来自天天有蔬果日日有光", "transmit": 37, "comment": 294, "zan": 482, "sentiment": [{"positive_prob": 0.774086, "confidence": 0.497968, "negative_prob": 0.225914, "sentiment": 2}]}, {"text": "【任正非：网络安全和隐私保护是华为最高纲领】近日，华为心声论坛发布了华为创始人任正非致全体员工的一封信。信中表示，华为已经明确把网络安全和隐私保护作为公司的最高纲领。并且董事会决定，在接下来5年内，投入20亿美元，在基础设施领域打造可信的高质量产品。O任正非：网络安全和隐私保护是华为最高纲领​", "author": "每日经济新闻", "time": "每日经济新闻01月03日10:27 来自微博weibo.com", "transmit": 20, "comment": 8, "zan": 118, "sentiment": [{"positive_prob": 0.976292, "confidence": 0.947315, "negative_prob": 0.0237081, "sentiment": 2}]}, {"text": "人类首次！祝贺#嫦娥四号成功着陆月球背面#！转评，抽一位送华为移动电源一个。​", "author": "华为终端云服务", "time": "华为终端云服务01月03日22:10 来自微博weibo.com", "transmit": 823, "comment": 829, "zan": 456, "sentiment": [{"positive_prob": 0.93791, "confidence": 0.862023, "negative_prob": 0.0620897, "sentiment": 2}]}, {"text": "关键时刻就掉线，游戏时间真糟心！#华为Mate20#X，游戏通信优化加持，决胜瞬间，助你随时随地一招制敌！L华为手机官方的秒拍视频​", "author": "华为终端公司", "time": "华为终端公司01月03日11:13 来自微博weibo.com", "transmit": 41, "comment": 126, "zan": 300, "sentiment": [{"positive_prob": 0.693416, "confidence": 0.318702, "negative_prob": 0.306584, "sentiment": 2}]}, {"text": "【华为处罚用iPhone发推特：责任人职级降1级，月薪下调5000元】华为公共及政府事务部签发的《关于华为官方Twitter账号出现事故的问责决定》通知中，表示该贴文经部分海外和国内社交媒体上传播后，对华为手机的品牌带来了不良影响。……详情点击：O华为处罚用iPhone发推特：责任人职级降1级，月薪下调5000元​", "author": "IT之家", "time": "IT之家01月03日21:16 来自IT之家", "transmit": 59, "comment": 571, "zan": 313, "sentiment": [{"positive_prob": 0.284547, "confidence": 0.367673, "negative_prob": 0.715453, "sentiment": 0}]}, {"text": "【任正非签发华为新年一号文：把网络安全和隐私保护作为最高纲领】华为心声社区上2日发布了华为总裁办发出的2019年一号文件，是华为创始人、CEO任正非写给全体员工的一封信，任正非在信中表示，华为已经明确把网络安全和隐私保护作为公司的最高纲领。L究竟视频的秒拍视频​", "author": "第一财经日报", "time": "第一财经日报01月03日18:03 来自微博weibo.com", "transmit": 18, "comment": 22, "zan": 78, "sentiment": [{"positive_prob": 0.82177, "confidence": 0.603934, "negative_prob": 0.17823, "sentiment": 2}]}, {"text": "全员华为嗷！！！支持民族品牌，支持民族崛起。2成都·大慈寺​", "author": "李老八Bug", "time": "李老八Bug01月03日18:54 来自HUAWEIP20Pro", "transmit": 3, "comment": 244, "zan": 244, "sentiment": [{"positive_prob": 0.945073, "confidence": 0.877941, "negative_prob": 0.0549266, "sentiment": 2}]}, {"text": "华为苹果小米魅族，年度旗舰手机大乱斗，谁才是终极王者？L嘿丝科技的秒拍视频​", "author": "嘿丝科技", "time": "嘿丝科技01月03日19:50 来自微博weibo.com", "transmit": 20, "comment": 62, "zan": 143, "sentiment": [{"positive_prob": 0.797087, "confidence": 0.549083, "negative_prob": 0.202913, "sentiment": 2}]}, {"text": "【任正非：把网络安全和隐私保护作为华为最高纲领】华为CEO任正非近日致信全体员工时表示，全面提升软件工程能力与实践将以变革的方式来开展，由轮值董事长徐直军总体负责。华为初始投入20亿美元，计划用5年时间，在ICT基础设施领域打造可信的高质量产品。O任正非：把网络安全和隐私保护作为华为最高纲领​", "author": "财新网", "time": "财新网01月03日21:35 来自财新网", "transmit": 35, "comment": 68, "zan": 81, "sentiment": [{"positive_prob": 0.963901, "confidence": 0.91978, "negative_prob": 0.0360992, "sentiment": 2}]}, {"text": "搓一搓期待的小手，参与华为#包你红一年#活动，谁都有机会成为2019年第一条锦鲤。注意！如果我中了，我就把华为Mate20Pro拿出来送给大家，想要吗？​", "author": "C科技", "time": "C科技01月03日19:00 来自微博weibo.com", "transmit": 198, "comment": 91, "zan": 201, "sentiment": [{"positive_prob": 0.545321, "confidence": 0.0935733, "negative_prob": 0.454679, "sentiment": 1}]}, {"text": "华为官方用iPhone发新年祝福推文处理结果：当事人月薪下调5000元​​。​", "author": "雪球", "time": "雪球01月03日22:20 来自iPhone客户端", "transmit": 80, "comment": 91, "zan": 90, "sentiment": [{"positive_prob": 0.225425, "confidence": 0.499056, "negative_prob": 0.774575, "sentiment": 0}]}, {"text": "【没有任何好的替代选项：排挤华为，西方公司陷入了窘境】华为目前5G技术成熟度比行业其他公司至少领先12个月到18个月不等，是业界提供端到端5G全系统的厂商，你美国不用只能让你的国民继续沿用落后的通讯技术，到时候还得乖乖回来求华为。近日澳大利亚、英国、加拿大和美国的高层官员最近都称，使用中国电信巨头华为公司的设备会对国家安全构成威胁。但对这些国家的服务提供商来说，赞同这种评估却带来一个隐忧：没有任何好的替代选项：对美国来说，自己提供不了任何具有竞争力的第五代无线网络设备。与此同时，欧洲的诺基亚和爱立信都在费劲地追赶华为。华为已经能够以只相对于竞争对手一小部分的价格提供有关设备和服务。它在超越诺基亚和爱立信的过程中已然取得越来越快的进展，成为到目前为止世界上最大的电信设备供应商。尽管长期以来被美国市场几乎完全拒之门外，但华为已然取得如此大的进步。英国高管们总结出美国主导抵制华为的劳神费心行动造成令人失望遗憾的困境。按《华尔街日报》的话就是，“英国一家重要无线电信公司的高管们说，在诺基亚和爱立信能够以类似技术提供硬件之前，华为能比他们几乎提早一年交付产品。这些高管表示，他们正告诉英国官员们，把华为列入黑名单可能导致英国延迟9个月推出5G服务——下一代超高速无线技术”。诺基亚和爱立信也是小心谨慎：担心如果他们利用华为被其他市场拒之门外的便宜，那么有可能会被中国市场拒之门外。事实上，诺基亚在华员工有1.5万人，几乎是在大本营芬兰员工人数的两倍。同时，爱立信在东北亚的员工有1.2万人。澳大利亚和新西兰已加入到美国抵制华为5G设备的行动中，这使得他们的服务提供商别无选择，只能坐等滞后的、更加昂贵的替代产品。但在英法德，仍出现明显阻力。2019年将是关键一年，这些国家的5G服务提供商要么与华为一道全力以赴积极把事情做好，要么不情不愿地被迫(采用其他公司设备以)挽救这些企业免于最终沦落为无名之辈。据悉，尽管遇到较大外部压力和困难，华为在商业上仍然取得了不错成绩。目前，华为已获得26个5G商用合同，与全球50多个商业伙伴签署合作协议，5G基站商用发货数量超1万个，全球数量最多，拥有1600多项核心专利，占了整个5GESTI标准的19%，构筑了核心竞争优势。另外，华为在全球参加了几十个5G网络的商用测试，测试数据表明华为目前的技术成熟度比行业其他公司至少领先12个月到18个月不等。华为5G在技术和商用上，均处于业界领先，是业界提供端到端5G全系统的厂商。", "author": "人才76116", "time": "人才7611601月03日08:05", "transmit": 37, "comment": 107, "zan": 152, "sentiment": [{"positive_prob": 0.99043, "confidence": 0.978733, "negative_prob": 0.00956988, "sentiment": 2}]}, {"text": "任正非签发华为新年一号文：把网络安全隐私保护作为最高纲领。(澎湃)​", "author": "蓝鲸财经记者工作平台", "time": "蓝鲸财经记者工作平台01月03日09:59 来自iPhone客户端", "transmit": 124, "comment": 62, "zan": 51, "sentiment": [{"positive_prob": 0.707857, "confidence": 0.350793, "negative_prob": 0.292143, "sentiment": 2}]}, {"text": "【#应届生还没入职就被解约#！“医疗器械界华为”迈瑞医疗回应：短期无法胜任业务需要】1月2日，被称为“医疗器械界华为”的迈瑞医疗回应解约254名应届生：短期内无法胜任业务需要。长沙一名被解约大学生称，目前已错过求职黄金期，不是5000元就能补偿的，希望得到尊重并道歉。#迈瑞回应与应届生解约#L老板联播的秒拍视频", "author": "经济观察报", "time": "经济观察报01月03日12:00 来自微博weibo.com", "transmit": 8, "comment": 9, "zan": 17, "sentiment": [{"positive_prob": 0.233801, "confidence": 0.480442, "negative_prob": 0.766199, "sentiment": 0}]}]