[{"text": "如何实现2019年第一个愿望？想了很久，不如一起来寻找“华为红”吧，找到越多，送的越多哦！详情戳图​", "author": "华为终端官方微博", "time": "华为终端官方微博01月01日14:02 来自微博weibo.com", "transmit": 55995, "comment": 20732, "zan": 10673, "sentiment": [{"positive_prob": 0.621145, "confidence": 0.158099, "negative_prob": 0.378855, "sentiment": 2}]}, {"text": "『EXO粉丝相关』投稿网易云金唱片投票结束后，华为/vivo/苹果/360/小米/oppo等应用商店内网易云都收到了来自EXO粉丝的恶意差评。请劳尔还网易云一片净土可好？​", "author": "EXO喷泉站", "time": "EXO喷泉站01月01日10:49 来自❣️Android", "transmit": 9, "comment": 64, "zan": 202, "sentiment": [{"positive_prob": 0.397667, "confidence": 0.116296, "negative_prob": 0.602333, "sentiment": 0}]}, {"text": "【“医械界华为”新年前与200多名应届毕业生解约！公司这样回应】近日，有网友在知乎平台上反映，2018年12月29日开始有学生收到电话说，因为迈瑞公司业务调整，现决定解除合约，让学生把银行卡号发到指定邮箱，元旦过后会发解约函。O“医械界华为”新年前与200多名应届毕业生解约！公司这样回应（每经）​", "author": "21世纪经济报道", "time": "21世纪经济报道01月01日10:53 来自21财经", "transmit": 156, "comment": 1, "zan": 44, "sentiment": [{"positive_prob": 0.177853, "confidence": 0.604771, "negative_prob": 0.822147, "sentiment": 0}]}, {"text": "听说这次寻找华为红，只要带有红色的东西就算满足要求。我先来找8个，评论区欢迎补充​", "author": "C科技", "time": "C科技01月01日21:00 来自微博weibo.com", "transmit": 185, "comment": 115, "zan": 135, "sentiment": [{"positive_prob": 0.916706, "confidence": 0.814902, "negative_prob": 0.0832939, "sentiment": 2}]}, {"text": "告诉你一个真实的华为…​", "author": "中国IT杂谈", "time": "中国IT杂谈01月01日07:47", "transmit": 28, "comment": 142, "zan": 395, "sentiment": [{"positive_prob": 0.409067, "confidence": 0.0909626, "negative_prob": 0.590933, "sentiment": 0}]}, {"text": "【2018全球研发投资的排名：华为113亿欧元排名第5】欧盟委员会近日在官网上给出了《2018年欧盟工业研发投资排名》。在该名单中，中国有438家公司上榜（跻身百强榜有11家），其实华为以113亿欧元的研发投入排名中国第一，世界第五：O2018全球企业研发投资排名：华为113亿欧元排名第五​", "author": "新浪科技", "time": "新浪科技01月01日23:47 来自微博weibo.com", "transmit": 41, "comment": 73, "zan": 103, "sentiment": [{"positive_prob": 0.854567, "confidence": 0.676815, "negative_prob": 0.145433, "sentiment": 2}]}, {"text": "关晓彤#华为nova星人关晓彤#✨彤在北京跨年盛典唱过的歌✨16-17《安洁西公主》17-18《一千年以后》&《龙的传人》18-19《风筝》&《北京的冬天》彤彤一个演员，连续三年跨年都有独唱，其中还有两首自己的歌，不愧是亲妈台，真宠gxt@关晓彤​", "author": "梨子最爱123", "time": "梨子最爱12301月01日11:07 来自关晓彤超话", "transmit": 7, "comment": 34, "zan": 156, "sentiment": [{"positive_prob": 0.970433, "confidence": 0.934295, "negative_prob": 0.0295671, "sentiment": 2}]}, {"text": "2019年大家都要开心每一天~像这位小可爱一样天天都快乐~总会有意想不到的惊喜！@陈俊希二号6510060331恭喜这位小可爱获得保时捷华为让我们一起支持国产​", "author": "逛大牌", "time": "逛大牌01月01日20:51 来自微博weibo.com", "transmit": 5, "comment": 143, "zan": 413, "sentiment": [{"positive_prob": 0.979907, "confidence": 0.955348, "negative_prob": 0.0200933, "sentiment": 2}]}, {"text": "现在开播了，谢谢兄弟们2018年的支持，等下6:30我会在斗鱼直播间252140抽一个华为mate20pro。提前恭喜这个拿走我私房钱的小老弟🙋​", "author": "doinb金咕咕", "time": "doinb金咕咕01月01日16:34 来自iPhoneX", "transmit": 7, "comment": 103, "zan": 1064, "sentiment": [{"positive_prob": 0.956018, "confidence": 0.902263, "negative_prob": 0.0439816, "sentiment": 2}]}, {"text": "我的朋友塞冬指出，十多年前，全国各地都在发展电子产业。京津选择了引进三星等外国企业，深圳选择了依靠华为、小米等国内企业。十多年后，这个战略选择导致了截然不同的结果：与外企绑定的衰落了，与内企绑定的发达了。路线不对，再努力也没有好结果。天津三星工厂关闭后，一线生产员工可直接就职其他企业O三星关闭天津手机生产线后，一线生产员工可直接就职其他企业值得一提的是，三星新的高端项目正在加快注入。2018年，三星在天津注入新投资，三星SDI二期项目与天津开发区签署了《投资合作协议》，该项目位于天津开发区逸仙科学工业园，建设圆柱形电池项目，占地10万平方米。全球第二大MLCC生产商——三星电机株式会社投资兴建的汽车用MLCC工厂预计2019年底建成，2020年投产，建成后天津将成为三星电机海外最大的MLCC生产基地之一。三星新的项目投资达到24亿美元，投产后，合计产值将超过200亿元，是三星手机产值的1倍以上，新增就业数千人，三星在天津的产值和提供的就业机会不仅没有减少，反而有所增加。", "author": "中科大胡不归", "time": "中科大胡不归01月01日18:36 来自观网App", "transmit": 123, "comment": 144, "zan": 153, "sentiment": [{"positive_prob": 0.546522, "confidence": 0.0695574, "negative_prob": 0.453478, "sentiment": 1}]}, {"text": "隔壁王奶奶大闺女，用华为mate10拍的北京玉渊潭​", "author": "司马南", "time": "司马南01月01日11:38 来自HUAWEIMate10Pro", "transmit": 10, "comment": 23, "zan": 113, "sentiment": [{"positive_prob": 0.620694, "confidence": 0.157098, "negative_prob": 0.379306, "sentiment": 2}]}, {"text": "看来，华为mate20，可能带了个不太好的头。。​", "author": "新蜜蜂alex182", "time": "新蜜蜂alex18201月01日19:40 来自HUAWEIMate10Pro", "transmit": 109, "comment": 257, "zan": 710, "sentiment": [{"positive_prob": 0.25446, "confidence": 0.434534, "negative_prob": 0.74554, "sentiment": 0}]}, {"text": "哪个中国品牌在国外最知名？华为只能排第二，第一竟然是它？#陈瀚Siri#L陈瀚Siri的微博视频​", "author": "陈瀚Siri", "time": "陈瀚Siri01月01日19:31 来自微博weibo.com", "transmit": 13, "comment": 47, "zan": 204, "sentiment": [{"positive_prob": 0.373174, "confidence": 0.170725, "negative_prob": 0.626826, "sentiment": 0}]}, {"text": "【王江雨：孟晚舟引渡案法律与政治】华为作为一个企业，必须“在商言商在法言法”，走法律应对的路子，聘请律师将法律程序走到底，一切根据美国和加拿大的法律据理力争。但就中国政府而言，并没有义务遵守美国和加拿大的法律以及美加引渡条约，中国以外交和政治的手段去应对是合适的。O王江雨：孟晚舟引渡案法律与政治", "author": "早报网", "time": "早报网01月01日09:55 来自微博weibo.com", "transmit": 103, "comment": 243, "zan": 143, "sentiment": [{"positive_prob": 0.602422, "confidence": 0.116493, "negative_prob": 0.397578, "sentiment": 2}]}, {"text": "回首过去的一年，华为人一直在路上。即便步履匆匆，前进的同时也别忘记录身边的美好；放眼未来，视线所及的边际正在不断突破；留下记忆，也为我们留下一份与万物的联系与前行的痕迹。新的一年，放飞心灵，#勇敢新世界#等你来。2019，我们一起看世界O网页链接​", "author": "华为中国", "time": "华为中国01月01日19:02 来自微博weibo.com", "transmit": 26, "comment": 65, "zan": 432, "sentiment": [{"positive_prob": 0.861895, "confidence": 0.693099, "negative_prob": 0.138105, "sentiment": 2}]}, {"text": "华为保时捷居然缺货。​", "author": "张小波", "time": "张小波01月01日13:09 来自iPhone客户端", "transmit": 32, "comment": 244, "zan": 526, "sentiment": [{"positive_prob": 0.374367, "confidence": 0.168073, "negative_prob": 0.625633, "sentiment": 0}]}, {"text": "#对TA说晚安#新的一年，小伙伴们往往喜欢立各种flag！据说，一件事情，连续坚持21天，就会变成习惯。【你通过坚持，实现过哪些flag】转评，小云将抽一位送华为耳机。​", "author": "华为终端云服务", "time": "华为终端云服务01月01日22:00 来自微博weibo.com", "transmit": 253, "comment": 363, "zan": 201, "sentiment": [{"positive_prob": 0.982079, "confidence": 0.960175, "negative_prob": 0.0179212, "sentiment": 2}]}, {"text": "华为在海外某网站发帖祝贺新年，用的手机是....​", "author": "不太老", "time": "不太老01月01日15:25 来自微博weibo.com", "transmit": 315, "comment": 101, "zan": 78, "sentiment": [{"positive_prob": 0.389422, "confidence": 0.134618, "negative_prob": 0.610578, "sentiment": 0}]}, {"text": "零点钟声敲响，2019年如约而至！[米奇比心]#华为音乐#携群星为大家送上新年的首份重磅祝福，想知道周杰伦、邓紫棋、袁娅维、李佳薇、毕书尽等分别送出了怎样的节日祝福呢？猛戳>>O网页链接疯狂接收吧！愿新的一年，华为音乐依然为你生活的每一刻伴奏，HappyNewYear！L华为终端云服务的秒拍视频", "author": "华为终端云服务", "time": "华为终端云服务01月01日00:10 来自秒拍网页版", "transmit": 17, "comment": 55, "zan": 170, "sentiment": [{"positive_prob": 0.97471, "confidence": 0.943801, "negative_prob": 0.0252898, "sentiment": 2}]}, {"text": "天下何人不通Apple#华为用iPhone发新年祝福#​", "author": "数码研究所", "time": "数码研究所01月01日14:58", "transmit": 17, "comment": 114, "zan": 288, "sentiment": [{"positive_prob": 0.645154, "confidence": 0.211453, "negative_prob": 0.354846, "sentiment": 2}]}, {"text": "华为官推拿iPhone发个微博，各种带节奏铺天盖地，有说华为都觉得iPhone比华为手机好用？还有政治阴谋论的，真不必过度解读，任总去年才讲要开放包容，商业本来就是你中有我，我中有你，和手机本身好用与否有关系吗？华为也从来没有让人去抵制苹果，这反而是华为开放包容自信表现。#华为##苹果##数码#​", "author": "建华Wei业", "time": "建华Wei业01月01日20:13 来自华为超话", "transmit": 33, "comment": 139, "zan": 196, "sentiment": [{"positive_prob": 0.932384, "confidence": 0.849743, "negative_prob": 0.0676158, "sentiment": 2}]}, {"text": "华为的官方推特，小编忘记换手机了吧​", "author": "互联网见闻录", "time": "互联网见闻录01月01日16:00 来自iPhone客户端", "transmit": 10, "comment": 18, "zan": 56, "sentiment": [{"positive_prob": 0.558155, "confidence": 0.0181226, "negative_prob": 0.441845, "sentiment": 2}]}, {"text": "华为官方推特账户，用苹果iPhone发推文祝福大家新年快乐！尼玛是喝多了，还是高级黑？​", "author": "谦卑侯爷", "time": "谦卑侯爷01月01日15:27 来自HUAWEIMate10Pro", "transmit": 19, "comment": 146, "zan": 83, "sentiment": [{"positive_prob": 0.237351, "confidence": 0.472553, "negative_prob": 0.762649, "sentiment": 0}]}, {"text": "感觉大家对华为手机能否流畅使用三年争议很大，说说你有没有使用三年的手机，是哪一部？​", "author": "IT科技侠", "time": "IT科技侠01月01日22:30 来自微博weibo.com", "transmit": 22, "comment": 933, "zan": 167, "sentiment": [{"positive_prob": 0.51807, "confidence": 0.638605, "negative_prob": 0.48193, "sentiment": 1}]}, {"text": "每逢佳节胖三斤，这次没那么容易了！#华为Mate20#系列卡路里识别，轻轻对准食物一扫，卡路里数据一目了然，吃出健康好身材~L华为手机官方的秒拍视频​", "author": "华为终端公司", "time": "华为终端公司01月01日11:00 来自微博weibo.com", "transmit": 5, "comment": 28, "zan": 107, "sentiment": [{"positive_prob": 0.93014, "confidence": 0.844756, "negative_prob": 0.06986, "sentiment": 2}]}, {"text": "【华为海外发推庆祝新年：推文来自iPhone】华为祝大家2019年快乐，推文来自iPhone？……详情点击：O华为海外发推庆祝新年：推文来自iPhone​", "author": "IT之家", "time": "IT之家01月01日13:43 来自IT之家", "transmit": 115, "comment": 84, "zan": 46, "sentiment": [{"positive_prob": 0.826385, "confidence": 0.614188, "negative_prob": 0.173615, "sentiment": 2}]}, {"text": "【华为海外频受阻主要对手未必能获益】华为受到美国为首的多国打压，对于主要竞争对手诺基亚（Nokia）、爱立信（Ericsson）来说应该是好消息，但状况显然没有这么简单。O华为海外频受阻主要对手未必能获益联合早报网​", "author": "早报网", "time": "早报网01月01日17:50 来自微博weibo.com", "transmit": 26, "comment": 119, "zan": 49, "sentiment": [{"positive_prob": 0.725139, "confidence": 0.389198, "negative_prob": 0.274861, "sentiment": 2}]}, {"text": "三星A8s有一个定制版，开机关机动画效果都是张艺兴本人，这波粉丝文化做的很棒。再看华为Nova4，它的代言人易烊千玺，粉丝群体同样很强大，华为Nova4其实可以尝试学习下，我觉得易烊千玺的粉丝们都会疯掉，都会买这台手机了L科技小公举的微博视频​", "author": "科技小公举", "time": "科技小公举01月01日16:25 来自微博视频", "transmit": 9, "comment": 27, "zan": 132, "sentiment": [{"positive_prob": 0.964374, "confidence": 0.92083, "negative_prob": 0.0356263, "sentiment": 2}]}]