[{"text": "#央视新闻微直播#【央视专访！#任正非回应热点#】日前，华为创始人、CEO任正非在深圳华为总部接受了央视#面对面#专访。在外界普遍关心华为发展之时，任正非却用大篇幅谈到基础教育问题。他为何如此关心教育？海思的设立，背后有啥故事？在他看来，中美贸易的根本问题是什么？看↓央视新闻的微博直播.", "author": "央视新闻", "time": "央视新闻05月26日21:30 来自微博网页版", "transmit": 59005, "comment": 20147, "zan": 720459, "sentiment": [{"positive_prob": 0.610429, "confidence": 0.134288, "negative_prob": 0.389571, "sentiment": 2}]}, {"text": "#任正非回应热点#【此时谈教育，很超然？任正非：华为根本不会“死”】任正非：我们已经做了两万枚奖章，上面写是“不死的华为”，我们根本不认为会死，我们为什么把死看得那么重呢？我们梳理一下问题，哪些去掉，哪些加强，胜利一定是属于我们的。高端产品美国也没办法，我们完全靠自己，不靠美国。L央视新闻的微博视频", "author": "央视新闻", "time": "央视新闻05月26日21:48 来自微博云剪", "transmit": 7103, "comment": 3273, "zan": 21028, "sentiment": [{"positive_prob": 0.108898, "confidence": 0.758005, "negative_prob": 0.891102, "sentiment": 0}]}, {"text": "【直播央视《面对面》对话任正非】#任正非央视专访#5月21日下午，华为创始人、CEO任正非在华为总部接受央视《面对面》记者董倩专访。这是任正非时隔120天再次接受专访，也是第二次接受国内电视媒体的专访。专访中，任正非虽谈及中美贸易，但更多的在谈基础教育。点击看直播：新浪科技的微博直播.​", "author": "新浪科技", "time": "新浪科技05月26日21:38 来自微博网页版", "transmit": 715, "comment": 83, "zan": 15379, "sentiment": [{"positive_prob": 0.639071, "confidence": 0.197935, "negative_prob": 0.360929, "sentiment": 2}]}, {"text": "【邬贺铨谈华为事件：#华为已熟练掌握ARM架构修改#】在贵阳数博会“5G智联万物，数字慧通未来”论坛上，中国工程院院士邬贺铨谈及华为事件称，“在CPU方面，华为买的是ARM的V8永久使用权，可以消化它的东西也可以修改”。因此也不见得非要ARM再继续提供V9，华为也可以对它进行升级。O邬贺铨谈华为事件：华为已熟练掌握ARM架构修改", "author": "新浪科技", "time": "新浪科技05月26日17:26 来自微博weibo.com", "transmit": 987, "comment": 1274, "zan": 9351, "sentiment": [{"positive_prob": 0.0997229, "confidence": 0.778394, "negative_prob": 0.900277, "sentiment": 0}]}, {"text": "【夜读丨山·海·经】近日，华为在4月注册的一批商标被曝光，其中昆仑、白虎、当康等皆取自《山海经》。《山海经》，不止于\"古今语怪之祖\"，以山为经，以海为纬，行经世界，更是上古社会生活的百科全书。纵观中华五千年文明史，这样的奇书独一无二。夜深了，不妨循着上古先民足迹，溯游而上，捕捉天、地、人、兽的无穷奥秘……O山·海·经", "author": "央视新闻", "time": "央视新闻05月26日23:17 来自微博weibo.com", "transmit": 1664, "comment": 665, "zan": 3805, "sentiment": [{"positive_prob": 0.97841, "confidence": 0.952021, "negative_prob": 0.0215904, "sentiment": 2}]}, {"text": "【墨西哥餐厅宣布：进店消费用华为，送卷饼……】墨西哥一家名为TaqueriaTachitos的餐厅日前贴出告示称，所有携带华为设备的食客，只要在店中消费超过60比索（约22元人民币），就能免费获赠一个墨西哥玉米卷。“我们理解你的痛苦”，该餐厅在社交媒体上表示，并配了一张两个人拥抱的图片。O墨西哥餐厅宣布：用华为，送卷饼", "author": "环球时报", "time": "环球时报05月26日16:50 来自微博weibo.com", "transmit": 130, "comment": 227, "zan": 1375, "sentiment": [{"positive_prob": 0.207827, "confidence": 0.538163, "negative_prob": 0.792173, "sentiment": 0}]}, {"text": "有预感你们必须得换个手机了！点赞，并同时关注我和@奥黛丽ho哥抽一位送这台华为P30!6月2号开@微博抽奖平台​", "author": "钱府", "time": "钱府05月26日20:00 来自微博weibo.com", "transmit": 3825, "comment": 5518, "zan": 36397, "sentiment": [{"positive_prob": 0.906287, "confidence": 0.791749, "negative_prob": 0.0937132, "sentiment": 2}]}, {"text": "#任正非央视专访#【任正非：希望这个国家繁荣富强，不要再让人欺负了】5月26日晚间消息，华为创始人、CEO任正在华为总部接受央视《面对面》的独家专访。在专访中，主持人问任正非，为什么要操一份也许在别人看来是闲心的心？任正非回答道，“爱国，爱这个国家，希望这个国家繁荣富强，不要再让人欺负了。”任正非表示，华为有充分的人才储备。华为可以在世界各国网罗最优秀的人才，比如英国建芯片工厂，可以从招动手能力很强的德国招博士，华为还可以用五六倍的工资，在新西伯利亚大学里面把世界计算机竞赛的冠军招进来。因为华为在俄罗斯提高了工资待遇，俄罗斯很多博士科学家就争着到我们这来工作。O任正非：希望这个国家繁荣富强，不要再让人欺负了", "author": "新浪财经", "time": "新浪财经05月26日22:12 来自微博weibo.com", "transmit": 344, "comment": 83, "zan": 1163, "sentiment": [{"positive_prob": 0.0981484, "confidence": 0.781892, "negative_prob": 0.901852, "sentiment": 0}]}, {"text": "【全程视频来啦！#任正非接受央视专访#：再穷不能穷教师】5月21日下午，华为创始人、CEO任正非在华为总部接受了央视《面对面》记者董倩专访，在这场专访中，任正非虽然谈及了中美贸易，但更多的篇幅大谈特谈基础教育话题。他为何如此关心教育？海思的设立，背后有啥故事？在他看来，中美贸易的根本问题是什么？戳视频看全程↓L全程视频-任正非接受央视专访：再穷不能穷教师", "author": "新浪视频", "time": "新浪视频05月26日23:23 来自微博weibo.com", "transmit": 848, "comment": 57, "zan": 1228, "sentiment": [{"positive_prob": 0.586626, "confidence": 0.0813919, "negative_prob": 0.413374, "sentiment": 2}]}, {"text": "【微软停止与华为合作：Windows暂停供应新订单】据《南华早报》消息，知情人士透露，在华为被列入美国黑名单、因而无法购买美国技术后，微软效仿谷歌的做法，停止接受华为的新订单。华为和微软之间的两大业务领域：笔记本电脑Windows操作系统和其他内容相关服务都已被微软暂停，这家美国公司在遵守美国政府的限制。目前，微软中国方面没有对此消息进行回应。（来源：老板联播）O微软停止与华为合作：Windows暂停供应新订单", "author": "中国经营报", "time": "中国经营报05月26日17:00 来自微博weibo.com", "transmit": 2758, "comment": 12181, "zan": 7527, "sentiment": [{"positive_prob": 0.243213, "confidence": 0.459527, "negative_prob": 0.756787, "sentiment": 0}]}, {"text": "【华为副总裁鲁勇：#华为5G专利数全球排名第一#，超美国企业之和】5月26日，华为副总裁鲁勇在2019年数博会发表演讲称，华为做5G已经将近十年，美国所有企业的5G核心专利占比不到15%，而华为一家就超过了20%。尽管面临着外部的巨大挑战，但今天的中国通信产业可以自豪的说，在5G行业上我们已经实现全球领先了。L老板联播的秒拍视频", "author": "新浪财经", "time": "新浪财经05月26日18:21 来自微博weibo.com", "transmit": 257, "comment": 486, "zan": 864, "sentiment": [{"positive_prob": 0.980578, "confidence": 0.956841, "negative_prob": 0.0194217, "sentiment": 2}]}, {"text": "【国际友人支持华为？#墨西哥餐厅赠华为用户玉米卷#还有餐厅赠鸡翅】自从美国政府对华为的围追堵截愈加变本加厉，国内外网友对华为的支持也空前高涨。这不，最近墨西哥几家餐馆用向华为用户免费赠菜的方式来力挺华为。据彭博社报道，这家餐厅名为TaqueriaTachitos，位于墨西哥城。在墨西哥，运营商尚未采取任何行动。但当地一家名为TaqueriaTachitos的餐厅在这种焦灼状态中看到了营销机会。消费60比索以上(约合人民币22元)且使用华为的客人，可以免费得到一份墨西哥玉米卷。餐厅发布在Facebook的帖子上写着“我们理解你的痛苦”，旁边有两个人互相拥抱。（环球时报英文版）O用这种方式挺华为？墨西哥餐厅赠华为用户玉米卷，还有餐厅赠鸡翅", "author": "环球网", "time": "环球网05月26日14:06", "transmit": 84, "comment": 62, "zan": 693, "sentiment": [{"positive_prob": 0.886722, "confidence": 0.748271, "negative_prob": 0.113278, "sentiment": 2}]}, {"text": "【《纽约时报》警告，禁华为直接冲击美国农村无线网络服务】一名美国无线网络运营商的担忧登上了25日的美国《纽约时报》，让他担忧的，正是特朗普政府对华为的禁令。《纽约时报》称，由于华为传输手机信号的设备成本低廉，对于无线网运营商，特别是为人口稀少地区提供无线网服务的运营商来说，华为一直是这些运营商的主要设备供应商。据报道，华为已经向美国约1/4的小型无线网运营商提供设备。据一个代表55家小型无线网运营商的组织估计，如果将这些运营商的设备全部用非华为或中兴的设备替代，则可能将花费8至10亿美元。无独有偶，中国微博上也这两天在流传一段任正非的视频，视频内容实际上出自2019年1月20日CCTV新闻频道播出的“面对面”节目。节目中，任正非说:“西方实际上就是大农村，就是高档的大农村,因为是别墅群，大规模的别墅群。他们每家每户铺光纤进去，成本很高。这个时候他想看8k的电视,他拿什么看?我们小基站一装，方圆这一片就看了。这个全世界只有华为能做到。”视频：L环视频的秒拍视频", "author": "环球网", "time": "环球网05月26日21:03", "transmit": 134, "comment": 148, "zan": 694, "sentiment": [{"positive_prob": 0.940709, "confidence": 0.868242, "negative_prob": 0.059291, "sentiment": 2}]}, {"text": "#任正非央视专访#【任正非：希望这个国家繁荣富强，不要再让人欺负了】在专访中，主持人问任正非，为什么要操一份也许在别人看来是闲心的心？任正非回答道，“爱国，爱这个国家，希望这个国家繁荣富强，不要再让人欺负了。”任正非还表示，华为有来自全世界的充分的人才储备。O任正非：希望这个国家繁荣富强，不要再让人欺负了​", "author": "头条新闻", "time": "头条新闻05月26日22:40 来自微博weibo.com", "transmit": 191, "comment": 178, "zan": 1124, "sentiment": [{"positive_prob": 0.00921442, "confidence": 0.979524, "negative_prob": 0.990786, "sentiment": 0}]}, {"text": "【崔娃在脱口秀中吐槽美国政府，靠作弊耍赖攻击华为】近日，崔娃在其脱口秀节目中吐槽美国用行政手段封禁华为的行为。他说，美国5G和中国5G相比，就如同LD和DVD的区别，中国5G技术遥遥领先。美国之所以打压华为，是因为美国想用5G监视全世界，可惜通过正常手段办不到！L中报视频的秒拍视频​", "author": "紫光阁", "time": "紫光阁05月26日10:40 来自紫宝宝的Android", "transmit": 669, "comment": 344, "zan": 2565, "sentiment": [{"positive_prob": 0.422559, "confidence": 0.0609801, "negative_prob": 0.577441, "sentiment": 0}]}, {"text": "【#周鸿祎谈美国为何限制华为#：要获得网络领导权，截获和侦听数据】5月25日，在极客公园Rebuild2019科技商业峰会上，周鸿祎谈到了美国为什么要限制华为，如果全球的网络都用了华为的5G网络，可能美国人想截获和侦听数据就不是那么容易了。L老板联播的秒拍视频​", "author": "新浪财经", "time": "新浪财经05月26日14:59 来自微博weibo.com", "transmit": 187, "comment": 318, "zan": 630, "sentiment": [{"positive_prob": 0.691432, "confidence": 0.314293, "negative_prob": 0.308568, "sentiment": 2}]}, {"text": "【禁用华为设备？美电信运营商表示“劳民伤财”】美国政府发布针对华为的限制交易令，不仅干扰华为的正常经营，也直接损害了美国消费者的利益。近日，为包括斯科比在内的两万多平方公里偏远地区提供无线服务的电信运营商——“尼蒙特公司”在接受采访时表示，其核心网络70%以上的设备都来自于华为。公司首席执行官基尔戈认为，美国政府所谓的“华为对美国安全构成威胁”是“过分炒作”，更换设备对他们这样的小型电信运营商来说成本太高，用户的网络服务也会受到很大影响。美国农村无线运营商协会总顾问卡丽·贝内特也表示，很多农村电信运营商高度依赖华为的设备，更换设备“费钱又费时”。她说，据协会预计，如果按照美国政府的要求，需要花费数亿美元，用三到七年的时间才能完成设备的更换，这样既“毫无必要”，又“劳民伤财”。L央视财经的酷燃视频", "author": "央视财经", "time": "央视财经05月26日16:47 来自酷燃视频", "transmit": 150, "comment": 118, "zan": 604, "sentiment": [{"positive_prob": 0.049444, "confidence": 0.890124, "negative_prob": 0.950556, "sentiment": 0}]}, {"text": "#任正非回应热点#【任正非：完美的人就是没用的人华为从来不用完人】对于他自己，任正非表示，他是最典型的短板不行，个笨得要死，那个笨得要死。在家里经常太太、女儿都骂。但是，任正非表示，他不会管那些短板，而是只做长他这块板，再拼一块别人的长板，这样拼起来就是一个高桶了。对于用人，任正非则表示，为什么要自己变成一个完整、完美的人？完美的人就是没用的人，所以华为从来不用完人，如果一个人总是追求完美，就知道他没有希望，相反，如果这个人有缺点甚至缺点很多，就要好好观察一下这个人，看在哪方面能重用他。O任正非：完美的人就是没用的人，华为从来不用完人", "author": "新浪财经", "time": "新浪财经05月26日22:49 来自微博weibo.com", "transmit": 343, "comment": 101, "zan": 920, "sentiment": [{"positive_prob": 0.276782, "confidence": 0.384928, "negative_prob": 0.723218, "sentiment": 0}]}, {"text": "【周鸿祎谈美国限制华为：科技战背后是网络战360退市有先见之明】360董事长周鸿祎日前表示，这两年大家都在谈华为的事情，大家觉得很气愤，美国以举国之力对抗这样一家公司，其实其一点也不意外。“现在美国要全面封杀华为，原因是美国想要在网络上获得领导权，如果全球都使用华为5G网络，可能美国想截获和侦听数据就不是那么容易了。”“纽约时报曾报道，美国国安局在六年前入侵了华为的邮件系统，美国利用国家级的网络战部队，对一个非安全专业的公司发起网络攻击，华为当然抵御不了。”周鸿祎说，美国特别害怕别的国家对他们发起网络攻击，美国要在5G网络上获得领导权，所以，美国一定要破坏华为在5G上的布局。O周鸿祎：科技战背后是网络战360退市有先见之明", "author": "新浪财经", "time": "新浪财经05月26日17:43 来自微博weibo.com", "transmit": 200, "comment": 284, "zan": 609, "sentiment": [{"positive_prob": 0.957427, "confidence": 0.905393, "negative_prob": 0.042573, "sentiment": 2}]}, {"text": "#任正非接受央视专访#【任正非：现在才是华为最好的状态员工充满战斗力】5月26日晚间消息，华为创始人、CEO任正非在华为总部接受央视《面对面》的独家专访，在专访中，任正非表示，华为现在的处境并不是最危险的状态，“员工惰怠、不服从分配、不愿意去艰苦的地方工作，这才是危险状态了。”任正非称，现在华为员工全体振奋，个个战斗力在蒸蒸日上，这个时候我们怎么到了最危险的时候呢？这个时候应该是在最佳状态了。L新浪财经的秒拍视频", "author": "新浪财经", "time": "新浪财经05月26日23:14 来自微博云剪", "transmit": 125, "comment": 40, "zan": 431, "sentiment": [{"positive_prob": 0.276114, "confidence": 0.386414, "negative_prob": 0.723886, "sentiment": 0}]}, {"text": "#任正非央视专访#【任正非：希望这个国家繁荣富强，不要再让人欺负了】在专访中，主持人问任正非，为什么要操一份也许在别人看来是闲心的心？任正非回答道，“爱国，爱这个国家，希望这个国家繁荣富强，不要再让人欺负了。”任正非还表示，华为有来自全世界的充分的人才储备。O任正非：希望这个国家繁荣富强，不要再让人欺负了​", "author": "新浪科技", "time": "新浪科技05月26日22:13 来自微博weibo.com", "transmit": 521, "comment": 80, "zan": 742, "sentiment": [{"positive_prob": 0.00921442, "confidence": 0.979524, "negative_prob": 0.990786, "sentiment": 0}]}, {"text": "【邬贺铨院士谈华为事件：#华为已熟练掌握ARM架构修改#，能抵挡暂时性困难】5月26日，中国工程院院士邬贺铨在数博会上表示，被美国列入“实体名单”的华为有着丰富经验，针对芯片设计商ARM“断供”，它已熟练掌握ARM架构修改，能够抵住暂时性困难，而鸿蒙操作系统得兼容安卓app。L老板联播的秒拍视频", "author": "老板联播", "time": "老板联播05月26日19:06 来自微博weibo.com", "transmit": 451, "comment": 1181, "zan": 3050, "sentiment": [{"positive_prob": 0.743059, "confidence": 0.42902, "negative_prob": 0.256941, "sentiment": 2}]}, {"text": "#华为回应个别标准组织撤销资格##华为已熟练掌握ARM架构修改#发一篇知乎上的文章，分析的很透彻。很真实。很清醒。希望大家能耐心看看[嘿哈]​", "author": "沙漠里的鲭鱼", "time": "沙漠里的鲭鱼05月26日20:26 来自Weibo.intl", "transmit": 2933, "comment": 852, "zan": 5732, "sentiment": [{"positive_prob": 0.889911, "confidence": 0.755358, "negative_prob": 0.110089, "sentiment": 2}]}, {"text": "网友拍到的近期凌晨华为和海思的办公大楼，在霸权美国的无理制裁下，他们没有一丝的懈怠和退却，为了让保密柜里的“备胎”芯片们尽快转正，都像战士一样彻夜战斗！华为没有倒下，依然灯火通明！#华为#​", "author": "建华Wei业", "time": "建华Wei业05月26日11:36 来自HUAWEIMate20Pro", "transmit": 217, "comment": 460, "zan": 5566, "sentiment": [{"positive_prob": 0.465491, "confidence": 0.309829, "negative_prob": 0.534509, "sentiment": 1}]}, {"text": "【华为副总裁鲁勇：#华为5G专利数全球排名第一#，超美国企业之和】5月26日，华为副总裁鲁勇在2019年数博会发表演讲称，华为做5G已经将近十年，美国所有企业的5G核心专利占比不到15%，而华为一家就超过了20%。尽管面临着外部的巨大挑战，但今天的中国通信产业可以自豪的说，在5G行业上我们已经实现全球领先了！#微软华为#L老板联播的秒拍视频", "author": "老板联播", "time": "老板联播05月26日17:04 来自微博weibo.com", "transmit": 288, "comment": 843, "zan": 3025, "sentiment": [{"positive_prob": 0.980047, "confidence": 0.95566, "negative_prob": 0.019953, "sentiment": 2}]}, {"text": "华为董事会目前有17名成员，梁华接替担任董事长一职近20年之久的孙亚芳，成为华为对外新的掌舵者。除此之外，成员中还包括郭平、徐直军、胡厚崑和孟晚舟四名副董事长，以及分别在运营商业务和消费者业务上担当重任的常务董事丁耘和余承东。华为海思总裁何庭波，则位列非常务董事。担任华为CEO一职的任正非，也是17名成员之一。从任职年限上看，这17名董事会成员均是华为老兵。除任正非创立华为之外，其余人多在上世纪80、90年代加入华为，最晚的汪涛（产品投资委员会主任）、陈黎芳（公共及政府事务部总裁）、阎力大（企业BG总裁）等人也是在1997年就密集进入华为。这意味着这批高管在华为任职的时间至少已在20年以上。在华为董事会的常务委员会中，名单进一步缩小，包括郭平、徐直军、胡厚崑、孟晚舟、丁耘、余承东、汪涛七人。这七人可以就董事会授权的重大事项进行决策并监督执行，可以说是整个华为的重要决策中心。", "author": "互联网见闻录", "time": "互联网见闻录05月26日09:43 来自爱豆同款Android", "transmit": 262, "comment": 287, "zan": 1682, "sentiment": [{"positive_prob": 0.946923, "confidence": 0.882051, "negative_prob": 0.0530772, "sentiment": 2}]}, {"text": "#任正非回应热点#【此时谈教育，很超然？任正非：华为根本不会“死”】任正非：我们已经做了两万枚奖章，上面写是“不死的华为”，我们根本不认为会死，我们为什么把死看得那么重呢？我们梳理一下问题，哪些去掉，哪些加强，胜利一定是属于我们的。高端产品美国也没办法，我们完全靠自己，不靠美国。L央视新闻的微博视频", "author": "头条新闻", "time": "头条新闻05月26日21:52 来自微博weibo.com", "transmit": 231, "comment": 185, "zan": 670, "sentiment": [{"positive_prob": 0.108898, "confidence": 0.758005, "negative_prob": 0.891102, "sentiment": 0}]}, {"text": "#任正非央视专访#【任正非：现在才是华为最好的状态员工充满战斗力】5月26日晚间消息，华为创始人、CEO任正在华为总部接受央视《面对面》的独家专访，在专访中，任正非表示，华为现在的处境并不是最危险的状态，“员工惰怠、不服从分配、不愿意去艰苦的地方工作，这才是危险状态了。”任正非称，现在华为员工全体振奋，个个战斗力在蒸蒸日上，这个时候我们怎么到了最危险的时候呢？这个时候应该是在最佳状态了。O任正非：华为现在才是最好的状态员工充满战斗力", "author": "新浪财经", "time": "新浪财经05月26日22:20 来自微博weibo.com", "transmit": 76, "comment": 52, "zan": 351, "sentiment": [{"positive_prob": 0.645068, "confidence": 0.211262, "negative_prob": 0.354932, "sentiment": 2}]}, {"text": "#任正非回应热点#【此时谈教育，很超然？任正非：华为根本不会“死”】任正非：我们已经做了两万枚奖章，上面写是“不死的华为”，我们根本不认为会死，我们为什么把死看得那么重呢？我们梳理一下问题，哪些去掉，哪些加强，胜利一定是属于我们的。高端产品美国也没办法，我们完全靠自己，不靠美国。L央视新闻的微博视频@央视新闻", "author": "环球时报", "time": "环球时报05月26日22:23", "transmit": 192, "comment": 112, "zan": 680, "sentiment": [{"positive_prob": 0.11374, "confidence": 0.747244, "negative_prob": 0.88626, "sentiment": 0}]}, {"text": "易烊千玺yyqx搁浅我不允许有人没有听过这个版本！！！这是我听过音质最好的了！！！呜呜呜呜太好听了耳朵怀孕啦@TFBOYS-易烊千玺yyqx唱歌四字弟弟四字szddsd纸鸟znjj新歌易烊千玺中戏，易烊千玺中戏第一，易烊千玺nova，易烊千玺华为，易烊千玺野兽派，易烊千玺阿迪，易烊千玺天猫，易烊千玺好爸爸，易烊千玺沙宣，易烊千玺BottegaVenetayyqx帅yyqx可爱yyqx中戏yyqx中戏第一yyqx纪梵希yyqx天猫yyqx华为yyqx新歌yyqx舒适圈yyqx舞蹈yyqx短发yyqx发型yyqx少年的你yyqx封面#说到街舞就能想到易烊千玺##易烊千玺世间少年当如你#crlogo侵删L千苏大队长的微博视频", "author": "千苏大队长", "time": "千苏大队长05月26日18:23 来自易烊千玺超话", "transmit": 1778, "comment": 284, "zan": 2374, "sentiment": [{"positive_prob": 0.912892, "confidence": 0.806426, "negative_prob": 0.0871081, "sentiment": 2}]}]