[{"text": "【华为为什么有为？】“我们自己在编的1.5万多位基础研究的科学家和专家是把金钱变成知识，我们还有6万多位应用型人才是开发产品，把知识变成金钱。”17日，身着蓝色休闲西装的华为创始人任正非在与国内媒体座谈时，这样描述公司的基础研究和自主开发。此前一直被外界认为“低调”的华为到底有哪些“黑科技”？16日、17日两天内，环环在华为手机生产车间见识了华为高端手机是“怎样炼成的”，而先进热技术、高级结构材料等此前很少曝光的实验室则让人明白，为什么在5G技术上华为可以领跑世界。O华为为什么有为？", "author": "环球网", "time": "环球网01月19日08:51", "transmit": 63, "comment": 60, "zan": 308, "sentiment": [{"positive_prob": 0.633527, "confidence": 0.185615, "negative_prob": 0.366473, "sentiment": 2}]}, {"text": "【华为为什么有为？】17日，身着蓝色休闲西装的华为创始人任正非在与国内媒体座谈时，这样描述公司的基础研究和自主开发：我们自己在编的1.5万多位基础研究的科学家和专家把金钱变成知识，我们还有6万多位应用型人才开发产品，把知识变成金钱。华为既没有背景，也没有资源，除了人的脑袋之外，一无所有。我们就是把一批中国人和一些外国人的脑袋集合起来，达到了今天的成就。O华为为什么有为？任正非：除了人的脑袋之外一无所有", "author": "新浪财经", "time": "新浪财经01月19日09:27 来自专业版微博", "transmit": 64, "comment": 22, "zan": 190, "sentiment": [{"positive_prob": 0.47034, "confidence": 0.406808, "negative_prob": 0.52966, "sentiment": 1}]}, {"text": "今天是个激动的日子，去参加#神探蒲松龄#发布会，准备了#荣耀Magic2#送成龙大哥，没想到大哥一看到是我们荣耀手机，非常开心，立马四处找包，从包里拿出来三部华为手机，一部一部拿给我看，还说:“你看，我一直都用华为，好几台华为，国人要用国货，我走到世界的任何一个地方都推荐大家用华为荣耀，这几部用太久膜都碎了”，大哥还让我给他贴个膜，笑cry。如此平易近人的大哥，合影签名通通答应，激动得我都语无伦次了，够我开心一辈紫的节奏，然后下周一荣耀还有大事公布哦！", "author": "人比黄瓜胖Ivy", "time": "人比黄瓜胖Ivy01月19日23:14 来自荣耀Magic2魔法手机", "transmit": 1408, "comment": 233, "zan": 299, "sentiment": [{"positive_prob": 0.997, "confidence": 0.993333, "negative_prob": 0.00299995, "sentiment": 2}]}, {"text": "刚才看了NHK电视纪录片，讲的是中美高科技之争以及“新冷战”的构造，尤其讲到华为、阿里巴巴、邓迪“区块链应用技术”以及中国领先的意义，浅显易懂，有收获。​", "author": "毛丹青", "time": "毛丹青01月19日21:27 来自iPhone客户端", "transmit": 39, "comment": 30, "zan": 97, "sentiment": [{"positive_prob": 0.893328, "confidence": 0.762951, "negative_prob": 0.106672, "sentiment": 2}]}, {"text": "说明：网友@Hjordis经评选抽得华为保时捷一部，后有网友质疑，我亦与其多次沟通，仍对其所叙之携程遭遇多有不可解之处，经慎重考虑，决定取消其获奖资格，望各网友周知。#冒个泡##2019新年快乐#​", "author": "张小波", "time": "张小波01月19日23:17 来自iPhone客户端", "transmit": 26, "comment": 188, "zan": 116, "sentiment": [{"positive_prob": 0.0370899, "confidence": 0.917578, "negative_prob": 0.96291, "sentiment": 0}]}, {"text": "【任正非谈华为CFO孟晚舟被捕：感谢党和国家对一个公民权利的保护】1月17日，华为创始人兼CEO任正非在深圳接受专访。针对女儿孟晚舟被加拿大扣押一事，任正非表示，我们要靠法律的力量，我们有信心能够解决。儿女最重要是翅膀要硬，他们要自由去飞翔。期望儿女来照顾父母，不是我们的期望。L央视新闻的秒拍视频", "author": "经济观察报", "time": "经济观察报01月19日15:00 来自微博weibo.com", "transmit": 21, "comment": 16, "zan": 63, "sentiment": [{"positive_prob": 0.930225, "confidence": 0.844944, "negative_prob": 0.0697751, "sentiment": 2}]}, {"text": "「中驻加大使：加国若禁用华为5G“肯定会有后果”」当地时间1月17日，中国驻加拿大大使卢沙野在使馆接受媒体采访。他说：“孟晚舟女士没有违反加拿大任何法律被逮捕，而两名加拿大公民是因为从事危害中国国家安全的活动而被采取强制行动的”。同时卢沙野大使还警告加拿大，如果加禁止中国电信巨头华为参与该国的5G项目，将“肯定会有后果”。卢沙野表示，不知道具体后果是什么，但他呼吁加拿大政府和有关部门做出明智的选择。LKevin在纽约的秒拍视频", "author": "Kevin在纽约", "time": "Kevin在纽约01月19日15:23 来自秒拍网页版", "transmit": 319, "comment": 637, "zan": 193, "sentiment": [{"positive_prob": 0.236408, "confidence": 0.47465, "negative_prob": 0.763592, "sentiment": 0}]}, {"text": "原来当年这个小米Max的广告视频导演，就是前天微博刷屏的“啥是佩琪”的导演张大鹏。他也是华为Mate20土拨鼠与太空大广角宣传视频的导演。还导演过链家的三国版广告，以及麦当劳世界杯麦辣鸡腿金球堡的广告。L小米公司的秒拍视频​", "author": "钟文泽", "time": "钟文泽01月19日13:00 来自HUAWEIMate20Pro", "transmit": 37, "comment": 52, "zan": 271, "sentiment": [{"positive_prob": 0.164367, "confidence": 0.63474, "negative_prob": 0.835633, "sentiment": 0}]}, {"text": "【任正非专访：只有一家公司把微波和5G做得好，这个全世界只有华为能做到】HuaweiisconfidentthatWesterncountrieswillhavetobuyitsproductsbecauseoftheircompetitiveness,theChinesetelecomgiant'sCEOandfounderRenZhengfeitoldCCTVinanexclusiveinterviewonThursday. \"Whenyouhavesuperiorproducts,thereisnoneedtoworryaboutbuyers,andIhaveneverworriedaboutthat,\"Renrepliedwhenaskedabouthowtocopewithsomecountries'restrictionsandbansonthecompany.RensaidHuaweiisthebestintheareaof5G,andtheonlymanufacturerintheworldthatiscapableofequipping5Gbasestationswiththestate-of-the-artmicrowavetechnology,whichperfectlysuitsWesterncountrieswherescatteredvillasareubiquitousandareinneedofhigh-speedinformationservices.Formore:O网页链接LCGTN的微博视频", "author": "CGTN", "time": "CGTN01月19日22:59 来自微博weibo.com", "transmit": 43, "comment": 15, "zan": 113, "sentiment": [{"positive_prob": 0.417079, "confidence": 0.0731577, "negative_prob": 0.582921, "sentiment": 0}]}, {"text": "【任正非谈华为被“封杀”：全世界只有华为同时把5G和微波做得最好，欧美国家非买不可】针对华为遭一些国家“打压”的问题，任正非接受央视采访时表示，“把5G和微波做得最好，全世界只有华为能做到。”对于那些不让华为参与竞争的国家，任正非说，“你做得好了不会没人买，不买他是傻，不买他就亏了。这是比赛嘛，和平竞争。除了买他还有啥办法。”对华为实施禁令的国家很少，“没有什么大的影响”。L央视新闻的秒拍视频", "author": "中国企业家杂志", "time": "中国企业家杂志01月19日13:30 来自微博weibo.com", "transmit": 52, "comment": 49, "zan": 76, "sentiment": [{"positive_prob": 0.0210172, "confidence": 0.953295, "negative_prob": 0.978983, "sentiment": 0}]}, {"text": "网友求助：华为mate20pro和苹果X到底该买哪个？你们建议买哪个？​", "author": "IT科技侠", "time": "IT科技侠01月19日11:32 来自微博weibo.com", "transmit": 14, "comment": 891, "zan": 256, "sentiment": [{"positive_prob": 0.16807, "confidence": 0.626511, "negative_prob": 0.83193, "sentiment": 0}]}, {"text": "台北，华为MAX20买手机送内存卡现场​", "author": "斯图卡98", "time": "斯图卡9801月19日19:54 来自荣耀8X", "transmit": 12, "comment": 31, "zan": 90, "sentiment": [{"positive_prob": 0.574659, "confidence": 0.0547968, "negative_prob": 0.425342, "sentiment": 2}]}, {"text": "【任正非谈华为被一些国家“封杀”：有信心欧美国家非买不可】针对华为遭一些国家“打压”的问题，任正非表示，华为在全世界5G和微波做得最好，我从不担忧。欧美国家有很多东西非买不可，我们不会计较他曾经计较过我们。我们是以市场经济、以客户为中心，当他要买的时候，我还是要卖给他的。（央视新闻）L央视新闻的秒拍视频", "author": "科工力量", "time": "科工力量01月19日08:04 来自微博weibo.com", "transmit": 70, "comment": 41, "zan": 107, "sentiment": [{"positive_prob": 0.522542, "confidence": 0.549151, "negative_prob": 0.477458, "sentiment": 1}]}, {"text": "最近华为新闻突然很多，看起来华为已经成了西方一些政客和民粹的泄私愤工具，为了打压无所不用其极，成了冲突的最前沿的牺牲品，比如传老美针对五年前事情做刑事调查，德国也欲排除华为做5G。给我的感觉，现在有点像琅琊榜里的局面。老美是梁王，上一代霸主。中国是祁王，厚积薄发的继任者，华为等一批海外开疆破土的高科技企业是赤焰军，祁王的杀手锏。祁王和赤焰军有家国担当，举世欣赏，梁王内心嫉妒恐慌，苦于找不到机会对付。这时夏江和谢玉捕捉到了梁王的心思，开始找赤焰军的麻烦，给梁王送投名状。其实梁王也知道夏江谢玉弄的这些都是莫须有的，但梁王需要这个打击祁王集团，已经无所谓真假了。夏江谢玉就是波兰台湾日本澳大利亚加拿大之类的。现在的祁王集团和赤焰军越是气势汹汹，越是引起梁王集团的猜忌和反感，也会持续受到打压。但现在祁王赤焰军已经声名鹊起，再闷声发大财也很难了。所以梁王祁王两大集团的决裂在所难免。这就是任正非最近讲话的精神，华为可以收缩，但有些国家不买也不行。", "author": "投资舆情", "time": "投资舆情01月19日10:47 来自微博weibo.com", "transmit": 77, "comment": 118, "zan": 194, "sentiment": [{"positive_prob": 0.74746, "confidence": 0.4388, "negative_prob": 0.25254, "sentiment": 2}]}, {"text": "#对TA说晚安#洗澡前是真困，洗完澡后就……听歌、看书、聊天、刷微博、玩游戏，不是不想睡，是手机不让我睡。转评聊聊【你睡前做的最后一件事是什么？】小云将抽一位送出华为耳机。​", "author": "华为终端云服务", "time": "华为终端云服务01月19日22:00 来自微博weibo.com", "transmit": 286, "comment": 376, "zan": 164, "sentiment": [{"positive_prob": 0.368921, "confidence": 0.180175, "negative_prob": 0.631079, "sentiment": 0}]}, {"text": "唯有灵魂安静的时候，才是我们和自己贴得最近的时候。周末逛花市。#玩出新年味##华为p20影像成诗#手机摄影@微博摄影@华为终端官方微博@手机摄影​", "author": "huayuan画鸢", "time": "huayuan画鸢01月19日08:30 来自中国图库超话", "transmit": 4, "comment": 99, "zan": 69, "sentiment": [{"positive_prob": 0.943893, "confidence": 0.875318, "negative_prob": 0.0561071, "sentiment": 2}]}, {"text": "【华为2019年营收目标1259亿美元终端目标超五成】华为公布了2019年KPI总目标：1259亿美元。在总营收目标中，华为消费者BG的目标营收为650亿美元，华为运营商BG目标营收为441亿美元，华为企业BG目标营收为168亿美元。任正非此前表示，2019对华为而言将会是面临挑战和困难的一年：O华为2019年营收目标1259亿美元终端目标超五成​", "author": "新浪科技", "time": "新浪科技01月19日12:29 来自专业版微博", "transmit": 29, "comment": 31, "zan": 103, "sentiment": [{"positive_prob": 0.972509, "confidence": 0.938909, "negative_prob": 0.027491, "sentiment": 2}]}, {"text": "【中国驻加大使：加国若禁用华为5G“肯定会有后果”】中加关系陷入高度紧张之际，中国驻加拿大大使卢沙野警告，如果加拿大禁止中国电信巨头华为参与该国的5G项目，将“肯定会有后果”。卢沙野表示，不知道具体后果是什么，但他呼吁加拿大政府和有关部门做出明智的选择。O中国驻加大使卢沙野:加国若禁用华为5G“肯定会有后果”​", "author": "早报网", "time": "早报网01月19日09:26 来自微博weibo.com", "transmit": 106, "comment": 283, "zan": 102, "sentiment": [{"positive_prob": 0.253994, "confidence": 0.435569, "negative_prob": 0.746006, "sentiment": 0}]}, {"text": "就转转：你知道美国为什么追杀华为吗？看看下面的数据你就明白了：华为有1万多名博士，甚至有很多俄罗斯数学家，人才济济。华为年薪超过100万的人超过一万人华为年薪超过500万的人超过1000人！在国内，华为研发经费高达896亿，在三巨头中，阿里巴巴员工3万，百度5万，腾讯大约3万，总共加起来11万，但是华为的全球员工总数却有17万！阿里巴巴的利润234亿，腾讯242亿，百度105亿，利润总额是580亿，但是70％被外国人拿走，而华为从2000年开始，从国外赚回中国的钱就高达1.39万亿！在纳税方面，腾讯70多亿，阿里巴巴纳税109亿，百度22亿，华为超过了他们的总和，纳税337亿！华为是高科技公司，而科技才是一个国家的真正实力。在中国，很多公司可以没有，因为很快就可以找到替代他们的公司，但是华为不可替代！华为是一家100%中国人的公司，一直没有上市，且不准备上市，因为上市就很容易受到资本的控制。为什么叫华为？中华有为！华为是中国历史上第一家进入世界百强的民营科技企业！ ", "author": "George-瓜瓜", "time": "George-瓜瓜01月19日16:53 来自iPhone7Plus", "transmit": 87, "comment": 92, "zan": 123, "sentiment": [{"positive_prob": 0.943909, "confidence": 0.875354, "negative_prob": 0.0560907, "sentiment": 2}]}, {"text": "@来去之间，@于帅洋是琢玉郎没想到微博的总裁都转发我的微博了。我解释一下“有些国家吧”：我对华为的了解是来自于身边在华为工作的朋友，很多年前他们就开始做通讯设备了，而那个时候他们主要突破和驻点的市场是在印度，巴基斯坦，当然非洲和南美国家也在做。直到现在我问他在哪里，他仍然在那些区域，而且是拖家带口的。从这个朋友的介绍他们在当地的生活是非常艰苦的，异国他乡有很多事都得自己处理，经常遇到突发事件无法兼顾家庭。去年有一位从华为离职的高管来公司谈到了华为美国市场，谈到了华为在美国的市场和特色的“太太团”等，可想而知在美国的华为团队是比较滋润的。两种生活状态对比可知在这些地区的工作状态了。回到“有些国家”这句话，其实还是我一直强调的：当你紧盯着欧美那几个大客户时，别人正默默的赚着亚非拉这些国家的钱。那么很多人会有疑问他们这些国家赚得到钱吗？我打个比方：很早以前我们一瓶数码（5升）墨水成本大概在20块RMB，如果他们从美国和日本去买，可能一瓶墨水是卖100-120美金。我们定价在70美金一瓶，非洲客户可以说是抢购，而且是论吨买，买完还要说句merci（法语谢谢），因为他在他们的市场卖的价格高到你想象不到。5G是一个全新的领悟，其实跟我们当时那个情况很相似，市场还没有形成有效竞争格局时，任老是有信心说他不愁卖的，加上华为全球的办事处、技术、售后，几乎可以说他卖出去很轻松没有必要担心。国际贸易从来都不是几个国家之间的贸易，而是全球的贸易。可能某些国家从法律上抵制，从道德上谴责，但是对于绝大多数国家来说，特别对于亚非拉的某些国家他们需要的是生存和生活，明明有便宜好几倍的产品，而且质量上等，他们不可能去花高价当冤大头的，他们实际上也并没有那么多资金和情怀去拥护高价产品。这一点我相信华为在布局了全球市场，积累这么多年海外经验以后是非常了解的。我再举个例子，想起来我以前做的一款产品，当时当我们的技术已经和几个技术大国平起平坐了，（先不谈这个技术归属哪国），国外的客户完全抛弃了美日两个国家的产品，全奔往中国要货。后来美日没办法采取在芯片上加密等手段限制我们的产品，可最后还是卖不过中国，物美价廉的口碑在那里以后，需求在那里你的封锁和谴责毫无意义。最后只能美日自己调低价格。实际上我们的芯片技术全是来自于美日。我相信那几个国家也吃过不少亏，但是再怎么限制，我认为都只是暂时的。有人说，别的国家限制，不会调查吗？国际贸易有一些规避的方法，我这里不展开讲，大家自己意会：1，中国人比外国人聪明的地方在于中国人会变通，比如我可以不用傻乎乎的告诉你我卖的就是这个产品。2，我可以经别国转口过去。3....其实国内军工出口的限制比这类限制多得多，他们很多都是采取这些方式。看那个视频采访的时候，觉得任老说话有一些无奈，但那句话其实非常有说服力。", "author": "外贸人Chris", "time": "外贸人Chris01月19日15:25", "transmit": 241, "comment": 106, "zan": 213, "sentiment": [{"positive_prob": 0.610201, "confidence": 0.133779, "negative_prob": 0.389799, "sentiment": 2}]}, {"text": "【任正非回应一切：晚舟很坚强！华为除了人的脑袋，一无所有！】任正非在接受采访时表示，“见媒体是公共关系部逼的。他们说要给18万员工和广大客户传递信心，其实我们没有遭遇多大困难。今天碰到的问题对华为会有影响，但不会出现重大问题。因为我们有信心，我们的产品做得比别人都好，让别人不想买都不行。华为在国际业务拓展方面没有变化，过去怎么做还怎么做。“O任正非回应一切：晚舟很坚强！华为除了人的脑袋，一无所有！", "author": "新财富杂志", "time": "新财富杂志01月19日22:03 来自iPhone8Plus", "transmit": 28, "comment": 21, "zan": 98, "sentiment": [{"positive_prob": 0.0314015, "confidence": 0.930219, "negative_prob": 0.968598, "sentiment": 0}]}, {"text": "不甩禁用？華為新機上市現排隊潮網驚：這些是台灣人嗎不然是鬼嗎？​", "author": "祖國是大陸", "time": "祖國是大陸01月19日18:44 来自Android客户端", "transmit": 20, "comment": 107, "zan": 182, "sentiment": [{"positive_prob": 0.142709, "confidence": 0.682869, "negative_prob": 0.857291, "sentiment": 0}]}, {"text": "#蒋丰微观#华为公司董事、高级副总裁陈黎芳近日在华为新员工座谈会上讲话说到：“我们要正视美国的强大，看到差距，坚定地向美国学习，永远不要让反美情绪主导我们的工作。在社会上不要支持民粹主义，在内部不允许出现民粹，至少不允许它有言论的机会。全体员工要有危机感，不能盲目乐观，不能有狭隘的民族主义。”", "author": "蒋丰", "time": "蒋丰01月19日17:15 来自iPhone客户端", "transmit": 43, "comment": 45, "zan": 129, "sentiment": [{"positive_prob": 0.903607, "confidence": 0.785793, "negative_prob": 0.096393, "sentiment": 2}]}, {"text": "【任正非谈华为被“封杀”：全世界只有华为5G和微波做得最好，欧美国家非买不可】针对华为遭一些国家“打压”的问题，任正非接受采访时表示，华为在全世界5G和微波做得最好，我从不担忧。欧美国家有很多东西非买不可，我们不会计较他曾经计较过我们。我们以市场经济、以客户为中心，当他要买的时候，我还是要卖给他的。#央视专访任正非#L央视新闻的秒拍视频", "author": "老板联播", "time": "老板联播01月19日09:00", "transmit": 53, "comment": 83, "zan": 139, "sentiment": [{"positive_prob": 0.2983, "confidence": 0.337111, "negative_prob": 0.7017, "sentiment": 0}]}, {"text": "华为mate20pro现在拍照这么厉害，未来有没有可能被国产其他厂商超越？有的话最可能是哪家？​", "author": "IT科技侠", "time": "IT科技侠01月19日19:32 来自微博weibo.com", "transmit": 7, "comment": 304, "zan": 155, "sentiment": [{"positive_prob": 0.335953, "confidence": 0.253437, "negative_prob": 0.664047, "sentiment": 0}]}, {"text": "华为刚刚公布了2019年的目标是营收1259亿美元。去年是1085亿美元，可以看出华为一定程度上调低了增长速度，没有定到20%的增长。但步子是扎实的，还有超过15%的增长，在行业内非常扎实。我相信2019年的消费者BG和云、企业网都会不错，增长也会超过20%。压力较大还是通信系统。2北京·富力城​", "author": "飞象网项立刚", "time": "飞象网项立刚01月19日14:07 来自华为Mate10保时捷设计", "transmit": 18, "comment": 23, "zan": 199, "sentiment": [{"positive_prob": 0.971915, "confidence": 0.937589, "negative_prob": 0.0280849, "sentiment": 2}]}, {"text": "CBG要成华为半壁江山了，今年还有甩人一条街大招出来：媒体报道，在昨晚华为的庆功会上，宣布今年的目标是1259亿美元，继续上攻。在总营收目标1259亿美元中，华为消费者BG的目标营收650亿美元，华为运营商BG目标营收441亿美元，华为企业BG目标营收168亿美元。在以美国为首的五眼联盟利用各种污蔑、诋毁商誉、乃至绑架经理人等下作无耻打压下，越战越勇。虽然运营商BG比较受影响，这三年基本处于持平走势。但是终端和企业业务却继续逆风飞扬，继续发力。特别终端业务已经成为最大业务部门。终端营收的今年目标相当于去年增加30%，说明胸有成竹，估计春节后就要开始秀肌肉，出大招了！", "author": "HW前HR", "time": "HW前HR01月19日19:32 来自HUAWEIMate20Pro", "transmit": 26, "comment": 79, "zan": 162, "sentiment": [{"positive_prob": 0.971982, "confidence": 0.937737, "negative_prob": 0.0280184, "sentiment": 2}]}, {"text": "董明珠昨天在演讲中发布了一个数据，格力从1991年成立到2018年，累计给中国纳税一千亿多一点，其实在中国企业里来说，这个已经相当不错了，而华为公司2018年一年就给中国纳税一千多亿，比格力27年全部加起来的纳税还多，不是要贬低格力，它已经很不容易，但是华为公司对中国的财富贡献实在太大了，贡献了全中国一年税收的接近1%", "author": "信通小熊猫", "time": "信通小熊猫01月19日11:11 来自微博HTML5版", "transmit": 57, "comment": 197, "zan": 286, "sentiment": [{"positive_prob": 0.95548, "confidence": 0.901066, "negative_prob": 0.0445202, "sentiment": 2}]}, {"text": "【德国也要抵制华为？先被自己人“打脸”！】德国商报：德国政府正积极考虑通过制定更严格的安全要求和其他方法，将中国华为排除在5G移动网络建设之外。不过，德国政府的这一做法招致德国BDI工业联盟反对。BDI强调，对于华为危害安全的指控，必须有证据证实。O网页链接​", "author": "参考消息", "time": "参考消息01月19日12:15 来自微博weibo.com", "transmit": 28, "comment": 32, "zan": 87, "sentiment": [{"positive_prob": 0.953155, "confidence": 0.8959, "negative_prob": 0.0468452, "sentiment": 2}]}, {"text": "【社论丨“一杯咖啡吸收宇宙能量”的智慧源于重视基础研究】作为一家具有全球领先技术的企业，华为成功的经验值得中国企业与相关政策制定者认真研究与借鉴。应该学习华为的开放精神、在基础研究方面的不懈努力，以及“理想主义与现实主义并重,客户需求与技术创新双轮驱动”的原则：O社论丨“一杯咖啡吸收宇宙能量”的智慧源于重视基础研究​", "author": "21世纪经济报道", "time": "21世纪经济报道01月19日08:15 来自21财经", "transmit": 9, "comment": 0, "zan": 26, "sentiment": [{"positive_prob": 0.957928, "confidence": 0.906506, "negative_prob": 0.0420722, "sentiment": 2}]}]