[{"text": "【中国外交部：强烈敦促美方停止对包括华为在内中国企业的无理打压】北京时间1月29日凌晨，美国司法部宣布了对华为公司、有关子公司及其副董事长、首席财务官孟晚舟的指控，并声称即将向加拿大提出对孟晚舟女士的引渡请求。对此，中国外交部发言人耿爽今天表示，中方高度关切美国司法部对华为公司及其副董事长、首席财务官孟晚舟等提出起诉。中国政府一贯要求中国企业在依法合规的基础上开展对外经济合作，同时要求各国为中国企业的正常运营提供公平、公正、非歧视的环境。耿爽指出，一段时间以来，美方动用国家力量抹黑和打击特定的中国企业，企图扼杀企业的正当合法经营，背后有很强的政治企图和政治操弄。我们强烈敦促美方停止对包括华为在内中国企业的无理打压，客观公正地对待中国企业。中方也将坚决捍卫中国企业的合法、正当权益。耿爽强调，关于孟晚舟案，中方已经多次表明严正立场。美加两国滥用他们之间的双边引渡条约，对中国公民无理采取强制措施，是对中国公民合法权益的严重侵犯。我们再次敦促美方立即撤销对孟晚舟女士的逮捕令，不要发出正式引渡请求，避免在错误的道路上越走越远。中方同时敦促加方认真对待中方严正立场，立即释放孟晚舟女士并切实保障她的合法、正当权益，不要为美火中取栗。（央视记者黄惠馨）", "author": "央视新闻", "time": "央视新闻01月29日12:25 来自微博weibo.com", "transmit": 709, "comment": 785, "zan": 2506, "sentiment": [{"positive_prob": 0.0586438, "confidence": 0.86968, "negative_prob": 0.941356, "sentiment": 0}]}, {"text": "【清北复交2018届毕业生去哪儿：华为腾讯最受青睐】近日，国内“双一流”高校陆续发布2018届毕业生就业质量报告，披露2018届毕业生的就业率及去向。从中国4所最具代表性的“双一流”高校，即清华大学、北京大学、上海交通大学和复旦大学的毕业生就业数据来看，华为成为学霸就业聚集地，共从四校招聘582人。其次是腾讯科技有限公司，共从四校招聘221人，其中腾讯科技最青睐清华大学的毕业生，共计招聘74人。（中国证券报）O清北复交2018届毕业生去哪儿：华为腾讯最受青睐", "author": "Vista看天下", "time": "Vista看天下01月29日13:36 来自微博weibo.com", "transmit": 74, "comment": 65, "zan": 148, "sentiment": [{"positive_prob": 0.962805, "confidence": 0.917344, "negative_prob": 0.0371951, "sentiment": 2}]}, {"text": "#胡侃#美国司法部对华为发起23项刑事起诉。它长长的起诉书就像给政治迫害这只老虎的嘴上抹了一层法律的口红。L胡锡进的微博视频​", "author": "胡锡进", "time": "胡锡进01月29日20:24 来自微博weibo.com", "transmit": 579, "comment": 2037, "zan": 1187, "sentiment": [{"positive_prob": 0.349603, "confidence": 0.223104, "negative_prob": 0.650397, "sentiment": 0}]}, {"text": "【#华为回应美国指控#：感到非常失望】1月29日午间，华为公司就美国针对华为提出指控一事向中国日报记者回应：我们对美国政府今天针对华为提出的指控感到非常失望。孟女士被捕之后，华为试图与司法部就纽约东区的调查进行讨论，但被拒绝且没有给出任何理由。华为否认关于华为公司、其子公司或附属机构犯有起诉书中指控的违反美国法律的各项罪名，也不知晓孟女士有任何不当行为。华为相信美国法院最终会得出相同的结论。（记者马思）", "author": "中国日报", "time": "中国日报01月29日13:23 来自微博weibo.com", "transmit": 145, "comment": 495, "zan": 773, "sentiment": [{"positive_prob": 0.03462, "confidence": 0.923067, "negative_prob": 0.96538, "sentiment": 0}]}, {"text": "【美国司法部指控华为和孟晚舟中国外交部：立即撤销逮捕令】1月29日凌晨，美国司法部宣布了对华为公司、有关子公司及其副董事长、首席财务官孟晚舟的指控，并声称即将向加拿大提出对孟晚舟女士的引渡请求。对此，外交部发言人耿爽说：中方高度关切美国司法部对华为公司及其副董事长、首席财务官孟晚舟等提出起诉。我们强烈敦促美方停止对包括华为在内中国企业的无理打压，客观公正地对待中国企业。中方也将坚决捍卫中国企业的合法、正当权益。关于孟晚舟案，中方已经多次表明严正立场。美加两国滥用他们之间的双边引渡条约，对中国公民无理采取强制措施，是对中国公民合法权益的严重侵犯。我们再次敦促美方立即撤销对孟晚舟女士的逮捕令，不要发出正式引渡请求，避免在错误的道路上越走越远。中方同时敦促加方认真对待中方严正立场，立即释放孟晚舟女士并切实保障她的合法、正当权益，不要为美火中取栗。", "author": "环球时报", "time": "环球时报01月29日12:10 来自微博weibo.com", "transmit": 141, "comment": 481, "zan": 362, "sentiment": [{"positive_prob": 0.0301608, "confidence": 0.932976, "negative_prob": 0.969839, "sentiment": 0}]}, {"text": "#清北复交毕业生去哪儿#【清北复交2018届毕业生去哪儿：华为腾讯最受青睐，这些金融机构也是学霸聚集地】近日，国内“双一流”高校陆续发布2018届毕业生就业质量报告，披露2018届毕业生的就业率及去向。从中国4所最具代表性的“双一流”高校，即清华大学、北京大学、上海交通大学和复旦大学的毕业生就业数据来看，华为成为学霸就业聚集地，共从四校招聘582人；其次是腾讯科技有限公司，其中腾讯最青睐清华大学的毕业生。O清北复交2018届毕业生去哪儿：华为腾讯最受青睐", "author": "新浪财经", "time": "新浪财经01月29日09:48 来自微博weibo.com", "transmit": 105, "comment": 159, "zan": 150, "sentiment": [{"positive_prob": 0.980089, "confidence": 0.955753, "negative_prob": 0.0199112, "sentiment": 2}]}, {"text": "【#春晚5G直播#你期待吗？】1月28日，中国联通联合中央广播电视总台、华为公司在吉林长春启动5G网络VR实时制作传输测试，为春晚长春分会场5G直播应用提供技术验证与准备。这是我国首个5G媒体应用实验室继1月13日成功实现5G网络4K电视传输后，进行的又一次重要测试，是中央广播电视总台在推动5G新媒体平台建设方面的重大突破。LYouTube热门家的秒拍视频", "author": "头条新闻", "time": "头条新闻01月29日12:45 来自微博weibo.com", "transmit": 86, "comment": 173, "zan": 364, "sentiment": [{"positive_prob": 0.970759, "confidence": 0.935019, "negative_prob": 0.0292414, "sentiment": 2}]}, {"text": "华为在蒙难。看看美国对华为毫不掩饰的偏见和仇恨，以及它打出的法律起诉和市场抵制的组合拳吧。中国崛起之不易，正在直接表现为中国高科技企业成长壮大、并获得公平对待之艰难。 疾风知劲草。华为勇敢地上法庭与美国政府打一场高科技公司不被国家权力进行政治迫害的保卫战吧。纽约时报报道说，美国政府已经视中美对5G“控制权”的竞争为“新的军备竞赛”，这表明打压华为已在美国上升为战略行动。政治迫害的证据可谓比比皆是。 华为挺住，任正非挺住！不被打垮，实现美丽的逆风飞扬，是对美国不公正打压的最好回答。", "author": "胡锡进", "time": "胡锡进01月29日10:59 来自iPhone7Plus", "transmit": 1126, "comment": 1837, "zan": 1593, "sentiment": [{"positive_prob": 0.981436, "confidence": 0.958747, "negative_prob": 0.0185638, "sentiment": 2}]}, {"text": "【中国外交部：强烈敦促美方停止对包括华为在内中国企业的无理打压】北京时间1月29日凌晨，美国司法部宣布了对华为公司、有关子公司及其副董事长、首席财务官孟晚舟的指控，并声称即将向加拿大提出对孟晚舟女士的引渡请求。对此，中国外交部发言人耿爽今天表示，中方高度关切美国司法部对华为公司及其副董事长、首席财务官孟晚舟等提出起诉。中国政府一贯要求中国企业在依法合规的基础上开展对外经济合作，同时要求各国为中国企业的正常运营提供公平、公正、非歧视的环境。耿爽指出，一段时间以来，美方动用国家力量抹黑和打击特定的中国企业，企图扼杀企业的正当合法经营，背后有很强的政治企图和政治操弄。我们强烈敦促美方停止对包括华为在内中国企业的无理打压，客观公正地对待中国企业。中方也将坚决捍卫中国企业的合法、正当权益。耿爽强调，关于孟晚舟案，中方已经多次表明严正立场。美加两国滥用他们之间的双边引渡条约，对中国公民无理采取强制措施，是对中国公民合法权益的严重侵犯。我们再次敦促美方立即撤销对孟晚舟女士的逮捕令，不要发出正式引渡请求，避免在错误的道路上越走越远。中方同时敦促加方认真对待中方严正立场，立即释放孟晚舟女士并切实保障她的合法、正当权益，不要为美火中取栗。（央视）", "author": "人民网", "time": "人民网01月29日12:46 来自微博weibo.com", "transmit": 141, "comment": 119, "zan": 421, "sentiment": [{"positive_prob": 0.0593866, "confidence": 0.86803, "negative_prob": 0.940613, "sentiment": 0}]}, {"text": "2019年，我们打算多在国内玩玩儿，第一站就来到了“上有天堂，下有苏杭”的苏州，顺便测试华为nova4这台最适合拍vlog的手机。#nova星人的vlog#L郭姐哒的秒拍视频​", "author": "郭姐哒", "time": "郭姐哒01月29日19:03 来自微博weibo.com", "transmit": 798, "comment": 1638, "zan": 2697, "sentiment": [{"positive_prob": 0.964233, "confidence": 0.920517, "negative_prob": 0.0357673, "sentiment": 2}]}, {"text": "【美司法部指控华为和孟晚舟中方：立即撤销逮捕令】1月29日凌晨，美国司法部宣布了对华为公司、有关子公司及其副董事长、首席财务官孟晚舟的指控，并声称即将向加拿大提出对孟晚舟女士的引渡请求。对此，外交部发言人耿爽说：中方高度关切美国司法部对华为公司及其副董事长、首席财务官孟晚舟等提出起诉。我们强烈敦促美方停止对包括华为在内中国企业的无理打压，客观公正地对待中国企业。中方也将坚决捍卫中国企业的合法、正当权益。关于孟晚舟案，中方已经多次表明严正立场。美加两国滥用他们之间的双边引渡条约，对中国公民无理采取强制措施，是对中国公民合法权益的严重侵犯。我们再次敦促美方立即撤销对孟晚舟女士的逮捕令，不要发出正式引渡请求，避免在错误的道路上越走越远。中方同时敦促加方认真对待中方严正立场，立即释放孟晚舟女士并切实保障她的合法、正当权益，不要为美火中取栗。（外交部网站）", "author": "头条新闻", "time": "头条新闻01月29日11:36 来自微博weibo.com", "transmit": 269, "comment": 462, "zan": 439, "sentiment": [{"positive_prob": 0.0764387, "confidence": 0.830136, "negative_prob": 0.923561, "sentiment": 0}]}, {"text": "【外交部再次回应美国引渡孟晚舟：坚决反对，要求加拿大立刻放人】2019年1月29日，外交部发言人耿爽主持召开例行记者会，部分实录如下。问：据报道，美国已正式向加拿大提出引渡孟晚舟的请求，中方对此有何评论？　　答：今天上午我已经就美国司法部对华为公司及孟晚舟提出起诉作出了回应。关于美方向加方正式提出引渡孟晚舟的请求，中方已在第一时间向美加提出严正交涉。中方对美方不顾中方严正交涉，执意向加方提出引渡要求表示强烈不满和坚决反对，再次敦促美方立即撤销对孟晚舟女士的逮捕令及正式引渡要求。同时敦促加方认真对待中方严正立场，立即释放孟晚舟女士并切实保障她的合法、正当权益，不要为美火中取栗。O外交部再次回应美国引渡孟晚舟：坚决反对，要求加拿大立刻放人", "author": "环球时报", "time": "环球时报01月29日16:41 来自微博weibo.com", "transmit": 82, "comment": 478, "zan": 308, "sentiment": [{"positive_prob": 0.879204, "confidence": 0.731565, "negative_prob": 0.120796, "sentiment": 2}]}, {"text": "【美当局起诉华为并将寻求引渡孟晚舟】美国司法部28号宣布，刑事起诉华为技术公司、其子公司以及副董事长孟晚舟多项罪名，并向加拿大提出要求引渡孟晚舟。华为响应称，感到非常失望。有报道指，目前获准保释的孟晚舟，将于当地时间29号到加拿大不列颠哥伦比亚省最高法院，出席更改保释条件的聆讯。华为否认关于华为公司、其子公司或附属机构，犯有起诉书中指控的违反美国法律的各项罪名，也不知晓孟晚舟有任何不当行为。华为相信美国法院最终会得出相同的结论。（凤凰卫视蔡咏芝、苗南综合报道）", "author": "凤凰卫视", "time": "凤凰卫视01月29日15:05 来自微博weibo.com", "transmit": 197, "comment": 756, "zan": 178, "sentiment": [{"positive_prob": 0.537756, "confidence": 0.244881, "negative_prob": 0.462244, "sentiment": 1}]}, {"text": "【美国司法部指控华为和孟晚舟中方：立即撤销逮捕令】外交部：关于孟晚舟案，中方已经多次表明严正立场。美加两国滥用他们之间的双边引渡条约，对中国公民无理采取强制措施，是对中国公民合法权益的严重侵犯。我们再次敦促美方立即撤销对孟晚舟女士的逮捕令，不要发出正式引渡请求，避免在错误的道路上越走越远。中方同时敦促加方认真对待中方严正立场，立即释放孟晚舟女士并切实保障她的合法、正当权益，不要为美火中取栗。O美称将提出对孟晚舟引渡请求中方:应立即撤销逮捕令", "author": "新浪财经", "time": "新浪财经01月29日11:34 来自微博weibo.com", "transmit": 144, "comment": 130, "zan": 227, "sentiment": [{"positive_prob": 0.201428, "confidence": 0.552381, "negative_prob": 0.798572, "sentiment": 0}]}, {"text": "【美国司法部指控华为和孟晚舟中方：立即撤销逮捕令】外交部发言人耿爽就美国司法部针对华为等指控答记者问。问：北京时间1月29日凌晨，美国司法部宣布了对华为公司、有关子公司及其副董事长、首席财务官孟晚舟的指控，并声称即将向加拿大提出对孟晚舟女士的引渡请求。请问中方对此有何评论？答：中方高度关切美国司法部对华为公司及其副董事长、首席财务官#孟晚舟#等提出起诉。中国政府一贯要求中国企业在依法合规的基础上开展对外经济合作，同时要求各国为中国企业的正常运营提供公平、公正、非歧视的环境。一段时间以来，美方动用国家力量抹黑和打击特定的中国企业，企图扼杀企业的正当合法经营，背后有很强的政治企图和政治操弄。我们强烈敦促美方停止对包括华为在内中国企业的无理打压，客观公正地对待中国企业。中方也将坚决捍卫中国企业的合法、正当权益。关于孟晚舟案，中方已经多次表明严正立场。美加两国滥用他们之间的双边引渡条约，对中国公民无理采取强制措施，是对中国公民合法权益的严重侵犯。我们再次敦促美方立即撤销对孟晚舟女士的逮捕令，不要发出正式引渡请求，避免在错误的道路上越走越远。中方同时敦促加方认真对待中方严正立场，立即释放孟晚舟女士并切实保障她的合法、正当权益，不要为美火中取栗。O外交部发言人耿爽就美国司法部针对华为等指控答记者问", "author": "人民日报海外版-海外网", "time": "人民日报海外版-海外网01月29日11:33 来自微博weibo.com", "transmit": 972, "comment": 4015, "zan": 3417, "sentiment": [{"positive_prob": 0.0639207, "confidence": 0.857954, "negative_prob": 0.936079, "sentiment": 0}]}, {"text": "【社评：5G是新军备竞赛？好歇斯底里的想法】美国以野蛮的方式打压华为，完全蔑视商业规则，形成最近几十年全球化浪潮中最严重的迫害运动，而美方没有任何华为设备搜集情报的证据，它给华为定的罪名仅仅是想象出来的可能性。华盛顿就是要剥夺中国公司领先5G技术的权利，它在推倒5G建设的市场逻辑，赤裸裸地把地缘政治逻辑摆到桌面上。O社评：5G是新军备竞赛？好歇斯底里的想法", "author": "环球时报", "time": "环球时报01月29日10:50 来自微博weibo.com", "transmit": 73, "comment": 199, "zan": 256, "sentiment": [{"positive_prob": 0.1767, "confidence": 0.607333, "negative_prob": 0.8233, "sentiment": 0}]}, {"text": "【美国司法部指控华为和孟晚舟中国外交部：立即撤销逮捕令】1月29日凌晨，美国司法部宣布了对华为公司、有关子公司及其副董事长、首席财务官孟晚舟的指控，并声称即将向加拿大提出对孟晚舟女士的引渡请求。对此，外交部发言人耿爽说：中方高度关切美国司法部对华为公司及其副董事长、首席财务官孟晚舟等提出起诉。我们强烈敦促美方停止对包括华为在内中国企业的无理打压，客观公正地对待中国企业。中方也将坚决捍卫中国企业的合法、正当权益。关于孟晚舟案，中方已经多次表明严正立场。美加两国滥用他们之间的双边引渡条约，对中国公民无理采取强制措施，是对中国公民合法权益的严重侵犯。我们再次敦促美方立即撤销对孟晚舟女士的逮捕令，不要发出正式引渡请求，避免在错误的道路上越走越远。中方同时敦促加方认真对待中方严正立场，立即释放孟晚舟女士并切实保障她的合法、正当权益，不要为美火中取栗。O网页链接", "author": "中国新闻网", "time": "中国新闻网01月29日11:51 来自微博weibo.com", "transmit": 53, "comment": 109, "zan": 173, "sentiment": [{"positive_prob": 0.0566289, "confidence": 0.874158, "negative_prob": 0.943371, "sentiment": 0}]}, {"text": "【华为回应美司法部指控：否认罪名，对指控非常失望】北京时间1月29日凌晨，美国司法部宣布了对华为公司、有关子公司及其副董事长、首席财务官孟晚舟的指控，并声称即将向加拿大提出对孟晚舟女士的引渡请求。对此，华为回应如下：我们对美国政府今天针对华为提出的指控感到非常失望。孟女士被捕之后，华为试图与司法部就纽约东区的调查进行讨论，但被拒绝且没有给出任何理由。华盛顿西区法院关于华为商业秘密案件的相关民事诉讼早已和解，和解前西雅图陪审团也对商业秘密相关诉请做出了没有赔偿、华为不存在主观恶意的裁决。华为否认关于华为公司、其子公司或附属机构犯有起诉书中指控的违反美国法律的各项罪名，也不知晓孟女士有任何不当行为。华为相信美国法院最终会得出相同的结论。O华为回应美司法部指控：否认罪名，对指控非常失望", "author": "环球网", "time": "环球网01月29日12:25", "transmit": 272, "comment": 206, "zan": 236, "sentiment": [{"positive_prob": 0.0197949, "confidence": 0.956011, "negative_prob": 0.980205, "sentiment": 0}]}, {"text": "【社评：美司法部起诉华为阵仗虽大心却很虚】美国司法部星期一宣布对华为提出23项刑事起诉，并将向加拿大提出引渡华为首席财务官孟晚舟的请求。中国政府和中国社会都要在这个时候给予华为各种支持，政府要加强与美方交涉，尽量制约美不公平对待华为的幅度。社会层面应多给予华为道义支持，鼓励它镇定，坚强。我们要清楚，华为是中国民营企业中的一颗高科技明星，它如果被美国压垮，那也将是中国崛起的挫折。O社评：美司法部起诉华为阵仗虽大心却很虚", "author": "环球网", "time": "环球网01月29日18:32 来自微博weibo.com", "transmit": 89, "comment": 202, "zan": 252, "sentiment": [{"positive_prob": 0.959973, "confidence": 0.911052, "negative_prob": 0.0400266, "sentiment": 2}]}, {"text": "【美国害怕华为的另一个原因——物美价廉】彭博社24日发文分析了华为产品在美国影响迅速扩大的重要原因：设备可靠，成本便宜，且很难在市场上找到相应性价比的替代品。在美国，华为还帮助二十多家电信公司向许多最贫困、最偏远的地区提供座机、移动服务和高速数据。可这却引起了美国人的担忧：“当人们发现华为实际上是5G的唯一供应商时，他们意识到必须做点什么。”甚至发展到了“没人再去寻找确凿的证据了，他们都去研究潜在的可能性。”的水平......O美媒披露美国害怕华为的另一个原因@参考消息", "author": "观察者网", "time": "观察者网01月29日22:07 来自微博weibo.com", "transmit": 275, "comment": 244, "zan": 348, "sentiment": [{"positive_prob": 0.874509, "confidence": 0.721132, "negative_prob": 0.125491, "sentiment": 2}]}, {"text": "今年年会的特等奖是，华为mate20X，如果姐今天中了，就拿出来送给宝宝们，快来点赞给姐好运～​", "author": "Alinda艾琳达", "time": "Alinda艾琳达01月29日20:43 来自华为Mate20保时捷设计", "transmit": 46, "comment": 635, "zan": 5662, "sentiment": [{"positive_prob": 0.939111, "confidence": 0.864691, "negative_prob": 0.0608891, "sentiment": 2}]}, {"text": "呷哺九重豪礼强势来袭！为新年聚财气添喜庆！1月29日-2月20日期间，转发微博@3个好友①2月13日线上将抽20名送HelloKitty马克杯一个，抽3个送华为运动手环一个②到店出示转发微博消费满120即可参与抽奖，百分百中奖！③到店消费满120或点购酱料礼盒套餐使用河北银行卡支付可追加一次抽奖机会（线下活动仅限河北、山西、河南三省门店通用）奖卡综合中奖率100%，奖卡合计238362张，奖品包括华为mate20手机，vivox23手机，第一桶金套装等等九重大奖抽到手软.......河北、山西、河南三省联发共计价值191万元奖品等您拿！奖品力度之丰厚，数量之多，赶紧呷哺约起来！石家庄美食", "author": "石家庄的事儿", "time": "石家庄的事儿01月29日20:00 来自微博weibo.com", "transmit": 580, "comment": 363, "zan": 161, "sentiment": [{"positive_prob": 0.956024, "confidence": 0.902277, "negative_prob": 0.0439756, "sentiment": 2}]}, {"text": "#寻找华为红#新一波锦鲤活动又来了！！！网友脑洞也是大，各种表情包收好不谢！中奖传送门寻找华为红，参与赢新年大礼​", "author": "英国报姐", "time": "英国报姐01月29日14:25 来自微博weibo.com", "transmit": 1158, "comment": 116, "zan": 489, "sentiment": [{"positive_prob": 0.928738, "confidence": 0.841641, "negative_prob": 0.0712617, "sentiment": 2}]}, {"text": "【美司法部指控华为，称将引渡孟晚舟，中国外交部回应】外交部发言人耿爽就美国司法部针对华为等指控答记者问。问：北京时间1月29日凌晨，美国司法部宣布了对华为公司、有关子公司及其副董事长、首席财务官孟晚舟的指控，并声称即将向加拿大提出对孟晚舟女士的引渡请求。请问中方对此有何评论？答：中方高度关切美国司法部对华为公司及其副董事长、首席财务官孟晚舟等提出起诉。中国政府一贯要求中国企业在依法合规的基础上开展对外经济合作，同时要求各国为中国企业的正常运营提供公平、公正、非歧视的环境。一段时间以来，美方动用国家力量抹黑和打击特定的中国企业，企图扼杀企业的正当合法经营，背后有很强的政治企图和政治操弄。我们强烈敦促美方停止对包括华为在内中国企业的无理打压，客观公正地对待中国企业。中方也将坚决捍卫中国企业的合法、正当权益。关于孟晚舟案，中方已经多次表明严正立场。美加两国滥用他们之间的双边引渡条约，对中国公民无理采取强制措施，是对中国公民合法权益的严重侵犯。我们再次敦促美方立即撤销对孟晚舟女士的逮捕令，不要发出正式引渡请求，避免在错误的道路上越走越远。中方同时敦促加方认真对待中方严正立场，立即释放孟晚舟女士并切实保障她的合法、正当权益，不要为美火中取栗。O美司法部指控华为，称将引渡孟晚舟，中国外交部回应", "author": "环球网", "time": "环球网01月29日11:50 来自微博weibo.com", "transmit": 70, "comment": 47, "zan": 139, "sentiment": [{"positive_prob": 0.0791742, "confidence": 0.824057, "negative_prob": 0.920826, "sentiment": 0}]}, {"text": "如何优雅地跑出胖友圈的第一？L华为终端官方微博的秒拍视频​", "author": "华为终端官方微博", "time": "华为终端官方微博01月29日21:46 来自秒拍网页版", "transmit": 60, "comment": 131, "zan": 634, "sentiment": [{"positive_prob": 0.82103, "confidence": 0.602289, "negative_prob": 0.17897, "sentiment": 2}]}, {"text": "【华为：对美国政府针对华为提出的指控感到非常失望】1月29日午间，华为公司就美国针对华为提出指控一事回应，我们对美国政府今天针对华为提出的指控感到非常失望。孟女士被捕之后，华为试图与司法部就纽约东区的调查进行讨论，但被拒绝且没有给出任何理由。华为否认关于华为公司、其子公司或附属机构犯有起诉书中指控的违反美国法律的各项罪名，也不知晓孟女士有任何不当行为。华为相信美国法院最终会得出相同的结论。O华为：对美国政府针对华为提出的指控感到非常失望", "author": "新浪财经", "time": "新浪财经01月29日12:49 来自微博weibo.com", "transmit": 86, "comment": 49, "zan": 145, "sentiment": [{"positive_prob": 0.0162566, "confidence": 0.963874, "negative_prob": 0.983743, "sentiment": 0}]}, {"text": "【冬季达沃斯大佬金句集锦：谁get到你】一年一度的冬季达沃斯论坛依旧是大佬云集、金句频出！这里有马云高调扎心灌鸡汤、携程CEO孙洁畅谈数据隐私、比尔盖茨曝出了自己的最佳投资、华为轮值董事长胡厚崑重磅预告5G手机......哪位才是金句最佳得主呢？@梨视频L梨视频的微博视频​", "author": "新浪科技", "time": "新浪科技01月29日05:10 来自微博weibo.com", "transmit": 28, "comment": 13, "zan": 1269, "sentiment": [{"positive_prob": 0.901036, "confidence": 0.78008, "negative_prob": 0.0989639, "sentiment": 2}]}, {"text": "最近看到小米和柔宇对于柔性屏争论，也听说了华为将在今年MWC展示柔性屏手机，关于柔性屏，努比亚有着不一样的思考，我们在18年8月的IFA上曾展出一款命名为“α”的柔性屏穿戴式原型机，被媒体冠以腕机。通过用户洞察研究，我们发现柔性屏的产品形态戴在手上会比拿在手上会更和谐更具实用特征，我们相信再黑科技都是为人性化和应用场景服务，年后的MWC一起见证柔性屏新物种。L倪飞的秒拍视频", "author": "倪飞", "time": "倪飞01月29日14:24 来自努比亚X护眼双屏", "transmit": 160, "comment": 367, "zan": 628, "sentiment": [{"positive_prob": 0.982662, "confidence": 0.96147, "negative_prob": 0.0173385, "sentiment": 2}]}, {"text": "【外交部发言人就美国司法部针对华为等指控答记者问】外交部发言人耿爽29日就美国司法部针对华为等指控答记者问。　　有记者问：北京时间1月29日凌晨，美国司法部宣布了对华为公司、有关子公司及其副董事长、首席财务官孟晚舟的指控，并声称即将向加拿大提出对孟晚舟女士的引渡请求。请问中方对此有何评论？　　耿爽说，中方高度关切美国司法部对华为公司及其副董事长、首席财务官孟晚舟等提出起诉。中国政府一贯要求中国企业在依法合规的基础上开展对外经济合作，同时要求各国为中国企业的正常运营提供公平、公正、非歧视的环境。　　他说，一段时间以来，美方动用国家力量抹黑和打击特定的中国企业，企图扼杀企业的正当合法经营，背后有很强的政治企图和政治操弄。我们强烈敦促美方停止对包括华为在内中国企业的无理打压，客观公正地对待中国企业。中方也将坚决捍卫中国企业的合法、正当权益。　　耿爽说，关于孟晚舟案，中方已经多次表明严正立场。美加两国滥用他们之间的双边引渡条约，对中国公民无理采取强制措施，是对中国公民合法权益的严重侵犯。我们再次敦促美方立即撤销对孟晚舟女士的逮捕令，不要发出正式引渡请求，避免在错误的道路上越走越远。中方同时敦促加方认真对待中方严正立场，立即释放孟晚舟女士并切实保障她的合法、正当权益，不要为美火中取栗。", "author": "新华视点", "time": "新华视点01月29日14:33 来自微博weibo.com", "transmit": 44, "comment": 46, "zan": 116, "sentiment": [{"positive_prob": 0.0228181, "confidence": 0.949293, "negative_prob": 0.977182, "sentiment": 0}]}, {"text": "【美司法部指控华为和孟晚舟中方：#立即撤销逮捕令#】1月29日凌晨，美国司法部宣布了对华为公司、有关子公司及其副董事长、首席财务官孟晚舟的指控，并声称即将向加拿大提出对孟晚舟女士的引渡请求。对此，外交部发言人耿爽说：中方高度关切美国司法部对华为公司及其副董事长、首席财务官孟晚舟等提出起诉。我们强烈敦促美方停止对包括华为在内中国企业的无理打压，客观公正地对待中国企业。中方也将坚决捍卫中国企业的合法、正当权益。关于孟晚舟案，中方已经多次表明严正立场。美加两国滥用他们之间的双边引渡条约，对中国公民无理采取强制措施，是对中国公民合法权益的严重侵犯。我们再次敦促美方立即撤销对孟晚舟女士的逮捕令，不要发出正式引渡请求，避免在错误的道路上越走越远。中方同时敦促加方认真对待中方严正立场，立即释放孟晚舟女士并切实保障她的合法、正当权益，不要为美火中取栗。（外交部网站）", "author": "中国日报", "time": "中国日报01月29日11:50 来自微博weibo.com", "transmit": 25, "comment": 46, "zan": 98, "sentiment": [{"positive_prob": 0.0977662, "confidence": 0.782742, "negative_prob": 0.902234, "sentiment": 0}]}]