[{"text": "【新iPhone遇冷，#郑州富士康喜签华为订单#：新年重新招工，今年会比去年好】新款iPhone遇冷，春节前郑州富士康的工人们反映部分产线被拆，加班锐减，有员工到手工资甚至不到2000元。春节后富士康启动新一轮招工。招工人员称，拿到了华为的订单，今年会比去年好。@老板联播L老板联播的微博视频​", "author": "梨视频", "time": "梨视频02月16日15:36 来自微博weibo.com", "transmit": 31, "comment": 109, "zan": 201, "sentiment": [{"positive_prob": 0.868484, "confidence": 0.707743, "negative_prob": 0.131516, "sentiment": 2}]}, {"text": "【华为博士员工离职率21.8%任正非反思高学历人才流失】一份由任正非签发的华为内部邮件显示，该公司博士员工近5年累计平均离职率21.8%，入职时间越长累计离职率越高。在接受访谈的82名离职博士员工中，有56人反映主要原因是岗位与个人技能不匹配、主管技术能力弱导致自身受限等。O华为博士员工离职率21.8%任正非反思高学历人才流失​", "author": "新浪科技", "time": "新浪科技02月16日23:57 来自微博weibo.com", "transmit": 136, "comment": 127, "zan": 142, "sentiment": [{"positive_prob": 0.0424601, "confidence": 0.905644, "negative_prob": 0.95754, "sentiment": 0}]}, {"text": "【探访春节前后的富士康：苹果订单减少求加班，华为订单喜降再招工】新iPhone遇冷，春节前郑州富士康的工人们反映部分产线被拆，加班锐减，有员工到手工资甚至不到两千元。春节后富士康启动新一轮招工。招工人员称，拿到了华为的订单，今年会比去年好。L老板联播的微博视频​", "author": "每日经济新闻", "time": "每日经济新闻02月16日15:51 来自搜狗高速浏览器", "transmit": 17, "comment": 15, "zan": 87, "sentiment": [{"positive_prob": 0.224799, "confidence": 0.500446, "negative_prob": 0.775201, "sentiment": 0}]}, {"text": "#止戈锐评#【华为放弃美国市场】综合媒体信息，面对目前美国麦卡锡式打击迫害，华为正采取一下应对措施。1.将工厂撤离美国，疑似放弃美国市场。2.华为总裁任正非明确表示：会把工厂的心脏放在愿意接受华为的人，华为的部分专利将不会再授权给美国。3.华为考虑与台积电在南京建立工厂。4.近日有新闻报道，华为把美国一家科技公司InterDigitalInc告了，华为开始反击。华为的5G技术是世界上最好的，中国是世界上最大的消费市场。有此双优条件，华为在5G时代一定有所成。看好华为，支持华为！", "author": "止戈从文", "time": "止戈从文02月16日21:36 来自止戈锐评Android", "transmit": 330, "comment": 257, "zan": 397, "sentiment": [{"positive_prob": 0.995403, "confidence": 0.989785, "negative_prob": 0.00459675, "sentiment": 2}]}, {"text": "【华为轮值董事长徐直军：少几个国家的市场也无所谓】徐直军表示，不同国家基于自己考虑有权决定选择哪些厂商部署网络。他还称，澳大利亚市场还不如广州移动大，新西兰市场还不如他的老家湖南益阳一个地级市大，所以华为少几个国家的市场也无所谓。O华为徐直军：华为少几个国家的市场也无所谓​", "author": "新浪科技", "time": "新浪科技02月16日20:23 来自微博weibo.com", "transmit": 108, "comment": 136, "zan": 171, "sentiment": [{"positive_prob": 0.0222972, "confidence": 0.950451, "negative_prob": 0.977703, "sentiment": 0}]}, {"text": "#华为终端全球荟#今日，全台湾最大的华为品牌体验服务店于高雄新堀江隆重开幕！透过一系列开幕活动，吸引近千名花粉齐聚一堂，共襄盛举。店内设有四大体验区并提供八大暖心服务，让当地用户体验到更多元，更贴心的极致服务，传递最具温度的品牌精神。再次感谢大家的喜爱与支持。​", "author": "华为终端公司", "time": "华为终端公司02月16日22:43 来自HUAWEIMate20", "transmit": 14, "comment": 52, "zan": 230, "sentiment": [{"positive_prob": 0.999234, "confidence": 0.998298, "negative_prob": 0.000765647, "sentiment": 2}]}, {"text": "0点拍！一颗白菜~我买过他们家的一款黄色的，牵着狗的那款，手感还不错，就是我磨蹭磨蹭就给磨蹭脏了恭喜发财手机壳￥3.8拍下留言备注哦[米奇比心]，一共有22款可以选，苹果，华为，vivo，oppo，小米，应有尽有~​", "author": "种草小布", "time": "种草小布02月16日22:43 来自微博weibo.com", "transmit": 4, "comment": 75, "zan": 161, "sentiment": [{"positive_prob": 0.964964, "confidence": 0.922142, "negative_prob": 0.035036, "sentiment": 2}]}, {"text": "【探访#春节前后的富士康#：苹果订单减少求加班，华为订单喜降再招工】新iPhone遇冷，春节前郑州富士康的工人们反映部分产线被拆，加班锐减，有员工到手工资甚至不到两千元。春节后富士康启动新一轮招工。招工人员称，拿到了华为的订单，今年会比去年好。L老板联播的微博视频​​​", "author": "ZEALER中国", "time": "ZEALER中国02月16日18:46", "transmit": 44, "comment": 132, "zan": 174, "sentiment": [{"positive_prob": 0.425786, "confidence": 0.0538087, "negative_prob": 0.574214, "sentiment": 0}]}, {"text": "【国务院任免国家工作人员（2019年2月15日）】国务院任免国家工作人员。任命罗文为国家发展和改革委员会副主任；任命钟登华为教育部副部长；任命王志军为工业和信息化部副部长；任命郭卫平为国家民族事务委员会副主任；任命陈尘肇为国家自然资源副总督察（专职）；任命赵爱明（女）为国务院国有资产监督管理委员会副主任；任命赵刚为国家知识产权局副局长。免去罗文的工业和信息化部副部长职务；免去李昌平的国家民族事务委员会副主任职务；免去陈尘肇的审计署副审计长职务；免去钟登华的天津大学校长职务。", "author": "中国政府网", "time": "中国政府网02月16日13:04 来自微博weibo.com", "transmit": 142, "comment": 0, "zan": 148, "sentiment": [{"positive_prob": 0.810026, "confidence": 0.577835, "negative_prob": 0.189974, "sentiment": 2}]}, {"text": "哈哈哈哈哈太沙雕了吧，这是谁做的太有才了！！L匠库的微博视频​", "author": "匠库", "time": "匠库02月16日12:15 来自iPhone客户端", "transmit": 73, "comment": 53, "zan": 191, "sentiment": [{"positive_prob": 0.701985, "confidence": 0.337745, "negative_prob": 0.298015, "sentiment": 2}]}, {"text": "【探访春节前后的富士康：苹果订单减少求加班，华为订单喜降再招工】新iPhone遇冷，春节前郑州富士康的工人们反映部分产线被拆，加班锐减，有员工到手工资甚至不到两千元。春节后富士康启动新一轮招工。招工人员称，拿到了华为的订单，今年会比去年好。L老板联播的微博视频​", "author": "新浪科技", "time": "新浪科技02月16日15:26 来自微博weibo.com", "transmit": 12, "comment": 23, "zan": 49, "sentiment": [{"positive_prob": 0.224799, "confidence": 0.500446, "negative_prob": 0.775201, "sentiment": 0}]}, {"text": "华为手机用户都不知道的五大隐藏功能？皓伦王明川L皓伦王明川的微博视频​", "author": "皓伦王明川", "time": "皓伦王明川02月16日20:04", "transmit": 105, "comment": 17, "zan": 135, "sentiment": [{"positive_prob": 0.630061, "confidence": 0.177914, "negative_prob": 0.369939, "sentiment": 2}]}, {"text": "趁着今天天气好，把iPhoneXSMax、三星Note9和华为Mate20Pro都拿出来拍拍蓝天。看看哪个好看。​", "author": "钟文泽", "time": "钟文泽02月16日17:16 来自普通家庭iPhoneXSMax", "transmit": 8, "comment": 161, "zan": 127, "sentiment": [{"positive_prob": 0.924284, "confidence": 0.831742, "negative_prob": 0.0757161, "sentiment": 2}]}, {"text": "你们觉得小米9的三摄干的赢华为P20Pro吗？a.能b.不能​", "author": "C科技", "time": "C科技02月16日17:30", "transmit": 32, "comment": 770, "zan": 409, "sentiment": [{"positive_prob": 0.143706, "confidence": 0.680654, "negative_prob": 0.856294, "sentiment": 0}]}, {"text": "又见人龙，高雄市新崛江华为旗舰店今天上午开业。L台湾那点事儿的微博视频​", "author": "台湾那点事儿", "time": "台湾那点事儿02月16日11:20 来自岛主的Android", "transmit": 33, "comment": 149, "zan": 181, "sentiment": [{"positive_prob": 0.784865, "confidence": 0.521923, "negative_prob": 0.215135, "sentiment": 2}]}, {"text": "【苹果和华为来蹭流量了！】苹果appstore：学历还是要认真做啊！华为应用商店：不多读点书迟早要露馅！再加上喜提BBC和北大官宣#北大确认翟天临学术不端#，翟天临🙈真的是顶级流量了​", "author": "虎嗅APP", "time": "虎嗅APP02月16日17:23", "transmit": 32, "comment": 13, "zan": 197, "sentiment": [{"positive_prob": 0.97101, "confidence": 0.935578, "negative_prob": 0.0289898, "sentiment": 2}]}, {"text": "同学，朋友，同事聚餐，不拿个华为，雪梨之类的手机都不好意思掏出来！哎！​", "author": "wu2198", "time": "wu219802月16日22:41", "transmit": 7, "comment": 149, "zan": 1775, "sentiment": [{"positive_prob": 0.30146, "confidence": 0.330088, "negative_prob": 0.69854, "sentiment": 0}]}, {"text": "看不见的战斗--2019年的中国产业自主化O看不见的战斗--2019年的中国产业自主化985毕业生去的最多的公司，就是中国最有实力的产业代表。军工企业最多，已经习惯不怕制裁。现在焦点是电子产业，华为体量惊人，影响一大批上下游企业，必须用国家力量去支持。电子产业再实现自主，西方就只有汽车这个大板块了。​", "author": "风云学会陈经", "time": "风云学会陈经02月16日08:23 来自HUAWEIMate9", "transmit": 80, "comment": 43, "zan": 180, "sentiment": [{"positive_prob": 0.980241, "confidence": 0.956092, "negative_prob": 0.0197587, "sentiment": 2}]}, {"text": "【华为徐直军接受英媒采访：5G不是原子弹不伤害人】华为轮值董事长徐直军近日接受了六家英国媒体的采访，谈论了诸多媒体关心的热点话题，包括5G、网络安全等。他表示，5G不是原子弹，不伤害人，5G是造福于所有的老百姓，为老百姓去享受更好的数字化体验带来价值的。O华为徐直军接受英媒采访：5G不是原子弹不伤害人​", "author": "新浪科技", "time": "新浪科技02月16日10:38 来自专业版微博", "transmit": 31, "comment": 40, "zan": 67, "sentiment": [{"positive_prob": 0.66447, "confidence": 0.254378, "negative_prob": 0.33553, "sentiment": 2}]}, {"text": "【华为轮值董事长：澳大利亚市场还不如广州移动大，新西兰还不如老家益阳大】13日，华为轮值董事长徐直军接受了6家英国媒体的联合采访，期间，徐直军直面近期外界关切的“网络安全”问题，并驳斥西方国家的不实指控。徐直军说，不同的国家基于自己的考虑有权决定选择哪些厂商部署它的网络，这在历史上也是很正常的事情。华为4G也没有进入所有的国家，华为的5G也不期望进入所有的国家，只能聚焦于服务好愿意选择我们的国家和运营商。他举例说，深圳旁边的城市——广州移动就没有选择我们的4G设备，这很正常。澳大利亚的市场还不如广州移动大，新西兰还不如我的老家益阳大。华为连广州移动都没有提供产品，少几个国家也无所谓。O华为轮值董事长直面6家英国媒体：5G不是原子弹，是造福所有老百姓的", "author": "科工力量", "time": "科工力量02月16日21:30 来自微博weibo.com", "transmit": 84, "comment": 101, "zan": 115, "sentiment": [{"positive_prob": 0.021467, "confidence": 0.952296, "negative_prob": 0.978533, "sentiment": 0}]}, {"text": "【徐直军：美国针对华为的言论是有组织的地缘政治行动】华为轮值董事长徐直军回应了近期美国国务卿向欧洲五国施压要求排除华为设备的事件。徐直军表示，5G不是原子弹，5G是造福于所有普通人、带来更好数字化体验的技术。把5G和网络安全问题结合在一起政治化，是不可持续的。O徐直军：美国针对华为的言论是有组织的地缘政治行动​", "author": "财新网", "time": "财新网02月16日09:25 来自财新网", "transmit": 48, "comment": 128, "zan": 92, "sentiment": [{"positive_prob": 0.955401, "confidence": 0.900892, "negative_prob": 0.0445988, "sentiment": 2}]}, {"text": "【华为徐直军回击西方指责：澳洲市场没广州大】此前，美方要求中欧国家停止使用华为设备，华为轮值董事长徐直军在接受多家媒体采访时表示，美方表态正是美政府对华为有系统的地缘政治行动的又一指证。徐直军表示，华为正斥资20亿美元对电信系统编码进行更新，以便指令更加清晰易读，符合英国当局要求。另外，徐直军还驳斥了华为在澳大利亚和新西兰受阻的担忧。他说：“澳大利亚市场还不如广州的市场大，新西兰市场也不如我的老家大。”O华为徐直军回击西方指责：澳洲市场没广州大", "author": "凤凰网科技", "time": "凤凰网科技02月16日10:36 来自微博weibo.com", "transmit": 78, "comment": 81, "zan": 80, "sentiment": [{"positive_prob": 0.486728, "confidence": 0.734551, "negative_prob": 0.513272, "sentiment": 1}]}, {"text": "强烈推荐，华为轮值董事长小徐总访谈太给力了：从技术和专业角度来讲，网络安全本来可以制定标准，一旦有了标准，是公开的、透明的、无歧视的，大家都遵守这个标准，不遵守这个标准就要受到处罚。但是如果从意识形态和政治的角度出发，那就是基于怀疑和假设来说你行或者不行。那就（好比我现在说你）：你终究会杀人的。在你没有去见上帝之前，总有一天你可能会去杀人。这就是华为现在受到的待遇。5G传输关键信息用量子计算机才能解密（我加备注：所以美国着急了）。中国网络很先进的，法国的基站数量跟深圳比是什么结果吗？法国所有4G基站加起来没有深圳移动一家多。文章：O华为徐直军接受英媒采访：5G不是原子弹不伤害人", "author": "HW前HR", "time": "HW前HR02月16日17:40 来自HUAWEIMate20Pro", "transmit": 142, "comment": 94, "zan": 180, "sentiment": [{"positive_prob": 0.215299, "confidence": 0.521557, "negative_prob": 0.784701, "sentiment": 0}]}, {"text": "#对TA说晚安#成年人的友谊多少和孩童时的有些不一样，有时是聊天群里的商业吹捧，有时是一饮而尽后的互诉衷肠。你所知道的【成年人的友谊】都是什么样子的？转评聊聊，小云将随机抽一位送出华为耳机。​", "author": "华为终端云服务", "time": "华为终端云服务02月16日22:00 来自微博weibo.com", "transmit": 209, "comment": 318, "zan": 146, "sentiment": [{"positive_prob": 0.888658, "confidence": 0.752573, "negative_prob": 0.111342, "sentiment": 2}]}, {"text": "【华为博士员工平均离职率21.8%，任正非签发内部邮件反思高学历人才流失】博士类员工近5年累计平均离职率为21.8%，入职时间越长累计离职率越高，2014年入职的博士经过4年，只有57%留下。82名离职博士中，56人离职原因是岗位与个人技能不匹配、主管技术能力弱导致自身发挥受限、自身特有优势无法发挥等O华为博士员工平均离职率21.8%，任正非签发内部邮件反思高学历人才流失", "author": "界面新闻", "time": "界面新闻02月16日10:20 来自微博weibo.com", "transmit": 52, "comment": 62, "zan": 82, "sentiment": [{"positive_prob": 0.0297171, "confidence": 0.933962, "negative_prob": 0.970283, "sentiment": 0}]}, {"text": "小米9的下巴对比华为mate20x的下巴，感觉应该是伯仲之间吧！​", "author": "IT科技侠", "time": "IT科技侠02月16日18:04 来自微博weibo.com", "transmit": 7, "comment": 135, "zan": 159, "sentiment": [{"positive_prob": 0.451063, "confidence": 0.0212586, "negative_prob": 0.548937, "sentiment": 1}]}, {"text": "华为：被手机耽误的广告创意公司！LBDSM的微博视频​", "author": "九品搞笑", "time": "九品搞笑02月16日14:08", "transmit": 63, "comment": 27, "zan": 208, "sentiment": [{"positive_prob": 0.39876, "confidence": 0.113866, "negative_prob": 0.60124, "sentiment": 0}]}, {"text": "【华为轮值董事长：澳大利亚市场还不如广州移动大】广州移动就没有选择我们的4G设备，这很正常。澳大利亚的市场还不如广州移动大，新西兰还不如我的老家益阳大。华为连广州移动都没有提供产品，少几个国家也无所谓。#陈叔快贫#从市场的角度看，这样说并没有问题。叔也经常说，任何一个能把握中国市场的企业，就足以立足世界，基业长青。不过是，我们有能力走向世界，那就要尽全力去争取。一时有波折也不要紧，不要动摇，市场从来不会给煞笔留面子，好东西好用又便宜，是宇宙真理。", "author": "陈如是说", "time": "陈如是说02月16日22:25 来自HUAWEIMate8", "transmit": 40, "comment": 19, "zan": 60, "sentiment": [{"positive_prob": 0.0300212, "confidence": 0.933286, "negative_prob": 0.969979, "sentiment": 0}]}, {"text": "【华为博士员工平均离职率21.8％，任正非反思高学历人才流失】“英雄无用武之地”是人才土壤“肥力”流失的主要因素。邮件披露，在愿意接受访谈的82名离职博士员工中，有56人反映离职的主要原因还是岗位与个人技能不匹配、主管技术能力弱导致自身发挥受限、自身特有优势无法发挥等。尤其是入职2年内的博士员工，满怀激情而来，而在一次次学无所用的心灰意冷中离去。O华为博士员工平均离职率21.8％，任正非反思高学历人才流失", "author": "财经新媒体", "time": "财经新媒体02月16日18:56 来自微博weibo.com", "transmit": 68, "comment": 28, "zan": 47, "sentiment": [{"positive_prob": 0.0377364, "confidence": 0.916141, "negative_prob": 0.962264, "sentiment": 0}]}, {"text": "北京下雪了，河面结冰了，隔壁王奶奶大闺女用华为mate10拍摄的照片​", "author": "司马南", "time": "司马南02月16日20:09 来自HUAWEIMate20Pro", "transmit": 13, "comment": 48, "zan": 140, "sentiment": [{"positive_prob": 0.771648, "confidence": 0.492551, "negative_prob": 0.228352, "sentiment": 2}]}]