[{"text": "【#华为首款5G手机售价#：6199元，8月16日开售，你要买吗？】7月26日，华为在深圳总部发布首款5G手机Mate20X5G，8GB+256G版本售价6199元，7月26日预售，8月16日开售。这是全球唯一一款同时支持独立组网（SA）和非独立组网（NSA）的手机。L老板联播的秒拍视频​", "author": "新浪财经", "time": "新浪财经07月26日18:21 来自微博weibo.com", "transmit": 2331, "comment": 7302, "zan": 133256, "sentiment": [{"positive_prob": 0.532189, "confidence": 0.356222, "negative_prob": 0.467811, "sentiment": 1}]}, {"text": "【投票丨#华为首款5G手机售价6199元#，下载王者荣耀只要十几秒你会买吗】华为26日在深圳发布其首款5G手机华为Mate20X（5G版）。售价方面，8GB+256GB版本售价6199元，7月26日预售，8月16日开售。你会买吗？#华为首款5G手机售价6199元#，下载王者荣耀只要十几秒你会买吗​", "author": "第一财经日报", "time": "第一财经日报07月26日16:15 来自微博weibo.com", "transmit": 317, "comment": 2056, "zan": 309704, "sentiment": [{"positive_prob": 0.172192, "confidence": 0.617351, "negative_prob": 0.827808, "sentiment": 0}]}, {"text": "7月14日纽约大停电，大家应该知道吧？地铁、电梯、楼宇、路灯半个曼哈顿陷入一片漆黑……苹果手机全部瘫痪！苹果手机全部瘫痪！但是……但是………有一部手机却能照常工作！来去无恙！它的名字就叫——华为！华为！这真的把所有使用“华为”手机的美国佬给牛逼坏了！牛逼坏了！养成一种习惯不容易！改变一种习惯更不容易！用了10年的苹果，也许现在是改用“华为”的时候了。为了国家！为了华为！我准备改用华为手机！决心已定，绝不动摇！现在就等“华为“有关部门送手机了。因为囊中羞涩，不送不用，一送就用！哈～～“华为”加油！中国加油！长城永不倒！国货当自强！温馨提示：【壹周之内若不见“华为”送机上门，本人便会卖掉苹果换华为，由此而造成的一切经济损失由本人自理与华为无关】O14亿人全民通电，中国就是这样做到的！", "author": "周立波", "time": "周立波07月26日11:47 来自iPhone客户端", "transmit": 4434, "comment": 0, "zan": 7615, "sentiment": [{"positive_prob": 0.0366306, "confidence": 0.918599, "negative_prob": 0.963369, "sentiment": 0}]}, {"text": "【联邦快递所称将涉华为公司快件转至美国系“误操作”与事实不符】#联邦快递涉滞留逾百件华为快件#近期，国家有关部门依法对联邦快递（中国）有限公司未按名址投递快件一案实施调查发现，联邦快递关于将涉华为公司快件转至美国系“误操作”的说法与事实不符。另发现联邦快递涉嫌滞留逾百件涉华为公司进境快件。调查期间，还发现联邦快递其他违法违规线索。国家有关部门将秉持全面、客观、公正的原则，继续依法深入开展调查工作。@新华视点", "author": "头条新闻", "time": "头条新闻07月26日08:03 来自微博weibo.com", "transmit": 458, "comment": 819, "zan": 19588, "sentiment": [{"positive_prob": 0.0290874, "confidence": 0.935361, "negative_prob": 0.970913, "sentiment": 0}]}, {"text": "【任正非：今天将华为拒之门外，是美国落后的开始】7月24日，任正非在放出的雅虎财经采访中表示，美国正在抛弃5G，即使他们拥有超级计算机和超大容量连接，也依然可能会落后，因为他们没有超快的连接。这三样都是不可或缺的。今天将华为拒之门外是美国落后的开始。L老板联播的秒拍视频​", "author": "新浪财经", "time": "新浪财经07月26日19:29 来自微博weibo.com", "transmit": 315, "comment": 778, "zan": 4117, "sentiment": [{"positive_prob": 0.493139, "confidence": 0.862783, "negative_prob": 0.506861, "sentiment": 1}]}, {"text": "#央视快讯#【联邦快递所称将涉华为公司快件转至美国系“误操作”与事实不符】近期，国家有关部门依法对联邦快递（中国）有限公司未按名址投递快件一案实施调查发现，联邦快递关于将涉华为公司快件转至美国系“误操作”的说法与事实不符。另发现联邦快递涉嫌滞留逾百件涉华为公司进境快件。调查期间，还发现联邦快递其它违法违规线索。国家有关部门将秉持全面、客观、公正的原则，继续依法深入开展调查工作。", "author": "央视新闻", "time": "央视新闻07月26日08:02 来自微博weibo.com", "transmit": 968, "comment": 701, "zan": 5651, "sentiment": [{"positive_prob": 0.0300049, "confidence": 0.933322, "negative_prob": 0.969995, "sentiment": 0}]}, {"text": "【#华为首部5G手机售价6199元起#任正非称等待高通SA进步】今日，华为首款5G手机Mate20X5G版正式发布，8+256版本售价为6199元。华为Mate20X5G版是首款获得5G终端电信设备进网许可证的5G手机，华为消费者业务CEO余承东在发布会上宣布该机将于8月16日上市。据现场媒体报道称，该机在中国移动SA组网5G测试网络下，下载速度达1700Mbps，上传速度为212Mbps；4G版下载速度94.4Mbps，上传速度仅有12Mbps在此之前，亦有其他手机品牌的5G手机宣布开启预售。相比之下，华为Mate20X5G是目前唯一支持SA/NSA的5G双模商用手机。任正非表示，目前中国颁发的5G牌照、现在运营商建设的5G网络，仍然是4G和5G混合组网的模式，由于5G独立组网全球只有华为一家做好，根据中国招标法规定，必须有三家公司做好才能开始招标，“所以，中国只有从明年才能开始独立组网的5GSA。我们在等待高通的进步。”#华为首款5G手机售价#O华为首部5G手机售价6199元任正非称等待高通SA进步", "author": "财经网", "time": "财经网07月26日15:40 来自360安全浏览器", "transmit": 156, "comment": 1027, "zan": 2688, "sentiment": [{"positive_prob": 0.353542, "confidence": 0.214351, "negative_prob": 0.646458, "sentiment": 0}]}, {"text": "【联邦快递所称将涉华为公司快件转至美国系\"误操作\"与事实不符】近期，国家有关部门调查发现，联邦快递关于将涉华为公司快件转至美国系\"误操作\"的说法与事实不符。另发现联邦快递涉嫌滞留逾百件涉华为公司进境快件。调查还发现联邦快递其他违法违规线索。国家有关部门将继续深入调查！（新华社）​", "author": "紫光阁", "time": "紫光阁07月26日10:18 来自紫宝宝的Android", "transmit": 409, "comment": 591, "zan": 3858, "sentiment": [{"positive_prob": 0.0439355, "confidence": 0.902366, "negative_prob": 0.956065, "sentiment": 0}]}, {"text": "我们发布的三款新品，华为Mate20X(5G)、华为nova5iPro和华为5GCPEPro，今天16:08就可以开始预约了！​", "author": "余承东", "time": "余承东07月26日15:55 来自HUAWEIMate20X5G", "transmit": 208, "comment": 838, "zan": 3359, "sentiment": [{"positive_prob": 0.788372, "confidence": 0.529715, "negative_prob": 0.211628, "sentiment": 2}]}, {"text": "【#华为首款5G手机售价#：6199元，8月16日开售，你要买吗？】7月26日，华为在深圳总部发布首款5G手机Mate20X5G，8GB+256G版本售价6199元，7月26日预售，8月16日开售。这是全球唯一一款同时支持独立组网（SA）和非独立组网（NSA）的手机。@老板联播L老板联播的秒拍视频​", "author": "梨视频", "time": "梨视频07月26日18:02 来自微博weibo.com", "transmit": 96, "comment": 492, "zan": 2281, "sentiment": [{"positive_prob": 0.54188, "confidence": 0.16239, "negative_prob": 0.45812, "sentiment": 1}]}, {"text": "【华为系承包娱乐圈的夏天】娱乐圈中越来越多艺人使用华为系手机了，大佬们偏爱华为P30PRO天空之境，小鲜肉独宠#荣耀20#PRO冰岛幻境。看来华为系手机的夏天来了，正逐渐用颜值和性能征服艺人们。所以你会选“天空之境”还是“冰岛幻境”呢？​", "author": "八组兔区播报", "time": "八组兔区播报07月26日21:30 来自微博weibo.com", "transmit": 1285, "comment": 1528, "zan": 1952, "sentiment": [{"positive_prob": 0.917128, "confidence": 0.81584, "negative_prob": 0.0828719, "sentiment": 2}]}, {"text": "媒体沟通会马上开始，我先提前带大家到现场体验区，抢先了解华为5G双模手机HUAWEIMate20X(5G)版的黑科技和亮点更多详情，记得关注待会的直播！期待大家点赞！L华为何刚的微博视频​", "author": "华为何刚", "time": "华为何刚07月26日14:15 来自HUAWEIMate20X5G", "transmit": 508, "comment": 501, "zan": 2647, "sentiment": [{"positive_prob": 0.965633, "confidence": 0.92363, "negative_prob": 0.0343666, "sentiment": 2}]}, {"text": "【被特朗普叫“邪恶王子”任正非：你看我像不像魔王？】7月18日，华为创始人任正非接受意大利媒体群访。有记者提及，特朗普已经把华为或者把任正非形容成“邪恶王子”的形象。对此，任正非回应，“现在你看见我了，觉得我像不像‘魔王’？百闻不如一见。”他还反问道，“我们在美国没有网络，也不打算将5G卖给它，怎么会危害美国国家安全呢，美国这么着急做什么呢？”O被特朗普叫“邪恶王子”任正非:你看我像不像魔王？", "author": "新浪财经", "time": "新浪财经07月26日09:02 来自微博weibo.com", "transmit": 135, "comment": 164, "zan": 1634, "sentiment": [{"positive_prob": 0.0314717, "confidence": 0.930063, "negative_prob": 0.968528, "sentiment": 0}]}, {"text": "【价格公布｜一张图读懂#华为5G双模手机#】智慧5G，畅联未来！更多硬核科技及功能亮点，下面一张图带大家读懂HUAWEIMate20X（5G）！预售链接奉上：O网页链接​", "author": "华为手机", "time": "华为手机07月26日15:33 来自HUAWEIP30Pro", "transmit": 507, "comment": 905, "zan": 4131, "sentiment": [{"positive_prob": 0.763551, "confidence": 0.474558, "negative_prob": 0.236449, "sentiment": 2}]}, {"text": "#鸿蒙操作系统将应用在智慧屏#【#华为首款智慧屏将采用鸿蒙操作系统#配升降式摄像头】26日，华为在深圳发布了智慧屏战略。据介绍，华为将在8月开发者大会上正式推出荣耀智慧屏，华为自研的鸿蒙操作系统将首先应用在智慧屏上。华为试图定义大屏智能电视这一新品类，称之为“智慧屏”。从图片看，这款电视机上有个升降摄像头，可以在线视频互动，可以实现手机和电视机的互动。@澎湃新闻O华为首款智慧屏9月上市：采用鸿蒙操作系统，配升降式摄像头", "author": "财经网", "time": "财经网07月26日20:19 来自微博weibo.com", "transmit": 29, "comment": 31, "zan": 181, "sentiment": [{"positive_prob": 0.980793, "confidence": 0.957318, "negative_prob": 0.019207, "sentiment": 2}]}, {"text": "【“误送”谎言被有关部门戳穿，联邦快递表态：是因美国商务部规定不清晰】#联邦快递回应涉华为快件调查结果#7月26日，国家有关部门公布了对联邦快递(中国)有限公司未按名址投递快件一案的调查结果，显示联邦快递所称将涉华为快件转至美国系“误操作”与事实不符。刚刚，联邦快递在发给环球时报-环球网的一份声明中回应宣称，我们对于所涉及货件的处理，是由于美国商务部工业和安全局规定不清晰给操作带来的巨大复杂性而导致。声明同时对由此给客户造成的任何困惑或者伤害表示歉意，并补充联邦快递高度重视在中国的业务。　　以下为声明全文：　　我们注意到中国国家邮政局关于调查的公告，目前正与相关部门就调查中发现的情况保持密切沟通。我们将一如既往地全力配合中国政府部门的相关调查，并且致力于充分遵守所有适用的法律和法规。我们对于所涉及货件的处理，是由于美国商务部工业和安全局规定不清晰给操作带来的巨大复杂性而导致。我们对由此给客户造成的任何困惑或者损害表示真诚的歉意。这也是联邦快递向美国商务部提起讼诉的原因，以避免将来再次发生类似的情况。联邦快递高度重视我们在中国的业务。我们致力于为客户提供更完善的服务，以及为员工提供最佳工作场所。此前报道：7月26日，在外交部例行记者会上，有记者询问联邦快递将面临怎样的后果，发言人华春莹做出了回应。华春莹表示，近期，国家有关部门依法对联邦快递(中国)有限公司未按名址投递快件一案实施调查发现，联邦快递关于将涉华为公司快件转至美国系“误操作”的说法与事实不符。另发现联邦快递涉嫌滞留逾百件涉华为公司进境快件。调查期间，还发现联邦快递其他违法违规线索。相信中国有关部门将秉持全面、客观、公正的原则，继续依法深入开展调查工作。至于这家公司会面临什么样后果，这主要取决于调查的结果。\t#联邦快递回应涉华为快件调查#", "author": "环球网", "time": "环球网07月26日17:14 来自微博weibo.com", "transmit": 85, "comment": 162, "zan": 1143, "sentiment": [{"positive_prob": 0.0213805, "confidence": 0.952488, "negative_prob": 0.97862, "sentiment": 0}]}, {"text": "【#联邦快递回应涉华为快件调查#：因美商务部规定不清晰导致】7月26日，联邦快递发布官方声明称，注意到中国国家邮政局关于调查的公告，目前正与相关部门就调查中发现的情况保持密切沟通。将一如既往地全力配合中国政府部门的相关调查，并且致力于充分遵守所有适用的法律和法规。对于所涉及货件的处理，是由于美国商务部工业和安全局规定不清晰给操作带来的巨大复杂性而导致。人民日报客户端O联邦快递回应涉华为快件调查：因美商务部规定不清晰导致", "author": "澎湃新闻", "time": "澎湃新闻07月26日17:42 来自微博weibo.com", "transmit": 72, "comment": 219, "zan": 1595, "sentiment": [{"positive_prob": 0.907333, "confidence": 0.794074, "negative_prob": 0.0926669, "sentiment": 2}]}, {"text": "【#华为5G手机售价6199元#预计8月上市】7月26日，@华为手机发布Mate20X5G版，售价6199元，内存为8GB+256GB，支持5G+4G双卡双待，7月26日开始预约，8月16日开售。发布会称，这款手机现网下行峰值速率10倍于4G。发布会前，华为高管对比了Mate20X4G版和5G版的速度，1.7G的王者荣耀在5G手机中下载完时，4G手机中只进行到12%。L新京报我们视频的秒拍视频#华为首款5G手机售价##华为首款5G手机售价#", "author": "凤凰网财经", "time": "凤凰网财经07月26日18:28", "transmit": 135, "comment": 4, "zan": 607, "sentiment": [{"positive_prob": 0.773885, "confidence": 0.497523, "negative_prob": 0.226115, "sentiment": 2}]}, {"text": "【联邦快递所称将涉华为公司快件转至美国系“误操作”与事实不符】近期，国家有关部门依法对联邦快递（中国）有限公司未按名址投递快件一案实施调查发现，联邦快递关于将涉华为公司快件转至美国系“误操作”的说法与事实不符。另发现联邦快递涉嫌滞留逾百件涉华为公司进境快件。调查期间，还发现联邦快递其他违法违规线索。国家有关部门将秉持全面、客观、公正的原则，继续依法深入开展调查工作。", "author": "新华视点", "time": "新华视点07月26日08:00 来自微博weibo.com", "transmit": 209, "comment": 206, "zan": 424, "sentiment": [{"positive_prob": 0.0170526, "confidence": 0.962105, "negative_prob": 0.982947, "sentiment": 0}]}, {"text": "#Mate20X5G版发布#【#华为首款5G手机在国内正式发布#售价6199元】7月26日，华为正式在国内发布首款5G智能手机Mate20X5G版，售价6199元。华为消费者业务总裁何刚表示这是全球唯一一款同时支持独立组网和非独立组网的商用5G手机。测试显示5G版Mate20X下载速度达到了1735Mbps，上传速度峰值可达到240Mbps。此前专家预计第一批5G手机价格基本都在万元。Mate20X5G版7月26日开始预约，8月16日正式发售。（记者马思）", "author": "中国日报", "time": "中国日报07月26日15:43 来自微博weibo.com", "transmit": 53, "comment": 101, "zan": 349, "sentiment": [{"positive_prob": 0.766777, "confidence": 0.481728, "negative_prob": 0.233223, "sentiment": 2}]}, {"text": "周立波：我准备改用华为手机！因为囊中羞涩，不送不用，一送就用！​", "author": "科技美学", "time": "科技美学07月26日13:39", "transmit": 118, "comment": 1671, "zan": 30097, "sentiment": [{"positive_prob": 0.756802, "confidence": 0.45956, "negative_prob": 0.243198, "sentiment": 2}]}, {"text": "#华为5G双模手机#华为的5G手机定价超出意外，刚才问会不会亏损，何刚绕开了，说不会考虑亏损不亏损，但这价格为未来5G手机定了一个调子，相信下半年旗舰机都会是5G手机，不是5G的旗舰机会被鄙视。还有5G手机的价格会迅速和4G手机价格非常接近，这就是中国一做5G，全世界的价格都被拉下来，相信5G手机的普及会超出预期。华为拥有芯片和多方能力，能激进低价，这是华为独有力量。", "author": "飞象网项立刚", "time": "飞象网项立刚07月26日16:08 来自HUAWEIMate20X5G", "transmit": 156, "comment": 222, "zan": 1510, "sentiment": [{"positive_prob": 0.984163, "confidence": 0.964808, "negative_prob": 0.0158365, "sentiment": 2}]}, {"text": "【#任正非回应为何近期频频露面#：美国控制了全球话语权，说什么都相信，所以我有责任多讲一讲，增强信心（附全文）】#任正非回应频繁发声#2019年7月18日，华为创始人任正非在松山湖基地接受意大利媒体的采访。根据心声社区发布的会议纪要，任正非此次回应了华为公司是否在网络设备上或者终端设备上安装后门、是否依赖美国关键部件、孟晚舟事件等19个问题，其中也谈到了对脸书“天秤币”的看法及5G在欧洲的部署。采访中，任正非说道：“美国这个国家太强大了，控制了全球的话语权，美国说什么大家都容易相信，因此华为承受负面压力过大，我有责任出来多讲一讲。一是增强客户对我们的信心，华为公司不会垮掉，会对客户负责任的；二是增强供应商对我们的信心，我们公司可以活下去的，卖给我们零部件，将来是能付款的；三是增强员工信心，要好好工作，公司可以活下去，尽管美国打击很厉害，但是我们公司也很厉害；最后，也向社会传递正确的声音，让社会理解我们，以前没有人这么尖锐地指责我们时，总不能跳出来自己说自己。现在美国这么尖锐地指责，正好有机会解释自己，让大家了解华为。现在社会舆论对华为理解的大概有30%，70%还是不够理解，所以还要继续说下去。”更多：O任正非与意大利媒体圆桌纪要：不只是为了救我的女儿，也为了救我们公司，所以我要挺身而出", "author": "每日经济新闻", "time": "每日经济新闻07月26日17:45 来自微博weibo.com", "transmit": 53, "comment": 17, "zan": 188, "sentiment": [{"positive_prob": 0.950547, "confidence": 0.890104, "negative_prob": 0.0494532, "sentiment": 2}]}, {"text": "【任正非：今天将华为拒之门外，是美国落后的开始】7月24日，任正非在放出的雅虎财经采访中表示，美国正在抛弃5G，即使他们拥有超级计算机和超大容量连接，也依然可能会落后，因为他们没有超快的连接。这三样都是不可或缺的。今天将华为拒之门外是美国落后的开始。@老板联播#拒绝华为将是美国落后的开始#L老板联播的秒拍视频", "author": "梨视频", "time": "梨视频07月26日17:32 来自微博weibo.com", "transmit": 49, "comment": 86, "zan": 576, "sentiment": [{"positive_prob": 0.246879, "confidence": 0.45138, "negative_prob": 0.753121, "sentiment": 0}]}, {"text": "#Mate20X5G版发布#【#华为首款5G手机正式发布#售价6199元8月16日开售】7月26日，华为在深圳总部发布了首款5G手机Mate20X5G。售价方面，8GB+256G版本售价6199元，7月26日预售，8月16日开售。5G时代来得好快你买吗？​", "author": "证券时报网", "time": "证券时报网07月26日15:48 来自微博weibo.com", "transmit": 35, "comment": 194, "zan": 3799, "sentiment": [{"positive_prob": 0.0854871, "confidence": 0.810029, "negative_prob": 0.914513, "sentiment": 0}]}, {"text": "#华为首款5G商用手机正式发布##华为5G双模手机#【#华为首款5G手机发布#】7月26日，华为首款5G手机华为Mate20X5G版正式发布。看到这5Glogo，内心作为中国人的骄傲油然而生！有木有！抢鲜看↓​", "author": "新财富杂志", "time": "新财富杂志07月26日14:22 来自专业版微博", "transmit": 64, "comment": 266, "zan": 1143, "sentiment": [{"positive_prob": 0.945097, "confidence": 0.877993, "negative_prob": 0.0549033, "sentiment": 2}]}, {"text": "【联邦快递所称将涉华为快件转至美国系“误操作”与事实不符】近期，国家有关部门依法对联邦快递（中国）有限公司未按名址投递快件一案实施调查发现，联邦快递关于将涉华为公司快件转至美国系“误操作”的说法与事实不符。另发现联邦快递涉嫌滞留逾百件涉华为公司进境快件。调查期间，还发现联邦快递其他违法违规线索。国家有关部门将秉持全面、客观、公正的原则，继续依法深入开展调查工作。新华社O联邦快递所称将涉华为快件转至美国系“误操作”与事实不符", "author": "澎湃新闻", "time": "澎湃新闻07月26日08:13 来自微博weibo.com", "transmit": 88, "comment": 99, "zan": 186, "sentiment": [{"positive_prob": 0.0248557, "confidence": 0.944765, "negative_prob": 0.975144, "sentiment": 0}]}, {"text": "#华为5G双模手机#华为Mate20X(5G)速度到底有多快？对比一下就知道！L华为终端官方微博的秒拍视频​", "author": "华为终端官方微博", "time": "华为终端官方微博07月26日16:15 来自秒拍网页版", "transmit": 678, "comment": 343, "zan": 1478, "sentiment": [{"positive_prob": 0.771351, "confidence": 0.491892, "negative_prob": 0.228649, "sentiment": 2}]}, {"text": "【刚刚，联邦快递回应！】据人民日报客户端刚刚发布的消息，联邦快递回应涉华为快件调查：因美商务部规定不清晰导致。此前，新华社发布消息称，国家有关部门依法对联邦快递（中国）有限公司未按名址投递快件一案实施调查发现，联邦快递关于将涉华为公司快件转至美国系“误操作”的说法与事实不符。今年6月，联邦快递CEO曾回应华为事件称：政府逼我查包裹，不然一件罚25万。6月24日，联邦快递在官网宣布已将美国商务部告上法庭。O网页链接", "author": "中国青年报", "time": "中国青年报07月26日18:41 来自专业版微博", "transmit": 54, "comment": 145, "zan": 1508, "sentiment": [{"positive_prob": 0.0543482, "confidence": 0.879226, "negative_prob": 0.945652, "sentiment": 0}]}, {"text": "#每经整点播#【每经19点丨《哪吒》首日1.5小时票房破亿创纪录；证监会：拟大幅提高刑期上限和罚款、罚金数额标准；俄罗斯央行降息25个基点至7.25%】1、#哪吒单日票房破亿#首日1.5小时票房破亿，创动画电影最快纪录。新京报7月26日消息，国产动画电影《哪吒之魔童降世》正式上映，仅1小时29分影片总票房力破1亿大关，创动画电影最快破亿新纪录，实时票房位居同期电影第一。#哪吒票房破亿##哪吒彩蛋#2、#联邦快递回应涉华为快件调查#3、#三大运营商提速降费成绩单#O每经19点丨《哪吒》首日1.5小时票房破亿创纪录；证监会：拟大幅提高刑期上限和罚款、罚金数额标准；俄罗斯央行降息25个基点至7.25%O每经19点丨《哪吒》首日1.5小时票房破亿创纪录", "author": "每日经济新闻", "time": "每日经济新闻07月26日19:20 来自微博weibo.com", "transmit": 17, "comment": 44, "zan": 251, "sentiment": [{"positive_prob": 0.124745, "confidence": 0.722789, "negative_prob": 0.875255, "sentiment": 0}]}]