[{"text": "美国CNN主播在最近一期节目中现场邀请美国观众投票判断美国政府到底为啥打击华为，结果亮了！就连CNN的主播都说“观众真聪明”。详戳：L这视频的秒拍视频​", "author": "环球时报", "time": "环球时报02月21日10:10 来自微博weibo.com", "transmit": 2746, "comment": 1486, "zan": 9865, "sentiment": [{"positive_prob": 0.471258, "confidence": 0.42516, "negative_prob": 0.528742, "sentiment": 1}]}, {"text": "扩展、压缩、变形，折叠，关于空间的艺术，由我们带来一次崭新诠释。#华为MWC2019#倒计时3天！L华为终端公司的秒拍视频​​​", "author": "余承东", "time": "余承东02月21日12:03 来自华为Mate20保时捷设计", "transmit": 205, "comment": 1443, "zan": 2483, "sentiment": [{"positive_prob": 0.945324, "confidence": 0.878497, "negative_prob": 0.0546763, "sentiment": 2}]}, {"text": "美国CNN主播在最近一期节目中现场邀请美国观众投票判断美国政府到底为啥打击华为，结果亮了！就连CNN的主播都说“观众真聪明”。详戳：L这视频的秒拍视频​", "author": "微天下", "time": "微天下02月21日14:57", "transmit": 185, "comment": 121, "zan": 211, "sentiment": [{"positive_prob": 0.471258, "confidence": 0.42516, "negative_prob": 0.528742, "sentiment": 1}]}, {"text": "【德媒：德国不会附和美国禁止华为参与5G竞标】“是美国政府曾要求思科公司的硬件给自己开后门。恰恰是美国又来警告华为，这太有趣了”。德国《商报》19日引述德国政府数据保护专员乌尔里希·科贝尔的上述表态，讽刺美国以“安全”为由要求盟国禁用华为的态度。报道称，据德国政府圈内人士消息，德国政府基本上不会满足美国的要求，不会原则上禁止华为参与5G竞标，该国为加强网络安全标准而修改法律也不是针对中国公司。O德媒：德国不会附和美国禁止华为参与5G竞标", "author": "环球时报", "time": "环球时报02月21日09:49 来自微博weibo.com", "transmit": 291, "comment": 162, "zan": 377, "sentiment": [{"positive_prob": 0.937731, "confidence": 0.861624, "negative_prob": 0.062269, "sentiment": 2}]}, {"text": "美国CNN主播在最近一期节目中现场邀请美国观众投票判断美国政府到底为啥打击华为，结果亮了！就连CNN的主播都说“观众真聪明”。L这视频的秒拍视频​", "author": "这里是美国", "time": "这里是美国02月21日13:35 来自微博weibo.com", "transmit": 330, "comment": 175, "zan": 649, "sentiment": [{"positive_prob": 0.4409, "confidence": 0.0202211, "negative_prob": 0.559099, "sentiment": 0}]}, {"text": "【CNN问观众美国政府为什么打击华为？结果亮了！】#连CNN的主播都说观众真聪明#英国广播公司(BBC)18日发布了一段对华为创始人任正非的专访视频，受到美国有线电视新闻网(CNN)的关注。CNN在近期的一次节目中发起网络投票，让大家就“美国打击华为”的原因进行投票，大多数观众选择了“政治因素”，嘉宾直呼：观众们“真聪明”!OCNN问观众美国政府为什么打击华为？结果亮了！", "author": "环球网", "time": "环球网02月21日21:02 来自微博weibo.com", "transmit": 62, "comment": 36, "zan": 190, "sentiment": [{"positive_prob": 0.0197884, "confidence": 0.956026, "negative_prob": 0.980212, "sentiment": 0}]}, {"text": "【抢在华为前，三星发布折叠屏手机！是否会重蹈苹果的覆辙？】#折叠屏手机要来了#北京时间2月21日凌晨3点，三星在美国旧金山举办新品发布会，正式发布了GalaxyS10系列和备受瞩目的折叠屏手机——GalaxyFold。这是三星旗下的首款折叠屏手机。设计惊艳，价格贵到哭。CNBC的一篇文章分析称，三星可能正在重蹈苹果手机的覆辙。定价太高；缺少“刚需”功能；在中国市场惨败……你怎么看？O出名要趁早！抢在华为前，三星发布折叠屏手机，价格贵到哭", "author": "每日经济新闻", "time": "每日经济新闻02月21日14:59 来自搜狗高速浏览器", "transmit": 19, "comment": 54, "zan": 53, "sentiment": [{"positive_prob": 0.468724, "confidence": 0.374473, "negative_prob": 0.531276, "sentiment": 1}]}, {"text": "美国CNN主播在最近一期节目中现场邀请美国观众投票判断美国政府到底为啥打击华为，结果亮了！就连CNN的主播都说“观众真聪明”。L这视频的秒拍视频（@这视频）​", "author": "观察者网", "time": "观察者网02月21日10:27 来自微博weibo.com", "transmit": 367, "comment": 170, "zan": 427, "sentiment": [{"positive_prob": 0.454962, "confidence": 0.0992423, "negative_prob": 0.545038, "sentiment": 1}]}, {"text": "【#连CNN的主播都说观众真聪明#：61%美国民众认为打压华为是政治原因】美国CNN发起民意调查投票：你认为美国打压华为背后的原因是啥？其QuestMeansBusiness节目播出调查结果：61%美国民众认为美国打压华为是政治原因。仅24%民众认为是出于安全考虑，13%民众认为是商业原因。via.这视频L这视频的秒拍视频​", "author": "凤凰周刊", "time": "凤凰周刊02月21日15:46 来自专业版微博", "transmit": 55, "comment": 51, "zan": 158, "sentiment": [{"positive_prob": 0.553273, "confidence": 0.00727375, "negative_prob": 0.446727, "sentiment": 2}]}, {"text": "【CNN民意调查：61%美国民众认为打压华为是政治原因】美国CNN发起民意调查投票：你认为美国打压华为背后的原因是啥？其QuestMeansBusiness节目播出调查结果：61%美国民众认为美国打压华为是政治原因。仅24%民众认为是出于安全考虑，13%民众认为是商业原因。OCNN民意调查：61%美国群众认为打压华为是政治原因L新浪科技的微博视频​", "author": "新浪科技", "time": "新浪科技02月21日11:22 来自微博视频", "transmit": 141, "comment": 155, "zan": 317, "sentiment": [{"positive_prob": 0.67427, "confidence": 0.276155, "negative_prob": 0.32573, "sentiment": 2}]}, {"text": "【华为联合英国三大运营商打通首个跨网5G视频通话】华为在伦敦举办2019世界移动大会预沟通会，会上，华为联合英国本地三大运营商进行了全球首个基于多方5G网络的视频通话。据了解，目前，华为已获得30多个5G商用合同，其中18个来自欧洲。O华为联合英国三大运营商打通首个跨网5G视频通话​", "author": "新浪科技", "time": "新浪科技02月21日16:20 来自微博weibo.com", "transmit": 145, "comment": 44, "zan": 171, "sentiment": [{"positive_prob": 0.849837, "confidence": 0.666305, "negative_prob": 0.150163, "sentiment": 2}]}, {"text": "【#华为官宣折叠屏手机#2月24日MWC见】2月21日下午消息，继今日凌晨三星海外发布折叠屏新机后，华为官宣了自己的折叠屏手机动向，放出了短视频，并预示“智慧折叠，倒计时3天”。微博附带短视频里似乎展示了折叠屏的一个部分，而无论文字还是短视频内容均暗示了华为即将带来的折叠屏手机设备，时间则是2月24日。O华为官宣折叠屏手机2月24日MWC见L新浪手机的秒拍视频", "author": "新浪新闻", "time": "新浪新闻02月21日14:24 来自专业版微博平台", "transmit": 19, "comment": 67, "zan": 128, "sentiment": [{"positive_prob": 0.874065, "confidence": 0.720145, "negative_prob": 0.125935, "sentiment": 2}]}, {"text": "#参考视界#【英媒介绍中国“首个5G火车站”不忘酸华为然而评论里英国网友却说……】“（这里的网速）真的是超级快，感觉我妈妈就在我身边！”这几天，中国的一座火车站在海外媒体上火了，外国小哥都忍不住来“打卡”。英国《每日邮报》报道称：“当西方国家因对所谓间谍活动的担忧避开华为技术时，中国将推出全球首个5G火车站。”不过谈及华为时，报道又扯上了美国等西方国家对华为技术和产品的“间谍”指控，然而网友对这些指控却并不“买账”。详情戳↓↓L参考消息的微博视频", "author": "参考消息", "time": "参考消息02月21日19:32 来自微博视频", "transmit": 61, "comment": 26, "zan": 163, "sentiment": [{"positive_prob": 0.561621, "confidence": 0.0258242, "negative_prob": 0.438379, "sentiment": 2}]}, {"text": "#连CNN的主播都说观众真聪明#没有美国公司能替代华为，当没有人能替代你的时候，你就是最牛的，同理，未来当你进入某一个企业开始工作的时候，如果你的工作无可替代，想找到替代你的人老板要花更多的金钱和精力，你就牛大了！当然，也不要忘了让自己时刻进步！永远都不被替代！​", "author": "张雪峰老师", "time": "张雪峰老师02月21日17:03 来自HUAWEIMate20Pro", "transmit": 23, "comment": 46, "zan": 593, "sentiment": [{"positive_prob": 0.131887, "confidence": 0.706917, "negative_prob": 0.868113, "sentiment": 0}]}, {"text": "【英媒介绍中国“首个5G火车站”不忘酸华为然而评论里英国网友却说……】“（这里的网速）真的是超级快，感觉我妈妈就在我身边！”这几天，中国的一座火车站在海外媒体上火了，外国小哥都忍不住来“打卡”。英国《每日邮报》报道称：“当西方国家因对所谓间谍活动的担忧避开华为技术时，中国将推出全球首个5G火车站。”英媒关注到，中国计划今年内在上海虹桥火车站完成5G网络深度覆盖，建成后的该站将成为全球首个采用5G室内数字系统的火车站。听着就很“硬核”，实际上对旅客来讲会是怎样的体验呢？英媒的报道带着“羡慕”的语气举例称，20秒下载2G电影、候车厅玩VR游戏、5G刷脸验证3秒就能通过，还有智能机器人送餐……O网页链接", "author": "新民周刊", "time": "新民周刊02月21日19:34 来自索尼XZ2Premium", "transmit": 16, "comment": 7, "zan": 80, "sentiment": [{"positive_prob": 0.94818, "confidence": 0.884844, "negative_prob": 0.0518203, "sentiment": 2}]}, {"text": "有没有很期待？距#MWC2019#世界移动大会开幕只有4天啦！今年华为围绕全新设计风格的“TheVillage”主题，将运营商业务、企业业务、消费者业务、GSMA创新城市等四大展区打造成错落有致、开放友好的“数字化村落”，而大伙都将是数字村的村民，咱村里见OMWC2019倒计时4天：探索4大展区，游历数字村落​", "author": "华为中国", "time": "华为中国02月21日16:11 来自微博weibo.com", "transmit": 9, "comment": 21, "zan": 189, "sentiment": [{"positive_prob": 0.919353, "confidence": 0.820784, "negative_prob": 0.0806474, "sentiment": 2}]}, {"text": "美国CNN主播在最近一期节目中，现场邀请美国观众投票判断美国政府到底为啥打击华为，结果亮了！就连CNN的主播都说“观众真聪明”。L视频：CNN邀观众投票判断美国观众为何打击华为结果亮了​", "author": "新浪资讯台", "time": "新浪资讯台02月21日11:11 来自专业版微博", "transmit": 71, "comment": 13, "zan": 57, "sentiment": [{"positive_prob": 0.216468, "confidence": 0.51896, "negative_prob": 0.783532, "sentiment": 0}]}, {"text": "新起点，再领航。三天后，#华为MWC2019#惊喜已待。L华为终端公司的秒拍视频​​​", "author": "徐钦松Jim", "time": "徐钦松Jim02月21日13:02 来自HUAWEIMate20Pro", "transmit": 32, "comment": 66, "zan": 314, "sentiment": [{"positive_prob": 0.82798, "confidence": 0.617733, "negative_prob": 0.17202, "sentiment": 2}]}, {"text": "智慧折叠，遇见更多可能。倒计时3天！2月24日，#华为MWC2019#相约西班牙巴塞罗那！花粉们期待这次手机带来哪些突破呢？ L华为消费者业务的秒拍视频​", "author": "华为手机", "time": "华为手机02月21日10:00 来自HUAWEIMate20Pro", "transmit": 39, "comment": 196, "zan": 410, "sentiment": [{"positive_prob": 0.863938, "confidence": 0.697641, "negative_prob": 0.136062, "sentiment": 2}]}, {"text": "正低头写字，突然觉得鸟叫声好像就在附近，摸起手机，寻声而动，急调焦距，华为mate20还真争气。请教各位大咖，你们的脑袋没有被夹过，知道这是什么鸟吗？小鸟身体概分三部分：美丽的鸟冠，金毛上半身，斑马线一样的下半身。镜头再推上去，这羽冠也太美了，难怪古代后妃礼冠头饰要做成这种模样，别具雍容华贵之美啊。美丽的鸟冠进化来只为求偶么，抑或表示着它在鸟类世界中有公务员的地位？千字文里有鸟官人皇一说，未知彼此间有什么联系。网搜，这种鸟叫戴胜，学名：Upupaepops，又名胡哱哱、花蒲扇、山和尚、鸡冠鸟等，头顶有醒目的羽冠，平时褶叠倒伏不显，直竖时像一把打开的折扇，随同鸣叫时起时伏。嘴细长往下弯曲。栖息在开阔的田园、园林、郊野的树干上，是有名的食虫鸟，大量捕食金针虫，蝼蛄、行军虫、步行虫和天牛幼虫等害虫，大约占到它总食量的88%。后三张是网上的照片。邂逅戴胜，海岛过年一大收获也。", "author": "司马南", "time": "司马南02月21日08:14 来自HUAWEIMate20Pro", "transmit": 29, "comment": 116, "zan": 84, "sentiment": [{"positive_prob": 0.981519, "confidence": 0.958932, "negative_prob": 0.0184806, "sentiment": 2}]}, {"text": "【#华为官宣折叠屏手机#2月24日MWC见】2月21日下午消息，继今日凌晨三星海外发布折叠屏新机后，华为官宣了自己的折叠屏手机动向，放出了短视频，并预示“智慧折叠，倒计时3天”。微博附带短视频里似乎展示了折叠屏的一个部分，而无论文字还是短视频内容均暗示了华为即将带来的折叠屏手机设备，时间则是2月24日。O华为官宣折叠屏手机2月24日MWC见L新浪手机的秒拍视频", "author": "新浪新闻客户端", "time": "新浪新闻客户端02月21日14:24 来自专业版微博平台", "transmit": 14, "comment": 64, "zan": 99, "sentiment": [{"positive_prob": 0.874065, "confidence": 0.720145, "negative_prob": 0.125935, "sentiment": 2}]}, {"text": "观点很简单立场TFBOYS🧡我拿命保护了五年多的男孩，你凭什么诋毁北电中戏伯克利你考上了哪个OPPO华为小米你代言了哪个百搭阿姨请你道歉，立场啵啵和百分九@S允恩-#请允恩全网给TFBOYS道歉##允恩直播骂tf和npc#​", "author": "烊扬的晨兮兮_", "time": "烊扬的晨兮兮_02月21日12:12 来自iPhone客户端", "transmit": 23, "comment": 422, "zan": 1641, "sentiment": [{"positive_prob": 0.634594, "confidence": 0.187987, "negative_prob": 0.365406, "sentiment": 2}]}, {"text": "今天凌晨三星S10刚发布，华为在为P30系列预热时，官方Twitter连发多条图文暗怼三星S10①4100毫安时的电池太小了，4200毫安时的电池才有更持久的续航；②我们引领了反向无线充电这项技术③更强大的变焦能力在后边；④你最终也加入到了三摄的行列中，但我们已经做到了最好；⑤2D的面部识别不能用来支付。", "author": "叫我ThreeY", "time": "叫我ThreeY02月21日19:30 来自三星GALAXYNote8", "transmit": 17, "comment": 284, "zan": 53, "sentiment": [{"positive_prob": 0.405284, "confidence": 0.0993686, "negative_prob": 0.594716, "sentiment": 0}]}, {"text": "历史多次证明叫6的产品都比叫9的产品产品好不止一点...不信你看三星你看苹果你看华为你看联想​", "author": "常程", "time": "常程02月21日05:48 来自联想Z5Pro•855超旗舰", "transmit": 46, "comment": 936, "zan": 367, "sentiment": [{"positive_prob": 0.652279, "confidence": 0.227286, "negative_prob": 0.347721, "sentiment": 2}]}, {"text": "打破传统形态，折叠更多可能。2019MWC，倒计时3天！L华为消费者业务的秒拍视频​", "author": "华为何刚", "time": "华为何刚02月21日09:57 来自HUAWEIMate20Pro", "transmit": 18, "comment": 53, "zan": 207, "sentiment": [{"positive_prob": 0.475929, "confidence": 0.518572, "negative_prob": 0.524071, "sentiment": 1}]}, {"text": "【#连CNN的主播都说观众真聪明#：61%美国民众认为打压华为是政治原因】美国CNN发起民意调查投票：你认为美国打压华为背后的原因是啥？其QuestMeansBusiness节目播出调查结果：61%美国民众认为美国打压华为是政治原因。仅24%民众认为是出于安全考虑，13%民众认为是商业原因。（新浪科技）L新浪科技的微博视频", "author": "中国企业家杂志", "time": "中国企业家杂志02月21日17:45 来自微博weibo.com", "transmit": 74, "comment": 9, "zan": 40, "sentiment": [{"positive_prob": 0.603689, "confidence": 0.119309, "negative_prob": 0.396311, "sentiment": 2}]}, {"text": "【@雷军现场展示拍月亮效果图，华为苹果被吊打？】在小米9的新品发布会上，雷军介绍小米9新增“月亮模式”，可以拍出比其他品牌手机更加清晰的月亮！但小米却在相机跑分中排在华为之后，雷军戏称给以后登顶留一点空间。#小米9#L究竟视频的秒拍视频雷军#赵明雷军拍月亮pk##王源代言小米手机#​", "author": "第一财经日报", "time": "第一财经日报02月21日07:28 来自iPhone客户端", "transmit": 13, "comment": 52, "zan": 69, "sentiment": [{"positive_prob": 0.957634, "confidence": 0.905854, "negative_prob": 0.0423659, "sentiment": 2}]}, {"text": "如何才能机智地躲避掉贪吃蛇的追捕呢？华为畅享系列潮炫珍珠屏，打破视野束缚，一点净屏，畅享屏间乐趣~L华为手机官方的秒拍视频​", "author": "华为手机", "time": "华为手机02月21日18:02 来自HUAWEIMate20Pro", "transmit": 12, "comment": 62, "zan": 255, "sentiment": [{"positive_prob": 0.784284, "confidence": 0.520631, "negative_prob": 0.215716, "sentiment": 2}]}, {"text": "后会有期[米奇比心]摄影：气泡玛奇朵设备：华为nova3vsco调色：N1+12，曝光+2，饱和-0.5，色温+2，肤色-5#拍不完的冬天##瞬间由你#​", "author": "手机摄影", "time": "手机摄影02月21日16:09 来自微博weibo.com", "transmit": 23, "comment": 13, "zan": 98, "sentiment": [{"positive_prob": 0.910347, "confidence": 0.800771, "negative_prob": 0.0896528, "sentiment": 2}]}, {"text": "【CNN民意调查：61%美国民众认为打压华为是政治原因】美国CNN发起民意调查投票：你认为美国打压华为背后的原因是啥？其QuestMeansBusiness节目播出调查结果：61%美国民众认为美国打压华为是政治原因。仅24%民众认为是出于安全考虑，13%民众认为是商业原因。L新浪科技的微博视频​", "author": "经济观察报", "time": "经济观察报02月21日15:30 来自微博weibo.com", "transmit": 20, "comment": 6, "zan": 30, "sentiment": [{"positive_prob": 0.585589, "confidence": 0.0790872, "negative_prob": 0.414411, "sentiment": 2}]}]