[{"text": "【投票】26日华为在深圳发布首款5G手机华为Mate20X，其中8GB+256GB版本售价6199元，8月16日正式开售，你会买吗？你会购买首款5G手机吗？​", "author": "深圳同城", "time": "深圳同城07月29日11:10 来自微博weibo.com", "transmit": 277, "comment": 540, "zan": 31001, "sentiment": [{"positive_prob": 0.124342, "confidence": 0.723685, "negative_prob": 0.875658, "sentiment": 0}]}, {"text": "全球首个获得GCF5G能力认证的智能手机，现在大家可以在华为商城和各大电商渠道预定华为Mate20X（5G）版了。O网页链接​", "author": "余承东", "time": "余承东07月29日17:32 来自HUAWEIMate20X5G", "transmit": 95, "comment": 612, "zan": 3087, "sentiment": [{"positive_prob": 0.857101, "confidence": 0.682447, "negative_prob": 0.142899, "sentiment": 2}]}, {"text": "#荣耀智慧屏#将首发华为自研鸿鹄818智慧芯片，那么问题来了，你了解你家电视的芯片吗？你了解你家电视芯片吗？​", "author": "花粉俱乐部", "time": "花粉俱乐部07月29日12:32", "transmit": 35, "comment": 62, "zan": 4189, "sentiment": [{"positive_prob": 0.550451, "confidence": 0.00100242, "negative_prob": 0.449549, "sentiment": 2}]}, {"text": "【6199元！#5G手机价格低于预期#你会买吗？】7月26日，华为首款5G手机Mate20X5G版在深圳坂田基地发布。据介绍，Mate20X5G版定价6199元，较中兴天机Axon10Pro略贵，但仍低于预期。IDC中国研究经理王希告诉记者，“目前5G手机的定价较之前预期稍低一些，不过近一两月我们也了解到今年5G手机平均就在5000多元。”5G手机价格低于预期，你会买吗？", "author": "黑猫投诉", "time": "黑猫投诉07月29日11:40 来自微博weibo.com", "transmit": 8, "comment": 84, "zan": 4499, "sentiment": [{"positive_prob": 0.107048, "confidence": 0.762115, "negative_prob": 0.892952, "sentiment": 0}]}, {"text": "OPPO副总裁沈义人晒出「瀑布屏」样机，曲面屏，之所以称为瀑布，是因为两侧屏幕弯曲达到将近90°，近乎笔直但同时又保持了弧度，手感也会更好一些～（误触和不抗摔就得观望了）据说华为Mate30Pro也是类似的屏幕，大家觉得怎么样？​", "author": "小白测评", "time": "小白测评07月29日10:11", "transmit": 30, "comment": 449, "zan": 1504, "sentiment": [{"positive_prob": 0.775667, "confidence": 0.501483, "negative_prob": 0.224333, "sentiment": 2}]}, {"text": "大盘试了2935边，目前略有抵抗，业绩预增品种和半导体、华为、养殖等涨幅领先。​", "author": "wu2198", "time": "wu219807月29日11:15 来自微博weibo.com", "transmit": 6, "comment": 67, "zan": 5421, "sentiment": [{"positive_prob": 0.89769, "confidence": 0.772645, "negative_prob": 0.102309, "sentiment": 2}]}, {"text": "本周关注，科技股（5G，华为），知识产权，军工，回避雷股和高位风险股，科创板不点评。​", "author": "天津股侠", "time": "天津股侠07月29日09:09 来自微博weibo.com", "transmit": 38, "comment": 145, "zan": 2359, "sentiment": [{"positive_prob": 0.0441367, "confidence": 0.901919, "negative_prob": 0.955863, "sentiment": 0}]}, {"text": "5G千兆宽带，插卡即刻开通，5G全网通智能路由器#华为5GCPEPro#强势引领5G新时代～7月29日线上开售！L华为终端官方微博的微博视频​", "author": "华为终端官方微博", "time": "华为终端官方微博07月29日22:03 来自微博视频", "transmit": 114, "comment": 170, "zan": 1021, "sentiment": [{"positive_prob": 0.717968, "confidence": 0.373262, "negative_prob": 0.282032, "sentiment": 2}]}, {"text": "#华为半年业绩#明天就要官宣啦！虽然小编已经有点急不可待，但华为的财务部门却非常淡定，因为半年业绩数据早就准备好了！他们3天就可以出月度财务报告初稿、11天出年度财务报告初稿，效率高得令人颤抖，是什么秘密武器，让报告的出具如此高效？L华为中国的微博视频​", "author": "华为中国", "time": "华为中国07月29日21:00 来自微博weibo.com", "transmit": 55, "comment": 73, "zan": 615, "sentiment": [{"positive_prob": 0.854113, "confidence": 0.675807, "negative_prob": 0.145887, "sentiment": 2}]}, {"text": "【郑春荣：德国不想放弃华为5G，打了个政治正确的“擦边球”】在华为问题上，美国给德国施加了很大的压力，甚至美国驻德国大使还写过威胁信。但德国挺住了，没有跟着美国的步调走。如果排除华为参与德国的5G网络建设工程，对德国而言成本会非常高，也会使德国在5G建设上落后很多年。最后，德国选择了一个政治正确的“擦边球”：他们一直强调，不能针对特定海外公司进行封杀，但他们提出，参与德国5G建设的企业，要达到一定的国家安全标准，让华为给他们一定的承诺，这样德国也算是给了美国人一个交代。O郑春荣：德国不想放弃华为5G，打了个政治正确的“擦边球”", "author": "观察者网", "time": "观察者网07月29日10:10 来自微博weibo.com", "transmit": 48, "comment": 119, "zan": 1682, "sentiment": [{"positive_prob": 0.968139, "confidence": 0.929199, "negative_prob": 0.0318606, "sentiment": 2}]}, {"text": "最近都在聊科技股作为新核心资产后，走成趋势，呼应科创板的高举高打。逻辑上这都是通的，但任何一个趋势，都要有核心票。比如消费的核心就是茅台。科技股的核心，我觉得应该有三类。第一类是含科量+业绩+行业地位都OK的风口票，这个代表便是中兴，因为华为没上市，只能是中兴。5G绝对风口，业绩今年快速放大，技术含量也很高。喷子死远点，芯片不行不是5G不行。第二类是占据了行业龙头地位，在不断爆兵出来的反转票。比如即将迎来智能电视为代表的智慧屏时代的京东方。第三类是身处下游，但是开始放业绩的票。含科量虽然低一些，但实实在在放业绩。比如今年的ETC，和ETC之后正在走的低端芯片爆量+芯片国产化而导致的封测业绩反转。这三类票没走出来，尤其是中兴40块、京东方5块都没过，那就别聊什么核心资产科技股长牛趋势，就还是趁着科创板溢价炒烂。（小白请勿看到码就冲，我只是就事论事。以上两票我都持有，一个月内不准备卖出）", "author": "唐史主任司马迁", "time": "唐史主任司马迁07月29日09:52 来自360安全浏览器", "transmit": 258, "comment": 147, "zan": 1363, "sentiment": [{"positive_prob": 0.159814, "confidence": 0.644859, "negative_prob": 0.840186, "sentiment": 0}]}, {"text": "【6199元！#5G手机价格低于预期#你会买吗？】7月26日，华为首款5G手机Mate20X5G版在深圳坂田基地发布。据介绍，Mate20X5G版定价6199元，较中兴天机Axon10Pro略贵，但仍低于预期。IDC中国研究经理王希告诉记者，“目前5G手机的定价较之前预期稍低一些，不过近一两月我们也了解到今年5G手机平均就在5000多元。”O华为首款5G手机官宣：华为共有4款5G手机获得3C认证", "author": "新浪财经", "time": "新浪财经07月29日10:13 来自微博weibo.com", "transmit": 25, "comment": 213, "zan": 486, "sentiment": [{"positive_prob": 0.357392, "confidence": 0.205796, "negative_prob": 0.642608, "sentiment": 0}]}, {"text": "7.29周一复盘今日成交量继续萎缩。题材方面，金刚石概念突然爆发，科创板很耀眼。华为、养鸡概念表现强势，OLED、影视、核电、人造肉盘中均有异动。但依然是一个令人昏昏欲睡的行情。指数具体到全天:两市早盘小幅低开，随后在横盘位置反复震荡，尾盘稍有拉升；金刚线、养鸡、铜箔、华为产业链涨幅居前，复牌股、上海自贸港、PVC等板块领跌。盘中军工股、有色钴、影视股等异动；两市全天成交萎靡，科创板强势多股涨逾10%。收盘沪指跌0.12%，深成指涨0.06%，创业板涨0.3%题材方面一、金刚线据行业媒体报道，某金刚线龙头企业生产厂房发生大火，该企业的金刚线产量一家独大，或造成金刚线供应紧张，从而导致价格上涨。盘面上来看包括科创板沃尔德在内以及岱勒新材、东尼电子易成新能纷纷大涨。盘后该公司发布澄清公告，不停产也不存在产能大幅下降。二、核电受消息影响今日台海核电早盘走强，科华恒盛尾盘一度冲高。没有成交量就先耐心观望~多看少动。看电影吧。#财经V峰会##超级红人节#", "author": "散户小韭菜", "time": "散户小韭菜07月29日22:23", "transmit": 162, "comment": 116, "zan": 458, "sentiment": [{"positive_prob": 0.146068, "confidence": 0.675405, "negative_prob": 0.853932, "sentiment": 0}]}, {"text": "这几年荣耀一直都在做去华为化的工作，那么：在你的下意识里，华为和荣耀：​", "author": "搞机圈的那些事", "time": "搞机圈的那些事07月29日22:03 来自真香警告", "transmit": 112, "comment": 174, "zan": 2776, "sentiment": [{"positive_prob": 0.768382, "confidence": 0.485292, "negative_prob": 0.231618, "sentiment": 2}]}, {"text": "西湖波光，潋滟千年。山灵水秀的杭州不仅是一座自然与人文底蕴浓厚的城市，还是一个新兴科技之城哦。2019年4月正式启用的华为全球培训中心，就坐落在杭州市区的钱塘江畔，毗邻钱塘江边最美的“樱花跑道”，与西湖及龙井风景区隔江相望，一起来培训中心里走走吧！L华为中国的秒拍视频​", "author": "华为中国", "time": "华为中国07月29日08:00 来自微博weibo.com", "transmit": 40, "comment": 35, "zan": 422, "sentiment": [{"positive_prob": 0.979628, "confidence": 0.954729, "negative_prob": 0.020372, "sentiment": 2}]}, {"text": "网友@赖伦浩投稿，华为专卖店门口停了一辆大本，最重要的是那车的配色，和华为P30pro对比一下，配色绝了。​", "author": "科技Yu", "time": "科技Yu07月29日16:05", "transmit": 12, "comment": 81, "zan": 287, "sentiment": [{"positive_prob": 0.82129, "confidence": 0.602867, "negative_prob": 0.17871, "sentiment": 2}]}, {"text": "iFixit团队对华为Mate20X(5G)进行了拆解。其中图7中的红框内芯片，可能就是5G专用的巴龙5000；而黄框内的则是麒麟980芯片。巴龙5000可能需要3GB的内存缓冲5G的大量数据。​", "author": "钟文泽", "time": "钟文泽07月29日16:41 来自微博weibo.com", "transmit": 17, "comment": 128, "zan": 684, "sentiment": [{"positive_prob": 0.786875, "confidence": 0.526388, "negative_prob": 0.213125, "sentiment": 2}]}, {"text": "华为线还是比较凶直播时说过不过…………………我自己没重视所以这个图是马后炮​", "author": "狂龙十八段", "time": "狂龙十八段07月29日14:40 来自HUAWEIP30Pro", "transmit": 4, "comment": 59, "zan": 686, "sentiment": [{"positive_prob": 0.0740955, "confidence": 0.835343, "negative_prob": 0.925904, "sentiment": 0}]}, {"text": "上半年华为增长将超过30%，打压基本没有效果，下半年我相信还会更好，很可能会增长幅度更大。机遇来了，挡也挡不住，美国总统带着美国政府为其做广告，告诉大家，华为的技术实力最强，全世界哪个企业享受过这种待遇。华为上半年财报将出，我们期待着。​", "author": "飞象网项立刚", "time": "飞象网项立刚07月29日06:38 来自HUAWEIMate20X5G", "transmit": 61, "comment": 90, "zan": 367, "sentiment": [{"positive_prob": 0.961911, "confidence": 0.915359, "negative_prob": 0.0380886, "sentiment": 2}]}, {"text": "#蒋丰俯视历史碎片#（5）不久前，我应邀到华为参观，接待人员送给了我一本田涛、吴春波著的《下一个倒下的会不会是华为——故事、哲学与华为的兴衰逻辑》（2017年9月第4版，中信出版集团股份有限公司），并说“这是任总最喜欢、最认可的一本书籍。”回来后，我反复阅读，发现了任正非几段精彩的“屁股论”：一段是这样讲的：“我们上下弥漫着一种风气，崇尚领导比崇尚客户更厉害，管理的团队权力太大了，从上到下，关注领导已超过关注客户；向上级领导汇报的胶片如此多姿多彩，领导一出差，安排如此细致、如此费心，他们还有多少心思用字客户上？”任正非曾经直截了当地下命令：“你们要脑袋对着客户，屁股对着领导，不要为了迎接领导，像疯子一样，从上到下忙着做胶片……不要以为领导喜欢你就升官了，这样下去，我们的战斗力会削弱的。”在2010年的一次会议上，任正非进一步指出，“在华为，坚决提拔那些眼睛盯着客户，屁股对着老板的员工；坚决淘汰拿下眼睛盯着老板，屁股对着客户的干部。”任正非的屁股论，也许就是华为成功的内在原因之一呢。正因为这样，我们不妨都检查一下自己的屁股！", "author": "蒋丰", "time": "蒋丰07月29日07:10 来自微博weibo.com", "transmit": 139, "comment": 122, "zan": 165, "sentiment": [{"positive_prob": 0.172544, "confidence": 0.616569, "negative_prob": 0.827456, "sentiment": 0}]}, {"text": "发布了头条文章：《人气所在》#财经V峰会#财经每日必读周一科创板+金刚线+养殖+华为5G芯片等科技股概念最强，主板缩量下跌（预设明天继续盘整，注意观察成交量能否有效放大）强势股接力的亏钱效应明显，明日观察宇环数控，贤丰控股等作为非科创板情绪标杆观察，明日预设早盘是情绪冰点，关注盘中逆市走强的人气标的，买在分歧日，低吸富一生。科创板再次证明是人气所在，明日继续关注沃尔德（第一个涨停板），交控科技，瀚川智能，福光股份（板块活跃品种），短期继续专注科创板的操作机会，赚钱效应和流通性溢价依旧是活跃资金最好的博弈和投机场所。O人气所在", "author": "lesliesay", "time": "lesliesay07月29日17:01 来自微博weibo.com", "transmit": 342, "comment": 150, "zan": 474, "sentiment": [{"positive_prob": 0.98615, "confidence": 0.969222, "negative_prob": 0.0138501, "sentiment": 2}]}, {"text": "华为首个鲲鹏生态基地及超算中心落户厦门：引入国产操作系统！28日下午，厦门市与华为公司签订合作协议，华为首个鲲鹏生态基地及超算中心正式落户厦门。据了解，鲲鹏生态基地项目是华为安全可靠的软硬件开发平台，以共同打造鲲鹏产业生态为目标，吸引生态合作伙伴入驻，合作开发鲲鹏系列生态产品。超算中心依托华为自主研发的产品和服务能力，采用以华为鲲鹏CPU为核心的泰山服务器，同时引入国产操作系统、数据库系统等，为政府、国有大中型企业等核心领域和厦门重点产业提供端到端的计算能力。超算中心项目预计总规模达15亿元左右。", "author": "HW前HR", "time": "HW前HR07月29日21:09 来自HUAWEIP30Pro", "transmit": 41, "comment": 108, "zan": 389, "sentiment": [{"positive_prob": 0.978094, "confidence": 0.951321, "negative_prob": 0.0219058, "sentiment": 2}]}, {"text": "对比华为4款麒麟810机型性能有了性价比也有当然槽点也有你觉得哪款更香？​", "author": "小白测评", "time": "小白测评07月29日12:17 来自微博weibo.com", "transmit": 11, "comment": 415, "zan": 1379, "sentiment": [{"positive_prob": 0.819651, "confidence": 0.599224, "negative_prob": 0.180349, "sentiment": 2}]}, {"text": "任正非称，美国众议院已经通过决议，五年之内在不撤销华为实体清单。这就是要彻底的地封杀阻击华为。不过五年后，美国人肯定会后悔，不信走着瞧！​", "author": "C科技", "time": "C科技07月29日22:39", "transmit": 21, "comment": 122, "zan": 496, "sentiment": [{"positive_prob": 0.146588, "confidence": 0.674249, "negative_prob": 0.853412, "sentiment": 0}]}, {"text": "通富微电这个月我们做了两次第一次赚了4%第二亏10%，第二次是被中期业绩预告太差吓跑的，这票确实第一季度和中期预告公司业绩差，不过它的概念好，利空出尽之后沾了华为概念的光。我们这个月赚钱的票主要是半导体，回看了一下沃这个月发的微博80%主要讲的是半道体。今天目前半导体、华为概念最为靠前。", "author": "沃实", "time": "沃实07月29日10:06", "transmit": 40, "comment": 23, "zan": 236, "sentiment": [{"positive_prob": 0.0589668, "confidence": 0.868963, "negative_prob": 0.941033, "sentiment": 0}]}, {"text": "华为、OPPO、vivo貌似都要做瀑布屏手机了，大家觉得哪家会首发？​", "author": "搞机少女", "time": "搞机少女07月29日17:56", "transmit": 8, "comment": 199, "zan": 613, "sentiment": [{"positive_prob": 0.643328, "confidence": 0.207395, "negative_prob": 0.356672, "sentiment": 2}]}, {"text": "在《财富》最新世界500强排行榜中，228家世界500强、58家世界100强企业选择华为作为数字化转型的合作伙伴。#选择华为云更可靠#，请为创新与奋斗#点赞，我的朋友#，华为将继续坚持\"平台+AI+生态战略\"，与合作伙伴一起为客户提供无处不在的联接，#选择不凡#​", "author": "华为中国", "time": "华为中国07月29日19:46 来自微博weibo.com", "transmit": 22, "comment": 42, "zan": 391, "sentiment": [{"positive_prob": 0.97095, "confidence": 0.935443, "negative_prob": 0.0290504, "sentiment": 2}]}, {"text": "华为公司正式启动自主研发的超高性能CPU替代美国英特尔CPU的工作，在厦门建立大规模超级计算中心！国产超高性能CPU的崛起，中科院和军队科研机构都肩负不起这个历史重任，还得靠华为公司，牛比了！​", "author": "信通小熊猫", "time": "信通小熊猫07月29日19:06 来自微博HTML5版", "transmit": 23, "comment": 71, "zan": 182, "sentiment": [{"positive_prob": 0.990701, "confidence": 0.979335, "negative_prob": 0.00929913, "sentiment": 2}]}, {"text": "华为MATE30PRO分辨率曝光只有1080P，部分外媒已经开始吐嘈：这是严重倒退。​", "author": "科技Yu", "time": "科技Yu07月29日07:16", "transmit": 8, "comment": 193, "zan": 363, "sentiment": [{"positive_prob": 0.0586047, "confidence": 0.869767, "negative_prob": 0.941395, "sentiment": 0}]}, {"text": "【5000元以下最强拍照手机】荣耀赵明在9X发布会上说“DXO全球第二高分荣耀20PRO是5000元以下最强拍照手机”引起不小的波澜，5000元以上有P30pro霸榜DXO毋庸置疑，可以说华为+荣耀发力拍照，已经建立起自己的拍照护城河，其他厂商想要追赶华为，先要赢过荣耀再说。荣耀20PRO的拍照实力在5000以下真无敌手，同意吗？", "author": "C科技", "time": "C科技07月29日19:48", "transmit": 285, "comment": 228, "zan": 646, "sentiment": [{"positive_prob": 0.740285, "confidence": 0.422855, "negative_prob": 0.259715, "sentiment": 2}]}]