[{"text": "【“美国不打压华为我们还不知道中国已经超越了你们”】在6月26日播出的《新闻联播》中，塞尔维亚社会党副主席、议会外事委员会主席奥布拉多维奇接受记者采访时表示：“美国那边问我，你们还与华为合作吗？我说，当然，为什么不呢？他们说，你们不担心信息被中国控制？我说，不担心。我说，我们其实原来不知道中国的5G技术是最先进的，直到你们宣布5G竞赛美国必赢，我们才明白中国已经超越了你们的技术水平，对华为的禁令表明你们害怕中国的科技。”（《环球时报》三缺二视频组）@这视频L这视频的秒拍视频", "author": "环球时报", "time": "环球时报06月28日22:28", "transmit": 1625, "comment": 1089, "zan": 34270, "sentiment": [{"positive_prob": 0.839486, "confidence": 0.643303, "negative_prob": 0.160514, "sentiment": 2}]}, {"text": "想说的话都在这个视频里了，感谢花粉们一直以来对华为的支持！面向未来，我们会更加强大！L余承东的秒拍视频​", "author": "余承东", "time": "余承东06月28日13:27 来自HUAWEIP30Pro", "transmit": 759, "comment": 2496, "zan": 23332, "sentiment": [{"positive_prob": 0.97424, "confidence": 0.942755, "negative_prob": 0.0257604, "sentiment": 2}]}, {"text": "【“美国不打压华为我们还不知道中国已经超越了你们”】在6月26日播出的《新闻联播》中，塞尔维亚社会党副主席、议会外事委员会主席奥布拉多维奇接受记者采访时表示：“美国那边问我，你们还与华为合作吗？我说，当然，为什么不呢？他们说，你们不担心信息被中国控制？我说，不担心。我说，我们其实原来不知道中国的5G技术是最先进的，直到你们宣布5G竞赛美国必赢，我们才明白中国已经超越了你们的技术水平，对华为的禁令表明你们害怕中国的科技。”（这视频）L这视频的秒拍视频", "author": "环球网", "time": "环球网06月28日23:12", "transmit": 552, "comment": 289, "zan": 4218, "sentiment": [{"positive_prob": 0.889119, "confidence": 0.753598, "negative_prob": 0.110881, "sentiment": 2}]}, {"text": "【任正非：#华为将从全世界招天才少年#，3至5年全部“换枪换炮”】6月27日华为内部心声社区发表华为创始人任正非讲话。任正非称：“今年我们将从全世界招进20-30名天才少年，明年我们还想从世界范围招进200-300名。华为未来3-5年全部“换枪换炮”，一定要打赢这场“战争”。@老板联播L老板联播的秒拍视频", "author": "新浪财经", "time": "新浪财经06月28日13:09 来自微博weibo.com", "transmit": 239, "comment": 477, "zan": 3539, "sentiment": [{"positive_prob": 0.602743, "confidence": 0.117206, "negative_prob": 0.397257, "sentiment": 2}]}, {"text": "【任正非：#华为将从全球招天才少年#，未来要自己创造标准】27日，华为内部社区挂出华为创始人、CEO任正非6月20日在公司EMT（经营管理团队）内部的讲话。任正非称：“今年我们将从全世界招进20-30名天才少年，明年我们还想从世界范围招进200-300名。这些天才少年就像‘泥鳅’一样，钻活我们的组织，激活我们的队伍。”任正非还表示，华为公司未来要拖着这个世界往前走，自己创造标准，“只要能做成世界最先进，那我们就是标准，别人都会向我们靠拢。”@澎湃新闻#华为将从全世界招天才少年#", "author": "头条新闻", "time": "头条新闻06月28日07:53 来自微博weibo.com", "transmit": 298, "comment": 347, "zan": 2751, "sentiment": [{"positive_prob": 0.973107, "confidence": 0.940239, "negative_prob": 0.0268926, "sentiment": 2}]}, {"text": "【“美国不打压华为我们还不知道中国已经超越了你们”】在6月26日播出的《新闻联播》中，塞尔维亚社会党副主席、议会外事委员会主席奥布拉多维奇接受记者采访时表示：“美国那边问我，你们还与华为合作吗？我说，当然，为什么不呢？他们说，你们不担心信息被中国控制？我说，不担心。我说，我们其实原来不知道中国的5G技术是最先进的，直到你们宣布5G竞赛美国必赢，我们才明白中国已经超越了你们的技术水平，对华为的禁令表明你们害怕中国的科技。”（这视频）L这视频的秒拍视频", "author": "新浪科技", "time": "新浪科技06月28日23:27 来自微博weibo.com", "transmit": 314, "comment": 493, "zan": 5460, "sentiment": [{"positive_prob": 0.889119, "confidence": 0.753598, "negative_prob": 0.110881, "sentiment": 2}]}, {"text": "【#5G无人矿山远程挖机#：华为“秀“5G远程操作】2019MWC上海世界移动大会近日开幕，备受瞩目的华为展示了其智能芯片、5G手机等智能终端以及与汽车有关的技术。华为在展台还特设了5G远程操控的展示，由现场工作人员实时操作远在河南的挖掘机，吸引了许多参观者驻足。L中新视频的秒拍视频​", "author": "新浪财经", "time": "新浪财经06月28日09:17 来自微博weibo.com", "transmit": 203, "comment": 243, "zan": 1428, "sentiment": [{"positive_prob": 0.971863, "confidence": 0.937474, "negative_prob": 0.0281366, "sentiment": 2}]}, {"text": "来听听任总的人才观吧！真的厉害👍……任正非：#华为将从全世界招天才少年#，未来要自己创造标准L老蒋政治-蒋中挺的微博视频​", "author": "老蒋政治-蒋中挺", "time": "老蒋政治-蒋中挺06月28日11:11", "transmit": 2231, "comment": 578, "zan": 10079, "sentiment": [{"positive_prob": 0.682501, "confidence": 0.294446, "negative_prob": 0.317499, "sentiment": 2}]}, {"text": "【投票：#华为将从全世界招天才少年#，你怎么看？】6月27日，华为内部的心声社区挂出华为创始人、CEO任正非6月20日在公司EMT（经营管理团队）内部的讲话。任正非称：“今年我们将从全世界招进20-30名天才少年，明年我们还想从世界范围招进200-300名。这些天才少年就像‘泥鳅’一样，钻活我们的组织，激活我们的队伍。”华为将从全世界招天才少年，你怎么看？#华为将从全世界招天才少年#，你怎么看？", "author": "每日经济新闻", "time": "每日经济新闻06月28日12:54 来自微博weibo.com", "transmit": 27, "comment": 34, "zan": 3393, "sentiment": [{"positive_prob": 0.427962, "confidence": 0.0489724, "negative_prob": 0.572038, "sentiment": 0}]}, {"text": "【任正非：#华为调整到冲锋状态#，今年招20-30名天才少年】#华为全世界招天才少年#任正非在华为内部中称：“今年我们将从全世界招进20-30名天才少年，明年我们还想从世界范围招进200-300名。这些天才少年就像‘泥鳅’一样，钻活我们的组织，激活我们的队伍。”任正非表示，未来3-5年，相信公司会焕然一新，全部“换枪换炮”，一定要打赢这场“战争”。此外，任正非表示公司每个体系都要调整到冲锋状态，不要有条条框框，发挥所有人的聪明才智，英勇作战，努力向前冲。华为公司未来要拖着这个世界往前走，自己创造标准，只要能做成世界最先进，那我们就是标准，别人都会向我们靠拢。给你个机会，你会去哪里上班？", "author": "凤凰网科技", "time": "凤凰网科技06月28日08:21 来自微博weibo.com", "transmit": 68, "comment": 196, "zan": 18328, "sentiment": [{"positive_prob": 0.963807, "confidence": 0.919572, "negative_prob": 0.0361928, "sentiment": 2}]}, {"text": "假如你的#华为nova5#Pro变成这样的#nova星人#，你更愿意pick哪一位呢？​", "author": "华为终端官方微博", "time": "华为终端官方微博06月28日18:31 来自微博weibo.com", "transmit": 2776, "comment": 4420, "zan": 68551, "sentiment": [{"positive_prob": 0.432144, "confidence": 0.0396808, "negative_prob": 0.567856, "sentiment": 0}]}, {"text": "【“美国不打压华为我们还不知道中国已经超越了你们”】塞尔维亚社会党副主席、议会外事委员会主席奥布拉多维奇接受记者采访时表示：“美国那边问我，你们还与华为合作吗？我说，当然，为什么不呢？他们说，你们不担心信息被中国控制？我说，不担心。我说，我们其实原来不知道中国的5G技术是最先进的，直到你们宣布5G竞赛美国必赢，我们才明白中国已经超越了你们的技术水平。”（《环球时报》三缺二视频组）@这视频L这视频的秒拍视频", "author": "观察者网", "time": "观察者网06月28日23:59 来自微博weibo.com", "transmit": 892, "comment": 520, "zan": 10265, "sentiment": [{"positive_prob": 0.767125, "confidence": 0.482501, "negative_prob": 0.232874, "sentiment": 2}]}, {"text": "【任正非：#华为将从全世界招天才少年#】下面介绍4个可能影响世界的天才少年，发明了些不得了的东西哈哈哈，会不会被华为招进去了L拓拉思的微博视频​", "author": "掌上镇江", "time": "掌上镇江06月28日10:58 来自微博weibo.com", "transmit": 1021, "comment": 418, "zan": 6433, "sentiment": [{"positive_prob": 0.794173, "confidence": 0.542607, "negative_prob": 0.205827, "sentiment": 2}]}, {"text": "【习近平会见南非总统拉马福萨】国家主席习近平28日在大阪会见南非总统拉马福萨。习近平强调，中方愿不断深化中南政治互信和务实合作。中方愿同南方分享在消除贫困等方面的经验，为南方实现发展目标提供支持。拉马福萨表示，南方欢迎并支持华为等中国企业在南投资经营，愿同中方密切在二十国集团、金砖国家等多边框架内的沟通协调。L央视新闻的秒拍视频", "author": "央视新闻", "time": "央视新闻06月28日15:13 来自微博weibo.com", "transmit": 100, "comment": 60, "zan": 951, "sentiment": [{"positive_prob": 0.959794, "confidence": 0.910653, "negative_prob": 0.040206, "sentiment": 2}]}, {"text": "#华为nova5#Pro和nova5i今日正式开售，让你爱上自拍的手机，喜欢的点个赞！​", "author": "华为终端官方微博", "time": "华为终端官方微博06月28日10:00 来自nova5Pro人像超级夜景", "transmit": 1611, "comment": 1920, "zan": 28401, "sentiment": [{"positive_prob": 0.99518, "confidence": 0.989288, "negative_prob": 0.00482037, "sentiment": 2}]}, {"text": "【任正非：#华为将从全球招天才少年#，未来要自己创造标准】27日，华为内部社区挂出华为创始人、CEO任正非6月20日在公司EMT（经营管理团队）内部的讲话。任正非称：“今年我们将从全世界招进20-30名天才少年，明年我们还想从世界范围招进200-300名。这些天才少年就像‘泥鳅’一样，钻活我们的组织，激活我们的队伍。”任正非还表示，华为公司未来要拖着这个世界往前走，自己创造标准，“只要能做成世界最先进，那我们就是标准，别人都会向我们靠拢。”@澎湃新闻", "author": "Vista看天下", "time": "Vista看天下06月28日08:28 来自iPhone客户端", "transmit": 48, "comment": 107, "zan": 850, "sentiment": [{"positive_prob": 0.981481, "confidence": 0.958847, "negative_prob": 0.0185189, "sentiment": 2}]}, {"text": "#5G无人矿山远程挖机#华为展厅的5G无人矿山的远程挖机，司机师傅将来在空调房里操作，不再遭罪了#中国故事#L奥卡姆剃刀的微博视频​", "author": "中国大学生在线", "time": "中国大学生在线06月28日17:00 来自周五小中妹Android", "transmit": 270, "comment": 178, "zan": 2965, "sentiment": [{"positive_prob": 0.270153, "confidence": 0.39966, "negative_prob": 0.729847, "sentiment": 0}]}, {"text": "【任正非：#华为将从全世界招天才少年#，未来要自己创造标准】昨日，华为内部的心声社区挂出华为创始人、CEO任正非6月20日在公司EMT《20分钟》的讲话。任正非称：“今年我们将从全世界招进20-30名天才少年，明年我们还想从世界范围招进200-300名。这些天才少年就像‘泥鳅’一样，钻活我们的组织，激活我们的队伍。”任正非表示，未来3-5年，相信公司会焕然一新，全部“换枪换炮”，一定要打赢这场“战争”。@澎湃新闻O任正非：华为将从世界范围招揽天才少年，未来要自己创造标准", "author": "财经网", "time": "财经网06月28日14:36 来自360安全浏览器", "transmit": 40, "comment": 35, "zan": 218, "sentiment": [{"positive_prob": 0.957925, "confidence": 0.9065, "negative_prob": 0.042075, "sentiment": 2}]}, {"text": "#华为将从全世界招天才少年#【TED演讲|智商超过爱因斯坦，这个天才男孩儿却差点被埋没】JacobBarnett8岁自学大学课程，10岁被知名大学录取，15岁时进入世界顶尖物理研究所攻读量子物理硕士学位，而他2岁时却曾被诊断为智力有缺陷。做这个演讲时Jacob仅13岁，已是国际物理学家。​LTED君学演讲的秒拍视频", "author": "工业科技迷", "time": "工业科技迷06月28日11:50 来自微博云剪", "transmit": 403, "comment": 119, "zan": 805, "sentiment": [{"positive_prob": 0.59839, "confidence": 0.107534, "negative_prob": 0.40161, "sentiment": 2}]}, {"text": "浙江省天台山国清寺是全国闻名的旅游景区。这座始于隋代的古刹依山而建，每年都会吸引大量的国内外游客。我把手机对准一个门洞下方，让自然光线、石板古迹和外地游客互相产生关联，拍摄到了一组有趣的画面#华为新影像打卡诗画浙江#@诗画浙江文旅资讯@浙样红TV​", "author": "Thomas看看世界", "time": "Thomas看看世界06月28日08:08 来自微博weibo.com", "transmit": 12, "comment": 56, "zan": 301, "sentiment": [{"positive_prob": 0.947081, "confidence": 0.882403, "negative_prob": 0.0529187, "sentiment": 2}]}, {"text": "【#Real5G#现场实测华为5G基站：体积小网速快辐射比家用电器还要低】华为5G到底有多厉害，观察者网的小编来到华为位于上海金桥外场的5G基站进行实地体验，除了高速稳定的网络，小巧易安装的体积，华为更是把5G基站的辐射做的比家用电器还要低。有了这么多黑科技，才成就今天#打不垮的华为#。#ThisisHuawei，Real5G#L微丢的秒拍视频@微丢", "author": "观察者网", "time": "观察者网06月28日19:35 来自微博weibo.com", "transmit": 129, "comment": 142, "zan": 833, "sentiment": [{"positive_prob": 0.80429, "confidence": 0.565089, "negative_prob": 0.19571, "sentiment": 2}]}, {"text": "【任正非：#华为将从全世界招天才少年#，3至5年全部“换枪换炮”】6月27日华为内部心声社区发表华为创始人任正非讲话。任正非称：“今年我们将从全世界招进20-30名天才少年，明年我们还想从世界范围招进200-300名。华为未来3-5年全部“换枪换炮”，一定要打赢这场“战争”。@老板联播L老板联播的秒拍视频", "author": "梨视频", "time": "梨视频06月28日11:49 来自微博weibo.com", "transmit": 39, "comment": 69, "zan": 420, "sentiment": [{"positive_prob": 0.602743, "confidence": 0.117206, "negative_prob": 0.397257, "sentiment": 2}]}, {"text": "【任正非：#华为将从全世界招天才少年#，未来要自己创造标准】6月27日，华为内部的心声社区挂出华为创始人任正非在公司EMT（经营管理团队）内部的讲话。任正非称：“今年我们将从全世界招进20-30名天才少年，明年我们还想从世界范围招进200-300名。这些天才少年就像‘泥鳅’一样，钻活我们的组织，激活我们的队伍。”任正非还表示，“只要能做成世界最先进，那我们就是标准，别人都会向我们靠拢。”@澎湃新闻", "author": "观察者网", "time": "观察者网06月28日07:47", "transmit": 109, "comment": 151, "zan": 1658, "sentiment": [{"positive_prob": 0.969377, "confidence": 0.931948, "negative_prob": 0.0306234, "sentiment": 2}]}, {"text": "#华为全球招天才少年#【华为招人！今年从全球招20-30名天才少年，明年200-300名】华为6月27日发布全员邮件，披露了任正非在EMT《20分钟》的讲话，任正非说，“今年我们将从全世界招20-30名天才少年，明年我们还想从世界范围招进200-300名。这些天才少年就像‘泥鳅’一样，钻活我们的组织，激活我们的队伍。”O华为招人！今年从全球招20-30名天才少年，明年200-300名", "author": "每日经济新闻", "time": "每日经济新闻06月28日08:29 来自微博weibo.com", "transmit": 24, "comment": 56, "zan": 177, "sentiment": [{"positive_prob": 0.971324, "confidence": 0.936276, "negative_prob": 0.0286759, "sentiment": 2}]}, {"text": "网友：都说苹果手机很耐用，2年前的iPhoneX，相当于目前哪款华为手机？​", "author": "科技Yu", "time": "科技Yu06月28日12:59", "transmit": 32, "comment": 895, "zan": 1765, "sentiment": [{"positive_prob": 0.85631, "confidence": 0.680689, "negative_prob": 0.14369, "sentiment": 2}]}, {"text": "转型罡风锐不可当，换个方向豁然开朗。#转型不畏之2019最新数字化转型故事#从西欧到南非，从希腊到埃及，华为携手全球客户及合作伙伴，引领数字化转型。你的不畏，成就时代的不畏！​", "author": "凤凰网", "time": "凤凰网06月28日14:26 来自微博weibo.com", "transmit": 11, "comment": 7, "zan": 72, "sentiment": [{"positive_prob": 0.891537, "confidence": 0.758971, "negative_prob": 0.108463, "sentiment": 2}]}, {"text": "【特朗普给华为做的“代言”，将华为至少提前十年推到了全球顶级科技公司行列！所以，任正非老爷子现在到处跟媒体说感谢特朗普，那话一听就是发自肺腑啊！】【“美国不打压华为我们还不知道中国已经超越了你们”】在6月26日播出的《新闻联播》中，塞尔维亚社会党副主席、议会外事委员会主席奥布拉多维奇接受记者采访时表示：“美国那边问我，你们还与华为合作吗？我说，当然，为什么不呢？他们说，你们不担心信息被中国控制？我说，不担心。我说，我们其实原来不知道中国的5G技术是最先进的，直到你们宣布5G竞赛美国必赢，我们才明白中国已经超越了你们的技术水平，对华为的禁令表明你们害怕中国的科技。”（《环球时报》三缺二视频组）@这视频L这视频的秒拍视频", "author": "占豪", "time": "占豪06月28日23:30 来自Android", "transmit": 173, "comment": 52, "zan": 1354, "sentiment": [{"positive_prob": 0.944157, "confidence": 0.875904, "negative_prob": 0.0558431, "sentiment": 2}]}, {"text": "【华为首席法务官：没有哪家公司可以靠偷窃领先世界】#华为创新和知识产权白皮书#华为首席法务官宋柳平表示，目前，华为在全球范围内拥有8万多项专利，包括美国授权的1万多项专利。企业在全球化经营中出现知识产权纠纷是普遍现象，华为也不例外。没有哪家公司可以靠偷窃领先世界。O华为首席法务官：没有哪家公司可以靠偷窃领先世界​", "author": "新浪科技", "time": "新浪科技06月28日06:03 来自微博weibo.com", "transmit": 45, "comment": 67, "zan": 567, "sentiment": [{"positive_prob": 0.948298, "confidence": 0.885107, "negative_prob": 0.0517019, "sentiment": 2}]}, {"text": "【史上最全！涵盖所有名校一流课程！801门国家级课程，你想学的这儿都有】近日，教育部2018年国家精品在线开放课程认定结果公示结束，共有801门课程入选，涉及文学、艺术、历史、医学、计算机、力学等多个领域。在家就能学北大、清华、复旦等高校的优质课程！​戳图↓↓大学放假了，不要荒废光阴，给自己定个新的学习计划吧！​​​#华为将从全世界招天才少年#", "author": "青年湖南", "time": "青年湖南06月28日14:39 来自帅团的Android", "transmit": 91, "comment": 13, "zan": 77, "sentiment": [{"positive_prob": 0.962006, "confidence": 0.91557, "negative_prob": 0.0379937, "sentiment": 2}]}, {"text": "华为在MWC2019上展示#5G无人矿山远程挖机#，这是连矿工都不需要了？#科技##制造业强国#L科技疯汇的秒拍视频​", "author": "工业科技迷", "time": "工业科技迷06月28日09:02 来自制造业强国超话", "transmit": 153, "comment": 192, "zan": 737, "sentiment": [{"positive_prob": 0.806087, "confidence": 0.569082, "negative_prob": 0.193913, "sentiment": 2}]}]