[{"text": "跟着@TFBOYS-易烊千玺千玺同学走近#华为nova5#，感受节奏的青春律动与光影的空间变幻。我们6月21日，武汉见！#千玺在nova星等你#L华为终端官方微博的秒拍视频​", "author": "余承东", "time": "余承东06月19日20:32 来自HUAWEIP30Pro", "transmit": 6679, "comment": 2147, "zan": 18517, "sentiment": [{"positive_prob": 0.851062, "confidence": 0.669027, "negative_prob": 0.148938, "sentiment": 2}]}, {"text": "【#618卖得最多的手机#：荣耀、华为、苹果or小米？】2019年“618”年中大促落下帷幕。京东数据显示，6月1日-6月18日，销量排行前六的手机品牌分别是荣耀、小米、华为、苹果、vivo、OPPO。京东手机通讯官微称，荣耀是京东618通讯品类首个五连冠品牌。来自荣耀消息，荣耀还是天猫618当日手机品牌销量冠军、苏宁6月1日-6月18日安卓手机品牌销量冠军、国美线上6月1日-6月18日手机品牌销量冠军，其中荣耀20pro6月18日当天在京东、天猫、苏宁等平台3000-4000元价位档均单品销量居首。今年618你买了什么品牌的手机？", "author": "中国新闻网", "time": "中国新闻网06月19日20:12 来自微博weibo.com", "transmit": 41, "comment": 198, "zan": 9635, "sentiment": [{"positive_prob": 0.89537, "confidence": 0.767489, "negative_prob": 0.10463, "sentiment": 2}]}, {"text": "华为nova5X易烊千玺的海报已经被安排在街头​", "author": "Ark咔嚓一下", "time": "Ark咔嚓一下06月19日16:50 来自一条锦鲤", "transmit": 4385, "comment": 684, "zan": 7044, "sentiment": [{"positive_prob": 0.307437, "confidence": 0.316807, "negative_prob": 0.692563, "sentiment": 0}]}, {"text": "洋人“火锅大王”，解读“华为被禁与Facebook”之间的关系。视频来自于@NathanRich火锅大王L新蜜蜂alex182的微博视频​", "author": "新蜜蜂alex182", "time": "新蜜蜂alex18206月19日14:53 来自HUAWEIMate10Pro", "transmit": 3347, "comment": 849, "zan": 7761, "sentiment": [{"positive_prob": 0.791941, "confidence": 0.537646, "negative_prob": 0.208059, "sentiment": 2}]}, {"text": "【中国移动连开三笔5G采购大单，份额最大者为华为】中国移动在获5G商用牌照后动作频频，最近连续开出三笔5G订单，包括核心网升级5G、5G终端（测试版）以及5G一期无线工程。值得关注的是，中国移动采购5GNSA组网的1131套设备和1.71万台5G终端中，华为的产品所占份额都是最大。#中国移动5G采购华为份额最大#O5G大采购！中国移动连开三笔大单，份额最大者还是华为", "author": "财经网", "time": "财经网06月19日08:36 来自360安全浏览器", "transmit": 43, "comment": 33, "zan": 101, "sentiment": [{"positive_prob": 0.899904, "confidence": 0.777564, "negative_prob": 0.100096, "sentiment": 2}]}, {"text": "【思科CEO：我不希望像华为那样用地缘政治打广告】在上周举办的思科年度技术大会上，思科CEO称：“我直截了当地告诉销售团队，让他们不要用这样的（华为的）销售策略。”他说，“我不希望思科团队利用地缘政治形势来彰显自己。”要“走高端路线。”思科公司一直将华为视作其主要竞争对手，并且是最早以“国家安全”为借口推动美国政界对华为进行审查的公司之一。其前任CEO是第一个以“知识产权盗窃”和“间谍活动”为借口公开指责华为的人，这种态度很大程度上导致美国国会在2012年针对华为和中兴举行听证会，并作出了那份声称这两家中国企业“对美国国家安全造成了威胁”的报告。O曾率先要求打压华为的思科，现在要求销售团队“少拿华为做文章”", "author": "观察者网", "time": "观察者网06月19日18:00 来自微博weibo.com", "transmit": 341, "comment": 840, "zan": 8024, "sentiment": [{"positive_prob": 0.0361892, "confidence": 0.91958, "negative_prob": 0.963811, "sentiment": 0}]}, {"text": "看到这张照片时！我忍不住流下了眼泪！这是即将接受采访的任正非，这是一个75岁还在前线战斗的企业家。坚毅的眼神、眼角的皱纹，告诉了所有人，华为会克服一切困难，正在“炮火”中勇往直前。不破楼兰誓不还，终有一日，中国科技会屹立于世界之巅！#美国拟立法不承认华为专利#​", "author": "媒体人张晓磊", "time": "媒体人张晓磊06月19日09:03 来自三星GALAXYNote8", "transmit": 82, "comment": 124, "zan": 1157, "sentiment": [{"positive_prob": 0.578208, "confidence": 0.062685, "negative_prob": 0.421792, "sentiment": 2}]}, {"text": "游走绮境森林，探索永不止步，在此邂逅炫光与魅影。6月21日#华为nova5#系列新品发布会，倒计时2天！​", "author": "华为终端官方微博", "time": "华为终端官方微博06月19日10:00 来自nova5Pro人像超级夜景", "transmit": 316, "comment": 302, "zan": 2058, "sentiment": [{"positive_prob": 0.857241, "confidence": 0.682758, "negative_prob": 0.142759, "sentiment": 2}]}, {"text": "【#美国拟立法不承认华为专利#，任正非：希特勒结局怎样呢？】6月18日，美国国会参议员马可·卢比奥提出修改美国的国防授权法，禁止华为等被美国视为“威胁”的中国企业在美国通过法院向美国企业索要专利费。此消息迅速在社交媒体上疯狂刷屏，并认为此举刷新了美国的底线，并颠覆了美国的信用基础。6年前，任正非就说过，如果只想独霸世界而不能学会给盟友分蛋糕，就是成吉思汗，就是希特勒，就将以自己的灭亡为下场。O美议员提议废了华为专利，任正非：希特勒结局怎样呢？", "author": "凤凰网科技", "time": "凤凰网科技06月19日11:42 来自微博weibo.com", "transmit": 133, "comment": 388, "zan": 1705, "sentiment": [{"positive_prob": 0.75582, "confidence": 0.457377, "negative_prob": 0.24418, "sentiment": 2}]}, {"text": "#每经整点播#【每经9点丨清华北大获QS世界大学排名历史最高名次】1、北京时间今天凌晨，最新的2020QS世界大学排名发布，麻省理工第8年蝉联第一，斯坦福、哈佛随后。中国大陆高校今年表现不俗，清华、北大两所顶尖大学在此次排名中取得了史上最高名次，分别排名全球大学第16位、第22位。你的母校排上榜了吗？2、618三大电商战报出炉：首次上演“猫拼狗”；3、央行将通过香港金管局发行300亿元央行票据；4、5G大采购！中国移动连开三笔大单，份额最大者还是华为#中移动5G采购华为份额最大#；5、美国商会敦促政府结束贸易战：未来10年美或付出万亿代价。O每经9点丨618三大电商战报出炉；清华北大获QS世界大学排名历史最高名次；美国商会敦促政府结束贸易战O每经9点丨清华北大获QS世界大学排名历史最高名次", "author": "每日经济新闻", "time": "每日经济新闻06月19日09:15 来自微博weibo.com", "transmit": 29, "comment": 63, "zan": 236, "sentiment": [{"positive_prob": 0.990824, "confidence": 0.979609, "negative_prob": 0.00917581, "sentiment": 2}]}, {"text": "看到这张照片时，内心有些说不出的难受！这是即将接受采访的任正非，这是一个75岁高龄还在为企业生存、为科技自立而在前线战斗的企业家。以前很难想象华为一个企业，却惹来美国带着全世界围攻，得对他们造成了多大的威胁！无论怎么说，华为是中国的企业，华为发展遇到困难，我们都应该支持，哪怕只是精神上的支持！", "author": "科技Yu", "time": "科技Yu06月19日10:28", "transmit": 225, "comment": 372, "zan": 4968, "sentiment": [{"positive_prob": 0.573483, "confidence": 0.0521835, "negative_prob": 0.426517, "sentiment": 2}]}, {"text": "不要把今天的行情简单归于电话，当然这固然是利好。更直接的利好是，通过券商渠道去向小银行释放流动性解决问题。加上沪伦通也是首发券商，科创板首发也没有影子股，只能走券商。所以今天券商到非银金融到金融科技是连贯的。美中不足的是FB的区块链被叫停了。华为系一方面是有禁令放松的预期，另一方面是吹风两款七纳米手机，也可以玩。至于传统的知识产权这类，也是踏空资金不错的选择。稀土、农业这种大概率回调。", "author": "唐史主任司马迁", "time": "唐史主任司马迁06月19日07:58 来自iPhone7Plus", "transmit": 91, "comment": 175, "zan": 1449, "sentiment": [{"positive_prob": 0.944424, "confidence": 0.876497, "negative_prob": 0.0555763, "sentiment": 2}]}, {"text": "#华为nova5#​nova5新浪潮打造潮流涂鸦打卡圣地，落地北京、广州、成都、厦门、武汉五城。nova5系列新品发布会即将开启，据说这次@TFBOYS-易烊千玺也会到场哦，6月21日我们武汉见！@华为手机@华为终端官方微博​", "author": "影像视觉杂志", "time": "影像视觉杂志06月19日23:03 来自360安全浏览器", "transmit": 130, "comment": 52, "zan": 191, "sentiment": [{"positive_prob": 0.970878, "confidence": 0.935284, "negative_prob": 0.0291223, "sentiment": 2}]}, {"text": "官宣！备受期待的#华为平板M6#系列将在6月21日发布亮相！说说看，你已经期待TA多久了？​", "author": "华为终端官方微博", "time": "华为终端官方微博06月19日12:03 来自微博weibo.com", "transmit": 100, "comment": 590, "zan": 2153, "sentiment": [{"positive_prob": 0.638219, "confidence": 0.196043, "negative_prob": 0.361781, "sentiment": 2}]}, {"text": "华为Nova5&易烊千玺海报线下已经大量铺设，你比夜色更美，易烊千玺和Nova5相得益彰！大家有看见千玺的广告牌吗？​", "author": "宋敬亭", "time": "宋敬亭06月19日20:30", "transmit": 17, "comment": 43, "zan": 696, "sentiment": [{"positive_prob": 0.281138, "confidence": 0.375249, "negative_prob": 0.718862, "sentiment": 0}]}, {"text": "#锐参考#【“美国人设崩了”！因为一个对华提案，这名美国议员正在被全世界嘲笑】6月17日，美国共和党籍参议员马尔科·鲁比奥提出对美国国防授权法进行修改，禁止中国华为公司通过美国法院向美国企业索要专利费、寻求损害赔偿。此言一出，全球哗然：几乎没有人敢相信，一个自诩为知识产权保护大国的参议员，竟公然宣称要通过修改法律禁止外国公司按照美国法律合理维权？这一赤裸裸的无赖主张和行径，将一向对华持鹰派立场的鲁比奥再次推上舆论的风口浪尖……O“美国人设崩了”！因为一个对华提案，这名美国议员正在被全世界嘲笑", "author": "参考消息", "time": "参考消息06月19日21:20 来自微博weibo.com", "transmit": 125, "comment": 152, "zan": 356, "sentiment": [{"positive_prob": 0.896289, "confidence": 0.769531, "negative_prob": 0.103711, "sentiment": 2}]}, {"text": "《华为因何被美国诬陷？》最近美国人这是怎么了？为什么他们会相信这种毫无证据的指责？过去美国人不是这样的啊？在很多事情上，美国人都表现出宽容、公平、慷慨、守规矩、讲道理。为什么到了华为这里，美国人就变得蛮不讲理、油盐不进呢？O华为因何被美国诬陷？​", "author": "李子暘Lee", "time": "李子暘Lee06月19日19:30 来自微博weibo.com", "transmit": 208, "comment": 76, "zan": 347, "sentiment": [{"positive_prob": 0.0506728, "confidence": 0.887394, "negative_prob": 0.949327, "sentiment": 0}]}, {"text": "大企业注册名称的由来，华为有文化多了​", "author": "孥孥的大树", "time": "孥孥的大树06月19日16:15 来自微博weibo.com", "transmit": 102, "comment": 216, "zan": 1048, "sentiment": [{"positive_prob": 0.595653, "confidence": 0.101452, "negative_prob": 0.404347, "sentiment": 2}]}, {"text": "【#华为高管怒怼小米#：华为路由器才是天猫销售额第一】6月19日凌晨0:38，华为智选官方微博宣布旗下的路由器产品斩获天猫平台路由器品类销售额冠军。@余承东凌晨0:50，小米路由器官方微博也宣布旗下的小米路由器不仅拿下了天猫平台的单品销量第一、销售金额第一，还在京东平台取得了当天的销量10万台的佳绩。@雷军随后，华为终端公司智能家庭总经理@闪罡发文称：“恭喜路由团队，也感谢各位小伙伴的支持。6·18华为路由器获得天猫路由器品类的销售额冠军。隔壁的，你确定你是冠军?不加定语那种?”小米与华为之间，谁才是天猫路由器销售额的冠军呢?O华为高管怒怼小米：华为路由器才是天猫销售额第一", "author": "凤凰网科技", "time": "凤凰网科技06月19日15:07 来自微博weibo.com", "transmit": 27, "comment": 271, "zan": 862, "sentiment": [{"positive_prob": 0.97077, "confidence": 0.935045, "negative_prob": 0.0292297, "sentiment": 2}]}, {"text": "猜猜看：半小时#华为nova5#系列能充电____%？​", "author": "华为终端官方微博", "time": "华为终端官方微博06月19日11:00 来自nova5Pro人像超级夜景", "transmit": 125, "comment": 1017, "zan": 2439, "sentiment": [{"positive_prob": 0.452447, "confidence": 0.0489491, "negative_prob": 0.547553, "sentiment": 1}]}, {"text": "好久不见，有些事情可能要麻烦大家，多谢了❤#彭林起诉华为涉嫌虚假宣传#O我决定了，我要起诉康帅傅红烧牛肉面​", "author": "点述Spotory", "time": "点述Spotory06月19日10:07 来自微博weibo.com", "transmit": 193, "comment": 241, "zan": 1184, "sentiment": [{"positive_prob": 0.671498, "confidence": 0.269996, "negative_prob": 0.328502, "sentiment": 2}]}, {"text": "【#华为高管怒怼小米#？疑似员工爆料：还不是为了年终奖，你咋看？】19日凌晨，华为智选宣布旗下路由器斩获某猫品类销售额第一，紧接着小米路由器宣布他们拿下某猫销售量销售额双第一。随后，华为终端智能家庭总经理老大闪罡在微博喊话，“隔壁的，你确定你是冠军？不加定语的那种？”据脉脉职言区认证为华为的员工爆料：刚跟智选的同事聊天，他说隔壁太不要脸了，618明明我们路由器销量第一，隔壁非说他们第一，气得老大上微博骂人。我问他这点事至于吗。他说，你懂什么，我们这次618的目标就是超越隔壁，隔壁跳出来胡说八道，到时候咋汇报，这事儿可影响我们每个人的年终奖……我估摸着现在隔壁的路由器部门也在跳脚骂娘。", "author": "虎嗅APP", "time": "虎嗅APP06月19日16:49", "transmit": 30, "comment": 229, "zan": 1062, "sentiment": [{"positive_prob": 0.0309203, "confidence": 0.931288, "negative_prob": 0.96908, "sentiment": 0}]}, {"text": "全国人民还在盯着华为5g领先世界多少时，万恶的美帝已经用\"脸书币\"取得了未来数字货币的话语权，这个领域的胜利可能是100个华为都顶不了的。先人一步的影响有多大，会在未来十年让人扼腕叹息。就像支付宝逼的银行取消了手续费，有些东西你越舍不得放弃，越会被冲击的稀巴烂。未来的年轻人他就是喜欢用无国界，可信任，充分财产自由的数字货币靠挡能挡的住？就拿我们这些臭炒币的来说，把钱提到银行卡是迫不得已，如果有一种真正的稳定币可以让我放心，那我就把钱放在那里好了，反正现在的银行卡就完全不是自己的感觉，毫无安全感。", "author": "比特币真心话", "time": "比特币真心话06月19日08:05 来自三星GalaxyS9+", "transmit": 63, "comment": 884, "zan": 1748, "sentiment": [{"positive_prob": 0.45768, "confidence": 0.153604, "negative_prob": 0.54232, "sentiment": 1}]}, {"text": "【手机遭遇车祸被撞成“弯屏”照样用！海外网友晒视频力挺华为】近日，一名来自哈萨克斯坦阿拉木图的网友NikolayAndreyv在自己的脸书社交账号上“表白”华为手机。在贴文中他描述了自己与一台华为HUAWEIP9plus手机的“缘分”，但最近手机不幸遭遇车祸，可以看见屏幕明显被撞弯，但网友表示华为手机“身残志坚”，从视频中可以看出手机屏幕没有出现任何裂痕，性能也没有受到任何影响。网友大赞华为手机，并表示作为华为的忠用户粉丝力挺华为，希望能将自己的这部手机赠予华为收藏。#华为#中国制造（中国网）L中国网的秒拍视频", "author": "成都晚报", "time": "成都晚报06月19日11:15 来自微博weibo.com", "transmit": 18, "comment": 108, "zan": 391, "sentiment": [{"positive_prob": 0.872123, "confidence": 0.71583, "negative_prob": 0.127877, "sentiment": 2}]}, {"text": "华为考虑问题出发点确实都不一般​", "author": "老c队长", "time": "老c队长06月19日12:37 来自赞就涨停的Android", "transmit": 94, "comment": 70, "zan": 989, "sentiment": [{"positive_prob": 0.0823683, "confidence": 0.816959, "negative_prob": 0.917632, "sentiment": 0}]}, {"text": "华为连固态硬盘都开始做了，怪不得不害怕被西部数据禁售。华为自主研发的SSD固态硬盘已经连续两年全球排名第七，是国内唯一一家排进TOP10的。​", "author": "科技Yu", "time": "科技Yu06月19日23:30", "transmit": 42, "comment": 157, "zan": 895, "sentiment": [{"positive_prob": 0.416927, "confidence": 0.0734949, "negative_prob": 0.583073, "sentiment": 0}]}, {"text": "今日关注：华为概念、5g概念，汽车零部件、如果大盘放量高开高走，也可以关注部分可转债，做错了当天还能跑路，选溢价小的品种。比如特发转债，凯龙转债！​", "author": "城城AI", "time": "城城AI06月19日08:24 来自iPhoneX", "transmit": 7, "comment": 108, "zan": 570, "sentiment": [{"positive_prob": 0.827292, "confidence": 0.616204, "negative_prob": 0.172708, "sentiment": 2}]}, {"text": "易烊千玺明天华为新手机发布会@TFBOYS-易烊千玺@TFBOYS-易烊千玺#华为nova5#Langelababy杨颖粉丝005的秒拍视频​", "author": "angelababy杨颖粉丝005", "time": "angelababy杨颖粉丝00506月19日21:46 来自易烊千玺超话", "transmit": 413, "comment": 44, "zan": 359, "sentiment": [{"positive_prob": 0.749252, "confidence": 0.442783, "negative_prob": 0.250748, "sentiment": 2}]}, {"text": "不仔细看的话，还真以为华为和小米的第一“撞车”了，我只想说你们定语用得真好！​", "author": "移动叔叔", "time": "移动叔叔06月19日09:04 来自微博weibo.com", "transmit": 9, "comment": 191, "zan": 696, "sentiment": [{"positive_prob": 0.207516, "confidence": 0.538854, "negative_prob": 0.792484, "sentiment": 0}]}, {"text": "#西安爆料#西安最明目的广告牌终于从苹果换成华为了，你怎么看？🤔（by吃喝玩乐尽在西安）​", "author": "西安直播", "time": "西安直播06月19日13:26 来自西安直播超话", "transmit": 16, "comment": 227, "zan": 914, "sentiment": [{"positive_prob": 0.860747, "confidence": 0.690549, "negative_prob": 0.139253, "sentiment": 2}]}]