[{"text": "小樽，雪与海的交界。photobymate20pro#Mate20影力觉醒#@华为终端官方微博​", "author": "摄影师_奥利奥爸爸", "time": "摄影师_奥利奥爸爸2018年12月26日20:08", "transmit": 56, "comment": 136, "zan": 522}, {"text": "【LG加入苹果英特尔阵营支持韩国对高通罚款9亿美元】LG电子已加入到英特尔、苹果和华为阵营，支持韩国公平贸易委员会对高通公司处以1.03万亿韩元(约合9.15亿美元)的反垄断罚款。有业内观察家称，LG电子此次加入到FTC阵营，可能是因为其与高通的谈判进行得并不顺利。OLG加入苹果英特尔阵营支持韩国对高通罚款9亿美元​", "author": "新浪科技", "time": "新浪科技2018年12月26日03:00 来自微博weibo.com", "transmit": 407, "comment": 246, "zan": 718}, {"text": "【官媒评禁止员工买苹果手机：#支持华为等国货但别违法#】购买什么商品，不购买什么商品，是市场和个人的消费自由，只要国家允许进口和买卖的商品，任何人、组织等都不得轻易加以干涉。就此而言，出台“苹果禁买令”，并以影响升职等威胁强力落实，不单是对个人买卖商品自由权的粗暴干涉，更是对市场经营自由的损害，也是对诸如劳动法、市场调节等国家法律、法制的损害。O官媒评禁止员工买苹果手机：支持华为等国货但别违法#微博赚钱季#", "author": "新浪财经", "time": "新浪财经2018年12月26日14:27 来自微博weibo.com", "transmit": 107, "comment": 23, "zan": 282}, {"text": "【参考消息：以“爱国”名义禁买某手机是有骨气还是蹭热点？】2018年关于手机的故事，似乎多半是围绕着苹果和华为展开的。其实，支持民族企业在很多国家都是一个不需要争论的话题。但用或者不用什么产品，既不需要对此上纲上线，更不必拿着放大镜去人为地拔高或贬低之。O以“爱国”名义禁买某手机是有骨气还是蹭热点？​", "author": "新浪科技", "time": "新浪科技2018年12月26日08:02 来自专业版微博", "transmit": 188, "comment": 354, "zan": 173}, {"text": "华为官方没有说买华为爱国，但你自己不买，对别人买华为冷嘲热讽，还各种跪舔苹果，就是傻X。去看看《大江大河》，回首改革开放40年，那时的中国人有多穷，国外的产品有多贵，中国企业又多难！像华为这样的企业从一穷二白，乡下人一样的存在，做到今天全球通信第一，甚至被美国政府嫉恨，这是克服了多少艰难险阻，你有资格冷嘲热讽？", "author": "C科技", "time": "C科技2018年12月26日09:16", "transmit": 281, "comment": 1162, "zan": 2628}, {"text": "在今天的华为智选品鉴会上，全球最大的消费领域IoT实验室#华为方舟实验室#也正式启动！5大区域占地面积约1000平方米，也是目前国内首个面向消费领域开放的IoT实验室！华为将和合作伙伴一起通过平台合作，赋予智能产品新的内涵。“方舟实验室”可以说是我们送给整个IoT行业的一份大礼！相信你们也很好奇它将如何投入使用，一张图为大家解析", "author": "余承东", "time": "余承东2018年12月26日20:59 来自华为Mate20保时捷设计", "transmit": 87, "comment": 194, "zan": 792}, {"text": "【#华为董事长首谈孟晚舟事件#：公司运转正常会更坚强】12月25日上午，华为董事长梁华就孟晚舟事件、5G业务发展等热点话题做出回应。他表示，今年华为业绩情况很好，孟晚舟事件发生后，公司一切运转正常。梁华还提到了员工自发制作的印有“灯塔在守候、晚舟早归航”的杯子，表达了对孟晚舟的挂念。从公司运作来看，华为目前的主要工作仍然是聚焦业务、服务好客户。他还强调，华为供应链体系、市场体系、研发体系、财务体系等各环节运作都正常。供应商、合作伙伴也感受到了华为在应对复杂环境和突发事件时的响应机制，更能够坚定地与华为开展良好合作。梁华认为，“困难和挑战只会使我们更坚强。”（人民日报海外网）O华为董事长首谈孟晚舟事件：公司运转正常会更坚强", "author": "中国日报", "time": "中国日报2018年12月26日10:50 来自微博weibo.com", "transmit": 27, "comment": 23, "zan": 193}, {"text": "易烊千玺真是个称职的代言人拿着华为nova4发微博宣传大冰小将还发摩斯密码暗示我们去百度app搜索行吧一箭三雕广告博主名号你摘不掉了​", "author": "-你鹤", "time": "-你鹤2018年12月26日12:42 来自易烊千玺超话", "transmit": 1732, "comment": 245, "zan": 1648}, {"text": "【成都首条有轨电车：蓉2号线今天正式开通，全程票价2元】电车首开段起于合信路站，止于晨光站，线路总长13.7km，共12座车站，由电子科大沿线经时代天街、华为、富士康、菁蓉小镇等到达郫都区。电车将为成都市民创造更便捷、舒适、通畅的出行环境！#商妹儿直播#带你抢先体验~成都商报的微博直播.​", "author": "成都商报", "time": "成都商报2018年12月26日10:47 来自微博网页版", "transmit": 22, "comment": 23, "zan": 427}, {"text": "今天非常开心，与大家一同见证华为全场景战略构想迈入新的阶段。本次华为智选品鉴会，从华为AIoT战略发布到方舟实验室首次亮相，以及华为与生态合作伙伴两方的战略产品展示，都有非常多的智慧亮点！一组图与大家分享现场精彩，也敬请期待未来我们的华为智选生态产品！​", "author": "徐钦松Jim", "time": "徐钦松Jim2018年12月26日20:44 来自HUAWEIMate20Pro", "transmit": 17, "comment": 28, "zan": 195}, {"text": "华为在IoT领域年末最重要的会议#华为智选品鉴会#今天盛大召开，并带来了多款生态新品，解锁更智慧的生活方式，可以从这里开始！O网页链接​", "author": "余承东", "time": "余承东2018年12月26日20:56 来自华为Mate20保时捷设计", "transmit": 31, "comment": 89, "zan": 389}, {"text": "【2018互联网商业年度关键词：IoT】IoT即物联网。据《2018中国IoT报告》显示，目前全球IoT设备高达84亿台，IoT产业未来将是万亿级。无论是BAT还是小米、华为，甚至谷歌、亚马逊等国外互联网巨头，都在此领域暗自较劲！IoT时代将至，未来谁将成新时代的霸主？@五环短视频L五环短视频的秒拍视频​", "author": "新浪科技", "time": "新浪科技2018年12月26日01:00 来自微博weibo.com", "transmit": 54, "comment": 25, "zan": 56}, {"text": "#跨越101#浪漫的冬季，和家人一起到国外旅行，体验异国他乡的风情应该是个不错的选择。如果来到欧洲，可以到斯德哥尔摩乘坐帆船，到奥斯陆看美丽的极光，到罗马欣赏歌剧，或者漫步在巴黎的塞纳河畔……现在，就和华为一起乘坐从维也纳出发的小火车，开启穿越阿尔卑斯山的欧洲之旅O跨越101|今夜圣诞，请坐上前往欧洲的华为专列​", "author": "华为中国", "time": "华为中国2018年12月26日15:55 来自微博weibo.com", "transmit": 10, "comment": 18, "zan": 148}, {"text": "易烊千玺【小麻团儿节选】――万能🌈屡试不爽易烊千玺的这个麻团儿一个普通的过路人会以为它和你们的一样，但它单独一颗就胜过其他八颗因为它是易烊千玺做了70年的，因为它是易烊千玺亲手用华为拍下的，因为它是易烊千玺亲自拉长摆在C位的，因为它是易烊千玺滚上的芝麻因为易烊千玺把他放在油锅里，炸熟，炸酥有时甚至是因为它被炸黑。因为它是易烊千玺独一无二的长麻团儿。@TFBOYS-易烊千玺", "author": "Duidui_wifi", "time": "Duidui_wifi2018年12月26日20:34 来自易烊千玺超话", "transmit": 334, "comment": 292, "zan": 1507}, {"text": "泰永跳水，东方通讯跳水，两大龙头集体跳水，5G和华为概念股全面退潮中，注意风险！​", "author": "天津股侠", "time": "天津股侠2018年12月26日14:22 来自微博weibo.com", "transmit": 11, "comment": 31, "zan": 875}, {"text": "#精品研究院##大冰小将#易烊千玺真是个称职的代言人拿着华为nova4发微博宣传大冰小将还发摩斯密码暗示我们去百度app搜索行吧一箭三雕广告博主名号摘不掉了​", "author": "精品研究院官方微博", "time": "精品研究院官方微博2018年12月26日13:55 来自美图T8s·电影级虚化", "transmit": 36, "comment": 25, "zan": 269}, {"text": "【2018年中国最具影响力的创新公司：华为阿里小米前三】@财富中文网连续第二年开展了“中国最具影响力创新公司排行榜”的评选活动，面向近8万名高级管理人员发放了问卷，主要针对大型企业进行评估，最终华为位列第一，阿里巴巴小米分列二三名，前十还包括格力顺丰等企业。O2018年中国最具影响力的创新公司：华为阿里小米前三​", "author": "新浪科技", "time": "新浪科技2018年12月26日23:20 来自微博weibo.com", "transmit": 51, "comment": 86, "zan": 138}, {"text": "高通已经把苹果在中国弄的鼻青脸肿，倘若真的在中国禁掉苹果，或者起码日他个半身不遂，我们该如何看待这家纯正的美国公司？对那个满满中国风的“骁龙''，我们是该抵制还是热爱？接着想下去，苹果被禁被抵制而下滑，无数中国供应商要遭殃，而华为的崛起，也会很多的美国供应商会因此获利。总是几家欢喜几家愁，那么是中国赢了还是美国赢了？一位业界大姐的朋友圈里问的问题又更加引人深思，大致是说一个满身世界名牌，豪车，海外移民的人手里拿个华为手机算爱国吗？我在加一句：那些用自己汗水为中国制造而努力的工厂妹纸，如果买个苹果，还算爱国吗？再说一个，那些外企打工给国家足额交个税社保的人，和在国内公司打工却偷税漏税的人，或者赚钱后移民海外的人相比，谁更爱国？我的朋友里有参加游行反对特朗普打贸易战的美籍华人，也有整天讽刺国家阴暗面的纯种中国人。谁爱国？有在国内整天让孩子学小提琴，马术的，也有在美国整天让孩子学书法，乒乓球的。谁热爱传统文化？这些没有答案。只是把卡哥眼界里看到的说出来让大家思考思考而已。看到你们也都纠结了起来，我心里就舒服了。", "author": "摩卡", "time": "摩卡2018年12月26日23:17", "transmit": 487, "comment": 489, "zan": 836}, {"text": "🎐关于修图P5是具体使用的APP，其他是我常用的vsco调色参数，希望对你们有帮助啦拍照使用手机华为P10&偶尔iPad2018写字用的是procreate+applepencil喜欢的话大家多和我转赞评互动哇​", "author": "甜橙奶希", "time": "甜橙奶希2018年12月26日21:34 来自HUAWEIP10", "transmit": 59, "comment": 26, "zan": 277}, {"text": "【华为手机能在苹果专卖店折现？苹果这次真的不好过了！】美国当地时间12月24日，苹果股价跌破150美元，近60个交易日跌幅超30%，与今年10月3日创下的最高点相比，市值已经蒸发了超3900亿美元。往日苹果店外排队抢购iPhone的盛况不在，为了改变苹果手机销量不佳的局面。仅仅3个月后，苹果在其中国官网推出了折抵换购的活动：iPhoneXR4399元起，iPhoneXS仅6599元起。以抵消的折扣计算，这也是苹果进入中国市场以来，所推出的最大优惠活动。高盛分析师罗德哈尔在报告中称，苹果似乎在iPhoneXR的定价策略上出现了严重失误，致使销量无法达到预期。O华为手机能在苹果专卖店折现？苹果这次真的不好过了！", "author": "中国青年报", "time": "中国青年报2018年12月26日10:34 来自微博weibo.com", "transmit": 19, "comment": 92, "zan": 113}, {"text": "只需动一动指关节，就能体验三种操作，快戳视频get～#华为Mate20#L华为终端官方微博的秒拍视频​", "author": "华为终端官方微博", "time": "华为终端官方微博2018年12月26日19:58 来自秒拍网页版", "transmit": 37, "comment": 94, "zan": 467}, {"text": "12月24日，清华大学计算机系与华为终端有限公司签署合作协议，成立清华大学（计算机系）—华为终端有限公司智能交互联合研究中心。联合研究中心的建设目标是集合清华大学计算机系和华为终端的各自优势，在智能终端交互设计领域开展长期、稳定的合作，探索前沿科技以及输出研究和技术开发成果。智能交互为用户与各类终端间自然高效地信息交换提供理论基础，实现技术和交互设计。其核心任务是对用户交互意图的理解，实现“更懂用户的计算设备”。O网页链接", "author": "清华大学", "time": "清华大学2018年12月26日11:25 来自微博weibo.com", "transmit": 27, "comment": 23, "zan": 245}, {"text": "再次感慨CLAMP这帮神人😂😂她们的神奇之处不仅是在多古老的作品中都能找到她们狂热同人作的遗迹，更神奇的是她们的脑内美颜功能实在是太强大了。我本以为JOJO的同人已经是她们画风ooc的巅峰，在看完她们画的恶魔人神曲之后才发现，她们真是可以做到无差别画风美颜攻击啊。这帮小米锤子华为手机厂商明明应该找她们做一键美颜代言才对23333PS：下图第一张为原作画风，后面均为CLAMP奇迹般的同人画风。", "author": "_茵茵桑_", "time": "_茵茵桑_2018年12月26日21:28 来自Weibo.intl", "transmit": 59, "comment": 11, "zan": 80}, {"text": "第三方输入法真是个大坑。某些输入法在有外接键盘的情况下会不依不挠锲而不舍孜孜以求地弹出虚拟键盘并且界面扭曲丑陋。。。。调查了一圈ipad三星华为技德chrome没有一个能有好的解决办法。答应我你们别用邪门歪道输入法好不好​", "author": "朱海舟", "time": "朱海舟2018年12月26日17:29 来自坚果手机R1", "transmit": 30, "comment": 458, "zan": 400}, {"text": "2018中国最具影响力公司排行榜，华为又是第一！​", "author": "C科技", "time": "C科技2018年12月26日23:28", "transmit": 181, "comment": 387, "zan": 803}, {"text": "在华为V20发布会现场，手机性能测试环节，分别出现了《王者荣耀》《崩坏3》以及《古墓丽影:崛起》（云计算+外接键鼠）等游戏。此外，《魔兽争霸III重制版》的角色将以AR舞伴的形式出现在华为荣耀v20手机中。​", "author": "新浪游戏", "time": "新浪游戏2018年12月26日16:35 来自微博weibo.com", "transmit": 11, "comment": 53, "zan": 111}, {"text": "【华为大约在冬季】海外业务已枝繁叶茂的华为仍在大力开疆拓土，但2018年的冬天远未过去。对华为而言，这个冬天比创业31年来的任何一个或许都要更为严酷。与对孟晚舟境况的关切正相关，全球无数双眼睛仍在注视着现在的华为以及它接下来的应对。事实上，面对围堵，华为已在反击。O华为大约在冬季：或为创业31年来最严酷环境​", "author": "新浪科技", "time": "新浪科技2018年12月26日10:28 来自微博weibo.com", "transmit": 12, "comment": 41, "zan": 66}, {"text": "【对比评测|五大大屏旗舰横评，谁才是真「神仙」？】真「神仙打架」！华为Mate20X、iPhoneXSMax、三星GalaxyNote9、小米MIX3和一加6T同场PK！一起看看到底谁是大屏「真旗舰」！L锋潮评测室的秒拍视频​", "author": "锋潮科技", "time": "锋潮科技2018年12月26日17:48 来自微博weibo.com", "transmit": 37, "comment": 51, "zan": 101}, {"text": "预告一个重大事件，华为智能音箱及手机将解锁“召唤小冰”技能！此技能将于2019年初在华为AI音箱或者荣耀YOYO音箱上线，而华为及荣耀手机用户，今天就可以在负一屏搜索中输入“召唤小冰”解锁此超能力。@华为终端公司@华为智选​", "author": "小冰", "time": "小冰2018年12月26日15:46 来自微博weibo.com", "transmit": 74, "comment": 584, "zan": 550}, {"text": "【华为手机2018年出货量超2亿部跃居世界前三强】美国《华盛顿邮报》网站：华为是世界第二大智能手机制造商。该公司称其手机出货量比去年增加了30%多。华为在一份声明中称：“在全球智能手机市场，华为已从统计中的‘其他’项跃居世界前三强之一。”O网页链接​", "author": "参考消息", "time": "参考消息2018年12月26日16:53 来自HUAWEIP20Pro", "transmit": 49, "comment": 35, "zan": 141}]