[{"text": "【联邦快递CEO回应华为事件：政府逼我查包裹，不然一件罚25万】24日，联邦快递CEO接受采访时称，美国商务部拿巨额罚款威胁，快递公司须自己检查包裹内容是否符合进出口管制规定。他表示“我们就是不能充当美国商务部的警察”。24日，联邦快递在官网宣布已将美国商务部告上法庭。L微丢的秒拍视频​", "author": "人民日报", "time": "人民日报06月26日10:01 来自新媒体聚合平台", "transmit": 1513, "comment": 1266, "zan": 10947, "sentiment": [{"positive_prob": 0.0515666, "confidence": 0.885407, "negative_prob": 0.948433, "sentiment": 0}]}, {"text": "【直播，一起去5G世界大冒险！】在“世界移动大会上海分展”上，5G的应用成为主角。在媒资、医疗、教育、警务等垂直领域，5G将如何商用？昨天，中国首张5G终端电信设备进网许可证花落华为，这部Mate20X（5G）有啥不一样？看直播，一起见证未来应用新场景！（央视记者关美璐）央视新闻的微博直播.​", "author": "央视新闻", "time": "央视新闻06月26日09:34 来自微博网页版", "transmit": 369, "comment": 493, "zan": 8803, "sentiment": [{"positive_prob": 0.950667, "confidence": 0.890372, "negative_prob": 0.0493325, "sentiment": 2}]}, {"text": "【5g让挖矿看起来不再是苦差事】2019世界移动通信大会上海站华为展厅内，一名工人正在5g无人智能采矿系统上作业，把洛阳钼业三道庄矿区的矿挖出，再装到一旁的无人矿车内。工作人员告诉《环球时报》记者，操作台与真实挖掘机驾驶室毫无差别，5G的让操作延迟控制在几十毫秒以内，误差在十几厘米内，完全保证作业效率和安全。（记者范凌志）@这视频L这视频的秒拍视频", "author": "环球时报", "time": "环球时报06月26日11:50 来自微博weibo.com", "transmit": 210, "comment": 187, "zan": 1524, "sentiment": [{"positive_prob": 0.0591508, "confidence": 0.868554, "negative_prob": 0.940849, "sentiment": 0}]}, {"text": "【联邦快递CEO回应华为事件：政府逼我查包裹，不然一件罚25万】24日，联邦快递CEO接受采访时称，美国商务部拿巨额罚款威胁，快递公司须自己检查包裹内容是否符合进出口管制规定。他表示\"我们就是不能充当美国商务部的警察\"。24日，联邦快递官网宣布已将美国商务部告上法庭！L微丢的秒拍视频​", "author": "紫光阁", "time": "紫光阁06月26日11:17 来自紫宝宝的Android", "transmit": 610, "comment": 404, "zan": 5772, "sentiment": [{"positive_prob": 0.0485811, "confidence": 0.892042, "negative_prob": 0.951419, "sentiment": 0}]}, {"text": "【5G挖矿哪家强？人在上海操作洛阳矿车】6月26日，世界移动通信大会2019（MWC19），华为5G展区，工作人员实时操控上千公里外河南洛阳栾川的无人矿机，经过观众无不侧目。L湃客科技的微博视频​", "author": "新浪科技", "time": "新浪科技06月26日23:49 来自微博weibo.com", "transmit": 216, "comment": 197, "zan": 848, "sentiment": [{"positive_prob": 0.8688, "confidence": 0.708444, "negative_prob": 0.1312, "sentiment": 2}]}, {"text": "【在上海吹着空调挖1000公里外洛阳的矿，5G让挖矿看起来不再是苦差事】2019世界移动通信大会上海站华为展厅内，一名工人正在5G无人智能采矿系统上作业，把洛阳钼业三道庄矿区的矿挖出，再装到一旁的无人矿车内。工作人员告诉记者，操作台与真实挖掘机驾驶室毫无差别，5G的让操作延迟控制在几十毫秒以内，误差在十几厘米内，完全保证作业效率和安全。（记者范凌志）L环球网的秒拍视频#5G有多快##5G无人矿山远程挖机#", "author": "环球网", "time": "环球网06月26日10:01 来自微博weibo.com", "transmit": 362, "comment": 167, "zan": 1482, "sentiment": [{"positive_prob": 0.134972, "confidence": 0.700062, "negative_prob": 0.865028, "sentiment": 0}]}, {"text": "【5G网速有多快？实测30秒下完王者荣耀】2019世界移动通信大会上海站26日开展，《环球时报》记者用一台华为Mate20X5G手机与一台4G手机同时下载2g大小的一款游戏，在为保证场馆信号，网络有限速的情况下，5G手机只用约30秒就完成下载。（记者范凌志）@这视频L这视频的秒拍视频​", "author": "环球时报", "time": "环球时报06月26日14:50 来自微博weibo.com", "transmit": 55, "comment": 244, "zan": 1051, "sentiment": [{"positive_prob": 0.943106, "confidence": 0.873568, "negative_prob": 0.0568943, "sentiment": 2}]}, {"text": "【#任正非谈华为和谷歌关系#：如果华为不装谷歌系统，谷歌将来可能要失去7-8亿用户】6月19日，华为公司创始人任正非接受美国CNBC采访。谈及华为和Google关系时，任正非表示：Google是一个非常好的公司，我们很尊重它。我们和Google永远都是站在同一条利益线上的，如果我们不装载Google系统，Google将来可能要失去7-8亿用户，因为我们每年2-3亿的新用户不使用它的系统，这个损失是很大的。关于华为和Google的关系，任正非这样说↓↓↓O任正非：如果华为不装谷歌系统，谷歌将来可能要失去7-8亿用户", "author": "中国日报", "time": "中国日报06月26日12:02 来自微博weibo.com", "transmit": 111, "comment": 229, "zan": 1949, "sentiment": [{"positive_prob": 0.798228, "confidence": 0.551618, "negative_prob": 0.201772, "sentiment": 2}]}, {"text": "【#联邦快递CEO回应华为事件#：政府逼我查包裹，不然一件罚25万】24日，联邦快递CEO接受采访时称，美国商务部拿巨额罚款威胁，快递公司须自己检查包裹内容是否符合进出口管制规定。他表示“我们就是不能充当美国商务部的警察”。24日，联邦快递在官网宣布已将美国商务部告上法庭。L微丢的秒拍视频​", "author": "中国日报", "time": "中国日报06月26日12:29 来自微博weibo.com", "transmit": 95, "comment": 62, "zan": 537, "sentiment": [{"positive_prob": 0.0910275, "confidence": 0.797717, "negative_prob": 0.908973, "sentiment": 0}]}, {"text": "【美国芯片企业美光恢复向华为发货，股价飙升】#美光恢复对华为部分供货#据彭博社6月26日报道，美国最大的电脑存储芯片生产商美光科技的首席执行官桑杰⋅梅赫罗特拉6月25日表示，已经部分恢复向中国科技公司华为供货。美光公司已确定这些供货与美国针对华为的禁令不冲突。这使得美光的美股股价在盘后交易中飙升了11%，并带动了其他芯片股的上涨。O美国芯片企业美光恢复向华为发货，股价飙升", "author": "环球时报", "time": "环球时报06月26日21:30 来自微博weibo.com", "transmit": 96, "comment": 214, "zan": 1510, "sentiment": [{"positive_prob": 0.933548, "confidence": 0.852329, "negative_prob": 0.0664522, "sentiment": 2}]}, {"text": "#彭林起诉华为涉嫌虚假宣传#旧公司没有什么新变更，倒是在6月20日成了新公司。​", "author": "天眼查", "time": "天眼查06月26日15:40 来自微博weibo.com", "transmit": 428, "comment": 451, "zan": 3516, "sentiment": [{"positive_prob": 0.133597, "confidence": 0.703118, "negative_prob": 0.866403, "sentiment": 0}]}, {"text": "【#美国芯片生产商恢复向华为供货#CEO称因禁令损失2亿元】6月26日，外媒称美光科技表示已部分恢复向华为供货。美光科技CEOSanjayMehrotra表示，部分芯片不受实体清单限制，所以这些产品可以合法的向华为供货。#美国禁令使芯片商损失2亿#美元，美光科技2019财年第三季度财报显示，其净利润同比下降78%。L新京报我们视频的秒拍视频", "author": "新浪财经", "time": "新浪财经06月26日19:58 来自微博weibo.com", "transmit": 91, "comment": 132, "zan": 360, "sentiment": [{"positive_prob": 0.820627, "confidence": 0.601394, "negative_prob": 0.179373, "sentiment": 2}]}, {"text": "【5g有多快？传统手工艺来告诉你！】2019世界移动通信大会上海站华为展厅内，生长于三代苏绣世家的吴晨倩正专注制作自己的作品，旁边的大屏幕正在对她的刺绣细节进行“5G+8k”高清实时直播，记者在现场看到，匠人指尖灵巧的动作被毫无迟滞地完美呈现，实时速率一直维持在160mbps上下，看起来，5g网速对捕捉传统手工艺的细节毫无压力。（记者范凌志）@这视频L这视频的秒拍视频", "author": "环球时报", "time": "环球时报06月26日09:50 来自微博weibo.com", "transmit": 60, "comment": 153, "zan": 800, "sentiment": [{"positive_prob": 0.87058, "confidence": 0.7124, "negative_prob": 0.12942, "sentiment": 2}]}, {"text": "【#美国芯片生产商恢复向华为供货#，CEO称因禁令损失2亿元】26日，外媒称美光科技表示已部分恢复向华为供货。美光科技CEOSanjayMehrotra表示，部分芯片不受实体清单限制，所以这些产品可以合法的向华为供货。#美国禁令使芯片商损失2亿#美元，美光科技2019财年第三季度财报显示，其净利润同比下降78%。L新京报我们视频的秒拍视频", "author": "Vista看天下", "time": "Vista看天下06月26日21:13 来自iPhone客户端", "transmit": 30, "comment": 58, "zan": 330, "sentiment": [{"positive_prob": 0.80536, "confidence": 0.567466, "negative_prob": 0.19464, "sentiment": 2}]}, {"text": "傲慢可笑！特朗普警告华为：不许使用卫星技术建6G，因为这是美国专属美国总统特朗普近日透露了一条重要消息，称美国将跳过5G，直接推行6G，美国推行的6G特点是以卫星为基础组建互联网，而非光纤和基站。目前正在完成部署工作。由于美国是航天强国，卫星和火箭发射无数，美国直接过渡到6G反而非常容易，同时特朗普也警告华为，不许使用卫星技术建6G，因为这是美国专属！", "author": "宋敬亭", "time": "宋敬亭06月26日19:07 来自热搜第一推荐", "transmit": 221, "comment": 915, "zan": 3206, "sentiment": [{"positive_prob": 0.779336, "confidence": 0.509636, "negative_prob": 0.220664, "sentiment": 2}]}, {"text": "#华为MWC2019#@MWC上海现场，华为的5G远程操控，实时操作远在河南的挖掘机L差评君的微博视频​", "author": "差评君", "time": "差评君06月26日12:38", "transmit": 495, "comment": 503, "zan": 4132, "sentiment": [{"positive_prob": 0.815547, "confidence": 0.590105, "negative_prob": 0.184453, "sentiment": 2}]}, {"text": "用文字记录感动，用影像定格美好。在花粉俱乐部成立7周年之际，DIGIX数字生活故事征集活动面向花粉正式开启，带话题#一起更美好#并@华为终端云服务发布你的故事，就有机会赢取DIGIX勋章尊贵特权！优秀故事还有机会入选成为官方微电影故事脚本。转评抽送一台华为FreeBuds2Pro无线耳机！​", "author": "华为终端云服务", "time": "华为终端云服务06月26日21:09 来自微博weibo.com", "transmit": 3043, "comment": 1765, "zan": 1254, "sentiment": [{"positive_prob": 0.992478, "confidence": 0.983286, "negative_prob": 0.00752148, "sentiment": 2}]}, {"text": "就目前看，我们观察2956-2986这30点小区间，超级真菌、融媒体、华为概念等暂时领先！大家精神一点！​", "author": "wu2198", "time": "wu219806月26日09:45 来自微博weibo.com", "transmit": 19, "comment": 208, "zan": 4725, "sentiment": [{"positive_prob": 0.51005, "confidence": 0.799004, "negative_prob": 0.48995, "sentiment": 1}]}, {"text": "【美光恢复对华为部分供货】美国内存芯片大厂美光科技(MicronTechnologyInc.)日前宣布恢复对华为技术有限公司（HuaweiTechnologiesCo.）的部分供货。他们似乎从美国的对华禁令中找到了一些突破口，以解决半导体行业面临的棘手问题。但是美光仍无法预测、政府额外的行动是否会进一步影响对华为的出货。根据美光向美国证券交易委员会(SEC)递交的「FORM10-Q」文件，2019会计年度上半年13%的营收出自华为订单。根据CrossResearch分析师StevenFox的说法，美光可能是第一家在仔细研究禁令规则后，公开表示将与华为继续保持一定业务的公司。他说，即使公司总部设在美国，他们也可以通过海外子公司和运营的所有权将他们的技术归类为外国公司。", "author": "行业洞察者", "time": "行业洞察者06月26日10:07 来自行业洞察超话", "transmit": 209, "comment": 471, "zan": 10559, "sentiment": [{"positive_prob": 0.982851, "confidence": 0.96189, "negative_prob": 0.0171493, "sentiment": 2}]}, {"text": "【5G网速场景：30秒下完王者荣耀】#5G有多快#2019世界移动通信大会上海站26日开展，记者用一台华为Mate20X5G手机与一台4G手机同时下载2g大小的王者荣耀游戏，在为保证场馆信号，网络有限速的情况下，5G手机只用约30秒就完成下载。（记者：范凌志）L环球网的微博视频​", "author": "环球网", "time": "环球网06月26日12:51 来自微博视频", "transmit": 30, "comment": 134, "zan": 732, "sentiment": [{"positive_prob": 0.966125, "confidence": 0.924723, "negative_prob": 0.0338748, "sentiment": 2}]}, {"text": "#DigiX数字生活节#是时候展现真正的技术了，DIGIXRAP来一段！今天就用最Real的方式告诉你“DIGIX”该怎么念！关注+转评你对“DIGIX”的正确读法，抽送华为FreeBuds2无线耳机一个！DJ，dropthebeat~~L华为终端云服务的秒拍视频​", "author": "华为终端云服务", "time": "华为终端云服务06月26日19:30 来自微博weibo.com", "transmit": 1401, "comment": 788, "zan": 794, "sentiment": [{"positive_prob": 0.929449, "confidence": 0.843221, "negative_prob": 0.0705507, "sentiment": 2}]}, {"text": "【#首批5G手机7月底上市#1000-2000元档的需等到明年底】25日，中国移动进行了11款5G终端的万台交付，包括华为、OPPO、vivo、中兴、小米、一加、三星、TCL和中国移动自主品牌的智能手机和数据CPE。中国移动透露，首批终端预计7月取得国家入网许可，7月底开始陆续启动上市。中国移动宣布，2020年底推出1000-2000元档5G手机，面向消费和行业市场，分别打造超百款终端产品。#2020年5G手机价格或降至千元##5G手机价格或降至1000元#O首批5G手机7月底上市1000-2000元档的需等到明年底", "author": "财经网", "time": "财经网06月26日08:58 来自360安全浏览器", "transmit": 57, "comment": 54, "zan": 106, "sentiment": [{"positive_prob": 0.922928, "confidence": 0.828729, "negative_prob": 0.077072, "sentiment": 2}]}, {"text": "目前的组合是券商2成，华为概念1成，知识产权1成，尾盘看情况可能再上一成。干他娘的！​", "author": "天津股侠", "time": "天津股侠06月26日14:21 来自微博weibo.com", "transmit": 13, "comment": 108, "zan": 1542, "sentiment": [{"positive_prob": 0.329173, "confidence": 0.268505, "negative_prob": 0.670827, "sentiment": 0}]}, {"text": "【美国芯片企业美光恢复向华为发货，股价飙升】#美光恢复对华为部分供货#据彭博社6月26日报道，美国最大的电脑存储芯片生产商美光科技的首席执行官桑杰⋅梅赫罗特拉6月25日表示，已经部分恢复向中国科技公司华为供货。美光公司已确定这些供货与美国针对华为的禁令不冲突。这使得美光的美股股价在盘后交易中飙升了11%，并带动了其他芯片股的上涨。（环球时报新媒体）", "author": "环球网", "time": "环球网06月26日20:37", "transmit": 57, "comment": 77, "zan": 434, "sentiment": [{"positive_prob": 0.90945, "confidence": 0.798778, "negative_prob": 0.09055, "sentiment": 2}]}, {"text": "#5G有多快#在上海吹着空调挖1000公里外洛阳的矿，5G让挖矿看起来不再是苦差事2019世界移动通信大会上海站华为展厅内，一名工人正在5G无人智能采矿系统上作业，把洛阳钼业三道庄矿区的矿挖出，再装到一旁的无人矿车内。工作人员告诉记者，操作台与真实挖掘机驾驶室毫无差别，5G的让操作延迟控制在几十毫秒以内，误差在十几厘米内，完全保证作业效率和安全。L环球网的秒拍视频（@环球网）", "author": "国资小新", "time": "国资小新06月26日10:11 来自微博weibo.com", "transmit": 150, "comment": 119, "zan": 528, "sentiment": [{"positive_prob": 0.336916, "confidence": 0.251298, "negative_prob": 0.663084, "sentiment": 0}]}, {"text": "【联邦快递CEO回应华为事件：政府逼我查包裹，不然一件罚25万】24日，联邦快递CEO接受采访时称，美国商务部拿巨额罚款威胁，快递公司须自己检查包裹内容是否符合进出口管制规定。他表示“我们就是不能充当美国商务部的警察”。24日，联邦快递在官网宣布已将美国商务部告上法庭。（微丢）L微丢的秒拍视频", "author": "财联社APP", "time": "财联社APP06月26日13:17 来自微博weibo.com", "transmit": 271, "comment": 61, "zan": 153, "sentiment": [{"positive_prob": 0.0505956, "confidence": 0.887565, "negative_prob": 0.949404, "sentiment": 0}]}, {"text": "华为公司为啥辣么牛，看看他们的员工咋说的？​", "author": "九品段子手", "time": "九品段子手06月26日18:00 来自微博weibo.com", "transmit": 63, "comment": 205, "zan": 2141, "sentiment": [{"positive_prob": 0.167588, "confidence": 0.627583, "negative_prob": 0.832412, "sentiment": 0}]}, {"text": "#说到街舞就能想到易烊千玺##易烊千玺这就是街舞#你是世间最可爱的小星星我爱了整个宇宙只为了跟你碰头💕@TFBOYS-易烊千玺yyqx封面yyqx少年的你yyqx发型yyqx短发yyqx舞蹈yyqx舒适圈yyqx新歌yyqx华为yyqx纪梵希yyqx中戏yyqx中戏第一yyqx可爱yyqx帅四字纪梵希四字硬照四字帅成四字可爱四字中戏四字bv易烊千玺四字四字弟弟yyqxszdd视频cr.侵删歉L这就是街舞：易烊千玺何展成练舞花絮曝光，弟弟这踩点简直太爽！", "author": "千玺的芒果", "time": "千玺的芒果06月26日21:50 来自易烊千玺超话", "transmit": 91, "comment": 124, "zan": 1111, "sentiment": [{"positive_prob": 0.975716, "confidence": 0.946034, "negative_prob": 0.0242845, "sentiment": 2}]}, {"text": "#美芯片企业恢复向华为发货#【美国芯片企业美光恢复向华为发货，股价飙升】#美光恢复对华为部分供货#据外媒6月26日报道，美国最大的电脑存储芯片生产商美光科技的首席执行官桑杰·梅赫罗特拉6月25日表示，已经部分恢复向中国科技公司华为供货。美光公司已确定这些供货与美国针对华为的禁令不冲突。这使得美光的美股股价在盘后交易中飙升了11%，并带动了其他芯片股的上涨。（环球时报）O美国芯片企业美光恢复向华为发货，股价飙升", "author": "每日经济新闻", "time": "每日经济新闻06月26日17:14 来自专业版微博", "transmit": 43, "comment": 32, "zan": 291, "sentiment": [{"positive_prob": 0.963965, "confidence": 0.919922, "negative_prob": 0.036035, "sentiment": 2}]}, {"text": "【华为副董事长@胡厚崑：坚定支持安卓生态#鸿蒙系统上市时间未定#】6月26日，华为副董事长胡厚崑在上海MWC19期间的媒体见面会上称，“大家都知道华为销售手机的运行（系统）是安卓的系统，我们是安卓生态的坚定支持者，我们能确保现在华为的手机用户在使用安卓的系统时不会受到任何影响”。他进一步表示，“就鸿蒙目前的情况，我们目前没办法披露，上市也没有明确的时间”。O华为副董事长胡厚崑：鸿蒙系统上市时间未定", "author": "新浪财经", "time": "新浪财经06月26日15:34 来自微博weibo.com", "transmit": 66, "comment": 187, "zan": 699, "sentiment": [{"positive_prob": 0.771437, "confidence": 0.492083, "negative_prob": 0.228563, "sentiment": 2}]}]