[{"text": "【突发！#孟晚舟反诉加拿大政府#！】#孟晚舟律师起诉加拿大政府#加拿大《环球邮报》3日消息，目前正被加拿大政府拘押的华为高管孟晚舟已经提起对加拿大政府的民事诉讼，指控其“严重侵犯”自己的宪法权利。孟晚舟的诉讼对象还包括加拿大边境服务局以及加拿大皇家骑警。孟晚舟的律师在诉讼中称，加拿大当局不是立即逮捕她，而是在海关常规检查的幌子下，对孟晚舟进行审讯，并利用这个机会强迫她提供证据及信息。对于孟晚舟的控告，加拿大边境服务局，皇家骑警和联邦政府尚未作出反应。O突发！孟晚舟反诉加拿大政府（环球网）", "author": "中国新闻周刊", "time": "中国新闻周刊03月04日10:44", "transmit": 477, "comment": 522, "zan": 4898, "sentiment": [{"positive_prob": 0.856088, "confidence": 0.680195, "negative_prob": 0.143912, "sentiment": 2}]}, {"text": "#孟晚舟律师起诉加拿大政府#【突发！#孟晚舟反诉加拿大政府#！】加拿大《环球邮报》3日消息，目前正被加拿大政府拘押的华为高管孟晚舟已经提起对加拿大政府的民事诉讼，指控其“严重侵犯”自己的宪法权利。孟晚舟的诉讼对象还包括加拿大边境服务局以及加拿大皇家骑警。孟晚舟的律师在诉讼中称，加拿大当局不是立即逮捕她，而是在海关常规检查的幌子下，对孟晚舟进行审讯，并利用这个机会强迫她提供证据及信息。对于孟晚舟的控告，加拿大边境服务局，皇家骑警和联邦政府尚未作出反应。O突发！孟晚舟反诉加拿大政府", "author": "环球网", "time": "环球网03月04日07:27", "transmit": 972, "comment": 1015, "zan": 8518, "sentiment": [{"positive_prob": 0.828938, "confidence": 0.619862, "negative_prob": 0.171062, "sentiment": 2}]}, {"text": "【孟晚舟的律师对加拿大政府提起诉讼】据当地媒体报道，华为公司首席财务官孟晚舟女士的律师团已对加拿大政府、加拿大边境服务局和皇家骑警（即联邦警察）提起诉讼，指控他们在未告知她的情况下，就对她进行逮捕、搜查和审讯，这些做法都侵犯了她的宪法权利。（央视记者张森）​", "author": "央视新闻", "time": "央视新闻03月04日09:53 来自微博weibo.com", "transmit": 686, "comment": 590, "zan": 4056, "sentiment": [{"positive_prob": 0.507264, "confidence": 0.85472, "negative_prob": 0.492736, "sentiment": 1}]}, {"text": "【孟晚舟的律师对加拿大政府提起诉讼】根据当地媒体报道，华为公司首席财务官孟晚舟女士的律师团已经对加拿大政府、加拿大边境服务局和皇家骑警（即联邦警察）提起诉讼，指控他们在未告知她的情况下，就对她进行逮捕、搜查和审讯，这些做法都侵犯了她的宪法权利。​", "author": "头条新闻", "time": "头条新闻03月04日07:18 来自微博weibo.com", "transmit": 259, "comment": 460, "zan": 1099, "sentiment": [{"positive_prob": 0.627148, "confidence": 0.171439, "negative_prob": 0.372852, "sentiment": 2}]}, {"text": "【#5G手机大盘点#，三星、LG、华为各有千秋，你会选择哪一款？】2019年，随着#5G#技术产业化和商用化进程的不断加速，各大厂商的5G手机也层出不穷，例如华为折叠屏，三星S10+。在全球这些最受关注的5G手机中，哪一款你更中意呢？L界面Vnews的秒拍视频​", "author": "新浪科技", "time": "新浪科技03月04日16:00 来自微博weibo.com", "transmit": 445, "comment": 682, "zan": 1662, "sentiment": [{"positive_prob": 0.981456, "confidence": 0.95879, "negative_prob": 0.0185445, "sentiment": 2}]}, {"text": "【外媒称#华为准备起诉美国政府#指其违背宪法】据美国《纽约时报》和英国路透社等多家外媒报道，华为方面准备在美国其美国总部所在得克萨斯州将美国政府告上法庭，起诉的对象则是去年美国国会通过、并由白宫签署的“国防授权法案”中的一项条款。该条款禁止美国联邦政府机构使用华为和中国另一家中国通讯企业中兴的技术。《纽约时报》引述“消息人士”的说法称，华为准备在法庭上的诉讼理由是认为美国政府对华为的做法构成了“剥夺公权法案”的情形，即该法案中的条款对华为构成了明显的“未审先判”，而美国的宪法则禁止美国国会通过这样的法律。换言之，华为认为美国政府禁止联邦政府机构使用华为等中国企业技术的做法，是违背美国宪法的。路透社的最新报道也确认了《纽约时报》的说法，并表示美国政府和华为方面都尚未就这一报道给出回应。但华为方面准备在周四再次邀请国际媒体参加公司在深圳总部的一场新闻发布会。路透社还认为，从起诉加拿大政府到起诉美国政府，华为近期一系列法律行动似乎是对美国政府发动其盟友封杀华为而发起的反击。@环球时报O外媒称华为准备起诉美国政府称其做法违背美宪法", "author": "头条新闻", "time": "头条新闻03月04日22:40 来自微博weibo.com", "transmit": 296, "comment": 252, "zan": 698, "sentiment": [{"positive_prob": 0.267644, "confidence": 0.405235, "negative_prob": 0.732356, "sentiment": 0}]}, {"text": "【外媒称华为准备起诉美国政府指其违背宪法】据美国《纽约时报》和英国路透社等多家外媒报道，华为方面准备在美国其美国总部所在得克萨斯州将美国政府告上法庭，起诉的对象则是去年美国国会通过、并由白宫签署的“国防授权法案”中的一项条款。该条款禁止美国联邦政府机构使用华为和中国另一家中国通讯企业中兴的技术。《纽约时报》引述“消息人士”的说法称，华为准备在法庭上的诉讼理由是认为美国政府对华为的做法构成了“剥夺公权法案”的情形，即该法案中的条款对华为构成了明显的“未审先判”，而美国的宪法则禁止美国国会通过这样的法律。换言之，华为认为美国政府禁止联邦政府机构使用华为等中国企业技术的做法，是违背美国宪法的。路透社的最新报道也确认了《纽约时报》的说法，并表示美国政府和华为方面都尚未就这一报道给出回应。但华为方面准备在周四再次邀请国际媒体参加公司在深圳总部的一场新闻发布会。路透社还认为，从起诉加拿大政府到起诉美国政府，华为近期一系列法律行动似乎是对美国政府发动其盟友封杀华为而发起的反击。", "author": "环球时报", "time": "环球时报03月04日21:50 来自微博weibo.com", "transmit": 202, "comment": 414, "zan": 627, "sentiment": [{"positive_prob": 0.139053, "confidence": 0.690993, "negative_prob": 0.860947, "sentiment": 0}]}, {"text": "#胡侃#华为挺住。美国封它的市场，它就要让自己的产品不可取代。美国不卖它零件，它就要能自己生产出来。美加抓它的人，它就与他们打官司。天将降大任于斯人，必将先让其承受种种磨难，一个人是这样，一个公司亦如此。L胡锡进的微博视频​", "author": "胡锡进", "time": "胡锡进03月04日23:03 来自微博weibo.com", "transmit": 403, "comment": 922, "zan": 1084, "sentiment": [{"positive_prob": 0.616379, "confidence": 0.14751, "negative_prob": 0.383621, "sentiment": 2}]}, {"text": "【孟晚舟的律师对加拿大政府提起诉讼】据当地媒体报道，华为公司首席财务官孟晚舟女士的律师团已对加拿大政府、加拿大边境服务局和皇家骑警（即联邦警察）提起诉讼，指控他们在未告知她的情况下，就对她进行逮捕、搜查和审讯，这些做法都侵犯了她的宪法权利。@央视新闻​", "author": "环球时报", "time": "环球时报03月04日10:07 来自微博weibo.com", "transmit": 91, "comment": 267, "zan": 749, "sentiment": [{"positive_prob": 0.468283, "confidence": 0.36567, "negative_prob": 0.531716, "sentiment": 1}]}, {"text": "任正非和华为太老实了，碰上一群西方的流氓。对方力量大，还嗓门高，华为怎能不吃亏？可悲的是，咱们中国这边愿意帮着踩华为的精神洋奴也有不少。一些人骂政府，我理解。哪国政府不挨骂？为发泄情绪得谁骂谁，我也理解。就是一头是美国加拿大，一头是华为，那些人给前者那么明显的迫害行为帮腔叫好，我是死活明白不了为什么。所以在我微博下面碰到这样的主，我就当精神病人给拉黑了事。", "author": "胡锡进", "time": "胡锡进03月04日01:23 来自iPhone7Plus", "transmit": 447, "comment": 2141, "zan": 1960, "sentiment": [{"positive_prob": 0.00446732, "confidence": 0.990072, "negative_prob": 0.995533, "sentiment": 0}]}, {"text": "【多家外媒称华为准备起诉美国政府】今天，华为决定就孟晚舟案起诉加拿大政府一事，引起了国内外很多人的关注。但这似乎并不是华为公司为了维护自己权益而准备采取的唯一一个法律行动。就在刚才，美国《纽约时报》和英国路透社等多家外媒就宣称，华为还准备起诉美国政府!O多家外媒：华为准备起诉美国政府称美国政府违宪​", "author": "新浪科技", "time": "新浪科技03月04日20:57 来自微博weibo.com", "transmit": 236, "comment": 61, "zan": 205, "sentiment": [{"positive_prob": 0.131276, "confidence": 0.708276, "negative_prob": 0.868724, "sentiment": 0}]}, {"text": "【孟晚舟律师对加拿大政府提起诉讼】据当地媒体报道，华为公司首席财务官孟晚舟女士的律师团已经对加拿大政府、加拿大边境服务局和皇家骑警（即联邦警察）提起诉讼，指控他们在未告知她的情况下，就对她进行逮捕、搜查和审讯，这些做法都侵犯了她的宪法权利。孟晚舟女士是2018年12月1日在乘飞机过境温哥华的时候被加拿大警方逮捕的，加方是按照美国的要求和加美引渡协议实施逮捕的，她目前已经获得保释，将于3月6日出庭，加方法庭将对是否允许美国引渡她进行听证和裁决。央视新闻+客户端O孟晚舟律师对加拿大政府提起诉讼", "author": "澎湃新闻", "time": "澎湃新闻03月04日08:22 来自360安全浏览器", "transmit": 132, "comment": 196, "zan": 333, "sentiment": [{"positive_prob": 0.89154, "confidence": 0.758977, "negative_prob": 0.10846, "sentiment": 2}]}, {"text": "孟晚舟案司法大战拉开帷幕，华为加油（社评） 孟晚舟1日控告加拿大多个政府部门在她遭羁押期间以不实名义对她进行逼供、搜查，严重侵犯她的宪法权益。 同一天，加拿大政府启动了将孟晚舟引渡到美国的法律程序，孟晚舟的反击意味着这场通过司法体系实施的政治迫害与反迫害的斗争全面拉开帷幕。在美国和加拿大的司法体系中，这可能成为一场旷日持久的法律消耗战。 由于被迫害的对象是中国一家重要民营公司和它的高管，这还可以看成美加通过司法体系对中国公司的一场特殊洗劫。这将是一场昂贵的官司，但是华为无路可退，只能把官司打下去，守护孟晚舟和公司的清白，避免或推迟美方政治迫害的最坏结果。 这是美方发起针对华为的一眼就能看穿的政治闹剧，但是它能够在美加之间做成一个装腔作势、看似逼真的法律官司，这显示了美加司法体系的强势，以及它服务于政治的工具化能力。美加舆论总体上没有勇气捅破这层窗户纸，一语道出真相的加拿大驻华大使因此丢了官，对国家利益的狭隘认识显然绑架了大多数美加媒体。 看来华为只有把这场官司当成真的司法诉讼全力应对这一条路，费时、耗力、破财，这些看来都是它走到行业领军位置，成为美国盯上的“出头鸟”而不得不付的代价。 一场纯法律官司不可能引发孟晚舟案如此大规模且持续的轰动，即便乔布斯在世因为非政治原因吃官司，恐怕也只会轰动一时。美国国会议员现在说起华为，哪个不是带着政治怨愤的咬牙切齿？但这也正是最让人担忧的：美国政治迫害华为是否会成为对今后国家竞争有引导作用的示范？ 我们希望孟晚舟案最终会出现转机，或者在漫长的司法程序中某一个环节被良知和真正的法治精神主导，打破美加政治巧妙操弄法律而推动的体系性的随波逐流。或者美加从顶层意识到这一游戏的肮脏，那样的话他们是不难找到撤销此案的法律理由的。 对华为公司我们想说，美国发起的诉讼对华为肯定是很大的冲击，但华为一定要挺住。该公司既要努力打赢官司，又不能被它牵制，将科研和市场的努力分心。进一步强大是它应对当前各种挑战的最大资本。美国封它的市场，它就要让自己的产品不可取代。美国不卖它零件，它就要能自己生产出来。美国抓它的人，它就要表现意志的坚强。它要证明自己被压不倒，挤不垮，它是美国和西方必须坦然接受的高科技存在。 在5G网络建设中保持领先，市场销售顶着美国的压力继续扩大，再打一场在西方也堪称高水平的法律官司，这样的华为才不负众望。天将降大任于斯人，必先给其以种种磨难，一个人是这样，一个公司亦是如此。 ", "author": "胡锡进", "time": "胡锡进03月04日14:41 来自iPhone7Plus", "transmit": 430, "comment": 1275, "zan": 1348, "sentiment": [{"positive_prob": 0.013026, "confidence": 0.971053, "negative_prob": 0.986974, "sentiment": 0}]}, {"text": "【突发！#孟晚舟反诉加拿大政府#！】加拿大《环球邮报》3日消息，目前正被加拿大政府拘押的华为高管孟晚舟已经提起对加拿大政府的民事诉讼，指控其“严重侵犯”自己的宪法权利。孟晚舟的诉讼对象还包括加拿大边境服务局以及加拿大皇家骑警。孟晚舟的律师在诉讼中称，加拿大当局不是立即逮捕她，而是在海关常规检查的幌子下，对孟晚舟进行审讯，并利用这个机会强迫她提供证据及信息。对于孟晚舟的控告，加拿大边境服务局，皇家骑警和联邦政府尚未作出反应。@环球网O突发！孟晚舟反诉加拿大政府", "author": "中国日报", "time": "中国日报03月04日08:03 来自微博weibo.com", "transmit": 83, "comment": 143, "zan": 349, "sentiment": [{"positive_prob": 0.804068, "confidence": 0.564595, "negative_prob": 0.195932, "sentiment": 2}]}, {"text": "【孟晚舟的律师对加拿大政府提起诉讼】据央视新闻消息，根据当地媒体报道，华为公司首席财务官孟晚舟女士的律师团已经对加拿大政府、加拿大边境服务局和皇家骑警（即联邦警察）提起诉讼，指控他们在未告知她的情况下，就对她进行逮捕、搜查和审讯，这些做法都侵犯了她的宪法权利。O孟晚舟的律师对加拿大政府提起诉讼​", "author": "新浪财经", "time": "新浪财经03月04日07:32 来自专业版微博", "transmit": 131, "comment": 110, "zan": 521, "sentiment": [{"positive_prob": 0.603456, "confidence": 0.11879, "negative_prob": 0.396544, "sentiment": 2}]}, {"text": "【#孟晚舟律师对加拿大政府提起诉讼#】据当地媒体报道，华为公司首席财务官孟晚舟女士的律师团已对加拿大政府、加拿大边境服务局和皇家骑警（即联邦警察）提起诉讼，指控他们在未告知她的情况下，就对她进行逮捕、搜查和审讯，这些做法都侵犯了她的宪法权利。@央视新闻​​​​", "author": "新京报", "time": "新京报03月04日10:08 来自微博weibo.com", "transmit": 107, "comment": 217, "zan": 247, "sentiment": [{"positive_prob": 0.633376, "confidence": 0.18528, "negative_prob": 0.366624, "sentiment": 2}]}, {"text": "【外媒称华为准备起诉美国政府指其违背宪法】据美国《纽约时报》和英国路透社等多家外媒报道，华为方面准备在美国其美国总部所在得克萨斯州将美国政府告上法庭，起诉的对象则是去年美国国会通过、并由白宫签署的“国防授权法案”中的一项条款。该条款禁止美国联邦政府机构使用华为和中国另一家中国通讯企业中兴的技术。《纽约时报》引述“消息人士”的说法称，华为准备在法庭上的诉讼理由是认为美国政府对华为的做法构成了“剥夺公权法案”的情形，即该法案中的条款对华为构成了明显的“未审先判”，而美国的宪法则禁止美国国会通过这样的法律。换言之，华为认为美国政府禁止联邦政府机构使用华为等中国企业技术的做法，是违背美国宪法的。路透社的最新报道也确认了《纽约时报》的说法，并表示美国政府和华为方面都尚未就这一报道给出回应。但华为方面准备在周四再次邀请国际媒体参加公司在深圳总部的一场新闻发布会。路透社还认为，从起诉加拿大政府到起诉美国政府，华为近期一系列法律行动似乎是对美国政府发动其盟友封杀华为而发起的反击。@环球时报", "author": "环球网", "time": "环球网03月04日23:34", "transmit": 101, "comment": 103, "zan": 517, "sentiment": [{"positive_prob": 0.160136, "confidence": 0.644143, "negative_prob": 0.839864, "sentiment": 0}]}, {"text": "【#孟晚舟律师起诉加拿大政府#】3月3日据央视新闻消息，根据当地媒体报道，华为公司首席财务官孟晚舟女士的律师团已经对加拿大政府、加拿大边境服务局和皇家骑警（即联邦警察）提起诉讼，指控他们在未告知她的情况下，就对她进行逮捕、搜查和审讯，这些做法都侵犯了她的宪法权利。O孟晚舟的律师对加拿大政府提起诉讼​", "author": "凤凰网财经", "time": "凤凰网财经03月04日07:50 来自专业版微博", "transmit": 196, "comment": 875, "zan": 1744, "sentiment": [{"positive_prob": 0.691245, "confidence": 0.313879, "negative_prob": 0.308755, "sentiment": 2}]}, {"text": "【外交部：敦促加方立即释放孟晚舟让她平安回到中国】外交部发言人陆慷4日表示，我们再次敦促美方立即撤销对孟晚舟女士的逮捕令和引渡请求，敦促加方立即释放孟晚舟女士，让她平安回到中国并切实保障她的合法正当权益，避免错上加错。针对记者提问：华为公司孟晚舟女士的律师已对加拿大政府、警方等部门提起诉讼，中方是否支持？　　陆慷表示，关于孟晚舟女士和华为公司所采取的法律行动，建议你直接向华为公司去了解。　　陆慷强调，中国政府在孟晚舟事件上的立场非常明确。美国和加拿大两国滥用其双边引渡条约对中国公民采取强制措施，这是对中国公民合法权益的严重侵犯，也是一起严重的政治事件。O网页链接", "author": "中国新闻网", "time": "中国新闻网03月04日19:37 来自微博weibo.com", "transmit": 44, "comment": 34, "zan": 288, "sentiment": [{"positive_prob": 0.659535, "confidence": 0.24341, "negative_prob": 0.340466, "sentiment": 2}]}, {"text": "【孟晚舟的律师对加拿大政府提起诉讼】据当地媒体报道，华为公司首席财务官孟晚舟女士的律师团已对加拿大政府、加拿大边境服务局和皇家骑警（即联邦警察）提起诉讼，指控他们在未告知她的情况下，就对她进行逮捕、搜查和审讯，这些做法都侵犯了她的宪法权利。@央视新闻​", "author": "中国新闻网", "time": "中国新闻网03月04日10:01 来自微博weibo.com", "transmit": 47, "comment": 132, "zan": 264, "sentiment": [{"positive_prob": 0.468283, "confidence": 0.36567, "negative_prob": 0.531716, "sentiment": 1}]}, {"text": "【社评：明尼苏达大学拒绝华为和孔院的启示】明尼苏达大学的做法令我们感慨，但不值得我们效仿，把它作为制定更保守社会政策的依据。不管美国开不开放，中国必须是开放的。四十年来积累的这一经验决不可因为外部环境的一些变化而动摇，美国为防中国而搞过头的可笑做法更多应该引起我们的警醒，帮助我们引以为戒。O社评：明尼苏达大学拒绝华为和孔院的启示", "author": "环球时报", "time": "环球时报03月04日10:50 来自微博weibo.com", "transmit": 60, "comment": 251, "zan": 199, "sentiment": [{"positive_prob": 0.071177, "confidence": 0.841829, "negative_prob": 0.928823, "sentiment": 0}]}, {"text": "为了出差背包轻点，咸鱼了一个超级小的“壹号本”，目前第一感觉是真小，够轻，键盘有点别扭，type-c电源跟其他type-c，比如华为的type-c充电器并不通用，至于其他的，我先用着，碰到问题在跟大家分享……​", "author": "陈震同学", "time": "陈震同学03月04日15:53 来自HUAWEIMate20Pro", "transmit": 23, "comment": 292, "zan": 427, "sentiment": [{"positive_prob": 0.629413, "confidence": 0.176473, "negative_prob": 0.370587, "sentiment": 2}]}, {"text": "【孟晚舟的律师对加拿大政府提起诉讼】据当地媒体报道，华为公司首席财务官孟晚舟女士的律师团已对加拿大政府、加拿大边境服务局和皇家骑警（即联邦警察）提起诉讼，指控他们在未告知她的情况下，就对她进行逮捕、搜查和审讯，这些做法都侵犯了她的宪法权利。O孟晚舟的律师对加拿大政府提起诉讼​", "author": "每日经济新闻", "time": "每日经济新闻03月04日07:33 来自HUAWEIMate20", "transmit": 49, "comment": 23, "zan": 255, "sentiment": [{"positive_prob": 0.494737, "confidence": 0.894735, "negative_prob": 0.505263, "sentiment": 1}]}, {"text": "【#孟晚舟反诉加拿大政府#：侵犯宪法权利】据加媒3月3日报道，华为公司首席财务官孟晚舟女士的律师团已经对加拿大政府、加拿大边境服务局和皇家骑警提起诉讼，指控他们在未告知她的情况下，就对她进行逮捕、搜查和审讯，这些做法都侵犯了她的宪法权利。@中宏网新闻L中宏网新闻的微博视频​", "author": "新浪视频", "time": "新浪视频03月04日11:26 来自专业版微博", "transmit": 52, "comment": 74, "zan": 118, "sentiment": [{"positive_prob": 0.44437, "confidence": 0.0125105, "negative_prob": 0.55563, "sentiment": 0}]}, {"text": "#孟晚舟反诉加拿大政府#【反击！孟晚舟起诉加拿大多个政府部门涉嫌违宪！】我早就说过，法律才是拯救华为公主最有力的武器。加拿大检察官不怕外交官，怕律师。国际交往，得懂人家的国情。看看华为公主强大律师团的操作手法！据环球邮报消息，华为公司CFO孟晚舟将加拿大联邦政府、加拿大边境事务局、以及加拿大皇家骑警告上法庭，指控他们在12月1日温哥华国际机场对其实施拘留时“严重违反”她的宪法权利。代表孟晚舟的律师事务所GudmundsethMickelsonLLP周日发表声明称，已于3月1日将一份民事索赔通知提交给卑诗省最高法院。指控称，加拿大政府官员严重侵犯了孟女士的宪法权利。加拿大边境事务局官员在例行边境检查的幌子下，在孟晚舟被捕前对其非法搜身、拘禁、询问、以及搜查证据，非法侵犯了她的合法权益。并要求对“公职人员的不当行为和非法监禁”进行赔偿。孟晚舟去年12月在温哥华停留时遭到拘留，美国检察官指控孟和华为欺诈，以规避美国对伊朗的制裁。她的这起案件也造成了中国与加拿大之间的外交争端。指控尚未在法庭上得到证实。联邦政府、加拿大边境事务局官员和加拿大皇家骑警尚未提交辩护声明。#必知法律常识#启动引渡程序不等于决定引渡。根据1999年加拿大引渡法规定的程序：加政府如果认为美方提交的材料在形式上已满足启动引渡申请程序的证据要求，就通过司法部发出授权指令，向法院申请启动引渡程序。所以司法部的决定，只是启动了司法程序而已。加法院如果同意受理，则在规定期限内开庭审理。如果法官裁定不可引渡，则加政府必须立即放人并结束引渡程序。如果法官裁定可以引渡，则加政府再根据自己的行政决策，选择是否向美方引渡。也就是说，加法院可以决定不予引渡，但不能要求加政府引渡。所以华为公主是否会引渡给美方，还有两道截然不同的关卡，仍然存在很多可努力的空间。遇事要冷静分析，独立思考，然后针锋相对地提出应对、反击方案。千万不要以己度人、被@戴旭这样只会胡乱叫嚣的法盲和喷子们误导了。2黔西南布依族苗族自治州·兴义富康国际酒店", "author": "邓学平律师", "time": "邓学平律师03月04日08:48 来自iPhoneX", "transmit": 453, "comment": 468, "zan": 1362, "sentiment": [{"positive_prob": 0.0670565, "confidence": 0.850985, "negative_prob": 0.932943, "sentiment": 0}]}, {"text": "#5G手机大盘点#近日，三星、华为陆续发布可折叠手机。TCL通讯也发布了全系列可折叠产品和概念手机，并且公布其首创DragonHinge专利铰链技术。其中，华为MateX是世界上首款支持5G的折叠屏手机。L新京报我们视频的秒拍视频​", "author": "微博科技", "time": "微博科技03月04日14:40", "transmit": 55, "comment": 111, "zan": 344, "sentiment": [{"positive_prob": 0.966538, "confidence": 0.925641, "negative_prob": 0.0334617, "sentiment": 2}]}, {"text": "【外媒：华为准备起诉美国政府】据环球时报援引《纽约时报》消息，华为准备在得克萨斯州将美国政府告上法庭，起诉的对象是“国防授权法案”中的一项条款：禁止美国联邦政府机构使用华为和中兴的技术。华为认为美国政府禁止联邦政府机构使用华为等中企技术的做法，违背美国宪法。O外媒：华为准备起诉美国政府​", "author": "凤凰网", "time": "凤凰网03月04日21:18 来自专业版微博", "transmit": 80, "comment": 196, "zan": 312, "sentiment": [{"positive_prob": 0.652821, "confidence": 0.228491, "negative_prob": 0.347179, "sentiment": 2}]}, {"text": "#微观两会#【张业遂回应美国要求一些国家停止与华为合作：既不公正也不道德】#两会声音#美国政府的一些官员拿国家情报法说事，渲染特定中国企业产品存在所谓安全风险，是以政治手段干预经济行为，违反世贸组织规则，干扰公平竞争的国际市场秩序，是典型的双重标准，既不公正，也不道德。​​​​", "author": "中国新闻网", "time": "中国新闻网03月04日12:39 来自微博weibo.com", "transmit": 28, "comment": 29, "zan": 109, "sentiment": [{"positive_prob": 0.109556, "confidence": 0.756543, "negative_prob": 0.890444, "sentiment": 0}]}, {"text": "【#孟晚舟对加拿大政府提起诉讼#】据央视新闻消息，根据当地媒体报道，华为公司首席财务官孟晚舟女士的律师团已经对加拿大政府、加拿大边境服务局和皇家骑警提起诉讼，指控他们在未告知她的情况下，就对她进行逮捕、搜查和审讯，这些做法都侵犯了她的宪法权利。O孟晚舟的律师对加拿大政府提起诉讼​", "author": "新浪科技", "time": "新浪科技03月04日07:30 来自微博weibo.com", "transmit": 68, "comment": 27, "zan": 119, "sentiment": [{"positive_prob": 0.739037, "confidence": 0.420083, "negative_prob": 0.260963, "sentiment": 2}]}, {"text": "小米的目标是华为；红米的目标是荣耀；华为的目标是星果；荣耀的目标是小米。这个对手假想图还是蛮有意思的。​", "author": "科技小布", "time": "科技小布03月04日11:27 来自微博weibo.com", "transmit": 19, "comment": 195, "zan": 267, "sentiment": [{"positive_prob": 0.963329, "confidence": 0.918508, "negative_prob": 0.0366713, "sentiment": 2}]}]