[{"text": "【任正非：#华为将从全世界招天才少年#，未来要自己创造标准】6月27日，华为内部的心声社区挂出华为创始人、CEO任正非6月20日在公司EMT（经营管理团队）内部的讲话。任正非称：“今年我们将从全世界招进20-30名天才少年，明年我们还想从世界范围招进200-300名。这些天才少年就像‘泥鳅’一样，钻活我们的组织，激活我们的队伍。”任正非还表示，华为公司未来要拖着这个世界往前走，自己创造标准，“只要能做成世界最先进，那我们就是标准，别人都会向我们靠拢。”O任正非：华为将从世界范围招揽天才少年，未来要自己创造标准", "author": "澎湃新闻", "time": "澎湃新闻06月27日23:40 来自微博weibo.com", "transmit": 4521, "comment": 11075, "zan": 303385, "sentiment": [{"positive_prob": 0.976872, "confidence": 0.948605, "negative_prob": 0.0231275, "sentiment": 2}]}, {"text": "来济南，与我一起感受#DigiX数字生活节#的魅力。@华为终端云服务(Ps:已入手一台千玺哥@TFBOYS-易烊千玺代言的华为nova5开心开心❤️❤️❤️)​", "author": "TI_重阳Roy", "time": "TI_重阳Roy06月27日22:53", "transmit": 39, "comment": 219, "zan": 3358, "sentiment": [{"positive_prob": 0.977823, "confidence": 0.950717, "negative_prob": 0.0221773, "sentiment": 2}]}, {"text": "【#华为发布知识产权白皮书#：将知识产权问题政治化会威胁全球技术进步】今天，华为公司发布创新和知识产权白皮书。华为技术有限公司高级副总裁及首席法务官宋柳平表示，知识产权是创新的基础，将知识产权问题政治化会威胁全球技术的进步。如果知识产权沦为政客的工具，将伤害人们对专利保护制度的信心。如果某些政府选择性剥夺一些公司的知识产权，将会摧毁全球创新的根基。华为愿与世界分享5G等技术成果。", "author": "央视新闻", "time": "央视新闻06月27日19:06 来自微博weibo.com", "transmit": 344, "comment": 193, "zan": 2766, "sentiment": [{"positive_prob": 0.992994, "confidence": 0.98443, "negative_prob": 0.00700639, "sentiment": 2}]}, {"text": "华为展厅的5G无人矿山的远程挖机，司机师傅将来在空调房里操作，不再遭罪了2上海·上海新国际博览中心L奥卡姆剃刀的微博视频​", "author": "奥卡姆剃刀", "time": "奥卡姆剃刀06月27日16:41 来自HUAWEIMate20Pro", "transmit": 10338, "comment": 2446, "zan": 35031, "sentiment": [{"positive_prob": 0.31309, "confidence": 0.304245, "negative_prob": 0.68691, "sentiment": 0}]}, {"text": "#美国拟立法不承认华为专利#【华为：某些政府选择性剥夺公司的知识产权，将摧毁全球创新根基】6月27日上午，华为发布了创新和知识产权白皮书，并呼吁勿将知识产权问题政治化。华为首席法务官宋柳平表示“如果知识产权沦为政客的工具，将伤害人们对专利保护制度的信心。如果某些政府选择性剥夺一些公司的知识产权，将会摧毁全球创新的根基。”据此前报道，美国参议员卢比奥提出要立法禁止华为公司通过美国的法院向美国企业索要专利费。华为数据显示，自2015年以来，华为获得的知识产权收入累计超过14亿美元。（记者戴铠亦马思）", "author": "中国日报", "time": "中国日报06月27日13:50 来自微博weibo.com", "transmit": 107, "comment": 186, "zan": 2128, "sentiment": [{"positive_prob": 0.974443, "confidence": 0.943206, "negative_prob": 0.0255571, "sentiment": 2}]}, {"text": "【剑桥教授：若美国立法禁止华为收专利费，下一家可能是任何外国公司】今天华为公司在深圳召开关于知识产权问题的发布会，期间播放了一段第三方学者的证言视频，讲述了华为公司对于知识产权的保护。剑桥大学贾吉商学院教授PeterWilliamson表示，“华为加入了全球400多个标准制定组织、交叉许可协议、联盟和开源社区，然而卢比奥参议员却提出了新的立法，阻止华为在美国就其专利行使知识产权以及与美国公司实施交叉许可...我们的国际知识产权辩论要实事求是，而不是基于情感和政治上的权宜之计。”@这视频L这视频的秒拍视频", "author": "环球时报", "time": "环球时报06月27日15:30 来自微博weibo.com", "transmit": 98, "comment": 104, "zan": 857, "sentiment": [{"positive_prob": 0.940786, "confidence": 0.868413, "negative_prob": 0.0592142, "sentiment": 2}]}, {"text": "【华为目前拥有专利87805项，呼吁勿将知识产权问题政治化】今天，中国华为公司在其深圳总部发布了一份名为《尊重和保护知识产权是创新的必由之路》的白皮书。其中透露截至2018年底，华为累计获得授权专利87805项，其中11152项是美国专利，并且自2015年以来获得了累计超过14亿美元的知识产权收入。华为首席法务官宋柳平在发布会上表示，“如果知识产权沦为政客的工具，将伤害人们对专利保护制度的信心，如果某些政府选择性剥夺一些公司的知识产权，将会摧毁全球创新的根基。”另外，华为还累计对外支付超过60亿美元的专利费用于合法使用其他公司的专利，其中80%是给的美国公司。（图为华为首席法务官宋柳平）", "author": "环球时报", "time": "环球时报06月27日11:10 来自微博weibo.com", "transmit": 106, "comment": 125, "zan": 1382, "sentiment": [{"positive_prob": 0.943186, "confidence": 0.873747, "negative_prob": 0.056814, "sentiment": 2}]}, {"text": "【外媒：多家美国公司绕开禁令继续对华为供货】美光科技称对华为已经恢复了部分芯片的出货，预计芯片需求将在下半年恢复，股价大涨。英特尔、微软承诺继续向华为设备提供软件更新支持。此外，多家美国芯片制造商已找到绕开美国禁令的方法，继续向华为出售产品。@老板联播L老板联播的秒拍视频​", "author": "新浪财经", "time": "新浪财经06月27日11:43 来自微博weibo.com", "transmit": 70, "comment": 165, "zan": 619, "sentiment": [{"positive_prob": 0.977775, "confidence": 0.950611, "negative_prob": 0.022225, "sentiment": 2}]}, {"text": "【#周鸿祎强烈建议华为鸿蒙开源# 大家共同参与打造】在首届“2019南京创新周”大会上，周鸿祎强烈建议华为可以用开源的方式开发鸿蒙系统，把这个操作系统像安卓一样开源，这样就会变成整个中国IT产业、互联网产业共同参与打造的一个生态操作系统，我为人人，人人为我。@老板联播L老板联播的秒拍视频​", "author": "财经网", "time": "财经网06月27日13:49 来自微博weibo.com", "transmit": 64, "comment": 191, "zan": 760, "sentiment": [{"positive_prob": 0.9008, "confidence": 0.779557, "negative_prob": 0.0991996, "sentiment": 2}]}, {"text": "【任正非：#华为将从全世界招揽天才少年#】华为内部的心声社区挂出华为创始人任正非6月20日在公司EMT内部的讲话。任正非称：“今年我们将从全世界招进20-30名天才少年，明年我们还想从世界范围招进200-300名。这些天才少年就像‘泥鳅’一样，钻活我们的组织，激活我们的队伍。”O任正非：华为将从世界范围招揽天才少年​", "author": "新浪财经", "time": "新浪财经06月27日22:58 来自微博weibo.com", "transmit": 134, "comment": 242, "zan": 834, "sentiment": [{"positive_prob": 0.83788, "confidence": 0.639734, "negative_prob": 0.16212, "sentiment": 2}]}, {"text": "【#周鸿祎谈华为鸿蒙#：建议开源打造生态，让其他手机厂商也能用】6月26日，360集团董事长兼CEO@周鸿祎在“2019南京创新周”大会上称：建议华为可以用开源的方式开发鸿蒙系统，把这个操作系统像安卓一样开源，变成整个中国IT产业、互联网产业共同参与打造的一个生态操作系统。O周鸿祎谈华为鸿蒙系统：建议用开源机制打造生态L五环短视频的秒拍视频", "author": "新浪财经", "time": "新浪财经06月27日13:12 来自微博weibo.com", "transmit": 49, "comment": 155, "zan": 402, "sentiment": [{"positive_prob": 0.886207, "confidence": 0.747127, "negative_prob": 0.113793, "sentiment": 2}]}, {"text": "【国防部：#华为没有军方背景#】在27日国防部例行记者会上，针对外媒有关中国军方研究人员和华为公司共同研发的报道，国防部新闻发言人任国强表示，对于一般学术研究我们不做评论，“众所周知，华为公司是一家自主发展的民营企业，没有所谓的军方背景。”此前在5月底6月初新加坡举行的香格里拉对话会上，中国国防部长魏凤和表示，华为是一个民营企业，不能因为华为的老总曾经是军人就认为和军方有关系。(环球时报-环球网报道记者郭媛丹)", "author": "环球时报", "time": "环球时报06月27日17:50 来自微博weibo.com", "transmit": 29, "comment": 138, "zan": 1050, "sentiment": [{"positive_prob": 0.386313, "confidence": 0.141526, "negative_prob": 0.613687, "sentiment": 0}]}, {"text": "【剑桥教授：若美国立法禁止华为收专利费，下一家可能是任何外国公司】今天华为公司在深圳召开关于知识产权问题的发布会，期间播放了一段第三方学者的证言视频，讲述了华为公司对于知识产权的保护。剑桥大学贾吉商学院教授PeterWilliamson表示，“华为加入了全球400多个标准制定组织、交叉许可协议、联盟和开源社区，然而卢比奥参议员却提出了新的立法，阻止华为在美国就其专利行使知识产权以及与美国公司实施交叉许可...我们的国际知识产权辩论要实事求是，而不是基于情感和政治上的权宜之计。”（这视频）L这视频的秒拍视频", "author": "环球网", "time": "环球网06月27日16:17", "transmit": 61, "comment": 54, "zan": 586, "sentiment": [{"positive_prob": 0.942224, "confidence": 0.871609, "negative_prob": 0.0577761, "sentiment": 2}]}, {"text": "【剑桥教授：华为现在是全球秩序的捍卫者】今天，华为在深圳总部召开新闻发布会，发表题为《尊重和保护知识产权是创新的必由之路》的白皮书，呼吁勿将知识产权问题政治化。发布会上播放了一段第三方学者的证言视频，讲述了华为公司对于知识产权的保护。新加坡国立大学和英国剑桥大学知名教授德克里默表示，华为构建了巨大的知识产权库。现在，华为也是支持知识产权的全球运动中的一份子。华为也参与了全球互联网标准的制定。华为参与了400多家标准组织，这些标准组织将技术规范化，使之在全球互通。正如华为的光纤构成了全球联接的一部分。世界通信将日益体现华为开发的知识产权，华为现在已经成为世界经济的开拓者。这是一个伟大的故事，而故事的核心在于知识产权发明和人类的智慧。如果依靠偷窃，华为是不可能在未来取得胜利的。华为现在是全球秩序的捍卫者，在新知识产权的基础上实施和定义新的标准。#华为现在是全球秩序的捍卫者#L环球网的微博视频", "author": "环球网", "time": "环球网06月27日18:08 来自微博视频", "transmit": 193, "comment": 47, "zan": 499, "sentiment": [{"positive_prob": 0.977443, "confidence": 0.949873, "negative_prob": 0.0225572, "sentiment": 2}]}, {"text": "#美国拟立法不承认华为专利#【华为：某些政府选择性剥夺公司的知识产权，将摧毁全球创新根基】6月27日上午，华为发布了创新和知识产权白皮书，并呼吁勿将知识产权问题政治化。华为首席法务官宋柳平表示“如果知识产权沦为政客的工具，将伤害人们对专利保护制度的信心。如果某些政府选择性剥夺一些公司的知识产权，将会摧毁全球创新的根基。”据此前报道，美国参议员卢比奥提出要立法禁止华为公司通过美国的法院向美国企业索要专利费。华为数据显示，自2015年以来，华为获得的知识产权收入累计超过14亿美元。（记者戴铠亦马思）（@中国日报）", "author": "参考消息", "time": "参考消息06月27日15:09 来自微博weibo.com", "transmit": 228, "comment": 216, "zan": 1498, "sentiment": [{"positive_prob": 0.970165, "confidence": 0.933701, "negative_prob": 0.0298347, "sentiment": 2}]}, {"text": "【华为知识产权部部长：华为2018年在欧洲专利授权数量排第2，在美国排第16】刚刚，华为在深圳总部召开新闻发布会，发表提问《尊重和保护知识产权是创新的必由之路》的白皮书，呼吁呼吁勿将知识产权问题政治化。华为知识产权部部长丁建新在新闻发布会上介绍，华为2018年在欧洲专利授权数量排名第二，在美国排第十六。#华为发布创新和知识产权白皮书#", "author": "环球网", "time": "环球网06月27日11:03 来自微博weibo.com", "transmit": 53, "comment": 33, "zan": 541, "sentiment": [{"positive_prob": 0.53284, "confidence": 0.343209, "negative_prob": 0.46716, "sentiment": 1}]}, {"text": "【华为发布知识产权白皮书】华为公司27日发布创新和知识产权白皮书。华为技术有限公司高级副总裁及首席法务官宋柳平表示，知识产权是创新的基础，将知识产权问题政治化会威胁全球技术的进步。华为愿与世界分享5G等技术成果。　　宋柳平表示，华为会采取开放合作的态度，按公平合理无歧视原则与各厂商、运营商进行专利许可和授权的商讨。他说，作为4G、5G的核心专利主要持有人，华为也会和行业进行交叉许可，让产业和消费者能够分享技术成果。　　“如果知识产权沦为政客的工具，将伤害人们对专利保护制度的信心。如果某些政府选择性剥夺一些公司的知识产权，将会摧毁全球创新的根基。”宋柳平说。　　华为公司27日发布名为《尊重和保护知识产权是创新的必由之路》的白皮书。白皮书表示，创新和知识产权保护是华为在过去30多年成功的基础。截至2018年底，华为累计获得授权专利87805项，其中有11152项是美国专利。　　宋柳平表示：“华为愿意与全世界，包括美国公司和美国消费者，继续分享5G等技术成果，促进产业发展和人类进步。”（记者白瑜、孙飞）", "author": "新华视点", "time": "新华视点06月27日18:12 来自微博weibo.com", "transmit": 44, "comment": 16, "zan": 164, "sentiment": [{"positive_prob": 0.971536, "confidence": 0.936747, "negative_prob": 0.0284639, "sentiment": 2}]}, {"text": "【华为发布知识产权白皮书】华为公司27日发布创新和知识产权白皮书。华为技术有限公司高级副总裁及首席法务官宋柳平表示，知识产权是创新的基础，将知识产权问题政治化会威胁全球技术的进步。华为愿与世界分享5G等技术成果。　　宋柳平表示，华为会采取开放合作的态度，按公平合理无歧视原则与各厂商、运营商进行专利许可和授权的商讨。他说，作为4G、5G的核心专利主要持有人，华为也会和行业进行交叉许可，让产业和消费者能够分享技术成果。　　“如果知识产权沦为政客的工具，将伤害人们对专利保护制度的信心。如果某些政府选择性剥夺一些公司的知识产权，将会摧毁全球创新的根基。”宋柳平说。　　华为公司27日发布名为《尊重和保护知识产权是创新的必由之路》的白皮书。白皮书表示，创新和知识产权保护是华为在过去30多年成功的基础。截至2018年底，华为累计获得授权专利87805项，其中有11152项是美国专利。　　宋柳平表示：“华为愿意与全世界，包括美国公司和美国消费者，继续分享5G等技术成果，促进产业发展和人类进步。”", "author": "新华网", "time": "新华网06月27日18:15 来自微博weibo.com", "transmit": 43, "comment": 20, "zan": 172, "sentiment": [{"positive_prob": 0.970526, "confidence": 0.934503, "negative_prob": 0.0294738, "sentiment": 2}]}, {"text": "说是华为P30销售超过一千万台。打开抽屉看一下，嗯，数据完全真实。​", "author": "唐史主任司马迁", "time": "唐史主任司马迁06月27日12:54 来自iPhone7Plus", "transmit": 28, "comment": 197, "zan": 1899, "sentiment": [{"positive_prob": 0.197756, "confidence": 0.560541, "negative_prob": 0.802244, "sentiment": 0}]}, {"text": "#千玺在nova星等你#夸一夸我们NOVA的拍照功能[米奇比心]@华为终端官方微博​", "author": "柯基_Feeling", "time": "柯基_Feeling06月27日19:49 来自HUAWEInova3", "transmit": 15, "comment": 18, "zan": 298, "sentiment": [{"positive_prob": 0.927249, "confidence": 0.838331, "negative_prob": 0.0727508, "sentiment": 2}]}, {"text": "多项大奖揭晓！中国移动2019年智能硬件质量报告公布，华为P30Pro获得3500元以上档手机综合评测第一、拍照和视频专题评测五星、游戏专题评测五星；华为畅享9S获得1500元以下档手机综合评测第一。详情请戳图了解↓​", "author": "华为终端官方微博", "time": "华为终端官方微博06月27日14:00 来自微博weibo.com", "transmit": 60, "comment": 193, "zan": 1376, "sentiment": [{"positive_prob": 0.911781, "confidence": 0.803957, "negative_prob": 0.0882192, "sentiment": 2}]}, {"text": "华为在5G的研发投入已经超过十年，早在2009年4G商用元年我们就启动了5G研究，在这十年间从基础技术、标准、芯片、网络、终端五个领域全方位端到端进行创新。在终端领域，2018年推出了首个5G双模商用芯片和CPE。今年，我们发布了华为全球首个5G双模全网通芯片Balong5000，5G双模全网通手机也已发布！Mate20X5G是中国首个获得进网证的5G手机。我们将继续探索前沿科技，坚持全生态开放合作，携手合作伙伴共同为消费者构筑5G全场景体验！", "author": "华为何刚", "time": "华为何刚06月27日12:53 来自HUAWEIP30Pro", "transmit": 96, "comment": 215, "zan": 1421, "sentiment": [{"positive_prob": 0.979534, "confidence": 0.95452, "negative_prob": 0.0204661, "sentiment": 2}]}, {"text": "【#周鸿祎强烈建议华为鸿蒙开源#：大家共同参与打造这个生态操作系统】在首届“2019南京创新周”大会上，周鸿祎强烈建议华为可以用开源的方式开发鸿蒙系统，把这个操作系统像安卓一样开源，这样就会变成整个中国IT产业、互联网产业共同参与打造的一个生态操作系统，我为人人，人人为我。@老板联播L老板联播的秒拍视频", "author": "梨视频", "time": "梨视频06月27日12:13 来自微博weibo.com", "transmit": 33, "comment": 131, "zan": 445, "sentiment": [{"positive_prob": 0.910612, "confidence": 0.80136, "negative_prob": 0.0893881, "sentiment": 2}]}, {"text": "【周鸿祎强烈建议华为鸿蒙开源：大家共同参与打造】在首届“2019南京创新周”大会上，周鸿祎强烈建议华为可以用开源的方式开发鸿蒙系统，把这个操作系统像安卓一样开源，这样就会变成整个中国IT产业、互联网产业共同参与打造的一个生态操作系统，我为人人，人人为我。L老板联播的秒拍视频​​​", "author": "月光博客", "time": "月光博客06月27日15:30 来自iPhone客户端", "transmit": 62, "comment": 282, "zan": 1862, "sentiment": [{"positive_prob": 0.78923, "confidence": 0.531622, "negative_prob": 0.21077, "sentiment": 2}]}, {"text": "【任正非：#华为将从全世界招揽天才少年#】华为内部的心声社区挂出华为创始人任正非6月20日在公司EMT内部的讲话。任正非称：“今年我们将从全世界招进20-30名天才少年，明年我们还想从世界范围招进200-300名。这些天才少年就像‘泥鳅’一样，钻活我们的组织，激活我们的队伍。”O任正非：华为将从世界范围招揽天才少年​", "author": "新浪科技", "time": "新浪科技06月27日22:57 来自专业版微博", "transmit": 65, "comment": 70, "zan": 315, "sentiment": [{"positive_prob": 0.83788, "confidence": 0.639734, "negative_prob": 0.16212, "sentiment": 2}]}, {"text": "【#华为发布创新和知识产权白皮书#：某些政府剥夺企业知识产权，会摧毁全球创新根基】刚刚，华为在深圳总部召开新闻发布会，发表提问《尊重和保护知识产权是创新的必由之路》的白皮书，呼吁勿将知识产权问题政治化。华为首席法务官宋柳平在发布会上表示，知识产权是创新的基础，将知识产权问题政治化会威胁全球技术的进步。 宋柳平表示，“如果知识产权沦为政客的工具，将伤害人们对专利保护制度的信心。如果某些政府选择性剥夺一些公司的知识产权，将会摧毁全球创新的根基。” 这份白皮书名为《尊重和保护知识产权是创新的必由之路》，详细介绍了华为公司在创新与知识产权保护上实践与贡献。除了自身专利外，华为累计对外支付超过60亿美元专利费用于合法使用其他公司的专利，其中近80%支付给美国公司。 宋柳平表示，知识产权是受到法律保护的私有财产，华为主张通过法律程序来解决知识产权纠纷。在华为过去30多年的经营和发展历程中，没有一起案件被法庭认定存在恶意窃取知识产权的行为，华为也没有因此被法庭判决承担赔偿责任。 众多华为技术创新成果已融入至3G、4G和5G公开标准中，这表明华为对于知识产权采取合作、尊重的态度。宋柳平指出，即使有些国家的客户没有直接购买我们的产品，他们事实上也在使用这些核心专利，分享华为的技术贡献。宋柳平还表达了华为在专利使用上的立场。他表示，华为不会将其专利组合“武器化”，而将采取开放合作的态度，技照公平合理无歧视原则(FRAND),与各厂商和运营商进行专利许可和授权的讨论。宋柳平最后表示，“华为愿意与全世界，包括美国公司和美国消费者，继续分享5G等技术成果，促进产业发展和人类进步。”此外，这份白皮书还详细介绍了持续创新如何帮助华为取得成功，华为创新成果的社会价值以及华为在使用他人知识产权和保护自有知识产权方面的立场。#创新和知识产权白皮书##华为发布重磅白皮书#", "author": "环球网", "time": "环球网06月27日10:30 来自微博weibo.com", "transmit": 42, "comment": 26, "zan": 217, "sentiment": [{"positive_prob": 0.970779, "confidence": 0.935064, "negative_prob": 0.0292214, "sentiment": 2}]}, {"text": "手机圈有一种行为高下立判！许多厂商都急着把未量产的技术拿出来发布，而华为即便拿出麒麟810处理器，发布之前也只字未提！如果都拿实验室技术来宣传，华为2012实验室也要晒晒百宝箱吗？显然华为2012实验室会依然默默无闻的耕耘…​", "author": "宋敬亭", "time": "宋敬亭06月27日09:20 来自热搜第一推荐", "transmit": 17, "comment": 110, "zan": 549, "sentiment": [{"positive_prob": 0.0297051, "confidence": 0.933989, "negative_prob": 0.970295, "sentiment": 0}]}, {"text": "#MWCSH2019#世界移动大会•上海，非常高兴在会上和大家交流华为对于移动终端创新与未来的看法。同时，今天也和大家分享一个好消息，#华为P30#系列上市85天销量突破一千万台，比P20系列突破一千万台提前了62天！消费者的认可是产品硬实力最好的证明，感谢大家的支持！​", "author": "华为何刚", "time": "华为何刚06月27日12:13 来自HUAWEIP30Pro", "transmit": 91, "comment": 159, "zan": 1101, "sentiment": [{"positive_prob": 0.999012, "confidence": 0.997803, "negative_prob": 0.000988416, "sentiment": 2}]}, {"text": "网友买的华为P30不知道怎么了？​", "author": "Geek_Cao", "time": "Geek_Cao06月27日13:04", "transmit": 79, "comment": 1082, "zan": 5815, "sentiment": [{"positive_prob": 0.14942, "confidence": 0.667956, "negative_prob": 0.85058, "sentiment": 0}]}, {"text": "2019世界移动大会•上海（MWC2019）现场传来佳讯，华为消费者业务手机产品线总裁@华为何刚宣布：截止6月20日，#华为P30#系列上市85天，全球销量突破1000万台！感谢全球消费者的认可与信赖，我们将不负每一份期待。​", "author": "华为终端官方微博", "time": "华为终端官方微博06月27日12:22 来自微博weibo.com", "transmit": 93, "comment": 313, "zan": 1998, "sentiment": [{"positive_prob": 0.946127, "confidence": 0.880282, "negative_prob": 0.0538732, "sentiment": 2}]}]