[{"text": "你的运动，我来守护！#华为手环#3系列，支持多种运动模式、实时心率监测、睡眠监测......时刻守护你的健康!【关注并转发系列直播微博，3月24日13:00从转发量最高的微博随机抽华为nova4e三台（颜色随机）#nova4e前置3200万#】​", "author": "华为终端官方微博", "time": "华为终端官方微博03月14日15:18 来自微博weibo.com", "transmit": 812, "comment": 201, "zan": 425, "sentiment": [{"positive_prob": 0.959892, "confidence": 0.910871, "negative_prob": 0.0401082, "sentiment": 2}]}, {"text": "【余承东：希望到年底中国每卖出两台手机，就有一台是华为的】3月14日，华为HILINK生态大会上，华为消费者业务CEO余承东表示，中国每卖出3台手机就有1台是华为的，今年我估计能卖2.5～2.6亿台，市场份额有望接近全球第一。我们低端市场放弃了，不做了，专注做中高端。L老板联播的微博视频", "author": "新浪财经", "time": "新浪财经03月14日18:48 来自微博weibo.com", "transmit": 85, "comment": 597, "zan": 244, "sentiment": [{"positive_prob": 0.134655, "confidence": 0.700766, "negative_prob": 0.865345, "sentiment": 0}]}, {"text": "发布会马上开始，关于即将出场的主角——#nova4e前置3200万#，你们还期待哪些惊喜？【关注并转发系列直播微博，3月24日13:00从转发量最高的微博随机抽华为nova4e三台（颜色随机）】​", "author": "华为终端官方微博", "time": "华为终端官方微博03月14日14:00 来自微博weibo.com", "transmit": 2006, "comment": 745, "zan": 995, "sentiment": [{"positive_prob": 0.94041, "confidence": 0.867578, "negative_prob": 0.0595899, "sentiment": 2}]}, {"text": "【任正非接受CNN采访：#特朗普的策略都是错的#美国政府没有立场评判华为产品】3月13日，华为创始人#任正非接受CNN采访#，这是华为起诉美国后任正非首次接受媒体采访。任正非表示，华为作为世界上最大的电信设备制造商，正遭受不公平的对待。“我们选择在这个时候发出我们的声音，是因为美国政府认为我们危害美国的国家安全”，任正非说，“他们必须要有证据。我现在看世界上都说‘网络安全’，怎么就说华为有网络安全问题?”。他也坚称对于她女儿的法律困境，他“很冷静”。周三被问及孟晚舟被捕后他是否会对前往美国感到紧张，任正非回答说他没有理由去。“美国市场对我们来说很小，”他说，“所以我去美国的价值不存在，还是他们律师比较合适、比较好。”O任正非接受CNN采访：特朗普的策略都是错的", "author": "环球时报", "time": "环球时报03月14日15:10 来自微博weibo.com", "transmit": 86, "comment": 130, "zan": 337, "sentiment": [{"positive_prob": 0.861499, "confidence": 0.692221, "negative_prob": 0.1385, "sentiment": 2}]}, {"text": "【华为余承东：我们永远不做家电，绝不做产业的掠夺者】3月14日，华为HILINK生态大会上，华为消费者业务CEO余承东表示，华为希望助力家电产业，但我们不做家电，做智能家电不为了赚钱，我们希望让消费者获得更多的方便。我们只做产业的赋能者，不做掠夺者。@老板联播L老板联播的微博视频​", "author": "梨视频", "time": "梨视频03月14日22:03 来自微博weibo.com", "transmit": 35, "comment": 134, "zan": 199, "sentiment": [{"positive_prob": 0.077286, "confidence": 0.828253, "negative_prob": 0.922714, "sentiment": 0}]}, {"text": "华为P30Pro红色版渲染图曝光。距离发布会还有一周左右的时间，基本上和真机无异了。后置四枚镜头，一枚超广角，一枚4000万像素主镜头，最下方一枚矩形开孔的潜望式超长焦镜头。右侧闪光灯下方是ToF镜头。前置镜头3200万像素，应该和今天要发布的nova4e相同，掀起一轮前置数毛党的测试。正面水滴屏设计，底部边框我看和Mate20Pro的底边框差不多宽，这么看的话应该没有Ov大厂以及小米9的下巴窄。回忆了一下，好像从P20开始，华为一直不太注重追求窄下巴这个事。另外顶部和底部采用了类似FindX的切削工艺，一定程度上降低了下巴的视觉宽度。", "author": "钟文泽", "time": "钟文泽03月14日08:00 来自HUAWEIMate20Pro", "transmit": 39, "comment": 476, "zan": 380, "sentiment": [{"positive_prob": 0.0753268, "confidence": 0.832607, "negative_prob": 0.924673, "sentiment": 0}]}, {"text": "【任正非：特朗普今天恐吓一个国家，明天威胁一家公司，以后谁还去美国投资呢】3月13日任正非接受CNN专访称：川普的策略是错的，今天恐吓一个国家，明天威胁一个企业，肆意逮捕某个人，谁还敢在美国投资。#没有华为美国就安全了吗#？美国又怎么向其他国家说，不用华为网络就安全了？@五环短视频L五环短视频的秒拍视频", "author": "观察者网", "time": "观察者网03月14日15:35 来自微博weibo.com", "transmit": 203, "comment": 155, "zan": 463, "sentiment": [{"positive_prob": 0.229315, "confidence": 0.49041, "negative_prob": 0.770685, "sentiment": 0}]}, {"text": "美美的自拍，满满的惊喜，关于这份#nova4e前置3200万#你们想知道的，都在这张图里了。【关注并转发系列直播微博，3月24日13:00从转发量最高的微博随机抽华为nova4e三台（颜色随机）】​", "author": "华为终端官方微博", "time": "华为终端官方微博03月14日15:31 来自微博weibo.com", "transmit": 1161, "comment": 351, "zan": 729, "sentiment": [{"positive_prob": 0.974449, "confidence": 0.943219, "negative_prob": 0.0255513, "sentiment": 2}]}, {"text": "【余承东：希望到年底中国每卖出两台手机，就有一台是华为的】3月14日，华为HILINK生态大会上，华为消费者业务CEO余承东表示，中国每卖出3台手机就有1台是华为的，今年我估计能卖2.5～2.6亿台，市场份额有望接近全球第一。我们低端市场放弃了，不做了，专注做中高端。@老板联播L老板联播的微博视频", "author": "梨视频", "time": "梨视频03月14日22:53 来自微博weibo.com", "transmit": 43, "comment": 294, "zan": 305, "sentiment": [{"positive_prob": 0.136715, "confidence": 0.696189, "negative_prob": 0.863285, "sentiment": 0}]}, {"text": "【任正非：特朗普今天恐吓一个国家，明天威胁一家公司就没有人敢在美投资】3月13日，华为创始人任正非在接受CNN专访时表示，特朗普的战略是错的，如果他今天恐吓一个国家，明天威胁一家公司，或是肆意逮捕某人，那么以后就没有人敢在美国投资了。“美国网络没有华为设备，这样就安全了吗？”L大佬时间的秒拍视频", "author": "新浪视频", "time": "新浪视频03月14日17:57 来自微博weibo.com", "transmit": 38, "comment": 98, "zan": 173, "sentiment": [{"positive_prob": 0.205936, "confidence": 0.542364, "negative_prob": 0.794064, "sentiment": 0}]}, {"text": "记得网上看到过一篇报道：去年12月一名在华为工作7年的老员工，将自己北京、深圳和南京的4套房全部卖掉，然后将获得的钱用来抄底A股。。。现在回头看看，牛人在华为！​", "author": "wu2198", "time": "wu219803月14日22:16", "transmit": 67, "comment": 295, "zan": 4152, "sentiment": [{"positive_prob": 0.273219, "confidence": 0.392846, "negative_prob": 0.726781, "sentiment": 0}]}, {"text": "全新打造的华为自动化拍照实验室，设置了多项有关不同场景、灯光、人脸的考验，对拍照技术提出严苛挑战。就在这间实验室中，#nova4e前置3200万#独立完成了以上所有拍照挑战。【关注并转发系列直播微博，3月24日13:00从转发量最高的微博随机抽华为nova4e三台（颜色随机）】L华为手机官方的秒拍视频​", "author": "华为终端官方微博", "time": "华为终端官方微博03月14日14:55 来自微博weibo.com", "transmit": 871, "comment": 230, "zan": 598, "sentiment": [{"positive_prob": 0.967263, "confidence": 0.927252, "negative_prob": 0.0327367, "sentiment": 2}]}, {"text": "#华为5GCPEPro#内置全球最强5G芯片巴龙5000，技术领先、性能强劲；全球最快，不用拉网线，3秒即可下载一部1GB超清电影；为智能家居带来最强5G连接！#真生态臻品质#图文直播期间转发量最高的一条微博，抽送华为HUAWEIMate20Pro一台，华为AI音箱2台！​", "author": "华为智选", "time": "华为智选03月14日15:11 来自专业版微博", "transmit": 161, "comment": 68, "zan": 93, "sentiment": [{"positive_prob": 0.991189, "confidence": 0.98042, "negative_prob": 0.00881089, "sentiment": 2}]}, {"text": "【任正非：特朗普的策略是错的！没有华为美国网络就完全安全吗】3月13日，任正非在接受CNN专访时称：特朗普的策略是错的。今天恐吓一个国家，明天威胁一个企业，肆意逮捕某个人，谁还敢在美国投资？没有华为美国就安全了吗？不用华为网络就安全了吗？@五环短视频L五环短视频的秒拍视频​​​", "author": "新浪科技", "time": "新浪科技03月14日14:20 来自微博weibo.com", "transmit": 51, "comment": 58, "zan": 88, "sentiment": [{"positive_prob": 0.221402, "confidence": 0.507997, "negative_prob": 0.778599, "sentiment": 0}]}, {"text": "#华为nova4#6GB+128GB版本今日正式开售。点赞看到你的心动​", "author": "华为终端官方微博", "time": "华为终端官方微博03月14日10:30 来自微博weibo.com", "transmit": 162, "comment": 460, "zan": 2901, "sentiment": [{"positive_prob": 0.934011, "confidence": 0.853358, "negative_prob": 0.065989, "sentiment": 2}]}, {"text": "【任正非接受CNN采访：#特朗普的策略都是错的#美国政府没有立场评判华为产品】3月13日，华为创始人#任正非接受CNN采访#，这是华为起诉美国后任正非首次接受媒体采访。任正非表示，华为作为世界上最大的电信设备制造商，正遭受不公平的对待。“我们选择在这个时候发出我们的声音，是因为美国政府认为我们危害美国的国家安全”，任正非说，“他们必须要有证据。我现在看世界上都说‘网络安全’，怎么就说华为有网络安全问题?”。他也坚称对于她女儿的法律困境，他“很冷静”。周三被问及孟晚舟被捕后他是否会对前往美国感到紧张，任正非回答说他没有理由去。“美国市场对我们来说很小，”他说，“所以我去美国的价值不存在，还是他们律师比较合适、比较好。”全文：OCNN：还敢去美国吗？任正非：不值得", "author": "环球网", "time": "环球网03月14日14:54 来自微博weibo.com", "transmit": 39, "comment": 30, "zan": 176, "sentiment": [{"positive_prob": 0.190972, "confidence": 0.575617, "negative_prob": 0.809028, "sentiment": 0}]}, {"text": "华为手机为什么拍照好？因为他们研发已经用机器人搞自动化拍照测试了，拧什么螺丝都是太太落后了。LHW前HR的秒拍视频​", "author": "HW前HR", "time": "HW前HR03月14日15:59 来自HUAWEIMate20Pro", "transmit": 118, "comment": 163, "zan": 337, "sentiment": [{"positive_prob": 0.450503, "confidence": 0.0100547, "negative_prob": 0.549497, "sentiment": 1}]}, {"text": "三秒内做决定选华为保时捷还是钱​", "author": "钱哥", "time": "钱哥03月14日23:29 来自iPhoneXSMax", "transmit": 119, "comment": 4327, "zan": 3263, "sentiment": [{"positive_prob": 0.407745, "confidence": 0.0939001, "negative_prob": 0.592255, "sentiment": 0}]}, {"text": "【#任正非谈为何起诉美国#：孟晚舟没犯罪特朗普策略错误】任正非指出，特朗普政府打击中国科技公司的策略完全是错误的，有损害美国国际声誉的风险。如果美国政府总是对其他国家、公司或个人采取残暴的态度，那么没有人敢在美国投资。谈到孟晚舟时表示她没有任何罪行，相信问题迟早会解决。@五环短视频L五环短视频的秒拍视频", "author": "凤凰网财经", "time": "凤凰网财经03月14日13:27 来自专业版微博", "transmit": 54, "comment": 147, "zan": 147, "sentiment": [{"positive_prob": 0.0302776, "confidence": 0.932716, "negative_prob": 0.969722, "sentiment": 0}]}, {"text": "华尔街日报告诉你华为到底有多牛叉，为什么在国际上是无法替代的？L数码科技熊的微博视频​", "author": "数码科技熊", "time": "数码科技熊03月14日12:56 来自微博weibo.com", "transmit": 134, "comment": 14, "zan": 124, "sentiment": [{"positive_prob": 0.329632, "confidence": 0.267484, "negative_prob": 0.670368, "sentiment": 0}]}, {"text": "#短的发布会#浪费你生命中最珍贵的2分钟！华为Nova4e哪里香了？L短的发布会的秒拍视频​", "author": "短的发布会", "time": "短的发布会03月14日22:01 来自微博weibo.com", "transmit": 36, "comment": 300, "zan": 472, "sentiment": [{"positive_prob": 0.330556, "confidence": 0.26543, "negative_prob": 0.669444, "sentiment": 0}]}, {"text": "【面对美国“涉华警告”，最新进展引起极度舒适！】对美国警告勿用华为5G，默克尔12日回复堪称“打脸”：德国会自己做主！美苦劝意大利放弃和中国的合作，却迎来意大利总理“官宣”：我4月要到中国参加“一带一路”峰会。意大利可能成为第一个加入“一带一路”倡议的G7国家。13日马耳他表示也考虑加入“一带一路”。", "author": "中国长安网", "time": "中国长安网03月14日12:47 来自微博weibo.com", "transmit": 101, "comment": 42, "zan": 133, "sentiment": [{"positive_prob": 0.870124, "confidence": 0.711386, "negative_prob": 0.129876, "sentiment": 2}]}, {"text": "【任正非：美国的恐怖政策会吓跑投资人】3月13日，华为创始人兼首席执行官任正非在华为深圳总部接受美媒采访。任正非指责美国政府单方面针对华为的行为，反问美国政府“如果美国网络没有华为设备就安全了吗？”他直言美国此举会影响其国际声誉，吓跑投资人。目前，就华为所受到的不公正对待，公司已向联邦法院提起诉讼，采取强有力的反击对抗美国政府。#风视频#O网页链接O网页链接", "author": "凤凰网视频", "time": "凤凰网视频03月14日21:08", "transmit": 32, "comment": 64, "zan": 142, "sentiment": [{"positive_prob": 0.392226, "confidence": 0.128387, "negative_prob": 0.607774, "sentiment": 0}]}, {"text": "【关注+转发，抽送一台华为海雀AI全景摄像头】#真生态臻品质#HUAWEIHiLink生态大会2019正式闭幕，一张图带你回顾大会要点。@微博抽奖平台​", "author": "华为EMUI", "time": "华为EMUI03月14日16:30 来自微博weibo.com", "transmit": 817, "comment": 326, "zan": 319, "sentiment": [{"positive_prob": 0.883162, "confidence": 0.740359, "negative_prob": 0.116838, "sentiment": 2}]}, {"text": "【华为余承东：华为永远不做家电，绝不做产业的掠夺者】在今日的华为HiLink生态大会上，余承东表示，华为希望助力家电产业，但我们不做家电，做智能家电不为了赚钱，我们希望让消费者获得更多的方便。我们只做产业的赋能者，不做掠夺者。O华为升级IoT战略余承东：做产业赋能者而不是掠夺者L老板联播的微博视频​", "author": "新浪科技", "time": "新浪科技03月14日22:58 来自微博weibo.com", "transmit": 52, "comment": 95, "zan": 124, "sentiment": [{"positive_prob": 0.147617, "confidence": 0.671963, "negative_prob": 0.852383, "sentiment": 0}]}, {"text": "华为#nova4e前置3200万#不止拥有更强的自拍实力，同时也配备了后置2400万AI超广角三摄，拥有高达120°超大广角镜头，以双倍视野捕捉更多精彩。【关注并转发系列直播微博，3月24日13:00从转发量最高的微博随机抽华为nova4e三台（颜色随机）】​", "author": "华为终端官方微博", "time": "华为终端官方微博03月14日14:58 来自微博weibo.com", "transmit": 879, "comment": 276, "zan": 555, "sentiment": [{"positive_prob": 0.968763, "confidence": 0.930584, "negative_prob": 0.0312373, "sentiment": 2}]}, {"text": "【任正非：川普的策略是错的！没有华为美国网络就完全安全吗】3月13日任正非接受CNN专访称：川普的策略是错的，今天恐吓一个国家，明天威胁一个企业，肆意逮捕某个人，谁还敢在美国投资。#没有华为美国就安全了吗#？美国又怎么向其他国家说，不用华为网络就安全了？@五环短视频L五环短视频的秒拍视频​", "author": "界面新闻", "time": "界面新闻03月14日14:30 来自微博weibo.com", "transmit": 36, "comment": 23, "zan": 220, "sentiment": [{"positive_prob": 0.246785, "confidence": 0.451589, "negative_prob": 0.753215, "sentiment": 0}]}, {"text": "【任正非：特朗普今天恐吓一个国家，明天威胁一家公司就没有人敢在美投资】3月13日，华为创始人任正非在接受CNN专访时表示，特朗普的战略是错的，如果他今天恐吓一个国家，明天威胁一家公司，或是肆意逮捕某人，那么以后就没有人敢在美国投资了。“美国网络没有华为设备，这样就安全了吗？”@大佬时间L大佬时间的秒拍视频", "author": "大公報-大公網", "time": "大公報-大公網03月14日20:01 来自搜狗高速浏览器", "transmit": 44, "comment": 35, "zan": 114, "sentiment": [{"positive_prob": 0.204499, "confidence": 0.545559, "negative_prob": 0.795501, "sentiment": 0}]}, {"text": "#华为AI音箱#携手腾讯音乐娱乐，新增千万级曲库，好音乐，听不完！四月正式上线！#真生态臻品质#(评论转发本条微博，抽送华为AI音箱一台!)@华为智选@华为终端云服务@腾讯音乐娱乐​", "author": "华为商城", "time": "华为商城03月14日19:50 来自nova4自拍极点全面屏", "transmit": 511, "comment": 566, "zan": 213, "sentiment": [{"positive_prob": 0.958577, "confidence": 0.907948, "negative_prob": 0.0414233, "sentiment": 2}]}, {"text": "据说华为Mate30长这样：①正面全面屏，无前置镜头；②背面潜望三摄，五倍光学变焦；③背面有副屏幕​", "author": "C科技", "time": "C科技03月14日10:13", "transmit": 20, "comment": 212, "zan": 274, "sentiment": [{"positive_prob": 0.594849, "confidence": 0.0996649, "negative_prob": 0.405151, "sentiment": 2}]}]