[{"text": "五颜六色的假期嘻嘻嘻华为真的也太好拍了吧​", "author": "郭晓婷", "time": "郭晓婷08月31日14:17 来自HUAWEIP30Pro", "transmit": 7340, "comment": 4792, "zan": 17849, "sentiment": [{"positive_prob": 0.553681, "confidence": 0.00818027, "negative_prob": 0.446319, "sentiment": 2}]}, {"text": "【#雷军回应为何不能超过苹果华为#：还需要时间，还有机会重返世界前三】8月28日，中国质量协会40周年纪念大会上，小米集团创始人雷军表示，很多人问我为什么小米不能超过苹果华为，我认为每一个企业家都要有这样的决心。但是需要时间，需要基础。我很自豪地说，我们有机会重返世界前三。L老板联播的秒拍视频", "author": "新浪财经", "time": "新浪财经08月31日20:43 来自微博weibo.com", "transmit": 95, "comment": 625, "zan": 2669, "sentiment": [{"positive_prob": 0.899342, "confidence": 0.776317, "negative_prob": 0.100658, "sentiment": 2}]}, {"text": "我们对芯片在实际应用中的期望，不会只局限于在手机上，更希望它能应用在其他终端设备，成为全场景智能生活的稳固基石。L华为终端公司的微博视频​​​", "author": "余承东", "time": "余承东08月31日16:08 来自HUAWEIMate20X5G", "transmit": 106, "comment": 416, "zan": 2116, "sentiment": [{"positive_prob": 0.826621, "confidence": 0.614714, "negative_prob": 0.173379, "sentiment": 2}]}, {"text": "#华为主管每年10%末位淘汰#【任正非：主官主管每年10%末位淘汰，在火线中选拔人才】8月30日，华为心声社区公开了华为公司创始人任正非在干部管理工作汇报会议上的讲话全文。任正非表示，主官、主管必须实行每年10%的末位淘汰，“我们现在就要通过这3-5年把一批平庸或惰怠的干部更替掉，要下决心换一批血。”任正非表示，今年公司股票要加大对中基层以及破格提拔人员的配股力度，配股优先对象为15-18级员工，包括19级的优秀人员也多配股，“再往上，对破格提拔上来的人可以优先配。”@新京报O任正非：主官主管每年10%末位淘汰，在火线中选拔人才", "author": "财经网", "time": "财经网08月31日21:44 来自微博weibo.com", "transmit": 97, "comment": 89, "zan": 317, "sentiment": [{"positive_prob": 0.969519, "confidence": 0.932265, "negative_prob": 0.030481, "sentiment": 2}]}, {"text": "【任正非：主官主管每年10%末位淘汰在火线中选拔人才】8月30日，#华为#心声社区公开华为董事长任正非在干部管理工作汇报会议上的讲话全文，时间是6月18日。在这一次讲话中，任正非表示，主官、主管必须实行每年10%的末位淘汰，“我们现在就要通过这3-5年把一批平庸或惰怠的干部更替掉，要下决心换一批血。”O任正非：主官主管每年10%末位淘汰在火线中选拔人才", "author": "新浪财经", "time": "新浪财经08月31日12:48 来自微博weibo.com", "transmit": 75, "comment": 62, "zan": 851, "sentiment": [{"positive_prob": 0.555121, "confidence": 0.0113806, "negative_prob": 0.444879, "sentiment": 2}]}, {"text": "现在看到这张图，瞬间知道，华为的麒麟芯片，每年下半年就是比高通的提前一代唉，…​", "author": "HHP良", "time": "HHP良08月31日20:53 来自三星GalaxyS10", "transmit": 500, "comment": 2906, "zan": 12097, "sentiment": [{"positive_prob": 0.462612, "confidence": 0.25224, "negative_prob": 0.537388, "sentiment": 1}]}, {"text": "【#85岁院士激动点赞华为任正非#：好样的，华为！感谢你，任正非！】日前，华为公布了其最新的AI芯片战略，并正式推出了基于达芬奇架构设计的的云端和边缘端的AI芯片。对此，中国科学院院士曹春晓在#中国500强企业高峰论坛#上表示，曾几何时，美国用芯片来卡我们的脖子，而今天我们最重要的芯片超越了美国，“太扬眉吐气了！”他激动地说，“好样的，华为！好样的，任正非！感谢你，华为！感谢你，任正非！”O85岁的中科院院士：好样的，华为！感谢你，任正非！", "author": "新浪财经", "time": "新浪财经08月31日18:20 来自微博weibo.com", "transmit": 98, "comment": 87, "zan": 557, "sentiment": [{"positive_prob": 0.990041, "confidence": 0.977869, "negative_prob": 0.00995904, "sentiment": 2}]}, {"text": "【#雷军回应为何不能超过苹果华为#：还需要时间，还有机会重返世界前三】8月28日，中国质量协会40周年纪念大会上，小米集团创始人雷军表示，很多人问我为什么小米不能超过苹果华为，我认为每一个企业家都要有这样的决心。但是需要时间，需要基础。我很自豪地说，我们有机会重返世界前三。@老板联播L老板联播的秒拍视频", "author": "梨视频", "time": "梨视频08月31日19:20 来自微博weibo.com", "transmit": 145, "comment": 193, "zan": 618, "sentiment": [{"positive_prob": 0.904493, "confidence": 0.787763, "negative_prob": 0.0955065, "sentiment": 2}]}, {"text": "【华为方舟编译器开源官网正式上线】华为方舟编译器开源官网正式上线。方舟编译器是为支持多种编程语言、多种芯片平台的联合编译、运行而设计的统一编程平台，包含编译器、工具链、运行时等关键部件。​", "author": "新浪财经", "time": "新浪财经08月31日17:17 来自微博weibo.com", "transmit": 48, "comment": 162, "zan": 812, "sentiment": [{"positive_prob": 0.974895, "confidence": 0.94421, "negative_prob": 0.0251053, "sentiment": 2}]}, {"text": "林大厨夸奖黄晓明的微博客户端是iphone，以前一直是华为客户端，林大厨被迫营业，被绑架了​", "author": "娱乐扒少", "time": "娱乐扒少08月31日09:19", "transmit": 160, "comment": 247, "zan": 1624, "sentiment": [{"positive_prob": 0.698018, "confidence": 0.328929, "negative_prob": 0.301982, "sentiment": 2}]}, {"text": "【#雷军回应为何不能超过苹果华为#：还需要时间，还有机会重返世界前三】8月28日，中国质量协会40周年纪念大会上，小米集团创始人雷军表示，很多人问我为什么小米不能超过苹果华为，我认为每一个企业家都要有这样的决心。但是需要时间，需要基础。我很自豪地说，我们有机会重返世界前三。L老板联播的秒拍视频", "author": "电商报", "time": "电商报08月31日21:45 来自微博weibo.com", "transmit": 245, "comment": 338, "zan": 764, "sentiment": [{"positive_prob": 0.899342, "confidence": 0.776317, "negative_prob": 0.100658, "sentiment": 2}]}, {"text": "【#雷军回应为何不能超过苹果华为#：还需要时间还有机会重返世界前三】8月28日，中国质量协会40周年纪念大会上，小米创始人雷军表示，很多人问为什么小米不能超过苹果华为，我认为每一个企业家都要有这样的决心。但需要时间和基础。我很自豪地说，我们有机会重返世界前三。L老板联播的秒拍视频​", "author": "新浪科技", "time": "新浪科技08月31日19:40 来自微博weibo.com", "transmit": 42, "comment": 182, "zan": 644, "sentiment": [{"positive_prob": 0.837522, "confidence": 0.638938, "negative_prob": 0.162478, "sentiment": 2}]}, {"text": "#武汉爆料#【下周三，李现要来武汉啦！】9月4日19:30，李现将作为代言人在武汉客厅参加华为荣耀新品手机的发布会。现女友们，和现男友在武汉来一场偶遇吧！​​​", "author": "武汉同城会", "time": "武汉同城会08月31日10:12 来自微博HTML5版", "transmit": 15, "comment": 63, "zan": 181, "sentiment": [{"positive_prob": 0.969355, "confidence": 0.931901, "negative_prob": 0.0306445, "sentiment": 2}]}, {"text": "从任正非在华为内部的88号电邮可以看出，华为已经全面进入“战时状态”，对部门主管实行每年10%的末位淘汰，并对做出贡献者破格提拔外加股权激励。以精兵强向科技制高点发起攻击。特朗普的一系列倒行逆施，能否“让美国再次伟大”，着实令人怀疑。但特朗普的极限施压，将使华为成为世界上最伟大的公司，却是毫无疑问的。就在昨天，华为余承东宣布，8月31日，方舟编译器正式开源，这种终端应用平台的开放，为鸿蒙系统提供生态环境具有重大意义，因为通过方舟编译器转化过来的APP，可以百分之百无缝运行在鸿蒙OS上。冲锋号已经吹响，看华为军团如何摧枯拉朽、攻城拔寨吧！", "author": "陶永谊", "time": "陶永谊08月31日14:01 来自HUAWEIP30Pro", "transmit": 214, "comment": 448, "zan": 1268, "sentiment": [{"positive_prob": 0.967807, "confidence": 0.928459, "negative_prob": 0.0321933, "sentiment": 2}]}, {"text": "【#华为方舟编译器开源官网上线#：源代码已开放下载】华为官方消息，华为方舟编译器开源官网今天正式上线，目前源代码已提供下载。官网介绍，方舟编译器是为支持多种编程语言、多种芯片平台的联合编译、运行而设计的统一编程平台，包含编译器、工具链、运行时等关键部件。O华为方舟编译器开源官网正式上线：源代码已开放下载​", "author": "新浪科技", "time": "新浪科技08月31日18:20 来自微博weibo.com", "transmit": 32, "comment": 59, "zan": 201, "sentiment": [{"positive_prob": 0.966522, "confidence": 0.925604, "negative_prob": 0.0334783, "sentiment": 2}]}, {"text": "明星偷税吸毒被原谅，袁隆平买华为手机却被羞辱，这才是时代最大的悲哀！​", "author": "搞笑局", "time": "搞笑局08月31日17:13 来自微博weibo.com", "transmit": 22, "comment": 18, "zan": 247, "sentiment": [{"positive_prob": 0.237656, "confidence": 0.471876, "negative_prob": 0.762344, "sentiment": 0}]}, {"text": "华为的方舟编译器今天开源，大家都沸腾了。但细心的网友发现了一些问题。方舟把开源的zlib拿来，并把署名直接改为自己，这违反了源代码的声明：软件原始版本不能被他人代表，任何人不能声称他是作者，本描述不能在任何发行版中被删除或修改。你怎么看？​", "author": "洛杉矶房东", "time": "洛杉矶房东08月31日14:50", "transmit": 166, "comment": 451, "zan": 3108, "sentiment": [{"positive_prob": 0.0636373, "confidence": 0.858584, "negative_prob": 0.936363, "sentiment": 0}]}, {"text": "朱一龙啊啊啊啊啊啊啊啊啊啊啊！！！！！！！！！龙哥龙哥！！！！！！哭泣！我和龙哥在球场相遇！！！！！还有李易峰！！！！！戴帽子的是白敬亭吗？感谢华为！！！！！！！这个距离让我看到你们！！！！！！​", "author": "豆了一花庚", "time": "豆了一花庚08月31日20:27 来自朱一龙超话", "transmit": 221, "comment": 73, "zan": 334, "sentiment": [{"positive_prob": 0.702058, "confidence": 0.337908, "negative_prob": 0.297941, "sentiment": 2}]}, {"text": "#武汉爆料#【下周三，李现要来武汉啦！】9月4日晚上，李现将作为代言人在武汉客厅参加华为荣耀新品手机的发布会。现女友们，和现男友在武汉来一场偶遇吧！​​​", "author": "武汉吃喝玩乐", "time": "武汉吃喝玩乐08月31日23:42 来自iPhone7", "transmit": 34, "comment": 278, "zan": 297, "sentiment": [{"positive_prob": 0.973257, "confidence": 0.940572, "negative_prob": 0.0267426, "sentiment": 2}]}, {"text": "【远东控股蒋锡培直言#任正非了不得#：向华为学习\"自我批判\"精神】在今日召开的2019#中国500强企业高峰论坛#上，远东控股集团董事局主席蒋锡培直言，“华为任正非了不得，在今天这种情况下，他已经做到进入无人区了，他还要坚持以客户为中心，以奋斗为本，长期坚持自我批判，艰苦奋斗。”蒋锡培表示，在去年学习华为以后，已经将“自我批判”加到了公司核心价值观里。O蒋锡培直言任正非了不得：向华为学习\"自我批判\"精神", "author": "新浪财经", "time": "新浪财经08月31日17:47 来自微博weibo.com", "transmit": 20, "comment": 19, "zan": 166, "sentiment": [{"positive_prob": 0.968074, "confidence": 0.929054, "negative_prob": 0.0319256, "sentiment": 2}]}, {"text": "有细心网友发现《中餐厅》林大厨夸黄晓明微博客户端是iphone，但之前用的一直是华为，林大厨被绑架了你就眨眨眼​", "author": "叫我老伯", "time": "叫我老伯08月31日10:30", "transmit": 126, "comment": 257, "zan": 1400, "sentiment": [{"positive_prob": 0.81937, "confidence": 0.5986, "negative_prob": 0.18063, "sentiment": 2}]}, {"text": "#玩点更酷的#拨开深邃，于神秘之中探索智慧根源，华为主题APP上线新主题-宇宙专题，戳O网页链接让我们一同于无垠星河，探寻宇宙的奥秘。​", "author": "华为手机", "time": "华为手机08月31日14:29 来自微博weibo.com", "transmit": 15, "comment": 65, "zan": 277, "sentiment": [{"positive_prob": 0.984152, "confidence": 0.964783, "negative_prob": 0.0158479, "sentiment": 2}]}, {"text": "如果评论手机SoC届最坑SoC的话，我提名高通骁龙810，还有比这个更坑的嘛？比我能快速想到的MTK芯片什么都要坑，但是好像也没什么华为以外的厂敢吐槽嘲讽。810似乎创了手机SoC前无古人后无来者的热，单核5W。最坑SoC投票大赏投票​", "author": "MebiuW", "time": "MebiuW08月31日23:51 来自热心吃瓜群众", "transmit": 13, "comment": 61, "zan": 869, "sentiment": [{"positive_prob": 0.0210271, "confidence": 0.953273, "negative_prob": 0.978973, "sentiment": 0}]}, {"text": "【挺住，高通、英特尔都离不开的EDA工具，美国宣布对华为断供】近日，贸易战有进一步升级态势，当被问及华为和美国Synopsys、Cadence、Mentor三家EDA公司（提供芯片设计的工具）的合作时。华为轮值董事长徐直军坦言，大家都很清楚，这些公司都不能和我们合作了。这也就是说，美国已经正式对华为断供EDA工具，相比起芯片、电子器件的断供，EDA工具的断供对华为造成的打击将会明显更为严重。某种程度上说，EDA就如工匠手中的工具，是芯片设计方案与半导体物理世界的纽带，失去了它，就切断了与原材料晶圆厂之间的联系，芯片也就无从谈起。而整个EDA市场可以说就被三大巨头垄断，它们一旦停止与华为的合作，那么华为就相当于失去了炒菜的锅，对华为将会造成重创。那么中国有没有EDA厂商呢？据估算，国内做EDA研发的人大约有1500人，其中约有1200人在国际EDA公司的中国研发中心工作，真正为本土EDA做研发的人员，只有300人左右。所以，国内的EDA厂商估计很难满足华为的需求，但是说不定也可以趁这个机会，大力扶持国内的EDA厂商，从而促进国产EDA工具的进步，毕竟，如此重要的核心工具，我们还是不能受制于人才对。不过华为还有一个方法就是使用XX版EDA工具，当然，如果被西方国家发现了，估计又会大做文章。目前，华为的两大命门，一个是EDA工具，毕竟华为缺少任何芯片，都可以通过EDA工具进行自研；其二就是台积电，台积电是少数掌握先进芯片生产工艺的企业，如果台积电断供，对华为又会是一记重创。但就目前来说，台积电停止合作的可能性比较小，不过美国如今正在不断向台积电施压，前景如何，还未可知。这也给了国内一记惊醒，那就是国内必须趁着摩尔定律逼近极限、先进工艺发展缓慢的时刻，大力发展国产EDA工具，国产EDA工具的成长和发展，必须依赖IC设计、IC制造单位或公司的鼎立协助，只有大家协同形成合力，才有希望追赶国外EDA三大厂。希望国内半导体厂商可以抓住机会，大力发展吧（老谭电商）", "author": "任平生日记", "time": "任平生日记08月31日07:51 来自HUAWEIMate9Pro", "transmit": 105, "comment": 136, "zan": 298, "sentiment": [{"positive_prob": 0.972787, "confidence": 0.939528, "negative_prob": 0.0272126, "sentiment": 2}]}, {"text": "质量认证，警察用华为P30拍镭射枪爆徒。​", "author": "洱海弥", "time": "洱海弥08月31日20:21 来自Weibo.intl", "transmit": 43, "comment": 108, "zan": 722, "sentiment": [{"positive_prob": 0.556869, "confidence": 0.015265, "negative_prob": 0.443131, "sentiment": 2}]}, {"text": "以后在机场的空隙也可以买手机了。华为深圳宝安机场体验店正式开业。​", "author": "菊厂搞机", "time": "菊厂搞机08月31日07:58 来自HUAWEIP30Pro", "transmit": 7, "comment": 13, "zan": 83, "sentiment": [{"positive_prob": 0.438996, "confidence": 0.0244527, "negative_prob": 0.561004, "sentiment": 0}]}, {"text": "小米高管现在说话还这么不严谨？打死我也不信软硬件可以一家自研搞定，连华为现在都做不到！可别说定制也算自研​", "author": "科技涅槃说", "time": "科技涅槃说08月31日23:57 来自荣耀V204800万3D相机", "transmit": 15, "comment": 123, "zan": 1125, "sentiment": [{"positive_prob": 0.183988, "confidence": 0.591139, "negative_prob": 0.816012, "sentiment": 0}]}, {"text": "是智慧之声，也是未来之声。#华为IFA2019#，我们一起见证。L华为终端官方微博的微博视频​", "author": "华为终端官方微博", "time": "华为终端官方微博08月31日16:57 来自微博视频", "transmit": 27, "comment": 103, "zan": 483, "sentiment": [{"positive_prob": 0.805331, "confidence": 0.567401, "negative_prob": 0.194669, "sentiment": 2}]}, {"text": "华为方舟编译器开源来了，赶在9月前开源了。暂时还看不到太多专业人士对于方舟编译器的评价，数码博主们也都在观望大家如何评价这次开源。前期看看有多少应用会来做编译适配，希望能带动更多的应用来完善这个生态。开源总归是好的，可以促进安卓生态的进步。​", "author": "科技Milk", "time": "科技Milk08月31日20:43 来自微博weibo.com", "transmit": 32, "comment": 102, "zan": 1528, "sentiment": [{"positive_prob": 0.83019, "confidence": 0.622645, "negative_prob": 0.16981, "sentiment": 2}]}, {"text": "@华为终端官方微博你们家手机又立功了哦#香港止暴制乱#​", "author": "无心简影", "time": "无心简影08月31日20:17 来自微博weibo.com", "transmit": 123, "comment": 160, "zan": 2253, "sentiment": [{"positive_prob": 0.47691, "confidence": 0.538196, "negative_prob": 0.52309, "sentiment": 1}]}]