[{"text": "TFBOYS六周年全新EP《第一次告白》及同名主打曲上线你是喜马拉雅的慰藉之音，你是华为nova的翩翩少年，你是长安百姓的守护之神，是守护“少年意气”的小北。六载过去，你终究是你，不定义的易烊千玺。@TFBOYS-易烊千玺#TFBOYS第一次告白##复古年代感穿搭#​易烊千玺​", "author": "娱小圈", "time": "娱小圈08月05日12:21 来自易烊千玺超话", "transmit": 355, "comment": 216, "zan": 3989, "sentiment": [{"positive_prob": 0.825768, "confidence": 0.612817, "negative_prob": 0.174232, "sentiment": 2}]}, {"text": "初遇的目光交错，顷刻间电石火花。8月7日#华为nova5#Pro星耀限定礼盒甜蜜开售！全“橙”热恋的七夕怎能错过？快来评论区分享你的心动瞬间吧~L华为终端官方微博的微博视频​​​", "author": "华为商城", "time": "华为商城08月05日17:50 来自HUAWEIP30", "transmit": 2381, "comment": 163, "zan": 788, "sentiment": [{"positive_prob": 0.957185, "confidence": 0.904855, "negative_prob": 0.0428151, "sentiment": 2}]}, {"text": "nova星人们有没有被这个定制的七夕礼物所吸引呢？8月7日#华为nova5#Pro星耀限定礼盒准时开售，不要错过哦L华为终端官方微博的微博视频​", "author": "华为何刚", "time": "华为何刚08月05日17:30 来自nova5Pro人像超级夜景", "transmit": 2432, "comment": 131, "zan": 601, "sentiment": [{"positive_prob": 0.942868, "confidence": 0.87304, "negative_prob": 0.057132, "sentiment": 2}]}, {"text": "明星都在用华为取代之前的iPhone这是为啥呢？​", "author": "吐槽科技君", "time": "吐槽科技君08月05日21:35", "transmit": 79, "comment": 1363, "zan": 7114, "sentiment": [{"positive_prob": 0.542636, "confidence": 0.147287, "negative_prob": 0.457364, "sentiment": 1}]}, {"text": "大猴嘈嘈如急雨，小猴切切如私语，雨林里的猴群在聊什么？华为云动物语言翻译师告诉你！就在三个月前，华为云专门为雨林项目开设全新岗位——动物语言翻译师，一起来认识下百里挑一的爱心交流大使吧。对了，9月的#HC2019#华为全联接大会上，翻译师还会给大家奉上惊喜哦L华为中国的微博视频​", "author": "华为中国", "time": "华为中国08月05日20:00 来自微博weibo.com", "transmit": 175, "comment": 488, "zan": 6680, "sentiment": [{"positive_prob": 0.977484, "confidence": 0.949963, "negative_prob": 0.0225165, "sentiment": 2}]}, {"text": "公交秘书声援华为，即日起停止对苹果用户开放服务，直至制裁解除为止。​", "author": "Reviewer_小康", "time": "Reviewer_小康08月05日12:15 来自微博weibo.com", "transmit": 79, "comment": 337, "zan": 6130, "sentiment": [{"positive_prob": 0.636965, "confidence": 0.193255, "negative_prob": 0.363035, "sentiment": 2}]}, {"text": "【华为此举让美国芯片巨头“不淡定”了】日本媒体报道称，美国高通7月31日发布业绩预期称，2019年7月至9月营业收入比上年同期最多下降26%。在中国，智能手机用半导体销量将减少。随着自主生产半导体的华为公司的智能手机的市场份额上升，高通面临的压力正在加大。O华为此举让美国芯片巨头“不淡定”了​", "author": "新浪科技", "time": "新浪科技08月05日02:49 来自微博weibo.com", "transmit": 137, "comment": 87, "zan": 176, "sentiment": [{"positive_prob": 0.187377, "confidence": 0.583607, "negative_prob": 0.812623, "sentiment": 0}]}, {"text": "无论什么事都利好：肯德基+茅台防守：猪+黄金+军工+种子+稀土进攻：券商+华为（5G）+自主（芯片+云+系统+网安）其他：辣鸡​", "author": "程老湿爱吐槽", "time": "程老湿爱吐槽08月05日12:20 来自微博weibo.com", "transmit": 210, "comment": 62, "zan": 438, "sentiment": [{"positive_prob": 0.825047, "confidence": 0.611215, "negative_prob": 0.174953, "sentiment": 2}]}, {"text": "强大的华为，让对面的店情何以堪      #走心视频#L笑成沙雕了的微博视频​", "author": "笑成沙雕了", "time": "笑成沙雕了08月05日08:31 来自微博视频", "transmit": 43, "comment": 302, "zan": 2525, "sentiment": [{"positive_prob": 0.791916, "confidence": 0.537591, "negative_prob": 0.208084, "sentiment": 2}]}, {"text": "nova恋爱定律又出新招：玩出引力！进入甜蜜期的情侣，不妨试着一起大胆地畅快游玩，在玩闹中相互吸引吧。#华为nova5#L华为终端官方微博的秒拍视频​", "author": "勺布斯", "time": "勺布斯08月05日18:55 来自微博weibo.com", "transmit": 99, "comment": 391, "zan": 486, "sentiment": [{"positive_prob": 0.952001, "confidence": 0.893336, "negative_prob": 0.047999, "sentiment": 2}]}, {"text": "华为Mate20X5G版技术独立更进一步！从媒体的报道这个图看，目前硬件和美国相关的有四个公司：闪存的美光，功放的Qorvo、skyworks，和WIFI的博通（也有报道说是海思自研）。虽不清楚媒体这个报道是否完全准确，不过，有一点和之前4G版本变化的地方就是，功夫增加了海思自研、代工是台湾稳懋。也就是说，媒体以前报道的手机唯一双供应商Qorvo、skyworks都是美国企业的功放，已经增加了海思，神奇不神奇？由于博通的WIFI部分，在Mate20系列其他款和P30系列其实都是海思自研，所以从这条信息看，华为手机可以做到任何一个硬件已经达到可不依赖美国器件了。当然，从华为角度看，任总和华为还是非常愿意让美国企业分享产业链的，毕竟朋友多了路好走；绝大多数美国企业是很好的，有毛病是那群冷战思维死而不僵的政客而已。不过，任总说华为可以不依赖美国芯片的讲话是实锤了。", "author": "HW前HR", "time": "HW前HR08月05日06:00 来自HUAWEIP30Pro", "transmit": 170, "comment": 115, "zan": 491, "sentiment": [{"positive_prob": 0.984845, "confidence": 0.966321, "negative_prob": 0.0151554, "sentiment": 2}]}, {"text": "华为当年为了搞小米成立的荣耀，没想到搞成了。​​​", "author": "搞机Time", "time": "搞机Time08月05日14:22 来自OnePlus7Pro", "transmit": 26, "comment": 129, "zan": 1146, "sentiment": [{"positive_prob": 0.348184, "confidence": 0.226257, "negative_prob": 0.651816, "sentiment": 0}]}, {"text": "【北大光华教授：任正非创办华为早期就要求员工学习阿庆嫂】北大光华教授张志学在#全国企业文化年会#上表示，华为的成功主要得益于创始人任正非经历过的同一个时代的人中较为少见的人生砺炼。任正非在早期创办华为时，就要求员工像沙家浜中的阿庆嫂一样为客户服务，“来的人都是客”。O北大光华教授张志学：早年时期任正非要员工学阿庆嫂", "author": "新浪财经", "time": "新浪财经08月05日14:47 来自微博weibo.com", "transmit": 23, "comment": 35, "zan": 249, "sentiment": [{"positive_prob": 0.830064, "confidence": 0.622365, "negative_prob": 0.169936, "sentiment": 2}]}, {"text": "多家外媒报道，#汇丰银行CEO辞职#。路透社消息称，辞职原因是汇丰银行CEO弗林特和董事长塔克存在业务上的分歧。并未提及华为首席财务官孟晚舟在加拿大被捕事件。​", "author": "锋潮科技", "time": "锋潮科技08月05日19:01 来自微博weibo.com", "transmit": 39, "comment": 61, "zan": 432, "sentiment": [{"positive_prob": 0.206081, "confidence": 0.542043, "negative_prob": 0.793919, "sentiment": 0}]}, {"text": "环球时报消息，华为将于年底发布鸿蒙OS手机，售价2000元左右，目的时吸引消费者和开发者。你们会买吗？​", "author": "C科技", "time": "C科技08月05日12:00 来自微博weibo.com", "transmit": 15, "comment": 308, "zan": 807, "sentiment": [{"positive_prob": 0.0708479, "confidence": 0.84256, "negative_prob": 0.929152, "sentiment": 0}]}, {"text": "从明天开始，用华为P30Pro做主力机！​", "author": "科技新一", "time": "科技新一08月05日22:17", "transmit": 13, "comment": 228, "zan": 1266, "sentiment": [{"positive_prob": 0.506038, "confidence": 0.879246, "negative_prob": 0.493962, "sentiment": 1}]}, {"text": "华为的美国高管喊话白宫：想禁就禁吧，你的网络也不安全L老板联播的秒拍视频​", "author": "义勇军--鬼谷子", "time": "义勇军--鬼谷子08月05日02:21 来自微博weibo.com", "transmit": 38, "comment": 15, "zan": 129, "sentiment": [{"positive_prob": 0.697438, "confidence": 0.32764, "negative_prob": 0.302562, "sentiment": 2}]}, {"text": "发布了头条文章：《归来仍是少年》财经每日必读#微博赚钱季#周一科创板+华为产业链/科技股+黄金/出口外销比高/稀土永磁概念最强，主板缩量下跌（预设明日止跌反弹，盘整等五日线反压下来，注意观察成交量能否有效放大）强势股接力的赚钱效应恢复中，明日观察美格智能，银河磁体等作为非科创板情绪标杆观察，短期空间板高度被限制，不宜追涨接力高位板，明日预设还是不少跟风票会被按在地板摩擦，关注盘中逆市的标的，买在分歧日，低吸富一生。科创板今日高位震荡，龙头沃尔德高位盘整，明日作为板块情绪标杆重点观察，新光光电，睿创微纳，交控科技，瀚川智能，福光股份，航天宏图，铂力特等（板块活跃品种）也继续观察，科创板今日自己挖掘低位标的开始轮动低位补涨，资金追高意愿不强，预设科创板要迎来第一次调整清洗浮筹，耐心狩猎。Ps:历尽千帆，归来仍是少年，明日一起战斗。O归来仍是少年", "author": "lesliesay", "time": "lesliesay08月05日20:04 来自微博weibo.com", "transmit": 285, "comment": 135, "zan": 364, "sentiment": [{"positive_prob": 0.983326, "confidence": 0.962948, "negative_prob": 0.0166735, "sentiment": 2}]}, {"text": "#长话短说##动物语言翻译师#华为最近开的新岗位，专门翻译动物语言据说这小姐姐是从700多份简历挑出来的，入职也不久。每天的工作就是听雨里动物的声音。听着是挺智慧的，但得知华为让她翻译的第一种动物是猴的时候🐒我不禁陷入了沉思​", "author": "短的发布会", "time": "短的发布会08月05日21:59", "transmit": 3, "comment": 105, "zan": 799, "sentiment": [{"positive_prob": 0.981113, "confidence": 0.958028, "negative_prob": 0.0188874, "sentiment": 2}]}, {"text": "【与华为交恶伟创力在中国裁员超万人】华为被美国列入实体清单之后，美资代工巨头伟创力缩减华为业务，其长沙、珠海的华为产线全面停产，两大工厂裁员超万人O与华为交恶伟创力在中国裁员超万人​", "author": "财新网", "time": "财新网08月05日08:03 来自财新网", "transmit": 120, "comment": 209, "zan": 729, "sentiment": [{"positive_prob": 0.916808, "confidence": 0.815128, "negative_prob": 0.0831922, "sentiment": 2}]}, {"text": "#知乎科技瘾#如果TSMC在为华为代工的芯片上做手脚，有没有可能华为发现不了？👉O网页链接​", "author": "知乎", "time": "知乎08月05日08:30 来自微博weibo.com", "transmit": 32, "comment": 36, "zan": 215, "sentiment": [{"positive_prob": 0.308955, "confidence": 0.313433, "negative_prob": 0.691045, "sentiment": 0}]}, {"text": "美国近日开除了一名华裔士兵，原因竟然是他爷爷参加过解放军！这个理由够雷人吧，解放军的使命是解放全中国，又不解放你米国，为什么这么紧张兮兮的！试想，如果华为开除了一个越战和朝鲜战争后代，别说美国，连中国公知都不答应！​", "author": "寂寞嫦娥舒广袖", "time": "寂寞嫦娥舒广袖08月05日07:50 来自HUAWEIP10", "transmit": 33, "comment": 204, "zan": 755, "sentiment": [{"positive_prob": 0.00817686, "confidence": 0.981829, "negative_prob": 0.991823, "sentiment": 0}]}, {"text": "今天看到某龙头券商报告抬头“科技股龙头更抗跌”。那些所谓的科技股不过是借科创板和华为概念由头的概念，根本没有利润支撑。真跌起来，哪里有底啊！​", "author": "马喆Ma_zhe", "time": "马喆Ma_zhe08月05日20:48 来自360安全浏览器", "transmit": 23, "comment": 39, "zan": 198, "sentiment": [{"positive_prob": 0.0106424, "confidence": 0.97635, "negative_prob": 0.989358, "sentiment": 0}]}, {"text": "照片上的人是我大学同学。女孩家住赤峰市，松山区。身高165cm左右，年龄27岁，于2019年8月3日晚8点，在松山区松城家园附近散步。至今未归家人已经报警监控拍到进英金公园其后在公园内失踪。出门时，身上带有一部华为手机，和一串钥匙，钥匙上有一个灰色的小熊钥匙扣。公安已经介入调查家人焦急万分。请有见过她的朋友联系下她的家人，提供下线索，必有重谢！联系电话：吴先生187-4766-3531/134-8476-5529", "author": "劉小燃Nora", "time": "劉小燃Nora08月05日13:55 来自vivoNEXAI智慧旗舰", "transmit": 86, "comment": 34, "zan": 36, "sentiment": [{"positive_prob": 0.982279, "confidence": 0.960621, "negative_prob": 0.0177206, "sentiment": 2}]}, {"text": "蔡程昱「你是我心中的野兽也是我肆意疯长的念头」——————————————2019.8.5湖南卫视宣传片正式录制华为p20放大效果无修生图仅部分调亮和昨天不同的是今天更加糊了随便看看就好但是高糊也挡不住我昱的美貌​", "author": "莱茵来因", "time": "莱茵来因08月05日12:54 来自蔡程昱超话", "transmit": 25, "comment": 6, "zan": 58, "sentiment": [{"positive_prob": 0.220286, "confidence": 0.510475, "negative_prob": 0.779714, "sentiment": 0}]}, {"text": "【#华为美国高管喊话美国#：想禁就禁吧，你的网络不安全，多上点心】8月2日，华为美国公司首席安全官安迪在接受采访时表示，美国虽然对华为采取了一系列措施，但即便是美国的盟友，很多也会选择拒绝禁止华为。他建议美国和澳大利亚，想禁华为就禁，但你们的网络不安全，自己多上点心吧。L老板联播的秒拍视频", "author": "中国企业家杂志", "time": "中国企业家杂志08月05日10:20 来自微博weibo.com", "transmit": 16, "comment": 7, "zan": 47, "sentiment": [{"positive_prob": 0.944818, "confidence": 0.877374, "negative_prob": 0.0551815, "sentiment": 2}]}, {"text": "【#华为美国高管喊话美国#：想禁就禁吧，你的网络不安全，多上点心】8月2日，华为美国公司首席安全官安迪在接受采访时表示，美国虽然对华为采取了一系列措施，但即便是美国的盟友，很多也会选择拒绝禁止华为。他建议美国和澳大利亚，想禁华为就禁，但你们的网络不安全，自己多上点心吧。L老板联播的秒拍视频", "author": "老板联播", "time": "老板联播08月05日07:30", "transmit": 21, "comment": 13, "zan": 110, "sentiment": [{"positive_prob": 0.944818, "confidence": 0.877374, "negative_prob": 0.0551815, "sentiment": 2}]}, {"text": "Vol.100【上海ChinaJoy体验，探展华为云】看到了不少有趣的东西，尤其游戏行业，被5G、云计算的赋能后，未来几年肯定会发生革命性的变化，一起期待吧~#选择不凡#L传奇学长的微博视频​O抽奖详情​", "author": "传奇学长", "time": "传奇学长08月05日17:34", "transmit": 1209, "comment": 1164, "zan": 1144, "sentiment": [{"positive_prob": 0.975174, "confidence": 0.944831, "negative_prob": 0.0248259, "sentiment": 2}]}, {"text": "市场调研机构CounterPoint发布2019年Q2国内手机市场的出货量情况：①华为（包含荣耀），出货量为3520万台，市场份额为36%，同比增长23%。②OPPO，出货量为1870万台，市场份额为19%，同比下滑7%③vivo，出货量为1850万台，市场份额19%，同比下滑5%④小米，出货量为1150万台，市场份额12%，同比下滑15%⑤苹果，出货量为590万台，市场份额6%，同比下滑29%⑥三星，出货量为80万台，市场份额1%⑦魅族，出货量为80万台，市场份额1%，同比下滑62%⑧一加，出货量为60万台，市场份额1%，同比增长77%⑨中兴，出货量为30万台，市场份额四舍五入0%，同比增长13%⑩联想，出货量为30万台，市场份额四舍五入0%，同比增长45%而Other阵营出货量为540万台，市场份额6%，同比下滑61%。", "author": "大米评测", "time": "大米评测08月05日11:32 来自微博weibo.com", "transmit": 32, "comment": 445, "zan": 2082, "sentiment": [{"positive_prob": 0.776241, "confidence": 0.502759, "negative_prob": 0.223759, "sentiment": 2}]}, {"text": "据外媒报道称华为Mate30Pro手机屏幕玻璃或将不再使用康宁大猩猩改为使用自主研发的AirGlass。这种AirGlass玻璃近期已获得了相关专利。期待​", "author": "ZEALER中国", "time": "ZEALER中国08月05日11:58 来自微博weibo.com", "transmit": 18, "comment": 238, "zan": 686, "sentiment": [{"positive_prob": 0.210091, "confidence": 0.53313, "negative_prob": 0.789909, "sentiment": 0}]}]