[{"text": "【雷军回应和华为PK拍月亮：我用他们的手机咋拍不出来】2月20日，在小米9发布会上，雷军谈到小米9的月亮模式，他表示为了公平他昨天拿着iPhone、华为Mate20Pro和小米9拍了月亮一同比较，现场照片显示小米9的最出色，雷军纳闷道：“友商的老板也发了两张照片，反正我看着我怎么就拍不出来？”#小米9发布会#L新浪视频的微博视频", "author": "新浪视频", "time": "新浪视频02月20日17:00 来自微博云剪", "transmit": 686, "comment": 2150, "zan": 2457, "sentiment": [{"positive_prob": 0.241976, "confidence": 0.462275, "negative_prob": 0.758024, "sentiment": 0}]}, {"text": "#雷军发布会diss华为#【小米发布会雷军全程diss华为：学习Mate20后信心大增】2月20日，小米手机新品发布会上，雷军在介绍新机时，接连和友商华为做对比，先是对比芯片，又是对比拍照，都认为自家手机强。说到价格，雷军表示我买了他们的手机去学习，学完以后我信心大增，怎么就没人骂呢～（来源：@梨视频）L老板联播的微博视频", "author": "每日经济新闻", "time": "每日经济新闻02月20日23:14", "transmit": 89, "comment": 183, "zan": 192, "sentiment": [{"positive_prob": 0.964955, "confidence": 0.922122, "negative_prob": 0.0350453, "sentiment": 2}]}, {"text": "【降价促销期间iPhone中国销量飙升83%，被指短期效应】投资公司RosenblattSecurities日前发表投资报告称，在苹果降价促销期间，中国市场iPhone销量飙升83%，分析师张君向投资者表示，降价“对刺激iPhone中国市场销售作用不大”。去年，中国市场智能手机销量萎缩逾12%。中国品牌表现非常好，但苹果、三星等外国品牌占到销量减少的逾50%。许多分析师称，中国消费者认为iPhone价格过高。L老板联播的秒拍视频", "author": "新浪财经", "time": "新浪财经02月20日09:32 来自专业版微博", "transmit": 361, "comment": 225, "zan": 105, "sentiment": [{"positive_prob": 0.410708, "confidence": 0.0873159, "negative_prob": 0.589292, "sentiment": 0}]}, {"text": "消除方块儿，一点就成！华为畅享系列潮炫珍珠屏，解锁视觉新境界。转评留下你小时候最喜欢玩的小游戏吧~小编将挑选一名幸运花粉，赠送华为畅享9（4+64G，颜色不限）一部。L华为手机官方的秒拍视频​", "author": "华为手机", "time": "华为手机02月20日18:00 来自HUAWEIMate20Pro", "transmit": 1592, "comment": 2731, "zan": 1098, "sentiment": [{"positive_prob": 0.961875, "confidence": 0.915278, "negative_prob": 0.0381252, "sentiment": 2}]}, {"text": "【#2018手机销量榜单#出炉，跟你想的一样吗？】IDC数据显示，2018年，在中国智能机市场，OPPO、vivo销量超过7000万台，以较大优势占据前两位。华为、荣耀和小米销量超越5000万台，跻身TOP5。销量前十品牌中，仅vivo、荣耀、华为销量增加，其余品牌均销量萎缩，小米销量下降6%，排名第六位的苹果减少了12%，三星更是跌达74%。2018年，你买了哪个品牌的手机？（谢艺观）", "author": "中国新闻网", "time": "中国新闻网02月20日14:50 来自360安全浏览器", "transmit": 74, "comment": 220, "zan": 161, "sentiment": [{"positive_prob": 0.174164, "confidence": 0.612969, "negative_prob": 0.825836, "sentiment": 0}]}, {"text": "【#雷军回应和华为PK拍月亮#：我用他们的手机，咋拍不出来他们发的效果】2月20日，在小米9发布会上，雷军对比了iPhone、友商和小米9拍月亮的效果，表示吊打。他还回应前一晚元宵节和华为余承东、荣耀赵明PK拍月亮说，自己也用友商的手机拍了月亮，拍不出他们发的照片效果。@老板联播L老板联播的微博视频", "author": "梨视频", "time": "梨视频02月20日16:36 来自微博weibo.com", "transmit": 57, "comment": 240, "zan": 250, "sentiment": [{"positive_prob": 0.64969, "confidence": 0.221532, "negative_prob": 0.35031, "sentiment": 2}]}, {"text": "同样是用手机拍照，为什么用#华为Mate20#能拍出来“别人家的照片”？​", "author": "华为终端官方微博", "time": "华为终端官方微博02月20日10:00 来自微博weibo.com", "transmit": 98, "comment": 326, "zan": 912, "sentiment": [{"positive_prob": 0.265558, "confidence": 0.40987, "negative_prob": 0.734442, "sentiment": 0}]}, {"text": "【雷军：小米9相机距离华为就差一点，负责人哭晕在厕所】2月20日，在小米发布会上，雷军表示，最新的DxO(相机评测机构)上，小米9得分排世界第三，实际上已是第二。当拿到这个成绩单时，我们负责相机的副总裁已哭晕在厕所。我说要给未来世界登顶留一点点空间，然后我们已经超越了苹果和三星的所有手机。L老板联播的微博视频", "author": "凤凰网财经", "time": "凤凰网财经02月20日16:44", "transmit": 134, "comment": 1085, "zan": 775, "sentiment": [{"positive_prob": 0.226411, "confidence": 0.496865, "negative_prob": 0.773589, "sentiment": 0}]}, {"text": "【雷军diss华为：他们用最贵的材料只做了pro】2月20日#小米9发布会#，雷军现场进行了手机配置对比，实名diss华为，称买了mate20来学习后有点失望，跟报道的不一样。并举报他们用最贵的材料只做了pro，卖的标准版都没有那些配置，跟小米差距太大。@五环短视频L五环短视频的秒拍视频​", "author": "五环短视频", "time": "五环短视频02月20日16:46 来自微博weibo.com", "transmit": 260, "comment": 815, "zan": 462, "sentiment": [{"positive_prob": 0.0354536, "confidence": 0.921214, "negative_prob": 0.964546, "sentiment": 0}]}, {"text": "【雷军：我拿华为手机学习后信心大增Mate20和小米9差距太远】2月20日，在小米9发布会上，雷军讲到他拿华为的手机学习了一下，结果感到信心大增，通过现场手机配置比较之后，雷军表示Mate20和小米9差距太远，还是不比了。“我那个手机999，这个4999，怎么就没人骂它呢？”L大佬时间的秒拍视频​", "author": "凤凰网财经", "time": "凤凰网财经02月20日17:24", "transmit": 96, "comment": 497, "zan": 193, "sentiment": [{"positive_prob": 0.115362, "confidence": 0.743639, "negative_prob": 0.884638, "sentiment": 0}]}, {"text": "【不顾美国劝说，德国也考虑开门迎华为】近来，美国一直卖力撺掇其盟友对华为发起“围剿”。进入本周后，这些国家的态度突然有了转变。先是英国政府宣布华为5G设备风险是可控的，随后新西兰也重新表态称，从未将华为排除在本国5G建设外。2月19日，美媒《华尔街日报》报道援引多位德国官员的话称，该国政府正考虑让华为参与本国的高速互联网基础设施建设。O不顾美国劝说，德国也考虑开门迎华为", "author": "观察者网", "time": "观察者网02月20日12:06 来自微博weibo.com", "transmit": 156, "comment": 165, "zan": 328, "sentiment": [{"positive_prob": 0.856548, "confidence": 0.681218, "negative_prob": 0.143452, "sentiment": 2}]}, {"text": "小米9（图一三五）VS.华为Mate20Pro（二四六）拍照对比​", "author": "C科技", "time": "C科技02月20日19:45", "transmit": 17, "comment": 484, "zan": 173, "sentiment": [{"positive_prob": 0.528193, "confidence": 0.436131, "negative_prob": 0.471807, "sentiment": 1}]}, {"text": "#RewriteTheRules#峰峦雄伟高耸入云，梯田层层如诗如画。荷兰摄影师MaxRive用#华为Mate20#Pro记录下的气壮山河不禁让官微君感慨“世界很大，期待去外面走走，就像期待#华为P30#的发布一样”，你呢？​", "author": "华为终端公司", "time": "华为终端公司02月20日15:18 来自微博weibo.com", "transmit": 31, "comment": 87, "zan": 221, "sentiment": [{"positive_prob": 0.96481, "confidence": 0.9218, "negative_prob": 0.0351899, "sentiment": 2}]}, {"text": "【#雷军回应和华为PK拍月亮#：我用他们的手机咋拍不出来】2月20日，在小米9发布会上，雷军对比了iPhone、友商和小米9拍月亮的效果，表示吊打。他还回应前一晚元宵节和华为余承东、荣耀赵明PK拍月亮说，自己也用友商的手机拍了月亮，拍不出他们发的照片效果。L老板联播的微博视频​", "author": "经济观察报", "time": "经济观察报02月20日18:30 来自微博weibo.com", "transmit": 35, "comment": 107, "zan": 56, "sentiment": [{"positive_prob": 0.681379, "confidence": 0.291953, "negative_prob": 0.318621, "sentiment": 2}]}, {"text": "华为手机确实做得比较鸡贼，最好的功能卖点都是放在单一顶配版上，乞丐版反而是最乏味的。为什么就没人骂呢，这就是华为高端旗舰的优势了，什么时候小米也做到这一步，其实也就意味着成功。人家卖4499元的手机很普通；小米9各方面都还可以，但被喊着千万不要卖超过3000元。小米很惨吗，我觉得不，反而是不是小米该好好梳理一下，问题出现在哪里了？L大佬时间的秒拍视频", "author": "Reviewer_小康", "time": "Reviewer_小康02月20日21:28 来自微博weibo.com", "transmit": 85, "comment": 746, "zan": 480, "sentiment": [{"positive_prob": 0.0627456, "confidence": 0.860565, "negative_prob": 0.937254, "sentiment": 0}]}, {"text": "【新西兰180度大转弯：部长带队贸易团，要来北京了】19日，新西兰突然改口称，从未将华为排除在5G建设之外。这一180度大转折引起新西兰媒体及国际媒体的广泛关注。就在当天，新西兰总理阿德恩还表示，该国政府正准备加强对“一带一路”的参与力度。阿德恩还证实，经济发展部部长戴维・帕克（DavidParker）已收到邀请，将于4月出席在北京举行的第二届“一带一路”国际合作高峰论坛。帕克表示，他希望同时率领贸易代表团访问中国。O180度大转弯：新西兰将出席“一带一路”峰会部长带队贸易团随行", "author": "观察者网", "time": "观察者网02月20日12:22 来自微博weibo.com", "transmit": 138, "comment": 281, "zan": 251, "sentiment": [{"positive_prob": 0.278262, "confidence": 0.38164, "negative_prob": 0.721738, "sentiment": 0}]}, {"text": "十五的月亮十六圆，今晚的故宫你喜欢吗？#华为Mate20#​", "author": "华为终端官方微博", "time": "华为终端官方微博02月20日23:57 来自微博weibo.com", "transmit": 94, "comment": 132, "zan": 1128, "sentiment": [{"positive_prob": 0.655438, "confidence": 0.234307, "negative_prob": 0.344562, "sentiment": 2}]}, {"text": "上半年旗舰发布时间汇总：2.20小米92.21GalaxyS102.25索尼XZ43.1日IQOO旗舰3.26华为P30Pro5月魅族16s5月一加7你们最期待哪款？​", "author": "C科技", "time": "C科技02月20日12:25", "transmit": 77, "comment": 436, "zan": 400, "sentiment": [{"positive_prob": 0.465948, "confidence": 0.318962, "negative_prob": 0.534052, "sentiment": 1}]}, {"text": "【#华为云新加坡服务上线#】2月20日，@华为中国发微博宣布华为云新加坡服务上线。华为表示：“今日，华为云宣布新加坡大区正式开服，将立足新加坡面向亚太区提供全栈云平台及AI能力。新加坡大区是华为云资源规模最大的海外大区之一，凭借先进的AI能力，使得华为云的创新技术方案和成果能够落地，令亚太地区众多初创公司及各大产业深受裨益，由此也推动实现“用得起、用得好、用得放心”的普惠AI。​​​​”", "author": "新浪新闻", "time": "新浪新闻02月20日13:20 来自专业版微博平台", "transmit": 9, "comment": 18, "zan": 110, "sentiment": [{"positive_prob": 0.987413, "confidence": 0.972028, "negative_prob": 0.0125874, "sentiment": 2}]}, {"text": "极简5G，大有可为。不只信奉“把复杂留给自己，把简单留给客户”，华为还以全面领先的5G端到端能力助力运营商实现5G极简网络和极简运维，大幅提升部署和运维效率，推动全球5G大规模快速部署。今天距世界移动大会开幕还有5天，想更多了解未来的智能世界有多美好吗？我们在#MWC2019#华为5G展台等你​", "author": "华为中国", "time": "华为中国02月20日18:14 来自微博weibo.com", "transmit": 16, "comment": 39, "zan": 282, "sentiment": [{"positive_prob": 0.946929, "confidence": 0.882065, "negative_prob": 0.0530707, "sentiment": 2}]}, {"text": "【#雷军回应和华为PK拍月亮#：我用他们的手机咋拍不出来】2月20日，在小米9发布会上，雷军对比了iPhone、友商和小米9拍月亮的效果，表示吊打。他还回应前一晚元宵节和华为余承东、荣耀赵明PK拍月亮说，自己也用友商的手机拍了月亮，拍不出他们发的照片效果。#赵明雷军拍月亮pk#L老板联播的微博视频", "author": "电商报", "time": "电商报02月20日15:59 来自微博weibo.com", "transmit": 122, "comment": 186, "zan": 210, "sentiment": [{"positive_prob": 0.764398, "confidence": 0.47644, "negative_prob": 0.235602, "sentiment": 2}]}, {"text": "德国内政部周二（20日）对美国全国广播公司财经频道（CNBC）表示，德国不打算将任何一家公司排除在5G网络之外。。。支持华为！​", "author": "wu2198", "time": "wu219802月20日20:10", "transmit": 19, "comment": 71, "zan": 2427, "sentiment": [{"positive_prob": 0.932588, "confidence": 0.850196, "negative_prob": 0.0674117, "sentiment": 2}]}, {"text": "蓄势待发，艺术之都再迎智慧科技；高瞻远瞩，清晰呈现无惧距离桎梏；打破局限，汇聚张力重新定义规则；颠覆想象，以至诚心感知全新视界。3月26日，法国巴黎会议中心，浪漫邂逅HUAWEIP30系列，热情奔赴倾心之约。这一站，巴黎见！L华为中国的秒拍视频​", "author": "华为中国", "time": "华为中国02月20日11:32 来自秒拍网页版", "transmit": 31, "comment": 91, "zan": 297, "sentiment": [{"positive_prob": 0.976559, "confidence": 0.947909, "negative_prob": 0.0234409, "sentiment": 2}]}, {"text": "2018，华为18万员工平均工资110万​", "author": "C科技", "time": "C科技02月20日18:41", "transmit": 46, "comment": 199, "zan": 318, "sentiment": [{"positive_prob": 0.221473, "confidence": 0.507837, "negative_prob": 0.778527, "sentiment": 0}]}, {"text": "【降价促销期间iPhone中国销量飙升83%被指短期效应】投资分析师称，在苹果降价促销期间，中国市场iPhone销量飙升83%，但降价在长远看来“对刺激iPhone中国市场销售作用不大”。去年中国市场智能手机销量萎缩逾12%，但本土品牌表现很好，分析师称，中国消费者认为iPhone价格过高。L老板联播的秒拍视频​", "author": "新浪科技", "time": "新浪科技02月20日08:52 来自微博weibo.com", "transmit": 17, "comment": 32, "zan": 40, "sentiment": [{"positive_prob": 0.253691, "confidence": 0.436241, "negative_prob": 0.746309, "sentiment": 0}]}, {"text": "【小米的月亮比较“圆”？新模式能否拯救@江宁公安在线的照相技术】在小米9的新品发布会上，雷军介绍小米9新增“月亮模式”，可以拍出比其他品牌手机更加清晰的月亮！但小米却在相机跑分中排在华为之后，雷军戏称给以后登顶留一点空间。#小米9#L究竟视频的秒拍视频雷军#赵明雷军拍月亮pk##王源代言小米手机#", "author": "第一财经日报", "time": "第一财经日报02月20日19:47 来自iPhone客户端", "transmit": 16, "comment": 43, "zan": 97, "sentiment": [{"positive_prob": 0.963686, "confidence": 0.919302, "negative_prob": 0.0363142, "sentiment": 2}]}, {"text": "为了信号满格，你知道通信人都经历怎样的苦难？从勘测、设计到施工、验收，基站建设的工序繁琐细致，堪比战场考验。现在5G来了，建设速度能更快吗？答案是可以的！借助AI和BIM，实现数字化勘测、设计与验收，让5G部署更快、更规范、更简单，这就是华为5G数字化集成服务L华为中国的微博视频​", "author": "华为中国", "time": "华为中国02月20日11:07 来自微博视频", "transmit": 51, "comment": 36, "zan": 282, "sentiment": [{"positive_prob": 0.899994, "confidence": 0.777764, "negative_prob": 0.100006, "sentiment": 2}]}, {"text": "【雷军回应和华为PK拍月亮：我用他们的手机咋拍不出来】2月20日，在小米9发布会上，雷军谈到小米9的月亮模式，他表示为了公平他昨天拿着iPhone、华为Mate20Pro和小米9拍了月亮一同比较，现场照片显示小米9的最出色，雷军纳闷道：“友商的老板也发了两张照片，反正我看着我怎么就拍不出来？”L新浪视频的微博视频", "author": "第一财经日报", "time": "第一财经日报02月20日17:30 来自微博weibo.com", "transmit": 33, "comment": 50, "zan": 60, "sentiment": [{"positive_prob": 0.176565, "confidence": 0.607632, "negative_prob": 0.823435, "sentiment": 0}]}, {"text": "这什么神仙操作，现在的销售太秀了吧@中国移动视频彩铃@华为中国@咪咕音乐L中国移动视频彩铃的秒拍视频​", "author": "热门搞笑排行榜", "time": "热门搞笑排行榜02月20日20:00 来自微博weibo.com", "transmit": 524, "comment": 215, "zan": 940, "sentiment": [{"positive_prob": 0.533235, "confidence": 0.335297, "negative_prob": 0.466765, "sentiment": 1}]}, {"text": "【#2018手机销量榜单#出炉，OPPO、vivo销量超过7000万台占据前两位】IDC数据显示，2018年，在中国智能机市场，OPPO、vivo销量超过7000万台，以较大优势占据前两位。华为、荣耀和小米销量超越5000万台，跻身TOP5。销量前十品牌中，仅vivo、荣耀、华为销量增加，其余品牌均销量萎缩，小米销量下降6%，排名第六位的苹果减少了12%，三星更是跌达74%。2018年，你买了哪个品牌的手机？O2018手机销量榜单出炉，OPPO、vivo销量超过7000万台", "author": "每日经济新闻", "time": "每日经济新闻02月20日15:10 来自微博weibo.com", "transmit": 32, "comment": 46, "zan": 53, "sentiment": [{"positive_prob": 0.130511, "confidence": 0.709975, "negative_prob": 0.869489, "sentiment": 0}]}]