[{"text": "【使命必达！盘点#2019中国十大科技成就#：数个“第一”，创造历史】2019年科学家们完成的硬核科技成就有点多：嫦娥四号传回人类首张月球背影像图，这是人类首次登陆月背，也开启了中国科技突破新篇章；工信部发放5G牌照；“捷龙一号”首飞成功；中科院发现迄今最大黑洞；华为发布鸿蒙操作系统……#微盘点#@梨视频文化L梨视频文化的秒拍视频", "author": "梨视频", "time": "梨视频2019年12月17日16:55 来自社会热点·视频社区", "transmit": 788, "comment": 511, "zan": 4038}, {"text": "【如何提升上镜精致度？手机自拍大法烫x#华为nova6#5G】💥五官不够精致？脸型完全不上镜？照片完全没眼看？💥大幅提升自拍上镜五官精致度的妆容，360度细节小tips大合集收好啦！💥化妆2小时拍照200张！女生们化了妆当然要自拍！💥告别土味！我的独家自拍大法，让#自拍大不一样#，分分钟高级感up！一张好看的自拍可以让姑娘们暗喜一整天！快一起学起来，也欢迎姐妹们分享自己最满意的自拍照！评论区走一波鸭~L易烫YCC的微博视频O抽奖详情", "author": "易烫YCC", "time": "易烫YCC2019年12月17日22:38 来自好物种草·视频社区", "transmit": 1760, "comment": 1187, "zan": 4331}, {"text": "从艰难起步，到服务全世界30亿人，现在的华为已经跨越了“生存”这道门槛。在不断尝试后我们找到并践行着自己的理想——为人类服务，用创新科技改善人们的生活。对华为来说，我们希望通过科学技术的进步，让未来人们的世界更美好。1987年，华为诞生在中国深圳的一栋居民楼里。今天，华为联接着全世界170多个国家的30亿人口。科技只是手段，人才是目的。科学技术的进步将使未来的生活更加美好，华为的故事还在延续。戳视频，观看《华为是谁》纪录短片最后一集。#华为facts#L华为心声社区的微博视频​", "author": "余承东", "time": "余承东2019年12月17日09:19 来自科技·视频社区", "transmit": 376, "comment": 1089, "zan": 4471}, {"text": "#iPhone十年售出14亿部#，你们用过么？现在用什么手机？你现在用的什么手机？​", "author": "鍋盖頭司令", "time": "鍋盖頭司令2019年12月17日14:47 来自鍋鍋老板的iPhoneXR", "transmit": 22, "comment": 46, "zan": 8388}, {"text": "【怕华为怕成这样？美国众议院通过法案禁止政府采购华为设备】美国《国会山报》16日消息称，美国国会众议院当地时间周一(16日)通过一项法案，禁止政府从被认为是国家安全威胁的企业购买电信设备，比如华为。这是继美国联邦通信委员会11月22日通过禁止运营商使用联邦补贴资金购买华为和中兴设备的决定后，美方针对中国电信企业的又一不友善举动。11月22日，美国联邦通信委员会就曾通过禁止运营商使用联邦补贴资金购买华为和中兴设备的决定。随后华为就此声明，强调FCC此项决定基于片面的信息及对中国法律的错误解读，“在没有证据的情况下就认定华为构成国家安全威胁，不仅违反了立法的正当程序原则，也涉嫌违法”。12月5日，华为在深圳总部召开新闻发布会宣布起诉美联邦通信委员会违反美国宪法和《行政诉讼法》。中国外交部发言人耿爽在回应此事时曾强调，我们再次敦促美方停止泛化国家安全概念，停止对中国的蓄意抹黑和指责，停止对中国特定企业的无理打压，为中国企业在美正常经营活动提供公平，公正，非歧视的环境。我要奉劝美方一些人，以“安全”为名，锁住所有的门，囚禁的只是自己。详戳：O怕华为怕成这样？美国众议院通过法案禁止政府采购华为设备", "author": "环球网", "time": "环球网2019年12月17日08:03 来自微博weibo.com", "transmit": 75, "comment": 139, "zan": 715}, {"text": "持续突破自我，@Misaya若风从没放松！在胜者为王的电竞世界，他曾用速度击败所有对手；以快制胜的5G时代，#华为nova6#5G助他领潮未来速度！#自拍大不一样#L华为终端官方微博的微博视频​", "author": "华为终端官方微博", "time": "华为终端官方微博2019年12月17日10:00 来自手机平板·视频社区", "transmit": 529, "comment": 1183, "zan": 6510}, {"text": "新一届朋友圈自拍大赛正式开始，请看前方用#华为nova6#5G发来的一手作品，大家看看谁的#自拍大不一样#？​", "author": "华为终端官方微博", "time": "华为终端官方微博2019年12月17日12:00", "transmit": 29, "comment": 87, "zan": 334}, {"text": "1987年，华为诞生在中国深圳的一栋居民楼里。今天，华为联接着全世界170多个国家的30亿人口。科技只是手段，人才是目的。科学技术的进步将使未来的生活更加美好，华为的故事还在延续。戳视频，观看《华为是谁》纪录短片最后一集。#华为facts#L华为心声社区的微博视频​", "author": "华为心声社区", "time": "华为心声社区2019年12月17日09:19 来自科技·视频社区", "transmit": 540, "comment": 88, "zan": 449}, {"text": "【#任正非称华为理想是为人类服务#，不是为金钱服务。】1987年，华为诞生在中国深圳的一栋居民楼里。今天，华为联接着全世界170多个国家的30亿人口。科技只是手段，人才是目的。《华为是谁》纪录短片第四集——未来已来，讲述了华为对未来生活的憧憬。L《华为是谁》纪录短片第四集：未来已来​", "author": "新浪科技", "time": "新浪科技2019年12月17日09:43 来自微博weibo.com", "transmit": 50, "comment": 124, "zan": 688}, {"text": "希望华为赶紧把这个功能完善一下，有点尴尬。L钱小佳威武霸气帅的微博视频​", "author": "钱小佳威武霸气帅", "time": "钱小佳威武霸气帅2019年12月17日16:08 来自iPhone11ProMax", "transmit": 43, "comment": 282, "zan": 1066}, {"text": "科技只是手段，人才是目的。1987年，华为诞生在中国深圳的一栋居民楼里；今天，华为联接着全世界170多个国家的30亿人口。科学技术的进步将使未来的生活更加美好，华为的故事还在延续，请看BBCStoryWorks制作的《华为是谁》纪录短片第四集：未来已来L华为中国的微博视频​", "author": "华为中国", "time": "华为中国2019年12月17日20:27 来自正能量·视频社区", "transmit": 111, "comment": 415, "zan": 2223}, {"text": "什么情况下，你会从苹果iPhone，换成安卓手机？什么情况下，你会从iPhone换成安卓手机？​", "author": "渠洋", "time": "渠洋2019年12月17日21:20 来自热心吃瓜群众", "transmit": 35, "comment": 108, "zan": 8615}, {"text": "【耿爽：德方对网络安全存在关切可以理解，但……】“外交部发言人办公室”消息，在12月17日外交部例行记者会上，有记者问：16日，德国社民党同联盟党达成一份提案称，如电信设备供应商来源国存在不受监督的国家影响，且无法排除操纵或间谍活动，则应被排除在德核心网络之外。报道称，该提案遭到德政府反对，社民党决定于17日内部表决。中方对此有何评论？　　耿爽：德方对自身网络安全存在关切完全可以理解，尤其是考虑到德国曾有网络甚至领导人的手机遭受其他国家监听的惨痛经历。但这里我要指出的是，安全关切应该建立在事实基础上，并保持在理性和合理的范围内，不应成为推行保护主义的借口，更不应把正常的经贸合作泛政治化或意识形态化。　　我们注意到近来德国国内关于华为5G问题的讨论。德方一些党派和人士企图以政治手段将中国企业排除在外的错误倾向令人担忧，这与德国一贯倡导的开放包容、公平竞争等市场经济精神背道而驰，将损害德国自身利益和德国的国际声誉。　　中方在5G问题上的立场是一贯的，明确的。中国政府从未支持任何中国企业从事损害他国正当安全利益的活动，更没有任何法律要求企业安装后门或收集外国情报。开放是相互的。中国将继续对包括欧洲企业在内的各国电信企业参与中国5G市场合作保持开放，同时我们也希望其他国家同样也能为中国企业提供一个开放、公平、公正、非歧视的营商环境。#跟我看外交##与发言人相约蓝厅#L外交部发言人办公室的微博视频", "author": "外交部发言人办公室", "time": "外交部发言人办公室2019年12月17日17:49 来自微博视频", "transmit": 43, "comment": 74, "zan": 878}, {"text": "腾讯阿里争抢他，华为给出年薪201万：好好读书，真的是人生逆袭的捷径​", "author": "阅读手册", "time": "阅读手册2019年12月17日09:02 来自微博weibo.com", "transmit": 129, "comment": 28, "zan": 291}, {"text": "华为有自研麒麟9905GSOC的优势，小米K30直接把5G手机干到了2000价位，蓝绿厂重新捡起了明星代言的路子。魅族、中兴、联想这些玩家估计也很难竞争过大厂了。2020年，你更看好哪家国产的5G手机在国内市场表现呢？​", "author": "科技Milk", "time": "科技Milk2019年12月17日10:10 来自微博weibo.com", "transmit": 25, "comment": 104, "zan": 5635}, {"text": "发布了头条文章：《低吸富一生》财经每日必读#微博赚钱季#周二股权/公告+华为/科技（穿戴智能）+新能源汽车（锂电）最强，大金融(券商）分化，区块链+次新/科创+大基建/周期+养殖板块有企稳的迹象;主板放量上涨（预设明日回踩盘整，观察成交量能否有效放大）强势股接力的亏钱效应减缓，明日南宁百货，万通智控，南京证券等作为情绪标杆观察，空间板高度到4板，首板数量减少，明日强势股接力赚钱效应大概会维持，但大盘进入筹码密集区，重点关注成交量能是否能持续，短期震荡会比较剧烈，操作难度会变大，风险偏好高的可选择首板（反包板）或者1进2进3涨停板套利，最优策略是低吸主线板块人气股和超跌中小创板块等轮动补涨，低吸富一生。O低吸富一生", "author": "lesliesay", "time": "lesliesay2019年12月17日16:54 来自微博weibo.com", "transmit": 485, "comment": 189, "zan": 554}, {"text": "很多成功都有背后的关键因素：1.李嘉诚的自传不会告诉你他娶了自己的富豪表妹庄月明，靠舅父的家族企业发展起来的，他通过塑胶花挣的第一桶金来自他舅父的资金支持。2.微软盖茨的书不会告诉你他母亲是IBM的董事，是她给儿子促成第一单大生意；3.股神巴菲特的自传只会告诉你他8岁就参观了纽交所，但不会告诉你他国会议员的父亲带他去的，是高盛的董事接待的；4.万科的王石那些自传更不会告诉你，他的前老丈人是当年的广东省委副书记。5.华为的任正非不会告诉你其岳父曾任四川省副省长。6.腾讯的马化腾不会告诉你他的父亲是盐田港上市公司董事，腾讯的第一笔投资来自李泽楷，李泽楷与盐田港母公司啥关系无需多说。", "author": "程序员新视界", "time": "程序员新视界2019年12月17日11:30 来自微博weibo.com", "transmit": 292, "comment": 333, "zan": 2744}, {"text": "#易烊千玺2019玊尔演唱会#@TFBOYS-易烊千玺2018/1217/181217华为nova4发布会哥哥好适合红色🔴♥️cr.logo#IAdoreYou-TFBOYS-易烊千玺##冷静和热情之间-TFBOYS-易烊千玺#​", "author": "易年代记", "time": "易年代记2019年12月17日17:26 来自易烊千玺超话", "transmit": 69, "comment": 16, "zan": 160}, {"text": "#过去十年至少售出14亿部iPhone#你觉得iPhone好用一些还是国产华为更好用一些？如果社长做抽????活动你希望抽iPhone还是华为​", "author": "爆料社长", "time": "爆料社长2019年12月17日15:47 来自iPhone11ProMax", "transmit": 19, "comment": 25, "zan": 3020}, {"text": "柳老爷子卸任，还是值得竖大拇指的，当年“搭班子，定战略，带队伍”三板斧影响甚广，算是中式管理的启蒙教材。前几年大家喷联想是美帝良心，今年有所改善，几款笔记本做的都不错，算是华为攻入笔记本市场后醒的比较快的（HP和Dell还在睡眼惺忪）。所以企业从众星捧月，到口诛笔伐，其实用不了几年。​", "author": "饭统戴老板", "time": "饭统戴老板2019年12月17日11:41 来自微博weibo.com", "transmit": 97, "comment": 170, "zan": 942}, {"text": "这里为大家盘点了近期开播或者即将开播的剧酷：《大明风华》今日开播鹅：《精英律师》《三生三世枕上书》芒果：《锦衣之下》还有现在已经在播的《庆余年》《鹤唳华亭》《一夜新娘》这些内容华为和荣耀用户只要打开手机自带的#华为视频#直接就能看，一个APP就能看到芒果TV、优酷、腾讯视频的内容，还有追剧福利，有机会赢5G手机，华为用户还有不知道的吗？", "author": "热播君", "time": "热播君2019年12月17日20:00 来自微博weibo.com", "transmit": 1204, "comment": 749, "zan": 1996}, {"text": "华为余承东前半辈子没做手机的经验，被任正非赶鸭子上架。做了一款手机，反应不快、发热倒挺快，气的任正非把手机砸在了他的脸上。余承东不气馁，一口气做了5款手机，都失败了。华为内部都说，余承东快下课了。关键时刻，任正非站了出来：不支持余承东，就是不支持我。任正非还送了余承东一架战斗机模型，鼓励他从零起飞。余承东把所有资源，都砸在了华为P6上，研发队伍达上千人。手机上的背板，供应商试了100万片，才敢量产。结果，华为P6引爆市场。华为手机一路凯歌，成为了中国第一。余承东成了与雷军并驾齐驱的企业家。#华为##手机#", "author": "股市女人", "time": "股市女人2019年12月17日06:38", "transmit": 90, "comment": 770, "zan": 2425}, {"text": "【任正非：5G是小儿科产品，#华为将长期处于世界领先地位#】12月17日，华为心声社区发布《华为是谁》纪录短片第四集。片中#任正非称5G是个小儿科产品#，是人工智能的系统支撑，从芯片到系统，华为都能担负起来，可能将长期处于世界领先地位。@时间财经http://t.cn/AiDnNtur​", "author": "新浪视频", "time": "新浪视频2019年12月17日15:18 来自财经·视频社区", "transmit": 23, "comment": 41, "zan": 122}, {"text": "大家比较关心的华为Mate30Pro5G版和4G版的拍照差异，DXO给了如下几点评价：①5G版拥有更好的变焦成像能力，画面细节增加。②5G版拥有更好的人像模式背景虚化效果。③5G版拥有更好的弱光环境下细节还原能力。④4G版拥有更好的超广角镜头画面细节与抗畸变能力。不过我看了一些DXO的描述，感觉一些升级和改变不都来自于硬件层面，比如超广角能力下降。这么看的话，这些拍照能力可能会在未来出现在4G版Mate30Pro上。", "author": "钟文泽", "time": "钟文泽2019年12月17日16:58 来自微博weibo.com", "transmit": 19, "comment": 250, "zan": 1139}, {"text": "在中央广播电视总台举办的“2019中国品牌强国盛典”活动上，华为获得了2019中国品牌强国盛典年度荣耀品牌的殊荣！L华为中国的微博视频​", "author": "华为中国", "time": "华为中国2019年12月17日11:00 来自国内综艺·视频社区", "transmit": 24, "comment": 264, "zan": 1441}, {"text": "#任正非#华为副总裁李一男2000年因为和任正非不合，愤然离职！任正非虽然心痛不已，但还是给了他分红和价值1000万的设备。而李一男带走了上百位技术骨干创立港湾网络与华为竞争。当时，在宽带IP产品领域，港湾网络市场占有率在7%-8%，而华为也不过10%-15%。二者实力相当已形成全面竞争。2006年，任正非为了阻止李一男把公司卖给西门子，而导致技术外流，遂全资收购港湾网络！任正非表示即使是竞争对手，但如果连你们都容不下，何以容天下，这就是任正非的格局！#李召军正能量#", "author": "作家李召军", "time": "作家李召军2019年12月17日05:40 来自新浪微博4G版", "transmit": 70, "comment": 198, "zan": 629}, {"text": "问下一个超越华为Mate30Pro5GDXO的是？三星？苹果？还是华为自己呢？目前顶尖大厂的竞争真的太激烈了！你认为谁会超越华为的dxo得分？​", "author": "科技C先生", "time": "科技C先生2019年12月17日23:22 来自荣耀Magic2魔法手机", "transmit": 31, "comment": 74, "zan": 3010}, {"text": "华为又来补考了！DxOMark正式公布了华为Mate30Pro5G的拍照得分：总分123分登顶榜单。之前的Mate30Pro得分121分与小米CC9Pro并列第一，再次送测后成绩依旧没有变化。但这次华为Mate30Pro5G终于再次登顶，DxO表示最重要的改进是更好的细节和噪点管理以及稳定的自动对焦。看来华为不断的优化还是非常有效果的，方向对了。", "author": "科技美学", "time": "科技美学2019年12月17日16:16 来自微博weibo.com", "transmit": 53, "comment": 535, "zan": 3145}, {"text": "对热爱义无反顾，突破自我才是他的最终梦想！#华为nova6#5G加持未来速度，助他大不一样！#自拍大不一样#@华为终端官方微博O网页链接​", "author": "时尚芭莎", "time": "时尚芭莎2019年12月17日11:58 来自搜狗高速浏览器", "transmit": 1607, "comment": 337, "zan": 1439}, {"text": "DxOMark正式公布了华为Mate30Pro5G版的拍照得分，其中拍照得分134分，视频得分102分，总分123分,再次刷新榜单。​", "author": "小白测评", "time": "小白测评2019年12月17日16:32 来自微博weibo.com", "transmit": 15, "comment": 472, "zan": 1972}]