[{"text": "【#华为全球多地注册鸿蒙商标#，包括加拿大、墨西哥、西班牙等】6月8日，外媒HUAWEICENTRAL称已确认华为已经在全球多地提交“HongMeng”商标申请，包括加拿大、墨西哥、西班牙等。L老板联播的秒拍视频​", "author": "头条新闻", "time": "头条新闻06月12日00:30 来自微博weibo.com", "transmit": 91, "comment": 207, "zan": 959, "sentiment": [{"positive_prob": 0.912384, "confidence": 0.805298, "negative_prob": 0.0876158, "sentiment": 2}]}, {"text": "【美中贸易全国委员会会长狠批特朗普“谋杀华为”:你有权力开枪吗？！】#特朗普谋杀华为#“特朗普正试图‘谋杀’华为”,美国CNBC新闻网11日用这句话简短总结美中贸易全国委员会会长克雷格·艾伦当天在CNBC资本交易峰会上有关华为的发言,他点名批评特朗普政府针对华为的做法。艾伦表示,“如果我们希望把华为排除出我们的网络,很简单,下令禁用华为即可。但把华为列入实体清单并禁止美国公司与它做生意,这更像是谋杀,是要将他们(华为)赶尽杀绝”。为此,他还举例发问:“如果有陌生人敲门,你不让他进来就行了,可是你有权直接开枪打死人家吗?”L微丢的秒拍视频（视频来源：微丢）", "author": "环球网", "time": "环球网06月12日22:03", "transmit": 312, "comment": 169, "zan": 1571, "sentiment": [{"positive_prob": 0.0889749, "confidence": 0.802278, "negative_prob": 0.911025, "sentiment": 0}]}, {"text": "【#英国运营商力挺华为#：要求政府表明对华为5G明确立场！】@中国日报报道，近日，英国各大通信运营商拟向政府上书，要求举行紧急会议，探讨对华为5G技术和设备的决定。运营商们担心，如果政府迟迟不对华为表明立场，他们将无法投资英国电信基础设施，也会让英国失去世界通讯领域领导者的地位。与此同时，本周一，华为网络安全主席约翰•萨福克（JohnSuffolk）表示，华为愿意接受大众对其设备的安全性能检验。L中报视频的秒拍视频", "author": "新浪财经", "time": "新浪财经06月12日07:49 来自微博weibo.com", "transmit": 100, "comment": 126, "zan": 941, "sentiment": [{"positive_prob": 0.734871, "confidence": 0.410824, "negative_prob": 0.265129, "sentiment": 2}]}, {"text": "#西班牙15城5G主要用华为设备#【#西班牙15城本周开通5G#，主要用华为设备】6月10日，英国跨国电信运营商沃达丰宣布，将于本周六（15日）在西班牙15个城市启动商用5G网络，包括马德里、巴塞罗那、瓦伦西亚、塞维利亚等，主要使用来自华为的网络设备。至此，西班牙将成为欧洲第一批推出这项服务的国家之一，此前，瑞士、圣马力诺等国已经开始运营5G网络。（来源：@观察者网）", "author": "每日经济新闻", "time": "每日经济新闻06月12日22:39 来自专业版微博", "transmit": 78, "comment": 83, "zan": 883, "sentiment": [{"positive_prob": 0.979138, "confidence": 0.95364, "negative_prob": 0.020862, "sentiment": 2}]}, {"text": "华为这部短片《悟空》刷屏了！愿你永不知天高地厚！！#电影#L影视生的秒拍视频​", "author": "影视生", "time": "影视生06月12日06:09 来自微博视频", "transmit": 925, "comment": 72, "zan": 3413, "sentiment": [{"positive_prob": 0.673983, "confidence": 0.275518, "negative_prob": 0.326017, "sentiment": 2}]}, {"text": "#西班牙15城本周开通5G#全部采用华为设备，将于6月15日投入运营。​", "author": "少年不打太极", "time": "少年不打太极06月12日22:01 来自iPhoneX", "transmit": 44, "comment": 108, "zan": 844, "sentiment": [{"positive_prob": 0.859575, "confidence": 0.687945, "negative_prob": 0.140425, "sentiment": 2}]}, {"text": "【急了，英国运营商上书政府，要求表明对华为5G明确立场】近日，英国各大通信运营商拟向政府上书，要求举行紧急会议，探讨对华为5G技术和设备的决定。运营商们担心，如果政府迟迟不对华为表明立场，他们将无法投资英国电信基础设施，也会让英国失去世界通讯领域领导者的地位。与此同时，本周一，华为网络安全主席约翰•萨福克（JohnSuffolk）在回应英国科技专责委员会质询时表示，华为愿意接受大众对其设备的安全性能检验。萨福克说：“我们（华为）赤裸裸地站在世界面前，但我们更愿意这样做，因为这样我们才能改进我们的产品。”（视频欧阳雪妍）L中报视频的秒拍视频", "author": "中国日报", "time": "中国日报06月12日07:30 来自微博weibo.com", "transmit": 53, "comment": 42, "zan": 412, "sentiment": [{"positive_prob": 0.144001, "confidence": 0.679998, "negative_prob": 0.855999, "sentiment": 0}]}, {"text": "小米的MIUI要适配华为鸿蒙OS了？​", "author": "秀数码", "time": "秀数码06月12日22:33", "transmit": 216, "comment": 799, "zan": 6901, "sentiment": [{"positive_prob": 0.34903, "confidence": 0.224379, "negative_prob": 0.65097, "sentiment": 0}]}, {"text": "6月21日武汉，与@TFBOYS-易烊千玺一起见证颜值升级，性能在线的#华为nova5#系列正式发布。这个夏天，有你“好看”！L华为终端官方微博的秒拍视频​", "author": "华为EMUI", "time": "华为EMUI06月12日11:30 来自微博weibo.com", "transmit": 2531, "comment": 367, "zan": 1742, "sentiment": [{"positive_prob": 0.95619, "confidence": 0.902644, "negative_prob": 0.0438101, "sentiment": 2}]}, {"text": "【#华为接受英国议会质询#：我们对世界坦诚相待】6月10日，华为全球网络安全和隐私官萨福克出席听证会，接受英国下议院科学委员会的质询。有人直截了当地问：“华为的设备是否能够跟踪我？”萨福克解释说，移动电话技术要求运营商不断跟踪用户的电话，以使他们的设备可以连接到移动网络，因此从这种逻辑上讲，所有运营商都在不断“跟踪”他的客户，在这个问题上，华为的设备与其他公司的设备并无二致。萨福克还表示，华为欢迎大家来找问题，“我们不会因大家的发现而感到尴尬……我们对世界坦诚相待”，这或许会让华为不那么“完美”，但对大家都有益。L微丢的秒拍视频@微丢", "author": "中国新闻周刊", "time": "中国新闻周刊06月12日08:50", "transmit": 45, "comment": 33, "zan": 379, "sentiment": [{"positive_prob": 0.698315, "confidence": 0.329588, "negative_prob": 0.301685, "sentiment": 2}]}, {"text": "5G时代的到来成就一种新的商业模式——云游戏！传统PC客户端游戏将从本地电脑转向云电脑，玩家用一部手机就能纵横游戏天地。华为XLabs与网易游戏雷火游戏部联合完成了目前市面上最大的国产电脑客户端游戏——《逆水寒》的优化配置，并且正式上线华为云电脑，快来接收O5G新福利，手机上玩端游，就是这么任性​", "author": "华为中国", "time": "华为中国06月12日20:40 来自微博weibo.com", "transmit": 996, "comment": 778, "zan": 3749, "sentiment": [{"positive_prob": 0.977482, "confidence": 0.94996, "negative_prob": 0.0225179, "sentiment": 2}]}, {"text": "【造谣华为内部有间谍，3人被警方依法拘留】近日，部分网民在网上传播“华为内部有美国间谍被抓”“华为某高层被抓”等信息，个别网络大V跟风炒作，造成恶劣影响。经有关部门核实，这些信息均为谣言，华为公司已向公安机关报案。因涉嫌寻衅滋事，涉嫌谣言传播的吴某、倪某、韩某某3人分别到案，经公安机关审查，3人如实供述了自己的违法行为。（中央政法委长安剑）", "author": "中国新闻网", "time": "中国新闻网06月12日22:38", "transmit": 61, "comment": 90, "zan": 497, "sentiment": [{"positive_prob": 0.0694375, "confidence": 0.845694, "negative_prob": 0.930562, "sentiment": 0}]}, {"text": "【华为接受英国议会质询：我们对世界坦诚相待】华为牛就牛在人才的全球化，华为全球网络安全和隐私官约翰·萨福克其实以前是英国的CIO，即就是他们信息部长、首席信息安全官。而上次因为回答逻辑滴水不漏征服微博网友的华为美国公司CIO，则是他的下属、也是美国网络安全团队创始人。这俩人都是牛人，以前就是质询方代表，愿意加入华为，说明他们和华为交流中确实发现华为是清白的。#华为接受英国议会质询#前天，华为全球网络安全和隐私官约翰·萨福克出席听证会，接受英国下议院科学委员会的质询。有人直截了当地问：“华为的设备是否能够跟踪我。”萨福克解释说，移动电话技术要求运营商不断跟踪用户的电话，以使他们的设备可以连接到移动网络，因此从这种逻辑上讲，所有运营商都在不断“跟踪”他的客户，在这个问题上，华为的设备与其他公司的设备并无二致。萨福克还表示，华为欢迎大家来找问题，“我们不会因大家的发现而感到尴尬……我们对世界坦诚相待”，这或许会让华为不那么“完美”，但对大家都有益。L微丢的秒拍视频", "author": "HW前HR", "time": "HW前HR06月12日10:09 来自HUAWEIP30Pro", "transmit": 485, "comment": 142, "zan": 1612, "sentiment": [{"positive_prob": 0.868426, "confidence": 0.707612, "negative_prob": 0.131574, "sentiment": 2}]}, {"text": "石锤来了：美国情报机构把华为当华伟证据！上次说美国情报机构也有脑残时候最早他们跟踪的“huawei”叫华伟，是军工通信企业。后来他们抹黑的的“huawei”华为，是民营生产民用通讯设备企业，不是军队企业。当然后来美国人也知道搞混淆了，但是他们就是故意抹黑，从不纠正，还是到处说是军队相关，也是非常阴暗和下作的。现在证据来了，前天美国CNBC曝光说2012年有份情报，说“华为成立是为了制造实现中国间谍目标的设备”，这典型的恶意搞混淆，不清楚是蠢还是坏，还是又蠢又坏？因为谁都知道华为成立是任老板失业之下走投无路之下成立一个代理卖小交换机的公司，到2002年之前三次险些破产，后续也才走出去国外。现在变成为了实现中国间谍目标成立的？美国精英在愚民，尤其把民众当驴子是非常严重的。O网页链接", "author": "HW前HR", "time": "HW前HR06月12日21:49 来自HUAWEIP30Pro", "transmit": 443, "comment": 406, "zan": 2902, "sentiment": [{"positive_prob": 0.114646, "confidence": 0.745232, "negative_prob": 0.885354, "sentiment": 0}]}, {"text": "【外媒：华为计划2021年合作推出自动驾驶汽车】据《金融时报》报道，华为公司正与欧洲、日本和中国的汽车厂商合作，计划最早于2021年推出自动驾驶汽车。华为正为多家合作企业提供人工智能支持，其中包括大众奥迪、广汽丰田、长安汽车等。任正非曾表示，跟人家合作不代表华为要造车。@老板联播L老板联播的秒拍视频", "author": "财经网", "time": "财经网06月12日20:30 来自微博weibo.com", "transmit": 48, "comment": 38, "zan": 136, "sentiment": [{"positive_prob": 0.975686, "confidence": 0.945969, "negative_prob": 0.0243138, "sentiment": 2}]}, {"text": "华为任正非小女儿，姚安娜，98年生白富美，和何超盈老公辛奇隆还有何超欣关系不错。日常就是跟着企业去世界各地开会，旅游，度假，和哈佛跟常青藤校友们聚会、互相交换资源。有人问是不是原来四太想撮合何猷君和她，姚安娜是看不上何家的，资源和资产都不如她家，对于华为的背景来说，最好的是zz联姻，和红三代在一起保平安。按资产来说如今华为是全中国能排前三的企业，不过这些钱大部分都掌握在gj和红后手中，不在明面上操作", "author": "小丑很难过", "time": "小丑很难过06月12日00:58 来自iPhone客户端", "transmit": 41, "comment": 162, "zan": 2624, "sentiment": [{"positive_prob": 0.888748, "confidence": 0.752774, "negative_prob": 0.111252, "sentiment": 2}]}, {"text": "任正非：全世界把5G做的最好的是华为，西方其实是高等的大农村，要想看8K电视，它非买华为不可。为这样的自信和底气点赞L环球纪录频道的微博视频#华为要求Verizon支付专利费#​", "author": "环球纪录频道", "time": "环球纪录频道06月12日22:17 来自微博视频", "transmit": 321, "comment": 132, "zan": 3102, "sentiment": [{"positive_prob": 0.904786, "confidence": 0.788413, "negative_prob": 0.0952139, "sentiment": 2}]}, {"text": "华为迎来大转机？！被美“封杀”才发现，这个中国科学家厉害得超乎想象！​", "author": "纸十四", "time": "纸十四06月12日11:33 来自微博weibo.com", "transmit": 74, "comment": 18, "zan": 278, "sentiment": [{"positive_prob": 0.202037, "confidence": 0.551028, "negative_prob": 0.797963, "sentiment": 0}]}, {"text": "#双语世界说#【“扎心”怎么翻译？】近日，外交部发言人耿爽介绍，截至6月6日，华为在全球30个国家获得了46份5G商用合同，其中就包括美方一段时间以来苦口婆心劝说的一些盟友和一些欧洲国家。“这些国家的名字这里我就不点了，以免某些人听了之后扎心。”“扎心”怎么翻译？戳图↓↓↓​", "author": "中国日报", "time": "中国日报06月12日16:20 来自微博weibo.com", "transmit": 61, "comment": 37, "zan": 265, "sentiment": [{"positive_prob": 0.826527, "confidence": 0.614505, "negative_prob": 0.173473, "sentiment": 2}]}, {"text": "【美中贸易全国委员会会长：将华为列入实体清单就是“谋杀”】6月11日，美中贸易全国委员会会长克雷格•艾伦在华盛顿一场投资者峰会上表示，美国政府将华为列入“实体清单”、禁止美国公司与华为做生意的做法，就相当于一场“谋杀”，试图将华为“赶尽杀绝”。他还打了个比方：“如果有陌生人敲门，你可以不让他进来，可是你有权直接开枪打死人家吗？”（观察者网）L美中贸易全国委员会会长：将华为列入实体清单就是\"谋杀\"via.中国企业家", "author": "凤凰周刊", "time": "凤凰周刊06月12日22:37 来自OPPO智能手机", "transmit": 114, "comment": 114, "zan": 575, "sentiment": [{"positive_prob": 0.11871, "confidence": 0.7362, "negative_prob": 0.88129, "sentiment": 0}]}, {"text": "华为办公室的两条横幅，成功需要朋友，巨大的成功需要敌人。​", "author": "程序员新视界", "time": "程序员新视界06月12日21:23 来自微博weibo.com", "transmit": 126, "comment": 103, "zan": 1434, "sentiment": [{"positive_prob": 0.89789, "confidence": 0.773089, "negative_prob": 0.10211, "sentiment": 2}]}, {"text": "【美中贸易全国委员会会长：将华为列入实体清单就是\"谋杀\"】11日，美中贸易全国委员会会长克雷格•艾伦：美国政府将华为列入“实体清单”、禁止美国公司与华为做生意的做法，就相当于一场“谋杀”，试图将华为“赶尽杀绝”。他还打了个比方：“如果有陌生人敲门，你可以不让他进来，可是你有权直接开枪打死人家吗？”L微丢的秒拍视频@微丢", "author": "观察者网", "time": "观察者网06月12日19:00 来自微博weibo.com", "transmit": 158, "comment": 165, "zan": 1242, "sentiment": [{"positive_prob": 0.112409, "confidence": 0.750201, "negative_prob": 0.88759, "sentiment": 0}]}, {"text": "华为这部短片《悟空》刷屏了！愿你永不知天高地厚！L清南师兄的微博视频​", "author": "清南师兄", "time": "清南师兄06月12日20:20 来自微博视频", "transmit": 613, "comment": 18, "zan": 304, "sentiment": [{"positive_prob": 0.65476, "confidence": 0.2328, "negative_prob": 0.34524, "sentiment": 2}]}, {"text": "奥克斯把格力对它的举报，引导到民族大义上，我觉得是一大败笔。大家挺华为，是因为华为在美国全面封锁之下，仍然不屈服，不低头，甚至自身很硬，在墙缝中还能开花，让国人感受到了鼓舞，赢得了很多支持。但是奥克斯呢？我看它的回复中一直避而不谈产品质量问题，如果质量真的有问题，产品指数没有达标，它不想办法解决该解决的问题，却让大家在爱国的名义下做鸵鸟，怎么可能呢？奥克斯公关的智商，真的让人捉急。爱国不是一个框，什么都可以往里装。不是因为爱国，我们就可以容忍粗制滥造，欺骗消费者，而是因为爱国，我们才要努力做的更好。", "author": "皇城根下刀笔吏", "time": "皇城根下刀笔吏06月12日12:54 来自微博weibo.com", "transmit": 133, "comment": 537, "zan": 3675, "sentiment": [{"positive_prob": 0.0253761, "confidence": 0.943609, "negative_prob": 0.974624, "sentiment": 0}]}, {"text": "据说用涂鸦画出来的nova被藏在了四座城市，默默等着#nova星人#去探索发现。戳视频，看看有你的城市吗？#华为nova5#L华为终端官方微博的微博视频​", "author": "华为终端官方微博", "time": "华为终端官方微博06月12日10:17 来自秒拍网页版", "transmit": 392, "comment": 283, "zan": 1491, "sentiment": [{"positive_prob": 0.670702, "confidence": 0.268226, "negative_prob": 0.329298, "sentiment": 2}]}, {"text": "专门驻扎在暗处的马来大狐蝠、喜爱攀爬在树干上的棉顶????、降落在远处枝桠上的冠斑犀鸟……带着华为P30Pro逛新加坡动物园，不怕眼睛不够用！p.s.在京东618期间，买华为品牌手机，全场最高优惠600元，更有机会赢万元全场景大礼包！#618购机攻略#@京东手机通讯@华为手机O网页链接​", "author": "博物杂志", "time": "博物杂志06月12日12:25 来自微博weibo.com", "transmit": 326, "comment": 323, "zan": 1893, "sentiment": [{"positive_prob": 0.964228, "confidence": 0.920508, "negative_prob": 0.0357716, "sentiment": 2}]}, {"text": "所有拿到华为P30系列的用户都是这样。。。我静静的摸着12999的保时捷设计版本​", "author": "科技圈", "time": "科技圈06月12日13:15", "transmit": 20, "comment": 121, "zan": 880, "sentiment": [{"positive_prob": 0.6198, "confidence": 0.155112, "negative_prob": 0.3802, "sentiment": 2}]}, {"text": "换SIM卡时，华为P30Pro比一加7Pro更容易插错菊花，后者有黑色天线条起到了隐蔽作用​", "author": "晴天披沥", "time": "晴天披沥06月12日23:11 来自iPhoneXSMax(深空灰)", "transmit": 40, "comment": 189, "zan": 1417, "sentiment": [{"positive_prob": 0.798357, "confidence": 0.551905, "negative_prob": 0.201643, "sentiment": 2}]}, {"text": "“全世界把5G做的最好的是华为，西方其实是个高等大农村，要想看8K电视，它非买华为不可。”任老自信的样子真可爱，莫名的自豪。#华为接受英国议会质询#L媒体人张晓磊的微博视频​", "author": "媒体人张晓磊", "time": "媒体人张晓磊06月12日19:32 来自微博视频", "transmit": 137, "comment": 110, "zan": 1529, "sentiment": [{"positive_prob": 0.813856, "confidence": 0.586346, "negative_prob": 0.186144, "sentiment": 2}]}, {"text": "【美中贸易全国委员会会长：将华为列入实体清单就是\"谋杀\"】11日，美中贸易全国委员会会长克雷格•艾伦：美国政府将华为列入“实体清单”、禁止美国公司与华为做生意的做法，就相当于一场“谋杀”，试图将华为“赶尽杀绝”。他还打了个比方：“如果有陌生人敲门，你可以不让他进来，可是你有权直接开枪打死人家吗？”L微丢的秒拍视频", "author": "新浪视频", "time": "新浪视频06月12日20:53 来自微博weibo.com", "transmit": 58, "comment": 36, "zan": 167, "sentiment": [{"positive_prob": 0.125094, "confidence": 0.722013, "negative_prob": 0.874906, "sentiment": 0}]}]