[{"text": "【任正非：谁请下属吃饭多，谁升得就快】官大者买单，是华为的惯例，也是任正非的惯例。任正非多次在公司会议上讲过：谁请下属吃饭多，谁升得就快，并列举出公司几位高管的名字。在公司的会议上，他反复讲，铁军的领袖，自古以来都是关爱下属的，并以霍去病倾酒入泉为例。O任正非：谁请下属吃饭多，谁升得就快​", "author": "新浪科技", "time": "新浪科技02月06日09:10 来自微博weibo.com", "transmit": 180, "comment": 156, "zan": 447, "sentiment": [{"positive_prob": 0.502042, "confidence": 0.959153, "negative_prob": 0.497958, "sentiment": 1}]}, {"text": "对着Siri说：我想换一台华为手机。Siri：不知道为什么，我预感我们会再见的。L刹那数码的微博视频​", "author": "刹那数码", "time": "刹那数码02月06日22:03 来自‮版G5‭iPhone", "transmit": 70, "comment": 385, "zan": 986, "sentiment": [{"positive_prob": 0.446348, "confidence": 0.00811431, "negative_prob": 0.553651, "sentiment": 0}]}, {"text": "为庆祝“AI开发”小程序上线，InfoQ携手@华为中国，发起活动“晒出你身边的AI”。分享你看过的AI产品图片、“AI”字母，或者说出体验的AI场景。转发+你发现的“AI”，并附上#AI开发超能力#微博标签，将于2月9日选取30位朋友瓜分3000元现金红包，精彩评论还能获赠华为运动蓝牙耳机呦~​", "author": "InfoQ", "time": "InfoQ02月06日20:30 来自微博weibo.com", "transmit": 1005, "comment": 863, "zan": 317, "sentiment": [{"positive_prob": 0.963278, "confidence": 0.918396, "negative_prob": 0.0367217, "sentiment": 2}]}, {"text": "【任正非：谁请下属吃饭多谁升得就快】官大者买单，是华为的惯例，也是任正非的惯例。任正非多次在公司会议上讲过：谁请下属吃饭多，谁升得就快。他反复讲，铁军的领袖，自古以来都是关爱下属的，并以霍去病倾酒入泉为例。此话有一定的道理，起码从团队建设的角度，是有道理的。有人曾讲过，古今中外成大事者，都是“爱才如命，挥金如土”。", "author": "中国商界网", "time": "中国商界网02月06日08:52 来自iPhone客户端", "transmit": 218, "comment": 49, "zan": 133, "sentiment": [{"positive_prob": 0.651435, "confidence": 0.22541, "negative_prob": 0.348565, "sentiment": 2}]}, {"text": "胡歌看到粉丝拿的苹果手机并说道:我现在可能只能签华为。胡歌作为华为荣耀的代言人很用心了L简直笑哭了的微博视频​", "author": "简直笑哭了", "time": "简直笑哭了02月06日12:57 来自微博视频", "transmit": 50, "comment": 63, "zan": 504, "sentiment": [{"positive_prob": 0.69472, "confidence": 0.3216, "negative_prob": 0.30528, "sentiment": 2}]}, {"text": "【美国官员：若盟国与华为合作或将做出反应】美国国务院一位官员表示，如果一个盟国无视不要与华为等中国电信设备制造商合作的警告，美国可能会做出回应。这显示了华盛顿对欧洲伙伴国的压力增大。O美国官员：若盟国与华为合作将做出反应​", "author": "早报网", "time": "早报网02月06日11:49 来自微博weibo.com", "transmit": 133, "comment": 94, "zan": 144, "sentiment": [{"positive_prob": 0.677499, "confidence": 0.28333, "negative_prob": 0.322501, "sentiment": 2}]}, {"text": "华为主题设计美学截止过期3r​", "author": "啵唧一口甜丞", "time": "啵唧一口甜丞02月06日21:09 来自华为主题超话", "transmit": 47, "comment": 502, "zan": 129, "sentiment": [{"positive_prob": 0.447083, "confidence": 0.00648207, "negative_prob": 0.552917, "sentiment": 0}]}, {"text": "【华为计划在波兰建立一个网络安全中心】据路透消息，#华为计划在波兰建网络安全中心#为了提升当地客户对华为网络设备的信心，打消其安全担忧。华为波兰业务主管TonnyBao表示：“如果波兰当局认为这是个值得信赖的解决方案，我们准备在波兰建立一个网络安全中心。”O华为计划在波兰建立一个网络安全中心​", "author": "新浪科技", "time": "新浪科技02月06日21:41 来自微博weibo.com", "transmit": 19, "comment": 22, "zan": 78, "sentiment": [{"positive_prob": 0.914077, "confidence": 0.80906, "negative_prob": 0.085923, "sentiment": 2}]}, {"text": "近日，华为助力中国电信在业界率先实现5GSA真实商用设备的异厂家互通。这是全球首个遵循国际3GPP标准实现SA（独立组网）异厂家互通的测试，有力推动了5GSA设备加速形成规模组网能力，使5G研发向规模商用迈出关键的一步。本次测试采用华为端到端真实设备，包括5G核心网、无线、终端。核心网采用业界领先的微服务架构，具备更好的灵活性、开放性和可扩展性，支持控制面功能的自发现、自注册和用户面的灵活配置。华为凭借对3GPP协议的深度理解，快速完成了异厂家互通的注册认证、会话建立、会话删除等基本流程的互操作测试验证，为后续全组合异厂家互通打下坚实基础。", "author": "华为中国", "time": "华为中国02月06日08:36 来自微博HTML5版", "transmit": 34, "comment": 49, "zan": 447, "sentiment": [{"positive_prob": 0.874518, "confidence": 0.721151, "negative_prob": 0.125482, "sentiment": 2}]}, {"text": "马来西亚68岁法师林文华为证明自己法力无边，当众表演“清蒸”，30分钟后，结果悲剧了L爆笑搞事菌的秒拍视频​", "author": "爆笑搞事菌", "time": "爆笑搞事菌02月06日17:01 来自秒拍网页版", "transmit": 35, "comment": 96, "zan": 199, "sentiment": [{"positive_prob": 0.229332, "confidence": 0.490374, "negative_prob": 0.770668, "sentiment": 0}]}, {"text": "【任正非：谁请下属吃饭多，谁升得就快】官大者买单，是华为的惯例，也是任正非的惯例。任正非多次在公司会议上讲过：谁请下属吃饭多，谁升得就快，并列举出公司几位高管的名字。在公司的会议上，他反复讲，铁军的领袖，自古以来都是关爱下属的，并以霍去病倾酒入泉为例。O任正非：谁请下属吃饭多，谁升得就快​​​", "author": "创业家传媒", "time": "创业家传媒02月06日09:42 来自HUAWEIP20", "transmit": 214, "comment": 90, "zan": 80, "sentiment": [{"positive_prob": 0.502042, "confidence": 0.959153, "negative_prob": 0.497958, "sentiment": 1}]}, {"text": "电影开始前自拍一张🤳猜我要看哪部？（btw左华为右iPhone📱​", "author": "haruru", "time": "haruru02月06日22:32 来自HUAWEIMate20X", "transmit": 4, "comment": 168, "zan": 89, "sentiment": [{"positive_prob": 0.31414, "confidence": 0.301911, "negative_prob": 0.68586, "sentiment": 0}]}, {"text": "华为创始人和精神领袖任正非春节节日看望员工，看来精神很好，满面春风啊。佩服任总，节日不忘员工，时刻想着他（她）们。这样的企业不腾飞都难。大家猜猜，里面哪个是部长？​", "author": "人才76116", "time": "人才7611602月06日20:33 来自HUAWEIP20", "transmit": 17, "comment": 108, "zan": 114, "sentiment": [{"positive_prob": 0.754671, "confidence": 0.454825, "negative_prob": 0.245329, "sentiment": 2}]}, {"text": "大家对这个挖孔屏不是很感冒，最火的还是Mate20，Pro版还要加价。小米手机今年的拍照不会输给华为，我对我们的攻城狮们有信心​", "author": "Kevin王的日记本", "time": "Kevin王的日记本02月06日17:14", "transmit": 13, "comment": 155, "zan": 192, "sentiment": [{"positive_prob": 0.299878, "confidence": 0.333605, "negative_prob": 0.700122, "sentiment": 0}]}, {"text": "华为的产品被加国以国家安全的名义封杀；这些电脑和设备@中国警方在线检查过了吗？哪8个NGO公布一下呗！​", "author": "嘉善老顾", "time": "嘉善老顾02月06日15:40 来自老玩客的Android", "transmit": 87, "comment": 21, "zan": 44, "sentiment": [{"positive_prob": 0.133036, "confidence": 0.704365, "negative_prob": 0.866964, "sentiment": 0}]}, {"text": "川普他内心是想着达成协议的，毕竟他要政绩拼选举。其他那几个诸如纳瓦罗莱特细则这样的强硬派就很难说了。最终的胜利属于华为孟晚舟，也属于全中国人民。​", "author": "浙商卢献星", "time": "浙商卢献星02月06日22:36 来自浙商會iPhone客户端", "transmit": 8, "comment": 34, "zan": 90, "sentiment": [{"positive_prob": 0.437449, "confidence": 0.0278917, "negative_prob": 0.562551, "sentiment": 0}]}, {"text": "【任正非：谁请下属吃饭多，谁升得就快】官大者买单，是华为的惯例，也是任正非的惯例。任正非多次在公司会议上讲过：谁请下属吃饭多，谁升得就快，并列举出公司几位高管的名字。在公司的会议上，他反复讲，铁军的领袖，自古以来都是关爱下属的，并以霍去病倾酒入泉为例。O任正非：谁请下属吃饭多，谁升得就快​", "author": "中国经营报", "time": "中国经营报02月06日10:30 来自微博weibo.com", "transmit": 42, "comment": 29, "zan": 101, "sentiment": [{"positive_prob": 0.502042, "confidence": 0.959153, "negative_prob": 0.497958, "sentiment": 1}]}, {"text": "【任正非：谁请下属吃饭多，谁升得就快】官大者买单，是华为的惯例，也是任正非的惯例。此惯例已经列入2013年的《华为公司改进工作作风的八条要求》，此规定的第二条提出：“不给上级送礼（贺卡、邮件、短信、鲜花除外）。有上级参加的非因公就餐应由上级付账（AA制除外），更不允许以公费名义报销因私就餐费用。”凡是任正非请吃饭，他肯定把发票或小票撕掉，撕掉发票的目的就是避免以公费名义报销因私就餐费用。不仅任正非这么做，公司高管们亦如此。O任正非：谁请下属吃饭多，谁升得就快", "author": "老板联播", "time": "老板联播02月06日11:56 来自微博weibo.com", "transmit": 36, "comment": 20, "zan": 106, "sentiment": [{"positive_prob": 0.0411483, "confidence": 0.908559, "negative_prob": 0.958852, "sentiment": 0}]}, {"text": "华为、中兴为什么麻烦不断？专家指出原因，听完豁然开朗！#政经风云##你身边的大人物##你啥看法#L大咖身边人的微博视频​", "author": "大咖身边人", "time": "大咖身边人02月06日08:14 来自微博网页", "transmit": 32, "comment": 7, "zan": 27, "sentiment": [{"positive_prob": 0.714086, "confidence": 0.364636, "negative_prob": 0.285914, "sentiment": 2}]}, {"text": "【华为称愿意在波兰设网络安全中心】华为波兰办事处主任指出，如果当局接受上述安排为可靠的解决方案，公司已经做好准备，在波兰设立网络安全中心。O华为称愿意在波兰设网络安全中心​", "author": "早报网", "time": "早报网02月06日21:23 来自微博weibo.com", "transmit": 32, "comment": 119, "zan": 87, "sentiment": [{"positive_prob": 0.697183, "confidence": 0.327073, "negative_prob": 0.302817, "sentiment": 2}]}, {"text": "整天厉害了，结果美国內的熊猫派都彻底被歼灭了！剩下的都是屠龙派！！jeffsachs帮中国和华为说了几句好话，结果被围剿，被迫把推特账户都删了！！sachs的休克疗法搞垮了苏联，又怕过谁？时局变化太快，专家要多保重！​", "author": "于晓华_经济", "time": "于晓华_经济02月06日21:56 来自微博HTML5版", "transmit": 18, "comment": 27, "zan": 69, "sentiment": [{"positive_prob": 0.0560822, "confidence": 0.875373, "negative_prob": 0.943918, "sentiment": 0}]}, {"text": "“猪角”是你，新的一年要元气满满准备发光了鸭~#HUAWEIHiAI#Foundation，NPU加速增强AI模型算力，性能飞升助推C位出道。关注@华为开发者联盟，转评抽送蓝牙对耳一副。@微博抽奖平台​", "author": "华为开发者联盟", "time": "华为开发者联盟02月06日11:00 来自微博weibo.com", "transmit": 252, "comment": 270, "zan": 166, "sentiment": [{"positive_prob": 0.96124, "confidence": 0.913867, "negative_prob": 0.0387601, "sentiment": 2}]}, {"text": "胡歌真敬业呀，只给用华为手机的签名L搞笑视频坊的秒拍视频​", "author": "搞笑视频坊", "time": "搞笑视频坊02月06日09:19 来自微博视频", "transmit": 13, "comment": 7, "zan": 123, "sentiment": [{"positive_prob": 0.675499, "confidence": 0.278886, "negative_prob": 0.324501, "sentiment": 2}]}, {"text": "O山姆大叔的猎物：美国对外国公司的法律诉讼让其他国家烦恼|CHS加拿大对华为首席财务官孟晚舟女士的逮捕，其大背景是美国对外国公司的治外法权：“美国法律首先假定了其法规应用范围不超出其国境，但检察官对于法律如何解释具有广泛的权威性。律师们认为检察官对谁受美国法律管辖的问题已经采取了越来越宽泛的解释。一桩银行交易若最终是通过纽约进行的，那么检察官就有理由检查它。如果美国境外的两位高管使用谷歌Gmail就一笔贿赂进行交流，美国检察官就可以声称电子邮件提供商的美国属性让这件事成了他们的业务范畴。”", "author": "中科大胡不归", "time": "中科大胡不归02月06日11:41 来自微博weibo.com", "transmit": 25, "comment": 39, "zan": 92, "sentiment": [{"positive_prob": 0.639854, "confidence": 0.199676, "negative_prob": 0.360146, "sentiment": 2}]}, {"text": "【孟晚舟律师将以“政治动机”作为引渡抗辩理由海彦】5日据加拿大环球邮报星期一报道，面临可能被引渡到美国的中国华为公司的副董事长兼首席财务官孟晚舟在寻求为自己辩护的理由，称美国对她的指控是出于政治动机。孟晚舟的首席律师理查德·派克在接受该报电话采访时表示，“此案的政治色彩非常明显”，“这可能是与我所见过的其他引渡案件不同的一点。它笼罩着一层政治阴云”。", "author": "紫荆树", "time": "紫荆树02月06日06:03", "transmit": 65, "comment": 130, "zan": 66, "sentiment": [{"positive_prob": 0.307657, "confidence": 0.316318, "negative_prob": 0.692343, "sentiment": 0}]}, {"text": "王君安央视戏曲春晚《妈祖》全段视频来了，为白马的精彩演绎点赞，也华为手机边看边录的功能点赞！L丁子户凡珏的微博视频​", "author": "丁子户凡珏", "time": "丁子户凡珏02月06日22:55 来自王君安超话", "transmit": 20, "comment": 16, "zan": 73, "sentiment": [{"positive_prob": 0.97877, "confidence": 0.952823, "negative_prob": 0.0212299, "sentiment": 2}]}, {"text": "【为什么这么多公司总部要搬到深圳？】除了华为，腾讯，平安，万科等深圳“本土企业”外，现在越来越多的公司也把企业总部搬到了深圳，比如恒大集团，还有百度公司的华南总部和国际总部，阿里国际总部和阿里云计算总部等等也都搬到了深圳，这是要一决高下的意思么？快看看是怎么回事儿（事成财经）O网页链接", "author": "深圳特区报", "time": "深圳特区报02月06日22:15 来自微博weibo.com", "transmit": 14, "comment": 12, "zan": 37, "sentiment": [{"positive_prob": 0.787001, "confidence": 0.526669, "negative_prob": 0.212999, "sentiment": 2}]}, {"text": "【为什么这么多公司总部要搬到深圳？】除了华为，腾讯，平安，万科等深圳“本土企业”外，现在有越来越多的公司也把企业总部搬到了深圳，比如恒大集团，还有百度公司的华南总部和国际总部，阿里国际总部和阿里云计算总部等等也都搬到了深圳。而且有意思的是，恒大总部毗邻万科总部，百度和阿里毗邻腾讯总部。这是要一决高下的意思么？O网页链接", "author": "深圳微博发布厅", "time": "深圳微博发布厅02月06日21:08 来自360安全浏览器", "transmit": 50, "comment": 37, "zan": 40, "sentiment": [{"positive_prob": 0.849332, "confidence": 0.665182, "negative_prob": 0.150668, "sentiment": 2}]}, {"text": "【任正非：谁请下属吃饭多，谁升得就快】官大者买单，是华为的惯例，也是任正非的惯例。任正非多次在公司会议上讲过：谁请下属吃饭多，谁升得就快，并列举出公司几位高管的名字。在公司的会议上，他反复讲，铁军的领袖，自古以来都是关爱下属的，并以霍去病倾酒入泉为例。凡是任正非请吃饭，他肯定把发票或小票撕掉，撕掉发票的目的就是避免以公费名义报销因私就餐费用。不仅任正非这么做，公司高管们亦如此。", "author": "电脑报", "time": "电脑报02月06日12:56 来自搜狗高速浏览器", "transmit": 24, "comment": 23, "zan": 46, "sentiment": [{"positive_prob": 0.0548918, "confidence": 0.878018, "negative_prob": 0.945108, "sentiment": 0}]}, {"text": "关注我的朋友相信很多人用过苹果，华为和小米，说说你们觉得哪个品牌的手机体验最好.​", "author": "趣评测詹志斌", "time": "趣评测詹志斌02月06日14:38 来自趣评测买的iPhoneXSMax", "transmit": 6, "comment": 232, "zan": 87, "sentiment": [{"positive_prob": 0.89302, "confidence": 0.762268, "negative_prob": 0.10698, "sentiment": 2}]}]