[{"text": "娜美获仙家终身成就奖仙家团队内部PK赛落下帷幕，今晚娜美直播间变成颁奖现场，获奖者一一登台领取奖品（有华为保时捷手机和iPad），勇抗十点大旗的娜美没有参与PK，但她获得了团队所有人的肯定，仙洋特意给她颁发了一个仙家终身成就奖，以奖励她作为仙家领头人付出的一切，奖品价值不菲是一个宝格丽的手镯，据说花了7万多，恭喜娜美。L快手网红故事的微博视频", "author": "快手网红故事", "time": "快手网红故事01月06日23:04 来自iPhone8", "transmit": 6, "comment": 985, "zan": 881, "sentiment": [{"positive_prob": 0.943179, "confidence": 0.873732, "negative_prob": 0.0568205, "sentiment": 2}]}, {"text": "娜美获终身成就奖！仙家团队PK赛娜美直播间变颁奖现场，获奖者一一登台领取奖品（有华为保时捷手机和iPad），娜美没有参与PK，但获得了终身成就奖，奖品是一个宝格丽的手镯，恭喜娜美啊！L快手扒皮的微博视频​", "author": "快手扒皮", "time": "快手扒皮01月06日23:11 来自小老弟的iPhone客户端", "transmit": 5, "comment": 2132, "zan": 809, "sentiment": [{"positive_prob": 0.912392, "confidence": 0.805315, "negative_prob": 0.0876085, "sentiment": 2}]}, {"text": "2019#SPY年度机皇争霸赛#小组赛第一场：华为Mate20Pro对战锤子坚果R1，明晚20:00上线！究竟谁能获胜，最终还要取决于来自#十万人测评俱乐部#的你。LZEALER中国的秒拍视频​", "author": "ZEALER中国", "time": "ZEALER中国01月06日20:48", "transmit": 205, "comment": 515, "zan": 484, "sentiment": [{"positive_prob": 0.82596, "confidence": 0.613244, "negative_prob": 0.17404, "sentiment": 2}]}, {"text": "艺术留学#摄影#灵感|用手机也能拍大片摄影师PieroPercoco很喜欢用手机作为他的街拍利器，2013年他开始用iphone拍摄，从此就一发不可收拾。他的作品总会营造出一种强烈的“在场感”。好像我们就在那里，和摄影师一起蹲下或者跑上前去贴近某个我们想看清的瞬间。ps：发现他也有用华为手机，大家不妨猜猜是哪一张？#作品集#", "author": "艺术作品集情报局", "time": "艺术作品集情报局01月06日19:00 来自微博weibo.com", "transmit": 11, "comment": 8, "zan": 63, "sentiment": [{"positive_prob": 0.973873, "confidence": 0.94194, "negative_prob": 0.0261269, "sentiment": 2}]}, {"text": "大清早跑到玉渊潭看日出，不期碰见“天狗吃月亮”，回来之后显得格外兴奋。我告诉她，今天中国中东部地区的人均可以看到“天狗咬日”的奇观，你格外幸运，今天天儿好，没有雾霾，你照片上拍的叫“带食日出”。隔壁王奶奶大闺女用华为mate10拍的照片。​", "author": "司马南", "time": "司马南01月06日11:14 来自HUAWEIMate10Pro", "transmit": 7, "comment": 20, "zan": 74, "sentiment": [{"positive_prob": 0.953898, "confidence": 0.897552, "negative_prob": 0.0461017, "sentiment": 2}]}, {"text": "晚上11:30我会在斗鱼直播间252140抽一个华为mate20pro。晚上11:30我会在斗鱼直播间252140抽一个华为mate20pro。晚上11:30我会在斗鱼直播间252140抽一个华为mate20pro。重要的事情说三遍，知道了吗？​", "author": "doinb金咕咕", "time": "doinb金咕咕01月06日18:15 来自iPhoneX", "transmit": 8, "comment": 216, "zan": 941, "sentiment": [{"positive_prob": 0.689363, "confidence": 0.309696, "negative_prob": 0.310637, "sentiment": 2}]}, {"text": "#参考视界#【华为“落难”，这两家欧洲巨头将坐收渔利？】台媒称，一些西方国家基于所谓的“安全疑虑”禁用华为的设备，外界预期华为的两大通信设备对手瑞典爱立信和芬兰诺基亚将坐收渔翁之利。然而，因为技术落后华为，爱立信和诺基亚很难抢到市场。不过，这两家北欧企业也有自己的优势↓↓L参考消息的微博视频", "author": "参考消息", "time": "参考消息01月06日19:30 来自微博weibo.com", "transmit": 31, "comment": 21, "zan": 80, "sentiment": [{"positive_prob": 0.281857, "confidence": 0.373652, "negative_prob": 0.718143, "sentiment": 0}]}, {"text": "之前，华为在外的遭遇让国人感到愤怒，但华为一连串的反击让国人无比骄傲。最近，华为在全球第一高迪拜塔投了一个广告，燃到爆炸，实在是解气！！！L龙星镖局的微博视频​", "author": "龙星镖局", "time": "龙星镖局01月06日12:15 来自Weibo.intl", "transmit": 92, "comment": 55, "zan": 556, "sentiment": [{"positive_prob": 0.277239, "confidence": 0.383914, "negative_prob": 0.722761, "sentiment": 0}]}, {"text": "GalaxyA8SVS.华为Nova4，哪个更漂亮？​", "author": "C科技", "time": "C科技01月06日07:42", "transmit": 8, "comment": 393, "zan": 212, "sentiment": [{"positive_prob": 0.384213, "confidence": 0.146193, "negative_prob": 0.615787, "sentiment": 0}]}, {"text": "#华为工作16年等于深圳1套房#？【华为员工吐槽：工作16年，就挣了一套1400万的房】近日，一名华为员工在公司内部论坛吐（xuan）槽（fu）“华为工作16年就等于一套房”，吸引了很多人的围观：国内8年，海外8年，就深圳一套房，1400万，贷款负债和股票现金基本相抵，接近40岁，没有抓住机会，大半辈子都在给房子打工了，希望2019年诸事顺利。看完后，有多少人实名表示羡慕嫉妒恨的？（来源：深圳身边事）", "author": "钱江晚报", "time": "钱江晚报01月06日21:36 来自专业版微博", "transmit": 21, "comment": 37, "zan": 44, "sentiment": [{"positive_prob": 0.60486, "confidence": 0.12191, "negative_prob": 0.39514, "sentiment": 2}]}, {"text": "近日华为与意大利运营商TIM进行5G测试，速率2.7Gbps，而意大利则是最早与华为签订5G合同的欧洲国家；在印度华为2018年2月便于BharTIAirtel进行了首次5G测试，速率达3Gbps；另外华为去年11月在英国与运营商Three也进行了5G路由器测试，最高速度2Gbps，平均1Gbps，成功“打脸”诺基亚与英国运营商最高700Mbps的测试结果；华为与日本第一大运营商NTTDocomo的5G测试成果最为显著，速率达到4.52Gbps，相比美国AT&T假5G网络约195Mbps快了21倍多。。。虽然遭到美、澳、新西兰等国家禁用，但并不会对整体发展产生影响。目前，已经推出5G热点业务的韩国LGU+也采用华为设备，速率达到1Gbps；芬兰运营商Elisa将在今年初推出首个5G手机套餐，并表示将与华为联合推出5G手机终端，华为5G技术正在以不同维度在全球应用。", "author": "斯图卡98", "time": "斯图卡9801月06日23:27 来自360安全浏览器", "transmit": 136, "comment": 48, "zan": 176, "sentiment": [{"positive_prob": 0.97709, "confidence": 0.94909, "negative_prob": 0.0229097, "sentiment": 2}]}, {"text": "声音只能听？果壳的脑洞加小艺的声音，献上一波神操作带你“看见”声音的模样，这可能是华为AI音箱最灵动的一次表现。关注+带话题#华为智选#转发微博说说视频中共用了哪几种东西表现声音的样子，由@微博抽奖平台 随机抽送华为AI音箱3个。L华为智选的秒拍视频​", "author": "华为终端公司", "time": "华为终端公司01月06日11:23 来自微博weibo.com", "transmit": 414, "comment": 462, "zan": 217, "sentiment": [{"positive_prob": 0.824316, "confidence": 0.609591, "negative_prob": 0.175684, "sentiment": 2}]}, {"text": "#你的手机解锁长啥样#【有奖寻萌宠！】套路千千万，玩了才知道吾皇和巴扎黑的套路如此深！来#华为主题#O网页链接，你玩了就懂咯！戳视频，告诉小云，吾皇和巴扎黑究竟去哪儿了？关注+转发，抽送1套吾皇新年礼盒和2张100元京东卡！L华为终端云服务的秒拍视频​", "author": "华为终端云服务", "time": "华为终端云服务01月06日18:00 来自微博weibo.com", "transmit": 1054, "comment": 358, "zan": 282, "sentiment": [{"positive_prob": 0.84901, "confidence": 0.664466, "negative_prob": 0.15099, "sentiment": 2}]}, {"text": "❗️娜美获奖众徒挑战无极限❗️仙家团队内部PK赛落下帷幕，众徒弟吃饱纷纷可以高兴过年，娜美今晚直播成颁奖现场，获奖者一一现身领取奖品，团队有获得华为手机奖品的，有获得保时捷手机和iPad的，众徒弟兴高采烈划分奖品！由于娜美没有参与PK赛，但仙洋特意给她颁发了奖品，奖励她为仙家领头人的奖杯，奖品价值是几万块钱的手镯，然后娜美开始恶搞其他师兄弟，拿芥末和可乐喂给他们喝！L网红大八卦的微博视频", "author": "网红大八卦", "time": "网红大八卦01月06日23:24 来自iPhone7Plus", "transmit": 5, "comment": 177, "zan": 508, "sentiment": [{"positive_prob": 0.949288, "confidence": 0.887307, "negative_prob": 0.0507118, "sentiment": 2}]}, {"text": "【DxOMark年度榜单发布：31款设备，华为登顶】近日，DxOMark发布了年度榜单，在2018年评测的设备中，华为P20Pro获得总榜第一和拍照榜第一，而视频拍摄榜第一则是GooglePixel。总榜前三名分别是华为P20Pro、iPhoneXSMax、HTCU12Plus和三星GalaxyNote9与小米MIX3并列第三。​", "author": "爱范儿", "time": "爱范儿01月06日10:17 来自专业版微博", "transmit": 9, "comment": 36, "zan": 33, "sentiment": [{"positive_prob": 0.944285, "confidence": 0.876188, "negative_prob": 0.0557152, "sentiment": 2}]}, {"text": "华为Mate20系列上市两个月发货量就突破了500万台，里面有没有你的贡献​", "author": "数码研究所", "time": "数码研究所01月06日13:55", "transmit": 12, "comment": 83, "zan": 220, "sentiment": [{"positive_prob": 0.432524, "confidence": 0.0388355, "negative_prob": 0.567476, "sentiment": 0}]}, {"text": "#哈尔滨爆料#【市民投诉：手机刷公交司机不认官方客服：您就当做好事吧】哈尔滨网友@苏骝亮爆料，用华为pay哈尔滨城市通刷手机支付了0.9元，24路公交车司机师傅不认，并说：\"别给我说那没用的，我没听见声，就不行，那天有个人刷八次都不行。\"向交通集团公交公司投诉，客服表示：“消消气放司机一马，就当做好事了。”小编很好奇，乘客凭什么要做这个好事呢？（via：生活报）", "author": "哈尔滨身边事", "time": "哈尔滨身边事01月06日10:47 来自微博weibo.com", "transmit": 8, "comment": 148, "zan": 50, "sentiment": [{"positive_prob": 0.0683062, "confidence": 0.848209, "negative_prob": 0.931694, "sentiment": 0}]}, {"text": "【华为5G必要专利量超诺基亚高通爱立信全球第一，华为中兴大唐成中国5G中坚力量】中国信通院：截至2018年12月28日，5G标准必要专利量，华为以1970件5G声明专利排第一，占比17%，中兴以1029件专利排第6，占比9%；大唐以543件专利声明排第9，占比5%。5G时代看中国!#华为##5G##全国首个5g地铁站#​", "author": "建华Wei业", "time": "建华Wei业01月06日12:26 来自华为超话", "transmit": 22, "comment": 42, "zan": 175, "sentiment": [{"positive_prob": 0.931168, "confidence": 0.847039, "negative_prob": 0.0688322, "sentiment": 2}]}, {"text": "看到大家都在发这组传说中的下半年新iPhone（我还不太习惯说“下半年”）…这一组图的主要疑问点是：过于不对称了。华为的四方块好歹还放在中间，这一组直接怼在左上角不说，闪光灯的位置还比镜头高。我回忆了一下苹果现有的产品线，还没有不对称程度如此的产品。因此我目前也对这组图的真实度不敢抱太大希望。原因无他，这是苹果啊。iPhone提前被曝光然后真机好看的，想来想去好像是iPhone5？当时玻璃与金属拼接的方案被供应链曝光之后大家一致喊丑，不过真机生生被玻璃材质给救回来了。下边这两个图，感觉无论如何也救不回来…", "author": "钟文泽", "time": "钟文泽01月06日23:17 来自普通家庭iPhoneXSMax", "transmit": 16, "comment": 298, "zan": 141, "sentiment": [{"positive_prob": 0.0102105, "confidence": 0.97731, "negative_prob": 0.989789, "sentiment": 0}]}, {"text": "我擦，居然还被我遇到一个我有两台华为，是不是可以折上折，还是被人认出来打骨折……​", "author": "楼斌XYZONE", "time": "楼斌XYZONE01月06日23:42 来自HUAWEIMate20Pro", "transmit": 5, "comment": 71, "zan": 79, "sentiment": [{"positive_prob": 0.167442, "confidence": 0.627908, "negative_prob": 0.832558, "sentiment": 0}]}, {"text": "【外媒编辑评选：2018年最喜欢的6款智能手机】这些手机包括华为Mate20Pro、小米PocophoneF1、一加6T、三星GalaxyNote9、三星GalaxyS9以及谷歌Pixel3六款……详情点击：O外媒编辑评选：2018年最喜欢的6款智能手机​", "author": "IT之家", "time": "IT之家01月06日15:56 来自IT之家", "transmit": 27, "comment": 219, "zan": 165, "sentiment": [{"positive_prob": 0.981354, "confidence": 0.958564, "negative_prob": 0.0186463, "sentiment": 2}]}, {"text": "娜美获终身成就奖仙家团队PK赛娜美直播间变颁奖现场，获奖者一一登台领取奖品（有华为保时捷手机和iPad），娜美没有参与PK，但获得了终身成就奖，奖品是一个宝格丽的手镯，恭喜娜美啊！.L阿伟的微博视频​", "author": "伟哥八卦", "time": "伟哥八卦01月06日23:23 来自八卦大网红iPhone客户端", "transmit": 4, "comment": 112, "zan": 234, "sentiment": [{"positive_prob": 0.89516, "confidence": 0.767022, "negative_prob": 0.10484, "sentiment": 2}]}, {"text": "德国电信子公司T-Mobile和软银集团子公司Sprint的合并案正在接受美国监管机构的审查，美国监管机构向德国电信开出的“交换条件”是，如果想合并提案获得通过，T-Mobile必须禁止使用任何华为设备。为了限制竞争对手，美国已经不顾脸面，也不讲什么“市场经济原则”和“公平竞争”了，直接玩强权政治。不过历史证明，技不如人时，靠围堵是没用的，只能拉大与对方的差距。美国的恐惧，也从另一个侧面证实了华为强大的实力，那些总想“证明”华为技术不行的论调，是不是也可以歇一歇了？", "author": "陶永谊", "time": "陶永谊01月06日11:53 来自荣耀V10我AI的快", "transmit": 77, "comment": 43, "zan": 113, "sentiment": [{"positive_prob": 0.223485, "confidence": 0.503366, "negative_prob": 0.776515, "sentiment": 0}]}, {"text": "哈哈哈，用苹果8换5S+华为+VIVO的那个亏死了，都是低端机啊L一手video的秒拍视频​", "author": "测评小铺", "time": "测评小铺01月06日13:43", "transmit": 10, "comment": 38, "zan": 54, "sentiment": [{"positive_prob": 0.443824, "confidence": 0.0137246, "negative_prob": 0.556176, "sentiment": 0}]}, {"text": "小马丁MartinGarrix2018哥伦比亚演出曾为华为手机站台！@MartinGarrix图文资讯L小猪男孩的秒拍视频​", "author": "小猪男孩", "time": "小猪男孩01月06日22:57 来自秒拍客户端", "transmit": 8, "comment": 2, "zan": 70, "sentiment": [{"positive_prob": 0.787938, "confidence": 0.528752, "negative_prob": 0.212062, "sentiment": 2}]}, {"text": "我跟你们说，生娃实在是太贵了，搞得我一直想买个华为手机，天天看，看了一个月了没舍得买前些日子去看童车，比我刚收那富康还贵​", "author": "莲石路车神", "time": "莲石路车神01月06日17:44 来自iPhone8Plus", "transmit": 3, "comment": 92, "zan": 97, "sentiment": [{"positive_prob": 0.546183, "confidence": 0.0763416, "negative_prob": 0.453817, "sentiment": 1}]}, {"text": "职场必备实用功能，掌握这几个简单步骤，高效实现图片转PPT。智能文档编辑功能，#华为Mate20#系列即刻拥有。L华为终端官方微博的秒拍视频​", "author": "华为终端公司", "time": "华为终端公司01月06日15:00 来自微博weibo.com", "transmit": 19, "comment": 25, "zan": 93, "sentiment": [{"positive_prob": 0.976959, "confidence": 0.948798, "negative_prob": 0.0230408, "sentiment": 2}]}, {"text": "【划重点！世界500强企业2019年这么干】岁末年初，各大企业纷纷发表新年献词，犹如百花争艳煞是好看。透过新年献词，往往可以窥见企业未来一年的发展“路线图”。小编选取了华为、腾讯、雪松控股、联想、碧桂园等世界500强企业的新年献词，梳理出它们2019年的战略安排，以期对读者有所启迪。O划重点！世界500强企业2019年这么干", "author": "新财富杂志", "time": "新财富杂志01月06日08:40 来自iPhone8Plus", "transmit": 20, "comment": 5, "zan": 31, "sentiment": [{"positive_prob": 0.946139, "confidence": 0.880309, "negative_prob": 0.0538612, "sentiment": 2}]}, {"text": "这几年，很多人不理解我为什么除了吹华为，就是批评中国其它企业，其实这两个事情本质上是一致的，大家如果不知道华为有多牛比，不知道中国其它企业与华为差距有多大，中国是不可能真正崛起的，吹华为，是建立民族自信心，贬其它中国企业，是让大家清醒的知道我们应该如何知耻而后勇，长期以来，我对中国企业水平的评估，很清晰：华为和中国其它企业，很多人不承认，但这是客观现实，美国人和我的评估是一致的，连美国人都清楚的事情，你中国人自己却不懂，那么干到今天这个局面，很正常", "author": "信通小熊猫", "time": "信通小熊猫01月06日12:37 来自微博HTML5版", "transmit": 10, "comment": 29, "zan": 80, "sentiment": [{"positive_prob": 0.0236654, "confidence": 0.94741, "negative_prob": 0.976335, "sentiment": 0}]}, {"text": "苹果会不会成为下一个NOKIA?我想大概率是会的。但那有怎么样呢？说明这个世界又出现一个比苹果还牛的创新企业。这样不是更好吗？从现阶段看，苹果遇到一些困难。表面是产品定价过高，实际是创新不够。但苹果依然拥有比较宽的护城河。苹果的对手，三星和华为目前还都不具备真正对苹果颠覆威胁。​", "author": "马喆Ma_zhe", "time": "马喆Ma_zhe01月06日06:23 来自HUAWEIMate10", "transmit": 32, "comment": 30, "zan": 73, "sentiment": [{"positive_prob": 0.219115, "confidence": 0.513078, "negative_prob": 0.780885, "sentiment": 0}]}]