[{"text": "【感动！13岁少年卖画救患癌姑姑】13岁的重庆少年何思汗一岁时父母离异，被托付给当时33岁的姑姑何建华抚养。何建华为照顾侄子放弃成家。如今，何建华癌症复发，病情不容乐观。热爱绘画的何思汗在救治中心门外挥毫泼墨，为姑姑筹款治病。姑姑说，她最大的愿望就是还能再活两三年，看到思汗长大，也希望思汗能遇到伯乐，发现他的绘画才能。（北京青年报）O网页链接", "author": "中国新闻网", "time": "中国新闻网2018年12月02日14:56 来自微博weibo.com", "transmit": 2119, "comment": 1988, "zan": 15636}, {"text": "【13岁少年卖画救癌症姑姑姑姑为他放弃成家】近日，在沙区小龙坎重庆市公共卫生医疗救治中心旁，13岁的少年何思汗在寒风中挥毫泼墨，卖画挣钱↓↓据悉，思汗1岁时父母离婚，把他丢给姑姑何建华抚养。何建华为照顾侄子放弃成家↓如今，何建华癌症复发，思汗希望卖掉字画救治姑姑↓↓O13岁少年卖画救患癌姑姑姑姑为他放弃成家", "author": "新浪新闻客户端", "time": "新浪新闻客户端2018年12月02日17:29 来自专业版微博平台", "transmit": 52, "comment": 68, "zan": 609}, {"text": "【感动！#13岁少年卖画救患癌姑姑#】13岁的重庆少年何思汗一岁时父母离异，被托付给当时33岁的姑姑何建华抚养。何建华为照顾侄子放弃成家。如今，何建华癌症复发，病情不容乐观。热爱绘画的何思汗在救治中心门外挥毫泼墨，为姑姑筹款治病。姑姑说，她最大的愿望就是还能再活两三年，看到思汗长大，也希望思汗能遇到伯乐，发现他的绘画才能。L正能量News的秒拍视频", "author": "爱问医生科普", "time": "爱问医生科普2018年12月02日18:19 来自科普君的Android", "transmit": 240, "comment": 201, "zan": 1109}, {"text": "又来了一批关于易烊千玺18岁成年生日，华为手机为他制作的手机壁纸“好好学习帅到极点”壁纸图片。希望大佬千玺粉们能喜欢。这款应该适合全屏手机。(本人手机有限，无法测试所有手机的应用状况)​", "author": "手机的壁纸图", "time": "手机的壁纸图2018年12月02日13:07 来自小米MIX2S全面屏", "transmit": 81, "comment": 26, "zan": 466}, {"text": "【感动！13岁少年卖画救患癌姑姑】13岁的重庆少年何思汗一岁时父母离异，被托付给当时33岁的姑姑何建华抚养。何建华为照顾侄子放弃成家。如今，何建华癌症复发，病情不容乐观。热爱绘画的何思汗在救治中心门外挥毫泼墨，为姑姑筹款治病。姑姑说，她最大的愿望就是还能再活两三年，看到思汗长大，也希望思汗能遇到伯乐，发现他的绘画才能。O姑姑为抚养侄儿放弃成家13岁少年卖画救姑感动网友（北京青年报）", "author": "中国新闻社", "time": "中国新闻社2018年12月02日15:43 来自微博weibo.com", "transmit": 31, "comment": 42, "zan": 451}, {"text": "华为手机的拍照翻译功能，可以直接拍照翻译英文，现场教学这个功能我这个360手机也有，不过没有华为的好用，360经常拍照后连接不到服务器，无法成功翻译，软件还需要调教。L科技圣斗士的微博视频​", "author": "科技圣斗士", "time": "科技圣斗士2018年12月02日15:36 来自微博视频", "transmit": 16, "comment": 103, "zan": 676}, {"text": "【#华为广告再讽苹果#：这次直接把iPhone埋了，网友：这次站苹果】华为看苹果不爽是全世界众所周知的秘密。11月28日，华为在推特上发布了“讽苹果捧华为式”的最新广告，不仅全程西班牙语，更是选用了智利的著名演员。而这次“黑粉”华为直接把iPhone4或是iPhone4S给埋了。@梨视频L老板联播的秒拍视频", "author": "老板联播", "time": "老板联播2018年12月02日19:30 来自微博weibo.com", "transmit": 76, "comment": 373, "zan": 347}, {"text": "用华为Mate20Pro打开头条的数码页卡，看到了前四条新闻分别是：1.华为确认在开发自己的操作系统2.华为Mate20的四个隐藏功能3.华为Mate20Pro的使用体验4.iPhone沦为隐形贫困人口专用机头条这个匹配算法有进有退，相得益彰​​​", "author": "钟文泽", "time": "钟文泽2018年12月02日13:14 来自HUAWEIMate20Pro", "transmit": 15, "comment": 87, "zan": 120}, {"text": "#对TA说晚安#小时候，圣斗士、阿拉蕾、七龙珠、还珠格格的贴纸贴满了我们童年的青空。再长大一些，爱豆的海报就占据了床头。【曾经，哪款贴纸、海报占据了你的书本/床头？】转评，小云将抽一位送出华为耳机一副。​", "author": "华为终端云服务", "time": "华为终端云服务2018年12月02日22:00 来自微博weibo.com", "transmit": 184, "comment": 333, "zan": 152}, {"text": "#千玺回学校怎么办##胖虎彩虹屁#易烊千玺看看易烊千玺的四千万粉丝福利吧，动作干净利落，赏心悦目易烊千玺中戏，易烊千玺中戏第一，yyqx帅，四字弟弟，易烊千玺nova，易烊千玺华为，易烊千玺野兽派，易烊千玺阿迪，易烊千玺好爸爸，易烊千玺沙宣，易烊千玺BottegaVeneta@TFBOYS-易烊千玺​LTFBOYS-易烊千玺的秒拍视频​​​", "author": "千般心事悠悠", "time": "千般心事悠悠2018年12月02日12:47 来自快充长续航魅蓝Note5", "transmit": 16, "comment": 21, "zan": 313}, {"text": "【感动！13岁少年卖画救患癌姑姑】13岁的重庆少年何思汗一岁时父母离异，被托付给当时33岁的姑姑何建华抚养。何建华为照顾侄子放弃成家。如今，何建华癌症复发，病情不容乐观。热爱绘画的何思汗在救治中心门外挥毫泼墨，为姑姑筹款治病。姑姑说，她最大的愿望就是还能再活两三年，看到思汗长大，也希望思汗能遇到伯乐，发现他的绘画才能。O网页链接", "author": "中国经济网", "time": "中国经济网2018年12月02日19:30 来自微博weibo.com", "transmit": 15, "comment": 11, "zan": 69}, {"text": "【#华为广告再讽苹果#：这次直接把iPhone埋了，网友：这次站苹果】华为看苹果不爽是全世界众所周知的秘密。11月28日，华为在推特上发布了“讽苹果捧华为式”的最新广告，不仅全程西班牙语，更是选用了智利的著名演员。而这次“黑粉”华为直接把iPhone4或是iPhone4S给埋了。L老板联播的秒拍视频", "author": "电商报", "time": "电商报2018年12月02日22:10 来自微博weibo.com", "transmit": 69, "comment": 43, "zan": 22}, {"text": "【#华为广告再讽苹果#：这次直接把iPhone埋了，网友：这次站苹果】华为看苹果不爽是全世界众所周知的秘密。11月28日，华为在推特上发布了“讽苹果捧华为式”的最新广告，不仅全程西班牙语，更是选用了智利的著名演员。而这次“黑粉”华为直接把iPhone4或是iPhone4S给埋了。制造业强国L老板联播的秒拍视频", "author": "工业科技迷", "time": "工业科技迷2018年12月02日21:18 来自iPhone8", "transmit": 15, "comment": 63, "zan": 35}, {"text": "#温暖世间#【感动！13岁少年卖画救患癌姑姑】13岁的重庆少年何思汗一岁时父母离异，被托付给当时33岁的姑姑何建华抚养。何建华为照顾侄子放弃成家。如今，何建华癌症复发，病情不容乐观。热爱绘画的何思汗在救治中心门外挥毫泼墨，为姑姑筹款治病。姑姑说，她最大的愿望就是还能再活两三年，看到思汗长大，也希望思汗能遇到伯乐，发现他的绘画才能。@北京青年报O网页链接", "author": "法制日报", "time": "法制日报2018年12月02日21:30 来自微博weibo.com", "transmit": 25, "comment": 13, "zan": 86}, {"text": "俩家公司的发展路线和定位其实都是不一样的，只不过大家都比较熟悉两家的手机业务罢了。华为是做技术出身，比如大家都知道通信是华为的起家业务，技术起家的华为也确实靠着通讯在国际上有了很大的市场和份额，而且研发实力方面确实不容小觑。小米本质是互联网企业，旨在打造互联网的整个生态，手机只是这个生态的入口以及其中一环。所以，小米的重点其实不是在单纯卖硬件，而是卖互联网的服务。研发实力和技术储备上小米必然是刚不过华为的，由于手机这一个现在大众日常必需品的关系时使得我们常常喜欢拿这两家的手机产品来进行比较，但是说实话，旗舰机业务上，华为确实是目前国产里做的最优秀的，这一点其实毋庸置疑。而且其实无论站谁、挺华为还是挺小米，我们都只会为认真者鼓掌。O如何评价华为和小米？", "author": "搞机圈的那些事", "time": "搞机圈的那些事2018年12月02日20:43", "transmit": 9, "comment": 72, "zan": 61}, {"text": "【感动！13岁少年卖画救患癌姑姑】13岁的重庆少年何思汗一岁时父母离异，被托付给当时33岁的姑姑何建华抚养。何建华为照顾侄子放弃成家。如今，何建华癌症复发，病情不容乐观。热爱绘画的何思汗在救治中心门外挥毫泼墨，为姑姑筹款治病。姑姑说，她最大的愿望就是还能再活两三年，看到思汗长大，也希望思汗能遇到伯乐，发现他的绘画才能。（北京青年报）", "author": "半岛都市报", "time": "半岛都市报2018年12月02日17:20 来自微博weibo.com", "transmit": 9, "comment": 3, "zan": 36}, {"text": "华为首次公布核心供应商名单，其中有你的爱股吗？​", "author": "品师说", "time": "品师说2018年12月02日20:34 来自360安全浏览器", "transmit": 33, "comment": 9, "zan": 31}, {"text": "【华为P20系列，可以自由任性升全面屏手势了！】这下害我难选择了，我是继续使用前置指纹作为导航手势键呢、还是升级全面屏手势呢？网友帮我选择一下。据悉：华为P20所适用的全面屏手势操作方案，在交互逻辑上，与iPhoneX并没有太大差别，都是屏幕左右滑“返回上一级”，底部上滑“返回主界面”，底部边缘上滑并停顿“进入多任务界面”。至于升级的方法，和之前升级EMUI9.0一样，首先打开“会员服务”，然后找到“服务”并点击，接着按下“升级尝鲜”，等着下载造成重启就可以了。", "author": "人才76116", "time": "人才761162018年12月02日09:51 来自HUAWEIP20", "transmit": 21, "comment": 108, "zan": 49}, {"text": "疑似华为畅享9曝光，型号为“DUB-AL00”，骁龙450处理器，720P屏幕，这个配置怕是不太好“畅享”啊​", "author": "数码研究所", "time": "数码研究所2018年12月02日21:31", "transmit": 14, "comment": 121, "zan": 232}, {"text": "【又杠上了，华为再发视频以讽刺苹果手机：疑似将iPhone手机给埋了】感觉外国人的幽默我好像看不太懂，大家怎么看？华为在国外社交平台上发布了一个华为Mate20Pro的最新视频，启用智利电视剧演员，针对iPhone手机进行了讽刺挖苦。主要突出了Mate20Pro的超大广角和夜拍功能。在视频可以看到，智利电视剧演员本杰明在深夜的郊外埋藏什么东西，而且一边挖还一边诅咒。结果镜头一跳转，原来是将一部非常类似于iPhone手机给埋了。从视频的截图当作可以看到，应该是iPhone4或者iPhone4S。因为手机只有一点点露在外面，上面可以很清晰的看到圆形Home键。此时，一旁的美女则对本杰明的这种行为进行赞赏，而且还拿出华为Mate20Pro，进行了拍照。将刚刚本杰明埋葬iPhone手机的过程全部给拍了下来。在深夜拍照，而且还能够拍得这么清晰，华为利用这个广告宣传了华为Mate20Pro的超大广角和夜拍功能。这个广告是华为邀请智利的一对电视剧明星拍摄的。很明显，华为在讽刺iPhone的同时，主要宣传了华为Mate20Pro。里面的对话基本上是西班牙语，而且又是在智利拍摄，主打的市场应该是拉丁美洲。O网页链接", "author": "人才76116", "time": "人才761162018年12月02日13:54 来自HUAWEIP20", "transmit": 19, "comment": 60, "zan": 43}, {"text": "有没有哪位朋友，同时用过腾讯云、阿里云、百度云、京东云、美团云、华为云……等的。评价下同样配置，或者同样价格下，那个更超值？？？我只用过西部数码的，所以不太好评论。不出意外的话，大多数云平台是“超卖”的，有没有哪位有经验的？谢谢。​", "author": "网路游侠", "time": "网路游侠2018年12月02日13:15 来自微博weibo.com", "transmit": 44, "comment": 48, "zan": 11}]