[{"text": "#快来投票#【#华为苹果你选谁#】随着华为和苹果最新旗舰手机的发布，iPhone11和Mate30成为2019年第四季度最受关注的两款科技产品，要换手机的消费者早已开始纠结。如果你要换手机，你选哪个品牌？如果要换手机，你选哪个品牌？​", "author": "北京青年报", "time": "北京青年报10月18日14:37 来自微博weibo.com", "transmit": 9, "comment": 36, "zan": 3958, "sentiment": [{"positive_prob": 0.899905, "confidence": 0.777566, "negative_prob": 0.100095, "sentiment": 2}]}, {"text": "【上海交大某应届硕士签约华为，曝出华为月薪，哀叹：后悔签约华为！网友：这是赤裸裸的秀】近日，在互联网职场社区，一名上海交大的应届硕士拿到了阿里巴巴，腾讯和华为的offer，华为是现场谈薪资，给的是月薪30K，加上年终奖保底是10万，总包大约45万左右。这名学生说，当时脑袋一热就签约了，现在冷静下来却有些后悔。因为没有仔细的分析下阿里，腾讯的待遇，他说，感觉腾讯的薪资待遇加上股票，可能地位会更高一些，当时华为谈完薪资，有点签约太快了。对此，多数网友安慰楼主“去华为是为国家做贡献，何况给你的钱又不少，应该高兴才对。并且研究生在华为干三年，现在都给不到这个价位了。能够去华为，证明你的学历和能力都非常不错，并且又站在了山顶上，这又什么后悔的呢？至于待遇问题，当你有了能力的时候，待遇自然会涨的，任正非老总是非常愿意给员工钱的，当然看员工的能力。是金子哪里都可以发光”而且30K，加上股票的话，一年至少60万了，这对于应届生来说，真的没有什么可后悔的了！还有不少网友说，这是赤裸裸的秀，我们工作还没有着落，你还不知足。有华为员工说，去年华为给博士就最低16级了，给优秀的博士是17级，而去年优秀的硕士已经能够拿到30K月薪了。也有网友说，去年跟楼主遇到了一样的情况，也是脑子发热，然后28K一个月就签约了华为，然后毁约了，幸福的就是跟华为违约不需要任何违约金。更有网友表示：我清华博士签华为现在几百万，要不是被我妈吵醒已经是CEO。O网页链接", "author": "人才76116", "time": "人才7611610月18日07:12 来自HUAWEIP20", "transmit": 1024, "comment": 1551, "zan": 8323, "sentiment": [{"positive_prob": 0.522961, "confidence": 0.540787, "negative_prob": 0.477039, "sentiment": 1}]}, {"text": "从使用传统的物理、化学成像原理的相机拍摄，到使用最新电子智能技术的手机摄影，让现在的我们能够留下细节更清晰、更富有创意的影像记录，这就是科技的力量。O网页链接​", "author": "余承东", "time": "余承东10月18日18:38 来自HUAWEIMate30Pro", "transmit": 60, "comment": 540, "zan": 1582, "sentiment": [{"positive_prob": 0.971056, "confidence": 0.935681, "negative_prob": 0.0289438, "sentiment": 2}]}, {"text": "#GENTLE MONSTER华为智能眼镜# 来品品小赞费加罗内页图，黑色皮衣搭配白色T恤真是帅气的干净利落，加上gm华为智能眼镜完全就是撕漫男本男，想看小赞哥哥演禁欲精英男的角色！​", "author": "Fashion-Coolest", "time": "Fashion-Coolest10月18日21:25 来自微博weibo.com", "transmit": 969, "comment": 1064, "zan": 2609, "sentiment": [{"positive_prob": 0.995729, "confidence": 0.99051, "negative_prob": 0.00427071, "sentiment": 2}]}, {"text": "【华为：再见了，美国！】华为5月宣布关闭在美国的57家工厂，本月起开始批量生产不含美国组件的5G基站。（2019年5月16日，特朗普政府将华为列入政府黑名单。华为宣布在美国的57家工厂全部撤离。）华为近年可算是5G研发的领导企业之一，目前已在全球交付了超过20万个启用5G的基站。任正非表示，华为正在生产不含美国组件的5G基站。据路透社报导，华为计划在2020年把5G基站的产量增加一倍或以上。从全面撤出美国市场，到成功脱离美国科技，华为一步一步走得异常坚定！——实力，是一切谈判与合作的最可靠保证！支持任正非，支持华为！支持国产！", "author": "全球奇闻微爆光", "time": "全球奇闻微爆光10月18日10:17 来自新闻资讯新浪微博4G版", "transmit": 147, "comment": 627, "zan": 2917, "sentiment": [{"positive_prob": 0.998477, "confidence": 0.996615, "negative_prob": 0.00152335, "sentiment": 2}]}, {"text": "#游戏中的沙雕瞬间#听说很多用四指的都可以轻松带妹上王牌了，跟@高龄玩家老陈一样还不会玩四指的来举个手，教你一个不用抱大腿也可以轻松上分的技巧。告别大腿，再也不做工具人，因为你也可以是大腿！#华为Mate30#ProL张很饿的微博视频​", "author": "张很饿", "time": "张很饿10月18日18:00 来自微博weibo.com", "transmit": 4098, "comment": 371, "zan": 1402, "sentiment": [{"positive_prob": 0.991505, "confidence": 0.981121, "negative_prob": 0.00849541, "sentiment": 2}]}, {"text": "发布会现场就种草了#华为Mate30#Pro，它的7680帧超高速摄影真的很黑科技，没想到华为用这个功能拍下了相机快门的工作原理，看完感觉每一次按动快门都充满了仪式感，作为摄影师竟然莫名有些感动。@华为终端官方微博http://t.cn/Ai3c3qGX​", "author": "王义博", "time": "王义博10月18日17:35 来自微博weibo.com", "transmit": 5113, "comment": 2516, "zan": 12935, "sentiment": [{"positive_prob": 0.972281, "confidence": 0.938401, "negative_prob": 0.0277195, "sentiment": 2}]}, {"text": "极点全面屏畅享更大视野，超清夜拍让夜色更加动人，一张图带你读懂#华为畅享#10的极点之美。​​​​", "author": "华为终端官方微博", "time": "华为终端官方微博10月18日14:38 来自微博weibo.com", "transmit": 247, "comment": 688, "zan": 3702, "sentiment": [{"positive_prob": 0.965335, "confidence": 0.922967, "negative_prob": 0.0346646, "sentiment": 2}]}, {"text": "#华为苹果你选谁#随着华为和苹果最新旗舰手机的发布，iPhone11和Mate30成为2019年第四季度最受关注的两款科技产品。要换手机的你是否早已开始纠结，别着急，听听广大华为和苹果用户怎么说？L梨视频的秒拍视频​", "author": "梨视频", "time": "梨视频10月18日13:30 来自微博weibo.com", "transmit": 835, "comment": 583, "zan": 1832, "sentiment": [{"positive_prob": 0.932399, "confidence": 0.849775, "negative_prob": 0.0676012, "sentiment": 2}]}, {"text": "我15年的好闺蜜过生日了今年她得生日我可是精心操办的不仅送了她一部华为nova5Pro更是带她去体验了北京的高空直升机之旅在飞机上俯瞰万里长城真的是太美妙了并用这部手机记录拍摄了一期vlog希望可把回忆都记录下来作为我们青春的记忆#nova5校园vlog大赛#L常飞飞-飞飞的秒拍视频​", "author": "常飞飞-飞飞", "time": "常飞飞-飞飞10月18日20:30 来自微博weibo.com", "transmit": 505, "comment": 1179, "zan": 10385, "sentiment": [{"positive_prob": 0.982857, "confidence": 0.961905, "negative_prob": 0.0171426, "sentiment": 2}]}, {"text": "【推迟数月后#华为5G折叠屏手机来了#】华为宣布将在10月23日发布5G终端新品，外界预计该产品大概率就是MateX。上个月，华为消费者业务CEO余承东透露，MateX的技术问题已经解决，年内一定会上市。今年4月，三星的折叠屏手机出现良率事件而推迟上市，华为的MateX的上市也由于良率不足一度推迟。O推迟数月后华为5G折叠屏手机MateX要来了", "author": "新浪科技", "time": "新浪科技10月18日18:50 来自微博weibo.com", "transmit": 48, "comment": 360, "zan": 1043, "sentiment": [{"positive_prob": 0.756234, "confidence": 0.458298, "negative_prob": 0.243766, "sentiment": 2}]}, {"text": "鲸头鹳站在河边发呆，长鼻猴和白面僧面猴在树丛里悠然自得，还有牛奶蛙、冠斑犀鸟、加勒比红鹳、白鹈鹕等各路动物明星……在新加坡博物之旅中，#万万Mate想到#，我们用华为Mate30Pro拍摄了这么多神奇的动物，一起来看下吧​", "author": "博物杂志", "time": "博物杂志10月18日18:45 来自微博weibo.com", "transmit": 87, "comment": 129, "zan": 3408, "sentiment": [{"positive_prob": 0.976595, "confidence": 0.947989, "negative_prob": 0.0234051, "sentiment": 2}]}, {"text": "片寄凉太#ExpressMyMind#转角遇到爱，电梯冲下去一转弯片崽正好来了，差点撞到他，然后看到了他惊吓的小鹿眼，dbq因为是off行程所以怕打扰营业是戴着口罩来的，但是后面摘掉了帅气逼人，依然是有礼貌的孩子红色celine针织衫太适合片崽了！短毛好帅！！！脸好小！！！啊啊啊啊！！！！我爱他！！！@片寄凉太RyotaKatayose#片寄凉太跨海追星周杰伦##来自忙到天昏地暗没时间吃饭也要溜出来当狗的努力的kao##手机内存要爆炸了后面有一分钟没拍到我没换华为之前你先别来了#L长岛第一太妃糖_kaokao的微博视频", "author": "长岛第一太妃糖_kaokao", "time": "长岛第一太妃糖_kaokao10月18日18:38 来自片寄凉太超话", "transmit": 165, "comment": 92, "zan": 446, "sentiment": [{"positive_prob": 0.739481, "confidence": 0.421069, "negative_prob": 0.260519, "sentiment": 2}]}, {"text": "中国的通信卫星，如果由华为公司的微波通信研发团队来搞，基本可以把美国宇航局的通信卫星秒的渣都不剩，为什么这样说？华为公司总裁任正非曾经讲过，欧美很多地方由于光纤铺设太少，无法部署5G基站，因为5G基站的数据需要通过大带宽的光缆通信才能回传到固定网络，然而，华为公司独家突破了5G微波大带宽通信技术，不用光纤，只用无线的方式就可以将5G基站的数据进行回传，全世界只有使用华为的微波技术（目前其它所有厂商最多只能做到华为微波带宽的二十分之一），才能替代光缆连接，只有用华为的微波技术，欧美广大没有光缆的地区才能安装5G基站，不仅如此，华为公司还在研发200G的5G微波带宽技术，一旦突破，华为5G微波通信能力将达到世界第二名厂商的100倍，大家都知道，通信卫星当中，最关键的核心技术就是微波传输技术，华为在微波通信方面的研发能力，已经远远超越西方所有民用企业和军用企业，如果由华为来主导我国通信卫星的研发，美国根本就不是对手！", "author": "信通小熊猫", "time": "信通小熊猫10月18日19:12 来自微博HTML5版", "transmit": 229, "comment": 532, "zan": 1876, "sentiment": [{"positive_prob": 0.151075, "confidence": 0.664278, "negative_prob": 0.848925, "sentiment": 0}]}, {"text": "完整版视频华仔已经抢先品了十遍了！快14：00在华为商城APP搜索“解锁白敬亭”收获同份快乐！【关+转评】说说你对小白@白敬亭的第一印象，抽送10.22日北京#荣耀20#青春版发布会门票一张！华仔带你见小白白敬亭L荣耀手机的秒拍视频​O抽奖详情​", "author": "华为商城", "time": "华为商城10月18日10:13 来自HUAWEIMate20X", "transmit": 317, "comment": 385, "zan": 2227, "sentiment": [{"positive_prob": 0.944906, "confidence": 0.877568, "negative_prob": 0.0550942, "sentiment": 2}]}, {"text": "【5G成火箭“助推器”？助力传统企业智能太空之旅。】5G+云+AI，会碰撞出怎样的火花？17日，“西安#选择不凡#华为云城市峰会2019”举办。峰会现场，华为云宣布发布政企智能升级“助推器”。在未来，华为云将深入政企客户上云实践，加速云计算服务在西北地区的发展进程。同时华为云城市峰会也将走进云南、武汉、安徽，敬请期待。L梨视频的秒拍视频", "author": "梨视频", "time": "梨视频10月18日20:00 来自专业版微博", "transmit": 114, "comment": 229, "zan": 797, "sentiment": [{"positive_prob": 0.972997, "confidence": 0.939994, "negative_prob": 0.0270029, "sentiment": 2}]}, {"text": "肖战MadameFigaro内页图新鲜出炉，清冷表情配上黑色皮衣，克制而张扬，时尚表现力满分，怕是又要撩到一片。佩戴#GENTLEMONSTER华为智能眼镜#，小赞要不要考虑尝试一下特工角色呀？​", "author": "FashionPunch", "time": "FashionPunch10月18日21:40 来自微博weibo.com", "transmit": 1076, "comment": 1281, "zan": 2015, "sentiment": [{"positive_prob": 0.948454, "confidence": 0.885453, "negative_prob": 0.0515462, "sentiment": 2}]}, {"text": "1/8000秒的快门下到底发生了什么？#华为Mate30#Pro7680帧超高速摄影，为你捕捉相机“眨眼”的瞬间，重构你对慢动作的想象。#Mate30重构想象#L华为终端官方微博的微博视频​", "author": "华为终端官方微博", "time": "华为终端官方微博10月18日12:00 来自微博weibo.com", "transmit": 38, "comment": 106, "zan": 494, "sentiment": [{"positive_prob": 0.64846, "confidence": 0.218801, "negative_prob": 0.35154, "sentiment": 2}]}, {"text": "【#2019中关村论坛#】10月18日上午，AIWorld2019世界人工智能峰会——AI元力重启未来将在北京召开。科大讯飞轮值总裁胡郁、微软(亚洲)互联网工程院院长王永东、华为消费者BG软件部总裁王成录、旷视科技首席科学家孙剑、滴滴出行AILabs负责人叶杰平等嘉宾出席并演讲。直播>>新浪科技的微博直播.", "author": "新浪科技", "time": "新浪科技10月18日09:01 来自微博网页版", "transmit": 23, "comment": 10, "zan": 163, "sentiment": [{"positive_prob": 0.934107, "confidence": 0.853572, "negative_prob": 0.0658926, "sentiment": 2}]}, {"text": "之前推墙派之所以很有市场，无非是那时候标榜外面有言论自由。（早年确实有……所以一对比，自然是灯塔亚克西……这些年时代不一样了，要拿发展的眼光看待问题。长臂管辖，华为禁售芯片，基本可以说已经扯遮羞布了。最近大家也逐步发现言论自由外面也是相对的。所以推墙派翻来覆去就那几句话。要知道，我们也是有智商的，比起颜色革命后做难民，做韭菜开心多了……最后，我还是一个观点《日内瓦删帖公约》没达成前，都是半斤八两，会长期维持现状……（也不可能达成……", "author": "专业戳轮胎熊律师", "time": "专业戳轮胎熊律师10月18日16:46", "transmit": 100, "comment": 491, "zan": 3077, "sentiment": [{"positive_prob": 0.636762, "confidence": 0.192804, "negative_prob": 0.363238, "sentiment": 2}]}, {"text": "MebiuW荣耀手机性价比越来越低，为我想一个原因是营销成本太高，华为现在营销当属绝对的No1。1、公关开销日益增长，大事小事都要公关，眼睛里容不得沙子，以及数量庞大的海军开销、铺天盖地的广告开销。2、请了非常多明星代言。曾经都说OV是厂妹机，现在荣耀才是厂妹机，荣耀这一年来有多少代言人？孙杨过期不算了，胡歌今年到期但也持续了一段时间，赵丽颖还在。顺带今年有白宇朱正廷黄景瑜白敬亭李现等当红小鲜肉作单款代言，这么多小鲜肉的代言费还不是消费者买单。OPPO天团现在都快散了，现在活跃代言人最多的就是荣耀了吧。华为荣耀基本把所有可行的营销都发挥到了极致，其它没一个厂有如此的营销。现在即线上也线下，把OV小米的模式都模仿并更加发扬光大。", "author": "MebiuW", "time": "MebiuW10月18日00:26 来自MebiuW超话", "transmit": 25, "comment": 202, "zan": 573, "sentiment": [{"positive_prob": 0.0257, "confidence": 0.942889, "negative_prob": 0.9743, "sentiment": 0}]}, {"text": "李现、肖战近期解锁杂志封面中，两人皆佩戴了当下大热的GENTLEMONSTER与华为联名的智能眼镜出镜。不一样的质感，同样的气质在线。神采奕奕的现男友和暖心温柔的邻家赞，你最中意哪一款？​", "author": "明星娱乐头条", "time": "明星娱乐头条10月18日21:10 来自微博weibo.com", "transmit": 84, "comment": 161, "zan": 785, "sentiment": [{"positive_prob": 0.97189, "confidence": 0.937533, "negative_prob": 0.0281101, "sentiment": 2}]}, {"text": "深度测评中没有跟大家聊华为Mate30Pro的这个1/1.54英寸的广角4000万直出的表现怎么样，现在大家可以看这几张对比图第1、3张是4000万直出第2、4张是四合一的1000万像后面两张是我给大家截的放大图首先解析力方面1000万和4000并没有明显区别，放大长江二桥的斜拉索清晰度都是一样的。但是4000万的画面纯净度不如四合一的1000万画面纯净。大家可以长按查看原图保存到相册对比。", "author": "小白测评", "time": "小白测评10月18日12:02 来自HUAWEIMate30Pro", "transmit": 8, "comment": 230, "zan": 517, "sentiment": [{"positive_prob": 0.0342965, "confidence": 0.923786, "negative_prob": 0.965704, "sentiment": 0}]}, {"text": "【金灿荣香港演讲(完整版)】金灿荣：美国曾整趴下五个老二国家，而中国有一个他们都没有的优点。现在美国对中国发起的贸易战、封杀华为、干涉香港事务等等，皆是遏制中国发展的行为，以此来保住美国长期在各个领域和综合国力上的霸主地位。L大碗姐的微博视频​", "author": "大碗姐", "time": "大碗姐10月18日21:45 来自微博云剪", "transmit": 118, "comment": 5, "zan": 142, "sentiment": [{"positive_prob": 0.916183, "confidence": 0.813741, "negative_prob": 0.0838168, "sentiment": 2}]}, {"text": "还在为游戏时两指不够用，四指学不会发愁么？#华为Mate30#Pro侧屏触控模拟游戏手柄，得神机无须修神技，你就是队伍里最闪的星！​", "author": "华为终端官方微博", "time": "华为终端官方微博10月18日11:00 来自微博weibo.com", "transmit": 44, "comment": 95, "zan": 501, "sentiment": [{"positive_prob": 0.767739, "confidence": 0.483865, "negative_prob": 0.232261, "sentiment": 2}]}, {"text": "凤凰科技晒出华为Mate305G版青山黛图赏：如果不喜欢双曲面，这手机也是不错的选择​", "author": "科技喵", "time": "科技喵10月18日10:04", "transmit": 21, "comment": 78, "zan": 163, "sentiment": [{"positive_prob": 0.822294, "confidence": 0.605099, "negative_prob": 0.177706, "sentiment": 2}]}, {"text": "由华为主办的第十届全球移动宽带论坛（GlobalMBBForum）已于2019年10月15-16日在瑞士苏黎世举办。会议以“5G加速前行”为主题，共同探索ICT行业可持续增长的新途径。2019全球移动宽带论坛​", "author": "华为中国", "time": "华为中国10月18日10:00 来自微博weibo.com", "transmit": 58, "comment": 53, "zan": 503, "sentiment": [{"positive_prob": 0.914392, "confidence": 0.809761, "negative_prob": 0.0856077, "sentiment": 2}]}, {"text": "华为Mate30Pro的7680帧超高速摄影，可玩性很强，操作也简单易懂。八步分解动作，震撼慢动作大片，唾手可得。小伙伴们可以试试。L华为手机的微博视频​​​", "author": "华为何刚", "time": "华为何刚10月18日17:35 来自HUAWEIMate30Pro", "transmit": 21, "comment": 37, "zan": 206, "sentiment": [{"positive_prob": 0.944136, "confidence": 0.875858, "negative_prob": 0.0558639, "sentiment": 2}]}, {"text": "韦尔股份，高市盈率、财报是弱点，但港资不断加仓、华为核心供应商地位稳定，107重仓，期间不断补仓、最低价误操作卖出，只求轻割，请问阿某哥建议继续低吸高抛吗？各位学会一个东西趋势股走弱的，肯定有我们看不到的缺点一样做科技股为何不做更好的缺点明显第一，港资加仓，那么内资没卖出吗？第二，地位稳定，啥意思，就是给你地位，没给你多少业务，也算稳定不是吗现在调整期，谁强谁弱很明显我看了下中报，他算趋势大盘科技股里仅有的业绩很差的吧。你去看下立讯精密最近三年业绩", "author": "阿某大叔", "time": "阿某大叔10月18日17:45 来自自律者自由Android", "transmit": 125, "comment": 380, "zan": 765, "sentiment": [{"positive_prob": 0.0663171, "confidence": 0.852628, "negative_prob": 0.933683, "sentiment": 0}]}, {"text": "华为5G折叠屏手机MateX终于要来辣，华为官方宣布10月23日发布最新5G终端新品，大概率就是MateX了​", "author": "直男什么值得买", "time": "直男什么值得买10月18日21:32", "transmit": 123, "comment": 228, "zan": 827, "sentiment": [{"positive_prob": 0.809285, "confidence": 0.576188, "negative_prob": 0.190715, "sentiment": 2}]}]