[{"text": "【华为新电影《悟空》刷屏了！网友：愿你永不知天高地厚】5月23日，华为通过官方微博发布了短片《悟空》，这是华为P30Pro携手第十一届FIRST影展最佳影片及最佳导演获得者蔡成杰导演，拍摄的第一支裸机竖屏电影，片长仅有8分钟。片如其名，贯穿全片的精神主线正是：主人公小男孩喜爱孙悟空，是因为后者拥有十八般武艺，不畏艰险，敢于向“恶势力”斗争。网友们看完，不禁惊呼：“仿佛真的回到了童年！”“华为，愿你也不知天高地厚！”L华为终端官方微博的微博视频", "author": "环球时报", "time": "环球时报06月01日22:30 来自微博weibo.com", "transmit": 9325, "comment": 2847, "zan": 50187, "sentiment": [{"positive_prob": 0.963778, "confidence": 0.919507, "negative_prob": 0.0362217, "sentiment": 2}]}, {"text": "【华为新电影《悟空》刷屏了！网友看哭：这个六一节最棒的礼物！】5月23日，华为官方微博发布了一支短片，这是华为P30Pro携手第十一届FIRST影展最佳影片及最佳导演获得者蔡成杰导演，拍摄的第一支裸机竖屏电影。华为给它取名为《悟空》。贯穿全片的精神主线正是：小男孩喜爱孙悟空，是因为他拥有十八般武艺，不畏艰险，敢于向“恶势力”斗争。导演蔡成杰转发微博并配文：“回到最初，寻找未来。”不少网友在看后感动不已，纷纷感叹仿佛回到了童年。说说看，关于“悟空”，你有哪些难忘的记忆_____？L华为终端官方微博的微博视频O华为新电影《悟空》刷屏了！网友看哭：这个六一节最棒的礼物！", "author": "每日经济新闻", "time": "每日经济新闻06月01日14:00 来自iPhone6s", "transmit": 17966, "comment": 4204, "zan": 102391, "sentiment": [{"positive_prob": 0.996245, "confidence": 0.991655, "negative_prob": 0.00375553, "sentiment": 2}]}, {"text": "【中国有关部门决定立案调查美国联邦快递，外国网友：干得好！】6月1日，#联邦快递被立案调查#消息一出，迅速引起国际媒体的关注，多家外媒对此事第一时间进行了报道。↓彭博社和路透社在报道中都提到了华为本周表示正在审查与美国联邦快递公司的合作关系这一表态。除了国际媒体，这一消息也引起了不少外国网友的讨论。有人对中方发起的立案调查表示支持；也有人对中方的做法表示理解；还有网友干脆建议中国“禁用联邦快递、转而使用顺丰或DHL(敦豪)等其他快递方式”↓你怎么看？全文：O中国有关部门决定立案调查美国联邦快递，外国网友：干得好！", "author": "环球网", "time": "环球网06月01日20:58", "transmit": 578, "comment": 640, "zan": 7041, "sentiment": [{"positive_prob": 0.176992, "confidence": 0.606684, "negative_prob": 0.823008, "sentiment": 0}]}, {"text": "《悟空》刷屏了！被美国封杀的第8天，华为淡定发布最新短片第一部裸机P30Pro竖屏电影：愿你永不知天高地厚！！！网友：友邦会不会惊诧？L军武季的微博视频​", "author": "军武季", "time": "军武季06月01日17:46 来自阿季专享版Android", "transmit": 4466, "comment": 611, "zan": 34983, "sentiment": [{"positive_prob": 0.708121, "confidence": 0.351381, "negative_prob": 0.291879, "sentiment": 2}]}, {"text": "【#美韩英5G大比拼#华为助力英国完胜美韩】今年4月韩国3大运营商推出5G服务，连首尔信号都不稳定，4月5日美国Verizon在芝加哥推出5G服务，记者实测，信号时有时无。5月30日，英国运营商携华为开启英国5G信号，BBC5G直播，画面清晰稳定，且网速太快手机流量瞬间用完。@五环短视频L五环短视频的秒拍视频​", "author": "中国日报", "time": "中国日报06月01日14:06 来自微博weibo.com", "transmit": 143, "comment": 213, "zan": 1791, "sentiment": [{"positive_prob": 0.957691, "confidence": 0.90598, "negative_prob": 0.0423092, "sentiment": 2}]}, {"text": "【华为新电影《悟空》刷屏了！网友：愿你永不知天高地厚】5月23日，华为通过官方微博发布了短片《悟空》，这是华为P30Pro携手第十一届FIRST影展最佳影片及最佳导演获得者蔡成杰导演，拍摄的第一支裸机竖屏电影，片长仅有8分钟。片如其名，贯穿全片的精神主线正是：主人公小男孩喜爱孙悟空，是因为后者拥有十八般武艺，不畏艰险，敢于向“恶势力”斗争。网友们看完，不禁惊呼：“仿佛真的回到了童年！”“华为，愿你也不知天高地厚！”O华为发布新竖屏电影《悟空》网友：愿你永不知天高地厚悟空#L华为终端官方微博的微博视频", "author": "观察者网", "time": "观察者网06月01日20:55 来自微博weibo.com", "transmit": 1648, "comment": 399, "zan": 5217, "sentiment": [{"positive_prob": 0.953032, "confidence": 0.895626, "negative_prob": 0.0469682, "sentiment": 2}]}, {"text": "华为新电影《悟空》刷屏了！片长仅有8分钟。片如其名，贯穿全片的主线是：主人公小男孩喜爱孙悟空，是因为后者拥有十八般武艺，不畏艰险，敢于向“恶势力”斗争。网友：“仿佛真的回到了童年！”“愿你也不知天高地厚！”L华为终端官方微博的微博视频​", "author": "北京人不知道的北京事儿", "time": "北京人不知道的北京事儿06月01日22:11 来自iPhone客户端", "transmit": 1823, "comment": 359, "zan": 4507, "sentiment": [{"positive_prob": 0.866569, "confidence": 0.703486, "negative_prob": 0.133431, "sentiment": 2}]}, {"text": "【中国昨日宣布的“超级重磅消息”外媒反应来了】英国路透社报道称，中方此举并没有针对某个具体国家或公司，但这正值中美紧张关系升级之际。此前，美国政府将华为列入黑名单，禁止美国公司与其做生意。《纽约时报》则表示，中国政府宣布建立“不可靠实体清单”的行为，是反制美国“很明确的一步”。日本时事通信社也称，中国政府建立“不可靠实体清单”的举动，可能是对美国制裁华为的一种反制措施。《日本经济新闻》则评价称，一旦某个企业被列入这份清单，则将很难再与中国企业做生意。但如果这些外国企业将客户从中国转移到其他国家的话，也可能会对中国造成一定影响，所以预计中方会慎重选择列入清单的企业。", "author": "国资小新", "time": "国资小新06月01日10:37", "transmit": 169, "comment": 376, "zan": 3419, "sentiment": [{"positive_prob": 0.0218665, "confidence": 0.951408, "negative_prob": 0.978133, "sentiment": 0}]}, {"text": "【中国民航干的漂亮！给力！】《波音同意支付中方120亿赔偿，还给出两项承诺！特朗普气的暴跳如雷！》众所周知，华为事件发生后，很多中国巨头就开始了曲线救国，最先行动的就是中国各个航空巨头！截止目前已经有超过10家的中国航空公司向波音提出赔偿，主要赔偿方向是两个，首先就是波音737MAX停飞造成的经济损失，其次是退还定金，总计120亿美元，这样的巨额赔偿本以为波音不会支付，这样就能间接的给华为找到一些喘息空间，但是显然大家都想错了，波音公司在28号明确表示，愿意支付给中国120亿美元作为赔偿！这让很多人大呼不可思议，其实波音愿意支付赔偿一点也不意外，很多人都知道美国联邦航空局在之前宣布，会让波音737MAX最晚在6月底复飞，但是包括中国在内的很多国家都拒绝了，并且明确表示不会对该机型开放领空！这让波音损失很大，所以为了讨好中国，这120亿美元是必须出的，除此之外，波音公司还承诺会优先帮中国的737MAX升级系统，确保每一架飞机的安全性能达到最佳。当然还不止如此，波音公司还承诺，会加入中国的宽体客机研究！这样的决定一宣布，最先跳出来的就是特朗普，他表示波音绝对不能妥协，政府会进最大的努力来帮助波音复飞，所以无论是赔偿还是其他条件，根本不用答应的这么着急！但是显然波音公司坚持不下去了，因为自从3月份的坠机事件发生后，波音已经没有收到任何国家的订单了，所以为了不继续亏损，波音必须尽快走出坠机阴霾，所以这120亿美元必须支付！至于加入中国的宽体客机研究，主要也是卖中国一个好，这样中国就会放波音一码！对于这样识时务的波音，中国很大方的表示接受赔偿，并且原谅波音。这让波音喜不自禁，但是关于加入中国宽体客机研究一事，中国直接予以了拒绝，并且表示，中国已经有合作伙伴了，这并不是托词，中国目前和俄罗斯合租研究大型飞机也不是什么秘密。之所以会干脆的拒绝美国，除了美俄关系外，更重要的是中国不希望自己研制的飞机里面含有美国专利，因为这意味着中国要向美国缴纳专利费，所以特朗普的担忧完全是多余的，因为中国根本不需要美国来指手画脚！（原创：第一小军迷奇牧军视世界）", "author": "张起淮", "time": "张起淮06月01日22:29 来自iPhone客户端", "transmit": 679, "comment": 334, "zan": 5588, "sentiment": [{"positive_prob": 0.97989, "confidence": 0.955311, "negative_prob": 0.02011, "sentiment": 2}]}, {"text": "【华为新电影《悟空》刷屏了！网友看哭：这个六一节最棒的礼物！】是不是每个孩子都希望拿上金箍棒，成为像悟空那样的英雄？@蔡成杰导演用#华为P30#Pro零外接镜头创作了一部竖屏电影《悟空》，讲述一个小朋友的“悟空梦”！六一儿童节来临之际，愿你永远像悟空一样勇往直前不知山高地远，也能像孩子一样不忘初心去寻找未来~@华为终端官方微博L华为终端官方微博的微博视频", "author": "新浪视频", "time": "新浪视频06月01日11:06 来自专业版微博", "transmit": 275, "comment": 76, "zan": 535, "sentiment": [{"positive_prob": 0.960966, "confidence": 0.913257, "negative_prob": 0.0390342, "sentiment": 2}]}, {"text": "华为日前上线一支广告，该片是由蔡成杰导演，全程使用华为P30系列拍摄，打破了传统的横屏尺寸。当然，故事也是很精彩的。O华为淡定发布短片：愿你永不知天高地厚L新浪手机的微博视频​", "author": "新浪手机", "time": "新浪手机06月01日12:18 来自微博视频", "transmit": 1134, "comment": 727, "zan": 11413, "sentiment": [{"positive_prob": 0.958548, "confidence": 0.907884, "negative_prob": 0.041452, "sentiment": 2}]}, {"text": "华为视频·DigiX艺视界现场真是人山人海，中阮大师沈非和其他艺术大家的精彩表演让现场高潮迭起，实现了真正意义上的将高品质艺术带到了线下（点赞）@华为终端云服务​", "author": "原图爹", "time": "原图爹06月01日21:00 来自微博weibo.com", "transmit": 3347, "comment": 3387, "zan": 5103, "sentiment": [{"positive_prob": 0.96352, "confidence": 0.918932, "negative_prob": 0.0364805, "sentiment": 2}]}, {"text": "发布了头条文章：《曲线的起点--华为禁令半个月后》O曲线的起点--华为禁令半个月后​", "author": "深圳宁南山", "time": "深圳宁南山06月01日08:33 来自微博weibo.com", "transmit": 1715, "comment": 834, "zan": 7821, "sentiment": [{"positive_prob": 0.585367, "confidence": 0.0785934, "negative_prob": 0.414633, "sentiment": 2}]}, {"text": "【BBC记者亢奋了：全靠华为，英国在这件大事上已经领先中国了！】昨天，英国最大的主流媒体BBC的多位记者，几乎完全处在亢奋的状态下。因为，他们迎来了英国历史上一个最重要的时刻…..这便是英国电信运营商EE在英国推出的首个商用5G网络，终于正式上线了！从此，英国人民不仅可以感受手机网速火箭一般的飞跃速度，而且更重要的是，由于中国的5G网络目前处在“试验”阶段，官方尚未给运营商颁发5G商用牌照，所以英国人民这次还先于中国人民使用到了5G！因此，英国BBC专门派出了三路记者去报道英国商用5G网络时代来临的这一“历史时刻”。", "author": "价值投资日志", "time": "价值投资日志06月01日08:49 来自iPhoneX", "transmit": 105, "comment": 304, "zan": 2145, "sentiment": [{"positive_prob": 0.957422, "confidence": 0.905383, "negative_prob": 0.0425775, "sentiment": 2}]}, {"text": "【#福布斯中国科技女性榜#：屠呦呦、何庭波等50人入选】福布斯5月31日首次公布“中国科技女性榜”，中国中医科学院中药研究所终身研究员、首席研究员屠呦呦、华为海思总裁何庭波、苹果公司副总裁及大中华区董事总经理葛越、新浪总裁/COO杜红、滴滴出行总裁柳青等50位女性登上榜单。福布斯中国表示，榜单是对科技领域的50名优秀女性的无排名评估。她们是企业创始人、公司高管、一线研发工程师或者是技术创新先锋。（程春雨）详↓戳：O福布斯中国科技女性榜全榜单", "author": "中国新闻网", "time": "中国新闻网06月01日11:51 来自微博weibo.com", "transmit": 58, "comment": 42, "zan": 460, "sentiment": [{"positive_prob": 0.972905, "confidence": 0.939789, "negative_prob": 0.027095, "sentiment": 2}]}, {"text": "“全世界把5G做的最好的是华为，西方其实是个高等大农村，要想看8K电视，它非买华为不可。”任老自信的样子真可爱，莫名的自豪。  #电影#L电影圈君的秒拍视频​", "author": "电影圈君", "time": "电影圈君06月01日02:01 来自微博视频", "transmit": 466, "comment": 223, "zan": 3937, "sentiment": [{"positive_prob": 0.856525, "confidence": 0.681167, "negative_prob": 0.143475, "sentiment": 2}]}, {"text": "#和孩子一起看##华为#这是华为影业为P30系列“未来影像”计划所拍的电影，颠覆了传统的横屏手法和审美习惯。“六一”儿童节分享给大家，平凡的题材，不平凡的感情：愿你像悟空那样，永远不知山高地远却也能不忘初心，去寻找未来时间挡不住追梦的人回过头时，天地就在你的脚下L股痴-重阳的微博视频​", "author": "渡渡鸟", "time": "渡渡鸟06月01日07:29", "transmit": 588, "comment": 174, "zan": 2635, "sentiment": [{"positive_prob": 0.963236, "confidence": 0.918302, "negative_prob": 0.036764, "sentiment": 2}]}, {"text": "【#华为德国形象片#：无论前路如何，我们将与您一起继续走下去】华为在德国发布1分钟形象广告：无论前路蜿蜒崎岖，亦或绵延起伏，您是我们前进的动力，我们将与您一起，沿着这条路继续走下去。@时差视频L时差视频的秒拍视频​", "author": "新浪新闻客户端", "time": "新浪新闻客户端06月01日07:57 来自专业版微博平台", "transmit": 35, "comment": 20, "zan": 304, "sentiment": [{"positive_prob": 0.924713, "confidence": 0.832696, "negative_prob": 0.075287, "sentiment": 2}]}, {"text": "任正非华为－中国🇨🇳骄子！这不是米兰，这是华为在东莞松山湖的研发中心​", "author": "浙商卢献星", "time": "浙商卢献星06月01日22:32 来自浙商會iPhone客户端", "transmit": 82, "comment": 165, "zan": 3308, "sentiment": [{"positive_prob": 0.300225, "confidence": 0.332834, "negative_prob": 0.699776, "sentiment": 0}]}, {"text": "【被美国封杀的第8天，华为淡定发布最新短片：愿你永不知天高地厚】美国“禁华为令”已经轰轰烈烈闹了近半个月了正当全世界都在为华为抱不平时华为却不慌不忙，微笑地发布了他们拍摄的第一支裸机P30Pro竖屏电影——O被美国封杀的第8天，华为淡定发布最新短片：愿你永不知天高地厚​", "author": "新民周刊", "time": "新民周刊06月01日08:48 来自索尼XZ2Premium", "transmit": 220, "comment": 130, "zan": 1726, "sentiment": [{"positive_prob": 0.913656, "confidence": 0.808124, "negative_prob": 0.0863445, "sentiment": 2}]}, {"text": "#两分小技巧#【被华为这支广告燃到了，有一种童年叫悟空！】华为影业在#六一#来临之际，华为P30系列手机拍了条“电影”大片《悟空》，讲述了一个孩子与悟空之间的故事。故事很短，有点奇幻，有点燃！L两分的秒拍视频​", "author": "两分", "time": "两分06月01日10:30 来自微博weibo.com", "transmit": 410, "comment": 208, "zan": 2384, "sentiment": [{"positive_prob": 0.971547, "confidence": 0.93677, "negative_prob": 0.0284535, "sentiment": 2}]}, {"text": "【华为新电影《悟空》刷屏了！网友看哭：这个六一节最棒的礼物！】5月23日，华为官方微博发布了一支短片，这是华为P30Pro携手蔡成杰导演，拍摄的第一支裸机竖屏电影，取名为《悟空》。贯穿全片的精神主线正是：小男孩喜爱孙悟空，是因为他拥有十八般武艺，不畏艰险，敢于向“恶势力”斗争。导演蔡成杰转发微博并配文：“回到最初，寻找未来。”不少网友在看后感动不已，纷纷感叹仿佛回到了童年。关于“悟空”，你有哪些难忘的记忆_____？L华为终端官方微博的微博视频", "author": "封面新闻", "time": "封面新闻06月01日17:42 来自微博weibo.com", "transmit": 122, "comment": 43, "zan": 309, "sentiment": [{"positive_prob": 0.970922, "confidence": 0.935383, "negative_prob": 0.0290776, "sentiment": 2}]}, {"text": "胡歌：我现在可能只能签华为了！#电影#L影视生的秒拍视频​", "author": "影视生", "time": "影视生06月01日08:08 来自微博视频", "transmit": 103, "comment": 119, "zan": 2792, "sentiment": [{"positive_prob": 0.522206, "confidence": 0.555887, "negative_prob": 0.477794, "sentiment": 1}]}, {"text": "【#华为在德国发布形象片#：无论前路如何我们将与您一起继续走下去】华为在德国发布1分钟形象广告：无论前路蜿蜒崎岖，亦或绵延起伏，您是我们前进的动力，我们将与您一起，沿着这条路继续走下去。L时差视频的秒拍视频​", "author": "新浪资讯台", "time": "新浪资讯台06月01日21:59 来自微博weibo.com", "transmit": 118, "comment": 41, "zan": 622, "sentiment": [{"positive_prob": 0.932427, "confidence": 0.849837, "negative_prob": 0.0675733, "sentiment": 2}]}, {"text": "华为新电影《悟空》刷屏了！网友看哭：这个#六一儿童节#最棒的礼物！愿你永远像悟空一样勇往直前不知山高地远，也能像孩子一样不忘初心去寻找未来L华为终端官方微博的微博视频​", "author": "意林杂志", "time": "意林杂志06月01日18:31 来自小米9透明尊享版", "transmit": 219, "comment": 33, "zan": 692, "sentiment": [{"positive_prob": 0.95492, "confidence": 0.899822, "negative_prob": 0.0450799, "sentiment": 2}]}, {"text": "论坛说事富士康投资600亿到美国，还欲撤离深圳，这家美企巨头坚守中国！美国对华为步步紧逼，但大家都心知肚明，特朗普的目标并不仅仅是一个华为。早在去年，特朗普就要求美国本土企业回国投资，并给出了巨额补贴，吸引各国企业在美投资。当时，苹果公司首先响应号召，宣布在美设厂，不少美企也迫于压力撤出中国。在补贴的诱惑下，也不乏中国企业赴美投资，“代工之王”富士康就是其中一个。当时郭台铭宣布，要投资100亿美元（约690亿元人民币）在美国建厂，将给当地创造1.3万个就业岗位。为此，特朗普亲自出席了建厂仪式，当地政府更是承诺给富士康高达41亿美元（约283亿元人民币）的补贴。在当地，富士康给美国员工开出了4500美元（约3.1万元人民币）的月薪，而国内员工月薪仅为6000元，不到前者的五分之一，惹来争议。不过考虑到高额补贴、当地的薪资水平、招人难度等多方面的因素，这一点其实可以理解。谁料郭台铭又宣布将撤离深圳地区的工厂，将生产线迁至印度、欧洲等地，这下子20万富士康员工面临着失业的危机。但这或许并不在郭台铭的考虑范围内，他曾说过：“很多人说商人无国界，但我觉得市场就是我的祖国。”而市场的现状是国内的劳动力成本不断上升，土地价格更是飞速上涨，富士康的大客户苹果的销量却在下滑。因此，苹果有意开拓印度市场，富士康也紧随其后。富士康因为在关键时刻投资美国、迁往印度的举动惹了“一身骚”，却并没有讨到多少好。目前印度对富士康的建厂计划一拖再拖，在欧洲设厂的申请也遭到欧盟28国全票反对。在美国，富士康的工厂一年多来进展缓慢，投资规模越来越小，引来美方不满。而就在此时，美国巨头通用汽车放弃特朗普抛出的300亿补贴，坚持留在中国，还表示要继续扩大在中国的投资，同时裁员1.4万人，关闭了全球范围内的7个生产基地，其中3个都在美国。这一举动惹怒了特朗普，他在社交媒体上连发两段文字，指责通用汽车“忘恩负义”，还不忘提到中国：“我对通用汽车关闭俄亥俄州、密歇根州、马里兰州的工厂感到非常失望。墨西哥和中国没有任何工厂关闭，美国拯救了通用汽车，却得到了这样的感谢！”最终美国决定取消对通用的补贴，富士康也被迁怒，补贴成为泡影。", "author": "论坛说事", "time": "论坛说事06月01日23:08 来自论坛说事超话", "transmit": 128, "comment": 351, "zan": 2137, "sentiment": [{"positive_prob": 0.925338, "confidence": 0.834084, "negative_prob": 0.0746623, "sentiment": 2}]}, {"text": "清华大学校园内发现95座古墓，同学们都非常好奇想一睹究竟，这时候手持华为P30Pro的同学成为全校最亮的星！#华为P30#​", "author": "建华Wei业", "time": "建华Wei业06月01日12:24 来自手机超话", "transmit": 98, "comment": 231, "zan": 3254, "sentiment": [{"positive_prob": 0.96827, "confidence": 0.929489, "negative_prob": 0.0317298, "sentiment": 2}]}, {"text": "华为5G让英国人像小孩过圣诞节一样快乐兴奋：BBC直接做了一次用5G进行的现场直播，推特上英国民众纷纷贴出自己网速的截屏，高达980Mbps,引来世界人民羡慕的评论，英国骄傲地宣布5G应用走在前面。相比之下，CNET在芝加哥测试美国5G只皱眉头，速度才67Mbps，还经常连不上。#华为#​", "author": "岳东晓博士", "time": "岳东晓博士06月01日01:36 来自微博weibo.com", "transmit": 150, "comment": 428, "zan": 6152, "sentiment": [{"positive_prob": 0.948047, "confidence": 0.88455, "negative_prob": 0.0519526, "sentiment": 2}]}, {"text": "星星是人类目力所及最远的光亮，而我们都曾经是那个数星星的孩子。只要星空在，梦想就在。将来的孩子仰望夜空时还能看到星星吗？或许我们应有所行动，请看华为5GPower如何为孩子们守护璀璨星空。#5G在中国#6月26日，#MWCSH2019#世界移动大会•上海将在浦江之滨精彩绽放，敬请期待O儿童节，5G送你一个绿色地球​", "author": "华为中国", "time": "华为中国06月01日17:20 来自微博weibo.com", "transmit": 21, "comment": 45, "zan": 608, "sentiment": [{"positive_prob": 0.920888, "confidence": 0.824196, "negative_prob": 0.0791116, "sentiment": 2}]}, {"text": "互联网技术华为与迪拜签署了超大5G合同，该订单接近五百亿元，在未来5年为迪拜网络建设领先世界的5G工程，为了庆祝这一时刻，迪拜国王决定免费在第一高塔哈利法塔为华为最新旗舰Mate20投放3分钟专属广告（1分钟200万美金），并下令周围所有的楼宇外墙全部黑灯。​​​#美国制裁华为#L工信布的微博视频", "author": "布道宽窄", "time": "布道宽窄06月01日07:43 来自互联网技术超话", "transmit": 185, "comment": 171, "zan": 1885, "sentiment": [{"positive_prob": 0.91207, "confidence": 0.8046, "negative_prob": 0.0879298, "sentiment": 2}]}]