[{"text": "【#华为回应特朗普签紧急状态令#：限制华为不会让美国更强大】15日，美国总统特朗普签署行政命令，要求美国进入紧急状态，美国企业不得使用对国家安全构成风险的企业所生产的电信设备。外媒表示，这是在为禁止美企与华为的业务往来铺平道路。华为公司对此回应称，美国限制华为，不会让美国更安全，也不会使美国更强大，只会使美国在5G网络建设中落后于其他国家。（环球网）", "author": "中国新闻网", "time": "中国新闻网05月16日10:10 来自360安全浏览器", "transmit": 1516, "comment": 3766, "zan": 10506, "sentiment": [{"positive_prob": 0.893949, "confidence": 0.76433, "negative_prob": 0.106051, "sentiment": 2}]}, {"text": "【美国限制华为华为：只会迫使美国用劣质而昂贵的替代设备】美国政府15日发布针对华为等的限制交易令。华为回应说，华为是5G电信设备领域无可比拟的领导者，愿意和美国政府沟通保障产品安全的措施。如果美国限制华为，不会让美国更安全，也不会使美国更强大，只会迫使美国使用劣质而昂贵的替代设备。​", "author": "央视新闻", "time": "央视新闻05月16日11:30 来自微博weibo.com", "transmit": 1182, "comment": 1409, "zan": 8589, "sentiment": [{"positive_prob": 0.794972, "confidence": 0.544382, "negative_prob": 0.205028, "sentiment": 2}]}, {"text": "【特朗普又签署“紧急状态”令，多家外媒：针对华为！】多家外媒今天凌晨消息，当地时间15日，美国总统特朗普签署行政命令，要求美国进入紧急状态，在此紧急状态下，美国企业不得使用对国家安全构成风险的企业所生产的电信设备。几乎所有报道此事的外媒都在说，这是在为禁止美企与华为的业务往来铺平道路。中国外交部发言人耿爽15日已对特朗普此举做出了评价——滥用国家力量，不光彩也不公正。美国商务部长罗斯随后在一份声明说，此行政命令已经酝酿超过一年，旨在应对“外国对手”对美国信息与通信技术和服务供给链带来的威胁。对于谁是“外国对手”，路透社、法新社，美国《国会山报》的报道都明确指向华为。法新社说，美国此举看上去就是针对华为。#特朗普签署针对华为紧急状态令##特朗普签署紧急状态令#O今天凌晨你熟睡时，美国又进入“紧急状态”，针对华为！", "author": "环球网", "time": "环球网05月16日07:16 来自微博weibo.com", "transmit": 1432, "comment": 2172, "zan": 5297, "sentiment": [{"positive_prob": 0.971318, "confidence": 0.936262, "negative_prob": 0.0286822, "sentiment": 2}]}, {"text": "真正强大的科技，是让每个人平等获益。我们EMUI研发团队一直致力于优化用户无障碍体验，为视障人士打通科技“盲道”，让每个人享受科技生活。今天是世界无障碍日，华为希望能借助科技的力量让普通人不普通，让特殊人不特殊，让科技更有温度。​", "author": "余承东", "time": "余承东05月16日21:53 来自HUAWEIP30Pro", "transmit": 266, "comment": 4149, "zan": 5962, "sentiment": [{"positive_prob": 0.992398, "confidence": 0.983106, "negative_prob": 0.00760222, "sentiment": 2}]}, {"text": "#胡侃#美国动用国际紧急状态经济权力法打压华为，这标志着这个超级大国动用国力打压一家公司的行动进一步升级。然而就像很多人说的，美国不这么打，世界还不知道华为如此厉害，据老胡知道，这一次华为也不怕，还将继续“以柔克刚”。L胡锡进的微博视频​", "author": "胡锡进", "time": "胡锡进05月16日20:13 来自微博weibo.com", "transmit": 706, "comment": 1650, "zan": 2284, "sentiment": [{"positive_prob": 0.956926, "confidence": 0.904281, "negative_prob": 0.0430738, "sentiment": 2}]}, {"text": "【#华为愿签署无监控协议#：从未意图窃听西方消费者】据英国广播公司15日报道，华为董事长梁华14日在伦敦出席一场商业会议时表示，“愿意与包括英国在内的政府签订无监控协议，使我们的设备符合没有监控、没有后门的标准。”梁华称，“尽管华为总部设在中国，但我们实质是一家在全球运营的企业，”梁华还强调，中国并没有法律要求企业收集外国政府情报，或为政府植入后门。华为从未意图窃听西方消费者，外界担心中国法律要求华为跟中国情报机构合作的忧虑是一种炒作。O华为:愿与各国政府签\"无监控\"协议打消一些国家顾虑L新浪财经的微博视频", "author": "新浪财经", "time": "新浪财经05月16日09:04 来自微博weibo.com", "transmit": 292, "comment": 241, "zan": 1920, "sentiment": [{"positive_prob": 0.078422, "confidence": 0.825729, "negative_prob": 0.921578, "sentiment": 0}]}, {"text": "#特朗普签署紧急状态令#被评为滥用国家力量，每次你出来必是搞笑，让我想起鸡毛街访小孩子：童言无忌评特朗普第一年任期表现，开展了全方位花式吐槽，最后还献上了一段经典总统模仿秀。#华为回应特朗普签紧急状态令##全球热搞笑榜#L全球热搞笑榜的秒拍视频​", "author": "全球热搞笑榜", "time": "全球热搞笑榜05月16日09:38", "transmit": 2118, "comment": 982, "zan": 7396, "sentiment": [{"positive_prob": 0.96602, "confidence": 0.924489, "negative_prob": 0.0339801, "sentiment": 2}]}, {"text": "【华为回应美国封锁：只会迫使美国使用劣质昂贵替代设备】当地时间15日，美国总统特朗普签署行政命令要求美国进入紧急状态，外媒解读认为意在禁止美企与华为往来，5月16日，华为对e公司记者回应表示，如果美国限制华为，不会让美国更安全，也不会使美国更强大，只会迫使美国使用劣质而昂贵的替代设备，在5G网络建设中落后于其他国家，最终伤害美国企业和消费者的利益。O华为回应美封锁：限制只会迫使美国使用劣质昂贵设备", "author": "新浪财经", "time": "新浪财经05月16日09:48 来自微博weibo.com", "transmit": 260, "comment": 205, "zan": 1163, "sentiment": [{"positive_prob": 0.24417, "confidence": 0.457399, "negative_prob": 0.75583, "sentiment": 0}]}, {"text": "【特朗普签署命令拟禁华为进入美国华为：不会让美国更安全】当地时间15日，美国总统特朗普签署行政命令要求美国进入紧急状态，在此紧急状态下，美国企业不得使用对国家安全构成风险的企业所生产的电信设备。多家媒体认为，这是在为禁止美企与华为的业务往来铺平道路。《环球时报》记者16日得到华为方面的声明，声明内容如下：华为是5G电信设备领域无可比拟的领导者，我们也愿意和美国政府沟通保障产品安全的措施。如果美国限制华为，不会让美国更安全，也不会使美国更强大,只会迫使美国使用劣质而昂贵的替代设备，在5G网络建设中落后于其他国家，最终伤害美国企业和消费者的利益。不合理的限制也会侵犯华为的权利，引发其他严重的法律问题。（Huaweiistheunparalleledleaderin5G.WearereadyandwillingtoengagewiththeUSgovernmentandcomeupwitheffectivemeasurestoensureproductsecurity.RestrictingHuaweifromdoingbusinessintheUSwillnotmaketheUSmoresecureorstronger;instead,thiswillonlyservetolimittheUStoinferioryetmoreexpensivealternatives,leavingtheUSlaggingbehindin5Gdeployment,andeventuallyharmingtheinterestsofUScompaniesandconsumers.Inaddition,unreasonablerestrictionswillinfringeuponHuawei'srightsandraiseotherseriouslegalissues.）记者范凌志", "author": "环球时报", "time": "环球时报05月16日09:20 来自iPhoneX", "transmit": 231, "comment": 885, "zan": 538, "sentiment": [{"positive_prob": 0.319717, "confidence": 0.289519, "negative_prob": 0.680283, "sentiment": 0}]}, {"text": "【搞机零距离：一加7Pro评测】一加7Pro应该是上半年综合素质最高的手机之一。极为出色的屏幕显示真正能和苹果与三星一较高下。我自己的使用体验，这块屏幕的表现甚至在日常使用场景中超越了三星S10。拍照部分则是继华为与OPPO之外，又一个支持2倍光学变焦以上的手机厂商。DXO给出了111分的高分，这个部分我的实际测试，暗光下还是会弱于华为直出。不过夜景模式有惊喜。骁龙855和12GB的内存放在安卓阵营里是顶天的配置。国产手机对于性能的追求太过严苛，以至于现在看到这样的配置大家都觉得那应该是一加的标配对我自己使用的体验来说，曲面屏和重量依然是个小挑战。使用一周后我能够接受，但也是因为其他领域带来的优势才让我接受。另外，如果支持无线充电就更好了。L钟文泽的微博视频", "author": "钟文泽", "time": "钟文泽05月16日16:07 来自微博视频", "transmit": 1440, "comment": 1214, "zan": 1957, "sentiment": [{"positive_prob": 0.968992, "confidence": 0.931093, "negative_prob": 0.0310081, "sentiment": 2}]}, {"text": "【华为董事长梁华：#华为愿签署无监控协议#】5月14日，华为董事长梁华在伦敦接受媒体采访。梁华表示，华为可以向运营所在国家提出，愿意跟政府（包括英国政府）签订华为设备无后门、无间谍的协议。华为在国际市场上从未代表中国政府。“尽管华为总部设在中国，但我们实际上是一家全球运营的企业，”他说，“不论在全球何处运营，我们都致力于遵守所在国适用的法律与规范。”O实录|华为董事长在伦敦答媒体问愿签无间谍协议L新浪财经的微博视频", "author": "经济观察报", "time": "经济观察报05月16日13:04 来自微博weibo.com", "transmit": 133, "comment": 395, "zan": 894, "sentiment": [{"positive_prob": 0.502762, "confidence": 0.944766, "negative_prob": 0.497238, "sentiment": 1}]}, {"text": "【#华为回应特朗普签紧急状态令#：限制华为不会让美国更强大】美国政府15日发布针对华为等的限制交易令。华为回应说，华为是5G电信设备领域无可比拟的领导者，愿意和美国政府沟通保障产品安全的措施。如果美国限制华为，不会让美国更安全，也不会使美国更强大，只会迫使美国使用劣质而昂贵的替代设备。@央视新闻", "author": "头条新闻", "time": "头条新闻05月16日11:47 来自微博weibo.com", "transmit": 154, "comment": 127, "zan": 731, "sentiment": [{"positive_prob": 0.939375, "confidence": 0.865279, "negative_prob": 0.0606245, "sentiment": 2}]}, {"text": "【美国限制华为华为：只会迫使美国用劣质而昂贵的替代设备】据央视，美国政府15日发布针对华为等限制交易令。华为回应说，华为是5G电信设备领域无可比拟的领导者，愿意和美政府沟通保障产品安全措施。如美国限制华为，不会让美国更安全，也不会使美国更强大，只会迫使美国使用劣质而昂贵的替代设备！​", "author": "紫光阁", "time": "紫光阁05月16日15:53 来自紫宝宝的Android", "transmit": 202, "comment": 320, "zan": 1402, "sentiment": [{"positive_prob": 0.862482, "confidence": 0.694404, "negative_prob": 0.137518, "sentiment": 2}]}, {"text": "哈哈哈哈哈哈美国总统特朗普宣布因为华为美国全国进入紧急状态鹅说美国这简直是举全国之力在给华为抬咖哈哈哈哈哈哈​", "author": "鹅组兔区爆料", "time": "鹅组兔区爆料05月16日14:39 来自HUAWEIMate20", "transmit": 96, "comment": 111, "zan": 213, "sentiment": [{"positive_prob": 0.963775, "confidence": 0.9195, "negative_prob": 0.0362253, "sentiment": 2}]}, {"text": "【特朗普针对华为签“紧急状态”令，华为回应：限制华为不会让美国更强大】多家外媒今天凌晨消息，当地时间15日，美国总统特朗普签署行政命令，要求美国进入紧急状态，在此紧急状态下，美国企业不得使用对国家安全构成风险的企业所生产的电信设备。几乎所有报道此事的外媒都在说，这是在为禁止美企与华为的业务往来铺平道路。此外，据路透社报道，在特朗普签署行政令后，美国商务部15日发表声明称，正将华为及其70个关联企业列入美方“实体清单”，禁止华为在未经美国政府批准的情况下从美国企业获得元器件和相关技术。刚刚，环球网编辑部收到华为公司对此事的回应，全文如下：华为是5G电信设备领域无可比拟的领导者，我们也愿意和美国政府沟通保障产品安全的措施。如果美国限制华为，不会让美国更安全，也不会使美国更强大，只会迫使美国使用劣质而昂贵的替代设备，在5G网络建设中落后于其他国家，最终伤害美国企业和消费者权利。不合理的限制也会侵犯华为的权利，引发其他严重的法律问题。#华为回应特朗普签署紧急状态令##限制华为不会让美国更强大##特朗普签署紧急状态令##华为回应特朗普签紧急状态令#", "author": "环球网", "time": "环球网05月16日08:53 来自微博weibo.com", "transmit": 252, "comment": 171, "zan": 406, "sentiment": [{"positive_prob": 0.559203, "confidence": 0.0204504, "negative_prob": 0.440797, "sentiment": 2}]}, {"text": "【华为霸气回应：华为5G无可比拟，#限制华为不会让美国更强大#】当地时间15日，美国总统特朗普签署一项行政命令，外媒解读认为此举意在在事实上禁止美国企业使用华为制造的电信设备。针对此事，华为霸气回应，华为是5G电信设备领域“无可比拟的领导者”，也愿意和美国政府沟通保障产品安全的措施。但如果美国限制华为，“不会让美国更安全或更强大，只会迫使美国使用劣质而昂贵的替代设备，在5G网络建设上落后其他国家，最终伤害美国企业和消费者的利益。”（记者马思程钰）", "author": "中国日报", "time": "中国日报05月16日09:34 来自微博weibo.com", "transmit": 61, "comment": 100, "zan": 211, "sentiment": [{"positive_prob": 0.716324, "confidence": 0.369609, "negative_prob": 0.283676, "sentiment": 2}]}, {"text": "【这些年，美国对华为做了啥？】今天特朗普又签署行政命令，宣布美国进入“紧急状态”：在此状态下，美国企业不得使用对国家安全构成风险的企业所生产的电信设备。目的很明显，是在为禁止美国企业与华为的业务往来铺平道路。最近关于华为和美国的新闻不少，岛叔梳理了一下，我们一起看看，这些年美国究竟对华为做了啥。O【解局】美国打压华为史", "author": "侠客岛", "time": "侠客岛05月16日23:16 来自微博weibo.com", "transmit": 732, "comment": 784, "zan": 777, "sentiment": [{"positive_prob": 0.937128, "confidence": 0.860284, "negative_prob": 0.0628721, "sentiment": 2}]}, {"text": "【实录|华为董事长梁华在伦敦答媒体问：愿签无间谍协议】5月14日，华为董事长梁华在伦敦接受媒体采访。梁华表示，华为可以向运营所在国家提出，愿意跟政府（包括英国政府）签订华为设备无后门、无间谍的协议。华为在国际市场上从未代表中国政府。“尽管华为总部设在中国，但我们实际上是一家全球运营的企业，”他说，“不论在全球何处运营，我们都致力于遵守所在国适用的法律与规范。”O实录|华为董事长在伦敦答媒体问愿签无间谍协议L新浪财经的微博视频", "author": "新浪财经", "time": "新浪财经05月16日11:57 来自微博视频", "transmit": 50, "comment": 42, "zan": 184, "sentiment": [{"positive_prob": 0.194923, "confidence": 0.566839, "negative_prob": 0.805077, "sentiment": 0}]}, {"text": "我给华为做广告，我目前就是用华为，亲身体会华为手机目前各项性能绝不比苹果爱疯什么差，甚至某些方面要领先爱疯，有这么好的替代手机，为啥还要用苹果呢​", "author": "天津股侠", "time": "天津股侠05月16日11:17 来自天津股侠Android", "transmit": 76, "comment": 621, "zan": 3415, "sentiment": [{"positive_prob": 0.967905, "confidence": 0.928678, "negative_prob": 0.032095, "sentiment": 2}]}, {"text": "【“不监控，无后门”——华为提议签署无监控协议】近日，华为董事长梁华在英国表示，华为愿意与包括英国在内的国家政府签署无监控协议。他强调华为从未被中国政府要求进行监视，并且也没有法律要求公司收集情报。与此同时，美国总统特朗普将在本周签署一份关于禁止使用有安全漏洞通讯设备的行政命令，为禁止华为在美开展业务铺平道路。此前，澳大利亚和新西兰已禁止华为参与其国内5G移动网络建设，而英国和德国则表示它们会在5G网络的建设中使用部分华为设备。（视频欧阳雪妍）L中报视频的秒拍视频", "author": "中国日报", "time": "中国日报05月16日07:31 来自微博weibo.com", "transmit": 38, "comment": 76, "zan": 149, "sentiment": [{"positive_prob": 0.0826012, "confidence": 0.816442, "negative_prob": 0.917399, "sentiment": 0}]}, {"text": "【美国想用整中兴的手段来整华为】2016年3月，美国以“违反伊朗制裁禁令”为由将中兴通讯列入“实体清单”，试图切断后者部分供应链。中兴通讯最终被迫和美方达成和解。今天凌晨，路透社曝料称美国商务部计划将华为也列入“实体清单”。该报道援引相关人士观点认为，届时供应链受阻的华为，甚至会“无货可卖”。复旦大学国际政治系副教授沈逸接受观察者网采访时明确表示：华为不是中兴。美国对理智的逻辑表现得不是很敏感，但对权力的逻辑很敏感。只要有便宜占，美国就会把便宜占到底。我们只能用实力和美国对话，要让美国感到疼。O美国被曝试图切断华为供应链，专家：华为不是中兴", "author": "观察者网", "time": "观察者网05月16日16:43 来自微博weibo.com", "transmit": 182, "comment": 491, "zan": 533, "sentiment": [{"positive_prob": 0.523088, "confidence": 0.538244, "negative_prob": 0.476912, "sentiment": 1}]}, {"text": "【马克龙：封杀华为不是法国的目标，现在发动科技战争不合适】路透社16日消息，法国总统马克龙刚刚表示，封杀华为不是法国的目标，发动任何形式的科技战争也不是。路透社称，就在此前一天，美国政府刚刚将华为公司列入“黑名单”，引发外界担忧。O马克龙：封杀华为不是法国的目标，现在发动科技战争不合适#马克龙公开反对华为禁令#​", "author": "环球网", "time": "环球网05月16日22:28", "transmit": 36, "comment": 44, "zan": 227, "sentiment": [{"positive_prob": 0.14223, "confidence": 0.683934, "negative_prob": 0.85777, "sentiment": 0}]}, {"text": "美国加拿大在没有确切证据和审判的情况下，给华为CFO孟晚舟女士带上了脚镣。看到其他戴脚镣的痛苦自述，孟女士这个应该比普通犯人戴的脚镣更加痛苦吧。但孟女士没有卖惨，没有哭丧脸，却被媒体注意到了。心疼孟女士​", "author": "王小呆", "time": "王小呆05月16日09:13", "transmit": 275, "comment": 664, "zan": 637, "sentiment": [{"positive_prob": 0.063327, "confidence": 0.859273, "negative_prob": 0.936673, "sentiment": 0}]}, {"text": "华为一定要支持的！中签那只新股获利后，我就去买一台P30pro，以实际行动支持华为！​", "author": "天津股侠", "time": "天津股侠05月16日09:44 来自微博weibo.com", "transmit": 32, "comment": 195, "zan": 2040, "sentiment": [{"positive_prob": 0.960777, "confidence": 0.912838, "negative_prob": 0.039223, "sentiment": 2}]}, {"text": "【华为：限制华为不会让美国更安全】5月16日，华为发布声明称华为是5G电信设备领域无可比拟的领导者,我们也愿意和美国政府沟通保障产品安全的措施。如果美国限制华为,不会让美国更安全,也不会使美国更强大,只会迫使美国使用劣质而昂贵的替代设备,在5G网络建设中落后于其他国家,最终伤害美国企业和消费者的利益。不合理的限制也会侵犯华为的权利,引发其他严重的法律问题。O华为：限制华为不会让美国更安全", "author": "新京报", "time": "新京报05月16日11:15 来自微博weibo.com", "transmit": 56, "comment": 221, "zan": 147, "sentiment": [{"positive_prob": 0.0310482, "confidence": 0.931004, "negative_prob": 0.968952, "sentiment": 0}]}, {"text": "#518男孩节#有你更有爱，5月18日在海澜之家官方旗舰店0点抢100个华为无线耳机，更有华为MATE20X待领取！另外，现关注@海澜之家，艾特2位好友，O5月17日晚23点，在转发中抽1位送【999元现金红包】！再抽1位送【1元现金红包】！​​​", "author": "海澜之家", "time": "海澜之家05月16日10:02", "transmit": 1374, "comment": 1678, "zan": 809, "sentiment": [{"positive_prob": 0.98227, "confidence": 0.9606, "negative_prob": 0.01773, "sentiment": 2}]}, {"text": "【美国又进入“紧急状态”，外媒：针对华为】多家外媒今天凌晨消息，当地时间15日，美国总统特朗普签署行政命令，要求美国进入紧急状态，在此紧急状态下，美国企业不得使用对国家安全构成风险的企业所生产的电信设备。几乎所有报道此事的外媒都在说，这是在为禁止美企与华为的业务往来铺平道路。美国商务部长罗斯随后在一份声明说，此行政命令已经酝酿超过一年，旨在应对“外国对手”对美国信息与通信技术和服务供给链带来的威胁。中国外交部发言人耿爽15日已对特朗普此举做出了评价——滥用国家力量，不光彩也不公正。O美国又进入“紧急状态”，针对华为！", "author": "凤凰网", "time": "凤凰网05月16日07:50 来自微博weibo.com", "transmit": 134, "comment": 494, "zan": 208, "sentiment": [{"positive_prob": 0.852379, "confidence": 0.671953, "negative_prob": 0.147621, "sentiment": 2}]}, {"text": "#新影像不止所见#打卡，似乎已经变成了一种新的出行方式，出门没打卡，真的就算白去了。分享“行踪”，让你去过的每一个地方都变得更有意义。作为摄影师，打卡照的要求当然更高哦，探索与众不同的角度，鼓励使用手机拍摄，使用长焦、广角、微距等功能让照片更特别。以下作品来自@华为手机2019华为新影像大赛图虫赛区#地理位置，比赛正在进行中，投稿链接:O网页链接", "author": "图虫摄影网", "time": "图虫摄影网05月16日14:06 来自微博weibo.com", "transmit": 31, "comment": 10, "zan": 141, "sentiment": [{"positive_prob": 0.942293, "confidence": 0.871761, "negative_prob": 0.0577074, "sentiment": 2}]}, {"text": "在日新月异的时代，我们拒绝慢动作，就要快一点！#快升91#畅快无比随手粉@华为EMUI&@奥凯航空并转发本微博，说说你从值机&登机最“快”的一次体验是什么，5.23日抽一名老铁送出【华为Mate20手机一台】！@微博抽奖平台​", "author": "奥凯航空", "time": "奥凯航空05月16日12:00 来自微博weibo.com", "transmit": 3740, "comment": 4196, "zan": 1774, "sentiment": [{"positive_prob": 0.439407, "confidence": 0.0235389, "negative_prob": 0.560593, "sentiment": 0}]}, {"text": "【一加7Pro：屏幕长板推高「旗舰」定义标准|#凰家评测#】如果想重新定义“机皇”新标准，除了没有明显短板之外，还必须有一块别人没有的长板，比如华为的相机、三星的屏幕、苹果的……iOS？一加7Pro的长板也很明显，就是这块与三星联合定制的FluidAMOLED显示屏，在2K级别分辨率双曲面的基础上，还加上了90Hz刷新率～赶快一起来看一下这款新机的评测视频吧～@一加手机@刘作虎#一加7##一加7发布会#L凤凰科技的秒拍视频", "author": "Eva的科技生活", "time": "Eva的科技生活05月16日16:12 来自iPhone客户端", "transmit": 90, "comment": 188, "zan": 443, "sentiment": [{"positive_prob": 0.209736, "confidence": 0.533919, "negative_prob": 0.790264, "sentiment": 0}]}]