[{"text": "以独特敏锐视野，探索世界不同可能，你的精彩可以被无限放大，女神们节日快乐！期待3月26日法国巴黎，#华为P30#与你一起#RewriteTheRules#​", "author": "余承东", "time": "余承东03月08日20:13 来自华为Mate20保时捷设计", "transmit": 556, "comment": 1091, "zan": 2174, "sentiment": [{"positive_prob": 0.969953, "confidence": 0.933228, "negative_prob": 0.0300472, "sentiment": 2}]}, {"text": "【华为抄底诉讼是一步妙棋】华为轮值董事长郭平宣布，华为已向其美国总部所在地的德克萨斯东区联邦地区法院提起诉讼，指控美国《2019财年国防授权法》（2019NDAA）第889条违反美国宪法。其聘请的美国七人律师团首席律师、美国众达律师事务所合伙人GlenNager说：华为技术有限公司及其子公司华为技术美国有限公司向德克萨斯东区联邦地区法院起诉，要求对美国政府的《2019财年国防授权法》（2019NDAA）第889条，进行合宪性审查。具体而言，此次诉讼是基于美国宪法的三个密切相关的不同方面：剥夺公权法案（BillofAttainder）条款、正当法律程序条款以及授权条款里的三权分立原则。剥夺公权法案（BillofAttainder）条款禁止通过带有选择性和惩罚性的法律。根据起诉书，2019NDAA的第889条违反了宪法的这一禁止性条款，因为第889条仅禁止华为（和另外一家实体）向联邦政府，以及与联邦政府签署合同或接受联邦政府贷款和资助的实体提供特定产品。正当法律程序条款要求在剥夺任何人生命、自由和财产前，应该行使正当法律程序。根据该条款，只有在遵循普遍适用规则的前提下，依法剥夺自由才是合乎宪法规定的。根据我们的起诉书，第889条仅针对华为（和另一家实体），禁止其销售相关设备，这违反了这一普遍适用的要求。起诉书还表示，第889条暗指华为受制于中国政府的影响且构成安全风险，这是对华为的污蔑。作为中国律师，我对华为这一诉讼持肯定态度。一是反守为攻，对华为的国际经营行为，进行司法救济性恢复。将违法确定行为，变成违法待定行为。究竟有没有触犯美国制裁伊朗法令和中美协定，交由司法审查。摆脱了中国企业一味挨打被查被制裁的被动局面。二是充分利用了美国三权分立的制度规则，将美国政府的行政权的确定力，变成了须受司法权审查后才能生效的待定行政行为。这样华为的经营是否违法，不是美国政府机构一宣布就生效，而是司法判决后才能生效。三是充分利用了美国司法程序严格、司法程序过程漫长的时间差优势。一旦进入诉讼，美国政府就被拖上了被告席，陷入漫长的诉讼程序之中，总统和政府官员的所有表态发言，受到司法权的约束，会产生法律后果，甚至为律师团所用。四是充分运用了美国的司法独立、法律至上的制度设计。美国的律师只服从于宪法与法律，不服从总统和政府。充分实行当亊人主义，委托人利益优先。华为聘请他们辩护，律师团会毫无顾忌、尽心尽责地履行职责，不会被美国政府和美国社会，视为背叛国家利益，背叛美国，相反会认为维护了国家的根本价值观。这样华为就获得了正当的美国法治力量的支撑。五是将中美两国贸易战，政治性事件，变成为法律事件。两国政府层面的商务、外交、政治性的交锋，变成中国一个企业同美国政府行为的交锋，把中国政府解脱出来。六是围魏救赵，抄了加拿大引渡华为首席财务官，到美国进行刑亊调查那个案件的底。如果美国国防法案中对华为的歧视性审查，被美国法院判定为违反宪法，不得进行，那么对孟晚舟的主要指控就很难成立，很有可能直接导致撤销刑亊案件调查和指控，撤销引渡。（匆于法兰克福机场飞马德里飞机上）O华为的7位美国律师", "author": "陈有西", "time": "陈有西03月08日00:27 来自iPhone客户端", "transmit": 1090, "comment": 539, "zan": 682, "sentiment": [{"positive_prob": 0.175433, "confidence": 0.610148, "negative_prob": 0.824567, "sentiment": 0}]}, {"text": "【起诉美国，华为发布会还趁机打广告】3月7日，华为召开新闻发布会正式宣布起诉美国政府。然而如此场合，华为人仍不忘让自家新产的折叠屏手机MateX亮个相，严肃的新闻发布会秒变广告大片......都是销售界人才啊！@微丢秒拍L微丢的秒拍视频​", "author": "秒拍", "time": "秒拍03月08日09:50 来自微博weibo.com", "transmit": 106, "comment": 104, "zan": 431, "sentiment": [{"positive_prob": 0.547261, "confidence": 0.0547862, "negative_prob": 0.452739, "sentiment": 1}]}, {"text": "【起诉美国，华为发布会还趁机打广告】3月7日，华为召开新闻发布会正式宣布起诉美国政府。然而如此场合，华为人仍不忘让自家新产的折叠屏手机MateX亮个相，严肃的新闻发布会秒变广告大片。（观察者网）O起诉美国现场华为趁机给新折叠屏手机MateX打广告L微丢的秒拍视频​", "author": "新浪财经", "time": "新浪财经03月08日08:01 来自微博weibo.com", "transmit": 361, "comment": 569, "zan": 1174, "sentiment": [{"positive_prob": 0.625255, "confidence": 0.167234, "negative_prob": 0.374745, "sentiment": 2}]}, {"text": "#全国两会#【外交部长王毅回应“华为起诉美国政府”：支持企业拿起法律武器维权不当沉默的羔羊】王毅：只要秉持客观公正立场都不难看出，最近针对中国特定企业和个人的行为根本不是什么单纯的司法案件，而是蓄意的政治打压。对此，我们已经并将继续采取一切必要措施，坚决维护中国企业和公民的正当合法权益，这是中国政府义不容辞的职责。同时，我们也支持相关企业和个人拿起法律武器来维护自身权益，不当“沉默的羔羊”。（拍摄/环球网张胜男）（《环球时报》三缺二视频组）@这视频L这视频的秒拍视频", "author": "环球时报", "time": "环球时报03月08日11:14 来自微博weibo.com", "transmit": 50, "comment": 65, "zan": 472, "sentiment": [{"positive_prob": 0.277721, "confidence": 0.382841, "negative_prob": 0.722279, "sentiment": 0}]}, {"text": "#两会#【#王毅谈孟晚舟案#：是蓄意的政治打压支持企业#不当沉默的羔羊#】关于孟晚舟案，王毅在记者会上说：“最近针对中国特定企业和个人的行为，根本不是什么单纯的司法案件，而是蓄意的政治打压。我们支持相关企业和个人拿起法律的武器，维护自身权益，不当沉默的羔羊。”L环球网的秒拍视频​", "author": "环球网", "time": "环球网03月08日10:32", "transmit": 308, "comment": 204, "zan": 1292, "sentiment": [{"positive_prob": 0.892169, "confidence": 0.760376, "negative_prob": 0.107831, "sentiment": 2}]}, {"text": "发现未曾发现的细节之美。#华为P30#，3月26日敬请期待。​", "author": "华为终端官方微博", "time": "华为终端官方微博03月08日15:11 来自微博weibo.com", "transmit": 195, "comment": 706, "zan": 1335, "sentiment": [{"positive_prob": 0.547941, "confidence": 0.0411773, "negative_prob": 0.452059, "sentiment": 1}]}, {"text": "【王毅回应“华为起诉美国政府”：公道自在人心，正义终将到来】王毅：只要秉持客观公正立场都不难看出，最近针对中国特定企业和个人的行为根本不是什么单纯的司法案件，而是蓄意的政治打压。对此，我们已经并将继续采取一切必要措施，坚决维护中国企业和公民的正当合法权益，这是中国政府义不容辞的职责。同时，我们也支持相关企业和个人拿起法律武器来维护自身权益，不当“沉默的羔羊”。公道自在人心，正义终将到来。我们今天要维护的，不仅仅是一个企业的权益，而是一个国家、一个民族的正当发展权利，更是世界上所有希望提高自身科技发展水平国家的应有权利。我们希望各方都能够遵守规则，摒弃偏见，共同为各国企业营造一个公平竞争的市场环境，共同为各国人士提供一个安全可靠的交往环境。谢谢。#两会青关注#L央视新闻的微博视频", "author": "共青团中央", "time": "共青团中央03月08日10:35 来自微博weibo.com", "transmit": 211, "comment": 109, "zan": 1195, "sentiment": [{"positive_prob": 0.932089, "confidence": 0.849087, "negative_prob": 0.067911, "sentiment": 2}]}, {"text": "#全国两会#【外交部部长王毅：支持相关企业和个人拿起法律武器来维护自身权益，不当“沉默的羔羊”】在回答香港记者关于华为公司起诉美国政府的提问时，中国外交部部长王毅说：只要秉持客观公正立场都不难看出，最近针对中国特定企业和个人的行为根本不是什么单纯的司法案件，而是蓄意的政治打压。我们已经并将继续采取一切必要措施，坚决维护中国企业和公民的正当合法权益，这是中国政府义不容辞的职责。同时，我们也支持相关企业和个人拿起法律武器来维护自身权益，不当“沉默的羔羊”。", "author": "环球时报", "time": "环球时报03月08日10:35 来自微博weibo.com", "transmit": 190, "comment": 69, "zan": 399, "sentiment": [{"positive_prob": 0.0914618, "confidence": 0.796752, "negative_prob": 0.908538, "sentiment": 0}]}, {"text": "人生有无数的选择，你们拒绝了风光无限的诱惑，放弃安逸稳定，唯独选择在单调乏味的通信领域拼搏奋斗，选择了需要不断自我挑战、步履艰辛的华为。你们柔软内敛，你们坚韧干练，你们胆识过人，你们从容笑对人生所有的难，你们是华为的宝贝今天，我们想要对华为女生说，感谢O了不起的你​", "author": "华为中国", "time": "华为中国03月08日19:28 来自微博weibo.com", "transmit": 11, "comment": 32, "zan": 472, "sentiment": [{"positive_prob": 0.975395, "confidence": 0.945323, "negative_prob": 0.0246047, "sentiment": 2}]}, {"text": "#政法君在两会#【标题越短越重要——提气！】今天上午，国务委员兼外交部长王毅就“中国外交政策和对外关系”相关问题回答中外记者提问。说到“华为事件”，王毅右手握拳上扬，表示“不当沉默的羔羊”。一大波霸气金句来袭！收藏转发，重温提气时刻！​", "author": "中国长安网", "time": "中国长安网03月08日20:37 来自360安全浏览器", "transmit": 122, "comment": 39, "zan": 103, "sentiment": [{"positive_prob": 0.0238162, "confidence": 0.947075, "negative_prob": 0.976184, "sentiment": 0}]}, {"text": "【#EMUI#9.0智慧语音“小艺”】#升级有礼，一起升9#EMUI9.0语音助手配以灵动的形象和更强大的语义理解能力，成为人们用声音连接数字世界的贴身小秘书，它可以帮你查机票、放歌曲、发微信、打电话……。关注+转发本微博，抽送华为Mate20（6GB+128GB）手机一部！@微博抽奖平台​", "author": "华为EMUI", "time": "华为EMUI03月08日20:24 来自微博weibo.com", "transmit": 6539, "comment": 3627, "zan": 2420, "sentiment": [{"positive_prob": 0.957854, "confidence": 0.906342, "negative_prob": 0.042146, "sentiment": 2}]}, {"text": "【#华为决定起诉美国政府#律师阵容曝光：2家大所+1家精品强所】华为轮值董事长郭平3月7日宣布，华为已向其美国总部所在地的德克萨斯东区联邦地区法院提起诉讼，指控美国《2019财年国防授权法》第889条违反美国宪法。此次诉讼中，华为聘请的律师团队里包括2家大所+1家精品强所。O华为起诉美政府律师阵容曝光：2家大所+1家精品强所​", "author": "香港商報網", "time": "香港商報網03月08日02:45 来自微博weibo.com", "transmit": 114, "comment": 100, "zan": 58, "sentiment": [{"positive_prob": 0.926288, "confidence": 0.836196, "negative_prob": 0.0737119, "sentiment": 2}]}, {"text": "【#王毅谈华为控告美国政府#：支持拿起法律武器不当沉默羔羊】王毅表示，最近针对中国特定企业和个人的行为，根本不是什么单纯的司法案件，而是蓄意的政治打压。对此我们已经并将继续采取一切必要的措施，坚决维护中国企业和公民的正当、合法权益，这是中国政府义不容辞的职责。同时我们也支持相关企业和个人拿起法律的武器来维护自身的权益，不当沉默的羔羊。O王毅谈“华为控告美国政府”：支持拿起法律武器不当沉默羔羊L央视新闻的微博视频", "author": "澎湃新闻", "time": "澎湃新闻03月08日10:38 来自微博weibo.com", "transmit": 34, "comment": 76, "zan": 130, "sentiment": [{"positive_prob": 0.3884, "confidence": 0.13689, "negative_prob": 0.6116, "sentiment": 0}]}, {"text": "挺服华为的宣传，控告美国政府这么大的国际事件，都不忘给MateX折叠屏手机做个广告​", "author": "奥卡姆剃刀", "time": "奥卡姆剃刀03月08日15:49 来自HUAWEIMate20Pro", "transmit": 154, "comment": 197, "zan": 1523, "sentiment": [{"positive_prob": 0.405161, "confidence": 0.0996427, "negative_prob": 0.594839, "sentiment": 0}]}, {"text": "#华为宣布起诉美国政府#1.华为以前非常低调，任几乎不接受采访，就是内部谈话外放。卖设备时各种宣传也是低调为主。卖手机宣传风格也很独特，看上去像吹牛却基本办到了。2.最近华为很高调，是没办法了。因为美国这样狠搞，再不积极反应会影响生意伙伴的信心。任总出来说了很多，发布会也直接讽刺美国棱镜计划，现在起诉美国。3.华为广告效应爆了，1月中国手机销量暴增46%，苹果跌28%。这也让华为看到了，危机中也有机会，应对心态是积极的。4.华为内部有很多技术研发没有公布，但是长远影响很大，确实会动摇美国的技术霸权。华为请的美国专家说，XX你们都能搞定，没法看好美国了。", "author": "风云学会陈经", "time": "风云学会陈经03月08日08:39 来自HUAWEIMate9", "transmit": 160, "comment": 192, "zan": 842, "sentiment": [{"positive_prob": 0.989646, "confidence": 0.97699, "negative_prob": 0.0103543, "sentiment": 2}]}, {"text": "#华为宣布起诉美国政府#华为起诉美国政府？？怎么感觉像给折叠屏手机打广告啊！！！​", "author": "圈内鸡哥", "time": "圈内鸡哥03月08日08:53 来自鸡霸的华为Android", "transmit": 65, "comment": 205, "zan": 864, "sentiment": [{"positive_prob": 0.241028, "confidence": 0.464382, "negative_prob": 0.758972, "sentiment": 0}]}, {"text": "#2019两会#【王毅回应华为孟晚舟案：支持企业用法律武器维权不当沉默羔羊】“只要秉持客观公正立场都不难看出，最近针对中国特定企业和个人的行为根本不是什么单纯的司法案件，而是蓄意的政治打压。对此，我们已经并将继续采取一切必要措施，坚决维护中国企业和公民的正当合法权益，这是中国政府义不容辞的职责。同时，我们也支持相关企业和个人拿起法律武器来维护自身权益，不当沉默的羔羊。”（中国青年报·中青在线中国青年网见习记者李雪静制作：李茜）#两会青年说#L中国青年报的秒拍视频", "author": "中国青年报", "time": "中国青年报03月08日11:46 来自秒拍网页版", "transmit": 22, "comment": 15, "zan": 149, "sentiment": [{"positive_prob": 0.580602, "confidence": 0.0680044, "negative_prob": 0.419398, "sentiment": 2}]}, {"text": "【#王毅谈孟晚舟案#：蓄意的政治打压】国务委员兼外交部长王毅就“中国外交政策和对外关系”相关问题回答中外记者提问。凤凰卫视记者提到孟晚舟案昨天又有新的进展，加拿大法院决定将延后引渡聆讯，而华为则宣布控告美国政府。王毅回应：只要秉持客观公正立场都不难看出，最近针对中国特定企业和个人的行为根本不是什么单纯的司法案件，而是蓄意的政治打压。O王毅谈孟晚舟案：蓄意的政治打压", "author": "凤凰网", "time": "凤凰网03月08日10:36 来自微博weibo.com", "transmit": 26, "comment": 44, "zan": 126, "sentiment": [{"positive_prob": 0.837544, "confidence": 0.638987, "negative_prob": 0.162456, "sentiment": 2}]}, {"text": "华为召开新闻发布会宣布#华为决定起诉美国政府#。然而如此场合，华为人仍不忘让自家新产的折叠屏手机MateX亮个相。看这娴熟的动作，想必是用了很久了吧～L微丢的秒拍视频​", "author": "新浪手机", "time": "新浪手机03月08日08:11 来自微博weibo.com", "transmit": 53, "comment": 69, "zan": 293, "sentiment": [{"positive_prob": 0.719292, "confidence": 0.376205, "negative_prob": 0.280708, "sentiment": 2}]}, {"text": "#E起悦活悦美丽#我们不断努力，是为了成为更精彩的自己！盼望有朝一日能乘坐凯哥家的飞机遨游蓝天，漫步云端~随手粉@华为EMUI@奥凯航空并转评本条微博，说说你为了旅行付出过怎样的努力，3.18日凯哥抽送华为畅享8e手机一台~@微博抽奖平台​", "author": "奥凯航空", "time": "奥凯航空03月08日13:00 来自微博weibo.com", "transmit": 2895, "comment": 3162, "zan": 1132, "sentiment": [{"positive_prob": 0.979414, "confidence": 0.954254, "negative_prob": 0.0205858, "sentiment": 2}]}, {"text": "【#华为决定起诉美国政府#背后：他们都告赢过美国政府】华为7日宣布对美国政府提起诉讼，其并非起诉美国政府的第一个“吃螃蟹者”，起诉美国政府并取得胜利不是一件容易事，但也并非不可能。有资料显示，推特、微软、罗尔斯（中国三一集团）均曾据理力争，维护了自己的合法权益。O华为“反击”背后：他们都告赢过美国政府​", "author": "新浪科技", "time": "新浪科技03月08日07:09 来自微博weibo.com", "transmit": 28, "comment": 83, "zan": 91, "sentiment": [{"positive_prob": 0.248476, "confidence": 0.447832, "negative_prob": 0.751524, "sentiment": 0}]}, {"text": "#E起悦活悦美丽#我们不断努力，是为了成为更精彩的自己。关注@华为EMUI和@百果园并转发本微博，果粉们来聊聊你们为了变美丽付出过怎样的努力呢？我们将会抽一个可爱的果粉送华为畅享8e手机一台哦~@微博抽奖平台​", "author": "百果园", "time": "百果园03月08日10:00 来自微博weibo.com", "transmit": 3104, "comment": 2789, "zan": 1100, "sentiment": [{"positive_prob": 0.988225, "confidence": 0.973834, "negative_prob": 0.0117749, "sentiment": 2}]}, {"text": "【专访沃顿商学院院长:中国已经是创新驱动型经济体】新浪财经在第53届沃顿商学院全球论坛上专访沃顿商学院院长GeoffreyGarrett。着眼于5G的未来，他认为即使美国在本土市场禁售华为，但华为依然有机会成为其他许多国家的供应商。谈及全球经济风险，他认为经济衰退的可能性在上升，但不会发生像2008年那样的危机。O专访沃顿商学院院长:中国已经是创新驱动型经济体", "author": "新浪财经", "time": "新浪财经03月08日12:35 来自微博weibo.com", "transmit": 28, "comment": 15, "zan": 82, "sentiment": [{"positive_prob": 0.960726, "confidence": 0.912724, "negative_prob": 0.0392742, "sentiment": 2}]}, {"text": "【新专利暗示中兴也准备推出翻盖式折叠屏智能手机】自三星GalaxyFold和华为MateX正式发布后，折叠屏手机引发了巨大的反响。作为国内知名的通讯终端厂商中兴也不甘落后，近日LetsGoDigital发现中兴提交了一项新专利，从示意图中可以看出中兴正在考虑推出使用翻盖式设计的折叠屏智能手机。据悉，该专利与2018年4月向世界知识产权局提交，并于2019年3月5日得到审批。与其他厂商推出的折叠屏手机专利不同，中兴使用了类似传统翻盖手机一样折叠设计，使得两块屏幕可完全贴合。不过该机中轴上下两部分屏幕大小并不一致，在完全折叠后底部会有一块屏幕露出，估计这部分多余的屏幕应该是为了显示推送通知、时间等信息。而机身背部则配备了双摄模组+LED闪光灯，连接器位于机身底部，机身右侧则分布着音量键和电源键。与此前中兴申请的新专利相同，该专利或许并不会出现在市面上销售的产品中。不过随着柔性屏技术的逐步发展，未来说不定我们也能看到类似的设计出现在中兴的终端产品上。", "author": "ZAEKE知客", "time": "ZAEKE知客03月08日11:25 来自微博weibo.com", "transmit": 79, "comment": 32, "zan": 28, "sentiment": [{"positive_prob": 0.946223, "confidence": 0.880495, "negative_prob": 0.053777, "sentiment": 2}]}, {"text": "【中国外交怎么“盘”？来听王毅跟你说】#华为事件##中美关系##朝核问题##中日关系##印巴局势#……2小时，21个问题，一组H5梳理王毅记者会干货戳链接：O网页链接满满的知识点，哪位同学的小眼睛还没有看老师？敲黑板转发学习！​", "author": "环球网", "time": "环球网03月08日17:28 来自微博weibo.com", "transmit": 17, "comment": 5, "zan": 62, "sentiment": [{"positive_prob": 0.254183, "confidence": 0.435149, "negative_prob": 0.745817, "sentiment": 0}]}, {"text": "【王毅回应“华为起诉美国政府”：公道自在人心，正义终将到来】#两会青关注#王毅：只要秉持客观公正立场都不难看出，最近针对中国特定企业和个人的行为根本不是什么单纯的司法案件，而是蓄意的政治打压。对此，我们已经并将继续采取一切必要措施，坚决维护中国企业和公民的正当合法权益，这是中国政府义不容辞的职责。同时，我们也支持相关企业和个人拿起法律武器来维护自身权益，不当“沉默的羔羊”。公道自在人心，正义终将到来。我们今天要维护的，不仅仅是一个企业的权益，而是一个国家、一个民族的正当发展权利，更是世界上所有希望提高自身科技发展水平国家的应有权利。我们希望各方都能够遵守规则，摒弃偏见，共同为各国企业营造一个公平竞争的市场环境，共同为各国人士提供一个安全可靠的交往环境。谢谢。@新华网", "author": "新闻晨报", "time": "新闻晨报03月08日10:38 来自微博weibo.com", "transmit": 9, "comment": 8, "zan": 71, "sentiment": [{"positive_prob": 0.947986, "confidence": 0.884413, "negative_prob": 0.0520141, "sentiment": 2}]}, {"text": "#华为宣布起诉美国政府#【华为起诉美国政府，胜算几何?】继3月4日孟晚舟起诉加拿大政府后，7日华为正式宣布起诉美国政府，这起诉讼涉及美国国防授权法案（NDAA）中的条款，该条款禁止美国联邦政府机构使用华为以及中兴的技术。L新浪理财师的微博视频​", "author": "乐天凌", "time": "乐天凌03月08日07:38 来自微博云剪", "transmit": 43, "comment": 53, "zan": 286, "sentiment": [{"positive_prob": 0.667989, "confidence": 0.262199, "negative_prob": 0.332011, "sentiment": 2}]}, {"text": "原来华为昨天起诉美国政府的发布会是有“内涵”的参与此发布会的多名人士都拿出了自己正在使用的华为MateX进行了“展示”估计连友商也不得不承认，华为这波花式发布新机的手段真是牛X​", "author": "数字热DGHOT", "time": "数字热DGHOT03月08日09:14 来自魅族X8轻奢拍照手机", "transmit": 27, "comment": 238, "zan": 319, "sentiment": [{"positive_prob": 0.0718997, "confidence": 0.840223, "negative_prob": 0.9281, "sentiment": 0}]}, {"text": "支持孟晚舟起诉加拿大政府。支持华为起诉美国政府。不管胜诉与否，这种案例是一个教程，让世人见证民主法制的力量。如果在北朝，你是断然不会有起诉小鑫政权的勇气。​", "author": "猎人瓦西里", "time": "猎人瓦西里03月08日07:47", "transmit": 104, "comment": 98, "zan": 238, "sentiment": [{"positive_prob": 0.876647, "confidence": 0.725883, "negative_prob": 0.123353, "sentiment": 2}]}]