[{"text": "#阿华的灵魂一问#2019年快要过去了，过去一年中你换过多少张壁纸和锁屏，用过多少款#华为主题#呢？点击视频说说看↓我先来：用过12款主题，包括千玺的这套L华为终端官方微博的微博视频​", "author": "华为终端官方微博", "time": "华为终端官方微博2019年12月28日20:00 来自科技·视频社区", "transmit": 29789, "comment": 575, "zan": 5114}, {"text": "崽崽真的很棒呀易烊千玺#易烊千玺2019玊尔演唱会#四字四字弟弟yyqx唱歌yyqx跳舞帅yyqx好看szdd四字四字好看四字帅四字好听yyqx华为yyqx帅yyqx千禧龙yyqxqxlyyqxinsyyqxdvyyqx舞台yyqx猫yyqx​​​​可爱​", "author": "小里雾诗", "time": "小里雾诗2019年12月28日19:12", "transmit": 9047, "comment": 1287, "zan": 7323}, {"text": "来自@艾奥科技的荣耀V30和华为nova6拆机对比视频，两台机器的内部结构几乎一模一样，视频最后博主把两台机器的主板对调装机，两台机器都能正常使用……好吧​", "author": "J-格里芬先生", "time": "J-格里芬先生2019年12月28日09:14 来自OnePlus7TPro", "transmit": 577, "comment": 339, "zan": 1981}, {"text": "#华为阅读#联合新周刊发布年度书单，与你#读懂2019，通往2020#根据2019年行业数据，华为阅读APP的用户规模已跻身第一梯队，成为越来越多读者的首选。其海量的内容资源及庞大的活跃用户规模提供了扎实的画像支撑，新周刊以“测量时代体温”的精神梳理阅读趋势，联合为国内数字阅读提供一个重要的风向标。我们从这份榜单上可以发现，数字阅读正在降低读书的门槛，促进阅读的普及，成为日益繁忙都市人汲取精神补给的重要选择。那么，2019年，我们回头盘点一年书事，读者们在手机上都看了哪些书？@华为终端云服务↓↓↓O读懂2019，通往2020|华为阅读联合新周刊发布年度书单", "author": "新周刊", "time": "新周刊2019年12月28日21:14 来自微博weibo.com", "transmit": 66, "comment": 18, "zan": 114}, {"text": "看到这个发言感动，钢铁是怎样炼成的：“如果华为倒下了，可能几十年都不会有这样的公司站在世界舞台中心，我不守住这个山头，我的孩子们未来去哪里打拼呢！”今天一个华为人在心声社区发帖子，他曾问过一个已经在印度常驻过4年、两个孩子的父亲，为什么现在还要去海外？那个老同事对他说了这句话。很多华为人其实已经是财务自由，很多时候除了赚钱，确实有一种责任感在支持他们向前走。O网页链接", "author": "HW前HR", "time": "HW前HR2019年12月28日19:55 来自HUAWEIMate30Pro5G", "transmit": 342, "comment": 535, "zan": 3223}, {"text": "#有事没事玩神武4##神武4#这个360°大屏也太酷了叭，黄子韬的《默默》还是游戏主题曲哟，神武4全新公测，游戏内还会抽华为mate30，你玩了吗？L娱乐圈长的秒拍视频​", "author": "芒果捞扒客", "time": "芒果捞扒客2019年12月28日01:10 来自微博weibo.com", "transmit": 1194, "comment": 1615, "zan": 3473}, {"text": "易烊千玺米奇妙妙千来也！易烊千玺四字四字弟弟yyqx唱歌yyqx跳舞帅好看好听szdd四字四字好看四字帅四字唱歌好听yyqxszddyyqx帅yyqx可爱yyqx天猫yyqx华为yyqx中戏yyqx双料第一yyqx帅yyqx可爱yyqx天猫yyqx华为yyqx中戏yyqx双料第一四字苏四字酷四字棒易烊千玺优益Cyyqxsndnyyqx踩点yyqx好听yyqx梨涡yyqx穿搭yyqx私服四字时尚四字舞蹈四字代言四字硬照四字街舞四字中戏易烊千玺少年的你易烊千玺长安十二时辰L宁不采臣的微博视频", "author": "四近裙下之臣", "time": "四近裙下之臣2019年12月28日21:09", "transmit": 796, "comment": 173, "zan": 874}, {"text": "男人的极大幸运在于，他，不论在成年还是在小时候，必须踏上一条极为艰苦的道路，不过这是一条最可靠的道路；女人的不幸则在于被几乎不可抗拒的诱惑包围着；她不被要求奋发向上，只被鼓励滑下去到达极乐。当她发觉自己被海市蜃楼愚弄时，已经为时太晚，她的力量在失败的冒险中已被耗尽。女人由于封闭在自身的共同命运中，通过一种内在的共谋联结在一起。女人的共谋很少会升华为真正的友谊，每个女人在别的女人身上都看到一个敌人。----------西蒙·波伏娃《第二性》", "author": "洛梅笙", "time": "洛梅笙2019年12月28日09:34 来自微博weibo.com", "transmit": 612, "comment": 77, "zan": 1659}, {"text": "华为WeLink终于迎来商业化，是否大杀器？12月26日，WeLink终于公开亮相，把19万华为员工协同办公的软件共享出来！有几大好处：1、WeLink可助用户随时、随地、通过手机、电脑、Pad、电子白板等各类终端设备协作办公。这个比微信强多了，这个内容都存在云端，换台设备继续用，甚至电脑和手机可以同时在线。而微信换手机就要搬迁数据。2、智能会议，可多终端投屏；会议纪要自动转文字；实时翻译，支持消息、文档、邮件等多种内容翻译成七种语言。3、实现即时通讯、邮件、电子流审批、公司内部文件夹等一个手机搞定，可以短消息、电话、视频、文件协同。联接业务，如内部员工的出差、报销申请、考勤。4、联接团队，从IM、邮件、会议入手，提供开放平台，让企业现有业务接入平台。包括个人、群、社区BBS全部兼容。这个软件功能很强大，因为华为员工是比较会吐槽的，所以进步也比较快。当然，这还不是最牛的，如果华为愿意把背后的考勤系统、报销系统也一并打包通过云服务卖给中小企业，那么很多企业的报销和考勤就达到华为差不多水平，不就是把企业最基本运作解决了吗？", "author": "HW前HR", "time": "HW前HR2019年12月28日06:01 来自HUAWEIMate30Pro5G", "transmit": 161, "comment": 258, "zan": 994}, {"text": "#5G手机厮杀至千元档# 大家除了用5G网络覆盖不足做“挡箭牌”外，更多的理由就是因为“穷”吧！5G套餐贵的离谱，华为和三星5G手机虽然也贵的离谱，但iPhone12的5G手机没出来之前，RedmiK305G版应该是最佳的选择吧！请你摸着胸脯愣子认真的回答:5G手机价格是你考虑换5G手机的问题吗？5G手机价格是你考虑换5G手机的问题嘛？", "author": "阿森", "time": "阿森2019年12月28日15:33", "transmit": 18, "comment": 61, "zan": 2956}, {"text": "炒年底华为裁员7000人补偿10亿的新闻，特么真有病。这是2007年老新闻，每年张冠李戴炒作。一些媒体和自媒体人的智商和良心被🐶吃了。那是2007年一次特殊的老员工买断工龄再入职操作，都12年了。华为今年员工总数增加6000多人，具体上，铁打的营盘流水的兵，每年有进有出很正常，但总数是增加的。​", "author": "HW前HR", "time": "HW前HR2019年12月28日09:06 来自HUAWEIMate30Pro5G", "transmit": 183, "comment": 421, "zan": 2337}, {"text": "华为是如何让员工心甘情愿卖命的​​​​", "author": "互联网的那些破事", "time": "互联网的那些破事2019年12月28日21:15 来自微博weibo.com", "transmit": 20, "comment": 327, "zan": 1555}, {"text": "#DigiX数字生活节#2019年的最后一个冬天，在深圳遇见故宫，听单霁翔讲#遇见故宫600年#的故。L华为终端云服务的秒拍视频​", "author": "勺布斯", "time": "勺布斯2019年12月28日18:00 来自微博weibo.com", "transmit": 97, "comment": 401, "zan": 406}, {"text": "#华为FreeBuds#3将源自古曲高山流水、梅花三弄、春江花月夜的灵感逐一定格于三款#古风耳机盒#之上，带你“听见”穿越千年的声音！这样的艺术手作你喜欢吗？​", "author": "华为商城", "time": "华为商城2019年12月28日17:02 来自微博weibo.com", "transmit": 16, "comment": 60, "zan": 98}, {"text": "#易烊千玺朋友请听好##易烊千玺2019玊尔演唱会#看这个要哭抽过去了这个小男孩怎么能这么温柔虽然老土，但是喜欢易烊千玺真的从来不是单恋@TFBOYS-易烊千玺L圈内教父的微博视频​易烊千玺中戏第一yyqx帅四字弟弟易烊千玺nova易烊千玺华为yyqx阿迪易烊千玺优益c易烊千玺日默瓦四字弟弟szddyyqx易烊千玺易烊千玺唱歌易烊千玺现场易烊千玺liveyyqx唱歌yyqx现场yyqxlive四字唱歌四字现场四字live四字帅易烊千玺yyqx玊尔yyqx演唱会yyqx舞美yyqx唱功李必yyqx四字演技", "author": "大红璽", "time": "大红璽2019年12月28日18:55 来自易烊千玺超话", "transmit": 96, "comment": 13, "zan": 158}, {"text": "网友的华为Mate30Pro从电动车上面摔下来就这样了，感觉现在曲面屏玻璃手机，哪个摔一下就是1000打底的，真不想玩这种心跳，建议大家一买碎屏险，二别买曲面屏​", "author": "科技商说", "time": "科技商说2019年12月28日12:12 来自iPhone11Pro", "transmit": 39, "comment": 378, "zan": 821}, {"text": "赵明总正在开庆功会，不方便发微博，我来转述一下现场表扬辞吧获得荣耀年度最佳团队的是荣耀智慧屏组，下面是2019华为荣耀年度人物颁奖词：他默默的、满世界的、无私的、不遗余力的向消费者推销华为和荣耀；他专注如一，辛苦宣传荣耀9X七天；他花式对比，嘲讽小米note换壳发布;他进步神速，由10W晋升60W;他埋头苦干，将名声丢入深渊;他破釜沉舟，用小米电视衬托荣耀智慧屏；他就是卧薪尝胆近十年，拥有丰富XX经验的荣耀产品推广大使——2019年度荣耀最佳代言人——卢总现在有请卢总上台领奖，大家鼓掌👏👏👏👏👏👏", "author": "长安数码君", "time": "长安数码君2019年12月28日20:35 来自荣耀V30PRO5G", "transmit": 22, "comment": 186, "zan": 1106}, {"text": "《声临其境》第三季今晚终于要开播了！小时候就特别喜欢周涛，这一季她来了！加上前几季，这档节目到目前已经集齐了周涛、董卿和倪萍，这是什么神仙节目呀使用华为和荣耀手机的朋友可以使用手机自带的#华为视频#直接就能看芒果TV、优酷、腾讯视频的内容，《吐槽大会》也能一起安排了​", "author": "都市音酱", "time": "都市音酱2019年12月28日20:00 来自微博weibo.com", "transmit": 224, "comment": 317, "zan": 444}, {"text": "【荣耀V30与华为nova6拆机对比:相同的配置，不一样的价格】荣耀V30和华为nova6拆机对比视频，两台机器的内部结构几乎一模一样，视频最后博主把两台机器的主板对调装机，两台机器都能正常使用……与V30相同的配置，通用的主板，却是不一样的价格！L艾奥科技的微博视频​​​", "author": "深蓝财经", "time": "深蓝财经2019年12月28日12:41 来自手机平板·视频社区", "transmit": 106, "comment": 63, "zan": 148}, {"text": "三星GalaxyS11+渲染图，这样是不是要在DXO榜上无敌了？你觉得明年三星手机和华为手机拍照谁更强？你觉得明年三星手机和华为手机拍照谁更强？​", "author": "搞机汇", "time": "搞机汇2019年12月28日08:45 来自三星A90疾速5G", "transmit": 6, "comment": 42, "zan": 1706}, {"text": "辣鸡华为和荣耀竟然干出这样的事儿竟然把全网的拆机回放都搞没了，华为到底在害怕什么？到底在担心什么？是怕我们找出来荣耀智慧屏的缺点吗？是怕我们看到小米电视的优势吗？唉，这公关能力，其他厂商得好好学习呀！​", "author": "长安数码君", "time": "长安数码君2019年12月28日23:48 来自荣耀手机Android", "transmit": 18, "comment": 164, "zan": 1488}, {"text": "遇到互联网舆情，涉事单位和主管部门第一时间想到的永远都是删帖删帖删帖就像此前华为那件事情一样，疯狂删帖才引发了后续更进一步的重大舆情很多事情第一时间表态已知晓，会处理，后续把解决方案或者调查结果往外一放那还来那么大的负面波澜？有些事情吧，真不是说你把问题第一时间压下去就能解决掉的当然，删帖也有删帖的好处，估计日常都是这么做的，然后看起来太平就完事儿了", "author": "跳跳兲虎", "time": "跳跳兲虎2019年12月28日11:47 来自微博weibo.com", "transmit": 223, "comment": 36, "zan": 1061}, {"text": "最近，投身事业的你们是否在为年末KPI奋力冲刺？渴望爱情的你们是否在紧密筹划#跨年#惊喜？再忙也要适当给自己减减压，比如在家来场音乐派对！#华为Sound#X，千万无损曲库，20万+Hi-Res，#华为音乐#会员多端通用，一起唤醒智慧生活，释放百变自我！转评点赞此微博，抽送399元#华为路由#A2一台。L华为终端云服务的微博视频", "author": "思想聚焦", "time": "思想聚焦2019年12月26日21:00 来自微博weibo.com", "transmit": 86, "comment": 106, "zan": 583}, {"text": "WSJ发布分析文章”政府支持铺就华为全球崛起之路”文中称华为”从中国政府获得了多达750亿美元的财政支持”​", "author": "Allen小小小小号", "time": "Allen小小小小号2019年12月28日05:09 来自iPhoneXSMax", "transmit": 98, "comment": 70, "zan": 682}, {"text": "故宫里各种小姐姐穿着清朝的宫服来自拍。捕捉到了一个用华为Mate30自拍的小姐姐，有一种现代科技与几百年前文化碰撞的感觉。延禧宫人特别多，不过看了介绍，清朝的延禧宫是用于养金鱼的，各种稀有名贵金鱼，一进延禧宫满院子都是木桶鱼缸。​", "author": "钟文泽", "time": "钟文泽2019年12月28日15:20 来自普通家庭iPhone11Pro", "transmit": 11, "comment": 161, "zan": 1115}, {"text": "你对手机里的服务App了解多少？来，我们重新认识一下。新版服务App正式上线啦，故障排查、设备维修……一个App帮你搞定~L华为终端官方微博的微博视频​", "author": "华为终端官方微博", "time": "华为终端官方微博2019年12月28日18:00 来自手机平板·视频社区", "transmit": 20, "comment": 55, "zan": 689}, {"text": "\"如果把最近热播剧的男主比作小动物，你最喜欢谁？《庆余年》《大明风华》《精英律师》《锦衣之下》这些电视剧华为和荣耀手机用户都能在自带的#华为视频#看到，一个APP就能看芒果TV、优酷、腾讯视频的内容，是不是还挺方便的？\"​", "author": "生物叫兽", "time": "生物叫兽2019年12月28日20:00 来自微博weibo.com", "transmit": 325, "comment": 475, "zan": 678}, {"text": "XDA基佬们从CCC网站上扒到了疑似新华为MateX的设备TAH-AN00m，信息显示该设备将会支持65W快充。另外华为在海外搞了个活动，华为会为每一张上传到instagram和脸书上带ChristmasTree4Earth标签的照片捐1美元，最高捐款总额20000美元，用于保护雨林。​", "author": "午后狂睡", "time": "午后狂睡2019年12月28日11:51 来自微博weibo.com", "transmit": 5, "comment": 70, "zan": 204}, {"text": "一:iphone11Pro二:华为Mate30Pro谁真实？​", "author": "搞机爵士", "time": "搞机爵士2019年12月28日21:46", "transmit": 8, "comment": 167, "zan": 359}, {"text": "早上好！来场晨跑，用最健康的方式迎接2020。#只管去跑#每一公里，#华为WatchGT#2一路陪你～L华为手机的微博视频​​​", "author": "华为何刚", "time": "华为何刚2019年12月28日08:19 来自HUAWEIMate30Pro5G", "transmit": 14, "comment": 60, "zan": 132}]