[{"text": "【英前官员称未发现中国开展恶意网络活动证据华春莹：安全问题就该用事实说话】据报道，英国情报机构政府通信总部前主管撰文称，从未发现中国政府通过华为开展恶意网络活动的证据。今天，外交部发言人华春莹回应：的确，安全问题就应该用事实说话。在全球范围内，甚至对自己盟友进行窃听和监控活动的不是中国。希望各方都能真正尊重公平自由竞争的市场原则，为企业间正常合作创造公平、公正、非歧视的市场环境，促进相关行业健康发展。（央视记者黄惠馨）", "author": "央视新闻", "time": "央视新闻02月14日18:20 来自微博weibo.com", "transmit": 169, "comment": 119, "zan": 1473, "sentiment": [{"positive_prob": 0.094126, "confidence": 0.790831, "negative_prob": 0.905874, "sentiment": 0}]}, {"text": "【#华为新西兰硬核广告#：5G没华为，正如橄榄球赛没新西兰队】近日，华为在新西兰刊登广告，上面写着“5G没有华为，正如橄榄球赛没有新西兰队”“不要错过最先进的5G技术”。新西兰曾以国家安全为由阻止华为在该国销售部分设备，近日，新西兰方面口风有所放松。路透社报道，新西兰总理称会给予华为公平对待。@新京报我们视频L新京报我们视频的秒拍视频", "author": "Vista看天下", "time": "Vista看天下02月14日12:01 来自微博weibo.com", "transmit": 41, "comment": 82, "zan": 175, "sentiment": [{"positive_prob": 0.782693, "confidence": 0.517096, "negative_prob": 0.217307, "sentiment": 2}]}, {"text": "王俊凯：大哥代言OPPO王源：老二代言小米手机易烊千玺：老三代言华为Nova你们看我去加入TFboys当老四，代言个什么品牌比较好#花式种草#​", "author": "科技小公举", "time": "科技小公举02月14日14:28 来自iPhoneX", "transmit": 100, "comment": 426, "zan": 3508, "sentiment": [{"positive_prob": 0.750391, "confidence": 0.445313, "negative_prob": 0.249609, "sentiment": 2}]}, {"text": "刚才用华为手机拍的东京的夜，查看大图。​", "author": "毛丹青", "time": "毛丹青02月14日23:29 来自HUAWEIMate20X", "transmit": 45, "comment": 94, "zan": 605, "sentiment": [{"positive_prob": 0.622681, "confidence": 0.161514, "negative_prob": 0.377319, "sentiment": 2}]}, {"text": "情人节快乐啊小公举们！今年的wishlist梦想成真了吗？如果没有，就让嘉人“广角之恋”来成全你！这个情人节我们准备送出一份超甜蜜的最“嘉”情人礼——集红之热烈与粉之甜蜜于一体的华为nova4蜜语红·星耀版！高配4800万像素高清三摄捕捉每个蜜恋时刻，117°超广角镜头视野翻倍，美景尽收眼底！戳这里：O网页链接即可开启“广角之恋”，pick你最想要的情人礼转发该条微博@你最爱的TA，并留言你的最甜“蜜语”即可参与抽取潮酷梦幻的nova4蜜语红一部[米奇比心]中奖结果将在2月16日嘉人携欧阳娜娜开启“广角之恋”视频日志后，由@微博抽奖平台公布，敬请期待哟！", "author": "嘉人", "time": "嘉人02月14日10:40 来自微博weibo.com", "transmit": 3310, "comment": 3667, "zan": 2180, "sentiment": [{"positive_prob": 0.989236, "confidence": 0.97608, "negative_prob": 0.0107642, "sentiment": 2}]}, {"text": "属于#华为Mate20#系列的秀恩爱新招，一触来电更心动。祝大家情人节快乐！​", "author": "余承东", "time": "余承东02月14日09:44 来自华为Mate20保时捷设计", "transmit": 44, "comment": 483, "zan": 1327, "sentiment": [{"positive_prob": 0.950965, "confidence": 0.891034, "negative_prob": 0.0490349, "sentiment": 2}]}, {"text": "匈牙利外长有力有节打脸美国记者：指责匈牙利同中国及华为走得太近？一些国家应该先照照自己，放下虚伪面纱。身为北约缔约国，却又是“最具东方情结的”欧洲国家，匈牙利既要照顾到美国及北约盟友心情，也要顾及中国传统友谊。外长的表现不易LCGTNAMERICA的微博视频​", "author": "记者王冠", "time": "记者王冠02月14日21:58 来自iPhone客户端", "transmit": 164, "comment": 58, "zan": 403, "sentiment": [{"positive_prob": 0.962104, "confidence": 0.915786, "negative_prob": 0.0378962, "sentiment": 2}]}, {"text": "#情人节#，快用#华为nova4#超广角捕捉TA对你更多的爱慕细节，顺利摆脱“友达以上，恋爱未满”的头衔~大家今天打算怎么度过呢？​", "author": "华为终端公司", "time": "华为终端公司02月14日11:27 来自微博weibo.com", "transmit": 841, "comment": 967, "zan": 1525, "sentiment": [{"positive_prob": 0.923443, "confidence": 0.829873, "negative_prob": 0.0765571, "sentiment": 2}]}, {"text": "#耀，我所要#纯情爱意，怦然心动。用#华为nova4#星耀版·蜜语红，见证情人节的甜蜜时刻。各位，表白的情话都准备好了吗？​", "author": "华为手机", "time": "华为手机02月14日09:10 来自nova4自拍极点全面屏", "transmit": 480, "comment": 756, "zan": 1137, "sentiment": [{"positive_prob": 0.767693, "confidence": 0.483762, "negative_prob": 0.232307, "sentiment": 2}]}, {"text": "就算这些都是外国的，那又怎样？华为手机就是国产的，到哪儿卖都是来自中国的品牌！​", "author": "中国IT杂谈", "time": "中国IT杂谈02月14日08:28", "transmit": 87, "comment": 726, "zan": 866, "sentiment": [{"positive_prob": 0.148035, "confidence": 0.671034, "negative_prob": 0.851965, "sentiment": 0}]}, {"text": "总有贬低华为5G的公知文章，危言耸听地还挺有传播力，例如前阵子有篇文章贬低大规模MIMO，其实这在通信专业人士看来简直就是胡扯油管上有很多华为通信技术的讲座，前四张讲就是MIMO，后五张讲的是远距离微波技术。我之前通过军用接力机了解微波通信，也就二十公里的距离，华为的讲座说可以达到150公里，这刷新了我的认知。油管上的讲座都是英文的，我英文不灵，听着还是费劲磕巴，请问有中文版的吗？", "author": "奥卡姆剃刀", "time": "奥卡姆剃刀02月14日19:34 来自HUAWEIMate20Pro", "transmit": 40, "comment": 49, "zan": 118, "sentiment": [{"positive_prob": 0.0558408, "confidence": 0.875909, "negative_prob": 0.944159, "sentiment": 0}]}, {"text": "台湾许多人对于华为公主-孟晚舟被加拿大政府扣押感到幸灾乐祸，但是今年一月法国出版了一本书-「美国陷阱」，当中详述了法国阿尔斯通公司是如何被美国司法部门勒索、敲诈，对该公司高管进行逮捕，甚至在未审判之下就羁押，而这还是发生在美国的盟友-法国身上，请问台湾的地位有比法国重要吗？如果没有，那群幸灾乐祸的台湾人是否该戒慎恐惧呢？L蘇恆-台灣的微博视频", "author": "蘇恆-台灣", "time": "蘇恆-台灣02月14日13:23 来自微博weibo.com", "transmit": 118, "comment": 165, "zan": 587, "sentiment": [{"positive_prob": 0.387139, "confidence": 0.13969, "negative_prob": 0.612861, "sentiment": 0}]}, {"text": "【华为刊登整版广告硬气回应新西兰5G禁令】据外媒报道，新西兰情报机构以国家安全为由，禁止华为参与当地5G网络基础建设。华为刊登整版广告回应称，没有华为的5G，就像没有橄榄球的新西兰。该广告还称，若没有华为，新西兰将错失最先进的5G技术，消费者将因高价格而蒙受损失。O华为刊登整版广告硬气回应新西兰5G禁令(图)​", "author": "新浪科技", "time": "新浪科技02月14日19:25 来自微博weibo.com", "transmit": 62, "comment": 76, "zan": 120, "sentiment": [{"positive_prob": 0.0278518, "confidence": 0.938107, "negative_prob": 0.972148, "sentiment": 0}]}, {"text": "华为手机店VS魅族手机店。差距啊！2赣州​", "author": "冰火燃点", "time": "冰火燃点02月14日16:26", "transmit": 26, "comment": 234, "zan": 603, "sentiment": [{"positive_prob": 0.218449, "confidence": 0.514557, "negative_prob": 0.781551, "sentiment": 0}]}, {"text": "#情人节#的第一份礼物，听懂你，专属你。#华为FreeBuds#2Pro陶瓷白，心动开售。​", "author": "华为终端官方微博", "time": "华为终端官方微博02月14日11:00 来自微博weibo.com", "transmit": 42, "comment": 128, "zan": 662, "sentiment": [{"positive_prob": 0.955201, "confidence": 0.900447, "negative_prob": 0.0447989, "sentiment": 2}]}, {"text": "小米9的4800W三摄拍的照片，你们觉得能干华为P20Pro吗？（三张图37M）​", "author": "C科技", "time": "C科技02月14日12:44", "transmit": 25, "comment": 547, "zan": 438, "sentiment": [{"positive_prob": 0.412452, "confidence": 0.0834409, "negative_prob": 0.587548, "sentiment": 0}]}, {"text": "【#华为新西兰硬核广告#：5G没华为正如橄榄球赛没新西兰队】近日，华为在新西兰刊登广告，上面写着“5G没有华为，正如橄榄球赛没有新西兰队”“不要错过最先进的5G技术”。。新西兰曾以国家安全为由阻止华为在该国销售部分设备，近日，新西兰方面口风有所放松。路透社报道，新西兰总理称会给予华为公平对待。L新京报我们视频的秒拍视频@我们视频看财经", "author": "新京报我们视频", "time": "新京报我们视频02月14日10:35 来自微博weibo.com", "transmit": 10, "comment": 38, "zan": 72, "sentiment": [{"positive_prob": 0.815134, "confidence": 0.589187, "negative_prob": 0.184866, "sentiment": 2}]}, {"text": "国防大学金一南将军前两年在公开演讲中透露，任正非告诉它：“华为公司在通信核心技术方面（其实就是说的5G）领先美国5年！”，任正非现在也强调，美国如果对华为断供零部件，华为公司根本不怕，华为有技术，有能力应对，华为不是中兴！就凭这两点，就可以预计，华为与美国干到底不是问题，干趴老美的产业霸权，不是问题，任正非确实是本世纪中国和全球最伟大的人物，它考虑的所有问题，都是如何推动中华民族进步，如何推动全人类进步，现在美国竭尽全力想把华为和任正非从伟大的地位上拉下来，痴心妄想！", "author": "信通小熊猫", "time": "信通小熊猫02月14日17:38 来自微博HTML5版", "transmit": 18, "comment": 58, "zan": 83, "sentiment": [{"positive_prob": 0.729797, "confidence": 0.399548, "negative_prob": 0.270203, "sentiment": 2}]}, {"text": "【#华为新西兰硬核广告#：5G没华为正如橄榄球赛没新西兰队】近日，华为在新西兰刊登广告，上面写着“5G没有华为，正如橄榄球赛没有新西兰队”“不要错过最先进的5G技术”。。新西兰曾以国家安全为由阻止华为在该国销售部分设备，近日，新西兰方面口风有所放松。路透社报道，新西兰总理称会给予华为公平对待。L新京报我们视频的秒拍视频", "author": "江西反邪教", "time": "江西反邪教02月14日17:15 来自微博weibo.com", "transmit": 346, "comment": 317, "zan": 355, "sentiment": [{"positive_prob": 0.796967, "confidence": 0.548815, "negative_prob": 0.203033, "sentiment": 2}]}, {"text": "哈佛博士谈美国域外管辖权与华为事件的解套O哈佛博士谈美国域外管辖权与华为事件的解套王孟源谈美国司法敲诈集团，认为和特朗普不是一伙的，可以做工作。中国不能软弱被看成软柿子，会被反复敲诈。法国Alstom被整死，其实各国对美国这种敲诈已经非常不满。确实应该正式提出全球反敲诈事业，把问题实质弄清楚。​", "author": "风云学会陈经", "time": "风云学会陈经02月14日08:16 来自HUAWEIMate9", "transmit": 101, "comment": 31, "zan": 122, "sentiment": [{"positive_prob": 0.0198968, "confidence": 0.955785, "negative_prob": 0.980103, "sentiment": 0}]}, {"text": "发布了头条文章：《华为nova4测评，看这一篇就够了》@华为手机@华为商城@华为终端公司@王子异#耀，我所要##华为nova4#王子异O华为nova4测评，看这一篇就够了​", "author": "张无猫w", "time": "张无猫w02月14日12:01 来自微博weibo.com", "transmit": 137, "comment": 84, "zan": 195, "sentiment": [{"positive_prob": 0.704532, "confidence": 0.343404, "negative_prob": 0.295468, "sentiment": 2}]}, {"text": "哇，第一次在线下看到挖孔屏手机！应该是华为nova4，这么看的话，挖孔也挺好看。像刘海当年刚出来一样，我可能也慢慢接受了挖孔屏的外观…​", "author": "钟文泽", "time": "钟文泽02月14日08:53 来自普通家庭iPhoneXSMax", "transmit": 24, "comment": 175, "zan": 342, "sentiment": [{"positive_prob": 0.947049, "confidence": 0.88233, "negative_prob": 0.0529513, "sentiment": 2}]}, {"text": "#情人节#TA怎么还没有动静？今天要一个人过吗？不，有#华为智能助手#给你唱情歌，这个情人节不要再孤单。今天有收获甜甜的爱情吗？或许惊喜正在来临哦～关注+转评，聊聊你的恋爱小技巧，小云将抽送出华为移动电源一个。​", "author": "华为终端云服务", "time": "华为终端云服务02月14日10:21 来自微博weibo.com", "transmit": 221, "comment": 274, "zan": 146, "sentiment": [{"positive_prob": 0.833207, "confidence": 0.629349, "negative_prob": 0.166793, "sentiment": 2}]}, {"text": "【美打压计划恐落空这个欧洲国家也表态：无华为难5G】外媒称，德国政府各部会代表上6日开会，已从国家安全、德中外交关系、中国市场潜力和建设进度等层面通盘考量，最后决定不排除使用华为的5G设备，但条件是要提升公共安全标准并加强信息安全。德国也将在今年3月为5G频段招标。（参考消息）​", "author": "中国长安网", "time": "中国长安网02月14日11:09 来自微博weibo.com", "transmit": 60, "comment": 15, "zan": 109, "sentiment": [{"positive_prob": 0.86862, "confidence": 0.708044, "negative_prob": 0.13138, "sentiment": 2}]}, {"text": "华为P30（图一）和小米9，哪个更漂亮？​", "author": "C科技", "time": "C科技02月14日17:01", "transmit": 8, "comment": 296, "zan": 133, "sentiment": [{"positive_prob": 0.310522, "confidence": 0.309952, "negative_prob": 0.689478, "sentiment": 0}]}, {"text": "【华为刊登整版广告，硬气回应新西兰5G禁令】2月14日消息，据外媒报道，新西兰情报机构以国家安全为由，禁止华为参与当地5G网络基础建设。华为近日刊登整版广告回应称，没有华为参与的5G，就像是没有新西兰队参与的橄榄球赛。不得不说，这个广告打到新西兰人民的心里去。因为橄榄球之于新西兰如同乒乓球之于中国，是一项绝对拿得出手的国民体育运动。华为通过这样的类比，让新西兰消费者侧面了解华为在5G建设上的实力。该广告还称，若没有华为，新西兰将错失最先进的5G技术，消费者将因高价格而蒙受损失。#华为新西兰硬核广告#", "author": "中国企业家杂志", "time": "中国企业家杂志02月14日22:15 来自微博weibo.com", "transmit": 21, "comment": 14, "zan": 78, "sentiment": [{"positive_prob": 0.0295079, "confidence": 0.934427, "negative_prob": 0.970492, "sentiment": 0}]}, {"text": "【美国打压计划恐落空德国也表态：无华为难5G】新加坡《联合早报》：德国政府各部会代表近日开会，已从国家安全、德中外交关系、中国市场潜力和建设进度等层面通盘考量，最终决定不排除使用华为的5G设备。从德国政府考量的几项因素中可以看出，一项重要的因素是市场商机的考量——O美打压计划恐落空这个欧洲国家也表态：无华为难5G", "author": "参考消息", "time": "参考消息02月14日14:15 来自微博weibo.com", "transmit": 29, "comment": 11, "zan": 85, "sentiment": [{"positive_prob": 0.955247, "confidence": 0.90055, "negative_prob": 0.0447525, "sentiment": 2}]}, {"text": "华为公司对中国高科技产业链的拉动作用实在太大，如果没有华为，中国高科技产业链几乎将全军覆没​", "author": "信通小熊猫", "time": "信通小熊猫02月14日13:51 来自微博HTML5版", "transmit": 11, "comment": 36, "zan": 55, "sentiment": [{"positive_prob": 0.785813, "confidence": 0.52403, "negative_prob": 0.214187, "sentiment": 2}]}, {"text": "最近几天聊天的感受：小米觉得自己快推出的东西牛逼、vivo觉得自己要拿出来的东西真牛逼、华为觉得自己马上要发布的旗舰够牛逼、一加觉得四舍五入已经发布的东西是板上钉钉的牛逼。​", "author": "馮偉文", "time": "馮偉文02月14日23:51 来自iPhone客户端", "transmit": 14, "comment": 59, "zan": 143, "sentiment": [{"positive_prob": 0.233922, "confidence": 0.480172, "negative_prob": 0.766078, "sentiment": 0}]}, {"text": "天帮忙、人争气！特朗普当局打压计划恐落空，德国决定：不排除用华为5G设备！德国考虑很实诚：报道说其已从国家安全、德中外交关系、中国市场潜力和建设进度等层面通盘考量，最后决定不排除使用华为的5G设备，但条件是要提升公共安全标准并加强信息安全。也就是说，如果听从美国莫须有乱黑的打压华为，那么会影响“德中关系、中国市场和5G建设进度”。我很早就说过，欧洲是有通信设备的，他们也要中国市场，如果学美国不要脸以安全为幌子行打压中国科技之实，那么一方面是欧洲设备也会被限制，另一方面德国有大量出口到中国产品也会吃不了兜着走。这一点就是最大的背景，叫天帮忙。最后是，欧洲在4G的移动互联网应用本来就落后，要是限制华为，那么5G继续落后，对德国也是不可承受之重。这点是华为技术上的人争气。据新加坡《联合早报》2月13日报道，德国是欧盟第一大国，此项宣示具有重大意义，也让以美国为首的“五眼联盟”（成员包括美国、澳大利亚、加拿大、新西兰、英国）相当错愕。不过，从德国政府考量的几项因素中可以进一步理解，任何政治上的算计与决策，最后仍然无法排除产业竞争与市场商机的现实考量。德国媒体《商报》的报道称，华为在电信设备与专利技术上，早就执世界牛耳，任何国家要在5G建设上排除华为，本来就有执行上的困难，若被迫一定不能采取特定厂商的产品与技术，当然也要冒着建设进度可能落后的风险。O美打压计划恐落空德国决定：不排除用华为5G设备", "author": "HW前HR", "time": "HW前HR02月14日08:05 来自HUAWEIMate20Pro", "transmit": 30, "comment": 58, "zan": 116, "sentiment": [{"positive_prob": 0.875628, "confidence": 0.723617, "negative_prob": 0.124372, "sentiment": 2}]}]