[{"text": "#反击贸易战#这几天，中美贸易战出现了一个新的动向，美国国内部分社会精英+专家学者+有影响力的媒体开始呼吁结束对华贸易战，反对加征高关税，有些半导体企业和IT业巨头甚至出面力挺华为，劝说政府放松管制，继续与华为开展正常业务往来，美国还暂停了在WTO对华知识产权的诉讼。今天，局座召忠WX公众号发表了一篇评论文章：《600家美企上书特朗普：劝其别再跟中国打贸易战，受不了了！》，大家可以去看看。中美贸易摩擦其实在前几任总统任内也时有发生，启动301调查，加征高关税，这些都是美国的老把戏。我记得每当中美贸易发生摩擦，两国关系紧张的时候，总会有一些在华美国企业+与中国贸易往来多的美国国内企业组织起来，游说国会和政府，最终总能解决问题，两国冰释前嫌，重归于好。堡垒最容易从内部攻破，外因是变化的条件，内因是变化的根据，外因只有通过内因才能发生变化。很希望美国国内企业和有识之士行动起来，规劝特朗普政府悬崖勒马，改邪归正，重回不冲突不对抗，相互尊重，合作共赢的轨道上来～", "author": "局座召忠", "time": "局座召忠06月15日19:21 来自华为Mate20保时捷设计", "transmit": 541, "comment": 1700, "zan": 12645, "sentiment": [{"positive_prob": 0.981036, "confidence": 0.957857, "negative_prob": 0.0189642, "sentiment": 2}]}, {"text": "【华为助力西班牙15城市启动商用5G网络】今天，电信运营商沃达丰在西班牙15个城市启动商用5G网络，华为是主要的设备供应商。西班牙当地华为用户表示，非常期待，华为的产品质量过硬。随着中美经贸摩擦升级，美国对华为进行打压，此举引起西班牙华为用户的强烈不满。西班牙经济学家表示，美国对华为的打压是搬起石头砸自己的脚。L央视新闻的秒拍视频", "author": "央视新闻", "time": "央视新闻06月15日09:41 来自微博weibo.com", "transmit": 718, "comment": 449, "zan": 5571, "sentiment": [{"positive_prob": 0.85185, "confidence": 0.670778, "negative_prob": 0.14815, "sentiment": 2}]}, {"text": "【西班牙今日启动商用5G网络，主要设备来自华为】英国跨国电信运营商沃达丰公司(Vodafone)将于15日在西班牙15个城市启动商用5G网络，成为西班牙市场第一个提供5G网络的运营商。法国广播公司14日报道称，沃达丰主要使用来自华为的网络设备，其首席执行官尼克雷德一直公开支持华为。西班牙也成为继瑞士、英国后，又一个开通5G商用网络的欧洲国家。O西班牙今日启动商用5G网络，主要设备来自华为", "author": "环球时报", "time": "环球时报06月15日10:10 来自微博weibo.com", "transmit": 347, "comment": 757, "zan": 17402, "sentiment": [{"positive_prob": 0.959963, "confidence": 0.911028, "negative_prob": 0.0400372, "sentiment": 2}]}, {"text": "点亮nova创意涂鸦，武汉必须拥有“姓名”！#华为nova5#系列新品发布会，6月21日武汉见！转评说说看，提到武汉，你最先想到的是____？​", "author": "华为终端官方微博", "time": "华为终端官方微博06月15日11:00 来自微博weibo.com", "transmit": 483, "comment": 853, "zan": 2776, "sentiment": [{"positive_prob": 0.834081, "confidence": 0.63129, "negative_prob": 0.165919, "sentiment": 2}]}, {"text": "【替代安卓？外媒称华为正在做准备】外媒称，中国电信设备巨头华为技术有限公司的一位高管6月13日称，公司正为“鸿蒙”操作系统的发布做准备，以取代美国的安卓系统。“目前来看华为有可能发布替代系统，”威廉森在墨西哥城说。“华为并不想这么做。我们非常愿意留在安卓大家庭当中，但鸿蒙系统的测试正在进行，主要是在中国。”O替代安卓？外媒称华为正在做准备", "author": "头条新闻", "time": "头条新闻06月15日22:01 来自微博weibo.com", "transmit": 309, "comment": 1206, "zan": 4478, "sentiment": [{"positive_prob": 0.577394, "confidence": 0.060875, "negative_prob": 0.422606, "sentiment": 2}]}, {"text": "托班毕业，奥斯卡迎来人生第一次毕业典礼。小父亲我哭的泪眼朦胧，以至于照片也朦胧了。（好吧，抓紧时间换华为P30）你怎么这么优秀？爱你吾儿​", "author": "主持人沈南", "time": "主持人沈南06月15日13:27 来自iPhone客户端", "transmit": 8, "comment": 238, "zan": 2831, "sentiment": [{"positive_prob": 0.828158, "confidence": 0.618129, "negative_prob": 0.171842, "sentiment": 2}]}, {"text": "【#图解手机土味营销#：靠这几招打败友商】今年上半年，国产手机品牌华为、小米、oppo、vivo等发布了不少新机型，据不完全统计，有40多部。而每发布一部新机，都少不了背后一系列的营销造势。早年，有一句话很流行：别看广告，看疗效。如今，各种手机的土味营销，就能让你多看上一会。O图解手机土味营销：靠这几招打败友商", "author": "新浪财经", "time": "新浪财经06月15日15:05 来自微博weibo.com", "transmit": 39, "comment": 124, "zan": 315, "sentiment": [{"positive_prob": 0.0541188, "confidence": 0.879736, "negative_prob": 0.945881, "sentiment": 0}]}, {"text": "【#西班牙今日启动商用5G网络#主要设备来自华为】全球著名电信运营商沃达丰近日宣布，将于15日在西班牙的15个城市启动商用5G网络，华为是主要的设备供应商。据报道，这15个城市包括马德里、巴塞罗那等，这将使得沃达丰成为西班牙市场第一个5G网络运营商，而华为是此次5G商用网络的核心供应商。@央视新闻L央视新闻的秒拍视频", "author": "财经网", "time": "财经网06月15日12:01 来自微博weibo.com", "transmit": 48, "comment": 33, "zan": 315, "sentiment": [{"positive_prob": 0.966549, "confidence": 0.925664, "negative_prob": 0.0334513, "sentiment": 2}]}, {"text": "【#华为助力西班牙15城启动5G网络#用户：产品质量过硬】今天，电信运营商沃达丰在西班牙15个城市启动商用5G网络，华为是主要的设备供应商。西班牙当地华为用户表示，非常期待，华为的产品质量过硬。随着中美经贸摩擦升级，美国对华为进行打压，此举引起西班牙华为用户的强烈不满。西班牙经济学家表示，美国对华为的打压是搬起石头砸自己的脚。O华为助力西班牙15城启动5G网络用户：产品质量过硬L央视新闻的秒拍视频", "author": "新浪财经", "time": "新浪财经06月15日10:25 来自微博weibo.com", "transmit": 100, "comment": 140, "zan": 741, "sentiment": [{"positive_prob": 0.906111, "confidence": 0.791357, "negative_prob": 0.0938895, "sentiment": 2}]}, {"text": "【西班牙今天开启5G，设备华为的！】#西班牙开启5G设备华为#英国跨国电信运营商沃达丰公司(Vodafone)将于15日在西班牙15个城市启动商用5G网络，成为西班牙市场第一个提供5G网络的运营商。法国广播公司14日报道称，沃达丰主要使用来自华为的网络设备，其首席执行官尼克雷德一直公开支持华为。西班牙也成为继瑞士、英国后，又一个开通5G商用网络的欧洲国家。而在已经开启5G商用网络的韩国，有媒体记者做了个测评。韩国《东亚日报》12日称，记者使用LG和三星两款手机在首尔多个人口密集场所对三大通信服务商的5G网络进行测评显示，LGU+的服务最为稳定。LGU+是三大通信服务商中唯一使用华为设备构建5G网络的企业。不过也有声音认为，LGU+首先集中建设了首都圈的5G网络，该测评不够全面。#西班牙启动商用5G网络#", "author": "环球网", "time": "环球网06月15日10:12", "transmit": 75, "comment": 55, "zan": 927, "sentiment": [{"positive_prob": 0.960034, "confidence": 0.911187, "negative_prob": 0.0399658, "sentiment": 2}]}, {"text": "华为的总部灯火通明一万人三班倒正在全力以赴搞新系统生态L但斌的微博视频​", "author": "义勇军--鬼谷子", "time": "义勇军--鬼谷子06月15日03:05 来自微博weibo.com", "transmit": 467, "comment": 710, "zan": 8560, "sentiment": [{"positive_prob": 0.601618, "confidence": 0.114708, "negative_prob": 0.398382, "sentiment": 2}]}, {"text": "【华为助力西班牙15城市启动商用5G网络】今天，电信运营商沃达丰在西班牙15个城市启动商用5G网络，华为是主要的设备供应商。西班牙当地华为用户表示，非常期待，华为的产品质量过硬。随着中美经贸摩擦升级，美国对华为进行打压，此举引起西班牙华为用户的强烈不满。西班牙经济学家表示，美国对华为的打压是搬起石头砸自己的脚。#华为助力西班牙启动商用5G#L央视新闻的秒拍视频", "author": "中国日报", "time": "中国日报06月15日11:10 来自微博weibo.com", "transmit": 19, "comment": 18, "zan": 236, "sentiment": [{"positive_prob": 0.900646, "confidence": 0.779212, "negative_prob": 0.0993543, "sentiment": 2}]}, {"text": "【华为助力西班牙15城市启动商用5G网络】今天，西班牙15个城市启动商用5G网络，华为是主要的设备供应商。西班牙当地华为用户表示，非常期待，华为产品质量过硬。美国对华为进行打压，此举引起西班牙华为用户强烈不满。西班牙经济学家表示，美国对华为的打压是搬起石头砸自己的脚！L央视新闻的秒拍视频​", "author": "紫光阁", "time": "紫光阁06月15日13:52 来自紫宝宝的Android", "transmit": 106, "comment": 77, "zan": 1228, "sentiment": [{"positive_prob": 0.864674, "confidence": 0.699275, "negative_prob": 0.135326, "sentiment": 2}]}, {"text": "【华为助力西班牙15城市启动商用5G网络】今天，电信运营商沃达丰在西班牙15个城市启动商用5G网络，华为是主要的设备供应商。西班牙当地华为用户表示，非常期待，华为的产品质量过硬。随着中美经贸摩擦升级，美国对华为进行打压，此举引起西班牙华为用户的强烈不满。西班牙经济学家表示，美国对华为的打压是搬起石头砸自己的脚。L央视新闻的秒拍视频@央视新闻", "author": "中国新闻周刊", "time": "中国新闻周刊06月15日10:40", "transmit": 27, "comment": 41, "zan": 198, "sentiment": [{"positive_prob": 0.847284, "confidence": 0.660631, "negative_prob": 0.152716, "sentiment": 2}]}, {"text": "5g示范城市建设部署时序江西果然没存在感#肉测5G##5g##华为接受英国议会质询#​", "author": "奇葩图鉴", "time": "奇葩图鉴06月15日00:05 来自沙雕的iPhoneX", "transmit": 176, "comment": 884, "zan": 3332, "sentiment": [{"positive_prob": 0.655834, "confidence": 0.235187, "negative_prob": 0.344166, "sentiment": 2}]}, {"text": "前些日子，华为要求Verizon支付10亿美元的专利费，消息曝光后，共和党参议员马可·卢比奥（MarcoRubio）在推特上转载新闻报道并评论称：“华为已经成为一个专利流氓。他们通过毫无根据的，代价高昂的专利索赔，进行报复美国的攻击。”当美国公司掌握专利时，他们说中国人“盗窃知识产权”；当中国公司掌握专利时，他们说中国公司是“专利流氓”。啧啧啧，某些人啊，双标玩儿得可真溜啊。", "author": "IT工程师", "time": "IT工程师06月15日16:29 来自微博weibo.com", "transmit": 341, "comment": 928, "zan": 5958, "sentiment": [{"positive_prob": 0.0609969, "confidence": 0.864451, "negative_prob": 0.939003, "sentiment": 0}]}, {"text": "#华为拒绝上市#【假如华为上市了，还能成为一家伟大的科技公司吗？资本的哪种禀性让任正非保持警惕？答案令人震惊】当今中国最令美国忌恨、令国人骄傲的科技公司——华为技术，是一家拒绝上市的公司，为了确保自己的远大理想不受资本的短期利益诉求所干扰，它坚决拒绝资本力量的过度介入，完全依靠自身的积累发展占据全球领先的地位，这个“异数”的成功之路不禁让人陷入“遐想”——假如华为像联想那样早早就上市了，它还会成为今天的华为吗？O假如华为上市了，还能成为一家伟大的科技公司吗？资本的哪种禀性让任正非保持警惕？答案令人震惊", "author": "每日经济新闻", "time": "每日经济新闻06月15日18:34 来自专业版微博", "transmit": 49, "comment": 30, "zan": 155, "sentiment": [{"positive_prob": 0.947813, "confidence": 0.88403, "negative_prob": 0.0521867, "sentiment": 2}]}, {"text": "易烊千玺#千玺在nova星等你#华为Nova5宣传片🎬||壁纸截修💕世间少年当如你❤️@TFBOYS-易烊千玺​", "author": "千玺是宝贝儿啊", "time": "千玺是宝贝儿啊06月15日11:23 来自易烊千玺超话", "transmit": 37, "comment": 25, "zan": 282, "sentiment": [{"positive_prob": 0.472071, "confidence": 0.441411, "negative_prob": 0.527929, "sentiment": 1}]}, {"text": "【年销售额预期少20亿美元！美国博通称受华为禁令影响】14日，苹果主要供应商之一、美国芯片制造商博通公司发布了一份震惊全球芯片制造业的预测报告，警告称半导体需求将普遍下滑，中美贸易摩擦以及美国方面5月针对华为的禁令，正在侵蚀整个芯片行业的商业信心。在报告发布的前一天13日，博通公布了截至5月5日的2019财年第二季度财务业绩，该公司净收入为55.17亿美元，持续经营业务的净利润为6.91亿美元，同比下降81%。受到美国政府针对华为禁令的影响，博通宣布下调2019财年的收入预期，从245亿美元减少到225亿美元。当天，博通总裁在与分析师的电话会议中指出，上一个财年中，来自华为的销售额为9亿美元左右，约占博通总营收的4.3%，但华为也是整个技术供应链的主要买家。13日，博通股票股价在纽约早盘交易中下跌10%，市值蒸发超过110亿美元。博通14日发布的半导体需求将普遍下滑的报告，也令美股芯片板块承压，周五美股小幅收跌，芯片类股集体下挫，博通领跌。此次，博通成为华为事件影响下首个对营收影响做出量化预估的大型芯片厂商。路透社分析指出，美国政府针对华为禁令的持续，正在引发一系列连锁反应，虽然不少美国半导体巨头来自华为的营收占比并不高，但是对半导体产业链的影响远远比营收损失更大。L央视财经的酷燃视频", "author": "央视财经", "time": "央视财经06月15日14:30 来自微博weibo.com", "transmit": 33, "comment": 16, "zan": 96, "sentiment": [{"positive_prob": 0.918598, "confidence": 0.819106, "negative_prob": 0.0814023, "sentiment": 2}]}, {"text": "#选择不凡#精进吧少年！学课程，完成任意一门@华为云微认证，就送荣耀手环。O网页链接L华为中国的微博视频​", "author": "华为中国", "time": "华为中国06月15日07:31", "transmit": 963, "comment": 74, "zan": 343, "sentiment": [{"positive_prob": 0.851625, "confidence": 0.670277, "negative_prob": 0.148375, "sentiment": 2}]}, {"text": "华为这位高管相当专业。【之前怼美媒的华为美国高管又来啦！这次是怼特朗普钟爱的福克斯】11日，前美国联邦检察官、前国土安全部员工、现华为美国公司首席安全官安迪•珀迪接受了福克斯商业频道的采访，对于所谓“华为威胁国家安全”、“设备存在后门”、“其他国家因更换代价大不想换设备”等问题给出了有理有力的回应。珀迪还说，很多美国的主要同盟都在抵抗他们，不仅仅是因为钱，还在于他们并没有发现任何重大的网络安全问题，美国大可就此进行调查，“我非常乐意安排”。#5G人才平均月薪14110元#@微丢L微丢的秒拍视频", "author": "科罗廖夫", "time": "科罗廖夫06月15日08:10 来自HUAWEIP20Pro", "transmit": 155, "comment": 102, "zan": 560, "sentiment": [{"positive_prob": 0.930021, "confidence": 0.84449, "negative_prob": 0.0699793, "sentiment": 2}]}, {"text": "服务员介绍，性价比高，其它品牌10000多，华为才4000多。华为没有坑，我相信！​", "author": "军粉姐姐V", "time": "军粉姐姐V06月15日21:03 来自nova4e3200W立体美颜", "transmit": 18, "comment": 7, "zan": 456, "sentiment": [{"positive_prob": 0.215239, "confidence": 0.52169, "negative_prob": 0.784761, "sentiment": 0}]}, {"text": "有着“黑色黄金”之称的煤是工业生产中的重要资源，但长期以来的开采过程却充满不可预知的危险。由华为与精英数智科技联手打造的“煤矿大脑”解决方案陆续在山西省各大煤矿展开部署，通过云、边、端一体化方式构建一个煤矿安全态势感知与信息共享体系化协同平台，守护煤矿安全生产O有AI的“煤矿大脑”，让平安随行L华为中国的秒拍视频", "author": "华为中国", "time": "华为中国06月15日08:00 来自微博weibo.com", "transmit": 56, "comment": 48, "zan": 492, "sentiment": [{"positive_prob": 0.867606, "confidence": 0.705792, "negative_prob": 0.132394, "sentiment": 2}]}, {"text": "【华为助力西班牙15城市启动商用5G网络】今天，电信运营商沃达丰在西班牙15个城市启动商用5G网络，华为是主要的设备供应商。西班牙当地华为用户表示，非常期待，华为的产品质量过硬。随着中美经贸摩擦升级，美国对华为进行打压，此举引起西班牙华为用户的强烈不满。西班牙经济学家表示，美国对华为的打压是搬起石头砸自己的脚。L央视新闻的秒拍视频", "author": "观察者网", "time": "观察者网06月15日10:00", "transmit": 45, "comment": 49, "zan": 561, "sentiment": [{"positive_prob": 0.85185, "confidence": 0.670778, "negative_prob": 0.14815, "sentiment": 2}]}, {"text": "分享：BBC纪录片：华为的创始人任正非！L【BBC纪录片】华为背后的男人​", "author": "凯恩斯", "time": "凯恩斯06月15日09:36 来自360安全浏览器", "transmit": 195, "comment": 10, "zan": 207, "sentiment": [{"positive_prob": 0.803718, "confidence": 0.563817, "negative_prob": 0.196282, "sentiment": 2}]}, {"text": "美国废了九牛二虎之力围堵华为5G，甚至不惜使用自残的手段，却依然无法阻止华为在全球5G布局中处于领先地位。让特朗普糟心的消息是，这边5G才刚刚布局，那边中国已经着手研发6G，预计在2030年开始商用。这可如何是好？5g时代中国的通信技术已经难以撼动，到了6G时代，不要说围堵，恐怕追赶都有困难吧。特朗普最大的失策，就是把中国人的血性给激发出来了。", "author": "陶永谊", "time": "陶永谊06月15日17:03 来自荣耀V10我AI的快", "transmit": 106, "comment": 232, "zan": 1364, "sentiment": [{"positive_prob": 0.0130694, "confidence": 0.970957, "negative_prob": 0.986931, "sentiment": 0}]}, {"text": "这是凌晨一点的华为！几乎没有一个灭灯的办公室。【搞笑】​", "author": "九品段子手", "time": "九品段子手06月15日06:30 来自微博weibo.com", "transmit": 34, "comment": 217, "zan": 1785, "sentiment": [{"positive_prob": 0.455379, "confidence": 0.107571, "negative_prob": 0.544621, "sentiment": 1}]}, {"text": "#阴阳师音乐剧#太惊喜了，剧情都串联了起来，场景变幻美如画，演员们是吃可爱长大的，然后通道座位的福利大家都知道的（划掉），反正血槽已空…最后环节还允许观众拍照！………当时就特别想要华为p30​", "author": "浮川", "time": "浮川06月15日00:39 来自iPhone客户端", "transmit": 21, "comment": 64, "zan": 1554, "sentiment": [{"positive_prob": 0.963617, "confidence": 0.919149, "negative_prob": 0.036383, "sentiment": 2}]}, {"text": "弟弟说他换的华为手机，请问这个是华为吗，为啥标志不一样，要是骗我，拍死他L笑到拔胸毛的微博视频​", "author": "笑到拔胸毛", "time": "笑到拔胸毛06月15日11:47", "transmit": 18, "comment": 131, "zan": 1405, "sentiment": [{"positive_prob": 0.112667, "confidence": 0.749629, "negative_prob": 0.887333, "sentiment": 0}]}, {"text": "【华为助力西班牙15城市启动商用5G网络】电信运营商沃达丰在西班牙15个城市启动商用5G网络，华为是主要的设备供应商。西班牙当地华为用户表示，非常期待，华为的产品质量过硬。@央视新闻L央视新闻的秒拍视频​", "author": "新浪科技", "time": "新浪科技06月15日10:44 来自专业版微博", "transmit": 15, "comment": 11, "zan": 64, "sentiment": [{"positive_prob": 0.883625, "confidence": 0.741389, "negative_prob": 0.116375, "sentiment": 2}]}]