[{"text": "从掀起黑白照风潮的P9系列，到人像摄影大师P10系列，再到徕卡AI三摄的P20系列，华为P系列一直在手机摄影艺术的道路上不断突破，3月26日法国巴黎，#华为P30#系列定不负大家期待！你用过哪款华为P系列手机？来晒晒最得意的作品吧​", "author": "余承东", "time": "余承东03月22日19:49 来自华为Mate20保时捷设计", "transmit": 283, "comment": 2178, "zan": 2707, "sentiment": [{"positive_prob": 0.969206, "confidence": 0.93157, "negative_prob": 0.0307936, "sentiment": 2}]}, {"text": "华为#DigiX数字生活节#重庆站如火如荼地进行中，潮酷又好玩的DigiX数字生活实验室今天精彩继续，快来渝中区时代天街C馆UG层中庭打卡体验吧。戳视频，一起一探究竟！关注+转发，抽送华为运动手环一只～L华为终端云服务的微博视频​", "author": "华为终端云服务", "time": "华为终端云服务03月22日19:52 来自HUAWEIMate20Pro", "transmit": 3933, "comment": 180, "zan": 307, "sentiment": [{"positive_prob": 0.971486, "confidence": 0.936636, "negative_prob": 0.028514, "sentiment": 2}]}, {"text": "芯片只要找个由头就可以做，因为费城半导体指数嚓嚓嚓上来，又高了。另外，华为这个摄像头私信和我讨论的比较多，我说一下我的看法。首先，强调的是两个摄像头。那么固然有一个是高清摄像头。但你又不是手机，你是固定摆放的电视上的摄像头对吧，所以和手机的还是不一样。要智能化，如果能“体感+语音”唤醒，那么最好。比如体感监测客厅里完全没有人，那休眠好了。体感有人了，那么在待机状态。语音叫你开机，你可以立刻开机。诸如此类。这个体感功能很简单的，电子猫眼早就用了，摄像头后面加个小模组就行，造价也很便宜。所以噱头应该还不在这。从场景看，客厅是很多人的对不对，那么需要有一个摄像头来锁定当中一个人，尤其在交付的时候。通过头像识别+语音识别，然后在谁说话锁定谁，谁跳舞锁定谁，锁定谁，就给谁画面，就好像春晚好几个摄像机切换镜头那样。大家问这有什么用？春节时，两家人互相拜年，就很好用了对不对？要秀小孩才艺时，就很好用了对不对。所以，我判断有一个摄像头，有追踪功能。大家说光有摄像头不行啊，这个功能没那么简单。这是华为造的，不是小米造。后面是海思，AI芯片搞个现场识别还是没问题的。华为从全连接大会开始，就要搞1+8了。手机出来后平板和笔记本都在市场增量有限的行业背景下，迅速扩大份额，电视也不会例外。讲到小米也扯一下，华为这个电视出来，小米绝对吃瘪。同样智能的，华为可以比小米便宜。同样价格的，华为可以比小米智能。小米和京东比，是个高科技企业。和华为比，就是电商。米粉不高兴归不高兴，但认识到是降维打击，可能会有助于接受事实。不抬杠哈。", "author": "唐史主任司马迁", "time": "唐史主任司马迁03月22日08:12 来自360安全浏览器", "transmit": 195, "comment": 166, "zan": 1105, "sentiment": [{"positive_prob": 0.3036, "confidence": 0.325334, "negative_prob": 0.6964, "sentiment": 0}]}, {"text": "77，投稿，这是一篇华为手机浏览器上的推送。简直让人不知道说什么，下面的评论简直无语！—————————————————————《男生是艾滋病的“主力军”？遇到这\"3类女生”，女神也别有想法》这个题目咋一看都会觉得很迷，明明男性得病的多，为啥还给女性分类玩？？其实这里面的原理很简单，因为这个作者是男性，而他默认的观众也是男性，所以才会有男性是艾滋主力，却敌视女性的神奇思路。这里就没有女性的事儿，人家是男人之间的对话。我这儿就不一样了，我才不会做给男人分类这么失礼的事呢，我只对女孩子们说一句话，“男人是艾滋病的主力军——远离男人”。", "author": "果子狸7777", "time": "果子狸777703月22日19:38", "transmit": 188, "comment": 82, "zan": 191, "sentiment": [{"positive_prob": 0.0289515, "confidence": 0.935663, "negative_prob": 0.971048, "sentiment": 0}]}, {"text": "华为P系列不断探索美学与科技结合的最佳方式，从P9徕卡双摄经典黑白，到P10人像摄影大师，再到P20徕卡AI三摄，3月26日在法国巴黎，P系列又会带来怎样的惊喜？让我们一起拭目以待！#RewriteTheRules#​", "author": "华为手机", "time": "华为手机03月22日12:02 来自微博weibo.com", "transmit": 39, "comment": 208, "zan": 576, "sentiment": [{"positive_prob": 0.972536, "confidence": 0.938969, "negative_prob": 0.0274639, "sentiment": 2}]}, {"text": "画幅不够大？只怕场面不够大！3月26日，#华为P30#让视野大不同。L华为终端官方微博的秒拍视频​", "author": "华为终端官方微博", "time": "华为终端官方微博03月22日16:01 来自秒拍网页版", "transmit": 68, "comment": 307, "zan": 773, "sentiment": [{"positive_prob": 0.131304, "confidence": 0.708214, "negative_prob": 0.868696, "sentiment": 0}]}, {"text": "#你真的认识璧山吗#当你在高空俯瞰这片朝夕相处的大地时，再熟悉不过的景象也会变了模样上帝视角带你俯瞰璧山，每一幕都无比惊艳转发评论【你眼中的璧山】并关注@重庆龙湖且@三位好友，将在3月27日抽取5位盆友送出50元加油卡，1位幸运鹅送出华为P20一部L重庆龙湖的微博视频​", "author": "重庆龙湖", "time": "重庆龙湖03月22日16:22 来自专业版微博", "transmit": 3279, "comment": 2684, "zan": 826, "sentiment": [{"positive_prob": 0.960758, "confidence": 0.912795, "negative_prob": 0.0392421, "sentiment": 2}]}, {"text": "中华有为，华为真机，不是有钱就能拥有的L笑到拔胸毛的微博视频​", "author": "笑到拔胸毛", "time": "笑到拔胸毛03月22日09:17 来自微博视频", "transmit": 87, "comment": 127, "zan": 664, "sentiment": [{"positive_prob": 0.682696, "confidence": 0.294879, "negative_prob": 0.317304, "sentiment": 2}]}, {"text": "怎么拍都一样？你拍就不一样！3月26日，#华为P30#世界随心而动。L华为终端官方微博的秒拍视频​", "author": "华为终端官方微博", "time": "华为终端官方微博03月22日10:02 来自秒拍网页版", "transmit": 74, "comment": 234, "zan": 680, "sentiment": [{"positive_prob": 0.586219, "confidence": 0.0804865, "negative_prob": 0.413781, "sentiment": 2}]}, {"text": "如果挪威决定不再使用华为设备，那么现有的所有4G网络基站都必须拆除重建，这将给挪威的5G网络建设带来巨大的额外成本。挪威拥有1.4万个华为基站，拆除一个旧的华为基站并建立一个新的诺基亚或爱立信基站的成本是60万挪威克朗，约合70500美元......O美国抵制华为，凭什么要我们欧洲来买单？​", "author": "观察者网", "time": "观察者网03月22日13:43 来自微博weibo.com", "transmit": 89, "comment": 127, "zan": 274, "sentiment": [{"positive_prob": 0.126759, "confidence": 0.718312, "negative_prob": 0.873241, "sentiment": 0}]}, {"text": "从P9经典徕卡双摄黑白摄影、P10更专业的人像摄影，到P20更智能的徕卡三摄AI摄影，华为P系列一直坚持聚焦移动影像，在技术上追求不断革新的产品理念。3月26日法国巴黎，一起期待#华为P30#在摄影上的再次突破！​", "author": "华为何刚", "time": "华为何刚03月22日11:13 来自HUAWEIMate20Pro", "transmit": 27, "comment": 170, "zan": 300, "sentiment": [{"positive_prob": 0.993308, "confidence": 0.985128, "negative_prob": 0.00669229, "sentiment": 2}]}, {"text": "【华为官网揭秘P30Pro】距离华为发布会还有几天时间，泄密也越来越多。这次消息来自华为海外官网，P30Pro的10倍变焦带来了一项名为Dual-ViewVideo的功能，在录制视频时，两颗摄像头可同时工作，分别录制正常画面和10倍变焦画面。（图二中的右半部分）O华为官网揭秘P30Pro详细信息10倍变焦还能这么玩？​", "author": "新浪手机", "time": "新浪手机03月22日13:51 来自微博weibo.com", "transmit": 56, "comment": 193, "zan": 113, "sentiment": [{"positive_prob": 0.649714, "confidence": 0.221588, "negative_prob": 0.350286, "sentiment": 2}]}, {"text": "天气一天暖似一天日子一寸一寸的都有意思摄影：@一只叫勇敢的猫设备:华为P10APP:Palettenara#Hello三月##遇见春光#​", "author": "手机摄影", "time": "手机摄影03月22日08:43 来自Android", "transmit": 9, "comment": 9, "zan": 71, "sentiment": [{"positive_prob": 0.908875, "confidence": 0.7975, "negative_prob": 0.091125, "sentiment": 2}]}, {"text": "不吹不黑，华为P30Pro应该是2019年最值得期待的安卓旗舰了吧！​​​", "author": "小表哥PRO", "time": "小表哥PRO03月22日14:20 来自小米9", "transmit": 6, "comment": 357, "zan": 208, "sentiment": [{"positive_prob": 0.352656, "confidence": 0.21632, "negative_prob": 0.647344, "sentiment": 0}]}, {"text": "【打脸美国！这次，欧洲“空前团结”】彭博社：去年夏天，特朗普政府发起了一场攻势，试图说服欧洲盟国在电信网络中禁用中国华为技术有限公司的设备。不过到目前为止，并没有任何一个欧洲国家禁用华为。由于欧洲并没有发布禁令，华为正在争取建设5G电信网络的合同。欧洲领导人希望这种超高速无线技术能够推动其数据经济的增长。O打脸美国！这次，欧洲“空前团结”——", "author": "参考消息", "time": "参考消息03月22日10:41 来自微博weibo.com", "transmit": 42, "comment": 26, "zan": 120, "sentiment": [{"positive_prob": 0.967061, "confidence": 0.926803, "negative_prob": 0.0329386, "sentiment": 2}]}, {"text": "林志炫今晚华为年会🎊燃情时刻🎉@林志炫TerryLin燃爆现场​", "author": "林志炫全球知音会", "time": "林志炫全球知音会03月22日22:55 来自林志炫超话", "transmit": 27, "comment": 52, "zan": 173, "sentiment": [{"positive_prob": 0.710412, "confidence": 0.356471, "negative_prob": 0.289588, "sentiment": 2}]}, {"text": "华为电视是8K？这会不会刮一阵8K的风？​", "author": "城城AI", "time": "城城AI03月22日17:04 来自iPhoneX", "transmit": 16, "comment": 105, "zan": 281, "sentiment": [{"positive_prob": 0.163923, "confidence": 0.635727, "negative_prob": 0.836077, "sentiment": 0}]}, {"text": "李健如果你们觉得好那除了感谢华为还要感谢我淡定不手抖dei不dei?不止是李健演唱会广州站Lblueblue_o_0的秒拍视频​", "author": "blueblue_o_0", "time": "blueblue_o_003月22日22:46 来自李健超话", "transmit": 45, "comment": 36, "zan": 136, "sentiment": [{"positive_prob": 0.865465, "confidence": 0.701033, "negative_prob": 0.134535, "sentiment": 2}]}, {"text": "胡歌真是个严谨的代言人：我现在可能只能签华为了！哈哈哈哈L制杖妹的秒拍视频​", "author": "制杖妹", "time": "制杖妹03月22日19:21 来自微博视频", "transmit": 22, "comment": 35, "zan": 399, "sentiment": [{"positive_prob": 0.675188, "confidence": 0.278196, "negative_prob": 0.324812, "sentiment": 2}]}, {"text": "【非洲，上千万中国人正在淘金】在非洲，我看到的中国品牌并不多，只有”安踏，名创，传音，小米，华为，联想，vivo，OPPO，美的“这些，也就说我们的品牌输出依然非常弱，在化妆品、日化、首饰、等品类可以说是全面阵亡。而超市里，我看到整排整排全是知名国际品牌的产品，“联合利华，宝洁，雀巢，卡夫“等等。那一刻我感受到了巨大的差距，而国内媒体还在意淫嘲笑宝洁，殊不知人家的全球竞争力依然是遥遥领先的。中国企业出海是大势所趋，但依然任重道远。只有长期不懈的努力，才是中国崛起的核心动力。O非洲，上千万中国人正在淘金", "author": "新财富杂志", "time": "新财富杂志03月22日18:35 来自微博weibo.com", "transmit": 37, "comment": 20, "zan": 38, "sentiment": [{"positive_prob": 0.803034, "confidence": 0.562298, "negative_prob": 0.196966, "sentiment": 2}]}, {"text": "华为P30系列发布之际，回顾一下P系列的发展史！从名不见经传、默默无闻，到手机行业弄潮儿享誉世界的拍照机皇…中间经历了太多故事，从华为P1、P2、P6、P7、P8到P9、P10、P20、以及即将发布的华为P30，从坎坷、探索到创新、绽放。基本涵盖华为终端和余承东的奋斗史，以及国产手机奋斗史！也凝结了太多P系列老用户的集体记忆，回顾一下感慨颇多", "author": "宋敬亭", "time": "宋敬亭03月22日09:21 来自HONORAndroid", "transmit": 10, "comment": 86, "zan": 62, "sentiment": [{"positive_prob": 0.974861, "confidence": 0.944135, "negative_prob": 0.0251391, "sentiment": 2}]}, {"text": "#排球影院#【郎平：在激情岁月中不断实现自我和团队超越】昨天，“华为中国生态伙伴大会2019”在福州拉开帷幕，大会以“因聚而生·智能进化”为主题。中国女排主教练郎平作为特邀嘉宾以《在激情岁月中不断实现自我和团队超越》为题，在上午的主题演讲环节和大会进行了分享。她表示，时代在变，世界排球的格局在变，同时技战术也在不断发展，中国女排一直在此过程中以变应变，实现成长与突破，重要的是团队合作精神、不断创新迎接挑战。来看完整视频。L今日排球的微博视频", "author": "今日排球", "time": "今日排球03月22日08:32 来自微博weibo.com", "transmit": 39, "comment": 10, "zan": 117, "sentiment": [{"positive_prob": 0.985404, "confidence": 0.967564, "negative_prob": 0.0145964, "sentiment": 2}]}, {"text": "妙趣横生，让你的世界“鲜活”起来！3月26日法国巴黎，#华为P30#畅享趣味新活力。#RewriteTheRules#L华为终端官方微博的秒拍视频​", "author": "华为手机", "time": "华为手机03月22日10:24 来自微博weibo.com", "transmit": 22, "comment": 129, "zan": 424, "sentiment": [{"positive_prob": 0.866948, "confidence": 0.70433, "negative_prob": 0.133052, "sentiment": 2}]}, {"text": "朴宝剑虽然可以在站姐们高清镜头下午尽情欣赏神颜，但总还是期望自己可以留下亲手拍摄的独有回忆。所以特别隆重介绍华为mate20Pro，真的可以拉近拉近遥远的距离（当然可能只是大屏幕）cr：我​", "author": "民呐风信子", "time": "民呐风信子03月22日07:41 来自朴宝剑超话", "transmit": 9, "comment": 52, "zan": 81, "sentiment": [{"positive_prob": 0.975975, "confidence": 0.946611, "negative_prob": 0.0240252, "sentiment": 2}]}, {"text": "会玩密室逃脱不？四位爱用nova4e自拍的小哥哥小姐姐被困在了密室！今晚八点戳右O网页链接在线帮他们逃脱！转发，揪5个美少年送华为小天鹅音箱​", "author": "京东手机通讯", "time": "京东手机通讯03月22日17:39 来自微博weibo.com", "transmit": 637, "comment": 297, "zan": 221, "sentiment": [{"positive_prob": 0.833269, "confidence": 0.629486, "negative_prob": 0.166731, "sentiment": 2}]}, {"text": "华为P30Pro真机，打几分？​", "author": "C科技", "time": "C科技03月22日18:05", "transmit": 7, "comment": 161, "zan": 136, "sentiment": [{"positive_prob": 0.339252, "confidence": 0.246106, "negative_prob": 0.660748, "sentiment": 0}]}, {"text": "华为也有后赶苹果的清水套了。​", "author": "贰手艺术家", "time": "贰手艺术家03月22日16:34 来自HUAWEIMate20Pro", "transmit": 65, "comment": 688, "zan": 904, "sentiment": [{"positive_prob": 0.594159, "confidence": 0.0981319, "negative_prob": 0.405841, "sentiment": 2}]}, {"text": "今天重点观察成交量能否有效放大，主线依旧是一带一路+创投、广电系（超清视频）国际实业等作为情绪标杆观察即可、需要观察第一小时成交量能否达到1800亿，短期进入高位震荡区间、降低风险偏好、不宜追高接力高位板、皮皮计划继续折腾一带一路、观察超清视频的持续性（华为4K电视下周发布）。Ps：点赞今日大赚、转发账户长红", "author": "lesliesay", "time": "lesliesay03月22日08:45 来自iPhoneX", "transmit": 161, "comment": 29, "zan": 150, "sentiment": [{"positive_prob": 0.954671, "confidence": 0.899268, "negative_prob": 0.0453294, "sentiment": 2}]}, {"text": "#遇见西南医科大的时光#这段时间华为可谓是闹得沸沸扬扬，继华为5G宣布试用之后，又一款神机即将问世，没错就是华为发布会上亮相的首款折叠手机。小伙伴们觉得新机颜值怎么样呢？有没有心动了呢？@共青团西南医科大学委员会微博​", "author": "西南医科大学药学院", "time": "西南医科大学药学院03月22日07:15 来自OPPOR15x", "transmit": 70, "comment": 64, "zan": 49, "sentiment": [{"positive_prob": 0.957504, "confidence": 0.905564, "negative_prob": 0.0424961, "sentiment": 2}]}, {"text": "#对TA说晚安#如果时光机能穿梭回到过去，你对10年前的自己有什么人生建议？转评聊聊，小云将随机抽一位送出华为耳机。​", "author": "华为终端云服务", "time": "华为终端云服务03月22日22:00 来自微博weibo.com", "transmit": 215, "comment": 313, "zan": 145, "sentiment": [{"positive_prob": 0.910216, "confidence": 0.80048, "negative_prob": 0.0897842, "sentiment": 2}]}]