[{"text": "跟随#华为视频#来到HuaweiMate30x华为视频光影鉴赏会，和武汉大学的大宝贝们关于影像艺术做了一番交流。感叹于科技的魅力，特别是用Mate30拍摄的微电影《你的样子》，够有料推荐用华为手机的朋友可以用手机自带的华为视频来追剧看综艺，一个APP能看遍芒果TV、优酷、腾讯视频的海量内容，体验很好。", "author": "刘哔电影", "time": "刘哔电影2019年12月08日13:00 来自微博weibo.com", "transmit": 15459, "comment": 6553, "zan": 34414, "sentiment": [{"positive_prob": 0.99999, "confidence": 0.999978, "negative_prob": 9.8035e-06, "sentiment": 2}]}, {"text": "#华为#【华为手机照相功能再强，也未能照清人心……】华为前员工李洪元251事件，引发舆论热议，已持续一周多，随着客观理性的声音越来越多，网民的情绪逐渐回归理性，“法律的问题用法律解决”成为很多人的共识，这也是石锤哥赞同的观点。同时石锤哥认为，喧嚣过后，我们更应该好好梳理整个事件中的人和事。这样，我们既可以看到“众生相”，也能够反思在舆情中，每个人在扮演着怎样的角色……详戳：O华为手机照相功能再强，也未能照清人心……", "author": "来点石锤", "time": "来点石锤2019年12月08日00:25 来自微博weibo.com", "transmit": 21365, "comment": 518, "zan": 1298, "sentiment": [{"positive_prob": 0.546615, "confidence": 0.0677037, "negative_prob": 0.453385, "sentiment": 1}]}, {"text": "昨天游乐在华为音乐#肆fun新声#校园音乐节济南站！同学们超热情～没想到爱吃的金牛座在台上求吃喝玩乐推荐之后真的有很多小可爱在微博给我推荐美食🤣感谢大家的支持～憙欢我的演出吗毕竟第一次见面演出前的分享聊天部分其实也是我很爱的～很少机会那么近距离看到大家。新专辑发布之后应该还是有机会的～同学们学习加油，游乐存在！@山东卫视@荣耀手机@花粉俱乐部陈明憙", "author": "陳明憙jocelyn", "time": "陳明憙jocelyn2019年12月08日20:20 来自陈明憙超话", "transmit": 510, "comment": 525, "zan": 1684, "sentiment": [{"positive_prob": 0.999926, "confidence": 0.999835, "negative_prob": 7.43939e-05, "sentiment": 2}]}, {"text": "这就是高通在中国手机产业链上的地位！假如没有华为自主研发的麒麟处理器，那么所有手机厂商就都要采用高通了，中美毛衣战如果老美限制了高通处理器出口中国，那么数万亿规模的中国手机产业链将遭受灭顶之灾，大量企业倒闭，工人下岗，以后人们只能高价买苹果三星了。华为以一己之力捍卫了中国信息产业的安全，这就是华为绝对不能倒下的原因之一。当年华为不计成本地研发自己的芯片，正如任正非所讲：我的东西可以不够好，但在别人不卖给我们所需的部件的时候，我们自己的东西至少还可以拿来用，不至于休克。", "author": "中国IT杂谈", "time": "中国IT杂谈2019年12月08日07:43 来自科技自媒体Android", "transmit": 223, "comment": 1156, "zan": 3216, "sentiment": [{"positive_prob": 0.0255738, "confidence": 0.943169, "negative_prob": 0.974426, "sentiment": 0}]}, {"text": "华为商城线下粉丝活动每个小组带着抽到的打卡任务，坐上小火车去浏览欧洲小镇啦！今天天气超好蓝天白云，冬日暖阳，粉丝们拍出的照片也很棒！让华仔不停盗图【关+转评】说说你听说过的华为欧洲小镇，抽荣耀魔方音响一个~​", "author": "华为商城", "time": "华为商城2019年12月08日15:26 来自微博weibo.com", "transmit": 327, "comment": 294, "zan": 207, "sentiment": [{"positive_prob": 0.999875, "confidence": 0.999723, "negative_prob": 0.000124834, "sentiment": 2}]}, {"text": "发布了头条文章：《低吸富一生》财经每日必读#微博赚钱季#周五华为/科技（穿戴智能）+股权/公告+游戏/影视最强，新能源汽车（胎压监测）剩龙头独立成妖，次新+区块链+ETC等板块反复，主板缩量上涨（预设明日冲高回落，注意观察成交量能否有效放大）强势股接力的亏钱效应减缓，明日万通智控，南宁百货，漫步者等作为情绪标杆观察，空间板高度到6板，首板数量增加，明日强势股接力赚钱效应大概率会维持热度，但存量博弈高先手为王，规避三板以上的强势股接力，风险偏好高的同学可以选择首板/反包板或者1进2进3的涨停板套利，成交量能决定反弹高度，最优策略是高低切换低吸主线板块人气股和超跌中小创板块等轮动补涨，低吸富一生。Ps:关注第一家重组的华兴源创能否成为科创板新标杆。O低吸富一生", "author": "lesliesay", "time": "lesliesay2019年12月08日10:59 来自微博weibo.com", "transmit": 428, "comment": 171, "zan": 572, "sentiment": [{"positive_prob": 0.639721, "confidence": 0.19938, "negative_prob": 0.360279, "sentiment": 2}]}, {"text": "刚买了华为魅特30Pro，6000块钱出头。此刻正在华为客户服务中心，拟将华为魅特20里边的信息倒到华为魅特30Pro里边，手机里存的东西太多了，有160多个G，两部手机并放，通过手机克隆即可实现。不用上云，不用借助计算机，也不用导线，热点和蓝牙功能两项并举，分分钟搞定，简直太神奇了。​", "author": "司马南", "time": "司马南2019年12月08日10:34 来自华为手机", "transmit": 24, "comment": 128, "zan": 411, "sentiment": [{"positive_prob": 0.999716, "confidence": 0.999368, "negative_prob": 0.000284195, "sentiment": 2}]}, {"text": "寰宇昨天讲华为这一段L台湾傻事的微博视频​", "author": "台湾傻事", "time": "台湾傻事2019年12月08日09:10 来自微博weibo.com", "transmit": 103, "comment": 117, "zan": 1118, "sentiment": [{"positive_prob": 0.554753, "confidence": 0.0105622, "negative_prob": 0.445247, "sentiment": 2}]}, {"text": "探店攻略｜打卡限时三天的奇幻快闪店想像力与梦幻的动心碰撞，就在#华为视频#的深圳站快闪体验（华为全球旗舰店·深圳万象天地）！从色彩浪漫的巨幅纸雕海底奇景，到芭蕾女伶优雅投影一同旋转的温柔共舞；抬头观赏星落般的灯球点亮整个视野，低头邂逅超科技格调的机器人闪亮穿梭……随意自拍美上天，还有好多小游戏和小奖品！一共只开三天哦，在深圳的宝宝千万别错过～今夜这个奇遇舞台的主角正是满载精品影视综艺等节目内容的华为视频——属于华为和荣耀用户的专享福利，一个APP看遍芒果TV、优酷、腾讯视频内容，管它什么热剧全都自由看哦！金牛座的喜悦就是无敌省心又省钱，不用说了以后就看它啦！#花式种草##深圳旅行#【粉丝福利】转评赞本条再抽三个宝宝每人送一张月卡加一份伴手礼哦！快来试试手气，啾咪", "author": "Claire小爱", "time": "Claire小爱2019年12月08日14:00 来自微博weibo.com", "transmit": 3369, "comment": 5611, "zan": 8801, "sentiment": [{"positive_prob": 0.999991, "confidence": 0.99998, "negative_prob": 8.85356e-06, "sentiment": 2}]}, {"text": "【张小影：实体经济在任何时候都是中国最重要的根基】经济日报社社长兼总编辑张小影在#中国企业领袖年会#上表示，在中国实体经济任何时候都是最重要的根基，企业家只有心无旁鹜地创新、创造，踏踏实实地抓好转型升级，像华为任正非先生所说的那样“几十年对准一个城墙口去冲锋，最终才能够在自己的领域里登上世界的巅峰”。O张小影：实体经济在任何时候都是中国最重要的根基L新浪财经的微博视频", "author": "新浪财经", "time": "新浪财经2019年12月08日12:25 来自微博云剪", "transmit": 33, "comment": 9, "zan": 127, "sentiment": [{"positive_prob": 0.999433, "confidence": 0.998739, "negative_prob": 0.000567543, "sentiment": 2}]}, {"text": "金一南给华为高管讲队伍的灵魂与血性#冷战#L武力统一的微博视频​", "author": "武力统一", "time": "武力统一2019年12月08日19:49 来自武统超话", "transmit": 282, "comment": 14, "zan": 238, "sentiment": [{"positive_prob": 0.994491, "confidence": 0.987757, "negative_prob": 0.00550923, "sentiment": 2}]}, {"text": "听歌打电话降噪智能语音助手防晒凹造型显脸小……#GENTLEMONSTER华为智能眼镜#你知道的太多了。​", "author": "华为终端官方微博", "time": "华为终端官方微博2019年12月08日11:00 来自微博weibo.com", "transmit": 38, "comment": 132, "zan": 468, "sentiment": [{"positive_prob": 0.996441, "confidence": 0.992092, "negative_prob": 0.00355863, "sentiment": 2}]}, {"text": "司机师傅特别喜欢手机，跟我聊，你说华为那个折叠屏卖一万六还抢不到…这么贵的手机大家还抢的这么疯狂…我这个iPhoneX还是刚出那会花八千多买的呢。我说，是啊，iPhoneX之前哪想到过一个手机卖八九千啊…iPhoneX的出现在某种程度真的改变了用户对手机定价的理解。之前一台手机五六千，X出来之后直接怼到一万块。苹果发布iPhoneX那天，我记得我在北京演播室和王乔老师和李享老师边看发布会边聊天，售价出来之后我们就算了一下，应该是八九千一台。当时我说这个价格太贵了，今年可能先不换了。八九千一台手机啊！然后11月4日我预约了西单店线下的iPhoneX256GB版本，还入了AppleCare+L钟文泽并不胖的秒拍视频", "author": "钟文泽", "time": "钟文泽2019年12月08日10:03 来自普通家庭iPhone11Pro", "transmit": 52, "comment": 175, "zan": 1610, "sentiment": [{"positive_prob": 0.428576, "confidence": 0.0476095, "negative_prob": 0.571424, "sentiment": 0}]}, {"text": "#华为nova6#5G来咯！12月5日，中国人民大学校媒记者受邀参加华为nova6发布会，亲临现场体验5G，感受科技的魅力。小互动，5G时代，你的校园生活场景将发生怎样的变化？​", "author": "中国人民大学", "time": "中国人民大学2019年12月08日08:50", "transmit": 20, "comment": 26, "zan": 255, "sentiment": [{"positive_prob": 0.999164, "confidence": 0.998143, "negative_prob": 0.000835782, "sentiment": 2}]}, {"text": "看我等行李的时候发现了什么！！！华为不愧是霸霸！！！2绍兴·杭州萧山机场​", "author": "Ver宸宸", "time": "Ver宸宸2019年12月08日09:58 来自Ver宸宸Android", "transmit": 8, "comment": 23, "zan": 457, "sentiment": [{"positive_prob": 0.991406, "confidence": 0.980902, "negative_prob": 0.00859418, "sentiment": 2}]}, {"text": "王北车✖️#肆fun新声#济南站久违的济南，依旧热情满满.感谢#华为音乐#的邀请.让我们相遇在这个美丽的城市.P.S据说昨晚车Boss@王北车开心到现场路透了新歌，你们有听到吗？👔：@Beautyberry王玉涛工作室✂️：@昊xHao​", "author": "王北车工作室", "time": "王北车工作室2019年12月08日10:44 来自王北车超话", "transmit": 31, "comment": 155, "zan": 233, "sentiment": [{"positive_prob": 0.99978, "confidence": 0.999511, "negative_prob": 0.000220017, "sentiment": 2}]}, {"text": "看看这图，如果没有华为麒麟芯，我们所有手机厂其实都已经被大厂控制，不听话断你芯片，分分钟可以搞死你，根本没有活路，难怪某些人会不遗余力的打击华为。大家醒醒吧，只有自己有的才能不惧风雨，傲立在这个世界。#华为##手机#​", "author": "股市女人", "time": "股市女人2019年12月08日21:54", "transmit": 54, "comment": 631, "zan": 1535, "sentiment": [{"positive_prob": 0.00680284, "confidence": 0.984883, "negative_prob": 0.993197, "sentiment": 0}]}, {"text": "【三季度全球高端手机市场数据出炉，苹果第一，三星、华为分列二三】据市场调研机构counterpointresearch最新报告显示，今年第三季度全球高端智能手机市场中，苹果市场份额达到52%，三星和华为紧随其后，市场份额分别为25%和12%。目前来看，苹果在高端机市场这一领域还是非常稳，华为由于欧洲市场以及北美市场的不可抗力因素，暂时无力获取更多份额。那么如果给你6000的预算，你会选择iPhone还是三星抑或是华为呢？那么如果给你6000的预算，你会选择？", "author": "知未科技", "time": "知未科技2019年12月08日22:37 来自微博weibo.com", "transmit": 11, "comment": 49, "zan": 3047, "sentiment": [{"positive_prob": 0.892335, "confidence": 0.760743, "negative_prob": 0.107665, "sentiment": 2}]}, {"text": "#张靓颖造型#华语天后，华为花了八千万买下这首歌的版权，值！你最喜欢张靓颖的哪首歌呢，评论区走你～L仙娱的微博视频​", "author": "仙娱", "time": "仙娱2019年12月08日18:35 来自iPhone8", "transmit": 620, "comment": 107, "zan": 2054, "sentiment": [{"positive_prob": 0.999917, "confidence": 0.999815, "negative_prob": 8.34873e-05, "sentiment": 2}]}, {"text": "肚子饿，想吃粉蒸排骨逛淘宝，收藏了好几件衣服看微信，袋袋的公益活动又敲定了新项目等待着，华为手机壳打样的结果楼爸说，1月17号回来本月底，期盼楼楼姐姐能来跨年楠小楠，她说要买罐罐给孩子们体会着欲望与期待，这才是活着的感觉啊​", "author": "2楼哎呦喂多多", "time": "2楼哎呦喂多多2019年12月08日01:21 来自🌸iPhoneXR", "transmit": 8, "comment": 104, "zan": 926, "sentiment": [{"positive_prob": 0.958649, "confidence": 0.908108, "negative_prob": 0.0413514, "sentiment": 2}]}, {"text": "叮，超喜欢的翡冷翠#华为nova5#z，搭载麒麟810芯片，颜值太戳我的心，喜欢的就快上手～​", "author": "拔草小公举", "time": "拔草小公举2019年12月08日10:00 来自微博weibo.com", "transmit": 190, "comment": 374, "zan": 1086, "sentiment": [{"positive_prob": 0.999972, "confidence": 0.999938, "negative_prob": 2.80569e-05, "sentiment": 2}]}, {"text": "【三季度全球高端手机市场数据出炉，苹果第一，三星、华为分列二三】最新报告显示，今年第三季度全球高端智能手机市场中，苹果市场份额达到52%，三星和华为紧随其后，市场份额分别为25%和12%。目前来看，苹果在高端机市场这一领域还是非常稳，华为由于欧洲市场以及北美市场的不可抗力因素，暂时无力获取更多份额。那么如果给你6000的预算，你会选择iPhone还是三星抑或是华为呢？如果给你6000的预算，你会选择iPhone还是三星抑或是华为呢？", "author": "广西政法", "time": "广西政法2019年12月08日23:04 来自微博weibo.com", "transmit": 7, "comment": 12, "zan": 1406, "sentiment": [{"positive_prob": 0.872857, "confidence": 0.71746, "negative_prob": 0.127143, "sentiment": 2}]}, {"text": "荣耀V30Pro拆机:大量自研芯片加入#荣耀V30#PRO是一部颜值与性能俱佳的旗舰手机，没有辜负大家对荣耀V系列的期待，大电池超快充+石墨散热，大内存高存储，大家最期待的支持双模5G的麒麟990集成芯片，以及大量华为自研芯片。拆机后发现主板布局非常严丝合缝，一起欣赏下​", "author": "长安数码君", "time": "长安数码君2019年12月08日15:52 来自荣耀V30PRO5G", "transmit": 18, "comment": 153, "zan": 538, "sentiment": [{"positive_prob": 0.99998, "confidence": 0.999955, "negative_prob": 2.01041e-05, "sentiment": 2}]}, {"text": "高通发布骁龙865和骁龙765移动平台，5G芯片又增加新的力量，看网上为了谁的能力强打成一团。我觉得这对全球5G发展是好事，对华为也是一件好事。1，5G的发展不能只靠华为一家。5G要发展好，多厂商供货，相互促进，尽快竞争降低成本，这是必须的。至今芯片价格贵导致了手机价格贵，用户选择就少，发展就慢。全球一年约20亿的手机市场，绝对容纳得下几家芯片企业。目前5G芯片华为麒麟990领先，但华为是自研自用，若无高通提供通用芯片，众多手机厂商5G手机会受制，高通的骁龙865和765移动平台是加快了5G进程。中国企业oppo、vivo、小米用高通芯片不丢人，做企业没一个企业把产业链所有事做了，华为若不是禁令也会购买大量高通芯片。2，骁龙和麒麟各有所长。这还真不是双方不得罪。骁龙865目前跑分性能是更高一些，但量产的产品落后麒麟990至少三个月，而且5G的基带是外挂的，手机里就必须再加一个x55的基带，这对手机的堆叠、功耗都有影响。不是高通不想做SOC，还是8系列做了SOC有些问题，比如说功耗、发热解决不了，只好用骁龙7系列做了SOC。华为的麒麟990在性能跑分上不及骁龙865，但是在高端芯片上做了SOC，目前这还是无人能及。到手机上到底谁强，一般用户估计也体会不到，应该说都强，都不错。3，关于真5G和假5G的争论会成为过去。前一段支持NSA和SA的争论很多，其实随着骁龙865和765的发布，这个争论就消散了，因为都是双模的，单模的NSA手机不会再生产。前一段发布的NSA手机估计要不久降价了。发布会上，高通嘲笑华为不支持毫米波就不是真5G。以我的看法，华为不必也支持毫米波，美国市场华为进不去，中国市场短时间不会用毫米波。有人说中国人拿个手机去美国用不上毫米波，以美国建基站那个速度，我相信有毫米波也用不上，没网络，你用什么。无论如何骁龙865和765的发布，都是5G产业的好事，对推动5G发展非常有价值，消费者也有更多选择。", "author": "飞象网项立刚", "time": "飞象网项立刚2019年12月08日08:00 来自HUAWEIMate20X5G", "transmit": 39, "comment": 95, "zan": 258, "sentiment": [{"positive_prob": 0.93429, "confidence": 0.853978, "negative_prob": 0.0657101, "sentiment": 2}]}, {"text": "小米和华为有哪些不同？​", "author": "笑尿蜀黍了", "time": "笑尿蜀黍了2019年12月08日12:55 来自微博weibo.com", "transmit": 68, "comment": 683, "zan": 2838, "sentiment": [{"positive_prob": 0.113101, "confidence": 0.748664, "negative_prob": 0.886899, "sentiment": 0}]}, {"text": "华为照相就是香L台湾傻事的微博视频​", "author": "台湾傻事", "time": "台湾傻事2019年12月08日09:25 来自微博weibo.com", "transmit": 15, "comment": 65, "zan": 622, "sentiment": [{"positive_prob": 0.98878, "confidence": 0.975067, "negative_prob": 0.0112196, "sentiment": 2}]}, {"text": "请用简洁的语言描述LOGO的内容并说明其寓意(6分)​", "author": "短的发布会", "time": "短的发布会2019年12月08日15:21", "transmit": 36, "comment": 270, "zan": 3767, "sentiment": [{"positive_prob": 0.909454, "confidence": 0.798786, "negative_prob": 0.0905465, "sentiment": 2}]}, {"text": "网友求助：大二女学生，偶尔会打吃鸡，魅族16SPro和华为荣耀20Pro哪个好?至于售后服务我也不清楚，用过的来说说​", "author": "IT科技侠", "time": "IT科技侠2019年12月08日23:03 来自微博weibo.com", "transmit": 15, "comment": 581, "zan": 2048, "sentiment": [{"positive_prob": 0.0206719, "confidence": 0.954063, "negative_prob": 0.979328, "sentiment": 0}]}, {"text": "国内外媒体对该事件经过的选择性报道，开始就带歪了舆论风向，导致很多人被误导跟风攻击华为，建议大家看看这个华为前员工全景梳理的华为和李洪元事件完整真相！#港警新一哥说止暴制乱会刚柔并济#L建华Wei业的微博视频​", "author": "建华Wei业", "time": "建华Wei业2019年12月08日23:13 来自HUAWEIMate20Pro", "transmit": 65, "comment": 43, "zan": 321, "sentiment": [{"positive_prob": 0.00920128, "confidence": 0.979553, "negative_prob": 0.990799, "sentiment": 0}]}, {"text": "消费电子是明年科技股中确定性最强的大机会，提前锁定明年的一个主流品种，5G手机大量更新换代、TWS、智能手表、VR/AR等，都是消费电子的需求增长点，特别是5G手机与TWS，重点关注苹果与华为产业链的龙头公司。O2020：经济不乐观，股市不悲观​", "author": "雪球", "time": "雪球2019年12月08日22:30 来自微博weibo.com", "transmit": 132, "comment": 15, "zan": 107, "sentiment": [{"positive_prob": 0.996661, "confidence": 0.99258, "negative_prob": 0.00333911, "sentiment": 2}]}]