[{"text": "【崔娃在脱口秀中吐槽美国政府，靠作弊耍赖攻击华为】近日，崔娃在其脱口秀节目中吐槽美国用行政手段封禁华为的行为。他说，美国5G和中国5G相比，就如同LD和DVD的区别，中国5G技术遥遥领先。美国之所以打压华为，是因为美国想用5G监视全世界，可惜通过正常手段办不到。L中报视频的秒拍视频​", "author": "人民日报", "time": "人民日报05月25日16:33 来自新媒体聚合平台", "transmit": 10238, "comment": 3141, "zan": 53164, "sentiment": [{"positive_prob": 0.44448, "confidence": 0.0122665, "negative_prob": 0.55552, "sentiment": 0}]}, {"text": "#华为已注册华为鸿蒙商标#，有网友感叹，“鸿蒙”二字太有寓意了。华为的众多商标都出自《山海经》，比如“鸿鹄”、“乾坤”、“昆仑”、“玄武”、“朱雀”、“凌霄”、“麒麟”等。这不得不说取名也是非常有讲究的，之前大家都喜欢用诗经楚辞的典故甚至琼瑶小说名字来给孩子取名。那么，你会不会去买本《山海经》翻一翻，为孩子取名做个参考？你会引用《山海经》为孩子取名吗？", "author": "每日经济新闻", "time": "每日经济新闻05月25日12:16 来自搜狗高速浏览器", "transmit": 610, "comment": 815, "zan": 89985, "sentiment": [{"positive_prob": 0.663792, "confidence": 0.252872, "negative_prob": 0.336208, "sentiment": 2}]}, {"text": "【崔天凯：华为的遭遇实在不同寻常，中方将采取一切必要措施维护自身权益】当地时间24日，中国驻美国大使崔天凯接受美国彭博电视台采访，就中美贸易，华为事件等问题阐述中方立场。崔天凯表示，中美贸易谈判之所以出现不确定性，很大程度上是因为美方频繁改变立场。中方立场始终一贯，美方却常常出尔反尔。并且表示，中方将采取一切必要措施维护中国企业、人民和国家的合法权益。在谈到华为事件时，崔天凯说，美国政府动用国家力量打压民营公司，他认为华为的遭遇实在不同寻常。L中报视频的秒拍视频", "author": "环球时报", "time": "环球时报05月25日10:30 来自微博weibo.com", "transmit": 1310, "comment": 1016, "zan": 5924, "sentiment": [{"positive_prob": 0.140467, "confidence": 0.687852, "negative_prob": 0.859533, "sentiment": 0}]}, {"text": "【#美国脱口秀主持人力挺华为#：美国靠作弊耍赖攻击华为！】@中报视频报道，近日，美国著名脱口秀主持人崔娃在其节目中吐槽美国，用行政手段封禁华为的行为。他说，美国5G和中国5G相比，就如同LD（激光影碟）和DVD的区别，中国5G技术遥遥领先。美国之所以打压华为，是因为美国想用5G监视全世界，可惜通过正常手段办不到。网友纷纷在其评论区留言，表示认同！L中报视频的秒拍视频", "author": "头条新闻", "time": "头条新闻05月25日14:46", "transmit": 1605, "comment": 715, "zan": 4045, "sentiment": [{"positive_prob": 0.949434, "confidence": 0.887631, "negative_prob": 0.0505663, "sentiment": 2}]}, {"text": "华为注册了整本山海经？这是属于中华的浪漫！#华为已注册华为鸿蒙商标#@王尼玛​", "author": "秒拍", "time": "秒拍05月25日12:17 来自秒拍超话", "transmit": 508, "comment": 135, "zan": 1813, "sentiment": [{"positive_prob": 0.535563, "confidence": 0.288732, "negative_prob": 0.464437, "sentiment": 1}]}, {"text": "【#美国脱口秀主持人力挺华为#：美国靠作弊耍赖攻击华为！】近日，美国著名脱口秀主持人崔娃在其节目中吐槽美国，用行政手段封禁华为的行为。他说，美国5G和中国5G相比，就如同LD（激光影碟）和DVD的区别，中国5G技术遥遥领先。美国之所以打压华为，是因为美国想用5G监视全世界，可惜通过正常手段办不到。网友纷纷在其评论区留言，表示认同！L中报视频的秒拍视频", "author": "环球时报", "time": "环球时报05月25日15:50 来自微博weibo.com", "transmit": 713, "comment": 425, "zan": 2794, "sentiment": [{"positive_prob": 0.950232, "confidence": 0.889405, "negative_prob": 0.0497678, "sentiment": 2}]}, {"text": "WiFi联盟宣布暂时撤销华为的会员资格，这意味着华为未来将无法参与无线技术标准的制定。#华为回应个别标准组织撤销资格#别担心，华为的底气仍然在，不受影响的。华为不会这样孤立无援任人宰割的，政府和民众都会支持的。央视锐评：华为会绝地反击，中国居安思危。华为精神正是中国不断攀登科技高峰的力量所在。L《新闻联播》国际锐评：华为绝地反击中国居安思危", "author": "掌上镇江", "time": "掌上镇江05月25日15:34 来自微博weibo.com", "transmit": 3990, "comment": 7608, "zan": 37393, "sentiment": [{"positive_prob": 0.912495, "confidence": 0.805543, "negative_prob": 0.0875054, "sentiment": 2}]}, {"text": "【#安卓官网移除华为手机#：P30和MateX折叠手机】Android官网的展示界面，移除了华为MateX和P30Pro两款设备。此前，谷歌曾宣布暂停与华为合作，华为海外版不能更新安卓应用。随后，任正非表示，华为与谷歌都在想办法解决问题。另有消息称，#WiFi联盟暂时撤销华为会员资格#，华为将无法参与未来无线技术标准的制定。但目前wifi联盟官网显示华为还在名单里。@老板联播L老板联播的秒拍视频", "author": "梨视频", "time": "梨视频05月25日19:13 来自iPhone客户端", "transmit": 505, "comment": 3417, "zan": 2913, "sentiment": [{"positive_prob": 0.715928, "confidence": 0.368728, "negative_prob": 0.284072, "sentiment": 2}]}, {"text": "【#美国脱口秀主持人力挺华为#：美国靠作弊耍赖攻击华为！】据@中报视频报道，近日，美国著名脱口秀主持人崔娃在其节目中吐槽美国，用行政手段封禁华为的行为。他说，美国5G和中国5G相比，就如同LD（激光影碟）和DVD的区别，中国5G技术遥遥领先，美国之所以打压华为，是因为美国想用5G监视全世界，可惜通过正常手段办不到。L中报视频的秒拍视频", "author": "Vista看天下", "time": "Vista看天下05月25日15:16 来自iPhone客户端", "transmit": 315, "comment": 300, "zan": 1191, "sentiment": [{"positive_prob": 0.969003, "confidence": 0.931118, "negative_prob": 0.0309968, "sentiment": 2}]}, {"text": "任正非：没有美国市场，华为也是世界第一L环球网的秒拍视频​​​", "author": "共青团中央", "time": "共青团中央05月25日08:49", "transmit": 638, "comment": 458, "zan": 4752, "sentiment": [{"positive_prob": 0.643551, "confidence": 0.207891, "negative_prob": 0.356449, "sentiment": 2}]}, {"text": "【#华为已注册华为鸿蒙商标#：整本山海经都被华为注册了】国家知识产权局商标局网站显示，华为已经申请注册“华为鸿蒙”商标，申请日期是2018年8月24日，注册公告日期是2019年5月14日。鸿蒙是中国传说中的一个时代，在混沌之前。后来，世人通常把“鸿蒙”比作远古时期。有些意外的是，华为的众多商标都出自《山海经》。L老板联播的秒拍视频", "author": "环球时报", "time": "环球时报05月25日12:50 来自微博weibo.com", "transmit": 176, "comment": 205, "zan": 1127, "sentiment": [{"positive_prob": 0.351805, "confidence": 0.21821, "negative_prob": 0.648195, "sentiment": 0}]}, {"text": "【#美国脱口秀主持人力挺华为#：美国靠作弊耍赖攻击华为！】@中报视频报道，近日，美国著名脱口秀主持人崔娃在其节目中吐槽美国，用行政手段封禁华为的行为。他说，美国5G和中国5G相比，就如同LD（激光影碟）和DVD的区别，中国5G技术遥遥领先。美国之所以打压华为，是因为美国想用5G监视全世界，可惜通过正常手段办不到。网友纷纷在其评论区留言，表示认同！@中国日报O美国脱口秀主持人力挺华为：美国靠作弊耍赖攻击华为L中报视频的秒拍视频", "author": "新浪财经", "time": "新浪财经05月25日14:06 来自微博weibo.com", "transmit": 791, "comment": 206, "zan": 1973, "sentiment": [{"positive_prob": 0.966924, "confidence": 0.926498, "negative_prob": 0.0330759, "sentiment": 2}]}, {"text": "【崔天凯：华为的遭遇实在不同寻常中方将采取一切必要措施维护自身权益】据中国日报报道，当地时间24日，中国驻美国大使崔天凯接受美国彭博电视台采访，他表示，中方将采取一切必要措施维护中国企业、人民和国家的合法权益。在谈到华为事件时，崔天凯说，美国政府动用国家力量打压民营公司，他认为华为的遭遇实在不同寻常。L中报视频的秒拍视频", "author": "新浪财经", "time": "新浪财经05月25日10:38 来自微博weibo.com", "transmit": 250, "comment": 189, "zan": 521, "sentiment": [{"positive_prob": 0.269888, "confidence": 0.400248, "negative_prob": 0.730112, "sentiment": 0}]}, {"text": "一起来感受一下华为的芯片实力中国力量#华为芯片实力#（华为）L环球网的微博视频​", "author": "环球网", "time": "环球网05月25日23:55", "transmit": 248, "comment": 457, "zan": 1959, "sentiment": [{"positive_prob": 0.903759, "confidence": 0.786131, "negative_prob": 0.0962412, "sentiment": 2}]}, {"text": "【#华为已注册华为鸿蒙商标#：整本山海经都被华为注册了】国家知识产权局商标局网站显示，华为已经申请注册“华为鸿蒙”商标，申请日期是2018年8月24日，注册公告日期是2019年5月14日。鸿蒙是中国传说中的一个时代，在混沌之前。后来，世人通常把“鸿蒙”比作远古时期。有些意外的是，华为的众多商标都出自《山海经》。L老板联播的秒拍视频（梨视频）", "author": "新京报", "time": "新京报05月25日09:33 来自360安全浏览器", "transmit": 167, "comment": 279, "zan": 475, "sentiment": [{"positive_prob": 0.433185, "confidence": 0.0373664, "negative_prob": 0.566815, "sentiment": 0}]}, {"text": "【#华为已注册华为鸿蒙商标##整本山海经都被华为注册了#】国家知识产权局商标局网站显示，华为已经申请注册“华为鸿蒙”商标，申请日期是2018年8月24日，注册公告日期是2019年5月14日。鸿蒙是中国传说中的一个时代，在混沌之前。后来，世人通常把“鸿蒙”比作远古时期。有些意外的是，华为的众多商标都出自《山海经》。L老板联播的秒拍视频", "author": "新浪新闻", "time": "新浪新闻05月25日08:32 来自专业版微博平台", "transmit": 71, "comment": 105, "zan": 562, "sentiment": [{"positive_prob": 0.420904, "confidence": 0.0646582, "negative_prob": 0.579096, "sentiment": 0}]}, {"text": "【崔天凯：华为的遭遇实在不同寻常，中方将采取一切必要措施维护自身权益】当地时间24日，中国驻美国大使崔天凯接受美国彭博电视台采访，就中美贸易，华为事件等问题阐述中方立场。崔天凯表示，中美贸易谈判之所以出现不确定性，很大程度上是因为美方频繁改变立场。中方立场始终一贯，美方却常常出尔反尔。并且表示，中方将采取一切必要措施维护中国企业、人民和国家的合法权益。在谈到华为事件时，崔天凯说，美国政府动用国家力量打压民营公司，他认为华为的遭遇实在不同寻常。（视频高天沛）L中报视频的秒拍视频", "author": "中国日报", "time": "中国日报05月25日09:55 来自微博weibo.com", "transmit": 193, "comment": 77, "zan": 519, "sentiment": [{"positive_prob": 0.14274, "confidence": 0.682799, "negative_prob": 0.85726, "sentiment": 0}]}, {"text": "【传Wi-Fi联盟和蓝牙协会等暂停华为会员资格】有消息称，WiFi联盟暂时撤销华为的会员资格，华为将无法参与未来无线技术标准的制定；负责批准和认证所有蓝牙设备的BluetoothSIG可能也会暂停华为蓝牙技术的授权华为也从SD协会的成员名单中消失，这意味着不能使用SD卡和microSD卡。O网页链接​", "author": "新浪科技", "time": "新浪科技05月25日22:20 来自微博weibo.com", "transmit": 615, "comment": 250, "zan": 378, "sentiment": [{"positive_prob": 0.320436, "confidence": 0.287919, "negative_prob": 0.679564, "sentiment": 0}]}, {"text": "【#华为已注册华为鸿蒙商标#：整本山海经都被华为注册了】国家知识产权局商标局网站显示，华为已经申请注册“华为鸿蒙”商标，申请日期是2018年8月24日，注册公告日期是2019年5月14日。鸿蒙是中国传说中的一个时代，在混沌之前。后来，世人通常把“鸿蒙”比作远古时期。有些意外的是，华为的众多商标都出自《山海经》。L老板联播的秒拍视频", "author": "Vista看天下", "time": "Vista看天下05月25日08:22 来自iPhone客户端", "transmit": 52, "comment": 189, "zan": 384, "sentiment": [{"positive_prob": 0.351805, "confidence": 0.21821, "negative_prob": 0.648195, "sentiment": 0}]}, {"text": "【#华为已注册华为鸿蒙商标#：整本山海经都被华为注册了】国家知识产权局商标局网站显示，华为已经申请注册“华为鸿蒙”商标，申请日期是2018年8月24日，注册公告日期是2019年5月14日。鸿蒙是中国传说中的一个时代，在混沌之前。后来，世人通常把“鸿蒙”比作远古时期。有些意外的是，华为的众多商标都出自《山海经》。L老板联播的秒拍视频", "author": "中国日报", "time": "中国日报05月25日11:02 来自微博weibo.com", "transmit": 63, "comment": 40, "zan": 465, "sentiment": [{"positive_prob": 0.351805, "confidence": 0.21821, "negative_prob": 0.648195, "sentiment": 0}]}, {"text": "【美脱口秀主持人吐槽特朗普政府：靠作弊耍赖攻击华为】近日，美国著名节目主持人崔娃TrevorNoah在脱口秀节目中吐槽美国，用行政手段封禁华为的行为。他说，美国5G和中国5G相比，就如同LD（激光影碟）和DVD的区别，中国5G技术遥遥领先。美国之所以打压华为，是因为美国想用5G监视全世界，可惜通过正常手段办不到。但是美国人民很“幸运”，遇到了“狂人”特朗普，愿意不惜一切手段攻击华为。@中国日报L中报视频的秒拍视频", "author": "观察者网", "time": "观察者网05月25日15:43 来自微博weibo.com", "transmit": 761, "comment": 402, "zan": 1234, "sentiment": [{"positive_prob": 0.88027, "confidence": 0.733933, "negative_prob": 0.11973, "sentiment": 2}]}, {"text": "华为ICT大赛2018-2019全球总决赛今天在深圳华为基地拉开序幕啦！来自全球的ICT技术精英们将在这里大显身手、一决高下，一起来领略各国代表队的风采​", "author": "华为中国", "time": "华为中国05月25日19:06 来自Android", "transmit": 18, "comment": 100, "zan": 977, "sentiment": [{"positive_prob": 0.93285, "confidence": 0.850778, "negative_prob": 0.0671499, "sentiment": 2}]}, {"text": "【#美国脱口秀主持人力挺华为#：美国靠作弊耍赖攻击华为！】@中报视频报道，近日，美国著名脱口秀主持人崔娃在其节目中吐槽美国，用行政手段封禁华为的行为。他说，美国5G和中国5G相比，就如同LD和DVD的区别，中国5G技术遥遥领先。美国之所以打压华为，是因为其想用5G监视全世界。L中报视频的秒拍视频​", "author": "新浪科技", "time": "新浪科技05月25日16:17 来自微博weibo.com", "transmit": 189, "comment": 22, "zan": 445, "sentiment": [{"positive_prob": 0.959851, "confidence": 0.91078, "negative_prob": 0.0401488, "sentiment": 2}]}, {"text": "【国家知识产权局：华为已注册华为鸿蒙商标】据国家知识产权局商标局网站显示，华为已经申请注册\"华为鸿蒙\"商标，并标注该商品可用于操作系统程序。当进一步搜索华为注册的商标时，还能查到\"鸿鹄\"、\"鸿雁\"、\"乾坤\"、\"昆仑\"等。网友纷纷表示：简直是注册了一整本中国神话L老板联播的秒拍视频​", "author": "紫光阁", "time": "紫光阁05月25日10:32 来自紫宝宝的Android", "transmit": 331, "comment": 375, "zan": 1882, "sentiment": [{"positive_prob": 0.0875135, "confidence": 0.805526, "negative_prob": 0.912486, "sentiment": 0}]}, {"text": "#WiFi联盟暂时撤销华为会员资格#现在的战争，已经不是传统战争了，是信息战，是科技战……A国的冷战思维也是这么多年一点没有改……我们能做的，只有认认真真的好好学习，好好做学问，真正做到科技立国，工业立国……​", "author": "张雪峰老师", "time": "张雪峰老师05月25日20:07 来自HUAWEIMate20Pro", "transmit": 126, "comment": 564, "zan": 5231, "sentiment": [{"positive_prob": 0.760723, "confidence": 0.468273, "negative_prob": 0.239277, "sentiment": 2}]}, {"text": "【日媒：WiFi联盟和SD协会暂停华为会员资格】据《日经亚洲评论》5月24日报道，制定无线技术标准的Wi-Fi联盟和制定SD存储卡标准的SD协会均将华为移出了会员名单。另外，JEDEC（固态技术协会）称华为已自愿撤回其在该组织的会员资格。Wi-Fi联盟发言人在一份电子邮件声明中称：“Wi-Fi联盟在不剥夺华为会员资格的情况下完全遵守美国商务部的命令。Wi-Fi联盟暂时限制了华为技术有限公司参与（美国商务部）命令中所涵盖的Wi-Fi联盟活动。”科技网站“AndroidAuthority”在同日报道中分析称，暂时失去会员资格并不意味着华为无法生产使用Wi-Fi的产品，但华为今后对Wi-Fi技术的未来发展将不再有发言权。此外，负责制定SD存储卡标准的“SD协会”（SDA）也将华为的名字从协会成员名单中删除了。在给媒体的回复信中，该协会证实自己“正在遵守美国商务部的命令”。（观察者网）O日媒称Wi-Fi联盟和SD协会暂停华为会员资格", "author": "环球时报", "time": "环球时报05月25日16:50 来自微博weibo.com", "transmit": 200, "comment": 566, "zan": 339, "sentiment": [{"positive_prob": 0.0951803, "confidence": 0.788488, "negative_prob": 0.90482, "sentiment": 0}]}, {"text": "【#华为已注册华为鸿蒙商标#：整本山海经都被华为注册了】国家知识产权局商标局网站显示，华为已经申请注册“华为鸿蒙”商标，申请日期是2018年8月24日，注册公告日期是2019年5月14日。鸿蒙是中国传说中的一个时代，在混沌之前。后来，世人通常把“鸿蒙”比作远古时期。有些意外的是，华为的众多商标都出自《山海经》。（老板联播）L老板联播的秒拍视频", "author": "环球网", "time": "环球网05月25日08:27", "transmit": 100, "comment": 85, "zan": 585, "sentiment": [{"positive_prob": 0.379531, "confidence": 0.156598, "negative_prob": 0.620469, "sentiment": 0}]}, {"text": "#有事先知道#【到华为去！华为海思全球博士+2020届应届生招聘来了！】2018年，西安交通大学签约就业4214人，其中到华为技术有限公司就业人数315人，为西安交通大学历年来就业人数最多的单位。@华为中国​", "author": "西安交通大学", "time": "西安交通大学05月25日09:28 来自沙坡村窖藏Android", "transmit": 115, "comment": 69, "zan": 626, "sentiment": [{"positive_prob": 0.950841, "confidence": 0.890758, "negative_prob": 0.0491587, "sentiment": 2}]}, {"text": "#一字一画#鸿雁高飞，大展宏图！#加油华为#​", "author": "新华网", "time": "新华网05月25日12:51 来自微博weibo.com", "transmit": 152, "comment": 97, "zan": 1464, "sentiment": [{"positive_prob": 0.817258, "confidence": 0.593907, "negative_prob": 0.182742, "sentiment": 2}]}, {"text": "科比说“你见过凌晨4点的洛杉矶吗”，但是，你们见过凌晨1点的华为食堂吗？L笑到拔胸毛的微博视频​", "author": "笑到拔胸毛", "time": "笑到拔胸毛05月25日07:50 来自微博视频", "transmit": 314, "comment": 346, "zan": 4035, "sentiment": [{"positive_prob": 0.191189, "confidence": 0.575135, "negative_prob": 0.808811, "sentiment": 0}]}]