[{"text": "新中国第一辆汽车从这里驶出、第一家电影制片厂在这里诞生…吉林从一开始就#选择不凡#，演绎不凡，如今吉林省又再度迈出了创新发展之路。4月28日，#华为云#城市峰会2019相约吉林，看“云+智能”如何赋能吉林数字化转型。转评本条微博，抽1名小伙伴送P30（标配）1台@微博抽奖平台4月28日开奖！O网页链接", "author": "华为云", "time": "华为云04月24日15:06 来自微博weibo.com", "transmit": 3484, "comment": 4990, "zan": 1736, "sentiment": [{"positive_prob": 0.926115, "confidence": 0.835811, "negative_prob": 0.0738852, "sentiment": 2}]}, {"text": "【4月28日，寻找续写吉林不凡的新答案】吉林省，一个黑土地孕育出的工业大省。曾经，这里是新中国汽车、电影、基因工程等多个产业的摇篮，在中国工业发展史上承载了无数光辉和梦想。如今，吉林省借助数字化技术为产业转型升级装上了新引擎，再创新优势！#选择不凡#，华为云城市峰会2019将走进吉林，助力这座不凡之城续写不凡！转发本微博，@微博抽奖平台4月28日抽1名小伙伴，送P30（标配）手机1部O网页链接", "author": "华为中国", "time": "华为中国04月24日12:08 来自微博weibo.com", "transmit": 3509, "comment": 2438, "zan": 1648, "sentiment": [{"positive_prob": 0.913123, "confidence": 0.80694, "negative_prob": 0.0868771, "sentiment": 2}]}, {"text": "【华为P30PRO新手机落入马桶进水最高级防水为何没防住】#最高级防水手机落水就坏#成都市民巫先生花5988元购买了一台华为P30pro手机，“精湛工艺全方位打造IP68级防尘抗水机身”，官方宣传显示。然而在使用仅一周左右，巫先生不小心将手机掉入马桶后迅速捡起，手机却自动关机无法启动了。“售后和我说，它的防水只是针对生活溅水。我调查过的，IP68是最高级的防水等级，这是明显的质量问题。”巫先生说。红星新闻记者以用户身份咨询了华为官方客服，客服解释称：这款手机的“IP68”，需要一定实验条件才可得，因此无法适用于日常生活。O网页链接", "author": "红星新闻", "time": "红星新闻04月24日21:40", "transmit": 43, "comment": 216, "zan": 123, "sentiment": [{"positive_prob": 0.0636173, "confidence": 0.858628, "negative_prob": 0.936383, "sentiment": 0}]}, {"text": "【#华为P30PRO落入马桶进水#最高级防水为何没防住】成都市民巫先生花5988元购买了一台华为P30pro手机，“精湛工艺全方位打造IP68级防尘抗水机身”，官方宣传显示。而在使用仅一周左右，巫先生不小心将手机掉入马桶后迅速捡起，手机却自动关机无法启动了。“售后和我说，它的防水只是针对生活溅水。我调查过的，IP68是最高级的防水等级，这是明显的质量问题。”巫先生表示。对此，华为官方客服解释称：这款手机的“IP68”，需要一定实验条件才可得。红星新闻联系到了华为客服中心蜀汉路店，向工作人员核实了这件事情。工作人员表示，所有流程都是按照公司正常程序执行，其余不方便过多透露。目前，巫先生已经将情况投诉到金牛区市场和质量监督管理局，26日上午十点半双方将在相关部门的见证下，一起协商解决此事。O网页链接", "author": "成都商报", "time": "成都商报04月24日21:28", "transmit": 315, "comment": 1822, "zan": 912, "sentiment": [{"positive_prob": 0.0491865, "confidence": 0.890697, "negative_prob": 0.950813, "sentiment": 0}]}, {"text": "【英国松口了批准华为参与5G建设】英国每日电讯报称，英国国家安全委员会同意允许华为参与建设5G移动设施，不过只限于“非核心”的5G零件中。#英国批准华为参与5G网络##华为5G真香#​", "author": "微博英国", "time": "微博英国04月24日19:26 来自专业版微博", "transmit": 332, "comment": 1097, "zan": 5012, "sentiment": [{"positive_prob": 0.8399, "confidence": 0.644223, "negative_prob": 0.1601, "sentiment": 2}]}, {"text": "聚焦用户体验，构筑开放生态。大家好，我是华为消费者BG软件部的王成录。华为P30系列的发布，为广大用户带来了深度优化的#EMUI#9.1系统，未来我们将持续为用户提供更优质的服务，希望能和大家多多交流，共同将EMUI打造成华为手机的硬实力。​", "author": "华为王成录", "time": "华为王成录04月24日09:01 来自微博weibo.com", "transmit": 2508, "comment": 1522, "zan": 693, "sentiment": [{"positive_prob": 0.95376, "confidence": 0.897244, "negative_prob": 0.0462403, "sentiment": 2}]}, {"text": "华为突然宣布，支付宝傻眼了。@支付宝：哦。​", "author": "江苏网警", "time": "江苏网警04月24日09:37", "transmit": 198, "comment": 369, "zan": 750, "sentiment": [{"positive_prob": 0.831772, "confidence": 0.626159, "negative_prob": 0.168228, "sentiment": 2}]}, {"text": "#五一放肆嗨#关注＋转发@3位好友送华为P30[售价4288元][8+128GB]5月1日抽1位幸运锦鲤@微博抽奖平台点赞遇到心上人​​​", "author": "心上人", "time": "心上人04月24日20:02 来自vivoAI智慧拍照X21", "transmit": 28367, "comment": 4505, "zan": 12556, "sentiment": [{"positive_prob": 0.980476, "confidence": 0.956614, "negative_prob": 0.0195237, "sentiment": 2}]}, {"text": "赏过漫天飞雪，听见朗朗书声嗅到杏花芬芳，遇见最好的你+智能，见未来#选择不凡#，荣耀吉林关注@吉林大学+转发这条微博，4月28日抽5位小伙伴，每人送1个荣耀手环4。再抽6位小伙伴，每人送一个吉大马克杯+吉大校徽徽章4月28日，寻找续写吉林不凡的新答案O网页链接@华为中国​", "author": "吉林大学", "time": "吉林大学04月24日18:00 来自哈哈吉的Android", "transmit": 788, "comment": 297, "zan": 208, "sentiment": [{"positive_prob": 0.940843, "confidence": 0.868539, "negative_prob": 0.0591574, "sentiment": 2}]}, {"text": "【#iPhone销量落后华为三分之一# 分析师：定价太高】华为财报显示，今年一季度实现智能手机发货量超5900万部；研究机构分析，iPhone一季度销量在3700万至4200万部之间，落后华为三分之一。分析师认为iPhone在中国节节败退，80%的原因是定价错误，iPhoneXR价格可以降低50%或20%。L新京报我们视频的秒拍视频​", "author": "新闻晨报", "time": "新闻晨报04月24日08:30 来自微博weibo.com", "transmit": 21, "comment": 109, "zan": 70, "sentiment": [{"positive_prob": 0.034879, "confidence": 0.922491, "negative_prob": 0.965121, "sentiment": 0}]}, {"text": "选择品.智车生活，就是选择不凡。5G将至，物联网汽车，智慧出行，玩转别样精彩！参与#选择不凡#话题互动，转发微博，4月28日，@微博抽奖平台抽1人，送1台P30（标配）。4月28日，寻找续写吉林不凡的新答案O网页链接@华为中国@华为云​", "author": "一汽奔腾", "time": "一汽奔腾04月24日16:10 来自搜狗高速浏览器", "transmit": 3288, "comment": 3736, "zan": 1561, "sentiment": [{"positive_prob": 0.92727, "confidence": 0.838378, "negative_prob": 0.07273, "sentiment": 2}]}, {"text": "#选择不凡#选择极致品质，就是选择不凡。肩负强大中国汽车产业重任，满足消费者对新时代“美好生活，美妙出行”的追求！@华为中国@华为云转发微博，4月28日，@微博抽奖平台抽1人，送1台P30（标配）。4月28日，寻找续写吉林不凡的新答案O网页链接​", "author": "一汽红旗", "time": "一汽红旗04月24日19:22 来自专业版微博", "transmit": 3079, "comment": 2642, "zan": 1507, "sentiment": [{"positive_prob": 0.941616, "confidence": 0.870258, "negative_prob": 0.0583837, "sentiment": 2}]}, {"text": "栩栩如生的定格动画《大象》，所有素材均由#华为P30#Pro拍摄完成。在导演@麦子眼里，定格动画是童心的演绎，而华为P30Pro则让这个过程变得更简单、更直接。L华为终端官方微博的微博视频​", "author": "华为终端官方微博", "time": "华为终端官方微博04月24日11:46 来自微博视频", "transmit": 108, "comment": 58, "zan": 469, "sentiment": [{"positive_prob": 0.903527, "confidence": 0.785616, "negative_prob": 0.0964729, "sentiment": 2}]}, {"text": "花儿倒映的P30天空之境，太美了，就像一幅画！华为对配色的运用越来越牛x了​", "author": "C科技", "time": "C科技04月24日17:26", "transmit": 30, "comment": 125, "zan": 429, "sentiment": [{"positive_prob": 0.756477, "confidence": 0.458837, "negative_prob": 0.243523, "sentiment": 2}]}, {"text": "【美国情报界：再不加快部署，#中国将掌握全球5G设备#】4月23日，美国国家情报总监办公室发推特称：美国不立即加快5G步伐，中国将掌握全球5G设备。此前川普则称，5G美国必须要赢。美国曾多次干预华为在全球部署5G，但据媒体报道目前德法都已不再阻挠华为。@五环短视频L五环短视频的秒拍视频​", "author": "观察者网", "time": "观察者网04月24日22:35 来自微博weibo.com", "transmit": 83, "comment": 119, "zan": 180, "sentiment": [{"positive_prob": 0.794585, "confidence": 0.543523, "negative_prob": 0.205415, "sentiment": 2}]}, {"text": "离五一假期只有七天了，你的行程安排好了吗？分享一波#华为P30#镜头下的美景，期待即将到来的旅行。​", "author": "华为终端官方微博", "time": "华为终端官方微博04月24日20:31 来自HUAWEIP30Pro", "transmit": 31, "comment": 196, "zan": 697, "sentiment": [{"positive_prob": 0.913918, "confidence": 0.808707, "negative_prob": 0.0860818, "sentiment": 2}]}, {"text": "【英国首相松口，同意华为参与5G“非核心”部分建设】当地时间22日，在与内阁大臣召开会议商讨后，英国首相特蕾莎·梅松口同意华为参与英国5G移动网络建设中的“非核心”部分。据报道，仍有与会大臣对该让步心存疑虑。对此，华为回应，欢迎英国政府从事实证据出发，英国企业和消费者将通过华为的领先科技，享受最快、最可靠的网络服务。此前，英国政府通信总部下设的国家网络安全中心曾批评华为技术“安全性低下”，华为则表示“任何指责都必须基于证据”。（记者罗瑜）", "author": "中国日报", "time": "中国日报04月24日17:55 来自搜狗高速浏览器", "transmit": 21, "comment": 22, "zan": 99, "sentiment": [{"positive_prob": 0.827255, "confidence": 0.616122, "negative_prob": 0.172745, "sentiment": 2}]}, {"text": "@TFBOYS-易烊千玺你是全世界最好的偶像，也是全世界最好的男孩儿！感谢你的努力，天分，和善良！易烊千玺yyqx帅四字弟弟szdd帅天猫首位代言人华为nova全球代言人舞台王者顶级流量全能偶像中戏第一大佬李泌阿易烊烊小千长安十二时辰四字四字弟弟yyqx唱歌yyqx跳舞帅好看​", "author": "XXXX是嗲精", "time": "XXXX是嗲精04月24日00:41 来自易烊千玺超话", "transmit": 17, "comment": 18, "zan": 641, "sentiment": [{"positive_prob": 0.988308, "confidence": 0.974019, "negative_prob": 0.0116915, "sentiment": 2}]}, {"text": "该骂华为的时候，就要骂。比如发布会说自己好就行了，别老是拉上友商踩乎别人，显得自己格调胸怀都不高，广告海报别老是“借鉴”别人的单反照片；该支持华为的时候，就要支持。支持不靠键盘围攻，而是真金白银消费。我买东西就是图个外形好看配置喜人，和神马情怀没半毛钱关系。真要彰显爱国情怀的时候，我直接捐钱捐物。买卖这种事，自己手里拿着东西了，就不好意思往脸上贴金了。为信仰充值这种事，我也干过，比如键盘坚持要cherry，AF1坚持要downtown版，坚信定焦必胜变焦，更多时候，这是一种情结，原厂情结，顶配情结，自己愿意为情结买单就好，从来不去糟蹋别家的原因在于，我的购买行为和虚荣心无关。（这句要划重点）今天，再支持华为13999元买个电脑，希望国货越做越好。", "author": "释不归", "time": "释不归04月24日17:26 来自360安全浏览器", "transmit": 25, "comment": 212, "zan": 426, "sentiment": [{"positive_prob": 0.975209, "confidence": 0.944908, "negative_prob": 0.0247915, "sentiment": 2}]}, {"text": "#中国联通合作伙伴大会#带你看展，华为。#联通5G开网#​", "author": "中国联通", "time": "中国联通04月24日07:58", "transmit": 230, "comment": 66, "zan": 120, "sentiment": [{"positive_prob": 0.852772, "confidence": 0.672826, "negative_prob": 0.147228, "sentiment": 2}]}, {"text": "特朗普正在全球范围内，全面损害中国利益。从几年前打击利比亚，破坏中国的能源布局，现在威胁委内瑞拉，威胁伊朗，鼓动全世界围堵华为，限制中国人签证，阻止中国科学家访问……现在居然还对中国和柬埔寨的贸易也说三道四。特朗普已经无所不用其极了。​", "author": "戴旭", "time": "戴旭04月24日22:39 来自HUAWEIMate10Pro", "transmit": 157, "comment": 17, "zan": 547, "sentiment": [{"positive_prob": 0.120347, "confidence": 0.732563, "negative_prob": 0.879654, "sentiment": 0}]}, {"text": "【澄清】华为：2万员工转岗传闻不属实我们注意到网传“华为将有2万名CNBG员工转岗CBG”，该消息不属实。一直以来，华为公司对于内部人才流动持开放和鼓励的态度，并面向员工开放了全部内部岗位机会。每年，有超过1万名员工在内部各大业务部门之间转岗流动，包括运营商业务（CNBG）、终端业务（CBG）等在内很多业务部门都正在通过内部流动获取所需人才。这其中，既有员工根据本人意愿自主发起的流动，也有在尊重员工个人意愿基础上由部门间协商推荐的流动。华为公司会基于业务战略导向和员工发展诉求，持续开展内部人才流动。", "author": "华为中国", "time": "华为中国04月24日17:34 来自微博weibo.com", "transmit": 51, "comment": 176, "zan": 381, "sentiment": [{"positive_prob": 0.0507412, "confidence": 0.887242, "negative_prob": 0.949259, "sentiment": 0}]}, {"text": "【英国同意华为参与5G建设：有限地】从商业公司放弃5G合作，到英国政府认为华为风险可控，再到特蕾莎·梅开绿灯允许华为参与5G网络建设，英国正一步步放开针对华为的限制。英国《每日电讯报》4月23日报道，由英国首相特蕾莎·梅担任主席的国家安全委员会已经同意华为“有限制”地参与诸如天线以及其它“非核心”基础设施之类的5G网络建设。O英国同意华为“有限”参与5G建设提供天线以及其它非核心设施", "author": "观察者网", "time": "观察者网04月24日15:00 来自微博weibo.com", "transmit": 69, "comment": 93, "zan": 172, "sentiment": [{"positive_prob": 0.165172, "confidence": 0.632951, "negative_prob": 0.834828, "sentiment": 0}]}, {"text": "【#英国允许华为参与5G建设#英国回应：已进行证据审查】英国国家安全委员会同意允许华为参与建设5G移动设施，不过只限于“非核心”的5G零件中。对此，英国政府发言人表示，政府已对5G供应链进行“基于证据的审查”，以保证“现在与未来”的安全基础。”#5G#O英国政府回应允许华为参与5G建设：进行基于证据审查​", "author": "新浪科技", "time": "新浪科技04月24日22:31 来自微博weibo.com", "transmit": 16, "comment": 8, "zan": 92, "sentiment": [{"positive_prob": 0.700671, "confidence": 0.334825, "negative_prob": 0.299329, "sentiment": 2}]}, {"text": "《双标狗》之华为VS小米！还是头条大神多！​", "author": "IT大智", "time": "IT大智04月24日15:13 来自vivoX274800万三摄", "transmit": 71, "comment": 705, "zan": 594, "sentiment": [{"positive_prob": 0.597022, "confidence": 0.104492, "negative_prob": 0.402978, "sentiment": 2}]}, {"text": "【直击|传2万华为运营商业务员工将转岗至消费者业务】今日有报道称，在2018年业绩不佳后，华为运营商业务将启动改革，2万名员工转岗至消费者业务，华为目前暂未对此置评。事实上，华为运营商业务收入连续两年进入增长瓶颈，消费者业务实现数年超30%同比增长，已成第一大收入来源。O传2万华为运营商业务员工将转岗至消费者业务​", "author": "新浪科技", "time": "新浪科技04月24日10:27 来自微博weibo.com", "transmit": 38, "comment": 25, "zan": 48, "sentiment": [{"positive_prob": 0.0205774, "confidence": 0.954273, "negative_prob": 0.979423, "sentiment": 0}]}, {"text": "体验提升永无止境。4月25日14:00·北京，我将在华为有技术·#EMUI#媒体沙龙和大家一起聊聊超级文件系统、方舟编译器等“黑科技”背后的故事和其带来的性能与体验提升。打造极致体验，开创未来生态，我们明天见。​", "author": "华为王成录", "time": "华为王成录04月24日17:02 来自微博weibo.com", "transmit": 346, "comment": 422, "zan": 387, "sentiment": [{"positive_prob": 0.93017, "confidence": 0.844823, "negative_prob": 0.0698296, "sentiment": 2}]}, {"text": "【太良心华为宣布重大福利】华为宣布从今天起，到6月10日，维修屏幕有特大福利，旗舰（比如P20Pro）换屏只要399元，一般手机249元。​", "author": "C科技", "time": "C科技04月24日13:03", "transmit": 29, "comment": 256, "zan": 227, "sentiment": [{"positive_prob": 0.349483, "confidence": 0.223372, "negative_prob": 0.650517, "sentiment": 0}]}, {"text": "美国非常想制裁华为，为什么没成功？一是核心部件高度自研化，二是供应链逐步中国化。华为对国内产业链充分的信任，全球范围两亿多台销量验证质量也是非常可靠，不管是对华为摆脱西方掣肘，还是对国内产业链的带动，双向都利好的事情，这种国内优势集群的形成和不断壮大，以后会更不怕老美！#华为#​", "author": "建华Wei业", "time": "建华Wei业04月24日19:52 来自手机超话", "transmit": 42, "comment": 89, "zan": 180, "sentiment": [{"positive_prob": 0.96769, "confidence": 0.928199, "negative_prob": 0.0323103, "sentiment": 2}]}, {"text": "【华为推出5G车载模组或为“世界首款”】路透社：华为4月22日推出据称为世界首款的车用5G模组，凸显出其致力于成为自动驾驶技术主要供应商的雄心。华为称，“作为未来智能汽车交通的重要通信产品，该款5G车载模组将推动汽车产业快速迈向5G时代。”华为5G车载模组将于2019年下半年为汽车行业开启5G商用进程。O网页链接", "author": "参考消息", "time": "参考消息04月24日12:00 来自微博weibo.com", "transmit": 23, "comment": 9, "zan": 109, "sentiment": [{"positive_prob": 0.950646, "confidence": 0.890324, "negative_prob": 0.0493542, "sentiment": 2}]}]