[{"text": "【#中国留学生在加拿大被绑架#事发城市华裔居民超四成】中国留学生WanzhenLu在加拿大安大略省万锦市遭到绑架，目前下落不明，作案原因未知。万锦市被喻为加拿大的高科技首都，华为、IBM等多家科技公司的加拿大总部均位于此，而当地45.1%的居民都是华裔。@新浪图解天下​", "author": "头条新闻", "time": "头条新闻03月25日18:19 来自微博weibo.com", "transmit": 118, "comment": 216, "zan": 290, "sentiment": [{"positive_prob": 0.833553, "confidence": 0.630119, "negative_prob": 0.166447, "sentiment": 2}]}, {"text": "据网友：3月24日晚，桂林飞北京CA1226航班旅客登机后，一名本来座位在后面的男子不听乘务员劝阻，霸占前排机组座位，并将双脚蹬在隔板上。乘务长及乘客再三劝说无效后通知机长，经机长严厉告警这名霸座男子，才答应回到自己座位上。。。L十二合伙人的微博视频​", "author": "北京人不知道的北京事儿", "time": "北京人不知道的北京事儿03月25日13:04 来自iPhone客户端", "transmit": 3081, "comment": 4796, "zan": 3930, "sentiment": [{"positive_prob": 0.186315, "confidence": 0.585966, "negative_prob": 0.813685, "sentiment": 0}]}, {"text": "大家看出了哪些信息？#华为P30#系列，敬请期待！L华为终端公司的微博视频​​​", "author": "余承东", "time": "余承东03月25日18:08 来自HUAWEIP30Pro", "transmit": 172, "comment": 949, "zan": 1697, "sentiment": [{"positive_prob": 0.605335, "confidence": 0.122967, "negative_prob": 0.394665, "sentiment": 2}]}, {"text": "微光于深夜到访，让美丽无可匿藏。倒计时1天，#华为P30#捕捉暗夜之美。L华为终端官方微博的秒拍视频​", "author": "华为终端官方微博", "time": "华为终端官方微博03月25日10:04 来自秒拍网页版", "transmit": 524, "comment": 680, "zan": 4128, "sentiment": [{"positive_prob": 0.927927, "confidence": 0.839837, "negative_prob": 0.0720733, "sentiment": 2}]}, {"text": "福利字体9:Tiramisu（提拉米苏）获取方式:转发并评论一句歌词后，私信关键词：提拉米苏。格式:仅安卓通用ttf格式，英文会有单独ttf文件，方便做图什么的用。华为9.0使用觉得细的话，可以把设置中显示那里的分辨率调成HD+，就是那个低分辨率的，会粗些。​", "author": "肆柒Lyn", "time": "肆柒Lyn03月25日22:50 来自设计美学超话", "transmit": 667, "comment": 2521, "zan": 547, "sentiment": [{"positive_prob": 0.524081, "confidence": 0.518387, "negative_prob": 0.475919, "sentiment": 1}]}, {"text": "用了华为1拖15子母路由器，我的深圳豪宅每个角落都布满WiFi！L无聊的开箱的秒拍视频​", "author": "无聊的开箱", "time": "无聊的开箱03月25日22:00 来自微博weibo.com", "transmit": 2144, "comment": 637, "zan": 630, "sentiment": [{"positive_prob": 0.489852, "confidence": 0.797034, "negative_prob": 0.510148, "sentiment": 1}]}, {"text": "不仅颜值出众，性能也强悍！戳视频看#华为畅享#9S如何演绎年轻实力派？【关注并转发系列直播微博，从转发量最高的微博随机抽取5名各赠送华为畅享9S一台(颜色随机)，截止3月31日13:30】L华为终端官方微博的秒拍视频​", "author": "华为终端官方微博", "time": "华为终端官方微博03月25日14:35 来自秒拍网页版", "transmit": 1369, "comment": 352, "zan": 686, "sentiment": [{"positive_prob": 0.967879, "confidence": 0.928621, "negative_prob": 0.0321207, "sentiment": 2}]}, {"text": "华为西班牙包专机送媒体记者去巴黎参加#华为P30#发布会，霸气​", "author": "赶着脚走", "time": "赶着脚走03月25日23:50 来自HUAWEIMate10Pro", "transmit": 91, "comment": 81, "zan": 191, "sentiment": [{"positive_prob": 0.854406, "confidence": 0.676458, "negative_prob": 0.145594, "sentiment": 2}]}, {"text": "易烊千玺#千玺在nova星等你#小河粉儿受邀参加华为授权体验店的河北六城（石家庄保定秦皇岛邯郸廊坊唐山）\"HUAWEI&千纸鹤派对\"，现已圆满结束，再次感谢华为的邀请～@华为终端官方微博感谢华为方为到场鹤儿提供的礼包，准备的美食以及策划活动🎉同时感谢到场的每一位鹤儿辛苦大家的表演，期待我们的下一次见面再次祝华为nova系列大卖🎉🎉@TFBOYS-易烊千玺", "author": "易烊千玺河北粉丝团", "time": "易烊千玺河北粉丝团03月25日17:36 来自易烊千玺超话", "transmit": 513, "comment": 178, "zan": 640, "sentiment": [{"positive_prob": 0.968136, "confidence": 0.929192, "negative_prob": 0.0318638, "sentiment": 2}]}, {"text": "【折叠屏手机高调登场！刺激的不仅是感官，还引爆了一场没有硝烟的“战争”】在今年的世界移动通信大会上，随着三星GalaxyFold、华为MateX高调登场，全行业开始热议“折叠屏”，手机形态变革正式开始。虽然目前受技术、产能等因素制约，折叠屏手机仍处于起步阶段，但从产业发展角度看，折叠屏技术有可能成为智能手机产业创新竞逐焦点，国内面板厂商都开始积极布局，越来越多的面板厂商纷纷将目光投向柔性屏生产。而相比韩国厂商，国内面板厂商拥有本土配套优势、价格优势及快速响应等优势，国内面板厂商有望从折叠屏产品发展中受益。详见视频↓L央视财经的酷燃视频", "author": "央视财经", "time": "央视财经03月25日21:02 来自酷燃视频", "transmit": 57, "comment": 20, "zan": 171, "sentiment": [{"positive_prob": 0.957249, "confidence": 0.904998, "negative_prob": 0.0427509, "sentiment": 2}]}, {"text": "就在明天！多一点，精彩不止一点点#华为P30#系列+#EMUI9.1#将于3月26日北京时间21:00（巴黎时间14:00）发布，小E为你全程图文直播关注并转发本微博，猜猜EMUI9.1会有哪些新功能，抽送华为贝斯耳机2个我们不见不散哦~@微博抽奖平台​", "author": "华为EMUI", "time": "华为EMUI03月25日16:38 来自微博weibo.com", "transmit": 953, "comment": 696, "zan": 510, "sentiment": [{"positive_prob": 0.981121, "confidence": 0.958048, "negative_prob": 0.0188785, "sentiment": 2}]}, {"text": "#让陌生人保管华为保时捷#【丢了“华为保时捷”杜撰了一些情节？】小马在一家店里吃早饭，他说期间出去接了个电话，回来后，自己的华为保时捷手机不见了。听小马描述事情经过，记者心里都是问号，后来又接到小马打来的电话，问号变成了惊叹号。L1818黄金眼的酷燃视频​", "author": "1818黄金眼", "time": "1818黄金眼03月25日22:26 来自微博weibo.com", "transmit": 25, "comment": 377, "zan": 241, "sentiment": [{"positive_prob": 0.846065, "confidence": 0.657921, "negative_prob": 0.153935, "sentiment": 2}]}, {"text": "刚收到一个投稿，一位霸座男导致航班延误128分钟，并且声称不在乎这点时间，上电视挺开心！！就在昨天，桂林飞北京航班上，视频中的男子强行霸占前排机组座位，还将双脚蹬在隔板上，面对拍视频的人说，“不在乎这点时间，上电视挺开心”……，真的这种人你不让他火都不行，实在看不惯这种人L十二合伙人的微博视频​", "author": "贴吧君", "time": "贴吧君03月25日18:51", "transmit": 102, "comment": 3317, "zan": 1369, "sentiment": [{"positive_prob": 0.0324146, "confidence": 0.927968, "negative_prob": 0.967585, "sentiment": 0}]}, {"text": "小心！继华为基站后，中国高铁列车也是间谍车据俄罗斯卫星通讯社消息，美国在美中贸易战中对中国制造的铁路列车进行打击。共和党籍联邦参议员和民主党籍联邦参议员们联合向国会提交一份法案，禁止进口中国铁路列车。议员们认为，中国技术装备可能对美国的网络安全造成威胁，因为现代火车几乎装满了电子设备，而电子设备可能令中国铁路列车制造企业有隙可乘，从而开展网络间谍活动。这间谍，既漂亮，又舒服。", "author": "杜文龙", "time": "杜文龙03月25日15:43 来自HUAWEIMate9Pro", "transmit": 82, "comment": 185, "zan": 257, "sentiment": [{"positive_prob": 0.971604, "confidence": 0.936897, "negative_prob": 0.0283965, "sentiment": 2}]}, {"text": "华为手机毛利太高了，有些在50%左右，高端机是品牌溢价，苹果毛利更高呢。对中低端机则非常不利，你可能买2000块的荣耀手机，有1000块是和手机硬件成本无关的东西，包括高额人力成本，这1000块里还构成了华为人均百万年薪。最后结果，就是【你省吃俭用的2000块手机，给人家带来百万年薪，人家有钱买几套房拉高房价，让你买2000块手机压力越来越大】。这方面小米则好一些，2000块的小米，可能花在手机硬件上的至少1500，这也是雷军最近谈到的，因为小米工程师工资低，毛利率比别人低，让利客户。高端机为品牌付费，中端手机还是买性价比高的好。别说赚我的钱是发展民族工业，你工资高是为我好，这些不是消费者角度该考虑的事，也没见过哪个厂家爱国营销说卖的贵是为了行业竞争力强的。", "author": "投资舆情", "time": "投资舆情03月25日10:51 来自360安全浏览器", "transmit": 346, "comment": 446, "zan": 732, "sentiment": [{"positive_prob": 0.0054789, "confidence": 0.987824, "negative_prob": 0.994521, "sentiment": 0}]}, {"text": "【新西兰总理宣布周末访华，感谢中国理解其因枪击案调整行程】在突然改口称从未将华为排除在5G建设外之后，新西兰总理今天公布访华计划，并对中方理解其因枪击案而调整行程表示感谢。她说：“原本行程会更长，还会有一个商务代表团随行，但目前这种情况下似乎不太合适。我们的东道主中国对这些需求都非常通融，我想对此表示感谢。”O新西兰总理宣布周末访华，感谢中国理解其因枪击案调整行程", "author": "观察者网", "time": "观察者网03月25日16:02 来自微博weibo.com", "transmit": 41, "comment": 103, "zan": 186, "sentiment": [{"positive_prob": 0.93852, "confidence": 0.863378, "negative_prob": 0.0614801, "sentiment": 2}]}, {"text": "华为P30Pro这个变焦吓到我了​", "author": "搞机少女", "time": "搞机少女03月25日21:45", "transmit": 49, "comment": 136, "zan": 487, "sentiment": [{"positive_prob": 0.504119, "confidence": 0.917617, "negative_prob": 0.495881, "sentiment": 1}]}, {"text": "【击败高通华为当选5G标准组织3GPPSA全会主席】3月21日，3GPP在深圳召开第83次会议，完成了三大技术规范组的换届投票，其中，在TSGSA（服务及系统）工作组的竞选中，华为公司的GeorgMayer与高通的EddyHall对决，最终华为的GeorgMayer当选SA工作组的主席，任期两年。​", "author": "C科技", "time": "C科技03月25日08:43", "transmit": 60, "comment": 127, "zan": 608, "sentiment": [{"positive_prob": 0.945371, "confidence": 0.878603, "negative_prob": 0.0546286, "sentiment": 2}]}, {"text": "突破式创新，见证新惊喜。#华为P30#系列将于3月26日北京时间21:00（巴黎时间14:00）发布，一起#RewriteTheRules#！L华为终端公司的微博视频​", "author": "华为终端公司", "time": "华为终端公司03月25日15:04 来自微博weibo.com", "transmit": 76, "comment": 86, "zan": 328, "sentiment": [{"positive_prob": 0.967626, "confidence": 0.928059, "negative_prob": 0.0323736, "sentiment": 2}]}, {"text": "【华为宣布自建芯片工厂】华为在英国买了500英亩地，新建芯片工厂，用于设计和制造芯片。目前华为芯片自己设计，制造由台积电代工。该工厂的建立意味着华为开始了完全自主的芯片设计、制造。目前华为已在英国投资23亿美元，未来五年还将投资39亿美元（261亿元）！​", "author": "C科技", "time": "C科技03月25日19:10", "transmit": 92, "comment": 406, "zan": 387, "sentiment": [{"positive_prob": 0.952873, "confidence": 0.895274, "negative_prob": 0.0471267, "sentiment": 2}]}, {"text": "3月24号晚，桂林飞北京CA1226航班旅客登机后，一名本来座位在后面的男子不听乘务员劝阻，霸占前排机组座位，并将双脚蹬在隔板上。乘务长及周边乘客再三劝说无效后通知机长，经机长严厉告警这名霸座男子，才答应回到自己座位上。#飞机霸座男#L十二合伙人的微博视频​", "author": "十一楼主", "time": "十一楼主03月25日09:05 来自iPhone客户端", "transmit": 238, "comment": 196, "zan": 85, "sentiment": [{"positive_prob": 0.249219, "confidence": 0.44618, "negative_prob": 0.750781, "sentiment": 0}]}, {"text": "和非洲人做生意最烦的就是，每次都索要小礼物，以前是冰箱，洗衣机，现在是华为手机。每次报关都很麻烦。​", "author": "风中的厂长", "time": "风中的厂长03月25日10:43", "transmit": 64, "comment": 248, "zan": 277, "sentiment": [{"positive_prob": 0.583299, "confidence": 0.0739986, "negative_prob": 0.416701, "sentiment": 2}]}, {"text": "探索黑夜？一点微光即可。3月26日法国巴黎#华为P30#系列，倒计时1天，让我们拭目以待！L华为终端公司的秒拍视频​", "author": "华为手机", "time": "华为手机03月25日10:22 来自微博weibo.com", "transmit": 51, "comment": 180, "zan": 381, "sentiment": [{"positive_prob": 0.841465, "confidence": 0.6477, "negative_prob": 0.158535, "sentiment": 2}]}, {"text": "巴黎今天好天气期待明天#华为P30#系列发布！​", "author": "华为何刚", "time": "华为何刚03月25日18:22 来自HUAWEIMate20Pro", "transmit": 26, "comment": 121, "zan": 668, "sentiment": [{"positive_prob": 0.874272, "confidence": 0.720605, "negative_prob": 0.125728, "sentiment": 2}]}, {"text": "球迷发现，上周非洲杯预选赛南非客场利比亚的比赛，南非的国歌是用华为手机通过AUX接口播放的……L英国足球那点事的秒拍视频​", "author": "英国足球那点事", "time": "英国足球那点事03月25日14:32 来自秒拍网页版", "transmit": 16, "comment": 36, "zan": 82, "sentiment": [{"positive_prob": 0.72309, "confidence": 0.384645, "negative_prob": 0.27691, "sentiment": 2}]}, {"text": "3月26日，#华为P30#系列在浪漫之都法国巴黎正式发布；@华为手机及下图各大平台将在北京时间21：00同步直播。此外，小编告诉大家，本次发布会可在#华为视频#观看全程直播哦！#RewriteTheRules#​", "author": "华为手机", "time": "华为手机03月25日18:03 来自微博weibo.com", "transmit": 137, "comment": 307, "zan": 560, "sentiment": [{"positive_prob": 0.938227, "confidence": 0.862726, "negative_prob": 0.0617735, "sentiment": 2}]}, {"text": "用两个字评价下华为P30Pro的变焦效果​", "author": "吴小杰WJie", "time": "吴小杰WJie03月25日20:19 来自iPhoneXR", "transmit": 25, "comment": 152, "zan": 156, "sentiment": [{"positive_prob": 0.473636, "confidence": 0.472726, "negative_prob": 0.526364, "sentiment": 1}]}, {"text": "据网友：3月24日晚，桂林飞北京CA1226航班旅客登机后，一名本来座位在后面的男子不听乘务员劝阻，霸占前排机组座位，并将双脚蹬在隔板上。乘务长及乘客再三劝说无效后通知机长，经机长严厉告警这名霸座男子，才答应回到自己座位上，致使该航班比计划时间延误128分钟到达。。。L十二合伙人的微博视频​​​", "author": "N乌托邦帮主无名B", "time": "N乌托邦帮主无名B03月25日13:18", "transmit": 29, "comment": 85, "zan": 40, "sentiment": [{"positive_prob": 0.157864, "confidence": 0.64919, "negative_prob": 0.842136, "sentiment": 0}]}, {"text": "华为P20Pro的变焦​", "author": "C科技", "time": "C科技03月25日07:59", "transmit": 12, "comment": 103, "zan": 328, "sentiment": [{"positive_prob": 0.605799, "confidence": 0.123997, "negative_prob": 0.394201, "sentiment": 2}]}, {"text": "官宣了！前几天那位国外著名摄影师帕克沃尔贝克用未发布手机拍摄的影片的确是华为P30Pro所拍，华为官方已转发视频确认。见证未发布手机华为P30的混合变焦和超级夜景的有效性！观看ParkerWalbeck展示这些让您着迷的功能。请继续关注3月26日下午2点的全球发布会。WitnesstheeffectivenessoftheHybridZoomandSuperNightModeoftheunreleased#HUAWEIP30!WatchParkerWalbeckshowoffthesefeaturesthatwillleaveyouenthralled.Staytunedfortheglobalrevealat5PM26thofMarch.原视频：O网页链接L赶着脚走的微博视频", "author": "赶着脚走", "time": "赶着脚走03月25日08:00 来自微博weibo.com", "transmit": 20, "comment": 27, "zan": 79, "sentiment": [{"positive_prob": 0.955055, "confidence": 0.900121, "negative_prob": 0.0449454, "sentiment": 2}]}]