[{"text": "【为了起诉华为，这个评测人离开了他创办的公司】华为P30Pro的“月亮门”还没有结束。近日，爱否科技创始人@彭林FView宣布将辞去职务，以个人名义起诉华为在“拍月亮”涉嫌虚假宣传。其诉求并不是索赔，而是要求华为在所有涉及月亮模式的宣传中，注明这是用算法添加细节的事实。#爱否科技创始人起诉华为#O为了起诉华为，这个评测人离开了他创办的公司", "author": "新浪科技", "time": "新浪科技06月16日20:45 来自微博weibo.com", "transmit": 576, "comment": 1523, "zan": 7981, "sentiment": [{"positive_prob": 0.237386, "confidence": 0.472475, "negative_prob": 0.762614, "sentiment": 0}]}, {"text": "【西班牙开通首个商用5G网络华为是核心供应商】跨国电信运营商沃达丰15日在西班牙正式启动该国首个5G商用移动网络，首批覆盖15个城市，华为是核心设备供应商。据悉，华为公司是沃达丰5G网络的核心供应商，双方保持了十几年的长期合作关系。西班牙沃达丰5G网络的开通，将为该公司在更多国家开通5G网络作出示范和提供借鉴。戳视频⬇️L新华视点的秒拍视频", "author": "新华视点", "time": "新华视点06月16日13:31 来自微博weibo.com", "transmit": 327, "comment": 104, "zan": 1906, "sentiment": [{"positive_prob": 0.958309, "confidence": 0.907354, "negative_prob": 0.0416909, "sentiment": 2}]}, {"text": "【变脸戏法？华为一收专利费，美国反华议员就坐不住了】作为扣给中国的“帽子”之一，“窃取知识产权”近年来成为美国反华政客们反复炒作的热点。然而，6月13日，一直攻击中国对美国进行“知识产权盗窃”的美国反华政客马尔科·卢比奥发现，来自中国的华为公司正在向美国企业收取知识产权费用。于是他仿佛突然忘记了过去的言论，转而换上另一幅面孔，指责起华为公司是“专利流氓”来。@观察者网O华为一收专利费，美国反华议员卢比奥就变脸", "author": "共青团中央", "time": "共青团中央06月16日19:17", "transmit": 422, "comment": 435, "zan": 4682, "sentiment": [{"positive_prob": 0.169143, "confidence": 0.624127, "negative_prob": 0.830857, "sentiment": 0}]}, {"text": "#彭林起诉华为涉嫌虚假宣传#爱否科技创始人@彭林FView宣布辞职，将以个人名义和一个消费者身份起诉华为P30Pro拍月亮涉嫌虚假宣传。此前，爱否科技质疑华为p30造假的@王跃琨_被直播开除……​", "author": "虎嗅APP", "time": "虎嗅APP06月16日12:16", "transmit": 281, "comment": 1198, "zan": 13698, "sentiment": [{"positive_prob": 0.503945, "confidence": 0.921094, "negative_prob": 0.496055, "sentiment": 1}]}, {"text": "#移动5G采购华为数量最多#【#中国移动核心网5G大单#华为中标数量最多】近日，中国移动公布核心网5G大单，华为中标数量最多，是此次5G采购大单的赢家。在MME设备招标上，华为、中兴、爱立信和诺基亚的中标数量分别为219、22、153和56套；在SAE-GW设备上，华为、中兴、爱立信和诺基亚的中标数量分别为369、21、231和60套。O中国移动公布核心网5G大单华为中标数量最多", "author": "新浪科技", "time": "新浪科技06月16日09:42 来自微博weibo.com", "transmit": 345, "comment": 402, "zan": 5636, "sentiment": [{"positive_prob": 0.935015, "confidence": 0.855589, "negative_prob": 0.0649852, "sentiment": 2}]}, {"text": "【西班牙开通首个商用5G网络华为是核心供应商】跨国电信运营商沃达丰15日在西班牙正式启动该国首个5G商用移动网络，首批覆盖15个城市，华为是核心设备供应商。据悉，华为公司是沃达丰5G网络的核心供应商，双方保持了十几年的长期合作关系。西班牙沃达丰5G网络的开通，将为该公司在更多国家开通5G网络作出示范和提供借鉴。戳视频↓@新华视点L新华视点的秒拍视频", "author": "新华网", "time": "新华网06月16日15:31 来自微博weibo.com", "transmit": 52, "comment": 24, "zan": 338, "sentiment": [{"positive_prob": 0.954162, "confidence": 0.898138, "negative_prob": 0.0458379, "sentiment": 2}]}, {"text": "彭林宣布辞职，以个人身份、一个消费者身份起诉华为P30Pro拍月亮涉嫌虚假宣传，但是找不到专业检测机构（专业机构不接受个人委托），需要大家帮助。你们怎么看？​", "author": "C科技", "time": "C科技06月16日10:32", "transmit": 185, "comment": 1246, "zan": 4722, "sentiment": [{"positive_prob": 0.165668, "confidence": 0.63185, "negative_prob": 0.834332, "sentiment": 0}]}, {"text": "#第一聆听#【世界上成才率最高的“商学院”在哪里？就连华为也要向它学习，了解一下】有这么一所“商学院”，号称“成材率”最高。世界500强当中的美国企业，有2/3的董事长、副董事长，1/3的CEO都毕业于此。华为的任正非先生也曾向这所学校学习企业管理的经验，并且进行了“独门”改造。它究竟是哪所“商学院”？华为又从它的身上学到了什么呢？戳视频，央视主播@逍遥狐狸-周运为你揭秘！L央视财经的酷燃视频", "author": "央视财经", "time": "央视财经06月16日09:00 来自微博weibo.com", "transmit": 76, "comment": 14, "zan": 141, "sentiment": [{"positive_prob": 0.981343, "confidence": 0.958539, "negative_prob": 0.0186573, "sentiment": 2}]}, {"text": "【爱否科技创始人彭林辞职起诉华为：要注明“拍月亮”用算法】在华为“月亮门”一事发生2个月后，此事又出现了新的进展，而提起这个话题的，正是此前开除了质疑华为“p月亮”的员工王跃琨的爱否创始人@彭林FView。6月16日，彭林在微博宣布：他辞去了自己在北京爱否科技有限公司的职位，要以个人身份起诉华为，要求华为在涉及到月亮模式宣传的地方，都要注明用算法添加细节，且在手机内为用户增加提示。消息一出，舆论哗然。毕竟，2个月前，彭林曾公开表示：华为的“拍月亮模式”并没有到王跃琨所言“P图”的程度，随后他还开除了王跃琨，自罚一个月工资，并将爱否科技视频内容停更了一个月……怎么短短的2个月过去，他又要起诉了？O爱否科技创始人彭林辞职起诉华为：要注明“拍月亮”用算法", "author": "观察者网", "time": "观察者网06月16日21:20 来自微博weibo.com", "transmit": 246, "comment": 2432, "zan": 14968, "sentiment": [{"positive_prob": 0.627424, "confidence": 0.172054, "negative_prob": 0.372576, "sentiment": 2}]}, {"text": "开始了开始了“华为在前方打仗，你在后方断粮”“个人利益事小，国家利益事大”“政治敏感性太低，维权得分时间”“没事找事，背后捅刀”……牛逼，彭林维个权成“损害国家利益”了，请问损害的是哪个国家？​", "author": "搞机Time", "time": "搞机Time06月16日12:22 来自OnePlus7Pro", "transmit": 518, "comment": 905, "zan": 9800, "sentiment": [{"positive_prob": 0.0167495, "confidence": 0.962779, "negative_prob": 0.983251, "sentiment": 0}]}, {"text": "这几天的内容好丰富，但又不能剧透，只好发点我无聊时候打发时间的事了…在大沙漠里，有一天晚上月亮特别亮，我突然想到了华为拍月亮那个事，于是就用我手机试了试，不过很可惜，我的手实在拿不稳，有机会再用架子试试吧……L陈震同学的微博视频​", "author": "陈震同学", "time": "陈震同学06月16日19:27 来自微博视频", "transmit": 32, "comment": 532, "zan": 1806, "sentiment": [{"positive_prob": 0.722204, "confidence": 0.382676, "negative_prob": 0.277796, "sentiment": 2}]}, {"text": "同一个商场同一层的小米、华为、联想……​", "author": "中国IT杂谈", "time": "中国IT杂谈06月16日19:35", "transmit": 64, "comment": 567, "zan": 2875, "sentiment": [{"positive_prob": 0.5324, "confidence": 0.352001, "negative_prob": 0.4676, "sentiment": 1}]}, {"text": "在“粉湖”用我的华为P30pro拍了两张照片，一个用标准模式拍摄，一个用的鲜艳模式拍摄。那么问题来了，你到底是希望得到一张和现实一模一样的照片呢？还是希望得到一张你想要的照片呢～​", "author": "陈震同学", "time": "陈震同学06月16日18:05 来自HUAWEIP30Pro", "transmit": 35, "comment": 501, "zan": 1357, "sentiment": [{"positive_prob": 0.744771, "confidence": 0.432824, "negative_prob": 0.255229, "sentiment": 2}]}, {"text": "【#中移动公布核心网5G大单#华为中兴爱立信诺基亚中标】近日，中国移动公布《2019年核心网支持5GNSA功能升级改造设备集中采购单一来源采购信息公告》，华为、中兴、爱立信和诺基亚成功中标，其中华为的中标数量最多，是此次5G采购大单的赢家。#中国移动核心网5G大单#@新京报O中移动公布核心网5G大单华为中兴爱立信诺基亚中标​", "author": "财经网", "time": "财经网06月16日10:29 来自微博weibo.com", "transmit": 40, "comment": 112, "zan": 222, "sentiment": [{"positive_prob": 0.759744, "confidence": 0.466097, "negative_prob": 0.240256, "sentiment": 2}]}, {"text": "【华为一收专利费，美国反华议员就变脸】作为扣给中国的“帽子”之一，“窃取知识产权”近年来成为美国反华政客们反复炒作的热点。然而，6月13日，一直攻击中国对美国进行“知识产权盗窃”的美国反华政客马尔科·卢比奥突然发现，来自中国的华为公司正在向美国企业收取知识产权费用。于是他仿佛突然忘记了过去的言论，转而换上另一幅面孔，指责起华为公司是“专利流氓”来。O华为一收专利费，美国反华议员卢比奥就变脸", "author": "观察者网", "time": "观察者网06月16日14:01 来自微博weibo.com", "transmit": 441, "comment": 229, "zan": 3936, "sentiment": [{"positive_prob": 0.205677, "confidence": 0.542939, "negative_prob": 0.794323, "sentiment": 0}]}, {"text": "北电之死：谁谋杀了华为的对手？O北电之死：谁谋杀了华为的对手？华为75亿美元卖给摩托罗拉谈成后，任正非和摩托罗拉总裁穿花衣服等董事会批准。没想到美方董事会看不起华为给否了。这个扎总裁又跑去北电救火。北电胡乱收购股市造假，没得救了。直到2009年北电倒闭，西方社会都看不起华为。​", "author": "风云学会陈经", "time": "风云学会陈经06月16日09:37 来自小米9", "transmit": 1267, "comment": 327, "zan": 2112, "sentiment": [{"positive_prob": 0.00715329, "confidence": 0.984104, "negative_prob": 0.992847, "sentiment": 0}]}, {"text": "#彭林起诉华为涉嫌虚假宣传#对于我这个普通用户来说，这款机子带来的是50倍的体验，这种体验非常美妙，谁用谁知道。说他造假也好，说他算法有问题也罢，谁搞出更好的体验我就挺谁，不因为他是华为。如果你认为华为造假，在美国禁令来之前为什么不起诉呢？现在华为被美国举国打压，毫无疑问，这个举动一定会被美国人利用并大肆宣传，无论有什么样的正当理由，客观上就是美国的帮凶。", "author": "巍岳钦禹", "time": "巍岳钦禹06月16日16:39 来自HUAWEIP30Pro", "transmit": 180, "comment": 678, "zan": 2633, "sentiment": [{"positive_prob": 0.0848186, "confidence": 0.811514, "negative_prob": 0.915181, "sentiment": 0}]}, {"text": "【为了起诉华为这个评测人离开了他创办的公司】4月13日，国内评测机构“爱否科技”员工王跃坤对P30Pro的“月亮模式”提出了质疑，他认为这款机器拍出的月亮细节是通过算法“P出来”的，引发轩然大波。随着事件逐渐发酵，爱否科技选择了直播回应，其创始人彭林，以“证据不足黑厂商”为由，对王跃坤进行了开除处理。但爱否科技似乎没有放弃。6月16日上午，创始人彭林在微博发布了一则视频，宣布将辞去公司的一切职务，以个人名义起诉华为在“拍月亮”涉嫌虚假宣传。O为了起诉华为这个评测人离开了他创办的公司", "author": "凤凰网财经", "time": "凤凰网财经06月16日18:30 来自微博weibo.com", "transmit": 226, "comment": 1354, "zan": 5787, "sentiment": [{"positive_prob": 0.255685, "confidence": 0.431812, "negative_prob": 0.744315, "sentiment": 0}]}, {"text": "林俊杰SANCTUARY•HEFEI每个瞬间我都想留住来自：1080后排小号视角拍摄：华为p30pro​", "author": "城里的猫狗", "time": "城里的猫狗06月16日23:42 来自林俊杰超话", "transmit": 25, "comment": 177, "zan": 237, "sentiment": [{"positive_prob": 0.653606, "confidence": 0.230235, "negative_prob": 0.346394, "sentiment": 2}]}, {"text": "2003年12月，华为75亿美元卖给摩托罗拉谈成后，任正非和摩托罗拉总裁穿花衣服等董事会批准。2004年1月5日，摩托罗拉董事会突然公布了人事任命，银湖资本（SilverLake）董事总经理爱德华·詹德出任CEO，与华为谈妥收购扎菲罗夫斯基被判出局。詹德既不了解华为，也不重视中国，直截了当地否决了收购，正在等待消息的华为和任正非被兜头浇了一盆冷水。在创业初期，QQ当年也是做不下去了，马化腾找过新浪王志东、搜狐张朝阳等人，寻求卖掉QQ。结果王志东、张朝阳们，都觉得QQ技术含量太低，遂拒绝收购。马化腾只好硬着头皮继续做下去，最终腾讯市值进入全球科技公司TOP10。如果当初有人肯收购，我相信华为或者腾讯都会选择“卖身”。正是因为收购被否、或者根本没人收购，他们只能硬着头皮继续做下去，这才有了两个巨头。选择比努力更重要？这不但是一种投机思维，还是一种妄想和幻象。最终能够有所成就的，往往是在别无选择之后，只能硬着头皮走剩下的那条唯一道路，以弱小硬抗强大的竞争对手，作为勇者于狭路中获胜。对个体来说也一样，男人没有选择，必须“踏上一条极为艰苦的道路”；而女人则有更多选择，可以选择努力拼搏、也可以选择依靠老公。结果呢？", "author": "何夕", "time": "何夕06月16日12:07 来自微博weibo.com", "transmit": 454, "comment": 1, "zan": 1716, "sentiment": [{"positive_prob": 0.0396937, "confidence": 0.911792, "negative_prob": 0.960306, "sentiment": 0}]}, {"text": "#父亲节快乐#亲爱的一楠，父亲节一大早就收到你的HUAWEIP30Pro，真开心😘我知道这是你对我的问候、鼓励和拥抱！咱们也要像华为一样，脚踏实地，做出最好的作品！感谢一楠@王一楠感谢@华为终端官方微博​", "author": "演员刘琳", "time": "演员刘琳06月16日12:34 来自HUAWEIP30Pro", "transmit": 18, "comment": 197, "zan": 1962, "sentiment": [{"positive_prob": 0.991024, "confidence": 0.980053, "negative_prob": 0.00897593, "sentiment": 2}]}, {"text": "【美媒：#华为拥有超5万项专利#专家：啥设备都在用华为技术】彭博社报道，据Anaqua知识产权管理平台：华为在全世界共有56492项专利，覆盖全世界的电讯、网络及其他高科技领域。光去年华为就在美获1680个专利。美科技专家：不论你用华为还是爱立信设备，你都在用华为技术。（来源：@全球消费情报​）L全球消费情报的秒拍视频", "author": "每日经济新闻", "time": "每日经济新闻06月16日20:05 来自微博weibo.com", "transmit": 27, "comment": 13, "zan": 118, "sentiment": [{"positive_prob": 0.973027, "confidence": 0.940059, "negative_prob": 0.0269733, "sentiment": 2}]}, {"text": "【美媒：#华为拥有超5万项专利#专家：啥设备都在用华为技术】彭博社报道，据Anaqua知识产权管理平台：华为在全世界共有56492项专利，覆盖全世界的电讯、网络及其他高科技领域。光去年华为就在美获1680个专利。美科技专家：不论你用华为还是爱立信设备，你都在用华为技术。@全球消费情报L全球消费情报的秒拍视频​​​", "author": "新浪科技", "time": "新浪科技06月16日07:04 来自索尼Xperia™XZPremium", "transmit": 42, "comment": 22, "zan": 297, "sentiment": [{"positive_prob": 0.975751, "confidence": 0.946113, "negative_prob": 0.0242489, "sentiment": 2}]}, {"text": "华为之所以为所欲为，就是因为在一次次虚假宣传后，依靠着强大的法务毫发无损。通过时间让大家遗忘，然后又一次次上演，周而复始。​", "author": "Geek_Cao", "time": "Geek_Cao06月16日15:29", "transmit": 146, "comment": 2062, "zan": 8419, "sentiment": [{"positive_prob": 0.911328, "confidence": 0.80295, "negative_prob": 0.0886723, "sentiment": 2}]}, {"text": "一位泰国摄影师小哥用华为HUAWEIP30PRO拍出的曼谷，厉害了。。。我用相机也拍不出。哈哈​", "author": "泰国阿姐", "time": "泰国阿姐06月16日14:56 来自iPhoneXSMax", "transmit": 40, "comment": 20, "zan": 200, "sentiment": [{"positive_prob": 0.86683, "confidence": 0.704067, "negative_prob": 0.13317, "sentiment": 2}]}, {"text": "【为了起诉华为，这个评测人离开了他创办的公司】华为P30Pro的“月亮门”还没有结束。6月16日上午，爱否科技创始人@彭林FView在微博发布了一则视频，宣布将辞去公司的一切职务，以个人名义起诉华为在“拍月亮”涉嫌虚假宣传。视频中，彭林讲述了他的维权过程，他向华为客服反馈，对方告知他这是正常现象，而向消费者协会投诉，也无法在短时间内得到反馈，不得已他只能选择起诉这条路，但个人评测的结果，无法作为证据，只能寻找公证处和权威机构，而这条路，也因为“不接受个人委托”而被堵死。评测机构的出发点可以理解，通过算法帮助用户拍到更好的照片，当然是好事，但你要明确告知消费者，这是算法“算”出来的，而不是真的拍出来的，而通过算法结果宣传变焦性能，就涉嫌“虚假宣传”。“月亮门”其实也是一个算法的“度”的问题，当下的智能手机，没有任何一部在拍摄过程中，是没有算法参与的，美颜算不算造假呢？毕竟你不长那样啊；超级夜景算不算造假呢？毕竟真实环境可没那么亮。可以想象的是，彭林后续的取证过程甚至会更艰难，毕竟，这算不算造假，目前都还没有盖棺定论。在这个时间段起诉华为，确实非常敏感。彭林作为评测机构的创始人，这件事可以算是“利益相关”，无法证明爱否科技和彭林是蹭热度，也无法证明他不是蹭热度，你可以说他是碰瓷，也可以说是“勇士”。只是相比无端的动机揣测和道德指责，我们更关注的是案件后续的进展。我们都希望中国的产品能更好，但我们也更希望看到，市场更加公开透明，中国企业能以更高的标准要求自己。毕竟，时代在进步，维权总是靠“砸”，大家都不体面。#彭林起诉华为涉嫌虚假宣传#O网页链接", "author": "虎嗅APP", "time": "虎嗅APP06月16日21:01 来自微博weibo.com", "transmit": 122, "comment": 716, "zan": 4245, "sentiment": [{"positive_prob": 0.0432167, "confidence": 0.903963, "negative_prob": 0.956783, "sentiment": 0}]}, {"text": "看了下彭林公告起诉华为的微博，评论95%都是支持彭林的。你们怎么看？​", "author": "C科技", "time": "C科技06月16日14:10", "transmit": 163, "comment": 908, "zan": 2953, "sentiment": [{"positive_prob": 0.429113, "confidence": 0.0464165, "negative_prob": 0.570887, "sentiment": 0}]}, {"text": "美国人为何要搞华为，看一下周总这个视频吧，分析挺有道理的【中移动公布核心网5G大单华为中标数量最多】近日，中国移动公布核心网5G大单，华为中标数量最多，是此次5G采购大单的赢家。#移动5G采购华为数量最多#L老蒋政治-蒋中挺的微博视频​", "author": "老蒋政治-蒋中挺", "time": "老蒋政治-蒋中挺06月16日12:55", "transmit": 98, "comment": 74, "zan": 824, "sentiment": [{"positive_prob": 0.468732, "confidence": 0.37465, "negative_prob": 0.531267, "sentiment": 1}]}, {"text": "#彭林起诉华为涉嫌虚假宣传#嗯所以面对彭林的质疑，海军还是一如既往的拿出爱国牌来，反正华为没事也是这个套路，华为有事也是这个套路。为什么现在会有那么多熊孩子不奇怪了吧？“自己的”横竖好坏都护着，什么理由都找得出来，一顶爱国帽子用的飞起，无论什么时候什么场合都打爱国牌。。。​", "author": "MebiuW", "time": "MebiuW06月16日13:00 来自微博weibo.com", "transmit": 198, "comment": 465, "zan": 2466, "sentiment": [{"positive_prob": 0.564655, "confidence": 0.0325656, "negative_prob": 0.435346, "sentiment": 2}]}, {"text": "有人说华为手机涉嫌虚假宣传，这位网友写得很形象了，我竟无力反驳...​", "author": "程序员新视界", "time": "程序员新视界06月16日19:46 来自微博weibo.com", "transmit": 158, "comment": 604, "zan": 3110, "sentiment": [{"positive_prob": 0.0873555, "confidence": 0.805877, "negative_prob": 0.912644, "sentiment": 0}]}]