[{"text": "【纽约时报记者：华为应该考虑让董事变成外国人】在华为公司的财报发布会上，美国纽约时报记者表示华为应该考虑让董事变成外国人，以消除西方政府的担忧。华为轮值董事长郭平则回应说，我们是员工持股，所以谁拥有华为和谁控制华为，很清楚了。他还说，所有的华为的董事和管理层是很早年都加入华为，随着华为一起成长。所以以美国的情报能力这对于他们不是秘密。（环球时报英文版记者陈青青）", "author": "环球时报", "time": "环球时报03月29日12:01 来自微博weibo.com", "transmit": 1375, "comment": 1255, "zan": 930, "sentiment": [{"positive_prob": 0.46379, "confidence": 0.275802, "negative_prob": 0.53621, "sentiment": 1}]}, {"text": "【社评：谷歌，每一次都不是中国要你走】谷歌因为在北京开设了一个人工智能研究中心，而受到美国军方和一些激进舆论的批评。这是华盛顿致力于在高科技领域打压中国的又一突出例子。阻止盟友使用华为产品是扼杀中国高科技企业的努力，而阻止谷歌在中国开展合作则是要浇灭美国高科技企业进入中国市场的热情。2010年谷歌搜索业务撤出中国，当时是美国价值观所形成的压力迫使它离开。今天美国政府又以安全为由要谷歌的研究项目离开中国。中国一直没有变，欢迎谷歌和美国互联网公司在遵守中国法律的情况下来华开展业务。美国的信息产业巨头是否有帮政府搜集情报的义务呢？这才是真正现实的问题。O社评：谷歌，每一次都不是中国要你走", "author": "环球时报", "time": "环球时报03月29日09:50 来自微博weibo.com", "transmit": 205, "comment": 430, "zan": 329, "sentiment": [{"positive_prob": 0.895257, "confidence": 0.767237, "negative_prob": 0.104744, "sentiment": 2}]}, {"text": "【华为首席法务官：华为目前没有上市计划】当问及华为是否有上市计划，以及上市是否可以缓解以美国为首的西方国家的担忧时，华为首席法务官宋柳平说，华为目前没有上市计划。华为100%的股权由员工持股，没有任何第三方股权，也没有任何组织持有公司的股份。（环球时报英文版记者陈青青）​", "author": "环球时报", "time": "环球时报03月29日11:42 来自微博weibo.com", "transmit": 47, "comment": 219, "zan": 495, "sentiment": [{"positive_prob": 0.1787, "confidence": 0.602888, "negative_prob": 0.8213, "sentiment": 0}]}, {"text": "【华为轮值董事长：美国吃相难看】华为轮值董事长郭平在3月29日华为年度财报发布会上说，目前美国的行为出于什么样的目的大家都心知肚明。对于最近一段时间，美国在西方盟友国家游说其在5G建设中放弃华为的设备和产品。“美国吃相难看，”郭平评论道。他说，外部的压力也能让华为不断改善产品的安全性和改善公司的运营，也能让华为变得更强。美国的压力不会让华为停止前进的脚步。（环球时报英文版记者陈青青）", "author": "环球时报", "time": "环球时报03月29日11:29 来自微博weibo.com", "transmit": 45, "comment": 123, "zan": 425, "sentiment": [{"positive_prob": 0.277657, "confidence": 0.382984, "negative_prob": 0.722343, "sentiment": 0}]}, {"text": "【华为高级副总裁：华为绝对不会配合任何政府或情报部门】对于外界对基于2018年通过的《国家情报法》，华为是否会帮助中国政府搜集相关情报的问题，华为高级副总裁陈黎芳在3月29日华为年度财报发布会上再次强调，华为坚决不会配合任何政府或情报部门搜集情报。她说到，看到美国有类似的云法案、澳大利亚AA法案要求通信行业协助当地安全和执法机构执法时，是很震惊的。“华为绝对不会配合任何政府或情报部门。”陈黎芳再次强调。（环球时报英文版记者陈青青）", "author": "环球时报", "time": "环球时报03月29日11:38 来自微博weibo.com", "transmit": 62, "comment": 218, "zan": 325, "sentiment": [{"positive_prob": 0.528682, "confidence": 0.42636, "negative_prob": 0.471318, "sentiment": 1}]}, {"text": "【华为：目前没有上市计划】华为首席法务官宋柳平表示，很清楚，100%的股权由员工持有，没有任何第三方股权、没有任何组织持有华为股份。华为目前没有上市计划。​", "author": "新浪财经", "time": "新浪财经03月29日11:37 来自专业版微博", "transmit": 145, "comment": 303, "zan": 477, "sentiment": [{"positive_prob": 0.153447, "confidence": 0.659006, "negative_prob": 0.846553, "sentiment": 0}]}, {"text": "美国政府是失败者的心理。竞争不过就抹黑华为，我希望美国调一调。——华为轮值董事长郭平（环球时报英文版记者陈青青）​​​​", "author": "环球时报", "time": "环球时报03月29日11:54 来自微博weibo.com", "transmit": 66, "comment": 137, "zan": 690, "sentiment": [{"positive_prob": 0.416993, "confidence": 0.0733489, "negative_prob": 0.583007, "sentiment": 0}]}, {"text": "华为2018年年报向大家交出一份成绩单！面对激烈竞争，我们持续强力研发创新，坚持为客户创造价值，以开放包容的态度，拥抱智能未来！​", "author": "余承东", "time": "余承东03月29日18:31 来自HUAWEIP30Pro", "transmit": 670, "comment": 914, "zan": 3447, "sentiment": [{"positive_prob": 0.870608, "confidence": 0.712462, "negative_prob": 0.129392, "sentiment": 2}]}, {"text": "#张语格#❤️#张语格0511生日快乐#想不起说过的话，却知道张扬无畏。望不到梦想的影子，却看得到努力的身影。我知道你并不是为我们而生，可有幸我们相遇相伴。当日光给你镀上成熟，当月华为你增添妩媚，时间带走了青涩的你，带来了更优秀的你。关不掉对你的喜欢了，所以，你的生日快乐由我们守护！本期#送爱豆上拾柒开屏#的主角是@SNH48-张语格！同样的，转发本条微博过万，即可为张语格解锁0511生日当天的拾柒开屏应援哦。", "author": "拾柒网络", "time": "拾柒网络03月29日18:30 来自微博weibo.com", "transmit": 9711, "comment": 132, "zan": 140, "sentiment": [{"positive_prob": 0.996735, "confidence": 0.992745, "negative_prob": 0.00326467, "sentiment": 2}]}, {"text": "【46页PPT：华为内部团队晋升资格标准体系】这是华为成为世界巨头的管理内涵，干货，值得收藏！​", "author": "互联网分析沙龙", "time": "互联网分析沙龙03月29日14:30 来自微博weibo.com", "transmit": 106, "comment": 3, "zan": 103, "sentiment": [{"positive_prob": 0.699414, "confidence": 0.332032, "negative_prob": 0.300586, "sentiment": 2}]}, {"text": "【英国网络安全机构又发报告，华为愿积极配合实现“最严格”监管】本周四，华为在回应英国国家网络安全中心（NCSC）当日发布的最新调查报告时表示，愿意继续与英国的电信运营商以及NCSC合作，不断提高技术实力，并构建更高水平的网络安全保障和评估公共标准。NCSC发布的“2019年华为网络安全评估报告”中称，目前对华为的网络安全评估已经使用了最严格的标准，但未能证明华为对英国的网络安全造成了实质性威胁。同时该报告提出了对华为软件工程能力发展的一些担忧，并认为自上一份评估报告出炉以来华为未做出“实质性改进”。华为表示将严肃对待报告里所涉及的关切。（记者AngusMcNeice闫东洁视频欧阳雪妍）L中报视频的秒拍视频", "author": "中国日报", "time": "中国日报03月29日07:45 来自微博weibo.com", "transmit": 26, "comment": 19, "zan": 91, "sentiment": [{"positive_prob": 0.770378, "confidence": 0.489729, "negative_prob": 0.229622, "sentiment": 2}]}, {"text": "华为P30p这次的OIS效果确实不错。也是添加了形状记忆合金。原理就是用镍钛合金做成金属丝（25微米），非常细。被微电流加热就会快速的发生形变，产生的驱动力来完成OIS防抖模组的校正。传统的OIS装置使用的驱动器有音圈马达(VCM)式OIS装置、形状记忆合金(SMA)式OIS装置、VCM-SMA式OIS装置、压电式OIS装置，步进马达式OIS装置。VCM-SMA式OIS装置的优点是驱动速度快、体积小、功耗低、效率高。SMA实际放在手机上就是可以推动更重的模组，而且可以减少70%的厚度。15个触点减少到7个，组装起来也更简单。没有电磁干扰，还能省位置传感器。适合大规模生产。最早是哈钦森公司发布的，在2015年。我找到了新科实业有限公司的组装专利。华为说是跟供应链联合研发了4年。时间也对得上。我能找到的资料都在图片，可能是目前最全的吧。。。", "author": "欧阳秋叶", "time": "欧阳秋叶03月29日01:13 来自UC浏览器电脑版", "transmit": 46, "comment": 281, "zan": 231, "sentiment": [{"positive_prob": 0.988898, "confidence": 0.975328, "negative_prob": 0.0111024, "sentiment": 2}]}, {"text": "【华为手机业务首次成为集团第一大营收来源】华为2018年年报显示，消费者业务首次成为华为第一大营收支柱，全年营收3489亿元，同比增长45.1%，占总营收48.4%。​", "author": "新浪科技", "time": "新浪科技03月29日10:20 来自微博weibo.com", "transmit": 45, "comment": 135, "zan": 114, "sentiment": [{"positive_prob": 0.735625, "confidence": 0.4125, "negative_prob": 0.264375, "sentiment": 2}]}, {"text": "土澳前总理特恩布尔最近连续两次表示，当下全球的四大5G供应商，除了华为和中兴，就是北欧的诺基亚和爱立信，而五眼联盟一个都没有。特恩布尔感慨，目前的发展态势反映出西方国家的“重大失败”（significantfailure）。别拿川总约谈谷歌的老大当成笑话看，说明盎格鲁撒克逊的精英就是要在这些下一代科技树的关键领域打压我们，其他的都是借口。", "author": "历史的进城", "time": "历史的进城03月29日09:38 来自历史的进城Android", "transmit": 91, "comment": 25, "zan": 101, "sentiment": [{"positive_prob": 0.294929, "confidence": 0.344601, "negative_prob": 0.70507, "sentiment": 0}]}, {"text": "【华为2018年报：收入破千亿美元研发投入远超A股公司】2018年华为全球销售收入7212亿元，同比增长19.5%；净利润593亿元，同比增长25.1%；研发费用1015亿元，占收入的14.1%，近十年研发费用4800亿元。亮点一：首次全年销售收入超1000亿美元；亮点二：消费者业务板块最高增长达45.1%；亮点三：全球市场多点开花；亮点四：5G商用落地全球市场。最近10年，华为的研发投入是中兴的5倍。参考2017年，全部3000多家上市A股公司，总计研发投入为5962亿元。中兴通讯的研发费用，也排进了A股前3。O华为2018年报：收入破千亿美元研发投入远超A股公司", "author": "新浪证券", "time": "新浪证券03月29日13:42 来自微博weibo.com", "transmit": 45, "comment": 11, "zan": 52, "sentiment": [{"positive_prob": 0.0190301, "confidence": 0.957711, "negative_prob": 0.98097, "sentiment": 0}]}, {"text": "【华为陈黎芳：任何组织提出安装后门华为坚决不会配合】外媒提问：假如中国政府索要信息怎么办？华为高级副总裁、董事陈黎芳回答称，任何政府、任何组织向华为提出安装后门，或者提供信息，华为是坚决不会配合的。中国政府的多位领导人已经在多个场合澄清，中国没有法律要求中国企业安装后门搜集他国的信息。O华为陈黎芳：任何组织提出安装后门华为坚决不会配合", "author": "新浪科技", "time": "新浪科技03月29日11:31 来自微博weibo.com", "transmit": 148, "comment": 155, "zan": 53, "sentiment": [{"positive_prob": 0.00771453, "confidence": 0.982857, "negative_prob": 0.992285, "sentiment": 0}]}, {"text": "Mrwhosetheboss的华为P30Provs三星S10+vsiPhoneXSMax拍照对比测试，建议去油管看4K的视频评测：O网页链接，微博搬运的太不清楚了，影响判断LXiao1u的微博视频​", "author": "Xiao1u", "time": "Xiao1u03月29日20:54 来自微博视频", "transmit": 234, "comment": 239, "zan": 151, "sentiment": [{"positive_prob": 0.473909, "confidence": 0.478181, "negative_prob": 0.526091, "sentiment": 1}]}, {"text": "易烊千玺易烊千玺给你一点甜甜「忙完后，他的选择是直接回家，家里有9只猫等着他」@TFBOYS-易烊千玺yyqx四字弟弟yyqx封面yyqx华为yyqx帅四字弟弟可爱​", "author": "馒头烧仙草", "time": "馒头烧仙草03月29日21:46 来自易烊千玺超话", "transmit": 976, "comment": 238, "zan": 777, "sentiment": [{"positive_prob": 0.946446, "confidence": 0.880992, "negative_prob": 0.0535538, "sentiment": 2}]}, {"text": "【#华为2018年财报#：净利593亿元同比增长25.1%】北京时间3月29日，华为在深圳总部发布2018年全年财报。根据财报显示，2018年华为全球销售收入7212亿元，同比增长19.5%；净利润为593亿元，同比增长25.1%。2018年华为研发费用达1015亿元，投入占比销售收入14.1%，位列欧盟发布的2018年工业研发投资排名第五位；其近十年研发费用总计超过4800亿元。O华为公布2018年财报：净利593亿元同比增长25.1%", "author": "凤凰网财经", "time": "凤凰网财经03月29日10:27 来自专业版微博", "transmit": 36, "comment": 59, "zan": 100, "sentiment": [{"positive_prob": 0.951448, "confidence": 0.892107, "negative_prob": 0.0485519, "sentiment": 2}]}, {"text": "【华为2018年实现销售收入7212亿元研发费用超千亿】#华为研发费用超千亿#华为发布2018年年度报告：2018年，华为实现全球销售收入7212亿元，同比增长19.5%，净利润593亿元，同比增长25.1%。2018年华为研发费用达1015亿元，投入占比销售收入14.1%，位列欧盟发布的2018年工业研发投资排名第五位。华为近十年投入研发费用总计超过4800亿元。O华为2018年净利润同比增长25%研发费用超千亿", "author": "每日经济新闻", "time": "每日经济新闻03月29日10:26 来自搜狗高速浏览器", "transmit": 24, "comment": 21, "zan": 91, "sentiment": [{"positive_prob": 0.95798, "confidence": 0.906623, "negative_prob": 0.0420196, "sentiment": 2}]}, {"text": "朋友圈看到这组用华为P30Pro在巴黎拍的样片了​", "author": "晴天披沥", "time": "晴天披沥03月29日08:32 来自iPhoneXSMax(深空灰)", "transmit": 17, "comment": 27, "zan": 102, "sentiment": [{"positive_prob": 0.553078, "confidence": 0.0068401, "negative_prob": 0.446922, "sentiment": 2}]}, {"text": "【推荐｜这个诺基亚员工爆料有点猛！美国是如何搞垮诺基亚的？为什么近两年任正非老总频频现身？虽然手段不同！华为正在面临美国对待当年诺基亚的压力……】#华为##科技#​​​", "author": "建华Wei业", "time": "建华Wei业03月29日07:44 来自华为超话", "transmit": 122, "comment": 167, "zan": 393, "sentiment": [{"positive_prob": 0.752594, "confidence": 0.450208, "negative_prob": 0.247407, "sentiment": 2}]}, {"text": "华为轮值董事长郭平在3月29日华为年度财报发布会上说，目前美国的行为出于什么样的目的大家都心知肚明。对于最近一段时间，美国在西方盟友国家游说其在5G建设中放弃华为的设备和产品。“美国吃相难看，”郭平评论道。他说，外部的压力也能让华为不断改善产品的安全性和改善公司的运营，也能让华为变得更强。美国的压力不会让华为停止前进的脚步。", "author": "wu2198", "time": "wu219803月29日12:13", "transmit": 10, "comment": 117, "zan": 1541, "sentiment": [{"positive_prob": 0.509788, "confidence": 0.804233, "negative_prob": 0.490212, "sentiment": 1}]}, {"text": "#联通5G来了#【联通5G晋入未来：山西联通独家支撑圣火采集视频直播】3月28日，山西联通联合华为公司独家5G支撑在山西芮城举行的中华人民共和国第二届青年运动会圣火采集仪式视频直播，将人类180万年前最早用火的西侯度遗址呈现在全国人民面前。　　　山西联通在西侯度演播现场独家提供5G网络及5G转播用无人机、CPE等先进设备，山西广播电视台公共频道的所有5G转播视频均由山西联通进行联调、部署，并实现5G网络下现场多机位高清直播画面的全流程实时回传；实现现场固定VR画面实时图像拼接，利用5G网络将视频流推送至VR直播平台和VR眼镜，观众通过手机链接和5GVR眼镜实时观看现场画面；实现现场无人机航拍后，通过5G地空传输，实时画面实时拼接，实时视频流推送至VR直播平台和VR眼镜，观众通过手机链接和5GVR眼镜实时观看现场画面。山西联通独家保障的此次5G直播，是传统媒体与新媒体、新技术全面融合、推动融媒体事业向纵深发展的生动实践，“VR设备+5G网络+视频内容”，展示了5G超小时延、360度全景直播、5G实景实时拼接、实时传输、实时演示等综合实力，这在全国电视频道转播中尚属首例。", "author": "中国联通", "time": "中国联通03月29日21:11", "transmit": 184, "comment": 55, "zan": 63, "sentiment": [{"positive_prob": 0.99077, "confidence": 0.979489, "negative_prob": 0.00923003, "sentiment": 2}]}, {"text": "近一点，再近一点，于天空之境遇见布达拉宫。#华为P30#​", "author": "华为终端官方微博", "time": "华为终端官方微博03月29日19:26 来自微博weibo.com", "transmit": 102, "comment": 271, "zan": 1563, "sentiment": [{"positive_prob": 0.586873, "confidence": 0.0819397, "negative_prob": 0.413127, "sentiment": 2}]}, {"text": "【华为发布2018年财报：年收入首次突破1000亿美元】3月29日消息，华为今日公布2018年财报。财报显示，华为2018年总收入7212亿元（按实时汇率，约合1070亿美元），同比增长19.5%，净利润593亿元，同比增长25.1%；研发费用1015亿元，占收入的14.1%，近十年研发费用4800亿元。​", "author": "钟文泽", "time": "钟文泽03月29日11:44 来自普通家庭iPhoneXSMax", "transmit": 21, "comment": 432, "zan": 273, "sentiment": [{"positive_prob": 0.785802, "confidence": 0.524004, "negative_prob": 0.214198, "sentiment": 2}]}, {"text": "【华为：过去30年有全行业最好的安全记录】3月29日，华为轮值董事长郭平表示，在过去30年的实践里，#华为有着全行业最好的记录#，这两年所有的重大的恶意软件攻击事件在华为都没有发生。华为计划投资20亿美元，在未来五年内实现安全软件能力的提升,不只是确保结果安全，同时也将确保程序安全。3月28日，英国网络安全机构发报告称，未发现华为对英国的网络安全造成实质性威胁，但报告提出了对华为软件工程能力发展的一些担忧，并认为自上一份评估报告出炉以来华为未做出“实质性改进”。（记者马思）L中报视频的秒拍视频", "author": "中国日报", "time": "中国日报03月29日14:20 来自微博weibo.com", "transmit": 16, "comment": 9, "zan": 102, "sentiment": [{"positive_prob": 0.426589, "confidence": 0.0520249, "negative_prob": 0.573411, "sentiment": 0}]}, {"text": "小手机拍大片11之【如何用#华为P30#Pro拍出漂亮的星轨与星空大片】#手机摄影##摄影技巧#L史小千的秒拍视频​", "author": "史小千", "time": "史小千03月29日19:11", "transmit": 71, "comment": 18, "zan": 158, "sentiment": [{"positive_prob": 0.946637, "confidence": 0.881416, "negative_prob": 0.0533629, "sentiment": 2}]}, {"text": "#交大Live#【真学霸！大学生写千行代码自制探测机器人：已拿华为offer】3月25日，西安交通大学研究生谭帏，花费6个月时间写上千行代码制作机器人，主要应用于危险的化工厂，及时监测和精准定位泄漏点，并及时发送给消防人员进行处置。谭帏介绍，他现在已拿到@华为招聘的录用通知。L一手video的秒拍视频​​​", "author": "西安交通大学", "time": "西安交通大学03月29日10:56 来自沙坡村窖藏Android", "transmit": 20, "comment": 18, "zan": 95, "sentiment": [{"positive_prob": 0.972406, "confidence": 0.93868, "negative_prob": 0.0275941, "sentiment": 2}]}, {"text": "老外直接把华为p30p给拆了镜头占了近主板的一半。喇叭和震动单元的体积都很一般。性能应该还行，散热恐怕也不好。两个同轴线。这个价位了，射频应该不会动大刀的。真的是拍照手机了，其他的中规中矩甚至偏低。​", "author": "欧阳秋叶", "time": "欧阳秋叶03月29日12:51", "transmit": 116, "comment": 1041, "zan": 642, "sentiment": [{"positive_prob": 0.00839791, "confidence": 0.981338, "negative_prob": 0.991602, "sentiment": 0}]}]