[{"text": "【独家：竟然真有美国公司在中国对华为执法，扣押巨额物资】据多位知情人士透露，在中国珠海等地设有工厂的美国知名上市代工企业“伟创力”，曾在美国政府将中国的华为公司列入“黑名单”后，私自扣押了华为高达7亿元人民币的物料和设备。但与此前媒体所报道的消息不同的是，据本报从相关知情人士处得到的独家爆料显示，伟创力并没有在华为前来索要这些物料和设备时进行归还，反而是持续将华为的物资私自扣押了1个多月之久，给华为造成了严重的损失。O独家：竟然真有美国公司在中国对华为执法，扣押巨额物资！", "author": "环球时报", "time": "环球时报07月25日15:30 来自微博weibo.com", "transmit": 2972, "comment": 2196, "zan": 40093, "sentiment": [{"positive_prob": 0.123772, "confidence": 0.724952, "negative_prob": 0.876228, "sentiment": 0}]}, {"text": "【华为收入超过阿里巴巴腾讯总和任正非：还是赚多了】华为在今年《财富》世界500强中排名继续提升至61名。华为在2018年收入达到1090亿美元，这一数字超过了明星公司阿里巴巴（182位）与腾讯（237位）之和，二者收入分别是561亿美元和472.7亿美元。#华为收入超阿里腾讯总和#O华为收入超过阿里巴巴腾讯总和任正非：还是赚多了​", "author": "新浪科技", "time": "新浪科技07月25日09:30 来自微博weibo.com", "transmit": 8716, "comment": 3515, "zan": 52543, "sentiment": [{"positive_prob": 0.923925, "confidence": 0.830945, "negative_prob": 0.0760748, "sentiment": 2}]}, {"text": "【竟然真有#美国公司在中国对华为执法#扣押巨额物资！】@环球时报从多位知情人士处得知，在中国珠海等地设有工厂的美国知名上市代工企业“伟创力”，曾在美国政府将中国的华为公司列入“黑名单”后，私自扣押了华为高达7亿元人民币的物料和设备，并且扣押了1个多月之久。#美国公司扣押华为巨额物资#O竟然真有美国公司在中国对华为执法扣押巨额物资！", "author": "新浪科技", "time": "新浪科技07月25日14:58 来自微博weibo.com", "transmit": 177, "comment": 206, "zan": 1782, "sentiment": [{"positive_prob": 0.848954, "confidence": 0.664342, "negative_prob": 0.151046, "sentiment": 2}]}, {"text": "【竟然真有美国公司在中国对华为执法，扣押巨额物资】据多位知情人士透露，在中国珠海等地设有工厂的美国知名上市代工企业“伟创力”，曾在美国政府将华为列入“黑名单”后，私自扣押了华为高达7亿元人民币的物料和设备。据相关知情人士消息，伟创力并没有在华为前来索要这些物料和设备时进行归还，反而是持续将华为的物资私自扣押了1个多月之久，给后者造成了严重的损失。@环球时报O独家：竟然真有美国公司在中国对华为执法，扣押巨额物资！", "author": "中国日报", "time": "中国日报07月25日17:15 来自微博weibo.com", "transmit": 153, "comment": 254, "zan": 1537, "sentiment": [{"positive_prob": 0.0771506, "confidence": 0.828554, "negative_prob": 0.922849, "sentiment": 0}]}, {"text": "【#伟创力遭华为踢出供应链#曾私扣华为7亿元物资长达一月】近日，据@凤凰网科技报道，华为目前已将伟创力彻底从其供应链体系中剔除。彭博社统计数据显示，伟创力过去每年从华为处拿到的订单大约有25亿美元，是从华为获取营收最多的美国厂商。美国一纸禁令让华为和伟创力的合作关系破灭。据悉，今年5月17日，伟创力就通知其全球代工厂马上停止生产华为所有的设备，已生产的产品不予发货。据@每日经济新闻获悉，在此期间，伟创力私自扣押华为价值7亿元的物资长达一个多月，还对华为提出多种要求，给华为带来了严重损失，最终物资是由华为方面自己派车连夜拉回。华为内部人士告诉记者，华为从伟创力撤出的产能，目前已由富士康和比亚迪两家承接。O伟创力撕破脸后遭踢出供应链曾私扣华为7亿元物资长达一月", "author": "财经网", "time": "财经网07月25日17:15 来自微博weibo.com", "transmit": 188, "comment": 205, "zan": 2473, "sentiment": [{"positive_prob": 0.902204, "confidence": 0.782674, "negative_prob": 0.0977965, "sentiment": 2}]}, {"text": "生活就是不断追逐的过程，我所热爱的一切，都想用影像记录下来，跟我一起用#华为P30#讲述你的心里话，时刻告诉自己不忘初心，勇敢前行。和我一起坚持热爱，活成一束光，照亮自己，成就他们！#未来影像#​", "author": "元气少女惠Rachel", "time": "元气少女惠Rachel07月25日20:57 来自HUAWEIP30Pro", "transmit": 617, "comment": 3602, "zan": 8790, "sentiment": [{"positive_prob": 0.97538, "confidence": 0.945289, "negative_prob": 0.0246199, "sentiment": 2}]}, {"text": "#华为收入超阿里腾讯总和#【华为收入超过阿里巴巴腾讯总和任正非：还是赚多了】华为在今年《财富》世界500强中排名继续提升至61名。华为在2018年收入达到1090亿美元，这一数字超过了明星公司阿里巴巴（182位）与腾讯（237位）之和，二者收入分别是561亿美元和472.7亿美元。但就利润率而言，华为仅为8%，而阿里巴巴为23%，腾讯则是25%。简单来说，华为利润率不及互联网公司一半。华为创始人任正非在今年5月接受中央电视台采访时还是表示：“华为赚的钱太多了。”同时他认为，华为对于战略的投入不够。“我们战略投入多一点，今天的困难就少一点。”根据公开信息，2018年全球研发总额超过千亿元的企业全球总共四家分别是华为、三星、谷歌和大众，这四家的研发投入分别达到1015亿、1060亿、1055亿、1035亿。这或许正是任正非的明智之处：较低的利润率换来的是人才与技术的储备，以应对未来不确定的风险。（@财富中文网）", "author": "每日经济新闻", "time": "每日经济新闻07月25日13:32 来自微博weibo.com", "transmit": 183, "comment": 176, "zan": 1685, "sentiment": [{"positive_prob": 0.960713, "confidence": 0.912696, "negative_prob": 0.0392866, "sentiment": 2}]}, {"text": "【#华为收入超阿里腾讯总和#，任正非：华为最大问题是赚钱太多】2019《财富》世界500强排名中，华为相较去年提升11位至第61名，在2018年收入达到1090亿美元，超过了阿里巴巴与腾讯之和。不过华为利润率仅为8%，而阿里巴巴为23%，腾讯则是25%。任正非此前接受采访时表示，华为最大的问题是赚的钱太多了。L老板联播的秒拍视频", "author": "Vista看天下", "time": "Vista看天下07月25日15:35 来自微博weibo.com", "transmit": 109, "comment": 222, "zan": 1929, "sentiment": [{"positive_prob": 0.948913, "confidence": 0.886473, "negative_prob": 0.0510874, "sentiment": 2}]}, {"text": "【#华为收入超阿里腾讯总和#，任正非：华为最大问题是赚钱太多】2019《财富》世界500强排名中，华为相较去年提升11位至61名，在2018年收入达到1090亿美元，超过了阿里巴巴与腾讯之和。不过华为利润率仅为8%，而阿里巴巴为23%，腾讯则是25%。任正非此前接受采访时表示，华为最大的问题是赚的钱太多了。L老板联播的秒拍视频", "author": "新浪财经", "time": "新浪财经07月25日14:46 来自微博weibo.com", "transmit": 102, "comment": 349, "zan": 1101, "sentiment": [{"positive_prob": 0.945779, "confidence": 0.87951, "negative_prob": 0.0542205, "sentiment": 2}]}, {"text": "华为Mate30全系刘海结构光应该算稳了，大家更喜欢哪种全面屏方案？今年全面屏旗舰方案你更喜欢？（魅族留言区集合​", "author": "小白测评", "time": "小白测评07月25日18:32", "transmit": 24, "comment": 381, "zan": 12453, "sentiment": [{"positive_prob": 0.951971, "confidence": 0.893269, "negative_prob": 0.0480288, "sentiment": 2}]}, {"text": "【#华为收入超阿里腾讯总和#，任正非：华为最大问题是赚钱太多】2019《财富》世界500强排名中，华为相较去年提升11位至61名，在2018年收入达到1090亿美元，超过了阿里巴巴与腾讯之和。不过华为利润率仅为8%，而阿里巴巴为23%，腾讯则是25%。任正非此前接受采访时表示，华为最大的问题是赚的钱太多了，未来将对大学、科学家给予支持。@老板联播L老板联播的秒拍视频", "author": "财经网", "time": "财经网07月25日14:57", "transmit": 63, "comment": 73, "zan": 308, "sentiment": [{"positive_prob": 0.979985, "confidence": 0.955522, "negative_prob": 0.0200149, "sentiment": 2}]}, {"text": "【#华为回应美国子公司裁员#：受实体清单影响，裁员600余人】7月24日，针对“华为美国子公司裁员”一说，华为方面确认并表示，因华为及其下属的68家子公司纳入“实体清单”对子公司业务产生限制，因此不得不对Futurewei业务范围作出调整，并于7月22日起，裁员600余人。任正非在接受雅虎财经采访时表示，受“实体名单”影响，使得华为难以管理与这家子公司的合作，并且未来华为与这家公司的联系要取决于美国政府对华为的态度。@老板联播L老板联播的秒拍视频", "author": "每日经济新闻", "time": "每日经济新闻07月25日00:19", "transmit": 48, "comment": 23, "zan": 238, "sentiment": [{"positive_prob": 0.0954732, "confidence": 0.787837, "negative_prob": 0.904527, "sentiment": 0}]}, {"text": "【#华为收入超阿里腾讯总和#，任正非：华为最大问题是赚钱太多】2019《财富》世界500强排名中，华为相较去年提升11位至61名，在2018年收入达到1090亿美元，超过了阿里巴巴与腾讯之和。不过华为利润率仅为8%，而阿里巴巴为23%，腾讯则是25%。任正非此前接受采访时表示，华为最大的问题是赚的钱太多了。@老板联播L老板联播的秒拍视频", "author": "梨视频", "time": "梨视频07月25日14:17 来自微博weibo.com", "transmit": 53, "comment": 187, "zan": 798, "sentiment": [{"positive_prob": 0.950417, "confidence": 0.889815, "negative_prob": 0.0495832, "sentiment": 2}]}, {"text": "全网博士都哭了！复旦女博士同时交往4男，一硕导为她离婚送房车送5篇SCI前两天华为开出两百万年薪在全球招募博士计算机顶尖人才引起众多博士生的一波羡慕嫉妒最近又有网友曝出复旦大学女博士与多男生保持交往，其中一人为硕导曾为她离婚送房送车，甚至送了5篇SCI论文网友们调侃送SCI论文绝对是真爱无疑了结果发现自己只是小四后，为其服药自杀目前事情持续发酵ing，请谨慎吃瓜", "author": "价值投资日志", "time": "价值投资日志07月25日19:51 来自iPhoneX", "transmit": 96, "comment": 74, "zan": 214, "sentiment": [{"positive_prob": 0.925878, "confidence": 0.835284, "negative_prob": 0.0741223, "sentiment": 2}]}, {"text": "【#你买的华为手机可能是假的#！警方端掉华为制假窝点：出厂价1千专柜3千】浙江杭州一出租房平日大门紧闭，警方发现是制作假华为手机窝点，现场查获600余部手机。据了解，这些是购买旧手机和零部件进行组装，出厂价1千元，流向商场专柜卖近3千元，该团伙制假售假金额达数百万，案件侦办中。@一手Video#假华为出厂价1千转手卖3千#L一手Video的秒拍视频", "author": "梨视频", "time": "梨视频07月25日23:01 来自微博weibo.com", "transmit": 79, "comment": 233, "zan": 745, "sentiment": [{"positive_prob": 0.0539304, "confidence": 0.880155, "negative_prob": 0.94607, "sentiment": 0}]}, {"text": "【#商务部回应美议案不保护华为专利#：典型的双标，自相矛盾】近日有美国参议员提出有关议案，要求不允许保护华为公司的专利权。7月25日，商务部发言人高峰表示：“如果美国一方面要求中国加大对美国企业知识产权的保护力度，另一方面，又拒绝给予中国企业知识产权应有的保护，这将是典型的双重标准，自相矛盾。希望美国不要让这种荒谬的法案，继续地推进下去。”L老板联播的秒拍视频", "author": "新浪财经", "time": "新浪财经07月25日17:52 来自微博weibo.com", "transmit": 44, "comment": 91, "zan": 405, "sentiment": [{"positive_prob": 0.88093, "confidence": 0.7354, "negative_prob": 0.11907, "sentiment": 2}]}, {"text": "#华为将伟创力踢出供应链#【美国代工巨头伟创力与华为撕破脸，扣押巨额物资】据外媒报道，7月23日，美国商务部部长罗斯表示，特朗普政府计划在未来几周内处理美国科技企业提出的向被列入“黑名单”的华为技术有限公司出售产品的豁免申请。“目前已经收到35家公司提出的50多份申请，我们预计在未来几周内会有结果。”罗斯称。美国发布的“禁令”尽管仍在约束华为供应链，目前来看已有松动迹象。博通、高通、英特尔等美国供应商一直在积极游说政府，要求放宽对于华为“禁令”的限制，不过，也有一些美国企业“禁令”一出当即撕破脸，中断了与华为的合作。据媒体报道，在禁令发布后的第三天，即5月17日，伟创力就通知其全球代工厂马上停止生产华为所有的设备，已生产的产品不让发货。伟创力还拒不归还华为所有权的物料和设备，最后还是由华为方面派车连夜拉回。目前，华为已将伟创力彻底从其供应链体系中剔除，订单则由国内其余几家代工企业承接。（每经记者任芷霓）O伟创力撕破脸后遭踢出供应链曾私扣华为7亿元物资长达一月", "author": "每日经济新闻", "time": "每日经济新闻07月25日13:18 来自搜狗高速浏览器", "transmit": 30, "comment": 55, "zan": 281, "sentiment": [{"positive_prob": 0.908661, "confidence": 0.797025, "negative_prob": 0.0913385, "sentiment": 2}]}, {"text": "【182万—201万！华为年薪最高博士生钟钊，本科就读于武汉这家高校】近日，华为签发的一封电子邮件在网络上刷屏！公布了2019届八位顶尖学生年的年薪方案，排在第一位的90后博士钟钊毕业于@华中科技大学，年薪区间为182万—201万元。到底是什么样的人才，刚毕业就能以百万年薪被抢走？来看看人家的简介↓↓↓#90后博士年薪超200万#O182万—201万！华为年薪最高博士生钟钊，本科就读于武汉这家高校", "author": "楚天都市报", "time": "楚天都市报07月25日19:36 来自微博weibo.com", "transmit": 41, "comment": 87, "zan": 288, "sentiment": [{"positive_prob": 0.813234, "confidence": 0.584964, "negative_prob": 0.186766, "sentiment": 2}]}, {"text": "【#华为将伟创力踢出供应链#曾私扣华为7亿元物资长达一月】《每日经济新闻》记者今日从权威人士处了解到，伟创力曾私自扣押华为价值7亿元的物资长达一个多月，在此期间，伟创力不仅拒绝归还华为所有权的物资，还对华为提出多种要求，给华为带来了严重损失。据凤凰网科技报道，伟创力与华为撕破脸之后，也曾在表面上恢复过华为手机的生产业务，但伟创力方面要求华为承诺各种保障条件，双方再次谈崩，华为将伟创力彻底从其供应链体系中剔除。O伟创力撕破脸后遭踢出供应链曾私扣华为7亿元物资长达一月O华为将伟创力踢出供应链曾私扣华为7亿元物资长达一月", "author": "每日经济新闻", "time": "每日经济新闻07月25日15:10 来自微博weibo.com", "transmit": 26, "comment": 60, "zan": 460, "sentiment": [{"positive_prob": 0.21633, "confidence": 0.519267, "negative_prob": 0.78367, "sentiment": 0}]}, {"text": "【竟然真有美国公司在中国对华为“执法”，扣押巨额物资】据@环球时报报道，多位知情人士透露，在中国珠海等地设有工厂的美国知名上市代工企业“伟创力”，曾在美国政府将中国的华为公司列入“黑名单”后，私自扣押了华为高达7亿元人民币的物料和设备。但与此前媒体所报道的消息不同的是，从相关知情人士处得到的独家爆料显示，伟创力并没有在华为前来索要这些物料和设备时进行归还，反而是持续将华为的物资私自扣押了1个多月之久，给华为造成了严重的损失。O独家：竟然真有美国公司在中国对华为执法，扣押巨额物资！", "author": "观察者网", "time": "观察者网07月25日16:16 来自微博weibo.com", "transmit": 319, "comment": 373, "zan": 2644, "sentiment": [{"positive_prob": 0.0427431, "confidence": 0.905015, "negative_prob": 0.957257, "sentiment": 0}]}, {"text": "苹果手机和华为手机，你们喜欢用哪个？苹果和华为喜欢用哪个？说出你们的理由​", "author": "借图", "time": "借图07月25日07:51 来自AI实力派vivoZ1", "transmit": 15, "comment": 46, "zan": 10379, "sentiment": [{"positive_prob": 0.726434, "confidence": 0.392075, "negative_prob": 0.273566, "sentiment": 2}]}, {"text": "今天有媒体在北京机场遇到了手持华为MateX折叠屏手机的余承东明天华为会在深圳正式发布Mate20X5G手机，价格据说不会太贵。（图片拍摄者@李瀛寰）​", "author": "硬件学堂", "time": "硬件学堂07月25日09:18", "transmit": 74, "comment": 190, "zan": 1637, "sentiment": [{"positive_prob": 0.744231, "confidence": 0.431625, "negative_prob": 0.255769, "sentiment": 2}]}, {"text": "8月9日-11日，华为开发者大会，我们在东莞松山湖来一场关于未来的对话。​", "author": "余承东", "time": "余承东07月25日20:24 来自HUAWEIP30Pro", "transmit": 79, "comment": 379, "zan": 1765, "sentiment": [{"positive_prob": 0.773796, "confidence": 0.497326, "negative_prob": 0.226203, "sentiment": 2}]}, {"text": "#每经整点播#【每经15点丨#华为将伟创力踢出供应链#美国代工巨头伟创力曾私扣华为7亿元物资长达一月；#中国留学生唱国歌反击反华#】1、#华为收入超阿里腾讯总和#，华为在2018年收入达到1090亿美元，这一数字超过了明星公司阿里巴巴（182位）与腾讯（237位）之和，二者收入分别是561亿美元和472.7亿美元。2、澳大利亚高校现反华游行，中国留学生现场唱起国歌——《义勇军进行曲》；3、中介回应#13平米学区瓦房售价30多万元#：22万成交，客户为给小孩读书O每经15点丨美国代工巨头伟创力曾私扣华为7亿元物资长达一月；法国炎热天气或致巴黎圣母院拱门倒塌；科创板成交额突破200亿O每经15点丨美国代工巨头伟创力曾私扣华为7亿元物资长达一月", "author": "每日经济新闻", "time": "每日经济新闻07月25日15:18 来自微博weibo.com", "transmit": 23, "comment": 19, "zan": 205, "sentiment": [{"positive_prob": 0.972344, "confidence": 0.938542, "negative_prob": 0.0276563, "sentiment": 2}]}, {"text": "【早财经丨孙宇晨25日凌晨致歉；英国新首相约翰逊烧的第一把火：10月31日脱欧；“12辆悍马娶亲”女主角涉黑遭通缉】1、#孙宇晨致歉#，#孙宇晨承认炒作#：波场TRON创始人孙宇晨今日（7月25日）凌晨通过微博发出了一封致歉信，他称，为自己过度营销，热衷炒作的行为，深感愧疚。对此，你怎么看？2、#澳洲泳坛传奇炮轰孙杨#，#孙杨800米决赛第六#，中国泳协主席周继红：凭猜测传闻玷污孙杨清白“不能接受”。3、#31省份月最低工资#。4、#华为回应美国子公司裁员#。5、#朝鲜发射不明飞行器##朝鲜凌晨发射不明飞行器#。6、#科学家3D打印比蚂蚁还小机器人#。O早财经丨孙宇晨凌晨发致歉信；英国新首相约翰逊烧的第一把火：10月31日脱欧；“12辆悍马娶亲”女主角涉黑遭通缉O早财经丨孙宇晨凌晨发致歉信；“12辆悍马娶亲”女主角涉黑遭通缉", "author": "每日经济新闻", "time": "每日经济新闻07月25日06:15 来自微博weibo.com", "transmit": 25, "comment": 30, "zan": 221, "sentiment": [{"positive_prob": 0.127171, "confidence": 0.717398, "negative_prob": 0.872829, "sentiment": 0}]}, {"text": "#华为收入超阿里腾讯总和#新浪科技讯：华为2018年收入1090亿美元。任正非表示赚多了。​华为阿里腾讯，哪家公司对你影响最大？​", "author": "心阅读者", "time": "心阅读者07月25日21:17 来自柔光自拍vivoX7Plus", "transmit": 14, "comment": 132, "zan": 9164, "sentiment": [{"positive_prob": 0.699635, "confidence": 0.332521, "negative_prob": 0.300365, "sentiment": 2}]}, {"text": "【#华为收入超阿里腾讯总和#任正非：华为最大问题是赚钱太多】2019《财富》世界500强排名中，华为相较去年提升11位至61名，在2018年收入达到1090亿美元，超过了阿里巴巴与腾讯之和。不过华为利润率仅为8%，而阿里巴巴为23%，腾讯则是25%。任正非此前接受采访时表示，华为最大的问题是赚的钱太多了。@老板联播L老板联播的秒拍视频", "author": "新浪视频", "time": "新浪视频07月25日14:43 来自微博weibo.com", "transmit": 21, "comment": 62, "zan": 183, "sentiment": [{"positive_prob": 0.949925, "confidence": 0.888721, "negative_prob": 0.0500755, "sentiment": 2}]}, {"text": "占豪的观点【这家公司的业务，已经被比亚迪给接走了，连二期的工业园项目都被比亚迪拿走了，在中国的市场正在被干掉，这无疑是让它失去未来的一次错误选择。但是，竟然这种事发生，那就要用法律手段，让去付出惨重代价！】【独家：竟然真有美国公司在中国对华为执法，扣押巨额物资】据多位知情人士透露，在中国珠海等地设有工厂的美国知名上市代工企业“伟创力”，曾在美国政府将中国的华为公司列入“黑名单”后，私自扣押了华为高达7亿元人民币的物料和设备。但与此前媒体所报道的消息不同的是，据本报从相关知情人士处得到的独家爆料显示，伟创力并没有在华为前来索要这些物料和设备时进行归还，反而是持续将华为的物资私自扣押了1个多月之久，给华为造成了严重的损失。O独家：竟然真有美国公司在中国对华为执法，扣押巨额物资！", "author": "占豪", "time": "占豪07月25日20:52 来自占豪的观点超话", "transmit": 144, "comment": 147, "zan": 961, "sentiment": [{"positive_prob": 0.0310644, "confidence": 0.930968, "negative_prob": 0.968936, "sentiment": 0}]}, {"text": "【独家：竟然真有美国公司在中国对华为执法，扣押巨额物资】据多位知情人士透露，在中国珠海等地设有工厂的美国知名上市代工企业“伟创力”，曾在美国政府将中国的华为公司列入“黑名单”后，私自扣押了华为高达7亿元人民币的物料和设备。但与此前媒体所报道的消息不同的是，据本报从相关知情人士处得到的独家爆料显示，伟创力并没有在华为前来索要这些物料和设备时进行归还，反而是持续将华为的物资私自扣押了1个多月之久，给华为造成了严重的损失。O独家：竟然真有美国公司在中国对华为执法，扣押巨额物资！", "author": "习五一", "time": "习五一07月25日18:23 来自iPhone8Plus", "transmit": 158, "comment": 95, "zan": 645, "sentiment": [{"positive_prob": 0.123772, "confidence": 0.724952, "negative_prob": 0.876228, "sentiment": 0}]}, {"text": "#伟创力华为#2月11日任命一位51岁印度裔女精英当首席执行官，5月在深圳扣押华为委托他们代工的原材料，华为谈判无果，选择法律途径解决，伟创力居然拿美国法律说事。6月份，原材料拉回，华为断绝与它一切合作。一家主要利润来自中国，一半员工在中国的美国企业，赶紧回美国给自己找块坟地吧！​", "author": "后沙月光本尊", "time": "后沙月光本尊07月25日18:51 来自HUAWEIP30Pro", "transmit": 150, "comment": 148, "zan": 1313, "sentiment": [{"positive_prob": 0.348637, "confidence": 0.225252, "negative_prob": 0.651363, "sentiment": 0}]}]