[{"title": "把华为基站都换掉？软银警告：日本若跟风美国需付千亿代价", "content": "日本媒体报道称，日本软银集团（SBG）的国内通信子公司软银（SB）12月19日在东京证券交易所主板上市。该公司的社长宫内谦等人在记者会上提出看法称，更换华为技术的基站等最多将产生1000亿日元成本。资料图，新华社供图据日本经济新闻网站12月20日报道，围绕美国政府正在把中国制造的通信设备排除在外的举动，宫内社长指出，今后，打算观察日本政府提出的方针。报道称，该公司的副社长宫川也指出，“在4G领域采用的华为基站有可能需要改为其他公司产品。更换基站全年或需要数百亿日元。不过，如果是（按政府判断需全部更换等）最糟糕的情况，费用有可能膨胀至1000亿日元”。延伸阅读：“封杀”华为后，这些国家的“苦头”才刚刚开始“如果各国进一步扩大排除华为的行动，将反过来对美国和日本的企业造成打击！”最近，日本经济新闻网站刊载题为《华为经济圈受打击将影响日美企业》的文章，直言美国等一些国家“封杀”华为终将伤及自身。按照这家日本媒体的说法，华为公司在通信基站领域居全球份额首位，在智能手机领域排在第二位。仅半导体，华为全年采购额就超过1.5万亿日元，从日本企业采购5000亿日元规模的零部件。如果排除华为的趋势扩大，将对成为供应链一部分的日本和美国企业也构成影响。舆论注意到，在日本国内，民众对于政府“封杀”华为的做法也早有不满。有网友质疑，如果真的打算禁止华为，总得拿出点证据来。还有人说：“比起所谓的安全问题，听从美国才是禁用最大的理由吧，这就是政治问题。”有分析认为，一些国家因跟随美国步调“封杀”华为而招致不满及忧虑并不意外。中国现代国际关系研究院美国所学者李峥在接受参考消息网采访时表示，华为虽然是一家中国企业，然而其发展模式仍是跨国公司。尽管华为公司产品的主要生产地在中国，但其重要的零部件及软件方面的服务有赖于美国、日本等海外供应商。鉴于此，一旦华为公司在运营方面面临问题，那么其相关供应商都会面临极大的问题。此外，华为与苹果公司类似，其下游有很多企业依赖于作为上游公司的华为，如果华为公司出现问题，下游公司的经营也必将受到影响，甚至会破产倒闭。值得注意的是，从跨国公司及产业链布局层面来说，一些西方国家因“封杀”华为而产生的对自身的连锁影响才刚刚开始。李峥进一步分析，几乎所有企业都做一些提前准备，对企业发展的规划做一些前期布局。过去十年，华为公司发展非常顺畅，其供应商亦会根据华为公司经营的扩张及盈利的提升，相应地增加对华为相关产业生产线的投资、提前布局。当前，西方国家对华为公司的态度正发生转变，将其政治化。这一转变可能对华为公司未来在西方国家的推广造成阻力。一旦西方国家的“封杀”持续，那么这些国家的公司所做的相关前期投资将势必受到冲击。可以说，美国等西方国家“封杀”华为是一种保护主义的短视行为。不久前，据英国媒体报道，就在英国、日本等国“拒绝”华为之时，因为爱立信故障，分别发生了12个小时跟2个小时的通信瘫痪事件，期间用户无法进行上网，甚至无法通话。有网友评论称这简直是“神助攻”。尽管此事与“封杀”华为并无直接联系，但从网友的反馈中可以看出，公道自在人心。当前，全球化已成为主流，外界相信，逆潮流而动者，将终被时代“淹没”。来源：北晚新视觉网综合   参考消息流程编辑：TF015", "author": "北晚新视觉网", "newsdate": "发布时间：18-12-24", "newstime": "17:59", "sentiment": [{"positive_prob": 0.000526624, "confidence": 0.99883, "negative_prob": 0.999473, "sentiment": 0}]}, {"title": "行算如将兵：智能计算中的“华为兵法”", "content": "每一次人类生产力的革新，背后都隐藏着无数技术条件的成熟。一艘远洋货轮背后，是六个煤钢复合体，超过三十个学科研究机构，二百个行业的支撑。社会化生产就像一架精准复杂的机械，不能缺失任何一个部件。而在智能时代逼近现实的今天，我们的社会已经准备好了所有条件吗？可能并没有。在今天，以深度学习为代表的AI技术，已经被证实在生产效率提升上有相当通用而广泛的潜力，但全球范围内，企业AI技术普及率还不到4%。二者之间的落差究竟从何而来呢？其中很大一部分原因在于，算力。智能带来无限想象，但大部分行业还只能徘徊观望。主要原因或许在于，智能产业时代作为企业与社会经济新能源的算力，依旧处在相对缺乏，并且面临诸多问题的阶段。而这场面向算力焦虑的战争，并不是简单的堆芯片，或者等待摩尔定律再一次爆发就可以解决的。应对复杂的算力问题，需要从技术创新、产品服务迭代，再到生态资源组织的全面应对方案。换言之，智能计算时代，也是要讲究兵法的。12月21日，首届华为智能计算大会暨中国智能计算业务战略发布会在北京召开。这场主题为“芯开始，让智能计算无所不及”的产业峰会中，华为正式宣布将华为服务器产品线升级为华为智能计算业务部，并发布了华为智能计算战略。构建全栈化、全场景AI解决方案的华为，在计算这个基础中的基础领域，是如何完成智能升级的？从刚刚完成的智能计算业务部升级中，我们可以观察到一条从问题，到解决方案，再到背后战略意图的完整曲线。所谓知敌，知战，知策，便是兵法，那么在华为步步调配中，我们或许也可以看到智能计算时代的“新兵法”。算力之饥：一场迫在眉睫的战役让我们先回到文章最初提到的问题，今天企业已经知道AI的魅力，却迟迟无法完成对AI的应用，问题到底出在哪里？我们可以从四个方面透视，为什么算力在智能时代对企业来说尤其重要。1、 AI算力稀缺昂贵，增加企业应用负担我们知道，AI不同于以往的计算任务，它要求更独特的处理架构，并需求针对性的异构计算。而这些能力在今天很多都还是稀缺能力，购买一块用于AI计算的国外某品牌GPU板卡，不仅价格昂贵，还需要长时间排队。而另一方面，企业需要的AI算力却比以往的IT技术更多，比如长时间反复进行的模型训练、大规模部署可能出现的算力风暴，都让企业在通往智能化的路上道阻且长。2、 算力无法渗透，AI距离现实太远对于企业来说，AI不能仅仅停留在服务器和虚拟机中，而是必须渗透到厂房、车间、矿山，而在传统的云计算体系中，AI算力难以抵达这些具体场景，必须构建云边端一体化的新型智能计算解决方案，才能完成AI到现实的渗透。3、 架构不协调，数据无法正常流动目前数据都只在数据中心里面处理，而目前数据的分布非常广泛，在边缘、在端侧都有海量的数据在产生，它们也需要分析与处理。中心与边缘，数据只有流动起来才更完整，才更有价值。但目前要实现数据流动，有2个比较大的问题：一个是数据框架不统一，数据无法对接与处理；二是网络联接（带宽、延时等）无法支持海量数据的同步。数据不流动，就无法完成相应的业务场景，也会限制数据的价值发挥。比如：数据中心数据不足，无法满足建模需求；数据训练结果也无法与边缘的推理及时同步。4、人才储备不足，复杂的智能计算无法实现AI的人才问题已经是老生常谈，而对于非互联网企业，以及IT基础相对薄弱的企业来说，人才问题往往更为凸显。企业知道有某种AI算法可以帮助自己解决问题，但要在复杂的计算架构间交付出最终结果，却是企业无法负担的。种种问题交错，最终组成了企业在AI大潮前停步不前的“算力之饥”。那么这场饥饿如何填补呢？华为给出的答案是，全面升级智能计算，从“芯”开始，构建全栈全场景的智能解决方案。智算破阵：华为给出了这样的答案我们知道，在IT时代，算力主要由服务器提供。而在智能时代到来之际，算力在企业应用中的地位被增强，而相应需求也因生产系统的复杂性被自然加强，且需要渗透到云边端全场景当中发生计算。在智能化时期，企业需要的是性价比高、能力充沛，云边端一体化的智能计算服务。那么我们向回逆推，企业的算力供应商，也必须升级自身产业体系，提供适合新时代需求的智能化算力解决方案。华为智能计算业务部总裁邱隆认为，能够为客户提供云边端一体化、全场景的智能计算能力，是华为最终给出的结果，那原因是什么呢？从华为智能计算战略的全线升级中，我们可以看到这样几个答案：首先，适应企业对智能的需求，必须建立在从芯片，到IT体系的全面智能化上。也就是必须先在计算产品本身完成智能化升级。针对这个问题，华为智能计算业务部宣布全面升级了产品体系。比如更新第二代华为智能网络芯片；将FusionServer升级为FusionServer Pro，聚合智能服务器，华为智能管理芯片加上华为打造的智能管理套件；同时，华为发布了备受瞩目的ARM处理器芯片，这是世界首款7nm数据中心ARM处理器芯片，首次使用ARM v8架构，帮助企业用户实现智能化的异构计算。全线智能化产品升级内容还有很多，不难看出，华为智能计算业务部的升级绝不仅仅是名称上的改变，而是建立在技术到产品服务的全线革新之上。此外，针对发生在现实世界中的算力需求，华为还将通过普适的工程能力，来满足多种环境的算力部署需求。工厂、矿山中的AI需求，可能发生在高温、低温、湿度过大等各种极端情况下，工程适应能力事实上是企业应用AI的关键进程节点。另一方面，通过昇腾AI系列芯片，华为智能计算业务部可以架设出统一架构的云边端全场景计算能力，来实现数据的协同和互通，让用户避免兼容难题，构建一体化解决方案来降低人工智能使用的门槛。通过三大能力的升级，智能算力体系在华为AI版图中的价值进一步凸显。邱隆认为，华为智能计算业务将在华为全栈全场景AI解决方案中承担基座的角色，在三方面支撑华为提供的智能化升级转型产业服务。首先，智能计算可以在华为内部成为支撑。秉承自己的产品自己先用原则，智能计算已经在很多领域帮助华为集团完成了生产效率提升。比如华为数据中心进行智能化升级后，完成了节能8%，运维效率提升了30%的目标。此外，智能计算业务还将作为单独销售渠道，面向需要直接运用大幅智能计算的客户进行出售。而在更广泛的层面，智能计算业务将与华为其他业务进行整合，为企业客户提供更加灵活复杂的一体化解决方案。换言之，智能计算的升级将成为华为其他业务升级的引擎。比如在公有云领域，这次智能计算升级后，华为云将在AI算力、创新算力、异构算力、x86算力四个层面，实现整体算力大幅提升，为客户提供移动场景等创新AI解决方案。计算是一切的基础，既可以看作一种具备广泛市场的企业服务产品，也可以看作所有企业智能类产品的升级基础。从技术、工程、架构、生态等领域进行全面升级，可以看作华为对于智能化大潮，以及广泛存在的算力饥渴给出的全新答案。智能计算中的兵法：破解算力难题的“华为三章”华为智能计算领域的升级，是针对现实情况进行的全线产品与业务创新。或许我们有必要在知道智能计算升级了什么之外，了解智能计算体系升级，需要秉承怎样的战略思考。从华为在智能计算体系令人眼花缭乱的技术升级、生态合作，以及华为内部业务打通中，我们可以解读出这样的“华为三章”，视之为智能计算领域华为所坚持的兵法。1、 兵贵其堂：今天关于智能计算的讨论很多，但是过多纷杂的解决方案都没有聚焦于本质问题，那就是从芯片端开始的算力供给能力。对于智能计算来说，适合时代需求的异构计算、云边端协同计算能力，都必然建立在不同的芯片体系之上。这是最困难的领域，但也是无法绕开的本质出路。从芯片出发，以堂皇之师破解算力难题，是华为坚持的第一条兵法。2、 因地制宜：企业运用AI算力，不是一场纸上谈兵，而是必须在现实中关注算力障碍如何发生，有哪些实际的待解决问题。天气原因、网络原因、人才原因，这些听起来并不高科技的问题，却可能是制约企业运用AI的关键限制。为此，必须提供因地制宜、因时制宜的算力部署能力与工程化能力，在现实中解决企业算力问题，而不是将算力的扩张停留在纸面上。3、 如臂使指：企业需要智能算力，不仅存在这场景特殊的问题，还面临着流程复杂，算力需求不断变化的问题。这就需要服务商能够提供灵活的计算架构，以及随时扩展加成的算力兼容能力，运用架构一体化、全场景适应化能力，以用户为中心解决实际问题，可以看作华为式智能计算的关键。算力的瓶颈与突破，完全可以看作属于这个时代一场全新的生产力战争。而其中的兵法，既包括了技术创新能力，又包括对产业规律和企业需求的实际洞察。华为的“算力兵法三章”背后，隐含着企业智能化市场中的最基本规律：AI产业的技术创新能力和实际问题解决能力，是智能化愿景实现的基础支撑。只有基础牢固，生态稳定，万物才有茂盛生长的可能。", "author": "脑极体", "newsdate": "发布时间：18-12-24", "newstime": "21:06", "sentiment": [{"positive_prob": 0.940084, "confidence": 0.866854, "negative_prob": 0.0599158, "sentiment": 2}]}, {"title": "华为取消了耳机孔？这是为什么，今天终于知道了！", "content": "华为取消了耳机孔？这是为什么，今天终于知道了！最近一段时间手机圈炒的最火的可就是没有耳机孔的新型手机，华为取消了耳机孔？这是为什么，今天终于知道了！而华为作为国内手机界的老大，也发布了一系列没有耳机孔的新型mate20等等。在这种手机厂商的推动下，有耳机孔的手机却已经成为了过去式，出现这样的改革是为什么呢？小编今天就来告诉你。早在前几年，在国际首届以苹果为尊的产品，而iPhone7发布时，取消了3:5式耳机插孔的这一事件，做出了大胆的变态与评价。尽管有很多的网友猜测说是苹果为了卖蓝牙耳机，取消了耳机孔。但是这不得不让人说苹果掀起了潮流的开端。随后小米也是紧跟潮流，推出了无耳机插孔的机型，同时也还有vivo，魅族，三星呢手机厂商，依旧保持耳机插孔的立场。不过在华为取消耳机孔的时候，网友才开始认为到底有什么好处？首先手机都是精妙为准的，一部普通的手机内部就含有几十个硬件系统。但是现在的手机日益轻薄，功能却日益增多，在外观轻薄和功能多样，这就充分说明了手机有冲突。假设外观轻薄的话，就得压缩内部的硬盘空间。而功能多样就需要更大的空间的支持，所以要想缓解这样的冲突，首先就要做出改变节省手机内部空间。所以各大手机上就做出了许多改变，最后只能把目光盯在有用。亦无用的耳机插孔上，因为有蓝牙的存在，所以，为了节省手机内部的空间就得需要把耳机孔做出改变。所以为了手机更好的性能和，外观上的改变，就必须得研发出无耳机插孔的机型。随着人们对手机的要求越来越高，而且音乐的音质也必须要好，所以华为研发出无耳机插孔机型，也不是不理解的", "author": "茶科技", "newsdate": "发布时间：18-12-24", "newstime": "17:40", "sentiment": [{"positive_prob": 0.000133604, "confidence": 0.999703, "negative_prob": 0.999866, "sentiment": 0}]}, {"title": "英国知错了？与华为签订20亿订单，继续5G合作", "content": "摘要：继捷克反水之后，英国也撑不住了，4家英国企业纷纷表示继续与华为进行5G合作，还有另外三家英国企业已经与华为达成协议，总额达20亿英镑(约合人民币174亿元)。|英国曾禁止使用华为【中油网】讯：中国华为的日益强大，让美国感受到了威胁，在美国联合澳大利亚、新西兰、加拿大等封锁华为之后，英国也跟上“五眼联盟”的步伐，在12月5日对华为“出手”。12月5日，英国最大的电信集团BT宣布，不会再使用中国通讯设备商华为的4G和5G的通讯设备，并且从2016年开始就逐渐将华为提供的3G和4G移动通讯业务撤出，并且以后英国网络的核心领域也不会再使用华为的通讯设备和服务。要知道，中国华为与英国的网络供应商合作了15年之久，英国大部分的网络通讯设备都是华为提供的。华为就在拆除华为设备的同时，英国的网络出现了问题，数百万用户无法正常上网，因为英国使用的爱立信的设备出了问题，而英国自己又无法解决，最后还是请教了华为。|英国与华为达成20亿英镑合作也许是在BT拆除华为设备的时候意识到了华为的重要性，最近多家英国企业纷纷反水，表示将继续与华为合作。英国运营商O2公司表示，在几周之前，该公司就与华为签署了在伦敦200多个地点测试设备的合同，将在明年1月份开始对华为的5G设备进行测试。若进展顺利，这将会是英国首次部署华为5G设备。除此之外，BT Group Plc的EE、长和的Three U.K.和沃达丰也都已经测试了华为的5G设备。5G并且，还有另外三家英国企业与华为签订了合作协议，总金额达20亿英镑(约合人民币174亿元)。之前，华为在获得22个5G合同之后，相继与葡萄牙、芬兰、印度签署了5G合同。此次与英国达成5G合作，将会成为华为第26个5G订单。|捷克反悔这已经不是第一个国家对华为禁令返反悔了，就在英国传出与华为合作的前一天，捷克也对华为禁令作出澄清。捷克国家网络信息安全局在上周发布了一则声明，称中国的法律要求中国的民营企业与情报部门合作，将产品嵌入关键的国家系统中，警告捷克不要使用华为。在该安全局发布声明的第二天，捷克总理安德烈·巴比什就宣布禁止华为，他表示已经下令禁止该国政府部门工作人员使用华为手机。华为而捷克的禁令还没过几天，该国的国家安全委员会就出来澄清了。捷克国家安全委员会在12月21日发布声明称，捷克国家信息安全局的声明不代表捷克政府的立场，该国总理的禁令也是草率的，该禁令并不具备行政效力，也就是说不会禁止华为，并表示欢迎华为。即使在美国想方设法打压之下，华为依然能够得到这么多国家的信任，足以说明华为根本就不存在美国口中的“安全问题”，也证明美国的打压对真正有实力的华为来说，只是小风小浪。(版权说明：本文由中油网_L编撰，转载前请获得授权，转载后请标明出处)如果喜欢小编的文章，可以添加上方关注。希望大家在阅读后踊跃评论和点赞，也可分享给身边的朋友，以示对我们的支持!", "author": "中油网", "newsdate": "发布时间：18-12-24", "newstime": "15:25", "sentiment": [{"positive_prob": 0.130061, "confidence": 0.710975, "negative_prob": 0.869939, "sentiment": 0}]}, {"title": "用实力说话，又一波运营商不顾阻挠，转身选择了华为", "content": "5G发展已到了如果如茶阶段，5G早已成为全球的一大热门话题，各大通信设备商、运营商提前进入赛道，抢占先机，对于在中国来说，2G我们跟着国外走，3G提出TD-SCDMA标准，4G主导主流的TD-LTE标准，5G能不能扛旗全球领先这面大旗，重担落在了华为和国内三大运营商身上。作为国内民营企业的标杆，全球最大的通信设备商，华为在技术和实力上已经做到世界领先，而做到这一切华为只用了30年，华为的迅速崛起让外国同行措手不及，更让一些国家感到害怕，在5G到来之时，一些国家以各种理由来阻扰各大运营商跟华为的合作。但毕竟实力摆在眼前，对于各国运营商来说，他们只相信实力，这毕竟这与每个人的上网体验息息相关，之前有不少运营商迫于各种压力，曾经考虑放弃华为，但最终还是义无反顾选择跟华为合作。据英国媒体报道，英国最大电信运营商之一O2近日表示，将在伦敦200个5G测试基站中使用华为设备，EE和沃达丰在内的其它几家英国运营商也已经表示，他们也将使用华为的设备进行5G测试，并且已证实另外有3家英国运营商已与华为达成了20亿英镑的协议，将在英国各地建立5G网络，并准备在2019年开始正式运营。12月20日，捷克也曾以“信息安全为由”警告当地运营商不得使用华为设备，不过仅过了一天，捷克国安全委员会NUKIB就出来发布了正式声明：表示纠正之前对华为的不实错误警示报告。之前也有媒体报道日本的软银也将放弃华为5G设备，同时逐步更换华为4G设备，转向爱立信和诺基亚设备，原因是由于日本政府称要求日本政府机构同时包括日本民营企业不得采购华为设备。对日本政府要求更换华为设备的做法，软银子公司一高管站在了华为这边，对日本政府发出警告：若更换华为设备，将会多产生1000亿日元（约合人民币61亿元）的成本。在实力面前，除了上述这些，还有印度、法国等纷纷改变了态度，转身向华为抛出橄榄枝，尽管美国百般阻挠，但华为凭借实力依然取得了26份来自全球5G订单，位居全球第一，这一次，美国真的只能“干瞪眼”了。", "author": "笔下有李", "newsdate": "发布时间：18-12-24", "newstime": "13:06", "sentiment": [{"positive_prob": 0.985009, "confidence": 0.966688, "negative_prob": 0.0149906, "sentiment": 2}]}, {"title": "美国围剿华为宣告失败？今天对华为来说，是一个极大的转折！", "content": "当时拒绝华为的国家，有4个已经转变想法，美国围剿战宣告失败？在最近这段时间，相信大家对于华为的5G技术事件都是比较了解的，在前不久美国联合其他国家围剿华为，也是从这个时候开始，华为开始了自己的突围战，并且用自己的实力向世界证明，虽已时过境迁，但是中国也在随之增强。虽然说在前段时间有五个国家拒绝了华为的技术，但是我们心里面都明白，其实都是美国在暗中操作，但现在来看的话这件事情却有了一个非常大的转折。首先就是英国，我们都知道在前不久的时候，英国出现了全国性的网络瘫痪，不光是不能上网而且电话也拨不出去，原因正是因为在之前使用的是爱立信的设备，而导致瘫痪是因为证书到期。在网络瘫痪的时候，英国却选择了向华为求助，当时拒绝华为的国家，有4个已经转变想法，美国围剿战宣告失败？并且与华为达成合作关系，在英国著名的运营商o2也同时宣布，将在明年的1月份在伦敦设立200个通讯基站，并且测试华为的5G设备。第二个国家就是捷克，在前不久的时候捷克政府宣布，所有政府有关人员必须要停止使用华为的产品，这个消息已经传出来，让全世界都为之震惊，但是就在前几天，捷克的总理却因为此事而对华为深表歉意，并且表示停止使用华为的产品是草率的决定。而且捷克的总理还说，如果跟国家的安全性没有影响的话，那么就不应该对任何的企业或者是个人有任何的歧视。第三个国家就是印度，根据12.18号的《印度时报》来看的话，印度已经决定将要和华为合作，美国围剿华为宣告失败？今天对华为来说，是一个极大的转折！并且向华为发出邀请，允许华为在印度进行5G的测试。第四个国家就是韩国，对于韩国的通讯巨头LG相信大家都是有所耳闻的，就在前几天的时候。LG的副会长表示，华为的无线设备在安全性方面已经通过了检验标准，所以说可以排除掉在安全方面的疑虑，并且他还表示，不管是什么企业都应该受到公平竞争的对待，华为不应该为此而被针对，况且华为目前在全球170个国家所提供的设备，在安全性方面从来没有出过问题。虽然说在此之前，华为受到的打压非常的多，但是华为并没有为此而失去斗志，虽然华为，在此之前得以美国为首的国家围剿，但是华为也是通过自己的实力，一层一层的突围，最后成为了一个大赢家。", "author": "诉说科技", "newsdate": "发布时间：18-12-24", "newstime": "17:29", "sentiment": [{"positive_prob": 0.707838, "confidence": 0.350751, "negative_prob": 0.292162, "sentiment": 2}]}, {"title": "华为回应孟晚舟事件：公司业务不受影响，今年收入将首超千亿美元", "content": "孟晚舟资料图本刊记者/贺斌距离华为CFO孟晚舟获释已过去十多天，但该事件的影响似乎仍未消散。一些国家对华为设备和技术的网络安全提出质疑和担忧，甚至一些美国的联盟国家对华为直接开出禁入令。而一些国内外媒体针对5G的不实报道，也让公司内部受到舆论煎熬。在庭审期间一直保持克制的华为，最近开始主动发声，对内安抚，对外回应。没有证据的质疑是不负责任的12月19日，华为公共及政府事务部在公司内部论坛心声社区中，发布了对近期媒体对华为5G相关报道的情况说明，称目前华为在德国的业务一切正常，正积极参与法国各运营商的5G建设。在日本，华为正在积极参与运营商的5G标书答复和实验局测试。新西兰政府虽对运营商提交的5G方案有不同意见，但监管流程尚未走完，客户均表示与政府继续斡旋，与华为合作保持不变。对于5G技术，这份声明也做了一个较为详细的介绍，“华为5G在技术和商用上，均处于业界领先，是目前行业内唯一能提供端到端5G全系统的厂商。尽管遇到了较大的外部压力和困难，华为在商业上仍然取得了不错的成就。”据透露，2019年上半年，华为将发布搭载5G芯片的5G智能手机，并将在2019年下半年实现规模商用。此后，华为公关及政府事务部在心声社区中不间断发布相关外媒报道，传播意大利、韩国、德国等国家政府和企业反对抵制的声音，和对华为的力挺。对于孟晚舟事件，华为的后续发声则显得温情脉脉。12月19日，心声社区刊载了一封东京都内一名普通市民的来信，通过华为日本代表处大手町办公室，转达了对孟晚舟的关切、对华为全体员工的鼓励，以及对华为在日本地震期间不离不弃的感激。19日晚间，孟晚舟看到这封来信，写下日记，回忆了日本地震时的场景，华为高层的决策和危机处理，并表示“人间自有真情在”。一封信和一则日记，将普通日本民众与华为的情感紧密相连。但是，仅仅对内部“稳定军心”是不够的，用华为副董事长、轮值董事长胡厚崑的话说，“对于任何的担忧最好的方式就是‘让事实来说话’。”12月18日下午，华为在东莞新园区举办媒体圆桌会，邀请来自美联社、路透社、法新社、CNN、纽约时报、金融时报、华尔街日报等14家国际媒体，并在22日，将采访文字记录发表在心声社区。据《中国新闻周刊》整理，在这14家媒体中，除首先提问的MWL是通信行业媒体外，有7家媒体来自美国，此外，还有来自英国、法国、澳大利亚和日本的媒体。在媒体圆桌会前，华为首次向媒体开放了先进热技术实验室、先进结构材料实验室及内部网络安全实验室的参观，希望以此展现公开透明的形象。2011年，华为创始人任正非发出一封面向全球的公开信，明确对网络安全的承诺，这也成为华为在网络安全方面的最高纲领，从公司治理到组织结构、技术创新到人员管理及IT系统都全面贯彻了网络安全的保障要求。同时，华为通过外部独立第三方安全机构对华为硬件、软件、解决方案来进行独立的认证。从结果来看，在过去三十年里，华为的设备一直在行业中保持了良好的安全运行记录。“我们看到的事实是——华为过去三十年里没有发生过严重的网络事故、没有网络安全隐患、没有任何证据证明华为在做有损于任何国家安全的事情。我们会通过积极主动沟通和开放的合作让越来越多的人认识到这一点。”胡厚崑说。谈到来自美国等国家的质疑对华为的影响时，胡厚崑反驳称，“在美国我们的设备使用量接近于零，拿什么来证明华为设备是有威胁的呢？”他表示，极少数国家把5G安全的担忧这样一个行业和技术的问题转化为对某个具体公司的无根据的怀疑，不是聚焦在技术本身应该得到怎样的保护和提升，而是出于意识形态或者地缘政治的考虑，对某个特定的公司产生不公正的怀疑。此外，极少数的国家在5G的技术选择上采取了“毫无事实根据的不负责任的做法”，简单把个别公司拒绝在市场之外。“我们认为这样的决定应该是非常专业和严肃的，必须有证据来支撑，没有证据就做这样的决定，最终是经不起时间的考验的。”胡厚崑说。今年收入将超千亿美元虽然孟晚舟事件引起各国广泛关注，而事件背后的5G之争和网络安全问题也被放大和聚焦，让华为站在了舆论的风口，但胡厚崑表示，目前华为的业务运行没有受到个案的影响，整个公司的运行和财务体系运行都处于正常状态。据介绍，今年华为的经营业绩非常好，今年总收入将首次超过1000亿美元，根据华为2017年年报，去年销售收入为925.49亿美元。《中国新闻周刊》从华为方面了解到，由于2018年还没有结束， 1000亿美元只是根据目前的收入情况得出的概数。全年数据需要到明年1月份才能了解，详细数据得到明年3月份出台年报时才能掌握，但从胡厚崑的介绍中可以看出，2018年，华为各项业务都取得了非常令人满意的增长。其中运营商业务作为最大的一块业务，已经获得了25个5G商用合同，目前位列全球5G商用合同数第一，5G设备已开始全球发货，10000多个5G基站已发往世界各地。企业业务也取得了非常大的进步，今年，世界500强企业中有211家选择华为作为数字化转型的伙伴。而在去年，这一数字为197家。在消费者业务领域，仅2018年上半年，华为智能手机发货量超过9500万台。根据市场研究机构IDC报告显示，2018年第二季度，华为智能手机全球市场份额跃升至15.8%，首次成为全球第二大智能手机厂商。今年，华为成功发布了旗舰手机P20和Mate 20，终端销售收入和发货都有大幅增长，特别是华为P20系列赢得了女性用户青睐，上市四个月全球发货量就超过900万台。此外，胡厚崑透露，在最近一次集团董事会上已经正式做出了决议，华为将在整个公司范围内开展一次软件工程能力变革，投入20亿美元的专门预算，用五年的时间来全方位提升软件工程能力，使得华为产品能够更好地面向未来更复杂的网络安全环境。据了解，该计划事实上是华为公司的技术创新流程（IPD流程）再造的一部分。早在十多年前，华为启动了IPD流程变革，帮助华为具备了很强的技术创新能力，能够提供可靠、高质量创新的产品。此次将启动的是华为IPD2.0的流程变革，而软件工程能力提升是整个IPD2.0变革的重要组成部分。“华为是一个很大的公司，做一个决定不容易，一旦做出决定，还从来没有失败过。我们一定会做出结果来，只有这样才能让我们对未来充满信心，也让客户和各国政府、合作伙伴对我们更有信心。”胡厚崑说。", "author": "中国新闻周刊", "newsdate": "发布时间：18-12-24", "newstime": "13:14", "sentiment": [{"positive_prob": 0.601245, "confidence": 0.113878, "negative_prob": 0.398755, "sentiment": 2}]}, {"title": "越来越多的人在力挺华为，你真的了解华为吗？看完才恍然大悟！", "content": "近日，关于华为的消息可谓是一波未平，一波又起！随着铺天盖地的信息而来，在华为和苹果之间，更多人选择支持华为！究竟为什么这么多人支持华为呢？你真的了解华为吗？我们一起往下看。祖国的强大，离不开科技的创新。华为的知识产权部早在1995年就创立。从2000年起华为国内专利申请量以每年翻倍的速度增长！我们先看一组数据：截至2017年底，华为累计获得专利授权74,307件，累计申请中国专利64,091件，累计申请外国专利48,758件。2016年全球研发投入排名前十的企业中，华为名列第九，约92亿美元（约630亿元人民币），已超过苹果、思科等巨头！！这是什么概念？！2017年华为仅在中国就缴税超710亿，纳税额拿下民营企业500强第一！华为轮值董事长徐直军宣布：华为2018年营收将超过1000亿美元大关。华为的年收入，是阿里的3倍。根据阿里巴巴2018财年业绩，阿里巴巴2018财年全年收入为2500亿。也就是说阿里巴巴的年收入约为华为的1/3。华为的年收入，是格力的4倍。按照董明珠今天的说法，格力电器的营收，2018年将达到2000亿元，也就是说， 格里的年收入约为华为的1/4。华为的年收入，是小米的7倍。小米2017年营收，约1000亿元。以华为的一句企业文化结尾：为客户服务是华为存在的唯一理由!小编寄语：坚信华为，必将披荆斩棘，乘风破浪，必将抵达胜利的彼岸！华为加油！", "author": "有颜姑娘", "newsdate": "发布时间：18-12-24", "newstime": "22:12", "sentiment": [{"positive_prob": 0.621426, "confidence": 0.158725, "negative_prob": 0.378574, "sentiment": 2}]}, {"title": "捷克总理说仓促决定停用华为产品系受误导所致", "content": "新华社布拉格12月23日电（记者 王义）捷克政府总理巴比什23日表示，捷克政府部门仓促决定停用中国华为产品系受有关部门警告误导所致，捷方高度重视两国战略伙伴关系，愿同中方加强经贸往来和务实合作。巴比什当天会见中国驻捷克大使张建敏时说，捷克有关部门针对华为和中兴公司所发布的警告不代表捷克政府立场，捷政府部门仓促决定停用华为产品系受警告误导所致。捷克国家安全委员会已就此发表声明作出澄清。巴比什说，捷克欢迎包括中国企业在内的外国企业来捷投资经营，将为其提供良好营商环境。他积极评价中国发展成就和捷中关系进展，表示捷方高度重视两国战略伙伴关系，愿同中方进一步加强经贸往来和务实合作。张建敏指出，捷克有关部门发布的警告毫无事实根据，造成恶劣影响，中方坚决反对。我们注意到捷克政府为纠正有关错误所作的努力，希望捷方采取有效措施防止类似事件重演，切实维护中国企业合法权益。张建敏表示，近年来中捷战略伙伴关系快速发展，各领域交流合作不断深化。中方愿与捷方一道，在相互尊重、互利共赢的基础上加强双边合作，更好造福两国和两国人民。本月17日，捷克国家网络与信息安全办公室针对中国民营企业产品发布“安全警示”，其中明确提到华为与中兴两家公司。巴比什随后以安全为由，要求总理府工作人员停止使用华为手机，引起争议。21日，捷克国家安全委员会发表声明，纠正政府的这一错误做法，指出捷克国家网络与信息安全办公室此前发布的“安全警示”不涉及普通用户和终端设备。责任编辑： 程瑶", "author": "新华网客户端", "newsdate": "发布时间：18-12-24", "newstime": "19:04", "sentiment": [{"positive_prob": 0.0106451, "confidence": 0.976344, "negative_prob": 0.989355, "sentiment": 0}]}]