[{"title": "同价格同四摄，但性能却差好几个等级，华为真的是初心吗？", "content": "提到OPPO、vivo很多朋友的印象是不是“低配高价”的代表啊？其实现在情况有所反转，蓝绿大厂在互联网的洗礼下，很多机型也变得极具性价比。甚至有些机型一度超越了华为，性价比更高，大家可能不相信，今天就做一个简单的小盘点。OPPO新推出的K系列手机就是家族的“性价比代表”，比如这款10月份才上市的OPPO K5就是最好的例子，该机售价不到2K，名副其实的千元机，华为手机中与之价格相同且口碑也比较好的像华为nova 5i，两者价格虽然一致，但配置还是有明显的差别。首先来看硬件，OPPO K5搭载的是骁龙730G处理器，华为nova 5i搭载的是麒麟710处理器，虽然两者分属不同品牌的芯片，但在实际的安兔兔跑分测试中，前者成绩大概在23万左右，后者仅13万多，很显然差距不是一星半点。所以，性能上OPPO K5完胜。其次，在拍照方面，OPPO K5后置6400万主摄+800万超广角+200万黑白镜头+200万复古人像镜头，一共AI四摄，而华为nova 5i后置拍摄配置为2400万主摄+800万超广角+200万景深+200万微距。两者仔细对比来看，虽然均是四颗摄像头同步，但主摄水平华为nova 5i已经逊色于OPPO K5不少，所以实际拍摄效果中，OPPO K5的解析力和噪点控制显然也比华为nova 5i要好不少。另外，自拍方面OPPO K5的3200万像素也比华为nova 5i的2400万像素要更高一些。然后，就是手机重度用户比较看重的续航。OPPO K5配备的电池容量为4000mAh，华为nova 5i的电池容量也为4000mAh，这就算电池大小不分胜负。但是前者的充电标配为30W的VOOC闪充4.0，而后者的充电搭配为10W功率，在实际的测试中发现，OPPO K5大概只需要70分钟电量就可完全充满，而华为nova 5i则需要差不多两个小时。可见，在关键时刻还是OPPO K5能及时给力，解决续航焦虑。最后，如果说外观设计要看个人喜好的话，OPPO K5水滴屏应该没有nova 5i的挖孔屏这么讨人喜欢。必定挖孔屏是5G时代的“明星产物”，解锁方式上且OPPO K5采用的是屏下指纹识别解锁，而华为nova 5i采用的是后置指纹识别，至于大家喜欢什么样的，萝卜白菜各有所爱吧。经过以上对比，不难发现，同样的运存配置OPPO K5和华为nova 5i价格是相同的，但不管是硬件性能还是拍摄、续航、解锁方式等其它配置，OPPO K5相对来说都有很明显的优势，性价比就不言而喻了。足见OPPO的性价比是不比华为差的，反看华为手机这两年貌似有售价越来越高的趋势，这不禁让人觉得华为真的还是初心吗？", "author": "加速度测评室", "newsdate": "发布时间：19-12-30", "newstime": "21:04", "sentiment": [{"positive_prob": 0.000840705, "confidence": 0.998132, "negative_prob": 0.999159, "sentiment": 0}]}, {"title": "华为还有“B计划”？谷歌悔之晚矣，任正非的回答令人佩服", "content": "导语：华为还有“B计划”？谷歌悔之晚矣，任正非的回答令人佩服还有一天2019年就离我们而去，迎来的将是崭新的2020年。在这岁末年初的时候，各大厂商也都没有闲着都在总结2019年的得失，好在新的一年更上一层楼。在这里不得不提的就是我国的民族企业华为，在即将过去的一年里可谓是经历了大风大浪、跌岩起伏。从5G竞争到美国特朗普政府的大力制裁，从HR“胡玲事件”再到“251事件”，每一件事对于华为来说都像是在坐过山车一样，骤起骤落不得安宁。可就是在这样的情况下，任正非仍然将华为19万员工“捆成了一股绳”，为即将结束的2019年画上了圆满的句号。在最擅长的通讯领域内拿到了65份5G合同，暂时位居第二；手机终端领域余承东在2019年度“花粉大会”上也透露，华为手机今年在全世界的销量预计在2.3亿部，基本稳坐世界第二，超越苹果iPhone手机已经成为定局。不过作为华为精神领袖的任正非仍然不忘鼓励华为时刻做好准备，因为在2020年整个一年时间华为将面临美国最为严厉的制裁。虽然今年的华为手机出货量达到了2.3亿部，相比去年的2亿部增长了3000万部，但是从华为前三个季度的手机销售来看，华为仍然还有一大弊端。根据华为前三个季度手机的销量来看，分别为5900万部、5900万部、6700万部，累计销量为1.85亿部。而余承东透露的今年华为手机整个销量来看是2.3亿部，这就意味着华为第四个季度的手机销量是4500部，相比第三季度减少了2200万部。而从这个时间节点来看正是华为Mate 30旗舰机无法安装谷歌的GMS服务，海外市场受阻造成的“断崖式”下跌的原因。熟悉华为的人都知道，自今年5月15日美国正式将华为加入“实体名单”后，。华为在美三十多家核心供应商将集体断供。这其中包括了华为通信设备、消费者业务产品的零部件、芯片，甚至是操作系统以及相关技术支持。在美国开出的第二个“90天宽限期间”，谷歌正式取消了对华为产品授权的GMS服务。谷歌的GMS服务，在国外用户的日常生活中占据着绝对的主导地位，而此时华为手机没有了安卓的授权，无疑是一场“灭顶之灾”。面对这突如其来的致命打击，华为手机的海外的销量出现了锐减。没有谷歌GMS服务的支持，意味着华为手机将无法预装Gmail、Youtube等软件，对于国内用户来说无所谓，但海外用户可不会答应。华为为了应对这次危机不得不将鸿蒙系统推到公众面前，并且推出了属于自己的HMS服务。当谷歌停止华为GMS服务授权时，外界纷纷为华为捏了一把汗，并认为华为手机会因为谷歌的断供而腰斩。谁知华为“见招拆招”，为了把华为的损失降到最小将HMS推到了前台。如今根据华为的官方宣布，华为HMS全球注册开发者已经超过百万，加入的应用程序也已经达到45000个！而华为自家的AppGallery，目前也已经投放全球170多个国家，累计为3.9亿用户提供服务！不仅如此，华为智能助手、华为钱包、华为视频、华为音乐等配套服务应用，目前也已经上线。从华为的种种行动来看，华为目前已经逐步向生态的发展靠拢，有意替代谷歌。华为创始人任正非在接受美国CNN采访时，就曾被记者问到，如果谷歌没有获得与华为合作的许可会发生什么。任正非回答道：我们有一个非常庞大的“B计划”，而且他进一步强调，即使没有谷歌，华为也有决心且有能立成为全球第一大手机厂商，不过只是时间问题。他还透露，华为将在2020年重返海外市场。如今从华为鸿蒙系统诞生后正在趋于完善，以及HMS服务启动后开始在国内开始招募众测来看，华为逐步构建和完善了自己的软硬件生态。原来鸿蒙系统加上拥有自己的HMS服务，就是任正非所指华为庞大“B计划”的一部分，估计谷歌也是始料未及。谷歌在听从了美国特朗普政府的安排后，毅然决然地掐断了华为的粮草，而华为带来如此有自信的反击是谷歌没有想到的，此时相信谷歌悔之晚矣！而任正非在回答谷歌以及鸿蒙系统的问题时也曾表示，华为会加强与谷歌的合作，因为谷歌也愿意与华为合作。如果美国愿意批准，华为还是很愿意和谷歌加强合作。我们有能力做到我们想做的，并不是能力不行，只是我们愿不愿意去做而已。同时任正非还表示，华为推出的鸿蒙系统并不会取代谷歌的安卓系统。鸿蒙系统只是补充，并不是替代，而且我们将来也不会替代谷歌。在华为面对如此严峻的压力下，任正非还能有如此的回答实则令人佩服。不过这也只是建立在谷歌能拿到美国颁发的放行许可的情况下，如果谷歌一直这样将禁令持续到底，那么最终的结果也只能是鸿蒙系统的出山了。不知大家认为鸿蒙系统能否成功替代谷歌？谈谈你们的看法！", "author": "科技在前方", "newsdate": "发布时间：19-12-30", "newstime": "22:21", "sentiment": [{"positive_prob": 0.0124388, "confidence": 0.972358, "negative_prob": 0.987561, "sentiment": 0}]}, {"title": "任正非：不能因为华为短时间领先，就要打我们一棒｜CEO说", "content": "钛媒体注：12月27日，华为心声社区发布了日前任正非接受《华尔街日报》采访的纪要。采访中，任正非表示，华为不需要美国撤销实体清单，实体清单永远保留好了，没有美国也可以生存很好。但是我们仍然会拥抱全球化的，美国公司供应器件，我们欢迎；如果没有供应，我们也能生存下来。在他看来，美国政府和华为没有根源上的对抗。华为一直是比较崇拜美国的，大量学习美国文化与管理。尽管华为在5G领域已经取得了领先地位，但任正非认为美国不应该因为这个问题感到有威胁。因为美国有极好的创新机制，不会因为某项技术短时间落后一点就感到压力。他提及美国商务部长罗斯在印度讲话中提到“美国用三年时间就可以领先和超越华为”，这完全有可能。不是美国真正输给华为，而是5G选择时押错宝了，我们押的是厘米波，他押的是毫米波。从这点来说，如果美国转过来追赶，它是没有问题的，华为只是短时间领先。“美国在5G上有判断失误的问题。美国选择6G，认为6G带宽更宽、意义更大，美国觉得这个东西应该很好。它选择了毫米波的高频段，它认为5G时代不会这么快到来，6G覆盖距离短的理论与技术问题还有时间突破，没有想到5G十年就做出来了。”他说。在谈到管理上面对的挑战时，任正非表示华为公司三十年来从小公司走向大公司，走的是中央集权管理的道路。这样的做法会使机关总部越来越庞大、越来越官僚主义，那么公司迟早会由于不堪重负而垮掉。任正非透露，华为的阿根廷会议叫“合同在代表处审结的试点会议”，改革的要点就是把决策权力交到最前方，逐渐让前方的人员职级、能力都得到很大幅度的提升。如果前端确实有很多能担负起责任的高级干部，那么往公司后端的流程就可以大幅度缩短，机关就不需要这么多干部。机关就会精简，减少官僚主义，减轻供养负担。华为为在代表处完成合同审结这样的改革，并计划用五年或更长的时间来改变。“机关会变小，办公室里没有那么多高级干部，多数是一些职员。这样把顶上重重的帽子卸下来，华为公司的管理倒转180度，就会获得新生。”以下为纪要全文：1、《华尔街日报》总编 Matt Murray：任先生，谢谢您！非常高兴今天能有机会接受邀请到华为看一看,并采访您。我们刚刚在您欧洲风格的园区还有俄罗斯风格的走廊转了转。所有建筑都非常宏伟。在当前的形势下，您是不是想借此传递关于华为实力，或者深受商界影响的中国在全球舞台所展现出的实力的一些信息？作为一位美国人，我在来到华为，看到这些宏伟的建筑以及您向我们展现的其他所有东西之后，很难不这么想。所以这里面是不是想传递出一些什么信息？任正非：首先感谢你们来采访我，你们可以尖锐提问，我会坦诚回答。松山湖溪流背坡村基地建筑群和机加中心展厅建筑都是日本人设计的。我们每个产品线都有一个类似这样的展厅，展厅一般设在地下一层，参观完以后到地面上来喝杯咖啡、开个小会；两个白色、黄色的大厅是为开大会用的。所以，这些艺术设计都是建筑师促成的，与我们的文化宣传没有关系。我们正在上海青浦新修一个研发基地，大概有2600亩地，由5个西方著名的建筑师公司设计。他们参照芝加哥湖边建筑群景观设计，带有现代经典建筑气息，和上海十里洋场环境结合起来，容纳外国科学家在那里工作。所以，建筑本身与华为文化没有关系，与建筑师的欣赏与投标、中标有关。Matt Murray：你们的员工在引导我们进展厅走过一个走廊时，说这是“川普走廊”，所以下面的走廊是不是承载什么特别的信息？任正非：没有。但是它很美，是由150多个俄罗斯著名画家画的。因为他们国家受美国制裁，生活困难没有着落，由于经济困难而来为我们画画的。他们说“没有川普制裁，根本不可能有这么多画家为你们画画的”。他们休息喝咖啡的时候，戏称这条走廊叫“川普走廊”，说你们要感谢他，连克里姆林宫也没有这样漂亮的走廊。Matt Murray：你觉得特朗普总统会到这里来看一看这个走廊吗？您没有想过他会亲自过来看一看吗？任正非：非常欢迎他来。如果他在任期间不方便，可以退休以后过来，我们会很热烈地欢迎他。退休后的卡特总统在多年前就曾经来过我们公司。我们欢迎美国的总统、议员、高官、记者……，有机会来华为访问，我们会很热情接待，毕竟美国是伟大的创新型国家。2、Matt Murray：现在，我们来聊聊美国。其实从很久之前，在特朗普总统上任前，奥巴马总统在任期间，也就是说在特朗普和奥巴马担任总统期间，华为和美国之间就存在问题。您觉得美国政府和华为之间长期存在对抗的根本原因是什么？任正非：我认为，美国政府和我们没有根源上的对抗。我们公司一直是比较崇拜美国的，大量学习美国文化与管理。从华为创业开始，“不眠的硅谷”这种美国精神就铭刻在全体员工心里，我们一直努力在向美国学习。硅谷有很多公司在车库里创业，我们那时候没有车库，就在城中村农民房里创业，也是一步步走过来的，美国公司走过的历史都是我们学习的榜样。过去二十多年，先后有几十个美国的咨询公司给我们提供了管理咨询。这些顾问公司都十分清楚我们的组织结构与流程，流淌的都是美式文化；我们的财务审计十几年来都是KPMG，如果想了解华为的财务状况，只要在KPMG看十多年的底稿，就可以知晓华为真实的财务状况。因为三十年来我们都是困难重重的，习惯了困难，所以我们没有感到奥巴马时代带给我们多大困难，特朗普时代给我们带来了一种激励，逼迫我们不能惰怠，为了生存下来就要努力“划船”。大家如此努力地“划船”，把今年的销售收入划多了，利润也划高了。如果今年年底公布的利润高了，我会很担忧世界怎么看我们。华为被打压，怎么利润还高了？其实就是因为全体员工更加努力了。因此，我没有感到和美国之间有多大冲突。3、Matt Murray：既然是这样，您又怎样解释美国现在对华为展现出的敌意？考虑到美国政府现在对华为的态度，您觉得华为在历史上有哪些事情是应该做而没有做的呢？任正非：我认为，主要还是美国对我们缺乏了解。美国公司也是从小变大的，在我们后面成立的公司有亚马逊、谷歌、Facebook……，它们现在的发展比我们还厉害。我们还跟在他们的后面。我们比较保守一点，成长时间比它们长。总而言之，美国公司走的道路是商业模式创新与技术创新兼容的高水平道路，在产品还没有完全成长起来时，已经构建了一个世界级、全球化的商业计划。而我们公司因为眼界低，从山沟沟里出来的，没有见过世面，都是从技术创新开始做，研发人员都自认为自己是天之骄子，等产品出来才想到做商业模式，发展速度相比美国公司就慢一些。至今为止，我们公司还是没有商业领袖，还只是在技术创新，经常是产品做出来一、两年了，还不知道怎么卖。现在我们学习得还不够，都是先想着怎么做产品，做出来才会想怎么卖。4、Matt Murray：现在华为业务遍及170多个国家和地区。您们在大部分国家和地区都是领先的电信设备提供商。另外，华为在5G领域已经取得了领先地位。在您看来，是不是华为的成功让美国感受到了威胁？任正非：我认为，美国不会因为这个问题感到对它有威胁，因为美国科技创新的能力非常强。你们可以去华为心声社区看一看，昨天我们还发表了一篇文章，讲美国这一百年来到底有多少发明，讲美国多么伟大。美国有极好的创新机制，不会因为某项技术短时间落后一点就感到压力。我也看到罗斯部长在印度讲话中提到“美国用三年时间就可以领先和超越华为”，我相信完全有可能。美国在5G上有判断失误的问题。美国选择6G，认为6G带宽更宽、意义更大，美国觉得这个东西应该很好。它选择了毫米波的高频段，它认为5G时代不会这么快到来，6G覆盖距离短的理论与技术问题还有时间突破，没有想到5G十年就做出来了。华为选择的中频段，也有赌博成份。当时全世界大部分国家都没有走中频段，都选高频段，因为他们认为5G不会那么快投产，没想到十年时间，5G从土耳其Arikan教授的一篇数学论文会发展成一个产业。他们认为世界的发展会缓慢一点，6G还会有机会突破。如果能解决覆盖发射距离的理论发现和技术创新问题，6G肯定是最好的，但是现在理论发明还没有，技术创造还没有突破（相控传送体积大），所以6G只能做到很宽的带宽，传输距离非常短，还没有达到实用化的时候，5G已经开始在世界普及。所以，不是美国真正输给华为，而是选择时押错宝了，我们押的是厘米波，他押的是毫米波。从这点来说，如果美国转过来追赶，我们相信它是没有问题的，不会因为华为短时间领先就要打我们一棒。5、《华尔街日报》记者Dan Strumpf：我的问题和美国与华为之间的长期合作与对抗有关。在今年的采访中，您多次提到可以把华为的5G技术许可给一家西方公司，更具体地说，是一家美国公司。您能否向我们介绍一下目前的进展？有没有美国公司表现出这方面的兴趣？华为有没有聘请投资银行或者其他中介机构帮忙出售这项技术？您认为5G技术许可这件事情将如何发展？任正非：首先，我们是真心诚意地许可给美国公司，而不是玩什么花招。为什么我们希望美国公司强大起来？因为这样世界可以构筑三角平衡，如果美国缺失5G技术，我们可能长期有麻烦，欧洲也会麻烦。因此，我们是真心诚意许可，并且许可是全面的，它要什么，我们就给什么，不会有所保留。许可以后，我们可以并肩前进，相信我们还是可以跑得快的。这是我们的动机和目的。第二，美国不能跃过5G去走6G，通信行业每一步都要走，跨越式地跳过这步以后，后面的路可能会有很大问题。如果从头再做起来，需要漫长的时间。美国最多的是钱，我们最大问题是没钱，美国给了我们钱获得我们的许可，我们可以在5G及新技术上更大开发、更快前进。美国有了基础以后，可以发展更快，因为美国有庞大的科学技术基础。开展和平发展与竞争。目前还没有任何美国公司与我们接触，如果有了需求，我们才会找投资银行帮助我们做交易。Matt Murray：美国公司或者中介机构可以给你们打电话？任正非：是的，但是没有啊。是不是他们也害怕？害怕与我们接触有嫌疑。Dan Strumpf：您觉得为什么目前没有一家公司对此表现出兴趣呢？华为被公认为是5G方面最先进的公司。美国公司至少应该对这项交易表示感兴趣，但是为什么现在没有任何一家公司跟华为接触？任正非：我也不清楚他们为什么不接触。可能是担心有政治上的嫌疑，跟华为接触后被怀疑。或者是他们不想做这个市场，不一定有这个需求。我们也不能主动去联系，美国实体清单禁止我们与美国企业接触。6、Matt Murray：在华为发展历程中面临了很多关于盗窃的指控，其中包括思科和CNEX等大公司以及个人的指控。您可能也知道，今年《华尔街日报》有过一篇这方面的报道。为什么这样的指控一直存在？华为有没有解决或者曾经解决过在技术窃取方面面临的挑战？任正非：指控不一定就是事实，特朗普遭受的指控比我们还多。我们从来都是尊重第三方知识产权，美国有很多大公司每年都给我们交非常多的知识产权费，但我们交给美国公司的知识产权费更多。我们这么多年累计收了14亿美元的专利费，付出了60多亿美元左右的知识产权费。而且，华为的科研经费每年投入150-200亿美元左右，研发人员将近八、九万人，领先世界不可能靠偷来的。好人也会蒙受指责，我们还是相信美国法庭的判决。7、《华尔街日报》记者Eva Dou：前一段时间去过您的老家贵州，想了解一下您小时候的背景和成长的历史。我父母是山东济南人，在济南趵突泉附近。任正非：我小时候生活的地方很闭塞，对我的成长没有多大影响，就是顽皮一些，让天性没有受到压抑。我不可能在那种闭塞的环境里产生对我后半生多大影响的抱负。我到大学后才有图书馆，如饥似渴地广泛阅读，也对我的人生没有多大影响，因为家庭政治条件不好，不会有大的前途，不悲观就不错了。70年代末我的部队在济南，当年在济南郊区窑头，山东师范学院上去一点，我们算半个老乡。Eva Dou：那个年代大家都是部队的，我家那个年代也有很多参加部队的，看您之前写的一些研究报道，看到济南这个字，1979年到1984年在济南00229部队，能否介绍一下那一段做的工作？正式的简历不太清楚前期的经历，1944年出生，一直跳来跳去，很多年不知道在哪里。任正非：在辽阳化纤厂建设结束以后，国家决定搞十大工程。我们奉命调去建设仪征化纤厂，但是在队伍调遣过程中工程下马了，我们就停留在济南了。据说是中央有人批评这是十大洋跃进工程，因政治原因下马了。当时，我就留在济南机关，做了一个二十多人建筑研究所的副所长，研究建筑机械等东西。Eva Dou：好像主要研究压力天平？任正非：我在辽阳用数学方法推导了一个仪器，用于化工自动控制系统。后来我在这个研究所允许我继续做延伸的研究实验，因为我那时是名人了，是英雄标杆，所以可以做一些与本部队无关的研究。但是不成功。因为我那时年轻气盛，受到国家的重大表扬后，就不知天高地厚，提出了更高的难以实现的目标，又想梦想一定要达到，日夜加班。后来几年的研究都不成功，正好遇到大裁军，我被集体裁掉了，项目结束了，人也离开了，那五年实际上做了很多没用的事情。那时山东大学的计算机内存只有16K，怎么也算不出方程和实际的东西，最后不了了之。这段青春应该是虚度了。Eva Dou：那时我老爸也在山东大学读书。任正非：我们很近，我们在山东师范学院往上一点，就是我的驻地窑头，我小孩读的小学就是马家沟小学。Eva Dou：你最开始工作是不是在贵州011基地？你在那边主要做什么工作？任正非：是的，在011工地，在那儿参加承建的建筑公司工作，做厂房建筑。Eva Dou：您不是工程师吗？任正非：那时我连技术员都不是。那时大学生是“臭老九”，要被改造，接受工人农民再教育。我曾当了两年炊事员，后来当了几年工人，74年才调到东北；在部队过了一段时间才当了技术员；在粉碎四人帮以后，我才当上工程师。Eva Dou：贵州离越南非常近，那时美国在越南打仗，贵州那个年代部队不是也在开始建军队的通信设备吗？有参加吗？任正非：那时我与通信没有关系，纯粹是普通的建筑工人，与今天的农民工差不多；到了东北部队以后，我与通信也没有关系，在东北从事辽阳化纤总厂自动控制系统工程建设，是模拟的控制系统，就是使用比例、积分、微分方式控制的系统管理，和现在的通信计算机无关。自动控制是我在当炊事员和工人的时候开始自学的，到东北因为没人比我懂，这“半坛子水”得到使用。我到深圳创业后，才开始接触通信行业的。8、Matt Murray：您刚才提到浪费了五年时间，也从事过不同的工作。后来是如何创立华为的？您是如何找到投资者并在您之前的基础上支持您创立这家公司的？任正非：大裁军以后，我们就是这个时代的弃儿。因为国家体制发生了翻天覆地的变化，从计划经济走向市场经济模式，我们并不知道转折意味着什么，就到深圳来了。对市场什么都不懂。我们到了深圳，每月工资200多元，当时团职干部200多元挺荣耀的，但一看打工妹都有500多元了。我们就要求国家把转业费发给我们，不要保留政治待遇和经济待遇了。国家给发了1800多元转业费，我们夫妻总共领了3000多元。后来我到国有企业工作，也是什么都不明白，没有经营好，做错了事，最后只能离开这家国有企业。当时，要么出国，要么在国内干，我们家里人不想出国，就留下了。刚好深圳市在1987年出了一个文件，87（18）文，允许个人创办民营科技企业，我们就冒险做了民营科技这行。当时注册公司需要2万元人民币注册资本、五个股东，我就找了另五个人集资2万1千元，实际还是我一个人开始干。后来，那五个人要求退出公司，就跟我们打官司，退了很多钱拿走。这个公司变成我一个人的，我有权力把股份分给大家，就形成今天员工持股的模式。当年如果不分股份给大家，我们可能就是一个小公司，干一干就散了，重新又去干一个行业。怎么知道我不会去搞房地产呢？我最应该的是去搞房地产，不应该搞通信，这么傻，又苦又累又不赚钱。那五个人退股的法庭判决书还在档案室，你们可以去看看原始的档案。Dan Strumpf：您是怎么认识帮助您创立华为的五个投资人的？我们在华为股权室看到他们五个人的名字，发现他们的背景是非常多样化的。您是怎么认识他们的？是您的朋友还是军队的熟人？任正非：过去不认识，来深圳以后才认识的。创立公司时，对公司拥有股权、拥有未来还完全没有想象，就是为了凑够这么多人、筹够这么多钱，他们没有在公司上过一天班。如果我们关系很好，就不会分家，他们也会到公司来上班。华为公司前十几年完全是风雨飘摇，就如蜡烛火一样摇摇晃晃快要熄灭的那种感觉，天天处在危机和生存挣扎状态，大多数人都是没有信心的。我没有退路，没有信心也要有信心。还有一些傻傻的人跟着我们，相信我给他们讲的话，以为真能够实现。大家都相信，抱成一团，果然实现了。今天很多人很有钱，不是投机，而是太傻了跟着跑，没有离开。9、Dan Strumpf：顺着时间轴往后，1992年您曾经访问美国。此行从纽约开始，在访问硅谷公司后结束了您的这次行程。那次美国之行您学到了什么？当时为什么要去美国？是谁组织了那次行程？今天的美国和您当时看到的美国是否已经有所不同？任正非：那次是美国波士顿一家卖电源模块的CP公司邀请我们去考察，因为我们要买它的电源模块。我们很好奇，想看一看美国，因为我们从来不知道美国是什么样。我们以为美国是高消费，所以带了很多美元现金，那时中国还没有信用卡。后来我们发现美国什么东西都便宜，很长时间都不理解，才觉得现金带着是负担。最初一起去的有一个人吵着要管钱，就把钱大部分给他了，结果后来他嫌钱装在口袋太重，求大家花他的钱。所以对美国的第一个印象是，美国的东西怎么会这么便宜。当时我们乘坐灰狗巴士走天下，巴士怎么会这么漂亮？我们坐着灰狗巴士在高速公路飞驰的时候，觉得中国永远不可能有这么好的车了，中国永远不会发展到像有灰狗巴士这种状况。我们坐火车到了硅谷，也不知道硅谷在哪儿，问别人，没有一个人知道硅谷为何物，因为“硅谷”是中国人喊的，外国人不知道。结果莫名其妙下了车，问一个出租车司机，刚好是圣塔克拉拉，就是“硅谷”。到了硅谷，我们找不到地方可参观，也找不到人，好不容易认识一个人钟培峰，想办法去交流参观一下，因为我们还要买一些器件。我们看到美国的先进、美国的伟大，很震惊。美国公司到底有多大？不知道。我们曾租了一个出租车，穿过IBM做存储器的一个厂，给出租车司机讲“绝对不能转弯，一定要直走，打表，看里程多少”，走了直径是6公里后，司机迷路了，才兜出来。我们感慨美国的工厂这么大，感慨至今。今天我们仍然是这样崇拜美国，没有改变。不因为美国打我们，就不爱美国了，这是两回事。10、Matt Murray：您可能也知道，《华尔街日报》今年早些时候发布了一篇报道，称华为在非洲有个项目是帮助几个非洲国家的政府监视政治对手。该项目是智慧城市项目的一部分。您如何评价这一项目？这个项目是否还在进行？报道出来之后，当地政府作何回应？任正非：首先，这不是事实，《华尔街日报》要承担责任。我们已经给你们出了律师函。《华尔街日报》是一家伟大的报纸，你们要反思，你们的信息来源是否真实？没有这回事，因此当地也没有什么反应。11、Eva Dou：我知道您一直喜欢欧洲的文化。任正非：不是，我最喜欢美国的文化，很奔放、很创新，我是一个不安份的人，喜欢美国年轻人的疯狂，他们的好大喜功，我太太说我，你们是一丘之貉。欧洲保守一点，舒服了一点，我家人非常喜欢欧洲，我太太今天还在米兰。Eva Dou：您知道HBO有一个关于电信行业的电视剧吗？任正非：不知道。Eva Dou：您可以看一下，这是关于电信行业的电视剧，讲的是关于西班牙国王和美国Calvin Coolidge的第一次跨洋通话，也是西班牙政府支持的，原因也是监控。那时西班牙政府也想监控很多他们的敌人，就支持了这个公司。历史上一直是这样的。一个国家想支持一个电信行业，不就是因为监控吗？中国难道不也一样吗？华为公司在这种历史和政治环境下怎么运营？任正非：汽车制造厂把汽车卖给了用户，车里装什么货物是司机说了算，汽车厂并不知道装什么货物。我们就像汽车制造厂一样，卖给电信运营商是裸设备，网络是由电信运营商管理，我们并不管理这个设备，根本不知道电信运营商是如何运作的。电信运营商做的是管道，疏通信息流，我们做的是管道外面的铁皮，铁皮能知道什么呢？12、Matt Murray：我知道这是敏感事件，但华为已经成为了一家拥有十几万员工的大型全球化公司。您有信心说在全球各地的华为员工都没有参与到我们所报道的活动当中吗？任正非：我们有内外合规的监管系统，有道德遵从委员会，在管住员工要符合公司对商业行为的要求。我们不允许违规的事情发生，如果谁有这样的事情，他会受到严处。13、《华尔街日报》亚洲商业编辑Neil Western：您刚才说华为是卖铁皮的，事实可能不仅如此。因为华为在网络安全上投入了大量资金，而且过去几年在这方面的投资仍在不断增加。特别是“斯诺登事件”之后，大家知道美国国家安全局利用华为的设备进行窃听。从您的角度来看，威胁来自哪里？华为应如何预防这些威胁？任正非：如果我们在网络安全设计上不投入力量，运营商可能就不会购买我们的设备，很多国家会禁止我们进入市场；如果我们不遵守GDPR，就不能进入欧洲。所以，网络安全、用户隐私保护都成为商品中很重要的一环。就像汽车一样，所有汽车都是四个轮子，名牌汽车比普通汽车贵一点，就是因为它在安全保护上投入更大，给人提供更大的安全保障。如果我们不能满足时代的要求，一是我们不可能销售，二是不可能卖好一些的价格，因此我们必须满足客户这方面要求。网络是掌握在运营商手里的，运营商是受主权国家控制的，我们只是一个卖“卡车”的公司。14、Dan Strumpf：Matt刚才也提到，华为发展到今天已经是有着十几万员工、业务遍及全球的公司。面向未来，华为在管理方面面临的最大挑战是什么？未来您真正退出华为舞台后，您希望华为成为一家怎样的公司？任正非：华为公司三十年来从小公司走向大公司，走的是中央集权管理的道路。这样的做法会使机关总部越来越庞大、越来越官僚主义，那么公司迟早会由于不堪重负而垮掉。我们阿根廷会议叫“合同在代表处审结的试点会议”，改革的要点就是把决策权力交到最前方，逐渐让前方的人员职级、能力都得到很大幅度的提升。如果前端确实有很多能担负起责任的高级干部，那么往公司后端的流程就可以大幅度缩短，机关就不需要这么多干部。机关就会精简，减少官僚主义，减轻供养负担。为在代表处完成合同审结这样的改革，我们计划用五年或更长的时间来改变。机关会变小，办公室里没有那么多高级干部，多数是一些职员。这样把顶上重重的帽子卸下来，华为公司的管理倒转180度，就会获得新生。这是向美国学习的。美国军队就是这样，到五角大楼的人可能没有前途了，到前线的升官很快。我们也要走这条道路，否则谁愿意到艰苦地区去奋斗？Matt Murray：您希望未来华为的员工都不待在深圳？任正非：是，现在非洲工作的员工虽然价值创造没有广州的员工大，但是他们的工资待遇是广州员工的数倍。15、Matt Murray：像华为这样的公司，要找一个能替代创始人的人难度有多大？您提到跟美国公司类比，许多美国公司要做到这一点是非常难的，不知道华为怎么样？任正非：有些美国公司之所以失败，是因为把命运系在一个人身上。他的安全关系股市价值，他们走哪里，认为不能坐民航机，因为民航机不安全；还要带保镖，因为他的“脑袋”就是华尔街的钱，“脑袋”没有了，华尔街就垮了。在我们公司，我实际是一个傀儡，我在与不在对公司没有那么大影响。当年我们向IBM学习管理变革时，IBM顾问跟我讲“管理变革最终就是把你“杀”掉，让你没有权力，你有没有这个决心？”我说我们有。十几年内，IBM数百位专家在这里帮助我们变革，华为今天走成这样，IBM给我们奠定了很重要的组织结构和管理基础。权力到哪里去了？按流程配置了，反而基层干部权力很大。比如，服务员权力大，说“要瓶可乐”，他们就可以拿瓶可乐来；我要瓶可乐，没有流程支撑，只得自己掏钱。所以，我们向西方学习变革中最成功的一条是我虚位了，下面有各种组织，他们都被赋予了不同权力在循环着，谁都会挑起公司发展的担子来。我们现在把权力的改革倒过来，让基层更有权力，如果这点稳定下来，后继者无法重新改回中央集权。因此，在相当长时间内会比较稳定。16、《华尔街日报》中国分社社长郑子扬：您刚才提到华为结构的调整，阿根廷会议应该是重要的一环。您在听说女儿被捕后，还是决定去阿根廷参加会议。这个会议对华为来说到底有多重要？因为很多人会觉得在您女儿刚刚被逮捕的时候，您还是决定完成工作去参加会议，这似乎显得有些无情。任正非：阿根廷是经济困难的国家，通货膨胀非常严重。拉美地区部前任总裁已经开始对阿根廷代表处试点改革，他调回机关，换一个人接替时，我们没有更换改革试点。改革的名称叫“合同在代表处审结”，以前合同的关闭是由公司机关来决定的，现在授予代表处决策权、分配权，他们焕发了积极性。在前所未有的困难的外部环境中，这个代表处做出了很大成绩，证明试点改革是成功的。现在我们公司有二十多个代表处正在向他们学习推行改革，预计明年代表处会有一定规模化的铺开改革。在提高效率的基础上，人员会大规模减少，为了避免大规模裁员，我前几天签发了一个文件，在战略预备队预设了1万个编制、10亿美元预算，被精简的人员不是辞职走人，而是回到战略预备队来，经过学习、考试合格以后，有机会再往前派，再从事新项目，以此保证公司平稳的改革过渡，避免过度裁员。17、Neil Western：你们为什么把会议地点选在离G20峰会如此近的地方？任正非：这与G20峰会毫无关系，那个时候也订不上房。是在他们开完会走了以后我们再开的，是因为选择天气好的时候，错后了一些时间，在一偏避的风景区，一个叫“小小酒店”的高级酒店。Neil Western：那时候您女儿刚刚在温哥华被捕，那次的行程对您自己个人也是有风险的，当时您是怎么考虑的？任正非：肯定会有风险，如果我都怕风险，其他人怕不怕呢？还是要前进的，我从迪拜转机过去，迪拜还是很开放的。Dan Strumpf：您当时和女儿联系了吗？阿根廷会议对您来说非常重要，您非去不可，但在会议之前几天您的女儿，也是华为的CFO，在加拿大被捕了。您当时有哪些想法？您觉得痛苦、悲伤吗？有没有联系孟晚舟？任正非：忘了。当时我只想把会开好，好像没有其他想法。Eva Dou：我们来聊聊孟晚舟的名字。您生日那天，她给您写了一封信，署名是“猪儿”。为什么取这个名字？任正非：因为她小时候很贪吃，长得胖乎乎的，像小猪一样，从小就叫她“猪”。我的小女儿因为喜欢毛茸茸的玩具猪，把自己称为“猪”，把我们叫做“猪爸”、“猪妈”。两个小孩都叫“猪”，以前我没有联想过，最近一想，怎么两个小孩都是“猪”呢？也是巧合。18、Neil Western：在过去一年，华为的问题跟中美贸易战紧密地结合在一起。过去一年，您有没有和习近平主席或者中国的首席谈判代表刘鹤沟通，讨论怎么解决华为和美国的问题？任正非：中美贸易谈判与华为没有任何关系，因为华为在美国没有销售，关税加到1000%与我们也没有关系。所以，我也不会关心中美贸易谈判怎么样。Eva Dou：华为只是一个筹码。任正非：是它抓错了筹码。我们不会做筹码，因为我们没有美国也能生存下来。19、Matt Murray：我可以作证，因为我亲耳听到中国政府在讨论美国贸易谈判时，表示支持华为，还问了我和其他记者，为什么美国要给华为这么大压力，到底出现了什么问题。中国政府说这对华为不公平，他们的确表示支持华为。任正非：我不知道，我没有看到这个新闻。我们不需要美国撤销实体清单，实体清单永远保留好了，没有美国也可以生存很好。但是我们仍然会拥抱全球化的，美国公司供应器件，我们欢迎；如果没有供应，我们也能生存下来。Matt Murray：华为过去一年业务发展很好，而且一年以来，华为一直在跟美国的供应链进行脱钩。您现在也在说华为在可见的未来不需要美国。是不是说无论中美贸易谈判得怎么样，就算美国又对华为开放了，华为都不会和美国合作继续往前走？任正非：我们不会脱离全球化，会坚定不移拥抱全球化。当然，这只是我们的理想，如果美国不给我们提供这种条件，我们自己生存也没有问题。我们在5G基站、传送、接入、核心网已经可以没有美国零件了。当然我们还有一个版本是可以有美国零件的。20、Eva Dou：问一个历史问题。这些年欧美很多客户怀疑华为有没有政府背景或者政府投资。请问90年代华为曾有个子公司莫贝克，是各个省市的电信局投资的。过了几年华为业务好起来了就把他们踢出去了。之后一直就没有投资机构在华为。能不能解释一下为什么那个年代设有莫贝克，之后就关闭了？任正非：第一，莫贝克是一个电源公司，电源在我们公司是一个边缘化产品。第二，1992年开始，中国在金融上严格控制。为什么？80年代末期金融泡沫，中国通货膨胀非常严重，中央在1993年严格刹车，禁止银行贷款，贷款无论是否到期都要强制收回去。在那个时代，我们想把电源单独做卖掉挣点钱，也没有那么多钱发展。我们就找电信局三产公司来投资，第三产业也叫劳动服务公司，是一种集体所有制的公司，它是中国特定历史时期产生的“怪胎”，国有企业一些多余的人没地方去，就搞到劳动服务公司去，他们也需要一些机会。我们与他们集资把电源业务做大了，大概几年以后以7.5亿美元卖给了美国的艾默生公司，大家把钱分了，公司就散伙了。大家说还要继续干，我说我挑不起这个担子来，就散了。21、Matt Murray：任先生，您在职业生涯中看到了很多的变化，现在5G部署也正在加快进行。展望一下未来十年的技术发展，5G之后还有什么？还有哪些技术会带来更具革命性的变化？任正非：严格来说，不要说十年，三年以后这个社会是什么样子，我都想象不到。在几年前，我们能想象得到手机可以上网吗？乔布斯一个人就改变了这个世界。互联网真正发达起来，应该是因为手机无线上网。5G以后，最大的机会窗应该是人工智能，未来社会变成什么样子，还是不可想象的。你们参观了我们的生产线，只是用了很少部分的人工智能，在少量环节使用了人工智能，已经很少看到人了。再进一步，人会更少。现在我们的生产系统引进了很多数学家、博士，工艺与质量管理，计划调度有了非常大的进步。所以，生产一系列活动都是24小时全排好的，机器人排队把指定物料在指定时间送到指定地点。连续生产已经有一定转变，十年以后整个世界发生什么转变，还不是搞得很清楚。目前在生产过程中最大的人工智能运用是芯片的生产，规模和水平还在美国。如果其他工业也像芯片的生产方式，生产效率会大幅度提高。若果能人工智能方式生产的产业，会回归西方；不能人工智能方式生产的企业会寻找劳动力成本更低的国家。所以，要适应未来新的社会，每个国家最大问题是提高教育水平。Matt Murray：听您的逻辑是如果不提高教育水平，工人会被AI代替？任正非：对，有高技能文化的人才能驾驭。Matt Murray：非常感谢您今天给这么多时间回答这么多的问题，感谢整个华为团队对我们的招待，我还想表扬一下口译员，今天写了太多字，手下来一定会抽筋。非常感谢你们接待我们。任正非：欢迎你们明年这个时候再来，看看我们的身体是否健康，也可以随时来。", "author": "钛媒体APP", "newsdate": "发布时间：19-12-30", "newstime": "08:14", "sentiment": [{"positive_prob": 0.825402, "confidence": 0.612006, "negative_prob": 0.174598, "sentiment": 2}]}, {"title": "华为又曝一黑科技，暗指P40将首发，或迎来史上巅峰！", "content": "华为又曝一黑科技，暗指P40将首发，或迎来史上巅峰！如今在业界呼声最高的当属华为，下一代的安卓旗舰正在一个接一个的爆料，网友们将全部的希望寄托在华为身上，华为也不负众望，前不久带来的华为mate30系念、华为mateX等，都是华为象征性的代表，从侧面彰显出华为强悍的实力。近几年华为的研发技术和创新力突飞猛进，令消费者赞叹不已，网友们格外期待明年华为旗舰的到来。目前关于华为p40系列的消息层出不穷，它成为万众关注的焦点。众所周知，华为在拍照领域有很高的造诣，华为p40系列将延续这一大优势，不出意外的话，将首发8p镜头，后置的每颗摄像头功能都极为强大，虽然像素可能比不过小米CC9Pro的1.08亿像素传感器，但整体的拍照实力定会出乎意料，8p镜头可没有我们想象中的那么简单，很多细节画质在它面前都不足为奇。华为又曝一黑科技，暗指P40将首发，或迎来史上巅峰！有了它的加入，华为p40的拍照能力将会到达一个巅峰的状态，再次引领华为占据霸主之位。除了拍照给力之外，它的性能也成为众矢之的，毋庸置疑，它将搭载麒麟990芯片，内部还有方舟编译器、EMUI10系统的支持，流畅度进一步提升，将会带来畅快淋漓的操作体验。前不久华为曝光了一条消息，它研制出一种石墨烯电池技术，可以直接提升手机的续航，据测试，石墨烯电池的体积小巧，但它的充电速度却是普通锂电池的1000倍，有了它的加入，仅几秒时间手机就可迅速满血，简直是续航的巅峰。虽说这项技术尚未明确首发华为p40系列上，但很多网友们已期盼已久，或许首发机型就是华为p40系列。这是一项极为繁琐先进的工艺，需要花费大量的人力和物力，所以想要短时间实现量产，不是一件简单的事。华为正在努力研制中，听到它的这一爆料，无疑将华为手机的充电和续航再次推向最巅峰，引领华为走向成功。同时华为p40系列还有很多卖点，例如四曲面屏幕、2k分辨率等，这些都足以使它不再低调。至于它会不会真的采用石墨烯电池，还在待定之中，以华为的实力，在短期之内实现量产，可能性还是相当大的，我们就拭目以待吧。你们期待华为p40系列的到来吗？欢迎在评论区互动交流。", "author": "科技与我手牵手", "newsdate": "发布时间：19-12-30", "newstime": "15:29", "sentiment": [{"positive_prob": 0.622117, "confidence": 0.160259, "negative_prob": 0.377884, "sentiment": 2}]}, {"title": "华为遗憾“两连败”？或将接连失去大订单，败在“小企业”手中？", "content": "说起华为5G，肯定会有很多人都会竖起大拇指，作为我国国内知名的通信企业，华为近几年的成长速度可谓是飞快，尤其是5G时代的进步更是有目共睹，所以华为也成为了我们口中经常说的“骄傲”。自从华为的5G技术面世之后，华为在世界范围内的5G商用合同数量就一直在刷新，前段时间华为也公布了自己的最新数据，总共有65份5G合同，这也证明了华为在世界其他国家眼中的认可程度。而经过华为这么一对比，曾经的王者诺基亚就有点不够看了，才20份，而爱立信虽然在数量上超过了华为达到75份的成绩，但是随后就曝出了爱立信多年行贿的丑闻，所以论整体实力的话，很多人还是愿意将华为排列在通信领域中的第一位。虽然华为在海外市场发展的相当不错，但是国内的市场却有一些不尽人意，早在今年十一月份的国际进口博览会中，国内三大通信商并没有选择华为当合作伙伴，而是选择了芬兰通信巨头诺基亚作为自己的合作方，并且双方也签署了157亿元的订单，订单金额可谓是相当的庞大。很多人认为华为这次落败了，并且对于这种情况都有一种不服的态度，认为国内企业就应该选择国内企业合作。其中这涉及到很多的问题，各个国家之间存在着一些订单交换，毕竟现在是一个共同发展的年代，国内的企业要走出去，国外的企业也要走进来，这样才能形成一个良好的可持续性的发展。所以说此次华为虽然丢了157亿元的订单，但是也情有可原。但是国内电信公司随后的一份报告中，却让更多的人感到了诧异。近日，相关的媒体公布了国内电信公司2019年第二批100G DWDM/OTN设备中标候选人名单，在这份名单中我们可以清楚的看见三家企业，分别是烽火通信、中兴和诺基亚，而华为并没有在名单当中。要知道在第一批的候选人榜单中华为可是第二候选人的存在，之前在2017年的时候，华为也是位列第一候选人的位置。为何这次却出现了这种情况，败给了烽火通信呢？出现这种情况的主要原因，有人认为是华为在国内的发展策略，因为华为在国内的发展策略是利润优先，所以导致华为在这次竞标中没有取得相应的成绩，反而是让烽火通信拔得头筹，所以华为或许在这次的竞标中失利，再次失去订单。而对于这个烽火通信，很多人并不了解，认为只是一个不起眼的小公司。如果这么认为的话，可就大错特错了，烽火通信也是一家老牌企业，成立于1999年，并且是一家上市企业，背景也是十分强大。所以烽火通信拿下候选人第一的成绩，也不是十分的意外。虽然华为接连两次在国内市场落败，但是这对于华为来说无伤大雅，因为华为在海外市场发展良好，并且手机业务也是蒸蒸日上，只要走出国门才能够获得更好的发展，获得更加优秀的合作伙伴，才能让华为实现更加长远的目标。你看好华为未来的发展前景吗？", "author": "科技情报咖", "newsdate": "发布时间：19-12-30", "newstime": "14:46", "sentiment": [{"positive_prob": 0.00460866, "confidence": 0.989759, "negative_prob": 0.995391, "sentiment": 0}]}, {"title": "华为重拳出击，任正非砸100亿建“中国芯”研发基地，占地2600亩", "content": "我们都知道，中国在科技领域一直处于被动的地位，因为国内科技起步较晚的原因，“中国芯”一直是人们迫切需要努力的方向，近年来虽然国内手机企业在世界已经取得了辉煌的成绩，但是我们却知道国内的小米、OPPO和VIVO有哪一个拥有自己的核心技术呢？近段时间，一条“小米低价误国”的消息登上了热搜榜，一部分认为小米把产品价格压得太低会影响国内有研发能力的企业。而大家普遍认为同样的配置手机价格便宜难道不好嘛？但是大家有没有想过，一个有研发能力的企业不仅大批的设备需要花钱购买，而且科研也是一大笔费用，小米一味的低价刺激消费，这些有研发能力的企业难道要赔钱与小米死磕到底吗？到时候只会造成两败俱伤，谁也不愿意看到这样的情况。在大家的眼里华为是国产品牌的象征，华为自研的麒麟芯片已经成功应用到了华为的高端手机上，而且运行起来可以同搭载骁龙处理器的手机一较高下，就连苹果在今年的发布会上也把华为手机当作对手，由此可见华为已经可以与苹果有一战之力了，很多人表示看到华为的崛起就看到了民族的希望。华为重拳出击，砸100亿建“中国芯”研发基地经历了多事之秋的一年，很多人会认为华为会像中兴一样一蹶不振，没想到华为又打出一记重拳，12月28日这个普通的日子里，任正非怒砸100亿元在上海青浦建立起一个“中国芯”研发基地，这样的消息令国人沸腾了，国产芯片将会再上一层楼。研发基地占地面积达到2600亩，分为研发中心、员工宿舍和休息会议室中心，将容纳3万名高级科研人员在此办公休息。2020年科技行业将会面临更多挑战，5G和物联网才是未来的主流，华为在上海设立“中国芯”研发基地的目的就是在未来的日子里，华为希望“中国芯”在5G和物联网时代踏入世界一流水平，将上海青浦研发中心打造成世界级研发中心，华为的野心可谓不小。华为为什么有这样的野心？在中国，一直有一句话烙印在中国尖端科技人员的心中：缺芯少魂。芯片和操作系统一直是中国的弱项，这些核心的技术全部掌握在国外科研公司的手中：芯片主要掌握在英特尔、AMD、骁龙和苹果公司手中，而系统主要集中在谷歌和苹果的手中，如果有一天国外企业不再为我们提供技术和软硬件支持，我们国内的这些手机组装厂还能继续生存下去吗？小米和华为小米和华为作为国内最大的两个手机厂商一直被人们放在一起做比较，有人指责华为手机溢价严重，以前没有钱买苹果，现在是没有钱来买华为，在国内4000元以上的手机中，华为占据了8成以上，价格直逼苹果，成为了国内定价最高的手机；而小米一直走性价比路线，即使是旗舰配置的手机小米也敢把价格控制在3000元以内这对于很多米粉来说，小米的价格实在是太香了！华为和小米算是国内手机厂商中的两个极端，有人为华为的不断创新和科研能力买单，有人愿意花更少的钱买性能强劲的小米，总而言之华为凭借着自己的实力赢得了一大批用户的喜爱，而小米也为经济不宽裕的用户带来的更多的选择，华为的科研能力我们有目共睹，小米为用户谋福我们也不是没有看到。中国不仅需要华为这种勇于创新的企业，也需要小米这种低价为用户谋福的企业，请大家辩证的看待问题，根本没有谁对谁错！大家买手机会选择华为还是小米呢？", "author": "手机电脑高手", "newsdate": "发布时间：19-12-30", "newstime": "16:45", "sentiment": [{"positive_prob": 0.624235, "confidence": 0.164968, "negative_prob": 0.375765, "sentiment": 2}]}]