[{"title": "还在争取时间？美方被曝将第三次延长华为临时许可", "content": "【文/观察者网 徐乾昂】今年5月美国将华为列入“实体清单”，本想借机重创这家中国企业，但却引发华为上游美国供应商、下游美国电信运营商的存活危机——美方已为此延期禁令2次。反观华为却依旧保持着业绩的高速增长。华为创始人兼CEO任正非似乎已经做好了“最坏打算”。本月初他在接受德媒采访时透漏，华为现在不需要美国，就已经可以解决供应问题。对于“撤不撤销实体清单”的问题，任正非认为美国现在可以“爱咋咋地”，“美方需要考虑美企的利益，不用考虑华为。”现如今二度延期后的“实体清单”还有2天就要生效，此时又有多家美媒援引消息人士称，美国打算第三次延长“华为临时许可证”。美国还在争取时间？美国对华为的“实体清单”将于美东时间11月18日生效，届时华为与美国上游供应商、下游客户的业务合作，将受到美国政府的监管、限制。而在11月14日至15日，先后有POLITICO新闻网、《纽约时报》和路透社援引消息人士曝料，白宫计划第三次推迟禁令生效期。就本轮延期时长，POLITICO新闻网的消息源透露为“六个月”。这也是迄今为止美国就禁令开出的“最长延期”。前两次（5月22日和8月19日）美国宣布延后施行“实体清单”时间均为90天。但路透社消息源称本轮延期只有“2周”。值得一提，美国联邦通信委员会（FCC）曾在上月计划禁止美国企业使用美国政府的补助采购华为设备。在时间点上，FCC就此事的投票将在下周展开。美国农村运营商是“华为禁令”下的受害者之一。在“实体清单”之前，美国政府曾向该国农村运营商发出警告，要求后者和华为终止合作，并承诺给出“7亿美元分手费”。而上述运营商在寻求华为竞争对手爱立信和诺基亚的报价后发现，华为设备价廉物美，光靠美国政府补贴无法完成基建和设备的更新。至今，美国政府还在和该国农村电信运营商讨论“如何度过过渡期”的事宜。美国商务部部长罗斯于15日接受福克斯新闻网采访时坦言，“很不幸，他们（农村电信运营商）非常依赖于华为的3G、4G设备。农村地区通讯领域已经有足够多的问题了，我们不能排挤他们。所以延期禁令的一个主要目的，就是让农村电信运营商们继续提供服务。”任正非：爱咋咋地从上游角度来看，华为在美国的供应商们日子也不好过。美光科技CEO桑杰梅赫罗特拉（Sanjay Mehrotra）在今年9月表示，由于“华为禁令”的不确定性，该公司销售状况可能会在未来几个季度内进一步下滑。同月美光科技发布四季报，营收当季同比暴跌42%，全年下滑23%。财报给出的理由中，就包括“受华为禁令影响”。博通在今年6月也录得大幅下调了年度收入预测，理由也包括“与华为业务往来的中断”。美光科技四季报截图相反，华为的业绩表现值得关注。11月11日，华为加拿大公关部门副总刘维告诉观察者网，目前华为在全球获得商业5G合同数又一次更新，达65个，领先同行水平。该公司上月公布截至2019年三季度财报，营收依旧保持高速发展，同比增幅达到24.4%。华盛顿智库ITIF总裁罗伯特阿特金森（Robert Atkinson）直言，“除非禁令能够成功'杀死'华为，否则其结果将会是降低美国在许多技术领域的全球市场份额，这将损害而不是帮助美国的技术竞争力。”《福布斯》则在11月15日撰文表示，尽管华为新款手机不能销往国外，但毫无疑问，华为的业绩表现非常好。华为创始人兼CEO任正非在11月6日接受德国媒体《日报（TAZ）》采访时称，“不依赖美国，我们现在已经可以解决供应的问题。美国把华为列入实体清单，华为照样存活……实体清单不会伤害到华为，但会伤害到美国企业。美国政府爱撤销就撤销，不爱撤销就不撤销，只需要考虑美国公司的利益，不需要帮我们考虑。”任正非透露，此前已经邀请美联社记者参观华为设备，允许他们对每块电路板都拍照，上面已经没有美国的芯片和零部件了。", "author": "观察者网", "newsdate": "发布时间：19-11-17", "newstime": "09:55", "sentiment": [{"positive_prob": 0.0105773, "confidence": 0.976495, "negative_prob": 0.989423, "sentiment": 0}]}]