[{"title": "5月买高端华为手机，这三款公认续航最强，使用一天基本没问题！", "content": "对于很多网友来说，一款具备超长续航能力的手机显得尤为重要，现在的网友随身都喜欢带着充电宝，特别是对于很多iPhone用户来说，手机既没有更快的充电效率也没有大续航的情况下，出门半天基本上也就没有什么电了，所以续航差成为了手机的巨大痛点，而如今华为手机在国内的热度很高，而华为手机公认是目前续航很给力的旗舰机之一，5月买高端华为手机，这三款公认续航最强，使用一天基本没问题！第一款、华为P30 pro华为P30 pro价格虽然贵了一点，不过这款手机的续航直接给你具备4200mah，拥有40瓦的超级快充，即便是电池续航用的很快的情况下，这款手机也可以间接通过超快的充电效率间接提升手机续航能力，4200毫安的大电池也成为了华为p30 pro的硬实力，从目前网友的反馈情况来看，这款P30 Pro重度使用一天下来基本上不成问题，也是一款续航很给力的手机。第二款、荣耀note10荣耀note10可不是一款简单的大屏手机，这款手机还拥有了5000毫安大电池，虽然6.95英寸的大屏续航能力有点捉急，不过凭借5000毫安大电池和22.5瓦的快充技术，荣耀note10基本山做到了一天用下来不需要充电了，配合了华为旗下的GPU turbo技术，这款荣耀note10不仅系统优化做的很好功耗控制的也相当不错，特别是拥有5000毫安大电池的情况下这款手机拿出去也很有安全感，一天下来基本上不成问题，而这款手机最大的特色是已经从此前的高价跌到了新低价，很多网友冲着低价也是感觉到性价比。第三款、华为Mate20 pro和华为P30 pro定位虽然有点冲突，不过华为Mate20 pro却更受到商务人士的喜爱，很多网友认为华为mate20 pro的曲面刘海屏配合浴霸三摄镜头的设计，在视觉感觉上比P30 pro更加冲击，而同样还支持到了40W超级快充和4200mah大电池，这款旗舰的续航能力也是有目共睹，唯一遗憾的是华为Mate20 pro的价格和P30 pro一样有点贵了，一般人还是很难接受的，这是为有钱人准备的高端旗舰对标iPhone了，不过从配置角度来看，整体来说华为mate20 pro也是一款续航很给力的旗舰华为手机，基本上一天下来也不成问题了。5月买华为手机，这三款公认续航最强，使用一天基本不成问题，你们认为还有哪些旗舰华为手机续航能力很出色呢？留言讨论吧！【声明：未经许可禁止转载到其他平台网站，推哥原创，图片源于网络，如有侵权请联系作者】", "author": "推哥说科技", "newsdate": "发布时间：19-05-01", "newstime": "23:42", "sentiment": [{"positive_prob": 0.999786, "confidence": 0.999524, "negative_prob": 0.000214267, "sentiment": 2}]}]