[{"title": "发布不足一年，为什么华为P30Pro“卖不动”了？三个原因很现实", "content": "凭借出色的资源整合能力还有创新黑科技积累，这两年华为在高端机市场取得的成绩相信大家是有目共睹，仅是小米学习的榜样，更是连苹果都不能够忽视的强敌。一直以来余承东都在寻求品牌进一步溢价的机会，试图以摄影为突破口，不过话说回来，发布不足一年，为什么华为P30Pro卖不动了？P系列作为华为高端机的重要组成部分，一直以来都扮演者国产旗舰风向标，P30Pro当然也不例外。它搭载麒麟980处理器和运行EMUI9.1系统，这样的组合应对日常应用是绰绰有余，王者荣耀、和平精英等主流游戏的帧率稳定性也不存在太多可挑剔的地方，4200毫安电池为长续航提供有力保障，40W有线快充还有延续无线充电功能都让它如虎添翼。另外，华为P30Pro率先用上索尼IMX600摄像头模组，4000万主摄+2000万超广角+800万长焦的徕卡认证镜头，在达芬奇独立NPU神经元的驱动和超级夜景算法的深度优化下，成片的速度和成像的质量都是大幅度领先对手，6.39英寸的水滴曲面屏与铝中框之间形成紧密贴合，满足防水的同时也兼顾手感。从参数层面来看，华为P30Pro的整体表现还是相当给力的，那么再回到文章开头的问题：为什么“吹上天”的华为P30Pro不火了？我们咨询了维修师傅，给出三个原因很现实。首先，今年三月份华为P30Pro正式发布，当时5388元的起步价吓退了不少消费者，即使经过多轮的调价之后，目前仍然需要4600元左右，这个价格对比小米CC9Pro、一加7T、魅族16T而言真的没有性价比可言，人气逐步流失也是意料之中。其次，目前华为官方正在大力宣传5G手机，Mate30系列5G版本也是持续热销，此消彼长的情况下，华为P30Pro不支持SA和NSA网络，它很难保障在未来一至两年时间内不会被淘汰，用户考虑到主力机的使用时间问题，后者不会成为首要对象。最后，华为与苹果打得火热，可是论品牌号召力的话，P30Pro根据没有真正的实力能够干赢iPhoneXR和iPhone11，只要库克愿意稍稍放低姿态，苹果手机还是非常“香”的，而华为P30Pro依靠“情怀”维持销量始终不是长久的办法，在竞品的蚕食下，它的地位开始塌了。由笔者的立场出发，目前华为在高端市场所取得的成绩值得我们肯定，而P30Pro也是功不可没，只是随着竞争进入白炽化阶段，它缺乏性价比、新元素和品牌号召力，慢慢卖不动也就不难理解了。", "author": "老实人日报", "newsdate": "发布时间：19-11-16", "newstime": "13:08", "sentiment": [{"positive_prob": 0.00791359, "confidence": 0.982414, "negative_prob": 0.992086, "sentiment": 0}]}]