[{"title": "华为手机什么情况下会激活TalkBack功能？怎样快速退出TalkBack？", "content": "很多用华为手机的用户会发现这样一个现象，不知不觉就会激发华为手机的TalkBack功能，这个功能启用后手机屏幕上会出现绿色的框框，还会自动播报屏幕项目。按照一般的操作方式点击不到，需要双指才可以点击。什么是TalkBack？TalkBack手机系统里给出的定义是：TalkBack是款主要适用于盲人和视力低弱的人士的屏幕阅读器，可让用户借助语音反馈功能与设备互动。简单的来说是盲人和视力不好的人使用的屏幕阅读器，点击到哪里就会有语音反馈。为什么会激活TalkBack？怎样快速退出？什么情况下会激活TalkBack呢？为什么没有进入设置还是开启了TalkBack？其实很简单，你同时按到了音量上和音量下键3秒左右就会激活这个功能，要快速退出TalkBack也只需要同时按住音量“+”和音量“-”三秒左右。也可以在【设置】——【智能辅助】——【无障碍】——【TalkBack】中关闭此功能。TalkBack有那些操作方式？如何使用？如果你需要使用此功能，或者有亲人朋友需要使用此功能，你可往下详细了解TalkBack的一些使用方法。浏览屏幕：双指上下滑动可以滚动屏幕，双指左右滑动可翻页或翻屏。单击选择焦点：使用单指单击项目，可以选中该项目，但不能打开。此时屏幕会朗读点击到的具体内容。单指双击激活：使用单指双击屏幕上的任意地方可以激活上次选中的项目。例如，若要开启设置应用程序，先单指单击设置图标，然后在屏幕任意位置双击。其他手势：单指右滑：在任意界面单指向右滑动，该手势可以按照线性顺序切换TalkBack的焦点。单指左滑：在任意界面单指向左滑动，该手势可以反向切换TalkBack的焦点。单指下滑：在任意界面单指向下滑动，该手势可以正序切换TalkBack的浏览模式。单指上滑：在任意界面单指向上滑动，该手势可以倒序切换TalkBack的浏览模式。单指向下再向右：在任意界面单指向下滑动一段距离后不要抬起手指，继续向右滑动，该手势可打开TalkBack的全局上下文菜单，通过这个菜单可以对TalkBack的一些功能进行快速访问。单指向上再向右：在任意界面单指向上滑动一段距离后不要抬起手指，继续向右滑动，该手势可打开TalkBack的本地上下文菜单，通过这个菜单可以对TalkBack的浏览方式进行调整。单指向下再向左：在任意界面单指向下滑动一段距离后不要抬起手指，继续向左滑动，该手势可执行返回操作，功能与点击底部返回键相同。", "author": "梦科技", "newsdate": "发布时间：19-03-30", "newstime": "20:29", "sentiment": [{"positive_prob": 0.0127969, "confidence": 0.971562, "negative_prob": 0.987203, "sentiment": 0}]}]